OFF
3970 7936 0
-1.6932052373886108 -2.3616454601287842 0.7058125138282776
-1.6841620206832886 -2.3384211063385010 0.7064340710639954
-1.6954380273818970 -2.3606472015380859 0.7058125138282776
-1.6908851861953735 -2.3624200820922852 0.7058125138282776
-1.6885006427764893 -2.3629634380340576 0.7058125138282776
-1.6860741376876831 -2.3632705211639404 0.7058125138282776
-1.6836291551589966 -2.3633382320404053 0.7058125138282776
-1.6811892986297607 -2.3631660938262939 0.7058125138282776
-1.6787780523300171 -2.3627555370330811 0.7058125138282776
-1.6764189004898071 -2.3621106147766113 0.7058125138282776
-1.6741341352462769 -2.3612375259399414 0.7058125138282776
-1.6719460487365723 -2.3601448535919189 0.7058125138282776
-1.6698756217956543 -2.3588428497314453 0.7058125138282776
-1.6679427623748779 -2.3573441505432129 0.7058125138282776
-1.6661660671234131 -2.3556635379791260 0.7058125138282776
-1.6645624637603760 -2.3538165092468262 0.7058125138282776
-1.6631479263305664 -2.3518211841583252 0.7058125138282776
-1.6619358062744141 -2.3496971130371094 0.7058125138282776
-1.6609375476837158 -2.3474643230438232 0.7058125138282776
-1.6601630449295044 -2.3451442718505859 0.7058125138282776
-1.6596194505691528 -2.3427596092224121 0.7058125138282776
-1.6593126058578491 -2.3403332233428955 0.7058125138282776
-1.6592448949813843 -2.3378882408142090 0.7058125138282776
-1.6594169139862061 -2.3354482650756836 0.7058125138282776
-1.6598273515701294 -2.3330373764038086 0.7058125138282776
-1.6604721546173096 -2.3306779861450195 0.7058125138282776
-1.6613452434539795 -2.3283934593200684 0.7058125138282776
-1.6624380350112915 -2.3262052536010742 0.7058125138282776
-1.6637399196624756 -2.3241345882415771 0.7058125138282776
-1.6652387380599976 -2.3222017288208008 0.7058125138282776
-1.6669195890426636 -2.3204250335693359 0.7058125138282776
-1.6687664985656738 -2.3188219070434570 0.7058125138282776
-1.6707614660263062 -2.3174068927764893 0.7058125138282776
-1.6728860139846802 -2.3161947727203369 0.7058125138282776
-1.6751185655593872 -2.3151965141296387 0.7058125138282776
-1.6774387359619141 -2.3144221305847168 0.7058125138282776
-1.6798233985900879 -2.3138787746429443 0.7058125138282776
-1.6822499036788940 -2.3135714530944824 0.7058125138282776
-1.6846946477890015 -2.3135039806365967 0.7058125138282776
-1.6871345043182373 -2.3136758804321289 0.7058125138282776
-1.6895455121994019 -2.3140864372253418 0.7058125138282776
-1.6919047832489014 -2.3147311210632324 0.7058125138282776
-1.6941896677017212 -2.3156042098999023 0.7058125138282776
-1.6963777542114258 -2.3166971206665039 0.7058125138282776
-1.6984483003616333 -2.3179988861083984 0.7058125138282776
-1.7003811597824097 -2.3194978237152100 0.7058125138282776
-1.7021577358245850 -2.3211786746978760 0.7058125138282776
-1.7037612199783325 -2.3230254650115967 0.7058125138282776
-1.7051759958267212 -2.3250210285186768 0.7058125138282776
-1.7063882350921631 -2.3271450996398926 0.7058125138282776
-1.7073864936828613 -2.3293778896331787 0.7058125138282776
-1.7081607580184937 -2.3316979408264160 0.7058125138282776
-1.7087043523788452 -2.3340823650360107 0.7058125138282776
-1.7090113162994385 -2.3365089893341064 0.7058125138282776
-1.7090791463851929 -2.3389537334442139 0.7058125138282776
-1.7089068889617920 -2.3413934707641602 0.7058125138282776
-1.7084963321685791 -2.3438045978546143 0.7058125138282776
-1.7078515291213989 -2.3461639881134033 0.7058125138282776
-1.7069784402847290 -2.3484487533569336 0.7058125138282776
-1.7058857679367065 -2.3506367206573486 0.7058125138282776
-1.7045838832855225 -2.3527073860168457 0.7058125138282776
-1.7030851840972900 -2.3546400070190430 0.7058125138282776
-1.7014043331146240 -2.3564169406890869 0.7058125138282776
-1.6995575428009033 -2.3580203056335449 0.7058125138282776
-1.6975620985031128 -2.3594348430633545 0.7058125138282776
-1.6954380273818970 -2.3606472015380859 -0.2929443418979645
-1.6841620206832886 -2.3384211063385010 -0.2935658991336823
-1.6932052373886108 -2.3616454601287842 -0.2929443418979645
-1.6908851861953735 -2.3624200820922852 -0.2929443418979645
-1.6885006427764893 -2.3629634380340576 -0.2929443418979645
-1.6860741376876831 -2.3632705211639404 -0.2929443418979645
-1.6836291551589966 -2.3633382320404053 -0.2929443418979645
-1.6811892986297607 -2.3631660938262939 -0.2929443418979645
-1.6787780523300171 -2.3627555370330811 -0.2929443418979645
-1.6764189004898071 -2.3621106147766113 -0.2929443418979645
-1.6741341352462769 -2.3612375259399414 -0.2929443418979645
-1.6719460487365723 -2.3601448535919189 -0.2929443418979645
-1.6698756217956543 -2.3588428497314453 -0.2929443418979645
-1.6679427623748779 -2.3573441505432129 -0.2929443418979645
-1.6661660671234131 -2.3556635379791260 -0.2929443418979645
-1.6645624637603760 -2.3538165092468262 -0.2929443418979645
-1.6631479263305664 -2.3518211841583252 -0.2929443418979645
-1.6619358062744141 -2.3496971130371094 -0.2929443418979645
-1.6609375476837158 -2.3474643230438232 -0.2929443418979645
-1.6601630449295044 -2.3451442718505859 -0.2929443418979645
-1.6596194505691528 -2.3427596092224121 -0.2929443418979645
-1.6593126058578491 -2.3403332233428955 -0.2929443418979645
-1.6592448949813843 -2.3378882408142090 -0.2929443418979645
-1.6594169139862061 -2.3354482650756836 -0.2929443418979645
-1.6598273515701294 -2.3330373764038086 -0.2929443418979645
-1.6604721546173096 -2.3306779861450195 -0.2929443418979645
-1.6613452434539795 -2.3283934593200684 -0.2929443418979645
-1.6624380350112915 -2.3262052536010742 -0.2929443418979645
-1.6637399196624756 -2.3241345882415771 -0.2929443418979645
-1.6652387380599976 -2.3222017288208008 -0.2929443418979645
-1.6669195890426636 -2.3204250335693359 -0.2929443418979645
-1.6687664985656738 -2.3188219070434570 -0.2929443418979645
-1.6707614660263062 -2.3174068927764893 -0.2929443418979645
-1.6728860139846802 -2.3161947727203369 -0.2929443418979645
-1.6751185655593872 -2.3151965141296387 -0.2929443418979645
-1.6774387359619141 -2.3144221305847168 -0.2929443418979645
-1.6798233985900879 -2.3138787746429443 -0.2929443418979645
-1.6822499036788940 -2.3135714530944824 -0.2929443418979645
-1.6846946477890015 -2.3135039806365967 -0.2929443418979645
-1.6871345043182373 -2.3136758804321289 -0.2929443418979645
-1.6895455121994019 -2.3140864372253418 -0.2929443418979645
-1.6919047832489014 -2.3147311210632324 -0.2929443418979645
-1.6941896677017212 -2.3156042098999023 -0.2929443418979645
-1.6963777542114258 -2.3166971206665039 -0.2929443418979645
-1.6984483003616333 -2.3179988861083984 -0.2929443418979645
-1.7003811597824097 -2.3194978237152100 -0.2929443418979645
-1.7021577358245850 -2.3211786746978760 -0.2929443418979645
-1.7037612199783325 -2.3230254650115967 -0.2929443418979645
-1.7051759958267212 -2.3250210285186768 -0.2929443418979645
-1.7063882350921631 -2.3271450996398926 -0.2929443418979645
-1.7073864936828613 -2.3293778896331787 -0.2929443418979645
-1.7081607580184937 -2.3316979408264160 -0.2929443418979645
-1.7087043523788452 -2.3340823650360107 -0.2929443418979645
-1.7090113162994385 -2.3365089893341064 -0.2929443418979645
-1.7090791463851929 -2.3389537334442139 -0.2929443418979645
-1.7089068889617920 -2.3413934707641602 -0.2929443418979645
-1.7084963321685791 -2.3438045978546143 -0.2929443418979645
-1.7078515291213989 -2.3461639881134033 -0.2929443418979645
-1.7069784402847290 -2.3484487533569336 -0.2929443418979645
-1.7058857679367065 -2.3506367206573486 -0.2929443418979645
-1.7045838832855225 -2.3527073860168457 -0.2929443418979645
-1.7030851840972900 -2.3546400070190430 -0.2929443418979645
-1.7014043331146240 -2.3564169406890869 -0.2929443418979645
-1.6995575428009033 -2.3580203056335449 -0.2929443418979645
-1.6975620985031128 -2.3594348430633545 -0.2929443418979645
-1.7066857814788818 -2.3828179836273193 0.7039495110511780
-1.7022258043289185 -2.3848123550415039 0.7039495110511780
-1.7178778648376465 -2.4048788547515869 0.7008495330810547
-1.7112015485763550 -2.4078633785247803 0.7008495330810547
-1.7289859056472778 -2.4267740249633789 0.6965203285217285
-1.7201101779937744 -2.4307422637939453 0.6965203285217285
-1.7399827241897583 -2.4484498500823975 0.6909727454185486
-1.7289292812347412 -2.4533915519714355 0.6909727454185486
-1.7508407831192017 -2.4698519706726074 0.6842204928398132
-1.7376372814178467 -2.4757547378540039 0.6842204928398132
-1.7615327835083008 -2.4909274578094482 0.6762803792953491
-1.7462120056152344 -2.4977767467498779 0.6762803792953491
-1.7720326185226440 -2.5116236209869385 0.6671721935272217
-1.7546328306198120 -2.5194025039672852 0.6671721935272217
-1.7823140621185303 -2.5318892002105713 0.6569185256958008
-1.7628780603408813 -2.5405781269073486 0.6569185256958008
-1.7923513650894165 -2.5516738891601562 0.6455448865890503
-1.7709279060363770 -2.5612514019012451 0.6455448865890503
-1.8021197319030762 -2.5709283351898193 0.6330795288085938
-1.7787619829177856 -2.5813705921173096 0.6330795288085938
-1.8115947246551514 -2.5896048545837402 0.6195534467697144
-1.7863606214523315 -2.6008858680725098 0.6195534467697144
-1.8207529783248901 -2.6076567173004150 0.6050003170967102
-1.7937054634094238 -2.6197481155395508 0.6050003170967102
-1.8295717239379883 -2.6250393390655518 0.5894563198089600
-1.8007779121398926 -2.6379115581512451 0.5894563198089600
-1.8380289077758789 -2.6417090892791748 0.5729600191116333
-1.8075604438781738 -2.6553301811218262 0.5729600191116333
-1.8461035490036011 -2.6576254367828369 0.5555524826049805
-1.8140361309051514 -2.6719608306884766 0.5555524826049805
-1.8537756204605103 -2.6727476119995117 0.5372770428657532
-1.8201892375946045 -2.6877627372741699 0.5372770428657532
-1.8610258102416992 -2.6870386600494385 0.5181789994239807
-1.8260036706924438 -2.7026956081390381 0.5181789994239807
-1.8678364753723145 -2.7004630565643311 0.4983059167861938
-1.8314656019210815 -2.7167229652404785 0.4983059167861938
-1.8741904497146606 -2.7129874229431152 0.4777072370052338
-1.8365614414215088 -2.7298099994659424 0.4777072370052338
-1.8800718784332275 -2.7245805263519287 0.4564341008663177
-1.8412783145904541 -2.7419235706329346 0.4564341008663177
-1.8854664564132690 -2.7352135181427002 0.4345394372940063
-1.8456044197082520 -2.7530343532562256 0.4345394372940063
-1.8903604745864868 -2.7448604106903076 0.4120776653289795
-1.8495296239852905 -2.7631144523620605 0.4120776653289795
-1.8947417736053467 -2.7534961700439453 0.3891046047210693
-1.8530433177947998 -2.7721378803253174 0.3891046047210693
-1.8985996246337891 -2.7611005306243896 0.3656774163246155
-1.8561371564865112 -2.7800838947296143 0.3656774163246155
-1.9019242525100708 -2.7676539421081543 0.3418543338775635
-1.8588036298751831 -2.7869315147399902 0.3418543338775635
-1.9047076702117920 -2.7731401920318604 0.3176945745944977
-1.8610358238220215 -2.7926640510559082 0.3176945745944977
-1.9069427251815796 -2.7775456905364990 0.2932581901550293
-1.8628281354904175 -2.7972671985626221 0.2932581901550293
-1.9086236953735352 -2.7808592319488525 0.2686059474945068
-1.8641762733459473 -2.8007297515869141 0.2686059474945068
-1.9097470045089722 -2.7830731868743896 0.2437991499900818
-1.8650768995285034 -2.8030428886413574 0.2437991499900818
-1.9103090763092041 -2.7841811180114746 0.2188994586467743
-1.8655279874801636 -2.8042011260986328 0.2188994586467743
-1.9103090763092041 -2.7841811180114746 0.1939687579870224
-1.8655279874801636 -2.8042011260986328 0.1939687579870224
-1.9097470045089722 -2.7830731868743896 0.1690690666437149
-1.8650768995285034 -2.8030428886413574 0.1690690666437149
-1.9086236953735352 -2.7808592319488525 0.1442622542381287
-1.8641762733459473 -2.8007297515869141 0.1442622542381287
-1.9069427251815796 -2.7775456905364990 0.1196100115776062
-1.8628281354904175 -2.7972671985626221 0.1196100115776062
-1.9047076702117920 -2.7731401920318604 0.0951736420392990
-1.8610358238220215 -2.7926640510559082 0.0951736420392990
-1.9019242525100708 -2.7676539421081543 0.0710138678550720
-1.8588036298751831 -2.7869315147399902 0.0710138678550720
-1.8985996246337891 -2.7611005306243896 0.0471907891333103
-1.8561371564865112 -2.7800838947296143 0.0471907891333103
-1.8947417736053467 -2.7534961700439453 0.0237635988742113
-1.8530433177947998 -2.7721378803253174 0.0237635988742113
-1.8903604745864868 -2.7448604106903076 0.0007905507227406
-1.8495296239852905 -2.7631144523620605 0.0007905507227406
-1.8854664564132690 -2.7352135181427002 -0.0216712336987257
-1.8456044197082520 -2.7530343532562256 -0.0216712336987257
-1.8800718784332275 -2.7245805263519287 -0.0435659028589725
-1.8412783145904541 -2.7419235706329346 -0.0435659028589725
-1.8741904497146606 -2.7129874229431152 -0.0648390352725983
-1.8365614414215088 -2.7298099994659424 -0.0648390352725983
-1.8678364753723145 -2.7004630565643311 -0.0854377374053001
-1.8314656019210815 -2.7167229652404785 -0.0854377374053001
-1.8610258102416992 -2.6870386600494385 -0.1053108051419258
-1.8260036706924438 -2.7026956081390381 -0.1053108051419258
-1.8537756204605103 -2.6727476119995117 -0.1244088262319565
-1.8201892375946045 -2.6877627372741699 -0.1244088262319565
-1.8461035490036011 -2.6576254367828369 -0.1426842957735062
-1.8140361309051514 -2.6719608306884766 -0.1426842957735062
-1.8380289077758789 -2.6417090892791748 -0.1600918322801590
-1.8075604438781738 -2.6553301811218262 -0.1600918322801590
-1.8295717239379883 -2.6250393390655518 -0.1765881180763245
-1.8007779121398926 -2.6379115581512451 -0.1765881180763245
-1.8207529783248901 -2.6076567173004150 -0.1921321451663971
-1.7937054634094238 -2.6197481155395508 -0.1921321451663971
-1.8115947246551514 -2.5896048545837402 -0.2066852599382401
-1.7863606214523315 -2.6008858680725098 -0.2066852599382401
-1.8021197319030762 -2.5709283351898193 -0.2202113270759583
-1.7787619829177856 -2.5813705921173096 -0.2202113270759583
-1.7923513650894165 -2.5516738891601562 -0.2326766997575760
-1.7709279060363770 -2.5612514019012451 -0.2326766997575760
-1.7823140621185303 -2.5318892002105713 -0.2440503239631653
-1.7628780603408813 -2.5405781269073486 -0.2440503239631653
-1.7720326185226440 -2.5116236209869385 -0.2543039917945862
-1.7546328306198120 -2.5194025039672852 -0.2543039917945862
-1.7615327835083008 -2.4909274578094482 -0.2634122073650360
-1.7462120056152344 -2.4977767467498779 -0.2634122073650360
-1.7508407831192017 -2.4698519706726074 -0.2713522911071777
-1.7376372814178467 -2.4757547378540039 -0.2713522911071777
-1.7399827241897583 -2.4484498500823975 -0.2781045436859131
-1.7289292812347412 -2.4533915519714355 -0.2781045436859131
-1.7289859056472778 -2.4267740249633789 -0.2836521267890930
-1.7201101779937744 -2.4307422637939453 -0.2836521267890930
-1.7178778648376465 -2.4048788547515869 -0.2879813313484192
-1.7112015485763550 -2.4078633785247803 -0.2879813313484192
-1.7066857814788818 -2.3828179836273193 -0.2910813093185425
-1.7022258043289185 -2.3848123550415039 -0.2910813093185425
-1.6975916624069214 -2.3863592147827148 0.7039495110511780
-1.7042647600173950 -2.4101793766021729 0.7008495330810547
-1.7108880281448364 -2.4338212013244629 0.6965203285217285
-1.7174445390701294 -2.4572257995605469 0.6909727454185486
-1.7239184379577637 -2.4803349971771240 0.6842204928398132
-1.7302937507629395 -2.5030913352966309 0.6762803792953491
-1.7365541458129883 -2.5254380702972412 0.6671721935272217
-1.7426844835281372 -2.5473203659057617 0.6569185256958008
-1.7486691474914551 -2.5686829090118408 0.6455448865890503
-1.7544932365417480 -2.5894730091094971 0.6330795288085938
-1.7601426839828491 -2.6096389293670654 0.6195534467697144
-1.7656031847000122 -2.6291308403015137 0.6050003170967102
-1.7708612680435181 -2.6478998661041260 0.5894563198089600
-1.7759037017822266 -2.6658995151519775 0.5729600191116333
-1.7807182073593140 -2.6830847263336182 0.5555524826049805
-1.7852925062179565 -2.6994132995605469 0.5372770428657532
-1.7896155118942261 -2.7148444652557373 0.5181789994239807
-1.7936763763427734 -2.7293395996093750 0.4983059167861938
-1.7974647283554077 -2.7428629398345947 0.4777072370052338
-1.8009716272354126 -2.7553806304931641 0.4564341008663177
-1.8041881322860718 -2.7668619155883789 0.4345394372940063
-1.8071060180664062 -2.7772779464721680 0.4120776653289795
-1.8097182512283325 -2.7866029739379883 0.3891046047210693
-1.8120185136795044 -2.7948133945465088 0.3656774163246155
-1.8140008449554443 -2.8018896579742432 0.3418543338775635
-1.8156604766845703 -2.8078131675720215 0.3176945745944977
-1.8169931173324585 -2.8125700950622559 0.2932581901550293
-1.8179954290390015 -2.8161482810974121 0.2686059474945068
-1.8186649084091187 -2.8185386657714844 0.2437991499900818
-1.8190001249313354 -2.8197350502014160 0.2188994586467743
-1.8190001249313354 -2.8197350502014160 0.1939687579870224
-1.8186649084091187 -2.8185386657714844 0.1690690666437149
-1.8179954290390015 -2.8161482810974121 0.1442622542381287
-1.8169931173324585 -2.8125700950622559 0.1196100115776062
-1.8156604766845703 -2.8078131675720215 0.0951736420392990
-1.8140008449554443 -2.8018896579742432 0.0710138678550720
-1.8120185136795044 -2.7948133945465088 0.0471907891333103
-1.8097182512283325 -2.7866029739379883 0.0237635988742113
-1.8071060180664062 -2.7772779464721680 0.0007905507227406
-1.8041881322860718 -2.7668619155883789 -0.0216712336987257
-1.8009716272354126 -2.7553806304931641 -0.0435659028589725
-1.7974647283554077 -2.7428629398345947 -0.0648390352725983
-1.7936763763427734 -2.7293395996093750 -0.0854377374053001
-1.7896155118942261 -2.7148444652557373 -0.1053108051419258
-1.7852925062179565 -2.6994132995605469 -0.1244088262319565
-1.7807182073593140 -2.6830847263336182 -0.1426842957735062
-1.7759037017822266 -2.6658995151519775 -0.1600918322801590
-1.7708612680435181 -2.6478998661041260 -0.1765881180763245
-1.7656031847000122 -2.6291308403015137 -0.1921321451663971
-1.7601426839828491 -2.6096389293670654 -0.2066852599382401
-1.7544932365417480 -2.5894730091094971 -0.2202113270759583
-1.7486691474914551 -2.5686829090118408 -0.2326766997575760
-1.7426844835281372 -2.5473203659057617 -0.2440503239631653
-1.7365541458129883 -2.5254380702972412 -0.2543039917945862
-1.7302937507629395 -2.5030913352966309 -0.2634122073650360
-1.7239184379577637 -2.4803349971771240 -0.2713522911071777
-1.7174445390701294 -2.4572257995605469 -0.2781045436859131
-1.7108880281448364 -2.4338212013244629 -0.2836521267890930
-1.7042647600173950 -2.4101793766021729 -0.2879813313484192
-1.6975916624069214 -2.3863592147827148 -0.2910813093185425
-1.6928282976150513 -2.3874447345733643 0.7039495110511780
-1.6971344947814941 -2.4118041992187500 0.7008495330810547
-1.7014083862304688 -2.4359815120697021 0.6965203285217285
-1.7056394815444946 -2.4599158763885498 0.6909727454185486
-1.7098171710968018 -2.4835486412048340 0.6842204928398132
-1.7139309644699097 -2.5068202018737793 0.6762803792953491
-1.7179709672927856 -2.5296730995178223 0.6671721935272217
-1.7219268083572388 -2.5520505905151367 0.6569185256958008
-1.7257888317108154 -2.5738971233367920 0.6455448865890503
-1.7295471429824829 -2.5951578617095947 0.6330795288085938
-1.7331926822662354 -2.6157805919647217 0.6195534467697144
-1.7367163896560669 -2.6357138156890869 0.6050003170967102
-1.7401094436645508 -2.6549077033996582 0.5894563198089600
-1.7433636188507080 -2.6733150482177734 0.5729600191116333
-1.7464702129364014 -2.6908893585205078 0.5555524826049805
-1.7494221925735474 -2.7075879573822021 0.5372770428657532
-1.7522118091583252 -2.7233681678771973 0.5181789994239807
-1.7548322677612305 -2.7381916046142578 0.4983059167861938
-1.7572770118713379 -2.7520210742950439 0.4777072370052338
-1.7595399618148804 -2.7648224830627441 0.4564341008663177
-1.7616156339645386 -2.7765636444091797 0.4345394372940063
-1.7634984254837036 -2.7872154712677002 0.4120776653289795
-1.7651842832565308 -2.7967517375946045 0.3891046047210693
-1.7666686773300171 -2.8051483631134033 0.3656774163246155
-1.7679479122161865 -2.8123843669891357 0.3418543338775635
-1.7690186500549316 -2.8184423446655273 0.3176945745944977
-1.7698787450790405 -2.8233067989349365 0.2932581901550293
-1.7705254554748535 -2.8269658088684082 0.2686059474945068
-1.7709577083587646 -2.8294100761413574 0.2437991499900818
-1.7711739540100098 -2.8306338787078857 0.2188994586467743
-1.7711739540100098 -2.8306338787078857 0.1939687579870224
-1.7709577083587646 -2.8294100761413574 0.1690690666437149
-1.7705254554748535 -2.8269658088684082 0.1442622542381287
-1.7698787450790405 -2.8233067989349365 0.1196100115776062
-1.7690186500549316 -2.8184423446655273 0.0951736420392990
-1.7679479122161865 -2.8123843669891357 0.0710138678550720
-1.7666686773300171 -2.8051483631134033 0.0471907891333103
-1.7651842832565308 -2.7967517375946045 0.0237635988742113
-1.7634984254837036 -2.7872154712677002 0.0007905507227406
-1.7616156339645386 -2.7765636444091797 -0.0216712336987257
-1.7595399618148804 -2.7648224830627441 -0.0435659028589725
-1.7572770118713379 -2.7520210742950439 -0.0648390352725983
-1.7548322677612305 -2.7381916046142578 -0.0854377374053001
-1.7522118091583252 -2.7233681678771973 -0.1053108051419258
-1.7494221925735474 -2.7075879573822021 -0.1244088262319565
-1.7464702129364014 -2.6908893585205078 -0.1426842957735062
-1.7433636188507080 -2.6733150482177734 -0.1600918322801590
-1.7401094436645508 -2.6549077033996582 -0.1765881180763245
-1.7367163896560669 -2.6357138156890869 -0.1921321451663971
-1.7331926822662354 -2.6157805919647217 -0.2066852599382401
-1.7295471429824829 -2.5951578617095947 -0.2202113270759583
-1.7257888317108154 -2.5738971233367920 -0.2326766997575760
-1.7219268083572388 -2.5520505905151367 -0.2440503239631653
-1.7179709672927856 -2.5296730995178223 -0.2543039917945862
-1.7139309644699097 -2.5068202018737793 -0.2634122073650360
-1.7098171710968018 -2.4835486412048340 -0.2713522911071777
-1.7056394815444946 -2.4599158763885498 -0.2781045436859131
-1.7014083862304688 -2.4359815120697021 -0.2836521267890930
-1.6971344947814941 -2.4118041992187500 -0.2879813313484192
-1.6928282976150513 -2.3874447345733643 -0.2910813093185425
-1.6879813671112061 -2.3880581855773926 0.7039495110511780
-1.6898791790008545 -2.4127225875854492 0.7008495330810547
-1.6917628049850464 -2.4372019767761230 0.6965203285217285
-1.6936274766921997 -2.4614360332489014 0.6909727454185486
-1.6954684257507324 -2.4853639602661133 0.6842204928398132
-1.6972815990447998 -2.5089271068572998 0.6762803792953491
-1.6990621089935303 -2.5320658683776855 0.6671721935272217
-1.7008054256439209 -2.5547235012054443 0.6569185256958008
-1.7025077342987061 -2.5768432617187500 0.6455448865890503
-1.7041639089584351 -2.5983700752258301 0.6330795288085938
-1.7057706117630005 -2.6192507743835449 0.6195534467697144
-1.7073236703872681 -2.6394333839416504 0.6050003170967102
-1.7088190317153931 -2.6588675975799561 0.5894563198089600
-1.7102530002593994 -2.6775047779083252 0.5729600191116333
-1.7116221189498901 -2.6952996253967285 0.5555524826049805
-1.7129231691360474 -2.7122066020965576 0.5372770428657532
-1.7141525745391846 -2.7281844615936279 0.5181789994239807
-1.7153074741363525 -2.7431936264038086 0.4983059167861938
-1.7163850069046021 -2.7571961879730225 0.4777072370052338
-1.7173821926116943 -2.7701575756072998 0.4564341008663177
-1.7182970046997070 -2.7820453643798828 0.4345394372940063
-1.7191270589828491 -2.7928307056427002 0.4120776653289795
-1.7198699712753296 -2.8024861812591553 0.3891046047210693
-1.7205241918563843 -2.8109879493713379 0.3656774163246155
-1.7210879325866699 -2.8183145523071289 0.3418543338775635
-1.7215597629547119 -2.8244483470916748 0.3176945745944977
-1.7219388484954834 -2.8293738365173340 0.2932581901550293
-1.7222237586975098 -2.8330783843994141 0.2686059474945068
-1.7224144935607910 -2.8355531692504883 0.2437991499900818
-1.7225097417831421 -2.8367924690246582 0.2188994586467743
-1.7225097417831421 -2.8367924690246582 0.1939687579870224
-1.7224144935607910 -2.8355531692504883 0.1690690666437149
-1.7222237586975098 -2.8330783843994141 0.1442622542381287
-1.7219388484954834 -2.8293738365173340 0.1196100115776062
-1.7215597629547119 -2.8244483470916748 0.0951736420392990
-1.7210879325866699 -2.8183145523071289 0.0710138678550720
-1.7205241918563843 -2.8109879493713379 0.0471907891333103
-1.7198699712753296 -2.8024861812591553 0.0237635988742113
-1.7191270589828491 -2.7928307056427002 0.0007905507227406
-1.7182970046997070 -2.7820453643798828 -0.0216712336987257
-1.7173821926116943 -2.7701575756072998 -0.0435659028589725
-1.7163850069046021 -2.7571961879730225 -0.0648390352725983
-1.7153074741363525 -2.7431936264038086 -0.0854377374053001
-1.7141525745391846 -2.7281844615936279 -0.1053108051419258
-1.7129231691360474 -2.7122066020965576 -0.1244088262319565
-1.7116221189498901 -2.6952996253967285 -0.1426842957735062
-1.7102530002593994 -2.6775047779083252 -0.1600918322801590
-1.7088190317153931 -2.6588675975799561 -0.1765881180763245
-1.7073236703872681 -2.6394333839416504 -0.1921321451663971
-1.7057706117630005 -2.6192507743835449 -0.2066852599382401
-1.7041639089584351 -2.5983700752258301 -0.2202113270759583
-1.7025077342987061 -2.5768432617187500 -0.2326766997575760
-1.7008054256439209 -2.5547235012054443 -0.2440503239631653
-1.6990621089935303 -2.5320658683776855 -0.2543039917945862
-1.6972815990447998 -2.5089271068572998 -0.2634122073650360
-1.6954684257507324 -2.4853639602661133 -0.2713522911071777
-1.6936274766921997 -2.4614360332489014 -0.2781045436859131
-1.6917628049850464 -2.4372019767761230 -0.2836521267890930
-1.6898791790008545 -2.4127225875854492 -0.2879813313484192
-1.6879813671112061 -2.3880581855773926 -0.2910813093185425
-1.6830977201461792 -2.3881936073303223 0.7039495110511780
-1.6825687885284424 -2.4129252433776855 0.7008495330810547
-1.6820439100265503 -2.4374713897705078 0.6965203285217285
-1.6815243959426880 -2.4617717266082764 0.6909727454185486
-1.6810111999511719 -2.4857652187347412 0.6842204928398132
-1.6805059909820557 -2.5093920230865479 0.6762803792953491
-1.6800098419189453 -2.5325939655303955 0.6671721935272217
-1.6795240640640259 -2.5553133487701416 0.6569185256958008
-1.6790497303009033 -2.5774931907653809 0.6455448865890503
-1.6785881519317627 -2.5990788936614990 0.6330795288085938
-1.6781405210494995 -2.6200168132781982 0.6195534467697144
-1.6777076721191406 -2.6402542591094971 0.6050003170967102
-1.6772910356521606 -2.6597414016723633 0.5894563198089600
-1.6768913269042969 -2.6784296035766602 0.5729600191116333
-1.6765098571777344 -2.6962726116180420 0.5555524826049805
-1.6761472225189209 -2.7132260799407959 0.5372770428657532
-1.6758046150207520 -2.7292473316192627 0.5181789994239807
-1.6754831075668335 -2.7442975044250488 0.4983059167861938
-1.6751825809478760 -2.7583377361297607 0.4777072370052338
-1.6749047040939331 -2.7713346481323242 0.4564341008663177
-1.6746500730514526 -2.7832553386688232 0.4345394372940063
-1.6744184494018555 -2.7940695285797119 0.4120776653289795
-1.6742117404937744 -2.8037514686584473 0.3891046047210693
-1.6740293502807617 -2.8122763633728027 0.3656774163246155
-1.6738722324371338 -2.8196232318878174 0.3418543338775635
-1.6737406253814697 -2.8257734775543213 0.3176945745944977
-1.6736351251602173 -2.8307123184204102 0.2932581901550293
-1.6735554933547974 -2.8344271183013916 0.2686059474945068
-1.6735026836395264 -2.8369088172912598 0.2437991499900818
-1.6734759807586670 -2.8381512165069580 0.2188994586467743
-1.6734759807586670 -2.8381512165069580 0.1939687579870224
-1.6735026836395264 -2.8369088172912598 0.1690690666437149
-1.6735554933547974 -2.8344271183013916 0.1442622542381287
-1.6736351251602173 -2.8307123184204102 0.1196100115776062
-1.6737406253814697 -2.8257734775543213 0.0951736420392990
-1.6738722324371338 -2.8196232318878174 0.0710138678550720
-1.6740293502807617 -2.8122763633728027 0.0471907891333103
-1.6742117404937744 -2.8037514686584473 0.0237635988742113
-1.6744184494018555 -2.7940695285797119 0.0007905507227406
-1.6746500730514526 -2.7832553386688232 -0.0216712336987257
-1.6749047040939331 -2.7713346481323242 -0.0435659028589725
-1.6751825809478760 -2.7583377361297607 -0.0648390352725983
-1.6754831075668335 -2.7442975044250488 -0.0854377374053001
-1.6758046150207520 -2.7292473316192627 -0.1053108051419258
-1.6761472225189209 -2.7132260799407959 -0.1244088262319565
-1.6765098571777344 -2.6962726116180420 -0.1426842957735062
-1.6768913269042969 -2.6784296035766602 -0.1600918322801590
-1.6772910356521606 -2.6597414016723633 -0.1765881180763245
-1.6777076721191406 -2.6402542591094971 -0.1921321451663971
-1.6781405210494995 -2.6200168132781982 -0.2066852599382401
-1.6785881519317627 -2.5990788936614990 -0.2202113270759583
-1.6790497303009033 -2.5774931907653809 -0.2326766997575760
-1.6795240640640259 -2.5553133487701416 -0.2440503239631653
-1.6800098419189453 -2.5325939655303955 -0.2543039917945862
-1.6805059909820557 -2.5093920230865479 -0.2634122073650360
-1.6810111999511719 -2.4857652187347412 -0.2713522911071777
-1.6815243959426880 -2.4617717266082764 -0.2781045436859131
-1.6820439100265503 -2.4374713897705078 -0.2836521267890930
-1.6825687885284424 -2.4129252433776855 -0.2879813313484192
-1.6830977201461792 -2.3881936073303223 -0.2910813093185425
-1.6782242059707642 -2.3878495693206787 0.7039495110511780
-1.6752737760543823 -2.4124102592468262 0.7008495330810547
-1.6723455190658569 -2.4367868900299072 0.6965203285217285
-1.6694463491439819 -2.4609191417694092 0.6909727454185486
-1.6665841341018677 -2.4847466945648193 0.6842204928398132
-1.6637655496597290 -2.5082104206085205 0.6762803792953491
-1.6609975099563599 -2.5312521457672119 0.6671721935272217
-1.6582871675491333 -2.5538141727447510 0.6569185256958008
-1.6556410789489746 -2.5758409500122070 0.6455448865890503
-1.6530659198760986 -2.5972776412963867 0.6330795288085938
-1.6505682468414307 -2.6180703639984131 0.6195534467697144
-1.6481539011001587 -2.6381680965423584 0.6050003170967102
-1.6458293199539185 -2.6575207710266113 0.5894563198089600
-1.6435996294021606 -2.6760797500610352 0.5729600191116333
-1.6414711475372314 -2.6937994956970215 0.5555524826049805
-1.6394486427307129 -2.7106354236602783 0.5372770428657532
-1.6375372409820557 -2.7265462875366211 0.5181789994239807
-1.6357419490814209 -2.7414920330047607 0.4983059167861938
-1.6340668201446533 -2.7554357051849365 0.4777072370052338
-1.6325166225433350 -2.7683427333831787 0.4564341008663177
-1.6310943365097046 -2.7801809310913086 0.4345394372940063
-1.6298040151596069 -2.7909204959869385 0.4120776653289795
-1.6286491155624390 -2.8005354404449463 0.3891046047210693
-1.6276320219039917 -2.8090012073516846 0.3656774163246155
-1.6267554759979248 -2.8162972927093506 0.3418543338775635
-1.6260218620300293 -2.8224050998687744 0.3176945745944977
-1.6254328489303589 -2.8273100852966309 0.2932581901550293
-1.6249898672103882 -2.8309993743896484 0.2686059474945068
-1.6246936321258545 -2.8334639072418213 0.2437991499900818
-1.6245453357696533 -2.8346977233886719 0.2188994586467743
-1.6245453357696533 -2.8346977233886719 0.1939687579870224
-1.6246936321258545 -2.8334639072418213 0.1690690666437149
-1.6249898672103882 -2.8309993743896484 0.1442622542381287
-1.6254328489303589 -2.8273100852966309 0.1196100115776062
-1.6260218620300293 -2.8224050998687744 0.0951736420392990
-1.6267554759979248 -2.8162972927093506 0.0710138678550720
-1.6276320219039917 -2.8090012073516846 0.0471907891333103
-1.6286491155624390 -2.8005354404449463 0.0237635988742113
-1.6298040151596069 -2.7909204959869385 0.0007905507227406
-1.6310943365097046 -2.7801809310913086 -0.0216712336987257
-1.6325166225433350 -2.7683427333831787 -0.0435659028589725
-1.6340668201446533 -2.7554357051849365 -0.0648390352725983
-1.6357419490814209 -2.7414920330047607 -0.0854377374053001
-1.6375372409820557 -2.7265462875366211 -0.1053108051419258
-1.6394486427307129 -2.7106354236602783 -0.1244088262319565
-1.6414711475372314 -2.6937994956970215 -0.1426842957735062
-1.6435996294021606 -2.6760797500610352 -0.1600918322801590
-1.6458293199539185 -2.6575207710266113 -0.1765881180763245
-1.6481539011001587 -2.6381680965423584 -0.1921321451663971
-1.6505682468414307 -2.6180703639984131 -0.2066852599382401
-1.6530659198760986 -2.5972776412963867 -0.2202113270759583
-1.6556410789489746 -2.5758409500122070 -0.2326766997575760
-1.6582871675491333 -2.5538141727447510 -0.2440503239631653
-1.6609975099563599 -2.5312521457672119 -0.2543039917945862
-1.6637655496597290 -2.5082104206085205 -0.2634122073650360
-1.6665841341018677 -2.4847466945648193 -0.2713522911071777
-1.6694463491439819 -2.4609191417694092 -0.2781045436859131
-1.6723455190658569 -2.4367868900299072 -0.2836521267890930
-1.6752737760543823 -2.4124102592468262 -0.2879813313484192
-1.6782242059707642 -2.3878495693206787 -0.2910813093185425
-1.6734077930450439 -2.3870296478271484 0.7039495110511780
-1.6680643558502197 -2.4111828804016113 0.7008495330810547
-1.6627606153488159 -2.4351551532745361 0.6965203285217285
-1.6575105190277100 -2.4588868618011475 0.6909727454185486
-1.6523263454437256 -2.4823188781738281 0.6842204928398132
-1.6472213268280029 -2.5053935050964355 0.6762803792953491
-1.6422083377838135 -2.5280530452728271 0.6671721935272217
-1.6372995376586914 -2.5502407550811768 0.6569185256958008
-1.6325072050094604 -2.5719022750854492 0.6455448865890503
-1.6278434991836548 -2.5929832458496094 0.6330795288085938
-1.6233195066452026 -2.6134312152862549 0.6195534467697144
-1.6189470291137695 -2.6331954002380371 0.6050003170967102
-1.6147365570068359 -2.6522269248962402 0.5894563198089600
-1.6106988191604614 -2.6704781055450439 0.5729600191116333
-1.6068434715270996 -2.6879038810729980 0.5555524826049805
-1.6031804084777832 -2.7044606208801270 0.5372770428657532
-1.5997188091278076 -2.7201073169708252 0.5181789994239807
-1.5964672565460205 -2.7348051071166992 0.4983059167861938
-1.5934333801269531 -2.7485175132751465 0.4777072370052338
-1.5906254053115845 -2.7612106800079346 0.4564341008663177
-1.5880497694015503 -2.7728521823883057 0.4345394372940063
-1.5857132673263550 -2.7834136486053467 0.4120776653289795
-1.5836211442947388 -2.7928690910339355 0.3891046047210693
-1.5817794799804688 -2.8011946678161621 0.3656774163246155
-1.5801919698715210 -2.8083696365356445 0.3418543338775635
-1.5788631439208984 -2.8143761157989502 0.3176945745944977
-1.5777959823608398 -2.8191995620727539 0.2932581901550293
-1.5769935846328735 -2.8228275775909424 0.2686059474945068
-1.5764573812484741 -2.8252511024475098 0.2437991499900818
-1.5761889219284058 -2.8264644145965576 0.2188994586467743
-1.5761889219284058 -2.8264644145965576 0.1939687579870224
-1.5764573812484741 -2.8252511024475098 0.1690690666437149
-1.5769935846328735 -2.8228275775909424 0.1442622542381287
-1.5777959823608398 -2.8191995620727539 0.1196100115776062
-1.5788631439208984 -2.8143761157989502 0.0951736420392990
-1.5801919698715210 -2.8083696365356445 0.0710138678550720
-1.5817794799804688 -2.8011946678161621 0.0471907891333103
-1.5836211442947388 -2.7928690910339355 0.0237635988742113
-1.5857132673263550 -2.7834136486053467 0.0007905507227406
-1.5880497694015503 -2.7728521823883057 -0.0216712336987257
-1.5906254053115845 -2.7612106800079346 -0.0435659028589725
-1.5934333801269531 -2.7485175132751465 -0.0648390352725983
-1.5964672565460205 -2.7348051071166992 -0.0854377374053001
-1.5997188091278076 -2.7201073169708252 -0.1053108051419258
-1.6031804084777832 -2.7044606208801270 -0.1244088262319565
-1.6068434715270996 -2.6879038810729980 -0.1426842957735062
-1.6106988191604614 -2.6704781055450439 -0.1600918322801590
-1.6147365570068359 -2.6522269248962402 -0.1765881180763245
-1.6189470291137695 -2.6331954002380371 -0.1921321451663971
-1.6233195066452026 -2.6134312152862549 -0.2066852599382401
-1.6278434991836548 -2.5929832458496094 -0.2202113270759583
-1.6325072050094604 -2.5719022750854492 -0.2326766997575760
-1.6372995376586914 -2.5502407550811768 -0.2440503239631653
-1.6422083377838135 -2.5280530452728271 -0.2543039917945862
-1.6472213268280029 -2.5053935050964355 -0.2634122073650360
-1.6523263454437256 -2.4823188781738281 -0.2713522911071777
-1.6575105190277100 -2.4588868618011475 -0.2781045436859131
-1.6627606153488159 -2.4351551532745361 -0.2836521267890930
-1.6680643558502197 -2.4111828804016113 -0.2879813313484192
-1.6734077930450439 -2.3870296478271484 -0.2910813093185425
-1.6686953306198120 -2.3857414722442627 0.7039495110511780
-1.6610099077224731 -2.4092545509338379 0.7008495330810547
-1.6533823013305664 -2.4325914382934570 0.6965203285217285
-1.6458311080932617 -2.4556944370269775 0.6909727454185486
-1.6383752822875977 -2.4785056114196777 0.6842204928398132
-1.6310333013534546 -2.5009686946868896 0.6762803792953491
-1.6238231658935547 -2.5230276584625244 0.6671721935272217
-1.6167633533477783 -2.5446276664733887 0.6569185256958008
-1.6098709106445312 -2.5657148361206055 0.6455448865890503
-1.6031631231307983 -2.5862371921539307 0.6330795288085938
-1.5966567993164062 -2.6061434745788574 0.6195534467697144
-1.5903682708740234 -2.6253838539123535 0.6050003170967102
-1.5843125581741333 -2.6439108848571777 0.5894563198089600
-1.5785051584243774 -2.6616785526275635 0.5729600191116333
-1.5729606151580811 -2.6786422729492188 0.5555524826049805
-1.5676923990249634 -2.6947605609893799 0.5372770428657532
-1.5627137422561646 -2.7099926471710205 0.5181789994239807
-1.5580370426177979 -2.7243008613586426 0.4983059167861938
-1.5536738634109497 -2.7376499176025391 0.4777072370052338
-1.5496351718902588 -2.7500064373016357 0.4564341008663177
-1.5459307432174683 -2.7613396644592285 0.4345394372940063
-1.5425702333450317 -2.7716214656829834 0.4120776653289795
-1.5395618677139282 -2.7808260917663574 0.3891046047210693
-1.5369125604629517 -2.7889308929443359 0.3656774163246155
-1.5346295833587646 -2.7959156036376953 0.3418543338775635
-1.5327186584472656 -2.8017632961273193 0.3176945745944977
-1.5311838388442993 -2.8064587116241455 0.2932581901550293
-1.5300294160842896 -2.8099906444549561 0.2686059474945068
-1.5292580127716064 -2.8123497962951660 0.2437991499900818
-1.5288721323013306 -2.8135313987731934 0.2188994586467743
-1.5288721323013306 -2.8135313987731934 0.1939687579870224
-1.5292580127716064 -2.8123497962951660 0.1690690666437149
-1.5300294160842896 -2.8099906444549561 0.1442622542381287
-1.5311838388442993 -2.8064587116241455 0.1196100115776062
-1.5327186584472656 -2.8017632961273193 0.0951736420392990
-1.5346295833587646 -2.7959156036376953 0.0710138678550720
-1.5369125604629517 -2.7889308929443359 0.0471907891333103
-1.5395618677139282 -2.7808260917663574 0.0237635988742113
-1.5425702333450317 -2.7716214656829834 0.0007905507227406
-1.5459307432174683 -2.7613396644592285 -0.0216712336987257
-1.5496351718902588 -2.7500064373016357 -0.0435659028589725
-1.5536738634109497 -2.7376499176025391 -0.0648390352725983
-1.5580370426177979 -2.7243008613586426 -0.0854377374053001
-1.5627137422561646 -2.7099926471710205 -0.1053108051419258
-1.5676923990249634 -2.6947605609893799 -0.1244088262319565
-1.5729606151580811 -2.6786422729492188 -0.1426842957735062
-1.5785051584243774 -2.6616785526275635 -0.1600918322801590
-1.5843125581741333 -2.6439108848571777 -0.1765881180763245
-1.5903682708740234 -2.6253838539123535 -0.1921321451663971
-1.5966567993164062 -2.6061434745788574 -0.2066852599382401
-1.6031631231307983 -2.5862371921539307 -0.2202113270759583
-1.6098709106445312 -2.5657148361206055 -0.2326766997575760
-1.6167633533477783 -2.5446276664733887 -0.2440503239631653
-1.6238231658935547 -2.5230276584625244 -0.2543039917945862
-1.6310333013534546 -2.5009686946868896 -0.2634122073650360
-1.6383752822875977 -2.4785056114196777 -0.2713522911071777
-1.6458311080932617 -2.4556944370269775 -0.2781045436859131
-1.6533823013305664 -2.4325914382934570 -0.2836521267890930
-1.6610099077224731 -2.4092545509338379 -0.2879813313484192
-1.6686953306198120 -2.3857414722442627 -0.2910813093185425
-1.6641315221786499 -2.3839974403381348 0.7039495110511780
-1.6541785001754761 -2.4066441059112549 0.7008495330810547
-1.6443002223968506 -2.4291210174560547 0.6965203285217285
-1.6345210075378418 -2.4513726234436035 0.6909727454185486
-1.6248649358749390 -2.4733433723449707 0.6842204928398132
-1.6153564453125000 -2.4949784278869629 0.6762803792953491
-1.6060191392898560 -2.5162246227264404 0.6671721935272217
-1.5968759059906006 -2.5370283126831055 0.6569185256958008
-1.5879499912261963 -2.5573387145996094 0.6455448865890503
-1.5792629718780518 -2.5771045684814453 0.6330795288085938
-1.5708369016647339 -2.5962772369384766 0.6195534467697144
-1.5626924037933350 -2.6148085594177246 0.6050003170967102
-1.5548501014709473 -2.6326527595520020 0.5894563198089600
-1.5473291873931885 -2.6497659683227539 0.5729600191116333
-1.5401484966278076 -2.6661043167114258 0.5555524826049805
-1.5333259105682373 -2.6816284656524658 0.5372770428657532
-1.5268781185150146 -2.6962993144989014 0.5181789994239807
-1.5208216905593872 -2.7100806236267090 0.4983059167861938
-1.5151708126068115 -2.7229375839233398 0.4777072370052338
-1.5099405050277710 -2.7348387241363525 0.4564341008663177
-1.5051431655883789 -2.7457540035247803 0.4345394372940063
-1.5007910728454590 -2.7556567192077637 0.4120776653289795
-1.4968948364257812 -2.7645225524902344 0.3891046047210693
-1.4934641122817993 -2.7723286151885986 0.3656774163246155
-1.4905074834823608 -2.7790560722351074 0.3418543338775635
-1.4880322217941284 -2.7846882343292236 0.3176945745944977
-1.4860446453094482 -2.7892103195190430 0.2932581901550293
-1.4845496416091919 -2.7926120758056641 0.2686059474945068
-1.4835510253906250 -2.7948846817016602 0.2437991499900818
-1.4830509424209595 -2.7960221767425537 0.2188994586467743
-1.4830509424209595 -2.7960221767425537 0.1939687579870224
-1.4835510253906250 -2.7948846817016602 0.1690690666437149
-1.4845496416091919 -2.7926120758056641 0.1442622542381287
-1.4860446453094482 -2.7892103195190430 0.1196100115776062
-1.4880322217941284 -2.7846882343292236 0.0951736420392990
-1.4905074834823608 -2.7790560722351074 0.0710138678550720
-1.4934641122817993 -2.7723286151885986 0.0471907891333103
-1.4968948364257812 -2.7645225524902344 0.0237635988742113
-1.5007910728454590 -2.7556567192077637 0.0007905507227406
-1.5051431655883789 -2.7457540035247803 -0.0216712336987257
-1.5099405050277710 -2.7348387241363525 -0.0435659028589725
-1.5151708126068115 -2.7229375839233398 -0.0648390352725983
-1.5208216905593872 -2.7100806236267090 -0.0854377374053001
-1.5268781185150146 -2.6962993144989014 -0.1053108051419258
-1.5333259105682373 -2.6816284656524658 -0.1244088262319565
-1.5401484966278076 -2.6661043167114258 -0.1426842957735062
-1.5473291873931885 -2.6497659683227539 -0.1600918322801590
-1.5548501014709473 -2.6326527595520020 -0.1765881180763245
-1.5626924037933350 -2.6148085594177246 -0.1921321451663971
-1.5708369016647339 -2.5962772369384766 -0.2066852599382401
-1.5792629718780518 -2.5771045684814453 -0.2202113270759583
-1.5879499912261963 -2.5573387145996094 -0.2326766997575760
-1.5968759059906006 -2.5370283126831055 -0.2440503239631653
-1.6060191392898560 -2.5162246227264404 -0.2543039917945862
-1.6153564453125000 -2.4949784278869629 -0.2634122073650360
-1.6248649358749390 -2.4733433723449707 -0.2713522911071777
-1.6345210075378418 -2.4513726234436035 -0.2781045436859131
-1.6443002223968506 -2.4291210174560547 -0.2836521267890930
-1.6541785001754761 -2.4066441059112549 -0.2879813313484192
-1.6641315221786499 -2.3839974403381348 -0.2910813093185425
-1.6597605943679810 -2.3818147182464600 0.7039495110511780
-1.6476360559463501 -2.4033768177032471 0.7008495330810547
-1.6356018781661987 -2.4247772693634033 0.6965203285217285
-1.6236886978149414 -2.4459629058837891 0.6909727454185486
-1.6119258403778076 -2.4668815135955811 0.6842204928398132
-1.6003425121307373 -2.4874804019927979 0.6762803792953491
-1.5889675617218018 -2.5077087879180908 0.6671721935272217
-1.5778293609619141 -2.5275166034698486 0.6569185256958008
-1.5669554471969604 -2.5468537807464600 0.6455448865890503
-1.5563730001449585 -2.5656733512878418 0.6330795288085938
-1.5461081266403198 -2.5839276313781738 0.6195534467697144
-1.5361866950988770 -2.6015715599060059 0.6050003170967102
-1.5266331434249878 -2.6185612678527832 0.5894563198089600
-1.5174710750579834 -2.6348545551300049 0.5729600191116333
-1.5087231397628784 -2.6504106521606445 0.5555524826049805
-1.5004118680953979 -2.6651914119720459 0.5372770428657532
-1.4925574064254761 -2.6791596412658691 0.5181789994239807
-1.4851789474487305 -2.6922807693481445 0.4983059167861938
-1.4782953262329102 -2.7045218944549561 0.4777072370052338
-1.4719237089157104 -2.7158529758453369 0.4564341008663177
-1.4660795927047729 -2.7262458801269531 0.4345394372940063
-1.4607778787612915 -2.7356743812561035 0.4120776653289795
-1.4560312032699585 -2.7441153526306152 0.3891046047210693
-1.4518518447875977 -2.7515475749969482 0.3656774163246155
-1.4482499361038208 -2.7579526901245117 0.3418543338775635
-1.4452346563339233 -2.7633149623870850 0.3176945745944977
-1.4428133964538574 -2.7676208019256592 0.2932581901550293
-1.4409923553466797 -2.7708594799041748 0.2686059474945068
-1.4397758245468140 -2.7730233669281006 0.2437991499900818
-1.4391665458679199 -2.7741065025329590 0.2188994586467743
-1.4391665458679199 -2.7741065025329590 0.1939687579870224
-1.4397758245468140 -2.7730233669281006 0.1690690666437149
-1.4409923553466797 -2.7708594799041748 0.1442622542381287
-1.4428133964538574 -2.7676208019256592 0.1196100115776062
-1.4452346563339233 -2.7633149623870850 0.0951736420392990
-1.4482499361038208 -2.7579526901245117 0.0710138678550720
-1.4518518447875977 -2.7515475749969482 0.0471907891333103
-1.4560312032699585 -2.7441153526306152 0.0237635988742113
-1.4607778787612915 -2.7356743812561035 0.0007905507227406
-1.4660795927047729 -2.7262458801269531 -0.0216712336987257
-1.4719237089157104 -2.7158529758453369 -0.0435659028589725
-1.4782953262329102 -2.7045218944549561 -0.0648390352725983
-1.4851789474487305 -2.6922807693481445 -0.0854377374053001
-1.4925574064254761 -2.6791596412658691 -0.1053108051419258
-1.5004118680953979 -2.6651914119720459 -0.1244088262319565
-1.5087231397628784 -2.6504106521606445 -0.1426842957735062
-1.5174710750579834 -2.6348545551300049 -0.1600918322801590
-1.5266331434249878 -2.6185612678527832 -0.1765881180763245
-1.5361866950988770 -2.6015715599060059 -0.1921321451663971
-1.5461081266403198 -2.5839276313781738 -0.2066852599382401
-1.5563730001449585 -2.5656733512878418 -0.2202113270759583
-1.5669554471969604 -2.5468537807464600 -0.2326766997575760
-1.5778293609619141 -2.5275166034698486 -0.2440503239631653
-1.5889675617218018 -2.5077087879180908 -0.2543039917945862
-1.6003425121307373 -2.4874804019927979 -0.2634122073650360
-1.6119258403778076 -2.4668815135955811 -0.2713522911071777
-1.6236886978149414 -2.4459629058837891 -0.2781045436859131
-1.6356018781661987 -2.4247772693634033 -0.2836521267890930
-1.6476360559463501 -2.4033768177032471 -0.2879813313484192
-1.6597605943679810 -2.3818147182464600 -0.2910813093185425
-1.6556248664855957 -2.3792140483856201 0.7039495110511780
-1.6414450407028198 -2.3994836807250977 0.7008495330810547
-1.6273714303970337 -2.4196016788482666 0.6965203285217285
-1.6134389638900757 -2.4395177364349365 0.6909727454185486
-1.5996822118759155 -2.4591825008392334 0.6842204928398132
-1.5861358642578125 -2.4785470962524414 0.6762803792953491
-1.5728329420089722 -2.4975631237030029 0.6671721935272217
-1.5598069429397583 -2.5161836147308350 0.6569185256958008
-1.5470898151397705 -2.5343620777130127 0.6455448865890503
-1.5347137451171875 -2.5520536899566650 0.6330795288085938
-1.5227091312408447 -2.5692141056060791 0.6195534467697144
-1.5111057758331299 -2.5858001708984375 0.6050003170967102
-1.4999327659606934 -2.6017718315124512 0.5894563198089600
-1.4892179965972900 -2.6170887947082520 0.5729600191116333
-1.4789876937866211 -2.6317124366760254 0.5555524826049805
-1.4692676067352295 -2.6456072330474854 0.5372770428657532
-1.4600815773010254 -2.6587381362915039 0.5181789994239807
-1.4514528512954712 -2.6710729598999023 0.4983059167861938
-1.4434025287628174 -2.6825804710388184 0.4777072370052338
-1.4359508752822876 -2.6932327747344971 0.4564341008663177
-1.4291163682937622 -2.7030024528503418 0.4345394372940063
-1.4229159355163574 -2.7118661403656006 0.4120776653289795
-1.4173647165298462 -2.7198009490966797 0.3891046047210693
-1.4124771356582642 -2.7267880439758301 0.3656774163246155
-1.4082648754119873 -2.7328093051910400 0.3418543338775635
-1.4047385454177856 -2.7378501892089844 0.3176945745944977
-1.4019066095352173 -2.7418978214263916 0.2932581901550293
-1.3997768163681030 -2.7449424266815186 0.2686059474945068
-1.3983538150787354 -2.7469766139984131 0.2437991499900818
-1.3976416587829590 -2.7479946613311768 0.2188994586467743
-1.3976416587829590 -2.7479946613311768 0.1939687579870224
-1.3983538150787354 -2.7469766139984131 0.1690690666437149
-1.3997768163681030 -2.7449424266815186 0.1442622542381287
-1.4019066095352173 -2.7418978214263916 0.1196100115776062
-1.4047385454177856 -2.7378501892089844 0.0951736420392990
-1.4082648754119873 -2.7328093051910400 0.0710138678550720
-1.4124771356582642 -2.7267880439758301 0.0471907891333103
-1.4173647165298462 -2.7198009490966797 0.0237635988742113
-1.4229159355163574 -2.7118661403656006 0.0007905507227406
-1.4291163682937622 -2.7030024528503418 -0.0216712336987257
-1.4359508752822876 -2.6932327747344971 -0.0435659028589725
-1.4434025287628174 -2.6825804710388184 -0.0648390352725983
-1.4514528512954712 -2.6710729598999023 -0.0854377374053001
-1.4600815773010254 -2.6587381362915039 -0.1053108051419258
-1.4692676067352295 -2.6456072330474854 -0.1244088262319565
-1.4789876937866211 -2.6317124366760254 -0.1426842957735062
-1.4892179965972900 -2.6170887947082520 -0.1600918322801590
-1.4999327659606934 -2.6017718315124512 -0.1765881180763245
-1.5111057758331299 -2.5858001708984375 -0.1921321451663971
-1.5227091312408447 -2.5692141056060791 -0.2066852599382401
-1.5347137451171875 -2.5520536899566650 -0.2202113270759583
-1.5470898151397705 -2.5343620777130127 -0.2326766997575760
-1.5598069429397583 -2.5161836147308350 -0.2440503239631653
-1.5728329420089722 -2.4975631237030029 -0.2543039917945862
-1.5861358642578125 -2.4785470962524414 -0.2634122073650360
-1.5996822118759155 -2.4591825008392334 -0.2713522911071777
-1.6134389638900757 -2.4395177364349365 -0.2781045436859131
-1.6273714303970337 -2.4196016788482666 -0.2836521267890930
-1.6414450407028198 -2.3994836807250977 -0.2879813313484192
-1.6556248664855957 -2.3792140483856201 -0.2910813093185425
-1.6517636775970459 -2.3762207031250000 0.7039495110511780
-1.6356655359268188 -2.3950028419494629 0.7008495330810547
-1.6196876764297485 -2.4136443138122559 0.6965203285217285
-1.6038703918457031 -2.4320988655090332 0.6909727454185486
-1.5882523059844971 -2.4503204822540283 0.6842204928398132
-1.5728729963302612 -2.4682641029357910 0.6762803792953491
-1.5577702522277832 -2.4858849048614502 0.6671721935272217
-1.5429817438125610 -2.5031387805938721 0.6569185256958008
-1.5285443067550659 -2.5199832916259766 0.6455448865890503
-1.5144937038421631 -2.5363762378692627 0.6330795288085938
-1.5008648633956909 -2.5522773265838623 0.6195534467697144
-1.4876917600631714 -2.5676467418670654 0.6050003170967102
-1.4750072956085205 -2.5824460983276367 0.5894563198089600
-1.4628424644470215 -2.5966386795043945 0.5729600191116333
-1.4512282609939575 -2.6101899147033691 0.5555524826049805
-1.4401928186416626 -2.6230647563934326 0.5372770428657532
-1.4297642707824707 -2.6352322101593018 0.5181789994239807
-1.4199677705764771 -2.6466617584228516 0.4983059167861938
-1.4108284711837769 -2.6573247909545898 0.4777072370052338
-1.4023684263229370 -2.6671950817108154 0.4564341008663177
-1.3946090936660767 -2.6762480735778809 0.4345394372940063
-1.3875699043273926 -2.6844611167907715 0.4120776653289795
-1.3812677860260010 -2.6918139457702637 0.3891046047210693
-1.3757187128067017 -2.6982882022857666 0.3656774163246155
-1.3709365129470825 -2.7038674354553223 0.3418543338775635
-1.3669331073760986 -2.7085385322570801 0.3176945745944977
-1.3637182712554932 -2.7122893333435059 0.2932581901550293
-1.3613002300262451 -2.7151103019714355 0.2686059474945068
-1.3596847057342529 -2.7169954776763916 0.2437991499900818
-1.3588759899139404 -2.7179386615753174 0.2188994586467743
-1.3588759899139404 -2.7179386615753174 0.1939687579870224
-1.3596847057342529 -2.7169954776763916 0.1690690666437149
-1.3613002300262451 -2.7151103019714355 0.1442622542381287
-1.3637182712554932 -2.7122893333435059 0.1196100115776062
-1.3669331073760986 -2.7085385322570801 0.0951736420392990
-1.3709365129470825 -2.7038674354553223 0.0710138678550720
-1.3757187128067017 -2.6982882022857666 0.0471907891333103
-1.3812677860260010 -2.6918139457702637 0.0237635988742113
-1.3875699043273926 -2.6844611167907715 0.0007905507227406
-1.3946090936660767 -2.6762480735778809 -0.0216712336987257
-1.4023684263229370 -2.6671950817108154 -0.0435659028589725
-1.4108284711837769 -2.6573247909545898 -0.0648390352725983
-1.4199677705764771 -2.6466617584228516 -0.0854377374053001
-1.4297642707824707 -2.6352322101593018 -0.1053108051419258
-1.4401928186416626 -2.6230647563934326 -0.1244088262319565
-1.4512282609939575 -2.6101899147033691 -0.1426842957735062
-1.4628424644470215 -2.5966386795043945 -0.1600918322801590
-1.4750072956085205 -2.5824460983276367 -0.1765881180763245
-1.4876917600631714 -2.5676467418670654 -0.1921321451663971
-1.5008648633956909 -2.5522773265838623 -0.2066852599382401
-1.5144937038421631 -2.5363762378692627 -0.2202113270759583
-1.5285443067550659 -2.5199832916259766 -0.2326766997575760
-1.5429817438125610 -2.5031387805938721 -0.2440503239631653
-1.5577702522277832 -2.4858849048614502 -0.2543039917945862
-1.5728729963302612 -2.4682641029357910 -0.2634122073650360
-1.5882523059844971 -2.4503204822540283 -0.2713522911071777
-1.6038703918457031 -2.4320988655090332 -0.2781045436859131
-1.6196876764297485 -2.4136443138122559 -0.2836521267890930
-1.6356655359268188 -2.3950028419494629 -0.2879813313484192
-1.6517636775970459 -2.3762207031250000 -0.2910813093185425
-1.6482149362564087 -2.3728628158569336 0.7039495110511780
-1.6303529739379883 -2.3899769783020020 0.7008495330810547
-1.6126251220703125 -2.4069626331329346 0.6965203285217285
-1.5950748920440674 -2.4237778186798096 0.6909727454185486
-1.5777461528778076 -2.4403810501098633 0.6842204928398132
-1.5606821775436401 -2.4567303657531738 0.6762803792953491
-1.5439249277114868 -2.4727861881256104 0.6671721935272217
-1.5275163650512695 -2.4885072708129883 0.6569185256958008
-1.5114973783493042 -2.5038559436798096 0.6455448865890503
-1.4959075450897217 -2.5187928676605225 0.6330795288085938
-1.4807857275009155 -2.5332810878753662 0.6195534467697144
-1.4661697149276733 -2.5472855567932129 0.6050003170967102
-1.4520956277847290 -2.5607702732086182 0.5894563198089600
-1.4385985136032104 -2.5737023353576660 0.5729600191116333
-1.4257118701934814 -2.5860493183135986 0.5555524826049805
-1.4134677648544312 -2.5977809429168701 0.5372770428657532
-1.4018965959548950 -2.6088676452636719 0.5181789994239807
-1.3910270929336548 -2.6192820072174072 0.4983059167861938
-1.3808864355087280 -2.6289978027343750 0.4777072370052338
-1.3714998960494995 -2.6379914283752441 0.4564341008663177
-1.3628904819488525 -2.6462404727935791 0.4345394372940063
-1.3550801277160645 -2.6537237167358398 0.4120776653289795
-1.3480877876281738 -2.6604235172271729 0.3891046047210693
-1.3419307470321655 -2.6663224697113037 0.3656774163246155
-1.3366246223449707 -2.6714062690734863 0.3418543338775635
-1.3321827650070190 -2.6756622791290283 0.3176945745944977
-1.3286157846450806 -2.6790800094604492 0.2932581901550293
-1.3259326219558716 -2.6816506385803223 0.2686059474945068
-1.3241404294967651 -2.6833679676055908 0.2437991499900818
-1.3232430219650269 -2.6842277050018311 0.2188994586467743
-1.3232430219650269 -2.6842277050018311 0.1939687579870224
-1.3241404294967651 -2.6833679676055908 0.1690690666437149
-1.3259326219558716 -2.6816506385803223 0.1442622542381287
-1.3286157846450806 -2.6790800094604492 0.1196100115776062
-1.3321827650070190 -2.6756622791290283 0.0951736420392990
-1.3366246223449707 -2.6714062690734863 0.0710138678550720
-1.3419307470321655 -2.6663224697113037 0.0471907891333103
-1.3480877876281738 -2.6604235172271729 0.0237635988742113
-1.3550801277160645 -2.6537237167358398 0.0007905507227406
-1.3628904819488525 -2.6462404727935791 -0.0216712336987257
-1.3714998960494995 -2.6379914283752441 -0.0435659028589725
-1.3808864355087280 -2.6289978027343750 -0.0648390352725983
-1.3910270929336548 -2.6192820072174072 -0.0854377374053001
-1.4018965959548950 -2.6088676452636719 -0.1053108051419258
-1.4134677648544312 -2.5977809429168701 -0.1244088262319565
-1.4257118701934814 -2.5860493183135986 -0.1426842957735062
-1.4385985136032104 -2.5737023353576660 -0.1600918322801590
-1.4520956277847290 -2.5607702732086182 -0.1765881180763245
-1.4661697149276733 -2.5472855567932129 -0.1921321451663971
-1.4807857275009155 -2.5332810878753662 -0.2066852599382401
-1.4959075450897217 -2.5187928676605225 -0.2202113270759583
-1.5114973783493042 -2.5038559436798096 -0.2326766997575760
-1.5275163650512695 -2.4885072708129883 -0.2440503239631653
-1.5439249277114868 -2.4727861881256104 -0.2543039917945862
-1.5606821775436401 -2.4567303657531738 -0.2634122073650360
-1.5777461528778076 -2.4403810501098633 -0.2713522911071777
-1.5950748920440674 -2.4237778186798096 -0.2781045436859131
-1.6126251220703125 -2.4069626331329346 -0.2836521267890930
-1.6303529739379883 -2.3899769783020020 -0.2879813313484192
-1.6482149362564087 -2.3728628158569336 -0.2910813093185425
-1.6450120210647583 -2.3691737651824951 0.7039495110511780
-1.6255586147308350 -2.3844542503356934 0.7008495330810547
-1.6062513589859009 -2.3996207714080811 0.6965203285217285
-1.5871374607086182 -2.4146347045898438 0.6909727454185486
-1.5682647228240967 -2.4294593334197998 0.6842204928398132
-1.5496802330017090 -2.4440577030181885 0.6762803792953491
-1.5314301252365112 -2.4583935737609863 0.6671721935272217
-1.5135596990585327 -2.4724307060241699 0.6569185256958008
-1.4961135387420654 -2.4861352443695068 0.6455448865890503
-1.4791346788406372 -2.4994721412658691 0.6330795288085938
-1.4626654386520386 -2.5124087333679199 0.6195534467697144
-1.4467471837997437 -2.5249125957489014 0.6050003170967102
-1.4314190149307251 -2.5369532108306885 0.5894563198089600
-1.4167193174362183 -2.5485000610351562 0.5729600191116333
-1.4026844501495361 -2.5595245361328125 0.5555524826049805
-1.3893494606018066 -2.5699994564056396 0.5372770428657532
-1.3767472505569458 -2.5798985958099365 0.5181789994239807
-1.3649096488952637 -2.5891971588134766 0.4983059167861938
-1.3538652658462524 -2.5978724956512451 0.4777072370052338
-1.3436424732208252 -2.6059026718139648 0.4564341008663177
-1.3342660665512085 -2.6132681369781494 0.4345394372940063
-1.3257594108581543 -2.6199500560760498 0.4120776653289795
-1.3181440830230713 -2.6259317398071289 0.3891046047210693
-1.3114386796951294 -2.6311988830566406 0.3656774163246155
-1.3056598901748657 -2.6357383728027344 0.3418543338775635
-1.3008222579956055 -2.6395385265350342 0.3176945745944977
-1.2969372272491455 -2.6425898075103760 0.2932581901550293
-1.2940155267715454 -2.6448853015899658 0.2686059474945068
-1.2920633554458618 -2.6464185714721680 0.2437991499900818
-1.2910861968994141 -2.6471862792968750 0.2188994586467743
-1.2910861968994141 -2.6471862792968750 0.1939687579870224
-1.2920633554458618 -2.6464185714721680 0.1690690666437149
-1.2940155267715454 -2.6448853015899658 0.1442622542381287
-1.2969372272491455 -2.6425898075103760 0.1196100115776062
-1.3008222579956055 -2.6395385265350342 0.0951736420392990
-1.3056598901748657 -2.6357383728027344 0.0710138678550720
-1.3114386796951294 -2.6311988830566406 0.0471907891333103
-1.3181440830230713 -2.6259317398071289 0.0237635988742113
-1.3257594108581543 -2.6199500560760498 0.0007905507227406
-1.3342660665512085 -2.6132681369781494 -0.0216712336987257
-1.3436424732208252 -2.6059026718139648 -0.0435659028589725
-1.3538652658462524 -2.5978724956512451 -0.0648390352725983
-1.3649096488952637 -2.5891971588134766 -0.0854377374053001
-1.3767472505569458 -2.5798985958099365 -0.1053108051419258
-1.3893494606018066 -2.5699994564056396 -0.1244088262319565
-1.4026844501495361 -2.5595245361328125 -0.1426842957735062
-1.4167193174362183 -2.5485000610351562 -0.1600918322801590
-1.4314190149307251 -2.5369532108306885 -0.1765881180763245
-1.4467471837997437 -2.5249125957489014 -0.1921321451663971
-1.4626654386520386 -2.5124087333679199 -0.2066852599382401
-1.4791346788406372 -2.4994721412658691 -0.2202113270759583
-1.4961135387420654 -2.4861352443695068 -0.2326766997575760
-1.5135596990585327 -2.4724307060241699 -0.2440503239631653
-1.5314301252365112 -2.4583935737609863 -0.2543039917945862
-1.5496802330017090 -2.4440577030181885 -0.2634122073650360
-1.5682647228240967 -2.4294593334197998 -0.2713522911071777
-1.5871374607086182 -2.4146347045898438 -0.2781045436859131
-1.6062513589859009 -2.3996207714080811 -0.2836521267890930
-1.6255586147308350 -2.3844542503356934 -0.2879813313484192
-1.6450120210647583 -2.3691737651824951 -0.2910813093185425
-1.6421864032745361 -2.3651883602142334 0.7039495110511780
-1.6213288307189941 -2.3784885406494141 0.7008495330810547
-1.6006277799606323 -2.3916893005371094 0.6965203285217285
-1.5801343917846680 -2.4047577381134033 0.6909727454185486
-1.5598994493484497 -2.4176611900329590 0.6842204928398132
-1.5399736166000366 -2.4303677082061768 0.6762803792953491
-1.5204062461853027 -2.4428455829620361 0.6671721935272217
-1.5012459754943848 -2.4550638198852539 0.6569185256958008
-1.4825403690338135 -2.4669919013977051 0.6455448865890503
-1.4643361568450928 -2.4786005020141602 0.6330795288085938
-1.4466784000396729 -2.4898602962493896 0.6195534467697144
-1.4296109676361084 -2.5007438659667969 0.6050003170967102
-1.4131765365600586 -2.5112240314483643 0.5894563198089600
-1.3974157571792603 -2.5212745666503906 0.5729600191116333
-1.3823679685592651 -2.5308701992034912 0.5555524826049805
-1.3680702447891235 -2.5399878025054932 0.5372770428657532
-1.3545587062835693 -2.5486037731170654 0.5181789994239807
-1.3418663740158081 -2.5566976070404053 0.4983059167861938
-1.3300253152847290 -2.5642485618591309 0.4777072370052338
-1.3190642595291138 -2.5712378025054932 0.4564341008663177
-1.3090111017227173 -2.5776486396789551 0.4345394372940063
-1.2998907566070557 -2.5834646224975586 0.4120776653289795
-1.2917256355285645 -2.5886716842651367 0.3891046047210693
-1.2845362424850464 -2.5932557582855225 0.3656774163246155
-1.2783403396606445 -2.5972070693969727 0.3418543338775635
-1.2731534242630005 -2.6005146503448486 0.3176945745944977
-1.2689881324768066 -2.6031706333160400 0.2932581901550293
-1.2658551931381226 -2.6051683425903320 0.2686059474945068
-1.2637623548507690 -2.6065030097961426 0.2437991499900818
-1.2627143859863281 -2.6071712970733643 0.2188994586467743
-1.2627143859863281 -2.6071712970733643 0.1939687579870224
-1.2637623548507690 -2.6065030097961426 0.1690690666437149
-1.2658551931381226 -2.6051683425903320 0.1442622542381287
-1.2689881324768066 -2.6031706333160400 0.1196100115776062
-1.2731534242630005 -2.6005146503448486 0.0951736420392990
-1.2783403396606445 -2.5972070693969727 0.0710138678550720
-1.2845362424850464 -2.5932557582855225 0.0471907891333103
-1.2917256355285645 -2.5886716842651367 0.0237635988742113
-1.2998907566070557 -2.5834646224975586 0.0007905507227406
-1.3090111017227173 -2.5776486396789551 -0.0216712336987257
-1.3190642595291138 -2.5712378025054932 -0.0435659028589725
-1.3300253152847290 -2.5642485618591309 -0.0648390352725983
-1.3418663740158081 -2.5566976070404053 -0.0854377374053001
-1.3545587062835693 -2.5486037731170654 -0.1053108051419258
-1.3680702447891235 -2.5399878025054932 -0.1244088262319565
-1.3823679685592651 -2.5308701992034912 -0.1426842957735062
-1.3974157571792603 -2.5212745666503906 -0.1600918322801590
-1.4131765365600586 -2.5112240314483643 -0.1765881180763245
-1.4296109676361084 -2.5007438659667969 -0.1921321451663971
-1.4466784000396729 -2.4898602962493896 -0.2066852599382401
-1.4643361568450928 -2.4786005020141602 -0.2202113270759583
-1.4825403690338135 -2.4669919013977051 -0.2326766997575760
-1.5012459754943848 -2.4550638198852539 -0.2440503239631653
-1.5204062461853027 -2.4428455829620361 -0.2543039917945862
-1.5399736166000366 -2.4303677082061768 -0.2634122073650360
-1.5598994493484497 -2.4176611900329590 -0.2713522911071777
-1.5801343917846680 -2.4047577381134033 -0.2781045436859131
-1.6006277799606323 -2.3916893005371094 -0.2836521267890930
-1.6213288307189941 -2.3784885406494141 -0.2879813313484192
-1.6421864032745361 -2.3651883602142334 -0.2910813093185425
-1.6397647857666016 -2.3609449863433838 0.7039495110511780
-1.6177042722702026 -2.3721368312835693 0.7008495330810547
-1.5958088636398315 -2.3832452297210693 0.6965203285217285
-1.5741332769393921 -2.3942418098449707 0.6909727454185486
-1.5527310371398926 -2.4050998687744141 0.6842204928398132
-1.5316555500030518 -2.4157919883728027 0.6762803792953491
-1.5109595060348511 -2.4262917041778564 0.6671721935272217
-1.4906936883926392 -2.4365730285644531 0.6569185256958008
-1.4709092378616333 -2.4466104507446289 0.6455448865890503
-1.4516546726226807 -2.4563786983489990 0.6330795288085938
-1.4329782724380493 -2.4658539295196533 0.6195534467697144
-1.4149264097213745 -2.4750120639801025 0.6050003170967102
-1.3975437879562378 -2.4838306903839111 0.5894563198089600
-1.3808739185333252 -2.4922878742218018 0.5729600191116333
-1.3649579286575317 -2.5003626346588135 0.5555524826049805
-1.3498356342315674 -2.5080344676971436 0.5372770428657532
-1.3355443477630615 -2.5152850151062012 0.5181789994239807
-1.3221199512481689 -2.5220954418182373 0.4983059167861938
-1.3095955848693848 -2.5284495353698730 0.4777072370052338
-1.2980022430419922 -2.5343310832977295 0.4564341008663177
-1.2873692512512207 -2.5397255420684814 0.4345394372940063
-1.2777227163314819 -2.5446195602416992 0.4120776653289795
-1.2690865993499756 -2.5490009784698486 0.3891046047210693
-1.2614823579788208 -2.5528585910797119 0.3656774163246155
-1.2549289464950562 -2.5561833381652832 0.3418543338775635
-1.2494428157806396 -2.5589666366577148 0.3176945745944977
-1.2450374364852905 -2.5612018108367920 0.2932581901550293
-1.2417237758636475 -2.5628826618194580 0.2686059474945068
-1.2395100593566895 -2.5640058517456055 0.2437991499900818
-1.2384017705917358 -2.5645680427551270 0.2188994586467743
-1.2384017705917358 -2.5645680427551270 0.1939687579870224
-1.2395100593566895 -2.5640058517456055 0.1690690666437149
-1.2417237758636475 -2.5628826618194580 0.1442622542381287
-1.2450374364852905 -2.5612018108367920 0.1196100115776062
-1.2494428157806396 -2.5589666366577148 0.0951736420392990
-1.2549289464950562 -2.5561833381652832 0.0710138678550720
-1.2614823579788208 -2.5528585910797119 0.0471907891333103
-1.2690865993499756 -2.5490009784698486 0.0237635988742113
-1.2777227163314819 -2.5446195602416992 0.0007905507227406
-1.2873692512512207 -2.5397255420684814 -0.0216712336987257
-1.2980022430419922 -2.5343310832977295 -0.0435659028589725
-1.3095955848693848 -2.5284495353698730 -0.0648390352725983
-1.3221199512481689 -2.5220954418182373 -0.0854377374053001
-1.3355443477630615 -2.5152850151062012 -0.1053108051419258
-1.3498356342315674 -2.5080344676971436 -0.1244088262319565
-1.3649579286575317 -2.5003626346588135 -0.1426842957735062
-1.3808739185333252 -2.4922878742218018 -0.1600918322801590
-1.3975437879562378 -2.4838306903839111 -0.1765881180763245
-1.4149264097213745 -2.4750120639801025 -0.1921321451663971
-1.4329782724380493 -2.4658539295196533 -0.2066852599382401
-1.4516546726226807 -2.4563786983489990 -0.2202113270759583
-1.4709092378616333 -2.4466104507446289 -0.2326766997575760
-1.4906936883926392 -2.4365730285644531 -0.2440503239631653
-1.5109595060348511 -2.4262917041778564 -0.2543039917945862
-1.5316555500030518 -2.4157919883728027 -0.2634122073650360
-1.5527310371398926 -2.4050998687744141 -0.2713522911071777
-1.5741332769393921 -2.3942418098449707 -0.2781045436859131
-1.5958088636398315 -2.3832452297210693 -0.2836521267890930
-1.6177042722702026 -2.3721368312835693 -0.2879813313484192
-1.6397647857666016 -2.3609449863433838 -0.2910813093185425
-1.6377708911895752 -2.3564848899841309 0.7039495110511780
-1.6147193908691406 -2.3654606342315674 0.7008495330810547
-1.5918406248092651 -2.3743689060211182 0.6965203285217285
-1.5691915750503540 -2.3831882476806641 0.6909727454185486
-1.5468281507492065 -2.3918962478637695 0.6842204928398132
-1.5248063802719116 -2.4004712104797363 0.6762803792953491
-1.5031805038452148 -2.4088919162750244 0.6671721935272217
-1.4820048809051514 -2.4171373844146729 0.6569185256958008
-1.4613317251205444 -2.4251868724822998 0.6455448865890503
-1.4412124156951904 -2.4330213069915771 0.6330795288085938
-1.4216970205307007 -2.4406197071075439 0.6195534467697144
-1.4028344154357910 -2.4479644298553467 0.6050003170967102
-1.3846712112426758 -2.4550371170043945 0.5894563198089600
-1.3672525882720947 -2.4618196487426758 0.5729600191116333
-1.3506219387054443 -2.4682953357696533 0.5555524826049805
-1.3348201513290405 -2.4744482040405273 0.5372770428657532
-1.3198872804641724 -2.4802627563476562 0.5181789994239807
-1.3058599233627319 -2.4857249259948730 0.4983059167861938
-1.2927730083465576 -2.4908204078674316 0.4777072370052338
-1.2806590795516968 -2.4955372810363770 0.4564341008663177
-1.2695485353469849 -2.4998636245727539 0.4345394372940063
-1.2594686746597290 -2.5037884712219238 0.4120776653289795
-1.2504447698593140 -2.5073025226593018 0.3891046047210693
-1.2424991130828857 -2.5103962421417236 0.3656774163246155
-1.2356514930725098 -2.5130627155303955 0.3418543338775635
-1.2299188375473022 -2.5152945518493652 0.3176945745944977
-1.2253156900405884 -2.5170872211456299 0.2932581901550293
-1.2218531370162964 -2.5184352397918701 0.2686059474945068
-1.2195399999618530 -2.5193362236022949 0.2437991499900818
-1.2183818817138672 -2.5197868347167969 0.2188994586467743
-1.2183818817138672 -2.5197868347167969 0.1939687579870224
-1.2195399999618530 -2.5193362236022949 0.1690690666437149
-1.2218531370162964 -2.5184352397918701 0.1442622542381287
-1.2253156900405884 -2.5170872211456299 0.1196100115776062
-1.2299188375473022 -2.5152945518493652 0.0951736420392990
-1.2356514930725098 -2.5130627155303955 0.0710138678550720
-1.2424991130828857 -2.5103962421417236 0.0471907891333103
-1.2504447698593140 -2.5073025226593018 0.0237635988742113
-1.2594686746597290 -2.5037884712219238 0.0007905507227406
-1.2695485353469849 -2.4998636245727539 -0.0216712336987257
-1.2806590795516968 -2.4955372810363770 -0.0435659028589725
-1.2927730083465576 -2.4908204078674316 -0.0648390352725983
-1.3058599233627319 -2.4857249259948730 -0.0854377374053001
-1.3198872804641724 -2.4802627563476562 -0.1053108051419258
-1.3348201513290405 -2.4744482040405273 -0.1244088262319565
-1.3506219387054443 -2.4682953357696533 -0.1426842957735062
-1.3672525882720947 -2.4618196487426758 -0.1600918322801590
-1.3846712112426758 -2.4550371170043945 -0.1765881180763245
-1.4028344154357910 -2.4479644298553467 -0.1921321451663971
-1.4216970205307007 -2.4406197071075439 -0.2066852599382401
-1.4412124156951904 -2.4330213069915771 -0.2202113270759583
-1.4613317251205444 -2.4251868724822998 -0.2326766997575760
-1.4820048809051514 -2.4171373844146729 -0.2440503239631653
-1.5031805038452148 -2.4088919162750244 -0.2543039917945862
-1.5248063802719116 -2.4004712104797363 -0.2634122073650360
-1.5468281507492065 -2.3918962478637695 -0.2713522911071777
-1.5691915750503540 -2.3831882476806641 -0.2781045436859131
-1.5918406248092651 -2.3743689060211182 -0.2836521267890930
-1.6147193908691406 -2.3654606342315674 -0.2879813313484192
-1.6377708911895752 -2.3564848899841309 -0.2910813093185425
-1.6362235546112061 -2.3518507480621338 0.7039495110511780
-1.6124033927917480 -2.3585238456726074 0.7008495330810547
-1.5887616872787476 -2.3651471138000488 0.6965203285217285
-1.5653573274612427 -2.3717036247253418 0.6909727454185486
-1.5422480106353760 -2.3781776428222656 0.6842204928398132
-1.5194914340972900 -2.3845527172088623 0.6762803792953491
-1.4971445798873901 -2.3908133506774902 0.6671721935272217
-1.4752626419067383 -2.3969433307647705 0.6569185256958008
-1.4538999795913696 -2.4029281139373779 0.6455448865890503
-1.4331097602844238 -2.4087522029876709 0.6330795288085938
-1.4129437208175659 -2.4144017696380615 0.6195534467697144
-1.3934518098831177 -2.4198622703552246 0.6050003170967102
-1.3746830224990845 -2.4251201152801514 0.5894563198089600
-1.3566833734512329 -2.4301626682281494 0.5729600191116333
-1.3394979238510132 -2.4349772930145264 0.5555524826049805
-1.3231694698333740 -2.4395515918731689 0.5372770428657532
-1.3077385425567627 -2.4438745975494385 0.5181789994239807
-1.2932431697845459 -2.4479353427886963 0.4983059167861938
-1.2797199487686157 -2.4517240524291992 0.4777072370052338
-1.2672021389007568 -2.4552307128906250 0.4564341008663177
-1.2557208538055420 -2.4584472179412842 0.4345394372940063
-1.2453048229217529 -2.4613652229309082 0.4120776653289795
-1.2359800338745117 -2.4639773368835449 0.3891046047210693
-1.2277692556381226 -2.4662775993347168 0.3656774163246155
-1.2206932306289673 -2.4682600498199463 0.3418543338775635
-1.2147694826126099 -2.4699194431304932 0.3176945745944977
-1.2100126743316650 -2.4712522029876709 0.2932581901550293
-1.2064347267150879 -2.4722545146942139 0.2686059474945068
-1.2040444612503052 -2.4729242324829102 0.2437991499900818
-1.2028478384017944 -2.4732594490051270 0.2188994586467743
-1.2028478384017944 -2.4732594490051270 0.1939687579870224
-1.2040444612503052 -2.4729242324829102 0.1690690666437149
-1.2064347267150879 -2.4722545146942139 0.1442622542381287
-1.2100126743316650 -2.4712522029876709 0.1196100115776062
-1.2147694826126099 -2.4699194431304932 0.0951736420392990
-1.2206932306289673 -2.4682600498199463 0.0710138678550720
-1.2277692556381226 -2.4662775993347168 0.0471907891333103
-1.2359800338745117 -2.4639773368835449 0.0237635988742113
-1.2453048229217529 -2.4613652229309082 0.0007905507227406
-1.2557208538055420 -2.4584472179412842 -0.0216712336987257
-1.2672021389007568 -2.4552307128906250 -0.0435659028589725
-1.2797199487686157 -2.4517240524291992 -0.0648390352725983
-1.2932431697845459 -2.4479353427886963 -0.0854377374053001
-1.3077385425567627 -2.4438745975494385 -0.1053108051419258
-1.3231694698333740 -2.4395515918731689 -0.1244088262319565
-1.3394979238510132 -2.4349772930145264 -0.1426842957735062
-1.3566833734512329 -2.4301626682281494 -0.1600918322801590
-1.3746830224990845 -2.4251201152801514 -0.1765881180763245
-1.3934518098831177 -2.4198622703552246 -0.1921321451663971
-1.4129437208175659 -2.4144017696380615 -0.2066852599382401
-1.4331097602844238 -2.4087522029876709 -0.2202113270759583
-1.4538999795913696 -2.4029281139373779 -0.2326766997575760
-1.4752626419067383 -2.3969433307647705 -0.2440503239631653
-1.4971445798873901 -2.3908133506774902 -0.2543039917945862
-1.5194914340972900 -2.3845527172088623 -0.2634122073650360
-1.5422480106353760 -2.3781776428222656 -0.2713522911071777
-1.5653573274612427 -2.3717036247253418 -0.2781045436859131
-1.5887616872787476 -2.3651471138000488 -0.2836521267890930
-1.6124033927917480 -2.3585238456726074 -0.2879813313484192
-1.6362235546112061 -2.3518507480621338 -0.2910813093185425
-1.6351381540298462 -2.3470873832702637 0.7039495110511780
-1.6107785701751709 -2.3513934612274170 0.7008495330810547
-1.5866016149520874 -2.3556673526763916 0.6965203285217285
-1.5626670122146606 -2.3598985671997070 0.6909727454185486
-1.5390344858169556 -2.3640761375427246 0.6842204928398132
-1.5157629251480103 -2.3681900501251221 0.6762803792953491
-1.4929099082946777 -2.3722300529479980 0.6671721935272217
-1.4705322980880737 -2.3761856555938721 0.6569185256958008
-1.4486860036849976 -2.3800477981567383 0.6455448865890503
-1.4274250268936157 -2.3838062286376953 0.6330795288085938
-1.4068022966384888 -2.3874516487121582 0.6195534467697144
-1.3868691921234131 -2.3909757137298584 0.6050003170967102
-1.3676753044128418 -2.3943684101104736 0.5894563198089600
-1.3492680788040161 -2.3976225852966309 0.5729600191116333
-1.3316934108734131 -2.4007291793823242 0.5555524826049805
-1.3149952888488770 -2.4036812782287598 0.5372770428657532
-1.2992148399353027 -2.4064707756042480 0.5181789994239807
-1.2843912839889526 -2.4090914726257324 0.4983059167861938
-1.2705618143081665 -2.4115359783172607 0.4777072370052338
-1.2577604055404663 -2.4137990474700928 0.4564341008663177
-1.2460193634033203 -2.4158747196197510 0.4345394372940063
-1.2353674173355103 -2.4177575111389160 0.4120776653289795
-1.2258313894271851 -2.4194433689117432 0.3891046047210693
-1.2174348831176758 -2.4209275245666504 0.3656774163246155
-1.2101985216140747 -2.4222068786621094 0.3418543338775635
-1.2041405439376831 -2.4232776165008545 0.3176945745944977
-1.1992760896682739 -2.4241378307342529 0.2932581901550293
-1.1956171989440918 -2.4247846603393555 0.2686059474945068
-1.1931726932525635 -2.4252166748046875 0.2437991499900818
-1.1919490098953247 -2.4254331588745117 0.2188994586467743
-1.1919490098953247 -2.4254331588745117 0.1939687579870224
-1.1931726932525635 -2.4252166748046875 0.1690690666437149
-1.1956171989440918 -2.4247846603393555 0.1442622542381287
-1.1992760896682739 -2.4241378307342529 0.1196100115776062
-1.2041405439376831 -2.4232776165008545 0.0951736420392990
-1.2101985216140747 -2.4222068786621094 0.0710138678550720
-1.2174348831176758 -2.4209275245666504 0.0471907891333103
-1.2258313894271851 -2.4194433689117432 0.0237635988742113
-1.2353674173355103 -2.4177575111389160 0.0007905507227406
-1.2460193634033203 -2.4158747196197510 -0.0216712336987257
-1.2577604055404663 -2.4137990474700928 -0.0435659028589725
-1.2705618143081665 -2.4115359783172607 -0.0648390352725983
-1.2843912839889526 -2.4090914726257324 -0.0854377374053001
-1.2992148399353027 -2.4064707756042480 -0.1053108051419258
-1.3149952888488770 -2.4036812782287598 -0.1244088262319565
-1.3316934108734131 -2.4007291793823242 -0.1426842957735062
-1.3492680788040161 -2.3976225852966309 -0.1600918322801590
-1.3676753044128418 -2.3943684101104736 -0.1765881180763245
-1.3868691921234131 -2.3909757137298584 -0.1921321451663971
-1.4068022966384888 -2.3874516487121582 -0.2066852599382401
-1.4274250268936157 -2.3838062286376953 -0.2202113270759583
-1.4486860036849976 -2.3800477981567383 -0.2326766997575760
-1.4705322980880737 -2.3761856555938721 -0.2440503239631653
-1.4929099082946777 -2.3722300529479980 -0.2543039917945862
-1.5157629251480103 -2.3681900501251221 -0.2634122073650360
-1.5390344858169556 -2.3640761375427246 -0.2713522911071777
-1.5626670122146606 -2.3598985671997070 -0.2781045436859131
-1.5866016149520874 -2.3556673526763916 -0.2836521267890930
-1.6107785701751709 -2.3513934612274170 -0.2879813313484192
-1.6351381540298462 -2.3470873832702637 -0.2910813093185425
-1.6345248222351074 -2.3422405719757080 0.7039495110511780
-1.6098605394363403 -2.3441381454467773 0.7008495330810547
-1.5853807926177979 -2.3460218906402588 0.6965203285217285
-1.5611468553543091 -2.3478865623474121 0.6909727454185486
-1.5372186899185181 -2.3497276306152344 0.6842204928398132
-1.5136559009552002 -2.3515405654907227 0.6762803792953491
-1.4905169010162354 -2.3533213138580322 0.6671721935272217
-1.4678595066070557 -2.3550646305084229 0.6569185256958008
-1.4457397460937500 -2.3567667007446289 0.6455448865890503
-1.4242126941680908 -2.3584229946136475 0.6330795288085938
-1.4033321142196655 -2.3600296974182129 0.6195534467697144
-1.3831495046615601 -2.3615827560424805 0.6050003170967102
-1.3637152910232544 -2.3630781173706055 0.5894563198089600
-1.3450777530670166 -2.3645119667053223 0.5729600191116333
-1.3272835016250610 -2.3658814430236816 0.5555524826049805
-1.3103760480880737 -2.3671822547912598 0.5372770428657532
-1.2943983078002930 -2.3684115409851074 0.5181789994239807
-1.2793895006179810 -2.3695666790008545 0.4983059167861938
-1.2653869390487671 -2.3706440925598145 0.4777072370052338
-1.2524253129959106 -2.3716411590576172 0.4564341008663177
-1.2405374050140381 -2.3725559711456299 0.4345394372940063
-1.2297521829605103 -2.3733859062194824 0.4120776653289795
-1.2200967073440552 -2.3741290569305420 0.3891046047210693
-1.2115951776504517 -2.3747832775115967 0.3656774163246155
-1.2042683362960815 -2.3753468990325928 0.3418543338775635
-1.1981345415115356 -2.3758187294006348 0.3176945745944977
-1.1932092905044556 -2.3761978149414062 0.2932581901550293
-1.1895045042037964 -2.3764827251434326 0.2686059474945068
-1.1870296001434326 -2.3766734600067139 0.2437991499900818
-1.1857904195785522 -2.3767685890197754 0.2188994586467743
-1.1857904195785522 -2.3767685890197754 0.1939687579870224
-1.1870296001434326 -2.3766734600067139 0.1690690666437149
-1.1895045042037964 -2.3764827251434326 0.1442622542381287
-1.1932092905044556 -2.3761978149414062 0.1196100115776062
-1.1981345415115356 -2.3758187294006348 0.0951736420392990
-1.2042683362960815 -2.3753468990325928 0.0710138678550720
-1.2115951776504517 -2.3747832775115967 0.0471907891333103
-1.2200967073440552 -2.3741290569305420 0.0237635988742113
-1.2297521829605103 -2.3733859062194824 0.0007905507227406
-1.2405374050140381 -2.3725559711456299 -0.0216712336987257
-1.2524253129959106 -2.3716411590576172 -0.0435659028589725
-1.2653869390487671 -2.3706440925598145 -0.0648390352725983
-1.2793895006179810 -2.3695666790008545 -0.0854377374053001
-1.2943983078002930 -2.3684115409851074 -0.1053108051419258
-1.3103760480880737 -2.3671822547912598 -0.1244088262319565
-1.3272835016250610 -2.3658814430236816 -0.1426842957735062
-1.3450777530670166 -2.3645119667053223 -0.1600918322801590
-1.3637152910232544 -2.3630781173706055 -0.1765881180763245
-1.3831495046615601 -2.3615827560424805 -0.1921321451663971
-1.4033321142196655 -2.3600296974182129 -0.2066852599382401
-1.4242126941680908 -2.3584229946136475 -0.2202113270759583
-1.4457397460937500 -2.3567667007446289 -0.2326766997575760
-1.4678595066070557 -2.3550646305084229 -0.2440503239631653
-1.4905169010162354 -2.3533213138580322 -0.2543039917945862
-1.5136559009552002 -2.3515405654907227 -0.2634122073650360
-1.5372186899185181 -2.3497276306152344 -0.2713522911071777
-1.5611468553543091 -2.3478865623474121 -0.2781045436859131
-1.5853807926177979 -2.3460218906402588 -0.2836521267890930
-1.6098605394363403 -2.3441381454467773 -0.2879813313484192
-1.6345248222351074 -2.3422405719757080 -0.2910813093185425
-1.6343894004821777 -2.3373565673828125 0.7039495110511780
-1.6096578836441040 -2.3368279933929443 0.7008495330810547
-1.5851114988327026 -2.3363029956817627 0.6965203285217285
-1.5608116388320923 -2.3357832431793213 0.6909727454185486
-1.5368179082870483 -2.3352704048156738 0.6842204928398132
-1.5131908655166626 -2.3347651958465576 0.6762803792953491
-1.4899888038635254 -2.3342688083648682 0.6671721935272217
-1.4672696590423584 -2.3337831497192383 0.6569185256958008
-1.4450895786285400 -2.3333086967468262 0.6455448865890503
-1.4235038757324219 -2.3328471183776855 0.6330795288085938
-1.4025663137435913 -2.3323996067047119 0.6195534467697144
-1.3823287487030029 -2.3319666385650635 0.6050003170967102
-1.3628414869308472 -2.3315501213073730 0.5894563198089600
-1.3441532850265503 -2.3311505317687988 0.5729600191116333
-1.3263102769851685 -2.3307688236236572 0.5555524826049805
-1.3093570470809937 -2.3304064273834229 0.5372770428657532
-1.2933355569839478 -2.3300638198852539 0.5181789994239807
-1.2782857418060303 -2.3297417163848877 0.4983059167861938
-1.2642450332641602 -2.3294415473937988 0.4777072370052338
-1.2512481212615967 -2.3291637897491455 0.4564341008663177
-1.2393276691436768 -2.3289091587066650 0.4345394372940063
-1.2285131216049194 -2.3286778926849365 0.4120776653289795
-1.2188315391540527 -2.3284707069396973 0.3891046047210693
-1.2103065252304077 -2.3282883167266846 0.3656774163246155
-1.2029597759246826 -2.3281311988830566 0.3418543338775635
-1.1968092918395996 -2.3279998302459717 0.3176945745944977
-1.1918705701828003 -2.3278942108154297 0.2932581901550293
-1.1881557703018188 -2.3278145790100098 0.2686059474945068
-1.1856739521026611 -2.3277616500854492 0.2437991499900818
-1.1844315528869629 -2.3277349472045898 0.2188994586467743
-1.1844315528869629 -2.3277349472045898 0.1939687579870224
-1.1856739521026611 -2.3277616500854492 0.1690690666437149
-1.1881557703018188 -2.3278145790100098 0.1442622542381287
-1.1918705701828003 -2.3278942108154297 0.1196100115776062
-1.1968092918395996 -2.3279998302459717 0.0951736420392990
-1.2029597759246826 -2.3281311988830566 0.0710138678550720
-1.2103065252304077 -2.3282883167266846 0.0471907891333103
-1.2188315391540527 -2.3284707069396973 0.0237635988742113
-1.2285131216049194 -2.3286778926849365 0.0007905507227406
-1.2393276691436768 -2.3289091587066650 -0.0216712336987257
-1.2512481212615967 -2.3291637897491455 -0.0435659028589725
-1.2642450332641602 -2.3294415473937988 -0.0648390352725983
-1.2782857418060303 -2.3297417163848877 -0.0854377374053001
-1.2933355569839478 -2.3300638198852539 -0.1053108051419258
-1.3093570470809937 -2.3304064273834229 -0.1244088262319565
-1.3263102769851685 -2.3307688236236572 -0.1426842957735062
-1.3441532850265503 -2.3311505317687988 -0.1600918322801590
-1.3628414869308472 -2.3315501213073730 -0.1765881180763245
-1.3823287487030029 -2.3319666385650635 -0.1921321451663971
-1.4025663137435913 -2.3323996067047119 -0.2066852599382401
-1.4235038757324219 -2.3328471183776855 -0.2202113270759583
-1.4450895786285400 -2.3333086967468262 -0.2326766997575760
-1.4672696590423584 -2.3337831497192383 -0.2440503239631653
-1.4899888038635254 -2.3342688083648682 -0.2543039917945862
-1.5131908655166626 -2.3347651958465576 -0.2634122073650360
-1.5368179082870483 -2.3352704048156738 -0.2713522911071777
-1.5608116388320923 -2.3357832431793213 -0.2781045436859131
-1.5851114988327026 -2.3363029956817627 -0.2836521267890930
-1.6096578836441040 -2.3368279933929443 -0.2879813313484192
-1.6343894004821777 -2.3373565673828125 -0.2910813093185425
-1.6347332000732422 -2.3324832916259766 0.7039495110511780
-1.6101728677749634 -2.3295328617095947 0.7008495330810547
-1.5857958793640137 -2.3266043663024902 0.6965203285217285
-1.5616639852523804 -2.3237056732177734 0.6909727454185486
-1.5378361940383911 -2.3208432197570801 0.6842204928398132
-1.5143725872039795 -2.3180246353149414 0.6762803792953491
-1.4913309812545776 -2.3152565956115723 0.6671721935272217
-1.4687685966491699 -2.3125464916229248 0.6569185256958008
-1.4467419385910034 -2.3099002838134766 0.6455448865890503
-1.4253054857254028 -2.3073248863220215 0.6330795288085938
-1.4045124053955078 -2.3048272132873535 0.6195534467697144
-1.3844146728515625 -2.3024129867553711 0.6050003170967102
-1.3650622367858887 -2.3000884056091309 0.5894563198089600
-1.3465031385421753 -2.2978589534759521 0.5729600191116333
-1.3287833929061890 -2.2957301139831543 0.5555524826049805
-1.3119472265243530 -2.2937078475952148 0.5372770428657532
-1.2960363626480103 -2.2917962074279785 0.5181789994239807
-1.2810908555984497 -2.2900011539459229 0.4983059167861938
-1.2671470642089844 -2.2883257865905762 0.4777072370052338
-1.2542401552200317 -2.2867753505706787 0.4564341008663177
-1.2424019575119019 -2.2853534221649170 0.4345394372940063
-1.2316622734069824 -2.2840633392333984 0.4120776653289795
-1.2220473289489746 -2.2829082012176514 0.3891046047210693
-1.2135814428329468 -2.2818913459777832 0.3656774163246155
-1.2062853574752808 -2.2810149192810059 0.3418543338775635
-1.2001775503158569 -2.2802810668945312 0.3176945745944977
-1.1952729225158691 -2.2796919345855713 0.2932581901550293
-1.1915836334228516 -2.2792487144470215 0.2686059474945068
-1.1891192197799683 -2.2789525985717773 0.2437991499900818
-1.1878852844238281 -2.2788043022155762 0.2188994586467743
-1.1878852844238281 -2.2788043022155762 0.1939687579870224
-1.1891192197799683 -2.2789525985717773 0.1690690666437149
-1.1915836334228516 -2.2792487144470215 0.1442622542381287
-1.1952729225158691 -2.2796919345855713 0.1196100115776062
-1.2001775503158569 -2.2802810668945312 0.0951736420392990
-1.2062853574752808 -2.2810149192810059 0.0710138678550720
-1.2135814428329468 -2.2818913459777832 0.0471907891333103
-1.2220473289489746 -2.2829082012176514 0.0237635988742113
-1.2316622734069824 -2.2840633392333984 0.0007905507227406
-1.2424019575119019 -2.2853534221649170 -0.0216712336987257
-1.2542401552200317 -2.2867753505706787 -0.0435659028589725
-1.2671470642089844 -2.2883257865905762 -0.0648390352725983
-1.2810908555984497 -2.2900011539459229 -0.0854377374053001
-1.2960363626480103 -2.2917962074279785 -0.1053108051419258
-1.3119472265243530 -2.2937078475952148 -0.1244088262319565
-1.3287833929061890 -2.2957301139831543 -0.1426842957735062
-1.3465031385421753 -2.2978589534759521 -0.1600918322801590
-1.3650622367858887 -2.3000884056091309 -0.1765881180763245
-1.3844146728515625 -2.3024129867553711 -0.1921321451663971
-1.4045124053955078 -2.3048272132873535 -0.2066852599382401
-1.4253054857254028 -2.3073248863220215 -0.2202113270759583
-1.4467419385910034 -2.3099002838134766 -0.2326766997575760
-1.4687685966491699 -2.3125464916229248 -0.2440503239631653
-1.4913309812545776 -2.3152565956115723 -0.2543039917945862
-1.5143725872039795 -2.3180246353149414 -0.2634122073650360
-1.5378361940383911 -2.3208432197570801 -0.2713522911071777
-1.5616639852523804 -2.3237056732177734 -0.2781045436859131
-1.5857958793640137 -2.3266043663024902 -0.2836521267890930
-1.6101728677749634 -2.3295328617095947 -0.2879813313484192
-1.6347332000732422 -2.3324832916259766 -0.2910813093185425
-1.6355533599853516 -2.3276669979095459 0.7039495110511780
-1.6114001274108887 -2.3223233222961426 0.7008495330810547
-1.5874279737472534 -2.3170197010040283 0.6965203285217285
-1.5636961460113525 -2.3117694854736328 0.6909727454185486
-1.5402638912200928 -2.3065855503082275 0.6842204928398132
-1.5171893835067749 -2.3014805316925049 0.6762803792953491
-1.4945298433303833 -2.2964673042297363 0.6671721935272217
-1.4723420143127441 -2.2915585041046143 0.6569185256958008
-1.4506804943084717 -2.2867662906646729 0.6455448865890503
-1.4295996427536011 -2.2821025848388672 0.6330795288085938
-1.4091517925262451 -2.2775785923004150 0.6195534467697144
-1.3893876075744629 -2.2732059955596924 0.6050003170967102
-1.3703560829162598 -2.2689955234527588 0.5894563198089600
-1.3521047830581665 -2.2649579048156738 0.5729600191116333
-1.3346792459487915 -2.2611024379730225 0.5555524826049805
-1.3181222677230835 -2.2574393749237061 0.5372770428657532
-1.3024754524230957 -2.2539777755737305 0.5181789994239807
-1.2877776622772217 -2.2507262229919434 0.4983059167861938
-1.2740652561187744 -2.2476925849914551 0.4777072370052338
-1.2613724470138550 -2.2448844909667969 0.4564341008663177
-1.2497307062149048 -2.2423088550567627 0.4345394372940063
-1.2391691207885742 -2.2399721145629883 0.4120776653289795
-1.2297137975692749 -2.2378804683685303 0.3891046047210693
-1.2213883399963379 -2.2360384464263916 0.3656774163246155
-1.2142133712768555 -2.2344510555267334 0.3418543338775635
-1.2082068920135498 -2.2331223487854004 0.3176945745944977
-1.2033834457397461 -2.2320549488067627 0.2932581901550293
-1.1997555494308472 -2.2312524318695068 0.2686059474945068
-1.1973317861557007 -2.2307162284851074 0.2437991499900818
-1.1961184740066528 -2.2304477691650391 0.2188994586467743
-1.1961184740066528 -2.2304477691650391 0.1939687579870224
-1.1973317861557007 -2.2307162284851074 0.1690690666437149
-1.1997555494308472 -2.2312524318695068 0.1442622542381287
-1.2033834457397461 -2.2320549488067627 0.1196100115776062
-1.2082068920135498 -2.2331223487854004 0.0951736420392990
-1.2142133712768555 -2.2344510555267334 0.0710138678550720
-1.2213883399963379 -2.2360384464263916 0.0471907891333103
-1.2297137975692749 -2.2378804683685303 0.0237635988742113
-1.2391691207885742 -2.2399721145629883 0.0007905507227406
-1.2497307062149048 -2.2423088550567627 -0.0216712336987257
-1.2613724470138550 -2.2448844909667969 -0.0435659028589725
-1.2740652561187744 -2.2476925849914551 -0.0648390352725983
-1.2877776622772217 -2.2507262229919434 -0.0854377374053001
-1.3024754524230957 -2.2539777755737305 -0.1053108051419258
-1.3181222677230835 -2.2574393749237061 -0.1244088262319565
-1.3346792459487915 -2.2611024379730225 -0.1426842957735062
-1.3521047830581665 -2.2649579048156738 -0.1600918322801590
-1.3703560829162598 -2.2689955234527588 -0.1765881180763245
-1.3893876075744629 -2.2732059955596924 -0.1921321451663971
-1.4091517925262451 -2.2775785923004150 -0.2066852599382401
-1.4295996427536011 -2.2821025848388672 -0.2202113270759583
-1.4506804943084717 -2.2867662906646729 -0.2326766997575760
-1.4723420143127441 -2.2915585041046143 -0.2440503239631653
-1.4945298433303833 -2.2964673042297363 -0.2543039917945862
-1.5171893835067749 -2.3014805316925049 -0.2634122073650360
-1.5402638912200928 -2.3065855503082275 -0.2713522911071777
-1.5636961460113525 -2.3117694854736328 -0.2781045436859131
-1.5874279737472534 -2.3170197010040283 -0.2836521267890930
-1.6114001274108887 -2.3223233222961426 -0.2879813313484192
-1.6355533599853516 -2.3276669979095459 -0.2910813093185425
-1.6368415355682373 -2.3229544162750244 0.7039495110511780
-1.6133284568786621 -2.3152692317962646 0.7008495330810547
-1.5899913311004639 -2.3076412677764893 0.6965203285217285
-1.5668885707855225 -2.3000900745391846 0.6909727454185486
-1.5440771579742432 -2.2926344871520996 0.6842204928398132
-1.5216141939163208 -2.2852923870086670 0.6762803792953491
-1.4995552301406860 -2.2780821323394775 0.6671721935272217
-1.4779552221298218 -2.2710223197937012 0.6569185256958008
-1.4568679332733154 -2.2641296386718750 0.6455448865890503
-1.4363456964492798 -2.2574222087860107 0.6330795288085938
-1.4164395332336426 -2.2509160041809082 0.6195534467697144
-1.3971990346908569 -2.2446269989013672 0.6050003170967102
-1.3786721229553223 -2.2385716438293457 0.5894563198089600
-1.3609044551849365 -2.2327642440795898 0.5729600191116333
-1.3439404964447021 -2.2272195816040039 0.5555524826049805
-1.3278223276138306 -2.2219514846801758 0.5372770428657532
-1.3125902414321899 -2.2169728279113770 0.5181789994239807
-1.2982819080352783 -2.2122960090637207 0.4983059167861938
-1.2849328517913818 -2.2079329490661621 0.4777072370052338
-1.2725765705108643 -2.2038943767547607 0.4564341008663177
-1.2612432241439819 -2.2001900672912598 0.4345394372940063
-1.2509615421295166 -2.1968293190002441 0.4120776653289795
-1.2417567968368530 -2.1938209533691406 0.3891046047210693
-1.2336519956588745 -2.1911716461181641 0.3656774163246155
-1.2266670465469360 -2.1888885498046875 0.3418543338775635
-1.2208197116851807 -2.1869776248931885 0.3176945745944977
-1.2161241769790649 -2.1854429244995117 0.2932581901550293
-1.2125923633575439 -2.1842885017395020 0.2686059474945068
-1.2102328538894653 -2.1835169792175293 0.2437991499900818
-1.2090516090393066 -2.1831309795379639 0.2188994586467743
-1.2090516090393066 -2.1831309795379639 0.1939687579870224
-1.2102328538894653 -2.1835169792175293 0.1690690666437149
-1.2125923633575439 -2.1842885017395020 0.1442622542381287
-1.2161241769790649 -2.1854429244995117 0.1196100115776062
-1.2208197116851807 -2.1869776248931885 0.0951736420392990
-1.2266670465469360 -2.1888885498046875 0.0710138678550720
-1.2336519956588745 -2.1911716461181641 0.0471907891333103
-1.2417567968368530 -2.1938209533691406 0.0237635988742113
-1.2509615421295166 -2.1968293190002441 0.0007905507227406
-1.2612432241439819 -2.2001900672912598 -0.0216712336987257
-1.2725765705108643 -2.2038943767547607 -0.0435659028589725
-1.2849328517913818 -2.2079329490661621 -0.0648390352725983
-1.2982819080352783 -2.2122960090637207 -0.0854377374053001
-1.3125902414321899 -2.2169728279113770 -0.1053108051419258
-1.3278223276138306 -2.2219514846801758 -0.1244088262319565
-1.3439404964447021 -2.2272195816040039 -0.1426842957735062
-1.3609044551849365 -2.2327642440795898 -0.1600918322801590
-1.3786721229553223 -2.2385716438293457 -0.1765881180763245
-1.3971990346908569 -2.2446269989013672 -0.1921321451663971
-1.4164395332336426 -2.2509160041809082 -0.2066852599382401
-1.4363456964492798 -2.2574222087860107 -0.2202113270759583
-1.4568679332733154 -2.2641296386718750 -0.2326766997575760
-1.4779552221298218 -2.2710223197937012 -0.2440503239631653
-1.4995552301406860 -2.2780821323394775 -0.2543039917945862
-1.5216141939163208 -2.2852923870086670 -0.2634122073650360
-1.5440771579742432 -2.2926344871520996 -0.2713522911071777
-1.5668885707855225 -2.3000900745391846 -0.2781045436859131
-1.5899913311004639 -2.3076412677764893 -0.2836521267890930
-1.6133284568786621 -2.3152692317962646 -0.2879813313484192
-1.6368415355682373 -2.3229544162750244 -0.2910813093185425
-1.6385853290557861 -2.3183906078338623 0.7039495110511780
-1.6159389019012451 -2.3084375858306885 0.7008495330810547
-1.5934618711471558 -2.2985591888427734 0.6965203285217285
-1.5712101459503174 -2.2887799739837646 0.6909727454185486
-1.5492396354675293 -2.2791240215301514 0.6842204928398132
-1.5276043415069580 -2.2696154117584229 0.6762803792953491
-1.5063583850860596 -2.2602784633636475 0.6671721935272217
-1.4855544567108154 -2.2511348724365234 0.6569185256958008
-1.4652441740036011 -2.2422089576721191 0.6455448865890503
-1.4454784393310547 -2.2335219383239746 0.6330795288085938
-1.4263056516647339 -2.2250959873199463 0.6195534467697144
-1.4077743291854858 -2.2169516086578369 0.6050003170967102
-1.3899301290512085 -2.2091093063354492 0.5894563198089600
-1.3728173971176147 -2.2015881538391113 0.5729600191116333
-1.3564784526824951 -2.1944074630737305 0.5555524826049805
-1.3409543037414551 -2.1875848770141602 0.5372770428657532
-1.3262835741043091 -2.1811370849609375 0.5181789994239807
-1.3125025033950806 -2.1750805377960205 0.4983059167861938
-1.2996454238891602 -2.1694300174713135 0.4777072370052338
-1.2877442836761475 -2.1641998291015625 0.4564341008663177
-1.2768287658691406 -2.1594021320343018 0.4345394372940063
-1.2669259309768677 -2.1550500392913818 0.4120776653289795
-1.2580603361129761 -2.1511538028717041 0.3891046047210693
-1.2502542734146118 -2.1477231979370117 0.3656774163246155
-1.2435268163681030 -2.1447665691375732 0.3418543338775635
-1.2378948926925659 -2.1422913074493408 0.3176945745944977
-1.2333724498748779 -2.1403036117553711 0.2932581901550293
-1.2299708127975464 -2.1388087272644043 0.2686059474945068
-1.2276983261108398 -2.1378099918365479 0.2437991499900818
-1.2265607118606567 -2.1373100280761719 0.2188994586467743
-1.2265607118606567 -2.1373100280761719 0.1939687579870224
-1.2276983261108398 -2.1378099918365479 0.1690690666437149
-1.2299708127975464 -2.1388087272644043 0.1442622542381287
-1.2333724498748779 -2.1403036117553711 0.1196100115776062
-1.2378948926925659 -2.1422913074493408 0.0951736420392990
-1.2435268163681030 -2.1447665691375732 0.0710138678550720
-1.2502542734146118 -2.1477231979370117 0.0471907891333103
-1.2580603361129761 -2.1511538028717041 0.0237635988742113
-1.2669259309768677 -2.1550500392913818 0.0007905507227406
-1.2768287658691406 -2.1594021320343018 -0.0216712336987257
-1.2877442836761475 -2.1641998291015625 -0.0435659028589725
-1.2996454238891602 -2.1694300174713135 -0.0648390352725983
-1.3125025033950806 -2.1750805377960205 -0.0854377374053001
-1.3262835741043091 -2.1811370849609375 -0.1053108051419258
-1.3409543037414551 -2.1875848770141602 -0.1244088262319565
-1.3564784526824951 -2.1944074630737305 -0.1426842957735062
-1.3728173971176147 -2.2015881538391113 -0.1600918322801590
-1.3899301290512085 -2.2091093063354492 -0.1765881180763245
-1.4077743291854858 -2.2169516086578369 -0.1921321451663971
-1.4263056516647339 -2.2250959873199463 -0.2066852599382401
-1.4454784393310547 -2.2335219383239746 -0.2202113270759583
-1.4652441740036011 -2.2422089576721191 -0.2326766997575760
-1.4855544567108154 -2.2511348724365234 -0.2440503239631653
-1.5063583850860596 -2.2602784633636475 -0.2543039917945862
-1.5276043415069580 -2.2696154117584229 -0.2634122073650360
-1.5492396354675293 -2.2791240215301514 -0.2713522911071777
-1.5712101459503174 -2.2887799739837646 -0.2781045436859131
-1.5934618711471558 -2.2985591888427734 -0.2836521267890930
-1.6159389019012451 -2.3084375858306885 -0.2879813313484192
-1.6385853290557861 -2.3183906078338623 -0.2910813093185425
-1.6407681703567505 -2.3140196800231934 0.7039495110511780
-1.6192061901092529 -2.3018951416015625 0.7008495330810547
-1.5978056192398071 -2.2898609638214111 0.6965203285217285
-1.5766198635101318 -2.2779479026794434 0.6909727454185486
-1.5557013750076294 -2.2661850452423096 0.6842204928398132
-1.5351023674011230 -2.2546017169952393 0.6762803792953491
-1.5148739814758301 -2.2432265281677246 0.6671721935272217
-1.4950664043426514 -2.2320885658264160 0.6569185256958008
-1.4757287502288818 -2.2212145328521729 0.6455448865890503
-1.4569095373153687 -2.2106320858001709 0.6330795288085938
-1.4386551380157471 -2.2003672122955322 0.6195534467697144
-1.4210113286972046 -2.1904456615447998 0.6050003170967102
-1.4040216207504272 -2.1808922290802002 0.5894563198089600
-1.3877282142639160 -2.1717300415039062 0.5729600191116333
-1.3721721172332764 -2.1629824638366699 0.5555524826049805
-1.3573915958404541 -2.1546707153320312 0.5372770428657532
-1.3434234857559204 -2.1468162536621094 0.5181789994239807
-1.3303022384643555 -2.1394381523132324 0.4983059167861938
-1.3180609941482544 -2.1325545310974121 0.4777072370052338
-1.3067297935485840 -2.1261827945709229 0.4564341008663177
-1.2963371276855469 -2.1203386783599854 0.4345394372940063
-1.2869085073471069 -2.1150369644165039 0.4120776653289795
-1.2784675359725952 -2.1102902889251709 0.3891046047210693
-1.2710353136062622 -2.1061108112335205 0.3656774163246155
-1.2646300792694092 -2.1025090217590332 0.3418543338775635
-1.2592679262161255 -2.0994939804077148 0.3176945745944977
-1.2549620866775513 -2.0970723628997803 0.2932581901550293
-1.2517231702804565 -2.0952513217926025 0.2686059474945068
-1.2495595216751099 -2.0940349102020264 0.2437991499900818
-1.2484763860702515 -2.0934255123138428 0.2188994586467743
-1.2484763860702515 -2.0934255123138428 0.1939687579870224
-1.2495595216751099 -2.0940349102020264 0.1690690666437149
-1.2517231702804565 -2.0952513217926025 0.1442622542381287
-1.2549620866775513 -2.0970723628997803 0.1196100115776062
-1.2592679262161255 -2.0994939804077148 0.0951736420392990
-1.2646300792694092 -2.1025090217590332 0.0710138678550720
-1.2710353136062622 -2.1061108112335205 0.0471907891333103
-1.2784675359725952 -2.1102902889251709 0.0237635988742113
-1.2869085073471069 -2.1150369644165039 0.0007905507227406
-1.2963371276855469 -2.1203386783599854 -0.0216712336987257
-1.3067297935485840 -2.1261827945709229 -0.0435659028589725
-1.3180609941482544 -2.1325545310974121 -0.0648390352725983
-1.3303022384643555 -2.1394381523132324 -0.0854377374053001
-1.3434234857559204 -2.1468162536621094 -0.1053108051419258
-1.3573915958404541 -2.1546707153320312 -0.1244088262319565
-1.3721721172332764 -2.1629824638366699 -0.1426842957735062
-1.3877282142639160 -2.1717300415039062 -0.1600918322801590
-1.4040216207504272 -2.1808922290802002 -0.1765881180763245
-1.4210113286972046 -2.1904456615447998 -0.1921321451663971
-1.4386551380157471 -2.2003672122955322 -0.2066852599382401
-1.4569095373153687 -2.2106320858001709 -0.2202113270759583
-1.4757287502288818 -2.2212145328521729 -0.2326766997575760
-1.4950664043426514 -2.2320885658264160 -0.2440503239631653
-1.5148739814758301 -2.2432265281677246 -0.2543039917945862
-1.5351023674011230 -2.2546017169952393 -0.2634122073650360
-1.5557013750076294 -2.2661850452423096 -0.2713522911071777
-1.5766198635101318 -2.2779479026794434 -0.2781045436859131
-1.5978056192398071 -2.2898609638214111 -0.2836521267890930
-1.6192061901092529 -2.3018951416015625 -0.2879813313484192
-1.6407681703567505 -2.3140196800231934 -0.2910813093185425
-1.6433687210083008 -2.3098838329315186 0.7039495110511780
-1.6230992078781128 -2.2957041263580322 0.7008495330810547
-1.6029812097549438 -2.2816302776336670 0.6965203285217285
-1.5830651521682739 -2.2676980495452881 0.6909727454185486
-1.5634003877639771 -2.2539412975311279 0.6842204928398132
-1.5440359115600586 -2.2403945922851562 0.6762803792953491
-1.5250196456909180 -2.2270920276641846 0.6671721935272217
-1.5063991546630859 -2.2140660285949707 0.6569185256958008
-1.4882206916809082 -2.2013487815856934 0.6455448865890503
-1.4705293178558350 -2.1889727115631104 0.6330795288085938
-1.4533690214157104 -2.1769680976867676 0.6195534467697144
-1.4367825984954834 -2.1653649806976318 0.6050003170967102
-1.4208110570907593 -2.1541919708251953 0.5894563198089600
-1.4054943323135376 -2.1434769630432129 0.5729600191116333
-1.3908704519271851 -2.1332466602325439 0.5555524826049805
-1.3769756555557251 -2.1235268115997314 0.5372770428657532
-1.3638446331024170 -2.1143407821655273 0.5181789994239807
-1.3515099287033081 -2.1057121753692627 0.4983059167861938
-1.3400021791458130 -2.0976614952087402 0.4777072370052338
-1.3293503522872925 -2.0902099609375000 0.4564341008663177
-1.3195803165435791 -2.0833752155303955 0.4345394372940063
-1.3107168674468994 -2.0771746635437012 0.4120776653289795
-1.3027818202972412 -2.0716238021850586 0.3891046047210693
-1.2957949638366699 -2.0667359828948975 0.3656774163246155
-1.2897737026214600 -2.0625238418579102 0.3418543338775635
-1.2847329378128052 -2.0589973926544189 0.3176945745944977
-1.2806850671768188 -2.0561656951904297 0.2932581901550293
-1.2776403427124023 -2.0540359020233154 0.2686059474945068
-1.2756062746047974 -2.0526130199432373 0.2437991499900818
-1.2745881080627441 -2.0519006252288818 0.2188994586467743
-1.2745881080627441 -2.0519006252288818 0.1939687579870224
-1.2756062746047974 -2.0526130199432373 0.1690690666437149
-1.2776403427124023 -2.0540359020233154 0.1442622542381287
-1.2806850671768188 -2.0561656951904297 0.1196100115776062
-1.2847329378128052 -2.0589973926544189 0.0951736420392990
-1.2897737026214600 -2.0625238418579102 0.0710138678550720
-1.2957949638366699 -2.0667359828948975 0.0471907891333103
-1.3027818202972412 -2.0716238021850586 0.0237635988742113
-1.3107168674468994 -2.0771746635437012 0.0007905507227406
-1.3195803165435791 -2.0833752155303955 -0.0216712336987257
-1.3293503522872925 -2.0902099609375000 -0.0435659028589725
-1.3400021791458130 -2.0976614952087402 -0.0648390352725983
-1.3515099287033081 -2.1057121753692627 -0.0854377374053001
-1.3638446331024170 -2.1143407821655273 -0.1053108051419258
-1.3769756555557251 -2.1235268115997314 -0.1244088262319565
-1.3908704519271851 -2.1332466602325439 -0.1426842957735062
-1.4054943323135376 -2.1434769630432129 -0.1600918322801590
-1.4208110570907593 -2.1541919708251953 -0.1765881180763245
-1.4367825984954834 -2.1653649806976318 -0.1921321451663971
-1.4533690214157104 -2.1769680976867676 -0.2066852599382401
-1.4705293178558350 -2.1889727115631104 -0.2202113270759583
-1.4882206916809082 -2.2013487815856934 -0.2326766997575760
-1.5063991546630859 -2.2140660285949707 -0.2440503239631653
-1.5250196456909180 -2.2270920276641846 -0.2543039917945862
-1.5440359115600586 -2.2403945922851562 -0.2634122073650360
-1.5634003877639771 -2.2539412975311279 -0.2713522911071777
-1.5830651521682739 -2.2676980495452881 -0.2781045436859131
-1.6029812097549438 -2.2816302776336670 -0.2836521267890930
-1.6230992078781128 -2.2957041263580322 -0.2879813313484192
-1.6433687210083008 -2.3098838329315186 -0.2910813093185425
-1.6463624238967896 -2.3060228824615479 0.7039495110511780
-1.6275801658630371 -2.2899246215820312 0.7008495330810547
-1.6089385747909546 -2.2739467620849609 0.6965203285217285
-1.5904841423034668 -2.2581293582916260 0.6909727454185486
-1.5722622871398926 -2.2425112724304199 0.6842204928398132
-1.5543187856674194 -2.2271320819854736 0.6762803792953491
-1.5366982221603394 -2.2120294570922852 0.6671721935272217
-1.5194442272186279 -2.1972408294677734 0.6569185256958008
-1.5025994777679443 -2.1828033924102783 0.6455448865890503
-1.4862064123153687 -2.1687526702880859 0.6330795288085938
-1.4703055620193481 -2.1551239490509033 0.6195534467697144
-1.4549361467361450 -2.1419508457183838 0.6050003170967102
-1.4401366710662842 -2.1292662620544434 0.5894563198089600
-1.4259439706802368 -2.1171014308929443 0.5729600191116333
-1.4123934507369995 -2.1054873466491699 0.5555524826049805
-1.3995181322097778 -2.0944519042968750 0.5372770428657532
-1.3873506784439087 -2.0840232372283936 0.5181789994239807
-1.3759213685989380 -2.0742268562316895 0.4983059167861938
-1.3652580976486206 -2.0650875568389893 0.4777072370052338
-1.3553878068923950 -2.0566275119781494 0.4564341008663177
-1.3463346958160400 -2.0488679409027100 0.4345394372940063
-1.3381217718124390 -2.0418288707733154 0.4120776653289795
-1.3307690620422363 -2.0355267524719238 0.3891046047210693
-1.3242949247360229 -2.0299777984619141 0.3656774163246155
-1.3187154531478882 -2.0251955986022949 0.3418543338775635
-1.3140444755554199 -2.0211920738220215 0.3176945745944977
-1.3102936744689941 -2.0179772377014160 0.2932581901550293
-1.3074723482131958 -2.0155591964721680 0.2686059474945068
-1.3055876493453979 -2.0139436721801758 0.2437991499900818
-1.3046441078186035 -2.0131351947784424 0.2188994586467743
-1.3046441078186035 -2.0131351947784424 0.1939687579870224
-1.3055876493453979 -2.0139436721801758 0.1690690666437149
-1.3074723482131958 -2.0155591964721680 0.1442622542381287
-1.3102936744689941 -2.0179772377014160 0.1196100115776062
-1.3140444755554199 -2.0211920738220215 0.0951736420392990
-1.3187154531478882 -2.0251955986022949 0.0710138678550720
-1.3242949247360229 -2.0299777984619141 0.0471907891333103
-1.3307690620422363 -2.0355267524719238 0.0237635988742113
-1.3381217718124390 -2.0418288707733154 0.0007905507227406
-1.3463346958160400 -2.0488679409027100 -0.0216712336987257
-1.3553878068923950 -2.0566275119781494 -0.0435659028589725
-1.3652580976486206 -2.0650875568389893 -0.0648390352725983
-1.3759213685989380 -2.0742268562316895 -0.0854377374053001
-1.3873506784439087 -2.0840232372283936 -0.1053108051419258
-1.3995181322097778 -2.0944519042968750 -0.1244088262319565
-1.4123934507369995 -2.1054873466491699 -0.1426842957735062
-1.4259439706802368 -2.1171014308929443 -0.1600918322801590
-1.4401366710662842 -2.1292662620544434 -0.1765881180763245
-1.4549361467361450 -2.1419508457183838 -0.1921321451663971
-1.4703055620193481 -2.1551239490509033 -0.2066852599382401
-1.4862064123153687 -2.1687526702880859 -0.2202113270759583
-1.5025994777679443 -2.1828033924102783 -0.2326766997575760
-1.5194442272186279 -2.1972408294677734 -0.2440503239631653
-1.5366982221603394 -2.2120294570922852 -0.2543039917945862
-1.5543187856674194 -2.2271320819854736 -0.2634122073650360
-1.5722622871398926 -2.2425112724304199 -0.2713522911071777
-1.5904841423034668 -2.2581293582916260 -0.2781045436859131
-1.6089385747909546 -2.2739467620849609 -0.2836521267890930
-1.6275801658630371 -2.2899246215820312 -0.2879813313484192
-1.6463624238967896 -2.3060228824615479 -0.2910813093185425
-1.6497199535369873 -2.3024740219116211 0.7039495110511780
-1.6326061487197876 -2.2846119403839111 0.7008495330810547
-1.6156203746795654 -2.2668838500976562 0.6965203285217285
-1.5988050699234009 -2.2493338584899902 0.6909727454185486
-1.5822020769119263 -2.2320053577423096 0.6842204928398132
-1.5658524036407471 -2.2149412631988525 0.6762803792953491
-1.5497967004776001 -2.1981840133666992 0.6671721935272217
-1.5340754985809326 -2.1817753314971924 0.6569185256958008
-1.5187271833419800 -2.1657564640045166 0.6455448865890503
-1.5037900209426880 -2.1501665115356445 0.6330795288085938
-1.4893016815185547 -2.1350450515747070 0.6195534467697144
-1.4752974510192871 -2.1204290390014648 0.6050003170967102
-1.4618126153945923 -2.1063547134399414 0.5894563198089600
-1.4488804340362549 -2.0928575992584229 0.5729600191116333
-1.4365334510803223 -2.0799708366394043 0.5555524826049805
-1.4248019456863403 -2.0677268505096436 0.5372770428657532
-1.4137153625488281 -2.0561556816101074 0.5181789994239807
-1.4033010005950928 -2.0452861785888672 0.4983059167861938
-1.3935849666595459 -2.0351455211639404 0.4777072370052338
-1.3845914602279663 -2.0257589817047119 0.4564341008663177
-1.3763425350189209 -2.0171496868133545 0.4345394372940063
-1.3688590526580811 -2.0093390941619873 0.4120776653289795
-1.3621594905853271 -2.0023467540740967 0.3891046047210693
-1.3562605381011963 -1.9961899518966675 0.3656774163246155
-1.3511765003204346 -1.9908837080001831 0.3418543338775635
-1.3469203710556030 -1.9864417314529419 0.3176945745944977
-1.3435028791427612 -1.9828747510910034 0.2932581901550293
-1.3409322500228882 -1.9801918268203735 0.2686059474945068
-1.3392149209976196 -1.9783993959426880 0.2437991499900818
-1.3383553028106689 -1.9775021076202393 0.2188994586467743
-1.3383553028106689 -1.9775021076202393 0.1939687579870224
-1.3392149209976196 -1.9783993959426880 0.1690690666437149
-1.3409322500228882 -1.9801918268203735 0.1442622542381287
-1.3435028791427612 -1.9828747510910034 0.1196100115776062
-1.3469203710556030 -1.9864417314529419 0.0951736420392990
-1.3511765003204346 -1.9908837080001831 0.0710138678550720
-1.3562605381011963 -1.9961899518966675 0.0471907891333103
-1.3621594905853271 -2.0023467540740967 0.0237635988742113
-1.3688590526580811 -2.0093390941619873 0.0007905507227406
-1.3763425350189209 -2.0171496868133545 -0.0216712336987257
-1.3845914602279663 -2.0257589817047119 -0.0435659028589725
-1.3935849666595459 -2.0351455211639404 -0.0648390352725983
-1.4033010005950928 -2.0452861785888672 -0.0854377374053001
-1.4137153625488281 -2.0561556816101074 -0.1053108051419258
-1.4248019456863403 -2.0677268505096436 -0.1244088262319565
-1.4365334510803223 -2.0799708366394043 -0.1426842957735062
-1.4488804340362549 -2.0928575992584229 -0.1600918322801590
-1.4618126153945923 -2.1063547134399414 -0.1765881180763245
-1.4752974510192871 -2.1204290390014648 -0.1921321451663971
-1.4893016815185547 -2.1350450515747070 -0.2066852599382401
-1.5037900209426880 -2.1501665115356445 -0.2202113270759583
-1.5187271833419800 -2.1657564640045166 -0.2326766997575760
-1.5340754985809326 -2.1817753314971924 -0.2440503239631653
-1.5497967004776001 -2.1981840133666992 -0.2543039917945862
-1.5658524036407471 -2.2149412631988525 -0.2634122073650360
-1.5822020769119263 -2.2320053577423096 -0.2713522911071777
-1.5988050699234009 -2.2493338584899902 -0.2781045436859131
-1.6156203746795654 -2.2668838500976562 -0.2836521267890930
-1.6326061487197876 -2.2846119403839111 -0.2879813313484192
-1.6497199535369873 -2.3024740219116211 -0.2910813093185425
-1.6534091234207153 -2.2992711067199707 0.7039495110511780
-1.6381285190582275 -2.2798175811767578 0.7008495330810547
-1.6229622364044189 -2.2605102062225342 0.6965203285217285
-1.6079481840133667 -2.2413964271545410 0.6909727454185486
-1.5931234359741211 -2.2225239276885986 0.6842204928398132
-1.5785251855850220 -2.2039394378662109 0.6762803792953491
-1.5641894340515137 -2.1856889724731445 0.6671721935272217
-1.5501521825790405 -2.1678187847137451 0.6569185256958008
-1.5364478826522827 -2.1503725051879883 0.6455448865890503
-1.5231107473373413 -2.1333937644958496 0.6330795288085938
-1.5101740360260010 -2.1169245243072510 0.6195534467697144
-1.4976701736450195 -2.1010062694549561 0.6050003170967102
-1.4856296777725220 -2.0856781005859375 0.5894563198089600
-1.4740830659866333 -2.0709786415100098 0.5729600191116333
-1.4630584716796875 -2.0569434165954590 0.5555524826049805
-1.4525835514068604 -2.0436084270477295 0.5372770428657532
-1.4426845312118530 -2.0310063362121582 0.5181789994239807
-1.4333857297897339 -2.0191683769226074 0.4983059167861938
-1.4247105121612549 -2.0081245899200439 0.4777072370052338
-1.4166802167892456 -1.9979013204574585 0.4564341008663177
-1.4093149900436401 -1.9885251522064209 0.4345394372940063
-1.4026330709457397 -1.9800184965133667 0.4120776653289795
-1.3966510295867920 -1.9724032878875732 0.3891046047210693
-1.3913838863372803 -1.9656977653503418 0.3656774163246155
-1.3868446350097656 -1.9599189758300781 0.3418543338775635
-1.3830443620681763 -1.9550809860229492 0.3176945745944977
-1.3799929618835449 -1.9511964321136475 0.2932581901550293
-1.3776975870132446 -1.9482743740081787 0.2686059474945068
-1.3761641979217529 -1.9463223218917847 0.2437991499900818
-1.3753966093063354 -1.9453450441360474 0.2188994586467743
-1.3753966093063354 -1.9453450441360474 0.1939687579870224
-1.3761641979217529 -1.9463223218917847 0.1690690666437149
-1.3776975870132446 -1.9482743740081787 0.1442622542381287
-1.3799929618835449 -1.9511964321136475 0.1196100115776062
-1.3830443620681763 -1.9550809860229492 0.0951736420392990
-1.3868446350097656 -1.9599189758300781 0.0710138678550720
-1.3913838863372803 -1.9656977653503418 0.0471907891333103
-1.3966510295867920 -1.9724032878875732 0.0237635988742113
-1.4026330709457397 -1.9800184965133667 0.0007905507227406
-1.4093149900436401 -1.9885251522064209 -0.0216712336987257
-1.4166802167892456 -1.9979013204574585 -0.0435659028589725
-1.4247105121612549 -2.0081245899200439 -0.0648390352725983
-1.4333857297897339 -2.0191683769226074 -0.0854377374053001
-1.4426845312118530 -2.0310063362121582 -0.1053108051419258
-1.4525835514068604 -2.0436084270477295 -0.1244088262319565
-1.4630584716796875 -2.0569434165954590 -0.1426842957735062
-1.4740830659866333 -2.0709786415100098 -0.1600918322801590
-1.4856296777725220 -2.0856781005859375 -0.1765881180763245
-1.4976701736450195 -2.1010062694549561 -0.1921321451663971
-1.5101740360260010 -2.1169245243072510 -0.2066852599382401
-1.5231107473373413 -2.1333937644958496 -0.2202113270759583
-1.5364478826522827 -2.1503725051879883 -0.2326766997575760
-1.5501521825790405 -2.1678187847137451 -0.2440503239631653
-1.5641894340515137 -2.1856889724731445 -0.2543039917945862
-1.5785251855850220 -2.2039394378662109 -0.2634122073650360
-1.5931234359741211 -2.2225239276885986 -0.2713522911071777
-1.6079481840133667 -2.2413964271545410 -0.2781045436859131
-1.6229622364044189 -2.2605102062225342 -0.2836521267890930
-1.6381285190582275 -2.2798175811767578 -0.2879813313484192
-1.6534091234207153 -2.2992711067199707 -0.2910813093185425
-1.6573947668075562 -2.2964453697204590 0.7039495110511780
-1.6440943479537964 -2.2755877971649170 0.7008495330810547
-1.6308935880661011 -2.2548868656158447 0.6965203285217285
-1.6178250312805176 -2.2343933582305908 0.6909727454185486
-1.6049218177795410 -2.2141585350036621 0.6842204928398132
-1.5922152996063232 -2.1942327022552490 0.6762803792953491
-1.5797375440597534 -2.1746654510498047 0.6671721935272217
-1.5675193071365356 -2.1555049419403076 0.6569185256958008
-1.5555909872055054 -2.1367995738983154 0.6455448865890503
-1.5439825057983398 -2.1185951232910156 0.6330795288085938
-1.5327224731445312 -2.1009373664855957 0.6195534467697144
-1.5218389034271240 -2.0838699340820312 0.6050003170967102
-1.5113588571548462 -2.0674357414245605 0.5894563198089600
-1.5013085603713989 -2.0516748428344727 0.5729600191116333
-1.4917128086090088 -2.0366270542144775 0.5555524826049805
-1.4825953245162964 -2.0223293304443359 0.5372770428657532
-1.4739792346954346 -2.0088176727294922 0.5181789994239807
-1.4658855199813843 -1.9961254596710205 0.4983059167861938
-1.4583344459533691 -1.9842841625213623 0.4777072370052338
-1.4513450860977173 -1.9733232259750366 0.4564341008663177
-1.4449342489242554 -1.9632703065872192 0.4345394372940063
-1.4391182661056519 -1.9541498422622681 0.4120776653289795
-1.4339114427566528 -1.9459846019744873 0.3891046047210693
-1.4293270111083984 -1.9387952089309692 0.3656774163246155
-1.4253760576248169 -1.9325994253158569 0.3418543338775635
-1.4220684766769409 -1.9274125099182129 0.3176945745944977
-1.4194122552871704 -1.9232473373413086 0.2932581901550293
-1.4174144268035889 -1.9201143980026245 0.2686059474945068
-1.4160797595977783 -1.9180214405059814 0.2437991499900818
-1.4154115915298462 -1.9169735908508301 0.2188994586467743
-1.4154115915298462 -1.9169735908508301 0.1939687579870224
-1.4160797595977783 -1.9180214405059814 0.1690690666437149
-1.4174144268035889 -1.9201143980026245 0.1442622542381287
-1.4194122552871704 -1.9232473373413086 0.1196100115776062
-1.4220684766769409 -1.9274125099182129 0.0951736420392990
-1.4253760576248169 -1.9325994253158569 0.0710138678550720
-1.4293270111083984 -1.9387952089309692 0.0471907891333103
-1.4339114427566528 -1.9459846019744873 0.0237635988742113
-1.4391182661056519 -1.9541498422622681 0.0007905507227406
-1.4449342489242554 -1.9632703065872192 -0.0216712336987257
-1.4513450860977173 -1.9733232259750366 -0.0435659028589725
-1.4583344459533691 -1.9842841625213623 -0.0648390352725983
-1.4658855199813843 -1.9961254596710205 -0.0854377374053001
-1.4739792346954346 -2.0088176727294922 -0.1053108051419258
-1.4825953245162964 -2.0223293304443359 -0.1244088262319565
-1.4917128086090088 -2.0366270542144775 -0.1426842957735062
-1.5013085603713989 -2.0516748428344727 -0.1600918322801590
-1.5113588571548462 -2.0674357414245605 -0.1765881180763245
-1.5218389034271240 -2.0838699340820312 -0.1921321451663971
-1.5327224731445312 -2.1009373664855957 -0.2066852599382401
-1.5439825057983398 -2.1185951232910156 -0.2202113270759583
-1.5555909872055054 -2.1367995738983154 -0.2326766997575760
-1.5675193071365356 -2.1555049419403076 -0.2440503239631653
-1.5797375440597534 -2.1746654510498047 -0.2543039917945862
-1.5922152996063232 -2.1942327022552490 -0.2634122073650360
-1.6049218177795410 -2.2141585350036621 -0.2713522911071777
-1.6178250312805176 -2.2343933582305908 -0.2781045436859131
-1.6308935880661011 -2.2548868656158447 -0.2836521267890930
-1.6440943479537964 -2.2755877971649170 -0.2879813313484192
-1.6573947668075562 -2.2964453697204590 -0.2910813093185425
-1.6616380214691162 -2.2940237522125244 0.7039495110511780
-1.6504459381103516 -2.2719633579254150 0.7008495330810547
-1.6393378973007202 -2.2500679492950439 0.6965203285217285
-1.6283410787582397 -2.2283923625946045 0.6909727454185486
-1.6174830198287964 -2.2069900035858154 0.6842204928398132
-1.6067909002304077 -2.1859145164489746 0.6762803792953491
-1.5962910652160645 -2.1652185916900635 0.6671721935272217
-1.5860097408294678 -2.1449527740478516 0.6569185256958008
-1.5759724378585815 -2.1251683235168457 0.6455448865890503
-1.5662040710449219 -2.1059136390686035 0.6330795288085938
-1.5567289590835571 -2.0872373580932617 0.6195534467697144
-1.5475708246231079 -2.0691854953765869 0.6050003170967102
-1.5387520790100098 -2.0518028736114502 0.5894563198089600
-1.5302948951721191 -2.0351328849792480 0.5729600191116333
-1.5222202539443970 -2.0192170143127441 0.5555524826049805
-1.5145483016967773 -2.0040946006774902 0.5372770428657532
-1.5072978734970093 -1.9898033142089844 0.5181789994239807
-1.5004873275756836 -1.9763787984848022 0.4983059167861938
-1.4941333532333374 -1.9638545513153076 0.4777072370052338
-1.4882518053054810 -1.9522612094879150 0.4564341008663177
-1.4828573465347290 -1.9416283369064331 0.4345394372940063
-1.4779633283615112 -1.9319816827774048 0.4120776653289795
-1.4735819101333618 -1.9233455657958984 0.3891046047210693
-1.4697241783142090 -1.9157412052154541 0.3656774163246155
-1.4663995504379272 -1.9091880321502686 0.3418543338775635
-1.4636161327362061 -1.9037019014358521 0.3176945745944977
-1.4613811969757080 -1.8992966413497925 0.2932581901550293
-1.4597001075744629 -1.8959829807281494 0.2686059474945068
-1.4585770368576050 -1.8937690258026123 0.2437991499900818
-1.4580147266387939 -1.8926609754562378 0.2188994586467743
-1.4580147266387939 -1.8926609754562378 0.1939687579870224
-1.4585770368576050 -1.8937690258026123 0.1690690666437149
-1.4597001075744629 -1.8959829807281494 0.1442622542381287
-1.4613811969757080 -1.8992966413497925 0.1196100115776062
-1.4636161327362061 -1.9037019014358521 0.0951736420392990
-1.4663995504379272 -1.9091880321502686 0.0710138678550720
-1.4697241783142090 -1.9157412052154541 0.0471907891333103
-1.4735819101333618 -1.9233455657958984 0.0237635988742113
-1.4779633283615112 -1.9319816827774048 0.0007905507227406
-1.4828573465347290 -1.9416283369064331 -0.0216712336987257
-1.4882518053054810 -1.9522612094879150 -0.0435659028589725
-1.4941333532333374 -1.9638545513153076 -0.0648390352725983
-1.5004873275756836 -1.9763787984848022 -0.0854377374053001
-1.5072978734970093 -1.9898033142089844 -0.1053108051419258
-1.5145483016967773 -2.0040946006774902 -0.1244088262319565
-1.5222202539443970 -2.0192170143127441 -0.1426842957735062
-1.5302948951721191 -2.0351328849792480 -0.1600918322801590
-1.5387520790100098 -2.0518028736114502 -0.1765881180763245
-1.5475708246231079 -2.0691854953765869 -0.1921321451663971
-1.5567289590835571 -2.0872373580932617 -0.2066852599382401
-1.5662040710449219 -2.1059136390686035 -0.2202113270759583
-1.5759724378585815 -2.1251683235168457 -0.2326766997575760
-1.5860097408294678 -2.1449527740478516 -0.2440503239631653
-1.5962910652160645 -2.1652185916900635 -0.2543039917945862
-1.6067909002304077 -2.1859145164489746 -0.2634122073650360
-1.6174830198287964 -2.2069900035858154 -0.2713522911071777
-1.6283410787582397 -2.2283923625946045 -0.2781045436859131
-1.6393378973007202 -2.2500679492950439 -0.2836521267890930
-1.6504459381103516 -2.2719633579254150 -0.2879813313484192
-1.6616380214691162 -2.2940237522125244 -0.2910813093185425
-1.6660981178283691 -2.2920300960540771 0.7039495110511780
-1.6571224927902222 -2.2689785957336426 0.7008495330810547
-1.6482138633728027 -2.2460997104644775 0.6965203285217285
-1.6393945217132568 -2.2234506607055664 0.6909727454185486
-1.6306866407394409 -2.2010872364044189 0.6842204928398132
-1.6221117973327637 -2.1790652275085449 0.6762803792953491
-1.6136912107467651 -2.1574397087097168 0.6671721935272217
-1.6054457426071167 -2.1362638473510742 0.6569185256958008
-1.5973958969116211 -2.1155908107757568 0.6455448865890503
-1.5895618200302124 -2.0954716205596924 0.6330795288085938
-1.5819629430770874 -2.0759563446044922 0.6195534467697144
-1.5746182203292847 -2.0570933818817139 0.6050003170967102
-1.5675458908081055 -2.0389304161071777 0.5894563198089600
-1.5607633590698242 -2.0215115547180176 0.5729600191116333
-1.5542876720428467 -2.0048809051513672 0.5555524826049805
-1.5481348037719727 -1.9890792369842529 0.5372770428657532
-1.5423201322555542 -1.9741462469100952 0.5181789994239807
-1.5368582010269165 -1.9601190090179443 0.4983059167861938
-1.5317623615264893 -1.9470320940017700 0.4777072370052338
-1.5270454883575439 -1.9349180459976196 0.4564341008663177
-1.5227191448211670 -1.9238076210021973 0.4345394372940063
-1.5187942981719971 -1.9137278795242310 0.4120776653289795
-1.5152806043624878 -1.9047037363052368 0.3891046047210693
-1.5121866464614868 -1.8967580795288086 0.3656774163246155
-1.5095202922821045 -1.8899104595184326 0.3418543338775635
-1.5072882175445557 -1.8841780424118042 0.3176945745944977
-1.5054955482482910 -1.8795747756958008 0.2932581901550293
-1.5041475296020508 -1.8761122226715088 0.2686059474945068
-1.5032469034194946 -1.8737990856170654 0.2437991499900818
-1.5027959346771240 -1.8726410865783691 0.2188994586467743
-1.5027959346771240 -1.8726410865783691 0.1939687579870224
-1.5032469034194946 -1.8737990856170654 0.1690690666437149
-1.5041475296020508 -1.8761122226715088 0.1442622542381287
-1.5054955482482910 -1.8795747756958008 0.1196100115776062
-1.5072882175445557 -1.8841780424118042 0.0951736420392990
-1.5095202922821045 -1.8899104595184326 0.0710138678550720
-1.5121866464614868 -1.8967580795288086 0.0471907891333103
-1.5152806043624878 -1.9047037363052368 0.0237635988742113
-1.5187942981719971 -1.9137278795242310 0.0007905507227406
-1.5227191448211670 -1.9238076210021973 -0.0216712336987257
-1.5270454883575439 -1.9349180459976196 -0.0435659028589725
-1.5317623615264893 -1.9470320940017700 -0.0648390352725983
-1.5368582010269165 -1.9601190090179443 -0.0854377374053001
-1.5423201322555542 -1.9741462469100952 -0.1053108051419258
-1.5481348037719727 -1.9890792369842529 -0.1244088262319565
-1.5542876720428467 -2.0048809051513672 -0.1426842957735062
-1.5607633590698242 -2.0215115547180176 -0.1600918322801590
-1.5675458908081055 -2.0389304161071777 -0.1765881180763245
-1.5746182203292847 -2.0570933818817139 -0.1921321451663971
-1.5819629430770874 -2.0759563446044922 -0.2066852599382401
-1.5895618200302124 -2.0954716205596924 -0.2202113270759583
-1.5973958969116211 -2.1155908107757568 -0.2326766997575760
-1.6054457426071167 -2.1362638473510742 -0.2440503239631653
-1.6136912107467651 -2.1574397087097168 -0.2543039917945862
-1.6221117973327637 -2.1790652275085449 -0.2634122073650360
-1.6306866407394409 -2.2010872364044189 -0.2713522911071777
-1.6393945217132568 -2.2234506607055664 -0.2781045436859131
-1.6482138633728027 -2.2460997104644775 -0.2836521267890930
-1.6571224927902222 -2.2689785957336426 -0.2879813313484192
-1.6660981178283691 -2.2920300960540771 -0.2910813093185425
-1.6707321405410767 -2.2904825210571289 0.7039495110511780
-1.6640590429306030 -2.2666623592376709 0.7008495330810547
-1.6574360132217407 -2.2430207729339600 0.6965203285217285
-1.6508792638778687 -2.2196164131164551 0.6909727454185486
-1.6444052457809448 -2.1965069770812988 0.6842204928398132
-1.6380301713943481 -2.1737508773803711 0.6762803792953491
-1.6317697763442993 -2.1514034271240234 0.6671721935272217
-1.6256395578384399 -2.1295218467712402 0.6569185256958008
-1.6196548938751221 -2.1081590652465820 0.6455448865890503
-1.6138308048248291 -2.0873687267303467 0.6330795288085938
-1.6081811189651489 -2.0672028064727783 0.6195534467697144
-1.6027207374572754 -2.0477108955383301 0.6050003170967102
-1.5974625349044800 -2.0289418697357178 0.5894563198089600
-1.5924201011657715 -2.0109426975250244 0.5729600191116333
-1.5876057147979736 -1.9937570095062256 0.5555524826049805
-1.5830312967300415 -1.9774284362792969 0.5372770428657532
-1.5787082910537720 -1.9619973897933960 0.5181789994239807
-1.5746475458145142 -1.9475022554397583 0.4983059167861938
-1.5708590745925903 -1.9339789152145386 0.4777072370052338
-1.5673522949218750 -1.9214609861373901 0.4564341008663177
-1.5641359090805054 -1.9099799394607544 0.4345394372940063
-1.5612179040908813 -1.8995637893676758 0.4120776653289795
-1.5586053133010864 -1.8902391195297241 0.3891046047210693
-1.5563052892684937 -1.8820282220840454 0.3656774163246155
-1.5543229579925537 -1.8749521970748901 0.3418543338775635
-1.5526633262634277 -1.8690284490585327 0.3176945745944977
-1.5513306856155396 -1.8642718791961670 0.2932581901550293
-1.5503283739089966 -1.8606936931610107 0.2686059474945068
-1.5496588945388794 -1.8583035469055176 0.2437991499900818
-1.5493236780166626 -1.8571068048477173 0.2188994586467743
-1.5493236780166626 -1.8571068048477173 0.1939687579870224
-1.5496588945388794 -1.8583035469055176 0.1690690666437149
-1.5503283739089966 -1.8606936931610107 0.1442622542381287
-1.5513306856155396 -1.8642718791961670 0.1196100115776062
-1.5526633262634277 -1.8690284490585327 0.0951736420392990
-1.5543229579925537 -1.8749521970748901 0.0710138678550720
-1.5563052892684937 -1.8820282220840454 0.0471907891333103
-1.5586053133010864 -1.8902391195297241 0.0237635988742113
-1.5612179040908813 -1.8995637893676758 0.0007905507227406
-1.5641359090805054 -1.9099799394607544 -0.0216712336987257
-1.5673522949218750 -1.9214609861373901 -0.0435659028589725
-1.5708590745925903 -1.9339789152145386 -0.0648390352725983
-1.5746475458145142 -1.9475022554397583 -0.0854377374053001
-1.5787082910537720 -1.9619973897933960 -0.1053108051419258
-1.5830312967300415 -1.9774284362792969 -0.1244088262319565
-1.5876057147979736 -1.9937570095062256 -0.1426842957735062
-1.5924201011657715 -2.0109426975250244 -0.1600918322801590
-1.5974625349044800 -2.0289418697357178 -0.1765881180763245
-1.6027207374572754 -2.0477108955383301 -0.1921321451663971
-1.6081811189651489 -2.0672028064727783 -0.2066852599382401
-1.6138308048248291 -2.0873687267303467 -0.2202113270759583
-1.6196548938751221 -2.1081590652465820 -0.2326766997575760
-1.6256395578384399 -2.1295218467712402 -0.2440503239631653
-1.6317697763442993 -2.1514034271240234 -0.2543039917945862
-1.6380301713943481 -2.1737508773803711 -0.2634122073650360
-1.6444052457809448 -2.1965069770812988 -0.2713522911071777
-1.6508792638778687 -2.2196164131164551 -0.2781045436859131
-1.6574360132217407 -2.2430207729339600 -0.2836521267890930
-1.6640590429306030 -2.2666623592376709 -0.2879813313484192
-1.6707321405410767 -2.2904825210571289 -0.2910813093185425
-1.6754956245422363 -2.2893972396850586 0.7039495110511780
-1.6711893081665039 -2.2650375366210938 0.7008495330810547
-1.6669155359268188 -2.2408604621887207 0.6965203285217285
-1.6626843214035034 -2.2169260978698730 0.6909727454185486
-1.6585067510604858 -2.1932938098907471 0.6842204928398132
-1.6543928384780884 -2.1700220108032227 0.6762803792953491
-1.6503529548645020 -2.1471688747406006 0.6671721935272217
-1.6463971138000488 -2.1247913837432861 0.6569185256958008
-1.6425352096557617 -2.1029450893402100 0.6455448865890503
-1.6387768983840942 -2.0816838741302490 0.6330795288085938
-1.6351311206817627 -2.0610613822937012 0.6195534467697144
-1.6316074132919312 -2.0411283969879150 0.6050003170967102
-1.6282143592834473 -2.0219342708587646 0.5894563198089600
-1.6249604225158691 -2.0035271644592285 0.5729600191116333
-1.6218535900115967 -1.9859523773193359 0.5555524826049805
-1.6189017295837402 -1.9692543745040894 0.5372770428657532
-1.6161119937896729 -1.9534738063812256 0.5181789994239807
-1.6134915351867676 -1.9386502504348755 0.4983059167861938
-1.6110467910766602 -1.9248207807540894 0.4777072370052338
-1.6087839603424072 -1.9120196104049683 0.4564341008663177
-1.6067084074020386 -1.9002784490585327 0.4345394372940063
-1.6048253774642944 -1.8896263837814331 0.4120776653289795
-1.6031397581100464 -1.8800904750823975 0.3891046047210693
-1.6016552448272705 -1.8716939687728882 0.3656774163246155
-1.6003758907318115 -1.8644576072692871 0.3418543338775635
-1.5993050336837769 -1.8583996295928955 0.3176945745944977
-1.5984452962875366 -1.8535351753234863 0.2932581901550293
-1.5977983474731445 -1.8498761653900146 0.2686059474945068
-1.5973660945892334 -1.8474317789077759 0.2437991499900818
-1.5971499681472778 -1.8462079763412476 0.2188994586467743
-1.5971499681472778 -1.8462079763412476 0.1939687579870224
-1.5973660945892334 -1.8474317789077759 0.1690690666437149
-1.5977983474731445 -1.8498761653900146 0.1442622542381287
-1.5984452962875366 -1.8535351753234863 0.1196100115776062
-1.5993050336837769 -1.8583996295928955 0.0951736420392990
-1.6003758907318115 -1.8644576072692871 0.0710138678550720
-1.6016552448272705 -1.8716939687728882 0.0471907891333103
-1.6031397581100464 -1.8800904750823975 0.0237635988742113
-1.6048253774642944 -1.8896263837814331 0.0007905507227406
-1.6067084074020386 -1.9002784490585327 -0.0216712336987257
-1.6087839603424072 -1.9120196104049683 -0.0435659028589725
-1.6110467910766602 -1.9248207807540894 -0.0648390352725983
-1.6134915351867676 -1.9386502504348755 -0.0854377374053001
-1.6161119937896729 -1.9534738063812256 -0.1053108051419258
-1.6189017295837402 -1.9692543745040894 -0.1244088262319565
-1.6218535900115967 -1.9859523773193359 -0.1426842957735062
-1.6249604225158691 -2.0035271644592285 -0.1600918322801590
-1.6282143592834473 -2.0219342708587646 -0.1765881180763245
-1.6316074132919312 -2.0411283969879150 -0.1921321451663971
-1.6351311206817627 -2.0610613822937012 -0.2066852599382401
-1.6387768983840942 -2.0816838741302490 -0.2202113270759583
-1.6425352096557617 -2.1029450893402100 -0.2326766997575760
-1.6463971138000488 -2.1247913837432861 -0.2440503239631653
-1.6503529548645020 -2.1471688747406006 -0.2543039917945862
-1.6543928384780884 -2.1700220108032227 -0.2634122073650360
-1.6585067510604858 -2.1932938098907471 -0.2713522911071777
-1.6626843214035034 -2.2169260978698730 -0.2781045436859131
-1.6669155359268188 -2.2408604621887207 -0.2836521267890930
-1.6711893081665039 -2.2650375366210938 -0.2879813313484192
-1.6754956245422363 -2.2893972396850586 -0.2910813093185425
-1.6803426742553711 -2.2887837886810303 0.7039495110511780
-1.6784448623657227 -2.2641196250915527 0.7008495330810547
-1.6765612363815308 -2.2396399974822998 0.6965203285217285
-1.6746965646743774 -2.2154059410095215 0.6909727454185486
-1.6728551387786865 -2.1914777755737305 0.6842204928398132
-1.6710422039031982 -2.1679148674011230 0.6762803792953491
-1.6692616939544678 -2.1447761058807373 0.6671721935272217
-1.6675183773040771 -2.1221184730529785 0.6569185256958008
-1.6658163070678711 -2.0999987125396729 0.6455448865890503
-1.6641598939895630 -2.0784718990325928 0.6330795288085938
-1.6625531911849976 -2.0575911998748779 0.6195534467697144
-1.6610001325607300 -2.0374085903167725 0.6050003170967102
-1.6595047712326050 -2.0179743766784668 0.5894563198089600
-1.6580706834793091 -1.9993368387222290 0.5729600191116333
-1.6567014455795288 -1.9815424680709839 0.5555524826049805
-1.6554006338119507 -1.9646353721618652 0.5372770428657532
-1.6541711091995239 -1.9486575126647949 0.5181789994239807
-1.6530163288116455 -1.9336483478546143 0.4983059167861938
-1.6519387960433960 -1.9196459054946899 0.4777072370052338
-1.6509416103363037 -1.9066843986511230 0.4564341008663177
-1.6500266790390015 -1.8947962522506714 0.4345394372940063
-1.6491969823837280 -1.8840113878250122 0.4120776653289795
-1.6484539508819580 -1.8743560314178467 0.3891046047210693
-1.6477998495101929 -1.8658542633056641 0.3656774163246155
-1.6472359895706177 -1.8585274219512939 0.3418543338775635
-1.6467640399932861 -1.8523936271667480 0.3176945745944977
-1.6463849544525146 -1.8474683761596680 0.2932581901550293
-1.6460998058319092 -1.8437635898590088 0.2686059474945068
-1.6459095478057861 -1.8412884473800659 0.2437991499900818
-1.6458141803741455 -1.8400496244430542 0.2188994586467743
-1.6458141803741455 -1.8400496244430542 0.1939687579870224
-1.6459095478057861 -1.8412884473800659 0.1690690666437149
-1.6460998058319092 -1.8437635898590088 0.1442622542381287
-1.6463849544525146 -1.8474683761596680 0.1196100115776062
-1.6467640399932861 -1.8523936271667480 0.0951736420392990
-1.6472359895706177 -1.8585274219512939 0.0710138678550720
-1.6477998495101929 -1.8658542633056641 0.0471907891333103
-1.6484539508819580 -1.8743560314178467 0.0237635988742113
-1.6491969823837280 -1.8840113878250122 0.0007905507227406
-1.6500266790390015 -1.8947962522506714 -0.0216712336987257
-1.6509416103363037 -1.9066843986511230 -0.0435659028589725
-1.6519387960433960 -1.9196459054946899 -0.0648390352725983
-1.6530163288116455 -1.9336483478546143 -0.0854377374053001
-1.6541711091995239 -1.9486575126647949 -0.1053108051419258
-1.6554006338119507 -1.9646353721618652 -0.1244088262319565
-1.6567014455795288 -1.9815424680709839 -0.1426842957735062
-1.6580706834793091 -1.9993368387222290 -0.1600918322801590
-1.6595047712326050 -2.0179743766784668 -0.1765881180763245
-1.6610001325607300 -2.0374085903167725 -0.1921321451663971
-1.6625531911849976 -2.0575911998748779 -0.2066852599382401
-1.6641598939895630 -2.0784718990325928 -0.2202113270759583
-1.6658163070678711 -2.0999987125396729 -0.2326766997575760
-1.6675183773040771 -2.1221184730529785 -0.2440503239631653
-1.6692616939544678 -2.1447761058807373 -0.2543039917945862
-1.6710422039031982 -2.1679148674011230 -0.2634122073650360
-1.6728551387786865 -2.1914777755737305 -0.2713522911071777
-1.6746965646743774 -2.2154059410095215 -0.2781045436859131
-1.6765612363815308 -2.2396399974822998 -0.2836521267890930
-1.6784448623657227 -2.2641196250915527 -0.2879813313484192
-1.6803426742553711 -2.2887837886810303 -0.2910813093185425
-1.6852260828018188 -2.2886483669281006 0.7039495110511780
-1.6857551336288452 -2.2639169692993164 0.7008495330810547
-1.6862800121307373 -2.2393705844879150 0.6965203285217285
-1.6867995262145996 -2.2150704860687256 0.6909727454185486
-1.6873124837875366 -2.1910772323608398 0.6842204928398132
-1.6878179311752319 -2.1674499511718750 0.6762803792953491
-1.6883139610290527 -2.1442480087280273 0.6671721935272217
-1.6887997388839722 -2.1215286254882812 0.6569185256958008
-1.6892740726470947 -2.0993485450744629 0.6455448865890503
-1.6897356510162354 -2.0777630805969238 0.6330795288085938
-1.6901832818984985 -2.0568253993988037 0.6195534467697144
-1.6906161308288574 -2.0365877151489258 0.6050003170967102
-1.6910327672958374 -2.0171005725860596 0.5894563198089600
-1.6914324760437012 -1.9984122514724731 0.5729600191116333
-1.6918139457702637 -1.9805693626403809 0.5555524826049805
-1.6921765804290771 -1.9636160135269165 0.5372770428657532
-1.6925191879272461 -1.9475945234298706 0.5181789994239807
-1.6928410530090332 -1.9325449466705322 0.4983059167861938
-1.6931411027908325 -1.9185038805007935 0.4777072370052338
-1.6934190988540649 -1.9055073261260986 0.4564341008663177
-1.6936739683151245 -1.8935866355895996 0.4345394372940063
-1.6939052343368530 -1.8827720880508423 0.4120776653289795
-1.6941120624542236 -1.8730903863906860 0.3891046047210693
-1.6942944526672363 -1.8645654916763306 0.3656774163246155
-1.6944516897201538 -1.8572189807891846 0.3418543338775635
-1.6945831775665283 -1.8510683774948120 0.3176945745944977
-1.6946886777877808 -1.8461294174194336 0.2932581901550293
-1.6947680711746216 -1.8424147367477417 0.2686059474945068
-1.6948211193084717 -1.8399330377578735 0.2437991499900818
-1.6948477029800415 -1.8386905193328857 0.2188994586467743
-1.6948477029800415 -1.8386905193328857 0.1939687579870224
-1.6948211193084717 -1.8399330377578735 0.1690690666437149
-1.6947680711746216 -1.8424147367477417 0.1442622542381287
-1.6946886777877808 -1.8461294174194336 0.1196100115776062
-1.6945831775665283 -1.8510683774948120 0.0951736420392990
-1.6944516897201538 -1.8572189807891846 0.0710138678550720
-1.6942944526672363 -1.8645654916763306 0.0471907891333103
-1.6941120624542236 -1.8730903863906860 0.0237635988742113
-1.6939052343368530 -1.8827720880508423 0.0007905507227406
-1.6936739683151245 -1.8935866355895996 -0.0216712336987257
-1.6934190988540649 -1.9055073261260986 -0.0435659028589725
-1.6931411027908325 -1.9185038805007935 -0.0648390352725983
-1.6928410530090332 -1.9325449466705322 -0.0854377374053001
-1.6925191879272461 -1.9475945234298706 -0.1053108051419258
-1.6921765804290771 -1.9636160135269165 -0.1244088262319565
-1.6918139457702637 -1.9805693626403809 -0.1426842957735062
-1.6914324760437012 -1.9984122514724731 -0.1600918322801590
-1.6910327672958374 -2.0171005725860596 -0.1765881180763245
-1.6906161308288574 -2.0365877151489258 -0.1921321451663971
-1.6901832818984985 -2.0568253993988037 -0.2066852599382401
-1.6897356510162354 -2.0777630805969238 -0.2202113270759583
-1.6892740726470947 -2.0993485450744629 -0.2326766997575760
-1.6887997388839722 -2.1215286254882812 -0.2440503239631653
-1.6883139610290527 -2.1442480087280273 -0.2543039917945862
-1.6878179311752319 -2.1674499511718750 -0.2634122073650360
-1.6873124837875366 -2.1910772323608398 -0.2713522911071777
-1.6867995262145996 -2.2150704860687256 -0.2781045436859131
-1.6862800121307373 -2.2393705844879150 -0.2836521267890930
-1.6857551336288452 -2.2639169692993164 -0.2879813313484192
-1.6852260828018188 -2.2886483669281006 -0.2910813093185425
-1.6900995969772339 -2.2889921665191650 0.7039495110511780
-1.6930500268936157 -2.2644319534301758 0.7008495330810547
-1.6959784030914307 -2.2400550842285156 0.6965203285217285
-1.6988772153854370 -2.2159230709075928 0.6909727454185486
-1.7017397880554199 -2.1920955181121826 0.6842204928398132
-1.7045583724975586 -2.1686315536499023 0.6762803792953491
-1.7073262929916382 -2.1455898284912109 0.6671721935272217
-1.7100367546081543 -2.1230275630950928 0.6569185256958008
-1.7126827239990234 -2.1010010242462158 0.6455448865890503
-1.7152577638626099 -2.0795643329620361 0.6330795288085938
-1.7177555561065674 -2.0587713718414307 0.6195534467697144
-1.7201699018478394 -2.0386736392974854 0.6050003170967102
-1.7224947214126587 -2.0193214416503906 0.5894563198089600
-1.7247240543365479 -2.0007622241973877 0.5729600191116333
-1.7268527746200562 -1.9830427169799805 0.5555524826049805
-1.7288752794265747 -1.9662061929702759 0.5372770428657532
-1.7307865619659424 -1.9502956867218018 0.5181789994239807
-1.7325818538665771 -1.9353499412536621 0.4983059167861938
-1.7342571020126343 -1.9214061498641968 0.4777072370052338
-1.7358074188232422 -1.9084991216659546 0.4564341008663177
-1.7372294664382935 -1.8966610431671143 0.4345394372940063
-1.7385197877883911 -1.8859214782714844 0.4120776653289795
-1.7396748065948486 -1.8763062953948975 0.3891046047210693
-1.7406917810440063 -1.8678405284881592 0.3656774163246155
-1.7415680885314941 -1.8605444431304932 0.3418543338775635
-1.7423019409179688 -1.8544366359710693 0.3176945745944977
-1.7428911924362183 -1.8495318889617920 0.2932581901550293
-1.7433341741561890 -1.8458427190780640 0.2686059474945068
-1.7436301708221436 -1.8433781862258911 0.2437991499900818
-1.7437784671783447 -1.8421443700790405 0.2188994586467743
-1.7437784671783447 -1.8421443700790405 0.1939687579870224
-1.7436301708221436 -1.8433781862258911 0.1690690666437149
-1.7433341741561890 -1.8458427190780640 0.1442622542381287
-1.7428911924362183 -1.8495318889617920 0.1196100115776062
-1.7423019409179688 -1.8544366359710693 0.0951736420392990
-1.7415680885314941 -1.8605444431304932 0.0710138678550720
-1.7406917810440063 -1.8678405284881592 0.0471907891333103
-1.7396748065948486 -1.8763062953948975 0.0237635988742113
-1.7385197877883911 -1.8859214782714844 0.0007905507227406
-1.7372294664382935 -1.8966610431671143 -0.0216712336987257
-1.7358074188232422 -1.9084991216659546 -0.0435659028589725
-1.7342571020126343 -1.9214061498641968 -0.0648390352725983
-1.7325818538665771 -1.9353499412536621 -0.0854377374053001
-1.7307865619659424 -1.9502956867218018 -0.1053108051419258
-1.7288752794265747 -1.9662061929702759 -0.1244088262319565
-1.7268527746200562 -1.9830427169799805 -0.1426842957735062
-1.7247240543365479 -2.0007622241973877 -0.1600918322801590
-1.7224947214126587 -2.0193214416503906 -0.1765881180763245
-1.7201699018478394 -2.0386736392974854 -0.1921321451663971
-1.7177555561065674 -2.0587713718414307 -0.2066852599382401
-1.7152577638626099 -2.0795643329620361 -0.2202113270759583
-1.7126827239990234 -2.1010010242462158 -0.2326766997575760
-1.7100367546081543 -2.1230275630950928 -0.2440503239631653
-1.7073262929916382 -2.1455898284912109 -0.2543039917945862
-1.7045583724975586 -2.1686315536499023 -0.2634122073650360
-1.7017397880554199 -2.1920955181121826 -0.2713522911071777
-1.6988772153854370 -2.2159230709075928 -0.2781045436859131
-1.6959784030914307 -2.2400550842285156 -0.2836521267890930
-1.6930500268936157 -2.2644319534301758 -0.2879813313484192
-1.6900995969772339 -2.2889921665191650 -0.2910813093185425
-1.6949160099029541 -2.2898123264312744 0.7039495110511780
-1.7002596855163574 -2.2656593322753906 0.7008495330810547
-1.7055630683898926 -2.2416870594024658 0.6965203285217285
-1.7108132839202881 -2.2179551124572754 0.6909727454185486
-1.7159974575042725 -2.1945228576660156 0.6842204928398132
-1.7211023569107056 -2.1714482307434082 0.6762803792953491
-1.7261154651641846 -2.1487891674041748 0.6671721935272217
-1.7310243844985962 -2.1266009807586670 0.6569185256958008
-1.7358165979385376 -2.1049396991729736 0.6455448865890503
-1.7404804229736328 -2.0838589668273926 0.6330795288085938
-1.7450041770935059 -2.0634107589721680 0.6195534467697144
-1.7493767738342285 -2.0436465740203857 0.6050003170967102
-1.7535872459411621 -2.0246152877807617 0.5894563198089600
-1.7576251029968262 -2.0063638687133789 0.5729600191116333
-1.7614803314208984 -1.9889382123947144 0.5555524826049805
-1.7651432752609253 -1.9723814725875854 0.5372770428657532
-1.7686049938201904 -1.9567345380783081 0.5181789994239807
-1.7718567848205566 -1.9420367479324341 0.4983059167861938
-1.7748903036117554 -1.9283244609832764 0.4777072370052338
-1.7776985168457031 -1.9156316518783569 0.4564341008663177
-1.7802740335464478 -1.9039897918701172 0.4345394372940063
-1.7826105356216431 -1.8934280872344971 0.4120776653289795
-1.7847026586532593 -1.8839730024337769 0.3891046047210693
-1.7865444421768188 -1.8756474256515503 0.3656774163246155
-1.7881318330764771 -1.8684724569320679 0.3418543338775635
-1.7894606590270996 -1.8624658584594727 0.3176945745944977
-1.7905278205871582 -1.8576425313949585 0.2932581901550293
-1.7913304567337036 -1.8540145158767700 0.2686059474945068
-1.7918666601181030 -1.8515909910202026 0.2437991499900818
-1.7921351194381714 -1.8503775596618652 0.2188994586467743
-1.7921351194381714 -1.8503775596618652 0.1939687579870224
-1.7918666601181030 -1.8515909910202026 0.1690690666437149
-1.7913304567337036 -1.8540145158767700 0.1442622542381287
-1.7905278205871582 -1.8576425313949585 0.1196100115776062
-1.7894606590270996 -1.8624658584594727 0.0951736420392990
-1.7881318330764771 -1.8684724569320679 0.0710138678550720
-1.7865444421768188 -1.8756474256515503 0.0471907891333103
-1.7847026586532593 -1.8839730024337769 0.0237635988742113
-1.7826105356216431 -1.8934280872344971 0.0007905507227406
-1.7802740335464478 -1.9039897918701172 -0.0216712336987257
-1.7776985168457031 -1.9156316518783569 -0.0435659028589725
-1.7748903036117554 -1.9283244609832764 -0.0648390352725983
-1.7718567848205566 -1.9420367479324341 -0.0854377374053001
-1.7686049938201904 -1.9567345380783081 -0.1053108051419258
-1.7651432752609253 -1.9723814725875854 -0.1244088262319565
-1.7614803314208984 -1.9889382123947144 -0.1426842957735062
-1.7576251029968262 -2.0063638687133789 -0.1600918322801590
-1.7535872459411621 -2.0246152877807617 -0.1765881180763245
-1.7493767738342285 -2.0436465740203857 -0.1921321451663971
-1.7450041770935059 -2.0634107589721680 -0.2066852599382401
-1.7404804229736328 -2.0838589668273926 -0.2202113270759583
-1.7358165979385376 -2.1049396991729736 -0.2326766997575760
-1.7310243844985962 -2.1266009807586670 -0.2440503239631653
-1.7261154651641846 -2.1487891674041748 -0.2543039917945862
-1.7211023569107056 -2.1714482307434082 -0.2634122073650360
-1.7159974575042725 -2.1945228576660156 -0.2713522911071777
-1.7108132839202881 -2.2179551124572754 -0.2781045436859131
-1.7055630683898926 -2.2416870594024658 -0.2836521267890930
-1.7002596855163574 -2.2656593322753906 -0.2879813313484192
-1.6949160099029541 -2.2898123264312744 -0.2910813093185425
-1.6996287107467651 -2.2911005020141602 0.7039495110511780
-1.7073138952255249 -2.2675874233245850 0.7008495330810547
-1.7149415016174316 -2.2442505359649658 0.6965203285217285
-1.7224929332733154 -2.2211472988128662 0.6909727454185486
-1.7299485206604004 -2.1983363628387451 0.6842204928398132
-1.7372907400131226 -2.1758732795715332 0.6762803792953491
-1.7445006370544434 -2.1538143157958984 0.6671721935272217
-1.7515606880187988 -2.1322143077850342 0.6569185256958008
-1.7584528923034668 -2.1111268997192383 0.6455448865890503
-1.7651606798171997 -2.0906047821044922 0.6330795288085938
-1.7716668844223022 -2.0706987380981445 0.6195534467697144
-1.7779557704925537 -2.0514581203460693 0.6050003170967102
-1.7840114831924438 -2.0329310894012451 0.5894563198089600
-1.7898185253143311 -2.0151634216308594 0.5729600191116333
-1.7953634262084961 -1.9981997013092041 0.5555524826049805
-1.8006315231323242 -1.9820816516876221 0.5372770428657532
-1.8056102991104126 -1.9668495655059814 0.5181789994239807
-1.8102868795394897 -1.9525408744812012 0.4983059167861938
-1.8146500587463379 -1.9391919374465942 0.4777072370052338
-1.8186888694763184 -1.9268356561660767 0.4564341008663177
-1.8223929405212402 -1.9155024290084839 0.4345394372940063
-1.8257535696029663 -1.9052203893661499 0.4120776653289795
-1.8287619352340698 -1.8960160017013550 0.3891046047210693
-1.8314111232757568 -1.8879108428955078 0.3656774163246155
-1.8336941003799438 -1.8809260129928589 0.3418543338775635
-1.8356052637100220 -1.8750787973403931 0.3176945745944977
-1.8371402025222778 -1.8703833818435669 0.2932581901550293
-1.8382943868637085 -1.8668515682220459 0.2686059474945068
-1.8390656709671021 -1.8644918203353882 0.2437991499900818
-1.8394517898559570 -1.8633106946945190 0.2188994586467743
-1.8394517898559570 -1.8633106946945190 0.1939687579870224
-1.8390656709671021 -1.8644918203353882 0.1690690666437149
-1.8382943868637085 -1.8668515682220459 0.1442622542381287
-1.8371402025222778 -1.8703833818435669 0.1196100115776062
-1.8356052637100220 -1.8750787973403931 0.0951736420392990
-1.8336941003799438 -1.8809260129928589 0.0710138678550720
-1.8314111232757568 -1.8879108428955078 0.0471907891333103
-1.8287619352340698 -1.8960160017013550 0.0237635988742113
-1.8257535696029663 -1.9052203893661499 0.0007905507227406
-1.8223929405212402 -1.9155024290084839 -0.0216712336987257
-1.8186888694763184 -1.9268356561660767 -0.0435659028589725
-1.8146500587463379 -1.9391919374465942 -0.0648390352725983
-1.8102868795394897 -1.9525408744812012 -0.0854377374053001
-1.8056102991104126 -1.9668495655059814 -0.1053108051419258
-1.8006315231323242 -1.9820816516876221 -0.1244088262319565
-1.7953634262084961 -1.9981997013092041 -0.1426842957735062
-1.7898185253143311 -2.0151634216308594 -0.1600918322801590
-1.7840114831924438 -2.0329310894012451 -0.1765881180763245
-1.7779557704925537 -2.0514581203460693 -0.1921321451663971
-1.7716668844223022 -2.0706987380981445 -0.2066852599382401
-1.7651606798171997 -2.0906047821044922 -0.2202113270759583
-1.7584528923034668 -2.1111268997192383 -0.2326766997575760
-1.7515606880187988 -2.1322143077850342 -0.2440503239631653
-1.7445006370544434 -2.1538143157958984 -0.2543039917945862
-1.7372907400131226 -2.1758732795715332 -0.2634122073650360
-1.7299485206604004 -2.1983363628387451 -0.2713522911071777
-1.7224929332733154 -2.2211472988128662 -0.2781045436859131
-1.7149415016174316 -2.2442505359649658 -0.2836521267890930
-1.7073138952255249 -2.2675874233245850 -0.2879813313484192
-1.6996287107467651 -2.2911005020141602 -0.2910813093185425
-1.7041925191879272 -2.2928445339202881 0.7039495110511780
-1.7141453027725220 -2.2701976299285889 0.7008495330810547
-1.7240236997604370 -2.2477207183837891 0.6965203285217285
-1.7338030338287354 -2.2254693508148193 0.6909727454185486
-1.7434588670730591 -2.2034986019134521 0.6842204928398132
-1.7529673576354980 -2.1818635463714600 0.6762803792953491
-1.7623046636581421 -2.1606175899505615 0.6671721935272217
-1.7714478969573975 -2.1398134231567383 0.6569185256958008
-1.7803738117218018 -2.1195032596588135 0.6455448865890503
-1.7890608310699463 -2.0997374057769775 0.6330795288085938
-1.7974869012832642 -2.0805647373199463 0.6195534467697144
-1.8056313991546631 -2.0620334148406982 0.6050003170967102
-1.8134738206863403 -2.0441889762878418 0.5894563198089600
-1.8209948539733887 -2.0270764827728271 0.5729600191116333
-1.8281753063201904 -2.0107374191284180 0.5555524826049805
-1.8349978923797607 -1.9952133893966675 0.5372770428657532
-1.8414456844329834 -1.9805425405502319 0.5181789994239807
-1.8475023508071899 -1.9667617082595825 0.4983059167861938
-1.8531529903411865 -1.9539043903350830 0.4777072370052338
-1.8583832979202271 -1.9420033693313599 0.4564341008663177
-1.8631806373596191 -1.9310878515243530 0.4345394372940063
-1.8675328493118286 -1.9211848974227905 0.4120776653289795
-1.8714289665222168 -1.9123194217681885 0.3891046047210693
-1.8748599290847778 -1.9045131206512451 0.3656774163246155
-1.8778163194656372 -1.8977859020233154 0.3418543338775635
-1.8802917003631592 -1.8921540975570679 0.3176945745944977
-1.8822792768478394 -1.8876315355300903 0.2932581901550293
-1.8837741613388062 -1.8842297792434692 0.2686059474945068
-1.8847728967666626 -1.8819571733474731 0.2437991499900818
-1.8852728605270386 -1.8808195590972900 0.2188994586467743
-1.8852728605270386 -1.8808195590972900 0.1939687579870224
-1.8847728967666626 -1.8819571733474731 0.1690690666437149
-1.8837741613388062 -1.8842297792434692 0.1442622542381287
-1.8822792768478394 -1.8876315355300903 0.1196100115776062
-1.8802917003631592 -1.8921540975570679 0.0951736420392990
-1.8778163194656372 -1.8977859020233154 0.0710138678550720
-1.8748599290847778 -1.9045131206512451 0.0471907891333103
-1.8714289665222168 -1.9123194217681885 0.0237635988742113
-1.8675328493118286 -1.9211848974227905 0.0007905507227406
-1.8631806373596191 -1.9310878515243530 -0.0216712336987257
-1.8583832979202271 -1.9420033693313599 -0.0435659028589725
-1.8531529903411865 -1.9539043903350830 -0.0648390352725983
-1.8475023508071899 -1.9667617082595825 -0.0854377374053001
-1.8414456844329834 -1.9805425405502319 -0.1053108051419258
-1.8349978923797607 -1.9952133893966675 -0.1244088262319565
-1.8281753063201904 -2.0107374191284180 -0.1426842957735062
-1.8209948539733887 -2.0270764827728271 -0.1600918322801590
-1.8134738206863403 -2.0441889762878418 -0.1765881180763245
-1.8056313991546631 -2.0620334148406982 -0.1921321451663971
-1.7974869012832642 -2.0805647373199463 -0.2066852599382401
-1.7890608310699463 -2.0997374057769775 -0.2202113270759583
-1.7803738117218018 -2.1195032596588135 -0.2326766997575760
-1.7714478969573975 -2.1398134231567383 -0.2440503239631653
-1.7623046636581421 -2.1606175899505615 -0.2543039917945862
-1.7529673576354980 -2.1818635463714600 -0.2634122073650360
-1.7434588670730591 -2.2034986019134521 -0.2713522911071777
-1.7338030338287354 -2.2254693508148193 -0.2781045436859131
-1.7240236997604370 -2.2477207183837891 -0.2836521267890930
-1.7141453027725220 -2.2701976299285889 -0.2879813313484192
-1.7041925191879272 -2.2928445339202881 -0.2910813093185425
-1.7085632085800171 -2.2950272560119629 0.7039495110511780
-1.7206879854202271 -2.2734651565551758 0.7008495330810547
-1.7327216863632202 -2.2520647048950195 0.6965203285217285
-1.7446351051330566 -2.2308788299560547 0.6909727454185486
-1.7563979625701904 -2.2099604606628418 0.6842204928398132
-1.7679812908172607 -2.1893613338470459 0.6762803792953491
-1.7793562412261963 -2.1691329479217529 0.6671721935272217
-1.7904944419860840 -2.1493253707885742 0.6569185256958008
-1.8013683557510376 -2.1299877166748047 0.6455448865890503
-1.8119509220123291 -2.1111683845520020 0.6330795288085938
-1.8222156763076782 -2.0929141044616699 0.6195534467697144
-1.8321373462677002 -2.0752701759338379 0.6050003170967102
-1.8416908979415894 -2.0582807064056396 0.5894563198089600
-1.8508529663085938 -2.0419874191284180 0.5729600191116333
-1.8596004247665405 -2.0264313220977783 0.5555524826049805
-1.8679118156433105 -2.0116505622863770 0.5372770428657532
-1.8757663965225220 -1.9976822137832642 0.5181789994239807
-1.8831447362899780 -1.9845614433288574 0.4983059167861938
-1.8900283575057983 -1.9723200798034668 0.4777072370052338
-1.8964000940322876 -1.9609889984130859 0.4564341008663177
-1.9022442102432251 -1.9505960941314697 0.4345394372940063
-1.9075461626052856 -1.9411678314208984 0.4120776653289795
-1.9122925996780396 -1.9327266216278076 0.3891046047210693
-1.9164719581604004 -1.9252943992614746 0.3656774163246155
-1.9200737476348877 -1.9188892841339111 0.3418543338775635
-1.9230891466140747 -1.9135268926620483 0.3176945745944977
-1.9255102872848511 -1.9092209339141846 0.2932581901550293
-1.9273315668106079 -1.9059822559356689 0.2686059474945068
-1.9285484552383423 -1.9038186073303223 0.2437991499900818
-1.9291573762893677 -1.9027354717254639 0.2188994586467743
-1.9291573762893677 -1.9027354717254639 0.1939687579870224
-1.9285484552383423 -1.9038186073303223 0.1690690666437149
-1.9273315668106079 -1.9059822559356689 0.1442622542381287
-1.9255102872848511 -1.9092209339141846 0.1196100115776062
-1.9230891466140747 -1.9135268926620483 0.0951736420392990
-1.9200737476348877 -1.9188892841339111 0.0710138678550720
-1.9164719581604004 -1.9252943992614746 0.0471907891333103
-1.9122925996780396 -1.9327266216278076 0.0237635988742113
-1.9075461626052856 -1.9411678314208984 0.0007905507227406
-1.9022442102432251 -1.9505960941314697 -0.0216712336987257
-1.8964000940322876 -1.9609889984130859 -0.0435659028589725
-1.8900283575057983 -1.9723200798034668 -0.0648390352725983
-1.8831447362899780 -1.9845614433288574 -0.0854377374053001
-1.8757663965225220 -1.9976822137832642 -0.1053108051419258
-1.8679118156433105 -2.0116505622863770 -0.1244088262319565
-1.8596004247665405 -2.0264313220977783 -0.1426842957735062
-1.8508529663085938 -2.0419874191284180 -0.1600918322801590
-1.8416908979415894 -2.0582807064056396 -0.1765881180763245
-1.8321373462677002 -2.0752701759338379 -0.1921321451663971
-1.8222156763076782 -2.0929141044616699 -0.2066852599382401
-1.8119509220123291 -2.1111683845520020 -0.2202113270759583
-1.8013683557510376 -2.1299877166748047 -0.2326766997575760
-1.7904944419860840 -2.1493253707885742 -0.2440503239631653
-1.7793562412261963 -2.1691329479217529 -0.2543039917945862
-1.7679812908172607 -2.1893613338470459 -0.2634122073650360
-1.7563979625701904 -2.2099604606628418 -0.2713522911071777
-1.7446351051330566 -2.2308788299560547 -0.2781045436859131
-1.7327216863632202 -2.2520647048950195 -0.2836521267890930
-1.7206879854202271 -2.2734651565551758 -0.2879813313484192
-1.7085632085800171 -2.2950272560119629 -0.2910813093185425
-1.7126989364624023 -2.2976276874542236 0.7039495110511780
-1.7268787622451782 -2.2773582935333252 0.7008495330810547
-1.7409523725509644 -2.2572402954101562 0.6965203285217285
-1.7548849582672119 -2.2373242378234863 0.6909727454185486
-1.7686417102813721 -2.2176594734191895 0.6842204928398132
-1.7821881771087646 -2.1982951164245605 0.6762803792953491
-1.7954908609390259 -2.1792786121368408 0.6671721935272217
-1.8085170984268188 -2.1606581211090088 0.6569185256958008
-1.8212339878082275 -2.1424796581268311 0.6455448865890503
-1.8336102962493896 -2.1247882843017578 0.6330795288085938
-1.8456149101257324 -2.1076281070709229 0.6195534467697144
-1.8572180271148682 -2.0910413265228271 0.6050003170967102
-1.8683907985687256 -2.0750701427459717 0.5894563198089600
-1.8791058063507080 -2.0597534179687500 0.5729600191116333
-1.8893361091613770 -2.0451295375823975 0.5555524826049805
-1.8990563154220581 -2.0312347412109375 0.5372770428657532
-1.9082422256469727 -2.0181035995483398 0.5181789994239807
-1.9168709516525269 -2.0057687759399414 0.4983059167861938
-1.9249213933944702 -1.9942612648010254 0.4777072370052338
-1.9323729276657104 -1.9836091995239258 0.4564341008663177
-1.9392074346542358 -1.9738395214080811 0.4345394372940063
-1.9454082250595093 -1.9649760723114014 0.4120776653289795
-1.9509590864181519 -1.9570409059524536 0.3891046047210693
-1.9558466672897339 -1.9500539302825928 0.3656774163246155
-1.9600591659545898 -1.9440327882766724 0.3418543338775635
-1.9635854959487915 -1.9389919042587280 0.3176945745944977
-1.9664171934127808 -1.9349440336227417 0.2932581901550293
-1.9685471057891846 -1.9318993091583252 0.2686059474945068
-1.9699698686599731 -1.9298654794692993 0.2437991499900818
-1.9706822633743286 -1.9288470745086670 0.2188994586467743
-1.9706822633743286 -1.9288470745086670 0.1939687579870224
-1.9699698686599731 -1.9298654794692993 0.1690690666437149
-1.9685471057891846 -1.9318993091583252 0.1442622542381287
-1.9664171934127808 -1.9349440336227417 0.1196100115776062
-1.9635854959487915 -1.9389919042587280 0.0951736420392990
-1.9600591659545898 -1.9440327882766724 0.0710138678550720
-1.9558466672897339 -1.9500539302825928 0.0471907891333103
-1.9509590864181519 -1.9570409059524536 0.0237635988742113
-1.9454082250595093 -1.9649760723114014 0.0007905507227406
-1.9392074346542358 -1.9738395214080811 -0.0216712336987257
-1.9323729276657104 -1.9836091995239258 -0.0435659028589725
-1.9249213933944702 -1.9942612648010254 -0.0648390352725983
-1.9168709516525269 -2.0057687759399414 -0.0854377374053001
-1.9082422256469727 -2.0181035995483398 -0.1053108051419258
-1.8990563154220581 -2.0312347412109375 -0.1244088262319565
-1.8893361091613770 -2.0451295375823975 -0.1426842957735062
-1.8791058063507080 -2.0597534179687500 -0.1600918322801590
-1.8683907985687256 -2.0750701427459717 -0.1765881180763245
-1.8572180271148682 -2.0910413265228271 -0.1921321451663971
-1.8456149101257324 -2.1076281070709229 -0.2066852599382401
-1.8336102962493896 -2.1247882843017578 -0.2202113270759583
-1.8212339878082275 -2.1424796581268311 -0.2326766997575760
-1.8085170984268188 -2.1606581211090088 -0.2440503239631653
-1.7954908609390259 -2.1792786121368408 -0.2543039917945862
-1.7821881771087646 -2.1982951164245605 -0.2634122073650360
-1.7686417102813721 -2.2176594734191895 -0.2713522911071777
-1.7548849582672119 -2.2373242378234863 -0.2781045436859131
-1.7409523725509644 -2.2572402954101562 -0.2836521267890930
-1.7268787622451782 -2.2773582935333252 -0.2879813313484192
-1.7126989364624023 -2.2976276874542236 -0.2910813093185425
-1.7165602445602417 -2.3006217479705811 0.7039495110511780
-1.7326585054397583 -2.2818391323089600 0.7008495330810547
-1.7486361265182495 -2.2631976604461670 0.6965203285217285
-1.7644535303115845 -2.2447431087493896 0.6909727454185486
-1.7800714969635010 -2.2265212535858154 0.6842204928398132
-1.7954509258270264 -2.2085778713226318 0.6762803792953491
-1.8105536699295044 -2.1909575462341309 0.6671721935272217
-1.8253420591354370 -2.1737031936645508 0.6569185256958008
-1.8397796154022217 -2.1568586826324463 0.6455448865890503
-1.8538300991058350 -2.1404654979705811 0.6330795288085938
-1.8674589395523071 -2.1245646476745605 0.6195534467697144
-1.8806320428848267 -2.1091954708099365 0.6050003170967102
-1.8933165073394775 -2.0943956375122070 0.5894563198089600
-1.9054812192916870 -2.0802030563354492 0.5729600191116333
-1.9170957803726196 -2.0666525363922119 0.5555524826049805
-1.9281309843063354 -2.0537772178649902 0.5372770428657532
-1.9385597705841064 -2.0416097640991211 0.5181789994239807
-1.9483560323715210 -2.0301804542541504 0.4983059167861938
-1.9574955701828003 -2.0195171833038330 0.4777072370052338
-1.9659553766250610 -2.0096466541290283 0.4564341008663177
-1.9737145900726318 -2.0005939006805420 0.4345394372940063
-1.9807541370391846 -1.9923806190490723 0.4120776653289795
-1.9870562553405762 -1.9850281476974487 0.3891046047210693
-1.9926052093505859 -1.9785538911819458 0.3656774163246155
-1.9973874092102051 -1.9729743003845215 0.3418543338775635
-2.0013909339904785 -1.9683034420013428 0.3176945745944977
-2.0046057701110840 -1.9645527601242065 0.2932581901550293
-2.0070238113403320 -1.9617314338684082 0.2686059474945068
-2.0086390972137451 -1.9598469734191895 0.2437991499900818
-2.0094478130340576 -1.9589031934738159 0.2188994586467743
-2.0094478130340576 -1.9589031934738159 0.1939687579870224
-2.0086390972137451 -1.9598469734191895 0.1690690666437149
-2.0070238113403320 -1.9617314338684082 0.1442622542381287
-2.0046057701110840 -1.9645527601242065 0.1196100115776062
-2.0013909339904785 -1.9683034420013428 0.0951736420392990
-1.9973874092102051 -1.9729743003845215 0.0710138678550720
-1.9926052093505859 -1.9785538911819458 0.0471907891333103
-1.9870562553405762 -1.9850281476974487 0.0237635988742113
-1.9807541370391846 -1.9923806190490723 0.0007905507227406
-1.9737145900726318 -2.0005939006805420 -0.0216712336987257
-1.9659553766250610 -2.0096466541290283 -0.0435659028589725
-1.9574955701828003 -2.0195171833038330 -0.0648390352725983
-1.9483560323715210 -2.0301804542541504 -0.0854377374053001
-1.9385597705841064 -2.0416097640991211 -0.1053108051419258
-1.9281309843063354 -2.0537772178649902 -0.1244088262319565
-1.9170957803726196 -2.0666525363922119 -0.1426842957735062
-1.9054812192916870 -2.0802030563354492 -0.1600918322801590
-1.8933165073394775 -2.0943956375122070 -0.1765881180763245
-1.8806320428848267 -2.1091954708099365 -0.1921321451663971
-1.8674589395523071 -2.1245646476745605 -0.2066852599382401
-1.8538300991058350 -2.1404654979705811 -0.2202113270759583
-1.8397796154022217 -2.1568586826324463 -0.2326766997575760
-1.8253420591354370 -2.1737031936645508 -0.2440503239631653
-1.8105536699295044 -2.1909575462341309 -0.2543039917945862
-1.7954509258270264 -2.2085778713226318 -0.2634122073650360
-1.7800714969635010 -2.2265212535858154 -0.2713522911071777
-1.7644535303115845 -2.2447431087493896 -0.2781045436859131
-1.7486361265182495 -2.2631976604461670 -0.2836521267890930
-1.7326585054397583 -2.2818391323089600 -0.2879813313484192
-1.7165602445602417 -2.3006217479705811 -0.2910813093185425
-1.7201089859008789 -2.3039789199829102 0.7039495110511780
-1.7379708290100098 -2.2868652343750000 0.7008495330810547
-1.7556989192962646 -2.2698793411254883 0.6965203285217285
-1.7732489109039307 -2.2530641555786133 0.6909727454185486
-1.7905777692794800 -2.2364609241485596 0.6842204928398132
-1.8076418638229370 -2.2201113700866699 0.6762803792953491
-1.8243989944458008 -2.2040557861328125 0.6671721935272217
-1.8408075571060181 -2.1883342266082764 0.6569185256958008
-1.8568263053894043 -2.1729862689971924 0.6455448865890503
-1.8724162578582764 -2.1580493450164795 0.6330795288085938
-1.8875380754470825 -2.1435604095458984 0.6195534467697144
-1.9021540880203247 -2.1295564174652100 0.6050003170967102
-1.9162281751632690 -2.1160714626312256 0.5894563198089600
-1.9297254085540771 -2.1031396389007568 0.5729600191116333
-1.9426120519638062 -2.0907924175262451 0.5555524826049805
-1.9548561573028564 -2.0790610313415527 0.5372770428657532
-1.9664273262023926 -2.0679743289947510 0.5181789994239807
-1.9772967100143433 -2.0575602054595947 0.4983059167861938
-1.9874373674392700 -2.0478439331054688 0.4777072370052338
-1.9968239068984985 -2.0388505458831787 0.4564341008663177
-2.0054333209991455 -2.0306017398834229 0.4345394372940063
-2.0132436752319336 -2.0231180191040039 0.4120776653289795
-2.0202362537384033 -2.0164184570312500 0.3891046047210693
-2.0263931751251221 -2.0105195045471191 0.3656774163246155
-2.0316991806030273 -2.0054357051849365 0.3418543338775635
-2.0361411571502686 -2.0011796951293945 0.3176945745944977
-2.0397081375122070 -1.9977620840072632 0.2932581901550293
-2.0423910617828369 -1.9951914548873901 0.2686059474945068
-2.0441832542419434 -1.9934741258621216 0.2437991499900818
-2.0450806617736816 -1.9926145076751709 0.2188994586467743
-2.0450806617736816 -1.9926145076751709 0.1939687579870224
-2.0441832542419434 -1.9934741258621216 0.1690690666437149
-2.0423910617828369 -1.9951914548873901 0.1442622542381287
-2.0397081375122070 -1.9977620840072632 0.1196100115776062
-2.0361411571502686 -2.0011796951293945 0.0951736420392990
-2.0316991806030273 -2.0054357051849365 0.0710138678550720
-2.0263931751251221 -2.0105195045471191 0.0471907891333103
-2.0202362537384033 -2.0164184570312500 0.0237635988742113
-2.0132436752319336 -2.0231180191040039 0.0007905507227406
-2.0054333209991455 -2.0306017398834229 -0.0216712336987257
-1.9968239068984985 -2.0388505458831787 -0.0435659028589725
-1.9874373674392700 -2.0478439331054688 -0.0648390352725983
-1.9772967100143433 -2.0575602054595947 -0.0854377374053001
-1.9664273262023926 -2.0679743289947510 -0.1053108051419258
-1.9548561573028564 -2.0790610313415527 -0.1244088262319565
-1.9426120519638062 -2.0907924175262451 -0.1426842957735062
-1.9297254085540771 -2.1031396389007568 -0.1600918322801590
-1.9162281751632690 -2.1160714626312256 -0.1765881180763245
-1.9021540880203247 -2.1295564174652100 -0.1921321451663971
-1.8875380754470825 -2.1435604095458984 -0.2066852599382401
-1.8724162578582764 -2.1580493450164795 -0.2202113270759583
-1.8568263053894043 -2.1729862689971924 -0.2326766997575760
-1.8408075571060181 -2.1883342266082764 -0.2440503239631653
-1.8243989944458008 -2.2040557861328125 -0.2543039917945862
-1.8076418638229370 -2.2201113700866699 -0.2634122073650360
-1.7905777692794800 -2.2364609241485596 -0.2713522911071777
-1.7732489109039307 -2.2530641555786133 -0.2781045436859131
-1.7556989192962646 -2.2698793411254883 -0.2836521267890930
-1.7379708290100098 -2.2868652343750000 -0.2879813313484192
-1.7201089859008789 -2.3039789199829102 -0.2910813093185425
-1.7233117818832397 -2.3076682090759277 0.7039495110511780
-1.7427651882171631 -2.2923874855041504 0.7008495330810547
-1.7620725631713867 -2.2772214412689209 0.6965203285217285
-1.7811865806579590 -2.2622070312500000 0.6909727454185486
-1.8000590801239014 -2.2473824024200439 0.6842204928398132
-1.8186435699462891 -2.2327842712402344 0.6762803792953491
-1.8368936777114868 -2.2184486389160156 0.6671721935272217
-1.8547641038894653 -2.2044110298156738 0.6569185256958008
-1.8722103834152222 -2.1907069683074951 0.6455448865890503
-1.8891892433166504 -2.1773698329925537 0.6330795288085938
-1.9056583642959595 -2.1644332408905029 0.6195534467697144
-1.9215764999389648 -2.1519291400909424 0.6050003170967102
-1.9369047880172729 -2.1398885250091553 0.5894563198089600
-1.9516044855117798 -2.1283421516418457 0.5729600191116333
-1.9656393527984619 -2.1173174381256104 0.5555524826049805
-1.9789743423461914 -2.1068425178527832 0.5372770428657532
-1.9915765523910522 -2.0969436168670654 0.5181789994239807
-2.0034143924713135 -2.0876448154449463 0.4983059167861938
-2.0144586563110352 -2.0789694786071777 0.4777072370052338
-2.0246815681457520 -2.0709393024444580 0.4564341008663177
-2.0340578556060791 -2.0635740756988525 0.4345394372940063
-2.0425641536712646 -2.0568921566009521 0.4120776653289795
-2.0501797199249268 -2.0509099960327148 0.3891046047210693
-2.0568852424621582 -2.0456428527832031 0.3656774163246155
-2.0626640319824219 -2.0411038398742676 0.3418543338775635
-2.0675017833709717 -2.0373034477233887 0.3176945745944977
-2.0713865756988525 -2.0342519283294678 0.2932581901550293
-2.0743083953857422 -2.0319569110870361 0.2686059474945068
-2.0762605667114258 -2.0304234027862549 0.2437991499900818
-2.0772378444671631 -2.0296556949615479 0.2188994586467743
-2.0772378444671631 -2.0296556949615479 0.1939687579870224
-2.0762605667114258 -2.0304234027862549 0.1690690666437149
-2.0743083953857422 -2.0319569110870361 0.1442622542381287
-2.0713865756988525 -2.0342519283294678 0.1196100115776062
-2.0675017833709717 -2.0373034477233887 0.0951736420392990
-2.0626640319824219 -2.0411038398742676 0.0710138678550720
-2.0568852424621582 -2.0456428527832031 0.0471907891333103
-2.0501797199249268 -2.0509099960327148 0.0237635988742113
-2.0425641536712646 -2.0568921566009521 0.0007905507227406
-2.0340578556060791 -2.0635740756988525 -0.0216712336987257
-2.0246815681457520 -2.0709393024444580 -0.0435659028589725
-2.0144586563110352 -2.0789694786071777 -0.0648390352725983
-2.0034143924713135 -2.0876448154449463 -0.0854377374053001
-1.9915765523910522 -2.0969436168670654 -0.1053108051419258
-1.9789743423461914 -2.1068425178527832 -0.1244088262319565
-1.9656393527984619 -2.1173174381256104 -0.1426842957735062
-1.9516044855117798 -2.1283421516418457 -0.1600918322801590
-1.9369047880172729 -2.1398885250091553 -0.1765881180763245
-1.9215764999389648 -2.1519291400909424 -0.1921321451663971
-1.9056583642959595 -2.1644332408905029 -0.2066852599382401
-1.8891892433166504 -2.1773698329925537 -0.2202113270759583
-1.8722103834152222 -2.1907069683074951 -0.2326766997575760
-1.8547641038894653 -2.2044110298156738 -0.2440503239631653
-1.8368936777114868 -2.2184486389160156 -0.2543039917945862
-1.8186435699462891 -2.2327842712402344 -0.2634122073650360
-1.8000590801239014 -2.2473824024200439 -0.2713522911071777
-1.7811865806579590 -2.2622070312500000 -0.2781045436859131
-1.7620725631713867 -2.2772214412689209 -0.2836521267890930
-1.7427651882171631 -2.2923874855041504 -0.2879813313484192
-1.7233117818832397 -2.3076682090759277 -0.2910813093185425
-1.7261376380920410 -2.3116538524627686 0.7039495110511780
-1.7469949722290039 -2.2983534336090088 0.7008495330810547
-1.7676959037780762 -2.2851524353027344 0.6965203285217285
-1.7881895303726196 -2.2720842361450195 0.6909727454185486
-1.8084243535995483 -2.2591807842254639 0.6842204928398132
-1.8283503055572510 -2.2464745044708252 0.6762803792953491
-1.8479176759719849 -2.2339966297149658 0.6671721935272217
-1.8670779466629028 -2.2217783927917480 0.6569185256958008
-1.8857835531234741 -2.2098500728607178 0.6455448865890503
-1.9039877653121948 -2.1982417106628418 0.6330795288085938
-1.9216454029083252 -2.1869814395904541 0.6195534467697144
-1.9387127161026001 -2.1760978698730469 0.6050003170967102
-1.9551472663879395 -2.1656179428100586 0.5894563198089600
-1.9709080457687378 -2.1555676460266113 0.5729600191116333
-1.9859560728073120 -2.1459717750549316 0.5555524826049805
-2.0002534389495850 -2.1368544101715088 0.5372770428657532
-2.0137650966644287 -2.1282382011413574 0.5181789994239807
-2.0264575481414795 -2.1201446056365967 0.4983059167861938
-2.0382986068725586 -2.1125934123992920 0.4777072370052338
-2.0492594242095947 -2.1056039333343506 0.4564341008663177
-2.0593128204345703 -2.0991933345794678 0.4345394372940063
-2.0684330463409424 -2.0933773517608643 0.4120776653289795
-2.0765981674194336 -2.0881707668304443 0.3891046047210693
-2.0837876796722412 -2.0835857391357422 0.3656774163246155
-2.0899837017059326 -2.0796351432800293 0.3418543338775635
-2.0951704978942871 -2.0763273239135742 0.3176945745944977
-2.0993356704711914 -2.0736713409423828 0.2932581901550293
-2.1024687290191650 -2.0716733932495117 0.2686059474945068
-2.1045615673065186 -2.0703387260437012 0.2437991499900818
-2.1056091785430908 -2.0696706771850586 0.2188994586467743
-2.1056091785430908 -2.0696706771850586 0.1939687579870224
-2.1045615673065186 -2.0703387260437012 0.1690690666437149
-2.1024687290191650 -2.0716733932495117 0.1442622542381287
-2.0993356704711914 -2.0736713409423828 0.1196100115776062
-2.0951704978942871 -2.0763273239135742 0.0951736420392990
-2.0899837017059326 -2.0796351432800293 0.0710138678550720
-2.0837876796722412 -2.0835857391357422 0.0471907891333103
-2.0765981674194336 -2.0881707668304443 0.0237635988742113
-2.0684330463409424 -2.0933773517608643 0.0007905507227406
-2.0593128204345703 -2.0991933345794678 -0.0216712336987257
-2.0492594242095947 -2.1056039333343506 -0.0435659028589725
-2.0382986068725586 -2.1125934123992920 -0.0648390352725983
-2.0264575481414795 -2.1201446056365967 -0.0854377374053001
-2.0137650966644287 -2.1282382011413574 -0.1053108051419258
-2.0002534389495850 -2.1368544101715088 -0.1244088262319565
-1.9859560728073120 -2.1459717750549316 -0.1426842957735062
-1.9709080457687378 -2.1555676460266113 -0.1600918322801590
-1.9551472663879395 -2.1656179428100586 -0.1765881180763245
-1.9387127161026001 -2.1760978698730469 -0.1921321451663971
-1.9216454029083252 -2.1869814395904541 -0.2066852599382401
-1.9039877653121948 -2.1982417106628418 -0.2202113270759583
-1.8857835531234741 -2.2098500728607178 -0.2326766997575760
-1.8670779466629028 -2.2217783927917480 -0.2440503239631653
-1.8479176759719849 -2.2339966297149658 -0.2543039917945862
-1.8283503055572510 -2.2464745044708252 -0.2634122073650360
-1.8084243535995483 -2.2591807842254639 -0.2713522911071777
-1.7881895303726196 -2.2720842361450195 -0.2781045436859131
-1.7676959037780762 -2.2851524353027344 -0.2836521267890930
-1.7469949722290039 -2.2983534336090088 -0.2879813313484192
-1.7261376380920410 -2.3116538524627686 -0.2910813093185425
-1.7285592555999756 -2.3158969879150391 0.7039495110511780
-1.7506197690963745 -2.3047049045562744 0.7008495330810547
-1.7725149393081665 -2.2935969829559326 0.6965203285217285
-1.7941907644271851 -2.2826001644134521 0.6909727454185486
-1.8155927658081055 -2.2717423439025879 0.6842204928398132
-1.8366684913635254 -2.2610499858856201 0.6762803792953491
-1.8573645353317261 -2.2505502700805664 0.6671721935272217
-1.8776302337646484 -2.2402689456939697 0.6569185256958008
-1.8974148035049438 -2.2302317619323730 0.6455448865890503
-1.9166692495346069 -2.2204632759094238 0.6330795288085938
-1.9353457689285278 -2.2109882831573486 0.6195534467697144
-1.9533976316452026 -2.2018299102783203 0.6050003170967102
-1.9707802534103394 -2.1930110454559326 0.5894563198089600
-1.9874501228332520 -2.1845541000366211 0.5729600191116333
-2.0033659934997559 -2.1764795780181885 0.5555524826049805
-2.0184884071350098 -2.1688075065612793 0.5372770428657532
-2.0327796936035156 -2.1615571975708008 0.5181789994239807
-2.0462040901184082 -2.1547462940216064 0.4983059167861938
-2.0587284564971924 -2.1483924388885498 0.4777072370052338
-2.0703215599060059 -2.1425108909606934 0.4564341008663177
-2.0809547901153564 -2.1371166706085205 0.4345394372940063
-2.0906012058258057 -2.1322224140167236 0.4120776653289795
-2.0992374420166016 -2.1278409957885742 0.3891046047210693
-2.1068415641784668 -2.1239831447601318 0.3656774163246155
-2.1133947372436523 -2.1206586360931396 0.3418543338775635
-2.1188812255859375 -2.1178753376007080 0.3176945745944977
-2.1232864856719971 -2.1156401634216309 0.2932581901550293
-2.1266000270843506 -2.1139590740203857 0.2686059474945068
-2.1288139820098877 -2.1128361225128174 0.2437991499900818
-2.1299221515655518 -2.1122736930847168 0.2188994586467743
-2.1299221515655518 -2.1122736930847168 0.1939687579870224
-2.1288139820098877 -2.1128361225128174 0.1690690666437149
-2.1266000270843506 -2.1139590740203857 0.1442622542381287
-2.1232864856719971 -2.1156401634216309 0.1196100115776062
-2.1188812255859375 -2.1178753376007080 0.0951736420392990
-2.1133947372436523 -2.1206586360931396 0.0710138678550720
-2.1068415641784668 -2.1239831447601318 0.0471907891333103
-2.0992374420166016 -2.1278409957885742 0.0237635988742113
-2.0906012058258057 -2.1322224140167236 0.0007905507227406
-2.0809547901153564 -2.1371166706085205 -0.0216712336987257
-2.0703215599060059 -2.1425108909606934 -0.0435659028589725
-2.0587284564971924 -2.1483924388885498 -0.0648390352725983
-2.0462040901184082 -2.1547462940216064 -0.0854377374053001
-2.0327796936035156 -2.1615571975708008 -0.1053108051419258
-2.0184884071350098 -2.1688075065612793 -0.1244088262319565
-2.0033659934997559 -2.1764795780181885 -0.1426842957735062
-1.9874501228332520 -2.1845541000366211 -0.1600918322801590
-1.9707802534103394 -2.1930110454559326 -0.1765881180763245
-1.9533976316452026 -2.2018299102783203 -0.1921321451663971
-1.9353457689285278 -2.2109882831573486 -0.2066852599382401
-1.9166692495346069 -2.2204632759094238 -0.2202113270759583
-1.8974148035049438 -2.2302317619323730 -0.2326766997575760
-1.8776302337646484 -2.2402689456939697 -0.2440503239631653
-1.8573645353317261 -2.2505502700805664 -0.2543039917945862
-1.8366684913635254 -2.2610499858856201 -0.2634122073650360
-1.8155927658081055 -2.2717423439025879 -0.2713522911071777
-1.7941907644271851 -2.2826001644134521 -0.2781045436859131
-1.7725149393081665 -2.2935969829559326 -0.2836521267890930
-1.7506197690963745 -2.3047049045562744 -0.2879813313484192
-1.7285592555999756 -2.3158969879150391 -0.2910813093185425
-1.7305530309677124 -2.3203573226928711 0.7039495110511780
-1.7536044120788574 -2.3113815784454346 0.7008495330810547
-1.7764831781387329 -2.3024728298187256 0.6965203285217285
-1.7991324663162231 -2.2936537265777588 0.6909727454185486
-1.8214956521987915 -2.2849457263946533 0.6842204928398132
-1.8435175418853760 -2.2763710021972656 0.6762803792953491
-1.8651434183120728 -2.2679502964019775 0.6671721935272217
-1.8863191604614258 -2.2597048282623291 0.6569185256958008
-1.9069923162460327 -2.2516548633575439 0.6455448865890503
-1.9271115064620972 -2.2438211441040039 0.6330795288085938
-1.9466267824172974 -2.2362220287322998 0.6195534467697144
-1.9654893875122070 -2.2288773059844971 0.6050003170967102
-1.9836525917053223 -2.2218050956726074 0.5894563198089600
-2.0010712146759033 -2.2150223255157471 0.5729600191116333
-2.0177021026611328 -2.2085466384887695 0.5555524826049805
-2.0335035324096680 -2.2023940086364746 0.5372770428657532
-2.0484366416931152 -2.1965792179107666 0.5181789994239807
-2.0624639987945557 -2.1911172866821289 0.4983059167861938
-2.0755510330200195 -2.1860213279724121 0.4777072370052338
-2.0876646041870117 -2.1813044548034668 0.4564341008663177
-2.0987751483917236 -2.1769781112670898 0.4345394372940063
-2.1088552474975586 -2.1730535030364990 0.4120776653289795
-2.1178791522979736 -2.1695396900177002 0.3891046047210693
-2.1258246898651123 -2.1664457321166992 0.3656774163246155
-2.1326725482940674 -2.1637794971466064 0.3418543338775635
-2.1384050846099854 -2.1615471839904785 0.3176945745944977
-2.1430082321166992 -2.1597547531127930 0.2932581901550293
-2.1464705467224121 -2.1584064960479736 0.2686059474945068
-2.1487839221954346 -2.1575057506561279 0.2437991499900818
-2.1499419212341309 -2.1570546627044678 0.2188994586467743
-2.1499419212341309 -2.1570546627044678 0.1939687579870224
-2.1487839221954346 -2.1575057506561279 0.1690690666437149
-2.1464705467224121 -2.1584064960479736 0.1442622542381287
-2.1430082321166992 -2.1597547531127930 0.1196100115776062
-2.1384050846099854 -2.1615471839904785 0.0951736420392990
-2.1326725482940674 -2.1637794971466064 0.0710138678550720
-2.1258246898651123 -2.1664457321166992 0.0471907891333103
-2.1178791522979736 -2.1695396900177002 0.0237635988742113
-2.1088552474975586 -2.1730535030364990 0.0007905507227406
-2.0987751483917236 -2.1769781112670898 -0.0216712336987257
-2.0876646041870117 -2.1813044548034668 -0.0435659028589725
-2.0755510330200195 -2.1860213279724121 -0.0648390352725983
-2.0624639987945557 -2.1911172866821289 -0.0854377374053001
-2.0484366416931152 -2.1965792179107666 -0.1053108051419258
-2.0335035324096680 -2.2023940086364746 -0.1244088262319565
-2.0177021026611328 -2.2085466384887695 -0.1426842957735062
-2.0010712146759033 -2.2150223255157471 -0.1600918322801590
-1.9836525917053223 -2.2218050956726074 -0.1765881180763245
-1.9654893875122070 -2.2288773059844971 -0.1921321451663971
-1.9466267824172974 -2.2362220287322998 -0.2066852599382401
-1.9271115064620972 -2.2438211441040039 -0.2202113270759583
-1.9069923162460327 -2.2516548633575439 -0.2326766997575760
-1.8863191604614258 -2.2597048282623291 -0.2440503239631653
-1.8651434183120728 -2.2679502964019775 -0.2543039917945862
-1.8435175418853760 -2.2763710021972656 -0.2634122073650360
-1.8214956521987915 -2.2849457263946533 -0.2713522911071777
-1.7991324663162231 -2.2936537265777588 -0.2781045436859131
-1.7764831781387329 -2.3024728298187256 -0.2836521267890930
-1.7536044120788574 -2.3113815784454346 -0.2879813313484192
-1.7305530309677124 -2.3203573226928711 -0.2910813093185425
-1.7321002483367920 -2.3249912261962891 0.7039495110511780
-1.7559202909469604 -2.3183181285858154 0.7008495330810547
-1.7795622348785400 -2.3116950988769531 0.6965203285217285
-1.8029667139053345 -2.3051381111145020 0.6909727454185486
-1.8260757923126221 -2.2986643314361572 0.6842204928398132
-1.8488321304321289 -2.2922892570495605 0.6762803792953491
-1.8711791038513184 -2.2860288619995117 0.6671721935272217
-1.8930612802505493 -2.2798986434936523 0.6569185256958008
-1.9144239425659180 -2.2739138603210449 0.6455448865890503
-1.9352140426635742 -2.2680895328521729 0.6330795288085938
-1.9553799629211426 -2.2624404430389404 0.6195534467697144
-1.9748717546463013 -2.2569797039031982 0.6050003170967102
-1.9936407804489136 -2.2517218589782715 0.5894563198089600
-2.0116403102874756 -2.2466793060302734 0.5729600191116333
-2.0288259983062744 -2.2418646812438965 0.5555524826049805
-2.0451543331146240 -2.2372903823852539 0.5372770428657532
-2.0605852603912354 -2.2329676151275635 0.5181789994239807
-2.0750808715820312 -2.2289066314697266 0.4983059167861938
-2.0886039733886719 -2.2251181602478027 0.4777072370052338
-2.1011216640472412 -2.2216112613677979 0.4564341008663177
-2.1126029491424561 -2.2183949947357178 0.4345394372940063
-2.1230189800262451 -2.2154769897460938 0.4120776653289795
-2.1323437690734863 -2.2128643989562988 0.3891046047210693
-2.1405544281005859 -2.2105643749237061 0.3656774163246155
-2.1476306915283203 -2.2085821628570557 0.3418543338775635
-2.1535546779632568 -2.2069225311279297 0.3176945745944977
-2.1583111286163330 -2.2055897712707520 0.2932581901550293
-2.1618890762329102 -2.2045876979827881 0.2686059474945068
-2.1642794609069824 -2.2039179801940918 0.2437991499900818
-2.1654760837554932 -2.2035827636718750 0.2188994586467743
-2.1654760837554932 -2.2035827636718750 0.1939687579870224
-2.1642794609069824 -2.2039179801940918 0.1690690666437149
-2.1618890762329102 -2.2045876979827881 0.1442622542381287
-2.1583111286163330 -2.2055897712707520 0.1196100115776062
-2.1535546779632568 -2.2069225311279297 0.0951736420392990
-2.1476306915283203 -2.2085821628570557 0.0710138678550720
-2.1405544281005859 -2.2105643749237061 0.0471907891333103
-2.1323437690734863 -2.2128643989562988 0.0237635988742113
-2.1230189800262451 -2.2154769897460938 0.0007905507227406
-2.1126029491424561 -2.2183949947357178 -0.0216712336987257
-2.1011216640472412 -2.2216112613677979 -0.0435659028589725
-2.0886039733886719 -2.2251181602478027 -0.0648390352725983
-2.0750808715820312 -2.2289066314697266 -0.0854377374053001
-2.0605852603912354 -2.2329676151275635 -0.1053108051419258
-2.0451543331146240 -2.2372903823852539 -0.1244088262319565
-2.0288259983062744 -2.2418646812438965 -0.1426842957735062
-2.0116403102874756 -2.2466793060302734 -0.1600918322801590
-1.9936407804489136 -2.2517218589782715 -0.1765881180763245
-1.9748717546463013 -2.2569797039031982 -0.1921321451663971
-1.9553799629211426 -2.2624404430389404 -0.2066852599382401
-1.9352140426635742 -2.2680895328521729 -0.2202113270759583
-1.9144239425659180 -2.2739138603210449 -0.2326766997575760
-1.8930612802505493 -2.2798986434936523 -0.2440503239631653
-1.8711791038513184 -2.2860288619995117 -0.2543039917945862
-1.8488321304321289 -2.2922892570495605 -0.2634122073650360
-1.8260757923126221 -2.2986643314361572 -0.2713522911071777
-1.8029667139053345 -2.3051381111145020 -0.2781045436859131
-1.7795622348785400 -2.3116950988769531 -0.2836521267890930
-1.7559202909469604 -2.3183181285858154 -0.2879813313484192
-1.7321002483367920 -2.3249912261962891 -0.2910813093185425
-1.7331856489181519 -2.3297545909881592 0.7039495110511780
-1.7575452327728271 -2.3254485130310059 0.7008495330810547
-1.7817224264144897 -2.3211746215820312 0.6965203285217285
-1.8056567907333374 -2.3169434070587158 0.6909727454185486
-1.8292893171310425 -2.3127655982971191 0.6842204928398132
-1.8525611162185669 -2.3086516857147217 0.6762803792953491
-1.8754140138626099 -2.3046119213104248 0.6671721935272217
-1.8977915048599243 -2.3006560802459717 0.6569185256958008
-1.9196380376815796 -2.2967941761016846 0.6455448865890503
-1.9408987760543823 -2.2930357456207275 0.6330795288085938
-1.9615213871002197 -2.2893898487091064 0.6195534467697144
-1.9814546108245850 -2.2858664989471436 0.6050003170967102
-2.0006487369537354 -2.2824733257293701 0.5894563198089600
-2.0190556049346924 -2.2792193889617920 0.5729600191116333
-2.0366303920745850 -2.2761125564575195 0.5555524826049805
-2.0533287525177002 -2.2731609344482422 0.5372770428657532
-2.0691092014312744 -2.2703711986541748 0.5181789994239807
-2.0839326381683350 -2.2677507400512695 0.4983059167861938
-2.0977621078491211 -2.2653057575225830 0.4777072370052338
-2.1105632781982422 -2.2630429267883301 0.4564341008663177
-2.1223044395446777 -2.2609677314758301 0.4345394372940063
-2.1329565048217773 -2.2590844631195068 0.4120776653289795
-2.1424925327301025 -2.2573988437652588 0.3891046047210693
-2.1508891582489014 -2.2559142112731934 0.3656774163246155
-2.1581251621246338 -2.2546350955963135 0.3418543338775635
-2.1641831398010254 -2.2535641193389893 0.3176945745944977
-2.1690478324890137 -2.2527043819427490 0.2932581901550293
-2.1727066040039062 -2.2520573139190674 0.2686059474945068
-2.1751511096954346 -2.2516252994537354 0.2437991499900818
-2.1763749122619629 -2.2514090538024902 0.2188994586467743
-2.1763749122619629 -2.2514090538024902 0.1939687579870224
-2.1751511096954346 -2.2516252994537354 0.1690690666437149
-2.1727066040039062 -2.2520573139190674 0.1442622542381287
-2.1690478324890137 -2.2527043819427490 0.1196100115776062
-2.1641831398010254 -2.2535641193389893 0.0951736420392990
-2.1581251621246338 -2.2546350955963135 0.0710138678550720
-2.1508891582489014 -2.2559142112731934 0.0471907891333103
-2.1424925327301025 -2.2573988437652588 0.0237635988742113
-2.1329565048217773 -2.2590844631195068 0.0007905507227406
-2.1223044395446777 -2.2609677314758301 -0.0216712336987257
-2.1105632781982422 -2.2630429267883301 -0.0435659028589725
-2.0977621078491211 -2.2653057575225830 -0.0648390352725983
-2.0839326381683350 -2.2677507400512695 -0.0854377374053001
-2.0691092014312744 -2.2703711986541748 -0.1053108051419258
-2.0533287525177002 -2.2731609344482422 -0.1244088262319565
-2.0366303920745850 -2.2761125564575195 -0.1426842957735062
-2.0190556049346924 -2.2792193889617920 -0.1600918322801590
-2.0006487369537354 -2.2824733257293701 -0.1765881180763245
-1.9814546108245850 -2.2858664989471436 -0.1921321451663971
-1.9615213871002197 -2.2893898487091064 -0.2066852599382401
-1.9408987760543823 -2.2930357456207275 -0.2202113270759583
-1.9196380376815796 -2.2967941761016846 -0.2326766997575760
-1.8977915048599243 -2.3006560802459717 -0.2440503239631653
-1.8754140138626099 -2.3046119213104248 -0.2543039917945862
-1.8525611162185669 -2.3086516857147217 -0.2634122073650360
-1.8292893171310425 -2.3127655982971191 -0.2713522911071777
-1.8056567907333374 -2.3169434070587158 -0.2781045436859131
-1.7817224264144897 -2.3211746215820312 -0.2836521267890930
-1.7575452327728271 -2.3254485130310059 -0.2879813313484192
-1.7331856489181519 -2.3297545909881592 -0.2910813093185425
-1.7337992191314697 -2.3346016407012939 0.7039495110511780
-1.7584635019302368 -2.3327038288116455 0.7008495330810547
-1.7829428911209106 -2.3308203220367432 0.6965203285217285
-1.8071771860122681 -2.3289556503295898 0.6909727454185486
-1.8311049938201904 -2.3271141052246094 0.6842204928398132
-1.8546681404113770 -2.3253011703491211 0.6762803792953491
-1.8778070211410522 -2.3235208988189697 0.6671721935272217
-1.9004644155502319 -2.3217773437500000 0.6569185256958008
-1.9225841760635376 -2.3200752735137939 0.6455448865890503
-1.9441111087799072 -2.3184187412261963 0.6330795288085938
-1.9649919271469116 -2.3168122768402100 0.6195534467697144
-1.9851742982864380 -2.3152592182159424 0.6050003170967102
-2.0046086311340332 -2.3137638568878174 0.5894563198089600
-2.0232458114624023 -2.3123297691345215 0.5729600191116333
-2.0410404205322266 -2.3109607696533203 0.5555524826049805
-2.0579476356506348 -2.3096597194671631 0.5372770428657532
-2.0739254951477051 -2.3084299564361572 0.5181789994239807
-2.0889341831207275 -2.3072755336761475 0.4983059167861938
-2.1029369831085205 -2.3061978816986084 0.4777072370052338
-2.1158986091613770 -2.3052003383636475 0.4564341008663177
-2.1277863979339600 -2.3042857646942139 0.4345394372940063
-2.1385717391967773 -2.3034560680389404 0.4120776653289795
-2.1482269763946533 -2.3027131557464600 0.3891046047210693
-2.1567287445068359 -2.3020589351654053 0.3656774163246155
-2.1640555858612061 -2.3014950752258301 0.3418543338775635
-2.1701891422271729 -2.3010230064392090 0.3176945745944977
-2.1751146316528320 -2.3006441593170166 0.2932581901550293
-2.1788194179534912 -2.3003587722778320 0.2686059474945068
-2.1812944412231445 -2.3001687526702881 0.2437991499900818
-2.1825332641601562 -2.3000731468200684 0.2188994586467743
-2.1825332641601562 -2.3000731468200684 0.1939687579870224
-2.1812944412231445 -2.3001687526702881 0.1690690666437149
-2.1788194179534912 -2.3003587722778320 0.1442622542381287
-2.1751146316528320 -2.3006441593170166 0.1196100115776062
-2.1701891422271729 -2.3010230064392090 0.0951736420392990
-2.1640555858612061 -2.3014950752258301 0.0710138678550720
-2.1567287445068359 -2.3020589351654053 0.0471907891333103
-2.1482269763946533 -2.3027131557464600 0.0237635988742113
-2.1385717391967773 -2.3034560680389404 0.0007905507227406
-2.1277863979339600 -2.3042857646942139 -0.0216712336987257
-2.1158986091613770 -2.3052003383636475 -0.0435659028589725
-2.1029369831085205 -2.3061978816986084 -0.0648390352725983
-2.0889341831207275 -2.3072755336761475 -0.0854377374053001
-2.0739254951477051 -2.3084299564361572 -0.1053108051419258
-2.0579476356506348 -2.3096597194671631 -0.1244088262319565
-2.0410404205322266 -2.3109607696533203 -0.1426842957735062
-2.0232458114624023 -2.3123297691345215 -0.1600918322801590
-2.0046086311340332 -2.3137638568878174 -0.1765881180763245
-1.9851742982864380 -2.3152592182159424 -0.1921321451663971
-1.9649919271469116 -2.3168122768402100 -0.2066852599382401
-1.9441111087799072 -2.3184187412261963 -0.2202113270759583
-1.9225841760635376 -2.3200752735137939 -0.2326766997575760
-1.9004644155502319 -2.3217773437500000 -0.2440503239631653
-1.8778070211410522 -2.3235208988189697 -0.2543039917945862
-1.8546681404113770 -2.3253011703491211 -0.2634122073650360
-1.8311049938201904 -2.3271141052246094 -0.2713522911071777
-1.8071771860122681 -2.3289556503295898 -0.2781045436859131
-1.7829428911209106 -2.3308203220367432 -0.2836521267890930
-1.7584635019302368 -2.3327038288116455 -0.2879813313484192
-1.7337992191314697 -2.3346016407012939 -0.2910813093185425
-1.7339345216751099 -2.3394854068756104 0.7039495110511780
-1.7586659193038940 -2.3400142192840576 0.7008495330810547
-1.7832124233245850 -2.3405389785766602 0.6965203285217285
-1.8075124025344849 -2.3410584926605225 0.6909727454185486
-1.8315056562423706 -2.3415715694427490 0.6842204928398132
-1.8551330566406250 -2.3420770168304443 0.6762803792953491
-1.8783349990844727 -2.3425729274749756 0.6671721935272217
-1.9010543823242188 -2.3430588245391846 0.6569185256958008
-1.9232344627380371 -2.3435330390930176 0.6455448865890503
-1.9448199272155762 -2.3439948558807373 0.6330795288085938
-1.9657577276229858 -2.3444423675537109 0.6195534467697144
-1.9859950542449951 -2.3448750972747803 0.6050003170967102
-2.0054821968078613 -2.3452918529510498 0.5894563198089600
-2.0241706371307373 -2.3456914424896240 0.5729600191116333
-2.0420134067535400 -2.3460729122161865 0.5555524826049805
-2.0589668750762939 -2.3464357852935791 0.5372770428657532
-2.0749883651733398 -2.3467779159545898 0.5181789994239807
-2.0900380611419678 -2.3470997810363770 0.4983059167861938
-2.1040790081024170 -2.3474001884460449 0.4777072370052338
-2.1170756816864014 -2.3476781845092773 0.4564341008663177
-2.1289961338043213 -2.3479330539703369 0.4345394372940063
-2.1398108005523682 -2.3481643199920654 0.4120776653289795
-2.1494925022125244 -2.3483710289001465 0.3891046047210693
-2.1580173969268799 -2.3485534191131592 0.3656774163246155
-2.1653640270233154 -2.3487107753753662 0.3418543338775635
-2.1715147495269775 -2.3488423824310303 0.3176945745944977
-2.1764531135559082 -2.3489477634429932 0.2932581901550293
-2.1801681518554688 -2.3490271568298340 0.2686059474945068
-2.1826498508453369 -2.3490803241729736 0.2437991499900818
-2.1838924884796143 -2.3491067886352539 0.2188994586467743
-2.1838924884796143 -2.3491067886352539 0.1939687579870224
-2.1826498508453369 -2.3490803241729736 0.1690690666437149
-2.1801681518554688 -2.3490271568298340 0.1442622542381287
-2.1764531135559082 -2.3489477634429932 0.1196100115776062
-2.1715147495269775 -2.3488423824310303 0.0951736420392990
-2.1653640270233154 -2.3487107753753662 0.0710138678550720
-2.1580173969268799 -2.3485534191131592 0.0471907891333103
-2.1494925022125244 -2.3483710289001465 0.0237635988742113
-2.1398108005523682 -2.3481643199920654 0.0007905507227406
-2.1289961338043213 -2.3479330539703369 -0.0216712336987257
-2.1170756816864014 -2.3476781845092773 -0.0435659028589725
-2.1040790081024170 -2.3474001884460449 -0.0648390352725983
-2.0900380611419678 -2.3470997810363770 -0.0854377374053001
-2.0749883651733398 -2.3467779159545898 -0.1053108051419258
-2.0589668750762939 -2.3464357852935791 -0.1244088262319565
-2.0420134067535400 -2.3460729122161865 -0.1426842957735062
-2.0241706371307373 -2.3456914424896240 -0.1600918322801590
-2.0054821968078613 -2.3452918529510498 -0.1765881180763245
-1.9859950542449951 -2.3448750972747803 -0.1921321451663971
-1.9657577276229858 -2.3444423675537109 -0.2066852599382401
-1.9448199272155762 -2.3439948558807373 -0.2202113270759583
-1.9232344627380371 -2.3435330390930176 -0.2326766997575760
-1.9010543823242188 -2.3430588245391846 -0.2440503239631653
-1.8783349990844727 -2.3425729274749756 -0.2543039917945862
-1.8551330566406250 -2.3420770168304443 -0.2634122073650360
-1.8315056562423706 -2.3415715694427490 -0.2713522911071777
-1.8075124025344849 -2.3410584926605225 -0.2781045436859131
-1.7832124233245850 -2.3405389785766602 -0.2836521267890930
-1.7586659193038940 -2.3400142192840576 -0.2879813313484192
-1.7339345216751099 -2.3394854068756104 -0.2910813093185425
-1.7335906028747559 -2.3443586826324463 0.7039495110511780
-1.7581510543823242 -2.3473093509674072 0.7008495330810547
-1.7825278043746948 -2.3502373695373535 0.6965203285217285
-1.8066598176956177 -2.3531363010406494 0.6909727454185486
-1.8304876089096069 -2.3559987545013428 0.6842204928398132
-1.8539512157440186 -2.3588173389434814 0.6762803792953491
-1.8769930601119995 -2.3615853786468506 0.6671721935272217
-1.8995552062988281 -2.3642957210540771 0.6569185256958008
-1.9215821027755737 -2.3669416904449463 0.6455448865890503
-1.9430184364318848 -2.3695168495178223 0.6330795288085938
-1.9638113975524902 -2.3720145225524902 0.6195534467697144
-1.9839091300964355 -2.3744289875030518 0.6050003170967102
-2.0032615661621094 -2.3767535686492920 0.5894563198089600
-2.0218207836151123 -2.3789832592010498 0.5729600191116333
-2.0395402908325195 -2.3811116218566895 0.5555524826049805
-2.0563764572143555 -2.3831343650817871 0.5372770428657532
-2.0722873210906982 -2.3850455284118652 0.5181789994239807
-2.0872330665588379 -2.3868410587310791 0.4983059167861938
-2.1011767387390137 -2.3885161876678467 0.4777072370052338
-2.1140837669372559 -2.3900663852691650 0.4564341008663177
-2.1259217262268066 -2.3914885520935059 0.4345394372940063
-2.1366617679595947 -2.3927788734436035 0.4120776653289795
-2.1462762355804443 -2.3939337730407715 0.3891046047210693
-2.1547424793243408 -2.3949508666992188 0.3656774163246155
-2.1620383262634277 -2.3958270549774170 0.3418543338775635
-2.1681461334228516 -2.3965609073638916 0.3176945745944977
-2.1730511188507080 -2.3971500396728516 0.2932581901550293
-2.1767401695251465 -2.3975932598114014 0.2686059474945068
-2.1792049407958984 -2.3978891372680664 0.2437991499900818
-2.1804387569427490 -2.3980374336242676 0.2188994586467743
-2.1804387569427490 -2.3980374336242676 0.1939687579870224
-2.1792049407958984 -2.3978891372680664 0.1690690666437149
-2.1767401695251465 -2.3975932598114014 0.1442622542381287
-2.1730511188507080 -2.3971500396728516 0.1196100115776062
-2.1681461334228516 -2.3965609073638916 0.0951736420392990
-2.1620383262634277 -2.3958270549774170 0.0710138678550720
-2.1547424793243408 -2.3949508666992188 0.0471907891333103
-2.1462762355804443 -2.3939337730407715 0.0237635988742113
-2.1366617679595947 -2.3927788734436035 0.0007905507227406
-2.1259217262268066 -2.3914885520935059 -0.0216712336987257
-2.1140837669372559 -2.3900663852691650 -0.0435659028589725
-2.1011767387390137 -2.3885161876678467 -0.0648390352725983
-2.0872330665588379 -2.3868410587310791 -0.0854377374053001
-2.0722873210906982 -2.3850455284118652 -0.1053108051419258
-2.0563764572143555 -2.3831343650817871 -0.1244088262319565
-2.0395402908325195 -2.3811116218566895 -0.1426842957735062
-2.0218207836151123 -2.3789832592010498 -0.1600918322801590
-2.0032615661621094 -2.3767535686492920 -0.1765881180763245
-1.9839091300964355 -2.3744289875030518 -0.1921321451663971
-1.9638113975524902 -2.3720145225524902 -0.2066852599382401
-1.9430184364318848 -2.3695168495178223 -0.2202113270759583
-1.9215821027755737 -2.3669416904449463 -0.2326766997575760
-1.8995552062988281 -2.3642957210540771 -0.2440503239631653
-1.8769930601119995 -2.3615853786468506 -0.2543039917945862
-1.8539512157440186 -2.3588173389434814 -0.2634122073650360
-1.8304876089096069 -2.3559987545013428 -0.2713522911071777
-1.8066598176956177 -2.3531363010406494 -0.2781045436859131
-1.7825278043746948 -2.3502373695373535 -0.2836521267890930
-1.7581510543823242 -2.3473093509674072 -0.2879813313484192
-1.7335906028747559 -2.3443586826324463 -0.2910813093185425
-1.7327706813812256 -2.3491749763488770 0.7039495110511780
-1.7569237947463989 -2.3545184135437012 0.7008495330810547
-1.7808958292007446 -2.3598220348358154 0.6965203285217285
-1.8046277761459351 -2.3650724887847900 0.6909727454185486
-1.8280599117279053 -2.3702564239501953 0.6842204928398132
-1.8511344194412231 -2.3753614425659180 0.6762803792953491
-1.8737938404083252 -2.3803746700286865 0.6671721935272217
-1.8959820270538330 -2.3852832317352295 0.6569185256958008
-1.9176433086395264 -2.3900756835937500 0.6455448865890503
-1.9387241601943970 -2.3947396278381348 0.6330795288085938
-1.9591720104217529 -2.3992633819580078 0.6195534467697144
-1.9789363145828247 -2.4036357402801514 0.6050003170967102
-1.9979676008224487 -2.4078462123870850 0.5894563198089600
-2.0162189006805420 -2.4118843078613281 0.5729600191116333
-2.0336446762084961 -2.4157392978668213 0.5555524826049805
-2.0502016544342041 -2.4194023609161377 0.5372770428657532
-2.0658483505249023 -2.4228639602661133 0.5181789994239807
-2.0805463790893555 -2.4261157512664795 0.4983059167861938
-2.0942585468292236 -2.4291493892669678 0.4777072370052338
-2.1069512367248535 -2.4319574832916260 0.4564341008663177
-2.1185932159423828 -2.4345331192016602 0.4345394372940063
-2.1291546821594238 -2.4368696212768555 0.4120776653289795
-2.1386101245880127 -2.4389617443084717 0.3891046047210693
-2.1469357013702393 -2.4408035278320312 0.3656774163246155
-2.1541104316711426 -2.4423906803131104 0.3418543338775635
-2.1601171493530273 -2.4437198638916016 0.3176945745944977
-2.1649403572082520 -2.4447865486145020 0.2932581901550293
-2.1685683727264404 -2.4455895423889160 0.2686059474945068
-2.1709918975830078 -2.4461257457733154 0.2437991499900818
-2.1722054481506348 -2.4463942050933838 0.2188994586467743
-2.1722054481506348 -2.4463942050933838 0.1939687579870224
-2.1709918975830078 -2.4461257457733154 0.1690690666437149
-2.1685683727264404 -2.4455895423889160 0.1442622542381287
-2.1649403572082520 -2.4447865486145020 0.1196100115776062
-2.1601171493530273 -2.4437198638916016 0.0951736420392990
-2.1541104316711426 -2.4423906803131104 0.0710138678550720
-2.1469357013702393 -2.4408035278320312 0.0471907891333103
-2.1386101245880127 -2.4389617443084717 0.0237635988742113
-2.1291546821594238 -2.4368696212768555 0.0007905507227406
-2.1185932159423828 -2.4345331192016602 -0.0216712336987257
-2.1069512367248535 -2.4319574832916260 -0.0435659028589725
-2.0942585468292236 -2.4291493892669678 -0.0648390352725983
-2.0805463790893555 -2.4261157512664795 -0.0854377374053001
-2.0658483505249023 -2.4228639602661133 -0.1053108051419258
-2.0502016544342041 -2.4194023609161377 -0.1244088262319565
-2.0336446762084961 -2.4157392978668213 -0.1426842957735062
-2.0162189006805420 -2.4118843078613281 -0.1600918322801590
-1.9979676008224487 -2.4078462123870850 -0.1765881180763245
-1.9789363145828247 -2.4036357402801514 -0.1921321451663971
-1.9591720104217529 -2.3992633819580078 -0.2066852599382401
-1.9387241601943970 -2.3947396278381348 -0.2202113270759583
-1.9176433086395264 -2.3900756835937500 -0.2326766997575760
-1.8959820270538330 -2.3852832317352295 -0.2440503239631653
-1.8737938404083252 -2.3803746700286865 -0.2543039917945862
-1.8511344194412231 -2.3753614425659180 -0.2634122073650360
-1.8280599117279053 -2.3702564239501953 -0.2713522911071777
-1.8046277761459351 -2.3650724887847900 -0.2781045436859131
-1.7808958292007446 -2.3598220348358154 -0.2836521267890930
-1.7569237947463989 -2.3545184135437012 -0.2879813313484192
-1.7327706813812256 -2.3491749763488770 -0.2910813093185425
-1.7314823865890503 -2.3538877964019775 0.7039495110511780
-1.7549953460693359 -2.3615732192993164 0.7008495330810547
-1.7783323526382446 -2.3692004680633545 0.6965203285217285
-1.8014353513717651 -2.3767518997192383 0.6909727454185486
-1.8242466449737549 -2.3842077255249023 0.6842204928398132
-1.8467097282409668 -2.3915498256683350 0.6762803792953491
-1.8687684535980225 -2.3987598419189453 0.6671721935272217
-1.8903687000274658 -2.4058196544647217 0.6569185256958008
-1.9114558696746826 -2.4127120971679688 0.6455448865890503
-1.9319781064987183 -2.4194197654724121 0.6330795288085938
-1.9518842697143555 -2.4259262084960938 0.6195534467697144
-1.9711247682571411 -2.4322147369384766 0.6050003170967102
-1.9896519184112549 -2.4382705688476562 0.5894563198089600
-2.0074195861816406 -2.4440777301788330 0.5729600191116333
-2.0243833065032959 -2.4496223926544189 0.5555524826049805
-2.0405013561248779 -2.4548904895782471 0.5372770428657532
-2.0557336807250977 -2.4598693847656250 0.5181789994239807
-2.0700416564941406 -2.4645459651947021 0.4983059167861938
-2.0833907127380371 -2.4689090251922607 0.4777072370052338
-2.0957474708557129 -2.4729478359222412 0.4564341008663177
-2.1070804595947266 -2.4766519069671631 0.4345394372940063
-2.1173622608184814 -2.4800124168395996 0.4120776653289795
-2.1265671253204346 -2.4830212593078613 0.3891046047210693
-2.1346716880798340 -2.4856700897216797 0.3656774163246155
-2.1416566371917725 -2.4879531860351562 0.3418543338775635
-2.1475040912628174 -2.4898645877838135 0.3176945745944977
-2.1521997451782227 -2.4913992881774902 0.2932581901550293
-2.1557314395904541 -2.4925537109375000 0.2686059474945068
-2.1580908298492432 -2.4933245182037354 0.2437991499900818
-2.1592721939086914 -2.4937109947204590 0.2188994586467743
-2.1592721939086914 -2.4937109947204590 0.1939687579870224
-2.1580908298492432 -2.4933245182037354 0.1690690666437149
-2.1557314395904541 -2.4925537109375000 0.1442622542381287
-2.1521997451782227 -2.4913992881774902 0.1196100115776062
-2.1475040912628174 -2.4898645877838135 0.0951736420392990
-2.1416566371917725 -2.4879531860351562 0.0710138678550720
-2.1346716880798340 -2.4856700897216797 0.0471907891333103
-2.1265671253204346 -2.4830212593078613 0.0237635988742113
-2.1173622608184814 -2.4800124168395996 0.0007905507227406
-2.1070804595947266 -2.4766519069671631 -0.0216712336987257
-2.0957474708557129 -2.4729478359222412 -0.0435659028589725
-2.0833907127380371 -2.4689090251922607 -0.0648390352725983
-2.0700416564941406 -2.4645459651947021 -0.0854377374053001
-2.0557336807250977 -2.4598693847656250 -0.1053108051419258
-2.0405013561248779 -2.4548904895782471 -0.1244088262319565
-2.0243833065032959 -2.4496223926544189 -0.1426842957735062
-2.0074195861816406 -2.4440777301788330 -0.1600918322801590
-1.9896519184112549 -2.4382705688476562 -0.1765881180763245
-1.9711247682571411 -2.4322147369384766 -0.1921321451663971
-1.9518842697143555 -2.4259262084960938 -0.2066852599382401
-1.9319781064987183 -2.4194197654724121 -0.2202113270759583
-1.9114558696746826 -2.4127120971679688 -0.2326766997575760
-1.8903687000274658 -2.4058196544647217 -0.2440503239631653
-1.8687684535980225 -2.3987598419189453 -0.2543039917945862
-1.8467097282409668 -2.3915498256683350 -0.2634122073650360
-1.8242466449737549 -2.3842077255249023 -0.2713522911071777
-1.8014353513717651 -2.3767518997192383 -0.2781045436859131
-1.7783323526382446 -2.3692004680633545 -0.2836521267890930
-1.7549953460693359 -2.3615732192993164 -0.2879813313484192
-1.7314823865890503 -2.3538877964019775 -0.2910813093185425
-1.7297384738922119 -2.3584516048431396 0.7039495110511780
-1.7523851394653320 -2.3684043884277344 0.7008495330810547
-1.7748619318008423 -2.3782827854156494 0.6965203285217285
-1.7971135377883911 -2.3880620002746582 0.6909727454185486
-1.8190841674804688 -2.3977179527282715 0.6842204928398132
-1.8407194614410400 -2.4072263240814209 0.6762803792953491
-1.8619655370712280 -2.4165639877319336 0.6671721935272217
-1.8827695846557617 -2.4257068634033203 0.6569185256958008
-1.9030796289443970 -2.4346330165863037 0.6455448865890503
-1.9228456020355225 -2.4433200359344482 0.6330795288085938
-1.9420181512832642 -2.4517462253570557 0.6195534467697144
-1.9605494737625122 -2.4598903656005859 0.6050003170967102
-1.9783939123153687 -2.4677329063415527 0.5894563198089600
-1.9955066442489624 -2.4752535820007324 0.5729600191116333
-2.0118453502655029 -2.4824345111846924 0.5555524826049805
-2.0273694992065430 -2.4892570972442627 0.5372770428657532
-2.0420403480529785 -2.4957046508789062 0.5181789994239807
-2.0558214187622070 -2.5017614364624023 0.4983059167861938
-2.0686783790588379 -2.5074119567871094 0.4777072370052338
-2.0805797576904297 -2.5126426219940186 0.4564341008663177
-2.0914950370788574 -2.5174396038055420 0.4345394372940063
-2.1013979911804199 -2.5217919349670410 0.4120776653289795
-2.1102633476257324 -2.5256881713867188 0.3891046047210693
-2.1180696487426758 -2.5291190147399902 0.3656774163246155
-2.1247968673706055 -2.5320756435394287 0.3418543338775635
-2.1304290294647217 -2.5345506668090820 0.3176945745944977
-2.1349513530731201 -2.5365383625030518 0.2932581901550293
-2.1383531093597412 -2.5380334854125977 0.2686059474945068
-2.1406257152557373 -2.5390319824218750 0.2437991499900818
-2.1417634487152100 -2.5395321846008301 0.2188994586467743
-2.1417634487152100 -2.5395321846008301 0.1939687579870224
-2.1406257152557373 -2.5390319824218750 0.1690690666437149
-2.1383531093597412 -2.5380334854125977 0.1442622542381287
-2.1349513530731201 -2.5365383625030518 0.1196100115776062
-2.1304290294647217 -2.5345506668090820 0.0951736420392990
-2.1247968673706055 -2.5320756435394287 0.0710138678550720
-2.1180696487426758 -2.5291190147399902 0.0471907891333103
-2.1102633476257324 -2.5256881713867188 0.0237635988742113
-2.1013979911804199 -2.5217919349670410 0.0007905507227406
-2.0914950370788574 -2.5174396038055420 -0.0216712336987257
-2.0805797576904297 -2.5126426219940186 -0.0435659028589725
-2.0686783790588379 -2.5074119567871094 -0.0648390352725983
-2.0558214187622070 -2.5017614364624023 -0.0854377374053001
-2.0420403480529785 -2.4957046508789062 -0.1053108051419258
-2.0273694992065430 -2.4892570972442627 -0.1244088262319565
-2.0118453502655029 -2.4824345111846924 -0.1426842957735062
-1.9955066442489624 -2.4752535820007324 -0.1600918322801590
-1.9783939123153687 -2.4677329063415527 -0.1765881180763245
-1.9605494737625122 -2.4598903656005859 -0.1921321451663971
-1.9420181512832642 -2.4517462253570557 -0.2066852599382401
-1.9228456020355225 -2.4433200359344482 -0.2202113270759583
-1.9030796289443970 -2.4346330165863037 -0.2326766997575760
-1.8827695846557617 -2.4257068634033203 -0.2440503239631653
-1.8619655370712280 -2.4165639877319336 -0.2543039917945862
-1.8407194614410400 -2.4072263240814209 -0.2634122073650360
-1.8190841674804688 -2.3977179527282715 -0.2713522911071777
-1.7971135377883911 -2.3880620002746582 -0.2781045436859131
-1.7748619318008423 -2.3782827854156494 -0.2836521267890930
-1.7523851394653320 -2.3684043884277344 -0.2879813313484192
-1.7297384738922119 -2.3584516048431396 -0.2910813093185425
-1.7275556325912476 -2.3628222942352295 0.7039495110511780
-1.7491176128387451 -2.3749470710754395 0.7008495330810547
-1.7705181837081909 -2.3869810104370117 0.6965203285217285
-1.7917038202285767 -2.3988940715789795 0.6909727454185486
-1.8126223087310791 -2.4106571674346924 0.6842204928398132
-1.8332216739654541 -2.4222404956817627 0.6762803792953491
-1.8534500598907471 -2.4336152076721191 0.6671721935272217
-1.8732576370239258 -2.4447534084320068 0.6569185256958008
-1.8925948143005371 -2.4556274414062500 0.6455448865890503
-1.9114142656326294 -2.4662098884582520 0.6330795288085938
-1.9296685457229614 -2.4764745235443115 0.6195534467697144
-1.9473124742507935 -2.4863963127136230 0.6050003170967102
-1.9643024206161499 -2.4959499835968018 0.5894563198089600
-1.9805953502655029 -2.5051119327545166 0.5729600191116333
-1.9961518049240112 -2.5138597488403320 0.5555524826049805
-2.0109322071075439 -2.5221710205078125 0.5372770428657532
-2.0249004364013672 -2.5300257205963135 0.5181789994239807
-2.0380218029022217 -2.5374040603637695 0.4983059167861938
-2.0502629280090332 -2.5442874431610107 0.4777072370052338
-2.0615940093994141 -2.5506591796875000 0.4564341008663177
-2.0719866752624512 -2.5565032958984375 0.4345394372940063
-2.0814151763916016 -2.5618050098419189 0.4120776653289795
-2.0898561477661133 -2.5665516853332520 0.3891046047210693
-2.0972886085510254 -2.5707306861877441 0.3656774163246155
-2.1036937236785889 -2.5743327140808105 0.3418543338775635
-2.1090559959411621 -2.5773479938507080 0.3176945745944977
-2.1133620738983154 -2.5797693729400635 0.2932581901550293
-2.1166007518768311 -2.5815906524658203 0.2686059474945068
-2.1187644004821777 -2.5828073024749756 0.2437991499900818
-2.1198472976684570 -2.5834164619445801 0.2188994586467743
-2.1198472976684570 -2.5834164619445801 0.1939687579870224
-2.1187644004821777 -2.5828073024749756 0.1690690666437149
-2.1166007518768311 -2.5815906524658203 0.1442622542381287
-2.1133620738983154 -2.5797693729400635 0.1196100115776062
-2.1090559959411621 -2.5773479938507080 0.0951736420392990
-2.1036937236785889 -2.5743327140808105 0.0710138678550720
-2.0972886085510254 -2.5707306861877441 0.0471907891333103
-2.0898561477661133 -2.5665516853332520 0.0237635988742113
-2.0814151763916016 -2.5618050098419189 0.0007905507227406
-2.0719866752624512 -2.5565032958984375 -0.0216712336987257
-2.0615940093994141 -2.5506591796875000 -0.0435659028589725
-2.0502629280090332 -2.5442874431610107 -0.0648390352725983
-2.0380218029022217 -2.5374040603637695 -0.0854377374053001
-2.0249004364013672 -2.5300257205963135 -0.1053108051419258
-2.0109322071075439 -2.5221710205078125 -0.1244088262319565
-1.9961518049240112 -2.5138597488403320 -0.1426842957735062
-1.9805953502655029 -2.5051119327545166 -0.1600918322801590
-1.9643024206161499 -2.4959499835968018 -0.1765881180763245
-1.9473124742507935 -2.4863963127136230 -0.1921321451663971
-1.9296685457229614 -2.4764745235443115 -0.2066852599382401
-1.9114142656326294 -2.4662098884582520 -0.2202113270759583
-1.8925948143005371 -2.4556274414062500 -0.2326766997575760
-1.8732576370239258 -2.4447534084320068 -0.2440503239631653
-1.8534500598907471 -2.4336152076721191 -0.2543039917945862
-1.8332216739654541 -2.4222404956817627 -0.2634122073650360
-1.8126223087310791 -2.4106571674346924 -0.2713522911071777
-1.7917038202285767 -2.3988940715789795 -0.2781045436859131
-1.7705181837081909 -2.3869810104370117 -0.2836521267890930
-1.7491176128387451 -2.3749470710754395 -0.2879813313484192
-1.7275556325912476 -2.3628222942352295 -0.2910813093185425
-1.7249549627304077 -2.3669581413269043 0.7039495110511780
-1.7452247142791748 -2.3811380863189697 0.7008495330810547
-1.7653425931930542 -2.3952114582061768 0.6965203285217285
-1.7852588891983032 -2.4091441631317139 0.6909727454185486
-1.8049234151840210 -2.4229006767272949 0.6842204928398132
-1.8242878913879395 -2.4364471435546875 0.6762803792953491
-1.8433041572570801 -2.4497501850128174 0.6671721935272217
-1.8619246482849121 -2.4627761840820312 0.6569185256958008
-1.8801031112670898 -2.4754929542541504 0.6455448865890503
-1.8977946043014526 -2.4878692626953125 0.6330795288085938
-1.9149549007415771 -2.4998738765716553 0.6195534467697144
-1.9315412044525146 -2.5114769935607910 0.6050003170967102
-1.9475127458572388 -2.5226500034332275 0.5894563198089600
-1.9628294706344604 -2.5333647727966309 0.5729600191116333
-1.9774535894393921 -2.5435950756072998 0.5555524826049805
-1.9913482666015625 -2.5533154010772705 0.5372770428657532
-2.0044791698455811 -2.5625011920928955 0.5181789994239807
-2.0168139934539795 -2.5711302757263184 0.4983059167861938
-2.0283215045928955 -2.5791802406311035 0.4777072370052338
-2.0389735698699951 -2.5866320133209229 0.4564341008663177
-2.0487434864044189 -2.5934667587280273 0.4345394372940063
-2.0576069355010986 -2.5996668338775635 0.4120776653289795
-2.0655419826507568 -2.6052181720733643 0.3891046047210693
-2.0725290775299072 -2.6101059913635254 0.3656774163246155
-2.0785503387451172 -2.6143181324005127 0.3418543338775635
-2.0835909843444824 -2.6178443431854248 0.3176945745944977
-2.0876388549804688 -2.6206760406494141 0.2932581901550293
-2.0906834602355957 -2.6228058338165283 0.2686059474945068
-2.0927176475524902 -2.6242289543151855 0.2437991499900818
-2.0937356948852539 -2.6249411106109619 0.2188994586467743
-2.0937356948852539 -2.6249411106109619 0.1939687579870224
-2.0927176475524902 -2.6242289543151855 0.1690690666437149
-2.0906834602355957 -2.6228058338165283 0.1442622542381287
-2.0876388549804688 -2.6206760406494141 0.1196100115776062
-2.0835909843444824 -2.6178443431854248 0.0951736420392990
-2.0785503387451172 -2.6143181324005127 0.0710138678550720
-2.0725290775299072 -2.6101059913635254 0.0471907891333103
-2.0655419826507568 -2.6052181720733643 0.0237635988742113
-2.0576069355010986 -2.5996668338775635 0.0007905507227406
-2.0487434864044189 -2.5934667587280273 -0.0216712336987257
-2.0389735698699951 -2.5866320133209229 -0.0435659028589725
-2.0283215045928955 -2.5791802406311035 -0.0648390352725983
-2.0168139934539795 -2.5711302757263184 -0.0854377374053001
-2.0044791698455811 -2.5625011920928955 -0.1053108051419258
-1.9913482666015625 -2.5533154010772705 -0.1244088262319565
-1.9774535894393921 -2.5435950756072998 -0.1426842957735062
-1.9628294706344604 -2.5333647727966309 -0.1600918322801590
-1.9475127458572388 -2.5226500034332275 -0.1765881180763245
-1.9315412044525146 -2.5114769935607910 -0.1921321451663971
-1.9149549007415771 -2.4998738765716553 -0.2066852599382401
-1.8977946043014526 -2.4878692626953125 -0.2202113270759583
-1.8801031112670898 -2.4754929542541504 -0.2326766997575760
-1.8619246482849121 -2.4627761840820312 -0.2440503239631653
-1.8433041572570801 -2.4497501850128174 -0.2543039917945862
-1.8242878913879395 -2.4364471435546875 -0.2634122073650360
-1.8049234151840210 -2.4229006767272949 -0.2713522911071777
-1.7852588891983032 -2.4091441631317139 -0.2781045436859131
-1.7653425931930542 -2.3952114582061768 -0.2836521267890930
-1.7452247142791748 -2.3811380863189697 -0.2879813313484192
-1.7249549627304077 -2.3669581413269043 -0.2910813093185425
-1.7219616174697876 -2.3708190917968750 0.7039495110511780
-1.7407438755035400 -2.3869175910949707 0.7008495330810547
-1.7593852281570435 -2.4028952121734619 0.6965203285217285
-1.7778398990631104 -2.4187126159667969 0.6909727454185486
-1.7960613965988159 -2.4343302249908447 0.6842204928398132
-1.8140050172805786 -2.4497098922729492 0.6762803792953491
-1.8316255807876587 -2.4648125171661377 0.6671721935272217
-1.8488795757293701 -2.4796011447906494 0.6569185256958008
-1.8657243251800537 -2.4940388202667236 0.6455448865890503
-1.8821171522140503 -2.5080890655517578 0.6330795288085938
-1.8980183601379395 -2.5217177867889404 0.6195534467697144
-1.9133876562118530 -2.5348911285400391 0.6050003170967102
-1.9281870126724243 -2.5475757122039795 0.5894563198089600
-1.9423798322677612 -2.5597403049468994 0.5729600191116333
-1.9559303522109985 -2.5713548660278320 0.5555524826049805
-1.9688056707382202 -2.5823900699615479 0.5372770428657532
-1.9809728860855103 -2.5928187370300293 0.5181789994239807
-1.9924026727676392 -2.6026151180267334 0.4983059167861938
-2.0030655860900879 -2.6117546558380127 0.4777072370052338
-2.0129361152648926 -2.6202144622802734 0.4564341008663177
-2.0219891071319580 -2.6279735565185547 0.4345394372940063
-2.0302021503448486 -2.6350131034851074 0.4120776653289795
-2.0375549793243408 -2.6413154602050781 0.3891046047210693
-2.0440289974212646 -2.6468644142150879 0.3656774163246155
-2.0496084690093994 -2.6516463756561279 0.3418543338775635
-2.0542793273925781 -2.6556499004364014 0.3176945745944977
-2.0580301284790039 -2.6588647365570068 0.2932581901550293
-2.0608513355255127 -2.6612827777862549 0.2686059474945068
-2.0627360343933105 -2.6628980636596680 0.2437991499900818
-2.0636799335479736 -2.6637070178985596 0.2188994586467743
-2.0636799335479736 -2.6637070178985596 0.1939687579870224
-2.0627360343933105 -2.6628980636596680 0.1690690666437149
-2.0608513355255127 -2.6612827777862549 0.1442622542381287
-2.0580301284790039 -2.6588647365570068 0.1196100115776062
-2.0542793273925781 -2.6556499004364014 0.0951736420392990
-2.0496084690093994 -2.6516463756561279 0.0710138678550720
-2.0440289974212646 -2.6468644142150879 0.0471907891333103
-2.0375549793243408 -2.6413154602050781 0.0237635988742113
-2.0302021503448486 -2.6350131034851074 0.0007905507227406
-2.0219891071319580 -2.6279735565185547 -0.0216712336987257
-2.0129361152648926 -2.6202144622802734 -0.0435659028589725
-2.0030655860900879 -2.6117546558380127 -0.0648390352725983
-1.9924026727676392 -2.6026151180267334 -0.0854377374053001
-1.9809728860855103 -2.5928187370300293 -0.1053108051419258
-1.9688056707382202 -2.5823900699615479 -0.1244088262319565
-1.9559303522109985 -2.5713548660278320 -0.1426842957735062
-1.9423798322677612 -2.5597403049468994 -0.1600918322801590
-1.9281870126724243 -2.5475757122039795 -0.1765881180763245
-1.9133876562118530 -2.5348911285400391 -0.1921321451663971
-1.8980183601379395 -2.5217177867889404 -0.2066852599382401
-1.8821171522140503 -2.5080890655517578 -0.2202113270759583
-1.8657243251800537 -2.4940388202667236 -0.2326766997575760
-1.8488795757293701 -2.4796011447906494 -0.2440503239631653
-1.8316255807876587 -2.4648125171661377 -0.2543039917945862
-1.8140050172805786 -2.4497098922729492 -0.2634122073650360
-1.7960613965988159 -2.4343302249908447 -0.2713522911071777
-1.7778398990631104 -2.4187126159667969 -0.2781045436859131
-1.7593852281570435 -2.4028952121734619 -0.2836521267890930
-1.7407438755035400 -2.3869175910949707 -0.2879813313484192
-1.7219616174697876 -2.3708190917968750 -0.2910813093185425
-1.7186038494110107 -2.3743679523468018 0.7039495110511780
-1.7357177734375000 -2.3922297954559326 0.7008495330810547
-1.7527034282684326 -2.4099578857421875 0.6965203285217285
-1.7695188522338867 -2.4275078773498535 0.6909727454185486
-1.7861218452453613 -2.4448368549346924 0.6842204928398132
-1.8024713993072510 -2.4619009494781494 0.6762803792953491
-1.8185271024703979 -2.4786579608917236 0.6671721935272217
-1.8342484235763550 -2.4950664043426514 0.6569185256958008
-1.8495968580245972 -2.5110855102539062 0.6455448865890503
-1.8645337820053101 -2.5266752243041992 0.6330795288085938
-1.8790222406387329 -2.5417969226837158 0.6195534467697144
-1.8930264711380005 -2.5564131736755371 0.6050003170967102
-1.9065111875534058 -2.5704872608184814 0.5894563198089600
-1.9194433689117432 -2.5839843750000000 0.5729600191116333
-1.9317903518676758 -2.5968711376190186 0.5555524826049805
-1.9435217380523682 -2.6091153621673584 0.5372770428657532
-1.9546084403991699 -2.6206862926483154 0.5181789994239807
-1.9650228023529053 -2.6315557956695557 0.4983059167861938
-1.9747388362884521 -2.6416964530944824 0.4777072370052338
-1.9837325811386108 -2.6510832309722900 0.4564341008663177
-1.9919812679290771 -2.6596922874450684 0.4345394372940063
-1.9994646310806274 -2.6675028800964355 0.4120776653289795
-2.0061645507812500 -2.6744954586029053 0.3891046047210693
-2.0120635032653809 -2.6806523799896240 0.3656774163246155
-2.0171473026275635 -2.6859581470489502 0.3418543338775635
-2.0214033126831055 -2.6904003620147705 0.3176945745944977
-2.0248210430145264 -2.6939671039581299 0.2932581901550293
-2.0273914337158203 -2.6966500282287598 0.2686059474945068
-2.0291090011596680 -2.6984424591064453 0.2437991499900818
-2.0299685001373291 -2.6993398666381836 0.2188994586467743
-2.0299685001373291 -2.6993398666381836 0.1939687579870224
-2.0291090011596680 -2.6984424591064453 0.1690690666437149
-2.0273914337158203 -2.6966500282287598 0.1442622542381287
-2.0248210430145264 -2.6939671039581299 0.1196100115776062
-2.0214033126831055 -2.6904003620147705 0.0951736420392990
-2.0171473026275635 -2.6859581470489502 0.0710138678550720
-2.0120635032653809 -2.6806523799896240 0.0471907891333103
-2.0061645507812500 -2.6744954586029053 0.0237635988742113
-1.9994646310806274 -2.6675028800964355 0.0007905507227406
-1.9919812679290771 -2.6596922874450684 -0.0216712336987257
-1.9837325811386108 -2.6510832309722900 -0.0435659028589725
-1.9747388362884521 -2.6416964530944824 -0.0648390352725983
-1.9650228023529053 -2.6315557956695557 -0.0854377374053001
-1.9546084403991699 -2.6206862926483154 -0.1053108051419258
-1.9435217380523682 -2.6091153621673584 -0.1244088262319565
-1.9317903518676758 -2.5968711376190186 -0.1426842957735062
-1.9194433689117432 -2.5839843750000000 -0.1600918322801590
-1.9065111875534058 -2.5704872608184814 -0.1765881180763245
-1.8930264711380005 -2.5564131736755371 -0.1921321451663971
-1.8790222406387329 -2.5417969226837158 -0.2066852599382401
-1.8645337820053101 -2.5266752243041992 -0.2202113270759583
-1.8495968580245972 -2.5110855102539062 -0.2326766997575760
-1.8342484235763550 -2.4950664043426514 -0.2440503239631653
-1.8185271024703979 -2.4786579608917236 -0.2543039917945862
-1.8024713993072510 -2.4619009494781494 -0.2634122073650360
-1.7861218452453613 -2.4448368549346924 -0.2713522911071777
-1.7695188522338867 -2.4275078773498535 -0.2781045436859131
-1.7527034282684326 -2.4099578857421875 -0.2836521267890930
-1.7357177734375000 -2.3922297954559326 -0.2879813313484192
-1.7186038494110107 -2.3743679523468018 -0.2910813093185425
-1.7149146795272827 -2.3775708675384521 0.7039495110511780
-1.7301952838897705 -2.3970239162445068 0.7008495330810547
-1.7453615665435791 -2.4163317680358887 0.6965203285217285
-1.7603757381439209 -2.4354455471038818 0.6909727454185486
-1.7752003669738770 -2.4543180465698242 0.6842204928398132
-1.7897987365722656 -2.4729025363922119 0.6762803792953491
-1.8041343688964844 -2.4911527633666992 0.6671721935272217
-1.8181718587875366 -2.5090234279632568 0.6569185256958008
-1.8318761587142944 -2.5264694690704346 0.6455448865890503
-1.8452130556106567 -2.5434482097625732 0.6330795288085938
-1.8581497669219971 -2.5599172115325928 0.6195534467697144
-1.8706536293029785 -2.5758357048034668 0.6050003170967102
-1.8826941251754761 -2.5911638736724854 0.5894563198089600
-1.8942409753799438 -2.6058638095855713 0.5729600191116333
-1.9052654504776001 -2.6198980808258057 0.5555524826049805
-1.9157403707504272 -2.6332333087921143 0.5372770428657532
-1.9256392717361450 -2.6458356380462646 0.5181789994239807
-1.9349380731582642 -2.6576733589172363 0.4983059167861938
-1.9436132907867432 -2.6687173843383789 0.4777072370052338
-1.9516437053680420 -2.6789402961730957 0.4564341008663177
-1.9590090513229370 -2.6883168220520020 0.4345394372940063
-1.9656907320022583 -2.6968231201171875 0.4120776653289795
-1.9716727733612061 -2.7044386863708496 0.3891046047210693
-1.9769399166107178 -2.7111442089080811 0.3656774163246155
-1.9814792871475220 -2.7169229984283447 0.3418543338775635
-1.9852793216705322 -2.7217605113983154 0.3176945745944977
-1.9883308410644531 -2.7256453037261963 0.2932581901550293
-1.9906262159347534 -2.7285676002502441 0.2686059474945068
-1.9921596050262451 -2.7305197715759277 0.2437991499900818
-1.9929273128509521 -2.7314968109130859 0.2188994586467743
-1.9929273128509521 -2.7314968109130859 0.1939687579870224
-1.9921596050262451 -2.7305197715759277 0.1690690666437149
-1.9906262159347534 -2.7285676002502441 0.1442622542381287
-1.9883308410644531 -2.7256453037261963 0.1196100115776062
-1.9852793216705322 -2.7217605113983154 0.0951736420392990
-1.9814792871475220 -2.7169229984283447 0.0710138678550720
-1.9769399166107178 -2.7111442089080811 0.0471907891333103
-1.9716727733612061 -2.7044386863708496 0.0237635988742113
-1.9656907320022583 -2.6968231201171875 0.0007905507227406
-1.9590090513229370 -2.6883168220520020 -0.0216712336987257
-1.9516437053680420 -2.6789402961730957 -0.0435659028589725
-1.9436132907867432 -2.6687173843383789 -0.0648390352725983
-1.9349380731582642 -2.6576733589172363 -0.0854377374053001
-1.9256392717361450 -2.6458356380462646 -0.1053108051419258
-1.9157403707504272 -2.6332333087921143 -0.1244088262319565
-1.9052654504776001 -2.6198980808258057 -0.1426842957735062
-1.8942409753799438 -2.6058638095855713 -0.1600918322801590
-1.8826941251754761 -2.5911638736724854 -0.1765881180763245
-1.8706536293029785 -2.5758357048034668 -0.1921321451663971
-1.8581497669219971 -2.5599172115325928 -0.2066852599382401
-1.8452130556106567 -2.5434482097625732 -0.2202113270759583
-1.8318761587142944 -2.5264694690704346 -0.2326766997575760
-1.8181718587875366 -2.5090234279632568 -0.2440503239631653
-1.8041343688964844 -2.4911527633666992 -0.2543039917945862
-1.7897987365722656 -2.4729025363922119 -0.2634122073650360
-1.7752003669738770 -2.4543180465698242 -0.2713522911071777
-1.7603757381439209 -2.4354455471038818 -0.2781045436859131
-1.7453615665435791 -2.4163317680358887 -0.2836521267890930
-1.7301952838897705 -2.3970239162445068 -0.2879813313484192
-1.7149146795272827 -2.3775708675384521 -0.2910813093185425
-1.7109291553497314 -2.3803968429565430 0.7039495110511780
-1.7242295742034912 -2.4012539386749268 0.7008495330810547
-1.7374303340911865 -2.4219551086425781 0.6965203285217285
-1.7504987716674805 -2.4424486160278320 0.6909727454185486
-1.7634021043777466 -2.4626834392547607 0.6842204928398132
-1.7761086225509644 -2.4826092720031738 0.6762803792953491
-1.7885864973068237 -2.5021767616271973 0.6671721935272217
-1.8008044958114624 -2.5213370323181152 0.6569185256958008
-1.8127328157424927 -2.5400426387786865 0.6455448865890503
-1.8243412971496582 -2.5582468509674072 0.6330795288085938
-1.8356013298034668 -2.5759046077728271 0.6195534467697144
-1.8464848995208740 -2.5929718017578125 0.6050003170967102
-1.8569649457931519 -2.6094062328338623 0.5894563198089600
-1.8670152425765991 -2.6251671314239502 0.5729600191116333
-1.8766111135482788 -2.6402149200439453 0.5555524826049805
-1.8857284784317017 -2.6545126438140869 0.5372770428657532
-1.8943446874618530 -2.6680240631103516 0.5181789994239807
-1.9024382829666138 -2.6807165145874023 0.4983059167861938
-1.9099893569946289 -2.6925578117370605 0.4777072370052338
-1.9169788360595703 -2.7035183906555176 0.4564341008663177
-1.9233895540237427 -2.7135717868804932 0.4345394372940063
-1.9292056560516357 -2.7226924896240234 0.4120776653289795
-1.9344121217727661 -2.7308571338653564 0.3891046047210693
-1.9389967918395996 -2.7380466461181641 0.3656774163246155
-1.9429479837417603 -2.7442426681518555 0.3418543338775635
-1.9462556838989258 -2.7494297027587891 0.3176945745944977
-1.9489115476608276 -2.7535946369171143 0.2932581901550293
-1.9509093761444092 -2.7567276954650879 0.2686059474945068
-1.9522440433502197 -2.7588205337524414 0.2437991499900818
-1.9529123306274414 -2.7598683834075928 0.2188994586467743
-1.9529123306274414 -2.7598683834075928 0.1939687579870224
-1.9522440433502197 -2.7588205337524414 0.1690690666437149
-1.9509093761444092 -2.7567276954650879 0.1442622542381287
-1.9489115476608276 -2.7535946369171143 0.1196100115776062
-1.9462556838989258 -2.7494297027587891 0.0951736420392990
-1.9429479837417603 -2.7442426681518555 0.0710138678550720
-1.9389967918395996 -2.7380466461181641 0.0471907891333103
-1.9344121217727661 -2.7308571338653564 0.0237635988742113
-1.9292056560516357 -2.7226924896240234 0.0007905507227406
-1.9233895540237427 -2.7135717868804932 -0.0216712336987257
-1.9169788360595703 -2.7035183906555176 -0.0435659028589725
-1.9099893569946289 -2.6925578117370605 -0.0648390352725983
-1.9024382829666138 -2.6807165145874023 -0.0854377374053001
-1.8943446874618530 -2.6680240631103516 -0.1053108051419258
-1.8857284784317017 -2.6545126438140869 -0.1244088262319565
-1.8766111135482788 -2.6402149200439453 -0.1426842957735062
-1.8670152425765991 -2.6251671314239502 -0.1600918322801590
-1.8569649457931519 -2.6094062328338623 -0.1765881180763245
-1.8464848995208740 -2.5929718017578125 -0.1921321451663971
-1.8356013298034668 -2.5759046077728271 -0.2066852599382401
-1.8243412971496582 -2.5582468509674072 -0.2202113270759583
-1.8127328157424927 -2.5400426387786865 -0.2326766997575760
-1.8008044958114624 -2.5213370323181152 -0.2440503239631653
-1.7885864973068237 -2.5021767616271973 -0.2543039917945862
-1.7761086225509644 -2.4826092720031738 -0.2634122073650360
-1.7634021043777466 -2.4626834392547607 -0.2713522911071777
-1.7504987716674805 -2.4424486160278320 -0.2781045436859131
-1.7374303340911865 -2.4219551086425781 -0.2836521267890930
-1.7242295742034912 -2.4012539386749268 -0.2879813313484192
-1.7109291553497314 -2.3803968429565430 -0.2910813093185425
3 0 1 2
3 1 0 3
3 4 1 3
3 5 1 4
3 6 1 5
3 7 1 6
3 8 1 7
3 9 1 8
3 10 1 9
3 11 1 10
3 12 1 11
3 13 1 12
3 14 1 13
3 15 1 14
3 16 1 15
3 17 1 16
3 18 1 17
3 19 1 18
3 20 1 19
3 21 1 20
3 22 1 21
3 23 1 22
3 24 1 23
3 25 1 24
3 26 1 25
3 27 1 26
3 28 1 27
3 29 1 28
3 30 1 29
3 31 1 30
3 32 1 31
3 33 1 32
3 34 1 33
3 35 1 34
3 36 1 35
3 37 1 36
3 38 1 37
3 39 1 38
3 40 1 39
3 41 1 40
3 42 1 41
3 43 1 42
3 44 1 43
3 45 1 44
3 46 1 45
3 47 1 46
3 48 1 47
3 49 1 48
3 50 1 49
3 51 1 50
3 52 1 51
3 53 1 52
3 54 1 53
3 55 1 54
3 56 1 55
3 57 1 56
3 58 1 57
3 59 1 58
3 60 1 59
3 61 1 60
3 62 1 61
3 63 1 62
3 64 1 63
3 2 1 64
3 65 66 67
3 67 66 68
3 68 66 69
3 69 66 70
3 70 66 71
3 71 66 72
3 72 66 73
3 73 66 74
3 74 66 75
3 75 66 76
3 76 66 77
3 77 66 78
3 78 66 79
3 79 66 80
3 80 66 81
3 81 66 82
3 82 66 83
3 83 66 84
3 84 66 85
3 85 66 86
3 86 66 87
3 87 66 88
3 88 66 89
3 89 66 90
3 90 66 91
3 91 66 92
3 92 66 93
3 93 66 94
3 94 66 95
3 95 66 96
3 96 66 97
3 97 66 98
3 98 66 99
3 99 66 100
3 100 66 101
3 101 66 102
3 102 66 103
3 103 66 104
3 104 66 105
3 105 66 106
3 106 66 107
3 107 66 108
3 108 66 109
3 109 66 110
3 110 66 111
3 111 66 112
3 112 66 113
3 113 66 114
3 114 66 115
3 115 66 116
3 116 66 117
3 117 66 118
3 118 66 119
3 119 66 120
3 120 66 121
3 121 66 122
3 122 66 123
3 123 66 124
3 124 66 125
3 125 66 126
3 126 66 127
3 127 66 128
3 128 66 129
3 129 66 65
3 2 130 131
3 131 0 2
3 130 132 133
3 130 133 131
3 132 134 135
3 132 135 133
3 134 136 137
3 134 137 135
3 136 138 139
3 136 139 137
3 138 140 141
3 138 141 139
3 140 142 143
3 140 143 141
3 142 144 145
3 142 145 143
3 144 146 147
3 144 147 145
3 146 148 149
3 146 149 147
3 148 150 151
3 148 151 149
3 150 152 153
3 150 153 151
3 152 154 155
3 152 155 153
3 154 156 157
3 154 157 155
3 156 158 159
3 156 159 157
3 158 160 161
3 158 161 159
3 160 162 163
3 160 163 161
3 162 164 165
3 162 165 163
3 164 166 167
3 164 167 165
3 166 168 169
3 166 169 167
3 168 170 171
3 168 171 169
3 170 172 173
3 170 173 171
3 172 174 175
3 172 175 173
3 174 176 177
3 174 177 175
3 176 178 179
3 176 179 177
3 178 180 181
3 178 181 179
3 180 182 183
3 180 183 181
3 182 184 185
3 182 185 183
3 184 186 187
3 184 187 185
3 186 188 189
3 186 189 187
3 188 190 191
3 188 191 189
3 190 192 193
3 190 193 191
3 192 194 195
3 192 195 193
3 194 196 197
3 194 197 195
3 196 198 199
3 196 199 197
3 198 200 201
3 198 201 199
3 200 202 203
3 200 203 201
3 202 204 205
3 202 205 203
3 204 206 207
3 204 207 205
3 206 208 209
3 206 209 207
3 208 210 211
3 208 211 209
3 210 212 213
3 210 213 211
3 212 214 215
3 212 215 213
3 214 216 217
3 214 217 215
3 216 218 219
3 216 219 217
3 218 220 221
3 218 221 219
3 220 222 223
3 220 223 221
3 222 224 225
3 222 225 223
3 224 226 227
3 224 227 225
3 226 228 229
3 226 229 227
3 228 230 231
3 228 231 229
3 230 232 233
3 230 233 231
3 232 234 235
3 232 235 233
3 234 236 237
3 234 237 235
3 236 238 239
3 236 239 237
3 238 240 241
3 238 241 239
3 240 242 243
3 240 243 241
3 242 244 245
3 242 245 243
3 244 246 247
3 244 247 245
3 246 248 249
3 246 249 247
3 248 65 67
3 248 67 249
3 0 131 250
3 0 250 3
3 131 133 251
3 131 251 250
3 133 135 252
3 133 252 251
3 135 137 253
3 135 253 252
3 137 139 254
3 137 254 253
3 139 141 255
3 139 255 254
3 141 143 256
3 141 256 255
3 143 145 257
3 143 257 256
3 145 147 258
3 145 258 257
3 147 149 259
3 147 259 258
3 149 151 260
3 149 260 259
3 151 153 261
3 151 261 260
3 153 155 262
3 153 262 261
3 155 157 263
3 155 263 262
3 157 159 264
3 157 264 263
3 159 161 265
3 159 265 264
3 161 163 266
3 161 266 265
3 163 165 267
3 163 267 266
3 165 167 268
3 165 268 267
3 167 169 269
3 167 269 268
3 169 171 270
3 169 270 269
3 171 173 271
3 171 271 270
3 173 175 272
3 173 272 271
3 175 177 273
3 175 273 272
3 177 179 274
3 177 274 273
3 179 181 275
3 179 275 274
3 181 183 276
3 181 276 275
3 183 185 277
3 183 277 276
3 185 187 278
3 185 278 277
3 187 189 279
3 187 279 278
3 189 191 280
3 189 280 279
3 191 193 281
3 191 281 280
3 193 195 282
3 193 282 281
3 195 197 283
3 195 283 282
3 197 199 284
3 197 284 283
3 199 201 285
3 199 285 284
3 201 203 286
3 201 286 285
3 203 205 287
3 203 287 286
3 205 207 288
3 205 288 287
3 207 209 289
3 207 289 288
3 209 211 290
3 209 290 289
3 211 213 291
3 211 291 290
3 213 215 292
3 213 292 291
3 215 217 293
3 215 293 292
3 217 219 294
3 217 294 293
3 219 221 295
3 219 295 294
3 221 223 296
3 221 296 295
3 223 225 297
3 223 297 296
3 225 227 298
3 225 298 297
3 227 229 299
3 227 299 298
3 229 231 300
3 229 300 299
3 231 233 301
3 231 301 300
3 233 235 302
3 233 302 301
3 235 237 303
3 235 303 302
3 237 239 304
3 237 304 303
3 239 241 305
3 239 305 304
3 241 243 306
3 241 306 305
3 243 245 307
3 243 307 306
3 245 247 308
3 245 308 307
3 247 249 309
3 247 309 308
3 249 67 68
3 249 68 309
3 3 250 310
3 3 310 4
3 250 251 311
3 250 311 310
3 251 252 312
3 251 312 311
3 252 253 313
3 252 313 312
3 253 254 314
3 253 314 313
3 254 255 315
3 254 315 314
3 255 256 316
3 255 316 315
3 256 257 317
3 256 317 316
3 257 258 318
3 257 318 317
3 258 259 319
3 258 319 318
3 259 260 320
3 259 320 319
3 260 261 321
3 260 321 320
3 261 262 322
3 261 322 321
3 262 263 323
3 262 323 322
3 263 264 324
3 263 324 323
3 264 265 325
3 264 325 324
3 265 266 326
3 265 326 325
3 266 267 327
3 266 327 326
3 267 268 328
3 267 328 327
3 268 269 329
3 268 329 328
3 269 270 330
3 269 330 329
3 270 271 331
3 270 331 330
3 271 272 332
3 271 332 331
3 272 273 333
3 272 333 332
3 273 274 334
3 273 334 333
3 274 275 335
3 274 335 334
3 275 276 336
3 275 336 335
3 276 277 337
3 276 337 336
3 277 278 338
3 277 338 337
3 278 279 339
3 278 339 338
3 279 280 340
3 279 340 339
3 280 281 341
3 280 341 340
3 281 282 342
3 281 342 341
3 282 283 343
3 282 343 342
3 283 284 344
3 283 344 343
3 284 285 345
3 284 345 344
3 285 286 346
3 285 346 345
3 286 287 347
3 286 347 346
3 287 288 348
3 287 348 347
3 288 289 349
3 288 349 348
3 289 290 350
3 289 350 349
3 290 291 351
3 290 351 350
3 291 292 352
3 291 352 351
3 292 293 353
3 292 353 352
3 293 294 354
3 293 354 353
3 294 295 355
3 294 355 354
3 295 296 356
3 295 356 355
3 296 297 357
3 296 357 356
3 297 298 358
3 297 358 357
3 298 299 359
3 298 359 358
3 299 300 360
3 299 360 359
3 300 301 361
3 300 361 360
3 301 302 362
3 301 362 361
3 302 303 363
3 302 363 362
3 303 304 364
3 303 364 363
3 304 305 365
3 304 365 364
3 305 306 366
3 305 366 365
3 306 307 367
3 306 367 366
3 307 308 368
3 307 368 367
3 308 309 369
3 308 369 368
3 309 68 69
3 309 69 369
3 4 310 370
3 4 370 5
3 310 311 371
3 310 371 370
3 311 312 372
3 311 372 371
3 312 313 373
3 312 373 372
3 313 314 374
3 313 374 373
3 314 315 375
3 314 375 374
3 315 316 376
3 315 376 375
3 316 317 377
3 316 377 376
3 317 318 378
3 317 378 377
3 318 319 379
3 318 379 378
3 319 320 380
3 319 380 379
3 320 321 381
3 320 381 380
3 321 322 382
3 321 382 381
3 322 323 383
3 322 383 382
3 323 324 384
3 323 384 383
3 324 325 385
3 324 385 384
3 325 326 386
3 325 386 385
3 326 327 387
3 326 387 386
3 327 328 388
3 327 388 387
3 328 329 389
3 328 389 388
3 329 330 390
3 329 390 389
3 330 331 391
3 330 391 390
3 331 332 392
3 331 392 391
3 332 333 393
3 332 393 392
3 333 334 394
3 333 394 393
3 334 335 395
3 334 395 394
3 335 336 396
3 335 396 395
3 336 337 397
3 336 397 396
3 337 338 398
3 337 398 397
3 338 339 399
3 338 399 398
3 339 340 400
3 339 400 399
3 340 341 401
3 340 401 400
3 341 342 402
3 341 402 401
3 342 343 403
3 342 403 402
3 343 344 404
3 343 404 403
3 344 345 405
3 344 405 404
3 345 346 406
3 345 406 405
3 346 347 407
3 346 407 406
3 347 348 408
3 347 408 407
3 348 349 409
3 348 409 408
3 349 350 410
3 349 410 409
3 350 351 411
3 350 411 410
3 351 352 412
3 351 412 411
3 352 353 413
3 352 413 412
3 353 354 414
3 353 414 413
3 354 355 415
3 354 415 414
3 355 356 416
3 355 416 415
3 356 357 417
3 356 417 416
3 357 358 418
3 357 418 417
3 358 359 419
3 358 419 418
3 359 360 420
3 359 420 419
3 360 361 421
3 360 421 420
3 361 362 422
3 361 422 421
3 362 363 423
3 362 423 422
3 363 364 424
3 363 424 423
3 364 365 425
3 364 425 424
3 365 366 426
3 365 426 425
3 366 367 427
3 366 427 426
3 367 368 428
3 367 428 427
3 368 369 429
3 368 429 428
3 369 69 70
3 369 70 429
3 5 370 430
3 5 430 6
3 370 371 431
3 370 431 430
3 371 372 432
3 371 432 431
3 372 373 433
3 372 433 432
3 373 374 434
3 373 434 433
3 374 375 435
3 374 435 434
3 375 376 436
3 375 436 435
3 376 377 437
3 376 437 436
3 377 378 438
3 377 438 437
3 378 379 439
3 378 439 438
3 379 380 440
3 379 440 439
3 380 381 441
3 380 441 440
3 381 382 442
3 381 442 441
3 382 383 443
3 382 443 442
3 383 384 444
3 383 444 443
3 384 385 445
3 384 445 444
3 385 386 446
3 385 446 445
3 386 387 447
3 386 447 446
3 387 388 448
3 387 448 447
3 388 389 449
3 388 449 448
3 389 390 450
3 389 450 449
3 390 391 451
3 390 451 450
3 391 392 452
3 391 452 451
3 392 393 453
3 392 453 452
3 393 394 454
3 393 454 453
3 394 395 455
3 394 455 454
3 395 396 456
3 395 456 455
3 396 397 457
3 396 457 456
3 397 398 458
3 397 458 457
3 398 399 459
3 398 459 458
3 399 400 460
3 399 460 459
3 400 401 461
3 400 461 460
3 401 402 462
3 401 462 461
3 402 403 463
3 402 463 462
3 403 404 464
3 403 464 463
3 404 405 465
3 404 465 464
3 405 406 466
3 405 466 465
3 406 407 467
3 406 467 466
3 407 408 468
3 407 468 467
3 408 409 469
3 408 469 468
3 409 410 470
3 409 470 469
3 410 411 471
3 410 471 470
3 411 412 472
3 411 472 471
3 412 413 473
3 412 473 472
3 413 414 474
3 413 474 473
3 414 415 475
3 414 475 474
3 415 416 476
3 415 476 475
3 416 417 477
3 416 477 476
3 417 418 478
3 417 478 477
3 418 419 479
3 418 479 478
3 419 420 480
3 419 480 479
3 420 421 481
3 420 481 480
3 421 422 482
3 421 482 481
3 422 423 483
3 422 483 482
3 423 424 484
3 423 484 483
3 424 425 485
3 424 485 484
3 425 426 486
3 425 486 485
3 426 427 487
3 426 487 486
3 427 428 488
3 427 488 487
3 428 429 489
3 428 489 488
3 429 70 71
3 429 71 489
3 6 430 490
3 6 490 7
3 430 431 491
3 430 491 490
3 431 432 492
3 431 492 491
3 432 433 493
3 432 493 492
3 433 434 494
3 433 494 493
3 434 435 495
3 434 495 494
3 435 436 496
3 435 496 495
3 436 437 497
3 436 497 496
3 437 438 498
3 437 498 497
3 438 439 499
3 438 499 498
3 439 440 500
3 439 500 499
3 440 441 501
3 440 501 500
3 441 442 502
3 441 502 501
3 442 443 503
3 442 503 502
3 443 444 504
3 443 504 503
3 444 445 505
3 444 505 504
3 445 446 506
3 445 506 505
3 446 447 507
3 446 507 506
3 447 448 508
3 447 508 507
3 448 449 509
3 448 509 508
3 449 450 510
3 449 510 509
3 450 451 511
3 450 511 510
3 451 452 512
3 451 512 511
3 452 453 513
3 452 513 512
3 453 454 514
3 453 514 513
3 454 455 515
3 454 515 514
3 455 456 516
3 455 516 515
3 456 457 517
3 456 517 516
3 457 458 518
3 457 518 517
3 458 459 519
3 458 519 518
3 459 460 520
3 459 520 519
3 460 461 521
3 460 521 520
3 461 462 522
3 461 522 521
3 462 463 523
3 462 523 522
3 463 464 524
3 463 524 523
3 464 465 525
3 464 525 524
3 465 466 526
3 465 526 525
3 466 467 527
3 466 527 526
3 467 468 528
3 467 528 527
3 468 469 529
3 468 529 528
3 469 470 530
3 469 530 529
3 470 471 531
3 470 531 530
3 471 472 532
3 471 532 531
3 472 473 533
3 472 533 532
3 473 474 534
3 473 534 533
3 474 475 535
3 474 535 534
3 475 476 536
3 475 536 535
3 476 477 537
3 476 537 536
3 477 478 538
3 477 538 537
3 478 479 539
3 478 539 538
3 479 480 540
3 479 540 539
3 480 481 541
3 480 541 540
3 481 482 542
3 481 542 541
3 482 483 543
3 482 543 542
3 483 484 544
3 483 544 543
3 484 485 545
3 484 545 544
3 485 486 546
3 485 546 545
3 486 487 547
3 486 547 546
3 487 488 548
3 487 548 547
3 488 489 549
3 488 549 548
3 489 71 72
3 489 72 549
3 7 490 550
3 7 550 8
3 490 491 551
3 490 551 550
3 491 492 552
3 491 552 551
3 492 493 553
3 492 553 552
3 493 494 554
3 493 554 553
3 494 495 555
3 494 555 554
3 495 496 556
3 495 556 555
3 496 497 557
3 496 557 556
3 497 498 558
3 497 558 557
3 498 499 559
3 498 559 558
3 499 500 560
3 499 560 559
3 500 501 561
3 500 561 560
3 501 502 562
3 501 562 561
3 502 503 563
3 502 563 562
3 503 504 564
3 503 564 563
3 504 505 565
3 504 565 564
3 505 506 566
3 505 566 565
3 506 507 567
3 506 567 566
3 507 508 568
3 507 568 567
3 508 509 569
3 508 569 568
3 509 510 570
3 509 570 569
3 510 511 571
3 510 571 570
3 511 512 572
3 511 572 571
3 512 513 573
3 512 573 572
3 513 514 574
3 513 574 573
3 514 515 575
3 514 575 574
3 515 516 576
3 515 576 575
3 516 517 577
3 516 577 576
3 517 518 578
3 517 578 577
3 518 519 579
3 518 579 578
3 519 520 580
3 519 580 579
3 520 521 581
3 520 581 580
3 521 522 582
3 521 582 581
3 522 523 583
3 522 583 582
3 523 524 584
3 523 584 583
3 524 525 585
3 524 585 584
3 525 526 586
3 525 586 585
3 526 527 587
3 526 587 586
3 527 528 588
3 527 588 587
3 528 529 589
3 528 589 588
3 529 530 590
3 529 590 589
3 530 531 591
3 530 591 590
3 531 532 592
3 531 592 591
3 532 533 593
3 532 593 592
3 533 534 594
3 533 594 593
3 534 535 595
3 534 595 594
3 535 536 596
3 535 596 595
3 536 537 597
3 536 597 596
3 537 538 598
3 537 598 597
3 538 539 599
3 538 599 598
3 539 540 600
3 539 600 599
3 540 541 601
3 540 601 600
3 541 542 602
3 541 602 601
3 542 543 603
3 542 603 602
3 543 544 604
3 543 604 603
3 544 545 605
3 544 605 604
3 545 546 606
3 545 606 605
3 546 547 607
3 546 607 606
3 547 548 608
3 547 608 607
3 548 549 609
3 548 609 608
3 549 72 73
3 549 73 609
3 8 550 610
3 8 610 9
3 550 551 611
3 550 611 610
3 551 552 612
3 551 612 611
3 552 553 613
3 552 613 612
3 553 554 614
3 553 614 613
3 554 555 615
3 554 615 614
3 555 556 616
3 555 616 615
3 556 557 617
3 556 617 616
3 557 558 618
3 557 618 617
3 558 559 619
3 558 619 618
3 559 560 620
3 559 620 619
3 560 561 621
3 560 621 620
3 561 562 622
3 561 622 621
3 562 563 623
3 562 623 622
3 563 564 624
3 563 624 623
3 564 565 625
3 564 625 624
3 565 566 626
3 565 626 625
3 566 567 627
3 566 627 626
3 567 568 628
3 567 628 627
3 568 569 629
3 568 629 628
3 569 570 630
3 569 630 629
3 570 571 631
3 570 631 630
3 571 572 632
3 571 632 631
3 572 573 633
3 572 633 632
3 573 574 634
3 573 634 633
3 574 575 635
3 574 635 634
3 575 576 636
3 575 636 635
3 576 577 637
3 576 637 636
3 577 578 638
3 577 638 637
3 578 579 639
3 578 639 638
3 579 580 640
3 579 640 639
3 580 581 641
3 580 641 640
3 581 582 642
3 581 642 641
3 582 583 643
3 582 643 642
3 583 584 644
3 583 644 643
3 584 585 645
3 584 645 644
3 585 586 646
3 585 646 645
3 586 587 647
3 586 647 646
3 587 588 648
3 587 648 647
3 588 589 649
3 588 649 648
3 589 590 650
3 589 650 649
3 590 591 651
3 590 651 650
3 591 592 652
3 591 652 651
3 592 593 653
3 592 653 652
3 593 594 654
3 593 654 653
3 594 595 655
3 594 655 654
3 595 596 656
3 595 656 655
3 596 597 657
3 596 657 656
3 597 598 658
3 597 658 657
3 598 599 659
3 598 659 658
3 599 600 660
3 599 660 659
3 600 601 661
3 600 661 660
3 601 602 662
3 601 662 661
3 602 603 663
3 602 663 662
3 603 604 664
3 603 664 663
3 604 605 665
3 604 665 664
3 605 606 666
3 605 666 665
3 606 607 667
3 606 667 666
3 607 608 668
3 607 668 667
3 608 609 669
3 608 669 668
3 609 73 74
3 609 74 669
3 9 610 670
3 9 670 10
3 610 611 671
3 610 671 670
3 611 612 672
3 611 672 671
3 612 613 673
3 612 673 672
3 613 614 674
3 613 674 673
3 614 615 675
3 614 675 674
3 615 616 676
3 615 676 675
3 616 617 677
3 616 677 676
3 617 618 678
3 617 678 677
3 618 619 679
3 618 679 678
3 619 620 680
3 619 680 679
3 620 621 681
3 620 681 680
3 621 622 682
3 621 682 681
3 622 623 683
3 622 683 682
3 623 624 684
3 623 684 683
3 624 625 685
3 624 685 684
3 625 626 686
3 625 686 685
3 626 627 687
3 626 687 686
3 627 628 688
3 627 688 687
3 628 629 689
3 628 689 688
3 629 630 690
3 629 690 689
3 630 631 691
3 630 691 690
3 631 632 692
3 631 692 691
3 632 633 693
3 632 693 692
3 633 634 694
3 633 694 693
3 634 635 695
3 634 695 694
3 635 636 696
3 635 696 695
3 636 637 697
3 636 697 696
3 637 638 698
3 637 698 697
3 638 639 699
3 638 699 698
3 639 640 700
3 639 700 699
3 640 641 701
3 640 701 700
3 641 642 702
3 641 702 701
3 642 643 703
3 642 703 702
3 643 644 704
3 643 704 703
3 644 645 705
3 644 705 704
3 645 646 706
3 645 706 705
3 646 647 707
3 646 707 706
3 647 648 708
3 647 708 707
3 648 649 709
3 648 709 708
3 649 650 710
3 649 710 709
3 650 651 711
3 650 711 710
3 651 652 712
3 651 712 711
3 652 653 713
3 652 713 712
3 653 654 714
3 653 714 713
3 654 655 715
3 654 715 714
3 655 656 716
3 655 716 715
3 656 657 717
3 656 717 716
3 657 658 718
3 657 718 717
3 658 659 719
3 658 719 718
3 659 660 720
3 659 720 719
3 660 661 721
3 660 721 720
3 661 662 722
3 661 722 721
3 662 663 723
3 662 723 722
3 663 664 724
3 663 724 723
3 664 665 725
3 664 725 724
3 665 666 726
3 665 726 725
3 666 667 727
3 666 727 726
3 667 668 728
3 667 728 727
3 668 669 729
3 668 729 728
3 669 74 75
3 669 75 729
3 10 670 730
3 10 730 11
3 670 671 731
3 670 731 730
3 671 672 732
3 671 732 731
3 672 673 733
3 672 733 732
3 673 674 734
3 673 734 733
3 674 675 735
3 674 735 734
3 675 676 736
3 675 736 735
3 676 677 737
3 676 737 736
3 677 678 738
3 677 738 737
3 678 679 739
3 678 739 738
3 679 680 740
3 679 740 739
3 680 681 741
3 680 741 740
3 681 682 742
3 681 742 741
3 682 683 743
3 682 743 742
3 683 684 744
3 683 744 743
3 684 685 745
3 684 745 744
3 685 686 746
3 685 746 745
3 686 687 747
3 686 747 746
3 687 688 748
3 687 748 747
3 688 689 749
3 688 749 748
3 689 690 750
3 689 750 749
3 690 691 751
3 690 751 750
3 691 692 752
3 691 752 751
3 692 693 753
3 692 753 752
3 693 694 754
3 693 754 753
3 694 695 755
3 694 755 754
3 695 696 756
3 695 756 755
3 696 697 757
3 696 757 756
3 697 698 758
3 697 758 757
3 698 699 759
3 698 759 758
3 699 700 760
3 699 760 759
3 700 701 761
3 700 761 760
3 701 702 762
3 701 762 761
3 702 703 763
3 702 763 762
3 703 704 764
3 703 764 763
3 704 705 765
3 704 765 764
3 705 706 766
3 705 766 765
3 706 707 767
3 706 767 766
3 707 708 768
3 707 768 767
3 708 709 769
3 708 769 768
3 709 710 770
3 709 770 769
3 710 711 771
3 710 771 770
3 711 712 772
3 711 772 771
3 712 713 773
3 712 773 772
3 713 714 774
3 713 774 773
3 714 715 775
3 714 775 774
3 715 716 776
3 715 776 775
3 716 717 777
3 716 777 776
3 717 718 778
3 717 778 777
3 718 719 779
3 718 779 778
3 719 720 780
3 719 780 779
3 720 721 781
3 720 781 780
3 721 722 782
3 721 782 781
3 722 723 783
3 722 783 782
3 723 724 784
3 723 784 783
3 724 725 785
3 724 785 784
3 725 726 786
3 725 786 785
3 726 727 787
3 726 787 786
3 727 728 788
3 727 788 787
3 728 729 789
3 728 789 788
3 729 75 76
3 729 76 789
3 11 730 790
3 11 790 12
3 730 731 791
3 730 791 790
3 731 732 792
3 731 792 791
3 732 733 793
3 732 793 792
3 733 734 794
3 733 794 793
3 734 735 795
3 734 795 794
3 735 736 796
3 735 796 795
3 736 737 797
3 736 797 796
3 737 738 798
3 737 798 797
3 738 739 799
3 738 799 798
3 739 740 800
3 739 800 799
3 740 741 801
3 740 801 800
3 741 742 802
3 741 802 801
3 742 743 803
3 742 803 802
3 743 744 804
3 743 804 803
3 744 745 805
3 744 805 804
3 745 746 806
3 745 806 805
3 746 747 807
3 746 807 806
3 747 748 808
3 747 808 807
3 748 749 809
3 748 809 808
3 749 750 810
3 749 810 809
3 750 751 811
3 750 811 810
3 751 752 812
3 751 812 811
3 752 753 813
3 752 813 812
3 753 754 814
3 753 814 813
3 754 755 815
3 754 815 814
3 755 756 816
3 755 816 815
3 756 757 817
3 756 817 816
3 757 758 818
3 757 818 817
3 758 759 819
3 758 819 818
3 759 760 820
3 759 820 819
3 760 761 821
3 760 821 820
3 761 762 822
3 761 822 821
3 762 763 823
3 762 823 822
3 763 764 824
3 763 824 823
3 764 765 825
3 764 825 824
3 765 766 826
3 765 826 825
3 766 767 827
3 766 827 826
3 767 768 828
3 767 828 827
3 768 769 829
3 768 829 828
3 769 770 830
3 769 830 829
3 770 771 831
3 770 831 830
3 771 772 832
3 771 832 831
3 772 773 833
3 772 833 832
3 773 774 834
3 773 834 833
3 774 775 835
3 774 835 834
3 775 776 836
3 775 836 835
3 776 777 837
3 776 837 836
3 777 778 838
3 777 838 837
3 778 779 839
3 778 839 838
3 779 780 840
3 779 840 839
3 780 781 841
3 780 841 840
3 781 782 842
3 781 842 841
3 782 783 843
3 782 843 842
3 783 784 844
3 783 844 843
3 784 785 845
3 784 845 844
3 785 786 846
3 785 846 845
3 786 787 847
3 786 847 846
3 787 788 848
3 787 848 847
3 788 789 849
3 788 849 848
3 789 76 77
3 789 77 849
3 12 790 850
3 12 850 13
3 790 791 851
3 790 851 850
3 791 792 852
3 791 852 851
3 792 793 853
3 792 853 852
3 793 794 854
3 793 854 853
3 794 795 855
3 794 855 854
3 795 796 856
3 795 856 855
3 796 797 857
3 796 857 856
3 797 798 858
3 797 858 857
3 798 799 859
3 798 859 858
3 799 800 860
3 799 860 859
3 800 801 861
3 800 861 860
3 801 802 862
3 801 862 861
3 802 803 863
3 802 863 862
3 803 804 864
3 803 864 863
3 804 805 865
3 804 865 864
3 805 806 866
3 805 866 865
3 806 807 867
3 806 867 866
3 807 808 868
3 807 868 867
3 808 809 869
3 808 869 868
3 809 810 870
3 809 870 869
3 810 811 871
3 810 871 870
3 811 812 872
3 811 872 871
3 812 813 873
3 812 873 872
3 813 814 874
3 813 874 873
3 814 815 875
3 814 875 874
3 815 816 876
3 815 876 875
3 816 817 877
3 816 877 876
3 817 818 878
3 817 878 877
3 818 819 879
3 818 879 878
3 819 820 880
3 819 880 879
3 820 821 881
3 820 881 880
3 821 822 882
3 821 882 881
3 822 823 883
3 822 883 882
3 823 824 884
3 823 884 883
3 824 825 885
3 824 885 884
3 825 826 886
3 825 886 885
3 826 827 887
3 826 887 886
3 827 828 888
3 827 888 887
3 828 829 889
3 828 889 888
3 829 830 890
3 829 890 889
3 830 831 891
3 830 891 890
3 831 832 892
3 831 892 891
3 832 833 893
3 832 893 892
3 833 834 894
3 833 894 893
3 834 835 895
3 834 895 894
3 835 836 896
3 835 896 895
3 836 837 897
3 836 897 896
3 837 838 898
3 837 898 897
3 838 839 899
3 838 899 898
3 839 840 900
3 839 900 899
3 840 841 901
3 840 901 900
3 841 842 902
3 841 902 901
3 842 843 903
3 842 903 902
3 843 844 904
3 843 904 903
3 844 845 905
3 844 905 904
3 845 846 906
3 845 906 905
3 846 847 907
3 846 907 906
3 847 848 908
3 847 908 907
3 848 849 909
3 848 909 908
3 849 77 78
3 849 78 909
3 13 850 910
3 13 910 14
3 850 851 911
3 850 911 910
3 851 852 912
3 851 912 911
3 852 853 913
3 852 913 912
3 853 854 914
3 853 914 913
3 854 855 915
3 854 915 914
3 855 856 916
3 855 916 915
3 856 857 917
3 856 917 916
3 857 858 918
3 857 918 917
3 858 859 919
3 858 919 918
3 859 860 920
3 859 920 919
3 860 861 921
3 860 921 920
3 861 862 922
3 861 922 921
3 862 863 923
3 862 923 922
3 863 864 924
3 863 924 923
3 864 865 925
3 864 925 924
3 865 866 926
3 865 926 925
3 866 867 927
3 866 927 926
3 867 868 928
3 867 928 927
3 868 869 929
3 868 929 928
3 869 870 930
3 869 930 929
3 870 871 931
3 870 931 930
3 871 872 932
3 871 932 931
3 872 873 933
3 872 933 932
3 873 874 934
3 873 934 933
3 874 875 935
3 874 935 934
3 875 876 936
3 875 936 935
3 876 877 937
3 876 937 936
3 877 878 938
3 877 938 937
3 878 879 939
3 878 939 938
3 879 880 940
3 879 940 939
3 880 881 941
3 880 941 940
3 881 882 942
3 881 942 941
3 882 883 943
3 882 943 942
3 883 884 944
3 883 944 943
3 884 885 945
3 884 945 944
3 885 886 946
3 885 946 945
3 886 887 947
3 886 947 946
3 887 888 948
3 887 948 947
3 888 889 949
3 888 949 948
3 889 890 950
3 889 950 949
3 890 891 951
3 890 951 950
3 891 892 952
3 891 952 951
3 892 893 953
3 892 953 952
3 893 894 954
3 893 954 953
3 894 895 955
3 894 955 954
3 895 896 956
3 895 956 955
3 896 897 957
3 896 957 956
3 897 898 958
3 897 958 957
3 898 899 959
3 898 959 958
3 899 900 960
3 899 960 959
3 900 901 961
3 900 961 960
3 901 902 962
3 901 962 961
3 902 903 963
3 902 963 962
3 903 904 964
3 903 964 963
3 904 905 965
3 904 965 964
3 905 906 966
3 905 966 965
3 906 907 967
3 906 967 966
3 907 908 968
3 907 968 967
3 908 909 969
3 908 969 968
3 909 78 79
3 909 79 969
3 14 910 970
3 14 970 15
3 910 911 971
3 910 971 970
3 911 912 972
3 911 972 971
3 912 913 973
3 912 973 972
3 913 914 974
3 913 974 973
3 914 915 975
3 914 975 974
3 915 916 976
3 915 976 975
3 916 917 977
3 916 977 976
3 917 918 978
3 917 978 977
3 918 919 979
3 918 979 978
3 919 920 980
3 919 980 979
3 920 921 981
3 920 981 980
3 921 922 982
3 921 982 981
3 922 923 983
3 922 983 982
3 923 924 984
3 923 984 983
3 924 925 985
3 924 985 984
3 925 926 986
3 925 986 985
3 926 927 987
3 926 987 986
3 927 928 988
3 927 988 987
3 928 929 989
3 928 989 988
3 929 930 990
3 929 990 989
3 930 931 991
3 930 991 990
3 931 932 992
3 931 992 991
3 932 933 993
3 932 993 992
3 933 934 994
3 933 994 993
3 934 935 995
3 934 995 994
3 935 936 996
3 935 996 995
3 936 937 997
3 936 997 996
3 937 938 998
3 937 998 997
3 938 939 999
3 938 999 998
3 939 940 1000
3 939 1000 999
3 940 941 1001
3 940 1001 1000
3 941 942 1002
3 941 1002 1001
3 942 943 1003
3 942 1003 1002
3 943 944 1004
3 943 1004 1003
3 944 945 1005
3 944 1005 1004
3 945 946 1006
3 945 1006 1005
3 946 947 1007
3 946 1007 1006
3 947 948 1008
3 947 1008 1007
3 948 949 1009
3 948 1009 1008
3 949 950 1010
3 949 1010 1009
3 950 951 1011
3 950 1011 1010
3 951 952 1012
3 951 1012 1011
3 952 953 1013
3 952 1013 1012
3 953 954 1014
3 953 1014 1013
3 954 955 1015
3 954 1015 1014
3 955 956 1016
3 955 1016 1015
3 956 957 1017
3 956 1017 1016
3 957 958 1018
3 957 1018 1017
3 958 959 1019
3 958 1019 1018
3 959 960 1020
3 959 1020 1019
3 960 961 1021
3 960 1021 1020
3 961 962 1022
3 961 1022 1021
3 962 963 1023
3 962 1023 1022
3 963 964 1024
3 963 1024 1023
3 964 965 1025
3 964 1025 1024
3 965 966 1026
3 965 1026 1025
3 966 967 1027
3 966 1027 1026
3 967 968 1028
3 967 1028 1027
3 968 969 1029
3 968 1029 1028
3 969 79 80
3 969 80 1029
3 15 970 1030
3 15 1030 16
3 970 971 1031
3 970 1031 1030
3 971 972 1032
3 971 1032 1031
3 972 973 1033
3 972 1033 1032
3 973 974 1034
3 973 1034 1033
3 974 975 1035
3 974 1035 1034
3 975 976 1036
3 975 1036 1035
3 976 977 1037
3 976 1037 1036
3 977 978 1038
3 977 1038 1037
3 978 979 1039
3 978 1039 1038
3 979 980 1040
3 979 1040 1039
3 980 981 1041
3 980 1041 1040
3 981 982 1042
3 981 1042 1041
3 982 983 1043
3 982 1043 1042
3 983 984 1044
3 983 1044 1043
3 984 985 1045
3 984 1045 1044
3 985 986 1046
3 985 1046 1045
3 986 987 1047
3 986 1047 1046
3 987 988 1048
3 987 1048 1047
3 988 989 1049
3 988 1049 1048
3 989 990 1050
3 989 1050 1049
3 990 991 1051
3 990 1051 1050
3 991 992 1052
3 991 1052 1051
3 992 993 1053
3 992 1053 1052
3 993 994 1054
3 993 1054 1053
3 994 995 1055
3 994 1055 1054
3 995 996 1056
3 995 1056 1055
3 996 997 1057
3 996 1057 1056
3 997 998 1058
3 997 1058 1057
3 998 999 1059
3 998 1059 1058
3 999 1000 1060
3 999 1060 1059
3 1000 1001 1061
3 1000 1061 1060
3 1001 1002 1062
3 1001 1062 1061
3 1002 1003 1063
3 1002 1063 1062
3 1003 1004 1064
3 1003 1064 1063
3 1004 1005 1065
3 1004 1065 1064
3 1005 1006 1066
3 1005 1066 1065
3 1006 1007 1067
3 1006 1067 1066
3 1007 1008 1068
3 1007 1068 1067
3 1008 1009 1069
3 1008 1069 1068
3 1009 1010 1070
3 1009 1070 1069
3 1010 1011 1071
3 1010 1071 1070
3 1011 1012 1072
3 1011 1072 1071
3 1012 1013 1073
3 1012 1073 1072
3 1013 1014 1074
3 1013 1074 1073
3 1014 1015 1075
3 1014 1075 1074
3 1015 1016 1076
3 1015 1076 1075
3 1016 1017 1077
3 1016 1077 1076
3 1017 1018 1078
3 1017 1078 1077
3 1018 1019 1079
3 1018 1079 1078
3 1019 1020 1080
3 1019 1080 1079
3 1020 1021 1081
3 1020 1081 1080
3 1021 1022 1082
3 1021 1082 1081
3 1022 1023 1083
3 1022 1083 1082
3 1023 1024 1084
3 1023 1084 1083
3 1024 1025 1085
3 1024 1085 1084
3 1025 1026 1086
3 1025 1086 1085
3 1026 1027 1087
3 1026 1087 1086
3 1027 1028 1088
3 1027 1088 1087
3 1028 1029 1089
3 1028 1089 1088
3 1029 80 81
3 1029 81 1089
3 16 1030 1090
3 16 1090 17
3 1030 1031 1091
3 1030 1091 1090
3 1031 1032 1092
3 1031 1092 1091
3 1032 1033 1093
3 1032 1093 1092
3 1033 1034 1094
3 1033 1094 1093
3 1034 1035 1095
3 1034 1095 1094
3 1035 1036 1096
3 1035 1096 1095
3 1036 1037 1097
3 1036 1097 1096
3 1037 1038 1098
3 1037 1098 1097
3 1038 1039 1099
3 1038 1099 1098
3 1039 1040 1100
3 1039 1100 1099
3 1040 1041 1101
3 1040 1101 1100
3 1041 1042 1102
3 1041 1102 1101
3 1042 1043 1103
3 1042 1103 1102
3 1043 1044 1104
3 1043 1104 1103
3 1044 1045 1105
3 1044 1105 1104
3 1045 1046 1106
3 1045 1106 1105
3 1046 1047 1107
3 1046 1107 1106
3 1047 1048 1108
3 1047 1108 1107
3 1048 1049 1109
3 1048 1109 1108
3 1049 1050 1110
3 1049 1110 1109
3 1050 1051 1111
3 1050 1111 1110
3 1051 1052 1112
3 1051 1112 1111
3 1052 1053 1113
3 1052 1113 1112
3 1053 1054 1114
3 1053 1114 1113
3 1054 1055 1115
3 1054 1115 1114
3 1055 1056 1116
3 1055 1116 1115
3 1056 1057 1117
3 1056 1117 1116
3 1057 1058 1118
3 1057 1118 1117
3 1058 1059 1119
3 1058 1119 1118
3 1059 1060 1120
3 1059 1120 1119
3 1060 1061 1121
3 1060 1121 1120
3 1061 1062 1122
3 1061 1122 1121
3 1062 1063 1123
3 1062 1123 1122
3 1063 1064 1124
3 1063 1124 1123
3 1064 1065 1125
3 1064 1125 1124
3 1065 1066 1126
3 1065 1126 1125
3 1066 1067 1127
3 1066 1127 1126
3 1067 1068 1128
3 1067 1128 1127
3 1068 1069 1129
3 1068 1129 1128
3 1069 1070 1130
3 1069 1130 1129
3 1070 1071 1131
3 1070 1131 1130
3 1071 1072 1132
3 1071 1132 1131
3 1072 1073 1133
3 1072 1133 1132
3 1073 1074 1134
3 1073 1134 1133
3 1074 1075 1135
3 1074 1135 1134
3 1075 1076 1136
3 1075 1136 1135
3 1076 1077 1137
3 1076 1137 1136
3 1077 1078 1138
3 1077 1138 1137
3 1078 1079 1139
3 1078 1139 1138
3 1079 1080 1140
3 1079 1140 1139
3 1080 1081 1141
3 1080 1141 1140
3 1081 1082 1142
3 1081 1142 1141
3 1082 1083 1143
3 1082 1143 1142
3 1083 1084 1144
3 1083 1144 1143
3 1084 1085 1145
3 1084 1145 1144
3 1085 1086 1146
3 1085 1146 1145
3 1086 1087 1147
3 1086 1147 1146
3 1087 1088 1148
3 1087 1148 1147
3 1088 1089 1149
3 1088 1149 1148
3 1089 81 82
3 1089 82 1149
3 17 1090 1150
3 17 1150 18
3 1090 1091 1151
3 1090 1151 1150
3 1091 1092 1152
3 1091 1152 1151
3 1092 1093 1153
3 1092 1153 1152
3 1093 1094 1154
3 1093 1154 1153
3 1094 1095 1155
3 1094 1155 1154
3 1095 1096 1156
3 1095 1156 1155
3 1096 1097 1157
3 1096 1157 1156
3 1097 1098 1158
3 1097 1158 1157
3 1098 1099 1159
3 1098 1159 1158
3 1099 1100 1160
3 1099 1160 1159
3 1100 1101 1161
3 1100 1161 1160
3 1101 1102 1162
3 1101 1162 1161
3 1102 1103 1163
3 1102 1163 1162
3 1103 1104 1164
3 1103 1164 1163
3 1104 1105 1165
3 1104 1165 1164
3 1105 1106 1166
3 1105 1166 1165
3 1106 1107 1167
3 1106 1167 1166
3 1107 1108 1168
3 1107 1168 1167
3 1108 1109 1169
3 1108 1169 1168
3 1109 1110 1170
3 1109 1170 1169
3 1110 1111 1171
3 1110 1171 1170
3 1111 1112 1172
3 1111 1172 1171
3 1112 1113 1173
3 1112 1173 1172
3 1113 1114 1174
3 1113 1174 1173
3 1114 1115 1175
3 1114 1175 1174
3 1115 1116 1176
3 1115 1176 1175
3 1116 1117 1177
3 1116 1177 1176
3 1117 1118 1178
3 1117 1178 1177
3 1118 1119 1179
3 1118 1179 1178
3 1119 1120 1180
3 1119 1180 1179
3 1120 1121 1181
3 1120 1181 1180
3 1121 1122 1182
3 1121 1182 1181
3 1122 1123 1183
3 1122 1183 1182
3 1123 1124 1184
3 1123 1184 1183
3 1124 1125 1185
3 1124 1185 1184
3 1125 1126 1186
3 1125 1186 1185
3 1126 1127 1187
3 1126 1187 1186
3 1127 1128 1188
3 1127 1188 1187
3 1128 1129 1189
3 1128 1189 1188
3 1129 1130 1190
3 1129 1190 1189
3 1130 1131 1191
3 1130 1191 1190
3 1131 1132 1192
3 1131 1192 1191
3 1132 1133 1193
3 1132 1193 1192
3 1133 1134 1194
3 1133 1194 1193
3 1134 1135 1195
3 1134 1195 1194
3 1135 1136 1196
3 1135 1196 1195
3 1136 1137 1197
3 1136 1197 1196
3 1137 1138 1198
3 1137 1198 1197
3 1138 1139 1199
3 1138 1199 1198
3 1139 1140 1200
3 1139 1200 1199
3 1140 1141 1201
3 1140 1201 1200
3 1141 1142 1202
3 1141 1202 1201
3 1142 1143 1203
3 1142 1203 1202
3 1143 1144 1204
3 1143 1204 1203
3 1144 1145 1205
3 1144 1205 1204
3 1145 1146 1206
3 1145 1206 1205
3 1146 1147 1207
3 1146 1207 1206
3 1147 1148 1208
3 1147 1208 1207
3 1148 1149 1209
3 1148 1209 1208
3 1149 82 83
3 1149 83 1209
3 18 1150 1210
3 18 1210 19
3 1150 1151 1211
3 1150 1211 1210
3 1151 1152 1212
3 1151 1212 1211
3 1152 1153 1213
3 1152 1213 1212
3 1153 1154 1214
3 1153 1214 1213
3 1154 1155 1215
3 1154 1215 1214
3 1155 1156 1216
3 1155 1216 1215
3 1156 1157 1217
3 1156 1217 1216
3 1157 1158 1218
3 1157 1218 1217
3 1158 1159 1219
3 1158 1219 1218
3 1159 1160 1220
3 1159 1220 1219
3 1160 1161 1221
3 1160 1221 1220
3 1161 1162 1222
3 1161 1222 1221
3 1162 1163 1223
3 1162 1223 1222
3 1163 1164 1224
3 1163 1224 1223
3 1164 1165 1225
3 1164 1225 1224
3 1165 1166 1226
3 1165 1226 1225
3 1166 1167 1227
3 1166 1227 1226
3 1167 1168 1228
3 1167 1228 1227
3 1168 1169 1229
3 1168 1229 1228
3 1169 1170 1230
3 1169 1230 1229
3 1170 1171 1231
3 1170 1231 1230
3 1171 1172 1232
3 1171 1232 1231
3 1172 1173 1233
3 1172 1233 1232
3 1173 1174 1234
3 1173 1234 1233
3 1174 1175 1235
3 1174 1235 1234
3 1175 1176 1236
3 1175 1236 1235
3 1176 1177 1237
3 1176 1237 1236
3 1177 1178 1238
3 1177 1238 1237
3 1178 1179 1239
3 1178 1239 1238
3 1179 1180 1240
3 1179 1240 1239
3 1180 1181 1241
3 1180 1241 1240
3 1181 1182 1242
3 1181 1242 1241
3 1182 1183 1243
3 1182 1243 1242
3 1183 1184 1244
3 1183 1244 1243
3 1184 1185 1245
3 1184 1245 1244
3 1185 1186 1246
3 1185 1246 1245
3 1186 1187 1247
3 1186 1247 1246
3 1187 1188 1248
3 1187 1248 1247
3 1188 1189 1249
3 1188 1249 1248
3 1189 1190 1250
3 1189 1250 1249
3 1190 1191 1251
3 1190 1251 1250
3 1191 1192 1252
3 1191 1252 1251
3 1192 1193 1253
3 1192 1253 1252
3 1193 1194 1254
3 1193 1254 1253
3 1194 1195 1255
3 1194 1255 1254
3 1195 1196 1256
3 1195 1256 1255
3 1196 1197 1257
3 1196 1257 1256
3 1197 1198 1258
3 1197 1258 1257
3 1198 1199 1259
3 1198 1259 1258
3 1199 1200 1260
3 1199 1260 1259
3 1200 1201 1261
3 1200 1261 1260
3 1201 1202 1262
3 1201 1262 1261
3 1202 1203 1263
3 1202 1263 1262
3 1203 1204 1264
3 1203 1264 1263
3 1204 1205 1265
3 1204 1265 1264
3 1205 1206 1266
3 1205 1266 1265
3 1206 1207 1267
3 1206 1267 1266
3 1207 1208 1268
3 1207 1268 1267
3 1208 1209 1269
3 1208 1269 1268
3 1209 83 84
3 1209 84 1269
3 19 1210 1270
3 19 1270 20
3 1210 1211 1271
3 1210 1271 1270
3 1211 1212 1272
3 1211 1272 1271
3 1212 1213 1273
3 1212 1273 1272
3 1213 1214 1274
3 1213 1274 1273
3 1214 1215 1275
3 1214 1275 1274
3 1215 1216 1276
3 1215 1276 1275
3 1216 1217 1277
3 1216 1277 1276
3 1217 1218 1278
3 1217 1278 1277
3 1218 1219 1279
3 1218 1279 1278
3 1219 1220 1280
3 1219 1280 1279
3 1220 1221 1281
3 1220 1281 1280
3 1221 1222 1282
3 1221 1282 1281
3 1222 1223 1283
3 1222 1283 1282
3 1223 1224 1284
3 1223 1284 1283
3 1224 1225 1285
3 1224 1285 1284
3 1225 1226 1286
3 1225 1286 1285
3 1226 1227 1287
3 1226 1287 1286
3 1227 1228 1288
3 1227 1288 1287
3 1228 1229 1289
3 1228 1289 1288
3 1229 1230 1290
3 1229 1290 1289
3 1230 1231 1291
3 1230 1291 1290
3 1231 1232 1292
3 1231 1292 1291
3 1232 1233 1293
3 1232 1293 1292
3 1233 1234 1294
3 1233 1294 1293
3 1234 1235 1295
3 1234 1295 1294
3 1235 1236 1296
3 1235 1296 1295
3 1236 1237 1297
3 1236 1297 1296
3 1237 1238 1298
3 1237 1298 1297
3 1238 1239 1299
3 1238 1299 1298
3 1239 1240 1300
3 1239 1300 1299
3 1240 1241 1301
3 1240 1301 1300
3 1241 1242 1302
3 1241 1302 1301
3 1242 1243 1303
3 1242 1303 1302
3 1243 1244 1304
3 1243 1304 1303
3 1244 1245 1305
3 1244 1305 1304
3 1245 1246 1306
3 1245 1306 1305
3 1246 1247 1307
3 1246 1307 1306
3 1247 1248 1308
3 1247 1308 1307
3 1248 1249 1309
3 1248 1309 1308
3 1249 1250 1310
3 1249 1310 1309
3 1250 1251 1311
3 1250 1311 1310
3 1251 1252 1312
3 1251 1312 1311
3 1252 1253 1313
3 1252 1313 1312
3 1253 1254 1314
3 1253 1314 1313
3 1254 1255 1315
3 1254 1315 1314
3 1255 1256 1316
3 1255 1316 1315
3 1256 1257 1317
3 1256 1317 1316
3 1257 1258 1318
3 1257 1318 1317
3 1258 1259 1319
3 1258 1319 1318
3 1259 1260 1320
3 1259 1320 1319
3 1260 1261 1321
3 1260 1321 1320
3 1261 1262 1322
3 1261 1322 1321
3 1262 1263 1323
3 1262 1323 1322
3 1263 1264 1324
3 1263 1324 1323
3 1264 1265 1325
3 1264 1325 1324
3 1265 1266 1326
3 1265 1326 1325
3 1266 1267 1327
3 1266 1327 1326
3 1267 1268 1328
3 1267 1328 1327
3 1268 1269 1329
3 1268 1329 1328
3 1269 84 85
3 1269 85 1329
3 20 1270 1330
3 20 1330 21
3 1270 1271 1331
3 1270 1331 1330
3 1271 1272 1332
3 1271 1332 1331
3 1272 1273 1333
3 1272 1333 1332
3 1273 1274 1334
3 1273 1334 1333
3 1274 1275 1335
3 1274 1335 1334
3 1275 1276 1336
3 1275 1336 1335
3 1276 1277 1337
3 1276 1337 1336
3 1277 1278 1338
3 1277 1338 1337
3 1278 1279 1339
3 1278 1339 1338
3 1279 1280 1340
3 1279 1340 1339
3 1280 1281 1341
3 1280 1341 1340
3 1281 1282 1342
3 1281 1342 1341
3 1282 1283 1343
3 1282 1343 1342
3 1283 1284 1344
3 1283 1344 1343
3 1284 1285 1345
3 1284 1345 1344
3 1285 1286 1346
3 1285 1346 1345
3 1286 1287 1347
3 1286 1347 1346
3 1287 1288 1348
3 1287 1348 1347
3 1288 1289 1349
3 1288 1349 1348
3 1289 1290 1350
3 1289 1350 1349
3 1290 1291 1351
3 1290 1351 1350
3 1291 1292 1352
3 1291 1352 1351
3 1292 1293 1353
3 1292 1353 1352
3 1293 1294 1354
3 1293 1354 1353
3 1294 1295 1355
3 1294 1355 1354
3 1295 1296 1356
3 1295 1356 1355
3 1296 1297 1357
3 1296 1357 1356
3 1297 1298 1358
3 1297 1358 1357
3 1298 1299 1359
3 1298 1359 1358
3 1299 1300 1360
3 1299 1360 1359
3 1300 1301 1361
3 1300 1361 1360
3 1301 1302 1362
3 1301 1362 1361
3 1302 1303 1363
3 1302 1363 1362
3 1303 1304 1364
3 1303 1364 1363
3 1304 1305 1365
3 1304 1365 1364
3 1305 1306 1366
3 1305 1366 1365
3 1306 1307 1367
3 1306 1367 1366
3 1307 1308 1368
3 1307 1368 1367
3 1308 1309 1369
3 1308 1369 1368
3 1309 1310 1370
3 1309 1370 1369
3 1310 1311 1371
3 1310 1371 1370
3 1311 1312 1372
3 1311 1372 1371
3 1312 1313 1373
3 1312 1373 1372
3 1313 1314 1374
3 1313 1374 1373
3 1314 1315 1375
3 1314 1375 1374
3 1315 1316 1376
3 1315 1376 1375
3 1316 1317 1377
3 1316 1377 1376
3 1317 1318 1378
3 1317 1378 1377
3 1318 1319 1379
3 1318 1379 1378
3 1319 1320 1380
3 1319 1380 1379
3 1320 1321 1381
3 1320 1381 1380
3 1321 1322 1382
3 1321 1382 1381
3 1322 1323 1383
3 1322 1383 1382
3 1323 1324 1384
3 1323 1384 1383
3 1324 1325 1385
3 1324 1385 1384
3 1325 1326 1386
3 1325 1386 1385
3 1326 1327 1387
3 1326 1387 1386
3 1327 1328 1388
3 1327 1388 1387
3 1328 1329 1389
3 1328 1389 1388
3 1329 85 86
3 1329 86 1389
3 21 1330 1390
3 21 1390 22
3 1330 1331 1391
3 1330 1391 1390
3 1331 1332 1392
3 1331 1392 1391
3 1332 1333 1393
3 1332 1393 1392
3 1333 1334 1394
3 1333 1394 1393
3 1334 1335 1395
3 1334 1395 1394
3 1335 1336 1396
3 1335 1396 1395
3 1336 1337 1397
3 1336 1397 1396
3 1337 1338 1398
3 1337 1398 1397
3 1338 1339 1399
3 1338 1399 1398
3 1339 1340 1400
3 1339 1400 1399
3 1340 1341 1401
3 1340 1401 1400
3 1341 1342 1402
3 1341 1402 1401
3 1342 1343 1403
3 1342 1403 1402
3 1343 1344 1404
3 1343 1404 1403
3 1344 1345 1405
3 1344 1405 1404
3 1345 1346 1406
3 1345 1406 1405
3 1346 1347 1407
3 1346 1407 1406
3 1347 1348 1408
3 1347 1408 1407
3 1348 1349 1409
3 1348 1409 1408
3 1349 1350 1410
3 1349 1410 1409
3 1350 1351 1411
3 1350 1411 1410
3 1351 1352 1412
3 1351 1412 1411
3 1352 1353 1413
3 1352 1413 1412
3 1353 1354 1414
3 1353 1414 1413
3 1354 1355 1415
3 1354 1415 1414
3 1355 1356 1416
3 1355 1416 1415
3 1356 1357 1417
3 1356 1417 1416
3 1357 1358 1418
3 1357 1418 1417
3 1358 1359 1419
3 1358 1419 1418
3 1359 1360 1420
3 1359 1420 1419
3 1360 1361 1421
3 1360 1421 1420
3 1361 1362 1422
3 1361 1422 1421
3 1362 1363 1423
3 1362 1423 1422
3 1363 1364 1424
3 1363 1424 1423
3 1364 1365 1425
3 1364 1425 1424
3 1365 1366 1426
3 1365 1426 1425
3 1366 1367 1427
3 1366 1427 1426
3 1367 1368 1428
3 1367 1428 1427
3 1368 1369 1429
3 1368 1429 1428
3 1369 1370 1430
3 1369 1430 1429
3 1370 1371 1431
3 1370 1431 1430
3 1371 1372 1432
3 1371 1432 1431
3 1372 1373 1433
3 1372 1433 1432
3 1373 1374 1434
3 1373 1434 1433
3 1374 1375 1435
3 1374 1435 1434
3 1375 1376 1436
3 1375 1436 1435
3 1376 1377 1437
3 1376 1437 1436
3 1377 1378 1438
3 1377 1438 1437
3 1378 1379 1439
3 1378 1439 1438
3 1379 1380 1440
3 1379 1440 1439
3 1380 1381 1441
3 1380 1441 1440
3 1381 1382 1442
3 1381 1442 1441
3 1382 1383 1443
3 1382 1443 1442
3 1383 1384 1444
3 1383 1444 1443
3 1384 1385 1445
3 1384 1445 1444
3 1385 1386 1446
3 1385 1446 1445
3 1386 1387 1447
3 1386 1447 1446
3 1387 1388 1448
3 1387 1448 1447
3 1388 1389 1449
3 1388 1449 1448
3 1389 86 87
3 1389 87 1449
3 22 1390 1450
3 22 1450 23
3 1390 1391 1451
3 1390 1451 1450
3 1391 1392 1452
3 1391 1452 1451
3 1392 1393 1453
3 1392 1453 1452
3 1393 1394 1454
3 1393 1454 1453
3 1394 1395 1455
3 1394 1455 1454
3 1395 1396 1456
3 1395 1456 1455
3 1396 1397 1457
3 1396 1457 1456
3 1397 1398 1458
3 1397 1458 1457
3 1398 1399 1459
3 1398 1459 1458
3 1399 1400 1460
3 1399 1460 1459
3 1400 1401 1461
3 1400 1461 1460
3 1401 1402 1462
3 1401 1462 1461
3 1402 1403 1463
3 1402 1463 1462
3 1403 1404 1464
3 1403 1464 1463
3 1404 1405 1465
3 1404 1465 1464
3 1405 1406 1466
3 1405 1466 1465
3 1406 1407 1467
3 1406 1467 1466
3 1407 1408 1468
3 1407 1468 1467
3 1408 1409 1469
3 1408 1469 1468
3 1409 1410 1470
3 1409 1470 1469
3 1410 1411 1471
3 1410 1471 1470
3 1411 1412 1472
3 1411 1472 1471
3 1412 1413 1473
3 1412 1473 1472
3 1413 1414 1474
3 1413 1474 1473
3 1414 1415 1475
3 1414 1475 1474
3 1415 1416 1476
3 1415 1476 1475
3 1416 1417 1477
3 1416 1477 1476
3 1417 1418 1478
3 1417 1478 1477
3 1418 1419 1479
3 1418 1479 1478
3 1419 1420 1480
3 1419 1480 1479
3 1420 1421 1481
3 1420 1481 1480
3 1421 1422 1482
3 1421 1482 1481
3 1422 1423 1483
3 1422 1483 1482
3 1423 1424 1484
3 1423 1484 1483
3 1424 1425 1485
3 1424 1485 1484
3 1425 1426 1486
3 1425 1486 1485
3 1426 1427 1487
3 1426 1487 1486
3 1427 1428 1488
3 1427 1488 1487
3 1428 1429 1489
3 1428 1489 1488
3 1429 1430 1490
3 1429 1490 1489
3 1430 1431 1491
3 1430 1491 1490
3 1431 1432 1492
3 1431 1492 1491
3 1432 1433 1493
3 1432 1493 1492
3 1433 1434 1494
3 1433 1494 1493
3 1434 1435 1495
3 1434 1495 1494
3 1435 1436 1496
3 1435 1496 1495
3 1436 1437 1497
3 1436 1497 1496
3 1437 1438 1498
3 1437 1498 1497
3 1438 1439 1499
3 1438 1499 1498
3 1439 1440 1500
3 1439 1500 1499
3 1440 1441 1501
3 1440 1501 1500
3 1441 1442 1502
3 1441 1502 1501
3 1442 1443 1503
3 1442 1503 1502
3 1443 1444 1504
3 1443 1504 1503
3 1444 1445 1505
3 1444 1505 1504
3 1445 1446 1506
3 1445 1506 1505
3 1446 1447 1507
3 1446 1507 1506
3 1447 1448 1508
3 1447 1508 1507
3 1448 1449 1509
3 1448 1509 1508
3 1449 87 88
3 1449 88 1509
3 23 1450 1510
3 23 1510 24
3 1450 1451 1511
3 1450 1511 1510
3 1451 1452 1512
3 1451 1512 1511
3 1452 1453 1513
3 1452 1513 1512
3 1453 1454 1514
3 1453 1514 1513
3 1454 1455 1515
3 1454 1515 1514
3 1455 1456 1516
3 1455 1516 1515
3 1456 1457 1517
3 1456 1517 1516
3 1457 1458 1518
3 1457 1518 1517
3 1458 1459 1519
3 1458 1519 1518
3 1459 1460 1520
3 1459 1520 1519
3 1460 1461 1521
3 1460 1521 1520
3 1461 1462 1522
3 1461 1522 1521
3 1462 1463 1523
3 1462 1523 1522
3 1463 1464 1524
3 1463 1524 1523
3 1464 1465 1525
3 1464 1525 1524
3 1465 1466 1526
3 1465 1526 1525
3 1466 1467 1527
3 1466 1527 1526
3 1467 1468 1528
3 1467 1528 1527
3 1468 1469 1529
3 1468 1529 1528
3 1469 1470 1530
3 1469 1530 1529
3 1470 1471 1531
3 1470 1531 1530
3 1471 1472 1532
3 1471 1532 1531
3 1472 1473 1533
3 1472 1533 1532
3 1473 1474 1534
3 1473 1534 1533
3 1474 1475 1535
3 1474 1535 1534
3 1475 1476 1536
3 1475 1536 1535
3 1476 1477 1537
3 1476 1537 1536
3 1477 1478 1538
3 1477 1538 1537
3 1478 1479 1539
3 1478 1539 1538
3 1479 1480 1540
3 1479 1540 1539
3 1480 1481 1541
3 1480 1541 1540
3 1481 1482 1542
3 1481 1542 1541
3 1482 1483 1543
3 1482 1543 1542
3 1483 1484 1544
3 1483 1544 1543
3 1484 1485 1545
3 1484 1545 1544
3 1485 1486 1546
3 1485 1546 1545
3 1486 1487 1547
3 1486 1547 1546
3 1487 1488 1548
3 1487 1548 1547
3 1488 1489 1549
3 1488 1549 1548
3 1489 1490 1550
3 1489 1550 1549
3 1490 1491 1551
3 1490 1551 1550
3 1491 1492 1552
3 1491 1552 1551
3 1492 1493 1553
3 1492 1553 1552
3 1493 1494 1554
3 1493 1554 1553
3 1494 1495 1555
3 1494 1555 1554
3 1495 1496 1556
3 1495 1556 1555
3 1496 1497 1557
3 1496 1557 1556
3 1497 1498 1558
3 1497 1558 1557
3 1498 1499 1559
3 1498 1559 1558
3 1499 1500 1560
3 1499 1560 1559
3 1500 1501 1561
3 1500 1561 1560
3 1501 1502 1562
3 1501 1562 1561
3 1502 1503 1563
3 1502 1563 1562
3 1503 1504 1564
3 1503 1564 1563
3 1504 1505 1565
3 1504 1565 1564
3 1505 1506 1566
3 1505 1566 1565
3 1506 1507 1567
3 1506 1567 1566
3 1507 1508 1568
3 1507 1568 1567
3 1508 1509 1569
3 1508 1569 1568
3 1509 88 89
3 1509 89 1569
3 24 1510 1570
3 24 1570 25
3 1510 1511 1571
3 1510 1571 1570
3 1511 1512 1572
3 1511 1572 1571
3 1512 1513 1573
3 1512 1573 1572
3 1513 1514 1574
3 1513 1574 1573
3 1514 1515 1575
3 1514 1575 1574
3 1515 1516 1576
3 1515 1576 1575
3 1516 1517 1577
3 1516 1577 1576
3 1517 1518 1578
3 1517 1578 1577
3 1518 1519 1579
3 1518 1579 1578
3 1519 1520 1580
3 1519 1580 1579
3 1520 1521 1581
3 1520 1581 1580
3 1521 1522 1582
3 1521 1582 1581
3 1522 1523 1583
3 1522 1583 1582
3 1523 1524 1584
3 1523 1584 1583
3 1524 1525 1585
3 1524 1585 1584
3 1525 1526 1586
3 1525 1586 1585
3 1526 1527 1587
3 1526 1587 1586
3 1527 1528 1588
3 1527 1588 1587
3 1528 1529 1589
3 1528 1589 1588
3 1529 1530 1590
3 1529 1590 1589
3 1530 1531 1591
3 1530 1591 1590
3 1531 1532 1592
3 1531 1592 1591
3 1532 1533 1593
3 1532 1593 1592
3 1533 1534 1594
3 1533 1594 1593
3 1534 1535 1595
3 1534 1595 1594
3 1535 1536 1596
3 1535 1596 1595
3 1536 1537 1597
3 1536 1597 1596
3 1537 1538 1598
3 1537 1598 1597
3 1538 1539 1599
3 1538 1599 1598
3 1539 1540 1600
3 1539 1600 1599
3 1540 1541 1601
3 1540 1601 1600
3 1541 1542 1602
3 1541 1602 1601
3 1542 1543 1603
3 1542 1603 1602
3 1543 1544 1604
3 1543 1604 1603
3 1544 1545 1605
3 1544 1605 1604
3 1545 1546 1606
3 1545 1606 1605
3 1546 1547 1607
3 1546 1607 1606
3 1547 1548 1608
3 1547 1608 1607
3 1548 1549 1609
3 1548 1609 1608
3 1549 1550 1610
3 1549 1610 1609
3 1550 1551 1611
3 1550 1611 1610
3 1551 1552 1612
3 1551 1612 1611
3 1552 1553 1613
3 1552 1613 1612
3 1553 1554 1614
3 1553 1614 1613
3 1554 1555 1615
3 1554 1615 1614
3 1555 1556 1616
3 1555 1616 1615
3 1556 1557 1617
3 1556 1617 1616
3 1557 1558 1618
3 1557 1618 1617
3 1558 1559 1619
3 1558 1619 1618
3 1559 1560 1620
3 1559 1620 1619
3 1560 1561 1621
3 1560 1621 1620
3 1561 1562 1622
3 1561 1622 1621
3 1562 1563 1623
3 1562 1623 1622
3 1563 1564 1624
3 1563 1624 1623
3 1564 1565 1625
3 1564 1625 1624
3 1565 1566 1626
3 1565 1626 1625
3 1566 1567 1627
3 1566 1627 1626
3 1567 1568 1628
3 1567 1628 1627
3 1568 1569 1629
3 1568 1629 1628
3 1569 89 90
3 1569 90 1629
3 25 1570 1630
3 25 1630 26
3 1570 1571 1631
3 1570 1631 1630
3 1571 1572 1632
3 1571 1632 1631
3 1572 1573 1633
3 1572 1633 1632
3 1573 1574 1634
3 1573 1634 1633
3 1574 1575 1635
3 1574 1635 1634
3 1575 1576 1636
3 1575 1636 1635
3 1576 1577 1637
3 1576 1637 1636
3 1577 1578 1638
3 1577 1638 1637
3 1578 1579 1639
3 1578 1639 1638
3 1579 1580 1640
3 1579 1640 1639
3 1580 1581 1641
3 1580 1641 1640
3 1581 1582 1642
3 1581 1642 1641
3 1582 1583 1643
3 1582 1643 1642
3 1583 1584 1644
3 1583 1644 1643
3 1584 1585 1645
3 1584 1645 1644
3 1585 1586 1646
3 1585 1646 1645
3 1586 1587 1647
3 1586 1647 1646
3 1587 1588 1648
3 1587 1648 1647
3 1588 1589 1649
3 1588 1649 1648
3 1589 1590 1650
3 1589 1650 1649
3 1590 1591 1651
3 1590 1651 1650
3 1591 1592 1652
3 1591 1652 1651
3 1592 1593 1653
3 1592 1653 1652
3 1593 1594 1654
3 1593 1654 1653
3 1594 1595 1655
3 1594 1655 1654
3 1595 1596 1656
3 1595 1656 1655
3 1596 1597 1657
3 1596 1657 1656
3 1597 1598 1658
3 1597 1658 1657
3 1598 1599 1659
3 1598 1659 1658
3 1599 1600 1660
3 1599 1660 1659
3 1600 1601 1661
3 1600 1661 1660
3 1601 1602 1662
3 1601 1662 1661
3 1602 1603 1663
3 1602 1663 1662
3 1603 1604 1664
3 1603 1664 1663
3 1604 1605 1665
3 1604 1665 1664
3 1605 1606 1666
3 1605 1666 1665
3 1606 1607 1667
3 1606 1667 1666
3 1607 1608 1668
3 1607 1668 1667
3 1608 1609 1669
3 1608 1669 1668
3 1609 1610 1670
3 1609 1670 1669
3 1610 1611 1671
3 1610 1671 1670
3 1611 1612 1672
3 1611 1672 1671
3 1612 1613 1673
3 1612 1673 1672
3 1613 1614 1674
3 1613 1674 1673
3 1614 1615 1675
3 1614 1675 1674
3 1615 1616 1676
3 1615 1676 1675
3 1616 1617 1677
3 1616 1677 1676
3 1617 1618 1678
3 1617 1678 1677
3 1618 1619 1679
3 1618 1679 1678
3 1619 1620 1680
3 1619 1680 1679
3 1620 1621 1681
3 1620 1681 1680
3 1621 1622 1682
3 1621 1682 1681
3 1622 1623 1683
3 1622 1683 1682
3 1623 1624 1684
3 1623 1684 1683
3 1624 1625 1685
3 1624 1685 1684
3 1625 1626 1686
3 1625 1686 1685
3 1626 1627 1687
3 1626 1687 1686
3 1627 1628 1688
3 1627 1688 1687
3 1628 1629 1689
3 1628 1689 1688
3 1629 90 91
3 1629 91 1689
3 26 1630 1690
3 26 1690 27
3 1630 1631 1691
3 1630 1691 1690
3 1631 1632 1692
3 1631 1692 1691
3 1632 1633 1693
3 1632 1693 1692
3 1633 1634 1694
3 1633 1694 1693
3 1634 1635 1695
3 1634 1695 1694
3 1635 1636 1696
3 1635 1696 1695
3 1636 1637 1697
3 1636 1697 1696
3 1637 1638 1698
3 1637 1698 1697
3 1638 1639 1699
3 1638 1699 1698
3 1639 1640 1700
3 1639 1700 1699
3 1640 1641 1701
3 1640 1701 1700
3 1641 1642 1702
3 1641 1702 1701
3 1642 1643 1703
3 1642 1703 1702
3 1643 1644 1704
3 1643 1704 1703
3 1644 1645 1705
3 1644 1705 1704
3 1645 1646 1706
3 1645 1706 1705
3 1646 1647 1707
3 1646 1707 1706
3 1647 1648 1708
3 1647 1708 1707
3 1648 1649 1709
3 1648 1709 1708
3 1649 1650 1710
3 1649 1710 1709
3 1650 1651 1711
3 1650 1711 1710
3 1651 1652 1712
3 1651 1712 1711
3 1652 1653 1713
3 1652 1713 1712
3 1653 1654 1714
3 1653 1714 1713
3 1654 1655 1715
3 1654 1715 1714
3 1655 1656 1716
3 1655 1716 1715
3 1656 1657 1717
3 1656 1717 1716
3 1657 1658 1718
3 1657 1718 1717
3 1658 1659 1719
3 1658 1719 1718
3 1659 1660 1720
3 1659 1720 1719
3 1660 1661 1721
3 1660 1721 1720
3 1661 1662 1722
3 1661 1722 1721
3 1662 1663 1723
3 1662 1723 1722
3 1663 1664 1724
3 1663 1724 1723
3 1664 1665 1725
3 1664 1725 1724
3 1665 1666 1726
3 1665 1726 1725
3 1666 1667 1727
3 1666 1727 1726
3 1667 1668 1728
3 1667 1728 1727
3 1668 1669 1729
3 1668 1729 1728
3 1669 1670 1730
3 1669 1730 1729
3 1670 1671 1731
3 1670 1731 1730
3 1671 1672 1732
3 1671 1732 1731
3 1672 1673 1733
3 1672 1733 1732
3 1673 1674 1734
3 1673 1734 1733
3 1674 1675 1735
3 1674 1735 1734
3 1675 1676 1736
3 1675 1736 1735
3 1676 1677 1737
3 1676 1737 1736
3 1677 1678 1738
3 1677 1738 1737
3 1678 1679 1739
3 1678 1739 1738
3 1679 1680 1740
3 1679 1740 1739
3 1680 1681 1741
3 1680 1741 1740
3 1681 1682 1742
3 1681 1742 1741
3 1682 1683 1743
3 1682 1743 1742
3 1683 1684 1744
3 1683 1744 1743
3 1684 1685 1745
3 1684 1745 1744
3 1685 1686 1746
3 1685 1746 1745
3 1686 1687 1747
3 1686 1747 1746
3 1687 1688 1748
3 1687 1748 1747
3 1688 1689 1749
3 1688 1749 1748
3 1689 91 92
3 1689 92 1749
3 27 1690 1750
3 27 1750 28
3 1690 1691 1751
3 1690 1751 1750
3 1691 1692 1752
3 1691 1752 1751
3 1692 1693 1753
3 1692 1753 1752
3 1693 1694 1754
3 1693 1754 1753
3 1694 1695 1755
3 1694 1755 1754
3 1695 1696 1756
3 1695 1756 1755
3 1696 1697 1757
3 1696 1757 1756
3 1697 1698 1758
3 1697 1758 1757
3 1698 1699 1759
3 1698 1759 1758
3 1699 1700 1760
3 1699 1760 1759
3 1700 1701 1761
3 1700 1761 1760
3 1701 1702 1762
3 1701 1762 1761
3 1702 1703 1763
3 1702 1763 1762
3 1703 1704 1764
3 1703 1764 1763
3 1704 1705 1765
3 1704 1765 1764
3 1705 1706 1766
3 1705 1766 1765
3 1706 1707 1767
3 1706 1767 1766
3 1707 1708 1768
3 1707 1768 1767
3 1708 1709 1769
3 1708 1769 1768
3 1709 1710 1770
3 1709 1770 1769
3 1710 1711 1771
3 1710 1771 1770
3 1711 1712 1772
3 1711 1772 1771
3 1712 1713 1773
3 1712 1773 1772
3 1713 1714 1774
3 1713 1774 1773
3 1714 1715 1775
3 1714 1775 1774
3 1715 1716 1776
3 1715 1776 1775
3 1716 1717 1777
3 1716 1777 1776
3 1717 1718 1778
3 1717 1778 1777
3 1718 1719 1779
3 1718 1779 1778
3 1719 1720 1780
3 1719 1780 1779
3 1720 1721 1781
3 1720 1781 1780
3 1721 1722 1782
3 1721 1782 1781
3 1722 1723 1783
3 1722 1783 1782
3 1723 1724 1784
3 1723 1784 1783
3 1724 1725 1785
3 1724 1785 1784
3 1725 1726 1786
3 1725 1786 1785
3 1726 1727 1787
3 1726 1787 1786
3 1727 1728 1788
3 1727 1788 1787
3 1728 1729 1789
3 1728 1789 1788
3 1729 1730 1790
3 1729 1790 1789
3 1730 1731 1791
3 1730 1791 1790
3 1731 1732 1792
3 1731 1792 1791
3 1732 1733 1793
3 1732 1793 1792
3 1733 1734 1794
3 1733 1794 1793
3 1734 1735 1795
3 1734 1795 1794
3 1735 1736 1796
3 1735 1796 1795
3 1736 1737 1797
3 1736 1797 1796
3 1737 1738 1798
3 1737 1798 1797
3 1738 1739 1799
3 1738 1799 1798
3 1739 1740 1800
3 1739 1800 1799
3 1740 1741 1801
3 1740 1801 1800
3 1741 1742 1802
3 1741 1802 1801
3 1742 1743 1803
3 1742 1803 1802
3 1743 1744 1804
3 1743 1804 1803
3 1744 1745 1805
3 1744 1805 1804
3 1745 1746 1806
3 1745 1806 1805
3 1746 1747 1807
3 1746 1807 1806
3 1747 1748 1808
3 1747 1808 1807
3 1748 1749 1809
3 1748 1809 1808
3 1749 92 93
3 1749 93 1809
3 28 1750 1810
3 28 1810 29
3 1750 1751 1811
3 1750 1811 1810
3 1751 1752 1812
3 1751 1812 1811
3 1752 1753 1813
3 1752 1813 1812
3 1753 1754 1814
3 1753 1814 1813
3 1754 1755 1815
3 1754 1815 1814
3 1755 1756 1816
3 1755 1816 1815
3 1756 1757 1817
3 1756 1817 1816
3 1757 1758 1818
3 1757 1818 1817
3 1758 1759 1819
3 1758 1819 1818
3 1759 1760 1820
3 1759 1820 1819
3 1760 1761 1821
3 1760 1821 1820
3 1761 1762 1822
3 1761 1822 1821
3 1762 1763 1823
3 1762 1823 1822
3 1763 1764 1824
3 1763 1824 1823
3 1764 1765 1825
3 1764 1825 1824
3 1765 1766 1826
3 1765 1826 1825
3 1766 1767 1827
3 1766 1827 1826
3 1767 1768 1828
3 1767 1828 1827
3 1768 1769 1829
3 1768 1829 1828
3 1769 1770 1830
3 1769 1830 1829
3 1770 1771 1831
3 1770 1831 1830
3 1771 1772 1832
3 1771 1832 1831
3 1772 1773 1833
3 1772 1833 1832
3 1773 1774 1834
3 1773 1834 1833
3 1774 1775 1835
3 1774 1835 1834
3 1775 1776 1836
3 1775 1836 1835
3 1776 1777 1837
3 1776 1837 1836
3 1777 1778 1838
3 1777 1838 1837
3 1778 1779 1839
3 1778 1839 1838
3 1779 1780 1840
3 1779 1840 1839
3 1780 1781 1841
3 1780 1841 1840
3 1781 1782 1842
3 1781 1842 1841
3 1782 1783 1843
3 1782 1843 1842
3 1783 1784 1844
3 1783 1844 1843
3 1784 1785 1845
3 1784 1845 1844
3 1785 1786 1846
3 1785 1846 1845
3 1786 1787 1847
3 1786 1847 1846
3 1787 1788 1848
3 1787 1848 1847
3 1788 1789 1849
3 1788 1849 1848
3 1789 1790 1850
3 1789 1850 1849
3 1790 1791 1851
3 1790 1851 1850
3 1791 1792 1852
3 1791 1852 1851
3 1792 1793 1853
3 1792 1853 1852
3 1793 1794 1854
3 1793 1854 1853
3 1794 1795 1855
3 1794 1855 1854
3 1795 1796 1856
3 1795 1856 1855
3 1796 1797 1857
3 1796 1857 1856
3 1797 1798 1858
3 1797 1858 1857
3 1798 1799 1859
3 1798 1859 1858
3 1799 1800 1860
3 1799 1860 1859
3 1800 1801 1861
3 1800 1861 1860
3 1801 1802 1862
3 1801 1862 1861
3 1802 1803 1863
3 1802 1863 1862
3 1803 1804 1864
3 1803 1864 1863
3 1804 1805 1865
3 1804 1865 1864
3 1805 1806 1866
3 1805 1866 1865
3 1806 1807 1867
3 1806 1867 1866
3 1807 1808 1868
3 1807 1868 1867
3 1808 1809 1869
3 1808 1869 1868
3 1809 93 94
3 1809 94 1869
3 29 1810 1870
3 29 1870 30
3 1810 1811 1871
3 1810 1871 1870
3 1811 1812 1872
3 1811 1872 1871
3 1812 1813 1873
3 1812 1873 1872
3 1813 1814 1874
3 1813 1874 1873
3 1814 1815 1875
3 1814 1875 1874
3 1815 1816 1876
3 1815 1876 1875
3 1816 1817 1877
3 1816 1877 1876
3 1817 1818 1878
3 1817 1878 1877
3 1818 1819 1879
3 1818 1879 1878
3 1819 1820 1880
3 1819 1880 1879
3 1820 1821 1881
3 1820 1881 1880
3 1821 1822 1882
3 1821 1882 1881
3 1822 1823 1883
3 1822 1883 1882
3 1823 1824 1884
3 1823 1884 1883
3 1824 1825 1885
3 1824 1885 1884
3 1825 1826 1886
3 1825 1886 1885
3 1826 1827 1887
3 1826 1887 1886
3 1827 1828 1888
3 1827 1888 1887
3 1828 1829 1889
3 1828 1889 1888
3 1829 1830 1890
3 1829 1890 1889
3 1830 1831 1891
3 1830 1891 1890
3 1831 1832 1892
3 1831 1892 1891
3 1832 1833 1893
3 1832 1893 1892
3 1833 1834 1894
3 1833 1894 1893
3 1834 1835 1895
3 1834 1895 1894
3 1835 1836 1896
3 1835 1896 1895
3 1836 1837 1897
3 1836 1897 1896
3 1837 1838 1898
3 1837 1898 1897
3 1838 1839 1899
3 1838 1899 1898
3 1839 1840 1900
3 1839 1900 1899
3 1840 1841 1901
3 1840 1901 1900
3 1841 1842 1902
3 1841 1902 1901
3 1842 1843 1903
3 1842 1903 1902
3 1843 1844 1904
3 1843 1904 1903
3 1844 1845 1905
3 1844 1905 1904
3 1845 1846 1906
3 1845 1906 1905
3 1846 1847 1907
3 1846 1907 1906
3 1847 1848 1908
3 1847 1908 1907
3 1848 1849 1909
3 1848 1909 1908
3 1849 1850 1910
3 1849 1910 1909
3 1850 1851 1911
3 1850 1911 1910
3 1851 1852 1912
3 1851 1912 1911
3 1852 1853 1913
3 1852 1913 1912
3 1853 1854 1914
3 1853 1914 1913
3 1854 1855 1915
3 1854 1915 1914
3 1855 1856 1916
3 1855 1916 1915
3 1856 1857 1917
3 1856 1917 1916
3 1857 1858 1918
3 1857 1918 1917
3 1858 1859 1919
3 1858 1919 1918
3 1859 1860 1920
3 1859 1920 1919
3 1860 1861 1921
3 1860 1921 1920
3 1861 1862 1922
3 1861 1922 1921
3 1862 1863 1923
3 1862 1923 1922
3 1863 1864 1924
3 1863 1924 1923
3 1864 1865 1925
3 1864 1925 1924
3 1865 1866 1926
3 1865 1926 1925
3 1866 1867 1927
3 1866 1927 1926
3 1867 1868 1928
3 1867 1928 1927
3 1868 1869 1929
3 1868 1929 1928
3 1869 94 95
3 1869 95 1929
3 30 1870 1930
3 30 1930 31
3 1870 1871 1931
3 1870 1931 1930
3 1871 1872 1932
3 1871 1932 1931
3 1872 1873 1933
3 1872 1933 1932
3 1873 1874 1934
3 1873 1934 1933
3 1874 1875 1935
3 1874 1935 1934
3 1875 1876 1936
3 1875 1936 1935
3 1876 1877 1937
3 1876 1937 1936
3 1877 1878 1938
3 1877 1938 1937
3 1878 1879 1939
3 1878 1939 1938
3 1879 1880 1940
3 1879 1940 1939
3 1880 1881 1941
3 1880 1941 1940
3 1881 1882 1942
3 1881 1942 1941
3 1882 1883 1943
3 1882 1943 1942
3 1883 1884 1944
3 1883 1944 1943
3 1884 1885 1945
3 1884 1945 1944
3 1885 1886 1946
3 1885 1946 1945
3 1886 1887 1947
3 1886 1947 1946
3 1887 1888 1948
3 1887 1948 1947
3 1888 1889 1949
3 1888 1949 1948
3 1889 1890 1950
3 1889 1950 1949
3 1890 1891 1951
3 1890 1951 1950
3 1891 1892 1952
3 1891 1952 1951
3 1892 1893 1953
3 1892 1953 1952
3 1893 1894 1954
3 1893 1954 1953
3 1894 1895 1955
3 1894 1955 1954
3 1895 1896 1956
3 1895 1956 1955
3 1896 1897 1957
3 1896 1957 1956
3 1897 1898 1958
3 1897 1958 1957
3 1898 1899 1959
3 1898 1959 1958
3 1899 1900 1960
3 1899 1960 1959
3 1900 1901 1961
3 1900 1961 1960
3 1901 1902 1962
3 1901 1962 1961
3 1902 1903 1963
3 1902 1963 1962
3 1903 1904 1964
3 1903 1964 1963
3 1904 1905 1965
3 1904 1965 1964
3 1905 1906 1966
3 1905 1966 1965
3 1906 1907 1967
3 1906 1967 1966
3 1907 1908 1968
3 1907 1968 1967
3 1908 1909 1969
3 1908 1969 1968
3 1909 1910 1970
3 1909 1970 1969
3 1910 1911 1971
3 1910 1971 1970
3 1911 1912 1972
3 1911 1972 1971
3 1912 1913 1973
3 1912 1973 1972
3 1913 1914 1974
3 1913 1974 1973
3 1914 1915 1975
3 1914 1975 1974
3 1915 1916 1976
3 1915 1976 1975
3 1916 1917 1977
3 1916 1977 1976
3 1917 1918 1978
3 1917 1978 1977
3 1918 1919 1979
3 1918 1979 1978
3 1919 1920 1980
3 1919 1980 1979
3 1920 1921 1981
3 1920 1981 1980
3 1921 1922 1982
3 1921 1982 1981
3 1922 1923 1983
3 1922 1983 1982
3 1923 1924 1984
3 1923 1984 1983
3 1924 1925 1985
3 1924 1985 1984
3 1925 1926 1986
3 1925 1986 1985
3 1926 1927 1987
3 1926 1987 1986
3 1927 1928 1988
3 1927 1988 1987
3 1928 1929 1989
3 1928 1989 1988
3 1929 95 96
3 1929 96 1989
3 31 1930 1990
3 31 1990 32
3 1930 1931 1991
3 1930 1991 1990
3 1931 1932 1992
3 1931 1992 1991
3 1932 1933 1993
3 1932 1993 1992
3 1933 1934 1994
3 1933 1994 1993
3 1934 1935 1995
3 1934 1995 1994
3 1935 1936 1996
3 1935 1996 1995
3 1936 1937 1997
3 1936 1997 1996
3 1937 1938 1998
3 1937 1998 1997
3 1938 1939 1999
3 1938 1999 1998
3 1939 1940 2000
3 1939 2000 1999
3 1940 1941 2001
3 1940 2001 2000
3 1941 1942 2002
3 1941 2002 2001
3 1942 1943 2003
3 1942 2003 2002
3 1943 1944 2004
3 1943 2004 2003
3 1944 1945 2005
3 1944 2005 2004
3 1945 1946 2006
3 1945 2006 2005
3 1946 1947 2007
3 1946 2007 2006
3 1947 1948 2008
3 1947 2008 2007
3 1948 1949 2009
3 1948 2009 2008
3 1949 1950 2010
3 1949 2010 2009
3 1950 1951 2011
3 1950 2011 2010
3 1951 1952 2012
3 1951 2012 2011
3 1952 1953 2013
3 1952 2013 2012
3 1953 1954 2014
3 1953 2014 2013
3 1954 1955 2015
3 1954 2015 2014
3 1955 1956 2016
3 1955 2016 2015
3 1956 1957 2017
3 1956 2017 2016
3 1957 1958 2018
3 1957 2018 2017
3 1958 1959 2019
3 1958 2019 2018
3 1959 1960 2020
3 1959 2020 2019
3 1960 1961 2021
3 1960 2021 2020
3 1961 1962 2022
3 1961 2022 2021
3 1962 1963 2023
3 1962 2023 2022
3 1963 1964 2024
3 1963 2024 2023
3 1964 1965 2025
3 1964 2025 2024
3 1965 1966 2026
3 1965 2026 2025
3 1966 1967 2027
3 1966 2027 2026
3 1967 1968 2028
3 1967 2028 2027
3 1968 1969 2029
3 1968 2029 2028
3 1969 1970 2030
3 1969 2030 2029
3 1970 1971 2031
3 1970 2031 2030
3 1971 1972 2032
3 1971 2032 2031
3 1972 1973 2033
3 1972 2033 2032
3 1973 1974 2034
3 1973 2034 2033
3 1974 1975 2035
3 1974 2035 2034
3 1975 1976 2036
3 1975 2036 2035
3 1976 1977 2037
3 1976 2037 2036
3 1977 1978 2038
3 1977 2038 2037
3 1978 1979 2039
3 1978 2039 2038
3 1979 1980 2040
3 1979 2040 2039
3 1980 1981 2041
3 1980 2041 2040
3 1981 1982 2042
3 1981 2042 2041
3 1982 1983 2043
3 1982 2043 2042
3 1983 1984 2044
3 1983 2044 2043
3 1984 1985 2045
3 1984 2045 2044
3 1985 1986 2046
3 1985 2046 2045
3 1986 1987 2047
3 1986 2047 2046
3 1987 1988 2048
3 1987 2048 2047
3 1988 1989 2049
3 1988 2049 2048
3 1989 96 97
3 1989 97 2049
3 32 1990 2050
3 32 2050 33
3 1990 1991 2051
3 1990 2051 2050
3 1991 1992 2052
3 1991 2052 2051
3 1992 1993 2053
3 1992 2053 2052
3 1993 1994 2054
3 1993 2054 2053
3 1994 1995 2055
3 1994 2055 2054
3 1995 1996 2056
3 1995 2056 2055
3 1996 1997 2057
3 1996 2057 2056
3 1997 1998 2058
3 1997 2058 2057
3 1998 1999 2059
3 1998 2059 2058
3 1999 2000 2060
3 1999 2060 2059
3 2000 2001 2061
3 2000 2061 2060
3 2001 2002 2062
3 2001 2062 2061
3 2002 2003 2063
3 2002 2063 2062
3 2003 2004 2064
3 2003 2064 2063
3 2004 2005 2065
3 2004 2065 2064
3 2005 2006 2066
3 2005 2066 2065
3 2006 2007 2067
3 2006 2067 2066
3 2007 2008 2068
3 2007 2068 2067
3 2008 2009 2069
3 2008 2069 2068
3 2009 2010 2070
3 2009 2070 2069
3 2010 2011 2071
3 2010 2071 2070
3 2011 2012 2072
3 2011 2072 2071
3 2012 2013 2073
3 2012 2073 2072
3 2013 2014 2074
3 2013 2074 2073
3 2014 2015 2075
3 2014 2075 2074
3 2015 2016 2076
3 2015 2076 2075
3 2016 2017 2077
3 2016 2077 2076
3 2017 2018 2078
3 2017 2078 2077
3 2018 2019 2079
3 2018 2079 2078
3 2019 2020 2080
3 2019 2080 2079
3 2020 2021 2081
3 2020 2081 2080
3 2021 2022 2082
3 2021 2082 2081
3 2022 2023 2083
3 2022 2083 2082
3 2023 2024 2084
3 2023 2084 2083
3 2024 2025 2085
3 2024 2085 2084
3 2025 2026 2086
3 2025 2086 2085
3 2026 2027 2087
3 2026 2087 2086
3 2027 2028 2088
3 2027 2088 2087
3 2028 2029 2089
3 2028 2089 2088
3 2029 2030 2090
3 2029 2090 2089
3 2030 2031 2091
3 2030 2091 2090
3 2031 2032 2092
3 2031 2092 2091
3 2032 2033 2093
3 2032 2093 2092
3 2033 2034 2094
3 2033 2094 2093
3 2034 2035 2095
3 2034 2095 2094
3 2035 2036 2096
3 2035 2096 2095
3 2036 2037 2097
3 2036 2097 2096
3 2037 2038 2098
3 2037 2098 2097
3 2038 2039 2099
3 2038 2099 2098
3 2039 2040 2100
3 2039 2100 2099
3 2040 2041 2101
3 2040 2101 2100
3 2041 2042 2102
3 2041 2102 2101
3 2042 2043 2103
3 2042 2103 2102
3 2043 2044 2104
3 2043 2104 2103
3 2044 2045 2105
3 2044 2105 2104
3 2045 2046 2106
3 2045 2106 2105
3 2046 2047 2107
3 2046 2107 2106
3 2047 2048 2108
3 2047 2108 2107
3 2048 2049 2109
3 2048 2109 2108
3 2049 97 98
3 2049 98 2109
3 33 2050 2110
3 33 2110 34
3 2050 2051 2111
3 2050 2111 2110
3 2051 2052 2112
3 2051 2112 2111
3 2052 2053 2113
3 2052 2113 2112
3 2053 2054 2114
3 2053 2114 2113
3 2054 2055 2115
3 2054 2115 2114
3 2055 2056 2116
3 2055 2116 2115
3 2056 2057 2117
3 2056 2117 2116
3 2057 2058 2118
3 2057 2118 2117
3 2058 2059 2119
3 2058 2119 2118
3 2059 2060 2120
3 2059 2120 2119
3 2060 2061 2121
3 2060 2121 2120
3 2061 2062 2122
3 2061 2122 2121
3 2062 2063 2123
3 2062 2123 2122
3 2063 2064 2124
3 2063 2124 2123
3 2064 2065 2125
3 2064 2125 2124
3 2065 2066 2126
3 2065 2126 2125
3 2066 2067 2127
3 2066 2127 2126
3 2067 2068 2128
3 2067 2128 2127
3 2068 2069 2129
3 2068 2129 2128
3 2069 2070 2130
3 2069 2130 2129
3 2070 2071 2131
3 2070 2131 2130
3 2071 2072 2132
3 2071 2132 2131
3 2072 2073 2133
3 2072 2133 2132
3 2073 2074 2134
3 2073 2134 2133
3 2074 2075 2135
3 2074 2135 2134
3 2075 2076 2136
3 2075 2136 2135
3 2076 2077 2137
3 2076 2137 2136
3 2077 2078 2138
3 2077 2138 2137
3 2078 2079 2139
3 2078 2139 2138
3 2079 2080 2140
3 2079 2140 2139
3 2080 2081 2141
3 2080 2141 2140
3 2081 2082 2142
3 2081 2142 2141
3 2082 2083 2143
3 2082 2143 2142
3 2083 2084 2144
3 2083 2144 2143
3 2084 2085 2145
3 2084 2145 2144
3 2085 2086 2146
3 2085 2146 2145
3 2086 2087 2147
3 2086 2147 2146
3 2087 2088 2148
3 2087 2148 2147
3 2088 2089 2149
3 2088 2149 2148
3 2089 2090 2150
3 2089 2150 2149
3 2090 2091 2151
3 2090 2151 2150
3 2091 2092 2152
3 2091 2152 2151
3 2092 2093 2153
3 2092 2153 2152
3 2093 2094 2154
3 2093 2154 2153
3 2094 2095 2155
3 2094 2155 2154
3 2095 2096 2156
3 2095 2156 2155
3 2096 2097 2157
3 2096 2157 2156
3 2097 2098 2158
3 2097 2158 2157
3 2098 2099 2159
3 2098 2159 2158
3 2099 2100 2160
3 2099 2160 2159
3 2100 2101 2161
3 2100 2161 2160
3 2101 2102 2162
3 2101 2162 2161
3 2102 2103 2163
3 2102 2163 2162
3 2103 2104 2164
3 2103 2164 2163
3 2104 2105 2165
3 2104 2165 2164
3 2105 2106 2166
3 2105 2166 2165
3 2106 2107 2167
3 2106 2167 2166
3 2107 2108 2168
3 2107 2168 2167
3 2108 2109 2169
3 2108 2169 2168
3 2109 98 99
3 2109 99 2169
3 34 2110 2170
3 34 2170 35
3 2110 2111 2171
3 2110 2171 2170
3 2111 2112 2172
3 2111 2172 2171
3 2112 2113 2173
3 2112 2173 2172
3 2113 2114 2174
3 2113 2174 2173
3 2114 2115 2175
3 2114 2175 2174
3 2115 2116 2176
3 2115 2176 2175
3 2116 2117 2177
3 2116 2177 2176
3 2117 2118 2178
3 2117 2178 2177
3 2118 2119 2179
3 2118 2179 2178
3 2119 2120 2180
3 2119 2180 2179
3 2120 2121 2181
3 2120 2181 2180
3 2121 2122 2182
3 2121 2182 2181
3 2122 2123 2183
3 2122 2183 2182
3 2123 2124 2184
3 2123 2184 2183
3 2124 2125 2185
3 2124 2185 2184
3 2125 2126 2186
3 2125 2186 2185
3 2126 2127 2187
3 2126 2187 2186
3 2127 2128 2188
3 2127 2188 2187
3 2128 2129 2189
3 2128 2189 2188
3 2129 2130 2190
3 2129 2190 2189
3 2130 2131 2191
3 2130 2191 2190
3 2131 2132 2192
3 2131 2192 2191
3 2132 2133 2193
3 2132 2193 2192
3 2133 2134 2194
3 2133 2194 2193
3 2134 2135 2195
3 2134 2195 2194
3 2135 2136 2196
3 2135 2196 2195
3 2136 2137 2197
3 2136 2197 2196
3 2137 2138 2198
3 2137 2198 2197
3 2138 2139 2199
3 2138 2199 2198
3 2139 2140 2200
3 2139 2200 2199
3 2140 2141 2201
3 2140 2201 2200
3 2141 2142 2202
3 2141 2202 2201
3 2142 2143 2203
3 2142 2203 2202
3 2143 2144 2204
3 2143 2204 2203
3 2144 2145 2205
3 2144 2205 2204
3 2145 2146 2206
3 2145 2206 2205
3 2146 2147 2207
3 2146 2207 2206
3 2147 2148 2208
3 2147 2208 2207
3 2148 2149 2209
3 2148 2209 2208
3 2149 2150 2210
3 2149 2210 2209
3 2150 2151 2211
3 2150 2211 2210
3 2151 2152 2212
3 2151 2212 2211
3 2152 2153 2213
3 2152 2213 2212
3 2153 2154 2214
3 2153 2214 2213
3 2154 2155 2215
3 2154 2215 2214
3 2155 2156 2216
3 2155 2216 2215
3 2156 2157 2217
3 2156 2217 2216
3 2157 2158 2218
3 2157 2218 2217
3 2158 2159 2219
3 2158 2219 2218
3 2159 2160 2220
3 2159 2220 2219
3 2160 2161 2221
3 2160 2221 2220
3 2161 2162 2222
3 2161 2222 2221
3 2162 2163 2223
3 2162 2223 2222
3 2163 2164 2224
3 2163 2224 2223
3 2164 2165 2225
3 2164 2225 2224
3 2165 2166 2226
3 2165 2226 2225
3 2166 2167 2227
3 2166 2227 2226
3 2167 2168 2228
3 2167 2228 2227
3 2168 2169 2229
3 2168 2229 2228
3 2169 99 100
3 2169 100 2229
3 35 2170 2230
3 35 2230 36
3 2170 2171 2231
3 2170 2231 2230
3 2171 2172 2232
3 2171 2232 2231
3 2172 2173 2233
3 2172 2233 2232
3 2173 2174 2234
3 2173 2234 2233
3 2174 2175 2235
3 2174 2235 2234
3 2175 2176 2236
3 2175 2236 2235
3 2176 2177 2237
3 2176 2237 2236
3 2177 2178 2238
3 2177 2238 2237
3 2178 2179 2239
3 2178 2239 2238
3 2179 2180 2240
3 2179 2240 2239
3 2180 2181 2241
3 2180 2241 2240
3 2181 2182 2242
3 2181 2242 2241
3 2182 2183 2243
3 2182 2243 2242
3 2183 2184 2244
3 2183 2244 2243
3 2184 2185 2245
3 2184 2245 2244
3 2185 2186 2246
3 2185 2246 2245
3 2186 2187 2247
3 2186 2247 2246
3 2187 2188 2248
3 2187 2248 2247
3 2188 2189 2249
3 2188 2249 2248
3 2189 2190 2250
3 2189 2250 2249
3 2190 2191 2251
3 2190 2251 2250
3 2191 2192 2252
3 2191 2252 2251
3 2192 2193 2253
3 2192 2253 2252
3 2193 2194 2254
3 2193 2254 2253
3 2194 2195 2255
3 2194 2255 2254
3 2195 2196 2256
3 2195 2256 2255
3 2196 2197 2257
3 2196 2257 2256
3 2197 2198 2258
3 2197 2258 2257
3 2198 2199 2259
3 2198 2259 2258
3 2199 2200 2260
3 2199 2260 2259
3 2200 2201 2261
3 2200 2261 2260
3 2201 2202 2262
3 2201 2262 2261
3 2202 2203 2263
3 2202 2263 2262
3 2203 2204 2264
3 2203 2264 2263
3 2204 2205 2265
3 2204 2265 2264
3 2205 2206 2266
3 2205 2266 2265
3 2206 2207 2267
3 2206 2267 2266
3 2207 2208 2268
3 2207 2268 2267
3 2208 2209 2269
3 2208 2269 2268
3 2209 2210 2270
3 2209 2270 2269
3 2210 2211 2271
3 2210 2271 2270
3 2211 2212 2272
3 2211 2272 2271
3 2212 2213 2273
3 2212 2273 2272
3 2213 2214 2274
3 2213 2274 2273
3 2214 2215 2275
3 2214 2275 2274
3 2215 2216 2276
3 2215 2276 2275
3 2216 2217 2277
3 2216 2277 2276
3 2217 2218 2278
3 2217 2278 2277
3 2218 2219 2279
3 2218 2279 2278
3 2219 2220 2280
3 2219 2280 2279
3 2220 2221 2281
3 2220 2281 2280
3 2221 2222 2282
3 2221 2282 2281
3 2222 2223 2283
3 2222 2283 2282
3 2223 2224 2284
3 2223 2284 2283
3 2224 2225 2285
3 2224 2285 2284
3 2225 2226 2286
3 2225 2286 2285
3 2226 2227 2287
3 2226 2287 2286
3 2227 2228 2288
3 2227 2288 2287
3 2228 2229 2289
3 2228 2289 2288
3 2229 100 101
3 2229 101 2289
3 36 2230 2290
3 36 2290 37
3 2230 2231 2291
3 2230 2291 2290
3 2231 2232 2292
3 2231 2292 2291
3 2232 2233 2293
3 2232 2293 2292
3 2233 2234 2294
3 2233 2294 2293
3 2234 2235 2295
3 2234 2295 2294
3 2235 2236 2296
3 2235 2296 2295
3 2236 2237 2297
3 2236 2297 2296
3 2237 2238 2298
3 2237 2298 2297
3 2238 2239 2299
3 2238 2299 2298
3 2239 2240 2300
3 2239 2300 2299
3 2240 2241 2301
3 2240 2301 2300
3 2241 2242 2302
3 2241 2302 2301
3 2242 2243 2303
3 2242 2303 2302
3 2243 2244 2304
3 2243 2304 2303
3 2244 2245 2305
3 2244 2305 2304
3 2245 2246 2306
3 2245 2306 2305
3 2246 2247 2307
3 2246 2307 2306
3 2247 2248 2308
3 2247 2308 2307
3 2248 2249 2309
3 2248 2309 2308
3 2249 2250 2310
3 2249 2310 2309
3 2250 2251 2311
3 2250 2311 2310
3 2251 2252 2312
3 2251 2312 2311
3 2252 2253 2313
3 2252 2313 2312
3 2253 2254 2314
3 2253 2314 2313
3 2254 2255 2315
3 2254 2315 2314
3 2255 2256 2316
3 2255 2316 2315
3 2256 2257 2317
3 2256 2317 2316
3 2257 2258 2318
3 2257 2318 2317
3 2258 2259 2319
3 2258 2319 2318
3 2259 2260 2320
3 2259 2320 2319
3 2260 2261 2321
3 2260 2321 2320
3 2261 2262 2322
3 2261 2322 2321
3 2262 2263 2323
3 2262 2323 2322
3 2263 2264 2324
3 2263 2324 2323
3 2264 2265 2325
3 2264 2325 2324
3 2265 2266 2326
3 2265 2326 2325
3 2266 2267 2327
3 2266 2327 2326
3 2267 2268 2328
3 2267 2328 2327
3 2268 2269 2329
3 2268 2329 2328
3 2269 2270 2330
3 2269 2330 2329
3 2270 2271 2331
3 2270 2331 2330
3 2271 2272 2332
3 2271 2332 2331
3 2272 2273 2333
3 2272 2333 2332
3 2273 2274 2334
3 2273 2334 2333
3 2274 2275 2335
3 2274 2335 2334
3 2275 2276 2336
3 2275 2336 2335
3 2276 2277 2337
3 2276 2337 2336
3 2277 2278 2338
3 2277 2338 2337
3 2278 2279 2339
3 2278 2339 2338
3 2279 2280 2340
3 2279 2340 2339
3 2280 2281 2341
3 2280 2341 2340
3 2281 2282 2342
3 2281 2342 2341
3 2282 2283 2343
3 2282 2343 2342
3 2283 2284 2344
3 2283 2344 2343
3 2284 2285 2345
3 2284 2345 2344
3 2285 2286 2346
3 2285 2346 2345
3 2286 2287 2347
3 2286 2347 2346
3 2287 2288 2348
3 2287 2348 2347
3 2288 2289 2349
3 2288 2349 2348
3 2289 101 102
3 2289 102 2349
3 37 2290 2350
3 37 2350 38
3 2290 2291 2351
3 2290 2351 2350
3 2291 2292 2352
3 2291 2352 2351
3 2292 2293 2353
3 2292 2353 2352
3 2293 2294 2354
3 2293 2354 2353
3 2294 2295 2355
3 2294 2355 2354
3 2295 2296 2356
3 2295 2356 2355
3 2296 2297 2357
3 2296 2357 2356
3 2297 2298 2358
3 2297 2358 2357
3 2298 2299 2359
3 2298 2359 2358
3 2299 2300 2360
3 2299 2360 2359
3 2300 2301 2361
3 2300 2361 2360
3 2301 2302 2362
3 2301 2362 2361
3 2302 2303 2363
3 2302 2363 2362
3 2303 2304 2364
3 2303 2364 2363
3 2304 2305 2365
3 2304 2365 2364
3 2305 2306 2366
3 2305 2366 2365
3 2306 2307 2367
3 2306 2367 2366
3 2307 2308 2368
3 2307 2368 2367
3 2308 2309 2369
3 2308 2369 2368
3 2309 2310 2370
3 2309 2370 2369
3 2310 2311 2371
3 2310 2371 2370
3 2311 2312 2372
3 2311 2372 2371
3 2312 2313 2373
3 2312 2373 2372
3 2313 2314 2374
3 2313 2374 2373
3 2314 2315 2375
3 2314 2375 2374
3 2315 2316 2376
3 2315 2376 2375
3 2316 2317 2377
3 2316 2377 2376
3 2317 2318 2378
3 2317 2378 2377
3 2318 2319 2379
3 2318 2379 2378
3 2319 2320 2380
3 2319 2380 2379
3 2320 2321 2381
3 2320 2381 2380
3 2321 2322 2382
3 2321 2382 2381
3 2322 2323 2383
3 2322 2383 2382
3 2323 2324 2384
3 2323 2384 2383
3 2324 2325 2385
3 2324 2385 2384
3 2325 2326 2386
3 2325 2386 2385
3 2326 2327 2387
3 2326 2387 2386
3 2327 2328 2388
3 2327 2388 2387
3 2328 2329 2389
3 2328 2389 2388
3 2329 2330 2390
3 2329 2390 2389
3 2330 2331 2391
3 2330 2391 2390
3 2331 2332 2392
3 2331 2392 2391
3 2332 2333 2393
3 2332 2393 2392
3 2333 2334 2394
3 2333 2394 2393
3 2334 2335 2395
3 2334 2395 2394
3 2335 2336 2396
3 2335 2396 2395
3 2336 2337 2397
3 2336 2397 2396
3 2337 2338 2398
3 2337 2398 2397
3 2338 2339 2399
3 2338 2399 2398
3 2339 2340 2400
3 2339 2400 2399
3 2340 2341 2401
3 2340 2401 2400
3 2341 2342 2402
3 2341 2402 2401
3 2342 2343 2403
3 2342 2403 2402
3 2343 2344 2404
3 2343 2404 2403
3 2344 2345 2405
3 2344 2405 2404
3 2345 2346 2406
3 2345 2406 2405
3 2346 2347 2407
3 2346 2407 2406
3 2347 2348 2408
3 2347 2408 2407
3 2348 2349 2409
3 2348 2409 2408
3 2349 102 103
3 2349 103 2409
3 38 2350 2410
3 38 2410 39
3 2350 2351 2411
3 2350 2411 2410
3 2351 2352 2412
3 2351 2412 2411
3 2352 2353 2413
3 2352 2413 2412
3 2353 2354 2414
3 2353 2414 2413
3 2354 2355 2415
3 2354 2415 2414
3 2355 2356 2416
3 2355 2416 2415
3 2356 2357 2417
3 2356 2417 2416
3 2357 2358 2418
3 2357 2418 2417
3 2358 2359 2419
3 2358 2419 2418
3 2359 2360 2420
3 2359 2420 2419
3 2360 2361 2421
3 2360 2421 2420
3 2361 2362 2422
3 2361 2422 2421
3 2362 2363 2423
3 2362 2423 2422
3 2363 2364 2424
3 2363 2424 2423
3 2364 2365 2425
3 2364 2425 2424
3 2365 2366 2426
3 2365 2426 2425
3 2366 2367 2427
3 2366 2427 2426
3 2367 2368 2428
3 2367 2428 2427
3 2368 2369 2429
3 2368 2429 2428
3 2369 2370 2430
3 2369 2430 2429
3 2370 2371 2431
3 2370 2431 2430
3 2371 2372 2432
3 2371 2432 2431
3 2372 2373 2433
3 2372 2433 2432
3 2373 2374 2434
3 2373 2434 2433
3 2374 2375 2435
3 2374 2435 2434
3 2375 2376 2436
3 2375 2436 2435
3 2376 2377 2437
3 2376 2437 2436
3 2377 2378 2438
3 2377 2438 2437
3 2378 2379 2439
3 2378 2439 2438
3 2379 2380 2440
3 2379 2440 2439
3 2380 2381 2441
3 2380 2441 2440
3 2381 2382 2442
3 2381 2442 2441
3 2382 2383 2443
3 2382 2443 2442
3 2383 2384 2444
3 2383 2444 2443
3 2384 2385 2445
3 2384 2445 2444
3 2385 2386 2446
3 2385 2446 2445
3 2386 2387 2447
3 2386 2447 2446
3 2387 2388 2448
3 2387 2448 2447
3 2388 2389 2449
3 2388 2449 2448
3 2389 2390 2450
3 2389 2450 2449
3 2390 2391 2451
3 2390 2451 2450
3 2391 2392 2452
3 2391 2452 2451
3 2392 2393 2453
3 2392 2453 2452
3 2393 2394 2454
3 2393 2454 2453
3 2394 2395 2455
3 2394 2455 2454
3 2395 2396 2456
3 2395 2456 2455
3 2396 2397 2457
3 2396 2457 2456
3 2397 2398 2458
3 2397 2458 2457
3 2398 2399 2459
3 2398 2459 2458
3 2399 2400 2460
3 2399 2460 2459
3 2400 2401 2461
3 2400 2461 2460
3 2401 2402 2462
3 2401 2462 2461
3 2402 2403 2463
3 2402 2463 2462
3 2403 2404 2464
3 2403 2464 2463
3 2404 2405 2465
3 2404 2465 2464
3 2405 2406 2466
3 2405 2466 2465
3 2406 2407 2467
3 2406 2467 2466
3 2407 2408 2468
3 2407 2468 2467
3 2408 2409 2469
3 2408 2469 2468
3 2409 103 104
3 2409 104 2469
3 39 2410 2470
3 39 2470 40
3 2410 2411 2471
3 2410 2471 2470
3 2411 2412 2472
3 2411 2472 2471
3 2412 2413 2473
3 2412 2473 2472
3 2413 2414 2474
3 2413 2474 2473
3 2414 2415 2475
3 2414 2475 2474
3 2415 2416 2476
3 2415 2476 2475
3 2416 2417 2477
3 2416 2477 2476
3 2417 2418 2478
3 2417 2478 2477
3 2418 2419 2479
3 2418 2479 2478
3 2419 2420 2480
3 2419 2480 2479
3 2420 2421 2481
3 2420 2481 2480
3 2421 2422 2482
3 2421 2482 2481
3 2422 2423 2483
3 2422 2483 2482
3 2423 2424 2484
3 2423 2484 2483
3 2424 2425 2485
3 2424 2485 2484
3 2425 2426 2486
3 2425 2486 2485
3 2426 2427 2487
3 2426 2487 2486
3 2427 2428 2488
3 2427 2488 2487
3 2428 2429 2489
3 2428 2489 2488
3 2429 2430 2490
3 2429 2490 2489
3 2430 2431 2491
3 2430 2491 2490
3 2431 2432 2492
3 2431 2492 2491
3 2432 2433 2493
3 2432 2493 2492
3 2433 2434 2494
3 2433 2494 2493
3 2434 2435 2495
3 2434 2495 2494
3 2435 2436 2496
3 2435 2496 2495
3 2436 2437 2497
3 2436 2497 2496
3 2437 2438 2498
3 2437 2498 2497
3 2438 2439 2499
3 2438 2499 2498
3 2439 2440 2500
3 2439 2500 2499
3 2440 2441 2501
3 2440 2501 2500
3 2441 2442 2502
3 2441 2502 2501
3 2442 2443 2503
3 2442 2503 2502
3 2443 2444 2504
3 2443 2504 2503
3 2444 2445 2505
3 2444 2505 2504
3 2445 2446 2506
3 2445 2506 2505
3 2446 2447 2507
3 2446 2507 2506
3 2447 2448 2508
3 2447 2508 2507
3 2448 2449 2509
3 2448 2509 2508
3 2449 2450 2510
3 2449 2510 2509
3 2450 2451 2511
3 2450 2511 2510
3 2451 2452 2512
3 2451 2512 2511
3 2452 2453 2513
3 2452 2513 2512
3 2453 2454 2514
3 2453 2514 2513
3 2454 2455 2515
3 2454 2515 2514
3 2455 2456 2516
3 2455 2516 2515
3 2456 2457 2517
3 2456 2517 2516
3 2457 2458 2518
3 2457 2518 2517
3 2458 2459 2519
3 2458 2519 2518
3 2459 2460 2520
3 2459 2520 2519
3 2460 2461 2521
3 2460 2521 2520
3 2461 2462 2522
3 2461 2522 2521
3 2462 2463 2523
3 2462 2523 2522
3 2463 2464 2524
3 2463 2524 2523
3 2464 2465 2525
3 2464 2525 2524
3 2465 2466 2526
3 2465 2526 2525
3 2466 2467 2527
3 2466 2527 2526
3 2467 2468 2528
3 2467 2528 2527
3 2468 2469 2529
3 2468 2529 2528
3 2469 104 105
3 2469 105 2529
3 40 2470 2530
3 40 2530 41
3 2470 2471 2531
3 2470 2531 2530
3 2471 2472 2532
3 2471 2532 2531
3 2472 2473 2533
3 2472 2533 2532
3 2473 2474 2534
3 2473 2534 2533
3 2474 2475 2535
3 2474 2535 2534
3 2475 2476 2536
3 2475 2536 2535
3 2476 2477 2537
3 2476 2537 2536
3 2477 2478 2538
3 2477 2538 2537
3 2478 2479 2539
3 2478 2539 2538
3 2479 2480 2540
3 2479 2540 2539
3 2480 2481 2541
3 2480 2541 2540
3 2481 2482 2542
3 2481 2542 2541
3 2482 2483 2543
3 2482 2543 2542
3 2483 2484 2544
3 2483 2544 2543
3 2484 2485 2545
3 2484 2545 2544
3 2485 2486 2546
3 2485 2546 2545
3 2486 2487 2547
3 2486 2547 2546
3 2487 2488 2548
3 2487 2548 2547
3 2488 2489 2549
3 2488 2549 2548
3 2489 2490 2550
3 2489 2550 2549
3 2490 2491 2551
3 2490 2551 2550
3 2491 2492 2552
3 2491 2552 2551
3 2492 2493 2553
3 2492 2553 2552
3 2493 2494 2554
3 2493 2554 2553
3 2494 2495 2555
3 2494 2555 2554
3 2495 2496 2556
3 2495 2556 2555
3 2496 2497 2557
3 2496 2557 2556
3 2497 2498 2558
3 2497 2558 2557
3 2498 2499 2559
3 2498 2559 2558
3 2499 2500 2560
3 2499 2560 2559
3 2500 2501 2561
3 2500 2561 2560
3 2501 2502 2562
3 2501 2562 2561
3 2502 2503 2563
3 2502 2563 2562
3 2503 2504 2564
3 2503 2564 2563
3 2504 2505 2565
3 2504 2565 2564
3 2505 2506 2566
3 2505 2566 2565
3 2506 2507 2567
3 2506 2567 2566
3 2507 2508 2568
3 2507 2568 2567
3 2508 2509 2569
3 2508 2569 2568
3 2509 2510 2570
3 2509 2570 2569
3 2510 2511 2571
3 2510 2571 2570
3 2511 2512 2572
3 2511 2572 2571
3 2512 2513 2573
3 2512 2573 2572
3 2513 2514 2574
3 2513 2574 2573
3 2514 2515 2575
3 2514 2575 2574
3 2515 2516 2576
3 2515 2576 2575
3 2516 2517 2577
3 2516 2577 2576
3 2517 2518 2578
3 2517 2578 2577
3 2518 2519 2579
3 2518 2579 2578
3 2519 2520 2580
3 2519 2580 2579
3 2520 2521 2581
3 2520 2581 2580
3 2521 2522 2582
3 2521 2582 2581
3 2522 2523 2583
3 2522 2583 2582
3 2523 2524 2584
3 2523 2584 2583
3 2524 2525 2585
3 2524 2585 2584
3 2525 2526 2586
3 2525 2586 2585
3 2526 2527 2587
3 2526 2587 2586
3 2527 2528 2588
3 2527 2588 2587
3 2528 2529 2589
3 2528 2589 2588
3 2529 105 106
3 2529 106 2589
3 41 2530 2590
3 41 2590 42
3 2530 2531 2591
3 2530 2591 2590
3 2531 2532 2592
3 2531 2592 2591
3 2532 2533 2593
3 2532 2593 2592
3 2533 2534 2594
3 2533 2594 2593
3 2534 2535 2595
3 2534 2595 2594
3 2535 2536 2596
3 2535 2596 2595
3 2536 2537 2597
3 2536 2597 2596
3 2537 2538 2598
3 2537 2598 2597
3 2538 2539 2599
3 2538 2599 2598
3 2539 2540 2600
3 2539 2600 2599
3 2540 2541 2601
3 2540 2601 2600
3 2541 2542 2602
3 2541 2602 2601
3 2542 2543 2603
3 2542 2603 2602
3 2543 2544 2604
3 2543 2604 2603
3 2544 2545 2605
3 2544 2605 2604
3 2545 2546 2606
3 2545 2606 2605
3 2546 2547 2607
3 2546 2607 2606
3 2547 2548 2608
3 2547 2608 2607
3 2548 2549 2609
3 2548 2609 2608
3 2549 2550 2610
3 2549 2610 2609
3 2550 2551 2611
3 2550 2611 2610
3 2551 2552 2612
3 2551 2612 2611
3 2552 2553 2613
3 2552 2613 2612
3 2553 2554 2614
3 2553 2614 2613
3 2554 2555 2615
3 2554 2615 2614
3 2555 2556 2616
3 2555 2616 2615
3 2556 2557 2617
3 2556 2617 2616
3 2557 2558 2618
3 2557 2618 2617
3 2558 2559 2619
3 2558 2619 2618
3 2559 2560 2620
3 2559 2620 2619
3 2560 2561 2621
3 2560 2621 2620
3 2561 2562 2622
3 2561 2622 2621
3 2562 2563 2623
3 2562 2623 2622
3 2563 2564 2624
3 2563 2624 2623
3 2564 2565 2625
3 2564 2625 2624
3 2565 2566 2626
3 2565 2626 2625
3 2566 2567 2627
3 2566 2627 2626
3 2567 2568 2628
3 2567 2628 2627
3 2568 2569 2629
3 2568 2629 2628
3 2569 2570 2630
3 2569 2630 2629
3 2570 2571 2631
3 2570 2631 2630
3 2571 2572 2632
3 2571 2632 2631
3 2572 2573 2633
3 2572 2633 2632
3 2573 2574 2634
3 2573 2634 2633
3 2574 2575 2635
3 2574 2635 2634
3 2575 2576 2636
3 2575 2636 2635
3 2576 2577 2637
3 2576 2637 2636
3 2577 2578 2638
3 2577 2638 2637
3 2578 2579 2639
3 2578 2639 2638
3 2579 2580 2640
3 2579 2640 2639
3 2580 2581 2641
3 2580 2641 2640
3 2581 2582 2642
3 2581 2642 2641
3 2582 2583 2643
3 2582 2643 2642
3 2583 2584 2644
3 2583 2644 2643
3 2584 2585 2645
3 2584 2645 2644
3 2585 2586 2646
3 2585 2646 2645
3 2586 2587 2647
3 2586 2647 2646
3 2587 2588 2648
3 2587 2648 2647
3 2588 2589 2649
3 2588 2649 2648
3 2589 106 107
3 2589 107 2649
3 42 2590 2650
3 42 2650 43
3 2590 2591 2651
3 2590 2651 2650
3 2591 2592 2652
3 2591 2652 2651
3 2592 2593 2653
3 2592 2653 2652
3 2593 2594 2654
3 2593 2654 2653
3 2594 2595 2655
3 2594 2655 2654
3 2595 2596 2656
3 2595 2656 2655
3 2596 2597 2657
3 2596 2657 2656
3 2597 2598 2658
3 2597 2658 2657
3 2598 2599 2659
3 2598 2659 2658
3 2599 2600 2660
3 2599 2660 2659
3 2600 2601 2661
3 2600 2661 2660
3 2601 2602 2662
3 2601 2662 2661
3 2602 2603 2663
3 2602 2663 2662
3 2603 2604 2664
3 2603 2664 2663
3 2604 2605 2665
3 2604 2665 2664
3 2605 2606 2666
3 2605 2666 2665
3 2606 2607 2667
3 2606 2667 2666
3 2607 2608 2668
3 2607 2668 2667
3 2608 2609 2669
3 2608 2669 2668
3 2609 2610 2670
3 2609 2670 2669
3 2610 2611 2671
3 2610 2671 2670
3 2611 2612 2672
3 2611 2672 2671
3 2612 2613 2673
3 2612 2673 2672
3 2613 2614 2674
3 2613 2674 2673
3 2614 2615 2675
3 2614 2675 2674
3 2615 2616 2676
3 2615 2676 2675
3 2616 2617 2677
3 2616 2677 2676
3 2617 2618 2678
3 2617 2678 2677
3 2618 2619 2679
3 2618 2679 2678
3 2619 2620 2680
3 2619 2680 2679
3 2620 2621 2681
3 2620 2681 2680
3 2621 2622 2682
3 2621 2682 2681
3 2622 2623 2683
3 2622 2683 2682
3 2623 2624 2684
3 2623 2684 2683
3 2624 2625 2685
3 2624 2685 2684
3 2625 2626 2686
3 2625 2686 2685
3 2626 2627 2687
3 2626 2687 2686
3 2627 2628 2688
3 2627 2688 2687
3 2628 2629 2689
3 2628 2689 2688
3 2629 2630 2690
3 2629 2690 2689
3 2630 2631 2691
3 2630 2691 2690
3 2631 2632 2692
3 2631 2692 2691
3 2632 2633 2693
3 2632 2693 2692
3 2633 2634 2694
3 2633 2694 2693
3 2634 2635 2695
3 2634 2695 2694
3 2635 2636 2696
3 2635 2696 2695
3 2636 2637 2697
3 2636 2697 2696
3 2637 2638 2698
3 2637 2698 2697
3 2638 2639 2699
3 2638 2699 2698
3 2639 2640 2700
3 2639 2700 2699
3 2640 2641 2701
3 2640 2701 2700
3 2641 2642 2702
3 2641 2702 2701
3 2642 2643 2703
3 2642 2703 2702
3 2643 2644 2704
3 2643 2704 2703
3 2644 2645 2705
3 2644 2705 2704
3 2645 2646 2706
3 2645 2706 2705
3 2646 2647 2707
3 2646 2707 2706
3 2647 2648 2708
3 2647 2708 2707
3 2648 2649 2709
3 2648 2709 2708
3 2649 107 108
3 2649 108 2709
3 43 2650 2710
3 43 2710 44
3 2650 2651 2711
3 2650 2711 2710
3 2651 2652 2712
3 2651 2712 2711
3 2652 2653 2713
3 2652 2713 2712
3 2653 2654 2714
3 2653 2714 2713
3 2654 2655 2715
3 2654 2715 2714
3 2655 2656 2716
3 2655 2716 2715
3 2656 2657 2717
3 2656 2717 2716
3 2657 2658 2718
3 2657 2718 2717
3 2658 2659 2719
3 2658 2719 2718
3 2659 2660 2720
3 2659 2720 2719
3 2660 2661 2721
3 2660 2721 2720
3 2661 2662 2722
3 2661 2722 2721
3 2662 2663 2723
3 2662 2723 2722
3 2663 2664 2724
3 2663 2724 2723
3 2664 2665 2725
3 2664 2725 2724
3 2665 2666 2726
3 2665 2726 2725
3 2666 2667 2727
3 2666 2727 2726
3 2667 2668 2728
3 2667 2728 2727
3 2668 2669 2729
3 2668 2729 2728
3 2669 2670 2730
3 2669 2730 2729
3 2670 2671 2731
3 2670 2731 2730
3 2671 2672 2732
3 2671 2732 2731
3 2672 2673 2733
3 2672 2733 2732
3 2673 2674 2734
3 2673 2734 2733
3 2674 2675 2735
3 2674 2735 2734
3 2675 2676 2736
3 2675 2736 2735
3 2676 2677 2737
3 2676 2737 2736
3 2677 2678 2738
3 2677 2738 2737
3 2678 2679 2739
3 2678 2739 2738
3 2679 2680 2740
3 2679 2740 2739
3 2680 2681 2741
3 2680 2741 2740
3 2681 2682 2742
3 2681 2742 2741
3 2682 2683 2743
3 2682 2743 2742
3 2683 2684 2744
3 2683 2744 2743
3 2684 2685 2745
3 2684 2745 2744
3 2685 2686 2746
3 2685 2746 2745
3 2686 2687 2747
3 2686 2747 2746
3 2687 2688 2748
3 2687 2748 2747
3 2688 2689 2749
3 2688 2749 2748
3 2689 2690 2750
3 2689 2750 2749
3 2690 2691 2751
3 2690 2751 2750
3 2691 2692 2752
3 2691 2752 2751
3 2692 2693 2753
3 2692 2753 2752
3 2693 2694 2754
3 2693 2754 2753
3 2694 2695 2755
3 2694 2755 2754
3 2695 2696 2756
3 2695 2756 2755
3 2696 2697 2757
3 2696 2757 2756
3 2697 2698 2758
3 2697 2758 2757
3 2698 2699 2759
3 2698 2759 2758
3 2699 2700 2760
3 2699 2760 2759
3 2700 2701 2761
3 2700 2761 2760
3 2701 2702 2762
3 2701 2762 2761
3 2702 2703 2763
3 2702 2763 2762
3 2703 2704 2764
3 2703 2764 2763
3 2704 2705 2765
3 2704 2765 2764
3 2705 2706 2766
3 2705 2766 2765
3 2706 2707 2767
3 2706 2767 2766
3 2707 2708 2768
3 2707 2768 2767
3 2708 2709 2769
3 2708 2769 2768
3 2709 108 109
3 2709 109 2769
3 44 2710 2770
3 44 2770 45
3 2710 2711 2771
3 2710 2771 2770
3 2711 2712 2772
3 2711 2772 2771
3 2712 2713 2773
3 2712 2773 2772
3 2713 2714 2774
3 2713 2774 2773
3 2714 2715 2775
3 2714 2775 2774
3 2715 2716 2776
3 2715 2776 2775
3 2716 2717 2777
3 2716 2777 2776
3 2717 2718 2778
3 2717 2778 2777
3 2718 2719 2779
3 2718 2779 2778
3 2719 2720 2780
3 2719 2780 2779
3 2720 2721 2781
3 2720 2781 2780
3 2721 2722 2782
3 2721 2782 2781
3 2722 2723 2783
3 2722 2783 2782
3 2723 2724 2784
3 2723 2784 2783
3 2724 2725 2785
3 2724 2785 2784
3 2725 2726 2786
3 2725 2786 2785
3 2726 2727 2787
3 2726 2787 2786
3 2727 2728 2788
3 2727 2788 2787
3 2728 2729 2789
3 2728 2789 2788
3 2729 2730 2790
3 2729 2790 2789
3 2730 2731 2791
3 2730 2791 2790
3 2731 2732 2792
3 2731 2792 2791
3 2732 2733 2793
3 2732 2793 2792
3 2733 2734 2794
3 2733 2794 2793
3 2734 2735 2795
3 2734 2795 2794
3 2735 2736 2796
3 2735 2796 2795
3 2736 2737 2797
3 2736 2797 2796
3 2737 2738 2798
3 2737 2798 2797
3 2738 2739 2799
3 2738 2799 2798
3 2739 2740 2800
3 2739 2800 2799
3 2740 2741 2801
3 2740 2801 2800
3 2741 2742 2802
3 2741 2802 2801
3 2742 2743 2803
3 2742 2803 2802
3 2743 2744 2804
3 2743 2804 2803
3 2744 2745 2805
3 2744 2805 2804
3 2745 2746 2806
3 2745 2806 2805
3 2746 2747 2807
3 2746 2807 2806
3 2747 2748 2808
3 2747 2808 2807
3 2748 2749 2809
3 2748 2809 2808
3 2749 2750 2810
3 2749 2810 2809
3 2750 2751 2811
3 2750 2811 2810
3 2751 2752 2812
3 2751 2812 2811
3 2752 2753 2813
3 2752 2813 2812
3 2753 2754 2814
3 2753 2814 2813
3 2754 2755 2815
3 2754 2815 2814
3 2755 2756 2816
3 2755 2816 2815
3 2756 2757 2817
3 2756 2817 2816
3 2757 2758 2818
3 2757 2818 2817
3 2758 2759 2819
3 2758 2819 2818
3 2759 2760 2820
3 2759 2820 2819
3 2760 2761 2821
3 2760 2821 2820
3 2761 2762 2822
3 2761 2822 2821
3 2762 2763 2823
3 2762 2823 2822
3 2763 2764 2824
3 2763 2824 2823
3 2764 2765 2825
3 2764 2825 2824
3 2765 2766 2826
3 2765 2826 2825
3 2766 2767 2827
3 2766 2827 2826
3 2767 2768 2828
3 2767 2828 2827
3 2768 2769 2829
3 2768 2829 2828
3 2769 109 110
3 2769 110 2829
3 45 2770 2830
3 45 2830 46
3 2770 2771 2831
3 2770 2831 2830
3 2771 2772 2832
3 2771 2832 2831
3 2772 2773 2833
3 2772 2833 2832
3 2773 2774 2834
3 2773 2834 2833
3 2774 2775 2835
3 2774 2835 2834
3 2775 2776 2836
3 2775 2836 2835
3 2776 2777 2837
3 2776 2837 2836
3 2777 2778 2838
3 2777 2838 2837
3 2778 2779 2839
3 2778 2839 2838
3 2779 2780 2840
3 2779 2840 2839
3 2780 2781 2841
3 2780 2841 2840
3 2781 2782 2842
3 2781 2842 2841
3 2782 2783 2843
3 2782 2843 2842
3 2783 2784 2844
3 2783 2844 2843
3 2784 2785 2845
3 2784 2845 2844
3 2785 2786 2846
3 2785 2846 2845
3 2786 2787 2847
3 2786 2847 2846
3 2787 2788 2848
3 2787 2848 2847
3 2788 2789 2849
3 2788 2849 2848
3 2789 2790 2850
3 2789 2850 2849
3 2790 2791 2851
3 2790 2851 2850
3 2791 2792 2852
3 2791 2852 2851
3 2792 2793 2853
3 2792 2853 2852
3 2793 2794 2854
3 2793 2854 2853
3 2794 2795 2855
3 2794 2855 2854
3 2795 2796 2856
3 2795 2856 2855
3 2796 2797 2857
3 2796 2857 2856
3 2797 2798 2858
3 2797 2858 2857
3 2798 2799 2859
3 2798 2859 2858
3 2799 2800 2860
3 2799 2860 2859
3 2800 2801 2861
3 2800 2861 2860
3 2801 2802 2862
3 2801 2862 2861
3 2802 2803 2863
3 2802 2863 2862
3 2803 2804 2864
3 2803 2864 2863
3 2804 2805 2865
3 2804 2865 2864
3 2805 2806 2866
3 2805 2866 2865
3 2806 2807 2867
3 2806 2867 2866
3 2807 2808 2868
3 2807 2868 2867
3 2808 2809 2869
3 2808 2869 2868
3 2809 2810 2870
3 2809 2870 2869
3 2810 2811 2871
3 2810 2871 2870
3 2811 2812 2872
3 2811 2872 2871
3 2812 2813 2873
3 2812 2873 2872
3 2813 2814 2874
3 2813 2874 2873
3 2814 2815 2875
3 2814 2875 2874
3 2815 2816 2876
3 2815 2876 2875
3 2816 2817 2877
3 2816 2877 2876
3 2817 2818 2878
3 2817 2878 2877
3 2818 2819 2879
3 2818 2879 2878
3 2819 2820 2880
3 2819 2880 2879
3 2820 2821 2881
3 2820 2881 2880
3 2821 2822 2882
3 2821 2882 2881
3 2822 2823 2883
3 2822 2883 2882
3 2823 2824 2884
3 2823 2884 2883
3 2824 2825 2885
3 2824 2885 2884
3 2825 2826 2886
3 2825 2886 2885
3 2826 2827 2887
3 2826 2887 2886
3 2827 2828 2888
3 2827 2888 2887
3 2828 2829 2889
3 2828 2889 2888
3 2829 110 111
3 2829 111 2889
3 46 2830 2890
3 46 2890 47
3 2830 2831 2891
3 2830 2891 2890
3 2831 2832 2892
3 2831 2892 2891
3 2832 2833 2893
3 2832 2893 2892
3 2833 2834 2894
3 2833 2894 2893
3 2834 2835 2895
3 2834 2895 2894
3 2835 2836 2896
3 2835 2896 2895
3 2836 2837 2897
3 2836 2897 2896
3 2837 2838 2898
3 2837 2898 2897
3 2838 2839 2899
3 2838 2899 2898
3 2839 2840 2900
3 2839 2900 2899
3 2840 2841 2901
3 2840 2901 2900
3 2841 2842 2902
3 2841 2902 2901
3 2842 2843 2903
3 2842 2903 2902
3 2843 2844 2904
3 2843 2904 2903
3 2844 2845 2905
3 2844 2905 2904
3 2845 2846 2906
3 2845 2906 2905
3 2846 2847 2907
3 2846 2907 2906
3 2847 2848 2908
3 2847 2908 2907
3 2848 2849 2909
3 2848 2909 2908
3 2849 2850 2910
3 2849 2910 2909
3 2850 2851 2911
3 2850 2911 2910
3 2851 2852 2912
3 2851 2912 2911
3 2852 2853 2913
3 2852 2913 2912
3 2853 2854 2914
3 2853 2914 2913
3 2854 2855 2915
3 2854 2915 2914
3 2855 2856 2916
3 2855 2916 2915
3 2856 2857 2917
3 2856 2917 2916
3 2857 2858 2918
3 2857 2918 2917
3 2858 2859 2919
3 2858 2919 2918
3 2859 2860 2920
3 2859 2920 2919
3 2860 2861 2921
3 2860 2921 2920
3 2861 2862 2922
3 2861 2922 2921
3 2862 2863 2923
3 2862 2923 2922
3 2863 2864 2924
3 2863 2924 2923
3 2864 2865 2925
3 2864 2925 2924
3 2865 2866 2926
3 2865 2926 2925
3 2866 2867 2927
3 2866 2927 2926
3 2867 2868 2928
3 2867 2928 2927
3 2868 2869 2929
3 2868 2929 2928
3 2869 2870 2930
3 2869 2930 2929
3 2870 2871 2931
3 2870 2931 2930
3 2871 2872 2932
3 2871 2932 2931
3 2872 2873 2933
3 2872 2933 2932
3 2873 2874 2934
3 2873 2934 2933
3 2874 2875 2935
3 2874 2935 2934
3 2875 2876 2936
3 2875 2936 2935
3 2876 2877 2937
3 2876 2937 2936
3 2877 2878 2938
3 2877 2938 2937
3 2878 2879 2939
3 2878 2939 2938
3 2879 2880 2940
3 2879 2940 2939
3 2880 2881 2941
3 2880 2941 2940
3 2881 2882 2942
3 2881 2942 2941
3 2882 2883 2943
3 2882 2943 2942
3 2883 2884 2944
3 2883 2944 2943
3 2884 2885 2945
3 2884 2945 2944
3 2885 2886 2946
3 2885 2946 2945
3 2886 2887 2947
3 2886 2947 2946
3 2887 2888 2948
3 2887 2948 2947
3 2888 2889 2949
3 2888 2949 2948
3 2889 111 112
3 2889 112 2949
3 47 2890 2950
3 47 2950 48
3 2890 2891 2951
3 2890 2951 2950
3 2891 2892 2952
3 2891 2952 2951
3 2892 2893 2953
3 2892 2953 2952
3 2893 2894 2954
3 2893 2954 2953
3 2894 2895 2955
3 2894 2955 2954
3 2895 2896 2956
3 2895 2956 2955
3 2896 2897 2957
3 2896 2957 2956
3 2897 2898 2958
3 2897 2958 2957
3 2898 2899 2959
3 2898 2959 2958
3 2899 2900 2960
3 2899 2960 2959
3 2900 2901 2961
3 2900 2961 2960
3 2901 2902 2962
3 2901 2962 2961
3 2902 2903 2963
3 2902 2963 2962
3 2903 2904 2964
3 2903 2964 2963
3 2904 2905 2965
3 2904 2965 2964
3 2905 2906 2966
3 2905 2966 2965
3 2906 2907 2967
3 2906 2967 2966
3 2907 2908 2968
3 2907 2968 2967
3 2908 2909 2969
3 2908 2969 2968
3 2909 2910 2970
3 2909 2970 2969
3 2910 2911 2971
3 2910 2971 2970
3 2911 2912 2972
3 2911 2972 2971
3 2912 2913 2973
3 2912 2973 2972
3 2913 2914 2974
3 2913 2974 2973
3 2914 2915 2975
3 2914 2975 2974
3 2915 2916 2976
3 2915 2976 2975
3 2916 2917 2977
3 2916 2977 2976
3 2917 2918 2978
3 2917 2978 2977
3 2918 2919 2979
3 2918 2979 2978
3 2919 2920 2980
3 2919 2980 2979
3 2920 2921 2981
3 2920 2981 2980
3 2921 2922 2982
3 2921 2982 2981
3 2922 2923 2983
3 2922 2983 2982
3 2923 2924 2984
3 2923 2984 2983
3 2924 2925 2985
3 2924 2985 2984
3 2925 2926 2986
3 2925 2986 2985
3 2926 2927 2987
3 2926 2987 2986
3 2927 2928 2988
3 2927 2988 2987
3 2928 2929 2989
3 2928 2989 2988
3 2929 2930 2990
3 2929 2990 2989
3 2930 2931 2991
3 2930 2991 2990
3 2931 2932 2992
3 2931 2992 2991
3 2932 2933 2993
3 2932 2993 2992
3 2933 2934 2994
3 2933 2994 2993
3 2934 2935 2995
3 2934 2995 2994
3 2935 2936 2996
3 2935 2996 2995
3 2936 2937 2997
3 2936 2997 2996
3 2937 2938 2998
3 2937 2998 2997
3 2938 2939 2999
3 2938 2999 2998
3 2939 2940 3000
3 2939 3000 2999
3 2940 2941 3001
3 2940 3001 3000
3 2941 2942 3002
3 2941 3002 3001
3 2942 2943 3003
3 2942 3003 3002
3 2943 2944 3004
3 2943 3004 3003
3 2944 2945 3005
3 2944 3005 3004
3 2945 2946 3006
3 2945 3006 3005
3 2946 2947 3007
3 2946 3007 3006
3 2947 2948 3008
3 2947 3008 3007
3 2948 2949 3009
3 2948 3009 3008
3 2949 112 113
3 2949 113 3009
3 48 2950 3010
3 48 3010 49
3 2950 2951 3011
3 2950 3011 3010
3 2951 2952 3012
3 2951 3012 3011
3 2952 2953 3013
3 2952 3013 3012
3 2953 2954 3014
3 2953 3014 3013
3 2954 2955 3015
3 2954 3015 3014
3 2955 2956 3016
3 2955 3016 3015
3 2956 2957 3017
3 2956 3017 3016
3 2957 2958 3018
3 2957 3018 3017
3 2958 2959 3019
3 2958 3019 3018
3 2959 2960 3020
3 2959 3020 3019
3 2960 2961 3021
3 2960 3021 3020
3 2961 2962 3022
3 2961 3022 3021
3 2962 2963 3023
3 2962 3023 3022
3 2963 2964 3024
3 2963 3024 3023
3 2964 2965 3025
3 2964 3025 3024
3 2965 2966 3026
3 2965 3026 3025
3 2966 2967 3027
3 2966 3027 3026
3 2967 2968 3028
3 2967 3028 3027
3 2968 2969 3029
3 2968 3029 3028
3 2969 2970 3030
3 2969 3030 3029
3 2970 2971 3031
3 2970 3031 3030
3 2971 2972 3032
3 2971 3032 3031
3 2972 2973 3033
3 2972 3033 3032
3 2973 2974 3034
3 2973 3034 3033
3 2974 2975 3035
3 2974 3035 3034
3 2975 2976 3036
3 2975 3036 3035
3 2976 2977 3037
3 2976 3037 3036
3 2977 2978 3038
3 2977 3038 3037
3 2978 2979 3039
3 2978 3039 3038
3 2979 2980 3040
3 2979 3040 3039
3 2980 2981 3041
3 2980 3041 3040
3 2981 2982 3042
3 2981 3042 3041
3 2982 2983 3043
3 2982 3043 3042
3 2983 2984 3044
3 2983 3044 3043
3 2984 2985 3045
3 2984 3045 3044
3 2985 2986 3046
3 2985 3046 3045
3 2986 2987 3047
3 2986 3047 3046
3 2987 2988 3048
3 2987 3048 3047
3 2988 2989 3049
3 2988 3049 3048
3 2989 2990 3050
3 2989 3050 3049
3 2990 2991 3051
3 2990 3051 3050
3 2991 2992 3052
3 2991 3052 3051
3 2992 2993 3053
3 2992 3053 3052
3 2993 2994 3054
3 2993 3054 3053
3 2994 2995 3055
3 2994 3055 3054
3 2995 2996 3056
3 2995 3056 3055
3 2996 2997 3057
3 2996 3057 3056
3 2997 2998 3058
3 2997 3058 3057
3 2998 2999 3059
3 2998 3059 3058
3 2999 3000 3060
3 2999 3060 3059
3 3000 3001 3061
3 3000 3061 3060
3 3001 3002 3062
3 3001 3062 3061
3 3002 3003 3063
3 3002 3063 3062
3 3003 3004 3064
3 3003 3064 3063
3 3004 3005 3065
3 3004 3065 3064
3 3005 3006 3066
3 3005 3066 3065
3 3006 3007 3067
3 3006 3067 3066
3 3007 3008 3068
3 3007 3068 3067
3 3008 3009 3069
3 3008 3069 3068
3 3009 113 114
3 3009 114 3069
3 49 3010 3070
3 49 3070 50
3 3010 3011 3071
3 3010 3071 3070
3 3011 3012 3072
3 3011 3072 3071
3 3012 3013 3073
3 3012 3073 3072
3 3013 3014 3074
3 3013 3074 3073
3 3014 3015 3075
3 3014 3075 3074
3 3015 3016 3076
3 3015 3076 3075
3 3016 3017 3077
3 3016 3077 3076
3 3017 3018 3078
3 3017 3078 3077
3 3018 3019 3079
3 3018 3079 3078
3 3019 3020 3080
3 3019 3080 3079
3 3020 3021 3081
3 3020 3081 3080
3 3021 3022 3082
3 3021 3082 3081
3 3022 3023 3083
3 3022 3083 3082
3 3023 3024 3084
3 3023 3084 3083
3 3024 3025 3085
3 3024 3085 3084
3 3025 3026 3086
3 3025 3086 3085
3 3026 3027 3087
3 3026 3087 3086
3 3027 3028 3088
3 3027 3088 3087
3 3028 3029 3089
3 3028 3089 3088
3 3029 3030 3090
3 3029 3090 3089
3 3030 3031 3091
3 3030 3091 3090
3 3031 3032 3092
3 3031 3092 3091
3 3032 3033 3093
3 3032 3093 3092
3 3033 3034 3094
3 3033 3094 3093
3 3034 3035 3095
3 3034 3095 3094
3 3035 3036 3096
3 3035 3096 3095
3 3036 3037 3097
3 3036 3097 3096
3 3037 3038 3098
3 3037 3098 3097
3 3038 3039 3099
3 3038 3099 3098
3 3039 3040 3100
3 3039 3100 3099
3 3040 3041 3101
3 3040 3101 3100
3 3041 3042 3102
3 3041 3102 3101
3 3042 3043 3103
3 3042 3103 3102
3 3043 3044 3104
3 3043 3104 3103
3 3044 3045 3105
3 3044 3105 3104
3 3045 3046 3106
3 3045 3106 3105
3 3046 3047 3107
3 3046 3107 3106
3 3047 3048 3108
3 3047 3108 3107
3 3048 3049 3109
3 3048 3109 3108
3 3049 3050 3110
3 3049 3110 3109
3 3050 3051 3111
3 3050 3111 3110
3 3051 3052 3112
3 3051 3112 3111
3 3052 3053 3113
3 3052 3113 3112
3 3053 3054 3114
3 3053 3114 3113
3 3054 3055 3115
3 3054 3115 3114
3 3055 3056 3116
3 3055 3116 3115
3 3056 3057 3117
3 3056 3117 3116
3 3057 3058 3118
3 3057 3118 3117
3 3058 3059 3119
3 3058 3119 3118
3 3059 3060 3120
3 3059 3120 3119
3 3060 3061 3121
3 3060 3121 3120
3 3061 3062 3122
3 3061 3122 3121
3 3062 3063 3123
3 3062 3123 3122
3 3063 3064 3124
3 3063 3124 3123
3 3064 3065 3125
3 3064 3125 3124
3 3065 3066 3126
3 3065 3126 3125
3 3066 3067 3127
3 3066 3127 3126
3 3067 3068 3128
3 3067 3128 3127
3 3068 3069 3129
3 3068 3129 3128
3 3069 114 115
3 3069 115 3129
3 50 3070 3130
3 50 3130 51
3 3070 3071 3131
3 3070 3131 3130
3 3071 3072 3132
3 3071 3132 3131
3 3072 3073 3133
3 3072 3133 3132
3 3073 3074 3134
3 3073 3134 3133
3 3074 3075 3135
3 3074 3135 3134
3 3075 3076 3136
3 3075 3136 3135
3 3076 3077 3137
3 3076 3137 3136
3 3077 3078 3138
3 3077 3138 3137
3 3078 3079 3139
3 3078 3139 3138
3 3079 3080 3140
3 3079 3140 3139
3 3080 3081 3141
3 3080 3141 3140
3 3081 3082 3142
3 3081 3142 3141
3 3082 3083 3143
3 3082 3143 3142
3 3083 3084 3144
3 3083 3144 3143
3 3084 3085 3145
3 3084 3145 3144
3 3085 3086 3146
3 3085 3146 3145
3 3086 3087 3147
3 3086 3147 3146
3 3087 3088 3148
3 3087 3148 3147
3 3088 3089 3149
3 3088 3149 3148
3 3089 3090 3150
3 3089 3150 3149
3 3090 3091 3151
3 3090 3151 3150
3 3091 3092 3152
3 3091 3152 3151
3 3092 3093 3153
3 3092 3153 3152
3 3093 3094 3154
3 3093 3154 3153
3 3094 3095 3155
3 3094 3155 3154
3 3095 3096 3156
3 3095 3156 3155
3 3096 3097 3157
3 3096 3157 3156
3 3097 3098 3158
3 3097 3158 3157
3 3098 3099 3159
3 3098 3159 3158
3 3099 3100 3160
3 3099 3160 3159
3 3100 3101 3161
3 3100 3161 3160
3 3101 3102 3162
3 3101 3162 3161
3 3102 3103 3163
3 3102 3163 3162
3 3103 3104 3164
3 3103 3164 3163
3 3104 3105 3165
3 3104 3165 3164
3 3105 3106 3166
3 3105 3166 3165
3 3106 3107 3167
3 3106 3167 3166
3 3107 3108 3168
3 3107 3168 3167
3 3108 3109 3169
3 3108 3169 3168
3 3109 3110 3170
3 3109 3170 3169
3 3110 3111 3171
3 3110 3171 3170
3 3111 3112 3172
3 3111 3172 3171
3 3112 3113 3173
3 3112 3173 3172
3 3113 3114 3174
3 3113 3174 3173
3 3114 3115 3175
3 3114 3175 3174
3 3115 3116 3176
3 3115 3176 3175
3 3116 3117 3177
3 3116 3177 3176
3 3117 3118 3178
3 3117 3178 3177
3 3118 3119 3179
3 3118 3179 3178
3 3119 3120 3180
3 3119 3180 3179
3 3120 3121 3181
3 3120 3181 3180
3 3121 3122 3182
3 3121 3182 3181
3 3122 3123 3183
3 3122 3183 3182
3 3123 3124 3184
3 3123 3184 3183
3 3124 3125 3185
3 3124 3185 3184
3 3125 3126 3186
3 3125 3186 3185
3 3126 3127 3187
3 3126 3187 3186
3 3127 3128 3188
3 3127 3188 3187
3 3128 3129 3189
3 3128 3189 3188
3 3129 115 116
3 3129 116 3189
3 51 3130 3190
3 51 3190 52
3 3130 3131 3191
3 3130 3191 3190
3 3131 3132 3192
3 3131 3192 3191
3 3132 3133 3193
3 3132 3193 3192
3 3133 3134 3194
3 3133 3194 3193
3 3134 3135 3195
3 3134 3195 3194
3 3135 3136 3196
3 3135 3196 3195
3 3136 3137 3197
3 3136 3197 3196
3 3137 3138 3198
3 3137 3198 3197
3 3138 3139 3199
3 3138 3199 3198
3 3139 3140 3200
3 3139 3200 3199
3 3140 3141 3201
3 3140 3201 3200
3 3141 3142 3202
3 3141 3202 3201
3 3142 3143 3203
3 3142 3203 3202
3 3143 3144 3204
3 3143 3204 3203
3 3144 3145 3205
3 3144 3205 3204
3 3145 3146 3206
3 3145 3206 3205
3 3146 3147 3207
3 3146 3207 3206
3 3147 3148 3208
3 3147 3208 3207
3 3148 3149 3209
3 3148 3209 3208
3 3149 3150 3210
3 3149 3210 3209
3 3150 3151 3211
3 3150 3211 3210
3 3151 3152 3212
3 3151 3212 3211
3 3152 3153 3213
3 3152 3213 3212
3 3153 3154 3214
3 3153 3214 3213
3 3154 3155 3215
3 3154 3215 3214
3 3155 3156 3216
3 3155 3216 3215
3 3156 3157 3217
3 3156 3217 3216
3 3157 3158 3218
3 3157 3218 3217
3 3158 3159 3219
3 3158 3219 3218
3 3159 3160 3220
3 3159 3220 3219
3 3160 3161 3221
3 3160 3221 3220
3 3161 3162 3222
3 3161 3222 3221
3 3162 3163 3223
3 3162 3223 3222
3 3163 3164 3224
3 3163 3224 3223
3 3164 3165 3225
3 3164 3225 3224
3 3165 3166 3226
3 3165 3226 3225
3 3166 3167 3227
3 3166 3227 3226
3 3167 3168 3228
3 3167 3228 3227
3 3168 3169 3229
3 3168 3229 3228
3 3169 3170 3230
3 3169 3230 3229
3 3170 3171 3231
3 3170 3231 3230
3 3171 3172 3232
3 3171 3232 3231
3 3172 3173 3233
3 3172 3233 3232
3 3173 3174 3234
3 3173 3234 3233
3 3174 3175 3235
3 3174 3235 3234
3 3175 3176 3236
3 3175 3236 3235
3 3176 3177 3237
3 3176 3237 3236
3 3177 3178 3238
3 3177 3238 3237
3 3178 3179 3239
3 3178 3239 3238
3 3179 3180 3240
3 3179 3240 3239
3 3180 3181 3241
3 3180 3241 3240
3 3181 3182 3242
3 3181 3242 3241
3 3182 3183 3243
3 3182 3243 3242
3 3183 3184 3244
3 3183 3244 3243
3 3184 3185 3245
3 3184 3245 3244
3 3185 3186 3246
3 3185 3246 3245
3 3186 3187 3247
3 3186 3247 3246
3 3187 3188 3248
3 3187 3248 3247
3 3188 3189 3249
3 3188 3249 3248
3 3189 116 117
3 3189 117 3249
3 52 3190 3250
3 52 3250 53
3 3190 3191 3251
3 3190 3251 3250
3 3191 3192 3252
3 3191 3252 3251
3 3192 3193 3253
3 3192 3253 3252
3 3193 3194 3254
3 3193 3254 3253
3 3194 3195 3255
3 3194 3255 3254
3 3195 3196 3256
3 3195 3256 3255
3 3196 3197 3257
3 3196 3257 3256
3 3197 3198 3258
3 3197 3258 3257
3 3198 3199 3259
3 3198 3259 3258
3 3199 3200 3260
3 3199 3260 3259
3 3200 3201 3261
3 3200 3261 3260
3 3201 3202 3262
3 3201 3262 3261
3 3202 3203 3263
3 3202 3263 3262
3 3203 3204 3264
3 3203 3264 3263
3 3204 3205 3265
3 3204 3265 3264
3 3205 3206 3266
3 3205 3266 3265
3 3206 3207 3267
3 3206 3267 3266
3 3207 3208 3268
3 3207 3268 3267
3 3208 3209 3269
3 3208 3269 3268
3 3209 3210 3270
3 3209 3270 3269
3 3210 3211 3271
3 3210 3271 3270
3 3211 3212 3272
3 3211 3272 3271
3 3212 3213 3273
3 3212 3273 3272
3 3213 3214 3274
3 3213 3274 3273
3 3214 3215 3275
3 3214 3275 3274
3 3215 3216 3276
3 3215 3276 3275
3 3216 3217 3277
3 3216 3277 3276
3 3217 3218 3278
3 3217 3278 3277
3 3218 3219 3279
3 3218 3279 3278
3 3219 3220 3280
3 3219 3280 3279
3 3220 3221 3281
3 3220 3281 3280
3 3221 3222 3282
3 3221 3282 3281
3 3222 3223 3283
3 3222 3283 3282
3 3223 3224 3284
3 3223 3284 3283
3 3224 3225 3285
3 3224 3285 3284
3 3225 3226 3286
3 3225 3286 3285
3 3226 3227 3287
3 3226 3287 3286
3 3227 3228 3288
3 3227 3288 3287
3 3228 3229 3289
3 3228 3289 3288
3 3229 3230 3290
3 3229 3290 3289
3 3230 3231 3291
3 3230 3291 3290
3 3231 3232 3292
3 3231 3292 3291
3 3232 3233 3293
3 3232 3293 3292
3 3233 3234 3294
3 3233 3294 3293
3 3234 3235 3295
3 3234 3295 3294
3 3235 3236 3296
3 3235 3296 3295
3 3236 3237 3297
3 3236 3297 3296
3 3237 3238 3298
3 3237 3298 3297
3 3238 3239 3299
3 3238 3299 3298
3 3239 3240 3300
3 3239 3300 3299
3 3240 3241 3301
3 3240 3301 3300
3 3241 3242 3302
3 3241 3302 3301
3 3242 3243 3303
3 3242 3303 3302
3 3243 3244 3304
3 3243 3304 3303
3 3244 3245 3305
3 3244 3305 3304
3 3245 3246 3306
3 3245 3306 3305
3 3246 3247 3307
3 3246 3307 3306
3 3247 3248 3308
3 3247 3308 3307
3 3248 3249 3309
3 3248 3309 3308
3 3249 117 118
3 3249 118 3309
3 53 3250 3310
3 53 3310 54
3 3250 3251 3311
3 3250 3311 3310
3 3251 3252 3312
3 3251 3312 3311
3 3252 3253 3313
3 3252 3313 3312
3 3253 3254 3314
3 3253 3314 3313
3 3254 3255 3315
3 3254 3315 3314
3 3255 3256 3316
3 3255 3316 3315
3 3256 3257 3317
3 3256 3317 3316
3 3257 3258 3318
3 3257 3318 3317
3 3258 3259 3319
3 3258 3319 3318
3 3259 3260 3320
3 3259 3320 3319
3 3260 3261 3321
3 3260 3321 3320
3 3261 3262 3322
3 3261 3322 3321
3 3262 3263 3323
3 3262 3323 3322
3 3263 3264 3324
3 3263 3324 3323
3 3264 3265 3325
3 3264 3325 3324
3 3265 3266 3326
3 3265 3326 3325
3 3266 3267 3327
3 3266 3327 3326
3 3267 3268 3328
3 3267 3328 3327
3 3268 3269 3329
3 3268 3329 3328
3 3269 3270 3330
3 3269 3330 3329
3 3270 3271 3331
3 3270 3331 3330
3 3271 3272 3332
3 3271 3332 3331
3 3272 3273 3333
3 3272 3333 3332
3 3273 3274 3334
3 3273 3334 3333
3 3274 3275 3335
3 3274 3335 3334
3 3275 3276 3336
3 3275 3336 3335
3 3276 3277 3337
3 3276 3337 3336
3 3277 3278 3338
3 3277 3338 3337
3 3278 3279 3339
3 3278 3339 3338
3 3279 3280 3340
3 3279 3340 3339
3 3280 3281 3341
3 3280 3341 3340
3 3281 3282 3342
3 3281 3342 3341
3 3282 3283 3343
3 3282 3343 3342
3 3283 3284 3344
3 3283 3344 3343
3 3284 3285 3345
3 3284 3345 3344
3 3285 3286 3346
3 3285 3346 3345
3 3286 3287 3347
3 3286 3347 3346
3 3287 3288 3348
3 3287 3348 3347
3 3288 3289 3349
3 3288 3349 3348
3 3289 3290 3350
3 3289 3350 3349
3 3290 3291 3351
3 3290 3351 3350
3 3291 3292 3352
3 3291 3352 3351
3 3292 3293 3353
3 3292 3353 3352
3 3293 3294 3354
3 3293 3354 3353
3 3294 3295 3355
3 3294 3355 3354
3 3295 3296 3356
3 3295 3356 3355
3 3296 3297 3357
3 3296 3357 3356
3 3297 3298 3358
3 3297 3358 3357
3 3298 3299 3359
3 3298 3359 3358
3 3299 3300 3360
3 3299 3360 3359
3 3300 3301 3361
3 3300 3361 3360
3 3301 3302 3362
3 3301 3362 3361
3 3302 3303 3363
3 3302 3363 3362
3 3303 3304 3364
3 3303 3364 3363
3 3304 3305 3365
3 3304 3365 3364
3 3305 3306 3366
3 3305 3366 3365
3 3306 3307 3367
3 3306 3367 3366
3 3307 3308 3368
3 3307 3368 3367
3 3308 3309 3369
3 3308 3369 3368
3 3309 118 119
3 3309 119 3369
3 54 3310 3370
3 54 3370 55
3 3310 3311 3371
3 3310 3371 3370
3 3311 3312 3372
3 3311 3372 3371
3 3312 3313 3373
3 3312 3373 3372
3 3313 3314 3374
3 3313 3374 3373
3 3314 3315 3375
3 3314 3375 3374
3 3315 3316 3376
3 3315 3376 3375
3 3316 3317 3377
3 3316 3377 3376
3 3317 3318 3378
3 3317 3378 3377
3 3318 3319 3379
3 3318 3379 3378
3 3319 3320 3380
3 3319 3380 3379
3 3320 3321 3381
3 3320 3381 3380
3 3321 3322 3382
3 3321 3382 3381
3 3322 3323 3383
3 3322 3383 3382
3 3323 3324 3384
3 3323 3384 3383
3 3324 3325 3385
3 3324 3385 3384
3 3325 3326 3386
3 3325 3386 3385
3 3326 3327 3387
3 3326 3387 3386
3 3327 3328 3388
3 3327 3388 3387
3 3328 3329 3389
3 3328 3389 3388
3 3329 3330 3390
3 3329 3390 3389
3 3330 3331 3391
3 3330 3391 3390
3 3331 3332 3392
3 3331 3392 3391
3 3332 3333 3393
3 3332 3393 3392
3 3333 3334 3394
3 3333 3394 3393
3 3334 3335 3395
3 3334 3395 3394
3 3335 3336 3396
3 3335 3396 3395
3 3336 3337 3397
3 3336 3397 3396
3 3337 3338 3398
3 3337 3398 3397
3 3338 3339 3399
3 3338 3399 3398
3 3339 3340 3400
3 3339 3400 3399
3 3340 3341 3401
3 3340 3401 3400
3 3341 3342 3402
3 3341 3402 3401
3 3342 3343 3403
3 3342 3403 3402
3 3343 3344 3404
3 3343 3404 3403
3 3344 3345 3405
3 3344 3405 3404
3 3345 3346 3406
3 3345 3406 3405
3 3346 3347 3407
3 3346 3407 3406
3 3347 3348 3408
3 3347 3408 3407
3 3348 3349 3409
3 3348 3409 3408
3 3349 3350 3410
3 3349 3410 3409
3 3350 3351 3411
3 3350 3411 3410
3 3351 3352 3412
3 3351 3412 3411
3 3352 3353 3413
3 3352 3413 3412
3 3353 3354 3414
3 3353 3414 3413
3 3354 3355 3415
3 3354 3415 3414
3 3355 3356 3416
3 3355 3416 3415
3 3356 3357 3417
3 3356 3417 3416
3 3357 3358 3418
3 3357 3418 3417
3 3358 3359 3419
3 3358 3419 3418
3 3359 3360 3420
3 3359 3420 3419
3 3360 3361 3421
3 3360 3421 3420
3 3361 3362 3422
3 3361 3422 3421
3 3362 3363 3423
3 3362 3423 3422
3 3363 3364 3424
3 3363 3424 3423
3 3364 3365 3425
3 3364 3425 3424
3 3365 3366 3426
3 3365 3426 3425
3 3366 3367 3427
3 3366 3427 3426
3 3367 3368 3428
3 3367 3428 3427
3 3368 3369 3429
3 3368 3429 3428
3 3369 119 120
3 3369 120 3429
3 55 3370 3430
3 55 3430 56
3 3370 3371 3431
3 3370 3431 3430
3 3371 3372 3432
3 3371 3432 3431
3 3372 3373 3433
3 3372 3433 3432
3 3373 3374 3434
3 3373 3434 3433
3 3374 3375 3435
3 3374 3435 3434
3 3375 3376 3436
3 3375 3436 3435
3 3376 3377 3437
3 3376 3437 3436
3 3377 3378 3438
3 3377 3438 3437
3 3378 3379 3439
3 3378 3439 3438
3 3379 3380 3440
3 3379 3440 3439
3 3380 3381 3441
3 3380 3441 3440
3 3381 3382 3442
3 3381 3442 3441
3 3382 3383 3443
3 3382 3443 3442
3 3383 3384 3444
3 3383 3444 3443
3 3384 3385 3445
3 3384 3445 3444
3 3385 3386 3446
3 3385 3446 3445
3 3386 3387 3447
3 3386 3447 3446
3 3387 3388 3448
3 3387 3448 3447
3 3388 3389 3449
3 3388 3449 3448
3 3389 3390 3450
3 3389 3450 3449
3 3390 3391 3451
3 3390 3451 3450
3 3391 3392 3452
3 3391 3452 3451
3 3392 3393 3453
3 3392 3453 3452
3 3393 3394 3454
3 3393 3454 3453
3 3394 3395 3455
3 3394 3455 3454
3 3395 3396 3456
3 3395 3456 3455
3 3396 3397 3457
3 3396 3457 3456
3 3397 3398 3458
3 3397 3458 3457
3 3398 3399 3459
3 3398 3459 3458
3 3399 3400 3460
3 3399 3460 3459
3 3400 3401 3461
3 3400 3461 3460
3 3401 3402 3462
3 3401 3462 3461
3 3402 3403 3463
3 3402 3463 3462
3 3403 3404 3464
3 3403 3464 3463
3 3404 3405 3465
3 3404 3465 3464
3 3405 3406 3466
3 3405 3466 3465
3 3406 3407 3467
3 3406 3467 3466
3 3407 3408 3468
3 3407 3468 3467
3 3408 3409 3469
3 3408 3469 3468
3 3409 3410 3470
3 3409 3470 3469
3 3410 3411 3471
3 3410 3471 3470
3 3411 3412 3472
3 3411 3472 3471
3 3412 3413 3473
3 3412 3473 3472
3 3413 3414 3474
3 3413 3474 3473
3 3414 3415 3475
3 3414 3475 3474
3 3415 3416 3476
3 3415 3476 3475
3 3416 3417 3477
3 3416 3477 3476
3 3417 3418 3478
3 3417 3478 3477
3 3418 3419 3479
3 3418 3479 3478
3 3419 3420 3480
3 3419 3480 3479
3 3420 3421 3481
3 3420 3481 3480
3 3421 3422 3482
3 3421 3482 3481
3 3422 3423 3483
3 3422 3483 3482
3 3423 3424 3484
3 3423 3484 3483
3 3424 3425 3485
3 3424 3485 3484
3 3425 3426 3486
3 3425 3486 3485
3 3426 3427 3487
3 3426 3487 3486
3 3427 3428 3488
3 3427 3488 3487
3 3428 3429 3489
3 3428 3489 3488
3 3429 120 121
3 3429 121 3489
3 56 3430 3490
3 56 3490 57
3 3430 3431 3491
3 3430 3491 3490
3 3431 3432 3492
3 3431 3492 3491
3 3432 3433 3493
3 3432 3493 3492
3 3433 3434 3494
3 3433 3494 3493
3 3434 3435 3495
3 3434 3495 3494
3 3435 3436 3496
3 3435 3496 3495
3 3436 3437 3497
3 3436 3497 3496
3 3437 3438 3498
3 3437 3498 3497
3 3438 3439 3499
3 3438 3499 3498
3 3439 3440 3500
3 3439 3500 3499
3 3440 3441 3501
3 3440 3501 3500
3 3441 3442 3502
3 3441 3502 3501
3 3442 3443 3503
3 3442 3503 3502
3 3443 3444 3504
3 3443 3504 3503
3 3444 3445 3505
3 3444 3505 3504
3 3445 3446 3506
3 3445 3506 3505
3 3446 3447 3507
3 3446 3507 3506
3 3447 3448 3508
3 3447 3508 3507
3 3448 3449 3509
3 3448 3509 3508
3 3449 3450 3510
3 3449 3510 3509
3 3450 3451 3511
3 3450 3511 3510
3 3451 3452 3512
3 3451 3512 3511
3 3452 3453 3513
3 3452 3513 3512
3 3453 3454 3514
3 3453 3514 3513
3 3454 3455 3515
3 3454 3515 3514
3 3455 3456 3516
3 3455 3516 3515
3 3456 3457 3517
3 3456 3517 3516
3 3457 3458 3518
3 3457 3518 3517
3 3458 3459 3519
3 3458 3519 3518
3 3459 3460 3520
3 3459 3520 3519
3 3460 3461 3521
3 3460 3521 3520
3 3461 3462 3522
3 3461 3522 3521
3 3462 3463 3523
3 3462 3523 3522
3 3463 3464 3524
3 3463 3524 3523
3 3464 3465 3525
3 3464 3525 3524
3 3465 3466 3526
3 3465 3526 3525
3 3466 3467 3527
3 3466 3527 3526
3 3467 3468 3528
3 3467 3528 3527
3 3468 3469 3529
3 3468 3529 3528
3 3469 3470 3530
3 3469 3530 3529
3 3470 3471 3531
3 3470 3531 3530
3 3471 3472 3532
3 3471 3532 3531
3 3472 3473 3533
3 3472 3533 3532
3 3473 3474 3534
3 3473 3534 3533
3 3474 3475 3535
3 3474 3535 3534
3 3475 3476 3536
3 3475 3536 3535
3 3476 3477 3537
3 3476 3537 3536
3 3477 3478 3538
3 3477 3538 3537
3 3478 3479 3539
3 3478 3539 3538
3 3479 3480 3540
3 3479 3540 3539
3 3480 3481 3541
3 3480 3541 3540
3 3481 3482 3542
3 3481 3542 3541
3 3482 3483 3543
3 3482 3543 3542
3 3483 3484 3544
3 3483 3544 3543
3 3484 3485 3545
3 3484 3545 3544
3 3485 3486 3546
3 3485 3546 3545
3 3486 3487 3547
3 3486 3547 3546
3 3487 3488 3548
3 3487 3548 3547
3 3488 3489 3549
3 3488 3549 3548
3 3489 121 122
3 3489 122 3549
3 57 3490 3550
3 57 3550 58
3 3490 3491 3551
3 3490 3551 3550
3 3491 3492 3552
3 3491 3552 3551
3 3492 3493 3553
3 3492 3553 3552
3 3493 3494 3554
3 3493 3554 3553
3 3494 3495 3555
3 3494 3555 3554
3 3495 3496 3556
3 3495 3556 3555
3 3496 3497 3557
3 3496 3557 3556
3 3497 3498 3558
3 3497 3558 3557
3 3498 3499 3559
3 3498 3559 3558
3 3499 3500 3560
3 3499 3560 3559
3 3500 3501 3561
3 3500 3561 3560
3 3501 3502 3562
3 3501 3562 3561
3 3502 3503 3563
3 3502 3563 3562
3 3503 3504 3564
3 3503 3564 3563
3 3504 3505 3565
3 3504 3565 3564
3 3505 3506 3566
3 3505 3566 3565
3 3506 3507 3567
3 3506 3567 3566
3 3507 3508 3568
3 3507 3568 3567
3 3508 3509 3569
3 3508 3569 3568
3 3509 3510 3570
3 3509 3570 3569
3 3510 3511 3571
3 3510 3571 3570
3 3511 3512 3572
3 3511 3572 3571
3 3512 3513 3573
3 3512 3573 3572
3 3513 3514 3574
3 3513 3574 3573
3 3514 3515 3575
3 3514 3575 3574
3 3515 3516 3576
3 3515 3576 3575
3 3516 3517 3577
3 3516 3577 3576
3 3517 3518 3578
3 3517 3578 3577
3 3518 3519 3579
3 3518 3579 3578
3 3519 3520 3580
3 3519 3580 3579
3 3520 3521 3581
3 3520 3581 3580
3 3521 3522 3582
3 3521 3582 3581
3 3522 3523 3583
3 3522 3583 3582
3 3523 3524 3584
3 3523 3584 3583
3 3524 3525 3585
3 3524 3585 3584
3 3525 3526 3586
3 3525 3586 3585
3 3526 3527 3587
3 3526 3587 3586
3 3527 3528 3588
3 3527 3588 3587
3 3528 3529 3589
3 3528 3589 3588
3 3529 3530 3590
3 3529 3590 3589
3 3530 3531 3591
3 3530 3591 3590
3 3531 3532 3592
3 3531 3592 3591
3 3532 3533 3593
3 3532 3593 3592
3 3533 3534 3594
3 3533 3594 3593
3 3534 3535 3595
3 3534 3595 3594
3 3535 3536 3596
3 3535 3596 3595
3 3536 3537 3597
3 3536 3597 3596
3 3537 3538 3598
3 3537 3598 3597
3 3538 3539 3599
3 3538 3599 3598
3 3539 3540 3600
3 3539 3600 3599
3 3540 3541 3601
3 3540 3601 3600
3 3541 3542 3602
3 3541 3602 3601
3 3542 3543 3603
3 3542 3603 3602
3 3543 3544 3604
3 3543 3604 3603
3 3544 3545 3605
3 3544 3605 3604
3 3545 3546 3606
3 3545 3606 3605
3 3546 3547 3607
3 3546 3607 3606
3 3547 3548 3608
3 3547 3608 3607
3 3548 3549 3609
3 3548 3609 3608
3 3549 122 123
3 3549 123 3609
3 58 3550 3610
3 58 3610 59
3 3550 3551 3611
3 3550 3611 3610
3 3551 3552 3612
3 3551 3612 3611
3 3552 3553 3613
3 3552 3613 3612
3 3553 3554 3614
3 3553 3614 3613
3 3554 3555 3615
3 3554 3615 3614
3 3555 3556 3616
3 3555 3616 3615
3 3556 3557 3617
3 3556 3617 3616
3 3557 3558 3618
3 3557 3618 3617
3 3558 3559 3619
3 3558 3619 3618
3 3559 3560 3620
3 3559 3620 3619
3 3560 3561 3621
3 3560 3621 3620
3 3561 3562 3622
3 3561 3622 3621
3 3562 3563 3623
3 3562 3623 3622
3 3563 3564 3624
3 3563 3624 3623
3 3564 3565 3625
3 3564 3625 3624
3 3565 3566 3626
3 3565 3626 3625
3 3566 3567 3627
3 3566 3627 3626
3 3567 3568 3628
3 3567 3628 3627
3 3568 3569 3629
3 3568 3629 3628
3 3569 3570 3630
3 3569 3630 3629
3 3570 3571 3631
3 3570 3631 3630
3 3571 3572 3632
3 3571 3632 3631
3 3572 3573 3633
3 3572 3633 3632
3 3573 3574 3634
3 3573 3634 3633
3 3574 3575 3635
3 3574 3635 3634
3 3575 3576 3636
3 3575 3636 3635
3 3576 3577 3637
3 3576 3637 3636
3 3577 3578 3638
3 3577 3638 3637
3 3578 3579 3639
3 3578 3639 3638
3 3579 3580 3640
3 3579 3640 3639
3 3580 3581 3641
3 3580 3641 3640
3 3581 3582 3642
3 3581 3642 3641
3 3582 3583 3643
3 3582 3643 3642
3 3583 3584 3644
3 3583 3644 3643
3 3584 3585 3645
3 3584 3645 3644
3 3585 3586 3646
3 3585 3646 3645
3 3586 3587 3647
3 3586 3647 3646
3 3587 3588 3648
3 3587 3648 3647
3 3588 3589 3649
3 3588 3649 3648
3 3589 3590 3650
3 3589 3650 3649
3 3590 3591 3651
3 3590 3651 3650
3 3591 3592 3652
3 3591 3652 3651
3 3592 3593 3653
3 3592 3653 3652
3 3593 3594 3654
3 3593 3654 3653
3 3594 3595 3655
3 3594 3655 3654
3 3595 3596 3656
3 3595 3656 3655
3 3596 3597 3657
3 3596 3657 3656
3 3597 3598 3658
3 3597 3658 3657
3 3598 3599 3659
3 3598 3659 3658
3 3599 3600 3660
3 3599 3660 3659
3 3600 3601 3661
3 3600 3661 3660
3 3601 3602 3662
3 3601 3662 3661
3 3602 3603 3663
3 3602 3663 3662
3 3603 3604 3664
3 3603 3664 3663
3 3604 3605 3665
3 3604 3665 3664
3 3605 3606 3666
3 3605 3666 3665
3 3606 3607 3667
3 3606 3667 3666
3 3607 3608 3668
3 3607 3668 3667
3 3608 3609 3669
3 3608 3669 3668
3 3609 123 124
3 3609 124 3669
3 59 3610 3670
3 59 3670 60
3 3610 3611 3671
3 3610 3671 3670
3 3611 3612 3672
3 3611 3672 3671
3 3612 3613 3673
3 3612 3673 3672
3 3613 3614 3674
3 3613 3674 3673
3 3614 3615 3675
3 3614 3675 3674
3 3615 3616 3676
3 3615 3676 3675
3 3616 3617 3677
3 3616 3677 3676
3 3617 3618 3678
3 3617 3678 3677
3 3618 3619 3679
3 3618 3679 3678
3 3619 3620 3680
3 3619 3680 3679
3 3620 3621 3681
3 3620 3681 3680
3 3621 3622 3682
3 3621 3682 3681
3 3622 3623 3683
3 3622 3683 3682
3 3623 3624 3684
3 3623 3684 3683
3 3624 3625 3685
3 3624 3685 3684
3 3625 3626 3686
3 3625 3686 3685
3 3626 3627 3687
3 3626 3687 3686
3 3627 3628 3688
3 3627 3688 3687
3 3628 3629 3689
3 3628 3689 3688
3 3629 3630 3690
3 3629 3690 3689
3 3630 3631 3691
3 3630 3691 3690
3 3631 3632 3692
3 3631 3692 3691
3 3632 3633 3693
3 3632 3693 3692
3 3633 3634 3694
3 3633 3694 3693
3 3634 3635 3695
3 3634 3695 3694
3 3635 3636 3696
3 3635 3696 3695
3 3636 3637 3697
3 3636 3697 3696
3 3637 3638 3698
3 3637 3698 3697
3 3638 3639 3699
3 3638 3699 3698
3 3639 3640 3700
3 3639 3700 3699
3 3640 3641 3701
3 3640 3701 3700
3 3641 3642 3702
3 3641 3702 3701
3 3642 3643 3703
3 3642 3703 3702
3 3643 3644 3704
3 3643 3704 3703
3 3644 3645 3705
3 3644 3705 3704
3 3645 3646 3706
3 3645 3706 3705
3 3646 3647 3707
3 3646 3707 3706
3 3647 3648 3708
3 3647 3708 3707
3 3648 3649 3709
3 3648 3709 3708
3 3649 3650 3710
3 3649 3710 3709
3 3650 3651 3711
3 3650 3711 3710
3 3651 3652 3712
3 3651 3712 3711
3 3652 3653 3713
3 3652 3713 3712
3 3653 3654 3714
3 3653 3714 3713
3 3654 3655 3715
3 3654 3715 3714
3 3655 3656 3716
3 3655 3716 3715
3 3656 3657 3717
3 3656 3717 3716
3 3657 3658 3718
3 3657 3718 3717
3 3658 3659 3719
3 3658 3719 3718
3 3659 3660 3720
3 3659 3720 3719
3 3660 3661 3721
3 3660 3721 3720
3 3661 3662 3722
3 3661 3722 3721
3 3662 3663 3723
3 3662 3723 3722
3 3663 3664 3724
3 3663 3724 3723
3 3664 3665 3725
3 3664 3725 3724
3 3665 3666 3726
3 3665 3726 3725
3 3666 3667 3727
3 3666 3727 3726
3 3667 3668 3728
3 3667 3728 3727
3 3668 3669 3729
3 3668 3729 3728
3 3669 124 125
3 3669 125 3729
3 60 3670 3730
3 60 3730 61
3 3670 3671 3731
3 3670 3731 3730
3 3671 3672 3732
3 3671 3732 3731
3 3672 3673 3733
3 3672 3733 3732
3 3673 3674 3734
3 3673 3734 3733
3 3674 3675 3735
3 3674 3735 3734
3 3675 3676 3736
3 3675 3736 3735
3 3676 3677 3737
3 3676 3737 3736
3 3677 3678 3738
3 3677 3738 3737
3 3678 3679 3739
3 3678 3739 3738
3 3679 3680 3740
3 3679 3740 3739
3 3680 3681 3741
3 3680 3741 3740
3 3681 3682 3742
3 3681 3742 3741
3 3682 3683 3743
3 3682 3743 3742
3 3683 3684 3744
3 3683 3744 3743
3 3684 3685 3745
3 3684 3745 3744
3 3685 3686 3746
3 3685 3746 3745
3 3686 3687 3747
3 3686 3747 3746
3 3687 3688 3748
3 3687 3748 3747
3 3688 3689 3749
3 3688 3749 3748
3 3689 3690 3750
3 3689 3750 3749
3 3690 3691 3751
3 3690 3751 3750
3 3691 3692 3752
3 3691 3752 3751
3 3692 3693 3753
3 3692 3753 3752
3 3693 3694 3754
3 3693 3754 3753
3 3694 3695 3755
3 3694 3755 3754
3 3695 3696 3756
3 3695 3756 3755
3 3696 3697 3757
3 3696 3757 3756
3 3697 3698 3758
3 3697 3758 3757
3 3698 3699 3759
3 3698 3759 3758
3 3699 3700 3760
3 3699 3760 3759
3 3700 3701 3761
3 3700 3761 3760
3 3701 3702 3762
3 3701 3762 3761
3 3702 3703 3763
3 3702 3763 3762
3 3703 3704 3764
3 3703 3764 3763
3 3704 3705 3765
3 3704 3765 3764
3 3705 3706 3766
3 3705 3766 3765
3 3706 3707 3767
3 3706 3767 3766
3 3707 3708 3768
3 3707 3768 3767
3 3708 3709 3769
3 3708 3769 3768
3 3709 3710 3770
3 3709 3770 3769
3 3710 3711 3771
3 3710 3771 3770
3 3711 3712 3772
3 3711 3772 3771
3 3712 3713 3773
3 3712 3773 3772
3 3713 3714 3774
3 3713 3774 3773
3 3714 3715 3775
3 3714 3775 3774
3 3715 3716 3776
3 3715 3776 3775
3 3716 3717 3777
3 3716 3777 3776
3 3717 3718 3778
3 3717 3778 3777
3 3718 3719 3779
3 3718 3779 3778
3 3719 3720 3780
3 3719 3780 3779
3 3720 3721 3781
3 3720 3781 3780
3 3721 3722 3782
3 3721 3782 3781
3 3722 3723 3783
3 3722 3783 3782
3 3723 3724 3784
3 3723 3784 3783
3 3724 3725 3785
3 3724 3785 3784
3 3725 3726 3786
3 3725 3786 3785
3 3726 3727 3787
3 3726 3787 3786
3 3727 3728 3788
3 3727 3788 3787
3 3728 3729 3789
3 3728 3789 3788
3 3729 125 126
3 3729 126 3789
3 61 3730 3790
3 61 3790 62
3 3730 3731 3791
3 3730 3791 3790
3 3731 3732 3792
3 3731 3792 3791
3 3732 3733 3793
3 3732 3793 3792
3 3733 3734 3794
3 3733 3794 3793
3 3734 3735 3795
3 3734 3795 3794
3 3735 3736 3796
3 3735 3796 3795
3 3736 3737 3797
3 3736 3797 3796
3 3737 3738 3798
3 3737 3798 3797
3 3738 3739 3799
3 3738 3799 3798
3 3739 3740 3800
3 3739 3800 3799
3 3740 3741 3801
3 3740 3801 3800
3 3741 3742 3802
3 3741 3802 3801
3 3742 3743 3803
3 3742 3803 3802
3 3743 3744 3804
3 3743 3804 3803
3 3744 3745 3805
3 3744 3805 3804
3 3745 3746 3806
3 3745 3806 3805
3 3746 3747 3807
3 3746 3807 3806
3 3747 3748 3808
3 3747 3808 3807
3 3748 3749 3809
3 3748 3809 3808
3 3749 3750 3810
3 3749 3810 3809
3 3750 3751 3811
3 3750 3811 3810
3 3751 3752 3812
3 3751 3812 3811
3 3752 3753 3813
3 3752 3813 3812
3 3753 3754 3814
3 3753 3814 3813
3 3754 3755 3815
3 3754 3815 3814
3 3755 3756 3816
3 3755 3816 3815
3 3756 3757 3817
3 3756 3817 3816
3 3757 3758 3818
3 3757 3818 3817
3 3758 3759 3819
3 3758 3819 3818
3 3759 3760 3820
3 3759 3820 3819
3 3760 3761 3821
3 3760 3821 3820
3 3761 3762 3822
3 3761 3822 3821
3 3762 3763 3823
3 3762 3823 3822
3 3763 3764 3824
3 3763 3824 3823
3 3764 3765 3825
3 3764 3825 3824
3 3765 3766 3826
3 3765 3826 3825
3 3766 3767 3827
3 3766 3827 3826
3 3767 3768 3828
3 3767 3828 3827
3 3768 3769 3829
3 3768 3829 3828
3 3769 3770 3830
3 3769 3830 3829
3 3770 3771 3831
3 3770 3831 3830
3 3771 3772 3832
3 3771 3832 3831
3 3772 3773 3833
3 3772 3833 3832
3 3773 3774 3834
3 3773 3834 3833
3 3774 3775 3835
3 3774 3835 3834
3 3775 3776 3836
3 3775 3836 3835
3 3776 3777 3837
3 3776 3837 3836
3 3777 3778 3838
3 3777 3838 3837
3 3778 3779 3839
3 3778 3839 3838
3 3779 3780 3840
3 3779 3840 3839
3 3780 3781 3841
3 3780 3841 3840
3 3781 3782 3842
3 3781 3842 3841
3 3782 3783 3843
3 3782 3843 3842
3 3783 3784 3844
3 3783 3844 3843
3 3784 3785 3845
3 3784 3845 3844
3 3785 3786 3846
3 3785 3846 3845
3 3786 3787 3847
3 3786 3847 3846
3 3787 3788 3848
3 3787 3848 3847
3 3788 3789 3849
3 3788 3849 3848
3 3789 126 127
3 3789 127 3849
3 62 3790 3850
3 62 3850 63
3 3790 3791 3851
3 3790 3851 3850
3 3791 3792 3852
3 3791 3852 3851
3 3792 3793 3853
3 3792 3853 3852
3 3793 3794 3854
3 3793 3854 3853
3 3794 3795 3855
3 3794 3855 3854
3 3795 3796 3856
3 3795 3856 3855
3 3796 3797 3857
3 3796 3857 3856
3 3797 3798 3858
3 3797 3858 3857
3 3798 3799 3859
3 3798 3859 3858
3 3799 3800 3860
3 3799 3860 3859
3 3800 3801 3861
3 3800 3861 3860
3 3801 3802 3862
3 3801 3862 3861
3 3802 3803 3863
3 3802 3863 3862
3 3803 3804 3864
3 3803 3864 3863
3 3804 3805 3865
3 3804 3865 3864
3 3805 3806 3866
3 3805 3866 3865
3 3806 3807 3867
3 3806 3867 3866
3 3807 3808 3868
3 3807 3868 3867
3 3808 3809 3869
3 3808 3869 3868
3 3809 3810 3870
3 3809 3870 3869
3 3810 3811 3871
3 3810 3871 3870
3 3811 3812 3872
3 3811 3872 3871
3 3812 3813 3873
3 3812 3873 3872
3 3813 3814 3874
3 3813 3874 3873
3 3814 3815 3875
3 3814 3875 3874
3 3815 3816 3876
3 3815 3876 3875
3 3816 3817 3877
3 3816 3877 3876
3 3817 3818 3878
3 3817 3878 3877
3 3818 3819 3879
3 3818 3879 3878
3 3819 3820 3880
3 3819 3880 3879
3 3820 3821 3881
3 3820 3881 3880
3 3821 3822 3882
3 3821 3882 3881
3 3822 3823 3883
3 3822 3883 3882
3 3823 3824 3884
3 3823 3884 3883
3 3824 3825 3885
3 3824 3885 3884
3 3825 3826 3886
3 3825 3886 3885
3 3826 3827 3887
3 3826 3887 3886
3 3827 3828 3888
3 3827 3888 3887
3 3828 3829 3889
3 3828 3889 3888
3 3829 3830 3890
3 3829 3890 3889
3 3830 3831 3891
3 3830 3891 3890
3 3831 3832 3892
3 3831 3892 3891
3 3832 3833 3893
3 3832 3893 3892
3 3833 3834 3894
3 3833 3894 3893
3 3834 3835 3895
3 3834 3895 3894
3 3835 3836 3896
3 3835 3896 3895
3 3836 3837 3897
3 3836 3897 3896
3 3837 3838 3898
3 3837 3898 3897
3 3838 3839 3899
3 3838 3899 3898
3 3839 3840 3900
3 3839 3900 3899
3 3840 3841 3901
3 3840 3901 3900
3 3841 3842 3902
3 3841 3902 3901
3 3842 3843 3903
3 3842 3903 3902
3 3843 3844 3904
3 3843 3904 3903
3 3844 3845 3905
3 3844 3905 3904
3 3845 3846 3906
3 3845 3906 3905
3 3846 3847 3907
3 3846 3907 3906
3 3847 3848 3908
3 3847 3908 3907
3 3848 3849 3909
3 3848 3909 3908
3 3849 127 128
3 3849 128 3909
3 63 3850 3910
3 63 3910 64
3 3850 3851 3911
3 3850 3911 3910
3 3851 3852 3912
3 3851 3912 3911
3 3852 3853 3913
3 3852 3913 3912
3 3853 3854 3914
3 3853 3914 3913
3 3854 3855 3915
3 3854 3915 3914
3 3855 3856 3916
3 3855 3916 3915
3 3856 3857 3917
3 3856 3917 3916
3 3857 3858 3918
3 3857 3918 3917
3 3858 3859 3919
3 3858 3919 3918
3 3859 3860 3920
3 3859 3920 3919
3 3860 3861 3921
3 3860 3921 3920
3 3861 3862 3922
3 3861 3922 3921
3 3862 3863 3923
3 3862 3923 3922
3 3863 3864 3924
3 3863 3924 3923
3 3864 3865 3925
3 3864 3925 3924
3 3865 3866 3926
3 3865 3926 3925
3 3866 3867 3927
3 3866 3927 3926
3 3867 3868 3928
3 3867 3928 3927
3 3868 3869 3929
3 3868 3929 3928
3 3869 3870 3930
3 3869 3930 3929
3 3870 3871 3931
3 3870 3931 3930
3 3871 3872 3932
3 3871 3932 3931
3 3872 3873 3933
3 3872 3933 3932
3 3873 3874 3934
3 3873 3934 3933
3 3874 3875 3935
3 3874 3935 3934
3 3875 3876 3936
3 3875 3936 3935
3 3876 3877 3937
3 3876 3937 3936
3 3877 3878 3938
3 3877 3938 3937
3 3878 3879 3939
3 3878 3939 3938
3 3879 3880 3940
3 3879 3940 3939
3 3880 3881 3941
3 3880 3941 3940
3 3881 3882 3942
3 3881 3942 3941
3 3882 3883 3943
3 3882 3943 3942
3 3883 3884 3944
3 3883 3944 3943
3 3884 3885 3945
3 3884 3945 3944
3 3885 3886 3946
3 3885 3946 3945
3 3886 3887 3947
3 3886 3947 3946
3 3887 3888 3948
3 3887 3948 3947
3 3888 3889 3949
3 3888 3949 3948
3 3889 3890 3950
3 3889 3950 3949
3 3890 3891 3951
3 3890 3951 3950
3 3891 3892 3952
3 3891 3952 3951
3 3892 3893 3953
3 3892 3953 3952
3 3893 3894 3954
3 3893 3954 3953
3 3894 3895 3955
3 3894 3955 3954
3 3895 3896 3956
3 3895 3956 3955
3 3896 3897 3957
3 3896 3957 3956
3 3897 3898 3958
3 3897 3958 3957
3 3898 3899 3959
3 3898 3959 3958
3 3899 3900 3960
3 3899 3960 3959
3 3900 3901 3961
3 3900 3961 3960
3 3901 3902 3962
3 3901 3962 3961
3 3902 3903 3963
3 3902 3963 3962
3 3903 3904 3964
3 3903 3964 3963
3 3904 3905 3965
3 3904 3965 3964
3 3905 3906 3966
3 3905 3966 3965
3 3906 3907 3967
3 3906 3967 3966
3 3907 3908 3968
3 3907 3968 3967
3 3908 3909 3969
3 3908 3969 3968
3 3909 128 129
3 3909 129 3969
3 64 3910 130
3 64 130 2
3 3910 3911 132
3 3910 132 130
3 3911 3912 134
3 3911 134 132
3 3912 3913 136
3 3912 136 134
3 3913 3914 138
3 3913 138 136
3 3914 3915 140
3 3914 140 138
3 3915 3916 142
3 3915 142 140
3 3916 3917 144
3 3916 144 142
3 3917 3918 146
3 3917 146 144
3 3918 3919 148
3 3918 148 146
3 3919 3920 150
3 3919 150 148
3 3920 3921 152
3 3920 152 150
3 3921 3922 154
3 3921 154 152
3 3922 3923 156
3 3922 156 154
3 3923 3924 158
3 3923 158 156
3 3924 3925 160
3 3924 160 158
3 3925 3926 162
3 3925 162 160
3 3926 3927 164
3 3926 164 162
3 3927 3928 166
3 3927 166 164
3 3928 3929 168
3 3928 168 166
3 3929 3930 170
3 3929 170 168
3 3930 3931 172
3 3930 172 170
3 3931 3932 174
3 3931 174 172
3 3932 3933 176
3 3932 176 174
3 3933 3934 178
3 3933 178 176
3 3934 3935 180
3 3934 180 178
3 3935 3936 182
3 3935 182 180
3 3936 3937 184
3 3936 184 182
3 3937 3938 186
3 3937 186 184
3 3938 3939 188
3 3938 188 186
3 3939 3940 190
3 3939 190 188
3 3940 3941 192
3 3940 192 190
3 3941 3942 194
3 3941 194 192
3 3942 3943 196
3 3942 196 194
3 3943 3944 198
3 3943 198 196
3 3944 3945 200
3 3944 200 198
3 3945 3946 202
3 3945 202 200
3 3946 3947 204
3 3946 204 202
3 3947 3948 206
3 3947 206 204
3 3948 3949 208
3 3948 208 206
3 3949 3950 210
3 3949 210 208
3 3950 3951 212
3 3950 212 210
3 3951 3952 214
3 3951 214 212
3 3952 3953 216
3 3952 216 214
3 3953 3954 218
3 3953 218 216
3 3954 3955 220
3 3954 220 218
3 3955 3956 222
3 3955 222 220
3 3956 3957 224
3 3956 224 222
3 3957 3958 226
3 3957 226 224
3 3958 3959 228
3 3958 228 226
3 3959 3960 230
3 3959 230 228
3 3960 3961 232
3 3960 232 230
3 3961 3962 234
3 3961 234 232
3 3962 3963 236
3 3962 236 234
3 3963 3964 238
3 3963 238 236
3 3964 3965 240
3 3964 240 238
3 3965 3966 242
3 3965 242 240
3 3966 3967 244
3 3966 244 242
3 3967 3968 246
3 3967 246 244
3 3968 3969 248
3 3968 248 246
3 3969 129 65
3 3969 65 248
