OFF
3970 7936 0
1.7533127069473267 -2.3173708915710449 0.5158125162124634
1.7338147163391113 -2.3018474578857422 0.5164340734481812
1.7516974210739136 -2.3192071914672852 0.5158125162124634
1.7547404766082764 -2.3153848648071289 0.5158125162124634
1.7559665441513062 -2.3132686614990234 0.5158125162124634
1.7569793462753296 -2.3110423088073730 0.5158125162124634
1.7577691078186035 -2.3087275028228760 0.5158125162124634
1.7583281993865967 -2.3063464164733887 0.5158125162124634
1.7586511373519897 -2.3039216995239258 0.5158125162124634
1.7587347030639648 -2.3014774322509766 0.5158125162124634
1.7585784196853638 -2.2990365028381348 0.5158125162124634
1.7581838369369507 -2.2966227531433105 0.5158125162124634
1.7575545310974121 -2.2942595481872559 0.5158125162124634
1.7566964626312256 -2.2919692993164062 0.5158125162124634
1.7556180953979492 -2.2897739410400391 0.5158125162124634
1.7543296813964844 -2.2876946926116943 0.5158125162124634
1.7528436183929443 -2.2857522964477539 0.5158125162124634
1.7511744499206543 -2.2839646339416504 0.5158125162124634
1.7493381500244141 -2.2823491096496582 0.5158125162124634
1.7473521232604980 -2.2809214591979980 0.5158125162124634
1.7452360391616821 -2.2796952724456787 0.5158125162124634
1.7430096864700317 -2.2786827087402344 0.5158125162124634
1.7406947612762451 -2.2778930664062500 0.5158125162124634
1.7383136749267578 -2.2773337364196777 0.5158125162124634
1.7358893156051636 -2.2770106792449951 0.5158125162124634
1.7334448099136353 -2.2769269943237305 0.5158125162124634
1.7310042381286621 -2.2770831584930420 0.5158125162124634
1.7285903692245483 -2.2774779796600342 0.5158125162124634
1.7262269258499146 -2.2781074047088623 0.5158125162124634
1.7239365577697754 -2.2789657115936279 0.5158125162124634
1.7217413187026978 -2.2800440788269043 0.5158125162124634
1.7196624279022217 -2.2813322544097900 0.5158125162124634
1.7177195549011230 -2.2828180789947510 0.5158125162124634
1.7159320116043091 -2.2844874858856201 0.5158125162124634
1.7143166065216064 -2.2863237857818604 0.5158125162124634
1.7128888368606567 -2.2883098125457764 0.5158125162124634
1.7116627693176270 -2.2904260158538818 0.5158125162124634
1.7106498479843140 -2.2926523685455322 0.5158125162124634
1.7098603248596191 -2.2949671745300293 0.5158125162124634
1.7093012332916260 -2.2973482608795166 0.5158125162124634
1.7089782953262329 -2.2997725009918213 0.5158125162124634
1.7088943719863892 -2.3022167682647705 0.5158125162124634
1.7090505361557007 -2.3046579360961914 0.5158125162124634
1.7094453573226929 -2.3070716857910156 0.5158125162124634
1.7100746631622314 -2.3094351291656494 0.5158125162124634
1.7109329700469971 -2.3117256164550781 0.5158125162124634
1.7120113372802734 -2.3139204978942871 0.5158125162124634
1.7132997512817383 -2.3159995079040527 0.5158125162124634
1.7147858142852783 -2.3179426193237305 0.5158125162124634
1.7164548635482788 -2.3197300434112549 0.5158125162124634
1.7182912826538086 -2.3213455677032471 0.5158125162124634
1.7202771902084351 -2.3227729797363281 0.5158125162124634
1.7223933935165405 -2.3239991664886475 0.5158125162124634
1.7246197462081909 -2.3250119686126709 0.5158125162124634
1.7269344329833984 -2.3258016109466553 0.5158125162124634
1.7293155193328857 -2.3263607025146484 0.5158125162124634
1.7317398786544800 -2.3266835212707520 0.5158125162124634
1.7341843843460083 -2.3267674446105957 0.5158125162124634
1.7366251945495605 -2.3266110420227051 0.5158125162124634
1.7390390634536743 -2.3262164592742920 0.5158125162124634
1.7414025068283081 -2.3255870342254639 0.5158125162124634
1.7436926364898682 -2.3247289657592773 0.5158125162124634
1.7458881139755249 -2.3236508369445801 0.5158125162124634
1.7479668855667114 -2.3223624229431152 0.5158125162124634
1.7499096393585205 -2.3208763599395752 0.5158125162124634
1.7516974210739136 -2.3192071914672852 -0.4829443395137787
1.7338147163391113 -2.3018474578857422 -0.4835658967494965
1.7533127069473267 -2.3173708915710449 -0.4829443395137787
1.7547404766082764 -2.3153848648071289 -0.4829443395137787
1.7559665441513062 -2.3132686614990234 -0.4829443395137787
1.7569793462753296 -2.3110423088073730 -0.4829443395137787
1.7577691078186035 -2.3087275028228760 -0.4829443395137787
1.7583281993865967 -2.3063464164733887 -0.4829443395137787
1.7586511373519897 -2.3039216995239258 -0.4829443395137787
1.7587347030639648 -2.3014774322509766 -0.4829443395137787
1.7585784196853638 -2.2990365028381348 -0.4829443395137787
1.7581838369369507 -2.2966227531433105 -0.4829443395137787
1.7575545310974121 -2.2942595481872559 -0.4829443395137787
1.7566964626312256 -2.2919692993164062 -0.4829443395137787
1.7556180953979492 -2.2897739410400391 -0.4829443395137787
1.7543296813964844 -2.2876946926116943 -0.4829443395137787
1.7528436183929443 -2.2857522964477539 -0.4829443395137787
1.7511744499206543 -2.2839646339416504 -0.4829443395137787
1.7493381500244141 -2.2823491096496582 -0.4829443395137787
1.7473521232604980 -2.2809214591979980 -0.4829443395137787
1.7452360391616821 -2.2796952724456787 -0.4829443395137787
1.7430096864700317 -2.2786827087402344 -0.4829443395137787
1.7406947612762451 -2.2778930664062500 -0.4829443395137787
1.7383136749267578 -2.2773337364196777 -0.4829443395137787
1.7358893156051636 -2.2770106792449951 -0.4829443395137787
1.7334448099136353 -2.2769269943237305 -0.4829443395137787
1.7310042381286621 -2.2770831584930420 -0.4829443395137787
1.7285903692245483 -2.2774779796600342 -0.4829443395137787
1.7262269258499146 -2.2781074047088623 -0.4829443395137787
1.7239365577697754 -2.2789657115936279 -0.4829443395137787
1.7217413187026978 -2.2800440788269043 -0.4829443395137787
1.7196624279022217 -2.2813322544097900 -0.4829443395137787
1.7177195549011230 -2.2828180789947510 -0.4829443395137787
1.7159320116043091 -2.2844874858856201 -0.4829443395137787
1.7143166065216064 -2.2863237857818604 -0.4829443395137787
1.7128888368606567 -2.2883098125457764 -0.4829443395137787
1.7116627693176270 -2.2904260158538818 -0.4829443395137787
1.7106498479843140 -2.2926523685455322 -0.4829443395137787
1.7098603248596191 -2.2949671745300293 -0.4829443395137787
1.7093012332916260 -2.2973482608795166 -0.4829443395137787
1.7089782953262329 -2.2997725009918213 -0.4829443395137787
1.7088943719863892 -2.3022167682647705 -0.4829443395137787
1.7090505361557007 -2.3046579360961914 -0.4829443395137787
1.7094453573226929 -2.3070716857910156 -0.4829443395137787
1.7100746631622314 -2.3094351291656494 -0.4829443395137787
1.7109329700469971 -2.3117256164550781 -0.4829443395137787
1.7120113372802734 -2.3139204978942871 -0.4829443395137787
1.7132997512817383 -2.3159995079040527 -0.4829443395137787
1.7147858142852783 -2.3179426193237305 -0.4829443395137787
1.7164548635482788 -2.3197300434112549 -0.4829443395137787
1.7182912826538086 -2.3213455677032471 -0.4829443395137787
1.7202771902084351 -2.3227729797363281 -0.4829443395137787
1.7223933935165405 -2.3239991664886475 -0.4829443395137787
1.7246197462081909 -2.3250119686126709 -0.4829443395137787
1.7269344329833984 -2.3258016109466553 -0.4829443395137787
1.7293155193328857 -2.3263607025146484 -0.4829443395137787
1.7317398786544800 -2.3266835212707520 -0.4829443395137787
1.7341843843460083 -2.3267674446105957 -0.4829443395137787
1.7366251945495605 -2.3266110420227051 -0.4829443395137787
1.7390390634536743 -2.3262164592742920 -0.4829443395137787
1.7414025068283081 -2.3255870342254639 -0.4829443395137787
1.7436926364898682 -2.3247289657592773 -0.4829443395137787
1.7458881139755249 -2.3236508369445801 -0.4829443395137787
1.7479668855667114 -2.3223624229431152 -0.4829443395137787
1.7499096393585205 -2.3208763599395752 -0.4829443395137787
1.7695354223251343 -2.3365235328674316 0.5139495134353638
1.7727625370025635 -2.3328554630279541 0.5139495134353638
1.7872849702835083 -2.3537542819976807 0.5108495354652405
1.7921152114868164 -2.3482632637023926 0.5108495354652405
1.8049013614654541 -2.3708555698394775 0.5065203309059143
1.8113231658935547 -2.3635556697845459 0.5065203309059143
1.8223412036895752 -2.3877854347229004 0.5009727478027344
1.8303383588790894 -2.3786945343017578 0.5009727478027344
1.8395608663558960 -2.4045016765594482 0.4942204952239990
1.8491134643554688 -2.3936424255371094 0.4942204952239990
1.8565176725387573 -2.4209625720977783 0.4862803816795349
1.8676019906997681 -2.4083619117736816 0.4862803816795349
1.8731694221496582 -2.4371273517608643 0.4771721959114075
1.8857580423355103 -2.4228169918060303 0.4771721959114075
1.8894743919372559 -2.4529559612274170 0.4669185280799866
1.9035362005233765 -2.4369707107543945 0.4669185280799866
1.9053926467895508 -2.4684085845947266 0.4555448889732361
1.9208923578262329 -2.4507889747619629 0.4555448889732361
1.9208844900131226 -2.4834473133087158 0.4430795311927795
1.9377834796905518 -2.4642367362976074 0.4430795311927795
1.9359110593795776 -2.4980347156524658 0.4295534491539001
1.9541676044464111 -2.4772808551788330 0.4295534491539001
1.9504351615905762 -2.5121340751647949 0.4150003492832184
1.9700036048889160 -2.4898886680603027 0.4150003492832184
1.9644207954406738 -2.5257108211517334 0.3994563221931458
1.9852527379989624 -2.5020294189453125 0.3994563221931458
1.9778329133987427 -2.5387308597564697 0.3829600214958191
1.9998764991760254 -2.5136721134185791 0.3829600214958191
1.9906387329101562 -2.5511620044708252 0.3655524849891663
2.0138387680053711 -2.5247881412506104 0.3655524849891663
2.0028057098388672 -2.5629734992980957 0.3472770154476166
2.0271053314208984 -2.5353503227233887 0.3472770154476166
2.0143041610717773 -2.5741355419158936 0.3281790018081665
2.0396420955657959 -2.5453314781188965 0.3281790018081665
2.0251049995422363 -2.5846207141876221 0.3083059191703796
2.0514187812805176 -2.5547075271606445 0.3083059191703796
2.0351815223693848 -2.5944027900695801 0.2877072393894196
2.0624060630798340 -2.5634548664093018 0.2877072393894196
2.0445094108581543 -2.6034574508666992 0.2664341032505035
2.0725760459899902 -2.5715517997741699 0.2664341032505035
2.0530643463134766 -2.6117625236511230 0.2445394247770309
2.0819044113159180 -2.5789783000946045 0.2445394247770309
2.0608260631561279 -2.6192972660064697 0.2220776528120041
2.0903668403625488 -2.5857160091400146 0.2220776528120041
2.0677740573883057 -2.6260423660278320 0.1991046220064163
2.0979425907135010 -2.5917475223541260 0.1991046220064163
2.0738923549652100 -2.6319816112518311 0.1756774336099625
2.1046137809753418 -2.5970585346221924 0.1756774336099625
2.0791649818420410 -2.6370999813079834 0.1518543511629105
2.1103627681732178 -2.6016356945037842 0.1518543511629105
2.0835790634155273 -2.6413850784301758 0.1276945769786835
2.1151754856109619 -2.6054673194885254 0.1276945769786835
2.0871236324310303 -2.6448261737823486 0.1032581925392151
2.1190400123596191 -2.6085441112518311 0.1032581925392151
2.0897896289825439 -2.6474139690399170 0.0786059573292732
2.1219470500946045 -2.6108582019805908 0.0786059573292732
2.0915708541870117 -2.6491434574127197 0.0537991523742676
2.1238889694213867 -2.6124043464660645 0.0537991523742676
2.0924625396728516 -2.6500086784362793 0.0288994517177343
2.1248612403869629 -2.6131787300109863 0.0288994517177343
2.0924625396728516 -2.6500086784362793 0.0039687603712082
2.1248612403869629 -2.6131787300109863 0.0039687603712082
2.0915708541870117 -2.6491434574127197 -0.0209309402853251
2.1238889694213867 -2.6124043464660645 -0.0209309402853251
2.0897896289825439 -2.6474139690399170 -0.0457377471029758
2.1219470500946045 -2.6108582019805908 -0.0457377471029758
2.0871236324310303 -2.6448261737823486 -0.0703899860382080
2.1190400123596191 -2.6085441112518311 -0.0703899860382080
2.0835790634155273 -2.6413850784301758 -0.0948263555765152
2.1151754856109619 -2.6054673194885254 -0.0948263555765152
2.0791649818420410 -2.6370999813079834 -0.1189861297607422
2.1103627681732178 -2.6016356945037842 -0.1189861297607422
2.0738923549652100 -2.6319816112518311 -0.1428092122077942
2.1046137809753418 -2.5970585346221924 -0.1428092122077942
2.0677740573883057 -2.6260423660278320 -0.1662364006042480
2.0979425907135010 -2.5917475223541260 -0.1662364006042480
2.0608260631561279 -2.6192972660064697 -0.1892094463109970
2.0903668403625488 -2.5857160091400146 -0.1892094463109970
2.0530643463134766 -2.6117625236511230 -0.2116712331771851
2.0819044113159180 -2.5789783000946045 -0.2116712331771851
2.0445094108581543 -2.6034574508666992 -0.2335658967494965
2.0725760459899902 -2.5715517997741699 -0.2335658967494965
2.0351815223693848 -2.5944027900695801 -0.2548390328884125
2.0624060630798340 -2.5634548664093018 -0.2548390328884125
2.0251049995422363 -2.5846207141876221 -0.2754377424716949
2.0514187812805176 -2.5547075271606445 -0.2754377424716949
2.0143041610717773 -2.5741355419158936 -0.2953107953071594
2.0396420955657959 -2.5453314781188965 -0.2953107953071594
2.0028057098388672 -2.5629734992980957 -0.3144088387489319
2.0271053314208984 -2.5353503227233887 -0.3144088387489319
1.9906387329101562 -2.5511620044708252 -0.3326843082904816
2.0138387680053711 -2.5247881412506104 -0.3326843082904816
1.9778329133987427 -2.5387308597564697 -0.3500918447971344
1.9998764991760254 -2.5136721134185791 -0.3500918447971344
1.9644207954406738 -2.5257108211517334 -0.3665881156921387
1.9852527379989624 -2.5020294189453125 -0.3665881156921387
1.9504351615905762 -2.5121340751647949 -0.3821321427822113
1.9700036048889160 -2.4898886680603027 -0.3821321427822113
1.9359110593795776 -2.4980347156524658 -0.3966852724552155
1.9541676044464111 -2.4772808551788330 -0.3966852724552155
1.9208844900131226 -2.4834473133087158 -0.4102113246917725
1.9377834796905518 -2.4642367362976074 -0.4102113246917725
1.9053926467895508 -2.4684085845947266 -0.4226767122745514
1.9208923578262329 -2.4507889747619629 -0.4226767122745514
1.8894743919372559 -2.4529559612274170 -0.4340503215789795
1.9035362005233765 -2.4369707107543945 -0.4340503215789795
1.8731694221496582 -2.4371273517608643 -0.4443039894104004
1.8857580423355103 -2.4228169918060303 -0.4443039894104004
1.8565176725387573 -2.4209625720977783 -0.4534122049808502
1.8676019906997681 -2.4083619117736816 -0.4534122049808502
1.8395608663558960 -2.4045016765594482 -0.4613522887229919
1.8491134643554688 -2.3936424255371094 -0.4613522887229919
1.8223412036895752 -2.3877854347229004 -0.4681045413017273
1.8303383588790894 -2.3786945343017578 -0.4681045413017273
1.8049013614654541 -2.3708555698394775 -0.4736521244049072
1.8113231658935547 -2.3635556697845459 -0.4736521244049072
1.7872849702835083 -2.3537542819976807 -0.4779813289642334
1.7921152114868164 -2.3482632637023926 -0.4779813289642334
1.7695354223251343 -2.3365235328674316 -0.4810813069343567
1.7727625370025635 -2.3328554630279541 -0.4810813069343567
1.7756141424179077 -2.3288886547088623 0.5139495134353638
1.7963838577270508 -2.3423252105712891 0.5108495354652405
1.8169982433319092 -2.3556613922119141 0.5065203309059143
1.8374059200286865 -2.3688633441925049 0.5009727478027344
1.8575559854507446 -2.3818991184234619 0.4942204952239990
1.8773981332778931 -2.3947358131408691 0.4862803816795349
1.8968833684921265 -2.4073412418365479 0.4771721959114075
1.9159632921218872 -2.4196848869323730 0.4669185280799866
1.9345902204513550 -2.4317350387573242 0.4555448889732361
1.9527182579040527 -2.4434626102447510 0.4430795311927795
1.9703017473220825 -2.4548377990722656 0.4295534491539001
1.9872976541519165 -2.4658327102661133 0.4150003492832184
2.0036633014678955 -2.4764201641082764 0.3994563221931458
2.0193579196929932 -2.4865734577178955 0.3829600214958191
2.0343425273895264 -2.4962675571441650 0.3655524849891663
2.0485801696777344 -2.5054783821105957 0.3472770154476166
2.0620350837707520 -2.5141828060150146 0.3281790018081665
2.0746741294860840 -2.5223593711853027 0.3083059191703796
2.0864658355712891 -2.5299875736236572 0.2877072393894196
2.0973803997039795 -2.5370488166809082 0.2664341032505035
2.1073915958404541 -2.5435252189636230 0.2445394247770309
2.1164736747741699 -2.5494005680084229 0.2220776528120041
2.1246047019958496 -2.5546607971191406 0.1991046220064163
2.1317636966705322 -2.5592923164367676 0.1756774336099625
2.1379337310791016 -2.5632839202880859 0.1518543511629105
2.1430988311767578 -2.5666253566741943 0.1276945769786835
2.1472465991973877 -2.5693085193634033 0.1032581925392151
2.1503665447235107 -2.5713269710540771 0.0786059573292732
2.1524507999420166 -2.5726752281188965 0.0537991523742676
2.1534941196441650 -2.5733501911163330 0.0288994517177343
2.1534941196441650 -2.5733501911163330 0.0039687603712082
2.1524507999420166 -2.5726752281188965 -0.0209309402853251
2.1503665447235107 -2.5713269710540771 -0.0457377471029758
2.1472465991973877 -2.5693085193634033 -0.0703899860382080
2.1430988311767578 -2.5666253566741943 -0.0948263555765152
2.1379337310791016 -2.5632839202880859 -0.1189861297607422
2.1317636966705322 -2.5592923164367676 -0.1428092122077942
2.1246047019958496 -2.5546607971191406 -0.1662364006042480
2.1164736747741699 -2.5494005680084229 -0.1892094463109970
2.1073915958404541 -2.5435252189636230 -0.2116712331771851
2.0973803997039795 -2.5370488166809082 -0.2335658967494965
2.0864658355712891 -2.5299875736236572 -0.2548390328884125
2.0746741294860840 -2.5223593711853027 -0.2754377424716949
2.0620350837707520 -2.5141828060150146 -0.2953107953071594
2.0485801696777344 -2.5054783821105957 -0.3144088387489319
2.0343425273895264 -2.4962675571441650 -0.3326843082904816
2.0193579196929932 -2.4865734577178955 -0.3500918447971344
2.0036633014678955 -2.4764201641082764 -0.3665881156921387
1.9872976541519165 -2.4658327102661133 -0.3821321427822113
1.9703017473220825 -2.4548377990722656 -0.3966852724552155
1.9527182579040527 -2.4434626102447510 -0.4102113246917725
1.9345902204513550 -2.4317350387573242 -0.4226767122745514
1.9159632921218872 -2.4196848869323730 -0.4340503215789795
1.8968833684921265 -2.4073412418365479 -0.4443039894104004
1.8773981332778931 -2.3947358131408691 -0.4534122049808502
1.8575559854507446 -2.3818991184234619 -0.4613522887229919
1.8374059200286865 -2.3688633441925049 -0.4681045413017273
1.8169982433319092 -2.3556613922119141 -0.4736521244049072
1.7963838577270508 -2.3423252105712891 -0.4779813289642334
1.7756141424179077 -2.3288886547088623 -0.4810813069343567
1.7780634164810181 -2.3246612548828125 0.5139495134353638
1.8000502586364746 -2.3359975814819336 0.5108495354652405
1.8218724727630615 -2.3472485542297363 0.5065203309059143
1.8434756994247437 -2.3583869934082031 0.5009727478027344
1.8648065328598022 -2.3693850040435791 0.4942204952239990
1.8858114480972290 -2.3802146911621094 0.4862803816795349
1.9064383506774902 -2.3908495903015137 0.4771721959114075
1.9266363382339478 -2.4012634754180908 0.4669185280799866
1.9463548660278320 -2.4114301204681396 0.4555448889732361
1.9655449390411377 -2.4213242530822754 0.4430795311927795
1.9841588735580444 -2.4309213161468506 0.4295534491539001
2.0021505355834961 -2.4401974678039551 0.4150003492832184
2.0194749832153320 -2.4491298198699951 0.3994563221931458
2.0360891819000244 -2.4576959609985352 0.3829600214958191
2.0519521236419678 -2.4658744335174561 0.3655524849891663
2.0670239925384521 -2.4736454486846924 0.3472770154476166
2.0812673568725586 -2.4809892177581787 0.3281790018081665
2.0946469306945801 -2.4878873825073242 0.3083059191703796
2.1071293354034424 -2.4943232536315918 0.2877072393894196
2.1186838150024414 -2.5002806186676025 0.2664341032505035
2.1292815208435059 -2.5057444572448730 0.2445394247770309
2.1388957500457764 -2.5107014179229736 0.2220776528120041
2.1475031375885010 -2.5151393413543701 0.1991046220064163
2.1550819873809814 -2.5190470218658447 0.1756774336099625
2.1616129875183105 -2.5224144458770752 0.1518543511629105
2.1670811176300049 -2.5252335071563721 0.1276945769786835
2.1714715957641602 -2.5274972915649414 0.1032581925392151
2.1747741699218750 -2.5292000770568848 0.0786059573292732
2.1769804954528809 -2.5303375720977783 0.0537991523742676
2.1780850887298584 -2.5309071540832520 0.0288994517177343
2.1780850887298584 -2.5309071540832520 0.0039687603712082
2.1769804954528809 -2.5303375720977783 -0.0209309402853251
2.1747741699218750 -2.5292000770568848 -0.0457377471029758
2.1714715957641602 -2.5274972915649414 -0.0703899860382080
2.1670811176300049 -2.5252335071563721 -0.0948263555765152
2.1616129875183105 -2.5224144458770752 -0.1189861297607422
2.1550819873809814 -2.5190470218658447 -0.1428092122077942
2.1475031375885010 -2.5151393413543701 -0.1662364006042480
2.1388957500457764 -2.5107014179229736 -0.1892094463109970
2.1292815208435059 -2.5057444572448730 -0.2116712331771851
2.1186838150024414 -2.5002806186676025 -0.2335658967494965
2.1071293354034424 -2.4943232536315918 -0.2548390328884125
2.0946469306945801 -2.4878873825073242 -0.2754377424716949
2.0812673568725586 -2.4809892177581787 -0.2953107953071594
2.0670239925384521 -2.4736454486846924 -0.3144088387489319
2.0519521236419678 -2.4658744335174561 -0.3326843082904816
2.0360891819000244 -2.4576959609985352 -0.3500918447971344
2.0194749832153320 -2.4491298198699951 -0.3665881156921387
2.0021505355834961 -2.4401974678039551 -0.3821321427822113
1.9841588735580444 -2.4309213161468506 -0.3966852724552155
1.9655449390411377 -2.4213242530822754 -0.4102113246917725
1.9463548660278320 -2.4114301204681396 -0.4226767122745514
1.9266363382339478 -2.4012634754180908 -0.4340503215789795
1.9064383506774902 -2.3908495903015137 -0.4443039894104004
1.8858114480972290 -2.3802146911621094 -0.4534122049808502
1.8648065328598022 -2.3693850040435791 -0.4613522887229919
1.8434756994247437 -2.3583869934082031 -0.4681045413017273
1.8218724727630615 -2.3472485542297363 -0.4736521244049072
1.8000502586364746 -2.3359975814819336 -0.4779813289642334
1.7780634164810181 -2.3246612548828125 -0.4810813069343567
1.7800866365432739 -2.3202142715454102 0.5139495134353638
1.8030786514282227 -2.3293409347534180 0.5108495354652405
1.8258985280990601 -2.3383989334106445 0.5065203309059143
1.8484895229339600 -2.3473660945892334 0.5009727478027344
1.8707952499389648 -2.3562200069427490 0.4942204952239990
1.8927608728408813 -2.3649389743804932 0.4862803816795349
1.9143308401107788 -2.3735010623931885 0.4771721959114075
1.9354523420333862 -2.3818848133087158 0.4669185280799866
1.9560724496841431 -2.3900699615478516 0.4555448889732361
1.9761397838592529 -2.3980352878570557 0.4430795311927795
1.9956048727035522 -2.4057617187500000 0.4295534491539001
2.0144190788269043 -2.4132299423217773 0.4150003492832184
2.0325357913970947 -2.4204211235046387 0.3994563221931458
2.0499093532562256 -2.4273171424865723 0.3829600214958191
2.0664975643157959 -2.4339015483856201 0.3655524849891663
2.0822584629058838 -2.4401578903198242 0.3472770154476166
2.0971531867980957 -2.4460701942443848 0.3281790018081665
2.1111445426940918 -2.4516239166259766 0.3083059191703796
2.1241979598999023 -2.4568052291870117 0.2877072393894196
2.1362805366516113 -2.4616012573242188 0.2664341032505035
2.1473622322082520 -2.4660000801086426 0.2445394247770309
2.1574163436889648 -2.4699909687042236 0.2220776528120041
2.1664173603057861 -2.4735639095306396 0.1991046220064163
2.1743426322937012 -2.4767096042633057 0.1756774336099625
2.1811723709106445 -2.4794206619262695 0.1518543511629105
2.1868903636932373 -2.4816901683807373 0.1276945769786835
2.1914818286895752 -2.4835128784179688 0.1032581925392151
2.1949355602264404 -2.4848835468292236 0.0786059573292732
2.1972424983978271 -2.4857995510101318 0.0537991523742676
2.1983976364135742 -2.4862580299377441 0.0288994517177343
2.1983976364135742 -2.4862580299377441 0.0039687603712082
2.1972424983978271 -2.4857995510101318 -0.0209309402853251
2.1949355602264404 -2.4848835468292236 -0.0457377471029758
2.1914818286895752 -2.4835128784179688 -0.0703899860382080
2.1868903636932373 -2.4816901683807373 -0.0948263555765152
2.1811723709106445 -2.4794206619262695 -0.1189861297607422
2.1743426322937012 -2.4767096042633057 -0.1428092122077942
2.1664173603057861 -2.4735639095306396 -0.1662364006042480
2.1574163436889648 -2.4699909687042236 -0.1892094463109970
2.1473622322082520 -2.4660000801086426 -0.2116712331771851
2.1362805366516113 -2.4616012573242188 -0.2335658967494965
2.1241979598999023 -2.4568052291870117 -0.2548390328884125
2.1111445426940918 -2.4516239166259766 -0.2754377424716949
2.0971531867980957 -2.4460701942443848 -0.2953107953071594
2.0822584629058838 -2.4401578903198242 -0.3144088387489319
2.0664975643157959 -2.4339015483856201 -0.3326843082904816
2.0499093532562256 -2.4273171424865723 -0.3500918447971344
2.0325357913970947 -2.4204211235046387 -0.3665881156921387
2.0144190788269043 -2.4132299423217773 -0.3821321427822113
1.9956048727035522 -2.4057617187500000 -0.3966852724552155
1.9761397838592529 -2.3980352878570557 -0.4102113246917725
1.9560724496841431 -2.3900699615478516 -0.4226767122745514
1.9354523420333862 -2.3818848133087158 -0.4340503215789795
1.9143308401107788 -2.3735010623931885 -0.4443039894104004
1.8927608728408813 -2.3649389743804932 -0.4534122049808502
1.8707952499389648 -2.3562200069427490 -0.4613522887229919
1.8484895229339600 -2.3473660945892334 -0.4681045413017273
1.8258985280990601 -2.3383989334106445 -0.4736521244049072
1.8030786514282227 -2.3293409347534180 -0.4779813289642334
1.7800866365432739 -2.3202142715454102 -0.4810813069343567
1.7816641330718994 -2.3155906200408936 0.5139495134353638
1.8054401874542236 -2.3224194049835205 0.5108495354652405
1.8290379047393799 -2.3291969299316406 0.5065203309059143
1.8523991107940674 -2.3359069824218750 0.5009727478027344
1.8754655122756958 -2.3425319194793701 0.4942204952239990
1.8981794118881226 -2.3490557670593262 0.4862803816795349
1.9204851388931274 -2.3554623126983643 0.4771721959114075
1.9423265457153320 -2.3617355823516846 0.4669185280799866
1.9636493921279907 -2.3678598403930664 0.4555448889732361
1.9844011068344116 -2.3738200664520264 0.4430795311927795
2.0045297145843506 -2.3796017169952393 0.4295534491539001
2.0239853858947754 -2.3851895332336426 0.4150003492832184
2.0427196025848389 -2.3905701637268066 0.3994563221931458
2.0606856346130371 -2.3957304954528809 0.3829600214958191
2.0778391361236572 -2.4006571769714355 0.3655524849891663
2.0941376686096191 -2.4053382873535156 0.3472770154476166
2.1095399856567383 -2.4097621440887451 0.3281790018081665
2.1240084171295166 -2.4139180183410645 0.3083059191703796
2.1375062465667725 -2.4177947044372559 0.2877072393894196
2.1500010490417480 -2.4213833808898926 0.2664341032505035
2.1614608764648438 -2.4246749877929688 0.2445394247770309
2.1718575954437256 -2.4276609420776367 0.2220776528120041
2.1811652183532715 -2.4303343296051025 0.1991046220064163
2.1893606185913086 -2.4326882362365723 0.1756774336099625
2.1964235305786133 -2.4347169399261475 0.1518543511629105
2.2023363113403320 -2.4364149570465088 0.1276945769786835
2.2070841789245605 -2.4377787113189697 0.1032581925392151
2.2106556892395020 -2.4388043880462646 0.0786059573292732
2.2130415439605713 -2.4394898414611816 0.0537991523742676
2.2142357826232910 -2.4398326873779297 0.0288994517177343
2.2142357826232910 -2.4398326873779297 0.0039687603712082
2.2130415439605713 -2.4394898414611816 -0.0209309402853251
2.2106556892395020 -2.4388043880462646 -0.0457377471029758
2.2070841789245605 -2.4377787113189697 -0.0703899860382080
2.2023363113403320 -2.4364149570465088 -0.0948263555765152
2.1964235305786133 -2.4347169399261475 -0.1189861297607422
2.1893606185913086 -2.4326882362365723 -0.1428092122077942
2.1811652183532715 -2.4303343296051025 -0.1662364006042480
2.1718575954437256 -2.4276609420776367 -0.1892094463109970
2.1614608764648438 -2.4246749877929688 -0.2116712331771851
2.1500010490417480 -2.4213833808898926 -0.2335658967494965
2.1375062465667725 -2.4177947044372559 -0.2548390328884125
2.1240084171295166 -2.4139180183410645 -0.2754377424716949
2.1095399856567383 -2.4097621440887451 -0.2953107953071594
2.0941376686096191 -2.4053382873535156 -0.3144088387489319
2.0778391361236572 -2.4006571769714355 -0.3326843082904816
2.0606856346130371 -2.3957304954528809 -0.3500918447971344
2.0427196025848389 -2.3905701637268066 -0.3665881156921387
2.0239853858947754 -2.3851895332336426 -0.3821321427822113
2.0045297145843506 -2.3796017169952393 -0.3966852724552155
1.9844011068344116 -2.3738200664520264 -0.4102113246917725
1.9636493921279907 -2.3678598403930664 -0.4226767122745514
1.9423265457153320 -2.3617355823516846 -0.4340503215789795
1.9204851388931274 -2.3554623126983643 -0.4443039894104004
1.8981794118881226 -2.3490557670593262 -0.4534122049808502
1.8754655122756958 -2.3425319194793701 -0.4613522887229919
1.8523991107940674 -2.3359069824218750 -0.4681045413017273
1.8290379047393799 -2.3291969299316406 -0.4736521244049072
1.8054401874542236 -2.3224194049835205 -0.4779813289642334
1.7816641330718994 -2.3155906200408936 -0.4810813069343567
1.7827807664871216 -2.3108344078063965 0.5139495134353638
1.8071115016937256 -2.3152997493743896 0.5108495354652405
1.8312600851058960 -2.3197319507598877 0.5065203309059143
1.8551665544509888 -2.3241193294525146 0.5009727478027344
1.8787711858749390 -2.3284518718719482 0.4942204952239990
1.9020153284072876 -2.3327178955078125 0.4862803816795349
1.9248414039611816 -2.3369073867797852 0.4771721959114075
1.9471924304962158 -2.3410093784332275 0.4669185280799866
1.9690130949020386 -2.3450140953063965 0.4555448889732361
1.9902491569519043 -2.3489117622375488 0.4430795311927795
2.0108473300933838 -2.3526923656463623 0.4295534491539001
2.0307569503784180 -2.3563463687896729 0.4150003492832184
2.0499284267425537 -2.3598651885986328 0.3994563221931458
2.0683140754699707 -2.3632392883300781 0.3829600214958191
2.0858678817749023 -2.3664612770080566 0.3655524849891663
2.1025462150573730 -2.3695220947265625 0.3472770154476166
2.1183080673217773 -2.3724150657653809 0.3281790018081665
2.1331140995025635 -2.3751325607299805 0.3083059191703796
2.1469273567199707 -2.3776676654815674 0.2877072393894196
2.1597135066986084 -2.3800146579742432 0.2664341032505035
2.1714408397674561 -2.3821668624877930 0.2445394247770309
2.1820800304412842 -2.3841192722320557 0.2220776528120041
2.1916050910949707 -2.3858675956726074 0.1991046220064163
2.1999917030334473 -2.3874068260192871 0.1756774336099625
2.2072193622589111 -2.3887331485748291 0.1518543511629105
2.2132701873779297 -2.3898437023162842 0.1276945769786835
2.2181291580200195 -2.3907358646392822 0.1032581925392151
2.2217838764190674 -2.3914067745208740 0.0786059573292732
2.2242252826690674 -2.3918545246124268 0.0537991523742676
2.2254476547241211 -2.3920788764953613 0.0288994517177343
2.2254476547241211 -2.3920788764953613 0.0039687603712082
2.2242252826690674 -2.3918545246124268 -0.0209309402853251
2.2217838764190674 -2.3914067745208740 -0.0457377471029758
2.2181291580200195 -2.3907358646392822 -0.0703899860382080
2.2132701873779297 -2.3898437023162842 -0.0948263555765152
2.2072193622589111 -2.3887331485748291 -0.1189861297607422
2.1999917030334473 -2.3874068260192871 -0.1428092122077942
2.1916050910949707 -2.3858675956726074 -0.1662364006042480
2.1820800304412842 -2.3841192722320557 -0.1892094463109970
2.1714408397674561 -2.3821668624877930 -0.2116712331771851
2.1597135066986084 -2.3800146579742432 -0.2335658967494965
2.1469273567199707 -2.3776676654815674 -0.2548390328884125
2.1331140995025635 -2.3751325607299805 -0.2754377424716949
2.1183080673217773 -2.3724150657653809 -0.2953107953071594
2.1025462150573730 -2.3695220947265625 -0.3144088387489319
2.0858678817749023 -2.3664612770080566 -0.3326843082904816
2.0683140754699707 -2.3632392883300781 -0.3500918447971344
2.0499284267425537 -2.3598651885986328 -0.3665881156921387
2.0307569503784180 -2.3563463687896729 -0.3821321427822113
2.0108473300933838 -2.3526923656463623 -0.3966852724552155
1.9902491569519043 -2.3489117622375488 -0.4102113246917725
1.9690130949020386 -2.3450140953063965 -0.4226767122745514
1.9471924304962158 -2.3410093784332275 -0.4340503215789795
1.9248414039611816 -2.3369073867797852 -0.4443039894104004
1.9020153284072876 -2.3327178955078125 -0.4534122049808502
1.8787711858749390 -2.3284518718719482 -0.4613522887229919
1.8551665544509888 -2.3241193294525146 -0.4681045413017273
1.8312600851058960 -2.3197319507598877 -0.4736521244049072
1.8071115016937256 -2.3152997493743896 -0.4779813289642334
1.7827807664871216 -2.3108344078063965 -0.4810813069343567
1.7834259271621704 -2.3059914112091064 0.5139495134353638
1.8080772161483765 -2.3080506324768066 0.5108495354652405
1.8325439691543579 -2.3100943565368652 0.5065203309059143
1.8567651510238647 -2.3121178150177002 0.5009727478027344
1.8806806802749634 -2.3141152858734131 0.4942204952239990
1.9042310714721680 -2.3160824775695801 0.4862803816795349
1.9273581504821777 -2.3180146217346191 0.4771721959114075
1.9500035047531128 -2.3199059963226318 0.4669185280799866
1.9721118211746216 -2.3217527866363525 0.4555448889732361
1.9936274290084839 -2.3235504627227783 0.4430795311927795
2.0144972801208496 -2.3252935409545898 0.4295534491539001
2.0346691608428955 -2.3269786834716797 0.4150003492832184
2.0540928840637207 -2.3286011219024658 0.3994563221931458
2.0727205276489258 -2.3301572799682617 0.3829600214958191
2.0905058383941650 -2.3316428661346436 0.3655524849891663
2.1074042320251465 -2.3330543041229248 0.3472770154476166
2.1233735084533691 -2.3343882560729980 0.3281790018081665
2.1383745670318604 -2.3356413841247559 0.3083059191703796
2.1523699760437012 -2.3368103504180908 0.2877072393894196
2.1653246879577637 -2.3378927707672119 0.2664341032505035
2.1772062778472900 -2.3388850688934326 0.2445394247770309
2.1879856586456299 -2.3397855758666992 0.2220776528120041
2.1976361274719238 -2.3405916690826416 0.1991046220064163
2.2061333656311035 -2.3413016796112061 0.1756774336099625
2.2134563922882080 -2.3419132232666016 0.1518543511629105
2.2195868492126465 -2.3424253463745117 0.1276945769786835
2.2245094776153564 -2.3428366184234619 0.1032581925392151
2.2282125949859619 -2.3431460857391357 0.0786059573292732
2.2306861877441406 -2.3433525562286377 0.0537991523742676
2.2319245338439941 -2.3434560298919678 0.0288994517177343
2.2319245338439941 -2.3434560298919678 0.0039687603712082
2.2306861877441406 -2.3433525562286377 -0.0209309402853251
2.2282125949859619 -2.3431460857391357 -0.0457377471029758
2.2245094776153564 -2.3428366184234619 -0.0703899860382080
2.2195868492126465 -2.3424253463745117 -0.0948263555765152
2.2134563922882080 -2.3419132232666016 -0.1189861297607422
2.2061333656311035 -2.3413016796112061 -0.1428092122077942
2.1976361274719238 -2.3405916690826416 -0.1662364006042480
2.1879856586456299 -2.3397855758666992 -0.1892094463109970
2.1772062778472900 -2.3388850688934326 -0.2116712331771851
2.1653246879577637 -2.3378927707672119 -0.2335658967494965
2.1523699760437012 -2.3368103504180908 -0.2548390328884125
2.1383745670318604 -2.3356413841247559 -0.2754377424716949
2.1233735084533691 -2.3343882560729980 -0.2953107953071594
2.1074042320251465 -2.3330543041229248 -0.3144088387489319
2.0905058383941650 -2.3316428661346436 -0.3326843082904816
2.0727205276489258 -2.3301572799682617 -0.3500918447971344
2.0540928840637207 -2.3286011219024658 -0.3665881156921387
2.0346691608428955 -2.3269786834716797 -0.3821321427822113
2.0144972801208496 -2.3252935409545898 -0.3966852724552155
1.9936274290084839 -2.3235504627227783 -0.4102113246917725
1.9721118211746216 -2.3217527866363525 -0.4226767122745514
1.9500035047531128 -2.3199059963226318 -0.4340503215789795
1.9273581504821777 -2.3180146217346191 -0.4443039894104004
1.9042310714721680 -2.3160824775695801 -0.4534122049808502
1.8806806802749634 -2.3141152858734131 -0.4613522887229919
1.8567651510238647 -2.3121178150177002 -0.4681045413017273
1.8325439691543579 -2.3100943565368652 -0.4736521244049072
1.8080772161483765 -2.3080506324768066 -0.4779813289642334
1.7834259271621704 -2.3059914112091064 -0.4810813069343567
1.7835931777954102 -2.3011088371276855 0.5139495134353638
1.8083276748657227 -2.3007416725158691 0.5108495354652405
1.8328766822814941 -2.3003776073455811 0.5065203309059143
1.8571797609329224 -2.3000171184539795 0.5009727478027344
1.8811759948730469 -2.2996609210968018 0.4942204952239990
1.9048058986663818 -2.2993104457855225 0.4862803816795349
1.9280107021331787 -2.2989661693572998 0.4771721959114075
1.9507325887680054 -2.2986290454864502 0.4669185280799866
1.9729152917861938 -2.2983000278472900 0.4555448889732361
1.9945034980773926 -2.2979795932769775 0.4430795311927795
2.0154438018798828 -2.2976689338684082 0.4295534491539001
2.0356836318969727 -2.2973687648773193 0.4150003492832184
2.0551731586456299 -2.2970795631408691 0.3994563221931458
2.0738637447357178 -2.2968022823333740 0.3829600214958191
2.0917086601257324 -2.2965376377105713 0.3655524849891663
2.1086640357971191 -2.2962861061096191 0.3472770154476166
2.1246874332427979 -2.2960481643676758 0.3281790018081665
2.1397387981414795 -2.2958247661590576 0.3083059191703796
2.1537814140319824 -2.2956166267395020 0.2877072393894196
2.1667797565460205 -2.2954237461090088 0.2664341032505035
2.1787016391754150 -2.2952466011047363 0.2445394247770309
2.1895174980163574 -2.2950863838195801 0.2220776528120041
2.1992003917694092 -2.2949428558349609 0.1991046220064163
2.2077260017395020 -2.2948160171508789 0.1756774336099625
2.2150738239288330 -2.2947070598602295 0.1518543511629105
2.2212250232696533 -2.2946162223815918 0.1276945769786835
2.2261643409729004 -2.2945427894592285 0.1032581925392151
2.2298796176910400 -2.2944877147674561 0.0786059573292732
2.2323615550994873 -2.2944505214691162 0.0537991523742676
2.2336044311523438 -2.2944324016571045 0.0288994517177343
2.2336044311523438 -2.2944324016571045 0.0039687603712082
2.2323615550994873 -2.2944505214691162 -0.0209309402853251
2.2298796176910400 -2.2944877147674561 -0.0457377471029758
2.2261643409729004 -2.2945427894592285 -0.0703899860382080
2.2212250232696533 -2.2946162223815918 -0.0948263555765152
2.2150738239288330 -2.2947070598602295 -0.1189861297607422
2.2077260017395020 -2.2948160171508789 -0.1428092122077942
2.1992003917694092 -2.2949428558349609 -0.1662364006042480
2.1895174980163574 -2.2950863838195801 -0.1892094463109970
2.1787016391754150 -2.2952466011047363 -0.2116712331771851
2.1667797565460205 -2.2954237461090088 -0.2335658967494965
2.1537814140319824 -2.2956166267395020 -0.2548390328884125
2.1397387981414795 -2.2958247661590576 -0.2754377424716949
2.1246874332427979 -2.2960481643676758 -0.2953107953071594
2.1086640357971191 -2.2962861061096191 -0.3144088387489319
2.0917086601257324 -2.2965376377105713 -0.3326843082904816
2.0738637447357178 -2.2968022823333740 -0.3500918447971344
2.0551731586456299 -2.2970795631408691 -0.3665881156921387
2.0356836318969727 -2.2973687648773193 -0.3821321427822113
2.0154438018798828 -2.2976689338684082 -0.3966852724552155
1.9945034980773926 -2.2979795932769775 -0.4102113246917725
1.9729152917861938 -2.2983000278472900 -0.4226767122745514
1.9507325887680054 -2.2986290454864502 -0.4340503215789795
1.9280107021331787 -2.2989661693572998 -0.4443039894104004
1.9048058986663818 -2.2993104457855225 -0.4534122049808502
1.8811759948730469 -2.2996609210968018 -0.4613522887229919
1.8571797609329224 -2.3000171184539795 -0.4681045413017273
1.8328766822814941 -2.3003776073455811 -0.4736521244049072
1.8083276748657227 -2.3007416725158691 -0.4779813289642334
1.7835931777954102 -2.3011088371276855 -0.4810813069343567
1.7832809686660767 -2.2962331771850586 0.5139495134353638
1.8078604936599731 -2.2934434413909912 0.5108495354652405
1.8322556018829346 -2.2906749248504639 0.5065203309059143
1.8564063310623169 -2.2879340648651123 0.5009727478027344
1.8802522420883179 -2.2852275371551514 0.4942204952239990
1.9037339687347412 -2.2825624942779541 0.4862803816795349
1.9267932176589966 -2.2799453735351562 0.4771721959114075
1.9493726491928101 -2.2773828506469727 0.4669185280799866
1.9714162349700928 -2.2748811244964600 0.4555448889732361
1.9928692579269409 -2.2724463939666748 0.4430795311927795
2.0136780738830566 -2.2700846195220947 0.4295534491539001
2.0337910652160645 -2.2678017616271973 0.4150003492832184
2.0531582832336426 -2.2656037807464600 0.3994563221931458
2.0717318058013916 -2.2634959220886230 0.3829600214958191
2.0894649028778076 -2.2614834308624268 0.3655524849891663
2.1063139438629150 -2.2595710754394531 0.3472770154476166
2.1222367286682129 -2.2577638626098633 0.3281790018081665
2.1371941566467285 -2.2560665607452393 0.3083059191703796
2.1511485576629639 -2.2544825077056885 0.2877072393894196
2.1640653610229492 -2.2530167102813721 0.2664341032505035
2.1759123802185059 -2.2516720294952393 0.2445394247770309
2.1866602897644043 -2.2504522800445557 0.2220776528120041
2.1962826251983643 -2.2493603229522705 0.1991046220064163
2.2047550678253174 -2.2483987808227539 0.1756774336099625
2.2120563983917236 -2.2475700378417969 0.1518543511629105
2.2181694507598877 -2.2468762397766113 0.1276945769786835
2.2230775356292725 -2.2463190555572510 0.1032581925392151
2.2267694473266602 -2.2459001541137695 0.0786059573292732
2.2292361259460449 -2.2456202507019043 0.0537991523742676
2.2304706573486328 -2.2454800605773926 0.0288994517177343
2.2304706573486328 -2.2454800605773926 0.0039687603712082
2.2292361259460449 -2.2456202507019043 -0.0209309402853251
2.2267694473266602 -2.2459001541137695 -0.0457377471029758
2.2230775356292725 -2.2463190555572510 -0.0703899860382080
2.2181694507598877 -2.2468762397766113 -0.0948263555765152
2.2120563983917236 -2.2475700378417969 -0.1189861297607422
2.2047550678253174 -2.2483987808227539 -0.1428092122077942
2.1962826251983643 -2.2493603229522705 -0.1662364006042480
2.1866602897644043 -2.2504522800445557 -0.1892094463109970
2.1759123802185059 -2.2516720294952393 -0.2116712331771851
2.1640653610229492 -2.2530167102813721 -0.2335658967494965
2.1511485576629639 -2.2544825077056885 -0.2548390328884125
2.1371941566467285 -2.2560665607452393 -0.2754377424716949
2.1222367286682129 -2.2577638626098633 -0.2953107953071594
2.1063139438629150 -2.2595710754394531 -0.3144088387489319
2.0894649028778076 -2.2614834308624268 -0.3326843082904816
2.0717318058013916 -2.2634959220886230 -0.3500918447971344
2.0531582832336426 -2.2656037807464600 -0.3665881156921387
2.0337910652160645 -2.2678017616271973 -0.3821321427822113
2.0136780738830566 -2.2700846195220947 -0.3966852724552155
1.9928692579269409 -2.2724463939666748 -0.4102113246917725
1.9714162349700928 -2.2748811244964600 -0.4226767122745514
1.9493726491928101 -2.2773828506469727 -0.4340503215789795
1.9267932176589966 -2.2799453735351562 -0.4443039894104004
1.9037339687347412 -2.2825624942779541 -0.4534122049808502
1.8802522420883179 -2.2852275371551514 -0.4613522887229919
1.8564063310623169 -2.2879340648651123 -0.4681045413017273
1.8322556018829346 -2.2906749248504639 -0.4736521244049072
1.8078604936599731 -2.2934434413909912 -0.4779813289642334
1.7832809686660767 -2.2962331771850586 -0.4810813069343567
1.7824925184249878 -2.2914116382598877 0.5139495134353638
1.8066803216934204 -2.2862265110015869 0.5108495354652405
1.8306866884231567 -2.2810797691345215 0.5065203309059143
1.8544522523880005 -2.2759847640991211 0.5009727478027344
1.8779178857803345 -2.2709541320800781 0.4942204952239990
1.9010254144668579 -2.2660002708435059 0.4862803816795349
1.9237170219421387 -2.2611355781555176 0.4771721959114075
1.9459367990493774 -2.2563722133636475 0.4669185280799866
1.9676288366317749 -2.2517218589782715 0.4555448889732361
1.9887398481369019 -2.2471959590911865 0.4430795311927795
2.0092170238494873 -2.2428061962127686 0.4295534491539001
2.0290095806121826 -2.2385630607604980 0.4150003492832184
2.0480680465698242 -2.2344772815704346 0.3994563221931458
2.0663454532623291 -2.2305591106414795 0.3829600214958191
2.0837957859039307 -2.2268176078796387 0.3655524849891663
2.1003766059875488 -2.2232635021209717 0.3472770154476166
2.1160454750061035 -2.2199041843414307 0.3281790018081665
2.1307644844055176 -2.2167487144470215 0.3083059191703796
2.1444964408874512 -2.2138047218322754 0.2877072393894196
2.1572072505950928 -2.2110798358917236 0.2664341032505035
2.1688654422760010 -2.2085804939270020 0.2445394247770309
2.1794424057006836 -2.2063131332397461 0.2220776528120041
2.1889111995697021 -2.2042832374572754 0.1991046220064163
2.1972484588623047 -2.2024958133697510 0.1756774336099625
2.2044336795806885 -2.2009553909301758 0.1518543511629105
2.2104487419128418 -2.1996657848358154 0.1276945769786835
2.2152788639068604 -2.1986303329467773 0.1032581925392151
2.2189121246337891 -2.1978514194488525 0.0786059573292732
2.2213392257690430 -2.1973311901092529 0.0537991523742676
2.2225542068481445 -2.1970705986022949 0.0288994517177343
2.2225542068481445 -2.1970705986022949 0.0039687603712082
2.2213392257690430 -2.1973311901092529 -0.0209309402853251
2.2189121246337891 -2.1978514194488525 -0.0457377471029758
2.2152788639068604 -2.1986303329467773 -0.0703899860382080
2.2104487419128418 -2.1996657848358154 -0.0948263555765152
2.2044336795806885 -2.2009553909301758 -0.1189861297607422
2.1972484588623047 -2.2024958133697510 -0.1428092122077942
2.1889111995697021 -2.2042832374572754 -0.1662364006042480
2.1794424057006836 -2.2063131332397461 -0.1892094463109970
2.1688654422760010 -2.2085804939270020 -0.2116712331771851
2.1572072505950928 -2.2110798358917236 -0.2335658967494965
2.1444964408874512 -2.2138047218322754 -0.2548390328884125
2.1307644844055176 -2.2167487144470215 -0.2754377424716949
2.1160454750061035 -2.2199041843414307 -0.2953107953071594
2.1003766059875488 -2.2232635021209717 -0.3144088387489319
2.0837957859039307 -2.2268176078796387 -0.3326843082904816
2.0663454532623291 -2.2305591106414795 -0.3500918447971344
2.0480680465698242 -2.2344772815704346 -0.3665881156921387
2.0290095806121826 -2.2385630607604980 -0.3821321427822113
2.0092170238494873 -2.2428061962127686 -0.3966852724552155
1.9887398481369019 -2.2471959590911865 -0.4102113246917725
1.9676288366317749 -2.2517218589782715 -0.4226767122745514
1.9459367990493774 -2.2563722133636475 -0.4340503215789795
1.9237170219421387 -2.2611355781555176 -0.4443039894104004
1.9010254144668579 -2.2660002708435059 -0.4534122049808502
1.8779178857803345 -2.2709541320800781 -0.4613522887229919
1.8544522523880005 -2.2759847640991211 -0.4681045413017273
1.8306866884231567 -2.2810797691345215 -0.4736521244049072
1.8066803216934204 -2.2862265110015869 -0.4779813289642334
1.7824925184249878 -2.2914116382598877 -0.4810813069343567
1.7812352180480957 -2.2866907119750977 0.5139495134353638
1.8047982454299927 -2.2791593074798584 0.5108495354652405
1.8281846046447754 -2.2716846466064453 0.5065203309059143
1.8513363599777222 -2.2642848491668701 0.5009727478027344
1.8741960525512695 -2.2569782733917236 0.4942204952239990
1.8967068195343018 -2.2497837543487549 0.4862803816795349
1.9188122749328613 -2.2427182197570801 0.4771721959114075
1.9404580593109131 -2.2357997894287109 0.4669185280799866
1.9615899324417114 -2.2290453910827637 0.4555448889732361
1.9821557998657227 -2.2224721908569336 0.4430795311927795
2.0021040439605713 -2.2160964012145996 0.4295534491539001
2.0213851928710938 -2.2099335193634033 0.4150003492832184
2.0399515628814697 -2.2039992809295654 0.3994563221931458
2.0577569007873535 -2.1983084678649902 0.3829600214958191
2.0747566223144531 -2.1928749084472656 0.3655524849891663
2.0909087657928467 -2.1877124309539795 0.3472770154476166
2.1061730384826660 -2.1828334331512451 0.3281790018081665
2.1205117702484131 -2.1782505512237549 0.3083059191703796
2.1338889598846436 -2.1739747524261475 0.2877072393894196
2.1462717056274414 -2.1700172424316406 0.2664341032505035
2.1576290130615234 -2.1663873195648193 0.2445394247770309
2.1679325103759766 -2.1630940437316895 0.2220776528120041
2.1771566867828369 -2.1601457595825195 0.1991046220064163
2.1852786540985107 -2.1575498580932617 0.1756774336099625
2.1922783851623535 -2.1553125381469727 0.1518543511629105
2.1981382369995117 -2.1534397602081299 0.1276945769786835
2.2028436660766602 -2.1519355773925781 0.1032581925392151
2.2063827514648438 -2.1508042812347412 0.0786059573292732
2.2087473869323730 -2.1500484943389893 0.0537991523742676
2.2099308967590332 -2.1496703624725342 0.0288994517177343
2.2099308967590332 -2.1496703624725342 0.0039687603712082
2.2087473869323730 -2.1500484943389893 -0.0209309402853251
2.2063827514648438 -2.1508042812347412 -0.0457377471029758
2.2028436660766602 -2.1519355773925781 -0.0703899860382080
2.1981382369995117 -2.1534397602081299 -0.0948263555765152
2.1922783851623535 -2.1553125381469727 -0.1189861297607422
2.1852786540985107 -2.1575498580932617 -0.1428092122077942
2.1771566867828369 -2.1601457595825195 -0.1662364006042480
2.1679325103759766 -2.1630940437316895 -0.1892094463109970
2.1576290130615234 -2.1663873195648193 -0.2116712331771851
2.1462717056274414 -2.1700172424316406 -0.2335658967494965
2.1338889598846436 -2.1739747524261475 -0.2548390328884125
2.1205117702484131 -2.1782505512237549 -0.2754377424716949
2.1061730384826660 -2.1828334331512451 -0.2953107953071594
2.0909087657928467 -2.1877124309539795 -0.3144088387489319
2.0747566223144531 -2.1928749084472656 -0.3326843082904816
2.0577569007873535 -2.1983084678649902 -0.3500918447971344
2.0399515628814697 -2.2039992809295654 -0.3665881156921387
2.0213851928710938 -2.2099335193634033 -0.3821321427822113
2.0021040439605713 -2.2160964012145996 -0.3966852724552155
1.9821557998657227 -2.2224721908569336 -0.4102113246917725
1.9615899324417114 -2.2290453910827637 -0.4226767122745514
1.9404580593109131 -2.2357997894287109 -0.4340503215789795
1.9188122749328613 -2.2427182197570801 -0.4443039894104004
1.8967068195343018 -2.2497837543487549 -0.4534122049808502
1.8741960525512695 -2.2569782733917236 -0.4613522887229919
1.8513363599777222 -2.2642848491668701 -0.4681045413017273
1.8281846046447754 -2.2716846466064453 -0.4736521244049072
1.8047982454299927 -2.2791593074798584 -0.4779813289642334
1.7812352180480957 -2.2866907119750977 -0.4810813069343567
1.7795214653015137 -2.2821154594421387 0.5139495134353638
1.8022327423095703 -2.2723112106323242 0.5108495354652405
1.8247736692428589 -2.2625799179077148 0.5065203309059143
1.8470888137817383 -2.2529466152191162 0.5009727478027344
1.8691221475601196 -2.2434346675872803 0.4942204952239990
1.8908190727233887 -2.2340679168701172 0.4862803816795349
1.9121259450912476 -2.2248699665069580 0.4771721959114075
1.9329891204833984 -2.2158629894256592 0.4669185280799866
1.9533574581146240 -2.2070701122283936 0.4555448889732361
1.9731795787811279 -2.1985127925872803 0.4430795311927795
1.9924069643020630 -2.1902122497558594 0.4295534491539001
2.0109913349151611 -2.1821892261505127 0.4150003492832184
2.0288865566253662 -2.1744639873504639 0.3994563221931458
2.0460481643676758 -2.1670551300048828 0.3829600214958191
2.0624337196350098 -2.1599817276000977 0.3655524849891663
2.0780022144317627 -2.1532607078552246 0.3472770154476166
2.0927147865295410 -2.1469092369079590 0.3281790018081665
2.1065351963043213 -2.1409428119659424 0.3083059191703796
2.1194288730621338 -2.1353766918182373 0.2877072393894196
2.1313638687133789 -2.1302239894866943 0.2664341032505035
2.1423106193542480 -2.1254982948303223 0.2445394247770309
2.1522417068481445 -2.1212112903594971 0.2220776528120041
2.1611328125000000 -2.1173729896545410 0.1991046220064163
2.1689612865447998 -2.1139934062957764 0.1756774336099625
2.1757078170776367 -2.1110808849334717 0.1518543511629105
2.1813557147979736 -2.1086425781250000 0.1276945769786835
2.1858911514282227 -2.1066846847534180 0.1032581925392151
2.1893024444580078 -2.1052119731903076 0.0786059573292732
2.1915817260742188 -2.1042280197143555 0.0537991523742676
2.1927225589752197 -2.1037354469299316 0.0288994517177343
2.1927225589752197 -2.1037354469299316 0.0039687603712082
2.1915817260742188 -2.1042280197143555 -0.0209309402853251
2.1893024444580078 -2.1052119731903076 -0.0457377471029758
2.1858911514282227 -2.1066846847534180 -0.0703899860382080
2.1813557147979736 -2.1086425781250000 -0.0948263555765152
2.1757078170776367 -2.1110808849334717 -0.1189861297607422
2.1689612865447998 -2.1139934062957764 -0.1428092122077942
2.1611328125000000 -2.1173729896545410 -0.1662364006042480
2.1522417068481445 -2.1212112903594971 -0.1892094463109970
2.1423106193542480 -2.1254982948303223 -0.2116712331771851
2.1313638687133789 -2.1302239894866943 -0.2335658967494965
2.1194288730621338 -2.1353766918182373 -0.2548390328884125
2.1065351963043213 -2.1409428119659424 -0.2754377424716949
2.0927147865295410 -2.1469092369079590 -0.2953107953071594
2.0780022144317627 -2.1532607078552246 -0.3144088387489319
2.0624337196350098 -2.1599817276000977 -0.3326843082904816
2.0460481643676758 -2.1670551300048828 -0.3500918447971344
2.0288865566253662 -2.1744639873504639 -0.3665881156921387
2.0109913349151611 -2.1821892261505127 -0.3821321427822113
1.9924069643020630 -2.1902122497558594 -0.3966852724552155
1.9731795787811279 -2.1985127925872803 -0.4102113246917725
1.9533574581146240 -2.2070701122283936 -0.4226767122745514
1.9329891204833984 -2.2158629894256592 -0.4340503215789795
1.9121259450912476 -2.2248699665069580 -0.4443039894104004
1.8908190727233887 -2.2340679168701172 -0.4534122049808502
1.8691221475601196 -2.2434346675872803 -0.4613522887229919
1.8470888137817383 -2.2529466152191162 -0.4681045413017273
1.8247736692428589 -2.2625799179077148 -0.4736521244049072
1.8022327423095703 -2.2723112106323242 -0.4779813289642334
1.7795214653015137 -2.2821154594421387 -0.4810813069343567
1.7773671150207520 -2.2777304649353027 0.5139495134353638
1.7990082502365112 -2.2657470703125000 0.5108495354652405
1.8204867839813232 -2.2538535594940186 0.5065203309059143
1.8417501449584961 -2.2420792579650879 0.5009727478027344
1.8627451658248901 -2.2304534912109375 0.4942204952239990
1.8834195137023926 -2.2190053462982178 0.4862803816795349
1.9037221670150757 -2.2077629566192627 0.4771721959114075
1.9236021041870117 -2.1967544555664062 0.4669185280799866
1.9430104494094849 -2.1860074996948242 0.4555448889732361
1.9618985652923584 -2.1755483150482178 0.4430795311927795
1.9802194833755493 -2.1654031276702881 0.4295534491539001
1.9979282617568970 -2.1555974483489990 0.4150003492832184
2.0149798393249512 -2.1461551189422607 0.3994563221931458
2.0313327312469482 -2.1370999813079834 0.3829600214958191
2.0469458103179932 -2.1284544467926025 0.3655524849891663
2.0617806911468506 -2.1202399730682373 0.3472770154476166
2.0757999420166016 -2.1124770641326904 0.3281790018081665
2.0889692306518555 -2.1051845550537109 0.3083059191703796
2.1012551784515381 -2.0983812808990479 0.2877072393894196
2.1126277446746826 -2.0920839309692383 0.2664341032505035
2.1230587959289551 -2.0863080024719238 0.2445394247770309
2.1325213909149170 -2.0810680389404297 0.2220776528120041
2.1409935951232910 -2.0763769149780273 0.1991046220064163
2.1484529972076416 -2.0722460746765137 0.1756774336099625
2.1548814773559570 -2.0686862468719482 0.1518543511629105
2.1602632999420166 -2.0657062530517578 0.1276945769786835
2.1645851135253906 -2.0633132457733154 0.1032581925392151
2.1678357124328613 -2.0615129470825195 0.0786059573292732
2.1700072288513184 -2.0603106021881104 0.0537991523742676
2.1710944175720215 -2.0597085952758789 0.0288994517177343
2.1710944175720215 -2.0597085952758789 0.0039687603712082
2.1700072288513184 -2.0603106021881104 -0.0209309402853251
2.1678357124328613 -2.0615129470825195 -0.0457377471029758
2.1645851135253906 -2.0633132457733154 -0.0703899860382080
2.1602632999420166 -2.0657062530517578 -0.0948263555765152
2.1548814773559570 -2.0686862468719482 -0.1189861297607422
2.1484529972076416 -2.0722460746765137 -0.1428092122077942
2.1409935951232910 -2.0763769149780273 -0.1662364006042480
2.1325213909149170 -2.0810680389404297 -0.1892094463109970
2.1230587959289551 -2.0863080024719238 -0.2116712331771851
2.1126277446746826 -2.0920839309692383 -0.2335658967494965
2.1012551784515381 -2.0983812808990479 -0.2548390328884125
2.0889692306518555 -2.1051845550537109 -0.2754377424716949
2.0757999420166016 -2.1124770641326904 -0.2953107953071594
2.0617806911468506 -2.1202399730682373 -0.3144088387489319
2.0469458103179932 -2.1284544467926025 -0.3326843082904816
2.0313327312469482 -2.1370999813079834 -0.3500918447971344
2.0149798393249512 -2.1461551189422607 -0.3665881156921387
1.9979282617568970 -2.1555974483489990 -0.3821321427822113
1.9802194833755493 -2.1654031276702881 -0.3966852724552155
1.9618985652923584 -2.1755483150482178 -0.4102113246917725
1.9430104494094849 -2.1860074996948242 -0.4226767122745514
1.9236021041870117 -2.1967544555664062 -0.4340503215789795
1.9037221670150757 -2.2077629566192627 -0.4443039894104004
1.8834195137023926 -2.2190053462982178 -0.4534122049808502
1.8627451658248901 -2.2304534912109375 -0.4613522887229919
1.8417501449584961 -2.2420792579650879 -0.4681045413017273
1.8204867839813232 -2.2538535594940186 -0.4736521244049072
1.7990082502365112 -2.2657470703125000 -0.4779813289642334
1.7773671150207520 -2.2777304649353027 -0.4810813069343567
1.7747936248779297 -2.2735776901245117 0.5139495134353638
1.7951556444168091 -2.2595307826995850 0.5108495354652405
1.8153653144836426 -2.2455894947052002 0.5065203309059143
1.8353719711303711 -2.2317874431610107 0.5009727478027344
1.8551265001296997 -2.2181596755981445 0.4942204952239990
1.8745793104171753 -2.2047402858734131 0.4862803816795349
1.8936822414398193 -2.1915621757507324 0.4771721959114075
1.9123872518539429 -2.1786582469940186 0.4669185280799866
1.9306488037109375 -2.1660606861114502 0.4555448889732361
1.9484207630157471 -2.1538004875183105 0.4430795311927795
1.9656593799591064 -2.1419084072113037 0.4295534491539001
1.9823212623596191 -2.1304140090942383 0.4150003492832184
1.9983655214309692 -2.1193459033966064 0.3994563221931458
2.0137522220611572 -2.1087315082550049 0.3829600214958191
2.0284428596496582 -2.0985970497131348 0.3655524849891663
2.0424008369445801 -2.0889680385589600 0.3472770154476166
2.0555918216705322 -2.0798683166503906 0.3281790018081665
2.0679824352264404 -2.0713205337524414 0.3083059191703796
2.0795426368713379 -2.0633454322814941 0.2877072393894196
2.0902431011199951 -2.0559637546539307 0.2664341032505035
2.1000578403472900 -2.0491933822631836 0.2445394247770309
2.1089615821838379 -2.0430507659912109 0.2220776528120041
2.1169326305389404 -2.0375518798828125 0.1991046220064163
2.1239514350891113 -2.0327100753784180 0.1756774336099625
2.1300003528594971 -2.0285372734069824 0.1518543511629105
2.1350641250610352 -2.0250439643859863 0.1276945769786835
2.1391301155090332 -2.0222387313842773 0.1032581925392151
2.1421887874603271 -2.0201289653778076 0.0786059573292732
2.1442320346832275 -2.0187194347381592 0.0537991523742676
2.1452550888061523 -2.0180139541625977 0.0288994517177343
2.1452550888061523 -2.0180139541625977 0.0039687603712082
2.1442320346832275 -2.0187194347381592 -0.0209309402853251
2.1421887874603271 -2.0201289653778076 -0.0457377471029758
2.1391301155090332 -2.0222387313842773 -0.0703899860382080
2.1350641250610352 -2.0250439643859863 -0.0948263555765152
2.1300003528594971 -2.0285372734069824 -0.1189861297607422
2.1239514350891113 -2.0327100753784180 -0.1428092122077942
2.1169326305389404 -2.0375518798828125 -0.1662364006042480
2.1089615821838379 -2.0430507659912109 -0.1892094463109970
2.1000578403472900 -2.0491933822631836 -0.2116712331771851
2.0902431011199951 -2.0559637546539307 -0.2335658967494965
2.0795426368713379 -2.0633454322814941 -0.2548390328884125
2.0679824352264404 -2.0713205337524414 -0.2754377424716949
2.0555918216705322 -2.0798683166503906 -0.2953107953071594
2.0424008369445801 -2.0889680385589600 -0.3144088387489319
2.0284428596496582 -2.0985970497131348 -0.3326843082904816
2.0137522220611572 -2.1087315082550049 -0.3500918447971344
1.9983655214309692 -2.1193459033966064 -0.3665881156921387
1.9823212623596191 -2.1304140090942383 -0.3821321427822113
1.9656593799591064 -2.1419084072113037 -0.3966852724552155
1.9484207630157471 -2.1538004875183105 -0.4102113246917725
1.9306488037109375 -2.1660606861114502 -0.4226767122745514
1.9123872518539429 -2.1786582469940186 -0.4340503215789795
1.8936822414398193 -2.1915621757507324 -0.4443039894104004
1.8745793104171753 -2.2047402858734131 -0.4534122049808502
1.8551265001296997 -2.2181596755981445 -0.4613522887229919
1.8353719711303711 -2.2317874431610107 -0.4681045413017273
1.8153653144836426 -2.2455894947052002 -0.4736521244049072
1.7951556444168091 -2.2595307826995850 -0.4779813289642334
1.7747936248779297 -2.2735776901245117 -0.4810813069343567
1.7718254327774048 -2.2696974277496338 0.5139495134353638
1.7907125949859619 -2.2537221908569336 0.5108495354652405
1.8094582557678223 -2.2378666400909424 0.5065203309059143
1.8280161619186401 -2.2221705913543701 0.5009727478027344
1.8463395833969116 -2.2066721916198730 0.4942204952239990
1.8643834590911865 -2.1914105415344238 0.4862803816795349
1.8821024894714355 -2.1764235496520996 0.4771721959114075
1.8994530439376831 -2.1617484092712402 0.4669185280799866
1.9163916110992432 -2.1474213600158691 0.4555448889732361
1.9328764677047729 -2.1334784030914307 0.4430795311927795
1.9488660097122192 -2.1199538707733154 0.4295534491539001
1.9643212556838989 -2.1068813800811768 0.4150003492832184
1.9792035818099976 -2.0942940711975098 0.3994563221931458
1.9934755563735962 -2.0822227001190186 0.3829600214958191
2.0071020126342773 -2.0706973075866699 0.3655524849891663
2.0200493335723877 -2.0597462654113770 0.3472770154476166
2.0322842597961426 -2.0493974685668945 0.3281790018081665
2.0437779426574707 -2.0396761894226074 0.3083059191703796
2.0545005798339844 -2.0306069850921631 0.2877072393894196
2.0644259452819824 -2.0222115516662598 0.2664341032505035
2.0735294818878174 -2.0145115852355957 0.2445394247770309
2.0817885398864746 -2.0075263977050781 0.2220776528120041
2.0891826152801514 -2.0012724399566650 0.1991046220064163
2.0956926345825195 -1.9957659244537354 0.1756774336099625
2.1013033390045166 -1.9910204410552979 0.1518543511629105
2.1060004234313965 -1.9870475530624390 0.1276945769786835
2.1097719669342041 -1.9838572740554810 0.1032581925392151
2.1126091480255127 -1.9814577102661133 0.0786059573292732
2.1145043373107910 -1.9798548221588135 0.0537991523742676
2.1154532432556152 -1.9790520668029785 0.0288994517177343
2.1154532432556152 -1.9790520668029785 0.0039687603712082
2.1145043373107910 -1.9798548221588135 -0.0209309402853251
2.1126091480255127 -1.9814577102661133 -0.0457377471029758
2.1097719669342041 -1.9838572740554810 -0.0703899860382080
2.1060004234313965 -1.9870475530624390 -0.0948263555765152
2.1013033390045166 -1.9910204410552979 -0.1189861297607422
2.0956926345825195 -1.9957659244537354 -0.1428092122077942
2.0891826152801514 -2.0012724399566650 -0.1662364006042480
2.0817885398864746 -2.0075263977050781 -0.1892094463109970
2.0735294818878174 -2.0145115852355957 -0.2116712331771851
2.0644259452819824 -2.0222115516662598 -0.2335658967494965
2.0545005798339844 -2.0306069850921631 -0.2548390328884125
2.0437779426574707 -2.0396761894226074 -0.2754377424716949
2.0322842597961426 -2.0493974685668945 -0.2953107953071594
2.0200493335723877 -2.0597462654113770 -0.3144088387489319
2.0071020126342773 -2.0706973075866699 -0.3326843082904816
1.9934755563735962 -2.0822227001190186 -0.3500918447971344
1.9792035818099976 -2.0942940711975098 -0.3665881156921387
1.9643212556838989 -2.1068813800811768 -0.3821321427822113
1.9488660097122192 -2.1199538707733154 -0.3966852724552155
1.9328764677047729 -2.1334784030914307 -0.4102113246917725
1.9163916110992432 -2.1474213600158691 -0.4226767122745514
1.8994530439376831 -2.1617484092712402 -0.4340503215789795
1.8821024894714355 -2.1764235496520996 -0.4443039894104004
1.8643834590911865 -2.1914105415344238 -0.4534122049808502
1.8463395833969116 -2.2066721916198730 -0.4613522887229919
1.8280161619186401 -2.2221705913543701 -0.4681045413017273
1.8094582557678223 -2.2378666400909424 -0.4736521244049072
1.7907125949859619 -2.2537221908569336 -0.4779813289642334
1.7718254327774048 -2.2696974277496338 -0.4810813069343567
1.7684911489486694 -2.2661263942718506 0.5139495134353638
1.7857215404510498 -2.2483770847320557 0.5108495354652405
1.8028230667114258 -2.2307605743408203 0.5065203309059143
1.8197526931762695 -2.2133209705352783 0.5009727478027344
1.8364690542221069 -2.1961011886596680 0.4942204952239990
1.8529298305511475 -2.1791443824768066 0.4862803816795349
1.8690947294235229 -2.1624927520751953 0.4771721959114075
1.8849232196807861 -2.1461875438690186 0.4669185280799866
1.9003760814666748 -2.1302692890167236 0.4555448889732361
1.9154146909713745 -2.1147775650024414 0.4430795311927795
1.9300019741058350 -2.0997509956359863 0.4295534491539001
1.9441014528274536 -2.0852270126342773 0.4150003492832184
1.9576780796051025 -2.0712413787841797 0.3994563221931458
1.9706981182098389 -2.0578291416168213 0.3829600214958191
1.9831293821334839 -2.0450234413146973 0.3655524849891663
1.9949406385421753 -2.0328564643859863 0.3472770154476166
2.0061028003692627 -2.0213580131530762 0.3281790018081665
2.0165879726409912 -2.0105571746826172 0.3083059191703796
2.0263702869415283 -2.0004801750183105 0.2877072393894196
2.0354251861572266 -1.9911525249481201 0.2664341032505035
2.0437300205230713 -1.9825975894927979 0.2445394247770309
2.0512645244598389 -1.9748361110687256 0.2220776528120041
2.0580098628997803 -1.9678877592086792 0.1991046220064163
2.0639488697052002 -1.9617695808410645 0.1756774336099625
2.0690674781799316 -1.9564968347549438 0.1518543511629105
2.0733525753021240 -1.9520828723907471 0.1276945769786835
2.0767934322357178 -1.9485384225845337 0.1032581925392151
2.0793814659118652 -1.9458723068237305 0.0786059573292732
2.0811104774475098 -1.9440912008285522 0.0537991523742676
2.0819761753082275 -1.9431995153427124 0.0288994517177343
2.0819761753082275 -1.9431995153427124 0.0039687603712082
2.0811104774475098 -1.9440912008285522 -0.0209309402853251
2.0793814659118652 -1.9458723068237305 -0.0457377471029758
2.0767934322357178 -1.9485384225845337 -0.0703899860382080
2.0733525753021240 -1.9520828723907471 -0.0948263555765152
2.0690674781799316 -1.9564968347549438 -0.1189861297607422
2.0639488697052002 -1.9617695808410645 -0.1428092122077942
2.0580098628997803 -1.9678877592086792 -0.1662364006042480
2.0512645244598389 -1.9748361110687256 -0.1892094463109970
2.0437300205230713 -1.9825975894927979 -0.2116712331771851
2.0354251861572266 -1.9911525249481201 -0.2335658967494965
2.0263702869415283 -2.0004801750183105 -0.2548390328884125
2.0165879726409912 -2.0105571746826172 -0.2754377424716949
2.0061028003692627 -2.0213580131530762 -0.2953107953071594
1.9949406385421753 -2.0328564643859863 -0.3144088387489319
1.9831293821334839 -2.0450234413146973 -0.3326843082904816
1.9706981182098389 -2.0578291416168213 -0.3500918447971344
1.9576780796051025 -2.0712413787841797 -0.3665881156921387
1.9441014528274536 -2.0852270126342773 -0.3821321427822113
1.9300019741058350 -2.0997509956359863 -0.3966852724552155
1.9154146909713745 -2.1147775650024414 -0.4102113246917725
1.9003760814666748 -2.1302692890167236 -0.4226767122745514
1.8849232196807861 -2.1461875438690186 -0.4340503215789795
1.8690947294235229 -2.1624927520751953 -0.4443039894104004
1.8529298305511475 -2.1791443824768066 -0.4534122049808502
1.8364690542221069 -2.1961011886596680 -0.4613522887229919
1.8197526931762695 -2.2133209705352783 -0.4681045413017273
1.8028230667114258 -2.2307605743408203 -0.4736521244049072
1.7857215404510498 -2.2483770847320557 -0.4779813289642334
1.7684911489486694 -2.2661263942718506 -0.4810813069343567
1.7648228406906128 -2.2628996372222900 0.5139495134353638
1.7802306413650513 -2.2435467243194580 0.5108495354652405
1.7955228090286255 -2.2243387699127197 0.5065203309059143
1.8106619119644165 -2.2053236961364746 0.5009727478027344
1.8256096839904785 -2.1865484714508057 0.4942204952239990
1.8403295278549194 -2.1680600643157959 0.4862803816795349
1.8547842502593994 -2.1499040126800537 0.4771721959114075
1.8689383268356323 -2.1321258544921875 0.4669185280799866
1.8827563524246216 -2.1147696971893311 0.4555448889732361
1.8962043523788452 -2.0978786945343018 0.4430795311927795
1.9092482328414917 -2.0814943313598633 0.4295534491539001
1.9218561649322510 -2.0656580924987793 0.4150003492832184
1.9339969158172607 -2.0504090785980225 0.3994563221931458
1.9456397294998169 -2.0357854366302490 0.3829600214958191
1.9567557573318481 -2.0218231678009033 0.3655524849891663
1.9673177003860474 -2.0085566043853760 0.3472770154476166
1.9772989749908447 -1.9960197210311890 0.3281790018081665
1.9866750240325928 -1.9842430353164673 0.3083059191703796
1.9954223632812500 -1.9732558727264404 0.2877072393894196
2.0035190582275391 -1.9630855321884155 0.2664341032505035
2.0109455585479736 -1.9537576436996460 0.2445394247770309
2.0176830291748047 -1.9452950954437256 0.2220776528120041
2.0237150192260742 -1.9377191066741943 0.1991046220064163
2.0290257930755615 -1.9310482740402222 0.1756774336099625
2.0336029529571533 -1.9252992868423462 0.1518543511629105
2.0374345779418945 -1.9204864501953125 0.1276945769786835
2.0405113697052002 -1.9166219234466553 0.1032581925392151
2.0428256988525391 -1.9137148857116699 0.0786059573292732
2.0443720817565918 -1.9117729663848877 0.0537991523742676
2.0451457500457764 -1.9108005762100220 0.0288994517177343
2.0451457500457764 -1.9108005762100220 0.0039687603712082
2.0443720817565918 -1.9117729663848877 -0.0209309402853251
2.0428256988525391 -1.9137148857116699 -0.0457377471029758
2.0405113697052002 -1.9166219234466553 -0.0703899860382080
2.0374345779418945 -1.9204864501953125 -0.0948263555765152
2.0336029529571533 -1.9252992868423462 -0.1189861297607422
2.0290257930755615 -1.9310482740402222 -0.1428092122077942
2.0237150192260742 -1.9377191066741943 -0.1662364006042480
2.0176830291748047 -1.9452950954437256 -0.1892094463109970
2.0109455585479736 -1.9537576436996460 -0.2116712331771851
2.0035190582275391 -1.9630855321884155 -0.2335658967494965
1.9954223632812500 -1.9732558727264404 -0.2548390328884125
1.9866750240325928 -1.9842430353164673 -0.2754377424716949
1.9772989749908447 -1.9960197210311890 -0.2953107953071594
1.9673177003860474 -2.0085566043853760 -0.3144088387489319
1.9567557573318481 -2.0218231678009033 -0.3326843082904816
1.9456397294998169 -2.0357854366302490 -0.3500918447971344
1.9339969158172607 -2.0504090785980225 -0.3665881156921387
1.9218561649322510 -2.0656580924987793 -0.3821321427822113
1.9092482328414917 -2.0814943313598633 -0.3966852724552155
1.8962043523788452 -2.0978786945343018 -0.4102113246917725
1.8827563524246216 -2.1147696971893311 -0.4226767122745514
1.8689383268356323 -2.1321258544921875 -0.4340503215789795
1.8547842502593994 -2.1499040126800537 -0.4443039894104004
1.8403295278549194 -2.1680600643157959 -0.4534122049808502
1.8256096839904785 -2.1865484714508057 -0.4613522887229919
1.8106619119644165 -2.2053236961364746 -0.4681045413017273
1.7955228090286255 -2.2243387699127197 -0.4736521244049072
1.7802306413650513 -2.2435467243194580 -0.4779813289642334
1.7648228406906128 -2.2628996372222900 -0.4810813069343567
1.7608560323715210 -2.2600476741790771 0.5139495134353638
1.7742925882339478 -2.2392778396606445 0.5108495354652405
1.7876286506652832 -2.2186634540557861 0.5065203309059143
1.8008307218551636 -2.1982562541961670 0.5009727478027344
1.8138663768768311 -2.1781060695648193 0.4942204952239990
1.8267030715942383 -2.1582636833190918 0.4862803816795349
1.8393087387084961 -2.1387784481048584 0.4771721959114075
1.8516519069671631 -2.1196985244750977 0.4669185280799866
1.8637025356292725 -2.1010715961456299 0.4555448889732361
1.8754298686981201 -2.0829436779022217 0.4430795311927795
1.8868052959442139 -2.0653598308563232 0.4295534491539001
1.8978002071380615 -2.0483641624450684 0.4150003492832184
1.9083874225616455 -2.0319986343383789 0.3994563221931458
1.9185408353805542 -2.0163040161132812 0.3829600214958191
1.9282351732254028 -2.0013191699981689 0.3655524849891663
1.9374456405639648 -1.9870816469192505 0.3472770154476166
1.9461500644683838 -1.9736267328262329 0.3281790018081665
1.9543267488479614 -1.9609876871109009 0.3083059191703796
1.9619550704956055 -1.9491961002349854 0.2877072393894196
1.9690160751342773 -1.9382812976837158 0.2664341032505035
1.9754925966262817 -1.9282702207565308 0.2445394247770309
1.9813681840896606 -1.9191880226135254 0.2220776528120041
1.9866280555725098 -1.9110572338104248 0.1991046220064163
1.9912595748901367 -1.9038980007171631 0.1756774336099625
1.9952511787414551 -1.8977280855178833 0.1518543511629105
1.9985927343368530 -1.8925628662109375 0.1276945769786835
2.0012760162353516 -1.8884152173995972 0.1032581925392151
2.0032942295074463 -1.8852955102920532 0.0786059573292732
2.0046427249908447 -1.8832112550735474 0.0537991523742676
2.0053176879882812 -1.8821679353713989 0.0288994517177343
2.0053176879882812 -1.8821679353713989 0.0039687603712082
2.0046427249908447 -1.8832112550735474 -0.0209309402853251
2.0032942295074463 -1.8852955102920532 -0.0457377471029758
2.0012760162353516 -1.8884152173995972 -0.0703899860382080
1.9985927343368530 -1.8925628662109375 -0.0948263555765152
1.9952511787414551 -1.8977280855178833 -0.1189861297607422
1.9912595748901367 -1.9038980007171631 -0.1428092122077942
1.9866280555725098 -1.9110572338104248 -0.1662364006042480
1.9813681840896606 -1.9191880226135254 -0.1892094463109970
1.9754925966262817 -1.9282702207565308 -0.2116712331771851
1.9690160751342773 -1.9382812976837158 -0.2335658967494965
1.9619550704956055 -1.9491961002349854 -0.2548390328884125
1.9543267488479614 -1.9609876871109009 -0.2754377424716949
1.9461500644683838 -1.9736267328262329 -0.2953107953071594
1.9374456405639648 -1.9870816469192505 -0.3144088387489319
1.9282351732254028 -2.0013191699981689 -0.3326843082904816
1.9185408353805542 -2.0163040161132812 -0.3500918447971344
1.9083874225616455 -2.0319986343383789 -0.3665881156921387
1.8978002071380615 -2.0483641624450684 -0.3821321427822113
1.8868052959442139 -2.0653598308563232 -0.3966852724552155
1.8754298686981201 -2.0829436779022217 -0.4102113246917725
1.8637025356292725 -2.1010715961456299 -0.4226767122745514
1.8516519069671631 -2.1196985244750977 -0.4340503215789795
1.8393087387084961 -2.1387784481048584 -0.4443039894104004
1.8267030715942383 -2.1582636833190918 -0.4534122049808502
1.8138663768768311 -2.1781060695648193 -0.4613522887229919
1.8008307218551636 -2.1982562541961670 -0.4681045413017273
1.7876286506652832 -2.2186634540557861 -0.4736521244049072
1.7742925882339478 -2.2392778396606445 -0.4779813289642334
1.7608560323715210 -2.2600476741790771 -0.4810813069343567
1.7566287517547607 -2.2575984001159668 0.5139495134353638
1.7679648399353027 -2.2356116771697998 0.5108495354652405
1.7792159318923950 -2.2137894630432129 0.5065203309059143
1.7903543710708618 -2.1921861171722412 0.5009727478027344
1.8013522624969482 -2.1708555221557617 0.4942204952239990
1.8121819496154785 -2.1498506069183350 0.4862803816795349
1.8228170871734619 -2.1292235851287842 0.4771721959114075
1.8332306146621704 -2.1090254783630371 0.4669185280799866
1.8433976173400879 -2.0893070697784424 0.4555448889732361
1.8532916307449341 -2.0701169967651367 0.4430795311927795
1.8628886938095093 -2.0515029430389404 0.4295534491539001
1.8721649646759033 -2.0335114002227783 0.4150003492832184
1.8810970783233643 -2.0161869525909424 0.3994563221931458
1.8896632194519043 -1.9995727539062500 0.3829600214958191
1.8978419303894043 -1.9837098121643066 0.3655524849891663
1.9056128263473511 -1.9686381816864014 0.3472770154476166
1.9129564762115479 -1.9543946981430054 0.3281790018081665
1.9198549985885620 -1.9410150051116943 0.3083059191703796
1.9262906312942505 -1.9285326004028320 0.2877072393894196
1.9322479963302612 -1.9169781208038330 0.2664341032505035
1.9377119541168213 -1.9063806533813477 0.2445394247770309
1.9426687955856323 -1.8967660665512085 0.2220776528120041
1.9471067190170288 -1.8881589174270630 0.1991046220064163
1.9510140419006348 -1.8805801868438721 0.1756774336099625
1.9543817043304443 -1.8740488290786743 0.1518543511629105
1.9572007656097412 -1.8685808181762695 0.1276945769786835
1.9594646692276001 -1.8641902208328247 0.1032581925392151
1.9611675739288330 -1.8608876466751099 0.0786059573292732
1.9623049497604370 -1.8586813211441040 0.0537991523742676
1.9628745317459106 -1.8575768470764160 0.0288994517177343
1.9628745317459106 -1.8575768470764160 0.0039687603712082
1.9623049497604370 -1.8586813211441040 -0.0209309402853251
1.9611675739288330 -1.8608876466751099 -0.0457377471029758
1.9594646692276001 -1.8641902208328247 -0.0703899860382080
1.9572007656097412 -1.8685808181762695 -0.0948263555765152
1.9543817043304443 -1.8740488290786743 -0.1189861297607422
1.9510140419006348 -1.8805801868438721 -0.1428092122077942
1.9471067190170288 -1.8881589174270630 -0.1662364006042480
1.9426687955856323 -1.8967660665512085 -0.1892094463109970
1.9377119541168213 -1.9063806533813477 -0.2116712331771851
1.9322479963302612 -1.9169781208038330 -0.2335658967494965
1.9262906312942505 -1.9285326004028320 -0.2548390328884125
1.9198549985885620 -1.9410150051116943 -0.2754377424716949
1.9129564762115479 -1.9543946981430054 -0.2953107953071594
1.9056128263473511 -1.9686381816864014 -0.3144088387489319
1.8978419303894043 -1.9837098121643066 -0.3326843082904816
1.8896632194519043 -1.9995727539062500 -0.3500918447971344
1.8810970783233643 -2.0161869525909424 -0.3665881156921387
1.8721649646759033 -2.0335114002227783 -0.3821321427822113
1.8628886938095093 -2.0515029430389404 -0.3966852724552155
1.8532916307449341 -2.0701169967651367 -0.4102113246917725
1.8433976173400879 -2.0893070697784424 -0.4226767122745514
1.8332306146621704 -2.1090254783630371 -0.4340503215789795
1.8228170871734619 -2.1292235851287842 -0.4443039894104004
1.8121819496154785 -2.1498506069183350 -0.4534122049808502
1.8013522624969482 -2.1708555221557617 -0.4613522887229919
1.7903543710708618 -2.1921861171722412 -0.4681045413017273
1.7792159318923950 -2.2137894630432129 -0.4736521244049072
1.7679648399353027 -2.2356116771697998 -0.4779813289642334
1.7566287517547607 -2.2575984001159668 -0.4810813069343567
1.7521818876266479 -2.2555754184722900 0.5139495134353638
1.7613081932067871 -2.2325832843780518 0.5108495354652405
1.7703663110733032 -2.2097632884979248 0.5065203309059143
1.7793334722518921 -2.1871724128723145 0.5009727478027344
1.7881875038146973 -2.1648664474487305 0.4942204952239990
1.7969063520431519 -2.1429011821746826 0.4862803816795349
1.8054685592651367 -2.1213309764862061 0.4771721959114075
1.8138521909713745 -2.1002097129821777 0.4669185280799866
1.8220373392105103 -2.0795896053314209 0.4555448889732361
1.8300027847290039 -2.0595221519470215 0.4430795311927795
1.8377290964126587 -2.0400569438934326 0.4295534491539001
1.8451973199844360 -2.0212428569793701 0.4150003492832184
1.8523883819580078 -2.0031261444091797 0.3994563221931458
1.8592846393585205 -1.9857522249221802 0.3829600214958191
1.8658692836761475 -1.9691643714904785 0.3655524849891663
1.8721253871917725 -1.9534033536911011 0.3472770154476166
1.8780374526977539 -1.9385086297988892 0.3281790018081665
1.8835911750793457 -1.9245175123214722 0.3083059191703796
1.8887724876403809 -1.9114642143249512 0.2877072393894196
1.8935685157775879 -1.8993813991546631 0.2664341032505035
1.8979673385620117 -1.8882994651794434 0.2445394247770309
1.9019582271575928 -1.8782453536987305 0.2220776528120041
1.9055311679840088 -1.8692446947097778 0.1991046220064163
1.9086769819259644 -1.8613195419311523 0.1756774336099625
1.9113879203796387 -1.8544893264770508 0.1518543511629105
1.9136576652526855 -1.8487714529037476 0.1276945769786835
1.9154801368713379 -1.8441801071166992 0.1032581925392151
1.9168509244918823 -1.8407264947891235 0.0786059573292732
1.9177669286727905 -1.8384194374084473 0.0537991523742676
1.9182252883911133 -1.8372642993927002 0.0288994517177343
1.9182252883911133 -1.8372642993927002 0.0039687603712082
1.9177669286727905 -1.8384194374084473 -0.0209309402853251
1.9168509244918823 -1.8407264947891235 -0.0457377471029758
1.9154801368713379 -1.8441801071166992 -0.0703899860382080
1.9136576652526855 -1.8487714529037476 -0.0948263555765152
1.9113879203796387 -1.8544893264770508 -0.1189861297607422
1.9086769819259644 -1.8613195419311523 -0.1428092122077942
1.9055311679840088 -1.8692446947097778 -0.1662364006042480
1.9019582271575928 -1.8782453536987305 -0.1892094463109970
1.8979673385620117 -1.8882994651794434 -0.2116712331771851
1.8935685157775879 -1.8993813991546631 -0.2335658967494965
1.8887724876403809 -1.9114642143249512 -0.2548390328884125
1.8835911750793457 -1.9245175123214722 -0.2754377424716949
1.8780374526977539 -1.9385086297988892 -0.2953107953071594
1.8721253871917725 -1.9534033536911011 -0.3144088387489319
1.8658692836761475 -1.9691643714904785 -0.3326843082904816
1.8592846393585205 -1.9857522249221802 -0.3500918447971344
1.8523883819580078 -2.0031261444091797 -0.3665881156921387
1.8451973199844360 -2.0212428569793701 -0.3821321427822113
1.8377290964126587 -2.0400569438934326 -0.3966852724552155
1.8300027847290039 -2.0595221519470215 -0.4102113246917725
1.8220373392105103 -2.0795896053314209 -0.4226767122745514
1.8138521909713745 -2.1002097129821777 -0.4340503215789795
1.8054685592651367 -2.1213309764862061 -0.4443039894104004
1.7969063520431519 -2.1429011821746826 -0.4534122049808502
1.7881875038146973 -2.1648664474487305 -0.4613522887229919
1.7793334722518921 -2.1871724128723145 -0.4681045413017273
1.7703663110733032 -2.2097632884979248 -0.4736521244049072
1.7613081932067871 -2.2325832843780518 -0.4779813289642334
1.7521818876266479 -2.2555754184722900 -0.4810813069343567
1.7475577592849731 -2.2539978027343750 0.5139495134353638
1.7543867826461792 -2.2302219867706299 0.5108495354652405
1.7611644268035889 -2.2066240310668945 0.5065203309059143
1.7678741216659546 -2.1832630634307861 0.5009727478027344
1.7744992971420288 -2.1601965427398682 0.4942204952239990
1.7810232639312744 -2.1374824047088623 0.4862803816795349
1.7874296903610229 -2.1151766777038574 0.4771721959114075
1.7937029600143433 -2.0933356285095215 0.4669185280799866
1.7998270988464355 -2.0720124244689941 0.4555448889732361
1.8057875633239746 -2.0512607097625732 0.4430795311927795
1.8115689754486084 -2.0311322212219238 0.4295534491539001
1.8171567916870117 -2.0116765499114990 0.4150003492832184
1.8225376605987549 -1.9929423332214355 0.3994563221931458
1.8276979923248291 -1.9749761819839478 0.3829600214958191
1.8326246738433838 -1.9578226804733276 0.3655524849891663
1.8373056650161743 -1.9415245056152344 0.3472770154476166
1.8417297601699829 -1.9261219501495361 0.3281790018081665
1.8458850383758545 -1.9116536378860474 0.3083059191703796
1.8497619628906250 -1.8981554508209229 0.2877072393894196
1.8533507585525513 -1.8856607675552368 0.2664341032505035
1.8566423654556274 -1.8742010593414307 0.2445394247770309
1.8596285581588745 -1.8638043403625488 0.2220776528120041
1.8623018264770508 -1.8544967174530029 0.1991046220064163
1.8646556138992310 -1.8463010787963867 0.1756774336099625
1.8666841983795166 -1.8392382860183716 0.1518543511629105
1.8683825731277466 -1.8333255052566528 0.1276945769786835
1.8697462081909180 -1.8285776376724243 0.1032581925392151
1.8707717657089233 -1.8250062465667725 0.0786059573292732
1.8714572191238403 -1.8226203918457031 0.0537991523742676
1.8718000650405884 -1.8214259147644043 0.0288994517177343
1.8718000650405884 -1.8214259147644043 0.0039687603712082
1.8714572191238403 -1.8226203918457031 -0.0209309402853251
1.8707717657089233 -1.8250062465667725 -0.0457377471029758
1.8697462081909180 -1.8285776376724243 -0.0703899860382080
1.8683825731277466 -1.8333255052566528 -0.0948263555765152
1.8666841983795166 -1.8392382860183716 -0.1189861297607422
1.8646556138992310 -1.8463010787963867 -0.1428092122077942
1.8623018264770508 -1.8544967174530029 -0.1662364006042480
1.8596285581588745 -1.8638043403625488 -0.1892094463109970
1.8566423654556274 -1.8742010593414307 -0.2116712331771851
1.8533507585525513 -1.8856607675552368 -0.2335658967494965
1.8497619628906250 -1.8981554508209229 -0.2548390328884125
1.8458850383758545 -1.9116536378860474 -0.2754377424716949
1.8417297601699829 -1.9261219501495361 -0.2953107953071594
1.8373056650161743 -1.9415245056152344 -0.3144088387489319
1.8326246738433838 -1.9578226804733276 -0.3326843082904816
1.8276979923248291 -1.9749761819839478 -0.3500918447971344
1.8225376605987549 -1.9929423332214355 -0.3665881156921387
1.8171567916870117 -2.0116765499114990 -0.3821321427822113
1.8115689754486084 -2.0311322212219238 -0.3966852724552155
1.8057875633239746 -2.0512607097625732 -0.4102113246917725
1.7998270988464355 -2.0720124244689941 -0.4226767122745514
1.7937029600143433 -2.0933356285095215 -0.4340503215789795
1.7874296903610229 -2.1151766777038574 -0.4443039894104004
1.7810232639312744 -2.1374824047088623 -0.4534122049808502
1.7744992971420288 -2.1601965427398682 -0.4613522887229919
1.7678741216659546 -2.1832630634307861 -0.4681045413017273
1.7611644268035889 -2.2066240310668945 -0.4736521244049072
1.7543867826461792 -2.2302219867706299 -0.4779813289642334
1.7475577592849731 -2.2539978027343750 -0.4810813069343567
1.7428016662597656 -2.2528810501098633 0.5139495134353638
1.7472671270370483 -2.2285506725311279 0.5108495354652405
1.7516992092132568 -2.2044017314910889 0.5065203309059143
1.7560868263244629 -2.1804955005645752 0.5009727478027344
1.7604192495346069 -2.1568908691406250 0.4942204952239990
1.7646852731704712 -2.1336467266082764 0.4862803816795349
1.7688746452331543 -2.1108207702636719 0.4771721959114075
1.7729769945144653 -2.0884695053100586 0.4669185280799866
1.7769817113876343 -2.0666487216949463 0.4555448889732361
1.7808790206909180 -2.0454127788543701 0.4430795311927795
1.7846597433090210 -2.0248143672943115 0.4295534491539001
1.7883137464523315 -2.0049047470092773 0.4150003492832184
1.7918324470520020 -1.9857333898544312 0.3994563221931458
1.7952069044113159 -1.9673480987548828 0.3829600214958191
1.7984285354614258 -1.9497941732406616 0.3655524849891663
1.8014898300170898 -1.9331154823303223 0.3472770154476166
1.8043824434280396 -1.9173535108566284 0.3281790018081665
1.8071000576019287 -1.9025478363037109 0.3083059191703796
1.8096350431442261 -1.8887344598770142 0.2877072393894196
1.8119817972183228 -1.8759484291076660 0.2664341032505035
1.8141342401504517 -1.8642209768295288 0.2445394247770309
1.8160870075225830 -1.8535817861557007 0.2220776528120041
1.8178350925445557 -1.8440568447113037 0.1991046220064163
1.8193743228912354 -1.8356701135635376 0.1756774336099625
1.8207010030746460 -1.8284423351287842 0.1518543511629105
1.8218113183975220 -1.8223916292190552 0.1276945769786835
1.8227031230926514 -1.8175328969955444 0.1032581925392151
1.8233739137649536 -1.8138781785964966 0.0786059573292732
1.8238220214843750 -1.8114367723464966 0.0537991523742676
1.8240462541580200 -1.8102144002914429 0.0288994517177343
1.8240462541580200 -1.8102144002914429 0.0039687603712082
1.8238220214843750 -1.8114367723464966 -0.0209309402853251
1.8233739137649536 -1.8138781785964966 -0.0457377471029758
1.8227031230926514 -1.8175328969955444 -0.0703899860382080
1.8218113183975220 -1.8223916292190552 -0.0948263555765152
1.8207010030746460 -1.8284423351287842 -0.1189861297607422
1.8193743228912354 -1.8356701135635376 -0.1428092122077942
1.8178350925445557 -1.8440568447113037 -0.1662364006042480
1.8160870075225830 -1.8535817861557007 -0.1892094463109970
1.8141342401504517 -1.8642209768295288 -0.2116712331771851
1.8119817972183228 -1.8759484291076660 -0.2335658967494965
1.8096350431442261 -1.8887344598770142 -0.2548390328884125
1.8071000576019287 -1.9025478363037109 -0.2754377424716949
1.8043824434280396 -1.9173535108566284 -0.2953107953071594
1.8014898300170898 -1.9331154823303223 -0.3144088387489319
1.7984285354614258 -1.9497941732406616 -0.3326843082904816
1.7952069044113159 -1.9673480987548828 -0.3500918447971344
1.7918324470520020 -1.9857333898544312 -0.3665881156921387
1.7883137464523315 -2.0049047470092773 -0.3821321427822113
1.7846597433090210 -2.0248143672943115 -0.3966852724552155
1.7808790206909180 -2.0454127788543701 -0.4102113246917725
1.7769817113876343 -2.0666487216949463 -0.4226767122745514
1.7729769945144653 -2.0884695053100586 -0.4340503215789795
1.7688746452331543 -2.1108207702636719 -0.4443039894104004
1.7646852731704712 -2.1336467266082764 -0.4534122049808502
1.7604192495346069 -2.1568908691406250 -0.4613522887229919
1.7560868263244629 -2.1804955005645752 -0.4681045413017273
1.7516992092132568 -2.2044017314910889 -0.4736521244049072
1.7472671270370483 -2.2285506725311279 -0.4779813289642334
1.7428016662597656 -2.2528810501098633 -0.4810813069343567
1.7379589080810547 -2.2522361278533936 0.5139495134353638
1.7400180101394653 -2.2275846004486084 0.5108495354652405
1.7420616149902344 -2.2031180858612061 0.5065203309059143
1.7440850734710693 -2.1788969039916992 0.5009727478027344
1.7460829019546509 -2.1549811363220215 0.4942204952239990
1.7480500936508179 -2.1314308643341064 0.4862803816795349
1.7499818801879883 -2.1083040237426758 0.4771721959114075
1.7518734931945801 -2.0856583118438721 0.4669185280799866
1.7537202835083008 -2.0635499954223633 0.4555448889732361
1.7555177211761475 -2.0420343875885010 0.4430795311927795
1.7572607994079590 -2.0211648941040039 0.4295534491539001
1.7589459419250488 -2.0009930133819580 0.4150003492832184
1.7605684995651245 -1.9815688133239746 0.3994563221931458
1.7621246576309204 -1.9629412889480591 0.3829600214958191
1.7636101245880127 -1.9451562166213989 0.3655524849891663
1.7650216817855835 -1.9282577037811279 0.3472770154476166
1.7663557529449463 -1.9122881889343262 0.3281790018081665
1.7676088809967041 -1.8972872495651245 0.3083059191703796
1.7687778472900391 -1.8832920789718628 0.2877072393894196
1.7698600292205811 -1.8703374862670898 0.2664341032505035
1.7708525657653809 -1.8584555387496948 0.2445394247770309
1.7717528343200684 -1.8476760387420654 0.2220776528120041
1.7725591659545898 -1.8380256891250610 0.1991046220064163
1.7732688188552856 -1.8295285701751709 0.1756774336099625
1.7738804817199707 -1.8222055435180664 0.1518543511629105
1.7743928432464600 -1.8160753250122070 0.1276945769786835
1.7748038768768311 -1.8111523389816284 0.1032581925392151
1.7751132249832153 -1.8074495792388916 0.0786059573292732
1.7753198146820068 -1.8049758672714233 0.0537991523742676
1.7754231691360474 -1.8037375211715698 0.0288994517177343
1.7754231691360474 -1.8037375211715698 0.0039687603712082
1.7753198146820068 -1.8049758672714233 -0.0209309402853251
1.7751132249832153 -1.8074495792388916 -0.0457377471029758
1.7748038768768311 -1.8111523389816284 -0.0703899860382080
1.7743928432464600 -1.8160753250122070 -0.0948263555765152
1.7738804817199707 -1.8222055435180664 -0.1189861297607422
1.7732688188552856 -1.8295285701751709 -0.1428092122077942
1.7725591659545898 -1.8380256891250610 -0.1662364006042480
1.7717528343200684 -1.8476760387420654 -0.1892094463109970
1.7708525657653809 -1.8584555387496948 -0.2116712331771851
1.7698600292205811 -1.8703374862670898 -0.2335658967494965
1.7687778472900391 -1.8832920789718628 -0.2548390328884125
1.7676088809967041 -1.8972872495651245 -0.2754377424716949
1.7663557529449463 -1.9122881889343262 -0.2953107953071594
1.7650216817855835 -1.9282577037811279 -0.3144088387489319
1.7636101245880127 -1.9451562166213989 -0.3326843082904816
1.7621246576309204 -1.9629412889480591 -0.3500918447971344
1.7605684995651245 -1.9815688133239746 -0.3665881156921387
1.7589459419250488 -2.0009930133819580 -0.3821321427822113
1.7572607994079590 -2.0211648941040039 -0.3966852724552155
1.7555177211761475 -2.0420343875885010 -0.4102113246917725
1.7537202835083008 -2.0635499954223633 -0.4226767122745514
1.7518734931945801 -2.0856583118438721 -0.4340503215789795
1.7499818801879883 -2.1083040237426758 -0.4443039894104004
1.7480500936508179 -2.1314308643341064 -0.4534122049808502
1.7460829019546509 -2.1549811363220215 -0.4613522887229919
1.7440850734710693 -2.1788969039916992 -0.4681045413017273
1.7420616149902344 -2.2031180858612061 -0.4736521244049072
1.7400180101394653 -2.2275846004486084 -0.4779813289642334
1.7379589080810547 -2.2522361278533936 -0.4810813069343567
1.7330762147903442 -2.2520687580108643 0.5139495134353638
1.7327092885971069 -2.2273342609405518 0.5108495354652405
1.7323449850082397 -2.2027850151062012 0.5065203309059143
1.7319842576980591 -2.1784820556640625 0.5009727478027344
1.7316285371780396 -2.1544859409332275 0.4942204952239990
1.7312778234481812 -2.1308560371398926 0.4862803816795349
1.7309334278106689 -2.1076512336730957 0.4771721959114075
1.7305963039398193 -2.0849292278289795 0.4669185280799866
1.7302671670913696 -2.0627465248107910 0.4555448889732361
1.7299469709396362 -2.0411584377288818 0.4430795311927795
1.7296365499496460 -2.0202181339263916 0.4295534491539001
1.7293360233306885 -1.9999781847000122 0.4150003492832184
1.7290469408035278 -1.9804888963699341 0.3994563221931458
1.7287696599960327 -1.9617983102798462 0.3829600214958191
1.7285050153732300 -1.9439531564712524 0.3655524849891663
1.7282534837722778 -1.9269977807998657 0.3472770154476166
1.7280157804489136 -1.9109745025634766 0.3281790018081665
1.7277922630310059 -1.8959228992462158 0.3083059191703796
1.7275838851928711 -1.8818804025650024 0.2877072393894196
1.7273912429809570 -1.8688822984695435 0.2664341032505035
1.7272143363952637 -1.8569602966308594 0.2445394247770309
1.7270537614822388 -1.8461444377899170 0.2220776528120041
1.7269101142883301 -1.8364615440368652 0.1991046220064163
1.7267835140228271 -1.8279356956481934 0.1756774336099625
1.7266744375228882 -1.8205879926681519 0.1518543511629105
1.7265833616256714 -1.8144369125366211 0.1276945769786835
1.7265101671218872 -1.8094974756240845 0.1032581925392151
1.7264549732208252 -1.8057823181152344 0.0786059573292732
1.7264180183410645 -1.8033001422882080 0.0537991523742676
1.7263996601104736 -1.8020576238632202 0.0288994517177343
1.7263996601104736 -1.8020576238632202 0.0039687603712082
1.7264180183410645 -1.8033001422882080 -0.0209309402853251
1.7264549732208252 -1.8057823181152344 -0.0457377471029758
1.7265101671218872 -1.8094974756240845 -0.0703899860382080
1.7265833616256714 -1.8144369125366211 -0.0948263555765152
1.7266744375228882 -1.8205879926681519 -0.1189861297607422
1.7267835140228271 -1.8279356956481934 -0.1428092122077942
1.7269101142883301 -1.8364615440368652 -0.1662364006042480
1.7270537614822388 -1.8461444377899170 -0.1892094463109970
1.7272143363952637 -1.8569602966308594 -0.2116712331771851
1.7273912429809570 -1.8688822984695435 -0.2335658967494965
1.7275838851928711 -1.8818804025650024 -0.2548390328884125
1.7277922630310059 -1.8959228992462158 -0.2754377424716949
1.7280157804489136 -1.9109745025634766 -0.2953107953071594
1.7282534837722778 -1.9269977807998657 -0.3144088387489319
1.7285050153732300 -1.9439531564712524 -0.3326843082904816
1.7287696599960327 -1.9617983102798462 -0.3500918447971344
1.7290469408035278 -1.9804888963699341 -0.3665881156921387
1.7293360233306885 -1.9999781847000122 -0.3821321427822113
1.7296365499496460 -2.0202181339263916 -0.3966852724552155
1.7299469709396362 -2.0411584377288818 -0.4102113246917725
1.7302671670913696 -2.0627465248107910 -0.4226767122745514
1.7305963039398193 -2.0849292278289795 -0.4340503215789795
1.7309334278106689 -2.1076512336730957 -0.4443039894104004
1.7312778234481812 -2.1308560371398926 -0.4534122049808502
1.7316285371780396 -2.1544859409332275 -0.4613522887229919
1.7319842576980591 -2.1784820556640625 -0.4681045413017273
1.7323449850082397 -2.2027850151062012 -0.4736521244049072
1.7327092885971069 -2.2273342609405518 -0.4779813289642334
1.7330762147903442 -2.2520687580108643 -0.4810813069343567
1.7282005548477173 -2.2523808479309082 0.5139495134353638
1.7254109382629395 -2.2278015613555908 0.5108495354652405
1.7226421833038330 -2.2034060955047607 0.5065203309059143
1.7199014425277710 -2.1792554855346680 0.5009727478027344
1.7171949148178101 -2.1554098129272461 0.4942204952239990
1.7145298719406128 -2.1319279670715332 0.4862803816795349
1.7119129896163940 -2.1088688373565674 0.4771721959114075
1.7093501091003418 -2.0862891674041748 0.4669185280799866
1.7068485021591187 -2.0642457008361816 0.4555448889732361
1.7044136524200439 -2.0427927970886230 0.4430795311927795
1.7020519971847534 -2.0219838619232178 0.4295534491539001
1.6997693777084351 -2.0018708705902100 0.4150003492832184
1.6975713968276978 -1.9825037717819214 0.3994563221931458
1.6954631805419922 -1.9639303684234619 0.3829600214958191
1.6934506893157959 -1.9461970329284668 0.3655524849891663
1.6915385723114014 -1.9293479919433594 0.3472770154476166
1.6897312402725220 -1.9134250879287720 0.3281790018081665
1.6880336999893188 -1.8984677791595459 0.3083059191703796
1.6864501237869263 -1.8845134973526001 0.2877072393894196
1.6849842071533203 -1.8715966939926147 0.2664341032505035
1.6836394071578979 -1.8597494363784790 0.2445394247770309
1.6824195384979248 -1.8490014076232910 0.2220776528120041
1.6813277006149292 -1.8393793106079102 0.1991046220064163
1.6803660392761230 -1.8309069871902466 0.1756774336099625
1.6795372962951660 -1.8236054182052612 0.1518543511629105
1.6788436174392700 -1.8174927234649658 0.1276945769786835
1.6782865524291992 -1.8125842809677124 0.1032581925392151
1.6778675317764282 -1.8088923692703247 0.0786059573292732
1.6775876283645630 -1.8064259290695190 0.0537991523742676
1.6774474382400513 -1.8051911592483521 0.0288994517177343
1.6774474382400513 -1.8051911592483521 0.0039687603712082
1.6775876283645630 -1.8064259290695190 -0.0209309402853251
1.6778675317764282 -1.8088923692703247 -0.0457377471029758
1.6782865524291992 -1.8125842809677124 -0.0703899860382080
1.6788436174392700 -1.8174927234649658 -0.0948263555765152
1.6795372962951660 -1.8236054182052612 -0.1189861297607422
1.6803660392761230 -1.8309069871902466 -0.1428092122077942
1.6813277006149292 -1.8393793106079102 -0.1662364006042480
1.6824195384979248 -1.8490014076232910 -0.1892094463109970
1.6836394071578979 -1.8597494363784790 -0.2116712331771851
1.6849842071533203 -1.8715966939926147 -0.2335658967494965
1.6864501237869263 -1.8845134973526001 -0.2548390328884125
1.6880336999893188 -1.8984677791595459 -0.2754377424716949
1.6897312402725220 -1.9134250879287720 -0.2953107953071594
1.6915385723114014 -1.9293479919433594 -0.3144088387489319
1.6934506893157959 -1.9461970329284668 -0.3326843082904816
1.6954631805419922 -1.9639303684234619 -0.3500918447971344
1.6975713968276978 -1.9825037717819214 -0.3665881156921387
1.6997693777084351 -2.0018708705902100 -0.3821321427822113
1.7020519971847534 -2.0219838619232178 -0.3966852724552155
1.7044136524200439 -2.0427927970886230 -0.4102113246917725
1.7068485021591187 -2.0642457008361816 -0.4226767122745514
1.7093501091003418 -2.0862891674041748 -0.4340503215789795
1.7119129896163940 -2.1088688373565674 -0.4443039894104004
1.7145298719406128 -2.1319279670715332 -0.4534122049808502
1.7171949148178101 -2.1554098129272461 -0.4613522887229919
1.7199014425277710 -2.1792554855346680 -0.4681045413017273
1.7226421833038330 -2.2034060955047607 -0.4736521244049072
1.7254109382629395 -2.2278015613555908 -0.4779813289642334
1.7282005548477173 -2.2523808479309082 -0.4810813069343567
1.7233788967132568 -2.2531692981719971 0.5139495134353638
1.7181937694549561 -2.2289817333221436 0.5108495354652405
1.7130470275878906 -2.2049751281738281 0.5065203309059143
1.7079523801803589 -2.1812095642089844 0.5009727478027344
1.7029217481613159 -2.1577439308166504 0.4942204952239990
1.6979678869247437 -2.1346364021301270 0.4862803816795349
1.6931030750274658 -2.1119449138641357 0.4771721959114075
1.6883397102355957 -2.0897252559661865 0.4669185280799866
1.6836892366409302 -2.0680329799652100 0.4555448889732361
1.6791635751724243 -2.0469219684600830 0.4430795311927795
1.6747734546661377 -2.0264446735382080 0.4295534491539001
1.6705303192138672 -2.0066523551940918 0.4150003492832184
1.6664447784423828 -1.9875937700271606 0.3994563221931458
1.6625263690948486 -1.9693163633346558 0.3829600214958191
1.6587853431701660 -1.9518660306930542 0.3655524849891663
1.6552305221557617 -1.9352854490280151 0.3472770154476166
1.6518714427947998 -1.9196164608001709 0.3281790018081665
1.6487160921096802 -1.9048974514007568 0.3083059191703796
1.6457720994949341 -1.8911656141281128 0.2877072393894196
1.6430472135543823 -1.8784545660018921 0.2664341032505035
1.6405478715896606 -1.8667963743209839 0.2445394247770309
1.6382805109024048 -1.8562197685241699 0.2220776528120041
1.6362504959106445 -1.8467508554458618 0.1991046220064163
1.6344630718231201 -1.8384135961532593 0.1756774336099625
1.6329226493835449 -1.8312282562255859 0.1518543511629105
1.6316332817077637 -1.8252131938934326 0.1276945769786835
1.6305975914001465 -1.8203829526901245 0.1032581925392151
1.6298187971115112 -1.8167496919631958 0.0786059573292732
1.6292986869812012 -1.8143225908279419 0.0537991523742676
1.6290380954742432 -1.8131076097488403 0.0288994517177343
1.6290380954742432 -1.8131076097488403 0.0039687603712082
1.6292986869812012 -1.8143225908279419 -0.0209309402853251
1.6298187971115112 -1.8167496919631958 -0.0457377471029758
1.6305975914001465 -1.8203829526901245 -0.0703899860382080
1.6316332817077637 -1.8252131938934326 -0.0948263555765152
1.6329226493835449 -1.8312282562255859 -0.1189861297607422
1.6344630718231201 -1.8384135961532593 -0.1428092122077942
1.6362504959106445 -1.8467508554458618 -0.1662364006042480
1.6382805109024048 -1.8562197685241699 -0.1892094463109970
1.6405478715896606 -1.8667963743209839 -0.2116712331771851
1.6430472135543823 -1.8784545660018921 -0.2335658967494965
1.6457720994949341 -1.8911656141281128 -0.2548390328884125
1.6487160921096802 -1.9048974514007568 -0.2754377424716949
1.6518714427947998 -1.9196164608001709 -0.2953107953071594
1.6552305221557617 -1.9352854490280151 -0.3144088387489319
1.6587853431701660 -1.9518660306930542 -0.3326843082904816
1.6625263690948486 -1.9693163633346558 -0.3500918447971344
1.6664447784423828 -1.9875937700271606 -0.3665881156921387
1.6705303192138672 -2.0066523551940918 -0.3821321427822113
1.6747734546661377 -2.0264446735382080 -0.3966852724552155
1.6791635751724243 -2.0469219684600830 -0.4102113246917725
1.6836892366409302 -2.0680329799652100 -0.4226767122745514
1.6883397102355957 -2.0897252559661865 -0.4340503215789795
1.6931030750274658 -2.1119449138641357 -0.4443039894104004
1.6979678869247437 -2.1346364021301270 -0.4534122049808502
1.7029217481613159 -2.1577439308166504 -0.4613522887229919
1.7079523801803589 -2.1812095642089844 -0.4681045413017273
1.7130470275878906 -2.2049751281738281 -0.4736521244049072
1.7181937694549561 -2.2289817333221436 -0.4779813289642334
1.7233788967132568 -2.2531692981719971 -0.4810813069343567
1.7186580896377563 -2.2544264793395996 0.5139495134353638
1.7111269235610962 -2.2308638095855713 0.5108495354652405
1.7036519050598145 -2.2074773311614990 0.5065203309059143
1.6962522268295288 -2.1843254566192627 0.5009727478027344
1.6889457702636719 -2.1614658832550049 0.4942204952239990
1.6817507743835449 -2.1389551162719727 0.4862803816795349
1.6746854782104492 -2.1168496608734131 0.4771721959114075
1.6677671670913696 -2.0952038764953613 0.4669185280799866
1.6610127687454224 -2.0740718841552734 0.4555448889732361
1.6544395685195923 -2.0535063743591309 0.4430795311927795
1.6480636596679688 -2.0335578918457031 0.4295534491539001
1.6419010162353516 -2.0142767429351807 0.4150003492832184
1.6359667778015137 -1.9957103729248047 0.3994563221931458
1.6302758455276489 -1.9779051542282104 0.3829600214958191
1.6248422861099243 -1.9609053134918213 0.3655524849891663
1.6196798086166382 -1.9447531700134277 0.3472770154476166
1.6148009300231934 -1.9294887781143188 0.3281790018081665
1.6102181673049927 -1.9151501655578613 0.3083059191703796
1.6059422492980957 -1.9017727375030518 0.2877072393894196
1.6019845008850098 -1.8893902301788330 0.2664341032505035
1.5983544588088989 -1.8780329227447510 0.2445394247770309
1.5950613021850586 -1.8677294254302979 0.2220776528120041
1.5921130180358887 -1.8585052490234375 0.1991046220064163
1.5895169973373413 -1.8503831624984741 0.1756774336099625
1.5872799158096313 -1.8433836698532104 0.1518543511629105
1.5854068994522095 -1.8375238180160522 0.1276945769786835
1.5839028358459473 -1.8328183889389038 0.1032581925392151
1.5827718973159790 -1.8292790651321411 0.0786059573292732
1.5820159912109375 -1.8269145488739014 0.0537991523742676
1.5816376209259033 -1.8257309198379517 0.0288994517177343
1.5816376209259033 -1.8257309198379517 0.0039687603712082
1.5820159912109375 -1.8269145488739014 -0.0209309402853251
1.5827718973159790 -1.8292790651321411 -0.0457377471029758
1.5839028358459473 -1.8328183889389038 -0.0703899860382080
1.5854068994522095 -1.8375238180160522 -0.0948263555765152
1.5872799158096313 -1.8433836698532104 -0.1189861297607422
1.5895169973373413 -1.8503831624984741 -0.1428092122077942
1.5921130180358887 -1.8585052490234375 -0.1662364006042480
1.5950613021850586 -1.8677294254302979 -0.1892094463109970
1.5983544588088989 -1.8780329227447510 -0.2116712331771851
1.6019845008850098 -1.8893902301788330 -0.2335658967494965
1.6059422492980957 -1.9017727375030518 -0.2548390328884125
1.6102181673049927 -1.9151501655578613 -0.2754377424716949
1.6148009300231934 -1.9294887781143188 -0.2953107953071594
1.6196798086166382 -1.9447531700134277 -0.3144088387489319
1.6248422861099243 -1.9609053134918213 -0.3326843082904816
1.6302758455276489 -1.9779051542282104 -0.3500918447971344
1.6359667778015137 -1.9957103729248047 -0.3665881156921387
1.6419010162353516 -2.0142767429351807 -0.3821321427822113
1.6480636596679688 -2.0335578918457031 -0.3966852724552155
1.6544395685195923 -2.0535063743591309 -0.4102113246917725
1.6610127687454224 -2.0740718841552734 -0.4226767122745514
1.6677671670913696 -2.0952038764953613 -0.4340503215789795
1.6746854782104492 -2.1168496608734131 -0.4443039894104004
1.6817507743835449 -2.1389551162719727 -0.4534122049808502
1.6889457702636719 -2.1614658832550049 -0.4613522887229919
1.6962522268295288 -2.1843254566192627 -0.4681045413017273
1.7036519050598145 -2.2074773311614990 -0.4736521244049072
1.7111269235610962 -2.2308638095855713 -0.4779813289642334
1.7186580896377563 -2.2544264793395996 -0.4810813069343567
1.7140828371047974 -2.2561404705047607 0.5139495134353638
1.7042784690856934 -2.2334294319152832 0.5108495354652405
1.6945472955703735 -2.2108881473541260 0.5065203309059143
1.6849138736724854 -2.1885731220245361 0.5009727478027344
1.6754019260406494 -2.1665396690368652 0.4942204952239990
1.6660354137420654 -2.1448426246643066 0.4862803816795349
1.6568372249603271 -2.1235361099243164 0.4771721959114075
1.6478303670883179 -2.1026728153228760 0.4669185280799866
1.6390374898910522 -2.0823044776916504 0.4555448889732361
1.6304800510406494 -2.0624821186065674 0.4430795311927795
1.6221795082092285 -2.0432548522949219 0.4295534491539001
1.6141567230224609 -2.0246706008911133 0.4150003492832184
1.6064313650131226 -2.0067753791809082 0.3994563221931458
1.5990225076675415 -1.9896135330200195 0.3829600214958191
1.5919489860534668 -1.9732284545898438 0.3655524849891663
1.5852279663085938 -1.9576598405838013 0.3472770154476166
1.5788766145706177 -1.9429471492767334 0.3281790018081665
1.5729100704193115 -1.9291268587112427 0.3083059191703796
1.5673439502716064 -1.9162329435348511 0.2877072393894196
1.5621913671493530 -1.9042979478836060 0.2664341032505035
1.5574656724929810 -1.8933510780334473 0.2445394247770309
1.5531786680221558 -1.8834201097488403 0.2220776528120041
1.5493403673171997 -1.8745293617248535 0.1991046220064163
1.5459607839584351 -1.8667008876800537 0.1756774336099625
1.5430481433868408 -1.8599542379379272 0.1518543511629105
1.5406098365783691 -1.8543061017990112 0.1276945769786835
1.5386520624160767 -1.8497707843780518 0.1032581925392151
1.5371793508529663 -1.8463592529296875 0.0786059573292732
1.5361952781677246 -1.8440803289413452 0.0537991523742676
1.5357030630111694 -1.8429393768310547 0.0288994517177343
1.5357030630111694 -1.8429393768310547 0.0039687603712082
1.5361952781677246 -1.8440803289413452 -0.0209309402853251
1.5371793508529663 -1.8463592529296875 -0.0457377471029758
1.5386520624160767 -1.8497707843780518 -0.0703899860382080
1.5406098365783691 -1.8543061017990112 -0.0948263555765152
1.5430481433868408 -1.8599542379379272 -0.1189861297607422
1.5459607839584351 -1.8667008876800537 -0.1428092122077942
1.5493403673171997 -1.8745293617248535 -0.1662364006042480
1.5531786680221558 -1.8834201097488403 -0.1892094463109970
1.5574656724929810 -1.8933510780334473 -0.2116712331771851
1.5621913671493530 -1.9042979478836060 -0.2335658967494965
1.5673439502716064 -1.9162329435348511 -0.2548390328884125
1.5729100704193115 -1.9291268587112427 -0.2754377424716949
1.5788766145706177 -1.9429471492767334 -0.2953107953071594
1.5852279663085938 -1.9576598405838013 -0.3144088387489319
1.5919489860534668 -1.9732284545898438 -0.3326843082904816
1.5990225076675415 -1.9896135330200195 -0.3500918447971344
1.6064313650131226 -2.0067753791809082 -0.3665881156921387
1.6141567230224609 -2.0246706008911133 -0.3821321427822113
1.6221795082092285 -2.0432548522949219 -0.3966852724552155
1.6304800510406494 -2.0624821186065674 -0.4102113246917725
1.6390374898910522 -2.0823044776916504 -0.4226767122745514
1.6478303670883179 -2.1026728153228760 -0.4340503215789795
1.6568372249603271 -2.1235361099243164 -0.4443039894104004
1.6660354137420654 -2.1448426246643066 -0.4534122049808502
1.6754019260406494 -2.1665396690368652 -0.4613522887229919
1.6849138736724854 -2.1885731220245361 -0.4681045413017273
1.6945472955703735 -2.2108881473541260 -0.4736521244049072
1.7042784690856934 -2.2334294319152832 -0.4779813289642334
1.7140828371047974 -2.2561404705047607 -0.4810813069343567
1.7096979618072510 -2.2582948207855225 0.5139495134353638
1.6977144479751587 -2.2366538047790527 0.5108495354652405
1.6858208179473877 -2.2151749134063721 0.5065203309059143
1.6740465164184570 -2.1939117908477783 0.5009727478027344
1.6624209880828857 -2.1729168891906738 0.4942204952239990
1.6509726047515869 -2.1522424221038818 0.4862803816795349
1.6397303342819214 -2.1319396495819092 0.4771721959114075
1.6287218332290649 -2.1120598316192627 0.4669185280799866
1.6179748773574829 -2.0926516056060791 0.4555448889732361
1.6075156927108765 -2.0737633705139160 0.4430795311927795
1.5973706245422363 -2.0554423332214355 0.4295534491539001
1.5875649452209473 -2.0377337932586670 0.4150003492832184
1.5781224966049194 -2.0206818580627441 0.3994563221931458
1.5690674781799316 -2.0043289661407471 0.3829600214958191
1.5604217052459717 -1.9887158870697021 0.3655524849891663
1.5522073507308960 -1.9738813638687134 0.3472770154476166
1.5444443225860596 -1.9598619937896729 0.3281790018081665
1.5371519327163696 -1.9466928243637085 0.3083059191703796
1.5303486585617065 -1.9344067573547363 0.2877072393894196
1.5240513086318970 -1.9230341911315918 0.2664341032505035
1.5182753801345825 -1.9126033782958984 0.2445394247770309
1.5130351781845093 -1.9031401872634888 0.2220776528120041
1.5083440542221069 -1.8946684598922729 0.1991046220064163
1.5042135715484619 -1.8872091770172119 0.1756774336099625
1.5006536245346069 -1.8807802200317383 0.1518543511629105
1.4976736307144165 -1.8753983974456787 0.1276945769786835
1.4952805042266846 -1.8710768222808838 0.1032581925392151
1.4934805631637573 -1.8678262233734131 0.0786059573292732
1.4922780990600586 -1.8656545877456665 0.0537991523742676
1.4916759729385376 -1.8645675182342529 0.0288994517177343
1.4916759729385376 -1.8645675182342529 0.0039687603712082
1.4922780990600586 -1.8656545877456665 -0.0209309402853251
1.4934805631637573 -1.8678262233734131 -0.0457377471029758
1.4952805042266846 -1.8710768222808838 -0.0703899860382080
1.4976736307144165 -1.8753983974456787 -0.0948263555765152
1.5006536245346069 -1.8807802200317383 -0.1189861297607422
1.5042135715484619 -1.8872091770172119 -0.1428092122077942
1.5083440542221069 -1.8946684598922729 -0.1662364006042480
1.5130351781845093 -1.9031401872634888 -0.1892094463109970
1.5182753801345825 -1.9126033782958984 -0.2116712331771851
1.5240513086318970 -1.9230341911315918 -0.2335658967494965
1.5303486585617065 -1.9344067573547363 -0.2548390328884125
1.5371519327163696 -1.9466928243637085 -0.2754377424716949
1.5444443225860596 -1.9598619937896729 -0.2953107953071594
1.5522073507308960 -1.9738813638687134 -0.3144088387489319
1.5604217052459717 -1.9887158870697021 -0.3326843082904816
1.5690674781799316 -2.0043289661407471 -0.3500918447971344
1.5781224966049194 -2.0206818580627441 -0.3665881156921387
1.5875649452209473 -2.0377337932586670 -0.3821321427822113
1.5973706245422363 -2.0554423332214355 -0.3966852724552155
1.6075156927108765 -2.0737633705139160 -0.4102113246917725
1.6179748773574829 -2.0926516056060791 -0.4226767122745514
1.6287218332290649 -2.1120598316192627 -0.4340503215789795
1.6397303342819214 -2.1319396495819092 -0.4443039894104004
1.6509726047515869 -2.1522424221038818 -0.4534122049808502
1.6624209880828857 -2.1729168891906738 -0.4613522887229919
1.6740465164184570 -2.1939117908477783 -0.4681045413017273
1.6858208179473877 -2.2151749134063721 -0.4736521244049072
1.6977144479751587 -2.2366538047790527 -0.4779813289642334
1.7096979618072510 -2.2582948207855225 -0.4810813069343567
1.7055451869964600 -2.2608683109283447 0.5139495134353638
1.6914981603622437 -2.2405061721801758 0.5108495354652405
1.6775566339492798 -2.2202966213226318 0.5065203309059143
1.6637548208236694 -2.2002899646759033 0.5009727478027344
1.6501272916793823 -2.1805353164672852 0.4942204952239990
1.6367077827453613 -2.1610827445983887 0.4862803816795349
1.6235294342041016 -2.1419796943664551 0.4771721959114075
1.6106256246566772 -2.1232745647430420 0.4669185280799866
1.5980278253555298 -2.1050131320953369 0.4555448889732361
1.5857678651809692 -2.0872411727905273 0.4430795311927795
1.5738759040832520 -2.0700025558471680 0.4295534491539001
1.5623813867568970 -2.0533404350280762 0.4150003492832184
1.5513131618499756 -2.0372962951660156 0.3994563221931458
1.5406988859176636 -2.0219099521636963 0.3829600214958191
1.5305644273757935 -2.0072193145751953 0.3655524849891663
1.5209352970123291 -1.9932610988616943 0.3472770154476166
1.5118355751037598 -1.9800702333450317 0.3281790018081665
1.5032876729965210 -1.9676793813705444 0.3083059191703796
1.4953130483627319 -1.9561192989349365 0.2877072393894196
1.4879310131072998 -1.9454185962677002 0.2664341032505035
1.4811606407165527 -1.9356043338775635 0.2445394247770309
1.4750181436538696 -1.9267003536224365 0.2220776528120041
1.4695193767547607 -1.9187291860580444 0.1991046220064163
1.4646773338317871 -1.9117105007171631 0.1756774336099625
1.4605045318603516 -1.9056618213653564 0.1518543511629105
1.4570112228393555 -1.9005976915359497 0.1276945769786835
1.4542062282562256 -1.8965317010879517 0.1032581925392151
1.4520962238311768 -1.8934730291366577 0.0786059573292732
1.4506868124008179 -1.8914297819137573 0.0537991523742676
1.4499809741973877 -1.8904069662094116 0.0288994517177343
1.4499809741973877 -1.8904069662094116 0.0039687603712082
1.4506868124008179 -1.8914297819137573 -0.0209309402853251
1.4520962238311768 -1.8934730291366577 -0.0457377471029758
1.4542062282562256 -1.8965317010879517 -0.0703899860382080
1.4570112228393555 -1.9005976915359497 -0.0948263555765152
1.4605045318603516 -1.9056618213653564 -0.1189861297607422
1.4646773338317871 -1.9117105007171631 -0.1428092122077942
1.4695193767547607 -1.9187291860580444 -0.1662364006042480
1.4750181436538696 -1.9267003536224365 -0.1892094463109970
1.4811606407165527 -1.9356043338775635 -0.2116712331771851
1.4879310131072998 -1.9454185962677002 -0.2335658967494965
1.4953130483627319 -1.9561192989349365 -0.2548390328884125
1.5032876729965210 -1.9676793813705444 -0.2754377424716949
1.5118355751037598 -1.9800702333450317 -0.2953107953071594
1.5209352970123291 -1.9932610988616943 -0.3144088387489319
1.5305644273757935 -2.0072193145751953 -0.3326843082904816
1.5406988859176636 -2.0219099521636963 -0.3500918447971344
1.5513131618499756 -2.0372962951660156 -0.3665881156921387
1.5623813867568970 -2.0533404350280762 -0.3821321427822113
1.5738759040832520 -2.0700025558471680 -0.3966852724552155
1.5857678651809692 -2.0872411727905273 -0.4102113246917725
1.5980278253555298 -2.1050131320953369 -0.4226767122745514
1.6106256246566772 -2.1232745647430420 -0.4340503215789795
1.6235294342041016 -2.1419796943664551 -0.4443039894104004
1.6367077827453613 -2.1610827445983887 -0.4534122049808502
1.6501272916793823 -2.1805353164672852 -0.4613522887229919
1.6637548208236694 -2.2002899646759033 -0.4681045413017273
1.6775566339492798 -2.2202966213226318 -0.4736521244049072
1.6914981603622437 -2.2405061721801758 -0.4779813289642334
1.7055451869964600 -2.2608683109283447 -0.4810813069343567
1.7016646862030029 -2.2638366222381592 0.5139495134353638
1.6856895685195923 -2.2449493408203125 0.5108495354652405
1.6698341369628906 -2.2262034416198730 0.5065203309059143
1.6541379690170288 -2.2076456546783447 0.5009727478027344
1.6386394500732422 -2.1893224716186523 0.4942204952239990
1.6233779191970825 -2.1712787151336670 0.4862803816795349
1.6083909273147583 -2.1535594463348389 0.4771721959114075
1.5937156677246094 -2.1362090110778809 0.4669185280799866
1.5793887376785278 -2.1192703247070312 0.4555448889732361
1.5654456615447998 -2.1027855873107910 0.4430795311927795
1.5519212484359741 -2.0867958068847656 0.4295534491539001
1.5388488769531250 -2.0713405609130859 0.4150003492832184
1.5262616872787476 -2.0564584732055664 0.3994563221931458
1.5141899585723877 -2.0421864986419678 0.3829600214958191
1.5026645660400391 -2.0285599231719971 0.3655524849891663
1.4917136430740356 -2.0156128406524658 0.3472770154476166
1.4813648462295532 -2.0033774375915527 0.3281790018081665
1.4716436862945557 -1.9918841123580933 0.3083059191703796
1.4625741243362427 -1.9811612367630005 0.2877072393894196
1.4541789293289185 -1.9712358713150024 0.2664341032505035
1.4464792013168335 -1.9621323347091675 0.2445394247770309
1.4394936561584473 -1.9538732767105103 0.2220776528120041
1.4332396984100342 -1.9464794397354126 0.1991046220064163
1.4277333021163940 -1.9399691820144653 0.1756774336099625
1.4229878187179565 -1.9343585968017578 0.1518543511629105
1.4190149307250977 -1.9296616315841675 0.1276945769786835
1.4158248901367188 -1.9258898496627808 0.1032581925392151
1.4134252071380615 -1.9230527877807617 0.0786059573292732
1.4118221998214722 -1.9211574792861938 0.0537991523742676
1.4110196828842163 -1.9202086925506592 0.0288994517177343
1.4110196828842163 -1.9202086925506592 0.0039687603712082
1.4118221998214722 -1.9211574792861938 -0.0209309402853251
1.4134252071380615 -1.9230527877807617 -0.0457377471029758
1.4158248901367188 -1.9258898496627808 -0.0703899860382080
1.4190149307250977 -1.9296616315841675 -0.0948263555765152
1.4229878187179565 -1.9343585968017578 -0.1189861297607422
1.4277333021163940 -1.9399691820144653 -0.1428092122077942
1.4332396984100342 -1.9464794397354126 -0.1662364006042480
1.4394936561584473 -1.9538732767105103 -0.1892094463109970
1.4464792013168335 -1.9621323347091675 -0.2116712331771851
1.4541789293289185 -1.9712358713150024 -0.2335658967494965
1.4625741243362427 -1.9811612367630005 -0.2548390328884125
1.4716436862945557 -1.9918841123580933 -0.2754377424716949
1.4813648462295532 -2.0033774375915527 -0.2953107953071594
1.4917136430740356 -2.0156128406524658 -0.3144088387489319
1.5026645660400391 -2.0285599231719971 -0.3326843082904816
1.5141899585723877 -2.0421864986419678 -0.3500918447971344
1.5262616872787476 -2.0564584732055664 -0.3665881156921387
1.5388488769531250 -2.0713405609130859 -0.3821321427822113
1.5519212484359741 -2.0867958068847656 -0.3966852724552155
1.5654456615447998 -2.1027855873107910 -0.4102113246917725
1.5793887376785278 -2.1192703247070312 -0.4226767122745514
1.5937156677246094 -2.1362090110778809 -0.4340503215789795
1.6083909273147583 -2.1535594463348389 -0.4443039894104004
1.6233779191970825 -2.1712787151336670 -0.4534122049808502
1.6386394500732422 -2.1893224716186523 -0.4613522887229919
1.6541379690170288 -2.2076456546783447 -0.4681045413017273
1.6698341369628906 -2.2262034416198730 -0.4736521244049072
1.6856895685195923 -2.2449493408203125 -0.4779813289642334
1.7016646862030029 -2.2638366222381592 -0.4810813069343567
1.6980937719345093 -2.2671709060668945 0.5139495134353638
1.6803444623947144 -2.2499403953552246 0.5108495354652405
1.6627278327941895 -2.2328391075134277 0.5065203309059143
1.6452882289886475 -2.2159092426300049 0.5009727478027344
1.6280685663223267 -2.1991927623748779 0.4942204952239990
1.6111117601394653 -2.1827318668365479 0.4862803816795349
1.5944602489471436 -2.1665670871734619 0.4771721959114075
1.5781548023223877 -2.1507387161254883 0.4669185280799866
1.5622366666793823 -2.1352858543395996 0.4555448889732361
1.5467449426651001 -2.1202471256256104 0.4430795311927795
1.5317183732986450 -2.1056599617004395 0.4295534491539001
1.5171942710876465 -2.0915603637695312 0.4150003492832184
1.5032086372375488 -2.0779838562011719 0.3994563221931458
1.4897964000701904 -2.0649638175964355 0.3829600214958191
1.4769908189773560 -2.0525324344635010 0.3655524849891663
1.4648238420486450 -2.0407211780548096 0.3472770154476166
1.4533253908157349 -2.0295588970184326 0.3281790018081665
1.4425243139266968 -2.0190737247467041 0.3083059191703796
1.4324476718902588 -2.0092916488647461 0.2877072393894196
1.4231199026107788 -2.0002367496490479 0.2664341032505035
1.4145649671554565 -1.9919317960739136 0.2445394247770309
1.4068034887313843 -1.9843972921371460 0.2220776528120041
1.3998551368713379 -1.9776519536972046 0.1991046220064163
1.3937368392944336 -1.9717128276824951 0.1756774336099625
1.3884642124176025 -1.9665944576263428 0.1518543511629105
1.3840502500534058 -1.9623093605041504 0.1276945769786835
1.3805058002471924 -1.9588686227798462 0.1032581925392151
1.3778398036956787 -1.9562804698944092 0.0786059573292732
1.3760584592819214 -1.9545513391494751 0.0537991523742676
1.3751670122146606 -1.9536857604980469 0.0288994517177343
1.3751670122146606 -1.9536857604980469 0.0039687603712082
1.3760584592819214 -1.9545513391494751 -0.0209309402853251
1.3778398036956787 -1.9562804698944092 -0.0457377471029758
1.3805058002471924 -1.9588686227798462 -0.0703899860382080
1.3840502500534058 -1.9623093605041504 -0.0948263555765152
1.3884642124176025 -1.9665944576263428 -0.1189861297607422
1.3937368392944336 -1.9717128276824951 -0.1428092122077942
1.3998551368713379 -1.9776519536972046 -0.1662364006042480
1.4068034887313843 -1.9843972921371460 -0.1892094463109970
1.4145649671554565 -1.9919317960739136 -0.2116712331771851
1.4231199026107788 -2.0002367496490479 -0.2335658967494965
1.4324476718902588 -2.0092916488647461 -0.2548390328884125
1.4425243139266968 -2.0190737247467041 -0.2754377424716949
1.4533253908157349 -2.0295588970184326 -0.2953107953071594
1.4648238420486450 -2.0407211780548096 -0.3144088387489319
1.4769908189773560 -2.0525324344635010 -0.3326843082904816
1.4897964000701904 -2.0649638175964355 -0.3500918447971344
1.5032086372375488 -2.0779838562011719 -0.3665881156921387
1.5171942710876465 -2.0915603637695312 -0.3821321427822113
1.5317183732986450 -2.1056599617004395 -0.3966852724552155
1.5467449426651001 -2.1202471256256104 -0.4102113246917725
1.5622366666793823 -2.1352858543395996 -0.4226767122745514
1.5781548023223877 -2.1507387161254883 -0.4340503215789795
1.5944602489471436 -2.1665670871734619 -0.4443039894104004
1.6111117601394653 -2.1827318668365479 -0.4534122049808502
1.6280685663223267 -2.1991927623748779 -0.4613522887229919
1.6452882289886475 -2.2159092426300049 -0.4681045413017273
1.6627278327941895 -2.2328391075134277 -0.4736521244049072
1.6803444623947144 -2.2499403953552246 -0.4779813289642334
1.6980937719345093 -2.2671709060668945 -0.4810813069343567
1.6948670148849487 -2.2708392143249512 0.5139495134353638
1.6755139827728271 -2.2554314136505127 0.5108495354652405
1.6563060283660889 -2.2401390075683594 0.5065203309059143
1.6372909545898438 -2.2249999046325684 0.5009727478027344
1.6185157299041748 -2.2100522518157959 0.4942204952239990
1.6000272035598755 -2.1953325271606445 0.4862803816795349
1.5818712711334229 -2.1808779239654541 0.4771721959114075
1.5640932321548462 -2.1667237281799316 0.4669185280799866
1.5467370748519897 -2.1529054641723633 0.4555448889732361
1.5298459529876709 -2.1394577026367188 0.4430795311927795
1.5134618282318115 -2.1264135837554932 0.4295534491539001
1.4976254701614380 -2.1138055324554443 0.4150003492832184
1.4823766946792603 -2.1016652584075928 0.3994563221931458
1.4677526950836182 -2.0900223255157471 0.3829600214958191
1.4537904262542725 -2.0789062976837158 0.3655524849891663
1.4405239820480347 -2.0683443546295166 0.3472770154476166
1.4279869794845581 -2.0583629608154297 0.3281790018081665
1.4162102937698364 -2.0489869117736816 0.3083059191703796
1.4052232503890991 -2.0402395725250244 0.2877072393894196
1.3950529098510742 -2.0321426391601562 0.2664341032505035
1.3857250213623047 -2.0247161388397217 0.2445394247770309
1.3772625923156738 -2.0179786682128906 0.2220776528120041
1.3696863651275635 -2.0119469165802002 0.1991046220064163
1.3630155324935913 -2.0066359043121338 0.1756774336099625
1.3572666645050049 -2.0020589828491211 0.1518543511629105
1.3524539470672607 -1.9982273578643799 0.1276945769786835
1.3485894203186035 -1.9951504468917847 0.1032581925392151
1.3456822633743286 -1.9928362369537354 0.0786059573292732
1.3437403440475464 -1.9912900924682617 0.0537991523742676
1.3427680730819702 -1.9905160665512085 0.0288994517177343
1.3427680730819702 -1.9905160665512085 0.0039687603712082
1.3437403440475464 -1.9912900924682617 -0.0209309402853251
1.3456822633743286 -1.9928362369537354 -0.0457377471029758
1.3485894203186035 -1.9951504468917847 -0.0703899860382080
1.3524539470672607 -1.9982273578643799 -0.0948263555765152
1.3572666645050049 -2.0020589828491211 -0.1189861297607422
1.3630155324935913 -2.0066359043121338 -0.1428092122077942
1.3696863651275635 -2.0119469165802002 -0.1662364006042480
1.3772625923156738 -2.0179786682128906 -0.1892094463109970
1.3857250213623047 -2.0247161388397217 -0.2116712331771851
1.3950529098510742 -2.0321426391601562 -0.2335658967494965
1.4052232503890991 -2.0402395725250244 -0.2548390328884125
1.4162102937698364 -2.0489869117736816 -0.2754377424716949
1.4279869794845581 -2.0583629608154297 -0.2953107953071594
1.4405239820480347 -2.0683443546295166 -0.3144088387489319
1.4537904262542725 -2.0789062976837158 -0.3326843082904816
1.4677526950836182 -2.0900223255157471 -0.3500918447971344
1.4823766946792603 -2.1016652584075928 -0.3665881156921387
1.4976254701614380 -2.1138055324554443 -0.3821321427822113
1.5134618282318115 -2.1264135837554932 -0.3966852724552155
1.5298459529876709 -2.1394577026367188 -0.4102113246917725
1.5467370748519897 -2.1529054641723633 -0.4226767122745514
1.5640932321548462 -2.1667237281799316 -0.4340503215789795
1.5818712711334229 -2.1808779239654541 -0.4443039894104004
1.6000272035598755 -2.1953325271606445 -0.4534122049808502
1.6185157299041748 -2.2100522518157959 -0.4613522887229919
1.6372909545898438 -2.2249999046325684 -0.4681045413017273
1.6563060283660889 -2.2401390075683594 -0.4736521244049072
1.6755139827728271 -2.2554314136505127 -0.4779813289642334
1.6948670148849487 -2.2708392143249512 -0.4810813069343567
1.6920150518417358 -2.2748057842254639 0.5139495134353638
1.6712450981140137 -2.2613692283630371 0.5108495354652405
1.6506309509277344 -2.2480332851409912 0.5065203309059143
1.6302235126495361 -2.2348310947418213 0.5009727478027344
1.6100734472274780 -2.2217955589294434 0.4942204952239990
1.5902314186096191 -2.2089591026306152 0.4862803816795349
1.5707457065582275 -2.1963531970977783 0.4771721959114075
1.5516661405563354 -2.1840100288391113 0.4669185280799866
1.5330389738082886 -2.1719596385955811 0.4555448889732361
1.5149109363555908 -2.1602320671081543 0.4430795311927795
1.4973272085189819 -2.1488566398620605 0.4295534491539001
1.4803314208984375 -2.1378617286682129 0.4150003492832184
1.4639660120010376 -2.1272742748260498 0.3994563221931458
1.4482715129852295 -2.1171209812164307 0.3829600214958191
1.4332865476608276 -2.1074268817901611 0.3655524849891663
1.4190490245819092 -2.0982162952423096 0.3472770154476166
1.4055939912796021 -2.0895116329193115 0.3281790018081665
1.3929550647735596 -2.0813350677490234 0.3083059191703796
1.3811634778976440 -2.0737068653106689 0.2877072393894196
1.3702484369277954 -2.0666456222534180 0.2664341032505035
1.3602375984191895 -2.0601694583892822 0.2445394247770309
1.3511554002761841 -2.0542938709259033 0.2220776528120041
1.3430247306823730 -2.0490336418151855 0.1991046220064163
1.3358652591705322 -2.0444021224975586 0.1756774336099625
1.3296954631805420 -2.0404107570648193 0.1518543511629105
1.3245301246643066 -2.0370690822601318 0.1276945769786835
1.3203827142715454 -2.0343859195709229 0.1032581925392151
1.3172627687454224 -2.0323677062988281 0.0786059573292732
1.3151786327362061 -2.0310194492340088 0.0537991523742676
1.3141351938247681 -2.0303442478179932 0.0288994517177343
1.3141351938247681 -2.0303442478179932 0.0039687603712082
1.3151786327362061 -2.0310194492340088 -0.0209309402853251
1.3172627687454224 -2.0323677062988281 -0.0457377471029758
1.3203827142715454 -2.0343859195709229 -0.0703899860382080
1.3245301246643066 -2.0370690822601318 -0.0948263555765152
1.3296954631805420 -2.0404107570648193 -0.1189861297607422
1.3358652591705322 -2.0444021224975586 -0.1428092122077942
1.3430247306823730 -2.0490336418151855 -0.1662364006042480
1.3511554002761841 -2.0542938709259033 -0.1892094463109970
1.3602375984191895 -2.0601694583892822 -0.2116712331771851
1.3702484369277954 -2.0666456222534180 -0.2335658967494965
1.3811634778976440 -2.0737068653106689 -0.2548390328884125
1.3929550647735596 -2.0813350677490234 -0.2754377424716949
1.4055939912796021 -2.0895116329193115 -0.2953107953071594
1.4190490245819092 -2.0982162952423096 -0.3144088387489319
1.4332865476608276 -2.1074268817901611 -0.3326843082904816
1.4482715129852295 -2.1171209812164307 -0.3500918447971344
1.4639660120010376 -2.1272742748260498 -0.3665881156921387
1.4803314208984375 -2.1378617286682129 -0.3821321427822113
1.4973272085189819 -2.1488566398620605 -0.3966852724552155
1.5149109363555908 -2.1602320671081543 -0.4102113246917725
1.5330389738082886 -2.1719596385955811 -0.4226767122745514
1.5516661405563354 -2.1840100288391113 -0.4340503215789795
1.5707457065582275 -2.1963531970977783 -0.4443039894104004
1.5902314186096191 -2.2089591026306152 -0.4534122049808502
1.6100734472274780 -2.2217955589294434 -0.4613522887229919
1.6302235126495361 -2.2348310947418213 -0.4681045413017273
1.6506309509277344 -2.2480332851409912 -0.4736521244049072
1.6712450981140137 -2.2613692283630371 -0.4779813289642334
1.6920150518417358 -2.2748057842254639 -0.4810813069343567
1.6895658969879150 -2.2790331840515137 0.5139495134353638
1.6675789356231689 -2.2676968574523926 0.5108495354652405
1.6457567214965820 -2.2564458847045898 0.5065203309059143
1.6241534948348999 -2.2453074455261230 0.5009727478027344
1.6028230190277100 -2.2343099117279053 0.4942204952239990
1.5818179845809937 -2.2234799861907959 0.4862803816795349
1.5611908435821533 -2.2128448486328125 0.4771721959114075
1.5409929752349854 -2.2024309635162354 0.4669185280799866
1.5212744474411011 -2.1922645568847656 0.4555448889732361
1.5020842552185059 -2.1823704242706299 0.4430795311927795
1.4834703207015991 -2.1727731227874756 0.4295534491539001
1.4654790163040161 -2.1634969711303711 0.4150003492832184
1.4481543302536011 -2.1545648574829102 0.3994563221931458
1.4315401315689087 -2.1459987163543701 0.3829600214958191
1.4156771898269653 -2.1378200054168701 0.3655524849891663
1.4006054401397705 -2.1300492286682129 0.3472770154476166
1.3863620758056641 -2.1227054595947266 0.3281790018081665
1.3729823827743530 -2.1158070564270020 0.3083059191703796
1.3604998588562012 -2.1093711853027344 0.2877072393894196
1.3489454984664917 -2.1034140586853027 0.2664341032505035
1.3383480310440063 -2.0979502201080322 0.2445394247770309
1.3287334442138672 -2.0929930210113525 0.2220776528120041
1.3201262950897217 -2.0885553359985352 0.1991046220064163
1.3125476837158203 -2.0846476554870605 0.1756774336099625
1.3060162067413330 -2.0812802314758301 0.1518543511629105
1.3005483150482178 -2.0784609317779541 0.1276945769786835
1.2961575984954834 -2.0761973857879639 0.1032581925392151
1.2928549051284790 -2.0744943618774414 0.0786059573292732
1.2906488180160522 -2.0733568668365479 0.0537991523742676
1.2895439863204956 -2.0727875232696533 0.0288994517177343
1.2895439863204956 -2.0727875232696533 0.0039687603712082
1.2906488180160522 -2.0733568668365479 -0.0209309402853251
1.2928549051284790 -2.0744943618774414 -0.0457377471029758
1.2961575984954834 -2.0761973857879639 -0.0703899860382080
1.3005483150482178 -2.0784609317779541 -0.0948263555765152
1.3060162067413330 -2.0812802314758301 -0.1189861297607422
1.3125476837158203 -2.0846476554870605 -0.1428092122077942
1.3201262950897217 -2.0885553359985352 -0.1662364006042480
1.3287334442138672 -2.0929930210113525 -0.1892094463109970
1.3383480310440063 -2.0979502201080322 -0.2116712331771851
1.3489454984664917 -2.1034140586853027 -0.2335658967494965
1.3604998588562012 -2.1093711853027344 -0.2548390328884125
1.3729823827743530 -2.1158070564270020 -0.2754377424716949
1.3863620758056641 -2.1227054595947266 -0.2953107953071594
1.4006054401397705 -2.1300492286682129 -0.3144088387489319
1.4156771898269653 -2.1378200054168701 -0.3326843082904816
1.4315401315689087 -2.1459987163543701 -0.3500918447971344
1.4481543302536011 -2.1545648574829102 -0.3665881156921387
1.4654790163040161 -2.1634969711303711 -0.3821321427822113
1.4834703207015991 -2.1727731227874756 -0.3966852724552155
1.5020842552185059 -2.1823704242706299 -0.4102113246917725
1.5212744474411011 -2.1922645568847656 -0.4226767122745514
1.5409929752349854 -2.2024309635162354 -0.4340503215789795
1.5611908435821533 -2.2128448486328125 -0.4443039894104004
1.5818179845809937 -2.2234799861907959 -0.4534122049808502
1.6028230190277100 -2.2343099117279053 -0.4613522887229919
1.6241534948348999 -2.2453074455261230 -0.4681045413017273
1.6457567214965820 -2.2564458847045898 -0.4736521244049072
1.6675789356231689 -2.2676968574523926 -0.4779813289642334
1.6895658969879150 -2.2790331840515137 -0.4810813069343567
1.6875425577163696 -2.2834801673889160 0.5139495134353638
1.6645506620407104 -2.2743539810180664 0.5108495354652405
1.6417306661605835 -2.2652957439422607 0.5065203309059143
1.6191396713256836 -2.2563285827636719 0.5009727478027344
1.5968338251113892 -2.2474744319915771 0.4942204952239990
1.5748684406280518 -2.2387554645538330 0.4862803816795349
1.5532983541488647 -2.2301933765411377 0.4771721959114075
1.5321768522262573 -2.2218096256256104 0.4669185280799866
1.5115569829940796 -2.2136247158050537 0.4555448889732361
1.4914894104003906 -2.2056591510772705 0.4430795311927795
1.4720244407653809 -2.1979327201843262 0.4295534491539001
1.4532101154327393 -2.1904644966125488 0.4150003492832184
1.4350937604904175 -2.1832735538482666 0.3994563221931458
1.4177196025848389 -2.1763770580291748 0.3829600214958191
1.4011317491531372 -2.1697926521301270 0.3655524849891663
1.3853708505630493 -2.1635367870330811 0.3472770154476166
1.3704762458801270 -2.1576244831085205 0.3281790018081665
1.3564846515655518 -2.1520707607269287 0.3083059191703796
1.3434315919876099 -2.1468892097473145 0.2877072393894196
1.3313487768173218 -2.1420934200286865 0.2664341032505035
1.3202667236328125 -2.1376943588256836 0.2445394247770309
1.3102129697799683 -2.1337037086486816 0.2220776528120041
1.3012121915817261 -2.1301310062408447 0.1991046220064163
1.2932868003845215 -2.1269850730895996 0.1756774336099625
1.2864567041397095 -2.1242737770080566 0.1518543511629105
1.2807388305664062 -2.1220042705535889 0.1276945769786835
1.2761474847793579 -2.1201815605163574 0.1032581925392151
1.2726939916610718 -2.1188106536865234 0.0786059573292732
1.2703865766525269 -2.1178951263427734 0.0537991523742676
1.2692316770553589 -2.1174366474151611 0.0288994517177343
1.2692316770553589 -2.1174366474151611 0.0039687603712082
1.2703865766525269 -2.1178951263427734 -0.0209309402853251
1.2726939916610718 -2.1188106536865234 -0.0457377471029758
1.2761474847793579 -2.1201815605163574 -0.0703899860382080
1.2807388305664062 -2.1220042705535889 -0.0948263555765152
1.2864567041397095 -2.1242737770080566 -0.1189861297607422
1.2932868003845215 -2.1269850730895996 -0.1428092122077942
1.3012121915817261 -2.1301310062408447 -0.1662364006042480
1.3102129697799683 -2.1337037086486816 -0.1892094463109970
1.3202667236328125 -2.1376943588256836 -0.2116712331771851
1.3313487768173218 -2.1420934200286865 -0.2335658967494965
1.3434315919876099 -2.1468892097473145 -0.2548390328884125
1.3564846515655518 -2.1520707607269287 -0.2754377424716949
1.3704762458801270 -2.1576244831085205 -0.2953107953071594
1.3853708505630493 -2.1635367870330811 -0.3144088387489319
1.4011317491531372 -2.1697926521301270 -0.3326843082904816
1.4177196025848389 -2.1763770580291748 -0.3500918447971344
1.4350937604904175 -2.1832735538482666 -0.3665881156921387
1.4532101154327393 -2.1904644966125488 -0.3821321427822113
1.4720244407653809 -2.1979327201843262 -0.3966852724552155
1.4914894104003906 -2.2056591510772705 -0.4102113246917725
1.5115569829940796 -2.2136247158050537 -0.4226767122745514
1.5321768522262573 -2.2218096256256104 -0.4340503215789795
1.5532983541488647 -2.2301933765411377 -0.4443039894104004
1.5748684406280518 -2.2387554645538330 -0.4534122049808502
1.5968338251113892 -2.2474744319915771 -0.4613522887229919
1.6191396713256836 -2.2563285827636719 -0.4681045413017273
1.6417306661605835 -2.2652957439422607 -0.4736521244049072
1.6645506620407104 -2.2743539810180664 -0.4779813289642334
1.6875425577163696 -2.2834801673889160 -0.4810813069343567
1.6859651803970337 -2.2881040573120117 0.5139495134353638
1.6621893644332886 -2.2812752723693848 0.5108495354652405
1.6385914087295532 -2.2744975090026855 0.5065203309059143
1.6152302026748657 -2.2677876949310303 0.5009727478027344
1.5921640396118164 -2.2611625194549561 0.4942204952239990
1.5694497823715210 -2.2546386718750000 0.4862803816795349
1.5471442937850952 -2.2482321262359619 0.4771721959114075
1.5253028869628906 -2.2419588565826416 0.4669185280799866
1.5039798021316528 -2.2358345985412598 0.4555448889732361
1.4832283258438110 -2.2298743724822998 0.4430795311927795
1.4630995988845825 -2.2240929603576660 0.4295534491539001
1.4436440467834473 -2.2185051441192627 0.4150003492832184
1.4249097108840942 -2.2131242752075195 0.3994563221931458
1.4069435596466064 -2.2079641819000244 0.3829600214958191
1.3897900581359863 -2.2030372619628906 0.3655524849891663
1.3734917640686035 -2.1983561515808105 0.3472770154476166
1.3580893278121948 -2.1939322948455811 0.3281790018081665
1.3436212539672852 -2.1897768974304199 0.3083059191703796
1.3301227092742920 -2.1858997344970703 0.2877072393894196
1.3176282644271851 -2.1823110580444336 0.2664341032505035
1.3061683177947998 -2.1790196895599365 0.2445394247770309
1.2957715988159180 -2.1760334968566895 0.2220776528120041
1.2864640951156616 -2.1733601093292236 0.1991046220064163
1.2782684564590454 -2.1710062026977539 0.1756774336099625
1.2712057828903198 -2.1689777374267578 0.1518543511629105
1.2652928829193115 -2.1672794818878174 0.1276945769786835
1.2605447769165039 -2.1659157276153564 0.1032581925392151
1.2569736242294312 -2.1648898124694824 0.0786059573292732
1.2545877695083618 -2.1642045974731445 0.0537991523742676
1.2533934116363525 -2.1638615131378174 0.0288994517177343
1.2533934116363525 -2.1638615131378174 0.0039687603712082
1.2545877695083618 -2.1642045974731445 -0.0209309402853251
1.2569736242294312 -2.1648898124694824 -0.0457377471029758
1.2605447769165039 -2.1659157276153564 -0.0703899860382080
1.2652928829193115 -2.1672794818878174 -0.0948263555765152
1.2712057828903198 -2.1689777374267578 -0.1189861297607422
1.2782684564590454 -2.1710062026977539 -0.1428092122077942
1.2864640951156616 -2.1733601093292236 -0.1662364006042480
1.2957715988159180 -2.1760334968566895 -0.1892094463109970
1.3061683177947998 -2.1790196895599365 -0.2116712331771851
1.3176282644271851 -2.1823110580444336 -0.2335658967494965
1.3301227092742920 -2.1858997344970703 -0.2548390328884125
1.3436212539672852 -2.1897768974304199 -0.2754377424716949
1.3580893278121948 -2.1939322948455811 -0.2953107953071594
1.3734917640686035 -2.1983561515808105 -0.3144088387489319
1.3897900581359863 -2.2030372619628906 -0.3326843082904816
1.4069435596466064 -2.2079641819000244 -0.3500918447971344
1.4249097108840942 -2.2131242752075195 -0.3665881156921387
1.4436440467834473 -2.2185051441192627 -0.3821321427822113
1.4630995988845825 -2.2240929603576660 -0.3966852724552155
1.4832283258438110 -2.2298743724822998 -0.4102113246917725
1.5039798021316528 -2.2358345985412598 -0.4226767122745514
1.5253028869628906 -2.2419588565826416 -0.4340503215789795
1.5471442937850952 -2.2482321262359619 -0.4443039894104004
1.5694497823715210 -2.2546386718750000 -0.4534122049808502
1.5921640396118164 -2.2611625194549561 -0.4613522887229919
1.6152302026748657 -2.2677876949310303 -0.4681045413017273
1.6385914087295532 -2.2744975090026855 -0.4736521244049072
1.6621893644332886 -2.2812752723693848 -0.4779813289642334
1.6859651803970337 -2.2881040573120117 -0.4810813069343567
1.6848485469818115 -2.2928602695465088 0.5139495134353638
1.6605179309844971 -2.2883946895599365 0.5108495354652405
1.6363692283630371 -2.2839627265930176 0.5065203309059143
1.6124628782272339 -2.2795748710632324 0.5009727478027344
1.5888583660125732 -2.2752428054809570 0.4942204952239990
1.5656141042709351 -2.2709767818450928 0.4862803816795349
1.5427879095077515 -2.2667872905731201 0.4771721959114075
1.5204367637634277 -2.2626852989196777 0.4669185280799866
1.4986162185668945 -2.2586803436279297 0.4555448889732361
1.4773802757263184 -2.2547826766967773 0.4430795311927795
1.4567818641662598 -2.2510020732879639 0.4295534491539001
1.4368722438812256 -2.2473480701446533 0.4150003492832184
1.4177010059356689 -2.2438294887542725 0.3994563221931458
1.3993154764175415 -2.2404549121856689 0.3829600214958191
1.3817616701126099 -2.2372334003448486 0.3655524849891663
1.3650827407836914 -2.2341723442077637 0.3472770154476166
1.3493211269378662 -2.2312793731689453 0.3281790018081665
1.3345152139663696 -2.2285618782043457 0.3083059191703796
1.3207018375396729 -2.2260270118713379 0.2877072393894196
1.3079156875610352 -2.2236800193786621 0.2664341032505035
1.2961883544921875 -2.2215275764465332 0.2445394247770309
1.2855491638183594 -2.2195751667022705 0.2220776528120041
1.2760241031646729 -2.2178268432617188 0.1991046220064163
1.2676373720169067 -2.2162876129150391 0.1756774336099625
1.2604097127914429 -2.2149610519409180 0.1518543511629105
1.2543590068817139 -2.2138507366180420 0.1276945769786835
1.2495001554489136 -2.2129588127136230 0.1032581925392151
1.2458455562591553 -2.2122879028320312 0.0786059573292732
1.2434041500091553 -2.2118399143218994 0.0537991523742676
1.2421817779541016 -2.2116155624389648 0.0288994517177343
1.2421817779541016 -2.2116155624389648 0.0039687603712082
1.2434041500091553 -2.2118399143218994 -0.0209309402853251
1.2458455562591553 -2.2122879028320312 -0.0457377471029758
1.2495001554489136 -2.2129588127136230 -0.0703899860382080
1.2543590068817139 -2.2138507366180420 -0.0948263555765152
1.2604097127914429 -2.2149610519409180 -0.1189861297607422
1.2676373720169067 -2.2162876129150391 -0.1428092122077942
1.2760241031646729 -2.2178268432617188 -0.1662364006042480
1.2855491638183594 -2.2195751667022705 -0.1892094463109970
1.2961883544921875 -2.2215275764465332 -0.2116712331771851
1.3079156875610352 -2.2236800193786621 -0.2335658967494965
1.3207018375396729 -2.2260270118713379 -0.2548390328884125
1.3345152139663696 -2.2285618782043457 -0.2754377424716949
1.3493211269378662 -2.2312793731689453 -0.2953107953071594
1.3650827407836914 -2.2341723442077637 -0.3144088387489319
1.3817616701126099 -2.2372334003448486 -0.3326843082904816
1.3993154764175415 -2.2404549121856689 -0.3500918447971344
1.4177010059356689 -2.2438294887542725 -0.3665881156921387
1.4368722438812256 -2.2473480701446533 -0.3821321427822113
1.4567818641662598 -2.2510020732879639 -0.3966852724552155
1.4773802757263184 -2.2547826766967773 -0.4102113246917725
1.4986162185668945 -2.2586803436279297 -0.4226767122745514
1.5204367637634277 -2.2626852989196777 -0.4340503215789795
1.5427879095077515 -2.2667872905731201 -0.4443039894104004
1.5656141042709351 -2.2709767818450928 -0.4534122049808502
1.5888583660125732 -2.2752428054809570 -0.4613522887229919
1.6124628782272339 -2.2795748710632324 -0.4681045413017273
1.6363692283630371 -2.2839627265930176 -0.4736521244049072
1.6605179309844971 -2.2883946895599365 -0.4779813289642334
1.6848485469818115 -2.2928602695465088 -0.4810813069343567
1.6842035055160522 -2.2977032661437988 0.5139495134353638
1.6595522165298462 -2.2956440448760986 0.5108495354652405
1.6350854635238647 -2.2936000823974609 0.5065203309059143
1.6108641624450684 -2.2915766239166260 0.5009727478027344
1.5869485139846802 -2.2895791530609131 0.4942204952239990
1.5633980035781860 -2.2876117229461670 0.4862803816795349
1.5402715206146240 -2.2856800556182861 0.4771721959114075
1.5176255702972412 -2.2837884426116943 0.4669185280799866
1.4955176115036011 -2.2819416522979736 0.4555448889732361
1.4740020036697388 -2.2801444530487061 0.4430795311927795
1.4531322717666626 -2.2784008979797363 0.4295534491539001
1.4329602718353271 -2.2767159938812256 0.4150003492832184
1.4135364294052124 -2.2750933170318604 0.3994563221931458
1.3949085474014282 -2.2735373973846436 0.3829600214958191
1.3771235942840576 -2.2720518112182617 0.3655524849891663
1.3602253198623657 -2.2706401348114014 0.3472770154476166
1.3442555665969849 -2.2693061828613281 0.3281790018081665
1.3292546272277832 -2.2680532932281494 0.3083059191703796
1.3152594566345215 -2.2668838500976562 0.2877072393894196
1.3023049831390381 -2.2658019065856934 0.2664341032505035
1.2904229164123535 -2.2648093700408936 0.2445394247770309
1.2796434164047241 -2.2639088630676270 0.2220776528120041
1.2699933052062988 -2.2631030082702637 0.1991046220064163
1.2614960670471191 -2.2623929977416992 0.1756774336099625
1.2541730403900146 -2.2617812156677246 0.1518543511629105
1.2480425834655762 -2.2612690925598145 0.1276945769786835
1.2431197166442871 -2.2608580589294434 0.1032581925392151
1.2394168376922607 -2.2605485916137695 0.0786059573292732
1.2369433641433716 -2.2603421211242676 0.0537991523742676
1.2357048988342285 -2.2602386474609375 0.0288994517177343
1.2357048988342285 -2.2602386474609375 0.0039687603712082
1.2369433641433716 -2.2603421211242676 -0.0209309402853251
1.2394168376922607 -2.2605485916137695 -0.0457377471029758
1.2431197166442871 -2.2608580589294434 -0.0703899860382080
1.2480425834655762 -2.2612690925598145 -0.0948263555765152
1.2541730403900146 -2.2617812156677246 -0.1189861297607422
1.2614960670471191 -2.2623929977416992 -0.1428092122077942
1.2699933052062988 -2.2631030082702637 -0.1662364006042480
1.2796434164047241 -2.2639088630676270 -0.1892094463109970
1.2904229164123535 -2.2648093700408936 -0.2116712331771851
1.3023049831390381 -2.2658019065856934 -0.2335658967494965
1.3152594566345215 -2.2668838500976562 -0.2548390328884125
1.3292546272277832 -2.2680532932281494 -0.2754377424716949
1.3442555665969849 -2.2693061828613281 -0.2953107953071594
1.3602253198623657 -2.2706401348114014 -0.3144088387489319
1.3771235942840576 -2.2720518112182617 -0.3326843082904816
1.3949085474014282 -2.2735373973846436 -0.3500918447971344
1.4135364294052124 -2.2750933170318604 -0.3665881156921387
1.4329602718353271 -2.2767159938812256 -0.3821321427822113
1.4531322717666626 -2.2784008979797363 -0.3966852724552155
1.4740020036697388 -2.2801444530487061 -0.4102113246917725
1.4955176115036011 -2.2819416522979736 -0.4226767122745514
1.5176255702972412 -2.2837884426116943 -0.4340503215789795
1.5402715206146240 -2.2856800556182861 -0.4443039894104004
1.5633980035781860 -2.2876117229461670 -0.4534122049808502
1.5869485139846802 -2.2895791530609131 -0.4613522887229919
1.6108641624450684 -2.2915766239166260 -0.4681045413017273
1.6350854635238647 -2.2936000823974609 -0.4736521244049072
1.6595522165298462 -2.2956440448760986 -0.4779813289642334
1.6842035055160522 -2.2977032661437988 -0.4810813069343567
1.6840362548828125 -2.3025858402252197 0.5139495134353638
1.6593017578125000 -2.3029527664184570 0.5108495354652405
1.6347525119781494 -2.3033168315887451 0.5065203309059143
1.6104493141174316 -2.3036775588989258 0.5009727478027344
1.5864534378051758 -2.3040335178375244 0.4942204952239990
1.5628234148025513 -2.3043842315673828 0.4862803816795349
1.5396186113357544 -2.3047282695770264 0.4771721959114075
1.5168966054916382 -2.3050656318664551 0.4669185280799866
1.4947139024734497 -2.3053944110870361 0.4555448889732361
1.4731256961822510 -2.3057148456573486 0.4430795311927795
1.4521857500076294 -2.3060255050659180 0.4295534491539001
1.4319455623626709 -2.3063259124755859 0.4150003492832184
1.4124562740325928 -2.3066151142120361 0.3994563221931458
1.3937656879425049 -2.3068921566009521 0.3829600214958191
1.3759206533432007 -2.3071570396423340 0.3655524849891663
1.3589653968811035 -2.3074085712432861 0.3472770154476166
1.3429419994354248 -2.3076465129852295 0.3281790018081665
1.3278901576995850 -2.3078696727752686 0.3083059191703796
1.3138477802276611 -2.3080780506134033 0.2877072393894196
1.3008495569229126 -2.3082709312438965 0.2664341032505035
1.2889277935028076 -2.3084475994110107 0.2445394247770309
1.2781116962432861 -2.3086080551147461 0.2220776528120041
1.2684290409088135 -2.3087518215179443 0.1991046220064163
1.2599029541015625 -2.3088781833648682 0.1756774336099625
1.2525553703308105 -2.3089871406555176 0.1518543511629105
1.2464044094085693 -2.3090784549713135 0.1276945769786835
1.2414649724960327 -2.3091518878936768 0.1032581925392151
1.2377496957778931 -2.3092069625854492 0.0786059573292732
1.2352674007415771 -2.3092436790466309 0.0537991523742676
1.2340250015258789 -2.3092622756958008 0.0288994517177343
1.2340250015258789 -2.3092622756958008 0.0039687603712082
1.2352674007415771 -2.3092436790466309 -0.0209309402853251
1.2377496957778931 -2.3092069625854492 -0.0457377471029758
1.2414649724960327 -2.3091518878936768 -0.0703899860382080
1.2464044094085693 -2.3090784549713135 -0.0948263555765152
1.2525553703308105 -2.3089871406555176 -0.1189861297607422
1.2599029541015625 -2.3088781833648682 -0.1428092122077942
1.2684290409088135 -2.3087518215179443 -0.1662364006042480
1.2781116962432861 -2.3086080551147461 -0.1892094463109970
1.2889277935028076 -2.3084475994110107 -0.2116712331771851
1.3008495569229126 -2.3082709312438965 -0.2335658967494965
1.3138477802276611 -2.3080780506134033 -0.2548390328884125
1.3278901576995850 -2.3078696727752686 -0.2754377424716949
1.3429419994354248 -2.3076465129852295 -0.2953107953071594
1.3589653968811035 -2.3074085712432861 -0.3144088387489319
1.3759206533432007 -2.3071570396423340 -0.3326843082904816
1.3937656879425049 -2.3068921566009521 -0.3500918447971344
1.4124562740325928 -2.3066151142120361 -0.3665881156921387
1.4319455623626709 -2.3063259124755859 -0.3821321427822113
1.4521857500076294 -2.3060255050659180 -0.3966852724552155
1.4731256961822510 -2.3057148456573486 -0.4102113246917725
1.4947139024734497 -2.3053944110870361 -0.4226767122745514
1.5168966054916382 -2.3050656318664551 -0.4340503215789795
1.5396186113357544 -2.3047282695770264 -0.4443039894104004
1.5628234148025513 -2.3043842315673828 -0.4534122049808502
1.5864534378051758 -2.3040335178375244 -0.4613522887229919
1.6104493141174316 -2.3036775588989258 -0.4681045413017273
1.6347525119781494 -2.3033168315887451 -0.4736521244049072
1.6593017578125000 -2.3029527664184570 -0.4779813289642334
1.6840362548828125 -2.3025858402252197 -0.4810813069343567
1.6843482255935669 -2.3074615001678467 0.5139495134353638
1.6597687005996704 -2.3102509975433350 0.5108495354652405
1.6353733539581299 -2.3130195140838623 0.5065203309059143
1.6112229824066162 -2.3157606124877930 0.5009727478027344
1.5873771905899048 -2.3184669017791748 0.4942204952239990
1.5638954639434814 -2.3211319446563721 0.4862803816795349
1.5408362150192261 -2.3237490653991699 0.4771721959114075
1.5182566642761230 -2.3263118267059326 0.4669185280799866
1.4962129592895508 -2.3288133144378662 0.4555448889732361
1.4747601747512817 -2.3312482833862305 0.4430795311927795
1.4539512395858765 -2.3336098194122314 0.4295534491539001
1.4338382482528687 -2.3358926773071289 0.4150003492832184
1.4144709110260010 -2.3380906581878662 0.3994563221931458
1.3958977460861206 -2.3401987552642822 0.3829600214958191
1.3781644105911255 -2.3422112464904785 0.3655524849891663
1.3613153696060181 -2.3441233634948730 0.3472770154476166
1.3453924655914307 -2.3459305763244629 0.3281790018081665
1.3304353952407837 -2.3476281166076660 0.3083059191703796
1.3164807558059692 -2.3492119312286377 0.2877072393894196
1.3035640716552734 -2.3506779670715332 0.2664341032505035
1.2917168140411377 -2.3520224094390869 0.2445394247770309
1.2809687852859497 -2.3532423973083496 0.2220776528120041
1.2713466882705688 -2.3543341159820557 0.1991046220064163
1.2628740072250366 -2.3552958965301514 0.1756774336099625
1.2555726766586304 -2.3561244010925293 0.1518543511629105
1.2494602203369141 -2.3568184375762939 0.1276945769786835
1.2445516586303711 -2.3573756217956543 0.1032581925392151
1.2408596277236938 -2.3577942848205566 0.0786059573292732
1.2383930683135986 -2.3580741882324219 0.0537991523742676
1.2371584177017212 -2.3582143783569336 0.0288994517177343
1.2371584177017212 -2.3582143783569336 0.0039687603712082
1.2383930683135986 -2.3580741882324219 -0.0209309402853251
1.2408596277236938 -2.3577942848205566 -0.0457377471029758
1.2445516586303711 -2.3573756217956543 -0.0703899860382080
1.2494602203369141 -2.3568184375762939 -0.0948263555765152
1.2555726766586304 -2.3561244010925293 -0.1189861297607422
1.2628740072250366 -2.3552958965301514 -0.1428092122077942
1.2713466882705688 -2.3543341159820557 -0.1662364006042480
1.2809687852859497 -2.3532423973083496 -0.1892094463109970
1.2917168140411377 -2.3520224094390869 -0.2116712331771851
1.3035640716552734 -2.3506779670715332 -0.2335658967494965
1.3164807558059692 -2.3492119312286377 -0.2548390328884125
1.3304353952407837 -2.3476281166076660 -0.2754377424716949
1.3453924655914307 -2.3459305763244629 -0.2953107953071594
1.3613153696060181 -2.3441233634948730 -0.3144088387489319
1.3781644105911255 -2.3422112464904785 -0.3326843082904816
1.3958977460861206 -2.3401987552642822 -0.3500918447971344
1.4144709110260010 -2.3380906581878662 -0.3665881156921387
1.4338382482528687 -2.3358926773071289 -0.3821321427822113
1.4539512395858765 -2.3336098194122314 -0.3966852724552155
1.4747601747512817 -2.3312482833862305 -0.4102113246917725
1.4962129592895508 -2.3288133144378662 -0.4226767122745514
1.5182566642761230 -2.3263118267059326 -0.4340503215789795
1.5408362150192261 -2.3237490653991699 -0.4443039894104004
1.5638954639434814 -2.3211319446563721 -0.4534122049808502
1.5873771905899048 -2.3184669017791748 -0.4613522887229919
1.6112229824066162 -2.3157606124877930 -0.4681045413017273
1.6353733539581299 -2.3130195140838623 -0.4736521244049072
1.6597687005996704 -2.3102509975433350 -0.4779813289642334
1.6843482255935669 -2.3074615001678467 -0.4810813069343567
1.6851369142532349 -2.3122830390930176 0.5139495134353638
1.6609491109848022 -2.3174681663513184 0.5108495354652405
1.6369426250457764 -2.3226146697998047 0.5065203309059143
1.6131769418716431 -2.3277096748352051 0.5009727478027344
1.5897113084793091 -2.3327403068542480 0.4942204952239990
1.5666038990020752 -2.3376941680908203 0.4862803816795349
1.5439121723175049 -2.3425588607788086 0.4771721959114075
1.5216926336288452 -2.3473222255706787 0.4669185280799866
1.5000002384185791 -2.3519725799560547 0.4555448889732361
1.4788892269134521 -2.3564984798431396 0.4430795311927795
1.4584120512008667 -2.3608882427215576 0.4295534491539001
1.4386194944381714 -2.3651316165924072 0.4150003492832184
1.4195611476898193 -2.3692173957824707 0.3994563221931458
1.4012839794158936 -2.3731355667114258 0.3829600214958191
1.3838334083557129 -2.3768765926361084 0.3655524849891663
1.3672528266906738 -2.3804311752319336 0.3472770154476166
1.3515836000442505 -2.3837902545928955 0.3281790018081665
1.3368650674819946 -2.3869457244873047 0.3083059191703796
1.3231329917907715 -2.3898897171020508 0.2877072393894196
1.3104220628738403 -2.3926146030426025 0.2664341032505035
1.2987637519836426 -2.3951139450073242 0.2445394247770309
1.2881872653961182 -2.3973815441131592 0.2220776528120041
1.2787182331085205 -2.3994114398956299 0.1991046220064163
1.2703809738159180 -2.4011988639831543 0.1756774336099625
1.2631957530975342 -2.4027392864227295 0.1518543511629105
1.2571805715560913 -2.4040286540985107 0.1276945769786835
1.2523503303527832 -2.4050641059875488 0.1032581925392151
1.2487171888351440 -2.4058430194854736 0.0786059573292732
1.2462899684906006 -2.4063634872436523 0.0537991523742676
1.2450748682022095 -2.4066240787506104 0.0288994517177343
1.2450748682022095 -2.4066240787506104 0.0039687603712082
1.2462899684906006 -2.4063634872436523 -0.0209309402853251
1.2487171888351440 -2.4058430194854736 -0.0457377471029758
1.2523503303527832 -2.4050641059875488 -0.0703899860382080
1.2571805715560913 -2.4040286540985107 -0.0948263555765152
1.2631957530975342 -2.4027392864227295 -0.1189861297607422
1.2703809738159180 -2.4011988639831543 -0.1428092122077942
1.2787182331085205 -2.3994114398956299 -0.1662364006042480
1.2881872653961182 -2.3973815441131592 -0.1892094463109970
1.2987637519836426 -2.3951139450073242 -0.2116712331771851
1.3104220628738403 -2.3926146030426025 -0.2335658967494965
1.3231329917907715 -2.3898897171020508 -0.2548390328884125
1.3368650674819946 -2.3869457244873047 -0.2754377424716949
1.3515836000442505 -2.3837902545928955 -0.2953107953071594
1.3672528266906738 -2.3804311752319336 -0.3144088387489319
1.3838334083557129 -2.3768765926361084 -0.3326843082904816
1.4012839794158936 -2.3731355667114258 -0.3500918447971344
1.4195611476898193 -2.3692173957824707 -0.3665881156921387
1.4386194944381714 -2.3651316165924072 -0.3821321427822113
1.4584120512008667 -2.3608882427215576 -0.3966852724552155
1.4788892269134521 -2.3564984798431396 -0.4102113246917725
1.5000002384185791 -2.3519725799560547 -0.4226767122745514
1.5216926336288452 -2.3473222255706787 -0.4340503215789795
1.5439121723175049 -2.3425588607788086 -0.4443039894104004
1.5666038990020752 -2.3376941680908203 -0.4534122049808502
1.5897113084793091 -2.3327403068542480 -0.4613522887229919
1.6131769418716431 -2.3277096748352051 -0.4681045413017273
1.6369426250457764 -2.3226146697998047 -0.4736521244049072
1.6609491109848022 -2.3174681663513184 -0.4779813289642334
1.6851369142532349 -2.3122830390930176 -0.4810813069343567
1.6863938570022583 -2.3170037269592285 0.5139495134353638
1.6628311872482300 -2.3245351314544678 0.5108495354652405
1.6394445896148682 -2.3320097923278809 0.5065203309059143
1.6162928342819214 -2.3394098281860352 0.5009727478027344
1.5934331417083740 -2.3467161655426025 0.4942204952239990
1.5709227323532104 -2.3539111614227295 0.4862803816795349
1.5488169193267822 -2.3609762191772461 0.4771721959114075
1.5271711349487305 -2.3678948879241943 0.4669185280799866
1.5060391426086426 -2.3746490478515625 0.4555448889732361
1.4854736328125000 -2.3812224864959717 0.4430795311927795
1.4655252695083618 -2.3875982761383057 0.4295534491539001
1.4462438821792603 -2.3937609195709229 0.4150003492832184
1.4276777505874634 -2.3996951580047607 0.3994563221931458
1.4098725318908691 -2.4053859710693359 0.3829600214958191
1.3928726911544800 -2.4108195304870605 0.3655524849891663
1.3767205476760864 -2.4159822463989258 0.3472770154476166
1.3614560365676880 -2.4208610057830811 0.3281790018081665
1.3471173048019409 -2.4254438877105713 0.3083059191703796
1.3337401151657104 -2.4297196865081787 0.2877072393894196
1.3213574886322021 -2.4336771965026855 0.2664341032505035
1.3100005388259888 -2.4373073577880859 0.2445394247770309
1.2996969223022461 -2.4406008720397949 0.2220776528120041
1.2904726266860962 -2.4435489177703857 0.1991046220064163
1.2823505401611328 -2.4461445808410645 0.1756774336099625
1.2753510475158691 -2.4483821392059326 0.1518543511629105
1.2694911956787109 -2.4502549171447754 0.1276945769786835
1.2647856473922729 -2.4517590999603271 0.1032581925392151
1.2612463235855103 -2.4528901576995850 0.0786059573292732
1.2588820457458496 -2.4536459445953369 0.0537991523742676
1.2576981782913208 -2.4540240764617920 0.0288994517177343
1.2576981782913208 -2.4540240764617920 0.0039687603712082
1.2588820457458496 -2.4536459445953369 -0.0209309402853251
1.2612463235855103 -2.4528901576995850 -0.0457377471029758
1.2647856473922729 -2.4517590999603271 -0.0703899860382080
1.2694911956787109 -2.4502549171447754 -0.0948263555765152
1.2753510475158691 -2.4483821392059326 -0.1189861297607422
1.2823505401611328 -2.4461445808410645 -0.1428092122077942
1.2904726266860962 -2.4435489177703857 -0.1662364006042480
1.2996969223022461 -2.4406008720397949 -0.1892094463109970
1.3100005388259888 -2.4373073577880859 -0.2116712331771851
1.3213574886322021 -2.4336771965026855 -0.2335658967494965
1.3337401151657104 -2.4297196865081787 -0.2548390328884125
1.3471173048019409 -2.4254438877105713 -0.2754377424716949
1.3614560365676880 -2.4208610057830811 -0.2953107953071594
1.3767205476760864 -2.4159822463989258 -0.3144088387489319
1.3928726911544800 -2.4108195304870605 -0.3326843082904816
1.4098725318908691 -2.4053859710693359 -0.3500918447971344
1.4276777505874634 -2.3996951580047607 -0.3665881156921387
1.4462438821792603 -2.3937609195709229 -0.3821321427822113
1.4655252695083618 -2.3875982761383057 -0.3966852724552155
1.4854736328125000 -2.3812224864959717 -0.4102113246917725
1.5060391426086426 -2.3746490478515625 -0.4226767122745514
1.5271711349487305 -2.3678948879241943 -0.4340503215789795
1.5488169193267822 -2.3609762191772461 -0.4443039894104004
1.5709227323532104 -2.3539111614227295 -0.4534122049808502
1.5934331417083740 -2.3467161655426025 -0.4613522887229919
1.6162928342819214 -2.3394098281860352 -0.4681045413017273
1.6394445896148682 -2.3320097923278809 -0.4736521244049072
1.6628311872482300 -2.3245351314544678 -0.4779813289642334
1.6863938570022583 -2.3170037269592285 -0.4810813069343567
1.6881080865859985 -2.3215792179107666 0.5139495134353638
1.6653966903686523 -2.3313834667205811 0.5108495354652405
1.6428556442260742 -2.3411145210266113 0.5065203309059143
1.6205406188964844 -2.3507480621337891 0.5009727478027344
1.5985070466995239 -2.3602600097656250 0.4942204952239990
1.5768101215362549 -2.3696267604827881 0.4862803816795349
1.5555036067962646 -2.3788249492645264 0.4771721959114075
1.5346400737762451 -2.3878314495086670 0.4669185280799866
1.5142719745635986 -2.3966245651245117 0.4555448889732361
1.4944494962692261 -2.4051818847656250 0.4430795311927795
1.4752222299575806 -2.4134821891784668 0.4295534491539001
1.4566380977630615 -2.4215052127838135 0.4150003492832184
1.4387426376342773 -2.4292304515838623 0.3994563221931458
1.4215809106826782 -2.4366393089294434 0.3829600214958191
1.4051957130432129 -2.4437129497528076 0.3655524849891663
1.3896272182464600 -2.4504339694976807 0.3472770154476166
1.3749145269393921 -2.4567854404449463 0.3281790018081665
1.3610942363739014 -2.4627518653869629 0.3083059191703796
1.3482003211975098 -2.4683179855346680 0.2877072393894196
1.3362650871276855 -2.4734704494476318 0.2664341032505035
1.3253185749053955 -2.4781961441040039 0.2445394247770309
1.3153872489929199 -2.4824833869934082 0.2220776528120041
1.3064967393875122 -2.4863216876983643 0.1991046220064163
1.2986681461334229 -2.4897012710571289 0.1756774336099625
1.2919214963912964 -2.4926137924194336 0.1518543511629105
1.2862734794616699 -2.4950520992279053 0.1276945769786835
1.2817381620407104 -2.4970099925994873 0.1032581925392151
1.2783266305923462 -2.4984827041625977 0.0786059573292732
1.2760478258132935 -2.4994666576385498 0.0537991523742676
1.2749067544937134 -2.4999589920043945 0.0288994517177343
1.2749067544937134 -2.4999589920043945 0.0039687603712082
1.2760478258132935 -2.4994666576385498 -0.0209309402853251
1.2783266305923462 -2.4984827041625977 -0.0457377471029758
1.2817381620407104 -2.4970099925994873 -0.0703899860382080
1.2862734794616699 -2.4950520992279053 -0.0948263555765152
1.2919214963912964 -2.4926137924194336 -0.1189861297607422
1.2986681461334229 -2.4897012710571289 -0.1428092122077942
1.3064967393875122 -2.4863216876983643 -0.1662364006042480
1.3153872489929199 -2.4824833869934082 -0.1892094463109970
1.3253185749053955 -2.4781961441040039 -0.2116712331771851
1.3362650871276855 -2.4734704494476318 -0.2335658967494965
1.3482003211975098 -2.4683179855346680 -0.2548390328884125
1.3610942363739014 -2.4627518653869629 -0.2754377424716949
1.3749145269393921 -2.4567854404449463 -0.2953107953071594
1.3896272182464600 -2.4504339694976807 -0.3144088387489319
1.4051957130432129 -2.4437129497528076 -0.3326843082904816
1.4215809106826782 -2.4366393089294434 -0.3500918447971344
1.4387426376342773 -2.4292304515838623 -0.3665881156921387
1.4566380977630615 -2.4215052127838135 -0.3821321427822113
1.4752222299575806 -2.4134821891784668 -0.3966852724552155
1.4944494962692261 -2.4051818847656250 -0.4102113246917725
1.5142719745635986 -2.3966245651245117 -0.4226767122745514
1.5346400737762451 -2.3878314495086670 -0.4340503215789795
1.5555036067962646 -2.3788249492645264 -0.4443039894104004
1.5768101215362549 -2.3696267604827881 -0.4534122049808502
1.5985070466995239 -2.3602600097656250 -0.4613522887229919
1.6205406188964844 -2.3507480621337891 -0.4681045413017273
1.6428556442260742 -2.3411145210266113 -0.4736521244049072
1.6653966903686523 -2.3313834667205811 -0.4779813289642334
1.6881080865859985 -2.3215792179107666 -0.4810813069343567
1.6902620792388916 -2.3259639739990234 0.5139495134353638
1.6686211824417114 -2.3379473686218262 0.5108495354652405
1.6471424102783203 -2.3498411178588867 0.5065203309059143
1.6258790493011475 -2.3616151809692383 0.5009727478027344
1.6048840284347534 -2.3732411861419678 0.4942204952239990
1.5842095613479614 -2.3846893310546875 0.4862803816795349
1.5639071464538574 -2.3959314823150635 0.4771721959114075
1.5440269708633423 -2.4069399833679199 0.4669185280799866
1.5246189832687378 -2.4176869392395020 0.4555448889732361
1.5057308673858643 -2.4281461238861084 0.4430795311927795
1.4874094724655151 -2.4382913112640381 0.4295534491539001
1.4697011709213257 -2.4480969905853271 0.4150003492832184
1.4526491165161133 -2.4575393199920654 0.3994563221931458
1.4362964630126953 -2.4665944576263428 0.3829600214958191
1.4206832647323608 -2.4752399921417236 0.3655524849891663
1.4058486223220825 -2.4834547042846680 0.3472770154476166
1.3918293714523315 -2.4912176132202148 0.3281790018081665
1.3786604404449463 -2.4985098838806152 0.3083059191703796
1.3663741350173950 -2.5053131580352783 0.2877072393894196
1.3550015687942505 -2.5116105079650879 0.2664341032505035
1.3445708751678467 -2.5173866748809814 0.2445394247770309
1.3351075649261475 -2.5226263999938965 0.2220776528120041
1.3266358375549316 -2.5273177623748779 0.1991046220064163
1.3191763162612915 -2.5314483642578125 0.1756774336099625
1.3127478361129761 -2.5350081920623779 0.1518543511629105
1.3073658943176270 -2.5379881858825684 0.1276945769786835
1.3030444383621216 -2.5403814315795898 0.1032581925392151
1.2997937202453613 -2.5421812534332275 0.0786059573292732
1.2976222038269043 -2.5433838367462158 0.0537991523742676
1.2965351343154907 -2.5439858436584473 0.0288994517177343
1.2965351343154907 -2.5439858436584473 0.0039687603712082
1.2976222038269043 -2.5433838367462158 -0.0209309402853251
1.2997937202453613 -2.5421812534332275 -0.0457377471029758
1.3030444383621216 -2.5403814315795898 -0.0703899860382080
1.3073658943176270 -2.5379881858825684 -0.0948263555765152
1.3127478361129761 -2.5350081920623779 -0.1189861297607422
1.3191763162612915 -2.5314483642578125 -0.1428092122077942
1.3266358375549316 -2.5273177623748779 -0.1662364006042480
1.3351075649261475 -2.5226263999938965 -0.1892094463109970
1.3445708751678467 -2.5173866748809814 -0.2116712331771851
1.3550015687942505 -2.5116105079650879 -0.2335658967494965
1.3663741350173950 -2.5053131580352783 -0.2548390328884125
1.3786604404449463 -2.4985098838806152 -0.2754377424716949
1.3918293714523315 -2.4912176132202148 -0.2953107953071594
1.4058486223220825 -2.4834547042846680 -0.3144088387489319
1.4206832647323608 -2.4752399921417236 -0.3326843082904816
1.4362964630126953 -2.4665944576263428 -0.3500918447971344
1.4526491165161133 -2.4575393199920654 -0.3665881156921387
1.4697011709213257 -2.4480969905853271 -0.3821321427822113
1.4874094724655151 -2.4382913112640381 -0.3966852724552155
1.5057308673858643 -2.4281461238861084 -0.4102113246917725
1.5246189832687378 -2.4176869392395020 -0.4226767122745514
1.5440269708633423 -2.4069399833679199 -0.4340503215789795
1.5639071464538574 -2.3959314823150635 -0.4443039894104004
1.5842095613479614 -2.3846893310546875 -0.4534122049808502
1.6048840284347534 -2.3732411861419678 -0.4613522887229919
1.6258790493011475 -2.3616151809692383 -0.4681045413017273
1.6471424102783203 -2.3498411178588867 -0.4736521244049072
1.6686211824417114 -2.3379473686218262 -0.4779813289642334
1.6902620792388916 -2.3259639739990234 -0.4810813069343567
1.6928355693817139 -2.3301167488098145 0.5139495134353638
1.6724735498428345 -2.3441636562347412 0.5108495354652405
1.6522641181945801 -2.3581054210662842 0.5065203309059143
1.6322569847106934 -2.3719072341918945 0.5009727478027344
1.6125026941299438 -2.3855347633361816 0.4942204952239990
1.5930501222610474 -2.3989541530609131 0.4862803816795349
1.5739473104476929 -2.4121322631835938 0.4771721959114075
1.5552418231964111 -2.4250361919403076 0.4669185280799866
1.5369805097579956 -2.4376339912414551 0.4555448889732361
1.5192084312438965 -2.4498939514160156 0.4430795311927795
1.5019700527191162 -2.4617862701416016 0.4295534491539001
1.4853079319000244 -2.4732804298400879 0.4150003492832184
1.4692634344100952 -2.4843485355377197 0.3994563221931458
1.4538773298263550 -2.4949631690979004 0.3829600214958191
1.4391865730285645 -2.5050973892211914 0.3655524849891663
1.4252284765243530 -2.5147264003753662 0.3472770154476166
1.4120376110076904 -2.5238261222839355 0.3281790018081665
1.3996467590332031 -2.5323741436004639 0.3083059191703796
1.3880866765975952 -2.5403490066528320 0.2877072393894196
1.3773859739303589 -2.5477309226989746 0.2664341032505035
1.3675717115402222 -2.5545012950897217 0.2445394247770309
1.3586677312850952 -2.5606434345245361 0.2220776528120041
1.3506964445114136 -2.5661425590515137 0.1991046220064163
1.3436778783798218 -2.5709846019744873 0.1756774336099625
1.3376291990280151 -2.5751574039459229 0.1518543511629105
1.3325653076171875 -2.5786507129669189 0.1276945769786835
1.3284989595413208 -2.5814557075500488 0.1032581925392151
1.3254405260086060 -2.5835657119750977 0.0786059573292732
1.3233972787857056 -2.5849752426147461 0.0537991523742676
1.3223743438720703 -2.5856809616088867 0.0288994517177343
1.3223743438720703 -2.5856809616088867 0.0039687603712082
1.3233972787857056 -2.5849752426147461 -0.0209309402853251
1.3254405260086060 -2.5835657119750977 -0.0457377471029758
1.3284989595413208 -2.5814557075500488 -0.0703899860382080
1.3325653076171875 -2.5786507129669189 -0.0948263555765152
1.3376291990280151 -2.5751574039459229 -0.1189861297607422
1.3436778783798218 -2.5709846019744873 -0.1428092122077942
1.3506964445114136 -2.5661425590515137 -0.1662364006042480
1.3586677312850952 -2.5606434345245361 -0.1892094463109970
1.3675717115402222 -2.5545012950897217 -0.2116712331771851
1.3773859739303589 -2.5477309226989746 -0.2335658967494965
1.3880866765975952 -2.5403490066528320 -0.2548390328884125
1.3996467590332031 -2.5323741436004639 -0.2754377424716949
1.4120376110076904 -2.5238261222839355 -0.2953107953071594
1.4252284765243530 -2.5147264003753662 -0.3144088387489319
1.4391865730285645 -2.5050973892211914 -0.3326843082904816
1.4538773298263550 -2.4949631690979004 -0.3500918447971344
1.4692634344100952 -2.4843485355377197 -0.3665881156921387
1.4853079319000244 -2.4732804298400879 -0.3821321427822113
1.5019700527191162 -2.4617862701416016 -0.3966852724552155
1.5192084312438965 -2.4498939514160156 -0.4102113246917725
1.5369805097579956 -2.4376339912414551 -0.4226767122745514
1.5552418231964111 -2.4250361919403076 -0.4340503215789795
1.5739473104476929 -2.4121322631835938 -0.4443039894104004
1.5930501222610474 -2.3989541530609131 -0.4534122049808502
1.6125026941299438 -2.3855347633361816 -0.4613522887229919
1.6322569847106934 -2.3719072341918945 -0.4681045413017273
1.6522641181945801 -2.3581054210662842 -0.4736521244049072
1.6724735498428345 -2.3441636562347412 -0.4779813289642334
1.6928355693817139 -2.3301167488098145 -0.4810813069343567
1.6958038806915283 -2.3339972496032715 0.5139495134353638
1.6769168376922607 -2.3499722480773926 0.5108495354652405
1.6581709384918213 -2.3658275604248047 0.5065203309059143
1.6396132707595825 -2.3815240859985352 0.5009727478027344
1.6212896108627319 -2.3970222473144531 0.4942204952239990
1.6032460927963257 -2.4122841358184814 0.4862803816795349
1.5855268239974976 -2.4272711277008057 0.4771721959114075
1.5681763887405396 -2.4419462680816650 0.4669185280799866
1.5512375831604004 -2.4562733173370361 0.4555448889732361
1.5347530841827393 -2.4702162742614746 0.4430795311927795
1.5187630653381348 -2.4837405681610107 0.4295534491539001
1.5033078193664551 -2.4968128204345703 0.4150003492832184
1.4884258508682251 -2.5094003677368164 0.3994563221931458
1.4741538763046265 -2.5214719772338867 0.3829600214958191
1.4605273008346558 -2.5329973697662354 0.3655524849891663
1.4475803375244141 -2.5439481735229492 0.3472770154476166
1.4353448152542114 -2.5542969703674316 0.3281790018081665
1.4238513708114624 -2.5640184879302979 0.3083059191703796
1.4131286144256592 -2.5730876922607422 0.2877072393894196
1.4032030105590820 -2.5814826488494873 0.2664341032505035
1.3940995931625366 -2.5891828536987305 0.2445394247770309
1.3858406543731689 -2.5961682796478271 0.2220776528120041
1.3784469366073608 -2.6024219989776611 0.1991046220064163
1.3719363212585449 -2.6079285144805908 0.1756774336099625
1.3663259744644165 -2.6126742362976074 0.1518543511629105
1.3616287708282471 -2.6166467666625977 0.1276945769786835
1.3578571081161499 -2.6198372840881348 0.1032581925392151
1.3550200462341309 -2.6222367286682129 0.0786059573292732
1.3531248569488525 -2.6238398551940918 0.0537991523742676
1.3521760702133179 -2.6246421337127686 0.0288994517177343
1.3521760702133179 -2.6246421337127686 0.0039687603712082
1.3531248569488525 -2.6238398551940918 -0.0209309402853251
1.3550200462341309 -2.6222367286682129 -0.0457377471029758
1.3578571081161499 -2.6198372840881348 -0.0703899860382080
1.3616287708282471 -2.6166467666625977 -0.0948263555765152
1.3663259744644165 -2.6126742362976074 -0.1189861297607422
1.3719363212585449 -2.6079285144805908 -0.1428092122077942
1.3784469366073608 -2.6024219989776611 -0.1662364006042480
1.3858406543731689 -2.5961682796478271 -0.1892094463109970
1.3940995931625366 -2.5891828536987305 -0.2116712331771851
1.4032030105590820 -2.5814826488494873 -0.2335658967494965
1.4131286144256592 -2.5730876922607422 -0.2548390328884125
1.4238513708114624 -2.5640184879302979 -0.2754377424716949
1.4353448152542114 -2.5542969703674316 -0.2953107953071594
1.4475803375244141 -2.5439481735229492 -0.3144088387489319
1.4605273008346558 -2.5329973697662354 -0.3326843082904816
1.4741538763046265 -2.5214719772338867 -0.3500918447971344
1.4884258508682251 -2.5094003677368164 -0.3665881156921387
1.5033078193664551 -2.4968128204345703 -0.3821321427822113
1.5187630653381348 -2.4837405681610107 -0.3966852724552155
1.5347530841827393 -2.4702162742614746 -0.4102113246917725
1.5512375831604004 -2.4562733173370361 -0.4226767122745514
1.5681763887405396 -2.4419462680816650 -0.4340503215789795
1.5855268239974976 -2.4272711277008057 -0.4443039894104004
1.6032460927963257 -2.4122841358184814 -0.4534122049808502
1.6212896108627319 -2.3970222473144531 -0.4613522887229919
1.6396132707595825 -2.3815240859985352 -0.4681045413017273
1.6581709384918213 -2.3658275604248047 -0.4736521244049072
1.6769168376922607 -2.3499722480773926 -0.4779813289642334
1.6958038806915283 -2.3339972496032715 -0.4810813069343567
1.6991381645202637 -2.3375682830810547 0.5139495134353638
1.6819076538085938 -2.3553175926208496 0.5108495354652405
1.6648063659667969 -2.3729341030120850 0.5065203309059143
1.6478765010833740 -2.3903737068176270 0.5009727478027344
1.6311603784561157 -2.4075932502746582 0.4942204952239990
1.6146993637084961 -2.4245502948760986 0.4862803816795349
1.5985347032546997 -2.4412019252777100 0.4771721959114075
1.5827060937881470 -2.4575073719024658 0.4669185280799866
1.5672533512115479 -2.4734253883361816 0.4555448889732361
1.5522146224975586 -2.4889171123504639 0.4430795311927795
1.5376274585723877 -2.5039436817169189 0.4295534491539001
1.5235279798507690 -2.5184679031372070 0.4150003492832184
1.5099511146545410 -2.5324532985687256 0.3994563221931458
1.4969310760498047 -2.5458655357360840 0.3829600214958191
1.4844999313354492 -2.5586712360382080 0.3655524849891663
1.4726887941360474 -2.5708382129669189 0.3472770154476166
1.4615265130996704 -2.5823366641998291 0.3281790018081665
1.4510412216186523 -2.5931375026702881 0.3083059191703796
1.4412591457366943 -2.6032145023345947 0.2877072393894196
1.4322042465209961 -2.6125419139862061 0.2664341032505035
1.4238994121551514 -2.6210970878601074 0.2445394247770309
1.4163646697998047 -2.6288585662841797 0.2220776528120041
1.4096195697784424 -2.6358070373535156 0.1991046220064163
1.4036802053451538 -2.6419250965118408 0.1756774336099625
1.3985618352890015 -2.6471977233886719 0.1518543511629105
1.3942767381668091 -2.6516118049621582 0.1276945769786835
1.3908360004425049 -2.6551561355590820 0.1032581925392151
1.3882477283477783 -2.6578223705291748 0.0786059573292732
1.3865187168121338 -2.6596033573150635 0.0537991523742676
1.3856531381607056 -2.6604950428009033 0.0288994517177343
1.3856531381607056 -2.6604950428009033 0.0039687603712082
1.3865187168121338 -2.6596033573150635 -0.0209309402853251
1.3882477283477783 -2.6578223705291748 -0.0457377471029758
1.3908360004425049 -2.6551561355590820 -0.0703899860382080
1.3942767381668091 -2.6516118049621582 -0.0948263555765152
1.3985618352890015 -2.6471977233886719 -0.1189861297607422
1.4036802053451538 -2.6419250965118408 -0.1428092122077942
1.4096195697784424 -2.6358070373535156 -0.1662364006042480
1.4163646697998047 -2.6288585662841797 -0.1892094463109970
1.4238994121551514 -2.6210970878601074 -0.2116712331771851
1.4322042465209961 -2.6125419139862061 -0.2335658967494965
1.4412591457366943 -2.6032145023345947 -0.2548390328884125
1.4510412216186523 -2.5931375026702881 -0.2754377424716949
1.4615265130996704 -2.5823366641998291 -0.2953107953071594
1.4726887941360474 -2.5708382129669189 -0.3144088387489319
1.4844999313354492 -2.5586712360382080 -0.3326843082904816
1.4969310760498047 -2.5458655357360840 -0.3500918447971344
1.5099511146545410 -2.5324532985687256 -0.3665881156921387
1.5235279798507690 -2.5184679031372070 -0.3821321427822113
1.5376274585723877 -2.5039436817169189 -0.3966852724552155
1.5522146224975586 -2.4889171123504639 -0.4102113246917725
1.5672533512115479 -2.4734253883361816 -0.4226767122745514
1.5827060937881470 -2.4575073719024658 -0.4340503215789795
1.5985347032546997 -2.4412019252777100 -0.4443039894104004
1.6146993637084961 -2.4245502948760986 -0.4534122049808502
1.6311603784561157 -2.4075932502746582 -0.4613522887229919
1.6478765010833740 -2.3903737068176270 -0.4681045413017273
1.6648063659667969 -2.3729341030120850 -0.4736521244049072
1.6819076538085938 -2.3553175926208496 -0.4779813289642334
1.6991381645202637 -2.3375682830810547 -0.4810813069343567
1.7028064727783203 -2.3407950401306152 0.5139495134353638
1.6873987913131714 -2.3601479530334473 0.5108495354652405
1.6721063852310181 -2.3793556690216064 0.5065203309059143
1.6569675207138062 -2.3983709812164307 0.5009727478027344
1.6420195102691650 -2.4171459674835205 0.4942204952239990
1.6273001432418823 -2.4356346130371094 0.4862803816795349
1.6128451824188232 -2.4537906646728516 0.4771721959114075
1.5986911058425903 -2.4715688228607178 0.4669185280799866
1.5848728418350220 -2.4889249801635742 0.4555448889732361
1.5714251995086670 -2.5058162212371826 0.4430795311927795
1.5583808422088623 -2.5222001075744629 0.4295534491539001
1.5457729101181030 -2.5380363464355469 0.4150003492832184
1.5336327552795410 -2.5532853603363037 0.3994563221931458
1.5219897031784058 -2.5679092407226562 0.3829600214958191
1.5108735561370850 -2.5818717479705811 0.3655524849891663
1.5003118515014648 -2.5951378345489502 0.3472770154476166
1.4903303384780884 -2.6076748371124268 0.3281790018081665
1.4809542894363403 -2.6194517612457275 0.3083059191703796
1.4722068309783936 -2.6304388046264648 0.2877072393894196
1.4641100168228149 -2.6406087875366211 0.2664341032505035
1.4566835165023804 -2.6499366760253906 0.2445394247770309
1.4499461650848389 -2.6583993434906006 0.2220776528120041
1.4439145326614380 -2.6659755706787109 0.1991046220064163
1.4386034011840820 -2.6726460456848145 0.1756774336099625
1.4340263605117798 -2.6783952713012695 0.1518543511629105
1.4301947355270386 -2.6832079887390137 0.1276945769786835
1.4271177053451538 -2.6870727539062500 0.1032581925392151
1.4248033761978149 -2.6899795532226562 0.0786059573292732
1.4232572317123413 -2.6919217109680176 0.0537991523742676
1.4224832057952881 -2.6928937435150146 0.0288994517177343
1.4224832057952881 -2.6928937435150146 0.0039687603712082
1.4232572317123413 -2.6919217109680176 -0.0209309402853251
1.4248033761978149 -2.6899795532226562 -0.0457377471029758
1.4271177053451538 -2.6870727539062500 -0.0703899860382080
1.4301947355270386 -2.6832079887390137 -0.0948263555765152
1.4340263605117798 -2.6783952713012695 -0.1189861297607422
1.4386034011840820 -2.6726460456848145 -0.1428092122077942
1.4439145326614380 -2.6659755706787109 -0.1662364006042480
1.4499461650848389 -2.6583993434906006 -0.1892094463109970
1.4566835165023804 -2.6499366760253906 -0.2116712331771851
1.4641100168228149 -2.6406087875366211 -0.2335658967494965
1.4722068309783936 -2.6304388046264648 -0.2548390328884125
1.4809542894363403 -2.6194517612457275 -0.2754377424716949
1.4903303384780884 -2.6076748371124268 -0.2953107953071594
1.5003118515014648 -2.5951378345489502 -0.3144088387489319
1.5108735561370850 -2.5818717479705811 -0.3326843082904816
1.5219897031784058 -2.5679092407226562 -0.3500918447971344
1.5336327552795410 -2.5532853603363037 -0.3665881156921387
1.5457729101181030 -2.5380363464355469 -0.3821321427822113
1.5583808422088623 -2.5222001075744629 -0.3966852724552155
1.5714251995086670 -2.5058162212371826 -0.4102113246917725
1.5848728418350220 -2.4889249801635742 -0.4226767122745514
1.5986911058425903 -2.4715688228607178 -0.4340503215789795
1.6128451824188232 -2.4537906646728516 -0.4443039894104004
1.6273001432418823 -2.4356346130371094 -0.4534122049808502
1.6420195102691650 -2.4171459674835205 -0.4613522887229919
1.6569675207138062 -2.3983709812164307 -0.4681045413017273
1.6721063852310181 -2.3793556690216064 -0.4736521244049072
1.6873987913131714 -2.3601479530334473 -0.4779813289642334
1.7028064727783203 -2.3407950401306152 -0.4810813069343567
1.7067732810974121 -2.3436467647552490 0.5139495134353638
1.6933366060256958 -2.3644165992736816 0.5108495354652405
1.6800006628036499 -2.3850312232971191 0.5065203309059143
1.6667982339859009 -2.4054384231567383 0.5009727478027344
1.6537629365921021 -2.4255883693695068 0.4942204952239990
1.6409263610839844 -2.4454307556152344 0.4862803816795349
1.6283208131790161 -2.4649159908294678 0.4771721959114075
1.6159772872924805 -2.4839959144592285 0.4669185280799866
1.6039268970489502 -2.5026230812072754 0.4555448889732361
1.5921993255615234 -2.5207509994506836 0.4430795311927795
1.5808241367340088 -2.5383343696594238 0.4295534491539001
1.5698289871215820 -2.5553302764892578 0.4150003492832184
1.5592417716979980 -2.5716958045959473 0.3994563221931458
1.5490884780883789 -2.5873904228210449 0.3829600214958191
1.5393942594528198 -2.6023752689361572 0.3655524849891663
1.5301835536956787 -2.6166129112243652 0.3472770154476166
1.5214792490005493 -2.6300678253173828 0.3281790018081665
1.5133024454116821 -2.6427071094512939 0.3083059191703796
1.5056742429733276 -2.6544983386993408 0.2877072393894196
1.4986131191253662 -2.6654131412506104 0.2664341032505035
1.4921368360519409 -2.6754240989685059 0.2445394247770309
1.4862612485885620 -2.6845064163208008 0.2220776528120041
1.4810010194778442 -2.6926372051239014 0.1991046220064163
1.4763696193695068 -2.6997964382171631 0.1756774336099625
1.4723782539367676 -2.7059664726257324 0.1518543511629105
1.4690366983413696 -2.7111318111419678 0.1276945769786835
1.4663532972335815 -2.7152791023254395 0.1032581925392151
1.4643352031707764 -2.7183990478515625 0.0786059573292732
1.4629867076873779 -2.7204833030700684 0.0537991523742676
1.4623118638992310 -2.7215266227722168 0.0288994517177343
1.4623118638992310 -2.7215266227722168 0.0039687603712082
1.4629867076873779 -2.7204833030700684 -0.0209309402853251
1.4643352031707764 -2.7183990478515625 -0.0457377471029758
1.4663532972335815 -2.7152791023254395 -0.0703899860382080
1.4690366983413696 -2.7111318111419678 -0.0948263555765152
1.4723782539367676 -2.7059664726257324 -0.1189861297607422
1.4763696193695068 -2.6997964382171631 -0.1428092122077942
1.4810010194778442 -2.6926372051239014 -0.1662364006042480
1.4862612485885620 -2.6845064163208008 -0.1892094463109970
1.4921368360519409 -2.6754240989685059 -0.2116712331771851
1.4986131191253662 -2.6654131412506104 -0.2335658967494965
1.5056742429733276 -2.6544983386993408 -0.2548390328884125
1.5133024454116821 -2.6427071094512939 -0.2754377424716949
1.5214792490005493 -2.6300678253173828 -0.2953107953071594
1.5301835536956787 -2.6166129112243652 -0.3144088387489319
1.5393942594528198 -2.6023752689361572 -0.3326843082904816
1.5490884780883789 -2.5873904228210449 -0.3500918447971344
1.5592417716979980 -2.5716958045959473 -0.3665881156921387
1.5698289871215820 -2.5553302764892578 -0.3821321427822113
1.5808241367340088 -2.5383343696594238 -0.3966852724552155
1.5921993255615234 -2.5207509994506836 -0.4102113246917725
1.6039268970489502 -2.5026230812072754 -0.4226767122745514
1.6159772872924805 -2.4839959144592285 -0.4340503215789795
1.6283208131790161 -2.4649159908294678 -0.4443039894104004
1.6409263610839844 -2.4454307556152344 -0.4534122049808502
1.6537629365921021 -2.4255883693695068 -0.4613522887229919
1.6667982339859009 -2.4054384231567383 -0.4681045413017273
1.6800006628036499 -2.3850312232971191 -0.4736521244049072
1.6933366060256958 -2.3644165992736816 -0.4779813289642334
1.7067732810974121 -2.3436467647552490 -0.4810813069343567
1.7110005617141724 -2.3460960388183594 0.5139495134353638
1.6996644735336304 -2.3680830001831055 0.5108495354652405
1.6884132623672485 -2.3899052143096924 0.5065203309059143
1.6772748231887817 -2.4115083217620850 0.5009727478027344
1.6662769317626953 -2.4328389167785645 0.4942204952239990
1.6554471254348755 -2.4538440704345703 0.4862803816795349
1.6448121070861816 -2.4744710922241211 0.4771721959114075
1.6343983411788940 -2.4946689605712891 0.4669185280799866
1.6242318153381348 -2.5143876075744629 0.4555448889732361
1.6143378019332886 -2.5335774421691895 0.4430795311927795
1.6047403812408447 -2.5521912574768066 0.4295534491539001
1.5954643487930298 -2.5701830387115479 0.4150003492832184
1.5865319967269897 -2.5875077247619629 0.3994563221931458
1.5779660940170288 -2.6041216850280762 0.3829600214958191
1.5697873830795288 -2.6199846267700195 0.3655524849891663
1.5620166063308716 -2.6350564956665039 0.3472770154476166
1.5546729564666748 -2.6493000984191895 0.3281790018081665
1.5477745532989502 -2.6626794338226318 0.3083059191703796
1.5413385629653931 -2.6751620769500732 0.2877072393894196
1.5353813171386719 -2.6867163181304932 0.2664341032505035
1.5299177169799805 -2.6973140239715576 0.2445394247770309
1.5249603986740112 -2.7069282531738281 0.2220776528120041
1.5205227136611938 -2.7155356407165527 0.1991046220064163
1.5166151523590088 -2.7231142520904541 0.1756774336099625
1.5132477283477783 -2.7296457290649414 0.1518543511629105
1.5104283094406128 -2.7351136207580566 0.1276945769786835
1.5081646442413330 -2.7395043373107910 0.1032581925392151
1.5064618587493896 -2.7428066730499268 0.0786059573292732
1.5053243637084961 -2.7450132369995117 0.0537991523742676
1.5047549009323120 -2.7461178302764893 0.0288994517177343
1.5047549009323120 -2.7461178302764893 0.0039687603712082
1.5053243637084961 -2.7450132369995117 -0.0209309402853251
1.5064618587493896 -2.7428066730499268 -0.0457377471029758
1.5081646442413330 -2.7395043373107910 -0.0703899860382080
1.5104283094406128 -2.7351136207580566 -0.0948263555765152
1.5132477283477783 -2.7296457290649414 -0.1189861297607422
1.5166151523590088 -2.7231142520904541 -0.1428092122077942
1.5205227136611938 -2.7155356407165527 -0.1662364006042480
1.5249603986740112 -2.7069282531738281 -0.1892094463109970
1.5299177169799805 -2.6973140239715576 -0.2116712331771851
1.5353813171386719 -2.6867163181304932 -0.2335658967494965
1.5413385629653931 -2.6751620769500732 -0.2548390328884125
1.5477745532989502 -2.6626794338226318 -0.2754377424716949
1.5546729564666748 -2.6493000984191895 -0.2953107953071594
1.5620166063308716 -2.6350564956665039 -0.3144088387489319
1.5697873830795288 -2.6199846267700195 -0.3326843082904816
1.5779660940170288 -2.6041216850280762 -0.3500918447971344
1.5865319967269897 -2.5875077247619629 -0.3665881156921387
1.5954643487930298 -2.5701830387115479 -0.3821321427822113
1.6047403812408447 -2.5521912574768066 -0.3966852724552155
1.6143378019332886 -2.5335774421691895 -0.4102113246917725
1.6242318153381348 -2.5143876075744629 -0.4226767122745514
1.6343983411788940 -2.4946689605712891 -0.4340503215789795
1.6448121070861816 -2.4744710922241211 -0.4443039894104004
1.6554471254348755 -2.4538440704345703 -0.4534122049808502
1.6662769317626953 -2.4328389167785645 -0.4613522887229919
1.6772748231887817 -2.4115083217620850 -0.4681045413017273
1.6884132623672485 -2.3899052143096924 -0.4736521244049072
1.6996644735336304 -2.3680830001831055 -0.4779813289642334
1.7110005617141724 -2.3460960388183594 -0.4810813069343567
1.7154476642608643 -2.3481192588806152 0.5139495134353638
1.7063212394714355 -2.3711113929748535 0.5108495354652405
1.6972631216049194 -2.3939311504364014 0.5065203309059143
1.6882958412170410 -2.4165222644805908 0.5009727478027344
1.6794416904449463 -2.4388279914855957 0.4942204952239990
1.6707228422164917 -2.4607934951782227 0.4862803816795349
1.6621609926223755 -2.4823637008666992 0.4771721959114075
1.6537770032882690 -2.5034849643707275 0.4669185280799866
1.6455920934677124 -2.5241050720214844 0.4555448889732361
1.6376264095306396 -2.5441722869873047 0.4430795311927795
1.6299000978469849 -2.5636377334594727 0.4295534491539001
1.6224321126937866 -2.5824518203735352 0.4150003492832184
1.6152408123016357 -2.6005682945251465 0.3994563221931458
1.6083444356918335 -2.6179420948028564 0.3829600214958191
1.6017602682113647 -2.6345303058624268 0.3655524849891663
1.5955040454864502 -2.6502912044525146 0.3472770154476166
1.5895916223526001 -2.6651856899261475 0.3281790018081665
1.5840382575988770 -2.6791770458221436 0.3083059191703796
1.5788567066192627 -2.6922302246093750 0.2877072393894196
1.5740605592727661 -2.7043130397796631 0.2664341032505035
1.5696616172790527 -2.7153949737548828 0.2445394247770309
1.5656709671020508 -2.7254490852355957 0.2220776528120041
1.5620982646942139 -2.7344498634338379 0.1991046220064163
1.5589523315429688 -2.7423751354217529 0.1756774336099625
1.5562412738800049 -2.7492051124572754 0.1518543511629105
1.5539716482162476 -2.7549231052398682 0.1276945769786835
1.5521491765975952 -2.7595145702362061 0.1032581925392151
1.5507780313491821 -2.7629680633544922 0.0786059573292732
1.5498626232147217 -2.7652752399444580 0.0537991523742676
1.5494040250778198 -2.7664301395416260 0.0288994517177343
1.5494040250778198 -2.7664301395416260 0.0039687603712082
1.5498626232147217 -2.7652752399444580 -0.0209309402853251
1.5507780313491821 -2.7629680633544922 -0.0457377471029758
1.5521491765975952 -2.7595145702362061 -0.0703899860382080
1.5539716482162476 -2.7549231052398682 -0.0948263555765152
1.5562412738800049 -2.7492051124572754 -0.1189861297607422
1.5589523315429688 -2.7423751354217529 -0.1428092122077942
1.5620982646942139 -2.7344498634338379 -0.1662364006042480
1.5656709671020508 -2.7254490852355957 -0.1892094463109970
1.5696616172790527 -2.7153949737548828 -0.2116712331771851
1.5740605592727661 -2.7043130397796631 -0.2335658967494965
1.5788567066192627 -2.6922302246093750 -0.2548390328884125
1.5840382575988770 -2.6791770458221436 -0.2754377424716949
1.5895916223526001 -2.6651856899261475 -0.2953107953071594
1.5955040454864502 -2.6502912044525146 -0.3144088387489319
1.6017602682113647 -2.6345303058624268 -0.3326843082904816
1.6083444356918335 -2.6179420948028564 -0.3500918447971344
1.6152408123016357 -2.6005682945251465 -0.3665881156921387
1.6224321126937866 -2.5824518203735352 -0.3821321427822113
1.6299000978469849 -2.5636377334594727 -0.3966852724552155
1.6376264095306396 -2.5441722869873047 -0.4102113246917725
1.6455920934677124 -2.5241050720214844 -0.4226767122745514
1.6537770032882690 -2.5034849643707275 -0.4340503215789795
1.6621609926223755 -2.4823637008666992 -0.4443039894104004
1.6707228422164917 -2.4607934951782227 -0.4534122049808502
1.6794416904449463 -2.4388279914855957 -0.4613522887229919
1.6882958412170410 -2.4165222644805908 -0.4681045413017273
1.6972631216049194 -2.3939311504364014 -0.4736521244049072
1.7063212394714355 -2.3711113929748535 -0.4779813289642334
1.7154476642608643 -2.3481192588806152 -0.4810813069343567
1.7200715541839600 -2.3496966361999512 0.5139495134353638
1.7132426500320435 -2.3734724521636963 0.5108495354652405
1.7064647674560547 -2.3970704078674316 0.5065203309059143
1.6997550725936890 -2.4204316139221191 0.5009727478027344
1.6931298971176147 -2.4434978961944580 0.4942204952239990
1.6866062879562378 -2.4662122726440430 0.4862803816795349
1.6801995038986206 -2.4885177612304688 0.4771721959114075
1.6739262342453003 -2.5103590488433838 0.4669185280799866
1.6678018569946289 -2.5316822528839111 0.4555448889732361
1.6618418693542480 -2.5524337291717529 0.4430795311927795
1.6560604572296143 -2.5725624561309814 0.4295534491539001
1.6504724025726318 -2.5920178890228271 0.4150003492832184
1.6450916528701782 -2.6107518672943115 0.3994563221931458
1.6399314403533936 -2.6287183761596680 0.3829600214958191
1.6350046396255493 -2.6458718776702881 0.3655524849891663
1.6303236484527588 -2.6621701717376709 0.3472770154476166
1.6258995532989502 -2.6775724887847900 0.3281790018081665
1.6217440366744995 -2.6920409202575684 0.3083059191703796
1.6178669929504395 -2.7055392265319824 0.2877072393894196
1.6142784357070923 -2.7180335521697998 0.2664341032505035
1.6109869480133057 -2.7294936180114746 0.2445394247770309
1.6080009937286377 -2.7398903369903564 0.2220776528120041
1.6053273677825928 -2.7491977214813232 0.1991046220064163
1.6029735803604126 -2.7573933601379395 0.1756774336099625
1.6009451150894165 -2.7644562721252441 0.1518543511629105
1.5992468595504761 -2.7703690528869629 0.1276945769786835
1.5978831052780151 -2.7751169204711914 0.1032581925392151
1.5968573093414307 -2.7786881923675537 0.0786059573292732
1.5961722135543823 -2.7810740470886230 0.0537991523742676
1.5958288908004761 -2.7822685241699219 0.0288994517177343
1.5958288908004761 -2.7822685241699219 0.0039687603712082
1.5961722135543823 -2.7810740470886230 -0.0209309402853251
1.5968573093414307 -2.7786881923675537 -0.0457377471029758
1.5978831052780151 -2.7751169204711914 -0.0703899860382080
1.5992468595504761 -2.7703690528869629 -0.0948263555765152
1.6009451150894165 -2.7644562721252441 -0.1189861297607422
1.6029735803604126 -2.7573933601379395 -0.1428092122077942
1.6053273677825928 -2.7491977214813232 -0.1662364006042480
1.6080009937286377 -2.7398903369903564 -0.1892094463109970
1.6109869480133057 -2.7294936180114746 -0.2116712331771851
1.6142784357070923 -2.7180335521697998 -0.2335658967494965
1.6178669929504395 -2.7055392265319824 -0.2548390328884125
1.6217440366744995 -2.6920409202575684 -0.2754377424716949
1.6258995532989502 -2.6775724887847900 -0.2953107953071594
1.6303236484527588 -2.6621701717376709 -0.3144088387489319
1.6350046396255493 -2.6458718776702881 -0.3326843082904816
1.6399314403533936 -2.6287183761596680 -0.3500918447971344
1.6450916528701782 -2.6107518672943115 -0.3665881156921387
1.6504724025726318 -2.5920178890228271 -0.3821321427822113
1.6560604572296143 -2.5725624561309814 -0.3966852724552155
1.6618418693542480 -2.5524337291717529 -0.4102113246917725
1.6678018569946289 -2.5316822528839111 -0.4226767122745514
1.6739262342453003 -2.5103590488433838 -0.4340503215789795
1.6801995038986206 -2.4885177612304688 -0.4443039894104004
1.6866062879562378 -2.4662122726440430 -0.4534122049808502
1.6931298971176147 -2.4434978961944580 -0.4613522887229919
1.6997550725936890 -2.4204316139221191 -0.4681045413017273
1.7064647674560547 -2.3970704078674316 -0.4736521244049072
1.7132426500320435 -2.3734724521636963 -0.4779813289642334
1.7200715541839600 -2.3496966361999512 -0.4810813069343567
1.7248277664184570 -2.3508133888244629 0.5139495134353638
1.7203623056411743 -2.3751442432403564 0.5108495354652405
1.7159299850463867 -2.3992927074432373 0.5065203309059143
1.7115423679351807 -2.4231989383697510 0.5009727478027344
1.7072100639343262 -2.4468035697937012 0.4942204952239990
1.7029439210891724 -2.4700477123260498 0.4862803816795349
1.6987545490264893 -2.4928739070892334 0.4771721959114075
1.6946525573730469 -2.5152251720428467 0.4669185280799866
1.6906474828720093 -2.5370459556579590 0.4555448889732361
1.6867500543594360 -2.5582816600799561 0.4430795311927795
1.6829695701599121 -2.5788800716400146 0.4295534491539001
1.6793154478073120 -2.5987896919250488 0.4150003492832184
1.6757967472076416 -2.6179611682891846 0.3994563221931458
1.6724225282669067 -2.6363465785980225 0.3829600214958191
1.6692006587982178 -2.6539001464843750 0.3655524849891663
1.6661396026611328 -2.6705789566040039 0.3472770154476166
1.6632467508316040 -2.6863410472869873 0.3281790018081665
1.6605294942855835 -2.7011468410491943 0.3083059191703796
1.6579943895339966 -2.7149600982666016 0.2877072393894196
1.6556473970413208 -2.7277462482452393 0.2664341032505035
1.6534949541091919 -2.7394735813140869 0.2445394247770309
1.6515425443649292 -2.7501130104064941 0.2220776528120041
1.6497943401336670 -2.7596375942230225 0.1991046220064163
1.6482551097869873 -2.7680244445800781 0.1756774336099625
1.6469285488128662 -2.7752518653869629 0.1518543511629105
1.6458178758621216 -2.7813026905059814 0.1276945769786835
1.6449260711669922 -2.7861616611480713 0.1032581925392151
1.6442553997039795 -2.7898163795471191 0.0786059573292732
1.6438071727752686 -2.7922580242156982 0.0537991523742676
1.6435829401016235 -2.7934801578521729 0.0288994517177343
1.6435829401016235 -2.7934801578521729 0.0039687603712082
1.6438071727752686 -2.7922580242156982 -0.0209309402853251
1.6442553997039795 -2.7898163795471191 -0.0457377471029758
1.6449260711669922 -2.7861616611480713 -0.0703899860382080
1.6458178758621216 -2.7813026905059814 -0.0948263555765152
1.6469285488128662 -2.7752518653869629 -0.1189861297607422
1.6482551097869873 -2.7680244445800781 -0.1428092122077942
1.6497943401336670 -2.7596375942230225 -0.1662364006042480
1.6515425443649292 -2.7501130104064941 -0.1892094463109970
1.6534949541091919 -2.7394735813140869 -0.2116712331771851
1.6556473970413208 -2.7277462482452393 -0.2335658967494965
1.6579943895339966 -2.7149600982666016 -0.2548390328884125
1.6605294942855835 -2.7011468410491943 -0.2754377424716949
1.6632467508316040 -2.6863410472869873 -0.2953107953071594
1.6661396026611328 -2.6705789566040039 -0.3144088387489319
1.6692006587982178 -2.6539001464843750 -0.3326843082904816
1.6724225282669067 -2.6363465785980225 -0.3500918447971344
1.6757967472076416 -2.6179611682891846 -0.3665881156921387
1.6793154478073120 -2.5987896919250488 -0.3821321427822113
1.6829695701599121 -2.5788800716400146 -0.3966852724552155
1.6867500543594360 -2.5582816600799561 -0.4102113246917725
1.6906474828720093 -2.5370459556579590 -0.4226767122745514
1.6946525573730469 -2.5152251720428467 -0.4340503215789795
1.6987545490264893 -2.4928739070892334 -0.4443039894104004
1.7029439210891724 -2.4700477123260498 -0.4534122049808502
1.7072100639343262 -2.4468035697937012 -0.4613522887229919
1.7115423679351807 -2.4231989383697510 -0.4681045413017273
1.7159299850463867 -2.3992927074432373 -0.4736521244049072
1.7203623056411743 -2.3751442432403564 -0.4779813289642334
1.7248277664184570 -2.3508133888244629 -0.4810813069343567
1.7296702861785889 -2.3514585494995117 0.5139495134353638
1.7276111841201782 -2.3761098384857178 0.5108495354652405
1.7255673408508301 -2.4005763530731201 0.5065203309059143
1.7235442399978638 -2.4247977733612061 0.5009727478027344
1.7215465307235718 -2.4487133026123047 0.4942204952239990
1.7195793390274048 -2.4722638130187988 0.4862803816795349
1.7176475524902344 -2.4953906536102295 0.4771721959114075
1.7157555818557739 -2.5180361270904541 0.4669185280799866
1.7139090299606323 -2.5401444435119629 0.4555448889732361
1.7121117115020752 -2.5616600513458252 0.4430795311927795
1.7103683948516846 -2.5825295448303223 0.4295534491539001
1.7086832523345947 -2.6027014255523682 0.4150003492832184
1.7070605754852295 -2.6221253871917725 0.3994563221931458
1.7055048942565918 -2.6407532691955566 0.3829600214958191
1.7040190696716309 -2.6585385799407959 0.3655524849891663
1.7026075124740601 -2.6754367351531982 0.3472770154476166
1.7012735605239868 -2.6914062500000000 0.3281790018081665
1.7000205516815186 -2.7064073085784912 0.3083059191703796
1.6988513469696045 -2.7204022407531738 0.2877072393894196
1.6977692842483521 -2.7333571910858154 0.2664341032505035
1.6967766284942627 -2.7452390193939209 0.2445394247770309
1.6958762407302856 -2.7560184001922607 0.2220776528120041
1.6950702667236328 -2.7656688690185547 0.1991046220064163
1.6943603754043579 -2.7741661071777344 0.1756774336099625
1.6937484741210938 -2.7814888954162598 0.1518543511629105
1.6932367086410522 -2.7876193523406982 0.1276945769786835
1.6928251981735229 -2.7925422191619873 0.1032581925392151
1.6925159692764282 -2.7962448596954346 0.0786059573292732
1.6923094987869263 -2.7987186908721924 0.0537991523742676
1.6922060251235962 -2.7999570369720459 0.0288994517177343
1.6922060251235962 -2.7999570369720459 0.0039687603712082
1.6923094987869263 -2.7987186908721924 -0.0209309402853251
1.6925159692764282 -2.7962448596954346 -0.0457377471029758
1.6928251981735229 -2.7925422191619873 -0.0703899860382080
1.6932367086410522 -2.7876193523406982 -0.0948263555765152
1.6937484741210938 -2.7814888954162598 -0.1189861297607422
1.6943603754043579 -2.7741661071777344 -0.1428092122077942
1.6950702667236328 -2.7656688690185547 -0.1662364006042480
1.6958762407302856 -2.7560184001922607 -0.1892094463109970
1.6967766284942627 -2.7452390193939209 -0.2116712331771851
1.6977692842483521 -2.7333571910858154 -0.2335658967494965
1.6988513469696045 -2.7204022407531738 -0.2548390328884125
1.7000205516815186 -2.7064073085784912 -0.2754377424716949
1.7012735605239868 -2.6914062500000000 -0.2953107953071594
1.7026075124740601 -2.6754367351531982 -0.3144088387489319
1.7040190696716309 -2.6585385799407959 -0.3326843082904816
1.7055048942565918 -2.6407532691955566 -0.3500918447971344
1.7070605754852295 -2.6221253871917725 -0.3665881156921387
1.7086832523345947 -2.6027014255523682 -0.3821321427822113
1.7103683948516846 -2.5825295448303223 -0.3966852724552155
1.7121117115020752 -2.5616600513458252 -0.4102113246917725
1.7139090299606323 -2.5401444435119629 -0.4226767122745514
1.7157555818557739 -2.5180361270904541 -0.4340503215789795
1.7176475524902344 -2.4953906536102295 -0.4443039894104004
1.7195793390274048 -2.4722638130187988 -0.4534122049808502
1.7215465307235718 -2.4487133026123047 -0.4613522887229919
1.7235442399978638 -2.4247977733612061 -0.4681045413017273
1.7255673408508301 -2.4005763530731201 -0.4736521244049072
1.7276111841201782 -2.3761098384857178 -0.4779813289642334
1.7296702861785889 -2.3514585494995117 -0.4810813069343567
1.7345532178878784 -2.3516259193420410 0.5139495134353638
1.7349203824996948 -2.3763601779937744 0.5108495354652405
1.7352843284606934 -2.4009094238281250 0.5065203309059143
1.7356449365615845 -2.4252123832702637 0.5009727478027344
1.7360010147094727 -2.4492087364196777 0.4942204952239990
1.7363514900207520 -2.4728386402130127 0.4862803816795349
1.7366958856582642 -2.4960432052612305 0.4771721959114075
1.7370328903198242 -2.5187654495239258 0.4669185280799866
1.7373620271682739 -2.5409479141235352 0.4555448889732361
1.7376822233200073 -2.5625362396240234 0.4430795311927795
1.7379930019378662 -2.5834763050079346 0.4295534491539001
1.7382931709289551 -2.6037163734436035 0.4150003492832184
1.7385824918746948 -2.6232059001922607 0.3994563221931458
1.7388597726821899 -2.6418962478637695 0.3829600214958191
1.7391244173049927 -2.6597414016723633 0.3655524849891663
1.7393759489059448 -2.6766967773437500 0.3472770154476166
1.7396137714385986 -2.6927201747894287 0.3281790018081665
1.7398370504379272 -2.7077715396881104 0.3083059191703796
1.7400453090667725 -2.7218139171600342 0.2877072393894196
1.7402383089065552 -2.7348124980926514 0.2664341032505035
1.7404150962829590 -2.7467341423034668 0.2445394247770309
1.7405755519866943 -2.7575500011444092 0.2220776528120041
1.7407191991806030 -2.7672328948974609 0.1991046220064163
1.7408455610275269 -2.7757587432861328 0.1756774336099625
1.7409545183181763 -2.7831063270568848 0.1518543511629105
1.7410460710525513 -2.7892577648162842 0.1276945769786835
1.7411192655563354 -2.7941970825195312 0.1032581925392151
1.7411744594573975 -2.7979123592376709 0.0786059573292732
1.7412110567092896 -2.8003942966461182 0.0537991523742676
1.7412297725677490 -2.8016369342803955 0.0288994517177343
1.7412297725677490 -2.8016369342803955 0.0039687603712082
1.7412110567092896 -2.8003942966461182 -0.0209309402853251
1.7411744594573975 -2.7979123592376709 -0.0457377471029758
1.7411192655563354 -2.7941970825195312 -0.0703899860382080
1.7410460710525513 -2.7892577648162842 -0.0948263555765152
1.7409545183181763 -2.7831063270568848 -0.1189861297607422
1.7408455610275269 -2.7757587432861328 -0.1428092122077942
1.7407191991806030 -2.7672328948974609 -0.1662364006042480
1.7405755519866943 -2.7575500011444092 -0.1892094463109970
1.7404150962829590 -2.7467341423034668 -0.2116712331771851
1.7402383089065552 -2.7348124980926514 -0.2335658967494965
1.7400453090667725 -2.7218139171600342 -0.2548390328884125
1.7398370504379272 -2.7077715396881104 -0.2754377424716949
1.7396137714385986 -2.6927201747894287 -0.2953107953071594
1.7393759489059448 -2.6766967773437500 -0.3144088387489319
1.7391244173049927 -2.6597414016723633 -0.3326843082904816
1.7388597726821899 -2.6418962478637695 -0.3500918447971344
1.7385824918746948 -2.6232059001922607 -0.3665881156921387
1.7382931709289551 -2.6037163734436035 -0.3821321427822113
1.7379930019378662 -2.5834763050079346 -0.3966852724552155
1.7376822233200073 -2.5625362396240234 -0.4102113246917725
1.7373620271682739 -2.5409479141235352 -0.4226767122745514
1.7370328903198242 -2.5187654495239258 -0.4340503215789795
1.7366958856582642 -2.4960432052612305 -0.4443039894104004
1.7363514900207520 -2.4728386402130127 -0.4534122049808502
1.7360010147094727 -2.4492087364196777 -0.4613522887229919
1.7356449365615845 -2.4252123832702637 -0.4681045413017273
1.7352843284606934 -2.4009094238281250 -0.4736521244049072
1.7349203824996948 -2.3763601779937744 -0.4779813289642334
1.7345532178878784 -2.3516259193420410 -0.4810813069343567
1.7394288778305054 -2.3513135910034180 0.5139495134353638
1.7422184944152832 -2.3758931159973145 0.5108495354652405
1.7449871301651001 -2.4002883434295654 0.5065203309059143
1.7477279901504517 -2.4244389533996582 0.5009727478027344
1.7504343986511230 -2.4482846260070801 0.4942204952239990
1.7530993223190308 -2.4717664718627930 0.4862803816795349
1.7557165622711182 -2.4948258399963379 0.4771721959114075
1.7582788467407227 -2.5174055099487305 0.4669185280799866
1.7607809305191040 -2.5394489765167236 0.4555448889732361
1.7632157802581787 -2.5609018802642822 0.4430795311927795
1.7655774354934692 -2.5817105770111084 0.4295534491539001
1.7678600549697876 -2.6018235683441162 0.4150003492832184
1.7700580358505249 -2.6211910247802734 0.3994563221931458
1.7721658945083618 -2.6397643089294434 0.3829600214958191
1.7741787433624268 -2.6574974060058594 0.3655524849891663
1.7760908603668213 -2.6743464469909668 0.3472770154476166
1.7778979539871216 -2.6902694702148438 0.3281790018081665
1.7795954942703247 -2.7052266597747803 0.3083059191703796
1.7811793088912964 -2.7191808223724365 0.2877072393894196
1.7826453447341919 -2.7320981025695801 0.2664341032505035
1.7839897871017456 -2.7439451217651367 0.2445394247770309
1.7852096557617188 -2.7546930313110352 0.2220776528120041
1.7863017320632935 -2.7643151283264160 0.1991046220064163
1.7872633934020996 -2.7727875709533691 0.1756774336099625
1.7880920171737671 -2.7800891399383545 0.1518543511629105
1.7887858152389526 -2.7862019538879395 0.1276945769786835
1.7893428802490234 -2.7911102771759033 0.1032581925392151
1.7897619009017944 -2.7948024272918701 0.0786059573292732
1.7900418043136597 -2.7972688674926758 0.0537991523742676
1.7901818752288818 -2.7985036373138428 0.0288994517177343
1.7901818752288818 -2.7985036373138428 0.0039687603712082
1.7900418043136597 -2.7972688674926758 -0.0209309402853251
1.7897619009017944 -2.7948024272918701 -0.0457377471029758
1.7893428802490234 -2.7911102771759033 -0.0703899860382080
1.7887858152389526 -2.7862019538879395 -0.0948263555765152
1.7880920171737671 -2.7800891399383545 -0.1189861297607422
1.7872633934020996 -2.7727875709533691 -0.1428092122077942
1.7863017320632935 -2.7643151283264160 -0.1662364006042480
1.7852096557617188 -2.7546930313110352 -0.1892094463109970
1.7839897871017456 -2.7439451217651367 -0.2116712331771851
1.7826453447341919 -2.7320981025695801 -0.2335658967494965
1.7811793088912964 -2.7191808223724365 -0.2548390328884125
1.7795954942703247 -2.7052266597747803 -0.2754377424716949
1.7778979539871216 -2.6902694702148438 -0.2953107953071594
1.7760908603668213 -2.6743464469909668 -0.3144088387489319
1.7741787433624268 -2.6574974060058594 -0.3326843082904816
1.7721658945083618 -2.6397643089294434 -0.3500918447971344
1.7700580358505249 -2.6211910247802734 -0.3665881156921387
1.7678600549697876 -2.6018235683441162 -0.3821321427822113
1.7655774354934692 -2.5817105770111084 -0.3966852724552155
1.7632157802581787 -2.5609018802642822 -0.4102113246917725
1.7607809305191040 -2.5394489765167236 -0.4226767122745514
1.7582788467407227 -2.5174055099487305 -0.4340503215789795
1.7557165622711182 -2.4948258399963379 -0.4443039894104004
1.7530993223190308 -2.4717664718627930 -0.4534122049808502
1.7504343986511230 -2.4482846260070801 -0.4613522887229919
1.7477279901504517 -2.4244389533996582 -0.4681045413017273
1.7449871301651001 -2.4002883434295654 -0.4736521244049072
1.7422184944152832 -2.3758931159973145 -0.4779813289642334
1.7394288778305054 -2.3513135910034180 -0.4810813069343567
1.7442502975463867 -2.3505251407623291 0.5139495134353638
1.7494356632232666 -2.3747127056121826 0.5108495354652405
1.7545821666717529 -2.3987193107604980 0.5065203309059143
1.7596770524978638 -2.4224846363067627 0.5009727478027344
1.7647078037261963 -2.4459505081176758 0.4942204952239990
1.7696614265441895 -2.4690582752227783 0.4862803816795349
1.7745261192321777 -2.4917497634887695 0.4771721959114075
1.7792894840240479 -2.5139694213867188 0.4669185280799866
1.7839400768280029 -2.5356614589691162 0.4555448889732361
1.7884658575057983 -2.5567724704742432 0.4430795311927795
1.7928555011749268 -2.5772495269775391 0.4295534491539001
1.7970989942550659 -2.5970420837402344 0.4150003492832184
1.8011846542358398 -2.6161010265350342 0.3994563221931458
1.8051030635833740 -2.6343779563903809 0.3829600214958191
1.8088442087173462 -2.6518287658691406 0.3655524849891663
1.8123984336853027 -2.6684088706970215 0.3472770154476166
1.8157577514648438 -2.6840779781341553 0.3281790018081665
1.8189133405685425 -2.6987972259521484 0.3083059191703796
1.8218570947647095 -2.7125289440155029 0.2877072393894196
1.8245819807052612 -2.7252399921417236 0.2664341032505035
1.8270814418792725 -2.7368981838226318 0.2445394247770309
1.8293486833572388 -2.7474746704101562 0.2220776528120041
1.8313786983489990 -2.7569437026977539 0.1991046220064163
1.8331660032272339 -2.7652809619903564 0.1756774336099625
1.8347064256668091 -2.7724659442901611 0.1518543511629105
1.8359959125518799 -2.7784812450408936 0.1276945769786835
1.8370316028594971 -2.7833118438720703 0.1032581925392151
1.8378105163574219 -2.7869448661804199 0.0786059573292732
1.8383307456970215 -2.7893719673156738 0.0537991523742676
1.8385913372039795 -2.7905869483947754 0.0288994517177343
1.8385913372039795 -2.7905869483947754 0.0039687603712082
1.8383307456970215 -2.7893719673156738 -0.0209309402853251
1.8378105163574219 -2.7869448661804199 -0.0457377471029758
1.8370316028594971 -2.7833118438720703 -0.0703899860382080
1.8359959125518799 -2.7784812450408936 -0.0948263555765152
1.8347064256668091 -2.7724659442901611 -0.1189861297607422
1.8331660032272339 -2.7652809619903564 -0.1428092122077942
1.8313786983489990 -2.7569437026977539 -0.1662364006042480
1.8293486833572388 -2.7474746704101562 -0.1892094463109970
1.8270814418792725 -2.7368981838226318 -0.2116712331771851
1.8245819807052612 -2.7252399921417236 -0.2335658967494965
1.8218570947647095 -2.7125289440155029 -0.2548390328884125
1.8189133405685425 -2.6987972259521484 -0.2754377424716949
1.8157577514648438 -2.6840779781341553 -0.2953107953071594
1.8123984336853027 -2.6684088706970215 -0.3144088387489319
1.8088442087173462 -2.6518287658691406 -0.3326843082904816
1.8051030635833740 -2.6343779563903809 -0.3500918447971344
1.8011846542358398 -2.6161010265350342 -0.3665881156921387
1.7970989942550659 -2.5970420837402344 -0.3821321427822113
1.7928555011749268 -2.5772495269775391 -0.3966852724552155
1.7884658575057983 -2.5567724704742432 -0.4102113246917725
1.7839400768280029 -2.5356614589691162 -0.4226767122745514
1.7792894840240479 -2.5139694213867188 -0.4340503215789795
1.7745261192321777 -2.4917497634887695 -0.4443039894104004
1.7696614265441895 -2.4690582752227783 -0.4534122049808502
1.7647078037261963 -2.4459505081176758 -0.4613522887229919
1.7596770524978638 -2.4224846363067627 -0.4681045413017273
1.7545821666717529 -2.3987193107604980 -0.4736521244049072
1.7494356632232666 -2.3747127056121826 -0.4779813289642334
1.7442502975463867 -2.3505251407623291 -0.4810813069343567
1.7489713430404663 -2.3492679595947266 0.5139495134353638
1.7565026283264160 -2.3728308677673340 0.5108495354652405
1.7639772891998291 -2.3962173461914062 0.5065203309059143
1.7713772058486938 -2.4193692207336426 0.5009727478027344
1.7786836624145508 -2.4422287940979004 0.4942204952239990
1.7858784198760986 -2.4647393226623535 0.4862803816795349
1.7929438352584839 -2.4868450164794922 0.4771721959114075
1.7998622655868530 -2.5084905624389648 0.4669185280799866
1.8066164255142212 -2.5296225547790527 0.4555448889732361
1.8131897449493408 -2.5501883029937744 0.4430795311927795
1.8195656538009644 -2.5701367855072021 0.4295534491539001
1.8257284164428711 -2.5894176959991455 0.4150003492832184
1.8316624164581299 -2.6079840660095215 0.3994563221931458
1.8373534679412842 -2.6257894039154053 0.3829600214958191
1.8427869081497192 -2.6427893638610840 0.3655524849891663
1.8479495048522949 -2.6589415073394775 0.3472770154476166
1.8528282642364502 -2.6742057800292969 0.3281790018081665
1.8574113845825195 -2.6885445117950439 0.3083059191703796
1.8616868257522583 -2.7019214630126953 0.2877072393894196
1.8656446933746338 -2.7143042087554932 0.2664341032505035
1.8692748546600342 -2.7256615161895752 0.2445394247770309
1.8725677728652954 -2.7359650135040283 0.2220776528120041
1.8755161762237549 -2.7451891899108887 0.1991046220064163
1.8781121969223022 -2.7533116340637207 0.1756774336099625
1.8803493976593018 -2.7603111267089844 0.1518543511629105
1.8822221755981445 -2.7661705017089844 0.1276945769786835
1.8837261199951172 -2.7708761692047119 0.1032581925392151
1.8848574161529541 -2.7744152545928955 0.0786059573292732
1.8856132030487061 -2.7767801284790039 0.0537991523742676
1.8859913349151611 -2.7779636383056641 0.0288994517177343
1.8859913349151611 -2.7779636383056641 0.0039687603712082
1.8856132030487061 -2.7767801284790039 -0.0209309402853251
1.8848574161529541 -2.7744152545928955 -0.0457377471029758
1.8837261199951172 -2.7708761692047119 -0.0703899860382080
1.8822221755981445 -2.7661705017089844 -0.0948263555765152
1.8803493976593018 -2.7603111267089844 -0.1189861297607422
1.8781121969223022 -2.7533116340637207 -0.1428092122077942
1.8755161762237549 -2.7451891899108887 -0.1662364006042480
1.8725677728652954 -2.7359650135040283 -0.1892094463109970
1.8692748546600342 -2.7256615161895752 -0.2116712331771851
1.8656446933746338 -2.7143042087554932 -0.2335658967494965
1.8616868257522583 -2.7019214630126953 -0.2548390328884125
1.8574113845825195 -2.6885445117950439 -0.2754377424716949
1.8528282642364502 -2.6742057800292969 -0.2953107953071594
1.8479495048522949 -2.6589415073394775 -0.3144088387489319
1.8427869081497192 -2.6427893638610840 -0.3326843082904816
1.8373534679412842 -2.6257894039154053 -0.3500918447971344
1.8316624164581299 -2.6079840660095215 -0.3665881156921387
1.8257284164428711 -2.5894176959991455 -0.3821321427822113
1.8195656538009644 -2.5701367855072021 -0.3966852724552155
1.8131897449493408 -2.5501883029937744 -0.4102113246917725
1.8066164255142212 -2.5296225547790527 -0.4226767122745514
1.7998622655868530 -2.5084905624389648 -0.4340503215789795
1.7929438352584839 -2.4868450164794922 -0.4443039894104004
1.7858784198760986 -2.4647393226623535 -0.4534122049808502
1.7786836624145508 -2.4422287940979004 -0.4613522887229919
1.7713772058486938 -2.4193692207336426 -0.4681045413017273
1.7639772891998291 -2.3962173461914062 -0.4736521244049072
1.7565026283264160 -2.3728308677673340 -0.4779813289642334
1.7489713430404663 -2.3492679595947266 -0.4810813069343567
1.7535463571548462 -2.3475542068481445 0.5139495134353638
1.7633509635925293 -2.3702652454376221 0.5108495354652405
1.7730818986892700 -2.3928062915802002 0.5065203309059143
1.7827153205871582 -2.4151213169097900 0.5009727478027344
1.7922271490097046 -2.4371545314788818 0.4942204952239990
1.8015940189361572 -2.4588518142700195 0.4862803816795349
1.8107919692993164 -2.4801583290100098 0.4771721959114075
1.8197988271713257 -2.5010216236114502 0.4669185280799866
1.8285919427871704 -2.5213901996612549 0.4555448889732361
1.8371491432189941 -2.5412120819091797 0.4430795311927795
1.8454494476318359 -2.5604395866394043 0.4295534491539001
1.8534725904464722 -2.5790240764617920 0.4150003492832184
1.8611980676651001 -2.5969192981719971 0.3994563221931458
1.8686065673828125 -2.6140809059143066 0.3829600214958191
1.8756804466247559 -2.6304662227630615 0.3655524849891663
1.8824012279510498 -2.6460347175598145 0.3472770154476166
1.8887528181076050 -2.6607470512390137 0.3281790018081665
1.8947191238403320 -2.6745679378509521 0.3083059191703796
1.9002856016159058 -2.6874616146087646 0.2877072393894196
1.9054378271102905 -2.6993968486785889 0.2664341032505035
1.9101634025573730 -2.7103433609008789 0.2445394247770309
1.9144507646560669 -2.7202744483947754 0.2220776528120041
1.9182891845703125 -2.7291653156280518 0.1991046220064163
1.9216686487197876 -2.7369937896728516 0.1756774336099625
1.9245810508728027 -2.7437403202056885 0.1518543511629105
1.9270193576812744 -2.7493884563446045 0.1276945769786835
1.9289773702621460 -2.7539238929748535 0.1032581925392151
1.9304499626159668 -2.7573351860046387 0.0786059573292732
1.9314337968826294 -2.7596142292022705 0.0537991523742676
1.9319264888763428 -2.7607553005218506 0.0288994517177343
1.9319264888763428 -2.7607553005218506 0.0039687603712082
1.9314337968826294 -2.7596142292022705 -0.0209309402853251
1.9304499626159668 -2.7573351860046387 -0.0457377471029758
1.9289773702621460 -2.7539238929748535 -0.0703899860382080
1.9270193576812744 -2.7493884563446045 -0.0948263555765152
1.9245810508728027 -2.7437403202056885 -0.1189861297607422
1.9216686487197876 -2.7369937896728516 -0.1428092122077942
1.9182891845703125 -2.7291653156280518 -0.1662364006042480
1.9144507646560669 -2.7202744483947754 -0.1892094463109970
1.9101634025573730 -2.7103433609008789 -0.2116712331771851
1.9054378271102905 -2.6993968486785889 -0.2335658967494965
1.9002856016159058 -2.6874616146087646 -0.2548390328884125
1.8947191238403320 -2.6745679378509521 -0.2754377424716949
1.8887528181076050 -2.6607470512390137 -0.2953107953071594
1.8824012279510498 -2.6460347175598145 -0.3144088387489319
1.8756804466247559 -2.6304662227630615 -0.3326843082904816
1.8686065673828125 -2.6140809059143066 -0.3500918447971344
1.8611980676651001 -2.5969192981719971 -0.3665881156921387
1.8534725904464722 -2.5790240764617920 -0.3821321427822113
1.8454494476318359 -2.5604395866394043 -0.3966852724552155
1.8371491432189941 -2.5412120819091797 -0.4102113246917725
1.8285919427871704 -2.5213901996612549 -0.4226767122745514
1.8197988271713257 -2.5010216236114502 -0.4340503215789795
1.8107919692993164 -2.4801583290100098 -0.4443039894104004
1.8015940189361572 -2.4588518142700195 -0.4534122049808502
1.7922271490097046 -2.4371545314788818 -0.4613522887229919
1.7827153205871582 -2.4151213169097900 -0.4681045413017273
1.7730818986892700 -2.3928062915802002 -0.4736521244049072
1.7633509635925293 -2.3702652454376221 -0.4779813289642334
1.7535463571548462 -2.3475542068481445 -0.4810813069343567
1.7579312324523926 -2.3453998565673828 0.5139495134353638
1.7699147462844849 -2.3670406341552734 0.5108495354652405
1.7818083763122559 -2.3885195255279541 0.5065203309059143
1.7935826778411865 -2.4097828865051270 0.5009727478027344
1.8052086830139160 -2.4307777881622314 0.4942204952239990
1.8166567087173462 -2.4514520168304443 0.4862803816795349
1.8278988599777222 -2.4717547893524170 0.4771721959114075
1.8389072418212891 -2.4916346073150635 0.4669185280799866
1.8496544361114502 -2.5110430717468262 0.4555448889732361
1.8601135015487671 -2.5299313068389893 0.4430795311927795
1.8702585697174072 -2.5482521057128906 0.4295534491539001
1.8800646066665649 -2.5659608840942383 0.4150003492832184
1.8895068168640137 -2.5830125808715820 0.3994563221931458
1.8985618352890015 -2.5993654727935791 0.3829600214958191
1.9072074890136719 -2.6149785518646240 0.3655524849891663
1.9154222011566162 -2.6298131942749023 0.3472770154476166
1.9231851100921631 -2.6438324451446533 0.3281790018081665
1.9304772615432739 -2.6570017337799072 0.3083059191703796
1.9372805356979370 -2.6692876815795898 0.2877072393894196
1.9435781240463257 -2.6806604862213135 0.2664341032505035
1.9493539333343506 -2.6910910606384277 0.2445394247770309
1.9545940160751343 -2.7005541324615479 0.2220776528120041
1.9592852592468262 -2.7090260982513428 0.1991046220064163
1.9634158611297607 -2.7164857387542725 0.1756774336099625
1.9669755697250366 -2.7229142189025879 0.1518543511629105
1.9699558019638062 -2.7282960414886475 0.1276945769786835
1.9723486900329590 -2.7326176166534424 0.1032581925392151
1.9741486310958862 -2.7358679771423340 0.0786059573292732
1.9753512144088745 -2.7380399703979492 0.0537991523742676
1.9759533405303955 -2.7391269207000732 0.0288994517177343
1.9759533405303955 -2.7391269207000732 0.0039687603712082
1.9753512144088745 -2.7380399703979492 -0.0209309402853251
1.9741486310958862 -2.7358679771423340 -0.0457377471029758
1.9723486900329590 -2.7326176166534424 -0.0703899860382080
1.9699558019638062 -2.7282960414886475 -0.0948263555765152
1.9669755697250366 -2.7229142189025879 -0.1189861297607422
1.9634158611297607 -2.7164857387542725 -0.1428092122077942
1.9592852592468262 -2.7090260982513428 -0.1662364006042480
1.9545940160751343 -2.7005541324615479 -0.1892094463109970
1.9493539333343506 -2.6910910606384277 -0.2116712331771851
1.9435781240463257 -2.6806604862213135 -0.2335658967494965
1.9372805356979370 -2.6692876815795898 -0.2548390328884125
1.9304772615432739 -2.6570017337799072 -0.2754377424716949
1.9231851100921631 -2.6438324451446533 -0.2953107953071594
1.9154222011566162 -2.6298131942749023 -0.3144088387489319
1.9072074890136719 -2.6149785518646240 -0.3326843082904816
1.8985618352890015 -2.5993654727935791 -0.3500918447971344
1.8895068168640137 -2.5830125808715820 -0.3665881156921387
1.8800646066665649 -2.5659608840942383 -0.3821321427822113
1.8702585697174072 -2.5482521057128906 -0.3966852724552155
1.8601135015487671 -2.5299313068389893 -0.4102113246917725
1.8496544361114502 -2.5110430717468262 -0.4226767122745514
1.8389072418212891 -2.4916346073150635 -0.4340503215789795
1.8278988599777222 -2.4717547893524170 -0.4443039894104004
1.8166567087173462 -2.4514520168304443 -0.4534122049808502
1.8052086830139160 -2.4307777881622314 -0.4613522887229919
1.7935826778411865 -2.4097828865051270 -0.4681045413017273
1.7818083763122559 -2.3885195255279541 -0.4736521244049072
1.7699147462844849 -2.3670406341552734 -0.4779813289642334
1.7579312324523926 -2.3453998565673828 -0.4810813069343567
1.7620840072631836 -2.3428263664245605 0.5139495134353638
1.7761309146881104 -2.3631882667541504 0.5108495354652405
1.7900726795196533 -2.3833980560302734 0.5065203309059143
1.8038744926452637 -2.4034047126770020 0.5009727478027344
1.8175020217895508 -2.4231591224670410 0.4942204952239990
1.8309216499328613 -2.4426119327545166 0.4862803816795349
1.8440996408462524 -2.4617147445678711 0.4771721959114075
1.8570038080215454 -2.4804201126098633 0.4669185280799866
1.8696013689041138 -2.4986815452575684 0.4555448889732361
1.8818614482879639 -2.5164535045623779 0.4430795311927795
1.8937534093856812 -2.5336918830871582 0.4295534491539001
1.9052479267120361 -2.5503540039062500 0.4150003492832184
1.9163160324096680 -2.5663981437683105 0.3994563221931458
1.9269306659698486 -2.5817847251892090 0.3829600214958191
1.9370646476745605 -2.5964751243591309 0.3655524849891663
1.9466936588287354 -2.6104333400726318 0.3472770154476166
1.9557936191558838 -2.6236240863800049 0.3281790018081665
1.9643415212631226 -2.6360151767730713 0.3083059191703796
1.9723161458969116 -2.6475751399993896 0.2877072393894196
1.9796978235244751 -2.6582758426666260 0.2664341032505035
1.9864685535430908 -2.6680903434753418 0.2445394247770309
1.9926109313964844 -2.6769940853118896 0.2220776528120041
1.9981099367141724 -2.6849653720855713 0.1991046220064163
2.0029518604278564 -2.6919839382171631 0.1756774336099625
2.0071246623992920 -2.6980328559875488 0.1518543511629105
2.0106177330017090 -2.7030966281890869 0.1276945769786835
2.0134229660034180 -2.7071628570556641 0.1032581925392151
2.0155329704284668 -2.7102215290069580 0.0786059573292732
2.0169427394866943 -2.7122647762298584 0.0537991523742676
2.0176482200622559 -2.7132878303527832 0.0288994517177343
2.0176482200622559 -2.7132878303527832 0.0039687603712082
2.0169427394866943 -2.7122647762298584 -0.0209309402853251
2.0155329704284668 -2.7102215290069580 -0.0457377471029758
2.0134229660034180 -2.7071628570556641 -0.0703899860382080
2.0106177330017090 -2.7030966281890869 -0.0948263555765152
2.0071246623992920 -2.6980328559875488 -0.1189861297607422
2.0029518604278564 -2.6919839382171631 -0.1428092122077942
1.9981099367141724 -2.6849653720855713 -0.1662364006042480
1.9926109313964844 -2.6769940853118896 -0.1892094463109970
1.9864685535430908 -2.6680903434753418 -0.2116712331771851
1.9796978235244751 -2.6582758426666260 -0.2335658967494965
1.9723161458969116 -2.6475751399993896 -0.2548390328884125
1.9643415212631226 -2.6360151767730713 -0.2754377424716949
1.9557936191558838 -2.6236240863800049 -0.2953107953071594
1.9466936588287354 -2.6104333400726318 -0.3144088387489319
1.9370646476745605 -2.5964751243591309 -0.3326843082904816
1.9269306659698486 -2.5817847251892090 -0.3500918447971344
1.9163160324096680 -2.5663981437683105 -0.3665881156921387
1.9052479267120361 -2.5503540039062500 -0.3821321427822113
1.8937534093856812 -2.5336918830871582 -0.3966852724552155
1.8818614482879639 -2.5164535045623779 -0.4102113246917725
1.8696013689041138 -2.4986815452575684 -0.4226767122745514
1.8570038080215454 -2.4804201126098633 -0.4340503215789795
1.8440996408462524 -2.4617147445678711 -0.4443039894104004
1.8309216499328613 -2.4426119327545166 -0.4534122049808502
1.8175020217895508 -2.4231591224670410 -0.4613522887229919
1.8038744926452637 -2.4034047126770020 -0.4681045413017273
1.7900726795196533 -2.3833980560302734 -0.4736521244049072
1.7761309146881104 -2.3631882667541504 -0.4779813289642334
1.7620840072631836 -2.3428263664245605 -0.4810813069343567
1.7659648656845093 -2.3398580551147461 0.5139495134353638
1.7819397449493408 -2.3587453365325928 0.5108495354652405
1.7977950572967529 -2.3774909973144531 0.5065203309059143
1.8134914636611938 -2.3960487842559814 0.5009727478027344
1.8289897441864014 -2.4143722057342529 0.4942204952239990
1.8442512750625610 -2.4324159622192383 0.4862803816795349
1.8592385053634644 -2.4501352310180664 0.4771721959114075
1.8739137649536133 -2.4674854278564453 0.4669185280799866
1.8882406949996948 -2.4844241142272949 0.4555448889732361
1.9021837711334229 -2.5009088516235352 0.4430795311927795
1.9157081842422485 -2.5168986320495605 0.4295534491539001
1.9287801980972290 -2.5323538780212402 0.4150003492832184
1.9413677453994751 -2.5472359657287598 0.3994563221931458
1.9534392356872559 -2.5615079402923584 0.3829600214958191
1.9649646282196045 -2.5751345157623291 0.3655524849891663
1.9759155511856079 -2.5880815982818604 0.3472770154476166
1.9862643480300903 -2.6003170013427734 0.3281790018081665
1.9959856271743774 -2.6118104457855225 0.3083059191703796
2.0050551891326904 -2.6225333213806152 0.2877072393894196
2.0134501457214355 -2.6324586868286133 0.2664341032505035
2.0211501121520996 -2.6415622234344482 0.2445394247770309
2.0281360149383545 -2.6498215198516846 0.2220776528120041
2.0343892574310303 -2.6572148799896240 0.1991046220064163
2.0398960113525391 -2.6637253761291504 0.1756774336099625
2.0446414947509766 -2.6693360805511475 0.1518543511629105
2.0486145019531250 -2.6740331649780273 0.1276945769786835
2.0518045425415039 -2.6778047084808350 0.1032581925392151
2.0542042255401611 -2.6806416511535645 0.0786059573292732
2.0558071136474609 -2.6825370788574219 0.0537991523742676
2.0566096305847168 -2.6834859848022461 0.0288994517177343
2.0566096305847168 -2.6834859848022461 0.0039687603712082
2.0558071136474609 -2.6825370788574219 -0.0209309402853251
2.0542042255401611 -2.6806416511535645 -0.0457377471029758
2.0518045425415039 -2.6778047084808350 -0.0703899860382080
2.0486145019531250 -2.6740331649780273 -0.0948263555765152
2.0446414947509766 -2.6693360805511475 -0.1189861297607422
2.0398960113525391 -2.6637253761291504 -0.1428092122077942
2.0343892574310303 -2.6572148799896240 -0.1662364006042480
2.0281360149383545 -2.6498215198516846 -0.1892094463109970
2.0211501121520996 -2.6415622234344482 -0.2116712331771851
2.0134501457214355 -2.6324586868286133 -0.2335658967494965
2.0050551891326904 -2.6225333213806152 -0.2548390328884125
1.9959856271743774 -2.6118104457855225 -0.2754377424716949
1.9862643480300903 -2.6003170013427734 -0.2953107953071594
1.9759155511856079 -2.5880815982818604 -0.3144088387489319
1.9649646282196045 -2.5751345157623291 -0.3326843082904816
1.9534392356872559 -2.5615079402923584 -0.3500918447971344
1.9413677453994751 -2.5472359657287598 -0.3665881156921387
1.9287801980972290 -2.5323538780212402 -0.3821321427822113
1.9157081842422485 -2.5168986320495605 -0.3966852724552155
1.9021837711334229 -2.5009088516235352 -0.4102113246917725
1.8882406949996948 -2.4844241142272949 -0.4226767122745514
1.8739137649536133 -2.4674854278564453 -0.4340503215789795
1.8592385053634644 -2.4501352310180664 -0.4443039894104004
1.8442512750625610 -2.4324159622192383 -0.4534122049808502
1.8289897441864014 -2.4143722057342529 -0.4613522887229919
1.8134914636611938 -2.3960487842559814 -0.4681045413017273
1.7977950572967529 -2.3774909973144531 -0.4736521244049072
1.7819397449493408 -2.3587453365325928 -0.4779813289642334
1.7659648656845093 -2.3398580551147461 -0.4810813069343567
3 0 1 2
3 1 0 3
3 4 1 3
3 5 1 4
3 6 1 5
3 7 1 6
3 8 1 7
3 9 1 8
3 10 1 9
3 11 1 10
3 12 1 11
3 13 1 12
3 14 1 13
3 15 1 14
3 16 1 15
3 17 1 16
3 18 1 17
3 19 1 18
3 20 1 19
3 21 1 20
3 22 1 21
3 23 1 22
3 24 1 23
3 25 1 24
3 26 1 25
3 27 1 26
3 28 1 27
3 29 1 28
3 30 1 29
3 31 1 30
3 32 1 31
3 33 1 32
3 34 1 33
3 35 1 34
3 36 1 35
3 37 1 36
3 38 1 37
3 39 1 38
3 40 1 39
3 41 1 40
3 42 1 41
3 43 1 42
3 44 1 43
3 45 1 44
3 46 1 45
3 47 1 46
3 48 1 47
3 49 1 48
3 50 1 49
3 51 1 50
3 52 1 51
3 53 1 52
3 54 1 53
3 55 1 54
3 56 1 55
3 57 1 56
3 58 1 57
3 59 1 58
3 60 1 59
3 61 1 60
3 62 1 61
3 63 1 62
3 64 1 63
3 2 1 64
3 65 66 67
3 67 66 68
3 68 66 69
3 69 66 70
3 70 66 71
3 71 66 72
3 72 66 73
3 73 66 74
3 74 66 75
3 75 66 76
3 76 66 77
3 77 66 78
3 78 66 79
3 79 66 80
3 80 66 81
3 81 66 82
3 82 66 83
3 83 66 84
3 84 66 85
3 85 66 86
3 86 66 87
3 87 66 88
3 88 66 89
3 89 66 90
3 90 66 91
3 91 66 92
3 92 66 93
3 93 66 94
3 94 66 95
3 95 66 96
3 96 66 97
3 97 66 98
3 98 66 99
3 99 66 100
3 100 66 101
3 101 66 102
3 102 66 103
3 103 66 104
3 104 66 105
3 105 66 106
3 106 66 107
3 107 66 108
3 108 66 109
3 109 66 110
3 110 66 111
3 111 66 112
3 112 66 113
3 113 66 114
3 114 66 115
3 115 66 116
3 116 66 117
3 117 66 118
3 118 66 119
3 119 66 120
3 120 66 121
3 121 66 122
3 122 66 123
3 123 66 124
3 124 66 125
3 125 66 126
3 126 66 127
3 127 66 128
3 128 66 129
3 129 66 65
3 2 130 131
3 131 0 2
3 130 132 133
3 130 133 131
3 132 134 135
3 132 135 133
3 134 136 137
3 134 137 135
3 136 138 139
3 136 139 137
3 138 140 141
3 138 141 139
3 140 142 143
3 140 143 141
3 142 144 145
3 142 145 143
3 144 146 147
3 144 147 145
3 146 148 149
3 146 149 147
3 148 150 151
3 148 151 149
3 150 152 153
3 150 153 151
3 152 154 155
3 152 155 153
3 154 156 157
3 154 157 155
3 156 158 159
3 156 159 157
3 158 160 161
3 158 161 159
3 160 162 163
3 160 163 161
3 162 164 165
3 162 165 163
3 164 166 167
3 164 167 165
3 166 168 169
3 166 169 167
3 168 170 171
3 168 171 169
3 170 172 173
3 170 173 171
3 172 174 175
3 172 175 173
3 174 176 177
3 174 177 175
3 176 178 179
3 176 179 177
3 178 180 181
3 178 181 179
3 180 182 183
3 180 183 181
3 182 184 185
3 182 185 183
3 184 186 187
3 184 187 185
3 186 188 189
3 186 189 187
3 188 190 191
3 188 191 189
3 190 192 193
3 190 193 191
3 192 194 195
3 192 195 193
3 194 196 197
3 194 197 195
3 196 198 199
3 196 199 197
3 198 200 201
3 198 201 199
3 200 202 203
3 200 203 201
3 202 204 205
3 202 205 203
3 204 206 207
3 204 207 205
3 206 208 209
3 206 209 207
3 208 210 211
3 208 211 209
3 210 212 213
3 210 213 211
3 212 214 215
3 212 215 213
3 214 216 217
3 214 217 215
3 216 218 219
3 216 219 217
3 218 220 221
3 218 221 219
3 220 222 223
3 220 223 221
3 222 224 225
3 222 225 223
3 224 226 227
3 224 227 225
3 226 228 229
3 226 229 227
3 228 230 231
3 228 231 229
3 230 232 233
3 230 233 231
3 232 234 235
3 232 235 233
3 234 236 237
3 234 237 235
3 236 238 239
3 236 239 237
3 238 240 241
3 238 241 239
3 240 242 243
3 240 243 241
3 242 244 245
3 242 245 243
3 244 246 247
3 244 247 245
3 246 248 249
3 246 249 247
3 248 65 67
3 248 67 249
3 0 131 250
3 0 250 3
3 131 133 251
3 131 251 250
3 133 135 252
3 133 252 251
3 135 137 253
3 135 253 252
3 137 139 254
3 137 254 253
3 139 141 255
3 139 255 254
3 141 143 256
3 141 256 255
3 143 145 257
3 143 257 256
3 145 147 258
3 145 258 257
3 147 149 259
3 147 259 258
3 149 151 260
3 149 260 259
3 151 153 261
3 151 261 260
3 153 155 262
3 153 262 261
3 155 157 263
3 155 263 262
3 157 159 264
3 157 264 263
3 159 161 265
3 159 265 264
3 161 163 266
3 161 266 265
3 163 165 267
3 163 267 266
3 165 167 268
3 165 268 267
3 167 169 269
3 167 269 268
3 169 171 270
3 169 270 269
3 171 173 271
3 171 271 270
3 173 175 272
3 173 272 271
3 175 177 273
3 175 273 272
3 177 179 274
3 177 274 273
3 179 181 275
3 179 275 274
3 181 183 276
3 181 276 275
3 183 185 277
3 183 277 276
3 185 187 278
3 185 278 277
3 187 189 279
3 187 279 278
3 189 191 280
3 189 280 279
3 191 193 281
3 191 281 280
3 193 195 282
3 193 282 281
3 195 197 283
3 195 283 282
3 197 199 284
3 197 284 283
3 199 201 285
3 199 285 284
3 201 203 286
3 201 286 285
3 203 205 287
3 203 287 286
3 205 207 288
3 205 288 287
3 207 209 289
3 207 289 288
3 209 211 290
3 209 290 289
3 211 213 291
3 211 291 290
3 213 215 292
3 213 292 291
3 215 217 293
3 215 293 292
3 217 219 294
3 217 294 293
3 219 221 295
3 219 295 294
3 221 223 296
3 221 296 295
3 223 225 297
3 223 297 296
3 225 227 298
3 225 298 297
3 227 229 299
3 227 299 298
3 229 231 300
3 229 300 299
3 231 233 301
3 231 301 300
3 233 235 302
3 233 302 301
3 235 237 303
3 235 303 302
3 237 239 304
3 237 304 303
3 239 241 305
3 239 305 304
3 241 243 306
3 241 306 305
3 243 245 307
3 243 307 306
3 245 247 308
3 245 308 307
3 247 249 309
3 247 309 308
3 249 67 68
3 249 68 309
3 3 250 310
3 3 310 4
3 250 251 311
3 250 311 310
3 251 252 312
3 251 312 311
3 252 253 313
3 252 313 312
3 253 254 314
3 253 314 313
3 254 255 315
3 254 315 314
3 255 256 316
3 255 316 315
3 256 257 317
3 256 317 316
3 257 258 318
3 257 318 317
3 258 259 319
3 258 319 318
3 259 260 320
3 259 320 319
3 260 261 321
3 260 321 320
3 261 262 322
3 261 322 321
3 262 263 323
3 262 323 322
3 263 264 324
3 263 324 323
3 264 265 325
3 264 325 324
3 265 266 326
3 265 326 325
3 266 267 327
3 266 327 326
3 267 268 328
3 267 328 327
3 268 269 329
3 268 329 328
3 269 270 330
3 269 330 329
3 270 271 331
3 270 331 330
3 271 272 332
3 271 332 331
3 272 273 333
3 272 333 332
3 273 274 334
3 273 334 333
3 274 275 335
3 274 335 334
3 275 276 336
3 275 336 335
3 276 277 337
3 276 337 336
3 277 278 338
3 277 338 337
3 278 279 339
3 278 339 338
3 279 280 340
3 279 340 339
3 280 281 341
3 280 341 340
3 281 282 342
3 281 342 341
3 282 283 343
3 282 343 342
3 283 284 344
3 283 344 343
3 284 285 345
3 284 345 344
3 285 286 346
3 285 346 345
3 286 287 347
3 286 347 346
3 287 288 348
3 287 348 347
3 288 289 349
3 288 349 348
3 289 290 350
3 289 350 349
3 290 291 351
3 290 351 350
3 291 292 352
3 291 352 351
3 292 293 353
3 292 353 352
3 293 294 354
3 293 354 353
3 294 295 355
3 294 355 354
3 295 296 356
3 295 356 355
3 296 297 357
3 296 357 356
3 297 298 358
3 297 358 357
3 298 299 359
3 298 359 358
3 299 300 360
3 299 360 359
3 300 301 361
3 300 361 360
3 301 302 362
3 301 362 361
3 302 303 363
3 302 363 362
3 303 304 364
3 303 364 363
3 304 305 365
3 304 365 364
3 305 306 366
3 305 366 365
3 306 307 367
3 306 367 366
3 307 308 368
3 307 368 367
3 308 309 369
3 308 369 368
3 309 68 69
3 309 69 369
3 4 310 370
3 4 370 5
3 310 311 371
3 310 371 370
3 311 312 372
3 311 372 371
3 312 313 373
3 312 373 372
3 313 314 374
3 313 374 373
3 314 315 375
3 314 375 374
3 315 316 376
3 315 376 375
3 316 317 377
3 316 377 376
3 317 318 378
3 317 378 377
3 318 319 379
3 318 379 378
3 319 320 380
3 319 380 379
3 320 321 381
3 320 381 380
3 321 322 382
3 321 382 381
3 322 323 383
3 322 383 382
3 323 324 384
3 323 384 383
3 324 325 385
3 324 385 384
3 325 326 386
3 325 386 385
3 326 327 387
3 326 387 386
3 327 328 388
3 327 388 387
3 328 329 389
3 328 389 388
3 329 330 390
3 329 390 389
3 330 331 391
3 330 391 390
3 331 332 392
3 331 392 391
3 332 333 393
3 332 393 392
3 333 334 394
3 333 394 393
3 334 335 395
3 334 395 394
3 335 336 396
3 335 396 395
3 336 337 397
3 336 397 396
3 337 338 398
3 337 398 397
3 338 339 399
3 338 399 398
3 339 340 400
3 339 400 399
3 340 341 401
3 340 401 400
3 341 342 402
3 341 402 401
3 342 343 403
3 342 403 402
3 343 344 404
3 343 404 403
3 344 345 405
3 344 405 404
3 345 346 406
3 345 406 405
3 346 347 407
3 346 407 406
3 347 348 408
3 347 408 407
3 348 349 409
3 348 409 408
3 349 350 410
3 349 410 409
3 350 351 411
3 350 411 410
3 351 352 412
3 351 412 411
3 352 353 413
3 352 413 412
3 353 354 414
3 353 414 413
3 354 355 415
3 354 415 414
3 355 356 416
3 355 416 415
3 356 357 417
3 356 417 416
3 357 358 418
3 357 418 417
3 358 359 419
3 358 419 418
3 359 360 420
3 359 420 419
3 360 361 421
3 360 421 420
3 361 362 422
3 361 422 421
3 362 363 423
3 362 423 422
3 363 364 424
3 363 424 423
3 364 365 425
3 364 425 424
3 365 366 426
3 365 426 425
3 366 367 427
3 366 427 426
3 367 368 428
3 367 428 427
3 368 369 429
3 368 429 428
3 369 69 70
3 369 70 429
3 5 370 430
3 5 430 6
3 370 371 431
3 370 431 430
3 371 372 432
3 371 432 431
3 372 373 433
3 372 433 432
3 373 374 434
3 373 434 433
3 374 375 435
3 374 435 434
3 375 376 436
3 375 436 435
3 376 377 437
3 376 437 436
3 377 378 438
3 377 438 437
3 378 379 439
3 378 439 438
3 379 380 440
3 379 440 439
3 380 381 441
3 380 441 440
3 381 382 442
3 381 442 441
3 382 383 443
3 382 443 442
3 383 384 444
3 383 444 443
3 384 385 445
3 384 445 444
3 385 386 446
3 385 446 445
3 386 387 447
3 386 447 446
3 387 388 448
3 387 448 447
3 388 389 449
3 388 449 448
3 389 390 450
3 389 450 449
3 390 391 451
3 390 451 450
3 391 392 452
3 391 452 451
3 392 393 453
3 392 453 452
3 393 394 454
3 393 454 453
3 394 395 455
3 394 455 454
3 395 396 456
3 395 456 455
3 396 397 457
3 396 457 456
3 397 398 458
3 397 458 457
3 398 399 459
3 398 459 458
3 399 400 460
3 399 460 459
3 400 401 461
3 400 461 460
3 401 402 462
3 401 462 461
3 402 403 463
3 402 463 462
3 403 404 464
3 403 464 463
3 404 405 465
3 404 465 464
3 405 406 466
3 405 466 465
3 406 407 467
3 406 467 466
3 407 408 468
3 407 468 467
3 408 409 469
3 408 469 468
3 409 410 470
3 409 470 469
3 410 411 471
3 410 471 470
3 411 412 472
3 411 472 471
3 412 413 473
3 412 473 472
3 413 414 474
3 413 474 473
3 414 415 475
3 414 475 474
3 415 416 476
3 415 476 475
3 416 417 477
3 416 477 476
3 417 418 478
3 417 478 477
3 418 419 479
3 418 479 478
3 419 420 480
3 419 480 479
3 420 421 481
3 420 481 480
3 421 422 482
3 421 482 481
3 422 423 483
3 422 483 482
3 423 424 484
3 423 484 483
3 424 425 485
3 424 485 484
3 425 426 486
3 425 486 485
3 426 427 487
3 426 487 486
3 427 428 488
3 427 488 487
3 428 429 489
3 428 489 488
3 429 70 71
3 429 71 489
3 6 430 490
3 6 490 7
3 430 431 491
3 430 491 490
3 431 432 492
3 431 492 491
3 432 433 493
3 432 493 492
3 433 434 494
3 433 494 493
3 434 435 495
3 434 495 494
3 435 436 496
3 435 496 495
3 436 437 497
3 436 497 496
3 437 438 498
3 437 498 497
3 438 439 499
3 438 499 498
3 439 440 500
3 439 500 499
3 440 441 501
3 440 501 500
3 441 442 502
3 441 502 501
3 442 443 503
3 442 503 502
3 443 444 504
3 443 504 503
3 444 445 505
3 444 505 504
3 445 446 506
3 445 506 505
3 446 447 507
3 446 507 506
3 447 448 508
3 447 508 507
3 448 449 509
3 448 509 508
3 449 450 510
3 449 510 509
3 450 451 511
3 450 511 510
3 451 452 512
3 451 512 511
3 452 453 513
3 452 513 512
3 453 454 514
3 453 514 513
3 454 455 515
3 454 515 514
3 455 456 516
3 455 516 515
3 456 457 517
3 456 517 516
3 457 458 518
3 457 518 517
3 458 459 519
3 458 519 518
3 459 460 520
3 459 520 519
3 460 461 521
3 460 521 520
3 461 462 522
3 461 522 521
3 462 463 523
3 462 523 522
3 463 464 524
3 463 524 523
3 464 465 525
3 464 525 524
3 465 466 526
3 465 526 525
3 466 467 527
3 466 527 526
3 467 468 528
3 467 528 527
3 468 469 529
3 468 529 528
3 469 470 530
3 469 530 529
3 470 471 531
3 470 531 530
3 471 472 532
3 471 532 531
3 472 473 533
3 472 533 532
3 473 474 534
3 473 534 533
3 474 475 535
3 474 535 534
3 475 476 536
3 475 536 535
3 476 477 537
3 476 537 536
3 477 478 538
3 477 538 537
3 478 479 539
3 478 539 538
3 479 480 540
3 479 540 539
3 480 481 541
3 480 541 540
3 481 482 542
3 481 542 541
3 482 483 543
3 482 543 542
3 483 484 544
3 483 544 543
3 484 485 545
3 484 545 544
3 485 486 546
3 485 546 545
3 486 487 547
3 486 547 546
3 487 488 548
3 487 548 547
3 488 489 549
3 488 549 548
3 489 71 72
3 489 72 549
3 7 490 550
3 7 550 8
3 490 491 551
3 490 551 550
3 491 492 552
3 491 552 551
3 492 493 553
3 492 553 552
3 493 494 554
3 493 554 553
3 494 495 555
3 494 555 554
3 495 496 556
3 495 556 555
3 496 497 557
3 496 557 556
3 497 498 558
3 497 558 557
3 498 499 559
3 498 559 558
3 499 500 560
3 499 560 559
3 500 501 561
3 500 561 560
3 501 502 562
3 501 562 561
3 502 503 563
3 502 563 562
3 503 504 564
3 503 564 563
3 504 505 565
3 504 565 564
3 505 506 566
3 505 566 565
3 506 507 567
3 506 567 566
3 507 508 568
3 507 568 567
3 508 509 569
3 508 569 568
3 509 510 570
3 509 570 569
3 510 511 571
3 510 571 570
3 511 512 572
3 511 572 571
3 512 513 573
3 512 573 572
3 513 514 574
3 513 574 573
3 514 515 575
3 514 575 574
3 515 516 576
3 515 576 575
3 516 517 577
3 516 577 576
3 517 518 578
3 517 578 577
3 518 519 579
3 518 579 578
3 519 520 580
3 519 580 579
3 520 521 581
3 520 581 580
3 521 522 582
3 521 582 581
3 522 523 583
3 522 583 582
3 523 524 584
3 523 584 583
3 524 525 585
3 524 585 584
3 525 526 586
3 525 586 585
3 526 527 587
3 526 587 586
3 527 528 588
3 527 588 587
3 528 529 589
3 528 589 588
3 529 530 590
3 529 590 589
3 530 531 591
3 530 591 590
3 531 532 592
3 531 592 591
3 532 533 593
3 532 593 592
3 533 534 594
3 533 594 593
3 534 535 595
3 534 595 594
3 535 536 596
3 535 596 595
3 536 537 597
3 536 597 596
3 537 538 598
3 537 598 597
3 538 539 599
3 538 599 598
3 539 540 600
3 539 600 599
3 540 541 601
3 540 601 600
3 541 542 602
3 541 602 601
3 542 543 603
3 542 603 602
3 543 544 604
3 543 604 603
3 544 545 605
3 544 605 604
3 545 546 606
3 545 606 605
3 546 547 607
3 546 607 606
3 547 548 608
3 547 608 607
3 548 549 609
3 548 609 608
3 549 72 73
3 549 73 609
3 8 550 610
3 8 610 9
3 550 551 611
3 550 611 610
3 551 552 612
3 551 612 611
3 552 553 613
3 552 613 612
3 553 554 614
3 553 614 613
3 554 555 615
3 554 615 614
3 555 556 616
3 555 616 615
3 556 557 617
3 556 617 616
3 557 558 618
3 557 618 617
3 558 559 619
3 558 619 618
3 559 560 620
3 559 620 619
3 560 561 621
3 560 621 620
3 561 562 622
3 561 622 621
3 562 563 623
3 562 623 622
3 563 564 624
3 563 624 623
3 564 565 625
3 564 625 624
3 565 566 626
3 565 626 625
3 566 567 627
3 566 627 626
3 567 568 628
3 567 628 627
3 568 569 629
3 568 629 628
3 569 570 630
3 569 630 629
3 570 571 631
3 570 631 630
3 571 572 632
3 571 632 631
3 572 573 633
3 572 633 632
3 573 574 634
3 573 634 633
3 574 575 635
3 574 635 634
3 575 576 636
3 575 636 635
3 576 577 637
3 576 637 636
3 577 578 638
3 577 638 637
3 578 579 639
3 578 639 638
3 579 580 640
3 579 640 639
3 580 581 641
3 580 641 640
3 581 582 642
3 581 642 641
3 582 583 643
3 582 643 642
3 583 584 644
3 583 644 643
3 584 585 645
3 584 645 644
3 585 586 646
3 585 646 645
3 586 587 647
3 586 647 646
3 587 588 648
3 587 648 647
3 588 589 649
3 588 649 648
3 589 590 650
3 589 650 649
3 590 591 651
3 590 651 650
3 591 592 652
3 591 652 651
3 592 593 653
3 592 653 652
3 593 594 654
3 593 654 653
3 594 595 655
3 594 655 654
3 595 596 656
3 595 656 655
3 596 597 657
3 596 657 656
3 597 598 658
3 597 658 657
3 598 599 659
3 598 659 658
3 599 600 660
3 599 660 659
3 600 601 661
3 600 661 660
3 601 602 662
3 601 662 661
3 602 603 663
3 602 663 662
3 603 604 664
3 603 664 663
3 604 605 665
3 604 665 664
3 605 606 666
3 605 666 665
3 606 607 667
3 606 667 666
3 607 608 668
3 607 668 667
3 608 609 669
3 608 669 668
3 609 73 74
3 609 74 669
3 9 610 670
3 9 670 10
3 610 611 671
3 610 671 670
3 611 612 672
3 611 672 671
3 612 613 673
3 612 673 672
3 613 614 674
3 613 674 673
3 614 615 675
3 614 675 674
3 615 616 676
3 615 676 675
3 616 617 677
3 616 677 676
3 617 618 678
3 617 678 677
3 618 619 679
3 618 679 678
3 619 620 680
3 619 680 679
3 620 621 681
3 620 681 680
3 621 622 682
3 621 682 681
3 622 623 683
3 622 683 682
3 623 624 684
3 623 684 683
3 624 625 685
3 624 685 684
3 625 626 686
3 625 686 685
3 626 627 687
3 626 687 686
3 627 628 688
3 627 688 687
3 628 629 689
3 628 689 688
3 629 630 690
3 629 690 689
3 630 631 691
3 630 691 690
3 631 632 692
3 631 692 691
3 632 633 693
3 632 693 692
3 633 634 694
3 633 694 693
3 634 635 695
3 634 695 694
3 635 636 696
3 635 696 695
3 636 637 697
3 636 697 696
3 637 638 698
3 637 698 697
3 638 639 699
3 638 699 698
3 639 640 700
3 639 700 699
3 640 641 701
3 640 701 700
3 641 642 702
3 641 702 701
3 642 643 703
3 642 703 702
3 643 644 704
3 643 704 703
3 644 645 705
3 644 705 704
3 645 646 706
3 645 706 705
3 646 647 707
3 646 707 706
3 647 648 708
3 647 708 707
3 648 649 709
3 648 709 708
3 649 650 710
3 649 710 709
3 650 651 711
3 650 711 710
3 651 652 712
3 651 712 711
3 652 653 713
3 652 713 712
3 653 654 714
3 653 714 713
3 654 655 715
3 654 715 714
3 655 656 716
3 655 716 715
3 656 657 717
3 656 717 716
3 657 658 718
3 657 718 717
3 658 659 719
3 658 719 718
3 659 660 720
3 659 720 719
3 660 661 721
3 660 721 720
3 661 662 722
3 661 722 721
3 662 663 723
3 662 723 722
3 663 664 724
3 663 724 723
3 664 665 725
3 664 725 724
3 665 666 726
3 665 726 725
3 666 667 727
3 666 727 726
3 667 668 728
3 667 728 727
3 668 669 729
3 668 729 728
3 669 74 75
3 669 75 729
3 10 670 730
3 10 730 11
3 670 671 731
3 670 731 730
3 671 672 732
3 671 732 731
3 672 673 733
3 672 733 732
3 673 674 734
3 673 734 733
3 674 675 735
3 674 735 734
3 675 676 736
3 675 736 735
3 676 677 737
3 676 737 736
3 677 678 738
3 677 738 737
3 678 679 739
3 678 739 738
3 679 680 740
3 679 740 739
3 680 681 741
3 680 741 740
3 681 682 742
3 681 742 741
3 682 683 743
3 682 743 742
3 683 684 744
3 683 744 743
3 684 685 745
3 684 745 744
3 685 686 746
3 685 746 745
3 686 687 747
3 686 747 746
3 687 688 748
3 687 748 747
3 688 689 749
3 688 749 748
3 689 690 750
3 689 750 749
3 690 691 751
3 690 751 750
3 691 692 752
3 691 752 751
3 692 693 753
3 692 753 752
3 693 694 754
3 693 754 753
3 694 695 755
3 694 755 754
3 695 696 756
3 695 756 755
3 696 697 757
3 696 757 756
3 697 698 758
3 697 758 757
3 698 699 759
3 698 759 758
3 699 700 760
3 699 760 759
3 700 701 761
3 700 761 760
3 701 702 762
3 701 762 761
3 702 703 763
3 702 763 762
3 703 704 764
3 703 764 763
3 704 705 765
3 704 765 764
3 705 706 766
3 705 766 765
3 706 707 767
3 706 767 766
3 707 708 768
3 707 768 767
3 708 709 769
3 708 769 768
3 709 710 770
3 709 770 769
3 710 711 771
3 710 771 770
3 711 712 772
3 711 772 771
3 712 713 773
3 712 773 772
3 713 714 774
3 713 774 773
3 714 715 775
3 714 775 774
3 715 716 776
3 715 776 775
3 716 717 777
3 716 777 776
3 717 718 778
3 717 778 777
3 718 719 779
3 718 779 778
3 719 720 780
3 719 780 779
3 720 721 781
3 720 781 780
3 721 722 782
3 721 782 781
3 722 723 783
3 722 783 782
3 723 724 784
3 723 784 783
3 724 725 785
3 724 785 784
3 725 726 786
3 725 786 785
3 726 727 787
3 726 787 786
3 727 728 788
3 727 788 787
3 728 729 789
3 728 789 788
3 729 75 76
3 729 76 789
3 11 730 790
3 11 790 12
3 730 731 791
3 730 791 790
3 731 732 792
3 731 792 791
3 732 733 793
3 732 793 792
3 733 734 794
3 733 794 793
3 734 735 795
3 734 795 794
3 735 736 796
3 735 796 795
3 736 737 797
3 736 797 796
3 737 738 798
3 737 798 797
3 738 739 799
3 738 799 798
3 739 740 800
3 739 800 799
3 740 741 801
3 740 801 800
3 741 742 802
3 741 802 801
3 742 743 803
3 742 803 802
3 743 744 804
3 743 804 803
3 744 745 805
3 744 805 804
3 745 746 806
3 745 806 805
3 746 747 807
3 746 807 806
3 747 748 808
3 747 808 807
3 748 749 809
3 748 809 808
3 749 750 810
3 749 810 809
3 750 751 811
3 750 811 810
3 751 752 812
3 751 812 811
3 752 753 813
3 752 813 812
3 753 754 814
3 753 814 813
3 754 755 815
3 754 815 814
3 755 756 816
3 755 816 815
3 756 757 817
3 756 817 816
3 757 758 818
3 757 818 817
3 758 759 819
3 758 819 818
3 759 760 820
3 759 820 819
3 760 761 821
3 760 821 820
3 761 762 822
3 761 822 821
3 762 763 823
3 762 823 822
3 763 764 824
3 763 824 823
3 764 765 825
3 764 825 824
3 765 766 826
3 765 826 825
3 766 767 827
3 766 827 826
3 767 768 828
3 767 828 827
3 768 769 829
3 768 829 828
3 769 770 830
3 769 830 829
3 770 771 831
3 770 831 830
3 771 772 832
3 771 832 831
3 772 773 833
3 772 833 832
3 773 774 834
3 773 834 833
3 774 775 835
3 774 835 834
3 775 776 836
3 775 836 835
3 776 777 837
3 776 837 836
3 777 778 838
3 777 838 837
3 778 779 839
3 778 839 838
3 779 780 840
3 779 840 839
3 780 781 841
3 780 841 840
3 781 782 842
3 781 842 841
3 782 783 843
3 782 843 842
3 783 784 844
3 783 844 843
3 784 785 845
3 784 845 844
3 785 786 846
3 785 846 845
3 786 787 847
3 786 847 846
3 787 788 848
3 787 848 847
3 788 789 849
3 788 849 848
3 789 76 77
3 789 77 849
3 12 790 850
3 12 850 13
3 790 791 851
3 790 851 850
3 791 792 852
3 791 852 851
3 792 793 853
3 792 853 852
3 793 794 854
3 793 854 853
3 794 795 855
3 794 855 854
3 795 796 856
3 795 856 855
3 796 797 857
3 796 857 856
3 797 798 858
3 797 858 857
3 798 799 859
3 798 859 858
3 799 800 860
3 799 860 859
3 800 801 861
3 800 861 860
3 801 802 862
3 801 862 861
3 802 803 863
3 802 863 862
3 803 804 864
3 803 864 863
3 804 805 865
3 804 865 864
3 805 806 866
3 805 866 865
3 806 807 867
3 806 867 866
3 807 808 868
3 807 868 867
3 808 809 869
3 808 869 868
3 809 810 870
3 809 870 869
3 810 811 871
3 810 871 870
3 811 812 872
3 811 872 871
3 812 813 873
3 812 873 872
3 813 814 874
3 813 874 873
3 814 815 875
3 814 875 874
3 815 816 876
3 815 876 875
3 816 817 877
3 816 877 876
3 817 818 878
3 817 878 877
3 818 819 879
3 818 879 878
3 819 820 880
3 819 880 879
3 820 821 881
3 820 881 880
3 821 822 882
3 821 882 881
3 822 823 883
3 822 883 882
3 823 824 884
3 823 884 883
3 824 825 885
3 824 885 884
3 825 826 886
3 825 886 885
3 826 827 887
3 826 887 886
3 827 828 888
3 827 888 887
3 828 829 889
3 828 889 888
3 829 830 890
3 829 890 889
3 830 831 891
3 830 891 890
3 831 832 892
3 831 892 891
3 832 833 893
3 832 893 892
3 833 834 894
3 833 894 893
3 834 835 895
3 834 895 894
3 835 836 896
3 835 896 895
3 836 837 897
3 836 897 896
3 837 838 898
3 837 898 897
3 838 839 899
3 838 899 898
3 839 840 900
3 839 900 899
3 840 841 901
3 840 901 900
3 841 842 902
3 841 902 901
3 842 843 903
3 842 903 902
3 843 844 904
3 843 904 903
3 844 845 905
3 844 905 904
3 845 846 906
3 845 906 905
3 846 847 907
3 846 907 906
3 847 848 908
3 847 908 907
3 848 849 909
3 848 909 908
3 849 77 78
3 849 78 909
3 13 850 910
3 13 910 14
3 850 851 911
3 850 911 910
3 851 852 912
3 851 912 911
3 852 853 913
3 852 913 912
3 853 854 914
3 853 914 913
3 854 855 915
3 854 915 914
3 855 856 916
3 855 916 915
3 856 857 917
3 856 917 916
3 857 858 918
3 857 918 917
3 858 859 919
3 858 919 918
3 859 860 920
3 859 920 919
3 860 861 921
3 860 921 920
3 861 862 922
3 861 922 921
3 862 863 923
3 862 923 922
3 863 864 924
3 863 924 923
3 864 865 925
3 864 925 924
3 865 866 926
3 865 926 925
3 866 867 927
3 866 927 926
3 867 868 928
3 867 928 927
3 868 869 929
3 868 929 928
3 869 870 930
3 869 930 929
3 870 871 931
3 870 931 930
3 871 872 932
3 871 932 931
3 872 873 933
3 872 933 932
3 873 874 934
3 873 934 933
3 874 875 935
3 874 935 934
3 875 876 936
3 875 936 935
3 876 877 937
3 876 937 936
3 877 878 938
3 877 938 937
3 878 879 939
3 878 939 938
3 879 880 940
3 879 940 939
3 880 881 941
3 880 941 940
3 881 882 942
3 881 942 941
3 882 883 943
3 882 943 942
3 883 884 944
3 883 944 943
3 884 885 945
3 884 945 944
3 885 886 946
3 885 946 945
3 886 887 947
3 886 947 946
3 887 888 948
3 887 948 947
3 888 889 949
3 888 949 948
3 889 890 950
3 889 950 949
3 890 891 951
3 890 951 950
3 891 892 952
3 891 952 951
3 892 893 953
3 892 953 952
3 893 894 954
3 893 954 953
3 894 895 955
3 894 955 954
3 895 896 956
3 895 956 955
3 896 897 957
3 896 957 956
3 897 898 958
3 897 958 957
3 898 899 959
3 898 959 958
3 899 900 960
3 899 960 959
3 900 901 961
3 900 961 960
3 901 902 962
3 901 962 961
3 902 903 963
3 902 963 962
3 903 904 964
3 903 964 963
3 904 905 965
3 904 965 964
3 905 906 966
3 905 966 965
3 906 907 967
3 906 967 966
3 907 908 968
3 907 968 967
3 908 909 969
3 908 969 968
3 909 78 79
3 909 79 969
3 14 910 970
3 14 970 15
3 910 911 971
3 910 971 970
3 911 912 972
3 911 972 971
3 912 913 973
3 912 973 972
3 913 914 974
3 913 974 973
3 914 915 975
3 914 975 974
3 915 916 976
3 915 976 975
3 916 917 977
3 916 977 976
3 917 918 978
3 917 978 977
3 918 919 979
3 918 979 978
3 919 920 980
3 919 980 979
3 920 921 981
3 920 981 980
3 921 922 982
3 921 982 981
3 922 923 983
3 922 983 982
3 923 924 984
3 923 984 983
3 924 925 985
3 924 985 984
3 925 926 986
3 925 986 985
3 926 927 987
3 926 987 986
3 927 928 988
3 927 988 987
3 928 929 989
3 928 989 988
3 929 930 990
3 929 990 989
3 930 931 991
3 930 991 990
3 931 932 992
3 931 992 991
3 932 933 993
3 932 993 992
3 933 934 994
3 933 994 993
3 934 935 995
3 934 995 994
3 935 936 996
3 935 996 995
3 936 937 997
3 936 997 996
3 937 938 998
3 937 998 997
3 938 939 999
3 938 999 998
3 939 940 1000
3 939 1000 999
3 940 941 1001
3 940 1001 1000
3 941 942 1002
3 941 1002 1001
3 942 943 1003
3 942 1003 1002
3 943 944 1004
3 943 1004 1003
3 944 945 1005
3 944 1005 1004
3 945 946 1006
3 945 1006 1005
3 946 947 1007
3 946 1007 1006
3 947 948 1008
3 947 1008 1007
3 948 949 1009
3 948 1009 1008
3 949 950 1010
3 949 1010 1009
3 950 951 1011
3 950 1011 1010
3 951 952 1012
3 951 1012 1011
3 952 953 1013
3 952 1013 1012
3 953 954 1014
3 953 1014 1013
3 954 955 1015
3 954 1015 1014
3 955 956 1016
3 955 1016 1015
3 956 957 1017
3 956 1017 1016
3 957 958 1018
3 957 1018 1017
3 958 959 1019
3 958 1019 1018
3 959 960 1020
3 959 1020 1019
3 960 961 1021
3 960 1021 1020
3 961 962 1022
3 961 1022 1021
3 962 963 1023
3 962 1023 1022
3 963 964 1024
3 963 1024 1023
3 964 965 1025
3 964 1025 1024
3 965 966 1026
3 965 1026 1025
3 966 967 1027
3 966 1027 1026
3 967 968 1028
3 967 1028 1027
3 968 969 1029
3 968 1029 1028
3 969 79 80
3 969 80 1029
3 15 970 1030
3 15 1030 16
3 970 971 1031
3 970 1031 1030
3 971 972 1032
3 971 1032 1031
3 972 973 1033
3 972 1033 1032
3 973 974 1034
3 973 1034 1033
3 974 975 1035
3 974 1035 1034
3 975 976 1036
3 975 1036 1035
3 976 977 1037
3 976 1037 1036
3 977 978 1038
3 977 1038 1037
3 978 979 1039
3 978 1039 1038
3 979 980 1040
3 979 1040 1039
3 980 981 1041
3 980 1041 1040
3 981 982 1042
3 981 1042 1041
3 982 983 1043
3 982 1043 1042
3 983 984 1044
3 983 1044 1043
3 984 985 1045
3 984 1045 1044
3 985 986 1046
3 985 1046 1045
3 986 987 1047
3 986 1047 1046
3 987 988 1048
3 987 1048 1047
3 988 989 1049
3 988 1049 1048
3 989 990 1050
3 989 1050 1049
3 990 991 1051
3 990 1051 1050
3 991 992 1052
3 991 1052 1051
3 992 993 1053
3 992 1053 1052
3 993 994 1054
3 993 1054 1053
3 994 995 1055
3 994 1055 1054
3 995 996 1056
3 995 1056 1055
3 996 997 1057
3 996 1057 1056
3 997 998 1058
3 997 1058 1057
3 998 999 1059
3 998 1059 1058
3 999 1000 1060
3 999 1060 1059
3 1000 1001 1061
3 1000 1061 1060
3 1001 1002 1062
3 1001 1062 1061
3 1002 1003 1063
3 1002 1063 1062
3 1003 1004 1064
3 1003 1064 1063
3 1004 1005 1065
3 1004 1065 1064
3 1005 1006 1066
3 1005 1066 1065
3 1006 1007 1067
3 1006 1067 1066
3 1007 1008 1068
3 1007 1068 1067
3 1008 1009 1069
3 1008 1069 1068
3 1009 1010 1070
3 1009 1070 1069
3 1010 1011 1071
3 1010 1071 1070
3 1011 1012 1072
3 1011 1072 1071
3 1012 1013 1073
3 1012 1073 1072
3 1013 1014 1074
3 1013 1074 1073
3 1014 1015 1075
3 1014 1075 1074
3 1015 1016 1076
3 1015 1076 1075
3 1016 1017 1077
3 1016 1077 1076
3 1017 1018 1078
3 1017 1078 1077
3 1018 1019 1079
3 1018 1079 1078
3 1019 1020 1080
3 1019 1080 1079
3 1020 1021 1081
3 1020 1081 1080
3 1021 1022 1082
3 1021 1082 1081
3 1022 1023 1083
3 1022 1083 1082
3 1023 1024 1084
3 1023 1084 1083
3 1024 1025 1085
3 1024 1085 1084
3 1025 1026 1086
3 1025 1086 1085
3 1026 1027 1087
3 1026 1087 1086
3 1027 1028 1088
3 1027 1088 1087
3 1028 1029 1089
3 1028 1089 1088
3 1029 80 81
3 1029 81 1089
3 16 1030 1090
3 16 1090 17
3 1030 1031 1091
3 1030 1091 1090
3 1031 1032 1092
3 1031 1092 1091
3 1032 1033 1093
3 1032 1093 1092
3 1033 1034 1094
3 1033 1094 1093
3 1034 1035 1095
3 1034 1095 1094
3 1035 1036 1096
3 1035 1096 1095
3 1036 1037 1097
3 1036 1097 1096
3 1037 1038 1098
3 1037 1098 1097
3 1038 1039 1099
3 1038 1099 1098
3 1039 1040 1100
3 1039 1100 1099
3 1040 1041 1101
3 1040 1101 1100
3 1041 1042 1102
3 1041 1102 1101
3 1042 1043 1103
3 1042 1103 1102
3 1043 1044 1104
3 1043 1104 1103
3 1044 1045 1105
3 1044 1105 1104
3 1045 1046 1106
3 1045 1106 1105
3 1046 1047 1107
3 1046 1107 1106
3 1047 1048 1108
3 1047 1108 1107
3 1048 1049 1109
3 1048 1109 1108
3 1049 1050 1110
3 1049 1110 1109
3 1050 1051 1111
3 1050 1111 1110
3 1051 1052 1112
3 1051 1112 1111
3 1052 1053 1113
3 1052 1113 1112
3 1053 1054 1114
3 1053 1114 1113
3 1054 1055 1115
3 1054 1115 1114
3 1055 1056 1116
3 1055 1116 1115
3 1056 1057 1117
3 1056 1117 1116
3 1057 1058 1118
3 1057 1118 1117
3 1058 1059 1119
3 1058 1119 1118
3 1059 1060 1120
3 1059 1120 1119
3 1060 1061 1121
3 1060 1121 1120
3 1061 1062 1122
3 1061 1122 1121
3 1062 1063 1123
3 1062 1123 1122
3 1063 1064 1124
3 1063 1124 1123
3 1064 1065 1125
3 1064 1125 1124
3 1065 1066 1126
3 1065 1126 1125
3 1066 1067 1127
3 1066 1127 1126
3 1067 1068 1128
3 1067 1128 1127
3 1068 1069 1129
3 1068 1129 1128
3 1069 1070 1130
3 1069 1130 1129
3 1070 1071 1131
3 1070 1131 1130
3 1071 1072 1132
3 1071 1132 1131
3 1072 1073 1133
3 1072 1133 1132
3 1073 1074 1134
3 1073 1134 1133
3 1074 1075 1135
3 1074 1135 1134
3 1075 1076 1136
3 1075 1136 1135
3 1076 1077 1137
3 1076 1137 1136
3 1077 1078 1138
3 1077 1138 1137
3 1078 1079 1139
3 1078 1139 1138
3 1079 1080 1140
3 1079 1140 1139
3 1080 1081 1141
3 1080 1141 1140
3 1081 1082 1142
3 1081 1142 1141
3 1082 1083 1143
3 1082 1143 1142
3 1083 1084 1144
3 1083 1144 1143
3 1084 1085 1145
3 1084 1145 1144
3 1085 1086 1146
3 1085 1146 1145
3 1086 1087 1147
3 1086 1147 1146
3 1087 1088 1148
3 1087 1148 1147
3 1088 1089 1149
3 1088 1149 1148
3 1089 81 82
3 1089 82 1149
3 17 1090 1150
3 17 1150 18
3 1090 1091 1151
3 1090 1151 1150
3 1091 1092 1152
3 1091 1152 1151
3 1092 1093 1153
3 1092 1153 1152
3 1093 1094 1154
3 1093 1154 1153
3 1094 1095 1155
3 1094 1155 1154
3 1095 1096 1156
3 1095 1156 1155
3 1096 1097 1157
3 1096 1157 1156
3 1097 1098 1158
3 1097 1158 1157
3 1098 1099 1159
3 1098 1159 1158
3 1099 1100 1160
3 1099 1160 1159
3 1100 1101 1161
3 1100 1161 1160
3 1101 1102 1162
3 1101 1162 1161
3 1102 1103 1163
3 1102 1163 1162
3 1103 1104 1164
3 1103 1164 1163
3 1104 1105 1165
3 1104 1165 1164
3 1105 1106 1166
3 1105 1166 1165
3 1106 1107 1167
3 1106 1167 1166
3 1107 1108 1168
3 1107 1168 1167
3 1108 1109 1169
3 1108 1169 1168
3 1109 1110 1170
3 1109 1170 1169
3 1110 1111 1171
3 1110 1171 1170
3 1111 1112 1172
3 1111 1172 1171
3 1112 1113 1173
3 1112 1173 1172
3 1113 1114 1174
3 1113 1174 1173
3 1114 1115 1175
3 1114 1175 1174
3 1115 1116 1176
3 1115 1176 1175
3 1116 1117 1177
3 1116 1177 1176
3 1117 1118 1178
3 1117 1178 1177
3 1118 1119 1179
3 1118 1179 1178
3 1119 1120 1180
3 1119 1180 1179
3 1120 1121 1181
3 1120 1181 1180
3 1121 1122 1182
3 1121 1182 1181
3 1122 1123 1183
3 1122 1183 1182
3 1123 1124 1184
3 1123 1184 1183
3 1124 1125 1185
3 1124 1185 1184
3 1125 1126 1186
3 1125 1186 1185
3 1126 1127 1187
3 1126 1187 1186
3 1127 1128 1188
3 1127 1188 1187
3 1128 1129 1189
3 1128 1189 1188
3 1129 1130 1190
3 1129 1190 1189
3 1130 1131 1191
3 1130 1191 1190
3 1131 1132 1192
3 1131 1192 1191
3 1132 1133 1193
3 1132 1193 1192
3 1133 1134 1194
3 1133 1194 1193
3 1134 1135 1195
3 1134 1195 1194
3 1135 1136 1196
3 1135 1196 1195
3 1136 1137 1197
3 1136 1197 1196
3 1137 1138 1198
3 1137 1198 1197
3 1138 1139 1199
3 1138 1199 1198
3 1139 1140 1200
3 1139 1200 1199
3 1140 1141 1201
3 1140 1201 1200
3 1141 1142 1202
3 1141 1202 1201
3 1142 1143 1203
3 1142 1203 1202
3 1143 1144 1204
3 1143 1204 1203
3 1144 1145 1205
3 1144 1205 1204
3 1145 1146 1206
3 1145 1206 1205
3 1146 1147 1207
3 1146 1207 1206
3 1147 1148 1208
3 1147 1208 1207
3 1148 1149 1209
3 1148 1209 1208
3 1149 82 83
3 1149 83 1209
3 18 1150 1210
3 18 1210 19
3 1150 1151 1211
3 1150 1211 1210
3 1151 1152 1212
3 1151 1212 1211
3 1152 1153 1213
3 1152 1213 1212
3 1153 1154 1214
3 1153 1214 1213
3 1154 1155 1215
3 1154 1215 1214
3 1155 1156 1216
3 1155 1216 1215
3 1156 1157 1217
3 1156 1217 1216
3 1157 1158 1218
3 1157 1218 1217
3 1158 1159 1219
3 1158 1219 1218
3 1159 1160 1220
3 1159 1220 1219
3 1160 1161 1221
3 1160 1221 1220
3 1161 1162 1222
3 1161 1222 1221
3 1162 1163 1223
3 1162 1223 1222
3 1163 1164 1224
3 1163 1224 1223
3 1164 1165 1225
3 1164 1225 1224
3 1165 1166 1226
3 1165 1226 1225
3 1166 1167 1227
3 1166 1227 1226
3 1167 1168 1228
3 1167 1228 1227
3 1168 1169 1229
3 1168 1229 1228
3 1169 1170 1230
3 1169 1230 1229
3 1170 1171 1231
3 1170 1231 1230
3 1171 1172 1232
3 1171 1232 1231
3 1172 1173 1233
3 1172 1233 1232
3 1173 1174 1234
3 1173 1234 1233
3 1174 1175 1235
3 1174 1235 1234
3 1175 1176 1236
3 1175 1236 1235
3 1176 1177 1237
3 1176 1237 1236
3 1177 1178 1238
3 1177 1238 1237
3 1178 1179 1239
3 1178 1239 1238
3 1179 1180 1240
3 1179 1240 1239
3 1180 1181 1241
3 1180 1241 1240
3 1181 1182 1242
3 1181 1242 1241
3 1182 1183 1243
3 1182 1243 1242
3 1183 1184 1244
3 1183 1244 1243
3 1184 1185 1245
3 1184 1245 1244
3 1185 1186 1246
3 1185 1246 1245
3 1186 1187 1247
3 1186 1247 1246
3 1187 1188 1248
3 1187 1248 1247
3 1188 1189 1249
3 1188 1249 1248
3 1189 1190 1250
3 1189 1250 1249
3 1190 1191 1251
3 1190 1251 1250
3 1191 1192 1252
3 1191 1252 1251
3 1192 1193 1253
3 1192 1253 1252
3 1193 1194 1254
3 1193 1254 1253
3 1194 1195 1255
3 1194 1255 1254
3 1195 1196 1256
3 1195 1256 1255
3 1196 1197 1257
3 1196 1257 1256
3 1197 1198 1258
3 1197 1258 1257
3 1198 1199 1259
3 1198 1259 1258
3 1199 1200 1260
3 1199 1260 1259
3 1200 1201 1261
3 1200 1261 1260
3 1201 1202 1262
3 1201 1262 1261
3 1202 1203 1263
3 1202 1263 1262
3 1203 1204 1264
3 1203 1264 1263
3 1204 1205 1265
3 1204 1265 1264
3 1205 1206 1266
3 1205 1266 1265
3 1206 1207 1267
3 1206 1267 1266
3 1207 1208 1268
3 1207 1268 1267
3 1208 1209 1269
3 1208 1269 1268
3 1209 83 84
3 1209 84 1269
3 19 1210 1270
3 19 1270 20
3 1210 1211 1271
3 1210 1271 1270
3 1211 1212 1272
3 1211 1272 1271
3 1212 1213 1273
3 1212 1273 1272
3 1213 1214 1274
3 1213 1274 1273
3 1214 1215 1275
3 1214 1275 1274
3 1215 1216 1276
3 1215 1276 1275
3 1216 1217 1277
3 1216 1277 1276
3 1217 1218 1278
3 1217 1278 1277
3 1218 1219 1279
3 1218 1279 1278
3 1219 1220 1280
3 1219 1280 1279
3 1220 1221 1281
3 1220 1281 1280
3 1221 1222 1282
3 1221 1282 1281
3 1222 1223 1283
3 1222 1283 1282
3 1223 1224 1284
3 1223 1284 1283
3 1224 1225 1285
3 1224 1285 1284
3 1225 1226 1286
3 1225 1286 1285
3 1226 1227 1287
3 1226 1287 1286
3 1227 1228 1288
3 1227 1288 1287
3 1228 1229 1289
3 1228 1289 1288
3 1229 1230 1290
3 1229 1290 1289
3 1230 1231 1291
3 1230 1291 1290
3 1231 1232 1292
3 1231 1292 1291
3 1232 1233 1293
3 1232 1293 1292
3 1233 1234 1294
3 1233 1294 1293
3 1234 1235 1295
3 1234 1295 1294
3 1235 1236 1296
3 1235 1296 1295
3 1236 1237 1297
3 1236 1297 1296
3 1237 1238 1298
3 1237 1298 1297
3 1238 1239 1299
3 1238 1299 1298
3 1239 1240 1300
3 1239 1300 1299
3 1240 1241 1301
3 1240 1301 1300
3 1241 1242 1302
3 1241 1302 1301
3 1242 1243 1303
3 1242 1303 1302
3 1243 1244 1304
3 1243 1304 1303
3 1244 1245 1305
3 1244 1305 1304
3 1245 1246 1306
3 1245 1306 1305
3 1246 1247 1307
3 1246 1307 1306
3 1247 1248 1308
3 1247 1308 1307
3 1248 1249 1309
3 1248 1309 1308
3 1249 1250 1310
3 1249 1310 1309
3 1250 1251 1311
3 1250 1311 1310
3 1251 1252 1312
3 1251 1312 1311
3 1252 1253 1313
3 1252 1313 1312
3 1253 1254 1314
3 1253 1314 1313
3 1254 1255 1315
3 1254 1315 1314
3 1255 1256 1316
3 1255 1316 1315
3 1256 1257 1317
3 1256 1317 1316
3 1257 1258 1318
3 1257 1318 1317
3 1258 1259 1319
3 1258 1319 1318
3 1259 1260 1320
3 1259 1320 1319
3 1260 1261 1321
3 1260 1321 1320
3 1261 1262 1322
3 1261 1322 1321
3 1262 1263 1323
3 1262 1323 1322
3 1263 1264 1324
3 1263 1324 1323
3 1264 1265 1325
3 1264 1325 1324
3 1265 1266 1326
3 1265 1326 1325
3 1266 1267 1327
3 1266 1327 1326
3 1267 1268 1328
3 1267 1328 1327
3 1268 1269 1329
3 1268 1329 1328
3 1269 84 85
3 1269 85 1329
3 20 1270 1330
3 20 1330 21
3 1270 1271 1331
3 1270 1331 1330
3 1271 1272 1332
3 1271 1332 1331
3 1272 1273 1333
3 1272 1333 1332
3 1273 1274 1334
3 1273 1334 1333
3 1274 1275 1335
3 1274 1335 1334
3 1275 1276 1336
3 1275 1336 1335
3 1276 1277 1337
3 1276 1337 1336
3 1277 1278 1338
3 1277 1338 1337
3 1278 1279 1339
3 1278 1339 1338
3 1279 1280 1340
3 1279 1340 1339
3 1280 1281 1341
3 1280 1341 1340
3 1281 1282 1342
3 1281 1342 1341
3 1282 1283 1343
3 1282 1343 1342
3 1283 1284 1344
3 1283 1344 1343
3 1284 1285 1345
3 1284 1345 1344
3 1285 1286 1346
3 1285 1346 1345
3 1286 1287 1347
3 1286 1347 1346
3 1287 1288 1348
3 1287 1348 1347
3 1288 1289 1349
3 1288 1349 1348
3 1289 1290 1350
3 1289 1350 1349
3 1290 1291 1351
3 1290 1351 1350
3 1291 1292 1352
3 1291 1352 1351
3 1292 1293 1353
3 1292 1353 1352
3 1293 1294 1354
3 1293 1354 1353
3 1294 1295 1355
3 1294 1355 1354
3 1295 1296 1356
3 1295 1356 1355
3 1296 1297 1357
3 1296 1357 1356
3 1297 1298 1358
3 1297 1358 1357
3 1298 1299 1359
3 1298 1359 1358
3 1299 1300 1360
3 1299 1360 1359
3 1300 1301 1361
3 1300 1361 1360
3 1301 1302 1362
3 1301 1362 1361
3 1302 1303 1363
3 1302 1363 1362
3 1303 1304 1364
3 1303 1364 1363
3 1304 1305 1365
3 1304 1365 1364
3 1305 1306 1366
3 1305 1366 1365
3 1306 1307 1367
3 1306 1367 1366
3 1307 1308 1368
3 1307 1368 1367
3 1308 1309 1369
3 1308 1369 1368
3 1309 1310 1370
3 1309 1370 1369
3 1310 1311 1371
3 1310 1371 1370
3 1311 1312 1372
3 1311 1372 1371
3 1312 1313 1373
3 1312 1373 1372
3 1313 1314 1374
3 1313 1374 1373
3 1314 1315 1375
3 1314 1375 1374
3 1315 1316 1376
3 1315 1376 1375
3 1316 1317 1377
3 1316 1377 1376
3 1317 1318 1378
3 1317 1378 1377
3 1318 1319 1379
3 1318 1379 1378
3 1319 1320 1380
3 1319 1380 1379
3 1320 1321 1381
3 1320 1381 1380
3 1321 1322 1382
3 1321 1382 1381
3 1322 1323 1383
3 1322 1383 1382
3 1323 1324 1384
3 1323 1384 1383
3 1324 1325 1385
3 1324 1385 1384
3 1325 1326 1386
3 1325 1386 1385
3 1326 1327 1387
3 1326 1387 1386
3 1327 1328 1388
3 1327 1388 1387
3 1328 1329 1389
3 1328 1389 1388
3 1329 85 86
3 1329 86 1389
3 21 1330 1390
3 21 1390 22
3 1330 1331 1391
3 1330 1391 1390
3 1331 1332 1392
3 1331 1392 1391
3 1332 1333 1393
3 1332 1393 1392
3 1333 1334 1394
3 1333 1394 1393
3 1334 1335 1395
3 1334 1395 1394
3 1335 1336 1396
3 1335 1396 1395
3 1336 1337 1397
3 1336 1397 1396
3 1337 1338 1398
3 1337 1398 1397
3 1338 1339 1399
3 1338 1399 1398
3 1339 1340 1400
3 1339 1400 1399
3 1340 1341 1401
3 1340 1401 1400
3 1341 1342 1402
3 1341 1402 1401
3 1342 1343 1403
3 1342 1403 1402
3 1343 1344 1404
3 1343 1404 1403
3 1344 1345 1405
3 1344 1405 1404
3 1345 1346 1406
3 1345 1406 1405
3 1346 1347 1407
3 1346 1407 1406
3 1347 1348 1408
3 1347 1408 1407
3 1348 1349 1409
3 1348 1409 1408
3 1349 1350 1410
3 1349 1410 1409
3 1350 1351 1411
3 1350 1411 1410
3 1351 1352 1412
3 1351 1412 1411
3 1352 1353 1413
3 1352 1413 1412
3 1353 1354 1414
3 1353 1414 1413
3 1354 1355 1415
3 1354 1415 1414
3 1355 1356 1416
3 1355 1416 1415
3 1356 1357 1417
3 1356 1417 1416
3 1357 1358 1418
3 1357 1418 1417
3 1358 1359 1419
3 1358 1419 1418
3 1359 1360 1420
3 1359 1420 1419
3 1360 1361 1421
3 1360 1421 1420
3 1361 1362 1422
3 1361 1422 1421
3 1362 1363 1423
3 1362 1423 1422
3 1363 1364 1424
3 1363 1424 1423
3 1364 1365 1425
3 1364 1425 1424
3 1365 1366 1426
3 1365 1426 1425
3 1366 1367 1427
3 1366 1427 1426
3 1367 1368 1428
3 1367 1428 1427
3 1368 1369 1429
3 1368 1429 1428
3 1369 1370 1430
3 1369 1430 1429
3 1370 1371 1431
3 1370 1431 1430
3 1371 1372 1432
3 1371 1432 1431
3 1372 1373 1433
3 1372 1433 1432
3 1373 1374 1434
3 1373 1434 1433
3 1374 1375 1435
3 1374 1435 1434
3 1375 1376 1436
3 1375 1436 1435
3 1376 1377 1437
3 1376 1437 1436
3 1377 1378 1438
3 1377 1438 1437
3 1378 1379 1439
3 1378 1439 1438
3 1379 1380 1440
3 1379 1440 1439
3 1380 1381 1441
3 1380 1441 1440
3 1381 1382 1442
3 1381 1442 1441
3 1382 1383 1443
3 1382 1443 1442
3 1383 1384 1444
3 1383 1444 1443
3 1384 1385 1445
3 1384 1445 1444
3 1385 1386 1446
3 1385 1446 1445
3 1386 1387 1447
3 1386 1447 1446
3 1387 1388 1448
3 1387 1448 1447
3 1388 1389 1449
3 1388 1449 1448
3 1389 86 87
3 1389 87 1449
3 22 1390 1450
3 22 1450 23
3 1390 1391 1451
3 1390 1451 1450
3 1391 1392 1452
3 1391 1452 1451
3 1392 1393 1453
3 1392 1453 1452
3 1393 1394 1454
3 1393 1454 1453
3 1394 1395 1455
3 1394 1455 1454
3 1395 1396 1456
3 1395 1456 1455
3 1396 1397 1457
3 1396 1457 1456
3 1397 1398 1458
3 1397 1458 1457
3 1398 1399 1459
3 1398 1459 1458
3 1399 1400 1460
3 1399 1460 1459
3 1400 1401 1461
3 1400 1461 1460
3 1401 1402 1462
3 1401 1462 1461
3 1402 1403 1463
3 1402 1463 1462
3 1403 1404 1464
3 1403 1464 1463
3 1404 1405 1465
3 1404 1465 1464
3 1405 1406 1466
3 1405 1466 1465
3 1406 1407 1467
3 1406 1467 1466
3 1407 1408 1468
3 1407 1468 1467
3 1408 1409 1469
3 1408 1469 1468
3 1409 1410 1470
3 1409 1470 1469
3 1410 1411 1471
3 1410 1471 1470
3 1411 1412 1472
3 1411 1472 1471
3 1412 1413 1473
3 1412 1473 1472
3 1413 1414 1474
3 1413 1474 1473
3 1414 1415 1475
3 1414 1475 1474
3 1415 1416 1476
3 1415 1476 1475
3 1416 1417 1477
3 1416 1477 1476
3 1417 1418 1478
3 1417 1478 1477
3 1418 1419 1479
3 1418 1479 1478
3 1419 1420 1480
3 1419 1480 1479
3 1420 1421 1481
3 1420 1481 1480
3 1421 1422 1482
3 1421 1482 1481
3 1422 1423 1483
3 1422 1483 1482
3 1423 1424 1484
3 1423 1484 1483
3 1424 1425 1485
3 1424 1485 1484
3 1425 1426 1486
3 1425 1486 1485
3 1426 1427 1487
3 1426 1487 1486
3 1427 1428 1488
3 1427 1488 1487
3 1428 1429 1489
3 1428 1489 1488
3 1429 1430 1490
3 1429 1490 1489
3 1430 1431 1491
3 1430 1491 1490
3 1431 1432 1492
3 1431 1492 1491
3 1432 1433 1493
3 1432 1493 1492
3 1433 1434 1494
3 1433 1494 1493
3 1434 1435 1495
3 1434 1495 1494
3 1435 1436 1496
3 1435 1496 1495
3 1436 1437 1497
3 1436 1497 1496
3 1437 1438 1498
3 1437 1498 1497
3 1438 1439 1499
3 1438 1499 1498
3 1439 1440 1500
3 1439 1500 1499
3 1440 1441 1501
3 1440 1501 1500
3 1441 1442 1502
3 1441 1502 1501
3 1442 1443 1503
3 1442 1503 1502
3 1443 1444 1504
3 1443 1504 1503
3 1444 1445 1505
3 1444 1505 1504
3 1445 1446 1506
3 1445 1506 1505
3 1446 1447 1507
3 1446 1507 1506
3 1447 1448 1508
3 1447 1508 1507
3 1448 1449 1509
3 1448 1509 1508
3 1449 87 88
3 1449 88 1509
3 23 1450 1510
3 23 1510 24
3 1450 1451 1511
3 1450 1511 1510
3 1451 1452 1512
3 1451 1512 1511
3 1452 1453 1513
3 1452 1513 1512
3 1453 1454 1514
3 1453 1514 1513
3 1454 1455 1515
3 1454 1515 1514
3 1455 1456 1516
3 1455 1516 1515
3 1456 1457 1517
3 1456 1517 1516
3 1457 1458 1518
3 1457 1518 1517
3 1458 1459 1519
3 1458 1519 1518
3 1459 1460 1520
3 1459 1520 1519
3 1460 1461 1521
3 1460 1521 1520
3 1461 1462 1522
3 1461 1522 1521
3 1462 1463 1523
3 1462 1523 1522
3 1463 1464 1524
3 1463 1524 1523
3 1464 1465 1525
3 1464 1525 1524
3 1465 1466 1526
3 1465 1526 1525
3 1466 1467 1527
3 1466 1527 1526
3 1467 1468 1528
3 1467 1528 1527
3 1468 1469 1529
3 1468 1529 1528
3 1469 1470 1530
3 1469 1530 1529
3 1470 1471 1531
3 1470 1531 1530
3 1471 1472 1532
3 1471 1532 1531
3 1472 1473 1533
3 1472 1533 1532
3 1473 1474 1534
3 1473 1534 1533
3 1474 1475 1535
3 1474 1535 1534
3 1475 1476 1536
3 1475 1536 1535
3 1476 1477 1537
3 1476 1537 1536
3 1477 1478 1538
3 1477 1538 1537
3 1478 1479 1539
3 1478 1539 1538
3 1479 1480 1540
3 1479 1540 1539
3 1480 1481 1541
3 1480 1541 1540
3 1481 1482 1542
3 1481 1542 1541
3 1482 1483 1543
3 1482 1543 1542
3 1483 1484 1544
3 1483 1544 1543
3 1484 1485 1545
3 1484 1545 1544
3 1485 1486 1546
3 1485 1546 1545
3 1486 1487 1547
3 1486 1547 1546
3 1487 1488 1548
3 1487 1548 1547
3 1488 1489 1549
3 1488 1549 1548
3 1489 1490 1550
3 1489 1550 1549
3 1490 1491 1551
3 1490 1551 1550
3 1491 1492 1552
3 1491 1552 1551
3 1492 1493 1553
3 1492 1553 1552
3 1493 1494 1554
3 1493 1554 1553
3 1494 1495 1555
3 1494 1555 1554
3 1495 1496 1556
3 1495 1556 1555
3 1496 1497 1557
3 1496 1557 1556
3 1497 1498 1558
3 1497 1558 1557
3 1498 1499 1559
3 1498 1559 1558
3 1499 1500 1560
3 1499 1560 1559
3 1500 1501 1561
3 1500 1561 1560
3 1501 1502 1562
3 1501 1562 1561
3 1502 1503 1563
3 1502 1563 1562
3 1503 1504 1564
3 1503 1564 1563
3 1504 1505 1565
3 1504 1565 1564
3 1505 1506 1566
3 1505 1566 1565
3 1506 1507 1567
3 1506 1567 1566
3 1507 1508 1568
3 1507 1568 1567
3 1508 1509 1569
3 1508 1569 1568
3 1509 88 89
3 1509 89 1569
3 24 1510 1570
3 24 1570 25
3 1510 1511 1571
3 1510 1571 1570
3 1511 1512 1572
3 1511 1572 1571
3 1512 1513 1573
3 1512 1573 1572
3 1513 1514 1574
3 1513 1574 1573
3 1514 1515 1575
3 1514 1575 1574
3 1515 1516 1576
3 1515 1576 1575
3 1516 1517 1577
3 1516 1577 1576
3 1517 1518 1578
3 1517 1578 1577
3 1518 1519 1579
3 1518 1579 1578
3 1519 1520 1580
3 1519 1580 1579
3 1520 1521 1581
3 1520 1581 1580
3 1521 1522 1582
3 1521 1582 1581
3 1522 1523 1583
3 1522 1583 1582
3 1523 1524 1584
3 1523 1584 1583
3 1524 1525 1585
3 1524 1585 1584
3 1525 1526 1586
3 1525 1586 1585
3 1526 1527 1587
3 1526 1587 1586
3 1527 1528 1588
3 1527 1588 1587
3 1528 1529 1589
3 1528 1589 1588
3 1529 1530 1590
3 1529 1590 1589
3 1530 1531 1591
3 1530 1591 1590
3 1531 1532 1592
3 1531 1592 1591
3 1532 1533 1593
3 1532 1593 1592
3 1533 1534 1594
3 1533 1594 1593
3 1534 1535 1595
3 1534 1595 1594
3 1535 1536 1596
3 1535 1596 1595
3 1536 1537 1597
3 1536 1597 1596
3 1537 1538 1598
3 1537 1598 1597
3 1538 1539 1599
3 1538 1599 1598
3 1539 1540 1600
3 1539 1600 1599
3 1540 1541 1601
3 1540 1601 1600
3 1541 1542 1602
3 1541 1602 1601
3 1542 1543 1603
3 1542 1603 1602
3 1543 1544 1604
3 1543 1604 1603
3 1544 1545 1605
3 1544 1605 1604
3 1545 1546 1606
3 1545 1606 1605
3 1546 1547 1607
3 1546 1607 1606
3 1547 1548 1608
3 1547 1608 1607
3 1548 1549 1609
3 1548 1609 1608
3 1549 1550 1610
3 1549 1610 1609
3 1550 1551 1611
3 1550 1611 1610
3 1551 1552 1612
3 1551 1612 1611
3 1552 1553 1613
3 1552 1613 1612
3 1553 1554 1614
3 1553 1614 1613
3 1554 1555 1615
3 1554 1615 1614
3 1555 1556 1616
3 1555 1616 1615
3 1556 1557 1617
3 1556 1617 1616
3 1557 1558 1618
3 1557 1618 1617
3 1558 1559 1619
3 1558 1619 1618
3 1559 1560 1620
3 1559 1620 1619
3 1560 1561 1621
3 1560 1621 1620
3 1561 1562 1622
3 1561 1622 1621
3 1562 1563 1623
3 1562 1623 1622
3 1563 1564 1624
3 1563 1624 1623
3 1564 1565 1625
3 1564 1625 1624
3 1565 1566 1626
3 1565 1626 1625
3 1566 1567 1627
3 1566 1627 1626
3 1567 1568 1628
3 1567 1628 1627
3 1568 1569 1629
3 1568 1629 1628
3 1569 89 90
3 1569 90 1629
3 25 1570 1630
3 25 1630 26
3 1570 1571 1631
3 1570 1631 1630
3 1571 1572 1632
3 1571 1632 1631
3 1572 1573 1633
3 1572 1633 1632
3 1573 1574 1634
3 1573 1634 1633
3 1574 1575 1635
3 1574 1635 1634
3 1575 1576 1636
3 1575 1636 1635
3 1576 1577 1637
3 1576 1637 1636
3 1577 1578 1638
3 1577 1638 1637
3 1578 1579 1639
3 1578 1639 1638
3 1579 1580 1640
3 1579 1640 1639
3 1580 1581 1641
3 1580 1641 1640
3 1581 1582 1642
3 1581 1642 1641
3 1582 1583 1643
3 1582 1643 1642
3 1583 1584 1644
3 1583 1644 1643
3 1584 1585 1645
3 1584 1645 1644
3 1585 1586 1646
3 1585 1646 1645
3 1586 1587 1647
3 1586 1647 1646
3 1587 1588 1648
3 1587 1648 1647
3 1588 1589 1649
3 1588 1649 1648
3 1589 1590 1650
3 1589 1650 1649
3 1590 1591 1651
3 1590 1651 1650
3 1591 1592 1652
3 1591 1652 1651
3 1592 1593 1653
3 1592 1653 1652
3 1593 1594 1654
3 1593 1654 1653
3 1594 1595 1655
3 1594 1655 1654
3 1595 1596 1656
3 1595 1656 1655
3 1596 1597 1657
3 1596 1657 1656
3 1597 1598 1658
3 1597 1658 1657
3 1598 1599 1659
3 1598 1659 1658
3 1599 1600 1660
3 1599 1660 1659
3 1600 1601 1661
3 1600 1661 1660
3 1601 1602 1662
3 1601 1662 1661
3 1602 1603 1663
3 1602 1663 1662
3 1603 1604 1664
3 1603 1664 1663
3 1604 1605 1665
3 1604 1665 1664
3 1605 1606 1666
3 1605 1666 1665
3 1606 1607 1667
3 1606 1667 1666
3 1607 1608 1668
3 1607 1668 1667
3 1608 1609 1669
3 1608 1669 1668
3 1609 1610 1670
3 1609 1670 1669
3 1610 1611 1671
3 1610 1671 1670
3 1611 1612 1672
3 1611 1672 1671
3 1612 1613 1673
3 1612 1673 1672
3 1613 1614 1674
3 1613 1674 1673
3 1614 1615 1675
3 1614 1675 1674
3 1615 1616 1676
3 1615 1676 1675
3 1616 1617 1677
3 1616 1677 1676
3 1617 1618 1678
3 1617 1678 1677
3 1618 1619 1679
3 1618 1679 1678
3 1619 1620 1680
3 1619 1680 1679
3 1620 1621 1681
3 1620 1681 1680
3 1621 1622 1682
3 1621 1682 1681
3 1622 1623 1683
3 1622 1683 1682
3 1623 1624 1684
3 1623 1684 1683
3 1624 1625 1685
3 1624 1685 1684
3 1625 1626 1686
3 1625 1686 1685
3 1626 1627 1687
3 1626 1687 1686
3 1627 1628 1688
3 1627 1688 1687
3 1628 1629 1689
3 1628 1689 1688
3 1629 90 91
3 1629 91 1689
3 26 1630 1690
3 26 1690 27
3 1630 1631 1691
3 1630 1691 1690
3 1631 1632 1692
3 1631 1692 1691
3 1632 1633 1693
3 1632 1693 1692
3 1633 1634 1694
3 1633 1694 1693
3 1634 1635 1695
3 1634 1695 1694
3 1635 1636 1696
3 1635 1696 1695
3 1636 1637 1697
3 1636 1697 1696
3 1637 1638 1698
3 1637 1698 1697
3 1638 1639 1699
3 1638 1699 1698
3 1639 1640 1700
3 1639 1700 1699
3 1640 1641 1701
3 1640 1701 1700
3 1641 1642 1702
3 1641 1702 1701
3 1642 1643 1703
3 1642 1703 1702
3 1643 1644 1704
3 1643 1704 1703
3 1644 1645 1705
3 1644 1705 1704
3 1645 1646 1706
3 1645 1706 1705
3 1646 1647 1707
3 1646 1707 1706
3 1647 1648 1708
3 1647 1708 1707
3 1648 1649 1709
3 1648 1709 1708
3 1649 1650 1710
3 1649 1710 1709
3 1650 1651 1711
3 1650 1711 1710
3 1651 1652 1712
3 1651 1712 1711
3 1652 1653 1713
3 1652 1713 1712
3 1653 1654 1714
3 1653 1714 1713
3 1654 1655 1715
3 1654 1715 1714
3 1655 1656 1716
3 1655 1716 1715
3 1656 1657 1717
3 1656 1717 1716
3 1657 1658 1718
3 1657 1718 1717
3 1658 1659 1719
3 1658 1719 1718
3 1659 1660 1720
3 1659 1720 1719
3 1660 1661 1721
3 1660 1721 1720
3 1661 1662 1722
3 1661 1722 1721
3 1662 1663 1723
3 1662 1723 1722
3 1663 1664 1724
3 1663 1724 1723
3 1664 1665 1725
3 1664 1725 1724
3 1665 1666 1726
3 1665 1726 1725
3 1666 1667 1727
3 1666 1727 1726
3 1667 1668 1728
3 1667 1728 1727
3 1668 1669 1729
3 1668 1729 1728
3 1669 1670 1730
3 1669 1730 1729
3 1670 1671 1731
3 1670 1731 1730
3 1671 1672 1732
3 1671 1732 1731
3 1672 1673 1733
3 1672 1733 1732
3 1673 1674 1734
3 1673 1734 1733
3 1674 1675 1735
3 1674 1735 1734
3 1675 1676 1736
3 1675 1736 1735
3 1676 1677 1737
3 1676 1737 1736
3 1677 1678 1738
3 1677 1738 1737
3 1678 1679 1739
3 1678 1739 1738
3 1679 1680 1740
3 1679 1740 1739
3 1680 1681 1741
3 1680 1741 1740
3 1681 1682 1742
3 1681 1742 1741
3 1682 1683 1743
3 1682 1743 1742
3 1683 1684 1744
3 1683 1744 1743
3 1684 1685 1745
3 1684 1745 1744
3 1685 1686 1746
3 1685 1746 1745
3 1686 1687 1747
3 1686 1747 1746
3 1687 1688 1748
3 1687 1748 1747
3 1688 1689 1749
3 1688 1749 1748
3 1689 91 92
3 1689 92 1749
3 27 1690 1750
3 27 1750 28
3 1690 1691 1751
3 1690 1751 1750
3 1691 1692 1752
3 1691 1752 1751
3 1692 1693 1753
3 1692 1753 1752
3 1693 1694 1754
3 1693 1754 1753
3 1694 1695 1755
3 1694 1755 1754
3 1695 1696 1756
3 1695 1756 1755
3 1696 1697 1757
3 1696 1757 1756
3 1697 1698 1758
3 1697 1758 1757
3 1698 1699 1759
3 1698 1759 1758
3 1699 1700 1760
3 1699 1760 1759
3 1700 1701 1761
3 1700 1761 1760
3 1701 1702 1762
3 1701 1762 1761
3 1702 1703 1763
3 1702 1763 1762
3 1703 1704 1764
3 1703 1764 1763
3 1704 1705 1765
3 1704 1765 1764
3 1705 1706 1766
3 1705 1766 1765
3 1706 1707 1767
3 1706 1767 1766
3 1707 1708 1768
3 1707 1768 1767
3 1708 1709 1769
3 1708 1769 1768
3 1709 1710 1770
3 1709 1770 1769
3 1710 1711 1771
3 1710 1771 1770
3 1711 1712 1772
3 1711 1772 1771
3 1712 1713 1773
3 1712 1773 1772
3 1713 1714 1774
3 1713 1774 1773
3 1714 1715 1775
3 1714 1775 1774
3 1715 1716 1776
3 1715 1776 1775
3 1716 1717 1777
3 1716 1777 1776
3 1717 1718 1778
3 1717 1778 1777
3 1718 1719 1779
3 1718 1779 1778
3 1719 1720 1780
3 1719 1780 1779
3 1720 1721 1781
3 1720 1781 1780
3 1721 1722 1782
3 1721 1782 1781
3 1722 1723 1783
3 1722 1783 1782
3 1723 1724 1784
3 1723 1784 1783
3 1724 1725 1785
3 1724 1785 1784
3 1725 1726 1786
3 1725 1786 1785
3 1726 1727 1787
3 1726 1787 1786
3 1727 1728 1788
3 1727 1788 1787
3 1728 1729 1789
3 1728 1789 1788
3 1729 1730 1790
3 1729 1790 1789
3 1730 1731 1791
3 1730 1791 1790
3 1731 1732 1792
3 1731 1792 1791
3 1732 1733 1793
3 1732 1793 1792
3 1733 1734 1794
3 1733 1794 1793
3 1734 1735 1795
3 1734 1795 1794
3 1735 1736 1796
3 1735 1796 1795
3 1736 1737 1797
3 1736 1797 1796
3 1737 1738 1798
3 1737 1798 1797
3 1738 1739 1799
3 1738 1799 1798
3 1739 1740 1800
3 1739 1800 1799
3 1740 1741 1801
3 1740 1801 1800
3 1741 1742 1802
3 1741 1802 1801
3 1742 1743 1803
3 1742 1803 1802
3 1743 1744 1804
3 1743 1804 1803
3 1744 1745 1805
3 1744 1805 1804
3 1745 1746 1806
3 1745 1806 1805
3 1746 1747 1807
3 1746 1807 1806
3 1747 1748 1808
3 1747 1808 1807
3 1748 1749 1809
3 1748 1809 1808
3 1749 92 93
3 1749 93 1809
3 28 1750 1810
3 28 1810 29
3 1750 1751 1811
3 1750 1811 1810
3 1751 1752 1812
3 1751 1812 1811
3 1752 1753 1813
3 1752 1813 1812
3 1753 1754 1814
3 1753 1814 1813
3 1754 1755 1815
3 1754 1815 1814
3 1755 1756 1816
3 1755 1816 1815
3 1756 1757 1817
3 1756 1817 1816
3 1757 1758 1818
3 1757 1818 1817
3 1758 1759 1819
3 1758 1819 1818
3 1759 1760 1820
3 1759 1820 1819
3 1760 1761 1821
3 1760 1821 1820
3 1761 1762 1822
3 1761 1822 1821
3 1762 1763 1823
3 1762 1823 1822
3 1763 1764 1824
3 1763 1824 1823
3 1764 1765 1825
3 1764 1825 1824
3 1765 1766 1826
3 1765 1826 1825
3 1766 1767 1827
3 1766 1827 1826
3 1767 1768 1828
3 1767 1828 1827
3 1768 1769 1829
3 1768 1829 1828
3 1769 1770 1830
3 1769 1830 1829
3 1770 1771 1831
3 1770 1831 1830
3 1771 1772 1832
3 1771 1832 1831
3 1772 1773 1833
3 1772 1833 1832
3 1773 1774 1834
3 1773 1834 1833
3 1774 1775 1835
3 1774 1835 1834
3 1775 1776 1836
3 1775 1836 1835
3 1776 1777 1837
3 1776 1837 1836
3 1777 1778 1838
3 1777 1838 1837
3 1778 1779 1839
3 1778 1839 1838
3 1779 1780 1840
3 1779 1840 1839
3 1780 1781 1841
3 1780 1841 1840
3 1781 1782 1842
3 1781 1842 1841
3 1782 1783 1843
3 1782 1843 1842
3 1783 1784 1844
3 1783 1844 1843
3 1784 1785 1845
3 1784 1845 1844
3 1785 1786 1846
3 1785 1846 1845
3 1786 1787 1847
3 1786 1847 1846
3 1787 1788 1848
3 1787 1848 1847
3 1788 1789 1849
3 1788 1849 1848
3 1789 1790 1850
3 1789 1850 1849
3 1790 1791 1851
3 1790 1851 1850
3 1791 1792 1852
3 1791 1852 1851
3 1792 1793 1853
3 1792 1853 1852
3 1793 1794 1854
3 1793 1854 1853
3 1794 1795 1855
3 1794 1855 1854
3 1795 1796 1856
3 1795 1856 1855
3 1796 1797 1857
3 1796 1857 1856
3 1797 1798 1858
3 1797 1858 1857
3 1798 1799 1859
3 1798 1859 1858
3 1799 1800 1860
3 1799 1860 1859
3 1800 1801 1861
3 1800 1861 1860
3 1801 1802 1862
3 1801 1862 1861
3 1802 1803 1863
3 1802 1863 1862
3 1803 1804 1864
3 1803 1864 1863
3 1804 1805 1865
3 1804 1865 1864
3 1805 1806 1866
3 1805 1866 1865
3 1806 1807 1867
3 1806 1867 1866
3 1807 1808 1868
3 1807 1868 1867
3 1808 1809 1869
3 1808 1869 1868
3 1809 93 94
3 1809 94 1869
3 29 1810 1870
3 29 1870 30
3 1810 1811 1871
3 1810 1871 1870
3 1811 1812 1872
3 1811 1872 1871
3 1812 1813 1873
3 1812 1873 1872
3 1813 1814 1874
3 1813 1874 1873
3 1814 1815 1875
3 1814 1875 1874
3 1815 1816 1876
3 1815 1876 1875
3 1816 1817 1877
3 1816 1877 1876
3 1817 1818 1878
3 1817 1878 1877
3 1818 1819 1879
3 1818 1879 1878
3 1819 1820 1880
3 1819 1880 1879
3 1820 1821 1881
3 1820 1881 1880
3 1821 1822 1882
3 1821 1882 1881
3 1822 1823 1883
3 1822 1883 1882
3 1823 1824 1884
3 1823 1884 1883
3 1824 1825 1885
3 1824 1885 1884
3 1825 1826 1886
3 1825 1886 1885
3 1826 1827 1887
3 1826 1887 1886
3 1827 1828 1888
3 1827 1888 1887
3 1828 1829 1889
3 1828 1889 1888
3 1829 1830 1890
3 1829 1890 1889
3 1830 1831 1891
3 1830 1891 1890
3 1831 1832 1892
3 1831 1892 1891
3 1832 1833 1893
3 1832 1893 1892
3 1833 1834 1894
3 1833 1894 1893
3 1834 1835 1895
3 1834 1895 1894
3 1835 1836 1896
3 1835 1896 1895
3 1836 1837 1897
3 1836 1897 1896
3 1837 1838 1898
3 1837 1898 1897
3 1838 1839 1899
3 1838 1899 1898
3 1839 1840 1900
3 1839 1900 1899
3 1840 1841 1901
3 1840 1901 1900
3 1841 1842 1902
3 1841 1902 1901
3 1842 1843 1903
3 1842 1903 1902
3 1843 1844 1904
3 1843 1904 1903
3 1844 1845 1905
3 1844 1905 1904
3 1845 1846 1906
3 1845 1906 1905
3 1846 1847 1907
3 1846 1907 1906
3 1847 1848 1908
3 1847 1908 1907
3 1848 1849 1909
3 1848 1909 1908
3 1849 1850 1910
3 1849 1910 1909
3 1850 1851 1911
3 1850 1911 1910
3 1851 1852 1912
3 1851 1912 1911
3 1852 1853 1913
3 1852 1913 1912
3 1853 1854 1914
3 1853 1914 1913
3 1854 1855 1915
3 1854 1915 1914
3 1855 1856 1916
3 1855 1916 1915
3 1856 1857 1917
3 1856 1917 1916
3 1857 1858 1918
3 1857 1918 1917
3 1858 1859 1919
3 1858 1919 1918
3 1859 1860 1920
3 1859 1920 1919
3 1860 1861 1921
3 1860 1921 1920
3 1861 1862 1922
3 1861 1922 1921
3 1862 1863 1923
3 1862 1923 1922
3 1863 1864 1924
3 1863 1924 1923
3 1864 1865 1925
3 1864 1925 1924
3 1865 1866 1926
3 1865 1926 1925
3 1866 1867 1927
3 1866 1927 1926
3 1867 1868 1928
3 1867 1928 1927
3 1868 1869 1929
3 1868 1929 1928
3 1869 94 95
3 1869 95 1929
3 30 1870 1930
3 30 1930 31
3 1870 1871 1931
3 1870 1931 1930
3 1871 1872 1932
3 1871 1932 1931
3 1872 1873 1933
3 1872 1933 1932
3 1873 1874 1934
3 1873 1934 1933
3 1874 1875 1935
3 1874 1935 1934
3 1875 1876 1936
3 1875 1936 1935
3 1876 1877 1937
3 1876 1937 1936
3 1877 1878 1938
3 1877 1938 1937
3 1878 1879 1939
3 1878 1939 1938
3 1879 1880 1940
3 1879 1940 1939
3 1880 1881 1941
3 1880 1941 1940
3 1881 1882 1942
3 1881 1942 1941
3 1882 1883 1943
3 1882 1943 1942
3 1883 1884 1944
3 1883 1944 1943
3 1884 1885 1945
3 1884 1945 1944
3 1885 1886 1946
3 1885 1946 1945
3 1886 1887 1947
3 1886 1947 1946
3 1887 1888 1948
3 1887 1948 1947
3 1888 1889 1949
3 1888 1949 1948
3 1889 1890 1950
3 1889 1950 1949
3 1890 1891 1951
3 1890 1951 1950
3 1891 1892 1952
3 1891 1952 1951
3 1892 1893 1953
3 1892 1953 1952
3 1893 1894 1954
3 1893 1954 1953
3 1894 1895 1955
3 1894 1955 1954
3 1895 1896 1956
3 1895 1956 1955
3 1896 1897 1957
3 1896 1957 1956
3 1897 1898 1958
3 1897 1958 1957
3 1898 1899 1959
3 1898 1959 1958
3 1899 1900 1960
3 1899 1960 1959
3 1900 1901 1961
3 1900 1961 1960
3 1901 1902 1962
3 1901 1962 1961
3 1902 1903 1963
3 1902 1963 1962
3 1903 1904 1964
3 1903 1964 1963
3 1904 1905 1965
3 1904 1965 1964
3 1905 1906 1966
3 1905 1966 1965
3 1906 1907 1967
3 1906 1967 1966
3 1907 1908 1968
3 1907 1968 1967
3 1908 1909 1969
3 1908 1969 1968
3 1909 1910 1970
3 1909 1970 1969
3 1910 1911 1971
3 1910 1971 1970
3 1911 1912 1972
3 1911 1972 1971
3 1912 1913 1973
3 1912 1973 1972
3 1913 1914 1974
3 1913 1974 1973
3 1914 1915 1975
3 1914 1975 1974
3 1915 1916 1976
3 1915 1976 1975
3 1916 1917 1977
3 1916 1977 1976
3 1917 1918 1978
3 1917 1978 1977
3 1918 1919 1979
3 1918 1979 1978
3 1919 1920 1980
3 1919 1980 1979
3 1920 1921 1981
3 1920 1981 1980
3 1921 1922 1982
3 1921 1982 1981
3 1922 1923 1983
3 1922 1983 1982
3 1923 1924 1984
3 1923 1984 1983
3 1924 1925 1985
3 1924 1985 1984
3 1925 1926 1986
3 1925 1986 1985
3 1926 1927 1987
3 1926 1987 1986
3 1927 1928 1988
3 1927 1988 1987
3 1928 1929 1989
3 1928 1989 1988
3 1929 95 96
3 1929 96 1989
3 31 1930 1990
3 31 1990 32
3 1930 1931 1991
3 1930 1991 1990
3 1931 1932 1992
3 1931 1992 1991
3 1932 1933 1993
3 1932 1993 1992
3 1933 1934 1994
3 1933 1994 1993
3 1934 1935 1995
3 1934 1995 1994
3 1935 1936 1996
3 1935 1996 1995
3 1936 1937 1997
3 1936 1997 1996
3 1937 1938 1998
3 1937 1998 1997
3 1938 1939 1999
3 1938 1999 1998
3 1939 1940 2000
3 1939 2000 1999
3 1940 1941 2001
3 1940 2001 2000
3 1941 1942 2002
3 1941 2002 2001
3 1942 1943 2003
3 1942 2003 2002
3 1943 1944 2004
3 1943 2004 2003
3 1944 1945 2005
3 1944 2005 2004
3 1945 1946 2006
3 1945 2006 2005
3 1946 1947 2007
3 1946 2007 2006
3 1947 1948 2008
3 1947 2008 2007
3 1948 1949 2009
3 1948 2009 2008
3 1949 1950 2010
3 1949 2010 2009
3 1950 1951 2011
3 1950 2011 2010
3 1951 1952 2012
3 1951 2012 2011
3 1952 1953 2013
3 1952 2013 2012
3 1953 1954 2014
3 1953 2014 2013
3 1954 1955 2015
3 1954 2015 2014
3 1955 1956 2016
3 1955 2016 2015
3 1956 1957 2017
3 1956 2017 2016
3 1957 1958 2018
3 1957 2018 2017
3 1958 1959 2019
3 1958 2019 2018
3 1959 1960 2020
3 1959 2020 2019
3 1960 1961 2021
3 1960 2021 2020
3 1961 1962 2022
3 1961 2022 2021
3 1962 1963 2023
3 1962 2023 2022
3 1963 1964 2024
3 1963 2024 2023
3 1964 1965 2025
3 1964 2025 2024
3 1965 1966 2026
3 1965 2026 2025
3 1966 1967 2027
3 1966 2027 2026
3 1967 1968 2028
3 1967 2028 2027
3 1968 1969 2029
3 1968 2029 2028
3 1969 1970 2030
3 1969 2030 2029
3 1970 1971 2031
3 1970 2031 2030
3 1971 1972 2032
3 1971 2032 2031
3 1972 1973 2033
3 1972 2033 2032
3 1973 1974 2034
3 1973 2034 2033
3 1974 1975 2035
3 1974 2035 2034
3 1975 1976 2036
3 1975 2036 2035
3 1976 1977 2037
3 1976 2037 2036
3 1977 1978 2038
3 1977 2038 2037
3 1978 1979 2039
3 1978 2039 2038
3 1979 1980 2040
3 1979 2040 2039
3 1980 1981 2041
3 1980 2041 2040
3 1981 1982 2042
3 1981 2042 2041
3 1982 1983 2043
3 1982 2043 2042
3 1983 1984 2044
3 1983 2044 2043
3 1984 1985 2045
3 1984 2045 2044
3 1985 1986 2046
3 1985 2046 2045
3 1986 1987 2047
3 1986 2047 2046
3 1987 1988 2048
3 1987 2048 2047
3 1988 1989 2049
3 1988 2049 2048
3 1989 96 97
3 1989 97 2049
3 32 1990 2050
3 32 2050 33
3 1990 1991 2051
3 1990 2051 2050
3 1991 1992 2052
3 1991 2052 2051
3 1992 1993 2053
3 1992 2053 2052
3 1993 1994 2054
3 1993 2054 2053
3 1994 1995 2055
3 1994 2055 2054
3 1995 1996 2056
3 1995 2056 2055
3 1996 1997 2057
3 1996 2057 2056
3 1997 1998 2058
3 1997 2058 2057
3 1998 1999 2059
3 1998 2059 2058
3 1999 2000 2060
3 1999 2060 2059
3 2000 2001 2061
3 2000 2061 2060
3 2001 2002 2062
3 2001 2062 2061
3 2002 2003 2063
3 2002 2063 2062
3 2003 2004 2064
3 2003 2064 2063
3 2004 2005 2065
3 2004 2065 2064
3 2005 2006 2066
3 2005 2066 2065
3 2006 2007 2067
3 2006 2067 2066
3 2007 2008 2068
3 2007 2068 2067
3 2008 2009 2069
3 2008 2069 2068
3 2009 2010 2070
3 2009 2070 2069
3 2010 2011 2071
3 2010 2071 2070
3 2011 2012 2072
3 2011 2072 2071
3 2012 2013 2073
3 2012 2073 2072
3 2013 2014 2074
3 2013 2074 2073
3 2014 2015 2075
3 2014 2075 2074
3 2015 2016 2076
3 2015 2076 2075
3 2016 2017 2077
3 2016 2077 2076
3 2017 2018 2078
3 2017 2078 2077
3 2018 2019 2079
3 2018 2079 2078
3 2019 2020 2080
3 2019 2080 2079
3 2020 2021 2081
3 2020 2081 2080
3 2021 2022 2082
3 2021 2082 2081
3 2022 2023 2083
3 2022 2083 2082
3 2023 2024 2084
3 2023 2084 2083
3 2024 2025 2085
3 2024 2085 2084
3 2025 2026 2086
3 2025 2086 2085
3 2026 2027 2087
3 2026 2087 2086
3 2027 2028 2088
3 2027 2088 2087
3 2028 2029 2089
3 2028 2089 2088
3 2029 2030 2090
3 2029 2090 2089
3 2030 2031 2091
3 2030 2091 2090
3 2031 2032 2092
3 2031 2092 2091
3 2032 2033 2093
3 2032 2093 2092
3 2033 2034 2094
3 2033 2094 2093
3 2034 2035 2095
3 2034 2095 2094
3 2035 2036 2096
3 2035 2096 2095
3 2036 2037 2097
3 2036 2097 2096
3 2037 2038 2098
3 2037 2098 2097
3 2038 2039 2099
3 2038 2099 2098
3 2039 2040 2100
3 2039 2100 2099
3 2040 2041 2101
3 2040 2101 2100
3 2041 2042 2102
3 2041 2102 2101
3 2042 2043 2103
3 2042 2103 2102
3 2043 2044 2104
3 2043 2104 2103
3 2044 2045 2105
3 2044 2105 2104
3 2045 2046 2106
3 2045 2106 2105
3 2046 2047 2107
3 2046 2107 2106
3 2047 2048 2108
3 2047 2108 2107
3 2048 2049 2109
3 2048 2109 2108
3 2049 97 98
3 2049 98 2109
3 33 2050 2110
3 33 2110 34
3 2050 2051 2111
3 2050 2111 2110
3 2051 2052 2112
3 2051 2112 2111
3 2052 2053 2113
3 2052 2113 2112
3 2053 2054 2114
3 2053 2114 2113
3 2054 2055 2115
3 2054 2115 2114
3 2055 2056 2116
3 2055 2116 2115
3 2056 2057 2117
3 2056 2117 2116
3 2057 2058 2118
3 2057 2118 2117
3 2058 2059 2119
3 2058 2119 2118
3 2059 2060 2120
3 2059 2120 2119
3 2060 2061 2121
3 2060 2121 2120
3 2061 2062 2122
3 2061 2122 2121
3 2062 2063 2123
3 2062 2123 2122
3 2063 2064 2124
3 2063 2124 2123
3 2064 2065 2125
3 2064 2125 2124
3 2065 2066 2126
3 2065 2126 2125
3 2066 2067 2127
3 2066 2127 2126
3 2067 2068 2128
3 2067 2128 2127
3 2068 2069 2129
3 2068 2129 2128
3 2069 2070 2130
3 2069 2130 2129
3 2070 2071 2131
3 2070 2131 2130
3 2071 2072 2132
3 2071 2132 2131
3 2072 2073 2133
3 2072 2133 2132
3 2073 2074 2134
3 2073 2134 2133
3 2074 2075 2135
3 2074 2135 2134
3 2075 2076 2136
3 2075 2136 2135
3 2076 2077 2137
3 2076 2137 2136
3 2077 2078 2138
3 2077 2138 2137
3 2078 2079 2139
3 2078 2139 2138
3 2079 2080 2140
3 2079 2140 2139
3 2080 2081 2141
3 2080 2141 2140
3 2081 2082 2142
3 2081 2142 2141
3 2082 2083 2143
3 2082 2143 2142
3 2083 2084 2144
3 2083 2144 2143
3 2084 2085 2145
3 2084 2145 2144
3 2085 2086 2146
3 2085 2146 2145
3 2086 2087 2147
3 2086 2147 2146
3 2087 2088 2148
3 2087 2148 2147
3 2088 2089 2149
3 2088 2149 2148
3 2089 2090 2150
3 2089 2150 2149
3 2090 2091 2151
3 2090 2151 2150
3 2091 2092 2152
3 2091 2152 2151
3 2092 2093 2153
3 2092 2153 2152
3 2093 2094 2154
3 2093 2154 2153
3 2094 2095 2155
3 2094 2155 2154
3 2095 2096 2156
3 2095 2156 2155
3 2096 2097 2157
3 2096 2157 2156
3 2097 2098 2158
3 2097 2158 2157
3 2098 2099 2159
3 2098 2159 2158
3 2099 2100 2160
3 2099 2160 2159
3 2100 2101 2161
3 2100 2161 2160
3 2101 2102 2162
3 2101 2162 2161
3 2102 2103 2163
3 2102 2163 2162
3 2103 2104 2164
3 2103 2164 2163
3 2104 2105 2165
3 2104 2165 2164
3 2105 2106 2166
3 2105 2166 2165
3 2106 2107 2167
3 2106 2167 2166
3 2107 2108 2168
3 2107 2168 2167
3 2108 2109 2169
3 2108 2169 2168
3 2109 98 99
3 2109 99 2169
3 34 2110 2170
3 34 2170 35
3 2110 2111 2171
3 2110 2171 2170
3 2111 2112 2172
3 2111 2172 2171
3 2112 2113 2173
3 2112 2173 2172
3 2113 2114 2174
3 2113 2174 2173
3 2114 2115 2175
3 2114 2175 2174
3 2115 2116 2176
3 2115 2176 2175
3 2116 2117 2177
3 2116 2177 2176
3 2117 2118 2178
3 2117 2178 2177
3 2118 2119 2179
3 2118 2179 2178
3 2119 2120 2180
3 2119 2180 2179
3 2120 2121 2181
3 2120 2181 2180
3 2121 2122 2182
3 2121 2182 2181
3 2122 2123 2183
3 2122 2183 2182
3 2123 2124 2184
3 2123 2184 2183
3 2124 2125 2185
3 2124 2185 2184
3 2125 2126 2186
3 2125 2186 2185
3 2126 2127 2187
3 2126 2187 2186
3 2127 2128 2188
3 2127 2188 2187
3 2128 2129 2189
3 2128 2189 2188
3 2129 2130 2190
3 2129 2190 2189
3 2130 2131 2191
3 2130 2191 2190
3 2131 2132 2192
3 2131 2192 2191
3 2132 2133 2193
3 2132 2193 2192
3 2133 2134 2194
3 2133 2194 2193
3 2134 2135 2195
3 2134 2195 2194
3 2135 2136 2196
3 2135 2196 2195
3 2136 2137 2197
3 2136 2197 2196
3 2137 2138 2198
3 2137 2198 2197
3 2138 2139 2199
3 2138 2199 2198
3 2139 2140 2200
3 2139 2200 2199
3 2140 2141 2201
3 2140 2201 2200
3 2141 2142 2202
3 2141 2202 2201
3 2142 2143 2203
3 2142 2203 2202
3 2143 2144 2204
3 2143 2204 2203
3 2144 2145 2205
3 2144 2205 2204
3 2145 2146 2206
3 2145 2206 2205
3 2146 2147 2207
3 2146 2207 2206
3 2147 2148 2208
3 2147 2208 2207
3 2148 2149 2209
3 2148 2209 2208
3 2149 2150 2210
3 2149 2210 2209
3 2150 2151 2211
3 2150 2211 2210
3 2151 2152 2212
3 2151 2212 2211
3 2152 2153 2213
3 2152 2213 2212
3 2153 2154 2214
3 2153 2214 2213
3 2154 2155 2215
3 2154 2215 2214
3 2155 2156 2216
3 2155 2216 2215
3 2156 2157 2217
3 2156 2217 2216
3 2157 2158 2218
3 2157 2218 2217
3 2158 2159 2219
3 2158 2219 2218
3 2159 2160 2220
3 2159 2220 2219
3 2160 2161 2221
3 2160 2221 2220
3 2161 2162 2222
3 2161 2222 2221
3 2162 2163 2223
3 2162 2223 2222
3 2163 2164 2224
3 2163 2224 2223
3 2164 2165 2225
3 2164 2225 2224
3 2165 2166 2226
3 2165 2226 2225
3 2166 2167 2227
3 2166 2227 2226
3 2167 2168 2228
3 2167 2228 2227
3 2168 2169 2229
3 2168 2229 2228
3 2169 99 100
3 2169 100 2229
3 35 2170 2230
3 35 2230 36
3 2170 2171 2231
3 2170 2231 2230
3 2171 2172 2232
3 2171 2232 2231
3 2172 2173 2233
3 2172 2233 2232
3 2173 2174 2234
3 2173 2234 2233
3 2174 2175 2235
3 2174 2235 2234
3 2175 2176 2236
3 2175 2236 2235
3 2176 2177 2237
3 2176 2237 2236
3 2177 2178 2238
3 2177 2238 2237
3 2178 2179 2239
3 2178 2239 2238
3 2179 2180 2240
3 2179 2240 2239
3 2180 2181 2241
3 2180 2241 2240
3 2181 2182 2242
3 2181 2242 2241
3 2182 2183 2243
3 2182 2243 2242
3 2183 2184 2244
3 2183 2244 2243
3 2184 2185 2245
3 2184 2245 2244
3 2185 2186 2246
3 2185 2246 2245
3 2186 2187 2247
3 2186 2247 2246
3 2187 2188 2248
3 2187 2248 2247
3 2188 2189 2249
3 2188 2249 2248
3 2189 2190 2250
3 2189 2250 2249
3 2190 2191 2251
3 2190 2251 2250
3 2191 2192 2252
3 2191 2252 2251
3 2192 2193 2253
3 2192 2253 2252
3 2193 2194 2254
3 2193 2254 2253
3 2194 2195 2255
3 2194 2255 2254
3 2195 2196 2256
3 2195 2256 2255
3 2196 2197 2257
3 2196 2257 2256
3 2197 2198 2258
3 2197 2258 2257
3 2198 2199 2259
3 2198 2259 2258
3 2199 2200 2260
3 2199 2260 2259
3 2200 2201 2261
3 2200 2261 2260
3 2201 2202 2262
3 2201 2262 2261
3 2202 2203 2263
3 2202 2263 2262
3 2203 2204 2264
3 2203 2264 2263
3 2204 2205 2265
3 2204 2265 2264
3 2205 2206 2266
3 2205 2266 2265
3 2206 2207 2267
3 2206 2267 2266
3 2207 2208 2268
3 2207 2268 2267
3 2208 2209 2269
3 2208 2269 2268
3 2209 2210 2270
3 2209 2270 2269
3 2210 2211 2271
3 2210 2271 2270
3 2211 2212 2272
3 2211 2272 2271
3 2212 2213 2273
3 2212 2273 2272
3 2213 2214 2274
3 2213 2274 2273
3 2214 2215 2275
3 2214 2275 2274
3 2215 2216 2276
3 2215 2276 2275
3 2216 2217 2277
3 2216 2277 2276
3 2217 2218 2278
3 2217 2278 2277
3 2218 2219 2279
3 2218 2279 2278
3 2219 2220 2280
3 2219 2280 2279
3 2220 2221 2281
3 2220 2281 2280
3 2221 2222 2282
3 2221 2282 2281
3 2222 2223 2283
3 2222 2283 2282
3 2223 2224 2284
3 2223 2284 2283
3 2224 2225 2285
3 2224 2285 2284
3 2225 2226 2286
3 2225 2286 2285
3 2226 2227 2287
3 2226 2287 2286
3 2227 2228 2288
3 2227 2288 2287
3 2228 2229 2289
3 2228 2289 2288
3 2229 100 101
3 2229 101 2289
3 36 2230 2290
3 36 2290 37
3 2230 2231 2291
3 2230 2291 2290
3 2231 2232 2292
3 2231 2292 2291
3 2232 2233 2293
3 2232 2293 2292
3 2233 2234 2294
3 2233 2294 2293
3 2234 2235 2295
3 2234 2295 2294
3 2235 2236 2296
3 2235 2296 2295
3 2236 2237 2297
3 2236 2297 2296
3 2237 2238 2298
3 2237 2298 2297
3 2238 2239 2299
3 2238 2299 2298
3 2239 2240 2300
3 2239 2300 2299
3 2240 2241 2301
3 2240 2301 2300
3 2241 2242 2302
3 2241 2302 2301
3 2242 2243 2303
3 2242 2303 2302
3 2243 2244 2304
3 2243 2304 2303
3 2244 2245 2305
3 2244 2305 2304
3 2245 2246 2306
3 2245 2306 2305
3 2246 2247 2307
3 2246 2307 2306
3 2247 2248 2308
3 2247 2308 2307
3 2248 2249 2309
3 2248 2309 2308
3 2249 2250 2310
3 2249 2310 2309
3 2250 2251 2311
3 2250 2311 2310
3 2251 2252 2312
3 2251 2312 2311
3 2252 2253 2313
3 2252 2313 2312
3 2253 2254 2314
3 2253 2314 2313
3 2254 2255 2315
3 2254 2315 2314
3 2255 2256 2316
3 2255 2316 2315
3 2256 2257 2317
3 2256 2317 2316
3 2257 2258 2318
3 2257 2318 2317
3 2258 2259 2319
3 2258 2319 2318
3 2259 2260 2320
3 2259 2320 2319
3 2260 2261 2321
3 2260 2321 2320
3 2261 2262 2322
3 2261 2322 2321
3 2262 2263 2323
3 2262 2323 2322
3 2263 2264 2324
3 2263 2324 2323
3 2264 2265 2325
3 2264 2325 2324
3 2265 2266 2326
3 2265 2326 2325
3 2266 2267 2327
3 2266 2327 2326
3 2267 2268 2328
3 2267 2328 2327
3 2268 2269 2329
3 2268 2329 2328
3 2269 2270 2330
3 2269 2330 2329
3 2270 2271 2331
3 2270 2331 2330
3 2271 2272 2332
3 2271 2332 2331
3 2272 2273 2333
3 2272 2333 2332
3 2273 2274 2334
3 2273 2334 2333
3 2274 2275 2335
3 2274 2335 2334
3 2275 2276 2336
3 2275 2336 2335
3 2276 2277 2337
3 2276 2337 2336
3 2277 2278 2338
3 2277 2338 2337
3 2278 2279 2339
3 2278 2339 2338
3 2279 2280 2340
3 2279 2340 2339
3 2280 2281 2341
3 2280 2341 2340
3 2281 2282 2342
3 2281 2342 2341
3 2282 2283 2343
3 2282 2343 2342
3 2283 2284 2344
3 2283 2344 2343
3 2284 2285 2345
3 2284 2345 2344
3 2285 2286 2346
3 2285 2346 2345
3 2286 2287 2347
3 2286 2347 2346
3 2287 2288 2348
3 2287 2348 2347
3 2288 2289 2349
3 2288 2349 2348
3 2289 101 102
3 2289 102 2349
3 37 2290 2350
3 37 2350 38
3 2290 2291 2351
3 2290 2351 2350
3 2291 2292 2352
3 2291 2352 2351
3 2292 2293 2353
3 2292 2353 2352
3 2293 2294 2354
3 2293 2354 2353
3 2294 2295 2355
3 2294 2355 2354
3 2295 2296 2356
3 2295 2356 2355
3 2296 2297 2357
3 2296 2357 2356
3 2297 2298 2358
3 2297 2358 2357
3 2298 2299 2359
3 2298 2359 2358
3 2299 2300 2360
3 2299 2360 2359
3 2300 2301 2361
3 2300 2361 2360
3 2301 2302 2362
3 2301 2362 2361
3 2302 2303 2363
3 2302 2363 2362
3 2303 2304 2364
3 2303 2364 2363
3 2304 2305 2365
3 2304 2365 2364
3 2305 2306 2366
3 2305 2366 2365
3 2306 2307 2367
3 2306 2367 2366
3 2307 2308 2368
3 2307 2368 2367
3 2308 2309 2369
3 2308 2369 2368
3 2309 2310 2370
3 2309 2370 2369
3 2310 2311 2371
3 2310 2371 2370
3 2311 2312 2372
3 2311 2372 2371
3 2312 2313 2373
3 2312 2373 2372
3 2313 2314 2374
3 2313 2374 2373
3 2314 2315 2375
3 2314 2375 2374
3 2315 2316 2376
3 2315 2376 2375
3 2316 2317 2377
3 2316 2377 2376
3 2317 2318 2378
3 2317 2378 2377
3 2318 2319 2379
3 2318 2379 2378
3 2319 2320 2380
3 2319 2380 2379
3 2320 2321 2381
3 2320 2381 2380
3 2321 2322 2382
3 2321 2382 2381
3 2322 2323 2383
3 2322 2383 2382
3 2323 2324 2384
3 2323 2384 2383
3 2324 2325 2385
3 2324 2385 2384
3 2325 2326 2386
3 2325 2386 2385
3 2326 2327 2387
3 2326 2387 2386
3 2327 2328 2388
3 2327 2388 2387
3 2328 2329 2389
3 2328 2389 2388
3 2329 2330 2390
3 2329 2390 2389
3 2330 2331 2391
3 2330 2391 2390
3 2331 2332 2392
3 2331 2392 2391
3 2332 2333 2393
3 2332 2393 2392
3 2333 2334 2394
3 2333 2394 2393
3 2334 2335 2395
3 2334 2395 2394
3 2335 2336 2396
3 2335 2396 2395
3 2336 2337 2397
3 2336 2397 2396
3 2337 2338 2398
3 2337 2398 2397
3 2338 2339 2399
3 2338 2399 2398
3 2339 2340 2400
3 2339 2400 2399
3 2340 2341 2401
3 2340 2401 2400
3 2341 2342 2402
3 2341 2402 2401
3 2342 2343 2403
3 2342 2403 2402
3 2343 2344 2404
3 2343 2404 2403
3 2344 2345 2405
3 2344 2405 2404
3 2345 2346 2406
3 2345 2406 2405
3 2346 2347 2407
3 2346 2407 2406
3 2347 2348 2408
3 2347 2408 2407
3 2348 2349 2409
3 2348 2409 2408
3 2349 102 103
3 2349 103 2409
3 38 2350 2410
3 38 2410 39
3 2350 2351 2411
3 2350 2411 2410
3 2351 2352 2412
3 2351 2412 2411
3 2352 2353 2413
3 2352 2413 2412
3 2353 2354 2414
3 2353 2414 2413
3 2354 2355 2415
3 2354 2415 2414
3 2355 2356 2416
3 2355 2416 2415
3 2356 2357 2417
3 2356 2417 2416
3 2357 2358 2418
3 2357 2418 2417
3 2358 2359 2419
3 2358 2419 2418
3 2359 2360 2420
3 2359 2420 2419
3 2360 2361 2421
3 2360 2421 2420
3 2361 2362 2422
3 2361 2422 2421
3 2362 2363 2423
3 2362 2423 2422
3 2363 2364 2424
3 2363 2424 2423
3 2364 2365 2425
3 2364 2425 2424
3 2365 2366 2426
3 2365 2426 2425
3 2366 2367 2427
3 2366 2427 2426
3 2367 2368 2428
3 2367 2428 2427
3 2368 2369 2429
3 2368 2429 2428
3 2369 2370 2430
3 2369 2430 2429
3 2370 2371 2431
3 2370 2431 2430
3 2371 2372 2432
3 2371 2432 2431
3 2372 2373 2433
3 2372 2433 2432
3 2373 2374 2434
3 2373 2434 2433
3 2374 2375 2435
3 2374 2435 2434
3 2375 2376 2436
3 2375 2436 2435
3 2376 2377 2437
3 2376 2437 2436
3 2377 2378 2438
3 2377 2438 2437
3 2378 2379 2439
3 2378 2439 2438
3 2379 2380 2440
3 2379 2440 2439
3 2380 2381 2441
3 2380 2441 2440
3 2381 2382 2442
3 2381 2442 2441
3 2382 2383 2443
3 2382 2443 2442
3 2383 2384 2444
3 2383 2444 2443
3 2384 2385 2445
3 2384 2445 2444
3 2385 2386 2446
3 2385 2446 2445
3 2386 2387 2447
3 2386 2447 2446
3 2387 2388 2448
3 2387 2448 2447
3 2388 2389 2449
3 2388 2449 2448
3 2389 2390 2450
3 2389 2450 2449
3 2390 2391 2451
3 2390 2451 2450
3 2391 2392 2452
3 2391 2452 2451
3 2392 2393 2453
3 2392 2453 2452
3 2393 2394 2454
3 2393 2454 2453
3 2394 2395 2455
3 2394 2455 2454
3 2395 2396 2456
3 2395 2456 2455
3 2396 2397 2457
3 2396 2457 2456
3 2397 2398 2458
3 2397 2458 2457
3 2398 2399 2459
3 2398 2459 2458
3 2399 2400 2460
3 2399 2460 2459
3 2400 2401 2461
3 2400 2461 2460
3 2401 2402 2462
3 2401 2462 2461
3 2402 2403 2463
3 2402 2463 2462
3 2403 2404 2464
3 2403 2464 2463
3 2404 2405 2465
3 2404 2465 2464
3 2405 2406 2466
3 2405 2466 2465
3 2406 2407 2467
3 2406 2467 2466
3 2407 2408 2468
3 2407 2468 2467
3 2408 2409 2469
3 2408 2469 2468
3 2409 103 104
3 2409 104 2469
3 39 2410 2470
3 39 2470 40
3 2410 2411 2471
3 2410 2471 2470
3 2411 2412 2472
3 2411 2472 2471
3 2412 2413 2473
3 2412 2473 2472
3 2413 2414 2474
3 2413 2474 2473
3 2414 2415 2475
3 2414 2475 2474
3 2415 2416 2476
3 2415 2476 2475
3 2416 2417 2477
3 2416 2477 2476
3 2417 2418 2478
3 2417 2478 2477
3 2418 2419 2479
3 2418 2479 2478
3 2419 2420 2480
3 2419 2480 2479
3 2420 2421 2481
3 2420 2481 2480
3 2421 2422 2482
3 2421 2482 2481
3 2422 2423 2483
3 2422 2483 2482
3 2423 2424 2484
3 2423 2484 2483
3 2424 2425 2485
3 2424 2485 2484
3 2425 2426 2486
3 2425 2486 2485
3 2426 2427 2487
3 2426 2487 2486
3 2427 2428 2488
3 2427 2488 2487
3 2428 2429 2489
3 2428 2489 2488
3 2429 2430 2490
3 2429 2490 2489
3 2430 2431 2491
3 2430 2491 2490
3 2431 2432 2492
3 2431 2492 2491
3 2432 2433 2493
3 2432 2493 2492
3 2433 2434 2494
3 2433 2494 2493
3 2434 2435 2495
3 2434 2495 2494
3 2435 2436 2496
3 2435 2496 2495
3 2436 2437 2497
3 2436 2497 2496
3 2437 2438 2498
3 2437 2498 2497
3 2438 2439 2499
3 2438 2499 2498
3 2439 2440 2500
3 2439 2500 2499
3 2440 2441 2501
3 2440 2501 2500
3 2441 2442 2502
3 2441 2502 2501
3 2442 2443 2503
3 2442 2503 2502
3 2443 2444 2504
3 2443 2504 2503
3 2444 2445 2505
3 2444 2505 2504
3 2445 2446 2506
3 2445 2506 2505
3 2446 2447 2507
3 2446 2507 2506
3 2447 2448 2508
3 2447 2508 2507
3 2448 2449 2509
3 2448 2509 2508
3 2449 2450 2510
3 2449 2510 2509
3 2450 2451 2511
3 2450 2511 2510
3 2451 2452 2512
3 2451 2512 2511
3 2452 2453 2513
3 2452 2513 2512
3 2453 2454 2514
3 2453 2514 2513
3 2454 2455 2515
3 2454 2515 2514
3 2455 2456 2516
3 2455 2516 2515
3 2456 2457 2517
3 2456 2517 2516
3 2457 2458 2518
3 2457 2518 2517
3 2458 2459 2519
3 2458 2519 2518
3 2459 2460 2520
3 2459 2520 2519
3 2460 2461 2521
3 2460 2521 2520
3 2461 2462 2522
3 2461 2522 2521
3 2462 2463 2523
3 2462 2523 2522
3 2463 2464 2524
3 2463 2524 2523
3 2464 2465 2525
3 2464 2525 2524
3 2465 2466 2526
3 2465 2526 2525
3 2466 2467 2527
3 2466 2527 2526
3 2467 2468 2528
3 2467 2528 2527
3 2468 2469 2529
3 2468 2529 2528
3 2469 104 105
3 2469 105 2529
3 40 2470 2530
3 40 2530 41
3 2470 2471 2531
3 2470 2531 2530
3 2471 2472 2532
3 2471 2532 2531
3 2472 2473 2533
3 2472 2533 2532
3 2473 2474 2534
3 2473 2534 2533
3 2474 2475 2535
3 2474 2535 2534
3 2475 2476 2536
3 2475 2536 2535
3 2476 2477 2537
3 2476 2537 2536
3 2477 2478 2538
3 2477 2538 2537
3 2478 2479 2539
3 2478 2539 2538
3 2479 2480 2540
3 2479 2540 2539
3 2480 2481 2541
3 2480 2541 2540
3 2481 2482 2542
3 2481 2542 2541
3 2482 2483 2543
3 2482 2543 2542
3 2483 2484 2544
3 2483 2544 2543
3 2484 2485 2545
3 2484 2545 2544
3 2485 2486 2546
3 2485 2546 2545
3 2486 2487 2547
3 2486 2547 2546
3 2487 2488 2548
3 2487 2548 2547
3 2488 2489 2549
3 2488 2549 2548
3 2489 2490 2550
3 2489 2550 2549
3 2490 2491 2551
3 2490 2551 2550
3 2491 2492 2552
3 2491 2552 2551
3 2492 2493 2553
3 2492 2553 2552
3 2493 2494 2554
3 2493 2554 2553
3 2494 2495 2555
3 2494 2555 2554
3 2495 2496 2556
3 2495 2556 2555
3 2496 2497 2557
3 2496 2557 2556
3 2497 2498 2558
3 2497 2558 2557
3 2498 2499 2559
3 2498 2559 2558
3 2499 2500 2560
3 2499 2560 2559
3 2500 2501 2561
3 2500 2561 2560
3 2501 2502 2562
3 2501 2562 2561
3 2502 2503 2563
3 2502 2563 2562
3 2503 2504 2564
3 2503 2564 2563
3 2504 2505 2565
3 2504 2565 2564
3 2505 2506 2566
3 2505 2566 2565
3 2506 2507 2567
3 2506 2567 2566
3 2507 2508 2568
3 2507 2568 2567
3 2508 2509 2569
3 2508 2569 2568
3 2509 2510 2570
3 2509 2570 2569
3 2510 2511 2571
3 2510 2571 2570
3 2511 2512 2572
3 2511 2572 2571
3 2512 2513 2573
3 2512 2573 2572
3 2513 2514 2574
3 2513 2574 2573
3 2514 2515 2575
3 2514 2575 2574
3 2515 2516 2576
3 2515 2576 2575
3 2516 2517 2577
3 2516 2577 2576
3 2517 2518 2578
3 2517 2578 2577
3 2518 2519 2579
3 2518 2579 2578
3 2519 2520 2580
3 2519 2580 2579
3 2520 2521 2581
3 2520 2581 2580
3 2521 2522 2582
3 2521 2582 2581
3 2522 2523 2583
3 2522 2583 2582
3 2523 2524 2584
3 2523 2584 2583
3 2524 2525 2585
3 2524 2585 2584
3 2525 2526 2586
3 2525 2586 2585
3 2526 2527 2587
3 2526 2587 2586
3 2527 2528 2588
3 2527 2588 2587
3 2528 2529 2589
3 2528 2589 2588
3 2529 105 106
3 2529 106 2589
3 41 2530 2590
3 41 2590 42
3 2530 2531 2591
3 2530 2591 2590
3 2531 2532 2592
3 2531 2592 2591
3 2532 2533 2593
3 2532 2593 2592
3 2533 2534 2594
3 2533 2594 2593
3 2534 2535 2595
3 2534 2595 2594
3 2535 2536 2596
3 2535 2596 2595
3 2536 2537 2597
3 2536 2597 2596
3 2537 2538 2598
3 2537 2598 2597
3 2538 2539 2599
3 2538 2599 2598
3 2539 2540 2600
3 2539 2600 2599
3 2540 2541 2601
3 2540 2601 2600
3 2541 2542 2602
3 2541 2602 2601
3 2542 2543 2603
3 2542 2603 2602
3 2543 2544 2604
3 2543 2604 2603
3 2544 2545 2605
3 2544 2605 2604
3 2545 2546 2606
3 2545 2606 2605
3 2546 2547 2607
3 2546 2607 2606
3 2547 2548 2608
3 2547 2608 2607
3 2548 2549 2609
3 2548 2609 2608
3 2549 2550 2610
3 2549 2610 2609
3 2550 2551 2611
3 2550 2611 2610
3 2551 2552 2612
3 2551 2612 2611
3 2552 2553 2613
3 2552 2613 2612
3 2553 2554 2614
3 2553 2614 2613
3 2554 2555 2615
3 2554 2615 2614
3 2555 2556 2616
3 2555 2616 2615
3 2556 2557 2617
3 2556 2617 2616
3 2557 2558 2618
3 2557 2618 2617
3 2558 2559 2619
3 2558 2619 2618
3 2559 2560 2620
3 2559 2620 2619
3 2560 2561 2621
3 2560 2621 2620
3 2561 2562 2622
3 2561 2622 2621
3 2562 2563 2623
3 2562 2623 2622
3 2563 2564 2624
3 2563 2624 2623
3 2564 2565 2625
3 2564 2625 2624
3 2565 2566 2626
3 2565 2626 2625
3 2566 2567 2627
3 2566 2627 2626
3 2567 2568 2628
3 2567 2628 2627
3 2568 2569 2629
3 2568 2629 2628
3 2569 2570 2630
3 2569 2630 2629
3 2570 2571 2631
3 2570 2631 2630
3 2571 2572 2632
3 2571 2632 2631
3 2572 2573 2633
3 2572 2633 2632
3 2573 2574 2634
3 2573 2634 2633
3 2574 2575 2635
3 2574 2635 2634
3 2575 2576 2636
3 2575 2636 2635
3 2576 2577 2637
3 2576 2637 2636
3 2577 2578 2638
3 2577 2638 2637
3 2578 2579 2639
3 2578 2639 2638
3 2579 2580 2640
3 2579 2640 2639
3 2580 2581 2641
3 2580 2641 2640
3 2581 2582 2642
3 2581 2642 2641
3 2582 2583 2643
3 2582 2643 2642
3 2583 2584 2644
3 2583 2644 2643
3 2584 2585 2645
3 2584 2645 2644
3 2585 2586 2646
3 2585 2646 2645
3 2586 2587 2647
3 2586 2647 2646
3 2587 2588 2648
3 2587 2648 2647
3 2588 2589 2649
3 2588 2649 2648
3 2589 106 107
3 2589 107 2649
3 42 2590 2650
3 42 2650 43
3 2590 2591 2651
3 2590 2651 2650
3 2591 2592 2652
3 2591 2652 2651
3 2592 2593 2653
3 2592 2653 2652
3 2593 2594 2654
3 2593 2654 2653
3 2594 2595 2655
3 2594 2655 2654
3 2595 2596 2656
3 2595 2656 2655
3 2596 2597 2657
3 2596 2657 2656
3 2597 2598 2658
3 2597 2658 2657
3 2598 2599 2659
3 2598 2659 2658
3 2599 2600 2660
3 2599 2660 2659
3 2600 2601 2661
3 2600 2661 2660
3 2601 2602 2662
3 2601 2662 2661
3 2602 2603 2663
3 2602 2663 2662
3 2603 2604 2664
3 2603 2664 2663
3 2604 2605 2665
3 2604 2665 2664
3 2605 2606 2666
3 2605 2666 2665
3 2606 2607 2667
3 2606 2667 2666
3 2607 2608 2668
3 2607 2668 2667
3 2608 2609 2669
3 2608 2669 2668
3 2609 2610 2670
3 2609 2670 2669
3 2610 2611 2671
3 2610 2671 2670
3 2611 2612 2672
3 2611 2672 2671
3 2612 2613 2673
3 2612 2673 2672
3 2613 2614 2674
3 2613 2674 2673
3 2614 2615 2675
3 2614 2675 2674
3 2615 2616 2676
3 2615 2676 2675
3 2616 2617 2677
3 2616 2677 2676
3 2617 2618 2678
3 2617 2678 2677
3 2618 2619 2679
3 2618 2679 2678
3 2619 2620 2680
3 2619 2680 2679
3 2620 2621 2681
3 2620 2681 2680
3 2621 2622 2682
3 2621 2682 2681
3 2622 2623 2683
3 2622 2683 2682
3 2623 2624 2684
3 2623 2684 2683
3 2624 2625 2685
3 2624 2685 2684
3 2625 2626 2686
3 2625 2686 2685
3 2626 2627 2687
3 2626 2687 2686
3 2627 2628 2688
3 2627 2688 2687
3 2628 2629 2689
3 2628 2689 2688
3 2629 2630 2690
3 2629 2690 2689
3 2630 2631 2691
3 2630 2691 2690
3 2631 2632 2692
3 2631 2692 2691
3 2632 2633 2693
3 2632 2693 2692
3 2633 2634 2694
3 2633 2694 2693
3 2634 2635 2695
3 2634 2695 2694
3 2635 2636 2696
3 2635 2696 2695
3 2636 2637 2697
3 2636 2697 2696
3 2637 2638 2698
3 2637 2698 2697
3 2638 2639 2699
3 2638 2699 2698
3 2639 2640 2700
3 2639 2700 2699
3 2640 2641 2701
3 2640 2701 2700
3 2641 2642 2702
3 2641 2702 2701
3 2642 2643 2703
3 2642 2703 2702
3 2643 2644 2704
3 2643 2704 2703
3 2644 2645 2705
3 2644 2705 2704
3 2645 2646 2706
3 2645 2706 2705
3 2646 2647 2707
3 2646 2707 2706
3 2647 2648 2708
3 2647 2708 2707
3 2648 2649 2709
3 2648 2709 2708
3 2649 107 108
3 2649 108 2709
3 43 2650 2710
3 43 2710 44
3 2650 2651 2711
3 2650 2711 2710
3 2651 2652 2712
3 2651 2712 2711
3 2652 2653 2713
3 2652 2713 2712
3 2653 2654 2714
3 2653 2714 2713
3 2654 2655 2715
3 2654 2715 2714
3 2655 2656 2716
3 2655 2716 2715
3 2656 2657 2717
3 2656 2717 2716
3 2657 2658 2718
3 2657 2718 2717
3 2658 2659 2719
3 2658 2719 2718
3 2659 2660 2720
3 2659 2720 2719
3 2660 2661 2721
3 2660 2721 2720
3 2661 2662 2722
3 2661 2722 2721
3 2662 2663 2723
3 2662 2723 2722
3 2663 2664 2724
3 2663 2724 2723
3 2664 2665 2725
3 2664 2725 2724
3 2665 2666 2726
3 2665 2726 2725
3 2666 2667 2727
3 2666 2727 2726
3 2667 2668 2728
3 2667 2728 2727
3 2668 2669 2729
3 2668 2729 2728
3 2669 2670 2730
3 2669 2730 2729
3 2670 2671 2731
3 2670 2731 2730
3 2671 2672 2732
3 2671 2732 2731
3 2672 2673 2733
3 2672 2733 2732
3 2673 2674 2734
3 2673 2734 2733
3 2674 2675 2735
3 2674 2735 2734
3 2675 2676 2736
3 2675 2736 2735
3 2676 2677 2737
3 2676 2737 2736
3 2677 2678 2738
3 2677 2738 2737
3 2678 2679 2739
3 2678 2739 2738
3 2679 2680 2740
3 2679 2740 2739
3 2680 2681 2741
3 2680 2741 2740
3 2681 2682 2742
3 2681 2742 2741
3 2682 2683 2743
3 2682 2743 2742
3 2683 2684 2744
3 2683 2744 2743
3 2684 2685 2745
3 2684 2745 2744
3 2685 2686 2746
3 2685 2746 2745
3 2686 2687 2747
3 2686 2747 2746
3 2687 2688 2748
3 2687 2748 2747
3 2688 2689 2749
3 2688 2749 2748
3 2689 2690 2750
3 2689 2750 2749
3 2690 2691 2751
3 2690 2751 2750
3 2691 2692 2752
3 2691 2752 2751
3 2692 2693 2753
3 2692 2753 2752
3 2693 2694 2754
3 2693 2754 2753
3 2694 2695 2755
3 2694 2755 2754
3 2695 2696 2756
3 2695 2756 2755
3 2696 2697 2757
3 2696 2757 2756
3 2697 2698 2758
3 2697 2758 2757
3 2698 2699 2759
3 2698 2759 2758
3 2699 2700 2760
3 2699 2760 2759
3 2700 2701 2761
3 2700 2761 2760
3 2701 2702 2762
3 2701 2762 2761
3 2702 2703 2763
3 2702 2763 2762
3 2703 2704 2764
3 2703 2764 2763
3 2704 2705 2765
3 2704 2765 2764
3 2705 2706 2766
3 2705 2766 2765
3 2706 2707 2767
3 2706 2767 2766
3 2707 2708 2768
3 2707 2768 2767
3 2708 2709 2769
3 2708 2769 2768
3 2709 108 109
3 2709 109 2769
3 44 2710 2770
3 44 2770 45
3 2710 2711 2771
3 2710 2771 2770
3 2711 2712 2772
3 2711 2772 2771
3 2712 2713 2773
3 2712 2773 2772
3 2713 2714 2774
3 2713 2774 2773
3 2714 2715 2775
3 2714 2775 2774
3 2715 2716 2776
3 2715 2776 2775
3 2716 2717 2777
3 2716 2777 2776
3 2717 2718 2778
3 2717 2778 2777
3 2718 2719 2779
3 2718 2779 2778
3 2719 2720 2780
3 2719 2780 2779
3 2720 2721 2781
3 2720 2781 2780
3 2721 2722 2782
3 2721 2782 2781
3 2722 2723 2783
3 2722 2783 2782
3 2723 2724 2784
3 2723 2784 2783
3 2724 2725 2785
3 2724 2785 2784
3 2725 2726 2786
3 2725 2786 2785
3 2726 2727 2787
3 2726 2787 2786
3 2727 2728 2788
3 2727 2788 2787
3 2728 2729 2789
3 2728 2789 2788
3 2729 2730 2790
3 2729 2790 2789
3 2730 2731 2791
3 2730 2791 2790
3 2731 2732 2792
3 2731 2792 2791
3 2732 2733 2793
3 2732 2793 2792
3 2733 2734 2794
3 2733 2794 2793
3 2734 2735 2795
3 2734 2795 2794
3 2735 2736 2796
3 2735 2796 2795
3 2736 2737 2797
3 2736 2797 2796
3 2737 2738 2798
3 2737 2798 2797
3 2738 2739 2799
3 2738 2799 2798
3 2739 2740 2800
3 2739 2800 2799
3 2740 2741 2801
3 2740 2801 2800
3 2741 2742 2802
3 2741 2802 2801
3 2742 2743 2803
3 2742 2803 2802
3 2743 2744 2804
3 2743 2804 2803
3 2744 2745 2805
3 2744 2805 2804
3 2745 2746 2806
3 2745 2806 2805
3 2746 2747 2807
3 2746 2807 2806
3 2747 2748 2808
3 2747 2808 2807
3 2748 2749 2809
3 2748 2809 2808
3 2749 2750 2810
3 2749 2810 2809
3 2750 2751 2811
3 2750 2811 2810
3 2751 2752 2812
3 2751 2812 2811
3 2752 2753 2813
3 2752 2813 2812
3 2753 2754 2814
3 2753 2814 2813
3 2754 2755 2815
3 2754 2815 2814
3 2755 2756 2816
3 2755 2816 2815
3 2756 2757 2817
3 2756 2817 2816
3 2757 2758 2818
3 2757 2818 2817
3 2758 2759 2819
3 2758 2819 2818
3 2759 2760 2820
3 2759 2820 2819
3 2760 2761 2821
3 2760 2821 2820
3 2761 2762 2822
3 2761 2822 2821
3 2762 2763 2823
3 2762 2823 2822
3 2763 2764 2824
3 2763 2824 2823
3 2764 2765 2825
3 2764 2825 2824
3 2765 2766 2826
3 2765 2826 2825
3 2766 2767 2827
3 2766 2827 2826
3 2767 2768 2828
3 2767 2828 2827
3 2768 2769 2829
3 2768 2829 2828
3 2769 109 110
3 2769 110 2829
3 45 2770 2830
3 45 2830 46
3 2770 2771 2831
3 2770 2831 2830
3 2771 2772 2832
3 2771 2832 2831
3 2772 2773 2833
3 2772 2833 2832
3 2773 2774 2834
3 2773 2834 2833
3 2774 2775 2835
3 2774 2835 2834
3 2775 2776 2836
3 2775 2836 2835
3 2776 2777 2837
3 2776 2837 2836
3 2777 2778 2838
3 2777 2838 2837
3 2778 2779 2839
3 2778 2839 2838
3 2779 2780 2840
3 2779 2840 2839
3 2780 2781 2841
3 2780 2841 2840
3 2781 2782 2842
3 2781 2842 2841
3 2782 2783 2843
3 2782 2843 2842
3 2783 2784 2844
3 2783 2844 2843
3 2784 2785 2845
3 2784 2845 2844
3 2785 2786 2846
3 2785 2846 2845
3 2786 2787 2847
3 2786 2847 2846
3 2787 2788 2848
3 2787 2848 2847
3 2788 2789 2849
3 2788 2849 2848
3 2789 2790 2850
3 2789 2850 2849
3 2790 2791 2851
3 2790 2851 2850
3 2791 2792 2852
3 2791 2852 2851
3 2792 2793 2853
3 2792 2853 2852
3 2793 2794 2854
3 2793 2854 2853
3 2794 2795 2855
3 2794 2855 2854
3 2795 2796 2856
3 2795 2856 2855
3 2796 2797 2857
3 2796 2857 2856
3 2797 2798 2858
3 2797 2858 2857
3 2798 2799 2859
3 2798 2859 2858
3 2799 2800 2860
3 2799 2860 2859
3 2800 2801 2861
3 2800 2861 2860
3 2801 2802 2862
3 2801 2862 2861
3 2802 2803 2863
3 2802 2863 2862
3 2803 2804 2864
3 2803 2864 2863
3 2804 2805 2865
3 2804 2865 2864
3 2805 2806 2866
3 2805 2866 2865
3 2806 2807 2867
3 2806 2867 2866
3 2807 2808 2868
3 2807 2868 2867
3 2808 2809 2869
3 2808 2869 2868
3 2809 2810 2870
3 2809 2870 2869
3 2810 2811 2871
3 2810 2871 2870
3 2811 2812 2872
3 2811 2872 2871
3 2812 2813 2873
3 2812 2873 2872
3 2813 2814 2874
3 2813 2874 2873
3 2814 2815 2875
3 2814 2875 2874
3 2815 2816 2876
3 2815 2876 2875
3 2816 2817 2877
3 2816 2877 2876
3 2817 2818 2878
3 2817 2878 2877
3 2818 2819 2879
3 2818 2879 2878
3 2819 2820 2880
3 2819 2880 2879
3 2820 2821 2881
3 2820 2881 2880
3 2821 2822 2882
3 2821 2882 2881
3 2822 2823 2883
3 2822 2883 2882
3 2823 2824 2884
3 2823 2884 2883
3 2824 2825 2885
3 2824 2885 2884
3 2825 2826 2886
3 2825 2886 2885
3 2826 2827 2887
3 2826 2887 2886
3 2827 2828 2888
3 2827 2888 2887
3 2828 2829 2889
3 2828 2889 2888
3 2829 110 111
3 2829 111 2889
3 46 2830 2890
3 46 2890 47
3 2830 2831 2891
3 2830 2891 2890
3 2831 2832 2892
3 2831 2892 2891
3 2832 2833 2893
3 2832 2893 2892
3 2833 2834 2894
3 2833 2894 2893
3 2834 2835 2895
3 2834 2895 2894
3 2835 2836 2896
3 2835 2896 2895
3 2836 2837 2897
3 2836 2897 2896
3 2837 2838 2898
3 2837 2898 2897
3 2838 2839 2899
3 2838 2899 2898
3 2839 2840 2900
3 2839 2900 2899
3 2840 2841 2901
3 2840 2901 2900
3 2841 2842 2902
3 2841 2902 2901
3 2842 2843 2903
3 2842 2903 2902
3 2843 2844 2904
3 2843 2904 2903
3 2844 2845 2905
3 2844 2905 2904
3 2845 2846 2906
3 2845 2906 2905
3 2846 2847 2907
3 2846 2907 2906
3 2847 2848 2908
3 2847 2908 2907
3 2848 2849 2909
3 2848 2909 2908
3 2849 2850 2910
3 2849 2910 2909
3 2850 2851 2911
3 2850 2911 2910
3 2851 2852 2912
3 2851 2912 2911
3 2852 2853 2913
3 2852 2913 2912
3 2853 2854 2914
3 2853 2914 2913
3 2854 2855 2915
3 2854 2915 2914
3 2855 2856 2916
3 2855 2916 2915
3 2856 2857 2917
3 2856 2917 2916
3 2857 2858 2918
3 2857 2918 2917
3 2858 2859 2919
3 2858 2919 2918
3 2859 2860 2920
3 2859 2920 2919
3 2860 2861 2921
3 2860 2921 2920
3 2861 2862 2922
3 2861 2922 2921
3 2862 2863 2923
3 2862 2923 2922
3 2863 2864 2924
3 2863 2924 2923
3 2864 2865 2925
3 2864 2925 2924
3 2865 2866 2926
3 2865 2926 2925
3 2866 2867 2927
3 2866 2927 2926
3 2867 2868 2928
3 2867 2928 2927
3 2868 2869 2929
3 2868 2929 2928
3 2869 2870 2930
3 2869 2930 2929
3 2870 2871 2931
3 2870 2931 2930
3 2871 2872 2932
3 2871 2932 2931
3 2872 2873 2933
3 2872 2933 2932
3 2873 2874 2934
3 2873 2934 2933
3 2874 2875 2935
3 2874 2935 2934
3 2875 2876 2936
3 2875 2936 2935
3 2876 2877 2937
3 2876 2937 2936
3 2877 2878 2938
3 2877 2938 2937
3 2878 2879 2939
3 2878 2939 2938
3 2879 2880 2940
3 2879 2940 2939
3 2880 2881 2941
3 2880 2941 2940
3 2881 2882 2942
3 2881 2942 2941
3 2882 2883 2943
3 2882 2943 2942
3 2883 2884 2944
3 2883 2944 2943
3 2884 2885 2945
3 2884 2945 2944
3 2885 2886 2946
3 2885 2946 2945
3 2886 2887 2947
3 2886 2947 2946
3 2887 2888 2948
3 2887 2948 2947
3 2888 2889 2949
3 2888 2949 2948
3 2889 111 112
3 2889 112 2949
3 47 2890 2950
3 47 2950 48
3 2890 2891 2951
3 2890 2951 2950
3 2891 2892 2952
3 2891 2952 2951
3 2892 2893 2953
3 2892 2953 2952
3 2893 2894 2954
3 2893 2954 2953
3 2894 2895 2955
3 2894 2955 2954
3 2895 2896 2956
3 2895 2956 2955
3 2896 2897 2957
3 2896 2957 2956
3 2897 2898 2958
3 2897 2958 2957
3 2898 2899 2959
3 2898 2959 2958
3 2899 2900 2960
3 2899 2960 2959
3 2900 2901 2961
3 2900 2961 2960
3 2901 2902 2962
3 2901 2962 2961
3 2902 2903 2963
3 2902 2963 2962
3 2903 2904 2964
3 2903 2964 2963
3 2904 2905 2965
3 2904 2965 2964
3 2905 2906 2966
3 2905 2966 2965
3 2906 2907 2967
3 2906 2967 2966
3 2907 2908 2968
3 2907 2968 2967
3 2908 2909 2969
3 2908 2969 2968
3 2909 2910 2970
3 2909 2970 2969
3 2910 2911 2971
3 2910 2971 2970
3 2911 2912 2972
3 2911 2972 2971
3 2912 2913 2973
3 2912 2973 2972
3 2913 2914 2974
3 2913 2974 2973
3 2914 2915 2975
3 2914 2975 2974
3 2915 2916 2976
3 2915 2976 2975
3 2916 2917 2977
3 2916 2977 2976
3 2917 2918 2978
3 2917 2978 2977
3 2918 2919 2979
3 2918 2979 2978
3 2919 2920 2980
3 2919 2980 2979
3 2920 2921 2981
3 2920 2981 2980
3 2921 2922 2982
3 2921 2982 2981
3 2922 2923 2983
3 2922 2983 2982
3 2923 2924 2984
3 2923 2984 2983
3 2924 2925 2985
3 2924 2985 2984
3 2925 2926 2986
3 2925 2986 2985
3 2926 2927 2987
3 2926 2987 2986
3 2927 2928 2988
3 2927 2988 2987
3 2928 2929 2989
3 2928 2989 2988
3 2929 2930 2990
3 2929 2990 2989
3 2930 2931 2991
3 2930 2991 2990
3 2931 2932 2992
3 2931 2992 2991
3 2932 2933 2993
3 2932 2993 2992
3 2933 2934 2994
3 2933 2994 2993
3 2934 2935 2995
3 2934 2995 2994
3 2935 2936 2996
3 2935 2996 2995
3 2936 2937 2997
3 2936 2997 2996
3 2937 2938 2998
3 2937 2998 2997
3 2938 2939 2999
3 2938 2999 2998
3 2939 2940 3000
3 2939 3000 2999
3 2940 2941 3001
3 2940 3001 3000
3 2941 2942 3002
3 2941 3002 3001
3 2942 2943 3003
3 2942 3003 3002
3 2943 2944 3004
3 2943 3004 3003
3 2944 2945 3005
3 2944 3005 3004
3 2945 2946 3006
3 2945 3006 3005
3 2946 2947 3007
3 2946 3007 3006
3 2947 2948 3008
3 2947 3008 3007
3 2948 2949 3009
3 2948 3009 3008
3 2949 112 113
3 2949 113 3009
3 48 2950 3010
3 48 3010 49
3 2950 2951 3011
3 2950 3011 3010
3 2951 2952 3012
3 2951 3012 3011
3 2952 2953 3013
3 2952 3013 3012
3 2953 2954 3014
3 2953 3014 3013
3 2954 2955 3015
3 2954 3015 3014
3 2955 2956 3016
3 2955 3016 3015
3 2956 2957 3017
3 2956 3017 3016
3 2957 2958 3018
3 2957 3018 3017
3 2958 2959 3019
3 2958 3019 3018
3 2959 2960 3020
3 2959 3020 3019
3 2960 2961 3021
3 2960 3021 3020
3 2961 2962 3022
3 2961 3022 3021
3 2962 2963 3023
3 2962 3023 3022
3 2963 2964 3024
3 2963 3024 3023
3 2964 2965 3025
3 2964 3025 3024
3 2965 2966 3026
3 2965 3026 3025
3 2966 2967 3027
3 2966 3027 3026
3 2967 2968 3028
3 2967 3028 3027
3 2968 2969 3029
3 2968 3029 3028
3 2969 2970 3030
3 2969 3030 3029
3 2970 2971 3031
3 2970 3031 3030
3 2971 2972 3032
3 2971 3032 3031
3 2972 2973 3033
3 2972 3033 3032
3 2973 2974 3034
3 2973 3034 3033
3 2974 2975 3035
3 2974 3035 3034
3 2975 2976 3036
3 2975 3036 3035
3 2976 2977 3037
3 2976 3037 3036
3 2977 2978 3038
3 2977 3038 3037
3 2978 2979 3039
3 2978 3039 3038
3 2979 2980 3040
3 2979 3040 3039
3 2980 2981 3041
3 2980 3041 3040
3 2981 2982 3042
3 2981 3042 3041
3 2982 2983 3043
3 2982 3043 3042
3 2983 2984 3044
3 2983 3044 3043
3 2984 2985 3045
3 2984 3045 3044
3 2985 2986 3046
3 2985 3046 3045
3 2986 2987 3047
3 2986 3047 3046
3 2987 2988 3048
3 2987 3048 3047
3 2988 2989 3049
3 2988 3049 3048
3 2989 2990 3050
3 2989 3050 3049
3 2990 2991 3051
3 2990 3051 3050
3 2991 2992 3052
3 2991 3052 3051
3 2992 2993 3053
3 2992 3053 3052
3 2993 2994 3054
3 2993 3054 3053
3 2994 2995 3055
3 2994 3055 3054
3 2995 2996 3056
3 2995 3056 3055
3 2996 2997 3057
3 2996 3057 3056
3 2997 2998 3058
3 2997 3058 3057
3 2998 2999 3059
3 2998 3059 3058
3 2999 3000 3060
3 2999 3060 3059
3 3000 3001 3061
3 3000 3061 3060
3 3001 3002 3062
3 3001 3062 3061
3 3002 3003 3063
3 3002 3063 3062
3 3003 3004 3064
3 3003 3064 3063
3 3004 3005 3065
3 3004 3065 3064
3 3005 3006 3066
3 3005 3066 3065
3 3006 3007 3067
3 3006 3067 3066
3 3007 3008 3068
3 3007 3068 3067
3 3008 3009 3069
3 3008 3069 3068
3 3009 113 114
3 3009 114 3069
3 49 3010 3070
3 49 3070 50
3 3010 3011 3071
3 3010 3071 3070
3 3011 3012 3072
3 3011 3072 3071
3 3012 3013 3073
3 3012 3073 3072
3 3013 3014 3074
3 3013 3074 3073
3 3014 3015 3075
3 3014 3075 3074
3 3015 3016 3076
3 3015 3076 3075
3 3016 3017 3077
3 3016 3077 3076
3 3017 3018 3078
3 3017 3078 3077
3 3018 3019 3079
3 3018 3079 3078
3 3019 3020 3080
3 3019 3080 3079
3 3020 3021 3081
3 3020 3081 3080
3 3021 3022 3082
3 3021 3082 3081
3 3022 3023 3083
3 3022 3083 3082
3 3023 3024 3084
3 3023 3084 3083
3 3024 3025 3085
3 3024 3085 3084
3 3025 3026 3086
3 3025 3086 3085
3 3026 3027 3087
3 3026 3087 3086
3 3027 3028 3088
3 3027 3088 3087
3 3028 3029 3089
3 3028 3089 3088
3 3029 3030 3090
3 3029 3090 3089
3 3030 3031 3091
3 3030 3091 3090
3 3031 3032 3092
3 3031 3092 3091
3 3032 3033 3093
3 3032 3093 3092
3 3033 3034 3094
3 3033 3094 3093
3 3034 3035 3095
3 3034 3095 3094
3 3035 3036 3096
3 3035 3096 3095
3 3036 3037 3097
3 3036 3097 3096
3 3037 3038 3098
3 3037 3098 3097
3 3038 3039 3099
3 3038 3099 3098
3 3039 3040 3100
3 3039 3100 3099
3 3040 3041 3101
3 3040 3101 3100
3 3041 3042 3102
3 3041 3102 3101
3 3042 3043 3103
3 3042 3103 3102
3 3043 3044 3104
3 3043 3104 3103
3 3044 3045 3105
3 3044 3105 3104
3 3045 3046 3106
3 3045 3106 3105
3 3046 3047 3107
3 3046 3107 3106
3 3047 3048 3108
3 3047 3108 3107
3 3048 3049 3109
3 3048 3109 3108
3 3049 3050 3110
3 3049 3110 3109
3 3050 3051 3111
3 3050 3111 3110
3 3051 3052 3112
3 3051 3112 3111
3 3052 3053 3113
3 3052 3113 3112
3 3053 3054 3114
3 3053 3114 3113
3 3054 3055 3115
3 3054 3115 3114
3 3055 3056 3116
3 3055 3116 3115
3 3056 3057 3117
3 3056 3117 3116
3 3057 3058 3118
3 3057 3118 3117
3 3058 3059 3119
3 3058 3119 3118
3 3059 3060 3120
3 3059 3120 3119
3 3060 3061 3121
3 3060 3121 3120
3 3061 3062 3122
3 3061 3122 3121
3 3062 3063 3123
3 3062 3123 3122
3 3063 3064 3124
3 3063 3124 3123
3 3064 3065 3125
3 3064 3125 3124
3 3065 3066 3126
3 3065 3126 3125
3 3066 3067 3127
3 3066 3127 3126
3 3067 3068 3128
3 3067 3128 3127
3 3068 3069 3129
3 3068 3129 3128
3 3069 114 115
3 3069 115 3129
3 50 3070 3130
3 50 3130 51
3 3070 3071 3131
3 3070 3131 3130
3 3071 3072 3132
3 3071 3132 3131
3 3072 3073 3133
3 3072 3133 3132
3 3073 3074 3134
3 3073 3134 3133
3 3074 3075 3135
3 3074 3135 3134
3 3075 3076 3136
3 3075 3136 3135
3 3076 3077 3137
3 3076 3137 3136
3 3077 3078 3138
3 3077 3138 3137
3 3078 3079 3139
3 3078 3139 3138
3 3079 3080 3140
3 3079 3140 3139
3 3080 3081 3141
3 3080 3141 3140
3 3081 3082 3142
3 3081 3142 3141
3 3082 3083 3143
3 3082 3143 3142
3 3083 3084 3144
3 3083 3144 3143
3 3084 3085 3145
3 3084 3145 3144
3 3085 3086 3146
3 3085 3146 3145
3 3086 3087 3147
3 3086 3147 3146
3 3087 3088 3148
3 3087 3148 3147
3 3088 3089 3149
3 3088 3149 3148
3 3089 3090 3150
3 3089 3150 3149
3 3090 3091 3151
3 3090 3151 3150
3 3091 3092 3152
3 3091 3152 3151
3 3092 3093 3153
3 3092 3153 3152
3 3093 3094 3154
3 3093 3154 3153
3 3094 3095 3155
3 3094 3155 3154
3 3095 3096 3156
3 3095 3156 3155
3 3096 3097 3157
3 3096 3157 3156
3 3097 3098 3158
3 3097 3158 3157
3 3098 3099 3159
3 3098 3159 3158
3 3099 3100 3160
3 3099 3160 3159
3 3100 3101 3161
3 3100 3161 3160
3 3101 3102 3162
3 3101 3162 3161
3 3102 3103 3163
3 3102 3163 3162
3 3103 3104 3164
3 3103 3164 3163
3 3104 3105 3165
3 3104 3165 3164
3 3105 3106 3166
3 3105 3166 3165
3 3106 3107 3167
3 3106 3167 3166
3 3107 3108 3168
3 3107 3168 3167
3 3108 3109 3169
3 3108 3169 3168
3 3109 3110 3170
3 3109 3170 3169
3 3110 3111 3171
3 3110 3171 3170
3 3111 3112 3172
3 3111 3172 3171
3 3112 3113 3173
3 3112 3173 3172
3 3113 3114 3174
3 3113 3174 3173
3 3114 3115 3175
3 3114 3175 3174
3 3115 3116 3176
3 3115 3176 3175
3 3116 3117 3177
3 3116 3177 3176
3 3117 3118 3178
3 3117 3178 3177
3 3118 3119 3179
3 3118 3179 3178
3 3119 3120 3180
3 3119 3180 3179
3 3120 3121 3181
3 3120 3181 3180
3 3121 3122 3182
3 3121 3182 3181
3 3122 3123 3183
3 3122 3183 3182
3 3123 3124 3184
3 3123 3184 3183
3 3124 3125 3185
3 3124 3185 3184
3 3125 3126 3186
3 3125 3186 3185
3 3126 3127 3187
3 3126 3187 3186
3 3127 3128 3188
3 3127 3188 3187
3 3128 3129 3189
3 3128 3189 3188
3 3129 115 116
3 3129 116 3189
3 51 3130 3190
3 51 3190 52
3 3130 3131 3191
3 3130 3191 3190
3 3131 3132 3192
3 3131 3192 3191
3 3132 3133 3193
3 3132 3193 3192
3 3133 3134 3194
3 3133 3194 3193
3 3134 3135 3195
3 3134 3195 3194
3 3135 3136 3196
3 3135 3196 3195
3 3136 3137 3197
3 3136 3197 3196
3 3137 3138 3198
3 3137 3198 3197
3 3138 3139 3199
3 3138 3199 3198
3 3139 3140 3200
3 3139 3200 3199
3 3140 3141 3201
3 3140 3201 3200
3 3141 3142 3202
3 3141 3202 3201
3 3142 3143 3203
3 3142 3203 3202
3 3143 3144 3204
3 3143 3204 3203
3 3144 3145 3205
3 3144 3205 3204
3 3145 3146 3206
3 3145 3206 3205
3 3146 3147 3207
3 3146 3207 3206
3 3147 3148 3208
3 3147 3208 3207
3 3148 3149 3209
3 3148 3209 3208
3 3149 3150 3210
3 3149 3210 3209
3 3150 3151 3211
3 3150 3211 3210
3 3151 3152 3212
3 3151 3212 3211
3 3152 3153 3213
3 3152 3213 3212
3 3153 3154 3214
3 3153 3214 3213
3 3154 3155 3215
3 3154 3215 3214
3 3155 3156 3216
3 3155 3216 3215
3 3156 3157 3217
3 3156 3217 3216
3 3157 3158 3218
3 3157 3218 3217
3 3158 3159 3219
3 3158 3219 3218
3 3159 3160 3220
3 3159 3220 3219
3 3160 3161 3221
3 3160 3221 3220
3 3161 3162 3222
3 3161 3222 3221
3 3162 3163 3223
3 3162 3223 3222
3 3163 3164 3224
3 3163 3224 3223
3 3164 3165 3225
3 3164 3225 3224
3 3165 3166 3226
3 3165 3226 3225
3 3166 3167 3227
3 3166 3227 3226
3 3167 3168 3228
3 3167 3228 3227
3 3168 3169 3229
3 3168 3229 3228
3 3169 3170 3230
3 3169 3230 3229
3 3170 3171 3231
3 3170 3231 3230
3 3171 3172 3232
3 3171 3232 3231
3 3172 3173 3233
3 3172 3233 3232
3 3173 3174 3234
3 3173 3234 3233
3 3174 3175 3235
3 3174 3235 3234
3 3175 3176 3236
3 3175 3236 3235
3 3176 3177 3237
3 3176 3237 3236
3 3177 3178 3238
3 3177 3238 3237
3 3178 3179 3239
3 3178 3239 3238
3 3179 3180 3240
3 3179 3240 3239
3 3180 3181 3241
3 3180 3241 3240
3 3181 3182 3242
3 3181 3242 3241
3 3182 3183 3243
3 3182 3243 3242
3 3183 3184 3244
3 3183 3244 3243
3 3184 3185 3245
3 3184 3245 3244
3 3185 3186 3246
3 3185 3246 3245
3 3186 3187 3247
3 3186 3247 3246
3 3187 3188 3248
3 3187 3248 3247
3 3188 3189 3249
3 3188 3249 3248
3 3189 116 117
3 3189 117 3249
3 52 3190 3250
3 52 3250 53
3 3190 3191 3251
3 3190 3251 3250
3 3191 3192 3252
3 3191 3252 3251
3 3192 3193 3253
3 3192 3253 3252
3 3193 3194 3254
3 3193 3254 3253
3 3194 3195 3255
3 3194 3255 3254
3 3195 3196 3256
3 3195 3256 3255
3 3196 3197 3257
3 3196 3257 3256
3 3197 3198 3258
3 3197 3258 3257
3 3198 3199 3259
3 3198 3259 3258
3 3199 3200 3260
3 3199 3260 3259
3 3200 3201 3261
3 3200 3261 3260
3 3201 3202 3262
3 3201 3262 3261
3 3202 3203 3263
3 3202 3263 3262
3 3203 3204 3264
3 3203 3264 3263
3 3204 3205 3265
3 3204 3265 3264
3 3205 3206 3266
3 3205 3266 3265
3 3206 3207 3267
3 3206 3267 3266
3 3207 3208 3268
3 3207 3268 3267
3 3208 3209 3269
3 3208 3269 3268
3 3209 3210 3270
3 3209 3270 3269
3 3210 3211 3271
3 3210 3271 3270
3 3211 3212 3272
3 3211 3272 3271
3 3212 3213 3273
3 3212 3273 3272
3 3213 3214 3274
3 3213 3274 3273
3 3214 3215 3275
3 3214 3275 3274
3 3215 3216 3276
3 3215 3276 3275
3 3216 3217 3277
3 3216 3277 3276
3 3217 3218 3278
3 3217 3278 3277
3 3218 3219 3279
3 3218 3279 3278
3 3219 3220 3280
3 3219 3280 3279
3 3220 3221 3281
3 3220 3281 3280
3 3221 3222 3282
3 3221 3282 3281
3 3222 3223 3283
3 3222 3283 3282
3 3223 3224 3284
3 3223 3284 3283
3 3224 3225 3285
3 3224 3285 3284
3 3225 3226 3286
3 3225 3286 3285
3 3226 3227 3287
3 3226 3287 3286
3 3227 3228 3288
3 3227 3288 3287
3 3228 3229 3289
3 3228 3289 3288
3 3229 3230 3290
3 3229 3290 3289
3 3230 3231 3291
3 3230 3291 3290
3 3231 3232 3292
3 3231 3292 3291
3 3232 3233 3293
3 3232 3293 3292
3 3233 3234 3294
3 3233 3294 3293
3 3234 3235 3295
3 3234 3295 3294
3 3235 3236 3296
3 3235 3296 3295
3 3236 3237 3297
3 3236 3297 3296
3 3237 3238 3298
3 3237 3298 3297
3 3238 3239 3299
3 3238 3299 3298
3 3239 3240 3300
3 3239 3300 3299
3 3240 3241 3301
3 3240 3301 3300
3 3241 3242 3302
3 3241 3302 3301
3 3242 3243 3303
3 3242 3303 3302
3 3243 3244 3304
3 3243 3304 3303
3 3244 3245 3305
3 3244 3305 3304
3 3245 3246 3306
3 3245 3306 3305
3 3246 3247 3307
3 3246 3307 3306
3 3247 3248 3308
3 3247 3308 3307
3 3248 3249 3309
3 3248 3309 3308
3 3249 117 118
3 3249 118 3309
3 53 3250 3310
3 53 3310 54
3 3250 3251 3311
3 3250 3311 3310
3 3251 3252 3312
3 3251 3312 3311
3 3252 3253 3313
3 3252 3313 3312
3 3253 3254 3314
3 3253 3314 3313
3 3254 3255 3315
3 3254 3315 3314
3 3255 3256 3316
3 3255 3316 3315
3 3256 3257 3317
3 3256 3317 3316
3 3257 3258 3318
3 3257 3318 3317
3 3258 3259 3319
3 3258 3319 3318
3 3259 3260 3320
3 3259 3320 3319
3 3260 3261 3321
3 3260 3321 3320
3 3261 3262 3322
3 3261 3322 3321
3 3262 3263 3323
3 3262 3323 3322
3 3263 3264 3324
3 3263 3324 3323
3 3264 3265 3325
3 3264 3325 3324
3 3265 3266 3326
3 3265 3326 3325
3 3266 3267 3327
3 3266 3327 3326
3 3267 3268 3328
3 3267 3328 3327
3 3268 3269 3329
3 3268 3329 3328
3 3269 3270 3330
3 3269 3330 3329
3 3270 3271 3331
3 3270 3331 3330
3 3271 3272 3332
3 3271 3332 3331
3 3272 3273 3333
3 3272 3333 3332
3 3273 3274 3334
3 3273 3334 3333
3 3274 3275 3335
3 3274 3335 3334
3 3275 3276 3336
3 3275 3336 3335
3 3276 3277 3337
3 3276 3337 3336
3 3277 3278 3338
3 3277 3338 3337
3 3278 3279 3339
3 3278 3339 3338
3 3279 3280 3340
3 3279 3340 3339
3 3280 3281 3341
3 3280 3341 3340
3 3281 3282 3342
3 3281 3342 3341
3 3282 3283 3343
3 3282 3343 3342
3 3283 3284 3344
3 3283 3344 3343
3 3284 3285 3345
3 3284 3345 3344
3 3285 3286 3346
3 3285 3346 3345
3 3286 3287 3347
3 3286 3347 3346
3 3287 3288 3348
3 3287 3348 3347
3 3288 3289 3349
3 3288 3349 3348
3 3289 3290 3350
3 3289 3350 3349
3 3290 3291 3351
3 3290 3351 3350
3 3291 3292 3352
3 3291 3352 3351
3 3292 3293 3353
3 3292 3353 3352
3 3293 3294 3354
3 3293 3354 3353
3 3294 3295 3355
3 3294 3355 3354
3 3295 3296 3356
3 3295 3356 3355
3 3296 3297 3357
3 3296 3357 3356
3 3297 3298 3358
3 3297 3358 3357
3 3298 3299 3359
3 3298 3359 3358
3 3299 3300 3360
3 3299 3360 3359
3 3300 3301 3361
3 3300 3361 3360
3 3301 3302 3362
3 3301 3362 3361
3 3302 3303 3363
3 3302 3363 3362
3 3303 3304 3364
3 3303 3364 3363
3 3304 3305 3365
3 3304 3365 3364
3 3305 3306 3366
3 3305 3366 3365
3 3306 3307 3367
3 3306 3367 3366
3 3307 3308 3368
3 3307 3368 3367
3 3308 3309 3369
3 3308 3369 3368
3 3309 118 119
3 3309 119 3369
3 54 3310 3370
3 54 3370 55
3 3310 3311 3371
3 3310 3371 3370
3 3311 3312 3372
3 3311 3372 3371
3 3312 3313 3373
3 3312 3373 3372
3 3313 3314 3374
3 3313 3374 3373
3 3314 3315 3375
3 3314 3375 3374
3 3315 3316 3376
3 3315 3376 3375
3 3316 3317 3377
3 3316 3377 3376
3 3317 3318 3378
3 3317 3378 3377
3 3318 3319 3379
3 3318 3379 3378
3 3319 3320 3380
3 3319 3380 3379
3 3320 3321 3381
3 3320 3381 3380
3 3321 3322 3382
3 3321 3382 3381
3 3322 3323 3383
3 3322 3383 3382
3 3323 3324 3384
3 3323 3384 3383
3 3324 3325 3385
3 3324 3385 3384
3 3325 3326 3386
3 3325 3386 3385
3 3326 3327 3387
3 3326 3387 3386
3 3327 3328 3388
3 3327 3388 3387
3 3328 3329 3389
3 3328 3389 3388
3 3329 3330 3390
3 3329 3390 3389
3 3330 3331 3391
3 3330 3391 3390
3 3331 3332 3392
3 3331 3392 3391
3 3332 3333 3393
3 3332 3393 3392
3 3333 3334 3394
3 3333 3394 3393
3 3334 3335 3395
3 3334 3395 3394
3 3335 3336 3396
3 3335 3396 3395
3 3336 3337 3397
3 3336 3397 3396
3 3337 3338 3398
3 3337 3398 3397
3 3338 3339 3399
3 3338 3399 3398
3 3339 3340 3400
3 3339 3400 3399
3 3340 3341 3401
3 3340 3401 3400
3 3341 3342 3402
3 3341 3402 3401
3 3342 3343 3403
3 3342 3403 3402
3 3343 3344 3404
3 3343 3404 3403
3 3344 3345 3405
3 3344 3405 3404
3 3345 3346 3406
3 3345 3406 3405
3 3346 3347 3407
3 3346 3407 3406
3 3347 3348 3408
3 3347 3408 3407
3 3348 3349 3409
3 3348 3409 3408
3 3349 3350 3410
3 3349 3410 3409
3 3350 3351 3411
3 3350 3411 3410
3 3351 3352 3412
3 3351 3412 3411
3 3352 3353 3413
3 3352 3413 3412
3 3353 3354 3414
3 3353 3414 3413
3 3354 3355 3415
3 3354 3415 3414
3 3355 3356 3416
3 3355 3416 3415
3 3356 3357 3417
3 3356 3417 3416
3 3357 3358 3418
3 3357 3418 3417
3 3358 3359 3419
3 3358 3419 3418
3 3359 3360 3420
3 3359 3420 3419
3 3360 3361 3421
3 3360 3421 3420
3 3361 3362 3422
3 3361 3422 3421
3 3362 3363 3423
3 3362 3423 3422
3 3363 3364 3424
3 3363 3424 3423
3 3364 3365 3425
3 3364 3425 3424
3 3365 3366 3426
3 3365 3426 3425
3 3366 3367 3427
3 3366 3427 3426
3 3367 3368 3428
3 3367 3428 3427
3 3368 3369 3429
3 3368 3429 3428
3 3369 119 120
3 3369 120 3429
3 55 3370 3430
3 55 3430 56
3 3370 3371 3431
3 3370 3431 3430
3 3371 3372 3432
3 3371 3432 3431
3 3372 3373 3433
3 3372 3433 3432
3 3373 3374 3434
3 3373 3434 3433
3 3374 3375 3435
3 3374 3435 3434
3 3375 3376 3436
3 3375 3436 3435
3 3376 3377 3437
3 3376 3437 3436
3 3377 3378 3438
3 3377 3438 3437
3 3378 3379 3439
3 3378 3439 3438
3 3379 3380 3440
3 3379 3440 3439
3 3380 3381 3441
3 3380 3441 3440
3 3381 3382 3442
3 3381 3442 3441
3 3382 3383 3443
3 3382 3443 3442
3 3383 3384 3444
3 3383 3444 3443
3 3384 3385 3445
3 3384 3445 3444
3 3385 3386 3446
3 3385 3446 3445
3 3386 3387 3447
3 3386 3447 3446
3 3387 3388 3448
3 3387 3448 3447
3 3388 3389 3449
3 3388 3449 3448
3 3389 3390 3450
3 3389 3450 3449
3 3390 3391 3451
3 3390 3451 3450
3 3391 3392 3452
3 3391 3452 3451
3 3392 3393 3453
3 3392 3453 3452
3 3393 3394 3454
3 3393 3454 3453
3 3394 3395 3455
3 3394 3455 3454
3 3395 3396 3456
3 3395 3456 3455
3 3396 3397 3457
3 3396 3457 3456
3 3397 3398 3458
3 3397 3458 3457
3 3398 3399 3459
3 3398 3459 3458
3 3399 3400 3460
3 3399 3460 3459
3 3400 3401 3461
3 3400 3461 3460
3 3401 3402 3462
3 3401 3462 3461
3 3402 3403 3463
3 3402 3463 3462
3 3403 3404 3464
3 3403 3464 3463
3 3404 3405 3465
3 3404 3465 3464
3 3405 3406 3466
3 3405 3466 3465
3 3406 3407 3467
3 3406 3467 3466
3 3407 3408 3468
3 3407 3468 3467
3 3408 3409 3469
3 3408 3469 3468
3 3409 3410 3470
3 3409 3470 3469
3 3410 3411 3471
3 3410 3471 3470
3 3411 3412 3472
3 3411 3472 3471
3 3412 3413 3473
3 3412 3473 3472
3 3413 3414 3474
3 3413 3474 3473
3 3414 3415 3475
3 3414 3475 3474
3 3415 3416 3476
3 3415 3476 3475
3 3416 3417 3477
3 3416 3477 3476
3 3417 3418 3478
3 3417 3478 3477
3 3418 3419 3479
3 3418 3479 3478
3 3419 3420 3480
3 3419 3480 3479
3 3420 3421 3481
3 3420 3481 3480
3 3421 3422 3482
3 3421 3482 3481
3 3422 3423 3483
3 3422 3483 3482
3 3423 3424 3484
3 3423 3484 3483
3 3424 3425 3485
3 3424 3485 3484
3 3425 3426 3486
3 3425 3486 3485
3 3426 3427 3487
3 3426 3487 3486
3 3427 3428 3488
3 3427 3488 3487
3 3428 3429 3489
3 3428 3489 3488
3 3429 120 121
3 3429 121 3489
3 56 3430 3490
3 56 3490 57
3 3430 3431 3491
3 3430 3491 3490
3 3431 3432 3492
3 3431 3492 3491
3 3432 3433 3493
3 3432 3493 3492
3 3433 3434 3494
3 3433 3494 3493
3 3434 3435 3495
3 3434 3495 3494
3 3435 3436 3496
3 3435 3496 3495
3 3436 3437 3497
3 3436 3497 3496
3 3437 3438 3498
3 3437 3498 3497
3 3438 3439 3499
3 3438 3499 3498
3 3439 3440 3500
3 3439 3500 3499
3 3440 3441 3501
3 3440 3501 3500
3 3441 3442 3502
3 3441 3502 3501
3 3442 3443 3503
3 3442 3503 3502
3 3443 3444 3504
3 3443 3504 3503
3 3444 3445 3505
3 3444 3505 3504
3 3445 3446 3506
3 3445 3506 3505
3 3446 3447 3507
3 3446 3507 3506
3 3447 3448 3508
3 3447 3508 3507
3 3448 3449 3509
3 3448 3509 3508
3 3449 3450 3510
3 3449 3510 3509
3 3450 3451 3511
3 3450 3511 3510
3 3451 3452 3512
3 3451 3512 3511
3 3452 3453 3513
3 3452 3513 3512
3 3453 3454 3514
3 3453 3514 3513
3 3454 3455 3515
3 3454 3515 3514
3 3455 3456 3516
3 3455 3516 3515
3 3456 3457 3517
3 3456 3517 3516
3 3457 3458 3518
3 3457 3518 3517
3 3458 3459 3519
3 3458 3519 3518
3 3459 3460 3520
3 3459 3520 3519
3 3460 3461 3521
3 3460 3521 3520
3 3461 3462 3522
3 3461 3522 3521
3 3462 3463 3523
3 3462 3523 3522
3 3463 3464 3524
3 3463 3524 3523
3 3464 3465 3525
3 3464 3525 3524
3 3465 3466 3526
3 3465 3526 3525
3 3466 3467 3527
3 3466 3527 3526
3 3467 3468 3528
3 3467 3528 3527
3 3468 3469 3529
3 3468 3529 3528
3 3469 3470 3530
3 3469 3530 3529
3 3470 3471 3531
3 3470 3531 3530
3 3471 3472 3532
3 3471 3532 3531
3 3472 3473 3533
3 3472 3533 3532
3 3473 3474 3534
3 3473 3534 3533
3 3474 3475 3535
3 3474 3535 3534
3 3475 3476 3536
3 3475 3536 3535
3 3476 3477 3537
3 3476 3537 3536
3 3477 3478 3538
3 3477 3538 3537
3 3478 3479 3539
3 3478 3539 3538
3 3479 3480 3540
3 3479 3540 3539
3 3480 3481 3541
3 3480 3541 3540
3 3481 3482 3542
3 3481 3542 3541
3 3482 3483 3543
3 3482 3543 3542
3 3483 3484 3544
3 3483 3544 3543
3 3484 3485 3545
3 3484 3545 3544
3 3485 3486 3546
3 3485 3546 3545
3 3486 3487 3547
3 3486 3547 3546
3 3487 3488 3548
3 3487 3548 3547
3 3488 3489 3549
3 3488 3549 3548
3 3489 121 122
3 3489 122 3549
3 57 3490 3550
3 57 3550 58
3 3490 3491 3551
3 3490 3551 3550
3 3491 3492 3552
3 3491 3552 3551
3 3492 3493 3553
3 3492 3553 3552
3 3493 3494 3554
3 3493 3554 3553
3 3494 3495 3555
3 3494 3555 3554
3 3495 3496 3556
3 3495 3556 3555
3 3496 3497 3557
3 3496 3557 3556
3 3497 3498 3558
3 3497 3558 3557
3 3498 3499 3559
3 3498 3559 3558
3 3499 3500 3560
3 3499 3560 3559
3 3500 3501 3561
3 3500 3561 3560
3 3501 3502 3562
3 3501 3562 3561
3 3502 3503 3563
3 3502 3563 3562
3 3503 3504 3564
3 3503 3564 3563
3 3504 3505 3565
3 3504 3565 3564
3 3505 3506 3566
3 3505 3566 3565
3 3506 3507 3567
3 3506 3567 3566
3 3507 3508 3568
3 3507 3568 3567
3 3508 3509 3569
3 3508 3569 3568
3 3509 3510 3570
3 3509 3570 3569
3 3510 3511 3571
3 3510 3571 3570
3 3511 3512 3572
3 3511 3572 3571
3 3512 3513 3573
3 3512 3573 3572
3 3513 3514 3574
3 3513 3574 3573
3 3514 3515 3575
3 3514 3575 3574
3 3515 3516 3576
3 3515 3576 3575
3 3516 3517 3577
3 3516 3577 3576
3 3517 3518 3578
3 3517 3578 3577
3 3518 3519 3579
3 3518 3579 3578
3 3519 3520 3580
3 3519 3580 3579
3 3520 3521 3581
3 3520 3581 3580
3 3521 3522 3582
3 3521 3582 3581
3 3522 3523 3583
3 3522 3583 3582
3 3523 3524 3584
3 3523 3584 3583
3 3524 3525 3585
3 3524 3585 3584
3 3525 3526 3586
3 3525 3586 3585
3 3526 3527 3587
3 3526 3587 3586
3 3527 3528 3588
3 3527 3588 3587
3 3528 3529 3589
3 3528 3589 3588
3 3529 3530 3590
3 3529 3590 3589
3 3530 3531 3591
3 3530 3591 3590
3 3531 3532 3592
3 3531 3592 3591
3 3532 3533 3593
3 3532 3593 3592
3 3533 3534 3594
3 3533 3594 3593
3 3534 3535 3595
3 3534 3595 3594
3 3535 3536 3596
3 3535 3596 3595
3 3536 3537 3597
3 3536 3597 3596
3 3537 3538 3598
3 3537 3598 3597
3 3538 3539 3599
3 3538 3599 3598
3 3539 3540 3600
3 3539 3600 3599
3 3540 3541 3601
3 3540 3601 3600
3 3541 3542 3602
3 3541 3602 3601
3 3542 3543 3603
3 3542 3603 3602
3 3543 3544 3604
3 3543 3604 3603
3 3544 3545 3605
3 3544 3605 3604
3 3545 3546 3606
3 3545 3606 3605
3 3546 3547 3607
3 3546 3607 3606
3 3547 3548 3608
3 3547 3608 3607
3 3548 3549 3609
3 3548 3609 3608
3 3549 122 123
3 3549 123 3609
3 58 3550 3610
3 58 3610 59
3 3550 3551 3611
3 3550 3611 3610
3 3551 3552 3612
3 3551 3612 3611
3 3552 3553 3613
3 3552 3613 3612
3 3553 3554 3614
3 3553 3614 3613
3 3554 3555 3615
3 3554 3615 3614
3 3555 3556 3616
3 3555 3616 3615
3 3556 3557 3617
3 3556 3617 3616
3 3557 3558 3618
3 3557 3618 3617
3 3558 3559 3619
3 3558 3619 3618
3 3559 3560 3620
3 3559 3620 3619
3 3560 3561 3621
3 3560 3621 3620
3 3561 3562 3622
3 3561 3622 3621
3 3562 3563 3623
3 3562 3623 3622
3 3563 3564 3624
3 3563 3624 3623
3 3564 3565 3625
3 3564 3625 3624
3 3565 3566 3626
3 3565 3626 3625
3 3566 3567 3627
3 3566 3627 3626
3 3567 3568 3628
3 3567 3628 3627
3 3568 3569 3629
3 3568 3629 3628
3 3569 3570 3630
3 3569 3630 3629
3 3570 3571 3631
3 3570 3631 3630
3 3571 3572 3632
3 3571 3632 3631
3 3572 3573 3633
3 3572 3633 3632
3 3573 3574 3634
3 3573 3634 3633
3 3574 3575 3635
3 3574 3635 3634
3 3575 3576 3636
3 3575 3636 3635
3 3576 3577 3637
3 3576 3637 3636
3 3577 3578 3638
3 3577 3638 3637
3 3578 3579 3639
3 3578 3639 3638
3 3579 3580 3640
3 3579 3640 3639
3 3580 3581 3641
3 3580 3641 3640
3 3581 3582 3642
3 3581 3642 3641
3 3582 3583 3643
3 3582 3643 3642
3 3583 3584 3644
3 3583 3644 3643
3 3584 3585 3645
3 3584 3645 3644
3 3585 3586 3646
3 3585 3646 3645
3 3586 3587 3647
3 3586 3647 3646
3 3587 3588 3648
3 3587 3648 3647
3 3588 3589 3649
3 3588 3649 3648
3 3589 3590 3650
3 3589 3650 3649
3 3590 3591 3651
3 3590 3651 3650
3 3591 3592 3652
3 3591 3652 3651
3 3592 3593 3653
3 3592 3653 3652
3 3593 3594 3654
3 3593 3654 3653
3 3594 3595 3655
3 3594 3655 3654
3 3595 3596 3656
3 3595 3656 3655
3 3596 3597 3657
3 3596 3657 3656
3 3597 3598 3658
3 3597 3658 3657
3 3598 3599 3659
3 3598 3659 3658
3 3599 3600 3660
3 3599 3660 3659
3 3600 3601 3661
3 3600 3661 3660
3 3601 3602 3662
3 3601 3662 3661
3 3602 3603 3663
3 3602 3663 3662
3 3603 3604 3664
3 3603 3664 3663
3 3604 3605 3665
3 3604 3665 3664
3 3605 3606 3666
3 3605 3666 3665
3 3606 3607 3667
3 3606 3667 3666
3 3607 3608 3668
3 3607 3668 3667
3 3608 3609 3669
3 3608 3669 3668
3 3609 123 124
3 3609 124 3669
3 59 3610 3670
3 59 3670 60
3 3610 3611 3671
3 3610 3671 3670
3 3611 3612 3672
3 3611 3672 3671
3 3612 3613 3673
3 3612 3673 3672
3 3613 3614 3674
3 3613 3674 3673
3 3614 3615 3675
3 3614 3675 3674
3 3615 3616 3676
3 3615 3676 3675
3 3616 3617 3677
3 3616 3677 3676
3 3617 3618 3678
3 3617 3678 3677
3 3618 3619 3679
3 3618 3679 3678
3 3619 3620 3680
3 3619 3680 3679
3 3620 3621 3681
3 3620 3681 3680
3 3621 3622 3682
3 3621 3682 3681
3 3622 3623 3683
3 3622 3683 3682
3 3623 3624 3684
3 3623 3684 3683
3 3624 3625 3685
3 3624 3685 3684
3 3625 3626 3686
3 3625 3686 3685
3 3626 3627 3687
3 3626 3687 3686
3 3627 3628 3688
3 3627 3688 3687
3 3628 3629 3689
3 3628 3689 3688
3 3629 3630 3690
3 3629 3690 3689
3 3630 3631 3691
3 3630 3691 3690
3 3631 3632 3692
3 3631 3692 3691
3 3632 3633 3693
3 3632 3693 3692
3 3633 3634 3694
3 3633 3694 3693
3 3634 3635 3695
3 3634 3695 3694
3 3635 3636 3696
3 3635 3696 3695
3 3636 3637 3697
3 3636 3697 3696
3 3637 3638 3698
3 3637 3698 3697
3 3638 3639 3699
3 3638 3699 3698
3 3639 3640 3700
3 3639 3700 3699
3 3640 3641 3701
3 3640 3701 3700
3 3641 3642 3702
3 3641 3702 3701
3 3642 3643 3703
3 3642 3703 3702
3 3643 3644 3704
3 3643 3704 3703
3 3644 3645 3705
3 3644 3705 3704
3 3645 3646 3706
3 3645 3706 3705
3 3646 3647 3707
3 3646 3707 3706
3 3647 3648 3708
3 3647 3708 3707
3 3648 3649 3709
3 3648 3709 3708
3 3649 3650 3710
3 3649 3710 3709
3 3650 3651 3711
3 3650 3711 3710
3 3651 3652 3712
3 3651 3712 3711
3 3652 3653 3713
3 3652 3713 3712
3 3653 3654 3714
3 3653 3714 3713
3 3654 3655 3715
3 3654 3715 3714
3 3655 3656 3716
3 3655 3716 3715
3 3656 3657 3717
3 3656 3717 3716
3 3657 3658 3718
3 3657 3718 3717
3 3658 3659 3719
3 3658 3719 3718
3 3659 3660 3720
3 3659 3720 3719
3 3660 3661 3721
3 3660 3721 3720
3 3661 3662 3722
3 3661 3722 3721
3 3662 3663 3723
3 3662 3723 3722
3 3663 3664 3724
3 3663 3724 3723
3 3664 3665 3725
3 3664 3725 3724
3 3665 3666 3726
3 3665 3726 3725
3 3666 3667 3727
3 3666 3727 3726
3 3667 3668 3728
3 3667 3728 3727
3 3668 3669 3729
3 3668 3729 3728
3 3669 124 125
3 3669 125 3729
3 60 3670 3730
3 60 3730 61
3 3670 3671 3731
3 3670 3731 3730
3 3671 3672 3732
3 3671 3732 3731
3 3672 3673 3733
3 3672 3733 3732
3 3673 3674 3734
3 3673 3734 3733
3 3674 3675 3735
3 3674 3735 3734
3 3675 3676 3736
3 3675 3736 3735
3 3676 3677 3737
3 3676 3737 3736
3 3677 3678 3738
3 3677 3738 3737
3 3678 3679 3739
3 3678 3739 3738
3 3679 3680 3740
3 3679 3740 3739
3 3680 3681 3741
3 3680 3741 3740
3 3681 3682 3742
3 3681 3742 3741
3 3682 3683 3743
3 3682 3743 3742
3 3683 3684 3744
3 3683 3744 3743
3 3684 3685 3745
3 3684 3745 3744
3 3685 3686 3746
3 3685 3746 3745
3 3686 3687 3747
3 3686 3747 3746
3 3687 3688 3748
3 3687 3748 3747
3 3688 3689 3749
3 3688 3749 3748
3 3689 3690 3750
3 3689 3750 3749
3 3690 3691 3751
3 3690 3751 3750
3 3691 3692 3752
3 3691 3752 3751
3 3692 3693 3753
3 3692 3753 3752
3 3693 3694 3754
3 3693 3754 3753
3 3694 3695 3755
3 3694 3755 3754
3 3695 3696 3756
3 3695 3756 3755
3 3696 3697 3757
3 3696 3757 3756
3 3697 3698 3758
3 3697 3758 3757
3 3698 3699 3759
3 3698 3759 3758
3 3699 3700 3760
3 3699 3760 3759
3 3700 3701 3761
3 3700 3761 3760
3 3701 3702 3762
3 3701 3762 3761
3 3702 3703 3763
3 3702 3763 3762
3 3703 3704 3764
3 3703 3764 3763
3 3704 3705 3765
3 3704 3765 3764
3 3705 3706 3766
3 3705 3766 3765
3 3706 3707 3767
3 3706 3767 3766
3 3707 3708 3768
3 3707 3768 3767
3 3708 3709 3769
3 3708 3769 3768
3 3709 3710 3770
3 3709 3770 3769
3 3710 3711 3771
3 3710 3771 3770
3 3711 3712 3772
3 3711 3772 3771
3 3712 3713 3773
3 3712 3773 3772
3 3713 3714 3774
3 3713 3774 3773
3 3714 3715 3775
3 3714 3775 3774
3 3715 3716 3776
3 3715 3776 3775
3 3716 3717 3777
3 3716 3777 3776
3 3717 3718 3778
3 3717 3778 3777
3 3718 3719 3779
3 3718 3779 3778
3 3719 3720 3780
3 3719 3780 3779
3 3720 3721 3781
3 3720 3781 3780
3 3721 3722 3782
3 3721 3782 3781
3 3722 3723 3783
3 3722 3783 3782
3 3723 3724 3784
3 3723 3784 3783
3 3724 3725 3785
3 3724 3785 3784
3 3725 3726 3786
3 3725 3786 3785
3 3726 3727 3787
3 3726 3787 3786
3 3727 3728 3788
3 3727 3788 3787
3 3728 3729 3789
3 3728 3789 3788
3 3729 125 126
3 3729 126 3789
3 61 3730 3790
3 61 3790 62
3 3730 3731 3791
3 3730 3791 3790
3 3731 3732 3792
3 3731 3792 3791
3 3732 3733 3793
3 3732 3793 3792
3 3733 3734 3794
3 3733 3794 3793
3 3734 3735 3795
3 3734 3795 3794
3 3735 3736 3796
3 3735 3796 3795
3 3736 3737 3797
3 3736 3797 3796
3 3737 3738 3798
3 3737 3798 3797
3 3738 3739 3799
3 3738 3799 3798
3 3739 3740 3800
3 3739 3800 3799
3 3740 3741 3801
3 3740 3801 3800
3 3741 3742 3802
3 3741 3802 3801
3 3742 3743 3803
3 3742 3803 3802
3 3743 3744 3804
3 3743 3804 3803
3 3744 3745 3805
3 3744 3805 3804
3 3745 3746 3806
3 3745 3806 3805
3 3746 3747 3807
3 3746 3807 3806
3 3747 3748 3808
3 3747 3808 3807
3 3748 3749 3809
3 3748 3809 3808
3 3749 3750 3810
3 3749 3810 3809
3 3750 3751 3811
3 3750 3811 3810
3 3751 3752 3812
3 3751 3812 3811
3 3752 3753 3813
3 3752 3813 3812
3 3753 3754 3814
3 3753 3814 3813
3 3754 3755 3815
3 3754 3815 3814
3 3755 3756 3816
3 3755 3816 3815
3 3756 3757 3817
3 3756 3817 3816
3 3757 3758 3818
3 3757 3818 3817
3 3758 3759 3819
3 3758 3819 3818
3 3759 3760 3820
3 3759 3820 3819
3 3760 3761 3821
3 3760 3821 3820
3 3761 3762 3822
3 3761 3822 3821
3 3762 3763 3823
3 3762 3823 3822
3 3763 3764 3824
3 3763 3824 3823
3 3764 3765 3825
3 3764 3825 3824
3 3765 3766 3826
3 3765 3826 3825
3 3766 3767 3827
3 3766 3827 3826
3 3767 3768 3828
3 3767 3828 3827
3 3768 3769 3829
3 3768 3829 3828
3 3769 3770 3830
3 3769 3830 3829
3 3770 3771 3831
3 3770 3831 3830
3 3771 3772 3832
3 3771 3832 3831
3 3772 3773 3833
3 3772 3833 3832
3 3773 3774 3834
3 3773 3834 3833
3 3774 3775 3835
3 3774 3835 3834
3 3775 3776 3836
3 3775 3836 3835
3 3776 3777 3837
3 3776 3837 3836
3 3777 3778 3838
3 3777 3838 3837
3 3778 3779 3839
3 3778 3839 3838
3 3779 3780 3840
3 3779 3840 3839
3 3780 3781 3841
3 3780 3841 3840
3 3781 3782 3842
3 3781 3842 3841
3 3782 3783 3843
3 3782 3843 3842
3 3783 3784 3844
3 3783 3844 3843
3 3784 3785 3845
3 3784 3845 3844
3 3785 3786 3846
3 3785 3846 3845
3 3786 3787 3847
3 3786 3847 3846
3 3787 3788 3848
3 3787 3848 3847
3 3788 3789 3849
3 3788 3849 3848
3 3789 126 127
3 3789 127 3849
3 62 3790 3850
3 62 3850 63
3 3790 3791 3851
3 3790 3851 3850
3 3791 3792 3852
3 3791 3852 3851
3 3792 3793 3853
3 3792 3853 3852
3 3793 3794 3854
3 3793 3854 3853
3 3794 3795 3855
3 3794 3855 3854
3 3795 3796 3856
3 3795 3856 3855
3 3796 3797 3857
3 3796 3857 3856
3 3797 3798 3858
3 3797 3858 3857
3 3798 3799 3859
3 3798 3859 3858
3 3799 3800 3860
3 3799 3860 3859
3 3800 3801 3861
3 3800 3861 3860
3 3801 3802 3862
3 3801 3862 3861
3 3802 3803 3863
3 3802 3863 3862
3 3803 3804 3864
3 3803 3864 3863
3 3804 3805 3865
3 3804 3865 3864
3 3805 3806 3866
3 3805 3866 3865
3 3806 3807 3867
3 3806 3867 3866
3 3807 3808 3868
3 3807 3868 3867
3 3808 3809 3869
3 3808 3869 3868
3 3809 3810 3870
3 3809 3870 3869
3 3810 3811 3871
3 3810 3871 3870
3 3811 3812 3872
3 3811 3872 3871
3 3812 3813 3873
3 3812 3873 3872
3 3813 3814 3874
3 3813 3874 3873
3 3814 3815 3875
3 3814 3875 3874
3 3815 3816 3876
3 3815 3876 3875
3 3816 3817 3877
3 3816 3877 3876
3 3817 3818 3878
3 3817 3878 3877
3 3818 3819 3879
3 3818 3879 3878
3 3819 3820 3880
3 3819 3880 3879
3 3820 3821 3881
3 3820 3881 3880
3 3821 3822 3882
3 3821 3882 3881
3 3822 3823 3883
3 3822 3883 3882
3 3823 3824 3884
3 3823 3884 3883
3 3824 3825 3885
3 3824 3885 3884
3 3825 3826 3886
3 3825 3886 3885
3 3826 3827 3887
3 3826 3887 3886
3 3827 3828 3888
3 3827 3888 3887
3 3828 3829 3889
3 3828 3889 3888
3 3829 3830 3890
3 3829 3890 3889
3 3830 3831 3891
3 3830 3891 3890
3 3831 3832 3892
3 3831 3892 3891
3 3832 3833 3893
3 3832 3893 3892
3 3833 3834 3894
3 3833 3894 3893
3 3834 3835 3895
3 3834 3895 3894
3 3835 3836 3896
3 3835 3896 3895
3 3836 3837 3897
3 3836 3897 3896
3 3837 3838 3898
3 3837 3898 3897
3 3838 3839 3899
3 3838 3899 3898
3 3839 3840 3900
3 3839 3900 3899
3 3840 3841 3901
3 3840 3901 3900
3 3841 3842 3902
3 3841 3902 3901
3 3842 3843 3903
3 3842 3903 3902
3 3843 3844 3904
3 3843 3904 3903
3 3844 3845 3905
3 3844 3905 3904
3 3845 3846 3906
3 3845 3906 3905
3 3846 3847 3907
3 3846 3907 3906
3 3847 3848 3908
3 3847 3908 3907
3 3848 3849 3909
3 3848 3909 3908
3 3849 127 128
3 3849 128 3909
3 63 3850 3910
3 63 3910 64
3 3850 3851 3911
3 3850 3911 3910
3 3851 3852 3912
3 3851 3912 3911
3 3852 3853 3913
3 3852 3913 3912
3 3853 3854 3914
3 3853 3914 3913
3 3854 3855 3915
3 3854 3915 3914
3 3855 3856 3916
3 3855 3916 3915
3 3856 3857 3917
3 3856 3917 3916
3 3857 3858 3918
3 3857 3918 3917
3 3858 3859 3919
3 3858 3919 3918
3 3859 3860 3920
3 3859 3920 3919
3 3860 3861 3921
3 3860 3921 3920
3 3861 3862 3922
3 3861 3922 3921
3 3862 3863 3923
3 3862 3923 3922
3 3863 3864 3924
3 3863 3924 3923
3 3864 3865 3925
3 3864 3925 3924
3 3865 3866 3926
3 3865 3926 3925
3 3866 3867 3927
3 3866 3927 3926
3 3867 3868 3928
3 3867 3928 3927
3 3868 3869 3929
3 3868 3929 3928
3 3869 3870 3930
3 3869 3930 3929
3 3870 3871 3931
3 3870 3931 3930
3 3871 3872 3932
3 3871 3932 3931
3 3872 3873 3933
3 3872 3933 3932
3 3873 3874 3934
3 3873 3934 3933
3 3874 3875 3935
3 3874 3935 3934
3 3875 3876 3936
3 3875 3936 3935
3 3876 3877 3937
3 3876 3937 3936
3 3877 3878 3938
3 3877 3938 3937
3 3878 3879 3939
3 3878 3939 3938
3 3879 3880 3940
3 3879 3940 3939
3 3880 3881 3941
3 3880 3941 3940
3 3881 3882 3942
3 3881 3942 3941
3 3882 3883 3943
3 3882 3943 3942
3 3883 3884 3944
3 3883 3944 3943
3 3884 3885 3945
3 3884 3945 3944
3 3885 3886 3946
3 3885 3946 3945
3 3886 3887 3947
3 3886 3947 3946
3 3887 3888 3948
3 3887 3948 3947
3 3888 3889 3949
3 3888 3949 3948
3 3889 3890 3950
3 3889 3950 3949
3 3890 3891 3951
3 3890 3951 3950
3 3891 3892 3952
3 3891 3952 3951
3 3892 3893 3953
3 3892 3953 3952
3 3893 3894 3954
3 3893 3954 3953
3 3894 3895 3955
3 3894 3955 3954
3 3895 3896 3956
3 3895 3956 3955
3 3896 3897 3957
3 3896 3957 3956
3 3897 3898 3958
3 3897 3958 3957
3 3898 3899 3959
3 3898 3959 3958
3 3899 3900 3960
3 3899 3960 3959
3 3900 3901 3961
3 3900 3961 3960
3 3901 3902 3962
3 3901 3962 3961
3 3902 3903 3963
3 3902 3963 3962
3 3903 3904 3964
3 3903 3964 3963
3 3904 3905 3965
3 3904 3965 3964
3 3905 3906 3966
3 3905 3966 3965
3 3906 3907 3967
3 3906 3967 3966
3 3907 3908 3968
3 3907 3968 3967
3 3908 3909 3969
3 3908 3969 3968
3 3909 128 129
3 3909 129 3969
3 64 3910 130
3 64 130 2
3 3910 3911 132
3 3910 132 130
3 3911 3912 134
3 3911 134 132
3 3912 3913 136
3 3912 136 134
3 3913 3914 138
3 3913 138 136
3 3914 3915 140
3 3914 140 138
3 3915 3916 142
3 3915 142 140
3 3916 3917 144
3 3916 144 142
3 3917 3918 146
3 3917 146 144
3 3918 3919 148
3 3918 148 146
3 3919 3920 150
3 3919 150 148
3 3920 3921 152
3 3920 152 150
3 3921 3922 154
3 3921 154 152
3 3922 3923 156
3 3922 156 154
3 3923 3924 158
3 3923 158 156
3 3924 3925 160
3 3924 160 158
3 3925 3926 162
3 3925 162 160
3 3926 3927 164
3 3926 164 162
3 3927 3928 166
3 3927 166 164
3 3928 3929 168
3 3928 168 166
3 3929 3930 170
3 3929 170 168
3 3930 3931 172
3 3930 172 170
3 3931 3932 174
3 3931 174 172
3 3932 3933 176
3 3932 176 174
3 3933 3934 178
3 3933 178 176
3 3934 3935 180
3 3934 180 178
3 3935 3936 182
3 3935 182 180
3 3936 3937 184
3 3936 184 182
3 3937 3938 186
3 3937 186 184
3 3938 3939 188
3 3938 188 186
3 3939 3940 190
3 3939 190 188
3 3940 3941 192
3 3940 192 190
3 3941 3942 194
3 3941 194 192
3 3942 3943 196
3 3942 196 194
3 3943 3944 198
3 3943 198 196
3 3944 3945 200
3 3944 200 198
3 3945 3946 202
3 3945 202 200
3 3946 3947 204
3 3946 204 202
3 3947 3948 206
3 3947 206 204
3 3948 3949 208
3 3948 208 206
3 3949 3950 210
3 3949 210 208
3 3950 3951 212
3 3950 212 210
3 3951 3952 214
3 3951 214 212
3 3952 3953 216
3 3952 216 214
3 3953 3954 218
3 3953 218 216
3 3954 3955 220
3 3954 220 218
3 3955 3956 222
3 3955 222 220
3 3956 3957 224
3 3956 224 222
3 3957 3958 226
3 3957 226 224
3 3958 3959 228
3 3958 228 226
3 3959 3960 230
3 3959 230 228
3 3960 3961 232
3 3960 232 230
3 3961 3962 234
3 3961 234 232
3 3962 3963 236
3 3962 236 234
3 3963 3964 238
3 3963 238 236
3 3964 3965 240
3 3964 240 238
3 3965 3966 242
3 3965 242 240
3 3966 3967 244
3 3966 244 242
3 3967 3968 246
3 3967 246 244
3 3968 3969 248
3 3968 248 246
3 3969 129 65
3 3969 65 248
