OFF
4034 8064 0
-1.461578 -2.073946 0.675000
-1.461578 -1.976401 0.665393
-1.461578 -1.928804 0.653471
-1.461578 -1.776097 0.576604
-1.461578 -1.738167 0.545476
-1.461578 -1.720393 0.528554
-1.461578 -1.703471 0.510780
-1.461578 -1.672343 0.472850
-1.461578 -1.658212 0.452785
-1.461578 -1.645082 0.432052
-1.461578 -1.632986 0.410699
-1.461578 -1.621952 0.388778
-1.461578 -1.612007 0.366342
-1.461578 -1.603174 0.343445
-1.461578 -1.595476 0.320143
-1.461578 -1.588931 0.296490
-1.461578 -1.579358 0.248366
-1.461578 -1.576354 0.224009
-1.461578 -1.574549 0.199534
-1.461578 -1.573946 0.175000
-1.461578 -1.576354 0.125992
-1.461578 -1.579358 0.101635
-1.461578 -1.588931 0.053510
-1.461578 -1.595476 0.029858
-1.461578 -1.612007 -0.016341
-1.461578 -1.621952 -0.038777
-1.461578 -1.632986 -0.060698
-1.461578 -1.645082 -0.082051
-1.461578 -1.658212 -0.102785
-1.461578 -1.672343 -0.122849
-1.461578 -1.703471 -0.160779
-1.461578 -1.720393 -0.178553
-1.461578 -1.738167 -0.195475
-1.461578 -1.756750 -0.211505
-1.461578 -1.776097 -0.226603
-1.461578 -1.816895 -0.253864
-1.461578 -1.838248 -0.265960
-1.461578 -1.860169 -0.276994
-1.461578 -1.882605 -0.286939
-1.461578 -1.905502 -0.295772
-1.461578 -1.928804 -0.303470
-1.461578 -1.976401 -0.315392
-1.461578 -2.073946 -0.325000
-1.459174 -2.049531 0.674398
-1.456775 -2.025174 0.672593
-1.454387 -2.000935 0.669589
-1.452017 -1.976871 0.665393
-1.449670 -1.953041 0.660016
-1.447352 -1.929503 0.653471
-1.445068 -1.906313 0.645772
-1.442824 -1.883526 0.636940
-1.440625 -1.861198 0.626995
-1.438476 -1.839383 0.615961
-1.436383 -1.818133 0.603865
-1.434351 -1.797499 0.590735
-1.432384 -1.777531 0.576604
-1.430488 -1.758277 0.561506
-1.428666 -1.739784 0.545476
-1.426924 -1.722095 0.528554
-1.425266 -1.705255 0.510780
-1.423694 -1.689302 0.492197
-1.422214 -1.674277 0.472850
-1.420829 -1.660214 0.452785
-1.419542 -1.647147 0.432052
-1.418357 -1.635109 0.410699
-1.417275 -1.624128 0.388778
-1.416301 -1.614231 0.366342
-1.415435 -1.605441 0.343445
-1.414680 -1.597780 0.320143
-1.414039 -1.591266 0.296490
-1.413512 -1.585915 0.272546
-1.413100 -1.581740 0.248366
-1.412806 -1.578750 0.224009
-1.412629 -1.576954 0.199534
-1.412570 -1.576354 0.175000
-1.412629 -1.576954 0.150467
-1.412806 -1.578750 0.125992
-1.413100 -1.581740 0.101635
-1.413512 -1.585915 0.077455
-1.414039 -1.591266 0.053510
-1.414680 -1.597780 0.029858
-1.415435 -1.605441 0.006555
-1.416301 -1.614231 -0.016341
-1.417275 -1.624128 -0.038777
-1.418357 -1.635109 -0.060698
-1.419542 -1.647147 -0.082051
-1.420829 -1.660214 -0.102785
-1.422214 -1.674277 -0.122849
-1.423694 -1.689302 -0.142196
-1.425266 -1.705255 -0.160779
-1.426924 -1.722095 -0.178553
-1.428666 -1.739784 -0.195475
-1.430488 -1.758277 -0.211505
-1.432384 -1.777531 -0.226603
-1.434351 -1.797499 -0.240734
-1.436383 -1.818133 -0.253864
-1.438476 -1.839383 -0.265960
-1.440625 -1.861198 -0.276994
-1.442824 -1.883526 -0.286939
-1.445068 -1.906313 -0.295772
-1.447352 -1.929503 -0.303470
-1.449670 -1.953041 -0.310015
-1.452017 -1.976871 -0.315392
-1.454387 -2.000935 -0.319588
-1.456775 -2.025174 -0.322592
-1.459174 -2.049531 -0.324397
-1.456792 -2.049884 0.674398
-1.452017 -2.025880 0.672593
-1.447266 -2.001991 0.669589
-1.442548 -1.978276 0.665393
-1.437877 -1.954791 0.660016
-1.433263 -1.931593 0.653471
-1.428717 -1.908738 0.645772
-1.424250 -1.886281 0.636940
-1.419873 -1.864277 0.626995
-1.415596 -1.842777 0.615961
-1.411430 -1.821834 0.603865
-1.407385 -1.801499 0.590735
-1.403471 -1.781820 0.576604
-1.399696 -1.762845 0.561506
-1.396071 -1.744619 0.545476
-1.392604 -1.727187 0.528554
-1.389302 -1.710590 0.510780
-1.386175 -1.694868 0.492197
-1.383229 -1.680059 0.472850
-1.380473 -1.666200 0.452785
-1.377911 -1.653323 0.432052
-1.375551 -1.641459 0.410699
-1.373399 -1.630637 0.388778
-1.371459 -1.620883 0.366342
-1.369735 -1.612220 0.343445
-1.368234 -1.604670 0.320143
-1.366957 -1.598250 0.296490
-1.365908 -1.592977 0.272546
-1.365089 -1.588862 0.248366
-1.364503 -1.585915 0.224009
-1.364151 -1.584145 0.199534
-1.364033 -1.583554 0.175000
-1.364151 -1.584145 0.150467
-1.364503 -1.585915 0.125992
-1.365089 -1.588862 0.101635
-1.365908 -1.592977 0.077455
-1.366957 -1.598250 0.053510
-1.368234 -1.604670 0.029858
-1.369735 -1.612220 0.006555
-1.371459 -1.620883 -0.016341
-1.373399 -1.630637 -0.038777
-1.375551 -1.641459 -0.060698
-1.377911 -1.653323 -0.082051
-1.380473 -1.666200 -0.102785
-1.383229 -1.680059 -0.122849
-1.386175 -1.694868 -0.142196
-1.389302 -1.710590 -0.160779
-1.392604 -1.727187 -0.178553
-1.396071 -1.744619 -0.195475
-1.399696 -1.762845 -0.211505
-1.403471 -1.781820 -0.226603
-1.407385 -1.801499 -0.240734
-1.411430 -1.821834 -0.253864
-1.415596 -1.842777 -0.265960
-1.419873 -1.864277 -0.276994
-1.424250 -1.886281 -0.286939
-1.428717 -1.908738 -0.295772
-1.433263 -1.931593 -0.303470
-1.437877 -1.954791 -0.310015
-1.442548 -1.978276 -0.315392
-1.447266 -2.001991 -0.319588
-1.452017 -2.025880 -0.322592
-1.456792 -2.049884 -0.324397
-1.454457 -2.050469 0.674398
-1.447352 -2.027048 0.672593
-1.440282 -2.003740 0.669589
-1.433263 -1.980602 0.665393
-1.426312 -1.957688 0.660016
-1.419446 -1.935054 0.653471
-1.412681 -1.912755 0.645772
-1.406035 -1.890844 0.636940
-1.399522 -1.869374 0.626995
-1.393159 -1.848397 0.615961
-1.386960 -1.827964 0.603865
-1.380942 -1.808123 0.590735
-1.375117 -1.788922 0.576604
-1.369501 -1.770408 0.561506
-1.364107 -1.752626 0.545476
-1.358947 -1.735617 0.528554
-1.354035 -1.719424 0.510780
-1.349382 -1.704084 0.492197
-1.344999 -1.689636 0.472850
-1.340897 -1.676113 0.452785
-1.337086 -1.663549 0.432052
-1.333574 -1.651973 0.410699
-1.330371 -1.641415 0.388778
-1.327484 -1.631898 0.366342
-1.324921 -1.623446 0.343445
-1.322686 -1.616079 0.320143
-1.320786 -1.609815 0.296490
-1.319225 -1.604670 0.272546
-1.318007 -1.600655 0.248366
-1.317135 -1.597780 0.224009
-1.316611 -1.596053 0.199534
-1.316436 -1.595476 0.175000
-1.316611 -1.596053 0.150467
-1.317135 -1.597780 0.125992
-1.318007 -1.600655 0.101635
-1.319225 -1.604670 0.077455
-1.320786 -1.609815 0.053510
-1.322686 -1.616079 0.029858
-1.324921 -1.623446 0.006555
-1.327484 -1.631898 -0.016341
-1.330371 -1.641415 -0.038777
-1.333574 -1.651973 -0.060698
-1.337086 -1.663549 -0.082051
-1.340897 -1.676113 -0.102785
-1.344999 -1.689636 -0.122849
-1.349382 -1.704084 -0.142196
-1.354035 -1.719424 -0.160779
-1.358947 -1.735617 -0.178553
-1.364107 -1.752626 -0.195475
-1.369501 -1.770408 -0.211505
-1.375117 -1.788922 -0.226603
-1.380942 -1.808123 -0.240734
-1.386960 -1.827964 -0.253864
-1.393159 -1.848397 -0.265960
-1.399522 -1.869374 -0.276994
-1.406035 -1.890844 -0.286939
-1.412681 -1.912755 -0.295772
-1.419446 -1.935054 -0.303470
-1.426312 -1.957688 -0.310015
-1.433263 -1.980602 -0.315392
-1.440282 -2.003740 -0.319588
-1.447352 -2.027048 -0.322592
-1.454457 -2.050469 -0.324397
-1.452190 -2.051280 0.674398
-1.442824 -2.028668 0.672593
-1.433503 -2.006166 0.669589
-1.424250 -1.983827 0.665393
-1.415086 -1.961704 0.660016
-1.406035 -1.939852 0.653471
-1.397117 -1.918324 0.645772
-1.388355 -1.897170 0.636940
-1.379769 -1.876442 0.626995
-1.371381 -1.856190 0.615961
-1.363209 -1.836462 0.603865
-1.355275 -1.817307 0.590735
-1.347596 -1.798769 0.576604
-1.340193 -1.780895 0.561506
-1.333081 -1.763727 0.545476
-1.326279 -1.747306 0.528554
-1.319804 -1.731672 0.510780
-1.313669 -1.716862 0.492197
-1.307891 -1.702913 0.472850
-1.302484 -1.689858 0.452785
-1.297459 -1.677728 0.432052
-1.292830 -1.666552 0.410699
-1.288608 -1.656358 0.388778
-1.284802 -1.647170 0.366342
-1.281422 -1.639010 0.343445
-1.278476 -1.631898 0.320143
-1.275971 -1.625850 0.296490
-1.273913 -1.620883 0.272546
-1.272308 -1.617007 0.248366
-1.271158 -1.614231 0.224009
-1.270467 -1.612563 0.199534
-1.270237 -1.612007 0.175000
-1.270467 -1.612563 0.150467
-1.271158 -1.614231 0.125992
-1.272308 -1.617007 0.101635
-1.273913 -1.620883 0.077455
-1.275971 -1.625850 0.053510
-1.278476 -1.631898 0.029858
-1.281422 -1.639010 0.006555
-1.284802 -1.647170 -0.016341
-1.288608 -1.656358 -0.038777
-1.292830 -1.666552 -0.060698
-1.297459 -1.677728 -0.082051
-1.302484 -1.689858 -0.102785
-1.307891 -1.702913 -0.122849
-1.313669 -1.716862 -0.142196
-1.319804 -1.731672 -0.160779
-1.326279 -1.747306 -0.178553
-1.333081 -1.763727 -0.195475
-1.340193 -1.780895 -0.211505
-1.347596 -1.798769 -0.226603
-1.355275 -1.817307 -0.240734
-1.363209 -1.836462 -0.253864
-1.371381 -1.856190 -0.265960
-1.379769 -1.876442 -0.276994
-1.388355 -1.897170 -0.286939
-1.397117 -1.918324 -0.295772
-1.406035 -1.939852 -0.303470
-1.415086 -1.961704 -0.310015
-1.424250 -1.983827 -0.315392
-1.433503 -2.006166 -0.319588
-1.442824 -2.028668 -0.322592
-1.452190 -2.051280 -0.324397
-1.450013 -2.052310 0.674398
-1.438476 -2.030725 0.672593
-1.426994 -2.009244 0.669589
-1.415596 -1.987919 0.665393
-1.404308 -1.966802 0.660016
-1.393159 -1.945942 0.653471
-1.382174 -1.925391 0.645772
-1.371381 -1.905198 0.636940
-1.360804 -1.885412 0.626995
-1.350471 -1.866079 0.615961
-1.340405 -1.847247 0.603865
-1.330631 -1.828962 0.590735
-1.321173 -1.811267 0.576604
-1.312053 -1.794204 0.561506
-1.303293 -1.777815 0.545476
-1.294915 -1.762140 0.528554
-1.286937 -1.747216 0.510780
-1.279381 -1.733079 0.492197
-1.272264 -1.719764 0.472850
-1.265602 -1.707301 0.452785
-1.259413 -1.695722 0.432052
-1.253711 -1.685054 0.410699
-1.248510 -1.675323 0.388778
-1.243822 -1.666552 0.366342
-1.239658 -1.658763 0.343445
-1.236029 -1.651973 0.320143
-1.232944 -1.646201 0.296490
-1.230409 -1.641459 0.272546
-1.228431 -1.637759 0.248366
-1.227015 -1.635109 0.224009
-1.226164 -1.633517 0.199534
-1.225880 -1.632986 0.175000
-1.226164 -1.633517 0.150467
-1.227015 -1.635109 0.125992
-1.228431 -1.637759 0.101635
-1.230409 -1.641459 0.077455
-1.232944 -1.646201 0.053510
-1.236029 -1.651973 0.029858
-1.239658 -1.658763 0.006555
-1.243822 -1.666552 -0.016341
-1.248510 -1.675323 -0.038777
-1.253711 -1.685054 -0.060698
-1.259413 -1.695722 -0.082051
-1.265602 -1.707301 -0.102785
-1.272264 -1.719764 -0.122849
-1.279381 -1.733079 -0.142196
-1.286937 -1.747216 -0.160779
-1.294915 -1.762140 -0.178553
-1.303293 -1.777815 -0.195475
-1.312053 -1.794204 -0.211505
-1.321173 -1.811267 -0.226603
-1.330631 -1.828962 -0.240734
-1.340405 -1.847247 -0.253864
-1.350471 -1.866079 -0.265960
-1.360804 -1.885412 -0.276994
-1.371381 -1.905198 -0.286939
-1.382174 -1.925391 -0.295772
-1.393159 -1.945942 -0.303470
-1.404308 -1.966802 -0.310015
-1.415596 -1.987919 -0.315392
-1.426994 -2.009244 -0.319588
-1.438476 -2.030725 -0.322592
-1.450013 -2.052310 -0.324397
-1.447948 -2.053547 0.674398
-1.434351 -2.033197 0.672593
-1.420819 -2.012945 0.669589
-1.407385 -1.992841 0.665393
-1.394082 -1.972931 0.660016
-1.380942 -1.953265 0.653471
-1.367996 -1.933890 0.645772
-1.355275 -1.914852 0.636940
-1.342810 -1.896197 0.626995
-1.330631 -1.877970 0.615961
-1.318768 -1.860216 0.603865
-1.307249 -1.842977 0.590735
-1.296102 -1.826294 0.576604
-1.285353 -1.810207 0.561506
-1.275029 -1.794756 0.545476
-1.265155 -1.779978 0.528554
-1.255753 -1.765907 0.510780
-1.246848 -1.752579 0.492197
-1.238459 -1.740025 0.472850
-1.230609 -1.728276 0.452785
-1.223314 -1.717359 0.432052
-1.216594 -1.707301 0.410699
-1.210464 -1.698127 0.388778
-1.204939 -1.689858 0.366342
-1.200032 -1.682514 0.343445
-1.195755 -1.676113 0.320143
-1.192118 -1.670671 0.296490
-1.189131 -1.666200 0.272546
-1.186800 -1.662711 0.248366
-1.185131 -1.660214 0.224009
-1.184128 -1.658713 0.199534
-1.183793 -1.658212 0.175000
-1.184128 -1.658713 0.150467
-1.185131 -1.660214 0.125992
-1.186800 -1.662711 0.101635
-1.189131 -1.666200 0.077455
-1.192118 -1.670671 0.053510
-1.195755 -1.676113 0.029858
-1.200032 -1.682514 0.006555
-1.204939 -1.689858 -0.016341
-1.210464 -1.698127 -0.038777
-1.216594 -1.707301 -0.060698
-1.223314 -1.717359 -0.082051
-1.230609 -1.728276 -0.102785
-1.238459 -1.740025 -0.122849
-1.246848 -1.752579 -0.142196
-1.255753 -1.765907 -0.160779
-1.265155 -1.779978 -0.178553
-1.275029 -1.794756 -0.195475
-1.285353 -1.810207 -0.211505
-1.296102 -1.826294 -0.226603
-1.307249 -1.842977 -0.240734
-1.318768 -1.860216 -0.253864
-1.330631 -1.877970 -0.265960
-1.342810 -1.896197 -0.276994
-1.355275 -1.914852 -0.286939
-1.367996 -1.933890 -0.295772
-1.380942 -1.953265 -0.303470
-1.394082 -1.972931 -0.310015
-1.407385 -1.992841 -0.315392
-1.420819 -2.012945 -0.319588
-1.434351 -2.033197 -0.322592
-1.447948 -2.053547 -0.324397
-1.446014 -2.054981 0.674398
-1.430488 -2.036062 0.672593
-1.415036 -2.017234 0.669589
-1.399696 -1.998543 0.665393
-1.384506 -1.980033 0.660016
-1.369501 -1.961750 0.653471
-1.354718 -1.943737 0.645772
-1.340193 -1.926037 0.636940
-1.325959 -1.908694 0.626995
-1.312053 -1.891749 0.615961
-1.298507 -1.875243 0.603865
-1.285353 -1.859216 0.590735
-1.272625 -1.843706 0.576604
-1.260351 -1.828750 0.561506
-1.248562 -1.814385 0.545476
-1.237287 -1.800646 0.528554
-1.226551 -1.787565 0.510780
-1.216382 -1.775174 0.492197
-1.206804 -1.763503 0.472850
-1.197839 -1.752579 0.452785
-1.189510 -1.742430 0.432052
-1.181836 -1.733079 0.410699
-1.174836 -1.724550 0.388778
-1.168527 -1.716862 0.366342
-1.162924 -1.710035 0.343445
-1.158040 -1.704084 0.320143
-1.153888 -1.699024 0.296490
-1.150477 -1.694868 0.272546
-1.147815 -1.691625 0.248366
-1.145909 -1.689302 0.224009
-1.144764 -1.687907 0.199534
-1.144382 -1.687441 0.175000
-1.144764 -1.687907 0.150467
-1.145909 -1.689302 0.125992
-1.147815 -1.691625 0.101635
-1.150477 -1.694868 0.077455
-1.153888 -1.699024 0.053510
-1.158040 -1.704084 0.029858
-1.162924 -1.710035 0.006555
-1.168527 -1.716862 -0.016341
-1.174836 -1.724550 -0.038777
-1.181836 -1.733079 -0.060698
-1.189510 -1.742430 -0.082051
-1.197839 -1.752579 -0.102785
-1.206804 -1.763503 -0.122849
-1.216382 -1.775174 -0.142196
-1.226551 -1.787565 -0.160779
-1.237287 -1.800646 -0.178553
-1.248562 -1.814385 -0.195475
-1.260351 -1.828750 -0.211505
-1.272625 -1.843706 -0.226603
-1.285353 -1.859216 -0.240734
-1.298507 -1.875243 -0.253864
-1.312053 -1.891749 -0.265960
-1.325959 -1.908694 -0.276994
-1.340193 -1.926037 -0.286939
-1.354718 -1.943737 -0.295772
-1.369501 -1.961750 -0.303470
-1.384506 -1.980033 -0.310015
-1.399696 -1.998543 -0.315392
-1.415036 -2.017234 -0.319588
-1.430488 -2.036062 -0.322592
-1.446014 -2.054981 -0.324397
-1.444230 -2.056598 0.674398
-1.426924 -2.039292 0.672593
-1.409701 -2.022069 0.669589
-1.392604 -2.004972 0.665393
-1.375672 -1.988040 0.660016
-1.358947 -1.971315 0.653471
-1.342470 -1.954838 0.645772
-1.326279 -1.938648 0.636940
-1.310415 -1.922783 0.626995
-1.294915 -1.907283 0.615961
-1.279816 -1.892184 0.603865
-1.265155 -1.877523 0.590735
-1.250967 -1.863335 0.576604
-1.237287 -1.849655 0.561506
-1.224147 -1.836514 0.545476
-1.211578 -1.823946 0.528554
-1.199613 -1.811981 0.510780
-1.188278 -1.800646 0.492197
-1.177602 -1.789970 0.472850
-1.167610 -1.779978 0.452785
-1.158326 -1.770694 0.432052
-1.149772 -1.762140 0.410699
-1.141970 -1.754338 0.388778
-1.134938 -1.747306 0.366342
-1.128692 -1.741060 0.343445
-1.123249 -1.735617 0.320143
-1.118621 -1.730989 0.296490
-1.114819 -1.727187 0.272546
-1.111852 -1.724220 0.248366
-1.109728 -1.722095 0.224009
-1.108451 -1.720819 0.199534
-1.108025 -1.720393 0.175000
-1.108451 -1.720819 0.150467
-1.109728 -1.722095 0.125992
-1.111852 -1.724220 0.101635
-1.114819 -1.727187 0.077455
-1.118621 -1.730989 0.053510
-1.123249 -1.735617 0.029858
-1.128692 -1.741060 0.006555
-1.134938 -1.747306 -0.016341
-1.141970 -1.754338 -0.038777
-1.149772 -1.762140 -0.060698
-1.158326 -1.770694 -0.082051
-1.167610 -1.779978 -0.102785
-1.177602 -1.789970 -0.122849
-1.188278 -1.800646 -0.142196
-1.199613 -1.811981 -0.160779
-1.211578 -1.823946 -0.178553
-1.224147 -1.836514 -0.195475
-1.237287 -1.849655 -0.211505
-1.250967 -1.863335 -0.226603
-1.265155 -1.877523 -0.240734
-1.279816 -1.892184 -0.253864
-1.294915 -1.907283 -0.265960
-1.310415 -1.922783 -0.276994
-1.326279 -1.938648 -0.286939
-1.342470 -1.954838 -0.295772
-1.358947 -1.971315 -0.303470
-1.375672 -1.988040 -0.310015
-1.392604 -2.004972 -0.315392
-1.409701 -2.022069 -0.319588
-1.426924 -2.039292 -0.322592
-1.444230 -2.056598 -0.324397
-1.442614 -2.058382 0.674398
-1.423694 -2.042856 0.672593
-1.404866 -2.027404 0.669589
-1.386175 -2.012064 0.665393
-1.367665 -1.996874 0.660016
-1.349382 -1.981869 0.653471
-1.331369 -1.967086 0.645772
-1.313669 -1.952561 0.636940
-1.296326 -1.938327 0.626995
-1.279381 -1.924421 0.615961
-1.262875 -1.910875 0.603865
-1.246848 -1.897721 0.590735
-1.231338 -1.884993 0.576604
-1.216382 -1.872719 0.561506
-1.202017 -1.860930 0.545476
-1.188278 -1.849655 0.528554
-1.175197 -1.838919 0.510780
-1.162806 -1.828750 0.492197
-1.151135 -1.819172 0.472850
-1.140211 -1.810207 0.452785
-1.130062 -1.801878 0.432052
-1.120711 -1.794204 0.410699
-1.112182 -1.787204 0.388778
-1.104494 -1.780895 0.366342
-1.097667 -1.775292 0.343445
-1.091716 -1.770408 0.320143
-1.086656 -1.766256 0.296490
-1.082500 -1.762845 0.272546
-1.079257 -1.760183 0.248366
-1.076934 -1.758277 0.224009
-1.075539 -1.757132 0.199534
-1.075073 -1.756750 0.175000
-1.075539 -1.757132 0.150467
-1.076934 -1.758277 0.125992
-1.079257 -1.760183 0.101635
-1.082500 -1.762845 0.077455
-1.086656 -1.766256 0.053510
-1.091716 -1.770408 0.029858
-1.097667 -1.775292 0.006555
-1.104494 -1.780895 -0.016341
-1.112182 -1.787204 -0.038777
-1.120711 -1.794204 -0.060698
-1.130062 -1.801878 -0.082051
-1.140211 -1.810207 -0.102785
-1.151135 -1.819172 -0.122849
-1.162806 -1.828750 -0.142196
-1.175197 -1.838919 -0.160779
-1.188278 -1.849655 -0.178553
-1.202017 -1.860930 -0.195475
-1.216382 -1.872719 -0.211505
-1.231338 -1.884993 -0.226603
-1.246848 -1.897721 -0.240734
-1.262875 -1.910875 -0.253864
-1.279381 -1.924421 -0.265960
-1.296326 -1.938327 -0.276994
-1.313669 -1.952561 -0.286939
-1.331369 -1.967086 -0.295772
-1.349382 -1.981869 -0.303470
-1.367665 -1.996874 -0.310015
-1.386175 -2.012064 -0.315392
-1.404866 -2.027404 -0.319588
-1.423694 -2.042856 -0.322592
-1.442614 -2.058382 -0.324397
-1.441179 -2.060316 0.674398
-1.420829 -2.046719 0.672593
-1.400578 -2.033187 0.669589
-1.380473 -2.019753 0.665393
-1.360563 -2.006450 0.660016
-1.340897 -1.993310 0.653471
-1.321522 -1.980363 0.645772
-1.302484 -1.967643 0.636940
-1.283829 -1.955178 0.626995
-1.265602 -1.942999 0.615961
-1.247848 -1.931136 0.603865
-1.230609 -1.919617 0.590735
-1.213926 -1.908470 0.576604
-1.197839 -1.897721 0.561506
-1.182388 -1.887397 0.545476
-1.167610 -1.877523 0.528554
-1.153539 -1.868121 0.510780
-1.140211 -1.859216 0.492197
-1.127657 -1.850827 0.472850
-1.115908 -1.842977 0.452785
-1.104991 -1.835682 0.432052
-1.094933 -1.828962 0.410699
-1.085759 -1.822832 0.388778
-1.077490 -1.817307 0.366342
-1.070146 -1.812400 0.343445
-1.063745 -1.808123 0.320143
-1.058303 -1.804486 0.296490
-1.053832 -1.801499 0.272546
-1.050344 -1.799168 0.248366
-1.047846 -1.797499 0.224009
-1.046345 -1.796496 0.199534
-1.045844 -1.796161 0.175000
-1.046345 -1.796496 0.150467
-1.047846 -1.797499 0.125992
-1.050344 -1.799168 0.101635
-1.053832 -1.801499 0.077455
-1.058303 -1.804486 0.053510
-1.063745 -1.808123 0.029858
-1.070146 -1.812400 0.006555
-1.077490 -1.817307 -0.016341
-1.085759 -1.822832 -0.038777
-1.094933 -1.828962 -0.060698
-1.104991 -1.835682 -0.082051
-1.115908 -1.842977 -0.102785
-1.127657 -1.850827 -0.122849
-1.140211 -1.859216 -0.142196
-1.153539 -1.868121 -0.160779
-1.167610 -1.877523 -0.178553
-1.182388 -1.887397 -0.195475
-1.197839 -1.897721 -0.211505
-1.213926 -1.908470 -0.226603
-1.230609 -1.919617 -0.240734
-1.247848 -1.931136 -0.253864
-1.265602 -1.942999 -0.265960
-1.283829 -1.955178 -0.276994
-1.302484 -1.967643 -0.286939
-1.321522 -1.980363 -0.295772
-1.340897 -1.993310 -0.303470
-1.360563 -2.006450 -0.310015
-1.380473 -2.019753 -0.315392
-1.400578 -2.033187 -0.319588
-1.420829 -2.046719 -0.322592
-1.441179 -2.060316 -0.324397
-1.439942 -2.062381 0.674398
-1.418357 -2.050844 0.672593
-1.396876 -2.039362 0.669589
-1.375551 -2.027964 0.665393
-1.354434 -2.016676 0.660016
-1.333574 -2.005527 0.653471
-1.313023 -1.994542 0.645772
-1.292830 -1.983749 0.636940
-1.273044 -1.973172 0.626995
-1.253711 -1.962839 0.615961
-1.234879 -1.952773 0.603865
-1.216594 -1.942999 0.590735
-1.198899 -1.933541 0.576604
-1.181836 -1.924421 0.561506
-1.165447 -1.915661 0.545476
-1.149772 -1.907283 0.528554
-1.134848 -1.899306 0.510780
-1.120711 -1.891749 0.492197
-1.107396 -1.884632 0.472850
-1.094933 -1.877970 0.452785
-1.083354 -1.871781 0.432052
-1.072686 -1.866079 0.410699
-1.062955 -1.860878 0.388778
-1.054184 -1.856190 0.366342
-1.046395 -1.852026 0.343445
-1.039605 -1.848397 0.320143
-1.033833 -1.845312 0.296490
-1.029091 -1.842777 0.272546
-1.025391 -1.840799 0.248366
-1.022741 -1.839383 0.224009
-1.021149 -1.838532 0.199534
-1.020618 -1.838248 0.175000
-1.021149 -1.838532 0.150467
-1.022741 -1.839383 0.125992
-1.025391 -1.840799 0.101635
-1.029091 -1.842777 0.077455
-1.033833 -1.845312 0.053510
-1.039605 -1.848397 0.029858
-1.046395 -1.852026 0.006555
-1.054184 -1.856190 -0.016341
-1.062955 -1.860878 -0.038777
-1.072686 -1.866079 -0.060698
-1.083354 -1.871781 -0.082051
-1.094933 -1.877970 -0.102785
-1.107396 -1.884632 -0.122849
-1.120711 -1.891749 -0.142196
-1.134848 -1.899306 -0.160779
-1.149772 -1.907283 -0.178553
-1.165447 -1.915661 -0.195475
-1.181836 -1.924421 -0.211505
-1.198899 -1.933541 -0.226603
-1.216594 -1.942999 -0.240734
-1.234879 -1.952773 -0.253864
-1.253711 -1.962839 -0.265960
-1.273044 -1.973172 -0.276994
-1.292830 -1.983749 -0.286939
-1.313023 -1.994542 -0.295772
-1.333574 -2.005527 -0.303470
-1.354434 -2.016676 -0.310015
-1.375551 -2.027964 -0.315392
-1.396876 -2.039362 -0.319588
-1.418357 -2.050844 -0.322592
-1.439942 -2.062381 -0.324397
-1.438912 -2.064558 0.674398
-1.416301 -2.055192 0.672593
-1.393798 -2.045871 0.669589
-1.371459 -2.036618 0.665393
-1.349336 -2.027454 0.660016
-1.327484 -2.018403 0.653471
-1.305956 -2.009485 0.645772
-1.284802 -2.000723 0.636940
-1.264074 -1.992137 0.626995
-1.243822 -1.983749 0.615961
-1.224094 -1.975577 0.603865
-1.204938 -1.967643 0.590735
-1.186401 -1.959964 0.576604
-1.168527 -1.952561 0.561506
-1.151359 -1.945449 0.545476
-1.134938 -1.938648 0.528554
-1.119304 -1.932172 0.510780
-1.104494 -1.926037 0.492197
-1.090545 -1.920259 0.472850
-1.077490 -1.914852 0.452785
-1.065360 -1.909827 0.432052
-1.054184 -1.905198 0.410699
-1.043990 -1.900976 0.388778
-1.034802 -1.897170 0.366342
-1.026642 -1.893790 0.343445
-1.019530 -1.890844 0.320143
-1.013483 -1.888339 0.296490
-1.008515 -1.886281 0.272546
-1.004639 -1.884676 0.248366
-1.001863 -1.883526 0.224009
-1.000195 -1.882835 0.199534
-0.999639 -1.882605 0.175000
-1.000195 -1.882835 0.150467
-1.001863 -1.883526 0.125992
-1.004639 -1.884676 0.101635
-1.008515 -1.886281 0.077455
-1.013483 -1.888339 0.053510
-1.019530 -1.890844 0.029858
-1.026642 -1.893790 0.006555
-1.034802 -1.897170 -0.016341
-1.043990 -1.900976 -0.038777
-1.054184 -1.905198 -0.060698
-1.065360 -1.909827 -0.082051
-1.077490 -1.914852 -0.102785
-1.090545 -1.920259 -0.122849
-1.104494 -1.926037 -0.142196
-1.119304 -1.932172 -0.160779
-1.134938 -1.938648 -0.178553
-1.151359 -1.945449 -0.195475
-1.168527 -1.952561 -0.211505
-1.186401 -1.959964 -0.226603
-1.204938 -1.967643 -0.240734
-1.224094 -1.975577 -0.253864
-1.243822 -1.983749 -0.265960
-1.264074 -1.992137 -0.276994
-1.284802 -2.000723 -0.286939
-1.305956 -2.009485 -0.295772
-1.327484 -2.018403 -0.303470
-1.349336 -2.027454 -0.310015
-1.371459 -2.036618 -0.315392
-1.393798 -2.045871 -0.319588
-1.416301 -2.055192 -0.322592
-1.438912 -2.064558 -0.324397
-1.438101 -2.066825 0.674398
-1.414680 -2.059720 0.672593
-1.391372 -2.052650 0.669589
-1.368234 -2.045631 0.665393
-1.345320 -2.038680 0.660016
-1.322686 -2.031814 0.653471
-1.300387 -2.025049 0.645772
-1.278476 -2.018403 0.636940
-1.257006 -2.011890 0.626995
-1.236029 -2.005527 0.615961
-1.215596 -1.999328 0.603865
-1.195755 -1.993310 0.590735
-1.176554 -1.987485 0.576604
-1.158040 -1.981869 0.561506
-1.140258 -1.976475 0.545476
-1.123249 -1.971315 0.528554
-1.107056 -1.966403 0.510780
-1.091716 -1.961750 0.492197
-1.077268 -1.957367 0.472850
-1.063745 -1.953265 0.452785
-1.051181 -1.949454 0.432052
-1.039605 -1.945942 0.410699
-1.029047 -1.942739 0.388778
-1.019530 -1.939852 0.366342
-1.011078 -1.937289 0.343445
-1.003711 -1.935054 0.320143
-0.997448 -1.933154 0.296490
-0.992302 -1.931593 0.272546
-0.988287 -1.930375 0.248366
-0.985412 -1.929503 0.224009
-0.983685 -1.928979 0.199534
-0.983108 -1.928804 0.175000
-0.983685 -1.928979 0.150467
-0.985412 -1.929503 0.125992
-0.988287 -1.930375 0.101635
-0.992302 -1.931593 0.077455
-0.997448 -1.933154 0.053510
-1.003711 -1.935054 0.029858
-1.011078 -1.937289 0.006555
-1.019530 -1.939852 -0.016341
-1.029047 -1.942739 -0.038777
-1.039605 -1.945942 -0.060698
-1.051181 -1.949454 -0.082051
-1.063745 -1.953265 -0.102785
-1.077268 -1.957367 -0.122849
-1.091716 -1.961750 -0.142196
-1.107056 -1.966403 -0.160779
-1.123249 -1.971315 -0.178553
-1.140258 -1.976475 -0.195475
-1.158040 -1.981869 -0.211505
-1.176554 -1.987485 -0.226603
-1.195755 -1.993310 -0.240734
-1.215596 -1.999328 -0.253864
-1.236029 -2.005527 -0.265960
-1.257006 -2.011890 -0.276994
-1.278476 -2.018403 -0.286939
-1.300387 -2.025049 -0.295772
-1.322686 -2.031814 -0.303470
-1.345320 -2.038680 -0.310015
-1.368234 -2.045631 -0.315392
-1.391372 -2.052650 -0.319588
-1.414680 -2.059720 -0.322592
-1.438101 -2.066825 -0.324397
-1.437516 -2.069160 0.674398
-1.413512 -2.064385 0.672593
-1.389623 -2.059634 0.669589
-1.365908 -2.054916 0.665393
-1.342423 -2.050245 0.660016
-1.319225 -2.045631 0.653471
-1.296370 -2.041085 0.645772
-1.273913 -2.036618 0.636940
-1.251909 -2.032241 0.626995
-1.230409 -2.027964 0.615961
-1.209466 -2.023798 0.603865
-1.189131 -2.019753 0.590735
-1.169452 -2.015839 0.576604
-1.150477 -2.012064 0.561506
-1.132251 -2.008439 0.545476
-1.114819 -2.004972 0.528554
-1.098222 -2.001670 0.510780
-1.082500 -1.998543 0.492197
-1.067692 -1.995597 0.472850
-1.053832 -1.992841 0.452785
-1.040955 -1.990279 0.432052
-1.029091 -1.987919 0.410699
-1.018269 -1.985767 0.388778
-1.008515 -1.983827 0.366342
-0.999852 -1.982103 0.343445
-0.992302 -1.980602 0.320143
-0.985882 -1.979325 0.296490
-0.980609 -1.978276 0.272546
-0.976494 -1.977457 0.248366
-0.973547 -1.976871 0.224009
-0.971777 -1.976519 0.199534
-0.971186 -1.976401 0.175000
-0.971777 -1.976519 0.150467
-0.973547 -1.976871 0.125992
-0.976494 -1.977457 0.101635
-0.980609 -1.978276 0.077455
-0.985882 -1.979325 0.053510
-0.992302 -1.980602 0.029858
-0.999852 -1.982103 0.006555
-1.008515 -1.983827 -0.016341
-1.018269 -1.985767 -0.038777
-1.029091 -1.987919 -0.060698
-1.040955 -1.990279 -0.082051
-1.053832 -1.992841 -0.102785
-1.067692 -1.995597 -0.122849
-1.082500 -1.998543 -0.142196
-1.098222 -2.001670 -0.160779
-1.114819 -2.004972 -0.178553
-1.132251 -2.008439 -0.195475
-1.150477 -2.012064 -0.211505
-1.169452 -2.015839 -0.226603
-1.189131 -2.019753 -0.240734
-1.209466 -2.023798 -0.253864
-1.230409 -2.027964 -0.265960
-1.251909 -2.032241 -0.276994
-1.273913 -2.036618 -0.286939
-1.296370 -2.041085 -0.295772
-1.319225 -2.045631 -0.303470
-1.342423 -2.050245 -0.310015
-1.365908 -2.054916 -0.315392
-1.389623 -2.059634 -0.319588
-1.413512 -2.064385 -0.322592
-1.437516 -2.069160 -0.324397
-1.437163 -2.071542 0.674398
-1.412806 -2.069143 0.672593
-1.388566 -2.066756 0.669589
-1.364503 -2.064385 0.665393
-1.340673 -2.062038 0.660016
-1.317135 -2.059720 0.653471
-1.293945 -2.057436 0.645772
-1.271158 -2.055192 0.636940
-1.248830 -2.052993 0.626995
-1.227015 -2.050844 0.615961
-1.205765 -2.048751 0.603865
-1.185131 -2.046719 0.590735
-1.165163 -2.044752 0.576604
-1.145909 -2.042856 0.561506
-1.127416 -2.041034 0.545476
-1.109728 -2.039292 0.528554
-1.092887 -2.037633 0.510780
-1.076934 -2.036062 0.492197
-1.061909 -2.034582 0.472850
-1.047846 -2.033197 0.452785
-1.034779 -2.031910 0.432052
-1.022741 -2.030725 0.410699
-1.011760 -2.029643 0.388778
-1.001863 -2.028668 0.366342
-0.993073 -2.027803 0.343445
-0.985412 -2.027048 0.320143
-0.978898 -2.026407 0.296490
-0.973547 -2.025880 0.272546
-0.969372 -2.025468 0.248366
-0.966382 -2.025174 0.224009
-0.964586 -2.024997 0.199534
-0.963986 -2.024938 0.175000
-0.964586 -2.024997 0.150467
-0.966382 -2.025174 0.125992
-0.969372 -2.025468 0.101635
-0.973547 -2.025880 0.077455
-0.978898 -2.026407 0.053510
-0.985412 -2.027048 0.029858
-0.993073 -2.027803 0.006555
-1.001863 -2.028668 -0.016341
-1.011760 -2.029643 -0.038777
-1.022741 -2.030725 -0.060698
-1.034779 -2.031910 -0.082051
-1.047846 -2.033197 -0.102785
-1.061909 -2.034582 -0.122849
-1.076934 -2.036062 -0.142196
-1.092887 -2.037633 -0.160779
-1.109728 -2.039292 -0.178553
-1.127416 -2.041034 -0.195475
-1.145909 -2.042856 -0.211505
-1.165163 -2.044752 -0.226603
-1.185131 -2.046719 -0.240734
-1.205765 -2.048751 -0.253864
-1.227015 -2.050844 -0.265960
-1.248830 -2.052993 -0.276994
-1.271158 -2.055192 -0.286939
-1.293945 -2.057436 -0.295772
-1.317135 -2.059720 -0.303470
-1.340673 -2.062038 -0.310015
-1.364503 -2.064385 -0.315392
-1.388566 -2.066756 -0.319588
-1.412806 -2.069143 -0.322592
-1.437163 -2.071542 -0.324397
-1.437045 -2.073946 0.674398
-1.412570 -2.073946 0.672593
-1.388213 -2.073946 0.669589
-1.364033 -2.073946 0.665393
-1.340088 -2.073946 0.660016
-1.316436 -2.073946 0.653471
-1.293134 -2.073946 0.645772
-1.270237 -2.073946 0.636940
-1.247801 -2.073946 0.626995
-1.225880 -2.073946 0.615961
-1.204527 -2.073946 0.603865
-1.183793 -2.073946 0.590735
-1.163729 -2.073946 0.576604
-1.144382 -2.073946 0.561506
-1.125799 -2.073946 0.545476
-1.108025 -2.073946 0.528554
-1.091103 -2.073946 0.510780
-1.075073 -2.073946 0.492197
-1.059975 -2.073946 0.472850
-1.045844 -2.073946 0.452785
-1.032714 -2.073946 0.432052
-1.020618 -2.073946 0.410699
-1.009584 -2.073946 0.388778
-0.999639 -2.073946 0.366342
-0.990807 -2.073946 0.343445
-0.983108 -2.073946 0.320143
-0.976563 -2.073946 0.296490
-0.971186 -2.073946 0.272546
-0.966990 -2.073946 0.248366
-0.963986 -2.073946 0.224009
-0.962181 -2.073946 0.199534
-0.961579 -2.073946 0.175000
-0.962181 -2.073946 0.150467
-0.963986 -2.073946 0.125992
-0.966990 -2.073946 0.101635
-0.971186 -2.073946 0.077455
-0.976563 -2.073946 0.053510
-0.983108 -2.073946 0.029858
-0.990807 -2.073946 0.006555
-0.999639 -2.073946 -0.016341
-1.009584 -2.073946 -0.038777
-1.020618 -2.073946 -0.060698
-1.032714 -2.073946 -0.082051
-1.045844 -2.073946 -0.102785
-1.059975 -2.073946 -0.122849
-1.075073 -2.073946 -0.142196
-1.091103 -2.073946 -0.160779
-1.108025 -2.073946 -0.178553
-1.125799 -2.073946 -0.195475
-1.144382 -2.073946 -0.211505
-1.163729 -2.073946 -0.226603
-1.183793 -2.073946 -0.240734
-1.204527 -2.073946 -0.253864
-1.225880 -2.073946 -0.265960
-1.247801 -2.073946 -0.276994
-1.270237 -2.073946 -0.286939
-1.293134 -2.073946 -0.295772
-1.316436 -2.073946 -0.303470
-1.340088 -2.073946 -0.310015
-1.364033 -2.073946 -0.315392
-1.388213 -2.073946 -0.319588
-1.412570 -2.073946 -0.322592
-1.437045 -2.073946 -0.324397
-1.437163 -2.076351 0.674398
-1.412806 -2.078750 0.672593
-1.388566 -2.081137 0.669589
-1.364503 -2.083508 0.665393
-1.340673 -2.085855 0.660016
-1.317135 -2.088173 0.653471
-1.293945 -2.090457 0.645772
-1.271158 -2.092701 0.636940
-1.248830 -2.094900 0.626995
-1.227015 -2.097049 0.615961
-1.205765 -2.099142 0.603865
-1.185131 -2.101174 0.590735
-1.165163 -2.103141 0.576604
-1.145909 -2.105037 0.561506
-1.127416 -2.106858 0.545476
-1.109728 -2.108601 0.528554
-1.092887 -2.110260 0.510780
-1.076934 -2.111831 0.492197
-1.061909 -2.113311 0.472850
-1.047846 -2.114696 0.452785
-1.034779 -2.115983 0.432052
-1.022741 -2.117168 0.410699
-1.011760 -2.118250 0.388778
-1.001863 -2.119225 0.366342
-0.993073 -2.120090 0.343445
-0.985412 -2.120845 0.320143
-0.978899 -2.121486 0.296490
-0.973547 -2.122013 0.272546
-0.969372 -2.122425 0.248366
-0.966382 -2.122719 0.224009
-0.964586 -2.122896 0.199534
-0.963986 -2.122955 0.175000
-0.964586 -2.122896 0.150467
-0.966382 -2.122719 0.125992
-0.969372 -2.122425 0.101635
-0.973547 -2.122013 0.077455
-0.978899 -2.121486 0.053510
-0.985412 -2.120845 0.029858
-0.993073 -2.120090 0.006555
-1.001863 -2.119225 -0.016341
-1.011760 -2.118250 -0.038777
-1.022741 -2.117168 -0.060698
-1.034779 -2.115983 -0.082051
-1.047846 -2.114696 -0.102785
-1.061909 -2.113311 -0.122849
-1.076934 -2.111831 -0.142196
-1.092887 -2.110260 -0.160779
-1.109728 -2.108601 -0.178553
-1.127416 -2.106858 -0.195475
-1.145909 -2.105037 -0.211505
-1.165163 -2.103141 -0.226603
-1.185131 -2.101174 -0.240734
-1.205765 -2.099142 -0.253864
-1.227015 -2.097049 -0.265960
-1.248830 -2.094900 -0.276994
-1.271158 -2.092701 -0.286939
-1.293945 -2.090457 -0.295772
-1.317135 -2.088173 -0.303470
-1.340673 -2.085855 -0.310015
-1.364503 -2.083508 -0.315392
-1.388566 -2.081137 -0.319588
-1.412806 -2.078750 -0.322592
-1.437163 -2.076351 -0.324397
-1.437516 -2.078733 0.674398
-1.413512 -2.083508 0.672593
-1.389623 -2.088259 0.669589
-1.365908 -2.092977 0.665393
-1.342423 -2.097648 0.660016
-1.319225 -2.102262 0.653471
-1.296370 -2.106808 0.645772
-1.273913 -2.111275 0.636940
-1.251909 -2.115652 0.626995
-1.230409 -2.119929 0.615961
-1.209466 -2.124095 0.603865
-1.189131 -2.128140 0.590735
-1.169452 -2.132054 0.576604
-1.150477 -2.135828 0.561506
-1.132251 -2.139454 0.545476
-1.114819 -2.142921 0.528554
-1.098222 -2.146223 0.510780
-1.082500 -2.149350 0.492197
-1.067692 -2.152296 0.472850
-1.053832 -2.155052 0.452785
-1.040955 -2.157614 0.432052
-1.029091 -2.159974 0.410699
-1.018269 -2.162126 0.388778
-1.008515 -2.164067 0.366342
-0.999852 -2.165790 0.343445
-0.992302 -2.167291 0.320143
-0.985882 -2.168568 0.296490
-0.980609 -2.169617 0.272546
-0.976494 -2.170436 0.248366
-0.973547 -2.171022 0.224009
-0.971777 -2.171374 0.199534
-0.971186 -2.171492 0.175000
-0.971777 -2.171374 0.150467
-0.973547 -2.171022 0.125992
-0.976494 -2.170436 0.101635
-0.980609 -2.169617 0.077455
-0.985882 -2.168568 0.053510
-0.992302 -2.167291 0.029858
-0.999852 -2.165790 0.006555
-1.008515 -2.164067 -0.016341
-1.018269 -2.162126 -0.038777
-1.029091 -2.159974 -0.060698
-1.040955 -2.157614 -0.082051
-1.053832 -2.155052 -0.102785
-1.067692 -2.152296 -0.122849
-1.082500 -2.149350 -0.142196
-1.098222 -2.146223 -0.160779
-1.114819 -2.142921 -0.178553
-1.132251 -2.139454 -0.195475
-1.150477 -2.135828 -0.211505
-1.169452 -2.132054 -0.226603
-1.189131 -2.128140 -0.240734
-1.209466 -2.124095 -0.253864
-1.230409 -2.119929 -0.265960
-1.251909 -2.115652 -0.276994
-1.273913 -2.111275 -0.286939
-1.296370 -2.106808 -0.295772
-1.319225 -2.102262 -0.303470
-1.342423 -2.097648 -0.310015
-1.365908 -2.092977 -0.315392
-1.389623 -2.088259 -0.319588
-1.413512 -2.083508 -0.322592
-1.437516 -2.078733 -0.324397
-1.438101 -2.081068 0.674398
-1.414680 -2.088173 0.672593
-1.391372 -2.095243 0.669589
-1.368234 -2.102262 0.665393
-1.345320 -2.109213 0.660016
-1.322686 -2.116079 0.653471
-1.300387 -2.122844 0.645772
-1.278476 -2.129490 0.636940
-1.257006 -2.136003 0.626995
-1.236029 -2.142366 0.615961
-1.215596 -2.148565 0.603865
-1.195755 -2.154583 0.590735
-1.176554 -2.160408 0.576604
-1.158040 -2.166024 0.561506
-1.140258 -2.171418 0.545476
-1.123249 -2.176578 0.528554
-1.107056 -2.181490 0.510780
-1.091716 -2.186143 0.492197
-1.077268 -2.190526 0.472850
-1.063745 -2.194628 0.452785
-1.051181 -2.198439 0.432052
-1.039606 -2.201951 0.410699
-1.029047 -2.205154 0.388778
-1.019530 -2.208040 0.366342
-1.011078 -2.210604 0.343445
-1.003711 -2.212839 0.320143
-0.997448 -2.214739 0.296490
-0.992302 -2.216300 0.272546
-0.988287 -2.217518 0.248366
-0.985412 -2.218390 0.224009
-0.983685 -2.218914 0.199534
-0.983108 -2.219089 0.175000
-0.983685 -2.218914 0.150467
-0.985412 -2.218390 0.125992
-0.988287 -2.217518 0.101635
-0.992302 -2.216300 0.077455
-0.997448 -2.214739 0.053510
-1.003711 -2.212839 0.029858
-1.011078 -2.210604 0.006555
-1.019530 -2.208040 -0.016341
-1.029047 -2.205154 -0.038777
-1.039606 -2.201951 -0.060698
-1.051181 -2.198439 -0.082051
-1.063745 -2.194628 -0.102785
-1.077268 -2.190526 -0.122849
-1.091716 -2.186143 -0.142196
-1.107056 -2.181490 -0.160779
-1.123249 -2.176578 -0.178553
-1.140258 -2.171418 -0.195475
-1.158040 -2.166024 -0.211505
-1.176554 -2.160408 -0.226603
-1.195755 -2.154583 -0.240734
-1.215596 -2.148565 -0.253864
-1.236029 -2.142366 -0.265960
-1.257006 -2.136003 -0.276994
-1.278476 -2.129490 -0.286939
-1.300387 -2.122844 -0.295772
-1.322686 -2.116079 -0.303470
-1.345320 -2.109213 -0.310015
-1.368234 -2.102262 -0.315392
-1.391372 -2.095243 -0.319588
-1.414680 -2.088173 -0.322592
-1.438101 -2.081068 -0.324397
-1.438912 -2.083335 0.674398
-1.416301 -2.092701 0.672593
-1.393798 -2.102022 0.669589
-1.371459 -2.111275 0.665393
-1.349336 -2.120439 0.660016
-1.327484 -2.129490 0.653471
-1.305956 -2.138407 0.645772
-1.284802 -2.147170 0.636940
-1.264074 -2.155756 0.626995
-1.243822 -2.164144 0.615961
-1.224094 -2.172316 0.603865
-1.204938 -2.180250 0.590735
-1.186401 -2.187929 0.576604
-1.168527 -2.195332 0.561506
-1.151359 -2.202444 0.545476
-1.134938 -2.209245 0.528554
-1.119304 -2.215721 0.510780
-1.104494 -2.221856 0.492197
-1.090545 -2.227633 0.472850
-1.077490 -2.233041 0.452785
-1.065360 -2.238066 0.432052
-1.054184 -2.242695 0.410699
-1.043990 -2.246917 0.388778
-1.034802 -2.250723 0.366342
-1.026642 -2.254103 0.343445
-1.019530 -2.257049 0.320143
-1.013483 -2.259554 0.296490
-1.008515 -2.261612 0.272546
-1.004639 -2.263217 0.248366
-1.001863 -2.264367 0.224009
-1.000195 -2.265058 0.199534
-0.999639 -2.265288 0.175000
-1.000195 -2.265058 0.150467
-1.001863 -2.264367 0.125992
-1.004639 -2.263217 0.101635
-1.008515 -2.261612 0.077455
-1.013483 -2.259554 0.053510
-1.019530 -2.257049 0.029858
-1.026642 -2.254103 0.006555
-1.034802 -2.250723 -0.016341
-1.043990 -2.246917 -0.038777
-1.054184 -2.242695 -0.060698
-1.065360 -2.238066 -0.082051
-1.077490 -2.233041 -0.102785
-1.090545 -2.227633 -0.122849
-1.104494 -2.221856 -0.142196
-1.119304 -2.215721 -0.160779
-1.134938 -2.209245 -0.178553
-1.151359 -2.202444 -0.195475
-1.168527 -2.195332 -0.211505
-1.186401 -2.187929 -0.226603
-1.204938 -2.180250 -0.240734
-1.224094 -2.172316 -0.253864
-1.243822 -2.164144 -0.265960
-1.264074 -2.155756 -0.276994
-1.284802 -2.147170 -0.286939
-1.305956 -2.138407 -0.295772
-1.327484 -2.129490 -0.303470
-1.349336 -2.120439 -0.310015
-1.371459 -2.111275 -0.315392
-1.393798 -2.102022 -0.319588
-1.416301 -2.092701 -0.322592
-1.438912 -2.083335 -0.324397
-1.439942 -2.085512 0.674398
-1.418357 -2.097049 0.672593
-1.396876 -2.108531 0.669589
-1.375551 -2.119929 0.665393
-1.354434 -2.131217 0.660016
-1.333574 -2.142366 0.653471
-1.313023 -2.153351 0.645772
-1.292830 -2.164144 0.636940
-1.273044 -2.174721 0.626995
-1.253711 -2.185054 0.615961
-1.234879 -2.195120 0.603865
-1.216594 -2.204894 0.590735
-1.198899 -2.214352 0.576604
-1.181836 -2.223472 0.561506
-1.165447 -2.232232 0.545476
-1.149772 -2.240610 0.528554
-1.134848 -2.248587 0.510780
-1.120711 -2.256144 0.492197
-1.107396 -2.263261 0.472850
-1.094933 -2.269922 0.452785
-1.083354 -2.276112 0.432052
-1.072686 -2.281814 0.410699
-1.062955 -2.287015 0.388778
-1.054184 -2.291703 0.366342
-1.046395 -2.295867 0.343445
-1.039605 -2.299496 0.320143
-1.033833 -2.302581 0.296490
-1.029091 -2.305116 0.272546
-1.025391 -2.307094 0.248366
-1.022741 -2.308510 0.224009
-1.021149 -2.309361 0.199534
-1.020618 -2.309645 0.175000
-1.021149 -2.309361 0.150467
-1.022741 -2.308510 0.125992
-1.025391 -2.307094 0.101635
-1.029091 -2.305116 0.077455
-1.033833 -2.302581 0.053510
-1.039605 -2.299496 0.029858
-1.046395 -2.295867 0.006555
-1.054184 -2.291703 -0.016341
-1.062955 -2.287015 -0.038777
-1.072686 -2.281814 -0.060698
-1.083354 -2.276112 -0.082051
-1.094933 -2.269922 -0.102785
-1.107396 -2.263261 -0.122849
-1.120711 -2.256144 -0.142196
-1.134848 -2.248587 -0.160779
-1.149772 -2.240610 -0.178553
-1.165447 -2.232232 -0.195475
-1.181836 -2.223472 -0.211505
-1.198899 -2.214352 -0.226603
-1.216594 -2.204894 -0.240734
-1.234879 -2.195120 -0.253864
-1.253711 -2.185054 -0.265960
-1.273044 -2.174721 -0.276994
-1.292830 -2.164144 -0.286939
-1.313023 -2.153351 -0.295772
-1.333574 -2.142366 -0.303470
-1.354434 -2.131217 -0.310015
-1.375551 -2.119929 -0.315392
-1.396876 -2.108531 -0.319588
-1.418357 -2.097049 -0.322592
-1.439942 -2.085512 -0.324397
-1.441179 -2.087577 0.674398
-1.420829 -2.101174 0.672593
-1.400578 -2.114706 0.669589
-1.380473 -2.128140 0.665393
-1.360563 -2.141443 0.660016
-1.340897 -2.154583 0.653471
-1.321522 -2.167529 0.645772
-1.302484 -2.180250 0.636940
-1.283829 -2.192715 0.626995
-1.265602 -2.204893 0.615961
-1.247848 -2.216757 0.603865
-1.230608 -2.228276 0.590735
-1.213926 -2.239423 0.576604
-1.197839 -2.250171 0.561506
-1.182388 -2.260495 0.545476
-1.167610 -2.270370 0.528554
-1.153539 -2.279772 0.510780
-1.140211 -2.288677 0.492197
-1.127657 -2.297065 0.472850
-1.115908 -2.304916 0.452785
-1.104991 -2.312211 0.432052
-1.094933 -2.318931 0.410699
-1.085759 -2.325061 0.388778
-1.077490 -2.330586 0.366342
-1.070146 -2.335493 0.343445
-1.063745 -2.339770 0.320143
-1.058303 -2.343407 0.296490
-1.053832 -2.346394 0.272546
-1.050344 -2.348725 0.248366
-1.047846 -2.350394 0.224009
-1.046345 -2.351397 0.199534
-1.045844 -2.351732 0.175000
-1.046345 -2.351397 0.150467
-1.047846 -2.350394 0.125992
-1.050344 -2.348725 0.101635
-1.053832 -2.346394 0.077455
-1.058303 -2.343407 0.053510
-1.063745 -2.339770 0.029858
-1.070146 -2.335493 0.006555
-1.077490 -2.330586 -0.016341
-1.085759 -2.325061 -0.038777
-1.094933 -2.318931 -0.060698
-1.104991 -2.312211 -0.082051
-1.115908 -2.304916 -0.102785
-1.127657 -2.297065 -0.122849
-1.140211 -2.288677 -0.142196
-1.153539 -2.279772 -0.160779
-1.167610 -2.270370 -0.178553
-1.182388 -2.260495 -0.195475
-1.197839 -2.250171 -0.211505
-1.213926 -2.239423 -0.226603
-1.230608 -2.228276 -0.240734
-1.247848 -2.216757 -0.253864
-1.265602 -2.204893 -0.265960
-1.283829 -2.192715 -0.276994
-1.302484 -2.180250 -0.286939
-1.321522 -2.167529 -0.295772
-1.340897 -2.154583 -0.303470
-1.360563 -2.141443 -0.310015
-1.380473 -2.128140 -0.315392
-1.400578 -2.114706 -0.319588
-1.420829 -2.101174 -0.322592
-1.441179 -2.087577 -0.324397
-1.442614 -2.089511 0.674398
-1.423694 -2.105037 0.672593
-1.404866 -2.120489 0.669589
-1.386175 -2.135828 0.665393
-1.367665 -2.151019 0.660016
-1.349382 -2.166024 0.653471
-1.331369 -2.180807 0.645772
-1.313669 -2.195332 0.636940
-1.296326 -2.209565 0.626995
-1.279381 -2.223472 0.615961
-1.262875 -2.237018 0.603865
-1.246848 -2.250172 0.590735
-1.231338 -2.262900 0.576604
-1.216382 -2.275174 0.561506
-1.202017 -2.286963 0.545476
-1.188278 -2.298238 0.528554
-1.175197 -2.308974 0.510780
-1.162806 -2.319143 0.492197
-1.151135 -2.328721 0.472850
-1.140211 -2.337686 0.452785
-1.130062 -2.346015 0.432052
-1.120711 -2.353689 0.410699
-1.112182 -2.360689 0.388778
-1.104494 -2.366998 0.366342
-1.097667 -2.372601 0.343445
-1.091716 -2.377485 0.320143
-1.086657 -2.381637 0.296490
-1.082500 -2.385048 0.272546
-1.079257 -2.387710 0.248366
-1.076934 -2.389616 0.224009
-1.075539 -2.390761 0.199534
-1.075073 -2.391143 0.175000
-1.075539 -2.390761 0.150467
-1.076934 -2.389616 0.125992
-1.079257 -2.387710 0.101635
-1.082500 -2.385048 0.077455
-1.086657 -2.381637 0.053510
-1.091716 -2.377485 0.029858
-1.097667 -2.372601 0.006555
-1.104494 -2.366998 -0.016341
-1.112182 -2.360689 -0.038777
-1.120711 -2.353689 -0.060698
-1.130062 -2.346015 -0.082051
-1.140211 -2.337686 -0.102785
-1.151135 -2.328721 -0.122849
-1.162806 -2.319143 -0.142196
-1.175197 -2.308974 -0.160779
-1.188278 -2.298238 -0.178553
-1.202017 -2.286963 -0.195475
-1.216382 -2.275174 -0.211505
-1.231338 -2.262900 -0.226603
-1.246848 -2.250172 -0.240734
-1.262875 -2.237018 -0.253864
-1.279381 -2.223472 -0.265960
-1.296326 -2.209565 -0.276994
-1.313669 -2.195332 -0.286939
-1.331369 -2.180807 -0.295772
-1.349382 -2.166024 -0.303470
-1.367665 -2.151019 -0.310015
-1.386175 -2.135828 -0.315392
-1.404866 -2.120489 -0.319588
-1.423694 -2.105037 -0.322592
-1.442614 -2.089511 -0.324397
-1.444230 -2.091295 0.674398
-1.426924 -2.108601 0.672593
-1.409701 -2.125823 0.669589
-1.392604 -2.142921 0.665393
-1.375672 -2.159853 0.660016
-1.358947 -2.176578 0.653471
-1.342470 -2.193055 0.645772
-1.326280 -2.209245 0.636940
-1.310415 -2.225110 0.626995
-1.294915 -2.240610 0.615961
-1.279816 -2.255709 0.603865
-1.265155 -2.270370 0.590735
-1.250967 -2.284558 0.576604
-1.237287 -2.298238 0.561506
-1.224147 -2.311378 0.545476
-1.211579 -2.323946 0.528554
-1.199613 -2.335912 0.510780
-1.188278 -2.347247 0.492197
-1.177602 -2.357923 0.472850
-1.167610 -2.367915 0.452785
-1.158326 -2.377199 0.432052
-1.149772 -2.385753 0.410699
-1.141970 -2.393555 0.388778
-1.134938 -2.400587 0.366342
-1.128692 -2.406832 0.343445
-1.123249 -2.412276 0.320143
-1.118621 -2.416904 0.296490
-1.114819 -2.420706 0.272546
-1.111852 -2.423673 0.248366
-1.109728 -2.425797 0.224009
-1.108451 -2.427074 0.199534
-1.108025 -2.427500 0.175000
-1.108451 -2.427074 0.150467
-1.109728 -2.425797 0.125992
-1.111852 -2.423673 0.101635
-1.114819 -2.420706 0.077455
-1.118621 -2.416904 0.053510
-1.123249 -2.412276 0.029858
-1.128692 -2.406832 0.006555
-1.134938 -2.400587 -0.016341
-1.141970 -2.393555 -0.038777
-1.149772 -2.385753 -0.060698
-1.158326 -2.377199 -0.082051
-1.167610 -2.367915 -0.102785
-1.177602 -2.357923 -0.122849
-1.188278 -2.347247 -0.142196
-1.199613 -2.335912 -0.160779
-1.211579 -2.323946 -0.178553
-1.224147 -2.311378 -0.195475
-1.237287 -2.298238 -0.211505
-1.250967 -2.284558 -0.226603
-1.265155 -2.270370 -0.240734
-1.279816 -2.255709 -0.253864
-1.294915 -2.240610 -0.265960
-1.310415 -2.225110 -0.276994
-1.326280 -2.209245 -0.286939
-1.342470 -2.193055 -0.295772
-1.358947 -2.176578 -0.303470
-1.375672 -2.159853 -0.310015
-1.392604 -2.142921 -0.315392
-1.409701 -2.125823 -0.319588
-1.426924 -2.108601 -0.322592
-1.444230 -2.091295 -0.324397
-1.446014 -2.092911 0.674398
-1.430488 -2.111831 0.672593
-1.415036 -2.130659 0.669589
-1.399696 -2.149350 0.665393
-1.384506 -2.167860 0.660016
-1.369501 -2.186143 0.653471
-1.354718 -2.204156 0.645772
-1.340193 -2.221856 0.636940
-1.325959 -2.239199 0.626995
-1.312053 -2.256144 0.615961
-1.298507 -2.272650 0.603865
-1.285353 -2.288677 0.590735
-1.272625 -2.304187 0.576604
-1.260351 -2.319143 0.561506
-1.248562 -2.333508 0.545476
-1.237287 -2.347247 0.528554
-1.226551 -2.360328 0.510780
-1.216382 -2.372719 0.492197
-1.206804 -2.384390 0.472850
-1.197839 -2.395314 0.452785
-1.189510 -2.405463 0.432052
-1.181836 -2.414814 0.410699
-1.174836 -2.423343 0.388778
-1.168527 -2.431031 0.366342
-1.162924 -2.437858 0.343445
-1.158040 -2.443809 0.320143
-1.153888 -2.448869 0.296490
-1.150477 -2.453025 0.272546
-1.147815 -2.456268 0.248366
-1.145909 -2.458591 0.224009
-1.144764 -2.459986 0.199534
-1.144382 -2.460452 0.175000
-1.144764 -2.459986 0.150467
-1.145909 -2.458591 0.125992
-1.147815 -2.456268 0.101635
-1.150477 -2.453025 0.077455
-1.153888 -2.448869 0.053510
-1.158040 -2.443809 0.029858
-1.162924 -2.437858 0.006555
-1.168527 -2.431031 -0.016341
-1.174836 -2.423343 -0.038777
-1.181836 -2.414814 -0.060698
-1.189510 -2.405463 -0.082051
-1.197839 -2.395314 -0.102785
-1.206804 -2.384390 -0.122849
-1.216382 -2.372719 -0.142196
-1.226551 -2.360328 -0.160779
-1.237287 -2.347247 -0.178553
-1.248562 -2.333508 -0.195475
-1.260351 -2.319143 -0.211505
-1.272625 -2.304187 -0.226603
-1.285353 -2.288677 -0.240734
-1.298507 -2.272650 -0.253864
-1.312053 -2.256144 -0.265960
-1.325959 -2.239199 -0.276994
-1.340193 -2.221856 -0.286939
-1.354718 -2.204156 -0.295772
-1.369501 -2.186143 -0.303470
-1.384506 -2.167860 -0.310015
-1.399696 -2.149350 -0.315392
-1.415036 -2.130659 -0.319588
-1.430488 -2.111831 -0.322592
-1.446014 -2.092911 -0.324397
-1.447948 -2.094346 0.674398
-1.434351 -2.114696 0.672593
-1.420819 -2.134947 0.669589
-1.407385 -2.155052 0.665393
-1.394082 -2.174962 0.660016
-1.380942 -2.194628 0.653471
-1.367996 -2.214003 0.645772
-1.355275 -2.233041 0.636940
-1.342810 -2.251696 0.626995
-1.330631 -2.269922 0.615961
-1.318769 -2.287677 0.603865
-1.307249 -2.304916 0.590735
-1.296102 -2.321599 0.576604
-1.285353 -2.337686 0.561506
-1.275029 -2.353137 0.545476
-1.265155 -2.367915 0.528554
-1.255753 -2.381986 0.510780
-1.246848 -2.395314 0.492197
-1.238459 -2.407868 0.472850
-1.230609 -2.419617 0.452785
-1.223314 -2.430534 0.432052
-1.216594 -2.440592 0.410699
-1.210464 -2.449766 0.388778
-1.204939 -2.458035 0.366342
-1.200032 -2.465379 0.343445
-1.195755 -2.471780 0.320143
-1.192118 -2.477222 0.296490
-1.189131 -2.481693 0.272546
-1.186800 -2.485181 0.248366
-1.185131 -2.487679 0.224009
-1.184128 -2.489181 0.199534
-1.183794 -2.489681 0.175000
-1.184128 -2.489181 0.150467
-1.185131 -2.487679 0.125992
-1.186800 -2.485181 0.101635
-1.189131 -2.481693 0.077455
-1.192118 -2.477222 0.053510
-1.195755 -2.471780 0.029858
-1.200032 -2.465379 0.006555
-1.204939 -2.458035 -0.016341
-1.210464 -2.449766 -0.038777
-1.216594 -2.440592 -0.060698
-1.223314 -2.430534 -0.082051
-1.230609 -2.419617 -0.102785
-1.238459 -2.407868 -0.122849
-1.246848 -2.395314 -0.142196
-1.255753 -2.381986 -0.160779
-1.265155 -2.367915 -0.178553
-1.275029 -2.353137 -0.195475
-1.285353 -2.337686 -0.211505
-1.296102 -2.321599 -0.226603
-1.307249 -2.304916 -0.240734
-1.318769 -2.287677 -0.253864
-1.330631 -2.269922 -0.265960
-1.342810 -2.251696 -0.276994
-1.355275 -2.233041 -0.286939
-1.367996 -2.214003 -0.295772
-1.380942 -2.194628 -0.303470
-1.394082 -2.174962 -0.310015
-1.407385 -2.155052 -0.315392
-1.420819 -2.134947 -0.319588
-1.434351 -2.114696 -0.322592
-1.447948 -2.094346 -0.324397
-1.450013 -2.095583 0.674398
-1.438476 -2.117168 0.672593
-1.426994 -2.138649 0.669589
-1.415596 -2.159974 0.665393
-1.404308 -2.181091 0.660016
-1.393159 -2.201951 0.653471
-1.382174 -2.222502 0.645772
-1.371381 -2.242695 0.636940
-1.360804 -2.262481 0.626995
-1.350471 -2.281814 0.615961
-1.340405 -2.300645 0.603865
-1.330631 -2.318931 0.590735
-1.321173 -2.336626 0.576604
-1.312053 -2.353689 0.561506
-1.303293 -2.370077 0.545476
-1.294915 -2.385753 0.528554
-1.286938 -2.400677 0.510780
-1.279381 -2.414814 0.492197
-1.272264 -2.428129 0.472850
-1.265602 -2.440592 0.452785
-1.259413 -2.452171 0.432052
-1.253711 -2.462839 0.410699
-1.248510 -2.472570 0.388778
-1.243822 -2.481341 0.366342
-1.239658 -2.489130 0.343445
-1.236029 -2.495919 0.320143
-1.232944 -2.501692 0.296490
-1.230409 -2.506434 0.272546
-1.228431 -2.510134 0.248366
-1.227015 -2.512784 0.224009
-1.226164 -2.514376 0.199534
-1.225880 -2.514907 0.175000
-1.226164 -2.514376 0.150467
-1.227015 -2.512784 0.125992
-1.228431 -2.510134 0.101635
-1.230409 -2.506434 0.077455
-1.232944 -2.501692 0.053510
-1.236029 -2.495919 0.029858
-1.239658 -2.489130 0.006555
-1.243822 -2.481341 -0.016341
-1.248510 -2.472570 -0.038777
-1.253711 -2.462839 -0.060698
-1.259413 -2.452171 -0.082051
-1.265602 -2.440592 -0.102785
-1.272264 -2.428129 -0.122849
-1.279381 -2.414814 -0.142196
-1.286938 -2.400677 -0.160779
-1.294915 -2.385753 -0.178553
-1.303293 -2.370077 -0.195475
-1.312053 -2.353689 -0.211505
-1.321173 -2.336626 -0.226603
-1.330631 -2.318931 -0.240734
-1.340405 -2.300645 -0.253864
-1.350471 -2.281814 -0.265960
-1.360804 -2.262481 -0.276994
-1.371381 -2.242695 -0.286939
-1.382174 -2.222502 -0.295772
-1.393159 -2.201951 -0.303470
-1.404308 -2.181091 -0.310015
-1.415596 -2.159974 -0.315392
-1.426994 -2.138649 -0.319588
-1.438476 -2.117168 -0.322592
-1.450013 -2.095583 -0.324397
-1.452190 -2.096613 0.674398
-1.442824 -2.119225 0.672593
-1.433503 -2.141727 0.669589
-1.424250 -2.164067 0.665393
-1.415086 -2.186189 0.660016
-1.406035 -2.208040 0.653471
-1.397117 -2.229569 0.645772
-1.388355 -2.250723 0.636940
-1.379769 -2.271451 0.626995
-1.371381 -2.291703 0.615961
-1.363209 -2.311431 0.603865
-1.355275 -2.330587 0.590735
-1.347596 -2.349123 0.576604
-1.340193 -2.366998 0.561506
-1.333081 -2.384166 0.545476
-1.326280 -2.400587 0.528554
-1.319804 -2.416221 0.510780
-1.313669 -2.431031 0.492197
-1.307891 -2.444980 0.472850
-1.302484 -2.458035 0.452785
-1.297459 -2.470165 0.432052
-1.292830 -2.481341 0.410699
-1.288608 -2.491535 0.388778
-1.284802 -2.500723 0.366342
-1.281422 -2.508883 0.343445
-1.278476 -2.515995 0.320143
-1.275971 -2.522042 0.296490
-1.273913 -2.527010 0.272546
-1.272308 -2.530886 0.248366
-1.271158 -2.533662 0.224009
-1.270467 -2.535330 0.199534
-1.270237 -2.535886 0.175000
-1.270467 -2.535330 0.150467
-1.271158 -2.533662 0.125992
-1.272308 -2.530886 0.101635
-1.273913 -2.527010 0.077455
-1.275971 -2.522042 0.053510
-1.278476 -2.515995 0.029858
-1.281422 -2.508883 0.006555
-1.284802 -2.500723 -0.016341
-1.288608 -2.491535 -0.038777
-1.292830 -2.481341 -0.060698
-1.297459 -2.470165 -0.082051
-1.302484 -2.458035 -0.102785
-1.307891 -2.444980 -0.122849
-1.313669 -2.431031 -0.142196
-1.319804 -2.416221 -0.160779
-1.326280 -2.400587 -0.178553
-1.333081 -2.384166 -0.195475
-1.340193 -2.366998 -0.211505
-1.347596 -2.349123 -0.226603
-1.355275 -2.330587 -0.240734
-1.363209 -2.311431 -0.253864
-1.371381 -2.291703 -0.265960
-1.379769 -2.271451 -0.276994
-1.388355 -2.250723 -0.286939
-1.397117 -2.229569 -0.295772
-1.406035 -2.208040 -0.303470
-1.415086 -2.186189 -0.310015
-1.424250 -2.164067 -0.315392
-1.433503 -2.141727 -0.319588
-1.442824 -2.119225 -0.322592
-1.452190 -2.096613 -0.324397
-1.454457 -2.097424 0.674398
-1.447352 -2.120845 0.672593
-1.440282 -2.144153 0.669589
-1.433263 -2.167291 0.665393
-1.426312 -2.190205 0.660016
-1.419446 -2.212839 0.653471
-1.412682 -2.235138 0.645772
-1.406035 -2.257049 0.636940
-1.399522 -2.278519 0.626995
-1.393159 -2.299496 0.615961
-1.386961 -2.319929 0.603865
-1.380942 -2.339770 0.590735
-1.375117 -2.358971 0.576604
-1.369501 -2.377485 0.561506
-1.364107 -2.395267 0.545476
-1.358947 -2.412276 0.528554
-1.354035 -2.428469 0.510780
-1.349382 -2.443809 0.492197
-1.344999 -2.458257 0.472850
-1.340897 -2.471780 0.452785
-1.337086 -2.484344 0.432052
-1.333574 -2.495919 0.410699
-1.330371 -2.506478 0.388778
-1.327485 -2.515995 0.366342
-1.324921 -2.524447 0.343445
-1.322686 -2.531814 0.320143
-1.320786 -2.538077 0.296490
-1.319225 -2.543223 0.272546
-1.318007 -2.547238 0.248366
-1.317135 -2.550113 0.224009
-1.316611 -2.551840 0.199534
-1.316436 -2.552417 0.175000
-1.316611 -2.551840 0.150467
-1.317135 -2.550113 0.125992
-1.318007 -2.547238 0.101635
-1.319225 -2.543223 0.077455
-1.320786 -2.538077 0.053510
-1.322686 -2.531814 0.029858
-1.324921 -2.524447 0.006555
-1.327485 -2.515995 -0.016341
-1.330371 -2.506478 -0.038777
-1.333574 -2.495919 -0.060698
-1.337086 -2.484344 -0.082051
-1.340897 -2.471780 -0.102785
-1.344999 -2.458257 -0.122849
-1.349382 -2.443809 -0.142196
-1.354035 -2.428469 -0.160779
-1.358947 -2.412276 -0.178553
-1.364107 -2.395267 -0.195475
-1.369501 -2.377485 -0.211505
-1.375117 -2.358971 -0.226603
-1.380942 -2.339770 -0.240734
-1.386961 -2.319929 -0.253864
-1.393159 -2.299496 -0.265960
-1.399522 -2.278519 -0.276994
-1.406035 -2.257049 -0.286939
-1.412682 -2.235138 -0.295772
-1.419446 -2.212839 -0.303470
-1.426312 -2.190205 -0.310015
-1.433263 -2.167291 -0.315392
-1.440282 -2.144153 -0.319588
-1.447352 -2.120845 -0.322592
-1.454457 -2.097424 -0.324397
-1.456792 -2.098009 0.674398
-1.452017 -2.122013 0.672593
-1.447266 -2.145902 0.669589
-1.442548 -2.169617 0.665393
-1.437877 -2.193102 0.660016
-1.433263 -2.216300 0.653471
-1.428717 -2.239155 0.645772
-1.424250 -2.261611 0.636940
-1.419873 -2.283616 0.626995
-1.415596 -2.305116 0.615961
-1.411430 -2.326059 0.603865
-1.407385 -2.346394 0.590735
-1.403471 -2.366073 0.576604
-1.399696 -2.385048 0.561506
-1.396071 -2.403274 0.545476
-1.392604 -2.420706 0.528554
-1.389302 -2.437303 0.510780
-1.386175 -2.453025 0.492197
-1.383230 -2.467834 0.472850
-1.380473 -2.481693 0.452785
-1.377911 -2.494570 0.432052
-1.375551 -2.506434 0.410699
-1.373399 -2.517256 0.388778
-1.371459 -2.527010 0.366342
-1.369735 -2.535673 0.343445
-1.368234 -2.543223 0.320143
-1.366957 -2.549642 0.296490
-1.365908 -2.554916 0.272546
-1.365089 -2.559031 0.248366
-1.364503 -2.561978 0.224009
-1.364151 -2.563748 0.199534
-1.364033 -2.564339 0.175000
-1.364151 -2.563748 0.150467
-1.364503 -2.561978 0.125992
-1.365089 -2.559031 0.101635
-1.365908 -2.554916 0.077455
-1.366957 -2.549642 0.053510
-1.368234 -2.543223 0.029858
-1.369735 -2.535673 0.006555
-1.371459 -2.527010 -0.016341
-1.373399 -2.517256 -0.038777
-1.375551 -2.506434 -0.060698
-1.377911 -2.494570 -0.082051
-1.380473 -2.481693 -0.102785
-1.383230 -2.467834 -0.122849
-1.386175 -2.453025 -0.142196
-1.389302 -2.437303 -0.160779
-1.392604 -2.420706 -0.178553
-1.396071 -2.403274 -0.195475
-1.399696 -2.385048 -0.211505
-1.403471 -2.366073 -0.226603
-1.407385 -2.346394 -0.240734
-1.411430 -2.326059 -0.253864
-1.415596 -2.305116 -0.265960
-1.419873 -2.283616 -0.276994
-1.424250 -2.261611 -0.286939
-1.428717 -2.239155 -0.295772
-1.433263 -2.216300 -0.303470
-1.437877 -2.193102 -0.310015
-1.442548 -2.169617 -0.315392
-1.447266 -2.145902 -0.319588
-1.452017 -2.122013 -0.322592
-1.456792 -2.098009 -0.324397
-1.459174 -2.098362 0.674398
-1.456775 -2.122719 0.672593
-1.454387 -2.146958 0.669589
-1.452017 -2.171022 0.665393
-1.449670 -2.194851 0.660016
-1.447352 -2.218390 0.653471
-1.445068 -2.241580 0.645772
-1.442824 -2.264367 0.636940
-1.440625 -2.286695 0.626995
-1.438476 -2.308510 0.615961
-1.436383 -2.329760 0.603865
-1.434351 -2.350394 0.590735
-1.432384 -2.370362 0.576604
-1.430488 -2.389616 0.561506
-1.428666 -2.408109 0.545476
-1.426924 -2.425797 0.528554
-1.425266 -2.442638 0.510780
-1.423694 -2.458591 0.492197
-1.422215 -2.473616 0.472850
-1.420829 -2.487679 0.452785
-1.419542 -2.500746 0.432052
-1.418357 -2.512784 0.410699
-1.417275 -2.523765 0.388778
-1.416301 -2.533662 0.366342
-1.415435 -2.542451 0.343445
-1.414680 -2.550113 0.320143
-1.414039 -2.556626 0.296490
-1.413512 -2.561978 0.272546
-1.413100 -2.566153 0.248366
-1.412806 -2.569143 0.224009
-1.412629 -2.570939 0.199534
-1.412570 -2.571539 0.175000
-1.412629 -2.570939 0.150467
-1.412806 -2.569143 0.125992
-1.413100 -2.566153 0.101635
-1.413512 -2.561978 0.077455
-1.414039 -2.556626 0.053510
-1.414680 -2.550113 0.029858
-1.415435 -2.542451 0.006555
-1.416301 -2.533662 -0.016341
-1.417275 -2.523765 -0.038777
-1.418357 -2.512784 -0.060698
-1.419542 -2.500746 -0.082051
-1.420829 -2.487679 -0.102785
-1.422215 -2.473616 -0.122849
-1.423694 -2.458591 -0.142196
-1.425266 -2.442638 -0.160779
-1.426924 -2.425797 -0.178553
-1.428666 -2.408109 -0.195475
-1.430488 -2.389616 -0.211505
-1.432384 -2.370362 -0.226603
-1.434351 -2.350394 -0.240734
-1.436383 -2.329760 -0.253864
-1.438476 -2.308510 -0.265960
-1.440625 -2.286695 -0.276994
-1.442824 -2.264367 -0.286939
-1.445068 -2.241580 -0.295772
-1.447352 -2.218390 -0.303470
-1.449670 -2.194851 -0.310015
-1.452017 -2.171022 -0.315392
-1.454387 -2.146958 -0.319588
-1.456775 -2.122719 -0.322592
-1.459174 -2.098362 -0.324397
-1.461578 -2.098480 0.674398
-1.461578 -2.122955 0.672593
-1.461578 -2.147312 0.669589
-1.461578 -2.171492 0.665393
-1.461578 -2.195436 0.660016
-1.461578 -2.219089 0.653471
-1.461578 -2.242391 0.645772
-1.461578 -2.265288 0.636940
-1.461578 -2.287724 0.626995
-1.461578 -2.309645 0.615961
-1.461578 -2.330998 0.603865
-1.461578 -2.351732 0.590735
-1.461579 -2.371796 0.576604
-1.461578 -2.391143 0.561506
-1.461578 -2.409726 0.545476
-1.461579 -2.427500 0.528554
-1.461578 -2.444422 0.510780
-1.461578 -2.460452 0.492197
-1.461579 -2.475550 0.472850
-1.461578 -2.489681 0.452785
-1.461578 -2.502811 0.432052
-1.461578 -2.514907 0.410699
-1.461578 -2.525941 0.388778
-1.461578 -2.535886 0.366342
-1.461578 -2.544719 0.343445
-1.461578 -2.552417 0.320143
-1.461579 -2.558962 0.296490
-1.461578 -2.564339 0.272546
-1.461578 -2.568534 0.248366
-1.461579 -2.571539 0.224009
-1.461578 -2.573344 0.199534
-1.461579 -2.573946 0.175000
-1.461578 -2.573344 0.150467
-1.461579 -2.571539 0.125992
-1.461578 -2.568534 0.101635
-1.461578 -2.564339 0.077455
-1.461579 -2.558962 0.053510
-1.461578 -2.552417 0.029858
-1.461578 -2.544719 0.006555
-1.461578 -2.535886 -0.016341
-1.461578 -2.525941 -0.038777
-1.461578 -2.514907 -0.060698
-1.461578 -2.502811 -0.082051
-1.461578 -2.489681 -0.102785
-1.461579 -2.475550 -0.122849
-1.461578 -2.460452 -0.142196
-1.461578 -2.444422 -0.160779
-1.461579 -2.427500 -0.178553
-1.461578 -2.409726 -0.195475
-1.461578 -2.391143 -0.211505
-1.461579 -2.371796 -0.226603
-1.461578 -2.351732 -0.240734
-1.461578 -2.330998 -0.253864
-1.461578 -2.309645 -0.265960
-1.461578 -2.287724 -0.276994
-1.461578 -2.265288 -0.286939
-1.461578 -2.242391 -0.295772
-1.461578 -2.219089 -0.303470
-1.461578 -2.195436 -0.310015
-1.461578 -2.171492 -0.315392
-1.461578 -2.147312 -0.319588
-1.461578 -2.122955 -0.322592
-1.461578 -2.098480 -0.324397
-1.463983 -2.098362 0.674398
-1.466382 -2.122719 0.672593
-1.468770 -2.146958 0.669589
-1.471140 -2.171022 0.665393
-1.473487 -2.194851 0.660016
-1.475805 -2.218390 0.653471
-1.478089 -2.241580 0.645772
-1.480333 -2.264367 0.636940
-1.482532 -2.286695 0.626995
-1.484681 -2.308510 0.615961
-1.486774 -2.329760 0.603865
-1.488806 -2.350394 0.590735
-1.490773 -2.370362 0.576604
-1.492669 -2.389616 0.561506
-1.494491 -2.408109 0.545476
-1.496233 -2.425797 0.528554
-1.497891 -2.442638 0.510780
-1.499463 -2.458591 0.492197
-1.500943 -2.473616 0.472850
-1.502328 -2.487679 0.452785
-1.503615 -2.500746 0.432052
-1.504800 -2.512784 0.410699
-1.505882 -2.523765 0.388778
-1.506857 -2.533662 0.366342
-1.507722 -2.542451 0.343445
-1.508477 -2.550113 0.320143
-1.509118 -2.556626 0.296490
-1.509645 -2.561978 0.272546
-1.510057 -2.566153 0.248366
-1.510351 -2.569143 0.224009
-1.510528 -2.570939 0.199534
-1.510587 -2.571539 0.175000
-1.510528 -2.570939 0.150467
-1.510351 -2.569143 0.125992
-1.510057 -2.566153 0.101635
-1.509645 -2.561978 0.077455
-1.509118 -2.556626 0.053510
-1.508477 -2.550113 0.029858
-1.507722 -2.542451 0.006555
-1.506857 -2.533662 -0.016341
-1.505882 -2.523765 -0.038777
-1.504800 -2.512784 -0.060698
-1.503615 -2.500746 -0.082051
-1.502328 -2.487679 -0.102785
-1.500943 -2.473616 -0.122849
-1.499463 -2.458591 -0.142196
-1.497891 -2.442638 -0.160779
-1.496233 -2.425797 -0.178553
-1.494491 -2.408109 -0.195475
-1.492669 -2.389616 -0.211505
-1.490773 -2.370362 -0.226603
-1.488806 -2.350394 -0.240734
-1.486774 -2.329760 -0.253864
-1.484681 -2.308510 -0.265960
-1.482532 -2.286695 -0.276994
-1.480333 -2.264367 -0.286939
-1.478089 -2.241580 -0.295772
-1.475805 -2.218390 -0.303470
-1.473487 -2.194851 -0.310015
-1.471140 -2.171022 -0.315392
-1.468770 -2.146958 -0.319588
-1.466382 -2.122719 -0.322592
-1.463983 -2.098362 -0.324397
-1.466365 -2.098009 0.674398
-1.471140 -2.122013 0.672593
-1.475891 -2.145902 0.669589
-1.480609 -2.169617 0.665393
-1.485280 -2.193102 0.660016
-1.489894 -2.216300 0.653471
-1.494440 -2.239155 0.645772
-1.498907 -2.261611 0.636940
-1.503284 -2.283616 0.626995
-1.507561 -2.305116 0.615961
-1.511727 -2.326058 0.603865
-1.515772 -2.346394 0.590735
-1.519686 -2.366073 0.576604
-1.523461 -2.385048 0.561506
-1.527086 -2.403274 0.545476
-1.530553 -2.420706 0.528554
-1.533855 -2.437303 0.510780
-1.536982 -2.453025 0.492197
-1.539928 -2.467834 0.472850
-1.542684 -2.481693 0.452785
-1.545246 -2.494570 0.432052
-1.547606 -2.506434 0.410699
-1.549758 -2.517256 0.388778
-1.551698 -2.527010 0.366342
-1.553421 -2.535673 0.343445
-1.554923 -2.543223 0.320143
-1.556200 -2.549642 0.296490
-1.557249 -2.554916 0.272546
-1.558068 -2.559031 0.248366
-1.558654 -2.561978 0.224009
-1.559006 -2.563748 0.199534
-1.559124 -2.564339 0.175000
-1.559006 -2.563748 0.150467
-1.558654 -2.561978 0.125992
-1.558068 -2.559031 0.101635
-1.557249 -2.554916 0.077455
-1.556200 -2.549642 0.053510
-1.554923 -2.543223 0.029858
-1.553421 -2.535673 0.006555
-1.551698 -2.527010 -0.016341
-1.549758 -2.517256 -0.038777
-1.547606 -2.506434 -0.060698
-1.545246 -2.494570 -0.082051
-1.542684 -2.481693 -0.102785
-1.539928 -2.467834 -0.122849
-1.536982 -2.453025 -0.142196
-1.533855 -2.437303 -0.160779
-1.530553 -2.420706 -0.178553
-1.527086 -2.403274 -0.195475
-1.523461 -2.385048 -0.211505
-1.519686 -2.366073 -0.226603
-1.515772 -2.346394 -0.240734
-1.511727 -2.326058 -0.253864
-1.507561 -2.305116 -0.265960
-1.503284 -2.283616 -0.276994
-1.498907 -2.261611 -0.286939
-1.494440 -2.239155 -0.295772
-1.489894 -2.216300 -0.303470
-1.485280 -2.193102 -0.310015
-1.480609 -2.169617 -0.315392
-1.475891 -2.145902 -0.319588
-1.471140 -2.122013 -0.322592
-1.466365 -2.098009 -0.324397
-1.468700 -2.097424 0.674398
-1.475805 -2.120845 0.672593
-1.482875 -2.144153 0.669589
-1.489894 -2.167291 0.665393
-1.496845 -2.190205 0.660016
-1.503711 -2.212839 0.653471
-1.510476 -2.235138 0.645772
-1.517122 -2.257049 0.636940
-1.523635 -2.278519 0.626995
-1.529998 -2.299496 0.615961
-1.536197 -2.319929 0.603865
-1.542215 -2.339770 0.590735
-1.548040 -2.358971 0.576604
-1.553656 -2.377485 0.561506
-1.559050 -2.395267 0.545476
-1.564210 -2.412276 0.528554
-1.569122 -2.428469 0.510780
-1.573775 -2.443809 0.492197
-1.578158 -2.458257 0.472850
-1.582260 -2.471780 0.452785
-1.586071 -2.484344 0.432052
-1.589583 -2.495919 0.410699
-1.592786 -2.506478 0.388778
-1.595672 -2.515995 0.366342
-1.598236 -2.524447 0.343445
-1.600471 -2.531814 0.320143
-1.602371 -2.538077 0.296490
-1.603932 -2.543223 0.272546
-1.605150 -2.547238 0.248366
-1.606022 -2.550112 0.224009
-1.606546 -2.551840 0.199534
-1.606721 -2.552417 0.175000
-1.606546 -2.551840 0.150467
-1.606022 -2.550112 0.125992
-1.605150 -2.547238 0.101635
-1.603932 -2.543223 0.077455
-1.602371 -2.538077 0.053510
-1.600471 -2.531814 0.029858
-1.598236 -2.524447 0.006555
-1.595672 -2.515995 -0.016341
-1.592786 -2.506478 -0.038777
-1.589583 -2.495919 -0.060698
-1.586071 -2.484344 -0.082051
-1.582260 -2.471780 -0.102785
-1.578158 -2.458257 -0.122849
-1.573775 -2.443809 -0.142196
-1.569122 -2.428469 -0.160779
-1.564210 -2.412276 -0.178553
-1.559050 -2.395267 -0.195475
-1.553656 -2.377485 -0.211505
-1.548040 -2.358971 -0.226603
-1.542215 -2.339770 -0.240734
-1.536197 -2.319929 -0.253864
-1.529998 -2.299496 -0.265960
-1.523635 -2.278519 -0.276994
-1.517122 -2.257049 -0.286939
-1.510476 -2.235138 -0.295772
-1.503711 -2.212839 -0.303470
-1.496845 -2.190205 -0.310015
-1.489894 -2.167291 -0.315392
-1.482875 -2.144153 -0.319588
-1.475805 -2.120845 -0.322592
-1.468700 -2.097424 -0.324397
-1.470967 -2.096613 0.674398
-1.480333 -2.119225 0.672593
-1.489654 -2.141727 0.669589
-1.498907 -2.164067 0.665393
-1.508071 -2.186189 0.660016
-1.517122 -2.208040 0.653471
-1.526040 -2.229569 0.645772
-1.534802 -2.250723 0.636940
-1.543388 -2.271451 0.626995
-1.551776 -2.291703 0.615961
-1.559948 -2.311431 0.603865
-1.567882 -2.330587 0.590735
-1.575561 -2.349123 0.576604
-1.582964 -2.366998 0.561506
-1.590076 -2.384166 0.545476
-1.596878 -2.400587 0.528554
-1.603353 -2.416221 0.510780
-1.609488 -2.431031 0.492197
-1.615266 -2.444980 0.472850
-1.620673 -2.458035 0.452785
-1.625698 -2.470165 0.432052
-1.630327 -2.481341 0.410699
-1.634549 -2.491535 0.388778
-1.638355 -2.500723 0.366342
-1.641735 -2.508883 0.343445
-1.644681 -2.515995 0.320143
-1.647186 -2.522042 0.296490
-1.649244 -2.527010 0.272546
-1.650849 -2.530886 0.248366
-1.651999 -2.533662 0.224009
-1.652690 -2.535330 0.199534
-1.652920 -2.535886 0.175000
-1.652690 -2.535330 0.150467
-1.651999 -2.533662 0.125992
-1.650849 -2.530886 0.101635
-1.649244 -2.527010 0.077455
-1.647186 -2.522042 0.053510
-1.644681 -2.515995 0.029858
-1.641735 -2.508883 0.006555
-1.638355 -2.500723 -0.016341
-1.634549 -2.491535 -0.038777
-1.630327 -2.481341 -0.060698
-1.625698 -2.470165 -0.082051
-1.620673 -2.458035 -0.102785
-1.615266 -2.444980 -0.122849
-1.609488 -2.431031 -0.142196
-1.603353 -2.416221 -0.160779
-1.596878 -2.400587 -0.178553
-1.590076 -2.384166 -0.195475
-1.582964 -2.366998 -0.211505
-1.575561 -2.349123 -0.226603
-1.567882 -2.330587 -0.240734
-1.559948 -2.311431 -0.253864
-1.551776 -2.291703 -0.265960
-1.543388 -2.271451 -0.276994
-1.534802 -2.250723 -0.286939
-1.526040 -2.229569 -0.295772
-1.517122 -2.208040 -0.303470
-1.508071 -2.186189 -0.310015
-1.498907 -2.164067 -0.315392
-1.489654 -2.141727 -0.319588
-1.480333 -2.119225 -0.322592
-1.470967 -2.096613 -0.324397
-1.473144 -2.095583 0.674398
-1.484681 -2.117168 0.672593
-1.496163 -2.138649 0.669589
-1.507561 -2.159974 0.665393
-1.518849 -2.181091 0.660016
-1.529998 -2.201951 0.653471
-1.540983 -2.222502 0.645772
-1.551776 -2.242695 0.636940
-1.562353 -2.262481 0.626995
-1.572686 -2.281814 0.615961
-1.582752 -2.300645 0.603865
-1.592526 -2.318931 0.590735
-1.601984 -2.336626 0.576604
-1.611104 -2.353689 0.561506
-1.619864 -2.370077 0.545476
-1.628242 -2.385753 0.528554
-1.636219 -2.400677 0.510780
-1.643776 -2.414814 0.492197
-1.650893 -2.428129 0.472850
-1.657555 -2.440592 0.452785
-1.663744 -2.452171 0.432052
-1.669446 -2.462839 0.410699
-1.674647 -2.472570 0.388778
-1.679335 -2.481341 0.366342
-1.683499 -2.489130 0.343445
-1.687128 -2.495919 0.320143
-1.690213 -2.501692 0.296490
-1.692748 -2.506434 0.272546
-1.694726 -2.510134 0.248366
-1.696142 -2.512784 0.224009
-1.696993 -2.514376 0.199534
-1.697277 -2.514907 0.175000
-1.696993 -2.514376 0.150467
-1.696142 -2.512784 0.125992
-1.694726 -2.510134 0.101635
-1.692748 -2.506434 0.077455
-1.690213 -2.501692 0.053510
-1.687128 -2.495919 0.029858
-1.683499 -2.489130 0.006555
-1.679335 -2.481341 -0.016341
-1.674647 -2.472570 -0.038777
-1.669446 -2.462839 -0.060698
-1.663744 -2.452171 -0.082051
-1.657555 -2.440592 -0.102785
-1.650893 -2.428129 -0.122849
-1.643776 -2.414814 -0.142196
-1.636219 -2.400677 -0.160779
-1.628242 -2.385753 -0.178553
-1.619864 -2.370077 -0.195475
-1.611104 -2.353689 -0.211505
-1.601984 -2.336626 -0.226603
-1.592526 -2.318931 -0.240734
-1.582752 -2.300645 -0.253864
-1.572686 -2.281814 -0.265960
-1.562353 -2.262481 -0.276994
-1.551776 -2.242695 -0.286939
-1.540983 -2.222502 -0.295772
-1.529998 -2.201951 -0.303470
-1.518849 -2.181091 -0.310015
-1.507561 -2.159974 -0.315392
-1.496163 -2.138649 -0.319588
-1.484681 -2.117168 -0.322592
-1.473144 -2.095583 -0.324397
-1.475209 -2.094346 0.674398
-1.488806 -2.114696 0.672593
-1.502338 -2.134947 0.669589
-1.515772 -2.155052 0.665393
-1.529075 -2.174962 0.660016
-1.542215 -2.194628 0.653471
-1.555161 -2.214003 0.645772
-1.567882 -2.233041 0.636940
-1.580347 -2.251696 0.626995
-1.592525 -2.269922 0.615961
-1.604388 -2.287677 0.603865
-1.615908 -2.304917 0.590735
-1.627055 -2.321599 0.576604
-1.637803 -2.337686 0.561506
-1.648127 -2.353137 0.545476
-1.658002 -2.367915 0.528554
-1.667404 -2.381985 0.510780
-1.676309 -2.395314 0.492197
-1.684698 -2.407868 0.472850
-1.692548 -2.419617 0.452785
-1.699843 -2.430534 0.432052
-1.706563 -2.440592 0.410699
-1.712693 -2.449766 0.388778
-1.718218 -2.458035 0.366342
-1.723125 -2.465379 0.343445
-1.727402 -2.471780 0.320143
-1.731039 -2.477222 0.296490
-1.734026 -2.481693 0.272546
-1.736357 -2.485181 0.248366
-1.738026 -2.487679 0.224009
-1.739029 -2.489180 0.199534
-1.739364 -2.489681 0.175000
-1.739029 -2.489180 0.150467
-1.738026 -2.487679 0.125992
-1.736357 -2.485181 0.101635
-1.734026 -2.481693 0.077455
-1.731039 -2.477222 0.053510
-1.727402 -2.471780 0.029858
-1.723125 -2.465379 0.006555
-1.718218 -2.458035 -0.016341
-1.712693 -2.449766 -0.038777
-1.706563 -2.440592 -0.060698
-1.699843 -2.430534 -0.082051
-1.692548 -2.419617 -0.102785
-1.684698 -2.407868 -0.122849
-1.676309 -2.395314 -0.142196
-1.667404 -2.381985 -0.160779
-1.658002 -2.367915 -0.178553
-1.648127 -2.353137 -0.195475
-1.637803 -2.337686 -0.211505
-1.627055 -2.321599 -0.226603
-1.615908 -2.304917 -0.240734
-1.604388 -2.287677 -0.253864
-1.592525 -2.269922 -0.265960
-1.580347 -2.251696 -0.276994
-1.567882 -2.233041 -0.286939
-1.555161 -2.214003 -0.295772
-1.542215 -2.194628 -0.303470
-1.529075 -2.174962 -0.310015
-1.515772 -2.155052 -0.315392
-1.502338 -2.134947 -0.319588
-1.488806 -2.114696 -0.322592
-1.475209 -2.094346 -0.324397
-1.477143 -2.092911 0.674398
-1.492669 -2.111830 0.672593
-1.508121 -2.130659 0.669589
-1.523461 -2.149350 0.665393
-1.538651 -2.167860 0.660016
-1.553656 -2.186143 0.653471
-1.568439 -2.204156 0.645772
-1.582964 -2.221856 0.636940
-1.597198 -2.239199 0.626995
-1.611104 -2.256144 0.615961
-1.624650 -2.272650 0.603865
-1.637804 -2.288677 0.590735
-1.650532 -2.304187 0.576604
-1.662806 -2.319143 0.561506
-1.674595 -2.333508 0.545476
-1.685870 -2.347247 0.528554
-1.696606 -2.360328 0.510780
-1.706775 -2.372719 0.492197
-1.716353 -2.384390 0.472850
-1.725318 -2.395314 0.452785
-1.733647 -2.405463 0.432052
-1.741321 -2.414814 0.410699
-1.748321 -2.423343 0.388778
-1.754630 -2.431031 0.366342
-1.760233 -2.437858 0.343445
-1.765117 -2.443809 0.320143
-1.769269 -2.448868 0.296490
-1.772680 -2.453025 0.272546
-1.775342 -2.456268 0.248366
-1.777248 -2.458591 0.224009
-1.778393 -2.459986 0.199534
-1.778775 -2.460452 0.175000
-1.778393 -2.459986 0.150467
-1.777248 -2.458591 0.125992
-1.775342 -2.456268 0.101635
-1.772680 -2.453025 0.077455
-1.769269 -2.448868 0.053510
-1.765117 -2.443809 0.029858
-1.760233 -2.437858 0.006555
-1.754630 -2.431031 -0.016341
-1.748321 -2.423343 -0.038777
-1.741321 -2.414814 -0.060698
-1.733647 -2.405463 -0.082051
-1.725318 -2.395314 -0.102785
-1.716353 -2.384390 -0.122849
-1.706775 -2.372719 -0.142196
-1.696606 -2.360328 -0.160779
-1.685870 -2.347247 -0.178553
-1.674595 -2.333508 -0.195475
-1.662806 -2.319143 -0.211505
-1.650532 -2.304187 -0.226603
-1.637804 -2.288677 -0.240734
-1.624650 -2.272650 -0.253864
-1.611104 -2.256144 -0.265960
-1.597198 -2.239199 -0.276994
-1.582964 -2.221856 -0.286939
-1.568439 -2.204156 -0.295772
-1.553656 -2.186143 -0.303470
-1.538651 -2.167860 -0.310015
-1.523461 -2.149350 -0.315392
-1.508121 -2.130659 -0.319588
-1.492669 -2.111830 -0.322592
-1.477143 -2.092911 -0.324397
-1.478927 -2.091295 0.674398
-1.496233 -2.108601 0.672593
-1.513456 -2.125823 0.669589
-1.530553 -2.142921 0.665393
-1.547485 -2.159853 0.660016
-1.564210 -2.176578 0.653471
-1.580687 -2.193055 0.645772
-1.596877 -2.209245 0.636940
-1.612742 -2.225110 0.626995
-1.628242 -2.240610 0.615961
-1.643341 -2.255709 0.603865
-1.658002 -2.270370 0.590735
-1.672190 -2.284558 0.576604
-1.685870 -2.298238 0.561506
-1.699010 -2.311378 0.545476
-1.711578 -2.323946 0.528554
-1.723544 -2.335912 0.510780
-1.734879 -2.347247 0.492197
-1.745555 -2.357923 0.472850
-1.755547 -2.367915 0.452785
-1.764831 -2.377199 0.432052
-1.773385 -2.385753 0.410699
-1.781187 -2.393555 0.388778
-1.788219 -2.400587 0.366342
-1.794464 -2.406832 0.343445
-1.799908 -2.412276 0.320143
-1.804536 -2.416904 0.296490
-1.808338 -2.420706 0.272546
-1.811305 -2.423673 0.248366
-1.813429 -2.425797 0.224009
-1.814706 -2.427074 0.199534
-1.815132 -2.427500 0.175000
-1.814706 -2.427074 0.150467
-1.813429 -2.425797 0.125992
-1.811305 -2.423673 0.101635
-1.808338 -2.420706 0.077455
-1.804536 -2.416904 0.053510
-1.799908 -2.412276 0.029858
-1.794464 -2.406832 0.006555
-1.788219 -2.400587 -0.016341
-1.781187 -2.393555 -0.038777
-1.773385 -2.385753 -0.060698
-1.764831 -2.377199 -0.082051
-1.755547 -2.367915 -0.102785
-1.745555 -2.357923 -0.122849
-1.734879 -2.347247 -0.142196
-1.723544 -2.335912 -0.160779
-1.711578 -2.323946 -0.178553
-1.699010 -2.311378 -0.195475
-1.685870 -2.298238 -0.211505
-1.672190 -2.284558 -0.226603
-1.658002 -2.270370 -0.240734
-1.643341 -2.255709 -0.253864
-1.628242 -2.240610 -0.265960
-1.612742 -2.225110 -0.276994
-1.596877 -2.209245 -0.286939
-1.580687 -2.193055 -0.295772
-1.564210 -2.176578 -0.303470
-1.547485 -2.159853 -0.310015
-1.530553 -2.142921 -0.315392
-1.513456 -2.125823 -0.319588
-1.496233 -2.108601 -0.322592
-1.478927 -2.091295 -0.324397
-1.480543 -2.089511 0.674398
-1.499463 -2.105037 0.672593
-1.518291 -2.120489 0.669589
-1.536982 -2.135828 0.665393
-1.555492 -2.151019 0.660016
-1.573775 -2.166024 0.653471
-1.591788 -2.180807 0.645772
-1.609488 -2.195332 0.636940
-1.626831 -2.209566 0.626995
-1.643776 -2.223472 0.615961
-1.660282 -2.237018 0.603865
-1.676309 -2.250172 0.590735
-1.691819 -2.262900 0.576604
-1.706775 -2.275174 0.561506
-1.721139 -2.286963 0.545476
-1.734879 -2.298238 0.528554
-1.747960 -2.308974 0.510780
-1.760351 -2.319143 0.492197
-1.772022 -2.328721 0.472850
-1.782946 -2.337686 0.452785
-1.793095 -2.346015 0.432052
-1.802446 -2.353689 0.410699
-1.810975 -2.360689 0.388778
-1.818663 -2.366998 0.366342
-1.825490 -2.372601 0.343445
-1.831441 -2.377485 0.320143
-1.836500 -2.381637 0.296490
-1.840657 -2.385048 0.272546
-1.843900 -2.387710 0.248366
-1.846223 -2.389616 0.224009
-1.847618 -2.390761 0.199534
-1.848084 -2.391143 0.175000
-1.847618 -2.390761 0.150467
-1.846223 -2.389616 0.125992
-1.843900 -2.387710 0.101635
-1.840657 -2.385048 0.077455
-1.836500 -2.381637 0.053510
-1.831441 -2.377485 0.029858
-1.825490 -2.372601 0.006555
-1.818663 -2.366998 -0.016341
-1.810975 -2.360689 -0.038777
-1.802446 -2.353689 -0.060698
-1.793095 -2.346015 -0.082051
-1.782946 -2.337686 -0.102785
-1.772022 -2.328721 -0.122849
-1.760351 -2.319143 -0.142196
-1.747960 -2.308974 -0.160779
-1.734879 -2.298238 -0.178553
-1.721139 -2.286963 -0.195475
-1.706775 -2.275174 -0.211505
-1.691819 -2.262900 -0.226603
-1.676309 -2.250172 -0.240734
-1.660282 -2.237018 -0.253864
-1.643776 -2.223472 -0.265960
-1.626831 -2.209566 -0.276994
-1.609488 -2.195332 -0.286939
-1.591788 -2.180807 -0.295772
-1.573775 -2.166024 -0.303470
-1.555492 -2.151019 -0.310015
-1.536982 -2.135828 -0.315392
-1.518291 -2.120489 -0.319588
-1.499463 -2.105037 -0.322592
-1.480543 -2.089511 -0.324397
-1.481978 -2.087577 0.674398
-1.502328 -2.101174 0.672593
-1.522579 -2.114706 0.669589
-1.542684 -2.128140 0.665393
-1.562594 -2.141443 0.660016
-1.582260 -2.154583 0.653471
-1.601635 -2.167529 0.645772
-1.620673 -2.180250 0.636940
-1.639328 -2.192715 0.626995
-1.657554 -2.204893 0.615961
-1.675309 -2.216756 0.603865
-1.692549 -2.228276 0.590735
-1.709231 -2.239423 0.576604
-1.725318 -2.250171 0.561506
-1.740769 -2.260495 0.545476
-1.755547 -2.270370 0.528554
-1.769618 -2.279772 0.510780
-1.782946 -2.288677 0.492197
-1.795500 -2.297065 0.472850
-1.807249 -2.304916 0.452785
-1.818166 -2.312211 0.432052
-1.828224 -2.318931 0.410699
-1.837398 -2.325061 0.388778
-1.845667 -2.330586 0.366342
-1.853011 -2.335493 0.343445
-1.859412 -2.339770 0.320143
-1.864854 -2.343406 0.296490
-1.869325 -2.346394 0.272546
-1.872813 -2.348725 0.248366
-1.875311 -2.350394 0.224009
-1.876812 -2.351397 0.199534
-1.877313 -2.351731 0.175000
-1.876812 -2.351397 0.150467
-1.875311 -2.350394 0.125992
-1.872813 -2.348725 0.101635
-1.869325 -2.346394 0.077455
-1.864854 -2.343406 0.053510
-1.859412 -2.339770 0.029858
-1.853011 -2.335493 0.006555
-1.845667 -2.330586 -0.016341
-1.837398 -2.325061 -0.038777
-1.828224 -2.318931 -0.060698
-1.818166 -2.312211 -0.082051
-1.807249 -2.304916 -0.102785
-1.795500 -2.297065 -0.122849
-1.782946 -2.288677 -0.142196
-1.769618 -2.279772 -0.160779
-1.755547 -2.270370 -0.178553
-1.740769 -2.260495 -0.195475
-1.725318 -2.250171 -0.211505
-1.709231 -2.239423 -0.226603
-1.692549 -2.228276 -0.240734
-1.675309 -2.216756 -0.253864
-1.657554 -2.204893 -0.265960
-1.639328 -2.192715 -0.276994
-1.620673 -2.180250 -0.286939
-1.601635 -2.167529 -0.295772
-1.582260 -2.154583 -0.303470
-1.562594 -2.141443 -0.310015
-1.542684 -2.128140 -0.315392
-1.522579 -2.114706 -0.319588
-1.502328 -2.101174 -0.322592
-1.481978 -2.087577 -0.324397
-1.483215 -2.085512 0.674398
-1.504800 -2.097049 0.672593
-1.526281 -2.108531 0.669589
-1.547606 -2.119929 0.665393
-1.568723 -2.131217 0.660016
-1.589583 -2.142366 0.653471
-1.610134 -2.153351 0.645772
-1.630327 -2.164144 0.636940
-1.650113 -2.174721 0.626995
-1.669446 -2.185054 0.615961
-1.688277 -2.195120 0.603865
-1.706563 -2.204894 0.590735
-1.724258 -2.214352 0.576604
-1.741321 -2.223472 0.561506
-1.757710 -2.232232 0.545476
-1.773385 -2.240610 0.528554
-1.788309 -2.248587 0.510780
-1.802446 -2.256144 0.492197
-1.815761 -2.263261 0.472850
-1.828224 -2.269922 0.452785
-1.839803 -2.276112 0.432052
-1.850471 -2.281814 0.410699
-1.860202 -2.287015 0.388778
-1.868973 -2.291703 0.366342
-1.876762 -2.295867 0.343445
-1.883551 -2.299496 0.320143
-1.889324 -2.302581 0.296490
-1.894066 -2.305116 0.272546
-1.897766 -2.307094 0.248366
-1.900416 -2.308510 0.224009
-1.902008 -2.309361 0.199534
-1.902539 -2.309645 0.175000
-1.902008 -2.309361 0.150467
-1.900416 -2.308510 0.125992
-1.897766 -2.307094 0.101635
-1.894066 -2.305116 0.077455
-1.889324 -2.302581 0.053510
-1.883551 -2.299496 0.029858
-1.876762 -2.295867 0.006555
-1.868973 -2.291703 -0.016341
-1.860202 -2.287015 -0.038777
-1.850471 -2.281814 -0.060698
-1.839803 -2.276112 -0.082051
-1.828224 -2.269922 -0.102785
-1.815761 -2.263261 -0.122849
-1.802446 -2.256144 -0.142196
-1.788309 -2.248587 -0.160779
-1.773385 -2.240610 -0.178553
-1.757710 -2.232232 -0.195475
-1.741321 -2.223472 -0.211505
-1.724258 -2.214352 -0.226603
-1.706563 -2.204894 -0.240734
-1.688277 -2.195120 -0.253864
-1.669446 -2.185054 -0.265960
-1.650113 -2.174721 -0.276994
-1.630327 -2.164144 -0.286939
-1.610134 -2.153351 -0.295772
-1.589583 -2.142366 -0.303470
-1.568723 -2.131217 -0.310015
-1.547606 -2.119929 -0.315392
-1.526281 -2.108531 -0.319588
-1.504800 -2.097049 -0.322592
-1.483215 -2.085512 -0.324397
-1.484245 -2.083335 0.674398
-1.506856 -2.092701 0.672593
-1.529359 -2.102022 0.669589
-1.551698 -2.111275 0.665393
-1.573821 -2.120439 0.660016
-1.595672 -2.129490 0.653471
-1.617201 -2.138407 0.645772
-1.638355 -2.147170 0.636940
-1.659083 -2.155756 0.626995
-1.679335 -2.164144 0.615961
-1.699063 -2.172316 0.603865
-1.718219 -2.180250 0.590735
-1.736756 -2.187928 0.576604
-1.754630 -2.195332 0.561506
-1.771798 -2.202444 0.545476
-1.788219 -2.209245 0.528554
-1.803853 -2.215721 0.510780
-1.818663 -2.221856 0.492197
-1.832612 -2.227633 0.472850
-1.845667 -2.233041 0.452785
-1.857797 -2.238066 0.432052
-1.868973 -2.242695 0.410699
-1.879167 -2.246917 0.388778
-1.888355 -2.250723 0.366342
-1.896515 -2.254103 0.343445
-1.903627 -2.257049 0.320143
-1.909674 -2.259554 0.296490
-1.914642 -2.261611 0.272546
-1.918518 -2.263217 0.248366
-1.921294 -2.264367 0.224009
-1.922962 -2.265058 0.199534
-1.923518 -2.265288 0.175000
-1.922962 -2.265058 0.150467
-1.921294 -2.264367 0.125992
-1.918518 -2.263217 0.101635
-1.914642 -2.261611 0.077455
-1.909674 -2.259554 0.053510
-1.903627 -2.257049 0.029858
-1.896515 -2.254103 0.006555
-1.888355 -2.250723 -0.016341
-1.879167 -2.246917 -0.038777
-1.868973 -2.242695 -0.060698
-1.857797 -2.238066 -0.082051
-1.845667 -2.233041 -0.102785
-1.832612 -2.227633 -0.122849
-1.818663 -2.221856 -0.142196
-1.803853 -2.215721 -0.160779
-1.788219 -2.209245 -0.178553
-1.771798 -2.202444 -0.195475
-1.754630 -2.195332 -0.211505
-1.736756 -2.187928 -0.226603
-1.718219 -2.180250 -0.240734
-1.699063 -2.172316 -0.253864
-1.679335 -2.164144 -0.265960
-1.659083 -2.155756 -0.276994
-1.638355 -2.147170 -0.286939
-1.617201 -2.138407 -0.295772
-1.595672 -2.129490 -0.303470
-1.573821 -2.120439 -0.310015
-1.551698 -2.111275 -0.315392
-1.529359 -2.102022 -0.319588
-1.506856 -2.092701 -0.322592
-1.484245 -2.083335 -0.324397
-1.485056 -2.081068 0.674398
-1.508477 -2.088173 0.672593
-1.531785 -2.095243 0.669589
-1.554923 -2.102262 0.665393
-1.577837 -2.109213 0.660016
-1.600471 -2.116079 0.653471
-1.622770 -2.122844 0.645772
-1.644681 -2.129490 0.636940
-1.666151 -2.136003 0.626995
-1.687128 -2.142366 0.615961
-1.707561 -2.148564 0.603865
-1.727402 -2.154583 0.590735
-1.746603 -2.160408 0.576604
-1.765117 -2.166024 0.561506
-1.782899 -2.171418 0.545476
-1.799908 -2.176578 0.528554
-1.816101 -2.181490 0.510780
-1.831441 -2.186143 0.492197
-1.845889 -2.190526 0.472850
-1.859412 -2.194628 0.452785
-1.871976 -2.198439 0.432052
-1.883551 -2.201951 0.410699
-1.894110 -2.205153 0.388778
-1.903627 -2.208040 0.366342
-1.912079 -2.210604 0.343445
-1.919446 -2.212839 0.320143
-1.925709 -2.214739 0.296490
-1.930855 -2.216300 0.272546
-1.934870 -2.217518 0.248366
-1.937745 -2.218390 0.224009
-1.939472 -2.218914 0.199534
-1.940049 -2.219089 0.175000
-1.939472 -2.218914 0.150467
-1.937745 -2.218390 0.125992
-1.934870 -2.217518 0.101635
-1.930855 -2.216300 0.077455
-1.925709 -2.214739 0.053510
-1.919446 -2.212839 0.029858
-1.912079 -2.210604 0.006555
-1.903627 -2.208040 -0.016341
-1.894110 -2.205153 -0.038777
-1.883551 -2.201951 -0.060698
-1.871976 -2.198439 -0.082051
-1.859412 -2.194628 -0.102785
-1.845889 -2.190526 -0.122849
-1.831441 -2.186143 -0.142196
-1.816101 -2.181490 -0.160779
-1.799908 -2.176578 -0.178553
-1.782899 -2.171418 -0.195475
-1.765117 -2.166024 -0.211505
-1.746603 -2.160408 -0.226603
-1.727402 -2.154583 -0.240734
-1.707561 -2.148564 -0.253864
-1.687128 -2.142366 -0.265960
-1.666151 -2.136003 -0.276994
-1.644681 -2.129490 -0.286939
-1.622770 -2.122844 -0.295772
-1.600471 -2.116079 -0.303470
-1.577837 -2.109213 -0.310015
-1.554923 -2.102262 -0.315392
-1.531785 -2.095243 -0.319588
-1.508477 -2.088173 -0.322592
-1.485056 -2.081068 -0.324397
-1.485641 -2.078733 0.674398
-1.509645 -2.083508 0.672593
-1.533534 -2.088259 0.669589
-1.557249 -2.092977 0.665393
-1.580734 -2.097648 0.660016
-1.603932 -2.102262 0.653471
-1.626787 -2.106808 0.645772
-1.649243 -2.111275 0.636940
-1.671248 -2.115652 0.626995
-1.692748 -2.119929 0.615961
-1.713691 -2.124095 0.603865
-1.734026 -2.128140 0.590735
-1.753705 -2.132054 0.576604
-1.772680 -2.135828 0.561506
-1.790906 -2.139454 0.545476
-1.808338 -2.142921 0.528554
-1.824935 -2.146223 0.510780
-1.840657 -2.149350 0.492197
-1.855465 -2.152295 0.472850
-1.869325 -2.155052 0.452785
-1.882202 -2.157614 0.432052
-1.894066 -2.159974 0.410699
-1.904888 -2.162126 0.388778
-1.914642 -2.164066 0.366342
-1.923305 -2.165790 0.343445
-1.930855 -2.167291 0.320143
-1.937274 -2.168568 0.296490
-1.942548 -2.169617 0.272546
-1.946663 -2.170436 0.248366
-1.949610 -2.171022 0.224009
-1.951380 -2.171374 0.199534
-1.951971 -2.171491 0.175000
-1.951380 -2.171374 0.150467
-1.949610 -2.171022 0.125992
-1.946663 -2.170436 0.101635
-1.942548 -2.169617 0.077455
-1.937274 -2.168568 0.053510
-1.930855 -2.167291 0.029858
-1.923305 -2.165790 0.006555
-1.914642 -2.164066 -0.016341
-1.904888 -2.162126 -0.038777
-1.894066 -2.159974 -0.060698
-1.882202 -2.157614 -0.082051
-1.869325 -2.155052 -0.102785
-1.855465 -2.152295 -0.122849
-1.840657 -2.149350 -0.142196
-1.824935 -2.146223 -0.160779
-1.808338 -2.142921 -0.178553
-1.790906 -2.139454 -0.195475
-1.772680 -2.135828 -0.211505
-1.753705 -2.132054 -0.226603
-1.734026 -2.128140 -0.240734
-1.713691 -2.124095 -0.253864
-1.692748 -2.119929 -0.265960
-1.671248 -2.115652 -0.276994
-1.649243 -2.111275 -0.286939
-1.626787 -2.106808 -0.295772
-1.603932 -2.102262 -0.303470
-1.580734 -2.097648 -0.310015
-1.557249 -2.092977 -0.315392
-1.533534 -2.088259 -0.319588
-1.509645 -2.083508 -0.322592
-1.485641 -2.078733 -0.324397
-1.485994 -2.076351 0.674398
-1.510351 -2.078750 0.672593
-1.534590 -2.081137 0.669589
-1.558654 -2.083508 0.665393
-1.582484 -2.085855 0.660016
-1.606022 -2.088173 0.653471
-1.629212 -2.090457 0.645772
-1.651999 -2.092701 0.636940
-1.674327 -2.094900 0.626995
-1.696142 -2.097049 0.615961
-1.717392 -2.099142 0.603865
-1.738026 -2.101174 0.590735
-1.757994 -2.103141 0.576604
-1.777248 -2.105037 0.561506
-1.795741 -2.106858 0.545476
-1.813429 -2.108601 0.528554
-1.830270 -2.110259 0.510780
-1.846222 -2.111831 0.492197
-1.861248 -2.113310 0.472850
-1.875311 -2.114696 0.452785
-1.888378 -2.115983 0.432052
-1.900416 -2.117168 0.410699
-1.911397 -2.118250 0.388778
-1.921294 -2.119224 0.366342
-1.930084 -2.120090 0.343445
-1.937745 -2.120845 0.320143
-1.944258 -2.121486 0.296490
-1.949610 -2.122013 0.272546
-1.953785 -2.122425 0.248366
-1.956775 -2.122719 0.224009
-1.958571 -2.122896 0.199534
-1.959171 -2.122955 0.175000
-1.958571 -2.122896 0.150467
-1.956775 -2.122719 0.125992
-1.953785 -2.122425 0.101635
-1.949610 -2.122013 0.077455
-1.944258 -2.121486 0.053510
-1.937745 -2.120845 0.029858
-1.930084 -2.120090 0.006555
-1.921294 -2.119224 -0.016341
-1.911397 -2.118250 -0.038777
-1.900416 -2.117168 -0.060698
-1.888378 -2.115983 -0.082051
-1.875311 -2.114696 -0.102785
-1.861248 -2.113310 -0.122849
-1.846222 -2.111831 -0.142196
-1.830270 -2.110259 -0.160779
-1.813429 -2.108601 -0.178553
-1.795741 -2.106858 -0.195475
-1.777248 -2.105037 -0.211505
-1.757994 -2.103141 -0.226603
-1.738026 -2.101174 -0.240734
-1.717392 -2.099142 -0.253864
-1.696142 -2.097049 -0.265960
-1.674327 -2.094900 -0.276994
-1.651999 -2.092701 -0.286939
-1.629212 -2.090457 -0.295772
-1.606022 -2.088173 -0.303470
-1.582484 -2.085855 -0.310015
-1.558654 -2.083508 -0.315392
-1.534590 -2.081137 -0.319588
-1.510351 -2.078750 -0.322592
-1.485994 -2.076351 -0.324397
-1.486112 -2.073946 0.674398
-1.510587 -2.073946 0.672593
-1.534944 -2.073946 0.669589
-1.559124 -2.073946 0.665393
-1.583068 -2.073946 0.660016
-1.606721 -2.073946 0.653471
-1.630023 -2.073946 0.645772
-1.652920 -2.073946 0.636940
-1.675356 -2.073946 0.626995
-1.697277 -2.073946 0.615961
-1.718630 -2.073946 0.603865
-1.739364 -2.073946 0.590735
-1.759428 -2.073946 0.576604
-1.778775 -2.073946 0.561506
-1.797358 -2.073946 0.545476
-1.815132 -2.073946 0.528554
-1.832054 -2.073946 0.510780
-1.848083 -2.073946 0.492197
-1.863182 -2.073946 0.472850
-1.877313 -2.073946 0.452785
-1.890443 -2.073946 0.432052
-1.902539 -2.073946 0.410699
-1.913573 -2.073946 0.388778
-1.923518 -2.073946 0.366342
-1.932350 -2.073946 0.343445
-1.940049 -2.073946 0.320143
-1.946594 -2.073946 0.296490
-1.951971 -2.073946 0.272546
-1.956166 -2.073946 0.248366
-1.959171 -2.073946 0.224009
-1.960976 -2.073946 0.199534
-1.961578 -2.073946 0.175000
-1.960976 -2.073946 0.150467
-1.959171 -2.073946 0.125992
-1.956166 -2.073946 0.101635
-1.951971 -2.073946 0.077455
-1.946594 -2.073946 0.053510
-1.940049 -2.073946 0.029858
-1.932350 -2.073946 0.006555
-1.923518 -2.073946 -0.016341
-1.913573 -2.073946 -0.038777
-1.902539 -2.073946 -0.060698
-1.890443 -2.073946 -0.082051
-1.877313 -2.073946 -0.102785
-1.863182 -2.073946 -0.122849
-1.848083 -2.073946 -0.142196
-1.832054 -2.073946 -0.160779
-1.815132 -2.073946 -0.178553
-1.797358 -2.073946 -0.195475
-1.778775 -2.073946 -0.211505
-1.759428 -2.073946 -0.226603
-1.739364 -2.073946 -0.240734
-1.718630 -2.073946 -0.253864
-1.697277 -2.073946 -0.265960
-1.675356 -2.073946 -0.276994
-1.652920 -2.073946 -0.286939
-1.630023 -2.073946 -0.295772
-1.606721 -2.073946 -0.303470
-1.583068 -2.073946 -0.310015
-1.559124 -2.073946 -0.315392
-1.534944 -2.073946 -0.319588
-1.510587 -2.073946 -0.322592
-1.486112 -2.073946 -0.324397
-1.485994 -2.071542 0.674398
-1.510351 -2.069143 0.672593
-1.534590 -2.066756 0.669589
-1.558654 -2.064385 0.665393
-1.582484 -2.062038 0.660016
-1.606022 -2.059720 0.653471
-1.629212 -2.057436 0.645772
-1.651999 -2.055192 0.636940
-1.674327 -2.052993 0.626995
-1.696142 -2.050844 0.615961
-1.717392 -2.048751 0.603865
-1.738026 -2.046719 0.590735
-1.757994 -2.044752 0.576604
-1.777248 -2.042856 0.561506
-1.795741 -2.041034 0.545476
-1.813429 -2.039292 0.528554
-1.830270 -2.037633 0.510780
-1.846222 -2.036062 0.492197
-1.861248 -2.034582 0.472850
-1.875311 -2.033197 0.452785
-1.888378 -2.031910 0.432052
-1.900416 -2.030725 0.410699
-1.911397 -2.029643 0.388778
-1.921294 -2.028668 0.366342
-1.930084 -2.027803 0.343445
-1.937745 -2.027048 0.320143
-1.944258 -2.026407 0.296490
-1.949610 -2.025880 0.272546
-1.953785 -2.025468 0.248366
-1.956775 -2.025174 0.224009
-1.958571 -2.024997 0.199534
-1.959171 -2.024938 0.175000
-1.958571 -2.024997 0.150467
-1.956775 -2.025174 0.125992
-1.953785 -2.025468 0.101635
-1.949610 -2.025880 0.077455
-1.944258 -2.026407 0.053510
-1.937745 -2.027048 0.029858
-1.930084 -2.027803 0.006555
-1.921294 -2.028668 -0.016341
-1.911397 -2.029643 -0.038777
-1.900416 -2.030725 -0.060698
-1.888378 -2.031910 -0.082051
-1.875311 -2.033197 -0.102785
-1.861248 -2.034582 -0.122849
-1.846222 -2.036062 -0.142196
-1.830270 -2.037633 -0.160779
-1.813429 -2.039292 -0.178553
-1.795741 -2.041034 -0.195475
-1.777248 -2.042856 -0.211505
-1.757994 -2.044752 -0.226603
-1.738026 -2.046719 -0.240734
-1.717392 -2.048751 -0.253864
-1.696142 -2.050844 -0.265960
-1.674327 -2.052993 -0.276994
-1.651999 -2.055192 -0.286939
-1.629212 -2.057436 -0.295772
-1.606022 -2.059720 -0.303470
-1.582484 -2.062038 -0.310015
-1.558654 -2.064385 -0.315392
-1.534590 -2.066756 -0.319588
-1.510351 -2.069143 -0.322592
-1.485994 -2.071542 -0.324397
-1.485641 -2.069160 0.674398
-1.509645 -2.064385 0.672593
-1.533534 -2.059634 0.669589
-1.557249 -2.054916 0.665393
-1.580734 -2.050245 0.660016
-1.603932 -2.045631 0.653471
-1.626787 -2.041085 0.645772
-1.649243 -2.036618 0.636940
-1.671248 -2.032241 0.626995
-1.692748 -2.027964 0.615961
-1.713690 -2.023798 0.603865
-1.734026 -2.019753 0.590735
-1.753705 -2.015839 0.576604
-1.772680 -2.012064 0.561506
-1.790906 -2.008439 0.545476
-1.808338 -2.004972 0.528554
-1.824935 -2.001670 0.510780
-1.840657 -1.998543 0.492197
-1.855465 -1.995597 0.472850
-1.869325 -1.992841 0.452785
-1.882202 -1.990279 0.432052
-1.894066 -1.987919 0.410699
-1.904888 -1.985767 0.388778
-1.914642 -1.983827 0.366342
-1.923305 -1.982103 0.343445
-1.930855 -1.980602 0.320143
-1.937274 -1.979325 0.296490
-1.942548 -1.978276 0.272546
-1.946663 -1.977457 0.248366
-1.949610 -1.976871 0.224009
-1.951380 -1.976519 0.199534
-1.951971 -1.976401 0.175000
-1.951380 -1.976519 0.150467
-1.949610 -1.976871 0.125992
-1.946663 -1.977457 0.101635
-1.942548 -1.978276 0.077455
-1.937274 -1.979325 0.053510
-1.930855 -1.980602 0.029858
-1.923305 -1.982103 0.006555
-1.914642 -1.983827 -0.016341
-1.904888 -1.985767 -0.038777
-1.894066 -1.987919 -0.060698
-1.882202 -1.990279 -0.082051
-1.869325 -1.992841 -0.102785
-1.855465 -1.995597 -0.122849
-1.840657 -1.998543 -0.142196
-1.824935 -2.001670 -0.160779
-1.808338 -2.004972 -0.178553
-1.790906 -2.008439 -0.195475
-1.772680 -2.012064 -0.211505
-1.753705 -2.015839 -0.226603
-1.734026 -2.019753 -0.240734
-1.713690 -2.023798 -0.253864
-1.692748 -2.027964 -0.265960
-1.671248 -2.032241 -0.276994
-1.649243 -2.036618 -0.286939
-1.626787 -2.041085 -0.295772
-1.603932 -2.045631 -0.303470
-1.580734 -2.050245 -0.310015
-1.557249 -2.054916 -0.315392
-1.533534 -2.059634 -0.319588
-1.509645 -2.064385 -0.322592
-1.485641 -2.069160 -0.324397
-1.485056 -2.066825 0.674398
-1.508477 -2.059720 0.672593
-1.531785 -2.052650 0.669589
-1.554923 -2.045631 0.665393
-1.577837 -2.038680 0.660016
-1.600471 -2.031814 0.653471
-1.622770 -2.025049 0.645772
-1.644681 -2.018403 0.636940
-1.666151 -2.011890 0.626995
-1.687128 -2.005527 0.615961
-1.707561 -1.999328 0.603865
-1.727402 -1.993310 0.590735
-1.746603 -1.987485 0.576604
-1.765117 -1.981869 0.561506
-1.782899 -1.976475 0.545476
-1.799908 -1.971315 0.528554
-1.816101 -1.966403 0.510780
-1.831441 -1.961750 0.492197
-1.845889 -1.957367 0.472850
-1.859412 -1.953265 0.452785
-1.871976 -1.949454 0.432052
-1.883551 -1.945942 0.410699
-1.894110 -1.942739 0.388778
-1.903627 -1.939852 0.366342
-1.912079 -1.937289 0.343445
-1.919446 -1.935054 0.320143
-1.925709 -1.933154 0.296490
-1.930855 -1.931593 0.272546
-1.934869 -1.930375 0.248366
-1.937744 -1.929503 0.224009
-1.939472 -1.928979 0.199534
-1.940048 -1.928804 0.175000
-1.939472 -1.928979 0.150467
-1.937744 -1.929503 0.125992
-1.934869 -1.930375 0.101635
-1.930855 -1.931593 0.077455
-1.925709 -1.933154 0.053510
-1.919446 -1.935054 0.029858
-1.912079 -1.937289 0.006555
-1.903627 -1.939852 -0.016341
-1.894110 -1.942739 -0.038777
-1.883551 -1.945942 -0.060698
-1.871976 -1.949454 -0.082051
-1.859412 -1.953265 -0.102785
-1.845889 -1.957367 -0.122849
-1.831441 -1.961750 -0.142196
-1.816101 -1.966403 -0.160779
-1.799908 -1.971315 -0.178553
-1.782899 -1.976475 -0.195475
-1.765117 -1.981869 -0.211505
-1.746603 -1.987485 -0.226603
-1.727402 -1.993310 -0.240734
-1.707561 -1.999328 -0.253864
-1.687128 -2.005527 -0.265960
-1.666151 -2.011890 -0.276994
-1.644681 -2.018403 -0.286939
-1.622770 -2.025049 -0.295772
-1.600471 -2.031814 -0.303470
-1.577837 -2.038680 -0.310015
-1.554923 -2.045631 -0.315392
-1.531785 -2.052650 -0.319588
-1.508477 -2.059720 -0.322592
-1.485056 -2.066825 -0.324397
-1.484245 -2.064558 0.674398
-1.506856 -2.055192 0.672593
-1.529359 -2.045871 0.669589
-1.551698 -2.036618 0.665393
-1.573821 -2.027454 0.660016
-1.595672 -2.018403 0.653471
-1.617201 -2.009485 0.645772
-1.638355 -2.000723 0.636940
-1.659083 -1.992137 0.626995
-1.679335 -1.983749 0.615961
-1.699063 -1.975577 0.603865
-1.718219 -1.967643 0.590735
-1.736755 -1.959964 0.576604
-1.754630 -1.952561 0.561506
-1.771798 -1.945449 0.545476
-1.788219 -1.938647 0.528554
-1.803853 -1.932172 0.510780
-1.818663 -1.926037 0.492197
-1.832612 -1.920259 0.472850
-1.845667 -1.914852 0.452785
-1.857797 -1.909827 0.432052
-1.868973 -1.905198 0.410699
-1.879167 -1.900976 0.388778
-1.888355 -1.897170 0.366342
-1.896515 -1.893790 0.343445
-1.903627 -1.890844 0.320143
-1.909674 -1.888339 0.296490
-1.914642 -1.886281 0.272546
-1.918518 -1.884676 0.248366
-1.921294 -1.883526 0.224009
-1.922962 -1.882835 0.199534
-1.923518 -1.882605 0.175000
-1.922962 -1.882835 0.150467
-1.921294 -1.883526 0.125992
-1.918518 -1.884676 0.101635
-1.914642 -1.886281 0.077455
-1.909674 -1.888339 0.053510
-1.903627 -1.890844 0.029858
-1.896515 -1.893790 0.006555
-1.888355 -1.897170 -0.016341
-1.879167 -1.900976 -0.038777
-1.868973 -1.905198 -0.060698
-1.857797 -1.909827 -0.082051
-1.845667 -1.914852 -0.102785
-1.832612 -1.920259 -0.122849
-1.818663 -1.926037 -0.142196
-1.803853 -1.932172 -0.160779
-1.788219 -1.938647 -0.178553
-1.771798 -1.945449 -0.195475
-1.754630 -1.952561 -0.211505
-1.736755 -1.959964 -0.226603
-1.718219 -1.967643 -0.240734
-1.699063 -1.975577 -0.253864
-1.679335 -1.983749 -0.265960
-1.659083 -1.992137 -0.276994
-1.638355 -2.000723 -0.286939
-1.617201 -2.009485 -0.295772
-1.595672 -2.018403 -0.303470
-1.573821 -2.027454 -0.310015
-1.551698 -2.036618 -0.315392
-1.529359 -2.045871 -0.319588
-1.506856 -2.055192 -0.322592
-1.484245 -2.064558 -0.324397
-1.483215 -2.062381 0.674398
-1.504800 -2.050844 0.672593
-1.526281 -2.039362 0.669589
-1.547606 -2.027964 0.665393
-1.568723 -2.016676 0.660016
-1.589583 -2.005527 0.653471
-1.610134 -1.994542 0.645772
-1.630327 -1.983749 0.636940
-1.650114 -1.973172 0.626995
-1.669446 -1.962839 0.615961
-1.688277 -1.952773 0.603865
-1.706563 -1.942999 0.590735
-1.724258 -1.933541 0.576604
-1.741321 -1.924421 0.561506
-1.757710 -1.915661 0.545476
-1.773385 -1.907283 0.528554
-1.788309 -1.899306 0.510780
-1.802446 -1.891749 0.492197
-1.815761 -1.884632 0.472850
-1.828224 -1.877970 0.452785
-1.839803 -1.871781 0.432052
-1.850471 -1.866079 0.410699
-1.860202 -1.860878 0.388778
-1.868973 -1.856190 0.366342
-1.876762 -1.852026 0.343445
-1.883551 -1.848397 0.320143
-1.889324 -1.845312 0.296490
-1.894066 -1.842777 0.272546
-1.897766 -1.840799 0.248366
-1.900416 -1.839383 0.224009
-1.902008 -1.838532 0.199534
-1.902539 -1.838248 0.175000
-1.902008 -1.838532 0.150467
-1.900416 -1.839383 0.125992
-1.897766 -1.840799 0.101635
-1.894066 -1.842777 0.077455
-1.889324 -1.845312 0.053510
-1.883551 -1.848397 0.029858
-1.876762 -1.852026 0.006555
-1.868973 -1.856190 -0.016341
-1.860202 -1.860878 -0.038777
-1.850471 -1.866079 -0.060698
-1.839803 -1.871781 -0.082051
-1.828224 -1.877970 -0.102785
-1.815761 -1.884632 -0.122849
-1.802446 -1.891749 -0.142196
-1.788309 -1.899306 -0.160779
-1.773385 -1.907283 -0.178553
-1.757710 -1.915661 -0.195475
-1.741321 -1.924421 -0.211505
-1.724258 -1.933541 -0.226603
-1.706563 -1.942999 -0.240734
-1.688277 -1.952773 -0.253864
-1.669446 -1.962839 -0.265960
-1.650114 -1.973172 -0.276994
-1.630327 -1.983749 -0.286939
-1.610134 -1.994542 -0.295772
-1.589583 -2.005527 -0.303470
-1.568723 -2.016676 -0.310015
-1.547606 -2.027964 -0.315392
-1.526281 -2.039362 -0.319588
-1.504800 -2.050844 -0.322592
-1.483215 -2.062381 -0.324397
-1.481978 -2.060316 0.674398
-1.502328 -2.046719 0.672593
-1.522579 -2.033187 0.669589
-1.542684 -2.019753 0.665393
-1.562594 -2.006450 0.660016
-1.582260 -1.993310 0.653471
-1.601635 -1.980363 0.645772
-1.620673 -1.967643 0.636940
-1.639328 -1.955178 0.626995
-1.657554 -1.942999 0.615961
-1.675309 -1.931136 0.603865
-1.692549 -1.919617 0.590735
-1.709231 -1.908470 0.576604
-1.725318 -1.897722 0.561506
-1.740769 -1.887397 0.545476
-1.755547 -1.877523 0.528554
-1.769617 -1.868121 0.510780
-1.782946 -1.859216 0.492197
-1.795500 -1.850827 0.472850
-1.807249 -1.842977 0.452785
-1.818166 -1.835682 0.432052
-1.828224 -1.828962 0.410699
-1.837398 -1.822832 0.388778
-1.845667 -1.817307 0.366342
-1.853011 -1.812400 0.343445
-1.859412 -1.808123 0.320143
-1.864854 -1.804486 0.296490
-1.869325 -1.801499 0.272546
-1.872813 -1.799168 0.248366
-1.875311 -1.797499 0.224009
-1.876812 -1.796496 0.199534
-1.877313 -1.796161 0.175000
-1.876812 -1.796496 0.150467
-1.875311 -1.797499 0.125992
-1.872813 -1.799168 0.101635
-1.869325 -1.801499 0.077455
-1.864854 -1.804486 0.053510
-1.859412 -1.808123 0.029858
-1.853011 -1.812400 0.006555
-1.845667 -1.817307 -0.016341
-1.837398 -1.822832 -0.038777
-1.828224 -1.828962 -0.060698
-1.818166 -1.835682 -0.082051
-1.807249 -1.842977 -0.102785
-1.795500 -1.850827 -0.122849
-1.782946 -1.859216 -0.142196
-1.769617 -1.868121 -0.160779
-1.755547 -1.877523 -0.178553
-1.740769 -1.887397 -0.195475
-1.725318 -1.897722 -0.211505
-1.709231 -1.908470 -0.226603
-1.692549 -1.919617 -0.240734
-1.675309 -1.931136 -0.253864
-1.657554 -1.942999 -0.265960
-1.639328 -1.955178 -0.276994
-1.620673 -1.967643 -0.286939
-1.601635 -1.980363 -0.295772
-1.582260 -1.993310 -0.303470
-1.562594 -2.006450 -0.310015
-1.542684 -2.019753 -0.315392
-1.522579 -2.033187 -0.319588
-1.502328 -2.046719 -0.322592
-1.481978 -2.060316 -0.324397
-1.480543 -2.058382 0.674398
-1.499463 -2.042856 0.672593
-1.518291 -2.027404 0.669589
-1.536982 -2.012064 0.665393
-1.555491 -1.996874 0.660016
-1.573775 -1.981869 0.653471
-1.591788 -1.967086 0.645772
-1.609488 -1.952561 0.636940
-1.626831 -1.938327 0.626995
-1.643776 -1.924421 0.615961
-1.660282 -1.910875 0.603865
-1.676309 -1.897721 0.590735
-1.691819 -1.884993 0.576604
-1.706775 -1.872719 0.561506
-1.721139 -1.860930 0.545476
-1.734879 -1.849655 0.528554
-1.747960 -1.838919 0.510780
-1.760351 -1.828750 0.492197
-1.772022 -1.819172 0.472850
-1.782946 -1.810207 0.452785
-1.793095 -1.801878 0.432052
-1.802445 -1.794204 0.410699
-1.810975 -1.787204 0.388778
-1.818663 -1.780895 0.366342
-1.825490 -1.775292 0.343445
-1.831441 -1.770408 0.320143
-1.836500 -1.766256 0.296490
-1.840657 -1.762845 0.272546
-1.843900 -1.760183 0.248366
-1.846222 -1.758277 0.224009
-1.847618 -1.757132 0.199534
-1.848083 -1.756750 0.175000
-1.847618 -1.757132 0.150467
-1.846222 -1.758277 0.125992
-1.843900 -1.760183 0.101635
-1.840657 -1.762845 0.077455
-1.836500 -1.766256 0.053510
-1.831441 -1.770408 0.029858
-1.825490 -1.775292 0.006555
-1.818663 -1.780895 -0.016341
-1.810975 -1.787204 -0.038777
-1.802445 -1.794204 -0.060698
-1.793095 -1.801878 -0.082051
-1.782946 -1.810207 -0.102785
-1.772022 -1.819172 -0.122849
-1.760351 -1.828750 -0.142196
-1.747960 -1.838919 -0.160779
-1.734879 -1.849655 -0.178553
-1.721139 -1.860930 -0.195475
-1.706775 -1.872719 -0.211505
-1.691819 -1.884993 -0.226603
-1.676309 -1.897721 -0.240734
-1.660282 -1.910875 -0.253864
-1.643776 -1.924421 -0.265960
-1.626831 -1.938327 -0.276994
-1.609488 -1.952561 -0.286939
-1.591788 -1.967086 -0.295772
-1.573775 -1.981869 -0.303470
-1.555491 -1.996874 -0.310015
-1.536982 -2.012064 -0.315392
-1.518291 -2.027404 -0.319588
-1.499463 -2.042856 -0.322592
-1.480543 -2.058382 -0.324397
-1.478927 -2.056598 0.674398
-1.496233 -2.039292 0.672593
-1.513456 -2.022069 0.669589
-1.530553 -2.004972 0.665393
-1.547485 -1.988040 0.660016
-1.564210 -1.971315 0.653471
-1.580687 -1.954838 0.645772
-1.596877 -1.938648 0.636940
-1.612742 -1.922783 0.626995
-1.628242 -1.907283 0.615961
-1.643341 -1.892184 0.603865
-1.658002 -1.877523 0.590735
-1.672190 -1.863335 0.576604
-1.685870 -1.849655 0.561506
-1.699010 -1.836515 0.545476
-1.711578 -1.823946 0.528554
-1.723544 -1.811981 0.510780
-1.734879 -1.800646 0.492197
-1.745555 -1.789970 0.472850
-1.755548 -1.779978 0.452785
-1.764831 -1.770694 0.432052
-1.773385 -1.762140 0.410699
-1.781187 -1.754338 0.388778
-1.788219 -1.747306 0.366342
-1.794465 -1.741060 0.343445
-1.799908 -1.735617 0.320143
-1.804536 -1.730989 0.296490
-1.808338 -1.727187 0.272546
-1.811305 -1.724220 0.248366
-1.813429 -1.722096 0.224009
-1.814706 -1.720819 0.199534
-1.815132 -1.720393 0.175000
-1.814706 -1.720819 0.150467
-1.813429 -1.722096 0.125992
-1.811305 -1.724220 0.101635
-1.808338 -1.727187 0.077455
-1.804536 -1.730989 0.053510
-1.799908 -1.735617 0.029858
-1.794465 -1.741060 0.006555
-1.788219 -1.747306 -0.016341
-1.781187 -1.754338 -0.038777
-1.773385 -1.762140 -0.060698
-1.764831 -1.770694 -0.082051
-1.755548 -1.779978 -0.102785
-1.745555 -1.789970 -0.122849
-1.734879 -1.800646 -0.142196
-1.723544 -1.811981 -0.160779
-1.711578 -1.823946 -0.178553
-1.699010 -1.836515 -0.195475
-1.685870 -1.849655 -0.211505
-1.672190 -1.863335 -0.226603
-1.658002 -1.877523 -0.240734
-1.643341 -1.892184 -0.253864
-1.628242 -1.907283 -0.265960
-1.612742 -1.922783 -0.276994
-1.596877 -1.938648 -0.286939
-1.580687 -1.954838 -0.295772
-1.564210 -1.971315 -0.303470
-1.547485 -1.988040 -0.310015
-1.530553 -2.004972 -0.315392
-1.513456 -2.022069 -0.319588
-1.496233 -2.039292 -0.322592
-1.478927 -2.056598 -0.324397
-1.477143 -2.054981 0.674398
-1.492669 -2.036062 0.672593
-1.508121 -2.017234 0.669589
-1.523461 -1.998543 0.665393
-1.538651 -1.980033 0.660016
-1.553656 -1.961750 0.653471
-1.568439 -1.943737 0.645772
-1.582964 -1.926037 0.636940
-1.597198 -1.908694 0.626995
-1.611104 -1.891749 0.615961
-1.624650 -1.875243 0.603865
-1.637804 -1.859215 0.590735
-1.650532 -1.843706 0.576604
-1.662806 -1.828750 0.561506
-1.674595 -1.814386 0.545476
-1.685870 -1.800646 0.528554
-1.696606 -1.787565 0.510780
-1.706775 -1.775174 0.492197
-1.716353 -1.763503 0.472850
-1.725318 -1.752579 0.452785
-1.733647 -1.742430 0.432052
-1.741321 -1.733079 0.410699
-1.748321 -1.724550 0.388778
-1.754630 -1.716862 0.366342
-1.760233 -1.710035 0.343445
-1.765117 -1.704084 0.320143
-1.769269 -1.699025 0.296490
-1.772680 -1.694868 0.272546
-1.775342 -1.691625 0.248366
-1.777248 -1.689302 0.224009
-1.778393 -1.687907 0.199534
-1.778775 -1.687441 0.175000
-1.778393 -1.687907 0.150467
-1.777248 -1.689302 0.125992
-1.775342 -1.691625 0.101635
-1.772680 -1.694868 0.077455
-1.769269 -1.699025 0.053510
-1.765117 -1.704084 0.029858
-1.760233 -1.710035 0.006555
-1.754630 -1.716862 -0.016341
-1.748321 -1.724550 -0.038777
-1.741321 -1.733079 -0.060698
-1.733647 -1.742430 -0.082051
-1.725318 -1.752579 -0.102785
-1.716353 -1.763503 -0.122849
-1.706775 -1.775174 -0.142196
-1.696606 -1.787565 -0.160779
-1.685870 -1.800646 -0.178553
-1.674595 -1.814386 -0.195475
-1.662806 -1.828750 -0.211505
-1.650532 -1.843706 -0.226603
-1.637804 -1.859215 -0.240734
-1.624650 -1.875243 -0.253864
-1.611104 -1.891749 -0.265960
-1.597198 -1.908694 -0.276994
-1.582964 -1.926037 -0.286939
-1.568439 -1.943737 -0.295772
-1.553656 -1.961750 -0.303470
-1.538651 -1.980033 -0.310015
-1.523461 -1.998543 -0.315392
-1.508121 -2.017234 -0.319588
-1.492669 -2.036062 -0.322592
-1.477143 -2.054981 -0.324397
-1.475209 -2.053547 0.674398
-1.488806 -2.033197 0.672593
-1.502338 -2.012946 0.669589
-1.515772 -1.992841 0.665393
-1.529075 -1.972931 0.660016
-1.542215 -1.953265 0.653471
-1.555161 -1.933890 0.645772
-1.567882 -1.914852 0.636940
-1.580347 -1.896197 0.626995
-1.592525 -1.877971 0.615961
-1.604388 -1.860216 0.603865
-1.615908 -1.842976 0.590735
-1.627055 -1.826294 0.576604
-1.637804 -1.810207 0.561506
-1.648127 -1.794756 0.545476
-1.658002 -1.779978 0.528554
-1.667404 -1.765908 0.510780
-1.676309 -1.752579 0.492197
-1.684697 -1.740025 0.472850
-1.692549 -1.728276 0.452785
-1.699843 -1.717359 0.432052
-1.706563 -1.707301 0.410699
-1.712693 -1.698127 0.388778
-1.718218 -1.689858 0.366342
-1.723125 -1.682514 0.343445
-1.727402 -1.676113 0.320143
-1.731038 -1.670671 0.296490
-1.734026 -1.666200 0.272546
-1.736356 -1.662712 0.248366
-1.738026 -1.660214 0.224009
-1.739029 -1.658713 0.199534
-1.739363 -1.658212 0.175000
-1.739029 -1.658713 0.150467
-1.738026 -1.660214 0.125992
-1.736356 -1.662712 0.101635
-1.734026 -1.666200 0.077455
-1.731038 -1.670671 0.053510
-1.727402 -1.676113 0.029858
-1.723125 -1.682514 0.006555
-1.718218 -1.689858 -0.016341
-1.712693 -1.698127 -0.038777
-1.706563 -1.707301 -0.060698
-1.699843 -1.717359 -0.082051
-1.692549 -1.728276 -0.102785
-1.684697 -1.740025 -0.122849
-1.676309 -1.752579 -0.142196
-1.667404 -1.765908 -0.160779
-1.658002 -1.779978 -0.178553
-1.648127 -1.794756 -0.195475
-1.637804 -1.810207 -0.211505
-1.627055 -1.826294 -0.226603
-1.615908 -1.842976 -0.240734
-1.604388 -1.860216 -0.253864
-1.592525 -1.877971 -0.265960
-1.580347 -1.896197 -0.276994
-1.567882 -1.914852 -0.286939
-1.555161 -1.933890 -0.295772
-1.542215 -1.953265 -0.303470
-1.529075 -1.972931 -0.310015
-1.515772 -1.992841 -0.315392
-1.502338 -2.012946 -0.319588
-1.488806 -2.033197 -0.322592
-1.475209 -2.053547 -0.324397
-1.473144 -2.052310 0.674398
-1.484681 -2.030725 0.672593
-1.496163 -2.009244 0.669589
-1.507561 -1.987919 0.665393
-1.518848 -1.966802 0.660016
-1.529998 -1.945942 0.653471
-1.540983 -1.925391 0.645772
-1.551776 -1.905198 0.636940
-1.562353 -1.885412 0.626995
-1.572686 -1.866079 0.615961
-1.582752 -1.847248 0.603865
-1.592526 -1.828962 0.590735
-1.601984 -1.811267 0.576604
-1.611104 -1.794204 0.561506
-1.619864 -1.777816 0.545476
-1.628242 -1.762140 0.528554
-1.636219 -1.747216 0.510780
-1.643776 -1.733079 0.492197
-1.650893 -1.719764 0.472850
-1.657555 -1.707301 0.452785
-1.663744 -1.695722 0.432052
-1.669446 -1.685054 0.410699
-1.674647 -1.675323 0.388778
-1.679335 -1.666552 0.366342
-1.683499 -1.658763 0.343445
-1.687128 -1.651973 0.320143
-1.690213 -1.646201 0.296490
-1.692748 -1.641459 0.272546
-1.694725 -1.637759 0.248366
-1.696142 -1.635109 0.224009
-1.696993 -1.633517 0.199534
-1.697277 -1.632986 0.175000
-1.696993 -1.633517 0.150467
-1.696142 -1.635109 0.125992
-1.694725 -1.637759 0.101635
-1.692748 -1.641459 0.077455
-1.690213 -1.646201 0.053510
-1.687128 -1.651973 0.029858
-1.683499 -1.658763 0.006555
-1.679335 -1.666552 -0.016341
-1.674647 -1.675323 -0.038777
-1.669446 -1.685054 -0.060698
-1.663744 -1.695722 -0.082051
-1.657555 -1.707301 -0.102785
-1.650893 -1.719764 -0.122849
-1.643776 -1.733079 -0.142196
-1.636219 -1.747216 -0.160779
-1.628242 -1.762140 -0.178553
-1.619864 -1.777816 -0.195475
-1.611104 -1.794204 -0.211505
-1.601984 -1.811267 -0.226603
-1.592526 -1.828962 -0.240734
-1.582752 -1.847248 -0.253864
-1.572686 -1.866079 -0.265960
-1.562353 -1.885412 -0.276994
-1.551776 -1.905198 -0.286939
-1.540983 -1.925391 -0.295772
-1.529998 -1.945942 -0.303470
-1.518848 -1.966802 -0.310015
-1.507561 -1.987919 -0.315392
-1.496163 -2.009244 -0.319588
-1.484681 -2.030725 -0.322592
-1.473144 -2.052310 -0.324397
-1.470967 -2.051280 0.674398
-1.480333 -2.028668 0.672593
-1.489654 -2.006166 0.669589
-1.498907 -1.983827 0.665393
-1.508071 -1.961704 0.660016
-1.517122 -1.939852 0.653471
-1.526039 -1.918324 0.645772
-1.534802 -1.897170 0.636940
-1.543388 -1.876442 0.626995
-1.551776 -1.856190 0.615961
-1.559948 -1.836462 0.603865
-1.567882 -1.817306 0.590735
-1.575560 -1.798769 0.576604
-1.582964 -1.780895 0.561506
-1.590076 -1.763727 0.545476
-1.596877 -1.747306 0.528554
-1.603353 -1.731672 0.510780
-1.609488 -1.716862 0.492197
-1.615265 -1.702913 0.472850
-1.620673 -1.689858 0.452785
-1.625698 -1.677728 0.432052
-1.630327 -1.666552 0.410699
-1.634549 -1.656358 0.388778
-1.638355 -1.647170 0.366342
-1.641735 -1.639010 0.343445
-1.644681 -1.631898 0.320143
-1.647186 -1.625851 0.296490
-1.649244 -1.620883 0.272546
-1.650849 -1.617007 0.248366
-1.651999 -1.614231 0.224009
-1.652690 -1.612563 0.199534
-1.652920 -1.612007 0.175000
-1.652690 -1.612563 0.150467
-1.651999 -1.614231 0.125992
-1.650849 -1.617007 0.101635
-1.649244 -1.620883 0.077455
-1.647186 -1.625851 0.053510
-1.644681 -1.631898 0.029858
-1.641735 -1.639010 0.006555
-1.638355 -1.647170 -0.016341
-1.634549 -1.656358 -0.038777
-1.630327 -1.666552 -0.060698
-1.625698 -1.677728 -0.082051
-1.620673 -1.689858 -0.102785
-1.615265 -1.702913 -0.122849
-1.609488 -1.716862 -0.142196
-1.603353 -1.731672 -0.160779
-1.596877 -1.747306 -0.178553
-1.590076 -1.763727 -0.195475
-1.582964 -1.780895 -0.211505
-1.575560 -1.798769 -0.226603
-1.567882 -1.817306 -0.240734
-1.559948 -1.836462 -0.253864
-1.551776 -1.856190 -0.265960
-1.543388 -1.876442 -0.276994
-1.534802 -1.897170 -0.286939
-1.526039 -1.918324 -0.295772
-1.517122 -1.939852 -0.303470
-1.508071 -1.961704 -0.310015
-1.498907 -1.983827 -0.315392
-1.489654 -2.006166 -0.319588
-1.480333 -2.028668 -0.322592
-1.470967 -2.051280 -0.324397
-1.468700 -2.050469 0.674398
-1.475805 -2.027048 0.672593
-1.482875 -2.003740 0.669589
-1.489894 -1.980602 0.665393
-1.496845 -1.957688 0.660016
-1.503711 -1.935054 0.653471
-1.510475 -1.912755 0.645772
-1.517122 -1.890844 0.636940
-1.523635 -1.869374 0.626995
-1.529998 -1.848397 0.615961
-1.536196 -1.827964 0.603865
-1.542215 -1.808122 0.590735
-1.548040 -1.788922 0.576604
-1.553656 -1.770408 0.561506
-1.559050 -1.752626 0.545476
-1.564209 -1.735617 0.528554
-1.569122 -1.719424 0.510780
-1.573775 -1.704084 0.492197
-1.578158 -1.689636 0.472850
-1.582260 -1.676113 0.452785
-1.586071 -1.663549 0.432052
-1.589582 -1.651974 0.410699
-1.592786 -1.641415 0.388778
-1.595672 -1.631898 0.366342
-1.598236 -1.623446 0.343445
-1.600471 -1.616079 0.320143
-1.602371 -1.609816 0.296490
-1.603932 -1.604670 0.272546
-1.605150 -1.600656 0.248366
-1.606022 -1.597780 0.224009
-1.606546 -1.596053 0.199534
-1.606721 -1.595476 0.175000
-1.606546 -1.596053 0.150467
-1.606022 -1.597780 0.125992
-1.605150 -1.600656 0.101635
-1.603932 -1.604670 0.077455
-1.602371 -1.609816 0.053510
-1.600471 -1.616079 0.029858
-1.598236 -1.623446 0.006555
-1.595672 -1.631898 -0.016341
-1.592786 -1.641415 -0.038777
-1.589582 -1.651974 -0.060698
-1.586071 -1.663549 -0.082051
-1.582260 -1.676113 -0.102785
-1.578158 -1.689636 -0.122849
-1.573775 -1.704084 -0.142196
-1.569122 -1.719424 -0.160779
-1.564209 -1.735617 -0.178553
-1.559050 -1.752626 -0.195475
-1.553656 -1.770408 -0.211505
-1.548040 -1.788922 -0.226603
-1.542215 -1.808122 -0.240734
-1.536196 -1.827964 -0.253864
-1.529998 -1.848397 -0.265960
-1.523635 -1.869374 -0.276994
-1.517122 -1.890844 -0.286939
-1.510475 -1.912755 -0.295772
-1.503711 -1.935054 -0.303470
-1.496845 -1.957688 -0.310015
-1.489894 -1.980602 -0.315392
-1.482875 -2.003740 -0.319588
-1.475805 -2.027048 -0.322592
-1.468700 -2.050469 -0.324397
-1.466365 -2.049884 0.674398
-1.471140 -2.025880 0.672593
-1.475891 -2.001991 0.669589
-1.480609 -1.978276 0.665393
-1.485280 -1.954791 0.660016
-1.489894 -1.931593 0.653471
-1.494440 -1.908738 0.645772
-1.498907 -1.886281 0.636940
-1.503284 -1.864277 0.626995
-1.507561 -1.842777 0.615961
-1.511727 -1.821835 0.603865
-1.515772 -1.801499 0.590735
-1.519686 -1.781820 0.576604
-1.523461 -1.762845 0.561506
-1.527086 -1.744619 0.545476
-1.530553 -1.727187 0.528554
-1.533855 -1.710590 0.510780
-1.536982 -1.694868 0.492197
-1.539927 -1.680060 0.472850
-1.542684 -1.666200 0.452785
-1.545246 -1.653323 0.432052
-1.547606 -1.641459 0.410699
-1.549758 -1.630637 0.388778
-1.551698 -1.620883 0.366342
-1.553422 -1.612220 0.343445
-1.554923 -1.604670 0.320143
-1.556200 -1.598251 0.296490
-1.557249 -1.592977 0.272546
-1.558068 -1.588862 0.248366
-1.558654 -1.585915 0.224009
-1.559006 -1.584145 0.199534
-1.559124 -1.583554 0.175000
-1.559006 -1.584145 0.150467
-1.558654 -1.585915 0.125992
-1.558068 -1.588862 0.101635
-1.557249 -1.592977 0.077455
-1.556200 -1.598251 0.053510
-1.554923 -1.604670 0.029858
-1.553422 -1.612220 0.006555
-1.551698 -1.620883 -0.016341
-1.549758 -1.630637 -0.038777
-1.547606 -1.641459 -0.060698
-1.545246 -1.653323 -0.082051
-1.542684 -1.666200 -0.102785
-1.539927 -1.680060 -0.122849
-1.536982 -1.694868 -0.142196
-1.533855 -1.710590 -0.160779
-1.530553 -1.727187 -0.178553
-1.527086 -1.744619 -0.195475
-1.523461 -1.762845 -0.211505
-1.519686 -1.781820 -0.226603
-1.515772 -1.801499 -0.240734
-1.511727 -1.821835 -0.253864
-1.507561 -1.842777 -0.265960
-1.503284 -1.864277 -0.276994
-1.498907 -1.886281 -0.286939
-1.494440 -1.908738 -0.295772
-1.489894 -1.931593 -0.303470
-1.485280 -1.954791 -0.310015
-1.480609 -1.978276 -0.315392
-1.475891 -2.001991 -0.319588
-1.471140 -2.025880 -0.322592
-1.466365 -2.049884 -0.324397
-1.463983 -2.049531 0.674398
-1.466382 -2.025174 0.672593
-1.468770 -2.000935 0.669589
-1.471140 -1.976871 0.665393
-1.473487 -1.953042 0.660016
-1.475805 -1.929503 0.653471
-1.478089 -1.906313 0.645772
-1.480333 -1.883526 0.636940
-1.482532 -1.861198 0.626995
-1.484681 -1.839383 0.615961
-1.486774 -1.818133 0.603865
-1.488806 -1.797499 0.590735
-1.490773 -1.777531 0.576604
-1.492669 -1.758277 0.561506
-1.494491 -1.739784 0.545476
-1.496233 -1.722096 0.528554
-1.497891 -1.705255 0.510780
-1.499463 -1.689303 0.492197
-1.500942 -1.674277 0.472850
-1.502328 -1.660213 0.452785
-1.503614 -1.647148 0.432052
-1.504800 -1.635109 0.410699
-1.505882 -1.624128 0.388778
-1.506856 -1.614231 0.366342
-1.507722 -1.605441 0.343445
-1.508477 -1.597780 0.320143
-1.509118 -1.591267 0.296490
-1.509645 -1.585915 0.272546
-1.510056 -1.581740 0.248366
-1.510351 -1.578750 0.224009
-1.510528 -1.576954 0.199534
-1.510587 -1.576354 0.175000
-1.510528 -1.576954 0.150467
-1.510351 -1.578750 0.125992
-1.510056 -1.581740 0.101635
-1.509645 -1.585915 0.077455
-1.509118 -1.591267 0.053510
-1.508477 -1.597780 0.029858
-1.507722 -1.605441 0.006555
-1.506856 -1.614231 -0.016341
-1.505882 -1.624128 -0.038777
-1.504800 -1.635109 -0.060698
-1.503614 -1.647148 -0.082051
-1.502328 -1.660213 -0.102785
-1.500942 -1.674277 -0.122849
-1.499463 -1.689303 -0.142196
-1.497891 -1.705255 -0.160779
-1.496233 -1.722096 -0.178553
-1.494491 -1.739784 -0.195475
-1.492669 -1.758277 -0.211505
-1.490773 -1.777531 -0.226603
-1.488806 -1.797499 -0.240734
-1.486774 -1.818133 -0.253864
-1.484681 -1.839383 -0.265960
-1.482532 -1.861198 -0.276994
-1.480333 -1.883526 -0.286939
-1.478089 -1.906313 -0.295772
-1.475805 -1.929503 -0.303470
-1.473487 -1.953042 -0.310015
-1.471140 -1.976871 -0.315392
-1.468770 -2.000935 -0.319588
-1.466382 -2.025174 -0.322592
-1.463983 -2.049531 -0.324397
-1.461578 -2.049413 0.674398
-1.461578 -2.024938 0.672593
-1.461578 -2.000581 0.669589
-1.461578 -1.952456 0.660016
-1.461578 -1.905502 0.645772
-1.461578 -1.882605 0.636940
-1.461578 -1.860169 0.626995
-1.461578 -1.838248 0.615961
-1.461578 -1.816895 0.603865
-1.461578 -1.796161 0.590735
-1.461578 -1.756750 0.561506
-1.461578 -1.687441 0.492197
-1.461578 -1.583554 0.272546
-1.461578 -1.574549 0.150467
-1.461578 -1.583554 0.077455
-1.461578 -1.603175 0.006555
-1.461578 -1.687441 -0.142196
-1.461578 -1.796161 -0.240734
-1.461578 -1.952456 -0.310015
-1.461578 -2.000581 -0.319588
-1.461578 -2.024938 -0.322592
-1.461578 -2.049413 -0.324397
3 38 97 98
3 16 72 17
3 1 45 46
3 39 98 99
3 17 73 18
3 4015 46 47
3 39 100 40
3 19 73 74
3 2 47 48
3 40 101 4030
3 4025 74 75
3 4016 48 49
3 4030 102 41
3 4025 76 20
3 4017 49 50
3 41 103 4031
3 20 77 21
3 4018 50 51
3 4031 104 4032
3 4026 77 78
3 4019 51 52
3 4032 105 4033
3 4026 79 22
3 4020 52 53
3 42 4033 105
3 22 80 23
3 4021 53 54
3 23 81 4027
3 4021 55 3
3 24 81 82
3 3 56 4022
3 24 83 25
3 4 56 57
3 25 84 26
3 5 57 58
3 26 85 27
3 5 59 6
3 27 86 28
3 4023 59 60
3 29 86 87
3 7 60 61
3 29 88 4028
3 7 62 8
3 4028 89 30
3 8 63 9
3 31 89 90
3 9 64 10
3 31 91 32
3 10 65 11
3 32 92 33
3 12 65 66
3 34 92 93
3 12 67 13
3 4029 93 94
3 13 68 14
3 35 94 95
3 14 69 15
3 4012 0 43
3 36 95 96
3 4024 69 70
3 4013 43 44
3 36 97 37
3 4024 71 16
3 4014 44 45
3 85 149 86
3 59 123 60
3 86 150 87
3 61 123 124
3 87 151 88
3 61 125 62
3 89 151 152
3 62 126 63
3 89 153 90
3 63 127 64
3 90 154 91
3 64 128 65
3 92 154 155
3 65 129 66
3 93 155 156
3 67 129 130
3 94 156 157
3 67 131 68
3 95 157 158
3 68 132 69
3 43 0 106
3 96 158 159
3 69 133 70
3 43 107 44
3 96 160 97
3 70 134 71
3 44 108 45
3 98 160 161
3 71 135 72
3 46 108 109
3 99 161 162
3 73 135 136
3 47 109 110
3 100 162 163
3 73 137 74
3 47 111 48
3 101 163 164
3 74 138 75
3 48 112 49
3 101 165 102
3 75 139 76
3 49 113 50
3 102 166 103
3 77 139 140
3 51 113 114
3 104 166 167
3 78 140 141
3 52 114 115
3 105 167 168
3 78 142 79
3 52 116 53
3 42 105 168
3 79 143 80
3 53 117 54
3 80 144 81
3 54 118 55
3 81 145 82
3 55 119 56
3 83 145 146
3 56 120 57
3 83 147 84
3 57 121 58
3 84 148 85
3 58 122 59
3 150 214 151
3 125 187 188
3 152 214 215
3 125 189 126
3 152 216 153
3 126 190 127
3 154 216 217
3 128 190 191
3 155 217 218
3 128 192 129
3 155 219 156
3 130 192 193
3 156 220 157
3 130 194 131
3 158 220 221
3 132 194 195
3 106 0 169
3 158 222 159
3 133 195 196
3 106 170 107
3 159 223 160
3 133 197 134
3 107 171 108
3 160 224 161
3 134 198 135
3 108 172 109
3 161 225 162
3 135 199 136
3 109 173 110
3 163 225 226
3 137 199 200
3 110 174 111
3 164 226 227
3 137 201 138
3 111 175 112
3 164 228 165
3 138 202 139
3 113 175 176
3 166 228 229
3 139 203 140
3 114 176 177
3 167 229 230
3 140 204 141
3 115 177 178
3 168 230 231
3 141 205 142
3 115 179 116
3 42 168 231
3 142 206 143
3 116 180 117
3 144 206 207
3 118 180 181
3 144 208 145
3 118 182 119
3 145 209 146
3 119 183 120
3 146 210 147
3 120 184 121
3 148 210 211
3 121 185 122
3 148 212 149
3 122 186 123
3 149 213 150
3 124 186 187
3 216 278 279
3 189 253 190
3 216 280 217
3 190 254 191
3 217 281 218
3 192 254 255
3 219 281 282
3 193 255 256
3 219 283 220
3 193 257 194
3 221 283 284
3 194 258 195
3 169 0 232
3 221 285 222
3 196 258 259
3 169 233 170
3 222 286 223
3 196 260 197
3 170 234 171
3 224 286 287
3 198 260 261
3 171 235 172
3 224 288 225
3 198 262 199
3 172 236 173
3 225 289 226
3 200 262 263
3 173 237 174
3 227 289 290
3 200 264 201
3 174 238 175
3 227 291 228
3 202 264 265
3 175 239 176
3 228 292 229
3 203 265 266
3 176 240 177
3 229 293 230
3 203 267 204
3 178 240 241
3 230 294 231
3 204 268 205
3 179 241 242
3 42 231 294
3 205 269 206
3 179 243 180
3 207 269 270
3 181 243 244
3 207 271 208
3 181 245 182
3 209 271 272
3 182 246 183
3 209 273 210
3 184 246 247
3 210 274 211
3 184 248 185
3 212 274 275
3 185 249 186
3 212 276 213
3 187 249 250
3 213 277 214
3 187 251 188
3 215 277 278
3 188 252 189
3 281 343 344
3 254 318 255
3 281 345 282
3 256 318 319
3 282 346 283
3 256 320 257
3 284 346 347
3 257 321 258
3 232 0 295
3 284 348 285
3 259 321 322
3 232 296 233
3 285 349 286
3 260 322 323
3 234 296 297
3 287 349 350
3 260 324 261
3 235 297 298
3 288 350 351
3 262 324 325
3 235 299 236
3 289 351 352
3 263 325 326
3 236 300 237
3 289 353 290
3 263 327 264
3 237 301 238
3 290 354 291
3 265 327 328
3 238 302 239
3 291 355 292
3 265 329 266
3 239 303 240
3 293 355 356
3 267 329 330
3 241 303 304
3 294 356 357
3 267 331 268
3 242 304 305
3 42 294 357
3 268 332 269
3 242 306 243
3 270 332 333
3 244 306 307
3 270 334 271
3 244 308 245
3 271 335 272
3 245 309 246
3 272 336 273
3 247 309 310
3 273 337 274
3 248 310 311
3 274 338 275
3 248 312 249
3 275 339 276
3 250 312 313
3 276 340 277
3 251 313 314
3 278 340 341
3 252 314 315
3 278 342 279
3 252 316 253
3 279 343 280
3 254 316 317
3 345 409 346
3 319 383 320
3 347 409 410
3 320 384 321
3 295 0 358
3 347 411 348
3 322 384 385
3 296 358 359
3 348 412 349
3 322 386 323
3 296 360 297
3 350 412 413
3 323 387 324
3 297 361 298
3 350 414 351
3 325 387 388
3 298 362 299
3 352 414 415
3 326 388 389
3 300 362 363
3 352 416 353
3 326 390 327
3 300 364 301
3 354 416 417
3 328 390 391
3 301 365 302
3 355 417 418
3 328 392 329
3 302 366 303
3 356 418 419
3 330 392 393
3 304 366 367
3 356 420 357
3 330 394 331
3 304 368 305
3 42 357 420
3 332 394 395
3 305 369 306
3 333 395 396
3 307 369 370
3 333 397 334
3 307 371 308
3 334 398 335
3 308 372 309
3 335 399 336
3 310 372 373
3 337 399 400
3 310 374 311
3 337 401 338
3 311 375 312
3 338 402 339
3 313 375 376
3 339 403 340
3 314 376 377
3 341 403 404
3 315 377 378
3 342 404 405
3 315 379 316
3 342 406 343
3 316 380 317
3 344 406 407
3 317 381 318
3 344 408 345
3 318 382 319
3 411 473 474
3 385 447 448
3 358 422 359
3 411 475 412
3 385 449 386
3 359 423 360
3 413 475 476
3 386 450 387
3 360 424 361
3 414 476 477
3 388 450 451
3 361 425 362
3 415 477 478
3 389 451 452
3 362 426 363
3 416 478 479
3 389 453 390
3 364 426 427
3 417 479 480
3 390 454 391
3 364 428 365
3 417 481 418
3 392 454 455
3 365 429 366
3 418 482 419
3 393 455 456
3 367 429 430
3 420 482 483
3 393 457 394
3 367 431 368
3 42 420 483
3 394 458 395
3 368 432 369
3 396 458 459
3 370 432 433
3 396 460 397
3 370 434 371
3 397 461 398
3 371 435 372
3 398 462 399
3 373 435 436
3 400 462 463
3 373 437 374
3 401 463 464
3 374 438 375
3 401 465 402
3 376 438 439
3 402 466 403
3 377 439 440
3 404 466 467
3 377 441 378
3 405 467 468
3 378 442 379
3 405 469 406
3 380 442 443
3 407 469 470
3 380 444 381
3 408 470 471
3 381 445 382
3 408 472 409
3 382 446 383
3 410 472 473
3 383 447 384
3 358 0 421
3 475 539 476
3 449 513 450
3 423 487 424
3 476 540 477
3 451 513 514
3 425 487 488
3 477 541 478
3 452 514 515
3 426 488 489
3 479 541 542
3 452 516 453
3 426 490 427
3 479 543 480
3 453 517 454
3 428 490 491
3 480 544 481
3 455 517 518
3 428 492 429
3 481 545 482
3 455 519 456
3 430 492 493
3 483 545 546
3 456 520 457
3 430 494 431
3 42 483 546
3 458 520 521
3 431 495 432
3 459 521 522
3 433 495 496
3 460 522 523
3 433 497 434
3 461 523 524
3 434 498 435
3 461 525 462
3 436 498 499
3 462 526 463
3 436 500 437
3 463 527 464
3 437 501 438
3 465 527 528
3 438 502 439
3 465 529 466
3 439 503 440
3 467 529 530
3 441 503 504
3 468 530 531
3 441 505 442
3 468 532 469
3 443 505 506
3 470 532 533
3 443 507 444
3 471 533 534
3 444 508 445
3 471 535 472
3 445 509 446
3 473 535 536
3 446 510 447
3 421 0 484
3 474 536 537
3 448 510 511
3 422 484 485
3 474 538 475
3 448 512 449
3 422 486 423
3 541 603 604
3 515 577 578
3 489 551 552
3 541 605 542
3 515 579 516
3 489 553 490
3 542 606 543
3 517 579 580
3 491 553 554
3 543 607 544
3 518 580 581
3 491 555 492
3 544 608 545
3 519 581 582
3 493 555 556
3 546 608 609
3 519 583 520
3 493 557 494
3 42 546 609
3 521 583 584
3 494 558 495
3 522 584 585
3 496 558 559
3 523 585 586
3 496 560 497
3 523 587 524
3 497 561 498
3 524 588 525
3 499 561 562
3 525 589 526
3 499 563 500
3 526 590 527
3 500 564 501
3 528 590 591
3 502 564 565
3 528 592 529
3 502 566 503
3 530 592 593
3 503 567 504
3 531 593 594
3 505 567 568
3 531 595 532
3 505 569 506
3 533 595 596
3 506 570 507
3 534 596 597
3 507 571 508
3 534 598 535
3 508 572 509
3 536 598 599
3 509 573 510
3 484 0 547
3 537 599 600
3 511 573 574
3 485 547 548
3 537 601 538
3 511 575 512
3 485 549 486
3 539 601 602
3 512 576 513
3 486 550 487
3 539 603 540
3 513 577 514
3 488 550 551
3 605 669 606
3 580 642 643
3 553 617 554
3 607 669 670
3 580 644 581
3 554 618 555
3 608 670 671
3 582 644 645
3 556 618 619
3 608 672 609
3 582 646 583
3 556 620 557
3 42 609 672
3 584 646 647
3 557 621 558
3 584 648 585
3 559 621 622
3 586 648 649
3 559 623 560
3 586 650 587
3 560 624 561
3 588 650 651
3 562 624 625
3 588 652 589
3 562 626 563
3 589 653 590
3 563 627 564
3 591 653 654
3 565 627 628
3 591 655 592
3 565 629 566
3 593 655 656
3 566 630 567
3 594 656 657
3 568 630 631
3 594 658 595
3 568 632 569
3 596 658 659
3 570 632 633
3 597 659 660
3 570 634 571
3 597 661 598
3 572 634 635
3 599 661 662
3 572 636 573
3 547 0 610
3 600 662 663
3 574 636 637
3 548 610 611
3 600 664 601
3 574 638 575
3 548 612 549
3 602 664 665
3 576 638 639
3 549 613 550
3 602 666 603
3 576 640 577
3 551 613 614
3 604 666 667
3 578 640 641
3 552 614 615
3 604 668 605
3 578 642 579
3 552 616 553
3 670 734 671
3 645 707 708
3 619 681 682
3 672 734 735
3 645 709 646
3 619 683 620
3 42 672 735
3 647 709 710
3 620 684 621
3 647 711 648
3 622 684 685
3 649 711 712
3 622 686 623
3 649 713 650
3 623 687 624
3 651 713 714
3 625 687 688
3 651 715 652
3 625 689 626
3 652 716 653
3 626 690 627
3 654 716 717
3 628 690 691
3 654 718 655
3 628 692 629
3 656 718 719
3 630 692 693
3 657 719 720
3 630 694 631
3 657 721 658
3 631 695 632
3 659 721 722
3 633 695 696
3 660 722 723
3 633 697 634
3 660 724 661
3 634 698 635
3 662 724 725
3 635 699 636
3 610 0 673
3 663 725 726
3 637 699 700
3 610 674 611
3 663 727 664
3 637 701 638
3 611 675 612
3 665 727 728
3 639 701 702
3 613 675 676
3 665 729 666
3 639 703 640
3 613 677 614
3 667 729 730
3 641 703 704
3 614 678 615
3 668 730 731
3 641 705 642
3 615 679 616
3 668 732 669
3 643 705 706
3 616 680 617
3 669 733 670
3 643 707 644
3 617 681 618
3 42 735 798
3 709 773 710
3 683 747 684
3 710 774 711
3 685 747 748
3 712 774 775
3 685 749 686
3 712 776 713
3 686 750 687
3 714 776 777
3 688 750 751
3 714 778 715
3 688 752 689
3 715 779 716
3 689 753 690
3 717 779 780
3 691 753 754
3 717 781 718
3 691 755 692
3 719 781 782
3 693 755 756
3 720 782 783
3 693 757 694
3 720 784 721
3 694 758 695
3 721 785 722
3 696 758 759
3 723 785 786
3 696 760 697
3 723 787 724
3 697 761 698
3 725 787 788
3 699 761 762
3 673 0 736
3 726 788 789
3 700 762 763
3 673 737 674
3 726 790 727
3 700 764 701
3 674 738 675
3 728 790 791
3 702 764 765
3 675 739 676
3 729 791 792
3 702 766 703
3 677 739 740
3 730 792 793
3 704 766 767
3 678 740 741
3 730 794 731
3 704 768 705
3 678 742 679
3 731 795 732
3 706 768 769
3 680 742 743
3 733 795 796
3 706 770 707
3 680 744 681
3 734 796 797
3 708 770 771
3 682 744 745
3 734 798 735
3 708 772 709
3 682 746 683
3 775 837 838
3 748 812 749
3 775 839 776
3 749 813 750
3 777 839 840
3 751 813 814
3 777 841 778
3 751 815 752
3 778 842 779
3 752 816 753
3 780 842 843
3 754 816 817
3 780 844 781
3 754 818 755
3 782 844 845
3 756 818 819
3 783 845 846
3 756 820 757
3 783 847 784
3 757 821 758
3 784 848 785
3 759 821 822
3 786 848 849
3 759 823 760
3 786 850 787
3 761 823 824
3 788 850 851
3 762 824 825
3 736 0 799
3 789 851 852
3 763 825 826
3 736 800 737
3 789 853 790
3 764 826 827
3 737 801 738
3 791 853 854
3 765 827 828
3 739 801 802
3 791 855 792
3 765 829 766
3 740 802 803
3 792 856 793
3 767 829 830
3 741 803 804
3 793 857 794
3 767 831 768
3 742 804 805
3 794 858 795
3 769 831 832
3 742 806 743
3 795 859 796
3 769 833 770
3 743 807 744
3 796 860 797
3 770 834 771
3 745 807 808
3 797 861 798
3 771 835 772
3 745 809 746
3 42 798 861
3 772 836 773
3 746 810 747
3 773 837 774
3 748 810 811
3 841 905 842
3 814 876 877
3 843 905 906
3 814 878 815
3 843 907 844
3 815 879 816
3 845 907 908
3 817 879 880
3 846 908 909
3 817 881 818
3 846 910 847
3 819 881 882
3 847 911 848
3 820 882 883
3 849 911 912
3 820 884 821
3 849 913 850
3 822 884 885
3 851 913 914
3 822 886 823
3 825 887 888
3 851 915 852
3 825 889 826
3 823 887 824
3 852 916 853
3 826 890 827
3 799 0 862
3 853 917 854
3 828 890 891
3 800 862 863
3 855 917 918
3 828 892 829
3 800 864 801
3 856 918 919
3 830 892 893
3 802 864 865
3 857 919 920
3 830 894 831
3 803 865 866
3 857 921 858
3 832 894 895
3 803 867 804
3 858 922 859
3 832 896 833
3 804 868 805
3 859 923 860
3 834 896 897
3 805 869 806
3 860 924 861
3 834 898 835
3 806 870 807
3 42 861 924
3 835 899 836
3 808 870 871
3 837 899 900
3 809 871 872
3 838 900 901
3 809 873 810
3 838 902 839
3 811 873 874
3 840 902 903
3 811 875 812
3 840 904 841
3 813 875 876
3 906 970 907
3 880 944 881
3 908 970 971
3 882 944 945
3 909 971 972
3 882 946 883
3 909 973 910
3 883 947 884
3 911 973 974
3 885 947 948
3 912 974 975
3 885 949 886
3 912 976 913
3 887 949 950
3 914 976 977
3 888 950 951
3 862 0 925
3 915 977 978
3 888 952 889
3 862 926 863
3 915 979 916
3 889 953 890
3 863 927 864
3 917 979 980
3 891 953 954
3 865 927 928
3 918 980 981
3 891 955 892
3 866 928 929
3 918 982 919
3 893 955 956
3 867 929 930
3 919 983 920
3 893 957 894
3 867 931 868
3 920 984 921
3 895 957 958
3 868 932 869
3 922 984 985
3 895 959 896
3 869 933 870
3 922 986 923
3 896 960 897
3 871 933 934
3 923 987 924
3 898 960 961
3 871 935 872
3 42 924 987
3 898 962 899
3 872 936 873
3 899 963 900
3 874 936 937
3 901 963 964
3 874 938 875
3 901 965 902
3 875 939 876
3 903 965 966
3 877 939 940
3 903 967 904
3 877 941 878
3 904 968 905
3 878 942 879
3 906 968 969
3 880 942 943
3 972 1034 1035
3 945 1009 946
3 972 1036 973
3 946 1010 947
3 973 1037 974
3 948 1010 1011
3 975 1037 1038
3 948 1012 949
3 975 1039 976
3 949 1013 950
3 977 1039 1040
3 951 1013 1014
3 925 0 988
3 977 1041 978
3 951 1015 952
3 925 989 926
3 978 1042 979
3 952 1016 953
3 926 990 927
3 980 1042 1043
3 954 1016 1017
3 928 990 991
3 981 1043 1044
3 954 1018 955
3 929 991 992
3 982 1044 1045
3 956 1018 1019
3 930 992 993
3 982 1046 983
3 956 1020 957
3 930 994 931
3 983 1047 984
3 958 1020 1021
3 931 995 932
3 984 1048 985
3 958 1022 959
3 932 996 933
3 986 1048 1049
3 960 1022 1023
3 934 996 997
3 986 1050 987
3 960 1024 961
3 934 998 935
3 42 987 1050
3 961 1025 962
3 935 999 936
3 963 1025 1026
3 937 999 1000
3 964 1026 1027
3 937 1001 938
3 964 1028 965
3 938 1002 939
3 966 1028 1029
3 940 1002 1003
3 966 1030 967
3 940 1004 941
3 967 1031 968
3 941 1005 942
3 969 1031 1032
3 943 1005 1006
3 969 1033 970
3 943 1007 944
3 971 1033 1034
3 945 1007 1008
3 1036 1100 1037
3 1011 1073 1074
3 1038 1100 1101
3 1011 1075 1012
3 1038 1102 1039
3 1012 1076 1013
3 1040 1102 1103
3 1014 1076 1077
3 988 0 1051
3 1040 1104 1041
3 1014 1078 1015
3 989 1051 1052
3 1041 1105 1042
3 1015 1079 1016
3 989 1053 990
3 1043 1105 1106
3 1017 1079 1080
3 990 1054 991
3 1044 1106 1107
3 1017 1081 1018
3 992 1054 1055
3 1045 1107 1108
3 1019 1081 1082
3 992 1056 993
3 1045 1109 1046
3 1019 1083 1020
3 993 1057 994
3 1046 1110 1047
3 1021 1083 1084
3 994 1058 995
3 1048 1110 1111
3 1021 1085 1022
3 995 1059 996
3 1049 1111 1112
3 1023 1085 1086
3 997 1059 1060
3 1049 1113 1050
3 1023 1087 1024
3 997 1061 998
3 42 1050 1113
3 1024 1088 1025
3 998 1062 999
3 1026 1088 1089
3 1000 1062 1063
3 1027 1089 1090
3 1000 1064 1001
3 1027 1091 1028
3 1002 1064 1065
3 1029 1091 1092
3 1003 1065 1066
3 1029 1093 1030
3 1003 1067 1004
3 1030 1094 1031
3 1004 1068 1005
3 1032 1094 1095
3 1006 1068 1069
3 1032 1096 1033
3 1006 1070 1007
3 1034 1096 1097
3 1008 1070 1071
3 1035 1097 1098
3 1008 1072 1009
3 1035 1099 1036
3 1009 1073 1010
3 1101 1165 1102
3 1075 1139 1076
3 1103 1165 1166
3 1077 1139 1140
3 1051 0 1114
3 1104 1166 1167
3 1077 1141 1078
3 1051 1115 1052
3 1104 1168 1105
3 1078 1142 1079
3 1052 1116 1053
3 1106 1168 1169
3 1080 1142 1143
3 1053 1117 1054
3 1107 1169 1170
3 1080 1144 1081
3 1055 1117 1118
3 1108 1170 1171
3 1082 1144 1145
3 1055 1119 1056
3 1109 1171 1172
3 1082 1146 1083
3 1056 1120 1057
3 1109 1173 1110
3 1084 1146 1147
3 1058 1120 1121
3 1110 1174 1111
3 1084 1148 1085
3 1059 1121 1122
3 1111 1175 1112
3 1086 1148 1149
3 1060 1122 1123
3 1112 1176 1113
3 1086 1150 1087
3 1060 1124 1061
3 42 1113 1176
3 1087 1151 1088
3 1061 1125 1062
3 1089 1151 1152
3 1063 1125 1126
3 1090 1152 1153
3 1063 1127 1064
3 1090 1154 1091
3 1065 1127 1128
3 1092 1154 1155
3 1066 1128 1129
3 1092 1156 1093
3 1066 1130 1067
3 1093 1157 1094
3 1067 1131 1068
3 1095 1157 1158
3 1069 1131 1132
3 1095 1159 1096
3 1069 1133 1070
3 1097 1159 1160
3 1071 1133 1134
3 1098 1160 1161
3 1071 1135 1072
3 1098 1162 1099
3 1072 1136 1073
3 1099 1163 1100
3 1074 1136 1137
3 1101 1163 1164
3 1074 1138 1075
3 1166 1230 1167
3 1141 1203 1204
3 1114 1178 1115
3 1167 1231 1168
3 1141 1205 1142
3 1115 1179 1116
3 1169 1231 1232
3 1143 1205 1206
3 1116 1180 1117
3 1170 1232 1233
3 1143 1207 1144
3 1118 1180 1181
3 1170 1234 1171
3 1145 1207 1208
3 1119 1181 1182
3 1171 1235 1172
3 1145 1209 1146
3 1120 1182 1183
3 1172 1236 1173
3 1147 1209 1210
3 1120 1184 1121
3 1173 1237 1174
3 1147 1211 1148
3 1121 1185 1122
3 1175 1237 1238
3 1149 1211 1212
3 1123 1185 1186
3 1175 1239 1176
3 1149 1213 1150
3 1124 1186 1187
3 42 1176 1239
3 1150 1214 1151
3 1124 1188 1125
3 1151 1215 1152
3 1126 1188 1189
3 1153 1215 1216
3 1126 1190 1127
3 1153 1217 1154
3 1127 1191 1128
3 1155 1217 1218
3 1129 1191 1192
3 1155 1219 1156
3 1129 1193 1130
3 1156 1220 1157
3 1130 1194 1131
3 1158 1220 1221
3 1132 1194 1195
3 1158 1222 1159
3 1132 1196 1133
3 1160 1222 1223
3 1134 1196 1197
3 1161 1223 1224
3 1135 1197 1198
3 1161 1225 1162
3 1135 1199 1136
3 1163 1225 1226
3 1137 1199 1200
3 1164 1226 1227
3 1137 1201 1138
3 1164 1228 1165
3 1139 1201 1202
3 1166 1228 1229
3 1140 1202 1203
3 1114 0 1177
3 1231 1295 1232
3 1206 1268 1269
3 1180 1242 1243
3 1232 1296 1233
3 1206 1270 1207
3 1180 1244 1181
3 1233 1297 1234
3 1208 1270 1271
3 1181 1245 1182
3 1235 1297 1298
3 1208 1272 1209
3 1182 1246 1183
3 1235 1299 1236
3 1210 1272 1273
3 1184 1246 1247
3 1236 1300 1237
3 1210 1274 1211
3 1184 1248 1185
3 1237 1301 1238
3 1212 1274 1275
3 1186 1248 1249
3 1239 1301 1302
3 1212 1276 1213
3 1187 1249 1250
3 42 1239 1302
3 1213 1277 1214
3 1187 1251 1188
3 1214 1278 1215
3 1189 1251 1252
3 1216 1278 1279
3 1189 1253 1190
3 1216 1280 1217
3 1191 1253 1254
3 1218 1280 1281
3 1192 1254 1255
3 1218 1282 1219
3 1192 1256 1193
3 1219 1283 1220
3 1193 1257 1194
3 1221 1283 1284
3 1195 1257 1258
3 1221 1285 1222
3 1195 1259 1196
3 1223 1285 1286
3 1197 1259 1260
3 1224 1286 1287
3 1198 1260 1261
3 1224 1288 1225
3 1198 1262 1199
3 1225 1289 1226
3 1200 1262 1263
3 1227 1289 1290
3 1200 1264 1201
3 1227 1291 1228
3 1202 1264 1265
3 1229 1291 1292
3 1203 1265 1266
3 1177 0 1240
3 1229 1293 1230
3 1203 1267 1204
3 1178 1240 1241
3 1230 1294 1231
3 1204 1268 1205
3 1178 1242 1179
3 1297 1359 1360
3 1271 1333 1334
3 1244 1308 1245
3 1298 1360 1361
3 1271 1335 1272
3 1245 1309 1246
3 1298 1362 1299
3 1273 1335 1336
3 1247 1309 1310
3 1299 1363 1300
3 1273 1337 1274
3 1247 1311 1248
3 1301 1363 1364
3 1274 1338 1275
3 1249 1311 1312
3 1302 1364 1365
3 1275 1339 1276
3 1250 1312 1313
3 42 1302 1365
3 1276 1340 1277
3 1250 1314 1251
3 1277 1341 1278
3 1252 1314 1315
3 1279 1341 1342
3 1252 1316 1253
3 1279 1343 1280
3 1253 1317 1254
3 1281 1343 1344
3 1255 1317 1318
3 1281 1345 1282
3 1255 1319 1256
3 1282 1346 1283
3 1256 1320 1257
3 1284 1346 1347
3 1258 1320 1321
3 1284 1348 1285
3 1258 1322 1259
3 1286 1348 1349
3 1260 1322 1323
3 1287 1349 1350
3 1261 1323 1324
3 1287 1351 1288
3 1261 1325 1262
3 1289 1351 1352
3 1263 1325 1326
3 1290 1352 1353
3 1263 1327 1264
3 1290 1354 1291
3 1265 1327 1328
3 1292 1354 1355
3 1266 1328 1329
3 1240 0 1303
3 1292 1356 1293
3 1267 1329 1330
3 1240 1304 1241
3 1293 1357 1294
3 1268 1330 1331
3 1241 1305 1242
3 1295 1357 1358
3 1269 1331 1332
3 1243 1305 1306
3 1295 1359 1296
3 1269 1333 1270
3 1244 1306 1307
3 1361 1425 1362
3 1336 1398 1399
3 1309 1373 1310
3 1363 1425 1426
3 1336 1400 1337
3 1310 1374 1311
3 1364 1426 1427
3 1337 1401 1338
3 1311 1375 1312
3 1364 1428 1365
3 1338 1402 1339
3 1313 1375 1376
3 42 1365 1428
3 1339 1403 1340
3 1313 1377 1314
3 1340 1404 1341
3 1315 1377 1378
3 1342 1404 1405
3 1315 1379 1316
3 1342 1406 1343
3 1316 1380 1317
3 1344 1406 1407
3 1318 1380 1381
3 1344 1408 1345
3 1318 1382 1319
3 1345 1409 1346
3 1319 1383 1320
3 1347 1409 1410
3 1321 1383 1384
3 1347 1411 1348
3 1321 1385 1322
3 1349 1411 1412
3 1323 1385 1386
3 1350 1412 1413
3 1324 1386 1387
3 1350 1414 1351
3 1324 1388 1325
3 1352 1414 1415
3 1326 1388 1389
3 1353 1415 1416
3 1326 1390 1327
3 1353 1417 1354
3 1328 1390 1391
3 1355 1417 1418
3 1328 1392 1329
3 1303 0 1366
3 1355 1419 1356
3 1329 1393 1330
3 1304 1366 1367
3 1357 1419 1420
3 1330 1394 1331
3 1304 1368 1305
3 1358 1420 1421
3 1332 1394 1395
3 1305 1369 1306
3 1358 1422 1359
3 1332 1396 1333
3 1306 1370 1307
3 1360 1422 1423
3 1334 1396 1397
3 1307 1371 1308
3 1360 1424 1361
3 1334 1398 1335
3 1308 1372 1309
3 1426 1490 1427
3 1400 1464 1401
3 1375 1437 1438
3 1428 1490 1491
3 1401 1465 1402
3 1376 1438 1439
3 42 1428 1491
3 1402 1466 1403
3 1376 1440 1377
3 1403 1467 1404
3 1378 1440 1441
3 1405 1467 1468
3 1378 1442 1379
3 1405 1469 1406
3 1379 1443 1380
3 1407 1469 1470
3 1381 1443 1444
3 1407 1471 1408
3 1381 1445 1382
3 1408 1472 1409
3 1382 1446 1383
3 1410 1472 1473
3 1384 1446 1447
3 1410 1474 1411
3 1384 1448 1385
3 1412 1474 1475
3 1386 1448 1449
3 1413 1475 1476
3 1387 1449 1450
3 1413 1477 1414
3 1387 1451 1388
3 1415 1477 1478
3 1389 1451 1452
3 1416 1478 1479
3 1389 1453 1390
3 1416 1480 1417
3 1391 1453 1454
3 1418 1480 1481
3 1391 1455 1392
3 1366 0 1429
3 1418 1482 1419
3 1393 1455 1456
3 1367 1429 1430
3 1419 1483 1420
3 1393 1457 1394
3 1367 1431 1368
3 1421 1483 1484
3 1395 1457 1458
3 1369 1431 1432
3 1421 1485 1422
3 1395 1459 1396
3 1370 1432 1433
3 1423 1485 1486
3 1397 1459 1460
3 1370 1434 1371
3 1423 1487 1424
3 1397 1461 1398
3 1371 1435 1372
3 1424 1488 1425
3 1398 1462 1399
3 1372 1436 1373
3 1425 1489 1426
3 1399 1463 1400
3 1373 1437 1374
3 42 1491 1554
3 1465 1529 1466
3 1439 1503 1440
3 1466 1530 1467
3 1441 1503 1504
3 1468 1530 1531
3 1441 1505 1442
3 1468 1532 1469
3 1442 1506 1443
3 1469 1533 1470
3 1444 1506 1507
3 1470 1534 1471
3 1444 1508 1445
3 1471 1535 1472
3 1445 1509 1446
3 1473 1535 1536
3 1447 1509 1510
3 1473 1537 1474
3 1447 1511 1448
3 1475 1537 1538
3 1449 1511 1512
3 1476 1538 1539
3 1450 1512 1513
3 1476 1540 1477
3 1450 1514 1451
3 1478 1540 1541
3 1452 1514 1515
3 1479 1541 1542
3 1452 1516 1453
3 1479 1543 1480
3 1454 1516 1517
3 1481 1543 1544
3 1454 1518 1455
3 1429 0 1492
3 1481 1545 1482
3 1456 1518 1519
3 1429 1493 1430
3 1482 1546 1483
3 1456 1520 1457
3 1430 1494 1431
3 1484 1546 1547
3 1458 1520 1521
3 1431 1495 1432
3 1484 1548 1485
3 1459 1521 1522
3 1433 1495 1496
3 1485 1549 1486
3 1460 1522 1523
3 1433 1497 1434
3 1487 1549 1550
3 1460 1524 1461
3 1434 1498 1435
3 1487 1551 1488
3 1461 1525 1462
3 1435 1499 1436
3 1489 1551 1552
3 1462 1526 1463
3 1436 1500 1437
3 1489 1553 1490
3 1464 1526 1527
3 1438 1500 1501
3 1491 1553 1554
3 1464 1528 1465
3 1439 1501 1502
3 1531 1593 1594
3 1504 1568 1505
3 1531 1595 1532
3 1505 1569 1506
3 1533 1595 1596
3 1507 1569 1570
3 1533 1597 1534
3 1507 1571 1508
3 1534 1598 1535
3 1508 1572 1509
3 1536 1598 1599
3 1510 1572 1573
3 1536 1600 1537
3 1510 1574 1511
3 1538 1600 1601
3 1512 1574 1575
3 1539 1601 1602
3 1513 1575 1576
3 1539 1603 1540
3 1513 1577 1514
3 1541 1603 1604
3 1515 1577 1578
3 1542 1604 1605
3 1515 1579 1516
3 1542 1606 1543
3 1517 1579 1580
3 1544 1606 1607
3 1517 1581 1518
3 1492 0 1555
3 1544 1608 1545
3 1519 1581 1582
3 1492 1556 1493
3 1545 1609 1546
3 1519 1583 1520
3 1493 1557 1494
3 1547 1609 1610
3 1521 1583 1584
3 1494 1558 1495
3 1548 1610 1611
3 1521 1585 1522
3 1496 1558 1559
3 1548 1612 1549
3 1522 1586 1523
3 1496 1560 1497
3 1549 1613 1550
3 1523 1587 1524
3 1497 1561 1498
3 1550 1614 1551
3 1524 1588 1525
3 1498 1562 1499
3 1552 1614 1615
3 1525 1589 1526
3 1499 1563 1500
3 1553 1615 1616
3 1527 1589 1590
3 1501 1563 1564
3 1554 1616 1617
3 1527 1591 1528
3 1502 1564 1565
3 42 1554 1617
3 1529 1591 1592
3 1502 1566 1503
3 1529 1593 1530
3 1504 1566 1567
3 1596 1658 1659
3 1570 1632 1633
3 1596 1660 1597
3 1570 1634 1571
3 1597 1661 1598
3 1571 1635 1572
3 1599 1661 1662
3 1573 1635 1636
3 1599 1663 1600
3 1573 1637 1574
3 1601 1663 1664
3 1575 1637 1638
3 1602 1664 1665
3 1576 1638 1639
3 1602 1666 1603
3 1576 1640 1577
3 1604 1666 1667
3 1578 1640 1641
3 1605 1667 1668
3 1578 1642 1579
3 1605 1669 1606
3 1580 1642 1643
3 1607 1669 1670
3 1580 1644 1581
3 1555 0 1618
3 1607 1671 1608
3 1581 1645 1582
3 1555 1619 1556
3 1608 1672 1609
3 1582 1646 1583
3 1556 1620 1557
3 1610 1672 1673
3 1584 1646 1647
3 1557 1621 1558
3 1611 1673 1674
3 1584 1648 1585
3 1558 1622 1559
3 1611 1675 1612
3 1586 1648 1649
3 1559 1623 1560
3 1613 1675 1676
3 1586 1650 1587
3 1561 1623 1624
3 1613 1677 1614
3 1587 1651 1588
3 1561 1625 1562
3 1615 1677 1678
3 1588 1652 1589
3 1562 1626 1563
3 1616 1678 1679
3 1589 1653 1590
3 1564 1626 1627
3 1617 1679 1680
3 1591 1653 1654
3 1564 1628 1565
3 42 1617 1680
3 1592 1654 1655
3 1565 1629 1566
3 1592 1656 1593
3 1567 1629 1630
3 1594 1656 1657
3 1567 1631 1568
3 1594 1658 1595
3 1568 1632 1569
3 1678 1740 1741
3 1651 1715 1652
3 1625 1689 1626
3 1679 1741 1742
3 1652 1716 1653
3 1627 1689 1690
3 1680 1742 1743
3 1654 1716 1717
3 1628 1690 1691
3 42 1680 1743
3 1654 1718 1655
3 1628 1692 1629
3 1655 1719 1656
3 1630 1692 1693
3 1657 1719 1720
3 1630 1694 1631
3 1657 1721 1658
3 1631 1695 1632
3 1659 1721 1722
3 1633 1695 1696
3 1659 1723 1660
3 1633 1697 1634
3 1660 1724 1661
3 1634 1698 1635
3 1662 1724 1725
3 1636 1698 1699
3 1662 1726 1663
3 1636 1700 1637
3 1664 1726 1727
3 1638 1700 1701
3 1665 1727 1728
3 1639 1701 1702
3 1665 1729 1666
3 1639 1703 1640
3 1667 1729 1730
3 1641 1703 1704
3 1668 1730 1731
3 1641 1705 1642
3 1668 1732 1669
3 1643 1705 1706
3 1670 1732 1733
3 1643 1707 1644
3 1618 0 1681
3 1671 1733 1734
3 1644 1708 1645
3 1618 1682 1619
3 1671 1735 1672
3 1645 1709 1646
3 1619 1683 1620
3 1673 1735 1736
3 1647 1709 1710
3 1620 1684 1621
3 1673 1737 1674
3 1647 1711 1648
3 1622 1684 1685
3 1674 1738 1675
3 1649 1711 1712
3 1622 1686 1623
3 1676 1738 1739
3 1649 1713 1650
3 1624 1686 1687
3 1676 1740 1677
3 1651 1713 1714
3 1624 1688 1625
3 1743 1805 1806
3 1717 1779 1780
3 1690 1754 1691
3 42 1743 1806
3 1718 1780 1781
3 1691 1755 1692
3 1718 1782 1719
3 1693 1755 1756
3 1720 1782 1783
3 1693 1757 1694
3 1720 1784 1721
3 1694 1758 1695
3 1722 1784 1785
3 1696 1758 1759
3 1722 1786 1723
3 1696 1760 1697
3 1723 1787 1724
3 1697 1761 1698
3 1725 1787 1788
3 1699 1761 1762
3 1725 1789 1726
3 1699 1763 1700
3 1727 1789 1790
3 1701 1763 1764
3 1728 1790 1791
3 1702 1764 1765
3 1728 1792 1729
3 1702 1766 1703
3 1730 1792 1793
3 1704 1766 1767
3 1731 1793 1794
3 1704 1768 1705
3 1731 1795 1732
3 1706 1768 1769
3 1733 1795 1796
3 1706 1770 1707
3 1681 0 1744
3 1733 1797 1734
3 1707 1771 1708
3 1681 1745 1682
3 1734 1798 1735
3 1708 1772 1709
3 1682 1746 1683
3 1736 1798 1799
3 1710 1772 1773
3 1683 1747 1684
3 1737 1799 1800
3 1710 1774 1711
3 1685 1747 1748
3 1737 1801 1738
3 1712 1774 1775
3 1685 1749 1686
3 1738 1802 1739
3 1712 1776 1713
3 1687 1749 1750
3 1739 1803 1740
3 1714 1776 1777
3 1687 1751 1688
3 1741 1803 1804
3 1714 1778 1715
3 1688 1752 1689
3 1742 1804 1805
3 1715 1779 1716
3 1690 1752 1753
3 1781 1845 1782
3 1756 1818 1819
3 1783 1845 1846
3 1756 1820 1757
3 1783 1847 1784
3 1757 1821 1758
3 1785 1847 1848
3 1759 1821 1822
3 1785 1849 1786
3 1759 1823 1760
3 1786 1850 1787
3 1760 1824 1761
3 1788 1850 1851
3 1762 1824 1825
3 1788 1852 1789
3 1762 1826 1763
3 1790 1852 1853
3 1764 1826 1827
3 1791 1853 1854
3 1765 1827 1828
3 1791 1855 1792
3 1765 1829 1766
3 1793 1855 1856
3 1767 1829 1830
3 1794 1856 1857
3 1767 1831 1768
3 1794 1858 1795
3 1769 1831 1832
3 1796 1858 1859
3 1770 1832 1833
3 1744 0 1807
3 1796 1860 1797
3 1770 1834 1771
3 1745 1807 1808
3 1797 1861 1798
3 1771 1835 1772
3 1745 1809 1746
3 1799 1861 1862
3 1773 1835 1836
3 1747 1809 1810
3 1800 1862 1863
3 1773 1837 1774
3 1748 1810 1811
3 1800 1864 1801
3 1775 1837 1838
3 1748 1812 1749
3 1802 1864 1865
3 1775 1839 1776
3 1750 1812 1813
3 1802 1866 1803
3 1777 1839 1840
3 1750 1814 1751
3 1803 1867 1804
3 1777 1841 1778
3 1751 1815 1752
3 1805 1867 1868
3 1778 1842 1779
3 1753 1815 1816
3 1805 1869 1806
3 1780 1842 1843
3 1753 1817 1754
3 42 1806 1869
3 1780 1844 1781
3 1754 1818 1755
3 1846 1910 1847
3 1820 1884 1821
3 1848 1910 1911
3 1822 1884 1885
3 1848 1912 1849
3 1822 1886 1823
3 1849 1913 1850
3 1823 1887 1824
3 1851 1913 1914
3 1825 1887 1888
3 1851 1915 1852
3 1825 1889 1826
3 1853 1915 1916
3 1827 1889 1890
3 1854 1916 1917
3 1828 1890 1891
3 1854 1918 1855
3 1828 1892 1829
3 1856 1918 1919
3 1830 1892 1893
3 1857 1919 1920
3 1830 1894 1831
3 1857 1921 1858
3 1832 1894 1895
3 1859 1921 1922
3 1833 1895 1896
3 1807 0 1870
3 1859 1923 1860
3 1833 1897 1834
3 1807 1871 1808
3 1860 1924 1861
3 1834 1898 1835
3 1808 1872 1809
3 1861 1925 1862
3 1836 1898 1899
3 1809 1873 1810
3 1863 1925 1926
3 1836 1900 1837
3 1811 1873 1874
3 1863 1927 1864
3 1838 1900 1901
3 1811 1875 1812
3 1865 1927 1928
3 1838 1902 1839
3 1813 1875 1876
3 1865 1929 1866
3 1840 1902 1903
3 1813 1877 1814
3 1867 1929 1930
3 1840 1904 1841
3 1815 1877 1878
3 1868 1930 1931
3 1842 1904 1905
3 1816 1878 1879
3 1868 1932 1869
3 1843 1905 1906
3 1817 1879 1880
3 42 1869 1932
3 1843 1907 1844
3 1817 1881 1818
3 1844 1908 1845
3 1819 1881 1882
3 1846 1908 1909
3 1819 1883 1820
3 1911 1975 1912
3 1885 1949 1886
3 1912 1976 1913
3 1886 1950 1887
3 1914 1976 1977
3 1888 1950 1951
3 1914 1978 1915
3 1888 1952 1889
3 1916 1978 1979
3 1890 1952 1953
3 1917 1979 1980
3 1891 1953 1954
3 1917 1981 1918
3 1891 1955 1892
3 1918 1982 1919
3 1893 1955 1956
3 1920 1982 1983
3 1893 1957 1894
3 1920 1984 1921
3 1895 1957 1958
3 1922 1984 1985
3 1896 1958 1959
3 1870 0 1933
3 1923 1985 1986
3 1896 1960 1897
3 1870 1934 1871
3 1923 1987 1924
3 1897 1961 1898
3 1871 1935 1872
3 1924 1988 1925
3 1899 1961 1962
3 1872 1936 1873
3 1926 1988 1989
3 1899 1963 1900
3 1874 1936 1937
3 1926 1990 1927
3 1901 1963 1964
3 1875 1937 1938
3 1927 1991 1928
3 1901 1965 1902
3 1876 1938 1939
3 1928 1992 1929
3 1903 1965 1966
3 1876 1940 1877
3 1929 1993 1930
3 1903 1967 1904
3 1877 1941 1878
3 1931 1993 1994
3 1905 1967 1968
3 1879 1941 1942
3 1931 1995 1932
3 1906 1968 1969
3 1879 1943 1880
3 42 1932 1995
3 1906 1970 1907
3 1880 1944 1881
3 1907 1971 1908
3 1882 1944 1945
3 1909 1971 1972
3 1882 1946 1883
3 1909 1973 1910
3 1883 1947 1884
3 1911 1973 1974
3 1885 1947 1948
3 1977 2039 2040
3 1951 2013 2014
3 1977 2041 1978
3 1951 2015 1952
3 1979 2041 2042
3 1953 2015 2016
3 1980 2042 2043
3 1954 2016 2017
3 1980 2044 1981
3 1954 2018 1955
3 1981 2045 1982
3 1956 2018 2019
3 1983 2045 2046
3 1956 2020 1957
3 1983 2047 1984
3 1958 2020 2021
3 1985 2047 2048
3 1959 2021 2022
3 1933 0 1996
3 1985 2049 1986
3 1959 2023 1960
3 1933 1997 1934
3 1986 2050 1987
3 1960 2024 1961
3 1934 1998 1935
3 1988 2050 2051
3 1962 2024 2025
3 1936 1998 1999
3 1989 2051 2052
3 1962 2026 1963
3 1937 1999 2000
3 1989 2053 1990
3 1964 2026 2027
3 1937 2001 1938
3 1991 2053 2054
3 1964 2028 1965
3 1938 2002 1939
3 1991 2055 1992
3 1966 2028 2029
3 1939 2003 1940
3 1992 2056 1993
3 1966 2030 1967
3 1940 2004 1941
3 1993 2057 1994
3 1968 2030 2031
3 1942 2004 2005
3 1994 2058 1995
3 1969 2031 2032
3 1942 2006 1943
3 42 1995 2058
3 1969 2033 1970
3 1943 2007 1944
3 1970 2034 1971
3 1945 2007 2008
3 1972 2034 2035
3 1945 2009 1946
3 1972 2036 1973
3 1946 2010 1947
3 1974 2036 2037
3 1948 2010 2011
3 1974 2038 1975
3 1948 2012 1949
3 1975 2039 1976
3 1949 2013 1950
3 2042 2104 2105
3 2016 2078 2079
3 2043 2105 2106
3 2017 2079 2080
3 2043 2107 2044
3 2017 2081 2018
3 2044 2108 2045
3 2019 2081 2082
3 2046 2108 2109
3 2019 2083 2020
3 2046 2110 2047
3 2021 2083 2084
3 2048 2110 2111
3 2022 2084 2085
3 1996 0 2059
3 2049 2111 2112
3 2022 2086 2023
3 1996 2060 1997
3 2049 2113 2050
3 2023 2087 2024
3 1997 2061 1998
3 2051 2113 2114
3 2025 2087 2088
3 1998 2062 1999
3 2052 2114 2115
3 2025 2089 2026
3 2000 2062 2063
3 2052 2116 2053
3 2027 2089 2090
3 2001 2063 2064
3 2054 2116 2117
3 2027 2091 2028
3 2002 2064 2065
3 2054 2118 2055
3 2029 2091 2092
3 2002 2066 2003
3 2056 2118 2119
3 2029 2093 2030
3 2003 2067 2004
3 2057 2119 2120
3 2031 2093 2094
3 2005 2067 2068
3 2057 2121 2058
3 2032 2094 2095
3 2006 2068 2069
3 42 2058 2121
3 2032 2096 2033
3 2006 2070 2007
3 2033 2097 2034
3 2008 2070 2071
3 2035 2097 2098
3 2008 2072 2009
3 2035 2099 2036
3 2009 2073 2010
3 2037 2099 2100
3 2011 2073 2074
3 2037 2101 2038
3 2011 2075 2012
3 2038 2102 2039
3 2012 2076 2013
3 2040 2102 2103
3 2014 2076 2077
3 2040 2104 2041
3 2014 2078 2015
3 2106 2170 2107
3 2080 2144 2081
3 2108 2170 2171
3 2082 2144 2145
3 2109 2171 2172
3 2082 2146 2083
3 2109 2173 2110
3 2084 2146 2147
3 2111 2173 2174
3 2085 2147 2148
3 2059 0 2122
3 2112 2174 2175
3 2085 2149 2086
3 2060 2122 2123
3 2112 2176 2113
3 2086 2150 2087
3 2060 2124 2061
3 2114 2176 2177
3 2088 2150 2151
3 2062 2124 2125
3 2115 2177 2178
3 2088 2152 2089
3 2063 2125 2126
3 2115 2179 2116
3 2090 2152 2153
3 2063 2127 2064
3 2117 2179 2180
3 2090 2154 2091
3 2065 2127 2128
3 2117 2181 2118
3 2092 2154 2155
3 2065 2129 2066
3 2119 2181 2182
3 2092 2156 2093
3 2066 2130 2067
3 2120 2182 2183
3 2094 2156 2157
3 2068 2130 2131
3 2121 2183 2184
3 2095 2157 2158
3 2068 2132 2069
3 42 2121 2184
3 2095 2159 2096
3 2069 2133 2070
3 2096 2160 2097
3 2071 2133 2134
3 2098 2160 2161
3 2071 2135 2072
3 2098 2162 2099
3 2073 2135 2136
3 2100 2162 2163
3 2074 2136 2137
3 2100 2164 2101
3 2074 2138 2075
3 2101 2165 2102
3 2075 2139 2076
3 2103 2165 2166
3 2077 2139 2140
3 2103 2167 2104
3 2077 2141 2078
3 2105 2167 2168
3 2079 2141 2142
3 2106 2168 2169
3 2080 2142 2143
3 2172 2234 2235
3 2145 2209 2146
3 2172 2236 2173
3 2147 2209 2210
3 2174 2236 2237
3 2148 2210 2211
3 2122 0 2185
3 2174 2238 2175
3 2148 2212 2149
3 2122 2186 2123
3 2175 2239 2176
3 2149 2213 2150
3 2123 2187 2124
3 2177 2239 2240
3 2151 2213 2214
3 2124 2188 2125
3 2178 2240 2241
3 2151 2215 2152
3 2126 2188 2189
3 2178 2242 2179
3 2153 2215 2216
3 2126 2190 2127
3 2180 2242 2243
3 2153 2217 2154
3 2128 2190 2191
3 2180 2244 2181
3 2155 2217 2218
3 2128 2192 2129
3 2181 2245 2182
3 2155 2219 2156
3 2129 2193 2130
3 2183 2245 2246
3 2157 2219 2220
3 2131 2193 2194
3 2183 2247 2184
3 2158 2220 2221
3 2132 2194 2195
3 42 2184 2247
3 2158 2222 2159
3 2132 2196 2133
3 2159 2223 2160
3 2134 2196 2197
3 2161 2223 2224
3 2134 2198 2135
3 2161 2225 2162
3 2135 2199 2136
3 2163 2225 2226
3 2137 2199 2200
3 2163 2227 2164
3 2137 2201 2138
3 2164 2228 2165
3 2138 2202 2139
3 2166 2228 2229
3 2140 2202 2203
3 2166 2230 2167
3 2140 2204 2141
3 2168 2230 2231
3 2142 2204 2205
3 2169 2231 2232
3 2143 2205 2206
3 2169 2233 2170
3 2143 2207 2144
3 2170 2234 2171
3 2145 2207 2208
3 2237 2299 2300
3 2211 2273 2274
3 2185 0 2248
3 2237 2301 2238
3 2211 2275 2212
3 2185 2249 2186
3 2238 2302 2239
3 2212 2276 2213
3 2186 2250 2187
3 2240 2302 2303
3 2214 2276 2277
3 2187 2251 2188
3 2241 2303 2304
3 2214 2278 2215
3 2189 2251 2252
3 2241 2305 2242
3 2216 2278 2279
3 2189 2253 2190
3 2243 2305 2306
3 2216 2280 2217
3 2191 2253 2254
3 2243 2307 2244
3 2218 2280 2281
3 2191 2255 2192
3 2245 2307 2308
3 2218 2282 2219
3 2192 2256 2193
3 2246 2308 2309
3 2220 2282 2283
3 2194 2256 2257
3 2247 2309 2310
3 2221 2283 2284
3 2195 2257 2258
3 42 2247 2310
3 2221 2285 2222
3 2195 2259 2196
3 2222 2286 2223
3 2197 2259 2260
3 2224 2286 2287
3 2197 2261 2198
3 2224 2288 2225
3 2198 2262 2199
3 2226 2288 2289
3 2200 2262 2263
3 2226 2290 2227
3 2200 2264 2201
3 2227 2291 2228
3 2201 2265 2202
3 2229 2291 2292
3 2203 2265 2266
3 2229 2293 2230
3 2203 2267 2204
3 2231 2293 2294
3 2205 2267 2268
3 2232 2294 2295
3 2206 2268 2269
3 2232 2296 2233
3 2206 2270 2207
3 2233 2297 2234
3 2208 2270 2271
3 2235 2297 2298
3 2208 2272 2209
3 2235 2299 2236
3 2210 2272 2273
3 2301 2365 2302
3 2275 2339 2276
3 2249 2313 2250
3 2303 2365 2366
3 2277 2339 2340
3 2250 2314 2251
3 2304 2366 2367
3 2277 2341 2278
3 2252 2314 2315
3 2304 2368 2305
3 2279 2341 2342
3 2252 2316 2253
3 2306 2368 2369
3 2279 2343 2280
3 2254 2316 2317
3 2306 2370 2307
3 2281 2343 2344
3 2254 2318 2255
3 2308 2370 2371
3 2281 2345 2282
3 2255 2319 2256
3 2309 2371 2372
3 2283 2345 2346
3 2257 2319 2320
3 2310 2372 2373
3 2284 2346 2347
3 2258 2320 2321
3 42 2310 2373
3 2284 2348 2285
3 2258 2322 2259
3 2285 2349 2286
3 2260 2322 2323
3 2287 2349 2350
3 2260 2324 2261
3 2287 2351 2288
3 2261 2325 2262
3 2289 2351 2352
3 2263 2325 2326
3 2289 2353 2290
3 2263 2327 2264
3 2290 2354 2291
3 2264 2328 2265
3 2292 2354 2355
3 2266 2328 2329
3 2292 2356 2293
3 2266 2330 2267
3 2294 2356 2357
3 2268 2330 2331
3 2295 2357 2358
3 2269 2331 2332
3 2295 2359 2296
3 2269 2333 2270
3 2297 2359 2360
3 2271 2333 2334
3 2298 2360 2361
3 2271 2335 2272
3 2298 2362 2299
3 2273 2335 2336
3 2300 2362 2363
3 2274 2336 2337
3 2248 0 2311
3 2300 2364 2301
3 2274 2338 2275
3 2248 2312 2249
3 2367 2429 2430
3 2340 2404 2341
3 2314 2378 2315
3 2367 2431 2368
3 2342 2404 2405
3 2315 2379 2316
3 2368 2432 2369
3 2342 2406 2343
3 2317 2379 2380
3 2369 2433 2370
3 2344 2406 2407
3 2317 2381 2318
3 2371 2433 2434
3 2344 2408 2345
3 2318 2382 2319
3 2372 2434 2435
3 2345 2409 2346
3 2320 2382 2383
3 2373 2435 2436
3 2347 2409 2410
3 2321 2383 2384
3 42 2373 2436
3 2347 2411 2348
3 2321 2385 2322
3 2348 2412 2349
3 2323 2385 2386
3 2350 2412 2413
3 2323 2387 2324
3 2350 2414 2351
3 2324 2388 2325
3 2352 2414 2415
3 2326 2388 2389
3 2352 2416 2353
3 2326 2390 2327
3 2353 2417 2354
3 2327 2391 2328
3 2355 2417 2418
3 2329 2391 2392
3 2355 2419 2356
3 2329 2393 2330
3 2357 2419 2420
3 2331 2393 2394
3 2358 2420 2421
3 2332 2394 2395
3 2358 2422 2359
3 2332 2396 2333
3 2360 2422 2423
3 2334 2396 2397
3 2361 2423 2424
3 2334 2398 2335
3 2361 2425 2362
3 2336 2398 2399
3 2363 2425 2426
3 2336 2400 2337
3 2311 0 2374
3 2364 2426 2427
3 2337 2401 2338
3 2311 2375 2312
3 2364 2428 2365
3 2338 2402 2339
3 2312 2376 2313
3 2366 2428 2429
3 2340 2402 2403
3 2313 2377 2314
3 2432 2494 2495
3 2405 2469 2406
3 2380 2442 2443
3 2432 2496 2433
3 2407 2469 2470
3 2380 2444 2381
3 2433 2497 2434
3 2407 2471 2408
3 2381 2445 2382
3 2435 2497 2498
3 2408 2472 2409
3 2383 2445 2446
3 2435 2499 2436
3 2410 2472 2473
3 2384 2446 2447
3 42 2436 2499
3 2411 2473 2474
3 2384 2448 2385
3 2411 2475 2412
3 2386 2448 2449
3 2413 2475 2476
3 2386 2450 2387
3 2413 2477 2414
3 2387 2451 2388
3 2415 2477 2478
3 2389 2451 2452
3 2415 2479 2416
3 2389 2453 2390
3 2416 2480 2417
3 2390 2454 2391
3 2418 2480 2481
3 2392 2454 2455
3 2418 2482 2419
3 2392 2456 2393
3 2420 2482 2483
3 2394 2456 2457
3 2421 2483 2484
3 2395 2457 2458
3 2421 2485 2422
3 2395 2459 2396
3 2423 2485 2486
3 2397 2459 2460
3 2424 2486 2487
3 2397 2461 2398
3 2424 2488 2425
3 2399 2461 2462
3 2426 2488 2489
3 2399 2463 2400
3 2374 0 2437
3 2426 2490 2427
3 2400 2464 2401
3 2374 2438 2375
3 2427 2491 2428
3 2402 2464 2465
3 2375 2439 2376
3 2429 2491 2492
3 2403 2465 2466
3 2377 2439 2440
3 2430 2492 2493
3 2403 2467 2404
3 2378 2440 2441
3 2430 2494 2431
3 2405 2467 2468
3 2378 2442 2379
3 2487 2551 2488
3 2462 2524 2525
3 2489 2551 2552
3 2462 2526 2463
3 2437 0 2500
3 2489 2553 2490
3 2463 2527 2464
3 2437 2501 2438
3 2490 2554 2491
3 2464 2528 2465
3 2438 2502 2439
3 2492 2554 2555
3 2466 2528 2529
3 2439 2503 2440
3 2493 2555 2556
3 2466 2530 2467
3 2440 2504 2441
3 2493 2557 2494
3 2468 2530 2531
3 2441 2505 2442
3 2495 2557 2558
3 2468 2532 2469
3 2443 2505 2506
3 2495 2559 2496
3 2470 2532 2533
3 2443 2507 2444
3 2497 2559 2560
3 2470 2534 2471
3 2444 2508 2445
3 2498 2560 2561
3 2471 2535 2472
3 2446 2508 2509
3 2499 2561 2562
3 2473 2535 2536
3 2447 2509 2510
3 42 2499 2562
3 2474 2536 2537
3 2447 2511 2448
3 2474 2538 2475
3 2449 2511 2512
3 2476 2538 2539
3 2449 2513 2450
3 2476 2540 2477
3 2450 2514 2451
3 2478 2540 2541
3 2452 2514 2515
3 2478 2542 2479
3 2452 2516 2453
3 2479 2543 2480
3 2453 2517 2454
3 2481 2543 2544
3 2455 2517 2518
3 2481 2545 2482
3 2455 2519 2456
3 2483 2545 2546
3 2457 2519 2520
3 2484 2546 2547
3 2458 2520 2521
3 2484 2548 2485
3 2458 2522 2459
3 2486 2548 2549
3 2460 2522 2523
3 2487 2549 2550
3 2460 2524 2461
3 2552 2616 2553
3 2526 2590 2527
3 2500 2564 2501
3 2553 2617 2554
3 2528 2590 2591
3 2501 2565 2502
3 2555 2617 2618
3 2528 2592 2529
3 2502 2566 2503
3 2556 2618 2619
3 2529 2593 2530
3 2504 2566 2567
3 2556 2620 2557
3 2531 2593 2594
3 2504 2568 2505
3 2558 2620 2621
3 2531 2595 2532
3 2506 2568 2569
3 2558 2622 2559
3 2533 2595 2596
3 2506 2570 2507
3 2559 2623 2560
3 2533 2597 2534
3 2507 2571 2508
3 2561 2623 2624
3 2534 2598 2535
3 2509 2571 2572
3 2562 2624 2625
3 2536 2598 2599
3 2510 2572 2573
3 42 2562 2625
3 2537 2599 2600
3 2510 2574 2511
3 2537 2601 2538
3 2512 2574 2575
3 2539 2601 2602
3 2512 2576 2513
3 2539 2603 2540
3 2513 2577 2514
3 2541 2603 2604
3 2515 2577 2578
3 2541 2605 2542
3 2515 2579 2516
3 2542 2606 2543
3 2516 2580 2517
3 2544 2606 2607
3 2518 2580 2581
3 2544 2608 2545
3 2518 2582 2519
3 2546 2608 2609
3 2520 2582 2583
3 2547 2609 2610
3 2521 2583 2584
3 2547 2611 2548
3 2521 2585 2522
3 2548 2612 2549
3 2523 2585 2586
3 2550 2612 2613
3 2523 2587 2524
3 2550 2614 2551
3 2525 2587 2588
3 2552 2614 2615
3 2525 2589 2526
3 2500 0 2563
3 2618 2680 2681
3 2592 2654 2655
3 2565 2629 2566
3 2619 2681 2682
3 2592 2656 2593
3 2566 2630 2567
3 2619 2683 2620
3 2594 2656 2657
3 2567 2631 2568
3 2620 2684 2621
3 2594 2658 2595
3 2569 2631 2632
3 2621 2685 2622
3 2596 2658 2659
3 2569 2633 2570
3 2623 2685 2686
3 2596 2660 2597
3 2570 2634 2571
3 2624 2686 2687
3 2597 2661 2598
3 2572 2634 2635
3 2625 2687 2688
3 2599 2661 2662
3 2572 2636 2573
3 42 2625 2688
3 2600 2662 2663
3 2573 2637 2574
3 2600 2664 2601
3 2575 2637 2638
3 2602 2664 2665
3 2575 2639 2576
3 2602 2666 2603
3 2577 2639 2640
3 2604 2666 2667
3 2578 2640 2641
3 2604 2668 2605
3 2578 2642 2579
3 2605 2669 2606
3 2579 2643 2580
3 2607 2669 2670
3 2581 2643 2644
3 2607 2671 2608
3 2581 2645 2582
3 2609 2671 2672
3 2583 2645 2646
3 2610 2672 2673
3 2584 2646 2647
3 2610 2674 2611
3 2584 2648 2585
3 2611 2675 2612
3 2586 2648 2649
3 2613 2675 2676
3 2586 2650 2587
3 2613 2677 2614
3 2588 2650 2651
3 2615 2677 2678
3 2588 2652 2589
3 2563 0 2626
3 2616 2678 2679
3 2589 2653 2590
3 2563 2627 2564
3 2616 2680 2617
3 2591 2653 2654
3 2564 2628 2565
3 2682 2746 2683
3 2657 2719 2720
3 2630 2694 2631
3 2684 2746 2747
3 2657 2721 2658
3 2632 2694 2695
3 2684 2748 2685
3 2659 2721 2722
3 2632 2696 2633
3 2686 2748 2749
3 2659 2723 2660
3 2633 2697 2634
3 2686 2750 2687
3 2660 2724 2661
3 2635 2697 2698
3 2687 2751 2688
3 2662 2724 2725
3 2635 2699 2636
3 42 2688 2751
3 2663 2725 2726
3 2636 2700 2637
3 2663 2727 2664
3 2638 2700 2701
3 2665 2727 2728
3 2638 2702 2639
3 2665 2729 2666
3 2640 2702 2703
3 2667 2729 2730
3 2641 2703 2704
3 2667 2731 2668
3 2641 2705 2642
3 2668 2732 2669
3 2642 2706 2643
3 2670 2732 2733
3 2644 2706 2707
3 2670 2734 2671
3 2644 2708 2645
3 2672 2734 2735
3 2646 2708 2709
3 2673 2735 2736
3 2647 2709 2710
3 2673 2737 2674
3 2647 2711 2648
3 2674 2738 2675
3 2649 2711 2712
3 2676 2738 2739
3 2649 2713 2650
3 2676 2740 2677
3 2651 2713 2714
3 2678 2740 2741
3 2651 2715 2652
3 2626 0 2689
3 2679 2741 2742
3 2652 2716 2653
3 2626 2690 2627
3 2679 2743 2680
3 2654 2716 2717
3 2627 2691 2628
3 2680 2744 2681
3 2655 2717 2718
3 2629 2691 2692
3 2682 2744 2745
3 2655 2719 2656
3 2630 2692 2693
3 2747 2811 2748
3 2722 2784 2785
3 2695 2759 2696
3 2748 2812 2749
3 2722 2786 2723
3 2696 2760 2697
3 2750 2812 2813
3 2723 2787 2724
3 2698 2760 2761
3 2750 2814 2751
3 2725 2787 2788
3 2699 2761 2762
3 42 2751 2814
3 2726 2788 2789
3 2699 2763 2700
3 2726 2790 2727
3 2701 2763 2764
3 2728 2790 2791
3 2701 2765 2702
3 2728 2792 2729
3 2703 2765 2766
3 2730 2792 2793
3 2704 2766 2767
3 2730 2794 2731
3 2704 2768 2705
3 2731 2795 2732
3 2705 2769 2706
3 2733 2795 2796
3 2707 2769 2770
3 2733 2797 2734
3 2707 2771 2708
3 2735 2797 2798
3 2709 2771 2772
3 2736 2798 2799
3 2710 2772 2773
3 2736 2800 2737
3 2710 2774 2711
3 2737 2801 2738
3 2712 2774 2775
3 2739 2801 2802
3 2712 2776 2713
3 2739 2803 2740
3 2714 2776 2777
3 2741 2803 2804
3 2714 2778 2715
3 2689 0 2752
3 2741 2805 2742
3 2715 2779 2716
3 2690 2752 2753
3 2742 2806 2743
3 2717 2779 2780
3 2690 2754 2691
3 2744 2806 2807
3 2718 2780 2781
3 2691 2755 2692
3 2745 2807 2808
3 2718 2782 2719
3 2693 2755 2756
3 2745 2809 2746
3 2720 2782 2783
3 2694 2756 2757
3 2747 2809 2810
3 2720 2784 2721
3 2695 2757 2758
3 2813 2875 2876
3 2786 2850 2787
3 2761 2823 2824
3 2813 2877 2814
3 2788 2850 2851
3 2762 2824 2825
3 42 2814 2877
3 2789 2851 2852
3 2762 2826 2763
3 2789 2853 2790
3 2764 2826 2827
3 2791 2853 2854
3 2764 2828 2765
3 2791 2855 2792
3 2766 2828 2829
3 2793 2855 2856
3 2767 2829 2830
3 2793 2857 2794
3 2767 2831 2768
3 2794 2858 2795
3 2768 2832 2769
3 2796 2858 2859
3 2770 2832 2833
3 2796 2860 2797
3 2770 2834 2771
3 2798 2860 2861
3 2772 2834 2835
3 2799 2861 2862
3 2773 2835 2836
3 2799 2863 2800
3 2773 2837 2774
3 2800 2864 2801
3 2775 2837 2838
3 2802 2864 2865
3 2775 2839 2776
3 2802 2866 2803
3 2777 2839 2840
3 2804 2866 2867
3 2777 2841 2778
3 2752 0 2815
3 2804 2868 2805
3 2778 2842 2779
3 2752 2816 2753
3 2805 2869 2806
3 2780 2842 2843
3 2753 2817 2754
3 2807 2869 2870
3 2781 2843 2844
3 2755 2817 2818
3 2808 2870 2871
3 2781 2845 2782
3 2756 2818 2819
3 2808 2872 2809
3 2783 2845 2846
3 2757 2819 2820
3 2810 2872 2873
3 2783 2847 2784
3 2758 2820 2821
3 2810 2874 2811
3 2785 2847 2848
3 2758 2822 2759
3 2811 2875 2812
3 2785 2849 2786
3 2759 2823 2760
3 42 2877 2940
3 2852 2914 2915
3 2825 2889 2826
3 2852 2916 2853
3 2827 2889 2890
3 2854 2916 2917
3 2827 2891 2828
3 2854 2918 2855
3 2829 2891 2892
3 2856 2918 2919
3 2830 2892 2893
3 2856 2920 2857
3 2830 2894 2831
3 2857 2921 2858
3 2831 2895 2832
3 2859 2921 2922
3 2833 2895 2896
3 2859 2923 2860
3 2833 2897 2834
3 2861 2923 2924
3 2835 2897 2898
3 2862 2924 2925
3 2836 2898 2899
3 2862 2926 2863
3 2836 2900 2837
3 2863 2927 2864
3 2838 2900 2901
3 2865 2927 2928
3 2838 2902 2839
3 2865 2929 2866
3 2840 2902 2903
3 2867 2929 2930
3 2840 2904 2841
3 2815 0 2878
3 2868 2930 2931
3 2841 2905 2842
3 2815 2879 2816
3 2868 2932 2869
3 2843 2905 2906
3 2816 2880 2817
3 2869 2933 2870
3 2844 2906 2907
3 2817 2881 2818
3 2871 2933 2934
3 2844 2908 2845
3 2818 2882 2819
3 2871 2935 2872
3 2846 2908 2909
3 2819 2883 2820
3 2872 2936 2873
3 2846 2910 2847
3 2821 2883 2884
3 2873 2937 2874
3 2848 2910 2911
3 2821 2885 2822
3 2875 2937 2938
3 2848 2912 2849
3 2823 2885 2886
3 2876 2938 2939
3 2849 2913 2850
3 2824 2886 2887
3 2876 2940 2877
3 2851 2913 2914
3 2824 2888 2825
3 2917 2979 2980
3 2890 2954 2891
3 2917 2981 2918
3 2892 2954 2955
3 2919 2981 2982
3 2893 2955 2956
3 2919 2983 2920
3 2893 2957 2894
3 2920 2984 2921
3 2894 2958 2895
3 2922 2984 2985
3 2896 2958 2959
3 2922 2986 2923
3 2896 2960 2897
3 2924 2986 2987
3 2898 2960 2961
3 2925 2987 2988
3 2899 2961 2962
3 2925 2989 2926
3 2899 2963 2900
3 2926 2990 2927
3 2901 2963 2964
3 2928 2990 2991
3 2901 2965 2902
3 2928 2992 2929
3 2903 2965 2966
3 2930 2992 2993
3 2903 2967 2904
3 2878 0 2941
3 2930 2994 2931
3 2904 2968 2905
3 2878 2942 2879
3 2931 2995 2932
3 2906 2968 2969
3 2879 2943 2880
3 2932 2996 2933
3 2907 2969 2970
3 2881 2943 2944
3 2934 2996 2997
3 2907 2971 2908
3 2882 2944 2945
3 2934 2998 2935
3 2909 2971 2972
3 2882 2946 2883
3 2936 2998 2999
3 2909 2973 2910
3 2884 2946 2947
3 2936 3000 2937
3 2911 2973 2974
3 2884 2948 2885
3 2937 3001 2938
3 2911 2975 2912
3 2886 2948 2949
3 2938 3002 2939
3 2912 2976 2913
3 2887 2949 2950
3 2939 3003 2940
3 2914 2976 2977
3 2888 2950 2951
3 42 2940 3003
3 2915 2977 2978
3 2888 2952 2889
3 2915 2979 2916
3 2890 2952 2953
3 2982 3044 3045
3 2956 3018 3019
3 2982 3046 2983
3 2956 3020 2957
3 2983 3047 2984
3 2957 3021 2958
3 2985 3047 3048
3 2959 3021 3022
3 2985 3049 2986
3 2959 3023 2960
3 2987 3049 3050
3 2961 3023 3024
3 2988 3050 3051
3 2962 3024 3025
3 2988 3052 2989
3 2962 3026 2963
3 2989 3053 2990
3 2964 3026 3027
3 2991 3053 3054
3 2964 3028 2965
3 2991 3055 2992
3 2966 3028 3029
3 2993 3055 3056
3 2966 3030 2967
3 2941 0 3004
3 2994 3056 3057
3 2967 3031 2968
3 2942 3004 3005
3 2994 3058 2995
3 2969 3031 3032
3 2942 3006 2943
3 2995 3059 2996
3 2970 3032 3033
3 2943 3007 2944
3 2997 3059 3060
3 2970 3034 2971
3 2945 3007 3008
3 2997 3061 2998
3 2972 3034 3035
3 2945 3009 2946
3 2999 3061 3062
3 2972 3036 2973
3 2947 3009 3010
3 2999 3063 3000
3 2974 3036 3037
3 2947 3011 2948
3 3000 3064 3001
3 2974 3038 2975
3 2948 3012 2949
3 3002 3064 3065
3 2975 3039 2976
3 2950 3012 3013
3 3002 3066 3003
3 2977 3039 3040
3 2951 3013 3014
3 42 3003 3066
3 2978 3040 3041
3 2951 3015 2952
3 2978 3042 2979
3 2953 3015 3016
3 2980 3042 3043
3 2953 3017 2954
3 2980 3044 2981
3 2955 3017 3018
3 3046 3110 3047
3 3020 3084 3021
3 3048 3110 3111
3 3022 3084 3085
3 3048 3112 3049
3 3022 3086 3023
3 3050 3112 3113
3 3024 3086 3087
3 3051 3113 3114
3 3025 3087 3088
3 3051 3115 3052
3 3025 3089 3026
3 3052 3116 3053
3 3027 3089 3090
3 3054 3116 3117
3 3027 3091 3028
3 3054 3118 3055
3 3029 3091 3092
3 3056 3118 3119
3 3029 3093 3030
3 3004 0 3067
3 3056 3120 3057
3 3030 3094 3031
3 3005 3067 3068
3 3057 3121 3058
3 3032 3094 3095
3 3005 3069 3006
3 3058 3122 3059
3 3033 3095 3096
3 3006 3070 3007
3 3060 3122 3123
3 3033 3097 3034
3 3008 3070 3071
3 3060 3124 3061
3 3035 3097 3098
3 3008 3072 3009
3 3061 3125 3062
3 3035 3099 3036
3 3010 3072 3073
3 3062 3126 3063
3 3037 3099 3100
3 3010 3074 3011
3 3064 3126 3127
3 3037 3101 3038
3 3011 3075 3012
3 3065 3127 3128
3 3038 3102 3039
3 3013 3075 3076
3 3065 3129 3066
3 3040 3102 3103
3 3014 3076 3077
3 42 3066 3129
3 3041 3103 3104
3 3014 3078 3015
3 3041 3105 3042
3 3016 3078 3079
3 3043 3105 3106
3 3016 3080 3017
3 3043 3107 3044
3 3018 3080 3081
3 3045 3107 3108
3 3019 3081 3082
3 3045 3109 3046
3 3019 3083 3020
3 3111 3175 3112
3 3085 3149 3086
3 3113 3175 3176
3 3087 3149 3150
3 3114 3176 3177
3 3088 3150 3151
3 3114 3178 3115
3 3088 3152 3089
3 3115 3179 3116
3 3090 3152 3153
3 3117 3179 3180
3 3090 3154 3091
3 3117 3181 3118
3 3092 3154 3155
3 3119 3181 3182
3 3092 3156 3093
3 3067 0 3130
3 3120 3182 3183
3 3093 3157 3094
3 3067 3131 3068
3 3120 3184 3121
3 3095 3157 3158
3 3068 3132 3069
3 3121 3185 3122
3 3096 3158 3159
3 3069 3133 3070
3 3123 3185 3186
3 3096 3160 3097
3 3071 3133 3134
3 3123 3187 3124
3 3098 3160 3161
3 3071 3135 3072
3 3125 3187 3188
3 3098 3162 3099
3 3073 3135 3136
3 3125 3189 3126
3 3100 3162 3163
3 3073 3137 3074
3 3127 3189 3190
3 3100 3164 3101
3 3074 3138 3075
3 3128 3190 3191
3 3101 3165 3102
3 3076 3138 3139
3 3129 3191 3192
3 3103 3165 3166
3 3076 3140 3077
3 42 3129 3192
3 3104 3166 3167
3 3077 3141 3078
3 3104 3168 3105
3 3079 3141 3142
3 3106 3168 3169
3 3079 3143 3080
3 3106 3170 3107
3 3081 3143 3144
3 3108 3170 3171
3 3082 3144 3145
3 3108 3172 3109
3 3082 3146 3083
3 3109 3173 3110
3 3083 3147 3084
3 3111 3173 3174
3 3085 3147 3148
3 3177 3239 3240
3 3151 3213 3214
3 3177 3241 3178
3 3151 3215 3152
3 3178 3242 3179
3 3153 3215 3216
3 3180 3242 3243
3 3153 3217 3154
3 3180 3244 3181
3 3155 3217 3218
3 3182 3244 3245
3 3155 3219 3156
3 3130 0 3193
3 3182 3246 3183
3 3156 3220 3157
3 3130 3194 3131
3 3183 3247 3184
3 3158 3220 3221
3 3131 3195 3132
3 3184 3248 3185
3 3158 3222 3159
3 3132 3196 3133
3 3186 3248 3249
3 3159 3223 3160
3 3134 3196 3197
3 3186 3250 3187
3 3161 3223 3224
3 3134 3198 3135
3 3188 3250 3251
3 3161 3225 3162
3 3136 3198 3199
3 3188 3252 3189
3 3163 3225 3226
3 3136 3200 3137
3 3189 3253 3190
3 3163 3227 3164
3 3137 3201 3138
3 3191 3253 3254
3 3164 3228 3165
3 3139 3201 3202
3 3192 3254 3255
3 3166 3228 3229
3 3140 3202 3203
3 42 3192 3255
3 3167 3229 3230
3 3140 3204 3141
3 3167 3231 3168
3 3142 3204 3205
3 3169 3231 3232
3 3142 3206 3143
3 3169 3233 3170
3 3144 3206 3207
3 3171 3233 3234
3 3145 3207 3208
3 3171 3235 3172
3 3145 3209 3146
3 3172 3236 3173
3 3146 3210 3147
3 3174 3236 3237
3 3148 3210 3211
3 3174 3238 3175
3 3148 3212 3149
3 3176 3238 3239
3 3150 3212 3213
3 3240 3302 3303
3 3216 3278 3279
3 3240 3304 3241
3 3216 3280 3217
3 3241 3305 3242
3 3218 3280 3281
3 3243 3305 3306
3 3218 3282 3219
3 3193 0 3256
3 3243 3307 3244
3 3219 3283 3220
3 3193 3257 3194
3 3245 3307 3308
3 3221 3283 3284
3 3194 3258 3195
3 3245 3309 3246
3 3221 3285 3222
3 3196 3258 3259
3 3246 3310 3247
3 3222 3286 3223
3 3197 3259 3260
3 3247 3311 3248
3 3224 3286 3287
3 3197 3261 3198
3 3249 3311 3312
3 3224 3288 3225
3 3199 3261 3262
3 3249 3313 3250
3 3226 3288 3289
3 3199 3263 3200
3 3251 3313 3314
3 3226 3290 3227
3 3200 3264 3201
3 3251 3315 3252
3 3227 3291 3228
3 3202 3264 3265
3 3252 3316 3253
3 3229 3291 3292
3 3202 3266 3203
3 3254 3316 3317
3 3230 3292 3293
3 3203 3267 3204
3 3254 3318 3255
3 3205 3267 3268
3 42 3255 3318
3 3205 3269 3206
3 3230 3294 3231
3 3207 3269 3270
3 3232 3294 3295
3 3208 3270 3271
3 3232 3296 3233
3 3208 3272 3209
3 3234 3296 3297
3 3209 3273 3210
3 3234 3298 3235
3 3211 3273 3274
3 3235 3299 3236
3 3211 3275 3212
3 3237 3299 3300
3 3213 3275 3276
3 3237 3301 3238
3 3214 3276 3277
3 3239 3301 3302
3 3214 3278 3215
3 3304 3368 3305
3 3279 3341 3342
3 3306 3368 3369
3 3279 3343 3280
3 3306 3370 3307
3 3281 3343 3344
3 3308 3370 3371
3 3281 3345 3282
3 3256 0 3319
3 3308 3372 3309
3 3282 3346 3283
3 3256 3320 3257
3 3309 3373 3310
3 3284 3346 3347
3 3257 3321 3258
3 3311 3373 3374
3 3284 3348 3285
3 3258 3322 3259
3 3312 3374 3375
3 3285 3349 3286
3 3260 3322 3323
3 3312 3376 3313
3 3287 3349 3350
3 3260 3324 3261
3 3314 3376 3377
3 3287 3351 3288
3 3262 3324 3325
3 3314 3378 3315
3 3289 3351 3352
3 3262 3326 3263
3 3315 3379 3316
3 3290 3352 3353
3 3263 3327 3264
3 3317 3379 3380
3 3290 3354 3291
3 3265 3327 3328
3 3317 3381 3318
3 3292 3354 3355
3 3266 3328 3329
3 42 3318 3381
3 3293 3355 3356
3 3266 3330 3267
3 3293 3357 3294
3 3268 3330 3331
3 3295 3357 3358
3 3268 3332 3269
3 3295 3359 3296
3 3270 3332 3333
3 3297 3359 3360
3 3271 3333 3334
3 3297 3361 3298
3 3271 3335 3272
3 3298 3362 3299
3 3272 3336 3273
3 3300 3362 3363
3 3274 3336 3337
3 3300 3364 3301
3 3274 3338 3275
3 3302 3364 3365
3 3276 3338 3339
3 3303 3365 3366
3 3277 3339 3340
3 3303 3367 3304
3 3277 3341 3278
3 3369 3433 3370
3 3344 3406 3407
3 3371 3433 3434
3 3344 3408 3345
3 3319 0 3382
3 3371 3435 3372
3 3345 3409 3346
3 3319 3383 3320
3 3372 3436 3373
3 3347 3409 3410
3 3320 3384 3321
3 3374 3436 3437
3 3347 3411 3348
3 3321 3385 3322
3 3375 3437 3438
3 3349 3411 3412
3 3323 3385 3386
3 3375 3439 3376
3 3350 3412 3413
3 3324 3386 3387
3 3376 3440 3377
3 3350 3414 3351
3 3325 3387 3388
3 3377 3441 3378
3 3351 3415 3352
3 3325 3389 3326
3 3378 3442 3379
3 3353 3415 3416
3 3326 3390 3327
3 3380 3442 3443
3 3353 3417 3354
3 3328 3390 3391
3 3381 3443 3444
3 3355 3417 3418
3 3329 3391 3392
3 42 3381 3444
3 3356 3418 3419
3 3329 3393 3330
3 3356 3420 3357
3 3331 3393 3394
3 3358 3420 3421
3 3331 3395 3332
3 3358 3422 3359
3 3333 3395 3396
3 3360 3422 3423
3 3334 3396 3397
3 3360 3424 3361
3 3334 3398 3335
3 3361 3425 3362
3 3335 3399 3336
3 3363 3425 3426
3 3337 3399 3400
3 3363 3427 3364
3 3337 3401 3338
3 3365 3427 3428
3 3339 3401 3402
3 3366 3428 3429
3 3340 3402 3403
3 3366 3430 3367
3 3340 3404 3341
3 3367 3431 3368
3 3342 3404 3405
3 3369 3431 3432
3 3342 3406 3343
3 3434 3498 3435
3 3408 3472 3409
3 3382 3446 3383
3 3435 3499 3436
3 3410 3472 3473
3 3383 3447 3384
3 3437 3499 3500
3 3410 3474 3411
3 3384 3448 3385
3 3438 3500 3501
3 3411 3475 3412
3 3386 3448 3449
3 3438 3502 3439
3 3413 3475 3476
3 3386 3450 3387
3 3440 3502 3503
3 3413 3477 3414
3 3388 3450 3451
3 3440 3504 3441
3 3415 3477 3478
3 3388 3452 3389
3 3442 3504 3505
3 3416 3478 3479
3 3389 3453 3390
3 3442 3506 3443
3 3416 3480 3417
3 3391 3453 3454
3 3443 3507 3444
3 3418 3480 3481
3 3392 3454 3455
3 42 3444 3507
3 3419 3481 3482
3 3392 3456 3393
3 3419 3483 3420
3 3394 3456 3457
3 3421 3483 3484
3 3394 3458 3395
3 3421 3485 3422
3 3396 3458 3459
3 3423 3485 3486
3 3397 3459 3460
3 3423 3487 3424
3 3397 3461 3398
3 3424 3488 3425
3 3398 3462 3399
3 3426 3488 3489
3 3400 3462 3463
3 3426 3490 3427
3 3400 3464 3401
3 3428 3490 3491
3 3402 3464 3465
3 3429 3491 3492
3 3403 3465 3466
3 3429 3493 3430
3 3403 3467 3404
3 3430 3494 3431
3 3405 3467 3468
3 3432 3494 3495
3 3405 3469 3406
3 3432 3496 3433
3 3407 3469 3470
3 3434 3496 3497
3 3407 3471 3408
3 3382 0 3445
3 3500 3562 3563
3 3473 3537 3474
3 3447 3511 3448
3 3501 3563 3564
3 3474 3538 3475
3 3449 3511 3512
3 3501 3565 3502
3 3476 3538 3539
3 3449 3513 3450
3 3503 3565 3566
3 3476 3540 3477
3 3451 3513 3514
3 3503 3567 3504
3 3478 3540 3541
3 3451 3515 3452
3 3504 3568 3505
3 3479 3541 3542
3 3452 3516 3453
3 3506 3568 3569
3 3479 3543 3480
3 3454 3516 3517
3 3507 3569 3570
3 3481 3543 3544
3 3454 3518 3455
3 42 3507 3570
3 3482 3544 3545
3 3455 3519 3456
3 3482 3546 3483
3 3457 3519 3520
3 3484 3546 3547
3 3457 3521 3458
3 3484 3548 3485
3 3459 3521 3522
3 3486 3548 3549
3 3460 3522 3523
3 3486 3550 3487
3 3460 3524 3461
3 3487 3551 3488
3 3461 3525 3462
3 3489 3551 3552
3 3463 3525 3526
3 3489 3553 3490
3 3463 3527 3464
3 3491 3553 3554
3 3465 3527 3528
3 3492 3554 3555
3 3466 3528 3529
3 3492 3556 3493
3 3466 3530 3467
3 3493 3557 3494
3 3468 3530 3531
3 3495 3557 3558
3 3468 3532 3469
3 3495 3559 3496
3 3470 3532 3533
3 3497 3559 3560
3 3470 3534 3471
3 3445 0 3508
3 3497 3561 3498
3 3471 3535 3472
3 3445 3509 3446
3 3498 3562 3499
3 3473 3535 3536
3 3446 3510 3447
3 3564 3628 3565
3 3539 3601 3602
3 3512 3576 3513
3 3566 3628 3629
3 3539 3603 3540
3 3514 3576 3577
3 3566 3630 3567
3 3540 3604 3541
3 3514 3578 3515
3 3568 3630 3631
3 3542 3604 3605
3 3515 3579 3516
3 3569 3631 3632
3 3542 3606 3543
3 3517 3579 3580
3 3570 3632 3633
3 3544 3606 3607
3 3517 3581 3518
3 42 3570 3633
3 3545 3607 3608
3 3518 3582 3519
3 3545 3609 3546
3 3520 3582 3583
3 3547 3609 3610
3 3520 3584 3521
3 3547 3611 3548
3 3522 3584 3585
3 3549 3611 3612
3 3523 3585 3586
3 3549 3613 3550
3 3523 3587 3524
3 3550 3614 3551
3 3524 3588 3525
3 3552 3614 3615
3 3526 3588 3589
3 3552 3616 3553
3 3526 3590 3527
3 3554 3616 3617
3 3528 3590 3591
3 3555 3617 3618
3 3529 3591 3592
3 3555 3619 3556
3 3529 3593 3530
3 3556 3620 3557
3 3531 3593 3594
3 3558 3620 3621
3 3531 3595 3532
3 3558 3622 3559
3 3533 3595 3596
3 3560 3622 3623
3 3533 3597 3534
3 3508 0 3571
3 3560 3624 3561
3 3534 3598 3535
3 3508 3572 3509
3 3561 3625 3562
3 3536 3598 3599
3 3509 3573 3510
3 3563 3625 3626
3 3536 3600 3537
3 3510 3574 3511
3 3564 3626 3627
3 3538 3600 3601
3 3512 3574 3575
3 3629 3693 3630
3 3603 3667 3604
3 3577 3641 3578
3 3630 3694 3631
3 3605 3667 3668
3 3578 3642 3579
3 3632 3694 3695
3 3605 3669 3606
3 3580 3642 3643
3 3633 3695 3696
3 3607 3669 3670
3 3581 3643 3644
3 42 3633 3696
3 3608 3670 3671
3 3581 3645 3582
3 3608 3672 3609
3 3583 3645 3646
3 3610 3672 3673
3 3583 3647 3584
3 3610 3674 3611
3 3585 3647 3648
3 3612 3674 3675
3 3586 3648 3649
3 3612 3676 3613
3 3586 3650 3587
3 3613 3677 3614
3 3587 3651 3588
3 3615 3677 3678
3 3589 3651 3652
3 3615 3679 3616
3 3589 3653 3590
3 3617 3679 3680
3 3591 3653 3654
3 3618 3680 3681
3 3592 3654 3655
3 3618 3682 3619
3 3592 3656 3593
3 3619 3683 3620
3 3594 3656 3657
3 3621 3683 3684
3 3594 3658 3595
3 3621 3685 3622
3 3596 3658 3659
3 3623 3685 3686
3 3596 3660 3597
3 3571 0 3634
3 3623 3687 3624
3 3597 3661 3598
3 3571 3635 3572
3 3624 3688 3625
3 3599 3661 3662
3 3572 3636 3573
3 3626 3688 3689
3 3599 3663 3600
3 3573 3637 3574
3 3627 3689 3690
3 3601 3663 3664
3 3575 3637 3638
3 3627 3691 3628
3 3602 3664 3665
3 3575 3639 3576
3 3628 3692 3629
3 3602 3666 3603
3 3577 3639 3640
3 3695 3757 3758
3 3668 3732 3669
3 3643 3705 3706
3 3695 3759 3696
3 3670 3732 3733
3 3644 3706 3707
3 42 3696 3759
3 3671 3733 3734
3 3644 3708 3645
3 3671 3735 3672
3 3646 3708 3709
3 3673 3735 3736
3 3646 3710 3647
3 3673 3737 3674
3 3648 3710 3711
3 3675 3737 3738
3 3649 3711 3712
3 3675 3739 3676
3 3649 3713 3650
3 3676 3740 3677
3 3650 3714 3651
3 3678 3740 3741
3 3652 3714 3715
3 3678 3742 3679
3 3652 3716 3653
3 3680 3742 3743
3 3654 3716 3717
3 3681 3743 3744
3 3655 3717 3718
3 3681 3745 3682
3 3655 3719 3656
3 3682 3746 3683
3 3657 3719 3720
3 3684 3746 3747
3 3657 3721 3658
3 3684 3748 3685
3 3659 3721 3722
3 3686 3748 3749
3 3659 3723 3660
3 3634 0 3697
3 3687 3749 3750
3 3660 3724 3661
3 3634 3698 3635
3 3687 3751 3688
3 3662 3724 3725
3 3635 3699 3636
3 3689 3751 3752
3 3662 3726 3663
3 3636 3700 3637
3 3690 3752 3753
3 3664 3726 3727
3 3638 3700 3701
3 3690 3754 3691
3 3665 3727 3728
3 3638 3702 3639
3 3692 3754 3755
3 3665 3729 3666
3 3640 3702 3703
3 3692 3756 3693
3 3666 3730 3667
3 3640 3704 3641
3 3693 3757 3694
3 3668 3730 3731
3 3641 3705 3642
3 42 3759 3822
3 3734 3796 3797
3 3707 3771 3708
3 3734 3798 3735
3 3709 3771 3772
3 3736 3798 3799
3 3709 3773 3710
3 3736 3800 3737
3 3711 3773 3774
3 3738 3800 3801
3 3711 3775 3712
3 3738 3802 3739
3 3712 3776 3713
3 3739 3803 3740
3 3713 3777 3714
3 3741 3803 3804
3 3715 3777 3778
3 3741 3805 3742
3 3715 3779 3716
3 3743 3805 3806
3 3717 3779 3780
3 3744 3806 3807
3 3718 3780 3781
3 3744 3808 3745
3 3718 3782 3719
3 3745 3809 3746
3 3720 3782 3783
3 3747 3809 3810
3 3720 3784 3721
3 3747 3811 3748
3 3722 3784 3785
3 3749 3811 3812
3 3722 3786 3723
3 3697 0 3760
3 3749 3813 3750
3 3723 3787 3724
3 3697 3761 3698
3 3751 3813 3814
3 3725 3787 3788
3 3698 3762 3699
3 3751 3815 3752
3 3725 3789 3726
3 3699 3763 3700
3 3753 3815 3816
3 3727 3789 3790
3 3701 3763 3764
3 3753 3817 3754
3 3728 3790 3791
3 3701 3765 3702
3 3755 3817 3818
3 3728 3792 3729
3 3703 3765 3766
3 3755 3819 3756
3 3729 3793 3730
3 3703 3767 3704
3 3756 3820 3757
3 3731 3793 3794
3 3704 3768 3705
3 3758 3820 3821
3 3731 3795 3732
3 3705 3769 3706
3 3758 3822 3759
3 3733 3795 3796
3 3706 3770 3707
3 3799 3861 3862
3 3772 3836 3773
3 3799 3863 3800
3 3774 3836 3837
3 3801 3863 3864
3 3775 3837 3838
3 3801 3865 3802
3 3775 3839 3776
3 3802 3866 3803
3 3776 3840 3777
3 3804 3866 3867
3 3778 3840 3841
3 3804 3868 3805
3 3778 3842 3779
3 3806 3868 3869
3 3780 3842 3843
3 3807 3869 3870
3 3781 3843 3844
3 3807 3871 3808
3 3781 3845 3782
3 3808 3872 3809
3 3783 3845 3846
3 3810 3872 3873
3 3783 3847 3784
3 3810 3874 3811
3 3785 3847 3848
3 3812 3874 3875
3 3785 3849 3786
3 3760 0 3823
3 3812 3876 3813
3 3786 3850 3787
3 3760 3824 3761
3 3813 3877 3814
3 3788 3850 3851
3 3761 3825 3762
3 3814 3878 3815
3 3788 3852 3789
3 3762 3826 3763
3 3816 3878 3879
3 3790 3852 3853
3 3764 3826 3827
3 3816 3880 3817
3 3791 3853 3854
3 3764 3828 3765
3 3818 3880 3881
3 3791 3855 3792
3 3766 3828 3829
3 3818 3882 3819
3 3792 3856 3793
3 3766 3830 3767
3 3819 3883 3820
3 3794 3856 3857
3 3767 3831 3768
3 3821 3883 3884
3 3794 3858 3795
3 3769 3831 3832
3 3821 3885 3822
3 3796 3858 3859
3 3770 3832 3833
3 42 3822 3885
3 3797 3859 3860
3 3770 3834 3771
3 3797 3861 3798
3 3772 3834 3835
3 3864 3926 3927
3 3837 3901 3838
3 3864 3928 3865
3 3838 3902 3839
3 3865 3929 3866
3 3839 3903 3840
3 3867 3929 3930
3 3841 3903 3904
3 3867 3931 3868
3 3841 3905 3842
3 3869 3931 3932
3 3843 3905 3906
3 3870 3932 3933
3 3844 3906 3907
3 3871 3933 3934
3 3844 3908 3845
3 3871 3935 3872
3 3846 3908 3909
3 3873 3935 3936
3 3846 3910 3847
3 3873 3937 3874
3 3848 3910 3911
3 3875 3937 3938
3 3848 3912 3849
3 3823 0 3886
3 3875 3939 3876
3 3849 3913 3850
3 3824 3886 3887
3 3877 3939 3940
3 3851 3913 3914
3 3824 3888 3825
3 3877 3941 3878
3 3851 3915 3852
3 3825 3889 3826
3 3879 3941 3942
3 3852 3916 3853
3 3827 3889 3890
3 3879 3943 3880
3 3854 3916 3917
3 3827 3891 3828
3 3881 3943 3944
3 3854 3918 3855
3 3829 3891 3892
3 3881 3945 3882
3 3856 3918 3919
3 3829 3893 3830
3 3882 3946 3883
3 3857 3919 3920
3 3831 3893 3894
3 3883 3947 3884
3 3857 3921 3858
3 3831 3895 3832
3 3884 3948 3885
3 3859 3921 3922
3 3833 3895 3896
3 42 3885 3948
3 3860 3922 3923
3 3833 3897 3834
3 3860 3924 3861
3 3835 3897 3898
3 3862 3924 3925
3 3835 3899 3836
3 3862 3926 3863
3 3837 3899 3900
3 3928 3992 3929
3 3902 3966 3903
3 3930 3992 3993
3 3904 3966 3967
3 3930 3994 3931
3 3904 3968 3905
3 3932 3994 3995
3 3906 3968 3969
3 3933 3995 3996
3 3907 3969 3970
3 3934 3996 3997
3 3907 3971 3908
3 3934 3998 3935
3 3909 3971 3972
3 3936 3998 3999
3 3909 3973 3910
3 3936 4000 3937
3 3911 3973 3974
3 3938 4000 4001
3 3911 3975 3912
3 3886 0 3949
3 3938 4002 3939
3 3912 3976 3913
3 3886 3950 3887
3 3940 4002 4003
3 3914 3976 3977
3 3887 3951 3888
3 3941 4003 4004
3 3914 3978 3915
3 3888 3952 3889
3 3942 4004 4005
3 3915 3979 3916
3 3889 3953 3890
3 3942 4006 3943
3 3917 3979 3980
3 3890 3954 3891
3 3944 4006 4007
3 3917 3981 3918
3 3892 3954 3955
3 3944 4008 3945
3 3919 3981 3982
3 3892 3956 3893
3 3946 4008 4009
3 3920 3982 3983
3 3893 3957 3894
3 3947 4009 4010
3 3920 3984 3921
3 3894 3958 3895
3 3947 4011 3948
3 3922 3984 3985
3 3896 3958 3959
3 42 3948 4011
3 3923 3985 3986
3 3896 3960 3897
3 3923 3987 3924
3 3898 3960 3961
3 3925 3987 3988
3 3898 3962 3899
3 3925 3989 3926
3 3900 3962 3963
3 3927 3989 3990
3 3900 3964 3901
3 3927 3991 3928
3 3901 3965 3902
3 3993 4028 3994
3 3967 8 3968
3 3994 30 3995
3 3969 8 9
3 3995 31 3996
3 3970 9 10
3 3996 32 3997
3 3970 11 3971
3 3997 33 3998
3 3972 11 12
3 3998 34 3999
3 3972 13 3973
3 3999 4029 4000
3 3974 13 14
3 4000 35 4001
3 3975 14 15
3 3949 0 4012
3 4001 36 4002
3 3975 4024 3976
3 3950 4012 4013
3 4002 37 4003
3 3977 4024 16
3 3950 4014 3951
3 4003 38 4004
3 3977 17 3978
3 3952 4014 1
3 4004 39 4005
3 3979 17 18
3 3953 1 4015
3 4005 40 4006
3 3980 18 19
3 3953 2 3954
3 4007 40 4030
3 3980 4025 3981
3 3955 2 4016
3 4007 41 4008
3 3981 20 3982
3 3955 4017 3956
3 4008 4031 4009
3 3983 20 21
3 3956 4018 3957
3 4010 4031 4032
3 3983 4026 3984
3 3957 4019 3958
3 4010 4033 4011
3 3985 4026 22
3 3959 4019 4020
3 42 4011 4033
3 3985 23 3986
3 3959 4021 3960
3 3986 4027 3987
3 3961 4021 3
3 3988 4027 24
3 3962 3 4022
3 3988 25 3989
3 3963 4022 4
3 3990 25 26
3 3964 4 5
3 3990 27 3991
3 3965 5 6
3 3991 28 3992
3 3965 4023 3966
3 3993 28 29
3 3967 4023 7
3 38 37 97
3 16 71 72
3 1 4014 45
3 39 38 98
3 17 72 73
3 4015 1 46
3 39 99 100
3 19 18 73
3 2 4015 47
3 40 100 101
3 4025 19 74
3 4016 2 48
3 4030 101 102
3 4025 75 76
3 4017 4016 49
3 41 102 103
3 20 76 77
3 4018 4017 50
3 4031 103 104
3 4026 21 77
3 4019 4018 51
3 4032 104 105
3 4026 78 79
3 4020 4019 52
3 22 79 80
3 4021 4020 53
3 23 80 81
3 4021 54 55
3 24 4027 81
3 3 55 56
3 24 82 83
3 4 4022 56
3 25 83 84
3 5 4 57
3 26 84 85
3 5 58 59
3 27 85 86
3 4023 6 59
3 29 28 86
3 7 4023 60
3 29 87 88
3 7 61 62
3 4028 88 89
3 8 62 63
3 31 30 89
3 9 63 64
3 31 90 91
3 10 64 65
3 32 91 92
3 12 11 65
3 34 33 92
3 12 66 67
3 4029 34 93
3 13 67 68
3 35 4029 94
3 14 68 69
3 36 35 95
3 4024 15 69
3 4013 4012 43
3 36 96 97
3 4024 70 71
3 4014 4013 44
3 85 148 149
3 59 122 123
3 86 149 150
3 61 60 123
3 87 150 151
3 61 124 125
3 89 88 151
3 62 125 126
3 89 152 153
3 63 126 127
3 90 153 154
3 64 127 128
3 92 91 154
3 65 128 129
3 93 92 155
3 67 66 129
3 94 93 156
3 67 130 131
3 95 94 157
3 68 131 132
3 96 95 158
3 69 132 133
3 43 106 107
3 96 159 160
3 70 133 134
3 44 107 108
3 98 97 160
3 71 134 135
3 46 45 108
3 99 98 161
3 73 72 135
3 47 46 109
3 100 99 162
3 73 136 137
3 47 110 111
3 101 100 163
3 74 137 138
3 48 111 112
3 101 164 165
3 75 138 139
3 49 112 113
3 102 165 166
3 77 76 139
3 51 50 113
3 104 103 166
3 78 77 140
3 52 51 114
3 105 104 167
3 78 141 142
3 52 115 116
3 79 142 143
3 53 116 117
3 80 143 144
3 54 117 118
3 81 144 145
3 55 118 119
3 83 82 145
3 56 119 120
3 83 146 147
3 57 120 121
3 84 147 148
3 58 121 122
3 150 213 214
3 125 124 187
3 152 151 214
3 125 188 189
3 152 215 216
3 126 189 190
3 154 153 216
3 128 127 190
3 155 154 217
3 128 191 192
3 155 218 219
3 130 129 192
3 156 219 220
3 130 193 194
3 158 157 220
3 132 131 194
3 158 221 222
3 133 132 195
3 106 169 170
3 159 222 223
3 133 196 197
3 107 170 171
3 160 223 224
3 134 197 198
3 108 171 172
3 161 224 225
3 135 198 199
3 109 172 173
3 163 162 225
3 137 136 199
3 110 173 174
3 164 163 226
3 137 200 201
3 111 174 175
3 164 227 228
3 138 201 202
3 113 112 175
3 166 165 228
3 139 202 203
3 114 113 176
3 167 166 229
3 140 203 204
3 115 114 177
3 168 167 230
3 141 204 205
3 115 178 179
3 142 205 206
3 116 179 180
3 144 143 206
3 118 117 180
3 144 207 208
3 118 181 182
3 145 208 209
3 119 182 183
3 146 209 210
3 120 183 184
3 148 147 210
3 121 184 185
3 148 211 212
3 122 185 186
3 149 212 213
3 124 123 186
3 216 215 278
3 189 252 253
3 216 279 280
3 190 253 254
3 217 280 281
3 192 191 254
3 219 218 281
3 193 192 255
3 219 282 283
3 193 256 257
3 221 220 283
3 194 257 258
3 221 284 285
3 196 195 258
3 169 232 233
3 222 285 286
3 196 259 260
3 170 233 234
3 224 223 286
3 198 197 260
3 171 234 235
3 224 287 288
3 198 261 262
3 172 235 236
3 225 288 289
3 200 199 262
3 173 236 237
3 227 226 289
3 200 263 264
3 174 237 238
3 227 290 291
3 202 201 264
3 175 238 239
3 228 291 292
3 203 202 265
3 176 239 240
3 229 292 293
3 203 266 267
3 178 177 240
3 230 293 294
3 204 267 268
3 179 178 241
3 205 268 269
3 179 242 243
3 207 206 269
3 181 180 243
3 207 270 271
3 181 244 245
3 209 208 271
3 182 245 246
3 209 272 273
3 184 183 246
3 210 273 274
3 184 247 248
3 212 211 274
3 185 248 249
3 212 275 276
3 187 186 249
3 213 276 277
3 187 250 251
3 215 214 277
3 188 251 252
3 281 280 343
3 254 317 318
3 281 344 345
3 256 255 318
3 282 345 346
3 256 319 320
3 284 283 346
3 257 320 321
3 284 347 348
3 259 258 321
3 232 295 296
3 285 348 349
3 260 259 322
3 234 233 296
3 287 286 349
3 260 323 324
3 235 234 297
3 288 287 350
3 262 261 324
3 235 298 299
3 289 288 351
3 263 262 325
3 236 299 300
3 289 352 353
3 263 326 327
3 237 300 301
3 290 353 354
3 265 264 327
3 238 301 302
3 291 354 355
3 265 328 329
3 239 302 303
3 293 292 355
3 267 266 329
3 241 240 303
3 294 293 356
3 267 330 331
3 242 241 304
3 268 331 332
3 242 305 306
3 270 269 332
3 244 243 306
3 270 333 334
3 244 307 308
3 271 334 335
3 245 308 309
3 272 335 336
3 247 246 309
3 273 336 337
3 248 247 310
3 274 337 338
3 248 311 312
3 275 338 339
3 250 249 312
3 276 339 340
3 251 250 313
3 278 277 340
3 252 251 314
3 278 341 342
3 252 315 316
3 279 342 343
3 254 253 316
3 345 408 409
3 319 382 383
3 347 346 409
3 320 383 384
3 347 410 411
3 322 321 384
3 296 295 358
3 348 411 412
3 322 385 386
3 296 359 360
3 350 349 412
3 323 386 387
3 297 360 361
3 350 413 414
3 325 324 387
3 298 361 362
3 352 351 414
3 326 325 388
3 300 299 362
3 352 415 416
3 326 389 390
3 300 363 364
3 354 353 416
3 328 327 390
3 301 364 365
3 355 354 417
3 328 391 392
3 302 365 366
3 356 355 418
3 330 329 392
3 304 303 366
3 356 419 420
3 330 393 394
3 304 367 368
3 332 331 394
3 305 368 369
3 333 332 395
3 307 306 369
3 333 396 397
3 307 370 371
3 334 397 398
3 308 371 372
3 335 398 399
3 310 309 372
3 337 336 399
3 310 373 374
3 337 400 401
3 311 374 375
3 338 401 402
3 313 312 375
3 339 402 403
3 314 313 376
3 341 340 403
3 315 314 377
3 342 341 404
3 315 378 379
3 342 405 406
3 316 379 380
3 344 343 406
3 317 380 381
3 344 407 408
3 318 381 382
3 411 410 473
3 385 384 447
3 358 421 422
3 411 474 475
3 385 448 449
3 359 422 423
3 413 412 475
3 386 449 450
3 360 423 424
3 414 413 476
3 388 387 450
3 361 424 425
3 415 414 477
3 389 388 451
3 362 425 426
3 416 415 478
3 389 452 453
3 364 363 426
3 417 416 479
3 390 453 454
3 364 427 428
3 417 480 481
3 392 391 454
3 365 428 429
3 418 481 482
3 393 392 455
3 367 366 429
3 420 419 482
3 393 456 457
3 367 430 431
3 394 457 458
3 368 431 432
3 396 395 458
3 370 369 432
3 396 459 460
3 370 433 434
3 397 460 461
3 371 434 435
3 398 461 462
3 373 372 435
3 400 399 462
3 373 436 437
3 401 400 463
3 374 437 438
3 401 464 465
3 376 375 438
3 402 465 466
3 377 376 439
3 404 403 466
3 377 440 441
3 405 404 467
3 378 441 442
3 405 468 469
3 380 379 442
3 407 406 469
3 380 443 444
3 408 407 470
3 381 444 445
3 408 471 472
3 382 445 446
3 410 409 472
3 383 446 447
3 475 538 539
3 449 512 513
3 423 486 487
3 476 539 540
3 451 450 513
3 425 424 487
3 477 540 541
3 452 451 514
3 426 425 488
3 479 478 541
3 452 515 516
3 426 489 490
3 479 542 543
3 453 516 517
3 428 427 490
3 480 543 544
3 455 454 517
3 428 491 492
3 481 544 545
3 455 518 519
3 430 429 492
3 483 482 545
3 456 519 520
3 430 493 494
3 458 457 520
3 431 494 495
3 459 458 521
3 433 432 495
3 460 459 522
3 433 496 497
3 461 460 523
3 434 497 498
3 461 524 525
3 436 435 498
3 462 525 526
3 436 499 500
3 463 526 527
3 437 500 501
3 465 464 527
3 438 501 502
3 465 528 529
3 439 502 503
3 467 466 529
3 441 440 503
3 468 467 530
3 441 504 505
3 468 531 532
3 443 442 505
3 470 469 532
3 443 506 507
3 471 470 533
3 444 507 508
3 471 534 535
3 445 508 509
3 473 472 535
3 446 509 510
3 474 473 536
3 448 447 510
3 422 421 484
3 474 537 538
3 448 511 512
3 422 485 486
3 541 540 603
3 515 514 577
3 489 488 551
3 541 604 605
3 515 578 579
3 489 552 553
3 542 605 606
3 517 516 579
3 491 490 553
3 543 606 607
3 518 517 580
3 491 554 555
3 544 607 608
3 519 518 581
3 493 492 555
3 546 545 608
3 519 582 583
3 493 556 557
3 521 520 583
3 494 557 558
3 522 521 584
3 496 495 558
3 523 522 585
3 496 559 560
3 523 586 587
3 497 560 561
3 524 587 588
3 499 498 561
3 525 588 589
3 499 562 563
3 526 589 590
3 500 563 564
3 528 527 590
3 502 501 564
3 528 591 592
3 502 565 566
3 530 529 592
3 503 566 567
3 531 530 593
3 505 504 567
3 531 594 595
3 505 568 569
3 533 532 595
3 506 569 570
3 534 533 596
3 507 570 571
3 534 597 598
3 508 571 572
3 536 535 598
3 509 572 573
3 537 536 599
3 511 510 573
3 485 484 547
3 537 600 601
3 511 574 575
3 485 548 549
3 539 538 601
3 512 575 576
3 486 549 550
3 539 602 603
3 513 576 577
3 488 487 550
3 605 668 669
3 580 579 642
3 553 616 617
3 607 606 669
3 580 643 644
3 554 617 618
3 608 607 670
3 582 581 644
3 556 555 618
3 608 671 672
3 582 645 646
3 556 619 620
3 584 583 646
3 557 620 621
3 584 647 648
3 559 558 621
3 586 585 648
3 559 622 623
3 586 649 650
3 560 623 624
3 588 587 650
3 562 561 624
3 588 651 652
3 562 625 626
3 589 652 653
3 563 626 627
3 591 590 653
3 565 564 627
3 591 654 655
3 565 628 629
3 593 592 655
3 566 629 630
3 594 593 656
3 568 567 630
3 594 657 658
3 568 631 632
3 596 595 658
3 570 569 632
3 597 596 659
3 570 633 634
3 597 660 661
3 572 571 634
3 599 598 661
3 572 635 636
3 600 599 662
3 574 573 636
3 548 547 610
3 600 663 664
3 574 637 638
3 548 611 612
3 602 601 664
3 576 575 638
3 549 612 613
3 602 665 666
3 576 639 640
3 551 550 613
3 604 603 666
3 578 577 640
3 552 551 614
3 604 667 668
3 578 641 642
3 552 615 616
3 670 733 734
3 645 644 707
3 619 618 681
3 672 671 734
3 645 708 709
3 619 682 683
3 647 646 709
3 620 683 684
3 647 710 711
3 622 621 684
3 649 648 711
3 622 685 686
3 649 712 713
3 623 686 687
3 651 650 713
3 625 624 687
3 651 714 715
3 625 688 689
3 652 715 716
3 626 689 690
3 654 653 716
3 628 627 690
3 654 717 718
3 628 691 692
3 656 655 718
3 630 629 692
3 657 656 719
3 630 693 694
3 657 720 721
3 631 694 695
3 659 658 721
3 633 632 695
3 660 659 722
3 633 696 697
3 660 723 724
3 634 697 698
3 662 661 724
3 635 698 699
3 663 662 725
3 637 636 699
3 610 673 674
3 663 726 727
3 637 700 701
3 611 674 675
3 665 664 727
3 639 638 701
3 613 612 675
3 665 728 729
3 639 702 703
3 613 676 677
3 667 666 729
3 641 640 703
3 614 677 678
3 668 667 730
3 641 704 705
3 615 678 679
3 668 731 732
3 643 642 705
3 616 679 680
3 669 732 733
3 643 706 707
3 617 680 681
3 709 772 773
3 683 746 747
3 710 773 774
3 685 684 747
3 712 711 774
3 685 748 749
3 712 775 776
3 686 749 750
3 714 713 776
3 688 687 750
3 714 777 778
3 688 751 752
3 715 778 779
3 689 752 753
3 717 716 779
3 691 690 753
3 717 780 781
3 691 754 755
3 719 718 781
3 693 692 755
3 720 719 782
3 693 756 757
3 720 783 784
3 694 757 758
3 721 784 785
3 696 695 758
3 723 722 785
3 696 759 760
3 723 786 787
3 697 760 761
3 725 724 787
3 699 698 761
3 726 725 788
3 700 699 762
3 673 736 737
3 726 789 790
3 700 763 764
3 674 737 738
3 728 727 790
3 702 701 764
3 675 738 739
3 729 728 791
3 702 765 766
3 677 676 739
3 730 729 792
3 704 703 766
3 678 677 740
3 730 793 794
3 704 767 768
3 678 741 742
3 731 794 795
3 706 705 768
3 680 679 742
3 733 732 795
3 706 769 770
3 680 743 744
3 734 733 796
3 708 707 770
3 682 681 744
3 734 797 798
3 708 771 772
3 682 745 746
3 775 774 837
3 748 811 812
3 775 838 839
3 749 812 813
3 777 776 839
3 751 750 813
3 777 840 841
3 751 814 815
3 778 841 842
3 752 815 816
3 780 779 842
3 754 753 816
3 780 843 844
3 754 817 818
3 782 781 844
3 756 755 818
3 783 782 845
3 756 819 820
3 783 846 847
3 757 820 821
3 784 847 848
3 759 758 821
3 786 785 848
3 759 822 823
3 786 849 850
3 761 760 823
3 788 787 850
3 762 761 824
3 789 788 851
3 763 762 825
3 736 799 800
3 789 852 853
3 764 763 826
3 737 800 801
3 791 790 853
3 765 764 827
3 739 738 801
3 791 854 855
3 765 828 829
3 740 739 802
3 792 855 856
3 767 766 829
3 741 740 803
3 793 856 857
3 767 830 831
3 742 741 804
3 794 857 858
3 769 768 831
3 742 805 806
3 795 858 859
3 769 832 833
3 743 806 807
3 796 859 860
3 770 833 834
3 745 744 807
3 797 860 861
3 771 834 835
3 745 808 809
3 772 835 836
3 746 809 810
3 773 836 837
3 748 747 810
3 841 904 905
3 814 813 876
3 843 842 905
3 814 877 878
3 843 906 907
3 815 878 879
3 845 844 907
3 817 816 879
3 846 845 908
3 817 880 881
3 846 909 910
3 819 818 881
3 847 910 911
3 820 819 882
3 849 848 911
3 820 883 884
3 849 912 913
3 822 821 884
3 851 850 913
3 822 885 886
3 825 824 887
3 851 914 915
3 825 888 889
3 823 886 887
3 852 915 916
3 826 889 890
3 853 916 917
3 828 827 890
3 800 799 862
3 855 854 917
3 828 891 892
3 800 863 864
3 856 855 918
3 830 829 892
3 802 801 864
3 857 856 919
3 830 893 894
3 803 802 865
3 857 920 921
3 832 831 894
3 803 866 867
3 858 921 922
3 832 895 896
3 804 867 868
3 859 922 923
3 834 833 896
3 805 868 869
3 860 923 924
3 834 897 898
3 806 869 870
3 835 898 899
3 808 807 870
3 837 836 899
3 809 808 871
3 838 837 900
3 809 872 873
3 838 901 902
3 811 810 873
3 840 839 902
3 811 874 875
3 840 903 904
3 813 812 875
3 906 969 970
3 880 943 944
3 908 907 970
3 882 881 944
3 909 908 971
3 882 945 946
3 909 972 973
3 883 946 947
3 911 910 973
3 885 884 947
3 912 911 974
3 885 948 949
3 912 975 976
3 887 886 949
3 914 913 976
3 888 887 950
3 915 914 977
3 888 951 952
3 862 925 926
3 915 978 979
3 889 952 953
3 863 926 927
3 917 916 979
3 891 890 953
3 865 864 927
3 918 917 980
3 891 954 955
3 866 865 928
3 918 981 982
3 893 892 955
3 867 866 929
3 919 982 983
3 893 956 957
3 867 930 931
3 920 983 984
3 895 894 957
3 868 931 932
3 922 921 984
3 895 958 959
3 869 932 933
3 922 985 986
3 896 959 960
3 871 870 933
3 923 986 987
3 898 897 960
3 871 934 935
3 898 961 962
3 872 935 936
3 899 962 963
3 874 873 936
3 901 900 963
3 874 937 938
3 901 964 965
3 875 938 939
3 903 902 965
3 877 876 939
3 903 966 967
3 877 940 941
3 904 967 968
3 878 941 942
3 906 905 968
3 880 879 942
3 972 971 1034
3 945 1008 1009
3 972 1035 1036
3 946 1009 1010
3 973 1036 1037
3 948 947 1010
3 975 974 1037
3 948 1011 1012
3 975 1038 1039
3 949 1012 1013
3 977 976 1039
3 951 950 1013
3 977 1040 1041
3 951 1014 1015
3 925 988 989
3 978 1041 1042
3 952 1015 1016
3 926 989 990
3 980 979 1042
3 954 953 1016
3 928 927 990
3 981 980 1043
3 954 1017 1018
3 929 928 991
3 982 981 1044
3 956 955 1018
3 930 929 992
3 982 1045 1046
3 956 1019 1020
3 930 993 994
3 983 1046 1047
3 958 957 1020
3 931 994 995
3 984 1047 1048
3 958 1021 1022
3 932 995 996
3 986 985 1048
3 960 959 1022
3 934 933 996
3 986 1049 1050
3 960 1023 1024
3 934 997 998
3 961 1024 1025
3 935 998 999
3 963 962 1025
3 937 936 999
3 964 963 1026
3 937 1000 1001
3 964 1027 1028
3 938 1001 1002
3 966 965 1028
3 940 939 1002
3 966 1029 1030
3 940 1003 1004
3 967 1030 1031
3 941 1004 1005
3 969 968 1031
3 943 942 1005
3 969 1032 1033
3 943 1006 1007
3 971 970 1033
3 945 944 1007
3 1036 1099 1100
3 1011 1010 1073
3 1038 1037 1100
3 1011 1074 1075
3 1038 1101 1102
3 1012 1075 1076
3 1040 1039 1102
3 1014 1013 1076
3 1040 1103 1104
3 1014 1077 1078
3 989 988 1051
3 1041 1104 1105
3 1015 1078 1079
3 989 1052 1053
3 1043 1042 1105
3 1017 1016 1079
3 990 1053 1054
3 1044 1043 1106
3 1017 1080 1081
3 992 991 1054
3 1045 1044 1107
3 1019 1018 1081
3 992 1055 1056
3 1045 1108 1109
3 1019 1082 1083
3 993 1056 1057
3 1046 1109 1110
3 1021 1020 1083
3 994 1057 1058
3 1048 1047 1110
3 1021 1084 1085
3 995 1058 1059
3 1049 1048 1111
3 1023 1022 1085
3 997 996 1059
3 1049 1112 1113
3 1023 1086 1087
3 997 1060 1061
3 1024 1087 1088
3 998 1061 1062
3 1026 1025 1088
3 1000 999 1062
3 1027 1026 1089
3 1000 1063 1064
3 1027 1090 1091
3 1002 1001 1064
3 1029 1028 1091
3 1003 1002 1065
3 1029 1092 1093
3 1003 1066 1067
3 1030 1093 1094
3 1004 1067 1068
3 1032 1031 1094
3 1006 1005 1068
3 1032 1095 1096
3 1006 1069 1070
3 1034 1033 1096
3 1008 1007 1070
3 1035 1034 1097
3 1008 1071 1072
3 1035 1098 1099
3 1009 1072 1073
3 1101 1164 1165
3 1075 1138 1139
3 1103 1102 1165
3 1077 1076 1139
3 1104 1103 1166
3 1077 1140 1141
3 1051 1114 1115
3 1104 1167 1168
3 1078 1141 1142
3 1052 1115 1116
3 1106 1105 1168
3 1080 1079 1142
3 1053 1116 1117
3 1107 1106 1169
3 1080 1143 1144
3 1055 1054 1117
3 1108 1107 1170
3 1082 1081 1144
3 1055 1118 1119
3 1109 1108 1171
3 1082 1145 1146
3 1056 1119 1120
3 1109 1172 1173
3 1084 1083 1146
3 1058 1057 1120
3 1110 1173 1174
3 1084 1147 1148
3 1059 1058 1121
3 1111 1174 1175
3 1086 1085 1148
3 1060 1059 1122
3 1112 1175 1176
3 1086 1149 1150
3 1060 1123 1124
3 1087 1150 1151
3 1061 1124 1125
3 1089 1088 1151
3 1063 1062 1125
3 1090 1089 1152
3 1063 1126 1127
3 1090 1153 1154
3 1065 1064 1127
3 1092 1091 1154
3 1066 1065 1128
3 1092 1155 1156
3 1066 1129 1130
3 1093 1156 1157
3 1067 1130 1131
3 1095 1094 1157
3 1069 1068 1131
3 1095 1158 1159
3 1069 1132 1133
3 1097 1096 1159
3 1071 1070 1133
3 1098 1097 1160
3 1071 1134 1135
3 1098 1161 1162
3 1072 1135 1136
3 1099 1162 1163
3 1074 1073 1136
3 1101 1100 1163
3 1074 1137 1138
3 1166 1229 1230
3 1141 1140 1203
3 1114 1177 1178
3 1167 1230 1231
3 1141 1204 1205
3 1115 1178 1179
3 1169 1168 1231
3 1143 1142 1205
3 1116 1179 1180
3 1170 1169 1232
3 1143 1206 1207
3 1118 1117 1180
3 1170 1233 1234
3 1145 1144 1207
3 1119 1118 1181
3 1171 1234 1235
3 1145 1208 1209
3 1120 1119 1182
3 1172 1235 1236
3 1147 1146 1209
3 1120 1183 1184
3 1173 1236 1237
3 1147 1210 1211
3 1121 1184 1185
3 1175 1174 1237
3 1149 1148 1211
3 1123 1122 1185
3 1175 1238 1239
3 1149 1212 1213
3 1124 1123 1186
3 1150 1213 1214
3 1124 1187 1188
3 1151 1214 1215
3 1126 1125 1188
3 1153 1152 1215
3 1126 1189 1190
3 1153 1216 1217
3 1127 1190 1191
3 1155 1154 1217
3 1129 1128 1191
3 1155 1218 1219
3 1129 1192 1193
3 1156 1219 1220
3 1130 1193 1194
3 1158 1157 1220
3 1132 1131 1194
3 1158 1221 1222
3 1132 1195 1196
3 1160 1159 1222
3 1134 1133 1196
3 1161 1160 1223
3 1135 1134 1197
3 1161 1224 1225
3 1135 1198 1199
3 1163 1162 1225
3 1137 1136 1199
3 1164 1163 1226
3 1137 1200 1201
3 1164 1227 1228
3 1139 1138 1201
3 1166 1165 1228
3 1140 1139 1202
3 1231 1294 1295
3 1206 1205 1268
3 1180 1179 1242
3 1232 1295 1296
3 1206 1269 1270
3 1180 1243 1244
3 1233 1296 1297
3 1208 1207 1270
3 1181 1244 1245
3 1235 1234 1297
3 1208 1271 1272
3 1182 1245 1246
3 1235 1298 1299
3 1210 1209 1272
3 1184 1183 1246
3 1236 1299 1300
3 1210 1273 1274
3 1184 1247 1248
3 1237 1300 1301
3 1212 1211 1274
3 1186 1185 1248
3 1239 1238 1301
3 1212 1275 1276
3 1187 1186 1249
3 1213 1276 1277
3 1187 1250 1251
3 1214 1277 1278
3 1189 1188 1251
3 1216 1215 1278
3 1189 1252 1253
3 1216 1279 1280
3 1191 1190 1253
3 1218 1217 1280
3 1192 1191 1254
3 1218 1281 1282
3 1192 1255 1256
3 1219 1282 1283
3 1193 1256 1257
3 1221 1220 1283
3 1195 1194 1257
3 1221 1284 1285
3 1195 1258 1259
3 1223 1222 1285
3 1197 1196 1259
3 1224 1223 1286
3 1198 1197 1260
3 1224 1287 1288
3 1198 1261 1262
3 1225 1288 1289
3 1200 1199 1262
3 1227 1226 1289
3 1200 1263 1264
3 1227 1290 1291
3 1202 1201 1264
3 1229 1228 1291
3 1203 1202 1265
3 1229 1292 1293
3 1203 1266 1267
3 1178 1177 1240
3 1230 1293 1294
3 1204 1267 1268
3 1178 1241 1242
3 1297 1296 1359
3 1271 1270 1333
3 1244 1307 1308
3 1298 1297 1360
3 1271 1334 1335
3 1245 1308 1309
3 1298 1361 1362
3 1273 1272 1335
3 1247 1246 1309
3 1299 1362 1363
3 1273 1336 1337
3 1247 1310 1311
3 1301 1300 1363
3 1274 1337 1338
3 1249 1248 1311
3 1302 1301 1364
3 1275 1338 1339
3 1250 1249 1312
3 1276 1339 1340
3 1250 1313 1314
3 1277 1340 1341
3 1252 1251 1314
3 1279 1278 1341
3 1252 1315 1316
3 1279 1342 1343
3 1253 1316 1317
3 1281 1280 1343
3 1255 1254 1317
3 1281 1344 1345
3 1255 1318 1319
3 1282 1345 1346
3 1256 1319 1320
3 1284 1283 1346
3 1258 1257 1320
3 1284 1347 1348
3 1258 1321 1322
3 1286 1285 1348
3 1260 1259 1322
3 1287 1286 1349
3 1261 1260 1323
3 1287 1350 1351
3 1261 1324 1325
3 1289 1288 1351
3 1263 1262 1325
3 1290 1289 1352
3 1263 1326 1327
3 1290 1353 1354
3 1265 1264 1327
3 1292 1291 1354
3 1266 1265 1328
3 1292 1355 1356
3 1267 1266 1329
3 1240 1303 1304
3 1293 1356 1357
3 1268 1267 1330
3 1241 1304 1305
3 1295 1294 1357
3 1269 1268 1331
3 1243 1242 1305
3 1295 1358 1359
3 1269 1332 1333
3 1244 1243 1306
3 1361 1424 1425
3 1336 1335 1398
3 1309 1372 1373
3 1363 1362 1425
3 1336 1399 1400
3 1310 1373 1374
3 1364 1363 1426
3 1337 1400 1401
3 1311 1374 1375
3 1364 1427 1428
3 1338 1401 1402
3 1313 1312 1375
3 1339 1402 1403
3 1313 1376 1377
3 1340 1403 1404
3 1315 1314 1377
3 1342 1341 1404
3 1315 1378 1379
3 1342 1405 1406
3 1316 1379 1380
3 1344 1343 1406
3 1318 1317 1380
3 1344 1407 1408
3 1318 1381 1382
3 1345 1408 1409
3 1319 1382 1383
3 1347 1346 1409
3 1321 1320 1383
3 1347 1410 1411
3 1321 1384 1385
3 1349 1348 1411
3 1323 1322 1385
3 1350 1349 1412
3 1324 1323 1386
3 1350 1413 1414
3 1324 1387 1388
3 1352 1351 1414
3 1326 1325 1388
3 1353 1352 1415
3 1326 1389 1390
3 1353 1416 1417
3 1328 1327 1390
3 1355 1354 1417
3 1328 1391 1392
3 1355 1418 1419
3 1329 1392 1393
3 1304 1303 1366
3 1357 1356 1419
3 1330 1393 1394
3 1304 1367 1368
3 1358 1357 1420
3 1332 1331 1394
3 1305 1368 1369
3 1358 1421 1422
3 1332 1395 1396
3 1306 1369 1370
3 1360 1359 1422
3 1334 1333 1396
3 1307 1370 1371
3 1360 1423 1424
3 1334 1397 1398
3 1308 1371 1372
3 1426 1489 1490
3 1400 1463 1464
3 1375 1374 1437
3 1428 1427 1490
3 1401 1464 1465
3 1376 1375 1438
3 1402 1465 1466
3 1376 1439 1440
3 1403 1466 1467
3 1378 1377 1440
3 1405 1404 1467
3 1378 1441 1442
3 1405 1468 1469
3 1379 1442 1443
3 1407 1406 1469
3 1381 1380 1443
3 1407 1470 1471
3 1381 1444 1445
3 1408 1471 1472
3 1382 1445 1446
3 1410 1409 1472
3 1384 1383 1446
3 1410 1473 1474
3 1384 1447 1448
3 1412 1411 1474
3 1386 1385 1448
3 1413 1412 1475
3 1387 1386 1449
3 1413 1476 1477
3 1387 1450 1451
3 1415 1414 1477
3 1389 1388 1451
3 1416 1415 1478
3 1389 1452 1453
3 1416 1479 1480
3 1391 1390 1453
3 1418 1417 1480
3 1391 1454 1455
3 1418 1481 1482
3 1393 1392 1455
3 1367 1366 1429
3 1419 1482 1483
3 1393 1456 1457
3 1367 1430 1431
3 1421 1420 1483
3 1395 1394 1457
3 1369 1368 1431
3 1421 1484 1485
3 1395 1458 1459
3 1370 1369 1432
3 1423 1422 1485
3 1397 1396 1459
3 1370 1433 1434
3 1423 1486 1487
3 1397 1460 1461
3 1371 1434 1435
3 1424 1487 1488
3 1398 1461 1462
3 1372 1435 1436
3 1425 1488 1489
3 1399 1462 1463
3 1373 1436 1437
3 1465 1528 1529
3 1439 1502 1503
3 1466 1529 1530
3 1441 1440 1503
3 1468 1467 1530
3 1441 1504 1505
3 1468 1531 1532
3 1442 1505 1506
3 1469 1532 1533
3 1444 1443 1506
3 1470 1533 1534
3 1444 1507 1508
3 1471 1534 1535
3 1445 1508 1509
3 1473 1472 1535
3 1447 1446 1509
3 1473 1536 1537
3 1447 1510 1511
3 1475 1474 1537
3 1449 1448 1511
3 1476 1475 1538
3 1450 1449 1512
3 1476 1539 1540
3 1450 1513 1514
3 1478 1477 1540
3 1452 1451 1514
3 1479 1478 1541
3 1452 1515 1516
3 1479 1542 1543
3 1454 1453 1516
3 1481 1480 1543
3 1454 1517 1518
3 1481 1544 1545
3 1456 1455 1518
3 1429 1492 1493
3 1482 1545 1546
3 1456 1519 1520
3 1430 1493 1494
3 1484 1483 1546
3 1458 1457 1520
3 1431 1494 1495
3 1484 1547 1548
3 1459 1458 1521
3 1433 1432 1495
3 1485 1548 1549
3 1460 1459 1522
3 1433 1496 1497
3 1487 1486 1549
3 1460 1523 1524
3 1434 1497 1498
3 1487 1550 1551
3 1461 1524 1525
3 1435 1498 1499
3 1489 1488 1551
3 1462 1525 1526
3 1436 1499 1500
3 1489 1552 1553
3 1464 1463 1526
3 1438 1437 1500
3 1491 1490 1553
3 1464 1527 1528
3 1439 1438 1501
3 1531 1530 1593
3 1504 1567 1568
3 1531 1594 1595
3 1505 1568 1569
3 1533 1532 1595
3 1507 1506 1569
3 1533 1596 1597
3 1507 1570 1571
3 1534 1597 1598
3 1508 1571 1572
3 1536 1535 1598
3 1510 1509 1572
3 1536 1599 1600
3 1510 1573 1574
3 1538 1537 1600
3 1512 1511 1574
3 1539 1538 1601
3 1513 1512 1575
3 1539 1602 1603
3 1513 1576 1577
3 1541 1540 1603
3 1515 1514 1577
3 1542 1541 1604
3 1515 1578 1579
3 1542 1605 1606
3 1517 1516 1579
3 1544 1543 1606
3 1517 1580 1581
3 1544 1607 1608
3 1519 1518 1581
3 1492 1555 1556
3 1545 1608 1609
3 1519 1582 1583
3 1493 1556 1557
3 1547 1546 1609
3 1521 1520 1583
3 1494 1557 1558
3 1548 1547 1610
3 1521 1584 1585
3 1496 1495 1558
3 1548 1611 1612
3 1522 1585 1586
3 1496 1559 1560
3 1549 1612 1613
3 1523 1586 1587
3 1497 1560 1561
3 1550 1613 1614
3 1524 1587 1588
3 1498 1561 1562
3 1552 1551 1614
3 1525 1588 1589
3 1499 1562 1563
3 1553 1552 1615
3 1527 1526 1589
3 1501 1500 1563
3 1554 1553 1616
3 1527 1590 1591
3 1502 1501 1564
3 1529 1528 1591
3 1502 1565 1566
3 1529 1592 1593
3 1504 1503 1566
3 1596 1595 1658
3 1570 1569 1632
3 1596 1659 1660
3 1570 1633 1634
3 1597 1660 1661
3 1571 1634 1635
3 1599 1598 1661
3 1573 1572 1635
3 1599 1662 1663
3 1573 1636 1637
3 1601 1600 1663
3 1575 1574 1637
3 1602 1601 1664
3 1576 1575 1638
3 1602 1665 1666
3 1576 1639 1640
3 1604 1603 1666
3 1578 1577 1640
3 1605 1604 1667
3 1578 1641 1642
3 1605 1668 1669
3 1580 1579 1642
3 1607 1606 1669
3 1580 1643 1644
3 1607 1670 1671
3 1581 1644 1645
3 1555 1618 1619
3 1608 1671 1672
3 1582 1645 1646
3 1556 1619 1620
3 1610 1609 1672
3 1584 1583 1646
3 1557 1620 1621
3 1611 1610 1673
3 1584 1647 1648
3 1558 1621 1622
3 1611 1674 1675
3 1586 1585 1648
3 1559 1622 1623
3 1613 1612 1675
3 1586 1649 1650
3 1561 1560 1623
3 1613 1676 1677
3 1587 1650 1651
3 1561 1624 1625
3 1615 1614 1677
3 1588 1651 1652
3 1562 1625 1626
3 1616 1615 1678
3 1589 1652 1653
3 1564 1563 1626
3 1617 1616 1679
3 1591 1590 1653
3 1564 1627 1628
3 1592 1591 1654
3 1565 1628 1629
3 1592 1655 1656
3 1567 1566 1629
3 1594 1593 1656
3 1567 1630 1631
3 1594 1657 1658
3 1568 1631 1632
3 1678 1677 1740
3 1651 1714 1715
3 1625 1688 1689
3 1679 1678 1741
3 1652 1715 1716
3 1627 1626 1689
3 1680 1679 1742
3 1654 1653 1716
3 1628 1627 1690
3 1654 1717 1718
3 1628 1691 1692
3 1655 1718 1719
3 1630 1629 1692
3 1657 1656 1719
3 1630 1693 1694
3 1657 1720 1721
3 1631 1694 1695
3 1659 1658 1721
3 1633 1632 1695
3 1659 1722 1723
3 1633 1696 1697
3 1660 1723 1724
3 1634 1697 1698
3 1662 1661 1724
3 1636 1635 1698
3 1662 1725 1726
3 1636 1699 1700
3 1664 1663 1726
3 1638 1637 1700
3 1665 1664 1727
3 1639 1638 1701
3 1665 1728 1729
3 1639 1702 1703
3 1667 1666 1729
3 1641 1640 1703
3 1668 1667 1730
3 1641 1704 1705
3 1668 1731 1732
3 1643 1642 1705
3 1670 1669 1732
3 1643 1706 1707
3 1671 1670 1733
3 1644 1707 1708
3 1618 1681 1682
3 1671 1734 1735
3 1645 1708 1709
3 1619 1682 1683
3 1673 1672 1735
3 1647 1646 1709
3 1620 1683 1684
3 1673 1736 1737
3 1647 1710 1711
3 1622 1621 1684
3 1674 1737 1738
3 1649 1648 1711
3 1622 1685 1686
3 1676 1675 1738
3 1649 1712 1713
3 1624 1623 1686
3 1676 1739 1740
3 1651 1650 1713
3 1624 1687 1688
3 1743 1742 1805
3 1717 1716 1779
3 1690 1753 1754
3 1718 1717 1780
3 1691 1754 1755
3 1718 1781 1782
3 1693 1692 1755
3 1720 1719 1782
3 1693 1756 1757
3 1720 1783 1784
3 1694 1757 1758
3 1722 1721 1784
3 1696 1695 1758
3 1722 1785 1786
3 1696 1759 1760
3 1723 1786 1787
3 1697 1760 1761
3 1725 1724 1787
3 1699 1698 1761
3 1725 1788 1789
3 1699 1762 1763
3 1727 1726 1789
3 1701 1700 1763
3 1728 1727 1790
3 1702 1701 1764
3 1728 1791 1792
3 1702 1765 1766
3 1730 1729 1792
3 1704 1703 1766
3 1731 1730 1793
3 1704 1767 1768
3 1731 1794 1795
3 1706 1705 1768
3 1733 1732 1795
3 1706 1769 1770
3 1733 1796 1797
3 1707 1770 1771
3 1681 1744 1745
3 1734 1797 1798
3 1708 1771 1772
3 1682 1745 1746
3 1736 1735 1798
3 1710 1709 1772
3 1683 1746 1747
3 1737 1736 1799
3 1710 1773 1774
3 1685 1684 1747
3 1737 1800 1801
3 1712 1711 1774
3 1685 1748 1749
3 1738 1801 1802
3 1712 1775 1776
3 1687 1686 1749
3 1739 1802 1803
3 1714 1713 1776
3 1687 1750 1751
3 1741 1740 1803
3 1714 1777 1778
3 1688 1751 1752
3 1742 1741 1804
3 1715 1778 1779
3 1690 1689 1752
3 1781 1844 1845
3 1756 1755 1818
3 1783 1782 1845
3 1756 1819 1820
3 1783 1846 1847
3 1757 1820 1821
3 1785 1784 1847
3 1759 1758 1821
3 1785 1848 1849
3 1759 1822 1823
3 1786 1849 1850
3 1760 1823 1824
3 1788 1787 1850
3 1762 1761 1824
3 1788 1851 1852
3 1762 1825 1826
3 1790 1789 1852
3 1764 1763 1826
3 1791 1790 1853
3 1765 1764 1827
3 1791 1854 1855
3 1765 1828 1829
3 1793 1792 1855
3 1767 1766 1829
3 1794 1793 1856
3 1767 1830 1831
3 1794 1857 1858
3 1769 1768 1831
3 1796 1795 1858
3 1770 1769 1832
3 1796 1859 1860
3 1770 1833 1834
3 1745 1744 1807
3 1797 1860 1861
3 1771 1834 1835
3 1745 1808 1809
3 1799 1798 1861
3 1773 1772 1835
3 1747 1746 1809
3 1800 1799 1862
3 1773 1836 1837
3 1748 1747 1810
3 1800 1863 1864
3 1775 1774 1837
3 1748 1811 1812
3 1802 1801 1864
3 1775 1838 1839
3 1750 1749 1812
3 1802 1865 1866
3 1777 1776 1839
3 1750 1813 1814
3 1803 1866 1867
3 1777 1840 1841
3 1751 1814 1815
3 1805 1804 1867
3 1778 1841 1842
3 1753 1752 1815
3 1805 1868 1869
3 1780 1779 1842
3 1753 1816 1817
3 1780 1843 1844
3 1754 1817 1818
3 1846 1909 1910
3 1820 1883 1884
3 1848 1847 1910
3 1822 1821 1884
3 1848 1911 1912
3 1822 1885 1886
3 1849 1912 1913
3 1823 1886 1887
3 1851 1850 1913
3 1825 1824 1887
3 1851 1914 1915
3 1825 1888 1889
3 1853 1852 1915
3 1827 1826 1889
3 1854 1853 1916
3 1828 1827 1890
3 1854 1917 1918
3 1828 1891 1892
3 1856 1855 1918
3 1830 1829 1892
3 1857 1856 1919
3 1830 1893 1894
3 1857 1920 1921
3 1832 1831 1894
3 1859 1858 1921
3 1833 1832 1895
3 1859 1922 1923
3 1833 1896 1897
3 1807 1870 1871
3 1860 1923 1924
3 1834 1897 1898
3 1808 1871 1872
3 1861 1924 1925
3 1836 1835 1898
3 1809 1872 1873
3 1863 1862 1925
3 1836 1899 1900
3 1811 1810 1873
3 1863 1926 1927
3 1838 1837 1900
3 1811 1874 1875
3 1865 1864 1927
3 1838 1901 1902
3 1813 1812 1875
3 1865 1928 1929
3 1840 1839 1902
3 1813 1876 1877
3 1867 1866 1929
3 1840 1903 1904
3 1815 1814 1877
3 1868 1867 1930
3 1842 1841 1904
3 1816 1815 1878
3 1868 1931 1932
3 1843 1842 1905
3 1817 1816 1879
3 1843 1906 1907
3 1817 1880 1881
3 1844 1907 1908
3 1819 1818 1881
3 1846 1845 1908
3 1819 1882 1883
3 1911 1974 1975
3 1885 1948 1949
3 1912 1975 1976
3 1886 1949 1950
3 1914 1913 1976
3 1888 1887 1950
3 1914 1977 1978
3 1888 1951 1952
3 1916 1915 1978
3 1890 1889 1952
3 1917 1916 1979
3 1891 1890 1953
3 1917 1980 1981
3 1891 1954 1955
3 1918 1981 1982
3 1893 1892 1955
3 1920 1919 1982
3 1893 1956 1957
3 1920 1983 1984
3 1895 1894 1957
3 1922 1921 1984
3 1896 1895 1958
3 1923 1922 1985
3 1896 1959 1960
3 1870 1933 1934
3 1923 1986 1987
3 1897 1960 1961
3 1871 1934 1935
3 1924 1987 1988
3 1899 1898 1961
3 1872 1935 1936
3 1926 1925 1988
3 1899 1962 1963
3 1874 1873 1936
3 1926 1989 1990
3 1901 1900 1963
3 1875 1874 1937
3 1927 1990 1991
3 1901 1964 1965
3 1876 1875 1938
3 1928 1991 1992
3 1903 1902 1965
3 1876 1939 1940
3 1929 1992 1993
3 1903 1966 1967
3 1877 1940 1941
3 1931 1930 1993
3 1905 1904 1967
3 1879 1878 1941
3 1931 1994 1995
3 1906 1905 1968
3 1879 1942 1943
3 1906 1969 1970
3 1880 1943 1944
3 1907 1970 1971
3 1882 1881 1944
3 1909 1908 1971
3 1882 1945 1946
3 1909 1972 1973
3 1883 1946 1947
3 1911 1910 1973
3 1885 1884 1947
3 1977 1976 2039
3 1951 1950 2013
3 1977 2040 2041
3 1951 2014 2015
3 1979 1978 2041
3 1953 1952 2015
3 1980 1979 2042
3 1954 1953 2016
3 1980 2043 2044
3 1954 2017 2018
3 1981 2044 2045
3 1956 1955 2018
3 1983 1982 2045
3 1956 2019 2020
3 1983 2046 2047
3 1958 1957 2020
3 1985 1984 2047
3 1959 1958 2021
3 1985 2048 2049
3 1959 2022 2023
3 1933 1996 1997
3 1986 2049 2050
3 1960 2023 2024
3 1934 1997 1998
3 1988 1987 2050
3 1962 1961 2024
3 1936 1935 1998
3 1989 1988 2051
3 1962 2025 2026
3 1937 1936 1999
3 1989 2052 2053
3 1964 1963 2026
3 1937 2000 2001
3 1991 1990 2053
3 1964 2027 2028
3 1938 2001 2002
3 1991 2054 2055
3 1966 1965 2028
3 1939 2002 2003
3 1992 2055 2056
3 1966 2029 2030
3 1940 2003 2004
3 1993 2056 2057
3 1968 1967 2030
3 1942 1941 2004
3 1994 2057 2058
3 1969 1968 2031
3 1942 2005 2006
3 1969 2032 2033
3 1943 2006 2007
3 1970 2033 2034
3 1945 1944 2007
3 1972 1971 2034
3 1945 2008 2009
3 1972 2035 2036
3 1946 2009 2010
3 1974 1973 2036
3 1948 1947 2010
3 1974 2037 2038
3 1948 2011 2012
3 1975 2038 2039
3 1949 2012 2013
3 2042 2041 2104
3 2016 2015 2078
3 2043 2042 2105
3 2017 2016 2079
3 2043 2106 2107
3 2017 2080 2081
3 2044 2107 2108
3 2019 2018 2081
3 2046 2045 2108
3 2019 2082 2083
3 2046 2109 2110
3 2021 2020 2083
3 2048 2047 2110
3 2022 2021 2084
3 2049 2048 2111
3 2022 2085 2086
3 1996 2059 2060
3 2049 2112 2113
3 2023 2086 2087
3 1997 2060 2061
3 2051 2050 2113
3 2025 2024 2087
3 1998 2061 2062
3 2052 2051 2114
3 2025 2088 2089
3 2000 1999 2062
3 2052 2115 2116
3 2027 2026 2089
3 2001 2000 2063
3 2054 2053 2116
3 2027 2090 2091
3 2002 2001 2064
3 2054 2117 2118
3 2029 2028 2091
3 2002 2065 2066
3 2056 2055 2118
3 2029 2092 2093
3 2003 2066 2067
3 2057 2056 2119
3 2031 2030 2093
3 2005 2004 2067
3 2057 2120 2121
3 2032 2031 2094
3 2006 2005 2068
3 2032 2095 2096
3 2006 2069 2070
3 2033 2096 2097
3 2008 2007 2070
3 2035 2034 2097
3 2008 2071 2072
3 2035 2098 2099
3 2009 2072 2073
3 2037 2036 2099
3 2011 2010 2073
3 2037 2100 2101
3 2011 2074 2075
3 2038 2101 2102
3 2012 2075 2076
3 2040 2039 2102
3 2014 2013 2076
3 2040 2103 2104
3 2014 2077 2078
3 2106 2169 2170
3 2080 2143 2144
3 2108 2107 2170
3 2082 2081 2144
3 2109 2108 2171
3 2082 2145 2146
3 2109 2172 2173
3 2084 2083 2146
3 2111 2110 2173
3 2085 2084 2147
3 2112 2111 2174
3 2085 2148 2149
3 2060 2059 2122
3 2112 2175 2176
3 2086 2149 2150
3 2060 2123 2124
3 2114 2113 2176
3 2088 2087 2150
3 2062 2061 2124
3 2115 2114 2177
3 2088 2151 2152
3 2063 2062 2125
3 2115 2178 2179
3 2090 2089 2152
3 2063 2126 2127
3 2117 2116 2179
3 2090 2153 2154
3 2065 2064 2127
3 2117 2180 2181
3 2092 2091 2154
3 2065 2128 2129
3 2119 2118 2181
3 2092 2155 2156
3 2066 2129 2130
3 2120 2119 2182
3 2094 2093 2156
3 2068 2067 2130
3 2121 2120 2183
3 2095 2094 2157
3 2068 2131 2132
3 2095 2158 2159
3 2069 2132 2133
3 2096 2159 2160
3 2071 2070 2133
3 2098 2097 2160
3 2071 2134 2135
3 2098 2161 2162
3 2073 2072 2135
3 2100 2099 2162
3 2074 2073 2136
3 2100 2163 2164
3 2074 2137 2138
3 2101 2164 2165
3 2075 2138 2139
3 2103 2102 2165
3 2077 2076 2139
3 2103 2166 2167
3 2077 2140 2141
3 2105 2104 2167
3 2079 2078 2141
3 2106 2105 2168
3 2080 2079 2142
3 2172 2171 2234
3 2145 2208 2209
3 2172 2235 2236
3 2147 2146 2209
3 2174 2173 2236
3 2148 2147 2210
3 2174 2237 2238
3 2148 2211 2212
3 2122 2185 2186
3 2175 2238 2239
3 2149 2212 2213
3 2123 2186 2187
3 2177 2176 2239
3 2151 2150 2213
3 2124 2187 2188
3 2178 2177 2240
3 2151 2214 2215
3 2126 2125 2188
3 2178 2241 2242
3 2153 2152 2215
3 2126 2189 2190
3 2180 2179 2242
3 2153 2216 2217
3 2128 2127 2190
3 2180 2243 2244
3 2155 2154 2217
3 2128 2191 2192
3 2181 2244 2245
3 2155 2218 2219
3 2129 2192 2193
3 2183 2182 2245
3 2157 2156 2219
3 2131 2130 2193
3 2183 2246 2247
3 2158 2157 2220
3 2132 2131 2194
3 2158 2221 2222
3 2132 2195 2196
3 2159 2222 2223
3 2134 2133 2196
3 2161 2160 2223
3 2134 2197 2198
3 2161 2224 2225
3 2135 2198 2199
3 2163 2162 2225
3 2137 2136 2199
3 2163 2226 2227
3 2137 2200 2201
3 2164 2227 2228
3 2138 2201 2202
3 2166 2165 2228
3 2140 2139 2202
3 2166 2229 2230
3 2140 2203 2204
3 2168 2167 2230
3 2142 2141 2204
3 2169 2168 2231
3 2143 2142 2205
3 2169 2232 2233
3 2143 2206 2207
3 2170 2233 2234
3 2145 2144 2207
3 2237 2236 2299
3 2211 2210 2273
3 2237 2300 2301
3 2211 2274 2275
3 2185 2248 2249
3 2238 2301 2302
3 2212 2275 2276
3 2186 2249 2250
3 2240 2239 2302
3 2214 2213 2276
3 2187 2250 2251
3 2241 2240 2303
3 2214 2277 2278
3 2189 2188 2251
3 2241 2304 2305
3 2216 2215 2278
3 2189 2252 2253
3 2243 2242 2305
3 2216 2279 2280
3 2191 2190 2253
3 2243 2306 2307
3 2218 2217 2280
3 2191 2254 2255
3 2245 2244 2307
3 2218 2281 2282
3 2192 2255 2256
3 2246 2245 2308
3 2220 2219 2282
3 2194 2193 2256
3 2247 2246 2309
3 2221 2220 2283
3 2195 2194 2257
3 2221 2284 2285
3 2195 2258 2259
3 2222 2285 2286
3 2197 2196 2259
3 2224 2223 2286
3 2197 2260 2261
3 2224 2287 2288
3 2198 2261 2262
3 2226 2225 2288
3 2200 2199 2262
3 2226 2289 2290
3 2200 2263 2264
3 2227 2290 2291
3 2201 2264 2265
3 2229 2228 2291
3 2203 2202 2265
3 2229 2292 2293
3 2203 2266 2267
3 2231 2230 2293
3 2205 2204 2267
3 2232 2231 2294
3 2206 2205 2268
3 2232 2295 2296
3 2206 2269 2270
3 2233 2296 2297
3 2208 2207 2270
3 2235 2234 2297
3 2208 2271 2272
3 2235 2298 2299
3 2210 2209 2272
3 2301 2364 2365
3 2275 2338 2339
3 2249 2312 2313
3 2303 2302 2365
3 2277 2276 2339
3 2250 2313 2314
3 2304 2303 2366
3 2277 2340 2341
3 2252 2251 2314
3 2304 2367 2368
3 2279 2278 2341
3 2252 2315 2316
3 2306 2305 2368
3 2279 2342 2343
3 2254 2253 2316
3 2306 2369 2370
3 2281 2280 2343
3 2254 2317 2318
3 2308 2307 2370
3 2281 2344 2345
3 2255 2318 2319
3 2309 2308 2371
3 2283 2282 2345
3 2257 2256 2319
3 2310 2309 2372
3 2284 2283 2346
3 2258 2257 2320
3 2284 2347 2348
3 2258 2321 2322
3 2285 2348 2349
3 2260 2259 2322
3 2287 2286 2349
3 2260 2323 2324
3 2287 2350 2351
3 2261 2324 2325
3 2289 2288 2351
3 2263 2262 2325
3 2289 2352 2353
3 2263 2326 2327
3 2290 2353 2354
3 2264 2327 2328
3 2292 2291 2354
3 2266 2265 2328
3 2292 2355 2356
3 2266 2329 2330
3 2294 2293 2356
3 2268 2267 2330
3 2295 2294 2357
3 2269 2268 2331
3 2295 2358 2359
3 2269 2332 2333
3 2297 2296 2359
3 2271 2270 2333
3 2298 2297 2360
3 2271 2334 2335
3 2298 2361 2362
3 2273 2272 2335
3 2300 2299 2362
3 2274 2273 2336
3 2300 2363 2364
3 2274 2337 2338
3 2248 2311 2312
3 2367 2366 2429
3 2340 2403 2404
3 2314 2377 2378
3 2367 2430 2431
3 2342 2341 2404
3 2315 2378 2379
3 2368 2431 2432
3 2342 2405 2406
3 2317 2316 2379
3 2369 2432 2433
3 2344 2343 2406
3 2317 2380 2381
3 2371 2370 2433
3 2344 2407 2408
3 2318 2381 2382
3 2372 2371 2434
3 2345 2408 2409
3 2320 2319 2382
3 2373 2372 2435
3 2347 2346 2409
3 2321 2320 2383
3 2347 2410 2411
3 2321 2384 2385
3 2348 2411 2412
3 2323 2322 2385
3 2350 2349 2412
3 2323 2386 2387
3 2350 2413 2414
3 2324 2387 2388
3 2352 2351 2414
3 2326 2325 2388
3 2352 2415 2416
3 2326 2389 2390
3 2353 2416 2417
3 2327 2390 2391
3 2355 2354 2417
3 2329 2328 2391
3 2355 2418 2419
3 2329 2392 2393
3 2357 2356 2419
3 2331 2330 2393
3 2358 2357 2420
3 2332 2331 2394
3 2358 2421 2422
3 2332 2395 2396
3 2360 2359 2422
3 2334 2333 2396
3 2361 2360 2423
3 2334 2397 2398
3 2361 2424 2425
3 2336 2335 2398
3 2363 2362 2425
3 2336 2399 2400
3 2364 2363 2426
3 2337 2400 2401
3 2311 2374 2375
3 2364 2427 2428
3 2338 2401 2402
3 2312 2375 2376
3 2366 2365 2428
3 2340 2339 2402
3 2313 2376 2377
3 2432 2431 2494
3 2405 2468 2469
3 2380 2379 2442
3 2432 2495 2496
3 2407 2406 2469
3 2380 2443 2444
3 2433 2496 2497
3 2407 2470 2471
3 2381 2444 2445
3 2435 2434 2497
3 2408 2471 2472
3 2383 2382 2445
3 2435 2498 2499
3 2410 2409 2472
3 2384 2383 2446
3 2411 2410 2473
3 2384 2447 2448
3 2411 2474 2475
3 2386 2385 2448
3 2413 2412 2475
3 2386 2449 2450
3 2413 2476 2477
3 2387 2450 2451
3 2415 2414 2477
3 2389 2388 2451
3 2415 2478 2479
3 2389 2452 2453
3 2416 2479 2480
3 2390 2453 2454
3 2418 2417 2480
3 2392 2391 2454
3 2418 2481 2482
3 2392 2455 2456
3 2420 2419 2482
3 2394 2393 2456
3 2421 2420 2483
3 2395 2394 2457
3 2421 2484 2485
3 2395 2458 2459
3 2423 2422 2485
3 2397 2396 2459
3 2424 2423 2486
3 2397 2460 2461
3 2424 2487 2488
3 2399 2398 2461
3 2426 2425 2488
3 2399 2462 2463
3 2426 2489 2490
3 2400 2463 2464
3 2374 2437 2438
3 2427 2490 2491
3 2402 2401 2464
3 2375 2438 2439
3 2429 2428 2491
3 2403 2402 2465
3 2377 2376 2439
3 2430 2429 2492
3 2403 2466 2467
3 2378 2377 2440
3 2430 2493 2494
3 2405 2404 2467
3 2378 2441 2442
3 2487 2550 2551
3 2462 2461 2524
3 2489 2488 2551
3 2462 2525 2526
3 2489 2552 2553
3 2463 2526 2527
3 2437 2500 2501
3 2490 2553 2554
3 2464 2527 2528
3 2438 2501 2502
3 2492 2491 2554
3 2466 2465 2528
3 2439 2502 2503
3 2493 2492 2555
3 2466 2529 2530
3 2440 2503 2504
3 2493 2556 2557
3 2468 2467 2530
3 2441 2504 2505
3 2495 2494 2557
3 2468 2531 2532
3 2443 2442 2505
3 2495 2558 2559
3 2470 2469 2532
3 2443 2506 2507
3 2497 2496 2559
3 2470 2533 2534
3 2444 2507 2508
3 2498 2497 2560
3 2471 2534 2535
3 2446 2445 2508
3 2499 2498 2561
3 2473 2472 2535
3 2447 2446 2509
3 2474 2473 2536
3 2447 2510 2511
3 2474 2537 2538
3 2449 2448 2511
3 2476 2475 2538
3 2449 2512 2513
3 2476 2539 2540
3 2450 2513 2514
3 2478 2477 2540
3 2452 2451 2514
3 2478 2541 2542
3 2452 2515 2516
3 2479 2542 2543
3 2453 2516 2517
3 2481 2480 2543
3 2455 2454 2517
3 2481 2544 2545
3 2455 2518 2519
3 2483 2482 2545
3 2457 2456 2519
3 2484 2483 2546
3 2458 2457 2520
3 2484 2547 2548
3 2458 2521 2522
3 2486 2485 2548
3 2460 2459 2522
3 2487 2486 2549
3 2460 2523 2524
3 2552 2615 2616
3 2526 2589 2590
3 2500 2563 2564
3 2553 2616 2617
3 2528 2527 2590
3 2501 2564 2565
3 2555 2554 2617
3 2528 2591 2592
3 2502 2565 2566
3 2556 2555 2618
3 2529 2592 2593
3 2504 2503 2566
3 2556 2619 2620
3 2531 2530 2593
3 2504 2567 2568
3 2558 2557 2620
3 2531 2594 2595
3 2506 2505 2568
3 2558 2621 2622
3 2533 2532 2595
3 2506 2569 2570
3 2559 2622 2623
3 2533 2596 2597
3 2507 2570 2571
3 2561 2560 2623
3 2534 2597 2598
3 2509 2508 2571
3 2562 2561 2624
3 2536 2535 2598
3 2510 2509 2572
3 2537 2536 2599
3 2510 2573 2574
3 2537 2600 2601
3 2512 2511 2574
3 2539 2538 2601
3 2512 2575 2576
3 2539 2602 2603
3 2513 2576 2577
3 2541 2540 2603
3 2515 2514 2577
3 2541 2604 2605
3 2515 2578 2579
3 2542 2605 2606
3 2516 2579 2580
3 2544 2543 2606
3 2518 2517 2580
3 2544 2607 2608
3 2518 2581 2582
3 2546 2545 2608
3 2520 2519 2582
3 2547 2546 2609
3 2521 2520 2583
3 2547 2610 2611
3 2521 2584 2585
3 2548 2611 2612
3 2523 2522 2585
3 2550 2549 2612
3 2523 2586 2587
3 2550 2613 2614
3 2525 2524 2587
3 2552 2551 2614
3 2525 2588 2589
3 2618 2617 2680
3 2592 2591 2654
3 2565 2628 2629
3 2619 2618 2681
3 2592 2655 2656
3 2566 2629 2630
3 2619 2682 2683
3 2594 2593 2656
3 2567 2630 2631
3 2620 2683 2684
3 2594 2657 2658
3 2569 2568 2631
3 2621 2684 2685
3 2596 2595 2658
3 2569 2632 2633
3 2623 2622 2685
3 2596 2659 2660
3 2570 2633 2634
3 2624 2623 2686
3 2597 2660 2661
3 2572 2571 2634
3 2625 2624 2687
3 2599 2598 2661
3 2572 2635 2636
3 2600 2599 2662
3 2573 2636 2637
3 2600 2663 2664
3 2575 2574 2637
3 2602 2601 2664
3 2575 2638 2639
3 2602 2665 2666
3 2577 2576 2639
3 2604 2603 2666
3 2578 2577 2640
3 2604 2667 2668
3 2578 2641 2642
3 2605 2668 2669
3 2579 2642 2643
3 2607 2606 2669
3 2581 2580 2643
3 2607 2670 2671
3 2581 2644 2645
3 2609 2608 2671
3 2583 2582 2645
3 2610 2609 2672
3 2584 2583 2646
3 2610 2673 2674
3 2584 2647 2648
3 2611 2674 2675
3 2586 2585 2648
3 2613 2612 2675
3 2586 2649 2650
3 2613 2676 2677
3 2588 2587 2650
3 2615 2614 2677
3 2588 2651 2652
3 2616 2615 2678
3 2589 2652 2653
3 2563 2626 2627
3 2616 2679 2680
3 2591 2590 2653
3 2564 2627 2628
3 2682 2745 2746
3 2657 2656 2719
3 2630 2693 2694
3 2684 2683 2746
3 2657 2720 2721
3 2632 2631 2694
3 2684 2747 2748
3 2659 2658 2721
3 2632 2695 2696
3 2686 2685 2748
3 2659 2722 2723
3 2633 2696 2697
3 2686 2749 2750
3 2660 2723 2724
3 2635 2634 2697
3 2687 2750 2751
3 2662 2661 2724
3 2635 2698 2699
3 2663 2662 2725
3 2636 2699 2700
3 2663 2726 2727
3 2638 2637 2700
3 2665 2664 2727
3 2638 2701 2702
3 2665 2728 2729
3 2640 2639 2702
3 2667 2666 2729
3 2641 2640 2703
3 2667 2730 2731
3 2641 2704 2705
3 2668 2731 2732
3 2642 2705 2706
3 2670 2669 2732
3 2644 2643 2706
3 2670 2733 2734
3 2644 2707 2708
3 2672 2671 2734
3 2646 2645 2708
3 2673 2672 2735
3 2647 2646 2709
3 2673 2736 2737
3 2647 2710 2711
3 2674 2737 2738
3 2649 2648 2711
3 2676 2675 2738
3 2649 2712 2713
3 2676 2739 2740
3 2651 2650 2713
3 2678 2677 2740
3 2651 2714 2715
3 2679 2678 2741
3 2652 2715 2716
3 2626 2689 2690
3 2679 2742 2743
3 2654 2653 2716
3 2627 2690 2691
3 2680 2743 2744
3 2655 2654 2717
3 2629 2628 2691
3 2682 2681 2744
3 2655 2718 2719
3 2630 2629 2692
3 2747 2810 2811
3 2722 2721 2784
3 2695 2758 2759
3 2748 2811 2812
3 2722 2785 2786
3 2696 2759 2760
3 2750 2749 2812
3 2723 2786 2787
3 2698 2697 2760
3 2750 2813 2814
3 2725 2724 2787
3 2699 2698 2761
3 2726 2725 2788
3 2699 2762 2763
3 2726 2789 2790
3 2701 2700 2763
3 2728 2727 2790
3 2701 2764 2765
3 2728 2791 2792
3 2703 2702 2765
3 2730 2729 2792
3 2704 2703 2766
3 2730 2793 2794
3 2704 2767 2768
3 2731 2794 2795
3 2705 2768 2769
3 2733 2732 2795
3 2707 2706 2769
3 2733 2796 2797
3 2707 2770 2771
3 2735 2734 2797
3 2709 2708 2771
3 2736 2735 2798
3 2710 2709 2772
3 2736 2799 2800
3 2710 2773 2774
3 2737 2800 2801
3 2712 2711 2774
3 2739 2738 2801
3 2712 2775 2776
3 2739 2802 2803
3 2714 2713 2776
3 2741 2740 2803
3 2714 2777 2778
3 2741 2804 2805
3 2715 2778 2779
3 2690 2689 2752
3 2742 2805 2806
3 2717 2716 2779
3 2690 2753 2754
3 2744 2743 2806
3 2718 2717 2780
3 2691 2754 2755
3 2745 2744 2807
3 2718 2781 2782
3 2693 2692 2755
3 2745 2808 2809
3 2720 2719 2782
3 2694 2693 2756
3 2747 2746 2809
3 2720 2783 2784
3 2695 2694 2757
3 2813 2812 2875
3 2786 2849 2850
3 2761 2760 2823
3 2813 2876 2877
3 2788 2787 2850
3 2762 2761 2824
3 2789 2788 2851
3 2762 2825 2826
3 2789 2852 2853
3 2764 2763 2826
3 2791 2790 2853
3 2764 2827 2828
3 2791 2854 2855
3 2766 2765 2828
3 2793 2792 2855
3 2767 2766 2829
3 2793 2856 2857
3 2767 2830 2831
3 2794 2857 2858
3 2768 2831 2832
3 2796 2795 2858
3 2770 2769 2832
3 2796 2859 2860
3 2770 2833 2834
3 2798 2797 2860
3 2772 2771 2834
3 2799 2798 2861
3 2773 2772 2835
3 2799 2862 2863
3 2773 2836 2837
3 2800 2863 2864
3 2775 2774 2837
3 2802 2801 2864
3 2775 2838 2839
3 2802 2865 2866
3 2777 2776 2839
3 2804 2803 2866
3 2777 2840 2841
3 2804 2867 2868
3 2778 2841 2842
3 2752 2815 2816
3 2805 2868 2869
3 2780 2779 2842
3 2753 2816 2817
3 2807 2806 2869
3 2781 2780 2843
3 2755 2754 2817
3 2808 2807 2870
3 2781 2844 2845
3 2756 2755 2818
3 2808 2871 2872
3 2783 2782 2845
3 2757 2756 2819
3 2810 2809 2872
3 2783 2846 2847
3 2758 2757 2820
3 2810 2873 2874
3 2785 2784 2847
3 2758 2821 2822
3 2811 2874 2875
3 2785 2848 2849
3 2759 2822 2823
3 2852 2851 2914
3 2825 2888 2889
3 2852 2915 2916
3 2827 2826 2889
3 2854 2853 2916
3 2827 2890 2891
3 2854 2917 2918
3 2829 2828 2891
3 2856 2855 2918
3 2830 2829 2892
3 2856 2919 2920
3 2830 2893 2894
3 2857 2920 2921
3 2831 2894 2895
3 2859 2858 2921
3 2833 2832 2895
3 2859 2922 2923
3 2833 2896 2897
3 2861 2860 2923
3 2835 2834 2897
3 2862 2861 2924
3 2836 2835 2898
3 2862 2925 2926
3 2836 2899 2900
3 2863 2926 2927
3 2838 2837 2900
3 2865 2864 2927
3 2838 2901 2902
3 2865 2928 2929
3 2840 2839 2902
3 2867 2866 2929
3 2840 2903 2904
3 2868 2867 2930
3 2841 2904 2905
3 2815 2878 2879
3 2868 2931 2932
3 2843 2842 2905
3 2816 2879 2880
3 2869 2932 2933
3 2844 2843 2906
3 2817 2880 2881
3 2871 2870 2933
3 2844 2907 2908
3 2818 2881 2882
3 2871 2934 2935
3 2846 2845 2908
3 2819 2882 2883
3 2872 2935 2936
3 2846 2909 2910
3 2821 2820 2883
3 2873 2936 2937
3 2848 2847 2910
3 2821 2884 2885
3 2875 2874 2937
3 2848 2911 2912
3 2823 2822 2885
3 2876 2875 2938
3 2849 2912 2913
3 2824 2823 2886
3 2876 2939 2940
3 2851 2850 2913
3 2824 2887 2888
3 2917 2916 2979
3 2890 2953 2954
3 2917 2980 2981
3 2892 2891 2954
3 2919 2918 2981
3 2893 2892 2955
3 2919 2982 2983
3 2893 2956 2957
3 2920 2983 2984
3 2894 2957 2958
3 2922 2921 2984
3 2896 2895 2958
3 2922 2985 2986
3 2896 2959 2960
3 2924 2923 2986
3 2898 2897 2960
3 2925 2924 2987
3 2899 2898 2961
3 2925 2988 2989
3 2899 2962 2963
3 2926 2989 2990
3 2901 2900 2963
3 2928 2927 2990
3 2901 2964 2965
3 2928 2991 2992
3 2903 2902 2965
3 2930 2929 2992
3 2903 2966 2967
3 2930 2993 2994
3 2904 2967 2968
3 2878 2941 2942
3 2931 2994 2995
3 2906 2905 2968
3 2879 2942 2943
3 2932 2995 2996
3 2907 2906 2969
3 2881 2880 2943
3 2934 2933 2996
3 2907 2970 2971
3 2882 2881 2944
3 2934 2997 2998
3 2909 2908 2971
3 2882 2945 2946
3 2936 2935 2998
3 2909 2972 2973
3 2884 2883 2946
3 2936 2999 3000
3 2911 2910 2973
3 2884 2947 2948
3 2937 3000 3001
3 2911 2974 2975
3 2886 2885 2948
3 2938 3001 3002
3 2912 2975 2976
3 2887 2886 2949
3 2939 3002 3003
3 2914 2913 2976
3 2888 2887 2950
3 2915 2914 2977
3 2888 2951 2952
3 2915 2978 2979
3 2890 2889 2952
3 2982 2981 3044
3 2956 2955 3018
3 2982 3045 3046
3 2956 3019 3020
3 2983 3046 3047
3 2957 3020 3021
3 2985 2984 3047
3 2959 2958 3021
3 2985 3048 3049
3 2959 3022 3023
3 2987 2986 3049
3 2961 2960 3023
3 2988 2987 3050
3 2962 2961 3024
3 2988 3051 3052
3 2962 3025 3026
3 2989 3052 3053
3 2964 2963 3026
3 2991 2990 3053
3 2964 3027 3028
3 2991 3054 3055
3 2966 2965 3028
3 2993 2992 3055
3 2966 3029 3030
3 2994 2993 3056
3 2967 3030 3031
3 2942 2941 3004
3 2994 3057 3058
3 2969 2968 3031
3 2942 3005 3006
3 2995 3058 3059
3 2970 2969 3032
3 2943 3006 3007
3 2997 2996 3059
3 2970 3033 3034
3 2945 2944 3007
3 2997 3060 3061
3 2972 2971 3034
3 2945 3008 3009
3 2999 2998 3061
3 2972 3035 3036
3 2947 2946 3009
3 2999 3062 3063
3 2974 2973 3036
3 2947 3010 3011
3 3000 3063 3064
3 2974 3037 3038
3 2948 3011 3012
3 3002 3001 3064
3 2975 3038 3039
3 2950 2949 3012
3 3002 3065 3066
3 2977 2976 3039
3 2951 2950 3013
3 2978 2977 3040
3 2951 3014 3015
3 2978 3041 3042
3 2953 2952 3015
3 2980 2979 3042
3 2953 3016 3017
3 2980 3043 3044
3 2955 2954 3017
3 3046 3109 3110
3 3020 3083 3084
3 3048 3047 3110
3 3022 3021 3084
3 3048 3111 3112
3 3022 3085 3086
3 3050 3049 3112
3 3024 3023 3086
3 3051 3050 3113
3 3025 3024 3087
3 3051 3114 3115
3 3025 3088 3089
3 3052 3115 3116
3 3027 3026 3089
3 3054 3053 3116
3 3027 3090 3091
3 3054 3117 3118
3 3029 3028 3091
3 3056 3055 3118
3 3029 3092 3093
3 3056 3119 3120
3 3030 3093 3094
3 3005 3004 3067
3 3057 3120 3121
3 3032 3031 3094
3 3005 3068 3069
3 3058 3121 3122
3 3033 3032 3095
3 3006 3069 3070
3 3060 3059 3122
3 3033 3096 3097
3 3008 3007 3070
3 3060 3123 3124
3 3035 3034 3097
3 3008 3071 3072
3 3061 3124 3125
3 3035 3098 3099
3 3010 3009 3072
3 3062 3125 3126
3 3037 3036 3099
3 3010 3073 3074
3 3064 3063 3126
3 3037 3100 3101
3 3011 3074 3075
3 3065 3064 3127
3 3038 3101 3102
3 3013 3012 3075
3 3065 3128 3129
3 3040 3039 3102
3 3014 3013 3076
3 3041 3040 3103
3 3014 3077 3078
3 3041 3104 3105
3 3016 3015 3078
3 3043 3042 3105
3 3016 3079 3080
3 3043 3106 3107
3 3018 3017 3080
3 3045 3044 3107
3 3019 3018 3081
3 3045 3108 3109
3 3019 3082 3083
3 3111 3174 3175
3 3085 3148 3149
3 3113 3112 3175
3 3087 3086 3149
3 3114 3113 3176
3 3088 3087 3150
3 3114 3177 3178
3 3088 3151 3152
3 3115 3178 3179
3 3090 3089 3152
3 3117 3116 3179
3 3090 3153 3154
3 3117 3180 3181
3 3092 3091 3154
3 3119 3118 3181
3 3092 3155 3156
3 3120 3119 3182
3 3093 3156 3157
3 3067 3130 3131
3 3120 3183 3184
3 3095 3094 3157
3 3068 3131 3132
3 3121 3184 3185
3 3096 3095 3158
3 3069 3132 3133
3 3123 3122 3185
3 3096 3159 3160
3 3071 3070 3133
3 3123 3186 3187
3 3098 3097 3160
3 3071 3134 3135
3 3125 3124 3187
3 3098 3161 3162
3 3073 3072 3135
3 3125 3188 3189
3 3100 3099 3162
3 3073 3136 3137
3 3127 3126 3189
3 3100 3163 3164
3 3074 3137 3138
3 3128 3127 3190
3 3101 3164 3165
3 3076 3075 3138
3 3129 3128 3191
3 3103 3102 3165
3 3076 3139 3140
3 3104 3103 3166
3 3077 3140 3141
3 3104 3167 3168
3 3079 3078 3141
3 3106 3105 3168
3 3079 3142 3143
3 3106 3169 3170
3 3081 3080 3143
3 3108 3107 3170
3 3082 3081 3144
3 3108 3171 3172
3 3082 3145 3146
3 3109 3172 3173
3 3083 3146 3147
3 3111 3110 3173
3 3085 3084 3147
3 3177 3176 3239
3 3151 3150 3213
3 3177 3240 3241
3 3151 3214 3215
3 3178 3241 3242
3 3153 3152 3215
3 3180 3179 3242
3 3153 3216 3217
3 3180 3243 3244
3 3155 3154 3217
3 3182 3181 3244
3 3155 3218 3219
3 3182 3245 3246
3 3156 3219 3220
3 3130 3193 3194
3 3183 3246 3247
3 3158 3157 3220
3 3131 3194 3195
3 3184 3247 3248
3 3158 3221 3222
3 3132 3195 3196
3 3186 3185 3248
3 3159 3222 3223
3 3134 3133 3196
3 3186 3249 3250
3 3161 3160 3223
3 3134 3197 3198
3 3188 3187 3250
3 3161 3224 3225
3 3136 3135 3198
3 3188 3251 3252
3 3163 3162 3225
3 3136 3199 3200
3 3189 3252 3253
3 3163 3226 3227
3 3137 3200 3201
3 3191 3190 3253
3 3164 3227 3228
3 3139 3138 3201
3 3192 3191 3254
3 3166 3165 3228
3 3140 3139 3202
3 3167 3166 3229
3 3140 3203 3204
3 3167 3230 3231
3 3142 3141 3204
3 3169 3168 3231
3 3142 3205 3206
3 3169 3232 3233
3 3144 3143 3206
3 3171 3170 3233
3 3145 3144 3207
3 3171 3234 3235
3 3145 3208 3209
3 3172 3235 3236
3 3146 3209 3210
3 3174 3173 3236
3 3148 3147 3210
3 3174 3237 3238
3 3148 3211 3212
3 3176 3175 3238
3 3150 3149 3212
3 3240 3239 3302
3 3216 3215 3278
3 3240 3303 3304
3 3216 3279 3280
3 3241 3304 3305
3 3218 3217 3280
3 3243 3242 3305
3 3218 3281 3282
3 3243 3306 3307
3 3219 3282 3283
3 3193 3256 3257
3 3245 3244 3307
3 3221 3220 3283
3 3194 3257 3258
3 3245 3308 3309
3 3221 3284 3285
3 3196 3195 3258
3 3246 3309 3310
3 3222 3285 3286
3 3197 3196 3259
3 3247 3310 3311
3 3224 3223 3286
3 3197 3260 3261
3 3249 3248 3311
3 3224 3287 3288
3 3199 3198 3261
3 3249 3312 3313
3 3226 3225 3288
3 3199 3262 3263
3 3251 3250 3313
3 3226 3289 3290
3 3200 3263 3264
3 3251 3314 3315
3 3227 3290 3291
3 3202 3201 3264
3 3252 3315 3316
3 3229 3228 3291
3 3202 3265 3266
3 3254 3253 3316
3 3230 3229 3292
3 3203 3266 3267
3 3254 3317 3318
3 3205 3204 3267
3 3205 3268 3269
3 3230 3293 3294
3 3207 3206 3269
3 3232 3231 3294
3 3208 3207 3270
3 3232 3295 3296
3 3208 3271 3272
3 3234 3233 3296
3 3209 3272 3273
3 3234 3297 3298
3 3211 3210 3273
3 3235 3298 3299
3 3211 3274 3275
3 3237 3236 3299
3 3213 3212 3275
3 3237 3300 3301
3 3214 3213 3276
3 3239 3238 3301
3 3214 3277 3278
3 3304 3367 3368
3 3279 3278 3341
3 3306 3305 3368
3 3279 3342 3343
3 3306 3369 3370
3 3281 3280 3343
3 3308 3307 3370
3 3281 3344 3345
3 3308 3371 3372
3 3282 3345 3346
3 3256 3319 3320
3 3309 3372 3373
3 3284 3283 3346
3 3257 3320 3321
3 3311 3310 3373
3 3284 3347 3348
3 3258 3321 3322
3 3312 3311 3374
3 3285 3348 3349
3 3260 3259 3322
3 3312 3375 3376
3 3287 3286 3349
3 3260 3323 3324
3 3314 3313 3376
3 3287 3350 3351
3 3262 3261 3324
3 3314 3377 3378
3 3289 3288 3351
3 3262 3325 3326
3 3315 3378 3379
3 3290 3289 3352
3 3263 3326 3327
3 3317 3316 3379
3 3290 3353 3354
3 3265 3264 3327
3 3317 3380 3381
3 3292 3291 3354
3 3266 3265 3328
3 3293 3292 3355
3 3266 3329 3330
3 3293 3356 3357
3 3268 3267 3330
3 3295 3294 3357
3 3268 3331 3332
3 3295 3358 3359
3 3270 3269 3332
3 3297 3296 3359
3 3271 3270 3333
3 3297 3360 3361
3 3271 3334 3335
3 3298 3361 3362
3 3272 3335 3336
3 3300 3299 3362
3 3274 3273 3336
3 3300 3363 3364
3 3274 3337 3338
3 3302 3301 3364
3 3276 3275 3338
3 3303 3302 3365
3 3277 3276 3339
3 3303 3366 3367
3 3277 3340 3341
3 3369 3432 3433
3 3344 3343 3406
3 3371 3370 3433
3 3344 3407 3408
3 3371 3434 3435
3 3345 3408 3409
3 3319 3382 3383
3 3372 3435 3436
3 3347 3346 3409
3 3320 3383 3384
3 3374 3373 3436
3 3347 3410 3411
3 3321 3384 3385
3 3375 3374 3437
3 3349 3348 3411
3 3323 3322 3385
3 3375 3438 3439
3 3350 3349 3412
3 3324 3323 3386
3 3376 3439 3440
3 3350 3413 3414
3 3325 3324 3387
3 3377 3440 3441
3 3351 3414 3415
3 3325 3388 3389
3 3378 3441 3442
3 3353 3352 3415
3 3326 3389 3390
3 3380 3379 3442
3 3353 3416 3417
3 3328 3327 3390
3 3381 3380 3443
3 3355 3354 3417
3 3329 3328 3391
3 3356 3355 3418
3 3329 3392 3393
3 3356 3419 3420
3 3331 3330 3393
3 3358 3357 3420
3 3331 3394 3395
3 3358 3421 3422
3 3333 3332 3395
3 3360 3359 3422
3 3334 3333 3396
3 3360 3423 3424
3 3334 3397 3398
3 3361 3424 3425
3 3335 3398 3399
3 3363 3362 3425
3 3337 3336 3399
3 3363 3426 3427
3 3337 3400 3401
3 3365 3364 3427
3 3339 3338 3401
3 3366 3365 3428
3 3340 3339 3402
3 3366 3429 3430
3 3340 3403 3404
3 3367 3430 3431
3 3342 3341 3404
3 3369 3368 3431
3 3342 3405 3406
3 3434 3497 3498
3 3408 3471 3472
3 3382 3445 3446
3 3435 3498 3499
3 3410 3409 3472
3 3383 3446 3447
3 3437 3436 3499
3 3410 3473 3474
3 3384 3447 3448
3 3438 3437 3500
3 3411 3474 3475
3 3386 3385 3448
3 3438 3501 3502
3 3413 3412 3475
3 3386 3449 3450
3 3440 3439 3502
3 3413 3476 3477
3 3388 3387 3450
3 3440 3503 3504
3 3415 3414 3477
3 3388 3451 3452
3 3442 3441 3504
3 3416 3415 3478
3 3389 3452 3453
3 3442 3505 3506
3 3416 3479 3480
3 3391 3390 3453
3 3443 3506 3507
3 3418 3417 3480
3 3392 3391 3454
3 3419 3418 3481
3 3392 3455 3456
3 3419 3482 3483
3 3394 3393 3456
3 3421 3420 3483
3 3394 3457 3458
3 3421 3484 3485
3 3396 3395 3458
3 3423 3422 3485
3 3397 3396 3459
3 3423 3486 3487
3 3397 3460 3461
3 3424 3487 3488
3 3398 3461 3462
3 3426 3425 3488
3 3400 3399 3462
3 3426 3489 3490
3 3400 3463 3464
3 3428 3427 3490
3 3402 3401 3464
3 3429 3428 3491
3 3403 3402 3465
3 3429 3492 3493
3 3403 3466 3467
3 3430 3493 3494
3 3405 3404 3467
3 3432 3431 3494
3 3405 3468 3469
3 3432 3495 3496
3 3407 3406 3469
3 3434 3433 3496
3 3407 3470 3471
3 3500 3499 3562
3 3473 3536 3537
3 3447 3510 3511
3 3501 3500 3563
3 3474 3537 3538
3 3449 3448 3511
3 3501 3564 3565
3 3476 3475 3538
3 3449 3512 3513
3 3503 3502 3565
3 3476 3539 3540
3 3451 3450 3513
3 3503 3566 3567
3 3478 3477 3540
3 3451 3514 3515
3 3504 3567 3568
3 3479 3478 3541
3 3452 3515 3516
3 3506 3505 3568
3 3479 3542 3543
3 3454 3453 3516
3 3507 3506 3569
3 3481 3480 3543
3 3454 3517 3518
3 3482 3481 3544
3 3455 3518 3519
3 3482 3545 3546
3 3457 3456 3519
3 3484 3483 3546
3 3457 3520 3521
3 3484 3547 3548
3 3459 3458 3521
3 3486 3485 3548
3 3460 3459 3522
3 3486 3549 3550
3 3460 3523 3524
3 3487 3550 3551
3 3461 3524 3525
3 3489 3488 3551
3 3463 3462 3525
3 3489 3552 3553
3 3463 3526 3527
3 3491 3490 3553
3 3465 3464 3527
3 3492 3491 3554
3 3466 3465 3528
3 3492 3555 3556
3 3466 3529 3530
3 3493 3556 3557
3 3468 3467 3530
3 3495 3494 3557
3 3468 3531 3532
3 3495 3558 3559
3 3470 3469 3532
3 3497 3496 3559
3 3470 3533 3534
3 3497 3560 3561
3 3471 3534 3535
3 3445 3508 3509
3 3498 3561 3562
3 3473 3472 3535
3 3446 3509 3510
3 3564 3627 3628
3 3539 3538 3601
3 3512 3575 3576
3 3566 3565 3628
3 3539 3602 3603
3 3514 3513 3576
3 3566 3629 3630
3 3540 3603 3604
3 3514 3577 3578
3 3568 3567 3630
3 3542 3541 3604
3 3515 3578 3579
3 3569 3568 3631
3 3542 3605 3606
3 3517 3516 3579
3 3570 3569 3632
3 3544 3543 3606
3 3517 3580 3581
3 3545 3544 3607
3 3518 3581 3582
3 3545 3608 3609
3 3520 3519 3582
3 3547 3546 3609
3 3520 3583 3584
3 3547 3610 3611
3 3522 3521 3584
3 3549 3548 3611
3 3523 3522 3585
3 3549 3612 3613
3 3523 3586 3587
3 3550 3613 3614
3 3524 3587 3588
3 3552 3551 3614
3 3526 3525 3588
3 3552 3615 3616
3 3526 3589 3590
3 3554 3553 3616
3 3528 3527 3590
3 3555 3554 3617
3 3529 3528 3591
3 3555 3618 3619
3 3529 3592 3593
3 3556 3619 3620
3 3531 3530 3593
3 3558 3557 3620
3 3531 3594 3595
3 3558 3621 3622
3 3533 3532 3595
3 3560 3559 3622
3 3533 3596 3597
3 3560 3623 3624
3 3534 3597 3598
3 3508 3571 3572
3 3561 3624 3625
3 3536 3535 3598
3 3509 3572 3573
3 3563 3562 3625
3 3536 3599 3600
3 3510 3573 3574
3 3564 3563 3626
3 3538 3537 3600
3 3512 3511 3574
3 3629 3692 3693
3 3603 3666 3667
3 3577 3640 3641
3 3630 3693 3694
3 3605 3604 3667
3 3578 3641 3642
3 3632 3631 3694
3 3605 3668 3669
3 3580 3579 3642
3 3633 3632 3695
3 3607 3606 3669
3 3581 3580 3643
3 3608 3607 3670
3 3581 3644 3645
3 3608 3671 3672
3 3583 3582 3645
3 3610 3609 3672
3 3583 3646 3647
3 3610 3673 3674
3 3585 3584 3647
3 3612 3611 3674
3 3586 3585 3648
3 3612 3675 3676
3 3586 3649 3650
3 3613 3676 3677
3 3587 3650 3651
3 3615 3614 3677
3 3589 3588 3651
3 3615 3678 3679
3 3589 3652 3653
3 3617 3616 3679
3 3591 3590 3653
3 3618 3617 3680
3 3592 3591 3654
3 3618 3681 3682
3 3592 3655 3656
3 3619 3682 3683
3 3594 3593 3656
3 3621 3620 3683
3 3594 3657 3658
3 3621 3684 3685
3 3596 3595 3658
3 3623 3622 3685
3 3596 3659 3660
3 3623 3686 3687
3 3597 3660 3661
3 3571 3634 3635
3 3624 3687 3688
3 3599 3598 3661
3 3572 3635 3636
3 3626 3625 3688
3 3599 3662 3663
3 3573 3636 3637
3 3627 3626 3689
3 3601 3600 3663
3 3575 3574 3637
3 3627 3690 3691
3 3602 3601 3664
3 3575 3638 3639
3 3628 3691 3692
3 3602 3665 3666
3 3577 3576 3639
3 3695 3694 3757
3 3668 3731 3732
3 3643 3642 3705
3 3695 3758 3759
3 3670 3669 3732
3 3644 3643 3706
3 3671 3670 3733
3 3644 3707 3708
3 3671 3734 3735
3 3646 3645 3708
3 3673 3672 3735
3 3646 3709 3710
3 3673 3736 3737
3 3648 3647 3710
3 3675 3674 3737
3 3649 3648 3711
3 3675 3738 3739
3 3649 3712 3713
3 3676 3739 3740
3 3650 3713 3714
3 3678 3677 3740
3 3652 3651 3714
3 3678 3741 3742
3 3652 3715 3716
3 3680 3679 3742
3 3654 3653 3716
3 3681 3680 3743
3 3655 3654 3717
3 3681 3744 3745
3 3655 3718 3719
3 3682 3745 3746
3 3657 3656 3719
3 3684 3683 3746
3 3657 3720 3721
3 3684 3747 3748
3 3659 3658 3721
3 3686 3685 3748
3 3659 3722 3723
3 3687 3686 3749
3 3660 3723 3724
3 3634 3697 3698
3 3687 3750 3751
3 3662 3661 3724
3 3635 3698 3699
3 3689 3688 3751
3 3662 3725 3726
3 3636 3699 3700
3 3690 3689 3752
3 3664 3663 3726
3 3638 3637 3700
3 3690 3753 3754
3 3665 3664 3727
3 3638 3701 3702
3 3692 3691 3754
3 3665 3728 3729
3 3640 3639 3702
3 3692 3755 3756
3 3666 3729 3730
3 3640 3703 3704
3 3693 3756 3757
3 3668 3667 3730
3 3641 3704 3705
3 3734 3733 3796
3 3707 3770 3771
3 3734 3797 3798
3 3709 3708 3771
3 3736 3735 3798
3 3709 3772 3773
3 3736 3799 3800
3 3711 3710 3773
3 3738 3737 3800
3 3711 3774 3775
3 3738 3801 3802
3 3712 3775 3776
3 3739 3802 3803
3 3713 3776 3777
3 3741 3740 3803
3 3715 3714 3777
3 3741 3804 3805
3 3715 3778 3779
3 3743 3742 3805
3 3717 3716 3779
3 3744 3743 3806
3 3718 3717 3780
3 3744 3807 3808
3 3718 3781 3782
3 3745 3808 3809
3 3720 3719 3782
3 3747 3746 3809
3 3720 3783 3784
3 3747 3810 3811
3 3722 3721 3784
3 3749 3748 3811
3 3722 3785 3786
3 3749 3812 3813
3 3723 3786 3787
3 3697 3760 3761
3 3751 3750 3813
3 3725 3724 3787
3 3698 3761 3762
3 3751 3814 3815
3 3725 3788 3789
3 3699 3762 3763
3 3753 3752 3815
3 3727 3726 3789
3 3701 3700 3763
3 3753 3816 3817
3 3728 3727 3790
3 3701 3764 3765
3 3755 3754 3817
3 3728 3791 3792
3 3703 3702 3765
3 3755 3818 3819
3 3729 3792 3793
3 3703 3766 3767
3 3756 3819 3820
3 3731 3730 3793
3 3704 3767 3768
3 3758 3757 3820
3 3731 3794 3795
3 3705 3768 3769
3 3758 3821 3822
3 3733 3732 3795
3 3706 3769 3770
3 3799 3798 3861
3 3772 3835 3836
3 3799 3862 3863
3 3774 3773 3836
3 3801 3800 3863
3 3775 3774 3837
3 3801 3864 3865
3 3775 3838 3839
3 3802 3865 3866
3 3776 3839 3840
3 3804 3803 3866
3 3778 3777 3840
3 3804 3867 3868
3 3778 3841 3842
3 3806 3805 3868
3 3780 3779 3842
3 3807 3806 3869
3 3781 3780 3843
3 3807 3870 3871
3 3781 3844 3845
3 3808 3871 3872
3 3783 3782 3845
3 3810 3809 3872
3 3783 3846 3847
3 3810 3873 3874
3 3785 3784 3847
3 3812 3811 3874
3 3785 3848 3849
3 3812 3875 3876
3 3786 3849 3850
3 3760 3823 3824
3 3813 3876 3877
3 3788 3787 3850
3 3761 3824 3825
3 3814 3877 3878
3 3788 3851 3852
3 3762 3825 3826
3 3816 3815 3878
3 3790 3789 3852
3 3764 3763 3826
3 3816 3879 3880
3 3791 3790 3853
3 3764 3827 3828
3 3818 3817 3880
3 3791 3854 3855
3 3766 3765 3828
3 3818 3881 3882
3 3792 3855 3856
3 3766 3829 3830
3 3819 3882 3883
3 3794 3793 3856
3 3767 3830 3831
3 3821 3820 3883
3 3794 3857 3858
3 3769 3768 3831
3 3821 3884 3885
3 3796 3795 3858
3 3770 3769 3832
3 3797 3796 3859
3 3770 3833 3834
3 3797 3860 3861
3 3772 3771 3834
3 3864 3863 3926
3 3837 3900 3901
3 3864 3927 3928
3 3838 3901 3902
3 3865 3928 3929
3 3839 3902 3903
3 3867 3866 3929
3 3841 3840 3903
3 3867 3930 3931
3 3841 3904 3905
3 3869 3868 3931
3 3843 3842 3905
3 3870 3869 3932
3 3844 3843 3906
3 3871 3870 3933
3 3844 3907 3908
3 3871 3934 3935
3 3846 3845 3908
3 3873 3872 3935
3 3846 3909 3910
3 3873 3936 3937
3 3848 3847 3910
3 3875 3874 3937
3 3848 3911 3912
3 3875 3938 3939
3 3849 3912 3913
3 3824 3823 3886
3 3877 3876 3939
3 3851 3850 3913
3 3824 3887 3888
3 3877 3940 3941
3 3851 3914 3915
3 3825 3888 3889
3 3879 3878 3941
3 3852 3915 3916
3 3827 3826 3889
3 3879 3942 3943
3 3854 3853 3916
3 3827 3890 3891
3 3881 3880 3943
3 3854 3917 3918
3 3829 3828 3891
3 3881 3944 3945
3 3856 3855 3918
3 3829 3892 3893
3 3882 3945 3946
3 3857 3856 3919
3 3831 3830 3893
3 3883 3946 3947
3 3857 3920 3921
3 3831 3894 3895
3 3884 3947 3948
3 3859 3858 3921
3 3833 3832 3895
3 3860 3859 3922
3 3833 3896 3897
3 3860 3923 3924
3 3835 3834 3897
3 3862 3861 3924
3 3835 3898 3899
3 3862 3925 3926
3 3837 3836 3899
3 3928 3991 3992
3 3902 3965 3966
3 3930 3929 3992
3 3904 3903 3966
3 3930 3993 3994
3 3904 3967 3968
3 3932 3931 3994
3 3906 3905 3968
3 3933 3932 3995
3 3907 3906 3969
3 3934 3933 3996
3 3907 3970 3971
3 3934 3997 3998
3 3909 3908 3971
3 3936 3935 3998
3 3909 3972 3973
3 3936 3999 4000
3 3911 3910 3973
3 3938 3937 4000
3 3911 3974 3975
3 3938 4001 4002
3 3912 3975 3976
3 3886 3949 3950
3 3940 3939 4002
3 3914 3913 3976
3 3887 3950 3951
3 3941 3940 4003
3 3914 3977 3978
3 3888 3951 3952
3 3942 3941 4004
3 3915 3978 3979
3 3889 3952 3953
3 3942 4005 4006
3 3917 3916 3979
3 3890 3953 3954
3 3944 3943 4006
3 3917 3980 3981
3 3892 3891 3954
3 3944 4007 4008
3 3919 3918 3981
3 3892 3955 3956
3 3946 3945 4008
3 3920 3919 3982
3 3893 3956 3957
3 3947 3946 4009
3 3920 3983 3984
3 3894 3957 3958
3 3947 4010 4011
3 3922 3921 3984
3 3896 3895 3958
3 3923 3922 3985
3 3896 3959 3960
3 3923 3986 3987
3 3898 3897 3960
3 3925 3924 3987
3 3898 3961 3962
3 3925 3988 3989
3 3900 3899 3962
3 3927 3926 3989
3 3900 3963 3964
3 3927 3990 3991
3 3901 3964 3965
3 3993 29 4028
3 3967 7 8
3 3994 4028 30
3 3969 3968 8
3 3995 30 31
3 3970 3969 9
3 3996 31 32
3 3970 10 11
3 3997 32 33
3 3972 3971 11
3 3998 33 34
3 3972 12 13
3 3999 34 4029
3 3974 3973 13
3 4000 4029 35
3 3975 3974 14
3 4001 35 36
3 3975 15 4024
3 3950 3949 4012
3 4002 36 37
3 3977 3976 4024
3 3950 4013 4014
3 4003 37 38
3 3977 16 17
3 3952 3951 4014
3 4004 38 39
3 3979 3978 17
3 3953 3952 1
3 4005 39 40
3 3980 3979 18
3 3953 4015 2
3 4007 4006 40
3 3980 19 4025
3 3955 3954 2
3 4007 4030 41
3 3981 4025 20
3 3955 4016 4017
3 4008 41 4031
3 3983 3982 20
3 3956 4017 4018
3 4010 4009 4031
3 3983 21 4026
3 3957 4018 4019
3 4010 4032 4033
3 3985 3984 4026
3 3959 3958 4019
3 3985 22 23
3 3959 4020 4021
3 3986 23 4027
3 3961 3960 4021
3 3988 3987 4027
3 3962 3961 3
3 3988 24 25
3 3963 3962 4022
3 3990 3989 25
3 3964 3963 4
3 3990 26 27
3 3965 3964 5
3 3991 27 28
3 3965 6 4023
3 3993 3992 28
3 3967 3966 4023
