# time ip fx fy fz tx ty tz px py pz vx vy vz
    0.001000      1   0.00000000E+00  0.00000000E+00  0.00000000E+00  0.00000000E+00  0.00000000E+00  0.00000000E+00 -0.00000000E+00 -0.00000000E+00  1.27500000E-01  0.00000000E+00  0.00000000E+00  0.00000000E+00
    0.002000      1   0.00000000E+00  0.00000000E+00  1.11165175E-03  0.00000000E+00  0.00000000E+00  0.00000000E+00  0.00000000E+00  0.00000000E+00  1.27498642E-01  0.00000000E+00  0.00000000E+00 -1.35763393E-03
    0.003000      1   0.00000000E+00  0.00000000E+00  1.77088256E-03  0.00000000E+00  0.00000000E+00  0.00000000E+00  0.00000000E+00  0.00000000E+00  1.27496124E-01  0.00000000E+00  0.00000000E+00 -2.51868467E-03
    0.004000      1   0.00000000E+00  0.00000000E+00  1.68757167E-03  0.00000000E+00  0.00000000E+00  0.00000000E+00  0.00000000E+00  0.00000000E+00  1.27492926E-01  0.00000000E+00  0.00000000E+00 -3.19807474E-03
    0.005000      1   0.00000000E+00  0.00000000E+00  1.35367354E-03  0.00000000E+00  0.00000000E+00  0.00000000E+00  0.00000000E+00  0.00000000E+00  1.27489250E-01  0.00000000E+00  0.00000000E+00 -3.67569614E-03
    0.006000      1   0.00000000E+00  0.00000000E+00  1.25563403E-03  0.00000000E+00  0.00000000E+00  0.00000000E+00  0.00000000E+00  0.00000000E+00  1.27485010E-01  0.00000000E+00  0.00000000E+00 -4.23972425E-03
    0.007000      1   0.00000000E+00  0.00000000E+00  1.41799641E-03  0.00000000E+00  0.00000000E+00  0.00000000E+00  0.00000000E+00  0.00000000E+00  1.27480079E-01  0.00000000E+00  0.00000000E+00 -4.93074669E-03
    0.008000      1   0.00000000E+00  0.00000000E+00  1.59759063E-03  0.00000000E+00  0.00000000E+00  0.00000000E+00  0.00000000E+00  0.00000000E+00  1.27474454E-01  0.00000000E+00  0.00000000E+00 -5.62525479E-03
    0.009000      1   0.00000000E+00  0.00000000E+00  1.65652055E-03  0.00000000E+00  0.00000000E+00  0.00000000E+00  0.00000000E+00  0.00000000E+00  1.27468220E-01  0.00000000E+00  0.00000000E+00 -6.23468143E-03
    0.010000      1   0.00000000E+00  0.00000000E+00  1.63040347E-03  0.00000000E+00  0.00000000E+00  0.00000000E+00  0.00000000E+00  0.00000000E+00  1.27461445E-01  0.00000000E+00  0.00000000E+00 -6.77470554E-03
    0.011000      1   0.00000000E+00  0.00000000E+00  1.61695220E-03  0.00000000E+00  0.00000000E+00  0.00000000E+00  0.00000000E+00  0.00000000E+00  1.27454145E-01  0.00000000E+00  0.00000000E+00 -7.29999470E-03
    0.012000      1   0.00000000E+00  0.00000000E+00  1.65068935E-03  0.00000000E+00  0.00000000E+00  0.00000000E+00  0.00000000E+00  0.00000000E+00  1.27446309E-01  0.00000000E+00  0.00000000E+00 -7.83623981E-03
    0.013000      1   0.00000000E+00  0.00000000E+00  1.69083139E-03  0.00000000E+00  0.00000000E+00  0.00000000E+00  0.00000000E+00  0.00000000E+00  1.27437938E-01  0.00000000E+00  0.00000000E+00 -8.37093648E-03
    0.014000      1   0.00000000E+00  0.00000000E+00  1.72976882E-03  0.00000000E+00  0.00000000E+00  0.00000000E+00  0.00000000E+00  0.00000000E+00  1.27429050E-01  0.00000000E+00  0.00000000E+00 -8.88745469E-03
    0.015000      1   0.00000000E+00  0.00000000E+00  1.75140973E-03  0.00000000E+00  0.00000000E+00  0.00000000E+00  0.00000000E+00  0.00000000E+00  1.27419666E-01  0.00000000E+00  0.00000000E+00 -9.38390400E-03
    0.016000      1   0.00000000E+00  0.00000000E+00  1.77336548E-03  0.00000000E+00  0.00000000E+00  0.00000000E+00  0.00000000E+00  0.00000000E+00  1.27409803E-01  0.00000000E+00  0.00000000E+00 -9.86373873E-03
    0.017000      1   0.00000000E+00  0.00000000E+00  1.79357228E-03  0.00000000E+00  0.00000000E+00  0.00000000E+00  0.00000000E+00  0.00000000E+00  1.27399470E-01  0.00000000E+00  0.00000000E+00 -1.03325836E-02
    0.018000      1   0.00000000E+00  0.00000000E+00  1.81255930E-03  0.00000000E+00  0.00000000E+00  0.00000000E+00  0.00000000E+00  0.00000000E+00  1.27388679E-01  0.00000000E+00  0.00000000E+00 -1.07906446E-02
    0.019000      1   0.00000000E+00  0.00000000E+00  1.83181954E-03  0.00000000E+00  0.00000000E+00  0.00000000E+00  0.00000000E+00  0.00000000E+00  1.27377441E-01  0.00000000E+00  0.00000000E+00 -1.12387117E-02
    0.020000      1   0.00000000E+00  0.00000000E+00  1.85038159E-03  0.00000000E+00  0.00000000E+00  0.00000000E+00  0.00000000E+00  0.00000000E+00  1.27365763E-01  0.00000000E+00  0.00000000E+00 -1.16771372E-02
    0.021000      1   0.00000000E+00  0.00000000E+00  1.87597865E-03  0.00000000E+00  0.00000000E+00  0.00000000E+00  0.00000000E+00  0.00000000E+00  1.27353657E-01  0.00000000E+00  0.00000000E+00 -1.21059549E-02
    0.022000      1   0.00000000E+00  0.00000000E+00  1.88953082E-03  0.00000000E+00  0.00000000E+00  0.00000000E+00  0.00000000E+00  0.00000000E+00  1.27341133E-01  0.00000000E+00  0.00000000E+00 -1.25241500E-02
    0.023000      1   0.00000000E+00  0.00000000E+00  1.90834883E-03  0.00000000E+00  0.00000000E+00  0.00000000E+00  0.00000000E+00  0.00000000E+00  1.27328202E-01  0.00000000E+00  0.00000000E+00 -1.29315420E-02
    0.024000      1   0.00000000E+00  0.00000000E+00  1.91551242E-03  0.00000000E+00  0.00000000E+00  0.00000000E+00  0.00000000E+00  0.00000000E+00  1.27314871E-01  0.00000000E+00  0.00000000E+00 -1.33311556E-02
    0.025000      1   0.00000000E+00  0.00000000E+00  1.92595742E-03  0.00000000E+00  0.00000000E+00  0.00000000E+00  0.00000000E+00  0.00000000E+00  1.27301147E-01  0.00000000E+00  0.00000000E+00 -1.37233222E-02
    0.026000      1   0.00000000E+00  0.00000000E+00  1.94130989E-03  0.00000000E+00  0.00000000E+00  0.00000000E+00  0.00000000E+00  0.00000000E+00  1.27287036E-01  0.00000000E+00  0.00000000E+00 -1.41112892E-02
    0.027000      1   0.00000000E+00  0.00000000E+00  1.95920169E-03  0.00000000E+00  0.00000000E+00  0.00000000E+00  0.00000000E+00  0.00000000E+00  1.27272543E-01  0.00000000E+00  0.00000000E+00 -1.44931109E-02
    0.028000      1   0.00000000E+00  0.00000000E+00  1.97746494E-03  0.00000000E+00  0.00000000E+00  0.00000000E+00  0.00000000E+00  0.00000000E+00  1.27257676E-01  0.00000000E+00  0.00000000E+00 -1.48667267E-02
    0.029000      1   0.00000000E+00  0.00000000E+00  1.99288807E-03  0.00000000E+00  0.00000000E+00  0.00000000E+00  0.00000000E+00  0.00000000E+00  1.27242445E-01  0.00000000E+00  0.00000000E+00 -1.52312369E-02
    0.030000      1   0.00000000E+00  0.00000000E+00  2.00139762E-03  0.00000000E+00  0.00000000E+00  0.00000000E+00  0.00000000E+00  0.00000000E+00  1.27226858E-01  0.00000000E+00  0.00000000E+00 -1.55870218E-02
    0.031000      1   0.00000000E+00  0.00000000E+00  1.99233395E-03  0.00000000E+00  0.00000000E+00  0.00000000E+00  0.00000000E+00  0.00000000E+00  1.27210922E-01  0.00000000E+00  0.00000000E+00 -1.59362366E-02
    0.032000      1   0.00000000E+00  0.00000000E+00  2.01091693E-03  0.00000000E+00  0.00000000E+00  0.00000000E+00  0.00000000E+00  0.00000000E+00  1.27194637E-01  0.00000000E+00  0.00000000E+00 -1.62842596E-02
    0.033000      1   0.00000000E+00  0.00000000E+00  2.01731992E-03  0.00000000E+00  0.00000000E+00  0.00000000E+00  0.00000000E+00  0.00000000E+00  1.27178005E-01  0.00000000E+00  0.00000000E+00 -1.66319731E-02
    0.034000      1   0.00000000E+00  0.00000000E+00  2.03463018E-03  0.00000000E+00  0.00000000E+00  0.00000000E+00  0.00000000E+00  0.00000000E+00  1.27161033E-01  0.00000000E+00  0.00000000E+00 -1.69724514E-02
    0.035000      1   0.00000000E+00  0.00000000E+00  2.04999942E-03  0.00000000E+00  0.00000000E+00  0.00000000E+00  0.00000000E+00  0.00000000E+00  1.27143725E-01  0.00000000E+00  0.00000000E+00 -1.73077656E-02
    0.036000      1   0.00000000E+00  0.00000000E+00  2.07218189E-03  0.00000000E+00  0.00000000E+00  0.00000000E+00  0.00000000E+00  0.00000000E+00  1.27126091E-01  0.00000000E+00  0.00000000E+00 -1.76346771E-02
    0.037000      1   0.00000000E+00  0.00000000E+00  2.05883831E-03  0.00000000E+00  0.00000000E+00  0.00000000E+00  0.00000000E+00  0.00000000E+00  1.27108138E-01  0.00000000E+00  0.00000000E+00 -1.79526183E-02
    0.038000      1   0.00000000E+00  0.00000000E+00  2.06425690E-03  0.00000000E+00  0.00000000E+00  0.00000000E+00  0.00000000E+00  0.00000000E+00  1.27089872E-01  0.00000000E+00  0.00000000E+00 -1.82656341E-02
    0.039000      1   0.00000000E+00  0.00000000E+00  2.05815890E-03  0.00000000E+00  0.00000000E+00  0.00000000E+00  0.00000000E+00  0.00000000E+00  1.27071290E-01  0.00000000E+00  0.00000000E+00 -1.85820740E-02
    0.040000      1   0.00000000E+00  0.00000000E+00  2.08269357E-03  0.00000000E+00  0.00000000E+00  0.00000000E+00  0.00000000E+00  0.00000000E+00  1.27052392E-01  0.00000000E+00  0.00000000E+00 -1.88978127E-02
    0.041000      1   0.00000000E+00  0.00000000E+00  2.10421473E-03  0.00000000E+00  0.00000000E+00  0.00000000E+00  0.00000000E+00  0.00000000E+00  1.27033181E-01  0.00000000E+00  0.00000000E+00 -1.92112153E-02
    0.042000      1   0.00000000E+00  0.00000000E+00  2.11590991E-03  0.00000000E+00  0.00000000E+00  0.00000000E+00  0.00000000E+00  0.00000000E+00  1.27013668E-01  0.00000000E+00  0.00000000E+00 -1.95127547E-02
    0.043000      1   0.00000000E+00  0.00000000E+00  2.14759630E-03  0.00000000E+00  0.00000000E+00  0.00000000E+00  0.00000000E+00  0.00000000E+00  1.26993863E-01  0.00000000E+00  0.00000000E+00 -1.98051580E-02
    0.044000      1   0.00000000E+00  0.00000000E+00  2.12966352E-03  0.00000000E+00  0.00000000E+00  0.00000000E+00  0.00000000E+00  0.00000000E+00  1.26973775E-01  0.00000000E+00  0.00000000E+00 -2.00881170E-02
    0.045000      1   0.00000000E+00  0.00000000E+00  2.11806726E-03  0.00000000E+00  0.00000000E+00  0.00000000E+00  0.00000000E+00  0.00000000E+00  1.26953411E-01  0.00000000E+00  0.00000000E+00 -2.03638410E-02
    0.046000      1   0.00000000E+00  0.00000000E+00  2.06483901E-03  0.00000000E+00  0.00000000E+00  0.00000000E+00  0.00000000E+00  0.00000000E+00  1.26932764E-01  0.00000000E+00  0.00000000E+00 -2.06475050E-02
    0.047000      1   0.00000000E+00  0.00000000E+00  2.12311456E-03  0.00000000E+00  0.00000000E+00  0.00000000E+00  0.00000000E+00  0.00000000E+00  1.26911819E-01  0.00000000E+00  0.00000000E+00 -2.09443903E-02
    0.048000      1   0.00000000E+00  0.00000000E+00  2.20318906E-03  0.00000000E+00  0.00000000E+00  0.00000000E+00  0.00000000E+00  0.00000000E+00  1.26890571E-01  0.00000000E+00  0.00000000E+00 -2.12484511E-02
    0.049000      1   0.00000000E+00  0.00000000E+00  2.18545774E-03  0.00000000E+00  0.00000000E+00  0.00000000E+00  0.00000000E+00  0.00000000E+00  1.26869052E-01  0.00000000E+00  0.00000000E+00 -2.15192131E-02
    0.050000      1   0.00000000E+00  0.00000000E+00  2.16591784E-03  0.00000000E+00  0.00000000E+00  0.00000000E+00  0.00000000E+00  0.00000000E+00  1.26847285E-01  0.00000000E+00  0.00000000E+00 -2.17668130E-02
    0.051000      1   0.00000000E+00  0.00000000E+00  2.17378872E-03  0.00000000E+00  0.00000000E+00  0.00000000E+00  0.00000000E+00  0.00000000E+00  1.26825261E-01  0.00000000E+00  0.00000000E+00 -2.20236915E-02
    0.052000      1   0.00000000E+00  0.00000000E+00  2.17577161E-03  0.00000000E+00  0.00000000E+00  0.00000000E+00  0.00000000E+00  0.00000000E+00  1.26802976E-01  0.00000000E+00  0.00000000E+00 -2.22855954E-02
    0.053000      1   0.00000000E+00  0.00000000E+00  2.12712985E-03  0.00000000E+00  0.00000000E+00  0.00000000E+00  0.00000000E+00  0.00000000E+00  1.26780431E-01  0.00000000E+00  0.00000000E+00 -2.25445637E-02
    0.054000      1   0.00000000E+00  0.00000000E+00  2.17553856E-03  0.00000000E+00  0.00000000E+00  0.00000000E+00  0.00000000E+00  0.00000000E+00  1.26757620E-01  0.00000000E+00  0.00000000E+00 -2.28114825E-02
    0.055000      1   0.00000000E+00  0.00000000E+00  2.23148985E-03  0.00000000E+00  0.00000000E+00  0.00000000E+00  0.00000000E+00  0.00000000E+00  1.26734534E-01  0.00000000E+00  0.00000000E+00 -2.30858155E-02
    0.056000      1   0.00000000E+00  0.00000000E+00  2.23643290E-03  0.00000000E+00  0.00000000E+00  0.00000000E+00  0.00000000E+00  0.00000000E+00  1.26711199E-01  0.00000000E+00  0.00000000E+00 -2.33343560E-02
    0.057000      1   0.00000000E+00  0.00000000E+00  2.15231250E-03  0.00000000E+00  0.00000000E+00  0.00000000E+00  0.00000000E+00  0.00000000E+00  1.26687636E-01  0.00000000E+00  0.00000000E+00 -2.35636471E-02
    0.058000      1   0.00000000E+00  0.00000000E+00  2.16417019E-03  0.00000000E+00  0.00000000E+00  0.00000000E+00  0.00000000E+00  0.00000000E+00  1.26663830E-01  0.00000000E+00  0.00000000E+00 -2.38061906E-02
    0.059000      1   0.00000000E+00  0.00000000E+00  2.24559559E-03  0.00000000E+00  0.00000000E+00  0.00000000E+00  0.00000000E+00  0.00000000E+00  1.26639755E-01  0.00000000E+00  0.00000000E+00 -2.40742635E-02
    0.060000      1   0.00000000E+00  0.00000000E+00  2.27301265E-03  0.00000000E+00  0.00000000E+00  0.00000000E+00  0.00000000E+00  0.00000000E+00  1.26615431E-01  0.00000000E+00  0.00000000E+00 -2.43240431E-02
    0.061000      1   0.00000000E+00  0.00000000E+00  2.23702780E-03  0.00000000E+00  0.00000000E+00  0.00000000E+00  0.00000000E+00  0.00000000E+00  1.26590889E-01  0.00000000E+00  0.00000000E+00 -2.45422330E-02
    0.062000      1   0.00000000E+00  0.00000000E+00  2.21085116E-03  0.00000000E+00  0.00000000E+00  0.00000000E+00  0.00000000E+00  0.00000000E+00  1.26566131E-01  0.00000000E+00  0.00000000E+00 -2.47577822E-02
    0.063000      1   0.00000000E+00  0.00000000E+00  2.24433142E-03  0.00000000E+00  0.00000000E+00  0.00000000E+00  0.00000000E+00  0.00000000E+00  1.26541142E-01  0.00000000E+00  0.00000000E+00 -2.49897784E-02
    0.064000      1   0.00000000E+00  0.00000000E+00  2.28638873E-03  0.00000000E+00  0.00000000E+00  0.00000000E+00  0.00000000E+00  0.00000000E+00  1.26515917E-01  0.00000000E+00  0.00000000E+00 -2.52244508E-02
    0.065000      1   0.00000000E+00  0.00000000E+00  2.29756568E-03  0.00000000E+00  0.00000000E+00  0.00000000E+00  0.00000000E+00  0.00000000E+00  1.26490476E-01  0.00000000E+00  0.00000000E+00 -2.54406904E-02
    0.066000      1   0.00000000E+00  0.00000000E+00  2.26194317E-03  0.00000000E+00  0.00000000E+00  0.00000000E+00  0.00000000E+00  0.00000000E+00  1.26464835E-01  0.00000000E+00  0.00000000E+00 -2.56411412E-02
    0.067000      1   0.00000000E+00  0.00000000E+00  2.27599112E-03  0.00000000E+00  0.00000000E+00  0.00000000E+00  0.00000000E+00  0.00000000E+00  1.26438991E-01  0.00000000E+00  0.00000000E+00 -2.58442208E-02
    0.068000      1   0.00000000E+00  0.00000000E+00  2.22667468E-03  0.00000000E+00  0.00000000E+00  0.00000000E+00  0.00000000E+00  0.00000000E+00  1.26412935E-01  0.00000000E+00  0.00000000E+00 -2.60565152E-02
    0.069000      1   0.00000000E+00  0.00000000E+00  2.25269663E-03  0.00000000E+00  0.00000000E+00  0.00000000E+00  0.00000000E+00  0.00000000E+00  1.26386662E-01  0.00000000E+00  0.00000000E+00 -2.62729170E-02
    0.070000      1   0.00000000E+00  0.00000000E+00  2.33500295E-03  0.00000000E+00  0.00000000E+00  0.00000000E+00  0.00000000E+00  0.00000000E+00  1.26360161E-01  0.00000000E+00  0.00000000E+00 -2.65009135E-02
    0.071000      1   0.00000000E+00  0.00000000E+00  2.32299855E-03  0.00000000E+00  0.00000000E+00  0.00000000E+00  0.00000000E+00  0.00000000E+00  1.26333455E-01  0.00000000E+00  0.00000000E+00 -2.67058089E-02
    0.072000      1   0.00000000E+00  0.00000000E+00  2.27016069E-03  0.00000000E+00  0.00000000E+00  0.00000000E+00  0.00000000E+00  0.00000000E+00  1.26306569E-01  0.00000000E+00  0.00000000E+00 -2.68857966E-02
    0.073000      1   0.00000000E+00  0.00000000E+00  2.27275999E-03  0.00000000E+00  0.00000000E+00  0.00000000E+00  0.00000000E+00  0.00000000E+00  1.26279490E-01  0.00000000E+00  0.00000000E+00 -2.70790705E-02
    0.074000      1   0.00000000E+00  0.00000000E+00  2.31615309E-03  0.00000000E+00  0.00000000E+00  0.00000000E+00  0.00000000E+00  0.00000000E+00  1.26252201E-01  0.00000000E+00  0.00000000E+00 -2.72892375E-02
    0.075000      1   0.00000000E+00  0.00000000E+00  2.32127963E-03  0.00000000E+00  0.00000000E+00  0.00000000E+00  0.00000000E+00  0.00000000E+00  1.26224710E-01  0.00000000E+00  0.00000000E+00 -2.74908772E-02
    0.076000      1   0.00000000E+00  0.00000000E+00  2.32898907E-03  0.00000000E+00  0.00000000E+00  0.00000000E+00  0.00000000E+00  0.00000000E+00  1.26197033E-01  0.00000000E+00  0.00000000E+00 -2.76773595E-02
    0.077000      1   0.00000000E+00  0.00000000E+00  2.30610270E-03  0.00000000E+00  0.00000000E+00  0.00000000E+00  0.00000000E+00  0.00000000E+00  1.26169172E-01  0.00000000E+00  0.00000000E+00 -2.78607948E-02
    0.078000      1   0.00000000E+00  0.00000000E+00  2.31863317E-03  0.00000000E+00  0.00000000E+00  0.00000000E+00  0.00000000E+00  0.00000000E+00  1.26141126E-01  0.00000000E+00  0.00000000E+00 -2.80457453E-02
    0.079000      1   0.00000000E+00  0.00000000E+00  2.33722918E-03  0.00000000E+00  0.00000000E+00  0.00000000E+00  0.00000000E+00  0.00000000E+00  1.26112890E-01  0.00000000E+00  0.00000000E+00 -2.82359963E-02
    0.080000      1   0.00000000E+00  0.00000000E+00  2.31256747E-03  0.00000000E+00  0.00000000E+00  0.00000000E+00  0.00000000E+00  0.00000000E+00  1.26084471E-01  0.00000000E+00  0.00000000E+00 -2.84188435E-02
    0.081000      1   0.00000000E+00  0.00000000E+00  2.29985200E-03  0.00000000E+00  0.00000000E+00  0.00000000E+00  0.00000000E+00  0.00000000E+00  1.26055871E-01  0.00000000E+00  0.00000000E+00 -2.85999447E-02
    0.082000      1   0.00000000E+00  0.00000000E+00  2.31758247E-03  0.00000000E+00  0.00000000E+00  0.00000000E+00  0.00000000E+00  0.00000000E+00  1.26027080E-01  0.00000000E+00  0.00000000E+00 -2.87913937E-02
    0.083000      1   0.00000000E+00  0.00000000E+00  2.34126910E-03  0.00000000E+00  0.00000000E+00  0.00000000E+00  0.00000000E+00  0.00000000E+00  1.25998096E-01  0.00000000E+00  0.00000000E+00 -2.89838833E-02
    0.084000      1   0.00000000E+00  0.00000000E+00  2.30901301E-03  0.00000000E+00  0.00000000E+00  0.00000000E+00  0.00000000E+00  0.00000000E+00  1.25968930E-01  0.00000000E+00  0.00000000E+00 -2.91663612E-02
    0.085000      1   0.00000000E+00  0.00000000E+00  2.31216571E-03  0.00000000E+00  0.00000000E+00  0.00000000E+00  0.00000000E+00  0.00000000E+00  1.25939583E-01  0.00000000E+00  0.00000000E+00 -2.93467642E-02
    0.086000      1   0.00000000E+00  0.00000000E+00  2.32125235E-03  0.00000000E+00  0.00000000E+00  0.00000000E+00  0.00000000E+00  0.00000000E+00  1.25910046E-01  0.00000000E+00  0.00000000E+00 -2.95372030E-02
    0.087000      1   0.00000000E+00  0.00000000E+00  2.36942311E-03  0.00000000E+00  0.00000000E+00  0.00000000E+00  0.00000000E+00  0.00000000E+00  1.25880321E-01  0.00000000E+00  0.00000000E+00 -2.97249996E-02
    0.088000      1   0.00000000E+00  0.00000000E+00  2.34767061E-03  0.00000000E+00  0.00000000E+00  0.00000000E+00  0.00000000E+00  0.00000000E+00  1.25850419E-01  0.00000000E+00  0.00000000E+00 -2.99012935E-02
    0.089000      1   0.00000000E+00  0.00000000E+00  2.27632308E-03  0.00000000E+00  0.00000000E+00  0.00000000E+00  0.00000000E+00  0.00000000E+00  1.25820354E-01  0.00000000E+00  0.00000000E+00 -3.00656141E-02
    0.090000      1   0.00000000E+00  0.00000000E+00  2.31269116E-03  0.00000000E+00  0.00000000E+00  0.00000000E+00  0.00000000E+00  0.00000000E+00  1.25790104E-01  0.00000000E+00  0.00000000E+00 -3.02496956E-02
    0.091000      1   0.00000000E+00  0.00000000E+00  2.36091232E-03  0.00000000E+00  0.00000000E+00  0.00000000E+00  0.00000000E+00  0.00000000E+00  1.25759653E-01  0.00000000E+00  0.00000000E+00 -3.04507774E-02
    0.092000      1   0.00000000E+00  0.00000000E+00  2.37669535E-03  0.00000000E+00  0.00000000E+00  0.00000000E+00  0.00000000E+00  0.00000000E+00  1.25729022E-01  0.00000000E+00  0.00000000E+00 -3.06313880E-02
    0.093000      1   0.00000000E+00  0.00000000E+00  2.35824832E-03  0.00000000E+00  0.00000000E+00  0.00000000E+00  0.00000000E+00  0.00000000E+00  1.25698228E-01  0.00000000E+00  0.00000000E+00 -3.07933709E-02
    0.094000      1   0.00000000E+00  0.00000000E+00  2.28481887E-03  0.00000000E+00  0.00000000E+00  0.00000000E+00  0.00000000E+00  0.00000000E+00  1.25667275E-01  0.00000000E+00  0.00000000E+00 -3.09534327E-02
    0.095000      1   0.00000000E+00  0.00000000E+00  2.32928197E-03  0.00000000E+00  0.00000000E+00  0.00000000E+00  0.00000000E+00  0.00000000E+00  1.25636143E-01  0.00000000E+00  0.00000000E+00 -3.11325379E-02
    0.096000      1   0.00000000E+00  0.00000000E+00  2.40066301E-03  0.00000000E+00  0.00000000E+00  0.00000000E+00  0.00000000E+00  0.00000000E+00  1.25604815E-01  0.00000000E+00  0.00000000E+00 -3.13278956E-02
    0.097000      1   0.00000000E+00  0.00000000E+00  2.32671493E-03  0.00000000E+00  0.00000000E+00  0.00000000E+00  0.00000000E+00  0.00000000E+00  1.25573319E-01  0.00000000E+00  0.00000000E+00 -3.14960281E-02
    0.098000      1   0.00000000E+00  0.00000000E+00  2.32070018E-03  0.00000000E+00  0.00000000E+00  0.00000000E+00  0.00000000E+00  0.00000000E+00  1.25541665E-01  0.00000000E+00  0.00000000E+00 -3.16537948E-02
    0.099000      1   0.00000000E+00  0.00000000E+00  2.41583900E-03  0.00000000E+00  0.00000000E+00  0.00000000E+00  0.00000000E+00  0.00000000E+00  1.25509828E-01  0.00000000E+00  0.00000000E+00 -3.18369109E-02
    0.100000      1   0.00000000E+00  0.00000000E+00  2.40331967E-03  0.00000000E+00  0.00000000E+00  0.00000000E+00  0.00000000E+00  0.00000000E+00  1.25477823E-01  0.00000000E+00  0.00000000E+00 -3.20051780E-02
    0.101000      1   0.00000000E+00  0.00000000E+00  2.35397169E-03  0.00000000E+00  0.00000000E+00  0.00000000E+00  0.00000000E+00  0.00000000E+00  1.25445678E-01  0.00000000E+00  0.00000000E+00 -3.21444140E-02
    0.102000      1   0.00000000E+00  0.00000000E+00  2.40130176E-03  0.00000000E+00  0.00000000E+00  0.00000000E+00  0.00000000E+00  0.00000000E+00  1.25413382E-01  0.00000000E+00  0.00000000E+00 -3.22964882E-02
    0.103000      1   0.00000000E+00  0.00000000E+00  2.45203417E-03  0.00000000E+00  0.00000000E+00  0.00000000E+00  0.00000000E+00  0.00000000E+00  1.25380925E-01  0.00000000E+00  0.00000000E+00 -3.24563993E-02
    0.104000      1   0.00000000E+00  0.00000000E+00  2.42599738E-03  0.00000000E+00  0.00000000E+00  0.00000000E+00  0.00000000E+00  0.00000000E+00  1.25348334E-01  0.00000000E+00  0.00000000E+00 -3.25917949E-02
    0.105000      1   0.00000000E+00  0.00000000E+00  2.40967800E-03  0.00000000E+00  0.00000000E+00  0.00000000E+00  0.00000000E+00  0.00000000E+00  1.25315618E-01  0.00000000E+00  0.00000000E+00 -3.27151336E-02
    0.106000      1   0.00000000E+00  0.00000000E+00  2.33356869E-03  0.00000000E+00  0.00000000E+00  0.00000000E+00  0.00000000E+00  0.00000000E+00  1.25282769E-01  0.00000000E+00  0.00000000E+00 -3.28499091E-02
    0.107000      1   0.00000000E+00  0.00000000E+00  2.43296067E-03  0.00000000E+00  0.00000000E+00  0.00000000E+00  0.00000000E+00  0.00000000E+00  1.25249765E-01  0.00000000E+00  0.00000000E+00 -3.30035032E-02
    0.108000      1   0.00000000E+00  0.00000000E+00  2.43808717E-03  0.00000000E+00  0.00000000E+00  0.00000000E+00  0.00000000E+00  0.00000000E+00  1.25216601E-01  0.00000000E+00  0.00000000E+00 -3.31645163E-02
    0.109000      1   0.00000000E+00  0.00000000E+00  2.41306666E-03  0.00000000E+00  0.00000000E+00  0.00000000E+00  0.00000000E+00  0.00000000E+00  1.25183309E-01  0.00000000E+00  0.00000000E+00 -3.32919811E-02
    0.110000      1   0.00000000E+00  0.00000000E+00  2.40259038E-03  0.00000000E+00  0.00000000E+00  0.00000000E+00  0.00000000E+00  0.00000000E+00  1.25149886E-01  0.00000000E+00  0.00000000E+00 -3.34221868E-02
    0.111000      1   0.00000000E+00  0.00000000E+00  2.41506916E-03  0.00000000E+00  0.00000000E+00  0.00000000E+00  0.00000000E+00  0.00000000E+00  1.25116324E-01  0.00000000E+00  0.00000000E+00 -3.35624623E-02
    0.112000      1   0.00000000E+00  0.00000000E+00  2.42283422E-03  0.00000000E+00  0.00000000E+00  0.00000000E+00  0.00000000E+00  0.00000000E+00  1.25082620E-01  0.00000000E+00  0.00000000E+00 -3.37039716E-02
    0.113000      1   0.00000000E+00  0.00000000E+00  2.41430366E-03  0.00000000E+00  0.00000000E+00  0.00000000E+00  0.00000000E+00  0.00000000E+00  1.25048780E-01  0.00000000E+00  0.00000000E+00 -3.38400095E-02
    0.114000      1   0.00000000E+00  0.00000000E+00  2.42804398E-03  0.00000000E+00  0.00000000E+00  0.00000000E+00  0.00000000E+00  0.00000000E+00  1.25014805E-01  0.00000000E+00  0.00000000E+00 -3.39750058E-02
    0.115000      1   0.00000000E+00  0.00000000E+00  2.43062174E-03  0.00000000E+00  0.00000000E+00  0.00000000E+00  0.00000000E+00  0.00000000E+00  1.24980695E-01  0.00000000E+00  0.00000000E+00 -3.41103739E-02
    0.116000      1   0.00000000E+00  0.00000000E+00  2.38843696E-03  0.00000000E+00  0.00000000E+00  0.00000000E+00  0.00000000E+00  0.00000000E+00  1.24946454E-01  0.00000000E+00  0.00000000E+00 -3.42407735E-02
    0.117000      1   0.00000000E+00  0.00000000E+00  2.40996421E-03  0.00000000E+00  0.00000000E+00  0.00000000E+00  0.00000000E+00  0.00000000E+00  1.24912076E-01  0.00000000E+00  0.00000000E+00 -3.43777865E-02
    0.118000      1   0.00000000E+00  0.00000000E+00  2.40548372E-03  0.00000000E+00  0.00000000E+00  0.00000000E+00  0.00000000E+00  0.00000000E+00  1.24877551E-01  0.00000000E+00  0.00000000E+00 -3.45248468E-02
    0.119000      1   0.00000000E+00  0.00000000E+00  2.38746617E-03  0.00000000E+00  0.00000000E+00  0.00000000E+00  0.00000000E+00  0.00000000E+00  1.24842886E-01  0.00000000E+00  0.00000000E+00 -3.46656295E-02
    0.120000      1   0.00000000E+00  0.00000000E+00  2.40125902E-03  0.00000000E+00  0.00000000E+00  0.00000000E+00  0.00000000E+00  0.00000000E+00  1.24808074E-01  0.00000000E+00  0.00000000E+00 -3.48110699E-02
    0.121000      1   0.00000000E+00  0.00000000E+00  2.46152743E-03  0.00000000E+00  0.00000000E+00  0.00000000E+00  0.00000000E+00  0.00000000E+00  1.24773114E-01  0.00000000E+00  0.00000000E+00 -3.49599883E-02
    0.122000      1   0.00000000E+00  0.00000000E+00  2.42787676E-03  0.00000000E+00  0.00000000E+00  0.00000000E+00  0.00000000E+00  0.00000000E+00  1.24738021E-01  0.00000000E+00  0.00000000E+00 -3.50937193E-02
    0.123000      1   0.00000000E+00  0.00000000E+00  2.34034372E-03  0.00000000E+00  0.00000000E+00  0.00000000E+00  0.00000000E+00  0.00000000E+00  1.24702807E-01  0.00000000E+00  0.00000000E+00 -3.52136079E-02
    0.124000      1   0.00000000E+00  0.00000000E+00  2.43019043E-03  0.00000000E+00  0.00000000E+00  0.00000000E+00  0.00000000E+00  0.00000000E+00  1.24667447E-01  0.00000000E+00  0.00000000E+00 -3.53600271E-02
    0.125000      1   0.00000000E+00  0.00000000E+00  2.44488134E-03  0.00000000E+00  0.00000000E+00  0.00000000E+00  0.00000000E+00  0.00000000E+00  1.24631928E-01  0.00000000E+00  0.00000000E+00 -3.55193051E-02
    0.126000      1   0.00000000E+00  0.00000000E+00  2.42883874E-03  0.00000000E+00  0.00000000E+00  0.00000000E+00  0.00000000E+00  0.00000000E+00  1.24596281E-01  0.00000000E+00  0.00000000E+00 -3.56464782E-02
    0.127000      1   0.00000000E+00  0.00000000E+00  2.39866358E-03  0.00000000E+00  0.00000000E+00  0.00000000E+00  0.00000000E+00  0.00000000E+00  1.24560510E-01  0.00000000E+00  0.00000000E+00 -3.57716635E-02
    0.128000      1   0.00000000E+00  0.00000000E+00  2.42220517E-03  0.00000000E+00  0.00000000E+00  0.00000000E+00  0.00000000E+00  0.00000000E+00  1.24524602E-01  0.00000000E+00  0.00000000E+00 -3.59074536E-02
    0.129000      1   0.00000000E+00  0.00000000E+00  2.46136081E-03  0.00000000E+00  0.00000000E+00  0.00000000E+00  0.00000000E+00  0.00000000E+00  1.24488553E-01  0.00000000E+00  0.00000000E+00 -3.60489906E-02
    0.130000      1   0.00000000E+00  0.00000000E+00  2.39048842E-03  0.00000000E+00  0.00000000E+00  0.00000000E+00  0.00000000E+00  0.00000000E+00  1.24452377E-01  0.00000000E+00  0.00000000E+00 -3.61758720E-02
    0.131000      1   0.00000000E+00  0.00000000E+00  2.42542051E-03  0.00000000E+00  0.00000000E+00  0.00000000E+00  0.00000000E+00  0.00000000E+00  1.24416075E-01  0.00000000E+00  0.00000000E+00 -3.63024270E-02
    0.132000      1   0.00000000E+00  0.00000000E+00  2.47906043E-03  0.00000000E+00  0.00000000E+00  0.00000000E+00  0.00000000E+00  0.00000000E+00  1.24379629E-01  0.00000000E+00  0.00000000E+00 -3.64460803E-02
    0.133000      1   0.00000000E+00  0.00000000E+00  2.44490682E-03  0.00000000E+00  0.00000000E+00  0.00000000E+00  0.00000000E+00  0.00000000E+00  1.24343060E-01  0.00000000E+00  0.00000000E+00 -3.65687757E-02
    0.134000      1   0.00000000E+00  0.00000000E+00  2.44024222E-03  0.00000000E+00  0.00000000E+00  0.00000000E+00  0.00000000E+00  0.00000000E+00  1.24306380E-01  0.00000000E+00  0.00000000E+00 -3.66798946E-02
    0.135000      1   0.00000000E+00  0.00000000E+00  2.49976281E-03  0.00000000E+00  0.00000000E+00  0.00000000E+00  0.00000000E+00  0.00000000E+00  1.24269577E-01  0.00000000E+00  0.00000000E+00 -3.68030550E-02
    0.136000      1   0.00000000E+00  0.00000000E+00  2.48437800E-03  0.00000000E+00  0.00000000E+00  0.00000000E+00  0.00000000E+00  0.00000000E+00  1.24232660E-01  0.00000000E+00  0.00000000E+00 -3.69172218E-02
    0.137000      1   0.00000000E+00  0.00000000E+00  2.43020362E-03  0.00000000E+00  0.00000000E+00  0.00000000E+00  0.00000000E+00  0.00000000E+00  1.24195645E-01  0.00000000E+00  0.00000000E+00 -3.70145617E-02
    0.138000      1   0.00000000E+00  0.00000000E+00  2.44736488E-03  0.00000000E+00  0.00000000E+00  0.00000000E+00  0.00000000E+00  0.00000000E+00  1.24158519E-01  0.00000000E+00  0.00000000E+00 -3.71265344E-02
    0.139000      1   0.00000000E+00  0.00000000E+00  2.51453360E-03  0.00000000E+00  0.00000000E+00  0.00000000E+00  0.00000000E+00  0.00000000E+00  1.24121266E-01  0.00000000E+00  0.00000000E+00 -3.72532639E-02
    0.140000      1   0.00000000E+00  0.00000000E+00  2.45753549E-03  0.00000000E+00  0.00000000E+00  0.00000000E+00  0.00000000E+00  0.00000000E+00  1.24083903E-01  0.00000000E+00  0.00000000E+00 -3.73624795E-02
    0.141000      1   0.00000000E+00  0.00000000E+00  2.47492336E-03  0.00000000E+00  0.00000000E+00  0.00000000E+00  0.00000000E+00  0.00000000E+00  1.24046443E-01  0.00000000E+00  0.00000000E+00 -3.74597152E-02
    0.142000      1   0.00000000E+00  0.00000000E+00  2.50228008E-03  0.00000000E+00  0.00000000E+00  0.00000000E+00  0.00000000E+00  0.00000000E+00  1.24008871E-01  0.00000000E+00  0.00000000E+00 -3.75725952E-02
    0.143000      1   0.00000000E+00  0.00000000E+00  2.51047735E-03  0.00000000E+00  0.00000000E+00  0.00000000E+00  0.00000000E+00  0.00000000E+00  1.23971196E-01  0.00000000E+00  0.00000000E+00 -3.76749270E-02
    0.144000      1   0.00000000E+00  0.00000000E+00  2.47558328E-03  0.00000000E+00  0.00000000E+00  0.00000000E+00  0.00000000E+00  0.00000000E+00  1.23933429E-01  0.00000000E+00  0.00000000E+00 -3.77668248E-02
    0.145000      1   0.00000000E+00  0.00000000E+00  2.45811512E-03  0.00000000E+00  0.00000000E+00  0.00000000E+00  0.00000000E+00  0.00000000E+00  1.23895567E-01  0.00000000E+00  0.00000000E+00 -3.78622012E-02
    0.146000      1   0.00000000E+00  0.00000000E+00  2.48545774E-03  0.00000000E+00  0.00000000E+00  0.00000000E+00  0.00000000E+00  0.00000000E+00  1.23857595E-01  0.00000000E+00  0.00000000E+00 -3.79721264E-02
    0.147000      1   0.00000000E+00  0.00000000E+00  2.47328714E-03  0.00000000E+00  0.00000000E+00  0.00000000E+00  0.00000000E+00  0.00000000E+00  1.23819512E-01  0.00000000E+00  0.00000000E+00 -3.80829531E-02
    0.148000      1   0.00000000E+00  0.00000000E+00  2.48978990E-03  0.00000000E+00  0.00000000E+00  0.00000000E+00  0.00000000E+00  0.00000000E+00  1.23781325E-01  0.00000000E+00  0.00000000E+00 -3.81869523E-02
    0.149000      1   0.00000000E+00  0.00000000E+00  2.44542737E-03  0.00000000E+00  0.00000000E+00  0.00000000E+00  0.00000000E+00  0.00000000E+00  1.23743033E-01  0.00000000E+00  0.00000000E+00 -3.82920302E-02
    0.150000      1   0.00000000E+00  0.00000000E+00  2.45010016E-03  0.00000000E+00  0.00000000E+00  0.00000000E+00  0.00000000E+00  0.00000000E+00  1.23704633E-01  0.00000000E+00  0.00000000E+00 -3.83995334E-02
    0.151000      1   0.00000000E+00  0.00000000E+00  2.48056522E-03  0.00000000E+00  0.00000000E+00  0.00000000E+00  0.00000000E+00  0.00000000E+00  1.23666112E-01  0.00000000E+00  0.00000000E+00 -3.85207795E-02
    0.152000      1   0.00000000E+00  0.00000000E+00  2.48995969E-03  0.00000000E+00  0.00000000E+00  0.00000000E+00  0.00000000E+00  0.00000000E+00  1.23627477E-01  0.00000000E+00  0.00000000E+00 -3.86351037E-02
    0.153000      1   0.00000000E+00  0.00000000E+00  2.41744473E-03  0.00000000E+00  0.00000000E+00  0.00000000E+00  0.00000000E+00  0.00000000E+00  1.23588740E-01  0.00000000E+00  0.00000000E+00 -3.87377613E-02
    0.154000      1   0.00000000E+00  0.00000000E+00  2.47981039E-03  0.00000000E+00  0.00000000E+00  0.00000000E+00  0.00000000E+00  0.00000000E+00  1.23549889E-01  0.00000000E+00  0.00000000E+00 -3.88501571E-02
    0.155000      1   0.00000000E+00  0.00000000E+00  2.48839286E-03  0.00000000E+00  0.00000000E+00  0.00000000E+00  0.00000000E+00  0.00000000E+00  1.23510914E-01  0.00000000E+00  0.00000000E+00 -3.89753393E-02
    0.156000      1   0.00000000E+00  0.00000000E+00  2.47114396E-03  0.00000000E+00  0.00000000E+00  0.00000000E+00  0.00000000E+00  0.00000000E+00  1.23471836E-01  0.00000000E+00  0.00000000E+00 -3.90785219E-02
    0.157000      1   0.00000000E+00  0.00000000E+00  2.41384358E-03  0.00000000E+00  0.00000000E+00  0.00000000E+00  0.00000000E+00  0.00000000E+00  1.23432654E-01  0.00000000E+00  0.00000000E+00 -3.91819362E-02
    0.158000      1   0.00000000E+00  0.00000000E+00  2.49121350E-03  0.00000000E+00  0.00000000E+00  0.00000000E+00  0.00000000E+00  0.00000000E+00  1.23393352E-01  0.00000000E+00  0.00000000E+00 -3.93011482E-02
    0.159000      1   0.00000000E+00  0.00000000E+00  2.50135729E-03  0.00000000E+00  0.00000000E+00  0.00000000E+00  0.00000000E+00  0.00000000E+00  1.23353927E-01  0.00000000E+00  0.00000000E+00 -3.94254965E-02
    0.160000      1   0.00000000E+00  0.00000000E+00  2.42655668E-03  0.00000000E+00  0.00000000E+00  0.00000000E+00  0.00000000E+00  0.00000000E+00  1.23314404E-01  0.00000000E+00  0.00000000E+00 -3.95226416E-02
    0.161000      1   0.00000000E+00  0.00000000E+00  2.50927742E-03  0.00000000E+00  0.00000000E+00  0.00000000E+00  0.00000000E+00  0.00000000E+00  1.23274775E-01  0.00000000E+00  0.00000000E+00 -3.96296829E-02
    0.162000      1   0.00000000E+00  0.00000000E+00  2.49049043E-03  0.00000000E+00  0.00000000E+00  0.00000000E+00  0.00000000E+00  0.00000000E+00  1.23235028E-01  0.00000000E+00  0.00000000E+00 -3.97466617E-02
    0.163000      1   0.00000000E+00  0.00000000E+00  2.50574900E-03  0.00000000E+00  0.00000000E+00  0.00000000E+00  0.00000000E+00  0.00000000E+00  1.23195188E-01  0.00000000E+00  0.00000000E+00 -3.98397959E-02
    0.164000      1   0.00000000E+00  0.00000000E+00  2.55102233E-03  0.00000000E+00  0.00000000E+00  0.00000000E+00  0.00000000E+00  0.00000000E+00  1.23155252E-01  0.00000000E+00  0.00000000E+00 -3.99364018E-02
    0.165000      1   0.00000000E+00  0.00000000E+00  2.53531773E-03  0.00000000E+00  0.00000000E+00  0.00000000E+00  0.00000000E+00  0.00000000E+00  1.23115232E-01  0.00000000E+00  0.00000000E+00 -4.00199905E-02
    0.166000      1   0.00000000E+00  0.00000000E+00  2.47470267E-03  0.00000000E+00  0.00000000E+00  0.00000000E+00  0.00000000E+00  0.00000000E+00  1.23075140E-01  0.00000000E+00  0.00000000E+00 -4.00914879E-02
    0.167000      1   0.00000000E+00  0.00000000E+00  2.53772724E-03  0.00000000E+00  0.00000000E+00  0.00000000E+00  0.00000000E+00  0.00000000E+00  1.23034961E-01  0.00000000E+00  0.00000000E+00 -4.01788621E-02
    0.168000      1   0.00000000E+00  0.00000000E+00  2.51533497E-03  0.00000000E+00  0.00000000E+00  0.00000000E+00  0.00000000E+00  0.00000000E+00  1.22994686E-01  0.00000000E+00  0.00000000E+00 -4.02749979E-02
    0.169000      1   0.00000000E+00  0.00000000E+00  2.50245050E-03  0.00000000E+00  0.00000000E+00  0.00000000E+00  0.00000000E+00  0.00000000E+00  1.22954332E-01  0.00000000E+00  0.00000000E+00 -4.03543954E-02
    0.170000      1   0.00000000E+00  0.00000000E+00  2.52929355E-03  0.00000000E+00  0.00000000E+00  0.00000000E+00  0.00000000E+00  0.00000000E+00  1.22913889E-01  0.00000000E+00  0.00000000E+00 -4.04434252E-02
    0.171000      1   0.00000000E+00  0.00000000E+00  2.51504509E-03  0.00000000E+00  0.00000000E+00  0.00000000E+00  0.00000000E+00  0.00000000E+00  1.22873357E-01  0.00000000E+00  0.00000000E+00 -4.05319397E-02
    0.172000      1   0.00000000E+00  0.00000000E+00  2.51054194E-03  0.00000000E+00  0.00000000E+00  0.00000000E+00  0.00000000E+00  0.00000000E+00  1.22832742E-01  0.00000000E+00  0.00000000E+00 -4.06141581E-02
    0.173000      1   0.00000000E+00  0.00000000E+00  2.52456486E-03  0.00000000E+00  0.00000000E+00  0.00000000E+00  0.00000000E+00  0.00000000E+00  1.22792041E-01  0.00000000E+00  0.00000000E+00 -4.07018523E-02
    0.174000      1   0.00000000E+00  0.00000000E+00  2.51112096E-03  0.00000000E+00  0.00000000E+00  0.00000000E+00  0.00000000E+00  0.00000000E+00  1.22751252E-01  0.00000000E+00  0.00000000E+00 -4.07885457E-02
    0.175000      1   0.00000000E+00  0.00000000E+00  2.48354339E-03  0.00000000E+00  0.00000000E+00  0.00000000E+00  0.00000000E+00  0.00000000E+00  1.22710379E-01  0.00000000E+00  0.00000000E+00 -4.08730110E-02
    0.176000      1   0.00000000E+00  0.00000000E+00  2.51865251E-03  0.00000000E+00  0.00000000E+00  0.00000000E+00  0.00000000E+00  0.00000000E+00  1.22669412E-01  0.00000000E+00  0.00000000E+00 -4.09667684E-02
    0.177000      1   0.00000000E+00  0.00000000E+00  2.46321110E-03  0.00000000E+00  0.00000000E+00  0.00000000E+00  0.00000000E+00  0.00000000E+00  1.22628349E-01  0.00000000E+00  0.00000000E+00 -4.10633739E-02
    0.178000      1   0.00000000E+00  0.00000000E+00  2.44513586E-03  0.00000000E+00  0.00000000E+00  0.00000000E+00  0.00000000E+00  0.00000000E+00  1.22587191E-01  0.00000000E+00  0.00000000E+00 -4.11582533E-02
    0.179000      1   0.00000000E+00  0.00000000E+00  2.52478760E-03  0.00000000E+00  0.00000000E+00  0.00000000E+00  0.00000000E+00  0.00000000E+00  1.22545916E-01  0.00000000E+00  0.00000000E+00 -4.12745369E-02
    0.180000      1   0.00000000E+00  0.00000000E+00  2.53829413E-03  0.00000000E+00  0.00000000E+00  0.00000000E+00  0.00000000E+00  0.00000000E+00  1.22504533E-01  0.00000000E+00  0.00000000E+00 -4.13826712E-02
    0.181000      1   0.00000000E+00  0.00000000E+00  2.45677114E-03  0.00000000E+00  0.00000000E+00  0.00000000E+00  0.00000000E+00  0.00000000E+00  1.22463071E-01  0.00000000E+00  0.00000000E+00 -4.14622581E-02
    0.182000      1   0.00000000E+00  0.00000000E+00  2.49028310E-03  0.00000000E+00  0.00000000E+00  0.00000000E+00  0.00000000E+00  0.00000000E+00  1.22421519E-01  0.00000000E+00  0.00000000E+00 -4.15518258E-02
    0.183000      1   0.00000000E+00  0.00000000E+00  2.51151691E-03  0.00000000E+00  0.00000000E+00  0.00000000E+00  0.00000000E+00  0.00000000E+00  1.22379857E-01  0.00000000E+00  0.00000000E+00 -4.16622406E-02
    0.184000      1   0.00000000E+00  0.00000000E+00  2.46598813E-03  0.00000000E+00  0.00000000E+00  0.00000000E+00  0.00000000E+00  0.00000000E+00  1.22338099E-01  0.00000000E+00  0.00000000E+00 -4.17578946E-02
    0.185000      1   0.00000000E+00  0.00000000E+00  2.51301316E-03  0.00000000E+00  0.00000000E+00  0.00000000E+00  0.00000000E+00  0.00000000E+00  1.22296245E-01  0.00000000E+00  0.00000000E+00 -4.18546263E-02
    0.186000      1   0.00000000E+00  0.00000000E+00  2.54885456E-03  0.00000000E+00  0.00000000E+00  0.00000000E+00  0.00000000E+00  0.00000000E+00  1.22254287E-01  0.00000000E+00  0.00000000E+00 -4.19579945E-02
    0.187000      1   0.00000000E+00  0.00000000E+00  2.46590087E-03  0.00000000E+00  0.00000000E+00  0.00000000E+00  0.00000000E+00  0.00000000E+00  1.22212247E-01  0.00000000E+00  0.00000000E+00 -4.20395809E-02
    0.188000      1   0.00000000E+00  0.00000000E+00  2.52728534E-03  0.00000000E+00  0.00000000E+00  0.00000000E+00  0.00000000E+00  0.00000000E+00  1.22170123E-01  0.00000000E+00  0.00000000E+00 -4.21240658E-02
    0.189000      1   0.00000000E+00  0.00000000E+00  2.51334480E-03  0.00000000E+00  0.00000000E+00  0.00000000E+00  0.00000000E+00  0.00000000E+00  1.22127898E-01  0.00000000E+00  0.00000000E+00 -4.22249389E-02
    0.190000      1   0.00000000E+00  0.00000000E+00  2.52350358E-03  0.00000000E+00  0.00000000E+00  0.00000000E+00  0.00000000E+00  0.00000000E+00  1.22085590E-01  0.00000000E+00  0.00000000E+00 -4.23081175E-02
    0.191000      1   0.00000000E+00  0.00000000E+00  2.56440012E-03  0.00000000E+00  0.00000000E+00  0.00000000E+00  0.00000000E+00  0.00000000E+00  1.22043196E-01  0.00000000E+00  0.00000000E+00 -4.23940780E-02
    0.192000      1   0.00000000E+00  0.00000000E+00  2.55945860E-03  0.00000000E+00  0.00000000E+00  0.00000000E+00  0.00000000E+00  0.00000000E+00  1.22000726E-01  0.00000000E+00  0.00000000E+00 -4.24694701E-02
    0.193000      1   0.00000000E+00  0.00000000E+00  2.49386332E-03  0.00000000E+00  0.00000000E+00  0.00000000E+00  0.00000000E+00  0.00000000E+00  1.21958194E-01  0.00000000E+00  0.00000000E+00 -4.25323050E-02
    0.194000      1   0.00000000E+00  0.00000000E+00  2.58086981E-03  0.00000000E+00  0.00000000E+00  0.00000000E+00  0.00000000E+00  0.00000000E+00  1.21915586E-01  0.00000000E+00  0.00000000E+00 -4.26083626E-02
    0.195000      1   0.00000000E+00  0.00000000E+00  2.53462951E-03  0.00000000E+00  0.00000000E+00  0.00000000E+00  0.00000000E+00  0.00000000E+00  1.21872895E-01  0.00000000E+00  0.00000000E+00 -4.26905765E-02
    0.196000      1   0.00000000E+00  0.00000000E+00  2.51918193E-03  0.00000000E+00  0.00000000E+00  0.00000000E+00  0.00000000E+00  0.00000000E+00  1.21830143E-01  0.00000000E+00  0.00000000E+00 -4.27523933E-02
    0.197000      1   0.00000000E+00  0.00000000E+00  2.55123079E-03  0.00000000E+00  0.00000000E+00  0.00000000E+00  0.00000000E+00  0.00000000E+00  1.21787311E-01  0.00000000E+00  0.00000000E+00 -4.28321278E-02
    0.198000      1   0.00000000E+00  0.00000000E+00  2.58396851E-03  0.00000000E+00  0.00000000E+00  0.00000000E+00  0.00000000E+00  0.00000000E+00  1.21744399E-01  0.00000000E+00  0.00000000E+00 -4.29112680E-02
    0.199000      1   0.00000000E+00  0.00000000E+00  2.58436744E-03  0.00000000E+00  0.00000000E+00  0.00000000E+00  0.00000000E+00  0.00000000E+00  1.21701425E-01  0.00000000E+00  0.00000000E+00 -4.29740936E-02
    0.200000      1   0.00000000E+00  0.00000000E+00  2.57094337E-03  0.00000000E+00  0.00000000E+00  0.00000000E+00  0.00000000E+00  0.00000000E+00  1.21658399E-01  0.00000000E+00  0.00000000E+00 -4.30260971E-02
    0.201000      1   0.00000000E+00  0.00000000E+00  2.50546957E-03  0.00000000E+00  0.00000000E+00  0.00000000E+00  0.00000000E+00  0.00000000E+00  1.21615319E-01  0.00000000E+00  0.00000000E+00 -4.30803435E-02
    0.202000      1   0.00000000E+00  0.00000000E+00  2.52051112E-03  0.00000000E+00  0.00000000E+00  0.00000000E+00  0.00000000E+00  0.00000000E+00  1.21572168E-01  0.00000000E+00  0.00000000E+00 -4.31505768E-02
    0.203000      1   0.00000000E+00  0.00000000E+00  2.52418856E-03  0.00000000E+00  0.00000000E+00  0.00000000E+00  0.00000000E+00  0.00000000E+00  1.21528929E-01  0.00000000E+00  0.00000000E+00 -4.32396529E-02
    0.204000      1   0.00000000E+00  0.00000000E+00  2.49773491E-03  0.00000000E+00  0.00000000E+00  0.00000000E+00  0.00000000E+00  0.00000000E+00  1.21485605E-01  0.00000000E+00  0.00000000E+00 -4.33231387E-02
    0.205000      1   0.00000000E+00  0.00000000E+00  2.54864056E-03  0.00000000E+00  0.00000000E+00  0.00000000E+00  0.00000000E+00  0.00000000E+00  1.21442195E-01  0.00000000E+00  0.00000000E+00 -4.34100948E-02
    0.206000      1   0.00000000E+00  0.00000000E+00  2.55715127E-03  0.00000000E+00  0.00000000E+00  0.00000000E+00  0.00000000E+00  0.00000000E+00  1.21398699E-01  0.00000000E+00  0.00000000E+00 -4.34967366E-02
    0.207000      1   0.00000000E+00  0.00000000E+00  2.47925574E-03  0.00000000E+00  0.00000000E+00  0.00000000E+00  0.00000000E+00  0.00000000E+00  1.21355133E-01  0.00000000E+00  0.00000000E+00 -4.35651552E-02
    0.208000      1   0.00000000E+00  0.00000000E+00  2.51704370E-03  0.00000000E+00  0.00000000E+00  0.00000000E+00  0.00000000E+00  0.00000000E+00  1.21311489E-01  0.00000000E+00  0.00000000E+00 -4.36445538E-02
    0.209000      1   0.00000000E+00  0.00000000E+00  2.53733377E-03  0.00000000E+00  0.00000000E+00  0.00000000E+00  0.00000000E+00  0.00000000E+00  1.21267746E-01  0.00000000E+00  0.00000000E+00 -4.37428519E-02
    0.210000      1   0.00000000E+00  0.00000000E+00  2.45649592E-03  0.00000000E+00  0.00000000E+00  0.00000000E+00  0.00000000E+00  0.00000000E+00  1.21223921E-01  0.00000000E+00  0.00000000E+00 -4.38251519E-02
    0.211000      1   0.00000000E+00  0.00000000E+00  2.55006508E-03  0.00000000E+00  0.00000000E+00  0.00000000E+00  0.00000000E+00  0.00000000E+00  1.21180006E-01  0.00000000E+00  0.00000000E+00 -4.39150836E-02
    0.212000      1   0.00000000E+00  0.00000000E+00  2.55975092E-03  0.00000000E+00  0.00000000E+00  0.00000000E+00  0.00000000E+00  0.00000000E+00  1.21135991E-01  0.00000000E+00  0.00000000E+00 -4.40150170E-02
    0.213000      1   0.00000000E+00  0.00000000E+00  2.48260608E-03  0.00000000E+00  0.00000000E+00  0.00000000E+00  0.00000000E+00  0.00000000E+00  1.21091908E-01  0.00000000E+00  0.00000000E+00 -4.40825081E-02
    0.214000      1   0.00000000E+00  0.00000000E+00  2.56436728E-03  0.00000000E+00  0.00000000E+00  0.00000000E+00  0.00000000E+00  0.00000000E+00  1.21047748E-01  0.00000000E+00  0.00000000E+00 -4.41604604E-02
    0.215000      1   0.00000000E+00  0.00000000E+00  2.51134246E-03  0.00000000E+00  0.00000000E+00  0.00000000E+00  0.00000000E+00  0.00000000E+00  1.21003499E-01  0.00000000E+00  0.00000000E+00 -4.42492896E-02
    0.216000      1   0.00000000E+00  0.00000000E+00  2.57423093E-03  0.00000000E+00  0.00000000E+00  0.00000000E+00  0.00000000E+00  0.00000000E+00  1.20959178E-01  0.00000000E+00  0.00000000E+00 -4.43206441E-02
    0.217000      1   0.00000000E+00  0.00000000E+00  2.62716195E-03  0.00000000E+00  0.00000000E+00  0.00000000E+00  0.00000000E+00  0.00000000E+00  1.20914780E-01  0.00000000E+00  0.00000000E+00 -4.43982916E-02
    0.218000      1   0.00000000E+00  0.00000000E+00  2.57209519E-03  0.00000000E+00  0.00000000E+00  0.00000000E+00  0.00000000E+00  0.00000000E+00  1.20870334E-01  0.00000000E+00  0.00000000E+00 -4.44459254E-02
    0.219000      1   0.00000000E+00  0.00000000E+00  2.58480325E-03  0.00000000E+00  0.00000000E+00  0.00000000E+00  0.00000000E+00  0.00000000E+00  1.20825848E-01  0.00000000E+00  0.00000000E+00 -4.44859137E-02
    0.220000      1   0.00000000E+00  0.00000000E+00  2.58161081E-03  0.00000000E+00  0.00000000E+00  0.00000000E+00  0.00000000E+00  0.00000000E+00  1.20781306E-01  0.00000000E+00  0.00000000E+00 -4.45417395E-02
    0.221000      1   0.00000000E+00  0.00000000E+00  2.53200270E-03  0.00000000E+00  0.00000000E+00  0.00000000E+00  0.00000000E+00  0.00000000E+00  1.20736712E-01  0.00000000E+00  0.00000000E+00 -4.45939564E-02
    0.222000      1   0.00000000E+00  0.00000000E+00  2.55616834E-03  0.00000000E+00  0.00000000E+00  0.00000000E+00  0.00000000E+00  0.00000000E+00  1.20692056E-01  0.00000000E+00  0.00000000E+00 -4.46559943E-02
    0.223000      1   0.00000000E+00  0.00000000E+00  2.56520338E-03  0.00000000E+00  0.00000000E+00  0.00000000E+00  0.00000000E+00  0.00000000E+00  1.20647326E-01  0.00000000E+00  0.00000000E+00 -4.47300509E-02
    0.224000      1   0.00000000E+00  0.00000000E+00  2.57434105E-03  0.00000000E+00  0.00000000E+00  0.00000000E+00  0.00000000E+00  0.00000000E+00  1.20602531E-01  0.00000000E+00  0.00000000E+00 -4.47945733E-02
    0.225000      1   0.00000000E+00  0.00000000E+00  2.59070349E-03  0.00000000E+00  0.00000000E+00  0.00000000E+00  0.00000000E+00  0.00000000E+00  1.20557677E-01  0.00000000E+00  0.00000000E+00 -4.48545126E-02
    0.226000      1   0.00000000E+00  0.00000000E+00  2.53592716E-03  0.00000000E+00  0.00000000E+00  0.00000000E+00  0.00000000E+00  0.00000000E+00  1.20512768E-01  0.00000000E+00  0.00000000E+00 -4.49085575E-02
    0.227000      1   0.00000000E+00  0.00000000E+00  2.54497484E-03  0.00000000E+00  0.00000000E+00  0.00000000E+00  0.00000000E+00  0.00000000E+00  1.20467801E-01  0.00000000E+00  0.00000000E+00 -4.49669152E-02
    0.228000      1   0.00000000E+00  0.00000000E+00  2.50617260E-03  0.00000000E+00  0.00000000E+00  0.00000000E+00  0.00000000E+00  0.00000000E+00  1.20422760E-01  0.00000000E+00  0.00000000E+00 -4.50416624E-02
    0.229000      1   0.00000000E+00  0.00000000E+00  2.49632390E-03  0.00000000E+00  0.00000000E+00  0.00000000E+00  0.00000000E+00  0.00000000E+00  1.20377640E-01  0.00000000E+00  0.00000000E+00 -4.51202999E-02
    0.230000      1   0.00000000E+00  0.00000000E+00  2.57915156E-03  0.00000000E+00  0.00000000E+00  0.00000000E+00  0.00000000E+00  0.00000000E+00  1.20332426E-01  0.00000000E+00  0.00000000E+00 -4.52134222E-02
    0.231000      1   0.00000000E+00  0.00000000E+00  2.58160398E-03  0.00000000E+00  0.00000000E+00  0.00000000E+00  0.00000000E+00  0.00000000E+00  1.20287131E-01  0.00000000E+00  0.00000000E+00 -4.52951319E-02
    0.232000      1   0.00000000E+00  0.00000000E+00  2.49600009E-03  0.00000000E+00  0.00000000E+00  0.00000000E+00  0.00000000E+00  0.00000000E+00  1.20241782E-01  0.00000000E+00  0.00000000E+00 -4.53492061E-02
    0.233000      1   0.00000000E+00  0.00000000E+00  2.53294928E-03  0.00000000E+00  0.00000000E+00  0.00000000E+00  0.00000000E+00  0.00000000E+00  1.20196364E-01  0.00000000E+00  0.00000000E+00 -4.54176129E-02
    0.234000      1   0.00000000E+00  0.00000000E+00  2.52637205E-03  0.00000000E+00  0.00000000E+00  0.00000000E+00  0.00000000E+00  0.00000000E+00  1.20150857E-01  0.00000000E+00  0.00000000E+00 -4.55075993E-02
    0.235000      1   0.00000000E+00  0.00000000E+00  2.47548563E-03  0.00000000E+00  0.00000000E+00  0.00000000E+00  0.00000000E+00  0.00000000E+00  1.20105270E-01  0.00000000E+00  0.00000000E+00 -4.55866141E-02
    0.236000      1   0.00000000E+00  0.00000000E+00  2.60676653E-03  0.00000000E+00  0.00000000E+00  0.00000000E+00  0.00000000E+00  0.00000000E+00  1.20059593E-01  0.00000000E+00  0.00000000E+00 -4.56767877E-02
    0.237000      1   0.00000000E+00  0.00000000E+00  2.55023803E-03  0.00000000E+00  0.00000000E+00  0.00000000E+00  0.00000000E+00  0.00000000E+00  1.20013833E-01  0.00000000E+00  0.00000000E+00 -4.57604575E-02
    0.238000      1   0.00000000E+00  0.00000000E+00  2.57545535E-03  0.00000000E+00  0.00000000E+00  0.00000000E+00  0.00000000E+00  0.00000000E+00  1.19968022E-01  0.00000000E+00  0.00000000E+00 -4.58110092E-02
    0.239000      1   0.00000000E+00  0.00000000E+00  2.55849771E-03  0.00000000E+00  0.00000000E+00  0.00000000E+00  0.00000000E+00  0.00000000E+00  1.19922146E-01  0.00000000E+00  0.00000000E+00 -4.58756664E-02
    0.240000      1   0.00000000E+00  0.00000000E+00  2.51430787E-03  0.00000000E+00  0.00000000E+00  0.00000000E+00  0.00000000E+00  0.00000000E+00  1.19876211E-01  0.00000000E+00  0.00000000E+00 -4.59350405E-02
    0.241000      1   0.00000000E+00  0.00000000E+00  2.60991929E-03  0.00000000E+00  0.00000000E+00  0.00000000E+00  0.00000000E+00  0.00000000E+00  1.19830203E-01  0.00000000E+00  0.00000000E+00 -4.60077982E-02
    0.242000      1   0.00000000E+00  0.00000000E+00  2.62283150E-03  0.00000000E+00  0.00000000E+00  0.00000000E+00  0.00000000E+00  0.00000000E+00  1.19784125E-01  0.00000000E+00  0.00000000E+00 -4.60781608E-02
    0.243000      1   0.00000000E+00  0.00000000E+00  2.54687796E-03  0.00000000E+00  0.00000000E+00  0.00000000E+00  0.00000000E+00  0.00000000E+00  1.19738010E-01  0.00000000E+00  0.00000000E+00 -4.61148397E-02
    0.244000      1   0.00000000E+00  0.00000000E+00  2.62117819E-03  0.00000000E+00  0.00000000E+00  0.00000000E+00  0.00000000E+00  0.00000000E+00  1.19691849E-01  0.00000000E+00  0.00000000E+00 -4.61607096E-02
    0.245000      1   0.00000000E+00  0.00000000E+00  2.55932836E-03  0.00000000E+00  0.00000000E+00  0.00000000E+00  0.00000000E+00  0.00000000E+00  1.19645631E-01  0.00000000E+00  0.00000000E+00 -4.62183847E-02
    0.246000      1   0.00000000E+00  0.00000000E+00  2.55737994E-03  0.00000000E+00  0.00000000E+00  0.00000000E+00  0.00000000E+00  0.00000000E+00  1.19599368E-01  0.00000000E+00  0.00000000E+00 -4.62625958E-02
    0.247000      1   0.00000000E+00  0.00000000E+00  2.62398948E-03  0.00000000E+00  0.00000000E+00  0.00000000E+00  0.00000000E+00  0.00000000E+00  1.19553041E-01  0.00000000E+00  0.00000000E+00 -4.63274640E-02
    0.248000      1   0.00000000E+00  0.00000000E+00  2.62144230E-03  0.00000000E+00  0.00000000E+00  0.00000000E+00  0.00000000E+00  0.00000000E+00  1.19506660E-01  0.00000000E+00  0.00000000E+00 -4.63811928E-02
    0.249000      1   0.00000000E+00  0.00000000E+00  2.58523555E-03  0.00000000E+00  0.00000000E+00  0.00000000E+00  0.00000000E+00  0.00000000E+00  1.19460246E-01  0.00000000E+00  0.00000000E+00 -4.64134966E-02
    0.250000      1   0.00000000E+00  0.00000000E+00  2.58660359E-03  0.00000000E+00  0.00000000E+00  0.00000000E+00  0.00000000E+00  0.00000000E+00  1.19413793E-01  0.00000000E+00  0.00000000E+00 -4.64530396E-02
    0.251000      1   0.00000000E+00  0.00000000E+00  2.56025975E-03  0.00000000E+00  0.00000000E+00  0.00000000E+00  0.00000000E+00  0.00000000E+00  1.19367289E-01  0.00000000E+00  0.00000000E+00 -4.65042316E-02
    0.252000      1   0.00000000E+00  0.00000000E+00  2.54389816E-03  0.00000000E+00  0.00000000E+00  0.00000000E+00  0.00000000E+00  0.00000000E+00  1.19320729E-01  0.00000000E+00  0.00000000E+00 -4.65596329E-02
    0.253000      1   0.00000000E+00  0.00000000E+00  2.53508843E-03  0.00000000E+00  0.00000000E+00  0.00000000E+00  0.00000000E+00  0.00000000E+00  1.19274103E-01  0.00000000E+00  0.00000000E+00 -4.66265792E-02
    0.254000      1   0.00000000E+00  0.00000000E+00  2.57559713E-03  0.00000000E+00  0.00000000E+00  0.00000000E+00  0.00000000E+00  0.00000000E+00  1.19227402E-01  0.00000000E+00  0.00000000E+00 -4.67004569E-02
    0.255000      1   0.00000000E+00  0.00000000E+00  2.60583015E-03  0.00000000E+00  0.00000000E+00  0.00000000E+00  0.00000000E+00  0.00000000E+00  1.19180632E-01  0.00000000E+00  0.00000000E+00 -4.67700643E-02
    0.256000      1   0.00000000E+00  0.00000000E+00  2.52526141E-03  0.00000000E+00  0.00000000E+00  0.00000000E+00  0.00000000E+00  0.00000000E+00  1.19133811E-01  0.00000000E+00  0.00000000E+00 -4.68210216E-02
    0.257000      1   0.00000000E+00  0.00000000E+00  2.55411905E-03  0.00000000E+00  0.00000000E+00  0.00000000E+00  0.00000000E+00  0.00000000E+00  1.19086935E-01  0.00000000E+00  0.00000000E+00 -4.68762977E-02
    0.258000      1   0.00000000E+00  0.00000000E+00  2.52530077E-03  0.00000000E+00  0.00000000E+00  0.00000000E+00  0.00000000E+00  0.00000000E+00  1.19039982E-01  0.00000000E+00  0.00000000E+00 -4.69529306E-02
    0.259000      1   0.00000000E+00  0.00000000E+00  2.49940047E-03  0.00000000E+00  0.00000000E+00  0.00000000E+00  0.00000000E+00  0.00000000E+00  1.18992957E-01  0.00000000E+00  0.00000000E+00 -4.70251823E-02
    0.260000      1   0.00000000E+00  0.00000000E+00  2.61397725E-03  0.00000000E+00  0.00000000E+00  0.00000000E+00  0.00000000E+00  0.00000000E+00  1.18945845E-01  0.00000000E+00  0.00000000E+00 -4.71114787E-02
    0.261000      1   0.00000000E+00  0.00000000E+00  2.53619114E-03  0.00000000E+00  0.00000000E+00  0.00000000E+00  0.00000000E+00  0.00000000E+00  1.18898659E-01  0.00000000E+00  0.00000000E+00 -4.71860194E-02
    0.262000      1   0.00000000E+00  0.00000000E+00  2.61490578E-03  0.00000000E+00  0.00000000E+00  0.00000000E+00  0.00000000E+00  0.00000000E+00  1.18851423E-01  0.00000000E+00  0.00000000E+00 -4.72366871E-02
    0.263000      1   0.00000000E+00  0.00000000E+00  2.56881896E-03  0.00000000E+00  0.00000000E+00  0.00000000E+00  0.00000000E+00  0.00000000E+00  1.18804124E-01  0.00000000E+00  0.00000000E+00 -4.72989810E-02
    0.264000      1   0.00000000E+00  0.00000000E+00  2.59264391E-03  0.00000000E+00  0.00000000E+00  0.00000000E+00  0.00000000E+00  0.00000000E+00  1.18756780E-01  0.00000000E+00  0.00000000E+00 -4.73435738E-02
    0.265000      1   0.00000000E+00  0.00000000E+00  2.64207563E-03  0.00000000E+00  0.00000000E+00  0.00000000E+00  0.00000000E+00  0.00000000E+00  1.18709381E-01  0.00000000E+00  0.00000000E+00 -4.73990891E-02
    0.266000      1   0.00000000E+00  0.00000000E+00  2.62257717E-03  0.00000000E+00  0.00000000E+00  0.00000000E+00  0.00000000E+00  0.00000000E+00  1.18661943E-01  0.00000000E+00  0.00000000E+00 -4.74380384E-02
    0.267000      1   0.00000000E+00  0.00000000E+00  2.54349230E-03  0.00000000E+00  0.00000000E+00  0.00000000E+00  0.00000000E+00  0.00000000E+00  1.18614479E-01  0.00000000E+00  0.00000000E+00 -4.74642017E-02
    0.268000      1   0.00000000E+00  0.00000000E+00  2.62689770E-03  0.00000000E+00  0.00000000E+00  0.00000000E+00  0.00000000E+00  0.00000000E+00  1.18566968E-01  0.00000000E+00  0.00000000E+00 -4.75107538E-02
    0.269000      1   0.00000000E+00  0.00000000E+00  2.59492903E-03  0.00000000E+00  0.00000000E+00  0.00000000E+00  0.00000000E+00  0.00000000E+00  1.18519400E-01  0.00000000E+00  0.00000000E+00 -4.75685293E-02
    0.270000      1   0.00000000E+00  0.00000000E+00  2.62256406E-03  0.00000000E+00  0.00000000E+00  0.00000000E+00  0.00000000E+00  0.00000000E+00  1.18471795E-01  0.00000000E+00  0.00000000E+00 -4.76045666E-02
    0.271000      1   0.00000000E+00  0.00000000E+00  2.61205516E-03  0.00000000E+00  0.00000000E+00  0.00000000E+00  0.00000000E+00  0.00000000E+00  1.18424149E-01  0.00000000E+00  0.00000000E+00 -4.76462158E-02
    0.272000      1   0.00000000E+00  0.00000000E+00  2.58141958E-03  0.00000000E+00  0.00000000E+00  0.00000000E+00  0.00000000E+00  0.00000000E+00  1.18376468E-01  0.00000000E+00  0.00000000E+00 -4.76806477E-02
    0.273000      1   0.00000000E+00  0.00000000E+00  2.55928871E-03  0.00000000E+00  0.00000000E+00  0.00000000E+00  0.00000000E+00  0.00000000E+00  1.18328744E-01  0.00000000E+00  0.00000000E+00 -4.77239484E-02
    0.274000      1   0.00000000E+00  0.00000000E+00  2.57658452E-03  0.00000000E+00  0.00000000E+00  0.00000000E+00  0.00000000E+00  0.00000000E+00  1.18280963E-01  0.00000000E+00  0.00000000E+00 -4.77812239E-02
    0.275000      1   0.00000000E+00  0.00000000E+00  2.58409430E-03  0.00000000E+00  0.00000000E+00  0.00000000E+00  0.00000000E+00  0.00000000E+00  1.18233120E-01  0.00000000E+00  0.00000000E+00 -4.78427090E-02
    0.276000      1   0.00000000E+00  0.00000000E+00  2.52571816E-03  0.00000000E+00  0.00000000E+00  0.00000000E+00  0.00000000E+00  0.00000000E+00  1.18185223E-01  0.00000000E+00  0.00000000E+00 -4.78971858E-02
    0.277000      1   0.00000000E+00  0.00000000E+00  2.53112978E-03  0.00000000E+00  0.00000000E+00  0.00000000E+00  0.00000000E+00  0.00000000E+00  1.18137264E-01  0.00000000E+00  0.00000000E+00 -4.79595195E-02
    0.278000      1   0.00000000E+00  0.00000000E+00  2.62544344E-03  0.00000000E+00  0.00000000E+00  0.00000000E+00  0.00000000E+00  0.00000000E+00  1.18089223E-01  0.00000000E+00  0.00000000E+00 -4.80400677E-02
    0.279000      1   0.00000000E+00  0.00000000E+00  2.53433923E-03  0.00000000E+00  0.00000000E+00  0.00000000E+00  0.00000000E+00  0.00000000E+00  1.18041121E-01  0.00000000E+00  0.00000000E+00 -4.81021604E-02
    0.280000      1   0.00000000E+00  0.00000000E+00  2.58115942E-03  0.00000000E+00  0.00000000E+00  0.00000000E+00  0.00000000E+00  0.00000000E+00  1.17992972E-01  0.00000000E+00  0.00000000E+00 -4.81493899E-02
    0.281000      1   0.00000000E+00  0.00000000E+00  2.56989818E-03  0.00000000E+00  0.00000000E+00  0.00000000E+00  0.00000000E+00  0.00000000E+00  1.17944754E-01  0.00000000E+00  0.00000000E+00 -4.82182597E-02
    0.282000      1   0.00000000E+00  0.00000000E+00  2.52188607E-03  0.00000000E+00  0.00000000E+00  0.00000000E+00  0.00000000E+00  0.00000000E+00  1.17896480E-01  0.00000000E+00  0.00000000E+00 -4.82737445E-02
    0.283000      1   0.00000000E+00  0.00000000E+00  2.60275303E-03  0.00000000E+00  0.00000000E+00  0.00000000E+00  0.00000000E+00  0.00000000E+00  1.17848138E-01  0.00000000E+00  0.00000000E+00 -4.83414180E-02
    0.284000      1   0.00000000E+00  0.00000000E+00  2.56825856E-03  0.00000000E+00  0.00000000E+00  0.00000000E+00  0.00000000E+00  0.00000000E+00  1.17799728E-01  0.00000000E+00  0.00000000E+00 -4.84105590E-02
    0.285000      1   0.00000000E+00  0.00000000E+00  2.61025982E-03  0.00000000E+00  0.00000000E+00  0.00000000E+00  0.00000000E+00  0.00000000E+00  1.17751269E-01  0.00000000E+00  0.00000000E+00 -4.84592421E-02
    0.286000      1   0.00000000E+00  0.00000000E+00  2.59433665E-03  0.00000000E+00  0.00000000E+00  0.00000000E+00  0.00000000E+00  0.00000000E+00  1.17702757E-01  0.00000000E+00  0.00000000E+00 -4.85118262E-02
    0.287000      1   0.00000000E+00  0.00000000E+00  2.60806305E-03  0.00000000E+00  0.00000000E+00  0.00000000E+00  0.00000000E+00  0.00000000E+00  1.17654203E-01  0.00000000E+00  0.00000000E+00 -4.85534323E-02
    0.288000      1   0.00000000E+00  0.00000000E+00  2.62963930E-03  0.00000000E+00  0.00000000E+00  0.00000000E+00  0.00000000E+00  0.00000000E+00  1.17605606E-01  0.00000000E+00  0.00000000E+00 -4.85978405E-02
    0.289000      1   0.00000000E+00  0.00000000E+00  2.64132841E-03  0.00000000E+00  0.00000000E+00  0.00000000E+00  0.00000000E+00  0.00000000E+00  1.17556972E-01  0.00000000E+00  0.00000000E+00 -4.86339251E-02
    0.290000      1   0.00000000E+00  0.00000000E+00  2.56639221E-03  0.00000000E+00  0.00000000E+00  0.00000000E+00  0.00000000E+00  0.00000000E+00  1.17508311E-01  0.00000000E+00  0.00000000E+00 -4.86608568E-02
    0.291000      1   0.00000000E+00  0.00000000E+00  2.63170171E-03  0.00000000E+00  0.00000000E+00  0.00000000E+00  0.00000000E+00  0.00000000E+00  1.17459614E-01  0.00000000E+00  0.00000000E+00 -4.86972011E-02
    0.292000      1   0.00000000E+00  0.00000000E+00  2.58370553E-03  0.00000000E+00  0.00000000E+00  0.00000000E+00  0.00000000E+00  0.00000000E+00  1.17410867E-01  0.00000000E+00  0.00000000E+00 -4.87466064E-02
    0.293000      1   0.00000000E+00  0.00000000E+00  2.64663915E-03  0.00000000E+00  0.00000000E+00  0.00000000E+00  0.00000000E+00  0.00000000E+00  1.17362084E-01  0.00000000E+00  0.00000000E+00 -4.87830507E-02
    0.294000      1   0.00000000E+00  0.00000000E+00  2.65565698E-03  0.00000000E+00  0.00000000E+00  0.00000000E+00  0.00000000E+00  0.00000000E+00  1.17313260E-01  0.00000000E+00  0.00000000E+00 -4.88241285E-02
    0.295000      1   0.00000000E+00  0.00000000E+00  2.60626126E-03  0.00000000E+00  0.00000000E+00  0.00000000E+00  0.00000000E+00  0.00000000E+00  1.17264417E-01  0.00000000E+00  0.00000000E+00 -4.88429433E-02
    0.296000      1   0.00000000E+00  0.00000000E+00  2.59414736E-03  0.00000000E+00  0.00000000E+00  0.00000000E+00  0.00000000E+00  0.00000000E+00  1.17215549E-01  0.00000000E+00  0.00000000E+00 -4.88675315E-02
    0.297000      1   0.00000000E+00  0.00000000E+00  2.58829242E-03  0.00000000E+00  0.00000000E+00  0.00000000E+00  0.00000000E+00  0.00000000E+00  1.17166639E-01  0.00000000E+00  0.00000000E+00 -4.89104843E-02
    0.298000      1   0.00000000E+00  0.00000000E+00  2.59610383E-03  0.00000000E+00  0.00000000E+00  0.00000000E+00  0.00000000E+00  0.00000000E+00  1.17117680E-01  0.00000000E+00  0.00000000E+00 -4.89584508E-02
    0.299000      1   0.00000000E+00  0.00000000E+00  2.55757944E-03  0.00000000E+00  0.00000000E+00  0.00000000E+00  0.00000000E+00  0.00000000E+00  1.17068673E-01  0.00000000E+00  0.00000000E+00 -4.90069588E-02
    0.300000      1   0.00000000E+00  0.00000000E+00  2.57316973E-03  0.00000000E+00  0.00000000E+00  0.00000000E+00  0.00000000E+00  0.00000000E+00  1.17019614E-01  0.00000000E+00  0.00000000E+00 -4.90597141E-02
    0.301000      1   0.00000000E+00  0.00000000E+00  2.63421023E-03  0.00000000E+00  0.00000000E+00  0.00000000E+00  0.00000000E+00  0.00000000E+00  1.16970491E-01  0.00000000E+00  0.00000000E+00 -4.91223643E-02
    0.302000      1   0.00000000E+00  0.00000000E+00  2.56444654E-03  0.00000000E+00  0.00000000E+00  0.00000000E+00  0.00000000E+00  0.00000000E+00  1.16921322E-01  0.00000000E+00  0.00000000E+00 -4.91691002E-02
    0.303000      1   0.00000000E+00  0.00000000E+00  2.57944112E-03  0.00000000E+00  0.00000000E+00  0.00000000E+00  0.00000000E+00  0.00000000E+00  1.16872114E-01  0.00000000E+00  0.00000000E+00 -4.92081263E-02
    0.304000      1   0.00000000E+00  0.00000000E+00  2.56695286E-03  0.00000000E+00  0.00000000E+00  0.00000000E+00  0.00000000E+00  0.00000000E+00  1.16822847E-01  0.00000000E+00  0.00000000E+00 -4.92674123E-02
    0.305000      1   0.00000000E+00  0.00000000E+00  2.52486666E-03  0.00000000E+00  0.00000000E+00  0.00000000E+00  0.00000000E+00  0.00000000E+00  1.16773523E-01  0.00000000E+00  0.00000000E+00 -4.93239823E-02
    0.306000      1   0.00000000E+00  0.00000000E+00  2.62012320E-03  0.00000000E+00  0.00000000E+00  0.00000000E+00  0.00000000E+00  0.00000000E+00  1.16724131E-01  0.00000000E+00  0.00000000E+00 -4.93920960E-02
    0.307000      1   0.00000000E+00  0.00000000E+00  2.54969269E-03  0.00000000E+00  0.00000000E+00  0.00000000E+00  0.00000000E+00  0.00000000E+00  1.16674673E-01  0.00000000E+00  0.00000000E+00 -4.94571864E-02
    0.308000      1   0.00000000E+00  0.00000000E+00  2.63916000E-03  0.00000000E+00  0.00000000E+00  0.00000000E+00  0.00000000E+00  0.00000000E+00  1.16625170E-01  0.00000000E+00  0.00000000E+00 -4.95034481E-02
    0.309000      1   0.00000000E+00  0.00000000E+00  2.58907996E-03  0.00000000E+00  0.00000000E+00  0.00000000E+00  0.00000000E+00  0.00000000E+00  1.16575613E-01  0.00000000E+00  0.00000000E+00 -4.95570188E-02
    0.310000      1   0.00000000E+00  0.00000000E+00  2.64693366E-03  0.00000000E+00  0.00000000E+00  0.00000000E+00  0.00000000E+00  0.00000000E+00  1.16526023E-01  0.00000000E+00  0.00000000E+00 -4.95900632E-02
    0.311000      1   0.00000000E+00  0.00000000E+00  2.66077713E-03  0.00000000E+00  0.00000000E+00  0.00000000E+00  0.00000000E+00  0.00000000E+00  1.16476394E-01  0.00000000E+00  0.00000000E+00 -4.96293239E-02
    0.312000      1   0.00000000E+00  0.00000000E+00  2.58965236E-03  0.00000000E+00  0.00000000E+00  0.00000000E+00  0.00000000E+00  0.00000000E+00  1.16426746E-01  0.00000000E+00  0.00000000E+00 -4.96471365E-02
    0.313000      1   0.00000000E+00  0.00000000E+00  2.64207679E-03  0.00000000E+00  0.00000000E+00  0.00000000E+00  0.00000000E+00  0.00000000E+00  1.16377073E-01  0.00000000E+00  0.00000000E+00 -4.96729804E-02
    0.314000      1   0.00000000E+00  0.00000000E+00  2.64127828E-03  0.00000000E+00  0.00000000E+00  0.00000000E+00  0.00000000E+00  0.00000000E+00  1.16327361E-01  0.00000000E+00  0.00000000E+00 -4.97129120E-02
    0.315000      1   0.00000000E+00  0.00000000E+00  2.61987575E-03  0.00000000E+00  0.00000000E+00  0.00000000E+00  0.00000000E+00  0.00000000E+00  1.16277625E-01  0.00000000E+00  0.00000000E+00 -4.97357678E-02
    0.316000      1   0.00000000E+00  0.00000000E+00  2.63462631E-03  0.00000000E+00  0.00000000E+00  0.00000000E+00  0.00000000E+00  0.00000000E+00  1.16227862E-01  0.00000000E+00  0.00000000E+00 -4.97626707E-02
    0.317000      1   0.00000000E+00  0.00000000E+00  2.60205153E-03  0.00000000E+00  0.00000000E+00  0.00000000E+00  0.00000000E+00  0.00000000E+00  1.16178068E-01  0.00000000E+00  0.00000000E+00 -4.97939940E-02
    0.318000      1   0.00000000E+00  0.00000000E+00  2.62643354E-03  0.00000000E+00  0.00000000E+00  0.00000000E+00  0.00000000E+00  0.00000000E+00  1.16128242E-01  0.00000000E+00  0.00000000E+00 -4.98262335E-02
    0.319000      1   0.00000000E+00  0.00000000E+00  2.60636984E-03  0.00000000E+00  0.00000000E+00  0.00000000E+00  0.00000000E+00  0.00000000E+00  1.16078377E-01  0.00000000E+00  0.00000000E+00 -4.98648593E-02
    0.320000      1   0.00000000E+00  0.00000000E+00  2.59772871E-03  0.00000000E+00  0.00000000E+00  0.00000000E+00  0.00000000E+00  0.00000000E+00  1.16028478E-01  0.00000000E+00  0.00000000E+00 -4.98990258E-02
    0.321000      1   0.00000000E+00  0.00000000E+00  2.57470397E-03  0.00000000E+00  0.00000000E+00  0.00000000E+00  0.00000000E+00  0.00000000E+00  1.15978537E-01  0.00000000E+00  0.00000000E+00 -4.99413096E-02
    0.322000      1   0.00000000E+00  0.00000000E+00  2.55440554E-03  0.00000000E+00  0.00000000E+00  0.00000000E+00  0.00000000E+00  0.00000000E+00  1.15928546E-01  0.00000000E+00  0.00000000E+00 -4.99905029E-02
    0.323000      1   0.00000000E+00  0.00000000E+00  2.59822793E-03  0.00000000E+00  0.00000000E+00  0.00000000E+00  0.00000000E+00  0.00000000E+00  1.15878495E-01  0.00000000E+00  0.00000000E+00 -5.00508474E-02
    0.324000      1   0.00000000E+00  0.00000000E+00  2.53118348E-03  0.00000000E+00  0.00000000E+00  0.00000000E+00  0.00000000E+00  0.00000000E+00  1.15828385E-01  0.00000000E+00  0.00000000E+00 -5.01101088E-02
    0.325000      1   0.00000000E+00  0.00000000E+00  2.60445463E-03  0.00000000E+00  0.00000000E+00  0.00000000E+00  0.00000000E+00  0.00000000E+00  1.15778218E-01  0.00000000E+00  0.00000000E+00 -5.01668343E-02
    0.326000      1   0.00000000E+00  0.00000000E+00  2.63794467E-03  0.00000000E+00  0.00000000E+00  0.00000000E+00  0.00000000E+00  0.00000000E+00  1.15727986E-01  0.00000000E+00  0.00000000E+00 -5.02326210E-02
    0.327000      1   0.00000000E+00  0.00000000E+00  2.52693087E-03  0.00000000E+00  0.00000000E+00  0.00000000E+00  0.00000000E+00  0.00000000E+00  1.15677717E-01  0.00000000E+00  0.00000000E+00 -5.02684220E-02
    0.328000      1   0.00000000E+00  0.00000000E+00  2.59287295E-03  0.00000000E+00  0.00000000E+00  0.00000000E+00  0.00000000E+00  0.00000000E+00  1.15627405E-01  0.00000000E+00  0.00000000E+00 -5.03128560E-02
    0.329000      1   0.00000000E+00  0.00000000E+00  2.57148555E-03  0.00000000E+00  0.00000000E+00  0.00000000E+00  0.00000000E+00  0.00000000E+00  1.15577022E-01  0.00000000E+00  0.00000000E+00 -5.03820874E-02
    0.330000      1   0.00000000E+00  0.00000000E+00  2.62952012E-03  0.00000000E+00  0.00000000E+00  0.00000000E+00  0.00000000E+00  0.00000000E+00  1.15526589E-01  0.00000000E+00  0.00000000E+00 -5.04334445E-02
    0.331000      1   0.00000000E+00  0.00000000E+00  2.61393471E-03  0.00000000E+00  0.00000000E+00  0.00000000E+00  0.00000000E+00  0.00000000E+00  1.15476107E-01  0.00000000E+00  0.00000000E+00 -5.04815629E-02
    0.332000      1   0.00000000E+00  0.00000000E+00  2.66376699E-03  0.00000000E+00  0.00000000E+00  0.00000000E+00  0.00000000E+00  0.00000000E+00  1.15425594E-01  0.00000000E+00  0.00000000E+00 -5.05133779E-02
    0.333000      1   0.00000000E+00  0.00000000E+00  2.63789362E-03  0.00000000E+00  0.00000000E+00  0.00000000E+00  0.00000000E+00  0.00000000E+00  1.15375053E-01  0.00000000E+00  0.00000000E+00 -5.05414992E-02
    0.334000      1   0.00000000E+00  0.00000000E+00  2.59425348E-03  0.00000000E+00  0.00000000E+00  0.00000000E+00  0.00000000E+00  0.00000000E+00  1.15324495E-01  0.00000000E+00  0.00000000E+00 -5.05578301E-02
    0.335000      1   0.00000000E+00  0.00000000E+00  2.62828597E-03  0.00000000E+00  0.00000000E+00  0.00000000E+00  0.00000000E+00  0.00000000E+00  1.15273904E-01  0.00000000E+00  0.00000000E+00 -5.05903756E-02
    0.336000      1   0.00000000E+00  0.00000000E+00  2.68368804E-03  0.00000000E+00  0.00000000E+00  0.00000000E+00  0.00000000E+00  0.00000000E+00  1.15223273E-01  0.00000000E+00  0.00000000E+00 -5.06312349E-02
    0.337000      1   0.00000000E+00  0.00000000E+00  2.62464311E-03  0.00000000E+00  0.00000000E+00  0.00000000E+00  0.00000000E+00  0.00000000E+00  1.15172622E-01  0.00000000E+00  0.00000000E+00 -5.06511201E-02
    0.338000      1   0.00000000E+00  0.00000000E+00  2.62691749E-03  0.00000000E+00  0.00000000E+00  0.00000000E+00  0.00000000E+00  0.00000000E+00  1.15121959E-01  0.00000000E+00  0.00000000E+00 -5.06632519E-02
    0.339000      1   0.00000000E+00  0.00000000E+00  2.62663583E-03  0.00000000E+00  0.00000000E+00  0.00000000E+00  0.00000000E+00  0.00000000E+00  1.15071264E-01  0.00000000E+00  0.00000000E+00 -5.06943728E-02
    0.340000      1   0.00000000E+00  0.00000000E+00  2.62245823E-03  0.00000000E+00  0.00000000E+00  0.00000000E+00  0.00000000E+00  0.00000000E+00  1.15020540E-01  0.00000000E+00  0.00000000E+00 -5.07247965E-02
    0.341000      1   0.00000000E+00  0.00000000E+00  2.64054472E-03  0.00000000E+00  0.00000000E+00  0.00000000E+00  0.00000000E+00  0.00000000E+00  1.14969784E-01  0.00000000E+00  0.00000000E+00 -5.07560515E-02
    0.342000      1   0.00000000E+00  0.00000000E+00  2.62356197E-03  0.00000000E+00  0.00000000E+00  0.00000000E+00  0.00000000E+00  0.00000000E+00  1.14918998E-01  0.00000000E+00  0.00000000E+00 -5.07854801E-02
    0.343000      1   0.00000000E+00  0.00000000E+00  2.59495107E-03  0.00000000E+00  0.00000000E+00  0.00000000E+00  0.00000000E+00  0.00000000E+00  1.14868186E-01  0.00000000E+00  0.00000000E+00 -5.08119720E-02
    0.344000      1   0.00000000E+00  0.00000000E+00  2.57036790E-03  0.00000000E+00  0.00000000E+00  0.00000000E+00  0.00000000E+00  0.00000000E+00  1.14817337E-01  0.00000000E+00  0.00000000E+00 -5.08491008E-02
    0.345000      1   0.00000000E+00  0.00000000E+00  2.61448222E-03  0.00000000E+00  0.00000000E+00  0.00000000E+00  0.00000000E+00  0.00000000E+00  1.14766437E-01  0.00000000E+00  0.00000000E+00 -5.08999731E-02
    0.346000      1   0.00000000E+00  0.00000000E+00  2.55752583E-03  0.00000000E+00  0.00000000E+00  0.00000000E+00  0.00000000E+00  0.00000000E+00  1.14715486E-01  0.00000000E+00  0.00000000E+00 -5.09511178E-02
    0.347000      1   0.00000000E+00  0.00000000E+00  2.61408930E-03  0.00000000E+00  0.00000000E+00  0.00000000E+00  0.00000000E+00  0.00000000E+00  1.14664488E-01  0.00000000E+00  0.00000000E+00 -5.09978468E-02
    0.348000      1   0.00000000E+00  0.00000000E+00  2.63230727E-03  0.00000000E+00  0.00000000E+00  0.00000000E+00  0.00000000E+00  0.00000000E+00  1.14613435E-01  0.00000000E+00  0.00000000E+00 -5.10532785E-02
    0.349000      1   0.00000000E+00  0.00000000E+00  2.53492466E-03  0.00000000E+00  0.00000000E+00  0.00000000E+00  0.00000000E+00  0.00000000E+00  1.14562348E-01  0.00000000E+00  0.00000000E+00 -5.10869123E-02
    0.350000      1   0.00000000E+00  0.00000000E+00  2.61449570E-03  0.00000000E+00  0.00000000E+00  0.00000000E+00  0.00000000E+00  0.00000000E+00  1.14511216E-01  0.00000000E+00  0.00000000E+00 -5.11317840E-02
    0.351000      1   0.00000000E+00  0.00000000E+00  2.56019445E-03  0.00000000E+00  0.00000000E+00  0.00000000E+00  0.00000000E+00  0.00000000E+00  1.14460021E-01  0.00000000E+00  0.00000000E+00 -5.11945664E-02
    0.352000      1   0.00000000E+00  0.00000000E+00  2.65367837E-03  0.00000000E+00  0.00000000E+00  0.00000000E+00  0.00000000E+00  0.00000000E+00  1.14408781E-01  0.00000000E+00  0.00000000E+00 -5.12408191E-02
    0.353000      1   0.00000000E+00  0.00000000E+00  2.62831858E-03  0.00000000E+00  0.00000000E+00  0.00000000E+00  0.00000000E+00  0.00000000E+00  1.14357492E-01  0.00000000E+00  0.00000000E+00 -5.12883735E-02
    0.354000      1   0.00000000E+00  0.00000000E+00  2.67460926E-03  0.00000000E+00  0.00000000E+00  0.00000000E+00  0.00000000E+00  0.00000000E+00  1.14306183E-01  0.00000000E+00  0.00000000E+00 -5.13097109E-02
    0.355000      1   0.00000000E+00  0.00000000E+00  2.66560766E-03  0.00000000E+00  0.00000000E+00  0.00000000E+00  0.00000000E+00  0.00000000E+00  1.14254851E-01  0.00000000E+00  0.00000000E+00 -5.13311909E-02
    0.356000      1   0.00000000E+00  0.00000000E+00  2.61217457E-03  0.00000000E+00  0.00000000E+00  0.00000000E+00  0.00000000E+00  0.00000000E+00  1.14203512E-01  0.00000000E+00  0.00000000E+00 -5.13390603E-02
    0.357000      1   0.00000000E+00  0.00000000E+00  2.65358359E-03  0.00000000E+00  0.00000000E+00  0.00000000E+00  0.00000000E+00  0.00000000E+00  1.14152153E-01  0.00000000E+00  0.00000000E+00 -5.13593349E-02
    0.358000      1   0.00000000E+00  0.00000000E+00  2.64555487E-03  0.00000000E+00  0.00000000E+00  0.00000000E+00  0.00000000E+00  0.00000000E+00  1.14100763E-01  0.00000000E+00  0.00000000E+00 -5.13898350E-02
    0.359000      1   0.00000000E+00  0.00000000E+00  2.63883994E-03  0.00000000E+00  0.00000000E+00  0.00000000E+00  0.00000000E+00  0.00000000E+00  1.14049355E-01  0.00000000E+00  0.00000000E+00 -5.14081555E-02
    0.360000      1   0.00000000E+00  0.00000000E+00  2.65478996E-03  0.00000000E+00  0.00000000E+00  0.00000000E+00  0.00000000E+00  0.00000000E+00  1.13997925E-01  0.00000000E+00  0.00000000E+00 -5.14303003E-02
    0.361000      1   0.00000000E+00  0.00000000E+00  2.61832705E-03  0.00000000E+00  0.00000000E+00  0.00000000E+00  0.00000000E+00  0.00000000E+00  1.13946473E-01  0.00000000E+00  0.00000000E+00 -5.14518298E-02
    0.362000      1   0.00000000E+00  0.00000000E+00  2.63885698E-03  0.00000000E+00  0.00000000E+00  0.00000000E+00  0.00000000E+00  0.00000000E+00  1.13894998E-01  0.00000000E+00  0.00000000E+00 -5.14745691E-02
    0.363000      1   0.00000000E+00  0.00000000E+00  2.60035534E-03  0.00000000E+00  0.00000000E+00  0.00000000E+00  0.00000000E+00  0.00000000E+00  1.13843493E-01  0.00000000E+00  0.00000000E+00 -5.15056529E-02
    0.364000      1   0.00000000E+00  0.00000000E+00  2.61799589E-03  0.00000000E+00  0.00000000E+00  0.00000000E+00  0.00000000E+00  0.00000000E+00  1.13791956E-01  0.00000000E+00  0.00000000E+00 -5.15368029E-02
    0.365000      1   0.00000000E+00  0.00000000E+00  2.57495659E-03  0.00000000E+00  0.00000000E+00  0.00000000E+00  0.00000000E+00  0.00000000E+00  1.13740378E-01  0.00000000E+00  0.00000000E+00 -5.15774779E-02
    0.366000      1   0.00000000E+00  0.00000000E+00  2.57440887E-03  0.00000000E+00  0.00000000E+00  0.00000000E+00  0.00000000E+00  0.00000000E+00  1.13688758E-01  0.00000000E+00  0.00000000E+00 -5.16199705E-02
    0.367000      1   0.00000000E+00  0.00000000E+00  2.63179786E-03  0.00000000E+00  0.00000000E+00  0.00000000E+00  0.00000000E+00  0.00000000E+00  1.13637082E-01  0.00000000E+00  0.00000000E+00 -5.16766947E-02
    0.368000      1   0.00000000E+00  0.00000000E+00  2.55838619E-03  0.00000000E+00  0.00000000E+00  0.00000000E+00  0.00000000E+00  0.00000000E+00  1.13585358E-01  0.00000000E+00  0.00000000E+00 -5.17234502E-02
    0.369000      1   0.00000000E+00  0.00000000E+00  2.61052707E-03  0.00000000E+00  0.00000000E+00  0.00000000E+00  0.00000000E+00  0.00000000E+00  1.13533594E-01  0.00000000E+00  0.00000000E+00 -5.17643403E-02
    0.370000      1   0.00000000E+00  0.00000000E+00  2.62740449E-03  0.00000000E+00  0.00000000E+00  0.00000000E+00  0.00000000E+00  0.00000000E+00  1.13481774E-01  0.00000000E+00  0.00000000E+00 -5.18201194E-02
    0.371000      1   0.00000000E+00  0.00000000E+00  2.58097612E-03  0.00000000E+00  0.00000000E+00  0.00000000E+00  0.00000000E+00  0.00000000E+00  1.13429918E-01  0.00000000E+00  0.00000000E+00 -5.18557901E-02
    0.372000      1   0.00000000E+00  0.00000000E+00  2.62584021E-03  0.00000000E+00  0.00000000E+00  0.00000000E+00  0.00000000E+00  0.00000000E+00  1.13378024E-01  0.00000000E+00  0.00000000E+00 -5.18941283E-02
    0.373000      1   0.00000000E+00  0.00000000E+00  2.56213621E-03  0.00000000E+00  0.00000000E+00  0.00000000E+00  0.00000000E+00  0.00000000E+00  1.13326084E-01  0.00000000E+00  0.00000000E+00 -5.19397805E-02
    0.374000      1   0.00000000E+00  0.00000000E+00  2.63749777E-03  0.00000000E+00  0.00000000E+00  0.00000000E+00  0.00000000E+00  0.00000000E+00  1.13274102E-01  0.00000000E+00  0.00000000E+00 -5.19819641E-02
    0.375000      1   0.00000000E+00  0.00000000E+00  2.58754605E-03  0.00000000E+00  0.00000000E+00  0.00000000E+00  0.00000000E+00  0.00000000E+00  1.13222070E-01  0.00000000E+00  0.00000000E+00 -5.20317421E-02
    0.376000      1   0.00000000E+00  0.00000000E+00  2.69338606E-03  0.00000000E+00  0.00000000E+00  0.00000000E+00  0.00000000E+00  0.00000000E+00  1.13170005E-01  0.00000000E+00  0.00000000E+00 -5.20656037E-02
    0.377000      1   0.00000000E+00  0.00000000E+00  2.67099025E-03  0.00000000E+00  0.00000000E+00  0.00000000E+00  0.00000000E+00  0.00000000E+00  1.13117908E-01  0.00000000E+00  0.00000000E+00 -5.20971536E-02
    0.378000      1   0.00000000E+00  0.00000000E+00  2.58884695E-03  0.00000000E+00  0.00000000E+00  0.00000000E+00  0.00000000E+00  0.00000000E+00  1.13065810E-01  0.00000000E+00  0.00000000E+00 -5.20979045E-02
    0.379000      1   0.00000000E+00  0.00000000E+00  2.70542083E-03  0.00000000E+00  0.00000000E+00  0.00000000E+00  0.00000000E+00  0.00000000E+00  1.13013689E-01  0.00000000E+00  0.00000000E+00 -5.21205366E-02
    0.380000      1   0.00000000E+00  0.00000000E+00  2.64772691E-03  0.00000000E+00  0.00000000E+00  0.00000000E+00  0.00000000E+00  0.00000000E+00  1.12961540E-01  0.00000000E+00  0.00000000E+00 -5.21495310E-02
    0.381000      1   0.00000000E+00  0.00000000E+00  2.65730570E-03  0.00000000E+00  0.00000000E+00  0.00000000E+00  0.00000000E+00  0.00000000E+00  1.12909389E-01  0.00000000E+00  0.00000000E+00 -5.21504433E-02
    0.382000      1   0.00000000E+00  0.00000000E+00  2.65176168E-03  0.00000000E+00  0.00000000E+00  0.00000000E+00  0.00000000E+00  0.00000000E+00  1.12857221E-01  0.00000000E+00  0.00000000E+00 -5.21686093E-02
    0.383000      1   0.00000000E+00  0.00000000E+00  2.65261551E-03  0.00000000E+00  0.00000000E+00  0.00000000E+00  0.00000000E+00  0.00000000E+00  1.12805036E-01  0.00000000E+00  0.00000000E+00 -5.21846099E-02
    0.384000      1   0.00000000E+00  0.00000000E+00  2.64562717E-03  0.00000000E+00  0.00000000E+00  0.00000000E+00  0.00000000E+00  0.00000000E+00  1.12752834E-01  0.00000000E+00  0.00000000E+00 -5.22022802E-02
    0.385000      1   0.00000000E+00  0.00000000E+00  2.60705091E-03  0.00000000E+00  0.00000000E+00  0.00000000E+00  0.00000000E+00  0.00000000E+00  1.12700613E-01  0.00000000E+00  0.00000000E+00 -5.22209059E-02
    0.386000      1   0.00000000E+00  0.00000000E+00  2.61022029E-03  0.00000000E+00  0.00000000E+00  0.00000000E+00  0.00000000E+00  0.00000000E+00  1.12648364E-01  0.00000000E+00  0.00000000E+00 -5.22486484E-02
    0.387000      1   0.00000000E+00  0.00000000E+00  2.59284066E-03  0.00000000E+00  0.00000000E+00  0.00000000E+00  0.00000000E+00  0.00000000E+00  1.12596076E-01  0.00000000E+00  0.00000000E+00 -5.22884995E-02
    0.388000      1   0.00000000E+00  0.00000000E+00  2.64942941E-03  0.00000000E+00  0.00000000E+00  0.00000000E+00  0.00000000E+00  0.00000000E+00  1.12543745E-01  0.00000000E+00  0.00000000E+00 -5.23303832E-02
    0.389000      1   0.00000000E+00  0.00000000E+00  2.57228118E-03  0.00000000E+00  0.00000000E+00  0.00000000E+00  0.00000000E+00  0.00000000E+00  1.12491377E-01  0.00000000E+00  0.00000000E+00 -5.23679675E-02
    0.390000      1   0.00000000E+00  0.00000000E+00  2.61021293E-03  0.00000000E+00  0.00000000E+00  0.00000000E+00  0.00000000E+00  0.00000000E+00  1.12438977E-01  0.00000000E+00  0.00000000E+00 -5.24006099E-02
    0.391000      1   0.00000000E+00  0.00000000E+00  2.63646205E-03  0.00000000E+00  0.00000000E+00  0.00000000E+00  0.00000000E+00  0.00000000E+00  1.12386525E-01  0.00000000E+00  0.00000000E+00 -5.24518813E-02
    0.392000      1   0.00000000E+00  0.00000000E+00  2.54681563E-03  0.00000000E+00  0.00000000E+00  0.00000000E+00  0.00000000E+00  0.00000000E+00  1.12334039E-01  0.00000000E+00  0.00000000E+00 -5.24860533E-02
    0.393000      1   0.00000000E+00  0.00000000E+00  2.63331387E-03  0.00000000E+00  0.00000000E+00  0.00000000E+00  0.00000000E+00  0.00000000E+00  1.12281511E-01  0.00000000E+00  0.00000000E+00 -5.25274578E-02
    0.394000      1   0.00000000E+00  0.00000000E+00  2.56740109E-03  0.00000000E+00  0.00000000E+00  0.00000000E+00  0.00000000E+00  0.00000000E+00  1.12228928E-01  0.00000000E+00  0.00000000E+00 -5.25830072E-02
    0.395000      1   0.00000000E+00  0.00000000E+00  2.67014698E-03  0.00000000E+00  0.00000000E+00  0.00000000E+00  0.00000000E+00  0.00000000E+00  1.12176307E-01  0.00000000E+00  0.00000000E+00 -5.26218053E-02
    0.396000      1   0.00000000E+00  0.00000000E+00  2.63522988E-03  0.00000000E+00  0.00000000E+00  0.00000000E+00  0.00000000E+00  0.00000000E+00  1.12123642E-01  0.00000000E+00  0.00000000E+00 -5.26640806E-02
    0.397000      1   0.00000000E+00  0.00000000E+00  2.68749116E-03  0.00000000E+00  0.00000000E+00  0.00000000E+00  0.00000000E+00  0.00000000E+00  1.12070964E-01  0.00000000E+00  0.00000000E+00 -5.26787874E-02
    0.398000      1   0.00000000E+00  0.00000000E+00  2.67805909E-03  0.00000000E+00  0.00000000E+00  0.00000000E+00  0.00000000E+00  0.00000000E+00  1.12018268E-01  0.00000000E+00  0.00000000E+00 -5.26957196E-02
    0.399000      1   0.00000000E+00  0.00000000E+00  2.61239254E-03  0.00000000E+00  0.00000000E+00  0.00000000E+00  0.00000000E+00  0.00000000E+00  1.11965571E-01  0.00000000E+00  0.00000000E+00 -5.26971564E-02
    0.400000      1   0.00000000E+00  0.00000000E+00  2.68519285E-03  0.00000000E+00  0.00000000E+00  0.00000000E+00  0.00000000E+00  0.00000000E+00  1.11912857E-01  0.00000000E+00  0.00000000E+00 -5.27133032E-02
    0.401000      1   0.00000000E+00  0.00000000E+00  2.64732967E-03  0.00000000E+00  0.00000000E+00  0.00000000E+00  0.00000000E+00  0.00000000E+00  1.11860119E-01  0.00000000E+00  0.00000000E+00 -5.27381420E-02
    0.402000      1   0.00000000E+00  0.00000000E+00  2.65660330E-03  0.00000000E+00  0.00000000E+00  0.00000000E+00  0.00000000E+00  0.00000000E+00  1.11807374E-01  0.00000000E+00  0.00000000E+00 -5.27457678E-02
    0.403000      1   0.00000000E+00  0.00000000E+00  2.65644671E-03  0.00000000E+00  0.00000000E+00  0.00000000E+00  0.00000000E+00  0.00000000E+00  1.11754609E-01  0.00000000E+00  0.00000000E+00 -5.27641884E-02
    0.404000      1   0.00000000E+00  0.00000000E+00  2.63062140E-03  0.00000000E+00  0.00000000E+00  0.00000000E+00  0.00000000E+00  0.00000000E+00  1.11701830E-01  0.00000000E+00  0.00000000E+00 -5.27795912E-02
    0.405000      1   0.00000000E+00  0.00000000E+00  2.65430012E-03  0.00000000E+00  0.00000000E+00  0.00000000E+00  0.00000000E+00  0.00000000E+00  1.11649030E-01  0.00000000E+00  0.00000000E+00 -5.27996123E-02
    0.406000      1   0.00000000E+00  0.00000000E+00  2.61265989E-03  0.00000000E+00  0.00000000E+00  0.00000000E+00  0.00000000E+00  0.00000000E+00  1.11596206E-01  0.00000000E+00  0.00000000E+00 -5.28239274E-02
    0.407000      1   0.00000000E+00  0.00000000E+00  2.60613683E-03  0.00000000E+00  0.00000000E+00  0.00000000E+00  0.00000000E+00  0.00000000E+00  1.11543358E-01  0.00000000E+00  0.00000000E+00 -5.28478298E-02
    0.408000      1   0.00000000E+00  0.00000000E+00  2.58569866E-03  0.00000000E+00  0.00000000E+00  0.00000000E+00  0.00000000E+00  0.00000000E+00  1.11490472E-01  0.00000000E+00  0.00000000E+00 -5.28865609E-02
    0.409000      1   0.00000000E+00  0.00000000E+00  2.65530781E-03  0.00000000E+00  0.00000000E+00  0.00000000E+00  0.00000000E+00  0.00000000E+00  1.11437541E-01  0.00000000E+00  0.00000000E+00 -5.29310486E-02
    0.410000      1   0.00000000E+00  0.00000000E+00  2.56422250E-03  0.00000000E+00  0.00000000E+00  0.00000000E+00  0.00000000E+00  0.00000000E+00  1.11384571E-01  0.00000000E+00  0.00000000E+00 -5.29699389E-02
    0.411000      1   0.00000000E+00  0.00000000E+00  2.63534143E-03  0.00000000E+00  0.00000000E+00  0.00000000E+00  0.00000000E+00  0.00000000E+00  1.11331569E-01  0.00000000E+00  0.00000000E+00 -5.30020759E-02
    0.412000      1   0.00000000E+00  0.00000000E+00  2.62617554E-03  0.00000000E+00  0.00000000E+00  0.00000000E+00  0.00000000E+00  0.00000000E+00  1.11278517E-01  0.00000000E+00  0.00000000E+00 -5.30515501E-02
    0.413000      1   0.00000000E+00  0.00000000E+00  2.57775390E-03  0.00000000E+00  0.00000000E+00  0.00000000E+00  0.00000000E+00  0.00000000E+00  1.11225438E-01  0.00000000E+00  0.00000000E+00 -5.30792887E-02
    0.414000      1   0.00000000E+00  0.00000000E+00  2.62527712E-03  0.00000000E+00  0.00000000E+00  0.00000000E+00  0.00000000E+00  0.00000000E+00  1.11172319E-01  0.00000000E+00  0.00000000E+00 -5.31186003E-02
    0.415000      1   0.00000000E+00  0.00000000E+00  2.57967566E-03  0.00000000E+00  0.00000000E+00  0.00000000E+00  0.00000000E+00  0.00000000E+00  1.11119154E-01  0.00000000E+00  0.00000000E+00 -5.31654104E-02
    0.416000      1   0.00000000E+00  0.00000000E+00  2.65037922E-03  0.00000000E+00  0.00000000E+00  0.00000000E+00  0.00000000E+00  0.00000000E+00  1.11065949E-01  0.00000000E+00  0.00000000E+00 -5.32046772E-02
    0.417000      1   0.00000000E+00  0.00000000E+00  2.62327970E-03  0.00000000E+00  0.00000000E+00  0.00000000E+00  0.00000000E+00  0.00000000E+00  1.11012703E-01  0.00000000E+00  0.00000000E+00 -5.32464171E-02
    0.418000      1   0.00000000E+00  0.00000000E+00  2.67377876E-03  0.00000000E+00  0.00000000E+00  0.00000000E+00  0.00000000E+00  0.00000000E+00  1.10959433E-01  0.00000000E+00  0.00000000E+00 -5.32697292E-02
    0.419000      1   0.00000000E+00  0.00000000E+00  2.67251432E-03  0.00000000E+00  0.00000000E+00  0.00000000E+00  0.00000000E+00  0.00000000E+00  1.10906140E-01  0.00000000E+00  0.00000000E+00 -5.32930109E-02
    0.420000      1   0.00000000E+00  0.00000000E+00  2.61611503E-03  0.00000000E+00  0.00000000E+00  0.00000000E+00  0.00000000E+00  0.00000000E+00  1.10852840E-01  0.00000000E+00  0.00000000E+00 -5.32999316E-02
    0.421000      1   0.00000000E+00  0.00000000E+00  2.69488865E-03  0.00000000E+00  0.00000000E+00  0.00000000E+00  0.00000000E+00  0.00000000E+00  1.10799523E-01  0.00000000E+00  0.00000000E+00 -5.33172411E-02
    0.422000      1   0.00000000E+00  0.00000000E+00  2.63592161E-03  0.00000000E+00  0.00000000E+00  0.00000000E+00  0.00000000E+00  0.00000000E+00  1.10746184E-01  0.00000000E+00  0.00000000E+00 -5.33391428E-02
    0.423000      1   0.00000000E+00  0.00000000E+00  2.68637956E-03  0.00000000E+00  0.00000000E+00  0.00000000E+00  0.00000000E+00  0.00000000E+00  1.10692838E-01  0.00000000E+00  0.00000000E+00 -5.33456017E-02
    0.424000      1   0.00000000E+00  0.00000000E+00  2.69163020E-03  0.00000000E+00  0.00000000E+00  0.00000000E+00  0.00000000E+00  0.00000000E+00  1.10639476E-01  0.00000000E+00  0.00000000E+00 -5.33625033E-02
    0.425000      1   0.00000000E+00  0.00000000E+00  2.66721990E-03  0.00000000E+00  0.00000000E+00  0.00000000E+00  0.00000000E+00  0.00000000E+00  1.10586114E-01  0.00000000E+00  0.00000000E+00 -5.33619053E-02
    0.426000      1   0.00000000E+00  0.00000000E+00  2.64183288E-03  0.00000000E+00  0.00000000E+00  0.00000000E+00  0.00000000E+00  0.00000000E+00  1.10532750E-01  0.00000000E+00  0.00000000E+00 -5.33638995E-02
    0.427000      1   0.00000000E+00  0.00000000E+00  2.60926058E-03  0.00000000E+00  0.00000000E+00  0.00000000E+00  0.00000000E+00  0.00000000E+00  1.10479371E-01  0.00000000E+00  0.00000000E+00 -5.33783999E-02
    0.428000      1   0.00000000E+00  0.00000000E+00  2.62057067E-03  0.00000000E+00  0.00000000E+00  0.00000000E+00  0.00000000E+00  0.00000000E+00  1.10425964E-01  0.00000000E+00  0.00000000E+00 -5.34069978E-02
    0.429000      1   0.00000000E+00  0.00000000E+00  2.60715968E-03  0.00000000E+00  0.00000000E+00  0.00000000E+00  0.00000000E+00  0.00000000E+00  1.10372520E-01  0.00000000E+00  0.00000000E+00 -5.34442929E-02
    0.430000      1   0.00000000E+00  0.00000000E+00  2.64247897E-03  0.00000000E+00  0.00000000E+00  0.00000000E+00  0.00000000E+00  0.00000000E+00  1.10319040E-01  0.00000000E+00  0.00000000E+00 -5.34802451E-02
    0.431000      1   0.00000000E+00  0.00000000E+00  2.58744210E-03  0.00000000E+00  0.00000000E+00  0.00000000E+00  0.00000000E+00  0.00000000E+00  1.10265526E-01  0.00000000E+00  0.00000000E+00 -5.35143559E-02
    0.432000      1   0.00000000E+00  0.00000000E+00  2.62934608E-03  0.00000000E+00  0.00000000E+00  0.00000000E+00  0.00000000E+00  0.00000000E+00  1.10211979E-01  0.00000000E+00  0.00000000E+00 -5.35466000E-02
    0.433000      1   0.00000000E+00  0.00000000E+00  2.64173246E-03  0.00000000E+00  0.00000000E+00  0.00000000E+00  0.00000000E+00  0.00000000E+00  1.10158389E-01  0.00000000E+00  0.00000000E+00 -5.35895088E-02
    0.434000      1   0.00000000E+00  0.00000000E+00  2.54434038E-03  0.00000000E+00  0.00000000E+00  0.00000000E+00  0.00000000E+00  0.00000000E+00  1.10104773E-01  0.00000000E+00  0.00000000E+00 -5.36164652E-02
    0.435000      1   0.00000000E+00  0.00000000E+00  2.64544776E-03  0.00000000E+00  0.00000000E+00  0.00000000E+00  0.00000000E+00  0.00000000E+00  1.10051116E-01  0.00000000E+00  0.00000000E+00 -5.36565765E-02
    0.436000      1   0.00000000E+00  0.00000000E+00  2.58300986E-03  0.00000000E+00  0.00000000E+00  0.00000000E+00  0.00000000E+00  0.00000000E+00  1.09997406E-01  0.00000000E+00  0.00000000E+00 -5.37107931E-02
    0.437000      1   0.00000000E+00  0.00000000E+00  2.68270973E-03  0.00000000E+00  0.00000000E+00  0.00000000E+00  0.00000000E+00  0.00000000E+00  1.09943663E-01  0.00000000E+00  0.00000000E+00 -5.37428460E-02
    0.438000      1   0.00000000E+00  0.00000000E+00  2.62728642E-03  0.00000000E+00  0.00000000E+00  0.00000000E+00  0.00000000E+00  0.00000000E+00  1.09889885E-01  0.00000000E+00  0.00000000E+00 -5.37777736E-02
    0.439000      1   0.00000000E+00  0.00000000E+00  2.68692899E-03  0.00000000E+00  0.00000000E+00  0.00000000E+00  0.00000000E+00  0.00000000E+00  1.09836095E-01  0.00000000E+00  0.00000000E+00 -5.37897593E-02
    0.440000      1   0.00000000E+00  0.00000000E+00  2.69736596E-03  0.00000000E+00  0.00000000E+00  0.00000000E+00  0.00000000E+00  0.00000000E+00  1.09782286E-01  0.00000000E+00  0.00000000E+00 -5.38093997E-02
    0.441000      1   0.00000000E+00  0.00000000E+00  2.61283732E-03  0.00000000E+00  0.00000000E+00  0.00000000E+00  0.00000000E+00  0.00000000E+00  1.09728478E-01  0.00000000E+00  0.00000000E+00 -5.38076069E-02
    0.442000      1   0.00000000E+00  0.00000000E+00  2.70161971E-03  0.00000000E+00  0.00000000E+00  0.00000000E+00  0.00000000E+00  0.00000000E+00  1.09674661E-01  0.00000000E+00  0.00000000E+00 -5.38173344E-02
    0.443000      1   0.00000000E+00  0.00000000E+00  2.66748674E-03  0.00000000E+00  0.00000000E+00  0.00000000E+00  0.00000000E+00  0.00000000E+00  1.09620822E-01  0.00000000E+00  0.00000000E+00 -5.38391222E-02
    0.444000      1   0.00000000E+00  0.00000000E+00  2.67542231E-03  0.00000000E+00  0.00000000E+00  0.00000000E+00  0.00000000E+00  0.00000000E+00  1.09566984E-01  0.00000000E+00  0.00000000E+00 -5.38377886E-02
    0.445000      1   0.00000000E+00  0.00000000E+00  2.65253460E-03  0.00000000E+00  0.00000000E+00  0.00000000E+00  0.00000000E+00  0.00000000E+00  1.09513138E-01  0.00000000E+00  0.00000000E+00 -5.38462614E-02
    0.446000      1   0.00000000E+00  0.00000000E+00  2.65893167E-03  0.00000000E+00  0.00000000E+00  0.00000000E+00  0.00000000E+00  0.00000000E+00  1.09459282E-01  0.00000000E+00  0.00000000E+00 -5.38561755E-02
    0.447000      1   0.00000000E+00  0.00000000E+00  2.62689745E-03  0.00000000E+00  0.00000000E+00  0.00000000E+00  0.00000000E+00  0.00000000E+00  1.09405409E-01  0.00000000E+00  0.00000000E+00 -5.38724750E-02
    0.448000      1   0.00000000E+00  0.00000000E+00  2.64085105E-03  0.00000000E+00  0.00000000E+00  0.00000000E+00  0.00000000E+00  0.00000000E+00  1.09351517E-01  0.00000000E+00  0.00000000E+00 -5.38923386E-02
    0.449000      1   0.00000000E+00  0.00000000E+00  2.59597261E-03  0.00000000E+00  0.00000000E+00  0.00000000E+00  0.00000000E+00  0.00000000E+00  1.09297596E-01  0.00000000E+00  0.00000000E+00 -5.39202551E-02
    0.450000      1   0.00000000E+00  0.00000000E+00  2.56606550E-03  0.00000000E+00  0.00000000E+00  0.00000000E+00  0.00000000E+00  0.00000000E+00  1.09243645E-01  0.00000000E+00  0.00000000E+00 -5.39515253E-02
    0.451000      1   0.00000000E+00  0.00000000E+00  2.66087337E-03  0.00000000E+00  0.00000000E+00  0.00000000E+00  0.00000000E+00  0.00000000E+00  1.09189642E-01  0.00000000E+00  0.00000000E+00 -5.40028229E-02
    0.452000      1   0.00000000E+00  0.00000000E+00  2.58523106E-03  0.00000000E+00  0.00000000E+00  0.00000000E+00  0.00000000E+00  0.00000000E+00  1.09135595E-01  0.00000000E+00  0.00000000E+00 -5.40471768E-02
    0.453000      1   0.00000000E+00  0.00000000E+00  2.64140707E-03  0.00000000E+00  0.00000000E+00  0.00000000E+00  0.00000000E+00  0.00000000E+00  1.09081521E-01  0.00000000E+00  0.00000000E+00 -5.40737709E-02
    0.454000      1   0.00000000E+00  0.00000000E+00  2.62723265E-03  0.00000000E+00  0.00000000E+00  0.00000000E+00  0.00000000E+00  0.00000000E+00  1.09027406E-01  0.00000000E+00  0.00000000E+00 -5.41152730E-02
    0.455000      1   0.00000000E+00  0.00000000E+00  2.59907909E-03  0.00000000E+00  0.00000000E+00  0.00000000E+00  0.00000000E+00  0.00000000E+00  1.08973265E-01  0.00000000E+00  0.00000000E+00 -5.41408326E-02
    0.456000      1   0.00000000E+00  0.00000000E+00  2.65595292E-03  0.00000000E+00  0.00000000E+00  0.00000000E+00  0.00000000E+00  0.00000000E+00  1.08919089E-01  0.00000000E+00  0.00000000E+00 -5.41760259E-02
    0.457000      1   0.00000000E+00  0.00000000E+00  2.59322123E-03  0.00000000E+00  0.00000000E+00  0.00000000E+00  0.00000000E+00  0.00000000E+00  1.08864879E-01  0.00000000E+00  0.00000000E+00 -5.42104077E-02
    0.458000      1   0.00000000E+00  0.00000000E+00  2.63222219E-03  0.00000000E+00  0.00000000E+00  0.00000000E+00  0.00000000E+00  0.00000000E+00  1.08810641E-01  0.00000000E+00  0.00000000E+00 -5.42372048E-02
    0.459000      1   0.00000000E+00  0.00000000E+00  2.62774796E-03  0.00000000E+00  0.00000000E+00  0.00000000E+00  0.00000000E+00  0.00000000E+00  1.08756364E-01  0.00000000E+00  0.00000000E+00 -5.42777070E-02
    0.460000      1   0.00000000E+00  0.00000000E+00  2.70109173E-03  0.00000000E+00  0.00000000E+00  0.00000000E+00  0.00000000E+00  0.00000000E+00  1.08702058E-01  0.00000000E+00  0.00000000E+00 -5.43061919E-02
    0.461000      1   0.00000000E+00  0.00000000E+00  2.72515811E-03  0.00000000E+00  0.00000000E+00  0.00000000E+00  0.00000000E+00  0.00000000E+00  1.08647734E-01  0.00000000E+00  0.00000000E+00 -5.43231762E-02
    0.462000      1   0.00000000E+00  0.00000000E+00  2.70040487E-03  0.00000000E+00  0.00000000E+00  0.00000000E+00  0.00000000E+00  0.00000000E+00  1.08593423E-01  0.00000000E+00  0.00000000E+00 -5.43118174E-02
    0.463000      1   0.00000000E+00  0.00000000E+00  2.61781240E-03  0.00000000E+00  0.00000000E+00  0.00000000E+00  0.00000000E+00  0.00000000E+00  1.08539126E-01  0.00000000E+00  0.00000000E+00 -5.42969322E-02
    0.464000      1   0.00000000E+00  0.00000000E+00  2.60677643E-03  0.00000000E+00  0.00000000E+00  0.00000000E+00  0.00000000E+00  0.00000000E+00  1.08484821E-01  0.00000000E+00  0.00000000E+00 -5.43047819E-02
    0.465000      1   0.00000000E+00  0.00000000E+00  2.68676005E-03  0.00000000E+00  0.00000000E+00  0.00000000E+00  0.00000000E+00  0.00000000E+00  1.08430479E-01  0.00000000E+00  0.00000000E+00 -5.43417078E-02
    0.466000      1   0.00000000E+00  0.00000000E+00  2.70485896E-03  0.00000000E+00  0.00000000E+00  0.00000000E+00  0.00000000E+00  0.00000000E+00  1.08376111E-01  0.00000000E+00  0.00000000E+00 -5.43681139E-02
    0.467000      1   0.00000000E+00  0.00000000E+00  2.71566292E-03  0.00000000E+00  0.00000000E+00  0.00000000E+00  0.00000000E+00  0.00000000E+00  1.08321746E-01  0.00000000E+00  0.00000000E+00 -5.43650515E-02
    0.468000      1   0.00000000E+00  0.00000000E+00  2.62708801E-03  0.00000000E+00  0.00000000E+00  0.00000000E+00  0.00000000E+00  0.00000000E+00  1.08267392E-01  0.00000000E+00  0.00000000E+00 -5.43541347E-02
    0.469000      1   0.00000000E+00  0.00000000E+00  2.60777726E-03  0.00000000E+00  0.00000000E+00  0.00000000E+00  0.00000000E+00  0.00000000E+00  1.08213037E-01  0.00000000E+00  0.00000000E+00 -5.43553331E-02
    0.470000      1   0.00000000E+00  0.00000000E+00  2.58240874E-03  0.00000000E+00  0.00000000E+00  0.00000000E+00  0.00000000E+00  0.00000000E+00  1.08158647E-01  0.00000000E+00  0.00000000E+00 -5.43890358E-02
    0.471000      1   0.00000000E+00  0.00000000E+00  2.66057090E-03  0.00000000E+00  0.00000000E+00  0.00000000E+00  0.00000000E+00  0.00000000E+00  1.08104214E-01  0.00000000E+00  0.00000000E+00 -5.44335665E-02
    0.472000      1   0.00000000E+00  0.00000000E+00  2.61743206E-03  0.00000000E+00  0.00000000E+00  0.00000000E+00  0.00000000E+00  0.00000000E+00  1.08049741E-01  0.00000000E+00  0.00000000E+00 -5.44726065E-02
    0.473000      1   0.00000000E+00  0.00000000E+00  2.64670434E-03  0.00000000E+00  0.00000000E+00  0.00000000E+00  0.00000000E+00  0.00000000E+00  1.07995248E-01  0.00000000E+00  0.00000000E+00 -5.44936055E-02
    0.474000      1   0.00000000E+00  0.00000000E+00  2.63834395E-03  0.00000000E+00  0.00000000E+00  0.00000000E+00  0.00000000E+00  0.00000000E+00  1.07940724E-01  0.00000000E+00  0.00000000E+00 -5.45235955E-02
    0.475000      1   0.00000000E+00  0.00000000E+00  2.54760485E-03  0.00000000E+00  0.00000000E+00  0.00000000E+00  0.00000000E+00  0.00000000E+00  1.07886179E-01  0.00000000E+00  0.00000000E+00 -5.45454505E-02
    0.476000      1   0.00000000E+00  0.00000000E+00  2.65629545E-03  0.00000000E+00  0.00000000E+00  0.00000000E+00  0.00000000E+00  0.00000000E+00  1.07831593E-01  0.00000000E+00  0.00000000E+00 -5.45860974E-02
    0.477000      1   0.00000000E+00  0.00000000E+00  2.59424176E-03  0.00000000E+00  0.00000000E+00  0.00000000E+00  0.00000000E+00  0.00000000E+00  1.07776955E-01  0.00000000E+00  0.00000000E+00 -5.46373236E-02
    0.478000      1   0.00000000E+00  0.00000000E+00  2.69174593E-03  0.00000000E+00  0.00000000E+00  0.00000000E+00  0.00000000E+00  0.00000000E+00  1.07722291E-01  0.00000000E+00  0.00000000E+00 -5.46638277E-02
    0.479000      1   0.00000000E+00  0.00000000E+00  2.63440210E-03  0.00000000E+00  0.00000000E+00  0.00000000E+00  0.00000000E+00  0.00000000E+00  1.07667598E-01  0.00000000E+00  0.00000000E+00 -5.46934686E-02
    0.480000      1   0.00000000E+00  0.00000000E+00  2.68399436E-03  0.00000000E+00  0.00000000E+00  0.00000000E+00  0.00000000E+00  0.00000000E+00  1.07612897E-01  0.00000000E+00  0.00000000E+00 -5.47012283E-02
    0.481000      1   0.00000000E+00  0.00000000E+00  2.70648397E-03  0.00000000E+00  0.00000000E+00  0.00000000E+00  0.00000000E+00  0.00000000E+00  1.07558178E-01  0.00000000E+00  0.00000000E+00 -5.47190508E-02
    0.482000      1   0.00000000E+00  0.00000000E+00  2.62416615E-03  0.00000000E+00  0.00000000E+00  0.00000000E+00  0.00000000E+00  0.00000000E+00  1.07503461E-01  0.00000000E+00  0.00000000E+00 -5.47166093E-02
    0.483000      1   0.00000000E+00  0.00000000E+00  2.71186874E-03  0.00000000E+00  0.00000000E+00  0.00000000E+00  0.00000000E+00  0.00000000E+00  1.07448740E-01  0.00000000E+00  0.00000000E+00 -5.47213390E-02
    0.484000      1   0.00000000E+00  0.00000000E+00  2.67507618E-03  0.00000000E+00  0.00000000E+00  0.00000000E+00  0.00000000E+00  0.00000000E+00  1.07394002E-01  0.00000000E+00  0.00000000E+00 -5.47375938E-02
    0.485000      1   0.00000000E+00  0.00000000E+00  2.66419484E-03  0.00000000E+00  0.00000000E+00  0.00000000E+00  0.00000000E+00  0.00000000E+00  1.07339271E-01  0.00000000E+00  0.00000000E+00 -5.47315521E-02
    0.486000      1   0.00000000E+00  0.00000000E+00  2.66418961E-03  0.00000000E+00  0.00000000E+00  0.00000000E+00  0.00000000E+00  0.00000000E+00  1.07284531E-01  0.00000000E+00  0.00000000E+00 -5.47395179E-02
    0.487000      1   0.00000000E+00  0.00000000E+00  2.65732865E-03  0.00000000E+00  0.00000000E+00  0.00000000E+00  0.00000000E+00  0.00000000E+00  1.07229780E-01  0.00000000E+00  0.00000000E+00 -5.47510582E-02
    0.488000      1   0.00000000E+00  0.00000000E+00  2.64320426E-03  0.00000000E+00  0.00000000E+00  0.00000000E+00  0.00000000E+00  0.00000000E+00  1.07175016E-01  0.00000000E+00  0.00000000E+00 -5.47638136E-02
    0.489000      1   0.00000000E+00  0.00000000E+00  2.63522353E-03  0.00000000E+00  0.00000000E+00  0.00000000E+00  0.00000000E+00  0.00000000E+00  1.07120235E-01  0.00000000E+00  0.00000000E+00 -5.47813199E-02
    0.490000      1   0.00000000E+00  0.00000000E+00  2.57888527E-03  0.00000000E+00  0.00000000E+00  0.00000000E+00  0.00000000E+00  0.00000000E+00  1.07065430E-01  0.00000000E+00  0.00000000E+00 -5.48048761E-02
    0.491000      1   0.00000000E+00  0.00000000E+00  2.60042512E-03  0.00000000E+00  0.00000000E+00  0.00000000E+00  0.00000000E+00  0.00000000E+00  1.07010589E-01  0.00000000E+00  0.00000000E+00 -5.48410162E-02
    0.492000      1   0.00000000E+00  0.00000000E+00  2.67731511E-03  0.00000000E+00  0.00000000E+00  0.00000000E+00  0.00000000E+00  0.00000000E+00  1.06955697E-01  0.00000000E+00  0.00000000E+00 -5.48918495E-02
    0.493000      1   0.00000000E+00  0.00000000E+00  2.67515858E-03  0.00000000E+00  0.00000000E+00  0.00000000E+00  0.00000000E+00  0.00000000E+00  1.06900775E-01  0.00000000E+00  0.00000000E+00 -5.49220116E-02
    0.494000      1   0.00000000E+00  0.00000000E+00  2.62849938E-03  0.00000000E+00  0.00000000E+00  0.00000000E+00  0.00000000E+00  0.00000000E+00  1.06845848E-01  0.00000000E+00  0.00000000E+00 -5.49273033E-02
    0.495000      1   0.00000000E+00  0.00000000E+00  2.52771897E-03  0.00000000E+00  0.00000000E+00  0.00000000E+00  0.00000000E+00  0.00000000E+00  1.06790906E-01  0.00000000E+00  0.00000000E+00 -5.49415544E-02
    0.496000      1   0.00000000E+00  0.00000000E+00  2.65188657E-03  0.00000000E+00  0.00000000E+00  0.00000000E+00  0.00000000E+00  0.00000000E+00  1.06735917E-01  0.00000000E+00  0.00000000E+00 -5.49889509E-02
    0.497000      1   0.00000000E+00  0.00000000E+00  2.63330766E-03  0.00000000E+00  0.00000000E+00  0.00000000E+00  0.00000000E+00  0.00000000E+00  1.06680870E-01  0.00000000E+00  0.00000000E+00 -5.50474876E-02
    0.498000      1   0.00000000E+00  0.00000000E+00  2.68594381E-03  0.00000000E+00  0.00000000E+00  0.00000000E+00  0.00000000E+00  0.00000000E+00  1.06625801E-01  0.00000000E+00  0.00000000E+00 -5.50685313E-02
    0.499000      1   0.00000000E+00  0.00000000E+00  2.62422096E-03  0.00000000E+00  0.00000000E+00  0.00000000E+00  0.00000000E+00  0.00000000E+00  1.06570715E-01  0.00000000E+00  0.00000000E+00 -5.50863684E-02
    0.500000      1   0.00000000E+00  0.00000000E+00  2.65934235E-03  0.00000000E+00  0.00000000E+00  0.00000000E+00  0.00000000E+00  0.00000000E+00  1.06515617E-01  0.00000000E+00  0.00000000E+00 -5.50978341E-02
    0.501000      1   0.00000000E+00  0.00000000E+00  2.69368423E-03  0.00000000E+00  0.00000000E+00  0.00000000E+00  0.00000000E+00  0.00000000E+00  1.06460494E-01  0.00000000E+00  0.00000000E+00 -5.51233596E-02
    0.502000      1   0.00000000E+00  0.00000000E+00  2.63800636E-03  0.00000000E+00  0.00000000E+00  0.00000000E+00  0.00000000E+00  0.00000000E+00  1.06405362E-01  0.00000000E+00  0.00000000E+00 -5.51312778E-02
    0.503000      1   0.00000000E+00  0.00000000E+00  2.73002430E-03  0.00000000E+00  0.00000000E+00  0.00000000E+00  0.00000000E+00  0.00000000E+00  1.06350225E-01  0.00000000E+00  0.00000000E+00 -5.51377635E-02
    0.504000      1   0.00000000E+00  0.00000000E+00  2.65374039E-03  0.00000000E+00  0.00000000E+00  0.00000000E+00  0.00000000E+00  0.00000000E+00  1.06295078E-01  0.00000000E+00  0.00000000E+00 -5.51462624E-02
    0.505000      1   0.00000000E+00  0.00000000E+00  2.66706569E-03  0.00000000E+00  0.00000000E+00  0.00000000E+00  0.00000000E+00  0.00000000E+00  1.06239940E-01  0.00000000E+00  0.00000000E+00 -5.51380312E-02
    0.506000      1   0.00000000E+00  0.00000000E+00  2.69724724E-03  0.00000000E+00  0.00000000E+00  0.00000000E+00  0.00000000E+00  0.00000000E+00  1.06184788E-01  0.00000000E+00  0.00000000E+00 -5.51524963E-02
    0.507000      1   0.00000000E+00  0.00000000E+00  2.70562984E-03  0.00000000E+00  0.00000000E+00  0.00000000E+00  0.00000000E+00  0.00000000E+00  1.06129631E-01  0.00000000E+00  0.00000000E+00 -5.51572479E-02
    0.508000      1   0.00000000E+00  0.00000000E+00  2.66670193E-03  0.00000000E+00  0.00000000E+00  0.00000000E+00  0.00000000E+00  0.00000000E+00  1.06074480E-01  0.00000000E+00  0.00000000E+00 -5.51506051E-02
    0.509000      1   0.00000000E+00  0.00000000E+00  2.61336534E-03  0.00000000E+00  0.00000000E+00  0.00000000E+00  0.00000000E+00  0.00000000E+00  1.06019332E-01  0.00000000E+00  0.00000000E+00 -5.51480933E-02
    0.510000      1   0.00000000E+00  0.00000000E+00  2.59376345E-03  0.00000000E+00  0.00000000E+00  0.00000000E+00  0.00000000E+00  0.00000000E+00  1.05964164E-01  0.00000000E+00  0.00000000E+00 -5.51677979E-02
    0.511000      1   0.00000000E+00  0.00000000E+00  2.61887669E-03  0.00000000E+00  0.00000000E+00  0.00000000E+00  0.00000000E+00  0.00000000E+00  1.05908956E-01  0.00000000E+00  0.00000000E+00 -5.52084855E-02
    0.512000      1   0.00000000E+00  0.00000000E+00  2.70415751E-03  0.00000000E+00  0.00000000E+00  0.00000000E+00  0.00000000E+00  0.00000000E+00  1.05853704E-01  0.00000000E+00  0.00000000E+00 -5.52511696E-02
    0.513000      1   0.00000000E+00  0.00000000E+00  2.64347429E-03  0.00000000E+00  0.00000000E+00  0.00000000E+00  0.00000000E+00  0.00000000E+00  1.05798434E-01  0.00000000E+00  0.00000000E+00 -5.52705252E-02
    0.514000      1   0.00000000E+00  0.00000000E+00  2.63096477E-03  0.00000000E+00  0.00000000E+00  0.00000000E+00  0.00000000E+00  0.00000000E+00  1.05743161E-01  0.00000000E+00  0.00000000E+00 -5.52726045E-02
    0.515000      1   0.00000000E+00  0.00000000E+00  2.56388970E-03  0.00000000E+00  0.00000000E+00  0.00000000E+00  0.00000000E+00  0.00000000E+00  1.05687865E-01  0.00000000E+00  0.00000000E+00 -5.52968252E-02
    0.516000      1   0.00000000E+00  0.00000000E+00  2.61934815E-03  0.00000000E+00  0.00000000E+00  0.00000000E+00  0.00000000E+00  0.00000000E+00  1.05632527E-01  0.00000000E+00  0.00000000E+00 -5.53370157E-02
    0.517000      1   0.00000000E+00  0.00000000E+00  2.61804682E-03  0.00000000E+00  0.00000000E+00  0.00000000E+00  0.00000000E+00  0.00000000E+00  1.05577138E-01  0.00000000E+00  0.00000000E+00 -5.53894274E-02
    0.518000      1   0.00000000E+00  0.00000000E+00  2.71682771E-03  0.00000000E+00  0.00000000E+00  0.00000000E+00  0.00000000E+00  0.00000000E+00  1.05521714E-01  0.00000000E+00  0.00000000E+00 -5.54238559E-02
    0.519000      1   0.00000000E+00  0.00000000E+00  2.65488484E-03  0.00000000E+00  0.00000000E+00  0.00000000E+00  0.00000000E+00  0.00000000E+00  1.05466273E-01  0.00000000E+00  0.00000000E+00 -5.54412434E-02
    0.520000      1   0.00000000E+00  0.00000000E+00  2.66045846E-03  0.00000000E+00  0.00000000E+00  0.00000000E+00  0.00000000E+00  0.00000000E+00  1.05410836E-01  0.00000000E+00  0.00000000E+00 -5.54371438E-02
    0.521000      1   0.00000000E+00  0.00000000E+00  2.70947358E-03  0.00000000E+00  0.00000000E+00  0.00000000E+00  0.00000000E+00  0.00000000E+00  1.05355383E-01  0.00000000E+00  0.00000000E+00 -5.54524015E-02
    0.522000      1   0.00000000E+00  0.00000000E+00  2.64325320E-03  0.00000000E+00  0.00000000E+00  0.00000000E+00  0.00000000E+00  0.00000000E+00  1.05299926E-01  0.00000000E+00  0.00000000E+00 -5.54571609E-02
    0.523000      1   0.00000000E+00  0.00000000E+00  2.74160569E-03  0.00000000E+00  0.00000000E+00  0.00000000E+00  0.00000000E+00  0.00000000E+00  1.05244469E-01  0.00000000E+00  0.00000000E+00 -5.54575334E-02
    0.524000      1   0.00000000E+00  0.00000000E+00  2.67258528E-03  0.00000000E+00  0.00000000E+00  0.00000000E+00  0.00000000E+00  0.00000000E+00  1.05189006E-01  0.00000000E+00  0.00000000E+00 -5.54622611E-02
    0.525000      1   0.00000000E+00  0.00000000E+00  2.68104590E-03  0.00000000E+00  0.00000000E+00  0.00000000E+00  0.00000000E+00  0.00000000E+00  1.05133560E-01  0.00000000E+00  0.00000000E+00 -5.54468938E-02
    0.526000      1   0.00000000E+00  0.00000000E+00  2.66431956E-03  0.00000000E+00  0.00000000E+00  0.00000000E+00  0.00000000E+00  0.00000000E+00  1.05078107E-01  0.00000000E+00  0.00000000E+00 -5.54526978E-02
    0.527000      1   0.00000000E+00  0.00000000E+00  2.67561474E-03  0.00000000E+00  0.00000000E+00  0.00000000E+00  0.00000000E+00  0.00000000E+00  1.05022648E-01  0.00000000E+00  0.00000000E+00 -5.54586810E-02
    0.528000      1   0.00000000E+00  0.00000000E+00  2.66255002E-03  0.00000000E+00  0.00000000E+00  0.00000000E+00  0.00000000E+00  0.00000000E+00  1.04967180E-01  0.00000000E+00  0.00000000E+00 -5.54681599E-02
    0.529000      1   0.00000000E+00  0.00000000E+00  2.61592375E-03  0.00000000E+00  0.00000000E+00  0.00000000E+00  0.00000000E+00  0.00000000E+00  1.04911704E-01  0.00000000E+00  0.00000000E+00 -5.54762397E-02
    0.530000      1   0.00000000E+00  0.00000000E+00  2.57631584E-03  0.00000000E+00  0.00000000E+00  0.00000000E+00  0.00000000E+00  0.00000000E+00  1.04856207E-01  0.00000000E+00  0.00000000E+00 -5.54968555E-02
    0.531000      1   0.00000000E+00  0.00000000E+00  2.59792793E-03  0.00000000E+00  0.00000000E+00  0.00000000E+00  0.00000000E+00  0.00000000E+00  1.04800667E-01  0.00000000E+00  0.00000000E+00 -5.55397883E-02
    0.532000      1   0.00000000E+00  0.00000000E+00  2.70091579E-03  0.00000000E+00  0.00000000E+00  0.00000000E+00  0.00000000E+00  0.00000000E+00  1.04745075E-01  0.00000000E+00  0.00000000E+00 -5.55919070E-02
    0.533000      1   0.00000000E+00  0.00000000E+00  2.63819613E-03  0.00000000E+00  0.00000000E+00  0.00000000E+00  0.00000000E+00  0.00000000E+00  1.04689457E-01  0.00000000E+00  0.00000000E+00 -5.56187157E-02
    0.534000      1   0.00000000E+00  0.00000000E+00  2.63175939E-03  0.00000000E+00  0.00000000E+00  0.00000000E+00  0.00000000E+00  0.00000000E+00  1.04633834E-01  0.00000000E+00  0.00000000E+00 -5.56227930E-02
    0.535000      1   0.00000000E+00  0.00000000E+00  2.56921229E-03  0.00000000E+00  0.00000000E+00  0.00000000E+00  0.00000000E+00  0.00000000E+00  1.04578185E-01  0.00000000E+00  0.00000000E+00 -5.56486066E-02
    0.536000      1   0.00000000E+00  0.00000000E+00  2.64987068E-03  0.00000000E+00  0.00000000E+00  0.00000000E+00  0.00000000E+00  0.00000000E+00  1.04522498E-01  0.00000000E+00  0.00000000E+00 -5.56875949E-02
    0.537000      1   0.00000000E+00  0.00000000E+00  2.63807975E-03  0.00000000E+00  0.00000000E+00  0.00000000E+00  0.00000000E+00  0.00000000E+00  1.04466765E-01  0.00000000E+00  0.00000000E+00 -5.57328611E-02
    0.538000      1   0.00000000E+00  0.00000000E+00  2.69282031E-03  0.00000000E+00  0.00000000E+00  0.00000000E+00  0.00000000E+00  0.00000000E+00  1.04411011E-01  0.00000000E+00  0.00000000E+00 -5.57537229E-02
    0.539000      1   0.00000000E+00  0.00000000E+00  2.63751985E-03  0.00000000E+00  0.00000000E+00  0.00000000E+00  0.00000000E+00  0.00000000E+00  1.04355242E-01  0.00000000E+00  0.00000000E+00 -5.57687768E-02
    0.540000      1   0.00000000E+00  0.00000000E+00  2.68178645E-03  0.00000000E+00  0.00000000E+00  0.00000000E+00  0.00000000E+00  0.00000000E+00  1.04299467E-01  0.00000000E+00  0.00000000E+00 -5.57756323E-02
    0.541000      1   0.00000000E+00  0.00000000E+00  2.69460894E-03  0.00000000E+00  0.00000000E+00  0.00000000E+00  0.00000000E+00  0.00000000E+00  1.04243674E-01  0.00000000E+00  0.00000000E+00 -5.57928213E-02
    0.542000      1   0.00000000E+00  0.00000000E+00  2.63493295E-03  0.00000000E+00  0.00000000E+00  0.00000000E+00  0.00000000E+00  0.00000000E+00  1.04187881E-01  0.00000000E+00  0.00000000E+00 -5.57932049E-02
    0.543000      1   0.00000000E+00  0.00000000E+00  2.73328336E-03  0.00000000E+00  0.00000000E+00  0.00000000E+00  0.00000000E+00  0.00000000E+00  1.04132081E-01  0.00000000E+00  0.00000000E+00 -5.57999305E-02
    0.544000      1   0.00000000E+00  0.00000000E+00  2.66260668E-03  0.00000000E+00  0.00000000E+00  0.00000000E+00  0.00000000E+00  0.00000000E+00  1.04076272E-01  0.00000000E+00  0.00000000E+00 -5.58088624E-02
    0.545000      1   0.00000000E+00  0.00000000E+00  2.70522355E-03  0.00000000E+00  0.00000000E+00  0.00000000E+00  0.00000000E+00  0.00000000E+00  1.04020474E-01  0.00000000E+00  0.00000000E+00 -5.57979930E-02
    0.546000      1   0.00000000E+00  0.00000000E+00  2.69467527E-03  0.00000000E+00  0.00000000E+00  0.00000000E+00  0.00000000E+00  0.00000000E+00  1.03964671E-01  0.00000000E+00  0.00000000E+00 -5.58027985E-02
    0.547000      1   0.00000000E+00  0.00000000E+00  2.67024299E-03  0.00000000E+00  0.00000000E+00  0.00000000E+00  0.00000000E+00  0.00000000E+00  1.03908875E-01  0.00000000E+00  0.00000000E+00 -5.57954733E-02
    0.548000      1   0.00000000E+00  0.00000000E+00  2.66345484E-03  0.00000000E+00  0.00000000E+00  0.00000000E+00  0.00000000E+00  0.00000000E+00  1.03853080E-01  0.00000000E+00  0.00000000E+00 -5.57959329E-02
    0.549000      1   0.00000000E+00  0.00000000E+00  2.64774051E-03  0.00000000E+00  0.00000000E+00  0.00000000E+00  0.00000000E+00  0.00000000E+00  1.03797274E-01  0.00000000E+00  0.00000000E+00 -5.58056169E-02
    0.550000      1   0.00000000E+00  0.00000000E+00  2.61072557E-03  0.00000000E+00  0.00000000E+00  0.00000000E+00  0.00000000E+00  0.00000000E+00  1.03741454E-01  0.00000000E+00  0.00000000E+00 -5.58203090E-02
    0.551000      1   0.00000000E+00  0.00000000E+00  2.63860504E-03  0.00000000E+00  0.00000000E+00  0.00000000E+00  0.00000000E+00  0.00000000E+00  1.03685607E-01  0.00000000E+00  0.00000000E+00 -5.58467077E-02
    0.552000      1   0.00000000E+00  0.00000000E+00  2.69198569E-03  0.00000000E+00  0.00000000E+00  0.00000000E+00  0.00000000E+00  0.00000000E+00  1.03629727E-01  0.00000000E+00  0.00000000E+00 -5.58803325E-02
    0.553000      1   0.00000000E+00  0.00000000E+00  2.67136677E-03  0.00000000E+00  0.00000000E+00  0.00000000E+00  0.00000000E+00  0.00000000E+00  1.03573831E-01  0.00000000E+00  0.00000000E+00 -5.58953615E-02
    0.554000      1   0.00000000E+00  0.00000000E+00  2.62376791E-03  0.00000000E+00  0.00000000E+00  0.00000000E+00  0.00000000E+00  0.00000000E+00  1.03517935E-01  0.00000000E+00  0.00000000E+00 -5.58965057E-02
    0.555000      1   0.00000000E+00  0.00000000E+00  2.55723674E-03  0.00000000E+00  0.00000000E+00  0.00000000E+00  0.00000000E+00  0.00000000E+00  1.03462022E-01  0.00000000E+00  0.00000000E+00 -5.59128387E-02
    0.556000      1   0.00000000E+00  0.00000000E+00  2.64150946E-03  0.00000000E+00  0.00000000E+00  0.00000000E+00  0.00000000E+00  0.00000000E+00  1.03406065E-01  0.00000000E+00  0.00000000E+00 -5.59565693E-02
    0.557000      1   0.00000000E+00  0.00000000E+00  2.62162910E-03  0.00000000E+00  0.00000000E+00  0.00000000E+00  0.00000000E+00  0.00000000E+00  1.03350058E-01  0.00000000E+00  0.00000000E+00 -5.60072470E-02
    0.558000      1   0.00000000E+00  0.00000000E+00  2.71736186E-03  0.00000000E+00  0.00000000E+00  0.00000000E+00  0.00000000E+00  0.00000000E+00  1.03294024E-01  0.00000000E+00  0.00000000E+00 -5.60337639E-02
    0.559000      1   0.00000000E+00  0.00000000E+00  2.65266373E-03  0.00000000E+00  0.00000000E+00  0.00000000E+00  0.00000000E+00  0.00000000E+00  1.03237974E-01  0.00000000E+00  0.00000000E+00 -5.60498805E-02
    0.560000      1   0.00000000E+00  0.00000000E+00  2.70169008E-03  0.00000000E+00  0.00000000E+00  0.00000000E+00  0.00000000E+00  0.00000000E+00  1.03181928E-01  0.00000000E+00  0.00000000E+00 -5.60459982E-02
    0.561000      1   0.00000000E+00  0.00000000E+00  2.71057510E-03  0.00000000E+00  0.00000000E+00  0.00000000E+00  0.00000000E+00  0.00000000E+00  1.03125874E-01  0.00000000E+00  0.00000000E+00 -5.60546939E-02
    0.562000      1   0.00000000E+00  0.00000000E+00  2.64323643E-03  0.00000000E+00  0.00000000E+00  0.00000000E+00  0.00000000E+00  0.00000000E+00  1.03069828E-01  0.00000000E+00  0.00000000E+00 -5.60457175E-02
    0.563000      1   0.00000000E+00  0.00000000E+00  2.72262290E-03  0.00000000E+00  0.00000000E+00  0.00000000E+00  0.00000000E+00  0.00000000E+00  1.03013782E-01  0.00000000E+00  0.00000000E+00 -5.60457312E-02
    0.564000      1   0.00000000E+00  0.00000000E+00  2.69420413E-03  0.00000000E+00  0.00000000E+00  0.00000000E+00  0.00000000E+00  0.00000000E+00  1.02957728E-01  0.00000000E+00  0.00000000E+00 -5.60538213E-02
    0.565000      1   0.00000000E+00  0.00000000E+00  2.68880542E-03  0.00000000E+00  0.00000000E+00  0.00000000E+00  0.00000000E+00  0.00000000E+00  1.02901688E-01  0.00000000E+00  0.00000000E+00 -5.60408652E-02
    0.566000      1   0.00000000E+00  0.00000000E+00  2.66412344E-03  0.00000000E+00  0.00000000E+00  0.00000000E+00  0.00000000E+00  0.00000000E+00  1.02845649E-01  0.00000000E+00  0.00000000E+00 -5.60381970E-02
    0.567000      1   0.00000000E+00  0.00000000E+00  2.68699004E-03  0.00000000E+00  0.00000000E+00  0.00000000E+00  0.00000000E+00  0.00000000E+00  1.02789608E-01  0.00000000E+00  0.00000000E+00 -5.60416666E-02
    0.568000      1   0.00000000E+00  0.00000000E+00  2.64458263E-03  0.00000000E+00  0.00000000E+00  0.00000000E+00  0.00000000E+00  0.00000000E+00  1.02733559E-01  0.00000000E+00  0.00000000E+00 -5.60491983E-02
    0.569000      1   0.00000000E+00  0.00000000E+00  2.63462025E-03  0.00000000E+00  0.00000000E+00  0.00000000E+00  0.00000000E+00  0.00000000E+00  1.02677502E-01  0.00000000E+00  0.00000000E+00 -5.60567196E-02
    0.570000      1   0.00000000E+00  0.00000000E+00  2.61205344E-03  0.00000000E+00  0.00000000E+00  0.00000000E+00  0.00000000E+00  0.00000000E+00  1.02621422E-01  0.00000000E+00  0.00000000E+00 -5.60799299E-02
    0.571000      1   0.00000000E+00  0.00000000E+00  2.60211510E-03  0.00000000E+00  0.00000000E+00  0.00000000E+00  0.00000000E+00  0.00000000E+00  1.02565311E-01  0.00000000E+00  0.00000000E+00 -5.61104027E-02
    0.572000      1   0.00000000E+00  0.00000000E+00  2.63194418E-03  0.00000000E+00  0.00000000E+00  0.00000000E+00  0.00000000E+00  0.00000000E+00  1.02509161E-01  0.00000000E+00  0.00000000E+00 -5.61500442E-02
    0.573000      1   0.00000000E+00  0.00000000E+00  2.67532174E-03  0.00000000E+00  0.00000000E+00  0.00000000E+00  0.00000000E+00  0.00000000E+00  1.02452974E-01  0.00000000E+00  0.00000000E+00 -5.61876747E-02
    0.574000      1   0.00000000E+00  0.00000000E+00  2.67943716E-03  0.00000000E+00  0.00000000E+00  0.00000000E+00  0.00000000E+00  0.00000000E+00  1.02396766E-01  0.00000000E+00  0.00000000E+00 -5.62078380E-02
    0.575000      1   0.00000000E+00  0.00000000E+00  2.56331643E-03  0.00000000E+00  0.00000000E+00  0.00000000E+00  0.00000000E+00  0.00000000E+00  1.02340553E-01  0.00000000E+00  0.00000000E+00 -5.62130277E-02
    0.576000      1   0.00000000E+00  0.00000000E+00  2.65904265E-03  0.00000000E+00  0.00000000E+00  0.00000000E+00  0.00000000E+00  0.00000000E+00  1.02284315E-01  0.00000000E+00  0.00000000E+00 -5.62374005E-02
    0.577000      1   0.00000000E+00  0.00000000E+00  2.61906677E-03  0.00000000E+00  0.00000000E+00  0.00000000E+00  0.00000000E+00  0.00000000E+00  1.02228032E-01  0.00000000E+00  0.00000000E+00 -5.62829810E-02
    0.578000      1   0.00000000E+00  0.00000000E+00  2.69098619E-03  0.00000000E+00  0.00000000E+00  0.00000000E+00  0.00000000E+00  0.00000000E+00  1.02171728E-01  0.00000000E+00  0.00000000E+00 -5.63041929E-02
    0.579000      1   0.00000000E+00  0.00000000E+00  2.62706871E-03  0.00000000E+00  0.00000000E+00  0.00000000E+00  0.00000000E+00  0.00000000E+00  1.02115402E-01  0.00000000E+00  0.00000000E+00 -5.63258152E-02
    0.580000      1   0.00000000E+00  0.00000000E+00  2.71748052E-03  0.00000000E+00  0.00000000E+00  0.00000000E+00  0.00000000E+00  0.00000000E+00  1.02059067E-01  0.00000000E+00  0.00000000E+00 -5.63351213E-02
    0.581000      1   0.00000000E+00  0.00000000E+00  2.74150536E-03  0.00000000E+00  0.00000000E+00  0.00000000E+00  0.00000000E+00  0.00000000E+00  1.02002718E-01  0.00000000E+00  0.00000000E+00 -5.63494305E-02
    0.582000      1   0.00000000E+00  0.00000000E+00  2.64202644E-03  0.00000000E+00  0.00000000E+00  0.00000000E+00  0.00000000E+00  0.00000000E+00  1.01946388E-01  0.00000000E+00  0.00000000E+00 -5.63297986E-02
    0.583000      1   0.00000000E+00  0.00000000E+00  2.71698580E-03  0.00000000E+00  0.00000000E+00  0.00000000E+00  0.00000000E+00  0.00000000E+00  1.01890068E-01  0.00000000E+00  0.00000000E+00 -5.63198683E-02
    0.584000      1   0.00000000E+00  0.00000000E+00  2.67892810E-03  0.00000000E+00  0.00000000E+00  0.00000000E+00  0.00000000E+00  0.00000000E+00  1.01833739E-01  0.00000000E+00  0.00000000E+00 -5.63293526E-02
    0.585000      1   0.00000000E+00  0.00000000E+00  2.72930594E-03  0.00000000E+00  0.00000000E+00  0.00000000E+00  0.00000000E+00  0.00000000E+00  1.01777418E-01  0.00000000E+00  0.00000000E+00 -5.63209492E-02
    0.586000      1   0.00000000E+00  0.00000000E+00  2.67574582E-03  0.00000000E+00  0.00000000E+00  0.00000000E+00  0.00000000E+00  0.00000000E+00  1.01721102E-01  0.00000000E+00  0.00000000E+00 -5.63161358E-02
    0.587000      1   0.00000000E+00  0.00000000E+00  2.69794044E-03  0.00000000E+00  0.00000000E+00  0.00000000E+00  0.00000000E+00  0.00000000E+00  1.01664798E-01  0.00000000E+00  0.00000000E+00 -5.63042491E-02
    0.588000      1   0.00000000E+00  0.00000000E+00  2.64345295E-03  0.00000000E+00  0.00000000E+00  0.00000000E+00  0.00000000E+00  0.00000000E+00  1.01608492E-01  0.00000000E+00  0.00000000E+00 -5.63060275E-02
    0.589000      1   0.00000000E+00  0.00000000E+00  2.63727754E-03  0.00000000E+00  0.00000000E+00  0.00000000E+00  0.00000000E+00  0.00000000E+00  1.01552181E-01  0.00000000E+00  0.00000000E+00 -5.63101523E-02
    0.590000      1   0.00000000E+00  0.00000000E+00  2.62305992E-03  0.00000000E+00  0.00000000E+00  0.00000000E+00  0.00000000E+00  0.00000000E+00  1.01495848E-01  0.00000000E+00  0.00000000E+00 -5.63332636E-02
    0.591000      1   0.00000000E+00  0.00000000E+00  2.66606699E-03  0.00000000E+00  0.00000000E+00  0.00000000E+00  0.00000000E+00  0.00000000E+00  1.01439487E-01  0.00000000E+00  0.00000000E+00 -5.63609173E-02
    0.592000      1   0.00000000E+00  0.00000000E+00  2.60541742E-03  0.00000000E+00  0.00000000E+00  0.00000000E+00  0.00000000E+00  0.00000000E+00  1.01383102E-01  0.00000000E+00  0.00000000E+00 -5.63856350E-02
    0.593000      1   0.00000000E+00  0.00000000E+00  2.65871186E-03  0.00000000E+00  0.00000000E+00  0.00000000E+00  0.00000000E+00  0.00000000E+00  1.01326695E-01  0.00000000E+00  0.00000000E+00 -5.64069536E-02
    0.594000      1   0.00000000E+00  0.00000000E+00  2.67302070E-03  0.00000000E+00  0.00000000E+00  0.00000000E+00  0.00000000E+00  0.00000000E+00  1.01270256E-01  0.00000000E+00  0.00000000E+00 -5.64387660E-02
    0.595000      1   0.00000000E+00  0.00000000E+00  2.58272978E-03  0.00000000E+00  0.00000000E+00  0.00000000E+00  0.00000000E+00  0.00000000E+00  1.01213805E-01  0.00000000E+00  0.00000000E+00 -5.64505454E-02
    0.596000      1   0.00000000E+00  0.00000000E+00  2.66293110E-03  0.00000000E+00  0.00000000E+00  0.00000000E+00  0.00000000E+00  0.00000000E+00  1.01157332E-01  0.00000000E+00  0.00000000E+00 -5.64735924E-02
    0.597000      1   0.00000000E+00  0.00000000E+00  2.59711075E-03  0.00000000E+00  0.00000000E+00  0.00000000E+00  0.00000000E+00  0.00000000E+00  1.01100820E-01  0.00000000E+00  0.00000000E+00 -5.65121096E-02
    0.598000      1   0.00000000E+00  0.00000000E+00  2.70280687E-03  0.00000000E+00  0.00000000E+00  0.00000000E+00  0.00000000E+00  0.00000000E+00  1.01044284E-01  0.00000000E+00  0.00000000E+00 -5.65359271E-02
    0.599000      1   0.00000000E+00  0.00000000E+00  2.67546596E-03  0.00000000E+00  0.00000000E+00  0.00000000E+00  0.00000000E+00  0.00000000E+00  1.00987721E-01  0.00000000E+00  0.00000000E+00 -5.65626698E-02
    0.600000      1   0.00000000E+00  0.00000000E+00  2.74110924E-03  0.00000000E+00  0.00000000E+00  0.00000000E+00  0.00000000E+00  0.00000000E+00  1.00931161E-01  0.00000000E+00  0.00000000E+00 -5.65595353E-02
    0.601000      1   0.00000000E+00  0.00000000E+00  2.68886041E-03  0.00000000E+00  0.00000000E+00  0.00000000E+00  0.00000000E+00  0.00000000E+00  1.00874608E-01  0.00000000E+00  0.00000000E+00 -5.65537716E-02
    0.602000      1   0.00000000E+00  0.00000000E+00  2.71370385E-03  0.00000000E+00  0.00000000E+00  0.00000000E+00  0.00000000E+00  0.00000000E+00  1.00818072E-01  0.00000000E+00  0.00000000E+00 -5.65356893E-02
    0.603000      1   0.00000000E+00  0.00000000E+00  2.68825449E-03  0.00000000E+00  0.00000000E+00  0.00000000E+00  0.00000000E+00  0.00000000E+00  1.00761542E-01  0.00000000E+00  0.00000000E+00 -5.65303731E-02
    0.604000      1   0.00000000E+00  0.00000000E+00  2.67794392E-03  0.00000000E+00  0.00000000E+00  0.00000000E+00  0.00000000E+00  0.00000000E+00  1.00705020E-01  0.00000000E+00  0.00000000E+00 -5.65213983E-02
    0.605000      1   0.00000000E+00  0.00000000E+00  2.69025702E-03  0.00000000E+00  0.00000000E+00  0.00000000E+00  0.00000000E+00  0.00000000E+00  1.00648498E-01  0.00000000E+00  0.00000000E+00 -5.65226048E-02
    0.606000      1   0.00000000E+00  0.00000000E+00  2.66580170E-03  0.00000000E+00  0.00000000E+00  0.00000000E+00  0.00000000E+00  0.00000000E+00  1.00591973E-01  0.00000000E+00  0.00000000E+00 -5.65250200E-02
    0.607000      1   0.00000000E+00  0.00000000E+00  2.68175883E-03  0.00000000E+00  0.00000000E+00  0.00000000E+00  0.00000000E+00  0.00000000E+00  1.00535445E-01  0.00000000E+00  0.00000000E+00 -5.65277160E-02
    0.608000      1   0.00000000E+00  0.00000000E+00  2.64581441E-03  0.00000000E+00  0.00000000E+00  0.00000000E+00  0.00000000E+00  0.00000000E+00  1.00478909E-01  0.00000000E+00  0.00000000E+00 -5.65356217E-02
    0.609000      1   0.00000000E+00  0.00000000E+00  2.63967822E-03  0.00000000E+00  0.00000000E+00  0.00000000E+00  0.00000000E+00  0.00000000E+00  1.00422365E-01  0.00000000E+00  0.00000000E+00 -5.65446432E-02
    0.610000      1   0.00000000E+00  0.00000000E+00  2.61529699E-03  0.00000000E+00  0.00000000E+00  0.00000000E+00  0.00000000E+00  0.00000000E+00  1.00365798E-01  0.00000000E+00  0.00000000E+00 -5.65665545E-02
    0.611000      1   0.00000000E+00  0.00000000E+00  2.66358739E-03  0.00000000E+00  0.00000000E+00  0.00000000E+00  0.00000000E+00  0.00000000E+00  1.00309203E-01  0.00000000E+00  0.00000000E+00 -5.65947925E-02
    0.612000      1   0.00000000E+00  0.00000000E+00  2.59448541E-03  0.00000000E+00  0.00000000E+00  0.00000000E+00  0.00000000E+00  0.00000000E+00  1.00252581E-01  0.00000000E+00  0.00000000E+00 -5.66224981E-02
    0.613000      1   0.00000000E+00  0.00000000E+00  2.65473214E-03  0.00000000E+00  0.00000000E+00  0.00000000E+00  0.00000000E+00  0.00000000E+00  1.00195934E-01  0.00000000E+00  0.00000000E+00 -5.66465643E-02
    0.614000      1   0.00000000E+00  0.00000000E+00  2.67161690E-03  0.00000000E+00  0.00000000E+00  0.00000000E+00  0.00000000E+00  0.00000000E+00  1.00139252E-01  0.00000000E+00  0.00000000E+00 -5.66826707E-02
    0.615000      1   0.00000000E+00  0.00000000E+00  2.62700995E-03  0.00000000E+00  0.00000000E+00  0.00000000E+00  0.00000000E+00  0.00000000E+00  1.00082556E-01  0.00000000E+00  0.00000000E+00 -5.66960053E-02
    0.616000      1   0.00000000E+00  0.00000000E+00  2.65303483E-03  0.00000000E+00  0.00000000E+00  0.00000000E+00  0.00000000E+00  0.00000000E+00  1.00025844E-01  0.00000000E+00  0.00000000E+00 -5.67116829E-02
    0.617000      1   0.00000000E+00  0.00000000E+00  2.65978607E-03  0.00000000E+00  0.00000000E+00  0.00000000E+00  0.00000000E+00  0.00000000E+00  9.99691065E-02  0.00000000E+00  0.00000000E+00 -5.67374079E-02
    0.618000      1   0.00000000E+00  0.00000000E+00  2.64033552E-03  0.00000000E+00  0.00000000E+00  0.00000000E+00  0.00000000E+00  0.00000000E+00  9.99123531E-02  0.00000000E+00  0.00000000E+00 -5.67533921E-02
    0.619000      1   0.00000000E+00  0.00000000E+00  2.71915137E-03  0.00000000E+00  0.00000000E+00  0.00000000E+00  0.00000000E+00  0.00000000E+00  9.98555825E-02  0.00000000E+00  0.00000000E+00 -5.67705986E-02
    0.620000      1   0.00000000E+00  0.00000000E+00  2.70462833E-03  0.00000000E+00  0.00000000E+00  0.00000000E+00  0.00000000E+00  0.00000000E+00  9.97988022E-02  0.00000000E+00  0.00000000E+00 -5.67802553E-02
    0.621000      1   0.00000000E+00  0.00000000E+00  2.63637445E-03  0.00000000E+00  0.00000000E+00  0.00000000E+00  0.00000000E+00  0.00000000E+00  9.97420356E-02  0.00000000E+00  0.00000000E+00 -5.67665960E-02
    0.622000      1   0.00000000E+00  0.00000000E+00  2.76090906E-03  0.00000000E+00  0.00000000E+00  0.00000000E+00  0.00000000E+00  0.00000000E+00  9.96852658E-02  0.00000000E+00  0.00000000E+00 -5.67697761E-02
    0.623000      1   0.00000000E+00  0.00000000E+00  2.68767315E-03  0.00000000E+00  0.00000000E+00  0.00000000E+00  0.00000000E+00  0.00000000E+00  9.96284925E-02  0.00000000E+00  0.00000000E+00 -5.67733493E-02
    0.624000      1   0.00000000E+00  0.00000000E+00  2.68997969E-03  0.00000000E+00  0.00000000E+00  0.00000000E+00  0.00000000E+00  0.00000000E+00  9.95717435E-02  0.00000000E+00  0.00000000E+00 -5.67489744E-02
    0.625000      1   0.00000000E+00  0.00000000E+00  2.68063232E-03  0.00000000E+00  0.00000000E+00  0.00000000E+00  0.00000000E+00  0.00000000E+00  9.95149953E-02  0.00000000E+00  0.00000000E+00 -5.67482434E-02
    0.626000      1   0.00000000E+00  0.00000000E+00  2.67191612E-03  0.00000000E+00  0.00000000E+00  0.00000000E+00  0.00000000E+00  0.00000000E+00  9.94582469E-02  0.00000000E+00  0.00000000E+00 -5.67484079E-02
    0.627000      1   0.00000000E+00  0.00000000E+00  2.67718405E-03  0.00000000E+00  0.00000000E+00  0.00000000E+00  0.00000000E+00  0.00000000E+00  9.94014937E-02  0.00000000E+00  0.00000000E+00 -5.67531836E-02
    0.628000      1   0.00000000E+00  0.00000000E+00  2.67931090E-03  0.00000000E+00  0.00000000E+00  0.00000000E+00  0.00000000E+00  0.00000000E+00  9.93447338E-02  0.00000000E+00  0.00000000E+00 -5.67598902E-02
    0.629000      1   0.00000000E+00  0.00000000E+00  2.62772383E-03  0.00000000E+00  0.00000000E+00  0.00000000E+00  0.00000000E+00  0.00000000E+00  9.92879693E-02  0.00000000E+00  0.00000000E+00 -5.67644906E-02
    0.630000      1   0.00000000E+00  0.00000000E+00  2.64148569E-03  0.00000000E+00  0.00000000E+00  0.00000000E+00  0.00000000E+00  0.00000000E+00  9.92311918E-02  0.00000000E+00  0.00000000E+00 -5.67775152E-02
    0.631000      1   0.00000000E+00  0.00000000E+00  2.66639571E-03  0.00000000E+00  0.00000000E+00  0.00000000E+00  0.00000000E+00  0.00000000E+00  9.91743867E-02  0.00000000E+00  0.00000000E+00 -5.68050481E-02
    0.632000      1   0.00000000E+00  0.00000000E+00  2.66609680E-03  0.00000000E+00  0.00000000E+00  0.00000000E+00  0.00000000E+00  0.00000000E+00  9.91175631E-02  0.00000000E+00  0.00000000E+00 -5.68236563E-02
    0.633000      1   0.00000000E+00  0.00000000E+00  2.64143759E-03  0.00000000E+00  0.00000000E+00  0.00000000E+00  0.00000000E+00  0.00000000E+00  9.90607290E-02  0.00000000E+00  0.00000000E+00 -5.68341365E-02
    0.634000      1   0.00000000E+00  0.00000000E+00  2.56115202E-03  0.00000000E+00  0.00000000E+00  0.00000000E+00  0.00000000E+00  0.00000000E+00  9.90038799E-02  0.00000000E+00  0.00000000E+00 -5.68490757E-02
    0.635000      1   0.00000000E+00  0.00000000E+00  2.67118366E-03  0.00000000E+00  0.00000000E+00  0.00000000E+00  0.00000000E+00  0.00000000E+00  9.89469936E-02  0.00000000E+00  0.00000000E+00 -5.68863108E-02
    0.636000      1   0.00000000E+00  0.00000000E+00  2.61376337E-03  0.00000000E+00  0.00000000E+00  0.00000000E+00  0.00000000E+00  0.00000000E+00  9.88900631E-02  0.00000000E+00  0.00000000E+00 -5.69304552E-02
    0.637000      1   0.00000000E+00  0.00000000E+00  2.71371910E-03  0.00000000E+00  0.00000000E+00  0.00000000E+00  0.00000000E+00  0.00000000E+00  9.88331145E-02  0.00000000E+00  0.00000000E+00 -5.69486176E-02
    0.638000      1   0.00000000E+00  0.00000000E+00  2.65561230E-03  0.00000000E+00  0.00000000E+00  0.00000000E+00  0.00000000E+00  0.00000000E+00  9.87761465E-02  0.00000000E+00  0.00000000E+00 -5.69679616E-02
    0.639000      1   0.00000000E+00  0.00000000E+00  2.74746873E-03  0.00000000E+00  0.00000000E+00  0.00000000E+00  0.00000000E+00  0.00000000E+00  9.87191818E-02  0.00000000E+00  0.00000000E+00 -5.69647542E-02
    0.640000      1   0.00000000E+00  0.00000000E+00  2.71392605E-03  0.00000000E+00  0.00000000E+00  0.00000000E+00  0.00000000E+00  0.00000000E+00  9.86622174E-02  0.00000000E+00  0.00000000E+00 -5.69643862E-02
    0.641000      1   0.00000000E+00  0.00000000E+00  2.63487249E-03  0.00000000E+00  0.00000000E+00  0.00000000E+00  0.00000000E+00  0.00000000E+00  9.86052776E-02  0.00000000E+00  0.00000000E+00 -5.69397828E-02
    0.642000      1   0.00000000E+00  0.00000000E+00  2.71044536E-03  0.00000000E+00  0.00000000E+00  0.00000000E+00  0.00000000E+00  0.00000000E+00  9.85483374E-02  0.00000000E+00  0.00000000E+00 -5.69401750E-02
    0.643000      1   0.00000000E+00  0.00000000E+00  2.71464868E-03  0.00000000E+00  0.00000000E+00  0.00000000E+00  0.00000000E+00  0.00000000E+00  9.84913843E-02  0.00000000E+00  0.00000000E+00 -5.69531654E-02
    0.644000      1   0.00000000E+00  0.00000000E+00  2.70048772E-03  0.00000000E+00  0.00000000E+00  0.00000000E+00  0.00000000E+00  0.00000000E+00  9.84344437E-02  0.00000000E+00  0.00000000E+00 -5.69405933E-02
    0.645000      1   0.00000000E+00  0.00000000E+00  2.66652505E-03  0.00000000E+00  0.00000000E+00  0.00000000E+00  0.00000000E+00  0.00000000E+00  9.83775145E-02  0.00000000E+00  0.00000000E+00 -5.69291449E-02
    0.646000      1   0.00000000E+00  0.00000000E+00  2.68842730E-03  0.00000000E+00  0.00000000E+00  0.00000000E+00  0.00000000E+00  0.00000000E+00  9.83205862E-02  0.00000000E+00  0.00000000E+00 -5.69283531E-02
    0.647000      1   0.00000000E+00  0.00000000E+00  2.64872265E-03  0.00000000E+00  0.00000000E+00  0.00000000E+00  0.00000000E+00  0.00000000E+00  9.82636513E-02  0.00000000E+00  0.00000000E+00 -5.69348419E-02
    0.648000      1   0.00000000E+00  0.00000000E+00  2.64185609E-03  0.00000000E+00  0.00000000E+00  0.00000000E+00  0.00000000E+00  0.00000000E+00  9.82067102E-02  0.00000000E+00  0.00000000E+00 -5.69411591E-02
    0.649000      1   0.00000000E+00  0.00000000E+00  2.61939477E-03  0.00000000E+00  0.00000000E+00  0.00000000E+00  0.00000000E+00  0.00000000E+00  9.81497484E-02  0.00000000E+00  0.00000000E+00 -5.69617302E-02
    0.650000      1   0.00000000E+00  0.00000000E+00  2.67461781E-03  0.00000000E+00  0.00000000E+00  0.00000000E+00  0.00000000E+00  0.00000000E+00  9.80927599E-02  0.00000000E+00  0.00000000E+00 -5.69885283E-02
    0.651000      1   0.00000000E+00  0.00000000E+00  2.58540313E-03  0.00000000E+00  0.00000000E+00  0.00000000E+00  0.00000000E+00  0.00000000E+00  9.80357470E-02  0.00000000E+00  0.00000000E+00 -5.70129376E-02
    0.652000      1   0.00000000E+00  0.00000000E+00  2.65598895E-03  0.00000000E+00  0.00000000E+00  0.00000000E+00  0.00000000E+00  0.00000000E+00  9.79787120E-02  0.00000000E+00  0.00000000E+00 -5.70349873E-02
    0.653000      1   0.00000000E+00  0.00000000E+00  2.67776112E-03  0.00000000E+00  0.00000000E+00  0.00000000E+00  0.00000000E+00  0.00000000E+00  9.79216381E-02  0.00000000E+00  0.00000000E+00 -5.70738542E-02
    0.654000      1   0.00000000E+00  0.00000000E+00  2.63331633E-03  0.00000000E+00  0.00000000E+00  0.00000000E+00  0.00000000E+00  0.00000000E+00  9.78645524E-02  0.00000000E+00  0.00000000E+00 -5.70856895E-02
    0.655000      1   0.00000000E+00  0.00000000E+00  2.65641962E-03  0.00000000E+00  0.00000000E+00  0.00000000E+00  0.00000000E+00  0.00000000E+00  9.78074542E-02  0.00000000E+00  0.00000000E+00 -5.70982340E-02
    0.656000      1   0.00000000E+00  0.00000000E+00  2.60840753E-03  0.00000000E+00  0.00000000E+00  0.00000000E+00  0.00000000E+00  0.00000000E+00  9.77503329E-02  0.00000000E+00  0.00000000E+00 -5.71212894E-02
    0.657000      1   0.00000000E+00  0.00000000E+00  2.65089992E-03  0.00000000E+00  0.00000000E+00  0.00000000E+00  0.00000000E+00  0.00000000E+00  9.76931877E-02  0.00000000E+00  0.00000000E+00 -5.71452476E-02
    0.658000      1   0.00000000E+00  0.00000000E+00  2.73110865E-03  0.00000000E+00  0.00000000E+00  0.00000000E+00  0.00000000E+00  0.00000000E+00  9.76360102E-02  0.00000000E+00  0.00000000E+00 -5.71774595E-02
    0.659000      1   0.00000000E+00  0.00000000E+00  2.72552680E-03  0.00000000E+00  0.00000000E+00  0.00000000E+00  0.00000000E+00  0.00000000E+00  9.75788287E-02  0.00000000E+00  0.00000000E+00 -5.71815321E-02
    0.660000      1   0.00000000E+00  0.00000000E+00  2.65131952E-03  0.00000000E+00  0.00000000E+00  0.00000000E+00  0.00000000E+00  0.00000000E+00  9.75216684E-02  0.00000000E+00  0.00000000E+00 -5.71602502E-02
    0.661000      1   0.00000000E+00  0.00000000E+00  2.72298892E-03  0.00000000E+00  0.00000000E+00  0.00000000E+00  0.00000000E+00  0.00000000E+00  9.74645145E-02  0.00000000E+00  0.00000000E+00 -5.71539241E-02
    0.662000      1   0.00000000E+00  0.00000000E+00  2.69635725E-03  0.00000000E+00  0.00000000E+00  0.00000000E+00  0.00000000E+00  0.00000000E+00  9.74073552E-02  0.00000000E+00  0.00000000E+00 -5.71592949E-02
    0.663000      1   0.00000000E+00  0.00000000E+00  2.71190170E-03  0.00000000E+00  0.00000000E+00  0.00000000E+00  0.00000000E+00  0.00000000E+00  9.73502094E-02  0.00000000E+00  0.00000000E+00 -5.71458378E-02
    0.664000      1   0.00000000E+00  0.00000000E+00  2.69513063E-03  0.00000000E+00  0.00000000E+00  0.00000000E+00  0.00000000E+00  0.00000000E+00  9.72930710E-02  0.00000000E+00  0.00000000E+00 -5.71383782E-02
    0.665000      1   0.00000000E+00  0.00000000E+00  2.69745735E-03  0.00000000E+00  0.00000000E+00  0.00000000E+00  0.00000000E+00  0.00000000E+00  9.72359422E-02  0.00000000E+00  0.00000000E+00 -5.71287793E-02
    0.666000      1   0.00000000E+00  0.00000000E+00  2.66855291E-03  0.00000000E+00  0.00000000E+00  0.00000000E+00  0.00000000E+00  0.00000000E+00  9.71788179E-02  0.00000000E+00  0.00000000E+00 -5.71242768E-02
    0.667000      1   0.00000000E+00  0.00000000E+00  2.67379001E-03  0.00000000E+00  0.00000000E+00  0.00000000E+00  0.00000000E+00  0.00000000E+00  9.71216938E-02  0.00000000E+00  0.00000000E+00 -5.71241216E-02
    0.668000      1   0.00000000E+00  0.00000000E+00  2.62487936E-03  0.00000000E+00  0.00000000E+00  0.00000000E+00  0.00000000E+00  0.00000000E+00  9.70645613E-02  0.00000000E+00  0.00000000E+00 -5.71325330E-02
    0.669000      1   0.00000000E+00  0.00000000E+00  2.65255859E-03  0.00000000E+00  0.00000000E+00  0.00000000E+00  0.00000000E+00  0.00000000E+00  9.70074134E-02  0.00000000E+00  0.00000000E+00 -5.71478737E-02
    0.670000      1   0.00000000E+00  0.00000000E+00  2.66987676E-03  0.00000000E+00  0.00000000E+00  0.00000000E+00  0.00000000E+00  0.00000000E+00  9.69502390E-02  0.00000000E+00  0.00000000E+00 -5.71743826E-02
    0.671000      1   0.00000000E+00  0.00000000E+00  2.64755558E-03  0.00000000E+00  0.00000000E+00  0.00000000E+00  0.00000000E+00  0.00000000E+00  9.68930503E-02  0.00000000E+00  0.00000000E+00 -5.71887387E-02
    0.672000      1   0.00000000E+00  0.00000000E+00  2.64363837E-03  0.00000000E+00  0.00000000E+00  0.00000000E+00  0.00000000E+00  0.00000000E+00  9.68358489E-02  0.00000000E+00  0.00000000E+00 -5.72013546E-02
    0.673000      1   0.00000000E+00  0.00000000E+00  2.59088042E-03  0.00000000E+00  0.00000000E+00  0.00000000E+00  0.00000000E+00  0.00000000E+00  9.67786269E-02  0.00000000E+00  0.00000000E+00 -5.72219937E-02
    0.674000      1   0.00000000E+00  0.00000000E+00  2.67120191E-03  0.00000000E+00  0.00000000E+00  0.00000000E+00  0.00000000E+00  0.00000000E+00  9.67213737E-02  0.00000000E+00  0.00000000E+00 -5.72532490E-02
    0.675000      1   0.00000000E+00  0.00000000E+00  2.60623915E-03  0.00000000E+00  0.00000000E+00  0.00000000E+00  0.00000000E+00  0.00000000E+00  9.66640861E-02  0.00000000E+00  0.00000000E+00 -5.72876268E-02
    0.676000      1   0.00000000E+00  0.00000000E+00  2.71079205E-03  0.00000000E+00  0.00000000E+00  0.00000000E+00  0.00000000E+00  0.00000000E+00  9.66067790E-02  0.00000000E+00  0.00000000E+00 -5.73071138E-02
    0.677000      1   0.00000000E+00  0.00000000E+00  2.65900464E-03  0.00000000E+00  0.00000000E+00  0.00000000E+00  0.00000000E+00  0.00000000E+00  9.65494495E-02  0.00000000E+00  0.00000000E+00 -5.73294465E-02
    0.678000      1   0.00000000E+00  0.00000000E+00  2.74239098E-03  0.00000000E+00  0.00000000E+00  0.00000000E+00  0.00000000E+00  0.00000000E+00  9.64921229E-02  0.00000000E+00  0.00000000E+00 -5.73266005E-02
    0.679000      1   0.00000000E+00  0.00000000E+00  2.71833713E-03  0.00000000E+00  0.00000000E+00  0.00000000E+00  0.00000000E+00  0.00000000E+00  9.64347969E-02  0.00000000E+00  0.00000000E+00 -5.73260164E-02
    0.680000      1   0.00000000E+00  0.00000000E+00  2.64063017E-03  0.00000000E+00  0.00000000E+00  0.00000000E+00  0.00000000E+00  0.00000000E+00  9.63774946E-02  0.00000000E+00  0.00000000E+00 -5.73023005E-02
    0.681000      1   0.00000000E+00  0.00000000E+00  2.68822610E-03  0.00000000E+00  0.00000000E+00  0.00000000E+00  0.00000000E+00  0.00000000E+00  9.63201944E-02  0.00000000E+00  0.00000000E+00 -5.73002259E-02
    0.682000      1   0.00000000E+00  0.00000000E+00  2.70682029E-03  0.00000000E+00  0.00000000E+00  0.00000000E+00  0.00000000E+00  0.00000000E+00  9.62628791E-02  0.00000000E+00  0.00000000E+00 -5.73152546E-02
    0.683000      1   0.00000000E+00  0.00000000E+00  2.71293687E-03  0.00000000E+00  0.00000000E+00  0.00000000E+00  0.00000000E+00  0.00000000E+00  9.62055677E-02  0.00000000E+00  0.00000000E+00 -5.73113640E-02
    0.684000      1   0.00000000E+00  0.00000000E+00  2.68625583E-03  0.00000000E+00  0.00000000E+00  0.00000000E+00  0.00000000E+00  0.00000000E+00  9.61482675E-02  0.00000000E+00  0.00000000E+00 -5.73002850E-02
    0.685000      1   0.00000000E+00  0.00000000E+00  2.65401090E-03  0.00000000E+00  0.00000000E+00  0.00000000E+00  0.00000000E+00  0.00000000E+00  9.60909755E-02  0.00000000E+00  0.00000000E+00 -5.72919156E-02
    0.686000      1   0.00000000E+00  0.00000000E+00  2.65886589E-03  0.00000000E+00  0.00000000E+00  0.00000000E+00  0.00000000E+00  0.00000000E+00  9.60336775E-02  0.00000000E+00  0.00000000E+00 -5.72980107E-02
    0.687000      1   0.00000000E+00  0.00000000E+00  2.66266989E-03  0.00000000E+00  0.00000000E+00  0.00000000E+00  0.00000000E+00  0.00000000E+00  9.59763637E-02  0.00000000E+00  0.00000000E+00 -5.73138371E-02
    0.688000      1   0.00000000E+00  0.00000000E+00  2.60267901E-03  0.00000000E+00  0.00000000E+00  0.00000000E+00  0.00000000E+00  0.00000000E+00  9.59190363E-02  0.00000000E+00  0.00000000E+00 -5.73273962E-02
    0.689000      1   0.00000000E+00  0.00000000E+00  2.67810254E-03  0.00000000E+00  0.00000000E+00  0.00000000E+00  0.00000000E+00  0.00000000E+00  9.58616860E-02  0.00000000E+00  0.00000000E+00 -5.73503148E-02
    0.690000      1   0.00000000E+00  0.00000000E+00  2.60249301E-03  0.00000000E+00  0.00000000E+00  0.00000000E+00  0.00000000E+00  0.00000000E+00  9.58043064E-02  0.00000000E+00  0.00000000E+00 -5.73795975E-02
    0.691000      1   0.00000000E+00  0.00000000E+00  2.67026456E-03  0.00000000E+00  0.00000000E+00  0.00000000E+00  0.00000000E+00  0.00000000E+00  9.57469089E-02  0.00000000E+00  0.00000000E+00 -5.73974807E-02
    0.692000      1   0.00000000E+00  0.00000000E+00  2.64106534E-03  0.00000000E+00  0.00000000E+00  0.00000000E+00  0.00000000E+00  0.00000000E+00  9.56894807E-02  0.00000000E+00  0.00000000E+00 -5.74282105E-02
    0.693000      1   0.00000000E+00  0.00000000E+00  2.66146834E-03  0.00000000E+00  0.00000000E+00  0.00000000E+00  0.00000000E+00  0.00000000E+00  9.56320389E-02  0.00000000E+00  0.00000000E+00 -5.74418467E-02
    0.694000      1   0.00000000E+00  0.00000000E+00  2.67270059E-03  0.00000000E+00  0.00000000E+00  0.00000000E+00  0.00000000E+00  0.00000000E+00  9.55745774E-02  0.00000000E+00  0.00000000E+00 -5.74614644E-02
    0.695000      1   0.00000000E+00  0.00000000E+00  2.66485257E-03  0.00000000E+00  0.00000000E+00  0.00000000E+00  0.00000000E+00  0.00000000E+00  9.55171050E-02  0.00000000E+00  0.00000000E+00 -5.74723950E-02
    0.696000      1   0.00000000E+00  0.00000000E+00  2.63485484E-03  0.00000000E+00  0.00000000E+00  0.00000000E+00  0.00000000E+00  0.00000000E+00  9.54596240E-02  0.00000000E+00  0.00000000E+00 -5.74810247E-02
    0.697000      1   0.00000000E+00  0.00000000E+00  2.69923655E-03  0.00000000E+00  0.00000000E+00  0.00000000E+00  0.00000000E+00  0.00000000E+00  9.54021264E-02  0.00000000E+00  0.00000000E+00 -5.74975365E-02
    0.698000      1   0.00000000E+00  0.00000000E+00  2.71961462E-03  0.00000000E+00  0.00000000E+00  0.00000000E+00  0.00000000E+00  0.00000000E+00  9.53446139E-02  0.00000000E+00  0.00000000E+00 -5.75125149E-02
    0.699000      1   0.00000000E+00  0.00000000E+00  2.65225218E-03  0.00000000E+00  0.00000000E+00  0.00000000E+00  0.00000000E+00  0.00000000E+00  9.52871112E-02  0.00000000E+00  0.00000000E+00 -5.75027457E-02
    0.700000      1   0.00000000E+00  0.00000000E+00  2.73549915E-03  0.00000000E+00  0.00000000E+00  0.00000000E+00  0.00000000E+00  0.00000000E+00  9.52296130E-02  0.00000000E+00  0.00000000E+00 -5.74981963E-02
    0.701000      1   0.00000000E+00  0.00000000E+00  2.68360675E-03  0.00000000E+00  0.00000000E+00  0.00000000E+00  0.00000000E+00  0.00000000E+00  9.51721119E-02  0.00000000E+00  0.00000000E+00 -5.75010485E-02
    0.702000      1   0.00000000E+00  0.00000000E+00  2.71785368E-03  0.00000000E+00  0.00000000E+00  0.00000000E+00  0.00000000E+00  0.00000000E+00  9.51146262E-02  0.00000000E+00  0.00000000E+00 -5.74857377E-02
    0.703000      1   0.00000000E+00  0.00000000E+00  2.70554507E-03  0.00000000E+00  0.00000000E+00  0.00000000E+00  0.00000000E+00  0.00000000E+00  9.50571448E-02  0.00000000E+00  0.00000000E+00 -5.74814130E-02
    0.704000      1   0.00000000E+00  0.00000000E+00  2.71423860E-03  0.00000000E+00  0.00000000E+00  0.00000000E+00  0.00000000E+00  0.00000000E+00  9.49996768E-02  0.00000000E+00  0.00000000E+00 -5.74680177E-02
    0.705000      1   0.00000000E+00  0.00000000E+00  2.66063954E-03  0.00000000E+00  0.00000000E+00  0.00000000E+00  0.00000000E+00  0.00000000E+00  9.49422196E-02  0.00000000E+00  0.00000000E+00 -5.74571274E-02
    0.706000      1   0.00000000E+00  0.00000000E+00  2.64743347E-03  0.00000000E+00  0.00000000E+00  0.00000000E+00  0.00000000E+00  0.00000000E+00  9.48847668E-02  0.00000000E+00  0.00000000E+00 -5.74528604E-02
    0.707000      1   0.00000000E+00  0.00000000E+00  2.61268973E-03  0.00000000E+00  0.00000000E+00  0.00000000E+00  0.00000000E+00  0.00000000E+00  9.48272982E-02  0.00000000E+00  0.00000000E+00 -5.74685314E-02
    0.708000      1   0.00000000E+00  0.00000000E+00  2.68285114E-03  0.00000000E+00  0.00000000E+00  0.00000000E+00  0.00000000E+00  0.00000000E+00  9.47698036E-02  0.00000000E+00  0.00000000E+00 -5.74946836E-02
    0.709000      1   0.00000000E+00  0.00000000E+00  2.63904586E-03  0.00000000E+00  0.00000000E+00  0.00000000E+00  0.00000000E+00  0.00000000E+00  9.47122837E-02  0.00000000E+00  0.00000000E+00 -5.75198389E-02
    0.710000      1   0.00000000E+00  0.00000000E+00  2.67071995E-03  0.00000000E+00  0.00000000E+00  0.00000000E+00  0.00000000E+00  0.00000000E+00  9.46547540E-02  0.00000000E+00  0.00000000E+00 -5.75296986E-02
    0.711000      1   0.00000000E+00  0.00000000E+00  2.65230717E-03  0.00000000E+00  0.00000000E+00  0.00000000E+00  0.00000000E+00  0.00000000E+00  9.45972057E-02  0.00000000E+00  0.00000000E+00 -5.75483434E-02
    0.712000      1   0.00000000E+00  0.00000000E+00  2.58463803E-03  0.00000000E+00  0.00000000E+00  0.00000000E+00  0.00000000E+00  0.00000000E+00  9.45396458E-02  0.00000000E+00  0.00000000E+00 -5.75598421E-02
    0.713000      1   0.00000000E+00  0.00000000E+00  2.68490156E-03  0.00000000E+00  0.00000000E+00  0.00000000E+00  0.00000000E+00  0.00000000E+00  9.44820565E-02  0.00000000E+00  0.00000000E+00 -5.75893543E-02
    0.714000      1   0.00000000E+00  0.00000000E+00  2.62608864E-03  0.00000000E+00  0.00000000E+00  0.00000000E+00  0.00000000E+00  0.00000000E+00  9.44244331E-02  0.00000000E+00  0.00000000E+00 -5.76233596E-02
    0.715000      1   0.00000000E+00  0.00000000E+00  2.68949434E-03  0.00000000E+00  0.00000000E+00  0.00000000E+00  0.00000000E+00  0.00000000E+00  9.43667983E-02  0.00000000E+00  0.00000000E+00 -5.76348372E-02
    0.716000      1   0.00000000E+00  0.00000000E+00  2.69518127E-03  0.00000000E+00  0.00000000E+00  0.00000000E+00  0.00000000E+00  0.00000000E+00  9.43091439E-02  0.00000000E+00  0.00000000E+00 -5.76544173E-02
    0.717000      1   0.00000000E+00  0.00000000E+00  2.74990719E-03  0.00000000E+00  0.00000000E+00  0.00000000E+00  0.00000000E+00  0.00000000E+00  9.42514917E-02  0.00000000E+00  0.00000000E+00 -5.76521684E-02
    0.718000      1   0.00000000E+00  0.00000000E+00  2.66794575E-03  0.00000000E+00  0.00000000E+00  0.00000000E+00  0.00000000E+00  0.00000000E+00  9.41938533E-02  0.00000000E+00  0.00000000E+00 -5.76383741E-02
    0.719000      1   0.00000000E+00  0.00000000E+00  2.74257955E-03  0.00000000E+00  0.00000000E+00  0.00000000E+00  0.00000000E+00  0.00000000E+00  9.41362322E-02  0.00000000E+00  0.00000000E+00 -5.76211010E-02
    0.720000      1   0.00000000E+00  0.00000000E+00  2.69129067E-03  0.00000000E+00  0.00000000E+00  0.00000000E+00  0.00000000E+00  0.00000000E+00  9.40786147E-02  0.00000000E+00  0.00000000E+00 -5.76175470E-02
    0.721000      1   0.00000000E+00  0.00000000E+00  2.68791799E-03  0.00000000E+00  0.00000000E+00  0.00000000E+00  0.00000000E+00  0.00000000E+00  9.40210161E-02  0.00000000E+00  0.00000000E+00 -5.75985521E-02
    0.722000      1   0.00000000E+00  0.00000000E+00  2.69075954E-03  0.00000000E+00  0.00000000E+00  0.00000000E+00  0.00000000E+00  0.00000000E+00  9.39634191E-02  0.00000000E+00  0.00000000E+00 -5.75969977E-02
    0.723000      1   0.00000000E+00  0.00000000E+00  2.70031063E-03  0.00000000E+00  0.00000000E+00  0.00000000E+00  0.00000000E+00  0.00000000E+00  9.39058231E-02  0.00000000E+00  0.00000000E+00 -5.75960484E-02
    0.724000      1   0.00000000E+00  0.00000000E+00  2.66363130E-03  0.00000000E+00  0.00000000E+00  0.00000000E+00  0.00000000E+00  0.00000000E+00  9.38482306E-02  0.00000000E+00  0.00000000E+00 -5.75924768E-02
    0.725000      1   0.00000000E+00  0.00000000E+00  2.66759058E-03  0.00000000E+00  0.00000000E+00  0.00000000E+00  0.00000000E+00  0.00000000E+00  9.37906383E-02  0.00000000E+00  0.00000000E+00 -5.75922549E-02
    0.726000      1   0.00000000E+00  0.00000000E+00  2.59139263E-03  0.00000000E+00  0.00000000E+00  0.00000000E+00  0.00000000E+00  0.00000000E+00  9.37330350E-02  0.00000000E+00  0.00000000E+00 -5.76033789E-02
    0.727000      1   0.00000000E+00  0.00000000E+00  2.62741363E-03  0.00000000E+00  0.00000000E+00  0.00000000E+00  0.00000000E+00  0.00000000E+00  9.36754083E-02  0.00000000E+00  0.00000000E+00 -5.76266773E-02
    0.728000      1   0.00000000E+00  0.00000000E+00  2.69213870E-03  0.00000000E+00  0.00000000E+00  0.00000000E+00  0.00000000E+00  0.00000000E+00  9.36177397E-02  0.00000000E+00  0.00000000E+00 -5.76686304E-02
    0.729000      1   0.00000000E+00  0.00000000E+00  2.70325974E-03  0.00000000E+00  0.00000000E+00  0.00000000E+00  0.00000000E+00  0.00000000E+00  9.35600523E-02  0.00000000E+00  0.00000000E+00 -5.76873078E-02
    0.730000      1   0.00000000E+00  0.00000000E+00  2.63742368E-03  0.00000000E+00  0.00000000E+00  0.00000000E+00  0.00000000E+00  0.00000000E+00  9.35023696E-02  0.00000000E+00  0.00000000E+00 -5.76827618E-02
    0.731000      1   0.00000000E+00  0.00000000E+00  2.53406527E-03  0.00000000E+00  0.00000000E+00  0.00000000E+00  0.00000000E+00  0.00000000E+00  9.34446834E-02  0.00000000E+00  0.00000000E+00 -5.76862059E-02
    0.732000      1   0.00000000E+00  0.00000000E+00  2.68673295E-03  0.00000000E+00  0.00000000E+00  0.00000000E+00  0.00000000E+00  0.00000000E+00  9.33869538E-02  0.00000000E+00  0.00000000E+00 -5.77295493E-02
    0.733000      1   0.00000000E+00  0.00000000E+00  2.65523778E-03  0.00000000E+00  0.00000000E+00  0.00000000E+00  0.00000000E+00  0.00000000E+00  9.33291740E-02  0.00000000E+00  0.00000000E+00 -5.77798395E-02
    0.734000      1   0.00000000E+00  0.00000000E+00  2.70816263E-03  0.00000000E+00  0.00000000E+00  0.00000000E+00  0.00000000E+00  0.00000000E+00  9.32713884E-02  0.00000000E+00  0.00000000E+00 -5.77855610E-02
    0.735000      1   0.00000000E+00  0.00000000E+00  2.60994283E-03  0.00000000E+00  0.00000000E+00  0.00000000E+00  0.00000000E+00  0.00000000E+00  9.32135962E-02  0.00000000E+00  0.00000000E+00 -5.77922669E-02
    0.736000      1   0.00000000E+00  0.00000000E+00  2.71946859E-03  0.00000000E+00  0.00000000E+00  0.00000000E+00  0.00000000E+00  0.00000000E+00  9.31557972E-02  0.00000000E+00  0.00000000E+00 -5.77989604E-02
    0.737000      1   0.00000000E+00  0.00000000E+00  2.73047395E-03  0.00000000E+00  0.00000000E+00  0.00000000E+00  0.00000000E+00  0.00000000E+00  9.30979787E-02  0.00000000E+00  0.00000000E+00 -5.78185424E-02
    0.738000      1   0.00000000E+00  0.00000000E+00  2.74749379E-03  0.00000000E+00  0.00000000E+00  0.00000000E+00  0.00000000E+00  0.00000000E+00  9.30401785E-02  0.00000000E+00  0.00000000E+00 -5.78002084E-02
    0.739000      1   0.00000000E+00  0.00000000E+00  2.67147429E-03  0.00000000E+00  0.00000000E+00  0.00000000E+00  0.00000000E+00  0.00000000E+00  9.29824032E-02  0.00000000E+00  0.00000000E+00 -5.77752502E-02
    0.740000      1   0.00000000E+00  0.00000000E+00  2.64137690E-03  0.00000000E+00  0.00000000E+00  0.00000000E+00  0.00000000E+00  0.00000000E+00  9.29246451E-02  0.00000000E+00  0.00000000E+00 -5.77581457E-02
    0.741000      1   0.00000000E+00  0.00000000E+00  2.74739490E-03  0.00000000E+00  0.00000000E+00  0.00000000E+00  0.00000000E+00  0.00000000E+00  9.28668737E-02  0.00000000E+00  0.00000000E+00 -5.77713295E-02
    0.742000      1   0.00000000E+00  0.00000000E+00  2.74484045E-03  0.00000000E+00  0.00000000E+00  0.00000000E+00  0.00000000E+00  0.00000000E+00  9.28090981E-02  0.00000000E+00  0.00000000E+00 -5.77756497E-02
    0.743000      1   0.00000000E+00  0.00000000E+00  2.70300277E-03  0.00000000E+00  0.00000000E+00  0.00000000E+00  0.00000000E+00  0.00000000E+00  9.27513525E-02  0.00000000E+00  0.00000000E+00 -5.77456037E-02
    0.744000      1   0.00000000E+00  0.00000000E+00  2.65718989E-03  0.00000000E+00  0.00000000E+00  0.00000000E+00  0.00000000E+00  0.00000000E+00  9.26936287E-02  0.00000000E+00  0.00000000E+00 -5.77237951E-02
    0.745000      1   0.00000000E+00  0.00000000E+00  2.61309274E-03  0.00000000E+00  0.00000000E+00  0.00000000E+00  0.00000000E+00  0.00000000E+00  9.26359049E-02  0.00000000E+00  0.00000000E+00 -5.77238281E-02
    0.746000      1   0.00000000E+00  0.00000000E+00  2.60668198E-03  0.00000000E+00  0.00000000E+00  0.00000000E+00  0.00000000E+00  0.00000000E+00  9.25781581E-02  0.00000000E+00  0.00000000E+00 -5.77467049E-02
    0.747000      1   0.00000000E+00  0.00000000E+00  2.70847271E-03  0.00000000E+00  0.00000000E+00  0.00000000E+00  0.00000000E+00  0.00000000E+00  9.25203729E-02  0.00000000E+00  0.00000000E+00 -5.77851975E-02
    0.748000      1   0.00000000E+00  0.00000000E+00  2.68813660E-03  0.00000000E+00  0.00000000E+00  0.00000000E+00  0.00000000E+00  0.00000000E+00  9.24625652E-02  0.00000000E+00  0.00000000E+00 -5.78077949E-02
    0.749000      1   0.00000000E+00  0.00000000E+00  2.65103476E-03  0.00000000E+00  0.00000000E+00  0.00000000E+00  0.00000000E+00  0.00000000E+00  9.24047646E-02  0.00000000E+00  0.00000000E+00 -5.78005590E-02
    0.750000      1   0.00000000E+00  0.00000000E+00  2.56457395E-03  0.00000000E+00  0.00000000E+00  0.00000000E+00  0.00000000E+00  0.00000000E+00  9.23469580E-02  0.00000000E+00  0.00000000E+00 -5.78065627E-02
    0.751000      1   0.00000000E+00  0.00000000E+00  2.67505077E-03  0.00000000E+00  0.00000000E+00  0.00000000E+00  0.00000000E+00  0.00000000E+00  9.22891180E-02  0.00000000E+00  0.00000000E+00 -5.78400409E-02
    0.752000      1   0.00000000E+00  0.00000000E+00  2.62393462E-03  0.00000000E+00  0.00000000E+00  0.00000000E+00  0.00000000E+00  0.00000000E+00  9.22312356E-02  0.00000000E+00  0.00000000E+00 -5.78823776E-02
    0.753000      1   0.00000000E+00  0.00000000E+00  2.72529393E-03  0.00000000E+00  0.00000000E+00  0.00000000E+00  0.00000000E+00  0.00000000E+00  9.21733381E-02  0.00000000E+00  0.00000000E+00 -5.78974713E-02
    0.754000      1   0.00000000E+00  0.00000000E+00  2.65540805E-03  0.00000000E+00  0.00000000E+00  0.00000000E+00  0.00000000E+00  0.00000000E+00  9.21154267E-02  0.00000000E+00  0.00000000E+00 -5.79114280E-02
    0.755000      1   0.00000000E+00  0.00000000E+00  2.74686265E-03  0.00000000E+00  0.00000000E+00  0.00000000E+00  0.00000000E+00  0.00000000E+00  9.20575223E-02  0.00000000E+00  0.00000000E+00 -5.79044554E-02
    0.756000      1   0.00000000E+00  0.00000000E+00  2.74843175E-03  0.00000000E+00  0.00000000E+00  0.00000000E+00  0.00000000E+00  0.00000000E+00  9.19996180E-02  0.00000000E+00  0.00000000E+00 -5.79042617E-02
    0.757000      1   0.00000000E+00  0.00000000E+00  2.71806728E-03  0.00000000E+00  0.00000000E+00  0.00000000E+00  0.00000000E+00  0.00000000E+00  9.19417442E-02  0.00000000E+00  0.00000000E+00 -5.78737554E-02
    0.758000      1   0.00000000E+00  0.00000000E+00  2.67773128E-03  0.00000000E+00  0.00000000E+00  0.00000000E+00  0.00000000E+00  0.00000000E+00  9.18838961E-02  0.00000000E+00  0.00000000E+00 -5.78481033E-02
    0.759000      1   0.00000000E+00  0.00000000E+00  2.66503034E-03  0.00000000E+00  0.00000000E+00  0.00000000E+00  0.00000000E+00  0.00000000E+00  9.18260566E-02  0.00000000E+00  0.00000000E+00 -5.78395565E-02
    0.760000      1   0.00000000E+00  0.00000000E+00  2.71801321E-03  0.00000000E+00  0.00000000E+00  0.00000000E+00  0.00000000E+00  0.00000000E+00  9.17682101E-02  0.00000000E+00  0.00000000E+00 -5.78465025E-02
    0.761000      1   0.00000000E+00  0.00000000E+00  2.68751762E-03  0.00000000E+00  0.00000000E+00  0.00000000E+00  0.00000000E+00  0.00000000E+00  9.17103618E-02  0.00000000E+00  0.00000000E+00 -5.78482504E-02
    0.762000      1   0.00000000E+00  0.00000000E+00  2.69261765E-03  0.00000000E+00  0.00000000E+00  0.00000000E+00  0.00000000E+00  0.00000000E+00  9.16525238E-02  0.00000000E+00  0.00000000E+00 -5.78379906E-02
    0.763000      1   0.00000000E+00  0.00000000E+00  2.64928166E-03  0.00000000E+00  0.00000000E+00  0.00000000E+00  0.00000000E+00  0.00000000E+00  9.15946870E-02  0.00000000E+00  0.00000000E+00 -5.78368442E-02
    0.764000      1   0.00000000E+00  0.00000000E+00  2.61609246E-03  0.00000000E+00  0.00000000E+00  0.00000000E+00  0.00000000E+00  0.00000000E+00  9.15368453E-02  0.00000000E+00  0.00000000E+00 -5.78416864E-02
    0.765000      1   0.00000000E+00  0.00000000E+00  2.60514115E-03  0.00000000E+00  0.00000000E+00  0.00000000E+00  0.00000000E+00  0.00000000E+00  9.14789787E-02  0.00000000E+00  0.00000000E+00 -5.78666298E-02
    0.766000      1   0.00000000E+00  0.00000000E+00  2.70157773E-03  0.00000000E+00  0.00000000E+00  0.00000000E+00  0.00000000E+00  0.00000000E+00  9.14210743E-02  0.00000000E+00  0.00000000E+00 -5.79044098E-02
    0.767000      1   0.00000000E+00  0.00000000E+00  2.62995936E-03  0.00000000E+00  0.00000000E+00  0.00000000E+00  0.00000000E+00  0.00000000E+00  9.13631455E-02  0.00000000E+00  0.00000000E+00 -5.79287325E-02
    0.768000      1   0.00000000E+00  0.00000000E+00  2.66861284E-03  0.00000000E+00  0.00000000E+00  0.00000000E+00  0.00000000E+00  0.00000000E+00  9.13052115E-02  0.00000000E+00  0.00000000E+00 -5.79340490E-02
    0.769000      1   0.00000000E+00  0.00000000E+00  2.62055834E-03  0.00000000E+00  0.00000000E+00  0.00000000E+00  0.00000000E+00  0.00000000E+00  9.12472554E-02  0.00000000E+00  0.00000000E+00 -5.79560505E-02
    0.770000      1   0.00000000E+00  0.00000000E+00  2.66223243E-03  0.00000000E+00  0.00000000E+00  0.00000000E+00  0.00000000E+00  0.00000000E+00  9.11892816E-02  0.00000000E+00  0.00000000E+00 -5.79738556E-02
    0.771000      1   0.00000000E+00  0.00000000E+00  2.63903378E-03  0.00000000E+00  0.00000000E+00  0.00000000E+00  0.00000000E+00  0.00000000E+00  9.11312815E-02  0.00000000E+00  0.00000000E+00 -5.80000729E-02
    0.772000      1   0.00000000E+00  0.00000000E+00  2.70255862E-03  0.00000000E+00  0.00000000E+00  0.00000000E+00  0.00000000E+00  0.00000000E+00  9.10732648E-02  0.00000000E+00  0.00000000E+00 -5.80167063E-02
    0.773000      1   0.00000000E+00  0.00000000E+00  2.65350585E-03  0.00000000E+00  0.00000000E+00  0.00000000E+00  0.00000000E+00  0.00000000E+00  9.10152351E-02  0.00000000E+00  0.00000000E+00 -5.80297247E-02
    0.774000      1   0.00000000E+00  0.00000000E+00  2.71930691E-03  0.00000000E+00  0.00000000E+00  0.00000000E+00  0.00000000E+00  0.00000000E+00  9.09572045E-02  0.00000000E+00  0.00000000E+00 -5.80305551E-02
    0.775000      1   0.00000000E+00  0.00000000E+00  2.71280370E-03  0.00000000E+00  0.00000000E+00  0.00000000E+00  0.00000000E+00  0.00000000E+00  9.08991687E-02  0.00000000E+00  0.00000000E+00 -5.80358590E-02
    0.776000      1   0.00000000E+00  0.00000000E+00  2.66869919E-03  0.00000000E+00  0.00000000E+00  0.00000000E+00  0.00000000E+00  0.00000000E+00  9.08411480E-02  0.00000000E+00  0.00000000E+00 -5.80207028E-02
    0.777000      1   0.00000000E+00  0.00000000E+00  2.73193611E-03  0.00000000E+00  0.00000000E+00  0.00000000E+00  0.00000000E+00  0.00000000E+00  9.07831325E-02  0.00000000E+00  0.00000000E+00 -5.80154818E-02
    0.778000      1   0.00000000E+00  0.00000000E+00  2.71037603E-03  0.00000000E+00  0.00000000E+00  0.00000000E+00  0.00000000E+00  0.00000000E+00  9.07251189E-02  0.00000000E+00  0.00000000E+00 -5.80135626E-02
    0.779000      1   0.00000000E+00  0.00000000E+00  2.75140469E-03  0.00000000E+00  0.00000000E+00  0.00000000E+00  0.00000000E+00  0.00000000E+00  9.06671242E-02  0.00000000E+00  0.00000000E+00 -5.79946881E-02
    0.780000      1   0.00000000E+00  0.00000000E+00  2.68628654E-03  0.00000000E+00  0.00000000E+00  0.00000000E+00  0.00000000E+00  0.00000000E+00  9.06091486E-02  0.00000000E+00  0.00000000E+00 -5.79756388E-02
    0.781000      1   0.00000000E+00  0.00000000E+00  2.67511137E-03  0.00000000E+00  0.00000000E+00  0.00000000E+00  0.00000000E+00  0.00000000E+00  9.05511940E-02  0.00000000E+00  0.00000000E+00 -5.79546305E-02
    0.782000      1   0.00000000E+00  0.00000000E+00  2.66611116E-03  0.00000000E+00  0.00000000E+00  0.00000000E+00  0.00000000E+00  0.00000000E+00  9.04932370E-02  0.00000000E+00  0.00000000E+00 -5.79569842E-02
    0.783000      1   0.00000000E+00  0.00000000E+00  2.66879635E-03  0.00000000E+00  0.00000000E+00  0.00000000E+00  0.00000000E+00  0.00000000E+00  9.04352724E-02  0.00000000E+00  0.00000000E+00 -5.79645996E-02
    0.784000      1   0.00000000E+00  0.00000000E+00  2.61981973E-03  0.00000000E+00  0.00000000E+00  0.00000000E+00  0.00000000E+00  0.00000000E+00  9.03772977E-02  0.00000000E+00  0.00000000E+00 -5.79746959E-02
    0.785000      1   0.00000000E+00  0.00000000E+00  2.68134333E-03  0.00000000E+00  0.00000000E+00  0.00000000E+00  0.00000000E+00  0.00000000E+00  9.03193051E-02  0.00000000E+00  0.00000000E+00 -5.79925713E-02
    0.786000      1   0.00000000E+00  0.00000000E+00  2.62659198E-03  0.00000000E+00  0.00000000E+00  0.00000000E+00  0.00000000E+00  0.00000000E+00  9.02612895E-02  0.00000000E+00  0.00000000E+00 -5.80156517E-02
    0.787000      1   0.00000000E+00  0.00000000E+00  2.67599392E-03  0.00000000E+00  0.00000000E+00  0.00000000E+00  0.00000000E+00  0.00000000E+00  9.02032612E-02  0.00000000E+00  0.00000000E+00 -5.80282089E-02
    0.788000      1   0.00000000E+00  0.00000000E+00  2.63477710E-03  0.00000000E+00  0.00000000E+00  0.00000000E+00  0.00000000E+00  0.00000000E+00  9.01452112E-02  0.00000000E+00  0.00000000E+00 -5.80500111E-02
    0.789000      1   0.00000000E+00  0.00000000E+00  2.63558530E-03  0.00000000E+00  0.00000000E+00  0.00000000E+00  0.00000000E+00  0.00000000E+00  9.00871484E-02  0.00000000E+00  0.00000000E+00 -5.80628777E-02
    0.790000      1   0.00000000E+00  0.00000000E+00  2.68362188E-03  0.00000000E+00  0.00000000E+00  0.00000000E+00  0.00000000E+00  0.00000000E+00  9.00290592E-02  0.00000000E+00  0.00000000E+00 -5.80891376E-02
    0.791000      1   0.00000000E+00  0.00000000E+00  2.70850115E-03  0.00000000E+00  0.00000000E+00  0.00000000E+00  0.00000000E+00  0.00000000E+00  8.99709526E-02  0.00000000E+00  0.00000000E+00 -5.81066373E-02
    0.792000      1   0.00000000E+00  0.00000000E+00  2.65582304E-03  0.00000000E+00  0.00000000E+00  0.00000000E+00  0.00000000E+00  0.00000000E+00  8.99128486E-02  0.00000000E+00  0.00000000E+00 -5.81039615E-02
    0.793000      1   0.00000000E+00  0.00000000E+00  2.71848308E-03  0.00000000E+00  0.00000000E+00  0.00000000E+00  0.00000000E+00  0.00000000E+00  8.98547462E-02  0.00000000E+00  0.00000000E+00 -5.81024305E-02
    0.794000      1   0.00000000E+00  0.00000000E+00  2.73364796E-03  0.00000000E+00  0.00000000E+00  0.00000000E+00  0.00000000E+00  0.00000000E+00  8.97966391E-02  0.00000000E+00  0.00000000E+00 -5.81071191E-02
    0.795000      1   0.00000000E+00  0.00000000E+00  2.66353951E-03  0.00000000E+00  0.00000000E+00  0.00000000E+00  0.00000000E+00  0.00000000E+00  8.97385505E-02  0.00000000E+00  0.00000000E+00 -5.80885474E-02
    0.796000      1   0.00000000E+00  0.00000000E+00  2.73972698E-03  0.00000000E+00  0.00000000E+00  0.00000000E+00  0.00000000E+00  0.00000000E+00  8.96804731E-02  0.00000000E+00  0.00000000E+00 -5.80773932E-02
    0.797000      1   0.00000000E+00  0.00000000E+00  2.71766758E-03  0.00000000E+00  0.00000000E+00  0.00000000E+00  0.00000000E+00  0.00000000E+00  8.96223973E-02  0.00000000E+00  0.00000000E+00 -5.80757908E-02
    0.798000      1   0.00000000E+00  0.00000000E+00  2.71872615E-03  0.00000000E+00  0.00000000E+00  0.00000000E+00  0.00000000E+00  0.00000000E+00  8.95643443E-02  0.00000000E+00  0.00000000E+00 -5.80530683E-02
    0.799000      1   0.00000000E+00  0.00000000E+00  2.67087352E-03  0.00000000E+00  0.00000000E+00  0.00000000E+00  0.00000000E+00  0.00000000E+00  8.95063069E-02  0.00000000E+00  0.00000000E+00 -5.80374032E-02
    0.800000      1   0.00000000E+00  0.00000000E+00  2.69081528E-03  0.00000000E+00  0.00000000E+00  0.00000000E+00  0.00000000E+00  0.00000000E+00  8.94482770E-02  0.00000000E+00  0.00000000E+00 -5.80298526E-02
    0.801000      1   0.00000000E+00  0.00000000E+00  2.65639461E-03  0.00000000E+00  0.00000000E+00  0.00000000E+00  0.00000000E+00  0.00000000E+00  8.93902425E-02  0.00000000E+00  0.00000000E+00 -5.80344911E-02
    0.802000      1   0.00000000E+00  0.00000000E+00  2.65174601E-03  0.00000000E+00  0.00000000E+00  0.00000000E+00  0.00000000E+00  0.00000000E+00  8.93322039E-02  0.00000000E+00  0.00000000E+00 -5.80386673E-02
    0.803000      1   0.00000000E+00  0.00000000E+00  2.62737046E-03  0.00000000E+00  0.00000000E+00  0.00000000E+00  0.00000000E+00  0.00000000E+00  8.92741489E-02  0.00000000E+00  0.00000000E+00 -5.80549699E-02
    0.804000      1   0.00000000E+00  0.00000000E+00  2.66942280E-03  0.00000000E+00  0.00000000E+00  0.00000000E+00  0.00000000E+00  0.00000000E+00  8.92160718E-02  0.00000000E+00  0.00000000E+00 -5.80771096E-02
    0.805000      1   0.00000000E+00  0.00000000E+00  2.59808463E-03  0.00000000E+00  0.00000000E+00  0.00000000E+00  0.00000000E+00  0.00000000E+00  8.91579720E-02  0.00000000E+00  0.00000000E+00 -5.80998182E-02
    0.806000      1   0.00000000E+00  0.00000000E+00  2.67231272E-03  0.00000000E+00  0.00000000E+00  0.00000000E+00  0.00000000E+00  0.00000000E+00  8.90998506E-02  0.00000000E+00  0.00000000E+00 -5.81213315E-02
    0.807000      1   0.00000000E+00  0.00000000E+00  2.67185654E-03  0.00000000E+00  0.00000000E+00  0.00000000E+00  0.00000000E+00  0.00000000E+00  8.90416975E-02  0.00000000E+00  0.00000000E+00 -5.81531469E-02
    0.808000      1   0.00000000E+00  0.00000000E+00  2.64289738E-03  0.00000000E+00  0.00000000E+00  0.00000000E+00  0.00000000E+00  0.00000000E+00  8.89835368E-02  0.00000000E+00  0.00000000E+00 -5.81606654E-02
    0.809000      1   0.00000000E+00  0.00000000E+00  2.67401501E-03  0.00000000E+00  0.00000000E+00  0.00000000E+00  0.00000000E+00  0.00000000E+00  8.89253634E-02  0.00000000E+00  0.00000000E+00 -5.81734548E-02
    0.810000      1   0.00000000E+00  0.00000000E+00  2.67572672E-03  0.00000000E+00  0.00000000E+00  0.00000000E+00  0.00000000E+00  0.00000000E+00  8.88671731E-02  0.00000000E+00  0.00000000E+00 -5.81902520E-02
    0.811000      1   0.00000000E+00  0.00000000E+00  2.65873249E-03  0.00000000E+00  0.00000000E+00  0.00000000E+00  0.00000000E+00  0.00000000E+00  8.88089766E-02  0.00000000E+00  0.00000000E+00 -5.81965270E-02
    0.812000      1   0.00000000E+00  0.00000000E+00  2.72785997E-03  0.00000000E+00  0.00000000E+00  0.00000000E+00  0.00000000E+00  0.00000000E+00  8.87507713E-02  0.00000000E+00  0.00000000E+00 -5.82052451E-02
    0.813000      1   0.00000000E+00  0.00000000E+00  2.71125518E-03  0.00000000E+00  0.00000000E+00  0.00000000E+00  0.00000000E+00  0.00000000E+00  8.86925640E-02  0.00000000E+00  0.00000000E+00 -5.82073200E-02
    0.814000      1   0.00000000E+00  0.00000000E+00  2.64093879E-03  0.00000000E+00  0.00000000E+00  0.00000000E+00  0.00000000E+00  0.00000000E+00  8.86343744E-02  0.00000000E+00  0.00000000E+00 -5.81896287E-02
    0.815000      1   0.00000000E+00  0.00000000E+00  2.74565200E-03  0.00000000E+00  0.00000000E+00  0.00000000E+00  0.00000000E+00  0.00000000E+00  8.85761846E-02  0.00000000E+00  0.00000000E+00 -5.81898253E-02
    0.816000      1   0.00000000E+00  0.00000000E+00  2.71383093E-03  0.00000000E+00  0.00000000E+00  0.00000000E+00  0.00000000E+00  0.00000000E+00  8.85179900E-02  0.00000000E+00  0.00000000E+00 -5.81945976E-02
    0.817000      1   0.00000000E+00  0.00000000E+00  2.71907613E-03  0.00000000E+00  0.00000000E+00  0.00000000E+00  0.00000000E+00  0.00000000E+00  8.84598194E-02  0.00000000E+00  0.00000000E+00 -5.81706076E-02
    0.818000      1   0.00000000E+00  0.00000000E+00  2.69771747E-03  0.00000000E+00  0.00000000E+00  0.00000000E+00  0.00000000E+00  0.00000000E+00  8.84016632E-02  0.00000000E+00  0.00000000E+00 -5.81561406E-02
    0.819000      1   0.00000000E+00  0.00000000E+00  2.72913124E-03  0.00000000E+00  0.00000000E+00  0.00000000E+00  0.00000000E+00  0.00000000E+00  8.83435195E-02  0.00000000E+00  0.00000000E+00 -5.81437281E-02
    0.820000      1   0.00000000E+00  0.00000000E+00  2.66928853E-03  0.00000000E+00  0.00000000E+00  0.00000000E+00  0.00000000E+00  0.00000000E+00  8.82853867E-02  0.00000000E+00  0.00000000E+00 -5.81327749E-02
    0.821000      1   0.00000000E+00  0.00000000E+00  2.65074519E-03  0.00000000E+00  0.00000000E+00  0.00000000E+00  0.00000000E+00  0.00000000E+00  8.82272646E-02  0.00000000E+00  0.00000000E+00 -5.81220874E-02
    0.822000      1   0.00000000E+00  0.00000000E+00  2.63275093E-03  0.00000000E+00  0.00000000E+00  0.00000000E+00  0.00000000E+00  0.00000000E+00  8.81691303E-02  0.00000000E+00  0.00000000E+00 -5.81343324E-02
    0.823000      1   0.00000000E+00  0.00000000E+00  2.67993309E-03  0.00000000E+00  0.00000000E+00  0.00000000E+00  0.00000000E+00  0.00000000E+00  8.81109744E-02  0.00000000E+00  0.00000000E+00 -5.81558494E-02
    0.824000      1   0.00000000E+00  0.00000000E+00  2.60915237E-03  0.00000000E+00  0.00000000E+00  0.00000000E+00  0.00000000E+00  0.00000000E+00  8.80527995E-02  0.00000000E+00  0.00000000E+00 -5.81749323E-02
    0.825000      1   0.00000000E+00  0.00000000E+00  2.67235313E-03  0.00000000E+00  0.00000000E+00  0.00000000E+00  0.00000000E+00  0.00000000E+00  8.79946085E-02  0.00000000E+00  0.00000000E+00 -5.81910366E-02
    0.826000      1   0.00000000E+00  0.00000000E+00  2.68957392E-03  0.00000000E+00  0.00000000E+00  0.00000000E+00  0.00000000E+00  0.00000000E+00  8.79363893E-02  0.00000000E+00  0.00000000E+00 -5.82192101E-02
    0.827000      1   0.00000000E+00  0.00000000E+00  2.62086929E-03  0.00000000E+00  0.00000000E+00  0.00000000E+00  0.00000000E+00  0.00000000E+00  8.78781657E-02  0.00000000E+00  0.00000000E+00 -5.82235822E-02
    0.828000      1   0.00000000E+00  0.00000000E+00  2.66925745E-03  0.00000000E+00  0.00000000E+00  0.00000000E+00  0.00000000E+00  0.00000000E+00  8.78199312E-02  0.00000000E+00  0.00000000E+00 -5.82344484E-02
    0.829000      1   0.00000000E+00  0.00000000E+00  2.61193815E-03  0.00000000E+00  0.00000000E+00  0.00000000E+00  0.00000000E+00  0.00000000E+00  8.77616719E-02  0.00000000E+00  0.00000000E+00 -5.82593212E-02
    0.830000      1   0.00000000E+00  0.00000000E+00  2.69288339E-03  0.00000000E+00  0.00000000E+00  0.00000000E+00  0.00000000E+00  0.00000000E+00  8.77033935E-02  0.00000000E+00  0.00000000E+00 -5.82784390E-02
    0.831000      1   0.00000000E+00  0.00000000E+00  2.77418041E-03  0.00000000E+00  0.00000000E+00  0.00000000E+00  0.00000000E+00  0.00000000E+00  8.76450914E-02  0.00000000E+00  0.00000000E+00 -5.83020670E-02
    0.832000      1   0.00000000E+00  0.00000000E+00  2.74807338E-03  0.00000000E+00  0.00000000E+00  0.00000000E+00  0.00000000E+00  0.00000000E+00  8.75868067E-02  0.00000000E+00  0.00000000E+00 -5.82847350E-02
    0.833000      1   0.00000000E+00  0.00000000E+00  2.63867844E-03  0.00000000E+00  0.00000000E+00  0.00000000E+00  0.00000000E+00  0.00000000E+00  8.75285614E-02  0.00000000E+00  0.00000000E+00 -5.82453205E-02
    0.834000      1   0.00000000E+00  0.00000000E+00  2.74684152E-03  0.00000000E+00  0.00000000E+00  0.00000000E+00  0.00000000E+00  0.00000000E+00  8.74703275E-02  0.00000000E+00  0.00000000E+00 -5.82338252E-02
    0.835000      1   0.00000000E+00  0.00000000E+00  2.71396049E-03  0.00000000E+00  0.00000000E+00  0.00000000E+00  0.00000000E+00  0.00000000E+00  8.74120884E-02  0.00000000E+00  0.00000000E+00 -5.82391294E-02
    0.836000      1   0.00000000E+00  0.00000000E+00  2.70720204E-03  0.00000000E+00  0.00000000E+00  0.00000000E+00  0.00000000E+00  0.00000000E+00  8.73538737E-02  0.00000000E+00  0.00000000E+00 -5.82147259E-02
    0.837000      1   0.00000000E+00  0.00000000E+00  2.68013725E-03  0.00000000E+00  0.00000000E+00  0.00000000E+00  0.00000000E+00  0.00000000E+00  8.72956714E-02  0.00000000E+00  0.00000000E+00 -5.82023162E-02
    0.838000      1   0.00000000E+00  0.00000000E+00  2.70372506E-03  0.00000000E+00  0.00000000E+00  0.00000000E+00  0.00000000E+00  0.00000000E+00  8.72374744E-02  0.00000000E+00  0.00000000E+00 -5.81969121E-02
    0.839000      1   0.00000000E+00  0.00000000E+00  2.66334130E-03  0.00000000E+00  0.00000000E+00  0.00000000E+00  0.00000000E+00  0.00000000E+00  8.71792782E-02  0.00000000E+00  0.00000000E+00 -5.81962253E-02
    0.840000      1   0.00000000E+00  0.00000000E+00  2.68430533E-03  0.00000000E+00  0.00000000E+00  0.00000000E+00  0.00000000E+00  0.00000000E+00  8.71210833E-02  0.00000000E+00  0.00000000E+00 -5.81949333E-02
    0.841000      1   0.00000000E+00  0.00000000E+00  2.61838589E-03  0.00000000E+00  0.00000000E+00  0.00000000E+00  0.00000000E+00  0.00000000E+00  8.70628801E-02  0.00000000E+00  0.00000000E+00 -5.82031967E-02
    0.842000      1   0.00000000E+00  0.00000000E+00  2.64320807E-03  0.00000000E+00  0.00000000E+00  0.00000000E+00  0.00000000E+00  0.00000000E+00  8.70046639E-02  0.00000000E+00  0.00000000E+00 -5.82162323E-02
    0.843000      1   0.00000000E+00  0.00000000E+00  2.61044120E-03  0.00000000E+00  0.00000000E+00  0.00000000E+00  0.00000000E+00  0.00000000E+00  8.69464173E-02  0.00000000E+00  0.00000000E+00 -5.82465274E-02
    0.844000      1   0.00000000E+00  0.00000000E+00  2.67711334E-03  0.00000000E+00  0.00000000E+00  0.00000000E+00  0.00000000E+00  0.00000000E+00  8.68881429E-02  0.00000000E+00  0.00000000E+00 -5.82744648E-02
    0.845000      1   0.00000000E+00  0.00000000E+00  2.69975385E-03  0.00000000E+00  0.00000000E+00  0.00000000E+00  0.00000000E+00  0.00000000E+00  8.68298415E-02  0.00000000E+00  0.00000000E+00 -5.83013732E-02
    0.846000      1   0.00000000E+00  0.00000000E+00  2.58987611E-03  0.00000000E+00  0.00000000E+00  0.00000000E+00  0.00000000E+00  0.00000000E+00  8.67715391E-02  0.00000000E+00  0.00000000E+00 -5.83023818E-02
    0.847000      1   0.00000000E+00  0.00000000E+00  2.67670847E-03  0.00000000E+00  0.00000000E+00  0.00000000E+00  0.00000000E+00  0.00000000E+00  8.67132237E-02  0.00000000E+00  0.00000000E+00 -5.83153855E-02
    0.848000      1   0.00000000E+00  0.00000000E+00  2.63458887E-03  0.00000000E+00  0.00000000E+00  0.00000000E+00  0.00000000E+00  0.00000000E+00  8.66548746E-02  0.00000000E+00  0.00000000E+00 -5.83491194E-02
    0.849000      1   0.00000000E+00  0.00000000E+00  2.67989123E-03  0.00000000E+00  0.00000000E+00  0.00000000E+00  0.00000000E+00  0.00000000E+00  8.65965128E-02  0.00000000E+00  0.00000000E+00 -5.83617846E-02
    0.850000      1   0.00000000E+00  0.00000000E+00  2.71689952E-03  0.00000000E+00  0.00000000E+00  0.00000000E+00  0.00000000E+00  0.00000000E+00  8.65381325E-02  0.00000000E+00  0.00000000E+00 -5.83802713E-02
    0.851000      1   0.00000000E+00  0.00000000E+00  2.72927033E-03  0.00000000E+00  0.00000000E+00  0.00000000E+00  0.00000000E+00  0.00000000E+00  8.64797552E-02  0.00000000E+00  0.00000000E+00 -5.83773356E-02
    0.852000      1   0.00000000E+00  0.00000000E+00  2.67857685E-03  0.00000000E+00  0.00000000E+00  0.00000000E+00  0.00000000E+00  0.00000000E+00  8.64213952E-02  0.00000000E+00  0.00000000E+00 -5.83600581E-02
    0.853000      1   0.00000000E+00  0.00000000E+00  2.73691232E-03  0.00000000E+00  0.00000000E+00  0.00000000E+00  0.00000000E+00  0.00000000E+00  8.63630475E-02  0.00000000E+00  0.00000000E+00 -5.83476824E-02
    0.854000      1   0.00000000E+00  0.00000000E+00  2.70072108E-03  0.00000000E+00  0.00000000E+00  0.00000000E+00  0.00000000E+00  0.00000000E+00  8.63047058E-02  0.00000000E+00  0.00000000E+00 -5.83416393E-02
    0.855000      1   0.00000000E+00  0.00000000E+00  2.72123153E-03  0.00000000E+00  0.00000000E+00  0.00000000E+00  0.00000000E+00  0.00000000E+00  8.62463830E-02  0.00000000E+00  0.00000000E+00 -5.83228379E-02
    0.856000      1   0.00000000E+00  0.00000000E+00  2.70713303E-03  0.00000000E+00  0.00000000E+00  0.00000000E+00  0.00000000E+00  0.00000000E+00  8.61880707E-02  0.00000000E+00  0.00000000E+00 -5.83122952E-02
    0.857000      1   0.00000000E+00  0.00000000E+00  2.70888233E-03  0.00000000E+00  0.00000000E+00  0.00000000E+00  0.00000000E+00  0.00000000E+00  8.61297732E-02  0.00000000E+00  0.00000000E+00 -5.82975098E-02
    0.858000      1   0.00000000E+00  0.00000000E+00  2.67951140E-03  0.00000000E+00  0.00000000E+00  0.00000000E+00  0.00000000E+00  0.00000000E+00  8.60714861E-02  0.00000000E+00  0.00000000E+00 -5.82870451E-02
    0.859000      1   0.00000000E+00  0.00000000E+00  2.67624256E-03  0.00000000E+00  0.00000000E+00  0.00000000E+00  0.00000000E+00  0.00000000E+00  8.60132049E-02  0.00000000E+00  0.00000000E+00 -5.82811999E-02
    0.860000      1   0.00000000E+00  0.00000000E+00  2.63457627E-03  0.00000000E+00  0.00000000E+00  0.00000000E+00  0.00000000E+00  0.00000000E+00  8.59549194E-02  0.00000000E+00  0.00000000E+00 -5.82855786E-02
    0.861000      1   0.00000000E+00  0.00000000E+00  2.66439859E-03  0.00000000E+00  0.00000000E+00  0.00000000E+00  0.00000000E+00  0.00000000E+00  8.58966210E-02  0.00000000E+00  0.00000000E+00 -5.82983991E-02
    0.862000      1   0.00000000E+00  0.00000000E+00  2.67155102E-03  0.00000000E+00  0.00000000E+00  0.00000000E+00  0.00000000E+00  0.00000000E+00  8.58383013E-02  0.00000000E+00  0.00000000E+00 -5.83196296E-02
    0.863000      1   0.00000000E+00  0.00000000E+00  2.68061749E-03  0.00000000E+00  0.00000000E+00  0.00000000E+00  0.00000000E+00  0.00000000E+00  8.57799715E-02  0.00000000E+00  0.00000000E+00 -5.83298013E-02
    0.864000      1   0.00000000E+00  0.00000000E+00  2.66502161E-03  0.00000000E+00  0.00000000E+00  0.00000000E+00  0.00000000E+00  0.00000000E+00  8.57216355E-02  0.00000000E+00  0.00000000E+00 -5.83360206E-02
    0.865000      1   0.00000000E+00  0.00000000E+00  2.56972867E-03  0.00000000E+00  0.00000000E+00  0.00000000E+00  0.00000000E+00  0.00000000E+00  8.56632935E-02  0.00000000E+00  0.00000000E+00 -5.83420204E-02
    0.866000      1   0.00000000E+00  0.00000000E+00  2.67695591E-03  0.00000000E+00  0.00000000E+00  0.00000000E+00  0.00000000E+00  0.00000000E+00  8.56049235E-02  0.00000000E+00  0.00000000E+00 -5.83699935E-02
    0.867000      1   0.00000000E+00  0.00000000E+00  2.62222340E-03  0.00000000E+00  0.00000000E+00  0.00000000E+00  0.00000000E+00  0.00000000E+00  8.55465132E-02  0.00000000E+00  0.00000000E+00 -5.84103004E-02
    0.868000      1   0.00000000E+00  0.00000000E+00  2.72472222E-03  0.00000000E+00  0.00000000E+00  0.00000000E+00  0.00000000E+00  0.00000000E+00  8.54880881E-02  0.00000000E+00  0.00000000E+00 -5.84250710E-02
    0.869000      1   0.00000000E+00  0.00000000E+00  2.68051870E-03  0.00000000E+00  0.00000000E+00  0.00000000E+00  0.00000000E+00  0.00000000E+00  8.54296484E-02  0.00000000E+00  0.00000000E+00 -5.84396909E-02
    0.870000      1   0.00000000E+00  0.00000000E+00  2.76461431E-03  0.00000000E+00  0.00000000E+00  0.00000000E+00  0.00000000E+00  0.00000000E+00  8.53712200E-02  0.00000000E+00  0.00000000E+00 -5.84284655E-02
    0.871000      1   0.00000000E+00  0.00000000E+00  2.70475094E-03  0.00000000E+00  0.00000000E+00  0.00000000E+00  0.00000000E+00  0.00000000E+00  8.53128031E-02  0.00000000E+00  0.00000000E+00 -5.84168858E-02
    0.872000      1   0.00000000E+00  0.00000000E+00  2.74242590E-03  0.00000000E+00  0.00000000E+00  0.00000000E+00  0.00000000E+00  0.00000000E+00  8.52544148E-02  0.00000000E+00  0.00000000E+00 -5.83882740E-02
    0.873000      1   0.00000000E+00  0.00000000E+00  2.68923790E-03  0.00000000E+00  0.00000000E+00  0.00000000E+00  0.00000000E+00  0.00000000E+00  8.51960422E-02  0.00000000E+00  0.00000000E+00 -5.83726599E-02
    0.874000      1   0.00000000E+00  0.00000000E+00  2.70691824E-03  0.00000000E+00  0.00000000E+00  0.00000000E+00  0.00000000E+00  0.00000000E+00  8.51376881E-02  0.00000000E+00  0.00000000E+00 -5.83540785E-02
    0.875000      1   0.00000000E+00  0.00000000E+00  2.69481134E-03  0.00000000E+00  0.00000000E+00  0.00000000E+00  0.00000000E+00  0.00000000E+00  8.50793382E-02  0.00000000E+00  0.00000000E+00 -5.83498382E-02
    0.876000      1   0.00000000E+00  0.00000000E+00  2.69795682E-03  0.00000000E+00  0.00000000E+00  0.00000000E+00  0.00000000E+00  0.00000000E+00  8.50209963E-02  0.00000000E+00  0.00000000E+00 -5.83419324E-02
    0.877000      1   0.00000000E+00  0.00000000E+00  2.66634787E-03  0.00000000E+00  0.00000000E+00  0.00000000E+00  0.00000000E+00  0.00000000E+00  8.49626589E-02  0.00000000E+00  0.00000000E+00 -5.83374464E-02
    0.878000      1   0.00000000E+00  0.00000000E+00  2.67477013E-03  0.00000000E+00  0.00000000E+00  0.00000000E+00  0.00000000E+00  0.00000000E+00  8.49043213E-02  0.00000000E+00  0.00000000E+00 -5.83375172E-02
    0.879000      1   0.00000000E+00  0.00000000E+00  2.62798017E-03  0.00000000E+00  0.00000000E+00  0.00000000E+00  0.00000000E+00  0.00000000E+00  8.48459749E-02  0.00000000E+00  0.00000000E+00 -5.83464794E-02
    0.880000      1   0.00000000E+00  0.00000000E+00  2.63731292E-03  0.00000000E+00  0.00000000E+00  0.00000000E+00  0.00000000E+00  0.00000000E+00  8.47876139E-02  0.00000000E+00  0.00000000E+00 -5.83609498E-02
    0.881000      1   0.00000000E+00  0.00000000E+00  2.67466637E-03  0.00000000E+00  0.00000000E+00  0.00000000E+00  0.00000000E+00  0.00000000E+00  8.47292248E-02  0.00000000E+00  0.00000000E+00 -5.83891364E-02
    0.882000      1   0.00000000E+00  0.00000000E+00  2.69179946E-03  0.00000000E+00  0.00000000E+00  0.00000000E+00  0.00000000E+00  0.00000000E+00  8.46708171E-02  0.00000000E+00  0.00000000E+00 -5.84076525E-02
    0.883000      1   0.00000000E+00  0.00000000E+00  2.64930436E-03  0.00000000E+00  0.00000000E+00  0.00000000E+00  0.00000000E+00  0.00000000E+00  8.46124063E-02  0.00000000E+00  0.00000000E+00 -5.84108713E-02
    0.884000      1   0.00000000E+00  0.00000000E+00  2.56647286E-03  0.00000000E+00  0.00000000E+00  0.00000000E+00  0.00000000E+00  0.00000000E+00  8.45539903E-02  0.00000000E+00  0.00000000E+00 -5.84159781E-02
    0.885000      1   0.00000000E+00  0.00000000E+00  2.68497498E-03  0.00000000E+00  0.00000000E+00  0.00000000E+00  0.00000000E+00  0.00000000E+00  8.44955406E-02  0.00000000E+00  0.00000000E+00 -5.84496888E-02
    0.886000      1   0.00000000E+00  0.00000000E+00  2.64639631E-03  0.00000000E+00  0.00000000E+00  0.00000000E+00  0.00000000E+00  0.00000000E+00  8.44370509E-02  0.00000000E+00  0.00000000E+00 -5.84896468E-02
    0.887000      1   0.00000000E+00  0.00000000E+00  2.70703224E-03  0.00000000E+00  0.00000000E+00  0.00000000E+00  0.00000000E+00  0.00000000E+00  8.43785534E-02  0.00000000E+00  0.00000000E+00 -5.84975092E-02
    0.888000      1   0.00000000E+00  0.00000000E+00  2.63755444E-03  0.00000000E+00  0.00000000E+00  0.00000000E+00  0.00000000E+00  0.00000000E+00  8.43200461E-02  0.00000000E+00  0.00000000E+00 -5.85073186E-02
    0.889000      1   0.00000000E+00  0.00000000E+00  2.72000146E-03  0.00000000E+00  0.00000000E+00  0.00000000E+00  0.00000000E+00  0.00000000E+00  8.42615366E-02  0.00000000E+00  0.00000000E+00 -5.85095006E-02
    0.890000      1   0.00000000E+00  0.00000000E+00  2.76027442E-03  0.00000000E+00  0.00000000E+00  0.00000000E+00  0.00000000E+00  0.00000000E+00  8.42030167E-02  0.00000000E+00  0.00000000E+00 -5.85199203E-02
    0.891000      1   0.00000000E+00  0.00000000E+00  2.74821423E-03  0.00000000E+00  0.00000000E+00  0.00000000E+00  0.00000000E+00  0.00000000E+00  8.41445205E-02  0.00000000E+00  0.00000000E+00 -5.84961414E-02
    0.892000      1   0.00000000E+00  0.00000000E+00  2.65443921E-03  0.00000000E+00  0.00000000E+00  0.00000000E+00  0.00000000E+00  0.00000000E+00  8.40860593E-02  0.00000000E+00  0.00000000E+00 -5.84612689E-02
    0.893000      1   0.00000000E+00  0.00000000E+00  2.71351717E-03  0.00000000E+00  0.00000000E+00  0.00000000E+00  0.00000000E+00  0.00000000E+00  8.40276123E-02  0.00000000E+00  0.00000000E+00 -5.84469403E-02
    0.894000      1   0.00000000E+00  0.00000000E+00  2.73559261E-03  0.00000000E+00  0.00000000E+00  0.00000000E+00  0.00000000E+00  0.00000000E+00  8.39691594E-02  0.00000000E+00  0.00000000E+00 -5.84529614E-02
    0.895000      1   0.00000000E+00  0.00000000E+00  2.72194433E-03  0.00000000E+00  0.00000000E+00  0.00000000E+00  0.00000000E+00  0.00000000E+00  8.39107237E-02  0.00000000E+00  0.00000000E+00 -5.84356768E-02
    0.896000      1   0.00000000E+00  0.00000000E+00  2.68399478E-03  0.00000000E+00  0.00000000E+00  0.00000000E+00  0.00000000E+00  0.00000000E+00  8.38523101E-02  0.00000000E+00  0.00000000E+00 -5.84135557E-02
    0.897000      1   0.00000000E+00  0.00000000E+00  2.66546221E-03  0.00000000E+00  0.00000000E+00  0.00000000E+00  0.00000000E+00  0.00000000E+00  8.37939075E-02  0.00000000E+00  0.00000000E+00 -5.84026279E-02
    0.898000      1   0.00000000E+00  0.00000000E+00  2.62768760E-03  0.00000000E+00  0.00000000E+00  0.00000000E+00  0.00000000E+00  0.00000000E+00  8.37355001E-02  0.00000000E+00  0.00000000E+00 -5.84074406E-02
    0.899000      1   0.00000000E+00  0.00000000E+00  2.65815243E-03  0.00000000E+00  0.00000000E+00  0.00000000E+00  0.00000000E+00  0.00000000E+00  8.36770751E-02  0.00000000E+00  0.00000000E+00 -5.84250197E-02
    0.900000      1   0.00000000E+00  0.00000000E+00  2.68657336E-03  0.00000000E+00  0.00000000E+00  0.00000000E+00  0.00000000E+00  0.00000000E+00  8.36186254E-02  0.00000000E+00  0.00000000E+00 -5.84496171E-02
    0.901000      1   0.00000000E+00  0.00000000E+00  2.64541042E-03  0.00000000E+00  0.00000000E+00  0.00000000E+00  0.00000000E+00  0.00000000E+00  8.35601663E-02  0.00000000E+00  0.00000000E+00 -5.84591835E-02
    0.902000      1   0.00000000E+00  0.00000000E+00  2.65658382E-03  0.00000000E+00  0.00000000E+00  0.00000000E+00  0.00000000E+00  0.00000000E+00  8.35016996E-02  0.00000000E+00  0.00000000E+00 -5.84666953E-02
    0.903000      1   0.00000000E+00  0.00000000E+00  2.59619357E-03  0.00000000E+00  0.00000000E+00  0.00000000E+00  0.00000000E+00  0.00000000E+00  8.34432138E-02  0.00000000E+00  0.00000000E+00 -5.84857497E-02
    0.904000      1   0.00000000E+00  0.00000000E+00  2.68875745E-03  0.00000000E+00  0.00000000E+00  0.00000000E+00  0.00000000E+00  0.00000000E+00  8.33847020E-02  0.00000000E+00  0.00000000E+00 -5.85118139E-02
    0.905000      1   0.00000000E+00  0.00000000E+00  2.62092000E-03  0.00000000E+00  0.00000000E+00  0.00000000E+00  0.00000000E+00  0.00000000E+00  8.33261607E-02  0.00000000E+00  0.00000000E+00 -5.85413423E-02
    0.906000      1   0.00000000E+00  0.00000000E+00  2.72083581E-03  0.00000000E+00  0.00000000E+00  0.00000000E+00  0.00000000E+00  0.00000000E+00  8.32676082E-02  0.00000000E+00  0.00000000E+00 -5.85524677E-02
    0.907000      1   0.00000000E+00  0.00000000E+00  2.66790043E-03  0.00000000E+00  0.00000000E+00  0.00000000E+00  0.00000000E+00  0.00000000E+00  8.32090400E-02  0.00000000E+00  0.00000000E+00 -5.85682029E-02
    0.908000      1   0.00000000E+00  0.00000000E+00  2.75288689E-03  0.00000000E+00  0.00000000E+00  0.00000000E+00  0.00000000E+00  0.00000000E+00  8.31504795E-02  0.00000000E+00  0.00000000E+00 -5.85604852E-02
    0.909000      1   0.00000000E+00  0.00000000E+00  2.75007531E-03  0.00000000E+00  0.00000000E+00  0.00000000E+00  0.00000000E+00  0.00000000E+00  8.30919244E-02  0.00000000E+00  0.00000000E+00 -5.85551234E-02
    0.910000      1   0.00000000E+00  0.00000000E+00  2.74111574E-03  0.00000000E+00  0.00000000E+00  0.00000000E+00  0.00000000E+00  0.00000000E+00  8.30334020E-02  0.00000000E+00  0.00000000E+00 -5.85223480E-02
    0.911000      1   0.00000000E+00  0.00000000E+00  2.65803564E-03  0.00000000E+00  0.00000000E+00  0.00000000E+00  0.00000000E+00  0.00000000E+00  8.29749099E-02  0.00000000E+00  0.00000000E+00 -5.84920804E-02
    0.912000      1   0.00000000E+00  0.00000000E+00  2.70359447E-03  0.00000000E+00  0.00000000E+00  0.00000000E+00  0.00000000E+00  0.00000000E+00  8.29164305E-02  0.00000000E+00  0.00000000E+00 -5.84794470E-02
    0.913000      1   0.00000000E+00  0.00000000E+00  2.71099292E-03  0.00000000E+00  0.00000000E+00  0.00000000E+00  0.00000000E+00  0.00000000E+00  8.28579445E-02  0.00000000E+00  0.00000000E+00 -5.84860418E-02
    0.914000      1   0.00000000E+00  0.00000000E+00  2.70683281E-03  0.00000000E+00  0.00000000E+00  0.00000000E+00  0.00000000E+00  0.00000000E+00  8.27994681E-02  0.00000000E+00  0.00000000E+00 -5.84763660E-02
    0.915000      1   0.00000000E+00  0.00000000E+00  2.67740686E-03  0.00000000E+00  0.00000000E+00  0.00000000E+00  0.00000000E+00  0.00000000E+00  8.27410031E-02  0.00000000E+00  0.00000000E+00 -5.84649962E-02
    0.916000      1   0.00000000E+00  0.00000000E+00  2.66721677E-03  0.00000000E+00  0.00000000E+00  0.00000000E+00  0.00000000E+00  0.00000000E+00  8.26825429E-02  0.00000000E+00  0.00000000E+00 -5.84601962E-02
    0.917000      1   0.00000000E+00  0.00000000E+00  2.61909189E-03  0.00000000E+00  0.00000000E+00  0.00000000E+00  0.00000000E+00  0.00000000E+00  8.26240760E-02  0.00000000E+00  0.00000000E+00 -5.84668622E-02
    0.918000      1   0.00000000E+00  0.00000000E+00  2.60608232E-03  0.00000000E+00  0.00000000E+00  0.00000000E+00  0.00000000E+00  0.00000000E+00  8.25655907E-02  0.00000000E+00  0.00000000E+00 -5.84853851E-02
    0.919000      1   0.00000000E+00  0.00000000E+00  2.68633184E-03  0.00000000E+00  0.00000000E+00  0.00000000E+00  0.00000000E+00  0.00000000E+00  8.25070686E-02  0.00000000E+00  0.00000000E+00 -5.85220135E-02
    0.920000      1   0.00000000E+00  0.00000000E+00  2.70315120E-03  0.00000000E+00  0.00000000E+00  0.00000000E+00  0.00000000E+00  0.00000000E+00  8.24485199E-02  0.00000000E+00  0.00000000E+00 -5.85487233E-02
    0.921000      1   0.00000000E+00  0.00000000E+00  2.66038481E-03  0.00000000E+00  0.00000000E+00  0.00000000E+00  0.00000000E+00  0.00000000E+00  8.23899738E-02  0.00000000E+00  0.00000000E+00 -5.85461036E-02
    0.922000      1   0.00000000E+00  0.00000000E+00  2.54505077E-03  0.00000000E+00  0.00000000E+00  0.00000000E+00  0.00000000E+00  0.00000000E+00  8.23314283E-02  0.00000000E+00  0.00000000E+00 -5.85455229E-02
    0.923000      1   0.00000000E+00  0.00000000E+00  2.68857209E-03  0.00000000E+00  0.00000000E+00  0.00000000E+00  0.00000000E+00  0.00000000E+00  8.22728489E-02  0.00000000E+00  0.00000000E+00 -5.85793828E-02
    0.924000      1   0.00000000E+00  0.00000000E+00  2.65618658E-03  0.00000000E+00  0.00000000E+00  0.00000000E+00  0.00000000E+00  0.00000000E+00  8.22142232E-02  0.00000000E+00  0.00000000E+00 -5.86257401E-02
    0.925000      1   0.00000000E+00  0.00000000E+00  2.71307717E-03  0.00000000E+00  0.00000000E+00  0.00000000E+00  0.00000000E+00  0.00000000E+00  8.21555925E-02  0.00000000E+00  0.00000000E+00 -5.86306898E-02
    0.926000      1   0.00000000E+00  0.00000000E+00  2.65994295E-03  0.00000000E+00  0.00000000E+00  0.00000000E+00  0.00000000E+00  0.00000000E+00  8.20969563E-02  0.00000000E+00  0.00000000E+00 -5.86362149E-02
    0.927000      1   0.00000000E+00  0.00000000E+00  2.71172880E-03  0.00000000E+00  0.00000000E+00  0.00000000E+00  0.00000000E+00  0.00000000E+00  8.20383238E-02  0.00000000E+00  0.00000000E+00 -5.86324525E-02
    0.928000      1   0.00000000E+00  0.00000000E+00  2.72600308E-03  0.00000000E+00  0.00000000E+00  0.00000000E+00  0.00000000E+00  0.00000000E+00  8.19796868E-02  0.00000000E+00  0.00000000E+00 -5.86369824E-02
    0.929000      1   0.00000000E+00  0.00000000E+00  2.75680450E-03  0.00000000E+00  0.00000000E+00  0.00000000E+00  0.00000000E+00  0.00000000E+00  8.19210648E-02  0.00000000E+00  0.00000000E+00 -5.86219809E-02
    0.930000      1   0.00000000E+00  0.00000000E+00  2.66664554E-03  0.00000000E+00  0.00000000E+00  0.00000000E+00  0.00000000E+00  0.00000000E+00  8.18624680E-02  0.00000000E+00  0.00000000E+00 -5.85968445E-02
    0.931000      1   0.00000000E+00  0.00000000E+00  2.68946114E-03  0.00000000E+00  0.00000000E+00  0.00000000E+00  0.00000000E+00  0.00000000E+00  8.18038905E-02  0.00000000E+00  0.00000000E+00 -5.85775362E-02
    0.932000      1   0.00000000E+00  0.00000000E+00  2.73288005E-03  0.00000000E+00  0.00000000E+00  0.00000000E+00  0.00000000E+00  0.00000000E+00  8.17453067E-02  0.00000000E+00  0.00000000E+00 -5.85838026E-02
    0.933000      1   0.00000000E+00  0.00000000E+00  2.73481037E-03  0.00000000E+00  0.00000000E+00  0.00000000E+00  0.00000000E+00  0.00000000E+00  8.16867318E-02  0.00000000E+00  0.00000000E+00 -5.85748980E-02
    0.934000      1   0.00000000E+00  0.00000000E+00  2.69506372E-03  0.00000000E+00  0.00000000E+00  0.00000000E+00  0.00000000E+00  0.00000000E+00  8.16281804E-02  0.00000000E+00  0.00000000E+00 -5.85513926E-02
    0.935000      1   0.00000000E+00  0.00000000E+00  2.66714810E-03  0.00000000E+00  0.00000000E+00  0.00000000E+00  0.00000000E+00  0.00000000E+00  8.15696461E-02  0.00000000E+00  0.00000000E+00 -5.85342820E-02
    0.936000      1   0.00000000E+00  0.00000000E+00  2.60525311E-03  0.00000000E+00  0.00000000E+00  0.00000000E+00  0.00000000E+00  0.00000000E+00  8.15111109E-02  0.00000000E+00  0.00000000E+00 -5.85351613E-02
    0.937000      1   0.00000000E+00  0.00000000E+00  2.65231329E-03  0.00000000E+00  0.00000000E+00  0.00000000E+00  0.00000000E+00  0.00000000E+00  8.14525548E-02  0.00000000E+00  0.00000000E+00 -5.85561540E-02
    0.938000      1   0.00000000E+00  0.00000000E+00  2.70698237E-03  0.00000000E+00  0.00000000E+00  0.00000000E+00  0.00000000E+00  0.00000000E+00  8.13939656E-02  0.00000000E+00  0.00000000E+00 -5.85891518E-02
    0.939000      1   0.00000000E+00  0.00000000E+00  2.69774789E-03  0.00000000E+00  0.00000000E+00  0.00000000E+00  0.00000000E+00  0.00000000E+00  8.13353686E-02  0.00000000E+00  0.00000000E+00 -5.85970268E-02
    0.940000      1   0.00000000E+00  0.00000000E+00  2.64537359E-03  0.00000000E+00  0.00000000E+00  0.00000000E+00  0.00000000E+00  0.00000000E+00  8.12767800E-02  0.00000000E+00  0.00000000E+00 -5.85885807E-02
    0.941000      1   0.00000000E+00  0.00000000E+00  2.55526021E-03  0.00000000E+00  0.00000000E+00  0.00000000E+00  0.00000000E+00  0.00000000E+00  8.12181876E-02  0.00000000E+00  0.00000000E+00 -5.85924291E-02
    0.942000      1   0.00000000E+00  0.00000000E+00  2.68607900E-03  0.00000000E+00  0.00000000E+00  0.00000000E+00  0.00000000E+00  0.00000000E+00  8.11595582E-02  0.00000000E+00  0.00000000E+00 -5.86294135E-02
    0.943000      1   0.00000000E+00  0.00000000E+00  2.63487940E-03  0.00000000E+00  0.00000000E+00  0.00000000E+00  0.00000000E+00  0.00000000E+00  8.11008853E-02  0.00000000E+00  0.00000000E+00 -5.86728587E-02
    0.944000      1   0.00000000E+00  0.00000000E+00  2.72938135E-03  0.00000000E+00  0.00000000E+00  0.00000000E+00  0.00000000E+00  0.00000000E+00  8.10422029E-02  0.00000000E+00  0.00000000E+00 -5.86823951E-02
    0.945000      1   0.00000000E+00  0.00000000E+00  2.66886035E-03  0.00000000E+00  0.00000000E+00  0.00000000E+00  0.00000000E+00  0.00000000E+00  8.09835109E-02  0.00000000E+00  0.00000000E+00 -5.86920346E-02
    0.946000      1   0.00000000E+00  0.00000000E+00  2.74818631E-03  0.00000000E+00  0.00000000E+00  0.00000000E+00  0.00000000E+00  0.00000000E+00  8.09248295E-02  0.00000000E+00  0.00000000E+00 -5.86813408E-02
    0.947000      1   0.00000000E+00  0.00000000E+00  2.69648395E-03  0.00000000E+00  0.00000000E+00  0.00000000E+00  0.00000000E+00  0.00000000E+00  8.08661531E-02  0.00000000E+00  0.00000000E+00 -5.86764950E-02
    0.948000      1   0.00000000E+00  0.00000000E+00  2.75970978E-03  0.00000000E+00  0.00000000E+00  0.00000000E+00  0.00000000E+00  0.00000000E+00  8.08074983E-02  0.00000000E+00  0.00000000E+00 -5.86547404E-02
    0.949000      1   0.00000000E+00  0.00000000E+00  2.68526537E-03  0.00000000E+00  0.00000000E+00  0.00000000E+00  0.00000000E+00  0.00000000E+00  8.07488595E-02  0.00000000E+00  0.00000000E+00 -5.86387848E-02
    0.950000      1   0.00000000E+00  0.00000000E+00  2.69685642E-03  0.00000000E+00  0.00000000E+00  0.00000000E+00  0.00000000E+00  0.00000000E+00  8.06902443E-02  0.00000000E+00  0.00000000E+00 -5.86152295E-02
    0.951000      1   0.00000000E+00  0.00000000E+00  2.70404074E-03  0.00000000E+00  0.00000000E+00  0.00000000E+00  0.00000000E+00  0.00000000E+00  8.06316302E-02  0.00000000E+00  0.00000000E+00 -5.86140732E-02
    0.952000      1   0.00000000E+00  0.00000000E+00  2.71089339E-03  0.00000000E+00  0.00000000E+00  0.00000000E+00  0.00000000E+00  0.00000000E+00  8.05730224E-02  0.00000000E+00  0.00000000E+00 -5.86078398E-02
    0.953000      1   0.00000000E+00  0.00000000E+00  2.67173140E-03  0.00000000E+00  0.00000000E+00  0.00000000E+00  0.00000000E+00  0.00000000E+00  8.05144243E-02  0.00000000E+00  0.00000000E+00 -5.85980350E-02
    0.954000      1   0.00000000E+00  0.00000000E+00  2.68662136E-03  0.00000000E+00  0.00000000E+00  0.00000000E+00  0.00000000E+00  0.00000000E+00  8.04558314E-02  0.00000000E+00  0.00000000E+00 -5.85929052E-02
    0.955000      1   0.00000000E+00  0.00000000E+00  2.59241216E-03  0.00000000E+00  0.00000000E+00  0.00000000E+00  0.00000000E+00  0.00000000E+00  8.03972334E-02  0.00000000E+00  0.00000000E+00 -5.85980036E-02
    0.956000      1   0.00000000E+00  0.00000000E+00  2.62786119E-03  0.00000000E+00  0.00000000E+00  0.00000000E+00  0.00000000E+00  0.00000000E+00  8.03386186E-02  0.00000000E+00  0.00000000E+00 -5.86148717E-02
    0.957000      1   0.00000000E+00  0.00000000E+00  2.64346810E-03  0.00000000E+00  0.00000000E+00  0.00000000E+00  0.00000000E+00  0.00000000E+00  8.02799622E-02  0.00000000E+00  0.00000000E+00 -5.86564108E-02
    0.958000      1   0.00000000E+00  0.00000000E+00  2.70490316E-03  0.00000000E+00  0.00000000E+00  0.00000000E+00  0.00000000E+00  0.00000000E+00  8.02212786E-02  0.00000000E+00  0.00000000E+00 -5.86835480E-02
    0.959000      1   0.00000000E+00  0.00000000E+00  2.66509100E-03  0.00000000E+00  0.00000000E+00  0.00000000E+00  0.00000000E+00  0.00000000E+00  8.01625839E-02  0.00000000E+00  0.00000000E+00 -5.86946956E-02
    0.960000      1   0.00000000E+00  0.00000000E+00  2.58783104E-03  0.00000000E+00  0.00000000E+00  0.00000000E+00  0.00000000E+00  0.00000000E+00  8.01038912E-02  0.00000000E+00  0.00000000E+00 -5.86927073E-02
    0.961000      1   0.00000000E+00  0.00000000E+00  2.69897352E-03  0.00000000E+00  0.00000000E+00  0.00000000E+00  0.00000000E+00  0.00000000E+00  8.00451737E-02  0.00000000E+00  0.00000000E+00 -5.87174565E-02
    0.962000      1   0.00000000E+00  0.00000000E+00  2.65242837E-03  0.00000000E+00  0.00000000E+00  0.00000000E+00  0.00000000E+00  0.00000000E+00  7.99864258E-02  0.00000000E+00  0.00000000E+00 -5.87479246E-02
    0.963000      1   0.00000000E+00  0.00000000E+00  2.68764842E-03  0.00000000E+00  0.00000000E+00  0.00000000E+00  0.00000000E+00  0.00000000E+00  7.99276757E-02  0.00000000E+00  0.00000000E+00 -5.87501230E-02
    0.964000      1   0.00000000E+00  0.00000000E+00  2.71929566E-03  0.00000000E+00  0.00000000E+00  0.00000000E+00  0.00000000E+00  0.00000000E+00  7.98689143E-02  0.00000000E+00  0.00000000E+00 -5.87613791E-02
    0.965000      1   0.00000000E+00  0.00000000E+00  2.72638992E-03  0.00000000E+00  0.00000000E+00  0.00000000E+00  0.00000000E+00  0.00000000E+00  7.98101589E-02  0.00000000E+00  0.00000000E+00 -5.87554721E-02
    0.966000      1   0.00000000E+00  0.00000000E+00  2.65823634E-03  0.00000000E+00  0.00000000E+00  0.00000000E+00  0.00000000E+00  0.00000000E+00  7.97514209E-02  0.00000000E+00  0.00000000E+00 -5.87379170E-02
    0.967000      1   0.00000000E+00  0.00000000E+00  2.74856839E-03  0.00000000E+00  0.00000000E+00  0.00000000E+00  0.00000000E+00  0.00000000E+00  7.96926908E-02  0.00000000E+00  0.00000000E+00 -5.87300843E-02
    0.968000      1   0.00000000E+00  0.00000000E+00  2.69022331E-03  0.00000000E+00  0.00000000E+00  0.00000000E+00  0.00000000E+00  0.00000000E+00  7.96339622E-02  0.00000000E+00  0.00000000E+00 -5.87286600E-02
    0.969000      1   0.00000000E+00  0.00000000E+00  2.70532898E-03  0.00000000E+00  0.00000000E+00  0.00000000E+00  0.00000000E+00  0.00000000E+00  7.95752543E-02  0.00000000E+00  0.00000000E+00 -5.87078871E-02
    0.970000      1   0.00000000E+00  0.00000000E+00  2.72857413E-03  0.00000000E+00  0.00000000E+00  0.00000000E+00  0.00000000E+00  0.00000000E+00  7.95165507E-02  0.00000000E+00  0.00000000E+00 -5.87036042E-02
    0.971000      1   0.00000000E+00  0.00000000E+00  2.70618414E-03  0.00000000E+00  0.00000000E+00  0.00000000E+00  0.00000000E+00  0.00000000E+00  7.94578604E-02  0.00000000E+00  0.00000000E+00 -5.86902498E-02
    0.972000      1   0.00000000E+00  0.00000000E+00  2.69288441E-03  0.00000000E+00  0.00000000E+00  0.00000000E+00  0.00000000E+00  0.00000000E+00  7.93991872E-02  0.00000000E+00  0.00000000E+00 -5.86732207E-02
    0.973000      1   0.00000000E+00  0.00000000E+00  2.65255353E-03  0.00000000E+00  0.00000000E+00  0.00000000E+00  0.00000000E+00  0.00000000E+00  7.93405213E-02  0.00000000E+00  0.00000000E+00 -5.86658968E-02
    0.974000      1   0.00000000E+00  0.00000000E+00  2.63091841E-03  0.00000000E+00  0.00000000E+00  0.00000000E+00  0.00000000E+00  0.00000000E+00  7.92818513E-02  0.00000000E+00  0.00000000E+00 -5.86700727E-02
    0.975000      1   0.00000000E+00  0.00000000E+00  2.69287699E-03  0.00000000E+00  0.00000000E+00  0.00000000E+00  0.00000000E+00  0.00000000E+00  7.92231599E-02  0.00000000E+00  0.00000000E+00 -5.86913198E-02
    0.976000      1   0.00000000E+00  0.00000000E+00  2.63364721E-03  0.00000000E+00  0.00000000E+00  0.00000000E+00  0.00000000E+00  0.00000000E+00  7.91644512E-02  0.00000000E+00  0.00000000E+00 -5.87087156E-02
    0.977000      1   0.00000000E+00  0.00000000E+00  2.68724615E-03  0.00000000E+00  0.00000000E+00  0.00000000E+00  0.00000000E+00  0.00000000E+00  7.91057350E-02  0.00000000E+00  0.00000000E+00 -5.87162374E-02
    0.978000      1   0.00000000E+00  0.00000000E+00  2.65123502E-03  0.00000000E+00  0.00000000E+00  0.00000000E+00  0.00000000E+00  0.00000000E+00  7.90470013E-02  0.00000000E+00  0.00000000E+00 -5.87337327E-02
    0.979000      1   0.00000000E+00  0.00000000E+00  2.61509748E-03  0.00000000E+00  0.00000000E+00  0.00000000E+00  0.00000000E+00  0.00000000E+00  7.89882613E-02  0.00000000E+00  0.00000000E+00 -5.87399935E-02
    0.980000      1   0.00000000E+00  0.00000000E+00  2.70216786E-03  0.00000000E+00  0.00000000E+00  0.00000000E+00  0.00000000E+00  0.00000000E+00  7.89294968E-02  0.00000000E+00  0.00000000E+00 -5.87644714E-02
    0.981000      1   0.00000000E+00  0.00000000E+00  2.72366221E-03  0.00000000E+00  0.00000000E+00  0.00000000E+00  0.00000000E+00  0.00000000E+00  7.88707114E-02  0.00000000E+00  0.00000000E+00 -5.87854200E-02
    0.982000      1   0.00000000E+00  0.00000000E+00  2.67950499E-03  0.00000000E+00  0.00000000E+00  0.00000000E+00  0.00000000E+00  0.00000000E+00  7.88119374E-02  0.00000000E+00  0.00000000E+00 -5.87739723E-02
    0.983000      1   0.00000000E+00  0.00000000E+00  2.68268396E-03  0.00000000E+00  0.00000000E+00  0.00000000E+00  0.00000000E+00  0.00000000E+00  7.87531741E-02  0.00000000E+00  0.00000000E+00 -5.87632743E-02
    0.984000      1   0.00000000E+00  0.00000000E+00  2.73478228E-03  0.00000000E+00  0.00000000E+00  0.00000000E+00  0.00000000E+00  0.00000000E+00  7.86944076E-02  0.00000000E+00  0.00000000E+00 -5.87665160E-02
    0.985000      1   0.00000000E+00  0.00000000E+00  2.67125910E-03  0.00000000E+00  0.00000000E+00  0.00000000E+00  0.00000000E+00  0.00000000E+00  7.86356481E-02  0.00000000E+00  0.00000000E+00 -5.87595007E-02
    0.986000      1   0.00000000E+00  0.00000000E+00  2.77142011E-03  0.00000000E+00  0.00000000E+00  0.00000000E+00  0.00000000E+00  0.00000000E+00  7.85769015E-02  0.00000000E+00  0.00000000E+00 -5.87466089E-02
    0.987000      1   0.00000000E+00  0.00000000E+00  2.70136503E-03  0.00000000E+00  0.00000000E+00  0.00000000E+00  0.00000000E+00  0.00000000E+00  7.85181646E-02  0.00000000E+00  0.00000000E+00 -5.87368667E-02
    0.988000      1   0.00000000E+00  0.00000000E+00  2.70576433E-03  0.00000000E+00  0.00000000E+00  0.00000000E+00  0.00000000E+00  0.00000000E+00  7.84594580E-02  0.00000000E+00  0.00000000E+00 -5.87066186E-02
    0.989000      1   0.00000000E+00  0.00000000E+00  2.68635184E-03  0.00000000E+00  0.00000000E+00  0.00000000E+00  0.00000000E+00  0.00000000E+00  7.84007594E-02  0.00000000E+00  0.00000000E+00 -5.86985997E-02
    0.990000      1   0.00000000E+00  0.00000000E+00  2.71203228E-03  0.00000000E+00  0.00000000E+00  0.00000000E+00  0.00000000E+00  0.00000000E+00  7.83420668E-02  0.00000000E+00  0.00000000E+00 -5.86925688E-02
    0.991000      1   0.00000000E+00  0.00000000E+00  2.66755951E-03  0.00000000E+00  0.00000000E+00  0.00000000E+00  0.00000000E+00  0.00000000E+00  7.82833785E-02  0.00000000E+00  0.00000000E+00 -5.86883720E-02
    0.992000      1   0.00000000E+00  0.00000000E+00  2.65311244E-03  0.00000000E+00  0.00000000E+00  0.00000000E+00  0.00000000E+00  0.00000000E+00  7.82246949E-02  0.00000000E+00  0.00000000E+00 -5.86836058E-02
    0.993000      1   0.00000000E+00  0.00000000E+00  2.59933880E-03  0.00000000E+00  0.00000000E+00  0.00000000E+00  0.00000000E+00  0.00000000E+00  7.81659989E-02  0.00000000E+00  0.00000000E+00 -5.86960000E-02
    0.994000      1   0.00000000E+00  0.00000000E+00  2.68242835E-03  0.00000000E+00  0.00000000E+00  0.00000000E+00  0.00000000E+00  0.00000000E+00  7.81072762E-02  0.00000000E+00  0.00000000E+00 -5.87226481E-02
    0.995000      1   0.00000000E+00  0.00000000E+00  2.62228677E-03  0.00000000E+00  0.00000000E+00  0.00000000E+00  0.00000000E+00  0.00000000E+00  7.80485240E-02  0.00000000E+00  0.00000000E+00 -5.87522628E-02
    0.996000      1   0.00000000E+00  0.00000000E+00  2.68667248E-03  0.00000000E+00  0.00000000E+00  0.00000000E+00  0.00000000E+00  0.00000000E+00  7.79897587E-02  0.00000000E+00  0.00000000E+00 -5.87652250E-02
    0.997000      1   0.00000000E+00  0.00000000E+00  2.65006913E-03  0.00000000E+00  0.00000000E+00  0.00000000E+00  0.00000000E+00  0.00000000E+00  7.79309722E-02  0.00000000E+00  0.00000000E+00 -5.87865527E-02
    0.998000      1   0.00000000E+00  0.00000000E+00  2.64858589E-03  0.00000000E+00  0.00000000E+00  0.00000000E+00  0.00000000E+00  0.00000000E+00  7.78721790E-02  0.00000000E+00  0.00000000E+00 -5.87932081E-02
    0.999000      1   0.00000000E+00  0.00000000E+00  2.68863795E-03  0.00000000E+00  0.00000000E+00  0.00000000E+00  0.00000000E+00  0.00000000E+00  7.78133668E-02  0.00000000E+00  0.00000000E+00 -5.88121469E-02
    1.000000      1   0.00000000E+00  0.00000000E+00  2.68743472E-03  0.00000000E+00  0.00000000E+00  0.00000000E+00  0.00000000E+00  0.00000000E+00  7.77545423E-02  0.00000000E+00  0.00000000E+00 -5.88244900E-02
    1.001000      1   0.00000000E+00  0.00000000E+00  2.64835727E-03  0.00000000E+00  0.00000000E+00  0.00000000E+00  0.00000000E+00  0.00000000E+00  7.76957184E-02  0.00000000E+00  0.00000000E+00 -5.88238922E-02
    1.002000      1   0.00000000E+00  0.00000000E+00  2.71308493E-03  0.00000000E+00  0.00000000E+00  0.00000000E+00  0.00000000E+00  0.00000000E+00  7.76368878E-02  0.00000000E+00  0.00000000E+00 -5.88305999E-02
    1.003000      1   0.00000000E+00  0.00000000E+00  2.72684711E-03  0.00000000E+00  0.00000000E+00  0.00000000E+00  0.00000000E+00  0.00000000E+00  7.75780491E-02  0.00000000E+00  0.00000000E+00 -5.88386950E-02
    1.004000      1   0.00000000E+00  0.00000000E+00  2.65997413E-03  0.00000000E+00  0.00000000E+00  0.00000000E+00  0.00000000E+00  0.00000000E+00  7.75192260E-02  0.00000000E+00  0.00000000E+00 -5.88230988E-02
    1.005000      1   0.00000000E+00  0.00000000E+00  2.74769704E-03  0.00000000E+00  0.00000000E+00  0.00000000E+00  0.00000000E+00  0.00000000E+00  7.74604112E-02  0.00000000E+00  0.00000000E+00 -5.88148086E-02
    1.006000      1   0.00000000E+00  0.00000000E+00  2.72370613E-03  0.00000000E+00  0.00000000E+00  0.00000000E+00  0.00000000E+00  0.00000000E+00  7.74015983E-02  0.00000000E+00  0.00000000E+00 -5.88129677E-02
    1.007000      1   0.00000000E+00  0.00000000E+00  2.72082231E-03  0.00000000E+00  0.00000000E+00  0.00000000E+00  0.00000000E+00  0.00000000E+00  7.73428117E-02  0.00000000E+00  0.00000000E+00 -5.87865598E-02
    1.008000      1   0.00000000E+00  0.00000000E+00  2.70114956E-03  0.00000000E+00  0.00000000E+00  0.00000000E+00  0.00000000E+00  0.00000000E+00  7.72840432E-02  0.00000000E+00  0.00000000E+00 -5.87685409E-02
    1.009000      1   0.00000000E+00  0.00000000E+00  2.70044312E-03  0.00000000E+00  0.00000000E+00  0.00000000E+00  0.00000000E+00  0.00000000E+00  7.72252882E-02  0.00000000E+00  0.00000000E+00 -5.87549480E-02
    1.010000      1   0.00000000E+00  0.00000000E+00  2.68450263E-03  0.00000000E+00  0.00000000E+00  0.00000000E+00  0.00000000E+00  0.00000000E+00  7.71665403E-02  0.00000000E+00  0.00000000E+00 -5.87479408E-02
    1.011000      1   0.00000000E+00  0.00000000E+00  2.67323142E-03  0.00000000E+00  0.00000000E+00  0.00000000E+00  0.00000000E+00  0.00000000E+00  7.71077963E-02  0.00000000E+00  0.00000000E+00 -5.87439845E-02
    1.012000      1   0.00000000E+00  0.00000000E+00  2.62310600E-03  0.00000000E+00  0.00000000E+00  0.00000000E+00  0.00000000E+00  0.00000000E+00  7.70490490E-02  0.00000000E+00  0.00000000E+00 -5.87472565E-02
    1.013000      1   0.00000000E+00  0.00000000E+00  2.68548557E-03  0.00000000E+00  0.00000000E+00  0.00000000E+00  0.00000000E+00  0.00000000E+00  7.69902859E-02  0.00000000E+00  0.00000000E+00 -5.87630942E-02
    1.014000      1   0.00000000E+00  0.00000000E+00  2.63435101E-03  0.00000000E+00  0.00000000E+00  0.00000000E+00  0.00000000E+00  0.00000000E+00  7.69315016E-02  0.00000000E+00  0.00000000E+00 -5.87843628E-02
    1.015000      1   0.00000000E+00  0.00000000E+00  2.68423361E-03  0.00000000E+00  0.00000000E+00  0.00000000E+00  0.00000000E+00  0.00000000E+00  7.68727074E-02  0.00000000E+00  0.00000000E+00 -5.87941875E-02
    1.016000      1   0.00000000E+00  0.00000000E+00  2.65083982E-03  0.00000000E+00  0.00000000E+00  0.00000000E+00  0.00000000E+00  0.00000000E+00  7.68138954E-02  0.00000000E+00  0.00000000E+00 -5.88119844E-02
    1.017000      1   0.00000000E+00  0.00000000E+00  2.63767366E-03  0.00000000E+00  0.00000000E+00  0.00000000E+00  0.00000000E+00  0.00000000E+00  7.67550761E-02  0.00000000E+00  0.00000000E+00 -5.88193045E-02
    1.018000      1   0.00000000E+00  0.00000000E+00  2.68409963E-03  0.00000000E+00  0.00000000E+00  0.00000000E+00  0.00000000E+00  0.00000000E+00  7.66962362E-02  0.00000000E+00  0.00000000E+00 -5.88399198E-02
    1.019000      1   0.00000000E+00  0.00000000E+00  2.71424813E-03  0.00000000E+00  0.00000000E+00  0.00000000E+00  0.00000000E+00  0.00000000E+00  7.66373795E-02  0.00000000E+00  0.00000000E+00 -5.88566493E-02
    1.020000      1   0.00000000E+00  0.00000000E+00  2.66384438E-03  0.00000000E+00  0.00000000E+00  0.00000000E+00  0.00000000E+00  0.00000000E+00  7.65785267E-02  0.00000000E+00  0.00000000E+00 -5.88528003E-02
    1.021000      1   0.00000000E+00  0.00000000E+00  2.72655210E-03  0.00000000E+00  0.00000000E+00  0.00000000E+00  0.00000000E+00  0.00000000E+00  7.65196788E-02  0.00000000E+00  0.00000000E+00 -5.88479634E-02
    1.022000      1   0.00000000E+00  0.00000000E+00  2.73925187E-03  0.00000000E+00  0.00000000E+00  0.00000000E+00  0.00000000E+00  0.00000000E+00  7.64608302E-02  0.00000000E+00  0.00000000E+00 -5.88485907E-02
    1.023000      1   0.00000000E+00  0.00000000E+00  2.66816609E-03  0.00000000E+00  0.00000000E+00  0.00000000E+00  0.00000000E+00  0.00000000E+00  7.64020038E-02  0.00000000E+00  0.00000000E+00 -5.88263780E-02
    1.024000      1   0.00000000E+00  0.00000000E+00  2.74529270E-03  0.00000000E+00  0.00000000E+00  0.00000000E+00  0.00000000E+00  0.00000000E+00  7.63431912E-02  0.00000000E+00  0.00000000E+00 -5.88125653E-02
    1.025000      1   0.00000000E+00  0.00000000E+00  2.72438872E-03  0.00000000E+00  0.00000000E+00  0.00000000E+00  0.00000000E+00  0.00000000E+00  7.62843828E-02  0.00000000E+00  0.00000000E+00 -5.88084592E-02
    1.026000      1   0.00000000E+00  0.00000000E+00  2.72487393E-03  0.00000000E+00  0.00000000E+00  0.00000000E+00  0.00000000E+00  0.00000000E+00  7.62256001E-02  0.00000000E+00  0.00000000E+00 -5.87827203E-02
    1.027000      1   0.00000000E+00  0.00000000E+00  2.67577610E-03  0.00000000E+00  0.00000000E+00  0.00000000E+00  0.00000000E+00  0.00000000E+00  7.61668363E-02  0.00000000E+00  0.00000000E+00 -5.87637607E-02
    1.028000      1   0.00000000E+00  0.00000000E+00  2.65507500E-03  0.00000000E+00  0.00000000E+00  0.00000000E+00  0.00000000E+00  0.00000000E+00  7.61080830E-02  0.00000000E+00  0.00000000E+00 -5.87533241E-02
    1.029000      1   0.00000000E+00  0.00000000E+00  2.67390995E-03  0.00000000E+00  0.00000000E+00  0.00000000E+00  0.00000000E+00  0.00000000E+00  7.60493203E-02  0.00000000E+00  0.00000000E+00 -5.87626728E-02
    1.030000      1   0.00000000E+00  0.00000000E+00  2.67970355E-03  0.00000000E+00  0.00000000E+00  0.00000000E+00  0.00000000E+00  0.00000000E+00  7.59905448E-02  0.00000000E+00  0.00000000E+00 -5.87754893E-02
    1.031000      1   0.00000000E+00  0.00000000E+00  2.63357033E-03  0.00000000E+00  0.00000000E+00  0.00000000E+00  0.00000000E+00  0.00000000E+00  7.59317637E-02  0.00000000E+00  0.00000000E+00 -5.87810955E-02
    1.032000      1   0.00000000E+00  0.00000000E+00  2.67258915E-03  0.00000000E+00  0.00000000E+00  0.00000000E+00  0.00000000E+00  0.00000000E+00  7.58729708E-02  0.00000000E+00  0.00000000E+00 -5.87929572E-02
    1.033000      1   0.00000000E+00  0.00000000E+00  2.61321054E-03  0.00000000E+00  0.00000000E+00  0.00000000E+00  0.00000000E+00  0.00000000E+00  7.58141577E-02  0.00000000E+00  0.00000000E+00 -5.88130697E-02
    1.034000      1   0.00000000E+00  0.00000000E+00  2.67619933E-03  0.00000000E+00  0.00000000E+00  0.00000000E+00  0.00000000E+00  0.00000000E+00  7.57553268E-02  0.00000000E+00  0.00000000E+00 -5.88308683E-02
    1.035000      1   0.00000000E+00  0.00000000E+00  2.67334506E-03  0.00000000E+00  0.00000000E+00  0.00000000E+00  0.00000000E+00  0.00000000E+00  7.56964698E-02  0.00000000E+00  0.00000000E+00 -5.88570289E-02
    1.036000      1   0.00000000E+00  0.00000000E+00  2.65018102E-03  0.00000000E+00  0.00000000E+00  0.00000000E+00  0.00000000E+00  0.00000000E+00  7.56376068E-02  0.00000000E+00  0.00000000E+00 -5.88630077E-02
    1.037000      1   0.00000000E+00  0.00000000E+00  2.63455631E-03  0.00000000E+00  0.00000000E+00  0.00000000E+00  0.00000000E+00  0.00000000E+00  7.55787328E-02  0.00000000E+00  0.00000000E+00 -5.88740202E-02
    1.038000      1   0.00000000E+00  0.00000000E+00  2.70699215E-03  0.00000000E+00  0.00000000E+00  0.00000000E+00  0.00000000E+00  0.00000000E+00  7.55198374E-02  0.00000000E+00  0.00000000E+00 -5.88954032E-02
    1.039000      1   0.00000000E+00  0.00000000E+00  2.66467110E-03  0.00000000E+00  0.00000000E+00  0.00000000E+00  0.00000000E+00  0.00000000E+00  7.54609283E-02  0.00000000E+00  0.00000000E+00 -5.89091081E-02
    1.040000      1   0.00000000E+00  0.00000000E+00  2.73100928E-03  0.00000000E+00  0.00000000E+00  0.00000000E+00  0.00000000E+00  0.00000000E+00  7.54020217E-02  0.00000000E+00  0.00000000E+00 -5.89065080E-02
    1.041000      1   0.00000000E+00  0.00000000E+00  2.71972005E-03  0.00000000E+00  0.00000000E+00  0.00000000E+00  0.00000000E+00  0.00000000E+00  7.53431157E-02  0.00000000E+00  0.00000000E+00 -5.89060756E-02
    1.042000      1   0.00000000E+00  0.00000000E+00  2.67376230E-03  0.00000000E+00  0.00000000E+00  0.00000000E+00  0.00000000E+00  0.00000000E+00  7.52842298E-02  0.00000000E+00  0.00000000E+00 -5.88858531E-02
    1.043000      1   0.00000000E+00  0.00000000E+00  2.76913015E-03  0.00000000E+00  0.00000000E+00  0.00000000E+00  0.00000000E+00  0.00000000E+00  7.52253523E-02  0.00000000E+00  0.00000000E+00 -5.88774653E-02
    1.044000      1   0.00000000E+00  0.00000000E+00  2.71072959E-03  0.00000000E+00  0.00000000E+00  0.00000000E+00  0.00000000E+00  0.00000000E+00  7.51664850E-02  0.00000000E+00  0.00000000E+00 -5.88673060E-02
    1.045000      1   0.00000000E+00  0.00000000E+00  2.74231008E-03  0.00000000E+00  0.00000000E+00  0.00000000E+00  0.00000000E+00  0.00000000E+00  7.51076489E-02  0.00000000E+00  0.00000000E+00 -5.88361539E-02
    1.046000      1   0.00000000E+00  0.00000000E+00  2.68473530E-03  0.00000000E+00  0.00000000E+00  0.00000000E+00  0.00000000E+00  0.00000000E+00  7.50488303E-02  0.00000000E+00  0.00000000E+00 -5.88185968E-02
    1.047000      1   0.00000000E+00  0.00000000E+00  2.68559271E-03  0.00000000E+00  0.00000000E+00  0.00000000E+00  0.00000000E+00  0.00000000E+00  7.49900294E-02  0.00000000E+00  0.00000000E+00 -5.88008496E-02
    1.048000      1   0.00000000E+00  0.00000000E+00  2.67721537E-03  0.00000000E+00  0.00000000E+00  0.00000000E+00  0.00000000E+00  0.00000000E+00  7.49312276E-02  0.00000000E+00  0.00000000E+00 -5.88018592E-02
    1.049000      1   0.00000000E+00  0.00000000E+00  2.67646577E-03  0.00000000E+00  0.00000000E+00  0.00000000E+00  0.00000000E+00  0.00000000E+00  7.48724235E-02  0.00000000E+00  0.00000000E+00 -5.88040687E-02
    1.050000      1   0.00000000E+00  0.00000000E+00  2.64608041E-03  0.00000000E+00  0.00000000E+00  0.00000000E+00  0.00000000E+00  0.00000000E+00  7.48136144E-02  0.00000000E+00  0.00000000E+00 -5.88091620E-02
    1.051000      1   0.00000000E+00  0.00000000E+00  2.69371482E-03  0.00000000E+00  0.00000000E+00  0.00000000E+00  0.00000000E+00  0.00000000E+00  7.47547945E-02  0.00000000E+00  0.00000000E+00 -5.88198748E-02
    1.052000      1   0.00000000E+00  0.00000000E+00  2.63612502E-03  0.00000000E+00  0.00000000E+00  0.00000000E+00  0.00000000E+00  0.00000000E+00  7.46959623E-02  0.00000000E+00  0.00000000E+00 -5.88321429E-02
    1.053000      1   0.00000000E+00  0.00000000E+00  2.66456300E-03  0.00000000E+00  0.00000000E+00  0.00000000E+00  0.00000000E+00  0.00000000E+00  7.46371234E-02  0.00000000E+00  0.00000000E+00 -5.88389513E-02
    1.054000      1   0.00000000E+00  0.00000000E+00  2.61513748E-03  0.00000000E+00  0.00000000E+00  0.00000000E+00  0.00000000E+00  0.00000000E+00  7.45782637E-02  0.00000000E+00  0.00000000E+00 -5.88596442E-02
    1.055000      1   0.00000000E+00  0.00000000E+00  2.65149042E-03  0.00000000E+00  0.00000000E+00  0.00000000E+00  0.00000000E+00  0.00000000E+00  7.45193840E-02  0.00000000E+00  0.00000000E+00 -5.88797379E-02
    1.056000      1   0.00000000E+00  0.00000000E+00  2.64136662E-03  0.00000000E+00  0.00000000E+00  0.00000000E+00  0.00000000E+00  0.00000000E+00  7.44604744E-02  0.00000000E+00  0.00000000E+00 -5.89096351E-02
    1.057000      1   0.00000000E+00  0.00000000E+00  2.74317087E-03  0.00000000E+00  0.00000000E+00  0.00000000E+00  0.00000000E+00  0.00000000E+00  7.44015450E-02  0.00000000E+00  0.00000000E+00 -5.89293837E-02
    1.058000      1   0.00000000E+00  0.00000000E+00  2.66133248E-03  0.00000000E+00  0.00000000E+00  0.00000000E+00  0.00000000E+00  0.00000000E+00  7.43426105E-02  0.00000000E+00  0.00000000E+00 -5.89344542E-02
    1.059000      1   0.00000000E+00  0.00000000E+00  2.77037178E-03  0.00000000E+00  0.00000000E+00  0.00000000E+00  0.00000000E+00  0.00000000E+00  7.42836900E-02  0.00000000E+00  0.00000000E+00 -5.89205629E-02
    1.060000      1   0.00000000E+00  0.00000000E+00  2.75704311E-03  0.00000000E+00  0.00000000E+00  0.00000000E+00  0.00000000E+00  0.00000000E+00  7.42247757E-02  0.00000000E+00  0.00000000E+00 -5.89142661E-02
    1.061000      1   0.00000000E+00  0.00000000E+00  2.64338106E-03  0.00000000E+00  0.00000000E+00  0.00000000E+00  0.00000000E+00  0.00000000E+00  7.41659012E-02  0.00000000E+00  0.00000000E+00 -5.88745163E-02
    1.062000      1   0.00000000E+00  0.00000000E+00  2.72210338E-03  0.00000000E+00  0.00000000E+00  0.00000000E+00  0.00000000E+00  0.00000000E+00  7.41070419E-02  0.00000000E+00  0.00000000E+00 -5.88592436E-02
    1.063000      1   0.00000000E+00  0.00000000E+00  2.72991300E-03  0.00000000E+00  0.00000000E+00  0.00000000E+00  0.00000000E+00  0.00000000E+00  7.40481746E-02  0.00000000E+00  0.00000000E+00 -5.88673780E-02
    1.064000      1   0.00000000E+00  0.00000000E+00  2.73633665E-03  0.00000000E+00  0.00000000E+00  0.00000000E+00  0.00000000E+00  0.00000000E+00  7.39893263E-02  0.00000000E+00  0.00000000E+00 -5.88482779E-02
    1.065000      1   0.00000000E+00  0.00000000E+00  2.67814286E-03  0.00000000E+00  0.00000000E+00  0.00000000E+00  0.00000000E+00  0.00000000E+00  7.39305008E-02  0.00000000E+00  0.00000000E+00 -5.88254770E-02
    1.066000      1   0.00000000E+00  0.00000000E+00  2.68852844E-03  0.00000000E+00  0.00000000E+00  0.00000000E+00  0.00000000E+00  0.00000000E+00  7.38716900E-02  0.00000000E+00  0.00000000E+00 -5.88108574E-02
    1.067000      1   0.00000000E+00  0.00000000E+00  2.65986043E-03  0.00000000E+00  0.00000000E+00  0.00000000E+00  0.00000000E+00  0.00000000E+00  7.38128764E-02  0.00000000E+00  0.00000000E+00 -5.88135129E-02
    1.068000      1   0.00000000E+00  0.00000000E+00  2.66119022E-03  0.00000000E+00  0.00000000E+00  0.00000000E+00  0.00000000E+00  0.00000000E+00  7.37540586E-02  0.00000000E+00  0.00000000E+00 -5.88178273E-02
    1.069000      1   0.00000000E+00  0.00000000E+00  2.63164157E-03  0.00000000E+00  0.00000000E+00  0.00000000E+00  0.00000000E+00  0.00000000E+00  7.36952273E-02  0.00000000E+00  0.00000000E+00 -5.88313215E-02
    1.070000      1   0.00000000E+00  0.00000000E+00  2.68354794E-03  0.00000000E+00  0.00000000E+00  0.00000000E+00  0.00000000E+00  0.00000000E+00  7.36363777E-02  0.00000000E+00  0.00000000E+00 -5.88496043E-02
    1.071000      1   0.00000000E+00  0.00000000E+00  2.63660359E-03  0.00000000E+00  0.00000000E+00  0.00000000E+00  0.00000000E+00  0.00000000E+00  7.35775093E-02  0.00000000E+00  0.00000000E+00 -5.88684123E-02
    1.072000      1   0.00000000E+00  0.00000000E+00  2.66693320E-03  0.00000000E+00  0.00000000E+00  0.00000000E+00  0.00000000E+00  0.00000000E+00  7.35186308E-02  0.00000000E+00  0.00000000E+00 -5.88784751E-02
    1.073000      1   0.00000000E+00  0.00000000E+00  2.64549911E-03  0.00000000E+00  0.00000000E+00  0.00000000E+00  0.00000000E+00  0.00000000E+00  7.34597322E-02  0.00000000E+00  0.00000000E+00 -5.88985916E-02
    1.074000      1   0.00000000E+00  0.00000000E+00  2.68686387E-03  0.00000000E+00  0.00000000E+00  0.00000000E+00  0.00000000E+00  0.00000000E+00  7.34008197E-02  0.00000000E+00  0.00000000E+00 -5.89125378E-02
    1.075000      1   0.00000000E+00  0.00000000E+00  2.62832339E-03  0.00000000E+00  0.00000000E+00  0.00000000E+00  0.00000000E+00  0.00000000E+00  7.33418935E-02  0.00000000E+00  0.00000000E+00 -5.89262084E-02
    1.076000      1   0.00000000E+00  0.00000000E+00  2.69670186E-03  0.00000000E+00  0.00000000E+00  0.00000000E+00  0.00000000E+00  0.00000000E+00  7.32829568E-02  0.00000000E+00  0.00000000E+00 -5.89366464E-02
    1.077000      1   0.00000000E+00  0.00000000E+00  2.64535729E-03  0.00000000E+00  0.00000000E+00  0.00000000E+00  0.00000000E+00  0.00000000E+00  7.32240026E-02  0.00000000E+00  0.00000000E+00 -5.89542180E-02
    1.078000      1   0.00000000E+00  0.00000000E+00  2.75459543E-03  0.00000000E+00  0.00000000E+00  0.00000000E+00  0.00000000E+00  0.00000000E+00  7.31650442E-02  0.00000000E+00  0.00000000E+00 -5.89584128E-02
    1.079000      1   0.00000000E+00  0.00000000E+00  2.76444625E-03  0.00000000E+00  0.00000000E+00  0.00000000E+00  0.00000000E+00  0.00000000E+00  7.31060840E-02  0.00000000E+00  0.00000000E+00 -5.89601524E-02
    1.080000      1   0.00000000E+00  0.00000000E+00  2.71063123E-03  0.00000000E+00  0.00000000E+00  0.00000000E+00  0.00000000E+00  0.00000000E+00  7.30471598E-02  0.00000000E+00  0.00000000E+00 -5.89242746E-02
    1.081000      1   0.00000000E+00  0.00000000E+00  2.69479451E-03  0.00000000E+00  0.00000000E+00  0.00000000E+00  0.00000000E+00  0.00000000E+00  7.29882651E-02  0.00000000E+00  0.00000000E+00 -5.88946781E-02
    1.082000      1   0.00000000E+00  0.00000000E+00  2.68013927E-03  0.00000000E+00  0.00000000E+00  0.00000000E+00  0.00000000E+00  0.00000000E+00  7.29293795E-02  0.00000000E+00  0.00000000E+00 -5.88855559E-02
    1.083000      1   0.00000000E+00  0.00000000E+00  2.74606832E-03  0.00000000E+00  0.00000000E+00  0.00000000E+00  0.00000000E+00  0.00000000E+00  7.28704953E-02  0.00000000E+00  0.00000000E+00 -5.88842263E-02
    1.084000      1   0.00000000E+00  0.00000000E+00  2.73481991E-03  0.00000000E+00  0.00000000E+00  0.00000000E+00  0.00000000E+00  0.00000000E+00  7.28116192E-02  0.00000000E+00  0.00000000E+00 -5.88760509E-02
    1.085000      1   0.00000000E+00  0.00000000E+00  2.70714103E-03  0.00000000E+00  0.00000000E+00  0.00000000E+00  0.00000000E+00  0.00000000E+00  7.27527710E-02  0.00000000E+00  0.00000000E+00 -5.88482126E-02
    1.086000      1   0.00000000E+00  0.00000000E+00  2.65626087E-03  0.00000000E+00  0.00000000E+00  0.00000000E+00  0.00000000E+00  0.00000000E+00  7.26939421E-02  0.00000000E+00  0.00000000E+00 -5.88289631E-02
    1.087000      1   0.00000000E+00  0.00000000E+00  2.62947905E-03  0.00000000E+00  0.00000000E+00  0.00000000E+00  0.00000000E+00  0.00000000E+00  7.26351143E-02  0.00000000E+00  0.00000000E+00 -5.88278014E-02
    1.088000      1   0.00000000E+00  0.00000000E+00  2.63865069E-03  0.00000000E+00  0.00000000E+00  0.00000000E+00  0.00000000E+00  0.00000000E+00  7.25762662E-02  0.00000000E+00  0.00000000E+00 -5.88480855E-02
    1.089000      1   0.00000000E+00  0.00000000E+00  2.70181203E-03  0.00000000E+00  0.00000000E+00  0.00000000E+00  0.00000000E+00  0.00000000E+00  7.25173906E-02  0.00000000E+00  0.00000000E+00 -5.88755433E-02
    1.090000      1   0.00000000E+00  0.00000000E+00  2.66385715E-03  0.00000000E+00  0.00000000E+00  0.00000000E+00  0.00000000E+00  0.00000000E+00  7.24585018E-02  0.00000000E+00  0.00000000E+00 -5.88888196E-02
    1.091000      1   0.00000000E+00  0.00000000E+00  2.66555168E-03  0.00000000E+00  0.00000000E+00  0.00000000E+00  0.00000000E+00  0.00000000E+00  7.23996138E-02  0.00000000E+00  0.00000000E+00 -5.88880646E-02
    1.092000      1   0.00000000E+00  0.00000000E+00  2.60684237E-03  0.00000000E+00  0.00000000E+00  0.00000000E+00  0.00000000E+00  0.00000000E+00  7.23407143E-02  0.00000000E+00  0.00000000E+00 -5.88994750E-02
    1.093000      1   0.00000000E+00  0.00000000E+00  2.68587507E-03  0.00000000E+00  0.00000000E+00  0.00000000E+00  0.00000000E+00  0.00000000E+00  7.22817936E-02  0.00000000E+00  0.00000000E+00 -5.89207109E-02
    1.094000      1   0.00000000E+00  0.00000000E+00  2.62025985E-03  0.00000000E+00  0.00000000E+00  0.00000000E+00  0.00000000E+00  0.00000000E+00  7.22228463E-02  0.00000000E+00  0.00000000E+00 -5.89472518E-02
    1.095000      1   0.00000000E+00  0.00000000E+00  2.72644704E-03  0.00000000E+00  0.00000000E+00  0.00000000E+00  0.00000000E+00  0.00000000E+00  7.21638869E-02  0.00000000E+00  0.00000000E+00 -5.89594405E-02
    1.096000      1   0.00000000E+00  0.00000000E+00  2.67564629E-03  0.00000000E+00  0.00000000E+00  0.00000000E+00  0.00000000E+00  0.00000000E+00  7.21049125E-02  0.00000000E+00  0.00000000E+00 -5.89744002E-02
    1.097000      1   0.00000000E+00  0.00000000E+00  2.76938732E-03  0.00000000E+00  0.00000000E+00  0.00000000E+00  0.00000000E+00  0.00000000E+00  7.20459490E-02  0.00000000E+00  0.00000000E+00 -5.89634700E-02
    1.098000      1   0.00000000E+00  0.00000000E+00  2.75162792E-03  0.00000000E+00  0.00000000E+00  0.00000000E+00  0.00000000E+00  0.00000000E+00  7.19869964E-02  0.00000000E+00  0.00000000E+00 -5.89526464E-02
    1.099000      1   0.00000000E+00  0.00000000E+00  2.72521571E-03  0.00000000E+00  0.00000000E+00  0.00000000E+00  0.00000000E+00  0.00000000E+00  7.19280822E-02  0.00000000E+00  0.00000000E+00 -5.89141775E-02
    1.100000      1   0.00000000E+00  0.00000000E+00  2.68399351E-03  0.00000000E+00  0.00000000E+00  0.00000000E+00  0.00000000E+00  0.00000000E+00  7.18691960E-02  0.00000000E+00  0.00000000E+00 -5.88862117E-02
    1.101000      1   0.00000000E+00  0.00000000E+00  2.68944275E-03  0.00000000E+00  0.00000000E+00  0.00000000E+00  0.00000000E+00  0.00000000E+00  7.18103218E-02  0.00000000E+00  0.00000000E+00 -5.88742098E-02
    1.102000      1   0.00000000E+00  0.00000000E+00  2.71404171E-03  0.00000000E+00  0.00000000E+00  0.00000000E+00  0.00000000E+00  0.00000000E+00  7.17514470E-02  0.00000000E+00  0.00000000E+00 -5.88747822E-02
    1.103000      1   0.00000000E+00  0.00000000E+00  2.71216296E-03  0.00000000E+00  0.00000000E+00  0.00000000E+00  0.00000000E+00  0.00000000E+00  7.16925778E-02  0.00000000E+00  0.00000000E+00 -5.88692149E-02
    1.104000      1   0.00000000E+00  0.00000000E+00  2.69058967E-03  0.00000000E+00  0.00000000E+00  0.00000000E+00  0.00000000E+00  0.00000000E+00  7.16337219E-02  0.00000000E+00  0.00000000E+00 -5.88559012E-02
    1.105000      1   0.00000000E+00  0.00000000E+00  2.67032219E-03  0.00000000E+00  0.00000000E+00  0.00000000E+00  0.00000000E+00  0.00000000E+00  7.15748748E-02  0.00000000E+00  0.00000000E+00 -5.88470195E-02
    1.106000      1   0.00000000E+00  0.00000000E+00  2.61923657E-03  0.00000000E+00  0.00000000E+00  0.00000000E+00  0.00000000E+00  0.00000000E+00  7.15160260E-02  0.00000000E+00  0.00000000E+00 -5.88488069E-02
    1.107000      1   0.00000000E+00  0.00000000E+00  2.63653534E-03  0.00000000E+00  0.00000000E+00  0.00000000E+00  0.00000000E+00  0.00000000E+00  7.14571598E-02  0.00000000E+00  0.00000000E+00 -5.88662844E-02
    1.108000      1   0.00000000E+00  0.00000000E+00  2.68171149E-03  0.00000000E+00  0.00000000E+00  0.00000000E+00  0.00000000E+00  0.00000000E+00  7.13982623E-02  0.00000000E+00  0.00000000E+00 -5.88974800E-02
    1.109000      1   0.00000000E+00  0.00000000E+00  2.70131453E-03  0.00000000E+00  0.00000000E+00  0.00000000E+00  0.00000000E+00  0.00000000E+00  7.13393473E-02  0.00000000E+00  0.00000000E+00 -5.89150056E-02
    1.110000      1   0.00000000E+00  0.00000000E+00  2.65442668E-03  0.00000000E+00  0.00000000E+00  0.00000000E+00  0.00000000E+00  0.00000000E+00  7.12804330E-02  0.00000000E+00  0.00000000E+00 -5.89142280E-02
    1.111000      1   0.00000000E+00  0.00000000E+00  2.56868122E-03  0.00000000E+00  0.00000000E+00  0.00000000E+00  0.00000000E+00  0.00000000E+00  7.12215177E-02  0.00000000E+00  0.00000000E+00 -5.89153041E-02
    1.112000      1   0.00000000E+00  0.00000000E+00  2.68739531E-03  0.00000000E+00  0.00000000E+00  0.00000000E+00  0.00000000E+00  0.00000000E+00  7.11625708E-02  0.00000000E+00  0.00000000E+00 -5.89469421E-02
    1.113000      1   0.00000000E+00  0.00000000E+00  2.65007040E-03  0.00000000E+00  0.00000000E+00  0.00000000E+00  0.00000000E+00  0.00000000E+00  7.11035850E-02  0.00000000E+00  0.00000000E+00 -5.89857468E-02
    1.114000      1   0.00000000E+00  0.00000000E+00  2.71142243E-03  0.00000000E+00  0.00000000E+00  0.00000000E+00  0.00000000E+00  0.00000000E+00  7.10445929E-02  0.00000000E+00  0.00000000E+00 -5.89921646E-02
    1.115000      1   0.00000000E+00  0.00000000E+00  2.66448164E-03  0.00000000E+00  0.00000000E+00  0.00000000E+00  0.00000000E+00  0.00000000E+00  7.09855929E-02  0.00000000E+00  0.00000000E+00 -5.89999910E-02
    1.116000      1   0.00000000E+00  0.00000000E+00  2.71772194E-03  0.00000000E+00  0.00000000E+00  0.00000000E+00  0.00000000E+00  0.00000000E+00  7.09265969E-02  0.00000000E+00  0.00000000E+00 -5.89959694E-02
    1.117000      1   0.00000000E+00  0.00000000E+00  2.72985258E-03  0.00000000E+00  0.00000000E+00  0.00000000E+00  0.00000000E+00  0.00000000E+00  7.08675990E-02  0.00000000E+00  0.00000000E+00 -5.89979490E-02
    1.118000      1   0.00000000E+00  0.00000000E+00  2.75950458E-03  0.00000000E+00  0.00000000E+00  0.00000000E+00  0.00000000E+00  0.00000000E+00  7.08086187E-02  0.00000000E+00  0.00000000E+00 -5.89802984E-02
    1.119000      1   0.00000000E+00  0.00000000E+00  2.66951179E-03  0.00000000E+00  0.00000000E+00  0.00000000E+00  0.00000000E+00  0.00000000E+00  7.07496653E-02  0.00000000E+00  0.00000000E+00 -5.89534204E-02
    1.120000      1   0.00000000E+00  0.00000000E+00  2.72280152E-03  0.00000000E+00  0.00000000E+00  0.00000000E+00  0.00000000E+00  0.00000000E+00  7.06907325E-02  0.00000000E+00  0.00000000E+00 -5.89327184E-02
    1.121000      1   0.00000000E+00  0.00000000E+00  2.72336809E-03  0.00000000E+00  0.00000000E+00  0.00000000E+00  0.00000000E+00  0.00000000E+00  7.06318004E-02  0.00000000E+00  0.00000000E+00 -5.89321477E-02
    1.122000      1   0.00000000E+00  0.00000000E+00  2.72413658E-03  0.00000000E+00  0.00000000E+00  0.00000000E+00  0.00000000E+00  0.00000000E+00  7.05728864E-02  0.00000000E+00  0.00000000E+00 -5.89139756E-02
    1.123000      1   0.00000000E+00  0.00000000E+00  2.68648206E-03  0.00000000E+00  0.00000000E+00  0.00000000E+00  0.00000000E+00  0.00000000E+00  7.05139909E-02  0.00000000E+00  0.00000000E+00 -5.88954816E-02
    1.124000      1   0.00000000E+00  0.00000000E+00  2.68310314E-03  0.00000000E+00  0.00000000E+00  0.00000000E+00  0.00000000E+00  0.00000000E+00  7.04551075E-02  0.00000000E+00  0.00000000E+00 -5.88833940E-02
    1.125000      1   0.00000000E+00  0.00000000E+00  2.63374149E-03  0.00000000E+00  0.00000000E+00  0.00000000E+00  0.00000000E+00  0.00000000E+00  7.03962233E-02  0.00000000E+00  0.00000000E+00 -5.88842702E-02
    1.126000      1   0.00000000E+00  0.00000000E+00  2.66533188E-03  0.00000000E+00  0.00000000E+00  0.00000000E+00  0.00000000E+00  0.00000000E+00  7.03373283E-02  0.00000000E+00  0.00000000E+00 -5.88949852E-02
    1.127000      1   0.00000000E+00  0.00000000E+00  2.67370391E-03  0.00000000E+00  0.00000000E+00  0.00000000E+00  0.00000000E+00  0.00000000E+00  7.02784120E-02  0.00000000E+00  0.00000000E+00 -5.89163248E-02
    1.128000      1   0.00000000E+00  0.00000000E+00  2.68697123E-03  0.00000000E+00  0.00000000E+00  0.00000000E+00  0.00000000E+00  0.00000000E+00  7.02194861E-02  0.00000000E+00  0.00000000E+00 -5.89258092E-02
    1.129000      1   0.00000000E+00  0.00000000E+00  2.65980703E-03  0.00000000E+00  0.00000000E+00  0.00000000E+00  0.00000000E+00  0.00000000E+00  7.01605559E-02  0.00000000E+00  0.00000000E+00 -5.89301979E-02
    1.130000      1   0.00000000E+00  0.00000000E+00  2.57724359E-03  0.00000000E+00  0.00000000E+00  0.00000000E+00  0.00000000E+00  0.00000000E+00  7.01016209E-02  0.00000000E+00  0.00000000E+00 -5.89350332E-02
    1.131000      1   0.00000000E+00  0.00000000E+00  2.68547906E-03  0.00000000E+00  0.00000000E+00  0.00000000E+00  0.00000000E+00  0.00000000E+00  7.00426575E-02  0.00000000E+00  0.00000000E+00 -5.89633899E-02
    1.132000      1   0.00000000E+00  0.00000000E+00  2.63916998E-03  0.00000000E+00  0.00000000E+00  0.00000000E+00  0.00000000E+00  0.00000000E+00  6.99836578E-02  0.00000000E+00  0.00000000E+00 -5.89997216E-02
    1.133000      1   0.00000000E+00  0.00000000E+00  2.70687179E-03  0.00000000E+00  0.00000000E+00  0.00000000E+00  0.00000000E+00  0.00000000E+00  6.99246491E-02  0.00000000E+00  0.00000000E+00 -5.90086963E-02
    1.134000      1   0.00000000E+00  0.00000000E+00  2.67771920E-03  0.00000000E+00  0.00000000E+00  0.00000000E+00  0.00000000E+00  0.00000000E+00  6.98656282E-02  0.00000000E+00  0.00000000E+00 -5.90209073E-02
    1.135000      1   0.00000000E+00  0.00000000E+00  2.76119016E-03  0.00000000E+00  0.00000000E+00  0.00000000E+00  0.00000000E+00  0.00000000E+00  6.98066122E-02  0.00000000E+00  0.00000000E+00 -5.90160393E-02
    1.136000      1   0.00000000E+00  0.00000000E+00  2.70989582E-03  0.00000000E+00  0.00000000E+00  0.00000000E+00  0.00000000E+00  0.00000000E+00  6.97476062E-02  0.00000000E+00  0.00000000E+00 -5.90059845E-02
    1.137000      1   0.00000000E+00  0.00000000E+00  2.76057950E-03  0.00000000E+00  0.00000000E+00  0.00000000E+00  0.00000000E+00  0.00000000E+00  6.96886286E-02  0.00000000E+00  0.00000000E+00 -5.89775875E-02
    1.138000      1   0.00000000E+00  0.00000000E+00  2.69625504E-03  0.00000000E+00  0.00000000E+00  0.00000000E+00  0.00000000E+00  0.00000000E+00  6.96296715E-02  0.00000000E+00  0.00000000E+00 -5.89570735E-02
    1.139000      1   0.00000000E+00  0.00000000E+00  2.70879469E-03  0.00000000E+00  0.00000000E+00  0.00000000E+00  0.00000000E+00  0.00000000E+00  6.95707402E-02  0.00000000E+00  0.00000000E+00 -5.89312892E-02
    1.140000      1   0.00000000E+00  0.00000000E+00  2.69445561E-03  0.00000000E+00  0.00000000E+00  0.00000000E+00  0.00000000E+00  0.00000000E+00  6.95118158E-02  0.00000000E+00  0.00000000E+00 -5.89244126E-02
    1.141000      1   0.00000000E+00  0.00000000E+00  2.70338112E-03  0.00000000E+00  0.00000000E+00  0.00000000E+00  0.00000000E+00  0.00000000E+00  6.94528999E-02  0.00000000E+00  0.00000000E+00 -5.89159534E-02
    1.142000      1   0.00000000E+00  0.00000000E+00  2.67310744E-03  0.00000000E+00  0.00000000E+00  0.00000000E+00  0.00000000E+00  0.00000000E+00  6.93939892E-02  0.00000000E+00  0.00000000E+00 -5.89106251E-02
    1.143000      1   0.00000000E+00  0.00000000E+00  2.69250676E-03  0.00000000E+00  0.00000000E+00  0.00000000E+00  0.00000000E+00  0.00000000E+00  6.93350815E-02  0.00000000E+00  0.00000000E+00 -5.89077190E-02
    1.144000      1   0.00000000E+00  0.00000000E+00  2.62505106E-03  0.00000000E+00  0.00000000E+00  0.00000000E+00  0.00000000E+00  0.00000000E+00  6.92761702E-02  0.00000000E+00  0.00000000E+00 -5.89113247E-02
    1.145000      1   0.00000000E+00  0.00000000E+00  2.65844921E-03  0.00000000E+00  0.00000000E+00  0.00000000E+00  0.00000000E+00  0.00000000E+00  6.92172497E-02  0.00000000E+00  0.00000000E+00 -5.89204882E-02
    1.146000      1   0.00000000E+00  0.00000000E+00  2.61684668E-03  0.00000000E+00  0.00000000E+00  0.00000000E+00  0.00000000E+00  0.00000000E+00  6.91583038E-02  0.00000000E+00  0.00000000E+00 -5.89458990E-02
    1.147000      1   0.00000000E+00  0.00000000E+00  2.68026070E-03  0.00000000E+00  0.00000000E+00  0.00000000E+00  0.00000000E+00  0.00000000E+00  6.90993361E-02  0.00000000E+00  0.00000000E+00 -5.89676984E-02
    1.148000      1   0.00000000E+00  0.00000000E+00  2.66835601E-03  0.00000000E+00  0.00000000E+00  0.00000000E+00  0.00000000E+00  0.00000000E+00  6.90403442E-02  0.00000000E+00  0.00000000E+00 -5.89919466E-02
    1.149000      1   0.00000000E+00  0.00000000E+00  2.63694775E-03  0.00000000E+00  0.00000000E+00  0.00000000E+00  0.00000000E+00  0.00000000E+00  6.89813467E-02  0.00000000E+00  0.00000000E+00 -5.89974738E-02
    1.150000      1   0.00000000E+00  0.00000000E+00  2.69296258E-03  0.00000000E+00  0.00000000E+00  0.00000000E+00  0.00000000E+00  0.00000000E+00  6.89223342E-02  0.00000000E+00  0.00000000E+00 -5.90124650E-02
    1.151000      1   0.00000000E+00  0.00000000E+00  2.65651945E-03  0.00000000E+00  0.00000000E+00  0.00000000E+00  0.00000000E+00  0.00000000E+00  6.88633064E-02  0.00000000E+00  0.00000000E+00 -5.90278655E-02
    1.152000      1   0.00000000E+00  0.00000000E+00  2.65765686E-03  0.00000000E+00  0.00000000E+00  0.00000000E+00  0.00000000E+00  0.00000000E+00  6.88042750E-02  0.00000000E+00  0.00000000E+00 -5.90313144E-02
    1.153000      1   0.00000000E+00  0.00000000E+00  2.70969387E-03  0.00000000E+00  0.00000000E+00  0.00000000E+00  0.00000000E+00  0.00000000E+00  6.87452285E-02  0.00000000E+00  0.00000000E+00 -5.90465307E-02
    1.154000      1   0.00000000E+00  0.00000000E+00  2.73553489E-03  0.00000000E+00  0.00000000E+00  0.00000000E+00  0.00000000E+00  0.00000000E+00  6.86861763E-02  0.00000000E+00  0.00000000E+00 -5.90521713E-02
    1.155000      1   0.00000000E+00  0.00000000E+00  2.66769640E-03  0.00000000E+00  0.00000000E+00  0.00000000E+00  0.00000000E+00  0.00000000E+00  6.86271402E-02  0.00000000E+00  0.00000000E+00 -5.90361524E-02
    1.156000      1   0.00000000E+00  0.00000000E+00  2.75014841E-03  0.00000000E+00  0.00000000E+00  0.00000000E+00  0.00000000E+00  0.00000000E+00  6.85681165E-02  0.00000000E+00  0.00000000E+00 -5.90236434E-02
    1.157000      1   0.00000000E+00  0.00000000E+00  2.69687530E-03  0.00000000E+00  0.00000000E+00  0.00000000E+00  0.00000000E+00  0.00000000E+00  6.85090977E-02  0.00000000E+00  0.00000000E+00 -5.90188329E-02
    1.158000      1   0.00000000E+00  0.00000000E+00  2.72947998E-03  0.00000000E+00  0.00000000E+00  0.00000000E+00  0.00000000E+00  0.00000000E+00  6.84501013E-02  0.00000000E+00  0.00000000E+00 -5.89963647E-02
    1.159000      1   0.00000000E+00  0.00000000E+00  2.71655846E-03  0.00000000E+00  0.00000000E+00  0.00000000E+00  0.00000000E+00  0.00000000E+00  6.83911157E-02  0.00000000E+00  0.00000000E+00 -5.89856264E-02
    1.160000      1   0.00000000E+00  0.00000000E+00  2.75121959E-03  0.00000000E+00  0.00000000E+00  0.00000000E+00  0.00000000E+00  0.00000000E+00  6.83321493E-02  0.00000000E+00  0.00000000E+00 -5.89664653E-02
    1.161000      1   0.00000000E+00  0.00000000E+00  2.66563014E-03  0.00000000E+00  0.00000000E+00  0.00000000E+00  0.00000000E+00  0.00000000E+00  6.82732038E-02  0.00000000E+00  0.00000000E+00 -5.89454183E-02
    1.162000      1   0.00000000E+00  0.00000000E+00  2.64584070E-03  0.00000000E+00  0.00000000E+00  0.00000000E+00  0.00000000E+00  0.00000000E+00  6.82142757E-02  0.00000000E+00  0.00000000E+00 -5.89281237E-02
    1.163000      1   0.00000000E+00  0.00000000E+00  2.61589976E-03  0.00000000E+00  0.00000000E+00  0.00000000E+00  0.00000000E+00  0.00000000E+00  6.81553333E-02  0.00000000E+00  0.00000000E+00 -5.89424374E-02
    1.164000      1   0.00000000E+00  0.00000000E+00  2.69444778E-03  0.00000000E+00  0.00000000E+00  0.00000000E+00  0.00000000E+00  0.00000000E+00  6.80963647E-02  0.00000000E+00  0.00000000E+00 -5.89685450E-02
    1.165000      1   0.00000000E+00  0.00000000E+00  2.64323529E-03  0.00000000E+00  0.00000000E+00  0.00000000E+00  0.00000000E+00  0.00000000E+00  6.80373741E-02  0.00000000E+00  0.00000000E+00 -5.89905954E-02
    1.166000      1   0.00000000E+00  0.00000000E+00  2.68522247E-03  0.00000000E+00  0.00000000E+00  0.00000000E+00  0.00000000E+00  0.00000000E+00  6.79783782E-02  0.00000000E+00  0.00000000E+00 -5.89959057E-02
    1.167000      1   0.00000000E+00  0.00000000E+00  2.63637663E-03  0.00000000E+00  0.00000000E+00  0.00000000E+00  0.00000000E+00  0.00000000E+00  6.79193676E-02  0.00000000E+00  0.00000000E+00 -5.90106100E-02
    1.168000      1   0.00000000E+00  0.00000000E+00  2.63825100E-03  0.00000000E+00  0.00000000E+00  0.00000000E+00  0.00000000E+00  0.00000000E+00  6.78603475E-02  0.00000000E+00  0.00000000E+00 -5.90201630E-02
    1.169000      1   0.00000000E+00  0.00000000E+00  2.69005246E-03  0.00000000E+00  0.00000000E+00  0.00000000E+00  0.00000000E+00  0.00000000E+00  6.78013020E-02  0.00000000E+00  0.00000000E+00 -5.90454262E-02
    1.170000      1   0.00000000E+00  0.00000000E+00  2.71880566E-03  0.00000000E+00  0.00000000E+00  0.00000000E+00  0.00000000E+00  0.00000000E+00  6.77422411E-02  0.00000000E+00  0.00000000E+00 -5.90609133E-02
    1.171000      1   0.00000000E+00  0.00000000E+00  2.67062341E-03  0.00000000E+00  0.00000000E+00  0.00000000E+00  0.00000000E+00  0.00000000E+00  6.76831868E-02  0.00000000E+00  0.00000000E+00 -5.90543033E-02
    1.172000      1   0.00000000E+00  0.00000000E+00  2.71214532E-03  0.00000000E+00  0.00000000E+00  0.00000000E+00  0.00000000E+00  0.00000000E+00  6.76241400E-02  0.00000000E+00  0.00000000E+00 -5.90467709E-02
    1.173000      1   0.00000000E+00  0.00000000E+00  2.73506275E-03  0.00000000E+00  0.00000000E+00  0.00000000E+00  0.00000000E+00  0.00000000E+00  6.75650923E-02  0.00000000E+00  0.00000000E+00 -5.90477195E-02
    1.174000      1   0.00000000E+00  0.00000000E+00  2.66133556E-03  0.00000000E+00  0.00000000E+00  0.00000000E+00  0.00000000E+00  0.00000000E+00  6.75060613E-02  0.00000000E+00  0.00000000E+00 -5.90309791E-02
    1.175000      1   0.00000000E+00  0.00000000E+00  2.75422009E-03  0.00000000E+00  0.00000000E+00  0.00000000E+00  0.00000000E+00  0.00000000E+00  6.74470416E-02  0.00000000E+00  0.00000000E+00 -5.90197500E-02
    1.176000      1   0.00000000E+00  0.00000000E+00  2.71576469E-03  0.00000000E+00  0.00000000E+00  0.00000000E+00  0.00000000E+00  0.00000000E+00  6.73880253E-02  0.00000000E+00  0.00000000E+00 -5.90163085E-02
    1.177000      1   0.00000000E+00  0.00000000E+00  2.69490049E-03  0.00000000E+00  0.00000000E+00  0.00000000E+00  0.00000000E+00  0.00000000E+00  6.73290361E-02  0.00000000E+00  0.00000000E+00 -5.89891627E-02
    1.178000      1   0.00000000E+00  0.00000000E+00  2.69174299E-03  0.00000000E+00  0.00000000E+00  0.00000000E+00  0.00000000E+00  0.00000000E+00  6.72700578E-02  0.00000000E+00  0.00000000E+00 -5.89783358E-02
    1.179000      1   0.00000000E+00  0.00000000E+00  2.67713987E-03  0.00000000E+00  0.00000000E+00  0.00000000E+00  0.00000000E+00  0.00000000E+00  6.72110829E-02  0.00000000E+00  0.00000000E+00 -5.89749194E-02
    1.180000      1   0.00000000E+00  0.00000000E+00  2.68247299E-03  0.00000000E+00  0.00000000E+00  0.00000000E+00  0.00000000E+00  0.00000000E+00  6.71521077E-02  0.00000000E+00  0.00000000E+00 -5.89751224E-02
    1.181000      1   0.00000000E+00  0.00000000E+00  2.64739652E-03  0.00000000E+00  0.00000000E+00  0.00000000E+00  0.00000000E+00  0.00000000E+00  6.70931286E-02  0.00000000E+00  0.00000000E+00 -5.89791782E-02
    1.182000      1   0.00000000E+00  0.00000000E+00  2.61904615E-03  0.00000000E+00  0.00000000E+00  0.00000000E+00  0.00000000E+00  0.00000000E+00  6.70341409E-02  0.00000000E+00  0.00000000E+00 -5.89876854E-02
    1.183000      1   0.00000000E+00  0.00000000E+00  2.70499175E-03  0.00000000E+00  0.00000000E+00  0.00000000E+00  0.00000000E+00  0.00000000E+00  6.69751282E-02  0.00000000E+00  0.00000000E+00 -5.90127256E-02
    1.184000      1   0.00000000E+00  0.00000000E+00  2.62372470E-03  0.00000000E+00  0.00000000E+00  0.00000000E+00  0.00000000E+00  0.00000000E+00  6.69160963E-02  0.00000000E+00  0.00000000E+00 -5.90318780E-02
    1.185000      1   0.00000000E+00  0.00000000E+00  2.68225662E-03  0.00000000E+00  0.00000000E+00  0.00000000E+00  0.00000000E+00  0.00000000E+00  6.68570591E-02  0.00000000E+00  0.00000000E+00 -5.90371758E-02
    1.186000      1   0.00000000E+00  0.00000000E+00  2.65449404E-03  0.00000000E+00  0.00000000E+00  0.00000000E+00  0.00000000E+00  0.00000000E+00  6.67980003E-02  0.00000000E+00  0.00000000E+00 -5.90588122E-02
    1.187000      1   0.00000000E+00  0.00000000E+00  2.68307069E-03  0.00000000E+00  0.00000000E+00  0.00000000E+00  0.00000000E+00  0.00000000E+00  6.67389342E-02  0.00000000E+00  0.00000000E+00 -5.90661353E-02
    1.188000      1   0.00000000E+00  0.00000000E+00  2.63685226E-03  0.00000000E+00  0.00000000E+00  0.00000000E+00  0.00000000E+00  0.00000000E+00  6.66798566E-02  0.00000000E+00  0.00000000E+00 -5.90775226E-02
    1.189000      1   0.00000000E+00  0.00000000E+00  2.69941593E-03  0.00000000E+00  0.00000000E+00  0.00000000E+00  0.00000000E+00  0.00000000E+00  6.66207689E-02  0.00000000E+00  0.00000000E+00 -5.90876981E-02
    1.190000      1   0.00000000E+00  0.00000000E+00  2.62687716E-03  0.00000000E+00  0.00000000E+00  0.00000000E+00  0.00000000E+00  0.00000000E+00  6.65616669E-02  0.00000000E+00  0.00000000E+00 -5.91019888E-02
    1.191000      1   0.00000000E+00  0.00000000E+00  2.73180482E-03  0.00000000E+00  0.00000000E+00  0.00000000E+00  0.00000000E+00  0.00000000E+00  6.65025584E-02  0.00000000E+00  0.00000000E+00 -5.91085602E-02
    1.192000      1   0.00000000E+00  0.00000000E+00  2.74227077E-03  0.00000000E+00  0.00000000E+00  0.00000000E+00  0.00000000E+00  0.00000000E+00  6.64434380E-02  0.00000000E+00  0.00000000E+00 -5.91203993E-02
    1.193000      1   0.00000000E+00  0.00000000E+00  2.76436680E-03  0.00000000E+00  0.00000000E+00  0.00000000E+00  0.00000000E+00  0.00000000E+00  6.63843421E-02  0.00000000E+00  0.00000000E+00 -5.90959277E-02
    1.194000      1   0.00000000E+00  0.00000000E+00  2.69247977E-03  0.00000000E+00  0.00000000E+00  0.00000000E+00  0.00000000E+00  0.00000000E+00  6.63252779E-02  0.00000000E+00  0.00000000E+00 -5.90641115E-02
    1.195000      1   0.00000000E+00  0.00000000E+00  2.64862627E-03  0.00000000E+00  0.00000000E+00  0.00000000E+00  0.00000000E+00  0.00000000E+00  6.62662402E-02  0.00000000E+00  0.00000000E+00 -5.90377510E-02
    1.196000      1   0.00000000E+00  0.00000000E+00  2.75320909E-03  0.00000000E+00  0.00000000E+00  0.00000000E+00  0.00000000E+00  0.00000000E+00  6.62071974E-02  0.00000000E+00  0.00000000E+00 -5.90427543E-02
    1.197000      1   0.00000000E+00  0.00000000E+00  2.74673612E-03  0.00000000E+00  0.00000000E+00  0.00000000E+00  0.00000000E+00  0.00000000E+00  6.61481538E-02  0.00000000E+00  0.00000000E+00 -5.90436655E-02
    1.198000      1   0.00000000E+00  0.00000000E+00  2.72015836E-03  0.00000000E+00  0.00000000E+00  0.00000000E+00  0.00000000E+00  0.00000000E+00  6.60891424E-02  0.00000000E+00  0.00000000E+00 -5.90113748E-02
    1.199000      1   0.00000000E+00  0.00000000E+00  2.66486352E-03  0.00000000E+00  0.00000000E+00  0.00000000E+00  0.00000000E+00  0.00000000E+00  6.60301565E-02  0.00000000E+00  0.00000000E+00 -5.89859099E-02
    1.200000      1   0.00000000E+00  0.00000000E+00  2.62233667E-03  0.00000000E+00  0.00000000E+00  0.00000000E+00  0.00000000E+00  0.00000000E+00  6.59711775E-02  0.00000000E+00  0.00000000E+00 -5.89789518E-02
    1.201000      1   0.00000000E+00  0.00000000E+00  2.61611092E-03  0.00000000E+00  0.00000000E+00  0.00000000E+00  0.00000000E+00  0.00000000E+00  6.59121799E-02  0.00000000E+00  0.00000000E+00 -5.89976737E-02
    1.202000      1   0.00000000E+00  0.00000000E+00  2.71883770E-03  0.00000000E+00  0.00000000E+00  0.00000000E+00  0.00000000E+00  0.00000000E+00  6.58531484E-02  0.00000000E+00  0.00000000E+00 -5.90314630E-02
    1.203000      1   0.00000000E+00  0.00000000E+00  2.71707350E-03  0.00000000E+00  0.00000000E+00  0.00000000E+00  0.00000000E+00  0.00000000E+00  6.57940993E-02  0.00000000E+00  0.00000000E+00 -5.90491309E-02
    1.204000      1   0.00000000E+00  0.00000000E+00  2.65657604E-03  0.00000000E+00  0.00000000E+00  0.00000000E+00  0.00000000E+00  0.00000000E+00  6.57350659E-02  0.00000000E+00  0.00000000E+00 -5.90333738E-02
    1.205000      1   0.00000000E+00  0.00000000E+00  2.55704964E-03  0.00000000E+00  0.00000000E+00  0.00000000E+00  0.00000000E+00  0.00000000E+00  6.56760370E-02  0.00000000E+00  0.00000000E+00 -5.90288944E-02
    1.206000      1   0.00000000E+00  0.00000000E+00  2.68635499E-03  0.00000000E+00  0.00000000E+00  0.00000000E+00  0.00000000E+00  0.00000000E+00  6.56169751E-02  0.00000000E+00  0.00000000E+00 -5.90618833E-02
    1.207000      1   0.00000000E+00  0.00000000E+00  2.63815178E-03  0.00000000E+00  0.00000000E+00  0.00000000E+00  0.00000000E+00  0.00000000E+00  6.55578704E-02  0.00000000E+00  0.00000000E+00 -5.91046920E-02
    1.208000      1   0.00000000E+00  0.00000000E+00  2.73732299E-03  0.00000000E+00  0.00000000E+00  0.00000000E+00  0.00000000E+00  0.00000000E+00  6.54987569E-02  0.00000000E+00  0.00000000E+00 -5.91135591E-02
    1.209000      1   0.00000000E+00  0.00000000E+00  2.66438878E-03  0.00000000E+00  0.00000000E+00  0.00000000E+00  0.00000000E+00  0.00000000E+00  6.54396361E-02  0.00000000E+00  0.00000000E+00 -5.91207195E-02
    1.210000      1   0.00000000E+00  0.00000000E+00  2.76066554E-03  0.00000000E+00  0.00000000E+00  0.00000000E+00  0.00000000E+00  0.00000000E+00  6.53805279E-02  0.00000000E+00  0.00000000E+00 -5.91082083E-02
    1.211000      1   0.00000000E+00  0.00000000E+00  2.70373117E-03  0.00000000E+00  0.00000000E+00  0.00000000E+00  0.00000000E+00  0.00000000E+00  6.53214253E-02  0.00000000E+00  0.00000000E+00 -5.91026242E-02
    1.212000      1   0.00000000E+00  0.00000000E+00  2.74664759E-03  0.00000000E+00  0.00000000E+00  0.00000000E+00  0.00000000E+00  0.00000000E+00  6.52623498E-02  0.00000000E+00  0.00000000E+00 -5.90754896E-02
    1.213000      1   0.00000000E+00  0.00000000E+00  2.69834709E-03  0.00000000E+00  0.00000000E+00  0.00000000E+00  0.00000000E+00  0.00000000E+00  6.52032904E-02  0.00000000E+00  0.00000000E+00 -5.90594638E-02
    1.214000      1   0.00000000E+00  0.00000000E+00  2.68593982E-03  0.00000000E+00  0.00000000E+00  0.00000000E+00  0.00000000E+00  0.00000000E+00  6.51442525E-02  0.00000000E+00  0.00000000E+00 -5.90378851E-02
    1.215000      1   0.00000000E+00  0.00000000E+00  2.72105027E-03  0.00000000E+00  0.00000000E+00  0.00000000E+00  0.00000000E+00  0.00000000E+00  6.50852181E-02  0.00000000E+00  0.00000000E+00 -5.90343630E-02
    1.216000      1   0.00000000E+00  0.00000000E+00  2.71910249E-03  0.00000000E+00  0.00000000E+00  0.00000000E+00  0.00000000E+00  0.00000000E+00  6.50261894E-02  0.00000000E+00  0.00000000E+00 -5.90287068E-02
    1.217000      1   0.00000000E+00  0.00000000E+00  2.69361014E-03  0.00000000E+00  0.00000000E+00  0.00000000E+00  0.00000000E+00  0.00000000E+00  6.49671775E-02  0.00000000E+00  0.00000000E+00 -5.90118642E-02
    1.218000      1   0.00000000E+00  0.00000000E+00  2.63889723E-03  0.00000000E+00  0.00000000E+00  0.00000000E+00  0.00000000E+00  0.00000000E+00  6.49081774E-02  0.00000000E+00  0.00000000E+00 -5.90001693E-02
    1.219000      1   0.00000000E+00  0.00000000E+00  2.59923535E-03  0.00000000E+00  0.00000000E+00  0.00000000E+00  0.00000000E+00  0.00000000E+00  6.48491709E-02  0.00000000E+00  0.00000000E+00 -5.90065219E-02
    1.220000      1   0.00000000E+00  0.00000000E+00  2.63521026E-03  0.00000000E+00  0.00000000E+00  0.00000000E+00  0.00000000E+00  0.00000000E+00  6.47901330E-02  0.00000000E+00  0.00000000E+00 -5.90378568E-02
    1.221000      1   0.00000000E+00  0.00000000E+00  2.66211489E-03  0.00000000E+00  0.00000000E+00  0.00000000E+00  0.00000000E+00  0.00000000E+00  6.47310571E-02  0.00000000E+00  0.00000000E+00 -5.90758554E-02
    1.222000      1   0.00000000E+00  0.00000000E+00  2.71575888E-03  0.00000000E+00  0.00000000E+00  0.00000000E+00  0.00000000E+00  0.00000000E+00  6.46719599E-02  0.00000000E+00  0.00000000E+00 -5.90972816E-02
    1.223000      1   0.00000000E+00  0.00000000E+00  2.66501112E-03  0.00000000E+00  0.00000000E+00  0.00000000E+00  0.00000000E+00  0.00000000E+00  6.46128595E-02  0.00000000E+00  0.00000000E+00 -5.91003856E-02
    1.224000      1   0.00000000E+00  0.00000000E+00  2.59391842E-03  0.00000000E+00  0.00000000E+00  0.00000000E+00  0.00000000E+00  0.00000000E+00  6.45537646E-02  0.00000000E+00  0.00000000E+00 -5.90948462E-02
    1.225000      1   0.00000000E+00  0.00000000E+00  2.70096524E-03  0.00000000E+00  0.00000000E+00  0.00000000E+00  0.00000000E+00  0.00000000E+00  6.44946461E-02  0.00000000E+00  0.00000000E+00 -5.91185451E-02
    1.226000      1   0.00000000E+00  0.00000000E+00  2.65127291E-03  0.00000000E+00  0.00000000E+00  0.00000000E+00  0.00000000E+00  0.00000000E+00  6.44354994E-02  0.00000000E+00  0.00000000E+00 -5.91466619E-02
    1.227000      1   0.00000000E+00  0.00000000E+00  2.70702343E-03  0.00000000E+00  0.00000000E+00  0.00000000E+00  0.00000000E+00  0.00000000E+00  6.43763510E-02  0.00000000E+00  0.00000000E+00 -5.91484104E-02
    1.228000      1   0.00000000E+00  0.00000000E+00  2.72063778E-03  0.00000000E+00  0.00000000E+00  0.00000000E+00  0.00000000E+00  0.00000000E+00  6.43171944E-02  0.00000000E+00  0.00000000E+00 -5.91566198E-02
    1.229000      1   0.00000000E+00  0.00000000E+00  2.72500233E-03  0.00000000E+00  0.00000000E+00  0.00000000E+00  0.00000000E+00  0.00000000E+00  6.42580503E-02  0.00000000E+00  0.00000000E+00 -5.91441124E-02
    1.230000      1   0.00000000E+00  0.00000000E+00  2.67225320E-03  0.00000000E+00  0.00000000E+00  0.00000000E+00  0.00000000E+00  0.00000000E+00  6.41989239E-02  0.00000000E+00  0.00000000E+00 -5.91263619E-02
    1.231000      1   0.00000000E+00  0.00000000E+00  2.74977985E-03  0.00000000E+00  0.00000000E+00  0.00000000E+00  0.00000000E+00  0.00000000E+00  6.41398074E-02  0.00000000E+00  0.00000000E+00 -5.91165062E-02
    1.232000      1   0.00000000E+00  0.00000000E+00  2.69316774E-03  0.00000000E+00  0.00000000E+00  0.00000000E+00  0.00000000E+00  0.00000000E+00  6.40806971E-02  0.00000000E+00  0.00000000E+00 -5.91102644E-02
    1.233000      1   0.00000000E+00  0.00000000E+00  2.73833721E-03  0.00000000E+00  0.00000000E+00  0.00000000E+00  0.00000000E+00  0.00000000E+00  6.40216086E-02  0.00000000E+00  0.00000000E+00 -5.90885728E-02
    1.234000      1   0.00000000E+00  0.00000000E+00  2.72333810E-03  0.00000000E+00  0.00000000E+00  0.00000000E+00  0.00000000E+00  0.00000000E+00  6.39625311E-02  0.00000000E+00  0.00000000E+00 -5.90774858E-02
    1.235000      1   0.00000000E+00  0.00000000E+00  2.74591213E-03  0.00000000E+00  0.00000000E+00  0.00000000E+00  0.00000000E+00  0.00000000E+00  6.39034769E-02  0.00000000E+00  0.00000000E+00 -5.90542170E-02
    1.236000      1   0.00000000E+00  0.00000000E+00  2.67476689E-03  0.00000000E+00  0.00000000E+00  0.00000000E+00  0.00000000E+00  0.00000000E+00  6.38444450E-02  0.00000000E+00  0.00000000E+00 -5.90318820E-02
    1.237000      1   0.00000000E+00  0.00000000E+00  2.65268128E-03  0.00000000E+00  0.00000000E+00  0.00000000E+00  0.00000000E+00  0.00000000E+00  6.37854303E-02  0.00000000E+00  0.00000000E+00 -5.90147147E-02
    1.238000      1   0.00000000E+00  0.00000000E+00  2.61850892E-03  0.00000000E+00  0.00000000E+00  0.00000000E+00  0.00000000E+00  0.00000000E+00  6.37264055E-02  0.00000000E+00  0.00000000E+00 -5.90248181E-02
    1.239000      1   0.00000000E+00  0.00000000E+00  2.68722385E-03  0.00000000E+00  0.00000000E+00  0.00000000E+00  0.00000000E+00  0.00000000E+00  6.36673572E-02  0.00000000E+00  0.00000000E+00 -5.90482178E-02
    1.240000      1   0.00000000E+00  0.00000000E+00  2.63663249E-03  0.00000000E+00  0.00000000E+00  0.00000000E+00  0.00000000E+00  0.00000000E+00  6.36082865E-02  0.00000000E+00  0.00000000E+00 -5.90706887E-02
    1.241000      1   0.00000000E+00  0.00000000E+00  2.69270811E-03  0.00000000E+00  0.00000000E+00  0.00000000E+00  0.00000000E+00  0.00000000E+00  6.35492070E-02  0.00000000E+00  0.00000000E+00 -5.90795391E-02
    1.242000      1   0.00000000E+00  0.00000000E+00  2.66513351E-03  0.00000000E+00  0.00000000E+00  0.00000000E+00  0.00000000E+00  0.00000000E+00  6.34901119E-02  0.00000000E+00  0.00000000E+00 -5.90950881E-02
    1.243000      1   0.00000000E+00  0.00000000E+00  2.62918519E-03  0.00000000E+00  0.00000000E+00  0.00000000E+00  0.00000000E+00  0.00000000E+00  6.34310148E-02  0.00000000E+00  0.00000000E+00 -5.90970973E-02
    1.244000      1   0.00000000E+00  0.00000000E+00  2.68461114E-03  0.00000000E+00  0.00000000E+00  0.00000000E+00  0.00000000E+00  0.00000000E+00  6.33719003E-02  0.00000000E+00  0.00000000E+00 -5.91145195E-02
    1.245000      1   0.00000000E+00  0.00000000E+00  2.71983714E-03  0.00000000E+00  0.00000000E+00  0.00000000E+00  0.00000000E+00  0.00000000E+00  6.33127664E-02  0.00000000E+00  0.00000000E+00 -5.91339462E-02
    1.246000      1   0.00000000E+00  0.00000000E+00  2.68594356E-03  0.00000000E+00  0.00000000E+00  0.00000000E+00  0.00000000E+00  0.00000000E+00  6.32536374E-02  0.00000000E+00  0.00000000E+00 -5.91289409E-02
    1.247000      1   0.00000000E+00  0.00000000E+00  2.72669316E-03  0.00000000E+00  0.00000000E+00  0.00000000E+00  0.00000000E+00  0.00000000E+00  6.31945191E-02  0.00000000E+00  0.00000000E+00 -5.91183605E-02
    1.248000      1   0.00000000E+00  0.00000000E+00  2.73138140E-03  0.00000000E+00  0.00000000E+00  0.00000000E+00  0.00000000E+00  0.00000000E+00  6.31354073E-02  0.00000000E+00  0.00000000E+00 -5.91117052E-02
    1.249000      1   0.00000000E+00  0.00000000E+00  2.66593880E-03  0.00000000E+00  0.00000000E+00  0.00000000E+00  0.00000000E+00  0.00000000E+00  6.30763165E-02  0.00000000E+00  0.00000000E+00 -5.90908380E-02
    1.250000      1   0.00000000E+00  0.00000000E+00  2.74993803E-03  0.00000000E+00  0.00000000E+00  0.00000000E+00  0.00000000E+00  0.00000000E+00  6.30172365E-02  0.00000000E+00  0.00000000E+00 -5.90800039E-02
    1.251000      1   0.00000000E+00  0.00000000E+00  2.72546613E-03  0.00000000E+00  0.00000000E+00  0.00000000E+00  0.00000000E+00  0.00000000E+00  6.29581607E-02  0.00000000E+00  0.00000000E+00 -5.90758078E-02
    1.252000      1   0.00000000E+00  0.00000000E+00  2.71079781E-03  0.00000000E+00  0.00000000E+00  0.00000000E+00  0.00000000E+00  0.00000000E+00  6.28991123E-02  0.00000000E+00  0.00000000E+00 -5.90483527E-02
    1.253000      1   0.00000000E+00  0.00000000E+00  2.68262802E-03  0.00000000E+00  0.00000000E+00  0.00000000E+00  0.00000000E+00  0.00000000E+00  6.28400808E-02  0.00000000E+00  0.00000000E+00 -5.90315285E-02
    1.254000      1   0.00000000E+00  0.00000000E+00  2.70686950E-03  0.00000000E+00  0.00000000E+00  0.00000000E+00  0.00000000E+00  0.00000000E+00  6.27810563E-02  0.00000000E+00  0.00000000E+00 -5.90245031E-02
    1.255000      1   0.00000000E+00  0.00000000E+00  2.66854116E-03  0.00000000E+00  0.00000000E+00  0.00000000E+00  0.00000000E+00  0.00000000E+00  6.27220339E-02  0.00000000E+00  0.00000000E+00 -5.90224422E-02
    1.256000      1   0.00000000E+00  0.00000000E+00  2.65802370E-03  0.00000000E+00  0.00000000E+00  0.00000000E+00  0.00000000E+00  0.00000000E+00  6.26630147E-02  0.00000000E+00  0.00000000E+00 -5.90191980E-02
    1.257000      1   0.00000000E+00  0.00000000E+00  2.63171598E-03  0.00000000E+00  0.00000000E+00  0.00000000E+00  0.00000000E+00  0.00000000E+00  6.26039843E-02  0.00000000E+00  0.00000000E+00 -5.90304013E-02
    1.258000      1   0.00000000E+00  0.00000000E+00  2.67618451E-03  0.00000000E+00  0.00000000E+00  0.00000000E+00  0.00000000E+00  0.00000000E+00  6.25449346E-02  0.00000000E+00  0.00000000E+00 -5.90497109E-02
    1.259000      1   0.00000000E+00  0.00000000E+00  2.61834457E-03  0.00000000E+00  0.00000000E+00  0.00000000E+00  0.00000000E+00  0.00000000E+00  6.24858648E-02  0.00000000E+00  0.00000000E+00 -5.90697966E-02
    1.260000      1   0.00000000E+00  0.00000000E+00  2.67825943E-03  0.00000000E+00  0.00000000E+00  0.00000000E+00  0.00000000E+00  0.00000000E+00  6.24267793E-02  0.00000000E+00  0.00000000E+00 -5.90855065E-02
    1.261000      1   0.00000000E+00  0.00000000E+00  2.67306830E-03  0.00000000E+00  0.00000000E+00  0.00000000E+00  0.00000000E+00  0.00000000E+00  6.23676696E-02  0.00000000E+00  0.00000000E+00 -5.91096167E-02
    1.262000      1   0.00000000E+00  0.00000000E+00  2.65070108E-03  0.00000000E+00  0.00000000E+00  0.00000000E+00  0.00000000E+00  0.00000000E+00  6.23085547E-02  0.00000000E+00  0.00000000E+00 -5.91149679E-02
    1.263000      1   0.00000000E+00  0.00000000E+00  2.63670408E-03  0.00000000E+00  0.00000000E+00  0.00000000E+00  0.00000000E+00  0.00000000E+00  6.22494287E-02  0.00000000E+00  0.00000000E+00 -5.91259793E-02
    1.264000      1   0.00000000E+00  0.00000000E+00  2.69843753E-03  0.00000000E+00  0.00000000E+00  0.00000000E+00  0.00000000E+00  0.00000000E+00  6.21902819E-02  0.00000000E+00  0.00000000E+00 -5.91468117E-02
    1.265000      1   0.00000000E+00  0.00000000E+00  2.66919509E-03  0.00000000E+00  0.00000000E+00  0.00000000E+00  0.00000000E+00  0.00000000E+00  6.21311206E-02  0.00000000E+00  0.00000000E+00 -5.91613240E-02
    1.266000      1   0.00000000E+00  0.00000000E+00  2.72845683E-03  0.00000000E+00  0.00000000E+00  0.00000000E+00  0.00000000E+00  0.00000000E+00  6.20719598E-02  0.00000000E+00  0.00000000E+00 -5.91607334E-02
    1.267000      1   0.00000000E+00  0.00000000E+00  2.72738588E-03  0.00000000E+00  0.00000000E+00  0.00000000E+00  0.00000000E+00  0.00000000E+00  6.20128006E-02  0.00000000E+00  0.00000000E+00 -5.91592666E-02
    1.268000      1   0.00000000E+00  0.00000000E+00  2.68125302E-03  0.00000000E+00  0.00000000E+00  0.00000000E+00  0.00000000E+00  0.00000000E+00  6.19536620E-02  0.00000000E+00  0.00000000E+00 -5.91385268E-02
    1.269000      1   0.00000000E+00  0.00000000E+00  2.77298591E-03  0.00000000E+00  0.00000000E+00  0.00000000E+00  0.00000000E+00  0.00000000E+00  6.18945357E-02  0.00000000E+00  0.00000000E+00 -5.91262967E-02
    1.270000      1   0.00000000E+00  0.00000000E+00  2.71084654E-03  0.00000000E+00  0.00000000E+00  0.00000000E+00  0.00000000E+00  0.00000000E+00  6.18354227E-02  0.00000000E+00  0.00000000E+00 -5.91129955E-02
    1.271000      1   0.00000000E+00  0.00000000E+00  2.74471735E-03  0.00000000E+00  0.00000000E+00  0.00000000E+00  0.00000000E+00  0.00000000E+00  6.17763422E-02  0.00000000E+00  0.00000000E+00 -5.90805564E-02
    1.272000      1   0.00000000E+00  0.00000000E+00  2.68769792E-03  0.00000000E+00  0.00000000E+00  0.00000000E+00  0.00000000E+00  0.00000000E+00  6.17172796E-02  0.00000000E+00  0.00000000E+00 -5.90625352E-02
    1.273000      1   0.00000000E+00  0.00000000E+00  2.68824455E-03  0.00000000E+00  0.00000000E+00  0.00000000E+00  0.00000000E+00  0.00000000E+00  6.16582362E-02  0.00000000E+00  0.00000000E+00 -5.90434735E-02
    1.274000      1   0.00000000E+00  0.00000000E+00  2.67918575E-03  0.00000000E+00  0.00000000E+00  0.00000000E+00  0.00000000E+00  0.00000000E+00  6.15991931E-02  0.00000000E+00  0.00000000E+00 -5.90430412E-02
    1.275000      1   0.00000000E+00  0.00000000E+00  2.67804076E-03  0.00000000E+00  0.00000000E+00  0.00000000E+00  0.00000000E+00  0.00000000E+00  6.15401491E-02  0.00000000E+00  0.00000000E+00 -5.90440314E-02
    1.276000      1   0.00000000E+00  0.00000000E+00  2.64775319E-03  0.00000000E+00  0.00000000E+00  0.00000000E+00  0.00000000E+00  0.00000000E+00  6.14811009E-02  0.00000000E+00  0.00000000E+00 -5.90481990E-02
    1.277000      1   0.00000000E+00  0.00000000E+00  2.69578660E-03  0.00000000E+00  0.00000000E+00  0.00000000E+00  0.00000000E+00  0.00000000E+00  6.14220428E-02  0.00000000E+00  0.00000000E+00 -5.90580987E-02
    1.278000      1   0.00000000E+00  0.00000000E+00  2.63831964E-03  0.00000000E+00  0.00000000E+00  0.00000000E+00  0.00000000E+00  0.00000000E+00  6.13629734E-02  0.00000000E+00  0.00000000E+00 -5.90694512E-02
    1.279000      1   0.00000000E+00  0.00000000E+00  2.66653829E-03  0.00000000E+00  0.00000000E+00  0.00000000E+00  0.00000000E+00  0.00000000E+00  6.13038982E-02  0.00000000E+00  0.00000000E+00 -5.90751911E-02
    1.280000      1   0.00000000E+00  0.00000000E+00  2.61692165E-03  0.00000000E+00  0.00000000E+00  0.00000000E+00  0.00000000E+00  0.00000000E+00  6.12448033E-02  0.00000000E+00  0.00000000E+00 -5.90948139E-02
    1.281000      1   0.00000000E+00  0.00000000E+00  2.65346007E-03  0.00000000E+00  0.00000000E+00  0.00000000E+00  0.00000000E+00  0.00000000E+00  6.11856894E-02  0.00000000E+00  0.00000000E+00 -5.91139434E-02
    1.282000      1   0.00000000E+00  0.00000000E+00  2.64352040E-03  0.00000000E+00  0.00000000E+00  0.00000000E+00  0.00000000E+00  0.00000000E+00  6.11265465E-02  0.00000000E+00  0.00000000E+00 -5.91429063E-02
    1.283000      1   0.00000000E+00  0.00000000E+00  2.74550240E-03  0.00000000E+00  0.00000000E+00  0.00000000E+00  0.00000000E+00  0.00000000E+00  6.10673849E-02  0.00000000E+00  0.00000000E+00 -5.91616272E-02
    1.284000      1   0.00000000E+00  0.00000000E+00  2.66368195E-03  0.00000000E+00  0.00000000E+00  0.00000000E+00  0.00000000E+00  0.00000000E+00  6.10082193E-02  0.00000000E+00  0.00000000E+00 -5.91655781E-02
    1.285000      1   0.00000000E+00  0.00000000E+00  2.77253939E-03  0.00000000E+00  0.00000000E+00  0.00000000E+00  0.00000000E+00  0.00000000E+00  6.09490688E-02  0.00000000E+00  0.00000000E+00 -5.91505056E-02
    1.286000      1   0.00000000E+00  0.00000000E+00  2.75871627E-03  0.00000000E+00  0.00000000E+00  0.00000000E+00  0.00000000E+00  0.00000000E+00  6.08899257E-02  0.00000000E+00  0.00000000E+00 -5.91430539E-02
    1.287000      1   0.00000000E+00  0.00000000E+00  2.65001198E-03  0.00000000E+00  0.00000000E+00  0.00000000E+00  0.00000000E+00  0.00000000E+00  6.08308234E-02  0.00000000E+00  0.00000000E+00 -5.91022962E-02
    1.288000      1   0.00000000E+00  0.00000000E+00  2.72198138E-03  0.00000000E+00  0.00000000E+00  0.00000000E+00  0.00000000E+00  0.00000000E+00  6.07717381E-02  0.00000000E+00  0.00000000E+00 -5.90853015E-02
    1.289000      1   0.00000000E+00  0.00000000E+00  2.72945633E-03  0.00000000E+00  0.00000000E+00  0.00000000E+00  0.00000000E+00  0.00000000E+00  6.07126469E-02  0.00000000E+00  0.00000000E+00 -5.90912798E-02
    1.290000      1   0.00000000E+00  0.00000000E+00  2.73123008E-03  0.00000000E+00  0.00000000E+00  0.00000000E+00  0.00000000E+00  0.00000000E+00  6.06535746E-02  0.00000000E+00  0.00000000E+00 -5.90723005E-02
    1.291000      1   0.00000000E+00  0.00000000E+00  2.68414121E-03  0.00000000E+00  0.00000000E+00  0.00000000E+00  0.00000000E+00  0.00000000E+00  6.05945240E-02  0.00000000E+00  0.00000000E+00 -5.90505526E-02
    1.292000      1   0.00000000E+00  0.00000000E+00  2.69509889E-03  0.00000000E+00  0.00000000E+00  0.00000000E+00  0.00000000E+00  0.00000000E+00  6.05354875E-02  0.00000000E+00  0.00000000E+00 -5.90365493E-02
    1.293000      1   0.00000000E+00  0.00000000E+00  2.66597101E-03  0.00000000E+00  0.00000000E+00  0.00000000E+00  0.00000000E+00  0.00000000E+00  6.04764514E-02  0.00000000E+00  0.00000000E+00 -5.90360730E-02
    1.294000      1   0.00000000E+00  0.00000000E+00  2.65904456E-03  0.00000000E+00  0.00000000E+00  0.00000000E+00  0.00000000E+00  0.00000000E+00  6.04174142E-02  0.00000000E+00  0.00000000E+00 -5.90371489E-02
    1.295000      1   0.00000000E+00  0.00000000E+00  2.62979806E-03  0.00000000E+00  0.00000000E+00  0.00000000E+00  0.00000000E+00  0.00000000E+00  6.03583652E-02  0.00000000E+00  0.00000000E+00 -5.90490158E-02
    1.296000      1   0.00000000E+00  0.00000000E+00  2.68217122E-03  0.00000000E+00  0.00000000E+00  0.00000000E+00  0.00000000E+00  0.00000000E+00  6.02992969E-02  0.00000000E+00  0.00000000E+00 -5.90683293E-02
    1.297000      1   0.00000000E+00  0.00000000E+00  2.64027919E-03  0.00000000E+00  0.00000000E+00  0.00000000E+00  0.00000000E+00  0.00000000E+00  6.02402089E-02  0.00000000E+00  0.00000000E+00 -5.90879862E-02
    1.298000      1   0.00000000E+00  0.00000000E+00  2.67102231E-03  0.00000000E+00  0.00000000E+00  0.00000000E+00  0.00000000E+00  0.00000000E+00  6.01811111E-02  0.00000000E+00  0.00000000E+00 -5.90978511E-02
    1.299000      1   0.00000000E+00  0.00000000E+00  2.60206953E-03  0.00000000E+00  0.00000000E+00  0.00000000E+00  0.00000000E+00  0.00000000E+00  6.01219950E-02  0.00000000E+00  0.00000000E+00 -5.91160374E-02
    1.300000      1   0.00000000E+00  0.00000000E+00  2.70713353E-03  0.00000000E+00  0.00000000E+00  0.00000000E+00  0.00000000E+00  0.00000000E+00  6.00628587E-02  0.00000000E+00  0.00000000E+00 -5.91363207E-02
    1.301000      1   0.00000000E+00  0.00000000E+00  2.64912670E-03  0.00000000E+00  0.00000000E+00  0.00000000E+00  0.00000000E+00  0.00000000E+00  6.00036980E-02  0.00000000E+00  0.00000000E+00 -5.91606697E-02
    1.302000      1   0.00000000E+00  0.00000000E+00  2.70501493E-03  0.00000000E+00  0.00000000E+00  0.00000000E+00  0.00000000E+00  0.00000000E+00  5.99445373E-02  0.00000000E+00  0.00000000E+00 -5.91607721E-02
    1.303000      1   0.00000000E+00  0.00000000E+00  2.64290220E-03  0.00000000E+00  0.00000000E+00  0.00000000E+00  0.00000000E+00  0.00000000E+00  5.98853672E-02  0.00000000E+00  0.00000000E+00 -5.91700415E-02
    1.304000      1   0.00000000E+00  0.00000000E+00  2.76251828E-03  0.00000000E+00  0.00000000E+00  0.00000000E+00  0.00000000E+00  0.00000000E+00  5.98261953E-02  0.00000000E+00  0.00000000E+00 -5.91719403E-02
    1.305000      1   0.00000000E+00  0.00000000E+00  2.76336950E-03  0.00000000E+00  0.00000000E+00  0.00000000E+00  0.00000000E+00  0.00000000E+00  5.97670222E-02  0.00000000E+00  0.00000000E+00 -5.91730851E-02
    1.306000      1   0.00000000E+00  0.00000000E+00  2.73355495E-03  0.00000000E+00  0.00000000E+00  0.00000000E+00  0.00000000E+00  0.00000000E+00  5.97078874E-02  0.00000000E+00  0.00000000E+00 -5.91347957E-02
    1.307000      1   0.00000000E+00  0.00000000E+00  2.68844847E-03  0.00000000E+00  0.00000000E+00  0.00000000E+00  0.00000000E+00  0.00000000E+00  5.96487859E-02  0.00000000E+00  0.00000000E+00 -5.91014991E-02
    1.308000      1   0.00000000E+00  0.00000000E+00  2.67173369E-03  0.00000000E+00  0.00000000E+00  0.00000000E+00  0.00000000E+00  0.00000000E+00  5.95896999E-02  0.00000000E+00  0.00000000E+00 -5.90859706E-02
    1.309000      1   0.00000000E+00  0.00000000E+00  2.74355196E-03  0.00000000E+00  0.00000000E+00  0.00000000E+00  0.00000000E+00  0.00000000E+00  5.95306117E-02  0.00000000E+00  0.00000000E+00 -5.90882116E-02
    1.310000      1   0.00000000E+00  0.00000000E+00  2.73777914E-03  0.00000000E+00  0.00000000E+00  0.00000000E+00  0.00000000E+00  0.00000000E+00  5.94715285E-02  0.00000000E+00  0.00000000E+00 -5.90832417E-02
    1.311000      1   0.00000000E+00  0.00000000E+00  2.70848101E-03  0.00000000E+00  0.00000000E+00  0.00000000E+00  0.00000000E+00  0.00000000E+00  5.94124728E-02  0.00000000E+00  0.00000000E+00 -5.90557065E-02
    1.312000      1   0.00000000E+00  0.00000000E+00  2.67099485E-03  0.00000000E+00  0.00000000E+00  0.00000000E+00  0.00000000E+00  0.00000000E+00  5.93534375E-02  0.00000000E+00  0.00000000E+00 -5.90352482E-02
    1.313000      1   0.00000000E+00  0.00000000E+00  2.62471653E-03  0.00000000E+00  0.00000000E+00  0.00000000E+00  0.00000000E+00  0.00000000E+00  5.92944065E-02  0.00000000E+00  0.00000000E+00 -5.90310408E-02
    1.314000      1   0.00000000E+00  0.00000000E+00  2.65858191E-03  0.00000000E+00  0.00000000E+00  0.00000000E+00  0.00000000E+00  0.00000000E+00  5.92353591E-02  0.00000000E+00  0.00000000E+00 -5.90473283E-02
    1.315000      1   0.00000000E+00  0.00000000E+00  2.69378919E-03  0.00000000E+00  0.00000000E+00  0.00000000E+00  0.00000000E+00  0.00000000E+00  5.91762863E-02  0.00000000E+00  0.00000000E+00 -5.90728255E-02
    1.316000      1   0.00000000E+00  0.00000000E+00  2.69149861E-03  0.00000000E+00  0.00000000E+00  0.00000000E+00  0.00000000E+00  0.00000000E+00  5.91172053E-02  0.00000000E+00  0.00000000E+00 -5.90809749E-02
    1.317000      1   0.00000000E+00  0.00000000E+00  2.65663242E-03  0.00000000E+00  0.00000000E+00  0.00000000E+00  0.00000000E+00  0.00000000E+00  5.90581274E-02  0.00000000E+00  0.00000000E+00 -5.90779667E-02
    1.318000      1   0.00000000E+00  0.00000000E+00  2.57421371E-03  0.00000000E+00  0.00000000E+00  0.00000000E+00  0.00000000E+00  0.00000000E+00  5.89990455E-02  0.00000000E+00  0.00000000E+00 -5.90818764E-02
    1.319000      1   0.00000000E+00  0.00000000E+00  2.68815786E-03  0.00000000E+00  0.00000000E+00  0.00000000E+00  0.00000000E+00  0.00000000E+00  5.89399337E-02  0.00000000E+00  0.00000000E+00 -5.91118116E-02
    1.320000      1   0.00000000E+00  0.00000000E+00  2.63258289E-03  0.00000000E+00  0.00000000E+00  0.00000000E+00  0.00000000E+00  0.00000000E+00  5.88807850E-02  0.00000000E+00  0.00000000E+00 -5.91486645E-02
    1.321000      1   0.00000000E+00  0.00000000E+00  2.73160031E-03  0.00000000E+00  0.00000000E+00  0.00000000E+00  0.00000000E+00  0.00000000E+00  5.88216271E-02  0.00000000E+00  0.00000000E+00 -5.91579243E-02
    1.322000      1   0.00000000E+00  0.00000000E+00  2.68584281E-03  0.00000000E+00  0.00000000E+00  0.00000000E+00  0.00000000E+00  0.00000000E+00  5.87624592E-02  0.00000000E+00  0.00000000E+00 -5.91679257E-02
    1.323000      1   0.00000000E+00  0.00000000E+00  2.77066520E-03  0.00000000E+00  0.00000000E+00  0.00000000E+00  0.00000000E+00  0.00000000E+00  5.87033057E-02  0.00000000E+00  0.00000000E+00 -5.91534999E-02
    1.324000      1   0.00000000E+00  0.00000000E+00  2.71123946E-03  0.00000000E+00  0.00000000E+00  0.00000000E+00  0.00000000E+00  0.00000000E+00  5.86441666E-02  0.00000000E+00  0.00000000E+00 -5.91391017E-02
    1.325000      1   0.00000000E+00  0.00000000E+00  2.74951472E-03  0.00000000E+00  0.00000000E+00  0.00000000E+00  0.00000000E+00  0.00000000E+00  5.85850592E-02  0.00000000E+00  0.00000000E+00 -5.91073553E-02
    1.326000      1   0.00000000E+00  0.00000000E+00  2.69610624E-03  0.00000000E+00  0.00000000E+00  0.00000000E+00  0.00000000E+00  0.00000000E+00  5.85259709E-02  0.00000000E+00  0.00000000E+00 -5.90883567E-02
    1.327000      1   0.00000000E+00  0.00000000E+00  2.71291564E-03  0.00000000E+00  0.00000000E+00  0.00000000E+00  0.00000000E+00  0.00000000E+00  5.84669046E-02  0.00000000E+00  0.00000000E+00 -5.90662326E-02
    1.328000      1   0.00000000E+00  0.00000000E+00  2.69825358E-03  0.00000000E+00  0.00000000E+00  0.00000000E+00  0.00000000E+00  0.00000000E+00  5.84078459E-02  0.00000000E+00  0.00000000E+00 -5.90586760E-02
    1.329000      1   0.00000000E+00  0.00000000E+00  2.70353280E-03  0.00000000E+00  0.00000000E+00  0.00000000E+00  0.00000000E+00  0.00000000E+00  5.83487978E-02  0.00000000E+00  0.00000000E+00 -5.90481919E-02
    1.330000      1   0.00000000E+00  0.00000000E+00  2.67311114E-03  0.00000000E+00  0.00000000E+00  0.00000000E+00  0.00000000E+00  0.00000000E+00  5.82897562E-02  0.00000000E+00  0.00000000E+00 -5.90415894E-02
    1.331000      1   0.00000000E+00  0.00000000E+00  2.69369725E-03  0.00000000E+00  0.00000000E+00  0.00000000E+00  0.00000000E+00  0.00000000E+00  5.82307175E-02  0.00000000E+00  0.00000000E+00 -5.90386329E-02
    1.332000      1   0.00000000E+00  0.00000000E+00  2.62740465E-03  0.00000000E+00  0.00000000E+00  0.00000000E+00  0.00000000E+00  0.00000000E+00  5.81716755E-02  0.00000000E+00  0.00000000E+00 -5.90420269E-02
    1.333000      1   0.00000000E+00  0.00000000E+00  2.65538356E-03  0.00000000E+00  0.00000000E+00  0.00000000E+00  0.00000000E+00  0.00000000E+00  5.81126251E-02  0.00000000E+00  0.00000000E+00 -5.90503831E-02
    1.334000      1   0.00000000E+00  0.00000000E+00  2.61626155E-03  0.00000000E+00  0.00000000E+00  0.00000000E+00  0.00000000E+00  0.00000000E+00  5.80535496E-02  0.00000000E+00  0.00000000E+00 -5.90755632E-02
    1.335000      1   0.00000000E+00  0.00000000E+00  2.70816614E-03  0.00000000E+00  0.00000000E+00  0.00000000E+00  0.00000000E+00  0.00000000E+00  5.79944511E-02  0.00000000E+00  0.00000000E+00 -5.90984728E-02
    1.336000      1   0.00000000E+00  0.00000000E+00  2.67615833E-03  0.00000000E+00  0.00000000E+00  0.00000000E+00  0.00000000E+00  0.00000000E+00  5.79353331E-02  0.00000000E+00  0.00000000E+00 -5.91179784E-02
    1.337000      1   0.00000000E+00  0.00000000E+00  2.62083226E-03  0.00000000E+00  0.00000000E+00  0.00000000E+00  0.00000000E+00  0.00000000E+00  5.78762202E-02  0.00000000E+00  0.00000000E+00 -5.91129613E-02
    1.338000      1   0.00000000E+00  0.00000000E+00  2.68277018E-03  0.00000000E+00  0.00000000E+00  0.00000000E+00  0.00000000E+00  0.00000000E+00  5.78170919E-02  0.00000000E+00  0.00000000E+00 -5.91282399E-02
    1.339000      1   0.00000000E+00  0.00000000E+00  2.63206610E-03  0.00000000E+00  0.00000000E+00  0.00000000E+00  0.00000000E+00  0.00000000E+00  5.77579412E-02  0.00000000E+00  0.00000000E+00 -5.91507354E-02
    1.340000      1   0.00000000E+00  0.00000000E+00  2.67851615E-03  0.00000000E+00  0.00000000E+00  0.00000000E+00  0.00000000E+00  0.00000000E+00  5.76987793E-02  0.00000000E+00  0.00000000E+00 -5.91618560E-02
    1.341000      1   0.00000000E+00  0.00000000E+00  2.69913616E-03  0.00000000E+00  0.00000000E+00  0.00000000E+00  0.00000000E+00  0.00000000E+00  5.76395979E-02  0.00000000E+00  0.00000000E+00 -5.91814143E-02
    1.342000      1   0.00000000E+00  0.00000000E+00  2.74510350E-03  0.00000000E+00  0.00000000E+00  0.00000000E+00  0.00000000E+00  0.00000000E+00  5.75804158E-02  0.00000000E+00  0.00000000E+00 -5.91820714E-02
    1.343000      1   0.00000000E+00  0.00000000E+00  2.68832247E-03  0.00000000E+00  0.00000000E+00  0.00000000E+00  0.00000000E+00  0.00000000E+00  5.75212480E-02  0.00000000E+00  0.00000000E+00 -5.91678278E-02
    1.344000      1   0.00000000E+00  0.00000000E+00  2.75757979E-03  0.00000000E+00  0.00000000E+00  0.00000000E+00  0.00000000E+00  0.00000000E+00  5.74620995E-02  0.00000000E+00  0.00000000E+00 -5.91485289E-02
    1.345000      1   0.00000000E+00  0.00000000E+00  2.71270777E-03  0.00000000E+00  0.00000000E+00  0.00000000E+00  0.00000000E+00  0.00000000E+00  5.74029638E-02  0.00000000E+00  0.00000000E+00 -5.91356303E-02
    1.346000      1   0.00000000E+00  0.00000000E+00  2.72041494E-03  0.00000000E+00  0.00000000E+00  0.00000000E+00  0.00000000E+00  0.00000000E+00  5.73438559E-02  0.00000000E+00  0.00000000E+00 -5.91079217E-02
    1.347000      1   0.00000000E+00  0.00000000E+00  2.70685746E-03  0.00000000E+00  0.00000000E+00  0.00000000E+00  0.00000000E+00  0.00000000E+00  5.72847623E-02  0.00000000E+00  0.00000000E+00 -5.90935868E-02
    1.348000      1   0.00000000E+00  0.00000000E+00  2.69022963E-03  0.00000000E+00  0.00000000E+00  0.00000000E+00  0.00000000E+00  0.00000000E+00  5.72256832E-02  0.00000000E+00  0.00000000E+00 -5.90791183E-02
    1.349000      1   0.00000000E+00  0.00000000E+00  2.69456256E-03  0.00000000E+00  0.00000000E+00  0.00000000E+00  0.00000000E+00  0.00000000E+00  5.71666112E-02  0.00000000E+00  0.00000000E+00 -5.90720427E-02
    1.350000      1   0.00000000E+00  0.00000000E+00  2.70153211E-03  0.00000000E+00  0.00000000E+00  0.00000000E+00  0.00000000E+00  0.00000000E+00  5.71075415E-02  0.00000000E+00  0.00000000E+00 -5.90696617E-02
    1.351000      1   0.00000000E+00  0.00000000E+00  2.64120810E-03  0.00000000E+00  0.00000000E+00  0.00000000E+00  0.00000000E+00  0.00000000E+00  5.70484769E-02  0.00000000E+00  0.00000000E+00 -5.90646252E-02
    1.352000      1   0.00000000E+00  0.00000000E+00  2.66979974E-03  0.00000000E+00  0.00000000E+00  0.00000000E+00  0.00000000E+00  0.00000000E+00  5.69894089E-02  0.00000000E+00  0.00000000E+00 -5.90679674E-02
    1.353000      1   0.00000000E+00  0.00000000E+00  2.63105526E-03  0.00000000E+00  0.00000000E+00  0.00000000E+00  0.00000000E+00  0.00000000E+00  5.69303229E-02  0.00000000E+00  0.00000000E+00 -5.90860648E-02
    1.354000      1   0.00000000E+00  0.00000000E+00  2.68256939E-03  0.00000000E+00  0.00000000E+00  0.00000000E+00  0.00000000E+00  0.00000000E+00  5.68712212E-02  0.00000000E+00  0.00000000E+00 -5.91016239E-02
    1.355000      1   0.00000000E+00  0.00000000E+00  2.67317423E-03  0.00000000E+00  0.00000000E+00  0.00000000E+00  0.00000000E+00  0.00000000E+00  5.68121004E-02  0.00000000E+00  0.00000000E+00 -5.91207974E-02
    1.356000      1   0.00000000E+00  0.00000000E+00  2.62190062E-03  0.00000000E+00  0.00000000E+00  0.00000000E+00  0.00000000E+00  0.00000000E+00  5.67529757E-02  0.00000000E+00  0.00000000E+00 -5.91247145E-02
    1.357000      1   0.00000000E+00  0.00000000E+00  2.68072492E-03  0.00000000E+00  0.00000000E+00  0.00000000E+00  0.00000000E+00  0.00000000E+00  5.66938349E-02  0.00000000E+00  0.00000000E+00 -5.91407841E-02
    1.358000      1   0.00000000E+00  0.00000000E+00  2.71848560E-03  0.00000000E+00  0.00000000E+00  0.00000000E+00  0.00000000E+00  0.00000000E+00  5.66346716E-02  0.00000000E+00  0.00000000E+00 -5.91632904E-02
    1.359000      1   0.00000000E+00  0.00000000E+00  2.67658707E-03  0.00000000E+00  0.00000000E+00  0.00000000E+00  0.00000000E+00  0.00000000E+00  5.65755118E-02  0.00000000E+00  0.00000000E+00 -5.91598004E-02
    1.360000      1   0.00000000E+00  0.00000000E+00  2.70632898E-03  0.00000000E+00  0.00000000E+00  0.00000000E+00  0.00000000E+00  0.00000000E+00  5.65163605E-02  0.00000000E+00  0.00000000E+00 -5.91513185E-02
    1.361000      1   0.00000000E+00  0.00000000E+00  2.74303680E-03  0.00000000E+00  0.00000000E+00  0.00000000E+00  0.00000000E+00  0.00000000E+00  5.64572092E-02  0.00000000E+00  0.00000000E+00 -5.91513371E-02
    1.362000      1   0.00000000E+00  0.00000000E+00  2.66804660E-03  0.00000000E+00  0.00000000E+00  0.00000000E+00  0.00000000E+00  0.00000000E+00  5.63980741E-02  0.00000000E+00  0.00000000E+00 -5.91350967E-02
    1.363000      1   0.00000000E+00  0.00000000E+00  2.75722938E-03  0.00000000E+00  0.00000000E+00  0.00000000E+00  0.00000000E+00  0.00000000E+00  5.63389540E-02  0.00000000E+00  0.00000000E+00 -5.91200621E-02
    1.364000      1   0.00000000E+00  0.00000000E+00  2.71571243E-03  0.00000000E+00  0.00000000E+00  0.00000000E+00  0.00000000E+00  0.00000000E+00  5.62798401E-02  0.00000000E+00  0.00000000E+00 -5.91138844E-02
    1.365000      1   0.00000000E+00  0.00000000E+00  2.71335455E-03  0.00000000E+00  0.00000000E+00  0.00000000E+00  0.00000000E+00  0.00000000E+00  5.62207544E-02  0.00000000E+00  0.00000000E+00 -5.90857595E-02
    1.366000      1   0.00000000E+00  0.00000000E+00  2.68867756E-03  0.00000000E+00  0.00000000E+00  0.00000000E+00  0.00000000E+00  0.00000000E+00  5.61616827E-02  0.00000000E+00  0.00000000E+00 -5.90716864E-02
    1.367000      1   0.00000000E+00  0.00000000E+00  2.71311935E-03  0.00000000E+00  0.00000000E+00  0.00000000E+00  0.00000000E+00  0.00000000E+00  5.61026200E-02  0.00000000E+00  0.00000000E+00 -5.90627516E-02
    1.368000      1   0.00000000E+00  0.00000000E+00  2.66831193E-03  0.00000000E+00  0.00000000E+00  0.00000000E+00  0.00000000E+00  0.00000000E+00  5.60435624E-02  0.00000000E+00  0.00000000E+00 -5.90575987E-02
    1.369000      1   0.00000000E+00  0.00000000E+00  2.65577671E-03  0.00000000E+00  0.00000000E+00  0.00000000E+00  0.00000000E+00  0.00000000E+00  5.59845100E-02  0.00000000E+00  0.00000000E+00 -5.90523425E-02
    1.370000      1   0.00000000E+00  0.00000000E+00  2.60370222E-03  0.00000000E+00  0.00000000E+00  0.00000000E+00  0.00000000E+00  0.00000000E+00  5.59254460E-02  0.00000000E+00  0.00000000E+00 -5.90640184E-02
    1.371000      1   0.00000000E+00  0.00000000E+00  2.69714443E-03  0.00000000E+00  0.00000000E+00  0.00000000E+00  0.00000000E+00  0.00000000E+00  5.58663570E-02  0.00000000E+00  0.00000000E+00 -5.90890199E-02
    1.372000      1   0.00000000E+00  0.00000000E+00  2.62197813E-03  0.00000000E+00  0.00000000E+00  0.00000000E+00  0.00000000E+00  0.00000000E+00  5.58072424E-02  0.00000000E+00  0.00000000E+00 -5.91145992E-02
    1.373000      1   0.00000000E+00  0.00000000E+00  2.68400825E-03  0.00000000E+00  0.00000000E+00  0.00000000E+00  0.00000000E+00  0.00000000E+00  5.57481196E-02  0.00000000E+00  0.00000000E+00 -5.91227830E-02
    1.374000      1   0.00000000E+00  0.00000000E+00  2.64993119E-03  0.00000000E+00  0.00000000E+00  0.00000000E+00  0.00000000E+00  0.00000000E+00  5.56889749E-02  0.00000000E+00  0.00000000E+00 -5.91446832E-02
    1.375000      1   0.00000000E+00  0.00000000E+00  2.67271037E-03  0.00000000E+00  0.00000000E+00  0.00000000E+00  0.00000000E+00  0.00000000E+00  5.56298227E-02  0.00000000E+00  0.00000000E+00 -5.91522380E-02
    1.376000      1   0.00000000E+00  0.00000000E+00  2.68544797E-03  0.00000000E+00  0.00000000E+00  0.00000000E+00  0.00000000E+00  0.00000000E+00  5.55706557E-02  0.00000000E+00  0.00000000E+00 -5.91669559E-02
    1.377000      1   0.00000000E+00  0.00000000E+00  2.69028294E-03  0.00000000E+00  0.00000000E+00  0.00000000E+00  0.00000000E+00  0.00000000E+00  5.55114838E-02  0.00000000E+00  0.00000000E+00 -5.91719403E-02
    1.378000      1   0.00000000E+00  0.00000000E+00  2.63498642E-03  0.00000000E+00  0.00000000E+00  0.00000000E+00  0.00000000E+00  0.00000000E+00  5.54523119E-02  0.00000000E+00  0.00000000E+00 -5.91718865E-02
    1.379000      1   0.00000000E+00  0.00000000E+00  2.71019963E-03  0.00000000E+00  0.00000000E+00  0.00000000E+00  0.00000000E+00  0.00000000E+00  5.53931319E-02  0.00000000E+00  0.00000000E+00 -5.91800233E-02
    1.380000      1   0.00000000E+00  0.00000000E+00  2.73388496E-03  0.00000000E+00  0.00000000E+00  0.00000000E+00  0.00000000E+00  0.00000000E+00  5.53339388E-02  0.00000000E+00  0.00000000E+00 -5.91930198E-02
    1.381000      1   0.00000000E+00  0.00000000E+00  2.66800630E-03  0.00000000E+00  0.00000000E+00  0.00000000E+00  0.00000000E+00  0.00000000E+00  5.52747617E-02  0.00000000E+00  0.00000000E+00 -5.91771266E-02
    1.382000      1   0.00000000E+00  0.00000000E+00  2.72513569E-03  0.00000000E+00  0.00000000E+00  0.00000000E+00  0.00000000E+00  0.00000000E+00  5.52155966E-02  0.00000000E+00  0.00000000E+00 -5.91651047E-02
    1.383000      1   0.00000000E+00  0.00000000E+00  2.70260458E-03  0.00000000E+00  0.00000000E+00  0.00000000E+00  0.00000000E+00  0.00000000E+00  5.51564320E-02  0.00000000E+00  0.00000000E+00 -5.91646156E-02
    1.384000      1   0.00000000E+00  0.00000000E+00  2.73525624E-03  0.00000000E+00  0.00000000E+00  0.00000000E+00  0.00000000E+00  0.00000000E+00  5.50972826E-02  0.00000000E+00  0.00000000E+00 -5.91493488E-02
    1.385000      1   0.00000000E+00  0.00000000E+00  2.72471432E-03  0.00000000E+00  0.00000000E+00  0.00000000E+00  0.00000000E+00  0.00000000E+00  5.50381469E-02  0.00000000E+00  0.00000000E+00 -5.91357074E-02
    1.386000      1   0.00000000E+00  0.00000000E+00  2.72557132E-03  0.00000000E+00  0.00000000E+00  0.00000000E+00  0.00000000E+00  0.00000000E+00  5.49790337E-02  0.00000000E+00  0.00000000E+00 -5.91132070E-02
    1.387000      1   0.00000000E+00  0.00000000E+00  2.68503020E-03  0.00000000E+00  0.00000000E+00  0.00000000E+00  0.00000000E+00  0.00000000E+00  5.49199397E-02  0.00000000E+00  0.00000000E+00 -5.90940172E-02
    1.388000      1   0.00000000E+00  0.00000000E+00  2.65900518E-03  0.00000000E+00  0.00000000E+00  0.00000000E+00  0.00000000E+00  0.00000000E+00  5.48608580E-02  0.00000000E+00  0.00000000E+00 -5.90817151E-02
    1.389000      1   0.00000000E+00  0.00000000E+00  2.61221637E-03  0.00000000E+00  0.00000000E+00  0.00000000E+00  0.00000000E+00  0.00000000E+00  5.48017707E-02  0.00000000E+00  0.00000000E+00 -5.90873296E-02
    1.390000      1   0.00000000E+00  0.00000000E+00  2.70321486E-03  0.00000000E+00  0.00000000E+00  0.00000000E+00  0.00000000E+00  0.00000000E+00  5.47426609E-02  0.00000000E+00  0.00000000E+00 -5.91097652E-02
    1.391000      1   0.00000000E+00  0.00000000E+00  2.65170403E-03  0.00000000E+00  0.00000000E+00  0.00000000E+00  0.00000000E+00  0.00000000E+00  5.46835294E-02  0.00000000E+00  0.00000000E+00 -5.91314748E-02
    1.392000      1   0.00000000E+00  0.00000000E+00  2.68177750E-03  0.00000000E+00  0.00000000E+00  0.00000000E+00  0.00000000E+00  0.00000000E+00  5.46243970E-02  0.00000000E+00  0.00000000E+00 -5.91324083E-02
    1.393000      1   0.00000000E+00  0.00000000E+00  2.61131578E-03  0.00000000E+00  0.00000000E+00  0.00000000E+00  0.00000000E+00  0.00000000E+00  5.45652521E-02  0.00000000E+00  0.00000000E+00 -5.91449406E-02
    1.394000      1   0.00000000E+00  0.00000000E+00  2.69028256E-03  0.00000000E+00  0.00000000E+00  0.00000000E+00  0.00000000E+00  0.00000000E+00  5.45060920E-02  0.00000000E+00  0.00000000E+00 -5.91600566E-02
    1.395000      1   0.00000000E+00  0.00000000E+00  2.62492535E-03  0.00000000E+00  0.00000000E+00  0.00000000E+00  0.00000000E+00  0.00000000E+00  5.44469077E-02  0.00000000E+00  0.00000000E+00 -5.91843490E-02
    1.396000      1   0.00000000E+00  0.00000000E+00  2.72891312E-03  0.00000000E+00  0.00000000E+00  0.00000000E+00  0.00000000E+00  0.00000000E+00  5.43877134E-02  0.00000000E+00  0.00000000E+00 -5.91942651E-02
    1.397000      1   0.00000000E+00  0.00000000E+00  2.67778660E-03  0.00000000E+00  0.00000000E+00  0.00000000E+00  0.00000000E+00  0.00000000E+00  5.43285062E-02  0.00000000E+00  0.00000000E+00 -5.92072565E-02
    1.398000      1   0.00000000E+00  0.00000000E+00  2.76107482E-03  0.00000000E+00  0.00000000E+00  0.00000000E+00  0.00000000E+00  0.00000000E+00  5.42693110E-02  0.00000000E+00  0.00000000E+00 -5.91951379E-02
    1.399000      1   0.00000000E+00  0.00000000E+00  2.75483016E-03  0.00000000E+00  0.00000000E+00  0.00000000E+00  0.00000000E+00  0.00000000E+00  5.42101259E-02  0.00000000E+00  0.00000000E+00 -5.91850814E-02
    1.400000      1   0.00000000E+00  0.00000000E+00  2.73250794E-03  0.00000000E+00  0.00000000E+00  0.00000000E+00  0.00000000E+00  0.00000000E+00  5.41509772E-02  0.00000000E+00  0.00000000E+00 -5.91487761E-02
    1.401000      1   0.00000000E+00  0.00000000E+00  2.67958453E-03  0.00000000E+00  0.00000000E+00  0.00000000E+00  0.00000000E+00  0.00000000E+00  5.40918587E-02  0.00000000E+00  0.00000000E+00 -5.91184691E-02
    1.402000      1   0.00000000E+00  0.00000000E+00  2.67609126E-03  0.00000000E+00  0.00000000E+00  0.00000000E+00  0.00000000E+00  0.00000000E+00  5.40327538E-02  0.00000000E+00  0.00000000E+00 -5.91048520E-02
    1.403000      1   0.00000000E+00  0.00000000E+00  2.72358985E-03  0.00000000E+00  0.00000000E+00  0.00000000E+00  0.00000000E+00  0.00000000E+00  5.39736446E-02  0.00000000E+00  0.00000000E+00 -5.91092334E-02
    1.404000      1   0.00000000E+00  0.00000000E+00  2.72557296E-03  0.00000000E+00  0.00000000E+00  0.00000000E+00  0.00000000E+00  0.00000000E+00  5.39145382E-02  0.00000000E+00  0.00000000E+00 -5.91063625E-02
    1.405000      1   0.00000000E+00  0.00000000E+00  2.69527096E-03  0.00000000E+00  0.00000000E+00  0.00000000E+00  0.00000000E+00  0.00000000E+00  5.38554507E-02  0.00000000E+00  0.00000000E+00 -5.90875417E-02
    1.406000      1   0.00000000E+00  0.00000000E+00  2.66817010E-03  0.00000000E+00  0.00000000E+00  0.00000000E+00  0.00000000E+00  0.00000000E+00  5.37963773E-02  0.00000000E+00  0.00000000E+00 -5.90734281E-02
    1.407000      1   0.00000000E+00  0.00000000E+00  2.58849139E-03  0.00000000E+00  0.00000000E+00  0.00000000E+00  0.00000000E+00  0.00000000E+00  5.37373032E-02  0.00000000E+00  0.00000000E+00 -5.90740587E-02
    1.408000      1   0.00000000E+00  0.00000000E+00  2.61815791E-03  0.00000000E+00  0.00000000E+00  0.00000000E+00  0.00000000E+00  0.00000000E+00  5.36782055E-02  0.00000000E+00  0.00000000E+00 -5.90976798E-02
    1.409000      1   0.00000000E+00  0.00000000E+00  2.71128891E-03  0.00000000E+00  0.00000000E+00  0.00000000E+00  0.00000000E+00  0.00000000E+00  5.36190633E-02  0.00000000E+00  0.00000000E+00 -5.91422225E-02
    1.410000      1   0.00000000E+00  0.00000000E+00  2.72908199E-03  0.00000000E+00  0.00000000E+00  0.00000000E+00  0.00000000E+00  0.00000000E+00  5.35599028E-02  0.00000000E+00  0.00000000E+00 -5.91605530E-02
    1.411000      1   0.00000000E+00  0.00000000E+00  2.65257005E-03  0.00000000E+00  0.00000000E+00  0.00000000E+00  0.00000000E+00  0.00000000E+00  5.35007576E-02  0.00000000E+00  0.00000000E+00 -5.91451515E-02
    1.412000      1   0.00000000E+00  0.00000000E+00  2.54108768E-03  0.00000000E+00  0.00000000E+00  0.00000000E+00  0.00000000E+00  0.00000000E+00  5.34416202E-02  0.00000000E+00  0.00000000E+00 -5.91374367E-02
    1.413000      1   0.00000000E+00  0.00000000E+00  2.69484415E-03  0.00000000E+00  0.00000000E+00  0.00000000E+00  0.00000000E+00  0.00000000E+00  5.33824456E-02  0.00000000E+00  0.00000000E+00 -5.91745639E-02
    1.414000      1   0.00000000E+00  0.00000000E+00  2.66668018E-03  0.00000000E+00  0.00000000E+00  0.00000000E+00  0.00000000E+00  0.00000000E+00  5.33232245E-02  0.00000000E+00  0.00000000E+00 -5.92211136E-02
    1.415000      1   0.00000000E+00  0.00000000E+00  2.71777122E-03  0.00000000E+00  0.00000000E+00  0.00000000E+00  0.00000000E+00  0.00000000E+00  5.32640023E-02  0.00000000E+00  0.00000000E+00 -5.92221478E-02
    1.416000      1   0.00000000E+00  0.00000000E+00  2.69487828E-03  0.00000000E+00  0.00000000E+00  0.00000000E+00  0.00000000E+00  0.00000000E+00  5.32047789E-02  0.00000000E+00  0.00000000E+00 -5.92233966E-02
    1.417000      1   0.00000000E+00  0.00000000E+00  2.72230314E-03  0.00000000E+00  0.00000000E+00  0.00000000E+00  0.00000000E+00  0.00000000E+00  5.31455670E-02  0.00000000E+00  0.00000000E+00 -5.92119146E-02
    1.418000      1   0.00000000E+00  0.00000000E+00  2.68079984E-03  0.00000000E+00  0.00000000E+00  0.00000000E+00  0.00000000E+00  0.00000000E+00  5.30863639E-02  0.00000000E+00  0.00000000E+00 -5.92031013E-02
    1.419000      1   0.00000000E+00  0.00000000E+00  2.76023670E-03  0.00000000E+00  0.00000000E+00  0.00000000E+00  0.00000000E+00  0.00000000E+00  5.30271713E-02  0.00000000E+00  0.00000000E+00 -5.91926207E-02
    1.420000      1   0.00000000E+00  0.00000000E+00  2.69161581E-03  0.00000000E+00  0.00000000E+00  0.00000000E+00  0.00000000E+00  0.00000000E+00  5.29679896E-02  0.00000000E+00  0.00000000E+00 -5.91817228E-02
    1.421000      1   0.00000000E+00  0.00000000E+00  2.70379402E-03  0.00000000E+00  0.00000000E+00  0.00000000E+00  0.00000000E+00  0.00000000E+00  5.29088327E-02  0.00000000E+00  0.00000000E+00 -5.91568715E-02
    1.422000      1   0.00000000E+00  0.00000000E+00  2.73062423E-03  0.00000000E+00  0.00000000E+00  0.00000000E+00  0.00000000E+00  0.00000000E+00  5.28496803E-02  0.00000000E+00  0.00000000E+00 -5.91524028E-02
    1.423000      1   0.00000000E+00  0.00000000E+00  2.71157274E-03  0.00000000E+00  0.00000000E+00  0.00000000E+00  0.00000000E+00  0.00000000E+00  5.27905411E-02  0.00000000E+00  0.00000000E+00 -5.91391899E-02
    1.424000      1   0.00000000E+00  0.00000000E+00  2.69895736E-03  0.00000000E+00  0.00000000E+00  0.00000000E+00  0.00000000E+00  0.00000000E+00  5.27314206E-02  0.00000000E+00  0.00000000E+00 -5.91205347E-02
    1.425000      1   0.00000000E+00  0.00000000E+00  2.65635536E-03  0.00000000E+00  0.00000000E+00  0.00000000E+00  0.00000000E+00  0.00000000E+00  5.26723102E-02  0.00000000E+00  0.00000000E+00 -5.91103671E-02
    1.426000      1   0.00000000E+00  0.00000000E+00  2.63303171E-03  0.00000000E+00  0.00000000E+00  0.00000000E+00  0.00000000E+00  0.00000000E+00  5.26131983E-02  0.00000000E+00  0.00000000E+00 -5.91118763E-02
    1.427000      1   0.00000000E+00  0.00000000E+00  2.70602253E-03  0.00000000E+00  0.00000000E+00  0.00000000E+00  0.00000000E+00  0.00000000E+00  5.25540668E-02  0.00000000E+00  0.00000000E+00 -5.91315011E-02
    1.428000      1   0.00000000E+00  0.00000000E+00  2.64122589E-03  0.00000000E+00  0.00000000E+00  0.00000000E+00  0.00000000E+00  0.00000000E+00  5.24949210E-02  0.00000000E+00  0.00000000E+00 -5.91458782E-02
    1.429000      1   0.00000000E+00  0.00000000E+00  2.68482140E-03  0.00000000E+00  0.00000000E+00  0.00000000E+00  0.00000000E+00  0.00000000E+00  5.24357732E-02  0.00000000E+00  0.00000000E+00 -5.91477426E-02
    1.430000      1   0.00000000E+00  0.00000000E+00  2.64979052E-03  0.00000000E+00  0.00000000E+00  0.00000000E+00  0.00000000E+00  0.00000000E+00  5.23766100E-02  0.00000000E+00  0.00000000E+00 -5.91631777E-02
    1.431000      1   0.00000000E+00  0.00000000E+00  2.63413843E-03  0.00000000E+00  0.00000000E+00  0.00000000E+00  0.00000000E+00  0.00000000E+00  5.23174396E-02  0.00000000E+00  0.00000000E+00 -5.91704903E-02
    1.432000      1   0.00000000E+00  0.00000000E+00  2.69394710E-03  0.00000000E+00  0.00000000E+00  0.00000000E+00  0.00000000E+00  0.00000000E+00  5.22582475E-02  0.00000000E+00  0.00000000E+00 -5.91920754E-02
    1.433000      1   0.00000000E+00  0.00000000E+00  2.72373776E-03  0.00000000E+00  0.00000000E+00  0.00000000E+00  0.00000000E+00  0.00000000E+00  5.21990393E-02  0.00000000E+00  0.00000000E+00 -5.92082244E-02
    1.434000      1   0.00000000E+00  0.00000000E+00  2.67833506E-03  0.00000000E+00  0.00000000E+00  0.00000000E+00  0.00000000E+00  0.00000000E+00  5.21398398E-02  0.00000000E+00  0.00000000E+00 -5.91994632E-02
    1.435000      1   0.00000000E+00  0.00000000E+00  2.69182721E-03  0.00000000E+00  0.00000000E+00  0.00000000E+00  0.00000000E+00  0.00000000E+00  5.20806508E-02  0.00000000E+00  0.00000000E+00 -5.91889473E-02
    1.436000      1   0.00000000E+00  0.00000000E+00  2.74281513E-03  0.00000000E+00  0.00000000E+00  0.00000000E+00  0.00000000E+00  0.00000000E+00  5.20214599E-02  0.00000000E+00  0.00000000E+00 -5.91909564E-02
    1.437000      1   0.00000000E+00  0.00000000E+00  2.67456863E-03  0.00000000E+00  0.00000000E+00  0.00000000E+00  0.00000000E+00  0.00000000E+00  5.19622804E-02  0.00000000E+00  0.00000000E+00 -5.91795178E-02
    1.438000      1   0.00000000E+00  0.00000000E+00  2.76181705E-03  0.00000000E+00  0.00000000E+00  0.00000000E+00  0.00000000E+00  0.00000000E+00  5.19031170E-02  0.00000000E+00  0.00000000E+00 -5.91634026E-02
    1.439000      1   0.00000000E+00  0.00000000E+00  2.71621463E-03  0.00000000E+00  0.00000000E+00  0.00000000E+00  0.00000000E+00  0.00000000E+00  5.18439627E-02  0.00000000E+00  0.00000000E+00 -5.91542717E-02
    1.440000      1   0.00000000E+00  0.00000000E+00  2.71197915E-03  0.00000000E+00  0.00000000E+00  0.00000000E+00  0.00000000E+00  0.00000000E+00  5.17848381E-02  0.00000000E+00  0.00000000E+00 -5.91245514E-02
    1.441000      1   0.00000000E+00  0.00000000E+00  2.68840145E-03  0.00000000E+00  0.00000000E+00  0.00000000E+00  0.00000000E+00  0.00000000E+00  5.17257276E-02  0.00000000E+00  0.00000000E+00 -5.91105566E-02
    1.442000      1   0.00000000E+00  0.00000000E+00  2.67559548E-03  0.00000000E+00  0.00000000E+00  0.00000000E+00  0.00000000E+00  0.00000000E+00  5.16666255E-02  0.00000000E+00  0.00000000E+00 -5.91021222E-02
    1.443000      1   0.00000000E+00  0.00000000E+00  2.67914378E-03  0.00000000E+00  0.00000000E+00  0.00000000E+00  0.00000000E+00  0.00000000E+00  5.16075218E-02  0.00000000E+00  0.00000000E+00 -5.91036957E-02
    1.444000      1   0.00000000E+00  0.00000000E+00  2.66295773E-03  0.00000000E+00  0.00000000E+00  0.00000000E+00  0.00000000E+00  0.00000000E+00  5.15484129E-02  0.00000000E+00  0.00000000E+00 -5.91088474E-02
    1.445000      1   0.00000000E+00  0.00000000E+00  2.61641206E-03  0.00000000E+00  0.00000000E+00  0.00000000E+00  0.00000000E+00  0.00000000E+00  5.14892972E-02  0.00000000E+00  0.00000000E+00 -5.91156961E-02
    1.446000      1   0.00000000E+00  0.00000000E+00  2.69240078E-03  0.00000000E+00  0.00000000E+00  0.00000000E+00  0.00000000E+00  0.00000000E+00  5.14301611E-02  0.00000000E+00  0.00000000E+00 -5.91360916E-02
    1.447000      1   0.00000000E+00  0.00000000E+00  2.62437269E-03  0.00000000E+00  0.00000000E+00  0.00000000E+00  0.00000000E+00  0.00000000E+00  5.13710028E-02  0.00000000E+00  0.00000000E+00 -5.91583357E-02
    1.448000      1   0.00000000E+00  0.00000000E+00  2.68740083E-03  0.00000000E+00  0.00000000E+00  0.00000000E+00  0.00000000E+00  0.00000000E+00  5.13118351E-02  0.00000000E+00  0.00000000E+00 -5.91676540E-02
    1.449000      1   0.00000000E+00  0.00000000E+00  2.66519434E-03  0.00000000E+00  0.00000000E+00  0.00000000E+00  0.00000000E+00  0.00000000E+00  5.12526470E-02  0.00000000E+00  0.00000000E+00 -5.91881678E-02
    1.450000      1   0.00000000E+00  0.00000000E+00  2.65488071E-03  0.00000000E+00  0.00000000E+00  0.00000000E+00  0.00000000E+00  0.00000000E+00  5.11934551E-02  0.00000000E+00  0.00000000E+00 -5.91919093E-02
    1.451000      1   0.00000000E+00  0.00000000E+00  2.64313424E-03  0.00000000E+00  0.00000000E+00  0.00000000E+00  0.00000000E+00  0.00000000E+00  5.11342503E-02  0.00000000E+00  0.00000000E+00 -5.92047675E-02
    1.452000      1   0.00000000E+00  0.00000000E+00  2.71353399E-03  0.00000000E+00  0.00000000E+00  0.00000000E+00  0.00000000E+00  0.00000000E+00  5.10750272E-02  0.00000000E+00  0.00000000E+00 -5.92230901E-02
    1.453000      1   0.00000000E+00  0.00000000E+00  2.66771224E-03  0.00000000E+00  0.00000000E+00  0.00000000E+00  0.00000000E+00  0.00000000E+00  5.10157944E-02  0.00000000E+00  0.00000000E+00 -5.92328211E-02
    1.454000      1   0.00000000E+00  0.00000000E+00  2.73312119E-03  0.00000000E+00  0.00000000E+00  0.00000000E+00  0.00000000E+00  0.00000000E+00  5.09565669E-02  0.00000000E+00  0.00000000E+00 -5.92275347E-02
    1.455000      1   0.00000000E+00  0.00000000E+00  2.72185595E-03  0.00000000E+00  0.00000000E+00  0.00000000E+00  0.00000000E+00  0.00000000E+00  5.08973411E-02  0.00000000E+00  0.00000000E+00 -5.92257301E-02
    1.456000      1   0.00000000E+00  0.00000000E+00  2.67699178E-03  0.00000000E+00  0.00000000E+00  0.00000000E+00  0.00000000E+00  0.00000000E+00  5.08381367E-02  0.00000000E+00  0.00000000E+00 -5.92044364E-02
    1.457000      1   0.00000000E+00  0.00000000E+00  2.74497741E-03  0.00000000E+00  0.00000000E+00  0.00000000E+00  0.00000000E+00  0.00000000E+00  5.07789419E-02  0.00000000E+00  0.00000000E+00 -5.91947760E-02
    1.458000      1   0.00000000E+00  0.00000000E+00  2.71993331E-03  0.00000000E+00  0.00000000E+00  0.00000000E+00  0.00000000E+00  0.00000000E+00  5.07197541E-02  0.00000000E+00  0.00000000E+00 -5.91878272E-02
    1.459000      1   0.00000000E+00  0.00000000E+00  2.75943641E-03  0.00000000E+00  0.00000000E+00  0.00000000E+00  0.00000000E+00  0.00000000E+00  5.06605911E-02  0.00000000E+00  0.00000000E+00 -5.91629796E-02
    1.460000      1   0.00000000E+00  0.00000000E+00  2.69502155E-03  0.00000000E+00  0.00000000E+00  0.00000000E+00  0.00000000E+00  0.00000000E+00  5.06014517E-02  0.00000000E+00  0.00000000E+00 -5.91393713E-02
    1.461000      1   0.00000000E+00  0.00000000E+00  2.70953417E-03  0.00000000E+00  0.00000000E+00  0.00000000E+00  0.00000000E+00  0.00000000E+00  5.05423376E-02  0.00000000E+00  0.00000000E+00 -5.91141806E-02
    1.462000      1   0.00000000E+00  0.00000000E+00  2.66973513E-03  0.00000000E+00  0.00000000E+00  0.00000000E+00  0.00000000E+00  0.00000000E+00  5.04832300E-02  0.00000000E+00  0.00000000E+00 -5.91075782E-02
    1.463000      1   0.00000000E+00  0.00000000E+00  2.66596396E-03  0.00000000E+00  0.00000000E+00  0.00000000E+00  0.00000000E+00  0.00000000E+00  5.04241267E-02  0.00000000E+00  0.00000000E+00 -5.91032478E-02
    1.464000      1   0.00000000E+00  0.00000000E+00  2.62521301E-03  0.00000000E+00  0.00000000E+00  0.00000000E+00  0.00000000E+00  0.00000000E+00  5.03650141E-02  0.00000000E+00  0.00000000E+00 -5.91126548E-02
    1.465000      1   0.00000000E+00  0.00000000E+00  2.70635200E-03  0.00000000E+00  0.00000000E+00  0.00000000E+00  0.00000000E+00  0.00000000E+00  5.03058836E-02  0.00000000E+00  0.00000000E+00 -5.91305067E-02
    1.466000      1   0.00000000E+00  0.00000000E+00  2.66579638E-03  0.00000000E+00  0.00000000E+00  0.00000000E+00  0.00000000E+00  0.00000000E+00  5.02467362E-02  0.00000000E+00  0.00000000E+00 -5.91473933E-02
    1.467000      1   0.00000000E+00  0.00000000E+00  2.66395696E-03  0.00000000E+00  0.00000000E+00  0.00000000E+00  0.00000000E+00  0.00000000E+00  5.01875914E-02  0.00000000E+00  0.00000000E+00 -5.91448044E-02
    1.468000      1   0.00000000E+00  0.00000000E+00  2.60210138E-03  0.00000000E+00  0.00000000E+00  0.00000000E+00  0.00000000E+00  0.00000000E+00  5.01284355E-02  0.00000000E+00  0.00000000E+00 -5.91558599E-02
    1.469000      1   0.00000000E+00  0.00000000E+00  2.69491479E-03  0.00000000E+00  0.00000000E+00  0.00000000E+00  0.00000000E+00  0.00000000E+00  5.00692571E-02  0.00000000E+00  0.00000000E+00 -5.91784580E-02
    1.470000      1   0.00000000E+00  0.00000000E+00  2.62967985E-03  0.00000000E+00  0.00000000E+00  0.00000000E+00  0.00000000E+00  0.00000000E+00  5.00100521E-02  0.00000000E+00  0.00000000E+00 -5.92049573E-02
    1.471000      1   0.00000000E+00  0.00000000E+00  2.73038471E-03  0.00000000E+00  0.00000000E+00  0.00000000E+00  0.00000000E+00  0.00000000E+00  4.99508396E-02  0.00000000E+00  0.00000000E+00 -5.92125114E-02
    1.472000      1   0.00000000E+00  0.00000000E+00  2.67734223E-03  0.00000000E+00  0.00000000E+00  0.00000000E+00  0.00000000E+00  0.00000000E+00  4.98916159E-02  0.00000000E+00  0.00000000E+00 -5.92236811E-02
    1.473000      1   0.00000000E+00  0.00000000E+00  2.76775299E-03  0.00000000E+00  0.00000000E+00  0.00000000E+00  0.00000000E+00  0.00000000E+00  4.98324047E-02  0.00000000E+00  0.00000000E+00 -5.92111578E-02
    1.474000      1   0.00000000E+00  0.00000000E+00  2.72148949E-03  0.00000000E+00  0.00000000E+00  0.00000000E+00  0.00000000E+00  0.00000000E+00  4.97732047E-02  0.00000000E+00  0.00000000E+00 -5.92000663E-02
    1.475000      1   0.00000000E+00  0.00000000E+00  2.74261952E-03  0.00000000E+00  0.00000000E+00  0.00000000E+00  0.00000000E+00  0.00000000E+00  4.97140372E-02  0.00000000E+00  0.00000000E+00 -5.91674637E-02
    1.476000      1   0.00000000E+00  0.00000000E+00  2.71472656E-03  0.00000000E+00  0.00000000E+00  0.00000000E+00  0.00000000E+00  0.00000000E+00  4.96548909E-02  0.00000000E+00  0.00000000E+00 -5.91463181E-02
    1.477000      1   0.00000000E+00  0.00000000E+00  2.69627013E-03  0.00000000E+00  0.00000000E+00  0.00000000E+00  0.00000000E+00  0.00000000E+00  4.95957677E-02  0.00000000E+00  0.00000000E+00 -5.91231657E-02
    1.478000      1   0.00000000E+00  0.00000000E+00  2.70700992E-03  0.00000000E+00  0.00000000E+00  0.00000000E+00  0.00000000E+00  0.00000000E+00  4.95366553E-02  0.00000000E+00  0.00000000E+00 -5.91124376E-02
    1.479000      1   0.00000000E+00  0.00000000E+00  2.70754397E-03  0.00000000E+00  0.00000000E+00  0.00000000E+00  0.00000000E+00  0.00000000E+00  4.94775494E-02  0.00000000E+00  0.00000000E+00 -5.91058716E-02
    1.480000      1   0.00000000E+00  0.00000000E+00  2.69377672E-03  0.00000000E+00  0.00000000E+00  0.00000000E+00  0.00000000E+00  0.00000000E+00  4.94184537E-02  0.00000000E+00  0.00000000E+00 -5.90956841E-02
    1.481000      1   0.00000000E+00  0.00000000E+00  2.67700628E-03  0.00000000E+00  0.00000000E+00  0.00000000E+00  0.00000000E+00  0.00000000E+00  4.93593660E-02  0.00000000E+00  0.00000000E+00 -5.90877558E-02
    1.482000      1   0.00000000E+00  0.00000000E+00  2.62395835E-03  0.00000000E+00  0.00000000E+00  0.00000000E+00  0.00000000E+00  0.00000000E+00  4.93002787E-02  0.00000000E+00  0.00000000E+00 -5.90873145E-02
    1.483000      1   0.00000000E+00  0.00000000E+00  2.60950123E-03  0.00000000E+00  0.00000000E+00  0.00000000E+00  0.00000000E+00  0.00000000E+00  4.92411769E-02  0.00000000E+00  0.00000000E+00 -5.91017618E-02
    1.484000      1   0.00000000E+00  0.00000000E+00  2.69212110E-03  0.00000000E+00  0.00000000E+00  0.00000000E+00  0.00000000E+00  0.00000000E+00  4.91820407E-02  0.00000000E+00  0.00000000E+00 -5.91361874E-02
    1.485000      1   0.00000000E+00  0.00000000E+00  2.72119835E-03  0.00000000E+00  0.00000000E+00  0.00000000E+00  0.00000000E+00  0.00000000E+00  4.91228800E-02  0.00000000E+00  0.00000000E+00 -5.91607505E-02
    1.486000      1   0.00000000E+00  0.00000000E+00  2.68103051E-03  0.00000000E+00  0.00000000E+00  0.00000000E+00  0.00000000E+00  0.00000000E+00  4.90637269E-02  0.00000000E+00  0.00000000E+00 -5.91530381E-02
    1.487000      1   0.00000000E+00  0.00000000E+00  2.56514742E-03  0.00000000E+00  0.00000000E+00  0.00000000E+00  0.00000000E+00  0.00000000E+00  4.90045840E-02  0.00000000E+00  0.00000000E+00 -5.91428795E-02
    1.488000      1   0.00000000E+00  0.00000000E+00  2.67958681E-03  0.00000000E+00  0.00000000E+00  0.00000000E+00  0.00000000E+00  0.00000000E+00  4.89454176E-02  0.00000000E+00  0.00000000E+00 -5.91664052E-02
    1.489000      1   0.00000000E+00  0.00000000E+00  2.64934064E-03  0.00000000E+00  0.00000000E+00  0.00000000E+00  0.00000000E+00  0.00000000E+00  4.88862099E-02  0.00000000E+00  0.00000000E+00 -5.92077514E-02
    1.490000      1   0.00000000E+00  0.00000000E+00  2.71427249E-03  0.00000000E+00  0.00000000E+00  0.00000000E+00  0.00000000E+00  0.00000000E+00  4.88269930E-02  0.00000000E+00  0.00000000E+00 -5.92168626E-02
    1.491000      1   0.00000000E+00  0.00000000E+00  2.69684553E-03  0.00000000E+00  0.00000000E+00  0.00000000E+00  0.00000000E+00  0.00000000E+00  4.87677686E-02  0.00000000E+00  0.00000000E+00 -5.92244247E-02
    1.492000      1   0.00000000E+00  0.00000000E+00  2.73087400E-03  0.00000000E+00  0.00000000E+00  0.00000000E+00  0.00000000E+00  0.00000000E+00  4.87085549E-02  0.00000000E+00  0.00000000E+00 -5.92137439E-02
    1.493000      1   0.00000000E+00  0.00000000E+00  2.68360683E-03  0.00000000E+00  0.00000000E+00  0.00000000E+00  0.00000000E+00  0.00000000E+00  4.86493521E-02  0.00000000E+00  0.00000000E+00 -5.92027688E-02
    1.494000      1   0.00000000E+00  0.00000000E+00  2.75049875E-03  0.00000000E+00  0.00000000E+00  0.00000000E+00  0.00000000E+00  0.00000000E+00  4.85901631E-02  0.00000000E+00  0.00000000E+00 -5.91889770E-02
    1.495000      1   0.00000000E+00  0.00000000E+00  2.71987241E-03  0.00000000E+00  0.00000000E+00  0.00000000E+00  0.00000000E+00  0.00000000E+00  4.85309842E-02  0.00000000E+00  0.00000000E+00 -5.91788793E-02
    1.496000      1   0.00000000E+00  0.00000000E+00  2.73197625E-03  0.00000000E+00  0.00000000E+00  0.00000000E+00  0.00000000E+00  0.00000000E+00  4.84718320E-02  0.00000000E+00  0.00000000E+00 -5.91522293E-02
    1.497000      1   0.00000000E+00  0.00000000E+00  2.71597679E-03  0.00000000E+00  0.00000000E+00  0.00000000E+00  0.00000000E+00  0.00000000E+00  4.84126985E-02  0.00000000E+00  0.00000000E+00 -5.91334969E-02
    1.498000      1   0.00000000E+00  0.00000000E+00  2.71457970E-03  0.00000000E+00  0.00000000E+00  0.00000000E+00  0.00000000E+00  0.00000000E+00  4.83535849E-02  0.00000000E+00  0.00000000E+00 -5.91136189E-02
    1.499000      1   0.00000000E+00  0.00000000E+00  2.68428652E-03  0.00000000E+00  0.00000000E+00  0.00000000E+00  0.00000000E+00  0.00000000E+00  4.82944856E-02  0.00000000E+00  0.00000000E+00 -5.90992423E-02
    1.500000      1   0.00000000E+00  0.00000000E+00  2.66394949E-03  0.00000000E+00  0.00000000E+00  0.00000000E+00  0.00000000E+00  0.00000000E+00  4.82353950E-02  0.00000000E+00  0.00000000E+00 -5.90906815E-02
    1.501000      1   0.00000000E+00  0.00000000E+00  2.64862613E-03  0.00000000E+00  0.00000000E+00  0.00000000E+00  0.00000000E+00  0.00000000E+00  4.81762993E-02  0.00000000E+00  0.00000000E+00 -5.90956659E-02
    1.502000      1   0.00000000E+00  0.00000000E+00  2.68219695E-03  0.00000000E+00  0.00000000E+00  0.00000000E+00  0.00000000E+00  0.00000000E+00  4.81171893E-02  0.00000000E+00  0.00000000E+00 -5.91100390E-02
    1.503000      1   0.00000000E+00  0.00000000E+00  2.63367682E-03  0.00000000E+00  0.00000000E+00  0.00000000E+00  0.00000000E+00  0.00000000E+00  4.80580658E-02  0.00000000E+00  0.00000000E+00 -5.91235080E-02
    1.504000      1   0.00000000E+00  0.00000000E+00  2.68065585E-03  0.00000000E+00  0.00000000E+00  0.00000000E+00  0.00000000E+00  0.00000000E+00  4.79989312E-02  0.00000000E+00  0.00000000E+00 -5.91345320E-02
    1.505000      1   0.00000000E+00  0.00000000E+00  2.69131553E-03  0.00000000E+00  0.00000000E+00  0.00000000E+00  0.00000000E+00  0.00000000E+00  4.79397780E-02  0.00000000E+00  0.00000000E+00 -5.91531830E-02
    1.506000      1   0.00000000E+00  0.00000000E+00  2.60453784E-03  0.00000000E+00  0.00000000E+00  0.00000000E+00  0.00000000E+00  0.00000000E+00  4.78806235E-02  0.00000000E+00  0.00000000E+00 -5.91545204E-02
    1.507000      1   0.00000000E+00  0.00000000E+00  2.68767724E-03  0.00000000E+00  0.00000000E+00  0.00000000E+00  0.00000000E+00  0.00000000E+00  4.78214558E-02  0.00000000E+00  0.00000000E+00 -5.91677026E-02
    1.508000      1   0.00000000E+00  0.00000000E+00  2.63242822E-03  0.00000000E+00  0.00000000E+00  0.00000000E+00  0.00000000E+00  0.00000000E+00  4.77622611E-02  0.00000000E+00  0.00000000E+00 -5.91946816E-02
    1.509000      1   0.00000000E+00  0.00000000E+00  2.70636914E-03  0.00000000E+00  0.00000000E+00  0.00000000E+00  0.00000000E+00  0.00000000E+00  4.77030570E-02  0.00000000E+00  0.00000000E+00 -5.92041266E-02
    1.510000      1   0.00000000E+00  0.00000000E+00  2.78119841E-03  0.00000000E+00  0.00000000E+00  0.00000000E+00  0.00000000E+00  0.00000000E+00  4.76438384E-02  0.00000000E+00  0.00000000E+00 -5.92186406E-02
    1.511000      1   0.00000000E+00  0.00000000E+00  2.75321643E-03  0.00000000E+00  0.00000000E+00  0.00000000E+00  0.00000000E+00  0.00000000E+00  4.75846427E-02  0.00000000E+00  0.00000000E+00 -5.91956385E-02
    1.512000      1   0.00000000E+00  0.00000000E+00  2.64616756E-03  0.00000000E+00  0.00000000E+00  0.00000000E+00  0.00000000E+00  0.00000000E+00  4.75254897E-02  0.00000000E+00  0.00000000E+00 -5.91530097E-02
    1.513000      1   0.00000000E+00  0.00000000E+00  2.75723670E-03  0.00000000E+00  0.00000000E+00  0.00000000E+00  0.00000000E+00  0.00000000E+00  4.74663512E-02  0.00000000E+00  0.00000000E+00 -5.91385010E-02
    1.514000      1   0.00000000E+00  0.00000000E+00  2.72482221E-03  0.00000000E+00  0.00000000E+00  0.00000000E+00  0.00000000E+00  0.00000000E+00  4.74072117E-02  0.00000000E+00  0.00000000E+00 -5.91395074E-02
    1.515000      1   0.00000000E+00  0.00000000E+00  2.71561301E-03  0.00000000E+00  0.00000000E+00  0.00000000E+00  0.00000000E+00  0.00000000E+00  4.73481019E-02  0.00000000E+00  0.00000000E+00 -5.91097692E-02
    1.516000      1   0.00000000E+00  0.00000000E+00  2.68667721E-03  0.00000000E+00  0.00000000E+00  0.00000000E+00  0.00000000E+00  0.00000000E+00  4.72890096E-02  0.00000000E+00  0.00000000E+00 -5.90923050E-02
    1.517000      1   0.00000000E+00  0.00000000E+00  2.71062905E-03  0.00000000E+00  0.00000000E+00  0.00000000E+00  0.00000000E+00  0.00000000E+00  4.72299267E-02  0.00000000E+00  0.00000000E+00 -5.90829821E-02
    1.518000      1   0.00000000E+00  0.00000000E+00  2.67157357E-03  0.00000000E+00  0.00000000E+00  0.00000000E+00  0.00000000E+00  0.00000000E+00  4.71708477E-02  0.00000000E+00  0.00000000E+00 -5.90789266E-02
    1.519000      1   0.00000000E+00  0.00000000E+00  2.66018197E-03  0.00000000E+00  0.00000000E+00  0.00000000E+00  0.00000000E+00  0.00000000E+00  4.71117738E-02  0.00000000E+00  0.00000000E+00 -5.90739114E-02
    1.520000      1   0.00000000E+00  0.00000000E+00  2.63381921E-03  0.00000000E+00  0.00000000E+00  0.00000000E+00  0.00000000E+00  0.00000000E+00  4.70526901E-02  0.00000000E+00  0.00000000E+00 -5.90837372E-02
    1.521000      1   0.00000000E+00  0.00000000E+00  2.70716152E-03  0.00000000E+00  0.00000000E+00  0.00000000E+00  0.00000000E+00  0.00000000E+00  4.69935881E-02  0.00000000E+00  0.00000000E+00 -5.91019660E-02
    1.522000      1   0.00000000E+00  0.00000000E+00  2.60036567E-03  0.00000000E+00  0.00000000E+00  0.00000000E+00  0.00000000E+00  0.00000000E+00  4.69344722E-02  0.00000000E+00  0.00000000E+00 -5.91158831E-02
    1.523000      1   0.00000000E+00  0.00000000E+00  2.66650997E-03  0.00000000E+00  0.00000000E+00  0.00000000E+00  0.00000000E+00  0.00000000E+00  4.68753476E-02  0.00000000E+00  0.00000000E+00 -5.91245990E-02
    1.524000      1   0.00000000E+00  0.00000000E+00  2.69057983E-03  0.00000000E+00  0.00000000E+00  0.00000000E+00  0.00000000E+00  0.00000000E+00  4.68161909E-02  0.00000000E+00  0.00000000E+00 -5.91566915E-02
    1.525000      1   0.00000000E+00  0.00000000E+00  2.64846171E-03  0.00000000E+00  0.00000000E+00  0.00000000E+00  0.00000000E+00  0.00000000E+00  4.67570281E-02  0.00000000E+00  0.00000000E+00 -5.91628047E-02
    1.526000      1   0.00000000E+00  0.00000000E+00  2.67700060E-03  0.00000000E+00  0.00000000E+00  0.00000000E+00  0.00000000E+00  0.00000000E+00  4.66978597E-02  0.00000000E+00  0.00000000E+00 -5.91684611E-02
    1.527000      1   0.00000000E+00  0.00000000E+00  2.68217038E-03  0.00000000E+00  0.00000000E+00  0.00000000E+00  0.00000000E+00  0.00000000E+00  4.66386768E-02  0.00000000E+00  0.00000000E+00 -5.91829029E-02
    1.528000      1   0.00000000E+00  0.00000000E+00  2.65951949E-03  0.00000000E+00  0.00000000E+00  0.00000000E+00  0.00000000E+00  0.00000000E+00  4.65794897E-02  0.00000000E+00  0.00000000E+00 -5.91870579E-02
    1.529000      1   0.00000000E+00  0.00000000E+00  2.74061462E-03  0.00000000E+00  0.00000000E+00  0.00000000E+00  0.00000000E+00  0.00000000E+00  4.65202962E-02  0.00000000E+00  0.00000000E+00 -5.91935207E-02
    1.530000      1   0.00000000E+00  0.00000000E+00  2.72417626E-03  0.00000000E+00  0.00000000E+00  0.00000000E+00  0.00000000E+00  0.00000000E+00  4.64611031E-02  0.00000000E+00  0.00000000E+00 -5.91930815E-02
    1.531000      1   0.00000000E+00  0.00000000E+00  2.65105644E-03  0.00000000E+00  0.00000000E+00  0.00000000E+00  0.00000000E+00  0.00000000E+00  4.64019342E-02  0.00000000E+00  0.00000000E+00 -5.91689165E-02
    1.532000      1   0.00000000E+00  0.00000000E+00  2.77708537E-03  0.00000000E+00  0.00000000E+00  0.00000000E+00  0.00000000E+00  0.00000000E+00  4.63427711E-02  0.00000000E+00  0.00000000E+00 -5.91630805E-02
    1.533000      1   0.00000000E+00  0.00000000E+00  2.72499900E-03  0.00000000E+00  0.00000000E+00  0.00000000E+00  0.00000000E+00  0.00000000E+00  4.62836121E-02  0.00000000E+00  0.00000000E+00 -5.91589713E-02
    1.534000      1   0.00000000E+00  0.00000000E+00  2.71160158E-03  0.00000000E+00  0.00000000E+00  0.00000000E+00  0.00000000E+00  0.00000000E+00  4.62244895E-02  0.00000000E+00  0.00000000E+00 -5.91226832E-02
    1.535000      1   0.00000000E+00  0.00000000E+00  2.69577761E-03  0.00000000E+00  0.00000000E+00  0.00000000E+00  0.00000000E+00  0.00000000E+00  4.61653836E-02  0.00000000E+00  0.00000000E+00 -5.91058702E-02
    1.536000      1   0.00000000E+00  0.00000000E+00  2.73780268E-03  0.00000000E+00  0.00000000E+00  0.00000000E+00  0.00000000E+00  0.00000000E+00  4.61062873E-02  0.00000000E+00  0.00000000E+00 -5.90962555E-02
    1.537000      1   0.00000000E+00  0.00000000E+00  2.67968654E-03  0.00000000E+00  0.00000000E+00  0.00000000E+00  0.00000000E+00  0.00000000E+00  4.60472029E-02  0.00000000E+00  0.00000000E+00 -5.90844059E-02
    1.538000      1   0.00000000E+00  0.00000000E+00  2.66049254E-03  0.00000000E+00  0.00000000E+00  0.00000000E+00  0.00000000E+00  0.00000000E+00  4.59881339E-02  0.00000000E+00  0.00000000E+00 -5.90690319E-02
    1.539000      1   0.00000000E+00  0.00000000E+00  2.63792397E-03  0.00000000E+00  0.00000000E+00  0.00000000E+00  0.00000000E+00  0.00000000E+00  4.59290578E-02  0.00000000E+00  0.00000000E+00 -5.90761383E-02
    1.540000      1   0.00000000E+00  0.00000000E+00  2.72511727E-03  0.00000000E+00  0.00000000E+00  0.00000000E+00  0.00000000E+00  0.00000000E+00  4.58699642E-02  0.00000000E+00  0.00000000E+00 -5.90935392E-02
    1.541000      1   0.00000000E+00  0.00000000E+00  2.61603482E-03  0.00000000E+00  0.00000000E+00  0.00000000E+00  0.00000000E+00  0.00000000E+00  4.58108613E-02  0.00000000E+00  0.00000000E+00 -5.91029329E-02
    1.542000      1   0.00000000E+00  0.00000000E+00  2.66088269E-03  0.00000000E+00  0.00000000E+00  0.00000000E+00  0.00000000E+00  0.00000000E+00  4.57517583E-02  0.00000000E+00  0.00000000E+00 -5.91029811E-02
    1.543000      1   0.00000000E+00  0.00000000E+00  2.67513335E-03  0.00000000E+00  0.00000000E+00  0.00000000E+00  0.00000000E+00  0.00000000E+00  4.56926274E-02  0.00000000E+00  0.00000000E+00 -5.91309226E-02
    1.544000      1   0.00000000E+00  0.00000000E+00  2.64772072E-03  0.00000000E+00  0.00000000E+00  0.00000000E+00  0.00000000E+00  0.00000000E+00  4.56334858E-02  0.00000000E+00  0.00000000E+00 -5.91416154E-02
    1.545000      1   0.00000000E+00  0.00000000E+00  2.62001804E-03  0.00000000E+00  0.00000000E+00  0.00000000E+00  0.00000000E+00  0.00000000E+00  4.55743333E-02  0.00000000E+00  0.00000000E+00 -5.91524757E-02
    1.546000      1   0.00000000E+00  0.00000000E+00  2.72135399E-03  0.00000000E+00  0.00000000E+00  0.00000000E+00  0.00000000E+00  0.00000000E+00  4.55151561E-02  0.00000000E+00  0.00000000E+00 -5.91772376E-02
    1.547000      1   0.00000000E+00  0.00000000E+00  2.69889553E-03  0.00000000E+00  0.00000000E+00  0.00000000E+00  0.00000000E+00  0.00000000E+00  4.54559629E-02  0.00000000E+00  0.00000000E+00 -5.91931774E-02
    1.548000      1   0.00000000E+00  0.00000000E+00  2.77793462E-03  0.00000000E+00  0.00000000E+00  0.00000000E+00  0.00000000E+00  0.00000000E+00  4.53967831E-02  0.00000000E+00  0.00000000E+00 -5.91798085E-02
    1.549000      1   0.00000000E+00  0.00000000E+00  2.72756166E-03  0.00000000E+00  0.00000000E+00  0.00000000E+00  0.00000000E+00  0.00000000E+00  4.53376232E-02  0.00000000E+00  0.00000000E+00 -5.91598380E-02
    1.550000      1   0.00000000E+00  0.00000000E+00  2.63138925E-03  0.00000000E+00  0.00000000E+00  0.00000000E+00  0.00000000E+00  0.00000000E+00  4.52785004E-02  0.00000000E+00  0.00000000E+00 -5.91228178E-02
    1.551000      1   0.00000000E+00  0.00000000E+00  2.73903273E-03  0.00000000E+00  0.00000000E+00  0.00000000E+00  0.00000000E+00  0.00000000E+00  4.52193811E-02  0.00000000E+00  0.00000000E+00 -5.91193479E-02
    1.552000      1   0.00000000E+00  0.00000000E+00  2.74812005E-03  0.00000000E+00  0.00000000E+00  0.00000000E+00  0.00000000E+00  0.00000000E+00  4.51602526E-02  0.00000000E+00  0.00000000E+00 -5.91284269E-02
    1.553000      1   0.00000000E+00  0.00000000E+00  2.72322488E-03  0.00000000E+00  0.00000000E+00  0.00000000E+00  0.00000000E+00  0.00000000E+00  4.51011521E-02  0.00000000E+00  0.00000000E+00 -5.91005472E-02
    1.554000      1   0.00000000E+00  0.00000000E+00  2.67968241E-03  0.00000000E+00  0.00000000E+00  0.00000000E+00  0.00000000E+00  0.00000000E+00  4.50420780E-02  0.00000000E+00  0.00000000E+00 -5.90740855E-02
    1.555000      1   0.00000000E+00  0.00000000E+00  2.70190180E-03  0.00000000E+00  0.00000000E+00  0.00000000E+00  0.00000000E+00  0.00000000E+00  4.49830145E-02  0.00000000E+00  0.00000000E+00 -5.90634997E-02
    1.556000      1   0.00000000E+00  0.00000000E+00  2.66673144E-03  0.00000000E+00  0.00000000E+00  0.00000000E+00  0.00000000E+00  0.00000000E+00  4.49239512E-02  0.00000000E+00  0.00000000E+00 -5.90632847E-02
    1.557000      1   0.00000000E+00  0.00000000E+00  2.66137243E-03  0.00000000E+00  0.00000000E+00  0.00000000E+00  0.00000000E+00  0.00000000E+00  4.48648892E-02  0.00000000E+00  0.00000000E+00 -5.90619920E-02
    1.558000      1   0.00000000E+00  0.00000000E+00  2.63223192E-03  0.00000000E+00  0.00000000E+00  0.00000000E+00  0.00000000E+00  0.00000000E+00  4.48058160E-02  0.00000000E+00  0.00000000E+00 -5.90731975E-02
    1.559000      1   0.00000000E+00  0.00000000E+00  2.68673712E-03  0.00000000E+00  0.00000000E+00  0.00000000E+00  0.00000000E+00  0.00000000E+00  4.47467247E-02  0.00000000E+00  0.00000000E+00 -5.90913161E-02
    1.560000      1   0.00000000E+00  0.00000000E+00  2.63029716E-03  0.00000000E+00  0.00000000E+00  0.00000000E+00  0.00000000E+00  0.00000000E+00  4.46876153E-02  0.00000000E+00  0.00000000E+00 -5.91093662E-02
    1.561000      1   0.00000000E+00  0.00000000E+00  2.67413424E-03  0.00000000E+00  0.00000000E+00  0.00000000E+00  0.00000000E+00  0.00000000E+00  4.46284959E-02  0.00000000E+00  0.00000000E+00 -5.91194968E-02
    1.562000      1   0.00000000E+00  0.00000000E+00  2.67185221E-03  0.00000000E+00  0.00000000E+00  0.00000000E+00  0.00000000E+00  0.00000000E+00  4.45693554E-02  0.00000000E+00  0.00000000E+00 -5.91404111E-02
    1.563000      1   0.00000000E+00  0.00000000E+00  2.68683245E-03  0.00000000E+00  0.00000000E+00  0.00000000E+00  0.00000000E+00  0.00000000E+00  4.45102081E-02  0.00000000E+00  0.00000000E+00 -5.91473321E-02
    1.564000      1   0.00000000E+00  0.00000000E+00  2.62063976E-03  0.00000000E+00  0.00000000E+00  0.00000000E+00  0.00000000E+00  0.00000000E+00  4.44510558E-02  0.00000000E+00  0.00000000E+00 -5.91523535E-02
    1.565000      1   0.00000000E+00  0.00000000E+00  2.69453438E-03  0.00000000E+00  0.00000000E+00  0.00000000E+00  0.00000000E+00  0.00000000E+00  4.43918916E-02  0.00000000E+00  0.00000000E+00 -5.91641606E-02
    1.566000      1   0.00000000E+00  0.00000000E+00  2.65714401E-03  0.00000000E+00  0.00000000E+00  0.00000000E+00  0.00000000E+00  0.00000000E+00  4.43327070E-02  0.00000000E+00  0.00000000E+00 -5.91846389E-02
    1.567000      1   0.00000000E+00  0.00000000E+00  2.76034395E-03  0.00000000E+00  0.00000000E+00  0.00000000E+00  0.00000000E+00  0.00000000E+00  4.42735195E-02  0.00000000E+00  0.00000000E+00 -5.91874612E-02
    1.568000      1   0.00000000E+00  0.00000000E+00  2.72488865E-03  0.00000000E+00  0.00000000E+00  0.00000000E+00  0.00000000E+00  0.00000000E+00  4.42143352E-02  0.00000000E+00  0.00000000E+00 -5.91843133E-02
    1.569000      1   0.00000000E+00  0.00000000E+00  2.69683145E-03  0.00000000E+00  0.00000000E+00  0.00000000E+00  0.00000000E+00  0.00000000E+00  4.41551816E-02  0.00000000E+00  0.00000000E+00 -5.91535428E-02
    1.570000      1   0.00000000E+00  0.00000000E+00  2.68932350E-03  0.00000000E+00  0.00000000E+00  0.00000000E+00  0.00000000E+00  0.00000000E+00  4.40960423E-02  0.00000000E+00  0.00000000E+00 -5.91393781E-02
    1.571000      1   0.00000000E+00  0.00000000E+00  2.71335128E-03  0.00000000E+00  0.00000000E+00  0.00000000E+00  0.00000000E+00  0.00000000E+00  4.40369065E-02  0.00000000E+00  0.00000000E+00 -5.91357554E-02
    1.572000      1   0.00000000E+00  0.00000000E+00  2.74941425E-03  0.00000000E+00  0.00000000E+00  0.00000000E+00  0.00000000E+00  0.00000000E+00  4.39777762E-02  0.00000000E+00  0.00000000E+00 -5.91303494E-02
    1.573000      1   0.00000000E+00  0.00000000E+00  2.74380402E-03  0.00000000E+00  0.00000000E+00  0.00000000E+00  0.00000000E+00  0.00000000E+00  4.39186655E-02  0.00000000E+00  0.00000000E+00 -5.91106750E-02
    1.574000      1   0.00000000E+00  0.00000000E+00  2.71138470E-03  0.00000000E+00  0.00000000E+00  0.00000000E+00  0.00000000E+00  0.00000000E+00  4.38595853E-02  0.00000000E+00  0.00000000E+00 -5.90801490E-02
    1.575000      1   0.00000000E+00  0.00000000E+00  2.67407566E-03  0.00000000E+00  0.00000000E+00  0.00000000E+00  0.00000000E+00  0.00000000E+00  4.38005281E-02  0.00000000E+00  0.00000000E+00 -5.90571986E-02
    1.576000      1   0.00000000E+00  0.00000000E+00  2.62848216E-03  0.00000000E+00  0.00000000E+00  0.00000000E+00  0.00000000E+00  0.00000000E+00  4.37414766E-02  0.00000000E+00  0.00000000E+00 -5.90514928E-02
    1.577000      1   0.00000000E+00  0.00000000E+00  2.65611312E-03  0.00000000E+00  0.00000000E+00  0.00000000E+00  0.00000000E+00  0.00000000E+00  4.36824105E-02  0.00000000E+00  0.00000000E+00 -5.90661026E-02
    1.578000      1   0.00000000E+00  0.00000000E+00  2.69826199E-03  0.00000000E+00  0.00000000E+00  0.00000000E+00  0.00000000E+00  0.00000000E+00  4.36233197E-02  0.00000000E+00  0.00000000E+00 -5.90907997E-02
    1.579000      1   0.00000000E+00  0.00000000E+00  2.63647752E-03  0.00000000E+00  0.00000000E+00  0.00000000E+00  0.00000000E+00  0.00000000E+00  4.35642208E-02  0.00000000E+00  0.00000000E+00 -5.90989689E-02
    1.580000      1   0.00000000E+00  0.00000000E+00  2.67302219E-03  0.00000000E+00  0.00000000E+00  0.00000000E+00  0.00000000E+00  0.00000000E+00  4.35051165E-02  0.00000000E+00  0.00000000E+00 -5.91042216E-02
    1.581000      1   0.00000000E+00  0.00000000E+00  2.62448166E-03  0.00000000E+00  0.00000000E+00  0.00000000E+00  0.00000000E+00  0.00000000E+00  4.34459932E-02  0.00000000E+00  0.00000000E+00 -5.91233028E-02
    1.582000      1   0.00000000E+00  0.00000000E+00  2.69704598E-03  0.00000000E+00  0.00000000E+00  0.00000000E+00  0.00000000E+00  0.00000000E+00  4.33868543E-02  0.00000000E+00  0.00000000E+00 -5.91389660E-02
    1.583000      1   0.00000000E+00  0.00000000E+00  2.62182230E-03  0.00000000E+00  0.00000000E+00  0.00000000E+00  0.00000000E+00  0.00000000E+00  4.33276965E-02  0.00000000E+00  0.00000000E+00 -5.91577384E-02
    1.584000      1   0.00000000E+00  0.00000000E+00  2.72500595E-03  0.00000000E+00  0.00000000E+00  0.00000000E+00  0.00000000E+00  0.00000000E+00  4.32685306E-02  0.00000000E+00  0.00000000E+00 -5.91659821E-02
    1.585000      1   0.00000000E+00  0.00000000E+00  2.67732300E-03  0.00000000E+00  0.00000000E+00  0.00000000E+00  0.00000000E+00  0.00000000E+00  4.32093499E-02  0.00000000E+00  0.00000000E+00 -5.91806835E-02
    1.586000      1   0.00000000E+00  0.00000000E+00  2.76399867E-03  0.00000000E+00  0.00000000E+00  0.00000000E+00  0.00000000E+00  0.00000000E+00  4.31501799E-02  0.00000000E+00  0.00000000E+00 -5.91699301E-02
    1.587000      1   0.00000000E+00  0.00000000E+00  2.75813190E-03  0.00000000E+00  0.00000000E+00  0.00000000E+00  0.00000000E+00  0.00000000E+00  4.30910204E-02  0.00000000E+00  0.00000000E+00 -5.91595088E-02
    1.588000      1   0.00000000E+00  0.00000000E+00  2.75101667E-03  0.00000000E+00  0.00000000E+00  0.00000000E+00  0.00000000E+00  0.00000000E+00  4.30318988E-02  0.00000000E+00  0.00000000E+00 -5.91216594E-02
    1.589000      1   0.00000000E+00  0.00000000E+00  2.66460617E-03  0.00000000E+00  0.00000000E+00  0.00000000E+00  0.00000000E+00  0.00000000E+00  4.29728118E-02  0.00000000E+00  0.00000000E+00 -5.90869950E-02
    1.590000      1   0.00000000E+00  0.00000000E+00  2.70971028E-03  0.00000000E+00  0.00000000E+00  0.00000000E+00  0.00000000E+00  0.00000000E+00  4.29137418E-02  0.00000000E+00  0.00000000E+00 -5.90699480E-02
    1.591000      1   0.00000000E+00  0.00000000E+00  2.71042628E-03  0.00000000E+00  0.00000000E+00  0.00000000E+00  0.00000000E+00  0.00000000E+00  4.28546685E-02  0.00000000E+00  0.00000000E+00 -5.90733035E-02
    1.592000      1   0.00000000E+00  0.00000000E+00  2.71498825E-03  0.00000000E+00  0.00000000E+00  0.00000000E+00  0.00000000E+00  0.00000000E+00  4.27956068E-02  0.00000000E+00  0.00000000E+00 -5.90617194E-02
    1.593000      1   0.00000000E+00  0.00000000E+00  2.67570757E-03  0.00000000E+00  0.00000000E+00  0.00000000E+00  0.00000000E+00  0.00000000E+00  4.27365577E-02  0.00000000E+00  0.00000000E+00 -5.90490934E-02
    1.594000      1   0.00000000E+00  0.00000000E+00  2.69079858E-03  0.00000000E+00  0.00000000E+00  0.00000000E+00  0.00000000E+00  0.00000000E+00  4.26775158E-02  0.00000000E+00  0.00000000E+00 -5.90419156E-02
    1.595000      1   0.00000000E+00  0.00000000E+00  2.62596325E-03  0.00000000E+00  0.00000000E+00  0.00000000E+00  0.00000000E+00  0.00000000E+00  4.26184708E-02  0.00000000E+00  0.00000000E+00 -5.90449695E-02
    1.596000      1   0.00000000E+00  0.00000000E+00  2.62411306E-03  0.00000000E+00  0.00000000E+00  0.00000000E+00  0.00000000E+00  0.00000000E+00  4.25594163E-02  0.00000000E+00  0.00000000E+00 -5.90545326E-02
    1.597000      1   0.00000000E+00  0.00000000E+00  2.66852297E-03  0.00000000E+00  0.00000000E+00  0.00000000E+00  0.00000000E+00  0.00000000E+00  4.25003306E-02  0.00000000E+00  0.00000000E+00 -5.90857159E-02
    1.598000      1   0.00000000E+00  0.00000000E+00  2.71749614E-03  0.00000000E+00  0.00000000E+00  0.00000000E+00  0.00000000E+00  0.00000000E+00  4.24412209E-02  0.00000000E+00  0.00000000E+00 -5.91096533E-02
    1.599000      1   0.00000000E+00  0.00000000E+00  2.66562220E-03  0.00000000E+00  0.00000000E+00  0.00000000E+00  0.00000000E+00  0.00000000E+00  4.23821106E-02  0.00000000E+00  0.00000000E+00 -5.91103456E-02
    1.600000      1   0.00000000E+00  0.00000000E+00  2.61104879E-03  0.00000000E+00  0.00000000E+00  0.00000000E+00  0.00000000E+00  0.00000000E+00  4.23230065E-02  0.00000000E+00  0.00000000E+00 -5.91041276E-02
    1.601000      1   0.00000000E+00  0.00000000E+00  2.68350080E-03  0.00000000E+00  0.00000000E+00  0.00000000E+00  0.00000000E+00  0.00000000E+00  4.22638819E-02  0.00000000E+00  0.00000000E+00 -5.91245965E-02
    1.602000      1   0.00000000E+00  0.00000000E+00  2.63903475E-03  0.00000000E+00  0.00000000E+00  0.00000000E+00  0.00000000E+00  0.00000000E+00  4.22047317E-02  0.00000000E+00  0.00000000E+00 -5.91501758E-02
    1.603000      1   0.00000000E+00  0.00000000E+00  2.68323764E-03  0.00000000E+00  0.00000000E+00  0.00000000E+00  0.00000000E+00  0.00000000E+00  4.21455719E-02  0.00000000E+00  0.00000000E+00 -5.91598242E-02
    1.604000      1   0.00000000E+00  0.00000000E+00  2.69974288E-03  0.00000000E+00  0.00000000E+00  0.00000000E+00  0.00000000E+00  0.00000000E+00  4.20863956E-02  0.00000000E+00  0.00000000E+00 -5.91762590E-02
    1.605000      1   0.00000000E+00  0.00000000E+00  2.74429782E-03  0.00000000E+00  0.00000000E+00  0.00000000E+00  0.00000000E+00  0.00000000E+00  4.20272203E-02  0.00000000E+00  0.00000000E+00 -5.91752582E-02
    1.606000      1   0.00000000E+00  0.00000000E+00  2.68900114E-03  0.00000000E+00  0.00000000E+00  0.00000000E+00  0.00000000E+00  0.00000000E+00  4.19680594E-02  0.00000000E+00  0.00000000E+00 -5.91609577E-02
    1.607000      1   0.00000000E+00  0.00000000E+00  2.75552238E-03  0.00000000E+00  0.00000000E+00  0.00000000E+00  0.00000000E+00  0.00000000E+00  4.19089176E-02  0.00000000E+00  0.00000000E+00 -5.91418034E-02
    1.608000      1   0.00000000E+00  0.00000000E+00  2.68567061E-03  0.00000000E+00  0.00000000E+00  0.00000000E+00  0.00000000E+00  0.00000000E+00  4.18497885E-02  0.00000000E+00  0.00000000E+00 -5.91290458E-02
    1.609000      1   0.00000000E+00  0.00000000E+00  2.70354231E-03  0.00000000E+00  0.00000000E+00  0.00000000E+00  0.00000000E+00  0.00000000E+00  4.17906817E-02  0.00000000E+00  0.00000000E+00 -5.91067941E-02
    1.610000      1   0.00000000E+00  0.00000000E+00  2.73417058E-03  0.00000000E+00  0.00000000E+00  0.00000000E+00  0.00000000E+00  0.00000000E+00  4.17315774E-02  0.00000000E+00  0.00000000E+00 -5.91043224E-02
    1.611000      1   0.00000000E+00  0.00000000E+00  2.71471018E-03  0.00000000E+00  0.00000000E+00  0.00000000E+00  0.00000000E+00  0.00000000E+00  4.16724869E-02  0.00000000E+00  0.00000000E+00 -5.90905650E-02
    1.612000      1   0.00000000E+00  0.00000000E+00  2.70046496E-03  0.00000000E+00  0.00000000E+00  0.00000000E+00  0.00000000E+00  0.00000000E+00  4.16134167E-02  0.00000000E+00  0.00000000E+00 -5.90701903E-02
    1.613000      1   0.00000000E+00  0.00000000E+00  2.67604817E-03  0.00000000E+00  0.00000000E+00  0.00000000E+00  0.00000000E+00  0.00000000E+00  4.15543579E-02  0.00000000E+00  0.00000000E+00 -5.90587257E-02
    1.614000      1   0.00000000E+00  0.00000000E+00  2.62529609E-03  0.00000000E+00  0.00000000E+00  0.00000000E+00  0.00000000E+00  0.00000000E+00  4.14953017E-02  0.00000000E+00  0.00000000E+00 -5.90562573E-02
    1.615000      1   0.00000000E+00  0.00000000E+00  2.69134565E-03  0.00000000E+00  0.00000000E+00  0.00000000E+00  0.00000000E+00  0.00000000E+00  4.14362309E-02  0.00000000E+00  0.00000000E+00 -5.90707827E-02
    1.616000      1   0.00000000E+00  0.00000000E+00  2.65308066E-03  0.00000000E+00  0.00000000E+00  0.00000000E+00  0.00000000E+00  0.00000000E+00  4.13771406E-02  0.00000000E+00  0.00000000E+00 -5.90902957E-02
    1.617000      1   0.00000000E+00  0.00000000E+00  2.68878970E-03  0.00000000E+00  0.00000000E+00  0.00000000E+00  0.00000000E+00  0.00000000E+00  4.13180457E-02  0.00000000E+00  0.00000000E+00 -5.90948838E-02
    1.618000      1   0.00000000E+00  0.00000000E+00  2.63911506E-03  0.00000000E+00  0.00000000E+00  0.00000000E+00  0.00000000E+00  0.00000000E+00  4.12589400E-02  0.00000000E+00  0.00000000E+00 -5.91057240E-02
    1.619000      1   0.00000000E+00  0.00000000E+00  2.62701126E-03  0.00000000E+00  0.00000000E+00  0.00000000E+00  0.00000000E+00  0.00000000E+00  4.11998264E-02  0.00000000E+00  0.00000000E+00 -5.91136211E-02
    1.620000      1   0.00000000E+00  0.00000000E+00  2.69973161E-03  0.00000000E+00  0.00000000E+00  0.00000000E+00  0.00000000E+00  0.00000000E+00  4.11406864E-02  0.00000000E+00  0.00000000E+00 -5.91399726E-02
    1.621000      1   0.00000000E+00  0.00000000E+00  2.73152792E-03  0.00000000E+00  0.00000000E+00  0.00000000E+00  0.00000000E+00  0.00000000E+00  4.10815290E-02  0.00000000E+00  0.00000000E+00 -5.91574393E-02
    1.622000      1   0.00000000E+00  0.00000000E+00  2.68228010E-03  0.00000000E+00  0.00000000E+00  0.00000000E+00  0.00000000E+00  0.00000000E+00  4.10223836E-02  0.00000000E+00  0.00000000E+00 -5.91454008E-02
    1.623000      1   0.00000000E+00  0.00000000E+00  2.69236414E-03  0.00000000E+00  0.00000000E+00  0.00000000E+00  0.00000000E+00  0.00000000E+00  4.09632519E-02  0.00000000E+00  0.00000000E+00 -5.91316288E-02
    1.624000      1   0.00000000E+00  0.00000000E+00  2.74275833E-03  0.00000000E+00  0.00000000E+00  0.00000000E+00  0.00000000E+00  0.00000000E+00  4.09041197E-02  0.00000000E+00  0.00000000E+00 -5.91322473E-02
    1.625000      1   0.00000000E+00  0.00000000E+00  2.67629716E-03  0.00000000E+00  0.00000000E+00  0.00000000E+00  0.00000000E+00  0.00000000E+00  4.08449990E-02  0.00000000E+00  0.00000000E+00 -5.91206424E-02
    1.626000      1   0.00000000E+00  0.00000000E+00  2.76463214E-03  0.00000000E+00  0.00000000E+00  0.00000000E+00  0.00000000E+00  0.00000000E+00  4.07858948E-02  0.00000000E+00  0.00000000E+00 -5.91042403E-02
    1.627000      1   0.00000000E+00  0.00000000E+00  2.71854752E-03  0.00000000E+00  0.00000000E+00  0.00000000E+00  0.00000000E+00  0.00000000E+00  4.07268008E-02  0.00000000E+00  0.00000000E+00 -5.90940439E-02
    1.628000      1   0.00000000E+00  0.00000000E+00  2.69614165E-03  0.00000000E+00  0.00000000E+00  0.00000000E+00  0.00000000E+00  0.00000000E+00  4.06677378E-02  0.00000000E+00  0.00000000E+00 -5.90629865E-02
    1.629000      1   0.00000000E+00  0.00000000E+00  2.69487166E-03  0.00000000E+00  0.00000000E+00  0.00000000E+00  0.00000000E+00  0.00000000E+00  4.06086867E-02  0.00000000E+00  0.00000000E+00 -5.90510262E-02
    1.630000      1   0.00000000E+00  0.00000000E+00  2.72488984E-03  0.00000000E+00  0.00000000E+00  0.00000000E+00  0.00000000E+00  0.00000000E+00  4.05496401E-02  0.00000000E+00  0.00000000E+00 -5.90466489E-02
    1.631000      1   0.00000000E+00  0.00000000E+00  2.67549303E-03  0.00000000E+00  0.00000000E+00  0.00000000E+00  0.00000000E+00  0.00000000E+00  4.04906027E-02  0.00000000E+00  0.00000000E+00 -5.90373804E-02
    1.632000      1   0.00000000E+00  0.00000000E+00  2.62804670E-03  0.00000000E+00  0.00000000E+00  0.00000000E+00  0.00000000E+00  0.00000000E+00  4.04315757E-02  0.00000000E+00  0.00000000E+00 -5.90269887E-02
    1.633000      1   0.00000000E+00  0.00000000E+00  2.61226133E-03  0.00000000E+00  0.00000000E+00  0.00000000E+00  0.00000000E+00  0.00000000E+00  4.03725345E-02  0.00000000E+00  0.00000000E+00 -5.90412099E-02
    1.634000      1   0.00000000E+00  0.00000000E+00  2.71648830E-03  0.00000000E+00  0.00000000E+00  0.00000000E+00  0.00000000E+00  0.00000000E+00  4.03134607E-02  0.00000000E+00  0.00000000E+00 -5.90738048E-02
    1.635000      1   0.00000000E+00  0.00000000E+00  2.63387088E-03  0.00000000E+00  0.00000000E+00  0.00000000E+00  0.00000000E+00  0.00000000E+00  4.02543676E-02  0.00000000E+00  0.00000000E+00 -5.90931524E-02
    1.636000      1   0.00000000E+00  0.00000000E+00  2.68515728E-03  0.00000000E+00  0.00000000E+00  0.00000000E+00  0.00000000E+00  0.00000000E+00  4.01952747E-02  0.00000000E+00  0.00000000E+00 -5.90928803E-02
    1.637000      1   0.00000000E+00  0.00000000E+00  2.64796696E-03  0.00000000E+00  0.00000000E+00  0.00000000E+00  0.00000000E+00  0.00000000E+00  4.01361640E-02  0.00000000E+00  0.00000000E+00 -5.91106716E-02
    1.638000      1   0.00000000E+00  0.00000000E+00  2.67463301E-03  0.00000000E+00  0.00000000E+00  0.00000000E+00  0.00000000E+00  0.00000000E+00  4.00770458E-02  0.00000000E+00  0.00000000E+00 -5.91181963E-02
    1.639000      1   0.00000000E+00  0.00000000E+00  2.64664354E-03  0.00000000E+00  0.00000000E+00  0.00000000E+00  0.00000000E+00  0.00000000E+00  4.00179126E-02  0.00000000E+00  0.00000000E+00 -5.91332193E-02
    1.640000      1   0.00000000E+00  0.00000000E+00  2.71064690E-03  0.00000000E+00  0.00000000E+00  0.00000000E+00  0.00000000E+00  0.00000000E+00  3.99587682E-02  0.00000000E+00  0.00000000E+00 -5.91444344E-02
    1.641000      1   0.00000000E+00  0.00000000E+00  2.66486305E-03  0.00000000E+00  0.00000000E+00  0.00000000E+00  0.00000000E+00  0.00000000E+00  3.98996146E-02  0.00000000E+00  0.00000000E+00 -5.91535234E-02
    1.642000      1   0.00000000E+00  0.00000000E+00  2.71733587E-03  0.00000000E+00  0.00000000E+00  0.00000000E+00  0.00000000E+00  0.00000000E+00  3.98404649E-02  0.00000000E+00  0.00000000E+00 -5.91496891E-02
    1.643000      1   0.00000000E+00  0.00000000E+00  2.72844127E-03  0.00000000E+00  0.00000000E+00  0.00000000E+00  0.00000000E+00  0.00000000E+00  3.97813133E-02  0.00000000E+00  0.00000000E+00 -5.91516116E-02
    1.644000      1   0.00000000E+00  0.00000000E+00  2.68763053E-03  0.00000000E+00  0.00000000E+00  0.00000000E+00  0.00000000E+00  0.00000000E+00  3.97221790E-02  0.00000000E+00  0.00000000E+00 -5.91343374E-02
    1.645000      1   0.00000000E+00  0.00000000E+00  2.72390756E-03  0.00000000E+00  0.00000000E+00  0.00000000E+00  0.00000000E+00  0.00000000E+00  3.96630584E-02  0.00000000E+00  0.00000000E+00 -5.91206330E-02
    1.646000      1   0.00000000E+00  0.00000000E+00  2.69868685E-03  0.00000000E+00  0.00000000E+00  0.00000000E+00  0.00000000E+00  0.00000000E+00  3.96039444E-02  0.00000000E+00  0.00000000E+00 -5.91139162E-02
    1.647000      1   0.00000000E+00  0.00000000E+00  2.78250770E-03  0.00000000E+00  0.00000000E+00  0.00000000E+00  0.00000000E+00  0.00000000E+00  3.95448447E-02  0.00000000E+00  0.00000000E+00 -5.90997456E-02
    1.648000      1   0.00000000E+00  0.00000000E+00  2.71747911E-03  0.00000000E+00  0.00000000E+00  0.00000000E+00  0.00000000E+00  0.00000000E+00  3.94857657E-02  0.00000000E+00  0.00000000E+00 -5.90790349E-02
    1.649000      1   0.00000000E+00  0.00000000E+00  2.71653309E-03  0.00000000E+00  0.00000000E+00  0.00000000E+00  0.00000000E+00  0.00000000E+00  3.94267234E-02  0.00000000E+00  0.00000000E+00 -5.90422959E-02
    1.650000      1   0.00000000E+00  0.00000000E+00  2.66534084E-03  0.00000000E+00  0.00000000E+00  0.00000000E+00  0.00000000E+00  0.00000000E+00  3.93676963E-02  0.00000000E+00  0.00000000E+00 -5.90270805E-02
    1.651000      1   0.00000000E+00  0.00000000E+00  2.64298144E-03  0.00000000E+00  0.00000000E+00  0.00000000E+00  0.00000000E+00  0.00000000E+00  3.93086751E-02  0.00000000E+00  0.00000000E+00 -5.90212286E-02
    1.652000      1   0.00000000E+00  0.00000000E+00  2.62925162E-03  0.00000000E+00  0.00000000E+00  0.00000000E+00  0.00000000E+00  0.00000000E+00  3.92496389E-02  0.00000000E+00  0.00000000E+00 -5.90361430E-02
    1.653000      1   0.00000000E+00  0.00000000E+00  2.72308373E-03  0.00000000E+00  0.00000000E+00  0.00000000E+00  0.00000000E+00  0.00000000E+00  3.91905781E-02  0.00000000E+00  0.00000000E+00 -5.90608285E-02
    1.654000      1   0.00000000E+00  0.00000000E+00  2.67995158E-03  0.00000000E+00  0.00000000E+00  0.00000000E+00  0.00000000E+00  0.00000000E+00  3.91315047E-02  0.00000000E+00  0.00000000E+00 -5.90734299E-02
    1.655000      1   0.00000000E+00  0.00000000E+00  2.66518457E-03  0.00000000E+00  0.00000000E+00  0.00000000E+00  0.00000000E+00  0.00000000E+00  3.90724418E-02  0.00000000E+00  0.00000000E+00 -5.90628429E-02
    1.656000      1   0.00000000E+00  0.00000000E+00  2.58723496E-03  0.00000000E+00  0.00000000E+00  0.00000000E+00  0.00000000E+00  0.00000000E+00  3.90133728E-02  0.00000000E+00  0.00000000E+00 -5.90690325E-02
    1.657000      1   0.00000000E+00  0.00000000E+00  2.70016612E-03  0.00000000E+00  0.00000000E+00  0.00000000E+00  0.00000000E+00  0.00000000E+00  3.89542789E-02  0.00000000E+00  0.00000000E+00 -5.90938564E-02
    1.658000      1   0.00000000E+00  0.00000000E+00  2.63781679E-03  0.00000000E+00  0.00000000E+00  0.00000000E+00  0.00000000E+00  0.00000000E+00  3.88951546E-02  0.00000000E+00  0.00000000E+00 -5.91243094E-02
    1.659000      1   0.00000000E+00  0.00000000E+00  2.73580003E-03  0.00000000E+00  0.00000000E+00  0.00000000E+00  0.00000000E+00  0.00000000E+00  3.88360259E-02  0.00000000E+00  0.00000000E+00 -5.91287000E-02
    1.660000      1   0.00000000E+00  0.00000000E+00  2.66881390E-03  0.00000000E+00  0.00000000E+00  0.00000000E+00  0.00000000E+00  0.00000000E+00  3.87768897E-02  0.00000000E+00  0.00000000E+00 -5.91362397E-02
    1.661000      1   0.00000000E+00  0.00000000E+00  2.76959062E-03  0.00000000E+00  0.00000000E+00  0.00000000E+00  0.00000000E+00  0.00000000E+00  3.87177662E-02  0.00000000E+00  0.00000000E+00 -5.91234461E-02
    1.662000      1   0.00000000E+00  0.00000000E+00  2.74577686E-03  0.00000000E+00  0.00000000E+00  0.00000000E+00  0.00000000E+00  0.00000000E+00  3.86586514E-02  0.00000000E+00  0.00000000E+00 -5.91148305E-02
    1.663000      1   0.00000000E+00  0.00000000E+00  2.74045175E-03  0.00000000E+00  0.00000000E+00  0.00000000E+00  0.00000000E+00  0.00000000E+00  3.85995741E-02  0.00000000E+00  0.00000000E+00 -5.90773294E-02
    1.664000      1   0.00000000E+00  0.00000000E+00  2.69015143E-03  0.00000000E+00  0.00000000E+00  0.00000000E+00  0.00000000E+00  0.00000000E+00  3.85405255E-02  0.00000000E+00  0.00000000E+00 -5.90485909E-02
    1.665000      1   0.00000000E+00  0.00000000E+00  2.68244773E-03  0.00000000E+00  0.00000000E+00  0.00000000E+00  0.00000000E+00  0.00000000E+00  3.84814950E-02  0.00000000E+00  0.00000000E+00 -5.90304962E-02
    1.666000      1   0.00000000E+00  0.00000000E+00  2.72572823E-03  0.00000000E+00  0.00000000E+00  0.00000000E+00  0.00000000E+00  0.00000000E+00  3.84224647E-02  0.00000000E+00  0.00000000E+00 -5.90302833E-02
    1.667000      1   0.00000000E+00  0.00000000E+00  2.72632362E-03  0.00000000E+00  0.00000000E+00  0.00000000E+00  0.00000000E+00  0.00000000E+00  3.83634398E-02  0.00000000E+00  0.00000000E+00 -5.90249467E-02
    1.668000      1   0.00000000E+00  0.00000000E+00  2.69903241E-03  0.00000000E+00  0.00000000E+00  0.00000000E+00  0.00000000E+00  0.00000000E+00  3.83044345E-02  0.00000000E+00  0.00000000E+00 -5.90052908E-02
    1.669000      1   0.00000000E+00  0.00000000E+00  2.64168059E-03  0.00000000E+00  0.00000000E+00  0.00000000E+00  0.00000000E+00  0.00000000E+00  3.82454442E-02  0.00000000E+00  0.00000000E+00 -5.89902655E-02
    1.670000      1   0.00000000E+00  0.00000000E+00  2.60169392E-03  0.00000000E+00  0.00000000E+00  0.00000000E+00  0.00000000E+00  0.00000000E+00  3.81864499E-02  0.00000000E+00  0.00000000E+00 -5.89943451E-02
    1.671000      1   0.00000000E+00  0.00000000E+00  2.63853309E-03  0.00000000E+00  0.00000000E+00  0.00000000E+00  0.00000000E+00  0.00000000E+00  3.81274255E-02  0.00000000E+00  0.00000000E+00 -5.90243311E-02
    1.672000      1   0.00000000E+00  0.00000000E+00  2.72293579E-03  0.00000000E+00  0.00000000E+00  0.00000000E+00  0.00000000E+00  0.00000000E+00  3.80683646E-02  0.00000000E+00  0.00000000E+00 -5.90609348E-02
    1.673000      1   0.00000000E+00  0.00000000E+00  2.70413966E-03  0.00000000E+00  0.00000000E+00  0.00000000E+00  0.00000000E+00  0.00000000E+00  3.80092941E-02  0.00000000E+00  0.00000000E+00 -5.90705142E-02
    1.674000      1   0.00000000E+00  0.00000000E+00  2.63996199E-03  0.00000000E+00  0.00000000E+00  0.00000000E+00  0.00000000E+00  0.00000000E+00  3.79502384E-02  0.00000000E+00  0.00000000E+00 -5.90556984E-02
    1.675000      1   0.00000000E+00  0.00000000E+00  2.58574562E-03  0.00000000E+00  0.00000000E+00  0.00000000E+00  0.00000000E+00  0.00000000E+00  3.78911800E-02  0.00000000E+00  0.00000000E+00 -5.90584046E-02
    1.676000      1   0.00000000E+00  0.00000000E+00  2.71077299E-03  0.00000000E+00  0.00000000E+00  0.00000000E+00  0.00000000E+00  0.00000000E+00  3.78320882E-02  0.00000000E+00  0.00000000E+00 -5.90917753E-02
    1.677000      1   0.00000000E+00  0.00000000E+00  2.66365165E-03  0.00000000E+00  0.00000000E+00  0.00000000E+00  0.00000000E+00  0.00000000E+00  3.77729674E-02  0.00000000E+00  0.00000000E+00 -5.91208418E-02
    1.678000      1   0.00000000E+00  0.00000000E+00  2.71219203E-03  0.00000000E+00  0.00000000E+00  0.00000000E+00  0.00000000E+00  0.00000000E+00  3.77138502E-02  0.00000000E+00  0.00000000E+00 -5.91171803E-02
    1.679000      1   0.00000000E+00  0.00000000E+00  2.70886984E-03  0.00000000E+00  0.00000000E+00  0.00000000E+00  0.00000000E+00  0.00000000E+00  3.76547298E-02  0.00000000E+00  0.00000000E+00 -5.91204103E-02
    1.680000      1   0.00000000E+00  0.00000000E+00  2.72877137E-03  0.00000000E+00  0.00000000E+00  0.00000000E+00  0.00000000E+00  0.00000000E+00  3.75956215E-02  0.00000000E+00  0.00000000E+00 -5.91082864E-02
    1.681000      1   0.00000000E+00  0.00000000E+00  2.68249954E-03  0.00000000E+00  0.00000000E+00  0.00000000E+00  0.00000000E+00  0.00000000E+00  3.75365277E-02  0.00000000E+00  0.00000000E+00 -5.90937342E-02
    1.682000      1   0.00000000E+00  0.00000000E+00  2.75907365E-03  0.00000000E+00  0.00000000E+00  0.00000000E+00  0.00000000E+00  0.00000000E+00  3.74774469E-02  0.00000000E+00  0.00000000E+00 -5.90808287E-02
    1.683000      1   0.00000000E+00  0.00000000E+00  2.69138225E-03  0.00000000E+00  0.00000000E+00  0.00000000E+00  0.00000000E+00  0.00000000E+00  3.74183773E-02  0.00000000E+00  0.00000000E+00 -5.90695783E-02
    1.684000      1   0.00000000E+00  0.00000000E+00  2.74254648E-03  0.00000000E+00  0.00000000E+00  0.00000000E+00  0.00000000E+00  0.00000000E+00  3.73593322E-02  0.00000000E+00  0.00000000E+00 -5.90451503E-02
    1.685000      1   0.00000000E+00  0.00000000E+00  2.72980885E-03  0.00000000E+00  0.00000000E+00  0.00000000E+00  0.00000000E+00  0.00000000E+00  3.73002983E-02  0.00000000E+00  0.00000000E+00 -5.90339053E-02
    1.686000      1   0.00000000E+00  0.00000000E+00  2.75241129E-03  0.00000000E+00  0.00000000E+00  0.00000000E+00  0.00000000E+00  0.00000000E+00  3.72412902E-02  0.00000000E+00  0.00000000E+00 -5.90081098E-02
    1.687000      1   0.00000000E+00  0.00000000E+00  2.67993787E-03  0.00000000E+00  0.00000000E+00  0.00000000E+00  0.00000000E+00  0.00000000E+00  3.71823077E-02  0.00000000E+00  0.00000000E+00 -5.89825005E-02
    1.688000      1   0.00000000E+00  0.00000000E+00  2.64993412E-03  0.00000000E+00  0.00000000E+00  0.00000000E+00  0.00000000E+00  0.00000000E+00  3.71233454E-02  0.00000000E+00  0.00000000E+00 -5.89622843E-02
    1.689000      1   0.00000000E+00  0.00000000E+00  2.62366716E-03  0.00000000E+00  0.00000000E+00  0.00000000E+00  0.00000000E+00  0.00000000E+00  3.70643742E-02  0.00000000E+00  0.00000000E+00 -5.89711753E-02
    1.690000      1   0.00000000E+00  0.00000000E+00  2.67556872E-03  0.00000000E+00  0.00000000E+00  0.00000000E+00  0.00000000E+00  0.00000000E+00  3.70053796E-02  0.00000000E+00  0.00000000E+00 -5.89945650E-02
    1.691000      1   0.00000000E+00  0.00000000E+00  2.65034098E-03  0.00000000E+00  0.00000000E+00  0.00000000E+00  0.00000000E+00  0.00000000E+00  3.69463622E-02  0.00000000E+00  0.00000000E+00 -5.90174029E-02
    1.692000      1   0.00000000E+00  0.00000000E+00  2.70594733E-03  0.00000000E+00  0.00000000E+00  0.00000000E+00  0.00000000E+00  0.00000000E+00  3.68873346E-02  0.00000000E+00  0.00000000E+00 -5.90276569E-02
    1.693000      1   0.00000000E+00  0.00000000E+00  2.67130940E-03  0.00000000E+00  0.00000000E+00  0.00000000E+00  0.00000000E+00  0.00000000E+00  3.68282982E-02  0.00000000E+00  0.00000000E+00 -5.90363626E-02
    1.694000      1   0.00000000E+00  0.00000000E+00  2.63170875E-03  0.00000000E+00  0.00000000E+00  0.00000000E+00  0.00000000E+00  0.00000000E+00  3.67692653E-02  0.00000000E+00  0.00000000E+00 -5.90329317E-02
    1.695000      1   0.00000000E+00  0.00000000E+00  2.69257708E-03  0.00000000E+00  0.00000000E+00  0.00000000E+00  0.00000000E+00  0.00000000E+00  3.67102174E-02  0.00000000E+00  0.00000000E+00 -5.90478794E-02
    1.696000      1   0.00000000E+00  0.00000000E+00  2.72516531E-03  0.00000000E+00  0.00000000E+00  0.00000000E+00  0.00000000E+00  0.00000000E+00  3.66511523E-02  0.00000000E+00  0.00000000E+00 -5.90650686E-02
    1.697000      1   0.00000000E+00  0.00000000E+00  2.69060273E-03  0.00000000E+00  0.00000000E+00  0.00000000E+00  0.00000000E+00  0.00000000E+00  3.65920958E-02  0.00000000E+00  0.00000000E+00 -5.90565049E-02
    1.698000      1   0.00000000E+00  0.00000000E+00  2.73211662E-03  0.00000000E+00  0.00000000E+00  0.00000000E+00  0.00000000E+00  0.00000000E+00  3.65330525E-02  0.00000000E+00  0.00000000E+00 -5.90433508E-02
    1.699000      1   0.00000000E+00  0.00000000E+00  2.73675741E-03  0.00000000E+00  0.00000000E+00  0.00000000E+00  0.00000000E+00  0.00000000E+00  3.64740183E-02  0.00000000E+00  0.00000000E+00 -5.90342062E-02
    1.700000      1   0.00000000E+00  0.00000000E+00  2.65919367E-03  0.00000000E+00  0.00000000E+00  0.00000000E+00  0.00000000E+00  0.00000000E+00  3.64150077E-02  0.00000000E+00  0.00000000E+00 -5.90106072E-02
    1.701000      1   0.00000000E+00  0.00000000E+00  2.76949385E-03  0.00000000E+00  0.00000000E+00  0.00000000E+00  0.00000000E+00  0.00000000E+00  3.63560085E-02  0.00000000E+00  0.00000000E+00 -5.89992004E-02
    1.702000      1   0.00000000E+00  0.00000000E+00  2.73048853E-03  0.00000000E+00  0.00000000E+00  0.00000000E+00  0.00000000E+00  0.00000000E+00  3.62970147E-02  0.00000000E+00  0.00000000E+00 -5.89937613E-02
    1.703000      1   0.00000000E+00  0.00000000E+00  2.71509388E-03  0.00000000E+00  0.00000000E+00  0.00000000E+00  0.00000000E+00  0.00000000E+00  3.62380557E-02  0.00000000E+00  0.00000000E+00 -5.89589956E-02
    1.704000      1   0.00000000E+00  0.00000000E+00  2.68632869E-03  0.00000000E+00  0.00000000E+00  0.00000000E+00  0.00000000E+00  0.00000000E+00  3.61791160E-02  0.00000000E+00  0.00000000E+00 -5.89397622E-02
    1.705000      1   0.00000000E+00  0.00000000E+00  2.71287109E-03  0.00000000E+00  0.00000000E+00  0.00000000E+00  0.00000000E+00  0.00000000E+00  3.61201853E-02  0.00000000E+00  0.00000000E+00 -5.89306715E-02
    1.706000      1   0.00000000E+00  0.00000000E+00  2.67528529E-03  0.00000000E+00  0.00000000E+00  0.00000000E+00  0.00000000E+00  0.00000000E+00  3.60612589E-02  0.00000000E+00  0.00000000E+00 -5.89263339E-02
    1.707000      1   0.00000000E+00  0.00000000E+00  2.66405632E-03  0.00000000E+00  0.00000000E+00  0.00000000E+00  0.00000000E+00  0.00000000E+00  3.60023390E-02  0.00000000E+00  0.00000000E+00 -5.89199261E-02
    1.708000      1   0.00000000E+00  0.00000000E+00  2.63698061E-03  0.00000000E+00  0.00000000E+00  0.00000000E+00  0.00000000E+00  0.00000000E+00  3.59434112E-02  0.00000000E+00  0.00000000E+00 -5.89278477E-02
    1.709000      1   0.00000000E+00  0.00000000E+00  2.68090061E-03  0.00000000E+00  0.00000000E+00  0.00000000E+00  0.00000000E+00  0.00000000E+00  3.58844669E-02  0.00000000E+00  0.00000000E+00 -5.89442451E-02
    1.710000      1   0.00000000E+00  0.00000000E+00  2.61254271E-03  0.00000000E+00  0.00000000E+00  0.00000000E+00  0.00000000E+00  0.00000000E+00  3.58255052E-02  0.00000000E+00  0.00000000E+00 -5.89617679E-02
    1.711000      1   0.00000000E+00  0.00000000E+00  2.68729666E-03  0.00000000E+00  0.00000000E+00  0.00000000E+00  0.00000000E+00  0.00000000E+00  3.57665282E-02  0.00000000E+00  0.00000000E+00 -5.89769549E-02
    1.712000      1   0.00000000E+00  0.00000000E+00  2.68449436E-03  0.00000000E+00  0.00000000E+00  0.00000000E+00  0.00000000E+00  0.00000000E+00  3.57075268E-02  0.00000000E+00  0.00000000E+00 -5.90013724E-02
    1.713000      1   0.00000000E+00  0.00000000E+00  2.65549637E-03  0.00000000E+00  0.00000000E+00  0.00000000E+00  0.00000000E+00  0.00000000E+00  3.56485251E-02  0.00000000E+00  0.00000000E+00 -5.90017350E-02
    1.714000      1   0.00000000E+00  0.00000000E+00  2.68657757E-03  0.00000000E+00  0.00000000E+00  0.00000000E+00  0.00000000E+00  0.00000000E+00  3.55895170E-02  0.00000000E+00  0.00000000E+00 -5.90081460E-02
    1.715000      1   0.00000000E+00  0.00000000E+00  2.68908328E-03  0.00000000E+00  0.00000000E+00  0.00000000E+00  0.00000000E+00  0.00000000E+00  3.55304984E-02  0.00000000E+00  0.00000000E+00 -5.90185840E-02
    1.716000      1   0.00000000E+00  0.00000000E+00  2.66347832E-03  0.00000000E+00  0.00000000E+00  0.00000000E+00  0.00000000E+00  0.00000000E+00  3.54714800E-02  0.00000000E+00  0.00000000E+00 -5.90183713E-02
    1.717000      1   0.00000000E+00  0.00000000E+00  2.74405382E-03  0.00000000E+00  0.00000000E+00  0.00000000E+00  0.00000000E+00  0.00000000E+00  3.54124581E-02  0.00000000E+00  0.00000000E+00 -5.90218637E-02
    1.718000      1   0.00000000E+00  0.00000000E+00  2.72827619E-03  0.00000000E+00  0.00000000E+00  0.00000000E+00  0.00000000E+00  0.00000000E+00  3.53534386E-02  0.00000000E+00  0.00000000E+00 -5.90195162E-02
    1.719000      1   0.00000000E+00  0.00000000E+00  2.68120278E-03  0.00000000E+00  0.00000000E+00  0.00000000E+00  0.00000000E+00  0.00000000E+00  3.52944451E-02  0.00000000E+00  0.00000000E+00 -5.89934966E-02
    1.720000      1   0.00000000E+00  0.00000000E+00  2.77607171E-03  0.00000000E+00  0.00000000E+00  0.00000000E+00  0.00000000E+00  0.00000000E+00  3.52354641E-02  0.00000000E+00  0.00000000E+00 -5.89809831E-02
    1.721000      1   0.00000000E+00  0.00000000E+00  2.71702776E-03  0.00000000E+00  0.00000000E+00  0.00000000E+00  0.00000000E+00  0.00000000E+00  3.51764970E-02  0.00000000E+00  0.00000000E+00 -5.89671526E-02
    1.722000      1   0.00000000E+00  0.00000000E+00  2.70992838E-03  0.00000000E+00  0.00000000E+00  0.00000000E+00  0.00000000E+00  0.00000000E+00  3.51175644E-02  0.00000000E+00  0.00000000E+00 -5.89326071E-02
    1.723000      1   0.00000000E+00  0.00000000E+00  2.70180775E-03  0.00000000E+00  0.00000000E+00  0.00000000E+00  0.00000000E+00  0.00000000E+00  3.50586457E-02  0.00000000E+00  0.00000000E+00 -5.89187079E-02
    1.724000      1   0.00000000E+00  0.00000000E+00  2.75446998E-03  0.00000000E+00  0.00000000E+00  0.00000000E+00  0.00000000E+00  0.00000000E+00  3.49997371E-02  0.00000000E+00  0.00000000E+00 -5.89085763E-02
    1.725000      1   0.00000000E+00  0.00000000E+00  2.67902429E-03  0.00000000E+00  0.00000000E+00  0.00000000E+00  0.00000000E+00  0.00000000E+00  3.49408453E-02  0.00000000E+00  0.00000000E+00 -5.88917989E-02
    1.726000      1   0.00000000E+00  0.00000000E+00  2.65683913E-03  0.00000000E+00  0.00000000E+00  0.00000000E+00  0.00000000E+00  0.00000000E+00  3.48819742E-02  0.00000000E+00  0.00000000E+00 -5.88710682E-02
    1.727000      1   0.00000000E+00  0.00000000E+00  2.63942774E-03  0.00000000E+00  0.00000000E+00  0.00000000E+00  0.00000000E+00  0.00000000E+00  3.48230952E-02  0.00000000E+00  0.00000000E+00 -5.88790381E-02
    1.728000      1   0.00000000E+00  0.00000000E+00  2.69113261E-03  0.00000000E+00  0.00000000E+00  0.00000000E+00  0.00000000E+00  0.00000000E+00  3.47641978E-02  0.00000000E+00  0.00000000E+00 -5.88973730E-02
    1.729000      1   0.00000000E+00  0.00000000E+00  2.66114869E-03  0.00000000E+00  0.00000000E+00  0.00000000E+00  0.00000000E+00  0.00000000E+00  3.47052855E-02  0.00000000E+00  0.00000000E+00 -5.89122827E-02
    1.730000      1   0.00000000E+00  0.00000000E+00  2.68243092E-03  0.00000000E+00  0.00000000E+00  0.00000000E+00  0.00000000E+00  0.00000000E+00  3.46463700E-02  0.00000000E+00  0.00000000E+00 -5.89155140E-02
    1.731000      1   0.00000000E+00  0.00000000E+00  2.64572339E-03  0.00000000E+00  0.00000000E+00  0.00000000E+00  0.00000000E+00  0.00000000E+00  3.45874452E-02  0.00000000E+00  0.00000000E+00 -5.89248289E-02
    1.732000      1   0.00000000E+00  0.00000000E+00  2.64140062E-03  0.00000000E+00  0.00000000E+00  0.00000000E+00  0.00000000E+00  0.00000000E+00  3.45285115E-02  0.00000000E+00  0.00000000E+00 -5.89336458E-02
    1.733000      1   0.00000000E+00  0.00000000E+00  2.63827046E-03  0.00000000E+00  0.00000000E+00  0.00000000E+00  0.00000000E+00  0.00000000E+00  3.44695563E-02  0.00000000E+00  0.00000000E+00 -5.89552824E-02
    1.734000      1   0.00000000E+00  0.00000000E+00  2.74104555E-03  0.00000000E+00  0.00000000E+00  0.00000000E+00  0.00000000E+00  0.00000000E+00  3.44105774E-02  0.00000000E+00  0.00000000E+00 -5.89788922E-02
    1.735000      1   0.00000000E+00  0.00000000E+00  2.70840492E-03  0.00000000E+00  0.00000000E+00  0.00000000E+00  0.00000000E+00  0.00000000E+00  3.43515920E-02  0.00000000E+00  0.00000000E+00 -5.89853553E-02
    1.736000      1   0.00000000E+00  0.00000000E+00  2.75860560E-03  0.00000000E+00  0.00000000E+00  0.00000000E+00  0.00000000E+00  0.00000000E+00  3.42926282E-02  0.00000000E+00  0.00000000E+00 -5.89638378E-02
    1.737000      1   0.00000000E+00  0.00000000E+00  2.73728406E-03  0.00000000E+00  0.00000000E+00  0.00000000E+00  0.00000000E+00  0.00000000E+00  3.42336840E-02  0.00000000E+00  0.00000000E+00 -5.89441624E-02
    1.738000      1   0.00000000E+00  0.00000000E+00  2.66138735E-03  0.00000000E+00  0.00000000E+00  0.00000000E+00  0.00000000E+00  0.00000000E+00  3.41747722E-02  0.00000000E+00  0.00000000E+00 -5.89117709E-02
    1.739000      1   0.00000000E+00  0.00000000E+00  2.76986359E-03  0.00000000E+00  0.00000000E+00  0.00000000E+00  0.00000000E+00  0.00000000E+00  3.41158724E-02  0.00000000E+00  0.00000000E+00 -5.88998032E-02
    1.740000      1   0.00000000E+00  0.00000000E+00  2.73597783E-03  0.00000000E+00  0.00000000E+00  0.00000000E+00  0.00000000E+00  0.00000000E+00  3.40569789E-02  0.00000000E+00  0.00000000E+00 -5.88935782E-02
    1.741000      1   0.00000000E+00  0.00000000E+00  2.72974602E-03  0.00000000E+00  0.00000000E+00  0.00000000E+00  0.00000000E+00  0.00000000E+00  3.39981211E-02  0.00000000E+00  0.00000000E+00 -5.88577204E-02
    1.742000      1   0.00000000E+00  0.00000000E+00  2.67908387E-03  0.00000000E+00  0.00000000E+00  0.00000000E+00  0.00000000E+00  0.00000000E+00  3.39392871E-02  0.00000000E+00  0.00000000E+00 -5.88340932E-02
    1.743000      1   0.00000000E+00  0.00000000E+00  2.70544745E-03  0.00000000E+00  0.00000000E+00  0.00000000E+00  0.00000000E+00  0.00000000E+00  3.38804656E-02  0.00000000E+00  0.00000000E+00 -5.88214717E-02
    1.744000      1   0.00000000E+00  0.00000000E+00  2.67243953E-03  0.00000000E+00  0.00000000E+00  0.00000000E+00  0.00000000E+00  0.00000000E+00  3.38216448E-02  0.00000000E+00  0.00000000E+00 -5.88208262E-02
    1.745000      1   0.00000000E+00  0.00000000E+00  2.66708133E-03  0.00000000E+00  0.00000000E+00  0.00000000E+00  0.00000000E+00  0.00000000E+00  3.37628274E-02  0.00000000E+00  0.00000000E+00 -5.88173596E-02
    1.746000      1   0.00000000E+00  0.00000000E+00  2.64212374E-03  0.00000000E+00  0.00000000E+00  0.00000000E+00  0.00000000E+00  0.00000000E+00  3.37040017E-02  0.00000000E+00  0.00000000E+00 -5.88256809E-02
    1.747000      1   0.00000000E+00  0.00000000E+00  2.69066825E-03  0.00000000E+00  0.00000000E+00  0.00000000E+00  0.00000000E+00  0.00000000E+00  3.36451615E-02  0.00000000E+00  0.00000000E+00 -5.88401754E-02
    1.748000      1   0.00000000E+00  0.00000000E+00  2.62157362E-03  0.00000000E+00  0.00000000E+00  0.00000000E+00  0.00000000E+00  0.00000000E+00  3.35863073E-02  0.00000000E+00  0.00000000E+00 -5.88542817E-02
    1.749000      1   0.00000000E+00  0.00000000E+00  2.68183275E-03  0.00000000E+00  0.00000000E+00  0.00000000E+00  0.00000000E+00  0.00000000E+00  3.35274426E-02  0.00000000E+00  0.00000000E+00 -5.88646639E-02
    1.750000      1   0.00000000E+00  0.00000000E+00  2.69610760E-03  0.00000000E+00  0.00000000E+00  0.00000000E+00  0.00000000E+00  0.00000000E+00  3.34685555E-02  0.00000000E+00  0.00000000E+00 -5.88870817E-02
    1.751000      1   0.00000000E+00  0.00000000E+00  2.67099293E-03  0.00000000E+00  0.00000000E+00  0.00000000E+00  0.00000000E+00  0.00000000E+00  3.34096683E-02  0.00000000E+00  0.00000000E+00 -5.88871851E-02
    1.752000      1   0.00000000E+00  0.00000000E+00  2.62923460E-03  0.00000000E+00  0.00000000E+00  0.00000000E+00  0.00000000E+00  0.00000000E+00  3.33507813E-02  0.00000000E+00  0.00000000E+00 -5.88870417E-02
    1.753000      1   0.00000000E+00  0.00000000E+00  2.70423789E-03  0.00000000E+00  0.00000000E+00  0.00000000E+00  0.00000000E+00  0.00000000E+00  3.32918788E-02  0.00000000E+00  0.00000000E+00 -5.89025309E-02
    1.754000      1   0.00000000E+00  0.00000000E+00  2.67864245E-03  0.00000000E+00  0.00000000E+00  0.00000000E+00  0.00000000E+00  0.00000000E+00  3.32329603E-02  0.00000000E+00  0.00000000E+00 -5.89184706E-02
    1.755000      1   0.00000000E+00  0.00000000E+00  2.76452902E-03  0.00000000E+00  0.00000000E+00  0.00000000E+00  0.00000000E+00  0.00000000E+00  3.31740460E-02  0.00000000E+00  0.00000000E+00 -5.89143043E-02
    1.756000      1   0.00000000E+00  0.00000000E+00  2.72335965E-03  0.00000000E+00  0.00000000E+00  0.00000000E+00  0.00000000E+00  0.00000000E+00  3.31151426E-02  0.00000000E+00  0.00000000E+00 -5.89033559E-02
    1.757000      1   0.00000000E+00  0.00000000E+00  2.66898204E-03  0.00000000E+00  0.00000000E+00  0.00000000E+00  0.00000000E+00  0.00000000E+00  3.30562711E-02  0.00000000E+00  0.00000000E+00 -5.88714814E-02
    1.758000      1   0.00000000E+00  0.00000000E+00  2.74987098E-03  0.00000000E+00  0.00000000E+00  0.00000000E+00  0.00000000E+00  0.00000000E+00  3.29974084E-02  0.00000000E+00  0.00000000E+00 -5.88627437E-02
    1.759000      1   0.00000000E+00  0.00000000E+00  2.72884726E-03  0.00000000E+00  0.00000000E+00  0.00000000E+00  0.00000000E+00  0.00000000E+00  3.29385508E-02  0.00000000E+00  0.00000000E+00 -5.88575600E-02
    1.760000      1   0.00000000E+00  0.00000000E+00  2.76883037E-03  0.00000000E+00  0.00000000E+00  0.00000000E+00  0.00000000E+00  0.00000000E+00  3.28797213E-02  0.00000000E+00  0.00000000E+00 -5.88295290E-02
    1.761000      1   0.00000000E+00  0.00000000E+00  2.69999814E-03  0.00000000E+00  0.00000000E+00  0.00000000E+00  0.00000000E+00  0.00000000E+00  3.28209200E-02  0.00000000E+00  0.00000000E+00 -5.88013319E-02
    1.762000      1   0.00000000E+00  0.00000000E+00  2.72242002E-03  0.00000000E+00  0.00000000E+00  0.00000000E+00  0.00000000E+00  0.00000000E+00  3.27621478E-02  0.00000000E+00  0.00000000E+00 -5.87721761E-02
    1.763000      1   0.00000000E+00  0.00000000E+00  2.67056000E-03  0.00000000E+00  0.00000000E+00  0.00000000E+00  0.00000000E+00  0.00000000E+00  3.27033861E-02  0.00000000E+00  0.00000000E+00 -5.87616606E-02
    1.764000      1   0.00000000E+00  0.00000000E+00  2.66659578E-03  0.00000000E+00  0.00000000E+00  0.00000000E+00  0.00000000E+00  0.00000000E+00  3.26446332E-02  0.00000000E+00  0.00000000E+00 -5.87529524E-02
    1.765000      1   0.00000000E+00  0.00000000E+00  2.65002966E-03  0.00000000E+00  0.00000000E+00  0.00000000E+00  0.00000000E+00  0.00000000E+00  3.25858712E-02  0.00000000E+00  0.00000000E+00 -5.87619768E-02
    1.766000      1   0.00000000E+00  0.00000000E+00  2.72543878E-03  0.00000000E+00  0.00000000E+00  0.00000000E+00  0.00000000E+00  0.00000000E+00  3.25270960E-02  0.00000000E+00  0.00000000E+00 -5.87752327E-02
    1.767000      1   0.00000000E+00  0.00000000E+00  2.64706462E-03  0.00000000E+00  0.00000000E+00  0.00000000E+00  0.00000000E+00  0.00000000E+00  3.24683154E-02  0.00000000E+00  0.00000000E+00 -5.87805938E-02
    1.768000      1   0.00000000E+00  0.00000000E+00  2.66290668E-03  0.00000000E+00  0.00000000E+00  0.00000000E+00  0.00000000E+00  0.00000000E+00  3.24095403E-02  0.00000000E+00  0.00000000E+00 -5.87750491E-02
    1.769000      1   0.00000000E+00  0.00000000E+00  2.66979449E-03  0.00000000E+00  0.00000000E+00  0.00000000E+00  0.00000000E+00  0.00000000E+00  3.23507479E-02  0.00000000E+00  0.00000000E+00 -5.87924421E-02
    1.770000      1   0.00000000E+00  0.00000000E+00  2.66695577E-03  0.00000000E+00  0.00000000E+00  0.00000000E+00  0.00000000E+00  0.00000000E+00  3.22919445E-02  0.00000000E+00  0.00000000E+00 -5.88034143E-02
    1.771000      1   0.00000000E+00  0.00000000E+00  2.61793216E-03  0.00000000E+00  0.00000000E+00  0.00000000E+00  0.00000000E+00  0.00000000E+00  3.22331319E-02  0.00000000E+00  0.00000000E+00 -5.88126264E-02
    1.772000      1   0.00000000E+00  0.00000000E+00  2.73502484E-03  0.00000000E+00  0.00000000E+00  0.00000000E+00  0.00000000E+00  0.00000000E+00  3.21743004E-02  0.00000000E+00  0.00000000E+00 -5.88314401E-02
    1.773000      1   0.00000000E+00  0.00000000E+00  2.68516797E-03  0.00000000E+00  0.00000000E+00  0.00000000E+00  0.00000000E+00  0.00000000E+00  3.21154548E-02  0.00000000E+00  0.00000000E+00 -5.88456474E-02
    1.774000      1   0.00000000E+00  0.00000000E+00  2.78983144E-03  0.00000000E+00  0.00000000E+00  0.00000000E+00  0.00000000E+00  0.00000000E+00  3.20566245E-02  0.00000000E+00  0.00000000E+00 -5.88302163E-02
    1.775000      1   0.00000000E+00  0.00000000E+00  2.74170680E-03  0.00000000E+00  0.00000000E+00  0.00000000E+00  0.00000000E+00  0.00000000E+00  3.19978119E-02  0.00000000E+00  0.00000000E+00 -5.88126504E-02
    1.776000      1   0.00000000E+00  0.00000000E+00  2.65687992E-03  0.00000000E+00  0.00000000E+00  0.00000000E+00  0.00000000E+00  0.00000000E+00  3.19390427E-02  0.00000000E+00  0.00000000E+00 -5.87692217E-02
    1.777000      1   0.00000000E+00  0.00000000E+00  2.73831182E-03  0.00000000E+00  0.00000000E+00  0.00000000E+00  0.00000000E+00  0.00000000E+00  3.18802861E-02  0.00000000E+00  0.00000000E+00 -5.87565986E-02
    1.778000      1   0.00000000E+00  0.00000000E+00  2.74406259E-03  0.00000000E+00  0.00000000E+00  0.00000000E+00  0.00000000E+00  0.00000000E+00  3.18215286E-02  0.00000000E+00  0.00000000E+00 -5.87574335E-02
    1.779000      1   0.00000000E+00  0.00000000E+00  2.72067601E-03  0.00000000E+00  0.00000000E+00  0.00000000E+00  0.00000000E+00  0.00000000E+00  3.17627981E-02  0.00000000E+00  0.00000000E+00 -5.87305081E-02
    1.780000      1   0.00000000E+00  0.00000000E+00  2.69307282E-03  0.00000000E+00  0.00000000E+00  0.00000000E+00  0.00000000E+00  0.00000000E+00  3.17040923E-02  0.00000000E+00  0.00000000E+00 -5.87058296E-02
    1.781000      1   0.00000000E+00  0.00000000E+00  2.67481249E-03  0.00000000E+00  0.00000000E+00  0.00000000E+00  0.00000000E+00  0.00000000E+00  3.16453986E-02  0.00000000E+00  0.00000000E+00 -5.86937130E-02
    1.782000      1   0.00000000E+00  0.00000000E+00  2.69090285E-03  0.00000000E+00  0.00000000E+00  0.00000000E+00  0.00000000E+00  0.00000000E+00  3.15867047E-02  0.00000000E+00  0.00000000E+00 -5.86938909E-02
    1.783000      1   0.00000000E+00  0.00000000E+00  2.68672205E-03  0.00000000E+00  0.00000000E+00  0.00000000E+00  0.00000000E+00  0.00000000E+00  3.15280075E-02  0.00000000E+00  0.00000000E+00 -5.86972202E-02
    1.784000      1   0.00000000E+00  0.00000000E+00  2.64476879E-03  0.00000000E+00  0.00000000E+00  0.00000000E+00  0.00000000E+00  0.00000000E+00  3.14693115E-02  0.00000000E+00  0.00000000E+00 -5.86960046E-02
    1.785000      1   0.00000000E+00  0.00000000E+00  2.68808332E-03  0.00000000E+00  0.00000000E+00  0.00000000E+00  0.00000000E+00  0.00000000E+00  3.14106079E-02  0.00000000E+00  0.00000000E+00 -5.87035810E-02
    1.786000      1   0.00000000E+00  0.00000000E+00  2.63495727E-03  0.00000000E+00  0.00000000E+00  0.00000000E+00  0.00000000E+00  0.00000000E+00  3.13518906E-02  0.00000000E+00  0.00000000E+00 -5.87172758E-02
    1.787000      1   0.00000000E+00  0.00000000E+00  2.68403846E-03  0.00000000E+00  0.00000000E+00  0.00000000E+00  0.00000000E+00  0.00000000E+00  3.12931645E-02  0.00000000E+00  0.00000000E+00 -5.87261402E-02
    1.788000      1   0.00000000E+00  0.00000000E+00  2.67264075E-03  0.00000000E+00  0.00000000E+00  0.00000000E+00  0.00000000E+00  0.00000000E+00  3.12344207E-02  0.00000000E+00  0.00000000E+00 -5.87437726E-02
    1.789000      1   0.00000000E+00  0.00000000E+00  2.70032205E-03  0.00000000E+00  0.00000000E+00  0.00000000E+00  0.00000000E+00  0.00000000E+00  3.11756734E-02  0.00000000E+00  0.00000000E+00 -5.87473014E-02
    1.790000      1   0.00000000E+00  0.00000000E+00  2.63480215E-03  0.00000000E+00  0.00000000E+00  0.00000000E+00  0.00000000E+00  0.00000000E+00  3.11169237E-02  0.00000000E+00  0.00000000E+00 -5.87496784E-02
    1.791000      1   0.00000000E+00  0.00000000E+00  2.70478254E-03  0.00000000E+00  0.00000000E+00  0.00000000E+00  0.00000000E+00  0.00000000E+00  3.10581692E-02  0.00000000E+00  0.00000000E+00 -5.87545508E-02
    1.792000      1   0.00000000E+00  0.00000000E+00  2.66437191E-03  0.00000000E+00  0.00000000E+00  0.00000000E+00  0.00000000E+00  0.00000000E+00  3.09994006E-02  0.00000000E+00  0.00000000E+00 -5.87685657E-02
    1.793000      1   0.00000000E+00  0.00000000E+00  2.76827291E-03  0.00000000E+00  0.00000000E+00  0.00000000E+00  0.00000000E+00  0.00000000E+00  3.09406339E-02  0.00000000E+00  0.00000000E+00 -5.87667442E-02
    1.794000      1   0.00000000E+00  0.00000000E+00  2.73369365E-03  0.00000000E+00  0.00000000E+00  0.00000000E+00  0.00000000E+00  0.00000000E+00  3.08818740E-02  0.00000000E+00  0.00000000E+00 -5.87598204E-02
    1.795000      1   0.00000000E+00  0.00000000E+00  2.70744227E-03  0.00000000E+00  0.00000000E+00  0.00000000E+00  0.00000000E+00  0.00000000E+00  3.08231492E-02  0.00000000E+00  0.00000000E+00 -5.87248889E-02
    1.796000      1   0.00000000E+00  0.00000000E+00  2.70033005E-03  0.00000000E+00  0.00000000E+00  0.00000000E+00  0.00000000E+00  0.00000000E+00  3.07644432E-02  0.00000000E+00  0.00000000E+00 -5.87059560E-02
    1.797000      1   0.00000000E+00  0.00000000E+00  2.72247688E-03  0.00000000E+00  0.00000000E+00  0.00000000E+00  0.00000000E+00  0.00000000E+00  3.07057463E-02  0.00000000E+00  0.00000000E+00 -5.86969022E-02
    1.798000      1   0.00000000E+00  0.00000000E+00  2.73755030E-03  0.00000000E+00  0.00000000E+00  0.00000000E+00  0.00000000E+00  0.00000000E+00  3.06470600E-02  0.00000000E+00  0.00000000E+00 -5.86862678E-02
    1.799000      1   0.00000000E+00  0.00000000E+00  2.75747755E-03  0.00000000E+00  0.00000000E+00  0.00000000E+00  0.00000000E+00  0.00000000E+00  3.05883943E-02  0.00000000E+00  0.00000000E+00 -5.86656944E-02
    1.800000      1   0.00000000E+00  0.00000000E+00  2.73260511E-03  0.00000000E+00  0.00000000E+00  0.00000000E+00  0.00000000E+00  0.00000000E+00  3.05297577E-02  0.00000000E+00  0.00000000E+00 -5.86366467E-02
    1.801000      1   0.00000000E+00  0.00000000E+00  2.67882140E-03  0.00000000E+00  0.00000000E+00  0.00000000E+00  0.00000000E+00  0.00000000E+00  3.04711522E-02  0.00000000E+00  0.00000000E+00 -5.86054531E-02
    1.802000      1   0.00000000E+00  0.00000000E+00  2.65501516E-03  0.00000000E+00  0.00000000E+00  0.00000000E+00  0.00000000E+00  0.00000000E+00  3.04125603E-02  0.00000000E+00  0.00000000E+00 -5.85919390E-02
    1.803000      1   0.00000000E+00  0.00000000E+00  2.64384770E-03  0.00000000E+00  0.00000000E+00  0.00000000E+00  0.00000000E+00  0.00000000E+00  3.03539600E-02  0.00000000E+00  0.00000000E+00 -5.86002981E-02
    1.804000      1   0.00000000E+00  0.00000000E+00  2.70997732E-03  0.00000000E+00  0.00000000E+00  0.00000000E+00  0.00000000E+00  0.00000000E+00  3.02953415E-02  0.00000000E+00  0.00000000E+00 -5.86184504E-02
    1.805000      1   0.00000000E+00  0.00000000E+00  2.65202388E-03  0.00000000E+00  0.00000000E+00  0.00000000E+00  0.00000000E+00  0.00000000E+00  3.02367130E-02  0.00000000E+00  0.00000000E+00 -5.86285760E-02
    1.806000      1   0.00000000E+00  0.00000000E+00  2.68622175E-03  0.00000000E+00  0.00000000E+00  0.00000000E+00  0.00000000E+00  0.00000000E+00  3.01780857E-02  0.00000000E+00  0.00000000E+00 -5.86272320E-02
    1.807000      1   0.00000000E+00  0.00000000E+00  2.63378118E-03  0.00000000E+00  0.00000000E+00  0.00000000E+00  0.00000000E+00  0.00000000E+00  3.01194469E-02  0.00000000E+00  0.00000000E+00 -5.86388734E-02
    1.808000      1   0.00000000E+00  0.00000000E+00  2.70325070E-03  0.00000000E+00  0.00000000E+00  0.00000000E+00  0.00000000E+00  0.00000000E+00  3.00607983E-02  0.00000000E+00  0.00000000E+00 -5.86485571E-02
    1.809000      1   0.00000000E+00  0.00000000E+00  2.63303206E-03  0.00000000E+00  0.00000000E+00  0.00000000E+00  0.00000000E+00  0.00000000E+00  3.00021351E-02  0.00000000E+00  0.00000000E+00 -5.86631782E-02
    1.810000      1   0.00000000E+00  0.00000000E+00  2.73866799E-03  0.00000000E+00  0.00000000E+00  0.00000000E+00  0.00000000E+00  0.00000000E+00  2.99434677E-02  0.00000000E+00  0.00000000E+00 -5.86674019E-02
    1.811000      1   0.00000000E+00  0.00000000E+00  2.69052941E-03  0.00000000E+00  0.00000000E+00  0.00000000E+00  0.00000000E+00  0.00000000E+00  2.98847917E-02  0.00000000E+00  0.00000000E+00 -5.86760058E-02
    1.812000      1   0.00000000E+00  0.00000000E+00  2.77622848E-03  0.00000000E+00  0.00000000E+00  0.00000000E+00  0.00000000E+00  0.00000000E+00  2.98261333E-02  0.00000000E+00  0.00000000E+00 -5.86584302E-02
    1.813000      1   0.00000000E+00  0.00000000E+00  2.74601879E-03  0.00000000E+00  0.00000000E+00  0.00000000E+00  0.00000000E+00  0.00000000E+00  2.97674918E-02  0.00000000E+00  0.00000000E+00 -5.86415090E-02
    1.814000      1   0.00000000E+00  0.00000000E+00  2.74068312E-03  0.00000000E+00  0.00000000E+00  0.00000000E+00  0.00000000E+00  0.00000000E+00  2.97088900E-02  0.00000000E+00  0.00000000E+00 -5.86017852E-02
    1.815000      1   0.00000000E+00  0.00000000E+00  2.70562642E-03  0.00000000E+00  0.00000000E+00  0.00000000E+00  0.00000000E+00  0.00000000E+00  2.96503171E-02  0.00000000E+00  0.00000000E+00 -5.85729263E-02
    1.816000      1   0.00000000E+00  0.00000000E+00  2.69948433E-03  0.00000000E+00  0.00000000E+00  0.00000000E+00  0.00000000E+00  0.00000000E+00  2.95917651E-02  0.00000000E+00  0.00000000E+00 -5.85520191E-02
    1.817000      1   0.00000000E+00  0.00000000E+00  2.71882712E-03  0.00000000E+00  0.00000000E+00  0.00000000E+00  0.00000000E+00  0.00000000E+00  2.95332213E-02  0.00000000E+00  0.00000000E+00 -5.85437112E-02
    1.818000      1   0.00000000E+00  0.00000000E+00  2.73704702E-03  0.00000000E+00  0.00000000E+00  0.00000000E+00  0.00000000E+00  0.00000000E+00  2.94746873E-02  0.00000000E+00  0.00000000E+00 -5.85339999E-02
    1.819000      1   0.00000000E+00  0.00000000E+00  2.71763785E-03  0.00000000E+00  0.00000000E+00  0.00000000E+00  0.00000000E+00  0.00000000E+00  2.94161726E-02  0.00000000E+00  0.00000000E+00 -5.85147141E-02
    1.820000      1   0.00000000E+00  0.00000000E+00  2.68838688E-03  0.00000000E+00  0.00000000E+00  0.00000000E+00  0.00000000E+00  0.00000000E+00  2.93576798E-02  0.00000000E+00  0.00000000E+00 -5.84928770E-02
    1.821000      1   0.00000000E+00  0.00000000E+00  2.63099485E-03  0.00000000E+00  0.00000000E+00  0.00000000E+00  0.00000000E+00  0.00000000E+00  2.92991972E-02  0.00000000E+00  0.00000000E+00 -5.84825868E-02
    1.822000      1   0.00000000E+00  0.00000000E+00  2.61235130E-03  0.00000000E+00  0.00000000E+00  0.00000000E+00  0.00000000E+00  0.00000000E+00  2.92407051E-02  0.00000000E+00  0.00000000E+00 -5.84920522E-02
    1.823000      1   0.00000000E+00  0.00000000E+00  2.70853301E-03  0.00000000E+00  0.00000000E+00  0.00000000E+00  0.00000000E+00  0.00000000E+00  2.91821815E-02  0.00000000E+00  0.00000000E+00 -5.85236629E-02
    1.824000      1   0.00000000E+00  0.00000000E+00  2.67086285E-03  0.00000000E+00  0.00000000E+00  0.00000000E+00  0.00000000E+00  0.00000000E+00  2.91236371E-02  0.00000000E+00  0.00000000E+00 -5.85443878E-02
    1.825000      1   0.00000000E+00  0.00000000E+00  2.69764840E-03  0.00000000E+00  0.00000000E+00  0.00000000E+00  0.00000000E+00  0.00000000E+00  2.90650969E-02  0.00000000E+00  0.00000000E+00 -5.85401867E-02
    1.826000      1   0.00000000E+00  0.00000000E+00  2.62553095E-03  0.00000000E+00  0.00000000E+00  0.00000000E+00  0.00000000E+00  0.00000000E+00  2.90065533E-02  0.00000000E+00  0.00000000E+00 -5.85436203E-02
    1.827000      1   0.00000000E+00  0.00000000E+00  2.71369264E-03  0.00000000E+00  0.00000000E+00  0.00000000E+00  0.00000000E+00  0.00000000E+00  2.89480022E-02  0.00000000E+00  0.00000000E+00 -5.85510104E-02
    1.828000      1   0.00000000E+00  0.00000000E+00  2.65694117E-03  0.00000000E+00  0.00000000E+00  0.00000000E+00  0.00000000E+00  0.00000000E+00  2.88894358E-02  0.00000000E+00  0.00000000E+00 -5.85664944E-02
    1.829000      1   0.00000000E+00  0.00000000E+00  2.71839562E-03  0.00000000E+00  0.00000000E+00  0.00000000E+00  0.00000000E+00  0.00000000E+00  2.88308727E-02  0.00000000E+00  0.00000000E+00 -5.85630607E-02
    1.830000      1   0.00000000E+00  0.00000000E+00  2.65929568E-03  0.00000000E+00  0.00000000E+00  0.00000000E+00  0.00000000E+00  0.00000000E+00  2.87723053E-02  0.00000000E+00  0.00000000E+00 -5.85673975E-02
    1.831000      1   0.00000000E+00  0.00000000E+00  2.73109003E-03  0.00000000E+00  0.00000000E+00  0.00000000E+00  0.00000000E+00  0.00000000E+00  2.87137433E-02  0.00000000E+00  0.00000000E+00 -5.85620029E-02
    1.832000      1   0.00000000E+00  0.00000000E+00  2.78745246E-03  0.00000000E+00  0.00000000E+00  0.00000000E+00  0.00000000E+00  0.00000000E+00  2.86551800E-02  0.00000000E+00  0.00000000E+00 -5.85633216E-02
    1.833000      1   0.00000000E+00  0.00000000E+00  2.77238222E-03  0.00000000E+00  0.00000000E+00  0.00000000E+00  0.00000000E+00  0.00000000E+00  2.85966489E-02  0.00000000E+00  0.00000000E+00 -5.85310949E-02
    1.834000      1   0.00000000E+00  0.00000000E+00  2.68828536E-03  0.00000000E+00  0.00000000E+00  0.00000000E+00  0.00000000E+00  0.00000000E+00  2.85381659E-02  0.00000000E+00  0.00000000E+00 -5.84830229E-02
    1.835000      1   0.00000000E+00  0.00000000E+00  2.66088541E-03  0.00000000E+00  0.00000000E+00  0.00000000E+00  0.00000000E+00  0.00000000E+00  2.84797111E-02  0.00000000E+00  0.00000000E+00 -5.84547718E-02
    1.836000      1   0.00000000E+00  0.00000000E+00  2.73382697E-03  0.00000000E+00  0.00000000E+00  0.00000000E+00  0.00000000E+00  0.00000000E+00  2.84212521E-02  0.00000000E+00  0.00000000E+00 -5.84589848E-02
    1.837000      1   0.00000000E+00  0.00000000E+00  2.78226377E-03  0.00000000E+00  0.00000000E+00  0.00000000E+00  0.00000000E+00  0.00000000E+00  2.83627928E-02  0.00000000E+00  0.00000000E+00 -5.84592974E-02
    1.838000      1   0.00000000E+00  0.00000000E+00  2.75451896E-03  0.00000000E+00  0.00000000E+00  0.00000000E+00  0.00000000E+00  0.00000000E+00  2.83043657E-02  0.00000000E+00  0.00000000E+00 -5.84270894E-02
    1.839000      1   0.00000000E+00  0.00000000E+00  2.69277290E-03  0.00000000E+00  0.00000000E+00  0.00000000E+00  0.00000000E+00  0.00000000E+00  2.82459818E-02  0.00000000E+00  0.00000000E+00 -5.83838803E-02
    1.840000      1   0.00000000E+00  0.00000000E+00  2.61087917E-03  0.00000000E+00  0.00000000E+00  0.00000000E+00  0.00000000E+00  0.00000000E+00  2.81876211E-02  0.00000000E+00  0.00000000E+00 -5.83607022E-02
    1.841000      1   0.00000000E+00  0.00000000E+00  2.64158357E-03  0.00000000E+00  0.00000000E+00  0.00000000E+00  0.00000000E+00  0.00000000E+00  2.81292488E-02  0.00000000E+00  0.00000000E+00 -5.83722844E-02
    1.842000      1   0.00000000E+00  0.00000000E+00  2.73477309E-03  0.00000000E+00  0.00000000E+00  0.00000000E+00  0.00000000E+00  0.00000000E+00  2.80708435E-02  0.00000000E+00  0.00000000E+00 -5.84053321E-02
    1.843000      1   0.00000000E+00  0.00000000E+00  2.67730714E-03  0.00000000E+00  0.00000000E+00  0.00000000E+00  0.00000000E+00  0.00000000E+00  2.80124317E-02  0.00000000E+00  0.00000000E+00 -5.84118164E-02
    1.844000      1   0.00000000E+00  0.00000000E+00  2.69393556E-03  0.00000000E+00  0.00000000E+00  0.00000000E+00  0.00000000E+00  0.00000000E+00  2.79540338E-02  0.00000000E+00  0.00000000E+00 -5.83978580E-02
    1.845000      1   0.00000000E+00  0.00000000E+00  2.60070881E-03  0.00000000E+00  0.00000000E+00  0.00000000E+00  0.00000000E+00  0.00000000E+00  2.78956340E-02  0.00000000E+00  0.00000000E+00 -5.83998318E-02
    1.846000      1   0.00000000E+00  0.00000000E+00  2.71648600E-03  0.00000000E+00  0.00000000E+00  0.00000000E+00  0.00000000E+00  0.00000000E+00  2.78372212E-02  0.00000000E+00  0.00000000E+00 -5.84128307E-02
    1.847000      1   0.00000000E+00  0.00000000E+00  2.65269875E-03  0.00000000E+00  0.00000000E+00  0.00000000E+00  0.00000000E+00  0.00000000E+00  2.77787852E-02  0.00000000E+00  0.00000000E+00 -5.84359728E-02
    1.848000      1   0.00000000E+00  0.00000000E+00  2.75031456E-03  0.00000000E+00  0.00000000E+00  0.00000000E+00  0.00000000E+00  0.00000000E+00  2.77203528E-02  0.00000000E+00  0.00000000E+00 -5.84323719E-02
    1.849000      1   0.00000000E+00  0.00000000E+00  2.69295746E-03  0.00000000E+00  0.00000000E+00  0.00000000E+00  0.00000000E+00  0.00000000E+00  2.76619204E-02  0.00000000E+00  0.00000000E+00 -5.84324575E-02
    1.850000      1   0.00000000E+00  0.00000000E+00  2.77715503E-03  0.00000000E+00  0.00000000E+00  0.00000000E+00  0.00000000E+00  0.00000000E+00  2.76035097E-02  0.00000000E+00  0.00000000E+00 -5.84106276E-02
    1.851000      1   0.00000000E+00  0.00000000E+00  2.77200482E-03  0.00000000E+00  0.00000000E+00  0.00000000E+00  0.00000000E+00  0.00000000E+00  2.75451170E-02  0.00000000E+00  0.00000000E+00 -5.83927451E-02
    1.852000      1   0.00000000E+00  0.00000000E+00  2.75277915E-03  0.00000000E+00  0.00000000E+00  0.00000000E+00  0.00000000E+00  0.00000000E+00  2.74867689E-02  0.00000000E+00  0.00000000E+00 -5.83481217E-02
    1.853000      1   0.00000000E+00  0.00000000E+00  2.70012734E-03  0.00000000E+00  0.00000000E+00  0.00000000E+00  0.00000000E+00  0.00000000E+00  2.74284603E-02  0.00000000E+00  0.00000000E+00 -5.83085896E-02
    1.854000      1   0.00000000E+00  0.00000000E+00  2.69442342E-03  0.00000000E+00  0.00000000E+00  0.00000000E+00  0.00000000E+00  0.00000000E+00  2.73701756E-02  0.00000000E+00  0.00000000E+00 -5.82846823E-02
    1.855000      1   0.00000000E+00  0.00000000E+00  2.73995057E-03  0.00000000E+00  0.00000000E+00  0.00000000E+00  0.00000000E+00  0.00000000E+00  2.73118965E-02  0.00000000E+00  0.00000000E+00 -5.82790753E-02
    1.856000      1   0.00000000E+00  0.00000000E+00  2.74096882E-03  0.00000000E+00  0.00000000E+00  0.00000000E+00  0.00000000E+00  0.00000000E+00  2.72536292E-02  0.00000000E+00  0.00000000E+00 -5.82672906E-02
    1.857000      1   0.00000000E+00  0.00000000E+00  2.71489572E-03  0.00000000E+00  0.00000000E+00  0.00000000E+00  0.00000000E+00  0.00000000E+00  2.71953889E-02  0.00000000E+00  0.00000000E+00 -5.82403741E-02
    1.858000      1   0.00000000E+00  0.00000000E+00  2.68751713E-03  0.00000000E+00  0.00000000E+00  0.00000000E+00  0.00000000E+00  0.00000000E+00  2.71371711E-02  0.00000000E+00  0.00000000E+00 -5.82177339E-02
    1.859000      1   0.00000000E+00  0.00000000E+00  2.61664994E-03  0.00000000E+00  0.00000000E+00  0.00000000E+00  0.00000000E+00  0.00000000E+00  2.70789626E-02  0.00000000E+00  0.00000000E+00 -5.82084981E-02
    1.860000      1   0.00000000E+00  0.00000000E+00  2.62029944E-03  0.00000000E+00  0.00000000E+00  0.00000000E+00  0.00000000E+00  0.00000000E+00  2.70207418E-02  0.00000000E+00  0.00000000E+00 -5.82207859E-02
    1.861000      1   0.00000000E+00  0.00000000E+00  2.73377087E-03  0.00000000E+00  0.00000000E+00  0.00000000E+00  0.00000000E+00  0.00000000E+00  2.69624861E-02  0.00000000E+00  0.00000000E+00 -5.82557021E-02
    1.862000      1   0.00000000E+00  0.00000000E+00  2.68072990E-03  0.00000000E+00  0.00000000E+00  0.00000000E+00  0.00000000E+00  0.00000000E+00  2.69042168E-02  0.00000000E+00  0.00000000E+00 -5.82693537E-02
    1.863000      1   0.00000000E+00  0.00000000E+00  2.69794556E-03  0.00000000E+00  0.00000000E+00  0.00000000E+00  0.00000000E+00  0.00000000E+00  2.68459617E-02  0.00000000E+00  0.00000000E+00 -5.82551192E-02
    1.864000      1   0.00000000E+00  0.00000000E+00  2.59259219E-03  0.00000000E+00  0.00000000E+00  0.00000000E+00  0.00000000E+00  0.00000000E+00  2.67877064E-02  0.00000000E+00  0.00000000E+00 -5.82552598E-02
    1.865000      1   0.00000000E+00  0.00000000E+00  2.72941990E-03  0.00000000E+00  0.00000000E+00  0.00000000E+00  0.00000000E+00  0.00000000E+00  2.67294380E-02  0.00000000E+00  0.00000000E+00 -5.82683771E-02
    1.866000      1   0.00000000E+00  0.00000000E+00  2.68142393E-03  0.00000000E+00  0.00000000E+00  0.00000000E+00  0.00000000E+00  0.00000000E+00  2.66711461E-02  0.00000000E+00  0.00000000E+00 -5.82918976E-02
    1.867000      1   0.00000000E+00  0.00000000E+00  2.73308755E-03  0.00000000E+00  0.00000000E+00  0.00000000E+00  0.00000000E+00  0.00000000E+00  2.66128672E-02  0.00000000E+00  0.00000000E+00 -5.82789693E-02
    1.868000      1   0.00000000E+00  0.00000000E+00  2.64344275E-03  0.00000000E+00  0.00000000E+00  0.00000000E+00  0.00000000E+00  0.00000000E+00  2.65545945E-02  0.00000000E+00  0.00000000E+00 -5.82726675E-02
    1.869000      1   0.00000000E+00  0.00000000E+00  2.75342874E-03  0.00000000E+00  0.00000000E+00  0.00000000E+00  0.00000000E+00  0.00000000E+00  2.64963292E-02  0.00000000E+00  0.00000000E+00 -5.82652513E-02
    1.870000      1   0.00000000E+00  0.00000000E+00  2.79889278E-03  0.00000000E+00  0.00000000E+00  0.00000000E+00  0.00000000E+00  0.00000000E+00  2.64380614E-02  0.00000000E+00  0.00000000E+00 -5.82678259E-02
    1.871000      1   0.00000000E+00  0.00000000E+00  2.77745248E-03  0.00000000E+00  0.00000000E+00  0.00000000E+00  0.00000000E+00  0.00000000E+00  2.63798352E-02  0.00000000E+00  0.00000000E+00 -5.82262398E-02
    1.872000      1   0.00000000E+00  0.00000000E+00  2.69197581E-03  0.00000000E+00  0.00000000E+00  0.00000000E+00  0.00000000E+00  0.00000000E+00  2.63216617E-02  0.00000000E+00  0.00000000E+00 -5.81735140E-02
    1.873000      1   0.00000000E+00  0.00000000E+00  2.66636456E-03  0.00000000E+00  0.00000000E+00  0.00000000E+00  0.00000000E+00  0.00000000E+00  2.62635187E-02  0.00000000E+00  0.00000000E+00 -5.81429451E-02
    1.874000      1   0.00000000E+00  0.00000000E+00  2.78194725E-03  0.00000000E+00  0.00000000E+00  0.00000000E+00  0.00000000E+00  0.00000000E+00  2.62053737E-02  0.00000000E+00  0.00000000E+00 -5.81449771E-02
    1.875000      1   0.00000000E+00  0.00000000E+00  2.77393278E-03  0.00000000E+00  0.00000000E+00  0.00000000E+00  0.00000000E+00  0.00000000E+00  2.61472388E-02  0.00000000E+00  0.00000000E+00 -5.81349808E-02
    1.876000      1   0.00000000E+00  0.00000000E+00  2.74447726E-03  0.00000000E+00  0.00000000E+00  0.00000000E+00  0.00000000E+00  0.00000000E+00  2.60891503E-02  0.00000000E+00  0.00000000E+00 -5.80884426E-02
    1.877000      1   0.00000000E+00  0.00000000E+00  2.67898042E-03  0.00000000E+00  0.00000000E+00  0.00000000E+00  0.00000000E+00  0.00000000E+00  2.60311006E-02  0.00000000E+00  0.00000000E+00 -5.80497453E-02
    1.878000      1   0.00000000E+00  0.00000000E+00  2.64209599E-03  0.00000000E+00  0.00000000E+00  0.00000000E+00  0.00000000E+00  0.00000000E+00  2.59730683E-02  0.00000000E+00  0.00000000E+00 -5.80323041E-02
    1.879000      1   0.00000000E+00  0.00000000E+00  2.63821193E-03  0.00000000E+00  0.00000000E+00  0.00000000E+00  0.00000000E+00  0.00000000E+00  2.59150254E-02  0.00000000E+00  0.00000000E+00 -5.80428957E-02
    1.880000      1   0.00000000E+00  0.00000000E+00  2.74645518E-03  0.00000000E+00  0.00000000E+00  0.00000000E+00  0.00000000E+00  0.00000000E+00  2.58569591E-02  0.00000000E+00  0.00000000E+00 -5.80662874E-02
    1.881000      1   0.00000000E+00  0.00000000E+00  2.69465066E-03  0.00000000E+00  0.00000000E+00  0.00000000E+00  0.00000000E+00  0.00000000E+00  2.57988873E-02  0.00000000E+00  0.00000000E+00 -5.80718132E-02
    1.882000      1   0.00000000E+00  0.00000000E+00  2.68916880E-03  0.00000000E+00  0.00000000E+00  0.00000000E+00  0.00000000E+00  0.00000000E+00  2.57408363E-02  0.00000000E+00  0.00000000E+00 -5.80509513E-02
    1.883000      1   0.00000000E+00  0.00000000E+00  2.61040963E-03  0.00000000E+00  0.00000000E+00  0.00000000E+00  0.00000000E+00  0.00000000E+00  2.56827883E-02  0.00000000E+00  0.00000000E+00 -5.80480722E-02
    1.884000      1   0.00000000E+00  0.00000000E+00  2.71986351E-03  0.00000000E+00  0.00000000E+00  0.00000000E+00  0.00000000E+00  0.00000000E+00  2.56247273E-02  0.00000000E+00  0.00000000E+00 -5.80609210E-02
    1.885000      1   0.00000000E+00  0.00000000E+00  2.66375185E-03  0.00000000E+00  0.00000000E+00  0.00000000E+00  0.00000000E+00  0.00000000E+00  2.55666471E-02  0.00000000E+00  0.00000000E+00 -5.80802799E-02
    1.886000      1   0.00000000E+00  0.00000000E+00  2.75857841E-03  0.00000000E+00  0.00000000E+00  0.00000000E+00  0.00000000E+00  0.00000000E+00  2.55085734E-02  0.00000000E+00  0.00000000E+00 -5.80736152E-02
    1.887000      1   0.00000000E+00  0.00000000E+00  2.67288837E-03  0.00000000E+00  0.00000000E+00  0.00000000E+00  0.00000000E+00  0.00000000E+00  2.54505048E-02  0.00000000E+00  0.00000000E+00 -5.80686094E-02
    1.888000      1   0.00000000E+00  0.00000000E+00  2.79289651E-03  0.00000000E+00  0.00000000E+00  0.00000000E+00  0.00000000E+00  0.00000000E+00  2.53924572E-02  0.00000000E+00  0.00000000E+00 -5.80476145E-02
    1.889000      1   0.00000000E+00  0.00000000E+00  2.79398301E-03  0.00000000E+00  0.00000000E+00  0.00000000E+00  0.00000000E+00  0.00000000E+00  2.53344237E-02  0.00000000E+00  0.00000000E+00 -5.80335393E-02
    1.890000      1   0.00000000E+00  0.00000000E+00  2.75153447E-03  0.00000000E+00  0.00000000E+00  0.00000000E+00  0.00000000E+00  0.00000000E+00  2.52764438E-02  0.00000000E+00  0.00000000E+00 -5.79798596E-02
    1.891000      1   0.00000000E+00  0.00000000E+00  2.72042610E-03  0.00000000E+00  0.00000000E+00  0.00000000E+00  0.00000000E+00  0.00000000E+00  2.52185105E-02  0.00000000E+00  0.00000000E+00 -5.79333296E-02
    1.892000      1   0.00000000E+00  0.00000000E+00  2.70584381E-03  0.00000000E+00  0.00000000E+00  0.00000000E+00  0.00000000E+00  0.00000000E+00  2.51606042E-02  0.00000000E+00  0.00000000E+00 -5.79062415E-02
    1.893000      1   0.00000000E+00  0.00000000E+00  2.75352018E-03  0.00000000E+00  0.00000000E+00  0.00000000E+00  0.00000000E+00  0.00000000E+00  2.51027123E-02  0.00000000E+00  0.00000000E+00 -5.78919485E-02
    1.894000      1   0.00000000E+00  0.00000000E+00  2.71901640E-03  0.00000000E+00  0.00000000E+00  0.00000000E+00  0.00000000E+00  0.00000000E+00  2.50448383E-02  0.00000000E+00  0.00000000E+00 -5.78740136E-02
    1.895000      1   0.00000000E+00  0.00000000E+00  2.73086353E-03  0.00000000E+00  0.00000000E+00  0.00000000E+00  0.00000000E+00  0.00000000E+00  2.49869918E-02  0.00000000E+00  0.00000000E+00 -5.78465226E-02
    1.896000      1   0.00000000E+00  0.00000000E+00  2.68614349E-03  0.00000000E+00  0.00000000E+00  0.00000000E+00  0.00000000E+00  0.00000000E+00  2.49291635E-02  0.00000000E+00  0.00000000E+00 -5.78282682E-02
    1.897000      1   0.00000000E+00  0.00000000E+00  2.65175136E-03  0.00000000E+00  0.00000000E+00  0.00000000E+00  0.00000000E+00  0.00000000E+00  2.48713495E-02  0.00000000E+00  0.00000000E+00 -5.78140312E-02
    1.898000      1   0.00000000E+00  0.00000000E+00  2.63883904E-03  0.00000000E+00  0.00000000E+00  0.00000000E+00  0.00000000E+00  0.00000000E+00  2.48135289E-02  0.00000000E+00  0.00000000E+00 -5.78205628E-02
    1.899000      1   0.00000000E+00  0.00000000E+00  2.73973625E-03  0.00000000E+00  0.00000000E+00  0.00000000E+00  0.00000000E+00  0.00000000E+00  2.47556882E-02  0.00000000E+00  0.00000000E+00 -5.78406727E-02
    1.900000      1   0.00000000E+00  0.00000000E+00  2.66970225E-03  0.00000000E+00  0.00000000E+00  0.00000000E+00  0.00000000E+00  0.00000000E+00  2.46978410E-02  0.00000000E+00  0.00000000E+00 -5.78471807E-02
    1.901000      1   0.00000000E+00  0.00000000E+00  2.70822807E-03  0.00000000E+00  0.00000000E+00  0.00000000E+00  0.00000000E+00  0.00000000E+00  2.46400081E-02  0.00000000E+00  0.00000000E+00 -5.78329372E-02
    1.902000      1   0.00000000E+00  0.00000000E+00  2.65703986E-03  0.00000000E+00  0.00000000E+00  0.00000000E+00  0.00000000E+00  0.00000000E+00  2.45821732E-02  0.00000000E+00  0.00000000E+00 -5.78348811E-02
    1.903000      1   0.00000000E+00  0.00000000E+00  2.70215058E-03  0.00000000E+00  0.00000000E+00  0.00000000E+00  0.00000000E+00  0.00000000E+00  2.45243400E-02  0.00000000E+00  0.00000000E+00 -5.78332246E-02
    1.904000      1   0.00000000E+00  0.00000000E+00  2.68053584E-03  0.00000000E+00  0.00000000E+00  0.00000000E+00  0.00000000E+00  0.00000000E+00  2.44664996E-02  0.00000000E+00  0.00000000E+00 -5.78404018E-02
    1.905000      1   0.00000000E+00  0.00000000E+00  2.74296117E-03  0.00000000E+00  0.00000000E+00  0.00000000E+00  0.00000000E+00  0.00000000E+00  2.44086630E-02  0.00000000E+00  0.00000000E+00 -5.78365862E-02
    1.906000      1   0.00000000E+00  0.00000000E+00  2.69139342E-03  0.00000000E+00  0.00000000E+00  0.00000000E+00  0.00000000E+00  0.00000000E+00  2.43508342E-02  0.00000000E+00  0.00000000E+00 -5.78288300E-02
    1.907000      1   0.00000000E+00  0.00000000E+00  2.75087211E-03  0.00000000E+00  0.00000000E+00  0.00000000E+00  0.00000000E+00  0.00000000E+00  2.42930245E-02  0.00000000E+00  0.00000000E+00 -5.78096916E-02
    1.908000      1   0.00000000E+00  0.00000000E+00  2.75422499E-03  0.00000000E+00  0.00000000E+00  0.00000000E+00  0.00000000E+00  0.00000000E+00  2.42352275E-02  0.00000000E+00  0.00000000E+00 -5.77969707E-02
    1.909000      1   0.00000000E+00  0.00000000E+00  2.71447726E-03  0.00000000E+00  0.00000000E+00  0.00000000E+00  0.00000000E+00  0.00000000E+00  2.41774634E-02  0.00000000E+00  0.00000000E+00 -5.77641232E-02
    1.910000      1   0.00000000E+00  0.00000000E+00  2.77869334E-03  0.00000000E+00  0.00000000E+00  0.00000000E+00  0.00000000E+00  0.00000000E+00  2.41197262E-02  0.00000000E+00  0.00000000E+00 -5.77372034E-02
    1.911000      1   0.00000000E+00  0.00000000E+00  2.75479860E-03  0.00000000E+00  0.00000000E+00  0.00000000E+00  0.00000000E+00  0.00000000E+00  2.40620142E-02  0.00000000E+00  0.00000000E+00 -5.77119815E-02
    1.912000      1   0.00000000E+00  0.00000000E+00  2.77222111E-03  0.00000000E+00  0.00000000E+00  0.00000000E+00  0.00000000E+00  0.00000000E+00  2.40043443E-02  0.00000000E+00  0.00000000E+00 -5.76698956E-02
    1.913000      1   0.00000000E+00  0.00000000E+00  2.72839933E-03  0.00000000E+00  0.00000000E+00  0.00000000E+00  0.00000000E+00  0.00000000E+00  2.39467117E-02  0.00000000E+00  0.00000000E+00 -5.76325762E-02
    1.914000      1   0.00000000E+00  0.00000000E+00  2.73755617E-03  0.00000000E+00  0.00000000E+00  0.00000000E+00  0.00000000E+00  0.00000000E+00  2.38891145E-02  0.00000000E+00  0.00000000E+00 -5.75972843E-02
    1.915000      1   0.00000000E+00  0.00000000E+00  2.70641112E-03  0.00000000E+00  0.00000000E+00  0.00000000E+00  0.00000000E+00  0.00000000E+00  2.38315397E-02  0.00000000E+00  0.00000000E+00 -5.75747648E-02
    1.916000      1   0.00000000E+00  0.00000000E+00  2.70045283E-03  0.00000000E+00  0.00000000E+00  0.00000000E+00  0.00000000E+00  0.00000000E+00  2.37739849E-02  0.00000000E+00  0.00000000E+00 -5.75547458E-02
    1.917000      1   0.00000000E+00  0.00000000E+00  2.65532020E-03  0.00000000E+00  0.00000000E+00  0.00000000E+00  0.00000000E+00  0.00000000E+00  2.37164389E-02  0.00000000E+00  0.00000000E+00 -5.75460089E-02
    1.918000      1   0.00000000E+00  0.00000000E+00  2.72380446E-03  0.00000000E+00  0.00000000E+00  0.00000000E+00  0.00000000E+00  0.00000000E+00  2.36588917E-02  0.00000000E+00  0.00000000E+00 -5.75472100E-02
    1.919000      1   0.00000000E+00  0.00000000E+00  2.67393999E-03  0.00000000E+00  0.00000000E+00  0.00000000E+00  0.00000000E+00  0.00000000E+00  2.36013406E-02  0.00000000E+00  0.00000000E+00 -5.75511227E-02
    1.920000      1   0.00000000E+00  0.00000000E+00  2.72059031E-03  0.00000000E+00  0.00000000E+00  0.00000000E+00  0.00000000E+00  0.00000000E+00  2.35437992E-02  0.00000000E+00  0.00000000E+00 -5.75413621E-02
    1.921000      1   0.00000000E+00  0.00000000E+00  2.68353318E-03  0.00000000E+00  0.00000000E+00  0.00000000E+00  0.00000000E+00  0.00000000E+00  2.34862595E-02  0.00000000E+00  0.00000000E+00 -5.75397281E-02
    1.922000      1   0.00000000E+00  0.00000000E+00  2.66570081E-03  0.00000000E+00  0.00000000E+00  0.00000000E+00  0.00000000E+00  0.00000000E+00  2.34287302E-02  0.00000000E+00  0.00000000E+00 -5.75293266E-02
    1.923000      1   0.00000000E+00  0.00000000E+00  2.72857058E-03  0.00000000E+00  0.00000000E+00  0.00000000E+00  0.00000000E+00  0.00000000E+00  2.33711959E-02  0.00000000E+00  0.00000000E+00 -5.75342487E-02
    1.924000      1   0.00000000E+00  0.00000000E+00  2.76510398E-03  0.00000000E+00  0.00000000E+00  0.00000000E+00  0.00000000E+00  0.00000000E+00  2.33136620E-02  0.00000000E+00  0.00000000E+00 -5.75339094E-02
    1.925000      1   0.00000000E+00  0.00000000E+00  2.72351695E-03  0.00000000E+00  0.00000000E+00  0.00000000E+00  0.00000000E+00  0.00000000E+00  2.32561556E-02  0.00000000E+00  0.00000000E+00 -5.75064621E-02
    1.926000      1   0.00000000E+00  0.00000000E+00  2.76422737E-03  0.00000000E+00  0.00000000E+00  0.00000000E+00  0.00000000E+00  0.00000000E+00  2.31986812E-02  0.00000000E+00  0.00000000E+00 -5.74743710E-02
    1.927000      1   0.00000000E+00  0.00000000E+00  2.76865135E-03  0.00000000E+00  0.00000000E+00  0.00000000E+00  0.00000000E+00  0.00000000E+00  2.31412325E-02  0.00000000E+00  0.00000000E+00 -5.74487385E-02
    1.928000      1   0.00000000E+00  0.00000000E+00  2.69231757E-03  0.00000000E+00  0.00000000E+00  0.00000000E+00  0.00000000E+00  0.00000000E+00  2.30838235E-02  0.00000000E+00  0.00000000E+00 -5.74089538E-02
    1.929000      1   0.00000000E+00  0.00000000E+00  2.79151991E-03  0.00000000E+00  0.00000000E+00  0.00000000E+00  0.00000000E+00  0.00000000E+00  2.30264423E-02  0.00000000E+00  0.00000000E+00 -5.73812149E-02
    1.930000      1   0.00000000E+00  0.00000000E+00  2.77134169E-03  0.00000000E+00  0.00000000E+00  0.00000000E+00  0.00000000E+00  0.00000000E+00  2.29690813E-02  0.00000000E+00  0.00000000E+00 -5.73610023E-02
    1.931000      1   0.00000000E+00  0.00000000E+00  2.75651952E-03  0.00000000E+00  0.00000000E+00  0.00000000E+00  0.00000000E+00  0.00000000E+00  2.29117695E-02  0.00000000E+00  0.00000000E+00 -5.73117785E-02
    1.932000      1   0.00000000E+00  0.00000000E+00  2.71956516E-03  0.00000000E+00  0.00000000E+00  0.00000000E+00  0.00000000E+00  0.00000000E+00  2.28544977E-02  0.00000000E+00  0.00000000E+00 -5.72718027E-02
    1.933000      1   0.00000000E+00  0.00000000E+00  2.74365259E-03  0.00000000E+00  0.00000000E+00  0.00000000E+00  0.00000000E+00  0.00000000E+00  2.27972545E-02  0.00000000E+00  0.00000000E+00 -5.72432297E-02
    1.934000      1   0.00000000E+00  0.00000000E+00  2.70937018E-03  0.00000000E+00  0.00000000E+00  0.00000000E+00  0.00000000E+00  0.00000000E+00  2.27400319E-02  0.00000000E+00  0.00000000E+00 -5.72225334E-02
    1.935000      1   0.00000000E+00  0.00000000E+00  2.68544963E-03  0.00000000E+00  0.00000000E+00  0.00000000E+00  0.00000000E+00  0.00000000E+00  2.26828320E-02  0.00000000E+00  0.00000000E+00 -5.71999890E-02
    1.936000      1   0.00000000E+00  0.00000000E+00  2.67598596E-03  0.00000000E+00  0.00000000E+00  0.00000000E+00  0.00000000E+00  0.00000000E+00  2.26256390E-02  0.00000000E+00  0.00000000E+00 -5.71929334E-02
    1.937000      1   0.00000000E+00  0.00000000E+00  2.66482773E-03  0.00000000E+00  0.00000000E+00  0.00000000E+00  0.00000000E+00  0.00000000E+00  2.25684436E-02  0.00000000E+00  0.00000000E+00 -5.71954073E-02
    1.938000      1   0.00000000E+00  0.00000000E+00  2.70002131E-03  0.00000000E+00  0.00000000E+00  0.00000000E+00  0.00000000E+00  0.00000000E+00  2.25112406E-02  0.00000000E+00  0.00000000E+00 -5.72029624E-02
    1.939000      1   0.00000000E+00  0.00000000E+00  2.74692170E-03  0.00000000E+00  0.00000000E+00  0.00000000E+00  0.00000000E+00  0.00000000E+00  2.24540327E-02  0.00000000E+00  0.00000000E+00 -5.72079584E-02
    1.940000      1   0.00000000E+00  0.00000000E+00  2.74133372E-03  0.00000000E+00  0.00000000E+00  0.00000000E+00  0.00000000E+00  0.00000000E+00  2.23968396E-02  0.00000000E+00  0.00000000E+00 -5.71931025E-02
    1.941000      1   0.00000000E+00  0.00000000E+00  2.62407587E-03  0.00000000E+00  0.00000000E+00  0.00000000E+00  0.00000000E+00  0.00000000E+00  2.23396758E-02  0.00000000E+00  0.00000000E+00 -5.71638321E-02
    1.942000      1   0.00000000E+00  0.00000000E+00  2.72829833E-03  0.00000000E+00  0.00000000E+00  0.00000000E+00  0.00000000E+00  0.00000000E+00  2.22825186E-02  0.00000000E+00  0.00000000E+00 -5.71571325E-02
    1.943000      1   0.00000000E+00  0.00000000E+00  2.68703011E-03  0.00000000E+00  0.00000000E+00  0.00000000E+00  0.00000000E+00  0.00000000E+00  2.22253481E-02  0.00000000E+00  0.00000000E+00 -5.71705116E-02
    1.944000      1   0.00000000E+00  0.00000000E+00  2.75605247E-03  0.00000000E+00  0.00000000E+00  0.00000000E+00  0.00000000E+00  0.00000000E+00  2.21681912E-02  0.00000000E+00  0.00000000E+00 -5.71569602E-02
    1.945000      1   0.00000000E+00  0.00000000E+00  2.69352620E-03  0.00000000E+00  0.00000000E+00  0.00000000E+00  0.00000000E+00  0.00000000E+00  2.21110464E-02  0.00000000E+00  0.00000000E+00 -5.71447562E-02
    1.946000      1   0.00000000E+00  0.00000000E+00  2.78935692E-03  0.00000000E+00  0.00000000E+00  0.00000000E+00  0.00000000E+00  0.00000000E+00  2.20539255E-02  0.00000000E+00  0.00000000E+00 -5.71209412E-02
    1.947000      1   0.00000000E+00  0.00000000E+00  2.80750545E-03  0.00000000E+00  0.00000000E+00  0.00000000E+00  0.00000000E+00  0.00000000E+00  2.19968247E-02  0.00000000E+00  0.00000000E+00 -5.71007143E-02
    1.948000      1   0.00000000E+00  0.00000000E+00  2.77345538E-03  0.00000000E+00  0.00000000E+00  0.00000000E+00  0.00000000E+00  0.00000000E+00  2.19397789E-02  0.00000000E+00  0.00000000E+00 -5.70458057E-02
    1.949000      1   0.00000000E+00  0.00000000E+00  2.76256063E-03  0.00000000E+00  0.00000000E+00  0.00000000E+00  0.00000000E+00  0.00000000E+00  2.18827880E-02  0.00000000E+00  0.00000000E+00 -5.69909582E-02
    1.950000      1   0.00000000E+00  0.00000000E+00  2.72434223E-03  0.00000000E+00  0.00000000E+00  0.00000000E+00  0.00000000E+00  0.00000000E+00  2.18258388E-02  0.00000000E+00  0.00000000E+00 -5.69492199E-02
    1.951000      1   0.00000000E+00  0.00000000E+00  2.78949562E-03  0.00000000E+00  0.00000000E+00  0.00000000E+00  0.00000000E+00  0.00000000E+00  2.17689209E-02  0.00000000E+00  0.00000000E+00 -5.69178181E-02
    1.952000      1   0.00000000E+00  0.00000000E+00  2.74430074E-03  0.00000000E+00  0.00000000E+00  0.00000000E+00  0.00000000E+00  0.00000000E+00  2.17120335E-02  0.00000000E+00  0.00000000E+00 -5.68874462E-02
    1.953000      1   0.00000000E+00  0.00000000E+00  2.76930817E-03  0.00000000E+00  0.00000000E+00  0.00000000E+00  0.00000000E+00  0.00000000E+00  2.16551898E-02  0.00000000E+00  0.00000000E+00 -5.68436691E-02
    1.954000      1   0.00000000E+00  0.00000000E+00  2.71565004E-03  0.00000000E+00  0.00000000E+00  0.00000000E+00  0.00000000E+00  0.00000000E+00  2.15983795E-02  0.00000000E+00  0.00000000E+00 -5.68103124E-02
    1.955000      1   0.00000000E+00  0.00000000E+00  2.70298996E-03  0.00000000E+00  0.00000000E+00  0.00000000E+00  0.00000000E+00  0.00000000E+00  2.15416013E-02  0.00000000E+00  0.00000000E+00 -5.67782317E-02
    1.956000      1   0.00000000E+00  0.00000000E+00  2.68047559E-03  0.00000000E+00  0.00000000E+00  0.00000000E+00  0.00000000E+00  0.00000000E+00  2.14848353E-02  0.00000000E+00  0.00000000E+00 -5.67660120E-02
    1.957000      1   0.00000000E+00  0.00000000E+00  2.73047273E-03  0.00000000E+00  0.00000000E+00  0.00000000E+00  0.00000000E+00  0.00000000E+00  2.14280733E-02  0.00000000E+00  0.00000000E+00 -5.67619314E-02
    1.958000      1   0.00000000E+00  0.00000000E+00  2.70417358E-03  0.00000000E+00  0.00000000E+00  0.00000000E+00  0.00000000E+00  0.00000000E+00  2.13713169E-02  0.00000000E+00  0.00000000E+00 -5.67564035E-02
    1.959000      1   0.00000000E+00  0.00000000E+00  2.72604896E-03  0.00000000E+00  0.00000000E+00  0.00000000E+00  0.00000000E+00  0.00000000E+00  2.13145778E-02  0.00000000E+00  0.00000000E+00 -5.67391064E-02
    1.960000      1   0.00000000E+00  0.00000000E+00  2.70147274E-03  0.00000000E+00  0.00000000E+00  0.00000000E+00  0.00000000E+00  0.00000000E+00  2.12578512E-02  0.00000000E+00  0.00000000E+00 -5.67265780E-02
    1.961000      1   0.00000000E+00  0.00000000E+00  2.67432208E-03  0.00000000E+00  0.00000000E+00  0.00000000E+00  0.00000000E+00  0.00000000E+00  2.12011400E-02  0.00000000E+00  0.00000000E+00 -5.67112114E-02
    1.962000      1   0.00000000E+00  0.00000000E+00  2.74064801E-03  0.00000000E+00  0.00000000E+00  0.00000000E+00  0.00000000E+00  0.00000000E+00  2.11444313E-02  0.00000000E+00  0.00000000E+00 -5.67087173E-02
    1.963000      1   0.00000000E+00  0.00000000E+00  2.78398256E-03  0.00000000E+00  0.00000000E+00  0.00000000E+00  0.00000000E+00  0.00000000E+00  2.10877279E-02  0.00000000E+00  0.00000000E+00 -5.67034108E-02
    1.964000      1   0.00000000E+00  0.00000000E+00  2.74272820E-03  0.00000000E+00  0.00000000E+00  0.00000000E+00  0.00000000E+00  0.00000000E+00  2.10310592E-02  0.00000000E+00  0.00000000E+00 -5.66686587E-02
    1.965000      1   0.00000000E+00  0.00000000E+00  2.79301140E-03  0.00000000E+00  0.00000000E+00  0.00000000E+00  0.00000000E+00  0.00000000E+00  2.09744323E-02  0.00000000E+00  0.00000000E+00 -5.66269703E-02
    1.966000      1   0.00000000E+00  0.00000000E+00  2.78439429E-03  0.00000000E+00  0.00000000E+00  0.00000000E+00  0.00000000E+00  0.00000000E+00  2.09178423E-02  0.00000000E+00  0.00000000E+00 -5.65899384E-02
    1.967000      1   0.00000000E+00  0.00000000E+00  2.70399317E-03  0.00000000E+00  0.00000000E+00  0.00000000E+00  0.00000000E+00  0.00000000E+00  2.08613044E-02  0.00000000E+00  0.00000000E+00 -5.65379166E-02
    1.968000      1   0.00000000E+00  0.00000000E+00  2.82629487E-03  0.00000000E+00  0.00000000E+00  0.00000000E+00  0.00000000E+00  0.00000000E+00  2.08048015E-02  0.00000000E+00  0.00000000E+00 -5.65029428E-02
    1.969000      1   0.00000000E+00  0.00000000E+00  2.76959276E-03  0.00000000E+00  0.00000000E+00  0.00000000E+00  0.00000000E+00  0.00000000E+00  2.07483287E-02  0.00000000E+00  0.00000000E+00 -5.64727462E-02
    1.970000      1   0.00000000E+00  0.00000000E+00  2.77340297E-03  0.00000000E+00  0.00000000E+00  0.00000000E+00  0.00000000E+00  0.00000000E+00  2.06919163E-02  0.00000000E+00  0.00000000E+00 -5.64124111E-02
    1.971000      1   0.00000000E+00  0.00000000E+00  2.74285826E-03  0.00000000E+00  0.00000000E+00  0.00000000E+00  0.00000000E+00  0.00000000E+00  2.06355463E-02  0.00000000E+00  0.00000000E+00 -5.63700240E-02
    1.972000      1   0.00000000E+00  0.00000000E+00  2.74687125E-03  0.00000000E+00  0.00000000E+00  0.00000000E+00  0.00000000E+00  0.00000000E+00  2.05792145E-02  0.00000000E+00  0.00000000E+00 -5.63317871E-02
    1.973000      1   0.00000000E+00  0.00000000E+00  2.74687910E-03  0.00000000E+00  0.00000000E+00  0.00000000E+00  0.00000000E+00  0.00000000E+00  2.05229116E-02  0.00000000E+00  0.00000000E+00 -5.63028718E-02
    1.974000      1   0.00000000E+00  0.00000000E+00  2.73541009E-03  0.00000000E+00  0.00000000E+00  0.00000000E+00  0.00000000E+00  0.00000000E+00  2.04666390E-02  0.00000000E+00  0.00000000E+00 -5.62726373E-02
    1.975000      1   0.00000000E+00  0.00000000E+00  2.68160842E-03  0.00000000E+00  0.00000000E+00  0.00000000E+00  0.00000000E+00  0.00000000E+00  2.04103946E-02  0.00000000E+00  0.00000000E+00 -5.62444283E-02
    1.976000      1   0.00000000E+00  0.00000000E+00  2.67774296E-03  0.00000000E+00  0.00000000E+00  0.00000000E+00  0.00000000E+00  0.00000000E+00  2.03541651E-02  0.00000000E+00  0.00000000E+00 -5.62295001E-02
    1.977000      1   0.00000000E+00  0.00000000E+00  2.75116400E-03  0.00000000E+00  0.00000000E+00  0.00000000E+00  0.00000000E+00  0.00000000E+00  2.02979321E-02  0.00000000E+00  0.00000000E+00 -5.62329248E-02
    1.978000      1   0.00000000E+00  0.00000000E+00  2.71282070E-03  0.00000000E+00  0.00000000E+00  0.00000000E+00  0.00000000E+00  0.00000000E+00  2.02417075E-02  0.00000000E+00  0.00000000E+00 -5.62246353E-02
    1.979000      1   0.00000000E+00  0.00000000E+00  2.73287928E-03  0.00000000E+00  0.00000000E+00  0.00000000E+00  0.00000000E+00  0.00000000E+00  2.01855085E-02  0.00000000E+00  0.00000000E+00 -5.61990138E-02
    1.980000      1   0.00000000E+00  0.00000000E+00  2.70190518E-03  0.00000000E+00  0.00000000E+00  0.00000000E+00  0.00000000E+00  0.00000000E+00  2.01293261E-02  0.00000000E+00  0.00000000E+00 -5.61824376E-02
    1.981000      1   0.00000000E+00  0.00000000E+00  2.72869316E-03  0.00000000E+00  0.00000000E+00  0.00000000E+00  0.00000000E+00  0.00000000E+00  2.00731613E-02  0.00000000E+00  0.00000000E+00 -5.61647514E-02
    1.982000      1   0.00000000E+00  0.00000000E+00  2.70994529E-03  0.00000000E+00  0.00000000E+00  0.00000000E+00  0.00000000E+00  0.00000000E+00  2.00170088E-02  0.00000000E+00  0.00000000E+00 -5.61525003E-02
    1.983000      1   0.00000000E+00  0.00000000E+00  2.76361927E-03  0.00000000E+00  0.00000000E+00  0.00000000E+00  0.00000000E+00  0.00000000E+00  1.99608740E-02  0.00000000E+00  0.00000000E+00 -5.61347671E-02
    1.984000      1   0.00000000E+00  0.00000000E+00  2.73342581E-03  0.00000000E+00  0.00000000E+00  0.00000000E+00  0.00000000E+00  0.00000000E+00  1.99047603E-02  0.00000000E+00  0.00000000E+00 -5.61136992E-02
    1.985000      1   0.00000000E+00  0.00000000E+00  2.81299008E-03  0.00000000E+00  0.00000000E+00  0.00000000E+00  0.00000000E+00  0.00000000E+00  1.98486800E-02  0.00000000E+00  0.00000000E+00 -5.60803434E-02
    1.986000      1   0.00000000E+00  0.00000000E+00  2.78652989E-03  0.00000000E+00  0.00000000E+00  0.00000000E+00  0.00000000E+00  0.00000000E+00  1.97926372E-02  0.00000000E+00  0.00000000E+00 -5.60428336E-02
    1.987000      1   0.00000000E+00  0.00000000E+00  2.71224979E-03  0.00000000E+00  0.00000000E+00  0.00000000E+00  0.00000000E+00  0.00000000E+00  1.97366533E-02  0.00000000E+00  0.00000000E+00 -5.59838728E-02
    1.988000      1   0.00000000E+00  0.00000000E+00  2.84986279E-03  0.00000000E+00  0.00000000E+00  0.00000000E+00  0.00000000E+00  0.00000000E+00  1.96807066E-02  0.00000000E+00  0.00000000E+00 -5.59467375E-02
    1.989000      1   0.00000000E+00  0.00000000E+00  2.78887019E-03  0.00000000E+00  0.00000000E+00  0.00000000E+00  0.00000000E+00  0.00000000E+00  1.96247969E-02  0.00000000E+00  0.00000000E+00 -5.59096617E-02
    1.990000      1   0.00000000E+00  0.00000000E+00  2.79036931E-03  0.00000000E+00  0.00000000E+00  0.00000000E+00  0.00000000E+00  0.00000000E+00  1.95689587E-02  0.00000000E+00  0.00000000E+00 -5.58381775E-02
    1.991000      1   0.00000000E+00  0.00000000E+00  2.76480924E-03  0.00000000E+00  0.00000000E+00  0.00000000E+00  0.00000000E+00  0.00000000E+00  1.95131723E-02  0.00000000E+00  0.00000000E+00 -5.57864591E-02
    1.992000      1   0.00000000E+00  0.00000000E+00  2.75296241E-03  0.00000000E+00  0.00000000E+00  0.00000000E+00  0.00000000E+00  0.00000000E+00  1.94574335E-02  0.00000000E+00  0.00000000E+00 -5.57387684E-02
    1.993000      1   0.00000000E+00  0.00000000E+00  2.76830034E-03  0.00000000E+00  0.00000000E+00  0.00000000E+00  0.00000000E+00  0.00000000E+00  1.94017319E-02  0.00000000E+00  0.00000000E+00 -5.57015669E-02
    1.994000      1   0.00000000E+00  0.00000000E+00  2.76588782E-03  0.00000000E+00  0.00000000E+00  0.00000000E+00  0.00000000E+00  0.00000000E+00  1.93460664E-02  0.00000000E+00  0.00000000E+00 -5.56655438E-02
    1.995000      1   0.00000000E+00  0.00000000E+00  2.70852105E-03  0.00000000E+00  0.00000000E+00  0.00000000E+00  0.00000000E+00  0.00000000E+00  1.92904415E-02  0.00000000E+00  0.00000000E+00 -5.56249102E-02
    1.996000      1   0.00000000E+00  0.00000000E+00  2.72291486E-03  0.00000000E+00  0.00000000E+00  0.00000000E+00  0.00000000E+00  0.00000000E+00  1.92348463E-02  0.00000000E+00  0.00000000E+00 -5.55952135E-02
    1.997000      1   0.00000000E+00  0.00000000E+00  2.75798301E-03  0.00000000E+00  0.00000000E+00  0.00000000E+00  0.00000000E+00  0.00000000E+00  1.91792644E-02  0.00000000E+00  0.00000000E+00 -5.55818115E-02
    1.998000      1   0.00000000E+00  0.00000000E+00  2.72890860E-03  0.00000000E+00  0.00000000E+00  0.00000000E+00  0.00000000E+00  0.00000000E+00  1.91237070E-02  0.00000000E+00  0.00000000E+00 -5.55574810E-02
    1.999000      1   0.00000000E+00  0.00000000E+00  2.73838751E-03  0.00000000E+00  0.00000000E+00  0.00000000E+00  0.00000000E+00  0.00000000E+00  1.90681802E-02  0.00000000E+00  0.00000000E+00 -5.55267750E-02
    2.000000      1   0.00000000E+00  0.00000000E+00  2.68860596E-03  0.00000000E+00  0.00000000E+00  0.00000000E+00  0.00000000E+00  0.00000000E+00  1.90126762E-02  0.00000000E+00  0.00000000E+00 -5.55039413E-02
    2.001000      1   0.00000000E+00  0.00000000E+00  2.77541516E-03  0.00000000E+00  0.00000000E+00  0.00000000E+00  0.00000000E+00  0.00000000E+00  1.89571895E-02  0.00000000E+00  0.00000000E+00 -5.54867979E-02
    2.002000      1   0.00000000E+00  0.00000000E+00  2.71025669E-03  0.00000000E+00  0.00000000E+00  0.00000000E+00  0.00000000E+00  0.00000000E+00  1.89017188E-02  0.00000000E+00  0.00000000E+00 -5.54706522E-02
    2.003000      1   0.00000000E+00  0.00000000E+00  2.81319317E-03  0.00000000E+00  0.00000000E+00  0.00000000E+00  0.00000000E+00  0.00000000E+00  1.88462813E-02  0.00000000E+00  0.00000000E+00 -5.54375197E-02
    2.004000      1   0.00000000E+00  0.00000000E+00  2.76893423E-03  0.00000000E+00  0.00000000E+00  0.00000000E+00  0.00000000E+00  0.00000000E+00  1.87908737E-02  0.00000000E+00  0.00000000E+00 -5.54075830E-02
    2.005000      1   0.00000000E+00  0.00000000E+00  2.83266743E-03  0.00000000E+00  0.00000000E+00  0.00000000E+00  0.00000000E+00  0.00000000E+00  1.87355220E-02  0.00000000E+00  0.00000000E+00 -5.53516671E-02
    2.006000      1   0.00000000E+00  0.00000000E+00  2.81734792E-03  0.00000000E+00  0.00000000E+00  0.00000000E+00  0.00000000E+00  0.00000000E+00  1.86802230E-02  0.00000000E+00  0.00000000E+00 -5.52990160E-02
    2.007000      1   0.00000000E+00  0.00000000E+00  2.72720877E-03  0.00000000E+00  0.00000000E+00  0.00000000E+00  0.00000000E+00  0.00000000E+00  1.86249949E-02  0.00000000E+00  0.00000000E+00 -5.52281431E-02
    2.008000      1   0.00000000E+00  0.00000000E+00  2.84118379E-03  0.00000000E+00  0.00000000E+00  0.00000000E+00  0.00000000E+00  0.00000000E+00  1.85698166E-02  0.00000000E+00  0.00000000E+00 -5.51782414E-02
    2.009000      1   0.00000000E+00  0.00000000E+00  2.82105985E-03  0.00000000E+00  0.00000000E+00  0.00000000E+00  0.00000000E+00  0.00000000E+00  1.85146788E-02  0.00000000E+00  0.00000000E+00 -5.51377876E-02
    2.010000      1   0.00000000E+00  0.00000000E+00  2.80755172E-03  0.00000000E+00  0.00000000E+00  0.00000000E+00  0.00000000E+00  0.00000000E+00  1.84596154E-02  0.00000000E+00  0.00000000E+00 -5.50634613E-02
    2.011000      1   0.00000000E+00  0.00000000E+00  2.76353016E-03  0.00000000E+00  0.00000000E+00  0.00000000E+00  0.00000000E+00  0.00000000E+00  1.84046172E-02  0.00000000E+00  0.00000000E+00 -5.49981328E-02
    2.012000      1   0.00000000E+00  0.00000000E+00  2.76960375E-03  0.00000000E+00  0.00000000E+00  0.00000000E+00  0.00000000E+00  0.00000000E+00  1.83496722E-02  0.00000000E+00  0.00000000E+00 -5.49450253E-02
    2.013000      1   0.00000000E+00  0.00000000E+00  2.76224623E-03  0.00000000E+00  0.00000000E+00  0.00000000E+00  0.00000000E+00  0.00000000E+00  1.82947669E-02  0.00000000E+00  0.00000000E+00 -5.49053011E-02
    2.014000      1   0.00000000E+00  0.00000000E+00  2.77189710E-03  0.00000000E+00  0.00000000E+00  0.00000000E+00  0.00000000E+00  0.00000000E+00  1.82399020E-02  0.00000000E+00  0.00000000E+00 -5.48648834E-02
    2.015000      1   0.00000000E+00  0.00000000E+00  2.72100626E-03  0.00000000E+00  0.00000000E+00  0.00000000E+00  0.00000000E+00  0.00000000E+00  1.81850769E-02  0.00000000E+00  0.00000000E+00 -5.48251753E-02
    2.016000      1   0.00000000E+00  0.00000000E+00  2.71532129E-03  0.00000000E+00  0.00000000E+00  0.00000000E+00  0.00000000E+00  0.00000000E+00  1.81302856E-02  0.00000000E+00  0.00000000E+00 -5.47912972E-02
    2.017000      1   0.00000000E+00  0.00000000E+00  2.77972773E-03  0.00000000E+00  0.00000000E+00  0.00000000E+00  0.00000000E+00  0.00000000E+00  1.80755104E-02  0.00000000E+00  0.00000000E+00 -5.47751377E-02
    2.018000      1   0.00000000E+00  0.00000000E+00  2.73032937E-03  0.00000000E+00  0.00000000E+00  0.00000000E+00  0.00000000E+00  0.00000000E+00  1.80207610E-02  0.00000000E+00  0.00000000E+00 -5.47494557E-02
    2.019000      1   0.00000000E+00  0.00000000E+00  2.76719382E-03  0.00000000E+00  0.00000000E+00  0.00000000E+00  0.00000000E+00  0.00000000E+00  1.79660496E-02  0.00000000E+00  0.00000000E+00 -5.47113572E-02
    2.020000      1   0.00000000E+00  0.00000000E+00  2.76471429E-03  0.00000000E+00  0.00000000E+00  0.00000000E+00  0.00000000E+00  0.00000000E+00  1.79113666E-02  0.00000000E+00  0.00000000E+00 -5.46829629E-02
    2.021000      1   0.00000000E+00  0.00000000E+00  2.76225723E-03  0.00000000E+00  0.00000000E+00  0.00000000E+00  0.00000000E+00  0.00000000E+00  1.78567237E-02  0.00000000E+00  0.00000000E+00 -5.46429001E-02
    2.022000      1   0.00000000E+00  0.00000000E+00  2.77036508E-03  0.00000000E+00  0.00000000E+00  0.00000000E+00  0.00000000E+00  0.00000000E+00  1.78021197E-02  0.00000000E+00  0.00000000E+00 -5.46040862E-02
    2.023000      1   0.00000000E+00  0.00000000E+00  2.77666885E-03  0.00000000E+00  0.00000000E+00  0.00000000E+00  0.00000000E+00  0.00000000E+00  1.77475550E-02  0.00000000E+00  0.00000000E+00 -5.45646454E-02
    2.024000      1   0.00000000E+00  0.00000000E+00  2.75138269E-03  0.00000000E+00  0.00000000E+00  0.00000000E+00  0.00000000E+00  0.00000000E+00  1.76930336E-02  0.00000000E+00  0.00000000E+00 -5.45214271E-02
    2.025000      1   0.00000000E+00  0.00000000E+00  2.80377577E-03  0.00000000E+00  0.00000000E+00  0.00000000E+00  0.00000000E+00  0.00000000E+00  1.76385530E-02  0.00000000E+00  0.00000000E+00 -5.44806102E-02
    2.026000      1   0.00000000E+00  0.00000000E+00  2.83505346E-03  0.00000000E+00  0.00000000E+00  0.00000000E+00  0.00000000E+00  0.00000000E+00  1.75841141E-02  0.00000000E+00  0.00000000E+00 -5.44388324E-02
    2.027000      1   0.00000000E+00  0.00000000E+00  2.78301970E-03  0.00000000E+00  0.00000000E+00  0.00000000E+00  0.00000000E+00  0.00000000E+00  1.75297398E-02  0.00000000E+00  0.00000000E+00 -5.43743169E-02
    2.028000      1   0.00000000E+00  0.00000000E+00  2.86014588E-03  0.00000000E+00  0.00000000E+00  0.00000000E+00  0.00000000E+00  0.00000000E+00  1.74754311E-02  0.00000000E+00  0.00000000E+00 -5.43087309E-02
    2.029000      1   0.00000000E+00  0.00000000E+00  2.79172757E-03  0.00000000E+00  0.00000000E+00  0.00000000E+00  0.00000000E+00  0.00000000E+00  1.74211845E-02  0.00000000E+00  0.00000000E+00 -5.42465947E-02
    2.030000      1   0.00000000E+00  0.00000000E+00  2.79462874E-03  0.00000000E+00  0.00000000E+00  0.00000000E+00  0.00000000E+00  0.00000000E+00  1.73670133E-02  0.00000000E+00  0.00000000E+00 -5.41712281E-02
    2.031000      1   0.00000000E+00  0.00000000E+00  2.81385467E-03  0.00000000E+00  0.00000000E+00  0.00000000E+00  0.00000000E+00  0.00000000E+00  1.73128955E-02  0.00000000E+00  0.00000000E+00 -5.41178181E-02
    2.032000      1   0.00000000E+00  0.00000000E+00  2.81115819E-03  0.00000000E+00  0.00000000E+00  0.00000000E+00  0.00000000E+00  0.00000000E+00  1.72588354E-02  0.00000000E+00  0.00000000E+00 -5.40600554E-02
    2.033000      1   0.00000000E+00  0.00000000E+00  2.85695604E-03  0.00000000E+00  0.00000000E+00  0.00000000E+00  0.00000000E+00  0.00000000E+00  1.72048389E-02  0.00000000E+00  0.00000000E+00 -5.39964554E-02
    2.034000      1   0.00000000E+00  0.00000000E+00  2.78071853E-03  0.00000000E+00  0.00000000E+00  0.00000000E+00  0.00000000E+00  0.00000000E+00  1.71509133E-02  0.00000000E+00  0.00000000E+00 -5.39256422E-02
    2.035000      1   0.00000000E+00  0.00000000E+00  2.75239047E-03  0.00000000E+00  0.00000000E+00  0.00000000E+00  0.00000000E+00  0.00000000E+00  1.70970600E-02  0.00000000E+00  0.00000000E+00 -5.38532700E-02
    2.036000      1   0.00000000E+00  0.00000000E+00  2.72306012E-03  0.00000000E+00  0.00000000E+00  0.00000000E+00  0.00000000E+00  0.00000000E+00  1.70432491E-02  0.00000000E+00  0.00000000E+00 -5.38109449E-02
    2.037000      1   0.00000000E+00  0.00000000E+00  2.79742257E-03  0.00000000E+00  0.00000000E+00  0.00000000E+00  0.00000000E+00  0.00000000E+00  1.69894660E-02  0.00000000E+00  0.00000000E+00 -5.37831098E-02
    2.038000      1   0.00000000E+00  0.00000000E+00  2.76646465E-03  0.00000000E+00  0.00000000E+00  0.00000000E+00  0.00000000E+00  0.00000000E+00  1.69357142E-02  0.00000000E+00  0.00000000E+00 -5.37517571E-02
    2.039000      1   0.00000000E+00  0.00000000E+00  2.81417469E-03  0.00000000E+00  0.00000000E+00  0.00000000E+00  0.00000000E+00  0.00000000E+00  1.68820128E-02  0.00000000E+00  0.00000000E+00 -5.37014573E-02
    2.040000      1   0.00000000E+00  0.00000000E+00  2.77773880E-03  0.00000000E+00  0.00000000E+00  0.00000000E+00  0.00000000E+00  0.00000000E+00  1.68283599E-02  0.00000000E+00  0.00000000E+00 -5.36528875E-02
    2.041000      1   0.00000000E+00  0.00000000E+00  2.69434112E-03  0.00000000E+00  0.00000000E+00  0.00000000E+00  0.00000000E+00  0.00000000E+00  1.67747648E-02  0.00000000E+00  0.00000000E+00 -5.35950923E-02
    2.042000      1   0.00000000E+00  0.00000000E+00  2.82015328E-03  0.00000000E+00  0.00000000E+00  0.00000000E+00  0.00000000E+00  0.00000000E+00  1.67212008E-02  0.00000000E+00  0.00000000E+00 -5.35640111E-02
    2.043000      1   0.00000000E+00  0.00000000E+00  2.75790195E-03  0.00000000E+00  0.00000000E+00  0.00000000E+00  0.00000000E+00  0.00000000E+00  1.66676627E-02  0.00000000E+00  0.00000000E+00 -5.35380705E-02
    2.044000      1   0.00000000E+00  0.00000000E+00  2.86463627E-03  0.00000000E+00  0.00000000E+00  0.00000000E+00  0.00000000E+00  0.00000000E+00  1.66141809E-02  0.00000000E+00  0.00000000E+00 -5.34818198E-02
    2.045000      1   0.00000000E+00  0.00000000E+00  2.79695994E-03  0.00000000E+00  0.00000000E+00  0.00000000E+00  0.00000000E+00  0.00000000E+00  1.65607537E-02  0.00000000E+00  0.00000000E+00 -5.34271385E-02
    2.046000      1   0.00000000E+00  0.00000000E+00  2.87735117E-03  0.00000000E+00  0.00000000E+00  0.00000000E+00  0.00000000E+00  0.00000000E+00  1.65074044E-02  0.00000000E+00  0.00000000E+00 -5.33493719E-02
    2.047000      1   0.00000000E+00  0.00000000E+00  2.86637795E-03  0.00000000E+00  0.00000000E+00  0.00000000E+00  0.00000000E+00  0.00000000E+00  1.64541248E-02  0.00000000E+00  0.00000000E+00 -5.32796149E-02
    2.048000      1   0.00000000E+00  0.00000000E+00  2.77468039E-03  0.00000000E+00  0.00000000E+00  0.00000000E+00  0.00000000E+00  0.00000000E+00  1.64009394E-02  0.00000000E+00  0.00000000E+00 -5.31853968E-02
    2.049000      1   0.00000000E+00  0.00000000E+00  2.89330424E-03  0.00000000E+00  0.00000000E+00  0.00000000E+00  0.00000000E+00  0.00000000E+00  1.63478284E-02  0.00000000E+00  0.00000000E+00 -5.31109981E-02
    2.050000      1   0.00000000E+00  0.00000000E+00  2.85479482E-03  0.00000000E+00  0.00000000E+00  0.00000000E+00  0.00000000E+00  0.00000000E+00  1.62947826E-02  0.00000000E+00  0.00000000E+00 -5.30457369E-02
    2.051000      1   0.00000000E+00  0.00000000E+00  2.85982287E-03  0.00000000E+00  0.00000000E+00  0.00000000E+00  0.00000000E+00  0.00000000E+00  1.62418343E-02  0.00000000E+00  0.00000000E+00 -5.29483279E-02
    2.052000      1   0.00000000E+00  0.00000000E+00  2.81449637E-03  0.00000000E+00  0.00000000E+00  0.00000000E+00  0.00000000E+00  0.00000000E+00  1.61889716E-02  0.00000000E+00  0.00000000E+00 -5.28626768E-02
    2.053000      1   0.00000000E+00  0.00000000E+00  2.81716244E-03  0.00000000E+00  0.00000000E+00  0.00000000E+00  0.00000000E+00  0.00000000E+00  1.61361882E-02  0.00000000E+00  0.00000000E+00 -5.27833899E-02
    2.054000      1   0.00000000E+00  0.00000000E+00  2.82521614E-03  0.00000000E+00  0.00000000E+00  0.00000000E+00  0.00000000E+00  0.00000000E+00  1.60834697E-02  0.00000000E+00  0.00000000E+00 -5.27185174E-02
    2.055000      1   0.00000000E+00  0.00000000E+00  2.79076089E-03  0.00000000E+00  0.00000000E+00  0.00000000E+00  0.00000000E+00  0.00000000E+00  1.60308184E-02  0.00000000E+00  0.00000000E+00 -5.26513451E-02
    2.056000      1   0.00000000E+00  0.00000000E+00  2.78350170E-03  0.00000000E+00  0.00000000E+00  0.00000000E+00  0.00000000E+00  0.00000000E+00  1.59782308E-02  0.00000000E+00  0.00000000E+00 -5.25876209E-02
    2.057000      1   0.00000000E+00  0.00000000E+00  2.73225290E-03  0.00000000E+00  0.00000000E+00  0.00000000E+00  0.00000000E+00  0.00000000E+00  1.59256943E-02  0.00000000E+00  0.00000000E+00 -5.25364960E-02
    2.058000      1   0.00000000E+00  0.00000000E+00  2.83075106E-03  0.00000000E+00  0.00000000E+00  0.00000000E+00  0.00000000E+00  0.00000000E+00  1.58731974E-02  0.00000000E+00  0.00000000E+00 -5.24968179E-02
    2.059000      1   0.00000000E+00  0.00000000E+00  2.79054377E-03  0.00000000E+00  0.00000000E+00  0.00000000E+00  0.00000000E+00  0.00000000E+00  1.58207409E-02  0.00000000E+00  0.00000000E+00 -5.24565525E-02
    2.060000      1   0.00000000E+00  0.00000000E+00  2.83764824E-03  0.00000000E+00  0.00000000E+00  0.00000000E+00  0.00000000E+00  0.00000000E+00  1.57683498E-02  0.00000000E+00  0.00000000E+00 -5.23910489E-02
    2.061000      1   0.00000000E+00  0.00000000E+00  2.80563908E-03  0.00000000E+00  0.00000000E+00  0.00000000E+00  0.00000000E+00  0.00000000E+00  1.57160194E-02  0.00000000E+00  0.00000000E+00 -5.23304201E-02
    2.062000      1   0.00000000E+00  0.00000000E+00  2.70816914E-03  0.00000000E+00  0.00000000E+00  0.00000000E+00  0.00000000E+00  0.00000000E+00  1.56637594E-02  0.00000000E+00  0.00000000E+00 -5.22599820E-02
    2.063000      1   0.00000000E+00  0.00000000E+00  2.86933841E-03  0.00000000E+00  0.00000000E+00  0.00000000E+00  0.00000000E+00  0.00000000E+00  1.56115421E-02  0.00000000E+00  0.00000000E+00 -5.22172926E-02
    2.064000      1   0.00000000E+00  0.00000000E+00  2.81876680E-03  0.00000000E+00  0.00000000E+00  0.00000000E+00  0.00000000E+00  0.00000000E+00  1.55593640E-02  0.00000000E+00  0.00000000E+00 -5.21781128E-02
    2.065000      1   0.00000000E+00  0.00000000E+00  2.86544372E-03  0.00000000E+00  0.00000000E+00  0.00000000E+00  0.00000000E+00  0.00000000E+00  1.55072691E-02  0.00000000E+00  0.00000000E+00 -5.20949457E-02
    2.066000      1   0.00000000E+00  0.00000000E+00  2.80437421E-03  0.00000000E+00  0.00000000E+00  0.00000000E+00  0.00000000E+00  0.00000000E+00  1.54552490E-02  0.00000000E+00  0.00000000E+00 -5.20201327E-02
    2.067000      1   0.00000000E+00  0.00000000E+00  2.85713918E-03  0.00000000E+00  0.00000000E+00  0.00000000E+00  0.00000000E+00  0.00000000E+00  1.54033082E-02  0.00000000E+00  0.00000000E+00 -5.19407898E-02
    2.068000      1   0.00000000E+00  0.00000000E+00  2.88176985E-03  0.00000000E+00  0.00000000E+00  0.00000000E+00  0.00000000E+00  0.00000000E+00  1.53514360E-02  0.00000000E+00  0.00000000E+00 -5.18721722E-02
    2.069000      1   0.00000000E+00  0.00000000E+00  2.82572694E-03  0.00000000E+00  0.00000000E+00  0.00000000E+00  0.00000000E+00  0.00000000E+00  1.52996541E-02  0.00000000E+00  0.00000000E+00 -5.17818700E-02
    2.070000      1   0.00000000E+00  0.00000000E+00  2.93165701E-03  0.00000000E+00  0.00000000E+00  0.00000000E+00  0.00000000E+00  0.00000000E+00  1.52479607E-02  0.00000000E+00  0.00000000E+00 -5.16933894E-02
    2.071000      1   0.00000000E+00  0.00000000E+00  2.85811206E-03  0.00000000E+00  0.00000000E+00  0.00000000E+00  0.00000000E+00  0.00000000E+00  1.51963561E-02  0.00000000E+00  0.00000000E+00 -5.16045815E-02
    2.072000      1   0.00000000E+00  0.00000000E+00  2.82214813E-03  0.00000000E+00  0.00000000E+00  0.00000000E+00  0.00000000E+00  0.00000000E+00  1.51448622E-02  0.00000000E+00  0.00000000E+00 -5.14939903E-02
    2.073000      1   0.00000000E+00  0.00000000E+00  2.87731427E-03  0.00000000E+00  0.00000000E+00  0.00000000E+00  0.00000000E+00  0.00000000E+00  1.50934482E-02  0.00000000E+00  0.00000000E+00 -5.14139121E-02
    2.074000      1   0.00000000E+00  0.00000000E+00  2.88000626E-03  0.00000000E+00  0.00000000E+00  0.00000000E+00  0.00000000E+00  0.00000000E+00  1.50421124E-02  0.00000000E+00  0.00000000E+00 -5.13358895E-02
    2.075000      1   0.00000000E+00  0.00000000E+00  2.93034926E-03  0.00000000E+00  0.00000000E+00  0.00000000E+00  0.00000000E+00  0.00000000E+00  1.49908731E-02  0.00000000E+00  0.00000000E+00 -5.12392734E-02
    2.076000      1   0.00000000E+00  0.00000000E+00  2.84249053E-03  0.00000000E+00  0.00000000E+00  0.00000000E+00  0.00000000E+00  0.00000000E+00  1.49397402E-02  0.00000000E+00  0.00000000E+00 -5.11328707E-02
    2.077000      1   0.00000000E+00  0.00000000E+00  2.80620695E-03  0.00000000E+00  0.00000000E+00  0.00000000E+00  0.00000000E+00  0.00000000E+00  1.48887147E-02  0.00000000E+00  0.00000000E+00 -5.10254714E-02
    2.078000      1   0.00000000E+00  0.00000000E+00  2.75922526E-03  0.00000000E+00  0.00000000E+00  0.00000000E+00  0.00000000E+00  0.00000000E+00  1.48377614E-02  0.00000000E+00  0.00000000E+00 -5.09533425E-02
    2.079000      1   0.00000000E+00  0.00000000E+00  2.82726416E-03  0.00000000E+00  0.00000000E+00  0.00000000E+00  0.00000000E+00  0.00000000E+00  1.47868600E-02  0.00000000E+00  0.00000000E+00 -5.09014380E-02
    2.080000      1   0.00000000E+00  0.00000000E+00  2.89691454E-03  0.00000000E+00  0.00000000E+00  0.00000000E+00  0.00000000E+00  0.00000000E+00  1.47360070E-02  0.00000000E+00  0.00000000E+00 -5.08529309E-02
    2.081000      1   0.00000000E+00  0.00000000E+00  2.82981912E-03  0.00000000E+00  0.00000000E+00  0.00000000E+00  0.00000000E+00  0.00000000E+00  1.46852373E-02  0.00000000E+00  0.00000000E+00 -5.07697621E-02
    2.082000      1   0.00000000E+00  0.00000000E+00  2.83749288E-03  0.00000000E+00  0.00000000E+00  0.00000000E+00  0.00000000E+00  0.00000000E+00  1.46345617E-02  0.00000000E+00  0.00000000E+00 -5.06755840E-02
    2.083000      1   0.00000000E+00  0.00000000E+00  2.78296944E-03  0.00000000E+00  0.00000000E+00  0.00000000E+00  0.00000000E+00  0.00000000E+00  1.45839596E-02  0.00000000E+00  0.00000000E+00 -5.06020841E-02
    2.084000      1   0.00000000E+00  0.00000000E+00  2.81493601E-03  0.00000000E+00  0.00000000E+00  0.00000000E+00  0.00000000E+00  0.00000000E+00  1.45334239E-02  0.00000000E+00  0.00000000E+00 -5.05357059E-02
    2.085000      1   0.00000000E+00  0.00000000E+00  2.91889380E-03  0.00000000E+00  0.00000000E+00  0.00000000E+00  0.00000000E+00  0.00000000E+00  1.44829423E-02  0.00000000E+00  0.00000000E+00 -5.04815810E-02
    2.086000      1   0.00000000E+00  0.00000000E+00  2.84486503E-03  0.00000000E+00  0.00000000E+00  0.00000000E+00  0.00000000E+00  0.00000000E+00  1.44325437E-02  0.00000000E+00  0.00000000E+00 -5.03985741E-02
    2.087000      1   0.00000000E+00  0.00000000E+00  2.91530111E-03  0.00000000E+00  0.00000000E+00  0.00000000E+00  0.00000000E+00  0.00000000E+00  1.43822492E-02  0.00000000E+00  0.00000000E+00 -5.02945170E-02
    2.088000      1   0.00000000E+00  0.00000000E+00  2.86512943E-03  0.00000000E+00  0.00000000E+00  0.00000000E+00  0.00000000E+00  0.00000000E+00  1.43320469E-02  0.00000000E+00  0.00000000E+00 -5.02023163E-02
    2.089000      1   0.00000000E+00  0.00000000E+00  2.94592283E-03  0.00000000E+00  0.00000000E+00  0.00000000E+00  0.00000000E+00  0.00000000E+00  1.42819510E-02  0.00000000E+00  0.00000000E+00 -5.00958556E-02
    2.090000      1   0.00000000E+00  0.00000000E+00  2.94608616E-03  0.00000000E+00  0.00000000E+00  0.00000000E+00  0.00000000E+00  0.00000000E+00  1.42319595E-02  0.00000000E+00  0.00000000E+00 -4.99915846E-02
    2.091000      1   0.00000000E+00  0.00000000E+00  2.85133177E-03  0.00000000E+00  0.00000000E+00  0.00000000E+00  0.00000000E+00  0.00000000E+00  1.41820987E-02  0.00000000E+00  0.00000000E+00 -4.98607510E-02
    2.092000      1   0.00000000E+00  0.00000000E+00  2.96601810E-03  0.00000000E+00  0.00000000E+00  0.00000000E+00  0.00000000E+00  0.00000000E+00  1.41323521E-02  0.00000000E+00  0.00000000E+00 -4.97466200E-02
    2.093000      1   0.00000000E+00  0.00000000E+00  2.91437375E-03  0.00000000E+00  0.00000000E+00  0.00000000E+00  0.00000000E+00  0.00000000E+00  1.40827088E-02  0.00000000E+00  0.00000000E+00 -4.96433268E-02
    2.094000      1   0.00000000E+00  0.00000000E+00  2.89983979E-03  0.00000000E+00  0.00000000E+00  0.00000000E+00  0.00000000E+00  0.00000000E+00  1.40331973E-02  0.00000000E+00  0.00000000E+00 -4.95115015E-02
    2.095000      1   0.00000000E+00  0.00000000E+00  2.88386829E-03  0.00000000E+00  0.00000000E+00  0.00000000E+00  0.00000000E+00  0.00000000E+00  1.39837981E-02  0.00000000E+00  0.00000000E+00 -4.93992072E-02
    2.096000      1   0.00000000E+00  0.00000000E+00  2.88358802E-03  0.00000000E+00  0.00000000E+00  0.00000000E+00  0.00000000E+00  0.00000000E+00  1.39345035E-02  0.00000000E+00  0.00000000E+00 -4.92945105E-02
    2.097000      1   0.00000000E+00  0.00000000E+00  2.93581619E-03  0.00000000E+00  0.00000000E+00  0.00000000E+00  0.00000000E+00  0.00000000E+00  1.38853084E-02  0.00000000E+00  0.00000000E+00 -4.91951086E-02
    2.098000      1   0.00000000E+00  0.00000000E+00  2.89115786E-03  0.00000000E+00  0.00000000E+00  0.00000000E+00  0.00000000E+00  0.00000000E+00  1.38362219E-02  0.00000000E+00  0.00000000E+00 -4.90865628E-02
    2.099000      1   0.00000000E+00  0.00000000E+00  2.87132788E-03  0.00000000E+00  0.00000000E+00  0.00000000E+00  0.00000000E+00  0.00000000E+00  1.37872531E-02  0.00000000E+00  0.00000000E+00 -4.89687618E-02
    2.100000      1   0.00000000E+00  0.00000000E+00  2.79795446E-03  0.00000000E+00  0.00000000E+00  0.00000000E+00  0.00000000E+00  0.00000000E+00  1.37383840E-02  0.00000000E+00  0.00000000E+00 -4.88691340E-02
    2.101000      1   0.00000000E+00  0.00000000E+00  2.80629529E-03  0.00000000E+00  0.00000000E+00  0.00000000E+00  0.00000000E+00  0.00000000E+00  1.36895950E-02  0.00000000E+00  0.00000000E+00 -4.87889939E-02
    2.102000      1   0.00000000E+00  0.00000000E+00  2.96232695E-03  0.00000000E+00  0.00000000E+00  0.00000000E+00  0.00000000E+00  0.00000000E+00  1.36408635E-02  0.00000000E+00  0.00000000E+00 -4.87314758E-02
    2.103000      1   0.00000000E+00  0.00000000E+00  2.88272423E-03  0.00000000E+00  0.00000000E+00  0.00000000E+00  0.00000000E+00  0.00000000E+00  1.35922199E-02  0.00000000E+00  0.00000000E+00 -4.86436259E-02
    2.104000      1   0.00000000E+00  0.00000000E+00  2.92302809E-03  0.00000000E+00  0.00000000E+00  0.00000000E+00  0.00000000E+00  0.00000000E+00  1.35437013E-02  0.00000000E+00  0.00000000E+00 -4.85186098E-02
    2.105000      1   0.00000000E+00  0.00000000E+00  2.86365501E-03  0.00000000E+00  0.00000000E+00  0.00000000E+00  0.00000000E+00  0.00000000E+00  1.34952887E-02  0.00000000E+00  0.00000000E+00 -4.84126091E-02
    2.106000      1   0.00000000E+00  0.00000000E+00  2.79545935E-03  0.00000000E+00  0.00000000E+00  0.00000000E+00  0.00000000E+00  0.00000000E+00  1.34469848E-02  0.00000000E+00  0.00000000E+00 -4.83038715E-02
    2.107000      1   0.00000000E+00  0.00000000E+00  2.97696059E-03  0.00000000E+00  0.00000000E+00  0.00000000E+00  0.00000000E+00  0.00000000E+00  1.33987581E-02  0.00000000E+00  0.00000000E+00 -4.82266925E-02
    2.108000      1   0.00000000E+00  0.00000000E+00  2.93413714E-03  0.00000000E+00  0.00000000E+00  0.00000000E+00  0.00000000E+00  0.00000000E+00  1.33506183E-02  0.00000000E+00  0.00000000E+00 -4.81398135E-02
    2.109000      1   0.00000000E+00  0.00000000E+00  2.94655565E-03  0.00000000E+00  0.00000000E+00  0.00000000E+00  0.00000000E+00  0.00000000E+00  1.33026174E-02  0.00000000E+00  0.00000000E+00 -4.80008997E-02
    2.110000      1   0.00000000E+00  0.00000000E+00  2.89677418E-03  0.00000000E+00  0.00000000E+00  0.00000000E+00  0.00000000E+00  0.00000000E+00  1.32547435E-02  0.00000000E+00  0.00000000E+00 -4.78738537E-02
    2.111000      1   0.00000000E+00  0.00000000E+00  2.87133140E-03  0.00000000E+00  0.00000000E+00  0.00000000E+00  0.00000000E+00  0.00000000E+00  1.32069920E-02  0.00000000E+00  0.00000000E+00 -4.77515325E-02
    2.112000      1   0.00000000E+00  0.00000000E+00  2.98853218E-03  0.00000000E+00  0.00000000E+00  0.00000000E+00  0.00000000E+00  0.00000000E+00  1.31593419E-02  0.00000000E+00  0.00000000E+00 -4.76500596E-02
    2.113000      1   0.00000000E+00  0.00000000E+00  2.97358237E-03  0.00000000E+00  0.00000000E+00  0.00000000E+00  0.00000000E+00  0.00000000E+00  1.31118057E-02  0.00000000E+00  0.00000000E+00 -4.75362168E-02
    2.114000      1   0.00000000E+00  0.00000000E+00  2.89774699E-03  0.00000000E+00  0.00000000E+00  0.00000000E+00  0.00000000E+00  0.00000000E+00  1.30644192E-02  0.00000000E+00  0.00000000E+00 -4.73865272E-02
    2.115000      1   0.00000000E+00  0.00000000E+00  3.03031091E-03  0.00000000E+00  0.00000000E+00  0.00000000E+00  0.00000000E+00  0.00000000E+00  1.30171640E-02  0.00000000E+00  0.00000000E+00 -4.72551580E-02
    2.116000      1   0.00000000E+00  0.00000000E+00  2.95769878E-03  0.00000000E+00  0.00000000E+00  0.00000000E+00  0.00000000E+00  0.00000000E+00  1.29700388E-02  0.00000000E+00  0.00000000E+00 -4.71252519E-02
    2.117000      1   0.00000000E+00  0.00000000E+00  2.92007355E-03  0.00000000E+00  0.00000000E+00  0.00000000E+00  0.00000000E+00  0.00000000E+00  1.29230741E-02  0.00000000E+00  0.00000000E+00 -4.69646504E-02
    2.118000      1   0.00000000E+00  0.00000000E+00  3.02044244E-03  0.00000000E+00  0.00000000E+00  0.00000000E+00  0.00000000E+00  0.00000000E+00  1.28762396E-02  0.00000000E+00  0.00000000E+00 -4.68345494E-02
    2.119000      1   0.00000000E+00  0.00000000E+00  2.96238608E-03  0.00000000E+00  0.00000000E+00  0.00000000E+00  0.00000000E+00  0.00000000E+00  1.28295405E-02  0.00000000E+00  0.00000000E+00 -4.66990560E-02
    2.120000      1   0.00000000E+00  0.00000000E+00  2.99464049E-03  0.00000000E+00  0.00000000E+00  0.00000000E+00  0.00000000E+00  0.00000000E+00  1.27829997E-02  0.00000000E+00  0.00000000E+00 -4.65408665E-02
    2.121000      1   0.00000000E+00  0.00000000E+00  2.94770104E-03  0.00000000E+00  0.00000000E+00  0.00000000E+00  0.00000000E+00  0.00000000E+00  1.27366036E-02  0.00000000E+00  0.00000000E+00 -4.63960398E-02
    2.122000      1   0.00000000E+00  0.00000000E+00  2.92466533E-03  0.00000000E+00  0.00000000E+00  0.00000000E+00  0.00000000E+00  0.00000000E+00  1.26903547E-02  0.00000000E+00  0.00000000E+00 -4.62489210E-02
    2.123000      1   0.00000000E+00  0.00000000E+00  2.87167063E-03  0.00000000E+00  0.00000000E+00  0.00000000E+00  0.00000000E+00  0.00000000E+00  1.26442334E-02  0.00000000E+00  0.00000000E+00 -4.61212915E-02
    2.124000      1   0.00000000E+00  0.00000000E+00  2.85007907E-03  0.00000000E+00  0.00000000E+00  0.00000000E+00  0.00000000E+00  0.00000000E+00  1.25982228E-02  0.00000000E+00  0.00000000E+00 -4.60105987E-02
    2.125000      1   0.00000000E+00  0.00000000E+00  2.99700586E-03  0.00000000E+00  0.00000000E+00  0.00000000E+00  0.00000000E+00  0.00000000E+00  1.25523017E-02  0.00000000E+00  0.00000000E+00 -4.59211284E-02
    2.126000      1   0.00000000E+00  0.00000000E+00  2.99011271E-03  0.00000000E+00  0.00000000E+00  0.00000000E+00  0.00000000E+00  0.00000000E+00  1.25064889E-02  0.00000000E+00  0.00000000E+00 -4.58127667E-02
    2.127000      1   0.00000000E+00  0.00000000E+00  2.99052021E-03  0.00000000E+00  0.00000000E+00  0.00000000E+00  0.00000000E+00  0.00000000E+00  1.24608315E-02  0.00000000E+00  0.00000000E+00 -4.56573710E-02
    2.128000      1   0.00000000E+00  0.00000000E+00  2.91623896E-03  0.00000000E+00  0.00000000E+00  0.00000000E+00  0.00000000E+00  0.00000000E+00  1.24153274E-02  0.00000000E+00  0.00000000E+00 -4.55041671E-02
    2.129000      1   0.00000000E+00  0.00000000E+00  2.85064525E-03  0.00000000E+00  0.00000000E+00  0.00000000E+00  0.00000000E+00  0.00000000E+00  1.23699634E-02  0.00000000E+00  0.00000000E+00 -4.53639652E-02
    2.130000      1   0.00000000E+00  0.00000000E+00  2.90497959E-03  0.00000000E+00  0.00000000E+00  0.00000000E+00  0.00000000E+00  0.00000000E+00  1.23247037E-02  0.00000000E+00  0.00000000E+00 -4.52597579E-02
    2.131000      1   0.00000000E+00  0.00000000E+00  3.06876691E-03  0.00000000E+00  0.00000000E+00  0.00000000E+00  0.00000000E+00  0.00000000E+00  1.22795362E-02  0.00000000E+00  0.00000000E+00 -4.51674841E-02
    2.132000      1   0.00000000E+00  0.00000000E+00  2.97477359E-03  0.00000000E+00  0.00000000E+00  0.00000000E+00  0.00000000E+00  0.00000000E+00  1.22345078E-02  0.00000000E+00  0.00000000E+00 -4.50284021E-02
    2.133000      1   0.00000000E+00  0.00000000E+00  3.05002084E-03  0.00000000E+00  0.00000000E+00  0.00000000E+00  0.00000000E+00  0.00000000E+00  1.21896556E-02  0.00000000E+00  0.00000000E+00 -4.48521516E-02
    2.134000      1   0.00000000E+00  0.00000000E+00  3.00140637E-03  0.00000000E+00  0.00000000E+00  0.00000000E+00  0.00000000E+00  0.00000000E+00  1.21449622E-02  0.00000000E+00  0.00000000E+00 -4.46934632E-02
    2.135000      1   0.00000000E+00  0.00000000E+00  2.95878351E-03  0.00000000E+00  0.00000000E+00  0.00000000E+00  0.00000000E+00  0.00000000E+00  1.21004435E-02  0.00000000E+00  0.00000000E+00 -4.45186595E-02
    2.136000      1   0.00000000E+00  0.00000000E+00  3.09962701E-03  0.00000000E+00  0.00000000E+00  0.00000000E+00  0.00000000E+00  0.00000000E+00  1.20560761E-02  0.00000000E+00  0.00000000E+00 -4.43673589E-02
    2.137000      1   0.00000000E+00  0.00000000E+00  3.06284233E-03  0.00000000E+00  0.00000000E+00  0.00000000E+00  0.00000000E+00  0.00000000E+00  1.20118710E-02  0.00000000E+00  0.00000000E+00 -4.42051496E-02
    2.138000      1   0.00000000E+00  0.00000000E+00  2.95602340E-03  0.00000000E+00  0.00000000E+00  0.00000000E+00  0.00000000E+00  0.00000000E+00  1.19678678E-02  0.00000000E+00  0.00000000E+00 -4.40031902E-02
    2.139000      1   0.00000000E+00  0.00000000E+00  3.08466205E-03  0.00000000E+00  0.00000000E+00  0.00000000E+00  0.00000000E+00  0.00000000E+00  1.19240356E-02  0.00000000E+00  0.00000000E+00 -4.38322012E-02
    2.140000      1   0.00000000E+00  0.00000000E+00  3.06906567E-03  0.00000000E+00  0.00000000E+00  0.00000000E+00  0.00000000E+00  0.00000000E+00  1.18803621E-02  0.00000000E+00  0.00000000E+00 -4.36735448E-02
    2.141000      1   0.00000000E+00  0.00000000E+00  3.04552017E-03  0.00000000E+00  0.00000000E+00  0.00000000E+00  0.00000000E+00  0.00000000E+00  1.18368867E-02  0.00000000E+00  0.00000000E+00 -4.34753996E-02
    2.142000      1   0.00000000E+00  0.00000000E+00  3.03436295E-03  0.00000000E+00  0.00000000E+00  0.00000000E+00  0.00000000E+00  0.00000000E+00  1.17936001E-02  0.00000000E+00  0.00000000E+00 -4.32865402E-02
    2.143000      1   0.00000000E+00  0.00000000E+00  2.98931451E-03  0.00000000E+00  0.00000000E+00  0.00000000E+00  0.00000000E+00  0.00000000E+00  1.17504927E-02  0.00000000E+00  0.00000000E+00 -4.31073866E-02
    2.144000      1   0.00000000E+00  0.00000000E+00  2.95537410E-03  0.00000000E+00  0.00000000E+00  0.00000000E+00  0.00000000E+00  0.00000000E+00  1.17075529E-02  0.00000000E+00  0.00000000E+00 -4.29398635E-02
    2.145000      1   0.00000000E+00  0.00000000E+00  3.02087393E-03  0.00000000E+00  0.00000000E+00  0.00000000E+00  0.00000000E+00  0.00000000E+00  1.16647597E-02  0.00000000E+00  0.00000000E+00 -4.27931369E-02
    2.146000      1   0.00000000E+00  0.00000000E+00  3.04043040E-03  0.00000000E+00  0.00000000E+00  0.00000000E+00  0.00000000E+00  0.00000000E+00  1.16221138E-02  0.00000000E+00  0.00000000E+00 -4.26459739E-02
    2.147000      1   0.00000000E+00  0.00000000E+00  3.01522475E-03  0.00000000E+00  0.00000000E+00  0.00000000E+00  0.00000000E+00  0.00000000E+00  1.15796399E-02  0.00000000E+00  0.00000000E+00 -4.24738415E-02
    2.148000      1   0.00000000E+00  0.00000000E+00  2.95397157E-03  0.00000000E+00  0.00000000E+00  0.00000000E+00  0.00000000E+00  0.00000000E+00  1.15373402E-02  0.00000000E+00  0.00000000E+00 -4.22997438E-02
    2.149000      1   0.00000000E+00  0.00000000E+00  2.91159350E-03  0.00000000E+00  0.00000000E+00  0.00000000E+00  0.00000000E+00  0.00000000E+00  1.14951954E-02  0.00000000E+00  0.00000000E+00 -4.21447560E-02
    2.150000      1   0.00000000E+00  0.00000000E+00  2.99698795E-03  0.00000000E+00  0.00000000E+00  0.00000000E+00  0.00000000E+00  0.00000000E+00  1.14531780E-02  0.00000000E+00  0.00000000E+00 -4.20173787E-02
    2.151000      1   0.00000000E+00  0.00000000E+00  3.11364620E-03  0.00000000E+00  0.00000000E+00  0.00000000E+00  0.00000000E+00  0.00000000E+00  1.14112892E-02  0.00000000E+00  0.00000000E+00 -4.18888179E-02
    2.152000      1   0.00000000E+00  0.00000000E+00  3.01771008E-03  0.00000000E+00  0.00000000E+00  0.00000000E+00  0.00000000E+00  0.00000000E+00  1.13695776E-02  0.00000000E+00  0.00000000E+00 -4.17115826E-02
    2.153000      1   0.00000000E+00  0.00000000E+00  3.06056891E-03  0.00000000E+00  0.00000000E+00  0.00000000E+00  0.00000000E+00  0.00000000E+00  1.13280646E-02  0.00000000E+00  0.00000000E+00 -4.15130002E-02
    2.154000      1   0.00000000E+00  0.00000000E+00  3.00028691E-03  0.00000000E+00  0.00000000E+00  0.00000000E+00  0.00000000E+00  0.00000000E+00  1.12867263E-02  0.00000000E+00  0.00000000E+00 -4.13383456E-02
    2.155000      1   0.00000000E+00  0.00000000E+00  2.95625159E-03  0.00000000E+00  0.00000000E+00  0.00000000E+00  0.00000000E+00  0.00000000E+00  1.12455660E-02  0.00000000E+00  0.00000000E+00 -4.11602757E-02
    2.156000      1   0.00000000E+00  0.00000000E+00  3.05718479E-03  0.00000000E+00  0.00000000E+00  0.00000000E+00  0.00000000E+00  0.00000000E+00  1.12045562E-02  0.00000000E+00  0.00000000E+00 -4.10097904E-02
    2.157000      1   0.00000000E+00  0.00000000E+00  3.16308215E-03  0.00000000E+00  0.00000000E+00  0.00000000E+00  0.00000000E+00  0.00000000E+00  1.11637003E-02  0.00000000E+00  0.00000000E+00 -4.08559182E-02
    2.158000      1   0.00000000E+00  0.00000000E+00  3.05669732E-03  0.00000000E+00  0.00000000E+00  0.00000000E+00  0.00000000E+00  0.00000000E+00  1.11230501E-02  0.00000000E+00  0.00000000E+00 -4.06501711E-02
    2.159000      1   0.00000000E+00  0.00000000E+00  3.06149971E-03  0.00000000E+00  0.00000000E+00  0.00000000E+00  0.00000000E+00  0.00000000E+00  1.10826217E-02  0.00000000E+00  0.00000000E+00 -4.04284588E-02
    2.160000      1   0.00000000E+00  0.00000000E+00  3.03988855E-03  0.00000000E+00  0.00000000E+00  0.00000000E+00  0.00000000E+00  0.00000000E+00  1.10423808E-02  0.00000000E+00  0.00000000E+00 -4.02408356E-02
    2.161000      1   0.00000000E+00  0.00000000E+00  2.99578889E-03  0.00000000E+00  0.00000000E+00  0.00000000E+00  0.00000000E+00  0.00000000E+00  1.10023254E-02  0.00000000E+00  0.00000000E+00 -4.00554569E-02
    2.162000      1   0.00000000E+00  0.00000000E+00  3.14105172E-03  0.00000000E+00  0.00000000E+00  0.00000000E+00  0.00000000E+00  0.00000000E+00  1.09624404E-02  0.00000000E+00  0.00000000E+00 -3.98849741E-02
    2.163000      1   0.00000000E+00  0.00000000E+00  3.15984216E-03  0.00000000E+00  0.00000000E+00  0.00000000E+00  0.00000000E+00  0.00000000E+00  1.09227371E-02  0.00000000E+00  0.00000000E+00 -3.97032863E-02
    2.164000      1   0.00000000E+00  0.00000000E+00  3.10439445E-03  0.00000000E+00  0.00000000E+00  0.00000000E+00  0.00000000E+00  0.00000000E+00  1.08832666E-02  0.00000000E+00  0.00000000E+00 -3.94705690E-02
    2.165000      1   0.00000000E+00  0.00000000E+00  3.01421930E-03  0.00000000E+00  0.00000000E+00  0.00000000E+00  0.00000000E+00  0.00000000E+00  1.08440251E-02  0.00000000E+00  0.00000000E+00 -3.92414860E-02
    2.166000      1   0.00000000E+00  0.00000000E+00  3.15886036E-03  0.00000000E+00  0.00000000E+00  0.00000000E+00  0.00000000E+00  0.00000000E+00  1.08049785E-02  0.00000000E+00  0.00000000E+00 -3.90465594E-02
    2.167000      1   0.00000000E+00  0.00000000E+00  3.14136476E-03  0.00000000E+00  0.00000000E+00  0.00000000E+00  0.00000000E+00  0.00000000E+00  1.07661228E-02  0.00000000E+00  0.00000000E+00 -3.88556694E-02
    2.168000      1   0.00000000E+00  0.00000000E+00  3.12310074E-03  0.00000000E+00  0.00000000E+00  0.00000000E+00  0.00000000E+00  0.00000000E+00  1.07275025E-02  0.00000000E+00  0.00000000E+00 -3.86203711E-02
    2.169000      1   0.00000000E+00  0.00000000E+00  3.15070323E-03  0.00000000E+00  0.00000000E+00  0.00000000E+00  0.00000000E+00  0.00000000E+00  1.06891084E-02  0.00000000E+00  0.00000000E+00 -3.83940484E-02
    2.170000      1   0.00000000E+00  0.00000000E+00  3.11348396E-03  0.00000000E+00  0.00000000E+00  0.00000000E+00  0.00000000E+00  0.00000000E+00  1.06509396E-02  0.00000000E+00  0.00000000E+00 -3.81688426E-02
    2.171000      1   0.00000000E+00  0.00000000E+00  3.04652208E-03  0.00000000E+00  0.00000000E+00  0.00000000E+00  0.00000000E+00  0.00000000E+00  1.06129984E-02  0.00000000E+00  0.00000000E+00 -3.79411536E-02
    2.172000      1   0.00000000E+00  0.00000000E+00  3.08558875E-03  0.00000000E+00  0.00000000E+00  0.00000000E+00  0.00000000E+00  0.00000000E+00  1.05752609E-02  0.00000000E+00  0.00000000E+00 -3.77375295E-02
    2.173000      1   0.00000000E+00  0.00000000E+00  3.18257845E-03  0.00000000E+00  0.00000000E+00  0.00000000E+00  0.00000000E+00  0.00000000E+00  1.05377119E-02  0.00000000E+00  0.00000000E+00 -3.75489881E-02
    2.174000      1   0.00000000E+00  0.00000000E+00  3.10492108E-03  0.00000000E+00  0.00000000E+00  0.00000000E+00  0.00000000E+00  0.00000000E+00  1.05003814E-02  0.00000000E+00  0.00000000E+00 -3.73304650E-02
    2.175000      1   0.00000000E+00  0.00000000E+00  3.05916683E-03  0.00000000E+00  0.00000000E+00  0.00000000E+00  0.00000000E+00  0.00000000E+00  1.04632876E-02  0.00000000E+00  0.00000000E+00 -3.70938220E-02
    2.176000      1   0.00000000E+00  0.00000000E+00  3.03236413E-03  0.00000000E+00  0.00000000E+00  0.00000000E+00  0.00000000E+00  0.00000000E+00  1.04263968E-02  0.00000000E+00  0.00000000E+00 -3.68907739E-02
    2.177000      1   0.00000000E+00  0.00000000E+00  2.99980051E-03  0.00000000E+00  0.00000000E+00  0.00000000E+00  0.00000000E+00  0.00000000E+00  1.03896893E-02  0.00000000E+00  0.00000000E+00 -3.67074920E-02
    2.178000      1   0.00000000E+00  0.00000000E+00  3.02594355E-03  0.00000000E+00  0.00000000E+00  0.00000000E+00  0.00000000E+00  0.00000000E+00  1.03531506E-02  0.00000000E+00  0.00000000E+00 -3.65387710E-02
    2.179000      1   0.00000000E+00  0.00000000E+00  3.20843234E-03  0.00000000E+00  0.00000000E+00  0.00000000E+00  0.00000000E+00  0.00000000E+00  1.03167745E-02  0.00000000E+00  0.00000000E+00 -3.63761212E-02
    2.180000      1   0.00000000E+00  0.00000000E+00  3.17108039E-03  0.00000000E+00  0.00000000E+00  0.00000000E+00  0.00000000E+00  0.00000000E+00  1.02806018E-02  0.00000000E+00  0.00000000E+00 -3.61726146E-02
    2.181000      1   0.00000000E+00  0.00000000E+00  3.16526435E-03  0.00000000E+00  0.00000000E+00  0.00000000E+00  0.00000000E+00  0.00000000E+00  1.02446861E-02  0.00000000E+00  0.00000000E+00 -3.59157812E-02
    2.182000      1   0.00000000E+00  0.00000000E+00  3.10073743E-03  0.00000000E+00  0.00000000E+00  0.00000000E+00  0.00000000E+00  0.00000000E+00  1.02090138E-02  0.00000000E+00  0.00000000E+00 -3.56722433E-02
    2.183000      1   0.00000000E+00  0.00000000E+00  3.04806506E-03  0.00000000E+00  0.00000000E+00  0.00000000E+00  0.00000000E+00  0.00000000E+00  1.01735718E-02  0.00000000E+00  0.00000000E+00 -3.54420262E-02
    2.184000      1   0.00000000E+00  0.00000000E+00  3.02124601E-03  0.00000000E+00  0.00000000E+00  0.00000000E+00  0.00000000E+00  0.00000000E+00  1.01383295E-02  0.00000000E+00  0.00000000E+00 -3.52423154E-02
    2.185000      1   0.00000000E+00  0.00000000E+00  3.09145608E-03  0.00000000E+00  0.00000000E+00  0.00000000E+00  0.00000000E+00  0.00000000E+00  1.01032648E-02  0.00000000E+00  0.00000000E+00 -3.50646455E-02
    2.186000      1   0.00000000E+00  0.00000000E+00  3.33338659E-03  0.00000000E+00  0.00000000E+00  0.00000000E+00  0.00000000E+00  0.00000000E+00  1.00683815E-02  0.00000000E+00  0.00000000E+00 -3.48833676E-02
    2.187000      1   0.00000000E+00  0.00000000E+00  3.25170959E-03  0.00000000E+00  0.00000000E+00  0.00000000E+00  0.00000000E+00  0.00000000E+00  1.00337452E-02  0.00000000E+00  0.00000000E+00 -3.46362489E-02
    2.188000      1   0.00000000E+00  0.00000000E+00  3.08602774E-03  0.00000000E+00  0.00000000E+00  0.00000000E+00  0.00000000E+00  0.00000000E+00  9.99942109E-03  0.00000000E+00  0.00000000E+00 -3.43241203E-02
    2.189000      1   0.00000000E+00  0.00000000E+00  3.22966794E-03  0.00000000E+00  0.00000000E+00  0.00000000E+00  0.00000000E+00  0.00000000E+00  9.96535298E-03  0.00000000E+00  0.00000000E+00 -3.40681146E-02
    2.190000      1   0.00000000E+00  0.00000000E+00  3.22710630E-03  0.00000000E+00  0.00000000E+00  0.00000000E+00  0.00000000E+00  0.00000000E+00  9.93151186E-03  0.00000000E+00  0.00000000E+00 -3.38411202E-02
    2.191000      1   0.00000000E+00  0.00000000E+00  3.17085580E-03  0.00000000E+00  0.00000000E+00  0.00000000E+00  0.00000000E+00  0.00000000E+00  9.89794445E-03  0.00000000E+00  0.00000000E+00 -3.35674052E-02
    2.192000      1   0.00000000E+00  0.00000000E+00  3.27913302E-03  0.00000000E+00  0.00000000E+00  0.00000000E+00  0.00000000E+00  0.00000000E+00  9.86463998E-03  0.00000000E+00  0.00000000E+00 -3.33044787E-02
    2.193000      1   0.00000000E+00  0.00000000E+00  3.32233298E-03  0.00000000E+00  0.00000000E+00  0.00000000E+00  0.00000000E+00  0.00000000E+00  9.83159910E-03  0.00000000E+00  0.00000000E+00 -3.30408781E-02
    2.194000      1   0.00000000E+00  0.00000000E+00  3.22001747E-03  0.00000000E+00  0.00000000E+00  0.00000000E+00  0.00000000E+00  0.00000000E+00  9.79886502E-03  0.00000000E+00  0.00000000E+00 -3.27340782E-02
    2.195000      1   0.00000000E+00  0.00000000E+00  3.12478189E-03  0.00000000E+00  0.00000000E+00  0.00000000E+00  0.00000000E+00  0.00000000E+00  9.76643384E-03  0.00000000E+00  0.00000000E+00 -3.24311842E-02
    2.196000      1   0.00000000E+00  0.00000000E+00  3.09927253E-03  0.00000000E+00  0.00000000E+00  0.00000000E+00  0.00000000E+00  0.00000000E+00  9.73425510E-03  0.00000000E+00  0.00000000E+00 -3.21787334E-02
    2.197000      1   0.00000000E+00  0.00000000E+00  3.32173105E-03  0.00000000E+00  0.00000000E+00  0.00000000E+00  0.00000000E+00  0.00000000E+00  9.70229303E-03  0.00000000E+00  0.00000000E+00 -3.19620705E-02
    2.198000      1   0.00000000E+00  0.00000000E+00  3.33293383E-03  0.00000000E+00  0.00000000E+00  0.00000000E+00  0.00000000E+00  0.00000000E+00  9.67057859E-03  0.00000000E+00  0.00000000E+00 -3.17144460E-02
    2.199000      1   0.00000000E+00  0.00000000E+00  3.21832421E-03  0.00000000E+00  0.00000000E+00  0.00000000E+00  0.00000000E+00  0.00000000E+00  9.63918680E-03  0.00000000E+00  0.00000000E+00 -3.13917816E-02
    2.200000      1   0.00000000E+00  0.00000000E+00  3.20786141E-03  0.00000000E+00  0.00000000E+00  0.00000000E+00  0.00000000E+00  0.00000000E+00  9.60810110E-03  0.00000000E+00  0.00000000E+00 -3.10857055E-02
    2.201000      1   0.00000000E+00  0.00000000E+00  3.22138159E-03  0.00000000E+00  0.00000000E+00  0.00000000E+00  0.00000000E+00  0.00000000E+00  9.57728198E-03  0.00000000E+00  0.00000000E+00 -3.08191192E-02
    2.202000      1   0.00000000E+00  0.00000000E+00  3.19705505E-03  0.00000000E+00  0.00000000E+00  0.00000000E+00  0.00000000E+00  0.00000000E+00  9.54672840E-03  0.00000000E+00  0.00000000E+00 -3.05535781E-02
    2.203000      1   0.00000000E+00  0.00000000E+00  3.14758271E-03  0.00000000E+00  0.00000000E+00  0.00000000E+00  0.00000000E+00  0.00000000E+00  9.51644050E-03  0.00000000E+00  0.00000000E+00 -3.02878987E-02
    2.204000      1   0.00000000E+00  0.00000000E+00  3.11803920E-03  0.00000000E+00  0.00000000E+00  0.00000000E+00  0.00000000E+00  0.00000000E+00  9.48640155E-03  0.00000000E+00  0.00000000E+00 -3.00389570E-02
    2.205000      1   0.00000000E+00  0.00000000E+00  3.22889427E-03  0.00000000E+00  0.00000000E+00  0.00000000E+00  0.00000000E+00  0.00000000E+00  9.45659006E-03  0.00000000E+00  0.00000000E+00 -2.98114873E-02
    2.206000      1   0.00000000E+00  0.00000000E+00  3.28918970E-03  0.00000000E+00  0.00000000E+00  0.00000000E+00  0.00000000E+00  0.00000000E+00  9.42701594E-03  0.00000000E+00  0.00000000E+00 -2.95741167E-02
    2.207000      1   0.00000000E+00  0.00000000E+00  3.20083712E-03  0.00000000E+00  0.00000000E+00  0.00000000E+00  0.00000000E+00  0.00000000E+00  9.39772626E-03  0.00000000E+00  0.00000000E+00 -2.92896769E-02
    2.208000      1   0.00000000E+00  0.00000000E+00  3.10302913E-03  0.00000000E+00  0.00000000E+00  0.00000000E+00  0.00000000E+00  0.00000000E+00  9.36872520E-03  0.00000000E+00  0.00000000E+00 -2.90010595E-02
    2.209000      1   0.00000000E+00  0.00000000E+00  3.16264787E-03  0.00000000E+00  0.00000000E+00  0.00000000E+00  0.00000000E+00  0.00000000E+00  9.33996645E-03  0.00000000E+00  0.00000000E+00 -2.87587546E-02
    2.210000      1   0.00000000E+00  0.00000000E+00  3.15913890E-03  0.00000000E+00  0.00000000E+00  0.00000000E+00  0.00000000E+00  0.00000000E+00  9.31142842E-03  0.00000000E+00  0.00000000E+00 -2.85380284E-02
    2.211000      1   0.00000000E+00  0.00000000E+00  3.12886691E-03  0.00000000E+00  0.00000000E+00  0.00000000E+00  0.00000000E+00  0.00000000E+00  9.28313008E-03  0.00000000E+00  0.00000000E+00 -2.82983430E-02
    2.212000      1   0.00000000E+00  0.00000000E+00  3.11252011E-03  0.00000000E+00  0.00000000E+00  0.00000000E+00  0.00000000E+00  0.00000000E+00  9.25506492E-03  0.00000000E+00  0.00000000E+00 -2.80651633E-02
    2.213000      1   0.00000000E+00  0.00000000E+00  3.18499083E-03  0.00000000E+00  0.00000000E+00  0.00000000E+00  0.00000000E+00  0.00000000E+00  9.22722010E-03  0.00000000E+00  0.00000000E+00 -2.78448161E-02
    2.214000      1   0.00000000E+00  0.00000000E+00  3.33912516E-03  0.00000000E+00  0.00000000E+00  0.00000000E+00  0.00000000E+00  0.00000000E+00  9.19960308E-03  0.00000000E+00  0.00000000E+00 -2.76170219E-02
    2.215000      1   0.00000000E+00  0.00000000E+00  3.26982793E-03  0.00000000E+00  0.00000000E+00  0.00000000E+00  0.00000000E+00  0.00000000E+00  9.17226491E-03  0.00000000E+00  0.00000000E+00 -2.73381702E-02
    2.216000      1   0.00000000E+00  0.00000000E+00  3.18202938E-03  0.00000000E+00  0.00000000E+00  0.00000000E+00  0.00000000E+00  0.00000000E+00  9.14524395E-03  0.00000000E+00  0.00000000E+00 -2.70209529E-02
    2.217000      1   0.00000000E+00  0.00000000E+00  3.25402158E-03  0.00000000E+00  0.00000000E+00  0.00000000E+00  0.00000000E+00  0.00000000E+00  9.11850193E-03  0.00000000E+00  0.00000000E+00 -2.67420201E-02
    2.218000      1   0.00000000E+00  0.00000000E+00  3.22879310E-03  0.00000000E+00  0.00000000E+00  0.00000000E+00  0.00000000E+00  0.00000000E+00  9.09202274E-03  0.00000000E+00  0.00000000E+00 -2.64791906E-02
    2.219000      1   0.00000000E+00  0.00000000E+00  3.17315540E-03  0.00000000E+00  0.00000000E+00  0.00000000E+00  0.00000000E+00  0.00000000E+00  9.06582556E-03  0.00000000E+00  0.00000000E+00 -2.61971792E-02
    2.220000      1   0.00000000E+00  0.00000000E+00  3.13250933E-03  0.00000000E+00  0.00000000E+00  0.00000000E+00  0.00000000E+00  0.00000000E+00  9.03989227E-03  0.00000000E+00  0.00000000E+00 -2.59332921E-02
    2.221000      1   0.00000000E+00  0.00000000E+00  3.14385163E-03  0.00000000E+00  0.00000000E+00  0.00000000E+00  0.00000000E+00  0.00000000E+00  9.01419741E-03  0.00000000E+00  0.00000000E+00 -2.56948650E-02
    2.222000      1   0.00000000E+00  0.00000000E+00  3.26635246E-03  0.00000000E+00  0.00000000E+00  0.00000000E+00  0.00000000E+00  0.00000000E+00  8.98872963E-03  0.00000000E+00  0.00000000E+00 -2.54677810E-02
    2.223000      1   0.00000000E+00  0.00000000E+00  3.32698476E-03  0.00000000E+00  0.00000000E+00  0.00000000E+00  0.00000000E+00  0.00000000E+00  8.96351432E-03  0.00000000E+00  0.00000000E+00 -2.52153091E-02
    2.224000      1   0.00000000E+00  0.00000000E+00  3.33593331E-03  0.00000000E+00  0.00000000E+00  0.00000000E+00  0.00000000E+00  0.00000000E+00  8.93860243E-03  0.00000000E+00  0.00000000E+00 -2.49118839E-02
    2.225000      1   0.00000000E+00  0.00000000E+00  3.23007540E-03  0.00000000E+00  0.00000000E+00  0.00000000E+00  0.00000000E+00  0.00000000E+00  8.91401547E-03  0.00000000E+00  0.00000000E+00 -2.45869637E-02
    2.226000      1   0.00000000E+00  0.00000000E+00  3.14517449E-03  0.00000000E+00  0.00000000E+00  0.00000000E+00  0.00000000E+00  0.00000000E+00  8.88973765E-03  0.00000000E+00  0.00000000E+00 -2.42778245E-02
    2.227000      1   0.00000000E+00  0.00000000E+00  3.23472644E-03  0.00000000E+00  0.00000000E+00  0.00000000E+00  0.00000000E+00  0.00000000E+00  8.86571918E-03  0.00000000E+00  0.00000000E+00 -2.40184644E-02
    2.228000      1   0.00000000E+00  0.00000000E+00  3.25754599E-03  0.00000000E+00  0.00000000E+00  0.00000000E+00  0.00000000E+00  0.00000000E+00  8.84194803E-03  0.00000000E+00  0.00000000E+00 -2.37711507E-02
    2.229000      1   0.00000000E+00  0.00000000E+00  3.20486472E-03  0.00000000E+00  0.00000000E+00  0.00000000E+00  0.00000000E+00  0.00000000E+00  8.81845764E-03  0.00000000E+00  0.00000000E+00 -2.34903915E-02
    2.230000      1   0.00000000E+00  0.00000000E+00  3.14953585E-03  0.00000000E+00  0.00000000E+00  0.00000000E+00  0.00000000E+00  0.00000000E+00  8.79524618E-03  0.00000000E+00  0.00000000E+00 -2.32114540E-02
    2.231000      1   0.00000000E+00  0.00000000E+00  3.12958739E-03  0.00000000E+00  0.00000000E+00  0.00000000E+00  0.00000000E+00  0.00000000E+00  8.77228658E-03  0.00000000E+00  0.00000000E+00 -2.29596022E-02
    2.232000      1   0.00000000E+00  0.00000000E+00  3.26341389E-03  0.00000000E+00  0.00000000E+00  0.00000000E+00  0.00000000E+00  0.00000000E+00  8.74955713E-03  0.00000000E+00  0.00000000E+00 -2.27294489E-02
    2.233000      1   0.00000000E+00  0.00000000E+00  3.29706484E-03  0.00000000E+00  0.00000000E+00  0.00000000E+00  0.00000000E+00  0.00000000E+00  8.72707495E-03  0.00000000E+00  0.00000000E+00 -2.24821812E-02
    2.234000      1   0.00000000E+00  0.00000000E+00  3.21992520E-03  0.00000000E+00  0.00000000E+00  0.00000000E+00  0.00000000E+00  0.00000000E+00  8.70488994E-03  0.00000000E+00  0.00000000E+00 -2.21850121E-02
    2.235000      1   0.00000000E+00  0.00000000E+00  3.12064795E-03  0.00000000E+00  0.00000000E+00  0.00000000E+00  0.00000000E+00  0.00000000E+00  8.68299951E-03  0.00000000E+00  0.00000000E+00 -2.18904328E-02
    2.236000      1   0.00000000E+00  0.00000000E+00  3.10943011E-03  0.00000000E+00  0.00000000E+00  0.00000000E+00  0.00000000E+00  0.00000000E+00  8.66136076E-03  0.00000000E+00  0.00000000E+00 -2.16387434E-02
    2.237000      1   0.00000000E+00  0.00000000E+00  3.10528364E-03  0.00000000E+00  0.00000000E+00  0.00000000E+00  0.00000000E+00  0.00000000E+00  8.63993912E-03  0.00000000E+00  0.00000000E+00 -2.14216419E-02
    2.238000      1   0.00000000E+00  0.00000000E+00  3.11692638E-03  0.00000000E+00  0.00000000E+00  0.00000000E+00  0.00000000E+00  0.00000000E+00  8.61873016E-03  0.00000000E+00  0.00000000E+00 -2.12089578E-02
    2.239000      1   0.00000000E+00  0.00000000E+00  3.24413155E-03  0.00000000E+00  0.00000000E+00  0.00000000E+00  0.00000000E+00  0.00000000E+00  8.59773459E-03  0.00000000E+00  0.00000000E+00 -2.09955765E-02
    2.240000      1   0.00000000E+00  0.00000000E+00  3.29803976E-03  0.00000000E+00  0.00000000E+00  0.00000000E+00  0.00000000E+00  0.00000000E+00  8.57697871E-03  0.00000000E+00  0.00000000E+00 -2.07558767E-02
    2.241000      1   0.00000000E+00  0.00000000E+00  3.27687072E-03  0.00000000E+00  0.00000000E+00  0.00000000E+00  0.00000000E+00  0.00000000E+00  8.55651384E-03  0.00000000E+00  0.00000000E+00 -2.04648679E-02
    2.242000      1   0.00000000E+00  0.00000000E+00  3.17537407E-03  0.00000000E+00  0.00000000E+00  0.00000000E+00  0.00000000E+00  0.00000000E+00  8.53635394E-03  0.00000000E+00  0.00000000E+00 -2.01598982E-02
    2.243000      1   0.00000000E+00  0.00000000E+00  3.14438279E-03  0.00000000E+00  0.00000000E+00  0.00000000E+00  0.00000000E+00  0.00000000E+00  8.51647412E-03  0.00000000E+00  0.00000000E+00 -1.98798293E-02
    2.244000      1   0.00000000E+00  0.00000000E+00  3.21673615E-03  0.00000000E+00  0.00000000E+00  0.00000000E+00  0.00000000E+00  0.00000000E+00  8.49683554E-03  0.00000000E+00  0.00000000E+00 -1.96385740E-02
    2.245000      1   0.00000000E+00  0.00000000E+00  3.22643912E-03  0.00000000E+00  0.00000000E+00  0.00000000E+00  0.00000000E+00  0.00000000E+00  8.47744084E-03  0.00000000E+00  0.00000000E+00 -1.93947017E-02
    2.246000      1   0.00000000E+00  0.00000000E+00  3.39818725E-03  0.00000000E+00  0.00000000E+00  0.00000000E+00  0.00000000E+00  0.00000000E+00  8.45831549E-03  0.00000000E+00  0.00000000E+00 -1.91253516E-02
    2.247000      1   0.00000000E+00  0.00000000E+00  3.40229291E-03  0.00000000E+00  0.00000000E+00  0.00000000E+00  0.00000000E+00  0.00000000E+00  8.43949305E-03  0.00000000E+00  0.00000000E+00 -1.88224432E-02
    2.248000      1   0.00000000E+00  0.00000000E+00  3.32490649E-03  0.00000000E+00  0.00000000E+00  0.00000000E+00  0.00000000E+00  0.00000000E+00  8.42103064E-03  0.00000000E+00  0.00000000E+00 -1.84624041E-02
    2.249000      1   0.00000000E+00  0.00000000E+00  3.26112681E-03  0.00000000E+00  0.00000000E+00  0.00000000E+00  0.00000000E+00  0.00000000E+00  8.40291594E-03  0.00000000E+00  0.00000000E+00 -1.81147016E-02
    2.250000      1   0.00000000E+00  0.00000000E+00  3.28599084E-03  0.00000000E+00  0.00000000E+00  0.00000000E+00  0.00000000E+00  0.00000000E+00  8.38511225E-03  0.00000000E+00  0.00000000E+00 -1.78036927E-02
    2.251000      1   0.00000000E+00  0.00000000E+00  3.36575760E-03  0.00000000E+00  0.00000000E+00  0.00000000E+00  0.00000000E+00  0.00000000E+00  8.36760301E-03  0.00000000E+00  0.00000000E+00 -1.75092330E-02
    2.252000      1   0.00000000E+00  0.00000000E+00  3.51030395E-03  0.00000000E+00  0.00000000E+00  0.00000000E+00  0.00000000E+00  0.00000000E+00  8.35041051E-03  0.00000000E+00  0.00000000E+00 -1.71925018E-02
    2.253000      1   0.00000000E+00  0.00000000E+00  3.47285246E-03  0.00000000E+00  0.00000000E+00  0.00000000E+00  0.00000000E+00  0.00000000E+00  8.33358650E-03  0.00000000E+00  0.00000000E+00 -1.68240125E-02
    2.254000      1   0.00000000E+00  0.00000000E+00  3.58301284E-03  0.00000000E+00  0.00000000E+00  0.00000000E+00  0.00000000E+00  0.00000000E+00  8.31717182E-03  0.00000000E+00  0.00000000E+00 -1.64146749E-02
    2.255000      1   0.00000000E+00  0.00000000E+00  3.57216577E-03  0.00000000E+00  0.00000000E+00  0.00000000E+00  0.00000000E+00  0.00000000E+00  8.30117367E-03  0.00000000E+00  0.00000000E+00 -1.59981564E-02
    2.256000      1   0.00000000E+00  0.00000000E+00  3.55357980E-03  0.00000000E+00  0.00000000E+00  0.00000000E+00  0.00000000E+00  0.00000000E+00  8.28562629E-03  0.00000000E+00  0.00000000E+00 -1.55473777E-02
    2.257000      1   0.00000000E+00  0.00000000E+00  3.54389300E-03  0.00000000E+00  0.00000000E+00  0.00000000E+00  0.00000000E+00  0.00000000E+00  8.27052284E-03  0.00000000E+00  0.00000000E+00 -1.51034481E-02
    2.258000      1   0.00000000E+00  0.00000000E+00  3.54873695E-03  0.00000000E+00  0.00000000E+00  0.00000000E+00  0.00000000E+00  0.00000000E+00  8.25585551E-03  0.00000000E+00  0.00000000E+00 -1.46673353E-02
    2.259000      1   0.00000000E+00  0.00000000E+00  3.68313865E-03  0.00000000E+00  0.00000000E+00  0.00000000E+00  0.00000000E+00  0.00000000E+00  8.24162196E-03  0.00000000E+00  0.00000000E+00 -1.42335473E-02
    2.260000      1   0.00000000E+00  0.00000000E+00  3.74655575E-03  0.00000000E+00  0.00000000E+00  0.00000000E+00  0.00000000E+00  0.00000000E+00  8.22784756E-03  0.00000000E+00  0.00000000E+00 -1.37744010E-02
    2.261000      1   0.00000000E+00  0.00000000E+00  3.73660708E-03  0.00000000E+00  0.00000000E+00  0.00000000E+00  0.00000000E+00  0.00000000E+00  8.21458766E-03  0.00000000E+00  0.00000000E+00 -1.32599006E-02
    2.262000      1   0.00000000E+00  0.00000000E+00  3.69980630E-03  0.00000000E+00  0.00000000E+00  0.00000000E+00  0.00000000E+00  0.00000000E+00  8.20186133E-03  0.00000000E+00  0.00000000E+00 -1.27263323E-02
    2.263000      1   0.00000000E+00  0.00000000E+00  3.68547059E-03  0.00000000E+00  0.00000000E+00  0.00000000E+00  0.00000000E+00  0.00000000E+00  8.18965879E-03  0.00000000E+00  0.00000000E+00 -1.22025392E-02
    2.264000      1   0.00000000E+00  0.00000000E+00  3.68387282E-03  0.00000000E+00  0.00000000E+00  0.00000000E+00  0.00000000E+00  0.00000000E+00  8.17796542E-03  0.00000000E+00  0.00000000E+00 -1.16933671E-02
    2.265000      1   0.00000000E+00  0.00000000E+00  3.68483530E-03  0.00000000E+00  0.00000000E+00  0.00000000E+00  0.00000000E+00  0.00000000E+00  8.16677623E-03  0.00000000E+00  0.00000000E+00 -1.11891856E-02
    2.266000      1   0.00000000E+00  0.00000000E+00  3.67658028E-03  0.00000000E+00  0.00000000E+00  0.00000000E+00  0.00000000E+00  0.00000000E+00  8.15609088E-03  0.00000000E+00  0.00000000E+00 -1.06853586E-02
    2.267000      1   0.00000000E+00  0.00000000E+00  3.71557192E-03  0.00000000E+00  0.00000000E+00  0.00000000E+00  0.00000000E+00  0.00000000E+00  8.14590820E-03  0.00000000E+00  0.00000000E+00 -1.01826754E-02
    2.268000      1   0.00000000E+00  0.00000000E+00  3.70533771E-03  0.00000000E+00  0.00000000E+00  0.00000000E+00  0.00000000E+00  0.00000000E+00  8.13623239E-03  0.00000000E+00  0.00000000E+00 -9.67580793E-03
    2.269000      1   0.00000000E+00  0.00000000E+00  3.79944592E-03  0.00000000E+00  0.00000000E+00  0.00000000E+00  0.00000000E+00  0.00000000E+00  8.12707445E-03  0.00000000E+00  0.00000000E+00 -9.15794488E-03
    2.270000      1   0.00000000E+00  0.00000000E+00  3.80549782E-03  0.00000000E+00  0.00000000E+00  0.00000000E+00  0.00000000E+00  0.00000000E+00  8.11844765E-03  0.00000000E+00  0.00000000E+00 -8.62680091E-03
    2.271000      1   0.00000000E+00  0.00000000E+00  3.75149902E-03  0.00000000E+00  0.00000000E+00  0.00000000E+00  0.00000000E+00  0.00000000E+00  8.11038397E-03  0.00000000E+00  0.00000000E+00 -8.06368019E-03
    2.272000      1   0.00000000E+00  0.00000000E+00  3.81059419E-03  0.00000000E+00  0.00000000E+00  0.00000000E+00  0.00000000E+00  0.00000000E+00  8.10287585E-03  0.00000000E+00  0.00000000E+00 -7.50812101E-03
    2.273000      1   0.00000000E+00  0.00000000E+00  3.80635886E-03  0.00000000E+00  0.00000000E+00  0.00000000E+00  0.00000000E+00  0.00000000E+00  8.09591600E-03  0.00000000E+00  0.00000000E+00 -6.95984553E-03
    2.274000      1   0.00000000E+00  0.00000000E+00  3.79736866E-03  0.00000000E+00  0.00000000E+00  0.00000000E+00  0.00000000E+00  0.00000000E+00  8.08952309E-03  0.00000000E+00  0.00000000E+00 -6.39291128E-03
    2.275000      1   0.00000000E+00  0.00000000E+00  3.75255048E-03  0.00000000E+00  0.00000000E+00  0.00000000E+00  0.00000000E+00  0.00000000E+00  8.08369413E-03  0.00000000E+00  0.00000000E+00 -5.82895780E-03
    2.276000      1   0.00000000E+00  0.00000000E+00  3.70463765E-03  0.00000000E+00  0.00000000E+00  0.00000000E+00  0.00000000E+00  0.00000000E+00  8.07841825E-03  0.00000000E+00  0.00000000E+00 -5.27588242E-03
    2.277000      1   0.00000000E+00  0.00000000E+00  3.66637047E-03  0.00000000E+00  0.00000000E+00  0.00000000E+00  0.00000000E+00  0.00000000E+00  8.07367225E-03  0.00000000E+00  0.00000000E+00 -4.74599885E-03
    2.278000      1   0.00000000E+00  0.00000000E+00  3.64056181E-03  0.00000000E+00  0.00000000E+00  0.00000000E+00  0.00000000E+00  0.00000000E+00  8.06943363E-03  0.00000000E+00  0.00000000E+00 -4.23861770E-03
    2.279000      1   0.00000000E+00  0.00000000E+00  3.64629881E-03  0.00000000E+00  0.00000000E+00  0.00000000E+00  0.00000000E+00  0.00000000E+00  8.06568526E-03  0.00000000E+00  0.00000000E+00 -3.74836803E-03
    2.280000      1   0.00000000E+00  0.00000000E+00  3.59396926E-03  0.00000000E+00  0.00000000E+00  0.00000000E+00  0.00000000E+00  0.00000000E+00  8.06241968E-03  0.00000000E+00  0.00000000E+00 -3.26557980E-03
    2.281000      1   0.00000000E+00  0.00000000E+00  3.52196751E-03  0.00000000E+00  0.00000000E+00  0.00000000E+00  0.00000000E+00  0.00000000E+00  8.05962952E-03  0.00000000E+00  0.00000000E+00 -2.79016134E-03
    2.282000      1   0.00000000E+00  0.00000000E+00  3.46346947E-03  0.00000000E+00  0.00000000E+00  0.00000000E+00  0.00000000E+00  0.00000000E+00  8.05728486E-03  0.00000000E+00  0.00000000E+00 -2.34466139E-03
    2.283000      1   0.00000000E+00  0.00000000E+00  3.42121025E-03  0.00000000E+00  0.00000000E+00  0.00000000E+00  0.00000000E+00  0.00000000E+00  8.05535171E-03  0.00000000E+00  0.00000000E+00 -1.93315262E-03
    2.284000      1   0.00000000E+00  0.00000000E+00  3.38543254E-03  0.00000000E+00  0.00000000E+00  0.00000000E+00  0.00000000E+00  0.00000000E+00  8.05380338E-03  0.00000000E+00  0.00000000E+00 -1.54832855E-03
    2.285000      1   0.00000000E+00  0.00000000E+00  3.34637572E-03  0.00000000E+00  0.00000000E+00  0.00000000E+00  0.00000000E+00  0.00000000E+00  8.05261967E-03  0.00000000E+00  0.00000000E+00 -1.18370993E-03
    2.286000      1   0.00000000E+00  0.00000000E+00  3.30144291E-03  0.00000000E+00  0.00000000E+00  0.00000000E+00  0.00000000E+00  0.00000000E+00  8.05178192E-03  0.00000000E+00  0.00000000E+00 -8.37748009E-04
    2.287000      1   0.00000000E+00  0.00000000E+00  3.25483221E-03  0.00000000E+00  0.00000000E+00  0.00000000E+00  0.00000000E+00  0.00000000E+00  8.05126936E-03  0.00000000E+00  0.00000000E+00 -5.12558796E-04
    2.288000      1   0.00000000E+00  0.00000000E+00  3.21125185E-03  0.00000000E+00  0.00000000E+00  0.00000000E+00  0.00000000E+00  0.00000000E+00  8.05105899E-03  0.00000000E+00  0.00000000E+00 -2.10368773E-04
    2.289000      1   0.00000000E+00  0.00000000E+00  3.17162720E-03  0.00000000E+00  0.00000000E+00  0.00000000E+00  0.00000000E+00  0.00000000E+00  8.05112780E-03  0.00000000E+00  0.00000000E+00  6.88069003E-05
    2.290000      1   0.00000000E+00  0.00000000E+00  3.13402400E-03  0.00000000E+00  0.00000000E+00  0.00000000E+00  0.00000000E+00  0.00000000E+00  8.05145446E-03  0.00000000E+00  0.00000000E+00  3.26662956E-04
    2.291000      1   0.00000000E+00  0.00000000E+00  3.09646522E-03  0.00000000E+00  0.00000000E+00  0.00000000E+00  0.00000000E+00  0.00000000E+00  8.05201932E-03  0.00000000E+00  0.00000000E+00  5.64855976E-04
    2.292000      1   0.00000000E+00  0.00000000E+00  3.05883935E-03  0.00000000E+00  0.00000000E+00  0.00000000E+00  0.00000000E+00  0.00000000E+00  8.05280338E-03  0.00000000E+00  0.00000000E+00  7.84057692E-04
    2.293000      1   0.00000000E+00  0.00000000E+00  3.02226134E-03  0.00000000E+00  0.00000000E+00  0.00000000E+00  0.00000000E+00  0.00000000E+00  8.05378765E-03  0.00000000E+00  0.00000000E+00  9.84270831E-04
    2.294000      1   0.00000000E+00  0.00000000E+00  2.98764872E-03  0.00000000E+00  0.00000000E+00  0.00000000E+00  0.00000000E+00  0.00000000E+00  8.05495331E-03  0.00000000E+00  0.00000000E+00  1.16565866E-03
    2.295000      1   0.00000000E+00  0.00000000E+00  2.95496082E-03  0.00000000E+00  0.00000000E+00  0.00000000E+00  0.00000000E+00  0.00000000E+00  8.05628222E-03  0.00000000E+00  0.00000000E+00  1.32891287E-03
    2.296000      1   0.00000000E+00  0.00000000E+00  2.92106701E-03  0.00000000E+00  0.00000000E+00  0.00000000E+00  0.00000000E+00  0.00000000E+00  8.05775724E-03  0.00000000E+00  0.00000000E+00  1.47501928E-03
    2.297000      1   0.00000000E+00  0.00000000E+00  2.88949523E-03  0.00000000E+00  0.00000000E+00  0.00000000E+00  0.00000000E+00  0.00000000E+00  8.05936164E-03  0.00000000E+00  0.00000000E+00  1.60439676E-03
    2.298000      1   0.00000000E+00  0.00000000E+00  2.86386443E-03  0.00000000E+00  0.00000000E+00  0.00000000E+00  0.00000000E+00  0.00000000E+00  8.06107870E-03  0.00000000E+00  0.00000000E+00  1.71705988E-03
    2.299000      1   0.00000000E+00  0.00000000E+00  2.83792387E-03  0.00000000E+00  0.00000000E+00  0.00000000E+00  0.00000000E+00  0.00000000E+00  8.06289352E-03  0.00000000E+00  0.00000000E+00  1.81482184E-03
    2.300000      1   0.00000000E+00  0.00000000E+00  2.81119176E-03  0.00000000E+00  0.00000000E+00  0.00000000E+00  0.00000000E+00  0.00000000E+00  8.06479310E-03  0.00000000E+00  0.00000000E+00  1.89957897E-03
    2.301000      1   0.00000000E+00  0.00000000E+00  2.77284109E-03  0.00000000E+00  0.00000000E+00  0.00000000E+00  0.00000000E+00  0.00000000E+00  8.06676419E-03  0.00000000E+00  0.00000000E+00  1.97108955E-03
    2.302000      1   0.00000000E+00  0.00000000E+00  2.74013840E-03  0.00000000E+00  0.00000000E+00  0.00000000E+00  0.00000000E+00  0.00000000E+00  8.06879123E-03  0.00000000E+00  0.00000000E+00  2.02703902E-03
    2.303000      1   0.00000000E+00  0.00000000E+00  2.73285558E-03  0.00000000E+00  0.00000000E+00  0.00000000E+00  0.00000000E+00  0.00000000E+00  8.07085584E-03  0.00000000E+00  0.00000000E+00  2.06461045E-03
    2.304000      1   0.00000000E+00  0.00000000E+00  2.72881427E-03  0.00000000E+00  0.00000000E+00  0.00000000E+00  0.00000000E+00  0.00000000E+00  8.07294599E-03  0.00000000E+00  0.00000000E+00  2.09015394E-03
    2.305000      1   0.00000000E+00  0.00000000E+00  2.70965258E-03  0.00000000E+00  0.00000000E+00  0.00000000E+00  0.00000000E+00  0.00000000E+00  8.07505858E-03  0.00000000E+00  0.00000000E+00  2.11259098E-03
    2.306000      1   0.00000000E+00  0.00000000E+00  2.69104536E-03  0.00000000E+00  0.00000000E+00  0.00000000E+00  0.00000000E+00  0.00000000E+00  8.07718889E-03  0.00000000E+00  0.00000000E+00  2.13031227E-03
    2.307000      1   0.00000000E+00  0.00000000E+00  2.67298909E-03  0.00000000E+00  0.00000000E+00  0.00000000E+00  0.00000000E+00  0.00000000E+00  8.07932734E-03  0.00000000E+00  0.00000000E+00  2.13845009E-03
    2.308000      1   0.00000000E+00  0.00000000E+00  2.66003003E-03  0.00000000E+00  0.00000000E+00  0.00000000E+00  0.00000000E+00  0.00000000E+00  8.08146463E-03  0.00000000E+00  0.00000000E+00  2.13728397E-03
    2.309000      1   0.00000000E+00  0.00000000E+00  2.64943791E-03  0.00000000E+00  0.00000000E+00  0.00000000E+00  0.00000000E+00  0.00000000E+00  8.08359252E-03  0.00000000E+00  0.00000000E+00  2.12789624E-03
    2.310000      1   0.00000000E+00  0.00000000E+00  2.64009227E-03  0.00000000E+00  0.00000000E+00  0.00000000E+00  0.00000000E+00  0.00000000E+00  8.08570490E-03  0.00000000E+00  0.00000000E+00  2.11237946E-03
    2.311000      1   0.00000000E+00  0.00000000E+00  2.63004162E-03  0.00000000E+00  0.00000000E+00  0.00000000E+00  0.00000000E+00  0.00000000E+00  8.08779663E-03  0.00000000E+00  0.00000000E+00  2.09173140E-03
    2.312000      1   0.00000000E+00  0.00000000E+00  2.61983682E-03  0.00000000E+00  0.00000000E+00  0.00000000E+00  0.00000000E+00  0.00000000E+00  8.08986287E-03  0.00000000E+00  0.00000000E+00  2.06623675E-03
    2.313000      1   0.00000000E+00  0.00000000E+00  2.61741246E-03  0.00000000E+00  0.00000000E+00  0.00000000E+00  0.00000000E+00  0.00000000E+00  8.09189851E-03  0.00000000E+00  0.00000000E+00  2.03563671E-03
    2.314000      1   0.00000000E+00  0.00000000E+00  2.60605390E-03  0.00000000E+00  0.00000000E+00  0.00000000E+00  0.00000000E+00  0.00000000E+00  8.09389976E-03  0.00000000E+00  0.00000000E+00  2.00125653E-03
    2.315000      1   0.00000000E+00  0.00000000E+00  2.59815900E-03  0.00000000E+00  0.00000000E+00  0.00000000E+00  0.00000000E+00  0.00000000E+00  8.09586384E-03  0.00000000E+00  0.00000000E+00  1.96407153E-03
    2.316000      1   0.00000000E+00  0.00000000E+00  2.59214642E-03  0.00000000E+00  0.00000000E+00  0.00000000E+00  0.00000000E+00  0.00000000E+00  8.09778560E-03  0.00000000E+00  0.00000000E+00  1.92176008E-03
    2.317000      1   0.00000000E+00  0.00000000E+00  2.58781519E-03  0.00000000E+00  0.00000000E+00  0.00000000E+00  0.00000000E+00  0.00000000E+00  8.09966139E-03  0.00000000E+00  0.00000000E+00  1.87579257E-03
    2.318000      1   0.00000000E+00  0.00000000E+00  2.58425907E-03  0.00000000E+00  0.00000000E+00  0.00000000E+00  0.00000000E+00  0.00000000E+00  8.10148847E-03  0.00000000E+00  0.00000000E+00  1.82708451E-03
    2.319000      1   0.00000000E+00  0.00000000E+00  2.58094252E-03  0.00000000E+00  0.00000000E+00  0.00000000E+00  0.00000000E+00  0.00000000E+00  8.10326480E-03  0.00000000E+00  0.00000000E+00  1.77632515E-03
    2.320000      1   0.00000000E+00  0.00000000E+00  2.57797774E-03  0.00000000E+00  0.00000000E+00  0.00000000E+00  0.00000000E+00  0.00000000E+00  8.10498861E-03  0.00000000E+00  0.00000000E+00  1.72381141E-03
    2.321000      1   0.00000000E+00  0.00000000E+00  2.57570408E-03  0.00000000E+00  0.00000000E+00  0.00000000E+00  0.00000000E+00  0.00000000E+00  8.10665829E-03  0.00000000E+00  0.00000000E+00  1.66968417E-03
    2.322000      1   0.00000000E+00  0.00000000E+00  2.57272659E-03  0.00000000E+00  0.00000000E+00  0.00000000E+00  0.00000000E+00  0.00000000E+00  8.10827247E-03  0.00000000E+00  0.00000000E+00  1.61418119E-03
    2.323000      1   0.00000000E+00  0.00000000E+00  2.58020648E-03  0.00000000E+00  0.00000000E+00  0.00000000E+00  0.00000000E+00  0.00000000E+00  8.10982988E-03  0.00000000E+00  0.00000000E+00  1.55740497E-03
    2.324000      1   0.00000000E+00  0.00000000E+00  2.63310934E-03  0.00000000E+00  0.00000000E+00  0.00000000E+00  0.00000000E+00  0.00000000E+00  8.11133085E-03  0.00000000E+00  0.00000000E+00  1.50097363E-03
    2.325000      1   0.00000000E+00  0.00000000E+00  2.63194515E-03  0.00000000E+00  0.00000000E+00  0.00000000E+00  0.00000000E+00  0.00000000E+00  8.11278721E-03  0.00000000E+00  0.00000000E+00  1.45635408E-03
    2.326000      1   0.00000000E+00  0.00000000E+00  2.60727561E-03  0.00000000E+00  0.00000000E+00  0.00000000E+00  0.00000000E+00  0.00000000E+00  8.11421611E-03  0.00000000E+00  0.00000000E+00  1.42890274E-03
    2.327000      1   0.00000000E+00  0.00000000E+00  2.58957957E-03  0.00000000E+00  0.00000000E+00  0.00000000E+00  0.00000000E+00  0.00000000E+00  8.11561282E-03  0.00000000E+00  0.00000000E+00  1.39670653E-03
    2.328000      1   0.00000000E+00  0.00000000E+00  2.58977334E-03  0.00000000E+00  0.00000000E+00  0.00000000E+00  0.00000000E+00  0.00000000E+00  8.11696610E-03  0.00000000E+00  0.00000000E+00  1.35327914E-03
    2.329000      1   0.00000000E+00  0.00000000E+00  2.59968750E-03  0.00000000E+00  0.00000000E+00  0.00000000E+00  0.00000000E+00  0.00000000E+00  8.11827017E-03  0.00000000E+00  0.00000000E+00  1.30407436E-03
    2.330000      1   0.00000000E+00  0.00000000E+00  2.60625925E-03  0.00000000E+00  0.00000000E+00  0.00000000E+00  0.00000000E+00  0.00000000E+00  8.11952686E-03  0.00000000E+00  0.00000000E+00  1.25668643E-03
    2.331000      1   0.00000000E+00  0.00000000E+00  2.60586100E-03  0.00000000E+00  0.00000000E+00  0.00000000E+00  0.00000000E+00  0.00000000E+00  8.12074057E-03  0.00000000E+00  0.00000000E+00  1.21371660E-03
    2.332000      1   0.00000000E+00  0.00000000E+00  2.60376985E-03  0.00000000E+00  0.00000000E+00  0.00000000E+00  0.00000000E+00  0.00000000E+00  8.12191341E-03  0.00000000E+00  0.00000000E+00  1.17283460E-03
    2.333000      1   0.00000000E+00  0.00000000E+00  2.60236434E-03  0.00000000E+00  0.00000000E+00  0.00000000E+00  0.00000000E+00  0.00000000E+00  8.12304486E-03  0.00000000E+00  0.00000000E+00  1.13145201E-03
    2.334000      1   0.00000000E+00  0.00000000E+00  2.60276606E-03  0.00000000E+00  0.00000000E+00  0.00000000E+00  0.00000000E+00  0.00000000E+00  8.12413399E-03  0.00000000E+00  0.00000000E+00  1.08913411E-03
    2.335000      1   0.00000000E+00  0.00000000E+00  2.60419951E-03  0.00000000E+00  0.00000000E+00  0.00000000E+00  0.00000000E+00  0.00000000E+00  8.12518042E-03  0.00000000E+00  0.00000000E+00  1.04642566E-03
    2.336000      1   0.00000000E+00  0.00000000E+00  2.60550472E-03  0.00000000E+00  0.00000000E+00  0.00000000E+00  0.00000000E+00  0.00000000E+00  8.12618452E-03  0.00000000E+00  0.00000000E+00  1.00410263E-03
    2.337000      1   0.00000000E+00  0.00000000E+00  2.60759258E-03  0.00000000E+00  0.00000000E+00  0.00000000E+00  0.00000000E+00  0.00000000E+00  8.12714700E-03  0.00000000E+00  0.00000000E+00  9.62481184E-04
    2.338000      1   0.00000000E+00  0.00000000E+00  2.60827634E-03  0.00000000E+00  0.00000000E+00  0.00000000E+00  0.00000000E+00  0.00000000E+00  8.12806866E-03  0.00000000E+00  0.00000000E+00  9.21657597E-04
    2.339000      1   0.00000000E+00  0.00000000E+00  2.50452624E-03  0.00000000E+00  0.00000000E+00  0.00000000E+00  0.00000000E+00  0.00000000E+00  8.12895030E-03  0.00000000E+00  0.00000000E+00  8.81640610E-04
    2.340000      1   0.00000000E+00  0.00000000E+00  2.49771704E-03  0.00000000E+00  0.00000000E+00  0.00000000E+00  0.00000000E+00  0.00000000E+00  8.12977380E-03  0.00000000E+00  0.00000000E+00  8.23501136E-04
    2.341000      1   0.00000000E+00  0.00000000E+00  2.53807911E-03  0.00000000E+00  0.00000000E+00  0.00000000E+00  0.00000000E+00  0.00000000E+00  8.13050389E-03  0.00000000E+00  0.00000000E+00  7.30084447E-04
    2.342000      1   0.00000000E+00  0.00000000E+00  2.57129593E-03  0.00000000E+00  0.00000000E+00  0.00000000E+00  0.00000000E+00  0.00000000E+00  8.13114546E-03  0.00000000E+00  0.00000000E+00  6.41569094E-04
    2.343000      1   0.00000000E+00  0.00000000E+00  2.57494689E-03  0.00000000E+00  0.00000000E+00  0.00000000E+00  0.00000000E+00  0.00000000E+00  8.13171764E-03  0.00000000E+00  0.00000000E+00  5.72183274E-04
    2.344000      1   0.00000000E+00  0.00000000E+00  2.56151507E-03  0.00000000E+00  0.00000000E+00  0.00000000E+00  0.00000000E+00  0.00000000E+00  8.13223199E-03  0.00000000E+00  0.00000000E+00  5.14351985E-04
    2.345000      1   0.00000000E+00  0.00000000E+00  2.55350033E-03  0.00000000E+00  0.00000000E+00  0.00000000E+00  0.00000000E+00  0.00000000E+00  8.13268734E-03  0.00000000E+00  0.00000000E+00  4.55344459E-04
    2.346000      1   0.00000000E+00  0.00000000E+00  2.55963758E-03  0.00000000E+00  0.00000000E+00  0.00000000E+00  0.00000000E+00  0.00000000E+00  8.13307784E-03  0.00000000E+00  0.00000000E+00  3.90508405E-04
    2.347000      1   0.00000000E+00  0.00000000E+00  2.57277933E-03  0.00000000E+00  0.00000000E+00  0.00000000E+00  0.00000000E+00  0.00000000E+00  8.13340197E-03  0.00000000E+00  0.00000000E+00  3.24125496E-04
    2.348000      1   0.00000000E+00  0.00000000E+00  2.58258265E-03  0.00000000E+00  0.00000000E+00  0.00000000E+00  0.00000000E+00  0.00000000E+00  8.13366405E-03  0.00000000E+00  0.00000000E+00  2.62082122E-04
    2.349000      1   0.00000000E+00  0.00000000E+00  2.58585933E-03  0.00000000E+00  0.00000000E+00  0.00000000E+00  0.00000000E+00  0.00000000E+00  8.13387014E-03  0.00000000E+00  0.00000000E+00  2.06088302E-04
    2.350000      1   0.00000000E+00  0.00000000E+00  2.58645103E-03  0.00000000E+00  0.00000000E+00  0.00000000E+00  0.00000000E+00  0.00000000E+00  8.13402403E-03  0.00000000E+00  0.00000000E+00  1.53893484E-04
    2.351000      1   0.00000000E+00  0.00000000E+00  2.58897561E-03  0.00000000E+00  0.00000000E+00  0.00000000E+00  0.00000000E+00  0.00000000E+00  8.13412691E-03  0.00000000E+00  0.00000000E+00  1.02879411E-04
    2.352000      1   0.00000000E+00  0.00000000E+00  2.59442778E-03  0.00000000E+00  0.00000000E+00  0.00000000E+00  0.00000000E+00  0.00000000E+00  8.13417942E-03  0.00000000E+00  0.00000000E+00  5.25061047E-05
    2.353000      1   0.00000000E+00  0.00000000E+00  2.60075532E-03  0.00000000E+00  0.00000000E+00  0.00000000E+00  0.00000000E+00  0.00000000E+00  8.13418335E-03  0.00000000E+00  0.00000000E+00  3.92606609E-06
    2.354000      1   0.00000000E+00  0.00000000E+00  2.60589092E-03  0.00000000E+00  0.00000000E+00  0.00000000E+00  0.00000000E+00  0.00000000E+00  8.13414160E-03  0.00000000E+00  0.00000000E+00 -4.17444448E-05
    2.355000      1   0.00000000E+00  0.00000000E+00  2.60957577E-03  0.00000000E+00  0.00000000E+00  0.00000000E+00  0.00000000E+00  0.00000000E+00  8.13405717E-03  0.00000000E+00  0.00000000E+00 -8.44287237E-05
    2.356000      1   0.00000000E+00  0.00000000E+00  2.61285520E-03  0.00000000E+00  0.00000000E+00  0.00000000E+00  0.00000000E+00  0.00000000E+00  8.13393240E-03  0.00000000E+00  0.00000000E+00 -1.24774770E-04
    2.357000      1   0.00000000E+00  0.00000000E+00  2.61662976E-03  0.00000000E+00  0.00000000E+00  0.00000000E+00  0.00000000E+00  0.00000000E+00  8.13376907E-03  0.00000000E+00  0.00000000E+00 -1.63330728E-04
    2.358000      1   0.00000000E+00  0.00000000E+00  2.62091849E-03  0.00000000E+00  0.00000000E+00  0.00000000E+00  0.00000000E+00  0.00000000E+00  8.13356892E-03  0.00000000E+00  0.00000000E+00 -2.00142181E-04
    2.359000      1   0.00000000E+00  0.00000000E+00  2.62519579E-03  0.00000000E+00  0.00000000E+00  0.00000000E+00  0.00000000E+00  0.00000000E+00  8.13333397E-03  0.00000000E+00  0.00000000E+00 -2.34955599E-04
    2.360000      1   0.00000000E+00  0.00000000E+00  2.62907195E-03  0.00000000E+00  0.00000000E+00  0.00000000E+00  0.00000000E+00  0.00000000E+00  8.13306636E-03  0.00000000E+00  0.00000000E+00 -2.67604141E-04
    2.361000      1   0.00000000E+00  0.00000000E+00  2.63257953E-03  0.00000000E+00  0.00000000E+00  0.00000000E+00  0.00000000E+00  0.00000000E+00  8.13276820E-03  0.00000000E+00  0.00000000E+00 -2.98162500E-04
    2.362000      1   0.00000000E+00  0.00000000E+00  2.63597259E-03  0.00000000E+00  0.00000000E+00  0.00000000E+00  0.00000000E+00  0.00000000E+00  8.13244137E-03  0.00000000E+00  0.00000000E+00 -3.26827592E-04
    2.363000      1   0.00000000E+00  0.00000000E+00  2.63941216E-03  0.00000000E+00  0.00000000E+00  0.00000000E+00  0.00000000E+00  0.00000000E+00  8.13208763E-03  0.00000000E+00  0.00000000E+00 -3.53740718E-04
    2.364000      1   0.00000000E+00  0.00000000E+00  2.64286091E-03  0.00000000E+00  0.00000000E+00  0.00000000E+00  0.00000000E+00  0.00000000E+00  8.13170870E-03  0.00000000E+00  0.00000000E+00 -3.78931263E-04
    2.365000      1   0.00000000E+00  0.00000000E+00  2.64619512E-03  0.00000000E+00  0.00000000E+00  0.00000000E+00  0.00000000E+00  0.00000000E+00  8.13130632E-03  0.00000000E+00  0.00000000E+00 -4.02382327E-04
    2.366000      1   0.00000000E+00  0.00000000E+00  2.64934782E-03  0.00000000E+00  0.00000000E+00  0.00000000E+00  0.00000000E+00  0.00000000E+00  8.13088221E-03  0.00000000E+00  0.00000000E+00 -4.24111154E-04
    2.367000      1   0.00000000E+00  0.00000000E+00  2.65234435E-03  0.00000000E+00  0.00000000E+00  0.00000000E+00  0.00000000E+00  0.00000000E+00  8.13043802E-03  0.00000000E+00  0.00000000E+00 -4.44187456E-04
    2.368000      1   0.00000000E+00  0.00000000E+00  2.65524251E-03  0.00000000E+00  0.00000000E+00  0.00000000E+00  0.00000000E+00  0.00000000E+00  8.12997532E-03  0.00000000E+00  0.00000000E+00 -4.62698461E-04
    2.369000      1   0.00000000E+00  0.00000000E+00  2.65806850E-03  0.00000000E+00  0.00000000E+00  0.00000000E+00  0.00000000E+00  0.00000000E+00  8.12949561E-03  0.00000000E+00  0.00000000E+00 -4.79712853E-04
    2.370000      1   0.00000000E+00  0.00000000E+00  2.66080676E-03  0.00000000E+00  0.00000000E+00  0.00000000E+00  0.00000000E+00  0.00000000E+00  8.12900033E-03  0.00000000E+00  0.00000000E+00 -4.95275702E-04
    2.371000      1   0.00000000E+00  0.00000000E+00  2.72656433E-03  0.00000000E+00  0.00000000E+00  0.00000000E+00  0.00000000E+00  0.00000000E+00  8.12849091E-03  0.00000000E+00  0.00000000E+00 -5.09426223E-04
    2.372000      1   0.00000000E+00  0.00000000E+00  2.72458597E-03  0.00000000E+00  0.00000000E+00  0.00000000E+00  0.00000000E+00  0.00000000E+00  8.12797986E-03  0.00000000E+00  0.00000000E+00 -5.11048967E-04
    2.373000      1   0.00000000E+00  0.00000000E+00  2.70303821E-03  0.00000000E+00  0.00000000E+00  0.00000000E+00  0.00000000E+00  0.00000000E+00  8.12748843E-03  0.00000000E+00  0.00000000E+00 -4.91425792E-04
    2.374000      1   0.00000000E+00  0.00000000E+00  2.69092979E-03  0.00000000E+00  0.00000000E+00  0.00000000E+00  0.00000000E+00  0.00000000E+00  8.12701217E-03  0.00000000E+00  0.00000000E+00 -4.76262821E-04
    2.375000      1   0.00000000E+00  0.00000000E+00  2.69808262E-03  0.00000000E+00  0.00000000E+00  0.00000000E+00  0.00000000E+00  0.00000000E+00  8.12654185E-03  0.00000000E+00  0.00000000E+00 -4.70317695E-04
    2.376000      1   0.00000000E+00  0.00000000E+00  2.71309023E-03  0.00000000E+00  0.00000000E+00  0.00000000E+00  0.00000000E+00  0.00000000E+00  8.12607477E-03  0.00000000E+00  0.00000000E+00 -4.67084259E-04
    2.377000      1   0.00000000E+00  0.00000000E+00  2.72176130E-03  0.00000000E+00  0.00000000E+00  0.00000000E+00  0.00000000E+00  0.00000000E+00  8.12561592E-03  0.00000000E+00  0.00000000E+00 -4.58847797E-04
    2.378000      1   0.00000000E+00  0.00000000E+00  2.72082585E-03  0.00000000E+00  0.00000000E+00  0.00000000E+00  0.00000000E+00  0.00000000E+00  8.12517177E-03  0.00000000E+00  0.00000000E+00 -4.44149229E-04
    2.379000      1   0.00000000E+00  0.00000000E+00  2.71639925E-03  0.00000000E+00  0.00000000E+00  0.00000000E+00  0.00000000E+00  0.00000000E+00  8.12474500E-03  0.00000000E+00  0.00000000E+00 -4.26768376E-04
    2.380000      1   0.00000000E+00  0.00000000E+00  2.71493352E-03  0.00000000E+00  0.00000000E+00  0.00000000E+00  0.00000000E+00  0.00000000E+00  8.12433453E-03  0.00000000E+00  0.00000000E+00 -4.10477535E-04
    2.381000      1   0.00000000E+00  0.00000000E+00  2.71744872E-03  0.00000000E+00  0.00000000E+00  0.00000000E+00  0.00000000E+00  0.00000000E+00  8.12393863E-03  0.00000000E+00  0.00000000E+00 -3.95899652E-04
    2.382000      1   0.00000000E+00  0.00000000E+00  2.72085570E-03  0.00000000E+00  0.00000000E+00  0.00000000E+00  0.00000000E+00  0.00000000E+00  8.12355727E-03  0.00000000E+00  0.00000000E+00 -3.81358352E-04
    2.383000      1   0.00000000E+00  0.00000000E+00  2.72235902E-03  0.00000000E+00  0.00000000E+00  0.00000000E+00  0.00000000E+00  0.00000000E+00  8.12319188E-03  0.00000000E+00  0.00000000E+00 -3.65388535E-04
    2.384000      1   0.00000000E+00  0.00000000E+00  2.72181564E-03  0.00000000E+00  0.00000000E+00  0.00000000E+00  0.00000000E+00  0.00000000E+00  8.12284385E-03  0.00000000E+00  0.00000000E+00 -3.48033969E-04
    2.385000      1   0.00000000E+00  0.00000000E+00  2.72080193E-03  0.00000000E+00  0.00000000E+00  0.00000000E+00  0.00000000E+00  0.00000000E+00  8.12251356E-03  0.00000000E+00  0.00000000E+00 -3.30281782E-04
    2.386000      1   0.00000000E+00  0.00000000E+00  2.72054063E-03  0.00000000E+00  0.00000000E+00  0.00000000E+00  0.00000000E+00  0.00000000E+00  8.12220068E-03  0.00000000E+00  0.00000000E+00 -3.12887311E-04
    2.387000      1   0.00000000E+00  0.00000000E+00  2.72097579E-03  0.00000000E+00  0.00000000E+00  0.00000000E+00  0.00000000E+00  0.00000000E+00  8.12190480E-03  0.00000000E+00  0.00000000E+00 -2.95871966E-04
    2.388000      1   0.00000000E+00  0.00000000E+00  2.72134766E-03  0.00000000E+00  0.00000000E+00  0.00000000E+00  0.00000000E+00  0.00000000E+00  8.12162594E-03  0.00000000E+00  0.00000000E+00 -2.78865484E-04
    2.389000      1   0.00000000E+00  0.00000000E+00  2.72115569E-03  0.00000000E+00  0.00000000E+00  0.00000000E+00  0.00000000E+00  0.00000000E+00  8.12136429E-03  0.00000000E+00  0.00000000E+00 -2.61650328E-04
    2.390000      1   0.00000000E+00  0.00000000E+00  2.72050422E-03  0.00000000E+00  0.00000000E+00  0.00000000E+00  0.00000000E+00  0.00000000E+00  8.12111994E-03  0.00000000E+00  0.00000000E+00 -2.44346992E-04
    2.391000      1   0.00000000E+00  0.00000000E+00  2.71977513E-03  0.00000000E+00  0.00000000E+00  0.00000000E+00  0.00000000E+00  0.00000000E+00  8.12089272E-03  0.00000000E+00  0.00000000E+00 -2.27221906E-04
    2.392000      1   0.00000000E+00  0.00000000E+00  2.71918750E-03  0.00000000E+00  0.00000000E+00  0.00000000E+00  0.00000000E+00  0.00000000E+00  8.12068228E-03  0.00000000E+00  0.00000000E+00 -2.10439704E-04
    2.393000      1   0.00000000E+00  0.00000000E+00  2.71867781E-03  0.00000000E+00  0.00000000E+00  0.00000000E+00  0.00000000E+00  0.00000000E+00  8.12048828E-03  0.00000000E+00  0.00000000E+00 -1.94000862E-04
    2.394000      1   0.00000000E+00  0.00000000E+00  2.71807716E-03  0.00000000E+00  0.00000000E+00  0.00000000E+00  0.00000000E+00  0.00000000E+00  8.12031043E-03  0.00000000E+00  0.00000000E+00 -1.77845141E-04
    2.395000      1   0.00000000E+00  0.00000000E+00  2.71730937E-03  0.00000000E+00  0.00000000E+00  0.00000000E+00  0.00000000E+00  0.00000000E+00  8.12014847E-03  0.00000000E+00  0.00000000E+00 -1.61963027E-04
    2.396000      1   0.00000000E+00  0.00000000E+00  2.71642719E-03  0.00000000E+00  0.00000000E+00  0.00000000E+00  0.00000000E+00  0.00000000E+00  8.12000206E-03  0.00000000E+00  0.00000000E+00 -1.46413951E-04
    2.397000      1   0.00000000E+00  0.00000000E+00  2.71551987E-03  0.00000000E+00  0.00000000E+00  0.00000000E+00  0.00000000E+00  0.00000000E+00  8.11987078E-03  0.00000000E+00  0.00000000E+00 -1.31273032E-04
    2.398000      1   0.00000000E+00  0.00000000E+00  2.71457439E-03  0.00000000E+00  0.00000000E+00  0.00000000E+00  0.00000000E+00  0.00000000E+00  8.11975420E-03  0.00000000E+00  0.00000000E+00 -1.16582284E-04
    2.399000      1   0.00000000E+00  0.00000000E+00  2.71357416E-03  0.00000000E+00  0.00000000E+00  0.00000000E+00  0.00000000E+00  0.00000000E+00  8.11965185E-03  0.00000000E+00  0.00000000E+00 -1.02356710E-04
    2.400000      1   0.00000000E+00  0.00000000E+00  2.71260273E-03  0.00000000E+00  0.00000000E+00  0.00000000E+00  0.00000000E+00  0.00000000E+00  8.11956323E-03  0.00000000E+00  0.00000000E+00 -8.86185242E-05
    2.401000      1   0.00000000E+00  0.00000000E+00  2.71156848E-03  0.00000000E+00  0.00000000E+00  0.00000000E+00  0.00000000E+00  0.00000000E+00  8.11948785E-03  0.00000000E+00  0.00000000E+00 -7.53806159E-05
    2.402000      1   0.00000000E+00  0.00000000E+00  2.71051984E-03  0.00000000E+00  0.00000000E+00  0.00000000E+00  0.00000000E+00  0.00000000E+00  8.11942520E-03  0.00000000E+00  0.00000000E+00 -6.26446361E-05
    2.403000      1   0.00000000E+00  0.00000000E+00  2.70951480E-03  0.00000000E+00  0.00000000E+00  0.00000000E+00  0.00000000E+00  0.00000000E+00  8.11937477E-03  0.00000000E+00  0.00000000E+00 -5.04337606E-05
    2.404000      1   0.00000000E+00  0.00000000E+00  2.70854871E-03  0.00000000E+00  0.00000000E+00  0.00000000E+00  0.00000000E+00  0.00000000E+00  8.11933602E-03  0.00000000E+00  0.00000000E+00 -3.87450051E-05
    2.405000      1   0.00000000E+00  0.00000000E+00  2.70757786E-03  0.00000000E+00  0.00000000E+00  0.00000000E+00  0.00000000E+00  0.00000000E+00  8.11930847E-03  0.00000000E+00  0.00000000E+00 -2.75571624E-05
    2.406000      1   0.00000000E+00  0.00000000E+00  2.70657587E-03  0.00000000E+00  0.00000000E+00  0.00000000E+00  0.00000000E+00  0.00000000E+00  8.11929161E-03  0.00000000E+00  0.00000000E+00 -1.68582812E-05
    2.407000      1   0.00000000E+00  0.00000000E+00  2.70555260E-03  0.00000000E+00  0.00000000E+00  0.00000000E+00  0.00000000E+00  0.00000000E+00  8.11928495E-03  0.00000000E+00  0.00000000E+00 -6.65543169E-06
    2.408000      1   0.00000000E+00  0.00000000E+00  2.70453442E-03  0.00000000E+00  0.00000000E+00  0.00000000E+00  0.00000000E+00  0.00000000E+00  8.11928799E-03  0.00000000E+00  0.00000000E+00  3.03739538E-06
    2.409000      1   0.00000000E+00  0.00000000E+00  2.70353795E-03  0.00000000E+00  0.00000000E+00  0.00000000E+00  0.00000000E+00  0.00000000E+00  8.11930020E-03  0.00000000E+00  0.00000000E+00  1.22141115E-05
    2.410000      1   0.00000000E+00  0.00000000E+00  2.70256257E-03  0.00000000E+00  0.00000000E+00  0.00000000E+00  0.00000000E+00  0.00000000E+00  8.11932108E-03  0.00000000E+00  0.00000000E+00  2.08802286E-05
    2.411000      1   0.00000000E+00  0.00000000E+00  2.70160057E-03  0.00000000E+00  0.00000000E+00  0.00000000E+00  0.00000000E+00  0.00000000E+00  8.11935013E-03  0.00000000E+00  0.00000000E+00  2.90466052E-05
    2.412000      1   0.00000000E+00  0.00000000E+00  2.70064902E-03  0.00000000E+00  0.00000000E+00  0.00000000E+00  0.00000000E+00  0.00000000E+00  8.11938685E-03  0.00000000E+00  0.00000000E+00  3.67225320E-05
    2.413000      1   0.00000000E+00  0.00000000E+00  2.69971225E-03  0.00000000E+00  0.00000000E+00  0.00000000E+00  0.00000000E+00  0.00000000E+00  8.11943077E-03  0.00000000E+00  0.00000000E+00  4.39142527E-05
    2.414000      1   0.00000000E+00  0.00000000E+00  2.69879674E-03  0.00000000E+00  0.00000000E+00  0.00000000E+00  0.00000000E+00  0.00000000E+00  8.11948139E-03  0.00000000E+00  0.00000000E+00  5.06278137E-05
    2.415000      1   0.00000000E+00  0.00000000E+00  2.69790593E-03  0.00000000E+00  0.00000000E+00  0.00000000E+00  0.00000000E+00  0.00000000E+00  8.11953827E-03  0.00000000E+00  0.00000000E+00  5.68718280E-05
    2.416000      1   0.00000000E+00  0.00000000E+00  2.69730941E-03  0.00000000E+00  0.00000000E+00  0.00000000E+00  0.00000000E+00  0.00000000E+00  8.11960092E-03  0.00000000E+00  0.00000000E+00  6.26576423E-05
    2.417000      1   0.00000000E+00  0.00000000E+00  2.69651579E-03  0.00000000E+00  0.00000000E+00  0.00000000E+00  0.00000000E+00  0.00000000E+00  8.11966897E-03  0.00000000E+00  0.00000000E+00  6.80454147E-05
    2.418000      1   0.00000000E+00  0.00000000E+00  2.69561094E-03  0.00000000E+00  0.00000000E+00  0.00000000E+00  0.00000000E+00  0.00000000E+00  8.11974207E-03  0.00000000E+00  0.00000000E+00  7.30969403E-05
    2.419000      1   0.00000000E+00  0.00000000E+00  2.69470757E-03  0.00000000E+00  0.00000000E+00  0.00000000E+00  0.00000000E+00  0.00000000E+00  8.11981979E-03  0.00000000E+00  0.00000000E+00  7.77278151E-05
    2.420000      1   0.00000000E+00  0.00000000E+00  2.69418873E-03  0.00000000E+00  0.00000000E+00  0.00000000E+00  0.00000000E+00  0.00000000E+00  8.11990170E-03  0.00000000E+00  0.00000000E+00  8.19017721E-05
    2.421000      1   0.00000000E+00  0.00000000E+00  2.69349749E-03  0.00000000E+00  0.00000000E+00  0.00000000E+00  0.00000000E+00  0.00000000E+00  8.11998738E-03  0.00000000E+00  0.00000000E+00  8.56872982E-05
    2.422000      1   0.00000000E+00  0.00000000E+00  2.69270420E-03  0.00000000E+00  0.00000000E+00  0.00000000E+00  0.00000000E+00  0.00000000E+00  8.12007656E-03  0.00000000E+00  0.00000000E+00  8.91801934E-05
    2.423000      1   0.00000000E+00  0.00000000E+00  2.69190100E-03  0.00000000E+00  0.00000000E+00  0.00000000E+00  0.00000000E+00  0.00000000E+00  8.12016887E-03  0.00000000E+00  0.00000000E+00  9.23057900E-05
    2.424000      1   0.00000000E+00  0.00000000E+00  2.69117442E-03  0.00000000E+00  0.00000000E+00  0.00000000E+00  0.00000000E+00  0.00000000E+00  8.12026390E-03  0.00000000E+00  0.00000000E+00  9.50288222E-05
    2.425000      1   0.00000000E+00  0.00000000E+00  2.69053846E-03  0.00000000E+00  0.00000000E+00  0.00000000E+00  0.00000000E+00  0.00000000E+00  8.12036126E-03  0.00000000E+00  0.00000000E+00  9.73595839E-05
    2.426000      1   0.00000000E+00  0.00000000E+00  2.68995160E-03  0.00000000E+00  0.00000000E+00  0.00000000E+00  0.00000000E+00  0.00000000E+00  8.12046060E-03  0.00000000E+00  0.00000000E+00  9.93392627E-05
    2.427000      1   0.00000000E+00  0.00000000E+00  2.68937477E-03  0.00000000E+00  0.00000000E+00  0.00000000E+00  0.00000000E+00  0.00000000E+00  8.12056160E-03  0.00000000E+00  0.00000000E+00  1.01006303E-04
    2.428000      1   0.00000000E+00  0.00000000E+00  2.68880352E-03  0.00000000E+00  0.00000000E+00  0.00000000E+00  0.00000000E+00  0.00000000E+00  8.12066398E-03  0.00000000E+00  0.00000000E+00  1.02378604E-04
    2.429000      1   0.00000000E+00  0.00000000E+00  2.68825697E-03  0.00000000E+00  0.00000000E+00  0.00000000E+00  0.00000000E+00  0.00000000E+00  8.12076744E-03  0.00000000E+00  0.00000000E+00  1.03460444E-04
    2.430000      1   0.00000000E+00  0.00000000E+00  2.68775070E-03  0.00000000E+00  0.00000000E+00  0.00000000E+00  0.00000000E+00  0.00000000E+00  8.12087170E-03  0.00000000E+00  0.00000000E+00  1.04258026E-04
    2.431000      1   0.00000000E+00  0.00000000E+00  2.68728395E-03  0.00000000E+00  0.00000000E+00  0.00000000E+00  0.00000000E+00  0.00000000E+00  8.12097649E-03  0.00000000E+00  0.00000000E+00  1.04786586E-04
    2.432000      1   0.00000000E+00  0.00000000E+00  2.68684644E-03  0.00000000E+00  0.00000000E+00  0.00000000E+00  0.00000000E+00  0.00000000E+00  8.12108155E-03  0.00000000E+00  0.00000000E+00  1.05066342E-04
    2.433000      1   0.00000000E+00  0.00000000E+00  2.68643084E-03  0.00000000E+00  0.00000000E+00  0.00000000E+00  0.00000000E+00  0.00000000E+00  8.12118667E-03  0.00000000E+00  0.00000000E+00  1.05115440E-04
    2.434000      1   0.00000000E+00  0.00000000E+00  2.68603757E-03  0.00000000E+00  0.00000000E+00  0.00000000E+00  0.00000000E+00  0.00000000E+00  8.12129162E-03  0.00000000E+00  0.00000000E+00  1.04947358E-04
    2.435000      1   0.00000000E+00  0.00000000E+00  2.68567077E-03  0.00000000E+00  0.00000000E+00  0.00000000E+00  0.00000000E+00  0.00000000E+00  8.12139619E-03  0.00000000E+00  0.00000000E+00  1.04573240E-04
    2.436000      1   0.00000000E+00  0.00000000E+00  2.68533259E-03  0.00000000E+00  0.00000000E+00  0.00000000E+00  0.00000000E+00  0.00000000E+00  8.12150019E-03  0.00000000E+00  0.00000000E+00  1.04005102E-04
    2.437000      1   0.00000000E+00  0.00000000E+00  2.68502149E-03  0.00000000E+00  0.00000000E+00  0.00000000E+00  0.00000000E+00  0.00000000E+00  8.12160345E-03  0.00000000E+00  0.00000000E+00  1.03256700E-04
    2.438000      1   0.00000000E+00  0.00000000E+00  2.68473442E-03  0.00000000E+00  0.00000000E+00  0.00000000E+00  0.00000000E+00  0.00000000E+00  8.12170579E-03  0.00000000E+00  0.00000000E+00  1.02342219E-04
    2.439000      1   0.00000000E+00  0.00000000E+00  2.68446950E-03  0.00000000E+00  0.00000000E+00  0.00000000E+00  0.00000000E+00  0.00000000E+00  8.12180707E-03  0.00000000E+00  0.00000000E+00  1.01274802E-04
    2.440000      1   0.00000000E+00  0.00000000E+00  2.68422649E-03  0.00000000E+00  0.00000000E+00  0.00000000E+00  0.00000000E+00  0.00000000E+00  8.12190713E-03  0.00000000E+00  0.00000000E+00  1.00066259E-04
    2.441000      1   0.00000000E+00  0.00000000E+00  2.68400566E-03  0.00000000E+00  0.00000000E+00  0.00000000E+00  0.00000000E+00  0.00000000E+00  8.12200586E-03  0.00000000E+00  0.00000000E+00  9.87277387E-05
    2.442000      1   0.00000000E+00  0.00000000E+00  2.68380666E-03  0.00000000E+00  0.00000000E+00  0.00000000E+00  0.00000000E+00  0.00000000E+00  8.12210313E-03  0.00000000E+00  0.00000000E+00  9.72703597E-05
    2.443000      1   0.00000000E+00  0.00000000E+00  2.68362833E-03  0.00000000E+00  0.00000000E+00  0.00000000E+00  0.00000000E+00  0.00000000E+00  8.12219884E-03  0.00000000E+00  0.00000000E+00  9.57052668E-05
    2.444000      1   0.00000000E+00  0.00000000E+00  2.68346935E-03  0.00000000E+00  0.00000000E+00  0.00000000E+00  0.00000000E+00  0.00000000E+00  8.12229288E-03  0.00000000E+00  0.00000000E+00  9.40432810E-05
    2.445000      1   0.00000000E+00  0.00000000E+00  2.68332875E-03  0.00000000E+00  0.00000000E+00  0.00000000E+00  0.00000000E+00  0.00000000E+00  8.12238518E-03  0.00000000E+00  0.00000000E+00  9.22946159E-05
    2.446000      1   0.00000000E+00  0.00000000E+00  2.68320588E-03  0.00000000E+00  0.00000000E+00  0.00000000E+00  0.00000000E+00  0.00000000E+00  8.12247564E-03  0.00000000E+00  0.00000000E+00  9.04688783E-05
    2.447000      1   0.00000000E+00  0.00000000E+00  2.68310014E-03  0.00000000E+00  0.00000000E+00  0.00000000E+00  0.00000000E+00  0.00000000E+00  8.12256422E-03  0.00000000E+00  0.00000000E+00  8.85752378E-05
    2.448000      1   0.00000000E+00  0.00000000E+00  2.68301077E-03  0.00000000E+00  0.00000000E+00  0.00000000E+00  0.00000000E+00  0.00000000E+00  8.12265084E-03  0.00000000E+00  0.00000000E+00  8.66225460E-05
    2.449000      1   0.00000000E+00  0.00000000E+00  2.68293685E-03  0.00000000E+00  0.00000000E+00  0.00000000E+00  0.00000000E+00  0.00000000E+00  8.12273546E-03  0.00000000E+00  0.00000000E+00  8.46193225E-05
    2.450000      1   0.00000000E+00  0.00000000E+00  2.68287748E-03  0.00000000E+00  0.00000000E+00  0.00000000E+00  0.00000000E+00  0.00000000E+00  8.12281804E-03  0.00000000E+00  0.00000000E+00  8.25736747E-05
    2.451000      1   0.00000000E+00  0.00000000E+00  2.68283186E-03  0.00000000E+00  0.00000000E+00  0.00000000E+00  0.00000000E+00  0.00000000E+00  8.12289853E-03  0.00000000E+00  0.00000000E+00  8.04932521E-05
    2.452000      1   0.00000000E+00  0.00000000E+00  2.68279926E-03  0.00000000E+00  0.00000000E+00  0.00000000E+00  0.00000000E+00  0.00000000E+00  8.12297691E-03  0.00000000E+00  0.00000000E+00  7.83852651E-05
    2.453000      1   0.00000000E+00  0.00000000E+00  2.68277894E-03  0.00000000E+00  0.00000000E+00  0.00000000E+00  0.00000000E+00  0.00000000E+00  8.12305317E-03  0.00000000E+00  0.00000000E+00  7.62565297E-05
    2.454000      1   0.00000000E+00  0.00000000E+00  2.68277018E-03  0.00000000E+00  0.00000000E+00  0.00000000E+00  0.00000000E+00  0.00000000E+00  8.12312728E-03  0.00000000E+00  0.00000000E+00  7.41134948E-05
    2.455000      1   0.00000000E+00  0.00000000E+00  2.68277220E-03  0.00000000E+00  0.00000000E+00  0.00000000E+00  0.00000000E+00  0.00000000E+00  8.12319925E-03  0.00000000E+00  0.00000000E+00  7.19622392E-05
    2.456000      1   0.00000000E+00  0.00000000E+00  2.68278427E-03  0.00000000E+00  0.00000000E+00  0.00000000E+00  0.00000000E+00  0.00000000E+00  8.12326905E-03  0.00000000E+00  0.00000000E+00  6.98084621E-05
    2.457000      1   0.00000000E+00  0.00000000E+00  2.68280569E-03  0.00000000E+00  0.00000000E+00  0.00000000E+00  0.00000000E+00  0.00000000E+00  8.12333671E-03  0.00000000E+00  0.00000000E+00  6.76574829E-05
    2.458000      1   0.00000000E+00  0.00000000E+00  2.68283581E-03  0.00000000E+00  0.00000000E+00  0.00000000E+00  0.00000000E+00  0.00000000E+00  8.12340223E-03  0.00000000E+00  0.00000000E+00  6.55142565E-05
    2.459000      1   0.00000000E+00  0.00000000E+00  2.68287395E-03  0.00000000E+00  0.00000000E+00  0.00000000E+00  0.00000000E+00  0.00000000E+00  8.12346561E-03  0.00000000E+00  0.00000000E+00  6.33833911E-05
    2.460000      1   0.00000000E+00  0.00000000E+00  2.68291950E-03  0.00000000E+00  0.00000000E+00  0.00000000E+00  0.00000000E+00  0.00000000E+00  8.12352688E-03  0.00000000E+00  0.00000000E+00  6.12691612E-05
    2.461000      1   0.00000000E+00  0.00000000E+00  2.68297183E-03  0.00000000E+00  0.00000000E+00  0.00000000E+00  0.00000000E+00  0.00000000E+00  8.12358605E-03  0.00000000E+00  0.00000000E+00  5.91755145E-05
    2.462000      1   0.00000000E+00  0.00000000E+00  2.68303033E-03  0.00000000E+00  0.00000000E+00  0.00000000E+00  0.00000000E+00  0.00000000E+00  8.12364316E-03  0.00000000E+00  0.00000000E+00  5.71060790E-05
    2.463000      1   0.00000000E+00  0.00000000E+00  2.68309444E-03  0.00000000E+00  0.00000000E+00  0.00000000E+00  0.00000000E+00  0.00000000E+00  8.12369822E-03  0.00000000E+00  0.00000000E+00  5.50641725E-05
    2.464000      1   0.00000000E+00  0.00000000E+00  2.68316360E-03  0.00000000E+00  0.00000000E+00  0.00000000E+00  0.00000000E+00  0.00000000E+00  8.12375128E-03  0.00000000E+00  0.00000000E+00  5.30528157E-05
    2.465000      1   0.00000000E+00  0.00000000E+00  2.68323730E-03  0.00000000E+00  0.00000000E+00  0.00000000E+00  0.00000000E+00  0.00000000E+00  8.12380235E-03  0.00000000E+00  0.00000000E+00  5.10747446E-05
    2.466000      1   0.00000000E+00  0.00000000E+00  2.68331503E-03  0.00000000E+00  0.00000000E+00  0.00000000E+00  0.00000000E+00  0.00000000E+00  8.12385148E-03  0.00000000E+00  0.00000000E+00  4.91324227E-05
    2.467000      1   0.00000000E+00  0.00000000E+00  2.68339630E-03  0.00000000E+00  0.00000000E+00  0.00000000E+00  0.00000000E+00  0.00000000E+00  8.12389871E-03  0.00000000E+00  0.00000000E+00  4.72280507E-05
    2.468000      1   0.00000000E+00  0.00000000E+00  2.68348066E-03  0.00000000E+00  0.00000000E+00  0.00000000E+00  0.00000000E+00  0.00000000E+00  8.12394408E-03  0.00000000E+00  0.00000000E+00  4.53635776E-05
    2.469000      1   0.00000000E+00  0.00000000E+00  2.68356765E-03  0.00000000E+00  0.00000000E+00  0.00000000E+00  0.00000000E+00  0.00000000E+00  8.12398762E-03  0.00000000E+00  0.00000000E+00  4.35407121E-05
    2.470000      1   0.00000000E+00  0.00000000E+00  2.68365688E-03  0.00000000E+00  0.00000000E+00  0.00000000E+00  0.00000000E+00  0.00000000E+00  8.12402938E-03  0.00000000E+00  0.00000000E+00  4.17609337E-05
    2.471000      1   0.00000000E+00  0.00000000E+00  2.68374794E-03  0.00000000E+00  0.00000000E+00  0.00000000E+00  0.00000000E+00  0.00000000E+00  8.12406940E-03  0.00000000E+00  0.00000000E+00  4.00255047E-05
    2.472000      1   0.00000000E+00  0.00000000E+00  2.68384046E-03  0.00000000E+00  0.00000000E+00  0.00000000E+00  0.00000000E+00  0.00000000E+00  8.12410774E-03  0.00000000E+00  0.00000000E+00  3.83354811E-05
    2.473000      1   0.00000000E+00  0.00000000E+00  2.68393408E-03  0.00000000E+00  0.00000000E+00  0.00000000E+00  0.00000000E+00  0.00000000E+00  8.12414443E-03  0.00000000E+00  0.00000000E+00  3.66917233E-05
    2.474000      1   0.00000000E+00  0.00000000E+00  2.68402848E-03  0.00000000E+00  0.00000000E+00  0.00000000E+00  0.00000000E+00  0.00000000E+00  8.12417953E-03  0.00000000E+00  0.00000000E+00  3.50949068E-05
    2.475000      1   0.00000000E+00  0.00000000E+00  2.68412335E-03  0.00000000E+00  0.00000000E+00  0.00000000E+00  0.00000000E+00  0.00000000E+00  8.12421307E-03  0.00000000E+00  0.00000000E+00  3.35455328E-05
    2.476000      1   0.00000000E+00  0.00000000E+00  2.68421840E-03  0.00000000E+00  0.00000000E+00  0.00000000E+00  0.00000000E+00  0.00000000E+00  8.12424512E-03  0.00000000E+00  0.00000000E+00  3.20439385E-05
    2.477000      1   0.00000000E+00  0.00000000E+00  2.68431334E-03  0.00000000E+00  0.00000000E+00  0.00000000E+00  0.00000000E+00  0.00000000E+00  8.12427571E-03  0.00000000E+00  0.00000000E+00  3.05903077E-05
    2.478000      1   0.00000000E+00  0.00000000E+00  2.68440794E-03  0.00000000E+00  0.00000000E+00  0.00000000E+00  0.00000000E+00  0.00000000E+00  8.12430489E-03  0.00000000E+00  0.00000000E+00  2.91846804E-05
    2.479000      1   0.00000000E+00  0.00000000E+00  2.68450194E-03  0.00000000E+00  0.00000000E+00  0.00000000E+00  0.00000000E+00  0.00000000E+00  8.12433272E-03  0.00000000E+00  0.00000000E+00  2.78269623E-05
    2.480000      1   0.00000000E+00  0.00000000E+00  2.68459515E-03  0.00000000E+00  0.00000000E+00  0.00000000E+00  0.00000000E+00  0.00000000E+00  8.12435923E-03  0.00000000E+00  0.00000000E+00  2.65169348E-05
    2.481000      1   0.00000000E+00  0.00000000E+00  2.68468735E-03  0.00000000E+00  0.00000000E+00  0.00000000E+00  0.00000000E+00  0.00000000E+00  8.12438449E-03  0.00000000E+00  0.00000000E+00  2.52542632E-05
    2.482000      1   0.00000000E+00  0.00000000E+00  2.68477837E-03  0.00000000E+00  0.00000000E+00  0.00000000E+00  0.00000000E+00  0.00000000E+00  8.12440853E-03  0.00000000E+00  0.00000000E+00  2.40385066E-05
    2.483000      1   0.00000000E+00  0.00000000E+00  2.68486803E-03  0.00000000E+00  0.00000000E+00  0.00000000E+00  0.00000000E+00  0.00000000E+00  8.12443140E-03  0.00000000E+00  0.00000000E+00  2.28691257E-05
    2.484000      1   0.00000000E+00  0.00000000E+00  2.68495618E-03  0.00000000E+00  0.00000000E+00  0.00000000E+00  0.00000000E+00  0.00000000E+00  8.12445314E-03  0.00000000E+00  0.00000000E+00  2.17454914E-05
    2.485000      1   0.00000000E+00  0.00000000E+00  2.68504270E-03  0.00000000E+00  0.00000000E+00  0.00000000E+00  0.00000000E+00  0.00000000E+00  8.12447381E-03  0.00000000E+00  0.00000000E+00  2.06668927E-05
    2.486000      1   0.00000000E+00  0.00000000E+00  2.68512744E-03  0.00000000E+00  0.00000000E+00  0.00000000E+00  0.00000000E+00  0.00000000E+00  8.12449344E-03  0.00000000E+00  0.00000000E+00  1.96325443E-05
    2.487000      1   0.00000000E+00  0.00000000E+00  2.68521031E-03  0.00000000E+00  0.00000000E+00  0.00000000E+00  0.00000000E+00  0.00000000E+00  8.12451208E-03  0.00000000E+00  0.00000000E+00  1.86415941E-05
    2.488000      1   0.00000000E+00  0.00000000E+00  2.68529121E-03  0.00000000E+00  0.00000000E+00  0.00000000E+00  0.00000000E+00  0.00000000E+00  8.12452978E-03  0.00000000E+00  0.00000000E+00  1.76931301E-05
    2.489000      1   0.00000000E+00  0.00000000E+00  2.68537005E-03  0.00000000E+00  0.00000000E+00  0.00000000E+00  0.00000000E+00  0.00000000E+00  8.12454656E-03  0.00000000E+00  0.00000000E+00  1.67861871E-05
    2.490000      1   0.00000000E+00  0.00000000E+00  2.68544675E-03  0.00000000E+00  0.00000000E+00  0.00000000E+00  0.00000000E+00  0.00000000E+00  8.12456248E-03  0.00000000E+00  0.00000000E+00  1.59197534E-05
    2.491000      1   0.00000000E+00  0.00000000E+00  2.68552127E-03  0.00000000E+00  0.00000000E+00  0.00000000E+00  0.00000000E+00  0.00000000E+00  8.12457757E-03  0.00000000E+00  0.00000000E+00  1.50927767E-05
    2.492000      1   0.00000000E+00  0.00000000E+00  2.68559355E-03  0.00000000E+00  0.00000000E+00  0.00000000E+00  0.00000000E+00  0.00000000E+00  8.12459188E-03  0.00000000E+00  0.00000000E+00  1.43041699E-05
    2.493000      1   0.00000000E+00  0.00000000E+00  2.68566354E-03  0.00000000E+00  0.00000000E+00  0.00000000E+00  0.00000000E+00  0.00000000E+00  8.12460543E-03  0.00000000E+00  0.00000000E+00  1.35528169E-05
    2.494000      1   0.00000000E+00  0.00000000E+00  2.68573122E-03  0.00000000E+00  0.00000000E+00  0.00000000E+00  0.00000000E+00  0.00000000E+00  8.12461827E-03  0.00000000E+00  0.00000000E+00  1.28375775E-05
    2.495000      1   0.00000000E+00  0.00000000E+00  2.68579656E-03  0.00000000E+00  0.00000000E+00  0.00000000E+00  0.00000000E+00  0.00000000E+00  8.12463043E-03  0.00000000E+00  0.00000000E+00  1.21572925E-05
    2.496000      1   0.00000000E+00  0.00000000E+00  2.68585955E-03  0.00000000E+00  0.00000000E+00  0.00000000E+00  0.00000000E+00  0.00000000E+00  8.12464194E-03  0.00000000E+00  0.00000000E+00  1.15107885E-05
    2.497000      1   0.00000000E+00  0.00000000E+00  2.68592018E-03  0.00000000E+00  0.00000000E+00  0.00000000E+00  0.00000000E+00  0.00000000E+00  8.12465283E-03  0.00000000E+00  0.00000000E+00  1.08968819E-05
    2.498000      1   0.00000000E+00  0.00000000E+00  2.68597845E-03  0.00000000E+00  0.00000000E+00  0.00000000E+00  0.00000000E+00  0.00000000E+00  8.12466315E-03  0.00000000E+00  0.00000000E+00  1.03143834E-05
    2.499000      1   0.00000000E+00  0.00000000E+00  2.68603437E-03  0.00000000E+00  0.00000000E+00  0.00000000E+00  0.00000000E+00  0.00000000E+00  8.12467291E-03  0.00000000E+00  0.00000000E+00  9.76210174E-06
    2.500000      1   0.00000000E+00  0.00000000E+00  2.68608796E-03  0.00000000E+00  0.00000000E+00  0.00000000E+00  0.00000000E+00  0.00000000E+00  8.12468215E-03  0.00000000E+00  0.00000000E+00  9.23884706E-06
    2.501000      1   0.00000000E+00  0.00000000E+00  2.68613923E-03  0.00000000E+00  0.00000000E+00  0.00000000E+00  0.00000000E+00  0.00000000E+00  8.12469089E-03  0.00000000E+00  0.00000000E+00  8.74343449E-06
    2.502000      1   0.00000000E+00  0.00000000E+00  2.68618821E-03  0.00000000E+00  0.00000000E+00  0.00000000E+00  0.00000000E+00  0.00000000E+00  8.12469917E-03  0.00000000E+00  0.00000000E+00  8.27468711E-06
    2.503000      1   0.00000000E+00  0.00000000E+00  2.68623492E-03  0.00000000E+00  0.00000000E+00  0.00000000E+00  0.00000000E+00  0.00000000E+00  8.12470700E-03  0.00000000E+00  0.00000000E+00  7.83143884E-06
    2.504000      1   0.00000000E+00  0.00000000E+00  2.68627941E-03  0.00000000E+00  0.00000000E+00  0.00000000E+00  0.00000000E+00  0.00000000E+00  8.12471441E-03  0.00000000E+00  0.00000000E+00  7.41253702E-06
    2.505000      1   0.00000000E+00  0.00000000E+00  2.68632171E-03  0.00000000E+00  0.00000000E+00  0.00000000E+00  0.00000000E+00  0.00000000E+00  8.12472143E-03  0.00000000E+00  0.00000000E+00  7.01684486E-06
    2.506000      1   0.00000000E+00  0.00000000E+00  2.68636186E-03  0.00000000E+00  0.00000000E+00  0.00000000E+00  0.00000000E+00  0.00000000E+00  8.12472807E-03  0.00000000E+00  0.00000000E+00  6.64324355E-06
    2.507000      1   0.00000000E+00  0.00000000E+00  2.68639991E-03  0.00000000E+00  0.00000000E+00  0.00000000E+00  0.00000000E+00  0.00000000E+00  8.12473436E-03  0.00000000E+00  0.00000000E+00  6.29063432E-06
    2.508000      1   0.00000000E+00  0.00000000E+00  2.68643591E-03  0.00000000E+00  0.00000000E+00  0.00000000E+00  0.00000000E+00  0.00000000E+00  8.12474032E-03  0.00000000E+00  0.00000000E+00  5.95794016E-06
    2.509000      1   0.00000000E+00  0.00000000E+00  2.68646990E-03  0.00000000E+00  0.00000000E+00  0.00000000E+00  0.00000000E+00  0.00000000E+00  8.12474596E-03  0.00000000E+00  0.00000000E+00  5.64410746E-06
    2.510000      1   0.00000000E+00  0.00000000E+00  2.68650194E-03  0.00000000E+00  0.00000000E+00  0.00000000E+00  0.00000000E+00  0.00000000E+00  8.12475131E-03  0.00000000E+00  0.00000000E+00  5.34810738E-06
    2.511000      1   0.00000000E+00  0.00000000E+00  2.68653209E-03  0.00000000E+00  0.00000000E+00  0.00000000E+00  0.00000000E+00  0.00000000E+00  8.12475638E-03  0.00000000E+00  0.00000000E+00  5.06893713E-06
    2.512000      1   0.00000000E+00  0.00000000E+00  2.68656040E-03  0.00000000E+00  0.00000000E+00  0.00000000E+00  0.00000000E+00  0.00000000E+00  8.12476119E-03  0.00000000E+00  0.00000000E+00  4.80562103E-06
    2.513000      1   0.00000000E+00  0.00000000E+00  2.68658692E-03  0.00000000E+00  0.00000000E+00  0.00000000E+00  0.00000000E+00  0.00000000E+00  8.12476574E-03  0.00000000E+00  0.00000000E+00  4.55721144E-06
    2.514000      1   0.00000000E+00  0.00000000E+00  2.68661173E-03  0.00000000E+00  0.00000000E+00  0.00000000E+00  0.00000000E+00  0.00000000E+00  8.12477007E-03  0.00000000E+00  0.00000000E+00  4.32278955E-06
    2.515000      1   0.00000000E+00  0.00000000E+00  2.68663487E-03  0.00000000E+00  0.00000000E+00  0.00000000E+00  0.00000000E+00  0.00000000E+00  8.12477417E-03  0.00000000E+00  0.00000000E+00  4.10146599E-06
    2.516000      1   0.00000000E+00  0.00000000E+00  2.68665641E-03  0.00000000E+00  0.00000000E+00  0.00000000E+00  0.00000000E+00  0.00000000E+00  8.12477806E-03  0.00000000E+00  0.00000000E+00  3.89238136E-06
    2.517000      1   0.00000000E+00  0.00000000E+00  2.68667641E-03  0.00000000E+00  0.00000000E+00  0.00000000E+00  0.00000000E+00  0.00000000E+00  8.12478176E-03  0.00000000E+00  0.00000000E+00  3.69470659E-06
    2.518000      1   0.00000000E+00  0.00000000E+00  2.68669493E-03  0.00000000E+00  0.00000000E+00  0.00000000E+00  0.00000000E+00  0.00000000E+00  8.12478526E-03  0.00000000E+00  0.00000000E+00  3.50764324E-06
    2.519000      1   0.00000000E+00  0.00000000E+00  2.68671204E-03  0.00000000E+00  0.00000000E+00  0.00000000E+00  0.00000000E+00  0.00000000E+00  8.12478859E-03  0.00000000E+00  0.00000000E+00  3.33042363E-06
    2.520000      1   0.00000000E+00  0.00000000E+00  2.68672778E-03  0.00000000E+00  0.00000000E+00  0.00000000E+00  0.00000000E+00  0.00000000E+00  8.12479176E-03  0.00000000E+00  0.00000000E+00  3.16231089E-06
    2.521000      1   0.00000000E+00  0.00000000E+00  2.68674223E-03  0.00000000E+00  0.00000000E+00  0.00000000E+00  0.00000000E+00  0.00000000E+00  8.12479476E-03  0.00000000E+00  0.00000000E+00  3.00259894E-06
    2.522000      1   0.00000000E+00  0.00000000E+00  2.68675544E-03  0.00000000E+00  0.00000000E+00  0.00000000E+00  0.00000000E+00  0.00000000E+00  8.12479761E-03  0.00000000E+00  0.00000000E+00  2.85061235E-06
    2.523000      1   0.00000000E+00  0.00000000E+00  2.68676747E-03  0.00000000E+00  0.00000000E+00  0.00000000E+00  0.00000000E+00  0.00000000E+00  8.12480031E-03  0.00000000E+00  0.00000000E+00  2.70570614E-06
    2.524000      1   0.00000000E+00  0.00000000E+00  2.68677838E-03  0.00000000E+00  0.00000000E+00  0.00000000E+00  0.00000000E+00  0.00000000E+00  8.12480288E-03  0.00000000E+00  0.00000000E+00  2.56726549E-06
    2.525000      1   0.00000000E+00  0.00000000E+00  2.68678823E-03  0.00000000E+00  0.00000000E+00  0.00000000E+00  0.00000000E+00  0.00000000E+00  8.12480532E-03  0.00000000E+00  0.00000000E+00  2.43470537E-06
    2.526000      1   0.00000000E+00  0.00000000E+00  2.68679707E-03  0.00000000E+00  0.00000000E+00  0.00000000E+00  0.00000000E+00  0.00000000E+00  8.12480762E-03  0.00000000E+00  0.00000000E+00  2.30747013E-06
    2.527000      1   0.00000000E+00  0.00000000E+00  2.68680496E-03  0.00000000E+00  0.00000000E+00  0.00000000E+00  0.00000000E+00  0.00000000E+00  8.12480981E-03  0.00000000E+00  0.00000000E+00  2.18503305E-06
    2.528000      1   0.00000000E+00  0.00000000E+00  2.68681196E-03  0.00000000E+00  0.00000000E+00  0.00000000E+00  0.00000000E+00  0.00000000E+00  8.12481188E-03  0.00000000E+00  0.00000000E+00  2.06689578E-06
    2.529000      1   0.00000000E+00  0.00000000E+00  2.68681811E-03  0.00000000E+00  0.00000000E+00  0.00000000E+00  0.00000000E+00  0.00000000E+00  8.12481383E-03  0.00000000E+00  0.00000000E+00  1.95258776E-06
    2.530000      1   0.00000000E+00  0.00000000E+00  2.68682347E-03  0.00000000E+00  0.00000000E+00  0.00000000E+00  0.00000000E+00  0.00000000E+00  8.12481567E-03  0.00000000E+00  0.00000000E+00  1.84166564E-06
    2.531000      1   0.00000000E+00  0.00000000E+00  2.68682809E-03  0.00000000E+00  0.00000000E+00  0.00000000E+00  0.00000000E+00  0.00000000E+00  8.12481740E-03  0.00000000E+00  0.00000000E+00  1.73371259E-06
    2.532000      1   0.00000000E+00  0.00000000E+00  2.68683202E-03  0.00000000E+00  0.00000000E+00  0.00000000E+00  0.00000000E+00  0.00000000E+00  8.12481903E-03  0.00000000E+00  0.00000000E+00  1.62833762E-06
    2.533000      1   0.00000000E+00  0.00000000E+00  2.68683531E-03  0.00000000E+00  0.00000000E+00  0.00000000E+00  0.00000000E+00  0.00000000E+00  8.12482056E-03  0.00000000E+00  0.00000000E+00  1.52517489E-06
    2.534000      1   0.00000000E+00  0.00000000E+00  2.68683799E-03  0.00000000E+00  0.00000000E+00  0.00000000E+00  0.00000000E+00  0.00000000E+00  8.12482198E-03  0.00000000E+00  0.00000000E+00  1.42388294E-06
    2.535000      1   0.00000000E+00  0.00000000E+00  2.68684012E-03  0.00000000E+00  0.00000000E+00  0.00000000E+00  0.00000000E+00  0.00000000E+00  8.12482331E-03  0.00000000E+00  0.00000000E+00  1.32414394E-06
    2.536000      1   0.00000000E+00  0.00000000E+00  2.68684174E-03  0.00000000E+00  0.00000000E+00  0.00000000E+00  0.00000000E+00  0.00000000E+00  8.12482453E-03  0.00000000E+00  0.00000000E+00  1.22566291E-06
    2.537000      1   0.00000000E+00  0.00000000E+00  2.68684288E-03  0.00000000E+00  0.00000000E+00  0.00000000E+00  0.00000000E+00  0.00000000E+00  8.12482566E-03  0.00000000E+00  0.00000000E+00  1.12816693E-06
    2.538000      1   0.00000000E+00  0.00000000E+00  2.68684359E-03  0.00000000E+00  0.00000000E+00  0.00000000E+00  0.00000000E+00  0.00000000E+00  8.12482669E-03  0.00000000E+00  0.00000000E+00  1.03140437E-06
    2.539000      1   0.00000000E+00  0.00000000E+00  2.68684391E-03  0.00000000E+00  0.00000000E+00  0.00000000E+00  0.00000000E+00  0.00000000E+00  8.12482763E-03  0.00000000E+00  0.00000000E+00  9.35144022E-07
    2.540000      1   0.00000000E+00  0.00000000E+00  2.68684387E-03  0.00000000E+00  0.00000000E+00  0.00000000E+00  0.00000000E+00  0.00000000E+00  8.12482846E-03  0.00000000E+00  0.00000000E+00  8.39174353E-07
    2.541000      1   0.00000000E+00  0.00000000E+00  2.68684351E-03  0.00000000E+00  0.00000000E+00  0.00000000E+00  0.00000000E+00  0.00000000E+00  8.12482921E-03  0.00000000E+00  0.00000000E+00  7.43302653E-07
    2.542000      1   0.00000000E+00  0.00000000E+00  2.68684286E-03  0.00000000E+00  0.00000000E+00  0.00000000E+00  0.00000000E+00  0.00000000E+00  8.12482986E-03  0.00000000E+00  0.00000000E+00  6.47354243E-07
    2.543000      1   0.00000000E+00  0.00000000E+00  2.68684195E-03  0.00000000E+00  0.00000000E+00  0.00000000E+00  0.00000000E+00  0.00000000E+00  8.12483041E-03  0.00000000E+00  0.00000000E+00  5.51171662E-07
    2.544000      1   0.00000000E+00  0.00000000E+00  2.68684081E-03  0.00000000E+00  0.00000000E+00  0.00000000E+00  0.00000000E+00  0.00000000E+00  8.12483086E-03  0.00000000E+00  0.00000000E+00  4.54613869E-07
    2.545000      1   0.00000000E+00  0.00000000E+00  2.68683947E-03  0.00000000E+00  0.00000000E+00  0.00000000E+00  0.00000000E+00  0.00000000E+00  8.12483122E-03  0.00000000E+00  0.00000000E+00  3.57555448E-07
    2.546000      1   0.00000000E+00  0.00000000E+00  2.68683796E-03  0.00000000E+00  0.00000000E+00  0.00000000E+00  0.00000000E+00  0.00000000E+00  8.12483148E-03  0.00000000E+00  0.00000000E+00  2.59885827E-07
    2.547000      1   0.00000000E+00  0.00000000E+00  2.68683629E-03  0.00000000E+00  0.00000000E+00  0.00000000E+00  0.00000000E+00  0.00000000E+00  8.12483164E-03  0.00000000E+00  0.00000000E+00  1.61508506E-07
    2.548000      1   0.00000000E+00  0.00000000E+00  2.68683451E-03  0.00000000E+00  0.00000000E+00  0.00000000E+00  0.00000000E+00  0.00000000E+00  8.12483170E-03  0.00000000E+00  0.00000000E+00  6.23402963E-08
    2.549000      1   0.00000000E+00  0.00000000E+00  2.68683262E-03  0.00000000E+00  0.00000000E+00  0.00000000E+00  0.00000000E+00  0.00000000E+00  8.12483166E-03  0.00000000E+00  0.00000000E+00 -3.76894221E-08
    2.550000      1   0.00000000E+00  0.00000000E+00  2.68683065E-03  0.00000000E+00  0.00000000E+00  0.00000000E+00  0.00000000E+00  0.00000000E+00  8.12483153E-03  0.00000000E+00  0.00000000E+00 -1.38639432E-07
    2.551000      1   0.00000000E+00  0.00000000E+00  2.68682862E-03  0.00000000E+00  0.00000000E+00  0.00000000E+00  0.00000000E+00  0.00000000E+00  8.12483129E-03  0.00000000E+00  0.00000000E+00 -2.40557389E-07
    2.552000      1   0.00000000E+00  0.00000000E+00  2.68682655E-03  0.00000000E+00  0.00000000E+00  0.00000000E+00  0.00000000E+00  0.00000000E+00  8.12483094E-03  0.00000000E+00  0.00000000E+00 -3.43480521E-07
    2.553000      1   0.00000000E+00  0.00000000E+00  2.68682446E-03  0.00000000E+00  0.00000000E+00  0.00000000E+00  0.00000000E+00  0.00000000E+00  8.12483049E-03  0.00000000E+00  0.00000000E+00 -4.47436300E-07
    2.554000      1   0.00000000E+00  0.00000000E+00  2.68682235E-03  0.00000000E+00  0.00000000E+00  0.00000000E+00  0.00000000E+00  0.00000000E+00  8.12482994E-03  0.00000000E+00  0.00000000E+00 -5.52443105E-07
    2.555000      1   0.00000000E+00  0.00000000E+00  2.68682025E-03  0.00000000E+00  0.00000000E+00  0.00000000E+00  0.00000000E+00  0.00000000E+00  8.12482928E-03  0.00000000E+00  0.00000000E+00 -6.58510856E-07
    2.556000      1   0.00000000E+00  0.00000000E+00  2.68681817E-03  0.00000000E+00  0.00000000E+00  0.00000000E+00  0.00000000E+00  0.00000000E+00  8.12482852E-03  0.00000000E+00  0.00000000E+00 -7.65641634E-07
    2.557000      1   0.00000000E+00  0.00000000E+00  2.68681612E-03  0.00000000E+00  0.00000000E+00  0.00000000E+00  0.00000000E+00  0.00000000E+00  8.12482764E-03  0.00000000E+00  0.00000000E+00 -8.73830278E-07
    2.558000      1   0.00000000E+00  0.00000000E+00  2.68681411E-03  0.00000000E+00  0.00000000E+00  0.00000000E+00  0.00000000E+00  0.00000000E+00  8.12482666E-03  0.00000000E+00  0.00000000E+00 -9.83064961E-07
    2.559000      1   0.00000000E+00  0.00000000E+00  2.68681216E-03  0.00000000E+00  0.00000000E+00  0.00000000E+00  0.00000000E+00  0.00000000E+00  8.12482557E-03  0.00000000E+00  0.00000000E+00 -1.09332774E-06
    2.560000      1   0.00000000E+00  0.00000000E+00  2.68681027E-03  0.00000000E+00  0.00000000E+00  0.00000000E+00  0.00000000E+00  0.00000000E+00  8.12482436E-03  0.00000000E+00  0.00000000E+00 -1.20459511E-06
    2.561000      1   0.00000000E+00  0.00000000E+00  2.68680845E-03  0.00000000E+00  0.00000000E+00  0.00000000E+00  0.00000000E+00  0.00000000E+00  8.12482305E-03  0.00000000E+00  0.00000000E+00 -1.31683848E-06
    2.562000      1   0.00000000E+00  0.00000000E+00  2.68680671E-03  0.00000000E+00  0.00000000E+00  0.00000000E+00  0.00000000E+00  0.00000000E+00  8.12482162E-03  0.00000000E+00  0.00000000E+00 -1.43002469E-06
    2.563000      1   0.00000000E+00  0.00000000E+00  2.68680505E-03  0.00000000E+00  0.00000000E+00  0.00000000E+00  0.00000000E+00  0.00000000E+00  8.12482007E-03  0.00000000E+00  0.00000000E+00 -1.54411648E-06
    2.564000      1   0.00000000E+00  0.00000000E+00  2.68680349E-03  0.00000000E+00  0.00000000E+00  0.00000000E+00  0.00000000E+00  0.00000000E+00  8.12481841E-03  0.00000000E+00  0.00000000E+00 -1.65907293E-06
    2.565000      1   0.00000000E+00  0.00000000E+00  2.68680202E-03  0.00000000E+00  0.00000000E+00  0.00000000E+00  0.00000000E+00  0.00000000E+00  8.12481664E-03  0.00000000E+00  0.00000000E+00 -1.77484988E-06
    2.566000      1   0.00000000E+00  0.00000000E+00  2.68680065E-03  0.00000000E+00  0.00000000E+00  0.00000000E+00  0.00000000E+00  0.00000000E+00  8.12481475E-03  0.00000000E+00  0.00000000E+00 -1.89140034E-06
    2.567000      1   0.00000000E+00  0.00000000E+00  2.68679939E-03  0.00000000E+00  0.00000000E+00  0.00000000E+00  0.00000000E+00  0.00000000E+00  8.12481274E-03  0.00000000E+00  0.00000000E+00 -2.00867490E-06
    2.568000      1   0.00000000E+00  0.00000000E+00  2.68679823E-03  0.00000000E+00  0.00000000E+00  0.00000000E+00  0.00000000E+00  0.00000000E+00  8.12481061E-03  0.00000000E+00  0.00000000E+00 -2.12662205E-06
    2.569000      1   0.00000000E+00  0.00000000E+00  2.68679718E-03  0.00000000E+00  0.00000000E+00  0.00000000E+00  0.00000000E+00  0.00000000E+00  8.12480837E-03  0.00000000E+00  0.00000000E+00 -2.24518855E-06
    2.570000      1   0.00000000E+00  0.00000000E+00  2.68679625E-03  0.00000000E+00  0.00000000E+00  0.00000000E+00  0.00000000E+00  0.00000000E+00  8.12480600E-03  0.00000000E+00  0.00000000E+00 -2.36431974E-06
    2.571000      1   0.00000000E+00  0.00000000E+00  2.68679543E-03  0.00000000E+00  0.00000000E+00  0.00000000E+00  0.00000000E+00  0.00000000E+00  8.12480352E-03  0.00000000E+00  0.00000000E+00 -2.48395989E-06
    2.572000      1   0.00000000E+00  0.00000000E+00  2.68679472E-03  0.00000000E+00  0.00000000E+00  0.00000000E+00  0.00000000E+00  0.00000000E+00  8.12480091E-03  0.00000000E+00  0.00000000E+00 -2.60405241E-06
    2.573000      1   0.00000000E+00  0.00000000E+00  2.68679412E-03  0.00000000E+00  0.00000000E+00  0.00000000E+00  0.00000000E+00  0.00000000E+00  8.12479819E-03  0.00000000E+00  0.00000000E+00 -2.72454018E-06
    2.574000      1   0.00000000E+00  0.00000000E+00  2.68679364E-03  0.00000000E+00  0.00000000E+00  0.00000000E+00  0.00000000E+00  0.00000000E+00  8.12479534E-03  0.00000000E+00  0.00000000E+00 -2.84536579E-06
    2.575000      1   0.00000000E+00  0.00000000E+00  2.68679328E-03  0.00000000E+00  0.00000000E+00  0.00000000E+00  0.00000000E+00  0.00000000E+00  8.12479238E-03  0.00000000E+00  0.00000000E+00 -2.96647173E-06
    2.576000      1   0.00000000E+00  0.00000000E+00  2.68679302E-03  0.00000000E+00  0.00000000E+00  0.00000000E+00  0.00000000E+00  0.00000000E+00  8.12478929E-03  0.00000000E+00  0.00000000E+00 -3.08780067E-06
    2.577000      1   0.00000000E+00  0.00000000E+00  2.68679287E-03  0.00000000E+00  0.00000000E+00  0.00000000E+00  0.00000000E+00  0.00000000E+00  8.12478608E-03  0.00000000E+00  0.00000000E+00 -3.20929561E-06
    2.578000      1   0.00000000E+00  0.00000000E+00  2.68679284E-03  0.00000000E+00  0.00000000E+00  0.00000000E+00  0.00000000E+00  0.00000000E+00  8.12478275E-03  0.00000000E+00  0.00000000E+00 -3.33090009E-06
    2.579000      1   0.00000000E+00  0.00000000E+00  2.68679291E-03  0.00000000E+00  0.00000000E+00  0.00000000E+00  0.00000000E+00  0.00000000E+00  8.12477930E-03  0.00000000E+00  0.00000000E+00 -3.45255834E-06
    2.580000      1   0.00000000E+00  0.00000000E+00  2.68679309E-03  0.00000000E+00  0.00000000E+00  0.00000000E+00  0.00000000E+00  0.00000000E+00  8.12477572E-03  0.00000000E+00  0.00000000E+00 -3.57421547E-06
    2.581000      1   0.00000000E+00  0.00000000E+00  2.68679337E-03  0.00000000E+00  0.00000000E+00  0.00000000E+00  0.00000000E+00  0.00000000E+00  8.12477203E-03  0.00000000E+00  0.00000000E+00 -3.69581756E-06
    2.582000      1   0.00000000E+00  0.00000000E+00  2.68679375E-03  0.00000000E+00  0.00000000E+00  0.00000000E+00  0.00000000E+00  0.00000000E+00  8.12476821E-03  0.00000000E+00  0.00000000E+00 -3.81731182E-06
    2.583000      1   0.00000000E+00  0.00000000E+00  2.68679423E-03  0.00000000E+00  0.00000000E+00  0.00000000E+00  0.00000000E+00  0.00000000E+00  8.12476427E-03  0.00000000E+00  0.00000000E+00 -3.93864669E-06
    2.584000      1   0.00000000E+00  0.00000000E+00  2.68679480E-03  0.00000000E+00  0.00000000E+00  0.00000000E+00  0.00000000E+00  0.00000000E+00  8.12476021E-03  0.00000000E+00  0.00000000E+00 -4.05977196E-06
    2.585000      1   0.00000000E+00  0.00000000E+00  2.68679547E-03  0.00000000E+00  0.00000000E+00  0.00000000E+00  0.00000000E+00  0.00000000E+00  8.12475603E-03  0.00000000E+00  0.00000000E+00 -4.18063884E-06
    2.586000      1   0.00000000E+00  0.00000000E+00  2.68679622E-03  0.00000000E+00  0.00000000E+00  0.00000000E+00  0.00000000E+00  0.00000000E+00  8.12475173E-03  0.00000000E+00  0.00000000E+00 -4.30120005E-06
    2.587000      1   0.00000000E+00  0.00000000E+00  2.68679706E-03  0.00000000E+00  0.00000000E+00  0.00000000E+00  0.00000000E+00  0.00000000E+00  8.12474731E-03  0.00000000E+00  0.00000000E+00 -4.42140987E-06
    2.588000      1   0.00000000E+00  0.00000000E+00  2.68679798E-03  0.00000000E+00  0.00000000E+00  0.00000000E+00  0.00000000E+00  0.00000000E+00  8.12474277E-03  0.00000000E+00  0.00000000E+00 -4.54122423E-06
    2.589000      1   0.00000000E+00  0.00000000E+00  2.68679897E-03  0.00000000E+00  0.00000000E+00  0.00000000E+00  0.00000000E+00  0.00000000E+00  8.12473811E-03  0.00000000E+00  0.00000000E+00 -4.66060073E-06
    2.590000      1   0.00000000E+00  0.00000000E+00  2.68680005E-03  0.00000000E+00  0.00000000E+00  0.00000000E+00  0.00000000E+00  0.00000000E+00  8.12473333E-03  0.00000000E+00  0.00000000E+00 -4.77949870E-06
    2.591000      1   0.00000000E+00  0.00000000E+00  2.68680119E-03  0.00000000E+00  0.00000000E+00  0.00000000E+00  0.00000000E+00  0.00000000E+00  8.12472843E-03  0.00000000E+00  0.00000000E+00 -4.89787921E-06
    2.592000      1   0.00000000E+00  0.00000000E+00  2.68680240E-03  0.00000000E+00  0.00000000E+00  0.00000000E+00  0.00000000E+00  0.00000000E+00  8.12472341E-03  0.00000000E+00  0.00000000E+00 -5.01570511E-06
    2.593000      1   0.00000000E+00  0.00000000E+00  2.68680368E-03  0.00000000E+00  0.00000000E+00  0.00000000E+00  0.00000000E+00  0.00000000E+00  8.12471828E-03  0.00000000E+00  0.00000000E+00 -5.13294104E-06
    2.594000      1   0.00000000E+00  0.00000000E+00  2.68680501E-03  0.00000000E+00  0.00000000E+00  0.00000000E+00  0.00000000E+00  0.00000000E+00  8.12471303E-03  0.00000000E+00  0.00000000E+00 -5.24955343E-06
    2.595000      1   0.00000000E+00  0.00000000E+00  2.68680641E-03  0.00000000E+00  0.00000000E+00  0.00000000E+00  0.00000000E+00  0.00000000E+00  8.12470767E-03  0.00000000E+00  0.00000000E+00 -5.36551053E-06
    2.596000      1   0.00000000E+00  0.00000000E+00  2.68680786E-03  0.00000000E+00  0.00000000E+00  0.00000000E+00  0.00000000E+00  0.00000000E+00  8.12470218E-03  0.00000000E+00  0.00000000E+00 -5.48078236E-06
    2.597000      1   0.00000000E+00  0.00000000E+00  2.68680935E-03  0.00000000E+00  0.00000000E+00  0.00000000E+00  0.00000000E+00  0.00000000E+00  8.12469659E-03  0.00000000E+00  0.00000000E+00 -5.59534076E-06
    2.598000      1   0.00000000E+00  0.00000000E+00  2.68681090E-03  0.00000000E+00  0.00000000E+00  0.00000000E+00  0.00000000E+00  0.00000000E+00  8.12469088E-03  0.00000000E+00  0.00000000E+00 -5.70915932E-06
    2.599000      1   0.00000000E+00  0.00000000E+00  2.68681248E-03  0.00000000E+00  0.00000000E+00  0.00000000E+00  0.00000000E+00  0.00000000E+00  8.12468506E-03  0.00000000E+00  0.00000000E+00 -5.82221339E-06
    2.600000      1   0.00000000E+00  0.00000000E+00  2.68681411E-03  0.00000000E+00  0.00000000E+00  0.00000000E+00  0.00000000E+00  0.00000000E+00  8.12467912E-03  0.00000000E+00  0.00000000E+00 -5.93448006E-06
    2.601000      1   0.00000000E+00  0.00000000E+00  2.68681577E-03  0.00000000E+00  0.00000000E+00  0.00000000E+00  0.00000000E+00  0.00000000E+00  8.12467308E-03  0.00000000E+00  0.00000000E+00 -6.04593810E-06
    2.602000      1   0.00000000E+00  0.00000000E+00  2.68681747E-03  0.00000000E+00  0.00000000E+00  0.00000000E+00  0.00000000E+00  0.00000000E+00  8.12466692E-03  0.00000000E+00  0.00000000E+00 -6.15656797E-06
    2.603000      1   0.00000000E+00  0.00000000E+00  2.68681919E-03  0.00000000E+00  0.00000000E+00  0.00000000E+00  0.00000000E+00  0.00000000E+00  8.12466065E-03  0.00000000E+00  0.00000000E+00 -6.26635177E-06
    2.604000      1   0.00000000E+00  0.00000000E+00  2.68682095E-03  0.00000000E+00  0.00000000E+00  0.00000000E+00  0.00000000E+00  0.00000000E+00  8.12465428E-03  0.00000000E+00  0.00000000E+00 -6.37527319E-06
    2.605000      1   0.00000000E+00  0.00000000E+00  2.68682273E-03  0.00000000E+00  0.00000000E+00  0.00000000E+00  0.00000000E+00  0.00000000E+00  8.12464780E-03  0.00000000E+00  0.00000000E+00 -6.48331748E-06
    2.606000      1   0.00000000E+00  0.00000000E+00  2.68682452E-03  0.00000000E+00  0.00000000E+00  0.00000000E+00  0.00000000E+00  0.00000000E+00  8.12464121E-03  0.00000000E+00  0.00000000E+00 -6.59047142E-06
    2.607000      1   0.00000000E+00  0.00000000E+00  2.68682634E-03  0.00000000E+00  0.00000000E+00  0.00000000E+00  0.00000000E+00  0.00000000E+00  8.12463451E-03  0.00000000E+00  0.00000000E+00 -6.69672324E-06
    2.608000      1   0.00000000E+00  0.00000000E+00  2.68682818E-03  0.00000000E+00  0.00000000E+00  0.00000000E+00  0.00000000E+00  0.00000000E+00  8.12462771E-03  0.00000000E+00  0.00000000E+00 -6.80206263E-06
    2.609000      1   0.00000000E+00  0.00000000E+00  2.68683002E-03  0.00000000E+00  0.00000000E+00  0.00000000E+00  0.00000000E+00  0.00000000E+00  8.12462080E-03  0.00000000E+00  0.00000000E+00 -6.90648063E-06
    2.610000      1   0.00000000E+00  0.00000000E+00  2.68683188E-03  0.00000000E+00  0.00000000E+00  0.00000000E+00  0.00000000E+00  0.00000000E+00  8.12461379E-03  0.00000000E+00  0.00000000E+00 -7.00996964E-06
    2.611000      1   0.00000000E+00  0.00000000E+00  2.68683375E-03  0.00000000E+00  0.00000000E+00  0.00000000E+00  0.00000000E+00  0.00000000E+00  8.12460668E-03  0.00000000E+00  0.00000000E+00 -7.11252333E-06
    2.612000      1   0.00000000E+00  0.00000000E+00  2.68683562E-03  0.00000000E+00  0.00000000E+00  0.00000000E+00  0.00000000E+00  0.00000000E+00  8.12459946E-03  0.00000000E+00  0.00000000E+00 -7.21413659E-06
    2.613000      1   0.00000000E+00  0.00000000E+00  2.68683750E-03  0.00000000E+00  0.00000000E+00  0.00000000E+00  0.00000000E+00  0.00000000E+00  8.12459215E-03  0.00000000E+00  0.00000000E+00 -7.31480552E-06
    2.614000      1   0.00000000E+00  0.00000000E+00  2.68683938E-03  0.00000000E+00  0.00000000E+00  0.00000000E+00  0.00000000E+00  0.00000000E+00  8.12458473E-03  0.00000000E+00  0.00000000E+00 -7.41452734E-06
    2.615000      1   0.00000000E+00  0.00000000E+00  2.68684126E-03  0.00000000E+00  0.00000000E+00  0.00000000E+00  0.00000000E+00  0.00000000E+00  8.12457722E-03  0.00000000E+00  0.00000000E+00 -7.51330034E-06
    2.616000      1   0.00000000E+00  0.00000000E+00  2.68684314E-03  0.00000000E+00  0.00000000E+00  0.00000000E+00  0.00000000E+00  0.00000000E+00  8.12456961E-03  0.00000000E+00  0.00000000E+00 -7.61112385E-06
    2.617000      1   0.00000000E+00  0.00000000E+00  2.68684501E-03  0.00000000E+00  0.00000000E+00  0.00000000E+00  0.00000000E+00  0.00000000E+00  8.12456190E-03  0.00000000E+00  0.00000000E+00 -7.70799819E-06
    2.618000      1   0.00000000E+00  0.00000000E+00  2.68684688E-03  0.00000000E+00  0.00000000E+00  0.00000000E+00  0.00000000E+00  0.00000000E+00  8.12455410E-03  0.00000000E+00  0.00000000E+00 -7.80392460E-06
    2.619000      1   0.00000000E+00  0.00000000E+00  2.68684874E-03  0.00000000E+00  0.00000000E+00  0.00000000E+00  0.00000000E+00  0.00000000E+00  8.12454620E-03  0.00000000E+00  0.00000000E+00 -7.89890518E-06
    2.620000      1   0.00000000E+00  0.00000000E+00  2.68685059E-03  0.00000000E+00  0.00000000E+00  0.00000000E+00  0.00000000E+00  0.00000000E+00  8.12453821E-03  0.00000000E+00  0.00000000E+00 -7.99294289E-06
    2.621000      1   0.00000000E+00  0.00000000E+00  2.68685244E-03  0.00000000E+00  0.00000000E+00  0.00000000E+00  0.00000000E+00  0.00000000E+00  8.12453012E-03  0.00000000E+00  0.00000000E+00 -8.08604145E-06
    2.622000      1   0.00000000E+00  0.00000000E+00  2.68685427E-03  0.00000000E+00  0.00000000E+00  0.00000000E+00  0.00000000E+00  0.00000000E+00  8.12452194E-03  0.00000000E+00  0.00000000E+00 -8.17820533E-06
    2.623000      1   0.00000000E+00  0.00000000E+00  2.68685609E-03  0.00000000E+00  0.00000000E+00  0.00000000E+00  0.00000000E+00  0.00000000E+00  8.12451367E-03  0.00000000E+00  0.00000000E+00 -8.26943968E-06
    2.624000      1   0.00000000E+00  0.00000000E+00  2.68685790E-03  0.00000000E+00  0.00000000E+00  0.00000000E+00  0.00000000E+00  0.00000000E+00  8.12450531E-03  0.00000000E+00  0.00000000E+00 -8.35975028E-06
    2.625000      1   0.00000000E+00  0.00000000E+00  2.68685969E-03  0.00000000E+00  0.00000000E+00  0.00000000E+00  0.00000000E+00  0.00000000E+00  8.12449686E-03  0.00000000E+00  0.00000000E+00 -8.44914351E-06
    2.626000      1   0.00000000E+00  0.00000000E+00  2.68686147E-03  0.00000000E+00  0.00000000E+00  0.00000000E+00  0.00000000E+00  0.00000000E+00  8.12448833E-03  0.00000000E+00  0.00000000E+00 -8.53762631E-06
    2.627000      1   0.00000000E+00  0.00000000E+00  2.68686323E-03  0.00000000E+00  0.00000000E+00  0.00000000E+00  0.00000000E+00  0.00000000E+00  8.12447970E-03  0.00000000E+00  0.00000000E+00 -8.62520613E-06
    2.628000      1   0.00000000E+00  0.00000000E+00  2.68686497E-03  0.00000000E+00  0.00000000E+00  0.00000000E+00  0.00000000E+00  0.00000000E+00  8.12447099E-03  0.00000000E+00  0.00000000E+00 -8.71189088E-06
    2.629000      1   0.00000000E+00  0.00000000E+00  2.68686670E-03  0.00000000E+00  0.00000000E+00  0.00000000E+00  0.00000000E+00  0.00000000E+00  8.12446219E-03  0.00000000E+00  0.00000000E+00 -8.79768890E-06
    2.630000      1   0.00000000E+00  0.00000000E+00  2.68686840E-03  0.00000000E+00  0.00000000E+00  0.00000000E+00  0.00000000E+00  0.00000000E+00  8.12445331E-03  0.00000000E+00  0.00000000E+00 -8.88260891E-06
    2.631000      1   0.00000000E+00  0.00000000E+00  2.68687009E-03  0.00000000E+00  0.00000000E+00  0.00000000E+00  0.00000000E+00  0.00000000E+00  8.12444434E-03  0.00000000E+00  0.00000000E+00 -8.96666000E-06
    2.632000      1   0.00000000E+00  0.00000000E+00  2.68687176E-03  0.00000000E+00  0.00000000E+00  0.00000000E+00  0.00000000E+00  0.00000000E+00  8.12443529E-03  0.00000000E+00  0.00000000E+00 -9.04985158E-06
    2.633000      1   0.00000000E+00  0.00000000E+00  2.68687341E-03  0.00000000E+00  0.00000000E+00  0.00000000E+00  0.00000000E+00  0.00000000E+00  8.12442616E-03  0.00000000E+00  0.00000000E+00 -9.13219330E-06
    2.634000      1   0.00000000E+00  0.00000000E+00  2.68687504E-03  0.00000000E+00  0.00000000E+00  0.00000000E+00  0.00000000E+00  0.00000000E+00  8.12441695E-03  0.00000000E+00  0.00000000E+00 -9.21369511E-06
    2.635000      1   0.00000000E+00  0.00000000E+00  2.68687665E-03  0.00000000E+00  0.00000000E+00  0.00000000E+00  0.00000000E+00  0.00000000E+00  8.12440765E-03  0.00000000E+00  0.00000000E+00 -9.29436713E-06
    2.636000      1   0.00000000E+00  0.00000000E+00  2.68687824E-03  0.00000000E+00  0.00000000E+00  0.00000000E+00  0.00000000E+00  0.00000000E+00  8.12439828E-03  0.00000000E+00  0.00000000E+00 -9.37421971E-06
    2.637000      1   0.00000000E+00  0.00000000E+00  2.68687980E-03  0.00000000E+00  0.00000000E+00  0.00000000E+00  0.00000000E+00  0.00000000E+00  8.12438882E-03  0.00000000E+00  0.00000000E+00 -9.45326332E-06
    2.638000      1   0.00000000E+00  0.00000000E+00  2.68688135E-03  0.00000000E+00  0.00000000E+00  0.00000000E+00  0.00000000E+00  0.00000000E+00  8.12437929E-03  0.00000000E+00  0.00000000E+00 -9.53150857E-06
    2.639000      1   0.00000000E+00  0.00000000E+00  2.68688287E-03  0.00000000E+00  0.00000000E+00  0.00000000E+00  0.00000000E+00  0.00000000E+00  8.12436968E-03  0.00000000E+00  0.00000000E+00 -9.60896617E-06
    2.640000      1   0.00000000E+00  0.00000000E+00  2.68688437E-03  0.00000000E+00  0.00000000E+00  0.00000000E+00  0.00000000E+00  0.00000000E+00  8.12436000E-03  0.00000000E+00  0.00000000E+00 -9.68564693E-06
    2.641000      1   0.00000000E+00  0.00000000E+00  2.68688586E-03  0.00000000E+00  0.00000000E+00  0.00000000E+00  0.00000000E+00  0.00000000E+00  8.12435024E-03  0.00000000E+00  0.00000000E+00 -9.76156169E-06
    2.642000      1   0.00000000E+00  0.00000000E+00  2.68688731E-03  0.00000000E+00  0.00000000E+00  0.00000000E+00  0.00000000E+00  0.00000000E+00  8.12434040E-03  0.00000000E+00  0.00000000E+00 -9.83672131E-06
    2.643000      1   0.00000000E+00  0.00000000E+00  2.68688875E-03  0.00000000E+00  0.00000000E+00  0.00000000E+00  0.00000000E+00  0.00000000E+00  8.12433049E-03  0.00000000E+00  0.00000000E+00 -9.91113669E-06
    2.644000      1   0.00000000E+00  0.00000000E+00  2.68689017E-03  0.00000000E+00  0.00000000E+00  0.00000000E+00  0.00000000E+00  0.00000000E+00  8.12432050E-03  0.00000000E+00  0.00000000E+00 -9.98481871E-06
    2.645000      1   0.00000000E+00  0.00000000E+00  2.68689156E-03  0.00000000E+00  0.00000000E+00  0.00000000E+00  0.00000000E+00  0.00000000E+00  8.12431045E-03  0.00000000E+00  0.00000000E+00 -1.00577782E-05
    2.646000      1   0.00000000E+00  0.00000000E+00  2.68689294E-03  0.00000000E+00  0.00000000E+00  0.00000000E+00  0.00000000E+00  0.00000000E+00  8.12430032E-03  0.00000000E+00  0.00000000E+00 -1.01300260E-05
    2.647000      1   0.00000000E+00  0.00000000E+00  2.68689429E-03  0.00000000E+00  0.00000000E+00  0.00000000E+00  0.00000000E+00  0.00000000E+00  8.12429011E-03  0.00000000E+00  0.00000000E+00 -1.02015729E-05
    2.648000      1   0.00000000E+00  0.00000000E+00  2.68689562E-03  0.00000000E+00  0.00000000E+00  0.00000000E+00  0.00000000E+00  0.00000000E+00  8.12427984E-03  0.00000000E+00  0.00000000E+00 -1.02724294E-05
    2.649000      1   0.00000000E+00  0.00000000E+00  2.68689693E-03  0.00000000E+00  0.00000000E+00  0.00000000E+00  0.00000000E+00  0.00000000E+00  8.12426950E-03  0.00000000E+00  0.00000000E+00 -1.03426062E-05
    2.650000      1   0.00000000E+00  0.00000000E+00  2.68689822E-03  0.00000000E+00  0.00000000E+00  0.00000000E+00  0.00000000E+00  0.00000000E+00  8.12425909E-03  0.00000000E+00  0.00000000E+00 -1.04121138E-05
    2.651000      1   0.00000000E+00  0.00000000E+00  2.68689949E-03  0.00000000E+00  0.00000000E+00  0.00000000E+00  0.00000000E+00  0.00000000E+00  8.12424861E-03  0.00000000E+00  0.00000000E+00 -1.04809625E-05
    2.652000      1   0.00000000E+00  0.00000000E+00  2.68690074E-03  0.00000000E+00  0.00000000E+00  0.00000000E+00  0.00000000E+00  0.00000000E+00  8.12423806E-03  0.00000000E+00  0.00000000E+00 -1.05491626E-05
    2.653000      1   0.00000000E+00  0.00000000E+00  2.68690198E-03  0.00000000E+00  0.00000000E+00  0.00000000E+00  0.00000000E+00  0.00000000E+00  8.12422744E-03  0.00000000E+00  0.00000000E+00 -1.06167241E-05
    2.654000      1   0.00000000E+00  0.00000000E+00  2.68690319E-03  0.00000000E+00  0.00000000E+00  0.00000000E+00  0.00000000E+00  0.00000000E+00  8.12421676E-03  0.00000000E+00  0.00000000E+00 -1.06836571E-05
    2.655000      1   0.00000000E+00  0.00000000E+00  2.68690438E-03  0.00000000E+00  0.00000000E+00  0.00000000E+00  0.00000000E+00  0.00000000E+00  8.12420601E-03  0.00000000E+00  0.00000000E+00 -1.07499713E-05
    2.656000      1   0.00000000E+00  0.00000000E+00  2.68690556E-03  0.00000000E+00  0.00000000E+00  0.00000000E+00  0.00000000E+00  0.00000000E+00  8.12419519E-03  0.00000000E+00  0.00000000E+00 -1.08156764E-05
    2.657000      1   0.00000000E+00  0.00000000E+00  2.68690671E-03  0.00000000E+00  0.00000000E+00  0.00000000E+00  0.00000000E+00  0.00000000E+00  8.12418431E-03  0.00000000E+00  0.00000000E+00 -1.08807819E-05
    2.658000      1   0.00000000E+00  0.00000000E+00  2.68690785E-03  0.00000000E+00  0.00000000E+00  0.00000000E+00  0.00000000E+00  0.00000000E+00  8.12417337E-03  0.00000000E+00  0.00000000E+00 -1.09452971E-05
    2.659000      1   0.00000000E+00  0.00000000E+00  2.68690897E-03  0.00000000E+00  0.00000000E+00  0.00000000E+00  0.00000000E+00  0.00000000E+00  8.12416236E-03  0.00000000E+00  0.00000000E+00 -1.10092311E-05
    2.660000      1   0.00000000E+00  0.00000000E+00  2.68691008E-03  0.00000000E+00  0.00000000E+00  0.00000000E+00  0.00000000E+00  0.00000000E+00  8.12415128E-03  0.00000000E+00  0.00000000E+00 -1.10725930E-05
    2.661000      1   0.00000000E+00  0.00000000E+00  2.68691116E-03  0.00000000E+00  0.00000000E+00  0.00000000E+00  0.00000000E+00  0.00000000E+00  8.12414015E-03  0.00000000E+00  0.00000000E+00 -1.11353914E-05
    2.662000      1   0.00000000E+00  0.00000000E+00  2.68691223E-03  0.00000000E+00  0.00000000E+00  0.00000000E+00  0.00000000E+00  0.00000000E+00  8.12412895E-03  0.00000000E+00  0.00000000E+00 -1.11976351E-05
    2.663000      1   0.00000000E+00  0.00000000E+00  2.68691329E-03  0.00000000E+00  0.00000000E+00  0.00000000E+00  0.00000000E+00  0.00000000E+00  8.12411769E-03  0.00000000E+00  0.00000000E+00 -1.12593324E-05
    2.664000      1   0.00000000E+00  0.00000000E+00  2.68691433E-03  0.00000000E+00  0.00000000E+00  0.00000000E+00  0.00000000E+00  0.00000000E+00  8.12410637E-03  0.00000000E+00  0.00000000E+00 -1.13204916E-05
    2.665000      1   0.00000000E+00  0.00000000E+00  2.68691535E-03  0.00000000E+00  0.00000000E+00  0.00000000E+00  0.00000000E+00  0.00000000E+00  8.12409499E-03  0.00000000E+00  0.00000000E+00 -1.13811207E-05
    2.666000      1   0.00000000E+00  0.00000000E+00  2.68691636E-03  0.00000000E+00  0.00000000E+00  0.00000000E+00  0.00000000E+00  0.00000000E+00  8.12408355E-03  0.00000000E+00  0.00000000E+00 -1.14412276E-05
    2.667000      1   0.00000000E+00  0.00000000E+00  2.68691735E-03  0.00000000E+00  0.00000000E+00  0.00000000E+00  0.00000000E+00  0.00000000E+00  8.12407205E-03  0.00000000E+00  0.00000000E+00 -1.15008199E-05
    2.668000      1   0.00000000E+00  0.00000000E+00  2.68691833E-03  0.00000000E+00  0.00000000E+00  0.00000000E+00  0.00000000E+00  0.00000000E+00  8.12406049E-03  0.00000000E+00  0.00000000E+00 -1.15599052E-05
    2.669000      1   0.00000000E+00  0.00000000E+00  2.68691930E-03  0.00000000E+00  0.00000000E+00  0.00000000E+00  0.00000000E+00  0.00000000E+00  8.12404887E-03  0.00000000E+00  0.00000000E+00 -1.16184907E-05
    2.670000      1   0.00000000E+00  0.00000000E+00  2.68692025E-03  0.00000000E+00  0.00000000E+00  0.00000000E+00  0.00000000E+00  0.00000000E+00  8.12403719E-03  0.00000000E+00  0.00000000E+00 -1.16765835E-05
    2.671000      1   0.00000000E+00  0.00000000E+00  2.68692119E-03  0.00000000E+00  0.00000000E+00  0.00000000E+00  0.00000000E+00  0.00000000E+00  8.12402546E-03  0.00000000E+00  0.00000000E+00 -1.17341906E-05
    2.672000      1   0.00000000E+00  0.00000000E+00  2.68692212E-03  0.00000000E+00  0.00000000E+00  0.00000000E+00  0.00000000E+00  0.00000000E+00  8.12401367E-03  0.00000000E+00  0.00000000E+00 -1.17913188E-05
    2.673000      1   0.00000000E+00  0.00000000E+00  2.68692303E-03  0.00000000E+00  0.00000000E+00  0.00000000E+00  0.00000000E+00  0.00000000E+00  8.12400182E-03  0.00000000E+00  0.00000000E+00 -1.18479746E-05
    2.674000      1   0.00000000E+00  0.00000000E+00  2.68692393E-03  0.00000000E+00  0.00000000E+00  0.00000000E+00  0.00000000E+00  0.00000000E+00  8.12398991E-03  0.00000000E+00  0.00000000E+00 -1.19041644E-05
    2.675000      1   0.00000000E+00  0.00000000E+00  2.68692482E-03  0.00000000E+00  0.00000000E+00  0.00000000E+00  0.00000000E+00  0.00000000E+00  8.12397795E-03  0.00000000E+00  0.00000000E+00 -1.19598944E-05
    2.676000      1   0.00000000E+00  0.00000000E+00  2.68692570E-03  0.00000000E+00  0.00000000E+00  0.00000000E+00  0.00000000E+00  0.00000000E+00  8.12396594E-03  0.00000000E+00  0.00000000E+00 -1.20151708E-05
    2.677000      1   0.00000000E+00  0.00000000E+00  2.68692657E-03  0.00000000E+00  0.00000000E+00  0.00000000E+00  0.00000000E+00  0.00000000E+00  8.12395387E-03  0.00000000E+00  0.00000000E+00 -1.20699993E-05
    2.678000      1   0.00000000E+00  0.00000000E+00  2.68692743E-03  0.00000000E+00  0.00000000E+00  0.00000000E+00  0.00000000E+00  0.00000000E+00  8.12394175E-03  0.00000000E+00  0.00000000E+00 -1.21243857E-05
    2.679000      1   0.00000000E+00  0.00000000E+00  2.68692827E-03  0.00000000E+00  0.00000000E+00  0.00000000E+00  0.00000000E+00  0.00000000E+00  8.12392957E-03  0.00000000E+00  0.00000000E+00 -1.21783356E-05
    2.680000      1   0.00000000E+00  0.00000000E+00  2.68692911E-03  0.00000000E+00  0.00000000E+00  0.00000000E+00  0.00000000E+00  0.00000000E+00  8.12391734E-03  0.00000000E+00  0.00000000E+00 -1.22318544E-05
    2.681000      1   0.00000000E+00  0.00000000E+00  2.68692994E-03  0.00000000E+00  0.00000000E+00  0.00000000E+00  0.00000000E+00  0.00000000E+00  8.12390505E-03  0.00000000E+00  0.00000000E+00 -1.22849474E-05
    2.682000      1   0.00000000E+00  0.00000000E+00  2.68693075E-03  0.00000000E+00  0.00000000E+00  0.00000000E+00  0.00000000E+00  0.00000000E+00  8.12389271E-03  0.00000000E+00  0.00000000E+00 -1.23376196E-05
    2.683000      1   0.00000000E+00  0.00000000E+00  2.68693156E-03  0.00000000E+00  0.00000000E+00  0.00000000E+00  0.00000000E+00  0.00000000E+00  8.12388032E-03  0.00000000E+00  0.00000000E+00 -1.23898761E-05
    2.684000      1   0.00000000E+00  0.00000000E+00  2.68693236E-03  0.00000000E+00  0.00000000E+00  0.00000000E+00  0.00000000E+00  0.00000000E+00  8.12386788E-03  0.00000000E+00  0.00000000E+00 -1.24417216E-05
    2.685000      1   0.00000000E+00  0.00000000E+00  2.68693315E-03  0.00000000E+00  0.00000000E+00  0.00000000E+00  0.00000000E+00  0.00000000E+00  8.12385539E-03  0.00000000E+00  0.00000000E+00 -1.24931609E-05
    2.686000      1   0.00000000E+00  0.00000000E+00  2.68693393E-03  0.00000000E+00  0.00000000E+00  0.00000000E+00  0.00000000E+00  0.00000000E+00  8.12384284E-03  0.00000000E+00  0.00000000E+00 -1.25441984E-05
    2.687000      1   0.00000000E+00  0.00000000E+00  2.68693470E-03  0.00000000E+00  0.00000000E+00  0.00000000E+00  0.00000000E+00  0.00000000E+00  8.12383025E-03  0.00000000E+00  0.00000000E+00 -1.25948388E-05
    2.688000      1   0.00000000E+00  0.00000000E+00  2.68693547E-03  0.00000000E+00  0.00000000E+00  0.00000000E+00  0.00000000E+00  0.00000000E+00  8.12381760E-03  0.00000000E+00  0.00000000E+00 -1.26450861E-05
    2.689000      1   0.00000000E+00  0.00000000E+00  2.68693622E-03  0.00000000E+00  0.00000000E+00  0.00000000E+00  0.00000000E+00  0.00000000E+00  8.12380491E-03  0.00000000E+00  0.00000000E+00 -1.26949448E-05
    2.690000      1   0.00000000E+00  0.00000000E+00  2.68693697E-03  0.00000000E+00  0.00000000E+00  0.00000000E+00  0.00000000E+00  0.00000000E+00  8.12379216E-03  0.00000000E+00  0.00000000E+00 -1.27444187E-05
    2.691000      1   0.00000000E+00  0.00000000E+00  2.68693771E-03  0.00000000E+00  0.00000000E+00  0.00000000E+00  0.00000000E+00  0.00000000E+00  8.12377937E-03  0.00000000E+00  0.00000000E+00 -1.27935120E-05
    2.692000      1   0.00000000E+00  0.00000000E+00  2.68693844E-03  0.00000000E+00  0.00000000E+00  0.00000000E+00  0.00000000E+00  0.00000000E+00  8.12376653E-03  0.00000000E+00  0.00000000E+00 -1.28422283E-05
    2.693000      1   0.00000000E+00  0.00000000E+00  2.68693917E-03  0.00000000E+00  0.00000000E+00  0.00000000E+00  0.00000000E+00  0.00000000E+00  8.12375364E-03  0.00000000E+00  0.00000000E+00 -1.28905716E-05
    2.694000      1   0.00000000E+00  0.00000000E+00  2.68693989E-03  0.00000000E+00  0.00000000E+00  0.00000000E+00  0.00000000E+00  0.00000000E+00  8.12374070E-03  0.00000000E+00  0.00000000E+00 -1.29385454E-05
    2.695000      1   0.00000000E+00  0.00000000E+00  2.68694060E-03  0.00000000E+00  0.00000000E+00  0.00000000E+00  0.00000000E+00  0.00000000E+00  8.12372771E-03  0.00000000E+00  0.00000000E+00 -1.29861533E-05
    2.696000      1   0.00000000E+00  0.00000000E+00  2.68694131E-03  0.00000000E+00  0.00000000E+00  0.00000000E+00  0.00000000E+00  0.00000000E+00  8.12371468E-03  0.00000000E+00  0.00000000E+00 -1.30333988E-05
    2.697000      1   0.00000000E+00  0.00000000E+00  2.68694201E-03  0.00000000E+00  0.00000000E+00  0.00000000E+00  0.00000000E+00  0.00000000E+00  8.12370160E-03  0.00000000E+00  0.00000000E+00 -1.30802853E-05
    2.698000      1   0.00000000E+00  0.00000000E+00  2.68694270E-03  0.00000000E+00  0.00000000E+00  0.00000000E+00  0.00000000E+00  0.00000000E+00  8.12368847E-03  0.00000000E+00  0.00000000E+00 -1.31268160E-05
    2.699000      1   0.00000000E+00  0.00000000E+00  2.68694339E-03  0.00000000E+00  0.00000000E+00  0.00000000E+00  0.00000000E+00  0.00000000E+00  8.12367530E-03  0.00000000E+00  0.00000000E+00 -1.31729942E-05
    2.700000      1   0.00000000E+00  0.00000000E+00  2.68694407E-03  0.00000000E+00  0.00000000E+00  0.00000000E+00  0.00000000E+00  0.00000000E+00  8.12366208E-03  0.00000000E+00  0.00000000E+00 -1.32188230E-05
