# time ip fx fy fz tx ty tz px py pz vx vy vz
    0.001000      1   0.00000000E+00  0.00000000E+00  0.00000000E+00  0.00000000E+00  0.00000000E+00  0.00000000E+00 -0.00000000E+00 -0.00000000E+00  1.27500000E-01  0.00000000E+00  0.00000000E+00  0.00000000E+00
    0.002000      1   0.00000000E+00  0.00000000E+00  1.15593808E-03  0.00000000E+00  0.00000000E+00  0.00000000E+00  0.00000000E+00  0.00000000E+00  1.27498616E-01  0.00000000E+00  0.00000000E+00 -1.38391071E-03
    0.003000      1   0.00000000E+00  0.00000000E+00  1.74552122E-03  0.00000000E+00  0.00000000E+00  0.00000000E+00  0.00000000E+00  0.00000000E+00  1.27496053E-01  0.00000000E+00  0.00000000E+00 -2.56340670E-03
    0.004000      1   0.00000000E+00  0.00000000E+00  1.55006197E-03  0.00000000E+00  0.00000000E+00  0.00000000E+00  0.00000000E+00  0.00000000E+00  1.27492794E-01  0.00000000E+00  0.00000000E+00 -3.25901413E-03
    0.005000      1   0.00000000E+00  0.00000000E+00  1.19016580E-03  0.00000000E+00  0.00000000E+00  0.00000000E+00  0.00000000E+00  0.00000000E+00  1.27488998E-01  0.00000000E+00  0.00000000E+00 -3.79555842E-03
    0.006000      1   0.00000000E+00  0.00000000E+00  1.14308631E-03  0.00000000E+00  0.00000000E+00  0.00000000E+00  0.00000000E+00  0.00000000E+00  1.27484538E-01  0.00000000E+00  0.00000000E+00 -4.45993807E-03
    0.007000      1   0.00000000E+00  0.00000000E+00  1.34265778E-03  0.00000000E+00  0.00000000E+00  0.00000000E+00  0.00000000E+00  0.00000000E+00  1.27479287E-01  0.00000000E+00  0.00000000E+00 -5.25083849E-03
    0.008000      1   0.00000000E+00  0.00000000E+00  1.50811306E-03  0.00000000E+00  0.00000000E+00  0.00000000E+00  0.00000000E+00  0.00000000E+00  1.27473265E-01  0.00000000E+00  0.00000000E+00 -6.02190853E-03
    0.009000      1   0.00000000E+00  0.00000000E+00  1.52899693E-03  0.00000000E+00  0.00000000E+00  0.00000000E+00  0.00000000E+00  0.00000000E+00  1.27466567E-01  0.00000000E+00  0.00000000E+00 -6.69817740E-03
    0.010000      1   0.00000000E+00  0.00000000E+00  1.48546592E-03  0.00000000E+00  0.00000000E+00  0.00000000E+00  0.00000000E+00  0.00000000E+00  1.27459251E-01  0.00000000E+00  0.00000000E+00 -7.31641520E-03
    0.011000      1   0.00000000E+00  0.00000000E+00  1.48177165E-03  0.00000000E+00  0.00000000E+00  0.00000000E+00  0.00000000E+00  0.00000000E+00  1.27451315E-01  0.00000000E+00  0.00000000E+00 -7.93549239E-03
    0.012000      1   0.00000000E+00  0.00000000E+00  1.52395237E-03  0.00000000E+00  0.00000000E+00  0.00000000E+00  0.00000000E+00  0.00000000E+00  1.27442746E-01  0.00000000E+00  0.00000000E+00 -8.56951912E-03
    0.013000      1   0.00000000E+00  0.00000000E+00  1.57145812E-03  0.00000000E+00  0.00000000E+00  0.00000000E+00  0.00000000E+00  0.00000000E+00  1.27433549E-01  0.00000000E+00  0.00000000E+00 -9.19729991E-03
    0.014000      1   0.00000000E+00  0.00000000E+00  1.59301787E-03  0.00000000E+00  0.00000000E+00  0.00000000E+00  0.00000000E+00  0.00000000E+00  1.27423746E-01  0.00000000E+00  0.00000000E+00 -9.80282705E-03
    0.015000      1   0.00000000E+00  0.00000000E+00  1.60200354E-03  0.00000000E+00  0.00000000E+00  0.00000000E+00  0.00000000E+00  0.00000000E+00  1.27413357E-01  0.00000000E+00  0.00000000E+00 -1.03889400E-02
    0.016000      1   0.00000000E+00  0.00000000E+00  1.61161948E-03  0.00000000E+00  0.00000000E+00  0.00000000E+00  0.00000000E+00  0.00000000E+00  1.27402390E-01  0.00000000E+00  0.00000000E+00 -1.09663834E-02
    0.017000      1   0.00000000E+00  0.00000000E+00  1.63746313E-03  0.00000000E+00  0.00000000E+00  0.00000000E+00  0.00000000E+00  0.00000000E+00  1.27390851E-01  0.00000000E+00  0.00000000E+00 -1.15391753E-02
    0.018000      1   0.00000000E+00  0.00000000E+00  1.66592647E-03  0.00000000E+00  0.00000000E+00  0.00000000E+00  0.00000000E+00  0.00000000E+00  1.27378747E-01  0.00000000E+00  0.00000000E+00 -1.21042390E-02
    0.019000      1   0.00000000E+00  0.00000000E+00  1.67528617E-03  0.00000000E+00  0.00000000E+00  0.00000000E+00  0.00000000E+00  0.00000000E+00  1.27366091E-01  0.00000000E+00  0.00000000E+00 -1.26557818E-02
    0.020000      1   0.00000000E+00  0.00000000E+00  1.68837027E-03  0.00000000E+00  0.00000000E+00  0.00000000E+00  0.00000000E+00  0.00000000E+00  1.27352895E-01  0.00000000E+00  0.00000000E+00 -1.31963217E-02
    0.021000      1   0.00000000E+00  0.00000000E+00  1.70074221E-03  0.00000000E+00  0.00000000E+00  0.00000000E+00  0.00000000E+00  0.00000000E+00  1.27339163E-01  0.00000000E+00  0.00000000E+00 -1.37314740E-02
    0.022000      1   0.00000000E+00  0.00000000E+00  1.71243873E-03  0.00000000E+00  0.00000000E+00  0.00000000E+00  0.00000000E+00  0.00000000E+00  1.27324903E-01  0.00000000E+00  0.00000000E+00 -1.42601414E-02
    0.023000      1   0.00000000E+00  0.00000000E+00  1.73064426E-03  0.00000000E+00  0.00000000E+00  0.00000000E+00  0.00000000E+00  0.00000000E+00  1.27310121E-01  0.00000000E+00  0.00000000E+00 -1.47826772E-02
    0.024000      1   0.00000000E+00  0.00000000E+00  1.75494639E-03  0.00000000E+00  0.00000000E+00  0.00000000E+00  0.00000000E+00  0.00000000E+00  1.27294822E-01  0.00000000E+00  0.00000000E+00 -1.52981524E-02
    0.025000      1   0.00000000E+00  0.00000000E+00  1.77613211E-03  0.00000000E+00  0.00000000E+00  0.00000000E+00  0.00000000E+00  0.00000000E+00  1.27279019E-01  0.00000000E+00  0.00000000E+00 -1.58033509E-02
    0.026000      1   0.00000000E+00  0.00000000E+00  1.77754598E-03  0.00000000E+00  0.00000000E+00  0.00000000E+00  0.00000000E+00  0.00000000E+00  1.27262722E-01  0.00000000E+00  0.00000000E+00 -1.62968219E-02
    0.027000      1   0.00000000E+00  0.00000000E+00  1.78147007E-03  0.00000000E+00  0.00000000E+00  0.00000000E+00  0.00000000E+00  0.00000000E+00  1.27245939E-01  0.00000000E+00  0.00000000E+00 -1.67830851E-02
    0.028000      1   0.00000000E+00  0.00000000E+00  1.80177161E-03  0.00000000E+00  0.00000000E+00  0.00000000E+00  0.00000000E+00  0.00000000E+00  1.27228671E-01  0.00000000E+00  0.00000000E+00 -1.72681900E-02
    0.029000      1   0.00000000E+00  0.00000000E+00  1.81590195E-03  0.00000000E+00  0.00000000E+00  0.00000000E+00  0.00000000E+00  0.00000000E+00  1.27210923E-01  0.00000000E+00  0.00000000E+00 -1.77484162E-02
    0.030000      1   0.00000000E+00  0.00000000E+00  1.82783445E-03  0.00000000E+00  0.00000000E+00  0.00000000E+00  0.00000000E+00  0.00000000E+00  1.27192703E-01  0.00000000E+00  0.00000000E+00 -1.82194762E-02
    0.031000      1   0.00000000E+00  0.00000000E+00  1.84412806E-03  0.00000000E+00  0.00000000E+00  0.00000000E+00  0.00000000E+00  0.00000000E+00  1.27174019E-01  0.00000000E+00  0.00000000E+00 -1.86837854E-02
    0.032000      1   0.00000000E+00  0.00000000E+00  1.85611864E-03  0.00000000E+00  0.00000000E+00  0.00000000E+00  0.00000000E+00  0.00000000E+00  1.27154878E-01  0.00000000E+00  0.00000000E+00 -1.91412945E-02
    0.033000      1   0.00000000E+00  0.00000000E+00  1.85638609E-03  0.00000000E+00  0.00000000E+00  0.00000000E+00  0.00000000E+00  0.00000000E+00  1.27135287E-01  0.00000000E+00  0.00000000E+00 -1.95913321E-02
    0.034000      1   0.00000000E+00  0.00000000E+00  1.87599343E-03  0.00000000E+00  0.00000000E+00  0.00000000E+00  0.00000000E+00  0.00000000E+00  1.27115249E-01  0.00000000E+00  0.00000000E+00 -2.00373846E-02
    0.035000      1   0.00000000E+00  0.00000000E+00  1.89850291E-03  0.00000000E+00  0.00000000E+00  0.00000000E+00  0.00000000E+00  0.00000000E+00  1.27094769E-01  0.00000000E+00  0.00000000E+00 -2.04798818E-02
    0.036000      1   0.00000000E+00  0.00000000E+00  1.90779143E-03  0.00000000E+00  0.00000000E+00  0.00000000E+00  0.00000000E+00  0.00000000E+00  1.27073857E-01  0.00000000E+00  0.00000000E+00 -2.09119592E-02
    0.037000      1   0.00000000E+00  0.00000000E+00  1.91705125E-03  0.00000000E+00  0.00000000E+00  0.00000000E+00  0.00000000E+00  0.00000000E+00  1.27052522E-01  0.00000000E+00  0.00000000E+00 -2.13350016E-02
    0.038000      1   0.00000000E+00  0.00000000E+00  1.92576992E-03  0.00000000E+00  0.00000000E+00  0.00000000E+00  0.00000000E+00  0.00000000E+00  1.27030769E-01  0.00000000E+00  0.00000000E+00 -2.17533559E-02
    0.039000      1   0.00000000E+00  0.00000000E+00  1.94611859E-03  0.00000000E+00  0.00000000E+00  0.00000000E+00  0.00000000E+00  0.00000000E+00  1.27008602E-01  0.00000000E+00  0.00000000E+00 -2.21671275E-02
    0.040000      1   0.00000000E+00  0.00000000E+00  1.94188677E-03  0.00000000E+00  0.00000000E+00  0.00000000E+00  0.00000000E+00  0.00000000E+00  1.26986028E-01  0.00000000E+00  0.00000000E+00 -2.25744372E-02
    0.041000      1   0.00000000E+00  0.00000000E+00  1.94107976E-03  0.00000000E+00  0.00000000E+00  0.00000000E+00  0.00000000E+00  0.00000000E+00  1.26963052E-01  0.00000000E+00  0.00000000E+00 -2.29758125E-02
    0.042000      1   0.00000000E+00  0.00000000E+00  1.94882460E-03  0.00000000E+00  0.00000000E+00  0.00000000E+00  0.00000000E+00  0.00000000E+00  1.26939673E-01  0.00000000E+00  0.00000000E+00 -2.33787202E-02
    0.043000      1   0.00000000E+00  0.00000000E+00  1.96161269E-03  0.00000000E+00  0.00000000E+00  0.00000000E+00  0.00000000E+00  0.00000000E+00  1.26915892E-01  0.00000000E+00  0.00000000E+00 -2.37805235E-02
    0.044000      1   0.00000000E+00  0.00000000E+00  1.98429757E-03  0.00000000E+00  0.00000000E+00  0.00000000E+00  0.00000000E+00  0.00000000E+00  1.26891715E-01  0.00000000E+00  0.00000000E+00 -2.41775217E-02
    0.045000      1   0.00000000E+00  0.00000000E+00  1.97478658E-03  0.00000000E+00  0.00000000E+00  0.00000000E+00  0.00000000E+00  0.00000000E+00  1.26867149E-01  0.00000000E+00  0.00000000E+00 -2.45663086E-02
    0.046000      1   0.00000000E+00  0.00000000E+00  1.96038261E-03  0.00000000E+00  0.00000000E+00  0.00000000E+00  0.00000000E+00  0.00000000E+00  1.26842199E-01  0.00000000E+00  0.00000000E+00 -2.49493274E-02
    0.047000      1   0.00000000E+00  0.00000000E+00  1.97264812E-03  0.00000000E+00  0.00000000E+00  0.00000000E+00  0.00000000E+00  0.00000000E+00  1.26816861E-01  0.00000000E+00  0.00000000E+00 -2.53380169E-02
    0.048000      1   0.00000000E+00  0.00000000E+00  1.99297666E-03  0.00000000E+00  0.00000000E+00  0.00000000E+00  0.00000000E+00  0.00000000E+00  1.26791132E-01  0.00000000E+00  0.00000000E+00 -2.57292679E-02
    0.049000      1   0.00000000E+00  0.00000000E+00  1.98721979E-03  0.00000000E+00  0.00000000E+00  0.00000000E+00  0.00000000E+00  0.00000000E+00  1.26765019E-01  0.00000000E+00  0.00000000E+00 -2.61128958E-02
    0.050000      1   0.00000000E+00  0.00000000E+00  2.00693680E-03  0.00000000E+00  0.00000000E+00  0.00000000E+00  0.00000000E+00  0.00000000E+00  1.26738528E-01  0.00000000E+00  0.00000000E+00 -2.64908655E-02
    0.051000      1   0.00000000E+00  0.00000000E+00  2.01552841E-03  0.00000000E+00  0.00000000E+00  0.00000000E+00  0.00000000E+00  0.00000000E+00  1.26711661E-01  0.00000000E+00  0.00000000E+00 -2.68672392E-02
    0.052000      1   0.00000000E+00  0.00000000E+00  2.01789451E-03  0.00000000E+00  0.00000000E+00  0.00000000E+00  0.00000000E+00  0.00000000E+00  1.26684425E-01  0.00000000E+00  0.00000000E+00 -2.72356181E-02
    0.053000      1   0.00000000E+00  0.00000000E+00  2.02064832E-03  0.00000000E+00  0.00000000E+00  0.00000000E+00  0.00000000E+00  0.00000000E+00  1.26656825E-01  0.00000000E+00  0.00000000E+00 -2.76007571E-02
    0.054000      1   0.00000000E+00  0.00000000E+00  2.03236013E-03  0.00000000E+00  0.00000000E+00  0.00000000E+00  0.00000000E+00  0.00000000E+00  1.26628860E-01  0.00000000E+00  0.00000000E+00 -2.79646320E-02
    0.055000      1   0.00000000E+00  0.00000000E+00  2.04648185E-03  0.00000000E+00  0.00000000E+00  0.00000000E+00  0.00000000E+00  0.00000000E+00  1.26600534E-01  0.00000000E+00  0.00000000E+00 -2.83255314E-02
    0.056000      1   0.00000000E+00  0.00000000E+00  2.03999649E-03  0.00000000E+00  0.00000000E+00  0.00000000E+00  0.00000000E+00  0.00000000E+00  1.26571854E-01  0.00000000E+00  0.00000000E+00 -2.86800871E-02
    0.057000      1   0.00000000E+00  0.00000000E+00  2.06309219E-03  0.00000000E+00  0.00000000E+00  0.00000000E+00  0.00000000E+00  0.00000000E+00  1.26542823E-01  0.00000000E+00  0.00000000E+00 -2.90311520E-02
    0.058000      1   0.00000000E+00  0.00000000E+00  2.08075894E-03  0.00000000E+00  0.00000000E+00  0.00000000E+00  0.00000000E+00  0.00000000E+00  1.26513443E-01  0.00000000E+00  0.00000000E+00 -2.93802626E-02
    0.059000      1   0.00000000E+00  0.00000000E+00  2.08157103E-03  0.00000000E+00  0.00000000E+00  0.00000000E+00  0.00000000E+00  0.00000000E+00  1.26483724E-01  0.00000000E+00  0.00000000E+00 -2.97186640E-02
    0.060000      1   0.00000000E+00  0.00000000E+00  2.10629132E-03  0.00000000E+00  0.00000000E+00  0.00000000E+00  0.00000000E+00  0.00000000E+00  1.26453673E-01  0.00000000E+00  0.00000000E+00 -3.00511197E-02
    0.061000      1   0.00000000E+00  0.00000000E+00  2.08236320E-03  0.00000000E+00  0.00000000E+00  0.00000000E+00  0.00000000E+00  0.00000000E+00  1.26423294E-01  0.00000000E+00  0.00000000E+00 -3.03789373E-02
    0.062000      1   0.00000000E+00  0.00000000E+00  2.08723686E-03  0.00000000E+00  0.00000000E+00  0.00000000E+00  0.00000000E+00  0.00000000E+00  1.26392591E-01  0.00000000E+00  0.00000000E+00 -3.07028678E-02
    0.063000      1   0.00000000E+00  0.00000000E+00  2.10078944E-03  0.00000000E+00  0.00000000E+00  0.00000000E+00  0.00000000E+00  0.00000000E+00  1.26361558E-01  0.00000000E+00  0.00000000E+00 -3.10337947E-02
    0.064000      1   0.00000000E+00  0.00000000E+00  2.11964455E-03  0.00000000E+00  0.00000000E+00  0.00000000E+00  0.00000000E+00  0.00000000E+00  1.26330197E-01  0.00000000E+00  0.00000000E+00 -3.13607245E-02
    0.065000      1   0.00000000E+00  0.00000000E+00  2.09472618E-03  0.00000000E+00  0.00000000E+00  0.00000000E+00  0.00000000E+00  0.00000000E+00  1.26298517E-01  0.00000000E+00  0.00000000E+00 -3.16798691E-02
    0.066000      1   0.00000000E+00  0.00000000E+00  2.09299198E-03  0.00000000E+00  0.00000000E+00  0.00000000E+00  0.00000000E+00  0.00000000E+00  1.26266520E-01  0.00000000E+00  0.00000000E+00 -3.19972279E-02
    0.067000      1   0.00000000E+00  0.00000000E+00  2.09266329E-03  0.00000000E+00  0.00000000E+00  0.00000000E+00  0.00000000E+00  0.00000000E+00  1.26234197E-01  0.00000000E+00  0.00000000E+00 -3.23230769E-02
    0.068000      1   0.00000000E+00  0.00000000E+00  2.08514875E-03  0.00000000E+00  0.00000000E+00  0.00000000E+00  0.00000000E+00  0.00000000E+00  1.26201547E-01  0.00000000E+00  0.00000000E+00 -3.26495536E-02
    0.069000      1   0.00000000E+00  0.00000000E+00  2.12563365E-03  0.00000000E+00  0.00000000E+00  0.00000000E+00  0.00000000E+00  0.00000000E+00  1.26168570E-01  0.00000000E+00  0.00000000E+00 -3.29774672E-02
    0.070000      1   0.00000000E+00  0.00000000E+00  2.12173664E-03  0.00000000E+00  0.00000000E+00  0.00000000E+00  0.00000000E+00  0.00000000E+00  1.26135269E-01  0.00000000E+00  0.00000000E+00 -3.33006893E-02
    0.071000      1   0.00000000E+00  0.00000000E+00  2.12728212E-03  0.00000000E+00  0.00000000E+00  0.00000000E+00  0.00000000E+00  0.00000000E+00  1.26101658E-01  0.00000000E+00  0.00000000E+00 -3.36113047E-02
    0.072000      1   0.00000000E+00  0.00000000E+00  2.12782128E-03  0.00000000E+00  0.00000000E+00  0.00000000E+00  0.00000000E+00  0.00000000E+00  1.26067735E-01  0.00000000E+00  0.00000000E+00 -3.39222193E-02
    0.073000      1   0.00000000E+00  0.00000000E+00  2.13936003E-03  0.00000000E+00  0.00000000E+00  0.00000000E+00  0.00000000E+00  0.00000000E+00  1.26033504E-01  0.00000000E+00  0.00000000E+00 -3.42312173E-02
    0.074000      1   0.00000000E+00  0.00000000E+00  2.15397186E-03  0.00000000E+00  0.00000000E+00  0.00000000E+00  0.00000000E+00  0.00000000E+00  1.25998966E-01  0.00000000E+00  0.00000000E+00 -3.45379977E-02
    0.075000      1   0.00000000E+00  0.00000000E+00  2.17054297E-03  0.00000000E+00  0.00000000E+00  0.00000000E+00  0.00000000E+00  0.00000000E+00  1.25964128E-01  0.00000000E+00  0.00000000E+00 -3.48384048E-02
    0.076000      1   0.00000000E+00  0.00000000E+00  2.17453594E-03  0.00000000E+00  0.00000000E+00  0.00000000E+00  0.00000000E+00  0.00000000E+00  1.25928997E-01  0.00000000E+00  0.00000000E+00 -3.51310826E-02
    0.077000      1   0.00000000E+00  0.00000000E+00  2.19811084E-03  0.00000000E+00  0.00000000E+00  0.00000000E+00  0.00000000E+00  0.00000000E+00  1.25893579E-01  0.00000000E+00  0.00000000E+00 -3.54176122E-02
    0.078000      1   0.00000000E+00  0.00000000E+00  2.17495443E-03  0.00000000E+00  0.00000000E+00  0.00000000E+00  0.00000000E+00  0.00000000E+00  1.25857880E-01  0.00000000E+00  0.00000000E+00 -3.56986614E-02
    0.079000      1   0.00000000E+00  0.00000000E+00  2.17083619E-03  0.00000000E+00  0.00000000E+00  0.00000000E+00  0.00000000E+00  0.00000000E+00  1.25821904E-01  0.00000000E+00  0.00000000E+00 -3.59760632E-02
    0.080000      1   0.00000000E+00  0.00000000E+00  2.18968461E-03  0.00000000E+00  0.00000000E+00  0.00000000E+00  0.00000000E+00  0.00000000E+00  1.25785643E-01  0.00000000E+00  0.00000000E+00 -3.62617983E-02
    0.081000      1   0.00000000E+00  0.00000000E+00  2.17410088E-03  0.00000000E+00  0.00000000E+00  0.00000000E+00  0.00000000E+00  0.00000000E+00  1.25749097E-01  0.00000000E+00  0.00000000E+00 -3.65455526E-02
    0.082000      1   0.00000000E+00  0.00000000E+00  2.17215921E-03  0.00000000E+00  0.00000000E+00  0.00000000E+00  0.00000000E+00  0.00000000E+00  1.25712271E-01  0.00000000E+00  0.00000000E+00 -3.68258727E-02
    0.083000      1   0.00000000E+00  0.00000000E+00  2.16345770E-03  0.00000000E+00  0.00000000E+00  0.00000000E+00  0.00000000E+00  0.00000000E+00  1.25675160E-01  0.00000000E+00  0.00000000E+00 -3.71116541E-02
    0.084000      1   0.00000000E+00  0.00000000E+00  2.17394640E-03  0.00000000E+00  0.00000000E+00  0.00000000E+00  0.00000000E+00  0.00000000E+00  1.25637760E-01  0.00000000E+00  0.00000000E+00 -3.73996119E-02
    0.085000      1   0.00000000E+00  0.00000000E+00  2.19596320E-03  0.00000000E+00  0.00000000E+00  0.00000000E+00  0.00000000E+00  0.00000000E+00  1.25600071E-01  0.00000000E+00  0.00000000E+00 -3.76885726E-02
    0.086000      1   0.00000000E+00  0.00000000E+00  2.19364905E-03  0.00000000E+00  0.00000000E+00  0.00000000E+00  0.00000000E+00  0.00000000E+00  1.25562101E-01  0.00000000E+00  0.00000000E+00 -3.79701952E-02
    0.087000      1   0.00000000E+00  0.00000000E+00  2.19098118E-03  0.00000000E+00  0.00000000E+00  0.00000000E+00  0.00000000E+00  0.00000000E+00  1.25523856E-01  0.00000000E+00  0.00000000E+00 -3.82449965E-02
    0.088000      1   0.00000000E+00  0.00000000E+00  2.20452657E-03  0.00000000E+00  0.00000000E+00  0.00000000E+00  0.00000000E+00  0.00000000E+00  1.25485335E-01  0.00000000E+00  0.00000000E+00 -3.85210295E-02
    0.089000      1   0.00000000E+00  0.00000000E+00  2.21078703E-03  0.00000000E+00  0.00000000E+00  0.00000000E+00  0.00000000E+00  0.00000000E+00  1.25446540E-01  0.00000000E+00  0.00000000E+00 -3.87955433E-02
    0.090000      1   0.00000000E+00  0.00000000E+00  2.22840786E-03  0.00000000E+00  0.00000000E+00  0.00000000E+00  0.00000000E+00  0.00000000E+00  1.25407475E-01  0.00000000E+00  0.00000000E+00 -3.90645015E-02
    0.091000      1   0.00000000E+00  0.00000000E+00  2.24144575E-03  0.00000000E+00  0.00000000E+00  0.00000000E+00  0.00000000E+00  0.00000000E+00  1.25368147E-01  0.00000000E+00  0.00000000E+00 -3.93282877E-02
    0.092000      1   0.00000000E+00  0.00000000E+00  2.26036971E-03  0.00000000E+00  0.00000000E+00  0.00000000E+00  0.00000000E+00  0.00000000E+00  1.25328563E-01  0.00000000E+00  0.00000000E+00 -3.95839813E-02
    0.093000      1   0.00000000E+00  0.00000000E+00  2.23641559E-03  0.00000000E+00  0.00000000E+00  0.00000000E+00  0.00000000E+00  0.00000000E+00  1.25288731E-01  0.00000000E+00  0.00000000E+00 -3.98320465E-02
    0.094000      1   0.00000000E+00  0.00000000E+00  2.22325195E-03  0.00000000E+00  0.00000000E+00  0.00000000E+00  0.00000000E+00  0.00000000E+00  1.25248653E-01  0.00000000E+00  0.00000000E+00 -4.00781329E-02
    0.095000      1   0.00000000E+00  0.00000000E+00  2.23174888E-03  0.00000000E+00  0.00000000E+00  0.00000000E+00  0.00000000E+00  0.00000000E+00  1.25208318E-01  0.00000000E+00  0.00000000E+00 -4.03344140E-02
    0.096000      1   0.00000000E+00  0.00000000E+00  2.22855756E-03  0.00000000E+00  0.00000000E+00  0.00000000E+00  0.00000000E+00  0.00000000E+00  1.25167725E-01  0.00000000E+00  0.00000000E+00 -4.05935157E-02
    0.097000      1   0.00000000E+00  0.00000000E+00  2.22206817E-03  0.00000000E+00  0.00000000E+00  0.00000000E+00  0.00000000E+00  0.00000000E+00  1.25126874E-01  0.00000000E+00  0.00000000E+00 -4.08503912E-02
    0.098000      1   0.00000000E+00  0.00000000E+00  2.21053835E-03  0.00000000E+00  0.00000000E+00  0.00000000E+00  0.00000000E+00  0.00000000E+00  1.25085765E-01  0.00000000E+00  0.00000000E+00 -4.11094623E-02
    0.099000      1   0.00000000E+00  0.00000000E+00  2.23787399E-03  0.00000000E+00  0.00000000E+00  0.00000000E+00  0.00000000E+00  0.00000000E+00  1.25044392E-01  0.00000000E+00  0.00000000E+00 -4.13727036E-02
    0.100000      1   0.00000000E+00  0.00000000E+00  2.24269481E-03  0.00000000E+00  0.00000000E+00  0.00000000E+00  0.00000000E+00  0.00000000E+00  1.25002757E-01  0.00000000E+00  0.00000000E+00 -4.16348974E-02
    0.101000      1   0.00000000E+00  0.00000000E+00  2.24619881E-03  0.00000000E+00  0.00000000E+00  0.00000000E+00  0.00000000E+00  0.00000000E+00  1.24960870E-01  0.00000000E+00  0.00000000E+00 -4.18872613E-02
    0.102000      1   0.00000000E+00  0.00000000E+00  2.25115396E-03  0.00000000E+00  0.00000000E+00  0.00000000E+00  0.00000000E+00  0.00000000E+00  1.24918733E-01  0.00000000E+00  0.00000000E+00 -4.21374223E-02
    0.103000      1   0.00000000E+00  0.00000000E+00  2.27336079E-03  0.00000000E+00  0.00000000E+00  0.00000000E+00  0.00000000E+00  0.00000000E+00  1.24876347E-01  0.00000000E+00  0.00000000E+00 -4.23855563E-02
    0.104000      1   0.00000000E+00  0.00000000E+00  2.29043807E-03  0.00000000E+00  0.00000000E+00  0.00000000E+00  0.00000000E+00  0.00000000E+00  1.24833719E-01  0.00000000E+00  0.00000000E+00 -4.26281359E-02
    0.105000      1   0.00000000E+00  0.00000000E+00  2.29843005E-03  0.00000000E+00  0.00000000E+00  0.00000000E+00  0.00000000E+00  0.00000000E+00  1.24790858E-01  0.00000000E+00  0.00000000E+00 -4.28604026E-02
    0.106000      1   0.00000000E+00  0.00000000E+00  2.28172846E-03  0.00000000E+00  0.00000000E+00  0.00000000E+00  0.00000000E+00  0.00000000E+00  1.24747773E-01  0.00000000E+00  0.00000000E+00 -4.30856475E-02
    0.107000      1   0.00000000E+00  0.00000000E+00  2.27965474E-03  0.00000000E+00  0.00000000E+00  0.00000000E+00  0.00000000E+00  0.00000000E+00  1.24704462E-01  0.00000000E+00  0.00000000E+00 -4.33112212E-02
    0.108000      1   0.00000000E+00  0.00000000E+00  2.29383297E-03  0.00000000E+00  0.00000000E+00  0.00000000E+00  0.00000000E+00  0.00000000E+00  1.24660919E-01  0.00000000E+00  0.00000000E+00 -4.35426467E-02
    0.109000      1   0.00000000E+00  0.00000000E+00  2.26687038E-03  0.00000000E+00  0.00000000E+00  0.00000000E+00  0.00000000E+00  0.00000000E+00  1.24617147E-01  0.00000000E+00  0.00000000E+00 -4.37722460E-02
    0.110000      1   0.00000000E+00  0.00000000E+00  2.25648776E-03  0.00000000E+00  0.00000000E+00  0.00000000E+00  0.00000000E+00  0.00000000E+00  1.24573145E-01  0.00000000E+00  0.00000000E+00 -4.40019569E-02
    0.111000      1   0.00000000E+00  0.00000000E+00  2.25825477E-03  0.00000000E+00  0.00000000E+00  0.00000000E+00  0.00000000E+00  0.00000000E+00  1.24528902E-01  0.00000000E+00  0.00000000E+00 -4.42423588E-02
    0.112000      1   0.00000000E+00  0.00000000E+00  2.28234575E-03  0.00000000E+00  0.00000000E+00  0.00000000E+00  0.00000000E+00  0.00000000E+00  1.24484417E-01  0.00000000E+00  0.00000000E+00 -4.44858581E-02
    0.113000      1   0.00000000E+00  0.00000000E+00  2.28889246E-03  0.00000000E+00  0.00000000E+00  0.00000000E+00  0.00000000E+00  0.00000000E+00  1.24439692E-01  0.00000000E+00  0.00000000E+00 -4.47245168E-02
    0.114000      1   0.00000000E+00  0.00000000E+00  2.29162753E-03  0.00000000E+00  0.00000000E+00  0.00000000E+00  0.00000000E+00  0.00000000E+00  1.24394738E-01  0.00000000E+00  0.00000000E+00 -4.49541060E-02
    0.115000      1   0.00000000E+00  0.00000000E+00  2.27627439E-03  0.00000000E+00  0.00000000E+00  0.00000000E+00  0.00000000E+00  0.00000000E+00  1.24349557E-01  0.00000000E+00  0.00000000E+00 -4.51810614E-02
    0.116000      1   0.00000000E+00  0.00000000E+00  2.31676686E-03  0.00000000E+00  0.00000000E+00  0.00000000E+00  0.00000000E+00  0.00000000E+00  1.24304147E-01  0.00000000E+00  0.00000000E+00 -4.54098337E-02
    0.117000      1   0.00000000E+00  0.00000000E+00  2.33168008E-03  0.00000000E+00  0.00000000E+00  0.00000000E+00  0.00000000E+00  0.00000000E+00  1.24258511E-01  0.00000000E+00  0.00000000E+00 -4.56364875E-02
    0.118000      1   0.00000000E+00  0.00000000E+00  2.33886390E-03  0.00000000E+00  0.00000000E+00  0.00000000E+00  0.00000000E+00  0.00000000E+00  1.24212663E-01  0.00000000E+00  0.00000000E+00 -4.58472057E-02
    0.119000      1   0.00000000E+00  0.00000000E+00  2.31395168E-03  0.00000000E+00  0.00000000E+00  0.00000000E+00  0.00000000E+00  0.00000000E+00  1.24166612E-01  0.00000000E+00  0.00000000E+00 -4.60517559E-02
    0.120000      1   0.00000000E+00  0.00000000E+00  2.32343596E-03  0.00000000E+00  0.00000000E+00  0.00000000E+00  0.00000000E+00  0.00000000E+00  1.24120353E-01  0.00000000E+00  0.00000000E+00 -4.62583522E-02
    0.121000      1   0.00000000E+00  0.00000000E+00  2.29902405E-03  0.00000000E+00  0.00000000E+00  0.00000000E+00  0.00000000E+00  0.00000000E+00  1.24073882E-01  0.00000000E+00  0.00000000E+00 -4.64714529E-02
    0.122000      1   0.00000000E+00  0.00000000E+00  2.29390333E-03  0.00000000E+00  0.00000000E+00  0.00000000E+00  0.00000000E+00  0.00000000E+00  1.24027196E-01  0.00000000E+00  0.00000000E+00 -4.66857558E-02
    0.123000      1   0.00000000E+00  0.00000000E+00  2.27356113E-03  0.00000000E+00  0.00000000E+00  0.00000000E+00  0.00000000E+00  0.00000000E+00  1.23980287E-01  0.00000000E+00  0.00000000E+00 -4.69089814E-02
    0.124000      1   0.00000000E+00  0.00000000E+00  2.31072092E-03  0.00000000E+00  0.00000000E+00  0.00000000E+00  0.00000000E+00  0.00000000E+00  1.23933150E-01  0.00000000E+00  0.00000000E+00 -4.71374861E-02
    0.125000      1   0.00000000E+00  0.00000000E+00  2.31873422E-03  0.00000000E+00  0.00000000E+00  0.00000000E+00  0.00000000E+00  0.00000000E+00  1.23885783E-01  0.00000000E+00  0.00000000E+00 -4.73661001E-02
    0.126000      1   0.00000000E+00  0.00000000E+00  2.32548637E-03  0.00000000E+00  0.00000000E+00  0.00000000E+00  0.00000000E+00  0.00000000E+00  1.23838202E-01  0.00000000E+00  0.00000000E+00 -4.75810933E-02
    0.127000      1   0.00000000E+00  0.00000000E+00  2.31758490E-03  0.00000000E+00  0.00000000E+00  0.00000000E+00  0.00000000E+00  0.00000000E+00  1.23790410E-01  0.00000000E+00  0.00000000E+00 -4.77922607E-02
    0.128000      1   0.00000000E+00  0.00000000E+00  2.34744054E-03  0.00000000E+00  0.00000000E+00  0.00000000E+00  0.00000000E+00  0.00000000E+00  1.23742407E-01  0.00000000E+00  0.00000000E+00 -4.80026079E-02
    0.129000      1   0.00000000E+00  0.00000000E+00  2.36950946E-03  0.00000000E+00  0.00000000E+00  0.00000000E+00  0.00000000E+00  0.00000000E+00  1.23694197E-01  0.00000000E+00  0.00000000E+00 -4.82102704E-02
    0.130000      1   0.00000000E+00  0.00000000E+00  2.36292987E-03  0.00000000E+00  0.00000000E+00  0.00000000E+00  0.00000000E+00  0.00000000E+00  1.23645793E-01  0.00000000E+00  0.00000000E+00 -4.84042253E-02
    0.131000      1   0.00000000E+00  0.00000000E+00  2.35428900E-03  0.00000000E+00  0.00000000E+00  0.00000000E+00  0.00000000E+00  0.00000000E+00  1.23597201E-01  0.00000000E+00  0.00000000E+00 -4.85920959E-02
    0.132000      1   0.00000000E+00  0.00000000E+00  2.35745649E-03  0.00000000E+00  0.00000000E+00  0.00000000E+00  0.00000000E+00  0.00000000E+00  1.23548417E-01  0.00000000E+00  0.00000000E+00 -4.87836554E-02
    0.133000      1   0.00000000E+00  0.00000000E+00  2.32069132E-03  0.00000000E+00  0.00000000E+00  0.00000000E+00  0.00000000E+00  0.00000000E+00  1.23499440E-01  0.00000000E+00  0.00000000E+00 -4.89774925E-02
    0.134000      1   0.00000000E+00  0.00000000E+00  2.30303978E-03  0.00000000E+00  0.00000000E+00  0.00000000E+00  0.00000000E+00  0.00000000E+00  1.23450263E-01  0.00000000E+00  0.00000000E+00 -4.91767909E-02
    0.135000      1   0.00000000E+00  0.00000000E+00  2.33378218E-03  0.00000000E+00  0.00000000E+00  0.00000000E+00  0.00000000E+00  0.00000000E+00  1.23400872E-01  0.00000000E+00  0.00000000E+00 -4.93912850E-02
    0.136000      1   0.00000000E+00  0.00000000E+00  2.34487724E-03  0.00000000E+00  0.00000000E+00  0.00000000E+00  0.00000000E+00  0.00000000E+00  1.23351266E-01  0.00000000E+00  0.00000000E+00 -4.96061397E-02
    0.137000      1   0.00000000E+00  0.00000000E+00  2.34527224E-03  0.00000000E+00  0.00000000E+00  0.00000000E+00  0.00000000E+00  0.00000000E+00  1.23301457E-01  0.00000000E+00  0.00000000E+00 -4.98089361E-02
    0.138000      1   0.00000000E+00  0.00000000E+00  2.34920336E-03  0.00000000E+00  0.00000000E+00  0.00000000E+00  0.00000000E+00  0.00000000E+00  1.23251449E-01  0.00000000E+00  0.00000000E+00 -5.00080189E-02
    0.139000      1   0.00000000E+00  0.00000000E+00  2.36787120E-03  0.00000000E+00  0.00000000E+00  0.00000000E+00  0.00000000E+00  0.00000000E+00  1.23201242E-01  0.00000000E+00  0.00000000E+00 -5.02062767E-02
    0.140000      1   0.00000000E+00  0.00000000E+00  2.37115942E-03  0.00000000E+00  0.00000000E+00  0.00000000E+00  0.00000000E+00  0.00000000E+00  1.23150842E-01  0.00000000E+00  0.00000000E+00 -5.03999424E-02
    0.141000      1   0.00000000E+00  0.00000000E+00  2.39864668E-03  0.00000000E+00  0.00000000E+00  0.00000000E+00  0.00000000E+00  0.00000000E+00  1.23100255E-01  0.00000000E+00  0.00000000E+00 -5.05868957E-02
    0.142000      1   0.00000000E+00  0.00000000E+00  2.37825650E-03  0.00000000E+00  0.00000000E+00  0.00000000E+00  0.00000000E+00  0.00000000E+00  1.23049488E-01  0.00000000E+00  0.00000000E+00 -5.07679083E-02
    0.143000      1   0.00000000E+00  0.00000000E+00  2.38566247E-03  0.00000000E+00  0.00000000E+00  0.00000000E+00  0.00000000E+00  0.00000000E+00  1.22998544E-01  0.00000000E+00  0.00000000E+00 -5.09434995E-02
    0.144000      1   0.00000000E+00  0.00000000E+00  2.34648172E-03  0.00000000E+00  0.00000000E+00  0.00000000E+00  0.00000000E+00  0.00000000E+00  1.22947420E-01  0.00000000E+00  0.00000000E+00 -5.11244774E-02
    0.145000      1   0.00000000E+00  0.00000000E+00  2.32820971E-03  0.00000000E+00  0.00000000E+00  0.00000000E+00  0.00000000E+00  0.00000000E+00  1.22896110E-01  0.00000000E+00  0.00000000E+00 -5.13099518E-02
    0.146000      1   0.00000000E+00  0.00000000E+00  2.34996484E-03  0.00000000E+00  0.00000000E+00  0.00000000E+00  0.00000000E+00  0.00000000E+00  1.22844598E-01  0.00000000E+00  0.00000000E+00 -5.15115250E-02
    0.147000      1   0.00000000E+00  0.00000000E+00  2.36362262E-03  0.00000000E+00  0.00000000E+00  0.00000000E+00  0.00000000E+00  0.00000000E+00  1.22792883E-01  0.00000000E+00  0.00000000E+00 -5.17152518E-02
    0.148000      1   0.00000000E+00  0.00000000E+00  2.36786583E-03  0.00000000E+00  0.00000000E+00  0.00000000E+00  0.00000000E+00  0.00000000E+00  1.22740973E-01  0.00000000E+00  0.00000000E+00 -5.19094186E-02
    0.149000      1   0.00000000E+00  0.00000000E+00  2.36123917E-03  0.00000000E+00  0.00000000E+00  0.00000000E+00  0.00000000E+00  0.00000000E+00  1.22688875E-01  0.00000000E+00  0.00000000E+00 -5.20983497E-02
    0.150000      1   0.00000000E+00  0.00000000E+00  2.41198193E-03  0.00000000E+00  0.00000000E+00  0.00000000E+00  0.00000000E+00  0.00000000E+00  1.22636588E-01  0.00000000E+00  0.00000000E+00 -5.22870591E-02
    0.151000      1   0.00000000E+00  0.00000000E+00  2.41938351E-03  0.00000000E+00  0.00000000E+00  0.00000000E+00  0.00000000E+00  0.00000000E+00  1.22584119E-01  0.00000000E+00  0.00000000E+00 -5.24689714E-02
    0.152000      1   0.00000000E+00  0.00000000E+00  2.41080498E-03  0.00000000E+00  0.00000000E+00  0.00000000E+00  0.00000000E+00  0.00000000E+00  1.22531486E-01  0.00000000E+00  0.00000000E+00 -5.26329103E-02
    0.153000      1   0.00000000E+00  0.00000000E+00  2.40274833E-03  0.00000000E+00  0.00000000E+00  0.00000000E+00  0.00000000E+00  0.00000000E+00  1.22478690E-01  0.00000000E+00  0.00000000E+00 -5.27959353E-02
    0.154000      1   0.00000000E+00  0.00000000E+00  2.38475888E-03  0.00000000E+00  0.00000000E+00  0.00000000E+00  0.00000000E+00  0.00000000E+00  1.22425727E-01  0.00000000E+00  0.00000000E+00 -5.29632024E-02
    0.155000      1   0.00000000E+00  0.00000000E+00  2.36932807E-03  0.00000000E+00  0.00000000E+00  0.00000000E+00  0.00000000E+00  0.00000000E+00  1.22372591E-01  0.00000000E+00  0.00000000E+00 -5.31362967E-02
    0.156000      1   0.00000000E+00  0.00000000E+00  2.34975653E-03  0.00000000E+00  0.00000000E+00  0.00000000E+00  0.00000000E+00  0.00000000E+00  1.22319273E-01  0.00000000E+00  0.00000000E+00 -5.33180277E-02
    0.157000      1   0.00000000E+00  0.00000000E+00  2.39234206E-03  0.00000000E+00  0.00000000E+00  0.00000000E+00  0.00000000E+00  0.00000000E+00  1.22265764E-01  0.00000000E+00  0.00000000E+00 -5.35082874E-02
    0.158000      1   0.00000000E+00  0.00000000E+00  2.38961350E-03  0.00000000E+00  0.00000000E+00  0.00000000E+00  0.00000000E+00  0.00000000E+00  1.22212067E-01  0.00000000E+00  0.00000000E+00 -5.36974440E-02
    0.159000      1   0.00000000E+00  0.00000000E+00  2.40292295E-03  0.00000000E+00  0.00000000E+00  0.00000000E+00  0.00000000E+00  0.00000000E+00  1.22158194E-01  0.00000000E+00  0.00000000E+00 -5.38730973E-02
    0.160000      1   0.00000000E+00  0.00000000E+00  2.40158250E-03  0.00000000E+00  0.00000000E+00  0.00000000E+00  0.00000000E+00  0.00000000E+00  1.22104147E-01  0.00000000E+00  0.00000000E+00 -5.40472931E-02
    0.161000      1   0.00000000E+00  0.00000000E+00  2.41514237E-03  0.00000000E+00  0.00000000E+00  0.00000000E+00  0.00000000E+00  0.00000000E+00  1.22049929E-01  0.00000000E+00  0.00000000E+00 -5.42173550E-02
    0.162000      1   0.00000000E+00  0.00000000E+00  2.45821689E-03  0.00000000E+00  0.00000000E+00  0.00000000E+00  0.00000000E+00  0.00000000E+00  1.21995544E-01  0.00000000E+00  0.00000000E+00 -5.43854591E-02
    0.163000      1   0.00000000E+00  0.00000000E+00  2.42036117E-03  0.00000000E+00  0.00000000E+00  0.00000000E+00  0.00000000E+00  0.00000000E+00  1.21941002E-01  0.00000000E+00  0.00000000E+00 -5.45414928E-02
    0.164000      1   0.00000000E+00  0.00000000E+00  2.42030649E-03  0.00000000E+00  0.00000000E+00  0.00000000E+00  0.00000000E+00  0.00000000E+00  1.21886312E-01  0.00000000E+00  0.00000000E+00 -5.46900744E-02
    0.165000      1   0.00000000E+00  0.00000000E+00  2.38437379E-03  0.00000000E+00  0.00000000E+00  0.00000000E+00  0.00000000E+00  0.00000000E+00  1.21831461E-01  0.00000000E+00  0.00000000E+00 -5.48510982E-02
    0.166000      1   0.00000000E+00  0.00000000E+00  2.36318903E-03  0.00000000E+00  0.00000000E+00  0.00000000E+00  0.00000000E+00  0.00000000E+00  1.21776443E-01  0.00000000E+00  0.00000000E+00 -5.50184942E-02
    0.167000      1   0.00000000E+00  0.00000000E+00  2.40185651E-03  0.00000000E+00  0.00000000E+00  0.00000000E+00  0.00000000E+00  0.00000000E+00  1.21721241E-01  0.00000000E+00  0.00000000E+00 -5.52014373E-02
    0.168000      1   0.00000000E+00  0.00000000E+00  2.40064005E-03  0.00000000E+00  0.00000000E+00  0.00000000E+00  0.00000000E+00  0.00000000E+00  1.21665857E-01  0.00000000E+00  0.00000000E+00 -5.53844999E-02
    0.169000      1   0.00000000E+00  0.00000000E+00  2.41933145E-03  0.00000000E+00  0.00000000E+00  0.00000000E+00  0.00000000E+00  0.00000000E+00  1.21610302E-01  0.00000000E+00  0.00000000E+00 -5.55550786E-02
    0.170000      1   0.00000000E+00  0.00000000E+00  2.42201515E-03  0.00000000E+00  0.00000000E+00  0.00000000E+00  0.00000000E+00  0.00000000E+00  1.21554579E-01  0.00000000E+00  0.00000000E+00 -5.57227515E-02
    0.171000      1   0.00000000E+00  0.00000000E+00  2.44178552E-03  0.00000000E+00  0.00000000E+00  0.00000000E+00  0.00000000E+00  0.00000000E+00  1.21498695E-01  0.00000000E+00  0.00000000E+00 -5.58838112E-02
    0.172000      1   0.00000000E+00  0.00000000E+00  2.47243571E-03  0.00000000E+00  0.00000000E+00  0.00000000E+00  0.00000000E+00  0.00000000E+00  1.21442655E-01  0.00000000E+00  0.00000000E+00 -5.60404935E-02
    0.173000      1   0.00000000E+00  0.00000000E+00  2.43391169E-03  0.00000000E+00  0.00000000E+00  0.00000000E+00  0.00000000E+00  0.00000000E+00  1.21386469E-01  0.00000000E+00  0.00000000E+00 -5.61852626E-02
    0.174000      1   0.00000000E+00  0.00000000E+00  2.43707190E-03  0.00000000E+00  0.00000000E+00  0.00000000E+00  0.00000000E+00  0.00000000E+00  1.21330142E-01  0.00000000E+00  0.00000000E+00 -5.63267784E-02
    0.175000      1   0.00000000E+00  0.00000000E+00  2.40636950E-03  0.00000000E+00  0.00000000E+00  0.00000000E+00  0.00000000E+00  0.00000000E+00  1.21273662E-01  0.00000000E+00  0.00000000E+00 -5.64803872E-02
    0.176000      1   0.00000000E+00  0.00000000E+00  2.38357277E-03  0.00000000E+00  0.00000000E+00  0.00000000E+00  0.00000000E+00  0.00000000E+00  1.21217024E-01  0.00000000E+00  0.00000000E+00 -5.66383874E-02
    0.177000      1   0.00000000E+00  0.00000000E+00  2.41414985E-03  0.00000000E+00  0.00000000E+00  0.00000000E+00  0.00000000E+00  0.00000000E+00  1.21160213E-01  0.00000000E+00  0.00000000E+00 -5.68105022E-02
    0.178000      1   0.00000000E+00  0.00000000E+00  2.42918448E-03  0.00000000E+00  0.00000000E+00  0.00000000E+00  0.00000000E+00  0.00000000E+00  1.21103228E-01  0.00000000E+00  0.00000000E+00 -5.69846965E-02
    0.179000      1   0.00000000E+00  0.00000000E+00  2.43766037E-03  0.00000000E+00  0.00000000E+00  0.00000000E+00  0.00000000E+00  0.00000000E+00  1.21046082E-01  0.00000000E+00  0.00000000E+00 -5.71461902E-02
    0.180000      1   0.00000000E+00  0.00000000E+00  2.43915070E-03  0.00000000E+00  0.00000000E+00  0.00000000E+00  0.00000000E+00  0.00000000E+00  1.20988781E-01  0.00000000E+00  0.00000000E+00 -5.73012474E-02
    0.181000      1   0.00000000E+00  0.00000000E+00  2.44206653E-03  0.00000000E+00  0.00000000E+00  0.00000000E+00  0.00000000E+00  0.00000000E+00  1.20931328E-01  0.00000000E+00  0.00000000E+00 -5.74532574E-02
    0.182000      1   0.00000000E+00  0.00000000E+00  2.46970503E-03  0.00000000E+00  0.00000000E+00  0.00000000E+00  0.00000000E+00  0.00000000E+00  1.20873724E-01  0.00000000E+00  0.00000000E+00 -5.76042624E-02
    0.183000      1   0.00000000E+00  0.00000000E+00  2.46786901E-03  0.00000000E+00  0.00000000E+00  0.00000000E+00  0.00000000E+00  0.00000000E+00  1.20815974E-01  0.00000000E+00  0.00000000E+00 -5.77494222E-02
    0.184000      1   0.00000000E+00  0.00000000E+00  2.44532885E-03  0.00000000E+00  0.00000000E+00  0.00000000E+00  0.00000000E+00  0.00000000E+00  1.20758088E-01  0.00000000E+00  0.00000000E+00 -5.78858297E-02
    0.185000      1   0.00000000E+00  0.00000000E+00  2.41347752E-03  0.00000000E+00  0.00000000E+00  0.00000000E+00  0.00000000E+00  0.00000000E+00  1.20700061E-01  0.00000000E+00  0.00000000E+00 -5.80268263E-02
    0.186000      1   0.00000000E+00  0.00000000E+00  2.38931927E-03  0.00000000E+00  0.00000000E+00  0.00000000E+00  0.00000000E+00  0.00000000E+00  1.20641881E-01  0.00000000E+00  0.00000000E+00 -5.81808579E-02
    0.187000      1   0.00000000E+00  0.00000000E+00  2.42766575E-03  0.00000000E+00  0.00000000E+00  0.00000000E+00  0.00000000E+00  0.00000000E+00  1.20583531E-01  0.00000000E+00  0.00000000E+00 -5.83496220E-02
    0.188000      1   0.00000000E+00  0.00000000E+00  2.44583967E-03  0.00000000E+00  0.00000000E+00  0.00000000E+00  0.00000000E+00  0.00000000E+00  1.20525011E-01  0.00000000E+00  0.00000000E+00 -5.85195390E-02
    0.189000      1   0.00000000E+00  0.00000000E+00  2.44130186E-03  0.00000000E+00  0.00000000E+00  0.00000000E+00  0.00000000E+00  0.00000000E+00  1.20466338E-01  0.00000000E+00  0.00000000E+00 -5.86736485E-02
    0.190000      1   0.00000000E+00  0.00000000E+00  2.48381029E-03  0.00000000E+00  0.00000000E+00  0.00000000E+00  0.00000000E+00  0.00000000E+00  1.20407515E-01  0.00000000E+00  0.00000000E+00 -5.88225920E-02
    0.191000      1   0.00000000E+00  0.00000000E+00  2.50488701E-03  0.00000000E+00  0.00000000E+00  0.00000000E+00  0.00000000E+00  0.00000000E+00  1.20348550E-01  0.00000000E+00  0.00000000E+00 -5.89655085E-02
    0.192000      1   0.00000000E+00  0.00000000E+00  2.47847133E-03  0.00000000E+00  0.00000000E+00  0.00000000E+00  0.00000000E+00  0.00000000E+00  1.20289459E-01  0.00000000E+00  0.00000000E+00 -5.90907375E-02
    0.193000      1   0.00000000E+00  0.00000000E+00  2.47143884E-03  0.00000000E+00  0.00000000E+00  0.00000000E+00  0.00000000E+00  0.00000000E+00  1.20230245E-01  0.00000000E+00  0.00000000E+00 -5.92137159E-02
    0.194000      1   0.00000000E+00  0.00000000E+00  2.43687924E-03  0.00000000E+00  0.00000000E+00  0.00000000E+00  0.00000000E+00  0.00000000E+00  1.20170899E-01  0.00000000E+00  0.00000000E+00 -5.93466132E-02
    0.195000      1   0.00000000E+00  0.00000000E+00  2.41684904E-03  0.00000000E+00  0.00000000E+00  0.00000000E+00  0.00000000E+00  0.00000000E+00  1.20111411E-01  0.00000000E+00  0.00000000E+00 -5.94879315E-02
    0.196000      1   0.00000000E+00  0.00000000E+00  2.44808835E-03  0.00000000E+00  0.00000000E+00  0.00000000E+00  0.00000000E+00  0.00000000E+00  1.20051767E-01  0.00000000E+00  0.00000000E+00 -5.96441419E-02
    0.197000      1   0.00000000E+00  0.00000000E+00  2.45161442E-03  0.00000000E+00  0.00000000E+00  0.00000000E+00  0.00000000E+00  0.00000000E+00  1.19991965E-01  0.00000000E+00  0.00000000E+00 -5.98014062E-02
    0.198000      1   0.00000000E+00  0.00000000E+00  2.46448098E-03  0.00000000E+00  0.00000000E+00  0.00000000E+00  0.00000000E+00  0.00000000E+00  1.19932017E-01  0.00000000E+00  0.00000000E+00 -5.99477874E-02
    0.199000      1   0.00000000E+00  0.00000000E+00  2.48090566E-03  0.00000000E+00  0.00000000E+00  0.00000000E+00  0.00000000E+00  0.00000000E+00  1.19871927E-01  0.00000000E+00  0.00000000E+00 -6.00907354E-02
    0.200000      1   0.00000000E+00  0.00000000E+00  2.49026061E-03  0.00000000E+00  0.00000000E+00  0.00000000E+00  0.00000000E+00  0.00000000E+00  1.19811700E-01  0.00000000E+00  0.00000000E+00 -6.02265532E-02
    0.201000      1   0.00000000E+00  0.00000000E+00  2.48285595E-03  0.00000000E+00  0.00000000E+00  0.00000000E+00  0.00000000E+00  0.00000000E+00  1.19751345E-01  0.00000000E+00  0.00000000E+00 -6.03553226E-02
    0.202000      1   0.00000000E+00  0.00000000E+00  2.48676854E-03  0.00000000E+00  0.00000000E+00  0.00000000E+00  0.00000000E+00  0.00000000E+00  1.19690862E-01  0.00000000E+00  0.00000000E+00 -6.04823292E-02
    0.203000      1   0.00000000E+00  0.00000000E+00  2.46372372E-03  0.00000000E+00  0.00000000E+00  0.00000000E+00  0.00000000E+00  0.00000000E+00  1.19630251E-01  0.00000000E+00  0.00000000E+00 -6.06110756E-02
    0.204000      1   0.00000000E+00  0.00000000E+00  2.44262531E-03  0.00000000E+00  0.00000000E+00  0.00000000E+00  0.00000000E+00  0.00000000E+00  1.19569509E-01  0.00000000E+00  0.00000000E+00 -6.07426123E-02
    0.205000      1   0.00000000E+00  0.00000000E+00  2.44173580E-03  0.00000000E+00  0.00000000E+00  0.00000000E+00  0.00000000E+00  0.00000000E+00  1.19508623E-01  0.00000000E+00  0.00000000E+00 -6.08854483E-02
    0.206000      1   0.00000000E+00  0.00000000E+00  2.45237312E-03  0.00000000E+00  0.00000000E+00  0.00000000E+00  0.00000000E+00  0.00000000E+00  1.19447588E-01  0.00000000E+00  0.00000000E+00 -6.10353706E-02
    0.207000      1   0.00000000E+00  0.00000000E+00  2.48081839E-03  0.00000000E+00  0.00000000E+00  0.00000000E+00  0.00000000E+00  0.00000000E+00  1.19386404E-01  0.00000000E+00  0.00000000E+00 -6.11837040E-02
    0.208000      1   0.00000000E+00  0.00000000E+00  2.48639521E-03  0.00000000E+00  0.00000000E+00  0.00000000E+00  0.00000000E+00  0.00000000E+00  1.19325081E-01  0.00000000E+00  0.00000000E+00 -6.13235137E-02
    0.209000      1   0.00000000E+00  0.00000000E+00  2.50110184E-03  0.00000000E+00  0.00000000E+00  0.00000000E+00  0.00000000E+00  0.00000000E+00  1.19263628E-01  0.00000000E+00  0.00000000E+00 -6.14529953E-02
    0.210000      1   0.00000000E+00  0.00000000E+00  2.51555595E-03  0.00000000E+00  0.00000000E+00  0.00000000E+00  0.00000000E+00  0.00000000E+00  1.19202050E-01  0.00000000E+00  0.00000000E+00 -6.15780447E-02
    0.211000      1   0.00000000E+00  0.00000000E+00  2.49722993E-03  0.00000000E+00  0.00000000E+00  0.00000000E+00  0.00000000E+00  0.00000000E+00  1.19140354E-01  0.00000000E+00  0.00000000E+00 -6.16957082E-02
    0.212000      1   0.00000000E+00  0.00000000E+00  2.48334855E-03  0.00000000E+00  0.00000000E+00  0.00000000E+00  0.00000000E+00  0.00000000E+00  1.19078542E-01  0.00000000E+00  0.00000000E+00 -6.18118655E-02
    0.213000      1   0.00000000E+00  0.00000000E+00  2.45800111E-03  0.00000000E+00  0.00000000E+00  0.00000000E+00  0.00000000E+00  0.00000000E+00  1.19016606E-01  0.00000000E+00  0.00000000E+00 -6.19364961E-02
    0.214000      1   0.00000000E+00  0.00000000E+00  2.45947671E-03  0.00000000E+00  0.00000000E+00  0.00000000E+00  0.00000000E+00  0.00000000E+00  1.18954535E-01  0.00000000E+00  0.00000000E+00 -6.20701680E-02
    0.215000      1   0.00000000E+00  0.00000000E+00  2.46601056E-03  0.00000000E+00  0.00000000E+00  0.00000000E+00  0.00000000E+00  0.00000000E+00  1.18892324E-01  0.00000000E+00  0.00000000E+00 -6.22119034E-02
    0.216000      1   0.00000000E+00  0.00000000E+00  2.49381903E-03  0.00000000E+00  0.00000000E+00  0.00000000E+00  0.00000000E+00  0.00000000E+00  1.18829972E-01  0.00000000E+00  0.00000000E+00 -6.23519987E-02
    0.217000      1   0.00000000E+00  0.00000000E+00  2.49583287E-03  0.00000000E+00  0.00000000E+00  0.00000000E+00  0.00000000E+00  0.00000000E+00  1.18767486E-01  0.00000000E+00  0.00000000E+00 -6.24850306E-02
    0.218000      1   0.00000000E+00  0.00000000E+00  2.50432361E-03  0.00000000E+00  0.00000000E+00  0.00000000E+00  0.00000000E+00  0.00000000E+00  1.18704878E-01  0.00000000E+00  0.00000000E+00 -6.26085737E-02
    0.219000      1   0.00000000E+00  0.00000000E+00  2.51486559E-03  0.00000000E+00  0.00000000E+00  0.00000000E+00  0.00000000E+00  0.00000000E+00  1.18642148E-01  0.00000000E+00  0.00000000E+00 -6.27299539E-02
    0.220000      1   0.00000000E+00  0.00000000E+00  2.51889322E-03  0.00000000E+00  0.00000000E+00  0.00000000E+00  0.00000000E+00  0.00000000E+00  1.18579301E-01  0.00000000E+00  0.00000000E+00 -6.28466814E-02
    0.221000      1   0.00000000E+00  0.00000000E+00  2.47558585E-03  0.00000000E+00  0.00000000E+00  0.00000000E+00  0.00000000E+00  0.00000000E+00  1.18516342E-01  0.00000000E+00  0.00000000E+00 -6.29592345E-02
    0.222000      1   0.00000000E+00  0.00000000E+00  2.45704772E-03  0.00000000E+00  0.00000000E+00  0.00000000E+00  0.00000000E+00  0.00000000E+00  1.18453264E-01  0.00000000E+00  0.00000000E+00 -6.30781233E-02
    0.223000      1   0.00000000E+00  0.00000000E+00  2.48296847E-03  0.00000000E+00  0.00000000E+00  0.00000000E+00  0.00000000E+00  0.00000000E+00  1.18390049E-01  0.00000000E+00  0.00000000E+00 -6.32145132E-02
    0.224000      1   0.00000000E+00  0.00000000E+00  2.47677588E-03  0.00000000E+00  0.00000000E+00  0.00000000E+00  0.00000000E+00  0.00000000E+00  1.18326697E-01  0.00000000E+00  0.00000000E+00 -6.33524074E-02
    0.225000      1   0.00000000E+00  0.00000000E+00  2.49347232E-03  0.00000000E+00  0.00000000E+00  0.00000000E+00  0.00000000E+00  0.00000000E+00  1.18263214E-01  0.00000000E+00  0.00000000E+00 -6.34828840E-02
    0.226000      1   0.00000000E+00  0.00000000E+00  2.52892377E-03  0.00000000E+00  0.00000000E+00  0.00000000E+00  0.00000000E+00  0.00000000E+00  1.18199602E-01  0.00000000E+00  0.00000000E+00 -6.36124417E-02
    0.227000      1   0.00000000E+00  0.00000000E+00  2.53868816E-03  0.00000000E+00  0.00000000E+00  0.00000000E+00  0.00000000E+00  0.00000000E+00  1.18135871E-01  0.00000000E+00  0.00000000E+00 -6.37302469E-02
    0.228000      1   0.00000000E+00  0.00000000E+00  2.52973807E-03  0.00000000E+00  0.00000000E+00  0.00000000E+00  0.00000000E+00  0.00000000E+00  1.18072037E-01  0.00000000E+00  0.00000000E+00 -6.38346826E-02
    0.229000      1   0.00000000E+00  0.00000000E+00  2.52924540E-03  0.00000000E+00  0.00000000E+00  0.00000000E+00  0.00000000E+00  0.00000000E+00  1.18008099E-01  0.00000000E+00  0.00000000E+00 -6.39374942E-02
    0.230000      1   0.00000000E+00  0.00000000E+00  2.48455323E-03  0.00000000E+00  0.00000000E+00  0.00000000E+00  0.00000000E+00  0.00000000E+00  1.17944056E-01  0.00000000E+00  0.00000000E+00 -6.40433323E-02
    0.231000      1   0.00000000E+00  0.00000000E+00  2.44971742E-03  0.00000000E+00  0.00000000E+00  0.00000000E+00  0.00000000E+00  0.00000000E+00  1.17879899E-01  0.00000000E+00  0.00000000E+00 -6.41572355E-02
    0.232000      1   0.00000000E+00  0.00000000E+00  2.48828605E-03  0.00000000E+00  0.00000000E+00  0.00000000E+00  0.00000000E+00  0.00000000E+00  1.17815607E-01  0.00000000E+00  0.00000000E+00 -6.42919766E-02
    0.233000      1   0.00000000E+00  0.00000000E+00  2.50829476E-03  0.00000000E+00  0.00000000E+00  0.00000000E+00  0.00000000E+00  0.00000000E+00  1.17751175E-01  0.00000000E+00  0.00000000E+00 -6.44313379E-02
    0.234000      1   0.00000000E+00  0.00000000E+00  2.49458418E-03  0.00000000E+00  0.00000000E+00  0.00000000E+00  0.00000000E+00  0.00000000E+00  1.17686621E-01  0.00000000E+00  0.00000000E+00 -6.45544944E-02
    0.235000      1   0.00000000E+00  0.00000000E+00  2.54124905E-03  0.00000000E+00  0.00000000E+00  0.00000000E+00  0.00000000E+00  0.00000000E+00  1.17621947E-01  0.00000000E+00  0.00000000E+00 -6.46735042E-02
    0.236000      1   0.00000000E+00  0.00000000E+00  2.57187894E-03  0.00000000E+00  0.00000000E+00  0.00000000E+00  0.00000000E+00  0.00000000E+00  1.17557159E-01  0.00000000E+00  0.00000000E+00 -6.47887647E-02
    0.237000      1   0.00000000E+00  0.00000000E+00  2.52739105E-03  0.00000000E+00  0.00000000E+00  0.00000000E+00  0.00000000E+00  0.00000000E+00  1.17492275E-01  0.00000000E+00  0.00000000E+00 -6.48832831E-02
    0.238000      1   0.00000000E+00  0.00000000E+00  2.50819323E-03  0.00000000E+00  0.00000000E+00  0.00000000E+00  0.00000000E+00  0.00000000E+00  1.17427300E-01  0.00000000E+00  0.00000000E+00 -6.49756094E-02
    0.239000      1   0.00000000E+00  0.00000000E+00  2.48796438E-03  0.00000000E+00  0.00000000E+00  0.00000000E+00  0.00000000E+00  0.00000000E+00  1.17362214E-01  0.00000000E+00  0.00000000E+00 -6.50859412E-02
    0.240000      1   0.00000000E+00  0.00000000E+00  2.47867868E-03  0.00000000E+00  0.00000000E+00  0.00000000E+00  0.00000000E+00  0.00000000E+00  1.17297008E-01  0.00000000E+00  0.00000000E+00 -6.52061550E-02
    0.241000      1   0.00000000E+00  0.00000000E+00  2.49535063E-03  0.00000000E+00  0.00000000E+00  0.00000000E+00  0.00000000E+00  0.00000000E+00  1.17231673E-01  0.00000000E+00  0.00000000E+00 -6.53346544E-02
    0.242000      1   0.00000000E+00  0.00000000E+00  2.52462723E-03  0.00000000E+00  0.00000000E+00  0.00000000E+00  0.00000000E+00  0.00000000E+00  1.17166210E-01  0.00000000E+00  0.00000000E+00 -6.54632550E-02
    0.243000      1   0.00000000E+00  0.00000000E+00  2.53698913E-03  0.00000000E+00  0.00000000E+00  0.00000000E+00  0.00000000E+00  0.00000000E+00  1.17100628E-01  0.00000000E+00  0.00000000E+00 -6.55812031E-02
    0.244000      1   0.00000000E+00  0.00000000E+00  2.55010169E-03  0.00000000E+00  0.00000000E+00  0.00000000E+00  0.00000000E+00  0.00000000E+00  1.17034941E-01  0.00000000E+00  0.00000000E+00 -6.56873503E-02
    0.245000      1   0.00000000E+00  0.00000000E+00  2.54837092E-03  0.00000000E+00  0.00000000E+00  0.00000000E+00  0.00000000E+00  0.00000000E+00  1.16969154E-01  0.00000000E+00  0.00000000E+00 -6.57871189E-02
    0.246000      1   0.00000000E+00  0.00000000E+00  2.54036018E-03  0.00000000E+00  0.00000000E+00  0.00000000E+00  0.00000000E+00  0.00000000E+00  1.16903271E-01  0.00000000E+00  0.00000000E+00 -6.58828871E-02
    0.247000      1   0.00000000E+00  0.00000000E+00  2.51186228E-03  0.00000000E+00  0.00000000E+00  0.00000000E+00  0.00000000E+00  0.00000000E+00  1.16837290E-01  0.00000000E+00  0.00000000E+00 -6.59806404E-02
    0.248000      1   0.00000000E+00  0.00000000E+00  2.47663945E-03  0.00000000E+00  0.00000000E+00  0.00000000E+00  0.00000000E+00  0.00000000E+00  1.16771204E-01  0.00000000E+00  0.00000000E+00 -6.60860640E-02
    0.249000      1   0.00000000E+00  0.00000000E+00  2.50692393E-03  0.00000000E+00  0.00000000E+00  0.00000000E+00  0.00000000E+00  0.00000000E+00  1.16704997E-01  0.00000000E+00  0.00000000E+00 -6.62070756E-02
    0.250000      1   0.00000000E+00  0.00000000E+00  2.52354699E-03  0.00000000E+00  0.00000000E+00  0.00000000E+00  0.00000000E+00  0.00000000E+00  1.16638663E-01  0.00000000E+00  0.00000000E+00 -6.63342993E-02
    0.251000      1   0.00000000E+00  0.00000000E+00  2.51521958E-03  0.00000000E+00  0.00000000E+00  0.00000000E+00  0.00000000E+00  0.00000000E+00  1.16572214E-01  0.00000000E+00  0.00000000E+00 -6.64486377E-02
    0.252000      1   0.00000000E+00  0.00000000E+00  2.56012488E-03  0.00000000E+00  0.00000000E+00  0.00000000E+00  0.00000000E+00  0.00000000E+00  1.16505655E-01  0.00000000E+00  0.00000000E+00 -6.65589893E-02
    0.253000      1   0.00000000E+00  0.00000000E+00  2.59119841E-03  0.00000000E+00  0.00000000E+00  0.00000000E+00  0.00000000E+00  0.00000000E+00  1.16438991E-01  0.00000000E+00  0.00000000E+00 -6.66641348E-02
    0.254000      1   0.00000000E+00  0.00000000E+00  2.55473073E-03  0.00000000E+00  0.00000000E+00  0.00000000E+00  0.00000000E+00  0.00000000E+00  1.16372242E-01  0.00000000E+00  0.00000000E+00 -6.67490377E-02
    0.255000      1   0.00000000E+00  0.00000000E+00  2.51142217E-03  0.00000000E+00  0.00000000E+00  0.00000000E+00  0.00000000E+00  0.00000000E+00  1.16305412E-01  0.00000000E+00  0.00000000E+00 -6.68301845E-02
    0.256000      1   0.00000000E+00  0.00000000E+00  2.49586900E-03  0.00000000E+00  0.00000000E+00  0.00000000E+00  0.00000000E+00  0.00000000E+00  1.16238481E-01  0.00000000E+00  0.00000000E+00 -6.69309665E-02
    0.257000      1   0.00000000E+00  0.00000000E+00  2.50470389E-03  0.00000000E+00  0.00000000E+00  0.00000000E+00  0.00000000E+00  0.00000000E+00  1.16171432E-01  0.00000000E+00  0.00000000E+00 -6.70487220E-02
    0.258000      1   0.00000000E+00  0.00000000E+00  2.52255228E-03  0.00000000E+00  0.00000000E+00  0.00000000E+00  0.00000000E+00  0.00000000E+00  1.16104262E-01  0.00000000E+00  0.00000000E+00 -6.71700231E-02
    0.259000      1   0.00000000E+00  0.00000000E+00  2.52920844E-03  0.00000000E+00  0.00000000E+00  0.00000000E+00  0.00000000E+00  0.00000000E+00  1.16036977E-01  0.00000000E+00  0.00000000E+00 -6.72852664E-02
    0.260000      1   0.00000000E+00  0.00000000E+00  2.57260268E-03  0.00000000E+00  0.00000000E+00  0.00000000E+00  0.00000000E+00  0.00000000E+00  1.15969584E-01  0.00000000E+00  0.00000000E+00 -6.73934710E-02
    0.261000      1   0.00000000E+00  0.00000000E+00  2.59305287E-03  0.00000000E+00  0.00000000E+00  0.00000000E+00  0.00000000E+00  0.00000000E+00  1.15902092E-01  0.00000000E+00  0.00000000E+00 -6.74918158E-02
    0.262000      1   0.00000000E+00  0.00000000E+00  2.55317664E-03  0.00000000E+00  0.00000000E+00  0.00000000E+00  0.00000000E+00  0.00000000E+00  1.15834520E-01  0.00000000E+00  0.00000000E+00 -6.75722929E-02
    0.263000      1   0.00000000E+00  0.00000000E+00  2.54782073E-03  0.00000000E+00  0.00000000E+00  0.00000000E+00  0.00000000E+00  0.00000000E+00  1.15766866E-01  0.00000000E+00  0.00000000E+00 -6.76531054E-02
    0.264000      1   0.00000000E+00  0.00000000E+00  2.51177148E-03  0.00000000E+00  0.00000000E+00  0.00000000E+00  0.00000000E+00  0.00000000E+00  1.15699118E-01  0.00000000E+00  0.00000000E+00 -6.77479611E-02
    0.265000      1   0.00000000E+00  0.00000000E+00  2.51533349E-03  0.00000000E+00  0.00000000E+00  0.00000000E+00  0.00000000E+00  0.00000000E+00  1.15631267E-01  0.00000000E+00  0.00000000E+00 -6.78509507E-02
    0.266000      1   0.00000000E+00  0.00000000E+00  2.52761868E-03  0.00000000E+00  0.00000000E+00  0.00000000E+00  0.00000000E+00  0.00000000E+00  1.15563302E-01  0.00000000E+00  0.00000000E+00 -6.79651494E-02
    0.267000      1   0.00000000E+00  0.00000000E+00  2.54803983E-03  0.00000000E+00  0.00000000E+00  0.00000000E+00  0.00000000E+00  0.00000000E+00  1.15495226E-01  0.00000000E+00  0.00000000E+00 -6.80760059E-02
    0.268000      1   0.00000000E+00  0.00000000E+00  2.56171658E-03  0.00000000E+00  0.00000000E+00  0.00000000E+00  0.00000000E+00  0.00000000E+00  1.15427047E-01  0.00000000E+00  0.00000000E+00 -6.81792164E-02
    0.269000      1   0.00000000E+00  0.00000000E+00  2.58053585E-03  0.00000000E+00  0.00000000E+00  0.00000000E+00  0.00000000E+00  0.00000000E+00  1.15358774E-01  0.00000000E+00  0.00000000E+00 -6.82733018E-02
    0.270000      1   0.00000000E+00  0.00000000E+00  2.58010248E-03  0.00000000E+00  0.00000000E+00  0.00000000E+00  0.00000000E+00  0.00000000E+00  1.15290414E-01  0.00000000E+00  0.00000000E+00 -6.83595675E-02
    0.271000      1   0.00000000E+00  0.00000000E+00  2.57197351E-03  0.00000000E+00  0.00000000E+00  0.00000000E+00  0.00000000E+00  0.00000000E+00  1.15221975E-01  0.00000000E+00  0.00000000E+00 -6.84397294E-02
    0.272000      1   0.00000000E+00  0.00000000E+00  2.50907833E-03  0.00000000E+00  0.00000000E+00  0.00000000E+00  0.00000000E+00  0.00000000E+00  1.15153453E-01  0.00000000E+00  0.00000000E+00 -6.85214710E-02
    0.273000      1   0.00000000E+00  0.00000000E+00  2.48497704E-03  0.00000000E+00  0.00000000E+00  0.00000000E+00  0.00000000E+00  0.00000000E+00  1.15084836E-01  0.00000000E+00  0.00000000E+00 -6.86170047E-02
    0.274000      1   0.00000000E+00  0.00000000E+00  2.52400812E-03  0.00000000E+00  0.00000000E+00  0.00000000E+00  0.00000000E+00  0.00000000E+00  1.15016099E-01  0.00000000E+00  0.00000000E+00 -6.87374561E-02
    0.275000      1   0.00000000E+00  0.00000000E+00  2.56353493E-03  0.00000000E+00  0.00000000E+00  0.00000000E+00  0.00000000E+00  0.00000000E+00  1.14947240E-01  0.00000000E+00  0.00000000E+00 -6.88589206E-02
    0.276000      1   0.00000000E+00  0.00000000E+00  2.57760321E-03  0.00000000E+00  0.00000000E+00  0.00000000E+00  0.00000000E+00  0.00000000E+00  1.14878279E-01  0.00000000E+00  0.00000000E+00 -6.89605767E-02
    0.277000      1   0.00000000E+00  0.00000000E+00  2.59198502E-03  0.00000000E+00  0.00000000E+00  0.00000000E+00  0.00000000E+00  0.00000000E+00  1.14809232E-01  0.00000000E+00  0.00000000E+00 -6.90467639E-02
    0.278000      1   0.00000000E+00  0.00000000E+00  2.58055880E-03  0.00000000E+00  0.00000000E+00  0.00000000E+00  0.00000000E+00  0.00000000E+00  1.14740107E-01  0.00000000E+00  0.00000000E+00 -6.91257876E-02
    0.279000      1   0.00000000E+00  0.00000000E+00  2.58784061E-03  0.00000000E+00  0.00000000E+00  0.00000000E+00  0.00000000E+00  0.00000000E+00  1.14670904E-01  0.00000000E+00  0.00000000E+00 -6.92021086E-02
    0.280000      1   0.00000000E+00  0.00000000E+00  2.53615949E-03  0.00000000E+00  0.00000000E+00  0.00000000E+00  0.00000000E+00  0.00000000E+00  1.14601624E-01  0.00000000E+00  0.00000000E+00 -6.92808945E-02
    0.281000      1   0.00000000E+00  0.00000000E+00  2.49443121E-03  0.00000000E+00  0.00000000E+00  0.00000000E+00  0.00000000E+00  0.00000000E+00  1.14532257E-01  0.00000000E+00  0.00000000E+00 -6.93664282E-02
    0.282000      1   0.00000000E+00  0.00000000E+00  2.53449107E-03  0.00000000E+00  0.00000000E+00  0.00000000E+00  0.00000000E+00  0.00000000E+00  1.14462781E-01  0.00000000E+00  0.00000000E+00 -6.94763139E-02
    0.283000      1   0.00000000E+00  0.00000000E+00  2.57641678E-03  0.00000000E+00  0.00000000E+00  0.00000000E+00  0.00000000E+00  0.00000000E+00  1.14393188E-01  0.00000000E+00  0.00000000E+00 -6.95928197E-02
    0.284000      1   0.00000000E+00  0.00000000E+00  2.57281232E-03  0.00000000E+00  0.00000000E+00  0.00000000E+00  0.00000000E+00  0.00000000E+00  1.14323499E-01  0.00000000E+00  0.00000000E+00 -6.96887551E-02
    0.285000      1   0.00000000E+00  0.00000000E+00  2.59081086E-03  0.00000000E+00  0.00000000E+00  0.00000000E+00  0.00000000E+00  0.00000000E+00  1.14253728E-01  0.00000000E+00  0.00000000E+00 -6.97715589E-02
    0.286000      1   0.00000000E+00  0.00000000E+00  2.58729767E-03  0.00000000E+00  0.00000000E+00  0.00000000E+00  0.00000000E+00  0.00000000E+00  1.14183875E-01  0.00000000E+00  0.00000000E+00 -6.98523636E-02
    0.287000      1   0.00000000E+00  0.00000000E+00  2.59956137E-03  0.00000000E+00  0.00000000E+00  0.00000000E+00  0.00000000E+00  0.00000000E+00  1.14113947E-01  0.00000000E+00  0.00000000E+00 -6.99278786E-02
    0.288000      1   0.00000000E+00  0.00000000E+00  2.54363724E-03  0.00000000E+00  0.00000000E+00  0.00000000E+00  0.00000000E+00  0.00000000E+00  1.14043945E-01  0.00000000E+00  0.00000000E+00 -7.00023786E-02
    0.289000      1   0.00000000E+00  0.00000000E+00  2.49404206E-03  0.00000000E+00  0.00000000E+00  0.00000000E+00  0.00000000E+00  0.00000000E+00  1.13973862E-01  0.00000000E+00  0.00000000E+00 -7.00827407E-02
    0.290000      1   0.00000000E+00  0.00000000E+00  2.52807199E-03  0.00000000E+00  0.00000000E+00  0.00000000E+00  0.00000000E+00  0.00000000E+00  1.13903672E-01  0.00000000E+00  0.00000000E+00 -7.01902394E-02
    0.291000      1   0.00000000E+00  0.00000000E+00  2.57729066E-03  0.00000000E+00  0.00000000E+00  0.00000000E+00  0.00000000E+00  0.00000000E+00  1.13833364E-01  0.00000000E+00  0.00000000E+00 -7.03080081E-02
    0.292000      1   0.00000000E+00  0.00000000E+00  2.59700763E-03  0.00000000E+00  0.00000000E+00  0.00000000E+00  0.00000000E+00  0.00000000E+00  1.13762958E-01  0.00000000E+00  0.00000000E+00 -7.04058971E-02
    0.293000      1   0.00000000E+00  0.00000000E+00  2.61241993E-03  0.00000000E+00  0.00000000E+00  0.00000000E+00  0.00000000E+00  0.00000000E+00  1.13692474E-01  0.00000000E+00  0.00000000E+00 -7.04841352E-02
    0.294000      1   0.00000000E+00  0.00000000E+00  2.59455657E-03  0.00000000E+00  0.00000000E+00  0.00000000E+00  0.00000000E+00  0.00000000E+00  1.13621921E-01  0.00000000E+00  0.00000000E+00 -7.05531725E-02
    0.295000      1   0.00000000E+00  0.00000000E+00  2.59094946E-03  0.00000000E+00  0.00000000E+00  0.00000000E+00  0.00000000E+00  0.00000000E+00  1.13551301E-01  0.00000000E+00  0.00000000E+00 -7.06203071E-02
    0.296000      1   0.00000000E+00  0.00000000E+00  2.54036408E-03  0.00000000E+00  0.00000000E+00  0.00000000E+00  0.00000000E+00  0.00000000E+00  1.13480607E-01  0.00000000E+00  0.00000000E+00 -7.06939461E-02
    0.297000      1   0.00000000E+00  0.00000000E+00  2.53237100E-03  0.00000000E+00  0.00000000E+00  0.00000000E+00  0.00000000E+00  0.00000000E+00  1.13409829E-01  0.00000000E+00  0.00000000E+00 -7.07777153E-02
    0.298000      1   0.00000000E+00  0.00000000E+00  2.55081563E-03  0.00000000E+00  0.00000000E+00  0.00000000E+00  0.00000000E+00  0.00000000E+00  1.13338949E-01  0.00000000E+00  0.00000000E+00 -7.08795109E-02
    0.299000      1   0.00000000E+00  0.00000000E+00  2.57884215E-03  0.00000000E+00  0.00000000E+00  0.00000000E+00  0.00000000E+00  0.00000000E+00  1.13267969E-01  0.00000000E+00  0.00000000E+00 -7.09806698E-02
    0.300000      1   0.00000000E+00  0.00000000E+00  2.60337717E-03  0.00000000E+00  0.00000000E+00  0.00000000E+00  0.00000000E+00  0.00000000E+00  1.13196898E-01  0.00000000E+00  0.00000000E+00 -7.10708151E-02
    0.301000      1   0.00000000E+00  0.00000000E+00  2.60977333E-03  0.00000000E+00  0.00000000E+00  0.00000000E+00  0.00000000E+00  0.00000000E+00  1.13125750E-01  0.00000000E+00  0.00000000E+00 -7.11474173E-02
    0.302000      1   0.00000000E+00  0.00000000E+00  2.58920768E-03  0.00000000E+00  0.00000000E+00  0.00000000E+00  0.00000000E+00  0.00000000E+00  1.13054536E-01  0.00000000E+00  0.00000000E+00 -7.12148308E-02
    0.303000      1   0.00000000E+00  0.00000000E+00  2.57836268E-03  0.00000000E+00  0.00000000E+00  0.00000000E+00  0.00000000E+00  0.00000000E+00  1.12983252E-01  0.00000000E+00  0.00000000E+00 -7.12837804E-02
    0.304000      1   0.00000000E+00  0.00000000E+00  2.54764327E-03  0.00000000E+00  0.00000000E+00  0.00000000E+00  0.00000000E+00  0.00000000E+00  1.12911890E-01  0.00000000E+00  0.00000000E+00 -7.13614020E-02
    0.305000      1   0.00000000E+00  0.00000000E+00  2.54244404E-03  0.00000000E+00  0.00000000E+00  0.00000000E+00  0.00000000E+00  0.00000000E+00  1.12840442E-01  0.00000000E+00  0.00000000E+00 -7.14480176E-02
    0.306000      1   0.00000000E+00  0.00000000E+00  2.56290448E-03  0.00000000E+00  0.00000000E+00  0.00000000E+00  0.00000000E+00  0.00000000E+00  1.12768897E-01  0.00000000E+00  0.00000000E+00 -7.15456413E-02
    0.307000      1   0.00000000E+00  0.00000000E+00  2.56688295E-03  0.00000000E+00  0.00000000E+00  0.00000000E+00  0.00000000E+00  0.00000000E+00  1.12697255E-01  0.00000000E+00  0.00000000E+00 -7.16413543E-02
    0.308000      1   0.00000000E+00  0.00000000E+00  2.61559863E-03  0.00000000E+00  0.00000000E+00  0.00000000E+00  0.00000000E+00  0.00000000E+00  1.12625526E-01  0.00000000E+00  0.00000000E+00 -7.17296443E-02
    0.309000      1   0.00000000E+00  0.00000000E+00  2.64513349E-03  0.00000000E+00  0.00000000E+00  0.00000000E+00  0.00000000E+00  0.00000000E+00  1.12553718E-01  0.00000000E+00  0.00000000E+00 -7.18080129E-02
    0.310000      1   0.00000000E+00  0.00000000E+00  2.59846834E-03  0.00000000E+00  0.00000000E+00  0.00000000E+00  0.00000000E+00  0.00000000E+00  1.12481853E-01  0.00000000E+00  0.00000000E+00 -7.18651595E-02
    0.311000      1   0.00000000E+00  0.00000000E+00  2.56986064E-03  0.00000000E+00  0.00000000E+00  0.00000000E+00  0.00000000E+00  0.00000000E+00  1.12409932E-01  0.00000000E+00  0.00000000E+00 -7.19208588E-02
    0.312000      1   0.00000000E+00  0.00000000E+00  2.53301664E-03  0.00000000E+00  0.00000000E+00  0.00000000E+00  0.00000000E+00  0.00000000E+00  1.12337935E-01  0.00000000E+00  0.00000000E+00 -7.19969425E-02
    0.313000      1   0.00000000E+00  0.00000000E+00  2.56414069E-03  0.00000000E+00  0.00000000E+00  0.00000000E+00  0.00000000E+00  0.00000000E+00  1.12265846E-01  0.00000000E+00  0.00000000E+00 -7.20889368E-02
    0.314000      1   0.00000000E+00  0.00000000E+00  2.57984320E-03  0.00000000E+00  0.00000000E+00  0.00000000E+00  0.00000000E+00  0.00000000E+00  1.12193658E-01  0.00000000E+00  0.00000000E+00 -7.21875273E-02
    0.315000      1   0.00000000E+00  0.00000000E+00  2.57678211E-03  0.00000000E+00  0.00000000E+00  0.00000000E+00  0.00000000E+00  0.00000000E+00  1.12121385E-01  0.00000000E+00  0.00000000E+00 -7.22731194E-02
    0.316000      1   0.00000000E+00  0.00000000E+00  2.61315619E-03  0.00000000E+00  0.00000000E+00  0.00000000E+00  0.00000000E+00  0.00000000E+00  1.12049031E-01  0.00000000E+00  0.00000000E+00 -7.23540959E-02
    0.317000      1   0.00000000E+00  0.00000000E+00  2.62419179E-03  0.00000000E+00  0.00000000E+00  0.00000000E+00  0.00000000E+00  0.00000000E+00  1.11976602E-01  0.00000000E+00  0.00000000E+00 -7.24296454E-02
    0.318000      1   0.00000000E+00  0.00000000E+00  2.62087583E-03  0.00000000E+00  0.00000000E+00  0.00000000E+00  0.00000000E+00  0.00000000E+00  1.11904110E-01  0.00000000E+00  0.00000000E+00 -7.24912975E-02
    0.319000      1   0.00000000E+00  0.00000000E+00  2.57330493E-03  0.00000000E+00  0.00000000E+00  0.00000000E+00  0.00000000E+00  0.00000000E+00  1.11831560E-01  0.00000000E+00  0.00000000E+00 -7.25499117E-02
    0.320000      1   0.00000000E+00  0.00000000E+00  2.51530117E-03  0.00000000E+00  0.00000000E+00  0.00000000E+00  0.00000000E+00  0.00000000E+00  1.11758942E-01  0.00000000E+00  0.00000000E+00 -7.26180274E-02
    0.321000      1   0.00000000E+00  0.00000000E+00  2.55937635E-03  0.00000000E+00  0.00000000E+00  0.00000000E+00  0.00000000E+00  0.00000000E+00  1.11686230E-01  0.00000000E+00  0.00000000E+00 -7.27120234E-02
    0.322000      1   0.00000000E+00  0.00000000E+00  2.60384684E-03  0.00000000E+00  0.00000000E+00  0.00000000E+00  0.00000000E+00  0.00000000E+00  1.11613413E-01  0.00000000E+00  0.00000000E+00 -7.28172744E-02
    0.323000      1   0.00000000E+00  0.00000000E+00  2.62366040E-03  0.00000000E+00  0.00000000E+00  0.00000000E+00  0.00000000E+00  0.00000000E+00  1.11540513E-01  0.00000000E+00  0.00000000E+00 -7.29001865E-02
    0.324000      1   0.00000000E+00  0.00000000E+00  2.64644570E-03  0.00000000E+00  0.00000000E+00  0.00000000E+00  0.00000000E+00  0.00000000E+00  1.11467548E-01  0.00000000E+00  0.00000000E+00 -7.29649899E-02
    0.325000      1   0.00000000E+00  0.00000000E+00  2.60935446E-03  0.00000000E+00  0.00000000E+00  0.00000000E+00  0.00000000E+00  0.00000000E+00  1.11394529E-01  0.00000000E+00  0.00000000E+00 -7.30192569E-02
    0.326000      1   0.00000000E+00  0.00000000E+00  2.61014593E-03  0.00000000E+00  0.00000000E+00  0.00000000E+00  0.00000000E+00  0.00000000E+00  1.11321456E-01  0.00000000E+00  0.00000000E+00 -7.30726001E-02
    0.327000      1   0.00000000E+00  0.00000000E+00  2.57437601E-03  0.00000000E+00  0.00000000E+00  0.00000000E+00  0.00000000E+00  0.00000000E+00  1.11248318E-01  0.00000000E+00  0.00000000E+00 -7.31379846E-02
    0.328000      1   0.00000000E+00  0.00000000E+00  2.56097484E-03  0.00000000E+00  0.00000000E+00  0.00000000E+00  0.00000000E+00  0.00000000E+00  1.11175109E-01  0.00000000E+00  0.00000000E+00 -7.32094347E-02
    0.329000      1   0.00000000E+00  0.00000000E+00  2.57749439E-03  0.00000000E+00  0.00000000E+00  0.00000000E+00  0.00000000E+00  0.00000000E+00  1.11101814E-01  0.00000000E+00  0.00000000E+00 -7.32950021E-02
    0.330000      1   0.00000000E+00  0.00000000E+00  2.59178003E-03  0.00000000E+00  0.00000000E+00  0.00000000E+00  0.00000000E+00  0.00000000E+00  1.11028431E-01  0.00000000E+00  0.00000000E+00 -7.33820492E-02
    0.331000      1   0.00000000E+00  0.00000000E+00  2.62210605E-03  0.00000000E+00  0.00000000E+00  0.00000000E+00  0.00000000E+00  0.00000000E+00  1.10954970E-01  0.00000000E+00  0.00000000E+00 -7.34611449E-02
    0.332000      1   0.00000000E+00  0.00000000E+00  2.65210716E-03  0.00000000E+00  0.00000000E+00  0.00000000E+00  0.00000000E+00  0.00000000E+00  1.10881440E-01  0.00000000E+00  0.00000000E+00 -7.35301861E-02
    0.333000      1   0.00000000E+00  0.00000000E+00  2.62525456E-03  0.00000000E+00  0.00000000E+00  0.00000000E+00  0.00000000E+00  0.00000000E+00  1.10807856E-01  0.00000000E+00  0.00000000E+00 -7.35839624E-02
    0.334000      1   0.00000000E+00  0.00000000E+00  2.57425032E-03  0.00000000E+00  0.00000000E+00  0.00000000E+00  0.00000000E+00  0.00000000E+00  1.10734224E-01  0.00000000E+00  0.00000000E+00 -7.36326346E-02
    0.335000      1   0.00000000E+00  0.00000000E+00  2.53684899E-03  0.00000000E+00  0.00000000E+00  0.00000000E+00  0.00000000E+00  0.00000000E+00  1.10660524E-01  0.00000000E+00  0.00000000E+00 -7.36991450E-02
    0.336000      1   0.00000000E+00  0.00000000E+00  2.56923092E-03  0.00000000E+00  0.00000000E+00  0.00000000E+00  0.00000000E+00  0.00000000E+00  1.10586735E-01  0.00000000E+00  0.00000000E+00 -7.37890200E-02
    0.337000      1   0.00000000E+00  0.00000000E+00  2.59568853E-03  0.00000000E+00  0.00000000E+00  0.00000000E+00  0.00000000E+00  0.00000000E+00  1.10512850E-01  0.00000000E+00  0.00000000E+00 -7.38854518E-02
    0.338000      1   0.00000000E+00  0.00000000E+00  2.62240629E-03  0.00000000E+00  0.00000000E+00  0.00000000E+00  0.00000000E+00  0.00000000E+00  1.10438883E-01  0.00000000E+00  0.00000000E+00 -7.39665701E-02
    0.339000      1   0.00000000E+00  0.00000000E+00  2.65526140E-03  0.00000000E+00  0.00000000E+00  0.00000000E+00  0.00000000E+00  0.00000000E+00  1.10364849E-01  0.00000000E+00  0.00000000E+00 -7.40342746E-02
    0.340000      1   0.00000000E+00  0.00000000E+00  2.64461568E-03  0.00000000E+00  0.00000000E+00  0.00000000E+00  0.00000000E+00  0.00000000E+00  1.10290762E-01  0.00000000E+00  0.00000000E+00 -7.40873945E-02
    0.341000      1   0.00000000E+00  0.00000000E+00  2.62908675E-03  0.00000000E+00  0.00000000E+00  0.00000000E+00  0.00000000E+00  0.00000000E+00  1.10216630E-01  0.00000000E+00  0.00000000E+00 -7.41316070E-02
    0.342000      1   0.00000000E+00  0.00000000E+00  2.56859251E-03  0.00000000E+00  0.00000000E+00  0.00000000E+00  0.00000000E+00  0.00000000E+00  1.10142448E-01  0.00000000E+00  0.00000000E+00 -7.41820617E-02
    0.343000      1   0.00000000E+00  0.00000000E+00  2.56674674E-03  0.00000000E+00  0.00000000E+00  0.00000000E+00  0.00000000E+00  0.00000000E+00  1.10068200E-01  0.00000000E+00  0.00000000E+00 -7.42483141E-02
    0.344000      1   0.00000000E+00  0.00000000E+00  2.58431058E-03  0.00000000E+00  0.00000000E+00  0.00000000E+00  0.00000000E+00  0.00000000E+00  1.09993865E-01  0.00000000E+00  0.00000000E+00 -7.43347601E-02
    0.345000      1   0.00000000E+00  0.00000000E+00  2.60923914E-03  0.00000000E+00  0.00000000E+00  0.00000000E+00  0.00000000E+00  0.00000000E+00  1.09919446E-01  0.00000000E+00  0.00000000E+00 -7.44187064E-02
    0.346000      1   0.00000000E+00  0.00000000E+00  2.63146355E-03  0.00000000E+00  0.00000000E+00  0.00000000E+00  0.00000000E+00  0.00000000E+00  1.09844954E-01  0.00000000E+00  0.00000000E+00 -7.44924760E-02
    0.347000      1   0.00000000E+00  0.00000000E+00  2.66029157E-03  0.00000000E+00  0.00000000E+00  0.00000000E+00  0.00000000E+00  0.00000000E+00  1.09770400E-01  0.00000000E+00  0.00000000E+00 -7.45541287E-02
    0.348000      1   0.00000000E+00  0.00000000E+00  2.63431465E-03  0.00000000E+00  0.00000000E+00  0.00000000E+00  0.00000000E+00  0.00000000E+00  1.09695796E-01  0.00000000E+00  0.00000000E+00 -7.46033845E-02
    0.349000      1   0.00000000E+00  0.00000000E+00  2.58106619E-03  0.00000000E+00  0.00000000E+00  0.00000000E+00  0.00000000E+00  0.00000000E+00  1.09621148E-01  0.00000000E+00  0.00000000E+00 -7.46477666E-02
    0.350000      1   0.00000000E+00  0.00000000E+00  2.54587608E-03  0.00000000E+00  0.00000000E+00  0.00000000E+00  0.00000000E+00  0.00000000E+00  1.09546438E-01  0.00000000E+00  0.00000000E+00 -7.47100962E-02
    0.351000      1   0.00000000E+00  0.00000000E+00  2.58027191E-03  0.00000000E+00  0.00000000E+00  0.00000000E+00  0.00000000E+00  0.00000000E+00  1.09471642E-01  0.00000000E+00  0.00000000E+00 -7.47961365E-02
    0.352000      1   0.00000000E+00  0.00000000E+00  2.61204040E-03  0.00000000E+00  0.00000000E+00  0.00000000E+00  0.00000000E+00  0.00000000E+00  1.09396755E-01  0.00000000E+00  0.00000000E+00 -7.48876511E-02
    0.353000      1   0.00000000E+00  0.00000000E+00  2.64047079E-03  0.00000000E+00  0.00000000E+00  0.00000000E+00  0.00000000E+00  0.00000000E+00  1.09321792E-01  0.00000000E+00  0.00000000E+00 -7.49622518E-02
    0.354000      1   0.00000000E+00  0.00000000E+00  2.66150443E-03  0.00000000E+00  0.00000000E+00  0.00000000E+00  0.00000000E+00  0.00000000E+00  1.09246771E-01  0.00000000E+00  0.00000000E+00 -7.50213916E-02
    0.355000      1   0.00000000E+00  0.00000000E+00  2.63534314E-03  0.00000000E+00  0.00000000E+00  0.00000000E+00  0.00000000E+00  0.00000000E+00  1.09171703E-01  0.00000000E+00  0.00000000E+00 -7.50674749E-02
    0.356000      1   0.00000000E+00  0.00000000E+00  2.62116878E-03  0.00000000E+00  0.00000000E+00  0.00000000E+00  0.00000000E+00  0.00000000E+00  1.09096592E-01  0.00000000E+00  0.00000000E+00 -7.51112767E-02
    0.357000      1   0.00000000E+00  0.00000000E+00  2.58639725E-03  0.00000000E+00  0.00000000E+00  0.00000000E+00  0.00000000E+00  0.00000000E+00  1.09021426E-01  0.00000000E+00  0.00000000E+00 -7.51661769E-02
    0.358000      1   0.00000000E+00  0.00000000E+00  2.59694599E-03  0.00000000E+00  0.00000000E+00  0.00000000E+00  0.00000000E+00  0.00000000E+00  1.08946194E-01  0.00000000E+00  0.00000000E+00 -7.52318811E-02
    0.359000      1   0.00000000E+00  0.00000000E+00  2.60148140E-03  0.00000000E+00  0.00000000E+00  0.00000000E+00  0.00000000E+00  0.00000000E+00  1.08870887E-01  0.00000000E+00  0.00000000E+00 -7.53071394E-02
    0.360000      1   0.00000000E+00  0.00000000E+00  2.58785828E-03  0.00000000E+00  0.00000000E+00  0.00000000E+00  0.00000000E+00  0.00000000E+00  1.08795509E-01  0.00000000E+00  0.00000000E+00 -7.53781313E-02
    0.361000      1   0.00000000E+00  0.00000000E+00  2.64693472E-03  0.00000000E+00  0.00000000E+00  0.00000000E+00  0.00000000E+00  0.00000000E+00  1.08720059E-01  0.00000000E+00  0.00000000E+00 -7.54500428E-02
    0.362000      1   0.00000000E+00  0.00000000E+00  2.66466723E-03  0.00000000E+00  0.00000000E+00  0.00000000E+00  0.00000000E+00  0.00000000E+00  1.08644543E-01  0.00000000E+00  0.00000000E+00 -7.55159813E-02
    0.363000      1   0.00000000E+00  0.00000000E+00  2.66134985E-03  0.00000000E+00  0.00000000E+00  0.00000000E+00  0.00000000E+00  0.00000000E+00  1.08568983E-01  0.00000000E+00  0.00000000E+00 -7.55593824E-02
    0.364000      1   0.00000000E+00  0.00000000E+00  2.60042033E-03  0.00000000E+00  0.00000000E+00  0.00000000E+00  0.00000000E+00  0.00000000E+00  1.08493386E-01  0.00000000E+00  0.00000000E+00 -7.55975465E-02
    0.365000      1   0.00000000E+00  0.00000000E+00  2.54487545E-03  0.00000000E+00  0.00000000E+00  0.00000000E+00  0.00000000E+00  0.00000000E+00  1.08417738E-01  0.00000000E+00  0.00000000E+00 -7.56475749E-02
    0.366000      1   0.00000000E+00  0.00000000E+00  2.57920355E-03  0.00000000E+00  0.00000000E+00  0.00000000E+00  0.00000000E+00  0.00000000E+00  1.08342011E-01  0.00000000E+00  0.00000000E+00 -7.57274359E-02
    0.367000      1   0.00000000E+00  0.00000000E+00  2.62781486E-03  0.00000000E+00  0.00000000E+00  0.00000000E+00  0.00000000E+00  0.00000000E+00  1.08266191E-01  0.00000000E+00  0.00000000E+00 -7.58194681E-02
    0.368000      1   0.00000000E+00  0.00000000E+00  2.67178149E-03  0.00000000E+00  0.00000000E+00  0.00000000E+00  0.00000000E+00  0.00000000E+00  1.08190300E-01  0.00000000E+00  0.00000000E+00 -7.58916301E-02
    0.369000      1   0.00000000E+00  0.00000000E+00  2.69199593E-03  0.00000000E+00  0.00000000E+00  0.00000000E+00  0.00000000E+00  0.00000000E+00  1.08114360E-01  0.00000000E+00  0.00000000E+00 -7.59400524E-02
    0.370000      1   0.00000000E+00  0.00000000E+00  2.63380859E-03  0.00000000E+00  0.00000000E+00  0.00000000E+00  0.00000000E+00  0.00000000E+00  1.08038389E-01  0.00000000E+00  0.00000000E+00 -7.59704607E-02
    0.371000      1   0.00000000E+00  0.00000000E+00  2.60188916E-03  0.00000000E+00  0.00000000E+00  0.00000000E+00  0.00000000E+00  0.00000000E+00  1.07962385E-01  0.00000000E+00  0.00000000E+00 -7.60045200E-02
    0.372000      1   0.00000000E+00  0.00000000E+00  2.57361505E-03  0.00000000E+00  0.00000000E+00  0.00000000E+00  0.00000000E+00  0.00000000E+00  1.07886321E-01  0.00000000E+00  0.00000000E+00 -7.60633335E-02
    0.373000      1   0.00000000E+00  0.00000000E+00  2.59790118E-03  0.00000000E+00  0.00000000E+00  0.00000000E+00  0.00000000E+00  0.00000000E+00  1.07810184E-01  0.00000000E+00  0.00000000E+00 -7.61376299E-02
    0.374000      1   0.00000000E+00  0.00000000E+00  2.63158324E-03  0.00000000E+00  0.00000000E+00  0.00000000E+00  0.00000000E+00  0.00000000E+00  1.07733967E-01  0.00000000E+00  0.00000000E+00 -7.62169171E-02
    0.375000      1   0.00000000E+00  0.00000000E+00  2.63566673E-03  0.00000000E+00  0.00000000E+00  0.00000000E+00  0.00000000E+00  0.00000000E+00  1.07657685E-01  0.00000000E+00  0.00000000E+00 -7.62822721E-02
    0.376000      1   0.00000000E+00  0.00000000E+00  2.67493319E-03  0.00000000E+00  0.00000000E+00  0.00000000E+00  0.00000000E+00  0.00000000E+00  1.07581349E-01  0.00000000E+00  0.00000000E+00 -7.63358433E-02
    0.377000      1   0.00000000E+00  0.00000000E+00  2.65559797E-03  0.00000000E+00  0.00000000E+00  0.00000000E+00  0.00000000E+00  0.00000000E+00  1.07504968E-01  0.00000000E+00  0.00000000E+00 -7.63811296E-02
    0.378000      1   0.00000000E+00  0.00000000E+00  2.63040244E-03  0.00000000E+00  0.00000000E+00  0.00000000E+00  0.00000000E+00  0.00000000E+00  1.07428551E-01  0.00000000E+00  0.00000000E+00 -7.64169394E-02
    0.379000      1   0.00000000E+00  0.00000000E+00  2.59366826E-03  0.00000000E+00  0.00000000E+00  0.00000000E+00  0.00000000E+00  0.00000000E+00  1.07352087E-01  0.00000000E+00  0.00000000E+00 -7.64635547E-02
    0.380000      1   0.00000000E+00  0.00000000E+00  2.59535496E-03  0.00000000E+00  0.00000000E+00  0.00000000E+00  0.00000000E+00  0.00000000E+00  1.07275562E-01  0.00000000E+00  0.00000000E+00 -7.65249407E-02
    0.381000      1   0.00000000E+00  0.00000000E+00  2.59862495E-03  0.00000000E+00  0.00000000E+00  0.00000000E+00  0.00000000E+00  0.00000000E+00  1.07198964E-01  0.00000000E+00  0.00000000E+00 -7.65980924E-02
    0.382000      1   0.00000000E+00  0.00000000E+00  2.62186726E-03  0.00000000E+00  0.00000000E+00  0.00000000E+00  0.00000000E+00  0.00000000E+00  1.07122294E-01  0.00000000E+00  0.00000000E+00 -7.66701119E-02
    0.383000      1   0.00000000E+00  0.00000000E+00  2.67055534E-03  0.00000000E+00  0.00000000E+00  0.00000000E+00  0.00000000E+00  0.00000000E+00  1.07045557E-01  0.00000000E+00  0.00000000E+00 -7.67369474E-02
    0.384000      1   0.00000000E+00  0.00000000E+00  2.68118323E-03  0.00000000E+00  0.00000000E+00  0.00000000E+00  0.00000000E+00  0.00000000E+00  1.06968770E-01  0.00000000E+00  0.00000000E+00 -7.67875398E-02
    0.385000      1   0.00000000E+00  0.00000000E+00  2.67751041E-03  0.00000000E+00  0.00000000E+00  0.00000000E+00  0.00000000E+00  0.00000000E+00  1.06891949E-01  0.00000000E+00  0.00000000E+00 -7.68202629E-02
    0.386000      1   0.00000000E+00  0.00000000E+00  2.59629834E-03  0.00000000E+00  0.00000000E+00  0.00000000E+00  0.00000000E+00  0.00000000E+00  1.06815099E-01  0.00000000E+00  0.00000000E+00 -7.68501451E-02
    0.387000      1   0.00000000E+00  0.00000000E+00  2.58332191E-03  0.00000000E+00  0.00000000E+00  0.00000000E+00  0.00000000E+00  0.00000000E+00  1.06738204E-01  0.00000000E+00  0.00000000E+00 -7.68955950E-02
    0.388000      1   0.00000000E+00  0.00000000E+00  2.60304487E-03  0.00000000E+00  0.00000000E+00  0.00000000E+00  0.00000000E+00  0.00000000E+00  1.06661234E-01  0.00000000E+00  0.00000000E+00 -7.69700109E-02
    0.389000      1   0.00000000E+00  0.00000000E+00  2.63304813E-03  0.00000000E+00  0.00000000E+00  0.00000000E+00  0.00000000E+00  0.00000000E+00  1.06584188E-01  0.00000000E+00  0.00000000E+00 -7.70452006E-02
    0.390000      1   0.00000000E+00  0.00000000E+00  2.67055237E-03  0.00000000E+00  0.00000000E+00  0.00000000E+00  0.00000000E+00  0.00000000E+00  1.06507080E-01  0.00000000E+00  0.00000000E+00 -7.71086073E-02
    0.391000      1   0.00000000E+00  0.00000000E+00  2.67502503E-03  0.00000000E+00  0.00000000E+00  0.00000000E+00  0.00000000E+00  0.00000000E+00  1.06429924E-01  0.00000000E+00  0.00000000E+00 -7.71555283E-02
    0.392000      1   0.00000000E+00  0.00000000E+00  2.66151641E-03  0.00000000E+00  0.00000000E+00  0.00000000E+00  0.00000000E+00  0.00000000E+00  1.06352735E-01  0.00000000E+00  0.00000000E+00 -7.71893414E-02
    0.393000      1   0.00000000E+00  0.00000000E+00  2.61215269E-03  0.00000000E+00  0.00000000E+00  0.00000000E+00  0.00000000E+00  0.00000000E+00  1.06275511E-01  0.00000000E+00  0.00000000E+00 -7.72240744E-02
    0.394000      1   0.00000000E+00  0.00000000E+00  2.56040109E-03  0.00000000E+00  0.00000000E+00  0.00000000E+00  0.00000000E+00  0.00000000E+00  1.06198239E-01  0.00000000E+00  0.00000000E+00 -7.72719733E-02
    0.395000      1   0.00000000E+00  0.00000000E+00  2.59601034E-03  0.00000000E+00  0.00000000E+00  0.00000000E+00  0.00000000E+00  0.00000000E+00  1.06120894E-01  0.00000000E+00  0.00000000E+00 -7.73452357E-02
    0.396000      1   0.00000000E+00  0.00000000E+00  2.64570252E-03  0.00000000E+00  0.00000000E+00  0.00000000E+00  0.00000000E+00  0.00000000E+00  1.06043464E-01  0.00000000E+00  0.00000000E+00 -7.74291969E-02
    0.397000      1   0.00000000E+00  0.00000000E+00  2.69005491E-03  0.00000000E+00  0.00000000E+00  0.00000000E+00  0.00000000E+00  0.00000000E+00  1.05965972E-01  0.00000000E+00  0.00000000E+00 -7.74926761E-02
    0.398000      1   0.00000000E+00  0.00000000E+00  2.70310240E-03  0.00000000E+00  0.00000000E+00  0.00000000E+00  0.00000000E+00  0.00000000E+00  1.05888440E-01  0.00000000E+00  0.00000000E+00 -7.75319924E-02
    0.399000      1   0.00000000E+00  0.00000000E+00  2.65483060E-03  0.00000000E+00  0.00000000E+00  0.00000000E+00  0.00000000E+00  0.00000000E+00  1.05810885E-01  0.00000000E+00  0.00000000E+00 -7.75544353E-02
    0.400000      1   0.00000000E+00  0.00000000E+00  2.60433345E-03  0.00000000E+00  0.00000000E+00  0.00000000E+00  0.00000000E+00  0.00000000E+00  1.05733304E-01  0.00000000E+00  0.00000000E+00 -7.75811297E-02
    0.401000      1   0.00000000E+00  0.00000000E+00  2.57643259E-03  0.00000000E+00  0.00000000E+00  0.00000000E+00  0.00000000E+00  0.00000000E+00  1.05655672E-01  0.00000000E+00  0.00000000E+00 -7.76326070E-02
    0.402000      1   0.00000000E+00  0.00000000E+00  2.61703028E-03  0.00000000E+00  0.00000000E+00  0.00000000E+00  0.00000000E+00  0.00000000E+00  1.05577966E-01  0.00000000E+00  0.00000000E+00 -7.77056023E-02
    0.403000      1   0.00000000E+00  0.00000000E+00  2.66299913E-03  0.00000000E+00  0.00000000E+00  0.00000000E+00  0.00000000E+00  0.00000000E+00  1.05500185E-01  0.00000000E+00  0.00000000E+00 -7.77805815E-02
    0.404000      1   0.00000000E+00  0.00000000E+00  2.66620637E-03  0.00000000E+00  0.00000000E+00  0.00000000E+00  0.00000000E+00  0.00000000E+00  1.05422351E-01  0.00000000E+00  0.00000000E+00 -7.78340987E-02
    0.405000      1   0.00000000E+00  0.00000000E+00  2.69170694E-03  0.00000000E+00  0.00000000E+00  0.00000000E+00  0.00000000E+00  0.00000000E+00  1.05344479E-01  0.00000000E+00  0.00000000E+00 -7.78719518E-02
    0.406000      1   0.00000000E+00  0.00000000E+00  2.65684837E-03  0.00000000E+00  0.00000000E+00  0.00000000E+00  0.00000000E+00  0.00000000E+00  1.05266575E-01  0.00000000E+00  0.00000000E+00 -7.79042422E-02
    0.407000      1   0.00000000E+00  0.00000000E+00  2.63346501E-03  0.00000000E+00  0.00000000E+00  0.00000000E+00  0.00000000E+00  0.00000000E+00  1.05188641E-01  0.00000000E+00  0.00000000E+00 -7.79343221E-02
    0.408000      1   0.00000000E+00  0.00000000E+00  2.58951286E-03  0.00000000E+00  0.00000000E+00  0.00000000E+00  0.00000000E+00  0.00000000E+00  1.05110661E-01  0.00000000E+00  0.00000000E+00 -7.79799852E-02
    0.409000      1   0.00000000E+00  0.00000000E+00  2.60538355E-03  0.00000000E+00  0.00000000E+00  0.00000000E+00  0.00000000E+00  0.00000000E+00  1.05032620E-01  0.00000000E+00  0.00000000E+00 -7.80411002E-02
    0.410000      1   0.00000000E+00  0.00000000E+00  2.63043497E-03  0.00000000E+00  0.00000000E+00  0.00000000E+00  0.00000000E+00  0.00000000E+00  1.04954506E-01  0.00000000E+00  0.00000000E+00 -7.81138432E-02
    0.411000      1   0.00000000E+00  0.00000000E+00  2.67481181E-03  0.00000000E+00  0.00000000E+00  0.00000000E+00  0.00000000E+00  0.00000000E+00  1.04876329E-01  0.00000000E+00  0.00000000E+00 -7.81769439E-02
    0.412000      1   0.00000000E+00  0.00000000E+00  2.71099635E-03  0.00000000E+00  0.00000000E+00  0.00000000E+00  0.00000000E+00  0.00000000E+00  1.04798105E-01  0.00000000E+00  0.00000000E+00 -7.82239698E-02
    0.413000      1   0.00000000E+00  0.00000000E+00  2.66183807E-03  0.00000000E+00  0.00000000E+00  0.00000000E+00  0.00000000E+00  0.00000000E+00  1.04719855E-01  0.00000000E+00  0.00000000E+00 -7.82500229E-02
    0.414000      1   0.00000000E+00  0.00000000E+00  2.64349054E-03  0.00000000E+00  0.00000000E+00  0.00000000E+00  0.00000000E+00  0.00000000E+00  1.04641582E-01  0.00000000E+00  0.00000000E+00 -7.82728856E-02
    0.415000      1   0.00000000E+00  0.00000000E+00  2.60247188E-03  0.00000000E+00  0.00000000E+00  0.00000000E+00  0.00000000E+00  0.00000000E+00  1.04563267E-01  0.00000000E+00  0.00000000E+00 -7.83151371E-02
    0.416000      1   0.00000000E+00  0.00000000E+00  2.61940573E-03  0.00000000E+00  0.00000000E+00  0.00000000E+00  0.00000000E+00  0.00000000E+00  1.04484896E-01  0.00000000E+00  0.00000000E+00 -7.83706679E-02
    0.417000      1   0.00000000E+00  0.00000000E+00  2.64340466E-03  0.00000000E+00  0.00000000E+00  0.00000000E+00  0.00000000E+00  0.00000000E+00  1.04406459E-01  0.00000000E+00  0.00000000E+00 -7.84366752E-02
    0.418000      1   0.00000000E+00  0.00000000E+00  2.65231988E-03  0.00000000E+00  0.00000000E+00  0.00000000E+00  0.00000000E+00  0.00000000E+00  1.04327967E-01  0.00000000E+00  0.00000000E+00 -7.84928773E-02
    0.419000      1   0.00000000E+00  0.00000000E+00  2.68817919E-03  0.00000000E+00  0.00000000E+00  0.00000000E+00  0.00000000E+00  0.00000000E+00  1.04249427E-01  0.00000000E+00  0.00000000E+00 -7.85396213E-02
    0.420000      1   0.00000000E+00  0.00000000E+00  2.68696399E-03  0.00000000E+00  0.00000000E+00  0.00000000E+00  0.00000000E+00  0.00000000E+00  1.04170850E-01  0.00000000E+00  0.00000000E+00 -7.85770960E-02
    0.421000      1   0.00000000E+00  0.00000000E+00  2.65664234E-03  0.00000000E+00  0.00000000E+00  0.00000000E+00  0.00000000E+00  0.00000000E+00  1.04092247E-01  0.00000000E+00  0.00000000E+00 -7.86030089E-02
    0.422000      1   0.00000000E+00  0.00000000E+00  2.61200686E-03  0.00000000E+00  0.00000000E+00  0.00000000E+00  0.00000000E+00  0.00000000E+00  1.04013612E-01  0.00000000E+00  0.00000000E+00 -7.86346829E-02
    0.423000      1   0.00000000E+00  0.00000000E+00  2.60687036E-03  0.00000000E+00  0.00000000E+00  0.00000000E+00  0.00000000E+00  0.00000000E+00  1.03934928E-01  0.00000000E+00  0.00000000E+00 -7.86842083E-02
    0.424000      1   0.00000000E+00  0.00000000E+00  2.61827971E-03  0.00000000E+00  0.00000000E+00  0.00000000E+00  0.00000000E+00  0.00000000E+00  1.03856179E-01  0.00000000E+00  0.00000000E+00 -7.87493010E-02
    0.425000      1   0.00000000E+00  0.00000000E+00  2.66665058E-03  0.00000000E+00  0.00000000E+00  0.00000000E+00  0.00000000E+00  0.00000000E+00  1.03777365E-01  0.00000000E+00  0.00000000E+00 -7.88140630E-02
    0.426000      1   0.00000000E+00  0.00000000E+00  2.70968626E-03  0.00000000E+00  0.00000000E+00  0.00000000E+00  0.00000000E+00  0.00000000E+00  1.03698498E-01  0.00000000E+00  0.00000000E+00 -7.88665241E-02
    0.427000      1   0.00000000E+00  0.00000000E+00  2.68918931E-03  0.00000000E+00  0.00000000E+00  0.00000000E+00  0.00000000E+00  0.00000000E+00  1.03619603E-01  0.00000000E+00  0.00000000E+00 -7.88954892E-02
    0.428000      1   0.00000000E+00  0.00000000E+00  2.65590117E-03  0.00000000E+00  0.00000000E+00  0.00000000E+00  0.00000000E+00  0.00000000E+00  1.03540689E-01  0.00000000E+00  0.00000000E+00 -7.89139453E-02
    0.429000      1   0.00000000E+00  0.00000000E+00  2.61982304E-03  0.00000000E+00  0.00000000E+00  0.00000000E+00  0.00000000E+00  0.00000000E+00  1.03461744E-01  0.00000000E+00  0.00000000E+00 -7.89450196E-02
    0.430000      1   0.00000000E+00  0.00000000E+00  2.61711699E-03  0.00000000E+00  0.00000000E+00  0.00000000E+00  0.00000000E+00  0.00000000E+00  1.03382750E-01  0.00000000E+00  0.00000000E+00 -7.89934062E-02
    0.431000      1   0.00000000E+00  0.00000000E+00  2.63845860E-03  0.00000000E+00  0.00000000E+00  0.00000000E+00  0.00000000E+00  0.00000000E+00  1.03303696E-01  0.00000000E+00  0.00000000E+00 -7.90541199E-02
    0.432000      1   0.00000000E+00  0.00000000E+00  2.65113332E-03  0.00000000E+00  0.00000000E+00  0.00000000E+00  0.00000000E+00  0.00000000E+00  1.03224584E-01  0.00000000E+00  0.00000000E+00 -7.91119483E-02
    0.433000      1   0.00000000E+00  0.00000000E+00  2.69645270E-03  0.00000000E+00  0.00000000E+00  0.00000000E+00  0.00000000E+00  0.00000000E+00  1.03145424E-01  0.00000000E+00  0.00000000E+00 -7.91605264E-02
    0.434000      1   0.00000000E+00  0.00000000E+00  2.70451333E-03  0.00000000E+00  0.00000000E+00  0.00000000E+00  0.00000000E+00  0.00000000E+00  1.03066227E-01  0.00000000E+00  0.00000000E+00 -7.91969278E-02
    0.435000      1   0.00000000E+00  0.00000000E+00  2.66216390E-03  0.00000000E+00  0.00000000E+00  0.00000000E+00  0.00000000E+00  0.00000000E+00  1.02987010E-01  0.00000000E+00  0.00000000E+00 -7.92170201E-02
    0.436000      1   0.00000000E+00  0.00000000E+00  2.61485444E-03  0.00000000E+00  0.00000000E+00  0.00000000E+00  0.00000000E+00  0.00000000E+00  1.02907768E-01  0.00000000E+00  0.00000000E+00 -7.92419543E-02
    0.437000      1   0.00000000E+00  0.00000000E+00  2.61216861E-03  0.00000000E+00  0.00000000E+00  0.00000000E+00  0.00000000E+00  0.00000000E+00  1.02828479E-01  0.00000000E+00  0.00000000E+00 -7.92891627E-02
    0.438000      1   0.00000000E+00  0.00000000E+00  2.62851649E-03  0.00000000E+00  0.00000000E+00  0.00000000E+00  0.00000000E+00  0.00000000E+00  1.02749126E-01  0.00000000E+00  0.00000000E+00 -7.93523833E-02
    0.439000      1   0.00000000E+00  0.00000000E+00  2.66662830E-03  0.00000000E+00  0.00000000E+00  0.00000000E+00  0.00000000E+00  0.00000000E+00  1.02669713E-01  0.00000000E+00  0.00000000E+00 -7.94135950E-02
    0.440000      1   0.00000000E+00  0.00000000E+00  2.70661932E-03  0.00000000E+00  0.00000000E+00  0.00000000E+00  0.00000000E+00  0.00000000E+00  1.02590250E-01  0.00000000E+00  0.00000000E+00 -7.94626981E-02
    0.441000      1   0.00000000E+00  0.00000000E+00  2.70267490E-03  0.00000000E+00  0.00000000E+00  0.00000000E+00  0.00000000E+00  0.00000000E+00  1.02510758E-01  0.00000000E+00  0.00000000E+00 -7.94922128E-02
    0.442000      1   0.00000000E+00  0.00000000E+00  2.66511835E-03  0.00000000E+00  0.00000000E+00  0.00000000E+00  0.00000000E+00  0.00000000E+00  1.02431248E-01  0.00000000E+00  0.00000000E+00 -7.95092914E-02
    0.443000      1   0.00000000E+00  0.00000000E+00  2.62501285E-03  0.00000000E+00  0.00000000E+00  0.00000000E+00  0.00000000E+00  0.00000000E+00  1.02351714E-01  0.00000000E+00  0.00000000E+00 -7.95343068E-02
    0.444000      1   0.00000000E+00  0.00000000E+00  2.62065367E-03  0.00000000E+00  0.00000000E+00  0.00000000E+00  0.00000000E+00  0.00000000E+00  1.02272135E-01  0.00000000E+00  0.00000000E+00 -7.95787486E-02
    0.445000      1   0.00000000E+00  0.00000000E+00  2.64312112E-03  0.00000000E+00  0.00000000E+00  0.00000000E+00  0.00000000E+00  0.00000000E+00  1.02192498E-01  0.00000000E+00  0.00000000E+00 -7.96371325E-02
    0.446000      1   0.00000000E+00  0.00000000E+00  2.65619567E-03  0.00000000E+00  0.00000000E+00  0.00000000E+00  0.00000000E+00  0.00000000E+00  1.02112805E-01  0.00000000E+00  0.00000000E+00 -7.96929749E-02
    0.447000      1   0.00000000E+00  0.00000000E+00  2.71041584E-03  0.00000000E+00  0.00000000E+00  0.00000000E+00  0.00000000E+00  0.00000000E+00  1.02033066E-01  0.00000000E+00  0.00000000E+00 -7.97391266E-02
    0.448000      1   0.00000000E+00  0.00000000E+00  2.70520518E-03  0.00000000E+00  0.00000000E+00  0.00000000E+00  0.00000000E+00  0.00000000E+00  1.01953295E-01  0.00000000E+00  0.00000000E+00 -7.97713962E-02
    0.449000      1   0.00000000E+00  0.00000000E+00  2.66620574E-03  0.00000000E+00  0.00000000E+00  0.00000000E+00  0.00000000E+00  0.00000000E+00  1.01873508E-01  0.00000000E+00  0.00000000E+00 -7.97867805E-02
    0.450000      1   0.00000000E+00  0.00000000E+00  2.61705567E-03  0.00000000E+00  0.00000000E+00  0.00000000E+00  0.00000000E+00  0.00000000E+00  1.01793697E-01  0.00000000E+00  0.00000000E+00 -7.98107726E-02
    0.451000      1   0.00000000E+00  0.00000000E+00  2.61585233E-03  0.00000000E+00  0.00000000E+00  0.00000000E+00  0.00000000E+00  0.00000000E+00  1.01713841E-01  0.00000000E+00  0.00000000E+00 -7.98562644E-02
    0.452000      1   0.00000000E+00  0.00000000E+00  2.63464157E-03  0.00000000E+00  0.00000000E+00  0.00000000E+00  0.00000000E+00  0.00000000E+00  1.01633923E-01  0.00000000E+00  0.00000000E+00 -7.99181107E-02
    0.453000      1   0.00000000E+00  0.00000000E+00  2.67962743E-03  0.00000000E+00  0.00000000E+00  0.00000000E+00  0.00000000E+00  0.00000000E+00  1.01553946E-01  0.00000000E+00  0.00000000E+00 -7.99770294E-02
    0.454000      1   0.00000000E+00  0.00000000E+00  2.71577647E-03  0.00000000E+00  0.00000000E+00  0.00000000E+00  0.00000000E+00  0.00000000E+00  1.01473924E-01  0.00000000E+00  0.00000000E+00 -8.00218222E-02
    0.455000      1   0.00000000E+00  0.00000000E+00  2.69985776E-03  0.00000000E+00  0.00000000E+00  0.00000000E+00  0.00000000E+00  0.00000000E+00  1.01393878E-01  0.00000000E+00  0.00000000E+00 -8.00454485E-02
    0.456000      1   0.00000000E+00  0.00000000E+00  2.67093650E-03  0.00000000E+00  0.00000000E+00  0.00000000E+00  0.00000000E+00  0.00000000E+00  1.01313818E-01  0.00000000E+00  0.00000000E+00 -8.00600179E-02
    0.457000      1   0.00000000E+00  0.00000000E+00  2.62407177E-03  0.00000000E+00  0.00000000E+00  0.00000000E+00  0.00000000E+00  0.00000000E+00  1.01233734E-01  0.00000000E+00  0.00000000E+00 -8.00849297E-02
    0.458000      1   0.00000000E+00  0.00000000E+00  2.63054302E-03  0.00000000E+00  0.00000000E+00  0.00000000E+00  0.00000000E+00  0.00000000E+00  1.01153606E-01  0.00000000E+00  0.00000000E+00 -8.01276271E-02
    0.459000      1   0.00000000E+00  0.00000000E+00  2.65449035E-03  0.00000000E+00  0.00000000E+00  0.00000000E+00  0.00000000E+00  0.00000000E+00  1.01073421E-01  0.00000000E+00  0.00000000E+00 -8.01845712E-02
    0.460000      1   0.00000000E+00  0.00000000E+00  2.67245588E-03  0.00000000E+00  0.00000000E+00  0.00000000E+00  0.00000000E+00  0.00000000E+00  1.00993186E-01  0.00000000E+00  0.00000000E+00 -8.02351553E-02
    0.461000      1   0.00000000E+00  0.00000000E+00  2.71614242E-03  0.00000000E+00  0.00000000E+00  0.00000000E+00  0.00000000E+00  0.00000000E+00  1.00912911E-01  0.00000000E+00  0.00000000E+00 -8.02746977E-02
    0.462000      1   0.00000000E+00  0.00000000E+00  2.69710122E-03  0.00000000E+00  0.00000000E+00  0.00000000E+00  0.00000000E+00  0.00000000E+00  1.00832611E-01  0.00000000E+00  0.00000000E+00 -8.03006145E-02
    0.463000      1   0.00000000E+00  0.00000000E+00  2.66711626E-03  0.00000000E+00  0.00000000E+00  0.00000000E+00  0.00000000E+00  0.00000000E+00  1.00752295E-01  0.00000000E+00  0.00000000E+00 -8.03155512E-02
    0.464000      1   0.00000000E+00  0.00000000E+00  2.61323854E-03  0.00000000E+00  0.00000000E+00  0.00000000E+00  0.00000000E+00  0.00000000E+00  1.00671953E-01  0.00000000E+00  0.00000000E+00 -8.03420438E-02
    0.465000      1   0.00000000E+00  0.00000000E+00  2.62362531E-03  0.00000000E+00  0.00000000E+00  0.00000000E+00  0.00000000E+00  0.00000000E+00  1.00591565E-01  0.00000000E+00  0.00000000E+00 -8.03879116E-02
    0.466000      1   0.00000000E+00  0.00000000E+00  2.65308394E-03  0.00000000E+00  0.00000000E+00  0.00000000E+00  0.00000000E+00  0.00000000E+00  1.00511116E-01  0.00000000E+00  0.00000000E+00 -8.04496369E-02
    0.467000      1   0.00000000E+00  0.00000000E+00  2.70042777E-03  0.00000000E+00  0.00000000E+00  0.00000000E+00  0.00000000E+00  0.00000000E+00  1.00430613E-01  0.00000000E+00  0.00000000E+00 -8.05027415E-02
    0.468000      1   0.00000000E+00  0.00000000E+00  2.73611504E-03  0.00000000E+00  0.00000000E+00  0.00000000E+00  0.00000000E+00  0.00000000E+00  1.00350075E-01  0.00000000E+00  0.00000000E+00 -8.05377993E-02
    0.469000      1   0.00000000E+00  0.00000000E+00  2.68209371E-03  0.00000000E+00  0.00000000E+00  0.00000000E+00  0.00000000E+00  0.00000000E+00  1.00269524E-01  0.00000000E+00  0.00000000E+00 -8.05509978E-02
    0.470000      1   0.00000000E+00  0.00000000E+00  2.67149935E-03  0.00000000E+00  0.00000000E+00  0.00000000E+00  0.00000000E+00  0.00000000E+00  1.00188962E-01  0.00000000E+00  0.00000000E+00 -8.05620291E-02
    0.471000      1   0.00000000E+00  0.00000000E+00  2.61732732E-03  0.00000000E+00  0.00000000E+00  0.00000000E+00  0.00000000E+00  0.00000000E+00  1.00108369E-01  0.00000000E+00  0.00000000E+00 -8.05926753E-02
    0.472000      1   0.00000000E+00  0.00000000E+00  2.63020144E-03  0.00000000E+00  0.00000000E+00  0.00000000E+00  0.00000000E+00  0.00000000E+00  1.00027733E-01  0.00000000E+00  0.00000000E+00 -8.06363805E-02
    0.473000      1   0.00000000E+00  0.00000000E+00  2.68035177E-03  0.00000000E+00  0.00000000E+00  0.00000000E+00  0.00000000E+00  0.00000000E+00  9.99470375E-02  0.00000000E+00  0.00000000E+00 -8.06956001E-02
    0.474000      1   0.00000000E+00  0.00000000E+00  2.69264513E-03  0.00000000E+00  0.00000000E+00  0.00000000E+00  0.00000000E+00  0.00000000E+00  9.98662958E-02  0.00000000E+00  0.00000000E+00 -8.07417230E-02
    0.475000      1   0.00000000E+00  0.00000000E+00  2.73440307E-03  0.00000000E+00  0.00000000E+00  0.00000000E+00  0.00000000E+00  0.00000000E+00  9.97855266E-02  0.00000000E+00  0.00000000E+00 -8.07692019E-02
    0.476000      1   0.00000000E+00  0.00000000E+00  2.68996832E-03  0.00000000E+00  0.00000000E+00  0.00000000E+00  0.00000000E+00  0.00000000E+00  9.97047413E-02  0.00000000E+00  0.00000000E+00 -8.07852590E-02
    0.477000      1   0.00000000E+00  0.00000000E+00  2.63996936E-03  0.00000000E+00  0.00000000E+00  0.00000000E+00  0.00000000E+00  0.00000000E+00  9.96239459E-02  0.00000000E+00  0.00000000E+00 -8.07954600E-02
    0.478000      1   0.00000000E+00  0.00000000E+00  2.59872760E-03  0.00000000E+00  0.00000000E+00  0.00000000E+00  0.00000000E+00  0.00000000E+00  9.95431168E-02  0.00000000E+00  0.00000000E+00 -8.08290958E-02
    0.479000      1   0.00000000E+00  0.00000000E+00  2.64231582E-03  0.00000000E+00  0.00000000E+00  0.00000000E+00  0.00000000E+00  0.00000000E+00  9.94622303E-02  0.00000000E+00  0.00000000E+00 -8.08864452E-02
    0.480000      1   0.00000000E+00  0.00000000E+00  2.67681164E-03  0.00000000E+00  0.00000000E+00  0.00000000E+00  0.00000000E+00  0.00000000E+00  9.93812807E-02  0.00000000E+00  0.00000000E+00 -8.09496308E-02
    0.481000      1   0.00000000E+00  0.00000000E+00  2.71772239E-03  0.00000000E+00  0.00000000E+00  0.00000000E+00  0.00000000E+00  0.00000000E+00  9.93002883E-02  0.00000000E+00  0.00000000E+00 -8.09924013E-02
    0.482000      1   0.00000000E+00  0.00000000E+00  2.74205601E-03  0.00000000E+00  0.00000000E+00  0.00000000E+00  0.00000000E+00  0.00000000E+00  9.92192717E-02  0.00000000E+00  0.00000000E+00 -8.10166081E-02
    0.483000      1   0.00000000E+00  0.00000000E+00  2.67906712E-03  0.00000000E+00  0.00000000E+00  0.00000000E+00  0.00000000E+00  0.00000000E+00  9.91382486E-02  0.00000000E+00  0.00000000E+00 -8.10230762E-02
    0.484000      1   0.00000000E+00  0.00000000E+00  2.64701184E-03  0.00000000E+00  0.00000000E+00  0.00000000E+00  0.00000000E+00  0.00000000E+00  9.90572159E-02  0.00000000E+00  0.00000000E+00 -8.10326916E-02
    0.485000      1   0.00000000E+00  0.00000000E+00  2.61294246E-03  0.00000000E+00  0.00000000E+00  0.00000000E+00  0.00000000E+00  0.00000000E+00  9.89761472E-02  0.00000000E+00  0.00000000E+00 -8.10686621E-02
    0.486000      1   0.00000000E+00  0.00000000E+00  2.65626730E-03  0.00000000E+00  0.00000000E+00  0.00000000E+00  0.00000000E+00  0.00000000E+00  9.88950261E-02  0.00000000E+00  0.00000000E+00 -8.11211849E-02
    0.487000      1   0.00000000E+00  0.00000000E+00  2.68339357E-03  0.00000000E+00  0.00000000E+00  0.00000000E+00  0.00000000E+00  0.00000000E+00  9.88138488E-02  0.00000000E+00  0.00000000E+00 -8.11772350E-02
    0.488000      1   0.00000000E+00  0.00000000E+00  2.70671267E-03  0.00000000E+00  0.00000000E+00  0.00000000E+00  0.00000000E+00  0.00000000E+00  9.87326346E-02  0.00000000E+00  0.00000000E+00 -8.12142596E-02
    0.489000      1   0.00000000E+00  0.00000000E+00  2.71262164E-03  0.00000000E+00  0.00000000E+00  0.00000000E+00  0.00000000E+00  0.00000000E+00  9.86513963E-02  0.00000000E+00  0.00000000E+00 -8.12382519E-02
    0.490000      1   0.00000000E+00  0.00000000E+00  2.70120786E-03  0.00000000E+00  0.00000000E+00  0.00000000E+00  0.00000000E+00  0.00000000E+00  9.85701428E-02  0.00000000E+00  0.00000000E+00 -8.12535408E-02
    0.491000      1   0.00000000E+00  0.00000000E+00  2.66020266E-03  0.00000000E+00  0.00000000E+00  0.00000000E+00  0.00000000E+00  0.00000000E+00  9.84888739E-02  0.00000000E+00  0.00000000E+00 -8.12689076E-02
    0.492000      1   0.00000000E+00  0.00000000E+00  2.62110734E-03  0.00000000E+00  0.00000000E+00  0.00000000E+00  0.00000000E+00  0.00000000E+00  9.84075786E-02  0.00000000E+00  0.00000000E+00 -8.12952741E-02
    0.493000      1   0.00000000E+00  0.00000000E+00  2.63766725E-03  0.00000000E+00  0.00000000E+00  0.00000000E+00  0.00000000E+00  0.00000000E+00  9.83262366E-02  0.00000000E+00  0.00000000E+00 -8.13420209E-02
    0.494000      1   0.00000000E+00  0.00000000E+00  2.64981825E-03  0.00000000E+00  0.00000000E+00  0.00000000E+00  0.00000000E+00  0.00000000E+00  9.82448379E-02  0.00000000E+00  0.00000000E+00 -8.13986788E-02
    0.495000      1   0.00000000E+00  0.00000000E+00  2.73495951E-03  0.00000000E+00  0.00000000E+00  0.00000000E+00  0.00000000E+00  0.00000000E+00  9.81633901E-02  0.00000000E+00  0.00000000E+00 -8.14477493E-02
    0.496000      1   0.00000000E+00  0.00000000E+00  2.73526152E-03  0.00000000E+00  0.00000000E+00  0.00000000E+00  0.00000000E+00  0.00000000E+00  9.80819124E-02  0.00000000E+00  0.00000000E+00 -8.14777731E-02
    0.497000      1   0.00000000E+00  0.00000000E+00  2.71800503E-03  0.00000000E+00  0.00000000E+00  0.00000000E+00  0.00000000E+00  0.00000000E+00  9.80004326E-02  0.00000000E+00  0.00000000E+00 -8.14797817E-02
    0.498000      1   0.00000000E+00  0.00000000E+00  2.64100749E-03  0.00000000E+00  0.00000000E+00  0.00000000E+00  0.00000000E+00  0.00000000E+00  9.79189478E-02  0.00000000E+00  0.00000000E+00 -8.14847428E-02
    0.499000      1   0.00000000E+00  0.00000000E+00  2.62639060E-03  0.00000000E+00  0.00000000E+00  0.00000000E+00  0.00000000E+00  0.00000000E+00  9.78374389E-02  0.00000000E+00  0.00000000E+00 -8.15089874E-02
    0.500000      1   0.00000000E+00  0.00000000E+00  2.64752520E-03  0.00000000E+00  0.00000000E+00  0.00000000E+00  0.00000000E+00  0.00000000E+00  9.77558778E-02  0.00000000E+00  0.00000000E+00 -8.15611039E-02
    0.501000      1   0.00000000E+00  0.00000000E+00  2.67264469E-03  0.00000000E+00  0.00000000E+00  0.00000000E+00  0.00000000E+00  0.00000000E+00  9.76742635E-02  0.00000000E+00  0.00000000E+00 -8.16142834E-02
    0.502000      1   0.00000000E+00  0.00000000E+00  2.72524242E-03  0.00000000E+00  0.00000000E+00  0.00000000E+00  0.00000000E+00  0.00000000E+00  9.75926074E-02  0.00000000E+00  0.00000000E+00 -8.16560798E-02
    0.503000      1   0.00000000E+00  0.00000000E+00  2.73835318E-03  0.00000000E+00  0.00000000E+00  0.00000000E+00  0.00000000E+00  0.00000000E+00  9.75109271E-02  0.00000000E+00  0.00000000E+00 -8.16803254E-02
    0.504000      1   0.00000000E+00  0.00000000E+00  2.68923754E-03  0.00000000E+00  0.00000000E+00  0.00000000E+00  0.00000000E+00  0.00000000E+00  9.74292421E-02  0.00000000E+00  0.00000000E+00 -8.16849785E-02
    0.505000      1   0.00000000E+00  0.00000000E+00  2.63434513E-03  0.00000000E+00  0.00000000E+00  0.00000000E+00  0.00000000E+00  0.00000000E+00  9.73475481E-02  0.00000000E+00  0.00000000E+00 -8.16940115E-02
    0.506000      1   0.00000000E+00  0.00000000E+00  2.62937487E-03  0.00000000E+00  0.00000000E+00  0.00000000E+00  0.00000000E+00  0.00000000E+00  9.72658192E-02  0.00000000E+00  0.00000000E+00 -8.17288819E-02
    0.507000      1   0.00000000E+00  0.00000000E+00  2.65230400E-03  0.00000000E+00  0.00000000E+00  0.00000000E+00  0.00000000E+00  0.00000000E+00  9.71840365E-02  0.00000000E+00  0.00000000E+00 -8.17826587E-02
    0.508000      1   0.00000000E+00  0.00000000E+00  2.70077430E-03  0.00000000E+00  0.00000000E+00  0.00000000E+00  0.00000000E+00  0.00000000E+00  9.71022025E-02  0.00000000E+00  0.00000000E+00 -8.18340130E-02
    0.509000      1   0.00000000E+00  0.00000000E+00  2.75998271E-03  0.00000000E+00  0.00000000E+00  0.00000000E+00  0.00000000E+00  0.00000000E+00  9.70203333E-02  0.00000000E+00  0.00000000E+00 -8.18692656E-02
    0.510000      1   0.00000000E+00  0.00000000E+00  2.70429705E-03  0.00000000E+00  0.00000000E+00  0.00000000E+00  0.00000000E+00  0.00000000E+00  9.69384551E-02  0.00000000E+00  0.00000000E+00 -8.18781296E-02
    0.511000      1   0.00000000E+00  0.00000000E+00  2.68425018E-03  0.00000000E+00  0.00000000E+00  0.00000000E+00  0.00000000E+00  0.00000000E+00  9.68565777E-02  0.00000000E+00  0.00000000E+00 -8.18773960E-02
    0.512000      1   0.00000000E+00  0.00000000E+00  2.62722046E-03  0.00000000E+00  0.00000000E+00  0.00000000E+00  0.00000000E+00  0.00000000E+00  9.67746792E-02  0.00000000E+00  0.00000000E+00 -8.18984954E-02
    0.513000      1   0.00000000E+00  0.00000000E+00  2.63740347E-03  0.00000000E+00  0.00000000E+00  0.00000000E+00  0.00000000E+00  0.00000000E+00  9.66927430E-02  0.00000000E+00  0.00000000E+00 -8.19362636E-02
    0.514000      1   0.00000000E+00  0.00000000E+00  2.69370618E-03  0.00000000E+00  0.00000000E+00  0.00000000E+00  0.00000000E+00  0.00000000E+00  9.66107520E-02  0.00000000E+00  0.00000000E+00 -8.19909605E-02
    0.515000      1   0.00000000E+00  0.00000000E+00  2.72063887E-03  0.00000000E+00  0.00000000E+00  0.00000000E+00  0.00000000E+00  0.00000000E+00  9.65287197E-02  0.00000000E+00  0.00000000E+00 -8.20323566E-02
    0.516000      1   0.00000000E+00  0.00000000E+00  2.74080274E-03  0.00000000E+00  0.00000000E+00  0.00000000E+00  0.00000000E+00  0.00000000E+00  9.64466692E-02  0.00000000E+00  0.00000000E+00 -8.20504993E-02
    0.517000      1   0.00000000E+00  0.00000000E+00  2.70349451E-03  0.00000000E+00  0.00000000E+00  0.00000000E+00  0.00000000E+00  0.00000000E+00  9.63646129E-02  0.00000000E+00  0.00000000E+00 -8.20562312E-02
    0.518000      1   0.00000000E+00  0.00000000E+00  2.65209785E-03  0.00000000E+00  0.00000000E+00  0.00000000E+00  0.00000000E+00  0.00000000E+00  9.62825510E-02  0.00000000E+00  0.00000000E+00 -8.20619385E-02
    0.519000      1   0.00000000E+00  0.00000000E+00  2.60442190E-03  0.00000000E+00  0.00000000E+00  0.00000000E+00  0.00000000E+00  0.00000000E+00  9.62004620E-02  0.00000000E+00  0.00000000E+00 -8.20889873E-02
    0.520000      1   0.00000000E+00  0.00000000E+00  2.65167787E-03  0.00000000E+00  0.00000000E+00  0.00000000E+00  0.00000000E+00  0.00000000E+00  9.61183207E-02  0.00000000E+00  0.00000000E+00 -8.21413465E-02
    0.521000      1   0.00000000E+00  0.00000000E+00  2.68634094E-03  0.00000000E+00  0.00000000E+00  0.00000000E+00  0.00000000E+00  0.00000000E+00  9.60361196E-02  0.00000000E+00  0.00000000E+00 -8.22010065E-02
    0.522000      1   0.00000000E+00  0.00000000E+00  2.74856337E-03  0.00000000E+00  0.00000000E+00  0.00000000E+00  0.00000000E+00  0.00000000E+00  9.59538806E-02  0.00000000E+00  0.00000000E+00 -8.22390171E-02
    0.523000      1   0.00000000E+00  0.00000000E+00  2.73877471E-03  0.00000000E+00  0.00000000E+00  0.00000000E+00  0.00000000E+00  0.00000000E+00  9.58716260E-02  0.00000000E+00  0.00000000E+00 -8.22546406E-02
    0.524000      1   0.00000000E+00  0.00000000E+00  2.69527056E-03  0.00000000E+00  0.00000000E+00  0.00000000E+00  0.00000000E+00  0.00000000E+00  9.57893744E-02  0.00000000E+00  0.00000000E+00 -8.22515602E-02
    0.525000      1   0.00000000E+00  0.00000000E+00  2.64826072E-03  0.00000000E+00  0.00000000E+00  0.00000000E+00  0.00000000E+00  0.00000000E+00  9.57071150E-02  0.00000000E+00  0.00000000E+00 -8.22593879E-02
    0.526000      1   0.00000000E+00  0.00000000E+00  2.65294620E-03  0.00000000E+00  0.00000000E+00  0.00000000E+00  0.00000000E+00  0.00000000E+00  9.56248252E-02  0.00000000E+00  0.00000000E+00 -8.22898161E-02
    0.527000      1   0.00000000E+00  0.00000000E+00  2.66073175E-03  0.00000000E+00  0.00000000E+00  0.00000000E+00  0.00000000E+00  0.00000000E+00  9.55424904E-02  0.00000000E+00  0.00000000E+00 -8.23348545E-02
    0.528000      1   0.00000000E+00  0.00000000E+00  2.66905141E-03  0.00000000E+00  0.00000000E+00  0.00000000E+00  0.00000000E+00  0.00000000E+00  9.54601134E-02  0.00000000E+00  0.00000000E+00 -8.23769773E-02
    0.529000      1   0.00000000E+00  0.00000000E+00  2.71489889E-03  0.00000000E+00  0.00000000E+00  0.00000000E+00  0.00000000E+00  0.00000000E+00  9.53776983E-02  0.00000000E+00  0.00000000E+00 -8.24150720E-02
    0.530000      1   0.00000000E+00  0.00000000E+00  2.74429811E-03  0.00000000E+00  0.00000000E+00  0.00000000E+00  0.00000000E+00  0.00000000E+00  9.52952560E-02  0.00000000E+00  0.00000000E+00 -8.24423267E-02
    0.531000      1   0.00000000E+00  0.00000000E+00  2.73264835E-03  0.00000000E+00  0.00000000E+00  0.00000000E+00  0.00000000E+00  0.00000000E+00  9.52128067E-02  0.00000000E+00  0.00000000E+00 -8.24493256E-02
    0.532000      1   0.00000000E+00  0.00000000E+00  2.64048607E-03  0.00000000E+00  0.00000000E+00  0.00000000E+00  0.00000000E+00  0.00000000E+00  9.51303579E-02  0.00000000E+00  0.00000000E+00 -8.24487294E-02
    0.533000      1   0.00000000E+00  0.00000000E+00  2.62509350E-03  0.00000000E+00  0.00000000E+00  0.00000000E+00  0.00000000E+00  0.00000000E+00  9.50478897E-02  0.00000000E+00  0.00000000E+00 -8.24682571E-02
    0.534000      1   0.00000000E+00  0.00000000E+00  2.65491895E-03  0.00000000E+00  0.00000000E+00  0.00000000E+00  0.00000000E+00  0.00000000E+00  9.49653689E-02  0.00000000E+00  0.00000000E+00 -8.25207742E-02
    0.535000      1   0.00000000E+00  0.00000000E+00  2.71102435E-03  0.00000000E+00  0.00000000E+00  0.00000000E+00  0.00000000E+00  0.00000000E+00  9.48827958E-02  0.00000000E+00  0.00000000E+00 -8.25730722E-02
    0.536000      1   0.00000000E+00  0.00000000E+00  2.76784908E-03  0.00000000E+00  0.00000000E+00  0.00000000E+00  0.00000000E+00  0.00000000E+00  9.48001902E-02  0.00000000E+00  0.00000000E+00 -8.26056534E-02
    0.537000      1   0.00000000E+00  0.00000000E+00  2.71435821E-03  0.00000000E+00  0.00000000E+00  0.00000000E+00  0.00000000E+00  0.00000000E+00  9.47175804E-02  0.00000000E+00  0.00000000E+00 -8.26097600E-02
    0.538000      1   0.00000000E+00  0.00000000E+00  2.68864732E-03  0.00000000E+00  0.00000000E+00  0.00000000E+00  0.00000000E+00  0.00000000E+00  9.46349758E-02  0.00000000E+00  0.00000000E+00 -8.26046637E-02
    0.539000      1   0.00000000E+00  0.00000000E+00  2.63352561E-03  0.00000000E+00  0.00000000E+00  0.00000000E+00  0.00000000E+00  0.00000000E+00  9.45523541E-02  0.00000000E+00  0.00000000E+00 -8.26216814E-02
    0.540000      1   0.00000000E+00  0.00000000E+00  2.64163646E-03  0.00000000E+00  0.00000000E+00  0.00000000E+00  0.00000000E+00  0.00000000E+00  9.44696972E-02  0.00000000E+00  0.00000000E+00 -8.26568905E-02
    0.541000      1   0.00000000E+00  0.00000000E+00  2.69988593E-03  0.00000000E+00  0.00000000E+00  0.00000000E+00  0.00000000E+00  0.00000000E+00  9.43869884E-02  0.00000000E+00  0.00000000E+00 -8.27087681E-02
    0.542000      1   0.00000000E+00  0.00000000E+00  2.72785152E-03  0.00000000E+00  0.00000000E+00  0.00000000E+00  0.00000000E+00  0.00000000E+00  9.43042407E-02  0.00000000E+00  0.00000000E+00 -8.27476812E-02
    0.543000      1   0.00000000E+00  0.00000000E+00  2.74892034E-03  0.00000000E+00  0.00000000E+00  0.00000000E+00  0.00000000E+00  0.00000000E+00  9.42214782E-02  0.00000000E+00  0.00000000E+00 -8.27625190E-02
    0.544000      1   0.00000000E+00  0.00000000E+00  2.70892242E-03  0.00000000E+00  0.00000000E+00  0.00000000E+00  0.00000000E+00  0.00000000E+00  9.41387138E-02  0.00000000E+00  0.00000000E+00 -8.27644466E-02
    0.545000      1   0.00000000E+00  0.00000000E+00  2.66001561E-03  0.00000000E+00  0.00000000E+00  0.00000000E+00  0.00000000E+00  0.00000000E+00  9.40559472E-02  0.00000000E+00  0.00000000E+00 -8.27665281E-02
    0.546000      1   0.00000000E+00  0.00000000E+00  2.61639587E-03  0.00000000E+00  0.00000000E+00  0.00000000E+00  0.00000000E+00  0.00000000E+00  9.39731569E-02  0.00000000E+00  0.00000000E+00 -8.27903941E-02
    0.547000      1   0.00000000E+00  0.00000000E+00  2.65949319E-03  0.00000000E+00  0.00000000E+00  0.00000000E+00  0.00000000E+00  0.00000000E+00  9.38903188E-02  0.00000000E+00  0.00000000E+00 -8.28380355E-02
    0.548000      1   0.00000000E+00  0.00000000E+00  2.68742458E-03  0.00000000E+00  0.00000000E+00  0.00000000E+00  0.00000000E+00  0.00000000E+00  9.38074264E-02  0.00000000E+00  0.00000000E+00 -8.28923810E-02
    0.549000      1   0.00000000E+00  0.00000000E+00  2.75072900E-03  0.00000000E+00  0.00000000E+00  0.00000000E+00  0.00000000E+00  0.00000000E+00  9.37244988E-02  0.00000000E+00  0.00000000E+00 -8.29276334E-02
    0.550000      1   0.00000000E+00  0.00000000E+00  2.73645740E-03  0.00000000E+00  0.00000000E+00  0.00000000E+00  0.00000000E+00  0.00000000E+00  9.36415563E-02  0.00000000E+00  0.00000000E+00 -8.29425179E-02
    0.551000      1   0.00000000E+00  0.00000000E+00  2.73130019E-03  0.00000000E+00  0.00000000E+00  0.00000000E+00  0.00000000E+00  0.00000000E+00  9.35586171E-02  0.00000000E+00  0.00000000E+00 -8.29391362E-02
    0.552000      1   0.00000000E+00  0.00000000E+00  2.65357443E-03  0.00000000E+00  0.00000000E+00  0.00000000E+00  0.00000000E+00  0.00000000E+00  9.34756758E-02  0.00000000E+00  0.00000000E+00 -8.29413534E-02
    0.553000      1   0.00000000E+00  0.00000000E+00  2.64400793E-03  0.00000000E+00  0.00000000E+00  0.00000000E+00  0.00000000E+00  0.00000000E+00  9.33927168E-02  0.00000000E+00  0.00000000E+00 -8.29590093E-02
    0.554000      1   0.00000000E+00  0.00000000E+00  2.66286580E-03  0.00000000E+00  0.00000000E+00  0.00000000E+00  0.00000000E+00  0.00000000E+00  9.33097129E-02  0.00000000E+00  0.00000000E+00 -8.30038832E-02
    0.555000      1   0.00000000E+00  0.00000000E+00  2.69668653E-03  0.00000000E+00  0.00000000E+00  0.00000000E+00  0.00000000E+00  0.00000000E+00  9.32266643E-02  0.00000000E+00  0.00000000E+00 -8.30485641E-02
    0.556000      1   0.00000000E+00  0.00000000E+00  2.74647116E-03  0.00000000E+00  0.00000000E+00  0.00000000E+00  0.00000000E+00  0.00000000E+00  9.31435833E-02  0.00000000E+00  0.00000000E+00 -8.30810710E-02
    0.557000      1   0.00000000E+00  0.00000000E+00  2.73723467E-03  0.00000000E+00  0.00000000E+00  0.00000000E+00  0.00000000E+00  0.00000000E+00  9.30604896E-02  0.00000000E+00  0.00000000E+00 -8.30936667E-02
    0.558000      1   0.00000000E+00  0.00000000E+00  2.69288295E-03  0.00000000E+00  0.00000000E+00  0.00000000E+00  0.00000000E+00  0.00000000E+00  9.29773981E-02  0.00000000E+00  0.00000000E+00 -8.30915459E-02
    0.559000      1   0.00000000E+00  0.00000000E+00  2.63694425E-03  0.00000000E+00  0.00000000E+00  0.00000000E+00  0.00000000E+00  0.00000000E+00  9.28942978E-02  0.00000000E+00  0.00000000E+00 -8.31003015E-02
    0.560000      1   0.00000000E+00  0.00000000E+00  2.64421950E-03  0.00000000E+00  0.00000000E+00  0.00000000E+00  0.00000000E+00  0.00000000E+00  9.28111642E-02  0.00000000E+00  0.00000000E+00 -8.31335151E-02
    0.561000      1   0.00000000E+00  0.00000000E+00  2.68093169E-03  0.00000000E+00  0.00000000E+00  0.00000000E+00  0.00000000E+00  0.00000000E+00  9.27279804E-02  0.00000000E+00  0.00000000E+00 -8.31838132E-02
    0.562000      1   0.00000000E+00  0.00000000E+00  2.73754427E-03  0.00000000E+00  0.00000000E+00  0.00000000E+00  0.00000000E+00  0.00000000E+00  9.26447552E-02  0.00000000E+00  0.00000000E+00 -8.32252298E-02
    0.563000      1   0.00000000E+00  0.00000000E+00  2.77656874E-03  0.00000000E+00  0.00000000E+00  0.00000000E+00  0.00000000E+00  0.00000000E+00  9.25615106E-02  0.00000000E+00  0.00000000E+00 -8.32445783E-02
    0.564000      1   0.00000000E+00  0.00000000E+00  2.71597414E-03  0.00000000E+00  0.00000000E+00  0.00000000E+00  0.00000000E+00  0.00000000E+00  9.24782722E-02  0.00000000E+00  0.00000000E+00 -8.32384334E-02
    0.565000      1   0.00000000E+00  0.00000000E+00  2.66548583E-03  0.00000000E+00  0.00000000E+00  0.00000000E+00  0.00000000E+00  0.00000000E+00  9.23950420E-02  0.00000000E+00  0.00000000E+00 -8.32301877E-02
    0.566000      1   0.00000000E+00  0.00000000E+00  2.61543473E-03  0.00000000E+00  0.00000000E+00  0.00000000E+00  0.00000000E+00  0.00000000E+00  9.23117912E-02  0.00000000E+00  0.00000000E+00 -8.32507705E-02
    0.567000      1   0.00000000E+00  0.00000000E+00  2.67561429E-03  0.00000000E+00  0.00000000E+00  0.00000000E+00  0.00000000E+00  0.00000000E+00  9.22284944E-02  0.00000000E+00  0.00000000E+00 -8.32967854E-02
    0.568000      1   0.00000000E+00  0.00000000E+00  2.70772637E-03  0.00000000E+00  0.00000000E+00  0.00000000E+00  0.00000000E+00  0.00000000E+00  9.21451458E-02  0.00000000E+00  0.00000000E+00 -8.33485957E-02
    0.569000      1   0.00000000E+00  0.00000000E+00  2.73337698E-03  0.00000000E+00  0.00000000E+00  0.00000000E+00  0.00000000E+00  0.00000000E+00  9.20617709E-02  0.00000000E+00  0.00000000E+00 -8.33749635E-02
    0.570000      1   0.00000000E+00  0.00000000E+00  2.72499972E-03  0.00000000E+00  0.00000000E+00  0.00000000E+00  0.00000000E+00  0.00000000E+00  9.19783846E-02  0.00000000E+00  0.00000000E+00 -8.33862492E-02
    0.571000      1   0.00000000E+00  0.00000000E+00  2.73718710E-03  0.00000000E+00  0.00000000E+00  0.00000000E+00  0.00000000E+00  0.00000000E+00  9.18949940E-02  0.00000000E+00  0.00000000E+00 -8.33905923E-02
    0.572000      1   0.00000000E+00  0.00000000E+00  2.65723756E-03  0.00000000E+00  0.00000000E+00  0.00000000E+00  0.00000000E+00  0.00000000E+00  9.18115985E-02  0.00000000E+00  0.00000000E+00 -8.33955313E-02
    0.573000      1   0.00000000E+00  0.00000000E+00  2.64001037E-03  0.00000000E+00  0.00000000E+00  0.00000000E+00  0.00000000E+00  0.00000000E+00  9.17281879E-02  0.00000000E+00  0.00000000E+00 -8.34106061E-02
    0.574000      1   0.00000000E+00  0.00000000E+00  2.66235338E-03  0.00000000E+00  0.00000000E+00  0.00000000E+00  0.00000000E+00  0.00000000E+00  9.16447329E-02  0.00000000E+00  0.00000000E+00 -8.34549839E-02
    0.575000      1   0.00000000E+00  0.00000000E+00  2.69930359E-03  0.00000000E+00  0.00000000E+00  0.00000000E+00  0.00000000E+00  0.00000000E+00  9.15612318E-02  0.00000000E+00  0.00000000E+00 -8.35010682E-02
    0.576000      1   0.00000000E+00  0.00000000E+00  2.76049250E-03  0.00000000E+00  0.00000000E+00  0.00000000E+00  0.00000000E+00  0.00000000E+00  9.14776986E-02  0.00000000E+00  0.00000000E+00 -8.35332806E-02
    0.577000      1   0.00000000E+00  0.00000000E+00  2.74045295E-03  0.00000000E+00  0.00000000E+00  0.00000000E+00  0.00000000E+00  0.00000000E+00  9.13941560E-02  0.00000000E+00  0.00000000E+00 -8.35425374E-02
    0.578000      1   0.00000000E+00  0.00000000E+00  2.70176471E-03  0.00000000E+00  0.00000000E+00  0.00000000E+00  0.00000000E+00  0.00000000E+00  9.13106208E-02  0.00000000E+00  0.00000000E+00 -8.35352426E-02
    0.579000      1   0.00000000E+00  0.00000000E+00  2.64695267E-03  0.00000000E+00  0.00000000E+00  0.00000000E+00  0.00000000E+00  0.00000000E+00  9.12270794E-02  0.00000000E+00  0.00000000E+00 -8.35413706E-02
    0.580000      1   0.00000000E+00  0.00000000E+00  2.65477783E-03  0.00000000E+00  0.00000000E+00  0.00000000E+00  0.00000000E+00  0.00000000E+00  9.11435095E-02  0.00000000E+00  0.00000000E+00 -8.35698974E-02
    0.581000      1   0.00000000E+00  0.00000000E+00  2.70422460E-03  0.00000000E+00  0.00000000E+00  0.00000000E+00  0.00000000E+00  0.00000000E+00  9.10598945E-02  0.00000000E+00  0.00000000E+00 -8.36150415E-02
    0.582000      1   0.00000000E+00  0.00000000E+00  2.72600521E-03  0.00000000E+00  0.00000000E+00  0.00000000E+00  0.00000000E+00  0.00000000E+00  9.09762456E-02  0.00000000E+00  0.00000000E+00 -8.36488715E-02
    0.583000      1   0.00000000E+00  0.00000000E+00  2.76285216E-03  0.00000000E+00  0.00000000E+00  0.00000000E+00  0.00000000E+00  0.00000000E+00  9.08925830E-02  0.00000000E+00  0.00000000E+00 -8.36626108E-02
    0.584000      1   0.00000000E+00  0.00000000E+00  2.72555373E-03  0.00000000E+00  0.00000000E+00  0.00000000E+00  0.00000000E+00  0.00000000E+00  9.08089203E-02  0.00000000E+00  0.00000000E+00 -8.36626811E-02
    0.585000      1   0.00000000E+00  0.00000000E+00  2.66837915E-03  0.00000000E+00  0.00000000E+00  0.00000000E+00  0.00000000E+00  0.00000000E+00  9.07252631E-02  0.00000000E+00  0.00000000E+00 -8.36572461E-02
    0.586000      1   0.00000000E+00  0.00000000E+00  2.62685383E-03  0.00000000E+00  0.00000000E+00  0.00000000E+00  0.00000000E+00  0.00000000E+00  9.06415889E-02  0.00000000E+00  0.00000000E+00 -8.36741712E-02
    0.587000      1   0.00000000E+00  0.00000000E+00  2.66345446E-03  0.00000000E+00  0.00000000E+00  0.00000000E+00  0.00000000E+00  0.00000000E+00  9.05578717E-02  0.00000000E+00  0.00000000E+00 -8.37172165E-02
    0.588000      1   0.00000000E+00  0.00000000E+00  2.69387738E-03  0.00000000E+00  0.00000000E+00  0.00000000E+00  0.00000000E+00  0.00000000E+00  9.04741043E-02  0.00000000E+00  0.00000000E+00 -8.37674270E-02
    0.589000      1   0.00000000E+00  0.00000000E+00  2.75978089E-03  0.00000000E+00  0.00000000E+00  0.00000000E+00  0.00000000E+00  0.00000000E+00  9.03903040E-02  0.00000000E+00  0.00000000E+00 -8.38002373E-02
    0.590000      1   0.00000000E+00  0.00000000E+00  2.74606645E-03  0.00000000E+00  0.00000000E+00  0.00000000E+00  0.00000000E+00  0.00000000E+00  9.03064926E-02  0.00000000E+00  0.00000000E+00 -8.38114019E-02
    0.591000      1   0.00000000E+00  0.00000000E+00  2.73569149E-03  0.00000000E+00  0.00000000E+00  0.00000000E+00  0.00000000E+00  0.00000000E+00  9.02226893E-02  0.00000000E+00  0.00000000E+00 -8.38033482E-02
    0.592000      1   0.00000000E+00  0.00000000E+00  2.66759372E-03  0.00000000E+00  0.00000000E+00  0.00000000E+00  0.00000000E+00  0.00000000E+00  9.01388876E-02  0.00000000E+00  0.00000000E+00 -8.38016331E-02
    0.593000      1   0.00000000E+00  0.00000000E+00  2.65800804E-03  0.00000000E+00  0.00000000E+00  0.00000000E+00  0.00000000E+00  0.00000000E+00  9.00550723E-02  0.00000000E+00  0.00000000E+00 -8.38153677E-02
    0.594000      1   0.00000000E+00  0.00000000E+00  2.67295675E-03  0.00000000E+00  0.00000000E+00  0.00000000E+00  0.00000000E+00  0.00000000E+00  8.99712191E-02  0.00000000E+00  0.00000000E+00 -8.38531617E-02
    0.595000      1   0.00000000E+00  0.00000000E+00  2.70454726E-03  0.00000000E+00  0.00000000E+00  0.00000000E+00  0.00000000E+00  0.00000000E+00  8.98873276E-02  0.00000000E+00  0.00000000E+00 -8.38914602E-02
    0.596000      1   0.00000000E+00  0.00000000E+00  2.76180374E-03  0.00000000E+00  0.00000000E+00  0.00000000E+00  0.00000000E+00  0.00000000E+00  8.98034084E-02  0.00000000E+00  0.00000000E+00 -8.39192630E-02
    0.597000      1   0.00000000E+00  0.00000000E+00  2.73537350E-03  0.00000000E+00  0.00000000E+00  0.00000000E+00  0.00000000E+00  0.00000000E+00  8.97194818E-02  0.00000000E+00  0.00000000E+00 -8.39265658E-02
    0.598000      1   0.00000000E+00  0.00000000E+00  2.69795728E-03  0.00000000E+00  0.00000000E+00  0.00000000E+00  0.00000000E+00  0.00000000E+00  8.96355621E-02  0.00000000E+00  0.00000000E+00 -8.39197386E-02
    0.599000      1   0.00000000E+00  0.00000000E+00  2.63952449E-03  0.00000000E+00  0.00000000E+00  0.00000000E+00  0.00000000E+00  0.00000000E+00  8.95516339E-02  0.00000000E+00  0.00000000E+00 -8.39282081E-02
    0.600000      1   0.00000000E+00  0.00000000E+00  2.64941016E-03  0.00000000E+00  0.00000000E+00  0.00000000E+00  0.00000000E+00  0.00000000E+00  8.94676746E-02  0.00000000E+00  0.00000000E+00 -8.39592989E-02
    0.601000      1   0.00000000E+00  0.00000000E+00  2.69633490E-03  0.00000000E+00  0.00000000E+00  0.00000000E+00  0.00000000E+00  0.00000000E+00  8.93836667E-02  0.00000000E+00  0.00000000E+00 -8.40078317E-02
    0.602000      1   0.00000000E+00  0.00000000E+00  2.75252683E-03  0.00000000E+00  0.00000000E+00  0.00000000E+00  0.00000000E+00  0.00000000E+00  8.92996219E-02  0.00000000E+00  0.00000000E+00 -8.40448198E-02
    0.603000      1   0.00000000E+00  0.00000000E+00  2.77542541E-03  0.00000000E+00  0.00000000E+00  0.00000000E+00  0.00000000E+00  0.00000000E+00  8.92155655E-02  0.00000000E+00  0.00000000E+00 -8.40564602E-02
    0.604000      1   0.00000000E+00  0.00000000E+00  2.70998194E-03  0.00000000E+00  0.00000000E+00  0.00000000E+00  0.00000000E+00  0.00000000E+00  8.91315199E-02  0.00000000E+00  0.00000000E+00 -8.40455969E-02
    0.605000      1   0.00000000E+00  0.00000000E+00  2.67652823E-03  0.00000000E+00  0.00000000E+00  0.00000000E+00  0.00000000E+00  0.00000000E+00  8.90474811E-02  0.00000000E+00  0.00000000E+00 -8.40387864E-02
    0.606000      1   0.00000000E+00  0.00000000E+00  2.66319777E-03  0.00000000E+00  0.00000000E+00  0.00000000E+00  0.00000000E+00  0.00000000E+00  8.89634217E-02  0.00000000E+00  0.00000000E+00 -8.40593844E-02
    0.607000      1   0.00000000E+00  0.00000000E+00  2.67560385E-03  0.00000000E+00  0.00000000E+00  0.00000000E+00  0.00000000E+00  0.00000000E+00  8.88793284E-02  0.00000000E+00  0.00000000E+00 -8.40933264E-02
    0.608000      1   0.00000000E+00  0.00000000E+00  2.68442991E-03  0.00000000E+00  0.00000000E+00  0.00000000E+00  0.00000000E+00  0.00000000E+00  8.87951989E-02  0.00000000E+00  0.00000000E+00 -8.41294525E-02
    0.609000      1   0.00000000E+00  0.00000000E+00  2.73485747E-03  0.00000000E+00  0.00000000E+00  0.00000000E+00  0.00000000E+00  0.00000000E+00  8.87110390E-02  0.00000000E+00  0.00000000E+00 -8.41599434E-02
    0.610000      1   0.00000000E+00  0.00000000E+00  2.76845036E-03  0.00000000E+00  0.00000000E+00  0.00000000E+00  0.00000000E+00  0.00000000E+00  8.86268603E-02  0.00000000E+00  0.00000000E+00 -8.41786182E-02
    0.611000      1   0.00000000E+00  0.00000000E+00  2.72569701E-03  0.00000000E+00  0.00000000E+00  0.00000000E+00  0.00000000E+00  0.00000000E+00  8.85426856E-02  0.00000000E+00  0.00000000E+00 -8.41747913E-02
    0.612000      1   0.00000000E+00  0.00000000E+00  2.65831531E-03  0.00000000E+00  0.00000000E+00  0.00000000E+00  0.00000000E+00  0.00000000E+00  8.84585181E-02  0.00000000E+00  0.00000000E+00 -8.41674924E-02
    0.613000      1   0.00000000E+00  0.00000000E+00  2.64427462E-03  0.00000000E+00  0.00000000E+00  0.00000000E+00  0.00000000E+00  0.00000000E+00  8.83743319E-02  0.00000000E+00  0.00000000E+00 -8.41861501E-02
    0.614000      1   0.00000000E+00  0.00000000E+00  2.67532808E-03  0.00000000E+00  0.00000000E+00  0.00000000E+00  0.00000000E+00  0.00000000E+00  8.82901025E-02  0.00000000E+00  0.00000000E+00 -8.42294199E-02
    0.615000      1   0.00000000E+00  0.00000000E+00  2.74678531E-03  0.00000000E+00  0.00000000E+00  0.00000000E+00  0.00000000E+00  0.00000000E+00  8.82058307E-02  0.00000000E+00  0.00000000E+00 -8.42718094E-02
    0.616000      1   0.00000000E+00  0.00000000E+00  2.79042276E-03  0.00000000E+00  0.00000000E+00  0.00000000E+00  0.00000000E+00  0.00000000E+00  8.81215393E-02  0.00000000E+00  0.00000000E+00 -8.42913640E-02
    0.617000      1   0.00000000E+00  0.00000000E+00  2.72145800E-03  0.00000000E+00  0.00000000E+00  0.00000000E+00  0.00000000E+00  0.00000000E+00  8.80372596E-02  0.00000000E+00  0.00000000E+00 -8.42797343E-02
    0.618000      1   0.00000000E+00  0.00000000E+00  2.67041964E-03  0.00000000E+00  0.00000000E+00  0.00000000E+00  0.00000000E+00  0.00000000E+00  8.79529936E-02  0.00000000E+00  0.00000000E+00 -8.42659690E-02
    0.619000      1   0.00000000E+00  0.00000000E+00  2.63005683E-03  0.00000000E+00  0.00000000E+00  0.00000000E+00  0.00000000E+00  0.00000000E+00  8.78687097E-02  0.00000000E+00  0.00000000E+00 -8.42838783E-02
    0.620000      1   0.00000000E+00  0.00000000E+00  2.68905334E-03  0.00000000E+00  0.00000000E+00  0.00000000E+00  0.00000000E+00  0.00000000E+00  8.77843841E-02  0.00000000E+00  0.00000000E+00 -8.43256871E-02
    0.621000      1   0.00000000E+00  0.00000000E+00  2.72262824E-03  0.00000000E+00  0.00000000E+00  0.00000000E+00  0.00000000E+00  0.00000000E+00  8.77000137E-02  0.00000000E+00  0.00000000E+00 -8.43703187E-02
    0.622000      1   0.00000000E+00  0.00000000E+00  2.73801352E-03  0.00000000E+00  0.00000000E+00  0.00000000E+00  0.00000000E+00  0.00000000E+00  8.76156241E-02  0.00000000E+00  0.00000000E+00 -8.43896377E-02
    0.623000      1   0.00000000E+00  0.00000000E+00  2.73016499E-03  0.00000000E+00  0.00000000E+00  0.00000000E+00  0.00000000E+00  0.00000000E+00  8.75312289E-02  0.00000000E+00  0.00000000E+00 -8.43952095E-02
    0.624000      1   0.00000000E+00  0.00000000E+00  2.75246301E-03  0.00000000E+00  0.00000000E+00  0.00000000E+00  0.00000000E+00  0.00000000E+00  8.74468318E-02  0.00000000E+00  0.00000000E+00 -8.43971164E-02
    0.625000      1   0.00000000E+00  0.00000000E+00  2.67637006E-03  0.00000000E+00  0.00000000E+00  0.00000000E+00  0.00000000E+00  0.00000000E+00  8.73624341E-02  0.00000000E+00  0.00000000E+00 -8.43976578E-02
    0.626000      1   0.00000000E+00  0.00000000E+00  2.66008313E-03  0.00000000E+00  0.00000000E+00  0.00000000E+00  0.00000000E+00  0.00000000E+00  8.72780298E-02  0.00000000E+00  0.00000000E+00 -8.44043323E-02
    0.627000      1   0.00000000E+00  0.00000000E+00  2.66516409E-03  0.00000000E+00  0.00000000E+00  0.00000000E+00  0.00000000E+00  0.00000000E+00  8.71935909E-02  0.00000000E+00  0.00000000E+00 -8.44388771E-02
    0.628000      1   0.00000000E+00  0.00000000E+00  2.71379105E-03  0.00000000E+00  0.00000000E+00  0.00000000E+00  0.00000000E+00  0.00000000E+00  8.71091130E-02  0.00000000E+00  0.00000000E+00 -8.44778722E-02
    0.629000      1   0.00000000E+00  0.00000000E+00  2.77102984E-03  0.00000000E+00  0.00000000E+00  0.00000000E+00  0.00000000E+00  0.00000000E+00  8.70246064E-02  0.00000000E+00  0.00000000E+00 -8.45065995E-02
    0.630000      1   0.00000000E+00  0.00000000E+00  2.74124604E-03  0.00000000E+00  0.00000000E+00  0.00000000E+00  0.00000000E+00  0.00000000E+00  8.69400972E-02  0.00000000E+00  0.00000000E+00 -8.45092350E-02
    0.631000      1   0.00000000E+00  0.00000000E+00  2.71934036E-03  0.00000000E+00  0.00000000E+00  0.00000000E+00  0.00000000E+00  0.00000000E+00  8.68555989E-02  0.00000000E+00  0.00000000E+00 -8.44983393E-02
    0.632000      1   0.00000000E+00  0.00000000E+00  2.64417675E-03  0.00000000E+00  0.00000000E+00  0.00000000E+00  0.00000000E+00  0.00000000E+00  8.67710978E-02  0.00000000E+00  0.00000000E+00 -8.45010989E-02
    0.633000      1   0.00000000E+00  0.00000000E+00  2.66606567E-03  0.00000000E+00  0.00000000E+00  0.00000000E+00  0.00000000E+00  0.00000000E+00  8.66865734E-02  0.00000000E+00  0.00000000E+00 -8.45243444E-02
    0.634000      1   0.00000000E+00  0.00000000E+00  2.70886673E-03  0.00000000E+00  0.00000000E+00  0.00000000E+00  0.00000000E+00  0.00000000E+00  8.66020050E-02  0.00000000E+00  0.00000000E+00 -8.45684040E-02
    0.635000      1   0.00000000E+00  0.00000000E+00  2.73901804E-03  0.00000000E+00  0.00000000E+00  0.00000000E+00  0.00000000E+00  0.00000000E+00  8.65174073E-02  0.00000000E+00  0.00000000E+00 -8.45977060E-02
    0.636000      1   0.00000000E+00  0.00000000E+00  2.76159805E-03  0.00000000E+00  0.00000000E+00  0.00000000E+00  0.00000000E+00  0.00000000E+00  8.64327997E-02  0.00000000E+00  0.00000000E+00 -8.46076197E-02
    0.637000      1   0.00000000E+00  0.00000000E+00  2.73669732E-03  0.00000000E+00  0.00000000E+00  0.00000000E+00  0.00000000E+00  0.00000000E+00  8.63481960E-02  0.00000000E+00  0.00000000E+00 -8.46036381E-02
    0.638000      1   0.00000000E+00  0.00000000E+00  2.67036905E-03  0.00000000E+00  0.00000000E+00  0.00000000E+00  0.00000000E+00  0.00000000E+00  8.62635994E-02  0.00000000E+00  0.00000000E+00 -8.45966444E-02
    0.639000      1   0.00000000E+00  0.00000000E+00  2.65680756E-03  0.00000000E+00  0.00000000E+00  0.00000000E+00  0.00000000E+00  0.00000000E+00  8.61789898E-02  0.00000000E+00  0.00000000E+00 -8.46095578E-02
    0.640000      1   0.00000000E+00  0.00000000E+00  2.67890381E-03  0.00000000E+00  0.00000000E+00  0.00000000E+00  0.00000000E+00  0.00000000E+00  8.60943432E-02  0.00000000E+00  0.00000000E+00 -8.46466527E-02
    0.641000      1   0.00000000E+00  0.00000000E+00  2.70510987E-03  0.00000000E+00  0.00000000E+00  0.00000000E+00  0.00000000E+00  0.00000000E+00  8.60096589E-02  0.00000000E+00  0.00000000E+00 -8.46842938E-02
    0.642000      1   0.00000000E+00  0.00000000E+00  2.76314726E-03  0.00000000E+00  0.00000000E+00  0.00000000E+00  0.00000000E+00  0.00000000E+00  8.59249489E-02  0.00000000E+00  0.00000000E+00 -8.47100440E-02
    0.643000      1   0.00000000E+00  0.00000000E+00  2.75579759E-03  0.00000000E+00  0.00000000E+00  0.00000000E+00  0.00000000E+00  0.00000000E+00  8.58402319E-02  0.00000000E+00  0.00000000E+00 -8.47169244E-02
    0.644000      1   0.00000000E+00  0.00000000E+00  2.71891993E-03  0.00000000E+00  0.00000000E+00  0.00000000E+00  0.00000000E+00  0.00000000E+00  8.57555259E-02  0.00000000E+00  0.00000000E+00 -8.47060442E-02
    0.645000      1   0.00000000E+00  0.00000000E+00  2.65883109E-03  0.00000000E+00  0.00000000E+00  0.00000000E+00  0.00000000E+00  0.00000000E+00  8.56708218E-02  0.00000000E+00  0.00000000E+00 -8.47040992E-02
    0.646000      1   0.00000000E+00  0.00000000E+00  2.66405251E-03  0.00000000E+00  0.00000000E+00  0.00000000E+00  0.00000000E+00  0.00000000E+00  8.55860969E-02  0.00000000E+00  0.00000000E+00 -8.47248913E-02
    0.647000      1   0.00000000E+00  0.00000000E+00  2.71723862E-03  0.00000000E+00  0.00000000E+00  0.00000000E+00  0.00000000E+00  0.00000000E+00  8.55013324E-02  0.00000000E+00  0.00000000E+00 -8.47644942E-02
    0.648000      1   0.00000000E+00  0.00000000E+00  2.74579281E-03  0.00000000E+00  0.00000000E+00  0.00000000E+00  0.00000000E+00  0.00000000E+00  8.54165394E-02  0.00000000E+00  0.00000000E+00 -8.47929769E-02
    0.649000      1   0.00000000E+00  0.00000000E+00  2.77011748E-03  0.00000000E+00  0.00000000E+00  0.00000000E+00  0.00000000E+00  0.00000000E+00  8.53317405E-02  0.00000000E+00  0.00000000E+00 -8.47989431E-02
    0.650000      1   0.00000000E+00  0.00000000E+00  2.73194185E-03  0.00000000E+00  0.00000000E+00  0.00000000E+00  0.00000000E+00  0.00000000E+00  8.52469493E-02  0.00000000E+00  0.00000000E+00 -8.47912300E-02
    0.651000      1   0.00000000E+00  0.00000000E+00  2.67610525E-03  0.00000000E+00  0.00000000E+00  0.00000000E+00  0.00000000E+00  0.00000000E+00  8.51621670E-02  0.00000000E+00  0.00000000E+00 -8.47822793E-02
    0.652000      1   0.00000000E+00  0.00000000E+00  2.65413875E-03  0.00000000E+00  0.00000000E+00  0.00000000E+00  0.00000000E+00  0.00000000E+00  8.50773712E-02  0.00000000E+00  0.00000000E+00 -8.47957401E-02
    0.653000      1   0.00000000E+00  0.00000000E+00  2.68069655E-03  0.00000000E+00  0.00000000E+00  0.00000000E+00  0.00000000E+00  0.00000000E+00  8.49925398E-02  0.00000000E+00  0.00000000E+00 -8.48314231E-02
    0.654000      1   0.00000000E+00  0.00000000E+00  2.68763450E-03  0.00000000E+00  0.00000000E+00  0.00000000E+00  0.00000000E+00  0.00000000E+00  8.49076702E-02  0.00000000E+00  0.00000000E+00 -8.48696237E-02
    0.655000      1   0.00000000E+00  0.00000000E+00  2.75684840E-03  0.00000000E+00  0.00000000E+00  0.00000000E+00  0.00000000E+00  0.00000000E+00  8.48227723E-02  0.00000000E+00  0.00000000E+00 -8.48978754E-02
    0.656000      1   0.00000000E+00  0.00000000E+00  2.77681761E-03  0.00000000E+00  0.00000000E+00  0.00000000E+00  0.00000000E+00  0.00000000E+00  8.47378607E-02  0.00000000E+00  0.00000000E+00 -8.49116089E-02
    0.657000      1   0.00000000E+00  0.00000000E+00  2.73401325E-03  0.00000000E+00  0.00000000E+00  0.00000000E+00  0.00000000E+00  0.00000000E+00  8.46529616E-02  0.00000000E+00  0.00000000E+00 -8.48990802E-02
    0.658000      1   0.00000000E+00  0.00000000E+00  2.66626761E-03  0.00000000E+00  0.00000000E+00  0.00000000E+00  0.00000000E+00  0.00000000E+00  8.45680741E-02  0.00000000E+00  0.00000000E+00 -8.48875628E-02
    0.659000      1   0.00000000E+00  0.00000000E+00  2.66276394E-03  0.00000000E+00  0.00000000E+00  0.00000000E+00  0.00000000E+00  0.00000000E+00  8.44831720E-02  0.00000000E+00  0.00000000E+00 -8.49020830E-02
    0.660000      1   0.00000000E+00  0.00000000E+00  2.70798243E-03  0.00000000E+00  0.00000000E+00  0.00000000E+00  0.00000000E+00  0.00000000E+00  8.43982325E-02  0.00000000E+00  0.00000000E+00 -8.49394715E-02
    0.661000      1   0.00000000E+00  0.00000000E+00  2.73084883E-03  0.00000000E+00  0.00000000E+00  0.00000000E+00  0.00000000E+00  0.00000000E+00  8.43132625E-02  0.00000000E+00  0.00000000E+00 -8.49700142E-02
    0.662000      1   0.00000000E+00  0.00000000E+00  2.78280108E-03  0.00000000E+00  0.00000000E+00  0.00000000E+00  0.00000000E+00  0.00000000E+00  8.42282808E-02  0.00000000E+00  0.00000000E+00 -8.49816629E-02
    0.663000      1   0.00000000E+00  0.00000000E+00  2.74355867E-03  0.00000000E+00  0.00000000E+00  0.00000000E+00  0.00000000E+00  0.00000000E+00  8.41433042E-02  0.00000000E+00  0.00000000E+00 -8.49766147E-02
    0.664000      1   0.00000000E+00  0.00000000E+00  2.67924629E-03  0.00000000E+00  0.00000000E+00  0.00000000E+00  0.00000000E+00  0.00000000E+00  8.40583428E-02  0.00000000E+00  0.00000000E+00 -8.49614442E-02
    0.665000      1   0.00000000E+00  0.00000000E+00  2.63544020E-03  0.00000000E+00  0.00000000E+00  0.00000000E+00  0.00000000E+00  0.00000000E+00  8.39733722E-02  0.00000000E+00  0.00000000E+00 -8.49705345E-02
    0.666000      1   0.00000000E+00  0.00000000E+00  2.66957877E-03  0.00000000E+00  0.00000000E+00  0.00000000E+00  0.00000000E+00  0.00000000E+00  8.38883637E-02  0.00000000E+00  0.00000000E+00 -8.50084925E-02
    0.667000      1   0.00000000E+00  0.00000000E+00  2.70908419E-03  0.00000000E+00  0.00000000E+00  0.00000000E+00  0.00000000E+00  0.00000000E+00  8.38033089E-02  0.00000000E+00  0.00000000E+00 -8.50548000E-02
    0.668000      1   0.00000000E+00  0.00000000E+00  2.77561480E-03  0.00000000E+00  0.00000000E+00  0.00000000E+00  0.00000000E+00  0.00000000E+00  8.37182260E-02  0.00000000E+00  0.00000000E+00 -8.50829099E-02
    0.669000      1   0.00000000E+00  0.00000000E+00  2.76785340E-03  0.00000000E+00  0.00000000E+00  0.00000000E+00  0.00000000E+00  0.00000000E+00  8.36331398E-02  0.00000000E+00  0.00000000E+00 -8.50862803E-02
    0.670000      1   0.00000000E+00  0.00000000E+00  2.74524725E-03  0.00000000E+00  0.00000000E+00  0.00000000E+00  0.00000000E+00  0.00000000E+00  8.35480706E-02  0.00000000E+00  0.00000000E+00 -8.50691737E-02
    0.671000      1   0.00000000E+00  0.00000000E+00  2.66896883E-03  0.00000000E+00  0.00000000E+00  0.00000000E+00  0.00000000E+00  0.00000000E+00  8.34630120E-02  0.00000000E+00  0.00000000E+00 -8.50586136E-02
    0.672000      1   0.00000000E+00  0.00000000E+00  2.66298390E-03  0.00000000E+00  0.00000000E+00  0.00000000E+00  0.00000000E+00  0.00000000E+00  8.33779430E-02  0.00000000E+00  0.00000000E+00 -8.50689667E-02
    0.673000      1   0.00000000E+00  0.00000000E+00  2.69666142E-03  0.00000000E+00  0.00000000E+00  0.00000000E+00  0.00000000E+00  0.00000000E+00  8.32928376E-02  0.00000000E+00  0.00000000E+00 -8.51054292E-02
    0.674000      1   0.00000000E+00  0.00000000E+00  2.73399908E-03  0.00000000E+00  0.00000000E+00  0.00000000E+00  0.00000000E+00  0.00000000E+00  8.32076997E-02  0.00000000E+00  0.00000000E+00 -8.51379017E-02
    0.675000      1   0.00000000E+00  0.00000000E+00  2.77835947E-03  0.00000000E+00  0.00000000E+00  0.00000000E+00  0.00000000E+00  0.00000000E+00  8.31225470E-02  0.00000000E+00  0.00000000E+00 -8.51527113E-02
    0.676000      1   0.00000000E+00  0.00000000E+00  2.74218394E-03  0.00000000E+00  0.00000000E+00  0.00000000E+00  0.00000000E+00  0.00000000E+00  8.30373995E-02  0.00000000E+00  0.00000000E+00 -8.51474140E-02
    0.677000      1   0.00000000E+00  0.00000000E+00  2.68685485E-03  0.00000000E+00  0.00000000E+00  0.00000000E+00  0.00000000E+00  0.00000000E+00  8.29522656E-02  0.00000000E+00  0.00000000E+00 -8.51339453E-02
    0.678000      1   0.00000000E+00  0.00000000E+00  2.63270727E-03  0.00000000E+00  0.00000000E+00  0.00000000E+00  0.00000000E+00  0.00000000E+00  8.28671235E-02  0.00000000E+00  0.00000000E+00 -8.51421415E-02
    0.679000      1   0.00000000E+00  0.00000000E+00  2.68185379E-03  0.00000000E+00  0.00000000E+00  0.00000000E+00  0.00000000E+00  0.00000000E+00  8.27819454E-02  0.00000000E+00  0.00000000E+00 -8.51780840E-02
    0.680000      1   0.00000000E+00  0.00000000E+00  2.71153583E-03  0.00000000E+00  0.00000000E+00  0.00000000E+00  0.00000000E+00  0.00000000E+00  8.26967223E-02  0.00000000E+00  0.00000000E+00 -8.52231184E-02
    0.681000      1   0.00000000E+00  0.00000000E+00  2.77421096E-03  0.00000000E+00  0.00000000E+00  0.00000000E+00  0.00000000E+00  0.00000000E+00  8.26114755E-02  0.00000000E+00  0.00000000E+00 -8.52467634E-02
    0.682000      1   0.00000000E+00  0.00000000E+00  2.76110194E-03  0.00000000E+00  0.00000000E+00  0.00000000E+00  0.00000000E+00  0.00000000E+00  8.25262259E-02  0.00000000E+00  0.00000000E+00 -8.52495770E-02
    0.683000      1   0.00000000E+00  0.00000000E+00  2.74727069E-03  0.00000000E+00  0.00000000E+00  0.00000000E+00  0.00000000E+00  0.00000000E+00  8.24409918E-02  0.00000000E+00  0.00000000E+00 -8.52341253E-02
    0.684000      1   0.00000000E+00  0.00000000E+00  2.67212595E-03  0.00000000E+00  0.00000000E+00  0.00000000E+00  0.00000000E+00  0.00000000E+00  8.23557664E-02  0.00000000E+00  0.00000000E+00 -8.52254247E-02
    0.685000      1   0.00000000E+00  0.00000000E+00  2.66649984E-03  0.00000000E+00  0.00000000E+00  0.00000000E+00  0.00000000E+00  0.00000000E+00  8.22705318E-02  0.00000000E+00  0.00000000E+00 -8.52345550E-02
    0.686000      1   0.00000000E+00  0.00000000E+00  2.69744335E-03  0.00000000E+00  0.00000000E+00  0.00000000E+00  0.00000000E+00  0.00000000E+00  8.21852624E-02  0.00000000E+00  0.00000000E+00 -8.52693589E-02
    0.687000      1   0.00000000E+00  0.00000000E+00  2.73116714E-03  0.00000000E+00  0.00000000E+00  0.00000000E+00  0.00000000E+00  0.00000000E+00  8.20999619E-02  0.00000000E+00  0.00000000E+00 -8.53005384E-02
    0.688000      1   0.00000000E+00  0.00000000E+00  2.77509436E-03  0.00000000E+00  0.00000000E+00  0.00000000E+00  0.00000000E+00  0.00000000E+00  8.20146463E-02  0.00000000E+00  0.00000000E+00 -8.53155920E-02
    0.689000      1   0.00000000E+00  0.00000000E+00  2.75220550E-03  0.00000000E+00  0.00000000E+00  0.00000000E+00  0.00000000E+00  0.00000000E+00  8.19293345E-02  0.00000000E+00  0.00000000E+00 -8.53118021E-02
    0.690000      1   0.00000000E+00  0.00000000E+00  2.69545794E-03  0.00000000E+00  0.00000000E+00  0.00000000E+00  0.00000000E+00  0.00000000E+00  8.18440369E-02  0.00000000E+00  0.00000000E+00 -8.52976335E-02
    0.691000      1   0.00000000E+00  0.00000000E+00  2.63325283E-03  0.00000000E+00  0.00000000E+00  0.00000000E+00  0.00000000E+00  0.00000000E+00  8.17587359E-02  0.00000000E+00  0.00000000E+00 -8.53010172E-02
    0.692000      1   0.00000000E+00  0.00000000E+00  2.67540973E-03  0.00000000E+00  0.00000000E+00  0.00000000E+00  0.00000000E+00  0.00000000E+00  8.16734018E-02  0.00000000E+00  0.00000000E+00 -8.53340378E-02
    0.693000      1   0.00000000E+00  0.00000000E+00  2.71604365E-03  0.00000000E+00  0.00000000E+00  0.00000000E+00  0.00000000E+00  0.00000000E+00  8.15880218E-02  0.00000000E+00  0.00000000E+00 -8.53800326E-02
    0.694000      1   0.00000000E+00  0.00000000E+00  2.78052038E-03  0.00000000E+00  0.00000000E+00  0.00000000E+00  0.00000000E+00  0.00000000E+00  8.15026168E-02  0.00000000E+00  0.00000000E+00 -8.54049968E-02
    0.695000      1   0.00000000E+00  0.00000000E+00  2.76120937E-03  0.00000000E+00  0.00000000E+00  0.00000000E+00  0.00000000E+00  0.00000000E+00  8.14172116E-02  0.00000000E+00  0.00000000E+00 -8.54052141E-02
    0.696000      1   0.00000000E+00  0.00000000E+00  2.74873779E-03  0.00000000E+00  0.00000000E+00  0.00000000E+00  0.00000000E+00  0.00000000E+00  8.13318239E-02  0.00000000E+00  0.00000000E+00 -8.53876713E-02
    0.697000      1   0.00000000E+00  0.00000000E+00  2.67448082E-03  0.00000000E+00  0.00000000E+00  0.00000000E+00  0.00000000E+00  0.00000000E+00  8.12464452E-02  0.00000000E+00  0.00000000E+00 -8.53786760E-02
    0.698000      1   0.00000000E+00  0.00000000E+00  2.66884426E-03  0.00000000E+00  0.00000000E+00  0.00000000E+00  0.00000000E+00  0.00000000E+00  8.11610583E-02  0.00000000E+00  0.00000000E+00 -8.53869081E-02
    0.699000      1   0.00000000E+00  0.00000000E+00  2.69875857E-03  0.00000000E+00  0.00000000E+00  0.00000000E+00  0.00000000E+00  0.00000000E+00  8.10756378E-02  0.00000000E+00  0.00000000E+00 -8.54205240E-02
    0.700000      1   0.00000000E+00  0.00000000E+00  2.72797436E-03  0.00000000E+00  0.00000000E+00  0.00000000E+00  0.00000000E+00  0.00000000E+00  8.09901871E-02  0.00000000E+00  0.00000000E+00 -8.54507010E-02
    0.701000      1   0.00000000E+00  0.00000000E+00  2.77882819E-03  0.00000000E+00  0.00000000E+00  0.00000000E+00  0.00000000E+00  0.00000000E+00  8.09047212E-02  0.00000000E+00  0.00000000E+00 -8.54658873E-02
    0.702000      1   0.00000000E+00  0.00000000E+00  2.75701054E-03  0.00000000E+00  0.00000000E+00  0.00000000E+00  0.00000000E+00  0.00000000E+00  8.08192587E-02  0.00000000E+00  0.00000000E+00 -8.54624857E-02
    0.703000      1   0.00000000E+00  0.00000000E+00  2.69612105E-03  0.00000000E+00  0.00000000E+00  0.00000000E+00  0.00000000E+00  0.00000000E+00  8.07338125E-02  0.00000000E+00  0.00000000E+00 -8.54462411E-02
    0.704000      1   0.00000000E+00  0.00000000E+00  2.62907624E-03  0.00000000E+00  0.00000000E+00  0.00000000E+00  0.00000000E+00  0.00000000E+00  8.06483646E-02  0.00000000E+00  0.00000000E+00 -8.54479294E-02
    0.705000      1   0.00000000E+00  0.00000000E+00  2.67261948E-03  0.00000000E+00  0.00000000E+00  0.00000000E+00  0.00000000E+00  0.00000000E+00  8.05628831E-02  0.00000000E+00  0.00000000E+00 -8.54814709E-02
    0.706000      1   0.00000000E+00  0.00000000E+00  2.72220196E-03  0.00000000E+00  0.00000000E+00  0.00000000E+00  0.00000000E+00  0.00000000E+00  8.04773538E-02  0.00000000E+00  0.00000000E+00 -8.55293308E-02
    0.707000      1   0.00000000E+00  0.00000000E+00  2.78573667E-03  0.00000000E+00  0.00000000E+00  0.00000000E+00  0.00000000E+00  0.00000000E+00  8.03917996E-02  0.00000000E+00  0.00000000E+00 -8.55541223E-02
    0.708000      1   0.00000000E+00  0.00000000E+00  2.76308756E-03  0.00000000E+00  0.00000000E+00  0.00000000E+00  0.00000000E+00  0.00000000E+00  8.03062482E-02  0.00000000E+00  0.00000000E+00 -8.55513947E-02
    0.709000      1   0.00000000E+00  0.00000000E+00  2.74923286E-03  0.00000000E+00  0.00000000E+00  0.00000000E+00  0.00000000E+00  0.00000000E+00  8.02207164E-02  0.00000000E+00  0.00000000E+00 -8.55318067E-02
    0.710000      1   0.00000000E+00  0.00000000E+00  2.67485518E-03  0.00000000E+00  0.00000000E+00  0.00000000E+00  0.00000000E+00  0.00000000E+00  8.01351943E-02  0.00000000E+00  0.00000000E+00 -8.55221070E-02
    0.711000      1   0.00000000E+00  0.00000000E+00  2.66988199E-03  0.00000000E+00  0.00000000E+00  0.00000000E+00  0.00000000E+00  0.00000000E+00  8.00496642E-02  0.00000000E+00  0.00000000E+00 -8.55301102E-02
    0.712000      1   0.00000000E+00  0.00000000E+00  2.70003525E-03  0.00000000E+00  0.00000000E+00  0.00000000E+00  0.00000000E+00  0.00000000E+00  7.99641008E-02  0.00000000E+00  0.00000000E+00 -8.55634197E-02
    0.713000      1   0.00000000E+00  0.00000000E+00  2.73122003E-03  0.00000000E+00  0.00000000E+00  0.00000000E+00  0.00000000E+00  0.00000000E+00  7.98785078E-02  0.00000000E+00  0.00000000E+00 -8.55930301E-02
    0.714000      1   0.00000000E+00  0.00000000E+00  2.77861499E-03  0.00000000E+00  0.00000000E+00  0.00000000E+00  0.00000000E+00  0.00000000E+00  7.97929005E-02  0.00000000E+00  0.00000000E+00 -8.56072231E-02
    0.715000      1   0.00000000E+00  0.00000000E+00  2.75505919E-03  0.00000000E+00  0.00000000E+00  0.00000000E+00  0.00000000E+00  0.00000000E+00  7.97072977E-02  0.00000000E+00  0.00000000E+00 -8.56027933E-02
    0.716000      1   0.00000000E+00  0.00000000E+00  2.69679509E-03  0.00000000E+00  0.00000000E+00  0.00000000E+00  0.00000000E+00  0.00000000E+00  7.96217108E-02  0.00000000E+00  0.00000000E+00 -8.55869639E-02
    0.717000      1   0.00000000E+00  0.00000000E+00  2.63496257E-03  0.00000000E+00  0.00000000E+00  0.00000000E+00  0.00000000E+00  0.00000000E+00  7.95361216E-02  0.00000000E+00  0.00000000E+00 -8.55891739E-02
    0.718000      1   0.00000000E+00  0.00000000E+00  2.67804807E-03  0.00000000E+00  0.00000000E+00  0.00000000E+00  0.00000000E+00  0.00000000E+00  7.94505002E-02  0.00000000E+00  0.00000000E+00 -8.56214530E-02
    0.719000      1   0.00000000E+00  0.00000000E+00  2.71788292E-03  0.00000000E+00  0.00000000E+00  0.00000000E+00  0.00000000E+00  0.00000000E+00  7.93648337E-02  0.00000000E+00  0.00000000E+00 -8.56664197E-02
    0.720000      1   0.00000000E+00  0.00000000E+00  2.78205874E-03  0.00000000E+00  0.00000000E+00  0.00000000E+00  0.00000000E+00  0.00000000E+00  7.92791435E-02  0.00000000E+00  0.00000000E+00 -8.56901922E-02
    0.721000      1   0.00000000E+00  0.00000000E+00  2.76707560E-03  0.00000000E+00  0.00000000E+00  0.00000000E+00  0.00000000E+00  0.00000000E+00  7.91934540E-02  0.00000000E+00  0.00000000E+00 -8.56895335E-02
    0.722000      1   0.00000000E+00  0.00000000E+00  2.75069524E-03  0.00000000E+00  0.00000000E+00  0.00000000E+00  0.00000000E+00  0.00000000E+00  7.91077836E-02  0.00000000E+00  0.00000000E+00 -8.56704481E-02
    0.723000      1   0.00000000E+00  0.00000000E+00  2.67442469E-03  0.00000000E+00  0.00000000E+00  0.00000000E+00  0.00000000E+00  0.00000000E+00  7.90221244E-02  0.00000000E+00  0.00000000E+00 -8.56591800E-02
    0.724000      1   0.00000000E+00  0.00000000E+00  2.66925827E-03  0.00000000E+00  0.00000000E+00  0.00000000E+00  0.00000000E+00  0.00000000E+00  7.89364576E-02  0.00000000E+00  0.00000000E+00 -8.56667792E-02
    0.725000      1   0.00000000E+00  0.00000000E+00  2.70475414E-03  0.00000000E+00  0.00000000E+00  0.00000000E+00  0.00000000E+00  0.00000000E+00  7.88507573E-02  0.00000000E+00  0.00000000E+00 -8.57003403E-02
    0.726000      1   0.00000000E+00  0.00000000E+00  2.74271783E-03  0.00000000E+00  0.00000000E+00  0.00000000E+00  0.00000000E+00  0.00000000E+00  7.87650279E-02  0.00000000E+00  0.00000000E+00 -8.57293211E-02
    0.727000      1   0.00000000E+00  0.00000000E+00  2.77909516E-03  0.00000000E+00  0.00000000E+00  0.00000000E+00  0.00000000E+00  0.00000000E+00  7.86792880E-02  0.00000000E+00  0.00000000E+00 -8.57399311E-02
    0.728000      1   0.00000000E+00  0.00000000E+00  2.74865556E-03  0.00000000E+00  0.00000000E+00  0.00000000E+00  0.00000000E+00  0.00000000E+00  7.85935564E-02  0.00000000E+00  0.00000000E+00 -8.57316403E-02
    0.729000      1   0.00000000E+00  0.00000000E+00  2.69404187E-03  0.00000000E+00  0.00000000E+00  0.00000000E+00  0.00000000E+00  0.00000000E+00  7.85078396E-02  0.00000000E+00  0.00000000E+00 -8.57167856E-02
    0.730000      1   0.00000000E+00  0.00000000E+00  2.63869009E-03  0.00000000E+00  0.00000000E+00  0.00000000E+00  0.00000000E+00  0.00000000E+00  7.84221180E-02  0.00000000E+00  0.00000000E+00 -8.57215855E-02
    0.731000      1   0.00000000E+00  0.00000000E+00  2.68490254E-03  0.00000000E+00  0.00000000E+00  0.00000000E+00  0.00000000E+00  0.00000000E+00  7.83363639E-02  0.00000000E+00  0.00000000E+00 -8.57541097E-02
    0.732000      1   0.00000000E+00  0.00000000E+00  2.71769893E-03  0.00000000E+00  0.00000000E+00  0.00000000E+00  0.00000000E+00  0.00000000E+00  7.82505673E-02  0.00000000E+00  0.00000000E+00 -8.57966401E-02
    0.733000      1   0.00000000E+00  0.00000000E+00  2.77734340E-03  0.00000000E+00  0.00000000E+00  0.00000000E+00  0.00000000E+00  0.00000000E+00  7.81647491E-02  0.00000000E+00  0.00000000E+00 -8.58181939E-02
    0.734000      1   0.00000000E+00  0.00000000E+00  2.76561651E-03  0.00000000E+00  0.00000000E+00  0.00000000E+00  0.00000000E+00  0.00000000E+00  7.80789306E-02  0.00000000E+00  0.00000000E+00 -8.58184295E-02
    0.735000      1   0.00000000E+00  0.00000000E+00  2.75631644E-03  0.00000000E+00  0.00000000E+00  0.00000000E+00  0.00000000E+00  0.00000000E+00  7.79931295E-02  0.00000000E+00  0.00000000E+00 -8.58011507E-02
    0.736000      1   0.00000000E+00  0.00000000E+00  2.68065331E-03  0.00000000E+00  0.00000000E+00  0.00000000E+00  0.00000000E+00  0.00000000E+00  7.79073401E-02  0.00000000E+00  0.00000000E+00 -8.57893678E-02
    0.737000      1   0.00000000E+00  0.00000000E+00  2.67048523E-03  0.00000000E+00  0.00000000E+00  0.00000000E+00  0.00000000E+00  0.00000000E+00  7.78215461E-02  0.00000000E+00  0.00000000E+00 -8.57940194E-02
    0.738000      1   0.00000000E+00  0.00000000E+00  2.70385840E-03  0.00000000E+00  0.00000000E+00  0.00000000E+00  0.00000000E+00  0.00000000E+00  7.77357208E-02  0.00000000E+00  0.00000000E+00 -8.58253180E-02
    0.739000      1   0.00000000E+00  0.00000000E+00  2.74489766E-03  0.00000000E+00  0.00000000E+00  0.00000000E+00  0.00000000E+00  0.00000000E+00  7.76498667E-02  0.00000000E+00  0.00000000E+00 -8.58540543E-02
    0.740000      1   0.00000000E+00  0.00000000E+00  2.79609729E-03  0.00000000E+00  0.00000000E+00  0.00000000E+00  0.00000000E+00  0.00000000E+00  7.75640021E-02  0.00000000E+00  0.00000000E+00 -8.58645729E-02
    0.741000      1   0.00000000E+00  0.00000000E+00  2.75672973E-03  0.00000000E+00  0.00000000E+00  0.00000000E+00  0.00000000E+00  0.00000000E+00  7.74781496E-02  0.00000000E+00  0.00000000E+00 -8.58525596E-02
    0.742000      1   0.00000000E+00  0.00000000E+00  2.68387229E-03  0.00000000E+00  0.00000000E+00  0.00000000E+00  0.00000000E+00  0.00000000E+00  7.73923189E-02  0.00000000E+00  0.00000000E+00 -8.58306933E-02
    0.743000      1   0.00000000E+00  0.00000000E+00  2.63805490E-03  0.00000000E+00  0.00000000E+00  0.00000000E+00  0.00000000E+00  0.00000000E+00  7.73064843E-02  0.00000000E+00  0.00000000E+00 -8.58346399E-02
    0.744000      1   0.00000000E+00  0.00000000E+00  2.68637875E-03  0.00000000E+00  0.00000000E+00  0.00000000E+00  0.00000000E+00  0.00000000E+00  7.72206136E-02  0.00000000E+00  0.00000000E+00 -8.58706163E-02
    0.745000      1   0.00000000E+00  0.00000000E+00  2.70518480E-03  0.00000000E+00  0.00000000E+00  0.00000000E+00  0.00000000E+00  0.00000000E+00  7.71347005E-02  0.00000000E+00  0.00000000E+00 -8.59130942E-02
    0.746000      1   0.00000000E+00  0.00000000E+00  2.77963210E-03  0.00000000E+00  0.00000000E+00  0.00000000E+00  0.00000000E+00  0.00000000E+00  7.70487642E-02  0.00000000E+00  0.00000000E+00 -8.59363763E-02
    0.747000      1   0.00000000E+00  0.00000000E+00  2.78101343E-03  0.00000000E+00  0.00000000E+00  0.00000000E+00  0.00000000E+00  0.00000000E+00  7.69628238E-02  0.00000000E+00  0.00000000E+00 -8.59403170E-02
    0.748000      1   0.00000000E+00  0.00000000E+00  2.73860386E-03  0.00000000E+00  0.00000000E+00  0.00000000E+00  0.00000000E+00  0.00000000E+00  7.68769043E-02  0.00000000E+00  0.00000000E+00 -8.59195637E-02
    0.749000      1   0.00000000E+00  0.00000000E+00  2.67718535E-03  0.00000000E+00  0.00000000E+00  0.00000000E+00  0.00000000E+00  0.00000000E+00  7.67909984E-02  0.00000000E+00  0.00000000E+00 -8.59058566E-02
    0.750000      1   0.00000000E+00  0.00000000E+00  2.67241957E-03  0.00000000E+00  0.00000000E+00  0.00000000E+00  0.00000000E+00  0.00000000E+00  7.67050815E-02  0.00000000E+00  0.00000000E+00 -8.59169385E-02
    0.751000      1   0.00000000E+00  0.00000000E+00  2.71350321E-03  0.00000000E+00  0.00000000E+00  0.00000000E+00  0.00000000E+00  0.00000000E+00  7.66191325E-02  0.00000000E+00  0.00000000E+00 -8.59490339E-02
    0.752000      1   0.00000000E+00  0.00000000E+00  2.74387135E-03  0.00000000E+00  0.00000000E+00  0.00000000E+00  0.00000000E+00  0.00000000E+00  7.65331570E-02  0.00000000E+00  0.00000000E+00 -8.59754293E-02
    0.753000      1   0.00000000E+00  0.00000000E+00  2.78943014E-03  0.00000000E+00  0.00000000E+00  0.00000000E+00  0.00000000E+00  0.00000000E+00  7.64471741E-02  0.00000000E+00  0.00000000E+00 -8.59829620E-02
    0.754000      1   0.00000000E+00  0.00000000E+00  2.74911888E-03  0.00000000E+00  0.00000000E+00  0.00000000E+00  0.00000000E+00  0.00000000E+00  7.63612016E-02  0.00000000E+00  0.00000000E+00 -8.59724648E-02
    0.755000      1   0.00000000E+00  0.00000000E+00  2.69013029E-03  0.00000000E+00  0.00000000E+00  0.00000000E+00  0.00000000E+00  0.00000000E+00  7.62752475E-02  0.00000000E+00  0.00000000E+00 -8.59541339E-02
    0.756000      1   0.00000000E+00  0.00000000E+00  2.66176198E-03  0.00000000E+00  0.00000000E+00  0.00000000E+00  0.00000000E+00  0.00000000E+00  7.61892880E-02  0.00000000E+00  0.00000000E+00 -8.59594734E-02
    0.757000      1   0.00000000E+00  0.00000000E+00  2.68102168E-03  0.00000000E+00  0.00000000E+00  0.00000000E+00  0.00000000E+00  0.00000000E+00  7.61032988E-02  0.00000000E+00  0.00000000E+00 -8.59892022E-02
    0.758000      1   0.00000000E+00  0.00000000E+00  2.71076568E-03  0.00000000E+00  0.00000000E+00  0.00000000E+00  0.00000000E+00  0.00000000E+00  7.60172739E-02  0.00000000E+00  0.00000000E+00 -8.60248417E-02
    0.759000      1   0.00000000E+00  0.00000000E+00  2.77160369E-03  0.00000000E+00  0.00000000E+00  0.00000000E+00  0.00000000E+00  0.00000000E+00  7.59312251E-02  0.00000000E+00  0.00000000E+00 -8.60488962E-02
    0.760000      1   0.00000000E+00  0.00000000E+00  2.78219421E-03  0.00000000E+00  0.00000000E+00  0.00000000E+00  0.00000000E+00  0.00000000E+00  7.58451726E-02  0.00000000E+00  0.00000000E+00 -8.60524238E-02
    0.761000      1   0.00000000E+00  0.00000000E+00  2.73578456E-03  0.00000000E+00  0.00000000E+00  0.00000000E+00  0.00000000E+00  0.00000000E+00  7.57591385E-02  0.00000000E+00  0.00000000E+00 -8.60340984E-02
    0.762000      1   0.00000000E+00  0.00000000E+00  2.66896181E-03  0.00000000E+00  0.00000000E+00  0.00000000E+00  0.00000000E+00  0.00000000E+00  7.56731180E-02  0.00000000E+00  0.00000000E+00 -8.60205020E-02
    0.763000      1   0.00000000E+00  0.00000000E+00  2.67041085E-03  0.00000000E+00  0.00000000E+00  0.00000000E+00  0.00000000E+00  0.00000000E+00  7.55870841E-02  0.00000000E+00  0.00000000E+00 -8.60339641E-02
    0.764000      1   0.00000000E+00  0.00000000E+00  2.72726289E-03  0.00000000E+00  0.00000000E+00  0.00000000E+00  0.00000000E+00  0.00000000E+00  7.55010149E-02  0.00000000E+00  0.00000000E+00 -8.60691155E-02
    0.765000      1   0.00000000E+00  0.00000000E+00  2.75705658E-03  0.00000000E+00  0.00000000E+00  0.00000000E+00  0.00000000E+00  0.00000000E+00  7.54149212E-02  0.00000000E+00  0.00000000E+00 -8.60937373E-02
    0.766000      1   0.00000000E+00  0.00000000E+00  2.78902183E-03  0.00000000E+00  0.00000000E+00  0.00000000E+00  0.00000000E+00  0.00000000E+00  7.53288268E-02  0.00000000E+00  0.00000000E+00 -8.60944195E-02
    0.767000      1   0.00000000E+00  0.00000000E+00  2.74290862E-03  0.00000000E+00  0.00000000E+00  0.00000000E+00  0.00000000E+00  0.00000000E+00  7.52427471E-02  0.00000000E+00  0.00000000E+00 -8.60796642E-02
    0.768000      1   0.00000000E+00  0.00000000E+00  2.69210642E-03  0.00000000E+00  0.00000000E+00  0.00000000E+00  0.00000000E+00  0.00000000E+00  7.51566846E-02  0.00000000E+00  0.00000000E+00 -8.60625657E-02
    0.769000      1   0.00000000E+00  0.00000000E+00  2.66675502E-03  0.00000000E+00  0.00000000E+00  0.00000000E+00  0.00000000E+00  0.00000000E+00  7.50706150E-02  0.00000000E+00  0.00000000E+00 -8.60695952E-02
    0.770000      1   0.00000000E+00  0.00000000E+00  2.68566762E-03  0.00000000E+00  0.00000000E+00  0.00000000E+00  0.00000000E+00  0.00000000E+00  7.49845172E-02  0.00000000E+00  0.00000000E+00 -8.60977921E-02
    0.771000      1   0.00000000E+00  0.00000000E+00  2.71551240E-03  0.00000000E+00  0.00000000E+00  0.00000000E+00  0.00000000E+00  0.00000000E+00  7.48983862E-02  0.00000000E+00  0.00000000E+00 -8.61309702E-02
    0.772000      1   0.00000000E+00  0.00000000E+00  2.77791885E-03  0.00000000E+00  0.00000000E+00  0.00000000E+00  0.00000000E+00  0.00000000E+00  7.48122335E-02  0.00000000E+00  0.00000000E+00 -8.61526595E-02
    0.773000      1   0.00000000E+00  0.00000000E+00  2.77163136E-03  0.00000000E+00  0.00000000E+00  0.00000000E+00  0.00000000E+00  0.00000000E+00  7.47260800E-02  0.00000000E+00  0.00000000E+00 -8.61535114E-02
    0.774000      1   0.00000000E+00  0.00000000E+00  2.73887991E-03  0.00000000E+00  0.00000000E+00  0.00000000E+00  0.00000000E+00  0.00000000E+00  7.46399451E-02  0.00000000E+00  0.00000000E+00 -8.61349800E-02
    0.775000      1   0.00000000E+00  0.00000000E+00  2.66440885E-03  0.00000000E+00  0.00000000E+00  0.00000000E+00  0.00000000E+00  0.00000000E+00  7.45538207E-02  0.00000000E+00  0.00000000E+00 -8.61243052E-02
    0.776000      1   0.00000000E+00  0.00000000E+00  2.66744754E-03  0.00000000E+00  0.00000000E+00  0.00000000E+00  0.00000000E+00  0.00000000E+00  7.44676832E-02  0.00000000E+00  0.00000000E+00 -8.61375558E-02
    0.777000      1   0.00000000E+00  0.00000000E+00  2.72437611E-03  0.00000000E+00  0.00000000E+00  0.00000000E+00  0.00000000E+00  0.00000000E+00  7.43815085E-02  0.00000000E+00  0.00000000E+00 -8.61747265E-02
    0.778000      1   0.00000000E+00  0.00000000E+00  2.75869194E-03  0.00000000E+00  0.00000000E+00  0.00000000E+00  0.00000000E+00  0.00000000E+00  7.42953076E-02  0.00000000E+00  0.00000000E+00 -8.62008321E-02
    0.779000      1   0.00000000E+00  0.00000000E+00  2.77854241E-03  0.00000000E+00  0.00000000E+00  0.00000000E+00  0.00000000E+00  0.00000000E+00  7.42091055E-02  0.00000000E+00  0.00000000E+00 -8.62021731E-02
    0.780000      1   0.00000000E+00  0.00000000E+00  2.76086133E-03  0.00000000E+00  0.00000000E+00  0.00000000E+00  0.00000000E+00  0.00000000E+00  7.41229167E-02  0.00000000E+00  0.00000000E+00 -8.61887339E-02
    0.781000      1   0.00000000E+00  0.00000000E+00  2.67817506E-03  0.00000000E+00  0.00000000E+00  0.00000000E+00  0.00000000E+00  0.00000000E+00  7.40367448E-02  0.00000000E+00  0.00000000E+00 -8.61719022E-02
    0.782000      1   0.00000000E+00  0.00000000E+00  2.66096131E-03  0.00000000E+00  0.00000000E+00  0.00000000E+00  0.00000000E+00  0.00000000E+00  7.39505693E-02  0.00000000E+00  0.00000000E+00 -8.61754994E-02
    0.783000      1   0.00000000E+00  0.00000000E+00  2.68715290E-03  0.00000000E+00  0.00000000E+00  0.00000000E+00  0.00000000E+00  0.00000000E+00  7.38643600E-02  0.00000000E+00  0.00000000E+00 -8.62092961E-02
    0.784000      1   0.00000000E+00  0.00000000E+00  2.74473203E-03  0.00000000E+00  0.00000000E+00  0.00000000E+00  0.00000000E+00  0.00000000E+00  7.37781159E-02  0.00000000E+00  0.00000000E+00 -8.62441144E-02
    0.785000      1   0.00000000E+00  0.00000000E+00  2.79261918E-03  0.00000000E+00  0.00000000E+00  0.00000000E+00  0.00000000E+00  0.00000000E+00  7.36918558E-02  0.00000000E+00  0.00000000E+00 -8.62601487E-02
    0.786000      1   0.00000000E+00  0.00000000E+00  2.75131062E-03  0.00000000E+00  0.00000000E+00  0.00000000E+00  0.00000000E+00  0.00000000E+00  7.36056070E-02  0.00000000E+00  0.00000000E+00 -8.62488048E-02
    0.787000      1   0.00000000E+00  0.00000000E+00  2.72621927E-03  0.00000000E+00  0.00000000E+00  0.00000000E+00  0.00000000E+00  0.00000000E+00  7.35193779E-02  0.00000000E+00  0.00000000E+00 -8.62290391E-02
    0.788000      1   0.00000000E+00  0.00000000E+00  2.65761907E-03  0.00000000E+00  0.00000000E+00  0.00000000E+00  0.00000000E+00  0.00000000E+00  7.34331506E-02  0.00000000E+00  0.00000000E+00 -8.62272768E-02
    0.789000      1   0.00000000E+00  0.00000000E+00  2.68670754E-03  0.00000000E+00  0.00000000E+00  0.00000000E+00  0.00000000E+00  0.00000000E+00  7.33469048E-02  0.00000000E+00  0.00000000E+00 -8.62458861E-02
    0.790000      1   0.00000000E+00  0.00000000E+00  2.72837410E-03  0.00000000E+00  0.00000000E+00  0.00000000E+00  0.00000000E+00  0.00000000E+00  7.32606229E-02  0.00000000E+00  0.00000000E+00 -8.62818807E-02
    0.791000      1   0.00000000E+00  0.00000000E+00  2.76368434E-03  0.00000000E+00  0.00000000E+00  0.00000000E+00  0.00000000E+00  0.00000000E+00  7.31743219E-02  0.00000000E+00  0.00000000E+00 -8.63009540E-02
    0.792000      1   0.00000000E+00  0.00000000E+00  2.75898355E-03  0.00000000E+00  0.00000000E+00  0.00000000E+00  0.00000000E+00  0.00000000E+00  7.30880218E-02  0.00000000E+00  0.00000000E+00 -8.63000992E-02
    0.793000      1   0.00000000E+00  0.00000000E+00  2.77108964E-03  0.00000000E+00  0.00000000E+00  0.00000000E+00  0.00000000E+00  0.00000000E+00  7.30017333E-02  0.00000000E+00  0.00000000E+00 -8.62884792E-02
    0.794000      1   0.00000000E+00  0.00000000E+00  2.68976303E-03  0.00000000E+00  0.00000000E+00  0.00000000E+00  0.00000000E+00  0.00000000E+00  7.29154571E-02  0.00000000E+00  0.00000000E+00 -8.62762622E-02
    0.795000      1   0.00000000E+00  0.00000000E+00  2.66940264E-03  0.00000000E+00  0.00000000E+00  0.00000000E+00  0.00000000E+00  0.00000000E+00  7.28291826E-02  0.00000000E+00  0.00000000E+00 -8.62744511E-02
    0.796000      1   0.00000000E+00  0.00000000E+00  2.68310564E-03  0.00000000E+00  0.00000000E+00  0.00000000E+00  0.00000000E+00  0.00000000E+00  7.27428797E-02  0.00000000E+00  0.00000000E+00 -8.63029493E-02
    0.797000      1   0.00000000E+00  0.00000000E+00  2.74184147E-03  0.00000000E+00  0.00000000E+00  0.00000000E+00  0.00000000E+00  0.00000000E+00  7.26565440E-02  0.00000000E+00  0.00000000E+00 -8.63357110E-02
    0.798000      1   0.00000000E+00  0.00000000E+00  2.80328359E-03  0.00000000E+00  0.00000000E+00  0.00000000E+00  0.00000000E+00  0.00000000E+00  7.25701904E-02  0.00000000E+00  0.00000000E+00 -8.63535857E-02
    0.799000      1   0.00000000E+00  0.00000000E+00  2.75859672E-03  0.00000000E+00  0.00000000E+00  0.00000000E+00  0.00000000E+00  0.00000000E+00  7.24838491E-02  0.00000000E+00  0.00000000E+00 -8.63413052E-02
    0.800000      1   0.00000000E+00  0.00000000E+00  2.70268592E-03  0.00000000E+00  0.00000000E+00  0.00000000E+00  0.00000000E+00  0.00000000E+00  7.23975323E-02  0.00000000E+00  0.00000000E+00 -8.63167487E-02
    0.801000      1   0.00000000E+00  0.00000000E+00  2.64781966E-03  0.00000000E+00  0.00000000E+00  0.00000000E+00  0.00000000E+00  0.00000000E+00  7.23112156E-02  0.00000000E+00  0.00000000E+00 -8.63167551E-02
    0.802000      1   0.00000000E+00  0.00000000E+00  2.69689762E-03  0.00000000E+00  0.00000000E+00  0.00000000E+00  0.00000000E+00  0.00000000E+00  7.22248708E-02  0.00000000E+00  0.00000000E+00 -8.63448261E-02
    0.803000      1   0.00000000E+00  0.00000000E+00  2.73412452E-03  0.00000000E+00  0.00000000E+00  0.00000000E+00  0.00000000E+00  0.00000000E+00  7.21384885E-02  0.00000000E+00  0.00000000E+00 -8.63822370E-02
    0.804000      1   0.00000000E+00  0.00000000E+00  2.76342969E-03  0.00000000E+00  0.00000000E+00  0.00000000E+00  0.00000000E+00  0.00000000E+00  7.20520916E-02  0.00000000E+00  0.00000000E+00 -8.63969468E-02
    0.805000      1   0.00000000E+00  0.00000000E+00  2.77812468E-03  0.00000000E+00  0.00000000E+00  0.00000000E+00  0.00000000E+00  0.00000000E+00  7.19656973E-02  0.00000000E+00  0.00000000E+00 -8.63942484E-02
    0.806000      1   0.00000000E+00  0.00000000E+00  2.75869797E-03  0.00000000E+00  0.00000000E+00  0.00000000E+00  0.00000000E+00  0.00000000E+00  7.18793180E-02  0.00000000E+00  0.00000000E+00 -8.63793272E-02
    0.807000      1   0.00000000E+00  0.00000000E+00  2.67095648E-03  0.00000000E+00  0.00000000E+00  0.00000000E+00  0.00000000E+00  0.00000000E+00  7.17929550E-02  0.00000000E+00  0.00000000E+00 -8.63630153E-02
    0.808000      1   0.00000000E+00  0.00000000E+00  2.66479652E-03  0.00000000E+00  0.00000000E+00  0.00000000E+00  0.00000000E+00  0.00000000E+00  7.17065864E-02  0.00000000E+00  0.00000000E+00 -8.63685995E-02
    0.809000      1   0.00000000E+00  0.00000000E+00  2.70435018E-03  0.00000000E+00  0.00000000E+00  0.00000000E+00  0.00000000E+00  0.00000000E+00  7.16201823E-02  0.00000000E+00  0.00000000E+00 -8.64040887E-02
    0.810000      1   0.00000000E+00  0.00000000E+00  2.76668021E-03  0.00000000E+00  0.00000000E+00  0.00000000E+00  0.00000000E+00  0.00000000E+00  7.15337477E-02  0.00000000E+00  0.00000000E+00 -8.64346062E-02
    0.811000      1   0.00000000E+00  0.00000000E+00  2.80810639E-03  0.00000000E+00  0.00000000E+00  0.00000000E+00  0.00000000E+00  0.00000000E+00  7.14473066E-02  0.00000000E+00  0.00000000E+00 -8.64411114E-02
    0.812000      1   0.00000000E+00  0.00000000E+00  2.74017078E-03  0.00000000E+00  0.00000000E+00  0.00000000E+00  0.00000000E+00  0.00000000E+00  7.13608868E-02  0.00000000E+00  0.00000000E+00 -8.64198207E-02
    0.813000      1   0.00000000E+00  0.00000000E+00  2.69555081E-03  0.00000000E+00  0.00000000E+00  0.00000000E+00  0.00000000E+00  0.00000000E+00  7.12744898E-02  0.00000000E+00  0.00000000E+00 -8.63969387E-02
    0.814000      1   0.00000000E+00  0.00000000E+00  2.68151292E-03  0.00000000E+00  0.00000000E+00  0.00000000E+00  0.00000000E+00  0.00000000E+00  7.11880856E-02  0.00000000E+00  0.00000000E+00 -8.64042583E-02
    0.815000      1   0.00000000E+00  0.00000000E+00  2.70102963E-03  0.00000000E+00  0.00000000E+00  0.00000000E+00  0.00000000E+00  0.00000000E+00  7.11016568E-02  0.00000000E+00  0.00000000E+00 -8.64287142E-02
    0.816000      1   0.00000000E+00  0.00000000E+00  2.70590340E-03  0.00000000E+00  0.00000000E+00  0.00000000E+00  0.00000000E+00  0.00000000E+00  7.10152025E-02  0.00000000E+00  0.00000000E+00 -8.64543290E-02
    0.817000      1   0.00000000E+00  0.00000000E+00  2.75361482E-03  0.00000000E+00  0.00000000E+00  0.00000000E+00  0.00000000E+00  0.00000000E+00  7.09287298E-02  0.00000000E+00  0.00000000E+00 -8.64726724E-02
    0.818000      1   0.00000000E+00  0.00000000E+00  2.79005332E-03  0.00000000E+00  0.00000000E+00  0.00000000E+00  0.00000000E+00  0.00000000E+00  7.08422489E-02  0.00000000E+00  0.00000000E+00 -8.64809779E-02
    0.819000      1   0.00000000E+00  0.00000000E+00  2.74373159E-03  0.00000000E+00  0.00000000E+00  0.00000000E+00  0.00000000E+00  0.00000000E+00  7.07557817E-02  0.00000000E+00  0.00000000E+00 -8.64671706E-02
    0.820000      1   0.00000000E+00  0.00000000E+00  2.67251437E-03  0.00000000E+00  0.00000000E+00  0.00000000E+00  0.00000000E+00  0.00000000E+00  7.06693321E-02  0.00000000E+00  0.00000000E+00 -8.64495878E-02
    0.821000      1   0.00000000E+00  0.00000000E+00  2.66273982E-03  0.00000000E+00  0.00000000E+00  0.00000000E+00  0.00000000E+00  0.00000000E+00  7.05828723E-02  0.00000000E+00  0.00000000E+00 -8.64598117E-02
    0.822000      1   0.00000000E+00  0.00000000E+00  2.71736473E-03  0.00000000E+00  0.00000000E+00  0.00000000E+00  0.00000000E+00  0.00000000E+00  7.04963771E-02  0.00000000E+00  0.00000000E+00 -8.64951529E-02
    0.823000      1   0.00000000E+00  0.00000000E+00  2.77619825E-03  0.00000000E+00  0.00000000E+00  0.00000000E+00  0.00000000E+00  0.00000000E+00  7.04098531E-02  0.00000000E+00  0.00000000E+00 -8.65240444E-02
    0.824000      1   0.00000000E+00  0.00000000E+00  2.80652497E-03  0.00000000E+00  0.00000000E+00  0.00000000E+00  0.00000000E+00  0.00000000E+00  7.03233285E-02  0.00000000E+00  0.00000000E+00 -8.65245923E-02
    0.825000      1   0.00000000E+00  0.00000000E+00  2.73827392E-03  0.00000000E+00  0.00000000E+00  0.00000000E+00  0.00000000E+00  0.00000000E+00  7.02368280E-02  0.00000000E+00  0.00000000E+00 -8.65004554E-02
    0.826000      1   0.00000000E+00  0.00000000E+00  2.68597035E-03  0.00000000E+00  0.00000000E+00  0.00000000E+00  0.00000000E+00  0.00000000E+00  7.01503496E-02  0.00000000E+00  0.00000000E+00 -8.64784282E-02
    0.827000      1   0.00000000E+00  0.00000000E+00  2.68193345E-03  0.00000000E+00  0.00000000E+00  0.00000000E+00  0.00000000E+00  0.00000000E+00  7.00638616E-02  0.00000000E+00  0.00000000E+00 -8.64880649E-02
    0.828000      1   0.00000000E+00  0.00000000E+00  2.70056883E-03  0.00000000E+00  0.00000000E+00  0.00000000E+00  0.00000000E+00  0.00000000E+00  6.99773460E-02  0.00000000E+00  0.00000000E+00 -8.65155928E-02
    0.829000      1   0.00000000E+00  0.00000000E+00  2.72684035E-03  0.00000000E+00  0.00000000E+00  0.00000000E+00  0.00000000E+00  0.00000000E+00  6.98908048E-02  0.00000000E+00  0.00000000E+00 -8.65411510E-02
    0.830000      1   0.00000000E+00  0.00000000E+00  2.79188726E-03  0.00000000E+00  0.00000000E+00  0.00000000E+00  0.00000000E+00  0.00000000E+00  6.98042489E-02  0.00000000E+00  0.00000000E+00 -8.65559433E-02
    0.831000      1   0.00000000E+00  0.00000000E+00  2.76578694E-03  0.00000000E+00  0.00000000E+00  0.00000000E+00  0.00000000E+00  0.00000000E+00  6.97176983E-02  0.00000000E+00  0.00000000E+00 -8.65506048E-02
    0.832000      1   0.00000000E+00  0.00000000E+00  2.72172292E-03  0.00000000E+00  0.00000000E+00  0.00000000E+00  0.00000000E+00  0.00000000E+00  6.96311697E-02  0.00000000E+00  0.00000000E+00 -8.65285194E-02
    0.833000      1   0.00000000E+00  0.00000000E+00  2.64934738E-03  0.00000000E+00  0.00000000E+00  0.00000000E+00  0.00000000E+00  0.00000000E+00  6.95446469E-02  0.00000000E+00  0.00000000E+00 -8.65227980E-02
    0.834000      1   0.00000000E+00  0.00000000E+00  2.67889661E-03  0.00000000E+00  0.00000000E+00  0.00000000E+00  0.00000000E+00  0.00000000E+00  6.94581026E-02  0.00000000E+00  0.00000000E+00 -8.65443467E-02
    0.835000      1   0.00000000E+00  0.00000000E+00  2.72289522E-03  0.00000000E+00  0.00000000E+00  0.00000000E+00  0.00000000E+00  0.00000000E+00  6.93715182E-02  0.00000000E+00  0.00000000E+00 -8.65844392E-02
    0.836000      1   0.00000000E+00  0.00000000E+00  2.79572750E-03  0.00000000E+00  0.00000000E+00  0.00000000E+00  0.00000000E+00  0.00000000E+00  6.92849111E-02  0.00000000E+00  0.00000000E+00 -8.66070466E-02
    0.837000      1   0.00000000E+00  0.00000000E+00  2.77734650E-03  0.00000000E+00  0.00000000E+00  0.00000000E+00  0.00000000E+00  0.00000000E+00  6.91983088E-02  0.00000000E+00  0.00000000E+00 -8.66023246E-02
    0.838000      1   0.00000000E+00  0.00000000E+00  2.76100950E-03  0.00000000E+00  0.00000000E+00  0.00000000E+00  0.00000000E+00  0.00000000E+00  6.91117319E-02  0.00000000E+00  0.00000000E+00 -8.65769339E-02
    0.839000      1   0.00000000E+00  0.00000000E+00  2.69026632E-03  0.00000000E+00  0.00000000E+00  0.00000000E+00  0.00000000E+00  0.00000000E+00  6.90251714E-02  0.00000000E+00  0.00000000E+00 -8.65604688E-02
    0.840000      1   0.00000000E+00  0.00000000E+00  2.67521020E-03  0.00000000E+00  0.00000000E+00  0.00000000E+00  0.00000000E+00  0.00000000E+00  6.89386095E-02  0.00000000E+00  0.00000000E+00 -8.65618791E-02
    0.841000      1   0.00000000E+00  0.00000000E+00  2.70420703E-03  0.00000000E+00  0.00000000E+00  0.00000000E+00  0.00000000E+00  0.00000000E+00  6.88520203E-02  0.00000000E+00  0.00000000E+00 -8.65891851E-02
    0.842000      1   0.00000000E+00  0.00000000E+00  2.74218744E-03  0.00000000E+00  0.00000000E+00  0.00000000E+00  0.00000000E+00  0.00000000E+00  6.87654040E-02  0.00000000E+00  0.00000000E+00 -8.66163080E-02
    0.843000      1   0.00000000E+00  0.00000000E+00  2.79251704E-03  0.00000000E+00  0.00000000E+00  0.00000000E+00  0.00000000E+00  0.00000000E+00  6.86787768E-02  0.00000000E+00  0.00000000E+00 -8.66271914E-02
    0.844000      1   0.00000000E+00  0.00000000E+00  2.76414348E-03  0.00000000E+00  0.00000000E+00  0.00000000E+00  0.00000000E+00  0.00000000E+00  6.85921601E-02  0.00000000E+00  0.00000000E+00 -8.66167013E-02
    0.845000      1   0.00000000E+00  0.00000000E+00  2.70802191E-03  0.00000000E+00  0.00000000E+00  0.00000000E+00  0.00000000E+00  0.00000000E+00  6.85055654E-02  0.00000000E+00  0.00000000E+00 -8.65946998E-02
    0.846000      1   0.00000000E+00  0.00000000E+00  2.64561532E-03  0.00000000E+00  0.00000000E+00  0.00000000E+00  0.00000000E+00  0.00000000E+00  6.84189735E-02  0.00000000E+00  0.00000000E+00 -8.65919410E-02
    0.847000      1   0.00000000E+00  0.00000000E+00  2.68847080E-03  0.00000000E+00  0.00000000E+00  0.00000000E+00  0.00000000E+00  0.00000000E+00  6.83323548E-02  0.00000000E+00  0.00000000E+00 -8.66186493E-02
    0.848000      1   0.00000000E+00  0.00000000E+00  2.71287076E-03  0.00000000E+00  0.00000000E+00  0.00000000E+00  0.00000000E+00  0.00000000E+00  6.82456966E-02  0.00000000E+00  0.00000000E+00 -8.66582743E-02
    0.849000      1   0.00000000E+00  0.00000000E+00  2.78835439E-03  0.00000000E+00  0.00000000E+00  0.00000000E+00  0.00000000E+00  0.00000000E+00  6.81590170E-02  0.00000000E+00  0.00000000E+00 -8.66795101E-02
    0.850000      1   0.00000000E+00  0.00000000E+00  2.78990675E-03  0.00000000E+00  0.00000000E+00  0.00000000E+00  0.00000000E+00  0.00000000E+00  6.80723377E-02  0.00000000E+00  0.00000000E+00 -8.66793842E-02
    0.851000      1   0.00000000E+00  0.00000000E+00  2.74443229E-03  0.00000000E+00  0.00000000E+00  0.00000000E+00  0.00000000E+00  0.00000000E+00  6.79856835E-02  0.00000000E+00  0.00000000E+00 -8.66541938E-02
    0.852000      1   0.00000000E+00  0.00000000E+00  2.67767144E-03  0.00000000E+00  0.00000000E+00  0.00000000E+00  0.00000000E+00  0.00000000E+00  6.78990469E-02  0.00000000E+00  0.00000000E+00 -8.66365352E-02
    0.853000      1   0.00000000E+00  0.00000000E+00  2.68061145E-03  0.00000000E+00  0.00000000E+00  0.00000000E+00  0.00000000E+00  0.00000000E+00  6.78124013E-02  0.00000000E+00  0.00000000E+00 -8.66456170E-02
    0.854000      1   0.00000000E+00  0.00000000E+00  2.73083336E-03  0.00000000E+00  0.00000000E+00  0.00000000E+00  0.00000000E+00  0.00000000E+00  6.77257252E-02  0.00000000E+00  0.00000000E+00 -8.66761042E-02
    0.855000      1   0.00000000E+00  0.00000000E+00  2.76458286E-03  0.00000000E+00  0.00000000E+00  0.00000000E+00  0.00000000E+00  0.00000000E+00  6.76390285E-02  0.00000000E+00  0.00000000E+00 -8.66967446E-02
    0.856000      1   0.00000000E+00  0.00000000E+00  2.79611375E-03  0.00000000E+00  0.00000000E+00  0.00000000E+00  0.00000000E+00  0.00000000E+00  6.75523335E-02  0.00000000E+00  0.00000000E+00 -8.66949232E-02
    0.857000      1   0.00000000E+00  0.00000000E+00  2.74863932E-03  0.00000000E+00  0.00000000E+00  0.00000000E+00  0.00000000E+00  0.00000000E+00  6.74656571E-02  0.00000000E+00  0.00000000E+00 -8.66764421E-02
    0.858000      1   0.00000000E+00  0.00000000E+00  2.69771559E-03  0.00000000E+00  0.00000000E+00  0.00000000E+00  0.00000000E+00  0.00000000E+00  6.73790011E-02  0.00000000E+00  0.00000000E+00 -8.66560010E-02
    0.859000      1   0.00000000E+00  0.00000000E+00  2.67292450E-03  0.00000000E+00  0.00000000E+00  0.00000000E+00  0.00000000E+00  0.00000000E+00  6.72923409E-02  0.00000000E+00  0.00000000E+00 -8.66601566E-02
    0.860000      1   0.00000000E+00  0.00000000E+00  2.69185064E-03  0.00000000E+00  0.00000000E+00  0.00000000E+00  0.00000000E+00  0.00000000E+00  6.72056555E-02  0.00000000E+00  0.00000000E+00 -8.66854203E-02
    0.861000      1   0.00000000E+00  0.00000000E+00  2.71939229E-03  0.00000000E+00  0.00000000E+00  0.00000000E+00  0.00000000E+00  0.00000000E+00  6.71189400E-02  0.00000000E+00  0.00000000E+00 -8.67154789E-02
    0.862000      1   0.00000000E+00  0.00000000E+00  2.79169308E-03  0.00000000E+00  0.00000000E+00  0.00000000E+00  0.00000000E+00  0.00000000E+00  6.70322056E-02  0.00000000E+00  0.00000000E+00 -8.67344515E-02
    0.863000      1   0.00000000E+00  0.00000000E+00  2.77258403E-03  0.00000000E+00  0.00000000E+00  0.00000000E+00  0.00000000E+00  0.00000000E+00  6.69454740E-02  0.00000000E+00  0.00000000E+00 -8.67315934E-02
    0.864000      1   0.00000000E+00  0.00000000E+00  2.73472978E-03  0.00000000E+00  0.00000000E+00  0.00000000E+00  0.00000000E+00  0.00000000E+00  6.68587656E-02  0.00000000E+00  0.00000000E+00 -8.67083698E-02
    0.865000      1   0.00000000E+00  0.00000000E+00  2.66789784E-03  0.00000000E+00  0.00000000E+00  0.00000000E+00  0.00000000E+00  0.00000000E+00  6.67720675E-02  0.00000000E+00  0.00000000E+00 -8.66981160E-02
    0.866000      1   0.00000000E+00  0.00000000E+00  2.68639196E-03  0.00000000E+00  0.00000000E+00  0.00000000E+00  0.00000000E+00  0.00000000E+00  6.66853554E-02  0.00000000E+00  0.00000000E+00 -8.67121127E-02
    0.867000      1   0.00000000E+00  0.00000000E+00  2.72715113E-03  0.00000000E+00  0.00000000E+00  0.00000000E+00  0.00000000E+00  0.00000000E+00  6.65986106E-02  0.00000000E+00  0.00000000E+00 -8.67447874E-02
    0.868000      1   0.00000000E+00  0.00000000E+00  2.75972987E-03  0.00000000E+00  0.00000000E+00  0.00000000E+00  0.00000000E+00  0.00000000E+00  6.65118464E-02  0.00000000E+00  0.00000000E+00 -8.67641806E-02
    0.869000      1   0.00000000E+00  0.00000000E+00  2.77342669E-03  0.00000000E+00  0.00000000E+00  0.00000000E+00  0.00000000E+00  0.00000000E+00  6.64250820E-02  0.00000000E+00  0.00000000E+00 -8.67644267E-02
    0.870000      1   0.00000000E+00  0.00000000E+00  2.78396849E-03  0.00000000E+00  0.00000000E+00  0.00000000E+00  0.00000000E+00  0.00000000E+00  6.63383305E-02  0.00000000E+00  0.00000000E+00 -8.67515513E-02
    0.871000      1   0.00000000E+00  0.00000000E+00  2.69017042E-03  0.00000000E+00  0.00000000E+00  0.00000000E+00  0.00000000E+00  0.00000000E+00  6.62515981E-02  0.00000000E+00  0.00000000E+00 -8.67323135E-02
    0.872000      1   0.00000000E+00  0.00000000E+00  2.67114534E-03  0.00000000E+00  0.00000000E+00  0.00000000E+00  0.00000000E+00  0.00000000E+00  6.61648719E-02  0.00000000E+00  0.00000000E+00 -8.67262007E-02
    0.873000      1   0.00000000E+00  0.00000000E+00  2.68260798E-03  0.00000000E+00  0.00000000E+00  0.00000000E+00  0.00000000E+00  0.00000000E+00  6.60781177E-02  0.00000000E+00  0.00000000E+00 -8.67542570E-02
    0.874000      1   0.00000000E+00  0.00000000E+00  2.74162256E-03  0.00000000E+00  0.00000000E+00  0.00000000E+00  0.00000000E+00  0.00000000E+00  6.59913311E-02  0.00000000E+00  0.00000000E+00 -8.67865344E-02
    0.875000      1   0.00000000E+00  0.00000000E+00  2.81283745E-03  0.00000000E+00  0.00000000E+00  0.00000000E+00  0.00000000E+00  0.00000000E+00  6.59045265E-02  0.00000000E+00  0.00000000E+00 -8.68046112E-02
    0.876000      1   0.00000000E+00  0.00000000E+00  2.76604709E-03  0.00000000E+00  0.00000000E+00  0.00000000E+00  0.00000000E+00  0.00000000E+00  6.58177358E-02  0.00000000E+00  0.00000000E+00 -8.67907132E-02
    0.877000      1   0.00000000E+00  0.00000000E+00  2.70624427E-03  0.00000000E+00  0.00000000E+00  0.00000000E+00  0.00000000E+00  0.00000000E+00  6.57309741E-02  0.00000000E+00  0.00000000E+00 -8.67617014E-02
    0.878000      1   0.00000000E+00  0.00000000E+00  2.64666208E-03  0.00000000E+00  0.00000000E+00  0.00000000E+00  0.00000000E+00  0.00000000E+00  6.56442155E-02  0.00000000E+00  0.00000000E+00 -8.67586319E-02
    0.879000      1   0.00000000E+00  0.00000000E+00  2.70239784E-03  0.00000000E+00  0.00000000E+00  0.00000000E+00  0.00000000E+00  0.00000000E+00  6.55574298E-02  0.00000000E+00  0.00000000E+00 -8.67857388E-02
    0.880000      1   0.00000000E+00  0.00000000E+00  2.72786725E-03  0.00000000E+00  0.00000000E+00  0.00000000E+00  0.00000000E+00  0.00000000E+00  6.54706072E-02  0.00000000E+00  0.00000000E+00 -8.68225573E-02
    0.881000      1   0.00000000E+00  0.00000000E+00  2.76886617E-03  0.00000000E+00  0.00000000E+00  0.00000000E+00  0.00000000E+00  0.00000000E+00  6.53837706E-02  0.00000000E+00  0.00000000E+00 -8.68365673E-02
    0.882000      1   0.00000000E+00  0.00000000E+00  2.78616022E-03  0.00000000E+00  0.00000000E+00  0.00000000E+00  0.00000000E+00  0.00000000E+00  6.52969357E-02  0.00000000E+00  0.00000000E+00 -8.68349625E-02
    0.883000      1   0.00000000E+00  0.00000000E+00  2.75110697E-03  0.00000000E+00  0.00000000E+00  0.00000000E+00  0.00000000E+00  0.00000000E+00  6.52101188E-02  0.00000000E+00  0.00000000E+00 -8.68168348E-02
    0.884000      1   0.00000000E+00  0.00000000E+00  2.68040462E-03  0.00000000E+00  0.00000000E+00  0.00000000E+00  0.00000000E+00  0.00000000E+00  6.51233196E-02  0.00000000E+00  0.00000000E+00 -8.67992263E-02
    0.885000      1   0.00000000E+00  0.00000000E+00  2.67173863E-03  0.00000000E+00  0.00000000E+00  0.00000000E+00  0.00000000E+00  0.00000000E+00  6.50365140E-02  0.00000000E+00  0.00000000E+00 -8.68056328E-02
    0.886000      1   0.00000000E+00  0.00000000E+00  2.70782953E-03  0.00000000E+00  0.00000000E+00  0.00000000E+00  0.00000000E+00  0.00000000E+00  6.49496772E-02  0.00000000E+00  0.00000000E+00 -8.68367914E-02
    0.887000      1   0.00000000E+00  0.00000000E+00  2.77813869E-03  0.00000000E+00  0.00000000E+00  0.00000000E+00  0.00000000E+00  0.00000000E+00  6.48628128E-02  0.00000000E+00  0.00000000E+00 -8.68644137E-02
    0.888000      1   0.00000000E+00  0.00000000E+00  2.80815305E-03  0.00000000E+00  0.00000000E+00  0.00000000E+00  0.00000000E+00  0.00000000E+00  6.47759450E-02  0.00000000E+00  0.00000000E+00 -8.68677499E-02
    0.889000      1   0.00000000E+00  0.00000000E+00  2.74207344E-03  0.00000000E+00  0.00000000E+00  0.00000000E+00  0.00000000E+00  0.00000000E+00  6.46891023E-02  0.00000000E+00  0.00000000E+00 -8.68426879E-02
    0.890000      1   0.00000000E+00  0.00000000E+00  2.70167519E-03  0.00000000E+00  0.00000000E+00  0.00000000E+00  0.00000000E+00  0.00000000E+00  6.46022829E-02  0.00000000E+00  0.00000000E+00 -8.68194540E-02
    0.891000      1   0.00000000E+00  0.00000000E+00  2.69004837E-03  0.00000000E+00  0.00000000E+00  0.00000000E+00  0.00000000E+00  0.00000000E+00  6.45154578E-02  0.00000000E+00  0.00000000E+00 -8.68250657E-02
    0.892000      1   0.00000000E+00  0.00000000E+00  2.70226568E-03  0.00000000E+00  0.00000000E+00  0.00000000E+00  0.00000000E+00  0.00000000E+00  6.44286118E-02  0.00000000E+00  0.00000000E+00 -8.68460009E-02
    0.893000      1   0.00000000E+00  0.00000000E+00  2.71307557E-03  0.00000000E+00  0.00000000E+00  0.00000000E+00  0.00000000E+00  0.00000000E+00  6.43417432E-02  0.00000000E+00  0.00000000E+00 -8.68685940E-02
    0.894000      1   0.00000000E+00  0.00000000E+00  2.77977989E-03  0.00000000E+00  0.00000000E+00  0.00000000E+00  0.00000000E+00  0.00000000E+00  6.42548579E-02  0.00000000E+00  0.00000000E+00 -8.68852631E-02
    0.895000      1   0.00000000E+00  0.00000000E+00  2.77810010E-03  0.00000000E+00  0.00000000E+00  0.00000000E+00  0.00000000E+00  0.00000000E+00  6.41679714E-02  0.00000000E+00  0.00000000E+00 -8.68865862E-02
    0.896000      1   0.00000000E+00  0.00000000E+00  2.73251964E-03  0.00000000E+00  0.00000000E+00  0.00000000E+00  0.00000000E+00  0.00000000E+00  6.40811051E-02  0.00000000E+00  0.00000000E+00 -8.68662997E-02
    0.897000      1   0.00000000E+00  0.00000000E+00  2.66140780E-03  0.00000000E+00  0.00000000E+00  0.00000000E+00  0.00000000E+00  0.00000000E+00  6.39942504E-02  0.00000000E+00  0.00000000E+00 -8.68546252E-02
    0.898000      1   0.00000000E+00  0.00000000E+00  2.67816430E-03  0.00000000E+00  0.00000000E+00  0.00000000E+00  0.00000000E+00  0.00000000E+00  6.39073799E-02  0.00000000E+00  0.00000000E+00 -8.68704953E-02
    0.899000      1   0.00000000E+00  0.00000000E+00  2.71945723E-03  0.00000000E+00  0.00000000E+00  0.00000000E+00  0.00000000E+00  0.00000000E+00  6.38204732E-02  0.00000000E+00  0.00000000E+00 -8.69067565E-02
    0.900000      1   0.00000000E+00  0.00000000E+00  2.79675507E-03  0.00000000E+00  0.00000000E+00  0.00000000E+00  0.00000000E+00  0.00000000E+00  6.37335430E-02  0.00000000E+00  0.00000000E+00 -8.69302124E-02
    0.901000      1   0.00000000E+00  0.00000000E+00  2.78604623E-03  0.00000000E+00  0.00000000E+00  0.00000000E+00  0.00000000E+00  0.00000000E+00  6.36466165E-02  0.00000000E+00  0.00000000E+00 -8.69264377E-02
    0.902000      1   0.00000000E+00  0.00000000E+00  2.76706923E-03  0.00000000E+00  0.00000000E+00  0.00000000E+00  0.00000000E+00  0.00000000E+00  6.35597174E-02  0.00000000E+00  0.00000000E+00 -8.68991711E-02
    0.903000      1   0.00000000E+00  0.00000000E+00  2.68998394E-03  0.00000000E+00  0.00000000E+00  0.00000000E+00  0.00000000E+00  0.00000000E+00  6.34728386E-02  0.00000000E+00  0.00000000E+00 -8.68787773E-02
    0.904000      1   0.00000000E+00  0.00000000E+00  2.67996040E-03  0.00000000E+00  0.00000000E+00  0.00000000E+00  0.00000000E+00  0.00000000E+00  6.33859603E-02  0.00000000E+00  0.00000000E+00 -8.68782475E-02
    0.905000      1   0.00000000E+00  0.00000000E+00  2.70608158E-03  0.00000000E+00  0.00000000E+00  0.00000000E+00  0.00000000E+00  0.00000000E+00  6.32990555E-02  0.00000000E+00  0.00000000E+00 -8.69048062E-02
    0.906000      1   0.00000000E+00  0.00000000E+00  2.73857866E-03  0.00000000E+00  0.00000000E+00  0.00000000E+00  0.00000000E+00  0.00000000E+00  6.32121255E-02  0.00000000E+00  0.00000000E+00 -8.69300375E-02
    0.907000      1   0.00000000E+00  0.00000000E+00  2.78976725E-03  0.00000000E+00  0.00000000E+00  0.00000000E+00  0.00000000E+00  0.00000000E+00  6.31251846E-02  0.00000000E+00  0.00000000E+00 -8.69409435E-02
    0.908000      1   0.00000000E+00  0.00000000E+00  2.76736587E-03  0.00000000E+00  0.00000000E+00  0.00000000E+00  0.00000000E+00  0.00000000E+00  6.30382524E-02  0.00000000E+00  0.00000000E+00 -8.69321248E-02
    0.909000      1   0.00000000E+00  0.00000000E+00  2.71211801E-03  0.00000000E+00  0.00000000E+00  0.00000000E+00  0.00000000E+00  0.00000000E+00  6.29513420E-02  0.00000000E+00  0.00000000E+00 -8.69104565E-02
    0.910000      1   0.00000000E+00  0.00000000E+00  2.65565139E-03  0.00000000E+00  0.00000000E+00  0.00000000E+00  0.00000000E+00  0.00000000E+00  6.28644361E-02  0.00000000E+00  0.00000000E+00 -8.69059151E-02
    0.911000      1   0.00000000E+00  0.00000000E+00  2.68141816E-03  0.00000000E+00  0.00000000E+00  0.00000000E+00  0.00000000E+00  0.00000000E+00  6.27775066E-02  0.00000000E+00  0.00000000E+00 -8.69295034E-02
    0.912000      1   0.00000000E+00  0.00000000E+00  2.71274131E-03  0.00000000E+00  0.00000000E+00  0.00000000E+00  0.00000000E+00  0.00000000E+00  6.26905395E-02  0.00000000E+00  0.00000000E+00 -8.69670796E-02
    0.913000      1   0.00000000E+00  0.00000000E+00  2.79242953E-03  0.00000000E+00  0.00000000E+00  0.00000000E+00  0.00000000E+00  0.00000000E+00  6.26035488E-02  0.00000000E+00  0.00000000E+00 -8.69906545E-02
    0.914000      1   0.00000000E+00  0.00000000E+00  2.79625700E-03  0.00000000E+00  0.00000000E+00  0.00000000E+00  0.00000000E+00  0.00000000E+00  6.25165590E-02  0.00000000E+00  0.00000000E+00 -8.69898504E-02
    0.915000      1   0.00000000E+00  0.00000000E+00  2.74634172E-03  0.00000000E+00  0.00000000E+00  0.00000000E+00  0.00000000E+00  0.00000000E+00  6.24295968E-02  0.00000000E+00  0.00000000E+00 -8.69621987E-02
    0.916000      1   0.00000000E+00  0.00000000E+00  2.67648040E-03  0.00000000E+00  0.00000000E+00  0.00000000E+00  0.00000000E+00  0.00000000E+00  6.23426547E-02  0.00000000E+00  0.00000000E+00 -8.69421169E-02
    0.917000      1   0.00000000E+00  0.00000000E+00  2.68102287E-03  0.00000000E+00  0.00000000E+00  0.00000000E+00  0.00000000E+00  0.00000000E+00  6.22557039E-02  0.00000000E+00  0.00000000E+00 -8.69507823E-02
    0.918000      1   0.00000000E+00  0.00000000E+00  2.73853076E-03  0.00000000E+00  0.00000000E+00  0.00000000E+00  0.00000000E+00  0.00000000E+00  6.21687223E-02  0.00000000E+00  0.00000000E+00 -8.69815879E-02
    0.919000      1   0.00000000E+00  0.00000000E+00  2.76563596E-03  0.00000000E+00  0.00000000E+00  0.00000000E+00  0.00000000E+00  0.00000000E+00  6.20817216E-02  0.00000000E+00  0.00000000E+00 -8.70007320E-02
    0.920000      1   0.00000000E+00  0.00000000E+00  2.79170819E-03  0.00000000E+00  0.00000000E+00  0.00000000E+00  0.00000000E+00  0.00000000E+00  6.19947254E-02  0.00000000E+00  0.00000000E+00 -8.69961964E-02
    0.921000      1   0.00000000E+00  0.00000000E+00  2.75632699E-03  0.00000000E+00  0.00000000E+00  0.00000000E+00  0.00000000E+00  0.00000000E+00  6.19077472E-02  0.00000000E+00  0.00000000E+00 -8.69781485E-02
    0.922000      1   0.00000000E+00  0.00000000E+00  2.68449896E-03  0.00000000E+00  0.00000000E+00  0.00000000E+00  0.00000000E+00  0.00000000E+00  6.18207894E-02  0.00000000E+00  0.00000000E+00 -8.69577948E-02
    0.923000      1   0.00000000E+00  0.00000000E+00  2.67565210E-03  0.00000000E+00  0.00000000E+00  0.00000000E+00  0.00000000E+00  0.00000000E+00  6.17338276E-02  0.00000000E+00  0.00000000E+00 -8.69617629E-02
    0.924000      1   0.00000000E+00  0.00000000E+00  2.69967209E-03  0.00000000E+00  0.00000000E+00  0.00000000E+00  0.00000000E+00  0.00000000E+00  6.16468368E-02  0.00000000E+00  0.00000000E+00 -8.69908848E-02
    0.925000      1   0.00000000E+00  0.00000000E+00  2.74099228E-03  0.00000000E+00  0.00000000E+00  0.00000000E+00  0.00000000E+00  0.00000000E+00  6.15598181E-02  0.00000000E+00  0.00000000E+00 -8.70186645E-02
    0.926000      1   0.00000000E+00  0.00000000E+00  2.78327875E-03  0.00000000E+00  0.00000000E+00  0.00000000E+00  0.00000000E+00  0.00000000E+00  6.14727869E-02  0.00000000E+00  0.00000000E+00 -8.70312487E-02
    0.927000      1   0.00000000E+00  0.00000000E+00  2.76536549E-03  0.00000000E+00  0.00000000E+00  0.00000000E+00  0.00000000E+00  0.00000000E+00  6.13857641E-02  0.00000000E+00  0.00000000E+00 -8.70227847E-02
    0.928000      1   0.00000000E+00  0.00000000E+00  2.74286270E-03  0.00000000E+00  0.00000000E+00  0.00000000E+00  0.00000000E+00  0.00000000E+00  6.12987605E-02  0.00000000E+00  0.00000000E+00 -8.70036011E-02
    0.929000      1   0.00000000E+00  0.00000000E+00  2.66680881E-03  0.00000000E+00  0.00000000E+00  0.00000000E+00  0.00000000E+00  0.00000000E+00  6.12117662E-02  0.00000000E+00  0.00000000E+00 -8.69942798E-02
    0.930000      1   0.00000000E+00  0.00000000E+00  2.68955852E-03  0.00000000E+00  0.00000000E+00  0.00000000E+00  0.00000000E+00  0.00000000E+00  6.11247604E-02  0.00000000E+00  0.00000000E+00 -8.70057980E-02
    0.931000      1   0.00000000E+00  0.00000000E+00  2.73113076E-03  0.00000000E+00  0.00000000E+00  0.00000000E+00  0.00000000E+00  0.00000000E+00  6.10377221E-02  0.00000000E+00  0.00000000E+00 -8.70382704E-02
    0.932000      1   0.00000000E+00  0.00000000E+00  2.77106619E-03  0.00000000E+00  0.00000000E+00  0.00000000E+00  0.00000000E+00  0.00000000E+00  6.09506662E-02  0.00000000E+00  0.00000000E+00 -8.70559199E-02
    0.933000      1   0.00000000E+00  0.00000000E+00  2.76576340E-03  0.00000000E+00  0.00000000E+00  0.00000000E+00  0.00000000E+00  0.00000000E+00  6.08636133E-02  0.00000000E+00  0.00000000E+00 -8.70528544E-02
    0.934000      1   0.00000000E+00  0.00000000E+00  2.77757561E-03  0.00000000E+00  0.00000000E+00  0.00000000E+00  0.00000000E+00  0.00000000E+00  6.07765757E-02  0.00000000E+00  0.00000000E+00 -8.70376111E-02
    0.935000      1   0.00000000E+00  0.00000000E+00  2.68995447E-03  0.00000000E+00  0.00000000E+00  0.00000000E+00  0.00000000E+00  0.00000000E+00  6.06895537E-02  0.00000000E+00  0.00000000E+00 -8.70220205E-02
    0.936000      1   0.00000000E+00  0.00000000E+00  2.67307079E-03  0.00000000E+00  0.00000000E+00  0.00000000E+00  0.00000000E+00  0.00000000E+00  6.06025357E-02  0.00000000E+00  0.00000000E+00 -8.70180455E-02
    0.937000      1   0.00000000E+00  0.00000000E+00  2.69483531E-03  0.00000000E+00  0.00000000E+00  0.00000000E+00  0.00000000E+00  0.00000000E+00  6.05154898E-02  0.00000000E+00  0.00000000E+00 -8.70458322E-02
    0.938000      1   0.00000000E+00  0.00000000E+00  2.76477393E-03  0.00000000E+00  0.00000000E+00  0.00000000E+00  0.00000000E+00  0.00000000E+00  6.04284145E-02  0.00000000E+00  0.00000000E+00 -8.70753150E-02
    0.939000      1   0.00000000E+00  0.00000000E+00  2.82613125E-03  0.00000000E+00  0.00000000E+00  0.00000000E+00  0.00000000E+00  0.00000000E+00  6.03413292E-02  0.00000000E+00  0.00000000E+00 -8.70852821E-02
    0.940000      1   0.00000000E+00  0.00000000E+00  2.75656270E-03  0.00000000E+00  0.00000000E+00  0.00000000E+00  0.00000000E+00  0.00000000E+00  6.02542678E-02  0.00000000E+00  0.00000000E+00 -8.70614299E-02
    0.941000      1   0.00000000E+00  0.00000000E+00  2.70147436E-03  0.00000000E+00  0.00000000E+00  0.00000000E+00  0.00000000E+00  0.00000000E+00  6.01672381E-02  0.00000000E+00  0.00000000E+00 -8.70297295E-02
    0.942000      1   0.00000000E+00  0.00000000E+00  2.67972637E-03  0.00000000E+00  0.00000000E+00  0.00000000E+00  0.00000000E+00  0.00000000E+00  6.00802075E-02  0.00000000E+00  0.00000000E+00 -8.70306183E-02
    0.943000      1   0.00000000E+00  0.00000000E+00  2.70001094E-03  0.00000000E+00  0.00000000E+00  0.00000000E+00  0.00000000E+00  0.00000000E+00  5.99931540E-02  0.00000000E+00  0.00000000E+00 -8.70534447E-02
    0.944000      1   0.00000000E+00  0.00000000E+00  2.71373501E-03  0.00000000E+00  0.00000000E+00  0.00000000E+00  0.00000000E+00  0.00000000E+00  5.99060742E-02  0.00000000E+00  0.00000000E+00 -8.70798264E-02
    0.945000      1   0.00000000E+00  0.00000000E+00  2.76423579E-03  0.00000000E+00  0.00000000E+00  0.00000000E+00  0.00000000E+00  0.00000000E+00  5.98189771E-02  0.00000000E+00  0.00000000E+00 -8.70971194E-02
    0.946000      1   0.00000000E+00  0.00000000E+00  2.79701958E-03  0.00000000E+00  0.00000000E+00  0.00000000E+00  0.00000000E+00  0.00000000E+00  5.97318761E-02  0.00000000E+00  0.00000000E+00 -8.71009748E-02
    0.947000      1   0.00000000E+00  0.00000000E+00  2.74574691E-03  0.00000000E+00  0.00000000E+00  0.00000000E+00  0.00000000E+00  0.00000000E+00  5.96447936E-02  0.00000000E+00  0.00000000E+00 -8.70824474E-02
    0.948000      1   0.00000000E+00  0.00000000E+00  2.67503578E-03  0.00000000E+00  0.00000000E+00  0.00000000E+00  0.00000000E+00  0.00000000E+00  5.95577314E-02  0.00000000E+00  0.00000000E+00 -8.70622204E-02
    0.949000      1   0.00000000E+00  0.00000000E+00  2.66607056E-03  0.00000000E+00  0.00000000E+00  0.00000000E+00  0.00000000E+00  0.00000000E+00  5.94706601E-02  0.00000000E+00  0.00000000E+00 -8.70713366E-02
    0.950000      1   0.00000000E+00  0.00000000E+00  2.72043171E-03  0.00000000E+00  0.00000000E+00  0.00000000E+00  0.00000000E+00  0.00000000E+00  5.93835548E-02  0.00000000E+00  0.00000000E+00 -8.71052607E-02
    0.951000      1   0.00000000E+00  0.00000000E+00  2.78307287E-03  0.00000000E+00  0.00000000E+00  0.00000000E+00  0.00000000E+00  0.00000000E+00  5.92964223E-02  0.00000000E+00  0.00000000E+00 -8.71325160E-02
    0.952000      1   0.00000000E+00  0.00000000E+00  2.80971095E-03  0.00000000E+00  0.00000000E+00  0.00000000E+00  0.00000000E+00  0.00000000E+00  5.92092915E-02  0.00000000E+00  0.00000000E+00 -8.71308409E-02
    0.953000      1   0.00000000E+00  0.00000000E+00  2.74950454E-03  0.00000000E+00  0.00000000E+00  0.00000000E+00  0.00000000E+00  0.00000000E+00  5.91221876E-02  0.00000000E+00  0.00000000E+00 -8.71038829E-02
    0.954000      1   0.00000000E+00  0.00000000E+00  2.68974277E-03  0.00000000E+00  0.00000000E+00  0.00000000E+00  0.00000000E+00  0.00000000E+00  5.90351088E-02  0.00000000E+00  0.00000000E+00 -8.70788233E-02
    0.955000      1   0.00000000E+00  0.00000000E+00  2.68963933E-03  0.00000000E+00  0.00000000E+00  0.00000000E+00  0.00000000E+00  0.00000000E+00  5.89480247E-02  0.00000000E+00  0.00000000E+00 -8.70841047E-02
    0.956000      1   0.00000000E+00  0.00000000E+00  2.71134518E-03  0.00000000E+00  0.00000000E+00  0.00000000E+00  0.00000000E+00  0.00000000E+00  5.88609156E-02  0.00000000E+00  0.00000000E+00 -8.71090310E-02
    0.957000      1   0.00000000E+00  0.00000000E+00  2.73613809E-03  0.00000000E+00  0.00000000E+00  0.00000000E+00  0.00000000E+00  0.00000000E+00  5.87737855E-02  0.00000000E+00  0.00000000E+00 -8.71301528E-02
    0.958000      1   0.00000000E+00  0.00000000E+00  2.79425429E-03  0.00000000E+00  0.00000000E+00  0.00000000E+00  0.00000000E+00  0.00000000E+00  5.86866457E-02  0.00000000E+00  0.00000000E+00 -8.71397617E-02
    0.959000      1   0.00000000E+00  0.00000000E+00  2.76759783E-03  0.00000000E+00  0.00000000E+00  0.00000000E+00  0.00000000E+00  0.00000000E+00  5.85995148E-02  0.00000000E+00  0.00000000E+00 -8.71309511E-02
    0.960000      1   0.00000000E+00  0.00000000E+00  2.71616938E-03  0.00000000E+00  0.00000000E+00  0.00000000E+00  0.00000000E+00  0.00000000E+00  5.85124070E-02  0.00000000E+00  0.00000000E+00 -8.71077681E-02
    0.961000      1   0.00000000E+00  0.00000000E+00  2.65228140E-03  0.00000000E+00  0.00000000E+00  0.00000000E+00  0.00000000E+00  0.00000000E+00  5.84253046E-02  0.00000000E+00  0.00000000E+00 -8.71024341E-02
    0.962000      1   0.00000000E+00  0.00000000E+00  2.69623908E-03  0.00000000E+00  0.00000000E+00  0.00000000E+00  0.00000000E+00  0.00000000E+00  5.83381793E-02  0.00000000E+00  0.00000000E+00 -8.71252878E-02
    0.963000      1   0.00000000E+00  0.00000000E+00  2.72712771E-03  0.00000000E+00  0.00000000E+00  0.00000000E+00  0.00000000E+00  0.00000000E+00  5.82510179E-02  0.00000000E+00  0.00000000E+00 -8.71613499E-02
    0.964000      1   0.00000000E+00  0.00000000E+00  2.79345850E-03  0.00000000E+00  0.00000000E+00  0.00000000E+00  0.00000000E+00  0.00000000E+00  5.81638404E-02  0.00000000E+00  0.00000000E+00 -8.71775133E-02
    0.965000      1   0.00000000E+00  0.00000000E+00  2.79515085E-03  0.00000000E+00  0.00000000E+00  0.00000000E+00  0.00000000E+00  0.00000000E+00  5.80766686E-02  0.00000000E+00  0.00000000E+00 -8.71718026E-02
    0.966000      1   0.00000000E+00  0.00000000E+00  2.75715454E-03  0.00000000E+00  0.00000000E+00  0.00000000E+00  0.00000000E+00  0.00000000E+00  5.79895246E-02  0.00000000E+00  0.00000000E+00 -8.71440085E-02
    0.967000      1   0.00000000E+00  0.00000000E+00  2.68442275E-03  0.00000000E+00  0.00000000E+00  0.00000000E+00  0.00000000E+00  0.00000000E+00  5.79024022E-02  0.00000000E+00  0.00000000E+00 -8.71223779E-02
    0.968000      1   0.00000000E+00  0.00000000E+00  2.67730411E-03  0.00000000E+00  0.00000000E+00  0.00000000E+00  0.00000000E+00  0.00000000E+00  5.78152761E-02  0.00000000E+00  0.00000000E+00 -8.71260876E-02
    0.969000      1   0.00000000E+00  0.00000000E+00  2.72410264E-03  0.00000000E+00  0.00000000E+00  0.00000000E+00  0.00000000E+00  0.00000000E+00  5.77281212E-02  0.00000000E+00  0.00000000E+00 -8.71549424E-02
    0.970000      1   0.00000000E+00  0.00000000E+00  2.77142661E-03  0.00000000E+00  0.00000000E+00  0.00000000E+00  0.00000000E+00  0.00000000E+00  5.76409433E-02  0.00000000E+00  0.00000000E+00 -8.71778593E-02
    0.971000      1   0.00000000E+00  0.00000000E+00  2.79831917E-03  0.00000000E+00  0.00000000E+00  0.00000000E+00  0.00000000E+00  0.00000000E+00  5.75537663E-02  0.00000000E+00  0.00000000E+00 -8.71770381E-02
    0.972000      1   0.00000000E+00  0.00000000E+00  2.75724157E-03  0.00000000E+00  0.00000000E+00  0.00000000E+00  0.00000000E+00  0.00000000E+00  5.74666104E-02  0.00000000E+00  0.00000000E+00 -8.71559194E-02
    0.973000      1   0.00000000E+00  0.00000000E+00  2.70353476E-03  0.00000000E+00  0.00000000E+00  0.00000000E+00  0.00000000E+00  0.00000000E+00  5.73794771E-02  0.00000000E+00  0.00000000E+00 -8.71332329E-02
    0.974000      1   0.00000000E+00  0.00000000E+00  2.67559106E-03  0.00000000E+00  0.00000000E+00  0.00000000E+00  0.00000000E+00  0.00000000E+00  5.72923436E-02  0.00000000E+00  0.00000000E+00 -8.71335343E-02
    0.975000      1   0.00000000E+00  0.00000000E+00  2.69435732E-03  0.00000000E+00  0.00000000E+00  0.00000000E+00  0.00000000E+00  0.00000000E+00  5.72051872E-02  0.00000000E+00  0.00000000E+00 -8.71564154E-02
    0.976000      1   0.00000000E+00  0.00000000E+00  2.72330564E-03  0.00000000E+00  0.00000000E+00  0.00000000E+00  0.00000000E+00  0.00000000E+00  5.71180020E-02  0.00000000E+00  0.00000000E+00 -8.71851550E-02
    0.977000      1   0.00000000E+00  0.00000000E+00  2.79554668E-03  0.00000000E+00  0.00000000E+00  0.00000000E+00  0.00000000E+00  0.00000000E+00  5.70307994E-02  0.00000000E+00  0.00000000E+00 -8.72026123E-02
    0.978000      1   0.00000000E+00  0.00000000E+00  2.77680015E-03  0.00000000E+00  0.00000000E+00  0.00000000E+00  0.00000000E+00  0.00000000E+00  5.69436016E-02  0.00000000E+00  0.00000000E+00 -8.71977875E-02
    0.979000      1   0.00000000E+00  0.00000000E+00  2.75011130E-03  0.00000000E+00  0.00000000E+00  0.00000000E+00  0.00000000E+00  0.00000000E+00  5.68564291E-02  0.00000000E+00  0.00000000E+00 -8.71725527E-02
    0.980000      1   0.00000000E+00  0.00000000E+00  2.66602806E-03  0.00000000E+00  0.00000000E+00  0.00000000E+00  0.00000000E+00  0.00000000E+00  5.67692709E-02  0.00000000E+00  0.00000000E+00 -8.71581943E-02
    0.981000      1   0.00000000E+00  0.00000000E+00  2.68819003E-03  0.00000000E+00  0.00000000E+00  0.00000000E+00  0.00000000E+00  0.00000000E+00  5.66821034E-02  0.00000000E+00  0.00000000E+00 -8.71674700E-02
    0.982000      1   0.00000000E+00  0.00000000E+00  2.73023436E-03  0.00000000E+00  0.00000000E+00  0.00000000E+00  0.00000000E+00  0.00000000E+00  5.65949030E-02  0.00000000E+00  0.00000000E+00 -8.72004409E-02
    0.983000      1   0.00000000E+00  0.00000000E+00  2.77268230E-03  0.00000000E+00  0.00000000E+00  0.00000000E+00  0.00000000E+00  0.00000000E+00  5.65076843E-02  0.00000000E+00  0.00000000E+00 -8.72186983E-02
    0.984000      1   0.00000000E+00  0.00000000E+00  2.76999075E-03  0.00000000E+00  0.00000000E+00  0.00000000E+00  0.00000000E+00  0.00000000E+00  5.64204686E-02  0.00000000E+00  0.00000000E+00 -8.72156413E-02
    0.985000      1   0.00000000E+00  0.00000000E+00  2.78016241E-03  0.00000000E+00  0.00000000E+00  0.00000000E+00  0.00000000E+00  0.00000000E+00  5.63332695E-02  0.00000000E+00  0.00000000E+00 -8.71991198E-02
    0.986000      1   0.00000000E+00  0.00000000E+00  2.69157400E-03  0.00000000E+00  0.00000000E+00  0.00000000E+00  0.00000000E+00  0.00000000E+00  5.62460878E-02  0.00000000E+00  0.00000000E+00 -8.71816834E-02
    0.987000      1   0.00000000E+00  0.00000000E+00  2.67339356E-03  0.00000000E+00  0.00000000E+00  0.00000000E+00  0.00000000E+00  0.00000000E+00  5.61589113E-02  0.00000000E+00  0.00000000E+00 -8.71765724E-02
    0.988000      1   0.00000000E+00  0.00000000E+00  2.69595739E-03  0.00000000E+00  0.00000000E+00  0.00000000E+00  0.00000000E+00  0.00000000E+00  5.60717075E-02  0.00000000E+00  0.00000000E+00 -8.72037702E-02
    0.989000      1   0.00000000E+00  0.00000000E+00  2.76127536E-03  0.00000000E+00  0.00000000E+00  0.00000000E+00  0.00000000E+00  0.00000000E+00  5.59844745E-02  0.00000000E+00  0.00000000E+00 -8.72329485E-02
    0.990000      1   0.00000000E+00  0.00000000E+00  2.83037881E-03  0.00000000E+00  0.00000000E+00  0.00000000E+00  0.00000000E+00  0.00000000E+00  5.58972314E-02  0.00000000E+00  0.00000000E+00 -8.72431658E-02
    0.991000      1   0.00000000E+00  0.00000000E+00  2.76077382E-03  0.00000000E+00  0.00000000E+00  0.00000000E+00  0.00000000E+00  0.00000000E+00  5.58100117E-02  0.00000000E+00  0.00000000E+00 -8.72197115E-02
    0.992000      1   0.00000000E+00  0.00000000E+00  2.70383654E-03  0.00000000E+00  0.00000000E+00  0.00000000E+00  0.00000000E+00  0.00000000E+00  5.57228258E-02  0.00000000E+00  0.00000000E+00 -8.71858715E-02
    0.993000      1   0.00000000E+00  0.00000000E+00  2.68092093E-03  0.00000000E+00  0.00000000E+00  0.00000000E+00  0.00000000E+00  0.00000000E+00  5.56356408E-02  0.00000000E+00  0.00000000E+00 -8.71849595E-02
    0.994000      1   0.00000000E+00  0.00000000E+00  2.70266567E-03  0.00000000E+00  0.00000000E+00  0.00000000E+00  0.00000000E+00  0.00000000E+00  5.55484340E-02  0.00000000E+00  0.00000000E+00 -8.72067989E-02
    0.995000      1   0.00000000E+00  0.00000000E+00  2.71187317E-03  0.00000000E+00  0.00000000E+00  0.00000000E+00  0.00000000E+00  0.00000000E+00  5.54612017E-02  0.00000000E+00  0.00000000E+00 -8.72323189E-02
    0.996000      1   0.00000000E+00  0.00000000E+00  2.76561343E-03  0.00000000E+00  0.00000000E+00  0.00000000E+00  0.00000000E+00  0.00000000E+00  5.53739526E-02  0.00000000E+00  0.00000000E+00 -8.72490693E-02
    0.997000      1   0.00000000E+00  0.00000000E+00  2.79818688E-03  0.00000000E+00  0.00000000E+00  0.00000000E+00  0.00000000E+00  0.00000000E+00  5.52866994E-02  0.00000000E+00  0.00000000E+00 -8.72532924E-02
    0.998000      1   0.00000000E+00  0.00000000E+00  2.74722628E-03  0.00000000E+00  0.00000000E+00  0.00000000E+00  0.00000000E+00  0.00000000E+00  5.51994653E-02  0.00000000E+00  0.00000000E+00 -8.72341062E-02
    0.999000      1   0.00000000E+00  0.00000000E+00  2.67699542E-03  0.00000000E+00  0.00000000E+00  0.00000000E+00  0.00000000E+00  0.00000000E+00  5.51122520E-02  0.00000000E+00  0.00000000E+00 -8.72132343E-02
    1.000000      1   0.00000000E+00  0.00000000E+00  2.66674589E-03  0.00000000E+00  0.00000000E+00  0.00000000E+00  0.00000000E+00  0.00000000E+00  5.50250305E-02  0.00000000E+00  0.00000000E+00 -8.72215180E-02
    1.001000      1   0.00000000E+00  0.00000000E+00  2.72240117E-03  0.00000000E+00  0.00000000E+00  0.00000000E+00  0.00000000E+00  0.00000000E+00  5.49377758E-02  0.00000000E+00  0.00000000E+00 -8.72546792E-02
    1.002000      1   0.00000000E+00  0.00000000E+00  2.78470688E-03  0.00000000E+00  0.00000000E+00  0.00000000E+00  0.00000000E+00  0.00000000E+00  5.48504945E-02  0.00000000E+00  0.00000000E+00 -8.72813644E-02
    1.003000      1   0.00000000E+00  0.00000000E+00  2.80506781E-03  0.00000000E+00  0.00000000E+00  0.00000000E+00  0.00000000E+00  0.00000000E+00  5.47632157E-02  0.00000000E+00  0.00000000E+00 -8.72787536E-02
    1.004000      1   0.00000000E+00  0.00000000E+00  2.75181415E-03  0.00000000E+00  0.00000000E+00  0.00000000E+00  0.00000000E+00  0.00000000E+00  5.46759636E-02  0.00000000E+00  0.00000000E+00 -8.72520800E-02
    1.005000      1   0.00000000E+00  0.00000000E+00  2.69410960E-03  0.00000000E+00  0.00000000E+00  0.00000000E+00  0.00000000E+00  0.00000000E+00  5.45887355E-02  0.00000000E+00  0.00000000E+00 -8.72281369E-02
    1.006000      1   0.00000000E+00  0.00000000E+00  2.69822039E-03  0.00000000E+00  0.00000000E+00  0.00000000E+00  0.00000000E+00  0.00000000E+00  5.45015036E-02  0.00000000E+00  0.00000000E+00 -8.72318875E-02
    1.007000      1   0.00000000E+00  0.00000000E+00  2.71106109E-03  0.00000000E+00  0.00000000E+00  0.00000000E+00  0.00000000E+00  0.00000000E+00  5.44142497E-02  0.00000000E+00  0.00000000E+00 -8.72538622E-02
    1.008000      1   0.00000000E+00  0.00000000E+00  2.73775342E-03  0.00000000E+00  0.00000000E+00  0.00000000E+00  0.00000000E+00  0.00000000E+00  5.43269775E-02  0.00000000E+00  0.00000000E+00 -8.72722161E-02
    1.009000      1   0.00000000E+00  0.00000000E+00  2.79841158E-03  0.00000000E+00  0.00000000E+00  0.00000000E+00  0.00000000E+00  0.00000000E+00  5.42396959E-02  0.00000000E+00  0.00000000E+00 -8.72816327E-02
    1.010000      1   0.00000000E+00  0.00000000E+00  2.77451415E-03  0.00000000E+00  0.00000000E+00  0.00000000E+00  0.00000000E+00  0.00000000E+00  5.41524243E-02  0.00000000E+00  0.00000000E+00 -8.72715564E-02
    1.011000      1   0.00000000E+00  0.00000000E+00  2.71193660E-03  0.00000000E+00  0.00000000E+00  0.00000000E+00  0.00000000E+00  0.00000000E+00  5.40651785E-02  0.00000000E+00  0.00000000E+00 -8.72457850E-02
    1.012000      1   0.00000000E+00  0.00000000E+00  2.65006828E-03  0.00000000E+00  0.00000000E+00  0.00000000E+00  0.00000000E+00  0.00000000E+00  5.39779396E-02  0.00000000E+00  0.00000000E+00 -8.72389281E-02
    1.013000      1   0.00000000E+00  0.00000000E+00  2.69543097E-03  0.00000000E+00  0.00000000E+00  0.00000000E+00  0.00000000E+00  0.00000000E+00  5.38906761E-02  0.00000000E+00  0.00000000E+00 -8.72635633E-02
    1.014000      1   0.00000000E+00  0.00000000E+00  2.72539958E-03  0.00000000E+00  0.00000000E+00  0.00000000E+00  0.00000000E+00  0.00000000E+00  5.38033756E-02  0.00000000E+00  0.00000000E+00 -8.73004951E-02
    1.015000      1   0.00000000E+00  0.00000000E+00  2.79579329E-03  0.00000000E+00  0.00000000E+00  0.00000000E+00  0.00000000E+00  0.00000000E+00  5.37160583E-02  0.00000000E+00  0.00000000E+00 -8.73172295E-02
    1.016000      1   0.00000000E+00  0.00000000E+00  2.79321790E-03  0.00000000E+00  0.00000000E+00  0.00000000E+00  0.00000000E+00  0.00000000E+00  5.36287467E-02  0.00000000E+00  0.00000000E+00 -8.73116734E-02
    1.017000      1   0.00000000E+00  0.00000000E+00  2.74778325E-03  0.00000000E+00  0.00000000E+00  0.00000000E+00  0.00000000E+00  0.00000000E+00  5.35414632E-02  0.00000000E+00  0.00000000E+00 -8.72834544E-02
    1.018000      1   0.00000000E+00  0.00000000E+00  2.68289817E-03  0.00000000E+00  0.00000000E+00  0.00000000E+00  0.00000000E+00  0.00000000E+00  5.34541991E-02  0.00000000E+00  0.00000000E+00 -8.72641158E-02
    1.019000      1   0.00000000E+00  0.00000000E+00  2.68616050E-03  0.00000000E+00  0.00000000E+00  0.00000000E+00  0.00000000E+00  0.00000000E+00  5.33669279E-02  0.00000000E+00  0.00000000E+00 -8.72711728E-02
    1.020000      1   0.00000000E+00  0.00000000E+00  2.73797413E-03  0.00000000E+00  0.00000000E+00  0.00000000E+00  0.00000000E+00  0.00000000E+00  5.32796290E-02  0.00000000E+00  0.00000000E+00 -8.72989622E-02
    1.021000      1   0.00000000E+00  0.00000000E+00  2.76938012E-03  0.00000000E+00  0.00000000E+00  0.00000000E+00  0.00000000E+00  0.00000000E+00  5.31923124E-02  0.00000000E+00  0.00000000E+00 -8.73165174E-02
    1.022000      1   0.00000000E+00  0.00000000E+00  2.79246406E-03  0.00000000E+00  0.00000000E+00  0.00000000E+00  0.00000000E+00  0.00000000E+00  5.31050009E-02  0.00000000E+00  0.00000000E+00 -8.73115026E-02
    1.023000      1   0.00000000E+00  0.00000000E+00  2.76082783E-03  0.00000000E+00  0.00000000E+00  0.00000000E+00  0.00000000E+00  0.00000000E+00  5.30177088E-02  0.00000000E+00  0.00000000E+00 -8.72920913E-02
    1.024000      1   0.00000000E+00  0.00000000E+00  2.68934819E-03  0.00000000E+00  0.00000000E+00  0.00000000E+00  0.00000000E+00  0.00000000E+00  5.29304381E-02  0.00000000E+00  0.00000000E+00 -8.72706935E-02
    1.025000      1   0.00000000E+00  0.00000000E+00  2.67904883E-03  0.00000000E+00  0.00000000E+00  0.00000000E+00  0.00000000E+00  0.00000000E+00  5.28431658E-02  0.00000000E+00  0.00000000E+00 -8.72723259E-02
    1.026000      1   0.00000000E+00  0.00000000E+00  2.69979452E-03  0.00000000E+00  0.00000000E+00  0.00000000E+00  0.00000000E+00  0.00000000E+00  5.27558666E-02  0.00000000E+00  0.00000000E+00 -8.72992546E-02
    1.027000      1   0.00000000E+00  0.00000000E+00  2.74360827E-03  0.00000000E+00  0.00000000E+00  0.00000000E+00  0.00000000E+00  0.00000000E+00  5.26685407E-02  0.00000000E+00  0.00000000E+00 -8.73258971E-02
    1.028000      1   0.00000000E+00  0.00000000E+00  2.80321710E-03  0.00000000E+00  0.00000000E+00  0.00000000E+00  0.00000000E+00  0.00000000E+00  5.25812027E-02  0.00000000E+00  0.00000000E+00 -8.73379784E-02
    1.029000      1   0.00000000E+00  0.00000000E+00  2.76375582E-03  0.00000000E+00  0.00000000E+00  0.00000000E+00  0.00000000E+00  0.00000000E+00  5.24938776E-02  0.00000000E+00  0.00000000E+00 -8.73251295E-02
    1.030000      1   0.00000000E+00  0.00000000E+00  2.73099896E-03  0.00000000E+00  0.00000000E+00  0.00000000E+00  0.00000000E+00  0.00000000E+00  5.24065779E-02  0.00000000E+00  0.00000000E+00 -8.72996825E-02
    1.031000      1   0.00000000E+00  0.00000000E+00  2.66552941E-03  0.00000000E+00  0.00000000E+00  0.00000000E+00  0.00000000E+00  0.00000000E+00  5.23192849E-02  0.00000000E+00  0.00000000E+00 -8.72929878E-02
    1.032000      1   0.00000000E+00  0.00000000E+00  2.69574866E-03  0.00000000E+00  0.00000000E+00  0.00000000E+00  0.00000000E+00  0.00000000E+00  5.22319763E-02  0.00000000E+00  0.00000000E+00 -8.73086285E-02
    1.033000      1   0.00000000E+00  0.00000000E+00  2.74370755E-03  0.00000000E+00  0.00000000E+00  0.00000000E+00  0.00000000E+00  0.00000000E+00  5.21446358E-02  0.00000000E+00  0.00000000E+00 -8.73404264E-02
    1.034000      1   0.00000000E+00  0.00000000E+00  2.77350255E-03  0.00000000E+00  0.00000000E+00  0.00000000E+00  0.00000000E+00  0.00000000E+00  5.20572820E-02  0.00000000E+00  0.00000000E+00 -8.73538189E-02
    1.035000      1   0.00000000E+00  0.00000000E+00  2.77064887E-03  0.00000000E+00  0.00000000E+00  0.00000000E+00  0.00000000E+00  0.00000000E+00  5.19699358E-02  0.00000000E+00  0.00000000E+00 -8.73461921E-02
    1.036000      1   0.00000000E+00  0.00000000E+00  2.77702321E-03  0.00000000E+00  0.00000000E+00  0.00000000E+00  0.00000000E+00  0.00000000E+00  5.18826065E-02  0.00000000E+00  0.00000000E+00 -8.73292848E-02
    1.037000      1   0.00000000E+00  0.00000000E+00  2.69126451E-03  0.00000000E+00  0.00000000E+00  0.00000000E+00  0.00000000E+00  0.00000000E+00  5.17952944E-02  0.00000000E+00  0.00000000E+00 -8.73121874E-02
    1.038000      1   0.00000000E+00  0.00000000E+00  2.67266489E-03  0.00000000E+00  0.00000000E+00  0.00000000E+00  0.00000000E+00  0.00000000E+00  5.17079862E-02  0.00000000E+00  0.00000000E+00 -8.73081621E-02
    1.039000      1   0.00000000E+00  0.00000000E+00  2.70527338E-03  0.00000000E+00  0.00000000E+00  0.00000000E+00  0.00000000E+00  0.00000000E+00  5.16206506E-02  0.00000000E+00  0.00000000E+00 -8.73355904E-02
    1.040000      1   0.00000000E+00  0.00000000E+00  2.77479370E-03  0.00000000E+00  0.00000000E+00  0.00000000E+00  0.00000000E+00  0.00000000E+00  5.15332872E-02  0.00000000E+00  0.00000000E+00 -8.73633606E-02
    1.041000      1   0.00000000E+00  0.00000000E+00  2.81848887E-03  0.00000000E+00  0.00000000E+00  0.00000000E+00  0.00000000E+00  0.00000000E+00  5.14459191E-02  0.00000000E+00  0.00000000E+00 -8.73681278E-02
    1.042000      1   0.00000000E+00  0.00000000E+00  2.75312368E-03  0.00000000E+00  0.00000000E+00  0.00000000E+00  0.00000000E+00  0.00000000E+00  5.13585768E-02  0.00000000E+00  0.00000000E+00 -8.73423365E-02
    1.043000      1   0.00000000E+00  0.00000000E+00  2.70393445E-03  0.00000000E+00  0.00000000E+00  0.00000000E+00  0.00000000E+00  0.00000000E+00  5.12712630E-02  0.00000000E+00  0.00000000E+00 -8.73137541E-02
    1.044000      1   0.00000000E+00  0.00000000E+00  2.68933176E-03  0.00000000E+00  0.00000000E+00  0.00000000E+00  0.00000000E+00  0.00000000E+00  5.11839477E-02  0.00000000E+00  0.00000000E+00 -8.73153372E-02
    1.045000      1   0.00000000E+00  0.00000000E+00  2.70749785E-03  0.00000000E+00  0.00000000E+00  0.00000000E+00  0.00000000E+00  0.00000000E+00  5.10966120E-02  0.00000000E+00  0.00000000E+00 -8.73356571E-02
    1.046000      1   0.00000000E+00  0.00000000E+00  2.72016699E-03  0.00000000E+00  0.00000000E+00  0.00000000E+00  0.00000000E+00  0.00000000E+00  5.10092545E-02  0.00000000E+00  0.00000000E+00 -8.73575603E-02
    1.047000      1   0.00000000E+00  0.00000000E+00  2.78672963E-03  0.00000000E+00  0.00000000E+00  0.00000000E+00  0.00000000E+00  0.00000000E+00  5.09218832E-02  0.00000000E+00  0.00000000E+00 -8.73712571E-02
    1.048000      1   0.00000000E+00  0.00000000E+00  2.78300610E-03  0.00000000E+00  0.00000000E+00  0.00000000E+00  0.00000000E+00  0.00000000E+00  5.08345142E-02  0.00000000E+00  0.00000000E+00 -8.73690223E-02
    1.049000      1   0.00000000E+00  0.00000000E+00  2.73964380E-03  0.00000000E+00  0.00000000E+00  0.00000000E+00  0.00000000E+00  0.00000000E+00  5.07471686E-02  0.00000000E+00  0.00000000E+00 -8.73455857E-02
    1.050000      1   0.00000000E+00  0.00000000E+00  2.66292533E-03  0.00000000E+00  0.00000000E+00  0.00000000E+00  0.00000000E+00  0.00000000E+00  5.06598376E-02  0.00000000E+00  0.00000000E+00 -8.73310402E-02
    1.051000      1   0.00000000E+00  0.00000000E+00  2.68187573E-03  0.00000000E+00  0.00000000E+00  0.00000000E+00  0.00000000E+00  0.00000000E+00  5.05724933E-02  0.00000000E+00  0.00000000E+00 -8.73443023E-02
    1.052000      1   0.00000000E+00  0.00000000E+00  2.72518474E-03  0.00000000E+00  0.00000000E+00  0.00000000E+00  0.00000000E+00  0.00000000E+00  5.04851138E-02  0.00000000E+00  0.00000000E+00 -8.73794088E-02
    1.053000      1   0.00000000E+00  0.00000000E+00  2.80077579E-03  0.00000000E+00  0.00000000E+00  0.00000000E+00  0.00000000E+00  0.00000000E+00  5.03977132E-02  0.00000000E+00  0.00000000E+00 -8.74006329E-02
    1.054000      1   0.00000000E+00  0.00000000E+00  2.78875936E-03  0.00000000E+00  0.00000000E+00  0.00000000E+00  0.00000000E+00  0.00000000E+00  5.03103189E-02  0.00000000E+00  0.00000000E+00 -8.73942663E-02
    1.055000      1   0.00000000E+00  0.00000000E+00  2.76805914E-03  0.00000000E+00  0.00000000E+00  0.00000000E+00  0.00000000E+00  0.00000000E+00  5.02229538E-02  0.00000000E+00  0.00000000E+00 -8.73651994E-02
    1.056000      1   0.00000000E+00  0.00000000E+00  2.68992246E-03  0.00000000E+00  0.00000000E+00  0.00000000E+00  0.00000000E+00  0.00000000E+00  5.01356100E-02  0.00000000E+00  0.00000000E+00 -8.73437395E-02
    1.057000      1   0.00000000E+00  0.00000000E+00  2.68250722E-03  0.00000000E+00  0.00000000E+00  0.00000000E+00  0.00000000E+00  0.00000000E+00  5.00482671E-02  0.00000000E+00  0.00000000E+00 -8.73428954E-02
    1.058000      1   0.00000000E+00  0.00000000E+00  2.72189407E-03  0.00000000E+00  0.00000000E+00  0.00000000E+00  0.00000000E+00  0.00000000E+00  4.99608981E-02  0.00000000E+00  0.00000000E+00 -8.73690239E-02
    1.059000      1   0.00000000E+00  0.00000000E+00  2.75366518E-03  0.00000000E+00  0.00000000E+00  0.00000000E+00  0.00000000E+00  0.00000000E+00  4.98735075E-02  0.00000000E+00  0.00000000E+00 -8.73906226E-02
    1.060000      1   0.00000000E+00  0.00000000E+00  2.81149253E-03  0.00000000E+00  0.00000000E+00  0.00000000E+00  0.00000000E+00  0.00000000E+00  4.97861138E-02  0.00000000E+00  0.00000000E+00 -8.73936676E-02
    1.061000      1   0.00000000E+00  0.00000000E+00  2.76811982E-03  0.00000000E+00  0.00000000E+00  0.00000000E+00  0.00000000E+00  0.00000000E+00  4.96987377E-02  0.00000000E+00  0.00000000E+00 -8.73760525E-02
    1.062000      1   0.00000000E+00  0.00000000E+00  2.70222731E-03  0.00000000E+00  0.00000000E+00  0.00000000E+00  0.00000000E+00  0.00000000E+00  4.96113906E-02  0.00000000E+00  0.00000000E+00 -8.73471159E-02
    1.063000      1   0.00000000E+00  0.00000000E+00  2.66550735E-03  0.00000000E+00  0.00000000E+00  0.00000000E+00  0.00000000E+00  0.00000000E+00  4.95240466E-02  0.00000000E+00  0.00000000E+00 -8.73440760E-02
    1.064000      1   0.00000000E+00  0.00000000E+00  2.69429770E-03  0.00000000E+00  0.00000000E+00  0.00000000E+00  0.00000000E+00  0.00000000E+00  4.94366774E-02  0.00000000E+00  0.00000000E+00 -8.73691696E-02
    1.065000      1   0.00000000E+00  0.00000000E+00  2.72608480E-03  0.00000000E+00  0.00000000E+00  0.00000000E+00  0.00000000E+00  0.00000000E+00  4.93492762E-02  0.00000000E+00  0.00000000E+00 -8.74012314E-02
    1.066000      1   0.00000000E+00  0.00000000E+00  2.78941602E-03  0.00000000E+00  0.00000000E+00  0.00000000E+00  0.00000000E+00  0.00000000E+00  4.92618579E-02  0.00000000E+00  0.00000000E+00 -8.74182168E-02
    1.067000      1   0.00000000E+00  0.00000000E+00  2.78936946E-03  0.00000000E+00  0.00000000E+00  0.00000000E+00  0.00000000E+00  0.00000000E+00  4.91744444E-02  0.00000000E+00  0.00000000E+00 -8.74135634E-02
    1.068000      1   0.00000000E+00  0.00000000E+00  2.74102682E-03  0.00000000E+00  0.00000000E+00  0.00000000E+00  0.00000000E+00  0.00000000E+00  4.90870563E-02  0.00000000E+00  0.00000000E+00 -8.73881194E-02
    1.069000      1   0.00000000E+00  0.00000000E+00  2.68352240E-03  0.00000000E+00  0.00000000E+00  0.00000000E+00  0.00000000E+00  0.00000000E+00  4.89996850E-02  0.00000000E+00  0.00000000E+00 -8.73712394E-02
    1.070000      1   0.00000000E+00  0.00000000E+00  2.68254748E-03  0.00000000E+00  0.00000000E+00  0.00000000E+00  0.00000000E+00  0.00000000E+00  4.89123046E-02  0.00000000E+00  0.00000000E+00 -8.73804050E-02
    1.071000      1   0.00000000E+00  0.00000000E+00  2.73597362E-03  0.00000000E+00  0.00000000E+00  0.00000000E+00  0.00000000E+00  0.00000000E+00  4.88248960E-02  0.00000000E+00  0.00000000E+00 -8.74086282E-02
    1.072000      1   0.00000000E+00  0.00000000E+00  2.76693606E-03  0.00000000E+00  0.00000000E+00  0.00000000E+00  0.00000000E+00  0.00000000E+00  4.87374683E-02  0.00000000E+00  0.00000000E+00 -8.74277239E-02
    1.073000      1   0.00000000E+00  0.00000000E+00  2.78421315E-03  0.00000000E+00  0.00000000E+00  0.00000000E+00  0.00000000E+00  0.00000000E+00  4.86500445E-02  0.00000000E+00  0.00000000E+00 -8.74237982E-02
    1.074000      1   0.00000000E+00  0.00000000E+00  2.78456964E-03  0.00000000E+00  0.00000000E+00  0.00000000E+00  0.00000000E+00  0.00000000E+00  4.85626378E-02  0.00000000E+00  0.00000000E+00 -8.74066487E-02
    1.075000      1   0.00000000E+00  0.00000000E+00  2.69368732E-03  0.00000000E+00  0.00000000E+00  0.00000000E+00  0.00000000E+00  0.00000000E+00  4.84752541E-02  0.00000000E+00  0.00000000E+00 -8.73837622E-02
    1.076000      1   0.00000000E+00  0.00000000E+00  2.68343801E-03  0.00000000E+00  0.00000000E+00  0.00000000E+00  0.00000000E+00  0.00000000E+00  4.83878772E-02  0.00000000E+00  0.00000000E+00 -8.73768300E-02
    1.077000      1   0.00000000E+00  0.00000000E+00  2.69276102E-03  0.00000000E+00  0.00000000E+00  0.00000000E+00  0.00000000E+00  0.00000000E+00  4.83004757E-02  0.00000000E+00  0.00000000E+00 -8.74015575E-02
    1.078000      1   0.00000000E+00  0.00000000E+00  2.74755632E-03  0.00000000E+00  0.00000000E+00  0.00000000E+00  0.00000000E+00  0.00000000E+00  4.82130477E-02  0.00000000E+00  0.00000000E+00 -8.74280023E-02
    1.079000      1   0.00000000E+00  0.00000000E+00  2.81540436E-03  0.00000000E+00  0.00000000E+00  0.00000000E+00  0.00000000E+00  0.00000000E+00  4.81256060E-02  0.00000000E+00  0.00000000E+00 -8.74416954E-02
    1.080000      1   0.00000000E+00  0.00000000E+00  2.76973300E-03  0.00000000E+00  0.00000000E+00  0.00000000E+00  0.00000000E+00  0.00000000E+00  4.80381806E-02  0.00000000E+00  0.00000000E+00 -8.74253947E-02
    1.081000      1   0.00000000E+00  0.00000000E+00  2.72209768E-03  0.00000000E+00  0.00000000E+00  0.00000000E+00  0.00000000E+00  0.00000000E+00  4.79507857E-02  0.00000000E+00  0.00000000E+00 -8.73948882E-02
    1.082000      1   0.00000000E+00  0.00000000E+00  2.67336412E-03  0.00000000E+00  0.00000000E+00  0.00000000E+00  0.00000000E+00  0.00000000E+00  4.78633979E-02  0.00000000E+00  0.00000000E+00 -8.73878046E-02
    1.083000      1   0.00000000E+00  0.00000000E+00  2.70058255E-03  0.00000000E+00  0.00000000E+00  0.00000000E+00  0.00000000E+00  0.00000000E+00  4.77759929E-02  0.00000000E+00  0.00000000E+00 -8.74049831E-02
    1.084000      1   0.00000000E+00  0.00000000E+00  2.71817398E-03  0.00000000E+00  0.00000000E+00  0.00000000E+00  0.00000000E+00  0.00000000E+00  4.76885595E-02  0.00000000E+00  0.00000000E+00 -8.74333532E-02
    1.085000      1   0.00000000E+00  0.00000000E+00  2.77028369E-03  0.00000000E+00  0.00000000E+00  0.00000000E+00  0.00000000E+00  0.00000000E+00  4.76011099E-02  0.00000000E+00  0.00000000E+00 -8.74496735E-02
    1.086000      1   0.00000000E+00  0.00000000E+00  2.81196840E-03  0.00000000E+00  0.00000000E+00  0.00000000E+00  0.00000000E+00  0.00000000E+00  4.75136589E-02  0.00000000E+00  0.00000000E+00 -8.74510015E-02
    1.087000      1   0.00000000E+00  0.00000000E+00  2.75344397E-03  0.00000000E+00  0.00000000E+00  0.00000000E+00  0.00000000E+00  0.00000000E+00  4.74262310E-02  0.00000000E+00  0.00000000E+00 -8.74278444E-02
    1.088000      1   0.00000000E+00  0.00000000E+00  2.67120121E-03  0.00000000E+00  0.00000000E+00  0.00000000E+00  0.00000000E+00  0.00000000E+00  4.73388297E-02  0.00000000E+00  0.00000000E+00 -8.74013468E-02
    1.089000      1   0.00000000E+00  0.00000000E+00  2.66997118E-03  0.00000000E+00  0.00000000E+00  0.00000000E+00  0.00000000E+00  0.00000000E+00  4.72514211E-02  0.00000000E+00  0.00000000E+00 -8.74086133E-02
    1.090000      1   0.00000000E+00  0.00000000E+00  2.73420788E-03  0.00000000E+00  0.00000000E+00  0.00000000E+00  0.00000000E+00  0.00000000E+00  4.71639780E-02  0.00000000E+00  0.00000000E+00 -8.74431070E-02
    1.091000      1   0.00000000E+00  0.00000000E+00  2.78626721E-03  0.00000000E+00  0.00000000E+00  0.00000000E+00  0.00000000E+00  0.00000000E+00  4.70765113E-02  0.00000000E+00  0.00000000E+00 -8.74666451E-02
    1.092000      1   0.00000000E+00  0.00000000E+00  2.81033626E-03  0.00000000E+00  0.00000000E+00  0.00000000E+00  0.00000000E+00  0.00000000E+00  4.69890514E-02  0.00000000E+00  0.00000000E+00 -8.74598808E-02
    1.093000      1   0.00000000E+00  0.00000000E+00  2.75037427E-03  0.00000000E+00  0.00000000E+00  0.00000000E+00  0.00000000E+00  0.00000000E+00  4.69016197E-02  0.00000000E+00  0.00000000E+00 -8.74317631E-02
    1.094000      1   0.00000000E+00  0.00000000E+00  2.69272289E-03  0.00000000E+00  0.00000000E+00  0.00000000E+00  0.00000000E+00  0.00000000E+00  4.68142133E-02  0.00000000E+00  0.00000000E+00 -8.74063444E-02
    1.095000      1   0.00000000E+00  0.00000000E+00  2.68992690E-03  0.00000000E+00  0.00000000E+00  0.00000000E+00  0.00000000E+00  0.00000000E+00  4.67268025E-02  0.00000000E+00  0.00000000E+00 -8.74108131E-02
    1.096000      1   0.00000000E+00  0.00000000E+00  2.71621786E-03  0.00000000E+00  0.00000000E+00  0.00000000E+00  0.00000000E+00  0.00000000E+00  4.66393678E-02  0.00000000E+00  0.00000000E+00 -8.74347098E-02
    1.097000      1   0.00000000E+00  0.00000000E+00  2.74068819E-03  0.00000000E+00  0.00000000E+00  0.00000000E+00  0.00000000E+00  0.00000000E+00  4.65519129E-02  0.00000000E+00  0.00000000E+00 -8.74548755E-02
    1.098000      1   0.00000000E+00  0.00000000E+00  2.79744638E-03  0.00000000E+00  0.00000000E+00  0.00000000E+00  0.00000000E+00  0.00000000E+00  4.64644508E-02  0.00000000E+00  0.00000000E+00 -8.74620796E-02
    1.099000      1   0.00000000E+00  0.00000000E+00  2.77319614E-03  0.00000000E+00  0.00000000E+00  0.00000000E+00  0.00000000E+00  0.00000000E+00  4.63769996E-02  0.00000000E+00  0.00000000E+00 -8.74512101E-02
    1.100000      1   0.00000000E+00  0.00000000E+00  2.72200704E-03  0.00000000E+00  0.00000000E+00  0.00000000E+00  0.00000000E+00  0.00000000E+00  4.62895736E-02  0.00000000E+00  0.00000000E+00 -8.74259889E-02
    1.101000      1   0.00000000E+00  0.00000000E+00  2.65210109E-03  0.00000000E+00  0.00000000E+00  0.00000000E+00  0.00000000E+00  0.00000000E+00  4.62021559E-02  0.00000000E+00  0.00000000E+00 -8.74177839E-02
    1.102000      1   0.00000000E+00  0.00000000E+00  2.69572168E-03  0.00000000E+00  0.00000000E+00  0.00000000E+00  0.00000000E+00  0.00000000E+00  4.61147171E-02  0.00000000E+00  0.00000000E+00 -8.74387524E-02
    1.103000      1   0.00000000E+00  0.00000000E+00  2.73147154E-03  0.00000000E+00  0.00000000E+00  0.00000000E+00  0.00000000E+00  0.00000000E+00  4.60272421E-02  0.00000000E+00  0.00000000E+00 -8.74749651E-02
    1.104000      1   0.00000000E+00  0.00000000E+00  2.79789187E-03  0.00000000E+00  0.00000000E+00  0.00000000E+00  0.00000000E+00  0.00000000E+00  4.59397516E-02  0.00000000E+00  0.00000000E+00 -8.74905303E-02
    1.105000      1   0.00000000E+00  0.00000000E+00  2.79492722E-03  0.00000000E+00  0.00000000E+00  0.00000000E+00  0.00000000E+00  0.00000000E+00  4.58522690E-02  0.00000000E+00  0.00000000E+00 -8.74826090E-02
    1.106000      1   0.00000000E+00  0.00000000E+00  2.75521960E-03  0.00000000E+00  0.00000000E+00  0.00000000E+00  0.00000000E+00  0.00000000E+00  4.57648156E-02  0.00000000E+00  0.00000000E+00 -8.74533985E-02
    1.107000      1   0.00000000E+00  0.00000000E+00  2.68526438E-03  0.00000000E+00  0.00000000E+00  0.00000000E+00  0.00000000E+00  0.00000000E+00  4.56773834E-02  0.00000000E+00  0.00000000E+00 -8.74321835E-02
    1.108000      1   0.00000000E+00  0.00000000E+00  2.68535170E-03  0.00000000E+00  0.00000000E+00  0.00000000E+00  0.00000000E+00  0.00000000E+00  4.55899470E-02  0.00000000E+00  0.00000000E+00 -8.74363799E-02
    1.109000      1   0.00000000E+00  0.00000000E+00  2.73936613E-03  0.00000000E+00  0.00000000E+00  0.00000000E+00  0.00000000E+00  0.00000000E+00  4.55024835E-02  0.00000000E+00  0.00000000E+00 -8.74635352E-02
    1.110000      1   0.00000000E+00  0.00000000E+00  2.76999900E-03  0.00000000E+00  0.00000000E+00  0.00000000E+00  0.00000000E+00  0.00000000E+00  4.54150024E-02  0.00000000E+00  0.00000000E+00 -8.74811099E-02
    1.111000      1   0.00000000E+00  0.00000000E+00  2.79871097E-03  0.00000000E+00  0.00000000E+00  0.00000000E+00  0.00000000E+00  0.00000000E+00  4.53275269E-02  0.00000000E+00  0.00000000E+00 -8.74755284E-02
    1.112000      1   0.00000000E+00  0.00000000E+00  2.76341712E-03  0.00000000E+00  0.00000000E+00  0.00000000E+00  0.00000000E+00  0.00000000E+00  4.52400721E-02  0.00000000E+00  0.00000000E+00 -8.74548093E-02
    1.113000      1   0.00000000E+00  0.00000000E+00  2.68996134E-03  0.00000000E+00  0.00000000E+00  0.00000000E+00  0.00000000E+00  0.00000000E+00  4.51526412E-02  0.00000000E+00  0.00000000E+00 -8.74309020E-02
    1.114000      1   0.00000000E+00  0.00000000E+00  2.68052704E-03  0.00000000E+00  0.00000000E+00  0.00000000E+00  0.00000000E+00  0.00000000E+00  4.50652096E-02  0.00000000E+00  0.00000000E+00 -8.74315756E-02
    1.115000      1   0.00000000E+00  0.00000000E+00  2.70151881E-03  0.00000000E+00  0.00000000E+00  0.00000000E+00  0.00000000E+00  0.00000000E+00  4.49777515E-02  0.00000000E+00  0.00000000E+00 -8.74580415E-02
    1.116000      1   0.00000000E+00  0.00000000E+00  2.74600766E-03  0.00000000E+00  0.00000000E+00  0.00000000E+00  0.00000000E+00  0.00000000E+00  4.48902676E-02  0.00000000E+00  0.00000000E+00 -8.74838936E-02
    1.117000      1   0.00000000E+00  0.00000000E+00  2.80441371E-03  0.00000000E+00  0.00000000E+00  0.00000000E+00  0.00000000E+00  0.00000000E+00  4.48027727E-02  0.00000000E+00  0.00000000E+00 -8.74949843E-02
    1.118000      1   0.00000000E+00  0.00000000E+00  2.76698997E-03  0.00000000E+00  0.00000000E+00  0.00000000E+00  0.00000000E+00  0.00000000E+00  4.47152915E-02  0.00000000E+00  0.00000000E+00 -8.74811358E-02
    1.119000      1   0.00000000E+00  0.00000000E+00  2.73602516E-03  0.00000000E+00  0.00000000E+00  0.00000000E+00  0.00000000E+00  0.00000000E+00  4.46278368E-02  0.00000000E+00  0.00000000E+00 -8.74547238E-02
    1.120000      1   0.00000000E+00  0.00000000E+00  2.66725054E-03  0.00000000E+00  0.00000000E+00  0.00000000E+00  0.00000000E+00  0.00000000E+00  4.45403907E-02  0.00000000E+00  0.00000000E+00 -8.74460782E-02
    1.121000      1   0.00000000E+00  0.00000000E+00  2.70624901E-03  0.00000000E+00  0.00000000E+00  0.00000000E+00  0.00000000E+00  0.00000000E+00  4.44529310E-02  0.00000000E+00  0.00000000E+00 -8.74597638E-02
    1.122000      1   0.00000000E+00  0.00000000E+00  2.74257858E-03  0.00000000E+00  0.00000000E+00  0.00000000E+00  0.00000000E+00  0.00000000E+00  4.43654418E-02  0.00000000E+00  0.00000000E+00 -8.74891397E-02
    1.123000      1   0.00000000E+00  0.00000000E+00  2.77150687E-03  0.00000000E+00  0.00000000E+00  0.00000000E+00  0.00000000E+00  0.00000000E+00  4.42779425E-02  0.00000000E+00  0.00000000E+00 -8.74992833E-02
    1.124000      1   0.00000000E+00  0.00000000E+00  2.77114450E-03  0.00000000E+00  0.00000000E+00  0.00000000E+00  0.00000000E+00  0.00000000E+00  4.41904502E-02  0.00000000E+00  0.00000000E+00 -8.74923802E-02
    1.125000      1   0.00000000E+00  0.00000000E+00  2.78004182E-03  0.00000000E+00  0.00000000E+00  0.00000000E+00  0.00000000E+00  0.00000000E+00  4.41029741E-02  0.00000000E+00  0.00000000E+00 -8.74760407E-02
    1.126000      1   0.00000000E+00  0.00000000E+00  2.69101672E-03  0.00000000E+00  0.00000000E+00  0.00000000E+00  0.00000000E+00  0.00000000E+00  4.40155159E-02  0.00000000E+00  0.00000000E+00 -8.74582467E-02
    1.127000      1   0.00000000E+00  0.00000000E+00  2.67687823E-03  0.00000000E+00  0.00000000E+00  0.00000000E+00  0.00000000E+00  0.00000000E+00  4.39280626E-02  0.00000000E+00  0.00000000E+00 -8.74532739E-02
    1.128000      1   0.00000000E+00  0.00000000E+00  2.71006728E-03  0.00000000E+00  0.00000000E+00  0.00000000E+00  0.00000000E+00  0.00000000E+00  4.38405826E-02  0.00000000E+00  0.00000000E+00 -8.74800384E-02
    1.129000      1   0.00000000E+00  0.00000000E+00  2.77684345E-03  0.00000000E+00  0.00000000E+00  0.00000000E+00  0.00000000E+00  0.00000000E+00  4.37530770E-02  0.00000000E+00  0.00000000E+00 -8.75055772E-02
    1.130000      1   0.00000000E+00  0.00000000E+00  2.82044702E-03  0.00000000E+00  0.00000000E+00  0.00000000E+00  0.00000000E+00  0.00000000E+00  4.36655686E-02  0.00000000E+00  0.00000000E+00 -8.75084075E-02
    1.131000      1   0.00000000E+00  0.00000000E+00  2.75513528E-03  0.00000000E+00  0.00000000E+00  0.00000000E+00  0.00000000E+00  0.00000000E+00  4.35780870E-02  0.00000000E+00  0.00000000E+00 -8.74815967E-02
    1.132000      1   0.00000000E+00  0.00000000E+00  2.71093217E-03  0.00000000E+00  0.00000000E+00  0.00000000E+00  0.00000000E+00  0.00000000E+00  4.34906350E-02  0.00000000E+00  0.00000000E+00 -8.74520156E-02
    1.133000      1   0.00000000E+00  0.00000000E+00  2.69591649E-03  0.00000000E+00  0.00000000E+00  0.00000000E+00  0.00000000E+00  0.00000000E+00  4.34031833E-02  0.00000000E+00  0.00000000E+00 -8.74517006E-02
    1.134000      1   0.00000000E+00  0.00000000E+00  2.70905334E-03  0.00000000E+00  0.00000000E+00  0.00000000E+00  0.00000000E+00  0.00000000E+00  4.33157147E-02  0.00000000E+00  0.00000000E+00 -8.74685579E-02
    1.135000      1   0.00000000E+00  0.00000000E+00  2.72300576E-03  0.00000000E+00  0.00000000E+00  0.00000000E+00  0.00000000E+00  0.00000000E+00  4.32282267E-02  0.00000000E+00  0.00000000E+00 -8.74880235E-02
    1.136000      1   0.00000000E+00  0.00000000E+00  2.78282685E-03  0.00000000E+00  0.00000000E+00  0.00000000E+00  0.00000000E+00  0.00000000E+00  4.31407260E-02  0.00000000E+00  0.00000000E+00 -8.75007074E-02
    1.137000      1   0.00000000E+00  0.00000000E+00  2.78388505E-03  0.00000000E+00  0.00000000E+00  0.00000000E+00  0.00000000E+00  0.00000000E+00  4.30532277E-02  0.00000000E+00  0.00000000E+00 -8.74982305E-02
    1.138000      1   0.00000000E+00  0.00000000E+00  2.74673717E-03  0.00000000E+00  0.00000000E+00  0.00000000E+00  0.00000000E+00  0.00000000E+00  4.29657518E-02  0.00000000E+00  0.00000000E+00 -8.74759202E-02
    1.139000      1   0.00000000E+00  0.00000000E+00  2.66248398E-03  0.00000000E+00  0.00000000E+00  0.00000000E+00  0.00000000E+00  0.00000000E+00  4.28782920E-02  0.00000000E+00  0.00000000E+00 -8.74598317E-02
    1.140000      1   0.00000000E+00  0.00000000E+00  2.68200592E-03  0.00000000E+00  0.00000000E+00  0.00000000E+00  0.00000000E+00  0.00000000E+00  4.27908211E-02  0.00000000E+00  0.00000000E+00 -8.74708423E-02
    1.141000      1   0.00000000E+00  0.00000000E+00  2.72862125E-03  0.00000000E+00  0.00000000E+00  0.00000000E+00  0.00000000E+00  0.00000000E+00  4.27033151E-02  0.00000000E+00  0.00000000E+00 -8.75060706E-02
    1.142000      1   0.00000000E+00  0.00000000E+00  2.80560758E-03  0.00000000E+00  0.00000000E+00  0.00000000E+00  0.00000000E+00  0.00000000E+00  4.26157884E-02  0.00000000E+00  0.00000000E+00 -8.75266443E-02
    1.143000      1   0.00000000E+00  0.00000000E+00  2.79181165E-03  0.00000000E+00  0.00000000E+00  0.00000000E+00  0.00000000E+00  0.00000000E+00  4.25282701E-02  0.00000000E+00  0.00000000E+00 -8.75182946E-02
    1.144000      1   0.00000000E+00  0.00000000E+00  2.77101008E-03  0.00000000E+00  0.00000000E+00  0.00000000E+00  0.00000000E+00  0.00000000E+00  4.24407830E-02  0.00000000E+00  0.00000000E+00 -8.74871011E-02
    1.145000      1   0.00000000E+00  0.00000000E+00  2.68845735E-03  0.00000000E+00  0.00000000E+00  0.00000000E+00  0.00000000E+00  0.00000000E+00  4.23533189E-02  0.00000000E+00  0.00000000E+00 -8.74641170E-02
    1.146000      1   0.00000000E+00  0.00000000E+00  2.69016762E-03  0.00000000E+00  0.00000000E+00  0.00000000E+00  0.00000000E+00  0.00000000E+00  4.22658564E-02  0.00000000E+00  0.00000000E+00 -8.74625629E-02
    1.147000      1   0.00000000E+00  0.00000000E+00  2.73057899E-03  0.00000000E+00  0.00000000E+00  0.00000000E+00  0.00000000E+00  0.00000000E+00  4.21783685E-02  0.00000000E+00  0.00000000E+00 -8.74878179E-02
    1.148000      1   0.00000000E+00  0.00000000E+00  2.75741316E-03  0.00000000E+00  0.00000000E+00  0.00000000E+00  0.00000000E+00  0.00000000E+00  4.20908632E-02  0.00000000E+00  0.00000000E+00 -8.75053649E-02
    1.149000      1   0.00000000E+00  0.00000000E+00  2.80793219E-03  0.00000000E+00  0.00000000E+00  0.00000000E+00  0.00000000E+00  0.00000000E+00  4.20033583E-02  0.00000000E+00  0.00000000E+00 -8.75048949E-02
    1.150000      1   0.00000000E+00  0.00000000E+00  2.76612672E-03  0.00000000E+00  0.00000000E+00  0.00000000E+00  0.00000000E+00  0.00000000E+00  4.19158716E-02  0.00000000E+00  0.00000000E+00 -8.74866785E-02
    1.151000      1   0.00000000E+00  0.00000000E+00  2.70680302E-03  0.00000000E+00  0.00000000E+00  0.00000000E+00  0.00000000E+00  0.00000000E+00  4.18284123E-02  0.00000000E+00  0.00000000E+00 -8.74592636E-02
    1.152000      1   0.00000000E+00  0.00000000E+00  2.67789671E-03  0.00000000E+00  0.00000000E+00  0.00000000E+00  0.00000000E+00  0.00000000E+00  4.17409563E-02  0.00000000E+00  0.00000000E+00 -8.74560691E-02
    1.153000      1   0.00000000E+00  0.00000000E+00  2.69394065E-03  0.00000000E+00  0.00000000E+00  0.00000000E+00  0.00000000E+00  0.00000000E+00  4.16534788E-02  0.00000000E+00  0.00000000E+00 -8.74774691E-02
    1.154000      1   0.00000000E+00  0.00000000E+00  2.73049133E-03  0.00000000E+00  0.00000000E+00  0.00000000E+00  0.00000000E+00  0.00000000E+00  4.15659733E-02  0.00000000E+00  0.00000000E+00 -8.75055252E-02
    1.155000      1   0.00000000E+00  0.00000000E+00  2.80060356E-03  0.00000000E+00  0.00000000E+00  0.00000000E+00  0.00000000E+00  0.00000000E+00  4.14784514E-02  0.00000000E+00  0.00000000E+00 -8.75218486E-02
    1.156000      1   0.00000000E+00  0.00000000E+00  2.79030994E-03  0.00000000E+00  0.00000000E+00  0.00000000E+00  0.00000000E+00  0.00000000E+00  4.13909377E-02  0.00000000E+00  0.00000000E+00 -8.75137696E-02
    1.157000      1   0.00000000E+00  0.00000000E+00  2.74690725E-03  0.00000000E+00  0.00000000E+00  0.00000000E+00  0.00000000E+00  0.00000000E+00  4.13034532E-02  0.00000000E+00  0.00000000E+00 -8.74844851E-02
    1.158000      1   0.00000000E+00  0.00000000E+00  2.67464386E-03  0.00000000E+00  0.00000000E+00  0.00000000E+00  0.00000000E+00  0.00000000E+00  4.12159869E-02  0.00000000E+00  0.00000000E+00 -8.74662564E-02
    1.159000      1   0.00000000E+00  0.00000000E+00  2.69360177E-03  0.00000000E+00  0.00000000E+00  0.00000000E+00  0.00000000E+00  0.00000000E+00  4.11285119E-02  0.00000000E+00  0.00000000E+00 -8.74750608E-02
    1.160000      1   0.00000000E+00  0.00000000E+00  2.73672631E-03  0.00000000E+00  0.00000000E+00  0.00000000E+00  0.00000000E+00  0.00000000E+00  4.10410076E-02  0.00000000E+00  0.00000000E+00 -8.75042451E-02
    1.161000      1   0.00000000E+00  0.00000000E+00  2.77695375E-03  0.00000000E+00  0.00000000E+00  0.00000000E+00  0.00000000E+00  0.00000000E+00  4.09534880E-02  0.00000000E+00  0.00000000E+00 -8.75195772E-02
    1.162000      1   0.00000000E+00  0.00000000E+00  2.77830032E-03  0.00000000E+00  0.00000000E+00  0.00000000E+00  0.00000000E+00  0.00000000E+00  4.08659744E-02  0.00000000E+00  0.00000000E+00 -8.75136328E-02
    1.163000      1   0.00000000E+00  0.00000000E+00  2.78607794E-03  0.00000000E+00  0.00000000E+00  0.00000000E+00  0.00000000E+00  0.00000000E+00  4.07784802E-02  0.00000000E+00  0.00000000E+00 -8.74942390E-02
    1.164000      1   0.00000000E+00  0.00000000E+00  2.69709091E-03  0.00000000E+00  0.00000000E+00  0.00000000E+00  0.00000000E+00  0.00000000E+00  4.06910071E-02  0.00000000E+00  0.00000000E+00 -8.74730276E-02
    1.165000      1   0.00000000E+00  0.00000000E+00  2.67803104E-03  0.00000000E+00  0.00000000E+00  0.00000000E+00  0.00000000E+00  0.00000000E+00  4.06035421E-02  0.00000000E+00  0.00000000E+00 -8.74649982E-02
    1.166000      1   0.00000000E+00  0.00000000E+00  2.70077307E-03  0.00000000E+00  0.00000000E+00  0.00000000E+00  0.00000000E+00  0.00000000E+00  4.05160526E-02  0.00000000E+00  0.00000000E+00 -8.74895641E-02
    1.167000      1   0.00000000E+00  0.00000000E+00  2.77123788E-03  0.00000000E+00  0.00000000E+00  0.00000000E+00  0.00000000E+00  0.00000000E+00  4.04285362E-02  0.00000000E+00  0.00000000E+00 -8.75163678E-02
    1.168000      1   0.00000000E+00  0.00000000E+00  2.83319691E-03  0.00000000E+00  0.00000000E+00  0.00000000E+00  0.00000000E+00  0.00000000E+00  4.03410130E-02  0.00000000E+00  0.00000000E+00 -8.75232418E-02
    1.169000      1   0.00000000E+00  0.00000000E+00  2.76211962E-03  0.00000000E+00  0.00000000E+00  0.00000000E+00  0.00000000E+00  0.00000000E+00  4.02535169E-02  0.00000000E+00  0.00000000E+00 -8.74960173E-02
    1.170000      1   0.00000000E+00  0.00000000E+00  2.70757710E-03  0.00000000E+00  0.00000000E+00  0.00000000E+00  0.00000000E+00  0.00000000E+00  4.01660559E-02  0.00000000E+00  0.00000000E+00 -8.74610138E-02
    1.171000      1   0.00000000E+00  0.00000000E+00  2.68995553E-03  0.00000000E+00  0.00000000E+00  0.00000000E+00  0.00000000E+00  0.00000000E+00  4.00785969E-02  0.00000000E+00  0.00000000E+00 -8.74589983E-02
    1.172000      1   0.00000000E+00  0.00000000E+00  2.70331040E-03  0.00000000E+00  0.00000000E+00  0.00000000E+00  0.00000000E+00  0.00000000E+00  3.99911189E-02  0.00000000E+00  0.00000000E+00 -8.74780116E-02
    1.173000      1   0.00000000E+00  0.00000000E+00  2.71747909E-03  0.00000000E+00  0.00000000E+00  0.00000000E+00  0.00000000E+00  0.00000000E+00  3.99036185E-02  0.00000000E+00  0.00000000E+00 -8.75004505E-02
    1.174000      1   0.00000000E+00  0.00000000E+00  2.77099809E-03  0.00000000E+00  0.00000000E+00  0.00000000E+00  0.00000000E+00  0.00000000E+00  3.98161025E-02  0.00000000E+00  0.00000000E+00 -8.75159978E-02
    1.175000      1   0.00000000E+00  0.00000000E+00  2.80175268E-03  0.00000000E+00  0.00000000E+00  0.00000000E+00  0.00000000E+00  0.00000000E+00  3.97285850E-02  0.00000000E+00  0.00000000E+00 -8.75174277E-02
    1.176000      1   0.00000000E+00  0.00000000E+00  2.75617306E-03  0.00000000E+00  0.00000000E+00  0.00000000E+00  0.00000000E+00  0.00000000E+00  3.96410892E-02  0.00000000E+00  0.00000000E+00 -8.74958425E-02
    1.177000      1   0.00000000E+00  0.00000000E+00  2.67663561E-03  0.00000000E+00  0.00000000E+00  0.00000000E+00  0.00000000E+00  0.00000000E+00  3.95536170E-02  0.00000000E+00  0.00000000E+00 -8.74722173E-02
    1.178000      1   0.00000000E+00  0.00000000E+00  2.67324577E-03  0.00000000E+00  0.00000000E+00  0.00000000E+00  0.00000000E+00  0.00000000E+00  3.94661394E-02  0.00000000E+00  0.00000000E+00 -8.74776264E-02
    1.179000      1   0.00000000E+00  0.00000000E+00  2.72630274E-03  0.00000000E+00  0.00000000E+00  0.00000000E+00  0.00000000E+00  0.00000000E+00  3.93786296E-02  0.00000000E+00  0.00000000E+00 -8.75097563E-02
    1.180000      1   0.00000000E+00  0.00000000E+00  2.79429168E-03  0.00000000E+00  0.00000000E+00  0.00000000E+00  0.00000000E+00  0.00000000E+00  3.92910960E-02  0.00000000E+00  0.00000000E+00 -8.75336170E-02
    1.181000      1   0.00000000E+00  0.00000000E+00  2.80471753E-03  0.00000000E+00  0.00000000E+00  0.00000000E+00  0.00000000E+00  0.00000000E+00  3.92035680E-02  0.00000000E+00  0.00000000E+00 -8.75280298E-02
    1.182000      1   0.00000000E+00  0.00000000E+00  2.78165132E-03  0.00000000E+00  0.00000000E+00  0.00000000E+00  0.00000000E+00  0.00000000E+00  3.91160697E-02  0.00000000E+00  0.00000000E+00 -8.74982704E-02
    1.183000      1   0.00000000E+00  0.00000000E+00  2.69890404E-03  0.00000000E+00  0.00000000E+00  0.00000000E+00  0.00000000E+00  0.00000000E+00  3.90286005E-02  0.00000000E+00  0.00000000E+00 -8.74691659E-02
    1.184000      1   0.00000000E+00  0.00000000E+00  2.68384496E-03  0.00000000E+00  0.00000000E+00  0.00000000E+00  0.00000000E+00  0.00000000E+00  3.89411382E-02  0.00000000E+00  0.00000000E+00 -8.74622697E-02
    1.185000      1   0.00000000E+00  0.00000000E+00  2.71247691E-03  0.00000000E+00  0.00000000E+00  0.00000000E+00  0.00000000E+00  0.00000000E+00  3.88536530E-02  0.00000000E+00  0.00000000E+00 -8.74852120E-02
    1.186000      1   0.00000000E+00  0.00000000E+00  2.75141721E-03  0.00000000E+00  0.00000000E+00  0.00000000E+00  0.00000000E+00  0.00000000E+00  3.87661450E-02  0.00000000E+00  0.00000000E+00 -8.75080366E-02
    1.187000      1   0.00000000E+00  0.00000000E+00  2.81274624E-03  0.00000000E+00  0.00000000E+00  0.00000000E+00  0.00000000E+00  0.00000000E+00  3.86786304E-02  0.00000000E+00  0.00000000E+00 -8.75145719E-02
    1.188000      1   0.00000000E+00  0.00000000E+00  2.78416534E-03  0.00000000E+00  0.00000000E+00  0.00000000E+00  0.00000000E+00  0.00000000E+00  3.85911330E-02  0.00000000E+00  0.00000000E+00 -8.74974733E-02
    1.189000      1   0.00000000E+00  0.00000000E+00  2.71055932E-03  0.00000000E+00  0.00000000E+00  0.00000000E+00  0.00000000E+00  0.00000000E+00  3.85036677E-02  0.00000000E+00  0.00000000E+00 -8.74652876E-02
    1.190000      1   0.00000000E+00  0.00000000E+00  2.65465023E-03  0.00000000E+00  0.00000000E+00  0.00000000E+00  0.00000000E+00  0.00000000E+00  3.84162122E-02  0.00000000E+00  0.00000000E+00 -8.74555046E-02
    1.191000      1   0.00000000E+00  0.00000000E+00  2.70274331E-03  0.00000000E+00  0.00000000E+00  0.00000000E+00  0.00000000E+00  0.00000000E+00  3.83287324E-02  0.00000000E+00  0.00000000E+00 -8.74797818E-02
    1.192000      1   0.00000000E+00  0.00000000E+00  2.72362793E-03  0.00000000E+00  0.00000000E+00  0.00000000E+00  0.00000000E+00  0.00000000E+00  3.82412185E-02  0.00000000E+00  0.00000000E+00 -8.75139158E-02
    1.193000      1   0.00000000E+00  0.00000000E+00  2.79635516E-03  0.00000000E+00  0.00000000E+00  0.00000000E+00  0.00000000E+00  0.00000000E+00  3.81536899E-02  0.00000000E+00  0.00000000E+00 -8.75285620E-02
    1.194000      1   0.00000000E+00  0.00000000E+00  2.80178671E-03  0.00000000E+00  0.00000000E+00  0.00000000E+00  0.00000000E+00  0.00000000E+00  3.80661664E-02  0.00000000E+00  0.00000000E+00 -8.75234884E-02
    1.195000      1   0.00000000E+00  0.00000000E+00  2.75170849E-03  0.00000000E+00  0.00000000E+00  0.00000000E+00  0.00000000E+00  0.00000000E+00  3.79786728E-02  0.00000000E+00  0.00000000E+00 -8.74935695E-02
    1.196000      1   0.00000000E+00  0.00000000E+00  2.68660522E-03  0.00000000E+00  0.00000000E+00  0.00000000E+00  0.00000000E+00  0.00000000E+00  3.78912021E-02  0.00000000E+00  0.00000000E+00 -8.74707227E-02
    1.197000      1   0.00000000E+00  0.00000000E+00  2.68077737E-03  0.00000000E+00  0.00000000E+00  0.00000000E+00  0.00000000E+00  0.00000000E+00  3.78037263E-02  0.00000000E+00  0.00000000E+00 -8.74758350E-02
    1.198000      1   0.00000000E+00  0.00000000E+00  2.73855558E-03  0.00000000E+00  0.00000000E+00  0.00000000E+00  0.00000000E+00  0.00000000E+00  3.77162229E-02  0.00000000E+00  0.00000000E+00 -8.75033589E-02
    1.199000      1   0.00000000E+00  0.00000000E+00  2.77643775E-03  0.00000000E+00  0.00000000E+00  0.00000000E+00  0.00000000E+00  0.00000000E+00  3.76287003E-02  0.00000000E+00  0.00000000E+00 -8.75225792E-02
    1.200000      1   0.00000000E+00  0.00000000E+00  2.79205485E-03  0.00000000E+00  0.00000000E+00  0.00000000E+00  0.00000000E+00  0.00000000E+00  3.75411842E-02  0.00000000E+00  0.00000000E+00 -8.75161253E-02
    1.201000      1   0.00000000E+00  0.00000000E+00  2.78230301E-03  0.00000000E+00  0.00000000E+00  0.00000000E+00  0.00000000E+00  0.00000000E+00  3.74536898E-02  0.00000000E+00  0.00000000E+00 -8.74944686E-02
    1.202000      1   0.00000000E+00  0.00000000E+00  2.69157677E-03  0.00000000E+00  0.00000000E+00  0.00000000E+00  0.00000000E+00  0.00000000E+00  3.73662203E-02  0.00000000E+00  0.00000000E+00 -8.74694076E-02
    1.203000      1   0.00000000E+00  0.00000000E+00  2.69330949E-03  0.00000000E+00  0.00000000E+00  0.00000000E+00  0.00000000E+00  0.00000000E+00  3.72787568E-02  0.00000000E+00  0.00000000E+00 -8.74635931E-02
    1.204000      1   0.00000000E+00  0.00000000E+00  2.70049925E-03  0.00000000E+00  0.00000000E+00  0.00000000E+00  0.00000000E+00  0.00000000E+00  3.71912695E-02  0.00000000E+00  0.00000000E+00 -8.74872680E-02
    1.205000      1   0.00000000E+00  0.00000000E+00  2.75083171E-03  0.00000000E+00  0.00000000E+00  0.00000000E+00  0.00000000E+00  0.00000000E+00  3.71037604E-02  0.00000000E+00  0.00000000E+00 -8.75091025E-02
    1.206000      1   0.00000000E+00  0.00000000E+00  2.82035769E-03  0.00000000E+00  0.00000000E+00  0.00000000E+00  0.00000000E+00  0.00000000E+00  3.70162407E-02  0.00000000E+00  0.00000000E+00 -8.75196750E-02
    1.207000      1   0.00000000E+00  0.00000000E+00  2.77526322E-03  0.00000000E+00  0.00000000E+00  0.00000000E+00  0.00000000E+00  0.00000000E+00  3.69287393E-02  0.00000000E+00  0.00000000E+00 -8.75014227E-02
    1.208000      1   0.00000000E+00  0.00000000E+00  2.72132164E-03  0.00000000E+00  0.00000000E+00  0.00000000E+00  0.00000000E+00  0.00000000E+00  3.68412710E-02  0.00000000E+00  0.00000000E+00 -8.74683114E-02
    1.209000      1   0.00000000E+00  0.00000000E+00  2.67351562E-03  0.00000000E+00  0.00000000E+00  0.00000000E+00  0.00000000E+00  0.00000000E+00  3.67538114E-02  0.00000000E+00  0.00000000E+00 -8.74595489E-02
    1.210000      1   0.00000000E+00  0.00000000E+00  2.70257887E-03  0.00000000E+00  0.00000000E+00  0.00000000E+00  0.00000000E+00  0.00000000E+00  3.66663345E-02  0.00000000E+00  0.00000000E+00 -8.74769555E-02
    1.211000      1   0.00000000E+00  0.00000000E+00  2.72493569E-03  0.00000000E+00  0.00000000E+00  0.00000000E+00  0.00000000E+00  0.00000000E+00  3.65788295E-02  0.00000000E+00  0.00000000E+00 -8.75049228E-02
    1.212000      1   0.00000000E+00  0.00000000E+00  2.77585676E-03  0.00000000E+00  0.00000000E+00  0.00000000E+00  0.00000000E+00  0.00000000E+00  3.64913102E-02  0.00000000E+00  0.00000000E+00 -8.75193917E-02
    1.213000      1   0.00000000E+00  0.00000000E+00  2.81136417E-03  0.00000000E+00  0.00000000E+00  0.00000000E+00  0.00000000E+00  0.00000000E+00  3.64037926E-02  0.00000000E+00  0.00000000E+00 -8.75175135E-02
    1.214000      1   0.00000000E+00  0.00000000E+00  2.76003951E-03  0.00000000E+00  0.00000000E+00  0.00000000E+00  0.00000000E+00  0.00000000E+00  3.63163000E-02  0.00000000E+00  0.00000000E+00 -8.74926330E-02
    1.215000      1   0.00000000E+00  0.00000000E+00  2.68097206E-03  0.00000000E+00  0.00000000E+00  0.00000000E+00  0.00000000E+00  0.00000000E+00  3.62288348E-02  0.00000000E+00  0.00000000E+00 -8.74651675E-02
    1.216000      1   0.00000000E+00  0.00000000E+00  2.67712208E-03  0.00000000E+00  0.00000000E+00  0.00000000E+00  0.00000000E+00  0.00000000E+00  3.61413663E-02  0.00000000E+00  0.00000000E+00 -8.74685400E-02
    1.217000      1   0.00000000E+00  0.00000000E+00  2.73223082E-03  0.00000000E+00  0.00000000E+00  0.00000000E+00  0.00000000E+00  0.00000000E+00  3.60538677E-02  0.00000000E+00  0.00000000E+00 -8.74985603E-02
    1.218000      1   0.00000000E+00  0.00000000E+00  2.79291909E-03  0.00000000E+00  0.00000000E+00  0.00000000E+00  0.00000000E+00  0.00000000E+00  3.59663476E-02  0.00000000E+00  0.00000000E+00 -8.75200996E-02
    1.219000      1   0.00000000E+00  0.00000000E+00  2.81675148E-03  0.00000000E+00  0.00000000E+00  0.00000000E+00  0.00000000E+00  0.00000000E+00  3.58788348E-02  0.00000000E+00  0.00000000E+00 -8.75128083E-02
    1.220000      1   0.00000000E+00  0.00000000E+00  2.75704943E-03  0.00000000E+00  0.00000000E+00  0.00000000E+00  0.00000000E+00  0.00000000E+00  3.57913535E-02  0.00000000E+00  0.00000000E+00 -8.74813715E-02
    1.221000      1   0.00000000E+00  0.00000000E+00  2.69837557E-03  0.00000000E+00  0.00000000E+00  0.00000000E+00  0.00000000E+00  0.00000000E+00  3.57039008E-02  0.00000000E+00  0.00000000E+00 -8.74526655E-02
    1.222000      1   0.00000000E+00  0.00000000E+00  2.69499608E-03  0.00000000E+00  0.00000000E+00  0.00000000E+00  0.00000000E+00  0.00000000E+00  3.56164469E-02  0.00000000E+00  0.00000000E+00 -8.74539424E-02
    1.223000      1   0.00000000E+00  0.00000000E+00  2.72099994E-03  0.00000000E+00  0.00000000E+00  0.00000000E+00  0.00000000E+00  0.00000000E+00  3.55289718E-02  0.00000000E+00  0.00000000E+00 -8.74750863E-02
    1.224000      1   0.00000000E+00  0.00000000E+00  2.74636508E-03  0.00000000E+00  0.00000000E+00  0.00000000E+00  0.00000000E+00  0.00000000E+00  3.54414790E-02  0.00000000E+00  0.00000000E+00 -8.74927415E-02
    1.225000      1   0.00000000E+00  0.00000000E+00  2.80285865E-03  0.00000000E+00  0.00000000E+00  0.00000000E+00  0.00000000E+00  0.00000000E+00  3.53539817E-02  0.00000000E+00  0.00000000E+00 -8.74973712E-02
    1.226000      1   0.00000000E+00  0.00000000E+00  2.77567645E-03  0.00000000E+00  0.00000000E+00  0.00000000E+00  0.00000000E+00  0.00000000E+00  3.52664980E-02  0.00000000E+00  0.00000000E+00 -8.74836803E-02
    1.227000      1   0.00000000E+00  0.00000000E+00  2.72699500E-03  0.00000000E+00  0.00000000E+00  0.00000000E+00  0.00000000E+00  0.00000000E+00  3.51790417E-02  0.00000000E+00  0.00000000E+00 -8.74562429E-02
    1.228000      1   0.00000000E+00  0.00000000E+00  2.65869395E-03  0.00000000E+00  0.00000000E+00  0.00000000E+00  0.00000000E+00  0.00000000E+00  3.50915954E-02  0.00000000E+00  0.00000000E+00 -8.74463413E-02
    1.229000      1   0.00000000E+00  0.00000000E+00  2.70256274E-03  0.00000000E+00  0.00000000E+00  0.00000000E+00  0.00000000E+00  0.00000000E+00  3.50041309E-02  0.00000000E+00  0.00000000E+00 -8.74645058E-02
    1.230000      1   0.00000000E+00  0.00000000E+00  2.73776330E-03  0.00000000E+00  0.00000000E+00  0.00000000E+00  0.00000000E+00  0.00000000E+00  3.49166335E-02  0.00000000E+00  0.00000000E+00 -8.74973436E-02
    1.231000      1   0.00000000E+00  0.00000000E+00  2.80211997E-03  0.00000000E+00  0.00000000E+00  0.00000000E+00  0.00000000E+00  0.00000000E+00  3.48291240E-02  0.00000000E+00  0.00000000E+00 -8.75095494E-02
    1.232000      1   0.00000000E+00  0.00000000E+00  2.80162479E-03  0.00000000E+00  0.00000000E+00  0.00000000E+00  0.00000000E+00  0.00000000E+00  3.47416252E-02  0.00000000E+00  0.00000000E+00 -8.74988141E-02
    1.233000      1   0.00000000E+00  0.00000000E+00  2.75693403E-03  0.00000000E+00  0.00000000E+00  0.00000000E+00  0.00000000E+00  0.00000000E+00  3.46541581E-02  0.00000000E+00  0.00000000E+00 -8.74670307E-02
    1.234000      1   0.00000000E+00  0.00000000E+00  2.69120812E-03  0.00000000E+00  0.00000000E+00  0.00000000E+00  0.00000000E+00  0.00000000E+00  3.45667148E-02  0.00000000E+00  0.00000000E+00 -8.74433129E-02
    1.235000      1   0.00000000E+00  0.00000000E+00  2.69237708E-03  0.00000000E+00  0.00000000E+00  0.00000000E+00  0.00000000E+00  0.00000000E+00  3.44792689E-02  0.00000000E+00  0.00000000E+00 -8.74458951E-02
    1.236000      1   0.00000000E+00  0.00000000E+00  2.74475889E-03  0.00000000E+00  0.00000000E+00  0.00000000E+00  0.00000000E+00  0.00000000E+00  3.43917991E-02  0.00000000E+00  0.00000000E+00 -8.74698560E-02
    1.237000      1   0.00000000E+00  0.00000000E+00  2.77614431E-03  0.00000000E+00  0.00000000E+00  0.00000000E+00  0.00000000E+00  0.00000000E+00  3.43043149E-02  0.00000000E+00  0.00000000E+00 -8.74841699E-02
    1.238000      1   0.00000000E+00  0.00000000E+00  2.80447968E-03  0.00000000E+00  0.00000000E+00  0.00000000E+00  0.00000000E+00  0.00000000E+00  3.42168392E-02  0.00000000E+00  0.00000000E+00 -8.74757306E-02
    1.239000      1   0.00000000E+00  0.00000000E+00  2.76886789E-03  0.00000000E+00  0.00000000E+00  0.00000000E+00  0.00000000E+00  0.00000000E+00  3.41293872E-02  0.00000000E+00  0.00000000E+00 -8.74519731E-02
    1.240000      1   0.00000000E+00  0.00000000E+00  2.69565674E-03  0.00000000E+00  0.00000000E+00  0.00000000E+00  0.00000000E+00  0.00000000E+00  3.40419620E-02  0.00000000E+00  0.00000000E+00 -8.74252074E-02
    1.241000      1   0.00000000E+00  0.00000000E+00  2.68611822E-03  0.00000000E+00  0.00000000E+00  0.00000000E+00  0.00000000E+00  0.00000000E+00  3.39545389E-02  0.00000000E+00  0.00000000E+00 -8.74230837E-02
    1.242000      1   0.00000000E+00  0.00000000E+00  2.70675532E-03  0.00000000E+00  0.00000000E+00  0.00000000E+00  0.00000000E+00  0.00000000E+00  3.38670922E-02  0.00000000E+00  0.00000000E+00 -8.74466904E-02
    1.243000      1   0.00000000E+00  0.00000000E+00  2.75196371E-03  0.00000000E+00  0.00000000E+00  0.00000000E+00  0.00000000E+00  0.00000000E+00  3.37796224E-02  0.00000000E+00  0.00000000E+00 -8.74697803E-02
    1.244000      1   0.00000000E+00  0.00000000E+00  2.81124955E-03  0.00000000E+00  0.00000000E+00  0.00000000E+00  0.00000000E+00  0.00000000E+00  3.36921443E-02  0.00000000E+00  0.00000000E+00 -8.74780980E-02
    1.245000      1   0.00000000E+00  0.00000000E+00  2.77274272E-03  0.00000000E+00  0.00000000E+00  0.00000000E+00  0.00000000E+00  0.00000000E+00  3.36046833E-02  0.00000000E+00  0.00000000E+00 -8.74610846E-02
    1.246000      1   0.00000000E+00  0.00000000E+00  2.74203520E-03  0.00000000E+00  0.00000000E+00  0.00000000E+00  0.00000000E+00  0.00000000E+00  3.35172519E-02  0.00000000E+00  0.00000000E+00 -8.74314103E-02
    1.247000      1   0.00000000E+00  0.00000000E+00  2.67183378E-03  0.00000000E+00  0.00000000E+00  0.00000000E+00  0.00000000E+00  0.00000000E+00  3.34298320E-02  0.00000000E+00  0.00000000E+00 -8.74198126E-02
    1.248000      1   0.00000000E+00  0.00000000E+00  2.71724735E-03  0.00000000E+00  0.00000000E+00  0.00000000E+00  0.00000000E+00  0.00000000E+00  3.33424013E-02  0.00000000E+00  0.00000000E+00 -8.74307140E-02
    1.249000      1   0.00000000E+00  0.00000000E+00  2.74926826E-03  0.00000000E+00  0.00000000E+00  0.00000000E+00  0.00000000E+00  0.00000000E+00  3.32549447E-02  0.00000000E+00  0.00000000E+00 -8.74566396E-02
    1.250000      1   0.00000000E+00  0.00000000E+00  2.77639063E-03  0.00000000E+00  0.00000000E+00  0.00000000E+00  0.00000000E+00  0.00000000E+00  3.31674827E-02  0.00000000E+00  0.00000000E+00 -8.74619883E-02
    1.251000      1   0.00000000E+00  0.00000000E+00  2.77667158E-03  0.00000000E+00  0.00000000E+00  0.00000000E+00  0.00000000E+00  0.00000000E+00  3.30800307E-02  0.00000000E+00  0.00000000E+00 -8.74520245E-02
    1.252000      1   0.00000000E+00  0.00000000E+00  2.78728316E-03  0.00000000E+00  0.00000000E+00  0.00000000E+00  0.00000000E+00  0.00000000E+00  3.29925976E-02  0.00000000E+00  0.00000000E+00 -8.74331037E-02
    1.253000      1   0.00000000E+00  0.00000000E+00  2.70189808E-03  0.00000000E+00  0.00000000E+00  0.00000000E+00  0.00000000E+00  0.00000000E+00  3.29051854E-02  0.00000000E+00  0.00000000E+00 -8.74122140E-02
    1.254000      1   0.00000000E+00  0.00000000E+00  2.68356020E-03  0.00000000E+00  0.00000000E+00  0.00000000E+00  0.00000000E+00  0.00000000E+00  3.28177824E-02  0.00000000E+00  0.00000000E+00 -8.74029388E-02
    1.255000      1   0.00000000E+00  0.00000000E+00  2.71376544E-03  0.00000000E+00  0.00000000E+00  0.00000000E+00  0.00000000E+00  0.00000000E+00  3.27303575E-02  0.00000000E+00  0.00000000E+00 -8.74249481E-02
    1.256000      1   0.00000000E+00  0.00000000E+00  2.78240498E-03  0.00000000E+00  0.00000000E+00  0.00000000E+00  0.00000000E+00  0.00000000E+00  3.26429098E-02  0.00000000E+00  0.00000000E+00 -8.74476384E-02
    1.257000      1   0.00000000E+00  0.00000000E+00  2.82621414E-03  0.00000000E+00  0.00000000E+00  0.00000000E+00  0.00000000E+00  0.00000000E+00  3.25554616E-02  0.00000000E+00  0.00000000E+00 -8.74482707E-02
    1.258000      1   0.00000000E+00  0.00000000E+00  2.76259866E-03  0.00000000E+00  0.00000000E+00  0.00000000E+00  0.00000000E+00  0.00000000E+00  3.24680429E-02  0.00000000E+00  0.00000000E+00 -8.74186136E-02
    1.259000      1   0.00000000E+00  0.00000000E+00  2.71929223E-03  0.00000000E+00  0.00000000E+00  0.00000000E+00  0.00000000E+00  0.00000000E+00  3.23806571E-02  0.00000000E+00  0.00000000E+00 -8.73858186E-02
    1.260000      1   0.00000000E+00  0.00000000E+00  2.70429882E-03  0.00000000E+00  0.00000000E+00  0.00000000E+00  0.00000000E+00  0.00000000E+00  3.22932756E-02  0.00000000E+00  0.00000000E+00 -8.73815741E-02
    1.261000      1   0.00000000E+00  0.00000000E+00  2.71563952E-03  0.00000000E+00  0.00000000E+00  0.00000000E+00  0.00000000E+00  0.00000000E+00  3.22058814E-02  0.00000000E+00  0.00000000E+00 -8.73942036E-02
    1.262000      1   0.00000000E+00  0.00000000E+00  2.72457243E-03  0.00000000E+00  0.00000000E+00  0.00000000E+00  0.00000000E+00  0.00000000E+00  3.21184716E-02  0.00000000E+00  0.00000000E+00 -8.74097516E-02
    1.263000      1   0.00000000E+00  0.00000000E+00  2.79303229E-03  0.00000000E+00  0.00000000E+00  0.00000000E+00  0.00000000E+00  0.00000000E+00  3.20310516E-02  0.00000000E+00  0.00000000E+00 -8.74199955E-02
    1.264000      1   0.00000000E+00  0.00000000E+00  2.79402308E-03  0.00000000E+00  0.00000000E+00  0.00000000E+00  0.00000000E+00  0.00000000E+00  3.19436364E-02  0.00000000E+00  0.00000000E+00 -8.74151993E-02
    1.265000      1   0.00000000E+00  0.00000000E+00  2.75808934E-03  0.00000000E+00  0.00000000E+00  0.00000000E+00  0.00000000E+00  0.00000000E+00  3.18562487E-02  0.00000000E+00  0.00000000E+00 -8.73877446E-02
    1.266000      1   0.00000000E+00  0.00000000E+00  2.67107689E-03  0.00000000E+00  0.00000000E+00  0.00000000E+00  0.00000000E+00  0.00000000E+00  3.17688823E-02  0.00000000E+00  0.00000000E+00 -8.73663191E-02
    1.267000      1   0.00000000E+00  0.00000000E+00  2.68929320E-03  0.00000000E+00  0.00000000E+00  0.00000000E+00  0.00000000E+00  0.00000000E+00  3.16815103E-02  0.00000000E+00  0.00000000E+00 -8.73720819E-02
    1.268000      1   0.00000000E+00  0.00000000E+00  2.73224955E-03  0.00000000E+00  0.00000000E+00  0.00000000E+00  0.00000000E+00  0.00000000E+00  3.15941071E-02  0.00000000E+00  0.00000000E+00 -8.74031995E-02
    1.269000      1   0.00000000E+00  0.00000000E+00  2.81428078E-03  0.00000000E+00  0.00000000E+00  0.00000000E+00  0.00000000E+00  0.00000000E+00  3.15066863E-02  0.00000000E+00  0.00000000E+00 -8.74207383E-02
    1.270000      1   0.00000000E+00  0.00000000E+00  2.79921433E-03  0.00000000E+00  0.00000000E+00  0.00000000E+00  0.00000000E+00  0.00000000E+00  3.14192767E-02  0.00000000E+00  0.00000000E+00 -8.74096633E-02
    1.271000      1   0.00000000E+00  0.00000000E+00  2.78057982E-03  0.00000000E+00  0.00000000E+00  0.00000000E+00  0.00000000E+00  0.00000000E+00  3.13319023E-02  0.00000000E+00  0.00000000E+00 -8.73743123E-02
    1.272000      1   0.00000000E+00  0.00000000E+00  2.69992409E-03  0.00000000E+00  0.00000000E+00  0.00000000E+00  0.00000000E+00  0.00000000E+00  3.12445551E-02  0.00000000E+00  0.00000000E+00 -8.73472047E-02
    1.273000      1   0.00000000E+00  0.00000000E+00  2.70017746E-03  0.00000000E+00  0.00000000E+00  0.00000000E+00  0.00000000E+00  0.00000000E+00  3.11572147E-02  0.00000000E+00  0.00000000E+00 -8.73404800E-02
    1.274000      1   0.00000000E+00  0.00000000E+00  2.73093024E-03  0.00000000E+00  0.00000000E+00  0.00000000E+00  0.00000000E+00  0.00000000E+00  3.10698545E-02  0.00000000E+00  0.00000000E+00 -8.73601990E-02
    1.275000      1   0.00000000E+00  0.00000000E+00  2.77058922E-03  0.00000000E+00  0.00000000E+00  0.00000000E+00  0.00000000E+00  0.00000000E+00  3.09824801E-02  0.00000000E+00  0.00000000E+00 -8.73743966E-02
    1.276000      1   0.00000000E+00  0.00000000E+00  2.82083392E-03  0.00000000E+00  0.00000000E+00  0.00000000E+00  0.00000000E+00  0.00000000E+00  3.08951086E-02  0.00000000E+00  0.00000000E+00 -8.73714812E-02
    1.277000      1   0.00000000E+00  0.00000000E+00  2.77634843E-03  0.00000000E+00  0.00000000E+00  0.00000000E+00  0.00000000E+00  0.00000000E+00  3.08077619E-02  0.00000000E+00  0.00000000E+00 -8.73466560E-02
    1.278000      1   0.00000000E+00  0.00000000E+00  2.71289767E-03  0.00000000E+00  0.00000000E+00  0.00000000E+00  0.00000000E+00  0.00000000E+00  3.07204487E-02  0.00000000E+00  0.00000000E+00 -8.73131965E-02
    1.279000      1   0.00000000E+00  0.00000000E+00  2.68423735E-03  0.00000000E+00  0.00000000E+00  0.00000000E+00  0.00000000E+00  0.00000000E+00  3.06331432E-02  0.00000000E+00  0.00000000E+00 -8.73055672E-02
    1.280000      1   0.00000000E+00  0.00000000E+00  2.70915795E-03  0.00000000E+00  0.00000000E+00  0.00000000E+00  0.00000000E+00  0.00000000E+00  3.05458193E-02  0.00000000E+00  0.00000000E+00 -8.73238443E-02
    1.281000      1   0.00000000E+00  0.00000000E+00  2.73577235E-03  0.00000000E+00  0.00000000E+00  0.00000000E+00  0.00000000E+00  0.00000000E+00  3.04584722E-02  0.00000000E+00  0.00000000E+00 -8.73471270E-02
    1.282000      1   0.00000000E+00  0.00000000E+00  2.79964777E-03  0.00000000E+00  0.00000000E+00  0.00000000E+00  0.00000000E+00  0.00000000E+00  3.03711147E-02  0.00000000E+00  0.00000000E+00 -8.73575190E-02
    1.283000      1   0.00000000E+00  0.00000000E+00  2.80058461E-03  0.00000000E+00  0.00000000E+00  0.00000000E+00  0.00000000E+00  0.00000000E+00  3.02837668E-02  0.00000000E+00  0.00000000E+00 -8.73478747E-02
    1.284000      1   0.00000000E+00  0.00000000E+00  2.76995574E-03  0.00000000E+00  0.00000000E+00  0.00000000E+00  0.00000000E+00  0.00000000E+00  3.01964497E-02  0.00000000E+00  0.00000000E+00 -8.73170871E-02
    1.285000      1   0.00000000E+00  0.00000000E+00  2.69037364E-03  0.00000000E+00  0.00000000E+00  0.00000000E+00  0.00000000E+00  0.00000000E+00  3.01091583E-02  0.00000000E+00  0.00000000E+00 -8.72914082E-02
    1.286000      1   0.00000000E+00  0.00000000E+00  2.68823684E-03  0.00000000E+00  0.00000000E+00  0.00000000E+00  0.00000000E+00  0.00000000E+00  3.00218684E-02  0.00000000E+00  0.00000000E+00 -8.72898615E-02
    1.287000      1   0.00000000E+00  0.00000000E+00  2.74577752E-03  0.00000000E+00  0.00000000E+00  0.00000000E+00  0.00000000E+00  0.00000000E+00  2.99345536E-02  0.00000000E+00  0.00000000E+00 -8.73148286E-02
    1.288000      1   0.00000000E+00  0.00000000E+00  2.78610253E-03  0.00000000E+00  0.00000000E+00  0.00000000E+00  0.00000000E+00  0.00000000E+00  2.98472233E-02  0.00000000E+00  0.00000000E+00 -8.73303220E-02
    1.289000      1   0.00000000E+00  0.00000000E+00  2.79764094E-03  0.00000000E+00  0.00000000E+00  0.00000000E+00  0.00000000E+00  0.00000000E+00  2.97599035E-02  0.00000000E+00  0.00000000E+00 -8.73197872E-02
    1.290000      1   0.00000000E+00  0.00000000E+00  2.79697317E-03  0.00000000E+00  0.00000000E+00  0.00000000E+00  0.00000000E+00  0.00000000E+00  2.96726095E-02  0.00000000E+00  0.00000000E+00 -8.72939686E-02
    1.291000      1   0.00000000E+00  0.00000000E+00  2.70801379E-03  0.00000000E+00  0.00000000E+00  0.00000000E+00  0.00000000E+00  0.00000000E+00  2.95853451E-02  0.00000000E+00  0.00000000E+00 -8.72644788E-02
    1.292000      1   0.00000000E+00  0.00000000E+00  2.69576118E-03  0.00000000E+00  0.00000000E+00  0.00000000E+00  0.00000000E+00  0.00000000E+00  2.94980941E-02  0.00000000E+00  0.00000000E+00 -8.72509397E-02
    1.293000      1   0.00000000E+00  0.00000000E+00  2.70672292E-03  0.00000000E+00  0.00000000E+00  0.00000000E+00  0.00000000E+00  0.00000000E+00  2.94108253E-02  0.00000000E+00  0.00000000E+00 -8.72687829E-02
    1.294000      1   0.00000000E+00  0.00000000E+00  2.76116880E-03  0.00000000E+00  0.00000000E+00  0.00000000E+00  0.00000000E+00  0.00000000E+00  2.93235366E-02  0.00000000E+00  0.00000000E+00 -8.72887116E-02
    1.295000      1   0.00000000E+00  0.00000000E+00  2.82936216E-03  0.00000000E+00  0.00000000E+00  0.00000000E+00  0.00000000E+00  0.00000000E+00  2.92362412E-02  0.00000000E+00  0.00000000E+00 -8.72954122E-02
    1.296000      1   0.00000000E+00  0.00000000E+00  2.78483390E-03  0.00000000E+00  0.00000000E+00  0.00000000E+00  0.00000000E+00  0.00000000E+00  2.91489690E-02  0.00000000E+00  0.00000000E+00 -8.72721726E-02
    1.297000      1   0.00000000E+00  0.00000000E+00  2.73751814E-03  0.00000000E+00  0.00000000E+00  0.00000000E+00  0.00000000E+00  0.00000000E+00  2.90617346E-02  0.00000000E+00  0.00000000E+00 -8.72344117E-02
    1.298000      1   0.00000000E+00  0.00000000E+00  2.67621026E-03  0.00000000E+00  0.00000000E+00  0.00000000E+00  0.00000000E+00  0.00000000E+00  2.89745150E-02  0.00000000E+00  0.00000000E+00 -8.72196418E-02
    1.299000      1   0.00000000E+00  0.00000000E+00  2.71868021E-03  0.00000000E+00  0.00000000E+00  0.00000000E+00  0.00000000E+00  0.00000000E+00  2.88872837E-02  0.00000000E+00  0.00000000E+00 -8.72312528E-02
    1.300000      1   0.00000000E+00  0.00000000E+00  2.73663340E-03  0.00000000E+00  0.00000000E+00  0.00000000E+00  0.00000000E+00  0.00000000E+00  2.88000282E-02  0.00000000E+00  0.00000000E+00 -8.72554878E-02
    1.301000      1   0.00000000E+00  0.00000000E+00  2.78453937E-03  0.00000000E+00  0.00000000E+00  0.00000000E+00  0.00000000E+00  0.00000000E+00  2.87127656E-02  0.00000000E+00  0.00000000E+00 -8.72626002E-02
    1.302000      1   0.00000000E+00  0.00000000E+00  2.82068641E-03  0.00000000E+00  0.00000000E+00  0.00000000E+00  0.00000000E+00  0.00000000E+00  2.86255103E-02  0.00000000E+00  0.00000000E+00 -8.72553449E-02
    1.303000      1   0.00000000E+00  0.00000000E+00  2.77288957E-03  0.00000000E+00  0.00000000E+00  0.00000000E+00  0.00000000E+00  0.00000000E+00  2.85382843E-02  0.00000000E+00  0.00000000E+00 -8.72259643E-02
    1.304000      1   0.00000000E+00  0.00000000E+00  2.69127151E-03  0.00000000E+00  0.00000000E+00  0.00000000E+00  0.00000000E+00  0.00000000E+00  2.84510912E-02  0.00000000E+00  0.00000000E+00 -8.71931649E-02
    1.305000      1   0.00000000E+00  0.00000000E+00  2.68786234E-03  0.00000000E+00  0.00000000E+00  0.00000000E+00  0.00000000E+00  0.00000000E+00  2.83639007E-02  0.00000000E+00  0.00000000E+00 -8.71904959E-02
    1.306000      1   0.00000000E+00  0.00000000E+00  2.74347500E-03  0.00000000E+00  0.00000000E+00  0.00000000E+00  0.00000000E+00  0.00000000E+00  2.82766854E-02  0.00000000E+00  0.00000000E+00 -8.72152343E-02
    1.307000      1   0.00000000E+00  0.00000000E+00  2.80029056E-03  0.00000000E+00  0.00000000E+00  0.00000000E+00  0.00000000E+00  0.00000000E+00  2.81894542E-02  0.00000000E+00  0.00000000E+00 -8.72312580E-02
    1.308000      1   0.00000000E+00  0.00000000E+00  2.83484508E-03  0.00000000E+00  0.00000000E+00  0.00000000E+00  0.00000000E+00  0.00000000E+00  2.81022352E-02  0.00000000E+00  0.00000000E+00 -8.72189703E-02
    1.309000      1   0.00000000E+00  0.00000000E+00  2.76452475E-03  0.00000000E+00  0.00000000E+00  0.00000000E+00  0.00000000E+00  0.00000000E+00  2.80150533E-02  0.00000000E+00  0.00000000E+00 -8.71819131E-02
    1.310000      1   0.00000000E+00  0.00000000E+00  2.71067841E-03  0.00000000E+00  0.00000000E+00  0.00000000E+00  0.00000000E+00  0.00000000E+00  2.79279074E-02  0.00000000E+00  0.00000000E+00 -8.71459429E-02
    1.311000      1   0.00000000E+00  0.00000000E+00  2.70610818E-03  0.00000000E+00  0.00000000E+00  0.00000000E+00  0.00000000E+00  0.00000000E+00  2.78407648E-02  0.00000000E+00  0.00000000E+00 -8.71425892E-02
    1.312000      1   0.00000000E+00  0.00000000E+00  2.72474192E-03  0.00000000E+00  0.00000000E+00  0.00000000E+00  0.00000000E+00  0.00000000E+00  2.77536070E-02  0.00000000E+00  0.00000000E+00 -8.71577275E-02
    1.313000      1   0.00000000E+00  0.00000000E+00  2.76560009E-03  0.00000000E+00  0.00000000E+00  0.00000000E+00  0.00000000E+00  0.00000000E+00  2.76664360E-02  0.00000000E+00  0.00000000E+00 -8.71710717E-02
    1.314000      1   0.00000000E+00  0.00000000E+00  2.81479885E-03  0.00000000E+00  0.00000000E+00  0.00000000E+00  0.00000000E+00  0.00000000E+00  2.75792649E-02  0.00000000E+00  0.00000000E+00 -8.71710709E-02
    1.315000      1   0.00000000E+00  0.00000000E+00  2.78298498E-03  0.00000000E+00  0.00000000E+00  0.00000000E+00  0.00000000E+00  0.00000000E+00  2.74921159E-02  0.00000000E+00  0.00000000E+00 -8.71489514E-02
    1.316000      1   0.00000000E+00  0.00000000E+00  2.73579372E-03  0.00000000E+00  0.00000000E+00  0.00000000E+00  0.00000000E+00  0.00000000E+00  2.74049996E-02  0.00000000E+00  0.00000000E+00 -8.71163003E-02
    1.317000      1   0.00000000E+00  0.00000000E+00  2.68007630E-03  0.00000000E+00  0.00000000E+00  0.00000000E+00  0.00000000E+00  0.00000000E+00  2.73178972E-02  0.00000000E+00  0.00000000E+00 -8.71024426E-02
    1.318000      1   0.00000000E+00  0.00000000E+00  2.71376290E-03  0.00000000E+00  0.00000000E+00  0.00000000E+00  0.00000000E+00  0.00000000E+00  2.72307833E-02  0.00000000E+00  0.00000000E+00 -8.71139361E-02
    1.319000      1   0.00000000E+00  0.00000000E+00  2.75221914E-03  0.00000000E+00  0.00000000E+00  0.00000000E+00  0.00000000E+00  0.00000000E+00  2.71436455E-02  0.00000000E+00  0.00000000E+00 -8.71377711E-02
    1.320000      1   0.00000000E+00  0.00000000E+00  2.81749480E-03  0.00000000E+00  0.00000000E+00  0.00000000E+00  0.00000000E+00  0.00000000E+00  2.70565018E-02  0.00000000E+00  0.00000000E+00 -8.71437422E-02
    1.321000      1   0.00000000E+00  0.00000000E+00  2.80202700E-03  0.00000000E+00  0.00000000E+00  0.00000000E+00  0.00000000E+00  0.00000000E+00  2.69693762E-02  0.00000000E+00  0.00000000E+00 -8.71255405E-02
    1.322000      1   0.00000000E+00  0.00000000E+00  2.79260722E-03  0.00000000E+00  0.00000000E+00  0.00000000E+00  0.00000000E+00  0.00000000E+00  2.68822876E-02  0.00000000E+00  0.00000000E+00 -8.70886366E-02
    1.323000      1   0.00000000E+00  0.00000000E+00  2.71494960E-03  0.00000000E+00  0.00000000E+00  0.00000000E+00  0.00000000E+00  0.00000000E+00  2.67952291E-02  0.00000000E+00  0.00000000E+00 -8.70584784E-02
    1.324000      1   0.00000000E+00  0.00000000E+00  2.70319277E-03  0.00000000E+00  0.00000000E+00  0.00000000E+00  0.00000000E+00  0.00000000E+00  2.67081840E-02  0.00000000E+00  0.00000000E+00 -8.70451466E-02
    1.325000      1   0.00000000E+00  0.00000000E+00  2.74333015E-03  0.00000000E+00  0.00000000E+00  0.00000000E+00  0.00000000E+00  0.00000000E+00  2.66211246E-02  0.00000000E+00  0.00000000E+00 -8.70593978E-02
    1.326000      1   0.00000000E+00  0.00000000E+00  2.77922545E-03  0.00000000E+00  0.00000000E+00  0.00000000E+00  0.00000000E+00  0.00000000E+00  2.65340541E-02  0.00000000E+00  0.00000000E+00 -8.70704123E-02
    1.327000      1   0.00000000E+00  0.00000000E+00  2.82737176E-03  0.00000000E+00  0.00000000E+00  0.00000000E+00  0.00000000E+00  0.00000000E+00  2.64469922E-02  0.00000000E+00  0.00000000E+00 -8.70618974E-02
    1.328000      1   0.00000000E+00  0.00000000E+00  2.78525539E-03  0.00000000E+00  0.00000000E+00  0.00000000E+00  0.00000000E+00  0.00000000E+00  2.63599592E-02  0.00000000E+00  0.00000000E+00 -8.70330798E-02
    1.329000      1   0.00000000E+00  0.00000000E+00  2.72600487E-03  0.00000000E+00  0.00000000E+00  0.00000000E+00  0.00000000E+00  0.00000000E+00  2.62729633E-02  0.00000000E+00  0.00000000E+00 -8.69958980E-02
    1.330000      1   0.00000000E+00  0.00000000E+00  2.69698053E-03  0.00000000E+00  0.00000000E+00  0.00000000E+00  0.00000000E+00  0.00000000E+00  2.61859802E-02  0.00000000E+00  0.00000000E+00 -8.69830257E-02
    1.331000      1   0.00000000E+00  0.00000000E+00  2.71257675E-03  0.00000000E+00  0.00000000E+00  0.00000000E+00  0.00000000E+00  0.00000000E+00  2.60989855E-02  0.00000000E+00  0.00000000E+00 -8.69947447E-02
    1.332000      1   0.00000000E+00  0.00000000E+00  2.74968368E-03  0.00000000E+00  0.00000000E+00  0.00000000E+00  0.00000000E+00  0.00000000E+00  2.60119723E-02  0.00000000E+00  0.00000000E+00 -8.70132378E-02
    1.333000      1   0.00000000E+00  0.00000000E+00  2.82109896E-03  0.00000000E+00  0.00000000E+00  0.00000000E+00  0.00000000E+00  0.00000000E+00  2.59249522E-02  0.00000000E+00  0.00000000E+00 -8.70200469E-02
    1.334000      1   0.00000000E+00  0.00000000E+00  2.81203503E-03  0.00000000E+00  0.00000000E+00  0.00000000E+00  0.00000000E+00  0.00000000E+00  2.58379502E-02  0.00000000E+00  0.00000000E+00 -8.70020405E-02
    1.335000      1   0.00000000E+00  0.00000000E+00  2.77344013E-03  0.00000000E+00  0.00000000E+00  0.00000000E+00  0.00000000E+00  0.00000000E+00  2.57509880E-02  0.00000000E+00  0.00000000E+00 -8.69621832E-02
    1.336000      1   0.00000000E+00  0.00000000E+00  2.69950215E-03  0.00000000E+00  0.00000000E+00  0.00000000E+00  0.00000000E+00  0.00000000E+00  2.56640559E-02  0.00000000E+00  0.00000000E+00 -8.69321276E-02
    1.337000      1   0.00000000E+00  0.00000000E+00  2.70238075E-03  0.00000000E+00  0.00000000E+00  0.00000000E+00  0.00000000E+00  0.00000000E+00  2.55771280E-02  0.00000000E+00  0.00000000E+00 -8.69278223E-02
    1.338000      1   0.00000000E+00  0.00000000E+00  2.76052556E-03  0.00000000E+00  0.00000000E+00  0.00000000E+00  0.00000000E+00  0.00000000E+00  2.54901807E-02  0.00000000E+00  0.00000000E+00 -8.69472903E-02
    1.339000      1   0.00000000E+00  0.00000000E+00  2.79872103E-03  0.00000000E+00  0.00000000E+00  0.00000000E+00  0.00000000E+00  0.00000000E+00  2.54032252E-02  0.00000000E+00  0.00000000E+00 -8.69555306E-02
    1.340000      1   0.00000000E+00  0.00000000E+00  2.80915245E-03  0.00000000E+00  0.00000000E+00  0.00000000E+00  0.00000000E+00  0.00000000E+00  2.53162873E-02  0.00000000E+00  0.00000000E+00 -8.69379209E-02
    1.341000      1   0.00000000E+00  0.00000000E+00  2.80902758E-03  0.00000000E+00  0.00000000E+00  0.00000000E+00  0.00000000E+00  0.00000000E+00  2.52293814E-02  0.00000000E+00  0.00000000E+00 -8.69059225E-02
    1.342000      1   0.00000000E+00  0.00000000E+00  2.71884918E-03  0.00000000E+00  0.00000000E+00  0.00000000E+00  0.00000000E+00  0.00000000E+00  2.51425109E-02  0.00000000E+00  0.00000000E+00 -8.68705204E-02
    1.343000      1   0.00000000E+00  0.00000000E+00  2.71073639E-03  0.00000000E+00  0.00000000E+00  0.00000000E+00  0.00000000E+00  0.00000000E+00  2.50556597E-02  0.00000000E+00  0.00000000E+00 -8.68511063E-02
    1.344000      1   0.00000000E+00  0.00000000E+00  2.71927649E-03  0.00000000E+00  0.00000000E+00  0.00000000E+00  0.00000000E+00  0.00000000E+00  2.49687970E-02  0.00000000E+00  0.00000000E+00 -8.68627429E-02
    1.345000      1   0.00000000E+00  0.00000000E+00  2.77368293E-03  0.00000000E+00  0.00000000E+00  0.00000000E+00  0.00000000E+00  0.00000000E+00  2.48819215E-02  0.00000000E+00  0.00000000E+00 -8.68755335E-02
    1.346000      1   0.00000000E+00  0.00000000E+00  2.84622616E-03  0.00000000E+00  0.00000000E+00  0.00000000E+00  0.00000000E+00  0.00000000E+00  2.47950456E-02  0.00000000E+00  0.00000000E+00 -8.68758983E-02
    1.347000      1   0.00000000E+00  0.00000000E+00  2.80199207E-03  0.00000000E+00  0.00000000E+00  0.00000000E+00  0.00000000E+00  0.00000000E+00  2.47082000E-02  0.00000000E+00  0.00000000E+00 -8.68455668E-02
    1.348000      1   0.00000000E+00  0.00000000E+00  2.74253525E-03  0.00000000E+00  0.00000000E+00  0.00000000E+00  0.00000000E+00  0.00000000E+00  2.46214008E-02  0.00000000E+00  0.00000000E+00 -8.67992332E-02
    1.349000      1   0.00000000E+00  0.00000000E+00  2.67988112E-03  0.00000000E+00  0.00000000E+00  0.00000000E+00  0.00000000E+00  0.00000000E+00  2.45346228E-02  0.00000000E+00  0.00000000E+00 -8.67779411E-02
    1.350000      1   0.00000000E+00  0.00000000E+00  2.73399342E-03  0.00000000E+00  0.00000000E+00  0.00000000E+00  0.00000000E+00  0.00000000E+00  2.44478356E-02  0.00000000E+00  0.00000000E+00 -8.67872552E-02
    1.351000      1   0.00000000E+00  0.00000000E+00  2.77382688E-03  0.00000000E+00  0.00000000E+00  0.00000000E+00  0.00000000E+00  0.00000000E+00  2.43610280E-02  0.00000000E+00  0.00000000E+00 -8.68075767E-02
    1.352000      1   0.00000000E+00  0.00000000E+00  2.80411614E-03  0.00000000E+00  0.00000000E+00  0.00000000E+00  0.00000000E+00  0.00000000E+00  2.42742249E-02  0.00000000E+00  0.00000000E+00 -8.68030828E-02
    1.353000      1   0.00000000E+00  0.00000000E+00  2.81910402E-03  0.00000000E+00  0.00000000E+00  0.00000000E+00  0.00000000E+00  0.00000000E+00  2.41874448E-02  0.00000000E+00  0.00000000E+00 -8.67801506E-02
    1.354000      1   0.00000000E+00  0.00000000E+00  2.79335994E-03  0.00000000E+00  0.00000000E+00  0.00000000E+00  0.00000000E+00  0.00000000E+00  2.41007001E-02  0.00000000E+00  0.00000000E+00 -8.67446206E-02
    1.355000      1   0.00000000E+00  0.00000000E+00  2.71801642E-03  0.00000000E+00  0.00000000E+00  0.00000000E+00  0.00000000E+00  0.00000000E+00  2.40139914E-02  0.00000000E+00  0.00000000E+00 -8.67087209E-02
    1.356000      1   0.00000000E+00  0.00000000E+00  2.70496273E-03  0.00000000E+00  0.00000000E+00  0.00000000E+00  0.00000000E+00  0.00000000E+00  2.39272968E-02  0.00000000E+00  0.00000000E+00 -8.66945996E-02
    1.357000      1   0.00000000E+00  0.00000000E+00  2.74235661E-03  0.00000000E+00  0.00000000E+00  0.00000000E+00  0.00000000E+00  0.00000000E+00  2.38405893E-02  0.00000000E+00  0.00000000E+00 -8.67075306E-02
    1.358000      1   0.00000000E+00  0.00000000E+00  2.80999062E-03  0.00000000E+00  0.00000000E+00  0.00000000E+00  0.00000000E+00  0.00000000E+00  2.37538712E-02  0.00000000E+00  0.00000000E+00 -8.67181359E-02
    1.359000      1   0.00000000E+00  0.00000000E+00  2.85107834E-03  0.00000000E+00  0.00000000E+00  0.00000000E+00  0.00000000E+00  0.00000000E+00  2.36671667E-02  0.00000000E+00  0.00000000E+00 -8.67045003E-02
    1.360000      1   0.00000000E+00  0.00000000E+00  2.78645683E-03  0.00000000E+00  0.00000000E+00  0.00000000E+00  0.00000000E+00  0.00000000E+00  2.35805053E-02  0.00000000E+00  0.00000000E+00 -8.66613867E-02
    1.361000      1   0.00000000E+00  0.00000000E+00  2.73956413E-03  0.00000000E+00  0.00000000E+00  0.00000000E+00  0.00000000E+00  0.00000000E+00  2.34938891E-02  0.00000000E+00  0.00000000E+00 -8.66162069E-02
    1.362000      1   0.00000000E+00  0.00000000E+00  2.72661114E-03  0.00000000E+00  0.00000000E+00  0.00000000E+00  0.00000000E+00  0.00000000E+00  2.34072885E-02  0.00000000E+00  0.00000000E+00 -8.66005422E-02
    1.363000      1   0.00000000E+00  0.00000000E+00  2.73557922E-03  0.00000000E+00  0.00000000E+00  0.00000000E+00  0.00000000E+00  0.00000000E+00  2.33206860E-02  0.00000000E+00  0.00000000E+00 -8.66025683E-02
    1.364000      1   0.00000000E+00  0.00000000E+00  2.75388037E-03  0.00000000E+00  0.00000000E+00  0.00000000E+00  0.00000000E+00  0.00000000E+00  2.32340787E-02  0.00000000E+00  0.00000000E+00 -8.66072625E-02
    1.365000      1   0.00000000E+00  0.00000000E+00  2.81945735E-03  0.00000000E+00  0.00000000E+00  0.00000000E+00  0.00000000E+00  0.00000000E+00  2.31474729E-02  0.00000000E+00  0.00000000E+00 -8.66057751E-02
    1.366000      1   0.00000000E+00  0.00000000E+00  2.82900396E-03  0.00000000E+00  0.00000000E+00  0.00000000E+00  0.00000000E+00  0.00000000E+00  2.30608862E-02  0.00000000E+00  0.00000000E+00 -8.65866808E-02
    1.367000      1   0.00000000E+00  0.00000000E+00  2.78452340E-03  0.00000000E+00  0.00000000E+00  0.00000000E+00  0.00000000E+00  0.00000000E+00  2.29743419E-02  0.00000000E+00  0.00000000E+00 -8.65443618E-02
    1.368000      1   0.00000000E+00  0.00000000E+00  2.70992264E-03  0.00000000E+00  0.00000000E+00  0.00000000E+00  0.00000000E+00  0.00000000E+00  2.28878351E-02  0.00000000E+00  0.00000000E+00 -8.65067734E-02
    1.369000      1   0.00000000E+00  0.00000000E+00  2.71083049E-03  0.00000000E+00  0.00000000E+00  0.00000000E+00  0.00000000E+00  0.00000000E+00  2.28013381E-02  0.00000000E+00  0.00000000E+00 -8.64969854E-02
    1.370000      1   0.00000000E+00  0.00000000E+00  2.76428980E-03  0.00000000E+00  0.00000000E+00  0.00000000E+00  0.00000000E+00  0.00000000E+00  2.27148266E-02  0.00000000E+00  0.00000000E+00 -8.65115369E-02
    1.371000      1   0.00000000E+00  0.00000000E+00  2.82617204E-03  0.00000000E+00  0.00000000E+00  0.00000000E+00  0.00000000E+00  0.00000000E+00  2.26283102E-02  0.00000000E+00  0.00000000E+00 -8.65163366E-02
    1.372000      1   0.00000000E+00  0.00000000E+00  2.85101030E-03  0.00000000E+00  0.00000000E+00  0.00000000E+00  0.00000000E+00  0.00000000E+00  2.25418176E-02  0.00000000E+00  0.00000000E+00 -8.64926362E-02
    1.373000      1   0.00000000E+00  0.00000000E+00  2.79859438E-03  0.00000000E+00  0.00000000E+00  0.00000000E+00  0.00000000E+00  0.00000000E+00  2.24553734E-02  0.00000000E+00  0.00000000E+00 -8.64442205E-02
    1.374000      1   0.00000000E+00  0.00000000E+00  2.73637438E-03  0.00000000E+00  0.00000000E+00  0.00000000E+00  0.00000000E+00  0.00000000E+00  2.23689765E-02  0.00000000E+00  0.00000000E+00 -8.63969166E-02
    1.375000      1   0.00000000E+00  0.00000000E+00  2.73025532E-03  0.00000000E+00  0.00000000E+00  0.00000000E+00  0.00000000E+00  0.00000000E+00  2.22825986E-02  0.00000000E+00  0.00000000E+00 -8.63778298E-02
    1.376000      1   0.00000000E+00  0.00000000E+00  2.75352936E-03  0.00000000E+00  0.00000000E+00  0.00000000E+00  0.00000000E+00  0.00000000E+00  2.21962184E-02  0.00000000E+00  0.00000000E+00 -8.63802591E-02
    1.377000      1   0.00000000E+00  0.00000000E+00  2.78936584E-03  0.00000000E+00  0.00000000E+00  0.00000000E+00  0.00000000E+00  0.00000000E+00  2.21098378E-02  0.00000000E+00  0.00000000E+00 -8.63805822E-02
    1.378000      1   0.00000000E+00  0.00000000E+00  2.84473536E-03  0.00000000E+00  0.00000000E+00  0.00000000E+00  0.00000000E+00  0.00000000E+00  2.20234709E-02  0.00000000E+00  0.00000000E+00 -8.63669245E-02
    1.379000      1   0.00000000E+00  0.00000000E+00  2.80915422E-03  0.00000000E+00  0.00000000E+00  0.00000000E+00  0.00000000E+00  0.00000000E+00  2.19371392E-02  0.00000000E+00  0.00000000E+00 -8.63317061E-02
    1.380000      1   0.00000000E+00  0.00000000E+00  2.77085049E-03  0.00000000E+00  0.00000000E+00  0.00000000E+00  0.00000000E+00  0.00000000E+00  2.18508546E-02  0.00000000E+00  0.00000000E+00 -8.62845956E-02
    1.381000      1   0.00000000E+00  0.00000000E+00  2.70528453E-03  0.00000000E+00  0.00000000E+00  0.00000000E+00  0.00000000E+00  0.00000000E+00  2.17645986E-02  0.00000000E+00  0.00000000E+00 -8.62559441E-02
    1.382000      1   0.00000000E+00  0.00000000E+00  2.74226032E-03  0.00000000E+00  0.00000000E+00  0.00000000E+00  0.00000000E+00  0.00000000E+00  2.16783472E-02  0.00000000E+00  0.00000000E+00 -8.62514667E-02
    1.383000      1   0.00000000E+00  0.00000000E+00  2.77652124E-03  0.00000000E+00  0.00000000E+00  0.00000000E+00  0.00000000E+00  0.00000000E+00  2.15920852E-02  0.00000000E+00  0.00000000E+00 -8.62619834E-02
    1.384000      1   0.00000000E+00  0.00000000E+00  2.84990175E-03  0.00000000E+00  0.00000000E+00  0.00000000E+00  0.00000000E+00  0.00000000E+00  2.15058309E-02  0.00000000E+00  0.00000000E+00 -8.62542980E-02
    1.385000      1   0.00000000E+00  0.00000000E+00  2.83370336E-03  0.00000000E+00  0.00000000E+00  0.00000000E+00  0.00000000E+00  0.00000000E+00  2.14196085E-02  0.00000000E+00  0.00000000E+00 -8.62223844E-02
    1.386000      1   0.00000000E+00  0.00000000E+00  2.82123775E-03  0.00000000E+00  0.00000000E+00  0.00000000E+00  0.00000000E+00  0.00000000E+00  2.13334393E-02  0.00000000E+00  0.00000000E+00 -8.61692359E-02
    1.387000      1   0.00000000E+00  0.00000000E+00  2.74770137E-03  0.00000000E+00  0.00000000E+00  0.00000000E+00  0.00000000E+00  0.00000000E+00  2.12473156E-02  0.00000000E+00  0.00000000E+00 -8.61236117E-02
    1.388000      1   0.00000000E+00  0.00000000E+00  2.73637199E-03  0.00000000E+00  0.00000000E+00  0.00000000E+00  0.00000000E+00  0.00000000E+00  2.11612206E-02  0.00000000E+00  0.00000000E+00 -8.60950854E-02
    1.389000      1   0.00000000E+00  0.00000000E+00  2.76567859E-03  0.00000000E+00  0.00000000E+00  0.00000000E+00  0.00000000E+00  0.00000000E+00  2.10751278E-02  0.00000000E+00  0.00000000E+00 -8.60927131E-02
    1.390000      1   0.00000000E+00  0.00000000E+00  2.80400545E-03  0.00000000E+00  0.00000000E+00  0.00000000E+00  0.00000000E+00  0.00000000E+00  2.09890390E-02  0.00000000E+00  0.00000000E+00 -8.60888790E-02
    1.391000      1   0.00000000E+00  0.00000000E+00  2.85231980E-03  0.00000000E+00  0.00000000E+00  0.00000000E+00  0.00000000E+00  0.00000000E+00  2.09029703E-02  0.00000000E+00  0.00000000E+00 -8.60686424E-02
    1.392000      1   0.00000000E+00  0.00000000E+00  2.82933501E-03  0.00000000E+00  0.00000000E+00  0.00000000E+00  0.00000000E+00  0.00000000E+00  2.08169431E-02  0.00000000E+00  0.00000000E+00 -8.60272749E-02
    1.393000      1   0.00000000E+00  0.00000000E+00  2.76978437E-03  0.00000000E+00  0.00000000E+00  0.00000000E+00  0.00000000E+00  0.00000000E+00  2.07309689E-02  0.00000000E+00  0.00000000E+00 -8.59741048E-02
    1.394000      1   0.00000000E+00  0.00000000E+00  2.70808293E-03  0.00000000E+00  0.00000000E+00  0.00000000E+00  0.00000000E+00  0.00000000E+00  2.06450299E-02  0.00000000E+00  0.00000000E+00 -8.59390142E-02
    1.395000      1   0.00000000E+00  0.00000000E+00  2.75536713E-03  0.00000000E+00  0.00000000E+00  0.00000000E+00  0.00000000E+00  0.00000000E+00  2.05590955E-02  0.00000000E+00  0.00000000E+00 -8.59343921E-02
    1.396000      1   0.00000000E+00  0.00000000E+00  2.79042222E-03  0.00000000E+00  0.00000000E+00  0.00000000E+00  0.00000000E+00  0.00000000E+00  2.04731539E-02  0.00000000E+00  0.00000000E+00 -8.59416719E-02
    1.397000      1   0.00000000E+00  0.00000000E+00  2.85756113E-03  0.00000000E+00  0.00000000E+00  0.00000000E+00  0.00000000E+00  0.00000000E+00  2.03872266E-02  0.00000000E+00  0.00000000E+00 -8.59272239E-02
    1.398000      1   0.00000000E+00  0.00000000E+00  2.84585585E-03  0.00000000E+00  0.00000000E+00  0.00000000E+00  0.00000000E+00  0.00000000E+00  2.03013373E-02  0.00000000E+00  0.00000000E+00 -8.58893904E-02
    1.399000      1   0.00000000E+00  0.00000000E+00  2.83627273E-03  0.00000000E+00  0.00000000E+00  0.00000000E+00  0.00000000E+00  0.00000000E+00  2.02155057E-02  0.00000000E+00  0.00000000E+00 -8.58315775E-02
    1.400000      1   0.00000000E+00  0.00000000E+00  2.75914362E-03  0.00000000E+00  0.00000000E+00  0.00000000E+00  0.00000000E+00  0.00000000E+00  2.01297264E-02  0.00000000E+00  0.00000000E+00 -8.57793034E-02
    1.401000      1   0.00000000E+00  0.00000000E+00  2.74952927E-03  0.00000000E+00  0.00000000E+00  0.00000000E+00  0.00000000E+00  0.00000000E+00  2.00439826E-02  0.00000000E+00  0.00000000E+00 -8.57438160E-02
    1.402000      1   0.00000000E+00  0.00000000E+00  2.78377480E-03  0.00000000E+00  0.00000000E+00  0.00000000E+00  0.00000000E+00  0.00000000E+00  1.99582472E-02  0.00000000E+00  0.00000000E+00 -8.57353592E-02
    1.403000      1   0.00000000E+00  0.00000000E+00  2.82880636E-03  0.00000000E+00  0.00000000E+00  0.00000000E+00  0.00000000E+00  0.00000000E+00  1.98725232E-02  0.00000000E+00  0.00000000E+00 -8.57240039E-02
    1.404000      1   0.00000000E+00  0.00000000E+00  2.88218315E-03  0.00000000E+00  0.00000000E+00  0.00000000E+00  0.00000000E+00  0.00000000E+00  1.97868298E-02  0.00000000E+00  0.00000000E+00 -8.56934385E-02
    1.405000      1   0.00000000E+00  0.00000000E+00  2.83916389E-03  0.00000000E+00  0.00000000E+00  0.00000000E+00  0.00000000E+00  0.00000000E+00  1.97011911E-02  0.00000000E+00  0.00000000E+00 -8.56386450E-02
    1.406000      1   0.00000000E+00  0.00000000E+00  2.77299474E-03  0.00000000E+00  0.00000000E+00  0.00000000E+00  0.00000000E+00  0.00000000E+00  1.96156172E-02  0.00000000E+00  0.00000000E+00 -8.55739292E-02
    1.407000      1   0.00000000E+00  0.00000000E+00  2.72365670E-03  0.00000000E+00  0.00000000E+00  0.00000000E+00  0.00000000E+00  0.00000000E+00  1.95300821E-02  0.00000000E+00  0.00000000E+00 -8.55350429E-02
    1.408000      1   0.00000000E+00  0.00000000E+00  2.76075467E-03  0.00000000E+00  0.00000000E+00  0.00000000E+00  0.00000000E+00  0.00000000E+00  1.94445555E-02  0.00000000E+00  0.00000000E+00 -8.55266124E-02
    1.409000      1   0.00000000E+00  0.00000000E+00  2.80479741E-03  0.00000000E+00  0.00000000E+00  0.00000000E+00  0.00000000E+00  0.00000000E+00  1.93590277E-02  0.00000000E+00  0.00000000E+00 -8.55278249E-02
    1.410000      1   0.00000000E+00  0.00000000E+00  2.87608705E-03  0.00000000E+00  0.00000000E+00  0.00000000E+00  0.00000000E+00  0.00000000E+00  1.92735186E-02  0.00000000E+00  0.00000000E+00 -8.55090654E-02
    1.411000      1   0.00000000E+00  0.00000000E+00  2.87701722E-03  0.00000000E+00  0.00000000E+00  0.00000000E+00  0.00000000E+00  0.00000000E+00  1.91880554E-02  0.00000000E+00  0.00000000E+00 -8.54632348E-02
    1.412000      1   0.00000000E+00  0.00000000E+00  2.84238990E-03  0.00000000E+00  0.00000000E+00  0.00000000E+00  0.00000000E+00  0.00000000E+00  1.91026616E-02  0.00000000E+00  0.00000000E+00 -8.53938272E-02
    1.413000      1   0.00000000E+00  0.00000000E+00  2.76418707E-03  0.00000000E+00  0.00000000E+00  0.00000000E+00  0.00000000E+00  0.00000000E+00  1.90173313E-02  0.00000000E+00  0.00000000E+00 -8.53302375E-02
    1.414000      1   0.00000000E+00  0.00000000E+00  2.76013950E-03  0.00000000E+00  0.00000000E+00  0.00000000E+00  0.00000000E+00  0.00000000E+00  1.89320395E-02  0.00000000E+00  0.00000000E+00 -8.52918492E-02
    1.415000      1   0.00000000E+00  0.00000000E+00  2.80238677E-03  0.00000000E+00  0.00000000E+00  0.00000000E+00  0.00000000E+00  0.00000000E+00  1.88467596E-02  0.00000000E+00  0.00000000E+00 -8.52798597E-02
    1.416000      1   0.00000000E+00  0.00000000E+00  2.84888235E-03  0.00000000E+00  0.00000000E+00  0.00000000E+00  0.00000000E+00  0.00000000E+00  1.87614979E-02  0.00000000E+00  0.00000000E+00 -8.52617285E-02
    1.417000      1   0.00000000E+00  0.00000000E+00  2.89502193E-03  0.00000000E+00  0.00000000E+00  0.00000000E+00  0.00000000E+00  0.00000000E+00  1.86762764E-02  0.00000000E+00  0.00000000E+00 -8.52215005E-02
    1.418000      1   0.00000000E+00  0.00000000E+00  2.85743621E-03  0.00000000E+00  0.00000000E+00  0.00000000E+00  0.00000000E+00  0.00000000E+00  1.85911186E-02  0.00000000E+00  0.00000000E+00 -8.51578434E-02
    1.419000      1   0.00000000E+00  0.00000000E+00  2.79298991E-03  0.00000000E+00  0.00000000E+00  0.00000000E+00  0.00000000E+00  0.00000000E+00  1.85060329E-02  0.00000000E+00  0.00000000E+00 -8.50856799E-02
    1.420000      1   0.00000000E+00  0.00000000E+00  2.73358256E-03  0.00000000E+00  0.00000000E+00  0.00000000E+00  0.00000000E+00  0.00000000E+00  1.84209956E-02  0.00000000E+00  0.00000000E+00 -8.50372567E-02
    1.421000      1   0.00000000E+00  0.00000000E+00  2.78546001E-03  0.00000000E+00  0.00000000E+00  0.00000000E+00  0.00000000E+00  0.00000000E+00  1.83359751E-02  0.00000000E+00  0.00000000E+00 -8.50205043E-02
    1.422000      1   0.00000000E+00  0.00000000E+00  2.82434228E-03  0.00000000E+00  0.00000000E+00  0.00000000E+00  0.00000000E+00  0.00000000E+00  1.82509610E-02  0.00000000E+00  0.00000000E+00 -8.50140881E-02
    1.423000      1   0.00000000E+00  0.00000000E+00  2.89376132E-03  0.00000000E+00  0.00000000E+00  0.00000000E+00  0.00000000E+00  0.00000000E+00  1.81659773E-02  0.00000000E+00  0.00000000E+00 -8.49837587E-02
    1.424000      1   0.00000000E+00  0.00000000E+00  2.88091405E-03  0.00000000E+00  0.00000000E+00  0.00000000E+00  0.00000000E+00  0.00000000E+00  1.80810489E-02  0.00000000E+00  0.00000000E+00 -8.49283838E-02
    1.425000      1   0.00000000E+00  0.00000000E+00  2.86618940E-03  0.00000000E+00  0.00000000E+00  0.00000000E+00  0.00000000E+00  0.00000000E+00  1.79961964E-02  0.00000000E+00  0.00000000E+00 -8.48524825E-02
    1.426000      1   0.00000000E+00  0.00000000E+00  2.79128549E-03  0.00000000E+00  0.00000000E+00  0.00000000E+00  0.00000000E+00  0.00000000E+00  1.79114130E-02  0.00000000E+00  0.00000000E+00 -8.47834044E-02
    1.427000      1   0.00000000E+00  0.00000000E+00  2.78534923E-03  0.00000000E+00  0.00000000E+00  0.00000000E+00  0.00000000E+00  0.00000000E+00  1.78266806E-02  0.00000000E+00  0.00000000E+00 -8.47324080E-02
    1.428000      1   0.00000000E+00  0.00000000E+00  2.82037855E-03  0.00000000E+00  0.00000000E+00  0.00000000E+00  0.00000000E+00  0.00000000E+00  1.77419735E-02  0.00000000E+00  0.00000000E+00 -8.47070609E-02
    1.429000      1   0.00000000E+00  0.00000000E+00  2.85441149E-03  0.00000000E+00  0.00000000E+00  0.00000000E+00  0.00000000E+00  0.00000000E+00  1.76572961E-02  0.00000000E+00  0.00000000E+00 -8.46774688E-02
    1.430000      1   0.00000000E+00  0.00000000E+00  2.90923852E-03  0.00000000E+00  0.00000000E+00  0.00000000E+00  0.00000000E+00  0.00000000E+00  1.75726657E-02  0.00000000E+00  0.00000000E+00 -8.46303542E-02
    1.431000      1   0.00000000E+00  0.00000000E+00  2.87609142E-03  0.00000000E+00  0.00000000E+00  0.00000000E+00  0.00000000E+00  0.00000000E+00  1.74881033E-02  0.00000000E+00  0.00000000E+00 -8.45623672E-02
    1.432000      1   0.00000000E+00  0.00000000E+00  2.83096455E-03  0.00000000E+00  0.00000000E+00  0.00000000E+00  0.00000000E+00  0.00000000E+00  1.74036211E-02  0.00000000E+00  0.00000000E+00 -8.44822358E-02
    1.433000      1   0.00000000E+00  0.00000000E+00  2.76761010E-03  0.00000000E+00  0.00000000E+00  0.00000000E+00  0.00000000E+00  0.00000000E+00  1.73192001E-02  0.00000000E+00  0.00000000E+00 -8.44209706E-02
    1.434000      1   0.00000000E+00  0.00000000E+00  2.80443814E-03  0.00000000E+00  0.00000000E+00  0.00000000E+00  0.00000000E+00  0.00000000E+00  1.72348144E-02  0.00000000E+00  0.00000000E+00 -8.43857293E-02
    1.435000      1   0.00000000E+00  0.00000000E+00  2.85069825E-03  0.00000000E+00  0.00000000E+00  0.00000000E+00  0.00000000E+00  0.00000000E+00  1.71504496E-02  0.00000000E+00  0.00000000E+00 -8.43647819E-02
    1.436000      1   0.00000000E+00  0.00000000E+00  2.91919216E-03  0.00000000E+00  0.00000000E+00  0.00000000E+00  0.00000000E+00  0.00000000E+00  1.70661261E-02  0.00000000E+00  0.00000000E+00 -8.43235590E-02
    1.437000      1   0.00000000E+00  0.00000000E+00  2.92104243E-03  0.00000000E+00  0.00000000E+00  0.00000000E+00  0.00000000E+00  0.00000000E+00  1.69818710E-02  0.00000000E+00  0.00000000E+00 -8.42550313E-02
    1.438000      1   0.00000000E+00  0.00000000E+00  2.88199101E-03  0.00000000E+00  0.00000000E+00  0.00000000E+00  0.00000000E+00  0.00000000E+00  1.68977073E-02  0.00000000E+00  0.00000000E+00 -8.41636819E-02
    1.439000      1   0.00000000E+00  0.00000000E+00  2.82376635E-03  0.00000000E+00  0.00000000E+00  0.00000000E+00  0.00000000E+00  0.00000000E+00  1.68136287E-02  0.00000000E+00  0.00000000E+00 -8.40786307E-02
    1.440000      1   0.00000000E+00  0.00000000E+00  2.81868182E-03  0.00000000E+00  0.00000000E+00  0.00000000E+00  0.00000000E+00  0.00000000E+00  1.67296120E-02  0.00000000E+00  0.00000000E+00 -8.40167009E-02
    1.441000      1   0.00000000E+00  0.00000000E+00  2.84134217E-03  0.00000000E+00  0.00000000E+00  0.00000000E+00  0.00000000E+00  0.00000000E+00  1.66456372E-02  0.00000000E+00  0.00000000E+00 -8.39747921E-02
    1.442000      1   0.00000000E+00  0.00000000E+00  2.86324679E-03  0.00000000E+00  0.00000000E+00  0.00000000E+00  0.00000000E+00  0.00000000E+00  1.65617067E-02  0.00000000E+00  0.00000000E+00 -8.39305459E-02
    1.443000      1   0.00000000E+00  0.00000000E+00  2.92123627E-03  0.00000000E+00  0.00000000E+00  0.00000000E+00  0.00000000E+00  0.00000000E+00  1.64778317E-02  0.00000000E+00  0.00000000E+00 -8.38749842E-02
    1.444000      1   0.00000000E+00  0.00000000E+00  2.92594716E-03  0.00000000E+00  0.00000000E+00  0.00000000E+00  0.00000000E+00  0.00000000E+00  1.63940297E-02  0.00000000E+00  0.00000000E+00 -8.38019738E-02
    1.445000      1   0.00000000E+00  0.00000000E+00  2.88405246E-03  0.00000000E+00  0.00000000E+00  0.00000000E+00  0.00000000E+00  0.00000000E+00  1.63103206E-02  0.00000000E+00  0.00000000E+00 -8.37090858E-02
    1.446000      1   0.00000000E+00  0.00000000E+00  2.82151682E-03  0.00000000E+00  0.00000000E+00  0.00000000E+00  0.00000000E+00  0.00000000E+00  1.62266986E-02  0.00000000E+00  0.00000000E+00 -8.36220592E-02
    1.447000      1   0.00000000E+00  0.00000000E+00  2.82697944E-03  0.00000000E+00  0.00000000E+00  0.00000000E+00  0.00000000E+00  0.00000000E+00  1.61431387E-02  0.00000000E+00  0.00000000E+00 -8.35598502E-02
    1.448000      1   0.00000000E+00  0.00000000E+00  2.87378845E-03  0.00000000E+00  0.00000000E+00  0.00000000E+00  0.00000000E+00  0.00000000E+00  1.60596215E-02  0.00000000E+00  0.00000000E+00 -8.35172129E-02
    1.449000      1   0.00000000E+00  0.00000000E+00  2.93618246E-03  0.00000000E+00  0.00000000E+00  0.00000000E+00  0.00000000E+00  0.00000000E+00  1.59761570E-02  0.00000000E+00  0.00000000E+00 -8.34645039E-02
    1.450000      1   0.00000000E+00  0.00000000E+00  2.97670628E-03  0.00000000E+00  0.00000000E+00  0.00000000E+00  0.00000000E+00  0.00000000E+00  1.58927716E-02  0.00000000E+00  0.00000000E+00 -8.33853884E-02
    1.451000      1   0.00000000E+00  0.00000000E+00  2.91162680E-03  0.00000000E+00  0.00000000E+00  0.00000000E+00  0.00000000E+00  0.00000000E+00  1.58094930E-02  0.00000000E+00  0.00000000E+00 -8.32786156E-02
    1.452000      1   0.00000000E+00  0.00000000E+00  2.87291179E-03  0.00000000E+00  0.00000000E+00  0.00000000E+00  0.00000000E+00  0.00000000E+00  1.57263230E-02  0.00000000E+00  0.00000000E+00 -8.31700428E-02
    1.453000      1   0.00000000E+00  0.00000000E+00  2.81843632E-03  0.00000000E+00  0.00000000E+00  0.00000000E+00  0.00000000E+00  0.00000000E+00  1.56432333E-02  0.00000000E+00  0.00000000E+00 -8.30896893E-02
    1.454000      1   0.00000000E+00  0.00000000E+00  2.88125863E-03  0.00000000E+00  0.00000000E+00  0.00000000E+00  0.00000000E+00  0.00000000E+00  1.55602016E-02  0.00000000E+00  0.00000000E+00 -8.30316839E-02
    1.455000      1   0.00000000E+00  0.00000000E+00  2.92156642E-03  0.00000000E+00  0.00000000E+00  0.00000000E+00  0.00000000E+00  0.00000000E+00  1.54772211E-02  0.00000000E+00  0.00000000E+00 -8.29804595E-02
    1.456000      1   0.00000000E+00  0.00000000E+00  2.94854874E-03  0.00000000E+00  0.00000000E+00  0.00000000E+00  0.00000000E+00  0.00000000E+00  1.53943197E-02  0.00000000E+00  0.00000000E+00 -8.29014754E-02
    1.457000      1   0.00000000E+00  0.00000000E+00  2.94575312E-03  0.00000000E+00  0.00000000E+00  0.00000000E+00  0.00000000E+00  0.00000000E+00  1.53115152E-02  0.00000000E+00  0.00000000E+00 -8.28044821E-02
    1.458000      1   0.00000000E+00  0.00000000E+00  2.97030782E-03  0.00000000E+00  0.00000000E+00  0.00000000E+00  0.00000000E+00  0.00000000E+00  1.52288160E-02  0.00000000E+00  0.00000000E+00 -8.26991218E-02
    1.459000      1   0.00000000E+00  0.00000000E+00  2.88512767E-03  0.00000000E+00  0.00000000E+00  0.00000000E+00  0.00000000E+00  0.00000000E+00  1.51462257E-02  0.00000000E+00  0.00000000E+00 -8.25903374E-02
    1.460000      1   0.00000000E+00  0.00000000E+00  2.86678209E-03  0.00000000E+00  0.00000000E+00  0.00000000E+00  0.00000000E+00  0.00000000E+00  1.50637372E-02  0.00000000E+00  0.00000000E+00 -8.24885520E-02
    1.461000      1   0.00000000E+00  0.00000000E+00  2.89721165E-03  0.00000000E+00  0.00000000E+00  0.00000000E+00  0.00000000E+00  0.00000000E+00  1.49813192E-02  0.00000000E+00  0.00000000E+00 -8.24179852E-02
    1.462000      1   0.00000000E+00  0.00000000E+00  2.92789600E-03  0.00000000E+00  0.00000000E+00  0.00000000E+00  0.00000000E+00  0.00000000E+00  1.48989711E-02  0.00000000E+00  0.00000000E+00 -8.23480623E-02
    1.463000      1   0.00000000E+00  0.00000000E+00  2.98021213E-03  0.00000000E+00  0.00000000E+00  0.00000000E+00  0.00000000E+00  0.00000000E+00  1.48167084E-02  0.00000000E+00  0.00000000E+00 -8.22627196E-02
    1.464000      1   0.00000000E+00  0.00000000E+00  3.00791252E-03  0.00000000E+00  0.00000000E+00  0.00000000E+00  0.00000000E+00  0.00000000E+00  1.47345503E-02  0.00000000E+00  0.00000000E+00 -8.21580483E-02
    1.465000      1   0.00000000E+00  0.00000000E+00  2.96498918E-03  0.00000000E+00  0.00000000E+00  0.00000000E+00  0.00000000E+00  0.00000000E+00  1.46525190E-02  0.00000000E+00  0.00000000E+00 -8.20312970E-02
    1.466000      1   0.00000000E+00  0.00000000E+00  2.90994484E-03  0.00000000E+00  0.00000000E+00  0.00000000E+00  0.00000000E+00  0.00000000E+00  1.45706160E-02  0.00000000E+00  0.00000000E+00 -8.19030391E-02
    1.467000      1   0.00000000E+00  0.00000000E+00  2.91184223E-03  0.00000000E+00  0.00000000E+00  0.00000000E+00  0.00000000E+00  0.00000000E+00  1.44888174E-02  0.00000000E+00  0.00000000E+00 -8.17986117E-02
    1.468000      1   0.00000000E+00  0.00000000E+00  2.93838303E-03  0.00000000E+00  0.00000000E+00  0.00000000E+00  0.00000000E+00  0.00000000E+00  1.44071055E-02  0.00000000E+00  0.00000000E+00 -8.17119263E-02
    1.469000      1   0.00000000E+00  0.00000000E+00  2.97662219E-03  0.00000000E+00  0.00000000E+00  0.00000000E+00  0.00000000E+00  0.00000000E+00  1.43254855E-02  0.00000000E+00  0.00000000E+00 -8.16199242E-02
    1.470000      1   0.00000000E+00  0.00000000E+00  3.03936246E-03  0.00000000E+00  0.00000000E+00  0.00000000E+00  0.00000000E+00  0.00000000E+00  1.42439731E-02  0.00000000E+00  0.00000000E+00 -8.15124436E-02
    1.471000      1   0.00000000E+00  0.00000000E+00  3.00286222E-03  0.00000000E+00  0.00000000E+00  0.00000000E+00  0.00000000E+00  0.00000000E+00  1.41625918E-02  0.00000000E+00  0.00000000E+00 -8.13813098E-02
    1.472000      1   0.00000000E+00  0.00000000E+00  2.97957711E-03  0.00000000E+00  0.00000000E+00  0.00000000E+00  0.00000000E+00  0.00000000E+00  1.40813558E-02  0.00000000E+00  0.00000000E+00 -8.12360258E-02
    1.473000      1   0.00000000E+00  0.00000000E+00  2.92624490E-03  0.00000000E+00  0.00000000E+00  0.00000000E+00  0.00000000E+00  0.00000000E+00  1.40002489E-02  0.00000000E+00  0.00000000E+00 -8.11068467E-02
    1.474000      1   0.00000000E+00  0.00000000E+00  2.94007967E-03  0.00000000E+00  0.00000000E+00  0.00000000E+00  0.00000000E+00  0.00000000E+00  1.39192542E-02  0.00000000E+00  0.00000000E+00 -8.09947460E-02
    1.475000      1   0.00000000E+00  0.00000000E+00  2.98425179E-03  0.00000000E+00  0.00000000E+00  0.00000000E+00  0.00000000E+00  0.00000000E+00  1.38383565E-02  0.00000000E+00  0.00000000E+00 -8.08977139E-02
    1.476000      1   0.00000000E+00  0.00000000E+00  3.04499390E-03  0.00000000E+00  0.00000000E+00  0.00000000E+00  0.00000000E+00  0.00000000E+00  1.37575681E-02  0.00000000E+00  0.00000000E+00 -8.07883268E-02
    1.477000      1   0.00000000E+00  0.00000000E+00  3.09666546E-03  0.00000000E+00  0.00000000E+00  0.00000000E+00  0.00000000E+00  0.00000000E+00  1.36769144E-02  0.00000000E+00  0.00000000E+00 -8.06536915E-02
    1.478000      1   0.00000000E+00  0.00000000E+00  3.02847318E-03  0.00000000E+00  0.00000000E+00  0.00000000E+00  0.00000000E+00  0.00000000E+00  1.35964245E-02  0.00000000E+00  0.00000000E+00 -8.04899699E-02
    1.479000      1   0.00000000E+00  0.00000000E+00  2.99794741E-03  0.00000000E+00  0.00000000E+00  0.00000000E+00  0.00000000E+00  0.00000000E+00  1.35161031E-02  0.00000000E+00  0.00000000E+00 -8.03213377E-02
    1.480000      1   0.00000000E+00  0.00000000E+00  2.96064839E-03  0.00000000E+00  0.00000000E+00  0.00000000E+00  0.00000000E+00  0.00000000E+00  1.34359226E-02  0.00000000E+00  0.00000000E+00 -8.01804991E-02
    1.481000      1   0.00000000E+00  0.00000000E+00  2.99054385E-03  0.00000000E+00  0.00000000E+00  0.00000000E+00  0.00000000E+00  0.00000000E+00  1.33558664E-02  0.00000000E+00  0.00000000E+00 -8.00562814E-02
    1.482000      1   0.00000000E+00  0.00000000E+00  3.05465356E-03  0.00000000E+00  0.00000000E+00  0.00000000E+00  0.00000000E+00  0.00000000E+00  1.32759273E-02  0.00000000E+00  0.00000000E+00 -7.99390266E-02
    1.483000      1   0.00000000E+00  0.00000000E+00  3.09370090E-03  0.00000000E+00  0.00000000E+00  0.00000000E+00  0.00000000E+00  0.00000000E+00  1.31961267E-02  0.00000000E+00  0.00000000E+00 -7.98006166E-02
    1.484000      1   0.00000000E+00  0.00000000E+00  3.12181950E-03  0.00000000E+00  0.00000000E+00  0.00000000E+00  0.00000000E+00  0.00000000E+00  1.31164925E-02  0.00000000E+00  0.00000000E+00 -7.96342470E-02
    1.485000      1   0.00000000E+00  0.00000000E+00  3.07279083E-03  0.00000000E+00  0.00000000E+00  0.00000000E+00  0.00000000E+00  0.00000000E+00  1.30370424E-02  0.00000000E+00  0.00000000E+00 -7.94500812E-02
    1.486000      1   0.00000000E+00  0.00000000E+00  3.03800243E-03  0.00000000E+00  0.00000000E+00  0.00000000E+00  0.00000000E+00  0.00000000E+00  1.29577770E-02  0.00000000E+00  0.00000000E+00 -7.92653509E-02
    1.487000      1   0.00000000E+00  0.00000000E+00  2.99830472E-03  0.00000000E+00  0.00000000E+00  0.00000000E+00  0.00000000E+00  0.00000000E+00  1.28786742E-02  0.00000000E+00  0.00000000E+00 -7.91028744E-02
    1.488000      1   0.00000000E+00  0.00000000E+00  3.03931324E-03  0.00000000E+00  0.00000000E+00  0.00000000E+00  0.00000000E+00  0.00000000E+00  1.27997153E-02  0.00000000E+00  0.00000000E+00 -7.89588429E-02
    1.489000      1   0.00000000E+00  0.00000000E+00  3.10292167E-03  0.00000000E+00  0.00000000E+00  0.00000000E+00  0.00000000E+00  0.00000000E+00  1.27208947E-02  0.00000000E+00  0.00000000E+00 -7.88205969E-02
    1.490000      1   0.00000000E+00  0.00000000E+00  3.15259416E-03  0.00000000E+00  0.00000000E+00  0.00000000E+00  0.00000000E+00  0.00000000E+00  1.26422371E-02  0.00000000E+00  0.00000000E+00 -7.86576347E-02
    1.491000      1   0.00000000E+00  0.00000000E+00  3.19512633E-03  0.00000000E+00  0.00000000E+00  0.00000000E+00  0.00000000E+00  0.00000000E+00  1.25637721E-02  0.00000000E+00  0.00000000E+00 -7.84649984E-02
    1.492000      1   0.00000000E+00  0.00000000E+00  3.12071651E-03  0.00000000E+00  0.00000000E+00  0.00000000E+00  0.00000000E+00  0.00000000E+00  1.24855236E-02  0.00000000E+00  0.00000000E+00 -7.82485277E-02
    1.493000      1   0.00000000E+00  0.00000000E+00  3.11371587E-03  0.00000000E+00  0.00000000E+00  0.00000000E+00  0.00000000E+00  0.00000000E+00  1.24074923E-02  0.00000000E+00  0.00000000E+00 -7.80312473E-02
    1.494000      1   0.00000000E+00  0.00000000E+00  3.08017641E-03  0.00000000E+00  0.00000000E+00  0.00000000E+00  0.00000000E+00  0.00000000E+00  1.23296527E-02  0.00000000E+00  0.00000000E+00 -7.78396421E-02
    1.495000      1   0.00000000E+00  0.00000000E+00  3.10086223E-03  0.00000000E+00  0.00000000E+00  0.00000000E+00  0.00000000E+00  0.00000000E+00  1.22519964E-02  0.00000000E+00  0.00000000E+00 -7.76562672E-02
    1.496000      1   0.00000000E+00  0.00000000E+00  3.15505485E-03  0.00000000E+00  0.00000000E+00  0.00000000E+00  0.00000000E+00  0.00000000E+00  1.21745162E-02  0.00000000E+00  0.00000000E+00 -7.74802490E-02
    1.497000      1   0.00000000E+00  0.00000000E+00  3.19596107E-03  0.00000000E+00  0.00000000E+00  0.00000000E+00  0.00000000E+00  0.00000000E+00  1.20972283E-02  0.00000000E+00  0.00000000E+00 -7.72878540E-02
    1.498000      1   0.00000000E+00  0.00000000E+00  3.23570018E-03  0.00000000E+00  0.00000000E+00  0.00000000E+00  0.00000000E+00  0.00000000E+00  1.20201579E-02  0.00000000E+00  0.00000000E+00 -7.70704275E-02
    1.499000      1   0.00000000E+00  0.00000000E+00  3.20315793E-03  0.00000000E+00  0.00000000E+00  0.00000000E+00  0.00000000E+00  0.00000000E+00  1.19433253E-02  0.00000000E+00  0.00000000E+00 -7.68325394E-02
    1.500000      1   0.00000000E+00  0.00000000E+00  3.19839267E-03  0.00000000E+00  0.00000000E+00  0.00000000E+00  0.00000000E+00  0.00000000E+00  1.18667380E-02  0.00000000E+00  0.00000000E+00 -7.65873550E-02
    1.501000      1   0.00000000E+00  0.00000000E+00  3.16938678E-03  0.00000000E+00  0.00000000E+00  0.00000000E+00  0.00000000E+00  0.00000000E+00  1.17903843E-02  0.00000000E+00  0.00000000E+00 -7.63537008E-02
    1.502000      1   0.00000000E+00  0.00000000E+00  3.17621710E-03  0.00000000E+00  0.00000000E+00  0.00000000E+00  0.00000000E+00  0.00000000E+00  1.17142575E-02  0.00000000E+00  0.00000000E+00 -7.61267408E-02
    1.503000      1   0.00000000E+00  0.00000000E+00  3.21001770E-03  0.00000000E+00  0.00000000E+00  0.00000000E+00  0.00000000E+00  0.00000000E+00  1.16383494E-02  0.00000000E+00  0.00000000E+00 -7.59080990E-02
    1.504000      1   0.00000000E+00  0.00000000E+00  3.24840837E-03  0.00000000E+00  0.00000000E+00  0.00000000E+00  0.00000000E+00  0.00000000E+00  1.15626682E-02  0.00000000E+00  0.00000000E+00 -7.56812367E-02
    1.505000      1   0.00000000E+00  0.00000000E+00  3.30214685E-03  0.00000000E+00  0.00000000E+00  0.00000000E+00  0.00000000E+00  0.00000000E+00  1.14872317E-02  0.00000000E+00  0.00000000E+00 -7.54364849E-02
    1.506000      1   0.00000000E+00  0.00000000E+00  3.31355618E-03  0.00000000E+00  0.00000000E+00  0.00000000E+00  0.00000000E+00  0.00000000E+00  1.14120621E-02  0.00000000E+00  0.00000000E+00 -7.51696219E-02
    1.507000      1   0.00000000E+00  0.00000000E+00  3.34186219E-03  0.00000000E+00  0.00000000E+00  0.00000000E+00  0.00000000E+00  0.00000000E+00  1.13371790E-02  0.00000000E+00  0.00000000E+00 -7.48830928E-02
    1.508000      1   0.00000000E+00  0.00000000E+00  3.26928220E-03  0.00000000E+00  0.00000000E+00  0.00000000E+00  0.00000000E+00  0.00000000E+00  1.12625912E-02  0.00000000E+00  0.00000000E+00 -7.45878111E-02
    1.509000      1   0.00000000E+00  0.00000000E+00  3.25977104E-03  0.00000000E+00  0.00000000E+00  0.00000000E+00  0.00000000E+00  0.00000000E+00  1.11882951E-02  0.00000000E+00  0.00000000E+00 -7.42960683E-02
    1.510000      1   0.00000000E+00  0.00000000E+00  3.27956688E-03  0.00000000E+00  0.00000000E+00  0.00000000E+00  0.00000000E+00  0.00000000E+00  1.11142653E-02  0.00000000E+00  0.00000000E+00 -7.40298437E-02
    1.511000      1   0.00000000E+00  0.00000000E+00  3.33132871E-03  0.00000000E+00  0.00000000E+00  0.00000000E+00  0.00000000E+00  0.00000000E+00  1.10405020E-02  0.00000000E+00  0.00000000E+00 -7.37632421E-02
    1.512000      1   0.00000000E+00  0.00000000E+00  3.39877828E-03  0.00000000E+00  0.00000000E+00  0.00000000E+00  0.00000000E+00  0.00000000E+00  1.09670210E-02  0.00000000E+00  0.00000000E+00 -7.34809857E-02
    1.513000      1   0.00000000E+00  0.00000000E+00  3.45688723E-03  0.00000000E+00  0.00000000E+00  0.00000000E+00  0.00000000E+00  0.00000000E+00  1.08938512E-02  0.00000000E+00  0.00000000E+00 -7.31698023E-02
    1.514000      1   0.00000000E+00  0.00000000E+00  3.41267189E-03  0.00000000E+00  0.00000000E+00  0.00000000E+00  0.00000000E+00  0.00000000E+00  1.08210251E-02  0.00000000E+00  0.00000000E+00 -7.28261915E-02
    1.515000      1   0.00000000E+00  0.00000000E+00  3.39096326E-03  0.00000000E+00  0.00000000E+00  0.00000000E+00  0.00000000E+00  0.00000000E+00  1.07485537E-02  0.00000000E+00  0.00000000E+00 -7.24713158E-02
    1.516000      1   0.00000000E+00  0.00000000E+00  3.36530990E-03  0.00000000E+00  0.00000000E+00  0.00000000E+00  0.00000000E+00  0.00000000E+00  1.06764189E-02  0.00000000E+00  0.00000000E+00 -7.21348001E-02
    1.517000      1   0.00000000E+00  0.00000000E+00  3.40532872E-03  0.00000000E+00  0.00000000E+00  0.00000000E+00  0.00000000E+00  0.00000000E+00  1.06046090E-02  0.00000000E+00  0.00000000E+00 -7.18099503E-02
    1.518000      1   0.00000000E+00  0.00000000E+00  3.45344295E-03  0.00000000E+00  0.00000000E+00  0.00000000E+00  0.00000000E+00  0.00000000E+00  1.05331225E-02  0.00000000E+00  0.00000000E+00 -7.14864485E-02
    1.519000      1   0.00000000E+00  0.00000000E+00  3.48022528E-03  0.00000000E+00  0.00000000E+00  0.00000000E+00  0.00000000E+00  0.00000000E+00  1.04619812E-02  0.00000000E+00  0.00000000E+00 -7.11412955E-02
    1.520000      1   0.00000000E+00  0.00000000E+00  3.56519011E-03  0.00000000E+00  0.00000000E+00  0.00000000E+00  0.00000000E+00  0.00000000E+00  1.03912056E-02  0.00000000E+00  0.00000000E+00 -7.07756050E-02
    1.521000      1   0.00000000E+00  0.00000000E+00  3.59264441E-03  0.00000000E+00  0.00000000E+00  0.00000000E+00  0.00000000E+00  0.00000000E+00  1.03208195E-02  0.00000000E+00  0.00000000E+00 -7.03860936E-02
    1.522000      1   0.00000000E+00  0.00000000E+00  3.54863856E-03  0.00000000E+00  0.00000000E+00  0.00000000E+00  0.00000000E+00  0.00000000E+00  1.02508557E-02  0.00000000E+00  0.00000000E+00 -6.99638235E-02
    1.523000      1   0.00000000E+00  0.00000000E+00  3.55218267E-03  0.00000000E+00  0.00000000E+00  0.00000000E+00  0.00000000E+00  0.00000000E+00  1.01813154E-02  0.00000000E+00  0.00000000E+00 -6.95403190E-02
    1.524000      1   0.00000000E+00  0.00000000E+00  3.53266456E-03  0.00000000E+00  0.00000000E+00  0.00000000E+00  0.00000000E+00  0.00000000E+00  1.01121848E-02  0.00000000E+00  0.00000000E+00 -6.91306399E-02
    1.525000      1   0.00000000E+00  0.00000000E+00  3.58007839E-03  0.00000000E+00  0.00000000E+00  0.00000000E+00  0.00000000E+00  0.00000000E+00  1.00434615E-02  0.00000000E+00  0.00000000E+00 -6.87232484E-02
    1.526000      1   0.00000000E+00  0.00000000E+00  3.62490995E-03  0.00000000E+00  0.00000000E+00  0.00000000E+00  0.00000000E+00  0.00000000E+00  9.97514763E-03  0.00000000E+00  0.00000000E+00 -6.83138824E-02
    1.527000      1   0.00000000E+00  0.00000000E+00  3.65301483E-03  0.00000000E+00  0.00000000E+00  0.00000000E+00  0.00000000E+00  0.00000000E+00  9.90726661E-03  0.00000000E+00  0.00000000E+00 -6.78810169E-02
    1.528000      1   0.00000000E+00  0.00000000E+00  3.73309746E-03  0.00000000E+00  0.00000000E+00  0.00000000E+00  0.00000000E+00  0.00000000E+00  9.83983816E-03  0.00000000E+00  0.00000000E+00 -6.74284581E-02
    1.529000      1   0.00000000E+00  0.00000000E+00  3.79669370E-03  0.00000000E+00  0.00000000E+00  0.00000000E+00  0.00000000E+00  0.00000000E+00  9.77288565E-03  0.00000000E+00  0.00000000E+00 -6.69525076E-02
    1.530000      1   0.00000000E+00  0.00000000E+00  3.76537329E-03  0.00000000E+00  0.00000000E+00  0.00000000E+00  0.00000000E+00  0.00000000E+00  9.70644664E-03  0.00000000E+00  0.00000000E+00 -6.64390104E-02
    1.531000      1   0.00000000E+00  0.00000000E+00  3.78161784E-03  0.00000000E+00  0.00000000E+00  0.00000000E+00  0.00000000E+00  0.00000000E+00  9.64053647E-03  0.00000000E+00  0.00000000E+00 -6.59101659E-02
    1.532000      1   0.00000000E+00  0.00000000E+00  3.76810460E-03  0.00000000E+00  0.00000000E+00  0.00000000E+00  0.00000000E+00  0.00000000E+00  9.57514774E-03  0.00000000E+00  0.00000000E+00 -6.53887348E-02
    1.533000      1   0.00000000E+00  0.00000000E+00  3.79855724E-03  0.00000000E+00  0.00000000E+00  0.00000000E+00  0.00000000E+00  0.00000000E+00  9.51028338E-03  0.00000000E+00  0.00000000E+00 -6.48643584E-02
    1.534000      1   0.00000000E+00  0.00000000E+00  3.82003467E-03  0.00000000E+00  0.00000000E+00  0.00000000E+00  0.00000000E+00  0.00000000E+00  9.44594434E-03  0.00000000E+00  0.00000000E+00 -6.43390348E-02
    1.535000      1   0.00000000E+00  0.00000000E+00  3.90393721E-03  0.00000000E+00  0.00000000E+00  0.00000000E+00  0.00000000E+00  0.00000000E+00  9.38214443E-03  0.00000000E+00  0.00000000E+00 -6.37999121E-02
    1.536000      1   0.00000000E+00  0.00000000E+00  3.99980004E-03  0.00000000E+00  0.00000000E+00  0.00000000E+00  0.00000000E+00  0.00000000E+00  9.31890553E-03  0.00000000E+00  0.00000000E+00 -6.32388986E-02
    1.537000      1   0.00000000E+00  0.00000000E+00  4.02923506E-03  0.00000000E+00  0.00000000E+00  0.00000000E+00  0.00000000E+00  0.00000000E+00  9.25627216E-03  0.00000000E+00  0.00000000E+00 -6.26333780E-02
    1.538000      1   0.00000000E+00  0.00000000E+00  4.01699741E-03  0.00000000E+00  0.00000000E+00  0.00000000E+00  0.00000000E+00  0.00000000E+00  9.19428099E-03  0.00000000E+00  0.00000000E+00 -6.19911693E-02
    1.539000      1   0.00000000E+00  0.00000000E+00  4.05730696E-03  0.00000000E+00  0.00000000E+00  0.00000000E+00  0.00000000E+00  0.00000000E+00  9.13293953E-03  0.00000000E+00  0.00000000E+00 -6.13414578E-02
    1.540000      1   0.00000000E+00  0.00000000E+00  4.10346207E-03  0.00000000E+00  0.00000000E+00  0.00000000E+00  0.00000000E+00  0.00000000E+00  9.07225089E-03  0.00000000E+00  0.00000000E+00 -6.06886371E-02
    1.541000      1   0.00000000E+00  0.00000000E+00  4.09617688E-03  0.00000000E+00  0.00000000E+00  0.00000000E+00  0.00000000E+00  0.00000000E+00  9.01223648E-03  0.00000000E+00  0.00000000E+00 -6.00144161E-02
    1.542000      1   0.00000000E+00  0.00000000E+00  4.12394261E-03  0.00000000E+00  0.00000000E+00  0.00000000E+00  0.00000000E+00  0.00000000E+00  8.95291015E-03  0.00000000E+00  0.00000000E+00 -5.93263253E-02
    1.543000      1   0.00000000E+00  0.00000000E+00  4.19065448E-03  0.00000000E+00  0.00000000E+00  0.00000000E+00  0.00000000E+00  0.00000000E+00  8.89427443E-03  0.00000000E+00  0.00000000E+00 -5.86357171E-02
    1.544000      1   0.00000000E+00  0.00000000E+00  4.28089022E-03  0.00000000E+00  0.00000000E+00  0.00000000E+00  0.00000000E+00  0.00000000E+00  8.83635024E-03  0.00000000E+00  0.00000000E+00 -5.79241930E-02
    1.545000      1   0.00000000E+00  0.00000000E+00  4.37044144E-03  0.00000000E+00  0.00000000E+00  0.00000000E+00  0.00000000E+00  0.00000000E+00  8.77917544E-03  0.00000000E+00  0.00000000E+00 -5.71748024E-02
    1.546000      1   0.00000000E+00  0.00000000E+00  4.41577253E-03  0.00000000E+00  0.00000000E+00  0.00000000E+00  0.00000000E+00  0.00000000E+00  8.72279550E-03  0.00000000E+00  0.00000000E+00 -5.63799410E-02
    1.547000      1   0.00000000E+00  0.00000000E+00  4.49535455E-03  0.00000000E+00  0.00000000E+00  0.00000000E+00  0.00000000E+00  0.00000000E+00  8.66724784E-03  0.00000000E+00  0.00000000E+00 -5.55476534E-02
    1.548000      1   0.00000000E+00  0.00000000E+00  4.46526949E-03  0.00000000E+00  0.00000000E+00  0.00000000E+00  0.00000000E+00  0.00000000E+00  8.61256144E-03  0.00000000E+00  0.00000000E+00 -5.46864051E-02
    1.549000      1   0.00000000E+00  0.00000000E+00  4.60910257E-03  0.00000000E+00  0.00000000E+00  0.00000000E+00  0.00000000E+00  0.00000000E+00  8.55875710E-03  0.00000000E+00  0.00000000E+00 -5.38043411E-02
    1.550000      1   0.00000000E+00  0.00000000E+00  4.59744632E-03  0.00000000E+00  0.00000000E+00  0.00000000E+00  0.00000000E+00  0.00000000E+00  8.50585037E-03  0.00000000E+00  0.00000000E+00 -5.29067222E-02
    1.551000      1   0.00000000E+00  0.00000000E+00  4.57488582E-03  0.00000000E+00  0.00000000E+00  0.00000000E+00  0.00000000E+00  0.00000000E+00  8.45388645E-03  0.00000000E+00  0.00000000E+00 -5.19639277E-02
    1.552000      1   0.00000000E+00  0.00000000E+00  4.66278834E-03  0.00000000E+00  0.00000000E+00  0.00000000E+00  0.00000000E+00  0.00000000E+00  8.40285750E-03  0.00000000E+00  0.00000000E+00 -5.10289508E-02
    1.553000      1   0.00000000E+00  0.00000000E+00  4.72306161E-03  0.00000000E+00  0.00000000E+00  0.00000000E+00  0.00000000E+00  0.00000000E+00  8.35277166E-03  0.00000000E+00  0.00000000E+00 -5.00858385E-02
    1.554000      1   0.00000000E+00  0.00000000E+00  4.81909882E-03  0.00000000E+00  0.00000000E+00  0.00000000E+00  0.00000000E+00  0.00000000E+00  8.30366846E-03  0.00000000E+00  0.00000000E+00 -4.91031991E-02
    1.555000      1   0.00000000E+00  0.00000000E+00  4.85611487E-03  0.00000000E+00  0.00000000E+00  0.00000000E+00  0.00000000E+00  0.00000000E+00  8.25558468E-03  0.00000000E+00  0.00000000E+00 -4.80837820E-02
    1.556000      1   0.00000000E+00  0.00000000E+00  5.02242733E-03  0.00000000E+00  0.00000000E+00  0.00000000E+00  0.00000000E+00  0.00000000E+00  8.20855840E-03  0.00000000E+00  0.00000000E+00 -4.70262789E-02
    1.557000      1   0.00000000E+00  0.00000000E+00  5.06202528E-03  0.00000000E+00  0.00000000E+00  0.00000000E+00  0.00000000E+00  0.00000000E+00  8.16263119E-03  0.00000000E+00  0.00000000E+00 -4.59272087E-02
    1.558000      1   0.00000000E+00  0.00000000E+00  5.09588007E-03  0.00000000E+00  0.00000000E+00  0.00000000E+00  0.00000000E+00  0.00000000E+00  8.11786467E-03  0.00000000E+00  0.00000000E+00 -4.47665165E-02
    1.559000      1   0.00000000E+00  0.00000000E+00  5.00588188E-03  0.00000000E+00  0.00000000E+00  0.00000000E+00  0.00000000E+00  0.00000000E+00  8.07427784E-03  0.00000000E+00  0.00000000E+00 -4.35868329E-02
    1.560000      1   0.00000000E+00  0.00000000E+00  5.07429871E-03  0.00000000E+00  0.00000000E+00  0.00000000E+00  0.00000000E+00  0.00000000E+00  8.03186589E-03  0.00000000E+00  0.00000000E+00 -4.24119461E-02
    1.561000      1   0.00000000E+00  0.00000000E+00  5.22933437E-03  0.00000000E+00  0.00000000E+00  0.00000000E+00  0.00000000E+00  0.00000000E+00  7.99061138E-03  0.00000000E+00  0.00000000E+00 -4.12545173E-02
    1.562000      1   0.00000000E+00  0.00000000E+00  5.28685958E-03  0.00000000E+00  0.00000000E+00  0.00000000E+00  0.00000000E+00  0.00000000E+00  7.95056417E-03  0.00000000E+00  0.00000000E+00 -4.00472030E-02
    1.563000      1   0.00000000E+00  0.00000000E+00  5.32040824E-03  0.00000000E+00  0.00000000E+00  0.00000000E+00  0.00000000E+00  0.00000000E+00  7.91178537E-03  0.00000000E+00  0.00000000E+00 -3.87788000E-02
    1.564000      1   0.00000000E+00  0.00000000E+00  5.30966814E-03  0.00000000E+00  0.00000000E+00  0.00000000E+00  0.00000000E+00  0.00000000E+00  7.87429980E-03  0.00000000E+00  0.00000000E+00 -3.74855722E-02
    1.565000      1   0.00000000E+00  0.00000000E+00  5.38863540E-03  0.00000000E+00  0.00000000E+00  0.00000000E+00  0.00000000E+00  0.00000000E+00  7.83811658E-03  0.00000000E+00  0.00000000E+00 -3.61832258E-02
    1.566000      1   0.00000000E+00  0.00000000E+00  5.52177891E-03  0.00000000E+00  0.00000000E+00  0.00000000E+00  0.00000000E+00  0.00000000E+00  7.80324613E-03  0.00000000E+00  0.00000000E+00 -3.48704421E-02
    1.567000      1   0.00000000E+00  0.00000000E+00  5.74349852E-03  0.00000000E+00  0.00000000E+00  0.00000000E+00  0.00000000E+00  0.00000000E+00  7.76973795E-03  0.00000000E+00  0.00000000E+00 -3.35081794E-02
    1.568000      1   0.00000000E+00  0.00000000E+00  5.86538925E-03  0.00000000E+00  0.00000000E+00  0.00000000E+00  0.00000000E+00  0.00000000E+00  7.73767497E-03  0.00000000E+00  0.00000000E+00 -3.20629818E-02
    1.569000      1   0.00000000E+00  0.00000000E+00  5.92084649E-03  0.00000000E+00  0.00000000E+00  0.00000000E+00  0.00000000E+00  0.00000000E+00  7.70715156E-03  0.00000000E+00  0.00000000E+00 -3.05234131E-02
    1.570000      1   0.00000000E+00  0.00000000E+00  6.01675615E-03  0.00000000E+00  0.00000000E+00  0.00000000E+00  0.00000000E+00  0.00000000E+00  7.67821755E-03  0.00000000E+00  0.00000000E+00 -2.89340067E-02
    1.571000      1   0.00000000E+00  0.00000000E+00  6.14194440E-03  0.00000000E+00  0.00000000E+00  0.00000000E+00  0.00000000E+00  0.00000000E+00  7.65090813E-03  0.00000000E+00  0.00000000E+00 -2.73094267E-02
    1.572000      1   0.00000000E+00  0.00000000E+00  6.15798023E-03  0.00000000E+00  0.00000000E+00  0.00000000E+00  0.00000000E+00  0.00000000E+00  7.62527691E-03  0.00000000E+00  0.00000000E+00 -2.56312105E-02
    1.573000      1   0.00000000E+00  0.00000000E+00  6.19768224E-03  0.00000000E+00  0.00000000E+00  0.00000000E+00  0.00000000E+00  0.00000000E+00  7.60136787E-03  0.00000000E+00  0.00000000E+00 -2.39090448E-02
    1.574000      1   0.00000000E+00  0.00000000E+00  6.26036497E-03  0.00000000E+00  0.00000000E+00  0.00000000E+00  0.00000000E+00  0.00000000E+00  7.57919328E-03  0.00000000E+00  0.00000000E+00 -2.21745918E-02
    1.575000      1   0.00000000E+00  0.00000000E+00  6.22847631E-03  0.00000000E+00  0.00000000E+00  0.00000000E+00  0.00000000E+00  0.00000000E+00  7.55877726E-03  0.00000000E+00  0.00000000E+00 -2.04160153E-02
    1.576000      1   0.00000000E+00  0.00000000E+00  6.17108175E-03  0.00000000E+00  0.00000000E+00  0.00000000E+00  0.00000000E+00  0.00000000E+00  7.54013477E-03  0.00000000E+00  0.00000000E+00 -1.86424921E-02
    1.577000      1   0.00000000E+00  0.00000000E+00  6.08273363E-03  0.00000000E+00  0.00000000E+00  0.00000000E+00  0.00000000E+00  0.00000000E+00  7.52324518E-03  0.00000000E+00  0.00000000E+00 -1.68895911E-02
    1.578000      1   0.00000000E+00  0.00000000E+00  6.00429699E-03  0.00000000E+00  0.00000000E+00  0.00000000E+00  0.00000000E+00  0.00000000E+00  7.50807402E-03  0.00000000E+00  0.00000000E+00 -1.51711628E-02
    1.579000      1   0.00000000E+00  0.00000000E+00  2.54995951E-04  0.00000000E+00  0.00000000E+00  0.00000000E+00  0.00000000E+00  0.00000000E+00  7.50000000E-03  0.00000000E+00  0.00000000E+00 -8.07401668E-03
    1.580000      1   0.00000000E+00  0.00000000E+00 -5.92410665E-03  0.00000000E+00  0.00000000E+00  0.00000000E+00  0.00000000E+00  0.00000000E+00  7.50000000E-03  0.00000000E+00  0.00000000E+00 -1.73472348E-18
    1.581000      1   0.00000000E+00  0.00000000E+00 -2.27965232E-03  0.00000000E+00  0.00000000E+00  0.00000000E+00  0.00000000E+00  0.00000000E+00  7.50000000E-03  0.00000000E+00  0.00000000E+00 -4.33680869E-19
    1.582000      1   0.00000000E+00  0.00000000E+00  1.81867770E-03  0.00000000E+00  0.00000000E+00  0.00000000E+00  0.00000000E+00  0.00000000E+00  7.50000000E-03  0.00000000E+00  0.00000000E+00 -8.67361738E-19
    1.583000      1   0.00000000E+00  0.00000000E+00  4.25907133E-03  0.00000000E+00  0.00000000E+00  0.00000000E+00  0.00000000E+00  0.00000000E+00  7.50000000E-03  0.00000000E+00  0.00000000E+00 -2.16840434E-19
    1.584000      1   0.00000000E+00  0.00000000E+00  4.93262579E-03  0.00000000E+00  0.00000000E+00  0.00000000E+00  0.00000000E+00  0.00000000E+00  7.50000000E-03  0.00000000E+00  0.00000000E+00 -6.77626358E-21
    1.585000      1   0.00000000E+00  0.00000000E+00  3.89386971E-03  0.00000000E+00  0.00000000E+00  0.00000000E+00  0.00000000E+00  0.00000000E+00  7.50088711E-03  0.00000000E+00  0.00000000E+00  8.87111786E-04
    1.586000      1   0.00000000E+00  0.00000000E+00  2.76199118E-03  0.00000000E+00  0.00000000E+00  0.00000000E+00  0.00000000E+00  0.00000000E+00  7.50269885E-03  0.00000000E+00  0.00000000E+00  1.81173653E-03
    1.587000      1   0.00000000E+00  0.00000000E+00  2.59506135E-03  0.00000000E+00  0.00000000E+00  0.00000000E+00  0.00000000E+00  0.00000000E+00  7.50489391E-03  0.00000000E+00  0.00000000E+00  2.19505817E-03
    1.588000      1   0.00000000E+00  0.00000000E+00  3.13459186E-03  0.00000000E+00  0.00000000E+00  0.00000000E+00  0.00000000E+00  0.00000000E+00  7.50707104E-03  0.00000000E+00  0.00000000E+00  2.17713428E-03
    1.589000      1   0.00000000E+00  0.00000000E+00  3.56994489E-03  0.00000000E+00  0.00000000E+00  0.00000000E+00  0.00000000E+00  0.00000000E+00  7.50927084E-03  0.00000000E+00  0.00000000E+00  2.19979808E-03
    1.590000      1   0.00000000E+00  0.00000000E+00  3.50386102E-03  0.00000000E+00  0.00000000E+00  0.00000000E+00  0.00000000E+00  0.00000000E+00  7.51174748E-03  0.00000000E+00  0.00000000E+00  2.47663910E-03
    1.591000      1   0.00000000E+00  0.00000000E+00  3.16125386E-03  0.00000000E+00  0.00000000E+00  0.00000000E+00  0.00000000E+00  0.00000000E+00  7.51463225E-03  0.00000000E+00  0.00000000E+00  2.88477037E-03
    1.592000      1   0.00000000E+00  0.00000000E+00  2.92283694E-03  0.00000000E+00  0.00000000E+00  0.00000000E+00  0.00000000E+00  0.00000000E+00  7.51784286E-03  0.00000000E+00  0.00000000E+00  3.21061246E-03
    1.593000      1   0.00000000E+00  0.00000000E+00  2.91712081E-03  0.00000000E+00  0.00000000E+00  0.00000000E+00  0.00000000E+00  0.00000000E+00  7.52122464E-03  0.00000000E+00  0.00000000E+00  3.38177586E-03
    1.594000      1   0.00000000E+00  0.00000000E+00  3.02670982E-03  0.00000000E+00  0.00000000E+00  0.00000000E+00  0.00000000E+00  0.00000000E+00  7.52469827E-03  0.00000000E+00  0.00000000E+00  3.47362875E-03
    1.595000      1   0.00000000E+00  0.00000000E+00  3.06525153E-03  0.00000000E+00  0.00000000E+00  0.00000000E+00  0.00000000E+00  0.00000000E+00  7.52828125E-03  0.00000000E+00  0.00000000E+00  3.58298396E-03
    1.596000      1   0.00000000E+00  0.00000000E+00  2.98671759E-03  0.00000000E+00  0.00000000E+00  0.00000000E+00  0.00000000E+00  0.00000000E+00  7.53201639E-03  0.00000000E+00  0.00000000E+00  3.73514552E-03
    1.597000      1   0.00000000E+00  0.00000000E+00  2.87888053E-03  0.00000000E+00  0.00000000E+00  0.00000000E+00  0.00000000E+00  0.00000000E+00  7.53590247E-03  0.00000000E+00  0.00000000E+00  3.88607690E-03
    1.598000      1   0.00000000E+00  0.00000000E+00  2.81606857E-03  0.00000000E+00  0.00000000E+00  0.00000000E+00  0.00000000E+00  0.00000000E+00  7.53989462E-03  0.00000000E+00  0.00000000E+00  3.99214678E-03
    1.599000      1   0.00000000E+00  0.00000000E+00  2.80150563E-03  0.00000000E+00  0.00000000E+00  0.00000000E+00  0.00000000E+00  0.00000000E+00  7.54394631E-03  0.00000000E+00  0.00000000E+00  4.05169376E-03
    1.600000      1   0.00000000E+00  0.00000000E+00  2.79076785E-03  0.00000000E+00  0.00000000E+00  0.00000000E+00  0.00000000E+00  0.00000000E+00  7.54803435E-03  0.00000000E+00  0.00000000E+00  4.08803706E-03
    1.601000      1   0.00000000E+00  0.00000000E+00  2.76409871E-03  0.00000000E+00  0.00000000E+00  0.00000000E+00  0.00000000E+00  0.00000000E+00  7.55215205E-03  0.00000000E+00  0.00000000E+00  4.11769882E-03
    1.602000      1   0.00000000E+00  0.00000000E+00  2.73012960E-03  0.00000000E+00  0.00000000E+00  0.00000000E+00  0.00000000E+00  0.00000000E+00  7.55629117E-03  0.00000000E+00  0.00000000E+00  4.13911800E-03
    1.603000      1   0.00000000E+00  0.00000000E+00  2.68537735E-03  0.00000000E+00  0.00000000E+00  0.00000000E+00  0.00000000E+00  0.00000000E+00  7.56043694E-03  0.00000000E+00  0.00000000E+00  4.14577157E-03
    1.604000      1   0.00000000E+00  0.00000000E+00  2.65100000E-03  0.00000000E+00  0.00000000E+00  0.00000000E+00  0.00000000E+00  0.00000000E+00  7.56457029E-03  0.00000000E+00  0.00000000E+00  4.13335524E-03
    1.605000      1   0.00000000E+00  0.00000000E+00  2.63202277E-03  0.00000000E+00  0.00000000E+00  0.00000000E+00  0.00000000E+00  0.00000000E+00  7.56867046E-03  0.00000000E+00  0.00000000E+00  4.10016235E-03
    1.606000      1   0.00000000E+00  0.00000000E+00  2.61738737E-03  0.00000000E+00  0.00000000E+00  0.00000000E+00  0.00000000E+00  0.00000000E+00  7.57272278E-03  0.00000000E+00  0.00000000E+00  4.05232352E-03
    1.607000      1   0.00000000E+00  0.00000000E+00  2.59981265E-03  0.00000000E+00  0.00000000E+00  0.00000000E+00  0.00000000E+00  0.00000000E+00  7.57671844E-03  0.00000000E+00  0.00000000E+00  3.99566417E-03
    1.608000      1   0.00000000E+00  0.00000000E+00  2.58094352E-03  0.00000000E+00  0.00000000E+00  0.00000000E+00  0.00000000E+00  0.00000000E+00  7.58064953E-03  0.00000000E+00  0.00000000E+00  3.93109045E-03
    1.609000      1   0.00000000E+00  0.00000000E+00  2.55406675E-03  0.00000000E+00  0.00000000E+00  0.00000000E+00  0.00000000E+00  0.00000000E+00  7.58450694E-03  0.00000000E+00  0.00000000E+00  3.85740813E-03
    1.610000      1   0.00000000E+00  0.00000000E+00  2.52472245E-03  0.00000000E+00  0.00000000E+00  0.00000000E+00  0.00000000E+00  0.00000000E+00  7.58827972E-03  0.00000000E+00  0.00000000E+00  3.77277605E-03
    1.611000      1   0.00000000E+00  0.00000000E+00  2.52122102E-03  0.00000000E+00  0.00000000E+00  0.00000000E+00  0.00000000E+00  0.00000000E+00  7.59195385E-03  0.00000000E+00  0.00000000E+00  3.67412802E-03
    1.612000      1   0.00000000E+00  0.00000000E+00  2.52798922E-03  0.00000000E+00  0.00000000E+00  0.00000000E+00  0.00000000E+00  0.00000000E+00  7.59551907E-03  0.00000000E+00  0.00000000E+00  3.56522370E-03
    1.613000      1   0.00000000E+00  0.00000000E+00  2.51807563E-03  0.00000000E+00  0.00000000E+00  0.00000000E+00  0.00000000E+00  0.00000000E+00  7.59897544E-03  0.00000000E+00  0.00000000E+00  3.45636633E-03
    1.614000      1   0.00000000E+00  0.00000000E+00  2.50332276E-03  0.00000000E+00  0.00000000E+00  0.00000000E+00  0.00000000E+00  0.00000000E+00  7.60232341E-03  0.00000000E+00  0.00000000E+00  3.34797864E-03
    1.615000      1   0.00000000E+00  0.00000000E+00  2.48321182E-03  0.00000000E+00  0.00000000E+00  0.00000000E+00  0.00000000E+00  0.00000000E+00  7.60555714E-03  0.00000000E+00  0.00000000E+00  3.23372629E-03
    1.616000      1   0.00000000E+00  0.00000000E+00  2.47042433E-03  0.00000000E+00  0.00000000E+00  0.00000000E+00  0.00000000E+00  0.00000000E+00  7.60866821E-03  0.00000000E+00  0.00000000E+00  3.11107249E-03
    1.617000      1   0.00000000E+00  0.00000000E+00  2.46489111E-03  0.00000000E+00  0.00000000E+00  0.00000000E+00  0.00000000E+00  0.00000000E+00  7.61164777E-03  0.00000000E+00  0.00000000E+00  2.97955263E-03
    1.618000      1   0.00000000E+00  0.00000000E+00  2.47528253E-03  0.00000000E+00  0.00000000E+00  0.00000000E+00  0.00000000E+00  0.00000000E+00  7.61449062E-03  0.00000000E+00  0.00000000E+00  2.84285467E-03
    1.619000      1   0.00000000E+00  0.00000000E+00  2.49881447E-03  0.00000000E+00  0.00000000E+00  0.00000000E+00  0.00000000E+00  0.00000000E+00  7.61719680E-03  0.00000000E+00  0.00000000E+00  2.70617714E-03
    1.620000      1   0.00000000E+00  0.00000000E+00  2.48947501E-03  0.00000000E+00  0.00000000E+00  0.00000000E+00  0.00000000E+00  0.00000000E+00  7.61977387E-03  0.00000000E+00  0.00000000E+00  2.57707366E-03
    1.621000      1   0.00000000E+00  0.00000000E+00  2.47357835E-03  0.00000000E+00  0.00000000E+00  0.00000000E+00  0.00000000E+00  0.00000000E+00  7.62222792E-03  0.00000000E+00  0.00000000E+00  2.45404684E-03
    1.622000      1   0.00000000E+00  0.00000000E+00  2.47137450E-03  0.00000000E+00  0.00000000E+00  0.00000000E+00  0.00000000E+00  0.00000000E+00  7.62455306E-03  0.00000000E+00  0.00000000E+00  2.32514166E-03
    1.623000      1   0.00000000E+00  0.00000000E+00  2.48176128E-03  0.00000000E+00  0.00000000E+00  0.00000000E+00  0.00000000E+00  0.00000000E+00  7.62674369E-03  0.00000000E+00  0.00000000E+00  2.19062605E-03
    1.624000      1   0.00000000E+00  0.00000000E+00  2.49574660E-03  0.00000000E+00  0.00000000E+00  0.00000000E+00  0.00000000E+00  0.00000000E+00  7.62880091E-03  0.00000000E+00  0.00000000E+00  2.05722345E-03
    1.625000      1   0.00000000E+00  0.00000000E+00  2.50614331E-03  0.00000000E+00  0.00000000E+00  0.00000000E+00  0.00000000E+00  0.00000000E+00  7.63073061E-03  0.00000000E+00  0.00000000E+00  1.92970517E-03
    1.626000      1   0.00000000E+00  0.00000000E+00  2.51236591E-03  0.00000000E+00  0.00000000E+00  0.00000000E+00  0.00000000E+00  0.00000000E+00  7.63253923E-03  0.00000000E+00  0.00000000E+00  1.80861842E-03
    1.627000      1   0.00000000E+00  0.00000000E+00  2.51904471E-03  0.00000000E+00  0.00000000E+00  0.00000000E+00  0.00000000E+00  0.00000000E+00  7.63423128E-03  0.00000000E+00  0.00000000E+00  1.69204650E-03
    1.628000      1   0.00000000E+00  0.00000000E+00  2.52600552E-03  0.00000000E+00  0.00000000E+00  0.00000000E+00  0.00000000E+00  0.00000000E+00  7.63580998E-03  0.00000000E+00  0.00000000E+00  1.57869925E-03
    1.629000      1   0.00000000E+00  0.00000000E+00  2.53583102E-03  0.00000000E+00  0.00000000E+00  0.00000000E+00  0.00000000E+00  0.00000000E+00  7.63727875E-03  0.00000000E+00  0.00000000E+00  1.46877636E-03
    1.630000      1   0.00000000E+00  0.00000000E+00  2.54750634E-03  0.00000000E+00  0.00000000E+00  0.00000000E+00  0.00000000E+00  0.00000000E+00  7.63864163E-03  0.00000000E+00  0.00000000E+00  1.36287703E-03
    1.631000      1   0.00000000E+00  0.00000000E+00  2.55884833E-03  0.00000000E+00  0.00000000E+00  0.00000000E+00  0.00000000E+00  0.00000000E+00  7.63990390E-03  0.00000000E+00  0.00000000E+00  1.26226919E-03
    1.632000      1   0.00000000E+00  0.00000000E+00  2.56763672E-03  0.00000000E+00  0.00000000E+00  0.00000000E+00  0.00000000E+00  0.00000000E+00  7.64107140E-03  0.00000000E+00  0.00000000E+00  1.16750141E-03
    1.633000      1   0.00000000E+00  0.00000000E+00  2.57446547E-03  0.00000000E+00  0.00000000E+00  0.00000000E+00  0.00000000E+00  0.00000000E+00  7.64214942E-03  0.00000000E+00  0.00000000E+00  1.07801263E-03
    1.634000      1   0.00000000E+00  0.00000000E+00  2.58232745E-03  0.00000000E+00  0.00000000E+00  0.00000000E+00  0.00000000E+00  0.00000000E+00  7.64314203E-03  0.00000000E+00  0.00000000E+00  9.92617684E-04
    1.635000      1   0.00000000E+00  0.00000000E+00  2.59161145E-03  0.00000000E+00  0.00000000E+00  0.00000000E+00  0.00000000E+00  0.00000000E+00  7.64405289E-03  0.00000000E+00  0.00000000E+00  9.10855703E-04
    1.636000      1   0.00000000E+00  0.00000000E+00  2.60092947E-03  0.00000000E+00  0.00000000E+00  0.00000000E+00  0.00000000E+00  0.00000000E+00  7.64488621E-03  0.00000000E+00  0.00000000E+00  8.33317486E-04
    1.637000      1   0.00000000E+00  0.00000000E+00  2.60953403E-03  0.00000000E+00  0.00000000E+00  0.00000000E+00  0.00000000E+00  0.00000000E+00  7.64564668E-03  0.00000000E+00  0.00000000E+00  7.60476061E-04
    1.638000      1   0.00000000E+00  0.00000000E+00  2.61730091E-03  0.00000000E+00  0.00000000E+00  0.00000000E+00  0.00000000E+00  0.00000000E+00  7.64633890E-03  0.00000000E+00  0.00000000E+00  6.92216432E-04
    1.639000      1   0.00000000E+00  0.00000000E+00  2.62322017E-03  0.00000000E+00  0.00000000E+00  0.00000000E+00  0.00000000E+00  0.00000000E+00  7.64696705E-03  0.00000000E+00  0.00000000E+00  6.28156156E-04
    1.640000      1   0.00000000E+00  0.00000000E+00  2.62985877E-03  0.00000000E+00  0.00000000E+00  0.00000000E+00  0.00000000E+00  0.00000000E+00  7.64753475E-03  0.00000000E+00  0.00000000E+00  5.67693396E-04
    1.641000      1   0.00000000E+00  0.00000000E+00  2.63897899E-03  0.00000000E+00  0.00000000E+00  0.00000000E+00  0.00000000E+00  0.00000000E+00  7.64804510E-03  0.00000000E+00  0.00000000E+00  5.10348571E-04
    1.642000      1   0.00000000E+00  0.00000000E+00  2.64769870E-03  0.00000000E+00  0.00000000E+00  0.00000000E+00  0.00000000E+00  0.00000000E+00  7.64850189E-03  0.00000000E+00  0.00000000E+00  4.56796770E-04
    1.643000      1   0.00000000E+00  0.00000000E+00  2.65482413E-03  0.00000000E+00  0.00000000E+00  0.00000000E+00  0.00000000E+00  0.00000000E+00  7.64890968E-03  0.00000000E+00  0.00000000E+00  4.07782167E-04
    1.644000      1   0.00000000E+00  0.00000000E+00  2.66078184E-03  0.00000000E+00  0.00000000E+00  0.00000000E+00  0.00000000E+00  0.00000000E+00  7.64927257E-03  0.00000000E+00  0.00000000E+00  3.62891302E-04
    1.645000      1   0.00000000E+00  0.00000000E+00  2.66657439E-03  0.00000000E+00  0.00000000E+00  0.00000000E+00  0.00000000E+00  0.00000000E+00  7.64959396E-03  0.00000000E+00  0.00000000E+00  3.21394089E-04
    1.646000      1   0.00000000E+00  0.00000000E+00  2.67269278E-03  0.00000000E+00  0.00000000E+00  0.00000000E+00  0.00000000E+00  0.00000000E+00  7.64987684E-03  0.00000000E+00  0.00000000E+00  2.82877827E-04
    1.647000      1   0.00000000E+00  0.00000000E+00  2.67884993E-03  0.00000000E+00  0.00000000E+00  0.00000000E+00  0.00000000E+00  0.00000000E+00  7.65012418E-03  0.00000000E+00  0.00000000E+00  2.47345893E-04
    1.648000      1   0.00000000E+00  0.00000000E+00  2.68387207E-03  0.00000000E+00  0.00000000E+00  0.00000000E+00  0.00000000E+00  0.00000000E+00  7.65033910E-03  0.00000000E+00  0.00000000E+00  2.14912152E-04
    1.649000      1   0.00000000E+00  0.00000000E+00  2.68951744E-03  0.00000000E+00  0.00000000E+00  0.00000000E+00  0.00000000E+00  0.00000000E+00  7.65052449E-03  0.00000000E+00  0.00000000E+00  1.85388620E-04
    1.650000      1   0.00000000E+00  0.00000000E+00  2.69468386E-03  0.00000000E+00  0.00000000E+00  0.00000000E+00  0.00000000E+00  0.00000000E+00  7.65068300E-03  0.00000000E+00  0.00000000E+00  1.58512754E-04
    1.651000      1   0.00000000E+00  0.00000000E+00  2.69927429E-03  0.00000000E+00  0.00000000E+00  0.00000000E+00  0.00000000E+00  0.00000000E+00  7.65081740E-03  0.00000000E+00  0.00000000E+00  1.34404538E-04
    1.652000      1   0.00000000E+00  0.00000000E+00  2.70346223E-03  0.00000000E+00  0.00000000E+00  0.00000000E+00  0.00000000E+00  0.00000000E+00  7.65093021E-03  0.00000000E+00  0.00000000E+00  1.12804817E-04
    1.653000      1   0.00000000E+00  0.00000000E+00  2.70750469E-03  0.00000000E+00  0.00000000E+00  0.00000000E+00  0.00000000E+00  0.00000000E+00  7.65102366E-03  0.00000000E+00  0.00000000E+00  9.34532518E-05
    1.654000      1   0.00000000E+00  0.00000000E+00  2.71144293E-03  0.00000000E+00  0.00000000E+00  0.00000000E+00  0.00000000E+00  0.00000000E+00  7.65109985E-03  0.00000000E+00  0.00000000E+00  7.61919341E-05
    1.655000      1   0.00000000E+00  0.00000000E+00  2.71508726E-03  0.00000000E+00  0.00000000E+00  0.00000000E+00  0.00000000E+00  0.00000000E+00  7.65116081E-03  0.00000000E+00  0.00000000E+00  6.09546540E-05
    1.656000      1   0.00000000E+00  0.00000000E+00  2.71862875E-03  0.00000000E+00  0.00000000E+00  0.00000000E+00  0.00000000E+00  0.00000000E+00  7.65120846E-03  0.00000000E+00  0.00000000E+00  4.76552095E-05
    1.657000      1   0.00000000E+00  0.00000000E+00  2.72183868E-03  0.00000000E+00  0.00000000E+00  0.00000000E+00  0.00000000E+00  0.00000000E+00  7.65124464E-03  0.00000000E+00  0.00000000E+00  3.61788915E-05
    1.658000      1   0.00000000E+00  0.00000000E+00  2.72472036E-03  0.00000000E+00  0.00000000E+00  0.00000000E+00  0.00000000E+00  0.00000000E+00  7.65127107E-03  0.00000000E+00  0.00000000E+00  2.64332905E-05
    1.659000      1   0.00000000E+00  0.00000000E+00  2.72739056E-03  0.00000000E+00  0.00000000E+00  0.00000000E+00  0.00000000E+00  0.00000000E+00  7.65128933E-03  0.00000000E+00  0.00000000E+00  1.82514716E-05
    1.660000      1   0.00000000E+00  0.00000000E+00  2.72992606E-03  0.00000000E+00  0.00000000E+00  0.00000000E+00  0.00000000E+00  0.00000000E+00  7.65130081E-03  0.00000000E+00  0.00000000E+00  1.14882334E-05
    1.661000      1   0.00000000E+00  0.00000000E+00  2.73231740E-03  0.00000000E+00  0.00000000E+00  0.00000000E+00  0.00000000E+00  0.00000000E+00  7.65130686E-03  0.00000000E+00  0.00000000E+00  6.05030379E-06
    1.662000      1   0.00000000E+00  0.00000000E+00  2.73451787E-03  0.00000000E+00  0.00000000E+00  0.00000000E+00  0.00000000E+00  0.00000000E+00  7.65130873E-03  0.00000000E+00  0.00000000E+00  1.86795374E-06
    1.663000      1   0.00000000E+00  0.00000000E+00  2.73650844E-03  0.00000000E+00  0.00000000E+00  0.00000000E+00  0.00000000E+00  0.00000000E+00  7.65130759E-03  0.00000000E+00  0.00000000E+00 -1.13991518E-06
    1.664000      1   0.00000000E+00  0.00000000E+00  2.73831095E-03  0.00000000E+00  0.00000000E+00  0.00000000E+00  0.00000000E+00  0.00000000E+00  7.65130452E-03  0.00000000E+00  0.00000000E+00 -3.07310869E-06
    1.665000      1   0.00000000E+00  0.00000000E+00  2.73995922E-03  0.00000000E+00  0.00000000E+00  0.00000000E+00  0.00000000E+00  0.00000000E+00  7.65130049E-03  0.00000000E+00  0.00000000E+00 -4.03381684E-06
    1.666000      1   0.00000000E+00  0.00000000E+00  2.74147044E-03  0.00000000E+00  0.00000000E+00  0.00000000E+00  0.00000000E+00  0.00000000E+00  7.65129637E-03  0.00000000E+00  0.00000000E+00 -4.11107445E-06
    1.667000      1   0.00000000E+00  0.00000000E+00  2.74284339E-03  0.00000000E+00  0.00000000E+00  0.00000000E+00  0.00000000E+00  0.00000000E+00  7.65129300E-03  0.00000000E+00  0.00000000E+00 -3.37977275E-06
    1.668000      1   0.00000000E+00  0.00000000E+00  2.74407390E-03  0.00000000E+00  0.00000000E+00  0.00000000E+00  0.00000000E+00  0.00000000E+00  7.65129109E-03  0.00000000E+00  0.00000000E+00 -1.90937333E-06
    1.669000      1   0.00000000E+00  0.00000000E+00  2.74516676E-03  0.00000000E+00  0.00000000E+00  0.00000000E+00  0.00000000E+00  0.00000000E+00  7.65129132E-03  0.00000000E+00  0.00000000E+00  2.29524699E-07
    1.670000      1   0.00000000E+00  0.00000000E+00  2.74613434E-03  0.00000000E+00  0.00000000E+00  0.00000000E+00  0.00000000E+00  0.00000000E+00  7.65129428E-03  0.00000000E+00  0.00000000E+00  2.96580191E-06
    1.671000      1   0.00000000E+00  0.00000000E+00  2.74698870E-03  0.00000000E+00  0.00000000E+00  0.00000000E+00  0.00000000E+00  0.00000000E+00  7.65130051E-03  0.00000000E+00  0.00000000E+00  6.23209532E-06
    1.672000      1   0.00000000E+00  0.00000000E+00  2.74773697E-03  0.00000000E+00  0.00000000E+00  0.00000000E+00  0.00000000E+00  0.00000000E+00  7.65131048E-03  0.00000000E+00  0.00000000E+00  9.96724058E-06
    1.673000      1   0.00000000E+00  0.00000000E+00  2.74838289E-03  0.00000000E+00  0.00000000E+00  0.00000000E+00  0.00000000E+00  0.00000000E+00  7.65132460E-03  0.00000000E+00  0.00000000E+00  1.41152953E-05
    1.674000      1   0.00000000E+00  0.00000000E+00  2.74893069E-03  0.00000000E+00  0.00000000E+00  0.00000000E+00  0.00000000E+00  0.00000000E+00  7.65134322E-03  0.00000000E+00  0.00000000E+00  1.86233155E-05
    1.675000      1   0.00000000E+00  0.00000000E+00  2.74938677E-03  0.00000000E+00  0.00000000E+00  0.00000000E+00  0.00000000E+00  0.00000000E+00  7.65136666E-03  0.00000000E+00  0.00000000E+00  2.34403374E-05
    1.676000      1   0.00000000E+00  0.00000000E+00  2.74975853E-03  0.00000000E+00  0.00000000E+00  0.00000000E+00  0.00000000E+00  0.00000000E+00  7.65139518E-03  0.00000000E+00  0.00000000E+00  2.85179191E-05
    1.677000      1   0.00000000E+00  0.00000000E+00  2.75005253E-03  0.00000000E+00  0.00000000E+00  0.00000000E+00  0.00000000E+00  0.00000000E+00  7.65142899E-03  0.00000000E+00  0.00000000E+00  3.38110263E-05
    1.678000      1   0.00000000E+00  0.00000000E+00  2.75027400E-03  0.00000000E+00  0.00000000E+00  0.00000000E+00  0.00000000E+00  0.00000000E+00  7.65146827E-03  0.00000000E+00  0.00000000E+00  3.92782137E-05
    1.679000      1   0.00000000E+00  0.00000000E+00  2.75042755E-03  0.00000000E+00  0.00000000E+00  0.00000000E+00  0.00000000E+00  0.00000000E+00  7.65151315E-03  0.00000000E+00  0.00000000E+00  4.48811200E-05
    1.680000      1   0.00000000E+00  0.00000000E+00  2.75051337E-03  0.00000000E+00  0.00000000E+00  0.00000000E+00  0.00000000E+00  0.00000000E+00  7.65156373E-03  0.00000000E+00  0.00000000E+00  5.05839154E-05
    1.681000      1   0.00000000E+00  0.00000000E+00  2.75049649E-03  0.00000000E+00  0.00000000E+00  0.00000000E+00  0.00000000E+00  0.00000000E+00  7.65162008E-03  0.00000000E+00  0.00000000E+00  5.63523156E-05
    1.682000      1   0.00000000E+00  0.00000000E+00  2.75058365E-03  0.00000000E+00  0.00000000E+00  0.00000000E+00  0.00000000E+00  0.00000000E+00  7.65168223E-03  0.00000000E+00  0.00000000E+00  6.21459141E-05
    1.683000      1   0.00000000E+00  0.00000000E+00  2.75055945E-03  0.00000000E+00  0.00000000E+00  0.00000000E+00  0.00000000E+00  0.00000000E+00  7.65175018E-03  0.00000000E+00  0.00000000E+00  6.79493820E-05
    1.684000      1   0.00000000E+00  0.00000000E+00  2.75040041E-03  0.00000000E+00  0.00000000E+00  0.00000000E+00  0.00000000E+00  0.00000000E+00  7.65182396E-03  0.00000000E+00  0.00000000E+00  7.37771946E-05
    1.685000      1   0.00000000E+00  0.00000000E+00  2.75017677E-03  0.00000000E+00  0.00000000E+00  0.00000000E+00  0.00000000E+00  0.00000000E+00  7.65190353E-03  0.00000000E+00  0.00000000E+00  7.95689355E-05
    1.686000      1   0.00000000E+00  0.00000000E+00  2.74964606E-03  0.00000000E+00  0.00000000E+00  0.00000000E+00  0.00000000E+00  0.00000000E+00  7.65198879E-03  0.00000000E+00  0.00000000E+00  8.52688990E-05
    1.687000      1   0.00000000E+00  0.00000000E+00  2.74955790E-03  0.00000000E+00  0.00000000E+00  0.00000000E+00  0.00000000E+00  0.00000000E+00  7.65207960E-03  0.00000000E+00  0.00000000E+00  9.08015645E-05
    1.688000      1   0.00000000E+00  0.00000000E+00  2.74917697E-03  0.00000000E+00  0.00000000E+00  0.00000000E+00  0.00000000E+00  0.00000000E+00  7.65217574E-03  0.00000000E+00  0.00000000E+00  9.61443482E-05
    1.689000      1   0.00000000E+00  0.00000000E+00  2.74908552E-03  0.00000000E+00  0.00000000E+00  0.00000000E+00  0.00000000E+00  0.00000000E+00  7.65227713E-03  0.00000000E+00  0.00000000E+00  1.01390815E-04
    1.690000      1   0.00000000E+00  0.00000000E+00  2.74890774E-03  0.00000000E+00  0.00000000E+00  0.00000000E+00  0.00000000E+00  0.00000000E+00  7.65238363E-03  0.00000000E+00  0.00000000E+00  1.06496004E-04
    1.691000      1   0.00000000E+00  0.00000000E+00  2.74861609E-03  0.00000000E+00  0.00000000E+00  0.00000000E+00  0.00000000E+00  0.00000000E+00  7.65249517E-03  0.00000000E+00  0.00000000E+00  1.11539720E-04
    1.692000      1   0.00000000E+00  0.00000000E+00  2.74823799E-03  0.00000000E+00  0.00000000E+00  0.00000000E+00  0.00000000E+00  0.00000000E+00  7.65261164E-03  0.00000000E+00  0.00000000E+00  1.16473476E-04
    1.693000      1   0.00000000E+00  0.00000000E+00  2.74786736E-03  0.00000000E+00  0.00000000E+00  0.00000000E+00  0.00000000E+00  0.00000000E+00  7.65273288E-03  0.00000000E+00  0.00000000E+00  1.21244588E-04
    1.694000      1   0.00000000E+00  0.00000000E+00  2.74752240E-03  0.00000000E+00  0.00000000E+00  0.00000000E+00  0.00000000E+00  0.00000000E+00  7.65285871E-03  0.00000000E+00  0.00000000E+00  1.25825987E-04
    1.695000      1   0.00000000E+00  0.00000000E+00  2.74718727E-03  0.00000000E+00  0.00000000E+00  0.00000000E+00  0.00000000E+00  0.00000000E+00  7.65298894E-03  0.00000000E+00  0.00000000E+00  1.30224664E-04
    1.696000      1   0.00000000E+00  0.00000000E+00  2.74682620E-03  0.00000000E+00  0.00000000E+00  0.00000000E+00  0.00000000E+00  0.00000000E+00  7.65312339E-03  0.00000000E+00  0.00000000E+00  1.34450785E-04
    1.697000      1   0.00000000E+00  0.00000000E+00  2.74643774E-03  0.00000000E+00  0.00000000E+00  0.00000000E+00  0.00000000E+00  0.00000000E+00  7.65326189E-03  0.00000000E+00  0.00000000E+00  1.38502994E-04
    1.698000      1   0.00000000E+00  0.00000000E+00  2.74603676E-03  0.00000000E+00  0.00000000E+00  0.00000000E+00  0.00000000E+00  0.00000000E+00  7.65340426E-03  0.00000000E+00  0.00000000E+00  1.42367928E-04
    1.699000      1   0.00000000E+00  0.00000000E+00  2.74564146E-03  0.00000000E+00  0.00000000E+00  0.00000000E+00  0.00000000E+00  0.00000000E+00  7.65355029E-03  0.00000000E+00  0.00000000E+00  1.46034377E-04
    1.700000      1   0.00000000E+00  0.00000000E+00  2.74529070E-03  0.00000000E+00  0.00000000E+00  0.00000000E+00  0.00000000E+00  0.00000000E+00  7.65369979E-03  0.00000000E+00  0.00000000E+00  1.49499233E-04
    1.701000      1   0.00000000E+00  0.00000000E+00  2.74501458E-03  0.00000000E+00  0.00000000E+00  0.00000000E+00  0.00000000E+00  0.00000000E+00  7.65385256E-03  0.00000000E+00  0.00000000E+00  1.52772238E-04
    1.702000      1   0.00000000E+00  0.00000000E+00  2.74473332E-03  0.00000000E+00  0.00000000E+00  0.00000000E+00  0.00000000E+00  0.00000000E+00  7.65400844E-03  0.00000000E+00  0.00000000E+00  1.55881220E-04
    1.703000      1   0.00000000E+00  0.00000000E+00  2.74436192E-03  0.00000000E+00  0.00000000E+00  0.00000000E+00  0.00000000E+00  0.00000000E+00  7.65416729E-03  0.00000000E+00  0.00000000E+00  1.58849782E-04
    1.704000      1   0.00000000E+00  0.00000000E+00  2.74392231E-03  0.00000000E+00  0.00000000E+00  0.00000000E+00  0.00000000E+00  0.00000000E+00  7.65432895E-03  0.00000000E+00  0.00000000E+00  1.61660295E-04
    1.705000      1   0.00000000E+00  0.00000000E+00  2.74348995E-03  0.00000000E+00  0.00000000E+00  0.00000000E+00  0.00000000E+00  0.00000000E+00  7.65449323E-03  0.00000000E+00  0.00000000E+00  1.64271095E-04
    1.706000      1   0.00000000E+00  0.00000000E+00  2.74308602E-03  0.00000000E+00  0.00000000E+00  0.00000000E+00  0.00000000E+00  0.00000000E+00  7.65465989E-03  0.00000000E+00  0.00000000E+00  1.66661064E-04
    1.707000      1   0.00000000E+00  0.00000000E+00  2.74271157E-03  0.00000000E+00  0.00000000E+00  0.00000000E+00  0.00000000E+00  0.00000000E+00  7.65482872E-03  0.00000000E+00  0.00000000E+00  1.68837607E-04
    1.708000      1   0.00000000E+00  0.00000000E+00  2.74235582E-03  0.00000000E+00  0.00000000E+00  0.00000000E+00  0.00000000E+00  0.00000000E+00  7.65499954E-03  0.00000000E+00  0.00000000E+00  1.70815275E-04
    1.709000      1   0.00000000E+00  0.00000000E+00  2.74198345E-03  0.00000000E+00  0.00000000E+00  0.00000000E+00  0.00000000E+00  0.00000000E+00  7.65517215E-03  0.00000000E+00  0.00000000E+00  1.72607060E-04
    1.710000      1   0.00000000E+00  0.00000000E+00  2.74161005E-03  0.00000000E+00  0.00000000E+00  0.00000000E+00  0.00000000E+00  0.00000000E+00  7.65534636E-03  0.00000000E+00  0.00000000E+00  1.74216161E-04
    1.711000      1   0.00000000E+00  0.00000000E+00  2.74125459E-03  0.00000000E+00  0.00000000E+00  0.00000000E+00  0.00000000E+00  0.00000000E+00  7.65552200E-03  0.00000000E+00  0.00000000E+00  1.75636939E-04
    1.712000      1   0.00000000E+00  0.00000000E+00  2.74092031E-03  0.00000000E+00  0.00000000E+00  0.00000000E+00  0.00000000E+00  0.00000000E+00  7.65569887E-03  0.00000000E+00  0.00000000E+00  1.76872227E-04
    1.713000      1   0.00000000E+00  0.00000000E+00  2.74060008E-03  0.00000000E+00  0.00000000E+00  0.00000000E+00  0.00000000E+00  0.00000000E+00  7.65587680E-03  0.00000000E+00  0.00000000E+00  1.77931662E-04
    1.714000      1   0.00000000E+00  0.00000000E+00  2.74028697E-03  0.00000000E+00  0.00000000E+00  0.00000000E+00  0.00000000E+00  0.00000000E+00  7.65605563E-03  0.00000000E+00  0.00000000E+00  1.78824685E-04
    1.715000      1   0.00000000E+00  0.00000000E+00  2.73998092E-03  0.00000000E+00  0.00000000E+00  0.00000000E+00  0.00000000E+00  0.00000000E+00  7.65623519E-03  0.00000000E+00  0.00000000E+00  1.79557170E-04
    1.716000      1   0.00000000E+00  0.00000000E+00  2.73969847E-03  0.00000000E+00  0.00000000E+00  0.00000000E+00  0.00000000E+00  0.00000000E+00  7.65641532E-03  0.00000000E+00  0.00000000E+00  1.80132704E-04
    1.717000      1   0.00000000E+00  0.00000000E+00  2.73941918E-03  0.00000000E+00  0.00000000E+00  0.00000000E+00  0.00000000E+00  0.00000000E+00  7.65659588E-03  0.00000000E+00  0.00000000E+00  1.80557779E-04
    1.718000      1   0.00000000E+00  0.00000000E+00  2.73914144E-03  0.00000000E+00  0.00000000E+00  0.00000000E+00  0.00000000E+00  0.00000000E+00  7.65677672E-03  0.00000000E+00  0.00000000E+00  1.80840705E-04
    1.719000      1   0.00000000E+00  0.00000000E+00  2.73888130E-03  0.00000000E+00  0.00000000E+00  0.00000000E+00  0.00000000E+00  0.00000000E+00  7.65695770E-03  0.00000000E+00  0.00000000E+00  1.80982792E-04
    1.720000      1   0.00000000E+00  0.00000000E+00  2.73864990E-03  0.00000000E+00  0.00000000E+00  0.00000000E+00  0.00000000E+00  0.00000000E+00  7.65713869E-03  0.00000000E+00  0.00000000E+00  1.80987664E-04
    1.721000      1   0.00000000E+00  0.00000000E+00  2.73842214E-03  0.00000000E+00  0.00000000E+00  0.00000000E+00  0.00000000E+00  0.00000000E+00  7.65731955E-03  0.00000000E+00  0.00000000E+00  1.80866181E-04
    1.722000      1   0.00000000E+00  0.00000000E+00  2.73818297E-03  0.00000000E+00  0.00000000E+00  0.00000000E+00  0.00000000E+00  0.00000000E+00  7.65750018E-03  0.00000000E+00  0.00000000E+00  1.80628425E-04
    1.723000      1   0.00000000E+00  0.00000000E+00  2.73795454E-03  0.00000000E+00  0.00000000E+00  0.00000000E+00  0.00000000E+00  0.00000000E+00  7.65768045E-03  0.00000000E+00  0.00000000E+00  1.80273575E-04
    1.724000      1   0.00000000E+00  0.00000000E+00  2.73775759E-03  0.00000000E+00  0.00000000E+00  0.00000000E+00  0.00000000E+00  0.00000000E+00  7.65786025E-03  0.00000000E+00  0.00000000E+00  1.79799781E-04
    1.725000      1   0.00000000E+00  0.00000000E+00  2.73758973E-03  0.00000000E+00  0.00000000E+00  0.00000000E+00  0.00000000E+00  0.00000000E+00  7.65803947E-03  0.00000000E+00  0.00000000E+00  1.79216140E-04
    1.726000      1   0.00000000E+00  0.00000000E+00  2.73742820E-03  0.00000000E+00  0.00000000E+00  0.00000000E+00  0.00000000E+00  0.00000000E+00  7.65821801E-03  0.00000000E+00  0.00000000E+00  1.78538134E-04
    1.727000      1   0.00000000E+00  0.00000000E+00  2.73726514E-03  0.00000000E+00  0.00000000E+00  0.00000000E+00  0.00000000E+00  0.00000000E+00  7.65839579E-03  0.00000000E+00  0.00000000E+00  1.77776436E-04
    1.728000      1   0.00000000E+00  0.00000000E+00  2.73710491E-03  0.00000000E+00  0.00000000E+00  0.00000000E+00  0.00000000E+00  0.00000000E+00  7.65857272E-03  0.00000000E+00  0.00000000E+00  1.76932854E-04
    1.729000      1   0.00000000E+00  0.00000000E+00  2.73695796E-03  0.00000000E+00  0.00000000E+00  0.00000000E+00  0.00000000E+00  0.00000000E+00  7.65874873E-03  0.00000000E+00  0.00000000E+00  1.76007383E-04
    1.730000      1   0.00000000E+00  0.00000000E+00  2.73682718E-03  0.00000000E+00  0.00000000E+00  0.00000000E+00  0.00000000E+00  0.00000000E+00  7.65892373E-03  0.00000000E+00  0.00000000E+00  1.75003304E-04
    1.731000      1   0.00000000E+00  0.00000000E+00  2.73670918E-03  0.00000000E+00  0.00000000E+00  0.00000000E+00  0.00000000E+00  0.00000000E+00  7.65909766E-03  0.00000000E+00  0.00000000E+00  1.73927840E-04
    1.732000      1   0.00000000E+00  0.00000000E+00  2.73659895E-03  0.00000000E+00  0.00000000E+00  0.00000000E+00  0.00000000E+00  0.00000000E+00  7.65927045E-03  0.00000000E+00  0.00000000E+00  1.72788559E-04
    1.733000      1   0.00000000E+00  0.00000000E+00  2.73105666E-03  0.00000000E+00  0.00000000E+00  0.00000000E+00  0.00000000E+00  0.00000000E+00  7.65944204E-03  0.00000000E+00  0.00000000E+00  1.71591030E-04
    1.734000      1   0.00000000E+00  0.00000000E+00  2.71897661E-03  0.00000000E+00  0.00000000E+00  0.00000000E+00  0.00000000E+00  0.00000000E+00  7.65961141E-03  0.00000000E+00  0.00000000E+00  1.69377207E-04
    1.735000      1   0.00000000E+00  0.00000000E+00  2.70988911E-03  0.00000000E+00  0.00000000E+00  0.00000000E+00  0.00000000E+00  0.00000000E+00  7.65977462E-03  0.00000000E+00  0.00000000E+00  1.63206993E-04
    1.736000      1   0.00000000E+00  0.00000000E+00  2.70785462E-03  0.00000000E+00  0.00000000E+00  0.00000000E+00  0.00000000E+00  0.00000000E+00  7.65992608E-03  0.00000000E+00  0.00000000E+00  1.51462487E-04
    1.737000      1   0.00000000E+00  0.00000000E+00  2.70945244E-03  0.00000000E+00  0.00000000E+00  0.00000000E+00  0.00000000E+00  0.00000000E+00  7.66006246E-03  0.00000000E+00  0.00000000E+00  1.36373733E-04
    1.738000      1   0.00000000E+00  0.00000000E+00  2.71094970E-03  0.00000000E+00  0.00000000E+00  0.00000000E+00  0.00000000E+00  0.00000000E+00  7.66018336E-03  0.00000000E+00  0.00000000E+00  1.20899378E-04
    1.739000      1   0.00000000E+00  0.00000000E+00  2.71093452E-03  0.00000000E+00  0.00000000E+00  0.00000000E+00  0.00000000E+00  0.00000000E+00  7.66028957E-03  0.00000000E+00  0.00000000E+00  1.06214545E-04
    1.740000      1   0.00000000E+00  0.00000000E+00  2.71032624E-03  0.00000000E+00  0.00000000E+00  0.00000000E+00  0.00000000E+00  0.00000000E+00  7.66038159E-03  0.00000000E+00  0.00000000E+00  9.20187494E-05
    1.741000      1   0.00000000E+00  0.00000000E+00  2.71053866E-03  0.00000000E+00  0.00000000E+00  0.00000000E+00  0.00000000E+00  0.00000000E+00  7.66045930E-03  0.00000000E+00  0.00000000E+00  7.77104005E-05
    1.742000      1   0.00000000E+00  0.00000000E+00  2.71187674E-03  0.00000000E+00  0.00000000E+00  0.00000000E+00  0.00000000E+00  0.00000000E+00  7.66052254E-03  0.00000000E+00  0.00000000E+00  6.32398463E-05
    1.743000      1   0.00000000E+00  0.00000000E+00  2.71360718E-03  0.00000000E+00  0.00000000E+00  0.00000000E+00  0.00000000E+00  0.00000000E+00  7.66057162E-03  0.00000000E+00  0.00000000E+00  4.90756795E-05
    1.744000      1   0.00000000E+00  0.00000000E+00  2.71502774E-03  0.00000000E+00  0.00000000E+00  0.00000000E+00  0.00000000E+00  0.00000000E+00  7.66060727E-03  0.00000000E+00  0.00000000E+00  3.56569689E-05
    1.745000      1   0.00000000E+00  0.00000000E+00  2.71606104E-03  0.00000000E+00  0.00000000E+00  0.00000000E+00  0.00000000E+00  0.00000000E+00  7.66063033E-03  0.00000000E+00  0.00000000E+00  2.30577708E-05
    1.746000      1   0.00000000E+00  0.00000000E+00  2.71705937E-03  0.00000000E+00  0.00000000E+00  0.00000000E+00  0.00000000E+00  0.00000000E+00  7.66064144E-03  0.00000000E+00  0.00000000E+00  1.11078323E-05
    1.747000      1   0.00000000E+00  0.00000000E+00  2.71829017E-03  0.00000000E+00  0.00000000E+00  0.00000000E+00  0.00000000E+00  0.00000000E+00  7.66064111E-03  0.00000000E+00  0.00000000E+00 -3.26210001E-07
    1.748000      1   0.00000000E+00  0.00000000E+00  2.71971150E-03  0.00000000E+00  0.00000000E+00  0.00000000E+00  0.00000000E+00  0.00000000E+00  7.66062990E-03  0.00000000E+00  0.00000000E+00 -1.12147341E-05
    1.749000      1   0.00000000E+00  0.00000000E+00  2.72112352E-03  0.00000000E+00  0.00000000E+00  0.00000000E+00  0.00000000E+00  0.00000000E+00  7.66060845E-03  0.00000000E+00  0.00000000E+00 -2.14476993E-05
    1.750000      1   0.00000000E+00  0.00000000E+00  2.72240541E-03  0.00000000E+00  0.00000000E+00  0.00000000E+00  0.00000000E+00  0.00000000E+00  7.66057749E-03  0.00000000E+00  0.00000000E+00 -3.09641779E-05
    1.751000      1   0.00000000E+00  0.00000000E+00  2.72358808E-03  0.00000000E+00  0.00000000E+00  0.00000000E+00  0.00000000E+00  0.00000000E+00  7.66053769E-03  0.00000000E+00  0.00000000E+00 -3.97902383E-05
    1.752000      1   0.00000000E+00  0.00000000E+00  2.72475866E-03  0.00000000E+00  0.00000000E+00  0.00000000E+00  0.00000000E+00  0.00000000E+00  7.66048971E-03  0.00000000E+00  0.00000000E+00 -4.79861646E-05
    1.753000      1   0.00000000E+00  0.00000000E+00  2.72595430E-03  0.00000000E+00  0.00000000E+00  0.00000000E+00  0.00000000E+00  0.00000000E+00  7.66043412E-03  0.00000000E+00  0.00000000E+00 -5.55866825E-05
    1.754000      1   0.00000000E+00  0.00000000E+00  2.72714418E-03  0.00000000E+00  0.00000000E+00  0.00000000E+00  0.00000000E+00  0.00000000E+00  7.66037153E-03  0.00000000E+00  0.00000000E+00 -6.25913289E-05
    1.755000      1   0.00000000E+00  0.00000000E+00  2.72828269E-03  0.00000000E+00  0.00000000E+00  0.00000000E+00  0.00000000E+00  0.00000000E+00  7.66030254E-03  0.00000000E+00  0.00000000E+00 -6.89928910E-05
    1.756000      1   0.00000000E+00  0.00000000E+00  2.72935474E-03  0.00000000E+00  0.00000000E+00  0.00000000E+00  0.00000000E+00  0.00000000E+00  7.66022774E-03  0.00000000E+00  0.00000000E+00 -7.48023481E-05
    1.757000      1   0.00000000E+00  0.00000000E+00  2.73037599E-03  0.00000000E+00  0.00000000E+00  0.00000000E+00  0.00000000E+00  0.00000000E+00  7.66014769E-03  0.00000000E+00  0.00000000E+00 -8.00483202E-05
    1.758000      1   0.00000000E+00  0.00000000E+00  2.73146942E-03  0.00000000E+00  0.00000000E+00  0.00000000E+00  0.00000000E+00  0.00000000E+00  7.66006293E-03  0.00000000E+00  0.00000000E+00 -8.47616167E-05
    1.759000      1   0.00000000E+00  0.00000000E+00  2.73248820E-03  0.00000000E+00  0.00000000E+00  0.00000000E+00  0.00000000E+00  0.00000000E+00  7.65997398E-03  0.00000000E+00  0.00000000E+00 -8.89461591E-05
    1.760000      1   0.00000000E+00  0.00000000E+00  2.73323022E-03  0.00000000E+00  0.00000000E+00  0.00000000E+00  0.00000000E+00  0.00000000E+00  7.65988139E-03  0.00000000E+00  0.00000000E+00 -9.25914441E-05
    1.761000      1   0.00000000E+00  0.00000000E+00  2.73396676E-03  0.00000000E+00  0.00000000E+00  0.00000000E+00  0.00000000E+00  0.00000000E+00  7.65978562E-03  0.00000000E+00  0.00000000E+00 -9.57709268E-05
    1.762000      1   0.00000000E+00  0.00000000E+00  2.73483721E-03  0.00000000E+00  0.00000000E+00  0.00000000E+00  0.00000000E+00  0.00000000E+00  7.65968704E-03  0.00000000E+00  0.00000000E+00 -9.85764696E-05
    1.763000      1   0.00000000E+00  0.00000000E+00  2.73571506E-03  0.00000000E+00  0.00000000E+00  0.00000000E+00  0.00000000E+00  0.00000000E+00  7.65958605E-03  0.00000000E+00  0.00000000E+00 -1.00986193E-04
    1.764000      1   0.00000000E+00  0.00000000E+00  2.73649714E-03  0.00000000E+00  0.00000000E+00  0.00000000E+00  0.00000000E+00  0.00000000E+00  7.65948310E-03  0.00000000E+00  0.00000000E+00 -1.02954810E-04
    1.765000      1   0.00000000E+00  0.00000000E+00  2.73716324E-03  0.00000000E+00  0.00000000E+00  0.00000000E+00  0.00000000E+00  0.00000000E+00  7.65937860E-03  0.00000000E+00  0.00000000E+00 -1.04496828E-04
    1.766000      1   0.00000000E+00  0.00000000E+00  2.73703873E-03  0.00000000E+00  0.00000000E+00  0.00000000E+00  0.00000000E+00  0.00000000E+00  7.65927294E-03  0.00000000E+00  0.00000000E+00 -1.05664205E-04
    1.767000      1   0.00000000E+00  0.00000000E+00  2.74044702E-03  0.00000000E+00  0.00000000E+00  0.00000000E+00  0.00000000E+00  0.00000000E+00  7.65916630E-03  0.00000000E+00  0.00000000E+00 -1.06634845E-04
    1.768000      1   0.00000000E+00  0.00000000E+00  2.74400404E-03  0.00000000E+00  0.00000000E+00  0.00000000E+00  0.00000000E+00  0.00000000E+00  7.65905926E-03  0.00000000E+00  0.00000000E+00 -1.07043657E-04
    1.769000      1   0.00000000E+00  0.00000000E+00  2.74602621E-03  0.00000000E+00  0.00000000E+00  0.00000000E+00  0.00000000E+00  0.00000000E+00  7.65895356E-03  0.00000000E+00  0.00000000E+00 -1.05704114E-04
    1.770000      1   0.00000000E+00  0.00000000E+00  2.74650784E-03  0.00000000E+00  0.00000000E+00  0.00000000E+00  0.00000000E+00  0.00000000E+00  7.65885072E-03  0.00000000E+00  0.00000000E+00 -1.02838793E-04
    1.771000      1   0.00000000E+00  0.00000000E+00  2.74662288E-03  0.00000000E+00  0.00000000E+00  0.00000000E+00  0.00000000E+00  0.00000000E+00  7.65875149E-03  0.00000000E+00  0.00000000E+00 -9.92241912E-05
    1.772000      1   0.00000000E+00  0.00000000E+00  2.74713761E-03  0.00000000E+00  0.00000000E+00  0.00000000E+00  0.00000000E+00  0.00000000E+00  7.65865606E-03  0.00000000E+00  0.00000000E+00 -9.54310717E-05
    1.773000      1   0.00000000E+00  0.00000000E+00  2.74799157E-03  0.00000000E+00  0.00000000E+00  0.00000000E+00  0.00000000E+00  0.00000000E+00  7.65856455E-03  0.00000000E+00  0.00000000E+00 -9.15091491E-05
    1.774000      1   0.00000000E+00  0.00000000E+00  2.74869685E-03  0.00000000E+00  0.00000000E+00  0.00000000E+00  0.00000000E+00  0.00000000E+00  7.65847729E-03  0.00000000E+00  0.00000000E+00 -8.72671681E-05
    1.775000      1   0.00000000E+00  0.00000000E+00  2.74900762E-03  0.00000000E+00  0.00000000E+00  0.00000000E+00  0.00000000E+00  0.00000000E+00  7.65839467E-03  0.00000000E+00  0.00000000E+00 -8.26200113E-05
    1.776000      1   0.00000000E+00  0.00000000E+00  2.74905270E-03  0.00000000E+00  0.00000000E+00  0.00000000E+00  0.00000000E+00  0.00000000E+00  7.65831698E-03  0.00000000E+00  0.00000000E+00 -7.76862752E-05
    1.777000      1   0.00000000E+00  0.00000000E+00  2.74908756E-03  0.00000000E+00  0.00000000E+00  0.00000000E+00  0.00000000E+00  0.00000000E+00  7.65824434E-03  0.00000000E+00  0.00000000E+00 -7.26425066E-05
    1.778000      1   0.00000000E+00  0.00000000E+00  2.74921181E-03  0.00000000E+00  0.00000000E+00  0.00000000E+00  0.00000000E+00  0.00000000E+00  7.65817676E-03  0.00000000E+00  0.00000000E+00 -6.75777682E-05
    1.779000      1   0.00000000E+00  0.00000000E+00  2.74935115E-03  0.00000000E+00  0.00000000E+00  0.00000000E+00  0.00000000E+00  0.00000000E+00  7.65811428E-03  0.00000000E+00  0.00000000E+00 -6.24796082E-05
    1.780000      1   0.00000000E+00  0.00000000E+00  2.74939878E-03  0.00000000E+00  0.00000000E+00  0.00000000E+00  0.00000000E+00  0.00000000E+00  7.65805696E-03  0.00000000E+00  0.00000000E+00 -5.73160010E-05
    1.781000      1   0.00000000E+00  0.00000000E+00  2.74933360E-03  0.00000000E+00  0.00000000E+00  0.00000000E+00  0.00000000E+00  0.00000000E+00  7.65800487E-03  0.00000000E+00  0.00000000E+00 -5.20982089E-05
    1.782000      1   0.00000000E+00  0.00000000E+00  2.74920896E-03  0.00000000E+00  0.00000000E+00  0.00000000E+00  0.00000000E+00  0.00000000E+00  7.65795799E-03  0.00000000E+00  0.00000000E+00 -4.68763008E-05
    1.783000      1   0.00000000E+00  0.00000000E+00  2.74907907E-03  0.00000000E+00  0.00000000E+00  0.00000000E+00  0.00000000E+00  0.00000000E+00  7.65791629E-03  0.00000000E+00  0.00000000E+00 -4.16978397E-05
    1.784000      1   0.00000000E+00  0.00000000E+00  2.74895227E-03  0.00000000E+00  0.00000000E+00  0.00000000E+00  0.00000000E+00  0.00000000E+00  7.65787971E-03  0.00000000E+00  0.00000000E+00 -3.65832826E-05
    1.785000      1   0.00000000E+00  0.00000000E+00  2.74880560E-03  0.00000000E+00  0.00000000E+00  0.00000000E+00  0.00000000E+00  0.00000000E+00  7.65784817E-03  0.00000000E+00  0.00000000E+00 -3.15338087E-05
    1.786000      1   0.00000000E+00  0.00000000E+00  2.74862124E-03  0.00000000E+00  0.00000000E+00  0.00000000E+00  0.00000000E+00  0.00000000E+00  7.65782162E-03  0.00000000E+00  0.00000000E+00 -2.65519147E-05
    1.787000      1   0.00000000E+00  0.00000000E+00  2.74840373E-03  0.00000000E+00  0.00000000E+00  0.00000000E+00  0.00000000E+00  0.00000000E+00  7.65779997E-03  0.00000000E+00  0.00000000E+00 -2.16507906E-05
    1.788000      1   0.00000000E+00  0.00000000E+00  2.74816927E-03  0.00000000E+00  0.00000000E+00  0.00000000E+00  0.00000000E+00  0.00000000E+00  7.65778312E-03  0.00000000E+00  0.00000000E+00 -1.68486785E-05
    1.789000      1   0.00000000E+00  0.00000000E+00  2.74792859E-03  0.00000000E+00  0.00000000E+00  0.00000000E+00  0.00000000E+00  0.00000000E+00  7.65777096E-03  0.00000000E+00  0.00000000E+00 -1.21594607E-05
    1.790000      1   0.00000000E+00  0.00000000E+00  2.74768134E-03  0.00000000E+00  0.00000000E+00  0.00000000E+00  0.00000000E+00  0.00000000E+00  7.65776337E-03  0.00000000E+00  0.00000000E+00 -7.58980390E-06
    1.791000      1   0.00000000E+00  0.00000000E+00  2.74742284E-03  0.00000000E+00  0.00000000E+00  0.00000000E+00  0.00000000E+00  0.00000000E+00  7.65776023E-03  0.00000000E+00  0.00000000E+00 -3.14291397E-06
    1.792000      1   0.00000000E+00  0.00000000E+00  2.74715185E-03  0.00000000E+00  0.00000000E+00  0.00000000E+00  0.00000000E+00  0.00000000E+00  7.65776141E-03  0.00000000E+00  0.00000000E+00  1.17706371E-06
    1.793000      1   0.00000000E+00  0.00000000E+00  2.74687194E-03  0.00000000E+00  0.00000000E+00  0.00000000E+00  0.00000000E+00  0.00000000E+00  7.65776677E-03  0.00000000E+00  0.00000000E+00  5.36422454E-06
    1.794000      1   0.00000000E+00  0.00000000E+00  2.74658778E-03  0.00000000E+00  0.00000000E+00  0.00000000E+00  0.00000000E+00  0.00000000E+00  7.65777618E-03  0.00000000E+00  0.00000000E+00  9.41288698E-06
    1.795000      1   0.00000000E+00  0.00000000E+00  2.74630179E-03  0.00000000E+00  0.00000000E+00  0.00000000E+00  0.00000000E+00  0.00000000E+00  7.65778950E-03  0.00000000E+00  0.00000000E+00  1.33193735E-05
    1.796000      1   0.00000000E+00  0.00000000E+00  2.74601403E-03  0.00000000E+00  0.00000000E+00  0.00000000E+00  0.00000000E+00  0.00000000E+00  7.65780659E-03  0.00000000E+00  0.00000000E+00  1.70819645E-05
    1.797000      1   0.00000000E+00  0.00000000E+00  2.74572428E-03  0.00000000E+00  0.00000000E+00  0.00000000E+00  0.00000000E+00  0.00000000E+00  7.65782729E-03  0.00000000E+00  0.00000000E+00  2.06997445E-05
    1.798000      1   0.00000000E+00  0.00000000E+00  2.74543335E-03  0.00000000E+00  0.00000000E+00  0.00000000E+00  0.00000000E+00  0.00000000E+00  7.65785146E-03  0.00000000E+00  0.00000000E+00  2.41717820E-05
    1.799000      1   0.00000000E+00  0.00000000E+00  2.74514291E-03  0.00000000E+00  0.00000000E+00  0.00000000E+00  0.00000000E+00  0.00000000E+00  7.65787895E-03  0.00000000E+00  0.00000000E+00  2.74972125E-05
    1.800000      1   0.00000000E+00  0.00000000E+00  2.74485445E-03  0.00000000E+00  0.00000000E+00  0.00000000E+00  0.00000000E+00  0.00000000E+00  7.65790963E-03  0.00000000E+00  0.00000000E+00  3.06757355E-05
