# time ip fx fy fz tx ty tz px py pz vx vy vz
    0.001000      1   0.00000000E+00  0.00000000E+00  0.00000000E+00  0.00000000E+00  0.00000000E+00  0.00000000E+00 -0.00000000E+00 -0.00000000E+00  1.27500000E-01  0.00000000E+00  0.00000000E+00  0.00000000E+00
    0.002000      1   0.00000000E+00  0.00000000E+00  1.75790911E-03  0.00000000E+00  0.00000000E+00  0.00000000E+00  0.00000000E+00  0.00000000E+00  1.27498642E-01  0.00000000E+00  0.00000000E+00 -1.35763393E-03
    0.003000      1   0.00000000E+00  0.00000000E+00  1.92268990E-03  0.00000000E+00  0.00000000E+00  0.00000000E+00  0.00000000E+00  0.00000000E+00  1.27496238E-01  0.00000000E+00  0.00000000E+00 -2.40440127E-03
    0.004000      1   0.00000000E+00  0.00000000E+00  1.41599900E-03  0.00000000E+00  0.00000000E+00  0.00000000E+00  0.00000000E+00  0.00000000E+00  1.27493393E-01  0.00000000E+00  0.00000000E+00 -2.84470533E-03
    0.005000      1   0.00000000E+00  0.00000000E+00  1.13686283E-03  0.00000000E+00  0.00000000E+00  0.00000000E+00  0.00000000E+00  0.00000000E+00  1.27490073E-01  0.00000000E+00  0.00000000E+00 -3.32049553E-03
    0.006000      1   0.00000000E+00  0.00000000E+00  1.45113983E-03  0.00000000E+00  0.00000000E+00  0.00000000E+00  0.00000000E+00  0.00000000E+00  1.27486061E-01  0.00000000E+00  0.00000000E+00 -4.01205271E-03
    0.007000      1   0.00000000E+00  0.00000000E+00  1.66665721E-03  0.00000000E+00  0.00000000E+00  0.00000000E+00  0.00000000E+00  0.00000000E+00  1.27481321E-01  0.00000000E+00  0.00000000E+00 -4.73970601E-03
    0.008000      1   0.00000000E+00  0.00000000E+00  1.68637266E-03  0.00000000E+00  0.00000000E+00  0.00000000E+00  0.00000000E+00  0.00000000E+00  1.27475995E-01  0.00000000E+00  0.00000000E+00 -5.32603420E-03
    0.009000      1   0.00000000E+00  0.00000000E+00  1.59264454E-03  0.00000000E+00  0.00000000E+00  0.00000000E+00  0.00000000E+00  0.00000000E+00  1.27470157E-01  0.00000000E+00  0.00000000E+00 -5.83809680E-03
    0.010000      1   0.00000000E+00  0.00000000E+00  1.63084825E-03  0.00000000E+00  0.00000000E+00  0.00000000E+00  0.00000000E+00  0.00000000E+00  1.27463797E-01  0.00000000E+00  0.00000000E+00 -6.36025933E-03
    0.011000      1   0.00000000E+00  0.00000000E+00  1.69365860E-03  0.00000000E+00  0.00000000E+00  0.00000000E+00  0.00000000E+00  0.00000000E+00  1.27456890E-01  0.00000000E+00  0.00000000E+00 -6.90644767E-03
    0.012000      1   0.00000000E+00  0.00000000E+00  1.74883171E-03  0.00000000E+00  0.00000000E+00  0.00000000E+00  0.00000000E+00  0.00000000E+00  1.27449461E-01  0.00000000E+00  0.00000000E+00 -7.42898204E-03
    0.013000      1   0.00000000E+00  0.00000000E+00  1.75143665E-03  0.00000000E+00  0.00000000E+00  0.00000000E+00  0.00000000E+00  0.00000000E+00  1.27441540E-01  0.00000000E+00  0.00000000E+00 -7.92113180E-03
    0.014000      1   0.00000000E+00  0.00000000E+00  1.76900911E-03  0.00000000E+00  0.00000000E+00  0.00000000E+00  0.00000000E+00  0.00000000E+00  1.27433145E-01  0.00000000E+00  0.00000000E+00 -8.39470123E-03
    0.015000      1   0.00000000E+00  0.00000000E+00  1.79132882E-03  0.00000000E+00  0.00000000E+00  0.00000000E+00  0.00000000E+00  0.00000000E+00  1.27424281E-01  0.00000000E+00  0.00000000E+00 -8.86430766E-03
    0.016000      1   0.00000000E+00  0.00000000E+00  1.82569101E-03  0.00000000E+00  0.00000000E+00  0.00000000E+00  0.00000000E+00  0.00000000E+00  1.27414957E-01  0.00000000E+00  0.00000000E+00 -9.32419604E-03
    0.017000      1   0.00000000E+00  0.00000000E+00  1.83556286E-03  0.00000000E+00  0.00000000E+00  0.00000000E+00  0.00000000E+00  0.00000000E+00  1.27405186E-01  0.00000000E+00  0.00000000E+00 -9.77067773E-03
    0.018000      1   0.00000000E+00  0.00000000E+00  1.85986317E-03  0.00000000E+00  0.00000000E+00  0.00000000E+00  0.00000000E+00  0.00000000E+00  1.27394982E-01  0.00000000E+00  0.00000000E+00 -1.02041286E-02
    0.019000      1   0.00000000E+00  0.00000000E+00  1.86949796E-03  0.00000000E+00  0.00000000E+00  0.00000000E+00  0.00000000E+00  0.00000000E+00  1.27384352E-01  0.00000000E+00  0.00000000E+00 -1.06300402E-02
    0.020000      1   0.00000000E+00  0.00000000E+00  1.89106006E-03  0.00000000E+00  0.00000000E+00  0.00000000E+00  0.00000000E+00  0.00000000E+00  1.27373306E-01  0.00000000E+00  0.00000000E+00 -1.10462675E-02
    0.021000      1   0.00000000E+00  0.00000000E+00  1.91321923E-03  0.00000000E+00  0.00000000E+00  0.00000000E+00  0.00000000E+00  0.00000000E+00  1.27361850E-01  0.00000000E+00  0.00000000E+00 -1.14555174E-02
    0.022000      1   0.00000000E+00  0.00000000E+00  1.92311523E-03  0.00000000E+00  0.00000000E+00  0.00000000E+00  0.00000000E+00  0.00000000E+00  1.27349996E-01  0.00000000E+00  0.00000000E+00 -1.18537675E-02
    0.023000      1   0.00000000E+00  0.00000000E+00  1.94218377E-03  0.00000000E+00  0.00000000E+00  0.00000000E+00  0.00000000E+00  0.00000000E+00  1.27337753E-01  0.00000000E+00  0.00000000E+00 -1.22429902E-02
    0.024000      1   0.00000000E+00  0.00000000E+00  1.94568745E-03  0.00000000E+00  0.00000000E+00  0.00000000E+00  0.00000000E+00  0.00000000E+00  1.27325128E-01  0.00000000E+00  0.00000000E+00 -1.26255908E-02
    0.025000      1   0.00000000E+00  0.00000000E+00  1.97627983E-03  0.00000000E+00  0.00000000E+00  0.00000000E+00  0.00000000E+00  0.00000000E+00  1.27312127E-01  0.00000000E+00  0.00000000E+00 -1.30013094E-02
    0.026000      1   0.00000000E+00  0.00000000E+00  1.98549439E-03  0.00000000E+00  0.00000000E+00  0.00000000E+00  0.00000000E+00  0.00000000E+00  1.27298756E-01  0.00000000E+00  0.00000000E+00 -1.33704675E-02
    0.027000      1   0.00000000E+00  0.00000000E+00  2.00124519E-03  0.00000000E+00  0.00000000E+00  0.00000000E+00  0.00000000E+00  0.00000000E+00  1.27285028E-01  0.00000000E+00  0.00000000E+00 -1.37279491E-02
    0.028000      1   0.00000000E+00  0.00000000E+00  2.00065970E-03  0.00000000E+00  0.00000000E+00  0.00000000E+00  0.00000000E+00  0.00000000E+00  1.27270949E-01  0.00000000E+00  0.00000000E+00 -1.40796191E-02
    0.029000      1   0.00000000E+00  0.00000000E+00  2.03751822E-03  0.00000000E+00  0.00000000E+00  0.00000000E+00  0.00000000E+00  0.00000000E+00  1.27256522E-01  0.00000000E+00  0.00000000E+00 -1.44262198E-02
    0.030000      1   0.00000000E+00  0.00000000E+00  2.03233085E-03  0.00000000E+00  0.00000000E+00  0.00000000E+00  0.00000000E+00  0.00000000E+00  1.27241756E-01  0.00000000E+00  0.00000000E+00 -1.47664948E-02
    0.031000      1   0.00000000E+00  0.00000000E+00  2.05459293E-03  0.00000000E+00  0.00000000E+00  0.00000000E+00  0.00000000E+00  0.00000000E+00  1.27226660E-01  0.00000000E+00  0.00000000E+00 -1.50955823E-02
    0.032000      1   0.00000000E+00  0.00000000E+00  2.05136936E-03  0.00000000E+00  0.00000000E+00  0.00000000E+00  0.00000000E+00  0.00000000E+00  1.27211238E-01  0.00000000E+00  0.00000000E+00 -1.54224366E-02
    0.033000      1   0.00000000E+00  0.00000000E+00  2.06891736E-03  0.00000000E+00  0.00000000E+00  0.00000000E+00  0.00000000E+00  0.00000000E+00  1.27195495E-01  0.00000000E+00  0.00000000E+00 -1.57425497E-02
    0.034000      1   0.00000000E+00  0.00000000E+00  2.07366687E-03  0.00000000E+00  0.00000000E+00  0.00000000E+00  0.00000000E+00  0.00000000E+00  1.27179435E-01  0.00000000E+00  0.00000000E+00 -1.60606183E-02
    0.035000      1   0.00000000E+00  0.00000000E+00  2.07084567E-03  0.00000000E+00  0.00000000E+00  0.00000000E+00  0.00000000E+00  0.00000000E+00  1.27163063E-01  0.00000000E+00  0.00000000E+00 -1.63720840E-02
    0.036000      1   0.00000000E+00  0.00000000E+00  2.09852243E-03  0.00000000E+00  0.00000000E+00  0.00000000E+00  0.00000000E+00  0.00000000E+00  1.27146380E-01  0.00000000E+00  0.00000000E+00 -1.66824888E-02
    0.037000      1   0.00000000E+00  0.00000000E+00  2.09448983E-03  0.00000000E+00  0.00000000E+00  0.00000000E+00  0.00000000E+00  0.00000000E+00  1.27129391E-01  0.00000000E+00  0.00000000E+00 -1.69889258E-02
    0.038000      1   0.00000000E+00  0.00000000E+00  2.10017141E-03  0.00000000E+00  0.00000000E+00  0.00000000E+00  0.00000000E+00  0.00000000E+00  1.27112104E-01  0.00000000E+00  0.00000000E+00 -1.72869864E-02
    0.039000      1   0.00000000E+00  0.00000000E+00  2.11193579E-03  0.00000000E+00  0.00000000E+00  0.00000000E+00  0.00000000E+00  0.00000000E+00  1.27094519E-01  0.00000000E+00  0.00000000E+00 -1.75853667E-02
    0.040000      1   0.00000000E+00  0.00000000E+00  2.12589752E-03  0.00000000E+00  0.00000000E+00  0.00000000E+00  0.00000000E+00  0.00000000E+00  1.27076639E-01  0.00000000E+00  0.00000000E+00 -1.78798007E-02
    0.041000      1   0.00000000E+00  0.00000000E+00  2.13945874E-03  0.00000000E+00  0.00000000E+00  0.00000000E+00  0.00000000E+00  0.00000000E+00  1.27058471E-01  0.00000000E+00  0.00000000E+00 -1.81679021E-02
    0.042000      1   0.00000000E+00  0.00000000E+00  2.12882296E-03  0.00000000E+00  0.00000000E+00  0.00000000E+00  0.00000000E+00  0.00000000E+00  1.27040022E-01  0.00000000E+00  0.00000000E+00 -1.84490201E-02
    0.043000      1   0.00000000E+00  0.00000000E+00  2.16032995E-03  0.00000000E+00  0.00000000E+00  0.00000000E+00  0.00000000E+00  0.00000000E+00  1.27021294E-01  0.00000000E+00  0.00000000E+00 -1.87275652E-02
    0.044000      1   0.00000000E+00  0.00000000E+00  2.16305005E-03  0.00000000E+00  0.00000000E+00  0.00000000E+00  0.00000000E+00  0.00000000E+00  1.27002290E-01  0.00000000E+00  0.00000000E+00 -1.90040316E-02
    0.045000      1   0.00000000E+00  0.00000000E+00  2.16617368E-03  0.00000000E+00  0.00000000E+00  0.00000000E+00  0.00000000E+00  0.00000000E+00  1.26983021E-01  0.00000000E+00  0.00000000E+00 -1.92696696E-02
    0.046000      1   0.00000000E+00  0.00000000E+00  2.17839549E-03  0.00000000E+00  0.00000000E+00  0.00000000E+00  0.00000000E+00  0.00000000E+00  1.26963487E-01  0.00000000E+00  0.00000000E+00 -1.95338619E-02
    0.047000      1   0.00000000E+00  0.00000000E+00  2.19239192E-03  0.00000000E+00  0.00000000E+00  0.00000000E+00  0.00000000E+00  0.00000000E+00  1.26943692E-01  0.00000000E+00  0.00000000E+00 -1.97948671E-02
    0.048000      1   0.00000000E+00  0.00000000E+00  2.19123311E-03  0.00000000E+00  0.00000000E+00  0.00000000E+00  0.00000000E+00  0.00000000E+00  1.26923643E-01  0.00000000E+00  0.00000000E+00 -2.00493834E-02
    0.049000      1   0.00000000E+00  0.00000000E+00  2.19378070E-03  0.00000000E+00  0.00000000E+00  0.00000000E+00  0.00000000E+00  0.00000000E+00  1.26903343E-01  0.00000000E+00  0.00000000E+00 -2.02995079E-02
    0.050000      1   0.00000000E+00  0.00000000E+00  2.17989050E-03  0.00000000E+00  0.00000000E+00  0.00000000E+00  0.00000000E+00  0.00000000E+00  1.26882794E-01  0.00000000E+00  0.00000000E+00 -2.05495625E-02
    0.051000      1   0.00000000E+00  0.00000000E+00  2.20785634E-03  0.00000000E+00  0.00000000E+00  0.00000000E+00  0.00000000E+00  0.00000000E+00  1.26861992E-01  0.00000000E+00  0.00000000E+00 -2.08012367E-02
    0.052000      1   0.00000000E+00  0.00000000E+00  2.20840320E-03  0.00000000E+00  0.00000000E+00  0.00000000E+00  0.00000000E+00  0.00000000E+00  1.26840940E-01  0.00000000E+00  0.00000000E+00 -2.10525273E-02
    0.053000      1   0.00000000E+00  0.00000000E+00  2.21126990E-03  0.00000000E+00  0.00000000E+00  0.00000000E+00  0.00000000E+00  0.00000000E+00  1.26819645E-01  0.00000000E+00  0.00000000E+00 -2.12945367E-02
    0.054000      1   0.00000000E+00  0.00000000E+00  2.21372143E-03  0.00000000E+00  0.00000000E+00  0.00000000E+00  0.00000000E+00  0.00000000E+00  1.26798109E-01  0.00000000E+00  0.00000000E+00 -2.15358596E-02
    0.055000      1   0.00000000E+00  0.00000000E+00  2.22966874E-03  0.00000000E+00  0.00000000E+00  0.00000000E+00  0.00000000E+00  0.00000000E+00  1.26776334E-01  0.00000000E+00  0.00000000E+00 -2.17758075E-02
    0.056000      1   0.00000000E+00  0.00000000E+00  2.22800396E-03  0.00000000E+00  0.00000000E+00  0.00000000E+00  0.00000000E+00  0.00000000E+00  1.26754321E-01  0.00000000E+00  0.00000000E+00 -2.20121302E-02
    0.057000      1   0.00000000E+00  0.00000000E+00  2.24866938E-03  0.00000000E+00  0.00000000E+00  0.00000000E+00  0.00000000E+00  0.00000000E+00  1.26732078E-01  0.00000000E+00  0.00000000E+00 -2.22435100E-02
    0.058000      1   0.00000000E+00  0.00000000E+00  2.24437597E-03  0.00000000E+00  0.00000000E+00  0.00000000E+00  0.00000000E+00  0.00000000E+00  1.26709606E-01  0.00000000E+00  0.00000000E+00 -2.24717820E-02
    0.059000      1   0.00000000E+00  0.00000000E+00  2.26841846E-03  0.00000000E+00  0.00000000E+00  0.00000000E+00  0.00000000E+00  0.00000000E+00  1.26686912E-01  0.00000000E+00  0.00000000E+00 -2.26940265E-02
    0.060000      1   0.00000000E+00  0.00000000E+00  2.26273772E-03  0.00000000E+00  0.00000000E+00  0.00000000E+00  0.00000000E+00  0.00000000E+00  1.26663999E-01  0.00000000E+00  0.00000000E+00 -2.29134293E-02
    0.061000      1   0.00000000E+00  0.00000000E+00  2.26705383E-03  0.00000000E+00  0.00000000E+00  0.00000000E+00  0.00000000E+00  0.00000000E+00  1.26640873E-01  0.00000000E+00  0.00000000E+00 -2.31259408E-02
    0.062000      1   0.00000000E+00  0.00000000E+00  2.26116341E-03  0.00000000E+00  0.00000000E+00  0.00000000E+00  0.00000000E+00  0.00000000E+00  1.26617533E-01  0.00000000E+00  0.00000000E+00 -2.33395547E-02
    0.063000      1   0.00000000E+00  0.00000000E+00  2.25962448E-03  0.00000000E+00  0.00000000E+00  0.00000000E+00  0.00000000E+00  0.00000000E+00  1.26593980E-01  0.00000000E+00  0.00000000E+00 -2.35527927E-02
    0.064000      1   0.00000000E+00  0.00000000E+00  2.26752321E-03  0.00000000E+00  0.00000000E+00  0.00000000E+00  0.00000000E+00  0.00000000E+00  1.26570212E-01  0.00000000E+00  0.00000000E+00 -2.37682374E-02
    0.065000      1   0.00000000E+00  0.00000000E+00  2.27344232E-03  0.00000000E+00  0.00000000E+00  0.00000000E+00  0.00000000E+00  0.00000000E+00  1.26546229E-01  0.00000000E+00  0.00000000E+00 -2.39827907E-02
    0.066000      1   0.00000000E+00  0.00000000E+00  2.27389687E-03  0.00000000E+00  0.00000000E+00  0.00000000E+00  0.00000000E+00  0.00000000E+00  1.26522036E-01  0.00000000E+00  0.00000000E+00 -2.41937032E-02
    0.067000      1   0.00000000E+00  0.00000000E+00  2.29559489E-03  0.00000000E+00  0.00000000E+00  0.00000000E+00  0.00000000E+00  0.00000000E+00  1.26497633E-01  0.00000000E+00  0.00000000E+00 -2.44025914E-02
    0.068000      1   0.00000000E+00  0.00000000E+00  2.28251684E-03  0.00000000E+00  0.00000000E+00  0.00000000E+00  0.00000000E+00  0.00000000E+00  1.26473026E-01  0.00000000E+00  0.00000000E+00 -2.46074933E-02
    0.069000      1   0.00000000E+00  0.00000000E+00  2.31214953E-03  0.00000000E+00  0.00000000E+00  0.00000000E+00  0.00000000E+00  0.00000000E+00  1.26448218E-01  0.00000000E+00  0.00000000E+00 -2.48075819E-02
    0.070000      1   0.00000000E+00  0.00000000E+00  2.29470506E-03  0.00000000E+00  0.00000000E+00  0.00000000E+00  0.00000000E+00  0.00000000E+00  1.26423211E-01  0.00000000E+00  0.00000000E+00 -2.50067253E-02
    0.071000      1   0.00000000E+00  0.00000000E+00  2.32557947E-03  0.00000000E+00  0.00000000E+00  0.00000000E+00  0.00000000E+00  0.00000000E+00  1.26398012E-01  0.00000000E+00  0.00000000E+00 -2.51992218E-02
    0.072000      1   0.00000000E+00  0.00000000E+00  2.30987369E-03  0.00000000E+00  0.00000000E+00  0.00000000E+00  0.00000000E+00  0.00000000E+00  1.26372620E-01  0.00000000E+00  0.00000000E+00 -2.53919875E-02
    0.073000      1   0.00000000E+00  0.00000000E+00  2.32319013E-03  0.00000000E+00  0.00000000E+00  0.00000000E+00  0.00000000E+00  0.00000000E+00  1.26347043E-01  0.00000000E+00  0.00000000E+00 -2.55773910E-02
    0.074000      1   0.00000000E+00  0.00000000E+00  2.29108028E-03  0.00000000E+00  0.00000000E+00  0.00000000E+00  0.00000000E+00  0.00000000E+00  1.26321277E-01  0.00000000E+00  0.00000000E+00 -2.57655977E-02
    0.075000      1   0.00000000E+00  0.00000000E+00  2.32061298E-03  0.00000000E+00  0.00000000E+00  0.00000000E+00  0.00000000E+00  0.00000000E+00  1.26295322E-01  0.00000000E+00  0.00000000E+00 -2.59551092E-02
    0.076000      1   0.00000000E+00  0.00000000E+00  2.31525849E-03  0.00000000E+00  0.00000000E+00  0.00000000E+00  0.00000000E+00  0.00000000E+00  1.26269172E-01  0.00000000E+00  0.00000000E+00 -2.61499436E-02
    0.077000      1   0.00000000E+00  0.00000000E+00  2.32401421E-03  0.00000000E+00  0.00000000E+00  0.00000000E+00  0.00000000E+00  0.00000000E+00  1.26242836E-01  0.00000000E+00  0.00000000E+00 -2.63360260E-02
    0.078000      1   0.00000000E+00  0.00000000E+00  2.32647220E-03  0.00000000E+00  0.00000000E+00  0.00000000E+00  0.00000000E+00  0.00000000E+00  1.26216314E-01  0.00000000E+00  0.00000000E+00 -2.65223184E-02
    0.079000      1   0.00000000E+00  0.00000000E+00  2.33277221E-03  0.00000000E+00  0.00000000E+00  0.00000000E+00  0.00000000E+00  0.00000000E+00  1.26189608E-01  0.00000000E+00  0.00000000E+00 -2.67053007E-02
    0.080000      1   0.00000000E+00  0.00000000E+00  2.34586407E-03  0.00000000E+00  0.00000000E+00  0.00000000E+00  0.00000000E+00  0.00000000E+00  1.26162722E-01  0.00000000E+00  0.00000000E+00 -2.68863617E-02
    0.081000      1   0.00000000E+00  0.00000000E+00  2.35968273E-03  0.00000000E+00  0.00000000E+00  0.00000000E+00  0.00000000E+00  0.00000000E+00  1.26135659E-01  0.00000000E+00  0.00000000E+00 -2.70630384E-02
    0.082000      1   0.00000000E+00  0.00000000E+00  2.35163235E-03  0.00000000E+00  0.00000000E+00  0.00000000E+00  0.00000000E+00  0.00000000E+00  1.26108426E-01  0.00000000E+00  0.00000000E+00 -2.72329720E-02
    0.083000      1   0.00000000E+00  0.00000000E+00  2.36160472E-03  0.00000000E+00  0.00000000E+00  0.00000000E+00  0.00000000E+00  0.00000000E+00  1.26081026E-01  0.00000000E+00  0.00000000E+00 -2.73997909E-02
    0.084000      1   0.00000000E+00  0.00000000E+00  2.33251623E-03  0.00000000E+00  0.00000000E+00  0.00000000E+00  0.00000000E+00  0.00000000E+00  1.26053459E-01  0.00000000E+00  0.00000000E+00 -2.75674902E-02
    0.085000      1   0.00000000E+00  0.00000000E+00  2.35406517E-03  0.00000000E+00  0.00000000E+00  0.00000000E+00  0.00000000E+00  0.00000000E+00  1.26025722E-01  0.00000000E+00  0.00000000E+00 -2.77370583E-02
    0.086000      1   0.00000000E+00  0.00000000E+00  2.33891766E-03  0.00000000E+00  0.00000000E+00  0.00000000E+00  0.00000000E+00  0.00000000E+00  1.25997809E-01  0.00000000E+00  0.00000000E+00 -2.79123689E-02
    0.087000      1   0.00000000E+00  0.00000000E+00  2.36221665E-03  0.00000000E+00  0.00000000E+00  0.00000000E+00  0.00000000E+00  0.00000000E+00  1.25969726E-01  0.00000000E+00  0.00000000E+00 -2.80832812E-02
    0.088000      1   0.00000000E+00  0.00000000E+00  2.36448734E-03  0.00000000E+00  0.00000000E+00  0.00000000E+00  0.00000000E+00  0.00000000E+00  1.25941471E-01  0.00000000E+00  0.00000000E+00 -2.82550479E-02
    0.089000      1   0.00000000E+00  0.00000000E+00  2.36523790E-03  0.00000000E+00  0.00000000E+00  0.00000000E+00  0.00000000E+00  0.00000000E+00  1.25913052E-01  0.00000000E+00  0.00000000E+00 -2.84187614E-02
    0.090000      1   0.00000000E+00  0.00000000E+00  2.37356105E-03  0.00000000E+00  0.00000000E+00  0.00000000E+00  0.00000000E+00  0.00000000E+00  1.25884471E-01  0.00000000E+00  0.00000000E+00 -2.85815964E-02
    0.091000      1   0.00000000E+00  0.00000000E+00  2.38829899E-03  0.00000000E+00  0.00000000E+00  0.00000000E+00  0.00000000E+00  0.00000000E+00  1.25855728E-01  0.00000000E+00  0.00000000E+00 -2.87427131E-02
    0.092000      1   0.00000000E+00  0.00000000E+00  2.38870015E-03  0.00000000E+00  0.00000000E+00  0.00000000E+00  0.00000000E+00  0.00000000E+00  1.25826829E-01  0.00000000E+00  0.00000000E+00 -2.88984901E-02
    0.093000      1   0.00000000E+00  0.00000000E+00  2.38314985E-03  0.00000000E+00  0.00000000E+00  0.00000000E+00  0.00000000E+00  0.00000000E+00  1.25797780E-01  0.00000000E+00  0.00000000E+00 -2.90493559E-02
    0.094000      1   0.00000000E+00  0.00000000E+00  2.35759021E-03  0.00000000E+00  0.00000000E+00  0.00000000E+00  0.00000000E+00  0.00000000E+00  1.25768579E-01  0.00000000E+00  0.00000000E+00 -2.92010716E-02
    0.095000      1   0.00000000E+00  0.00000000E+00  2.37954351E-03  0.00000000E+00  0.00000000E+00  0.00000000E+00  0.00000000E+00  0.00000000E+00  1.25739220E-01  0.00000000E+00  0.00000000E+00 -2.93591300E-02
    0.096000      1   0.00000000E+00  0.00000000E+00  2.38108785E-03  0.00000000E+00  0.00000000E+00  0.00000000E+00  0.00000000E+00  0.00000000E+00  1.25709698E-01  0.00000000E+00  0.00000000E+00 -2.95217003E-02
    0.097000      1   0.00000000E+00  0.00000000E+00  2.38960450E-03  0.00000000E+00  0.00000000E+00  0.00000000E+00  0.00000000E+00  0.00000000E+00  1.25680021E-01  0.00000000E+00  0.00000000E+00 -2.96767878E-02
    0.098000      1   0.00000000E+00  0.00000000E+00  2.38444166E-03  0.00000000E+00  0.00000000E+00  0.00000000E+00  0.00000000E+00  0.00000000E+00  1.25650192E-01  0.00000000E+00  0.00000000E+00 -2.98298620E-02
    0.099000      1   0.00000000E+00  0.00000000E+00  2.39968747E-03  0.00000000E+00  0.00000000E+00  0.00000000E+00  0.00000000E+00  0.00000000E+00  1.25620211E-01  0.00000000E+00  0.00000000E+00 -2.99810522E-02
    0.100000      1   0.00000000E+00  0.00000000E+00  2.40399584E-03  0.00000000E+00  0.00000000E+00  0.00000000E+00  0.00000000E+00  0.00000000E+00  1.25590079E-01  0.00000000E+00  0.00000000E+00 -3.01312419E-02
    0.101000      1   0.00000000E+00  0.00000000E+00  2.42027473E-03  0.00000000E+00  0.00000000E+00  0.00000000E+00  0.00000000E+00  0.00000000E+00  1.25559804E-01  0.00000000E+00  0.00000000E+00 -3.02756627E-02
    0.102000      1   0.00000000E+00  0.00000000E+00  2.40892652E-03  0.00000000E+00  0.00000000E+00  0.00000000E+00  0.00000000E+00  0.00000000E+00  1.25529388E-01  0.00000000E+00  0.00000000E+00 -3.04157899E-02
    0.103000      1   0.00000000E+00  0.00000000E+00  2.39545848E-03  0.00000000E+00  0.00000000E+00  0.00000000E+00  0.00000000E+00  0.00000000E+00  1.25498835E-01  0.00000000E+00  0.00000000E+00 -3.05525777E-02
    0.104000      1   0.00000000E+00  0.00000000E+00  2.39382697E-03  0.00000000E+00  0.00000000E+00  0.00000000E+00  0.00000000E+00  0.00000000E+00  1.25468140E-01  0.00000000E+00  0.00000000E+00 -3.06954740E-02
    0.105000      1   0.00000000E+00  0.00000000E+00  2.39333684E-03  0.00000000E+00  0.00000000E+00  0.00000000E+00  0.00000000E+00  0.00000000E+00  1.25437297E-01  0.00000000E+00  0.00000000E+00 -3.08430820E-02
    0.106000      1   0.00000000E+00  0.00000000E+00  2.41485688E-03  0.00000000E+00  0.00000000E+00  0.00000000E+00  0.00000000E+00  0.00000000E+00  1.25406305E-01  0.00000000E+00  0.00000000E+00 -3.09913124E-02
    0.107000      1   0.00000000E+00  0.00000000E+00  2.41836657E-03  0.00000000E+00  0.00000000E+00  0.00000000E+00  0.00000000E+00  0.00000000E+00  1.25375169E-01  0.00000000E+00  0.00000000E+00 -3.11358983E-02
    0.108000      1   0.00000000E+00  0.00000000E+00  2.42040973E-03  0.00000000E+00  0.00000000E+00  0.00000000E+00  0.00000000E+00  0.00000000E+00  1.25343897E-01  0.00000000E+00  0.00000000E+00 -3.12727960E-02
    0.109000      1   0.00000000E+00  0.00000000E+00  2.41427927E-03  0.00000000E+00  0.00000000E+00  0.00000000E+00  0.00000000E+00  0.00000000E+00  1.25312489E-01  0.00000000E+00  0.00000000E+00 -3.14081797E-02
    0.110000      1   0.00000000E+00  0.00000000E+00  2.43874169E-03  0.00000000E+00  0.00000000E+00  0.00000000E+00  0.00000000E+00  0.00000000E+00  1.25280945E-01  0.00000000E+00  0.00000000E+00 -3.15439766E-02
    0.111000      1   0.00000000E+00  0.00000000E+00  2.43021614E-03  0.00000000E+00  0.00000000E+00  0.00000000E+00  0.00000000E+00  0.00000000E+00  1.25249267E-01  0.00000000E+00  0.00000000E+00 -3.16774609E-02
    0.112000      1   0.00000000E+00  0.00000000E+00  2.41650659E-03  0.00000000E+00  0.00000000E+00  0.00000000E+00  0.00000000E+00  0.00000000E+00  1.25217463E-01  0.00000000E+00  0.00000000E+00 -3.18044190E-02
    0.113000      1   0.00000000E+00  0.00000000E+00  2.40989636E-03  0.00000000E+00  0.00000000E+00  0.00000000E+00  0.00000000E+00  0.00000000E+00  1.25185526E-01  0.00000000E+00  0.00000000E+00 -3.19366014E-02
    0.114000      1   0.00000000E+00  0.00000000E+00  2.42788568E-03  0.00000000E+00  0.00000000E+00  0.00000000E+00  0.00000000E+00  0.00000000E+00  1.25153452E-01  0.00000000E+00  0.00000000E+00 -3.20744551E-02
    0.115000      1   0.00000000E+00  0.00000000E+00  2.42130678E-03  0.00000000E+00  0.00000000E+00  0.00000000E+00  0.00000000E+00  0.00000000E+00  1.25121240E-01  0.00000000E+00  0.00000000E+00 -3.22112986E-02
    0.116000      1   0.00000000E+00  0.00000000E+00  2.43567309E-03  0.00000000E+00  0.00000000E+00  0.00000000E+00  0.00000000E+00  0.00000000E+00  1.25088897E-01  0.00000000E+00  0.00000000E+00 -3.23433975E-02
    0.117000      1   0.00000000E+00  0.00000000E+00  2.44131087E-03  0.00000000E+00  0.00000000E+00  0.00000000E+00  0.00000000E+00  0.00000000E+00  1.25056422E-01  0.00000000E+00  0.00000000E+00 -3.24751165E-02
    0.118000      1   0.00000000E+00  0.00000000E+00  2.45076152E-03  0.00000000E+00  0.00000000E+00  0.00000000E+00  0.00000000E+00  0.00000000E+00  1.25023821E-01  0.00000000E+00  0.00000000E+00 -3.26011204E-02
    0.119000      1   0.00000000E+00  0.00000000E+00  2.45432638E-03  0.00000000E+00  0.00000000E+00  0.00000000E+00  0.00000000E+00  0.00000000E+00  1.24991097E-01  0.00000000E+00  0.00000000E+00 -3.27236015E-02
    0.120000      1   0.00000000E+00  0.00000000E+00  2.45026480E-03  0.00000000E+00  0.00000000E+00  0.00000000E+00  0.00000000E+00  0.00000000E+00  1.24958255E-01  0.00000000E+00  0.00000000E+00 -3.28423485E-02
    0.121000      1   0.00000000E+00  0.00000000E+00  2.42026143E-03  0.00000000E+00  0.00000000E+00  0.00000000E+00  0.00000000E+00  0.00000000E+00  1.24925294E-01  0.00000000E+00  0.00000000E+00 -3.29606429E-02
    0.122000      1   0.00000000E+00  0.00000000E+00  2.42744563E-03  0.00000000E+00  0.00000000E+00  0.00000000E+00  0.00000000E+00  0.00000000E+00  1.24892208E-01  0.00000000E+00  0.00000000E+00 -3.30855771E-02
    0.123000      1   0.00000000E+00  0.00000000E+00  2.44189713E-03  0.00000000E+00  0.00000000E+00  0.00000000E+00  0.00000000E+00  0.00000000E+00  1.24858989E-01  0.00000000E+00  0.00000000E+00 -3.32190943E-02
    0.124000      1   0.00000000E+00  0.00000000E+00  2.45262169E-03  0.00000000E+00  0.00000000E+00  0.00000000E+00  0.00000000E+00  0.00000000E+00  1.24825642E-01  0.00000000E+00  0.00000000E+00 -3.33476965E-02
    0.125000      1   0.00000000E+00  0.00000000E+00  2.45626649E-03  0.00000000E+00  0.00000000E+00  0.00000000E+00  0.00000000E+00  0.00000000E+00  1.24792172E-01  0.00000000E+00  0.00000000E+00 -3.34696562E-02
    0.126000      1   0.00000000E+00  0.00000000E+00  2.45887147E-03  0.00000000E+00  0.00000000E+00  0.00000000E+00  0.00000000E+00  0.00000000E+00  1.24758585E-01  0.00000000E+00  0.00000000E+00 -3.35874492E-02
    0.127000      1   0.00000000E+00  0.00000000E+00  2.46263418E-03  0.00000000E+00  0.00000000E+00  0.00000000E+00  0.00000000E+00  0.00000000E+00  1.24724881E-01  0.00000000E+00  0.00000000E+00 -3.37035845E-02
    0.128000      1   0.00000000E+00  0.00000000E+00  2.46870696E-03  0.00000000E+00  0.00000000E+00  0.00000000E+00  0.00000000E+00  0.00000000E+00  1.24691063E-01  0.00000000E+00  0.00000000E+00 -3.38181989E-02
    0.129000      1   0.00000000E+00  0.00000000E+00  2.44210780E-03  0.00000000E+00  0.00000000E+00  0.00000000E+00  0.00000000E+00  0.00000000E+00  1.24657132E-01  0.00000000E+00  0.00000000E+00 -3.39305037E-02
    0.130000      1   0.00000000E+00  0.00000000E+00  2.44543828E-03  0.00000000E+00  0.00000000E+00  0.00000000E+00  0.00000000E+00  0.00000000E+00  1.24623087E-01  0.00000000E+00  0.00000000E+00 -3.40455178E-02
    0.131000      1   0.00000000E+00  0.00000000E+00  2.45428230E-03  0.00000000E+00  0.00000000E+00  0.00000000E+00  0.00000000E+00  0.00000000E+00  1.24588918E-01  0.00000000E+00  0.00000000E+00 -3.41686786E-02
    0.132000      1   0.00000000E+00  0.00000000E+00  2.46208823E-03  0.00000000E+00  0.00000000E+00  0.00000000E+00  0.00000000E+00  0.00000000E+00  1.24554629E-01  0.00000000E+00  0.00000000E+00 -3.42891816E-02
    0.133000      1   0.00000000E+00  0.00000000E+00  2.45788106E-03  0.00000000E+00  0.00000000E+00  0.00000000E+00  0.00000000E+00  0.00000000E+00  1.24520224E-01  0.00000000E+00  0.00000000E+00 -3.44053997E-02
    0.134000      1   0.00000000E+00  0.00000000E+00  2.48669791E-03  0.00000000E+00  0.00000000E+00  0.00000000E+00  0.00000000E+00  0.00000000E+00  1.24485704E-01  0.00000000E+00  0.00000000E+00 -3.45197982E-02
    0.135000      1   0.00000000E+00  0.00000000E+00  2.47668375E-03  0.00000000E+00  0.00000000E+00  0.00000000E+00  0.00000000E+00  0.00000000E+00  1.24451073E-01  0.00000000E+00  0.00000000E+00 -3.46304825E-02
    0.136000      1   0.00000000E+00  0.00000000E+00  2.48399843E-03  0.00000000E+00  0.00000000E+00  0.00000000E+00  0.00000000E+00  0.00000000E+00  1.24416340E-01  0.00000000E+00  0.00000000E+00 -3.47334738E-02
    0.137000      1   0.00000000E+00  0.00000000E+00  2.45260019E-03  0.00000000E+00  0.00000000E+00  0.00000000E+00  0.00000000E+00  0.00000000E+00  1.24381501E-01  0.00000000E+00  0.00000000E+00 -3.48384603E-02
    0.138000      1   0.00000000E+00  0.00000000E+00  2.45770675E-03  0.00000000E+00  0.00000000E+00  0.00000000E+00  0.00000000E+00  0.00000000E+00  1.24346555E-01  0.00000000E+00  0.00000000E+00 -3.49465971E-02
    0.139000      1   0.00000000E+00  0.00000000E+00  2.45907025E-03  0.00000000E+00  0.00000000E+00  0.00000000E+00  0.00000000E+00  0.00000000E+00  1.24311491E-01  0.00000000E+00  0.00000000E+00 -3.50641424E-02
    0.140000      1   0.00000000E+00  0.00000000E+00  2.48799882E-03  0.00000000E+00  0.00000000E+00  0.00000000E+00  0.00000000E+00  0.00000000E+00  1.24276311E-01  0.00000000E+00  0.00000000E+00 -3.51797696E-02
    0.141000      1   0.00000000E+00  0.00000000E+00  2.47024493E-03  0.00000000E+00  0.00000000E+00  0.00000000E+00  0.00000000E+00  0.00000000E+00  1.24241021E-01  0.00000000E+00  0.00000000E+00 -3.52898333E-02
    0.142000      1   0.00000000E+00  0.00000000E+00  2.49682582E-03  0.00000000E+00  0.00000000E+00  0.00000000E+00  0.00000000E+00  0.00000000E+00  1.24205627E-01  0.00000000E+00  0.00000000E+00 -3.53935360E-02
    0.143000      1   0.00000000E+00  0.00000000E+00  2.47924297E-03  0.00000000E+00  0.00000000E+00  0.00000000E+00  0.00000000E+00  0.00000000E+00  1.24170129E-01  0.00000000E+00  0.00000000E+00 -3.54983688E-02
    0.144000      1   0.00000000E+00  0.00000000E+00  2.50190796E-03  0.00000000E+00  0.00000000E+00  0.00000000E+00  0.00000000E+00  0.00000000E+00  1.24134531E-01  0.00000000E+00  0.00000000E+00 -3.55975813E-02
    0.145000      1   0.00000000E+00  0.00000000E+00  2.46328446E-03  0.00000000E+00  0.00000000E+00  0.00000000E+00  0.00000000E+00  0.00000000E+00  1.24098833E-01  0.00000000E+00  0.00000000E+00 -3.56985603E-02
    0.146000      1   0.00000000E+00  0.00000000E+00  2.46924435E-03  0.00000000E+00  0.00000000E+00  0.00000000E+00  0.00000000E+00  0.00000000E+00  1.24063034E-01  0.00000000E+00  0.00000000E+00 -3.57989259E-02
    0.147000      1   0.00000000E+00  0.00000000E+00  2.47484900E-03  0.00000000E+00  0.00000000E+00  0.00000000E+00  0.00000000E+00  0.00000000E+00  1.24027123E-01  0.00000000E+00  0.00000000E+00 -3.59109221E-02
    0.148000      1   0.00000000E+00  0.00000000E+00  2.48710473E-03  0.00000000E+00  0.00000000E+00  0.00000000E+00  0.00000000E+00  0.00000000E+00  1.23991103E-01  0.00000000E+00  0.00000000E+00 -3.60199698E-02
    0.149000      1   0.00000000E+00  0.00000000E+00  2.49370733E-03  0.00000000E+00  0.00000000E+00  0.00000000E+00  0.00000000E+00  0.00000000E+00  1.23954978E-01  0.00000000E+00  0.00000000E+00 -3.61250096E-02
    0.150000      1   0.00000000E+00  0.00000000E+00  2.50037327E-03  0.00000000E+00  0.00000000E+00  0.00000000E+00  0.00000000E+00  0.00000000E+00  1.23918753E-01  0.00000000E+00  0.00000000E+00 -3.62248569E-02
    0.151000      1   0.00000000E+00  0.00000000E+00  2.50688892E-03  0.00000000E+00  0.00000000E+00  0.00000000E+00  0.00000000E+00  0.00000000E+00  1.23882432E-01  0.00000000E+00  0.00000000E+00 -3.63213569E-02
    0.152000      1   0.00000000E+00  0.00000000E+00  2.50770134E-03  0.00000000E+00  0.00000000E+00  0.00000000E+00  0.00000000E+00  0.00000000E+00  1.23846017E-01  0.00000000E+00  0.00000000E+00 -3.64145156E-02
    0.153000      1   0.00000000E+00  0.00000000E+00  2.46573360E-03  0.00000000E+00  0.00000000E+00  0.00000000E+00  0.00000000E+00  0.00000000E+00  1.23809512E-01  0.00000000E+00  0.00000000E+00 -3.65053907E-02
    0.154000      1   0.00000000E+00  0.00000000E+00  2.46783985E-03  0.00000000E+00  0.00000000E+00  0.00000000E+00  0.00000000E+00  0.00000000E+00  1.23772909E-01  0.00000000E+00  0.00000000E+00 -3.66034206E-02
    0.155000      1   0.00000000E+00  0.00000000E+00  2.49865786E-03  0.00000000E+00  0.00000000E+00  0.00000000E+00  0.00000000E+00  0.00000000E+00  1.23736194E-01  0.00000000E+00  0.00000000E+00 -3.67148608E-02
    0.156000      1   0.00000000E+00  0.00000000E+00  2.50733369E-03  0.00000000E+00  0.00000000E+00  0.00000000E+00  0.00000000E+00  0.00000000E+00  1.23699374E-01  0.00000000E+00  0.00000000E+00 -3.68201595E-02
    0.157000      1   0.00000000E+00  0.00000000E+00  2.50552059E-03  0.00000000E+00  0.00000000E+00  0.00000000E+00  0.00000000E+00  0.00000000E+00  1.23662460E-01  0.00000000E+00  0.00000000E+00 -3.69138028E-02
    0.158000      1   0.00000000E+00  0.00000000E+00  2.51035919E-03  0.00000000E+00  0.00000000E+00  0.00000000E+00  0.00000000E+00  0.00000000E+00  1.23625455E-01  0.00000000E+00  0.00000000E+00 -3.70049175E-02
    0.159000      1   0.00000000E+00  0.00000000E+00  2.51684538E-03  0.00000000E+00  0.00000000E+00  0.00000000E+00  0.00000000E+00  0.00000000E+00  1.23588359E-01  0.00000000E+00  0.00000000E+00 -3.70957720E-02
    0.160000      1   0.00000000E+00  0.00000000E+00  2.49107153E-03  0.00000000E+00  0.00000000E+00  0.00000000E+00  0.00000000E+00  0.00000000E+00  1.23551175E-01  0.00000000E+00  0.00000000E+00 -3.71838905E-02
    0.161000      1   0.00000000E+00  0.00000000E+00  2.48144298E-03  0.00000000E+00  0.00000000E+00  0.00000000E+00  0.00000000E+00  0.00000000E+00  1.23513901E-01  0.00000000E+00  0.00000000E+00 -3.72744366E-02
    0.162000      1   0.00000000E+00  0.00000000E+00  2.50581144E-03  0.00000000E+00  0.00000000E+00  0.00000000E+00  0.00000000E+00  0.00000000E+00  1.23476526E-01  0.00000000E+00  0.00000000E+00 -3.73751499E-02
    0.163000      1   0.00000000E+00  0.00000000E+00  2.49974981E-03  0.00000000E+00  0.00000000E+00  0.00000000E+00  0.00000000E+00  0.00000000E+00  1.23439051E-01  0.00000000E+00  0.00000000E+00 -3.74747160E-02
    0.164000      1   0.00000000E+00  0.00000000E+00  2.51057145E-03  0.00000000E+00  0.00000000E+00  0.00000000E+00  0.00000000E+00  0.00000000E+00  1.23401483E-01  0.00000000E+00  0.00000000E+00 -3.75673512E-02
    0.165000      1   0.00000000E+00  0.00000000E+00  2.52137945E-03  0.00000000E+00  0.00000000E+00  0.00000000E+00  0.00000000E+00  0.00000000E+00  1.23363823E-01  0.00000000E+00  0.00000000E+00 -3.76600634E-02
    0.166000      1   0.00000000E+00  0.00000000E+00  2.52634106E-03  0.00000000E+00  0.00000000E+00  0.00000000E+00  0.00000000E+00  0.00000000E+00  1.23326076E-01  0.00000000E+00  0.00000000E+00 -3.77473103E-02
    0.167000      1   0.00000000E+00  0.00000000E+00  2.52732762E-03  0.00000000E+00  0.00000000E+00  0.00000000E+00  0.00000000E+00  0.00000000E+00  1.23288246E-01  0.00000000E+00  0.00000000E+00 -3.78301303E-02
    0.168000      1   0.00000000E+00  0.00000000E+00  2.48221512E-03  0.00000000E+00  0.00000000E+00  0.00000000E+00  0.00000000E+00  0.00000000E+00  1.23250335E-01  0.00000000E+00  0.00000000E+00 -3.79111464E-02
    0.169000      1   0.00000000E+00  0.00000000E+00  2.48534170E-03  0.00000000E+00  0.00000000E+00  0.00000000E+00  0.00000000E+00  0.00000000E+00  1.23212335E-01  0.00000000E+00  0.00000000E+00 -3.79998161E-02
    0.170000      1   0.00000000E+00  0.00000000E+00  2.51998814E-03  0.00000000E+00  0.00000000E+00  0.00000000E+00  0.00000000E+00  0.00000000E+00  1.23174232E-01  0.00000000E+00  0.00000000E+00 -3.81027485E-02
    0.171000      1   0.00000000E+00  0.00000000E+00  2.51848311E-03  0.00000000E+00  0.00000000E+00  0.00000000E+00  0.00000000E+00  0.00000000E+00  1.23136034E-01  0.00000000E+00  0.00000000E+00 -3.81985273E-02
    0.172000      1   0.00000000E+00  0.00000000E+00  2.52999638E-03  0.00000000E+00  0.00000000E+00  0.00000000E+00  0.00000000E+00  0.00000000E+00  1.23097751E-01  0.00000000E+00  0.00000000E+00 -3.82831938E-02
    0.173000      1   0.00000000E+00  0.00000000E+00  2.52552018E-03  0.00000000E+00  0.00000000E+00  0.00000000E+00  0.00000000E+00  0.00000000E+00  1.23059384E-01  0.00000000E+00  0.00000000E+00 -3.83663186E-02
    0.174000      1   0.00000000E+00  0.00000000E+00  2.53651066E-03  0.00000000E+00  0.00000000E+00  0.00000000E+00  0.00000000E+00  0.00000000E+00  1.23020938E-01  0.00000000E+00  0.00000000E+00 -3.84464539E-02
    0.175000      1   0.00000000E+00  0.00000000E+00  2.49290312E-03  0.00000000E+00  0.00000000E+00  0.00000000E+00  0.00000000E+00  0.00000000E+00  1.22982412E-01  0.00000000E+00  0.00000000E+00 -3.85261156E-02
    0.176000      1   0.00000000E+00  0.00000000E+00  2.50913749E-03  0.00000000E+00  0.00000000E+00  0.00000000E+00  0.00000000E+00  0.00000000E+00  1.22943802E-01  0.00000000E+00  0.00000000E+00 -3.86098794E-02
    0.177000      1   0.00000000E+00  0.00000000E+00  2.50516465E-03  0.00000000E+00  0.00000000E+00  0.00000000E+00  0.00000000E+00  0.00000000E+00  1.22905097E-01  0.00000000E+00  0.00000000E+00 -3.87050937E-02
    0.178000      1   0.00000000E+00  0.00000000E+00  2.53383952E-03  0.00000000E+00  0.00000000E+00  0.00000000E+00  0.00000000E+00  0.00000000E+00  1.22866301E-01  0.00000000E+00  0.00000000E+00 -3.87956790E-02
    0.179000      1   0.00000000E+00  0.00000000E+00  2.52669279E-03  0.00000000E+00  0.00000000E+00  0.00000000E+00  0.00000000E+00  0.00000000E+00  1.22827419E-01  0.00000000E+00  0.00000000E+00 -3.88824982E-02
    0.180000      1   0.00000000E+00  0.00000000E+00  2.54628849E-03  0.00000000E+00  0.00000000E+00  0.00000000E+00  0.00000000E+00  0.00000000E+00  1.22788457E-01  0.00000000E+00  0.00000000E+00 -3.89611639E-02
    0.181000      1   0.00000000E+00  0.00000000E+00  2.53598285E-03  0.00000000E+00  0.00000000E+00  0.00000000E+00  0.00000000E+00  0.00000000E+00  1.22749419E-01  0.00000000E+00  0.00000000E+00 -3.90387115E-02
    0.182000      1   0.00000000E+00  0.00000000E+00  2.51364442E-03  0.00000000E+00  0.00000000E+00  0.00000000E+00  0.00000000E+00  0.00000000E+00  1.22710307E-01  0.00000000E+00  0.00000000E+00 -3.91116459E-02
    0.183000      1   0.00000000E+00  0.00000000E+00  2.50379749E-03  0.00000000E+00  0.00000000E+00  0.00000000E+00  0.00000000E+00  0.00000000E+00  1.22671115E-01  0.00000000E+00  0.00000000E+00 -3.91919152E-02
    0.184000      1   0.00000000E+00  0.00000000E+00  2.51512277E-03  0.00000000E+00  0.00000000E+00  0.00000000E+00  0.00000000E+00  0.00000000E+00  1.22631834E-01  0.00000000E+00  0.00000000E+00 -3.92812621E-02
    0.185000      1   0.00000000E+00  0.00000000E+00  2.54880376E-03  0.00000000E+00  0.00000000E+00  0.00000000E+00  0.00000000E+00  0.00000000E+00  1.22592462E-01  0.00000000E+00  0.00000000E+00 -3.93718401E-02
    0.186000      1   0.00000000E+00  0.00000000E+00  2.52831017E-03  0.00000000E+00  0.00000000E+00  0.00000000E+00  0.00000000E+00  0.00000000E+00  1.22553009E-01  0.00000000E+00  0.00000000E+00 -3.94527426E-02
    0.187000      1   0.00000000E+00  0.00000000E+00  2.54656848E-03  0.00000000E+00  0.00000000E+00  0.00000000E+00  0.00000000E+00  0.00000000E+00  1.22513483E-01  0.00000000E+00  0.00000000E+00 -3.95262079E-02
    0.188000      1   0.00000000E+00  0.00000000E+00  2.54417300E-03  0.00000000E+00  0.00000000E+00  0.00000000E+00  0.00000000E+00  0.00000000E+00  1.22473880E-01  0.00000000E+00  0.00000000E+00 -3.96031747E-02
    0.189000      1   0.00000000E+00  0.00000000E+00  2.52044838E-03  0.00000000E+00  0.00000000E+00  0.00000000E+00  0.00000000E+00  0.00000000E+00  1.22434205E-01  0.00000000E+00  0.00000000E+00 -3.96745689E-02
    0.190000      1   0.00000000E+00  0.00000000E+00  2.51677908E-03  0.00000000E+00  0.00000000E+00  0.00000000E+00  0.00000000E+00  0.00000000E+00  1.22394454E-01  0.00000000E+00  0.00000000E+00 -3.97509452E-02
    0.191000      1   0.00000000E+00  0.00000000E+00  2.52244147E-03  0.00000000E+00  0.00000000E+00  0.00000000E+00  0.00000000E+00  0.00000000E+00  1.22354619E-01  0.00000000E+00  0.00000000E+00 -3.98357619E-02
    0.192000      1   0.00000000E+00  0.00000000E+00  2.54181754E-03  0.00000000E+00  0.00000000E+00  0.00000000E+00  0.00000000E+00  0.00000000E+00  1.22314698E-01  0.00000000E+00  0.00000000E+00 -3.99207824E-02
    0.193000      1   0.00000000E+00  0.00000000E+00  2.54083080E-03  0.00000000E+00  0.00000000E+00  0.00000000E+00  0.00000000E+00  0.00000000E+00  1.22274697E-01  0.00000000E+00  0.00000000E+00 -4.00005167E-02
    0.194000      1   0.00000000E+00  0.00000000E+00  2.55730173E-03  0.00000000E+00  0.00000000E+00  0.00000000E+00  0.00000000E+00  0.00000000E+00  1.22234623E-01  0.00000000E+00  0.00000000E+00 -4.00740622E-02
    0.195000      1   0.00000000E+00  0.00000000E+00  2.55232183E-03  0.00000000E+00  0.00000000E+00  0.00000000E+00  0.00000000E+00  0.00000000E+00  1.22194478E-01  0.00000000E+00  0.00000000E+00 -4.01450191E-02
    0.196000      1   0.00000000E+00  0.00000000E+00  2.52604652E-03  0.00000000E+00  0.00000000E+00  0.00000000E+00  0.00000000E+00  0.00000000E+00  1.22154267E-01  0.00000000E+00  0.00000000E+00 -4.02114473E-02
    0.197000      1   0.00000000E+00  0.00000000E+00  2.51318455E-03  0.00000000E+00  0.00000000E+00  0.00000000E+00  0.00000000E+00  0.00000000E+00  1.22113983E-01  0.00000000E+00  0.00000000E+00 -4.02841574E-02
    0.198000      1   0.00000000E+00  0.00000000E+00  2.53276692E-03  0.00000000E+00  0.00000000E+00  0.00000000E+00  0.00000000E+00  0.00000000E+00  1.22073615E-01  0.00000000E+00  0.00000000E+00 -4.03677713E-02
    0.199000      1   0.00000000E+00  0.00000000E+00  2.55591211E-03  0.00000000E+00  0.00000000E+00  0.00000000E+00  0.00000000E+00  0.00000000E+00  1.22033163E-01  0.00000000E+00  0.00000000E+00 -4.04521463E-02
    0.200000      1   0.00000000E+00  0.00000000E+00  2.54662681E-03  0.00000000E+00  0.00000000E+00  0.00000000E+00  0.00000000E+00  0.00000000E+00  1.21992637E-01  0.00000000E+00  0.00000000E+00 -4.05259971E-02
    0.201000      1   0.00000000E+00  0.00000000E+00  2.56142466E-03  0.00000000E+00  0.00000000E+00  0.00000000E+00  0.00000000E+00  0.00000000E+00  1.21952043E-01  0.00000000E+00  0.00000000E+00 -4.05938888E-02
    0.202000      1   0.00000000E+00  0.00000000E+00  2.55738275E-03  0.00000000E+00  0.00000000E+00  0.00000000E+00  0.00000000E+00  0.00000000E+00  1.21911381E-01  0.00000000E+00  0.00000000E+00 -4.06622130E-02
    0.203000      1   0.00000000E+00  0.00000000E+00  2.52207592E-03  0.00000000E+00  0.00000000E+00  0.00000000E+00  0.00000000E+00  0.00000000E+00  1.21870654E-01  0.00000000E+00  0.00000000E+00 -4.07263922E-02
    0.204000      1   0.00000000E+00  0.00000000E+00  2.53226749E-03  0.00000000E+00  0.00000000E+00  0.00000000E+00  0.00000000E+00  0.00000000E+00  1.21829856E-01  0.00000000E+00  0.00000000E+00 -4.07981424E-02
    0.205000      1   0.00000000E+00  0.00000000E+00  2.52976831E-03  0.00000000E+00  0.00000000E+00  0.00000000E+00  0.00000000E+00  0.00000000E+00  1.21788976E-01  0.00000000E+00  0.00000000E+00 -4.08796857E-02
    0.206000      1   0.00000000E+00  0.00000000E+00  2.56146500E-03  0.00000000E+00  0.00000000E+00  0.00000000E+00  0.00000000E+00  0.00000000E+00  1.21748018E-01  0.00000000E+00  0.00000000E+00 -4.09583238E-02
    0.207000      1   0.00000000E+00  0.00000000E+00  2.56812089E-03  0.00000000E+00  0.00000000E+00  0.00000000E+00  0.00000000E+00  0.00000000E+00  1.21706986E-01  0.00000000E+00  0.00000000E+00 -4.10321775E-02
    0.208000      1   0.00000000E+00  0.00000000E+00  2.55695943E-03  0.00000000E+00  0.00000000E+00  0.00000000E+00  0.00000000E+00  0.00000000E+00  1.21665891E-01  0.00000000E+00  0.00000000E+00 -4.10944446E-02
    0.209000      1   0.00000000E+00  0.00000000E+00  2.56553986E-03  0.00000000E+00  0.00000000E+00  0.00000000E+00  0.00000000E+00  0.00000000E+00  1.21624735E-01  0.00000000E+00  0.00000000E+00 -4.11564995E-02
    0.210000      1   0.00000000E+00  0.00000000E+00  2.52224457E-03  0.00000000E+00  0.00000000E+00  0.00000000E+00  0.00000000E+00  0.00000000E+00  1.21583514E-01  0.00000000E+00  0.00000000E+00 -4.12207026E-02
    0.211000      1   0.00000000E+00  0.00000000E+00  2.52851255E-03  0.00000000E+00  0.00000000E+00  0.00000000E+00  0.00000000E+00  0.00000000E+00  1.21542224E-01  0.00000000E+00  0.00000000E+00 -4.12897441E-02
    0.212000      1   0.00000000E+00  0.00000000E+00  2.55493959E-03  0.00000000E+00  0.00000000E+00  0.00000000E+00  0.00000000E+00  0.00000000E+00  1.21500853E-01  0.00000000E+00  0.00000000E+00 -4.13718960E-02
    0.213000      1   0.00000000E+00  0.00000000E+00  2.56003101E-03  0.00000000E+00  0.00000000E+00  0.00000000E+00  0.00000000E+00  0.00000000E+00  1.21459405E-01  0.00000000E+00  0.00000000E+00 -4.14473160E-02
    0.214000      1   0.00000000E+00  0.00000000E+00  2.58241990E-03  0.00000000E+00  0.00000000E+00  0.00000000E+00  0.00000000E+00  0.00000000E+00  1.21417892E-01  0.00000000E+00  0.00000000E+00 -4.15131567E-02
    0.215000      1   0.00000000E+00  0.00000000E+00  2.55362507E-03  0.00000000E+00  0.00000000E+00  0.00000000E+00  0.00000000E+00  0.00000000E+00  1.21376319E-01  0.00000000E+00  0.00000000E+00 -4.15733660E-02
    0.216000      1   0.00000000E+00  0.00000000E+00  2.55918410E-03  0.00000000E+00  0.00000000E+00  0.00000000E+00  0.00000000E+00  0.00000000E+00  1.21334687E-01  0.00000000E+00  0.00000000E+00 -4.16313146E-02
    0.217000      1   0.00000000E+00  0.00000000E+00  2.52423368E-03  0.00000000E+00  0.00000000E+00  0.00000000E+00  0.00000000E+00  0.00000000E+00  1.21292990E-01  0.00000000E+00  0.00000000E+00 -4.16977367E-02
    0.218000      1   0.00000000E+00  0.00000000E+00  2.56044555E-03  0.00000000E+00  0.00000000E+00  0.00000000E+00  0.00000000E+00  0.00000000E+00  1.21251221E-01  0.00000000E+00  0.00000000E+00 -4.17685138E-02
    0.219000      1   0.00000000E+00  0.00000000E+00  2.54878597E-03  0.00000000E+00  0.00000000E+00  0.00000000E+00  0.00000000E+00  0.00000000E+00  1.21209377E-01  0.00000000E+00  0.00000000E+00 -4.18443654E-02
    0.220000      1   0.00000000E+00  0.00000000E+00  2.57039672E-03  0.00000000E+00  0.00000000E+00  0.00000000E+00  0.00000000E+00  0.00000000E+00  1.21167466E-01  0.00000000E+00  0.00000000E+00 -4.19103864E-02
    0.221000      1   0.00000000E+00  0.00000000E+00  2.57266859E-03  0.00000000E+00  0.00000000E+00  0.00000000E+00  0.00000000E+00  0.00000000E+00  1.21125490E-01  0.00000000E+00  0.00000000E+00 -4.19764149E-02
    0.222000      1   0.00000000E+00  0.00000000E+00  2.57708916E-03  0.00000000E+00  0.00000000E+00  0.00000000E+00  0.00000000E+00  0.00000000E+00  1.21083455E-01  0.00000000E+00  0.00000000E+00 -4.20349444E-02
    0.223000      1   0.00000000E+00  0.00000000E+00  2.54914820E-03  0.00000000E+00  0.00000000E+00  0.00000000E+00  0.00000000E+00  0.00000000E+00  1.21041363E-01  0.00000000E+00  0.00000000E+00 -4.20919461E-02
    0.224000      1   0.00000000E+00  0.00000000E+00  2.53257150E-03  0.00000000E+00  0.00000000E+00  0.00000000E+00  0.00000000E+00  0.00000000E+00  1.20999211E-01  0.00000000E+00  0.00000000E+00 -4.21524370E-02
    0.225000      1   0.00000000E+00  0.00000000E+00  2.55495201E-03  0.00000000E+00  0.00000000E+00  0.00000000E+00  0.00000000E+00  0.00000000E+00  1.20956986E-01  0.00000000E+00  0.00000000E+00 -4.22250355E-02
    0.226000      1   0.00000000E+00  0.00000000E+00  2.57296147E-03  0.00000000E+00  0.00000000E+00  0.00000000E+00  0.00000000E+00  0.00000000E+00  1.20914687E-01  0.00000000E+00  0.00000000E+00 -4.22991204E-02
    0.227000      1   0.00000000E+00  0.00000000E+00  2.58361146E-03  0.00000000E+00  0.00000000E+00  0.00000000E+00  0.00000000E+00  0.00000000E+00  1.20872324E-01  0.00000000E+00  0.00000000E+00 -4.23626704E-02
    0.228000      1   0.00000000E+00  0.00000000E+00  2.57097776E-03  0.00000000E+00  0.00000000E+00  0.00000000E+00  0.00000000E+00  0.00000000E+00  1.20829905E-01  0.00000000E+00  0.00000000E+00 -4.24184224E-02
    0.229000      1   0.00000000E+00  0.00000000E+00  2.57748598E-03  0.00000000E+00  0.00000000E+00  0.00000000E+00  0.00000000E+00  0.00000000E+00  1.20787433E-01  0.00000000E+00  0.00000000E+00 -4.24729110E-02
    0.230000      1   0.00000000E+00  0.00000000E+00  2.52820794E-03  0.00000000E+00  0.00000000E+00  0.00000000E+00  0.00000000E+00  0.00000000E+00  1.20744902E-01  0.00000000E+00  0.00000000E+00 -4.25303978E-02
    0.231000      1   0.00000000E+00  0.00000000E+00  2.56299341E-03  0.00000000E+00  0.00000000E+00  0.00000000E+00  0.00000000E+00  0.00000000E+00  1.20702308E-01  0.00000000E+00  0.00000000E+00 -4.25944614E-02
    0.232000      1   0.00000000E+00  0.00000000E+00  2.55561473E-03  0.00000000E+00  0.00000000E+00  0.00000000E+00  0.00000000E+00  0.00000000E+00  1.20659639E-01  0.00000000E+00  0.00000000E+00 -4.26685573E-02
    0.233000      1   0.00000000E+00  0.00000000E+00  2.58186574E-03  0.00000000E+00  0.00000000E+00  0.00000000E+00  0.00000000E+00  0.00000000E+00  1.20616907E-01  0.00000000E+00  0.00000000E+00 -4.27325339E-02
    0.234000      1   0.00000000E+00  0.00000000E+00  2.57929545E-03  0.00000000E+00  0.00000000E+00  0.00000000E+00  0.00000000E+00  0.00000000E+00  1.20574112E-01  0.00000000E+00  0.00000000E+00 -4.27942916E-02
    0.235000      1   0.00000000E+00  0.00000000E+00  2.59412774E-03  0.00000000E+00  0.00000000E+00  0.00000000E+00  0.00000000E+00  0.00000000E+00  1.20531264E-01  0.00000000E+00  0.00000000E+00 -4.28478827E-02
    0.236000      1   0.00000000E+00  0.00000000E+00  2.55237125E-03  0.00000000E+00  0.00000000E+00  0.00000000E+00  0.00000000E+00  0.00000000E+00  1.20488365E-01  0.00000000E+00  0.00000000E+00 -4.28996949E-02
    0.237000      1   0.00000000E+00  0.00000000E+00  2.53823806E-03  0.00000000E+00  0.00000000E+00  0.00000000E+00  0.00000000E+00  0.00000000E+00  1.20445411E-01  0.00000000E+00  0.00000000E+00 -4.29540201E-02
    0.238000      1   0.00000000E+00  0.00000000E+00  2.56619435E-03  0.00000000E+00  0.00000000E+00  0.00000000E+00  0.00000000E+00  0.00000000E+00  1.20402386E-01  0.00000000E+00  0.00000000E+00 -4.30245581E-02
    0.239000      1   0.00000000E+00  0.00000000E+00  2.58158168E-03  0.00000000E+00  0.00000000E+00  0.00000000E+00  0.00000000E+00  0.00000000E+00  1.20359291E-01  0.00000000E+00  0.00000000E+00 -4.30947939E-02
    0.240000      1   0.00000000E+00  0.00000000E+00  2.59513940E-03  0.00000000E+00  0.00000000E+00  0.00000000E+00  0.00000000E+00  0.00000000E+00  1.20316138E-01  0.00000000E+00  0.00000000E+00 -4.31531273E-02
    0.241000      1   0.00000000E+00  0.00000000E+00  2.57505845E-03  0.00000000E+00  0.00000000E+00  0.00000000E+00  0.00000000E+00  0.00000000E+00  1.20272934E-01  0.00000000E+00  0.00000000E+00 -4.32040098E-02
    0.242000      1   0.00000000E+00  0.00000000E+00  2.58819818E-03  0.00000000E+00  0.00000000E+00  0.00000000E+00  0.00000000E+00  0.00000000E+00  1.20229680E-01  0.00000000E+00  0.00000000E+00 -4.32539908E-02
    0.243000      1   0.00000000E+00  0.00000000E+00  2.53401760E-03  0.00000000E+00  0.00000000E+00  0.00000000E+00  0.00000000E+00  0.00000000E+00  1.20186372E-01  0.00000000E+00  0.00000000E+00 -4.33082430E-02
    0.244000      1   0.00000000E+00  0.00000000E+00  2.57508533E-03  0.00000000E+00  0.00000000E+00  0.00000000E+00  0.00000000E+00  0.00000000E+00  1.20143004E-01  0.00000000E+00  0.00000000E+00 -4.33677613E-02
    0.245000      1   0.00000000E+00  0.00000000E+00  2.56390557E-03  0.00000000E+00  0.00000000E+00  0.00000000E+00  0.00000000E+00  0.00000000E+00  1.20099566E-01  0.00000000E+00  0.00000000E+00 -4.34378108E-02
    0.246000      1   0.00000000E+00  0.00000000E+00  2.59026394E-03  0.00000000E+00  0.00000000E+00  0.00000000E+00  0.00000000E+00  0.00000000E+00  1.20056070E-01  0.00000000E+00  0.00000000E+00 -4.34963502E-02
    0.247000      1   0.00000000E+00  0.00000000E+00  2.59226022E-03  0.00000000E+00  0.00000000E+00  0.00000000E+00  0.00000000E+00  0.00000000E+00  1.20012516E-01  0.00000000E+00  0.00000000E+00 -4.35538999E-02
    0.248000      1   0.00000000E+00  0.00000000E+00  2.59408682E-03  0.00000000E+00  0.00000000E+00  0.00000000E+00  0.00000000E+00  0.00000000E+00  1.19968914E-01  0.00000000E+00  0.00000000E+00 -4.36024402E-02
    0.249000      1   0.00000000E+00  0.00000000E+00  2.56091245E-03  0.00000000E+00  0.00000000E+00  0.00000000E+00  0.00000000E+00  0.00000000E+00  1.19925264E-01  0.00000000E+00  0.00000000E+00 -4.36500018E-02
    0.250000      1   0.00000000E+00  0.00000000E+00  2.54491188E-03  0.00000000E+00  0.00000000E+00  0.00000000E+00  0.00000000E+00  0.00000000E+00  1.19881561E-01  0.00000000E+00  0.00000000E+00 -4.37028300E-02
    0.251000      1   0.00000000E+00  0.00000000E+00  2.57677413E-03  0.00000000E+00  0.00000000E+00  0.00000000E+00  0.00000000E+00  0.00000000E+00  1.19837791E-01  0.00000000E+00  0.00000000E+00 -4.37693828E-02
    0.252000      1   0.00000000E+00  0.00000000E+00  2.58645530E-03  0.00000000E+00  0.00000000E+00  0.00000000E+00  0.00000000E+00  0.00000000E+00  1.19793956E-01  0.00000000E+00  0.00000000E+00 -4.38355558E-02
    0.253000      1   0.00000000E+00  0.00000000E+00  2.61336069E-03  0.00000000E+00  0.00000000E+00  0.00000000E+00  0.00000000E+00  0.00000000E+00  1.19750066E-01  0.00000000E+00  0.00000000E+00 -4.38895529E-02
    0.254000      1   0.00000000E+00  0.00000000E+00  2.57901345E-03  0.00000000E+00  0.00000000E+00  0.00000000E+00  0.00000000E+00  0.00000000E+00  1.19706131E-01  0.00000000E+00  0.00000000E+00 -4.39356125E-02
    0.255000      1   0.00000000E+00  0.00000000E+00  2.57415444E-03  0.00000000E+00  0.00000000E+00  0.00000000E+00  0.00000000E+00  0.00000000E+00  1.19662152E-01  0.00000000E+00  0.00000000E+00 -4.39789100E-02
    0.256000      1   0.00000000E+00  0.00000000E+00  2.55284254E-03  0.00000000E+00  0.00000000E+00  0.00000000E+00  0.00000000E+00  0.00000000E+00  1.19618117E-01  0.00000000E+00  0.00000000E+00 -4.40343469E-02
    0.257000      1   0.00000000E+00  0.00000000E+00  2.57651568E-03  0.00000000E+00  0.00000000E+00  0.00000000E+00  0.00000000E+00  0.00000000E+00  1.19574022E-01  0.00000000E+00  0.00000000E+00 -4.40951483E-02
    0.258000      1   0.00000000E+00  0.00000000E+00  2.58512516E-03  0.00000000E+00  0.00000000E+00  0.00000000E+00  0.00000000E+00  0.00000000E+00  1.19529864E-01  0.00000000E+00  0.00000000E+00 -4.41587625E-02
    0.259000      1   0.00000000E+00  0.00000000E+00  2.60388555E-03  0.00000000E+00  0.00000000E+00  0.00000000E+00  0.00000000E+00  0.00000000E+00  1.19485651E-01  0.00000000E+00  0.00000000E+00 -4.42130797E-02
    0.260000      1   0.00000000E+00  0.00000000E+00  2.59099967E-03  0.00000000E+00  0.00000000E+00  0.00000000E+00  0.00000000E+00  0.00000000E+00  1.19441389E-01  0.00000000E+00  0.00000000E+00 -4.42612518E-02
    0.261000      1   0.00000000E+00  0.00000000E+00  2.60361465E-03  0.00000000E+00  0.00000000E+00  0.00000000E+00  0.00000000E+00  0.00000000E+00  1.19397084E-01  0.00000000E+00  0.00000000E+00 -4.43055414E-02
    0.262000      1   0.00000000E+00  0.00000000E+00  2.54193465E-03  0.00000000E+00  0.00000000E+00  0.00000000E+00  0.00000000E+00  0.00000000E+00  1.19352732E-01  0.00000000E+00  0.00000000E+00 -4.43518321E-02
    0.263000      1   0.00000000E+00  0.00000000E+00  2.57033456E-03  0.00000000E+00  0.00000000E+00  0.00000000E+00  0.00000000E+00  0.00000000E+00  1.19308327E-01  0.00000000E+00  0.00000000E+00 -4.44048873E-02
    0.264000      1   0.00000000E+00  0.00000000E+00  2.59378140E-03  0.00000000E+00  0.00000000E+00  0.00000000E+00  0.00000000E+00  0.00000000E+00  1.19263854E-01  0.00000000E+00  0.00000000E+00 -4.44731769E-02
    0.265000      1   0.00000000E+00  0.00000000E+00  2.59858493E-03  0.00000000E+00  0.00000000E+00  0.00000000E+00  0.00000000E+00  0.00000000E+00  1.19219326E-01  0.00000000E+00  0.00000000E+00 -4.45279932E-02
    0.266000      1   0.00000000E+00  0.00000000E+00  2.60140217E-03  0.00000000E+00  0.00000000E+00  0.00000000E+00  0.00000000E+00  0.00000000E+00  1.19174752E-01  0.00000000E+00  0.00000000E+00 -4.45742598E-02
    0.267000      1   0.00000000E+00  0.00000000E+00  2.60177799E-03  0.00000000E+00  0.00000000E+00  0.00000000E+00  0.00000000E+00  0.00000000E+00  1.19130133E-01  0.00000000E+00  0.00000000E+00 -4.46184507E-02
    0.268000      1   0.00000000E+00  0.00000000E+00  2.55278164E-03  0.00000000E+00  0.00000000E+00  0.00000000E+00  0.00000000E+00  0.00000000E+00  1.19085471E-01  0.00000000E+00  0.00000000E+00 -4.46616499E-02
    0.269000      1   0.00000000E+00  0.00000000E+00  2.58116611E-03  0.00000000E+00  0.00000000E+00  0.00000000E+00  0.00000000E+00  0.00000000E+00  1.19040758E-01  0.00000000E+00  0.00000000E+00 -4.47133901E-02
    0.270000      1   0.00000000E+00  0.00000000E+00  2.57506033E-03  0.00000000E+00  0.00000000E+00  0.00000000E+00  0.00000000E+00  0.00000000E+00  1.18995982E-01  0.00000000E+00  0.00000000E+00 -4.47762019E-02
    0.271000      1   0.00000000E+00  0.00000000E+00  2.60520942E-03  0.00000000E+00  0.00000000E+00  0.00000000E+00  0.00000000E+00  0.00000000E+00  1.18951151E-01  0.00000000E+00  0.00000000E+00 -4.48307716E-02
    0.272000      1   0.00000000E+00  0.00000000E+00  2.60556536E-03  0.00000000E+00  0.00000000E+00  0.00000000E+00  0.00000000E+00  0.00000000E+00  1.18906269E-01  0.00000000E+00  0.00000000E+00 -4.48820150E-02
    0.273000      1   0.00000000E+00  0.00000000E+00  2.61135260E-03  0.00000000E+00  0.00000000E+00  0.00000000E+00  0.00000000E+00  0.00000000E+00  1.18861346E-01  0.00000000E+00  0.00000000E+00 -4.49232941E-02
    0.274000      1   0.00000000E+00  0.00000000E+00  2.57143155E-03  0.00000000E+00  0.00000000E+00  0.00000000E+00  0.00000000E+00  0.00000000E+00  1.18816382E-01  0.00000000E+00  0.00000000E+00 -4.49634329E-02
    0.275000      1   0.00000000E+00  0.00000000E+00  2.55752082E-03  0.00000000E+00  0.00000000E+00  0.00000000E+00  0.00000000E+00  0.00000000E+00  1.18771374E-01  0.00000000E+00  0.00000000E+00 -4.50087306E-02
    0.276000      1   0.00000000E+00  0.00000000E+00  2.58826404E-03  0.00000000E+00  0.00000000E+00  0.00000000E+00  0.00000000E+00  0.00000000E+00  1.18726304E-01  0.00000000E+00  0.00000000E+00 -4.50695989E-02
    0.277000      1   0.00000000E+00  0.00000000E+00  2.60271709E-03  0.00000000E+00  0.00000000E+00  0.00000000E+00  0.00000000E+00  0.00000000E+00  1.18681174E-01  0.00000000E+00  0.00000000E+00 -4.51295992E-02
    0.278000      1   0.00000000E+00  0.00000000E+00  2.62297034E-03  0.00000000E+00  0.00000000E+00  0.00000000E+00  0.00000000E+00  0.00000000E+00  1.18635997E-01  0.00000000E+00  0.00000000E+00 -4.51769470E-02
    0.279000      1   0.00000000E+00  0.00000000E+00  2.60306714E-03  0.00000000E+00  0.00000000E+00  0.00000000E+00  0.00000000E+00  0.00000000E+00  1.18590782E-01  0.00000000E+00  0.00000000E+00 -4.52159667E-02
    0.280000      1   0.00000000E+00  0.00000000E+00  2.57255249E-03  0.00000000E+00  0.00000000E+00  0.00000000E+00  0.00000000E+00  0.00000000E+00  1.18545530E-01  0.00000000E+00  0.00000000E+00 -4.52518546E-02
    0.281000      1   0.00000000E+00  0.00000000E+00  2.56718761E-03  0.00000000E+00  0.00000000E+00  0.00000000E+00  0.00000000E+00  0.00000000E+00  1.18500230E-01  0.00000000E+00  0.00000000E+00 -4.52996752E-02
    0.282000      1   0.00000000E+00  0.00000000E+00  2.58851247E-03  0.00000000E+00  0.00000000E+00  0.00000000E+00  0.00000000E+00  0.00000000E+00  1.18454872E-01  0.00000000E+00  0.00000000E+00 -4.53584660E-02
    0.283000      1   0.00000000E+00  0.00000000E+00  2.60484876E-03  0.00000000E+00  0.00000000E+00  0.00000000E+00  0.00000000E+00  0.00000000E+00  1.18409456E-01  0.00000000E+00  0.00000000E+00 -4.54152476E-02
    0.284000      1   0.00000000E+00  0.00000000E+00  2.62392129E-03  0.00000000E+00  0.00000000E+00  0.00000000E+00  0.00000000E+00  0.00000000E+00  1.18363994E-01  0.00000000E+00  0.00000000E+00 -4.54621369E-02
    0.285000      1   0.00000000E+00  0.00000000E+00  2.60019316E-03  0.00000000E+00  0.00000000E+00  0.00000000E+00  0.00000000E+00  0.00000000E+00  1.18318494E-01  0.00000000E+00  0.00000000E+00 -4.55002883E-02
    0.286000      1   0.00000000E+00  0.00000000E+00  2.58885658E-03  0.00000000E+00  0.00000000E+00  0.00000000E+00  0.00000000E+00  0.00000000E+00  1.18272957E-01  0.00000000E+00  0.00000000E+00 -4.55363722E-02
    0.287000      1   0.00000000E+00  0.00000000E+00  2.56894809E-03  0.00000000E+00  0.00000000E+00  0.00000000E+00  0.00000000E+00  0.00000000E+00  1.18227375E-01  0.00000000E+00  0.00000000E+00 -4.55822534E-02
    0.288000      1   0.00000000E+00  0.00000000E+00  2.58549403E-03  0.00000000E+00  0.00000000E+00  0.00000000E+00  0.00000000E+00  0.00000000E+00  1.18181740E-01  0.00000000E+00  0.00000000E+00 -4.56353783E-02
    0.289000      1   0.00000000E+00  0.00000000E+00  2.60955368E-03  0.00000000E+00  0.00000000E+00  0.00000000E+00  0.00000000E+00  0.00000000E+00  1.18136048E-01  0.00000000E+00  0.00000000E+00 -4.56921155E-02
    0.290000      1   0.00000000E+00  0.00000000E+00  2.61947554E-03  0.00000000E+00  0.00000000E+00  0.00000000E+00  0.00000000E+00  0.00000000E+00  1.18090309E-01  0.00000000E+00  0.00000000E+00 -4.57391641E-02
    0.291000      1   0.00000000E+00  0.00000000E+00  2.60194650E-03  0.00000000E+00  0.00000000E+00  0.00000000E+00  0.00000000E+00  0.00000000E+00  1.18044532E-01  0.00000000E+00  0.00000000E+00 -4.57765566E-02
    0.292000      1   0.00000000E+00  0.00000000E+00  2.59960917E-03  0.00000000E+00  0.00000000E+00  0.00000000E+00  0.00000000E+00  0.00000000E+00  1.17998718E-01  0.00000000E+00  0.00000000E+00 -4.58137904E-02
    0.293000      1   0.00000000E+00  0.00000000E+00  2.56324865E-03  0.00000000E+00  0.00000000E+00  0.00000000E+00  0.00000000E+00  0.00000000E+00  1.17952861E-01  0.00000000E+00  0.00000000E+00 -4.58571944E-02
    0.294000      1   0.00000000E+00  0.00000000E+00  2.59656439E-03  0.00000000E+00  0.00000000E+00  0.00000000E+00  0.00000000E+00  0.00000000E+00  1.17906953E-01  0.00000000E+00  0.00000000E+00 -4.59077959E-02
    0.295000      1   0.00000000E+00  0.00000000E+00  2.59847480E-03  0.00000000E+00  0.00000000E+00  0.00000000E+00  0.00000000E+00  0.00000000E+00  1.17860989E-01  0.00000000E+00  0.00000000E+00 -4.59644472E-02
    0.296000      1   0.00000000E+00  0.00000000E+00  2.62898415E-03  0.00000000E+00  0.00000000E+00  0.00000000E+00  0.00000000E+00  0.00000000E+00  1.17814979E-01  0.00000000E+00  0.00000000E+00 -4.60098193E-02
    0.297000      1   0.00000000E+00  0.00000000E+00  2.60563165E-03  0.00000000E+00  0.00000000E+00  0.00000000E+00  0.00000000E+00  0.00000000E+00  1.17768930E-01  0.00000000E+00  0.00000000E+00 -4.60491687E-02
    0.298000      1   0.00000000E+00  0.00000000E+00  2.60987487E-03  0.00000000E+00  0.00000000E+00  0.00000000E+00  0.00000000E+00  0.00000000E+00  1.17722847E-01  0.00000000E+00  0.00000000E+00 -4.60826281E-02
    0.299000      1   0.00000000E+00  0.00000000E+00  2.55963973E-03  0.00000000E+00  0.00000000E+00  0.00000000E+00  0.00000000E+00  0.00000000E+00  1.17676724E-01  0.00000000E+00  0.00000000E+00 -4.61230064E-02
    0.300000      1   0.00000000E+00  0.00000000E+00  2.59213967E-03  0.00000000E+00  0.00000000E+00  0.00000000E+00  0.00000000E+00  0.00000000E+00  1.17630553E-01  0.00000000E+00  0.00000000E+00 -4.61708747E-02
    0.301000      1   0.00000000E+00  0.00000000E+00  2.61442955E-03  0.00000000E+00  0.00000000E+00  0.00000000E+00  0.00000000E+00  0.00000000E+00  1.17584324E-01  0.00000000E+00  0.00000000E+00 -4.62294937E-02
    0.302000      1   0.00000000E+00  0.00000000E+00  2.62752546E-03  0.00000000E+00  0.00000000E+00  0.00000000E+00  0.00000000E+00  0.00000000E+00  1.17538050E-01  0.00000000E+00  0.00000000E+00 -4.62734975E-02
    0.303000      1   0.00000000E+00  0.00000000E+00  2.60318241E-03  0.00000000E+00  0.00000000E+00  0.00000000E+00  0.00000000E+00  0.00000000E+00  1.17491742E-01  0.00000000E+00  0.00000000E+00 -4.63078652E-02
    0.304000      1   0.00000000E+00  0.00000000E+00  2.60918960E-03  0.00000000E+00  0.00000000E+00  0.00000000E+00  0.00000000E+00  0.00000000E+00  1.17445400E-01  0.00000000E+00  0.00000000E+00 -4.63422367E-02
    0.305000      1   0.00000000E+00  0.00000000E+00  2.56105170E-03  0.00000000E+00  0.00000000E+00  0.00000000E+00  0.00000000E+00  0.00000000E+00  1.17399017E-01  0.00000000E+00  0.00000000E+00 -4.63835405E-02
    0.306000      1   0.00000000E+00  0.00000000E+00  2.60812226E-03  0.00000000E+00  0.00000000E+00  0.00000000E+00  0.00000000E+00  0.00000000E+00  1.17352585E-01  0.00000000E+00  0.00000000E+00 -4.64313842E-02
    0.307000      1   0.00000000E+00  0.00000000E+00  2.60081563E-03  0.00000000E+00  0.00000000E+00  0.00000000E+00  0.00000000E+00  0.00000000E+00  1.17306099E-01  0.00000000E+00  0.00000000E+00 -4.64867131E-02
    0.308000      1   0.00000000E+00  0.00000000E+00  2.63527948E-03  0.00000000E+00  0.00000000E+00  0.00000000E+00  0.00000000E+00  0.00000000E+00  1.17259571E-01  0.00000000E+00  0.00000000E+00 -4.65278755E-02
    0.309000      1   0.00000000E+00  0.00000000E+00  2.60841030E-03  0.00000000E+00  0.00000000E+00  0.00000000E+00  0.00000000E+00  0.00000000E+00  1.17213005E-01  0.00000000E+00  0.00000000E+00 -4.65653429E-02
    0.310000      1   0.00000000E+00  0.00000000E+00  2.61467164E-03  0.00000000E+00  0.00000000E+00  0.00000000E+00  0.00000000E+00  0.00000000E+00  1.17166409E-01  0.00000000E+00  0.00000000E+00 -4.65962435E-02
    0.311000      1   0.00000000E+00  0.00000000E+00  2.56839729E-03  0.00000000E+00  0.00000000E+00  0.00000000E+00  0.00000000E+00  0.00000000E+00  1.17119774E-01  0.00000000E+00  0.00000000E+00 -4.66348610E-02
    0.312000      1   0.00000000E+00  0.00000000E+00  2.59472146E-03  0.00000000E+00  0.00000000E+00  0.00000000E+00  0.00000000E+00  0.00000000E+00  1.17073095E-01  0.00000000E+00  0.00000000E+00 -4.66796052E-02
    0.313000      1   0.00000000E+00  0.00000000E+00  2.61822591E-03  0.00000000E+00  0.00000000E+00  0.00000000E+00  0.00000000E+00  0.00000000E+00  1.17026360E-01  0.00000000E+00  0.00000000E+00 -4.67348916E-02
    0.314000      1   0.00000000E+00  0.00000000E+00  2.63102062E-03  0.00000000E+00  0.00000000E+00  0.00000000E+00  0.00000000E+00  0.00000000E+00  1.16979582E-01  0.00000000E+00  0.00000000E+00 -4.67773762E-02
    0.315000      1   0.00000000E+00  0.00000000E+00  2.61344728E-03  0.00000000E+00  0.00000000E+00  0.00000000E+00  0.00000000E+00  0.00000000E+00  1.16932772E-01  0.00000000E+00  0.00000000E+00 -4.68098789E-02
    0.316000      1   0.00000000E+00  0.00000000E+00  2.60333466E-03  0.00000000E+00  0.00000000E+00  0.00000000E+00  0.00000000E+00  0.00000000E+00  1.16885931E-01  0.00000000E+00  0.00000000E+00 -4.68412874E-02
    0.317000      1   0.00000000E+00  0.00000000E+00  2.57540248E-03  0.00000000E+00  0.00000000E+00  0.00000000E+00  0.00000000E+00  0.00000000E+00  1.16839051E-01  0.00000000E+00  0.00000000E+00 -4.68802555E-02
    0.318000      1   0.00000000E+00  0.00000000E+00  2.60546401E-03  0.00000000E+00  0.00000000E+00  0.00000000E+00  0.00000000E+00  0.00000000E+00  1.16792123E-01  0.00000000E+00  0.00000000E+00 -4.69274842E-02
    0.319000      1   0.00000000E+00  0.00000000E+00  2.60899073E-03  0.00000000E+00  0.00000000E+00  0.00000000E+00  0.00000000E+00  0.00000000E+00  1.16745145E-01  0.00000000E+00  0.00000000E+00 -4.69785702E-02
    0.320000      1   0.00000000E+00  0.00000000E+00  2.64355284E-03  0.00000000E+00  0.00000000E+00  0.00000000E+00  0.00000000E+00  0.00000000E+00  1.16698126E-01  0.00000000E+00  0.00000000E+00 -4.70191599E-02
    0.321000      1   0.00000000E+00  0.00000000E+00  2.61739491E-03  0.00000000E+00  0.00000000E+00  0.00000000E+00  0.00000000E+00  0.00000000E+00  1.16651073E-01  0.00000000E+00  0.00000000E+00 -4.70524795E-02
    0.322000      1   0.00000000E+00  0.00000000E+00  2.60360451E-03  0.00000000E+00  0.00000000E+00  0.00000000E+00  0.00000000E+00  0.00000000E+00  1.16603994E-01  0.00000000E+00  0.00000000E+00 -4.70790741E-02
    0.323000      1   0.00000000E+00  0.00000000E+00  2.57439975E-03  0.00000000E+00  0.00000000E+00  0.00000000E+00  0.00000000E+00  0.00000000E+00  1.16556877E-01  0.00000000E+00  0.00000000E+00 -4.71166980E-02
    0.324000      1   0.00000000E+00  0.00000000E+00  2.61007920E-03  0.00000000E+00  0.00000000E+00  0.00000000E+00  0.00000000E+00  0.00000000E+00  1.16509713E-01  0.00000000E+00  0.00000000E+00 -4.71640154E-02
    0.325000      1   0.00000000E+00  0.00000000E+00  2.61671385E-03  0.00000000E+00  0.00000000E+00  0.00000000E+00  0.00000000E+00  0.00000000E+00  1.16462499E-01  0.00000000E+00  0.00000000E+00 -4.72146146E-02
    0.326000      1   0.00000000E+00  0.00000000E+00  2.64819542E-03  0.00000000E+00  0.00000000E+00  0.00000000E+00  0.00000000E+00  0.00000000E+00  1.16415247E-01  0.00000000E+00  0.00000000E+00 -4.72523229E-02
    0.327000      1   0.00000000E+00  0.00000000E+00  2.61213930E-03  0.00000000E+00  0.00000000E+00  0.00000000E+00  0.00000000E+00  0.00000000E+00  1.16367964E-01  0.00000000E+00  0.00000000E+00 -4.72822850E-02
    0.328000      1   0.00000000E+00  0.00000000E+00  2.60012004E-03  0.00000000E+00  0.00000000E+00  0.00000000E+00  0.00000000E+00  0.00000000E+00  1.16320656E-01  0.00000000E+00  0.00000000E+00 -4.73082843E-02
    0.329000      1   0.00000000E+00  0.00000000E+00  2.58293705E-03  0.00000000E+00  0.00000000E+00  0.00000000E+00  0.00000000E+00  0.00000000E+00  1.16273308E-01  0.00000000E+00  0.00000000E+00 -4.73482504E-02
    0.330000      1   0.00000000E+00  0.00000000E+00  2.60415409E-03  0.00000000E+00  0.00000000E+00  0.00000000E+00  0.00000000E+00  0.00000000E+00  1.16225912E-01  0.00000000E+00  0.00000000E+00 -4.73952025E-02
    0.331000      1   0.00000000E+00  0.00000000E+00  2.62157509E-03  0.00000000E+00  0.00000000E+00  0.00000000E+00  0.00000000E+00  0.00000000E+00  1.16178468E-01  0.00000000E+00  0.00000000E+00 -4.74440457E-02
    0.332000      1   0.00000000E+00  0.00000000E+00  2.64398404E-03  0.00000000E+00  0.00000000E+00  0.00000000E+00  0.00000000E+00  0.00000000E+00  1.16130986E-01  0.00000000E+00  0.00000000E+00 -4.74828402E-02
    0.333000      1   0.00000000E+00  0.00000000E+00  2.63173735E-03  0.00000000E+00  0.00000000E+00  0.00000000E+00  0.00000000E+00  0.00000000E+00  1.16083474E-01  0.00000000E+00  0.00000000E+00 -4.75119506E-02
    0.334000      1   0.00000000E+00  0.00000000E+00  2.59205228E-03  0.00000000E+00  0.00000000E+00  0.00000000E+00  0.00000000E+00  0.00000000E+00  1.16035938E-01  0.00000000E+00  0.00000000E+00 -4.75358673E-02
    0.335000      1   0.00000000E+00  0.00000000E+00  2.58203207E-03  0.00000000E+00  0.00000000E+00  0.00000000E+00  0.00000000E+00  0.00000000E+00  1.15988367E-01  0.00000000E+00  0.00000000E+00 -4.75708238E-02
    0.336000      1   0.00000000E+00  0.00000000E+00  2.61663851E-03  0.00000000E+00  0.00000000E+00  0.00000000E+00  0.00000000E+00  0.00000000E+00  1.15940746E-01  0.00000000E+00  0.00000000E+00 -4.76205855E-02
    0.337000      1   0.00000000E+00  0.00000000E+00  2.63431555E-03  0.00000000E+00  0.00000000E+00  0.00000000E+00  0.00000000E+00  0.00000000E+00  1.15893079E-01  0.00000000E+00  0.00000000E+00 -4.76675182E-02
    0.338000      1   0.00000000E+00  0.00000000E+00  2.63199280E-03  0.00000000E+00  0.00000000E+00  0.00000000E+00  0.00000000E+00  0.00000000E+00  1.15845379E-01  0.00000000E+00  0.00000000E+00 -4.76999596E-02
    0.339000      1   0.00000000E+00  0.00000000E+00  2.63020856E-03  0.00000000E+00  0.00000000E+00  0.00000000E+00  0.00000000E+00  0.00000000E+00  1.15797652E-01  0.00000000E+00  0.00000000E+00 -4.77270063E-02
    0.340000      1   0.00000000E+00  0.00000000E+00  2.58229076E-03  0.00000000E+00  0.00000000E+00  0.00000000E+00  0.00000000E+00  0.00000000E+00  1.15749897E-01  0.00000000E+00  0.00000000E+00 -4.77551315E-02
    0.341000      1   0.00000000E+00  0.00000000E+00  2.60536493E-03  0.00000000E+00  0.00000000E+00  0.00000000E+00  0.00000000E+00  0.00000000E+00  1.15702104E-01  0.00000000E+00  0.00000000E+00 -4.77923163E-02
    0.342000      1   0.00000000E+00  0.00000000E+00  2.61050752E-03  0.00000000E+00  0.00000000E+00  0.00000000E+00  0.00000000E+00  0.00000000E+00  1.15654263E-01  0.00000000E+00  0.00000000E+00 -4.78411576E-02
    0.343000      1   0.00000000E+00  0.00000000E+00  2.63222419E-03  0.00000000E+00  0.00000000E+00  0.00000000E+00  0.00000000E+00  0.00000000E+00  1.15606382E-01  0.00000000E+00  0.00000000E+00 -4.78815116E-02
    0.344000      1   0.00000000E+00  0.00000000E+00  2.64072455E-03  0.00000000E+00  0.00000000E+00  0.00000000E+00  0.00000000E+00  0.00000000E+00  1.15558465E-01  0.00000000E+00  0.00000000E+00 -4.79163364E-02
    0.345000      1   0.00000000E+00  0.00000000E+00  2.63684966E-03  0.00000000E+00  0.00000000E+00  0.00000000E+00  0.00000000E+00  0.00000000E+00  1.15510523E-01  0.00000000E+00  0.00000000E+00 -4.79425259E-02
    0.346000      1   0.00000000E+00  0.00000000E+00  2.57422198E-03  0.00000000E+00  0.00000000E+00  0.00000000E+00  0.00000000E+00  0.00000000E+00  1.15462556E-01  0.00000000E+00  0.00000000E+00 -4.79666090E-02
    0.347000      1   0.00000000E+00  0.00000000E+00  2.59451335E-03  0.00000000E+00  0.00000000E+00  0.00000000E+00  0.00000000E+00  0.00000000E+00  1.15414553E-01  0.00000000E+00  0.00000000E+00 -4.80030396E-02
    0.348000      1   0.00000000E+00  0.00000000E+00  2.63068410E-03  0.00000000E+00  0.00000000E+00  0.00000000E+00  0.00000000E+00  0.00000000E+00  1.15366497E-01  0.00000000E+00  0.00000000E+00 -4.80564499E-02
    0.349000      1   0.00000000E+00  0.00000000E+00  2.64277155E-03  0.00000000E+00  0.00000000E+00  0.00000000E+00  0.00000000E+00  0.00000000E+00  1.15318400E-01  0.00000000E+00  0.00000000E+00 -4.80967997E-02
    0.350000      1   0.00000000E+00  0.00000000E+00  2.62975105E-03  0.00000000E+00  0.00000000E+00  0.00000000E+00  0.00000000E+00  0.00000000E+00  1.15270277E-01  0.00000000E+00  0.00000000E+00 -4.81231330E-02
    0.351000      1   0.00000000E+00  0.00000000E+00  2.61911409E-03  0.00000000E+00  0.00000000E+00  0.00000000E+00  0.00000000E+00  0.00000000E+00  1.15222129E-01  0.00000000E+00  0.00000000E+00 -4.81477991E-02
    0.352000      1   0.00000000E+00  0.00000000E+00  2.57977715E-03  0.00000000E+00  0.00000000E+00  0.00000000E+00  0.00000000E+00  0.00000000E+00  1.15173950E-01  0.00000000E+00  0.00000000E+00 -4.81786224E-02
    0.353000      1   0.00000000E+00  0.00000000E+00  2.61821056E-03  0.00000000E+00  0.00000000E+00  0.00000000E+00  0.00000000E+00  0.00000000E+00  1.15125731E-01  0.00000000E+00  0.00000000E+00 -4.82198953E-02
    0.354000      1   0.00000000E+00  0.00000000E+00  2.62051483E-03  0.00000000E+00  0.00000000E+00  0.00000000E+00  0.00000000E+00  0.00000000E+00  1.15077463E-01  0.00000000E+00  0.00000000E+00 -4.82672905E-02
    0.355000      1   0.00000000E+00  0.00000000E+00  2.65946237E-03  0.00000000E+00  0.00000000E+00  0.00000000E+00  0.00000000E+00  0.00000000E+00  1.15029162E-01  0.00000000E+00  0.00000000E+00 -4.83016562E-02
    0.356000      1   0.00000000E+00  0.00000000E+00  2.62842550E-03  0.00000000E+00  0.00000000E+00  0.00000000E+00  0.00000000E+00  0.00000000E+00  1.14980833E-01  0.00000000E+00  0.00000000E+00 -4.83283776E-02
    0.357000      1   0.00000000E+00  0.00000000E+00  2.61154187E-03  0.00000000E+00  0.00000000E+00  0.00000000E+00  0.00000000E+00  0.00000000E+00  1.14932485E-01  0.00000000E+00  0.00000000E+00 -4.83477967E-02
    0.358000      1   0.00000000E+00  0.00000000E+00  2.58226887E-03  0.00000000E+00  0.00000000E+00  0.00000000E+00  0.00000000E+00  0.00000000E+00  1.14884105E-01  0.00000000E+00  0.00000000E+00 -4.83803943E-02
    0.359000      1   0.00000000E+00  0.00000000E+00  2.62544907E-03  0.00000000E+00  0.00000000E+00  0.00000000E+00  0.00000000E+00  0.00000000E+00  1.14835681E-01  0.00000000E+00  0.00000000E+00 -4.84237134E-02
    0.360000      1   0.00000000E+00  0.00000000E+00  2.63229429E-03  0.00000000E+00  0.00000000E+00  0.00000000E+00  0.00000000E+00  0.00000000E+00  1.14787212E-01  0.00000000E+00  0.00000000E+00 -4.84690103E-02
    0.361000      1   0.00000000E+00  0.00000000E+00  2.65061073E-03  0.00000000E+00  0.00000000E+00  0.00000000E+00  0.00000000E+00  0.00000000E+00  1.14738713E-01  0.00000000E+00  0.00000000E+00 -4.84989156E-02
    0.362000      1   0.00000000E+00  0.00000000E+00  2.63500495E-03  0.00000000E+00  0.00000000E+00  0.00000000E+00  0.00000000E+00  0.00000000E+00  1.14690190E-01  0.00000000E+00  0.00000000E+00 -4.85233339E-02
    0.363000      1   0.00000000E+00  0.00000000E+00  2.59807670E-03  0.00000000E+00  0.00000000E+00  0.00000000E+00  0.00000000E+00  0.00000000E+00  1.14641646E-01  0.00000000E+00  0.00000000E+00 -4.85444964E-02
    0.364000      1   0.00000000E+00  0.00000000E+00  2.59960226E-03  0.00000000E+00  0.00000000E+00  0.00000000E+00  0.00000000E+00  0.00000000E+00  1.14593068E-01  0.00000000E+00  0.00000000E+00 -4.85773144E-02
    0.365000      1   0.00000000E+00  0.00000000E+00  2.62424617E-03  0.00000000E+00  0.00000000E+00  0.00000000E+00  0.00000000E+00  0.00000000E+00  1.14544446E-01  0.00000000E+00  0.00000000E+00 -4.86219905E-02
    0.366000      1   0.00000000E+00  0.00000000E+00  2.63554726E-03  0.00000000E+00  0.00000000E+00  0.00000000E+00  0.00000000E+00  0.00000000E+00  1.14495784E-01  0.00000000E+00  0.00000000E+00 -4.86618075E-02
    0.367000      1   0.00000000E+00  0.00000000E+00  2.65109037E-03  0.00000000E+00  0.00000000E+00  0.00000000E+00  0.00000000E+00  0.00000000E+00  1.14447093E-01  0.00000000E+00  0.00000000E+00 -4.86915327E-02
    0.368000      1   0.00000000E+00  0.00000000E+00  2.64252181E-03  0.00000000E+00  0.00000000E+00  0.00000000E+00  0.00000000E+00  0.00000000E+00  1.14398378E-01  0.00000000E+00  0.00000000E+00 -4.87147977E-02
    0.369000      1   0.00000000E+00  0.00000000E+00  2.57416384E-03  0.00000000E+00  0.00000000E+00  0.00000000E+00  0.00000000E+00  0.00000000E+00  1.14349644E-01  0.00000000E+00  0.00000000E+00 -4.87344735E-02
    0.370000      1   0.00000000E+00  0.00000000E+00  2.60838426E-03  0.00000000E+00  0.00000000E+00  0.00000000E+00  0.00000000E+00  0.00000000E+00  1.14300875E-01  0.00000000E+00  0.00000000E+00 -4.87690516E-02
    0.371000      1   0.00000000E+00  0.00000000E+00  2.64005143E-03  0.00000000E+00  0.00000000E+00  0.00000000E+00  0.00000000E+00  0.00000000E+00  1.14252055E-01  0.00000000E+00  0.00000000E+00 -4.88200280E-02
    0.372000      1   0.00000000E+00  0.00000000E+00  2.65216811E-03  0.00000000E+00  0.00000000E+00  0.00000000E+00  0.00000000E+00  0.00000000E+00  1.14203200E-01  0.00000000E+00  0.00000000E+00 -4.88541659E-02
    0.373000      1   0.00000000E+00  0.00000000E+00  2.63088776E-03  0.00000000E+00  0.00000000E+00  0.00000000E+00  0.00000000E+00  0.00000000E+00  1.14154325E-01  0.00000000E+00  0.00000000E+00 -4.88757611E-02
    0.374000      1   0.00000000E+00  0.00000000E+00  2.62000639E-03  0.00000000E+00  0.00000000E+00  0.00000000E+00  0.00000000E+00  0.00000000E+00  1.14105428E-01  0.00000000E+00  0.00000000E+00 -4.88971403E-02
    0.375000      1   0.00000000E+00  0.00000000E+00  2.59005210E-03  0.00000000E+00  0.00000000E+00  0.00000000E+00  0.00000000E+00  0.00000000E+00  1.14056500E-01  0.00000000E+00  0.00000000E+00 -4.89274325E-02
    0.376000      1   0.00000000E+00  0.00000000E+00  2.62946654E-03  0.00000000E+00  0.00000000E+00  0.00000000E+00  0.00000000E+00  0.00000000E+00  1.14007533E-01  0.00000000E+00  0.00000000E+00 -4.89665953E-02
    0.377000      1   0.00000000E+00  0.00000000E+00  2.62755384E-03  0.00000000E+00  0.00000000E+00  0.00000000E+00  0.00000000E+00  0.00000000E+00  1.13958525E-01  0.00000000E+00  0.00000000E+00 -4.90086256E-02
    0.378000      1   0.00000000E+00  0.00000000E+00  2.66156004E-03  0.00000000E+00  0.00000000E+00  0.00000000E+00  0.00000000E+00  0.00000000E+00  1.13909487E-01  0.00000000E+00  0.00000000E+00 -4.90380498E-02
    0.379000      1   0.00000000E+00  0.00000000E+00  2.64297583E-03  0.00000000E+00  0.00000000E+00  0.00000000E+00  0.00000000E+00  0.00000000E+00  1.13860425E-01  0.00000000E+00  0.00000000E+00 -4.90620886E-02
    0.380000      1   0.00000000E+00  0.00000000E+00  2.60890648E-03  0.00000000E+00  0.00000000E+00  0.00000000E+00  0.00000000E+00  0.00000000E+00  1.13811346E-01  0.00000000E+00  0.00000000E+00 -4.90782457E-02
    0.381000      1   0.00000000E+00  0.00000000E+00  2.58862982E-03  0.00000000E+00  0.00000000E+00  0.00000000E+00  0.00000000E+00  0.00000000E+00  1.13762240E-01  0.00000000E+00  0.00000000E+00 -4.91065308E-02
    0.382000      1   0.00000000E+00  0.00000000E+00  2.63896071E-03  0.00000000E+00  0.00000000E+00  0.00000000E+00  0.00000000E+00  0.00000000E+00  1.13713090E-01  0.00000000E+00  0.00000000E+00 -4.91495906E-02
    0.383000      1   0.00000000E+00  0.00000000E+00  2.64275373E-03  0.00000000E+00  0.00000000E+00  0.00000000E+00  0.00000000E+00  0.00000000E+00  1.13663900E-01  0.00000000E+00  0.00000000E+00 -4.91904090E-02
    0.384000      1   0.00000000E+00  0.00000000E+00  2.65438796E-03  0.00000000E+00  0.00000000E+00  0.00000000E+00  0.00000000E+00  0.00000000E+00  1.13614686E-01  0.00000000E+00  0.00000000E+00 -4.92140273E-02
    0.385000      1   0.00000000E+00  0.00000000E+00  2.63887408E-03  0.00000000E+00  0.00000000E+00  0.00000000E+00  0.00000000E+00  0.00000000E+00  1.13565452E-01  0.00000000E+00  0.00000000E+00 -4.92343425E-02
    0.386000      1   0.00000000E+00  0.00000000E+00  2.57981376E-03  0.00000000E+00  0.00000000E+00  0.00000000E+00  0.00000000E+00  0.00000000E+00  1.13516198E-01  0.00000000E+00  0.00000000E+00 -4.92535803E-02
    0.387000      1   0.00000000E+00  0.00000000E+00  2.62594059E-03  0.00000000E+00  0.00000000E+00  0.00000000E+00  0.00000000E+00  0.00000000E+00  1.13466910E-01  0.00000000E+00  0.00000000E+00 -4.92883573E-02
    0.388000      1   0.00000000E+00  0.00000000E+00  2.62783490E-03  0.00000000E+00  0.00000000E+00  0.00000000E+00  0.00000000E+00  0.00000000E+00  1.13417575E-01  0.00000000E+00  0.00000000E+00 -4.93343735E-02
    0.389000      1   0.00000000E+00  0.00000000E+00  2.66232143E-03  0.00000000E+00  0.00000000E+00  0.00000000E+00  0.00000000E+00  0.00000000E+00  1.13368210E-01  0.00000000E+00  0.00000000E+00 -4.93649061E-02
    0.390000      1   0.00000000E+00  0.00000000E+00  2.64340793E-03  0.00000000E+00  0.00000000E+00  0.00000000E+00  0.00000000E+00  0.00000000E+00  1.13318822E-01  0.00000000E+00  0.00000000E+00 -4.93887179E-02
    0.391000      1   0.00000000E+00  0.00000000E+00  2.62505402E-03  0.00000000E+00  0.00000000E+00  0.00000000E+00  0.00000000E+00  0.00000000E+00  1.13269417E-01  0.00000000E+00  0.00000000E+00 -4.94045485E-02
    0.392000      1   0.00000000E+00  0.00000000E+00  2.59083772E-03  0.00000000E+00  0.00000000E+00  0.00000000E+00  0.00000000E+00  0.00000000E+00  1.13219987E-01  0.00000000E+00  0.00000000E+00 -4.94298362E-02
    0.393000      1   0.00000000E+00  0.00000000E+00  2.63129524E-03  0.00000000E+00  0.00000000E+00  0.00000000E+00  0.00000000E+00  0.00000000E+00  1.13170520E-01  0.00000000E+00  0.00000000E+00 -4.94672024E-02
    0.394000      1   0.00000000E+00  0.00000000E+00  2.63990954E-03  0.00000000E+00  0.00000000E+00  0.00000000E+00  0.00000000E+00  0.00000000E+00  1.13121011E-01  0.00000000E+00  0.00000000E+00 -4.95086513E-02
    0.395000      1   0.00000000E+00  0.00000000E+00  2.66246249E-03  0.00000000E+00  0.00000000E+00  0.00000000E+00  0.00000000E+00  0.00000000E+00  1.13071476E-01  0.00000000E+00  0.00000000E+00 -4.95352900E-02
    0.396000      1   0.00000000E+00  0.00000000E+00  2.64875484E-03  0.00000000E+00  0.00000000E+00  0.00000000E+00  0.00000000E+00  0.00000000E+00  1.13021921E-01  0.00000000E+00  0.00000000E+00 -4.95551114E-02
    0.397000      1   0.00000000E+00  0.00000000E+00  2.59868160E-03  0.00000000E+00  0.00000000E+00  0.00000000E+00  0.00000000E+00  0.00000000E+00  1.12972351E-01  0.00000000E+00  0.00000000E+00 -4.95699501E-02
    0.398000      1   0.00000000E+00  0.00000000E+00  2.61575296E-03  0.00000000E+00  0.00000000E+00  0.00000000E+00  0.00000000E+00  0.00000000E+00  1.12922753E-01  0.00000000E+00  0.00000000E+00 -4.95981455E-02
    0.399000      1   0.00000000E+00  0.00000000E+00  2.62877816E-03  0.00000000E+00  0.00000000E+00  0.00000000E+00  0.00000000E+00  0.00000000E+00  1.12873113E-01  0.00000000E+00  0.00000000E+00 -4.96397669E-02
    0.400000      1   0.00000000E+00  0.00000000E+00  2.64892929E-03  0.00000000E+00  0.00000000E+00  0.00000000E+00  0.00000000E+00  0.00000000E+00  1.12823440E-01  0.00000000E+00  0.00000000E+00 -4.96734783E-02
    0.401000      1   0.00000000E+00  0.00000000E+00  2.66013411E-03  0.00000000E+00  0.00000000E+00  0.00000000E+00  0.00000000E+00  0.00000000E+00  1.12773740E-01  0.00000000E+00  0.00000000E+00 -4.96993486E-02
    0.402000      1   0.00000000E+00  0.00000000E+00  2.64613273E-03  0.00000000E+00  0.00000000E+00  0.00000000E+00  0.00000000E+00  0.00000000E+00  1.12724024E-01  0.00000000E+00  0.00000000E+00 -4.97166196E-02
    0.403000      1   0.00000000E+00  0.00000000E+00  2.58429961E-03  0.00000000E+00  0.00000000E+00  0.00000000E+00  0.00000000E+00  0.00000000E+00  1.12674291E-01  0.00000000E+00  0.00000000E+00 -4.97326867E-02
    0.404000      1   0.00000000E+00  0.00000000E+00  2.62174100E-03  0.00000000E+00  0.00000000E+00  0.00000000E+00  0.00000000E+00  0.00000000E+00  1.12624527E-01  0.00000000E+00  0.00000000E+00 -4.97642865E-02
    0.405000      1   0.00000000E+00  0.00000000E+00  2.64848156E-03  0.00000000E+00  0.00000000E+00  0.00000000E+00  0.00000000E+00  0.00000000E+00  1.12574717E-01  0.00000000E+00  0.00000000E+00 -4.98095722E-02
    0.406000      1   0.00000000E+00  0.00000000E+00  2.67284957E-03  0.00000000E+00  0.00000000E+00  0.00000000E+00  0.00000000E+00  0.00000000E+00  1.12524879E-01  0.00000000E+00  0.00000000E+00 -4.98378328E-02
    0.407000      1   0.00000000E+00  0.00000000E+00  2.63728160E-03  0.00000000E+00  0.00000000E+00  0.00000000E+00  0.00000000E+00  0.00000000E+00  1.12475026E-01  0.00000000E+00  0.00000000E+00 -4.98530021E-02
    0.408000      1   0.00000000E+00  0.00000000E+00  2.61900207E-03  0.00000000E+00  0.00000000E+00  0.00000000E+00  0.00000000E+00  0.00000000E+00  1.12425160E-01  0.00000000E+00  0.00000000E+00 -4.98664585E-02
    0.409000      1   0.00000000E+00  0.00000000E+00  2.60657952E-03  0.00000000E+00  0.00000000E+00  0.00000000E+00  0.00000000E+00  0.00000000E+00  1.12375265E-01  0.00000000E+00  0.00000000E+00 -4.98948284E-02
    0.410000      1   0.00000000E+00  0.00000000E+00  2.62959613E-03  0.00000000E+00  0.00000000E+00  0.00000000E+00  0.00000000E+00  0.00000000E+00  1.12325334E-01  0.00000000E+00  0.00000000E+00 -4.99313984E-02
    0.411000      1   0.00000000E+00  0.00000000E+00  2.65147371E-03  0.00000000E+00  0.00000000E+00  0.00000000E+00  0.00000000E+00  0.00000000E+00  1.12275366E-01  0.00000000E+00  0.00000000E+00 -4.99679780E-02
    0.412000      1   0.00000000E+00  0.00000000E+00  2.66819922E-03  0.00000000E+00  0.00000000E+00  0.00000000E+00  0.00000000E+00  0.00000000E+00  1.12225373E-01  0.00000000E+00  0.00000000E+00 -4.99931297E-02
    0.413000      1   0.00000000E+00  0.00000000E+00  2.65092000E-03  0.00000000E+00  0.00000000E+00  0.00000000E+00  0.00000000E+00  0.00000000E+00  1.12175364E-01  0.00000000E+00  0.00000000E+00 -5.00081388E-02
    0.414000      1   0.00000000E+00  0.00000000E+00  2.58586297E-03  0.00000000E+00  0.00000000E+00  0.00000000E+00  0.00000000E+00  0.00000000E+00  1.12125344E-01  0.00000000E+00  0.00000000E+00 -5.00207106E-02
    0.415000      1   0.00000000E+00  0.00000000E+00  2.62139962E-03  0.00000000E+00  0.00000000E+00  0.00000000E+00  0.00000000E+00  0.00000000E+00  1.12075293E-01  0.00000000E+00  0.00000000E+00 -5.00504617E-02
    0.416000      1   0.00000000E+00  0.00000000E+00  2.65114154E-03  0.00000000E+00  0.00000000E+00  0.00000000E+00  0.00000000E+00  0.00000000E+00  1.12025198E-01  0.00000000E+00  0.00000000E+00 -5.00952943E-02
    0.417000      1   0.00000000E+00  0.00000000E+00  2.66762626E-03  0.00000000E+00  0.00000000E+00  0.00000000E+00  0.00000000E+00  0.00000000E+00  1.11975075E-01  0.00000000E+00  0.00000000E+00 -5.01231966E-02
    0.418000      1   0.00000000E+00  0.00000000E+00  2.64590519E-03  0.00000000E+00  0.00000000E+00  0.00000000E+00  0.00000000E+00  0.00000000E+00  1.11924936E-01  0.00000000E+00  0.00000000E+00 -5.01384161E-02
    0.419000      1   0.00000000E+00  0.00000000E+00  2.62474414E-03  0.00000000E+00  0.00000000E+00  0.00000000E+00  0.00000000E+00  0.00000000E+00  1.11874784E-01  0.00000000E+00  0.00000000E+00 -5.01520629E-02
    0.420000      1   0.00000000E+00  0.00000000E+00  2.60216731E-03  0.00000000E+00  0.00000000E+00  0.00000000E+00  0.00000000E+00  0.00000000E+00  1.11824608E-01  0.00000000E+00  0.00000000E+00 -5.01765853E-02
    0.421000      1   0.00000000E+00  0.00000000E+00  2.63524419E-03  0.00000000E+00  0.00000000E+00  0.00000000E+00  0.00000000E+00  0.00000000E+00  1.11774396E-01  0.00000000E+00  0.00000000E+00 -5.02120498E-02
    0.422000      1   0.00000000E+00  0.00000000E+00  2.65206842E-03  0.00000000E+00  0.00000000E+00  0.00000000E+00  0.00000000E+00  0.00000000E+00  1.11724147E-01  0.00000000E+00  0.00000000E+00 -5.02490796E-02
    0.423000      1   0.00000000E+00  0.00000000E+00  2.66899937E-03  0.00000000E+00  0.00000000E+00  0.00000000E+00  0.00000000E+00  0.00000000E+00  1.11673874E-01  0.00000000E+00  0.00000000E+00 -5.02722712E-02
    0.424000      1   0.00000000E+00  0.00000000E+00  2.65629434E-03  0.00000000E+00  0.00000000E+00  0.00000000E+00  0.00000000E+00  0.00000000E+00  1.11623587E-01  0.00000000E+00  0.00000000E+00 -5.02869435E-02
    0.425000      1   0.00000000E+00  0.00000000E+00  2.59327030E-03  0.00000000E+00  0.00000000E+00  0.00000000E+00  0.00000000E+00  0.00000000E+00  1.11573289E-01  0.00000000E+00  0.00000000E+00 -5.02983021E-02
    0.426000      1   0.00000000E+00  0.00000000E+00  2.61319732E-03  0.00000000E+00  0.00000000E+00  0.00000000E+00  0.00000000E+00  0.00000000E+00  1.11522964E-01  0.00000000E+00  0.00000000E+00 -5.03249783E-02
    0.427000      1   0.00000000E+00  0.00000000E+00  2.65876881E-03  0.00000000E+00  0.00000000E+00  0.00000000E+00  0.00000000E+00  0.00000000E+00  1.11472595E-01  0.00000000E+00  0.00000000E+00 -5.03688288E-02
    0.428000      1   0.00000000E+00  0.00000000E+00  2.66462162E-03  0.00000000E+00  0.00000000E+00  0.00000000E+00  0.00000000E+00  0.00000000E+00  1.11422197E-01  0.00000000E+00  0.00000000E+00 -5.03980760E-02
    0.429000      1   0.00000000E+00  0.00000000E+00  2.65263017E-03  0.00000000E+00  0.00000000E+00  0.00000000E+00  0.00000000E+00  0.00000000E+00  1.11371786E-01  0.00000000E+00  0.00000000E+00 -5.04113219E-02
    0.430000      1   0.00000000E+00  0.00000000E+00  2.62908014E-03  0.00000000E+00  0.00000000E+00  0.00000000E+00  0.00000000E+00  0.00000000E+00  1.11321361E-01  0.00000000E+00  0.00000000E+00 -5.04247663E-02
    0.431000      1   0.00000000E+00  0.00000000E+00  2.60252927E-03  0.00000000E+00  0.00000000E+00  0.00000000E+00  0.00000000E+00  0.00000000E+00  1.11270915E-01  0.00000000E+00  0.00000000E+00 -5.04463133E-02
    0.432000      1   0.00000000E+00  0.00000000E+00  2.63868340E-03  0.00000000E+00  0.00000000E+00  0.00000000E+00  0.00000000E+00  0.00000000E+00  1.11220434E-01  0.00000000E+00  0.00000000E+00 -5.04802898E-02
    0.433000      1   0.00000000E+00  0.00000000E+00  2.65159692E-03  0.00000000E+00  0.00000000E+00  0.00000000E+00  0.00000000E+00  0.00000000E+00  1.11169918E-01  0.00000000E+00  0.00000000E+00 -5.05165925E-02
    0.434000      1   0.00000000E+00  0.00000000E+00  2.67163390E-03  0.00000000E+00  0.00000000E+00  0.00000000E+00  0.00000000E+00  0.00000000E+00  1.11119379E-01  0.00000000E+00  0.00000000E+00 -5.05387380E-02
    0.435000      1   0.00000000E+00  0.00000000E+00  2.66028699E-03  0.00000000E+00  0.00000000E+00  0.00000000E+00  0.00000000E+00  0.00000000E+00  1.11068826E-01  0.00000000E+00  0.00000000E+00 -5.05530992E-02
    0.436000      1   0.00000000E+00  0.00000000E+00  2.59768731E-03  0.00000000E+00  0.00000000E+00  0.00000000E+00  0.00000000E+00  0.00000000E+00  1.11018263E-01  0.00000000E+00  0.00000000E+00 -5.05628866E-02
    0.437000      1   0.00000000E+00  0.00000000E+00  2.61565958E-03  0.00000000E+00  0.00000000E+00  0.00000000E+00  0.00000000E+00  0.00000000E+00  1.10967676E-01  0.00000000E+00  0.00000000E+00 -5.05874705E-02
    0.438000      1   0.00000000E+00  0.00000000E+00  2.65795703E-03  0.00000000E+00  0.00000000E+00  0.00000000E+00  0.00000000E+00  0.00000000E+00  1.10917046E-01  0.00000000E+00  0.00000000E+00 -5.06294349E-02
    0.439000      1   0.00000000E+00  0.00000000E+00  2.66715193E-03  0.00000000E+00  0.00000000E+00  0.00000000E+00  0.00000000E+00  0.00000000E+00  1.10866388E-01  0.00000000E+00  0.00000000E+00 -5.06580171E-02
    0.440000      1   0.00000000E+00  0.00000000E+00  2.65541356E-03  0.00000000E+00  0.00000000E+00  0.00000000E+00  0.00000000E+00  0.00000000E+00  1.10815717E-01  0.00000000E+00  0.00000000E+00 -5.06710821E-02
    0.441000      1   0.00000000E+00  0.00000000E+00  2.63256432E-03  0.00000000E+00  0.00000000E+00  0.00000000E+00  0.00000000E+00  0.00000000E+00  1.10765034E-01  0.00000000E+00  0.00000000E+00 -5.06832032E-02
    0.442000      1   0.00000000E+00  0.00000000E+00  2.60333692E-03  0.00000000E+00  0.00000000E+00  0.00000000E+00  0.00000000E+00  0.00000000E+00  1.10714331E-01  0.00000000E+00  0.00000000E+00 -5.07032200E-02
    0.443000      1   0.00000000E+00  0.00000000E+00  2.64082918E-03  0.00000000E+00  0.00000000E+00  0.00000000E+00  0.00000000E+00  0.00000000E+00  1.10663595E-01  0.00000000E+00  0.00000000E+00 -5.07359094E-02
    0.444000      1   0.00000000E+00  0.00000000E+00  2.65411592E-03  0.00000000E+00  0.00000000E+00  0.00000000E+00  0.00000000E+00  0.00000000E+00  1.10612823E-01  0.00000000E+00  0.00000000E+00 -5.07715674E-02
    0.445000      1   0.00000000E+00  0.00000000E+00  2.67442074E-03  0.00000000E+00  0.00000000E+00  0.00000000E+00  0.00000000E+00  0.00000000E+00  1.10562031E-01  0.00000000E+00  0.00000000E+00 -5.07925628E-02
    0.446000      1   0.00000000E+00  0.00000000E+00  2.66207808E-03  0.00000000E+00  0.00000000E+00  0.00000000E+00  0.00000000E+00  0.00000000E+00  1.10511225E-01  0.00000000E+00  0.00000000E+00 -5.08056039E-02
    0.447000      1   0.00000000E+00  0.00000000E+00  2.59566221E-03  0.00000000E+00  0.00000000E+00  0.00000000E+00  0.00000000E+00  0.00000000E+00  1.10460411E-01  0.00000000E+00  0.00000000E+00 -5.08141593E-02
    0.448000      1   0.00000000E+00  0.00000000E+00  2.61879891E-03  0.00000000E+00  0.00000000E+00  0.00000000E+00  0.00000000E+00  0.00000000E+00  1.10409572E-01  0.00000000E+00  0.00000000E+00 -5.08385131E-02
    0.449000      1   0.00000000E+00  0.00000000E+00  2.66361084E-03  0.00000000E+00  0.00000000E+00  0.00000000E+00  0.00000000E+00  0.00000000E+00  1.10358692E-01  0.00000000E+00  0.00000000E+00 -5.08805874E-02
    0.450000      1   0.00000000E+00  0.00000000E+00  2.67231385E-03  0.00000000E+00  0.00000000E+00  0.00000000E+00  0.00000000E+00  0.00000000E+00  1.10307785E-01  0.00000000E+00  0.00000000E+00 -5.09071388E-02
    0.451000      1   0.00000000E+00  0.00000000E+00  2.65463997E-03  0.00000000E+00  0.00000000E+00  0.00000000E+00  0.00000000E+00  0.00000000E+00  1.10256867E-01  0.00000000E+00  0.00000000E+00 -5.09174342E-02
    0.452000      1   0.00000000E+00  0.00000000E+00  2.63126865E-03  0.00000000E+00  0.00000000E+00  0.00000000E+00  0.00000000E+00  0.00000000E+00  1.10205939E-01  0.00000000E+00  0.00000000E+00 -5.09279969E-02
    0.453000      1   0.00000000E+00  0.00000000E+00  2.60853639E-03  0.00000000E+00  0.00000000E+00  0.00000000E+00  0.00000000E+00  0.00000000E+00  1.10154991E-01  0.00000000E+00  0.00000000E+00 -5.09484968E-02
    0.454000      1   0.00000000E+00  0.00000000E+00  2.63991363E-03  0.00000000E+00  0.00000000E+00  0.00000000E+00  0.00000000E+00  0.00000000E+00  1.10104010E-01  0.00000000E+00  0.00000000E+00 -5.09806923E-02
    0.455000      1   0.00000000E+00  0.00000000E+00  2.65788922E-03  0.00000000E+00  0.00000000E+00  0.00000000E+00  0.00000000E+00  0.00000000E+00  1.10052995E-01  0.00000000E+00  0.00000000E+00 -5.10148046E-02
    0.456000      1   0.00000000E+00  0.00000000E+00  2.68011383E-03  0.00000000E+00  0.00000000E+00  0.00000000E+00  0.00000000E+00  0.00000000E+00  1.10001960E-01  0.00000000E+00  0.00000000E+00 -5.10354334E-02
    0.457000      1   0.00000000E+00  0.00000000E+00  2.65716999E-03  0.00000000E+00  0.00000000E+00  0.00000000E+00  0.00000000E+00  0.00000000E+00  1.09950914E-01  0.00000000E+00  0.00000000E+00 -5.10462285E-02
    0.458000      1   0.00000000E+00  0.00000000E+00  2.59430175E-03  0.00000000E+00  0.00000000E+00  0.00000000E+00  0.00000000E+00  0.00000000E+00  1.09899860E-01  0.00000000E+00  0.00000000E+00 -5.10537822E-02
    0.459000      1   0.00000000E+00  0.00000000E+00  2.62722509E-03  0.00000000E+00  0.00000000E+00  0.00000000E+00  0.00000000E+00  0.00000000E+00  1.09848780E-01  0.00000000E+00  0.00000000E+00 -5.10799884E-02
    0.460000      1   0.00000000E+00  0.00000000E+00  2.66752698E-03  0.00000000E+00  0.00000000E+00  0.00000000E+00  0.00000000E+00  0.00000000E+00  1.09797659E-01  0.00000000E+00  0.00000000E+00 -5.11210194E-02
    0.461000      1   0.00000000E+00  0.00000000E+00  2.67561384E-03  0.00000000E+00  0.00000000E+00  0.00000000E+00  0.00000000E+00  0.00000000E+00  1.09746515E-01  0.00000000E+00  0.00000000E+00 -5.11441110E-02
    0.462000      1   0.00000000E+00  0.00000000E+00  2.64961430E-03  0.00000000E+00  0.00000000E+00  0.00000000E+00  0.00000000E+00  0.00000000E+00  1.09695362E-01  0.00000000E+00  0.00000000E+00 -5.11525368E-02
    0.463000      1   0.00000000E+00  0.00000000E+00  2.62630590E-03  0.00000000E+00  0.00000000E+00  0.00000000E+00  0.00000000E+00  0.00000000E+00  1.09644199E-01  0.00000000E+00  0.00000000E+00 -5.11629044E-02
    0.464000      1   0.00000000E+00  0.00000000E+00  2.62364804E-03  0.00000000E+00  0.00000000E+00  0.00000000E+00  0.00000000E+00  0.00000000E+00  1.09593013E-01  0.00000000E+00  0.00000000E+00 -5.11859325E-02
    0.465000      1   0.00000000E+00  0.00000000E+00  2.64755822E-03  0.00000000E+00  0.00000000E+00  0.00000000E+00  0.00000000E+00  0.00000000E+00  1.09541796E-01  0.00000000E+00  0.00000000E+00 -5.12170854E-02
    0.466000      1   0.00000000E+00  0.00000000E+00  2.65451425E-03  0.00000000E+00  0.00000000E+00  0.00000000E+00  0.00000000E+00  0.00000000E+00  1.09490551E-01  0.00000000E+00  0.00000000E+00 -5.12448830E-02
    0.467000      1   0.00000000E+00  0.00000000E+00  2.67581616E-03  0.00000000E+00  0.00000000E+00  0.00000000E+00  0.00000000E+00  0.00000000E+00  1.09439288E-01  0.00000000E+00  0.00000000E+00 -5.12635980E-02
    0.468000      1   0.00000000E+00  0.00000000E+00  2.65654516E-03  0.00000000E+00  0.00000000E+00  0.00000000E+00  0.00000000E+00  0.00000000E+00  1.09388011E-01  0.00000000E+00  0.00000000E+00 -5.12762615E-02
    0.469000      1   0.00000000E+00  0.00000000E+00  2.59855202E-03  0.00000000E+00  0.00000000E+00  0.00000000E+00  0.00000000E+00  0.00000000E+00  1.09336726E-01  0.00000000E+00  0.00000000E+00 -5.12853371E-02
    0.470000      1   0.00000000E+00  0.00000000E+00  2.64052956E-03  0.00000000E+00  0.00000000E+00  0.00000000E+00  0.00000000E+00  0.00000000E+00  1.09285415E-01  0.00000000E+00  0.00000000E+00 -5.13109969E-02
    0.471000      1   0.00000000E+00  0.00000000E+00  2.65862206E-03  0.00000000E+00  0.00000000E+00  0.00000000E+00  0.00000000E+00  0.00000000E+00  1.09234067E-01  0.00000000E+00  0.00000000E+00 -5.13482794E-02
    0.472000      1   0.00000000E+00  0.00000000E+00  2.67725423E-03  0.00000000E+00  0.00000000E+00  0.00000000E+00  0.00000000E+00  0.00000000E+00  1.09182698E-01  0.00000000E+00  0.00000000E+00 -5.13685763E-02
    0.473000      1   0.00000000E+00  0.00000000E+00  2.66611527E-03  0.00000000E+00  0.00000000E+00  0.00000000E+00  0.00000000E+00  0.00000000E+00  1.09131319E-01  0.00000000E+00  0.00000000E+00 -5.13796364E-02
    0.474000      1   0.00000000E+00  0.00000000E+00  2.61216460E-03  0.00000000E+00  0.00000000E+00  0.00000000E+00  0.00000000E+00  0.00000000E+00  1.09079932E-01  0.00000000E+00  0.00000000E+00 -5.13865473E-02
    0.475000      1   0.00000000E+00  0.00000000E+00  2.62763291E-03  0.00000000E+00  0.00000000E+00  0.00000000E+00  0.00000000E+00  0.00000000E+00  1.09028525E-01  0.00000000E+00  0.00000000E+00 -5.14066570E-02
    0.476000      1   0.00000000E+00  0.00000000E+00  2.64361709E-03  0.00000000E+00  0.00000000E+00  0.00000000E+00  0.00000000E+00  0.00000000E+00  1.08977084E-01  0.00000000E+00  0.00000000E+00 -5.14417495E-02
    0.477000      1   0.00000000E+00  0.00000000E+00  2.68359144E-03  0.00000000E+00  0.00000000E+00  0.00000000E+00  0.00000000E+00  0.00000000E+00  1.08925615E-01  0.00000000E+00  0.00000000E+00 -5.14689353E-02
    0.478000      1   0.00000000E+00  0.00000000E+00  2.66286904E-03  0.00000000E+00  0.00000000E+00  0.00000000E+00  0.00000000E+00  0.00000000E+00  1.08874131E-01  0.00000000E+00  0.00000000E+00 -5.14838027E-02
    0.479000      1   0.00000000E+00  0.00000000E+00  2.64669200E-03  0.00000000E+00  0.00000000E+00  0.00000000E+00  0.00000000E+00  0.00000000E+00  1.08822642E-01  0.00000000E+00  0.00000000E+00 -5.14892064E-02
    0.480000      1   0.00000000E+00  0.00000000E+00  2.59832001E-03  0.00000000E+00  0.00000000E+00  0.00000000E+00  0.00000000E+00  0.00000000E+00  1.08771137E-01  0.00000000E+00  0.00000000E+00 -5.15042764E-02
    0.481000      1   0.00000000E+00  0.00000000E+00  2.65521986E-03  0.00000000E+00  0.00000000E+00  0.00000000E+00  0.00000000E+00  0.00000000E+00  1.08719604E-01  0.00000000E+00  0.00000000E+00 -5.15332132E-02
    0.482000      1   0.00000000E+00  0.00000000E+00  2.66181478E-03  0.00000000E+00  0.00000000E+00  0.00000000E+00  0.00000000E+00  0.00000000E+00  1.08668036E-01  0.00000000E+00  0.00000000E+00 -5.15679740E-02
    0.483000      1   0.00000000E+00  0.00000000E+00  2.68131338E-03  0.00000000E+00  0.00000000E+00  0.00000000E+00  0.00000000E+00  0.00000000E+00  1.08616453E-01  0.00000000E+00  0.00000000E+00 -5.15828818E-02
    0.484000      1   0.00000000E+00  0.00000000E+00  2.65955332E-03  0.00000000E+00  0.00000000E+00  0.00000000E+00  0.00000000E+00  0.00000000E+00  1.08564861E-01  0.00000000E+00  0.00000000E+00 -5.15921756E-02
    0.485000      1   0.00000000E+00  0.00000000E+00  2.60141305E-03  0.00000000E+00  0.00000000E+00  0.00000000E+00  0.00000000E+00  0.00000000E+00  1.08513262E-01  0.00000000E+00  0.00000000E+00 -5.15989138E-02
    0.486000      1   0.00000000E+00  0.00000000E+00  2.64083786E-03  0.00000000E+00  0.00000000E+00  0.00000000E+00  0.00000000E+00  0.00000000E+00  1.08461639E-01  0.00000000E+00  0.00000000E+00 -5.16230798E-02
    0.487000      1   0.00000000E+00  0.00000000E+00  2.65427742E-03  0.00000000E+00  0.00000000E+00  0.00000000E+00  0.00000000E+00  0.00000000E+00  1.08409980E-01  0.00000000E+00  0.00000000E+00 -5.16593681E-02
    0.488000      1   0.00000000E+00  0.00000000E+00  2.68679119E-03  0.00000000E+00  0.00000000E+00  0.00000000E+00  0.00000000E+00  0.00000000E+00  1.08358300E-01  0.00000000E+00  0.00000000E+00 -5.16803321E-02
    0.489000      1   0.00000000E+00  0.00000000E+00  2.65712654E-03  0.00000000E+00  0.00000000E+00  0.00000000E+00  0.00000000E+00  0.00000000E+00  1.08306608E-01  0.00000000E+00  0.00000000E+00 -5.16911326E-02
    0.490000      1   0.00000000E+00  0.00000000E+00  2.63867781E-03  0.00000000E+00  0.00000000E+00  0.00000000E+00  0.00000000E+00  0.00000000E+00  1.08254912E-01  0.00000000E+00  0.00000000E+00 -5.16965009E-02
    0.491000      1   0.00000000E+00  0.00000000E+00  2.60545600E-03  0.00000000E+00  0.00000000E+00  0.00000000E+00  0.00000000E+00  0.00000000E+00  1.08203197E-01  0.00000000E+00  0.00000000E+00 -5.17148741E-02
    0.492000      1   0.00000000E+00  0.00000000E+00  2.66835601E-03  0.00000000E+00  0.00000000E+00  0.00000000E+00  0.00000000E+00  0.00000000E+00  1.08151452E-01  0.00000000E+00  0.00000000E+00 -5.17451809E-02
    0.493000      1   0.00000000E+00  0.00000000E+00  2.65752737E-03  0.00000000E+00  0.00000000E+00  0.00000000E+00  0.00000000E+00  0.00000000E+00  1.08099677E-01  0.00000000E+00  0.00000000E+00 -5.17752752E-02
    0.494000      1   0.00000000E+00  0.00000000E+00  2.68433202E-03  0.00000000E+00  0.00000000E+00  0.00000000E+00  0.00000000E+00  0.00000000E+00  1.08047890E-01  0.00000000E+00  0.00000000E+00 -5.17866271E-02
    0.495000      1   0.00000000E+00  0.00000000E+00  2.64212317E-03  0.00000000E+00  0.00000000E+00  0.00000000E+00  0.00000000E+00  0.00000000E+00  1.07996093E-01  0.00000000E+00  0.00000000E+00 -5.17967951E-02
    0.496000      1   0.00000000E+00  0.00000000E+00  2.60946784E-03  0.00000000E+00  0.00000000E+00  0.00000000E+00  0.00000000E+00  0.00000000E+00  1.07944288E-01  0.00000000E+00  0.00000000E+00 -5.18056243E-02
    0.497000      1   0.00000000E+00  0.00000000E+00  2.64534995E-03  0.00000000E+00  0.00000000E+00  0.00000000E+00  0.00000000E+00  0.00000000E+00  1.07892453E-01  0.00000000E+00  0.00000000E+00 -5.18340902E-02
    0.498000      1   0.00000000E+00  0.00000000E+00  2.65680252E-03  0.00000000E+00  0.00000000E+00  0.00000000E+00  0.00000000E+00  0.00000000E+00  1.07840586E-01  0.00000000E+00  0.00000000E+00 -5.18669353E-02
    0.499000      1   0.00000000E+00  0.00000000E+00  2.69285244E-03  0.00000000E+00  0.00000000E+00  0.00000000E+00  0.00000000E+00  0.00000000E+00  1.07788701E-01  0.00000000E+00  0.00000000E+00 -5.18859709E-02
    0.500000      1   0.00000000E+00  0.00000000E+00  2.66724551E-03  0.00000000E+00  0.00000000E+00  0.00000000E+00  0.00000000E+00  0.00000000E+00  1.07736806E-01  0.00000000E+00  0.00000000E+00 -5.18948702E-02
    0.501000      1   0.00000000E+00  0.00000000E+00  2.61451482E-03  0.00000000E+00  0.00000000E+00  0.00000000E+00  0.00000000E+00  0.00000000E+00  1.07684909E-01  0.00000000E+00  0.00000000E+00 -5.18964586E-02
    0.502000      1   0.00000000E+00  0.00000000E+00  2.61862572E-03  0.00000000E+00  0.00000000E+00  0.00000000E+00  0.00000000E+00  0.00000000E+00  1.07632993E-01  0.00000000E+00  0.00000000E+00 -5.19157814E-02
    0.503000      1   0.00000000E+00  0.00000000E+00  2.67326836E-03  0.00000000E+00  0.00000000E+00  0.00000000E+00  0.00000000E+00  0.00000000E+00  1.07581042E-01  0.00000000E+00  0.00000000E+00 -5.19516949E-02
    0.504000      1   0.00000000E+00  0.00000000E+00  2.68269895E-03  0.00000000E+00  0.00000000E+00  0.00000000E+00  0.00000000E+00  0.00000000E+00  1.07529065E-01  0.00000000E+00  0.00000000E+00 -5.19765953E-02
    0.505000      1   0.00000000E+00  0.00000000E+00  2.66140591E-03  0.00000000E+00  0.00000000E+00  0.00000000E+00  0.00000000E+00  0.00000000E+00  1.07477083E-01  0.00000000E+00  0.00000000E+00 -5.19818826E-02
    0.506000      1   0.00000000E+00  0.00000000E+00  2.63741054E-03  0.00000000E+00  0.00000000E+00  0.00000000E+00  0.00000000E+00  0.00000000E+00  1.07425095E-01  0.00000000E+00  0.00000000E+00 -5.19878381E-02
    0.507000      1   0.00000000E+00  0.00000000E+00  2.62261452E-03  0.00000000E+00  0.00000000E+00  0.00000000E+00  0.00000000E+00  0.00000000E+00  1.07373090E-01  0.00000000E+00  0.00000000E+00 -5.20050300E-02
    0.508000      1   0.00000000E+00  0.00000000E+00  2.65219135E-03  0.00000000E+00  0.00000000E+00  0.00000000E+00  0.00000000E+00  0.00000000E+00  1.07321058E-01  0.00000000E+00  0.00000000E+00 -5.20327187E-02
    0.509000      1   0.00000000E+00  0.00000000E+00  2.66600242E-03  0.00000000E+00  0.00000000E+00  0.00000000E+00  0.00000000E+00  0.00000000E+00  1.07268998E-01  0.00000000E+00  0.00000000E+00 -5.20600364E-02
    0.510000      1   0.00000000E+00  0.00000000E+00  2.68318210E-03  0.00000000E+00  0.00000000E+00  0.00000000E+00  0.00000000E+00  0.00000000E+00  1.07216922E-01  0.00000000E+00  0.00000000E+00 -5.20751983E-02
    0.511000      1   0.00000000E+00  0.00000000E+00  2.66134129E-03  0.00000000E+00  0.00000000E+00  0.00000000E+00  0.00000000E+00  0.00000000E+00  1.07164840E-01  0.00000000E+00  0.00000000E+00 -5.20827864E-02
    0.512000      1   0.00000000E+00  0.00000000E+00  2.60412484E-03  0.00000000E+00  0.00000000E+00  0.00000000E+00  0.00000000E+00  0.00000000E+00  1.07112751E-01  0.00000000E+00  0.00000000E+00 -5.20885947E-02
    0.513000      1   0.00000000E+00  0.00000000E+00  2.64671120E-03  0.00000000E+00  0.00000000E+00  0.00000000E+00  0.00000000E+00  0.00000000E+00  1.07060639E-01  0.00000000E+00  0.00000000E+00 -5.21116939E-02
    0.514000      1   0.00000000E+00  0.00000000E+00  2.66610619E-03  0.00000000E+00  0.00000000E+00  0.00000000E+00  0.00000000E+00  0.00000000E+00  1.07008493E-01  0.00000000E+00  0.00000000E+00 -5.21460530E-02
    0.515000      1   0.00000000E+00  0.00000000E+00  2.68494801E-03  0.00000000E+00  0.00000000E+00  0.00000000E+00  0.00000000E+00  0.00000000E+00  1.06956330E-01  0.00000000E+00  0.00000000E+00 -5.21629963E-02
    0.516000      1   0.00000000E+00  0.00000000E+00  2.67002239E-03  0.00000000E+00  0.00000000E+00  0.00000000E+00  0.00000000E+00  0.00000000E+00  1.06904160E-01  0.00000000E+00  0.00000000E+00 -5.21702380E-02
    0.517000      1   0.00000000E+00  0.00000000E+00  2.61438244E-03  0.00000000E+00  0.00000000E+00  0.00000000E+00  0.00000000E+00  0.00000000E+00  1.06851986E-01  0.00000000E+00  0.00000000E+00 -5.21739312E-02
    0.518000      1   0.00000000E+00  0.00000000E+00  2.63880657E-03  0.00000000E+00  0.00000000E+00  0.00000000E+00  0.00000000E+00  0.00000000E+00  1.06799794E-01  0.00000000E+00  0.00000000E+00 -5.21923655E-02
    0.519000      1   0.00000000E+00  0.00000000E+00  2.65113880E-03  0.00000000E+00  0.00000000E+00  0.00000000E+00  0.00000000E+00  0.00000000E+00  1.06747569E-01  0.00000000E+00  0.00000000E+00 -5.22247537E-02
    0.520000      1   0.00000000E+00  0.00000000E+00  2.69681282E-03  0.00000000E+00  0.00000000E+00  0.00000000E+00  0.00000000E+00  0.00000000E+00  1.06695322E-01  0.00000000E+00  0.00000000E+00 -5.22469398E-02
    0.521000      1   0.00000000E+00  0.00000000E+00  2.66338203E-03  0.00000000E+00  0.00000000E+00  0.00000000E+00  0.00000000E+00  0.00000000E+00  1.06643065E-01  0.00000000E+00  0.00000000E+00 -5.22569988E-02
    0.522000      1   0.00000000E+00  0.00000000E+00  2.64811033E-03  0.00000000E+00  0.00000000E+00  0.00000000E+00  0.00000000E+00  0.00000000E+00  1.06590807E-01  0.00000000E+00  0.00000000E+00 -5.22579697E-02
    0.523000      1   0.00000000E+00  0.00000000E+00  2.60964234E-03  0.00000000E+00  0.00000000E+00  0.00000000E+00  0.00000000E+00  0.00000000E+00  1.06538534E-01  0.00000000E+00  0.00000000E+00 -5.22726204E-02
    0.524000      1   0.00000000E+00  0.00000000E+00  2.66706831E-03  0.00000000E+00  0.00000000E+00  0.00000000E+00  0.00000000E+00  0.00000000E+00  1.06486235E-01  0.00000000E+00  0.00000000E+00 -5.22990892E-02
    0.525000      1   0.00000000E+00  0.00000000E+00  2.66596401E-03  0.00000000E+00  0.00000000E+00  0.00000000E+00  0.00000000E+00  0.00000000E+00  1.06433907E-01  0.00000000E+00  0.00000000E+00 -5.23280363E-02
    0.526000      1   0.00000000E+00  0.00000000E+00  2.68797146E-03  0.00000000E+00  0.00000000E+00  0.00000000E+00  0.00000000E+00  0.00000000E+00  1.06381569E-01  0.00000000E+00  0.00000000E+00 -5.23383192E-02
    0.527000      1   0.00000000E+00  0.00000000E+00  2.64684661E-03  0.00000000E+00  0.00000000E+00  0.00000000E+00  0.00000000E+00  0.00000000E+00  1.06329224E-01  0.00000000E+00  0.00000000E+00 -5.23450729E-02
    0.528000      1   0.00000000E+00  0.00000000E+00  2.61475100E-03  0.00000000E+00  0.00000000E+00  0.00000000E+00  0.00000000E+00  0.00000000E+00  1.06276872E-01  0.00000000E+00  0.00000000E+00 -5.23518716E-02
    0.529000      1   0.00000000E+00  0.00000000E+00  2.64665562E-03  0.00000000E+00  0.00000000E+00  0.00000000E+00  0.00000000E+00  0.00000000E+00  1.06224494E-01  0.00000000E+00  0.00000000E+00 -5.23778520E-02
    0.530000      1   0.00000000E+00  0.00000000E+00  2.66471972E-03  0.00000000E+00  0.00000000E+00  0.00000000E+00  0.00000000E+00  0.00000000E+00  1.06172085E-01  0.00000000E+00  0.00000000E+00 -5.24087311E-02
    0.531000      1   0.00000000E+00  0.00000000E+00  2.69450657E-03  0.00000000E+00  0.00000000E+00  0.00000000E+00  0.00000000E+00  0.00000000E+00  1.06119660E-01  0.00000000E+00  0.00000000E+00 -5.24259378E-02
    0.532000      1   0.00000000E+00  0.00000000E+00  2.67488929E-03  0.00000000E+00  0.00000000E+00  0.00000000E+00  0.00000000E+00  0.00000000E+00  1.06067228E-01  0.00000000E+00  0.00000000E+00 -5.24319445E-02
    0.533000      1   0.00000000E+00  0.00000000E+00  2.60639095E-03  0.00000000E+00  0.00000000E+00  0.00000000E+00  0.00000000E+00  0.00000000E+00  1.06014796E-01  0.00000000E+00  0.00000000E+00 -5.24316379E-02
    0.534000      1   0.00000000E+00  0.00000000E+00  2.63595940E-03  0.00000000E+00  0.00000000E+00  0.00000000E+00  0.00000000E+00  0.00000000E+00  1.05962346E-01  0.00000000E+00  0.00000000E+00 -5.24498870E-02
    0.535000      1   0.00000000E+00  0.00000000E+00  2.67581874E-03  0.00000000E+00  0.00000000E+00  0.00000000E+00  0.00000000E+00  0.00000000E+00  1.05909861E-01  0.00000000E+00  0.00000000E+00 -5.24854032E-02
    0.536000      1   0.00000000E+00  0.00000000E+00  2.68743597E-03  0.00000000E+00  0.00000000E+00  0.00000000E+00  0.00000000E+00  0.00000000E+00  1.05857357E-01  0.00000000E+00  0.00000000E+00 -5.25041600E-02
    0.537000      1   0.00000000E+00  0.00000000E+00  2.66213626E-03  0.00000000E+00  0.00000000E+00  0.00000000E+00  0.00000000E+00  0.00000000E+00  1.05804849E-01  0.00000000E+00  0.00000000E+00 -5.25077720E-02
    0.538000      1   0.00000000E+00  0.00000000E+00  2.63594594E-03  0.00000000E+00  0.00000000E+00  0.00000000E+00  0.00000000E+00  0.00000000E+00  1.05752337E-01  0.00000000E+00  0.00000000E+00 -5.25120427E-02
    0.539000      1   0.00000000E+00  0.00000000E+00  2.63225269E-03  0.00000000E+00  0.00000000E+00  0.00000000E+00  0.00000000E+00  0.00000000E+00  1.05699807E-01  0.00000000E+00  0.00000000E+00 -5.25292536E-02
    0.540000      1   0.00000000E+00  0.00000000E+00  2.65579826E-03  0.00000000E+00  0.00000000E+00  0.00000000E+00  0.00000000E+00  0.00000000E+00  1.05647252E-01  0.00000000E+00  0.00000000E+00 -5.25557190E-02
    0.541000      1   0.00000000E+00  0.00000000E+00  2.68671223E-03  0.00000000E+00  0.00000000E+00  0.00000000E+00  0.00000000E+00  0.00000000E+00  1.05594673E-01  0.00000000E+00  0.00000000E+00 -5.25792335E-02
    0.542000      1   0.00000000E+00  0.00000000E+00  2.67448187E-03  0.00000000E+00  0.00000000E+00  0.00000000E+00  0.00000000E+00  0.00000000E+00  1.05542083E-01  0.00000000E+00  0.00000000E+00 -5.25895485E-02
    0.543000      1   0.00000000E+00  0.00000000E+00  2.65289456E-03  0.00000000E+00  0.00000000E+00  0.00000000E+00  0.00000000E+00  0.00000000E+00  1.05489491E-01  0.00000000E+00  0.00000000E+00 -5.25918737E-02
    0.544000      1   0.00000000E+00  0.00000000E+00  2.61024981E-03  0.00000000E+00  0.00000000E+00  0.00000000E+00  0.00000000E+00  0.00000000E+00  1.05436889E-01  0.00000000E+00  0.00000000E+00 -5.26020330E-02
    0.545000      1   0.00000000E+00  0.00000000E+00  2.66263707E-03  0.00000000E+00  0.00000000E+00  0.00000000E+00  0.00000000E+00  0.00000000E+00  1.05384262E-01  0.00000000E+00  0.00000000E+00 -5.26268232E-02
    0.546000      1   0.00000000E+00  0.00000000E+00  2.66951719E-03  0.00000000E+00  0.00000000E+00  0.00000000E+00  0.00000000E+00  0.00000000E+00  1.05331606E-01  0.00000000E+00  0.00000000E+00 -5.26563544E-02
    0.547000      1   0.00000000E+00  0.00000000E+00  2.69179074E-03  0.00000000E+00  0.00000000E+00  0.00000000E+00  0.00000000E+00  0.00000000E+00  1.05278938E-01  0.00000000E+00  0.00000000E+00 -5.26674642E-02
    0.548000      1   0.00000000E+00  0.00000000E+00  2.66319322E-03  0.00000000E+00  0.00000000E+00  0.00000000E+00  0.00000000E+00  0.00000000E+00  1.05226266E-01  0.00000000E+00  0.00000000E+00 -5.26723756E-02
    0.549000      1   0.00000000E+00  0.00000000E+00  2.61202312E-03  0.00000000E+00  0.00000000E+00  0.00000000E+00  0.00000000E+00  0.00000000E+00  1.05173591E-01  0.00000000E+00  0.00000000E+00 -5.26750293E-02
    0.550000      1   0.00000000E+00  0.00000000E+00  2.64512579E-03  0.00000000E+00  0.00000000E+00  0.00000000E+00  0.00000000E+00  0.00000000E+00  1.05120895E-01  0.00000000E+00  0.00000000E+00 -5.26961236E-02
    0.551000      1   0.00000000E+00  0.00000000E+00  2.67078450E-03  0.00000000E+00  0.00000000E+00  0.00000000E+00  0.00000000E+00  0.00000000E+00  1.05068167E-01  0.00000000E+00  0.00000000E+00 -5.27281691E-02
    0.552000      1   0.00000000E+00  0.00000000E+00  2.69065757E-03  0.00000000E+00  0.00000000E+00  0.00000000E+00  0.00000000E+00  0.00000000E+00  1.05015422E-01  0.00000000E+00  0.00000000E+00 -5.27448057E-02
    0.553000      1   0.00000000E+00  0.00000000E+00  2.68174592E-03  0.00000000E+00  0.00000000E+00  0.00000000E+00  0.00000000E+00  0.00000000E+00  1.04962672E-01  0.00000000E+00  0.00000000E+00 -5.27495014E-02
    0.554000      1   0.00000000E+00  0.00000000E+00  2.62115110E-03  0.00000000E+00  0.00000000E+00  0.00000000E+00  0.00000000E+00  0.00000000E+00  1.04909923E-01  0.00000000E+00  0.00000000E+00 -5.27492463E-02
    0.555000      1   0.00000000E+00  0.00000000E+00  2.62840439E-03  0.00000000E+00  0.00000000E+00  0.00000000E+00  0.00000000E+00  0.00000000E+00  1.04857161E-01  0.00000000E+00  0.00000000E+00 -5.27626335E-02
    0.556000      1   0.00000000E+00  0.00000000E+00  2.67440951E-03  0.00000000E+00  0.00000000E+00  0.00000000E+00  0.00000000E+00  0.00000000E+00  1.04804366E-01  0.00000000E+00  0.00000000E+00 -5.27946382E-02
    0.557000      1   0.00000000E+00  0.00000000E+00  2.68978993E-03  0.00000000E+00  0.00000000E+00  0.00000000E+00  0.00000000E+00  0.00000000E+00  1.04751550E-01  0.00000000E+00  0.00000000E+00 -5.28161254E-02
    0.558000      1   0.00000000E+00  0.00000000E+00  2.67038445E-03  0.00000000E+00  0.00000000E+00  0.00000000E+00  0.00000000E+00  0.00000000E+00  1.04698730E-01  0.00000000E+00  0.00000000E+00 -5.28197839E-02
    0.559000      1   0.00000000E+00  0.00000000E+00  2.64381985E-03  0.00000000E+00  0.00000000E+00  0.00000000E+00  0.00000000E+00  0.00000000E+00  1.04645908E-01  0.00000000E+00  0.00000000E+00 -5.28218229E-02
    0.560000      1   0.00000000E+00  0.00000000E+00  2.63071297E-03  0.00000000E+00  0.00000000E+00  0.00000000E+00  0.00000000E+00  0.00000000E+00  1.04593073E-01  0.00000000E+00  0.00000000E+00 -5.28349326E-02
    0.561000      1   0.00000000E+00  0.00000000E+00  2.65768200E-03  0.00000000E+00  0.00000000E+00  0.00000000E+00  0.00000000E+00  0.00000000E+00  1.04540214E-01  0.00000000E+00  0.00000000E+00 -5.28590844E-02
    0.562000      1   0.00000000E+00  0.00000000E+00  2.67395350E-03  0.00000000E+00  0.00000000E+00  0.00000000E+00  0.00000000E+00  0.00000000E+00  1.04487331E-01  0.00000000E+00  0.00000000E+00 -5.28827714E-02
    0.563000      1   0.00000000E+00  0.00000000E+00  2.68854948E-03  0.00000000E+00  0.00000000E+00  0.00000000E+00  0.00000000E+00  0.00000000E+00  1.04434437E-01  0.00000000E+00  0.00000000E+00 -5.28947240E-02
    0.564000      1   0.00000000E+00  0.00000000E+00  2.66190578E-03  0.00000000E+00  0.00000000E+00  0.00000000E+00  0.00000000E+00  0.00000000E+00  1.04381538E-01  0.00000000E+00  0.00000000E+00 -5.28987517E-02
    0.565000      1   0.00000000E+00  0.00000000E+00  2.61059284E-03  0.00000000E+00  0.00000000E+00  0.00000000E+00  0.00000000E+00  0.00000000E+00  1.04328635E-01  0.00000000E+00  0.00000000E+00 -5.29026975E-02
    0.566000      1   0.00000000E+00  0.00000000E+00  2.66019091E-03  0.00000000E+00  0.00000000E+00  0.00000000E+00  0.00000000E+00  0.00000000E+00  1.04275711E-01  0.00000000E+00  0.00000000E+00 -5.29244675E-02
    0.567000      1   0.00000000E+00  0.00000000E+00  2.67181487E-03  0.00000000E+00  0.00000000E+00  0.00000000E+00  0.00000000E+00  0.00000000E+00  1.04222756E-01  0.00000000E+00  0.00000000E+00 -5.29543187E-02
    0.568000      1   0.00000000E+00  0.00000000E+00  2.69439848E-03  0.00000000E+00  0.00000000E+00  0.00000000E+00  0.00000000E+00  0.00000000E+00  1.04169791E-01  0.00000000E+00  0.00000000E+00 -5.29658255E-02
    0.569000      1   0.00000000E+00  0.00000000E+00  2.67031786E-03  0.00000000E+00  0.00000000E+00  0.00000000E+00  0.00000000E+00  0.00000000E+00  1.04116821E-01  0.00000000E+00  0.00000000E+00 -5.29695212E-02
    0.570000      1   0.00000000E+00  0.00000000E+00  2.61313971E-03  0.00000000E+00  0.00000000E+00  0.00000000E+00  0.00000000E+00  0.00000000E+00  1.04063851E-01  0.00000000E+00  0.00000000E+00 -5.29700585E-02
    0.571000      1   0.00000000E+00  0.00000000E+00  2.64436251E-03  0.00000000E+00  0.00000000E+00  0.00000000E+00  0.00000000E+00  0.00000000E+00  1.04010862E-01  0.00000000E+00  0.00000000E+00 -5.29886155E-02
    0.572000      1   0.00000000E+00  0.00000000E+00  2.67242523E-03  0.00000000E+00  0.00000000E+00  0.00000000E+00  0.00000000E+00  0.00000000E+00  1.03957842E-01  0.00000000E+00  0.00000000E+00 -5.30204293E-02
    0.573000      1   0.00000000E+00  0.00000000E+00  2.69471226E-03  0.00000000E+00  0.00000000E+00  0.00000000E+00  0.00000000E+00  0.00000000E+00  1.03904805E-01  0.00000000E+00  0.00000000E+00 -5.30370265E-02
    0.574000      1   0.00000000E+00  0.00000000E+00  2.68289675E-03  0.00000000E+00  0.00000000E+00  0.00000000E+00  0.00000000E+00  0.00000000E+00  1.03851764E-01  0.00000000E+00  0.00000000E+00 -5.30404662E-02
    0.575000      1   0.00000000E+00  0.00000000E+00  2.62449930E-03  0.00000000E+00  0.00000000E+00  0.00000000E+00  0.00000000E+00  0.00000000E+00  1.03798726E-01  0.00000000E+00  0.00000000E+00 -5.30386760E-02
    0.576000      1   0.00000000E+00  0.00000000E+00  2.63072172E-03  0.00000000E+00  0.00000000E+00  0.00000000E+00  0.00000000E+00  0.00000000E+00  1.03745675E-01  0.00000000E+00  0.00000000E+00 -5.30510931E-02
    0.577000      1   0.00000000E+00  0.00000000E+00  2.67611275E-03  0.00000000E+00  0.00000000E+00  0.00000000E+00  0.00000000E+00  0.00000000E+00  1.03692593E-01  0.00000000E+00  0.00000000E+00 -5.30815885E-02
    0.578000      1   0.00000000E+00  0.00000000E+00  2.69385721E-03  0.00000000E+00  0.00000000E+00  0.00000000E+00  0.00000000E+00  0.00000000E+00  1.03639491E-01  0.00000000E+00  0.00000000E+00 -5.31020134E-02
    0.579000      1   0.00000000E+00  0.00000000E+00  2.66911088E-03  0.00000000E+00  0.00000000E+00  0.00000000E+00  0.00000000E+00  0.00000000E+00  1.03586387E-01  0.00000000E+00  0.00000000E+00 -5.31043933E-02
    0.580000      1   0.00000000E+00  0.00000000E+00  2.64805342E-03  0.00000000E+00  0.00000000E+00  0.00000000E+00  0.00000000E+00  0.00000000E+00  1.03533281E-01  0.00000000E+00  0.00000000E+00 -5.31053218E-02
    0.581000      1   0.00000000E+00  0.00000000E+00  2.63131259E-03  0.00000000E+00  0.00000000E+00  0.00000000E+00  0.00000000E+00  0.00000000E+00  1.03480163E-01  0.00000000E+00  0.00000000E+00 -5.31181011E-02
    0.582000      1   0.00000000E+00  0.00000000E+00  2.65675208E-03  0.00000000E+00  0.00000000E+00  0.00000000E+00  0.00000000E+00  0.00000000E+00  1.03427023E-01  0.00000000E+00  0.00000000E+00 -5.31407565E-02
    0.583000      1   0.00000000E+00  0.00000000E+00  2.68652899E-03  0.00000000E+00  0.00000000E+00  0.00000000E+00  0.00000000E+00  0.00000000E+00  1.03373858E-01  0.00000000E+00  0.00000000E+00 -5.31644111E-02
    0.584000      1   0.00000000E+00  0.00000000E+00  2.68609670E-03  0.00000000E+00  0.00000000E+00  0.00000000E+00  0.00000000E+00  0.00000000E+00  1.03320684E-01  0.00000000E+00  0.00000000E+00 -5.31744452E-02
    0.585000      1   0.00000000E+00  0.00000000E+00  2.66092352E-03  0.00000000E+00  0.00000000E+00  0.00000000E+00  0.00000000E+00  0.00000000E+00  1.03267509E-01  0.00000000E+00  0.00000000E+00 -5.31747766E-02
    0.586000      1   0.00000000E+00  0.00000000E+00  2.61131036E-03  0.00000000E+00  0.00000000E+00  0.00000000E+00  0.00000000E+00  0.00000000E+00  1.03214329E-01  0.00000000E+00  0.00000000E+00 -5.31797016E-02
    0.587000      1   0.00000000E+00  0.00000000E+00  2.66511749E-03  0.00000000E+00  0.00000000E+00  0.00000000E+00  0.00000000E+00  0.00000000E+00  1.03161128E-01  0.00000000E+00  0.00000000E+00 -5.32016674E-02
    0.588000      1   0.00000000E+00  0.00000000E+00  2.67512304E-03  0.00000000E+00  0.00000000E+00  0.00000000E+00  0.00000000E+00  0.00000000E+00  1.03107897E-01  0.00000000E+00  0.00000000E+00 -5.32304117E-02
    0.589000      1   0.00000000E+00  0.00000000E+00  2.69916159E-03  0.00000000E+00  0.00000000E+00  0.00000000E+00  0.00000000E+00  0.00000000E+00  1.03054657E-01  0.00000000E+00  0.00000000E+00 -5.32397156E-02
    0.590000      1   0.00000000E+00  0.00000000E+00  2.66441938E-03  0.00000000E+00  0.00000000E+00  0.00000000E+00  0.00000000E+00  0.00000000E+00  1.03001416E-01  0.00000000E+00  0.00000000E+00 -5.32414825E-02
    0.591000      1   0.00000000E+00  0.00000000E+00  2.61640679E-03  0.00000000E+00  0.00000000E+00  0.00000000E+00  0.00000000E+00  0.00000000E+00  1.02948174E-01  0.00000000E+00  0.00000000E+00 -5.32414986E-02
    0.592000      1   0.00000000E+00  0.00000000E+00  2.65289372E-03  0.00000000E+00  0.00000000E+00  0.00000000E+00  0.00000000E+00  0.00000000E+00  1.02894913E-01  0.00000000E+00  0.00000000E+00 -5.32614150E-02
    0.593000      1   0.00000000E+00  0.00000000E+00  2.67250730E-03  0.00000000E+00  0.00000000E+00  0.00000000E+00  0.00000000E+00  0.00000000E+00  1.02841622E-01  0.00000000E+00  0.00000000E+00 -5.32906472E-02
    0.594000      1   0.00000000E+00  0.00000000E+00  2.70109116E-03  0.00000000E+00  0.00000000E+00  0.00000000E+00  0.00000000E+00  0.00000000E+00  1.02788318E-01  0.00000000E+00  0.00000000E+00 -5.33044281E-02
    0.595000      1   0.00000000E+00  0.00000000E+00  2.68293516E-03  0.00000000E+00  0.00000000E+00  0.00000000E+00  0.00000000E+00  0.00000000E+00  1.02735011E-01  0.00000000E+00  0.00000000E+00 -5.33067128E-02
    0.596000      1   0.00000000E+00  0.00000000E+00  2.61464728E-03  0.00000000E+00  0.00000000E+00  0.00000000E+00  0.00000000E+00  0.00000000E+00  1.02681708E-01  0.00000000E+00  0.00000000E+00 -5.33028209E-02
    0.597000      1   0.00000000E+00  0.00000000E+00  2.64139952E-03  0.00000000E+00  0.00000000E+00  0.00000000E+00  0.00000000E+00  0.00000000E+00  1.02628391E-01  0.00000000E+00  0.00000000E+00 -5.33169676E-02
    0.598000      1   0.00000000E+00  0.00000000E+00  2.68438439E-03  0.00000000E+00  0.00000000E+00  0.00000000E+00  0.00000000E+00  0.00000000E+00  1.02575043E-01  0.00000000E+00  0.00000000E+00 -5.33488103E-02
    0.599000      1   0.00000000E+00  0.00000000E+00  2.69081020E-03  0.00000000E+00  0.00000000E+00  0.00000000E+00  0.00000000E+00  0.00000000E+00  1.02521678E-01  0.00000000E+00  0.00000000E+00 -5.33642657E-02
    0.600000      1   0.00000000E+00  0.00000000E+00  2.67874354E-03  0.00000000E+00  0.00000000E+00  0.00000000E+00  0.00000000E+00  0.00000000E+00  1.02468314E-01  0.00000000E+00  0.00000000E+00 -5.33644679E-02
    0.601000      1   0.00000000E+00  0.00000000E+00  2.63866429E-03  0.00000000E+00  0.00000000E+00  0.00000000E+00  0.00000000E+00  0.00000000E+00  1.02414949E-01  0.00000000E+00  0.00000000E+00 -5.33646937E-02
    0.602000      1   0.00000000E+00  0.00000000E+00  2.63505849E-03  0.00000000E+00  0.00000000E+00  0.00000000E+00  0.00000000E+00  0.00000000E+00  1.02361573E-01  0.00000000E+00  0.00000000E+00 -5.33759698E-02
    0.603000      1   0.00000000E+00  0.00000000E+00  2.66201999E-03  0.00000000E+00  0.00000000E+00  0.00000000E+00  0.00000000E+00  0.00000000E+00  1.02308172E-01  0.00000000E+00  0.00000000E+00 -5.34010463E-02
    0.604000      1   0.00000000E+00  0.00000000E+00  2.69887203E-03  0.00000000E+00  0.00000000E+00  0.00000000E+00  0.00000000E+00  0.00000000E+00  1.02254750E-01  0.00000000E+00  0.00000000E+00 -5.34225391E-02
    0.605000      1   0.00000000E+00  0.00000000E+00  2.68908041E-03  0.00000000E+00  0.00000000E+00  0.00000000E+00  0.00000000E+00  0.00000000E+00  1.02201321E-01  0.00000000E+00  0.00000000E+00 -5.34286605E-02
    0.606000      1   0.00000000E+00  0.00000000E+00  2.65392291E-03  0.00000000E+00  0.00000000E+00  0.00000000E+00  0.00000000E+00  0.00000000E+00  1.02147897E-01  0.00000000E+00  0.00000000E+00 -5.34244106E-02
    0.607000      1   0.00000000E+00  0.00000000E+00  2.61171786E-03  0.00000000E+00  0.00000000E+00  0.00000000E+00  0.00000000E+00  0.00000000E+00  1.02094467E-01  0.00000000E+00  0.00000000E+00 -5.34295937E-02
    0.608000      1   0.00000000E+00  0.00000000E+00  2.67772337E-03  0.00000000E+00  0.00000000E+00  0.00000000E+00  0.00000000E+00  0.00000000E+00  1.02041013E-01  0.00000000E+00  0.00000000E+00 -5.34537865E-02
    0.609000      1   0.00000000E+00  0.00000000E+00  2.67900508E-03  0.00000000E+00  0.00000000E+00  0.00000000E+00  0.00000000E+00  0.00000000E+00  1.01987533E-01  0.00000000E+00  0.00000000E+00 -5.34801678E-02
    0.610000      1   0.00000000E+00  0.00000000E+00  2.69378683E-03  0.00000000E+00  0.00000000E+00  0.00000000E+00  0.00000000E+00  0.00000000E+00  1.01934048E-01  0.00000000E+00  0.00000000E+00 -5.34846452E-02
    0.611000      1   0.00000000E+00  0.00000000E+00  2.65596881E-03  0.00000000E+00  0.00000000E+00  0.00000000E+00  0.00000000E+00  0.00000000E+00  1.01880562E-01  0.00000000E+00  0.00000000E+00 -5.34860876E-02
    0.612000      1   0.00000000E+00  0.00000000E+00  2.62411806E-03  0.00000000E+00  0.00000000E+00  0.00000000E+00  0.00000000E+00  0.00000000E+00  1.01827073E-01  0.00000000E+00  0.00000000E+00 -5.34893633E-02
    0.613000      1   0.00000000E+00  0.00000000E+00  2.65576911E-03  0.00000000E+00  0.00000000E+00  0.00000000E+00  0.00000000E+00  0.00000000E+00  1.01773562E-01  0.00000000E+00  0.00000000E+00 -5.35106913E-02
    0.614000      1   0.00000000E+00  0.00000000E+00  2.67760428E-03  0.00000000E+00  0.00000000E+00  0.00000000E+00  0.00000000E+00  0.00000000E+00  1.01720025E-01  0.00000000E+00  0.00000000E+00 -5.35368825E-02
    0.615000      1   0.00000000E+00  0.00000000E+00  2.70262934E-03  0.00000000E+00  0.00000000E+00  0.00000000E+00  0.00000000E+00  0.00000000E+00  1.01666477E-01  0.00000000E+00  0.00000000E+00 -5.35488178E-02
    0.616000      1   0.00000000E+00  0.00000000E+00  2.67569766E-03  0.00000000E+00  0.00000000E+00  0.00000000E+00  0.00000000E+00  0.00000000E+00  1.01612927E-01  0.00000000E+00  0.00000000E+00 -5.35491566E-02
    0.617000      1   0.00000000E+00  0.00000000E+00  2.61159357E-03  0.00000000E+00  0.00000000E+00  0.00000000E+00  0.00000000E+00  0.00000000E+00  1.01559381E-01  0.00000000E+00  0.00000000E+00 -5.35460394E-02
    0.618000      1   0.00000000E+00  0.00000000E+00  2.65576692E-03  0.00000000E+00  0.00000000E+00  0.00000000E+00  0.00000000E+00  0.00000000E+00  1.01505818E-01  0.00000000E+00  0.00000000E+00 -5.35631030E-02
    0.619000      1   0.00000000E+00  0.00000000E+00  2.67995346E-03  0.00000000E+00  0.00000000E+00  0.00000000E+00  0.00000000E+00  0.00000000E+00  1.01452225E-01  0.00000000E+00  0.00000000E+00 -5.35934078E-02
    0.620000      1   0.00000000E+00  0.00000000E+00  2.69948701E-03  0.00000000E+00  0.00000000E+00  0.00000000E+00  0.00000000E+00  0.00000000E+00  1.01398620E-01  0.00000000E+00  0.00000000E+00 -5.36049283E-02
    0.621000      1   0.00000000E+00  0.00000000E+00  2.68324977E-03  0.00000000E+00  0.00000000E+00  0.00000000E+00  0.00000000E+00  0.00000000E+00  1.01345015E-01  0.00000000E+00  0.00000000E+00 -5.36050513E-02
    0.622000      1   0.00000000E+00  0.00000000E+00  2.61688531E-03  0.00000000E+00  0.00000000E+00  0.00000000E+00  0.00000000E+00  0.00000000E+00  1.01291413E-01  0.00000000E+00  0.00000000E+00 -5.36016306E-02
    0.623000      1   0.00000000E+00  0.00000000E+00  2.65399478E-03  0.00000000E+00  0.00000000E+00  0.00000000E+00  0.00000000E+00  0.00000000E+00  1.01237798E-01  0.00000000E+00  0.00000000E+00 -5.36152782E-02
    0.624000      1   0.00000000E+00  0.00000000E+00  2.66816699E-03  0.00000000E+00  0.00000000E+00  0.00000000E+00  0.00000000E+00  0.00000000E+00  1.01184154E-01  0.00000000E+00  0.00000000E+00 -5.36441586E-02
    0.625000      1   0.00000000E+00  0.00000000E+00  2.70185937E-03  0.00000000E+00  0.00000000E+00  0.00000000E+00  0.00000000E+00  0.00000000E+00  1.01130495E-01  0.00000000E+00  0.00000000E+00 -5.36583454E-02
    0.626000      1   0.00000000E+00  0.00000000E+00  2.69124071E-03  0.00000000E+00  0.00000000E+00  0.00000000E+00  0.00000000E+00  0.00000000E+00  1.01076833E-01  0.00000000E+00  0.00000000E+00 -5.36619197E-02
    0.627000      1   0.00000000E+00  0.00000000E+00  2.63225526E-03  0.00000000E+00  0.00000000E+00  0.00000000E+00  0.00000000E+00  0.00000000E+00  1.01023177E-01  0.00000000E+00  0.00000000E+00 -5.36563067E-02
    0.628000      1   0.00000000E+00  0.00000000E+00  2.62766160E-03  0.00000000E+00  0.00000000E+00  0.00000000E+00  0.00000000E+00  0.00000000E+00  1.00969513E-01  0.00000000E+00  0.00000000E+00 -5.36646120E-02
    0.629000      1   0.00000000E+00  0.00000000E+00  2.68210407E-03  0.00000000E+00  0.00000000E+00  0.00000000E+00  0.00000000E+00  0.00000000E+00  1.00915819E-01  0.00000000E+00  0.00000000E+00 -5.36931014E-02
    0.630000      1   0.00000000E+00  0.00000000E+00  2.69859518E-03  0.00000000E+00  0.00000000E+00  0.00000000E+00  0.00000000E+00  0.00000000E+00  1.00862106E-01  0.00000000E+00  0.00000000E+00 -5.37134718E-02
    0.631000      1   0.00000000E+00  0.00000000E+00  2.67750096E-03  0.00000000E+00  0.00000000E+00  0.00000000E+00  0.00000000E+00  0.00000000E+00  1.00808393E-01  0.00000000E+00  0.00000000E+00 -5.37130462E-02
    0.632000      1   0.00000000E+00  0.00000000E+00  2.64954705E-03  0.00000000E+00  0.00000000E+00  0.00000000E+00  0.00000000E+00  0.00000000E+00  1.00754682E-01  0.00000000E+00  0.00000000E+00 -5.37109350E-02
    0.633000      1   0.00000000E+00  0.00000000E+00  2.63874125E-03  0.00000000E+00  0.00000000E+00  0.00000000E+00  0.00000000E+00  0.00000000E+00  1.00700961E-01  0.00000000E+00  0.00000000E+00 -5.37206947E-02
    0.634000      1   0.00000000E+00  0.00000000E+00  2.66118160E-03  0.00000000E+00  0.00000000E+00  0.00000000E+00  0.00000000E+00  0.00000000E+00  1.00647220E-01  0.00000000E+00  0.00000000E+00 -5.37415459E-02
    0.635000      1   0.00000000E+00  0.00000000E+00  2.69609257E-03  0.00000000E+00  0.00000000E+00  0.00000000E+00  0.00000000E+00  0.00000000E+00  1.00593458E-01  0.00000000E+00  0.00000000E+00 -5.37619774E-02
    0.636000      1   0.00000000E+00  0.00000000E+00  2.69048391E-03  0.00000000E+00  0.00000000E+00  0.00000000E+00  0.00000000E+00  0.00000000E+00  1.00539689E-01  0.00000000E+00  0.00000000E+00 -5.37688657E-02
    0.637000      1   0.00000000E+00  0.00000000E+00  2.66070880E-03  0.00000000E+00  0.00000000E+00  0.00000000E+00  0.00000000E+00  0.00000000E+00  1.00485924E-01  0.00000000E+00  0.00000000E+00 -5.37652804E-02
    0.638000      1   0.00000000E+00  0.00000000E+00  2.61621551E-03  0.00000000E+00  0.00000000E+00  0.00000000E+00  0.00000000E+00  0.00000000E+00  1.00432155E-01  0.00000000E+00  0.00000000E+00 -5.37688026E-02
    0.639000      1   0.00000000E+00  0.00000000E+00  2.67518433E-03  0.00000000E+00  0.00000000E+00  0.00000000E+00  0.00000000E+00  0.00000000E+00  1.00378365E-01  0.00000000E+00  0.00000000E+00 -5.37899715E-02
    0.640000      1   0.00000000E+00  0.00000000E+00  2.67989267E-03  0.00000000E+00  0.00000000E+00  0.00000000E+00  0.00000000E+00  0.00000000E+00  1.00324550E-01  0.00000000E+00  0.00000000E+00 -5.38153246E-02
    0.641000      1   0.00000000E+00  0.00000000E+00  2.70181060E-03  0.00000000E+00  0.00000000E+00  0.00000000E+00  0.00000000E+00  0.00000000E+00  1.00270729E-01  0.00000000E+00  0.00000000E+00 -5.38204789E-02
    0.642000      1   0.00000000E+00  0.00000000E+00  2.65988751E-03  0.00000000E+00  0.00000000E+00  0.00000000E+00  0.00000000E+00  0.00000000E+00  1.00216909E-01  0.00000000E+00  0.00000000E+00 -5.38202110E-02
    0.643000      1   0.00000000E+00  0.00000000E+00  2.62451026E-03  0.00000000E+00  0.00000000E+00  0.00000000E+00  0.00000000E+00  0.00000000E+00  1.00163089E-01  0.00000000E+00  0.00000000E+00 -5.38201585E-02
    0.644000      1   0.00000000E+00  0.00000000E+00  2.65901623E-03  0.00000000E+00  0.00000000E+00  0.00000000E+00  0.00000000E+00  0.00000000E+00  1.00109249E-01  0.00000000E+00  0.00000000E+00 -5.38401303E-02
    0.645000      1   0.00000000E+00  0.00000000E+00  2.67965320E-03  0.00000000E+00  0.00000000E+00  0.00000000E+00  0.00000000E+00  0.00000000E+00  1.00055383E-01  0.00000000E+00  0.00000000E+00 -5.38656184E-02
    0.646000      1   0.00000000E+00  0.00000000E+00  2.70558480E-03  0.00000000E+00  0.00000000E+00  0.00000000E+00  0.00000000E+00  0.00000000E+00  1.00001507E-01  0.00000000E+00  0.00000000E+00 -5.38761249E-02
    0.647000      1   0.00000000E+00  0.00000000E+00  2.68105622E-03  0.00000000E+00  0.00000000E+00  0.00000000E+00  0.00000000E+00  0.00000000E+00  9.99476316E-02  0.00000000E+00  0.00000000E+00 -5.38752682E-02
    0.648000      1   0.00000000E+00  0.00000000E+00  2.61341356E-03  0.00000000E+00  0.00000000E+00  0.00000000E+00  0.00000000E+00  0.00000000E+00  9.98937613E-02  0.00000000E+00  0.00000000E+00 -5.38702328E-02
    0.649000      1   0.00000000E+00  0.00000000E+00  2.65544575E-03  0.00000000E+00  0.00000000E+00  0.00000000E+00  0.00000000E+00  0.00000000E+00  9.98398761E-02  0.00000000E+00  0.00000000E+00 -5.38852147E-02
    0.650000      1   0.00000000E+00  0.00000000E+00  2.68551195E-03  0.00000000E+00  0.00000000E+00  0.00000000E+00  0.00000000E+00  0.00000000E+00  9.97859611E-02  0.00000000E+00  0.00000000E+00 -5.39149786E-02
    0.651000      1   0.00000000E+00  0.00000000E+00  2.70169840E-03  0.00000000E+00  0.00000000E+00  0.00000000E+00  0.00000000E+00  0.00000000E+00  9.97320355E-02  0.00000000E+00  0.00000000E+00 -5.39256217E-02
    0.652000      1   0.00000000E+00  0.00000000E+00  2.68504797E-03  0.00000000E+00  0.00000000E+00  0.00000000E+00  0.00000000E+00  0.00000000E+00  9.96781120E-02  0.00000000E+00  0.00000000E+00 -5.39235281E-02
    0.653000      1   0.00000000E+00  0.00000000E+00  2.61982816E-03  0.00000000E+00  0.00000000E+00  0.00000000E+00  0.00000000E+00  0.00000000E+00  9.96241929E-02  0.00000000E+00  0.00000000E+00 -5.39190632E-02
    0.654000      1   0.00000000E+00  0.00000000E+00  2.65290536E-03  0.00000000E+00  0.00000000E+00  0.00000000E+00  0.00000000E+00  0.00000000E+00  9.95702613E-02  0.00000000E+00  0.00000000E+00 -5.39315998E-02
    0.655000      1   0.00000000E+00  0.00000000E+00  2.67308865E-03  0.00000000E+00  0.00000000E+00  0.00000000E+00  0.00000000E+00  0.00000000E+00  9.95163016E-02  0.00000000E+00  0.00000000E+00 -5.39597063E-02
    0.656000      1   0.00000000E+00  0.00000000E+00  2.70961938E-03  0.00000000E+00  0.00000000E+00  0.00000000E+00  0.00000000E+00  0.00000000E+00  9.94623282E-02  0.00000000E+00  0.00000000E+00 -5.39733806E-02
    0.657000      1   0.00000000E+00  0.00000000E+00  2.68838389E-03  0.00000000E+00  0.00000000E+00  0.00000000E+00  0.00000000E+00  0.00000000E+00  9.94083543E-02  0.00000000E+00  0.00000000E+00 -5.39739663E-02
    0.658000      1   0.00000000E+00  0.00000000E+00  2.63245192E-03  0.00000000E+00  0.00000000E+00  0.00000000E+00  0.00000000E+00  0.00000000E+00  9.93543880E-02  0.00000000E+00  0.00000000E+00 -5.39663100E-02
    0.659000      1   0.00000000E+00  0.00000000E+00  2.63414649E-03  0.00000000E+00  0.00000000E+00  0.00000000E+00  0.00000000E+00  0.00000000E+00  9.93004125E-02  0.00000000E+00  0.00000000E+00 -5.39755188E-02
    0.660000      1   0.00000000E+00  0.00000000E+00  2.68780062E-03  0.00000000E+00  0.00000000E+00  0.00000000E+00  0.00000000E+00  0.00000000E+00  9.92464097E-02  0.00000000E+00  0.00000000E+00 -5.40027967E-02
    0.661000      1   0.00000000E+00  0.00000000E+00  2.70129680E-03  0.00000000E+00  0.00000000E+00  0.00000000E+00  0.00000000E+00  0.00000000E+00  9.91923896E-02  0.00000000E+00  0.00000000E+00 -5.40200300E-02
    0.662000      1   0.00000000E+00  0.00000000E+00  2.67534553E-03  0.00000000E+00  0.00000000E+00  0.00000000E+00  0.00000000E+00  0.00000000E+00  9.91383724E-02  0.00000000E+00  0.00000000E+00 -5.40172559E-02
    0.663000      1   0.00000000E+00  0.00000000E+00  2.64743786E-03  0.00000000E+00  0.00000000E+00  0.00000000E+00  0.00000000E+00  0.00000000E+00  9.90843577E-02  0.00000000E+00  0.00000000E+00 -5.40146385E-02
    0.664000      1   0.00000000E+00  0.00000000E+00  2.64102332E-03  0.00000000E+00  0.00000000E+00  0.00000000E+00  0.00000000E+00  0.00000000E+00  9.90303323E-02  0.00000000E+00  0.00000000E+00 -5.40254792E-02
    0.665000      1   0.00000000E+00  0.00000000E+00  2.67106883E-03  0.00000000E+00  0.00000000E+00  0.00000000E+00  0.00000000E+00  0.00000000E+00  9.89762856E-02  0.00000000E+00  0.00000000E+00 -5.40466194E-02
    0.666000      1   0.00000000E+00  0.00000000E+00  2.69728479E-03  0.00000000E+00  0.00000000E+00  0.00000000E+00  0.00000000E+00  0.00000000E+00  9.89222211E-02  0.00000000E+00  0.00000000E+00 -5.40645531E-02
    0.667000      1   0.00000000E+00  0.00000000E+00  2.69784422E-03  0.00000000E+00  0.00000000E+00  0.00000000E+00  0.00000000E+00  0.00000000E+00  9.88681531E-02  0.00000000E+00  0.00000000E+00 -5.40679834E-02
    0.668000      1   0.00000000E+00  0.00000000E+00  2.65785971E-03  0.00000000E+00  0.00000000E+00  0.00000000E+00  0.00000000E+00  0.00000000E+00  9.88140904E-02  0.00000000E+00  0.00000000E+00 -5.40627050E-02
    0.669000      1   0.00000000E+00  0.00000000E+00  2.61691719E-03  0.00000000E+00  0.00000000E+00  0.00000000E+00  0.00000000E+00  0.00000000E+00  9.87600261E-02  0.00000000E+00  0.00000000E+00 -5.40643138E-02
    0.670000      1   0.00000000E+00  0.00000000E+00  2.68319883E-03  0.00000000E+00  0.00000000E+00  0.00000000E+00  0.00000000E+00  0.00000000E+00  9.87059398E-02  0.00000000E+00  0.00000000E+00 -5.40862942E-02
    0.671000      1   0.00000000E+00  0.00000000E+00  2.68399607E-03  0.00000000E+00  0.00000000E+00  0.00000000E+00  0.00000000E+00  0.00000000E+00  9.86518298E-02  0.00000000E+00  0.00000000E+00 -5.41099997E-02
    0.672000      1   0.00000000E+00  0.00000000E+00  2.70252785E-03  0.00000000E+00  0.00000000E+00  0.00000000E+00  0.00000000E+00  0.00000000E+00  9.85977180E-02  0.00000000E+00  0.00000000E+00 -5.41117962E-02
    0.673000      1   0.00000000E+00  0.00000000E+00  2.65651849E-03  0.00000000E+00  0.00000000E+00  0.00000000E+00  0.00000000E+00  0.00000000E+00  9.85436079E-02  0.00000000E+00  0.00000000E+00 -5.41100539E-02
    0.674000      1   0.00000000E+00  0.00000000E+00  2.63026381E-03  0.00000000E+00  0.00000000E+00  0.00000000E+00  0.00000000E+00  0.00000000E+00  9.84894976E-02  0.00000000E+00  0.00000000E+00 -5.41103616E-02
    0.675000      1   0.00000000E+00  0.00000000E+00  2.66066361E-03  0.00000000E+00  0.00000000E+00  0.00000000E+00  0.00000000E+00  0.00000000E+00  9.84353671E-02  0.00000000E+00  0.00000000E+00 -5.41304223E-02
    0.676000      1   0.00000000E+00  0.00000000E+00  2.68656190E-03  0.00000000E+00  0.00000000E+00  0.00000000E+00  0.00000000E+00  0.00000000E+00  9.83812134E-02  0.00000000E+00  0.00000000E+00 -5.41537296E-02
    0.677000      1   0.00000000E+00  0.00000000E+00  2.71060888E-03  0.00000000E+00  0.00000000E+00  0.00000000E+00  0.00000000E+00  0.00000000E+00  9.83270509E-02  0.00000000E+00  0.00000000E+00 -5.41624734E-02
    0.678000      1   0.00000000E+00  0.00000000E+00  2.66838638E-03  0.00000000E+00  0.00000000E+00  0.00000000E+00  0.00000000E+00  0.00000000E+00  9.82728925E-02  0.00000000E+00  0.00000000E+00 -5.41584593E-02
    0.679000      1   0.00000000E+00  0.00000000E+00  2.61967357E-03  0.00000000E+00  0.00000000E+00  0.00000000E+00  0.00000000E+00  0.00000000E+00  9.82187385E-02  0.00000000E+00  0.00000000E+00 -5.41540144E-02
    0.680000      1   0.00000000E+00  0.00000000E+00  2.66515747E-03  0.00000000E+00  0.00000000E+00  0.00000000E+00  0.00000000E+00  0.00000000E+00  9.81645664E-02  0.00000000E+00  0.00000000E+00 -5.41720503E-02
    0.681000      1   0.00000000E+00  0.00000000E+00  2.68562776E-03  0.00000000E+00  0.00000000E+00  0.00000000E+00  0.00000000E+00  0.00000000E+00  9.81103684E-02  0.00000000E+00  0.00000000E+00 -5.41980409E-02
    0.682000      1   0.00000000E+00  0.00000000E+00  2.70578558E-03  0.00000000E+00  0.00000000E+00  0.00000000E+00  0.00000000E+00  0.00000000E+00  9.80561629E-02  0.00000000E+00  0.00000000E+00 -5.42054740E-02
    0.683000      1   0.00000000E+00  0.00000000E+00  2.67661055E-03  0.00000000E+00  0.00000000E+00  0.00000000E+00  0.00000000E+00  0.00000000E+00  9.80019603E-02  0.00000000E+00  0.00000000E+00 -5.42026197E-02
    0.684000      1   0.00000000E+00  0.00000000E+00  2.61951634E-03  0.00000000E+00  0.00000000E+00  0.00000000E+00  0.00000000E+00  0.00000000E+00  9.79477620E-02  0.00000000E+00  0.00000000E+00 -5.41983044E-02
    0.685000      1   0.00000000E+00  0.00000000E+00  2.66130522E-03  0.00000000E+00  0.00000000E+00  0.00000000E+00  0.00000000E+00  0.00000000E+00  9.78935483E-02  0.00000000E+00  0.00000000E+00 -5.42136672E-02
    0.686000      1   0.00000000E+00  0.00000000E+00  2.67768599E-03  0.00000000E+00  0.00000000E+00  0.00000000E+00  0.00000000E+00  0.00000000E+00  9.78393079E-02  0.00000000E+00  0.00000000E+00 -5.42403907E-02
    0.687000      1   0.00000000E+00  0.00000000E+00  2.71340785E-03  0.00000000E+00  0.00000000E+00  0.00000000E+00  0.00000000E+00  0.00000000E+00  9.77850574E-02  0.00000000E+00  0.00000000E+00 -5.42504933E-02
    0.688000      1   0.00000000E+00  0.00000000E+00  2.68875018E-03  0.00000000E+00  0.00000000E+00  0.00000000E+00  0.00000000E+00  0.00000000E+00  9.77308085E-02  0.00000000E+00  0.00000000E+00 -5.42488993E-02
    0.689000      1   0.00000000E+00  0.00000000E+00  2.61633081E-03  0.00000000E+00  0.00000000E+00  0.00000000E+00  0.00000000E+00  0.00000000E+00  9.76765686E-02  0.00000000E+00  0.00000000E+00 -5.42399340E-02
    0.690000      1   0.00000000E+00  0.00000000E+00  2.65078444E-03  0.00000000E+00  0.00000000E+00  0.00000000E+00  0.00000000E+00  0.00000000E+00  9.76223167E-02  0.00000000E+00  0.00000000E+00 -5.42518733E-02
    0.691000      1   0.00000000E+00  0.00000000E+00  2.69186467E-03  0.00000000E+00  0.00000000E+00  0.00000000E+00  0.00000000E+00  0.00000000E+00  9.75680352E-02  0.00000000E+00  0.00000000E+00 -5.42815034E-02
    0.692000      1   0.00000000E+00  0.00000000E+00  2.70036975E-03  0.00000000E+00  0.00000000E+00  0.00000000E+00  0.00000000E+00  0.00000000E+00  9.75137427E-02  0.00000000E+00  0.00000000E+00 -5.42925539E-02
    0.693000      1   0.00000000E+00  0.00000000E+00  2.69220386E-03  0.00000000E+00  0.00000000E+00  0.00000000E+00  0.00000000E+00  0.00000000E+00  9.74594541E-02  0.00000000E+00  0.00000000E+00 -5.42886090E-02
    0.694000      1   0.00000000E+00  0.00000000E+00  2.62258881E-03  0.00000000E+00  0.00000000E+00  0.00000000E+00  0.00000000E+00  0.00000000E+00  9.74051707E-02  0.00000000E+00  0.00000000E+00 -5.42833149E-02
    0.695000      1   0.00000000E+00  0.00000000E+00  2.65880852E-03  0.00000000E+00  0.00000000E+00  0.00000000E+00  0.00000000E+00  0.00000000E+00  9.73508777E-02  0.00000000E+00  0.00000000E+00 -5.42930133E-02
    0.696000      1   0.00000000E+00  0.00000000E+00  2.67579046E-03  0.00000000E+00  0.00000000E+00  0.00000000E+00  0.00000000E+00  0.00000000E+00  9.72965586E-02  0.00000000E+00  0.00000000E+00 -5.43191693E-02
    0.697000      1   0.00000000E+00  0.00000000E+00  2.70775102E-03  0.00000000E+00  0.00000000E+00  0.00000000E+00  0.00000000E+00  0.00000000E+00  9.72422281E-02  0.00000000E+00  0.00000000E+00 -5.43304270E-02
    0.698000      1   0.00000000E+00  0.00000000E+00  2.69565267E-03  0.00000000E+00  0.00000000E+00  0.00000000E+00  0.00000000E+00  0.00000000E+00  9.71878977E-02  0.00000000E+00  0.00000000E+00 -5.43304558E-02
    0.699000      1   0.00000000E+00  0.00000000E+00  2.63545489E-03  0.00000000E+00  0.00000000E+00  0.00000000E+00  0.00000000E+00  0.00000000E+00  9.71335756E-02  0.00000000E+00  0.00000000E+00 -5.43221278E-02
    0.700000      1   0.00000000E+00  0.00000000E+00  2.63309252E-03  0.00000000E+00  0.00000000E+00  0.00000000E+00  0.00000000E+00  0.00000000E+00  9.70792471E-02  0.00000000E+00  0.00000000E+00 -5.43284183E-02
    0.701000      1   0.00000000E+00  0.00000000E+00  2.69137927E-03  0.00000000E+00  0.00000000E+00  0.00000000E+00  0.00000000E+00  0.00000000E+00  9.70248922E-02  0.00000000E+00  0.00000000E+00 -5.43548964E-02
    0.702000      1   0.00000000E+00  0.00000000E+00  2.70311997E-03  0.00000000E+00  0.00000000E+00  0.00000000E+00  0.00000000E+00  0.00000000E+00  9.69705204E-02  0.00000000E+00  0.00000000E+00 -5.43718430E-02
    0.703000      1   0.00000000E+00  0.00000000E+00  2.68024990E-03  0.00000000E+00  0.00000000E+00  0.00000000E+00  0.00000000E+00  0.00000000E+00  9.69161528E-02  0.00000000E+00  0.00000000E+00 -5.43675711E-02
    0.704000      1   0.00000000E+00  0.00000000E+00  2.64983083E-03  0.00000000E+00  0.00000000E+00  0.00000000E+00  0.00000000E+00  0.00000000E+00  9.68617893E-02  0.00000000E+00  0.00000000E+00 -5.43634878E-02
    0.705000      1   0.00000000E+00  0.00000000E+00  2.64524468E-03  0.00000000E+00  0.00000000E+00  0.00000000E+00  0.00000000E+00  0.00000000E+00  9.68074170E-02  0.00000000E+00  0.00000000E+00 -5.43722946E-02
    0.706000      1   0.00000000E+00  0.00000000E+00  2.67019215E-03  0.00000000E+00  0.00000000E+00  0.00000000E+00  0.00000000E+00  0.00000000E+00  9.67530251E-02  0.00000000E+00  0.00000000E+00 -5.43919024E-02
    0.707000      1   0.00000000E+00  0.00000000E+00  2.70378337E-03  0.00000000E+00  0.00000000E+00  0.00000000E+00  0.00000000E+00  0.00000000E+00  9.66986165E-02  0.00000000E+00  0.00000000E+00 -5.44086048E-02
    0.708000      1   0.00000000E+00  0.00000000E+00  2.69956325E-03  0.00000000E+00  0.00000000E+00  0.00000000E+00  0.00000000E+00  0.00000000E+00  9.66442054E-02  0.00000000E+00  0.00000000E+00 -5.44111738E-02
    0.709000      1   0.00000000E+00  0.00000000E+00  2.65751130E-03  0.00000000E+00  0.00000000E+00  0.00000000E+00  0.00000000E+00  0.00000000E+00  9.65898019E-02  0.00000000E+00  0.00000000E+00 -5.44034572E-02
    0.710000      1   0.00000000E+00  0.00000000E+00  2.62143139E-03  0.00000000E+00  0.00000000E+00  0.00000000E+00  0.00000000E+00  0.00000000E+00  9.65353973E-02  0.00000000E+00  0.00000000E+00 -5.44045630E-02
    0.711000      1   0.00000000E+00  0.00000000E+00  2.68702258E-03  0.00000000E+00  0.00000000E+00  0.00000000E+00  0.00000000E+00  0.00000000E+00  9.64809715E-02  0.00000000E+00  0.00000000E+00 -5.44258596E-02
    0.712000      1   0.00000000E+00  0.00000000E+00  2.69400036E-03  0.00000000E+00  0.00000000E+00  0.00000000E+00  0.00000000E+00  0.00000000E+00  9.64265241E-02  0.00000000E+00  0.00000000E+00 -5.44474063E-02
    0.713000      1   0.00000000E+00  0.00000000E+00  2.69653424E-03  0.00000000E+00  0.00000000E+00  0.00000000E+00  0.00000000E+00  0.00000000E+00  9.63720779E-02  0.00000000E+00  0.00000000E+00 -5.44461780E-02
    0.714000      1   0.00000000E+00  0.00000000E+00  2.66497836E-03  0.00000000E+00  0.00000000E+00  0.00000000E+00  0.00000000E+00  0.00000000E+00  9.63176357E-02  0.00000000E+00  0.00000000E+00 -5.44422099E-02
    0.715000      1   0.00000000E+00  0.00000000E+00  2.62893804E-03  0.00000000E+00  0.00000000E+00  0.00000000E+00  0.00000000E+00  0.00000000E+00  9.62631927E-02  0.00000000E+00  0.00000000E+00 -5.44429900E-02
    0.716000      1   0.00000000E+00  0.00000000E+00  2.67204831E-03  0.00000000E+00  0.00000000E+00  0.00000000E+00  0.00000000E+00  0.00000000E+00  9.62087322E-02  0.00000000E+00  0.00000000E+00 -5.44605069E-02
    0.717000      1   0.00000000E+00  0.00000000E+00  2.68827463E-03  0.00000000E+00  0.00000000E+00  0.00000000E+00  0.00000000E+00  0.00000000E+00  9.61542500E-02  0.00000000E+00  0.00000000E+00 -5.44822363E-02
    0.718000      1   0.00000000E+00  0.00000000E+00  2.70540388E-03  0.00000000E+00  0.00000000E+00  0.00000000E+00  0.00000000E+00  0.00000000E+00  9.60997630E-02  0.00000000E+00  0.00000000E+00 -5.44869383E-02
    0.719000      1   0.00000000E+00  0.00000000E+00  2.67223373E-03  0.00000000E+00  0.00000000E+00  0.00000000E+00  0.00000000E+00  0.00000000E+00  9.60452797E-02  0.00000000E+00  0.00000000E+00 -5.44832822E-02
    0.720000      1   0.00000000E+00  0.00000000E+00  2.61921304E-03  0.00000000E+00  0.00000000E+00  0.00000000E+00  0.00000000E+00  0.00000000E+00  9.59907999E-02  0.00000000E+00  0.00000000E+00 -5.44798663E-02
    0.721000      1   0.00000000E+00  0.00000000E+00  2.67231408E-03  0.00000000E+00  0.00000000E+00  0.00000000E+00  0.00000000E+00  0.00000000E+00  9.59363031E-02  0.00000000E+00  0.00000000E+00 -5.44967201E-02
    0.722000      1   0.00000000E+00  0.00000000E+00  2.68929618E-03  0.00000000E+00  0.00000000E+00  0.00000000E+00  0.00000000E+00  0.00000000E+00  9.58817815E-02  0.00000000E+00  0.00000000E+00 -5.45215964E-02
    0.723000      1   0.00000000E+00  0.00000000E+00  2.71210378E-03  0.00000000E+00  0.00000000E+00  0.00000000E+00  0.00000000E+00  0.00000000E+00  9.58272555E-02  0.00000000E+00  0.00000000E+00 -5.45260305E-02
    0.724000      1   0.00000000E+00  0.00000000E+00  2.66595395E-03  0.00000000E+00  0.00000000E+00  0.00000000E+00  0.00000000E+00  0.00000000E+00  9.57727347E-02  0.00000000E+00  0.00000000E+00 -5.45208540E-02
    0.725000      1   0.00000000E+00  0.00000000E+00  2.62719123E-03  0.00000000E+00  0.00000000E+00  0.00000000E+00  0.00000000E+00  0.00000000E+00  9.57182183E-02  0.00000000E+00  0.00000000E+00 -5.45163483E-02
    0.726000      1   0.00000000E+00  0.00000000E+00  2.66101878E-03  0.00000000E+00  0.00000000E+00  0.00000000E+00  0.00000000E+00  0.00000000E+00  9.56636845E-02  0.00000000E+00  0.00000000E+00 -5.45338537E-02
    0.727000      1   0.00000000E+00  0.00000000E+00  2.68968661E-03  0.00000000E+00  0.00000000E+00  0.00000000E+00  0.00000000E+00  0.00000000E+00  9.56091264E-02  0.00000000E+00  0.00000000E+00 -5.45581073E-02
    0.728000      1   0.00000000E+00  0.00000000E+00  2.71068671E-03  0.00000000E+00  0.00000000E+00  0.00000000E+00  0.00000000E+00  0.00000000E+00  9.55545602E-02  0.00000000E+00  0.00000000E+00 -5.45661818E-02
    0.729000      1   0.00000000E+00  0.00000000E+00  2.68316106E-03  0.00000000E+00  0.00000000E+00  0.00000000E+00  0.00000000E+00  0.00000000E+00  9.54999990E-02  0.00000000E+00  0.00000000E+00 -5.45611278E-02
    0.730000      1   0.00000000E+00  0.00000000E+00  2.61773871E-03  0.00000000E+00  0.00000000E+00  0.00000000E+00  0.00000000E+00  0.00000000E+00  9.54454450E-02  0.00000000E+00  0.00000000E+00 -5.45540446E-02
    0.731000      1   0.00000000E+00  0.00000000E+00  2.66561405E-03  0.00000000E+00  0.00000000E+00  0.00000000E+00  0.00000000E+00  0.00000000E+00  9.53908774E-02  0.00000000E+00  0.00000000E+00 -5.45675704E-02
    0.732000      1   0.00000000E+00  0.00000000E+00  2.68904827E-03  0.00000000E+00  0.00000000E+00  0.00000000E+00  0.00000000E+00  0.00000000E+00  9.53362833E-02  0.00000000E+00  0.00000000E+00 -5.45941157E-02
    0.733000      1   0.00000000E+00  0.00000000E+00  2.70817013E-03  0.00000000E+00  0.00000000E+00  0.00000000E+00  0.00000000E+00  0.00000000E+00  9.52816825E-02  0.00000000E+00  0.00000000E+00 -5.46007940E-02
    0.734000      1   0.00000000E+00  0.00000000E+00  2.68787958E-03  0.00000000E+00  0.00000000E+00  0.00000000E+00  0.00000000E+00  0.00000000E+00  9.52270861E-02  0.00000000E+00  0.00000000E+00 -5.45963946E-02
    0.735000      1   0.00000000E+00  0.00000000E+00  2.62142647E-03  0.00000000E+00  0.00000000E+00  0.00000000E+00  0.00000000E+00  0.00000000E+00  9.51724968E-02  0.00000000E+00  0.00000000E+00 -5.45893035E-02
    0.736000      1   0.00000000E+00  0.00000000E+00  2.65733757E-03  0.00000000E+00  0.00000000E+00  0.00000000E+00  0.00000000E+00  0.00000000E+00  9.51178962E-02  0.00000000E+00  0.00000000E+00 -5.46006275E-02
    0.737000      1   0.00000000E+00  0.00000000E+00  2.68689127E-03  0.00000000E+00  0.00000000E+00  0.00000000E+00  0.00000000E+00  0.00000000E+00  9.50632688E-02  0.00000000E+00  0.00000000E+00 -5.46274253E-02
    0.738000      1   0.00000000E+00  0.00000000E+00  2.71079469E-03  0.00000000E+00  0.00000000E+00  0.00000000E+00  0.00000000E+00  0.00000000E+00  9.50086316E-02  0.00000000E+00  0.00000000E+00 -5.46372032E-02
    0.739000      1   0.00000000E+00  0.00000000E+00  2.69469425E-03  0.00000000E+00  0.00000000E+00  0.00000000E+00  0.00000000E+00  0.00000000E+00  9.49539985E-02  0.00000000E+00  0.00000000E+00 -5.46330480E-02
    0.740000      1   0.00000000E+00  0.00000000E+00  2.62003574E-03  0.00000000E+00  0.00000000E+00  0.00000000E+00  0.00000000E+00  0.00000000E+00  9.48993746E-02  0.00000000E+00  0.00000000E+00 -5.46238899E-02
    0.741000      1   0.00000000E+00  0.00000000E+00  2.65316928E-03  0.00000000E+00  0.00000000E+00  0.00000000E+00  0.00000000E+00  0.00000000E+00  9.48447414E-02  0.00000000E+00  0.00000000E+00 -5.46332218E-02
    0.742000      1   0.00000000E+00  0.00000000E+00  2.69511166E-03  0.00000000E+00  0.00000000E+00  0.00000000E+00  0.00000000E+00  0.00000000E+00  9.47900802E-02  0.00000000E+00  0.00000000E+00 -5.46612135E-02
    0.743000      1   0.00000000E+00  0.00000000E+00  2.70257729E-03  0.00000000E+00  0.00000000E+00  0.00000000E+00  0.00000000E+00  0.00000000E+00  9.47354093E-02  0.00000000E+00  0.00000000E+00 -5.46709066E-02
    0.744000      1   0.00000000E+00  0.00000000E+00  2.69809555E-03  0.00000000E+00  0.00000000E+00  0.00000000E+00  0.00000000E+00  0.00000000E+00  9.46807438E-02  0.00000000E+00  0.00000000E+00 -5.46655049E-02
    0.745000      1   0.00000000E+00  0.00000000E+00  2.62172650E-03  0.00000000E+00  0.00000000E+00  0.00000000E+00  0.00000000E+00  0.00000000E+00  9.46260853E-02  0.00000000E+00  0.00000000E+00 -5.46584440E-02
    0.746000      1   0.00000000E+00  0.00000000E+00  2.66409029E-03  0.00000000E+00  0.00000000E+00  0.00000000E+00  0.00000000E+00  0.00000000E+00  9.45714190E-02  0.00000000E+00  0.00000000E+00 -5.46663599E-02
    0.747000      1   0.00000000E+00  0.00000000E+00  2.67367998E-03  0.00000000E+00  0.00000000E+00  0.00000000E+00  0.00000000E+00  0.00000000E+00  9.45167271E-02  0.00000000E+00  0.00000000E+00 -5.46918650E-02
    0.748000      1   0.00000000E+00  0.00000000E+00  2.71777931E-03  0.00000000E+00  0.00000000E+00  0.00000000E+00  0.00000000E+00  0.00000000E+00  9.44620254E-02  0.00000000E+00  0.00000000E+00 -5.47017614E-02
    0.749000      1   0.00000000E+00  0.00000000E+00  2.69393551E-03  0.00000000E+00  0.00000000E+00  0.00000000E+00  0.00000000E+00  0.00000000E+00  9.44073246E-02  0.00000000E+00  0.00000000E+00 -5.47007099E-02
    0.750000      1   0.00000000E+00  0.00000000E+00  2.63763517E-03  0.00000000E+00  0.00000000E+00  0.00000000E+00  0.00000000E+00  0.00000000E+00  9.43526352E-02  0.00000000E+00  0.00000000E+00 -5.46893921E-02
    0.751000      1   0.00000000E+00  0.00000000E+00  2.63945051E-03  0.00000000E+00  0.00000000E+00  0.00000000E+00  0.00000000E+00  0.00000000E+00  9.42979394E-02  0.00000000E+00  0.00000000E+00 -5.46958610E-02
    0.752000      1   0.00000000E+00  0.00000000E+00  2.69594128E-03  0.00000000E+00  0.00000000E+00  0.00000000E+00  0.00000000E+00  0.00000000E+00  9.42432189E-02  0.00000000E+00  0.00000000E+00 -5.47204987E-02
    0.753000      1   0.00000000E+00  0.00000000E+00  2.70515063E-03  0.00000000E+00  0.00000000E+00  0.00000000E+00  0.00000000E+00  0.00000000E+00  9.41884843E-02  0.00000000E+00  0.00000000E+00 -5.47345505E-02
    0.754000      1   0.00000000E+00  0.00000000E+00  2.69151745E-03  0.00000000E+00  0.00000000E+00  0.00000000E+00  0.00000000E+00  0.00000000E+00  9.41337559E-02  0.00000000E+00  0.00000000E+00 -5.47284213E-02
    0.755000      1   0.00000000E+00  0.00000000E+00  2.63897374E-03  0.00000000E+00  0.00000000E+00  0.00000000E+00  0.00000000E+00  0.00000000E+00  9.40790342E-02  0.00000000E+00  0.00000000E+00 -5.47216785E-02
    0.756000      1   0.00000000E+00  0.00000000E+00  2.65214967E-03  0.00000000E+00  0.00000000E+00  0.00000000E+00  0.00000000E+00  0.00000000E+00  9.40243055E-02  0.00000000E+00  0.00000000E+00 -5.47287048E-02
    0.757000      1   0.00000000E+00  0.00000000E+00  2.67092234E-03  0.00000000E+00  0.00000000E+00  0.00000000E+00  0.00000000E+00  0.00000000E+00  9.39695549E-02  0.00000000E+00  0.00000000E+00 -5.47506573E-02
    0.758000      1   0.00000000E+00  0.00000000E+00  2.71701361E-03  0.00000000E+00  0.00000000E+00  0.00000000E+00  0.00000000E+00  0.00000000E+00  9.39147899E-02  0.00000000E+00  0.00000000E+00 -5.47649628E-02
    0.759000      1   0.00000000E+00  0.00000000E+00  2.68761811E-03  0.00000000E+00  0.00000000E+00  0.00000000E+00  0.00000000E+00  0.00000000E+00  9.38600250E-02  0.00000000E+00  0.00000000E+00 -5.47649524E-02
    0.760000      1   0.00000000E+00  0.00000000E+00  2.65785694E-03  0.00000000E+00  0.00000000E+00  0.00000000E+00  0.00000000E+00  0.00000000E+00  9.38052700E-02  0.00000000E+00  0.00000000E+00 -5.47550032E-02
    0.761000      1   0.00000000E+00  0.00000000E+00  2.62807134E-03  0.00000000E+00  0.00000000E+00  0.00000000E+00  0.00000000E+00  0.00000000E+00  9.37505100E-02  0.00000000E+00  0.00000000E+00 -5.47599708E-02
    0.762000      1   0.00000000E+00  0.00000000E+00  2.68991551E-03  0.00000000E+00  0.00000000E+00  0.00000000E+00  0.00000000E+00  0.00000000E+00  9.36957300E-02  0.00000000E+00  0.00000000E+00 -5.47799797E-02
    0.763000      1   0.00000000E+00  0.00000000E+00  2.70719695E-03  0.00000000E+00  0.00000000E+00  0.00000000E+00  0.00000000E+00  0.00000000E+00  9.36409312E-02  0.00000000E+00  0.00000000E+00 -5.47988342E-02
    0.764000      1   0.00000000E+00  0.00000000E+00  2.68991516E-03  0.00000000E+00  0.00000000E+00  0.00000000E+00  0.00000000E+00  0.00000000E+00  9.35861369E-02  0.00000000E+00  0.00000000E+00 -5.47943221E-02
    0.765000      1   0.00000000E+00  0.00000000E+00  2.65735698E-03  0.00000000E+00  0.00000000E+00  0.00000000E+00  0.00000000E+00  0.00000000E+00  9.35313497E-02  0.00000000E+00  0.00000000E+00 -5.47871906E-02
    0.766000      1   0.00000000E+00  0.00000000E+00  2.64263385E-03  0.00000000E+00  0.00000000E+00  0.00000000E+00  0.00000000E+00  0.00000000E+00  9.34765582E-02  0.00000000E+00  0.00000000E+00 -5.47914922E-02
    0.767000      1   0.00000000E+00  0.00000000E+00  2.67295148E-03  0.00000000E+00  0.00000000E+00  0.00000000E+00  0.00000000E+00  0.00000000E+00  9.34217491E-02  0.00000000E+00  0.00000000E+00 -5.48090901E-02
    0.768000      1   0.00000000E+00  0.00000000E+00  2.70432755E-03  0.00000000E+00  0.00000000E+00  0.00000000E+00  0.00000000E+00  0.00000000E+00  9.33669229E-02  0.00000000E+00  0.00000000E+00 -5.48261619E-02
    0.769000      1   0.00000000E+00  0.00000000E+00  2.70775658E-03  0.00000000E+00  0.00000000E+00  0.00000000E+00  0.00000000E+00  0.00000000E+00  9.33120952E-02  0.00000000E+00  0.00000000E+00 -5.48277285E-02
    0.770000      1   0.00000000E+00  0.00000000E+00  2.66126684E-03  0.00000000E+00  0.00000000E+00  0.00000000E+00  0.00000000E+00  0.00000000E+00  9.32572768E-02  0.00000000E+00  0.00000000E+00 -5.48183843E-02
    0.771000      1   0.00000000E+00  0.00000000E+00  2.62170736E-03  0.00000000E+00  0.00000000E+00  0.00000000E+00  0.00000000E+00  0.00000000E+00  9.32024607E-02  0.00000000E+00  0.00000000E+00 -5.48161351E-02
    0.772000      1   0.00000000E+00  0.00000000E+00  2.68908698E-03  0.00000000E+00  0.00000000E+00  0.00000000E+00  0.00000000E+00  0.00000000E+00  9.31476245E-02  0.00000000E+00  0.00000000E+00 -5.48361496E-02
    0.773000      1   0.00000000E+00  0.00000000E+00  2.69787881E-03  0.00000000E+00  0.00000000E+00  0.00000000E+00  0.00000000E+00  0.00000000E+00  9.30927673E-02  0.00000000E+00  0.00000000E+00 -5.48572406E-02
    0.774000      1   0.00000000E+00  0.00000000E+00  2.70126376E-03  0.00000000E+00  0.00000000E+00  0.00000000E+00  0.00000000E+00  0.00000000E+00  9.30379126E-02  0.00000000E+00  0.00000000E+00 -5.48546484E-02
    0.775000      1   0.00000000E+00  0.00000000E+00  2.66639449E-03  0.00000000E+00  0.00000000E+00  0.00000000E+00  0.00000000E+00  0.00000000E+00  9.29830641E-02  0.00000000E+00  0.00000000E+00 -5.48485703E-02
    0.776000      1   0.00000000E+00  0.00000000E+00  2.63338658E-03  0.00000000E+00  0.00000000E+00  0.00000000E+00  0.00000000E+00  0.00000000E+00  9.29282165E-02  0.00000000E+00  0.00000000E+00 -5.48475467E-02
    0.777000      1   0.00000000E+00  0.00000000E+00  2.67299240E-03  0.00000000E+00  0.00000000E+00  0.00000000E+00  0.00000000E+00  0.00000000E+00  9.28733527E-02  0.00000000E+00  0.00000000E+00 -5.48638118E-02
    0.778000      1   0.00000000E+00  0.00000000E+00  2.69890579E-03  0.00000000E+00  0.00000000E+00  0.00000000E+00  0.00000000E+00  0.00000000E+00  9.28184688E-02  0.00000000E+00  0.00000000E+00 -5.48839133E-02
    0.779000      1   0.00000000E+00  0.00000000E+00  2.70549596E-03  0.00000000E+00  0.00000000E+00  0.00000000E+00  0.00000000E+00  0.00000000E+00  9.27635824E-02  0.00000000E+00  0.00000000E+00 -5.48864252E-02
    0.780000      1   0.00000000E+00  0.00000000E+00  2.66896656E-03  0.00000000E+00  0.00000000E+00  0.00000000E+00  0.00000000E+00  0.00000000E+00  9.27087031E-02  0.00000000E+00  0.00000000E+00 -5.48792614E-02
    0.781000      1   0.00000000E+00  0.00000000E+00  2.62355664E-03  0.00000000E+00  0.00000000E+00  0.00000000E+00  0.00000000E+00  0.00000000E+00  9.26538267E-02  0.00000000E+00  0.00000000E+00 -5.48763930E-02
    0.782000      1   0.00000000E+00  0.00000000E+00  2.68661554E-03  0.00000000E+00  0.00000000E+00  0.00000000E+00  0.00000000E+00  0.00000000E+00  9.25989332E-02  0.00000000E+00  0.00000000E+00 -5.48935517E-02
    0.783000      1   0.00000000E+00  0.00000000E+00  2.68721419E-03  0.00000000E+00  0.00000000E+00  0.00000000E+00  0.00000000E+00  0.00000000E+00  9.25440187E-02  0.00000000E+00  0.00000000E+00 -5.49144725E-02
    0.784000      1   0.00000000E+00  0.00000000E+00  2.71230400E-03  0.00000000E+00  0.00000000E+00  0.00000000E+00  0.00000000E+00  0.00000000E+00  9.24891041E-02  0.00000000E+00  0.00000000E+00 -5.49145779E-02
    0.785000      1   0.00000000E+00  0.00000000E+00  2.66542700E-03  0.00000000E+00  0.00000000E+00  0.00000000E+00  0.00000000E+00  0.00000000E+00  9.24341941E-02  0.00000000E+00  0.00000000E+00 -5.49100498E-02
    0.786000      1   0.00000000E+00  0.00000000E+00  2.63406065E-03  0.00000000E+00  0.00000000E+00  0.00000000E+00  0.00000000E+00  0.00000000E+00  9.23792885E-02  0.00000000E+00  0.00000000E+00 -5.49055715E-02
    0.787000      1   0.00000000E+00  0.00000000E+00  2.66735096E-03  0.00000000E+00  0.00000000E+00  0.00000000E+00  0.00000000E+00  0.00000000E+00  9.23243665E-02  0.00000000E+00  0.00000000E+00 -5.49220352E-02
    0.788000      1   0.00000000E+00  0.00000000E+00  2.69190098E-03  0.00000000E+00  0.00000000E+00  0.00000000E+00  0.00000000E+00  0.00000000E+00  9.22694235E-02  0.00000000E+00  0.00000000E+00 -5.49429129E-02
    0.789000      1   0.00000000E+00  0.00000000E+00  2.71664935E-03  0.00000000E+00  0.00000000E+00  0.00000000E+00  0.00000000E+00  0.00000000E+00  9.22144750E-02  0.00000000E+00  0.00000000E+00 -5.49485163E-02
    0.790000      1   0.00000000E+00  0.00000000E+00  2.67384920E-03  0.00000000E+00  0.00000000E+00  0.00000000E+00  0.00000000E+00  0.00000000E+00  9.21595333E-02  0.00000000E+00  0.00000000E+00 -5.49416806E-02
    0.791000      1   0.00000000E+00  0.00000000E+00  2.62616824E-03  0.00000000E+00  0.00000000E+00  0.00000000E+00  0.00000000E+00  0.00000000E+00  9.21045991E-02  0.00000000E+00  0.00000000E+00 -5.49342859E-02
    0.792000      1   0.00000000E+00  0.00000000E+00  2.66904616E-03  0.00000000E+00  0.00000000E+00  0.00000000E+00  0.00000000E+00  0.00000000E+00  9.20496497E-02  0.00000000E+00  0.00000000E+00 -5.49493792E-02
    0.793000      1   0.00000000E+00  0.00000000E+00  2.69912739E-03  0.00000000E+00  0.00000000E+00  0.00000000E+00  0.00000000E+00  0.00000000E+00  9.19946771E-02  0.00000000E+00  0.00000000E+00 -5.49725492E-02
    0.794000      1   0.00000000E+00  0.00000000E+00  2.71043623E-03  0.00000000E+00  0.00000000E+00  0.00000000E+00  0.00000000E+00  0.00000000E+00  9.19397008E-02  0.00000000E+00  0.00000000E+00 -5.49763179E-02
    0.795000      1   0.00000000E+00  0.00000000E+00  2.67644755E-03  0.00000000E+00  0.00000000E+00  0.00000000E+00  0.00000000E+00  0.00000000E+00  9.18847326E-02  0.00000000E+00  0.00000000E+00 -5.49682077E-02
    0.796000      1   0.00000000E+00  0.00000000E+00  2.62625415E-03  0.00000000E+00  0.00000000E+00  0.00000000E+00  0.00000000E+00  0.00000000E+00  9.18297702E-02  0.00000000E+00  0.00000000E+00 -5.49623939E-02
    0.797000      1   0.00000000E+00  0.00000000E+00  2.66746520E-03  0.00000000E+00  0.00000000E+00  0.00000000E+00  0.00000000E+00  0.00000000E+00  9.17747936E-02  0.00000000E+00  0.00000000E+00 -5.49766188E-02
    0.798000      1   0.00000000E+00  0.00000000E+00  2.69053393E-03  0.00000000E+00  0.00000000E+00  0.00000000E+00  0.00000000E+00  0.00000000E+00  9.17197935E-02  0.00000000E+00  0.00000000E+00 -5.50000401E-02
    0.799000      1   0.00000000E+00  0.00000000E+00  2.71661450E-03  0.00000000E+00  0.00000000E+00  0.00000000E+00  0.00000000E+00  0.00000000E+00  9.16647877E-02  0.00000000E+00  0.00000000E+00 -5.50058477E-02
    0.800000      1   0.00000000E+00  0.00000000E+00  2.68535333E-03  0.00000000E+00  0.00000000E+00  0.00000000E+00  0.00000000E+00  0.00000000E+00  9.16097882E-02  0.00000000E+00  0.00000000E+00 -5.49994671E-02
    0.801000      1   0.00000000E+00  0.00000000E+00  2.62206023E-03  0.00000000E+00  0.00000000E+00  0.00000000E+00  0.00000000E+00  0.00000000E+00  9.15547982E-02  0.00000000E+00  0.00000000E+00 -5.49900495E-02
    0.802000      1   0.00000000E+00  0.00000000E+00  2.66926396E-03  0.00000000E+00  0.00000000E+00  0.00000000E+00  0.00000000E+00  0.00000000E+00  9.14997961E-02  0.00000000E+00  0.00000000E+00 -5.50020911E-02
    0.803000      1   0.00000000E+00  0.00000000E+00  2.69232128E-03  0.00000000E+00  0.00000000E+00  0.00000000E+00  0.00000000E+00  0.00000000E+00  9.14447695E-02  0.00000000E+00  0.00000000E+00 -5.50265717E-02
    0.804000      1   0.00000000E+00  0.00000000E+00  2.71305339E-03  0.00000000E+00  0.00000000E+00  0.00000000E+00  0.00000000E+00  0.00000000E+00  9.13897380E-02  0.00000000E+00  0.00000000E+00 -5.50314725E-02
    0.805000      1   0.00000000E+00  0.00000000E+00  2.68393108E-03  0.00000000E+00  0.00000000E+00  0.00000000E+00  0.00000000E+00  0.00000000E+00  9.13347129E-02  0.00000000E+00  0.00000000E+00 -5.50251347E-02
    0.806000      1   0.00000000E+00  0.00000000E+00  2.62501702E-03  0.00000000E+00  0.00000000E+00  0.00000000E+00  0.00000000E+00  0.00000000E+00  9.12796958E-02  0.00000000E+00  0.00000000E+00 -5.50171381E-02
    0.807000      1   0.00000000E+00  0.00000000E+00  2.66939815E-03  0.00000000E+00  0.00000000E+00  0.00000000E+00  0.00000000E+00  0.00000000E+00  9.12246667E-02  0.00000000E+00  0.00000000E+00 -5.50291239E-02
    0.808000      1   0.00000000E+00  0.00000000E+00  2.68454846E-03  0.00000000E+00  0.00000000E+00  0.00000000E+00  0.00000000E+00  0.00000000E+00  9.11696140E-02  0.00000000E+00  0.00000000E+00 -5.50526098E-02
    0.809000      1   0.00000000E+00  0.00000000E+00  2.71641578E-03  0.00000000E+00  0.00000000E+00  0.00000000E+00  0.00000000E+00  0.00000000E+00  9.11145552E-02  0.00000000E+00  0.00000000E+00 -5.50588410E-02
    0.810000      1   0.00000000E+00  0.00000000E+00  2.69395368E-03  0.00000000E+00  0.00000000E+00  0.00000000E+00  0.00000000E+00  0.00000000E+00  9.10595007E-02  0.00000000E+00  0.00000000E+00 -5.50544613E-02
    0.811000      1   0.00000000E+00  0.00000000E+00  2.62104175E-03  0.00000000E+00  0.00000000E+00  0.00000000E+00  0.00000000E+00  0.00000000E+00  9.10044572E-02  0.00000000E+00  0.00000000E+00 -5.50435880E-02
    0.812000      1   0.00000000E+00  0.00000000E+00  2.66323080E-03  0.00000000E+00  0.00000000E+00  0.00000000E+00  0.00000000E+00  0.00000000E+00  9.09494042E-02  0.00000000E+00  0.00000000E+00 -5.50529853E-02
    0.813000      1   0.00000000E+00  0.00000000E+00  2.69453424E-03  0.00000000E+00  0.00000000E+00  0.00000000E+00  0.00000000E+00  0.00000000E+00  9.08943253E-02  0.00000000E+00  0.00000000E+00 -5.50788673E-02
    0.814000      1   0.00000000E+00  0.00000000E+00  2.71173151E-03  0.00000000E+00  0.00000000E+00  0.00000000E+00  0.00000000E+00  0.00000000E+00  9.08392399E-02  0.00000000E+00  0.00000000E+00 -5.50853581E-02
    0.815000      1   0.00000000E+00  0.00000000E+00  2.69308002E-03  0.00000000E+00  0.00000000E+00  0.00000000E+00  0.00000000E+00  0.00000000E+00  9.07841614E-02  0.00000000E+00  0.00000000E+00 -5.50785273E-02
    0.816000      1   0.00000000E+00  0.00000000E+00  2.62737911E-03  0.00000000E+00  0.00000000E+00  0.00000000E+00  0.00000000E+00  0.00000000E+00  9.07290921E-02  0.00000000E+00  0.00000000E+00 -5.50693469E-02
    0.817000      1   0.00000000E+00  0.00000000E+00  2.65927493E-03  0.00000000E+00  0.00000000E+00  0.00000000E+00  0.00000000E+00  0.00000000E+00  9.06740142E-02  0.00000000E+00  0.00000000E+00 -5.50779104E-02
    0.818000      1   0.00000000E+00  0.00000000E+00  2.68916738E-03  0.00000000E+00  0.00000000E+00  0.00000000E+00  0.00000000E+00  0.00000000E+00  9.06189117E-02  0.00000000E+00  0.00000000E+00 -5.51024107E-02
    0.819000      1   0.00000000E+00  0.00000000E+00  2.71571943E-03  0.00000000E+00  0.00000000E+00  0.00000000E+00  0.00000000E+00  0.00000000E+00  9.05638006E-02  0.00000000E+00  0.00000000E+00 -5.51111497E-02
    0.820000      1   0.00000000E+00  0.00000000E+00  2.69811021E-03  0.00000000E+00  0.00000000E+00  0.00000000E+00  0.00000000E+00  0.00000000E+00  9.05086952E-02  0.00000000E+00  0.00000000E+00 -5.51053762E-02
    0.821000      1   0.00000000E+00  0.00000000E+00  2.62431492E-03  0.00000000E+00  0.00000000E+00  0.00000000E+00  0.00000000E+00  0.00000000E+00  9.04536012E-02  0.00000000E+00  0.00000000E+00 -5.50939966E-02
    0.822000      1   0.00000000E+00  0.00000000E+00  2.65602050E-03  0.00000000E+00  0.00000000E+00  0.00000000E+00  0.00000000E+00  0.00000000E+00  9.03984998E-02  0.00000000E+00  0.00000000E+00 -5.51014500E-02
    0.823000      1   0.00000000E+00  0.00000000E+00  2.70042061E-03  0.00000000E+00  0.00000000E+00  0.00000000E+00  0.00000000E+00  0.00000000E+00  9.03433722E-02  0.00000000E+00  0.00000000E+00 -5.51275321E-02
    0.824000      1   0.00000000E+00  0.00000000E+00  2.70701230E-03  0.00000000E+00  0.00000000E+00  0.00000000E+00  0.00000000E+00  0.00000000E+00  9.02882369E-02  0.00000000E+00  0.00000000E+00 -5.51353500E-02
    0.825000      1   0.00000000E+00  0.00000000E+00  2.69806765E-03  0.00000000E+00  0.00000000E+00  0.00000000E+00  0.00000000E+00  0.00000000E+00  9.02331095E-02  0.00000000E+00  0.00000000E+00 -5.51274205E-02
    0.826000      1   0.00000000E+00  0.00000000E+00  2.62544002E-03  0.00000000E+00  0.00000000E+00  0.00000000E+00  0.00000000E+00  0.00000000E+00  9.01779906E-02  0.00000000E+00  0.00000000E+00 -5.51189079E-02
    0.827000      1   0.00000000E+00  0.00000000E+00  2.66227812E-03  0.00000000E+00  0.00000000E+00  0.00000000E+00  0.00000000E+00  0.00000000E+00  9.01228644E-02  0.00000000E+00  0.00000000E+00 -5.51261764E-02
    0.828000      1   0.00000000E+00  0.00000000E+00  2.68738095E-03  0.00000000E+00  0.00000000E+00  0.00000000E+00  0.00000000E+00  0.00000000E+00  9.00677136E-02  0.00000000E+00  0.00000000E+00 -5.51507824E-02
    0.829000      1   0.00000000E+00  0.00000000E+00  2.71245253E-03  0.00000000E+00  0.00000000E+00  0.00000000E+00  0.00000000E+00  0.00000000E+00  9.00125548E-02  0.00000000E+00  0.00000000E+00 -5.51588510E-02
    0.830000      1   0.00000000E+00  0.00000000E+00  2.70334687E-03  0.00000000E+00  0.00000000E+00  0.00000000E+00  0.00000000E+00  0.00000000E+00  8.99574005E-02  0.00000000E+00  0.00000000E+00 -5.51542419E-02
    0.831000      1   0.00000000E+00  0.00000000E+00  2.62804716E-03  0.00000000E+00  0.00000000E+00  0.00000000E+00  0.00000000E+00  0.00000000E+00  8.99022575E-02  0.00000000E+00  0.00000000E+00 -5.51430092E-02
    0.832000      1   0.00000000E+00  0.00000000E+00  2.65637397E-03  0.00000000E+00  0.00000000E+00  0.00000000E+00  0.00000000E+00  0.00000000E+00  8.98471094E-02  0.00000000E+00  0.00000000E+00 -5.51480828E-02
    0.833000      1   0.00000000E+00  0.00000000E+00  2.69368439E-03  0.00000000E+00  0.00000000E+00  0.00000000E+00  0.00000000E+00  0.00000000E+00  8.97919365E-02  0.00000000E+00  0.00000000E+00 -5.51728766E-02
    0.834000      1   0.00000000E+00  0.00000000E+00  2.70904814E-03  0.00000000E+00  0.00000000E+00  0.00000000E+00  0.00000000E+00  0.00000000E+00  8.97367548E-02  0.00000000E+00  0.00000000E+00 -5.51817696E-02
    0.835000      1   0.00000000E+00  0.00000000E+00  2.69771262E-03  0.00000000E+00  0.00000000E+00  0.00000000E+00  0.00000000E+00  0.00000000E+00  8.96815791E-02  0.00000000E+00  0.00000000E+00 -5.51756924E-02
    0.836000      1   0.00000000E+00  0.00000000E+00  2.63320835E-03  0.00000000E+00  0.00000000E+00  0.00000000E+00  0.00000000E+00  0.00000000E+00  8.96264125E-02  0.00000000E+00  0.00000000E+00 -5.51665741E-02
    0.837000      1   0.00000000E+00  0.00000000E+00  2.66382440E-03  0.00000000E+00  0.00000000E+00  0.00000000E+00  0.00000000E+00  0.00000000E+00  8.95712399E-02  0.00000000E+00  0.00000000E+00 -5.51725853E-02
    0.838000      1   0.00000000E+00  0.00000000E+00  2.67801219E-03  0.00000000E+00  0.00000000E+00  0.00000000E+00  0.00000000E+00  0.00000000E+00  8.95160456E-02  0.00000000E+00  0.00000000E+00 -5.51943667E-02
    0.839000      1   0.00000000E+00  0.00000000E+00  2.72135158E-03  0.00000000E+00  0.00000000E+00  0.00000000E+00  0.00000000E+00  0.00000000E+00  8.94608420E-02  0.00000000E+00  0.00000000E+00 -5.52035843E-02
    0.840000      1   0.00000000E+00  0.00000000E+00  2.69578057E-03  0.00000000E+00  0.00000000E+00  0.00000000E+00  0.00000000E+00  0.00000000E+00  8.94056415E-02  0.00000000E+00  0.00000000E+00 -5.52004783E-02
    0.841000      1   0.00000000E+00  0.00000000E+00  2.63885901E-03  0.00000000E+00  0.00000000E+00  0.00000000E+00  0.00000000E+00  0.00000000E+00  8.93504538E-02  0.00000000E+00  0.00000000E+00 -5.51876610E-02
    0.842000      1   0.00000000E+00  0.00000000E+00  2.64722766E-03  0.00000000E+00  0.00000000E+00  0.00000000E+00  0.00000000E+00  0.00000000E+00  8.92952605E-02  0.00000000E+00  0.00000000E+00 -5.51933075E-02
    0.843000      1   0.00000000E+00  0.00000000E+00  2.70197395E-03  0.00000000E+00  0.00000000E+00  0.00000000E+00  0.00000000E+00  0.00000000E+00  8.92400444E-02  0.00000000E+00  0.00000000E+00 -5.52161680E-02
    0.844000      1   0.00000000E+00  0.00000000E+00  2.70655022E-03  0.00000000E+00  0.00000000E+00  0.00000000E+00  0.00000000E+00  0.00000000E+00  8.91848178E-02  0.00000000E+00  0.00000000E+00 -5.52265989E-02
    0.845000      1   0.00000000E+00  0.00000000E+00  2.69651768E-03  0.00000000E+00  0.00000000E+00  0.00000000E+00  0.00000000E+00  0.00000000E+00  8.91295995E-02  0.00000000E+00  0.00000000E+00 -5.52182410E-02
    0.846000      1   0.00000000E+00  0.00000000E+00  2.63768496E-03  0.00000000E+00  0.00000000E+00  0.00000000E+00  0.00000000E+00  0.00000000E+00  8.90743894E-02  0.00000000E+00  0.00000000E+00 -5.52101543E-02
    0.847000      1   0.00000000E+00  0.00000000E+00  2.66097058E-03  0.00000000E+00  0.00000000E+00  0.00000000E+00  0.00000000E+00  0.00000000E+00  8.90191736E-02  0.00000000E+00  0.00000000E+00 -5.52157664E-02
    0.848000      1   0.00000000E+00  0.00000000E+00  2.68258053E-03  0.00000000E+00  0.00000000E+00  0.00000000E+00  0.00000000E+00  0.00000000E+00  8.89639370E-02  0.00000000E+00  0.00000000E+00 -5.52365822E-02
    0.849000      1   0.00000000E+00  0.00000000E+00  2.71476334E-03  0.00000000E+00  0.00000000E+00  0.00000000E+00  0.00000000E+00  0.00000000E+00  8.89086911E-02  0.00000000E+00  0.00000000E+00 -5.52459292E-02
    0.850000      1   0.00000000E+00  0.00000000E+00  2.70235552E-03  0.00000000E+00  0.00000000E+00  0.00000000E+00  0.00000000E+00  0.00000000E+00  8.88534486E-02  0.00000000E+00  0.00000000E+00 -5.52424879E-02
    0.851000      1   0.00000000E+00  0.00000000E+00  2.63962323E-03  0.00000000E+00  0.00000000E+00  0.00000000E+00  0.00000000E+00  0.00000000E+00  8.87982179E-02  0.00000000E+00  0.00000000E+00 -5.52306716E-02
    0.852000      1   0.00000000E+00  0.00000000E+00  2.64416731E-03  0.00000000E+00  0.00000000E+00  0.00000000E+00  0.00000000E+00  0.00000000E+00  8.87429839E-02  0.00000000E+00  0.00000000E+00 -5.52340237E-02
    0.853000      1   0.00000000E+00  0.00000000E+00  2.70040512E-03  0.00000000E+00  0.00000000E+00  0.00000000E+00  0.00000000E+00  0.00000000E+00  8.86877267E-02  0.00000000E+00  0.00000000E+00 -5.52571744E-02
    0.854000      1   0.00000000E+00  0.00000000E+00  2.70796292E-03  0.00000000E+00  0.00000000E+00  0.00000000E+00  0.00000000E+00  0.00000000E+00  8.86324578E-02  0.00000000E+00  0.00000000E+00 -5.52688877E-02
    0.855000      1   0.00000000E+00  0.00000000E+00  2.69851862E-03  0.00000000E+00  0.00000000E+00  0.00000000E+00  0.00000000E+00  0.00000000E+00  8.85771970E-02  0.00000000E+00  0.00000000E+00 -5.52607952E-02
    0.856000      1   0.00000000E+00  0.00000000E+00  2.63879883E-03  0.00000000E+00  0.00000000E+00  0.00000000E+00  0.00000000E+00  0.00000000E+00  8.85219452E-02  0.00000000E+00  0.00000000E+00 -5.52518908E-02
    0.857000      1   0.00000000E+00  0.00000000E+00  2.65768723E-03  0.00000000E+00  0.00000000E+00  0.00000000E+00  0.00000000E+00  0.00000000E+00  8.84666885E-02  0.00000000E+00  0.00000000E+00 -5.52566487E-02
    0.858000      1   0.00000000E+00  0.00000000E+00  2.67767660E-03  0.00000000E+00  0.00000000E+00  0.00000000E+00  0.00000000E+00  0.00000000E+00  8.84114108E-02  0.00000000E+00  0.00000000E+00 -5.52776793E-02
    0.859000      1   0.00000000E+00  0.00000000E+00  2.72010918E-03  0.00000000E+00  0.00000000E+00  0.00000000E+00  0.00000000E+00  0.00000000E+00  8.83561219E-02  0.00000000E+00  0.00000000E+00 -5.52889718E-02
    0.860000      1   0.00000000E+00  0.00000000E+00  2.70078159E-03  0.00000000E+00  0.00000000E+00  0.00000000E+00  0.00000000E+00  0.00000000E+00  8.83008357E-02  0.00000000E+00  0.00000000E+00 -5.52861958E-02
    0.861000      1   0.00000000E+00  0.00000000E+00  2.64870687E-03  0.00000000E+00  0.00000000E+00  0.00000000E+00  0.00000000E+00  0.00000000E+00  8.82455628E-02  0.00000000E+00  0.00000000E+00 -5.52729021E-02
    0.862000      1   0.00000000E+00  0.00000000E+00  2.63501942E-03  0.00000000E+00  0.00000000E+00  0.00000000E+00  0.00000000E+00  0.00000000E+00  8.81902876E-02  0.00000000E+00  0.00000000E+00 -5.52751648E-02
    0.863000      1   0.00000000E+00  0.00000000E+00  2.69937616E-03  0.00000000E+00  0.00000000E+00  0.00000000E+00  0.00000000E+00  0.00000000E+00  8.81349906E-02  0.00000000E+00  0.00000000E+00 -5.52969500E-02
    0.864000      1   0.00000000E+00  0.00000000E+00  2.71058724E-03  0.00000000E+00  0.00000000E+00  0.00000000E+00  0.00000000E+00  0.00000000E+00  8.80796788E-02  0.00000000E+00  0.00000000E+00 -5.53118496E-02
    0.865000      1   0.00000000E+00  0.00000000E+00  2.69296113E-03  0.00000000E+00  0.00000000E+00  0.00000000E+00  0.00000000E+00  0.00000000E+00  8.80243752E-02  0.00000000E+00  0.00000000E+00 -5.53036309E-02
    0.866000      1   0.00000000E+00  0.00000000E+00  2.65406548E-03  0.00000000E+00  0.00000000E+00  0.00000000E+00  0.00000000E+00  0.00000000E+00  8.79690803E-02  0.00000000E+00  0.00000000E+00 -5.52948474E-02
    0.867000      1   0.00000000E+00  0.00000000E+00  2.65349606E-03  0.00000000E+00  0.00000000E+00  0.00000000E+00  0.00000000E+00  0.00000000E+00  8.79137816E-02  0.00000000E+00  0.00000000E+00 -5.52987308E-02
    0.868000      1   0.00000000E+00  0.00000000E+00  2.67153372E-03  0.00000000E+00  0.00000000E+00  0.00000000E+00  0.00000000E+00  0.00000000E+00  8.78584661E-02  0.00000000E+00  0.00000000E+00 -5.53154888E-02
    0.869000      1   0.00000000E+00  0.00000000E+00  2.72137340E-03  0.00000000E+00  0.00000000E+00  0.00000000E+00  0.00000000E+00  0.00000000E+00  8.78031368E-02  0.00000000E+00  0.00000000E+00 -5.53292440E-02
    0.870000      1   0.00000000E+00  0.00000000E+00  2.69890887E-03  0.00000000E+00  0.00000000E+00  0.00000000E+00  0.00000000E+00  0.00000000E+00  8.77478086E-02  0.00000000E+00  0.00000000E+00 -5.53282618E-02
    0.871000      1   0.00000000E+00  0.00000000E+00  2.65750438E-03  0.00000000E+00  0.00000000E+00  0.00000000E+00  0.00000000E+00  0.00000000E+00  8.76924937E-02  0.00000000E+00  0.00000000E+00 -5.53148841E-02
    0.872000      1   0.00000000E+00  0.00000000E+00  2.63437373E-03  0.00000000E+00  0.00000000E+00  0.00000000E+00  0.00000000E+00  0.00000000E+00  8.76371775E-02  0.00000000E+00  0.00000000E+00 -5.53162060E-02
    0.873000      1   0.00000000E+00  0.00000000E+00  2.69383813E-03  0.00000000E+00  0.00000000E+00  0.00000000E+00  0.00000000E+00  0.00000000E+00  8.75818423E-02  0.00000000E+00  0.00000000E+00 -5.53352162E-02
    0.874000      1   0.00000000E+00  0.00000000E+00  2.71137935E-03  0.00000000E+00  0.00000000E+00  0.00000000E+00  0.00000000E+00  0.00000000E+00  8.75264910E-02  0.00000000E+00  0.00000000E+00 -5.53513072E-02
    0.875000      1   0.00000000E+00  0.00000000E+00  2.69170572E-03  0.00000000E+00  0.00000000E+00  0.00000000E+00  0.00000000E+00  0.00000000E+00  8.74711462E-02  0.00000000E+00  0.00000000E+00 -5.53447672E-02
    0.876000      1   0.00000000E+00  0.00000000E+00  2.65941724E-03  0.00000000E+00  0.00000000E+00  0.00000000E+00  0.00000000E+00  0.00000000E+00  8.74158103E-02  0.00000000E+00  0.00000000E+00 -5.53359456E-02
    0.877000      1   0.00000000E+00  0.00000000E+00  2.64967166E-03  0.00000000E+00  0.00000000E+00  0.00000000E+00  0.00000000E+00  0.00000000E+00  8.73604710E-02  0.00000000E+00  0.00000000E+00 -5.53392948E-02
    0.878000      1   0.00000000E+00  0.00000000E+00  2.67321435E-03  0.00000000E+00  0.00000000E+00  0.00000000E+00  0.00000000E+00  0.00000000E+00  8.73051160E-02  0.00000000E+00  0.00000000E+00 -5.53549715E-02
    0.879000      1   0.00000000E+00  0.00000000E+00  2.72105002E-03  0.00000000E+00  0.00000000E+00  0.00000000E+00  0.00000000E+00  0.00000000E+00  8.72497463E-02  0.00000000E+00  0.00000000E+00 -5.53696855E-02
    0.880000      1   0.00000000E+00  0.00000000E+00  2.69408368E-03  0.00000000E+00  0.00000000E+00  0.00000000E+00  0.00000000E+00  0.00000000E+00  8.71943781E-02  0.00000000E+00  0.00000000E+00 -5.53682086E-02
    0.881000      1   0.00000000E+00  0.00000000E+00  2.66477451E-03  0.00000000E+00  0.00000000E+00  0.00000000E+00  0.00000000E+00  0.00000000E+00  8.71390223E-02  0.00000000E+00  0.00000000E+00 -5.53557904E-02
    0.882000      1   0.00000000E+00  0.00000000E+00  2.63114964E-03  0.00000000E+00  0.00000000E+00  0.00000000E+00  0.00000000E+00  0.00000000E+00  8.70836649E-02  0.00000000E+00  0.00000000E+00 -5.53574113E-02
    0.883000      1   0.00000000E+00  0.00000000E+00  2.69484380E-03  0.00000000E+00  0.00000000E+00  0.00000000E+00  0.00000000E+00  0.00000000E+00  8.70282903E-02  0.00000000E+00  0.00000000E+00 -5.53746040E-02
    0.884000      1   0.00000000E+00  0.00000000E+00  2.71244752E-03  0.00000000E+00  0.00000000E+00  0.00000000E+00  0.00000000E+00  0.00000000E+00  8.69728987E-02  0.00000000E+00  0.00000000E+00 -5.53915760E-02
    0.885000      1   0.00000000E+00  0.00000000E+00  2.69116808E-03  0.00000000E+00  0.00000000E+00  0.00000000E+00  0.00000000E+00  0.00000000E+00  8.69175142E-02  0.00000000E+00  0.00000000E+00 -5.53845169E-02
    0.886000      1   0.00000000E+00  0.00000000E+00  2.65895305E-03  0.00000000E+00  0.00000000E+00  0.00000000E+00  0.00000000E+00  0.00000000E+00  8.68621388E-02  0.00000000E+00  0.00000000E+00 -5.53754395E-02
    0.887000      1   0.00000000E+00  0.00000000E+00  2.65076478E-03  0.00000000E+00  0.00000000E+00  0.00000000E+00  0.00000000E+00  0.00000000E+00  8.68067597E-02  0.00000000E+00  0.00000000E+00 -5.53790474E-02
    0.888000      1   0.00000000E+00  0.00000000E+00  2.67541559E-03  0.00000000E+00  0.00000000E+00  0.00000000E+00  0.00000000E+00  0.00000000E+00  8.67513650E-02  0.00000000E+00  0.00000000E+00 -5.53946832E-02
    0.889000      1   0.00000000E+00  0.00000000E+00  2.71943290E-03  0.00000000E+00  0.00000000E+00  0.00000000E+00  0.00000000E+00  0.00000000E+00  8.66959564E-02  0.00000000E+00  0.00000000E+00 -5.54086490E-02
    0.890000      1   0.00000000E+00  0.00000000E+00  2.69917682E-03  0.00000000E+00  0.00000000E+00  0.00000000E+00  0.00000000E+00  0.00000000E+00  8.66405496E-02  0.00000000E+00  0.00000000E+00 -5.54067351E-02
    0.891000      1   0.00000000E+00  0.00000000E+00  2.66330762E-03  0.00000000E+00  0.00000000E+00  0.00000000E+00  0.00000000E+00  0.00000000E+00  8.65851557E-02  0.00000000E+00  0.00000000E+00 -5.53939473E-02
    0.892000      1   0.00000000E+00  0.00000000E+00  2.63039674E-03  0.00000000E+00  0.00000000E+00  0.00000000E+00  0.00000000E+00  0.00000000E+00  8.65297615E-02  0.00000000E+00  0.00000000E+00 -5.53941550E-02
    0.893000      1   0.00000000E+00  0.00000000E+00  2.69614303E-03  0.00000000E+00  0.00000000E+00  0.00000000E+00  0.00000000E+00  0.00000000E+00  8.64743496E-02  0.00000000E+00  0.00000000E+00 -5.54119626E-02
    0.894000      1   0.00000000E+00  0.00000000E+00  2.71078358E-03  0.00000000E+00  0.00000000E+00  0.00000000E+00  0.00000000E+00  0.00000000E+00  8.64189206E-02  0.00000000E+00  0.00000000E+00 -5.54289521E-02
    0.895000      1   0.00000000E+00  0.00000000E+00  2.69721932E-03  0.00000000E+00  0.00000000E+00  0.00000000E+00  0.00000000E+00  0.00000000E+00  8.63634989E-02  0.00000000E+00  0.00000000E+00 -5.54217605E-02
    0.896000      1   0.00000000E+00  0.00000000E+00  2.66033887E-03  0.00000000E+00  0.00000000E+00  0.00000000E+00  0.00000000E+00  0.00000000E+00  8.63080867E-02  0.00000000E+00  0.00000000E+00 -5.54121595E-02
    0.897000      1   0.00000000E+00  0.00000000E+00  2.64388770E-03  0.00000000E+00  0.00000000E+00  0.00000000E+00  0.00000000E+00  0.00000000E+00  8.62526732E-02  0.00000000E+00  0.00000000E+00 -5.54135350E-02
    0.898000      1   0.00000000E+00  0.00000000E+00  2.68234972E-03  0.00000000E+00  0.00000000E+00  0.00000000E+00  0.00000000E+00  0.00000000E+00  8.61972432E-02  0.00000000E+00  0.00000000E+00 -5.54299319E-02
    0.899000      1   0.00000000E+00  0.00000000E+00  2.71299135E-03  0.00000000E+00  0.00000000E+00  0.00000000E+00  0.00000000E+00  0.00000000E+00  8.61417983E-02  0.00000000E+00  0.00000000E+00 -5.54449300E-02
    0.900000      1   0.00000000E+00  0.00000000E+00  2.70381771E-03  0.00000000E+00  0.00000000E+00  0.00000000E+00  0.00000000E+00  0.00000000E+00  8.60863564E-02  0.00000000E+00  0.00000000E+00 -5.54418779E-02
    0.901000      1   0.00000000E+00  0.00000000E+00  2.66692488E-03  0.00000000E+00  0.00000000E+00  0.00000000E+00  0.00000000E+00  0.00000000E+00  8.60309260E-02  0.00000000E+00  0.00000000E+00 -5.54303849E-02
    0.902000      1   0.00000000E+00  0.00000000E+00  2.62524018E-03  0.00000000E+00  0.00000000E+00  0.00000000E+00  0.00000000E+00  0.00000000E+00  8.59754976E-02  0.00000000E+00  0.00000000E+00 -5.54284288E-02
    0.903000      1   0.00000000E+00  0.00000000E+00  2.70099249E-03  0.00000000E+00  0.00000000E+00  0.00000000E+00  0.00000000E+00  0.00000000E+00  8.59200517E-02  0.00000000E+00  0.00000000E+00 -5.54459603E-02
    0.904000      1   0.00000000E+00  0.00000000E+00  2.70601879E-03  0.00000000E+00  0.00000000E+00  0.00000000E+00  0.00000000E+00  0.00000000E+00  8.58645879E-02  0.00000000E+00  0.00000000E+00 -5.54637857E-02
    0.905000      1   0.00000000E+00  0.00000000E+00  2.70099081E-03  0.00000000E+00  0.00000000E+00  0.00000000E+00  0.00000000E+00  0.00000000E+00  8.58091320E-02  0.00000000E+00  0.00000000E+00 -5.54558441E-02
    0.906000      1   0.00000000E+00  0.00000000E+00  2.65955742E-03  0.00000000E+00  0.00000000E+00  0.00000000E+00  0.00000000E+00  0.00000000E+00  8.57536849E-02  0.00000000E+00  0.00000000E+00 -5.54471410E-02
    0.907000      1   0.00000000E+00  0.00000000E+00  2.64841443E-03  0.00000000E+00  0.00000000E+00  0.00000000E+00  0.00000000E+00  0.00000000E+00  8.56982375E-02  0.00000000E+00  0.00000000E+00 -5.54474161E-02
    0.908000      1   0.00000000E+00  0.00000000E+00  2.67769594E-03  0.00000000E+00  0.00000000E+00  0.00000000E+00  0.00000000E+00  0.00000000E+00  8.56427742E-02  0.00000000E+00  0.00000000E+00 -5.54632691E-02
    0.909000      1   0.00000000E+00  0.00000000E+00  2.71052833E-03  0.00000000E+00  0.00000000E+00  0.00000000E+00  0.00000000E+00  0.00000000E+00  8.55872966E-02  0.00000000E+00  0.00000000E+00 -5.54776035E-02
    0.910000      1   0.00000000E+00  0.00000000E+00  2.71082746E-03  0.00000000E+00  0.00000000E+00  0.00000000E+00  0.00000000E+00  0.00000000E+00  8.55318201E-02  0.00000000E+00  0.00000000E+00 -5.54765153E-02
    0.911000      1   0.00000000E+00  0.00000000E+00  2.66357878E-03  0.00000000E+00  0.00000000E+00  0.00000000E+00  0.00000000E+00  0.00000000E+00  8.54763555E-02  0.00000000E+00  0.00000000E+00 -5.54645917E-02
    0.912000      1   0.00000000E+00  0.00000000E+00  2.62634764E-03  0.00000000E+00  0.00000000E+00  0.00000000E+00  0.00000000E+00  0.00000000E+00  8.54208946E-02  0.00000000E+00  0.00000000E+00 -5.54609252E-02
    0.913000      1   0.00000000E+00  0.00000000E+00  2.70055836E-03  0.00000000E+00  0.00000000E+00  0.00000000E+00  0.00000000E+00  0.00000000E+00  8.53654152E-02  0.00000000E+00  0.00000000E+00 -5.54793597E-02
    0.914000      1   0.00000000E+00  0.00000000E+00  2.70424477E-03  0.00000000E+00  0.00000000E+00  0.00000000E+00  0.00000000E+00  0.00000000E+00  8.53099183E-02  0.00000000E+00  0.00000000E+00 -5.54968982E-02
    0.915000      1   0.00000000E+00  0.00000000E+00  2.70568503E-03  0.00000000E+00  0.00000000E+00  0.00000000E+00  0.00000000E+00  0.00000000E+00  8.52544289E-02  0.00000000E+00  0.00000000E+00 -5.54894129E-02
    0.916000      1   0.00000000E+00  0.00000000E+00  2.65665317E-03  0.00000000E+00  0.00000000E+00  0.00000000E+00  0.00000000E+00  0.00000000E+00  8.51989484E-02  0.00000000E+00  0.00000000E+00 -5.54804622E-02
    0.917000      1   0.00000000E+00  0.00000000E+00  2.65031401E-03  0.00000000E+00  0.00000000E+00  0.00000000E+00  0.00000000E+00  0.00000000E+00  8.51434687E-02  0.00000000E+00  0.00000000E+00 -5.54797093E-02
    0.918000      1   0.00000000E+00  0.00000000E+00  2.67666038E-03  0.00000000E+00  0.00000000E+00  0.00000000E+00  0.00000000E+00  0.00000000E+00  8.50879725E-02  0.00000000E+00  0.00000000E+00 -5.54961801E-02
    0.919000      1   0.00000000E+00  0.00000000E+00  2.71178655E-03  0.00000000E+00  0.00000000E+00  0.00000000E+00  0.00000000E+00  0.00000000E+00  8.50324625E-02  0.00000000E+00  0.00000000E+00 -5.55100738E-02
    0.920000      1   0.00000000E+00  0.00000000E+00  2.71052904E-03  0.00000000E+00  0.00000000E+00  0.00000000E+00  0.00000000E+00  0.00000000E+00  8.49769534E-02  0.00000000E+00  0.00000000E+00 -5.55091033E-02
    0.921000      1   0.00000000E+00  0.00000000E+00  2.66482572E-03  0.00000000E+00  0.00000000E+00  0.00000000E+00  0.00000000E+00  0.00000000E+00  8.49214565E-02  0.00000000E+00  0.00000000E+00 -5.54968192E-02
    0.922000      1   0.00000000E+00  0.00000000E+00  2.62699386E-03  0.00000000E+00  0.00000000E+00  0.00000000E+00  0.00000000E+00  0.00000000E+00  8.48659635E-02  0.00000000E+00  0.00000000E+00 -5.54930301E-02
    0.923000      1   0.00000000E+00  0.00000000E+00  2.69920705E-03  0.00000000E+00  0.00000000E+00  0.00000000E+00  0.00000000E+00  0.00000000E+00  8.48104526E-02  0.00000000E+00  0.00000000E+00 -5.55109409E-02
    0.924000      1   0.00000000E+00  0.00000000E+00  2.70356717E-03  0.00000000E+00  0.00000000E+00  0.00000000E+00  0.00000000E+00  0.00000000E+00  8.47549241E-02  0.00000000E+00  0.00000000E+00 -5.55285062E-02
    0.925000      1   0.00000000E+00  0.00000000E+00  2.70789187E-03  0.00000000E+00  0.00000000E+00  0.00000000E+00  0.00000000E+00  0.00000000E+00  8.46994025E-02  0.00000000E+00  0.00000000E+00 -5.55215845E-02
    0.926000      1   0.00000000E+00  0.00000000E+00  2.65743467E-03  0.00000000E+00  0.00000000E+00  0.00000000E+00  0.00000000E+00  0.00000000E+00  8.46438900E-02  0.00000000E+00  0.00000000E+00 -5.55124661E-02
    0.927000      1   0.00000000E+00  0.00000000E+00  2.64931904E-03  0.00000000E+00  0.00000000E+00  0.00000000E+00  0.00000000E+00  0.00000000E+00  8.45883792E-02  0.00000000E+00  0.00000000E+00 -5.55108502E-02
    0.928000      1   0.00000000E+00  0.00000000E+00  2.67597681E-03  0.00000000E+00  0.00000000E+00  0.00000000E+00  0.00000000E+00  0.00000000E+00  8.45328519E-02  0.00000000E+00  0.00000000E+00 -5.55272403E-02
    0.929000      1   0.00000000E+00  0.00000000E+00  2.71169245E-03  0.00000000E+00  0.00000000E+00  0.00000000E+00  0.00000000E+00  0.00000000E+00  8.44773103E-02  0.00000000E+00  0.00000000E+00 -5.55415816E-02
    0.930000      1   0.00000000E+00  0.00000000E+00  2.71195254E-03  0.00000000E+00  0.00000000E+00  0.00000000E+00  0.00000000E+00  0.00000000E+00  8.44217695E-02  0.00000000E+00  0.00000000E+00 -5.55408522E-02
    0.931000      1   0.00000000E+00  0.00000000E+00  2.66636530E-03  0.00000000E+00  0.00000000E+00  0.00000000E+00  0.00000000E+00  0.00000000E+00  8.43662412E-02  0.00000000E+00  0.00000000E+00 -5.55283473E-02
    0.932000      1   0.00000000E+00  0.00000000E+00  2.62543044E-03  0.00000000E+00  0.00000000E+00  0.00000000E+00  0.00000000E+00  0.00000000E+00  8.43107173E-02  0.00000000E+00  0.00000000E+00 -5.55238185E-02
    0.933000      1   0.00000000E+00  0.00000000E+00  2.69865813E-03  0.00000000E+00  0.00000000E+00  0.00000000E+00  0.00000000E+00  0.00000000E+00  8.42551758E-02  0.00000000E+00  0.00000000E+00 -5.55415002E-02
    0.934000      1   0.00000000E+00  0.00000000E+00  2.70355274E-03  0.00000000E+00  0.00000000E+00  0.00000000E+00  0.00000000E+00  0.00000000E+00  8.41996162E-02  0.00000000E+00  0.00000000E+00 -5.55596759E-02
    0.935000      1   0.00000000E+00  0.00000000E+00  2.70940334E-03  0.00000000E+00  0.00000000E+00  0.00000000E+00  0.00000000E+00  0.00000000E+00  8.41440632E-02  0.00000000E+00  0.00000000E+00 -5.55529371E-02
    0.936000      1   0.00000000E+00  0.00000000E+00  2.65922809E-03  0.00000000E+00  0.00000000E+00  0.00000000E+00  0.00000000E+00  0.00000000E+00  8.40885197E-02  0.00000000E+00  0.00000000E+00 -5.55435561E-02
    0.937000      1   0.00000000E+00  0.00000000E+00  2.64830390E-03  0.00000000E+00  0.00000000E+00  0.00000000E+00  0.00000000E+00  0.00000000E+00  8.40329785E-02  0.00000000E+00  0.00000000E+00 -5.55411267E-02
    0.938000      1   0.00000000E+00  0.00000000E+00  2.67575204E-03  0.00000000E+00  0.00000000E+00  0.00000000E+00  0.00000000E+00  0.00000000E+00  8.39774214E-02  0.00000000E+00  0.00000000E+00 -5.55571074E-02
    0.939000      1   0.00000000E+00  0.00000000E+00  2.71190301E-03  0.00000000E+00  0.00000000E+00  0.00000000E+00  0.00000000E+00  0.00000000E+00  8.39218496E-02  0.00000000E+00  0.00000000E+00 -5.55718218E-02
    0.940000      1   0.00000000E+00  0.00000000E+00  2.71228346E-03  0.00000000E+00  0.00000000E+00  0.00000000E+00  0.00000000E+00  0.00000000E+00  8.38662785E-02  0.00000000E+00  0.00000000E+00 -5.55711290E-02
    0.941000      1   0.00000000E+00  0.00000000E+00  2.66710463E-03  0.00000000E+00  0.00000000E+00  0.00000000E+00  0.00000000E+00  0.00000000E+00  8.38107200E-02  0.00000000E+00  0.00000000E+00 -5.55584964E-02
    0.942000      1   0.00000000E+00  0.00000000E+00  2.62512478E-03  0.00000000E+00  0.00000000E+00  0.00000000E+00  0.00000000E+00  0.00000000E+00  8.37551663E-02  0.00000000E+00  0.00000000E+00 -5.55537282E-02
    0.943000      1   0.00000000E+00  0.00000000E+00  2.69861753E-03  0.00000000E+00  0.00000000E+00  0.00000000E+00  0.00000000E+00  0.00000000E+00  8.36995950E-02  0.00000000E+00  0.00000000E+00 -5.55712211E-02
    0.944000      1   0.00000000E+00  0.00000000E+00  2.70379558E-03  0.00000000E+00  0.00000000E+00  0.00000000E+00  0.00000000E+00  0.00000000E+00  8.36440055E-02  0.00000000E+00  0.00000000E+00 -5.55895044E-02
    0.945000      1   0.00000000E+00  0.00000000E+00  2.70954633E-03  0.00000000E+00  0.00000000E+00  0.00000000E+00  0.00000000E+00  0.00000000E+00  8.35884228E-02  0.00000000E+00  0.00000000E+00 -5.55827359E-02
    0.946000      1   0.00000000E+00  0.00000000E+00  2.65906512E-03  0.00000000E+00  0.00000000E+00  0.00000000E+00  0.00000000E+00  0.00000000E+00  8.35328495E-02  0.00000000E+00  0.00000000E+00 -5.55732499E-02
    0.947000      1   0.00000000E+00  0.00000000E+00  2.64834864E-03  0.00000000E+00  0.00000000E+00  0.00000000E+00  0.00000000E+00  0.00000000E+00  8.34772787E-02  0.00000000E+00  0.00000000E+00 -5.55708023E-02
    0.948000      1   0.00000000E+00  0.00000000E+00  2.67621967E-03  0.00000000E+00  0.00000000E+00  0.00000000E+00  0.00000000E+00  0.00000000E+00  8.34216919E-02  0.00000000E+00  0.00000000E+00 -5.55868286E-02
    0.949000      1   0.00000000E+00  0.00000000E+00  2.71259338E-03  0.00000000E+00  0.00000000E+00  0.00000000E+00  0.00000000E+00  0.00000000E+00  8.33660905E-02  0.00000000E+00  0.00000000E+00 -5.56014457E-02
    0.950000      1   0.00000000E+00  0.00000000E+00  2.71241366E-03  0.00000000E+00  0.00000000E+00  0.00000000E+00  0.00000000E+00  0.00000000E+00  8.33104900E-02  0.00000000E+00  0.00000000E+00 -5.56004772E-02
    0.951000      1   0.00000000E+00  0.00000000E+00  2.66532524E-03  0.00000000E+00  0.00000000E+00  0.00000000E+00  0.00000000E+00  0.00000000E+00  8.32549024E-02  0.00000000E+00  0.00000000E+00 -5.55875949E-02
    0.952000      1   0.00000000E+00  0.00000000E+00  2.62698814E-03  0.00000000E+00  0.00000000E+00  0.00000000E+00  0.00000000E+00  0.00000000E+00  8.31993193E-02  0.00000000E+00  0.00000000E+00 -5.55830986E-02
    0.953000      1   0.00000000E+00  0.00000000E+00  2.69987593E-03  0.00000000E+00  0.00000000E+00  0.00000000E+00  0.00000000E+00  0.00000000E+00  8.31437184E-02  0.00000000E+00  0.00000000E+00 -5.56008463E-02
    0.954000      1   0.00000000E+00  0.00000000E+00  2.70570128E-03  0.00000000E+00  0.00000000E+00  0.00000000E+00  0.00000000E+00  0.00000000E+00  8.30881002E-02  0.00000000E+00  0.00000000E+00 -5.56182951E-02
    0.955000      1   0.00000000E+00  0.00000000E+00  2.70655843E-03  0.00000000E+00  0.00000000E+00  0.00000000E+00  0.00000000E+00  0.00000000E+00  8.30324894E-02  0.00000000E+00  0.00000000E+00 -5.56107764E-02
    0.956000      1   0.00000000E+00  0.00000000E+00  2.65852046E-03  0.00000000E+00  0.00000000E+00  0.00000000E+00  0.00000000E+00  0.00000000E+00  8.29768882E-02  0.00000000E+00  0.00000000E+00 -5.56011929E-02
    0.957000      1   0.00000000E+00  0.00000000E+00  2.64989296E-03  0.00000000E+00  0.00000000E+00  0.00000000E+00  0.00000000E+00  0.00000000E+00  8.29212884E-02  0.00000000E+00  0.00000000E+00 -5.55998229E-02
    0.958000      1   0.00000000E+00  0.00000000E+00  2.67731901E-03  0.00000000E+00  0.00000000E+00  0.00000000E+00  0.00000000E+00  0.00000000E+00  8.28656726E-02  0.00000000E+00  0.00000000E+00 -5.56157550E-02
    0.959000      1   0.00000000E+00  0.00000000E+00  2.71319385E-03  0.00000000E+00  0.00000000E+00  0.00000000E+00  0.00000000E+00  0.00000000E+00  8.28100429E-02  0.00000000E+00  0.00000000E+00 -5.56296705E-02
    0.960000      1   0.00000000E+00  0.00000000E+00  2.71180119E-03  0.00000000E+00  0.00000000E+00  0.00000000E+00  0.00000000E+00  0.00000000E+00  8.27544147E-02  0.00000000E+00  0.00000000E+00 -5.56282348E-02
    0.961000      1   0.00000000E+00  0.00000000E+00  2.66448155E-03  0.00000000E+00  0.00000000E+00  0.00000000E+00  0.00000000E+00  0.00000000E+00  8.26987994E-02  0.00000000E+00  0.00000000E+00 -5.56152635E-02
    0.962000      1   0.00000000E+00  0.00000000E+00  2.62750550E-03  0.00000000E+00  0.00000000E+00  0.00000000E+00  0.00000000E+00  0.00000000E+00  8.26431883E-02  0.00000000E+00  0.00000000E+00 -5.56111176E-02
    0.963000      1   0.00000000E+00  0.00000000E+00  2.70106156E-03  0.00000000E+00  0.00000000E+00  0.00000000E+00  0.00000000E+00  0.00000000E+00  8.25875593E-02  0.00000000E+00  0.00000000E+00 -5.56290509E-02
    0.964000      1   0.00000000E+00  0.00000000E+00  2.70653892E-03  0.00000000E+00  0.00000000E+00  0.00000000E+00  0.00000000E+00  0.00000000E+00  8.25319131E-02  0.00000000E+00  0.00000000E+00 -5.56461201E-02
    0.965000      1   0.00000000E+00  0.00000000E+00  2.70634547E-03  0.00000000E+00  0.00000000E+00  0.00000000E+00  0.00000000E+00  0.00000000E+00  8.24762751E-02  0.00000000E+00  0.00000000E+00 -5.56380639E-02
    0.966000      1   0.00000000E+00  0.00000000E+00  2.65710255E-03  0.00000000E+00  0.00000000E+00  0.00000000E+00  0.00000000E+00  0.00000000E+00  8.24206468E-02  0.00000000E+00  0.00000000E+00 -5.56282430E-02
    0.967000      1   0.00000000E+00  0.00000000E+00  2.65065850E-03  0.00000000E+00  0.00000000E+00  0.00000000E+00  0.00000000E+00  0.00000000E+00  8.23650196E-02  0.00000000E+00  0.00000000E+00 -5.56271937E-02
    0.968000      1   0.00000000E+00  0.00000000E+00  2.67988358E-03  0.00000000E+00  0.00000000E+00  0.00000000E+00  0.00000000E+00  0.00000000E+00  8.23093762E-02  0.00000000E+00  0.00000000E+00 -5.56434560E-02
    0.969000      1   0.00000000E+00  0.00000000E+00  2.71237309E-03  0.00000000E+00  0.00000000E+00  0.00000000E+00  0.00000000E+00  0.00000000E+00  8.22537195E-02  0.00000000E+00  0.00000000E+00 -5.56566666E-02
    0.970000      1   0.00000000E+00  0.00000000E+00  2.70999260E-03  0.00000000E+00  0.00000000E+00  0.00000000E+00  0.00000000E+00  0.00000000E+00  8.21980650E-02  0.00000000E+00  0.00000000E+00 -5.56545338E-02
    0.971000      1   0.00000000E+00  0.00000000E+00  2.66579333E-03  0.00000000E+00  0.00000000E+00  0.00000000E+00  0.00000000E+00  0.00000000E+00  8.21424228E-02  0.00000000E+00  0.00000000E+00 -5.56421519E-02
    0.972000      1   0.00000000E+00  0.00000000E+00  2.62833259E-03  0.00000000E+00  0.00000000E+00  0.00000000E+00  0.00000000E+00  0.00000000E+00  8.20867845E-02  0.00000000E+00  0.00000000E+00 -5.56383679E-02
    0.973000      1   0.00000000E+00  0.00000000E+00  2.70082074E-03  0.00000000E+00  0.00000000E+00  0.00000000E+00  0.00000000E+00  0.00000000E+00  8.20311287E-02  0.00000000E+00  0.00000000E+00 -5.56557242E-02
    0.974000      1   0.00000000E+00  0.00000000E+00  2.70841196E-03  0.00000000E+00  0.00000000E+00  0.00000000E+00  0.00000000E+00  0.00000000E+00  8.19754562E-02  0.00000000E+00  0.00000000E+00 -5.56725644E-02
    0.975000      1   0.00000000E+00  0.00000000E+00  2.70197205E-03  0.00000000E+00  0.00000000E+00  0.00000000E+00  0.00000000E+00  0.00000000E+00  8.19197919E-02  0.00000000E+00  0.00000000E+00 -5.56642560E-02
    0.976000      1   0.00000000E+00  0.00000000E+00  2.66328331E-03  0.00000000E+00  0.00000000E+00  0.00000000E+00  0.00000000E+00  0.00000000E+00  8.18641373E-02  0.00000000E+00  0.00000000E+00 -5.56545934E-02
    0.977000      1   0.00000000E+00  0.00000000E+00  2.64518760E-03  0.00000000E+00  0.00000000E+00  0.00000000E+00  0.00000000E+00  0.00000000E+00  8.18084834E-02  0.00000000E+00  0.00000000E+00 -5.56538874E-02
    0.978000      1   0.00000000E+00  0.00000000E+00  2.68314473E-03  0.00000000E+00  0.00000000E+00  0.00000000E+00  0.00000000E+00  0.00000000E+00  8.17528144E-02  0.00000000E+00  0.00000000E+00 -5.56690873E-02
    0.979000      1   0.00000000E+00  0.00000000E+00  2.71424234E-03  0.00000000E+00  0.00000000E+00  0.00000000E+00  0.00000000E+00  0.00000000E+00  8.16971308E-02  0.00000000E+00  0.00000000E+00 -5.56835179E-02
    0.980000      1   0.00000000E+00  0.00000000E+00  2.70684057E-03  0.00000000E+00  0.00000000E+00  0.00000000E+00  0.00000000E+00  0.00000000E+00  8.16414509E-02  0.00000000E+00  0.00000000E+00 -5.56799835E-02
    0.981000      1   0.00000000E+00  0.00000000E+00  2.66717256E-03  0.00000000E+00  0.00000000E+00  0.00000000E+00  0.00000000E+00  0.00000000E+00  8.15857833E-02  0.00000000E+00  0.00000000E+00 -5.56675452E-02
    0.982000      1   0.00000000E+00  0.00000000E+00  2.62824088E-03  0.00000000E+00  0.00000000E+00  0.00000000E+00  0.00000000E+00  0.00000000E+00  8.15301188E-02  0.00000000E+00  0.00000000E+00 -5.56645525E-02
    0.983000      1   0.00000000E+00  0.00000000E+00  2.69855402E-03  0.00000000E+00  0.00000000E+00  0.00000000E+00  0.00000000E+00  0.00000000E+00  8.14744373E-02  0.00000000E+00  0.00000000E+00 -5.56814720E-02
    0.984000      1   0.00000000E+00  0.00000000E+00  2.71273388E-03  0.00000000E+00  0.00000000E+00  0.00000000E+00  0.00000000E+00  0.00000000E+00  8.14187385E-02  0.00000000E+00  0.00000000E+00 -5.56987432E-02
    0.985000      1   0.00000000E+00  0.00000000E+00  2.69938650E-03  0.00000000E+00  0.00000000E+00  0.00000000E+00  0.00000000E+00  0.00000000E+00  8.13630481E-02  0.00000000E+00  0.00000000E+00 -5.56904149E-02
    0.986000      1   0.00000000E+00  0.00000000E+00  2.66096631E-03  0.00000000E+00  0.00000000E+00  0.00000000E+00  0.00000000E+00  0.00000000E+00  8.13073683E-02  0.00000000E+00  0.00000000E+00 -5.56797901E-02
    0.987000      1   0.00000000E+00  0.00000000E+00  2.64877493E-03  0.00000000E+00  0.00000000E+00  0.00000000E+00  0.00000000E+00  0.00000000E+00  8.12516880E-02  0.00000000E+00  0.00000000E+00 -5.56803430E-02
    0.988000      1   0.00000000E+00  0.00000000E+00  2.67955982E-03  0.00000000E+00  0.00000000E+00  0.00000000E+00  0.00000000E+00  0.00000000E+00  8.11959923E-02  0.00000000E+00  0.00000000E+00 -5.56956695E-02
    0.989000      1   0.00000000E+00  0.00000000E+00  2.71952012E-03  0.00000000E+00  0.00000000E+00  0.00000000E+00  0.00000000E+00  0.00000000E+00  8.11402828E-02  0.00000000E+00  0.00000000E+00 -5.57095559E-02
    0.990000      1   0.00000000E+00  0.00000000E+00  2.70188611E-03  0.00000000E+00  0.00000000E+00  0.00000000E+00  0.00000000E+00  0.00000000E+00  8.10845765E-02  0.00000000E+00  0.00000000E+00 -5.57062656E-02
    0.991000      1   0.00000000E+00  0.00000000E+00  2.66596642E-03  0.00000000E+00  0.00000000E+00  0.00000000E+00  0.00000000E+00  0.00000000E+00  8.10288835E-02  0.00000000E+00  0.00000000E+00 -5.56929700E-02
    0.992000      1   0.00000000E+00  0.00000000E+00  2.63110893E-03  0.00000000E+00  0.00000000E+00  0.00000000E+00  0.00000000E+00  0.00000000E+00  8.09731917E-02  0.00000000E+00  0.00000000E+00 -5.56918178E-02
    0.993000      1   0.00000000E+00  0.00000000E+00  2.69900803E-03  0.00000000E+00  0.00000000E+00  0.00000000E+00  0.00000000E+00  0.00000000E+00  8.09174831E-02  0.00000000E+00  0.00000000E+00 -5.57086262E-02
    0.994000      1   0.00000000E+00  0.00000000E+00  2.71552488E-03  0.00000000E+00  0.00000000E+00  0.00000000E+00  0.00000000E+00  0.00000000E+00  8.08617582E-02  0.00000000E+00  0.00000000E+00 -5.57248752E-02
    0.995000      1   0.00000000E+00  0.00000000E+00  2.69315188E-03  0.00000000E+00  0.00000000E+00  0.00000000E+00  0.00000000E+00  0.00000000E+00  8.08060423E-02  0.00000000E+00  0.00000000E+00 -5.57159043E-02
    0.996000      1   0.00000000E+00  0.00000000E+00  2.66216686E-03  0.00000000E+00  0.00000000E+00  0.00000000E+00  0.00000000E+00  0.00000000E+00  8.07503368E-02  0.00000000E+00  0.00000000E+00 -5.57054654E-02
    0.997000      1   0.00000000E+00  0.00000000E+00  2.65408661E-03  0.00000000E+00  0.00000000E+00  0.00000000E+00  0.00000000E+00  0.00000000E+00  8.06946290E-02  0.00000000E+00  0.00000000E+00 -5.57078535E-02
    0.998000      1   0.00000000E+00  0.00000000E+00  2.67646274E-03  0.00000000E+00  0.00000000E+00  0.00000000E+00  0.00000000E+00  0.00000000E+00  8.06389071E-02  0.00000000E+00  0.00000000E+00 -5.57218464E-02
    0.999000      1   0.00000000E+00  0.00000000E+00  2.72325083E-03  0.00000000E+00  0.00000000E+00  0.00000000E+00  0.00000000E+00  0.00000000E+00  8.05831726E-02  0.00000000E+00  0.00000000E+00 -5.57345361E-02
    1.000000      1   0.00000000E+00  0.00000000E+00  2.69626468E-03  0.00000000E+00  0.00000000E+00  0.00000000E+00  0.00000000E+00  0.00000000E+00  8.05274410E-02  0.00000000E+00  0.00000000E+00 -5.57316031E-02
    1.001000      1   0.00000000E+00  0.00000000E+00  2.66939411E-03  0.00000000E+00  0.00000000E+00  0.00000000E+00  0.00000000E+00  0.00000000E+00  8.04717229E-02  0.00000000E+00  0.00000000E+00 -5.57180764E-02
    1.002000      1   0.00000000E+00  0.00000000E+00  2.63392627E-03  0.00000000E+00  0.00000000E+00  0.00000000E+00  0.00000000E+00  0.00000000E+00  8.04160048E-02  0.00000000E+00  0.00000000E+00 -5.57181642E-02
    1.003000      1   0.00000000E+00  0.00000000E+00  2.69668454E-03  0.00000000E+00  0.00000000E+00  0.00000000E+00  0.00000000E+00  0.00000000E+00  8.03602714E-02  0.00000000E+00  0.00000000E+00 -5.57333487E-02
    1.004000      1   0.00000000E+00  0.00000000E+00  2.71498024E-03  0.00000000E+00  0.00000000E+00  0.00000000E+00  0.00000000E+00  0.00000000E+00  8.03045223E-02  0.00000000E+00  0.00000000E+00 -5.57490833E-02
    1.005000      1   0.00000000E+00  0.00000000E+00  2.69569557E-03  0.00000000E+00  0.00000000E+00  0.00000000E+00  0.00000000E+00  0.00000000E+00  8.02487814E-02  0.00000000E+00  0.00000000E+00 -5.57409718E-02
    1.006000      1   0.00000000E+00  0.00000000E+00  2.66429472E-03  0.00000000E+00  0.00000000E+00  0.00000000E+00  0.00000000E+00  0.00000000E+00  8.01930511E-02  0.00000000E+00  0.00000000E+00 -5.57302619E-02
    1.007000      1   0.00000000E+00  0.00000000E+00  2.65142273E-03  0.00000000E+00  0.00000000E+00  0.00000000E+00  0.00000000E+00  0.00000000E+00  8.01373197E-02  0.00000000E+00  0.00000000E+00 -5.57314384E-02
    1.008000      1   0.00000000E+00  0.00000000E+00  2.67807689E-03  0.00000000E+00  0.00000000E+00  0.00000000E+00  0.00000000E+00  0.00000000E+00  8.00815745E-02  0.00000000E+00  0.00000000E+00 -5.57452036E-02
    1.009000      1   0.00000000E+00  0.00000000E+00  2.72369061E-03  0.00000000E+00  0.00000000E+00  0.00000000E+00  0.00000000E+00  0.00000000E+00  8.00258160E-02  0.00000000E+00  0.00000000E+00 -5.57584826E-02
    1.010000      1   0.00000000E+00  0.00000000E+00  2.70237064E-03  0.00000000E+00  0.00000000E+00  0.00000000E+00  0.00000000E+00  0.00000000E+00  7.99700610E-02  0.00000000E+00  0.00000000E+00 -5.57549418E-02
    1.011000      1   0.00000000E+00  0.00000000E+00  2.66183912E-03  0.00000000E+00  0.00000000E+00  0.00000000E+00  0.00000000E+00  0.00000000E+00  7.99143208E-02  0.00000000E+00  0.00000000E+00 -5.57401909E-02
    1.012000      1   0.00000000E+00  0.00000000E+00  2.63803183E-03  0.00000000E+00  0.00000000E+00  0.00000000E+00  0.00000000E+00  0.00000000E+00  7.98585812E-02  0.00000000E+00  0.00000000E+00 -5.57396094E-02
    1.013000      1   0.00000000E+00  0.00000000E+00  2.69613625E-03  0.00000000E+00  0.00000000E+00  0.00000000E+00  0.00000000E+00  0.00000000E+00  7.98028247E-02  0.00000000E+00  0.00000000E+00 -5.57565491E-02
    1.014000      1   0.00000000E+00  0.00000000E+00  2.71494259E-03  0.00000000E+00  0.00000000E+00  0.00000000E+00  0.00000000E+00  0.00000000E+00  7.97470537E-02  0.00000000E+00  0.00000000E+00 -5.57710323E-02
    1.015000      1   0.00000000E+00  0.00000000E+00  2.69957611E-03  0.00000000E+00  0.00000000E+00  0.00000000E+00  0.00000000E+00  0.00000000E+00  7.96912905E-02  0.00000000E+00  0.00000000E+00 -5.57631075E-02
    1.016000      1   0.00000000E+00  0.00000000E+00  2.65827683E-03  0.00000000E+00  0.00000000E+00  0.00000000E+00  0.00000000E+00  0.00000000E+00  7.96355388E-02  0.00000000E+00  0.00000000E+00 -5.57517238E-02
    1.017000      1   0.00000000E+00  0.00000000E+00  2.65531004E-03  0.00000000E+00  0.00000000E+00  0.00000000E+00  0.00000000E+00  0.00000000E+00  7.95797861E-02  0.00000000E+00  0.00000000E+00 -5.57526900E-02
    1.018000      1   0.00000000E+00  0.00000000E+00  2.67716716E-03  0.00000000E+00  0.00000000E+00  0.00000000E+00  0.00000000E+00  0.00000000E+00  7.95240184E-02  0.00000000E+00  0.00000000E+00 -5.57677441E-02
    1.019000      1   0.00000000E+00  0.00000000E+00  2.72441374E-03  0.00000000E+00  0.00000000E+00  0.00000000E+00  0.00000000E+00  0.00000000E+00  7.94682385E-02  0.00000000E+00  0.00000000E+00 -5.57799074E-02
    1.020000      1   0.00000000E+00  0.00000000E+00  2.70703260E-03  0.00000000E+00  0.00000000E+00  0.00000000E+00  0.00000000E+00  0.00000000E+00  7.94124619E-02  0.00000000E+00  0.00000000E+00 -5.57765374E-02
    1.021000      1   0.00000000E+00  0.00000000E+00  2.65450435E-03  0.00000000E+00  0.00000000E+00  0.00000000E+00  0.00000000E+00  0.00000000E+00  7.93567012E-02  0.00000000E+00  0.00000000E+00 -5.57607247E-02
    1.022000      1   0.00000000E+00  0.00000000E+00  2.63811243E-03  0.00000000E+00  0.00000000E+00  0.00000000E+00  0.00000000E+00  0.00000000E+00  7.93009413E-02  0.00000000E+00  0.00000000E+00 -5.57599092E-02
    1.023000      1   0.00000000E+00  0.00000000E+00  2.70179768E-03  0.00000000E+00  0.00000000E+00  0.00000000E+00  0.00000000E+00  0.00000000E+00  7.92451621E-02  0.00000000E+00  0.00000000E+00 -5.57792434E-02
    1.024000      1   0.00000000E+00  0.00000000E+00  2.71490024E-03  0.00000000E+00  0.00000000E+00  0.00000000E+00  0.00000000E+00  0.00000000E+00  7.91893694E-02  0.00000000E+00  0.00000000E+00 -5.57926990E-02
    1.025000      1   0.00000000E+00  0.00000000E+00  2.70308096E-03  0.00000000E+00  0.00000000E+00  0.00000000E+00  0.00000000E+00  0.00000000E+00  7.91335864E-02  0.00000000E+00  0.00000000E+00 -5.57829224E-02
    1.026000      1   0.00000000E+00  0.00000000E+00  2.64664367E-03  0.00000000E+00  0.00000000E+00  0.00000000E+00  0.00000000E+00  0.00000000E+00  7.90778155E-02  0.00000000E+00  0.00000000E+00 -5.57709328E-02
    1.027000      1   0.00000000E+00  0.00000000E+00  2.65739120E-03  0.00000000E+00  0.00000000E+00  0.00000000E+00  0.00000000E+00  0.00000000E+00  7.90220427E-02  0.00000000E+00  0.00000000E+00 -5.57728052E-02
    1.028000      1   0.00000000E+00  0.00000000E+00  2.68232213E-03  0.00000000E+00  0.00000000E+00  0.00000000E+00  0.00000000E+00  0.00000000E+00  7.89662514E-02  0.00000000E+00  0.00000000E+00 -5.57913118E-02
    1.029000      1   0.00000000E+00  0.00000000E+00  2.72456496E-03  0.00000000E+00  0.00000000E+00  0.00000000E+00  0.00000000E+00  0.00000000E+00  7.89104495E-02  0.00000000E+00  0.00000000E+00 -5.58018800E-02
    1.030000      1   0.00000000E+00  0.00000000E+00  2.70896200E-03  0.00000000E+00  0.00000000E+00  0.00000000E+00  0.00000000E+00  0.00000000E+00  7.88546527E-02  0.00000000E+00  0.00000000E+00 -5.57967903E-02
    1.031000      1   0.00000000E+00  0.00000000E+00  2.64487345E-03  0.00000000E+00  0.00000000E+00  0.00000000E+00  0.00000000E+00  0.00000000E+00  7.87988721E-02  0.00000000E+00  0.00000000E+00 -5.57805867E-02
    1.032000      1   0.00000000E+00  0.00000000E+00  2.64366776E-03  0.00000000E+00  0.00000000E+00  0.00000000E+00  0.00000000E+00  0.00000000E+00  7.87430913E-02  0.00000000E+00  0.00000000E+00 -5.57808407E-02
    1.033000      1   0.00000000E+00  0.00000000E+00  2.70700252E-03  0.00000000E+00  0.00000000E+00  0.00000000E+00  0.00000000E+00  0.00000000E+00  7.86872889E-02  0.00000000E+00  0.00000000E+00 -5.58023555E-02
    1.034000      1   0.00000000E+00  0.00000000E+00  2.71064783E-03  0.00000000E+00  0.00000000E+00  0.00000000E+00  0.00000000E+00  0.00000000E+00  7.86314759E-02  0.00000000E+00  0.00000000E+00 -5.58130662E-02
    1.035000      1   0.00000000E+00  0.00000000E+00  2.70504696E-03  0.00000000E+00  0.00000000E+00  0.00000000E+00  0.00000000E+00  0.00000000E+00  7.85756735E-02  0.00000000E+00  0.00000000E+00 -5.58023322E-02
    1.036000      1   0.00000000E+00  0.00000000E+00  2.63990250E-03  0.00000000E+00  0.00000000E+00  0.00000000E+00  0.00000000E+00  0.00000000E+00  7.85198822E-02  0.00000000E+00  0.00000000E+00 -5.57913915E-02
    1.037000      1   0.00000000E+00  0.00000000E+00  2.66540364E-03  0.00000000E+00  0.00000000E+00  0.00000000E+00  0.00000000E+00  0.00000000E+00  7.84640883E-02  0.00000000E+00  0.00000000E+00 -5.57938103E-02
    1.038000      1   0.00000000E+00  0.00000000E+00  2.68496305E-03  0.00000000E+00  0.00000000E+00  0.00000000E+00  0.00000000E+00  0.00000000E+00  7.84082752E-02  0.00000000E+00  0.00000000E+00 -5.58131139E-02
    1.039000      1   0.00000000E+00  0.00000000E+00  2.71850191E-03  0.00000000E+00  0.00000000E+00  0.00000000E+00  0.00000000E+00  0.00000000E+00  7.83524546E-02  0.00000000E+00  0.00000000E+00 -5.58205837E-02
    1.040000      1   0.00000000E+00  0.00000000E+00  2.70850319E-03  0.00000000E+00  0.00000000E+00  0.00000000E+00  0.00000000E+00  0.00000000E+00  7.82966389E-02  0.00000000E+00  0.00000000E+00 -5.58156989E-02
    1.041000      1   0.00000000E+00  0.00000000E+00  2.64401306E-03  0.00000000E+00  0.00000000E+00  0.00000000E+00  0.00000000E+00  0.00000000E+00  7.82408374E-02  0.00000000E+00  0.00000000E+00 -5.58015676E-02
    1.042000      1   0.00000000E+00  0.00000000E+00  2.65336012E-03  0.00000000E+00  0.00000000E+00  0.00000000E+00  0.00000000E+00  0.00000000E+00  7.81850353E-02  0.00000000E+00  0.00000000E+00 -5.58021244E-02
    1.043000      1   0.00000000E+00  0.00000000E+00  2.70089401E-03  0.00000000E+00  0.00000000E+00  0.00000000E+00  0.00000000E+00  0.00000000E+00  7.81292130E-02  0.00000000E+00  0.00000000E+00 -5.58222078E-02
    1.044000      1   0.00000000E+00  0.00000000E+00  2.71329216E-03  0.00000000E+00  0.00000000E+00  0.00000000E+00  0.00000000E+00  0.00000000E+00  7.80733822E-02  0.00000000E+00  0.00000000E+00 -5.58308156E-02
    1.045000      1   0.00000000E+00  0.00000000E+00  2.70169946E-03  0.00000000E+00  0.00000000E+00  0.00000000E+00  0.00000000E+00  0.00000000E+00  7.80175606E-02  0.00000000E+00  0.00000000E+00 -5.58216201E-02
    1.046000      1   0.00000000E+00  0.00000000E+00  2.63826245E-03  0.00000000E+00  0.00000000E+00  0.00000000E+00  0.00000000E+00  0.00000000E+00  7.79617502E-02  0.00000000E+00  0.00000000E+00 -5.58104030E-02
    1.047000      1   0.00000000E+00  0.00000000E+00  2.66556386E-03  0.00000000E+00  0.00000000E+00  0.00000000E+00  0.00000000E+00  0.00000000E+00  7.79059360E-02  0.00000000E+00  0.00000000E+00 -5.58142111E-02
    1.048000      1   0.00000000E+00  0.00000000E+00  2.68873290E-03  0.00000000E+00  0.00000000E+00  0.00000000E+00  0.00000000E+00  0.00000000E+00  7.78501020E-02  0.00000000E+00  0.00000000E+00 -5.58340250E-02
    1.049000      1   0.00000000E+00  0.00000000E+00  2.72272999E-03  0.00000000E+00  0.00000000E+00  0.00000000E+00  0.00000000E+00  0.00000000E+00  7.77942612E-02  0.00000000E+00  0.00000000E+00 -5.58407755E-02
    1.050000      1   0.00000000E+00  0.00000000E+00  2.70175851E-03  0.00000000E+00  0.00000000E+00  0.00000000E+00  0.00000000E+00  0.00000000E+00  7.77384273E-02  0.00000000E+00  0.00000000E+00 -5.58339050E-02
    1.051000      1   0.00000000E+00  0.00000000E+00  2.64118679E-03  0.00000000E+00  0.00000000E+00  0.00000000E+00  0.00000000E+00  0.00000000E+00  7.76826077E-02  0.00000000E+00  0.00000000E+00 -5.58195778E-02
    1.052000      1   0.00000000E+00  0.00000000E+00  2.65640698E-03  0.00000000E+00  0.00000000E+00  0.00000000E+00  0.00000000E+00  0.00000000E+00  7.76267849E-02  0.00000000E+00  0.00000000E+00 -5.58228495E-02
    1.053000      1   0.00000000E+00  0.00000000E+00  2.70171614E-03  0.00000000E+00  0.00000000E+00  0.00000000E+00  0.00000000E+00  0.00000000E+00  7.75709415E-02  0.00000000E+00  0.00000000E+00 -5.58433223E-02
    1.054000      1   0.00000000E+00  0.00000000E+00  2.71551864E-03  0.00000000E+00  0.00000000E+00  0.00000000E+00  0.00000000E+00  0.00000000E+00  7.75150908E-02  0.00000000E+00  0.00000000E+00 -5.58507841E-02
    1.055000      1   0.00000000E+00  0.00000000E+00  2.70166130E-03  0.00000000E+00  0.00000000E+00  0.00000000E+00  0.00000000E+00  0.00000000E+00  7.74592498E-02  0.00000000E+00  0.00000000E+00 -5.58409249E-02
    1.056000      1   0.00000000E+00  0.00000000E+00  2.63642983E-03  0.00000000E+00  0.00000000E+00  0.00000000E+00  0.00000000E+00  0.00000000E+00  7.74034208E-02  0.00000000E+00  0.00000000E+00 -5.58289832E-02
    1.057000      1   0.00000000E+00  0.00000000E+00  2.66810917E-03  0.00000000E+00  0.00000000E+00  0.00000000E+00  0.00000000E+00  0.00000000E+00  7.73475877E-02  0.00000000E+00  0.00000000E+00 -5.58331280E-02
    1.058000      1   0.00000000E+00  0.00000000E+00  2.68690969E-03  0.00000000E+00  0.00000000E+00  0.00000000E+00  0.00000000E+00  0.00000000E+00  7.72917346E-02  0.00000000E+00  0.00000000E+00 -5.58530937E-02
    1.059000      1   0.00000000E+00  0.00000000E+00  2.71940692E-03  0.00000000E+00  0.00000000E+00  0.00000000E+00  0.00000000E+00  0.00000000E+00  7.72358753E-02  0.00000000E+00  0.00000000E+00 -5.58593307E-02
    1.060000      1   0.00000000E+00  0.00000000E+00  2.70971939E-03  0.00000000E+00  0.00000000E+00  0.00000000E+00  0.00000000E+00  0.00000000E+00  7.71800216E-02  0.00000000E+00  0.00000000E+00 -5.58536465E-02
    1.061000      1   0.00000000E+00  0.00000000E+00  2.63480359E-03  0.00000000E+00  0.00000000E+00  0.00000000E+00  0.00000000E+00  0.00000000E+00  7.71241826E-02  0.00000000E+00  0.00000000E+00 -5.58390029E-02
    1.062000      1   0.00000000E+00  0.00000000E+00  2.65893518E-03  0.00000000E+00  0.00000000E+00  0.00000000E+00  0.00000000E+00  0.00000000E+00  7.70683419E-02  0.00000000E+00  0.00000000E+00 -5.58407889E-02
    1.063000      1   0.00000000E+00  0.00000000E+00  2.70064061E-03  0.00000000E+00  0.00000000E+00  0.00000000E+00  0.00000000E+00  0.00000000E+00  7.70124789E-02  0.00000000E+00  0.00000000E+00 -5.58629109E-02
    1.064000      1   0.00000000E+00  0.00000000E+00  2.71329764E-03  0.00000000E+00  0.00000000E+00  0.00000000E+00  0.00000000E+00  0.00000000E+00  7.69566092E-02  0.00000000E+00  0.00000000E+00 -5.58697326E-02
    1.065000      1   0.00000000E+00  0.00000000E+00  2.70636028E-03  0.00000000E+00  0.00000000E+00  0.00000000E+00  0.00000000E+00  0.00000000E+00  7.69007486E-02  0.00000000E+00  0.00000000E+00 -5.58606194E-02
    1.066000      1   0.00000000E+00  0.00000000E+00  2.63134820E-03  0.00000000E+00  0.00000000E+00  0.00000000E+00  0.00000000E+00  0.00000000E+00  7.68449000E-02  0.00000000E+00  0.00000000E+00 -5.58485762E-02
    1.067000      1   0.00000000E+00  0.00000000E+00  2.66620991E-03  0.00000000E+00  0.00000000E+00  0.00000000E+00  0.00000000E+00  0.00000000E+00  7.67890479E-02  0.00000000E+00  0.00000000E+00 -5.58520764E-02
    1.068000      1   0.00000000E+00  0.00000000E+00  2.69411106E-03  0.00000000E+00  0.00000000E+00  0.00000000E+00  0.00000000E+00  0.00000000E+00  7.67331739E-02  0.00000000E+00  0.00000000E+00 -5.58740468E-02
    1.069000      1   0.00000000E+00  0.00000000E+00  2.71867904E-03  0.00000000E+00  0.00000000E+00  0.00000000E+00  0.00000000E+00  0.00000000E+00  7.66772943E-02  0.00000000E+00  0.00000000E+00 -5.58796341E-02
    1.070000      1   0.00000000E+00  0.00000000E+00  2.70803216E-03  0.00000000E+00  0.00000000E+00  0.00000000E+00  0.00000000E+00  0.00000000E+00  7.66214225E-02  0.00000000E+00  0.00000000E+00 -5.58717136E-02
    1.071000      1   0.00000000E+00  0.00000000E+00  2.62912535E-03  0.00000000E+00  0.00000000E+00  0.00000000E+00  0.00000000E+00  0.00000000E+00  7.65655649E-02  0.00000000E+00  0.00000000E+00 -5.58576074E-02
    1.072000      1   0.00000000E+00  0.00000000E+00  2.66177173E-03  0.00000000E+00  0.00000000E+00  0.00000000E+00  0.00000000E+00  0.00000000E+00  7.65097040E-02  0.00000000E+00  0.00000000E+00 -5.58609517E-02
    1.073000      1   0.00000000E+00  0.00000000E+00  2.70528377E-03  0.00000000E+00  0.00000000E+00  0.00000000E+00  0.00000000E+00  0.00000000E+00  7.64538196E-02  0.00000000E+00  0.00000000E+00 -5.58844369E-02
    1.074000      1   0.00000000E+00  0.00000000E+00  2.71308567E-03  0.00000000E+00  0.00000000E+00  0.00000000E+00  0.00000000E+00  0.00000000E+00  7.63979300E-02  0.00000000E+00  0.00000000E+00 -5.58895060E-02
    1.075000      1   0.00000000E+00  0.00000000E+00  2.70237157E-03  0.00000000E+00  0.00000000E+00  0.00000000E+00  0.00000000E+00  0.00000000E+00  7.63420511E-02  0.00000000E+00  0.00000000E+00 -5.58789053E-02
    1.076000      1   0.00000000E+00  0.00000000E+00  2.63101151E-03  0.00000000E+00  0.00000000E+00  0.00000000E+00  0.00000000E+00  0.00000000E+00  7.62861835E-02  0.00000000E+00  0.00000000E+00 -5.58676371E-02
    1.077000      1   0.00000000E+00  0.00000000E+00  2.66685140E-03  0.00000000E+00  0.00000000E+00  0.00000000E+00  0.00000000E+00  0.00000000E+00  7.62303110E-02  0.00000000E+00  0.00000000E+00 -5.58725068E-02
    1.078000      1   0.00000000E+00  0.00000000E+00  2.69789568E-03  0.00000000E+00  0.00000000E+00  0.00000000E+00  0.00000000E+00  0.00000000E+00  7.61744165E-02  0.00000000E+00  0.00000000E+00 -5.58944743E-02
    1.079000      1   0.00000000E+00  0.00000000E+00  2.71732405E-03  0.00000000E+00  0.00000000E+00  0.00000000E+00  0.00000000E+00  0.00000000E+00  7.61185173E-02  0.00000000E+00  0.00000000E+00 -5.58991816E-02
    1.080000      1   0.00000000E+00  0.00000000E+00  2.70601244E-03  0.00000000E+00  0.00000000E+00  0.00000000E+00  0.00000000E+00  0.00000000E+00  7.60626271E-02  0.00000000E+00  0.00000000E+00 -5.58902579E-02
    1.081000      1   0.00000000E+00  0.00000000E+00  2.62901229E-03  0.00000000E+00  0.00000000E+00  0.00000000E+00  0.00000000E+00  0.00000000E+00  7.60067501E-02  0.00000000E+00  0.00000000E+00 -5.58769539E-02
    1.082000      1   0.00000000E+00  0.00000000E+00  2.66584598E-03  0.00000000E+00  0.00000000E+00  0.00000000E+00  0.00000000E+00  0.00000000E+00  7.59508691E-02  0.00000000E+00  0.00000000E+00 -5.58809814E-02
    1.083000      1   0.00000000E+00  0.00000000E+00  2.70115138E-03  0.00000000E+00  0.00000000E+00  0.00000000E+00  0.00000000E+00  0.00000000E+00  7.58949654E-02  0.00000000E+00  0.00000000E+00 -5.59037833E-02
    1.084000      1   0.00000000E+00  0.00000000E+00  2.71864013E-03  0.00000000E+00  0.00000000E+00  0.00000000E+00  0.00000000E+00  0.00000000E+00  7.58390571E-02  0.00000000E+00  0.00000000E+00 -5.59082450E-02
    1.085000      1   0.00000000E+00  0.00000000E+00  2.69839557E-03  0.00000000E+00  0.00000000E+00  0.00000000E+00  0.00000000E+00  0.00000000E+00  7.57831591E-02  0.00000000E+00  0.00000000E+00 -5.58980193E-02
    1.086000      1   0.00000000E+00  0.00000000E+00  2.63299107E-03  0.00000000E+00  0.00000000E+00  0.00000000E+00  0.00000000E+00  0.00000000E+00  7.57272735E-02  0.00000000E+00  0.00000000E+00 -5.58856300E-02
    1.087000      1   0.00000000E+00  0.00000000E+00  2.66568602E-03  0.00000000E+00  0.00000000E+00  0.00000000E+00  0.00000000E+00  0.00000000E+00  7.56713820E-02  0.00000000E+00  0.00000000E+00 -5.58914555E-02
    1.088000      1   0.00000000E+00  0.00000000E+00  2.69380184E-03  0.00000000E+00  0.00000000E+00  0.00000000E+00  0.00000000E+00  0.00000000E+00  7.56154690E-02  0.00000000E+00  0.00000000E+00 -5.59129789E-02
    1.089000      1   0.00000000E+00  0.00000000E+00  2.72703681E-03  0.00000000E+00  0.00000000E+00  0.00000000E+00  0.00000000E+00  0.00000000E+00  7.55595502E-02  0.00000000E+00  0.00000000E+00 -5.59187929E-02
    1.090000      1   0.00000000E+00  0.00000000E+00  2.70094765E-03  0.00000000E+00  0.00000000E+00  0.00000000E+00  0.00000000E+00  0.00000000E+00  7.55036407E-02  0.00000000E+00  0.00000000E+00 -5.59094960E-02
    1.091000      1   0.00000000E+00  0.00000000E+00  2.62519803E-03  0.00000000E+00  0.00000000E+00  0.00000000E+00  0.00000000E+00  0.00000000E+00  7.54477468E-02  0.00000000E+00  0.00000000E+00 -5.58938979E-02
    1.092000      1   0.00000000E+00  0.00000000E+00  2.67245062E-03  0.00000000E+00  0.00000000E+00  0.00000000E+00  0.00000000E+00  0.00000000E+00  7.53918466E-02  0.00000000E+00  0.00000000E+00 -5.59002632E-02
    1.093000      1   0.00000000E+00  0.00000000E+00  2.70023137E-03  0.00000000E+00  0.00000000E+00  0.00000000E+00  0.00000000E+00  0.00000000E+00  7.53359234E-02  0.00000000E+00  0.00000000E+00 -5.59231498E-02
    1.094000      1   0.00000000E+00  0.00000000E+00  2.71906072E-03  0.00000000E+00  0.00000000E+00  0.00000000E+00  0.00000000E+00  0.00000000E+00  7.52799978E-02  0.00000000E+00  0.00000000E+00 -5.59256052E-02
    1.095000      1   0.00000000E+00  0.00000000E+00  2.69770501E-03  0.00000000E+00  0.00000000E+00  0.00000000E+00  0.00000000E+00  0.00000000E+00  7.52240822E-02  0.00000000E+00  0.00000000E+00 -5.59156073E-02
    1.096000      1   0.00000000E+00  0.00000000E+00  2.62588143E-03  0.00000000E+00  0.00000000E+00  0.00000000E+00  0.00000000E+00  0.00000000E+00  7.51681790E-02  0.00000000E+00  0.00000000E+00 -5.59032020E-02
    1.097000      1   0.00000000E+00  0.00000000E+00  2.67471160E-03  0.00000000E+00  0.00000000E+00  0.00000000E+00  0.00000000E+00  0.00000000E+00  7.51122685E-02  0.00000000E+00  0.00000000E+00 -5.59105115E-02
    1.098000      1   0.00000000E+00  0.00000000E+00  2.69287971E-03  0.00000000E+00  0.00000000E+00  0.00000000E+00  0.00000000E+00  0.00000000E+00  7.50563357E-02  0.00000000E+00  0.00000000E+00 -5.59327738E-02
    1.099000      1   0.00000000E+00  0.00000000E+00  2.72800293E-03  0.00000000E+00  0.00000000E+00  0.00000000E+00  0.00000000E+00  0.00000000E+00  7.50003999E-02  0.00000000E+00  0.00000000E+00 -5.59357867E-02
    1.100000      1   0.00000000E+00  0.00000000E+00  2.69435410E-03  0.00000000E+00  0.00000000E+00  0.00000000E+00  0.00000000E+00  0.00000000E+00  7.49444733E-02  0.00000000E+00  0.00000000E+00 -5.59266218E-02
    1.101000      1   0.00000000E+00  0.00000000E+00  2.62767214E-03  0.00000000E+00  0.00000000E+00  0.00000000E+00  0.00000000E+00  0.00000000E+00  7.48885615E-02  0.00000000E+00  0.00000000E+00 -5.59118724E-02
    1.102000      1   0.00000000E+00  0.00000000E+00  2.67628846E-03  0.00000000E+00  0.00000000E+00  0.00000000E+00  0.00000000E+00  0.00000000E+00  7.48326415E-02  0.00000000E+00  0.00000000E+00 -5.59199656E-02
    1.103000      1   0.00000000E+00  0.00000000E+00  2.69814529E-03  0.00000000E+00  0.00000000E+00  0.00000000E+00  0.00000000E+00  0.00000000E+00  7.47767001E-02  0.00000000E+00  0.00000000E+00 -5.59413610E-02
    1.104000      1   0.00000000E+00  0.00000000E+00  2.72388840E-03  0.00000000E+00  0.00000000E+00  0.00000000E+00  0.00000000E+00  0.00000000E+00  7.47207572E-02  0.00000000E+00  0.00000000E+00 -5.59429249E-02
    1.105000      1   0.00000000E+00  0.00000000E+00  2.68703435E-03  0.00000000E+00  0.00000000E+00  0.00000000E+00  0.00000000E+00  0.00000000E+00  7.46648244E-02  0.00000000E+00  0.00000000E+00 -5.59327583E-02
    1.106000      1   0.00000000E+00  0.00000000E+00  2.63673910E-03  0.00000000E+00  0.00000000E+00  0.00000000E+00  0.00000000E+00  0.00000000E+00  7.46089038E-02  0.00000000E+00  0.00000000E+00 -5.59206546E-02
    1.107000      1   0.00000000E+00  0.00000000E+00  2.67124374E-03  0.00000000E+00  0.00000000E+00  0.00000000E+00  0.00000000E+00  0.00000000E+00  7.45529742E-02  0.00000000E+00  0.00000000E+00 -5.59295484E-02
    1.108000      1   0.00000000E+00  0.00000000E+00  2.69617986E-03  0.00000000E+00  0.00000000E+00  0.00000000E+00  0.00000000E+00  0.00000000E+00  7.44970254E-02  0.00000000E+00  0.00000000E+00 -5.59488581E-02
    1.109000      1   0.00000000E+00  0.00000000E+00  2.72611322E-03  0.00000000E+00  0.00000000E+00  0.00000000E+00  0.00000000E+00  0.00000000E+00  7.44410730E-02  0.00000000E+00  0.00000000E+00 -5.59524264E-02
    1.110000      1   0.00000000E+00  0.00000000E+00  2.69278678E-03  0.00000000E+00  0.00000000E+00  0.00000000E+00  0.00000000E+00  0.00000000E+00  7.43851304E-02  0.00000000E+00  0.00000000E+00 -5.59425118E-02
    1.111000      1   0.00000000E+00  0.00000000E+00  2.63022092E-03  0.00000000E+00  0.00000000E+00  0.00000000E+00  0.00000000E+00  0.00000000E+00  7.43292018E-02  0.00000000E+00  0.00000000E+00 -5.59286601E-02
    1.112000      1   0.00000000E+00  0.00000000E+00  2.67328967E-03  0.00000000E+00  0.00000000E+00  0.00000000E+00  0.00000000E+00  0.00000000E+00  7.42732650E-02  0.00000000E+00  0.00000000E+00 -5.59368174E-02
    1.113000      1   0.00000000E+00  0.00000000E+00  2.70638206E-03  0.00000000E+00  0.00000000E+00  0.00000000E+00  0.00000000E+00  0.00000000E+00  7.42173071E-02  0.00000000E+00  0.00000000E+00 -5.59579060E-02
    1.114000      1   0.00000000E+00  0.00000000E+00  2.71971067E-03  0.00000000E+00  0.00000000E+00  0.00000000E+00  0.00000000E+00  0.00000000E+00  7.41613481E-02  0.00000000E+00  0.00000000E+00 -5.59589982E-02
    1.115000      1   0.00000000E+00  0.00000000E+00  2.68505339E-03  0.00000000E+00  0.00000000E+00  0.00000000E+00  0.00000000E+00  0.00000000E+00  7.41054012E-02  0.00000000E+00  0.00000000E+00 -5.59468653E-02
    1.116000      1   0.00000000E+00  0.00000000E+00  2.63446120E-03  0.00000000E+00  0.00000000E+00  0.00000000E+00  0.00000000E+00  0.00000000E+00  7.40494647E-02  0.00000000E+00  0.00000000E+00 -5.59364839E-02
    1.117000      1   0.00000000E+00  0.00000000E+00  2.67432344E-03  0.00000000E+00  0.00000000E+00  0.00000000E+00  0.00000000E+00  0.00000000E+00  7.39935183E-02  0.00000000E+00  0.00000000E+00 -5.59464311E-02
    1.118000      1   0.00000000E+00  0.00000000E+00  2.70283841E-03  0.00000000E+00  0.00000000E+00  0.00000000E+00  0.00000000E+00  0.00000000E+00  7.39375523E-02  0.00000000E+00  0.00000000E+00 -5.59659443E-02
    1.119000      1   0.00000000E+00  0.00000000E+00  2.72867938E-03  0.00000000E+00  0.00000000E+00  0.00000000E+00  0.00000000E+00  0.00000000E+00  7.38815850E-02  0.00000000E+00  0.00000000E+00 -5.59673236E-02
    1.120000      1   0.00000000E+00  0.00000000E+00  2.67967103E-03  0.00000000E+00  0.00000000E+00  0.00000000E+00  0.00000000E+00  0.00000000E+00  7.38256302E-02  0.00000000E+00  0.00000000E+00 -5.59547685E-02
    1.121000      1   0.00000000E+00  0.00000000E+00  2.63346989E-03  0.00000000E+00  0.00000000E+00  0.00000000E+00  0.00000000E+00  0.00000000E+00  7.37696879E-02  0.00000000E+00  0.00000000E+00 -5.59423935E-02
    1.122000      1   0.00000000E+00  0.00000000E+00  2.68003750E-03  0.00000000E+00  0.00000000E+00  0.00000000E+00  0.00000000E+00  0.00000000E+00  7.37137336E-02  0.00000000E+00  0.00000000E+00 -5.59542836E-02
    1.123000      1   0.00000000E+00  0.00000000E+00  2.70564240E-03  0.00000000E+00  0.00000000E+00  0.00000000E+00  0.00000000E+00  0.00000000E+00  7.36577605E-02  0.00000000E+00  0.00000000E+00 -5.59731119E-02
    1.124000      1   0.00000000E+00  0.00000000E+00  2.71925260E-03  0.00000000E+00  0.00000000E+00  0.00000000E+00  0.00000000E+00  0.00000000E+00  7.36017883E-02  0.00000000E+00  0.00000000E+00 -5.59721188E-02
    1.125000      1   0.00000000E+00  0.00000000E+00  2.67662966E-03  0.00000000E+00  0.00000000E+00  0.00000000E+00  0.00000000E+00  0.00000000E+00  7.35458280E-02  0.00000000E+00  0.00000000E+00 -5.59603099E-02
    1.126000      1   0.00000000E+00  0.00000000E+00  2.64234256E-03  0.00000000E+00  0.00000000E+00  0.00000000E+00  0.00000000E+00  0.00000000E+00  7.34898765E-02  0.00000000E+00  0.00000000E+00 -5.59515685E-02
    1.127000      1   0.00000000E+00  0.00000000E+00  2.67927737E-03  0.00000000E+00  0.00000000E+00  0.00000000E+00  0.00000000E+00  0.00000000E+00  7.34339136E-02  0.00000000E+00  0.00000000E+00 -5.59628885E-02
    1.128000      1   0.00000000E+00  0.00000000E+00  2.69846804E-03  0.00000000E+00  0.00000000E+00  0.00000000E+00  0.00000000E+00  0.00000000E+00  7.33779346E-02  0.00000000E+00  0.00000000E+00 -5.59789373E-02
    1.129000      1   0.00000000E+00  0.00000000E+00  2.72568464E-03  0.00000000E+00  0.00000000E+00  0.00000000E+00  0.00000000E+00  0.00000000E+00  7.33219552E-02  0.00000000E+00  0.00000000E+00 -5.59794625E-02
    1.130000      1   0.00000000E+00  0.00000000E+00  2.68208064E-03  0.00000000E+00  0.00000000E+00  0.00000000E+00  0.00000000E+00  0.00000000E+00  7.32659863E-02  0.00000000E+00  0.00000000E+00 -5.59688723E-02
    1.131000      1   0.00000000E+00  0.00000000E+00  2.62917964E-03  0.00000000E+00  0.00000000E+00  0.00000000E+00  0.00000000E+00  0.00000000E+00  7.32100292E-02  0.00000000E+00  0.00000000E+00 -5.59570546E-02
    1.132000      1   0.00000000E+00  0.00000000E+00  2.69288445E-03  0.00000000E+00  0.00000000E+00  0.00000000E+00  0.00000000E+00  0.00000000E+00  7.31540603E-02  0.00000000E+00  0.00000000E+00 -5.59689121E-02
    1.133000      1   0.00000000E+00  0.00000000E+00  2.70030105E-03  0.00000000E+00  0.00000000E+00  0.00000000E+00  0.00000000E+00  0.00000000E+00  7.30980735E-02  0.00000000E+00  0.00000000E+00 -5.59868776E-02
    1.134000      1   0.00000000E+00  0.00000000E+00  2.72180663E-03  0.00000000E+00  0.00000000E+00  0.00000000E+00  0.00000000E+00  0.00000000E+00  7.30420908E-02  0.00000000E+00  0.00000000E+00 -5.59826099E-02
    1.135000      1   0.00000000E+00  0.00000000E+00  2.67082512E-03  0.00000000E+00  0.00000000E+00  0.00000000E+00  0.00000000E+00  0.00000000E+00  7.29861187E-02  0.00000000E+00  0.00000000E+00 -5.59721035E-02
    1.136000      1   0.00000000E+00  0.00000000E+00  2.64367971E-03  0.00000000E+00  0.00000000E+00  0.00000000E+00  0.00000000E+00  0.00000000E+00  7.29301552E-02  0.00000000E+00  0.00000000E+00 -5.59635498E-02
    1.137000      1   0.00000000E+00  0.00000000E+00  2.68179351E-03  0.00000000E+00  0.00000000E+00  0.00000000E+00  0.00000000E+00  0.00000000E+00  7.28741787E-02  0.00000000E+00  0.00000000E+00 -5.59765396E-02
    1.138000      1   0.00000000E+00  0.00000000E+00  2.71247215E-03  0.00000000E+00  0.00000000E+00  0.00000000E+00  0.00000000E+00  0.00000000E+00  7.28181869E-02  0.00000000E+00  0.00000000E+00 -5.59917043E-02
    1.139000      1   0.00000000E+00  0.00000000E+00  2.71296050E-03  0.00000000E+00  0.00000000E+00  0.00000000E+00  0.00000000E+00  0.00000000E+00  7.27621980E-02  0.00000000E+00  0.00000000E+00 -5.59889268E-02
    1.140000      1   0.00000000E+00  0.00000000E+00  2.68325793E-03  0.00000000E+00  0.00000000E+00  0.00000000E+00  0.00000000E+00  0.00000000E+00  7.27062220E-02  0.00000000E+00  0.00000000E+00 -5.59759875E-02
    1.141000      1   0.00000000E+00  0.00000000E+00  2.62540001E-03  0.00000000E+00  0.00000000E+00  0.00000000E+00  0.00000000E+00  0.00000000E+00  7.26502539E-02  0.00000000E+00  0.00000000E+00 -5.59681404E-02
    1.142000      1   0.00000000E+00  0.00000000E+00  2.69802779E-03  0.00000000E+00  0.00000000E+00  0.00000000E+00  0.00000000E+00  0.00000000E+00  7.25942736E-02  0.00000000E+00  0.00000000E+00 -5.59802796E-02
    1.143000      1   0.00000000E+00  0.00000000E+00  2.70339563E-03  0.00000000E+00  0.00000000E+00  0.00000000E+00  0.00000000E+00  0.00000000E+00  7.25382750E-02  0.00000000E+00  0.00000000E+00 -5.59985769E-02
    1.144000      1   0.00000000E+00  0.00000000E+00  2.71516036E-03  0.00000000E+00  0.00000000E+00  0.00000000E+00  0.00000000E+00  0.00000000E+00  7.24822830E-02  0.00000000E+00  0.00000000E+00 -5.59920728E-02
    1.145000      1   0.00000000E+00  0.00000000E+00  2.67564334E-03  0.00000000E+00  0.00000000E+00  0.00000000E+00  0.00000000E+00  0.00000000E+00  7.24263012E-02  0.00000000E+00  0.00000000E+00 -5.59817254E-02
    1.146000      1   0.00000000E+00  0.00000000E+00  2.64181389E-03  0.00000000E+00  0.00000000E+00  0.00000000E+00  0.00000000E+00  0.00000000E+00  7.23703267E-02  0.00000000E+00  0.00000000E+00 -5.59745024E-02
    1.147000      1   0.00000000E+00  0.00000000E+00  2.68153341E-03  0.00000000E+00  0.00000000E+00  0.00000000E+00  0.00000000E+00  0.00000000E+00  7.23143405E-02  0.00000000E+00  0.00000000E+00 -5.59862398E-02
    1.148000      1   0.00000000E+00  0.00000000E+00  2.71442519E-03  0.00000000E+00  0.00000000E+00  0.00000000E+00  0.00000000E+00  0.00000000E+00  7.22583384E-02  0.00000000E+00  0.00000000E+00 -5.60020633E-02
    1.149000      1   0.00000000E+00  0.00000000E+00  2.71652490E-03  0.00000000E+00  0.00000000E+00  0.00000000E+00  0.00000000E+00  0.00000000E+00  7.22023394E-02  0.00000000E+00  0.00000000E+00 -5.59990257E-02
    1.150000      1   0.00000000E+00  0.00000000E+00  2.67362959E-03  0.00000000E+00  0.00000000E+00  0.00000000E+00  0.00000000E+00  0.00000000E+00  7.21463546E-02  0.00000000E+00  0.00000000E+00 -5.59848147E-02
    1.151000      1   0.00000000E+00  0.00000000E+00  2.63156331E-03  0.00000000E+00  0.00000000E+00  0.00000000E+00  0.00000000E+00  0.00000000E+00  7.20903771E-02  0.00000000E+00  0.00000000E+00 -5.59774997E-02
    1.152000      1   0.00000000E+00  0.00000000E+00  2.69657639E-03  0.00000000E+00  0.00000000E+00  0.00000000E+00  0.00000000E+00  0.00000000E+00  7.20343854E-02  0.00000000E+00  0.00000000E+00 -5.59917111E-02
    1.153000      1   0.00000000E+00  0.00000000E+00  2.70718617E-03  0.00000000E+00  0.00000000E+00  0.00000000E+00  0.00000000E+00  0.00000000E+00  7.19783771E-02  0.00000000E+00  0.00000000E+00 -5.60082409E-02
    1.154000      1   0.00000000E+00  0.00000000E+00  2.71734841E-03  0.00000000E+00  0.00000000E+00  0.00000000E+00  0.00000000E+00  0.00000000E+00  7.19223756E-02  0.00000000E+00  0.00000000E+00 -5.60015432E-02
    1.155000      1   0.00000000E+00  0.00000000E+00  2.66196387E-03  0.00000000E+00  0.00000000E+00  0.00000000E+00  0.00000000E+00  0.00000000E+00  7.18663860E-02  0.00000000E+00  0.00000000E+00 -5.59895639E-02
    1.156000      1   0.00000000E+00  0.00000000E+00  2.65030583E-03  0.00000000E+00  0.00000000E+00  0.00000000E+00  0.00000000E+00  0.00000000E+00  7.18104020E-02  0.00000000E+00  0.00000000E+00 -5.59840414E-02
    1.157000      1   0.00000000E+00  0.00000000E+00  2.68003990E-03  0.00000000E+00  0.00000000E+00  0.00000000E+00  0.00000000E+00  0.00000000E+00  7.17544032E-02  0.00000000E+00  0.00000000E+00 -5.59987696E-02
    1.158000      1   0.00000000E+00  0.00000000E+00  2.71647514E-03  0.00000000E+00  0.00000000E+00  0.00000000E+00  0.00000000E+00  0.00000000E+00  7.16983912E-02  0.00000000E+00  0.00000000E+00 -5.60120684E-02
    1.159000      1   0.00000000E+00  0.00000000E+00  2.71650059E-03  0.00000000E+00  0.00000000E+00  0.00000000E+00  0.00000000E+00  0.00000000E+00  7.16423820E-02  0.00000000E+00  0.00000000E+00 -5.60091588E-02
    1.160000      1   0.00000000E+00  0.00000000E+00  2.66662124E-03  0.00000000E+00  0.00000000E+00  0.00000000E+00  0.00000000E+00  0.00000000E+00  7.15863877E-02  0.00000000E+00  0.00000000E+00 -5.59942789E-02
    1.161000      1   0.00000000E+00  0.00000000E+00  2.62969611E-03  0.00000000E+00  0.00000000E+00  0.00000000E+00  0.00000000E+00  0.00000000E+00  7.15303995E-02  0.00000000E+00  0.00000000E+00 -5.59882112E-02
    1.162000      1   0.00000000E+00  0.00000000E+00  2.70184502E-03  0.00000000E+00  0.00000000E+00  0.00000000E+00  0.00000000E+00  0.00000000E+00  7.14743945E-02  0.00000000E+00  0.00000000E+00 -5.60050545E-02
    1.163000      1   0.00000000E+00  0.00000000E+00  2.71680541E-03  0.00000000E+00  0.00000000E+00  0.00000000E+00  0.00000000E+00  0.00000000E+00  7.14183732E-02  0.00000000E+00  0.00000000E+00 -5.60212657E-02
    1.164000      1   0.00000000E+00  0.00000000E+00  2.70026934E-03  0.00000000E+00  0.00000000E+00  0.00000000E+00  0.00000000E+00  0.00000000E+00  7.13623620E-02  0.00000000E+00  0.00000000E+00 -5.60111367E-02
    1.165000      1   0.00000000E+00  0.00000000E+00  2.66390593E-03  0.00000000E+00  0.00000000E+00  0.00000000E+00  0.00000000E+00  0.00000000E+00  7.13063630E-02  0.00000000E+00  0.00000000E+00 -5.59990186E-02
    1.166000      1   0.00000000E+00  0.00000000E+00  2.65310318E-03  0.00000000E+00  0.00000000E+00  0.00000000E+00  0.00000000E+00  0.00000000E+00  7.12503643E-02  0.00000000E+00  0.00000000E+00 -5.59987617E-02
    1.167000      1   0.00000000E+00  0.00000000E+00  2.67928041E-03  0.00000000E+00  0.00000000E+00  0.00000000E+00  0.00000000E+00  0.00000000E+00  7.11943519E-02  0.00000000E+00  0.00000000E+00 -5.60123574E-02
    1.168000      1   0.00000000E+00  0.00000000E+00  2.72754525E-03  0.00000000E+00  0.00000000E+00  0.00000000E+00  0.00000000E+00  0.00000000E+00  7.11383270E-02  0.00000000E+00  0.00000000E+00 -5.60248717E-02
    1.169000      1   0.00000000E+00  0.00000000E+00  2.69867485E-03  0.00000000E+00  0.00000000E+00  0.00000000E+00  0.00000000E+00  0.00000000E+00  7.10823068E-02  0.00000000E+00  0.00000000E+00 -5.60202540E-02
    1.170000      1   0.00000000E+00  0.00000000E+00  2.67068836E-03  0.00000000E+00  0.00000000E+00  0.00000000E+00  0.00000000E+00  0.00000000E+00  7.10263019E-02  0.00000000E+00  0.00000000E+00 -5.60048907E-02
    1.171000      1   0.00000000E+00  0.00000000E+00  2.63735977E-03  0.00000000E+00  0.00000000E+00  0.00000000E+00  0.00000000E+00  0.00000000E+00  7.09702979E-02  0.00000000E+00  0.00000000E+00 -5.60039581E-02
    1.172000      1   0.00000000E+00  0.00000000E+00  2.69972541E-03  0.00000000E+00  0.00000000E+00  0.00000000E+00  0.00000000E+00  0.00000000E+00  7.09142798E-02  0.00000000E+00  0.00000000E+00 -5.60181104E-02
    1.173000      1   0.00000000E+00  0.00000000E+00  2.71654252E-03  0.00000000E+00  0.00000000E+00  0.00000000E+00  0.00000000E+00  0.00000000E+00  7.08582476E-02  0.00000000E+00  0.00000000E+00 -5.60321796E-02
    1.174000      1   0.00000000E+00  0.00000000E+00  2.70157192E-03  0.00000000E+00  0.00000000E+00  0.00000000E+00  0.00000000E+00  0.00000000E+00  7.08022249E-02  0.00000000E+00  0.00000000E+00 -5.60227932E-02
    1.175000      1   0.00000000E+00  0.00000000E+00  2.66139853E-03  0.00000000E+00  0.00000000E+00  0.00000000E+00  0.00000000E+00  0.00000000E+00  7.07462143E-02  0.00000000E+00  0.00000000E+00 -5.60105311E-02
    1.176000      1   0.00000000E+00  0.00000000E+00  2.65647589E-03  0.00000000E+00  0.00000000E+00  0.00000000E+00  0.00000000E+00  0.00000000E+00  7.06902040E-02  0.00000000E+00  0.00000000E+00 -5.60102898E-02
    1.177000      1   0.00000000E+00  0.00000000E+00  2.67953715E-03  0.00000000E+00  0.00000000E+00  0.00000000E+00  0.00000000E+00  0.00000000E+00  7.06341799E-02  0.00000000E+00  0.00000000E+00 -5.60241125E-02
    1.178000      1   0.00000000E+00  0.00000000E+00  2.72670770E-03  0.00000000E+00  0.00000000E+00  0.00000000E+00  0.00000000E+00  0.00000000E+00  7.05781444E-02  0.00000000E+00  0.00000000E+00 -5.60354738E-02
    1.179000      1   0.00000000E+00  0.00000000E+00  2.71267049E-03  0.00000000E+00  0.00000000E+00  0.00000000E+00  0.00000000E+00  0.00000000E+00  7.05221135E-02  0.00000000E+00  0.00000000E+00 -5.60309199E-02
    1.180000      1   0.00000000E+00  0.00000000E+00  2.64920457E-03  0.00000000E+00  0.00000000E+00  0.00000000E+00  0.00000000E+00  0.00000000E+00  7.04661002E-02  0.00000000E+00  0.00000000E+00 -5.60133567E-02
    1.181000      1   0.00000000E+00  0.00000000E+00  2.64254444E-03  0.00000000E+00  0.00000000E+00  0.00000000E+00  0.00000000E+00  0.00000000E+00  7.04100885E-02  0.00000000E+00  0.00000000E+00 -5.60116269E-02
    1.182000      1   0.00000000E+00  0.00000000E+00  2.70990503E-03  0.00000000E+00  0.00000000E+00  0.00000000E+00  0.00000000E+00  0.00000000E+00  7.03540566E-02  0.00000000E+00  0.00000000E+00 -5.60319179E-02
    1.183000      1   0.00000000E+00  0.00000000E+00  2.71220072E-03  0.00000000E+00  0.00000000E+00  0.00000000E+00  0.00000000E+00  0.00000000E+00  7.02980141E-02  0.00000000E+00  0.00000000E+00 -5.60424843E-02
    1.184000      1   0.00000000E+00  0.00000000E+00  2.70828417E-03  0.00000000E+00  0.00000000E+00  0.00000000E+00  0.00000000E+00  0.00000000E+00  7.02419836E-02  0.00000000E+00  0.00000000E+00 -5.60305225E-02
    1.185000      1   0.00000000E+00  0.00000000E+00  2.64169105E-03  0.00000000E+00  0.00000000E+00  0.00000000E+00  0.00000000E+00  0.00000000E+00  7.01859651E-02  0.00000000E+00  0.00000000E+00 -5.60184993E-02
    1.186000      1   0.00000000E+00  0.00000000E+00  2.66692106E-03  0.00000000E+00  0.00000000E+00  0.00000000E+00  0.00000000E+00  0.00000000E+00  7.01299456E-02  0.00000000E+00  0.00000000E+00 -5.60195387E-02
    1.187000      1   0.00000000E+00  0.00000000E+00  2.68717561E-03  0.00000000E+00  0.00000000E+00  0.00000000E+00  0.00000000E+00  0.00000000E+00  7.00739076E-02  0.00000000E+00  0.00000000E+00 -5.60379865E-02
    1.188000      1   0.00000000E+00  0.00000000E+00  2.72276093E-03  0.00000000E+00  0.00000000E+00  0.00000000E+00  0.00000000E+00  0.00000000E+00  7.00178630E-02  0.00000000E+00  0.00000000E+00 -5.60445667E-02
    1.189000      1   0.00000000E+00  0.00000000E+00  2.70760968E-03  0.00000000E+00  0.00000000E+00  0.00000000E+00  0.00000000E+00  0.00000000E+00  6.99618248E-02  0.00000000E+00  0.00000000E+00 -5.60382021E-02
    1.190000      1   0.00000000E+00  0.00000000E+00  2.64289775E-03  0.00000000E+00  0.00000000E+00  0.00000000E+00  0.00000000E+00  0.00000000E+00  6.99058020E-02  0.00000000E+00  0.00000000E+00 -5.60228301E-02
    1.191000      1   0.00000000E+00  0.00000000E+00  2.65519159E-03  0.00000000E+00  0.00000000E+00  0.00000000E+00  0.00000000E+00  0.00000000E+00  6.98497781E-02  0.00000000E+00  0.00000000E+00 -5.60238776E-02
    1.192000      1   0.00000000E+00  0.00000000E+00  2.70565919E-03  0.00000000E+00  0.00000000E+00  0.00000000E+00  0.00000000E+00  0.00000000E+00  6.97937341E-02  0.00000000E+00  0.00000000E+00 -5.60440034E-02
    1.193000      1   0.00000000E+00  0.00000000E+00  2.71793406E-03  0.00000000E+00  0.00000000E+00  0.00000000E+00  0.00000000E+00  0.00000000E+00  6.97376829E-02  0.00000000E+00  0.00000000E+00 -5.60511671E-02
    1.194000      1   0.00000000E+00  0.00000000E+00  2.70143853E-03  0.00000000E+00  0.00000000E+00  0.00000000E+00  0.00000000E+00  0.00000000E+00  6.96816434E-02  0.00000000E+00  0.00000000E+00 -5.60395858E-02
    1.195000      1   0.00000000E+00  0.00000000E+00  2.63817291E-03  0.00000000E+00  0.00000000E+00  0.00000000E+00  0.00000000E+00  0.00000000E+00  6.96256165E-02  0.00000000E+00  0.00000000E+00 -5.60268903E-02
    1.196000      1   0.00000000E+00  0.00000000E+00  2.67062598E-03  0.00000000E+00  0.00000000E+00  0.00000000E+00  0.00000000E+00  0.00000000E+00  6.95695857E-02  0.00000000E+00  0.00000000E+00 -5.60308000E-02
    1.197000      1   0.00000000E+00  0.00000000E+00  2.68840716E-03  0.00000000E+00  0.00000000E+00  0.00000000E+00  0.00000000E+00  0.00000000E+00  6.95135359E-02  0.00000000E+00  0.00000000E+00 -5.60497481E-02
    1.198000      1   0.00000000E+00  0.00000000E+00  2.72175827E-03  0.00000000E+00  0.00000000E+00  0.00000000E+00  0.00000000E+00  0.00000000E+00  6.94574810E-02  0.00000000E+00  0.00000000E+00 -5.60548937E-02
    1.199000      1   0.00000000E+00  0.00000000E+00  2.71084316E-03  0.00000000E+00  0.00000000E+00  0.00000000E+00  0.00000000E+00  0.00000000E+00  6.94014327E-02  0.00000000E+00  0.00000000E+00 -5.60483020E-02
    1.200000      1   0.00000000E+00  0.00000000E+00  2.63418818E-03  0.00000000E+00  0.00000000E+00  0.00000000E+00  0.00000000E+00  0.00000000E+00  6.93454000E-02  0.00000000E+00  0.00000000E+00 -5.60326874E-02
    1.201000      1   0.00000000E+00  0.00000000E+00  2.66157239E-03  0.00000000E+00  0.00000000E+00  0.00000000E+00  0.00000000E+00  0.00000000E+00  6.92893658E-02  0.00000000E+00  0.00000000E+00 -5.60342132E-02
    1.202000      1   0.00000000E+00  0.00000000E+00  2.70513812E-03  0.00000000E+00  0.00000000E+00  0.00000000E+00  0.00000000E+00  0.00000000E+00  6.92333098E-02  0.00000000E+00  0.00000000E+00 -5.60560709E-02
    1.203000      1   0.00000000E+00  0.00000000E+00  2.71310386E-03  0.00000000E+00  0.00000000E+00  0.00000000E+00  0.00000000E+00  0.00000000E+00  6.91772485E-02  0.00000000E+00  0.00000000E+00 -5.60612312E-02
    1.204000      1   0.00000000E+00  0.00000000E+00  2.70772919E-03  0.00000000E+00  0.00000000E+00  0.00000000E+00  0.00000000E+00  0.00000000E+00  6.91211978E-02  0.00000000E+00  0.00000000E+00 -5.60506752E-02
    1.205000      1   0.00000000E+00  0.00000000E+00  2.63063140E-03  0.00000000E+00  0.00000000E+00  0.00000000E+00  0.00000000E+00  0.00000000E+00  6.90651594E-02  0.00000000E+00  0.00000000E+00 -5.60384536E-02
    1.206000      1   0.00000000E+00  0.00000000E+00  2.66843946E-03  0.00000000E+00  0.00000000E+00  0.00000000E+00  0.00000000E+00  0.00000000E+00  6.90091178E-02  0.00000000E+00  0.00000000E+00 -5.60416310E-02
    1.207000      1   0.00000000E+00  0.00000000E+00  2.69757648E-03  0.00000000E+00  0.00000000E+00  0.00000000E+00  0.00000000E+00  0.00000000E+00  6.89530543E-02  0.00000000E+00  0.00000000E+00 -5.60634425E-02
    1.208000      1   0.00000000E+00  0.00000000E+00  2.72126501E-03  0.00000000E+00  0.00000000E+00  0.00000000E+00  0.00000000E+00  0.00000000E+00  6.88969866E-02  0.00000000E+00  0.00000000E+00 -5.60676847E-02
    1.209000      1   0.00000000E+00  0.00000000E+00  2.70635078E-03  0.00000000E+00  0.00000000E+00  0.00000000E+00  0.00000000E+00  0.00000000E+00  6.88409285E-02  0.00000000E+00  0.00000000E+00 -5.60581689E-02
    1.210000      1   0.00000000E+00  0.00000000E+00  2.62902645E-03  0.00000000E+00  0.00000000E+00  0.00000000E+00  0.00000000E+00  0.00000000E+00  6.87848850E-02  0.00000000E+00  0.00000000E+00 -5.60435108E-02
    1.211000      1   0.00000000E+00  0.00000000E+00  2.66716858E-03  0.00000000E+00  0.00000000E+00  0.00000000E+00  0.00000000E+00  0.00000000E+00  6.87288375E-02  0.00000000E+00  0.00000000E+00 -5.60474247E-02
    1.212000      1   0.00000000E+00  0.00000000E+00  2.70405079E-03  0.00000000E+00  0.00000000E+00  0.00000000E+00  0.00000000E+00  0.00000000E+00  6.86727675E-02  0.00000000E+00  0.00000000E+00 -5.60699880E-02
    1.213000      1   0.00000000E+00  0.00000000E+00  2.71998643E-03  0.00000000E+00  0.00000000E+00  0.00000000E+00  0.00000000E+00  0.00000000E+00  6.86166940E-02  0.00000000E+00  0.00000000E+00 -5.60735027E-02
    1.214000      1   0.00000000E+00  0.00000000E+00  2.69839971E-03  0.00000000E+00  0.00000000E+00  0.00000000E+00  0.00000000E+00  0.00000000E+00  6.85606320E-02  0.00000000E+00  0.00000000E+00 -5.60620867E-02
    1.215000      1   0.00000000E+00  0.00000000E+00  2.63271898E-03  0.00000000E+00  0.00000000E+00  0.00000000E+00  0.00000000E+00  0.00000000E+00  6.85045827E-02  0.00000000E+00  0.00000000E+00 -5.60492545E-02
    1.216000      1   0.00000000E+00  0.00000000E+00  2.66881535E-03  0.00000000E+00  0.00000000E+00  0.00000000E+00  0.00000000E+00  0.00000000E+00  6.84485276E-02  0.00000000E+00  0.00000000E+00 -5.60551267E-02
    1.217000      1   0.00000000E+00  0.00000000E+00  2.69696048E-03  0.00000000E+00  0.00000000E+00  0.00000000E+00  0.00000000E+00  0.00000000E+00  6.83924514E-02  0.00000000E+00  0.00000000E+00 -5.60761861E-02
    1.218000      1   0.00000000E+00  0.00000000E+00  2.72683208E-03  0.00000000E+00  0.00000000E+00  0.00000000E+00  0.00000000E+00  0.00000000E+00  6.83363710E-02  0.00000000E+00  0.00000000E+00 -5.60804139E-02
    1.219000      1   0.00000000E+00  0.00000000E+00  2.69964510E-03  0.00000000E+00  0.00000000E+00  0.00000000E+00  0.00000000E+00  0.00000000E+00  6.82803009E-02  0.00000000E+00  0.00000000E+00 -5.60701158E-02
    1.220000      1   0.00000000E+00  0.00000000E+00  2.62548631E-03  0.00000000E+00  0.00000000E+00  0.00000000E+00  0.00000000E+00  0.00000000E+00  6.82242460E-02  0.00000000E+00  0.00000000E+00 -5.60548152E-02
    1.221000      1   0.00000000E+00  0.00000000E+00  2.67666773E-03  0.00000000E+00  0.00000000E+00  0.00000000E+00  0.00000000E+00  0.00000000E+00  6.81681845E-02  0.00000000E+00  0.00000000E+00 -5.60615574E-02
    1.222000      1   0.00000000E+00  0.00000000E+00  2.70095072E-03  0.00000000E+00  0.00000000E+00  0.00000000E+00  0.00000000E+00  0.00000000E+00  6.81121009E-02  0.00000000E+00  0.00000000E+00 -5.60836036E-02
    1.223000      1   0.00000000E+00  0.00000000E+00  2.72240572E-03  0.00000000E+00  0.00000000E+00  0.00000000E+00  0.00000000E+00  0.00000000E+00  6.80560163E-02  0.00000000E+00  0.00000000E+00 -5.60845468E-02
    1.224000      1   0.00000000E+00  0.00000000E+00  2.69113178E-03  0.00000000E+00  0.00000000E+00  0.00000000E+00  0.00000000E+00  0.00000000E+00  6.79999426E-02  0.00000000E+00  0.00000000E+00 -5.60737211E-02
    1.225000      1   0.00000000E+00  0.00000000E+00  2.63688990E-03  0.00000000E+00  0.00000000E+00  0.00000000E+00  0.00000000E+00  0.00000000E+00  6.79438812E-02  0.00000000E+00  0.00000000E+00 -5.60613797E-02
    1.226000      1   0.00000000E+00  0.00000000E+00  2.67284272E-03  0.00000000E+00  0.00000000E+00  0.00000000E+00  0.00000000E+00  0.00000000E+00  6.78878123E-02  0.00000000E+00  0.00000000E+00 -5.60689011E-02
    1.227000      1   0.00000000E+00  0.00000000E+00  2.69429895E-03  0.00000000E+00  0.00000000E+00  0.00000000E+00  0.00000000E+00  0.00000000E+00  6.78317245E-02  0.00000000E+00  0.00000000E+00 -5.60878786E-02
    1.228000      1   0.00000000E+00  0.00000000E+00  2.73094553E-03  0.00000000E+00  0.00000000E+00  0.00000000E+00  0.00000000E+00  0.00000000E+00  6.77756332E-02  0.00000000E+00  0.00000000E+00 -5.60912543E-02
    1.229000      1   0.00000000E+00  0.00000000E+00  2.69227716E-03  0.00000000E+00  0.00000000E+00  0.00000000E+00  0.00000000E+00  0.00000000E+00  6.77195521E-02  0.00000000E+00  0.00000000E+00 -5.60811030E-02
    1.230000      1   0.00000000E+00  0.00000000E+00  2.62990407E-03  0.00000000E+00  0.00000000E+00  0.00000000E+00  0.00000000E+00  0.00000000E+00  6.76634863E-02  0.00000000E+00  0.00000000E+00 -5.60657544E-02
    1.231000      1   0.00000000E+00  0.00000000E+00  2.67702212E-03  0.00000000E+00  0.00000000E+00  0.00000000E+00  0.00000000E+00  0.00000000E+00  6.76074122E-02  0.00000000E+00  0.00000000E+00 -5.60741351E-02
    1.232000      1   0.00000000E+00  0.00000000E+00  2.70572408E-03  0.00000000E+00  0.00000000E+00  0.00000000E+00  0.00000000E+00  0.00000000E+00  6.75513175E-02  0.00000000E+00  0.00000000E+00 -5.60946677E-02
    1.233000      1   0.00000000E+00  0.00000000E+00  2.72198429E-03  0.00000000E+00  0.00000000E+00  0.00000000E+00  0.00000000E+00  0.00000000E+00  6.74952229E-02  0.00000000E+00  0.00000000E+00 -5.60946504E-02
    1.234000      1   0.00000000E+00  0.00000000E+00  2.68671359E-03  0.00000000E+00  0.00000000E+00  0.00000000E+00  0.00000000E+00  0.00000000E+00  6.74391406E-02  0.00000000E+00  0.00000000E+00 -5.60823316E-02
    1.235000      1   0.00000000E+00  0.00000000E+00  2.63446216E-03  0.00000000E+00  0.00000000E+00  0.00000000E+00  0.00000000E+00  0.00000000E+00  6.73830696E-02  0.00000000E+00  0.00000000E+00 -5.60709099E-02
    1.236000      1   0.00000000E+00  0.00000000E+00  2.67443521E-03  0.00000000E+00  0.00000000E+00  0.00000000E+00  0.00000000E+00  0.00000000E+00  6.73269893E-02  0.00000000E+00  0.00000000E+00 -5.60803117E-02
    1.237000      1   0.00000000E+00  0.00000000E+00  2.70463421E-03  0.00000000E+00  0.00000000E+00  0.00000000E+00  0.00000000E+00  0.00000000E+00  6.72708895E-02  0.00000000E+00  0.00000000E+00 -5.60998048E-02
    1.238000      1   0.00000000E+00  0.00000000E+00  2.73006334E-03  0.00000000E+00  0.00000000E+00  0.00000000E+00  0.00000000E+00  0.00000000E+00  6.72147887E-02  0.00000000E+00  0.00000000E+00 -5.61008299E-02
    1.239000      1   0.00000000E+00  0.00000000E+00  2.68083281E-03  0.00000000E+00  0.00000000E+00  0.00000000E+00  0.00000000E+00  0.00000000E+00  6.71587013E-02  0.00000000E+00  0.00000000E+00 -5.60874403E-02
    1.240000      1   0.00000000E+00  0.00000000E+00  2.63379280E-03  0.00000000E+00  0.00000000E+00  0.00000000E+00  0.00000000E+00  0.00000000E+00  6.71026269E-02  0.00000000E+00  0.00000000E+00 -5.60744052E-02
    1.241000      1   0.00000000E+00  0.00000000E+00  2.68140446E-03  0.00000000E+00  0.00000000E+00  0.00000000E+00  0.00000000E+00  0.00000000E+00  6.70465410E-02  0.00000000E+00  0.00000000E+00 -5.60858567E-02
    1.242000      1   0.00000000E+00  0.00000000E+00  2.70653295E-03  0.00000000E+00  0.00000000E+00  0.00000000E+00  0.00000000E+00  0.00000000E+00  6.69904367E-02  0.00000000E+00  0.00000000E+00 -5.61043373E-02
    1.243000      1   0.00000000E+00  0.00000000E+00  2.71962853E-03  0.00000000E+00  0.00000000E+00  0.00000000E+00  0.00000000E+00  0.00000000E+00  6.69343339E-02  0.00000000E+00  0.00000000E+00 -5.61027378E-02
    1.244000      1   0.00000000E+00  0.00000000E+00  2.68031421E-03  0.00000000E+00  0.00000000E+00  0.00000000E+00  0.00000000E+00  0.00000000E+00  6.68782434E-02  0.00000000E+00  0.00000000E+00 -5.60905699E-02
    1.245000      1   0.00000000E+00  0.00000000E+00  2.64107889E-03  0.00000000E+00  0.00000000E+00  0.00000000E+00  0.00000000E+00  0.00000000E+00  6.68221623E-02  0.00000000E+00  0.00000000E+00 -5.60810535E-02
    1.246000      1   0.00000000E+00  0.00000000E+00  2.68135759E-03  0.00000000E+00  0.00000000E+00  0.00000000E+00  0.00000000E+00  0.00000000E+00  6.67660709E-02  0.00000000E+00  0.00000000E+00 -5.60913868E-02
    1.247000      1   0.00000000E+00  0.00000000E+00  2.70215594E-03  0.00000000E+00  0.00000000E+00  0.00000000E+00  0.00000000E+00  0.00000000E+00  6.67099634E-02  0.00000000E+00  0.00000000E+00 -5.61074828E-02
    1.248000      1   0.00000000E+00  0.00000000E+00  2.72404735E-03  0.00000000E+00  0.00000000E+00  0.00000000E+00  0.00000000E+00  0.00000000E+00  6.66538568E-02  0.00000000E+00  0.00000000E+00 -5.61066727E-02
    1.249000      1   0.00000000E+00  0.00000000E+00  2.68208806E-03  0.00000000E+00  0.00000000E+00  0.00000000E+00  0.00000000E+00  0.00000000E+00  6.65977616E-02  0.00000000E+00  0.00000000E+00 -5.60951608E-02
    1.250000      1   0.00000000E+00  0.00000000E+00  2.63052117E-03  0.00000000E+00  0.00000000E+00  0.00000000E+00  0.00000000E+00  0.00000000E+00  6.65416777E-02  0.00000000E+00  0.00000000E+00 -5.60838796E-02
    1.251000      1   0.00000000E+00  0.00000000E+00  2.69629953E-03  0.00000000E+00  0.00000000E+00  0.00000000E+00  0.00000000E+00  0.00000000E+00  6.64855822E-02  0.00000000E+00  0.00000000E+00 -5.60954974E-02
    1.252000      1   0.00000000E+00  0.00000000E+00  2.70427597E-03  0.00000000E+00  0.00000000E+00  0.00000000E+00  0.00000000E+00  0.00000000E+00  6.64294698E-02  0.00000000E+00  0.00000000E+00 -5.61124183E-02
    1.253000      1   0.00000000E+00  0.00000000E+00  2.71845662E-03  0.00000000E+00  0.00000000E+00  0.00000000E+00  0.00000000E+00  0.00000000E+00  6.63733635E-02  0.00000000E+00  0.00000000E+00 -5.61063262E-02
    1.254000      1   0.00000000E+00  0.00000000E+00  2.67612935E-03  0.00000000E+00  0.00000000E+00  0.00000000E+00  0.00000000E+00  0.00000000E+00  6.63172684E-02  0.00000000E+00  0.00000000E+00 -5.60951067E-02
    1.255000      1   0.00000000E+00  0.00000000E+00  2.64271858E-03  0.00000000E+00  0.00000000E+00  0.00000000E+00  0.00000000E+00  0.00000000E+00  6.62611817E-02  0.00000000E+00  0.00000000E+00 -5.60867153E-02
    1.256000      1   0.00000000E+00  0.00000000E+00  2.67943839E-03  0.00000000E+00  0.00000000E+00  0.00000000E+00  0.00000000E+00  0.00000000E+00  6.62050835E-02  0.00000000E+00  0.00000000E+00 -5.60981330E-02
    1.257000      1   0.00000000E+00  0.00000000E+00  2.71434905E-03  0.00000000E+00  0.00000000E+00  0.00000000E+00  0.00000000E+00  0.00000000E+00  6.61489695E-02  0.00000000E+00  0.00000000E+00 -5.61140299E-02
    1.258000      1   0.00000000E+00  0.00000000E+00  2.71864817E-03  0.00000000E+00  0.00000000E+00  0.00000000E+00  0.00000000E+00  0.00000000E+00  6.60928578E-02  0.00000000E+00  0.00000000E+00 -5.61116939E-02
    1.259000      1   0.00000000E+00  0.00000000E+00  2.67799047E-03  0.00000000E+00  0.00000000E+00  0.00000000E+00  0.00000000E+00  0.00000000E+00  6.60367607E-02  0.00000000E+00  0.00000000E+00 -5.60971324E-02
    1.260000      1   0.00000000E+00  0.00000000E+00  2.62846240E-03  0.00000000E+00  0.00000000E+00  0.00000000E+00  0.00000000E+00  0.00000000E+00  6.59806723E-02  0.00000000E+00  0.00000000E+00 -5.60883489E-02
    1.261000      1   0.00000000E+00  0.00000000E+00  2.70074161E-03  0.00000000E+00  0.00000000E+00  0.00000000E+00  0.00000000E+00  0.00000000E+00  6.59245706E-02  0.00000000E+00  0.00000000E+00 -5.61016765E-02
    1.262000      1   0.00000000E+00  0.00000000E+00  2.70626815E-03  0.00000000E+00  0.00000000E+00  0.00000000E+00  0.00000000E+00  0.00000000E+00  6.58684522E-02  0.00000000E+00  0.00000000E+00 -5.61184881E-02
    1.263000      1   0.00000000E+00  0.00000000E+00  2.71721366E-03  0.00000000E+00  0.00000000E+00  0.00000000E+00  0.00000000E+00  0.00000000E+00  6.58123416E-02  0.00000000E+00  0.00000000E+00 -5.61105848E-02
    1.264000      1   0.00000000E+00  0.00000000E+00  2.66579509E-03  0.00000000E+00  0.00000000E+00  0.00000000E+00  0.00000000E+00  0.00000000E+00  6.57562426E-02  0.00000000E+00  0.00000000E+00 -5.60989309E-02
    1.265000      1   0.00000000E+00  0.00000000E+00  2.65120567E-03  0.00000000E+00  0.00000000E+00  0.00000000E+00  0.00000000E+00  0.00000000E+00  6.57001499E-02  0.00000000E+00  0.00000000E+00 -5.60927751E-02
    1.266000      1   0.00000000E+00  0.00000000E+00  2.67856519E-03  0.00000000E+00  0.00000000E+00  0.00000000E+00  0.00000000E+00  0.00000000E+00  6.56440438E-02  0.00000000E+00  0.00000000E+00 -5.61060860E-02
    1.267000      1   0.00000000E+00  0.00000000E+00  2.71921604E-03  0.00000000E+00  0.00000000E+00  0.00000000E+00  0.00000000E+00  0.00000000E+00  6.55879244E-02  0.00000000E+00  0.00000000E+00 -5.61193500E-02
    1.268000      1   0.00000000E+00  0.00000000E+00  2.71604556E-03  0.00000000E+00  0.00000000E+00  0.00000000E+00  0.00000000E+00  0.00000000E+00  6.55318080E-02  0.00000000E+00  0.00000000E+00 -5.61164400E-02
    1.269000      1   0.00000000E+00  0.00000000E+00  2.66866452E-03  0.00000000E+00  0.00000000E+00  0.00000000E+00  0.00000000E+00  0.00000000E+00  6.54757072E-02  0.00000000E+00  0.00000000E+00 -5.61007404E-02
    1.270000      1   0.00000000E+00  0.00000000E+00  2.63010206E-03  0.00000000E+00  0.00000000E+00  0.00000000E+00  0.00000000E+00  0.00000000E+00  6.54196128E-02  0.00000000E+00  0.00000000E+00 -5.60944609E-02
    1.271000      1   0.00000000E+00  0.00000000E+00  2.70472849E-03  0.00000000E+00  0.00000000E+00  0.00000000E+00  0.00000000E+00  0.00000000E+00  6.53635022E-02  0.00000000E+00  0.00000000E+00 -5.61105613E-02
    1.272000      1   0.00000000E+00  0.00000000E+00  2.71504057E-03  0.00000000E+00  0.00000000E+00  0.00000000E+00  0.00000000E+00  0.00000000E+00  6.53073761E-02  0.00000000E+00  0.00000000E+00 -5.61261293E-02
    1.273000      1   0.00000000E+00  0.00000000E+00  2.70176648E-03  0.00000000E+00  0.00000000E+00  0.00000000E+00  0.00000000E+00  0.00000000E+00  6.52512607E-02  0.00000000E+00  0.00000000E+00 -5.61153654E-02
    1.274000      1   0.00000000E+00  0.00000000E+00  2.66463916E-03  0.00000000E+00  0.00000000E+00  0.00000000E+00  0.00000000E+00  0.00000000E+00  6.51951572E-02  0.00000000E+00  0.00000000E+00 -5.61035621E-02
    1.275000      1   0.00000000E+00  0.00000000E+00  2.65421153E-03  0.00000000E+00  0.00000000E+00  0.00000000E+00  0.00000000E+00  0.00000000E+00  6.51390545E-02  0.00000000E+00  0.00000000E+00 -5.61026839E-02
    1.276000      1   0.00000000E+00  0.00000000E+00  2.67955456E-03  0.00000000E+00  0.00000000E+00  0.00000000E+00  0.00000000E+00  0.00000000E+00  6.50829386E-02  0.00000000E+00  0.00000000E+00 -5.61158428E-02
    1.277000      1   0.00000000E+00  0.00000000E+00  2.73002230E-03  0.00000000E+00  0.00000000E+00  0.00000000E+00  0.00000000E+00  0.00000000E+00  6.50268107E-02  0.00000000E+00  0.00000000E+00 -5.61279446E-02
    1.278000      1   0.00000000E+00  0.00000000E+00  2.70163018E-03  0.00000000E+00  0.00000000E+00  0.00000000E+00  0.00000000E+00  0.00000000E+00  6.49706879E-02  0.00000000E+00  0.00000000E+00 -5.61227988E-02
    1.279000      1   0.00000000E+00  0.00000000E+00  2.66766106E-03  0.00000000E+00  0.00000000E+00  0.00000000E+00  0.00000000E+00  0.00000000E+00  6.49145818E-02  0.00000000E+00  0.00000000E+00 -5.61060995E-02
    1.280000      1   0.00000000E+00  0.00000000E+00  2.63993700E-03  0.00000000E+00  0.00000000E+00  0.00000000E+00  0.00000000E+00  0.00000000E+00  6.48584771E-02  0.00000000E+00  0.00000000E+00 -5.61047316E-02
    1.281000      1   0.00000000E+00  0.00000000E+00  2.69985290E-03  0.00000000E+00  0.00000000E+00  0.00000000E+00  0.00000000E+00  0.00000000E+00  6.48023576E-02  0.00000000E+00  0.00000000E+00 -5.61194223E-02
    1.282000      1   0.00000000E+00  0.00000000E+00  2.71661628E-03  0.00000000E+00  0.00000000E+00  0.00000000E+00  0.00000000E+00  0.00000000E+00  6.47462250E-02  0.00000000E+00  0.00000000E+00 -5.61326226E-02
    1.283000      1   0.00000000E+00  0.00000000E+00  2.70577372E-03  0.00000000E+00  0.00000000E+00  0.00000000E+00  0.00000000E+00  0.00000000E+00  6.46901018E-02  0.00000000E+00  0.00000000E+00 -5.61231812E-02
    1.284000      1   0.00000000E+00  0.00000000E+00  2.65837014E-03  0.00000000E+00  0.00000000E+00  0.00000000E+00  0.00000000E+00  0.00000000E+00  6.46339917E-02  0.00000000E+00  0.00000000E+00 -5.61101519E-02
    1.285000      1   0.00000000E+00  0.00000000E+00  2.65614933E-03  0.00000000E+00  0.00000000E+00  0.00000000E+00  0.00000000E+00  0.00000000E+00  6.45778826E-02  0.00000000E+00  0.00000000E+00 -5.61090662E-02
    1.286000      1   0.00000000E+00  0.00000000E+00  2.68483064E-03  0.00000000E+00  0.00000000E+00  0.00000000E+00  0.00000000E+00  0.00000000E+00  6.45217587E-02  0.00000000E+00  0.00000000E+00 -5.61239413E-02
    1.287000      1   0.00000000E+00  0.00000000E+00  2.72588417E-03  0.00000000E+00  0.00000000E+00  0.00000000E+00  0.00000000E+00  0.00000000E+00  6.44656242E-02  0.00000000E+00  0.00000000E+00 -5.61344737E-02
    1.288000      1   0.00000000E+00  0.00000000E+00  2.71369758E-03  0.00000000E+00  0.00000000E+00  0.00000000E+00  0.00000000E+00  0.00000000E+00  6.44094959E-02  0.00000000E+00  0.00000000E+00 -5.61283269E-02
    1.289000      1   0.00000000E+00  0.00000000E+00  2.64581020E-03  0.00000000E+00  0.00000000E+00  0.00000000E+00  0.00000000E+00  0.00000000E+00  6.43533850E-02  0.00000000E+00  0.00000000E+00 -5.61108526E-02
    1.290000      1   0.00000000E+00  0.00000000E+00  2.65005065E-03  0.00000000E+00  0.00000000E+00  0.00000000E+00  0.00000000E+00  0.00000000E+00  6.42972756E-02  0.00000000E+00  0.00000000E+00 -5.61093857E-02
    1.291000      1   0.00000000E+00  0.00000000E+00  2.70694407E-03  0.00000000E+00  0.00000000E+00  0.00000000E+00  0.00000000E+00  0.00000000E+00  6.42411462E-02  0.00000000E+00  0.00000000E+00 -5.61294641E-02
    1.292000      1   0.00000000E+00  0.00000000E+00  2.71458086E-03  0.00000000E+00  0.00000000E+00  0.00000000E+00  0.00000000E+00  0.00000000E+00  6.41850081E-02  0.00000000E+00  0.00000000E+00 -5.61380890E-02
    1.293000      1   0.00000000E+00  0.00000000E+00  2.70639091E-03  0.00000000E+00  0.00000000E+00  0.00000000E+00  0.00000000E+00  0.00000000E+00  6.41288814E-02  0.00000000E+00  0.00000000E+00 -5.61266787E-02
    1.294000      1   0.00000000E+00  0.00000000E+00  2.64113810E-03  0.00000000E+00  0.00000000E+00  0.00000000E+00  0.00000000E+00  0.00000000E+00  6.40727672E-02  0.00000000E+00  0.00000000E+00 -5.61142086E-02
    1.295000      1   0.00000000E+00  0.00000000E+00  2.66707946E-03  0.00000000E+00  0.00000000E+00  0.00000000E+00  0.00000000E+00  0.00000000E+00  6.40166512E-02  0.00000000E+00  0.00000000E+00 -5.61159675E-02
    1.296000      1   0.00000000E+00  0.00000000E+00  2.69100903E-03  0.00000000E+00  0.00000000E+00  0.00000000E+00  0.00000000E+00  0.00000000E+00  6.39605167E-02  0.00000000E+00  0.00000000E+00 -5.61345690E-02
    1.297000      1   0.00000000E+00  0.00000000E+00  2.72656979E-03  0.00000000E+00  0.00000000E+00  0.00000000E+00  0.00000000E+00  0.00000000E+00  6.39043762E-02  0.00000000E+00  0.00000000E+00 -5.61404193E-02
    1.298000      1   0.00000000E+00  0.00000000E+00  2.70544591E-03  0.00000000E+00  0.00000000E+00  0.00000000E+00  0.00000000E+00  0.00000000E+00  6.38482441E-02  0.00000000E+00  0.00000000E+00 -5.61321222E-02
    1.299000      1   0.00000000E+00  0.00000000E+00  2.64205495E-03  0.00000000E+00  0.00000000E+00  0.00000000E+00  0.00000000E+00  0.00000000E+00  6.37921282E-02  0.00000000E+00  0.00000000E+00 -5.61158819E-02
    1.300000      1   0.00000000E+00  0.00000000E+00  2.66019515E-03  0.00000000E+00  0.00000000E+00  0.00000000E+00  0.00000000E+00  0.00000000E+00  6.37360105E-02  0.00000000E+00  0.00000000E+00 -5.61177890E-02
    1.301000      1   0.00000000E+00  0.00000000E+00  2.70174187E-03  0.00000000E+00  0.00000000E+00  0.00000000E+00  0.00000000E+00  0.00000000E+00  6.36798731E-02  0.00000000E+00  0.00000000E+00 -5.61373068E-02
    1.302000      1   0.00000000E+00  0.00000000E+00  2.71795051E-03  0.00000000E+00  0.00000000E+00  0.00000000E+00  0.00000000E+00  0.00000000E+00  6.36237296E-02  0.00000000E+00  0.00000000E+00 -5.61435200E-02
    1.303000      1   0.00000000E+00  0.00000000E+00  2.70669144E-03  0.00000000E+00  0.00000000E+00  0.00000000E+00  0.00000000E+00  0.00000000E+00  6.35675964E-02  0.00000000E+00  0.00000000E+00 -5.61332223E-02
    1.304000      1   0.00000000E+00  0.00000000E+00  2.63474772E-03  0.00000000E+00  0.00000000E+00  0.00000000E+00  0.00000000E+00  0.00000000E+00  6.35114768E-02  0.00000000E+00  0.00000000E+00 -5.61195924E-02
    1.305000      1   0.00000000E+00  0.00000000E+00  2.66717102E-03  0.00000000E+00  0.00000000E+00  0.00000000E+00  0.00000000E+00  0.00000000E+00  6.34553544E-02  0.00000000E+00  0.00000000E+00 -5.61223827E-02
    1.306000      1   0.00000000E+00  0.00000000E+00  2.69816187E-03  0.00000000E+00  0.00000000E+00  0.00000000E+00  0.00000000E+00  0.00000000E+00  6.33992114E-02  0.00000000E+00  0.00000000E+00 -5.61430667E-02
    1.307000      1   0.00000000E+00  0.00000000E+00  2.71951905E-03  0.00000000E+00  0.00000000E+00  0.00000000E+00  0.00000000E+00  0.00000000E+00  6.33430637E-02  0.00000000E+00  0.00000000E+00 -5.61476219E-02
    1.308000      1   0.00000000E+00  0.00000000E+00  2.70921258E-03  0.00000000E+00  0.00000000E+00  0.00000000E+00  0.00000000E+00  0.00000000E+00  6.32869255E-02  0.00000000E+00  0.00000000E+00 -5.61382226E-02
    1.309000      1   0.00000000E+00  0.00000000E+00  2.63286201E-03  0.00000000E+00  0.00000000E+00  0.00000000E+00  0.00000000E+00  0.00000000E+00  6.32308019E-02  0.00000000E+00  0.00000000E+00 -5.61236318E-02
    1.310000      1   0.00000000E+00  0.00000000E+00  2.66410305E-03  0.00000000E+00  0.00000000E+00  0.00000000E+00  0.00000000E+00  0.00000000E+00  6.31746760E-02  0.00000000E+00  0.00000000E+00 -5.61259276E-02
    1.311000      1   0.00000000E+00  0.00000000E+00  2.70693196E-03  0.00000000E+00  0.00000000E+00  0.00000000E+00  0.00000000E+00  0.00000000E+00  6.31185282E-02  0.00000000E+00  0.00000000E+00 -5.61477734E-02
    1.312000      1   0.00000000E+00  0.00000000E+00  2.71411622E-03  0.00000000E+00  0.00000000E+00  0.00000000E+00  0.00000000E+00  0.00000000E+00  6.30623764E-02  0.00000000E+00  0.00000000E+00 -5.61517853E-02
    1.313000      1   0.00000000E+00  0.00000000E+00  2.70604842E-03  0.00000000E+00  0.00000000E+00  0.00000000E+00  0.00000000E+00  0.00000000E+00  6.30062359E-02  0.00000000E+00  0.00000000E+00 -5.61404612E-02
    1.314000      1   0.00000000E+00  0.00000000E+00  2.63399583E-03  0.00000000E+00  0.00000000E+00  0.00000000E+00  0.00000000E+00  0.00000000E+00  6.29501077E-02  0.00000000E+00  0.00000000E+00 -5.61282043E-02
    1.315000      1   0.00000000E+00  0.00000000E+00  2.66627662E-03  0.00000000E+00  0.00000000E+00  0.00000000E+00  0.00000000E+00  0.00000000E+00  6.28939764E-02  0.00000000E+00  0.00000000E+00 -5.61313387E-02
    1.316000      1   0.00000000E+00  0.00000000E+00  2.69708228E-03  0.00000000E+00  0.00000000E+00  0.00000000E+00  0.00000000E+00  0.00000000E+00  6.28378240E-02  0.00000000E+00  0.00000000E+00 -5.61524278E-02
    1.317000      1   0.00000000E+00  0.00000000E+00  2.72774222E-03  0.00000000E+00  0.00000000E+00  0.00000000E+00  0.00000000E+00  0.00000000E+00  6.27816665E-02  0.00000000E+00  0.00000000E+00 -5.61574677E-02
    1.318000      1   0.00000000E+00  0.00000000E+00  2.70286058E-03  0.00000000E+00  0.00000000E+00  0.00000000E+00  0.00000000E+00  0.00000000E+00  6.27255195E-02  0.00000000E+00  0.00000000E+00 -5.61469687E-02
    1.319000      1   0.00000000E+00  0.00000000E+00  2.62587640E-03  0.00000000E+00  0.00000000E+00  0.00000000E+00  0.00000000E+00  0.00000000E+00  6.26693887E-02  0.00000000E+00  0.00000000E+00 -5.61308006E-02
    1.320000      1   0.00000000E+00  0.00000000E+00  2.67492857E-03  0.00000000E+00  0.00000000E+00  0.00000000E+00  0.00000000E+00  0.00000000E+00  6.26132523E-02  0.00000000E+00  0.00000000E+00 -5.61364178E-02
    1.321000      1   0.00000000E+00  0.00000000E+00  2.70288710E-03  0.00000000E+00  0.00000000E+00  0.00000000E+00  0.00000000E+00  0.00000000E+00  6.25570937E-02  0.00000000E+00  0.00000000E+00 -5.61586434E-02
    1.322000      1   0.00000000E+00  0.00000000E+00  2.72165578E-03  0.00000000E+00  0.00000000E+00  0.00000000E+00  0.00000000E+00  0.00000000E+00  6.25009339E-02  0.00000000E+00  0.00000000E+00 -5.61598154E-02
    1.323000      1   0.00000000E+00  0.00000000E+00  2.69401602E-03  0.00000000E+00  0.00000000E+00  0.00000000E+00  0.00000000E+00  0.00000000E+00  6.24447854E-02  0.00000000E+00  0.00000000E+00 -5.61484863E-02
    1.324000      1   0.00000000E+00  0.00000000E+00  2.63523941E-03  0.00000000E+00  0.00000000E+00  0.00000000E+00  0.00000000E+00  0.00000000E+00  6.23886495E-02  0.00000000E+00  0.00000000E+00 -5.61358811E-02
    1.325000      1   0.00000000E+00  0.00000000E+00  2.67492264E-03  0.00000000E+00  0.00000000E+00  0.00000000E+00  0.00000000E+00  0.00000000E+00  6.23325067E-02  0.00000000E+00  0.00000000E+00 -5.61427473E-02
    1.326000      1   0.00000000E+00  0.00000000E+00  2.69334362E-03  0.00000000E+00  0.00000000E+00  0.00000000E+00  0.00000000E+00  0.00000000E+00  6.22763448E-02  0.00000000E+00  0.00000000E+00 -5.61618990E-02
    1.327000      1   0.00000000E+00  0.00000000E+00  2.73262322E-03  0.00000000E+00  0.00000000E+00  0.00000000E+00  0.00000000E+00  0.00000000E+00  6.22201801E-02  0.00000000E+00  0.00000000E+00 -5.61647605E-02
    1.328000      1   0.00000000E+00  0.00000000E+00  2.69280474E-03  0.00000000E+00  0.00000000E+00  0.00000000E+00  0.00000000E+00  0.00000000E+00  6.21640255E-02  0.00000000E+00  0.00000000E+00 -5.61546262E-02
    1.329000      1   0.00000000E+00  0.00000000E+00  2.63034080E-03  0.00000000E+00  0.00000000E+00  0.00000000E+00  0.00000000E+00  0.00000000E+00  6.21078868E-02  0.00000000E+00  0.00000000E+00 -5.61386334E-02
    1.330000      1   0.00000000E+00  0.00000000E+00  2.67729194E-03  0.00000000E+00  0.00000000E+00  0.00000000E+00  0.00000000E+00  0.00000000E+00  6.20517401E-02  0.00000000E+00  0.00000000E+00 -5.61467636E-02
    1.331000      1   0.00000000E+00  0.00000000E+00  2.70688014E-03  0.00000000E+00  0.00000000E+00  0.00000000E+00  0.00000000E+00  0.00000000E+00  6.19955730E-02  0.00000000E+00  0.00000000E+00 -5.61671051E-02
    1.332000      1   0.00000000E+00  0.00000000E+00  2.72179107E-03  0.00000000E+00  0.00000000E+00  0.00000000E+00  0.00000000E+00  0.00000000E+00  6.19394062E-02  0.00000000E+00  0.00000000E+00 -5.61667948E-02
    1.333000      1   0.00000000E+00  0.00000000E+00  2.68721299E-03  0.00000000E+00  0.00000000E+00  0.00000000E+00  0.00000000E+00  0.00000000E+00  6.18832520E-02  0.00000000E+00  0.00000000E+00 -5.61541304E-02
    1.334000      1   0.00000000E+00  0.00000000E+00  2.63542558E-03  0.00000000E+00  0.00000000E+00  0.00000000E+00  0.00000000E+00  0.00000000E+00  6.18271093E-02  0.00000000E+00  0.00000000E+00 -5.61426838E-02
    1.335000      1   0.00000000E+00  0.00000000E+00  2.67537093E-03  0.00000000E+00  0.00000000E+00  0.00000000E+00  0.00000000E+00  0.00000000E+00  6.17709576E-02  0.00000000E+00  0.00000000E+00 -5.61517513E-02
    1.336000      1   0.00000000E+00  0.00000000E+00  2.70445152E-03  0.00000000E+00  0.00000000E+00  0.00000000E+00  0.00000000E+00  0.00000000E+00  6.17147868E-02  0.00000000E+00  0.00000000E+00 -5.61707625E-02
    1.337000      1   0.00000000E+00  0.00000000E+00  2.73101428E-03  0.00000000E+00  0.00000000E+00  0.00000000E+00  0.00000000E+00  0.00000000E+00  6.16586153E-02  0.00000000E+00  0.00000000E+00 -5.61715126E-02
    1.338000      1   0.00000000E+00  0.00000000E+00  2.68194953E-03  0.00000000E+00  0.00000000E+00  0.00000000E+00  0.00000000E+00  0.00000000E+00  6.16024573E-02  0.00000000E+00  0.00000000E+00 -5.61580148E-02
    1.339000      1   0.00000000E+00  0.00000000E+00  2.63480233E-03  0.00000000E+00  0.00000000E+00  0.00000000E+00  0.00000000E+00  0.00000000E+00  6.15463128E-02  0.00000000E+00  0.00000000E+00 -5.61444700E-02
    1.340000      1   0.00000000E+00  0.00000000E+00  2.68282402E-03  0.00000000E+00  0.00000000E+00  0.00000000E+00  0.00000000E+00  0.00000000E+00  6.14901575E-02  0.00000000E+00  0.00000000E+00 -5.61553762E-02
    1.341000      1   0.00000000E+00  0.00000000E+00  2.70581861E-03  0.00000000E+00  0.00000000E+00  0.00000000E+00  0.00000000E+00  0.00000000E+00  6.14339842E-02  0.00000000E+00  0.00000000E+00 -5.61732742E-02
    1.342000      1   0.00000000E+00  0.00000000E+00  2.72302023E-03  0.00000000E+00  0.00000000E+00  0.00000000E+00  0.00000000E+00  0.00000000E+00  6.13778128E-02  0.00000000E+00  0.00000000E+00 -5.61713348E-02
    1.343000      1   0.00000000E+00  0.00000000E+00  2.67791777E-03  0.00000000E+00  0.00000000E+00  0.00000000E+00  0.00000000E+00  0.00000000E+00  6.13216540E-02  0.00000000E+00  0.00000000E+00 -5.61588017E-02
    1.344000      1   0.00000000E+00  0.00000000E+00  2.64061973E-03  0.00000000E+00  0.00000000E+00  0.00000000E+00  0.00000000E+00  0.00000000E+00  6.12655054E-02  0.00000000E+00  0.00000000E+00 -5.61485952E-02
    1.345000      1   0.00000000E+00  0.00000000E+00  2.68432264E-03  0.00000000E+00  0.00000000E+00  0.00000000E+00  0.00000000E+00  0.00000000E+00  6.12093457E-02  0.00000000E+00  0.00000000E+00 -5.61597968E-02
    1.346000      1   0.00000000E+00  0.00000000E+00  2.70539205E-03  0.00000000E+00  0.00000000E+00  0.00000000E+00  0.00000000E+00  0.00000000E+00  6.11531701E-02  0.00000000E+00  0.00000000E+00 -5.61755192E-02
    1.347000      1   0.00000000E+00  0.00000000E+00  2.72315883E-03  0.00000000E+00  0.00000000E+00  0.00000000E+00  0.00000000E+00  0.00000000E+00  6.10969970E-02  0.00000000E+00  0.00000000E+00 -5.61731631E-02
    1.348000      1   0.00000000E+00  0.00000000E+00  2.68017698E-03  0.00000000E+00  0.00000000E+00  0.00000000E+00  0.00000000E+00  0.00000000E+00  6.10408362E-02  0.00000000E+00  0.00000000E+00 -5.61607456E-02
    1.349000      1   0.00000000E+00  0.00000000E+00  2.63174218E-03  0.00000000E+00  0.00000000E+00  0.00000000E+00  0.00000000E+00  0.00000000E+00  6.09846861E-02  0.00000000E+00  0.00000000E+00 -5.61500941E-02
    1.350000      1   0.00000000E+00  0.00000000E+00  2.69912234E-03  0.00000000E+00  0.00000000E+00  0.00000000E+00  0.00000000E+00  0.00000000E+00  6.09285240E-02  0.00000000E+00  0.00000000E+00 -5.61621236E-02
    1.351000      1   0.00000000E+00  0.00000000E+00  2.70545062E-03  0.00000000E+00  0.00000000E+00  0.00000000E+00  0.00000000E+00  0.00000000E+00  6.08723459E-02  0.00000000E+00  0.00000000E+00 -5.61781444E-02
    1.352000      1   0.00000000E+00  0.00000000E+00  2.71611639E-03  0.00000000E+00  0.00000000E+00  0.00000000E+00  0.00000000E+00  0.00000000E+00  6.08161749E-02  0.00000000E+00  0.00000000E+00 -5.61709174E-02
    1.353000      1   0.00000000E+00  0.00000000E+00  2.67717318E-03  0.00000000E+00  0.00000000E+00  0.00000000E+00  0.00000000E+00  0.00000000E+00  6.07600152E-02  0.00000000E+00  0.00000000E+00 -5.61597260E-02
    1.354000      1   0.00000000E+00  0.00000000E+00  2.64528314E-03  0.00000000E+00  0.00000000E+00  0.00000000E+00  0.00000000E+00  0.00000000E+00  6.07038633E-02  0.00000000E+00  0.00000000E+00 -5.61519186E-02
    1.355000      1   0.00000000E+00  0.00000000E+00  2.68315851E-03  0.00000000E+00  0.00000000E+00  0.00000000E+00  0.00000000E+00  0.00000000E+00  6.06477008E-02  0.00000000E+00  0.00000000E+00 -5.61625400E-02
    1.356000      1   0.00000000E+00  0.00000000E+00  2.71416468E-03  0.00000000E+00  0.00000000E+00  0.00000000E+00  0.00000000E+00  0.00000000E+00  6.05915238E-02  0.00000000E+00  0.00000000E+00 -5.61769368E-02
    1.357000      1   0.00000000E+00  0.00000000E+00  2.71881545E-03  0.00000000E+00  0.00000000E+00  0.00000000E+00  0.00000000E+00  0.00000000E+00  6.05353504E-02  0.00000000E+00  0.00000000E+00 -5.61734116E-02
    1.358000      1   0.00000000E+00  0.00000000E+00  2.67459556E-03  0.00000000E+00  0.00000000E+00  0.00000000E+00  0.00000000E+00  0.00000000E+00  6.04791915E-02  0.00000000E+00  0.00000000E+00 -5.61588811E-02
    1.359000      1   0.00000000E+00  0.00000000E+00  2.63309853E-03  0.00000000E+00  0.00000000E+00  0.00000000E+00  0.00000000E+00  0.00000000E+00  6.04230409E-02  0.00000000E+00  0.00000000E+00 -5.61506430E-02
    1.360000      1   0.00000000E+00  0.00000000E+00  2.69913464E-03  0.00000000E+00  0.00000000E+00  0.00000000E+00  0.00000000E+00  0.00000000E+00  6.03668766E-02  0.00000000E+00  0.00000000E+00 -5.61642657E-02
    1.361000      1   0.00000000E+00  0.00000000E+00  2.70899455E-03  0.00000000E+00  0.00000000E+00  0.00000000E+00  0.00000000E+00  0.00000000E+00  6.03106968E-02  0.00000000E+00  0.00000000E+00 -5.61798389E-02
    1.362000      1   0.00000000E+00  0.00000000E+00  2.71415362E-03  0.00000000E+00  0.00000000E+00  0.00000000E+00  0.00000000E+00  0.00000000E+00  6.02545248E-02  0.00000000E+00  0.00000000E+00 -5.61719812E-02
    1.363000      1   0.00000000E+00  0.00000000E+00  2.66371741E-03  0.00000000E+00  0.00000000E+00  0.00000000E+00  0.00000000E+00  0.00000000E+00  6.01983648E-02  0.00000000E+00  0.00000000E+00 -5.61599730E-02
    1.364000      1   0.00000000E+00  0.00000000E+00  2.65404274E-03  0.00000000E+00  0.00000000E+00  0.00000000E+00  0.00000000E+00  0.00000000E+00  6.01422096E-02  0.00000000E+00  0.00000000E+00 -5.61551896E-02
    1.365000      1   0.00000000E+00  0.00000000E+00  2.68240161E-03  0.00000000E+00  0.00000000E+00  0.00000000E+00  0.00000000E+00  0.00000000E+00  6.00860410E-02  0.00000000E+00  0.00000000E+00 -5.61686811E-02
    1.366000      1   0.00000000E+00  0.00000000E+00  2.72022239E-03  0.00000000E+00  0.00000000E+00  0.00000000E+00  0.00000000E+00  0.00000000E+00  6.00298606E-02  0.00000000E+00  0.00000000E+00 -5.61803350E-02
    1.367000      1   0.00000000E+00  0.00000000E+00  2.71055193E-03  0.00000000E+00  0.00000000E+00  0.00000000E+00  0.00000000E+00  0.00000000E+00  5.99736846E-02  0.00000000E+00  0.00000000E+00 -5.61759871E-02
    1.368000      1   0.00000000E+00  0.00000000E+00  2.66859100E-03  0.00000000E+00  0.00000000E+00  0.00000000E+00  0.00000000E+00  0.00000000E+00  5.99175237E-02  0.00000000E+00  0.00000000E+00 -5.61609285E-02
    1.369000      1   0.00000000E+00  0.00000000E+00  2.63561267E-03  0.00000000E+00  0.00000000E+00  0.00000000E+00  0.00000000E+00  0.00000000E+00  5.98613672E-02  0.00000000E+00  0.00000000E+00 -5.61564661E-02
    1.370000      1   0.00000000E+00  0.00000000E+00  2.70062073E-03  0.00000000E+00  0.00000000E+00  0.00000000E+00  0.00000000E+00  0.00000000E+00  5.98051956E-02  0.00000000E+00  0.00000000E+00 -5.61716162E-02
    1.371000      1   0.00000000E+00  0.00000000E+00  2.72170010E-03  0.00000000E+00  0.00000000E+00  0.00000000E+00  0.00000000E+00  0.00000000E+00  5.97490095E-02  0.00000000E+00  0.00000000E+00 -5.61861009E-02
    1.372000      1   0.00000000E+00  0.00000000E+00  2.69829296E-03  0.00000000E+00  0.00000000E+00  0.00000000E+00  0.00000000E+00  0.00000000E+00  5.96928340E-02  0.00000000E+00  0.00000000E+00 -5.61755083E-02
    1.373000      1   0.00000000E+00  0.00000000E+00  2.66703941E-03  0.00000000E+00  0.00000000E+00  0.00000000E+00  0.00000000E+00  0.00000000E+00  5.96366719E-02  0.00000000E+00  0.00000000E+00 -5.61621322E-02
    1.374000      1   0.00000000E+00  0.00000000E+00  2.65658790E-03  0.00000000E+00  0.00000000E+00  0.00000000E+00  0.00000000E+00  0.00000000E+00  5.95805099E-02  0.00000000E+00  0.00000000E+00 -5.61619703E-02
    1.375000      1   0.00000000E+00  0.00000000E+00  2.67941201E-03  0.00000000E+00  0.00000000E+00  0.00000000E+00  0.00000000E+00  0.00000000E+00  5.95243360E-02  0.00000000E+00  0.00000000E+00 -5.61739207E-02
    1.376000      1   0.00000000E+00  0.00000000E+00  2.72717165E-03  0.00000000E+00  0.00000000E+00  0.00000000E+00  0.00000000E+00  0.00000000E+00  5.94681507E-02  0.00000000E+00  0.00000000E+00 -5.61852673E-02
    1.377000      1   0.00000000E+00  0.00000000E+00  2.71185583E-03  0.00000000E+00  0.00000000E+00  0.00000000E+00  0.00000000E+00  0.00000000E+00  5.94119701E-02  0.00000000E+00  0.00000000E+00 -5.61806724E-02
    1.378000      1   0.00000000E+00  0.00000000E+00  2.65701386E-03  0.00000000E+00  0.00000000E+00  0.00000000E+00  0.00000000E+00  0.00000000E+00  5.93558070E-02  0.00000000E+00  0.00000000E+00 -5.61631010E-02
    1.379000      1   0.00000000E+00  0.00000000E+00  2.64104863E-03  0.00000000E+00  0.00000000E+00  0.00000000E+00  0.00000000E+00  0.00000000E+00  5.92996467E-02  0.00000000E+00  0.00000000E+00 -5.61602577E-02
    1.380000      1   0.00000000E+00  0.00000000E+00  2.70828521E-03  0.00000000E+00  0.00000000E+00  0.00000000E+00  0.00000000E+00  0.00000000E+00  5.92434684E-02  0.00000000E+00  0.00000000E+00 -5.61782486E-02
    1.381000      1   0.00000000E+00  0.00000000E+00  2.71578553E-03  0.00000000E+00  0.00000000E+00  0.00000000E+00  0.00000000E+00  0.00000000E+00  5.91872789E-02  0.00000000E+00  0.00000000E+00 -5.61895926E-02
    1.382000      1   0.00000000E+00  0.00000000E+00  2.71099440E-03  0.00000000E+00  0.00000000E+00  0.00000000E+00  0.00000000E+00  0.00000000E+00  5.91311013E-02  0.00000000E+00  0.00000000E+00 -5.61775288E-02
    1.383000      1   0.00000000E+00  0.00000000E+00  2.64286863E-03  0.00000000E+00  0.00000000E+00  0.00000000E+00  0.00000000E+00  0.00000000E+00  5.90749375E-02  0.00000000E+00  0.00000000E+00 -5.61638491E-02
    1.384000      1   0.00000000E+00  0.00000000E+00  2.66819886E-03  0.00000000E+00  0.00000000E+00  0.00000000E+00  0.00000000E+00  0.00000000E+00  5.90187737E-02  0.00000000E+00  0.00000000E+00 -5.61637901E-02
    1.385000      1   0.00000000E+00  0.00000000E+00  2.68776764E-03  0.00000000E+00  0.00000000E+00  0.00000000E+00  0.00000000E+00  0.00000000E+00  5.89625921E-02  0.00000000E+00  0.00000000E+00 -5.61816253E-02
    1.386000      1   0.00000000E+00  0.00000000E+00  2.72590522E-03  0.00000000E+00  0.00000000E+00  0.00000000E+00  0.00000000E+00  0.00000000E+00  5.89064044E-02  0.00000000E+00  0.00000000E+00 -5.61876811E-02
    1.387000      1   0.00000000E+00  0.00000000E+00  2.70897086E-03  0.00000000E+00  0.00000000E+00  0.00000000E+00  0.00000000E+00  0.00000000E+00  5.88502238E-02  0.00000000E+00  0.00000000E+00 -5.61805661E-02
    1.388000      1   0.00000000E+00  0.00000000E+00  2.64223522E-03  0.00000000E+00  0.00000000E+00  0.00000000E+00  0.00000000E+00  0.00000000E+00  5.87940599E-02  0.00000000E+00  0.00000000E+00 -5.61639207E-02
    1.389000      1   0.00000000E+00  0.00000000E+00  2.65838889E-03  0.00000000E+00  0.00000000E+00  0.00000000E+00  0.00000000E+00  0.00000000E+00  5.87378953E-02  0.00000000E+00  0.00000000E+00 -5.61646383E-02
    1.390000      1   0.00000000E+00  0.00000000E+00  2.70515359E-03  0.00000000E+00  0.00000000E+00  0.00000000E+00  0.00000000E+00  0.00000000E+00  5.86817108E-02  0.00000000E+00  0.00000000E+00 -5.61844163E-02
    1.391000      1   0.00000000E+00  0.00000000E+00  2.71904701E-03  0.00000000E+00  0.00000000E+00  0.00000000E+00  0.00000000E+00  0.00000000E+00  5.86255202E-02  0.00000000E+00  0.00000000E+00 -5.61906194E-02
    1.392000      1   0.00000000E+00  0.00000000E+00  2.70502092E-03  0.00000000E+00  0.00000000E+00  0.00000000E+00  0.00000000E+00  0.00000000E+00  5.85693412E-02  0.00000000E+00  0.00000000E+00 -5.61790073E-02
    1.393000      1   0.00000000E+00  0.00000000E+00  2.63897780E-03  0.00000000E+00  0.00000000E+00  0.00000000E+00  0.00000000E+00  0.00000000E+00  5.85131759E-02  0.00000000E+00  0.00000000E+00 -5.61653128E-02
    1.394000      1   0.00000000E+00  0.00000000E+00  2.67068620E-03  0.00000000E+00  0.00000000E+00  0.00000000E+00  0.00000000E+00  0.00000000E+00  5.84570080E-02  0.00000000E+00  0.00000000E+00 -5.61679036E-02
    1.395000      1   0.00000000E+00  0.00000000E+00  2.69258655E-03  0.00000000E+00  0.00000000E+00  0.00000000E+00  0.00000000E+00  0.00000000E+00  5.84008214E-02  0.00000000E+00  0.00000000E+00 -5.61865768E-02
    1.396000      1   0.00000000E+00  0.00000000E+00  2.72244652E-03  0.00000000E+00  0.00000000E+00  0.00000000E+00  0.00000000E+00  0.00000000E+00  5.83446305E-02  0.00000000E+00  0.00000000E+00 -5.61909635E-02
    1.397000      1   0.00000000E+00  0.00000000E+00  2.71091187E-03  0.00000000E+00  0.00000000E+00  0.00000000E+00  0.00000000E+00  0.00000000E+00  5.82884476E-02  0.00000000E+00  0.00000000E+00 -5.61828775E-02
    1.398000      1   0.00000000E+00  0.00000000E+00  2.63384082E-03  0.00000000E+00  0.00000000E+00  0.00000000E+00  0.00000000E+00  0.00000000E+00  5.82322806E-02  0.00000000E+00  0.00000000E+00 -5.61670248E-02
    1.399000      1   0.00000000E+00  0.00000000E+00  2.66196784E-03  0.00000000E+00  0.00000000E+00  0.00000000E+00  0.00000000E+00  0.00000000E+00  5.81761120E-02  0.00000000E+00  0.00000000E+00 -5.61685894E-02
    1.400000      1   0.00000000E+00  0.00000000E+00  2.70840513E-03  0.00000000E+00  0.00000000E+00  0.00000000E+00  0.00000000E+00  0.00000000E+00  5.81199215E-02  0.00000000E+00  0.00000000E+00 -5.61904913E-02
    1.401000      1   0.00000000E+00  0.00000000E+00  2.71500206E-03  0.00000000E+00  0.00000000E+00  0.00000000E+00  0.00000000E+00  0.00000000E+00  5.80637265E-02  0.00000000E+00  0.00000000E+00 -5.61949440E-02
    1.402000      1   0.00000000E+00  0.00000000E+00  2.70762390E-03  0.00000000E+00  0.00000000E+00  0.00000000E+00  0.00000000E+00  0.00000000E+00  5.80075435E-02  0.00000000E+00  0.00000000E+00 -5.61829794E-02
    1.403000      1   0.00000000E+00  0.00000000E+00  2.63091467E-03  0.00000000E+00  0.00000000E+00  0.00000000E+00  0.00000000E+00  0.00000000E+00  5.79513734E-02  0.00000000E+00  0.00000000E+00 -5.61701530E-02
    1.404000      1   0.00000000E+00  0.00000000E+00  2.67017788E-03  0.00000000E+00  0.00000000E+00  0.00000000E+00  0.00000000E+00  0.00000000E+00  5.78952001E-02  0.00000000E+00  0.00000000E+00 -5.61733148E-02
    1.405000      1   0.00000000E+00  0.00000000E+00  2.69604108E-03  0.00000000E+00  0.00000000E+00  0.00000000E+00  0.00000000E+00  0.00000000E+00  5.78390054E-02  0.00000000E+00  0.00000000E+00 -5.61947259E-02
    1.406000      1   0.00000000E+00  0.00000000E+00  2.72841543E-03  0.00000000E+00  0.00000000E+00  0.00000000E+00  0.00000000E+00  0.00000000E+00  5.77828067E-02  0.00000000E+00  0.00000000E+00 -5.61986687E-02
    1.407000      1   0.00000000E+00  0.00000000E+00  2.70318530E-03  0.00000000E+00  0.00000000E+00  0.00000000E+00  0.00000000E+00  0.00000000E+00  5.77266183E-02  0.00000000E+00  0.00000000E+00 -5.61883926E-02
    1.408000      1   0.00000000E+00  0.00000000E+00  2.62843991E-03  0.00000000E+00  0.00000000E+00  0.00000000E+00  0.00000000E+00  0.00000000E+00  5.76704463E-02  0.00000000E+00  0.00000000E+00 -5.61719460E-02
    1.409000      1   0.00000000E+00  0.00000000E+00  2.67378191E-03  0.00000000E+00  0.00000000E+00  0.00000000E+00  0.00000000E+00  0.00000000E+00  5.76142693E-02  0.00000000E+00  0.00000000E+00 -5.61770032E-02
    1.410000      1   0.00000000E+00  0.00000000E+00  2.70252108E-03  0.00000000E+00  0.00000000E+00  0.00000000E+00  0.00000000E+00  0.00000000E+00  5.75580708E-02  0.00000000E+00  0.00000000E+00 -5.61985897E-02
    1.411000      1   0.00000000E+00  0.00000000E+00  2.72140617E-03  0.00000000E+00  0.00000000E+00  0.00000000E+00  0.00000000E+00  0.00000000E+00  5.75018705E-02  0.00000000E+00  0.00000000E+00 -5.62002030E-02
    1.412000      1   0.00000000E+00  0.00000000E+00  2.69973896E-03  0.00000000E+00  0.00000000E+00  0.00000000E+00  0.00000000E+00  0.00000000E+00  5.74456815E-02  0.00000000E+00  0.00000000E+00 -5.61890383E-02
    1.413000      1   0.00000000E+00  0.00000000E+00  2.63034812E-03  0.00000000E+00  0.00000000E+00  0.00000000E+00  0.00000000E+00  0.00000000E+00  5.73895060E-02  0.00000000E+00  0.00000000E+00 -5.61755031E-02
    1.414000      1   0.00000000E+00  0.00000000E+00  2.67712478E-03  0.00000000E+00  0.00000000E+00  0.00000000E+00  0.00000000E+00  0.00000000E+00  5.73333247E-02  0.00000000E+00  0.00000000E+00 -5.61813546E-02
    1.415000      1   0.00000000E+00  0.00000000E+00  2.69320145E-03  0.00000000E+00  0.00000000E+00  0.00000000E+00  0.00000000E+00  0.00000000E+00  5.72771229E-02  0.00000000E+00  0.00000000E+00 -5.62017233E-02
    1.416000      1   0.00000000E+00  0.00000000E+00  2.73328621E-03  0.00000000E+00  0.00000000E+00  0.00000000E+00  0.00000000E+00  0.00000000E+00  5.72209190E-02  0.00000000E+00  0.00000000E+00 -5.62038868E-02
    1.417000      1   0.00000000E+00  0.00000000E+00  2.69353573E-03  0.00000000E+00  0.00000000E+00  0.00000000E+00  0.00000000E+00  0.00000000E+00  5.71647254E-02  0.00000000E+00  0.00000000E+00 -5.61936820E-02
    1.418000      1   0.00000000E+00  0.00000000E+00  2.63160988E-03  0.00000000E+00  0.00000000E+00  0.00000000E+00  0.00000000E+00  0.00000000E+00  5.71085480E-02  0.00000000E+00  0.00000000E+00 -5.61773421E-02
    1.419000      1   0.00000000E+00  0.00000000E+00  2.67762747E-03  0.00000000E+00  0.00000000E+00  0.00000000E+00  0.00000000E+00  0.00000000E+00  5.70523630E-02  0.00000000E+00  0.00000000E+00 -5.61850078E-02
    1.420000      1   0.00000000E+00  0.00000000E+00  2.70568477E-03  0.00000000E+00  0.00000000E+00  0.00000000E+00  0.00000000E+00  0.00000000E+00  5.69961581E-02  0.00000000E+00  0.00000000E+00 -5.62048732E-02
    1.421000      1   0.00000000E+00  0.00000000E+00  2.72399613E-03  0.00000000E+00  0.00000000E+00  0.00000000E+00  0.00000000E+00  0.00000000E+00  5.69399535E-02  0.00000000E+00  0.00000000E+00 -5.62046641E-02
    1.422000      1   0.00000000E+00  0.00000000E+00  2.68795943E-03  0.00000000E+00  0.00000000E+00  0.00000000E+00  0.00000000E+00  0.00000000E+00  5.68837615E-02  0.00000000E+00  0.00000000E+00 -5.61920023E-02
    1.423000      1   0.00000000E+00  0.00000000E+00  2.63544951E-03  0.00000000E+00  0.00000000E+00  0.00000000E+00  0.00000000E+00  0.00000000E+00  5.68275818E-02  0.00000000E+00  0.00000000E+00 -5.61796996E-02
    1.424000      1   0.00000000E+00  0.00000000E+00  2.67563308E-03  0.00000000E+00  0.00000000E+00  0.00000000E+00  0.00000000E+00  0.00000000E+00  5.67713933E-02  0.00000000E+00  0.00000000E+00 -5.61885176E-02
    1.425000      1   0.00000000E+00  0.00000000E+00  2.70554845E-03  0.00000000E+00  0.00000000E+00  0.00000000E+00  0.00000000E+00  0.00000000E+00  5.67151858E-02  0.00000000E+00  0.00000000E+00 -5.62074747E-02
    1.426000      1   0.00000000E+00  0.00000000E+00  2.73187310E-03  0.00000000E+00  0.00000000E+00  0.00000000E+00  0.00000000E+00  0.00000000E+00  5.66589778E-02  0.00000000E+00  0.00000000E+00 -5.62079447E-02
    1.427000      1   0.00000000E+00  0.00000000E+00  2.68108242E-03  0.00000000E+00  0.00000000E+00  0.00000000E+00  0.00000000E+00  0.00000000E+00  5.66027839E-02  0.00000000E+00  0.00000000E+00 -5.61939348E-02
    1.428000      1   0.00000000E+00  0.00000000E+00  2.63561120E-03  0.00000000E+00  0.00000000E+00  0.00000000E+00  0.00000000E+00  0.00000000E+00  5.65466036E-02  0.00000000E+00  0.00000000E+00 -5.61802613E-02
    1.429000      1   0.00000000E+00  0.00000000E+00  2.68320270E-03  0.00000000E+00  0.00000000E+00  0.00000000E+00  0.00000000E+00  0.00000000E+00  5.64904123E-02  0.00000000E+00  0.00000000E+00 -5.61913092E-02
    1.430000      1   0.00000000E+00  0.00000000E+00  2.70613648E-03  0.00000000E+00  0.00000000E+00  0.00000000E+00  0.00000000E+00  0.00000000E+00  5.64342035E-02  0.00000000E+00  0.00000000E+00 -5.62088746E-02
    1.431000      1   0.00000000E+00  0.00000000E+00  2.72341084E-03  0.00000000E+00  0.00000000E+00  0.00000000E+00  0.00000000E+00  0.00000000E+00  5.63779967E-02  0.00000000E+00  0.00000000E+00 -5.62067546E-02
    1.432000      1   0.00000000E+00  0.00000000E+00  2.67751249E-03  0.00000000E+00  0.00000000E+00  0.00000000E+00  0.00000000E+00  0.00000000E+00  5.63218027E-02  0.00000000E+00  0.00000000E+00 -5.61940480E-02
    1.433000      1   0.00000000E+00  0.00000000E+00  2.64089326E-03  0.00000000E+00  0.00000000E+00  0.00000000E+00  0.00000000E+00  0.00000000E+00  5.62656189E-02  0.00000000E+00  0.00000000E+00 -5.61837849E-02
    1.434000      1   0.00000000E+00  0.00000000E+00  2.68564584E-03  0.00000000E+00  0.00000000E+00  0.00000000E+00  0.00000000E+00  0.00000000E+00  5.62094238E-02  0.00000000E+00  0.00000000E+00 -5.61950712E-02
    1.435000      1   0.00000000E+00  0.00000000E+00  2.70569545E-03  0.00000000E+00  0.00000000E+00  0.00000000E+00  0.00000000E+00  0.00000000E+00  5.61532133E-02  0.00000000E+00  0.00000000E+00 -5.62104699E-02
    1.436000      1   0.00000000E+00  0.00000000E+00  2.72346440E-03  0.00000000E+00  0.00000000E+00  0.00000000E+00  0.00000000E+00  0.00000000E+00  5.60970057E-02  0.00000000E+00  0.00000000E+00 -5.62076255E-02
    1.437000      1   0.00000000E+00  0.00000000E+00  2.68061227E-03  0.00000000E+00  0.00000000E+00  0.00000000E+00  0.00000000E+00  0.00000000E+00  5.60408106E-02  0.00000000E+00  0.00000000E+00 -5.61950543E-02
    1.438000      1   0.00000000E+00  0.00000000E+00  2.63221016E-03  0.00000000E+00  0.00000000E+00  0.00000000E+00  0.00000000E+00  0.00000000E+00  5.59846264E-02  0.00000000E+00  0.00000000E+00 -5.61842255E-02
    1.439000      1   0.00000000E+00  0.00000000E+00  2.69957417E-03  0.00000000E+00  0.00000000E+00  0.00000000E+00  0.00000000E+00  0.00000000E+00  5.59284304E-02  0.00000000E+00  0.00000000E+00 -5.61960293E-02
    1.440000      1   0.00000000E+00  0.00000000E+00  2.70588377E-03  0.00000000E+00  0.00000000E+00  0.00000000E+00  0.00000000E+00  0.00000000E+00  5.58722186E-02  0.00000000E+00  0.00000000E+00 -5.62118165E-02
    1.441000      1   0.00000000E+00  0.00000000E+00  2.71628891E-03  0.00000000E+00  0.00000000E+00  0.00000000E+00  0.00000000E+00  0.00000000E+00  5.58160142E-02  0.00000000E+00  0.00000000E+00 -5.62043645E-02
    1.442000      1   0.00000000E+00  0.00000000E+00  2.67778261E-03  0.00000000E+00  0.00000000E+00  0.00000000E+00  0.00000000E+00  0.00000000E+00  5.57598212E-02  0.00000000E+00  0.00000000E+00 -5.61930004E-02
    1.443000      1   0.00000000E+00  0.00000000E+00  2.64503299E-03  0.00000000E+00  0.00000000E+00  0.00000000E+00  0.00000000E+00  0.00000000E+00  5.57036362E-02  0.00000000E+00  0.00000000E+00 -5.61850285E-02
    1.444000      1   0.00000000E+00  0.00000000E+00  2.68269274E-03  0.00000000E+00  0.00000000E+00  0.00000000E+00  0.00000000E+00  0.00000000E+00  5.56474407E-02  0.00000000E+00  0.00000000E+00 -5.61954940E-02
    1.445000      1   0.00000000E+00  0.00000000E+00  2.71598535E-03  0.00000000E+00  0.00000000E+00  0.00000000E+00  0.00000000E+00  0.00000000E+00  5.55912306E-02  0.00000000E+00  0.00000000E+00 -5.62100553E-02
    1.446000      1   0.00000000E+00  0.00000000E+00  2.71968572E-03  0.00000000E+00  0.00000000E+00  0.00000000E+00  0.00000000E+00  0.00000000E+00  5.55350243E-02  0.00000000E+00  0.00000000E+00 -5.62063611E-02
    1.447000      1   0.00000000E+00  0.00000000E+00  2.67556189E-03  0.00000000E+00  0.00000000E+00  0.00000000E+00  0.00000000E+00  0.00000000E+00  5.54788332E-02  0.00000000E+00  0.00000000E+00 -5.61910788E-02
    1.448000      1   0.00000000E+00  0.00000000E+00  2.63054281E-03  0.00000000E+00  0.00000000E+00  0.00000000E+00  0.00000000E+00  0.00000000E+00  5.54226508E-02  0.00000000E+00  0.00000000E+00 -5.61823840E-02
    1.449000      1   0.00000000E+00  0.00000000E+00  2.70074980E-03  0.00000000E+00  0.00000000E+00  0.00000000E+00  0.00000000E+00  0.00000000E+00  5.53664547E-02  0.00000000E+00  0.00000000E+00 -5.61961413E-02
    1.450000      1   0.00000000E+00  0.00000000E+00  2.71227611E-03  0.00000000E+00  0.00000000E+00  0.00000000E+00  0.00000000E+00  0.00000000E+00  5.53102424E-02  0.00000000E+00  0.00000000E+00 -5.62122682E-02
    1.451000      1   0.00000000E+00  0.00000000E+00  2.71206239E-03  0.00000000E+00  0.00000000E+00  0.00000000E+00  0.00000000E+00  0.00000000E+00  5.52540391E-02  0.00000000E+00  0.00000000E+00 -5.62032997E-02
    1.452000      1   0.00000000E+00  0.00000000E+00  2.66404313E-03  0.00000000E+00  0.00000000E+00  0.00000000E+00  0.00000000E+00  0.00000000E+00  5.51978485E-02  0.00000000E+00  0.00000000E+00 -5.61905837E-02
    1.453000      1   0.00000000E+00  0.00000000E+00  2.65194398E-03  0.00000000E+00  0.00000000E+00  0.00000000E+00  0.00000000E+00  0.00000000E+00  5.51416621E-02  0.00000000E+00  0.00000000E+00 -5.61864295E-02
    1.454000      1   0.00000000E+00  0.00000000E+00  2.68544722E-03  0.00000000E+00  0.00000000E+00  0.00000000E+00  0.00000000E+00  0.00000000E+00  5.50854619E-02  0.00000000E+00  0.00000000E+00 -5.62001851E-02
    1.455000      1   0.00000000E+00  0.00000000E+00  2.72347312E-03  0.00000000E+00  0.00000000E+00  0.00000000E+00  0.00000000E+00  0.00000000E+00  5.50292499E-02  0.00000000E+00  0.00000000E+00 -5.62119897E-02
    1.456000      1   0.00000000E+00  0.00000000E+00  2.70814850E-03  0.00000000E+00  0.00000000E+00  0.00000000E+00  0.00000000E+00  0.00000000E+00  5.49730438E-02  0.00000000E+00  0.00000000E+00 -5.62060667E-02
    1.457000      1   0.00000000E+00  0.00000000E+00  2.66637230E-03  0.00000000E+00  0.00000000E+00  0.00000000E+00  0.00000000E+00  0.00000000E+00  5.49168535E-02  0.00000000E+00  0.00000000E+00 -5.61903656E-02
    1.458000      1   0.00000000E+00  0.00000000E+00  2.63994919E-03  0.00000000E+00  0.00000000E+00  0.00000000E+00  0.00000000E+00  0.00000000E+00  5.48606664E-02  0.00000000E+00  0.00000000E+00 -5.61870849E-02
    1.459000      1   0.00000000E+00  0.00000000E+00  2.70119218E-03  0.00000000E+00  0.00000000E+00  0.00000000E+00  0.00000000E+00  0.00000000E+00  5.48044642E-02  0.00000000E+00  0.00000000E+00 -5.62021967E-02
    1.460000      1   0.00000000E+00  0.00000000E+00  2.71852285E-03  0.00000000E+00  0.00000000E+00  0.00000000E+00  0.00000000E+00  0.00000000E+00  5.47482490E-02  0.00000000E+00  0.00000000E+00 -5.62151562E-02
    1.461000      1   0.00000000E+00  0.00000000E+00  2.70211358E-03  0.00000000E+00  0.00000000E+00  0.00000000E+00  0.00000000E+00  0.00000000E+00  5.46920441E-02  0.00000000E+00  0.00000000E+00 -5.62049378E-02
    1.462000      1   0.00000000E+00  0.00000000E+00  2.66503754E-03  0.00000000E+00  0.00000000E+00  0.00000000E+00  0.00000000E+00  0.00000000E+00  5.46358522E-02  0.00000000E+00  0.00000000E+00 -5.61919295E-02
    1.463000      1   0.00000000E+00  0.00000000E+00  2.65788369E-03  0.00000000E+00  0.00000000E+00  0.00000000E+00  0.00000000E+00  0.00000000E+00  5.45796613E-02  0.00000000E+00  0.00000000E+00 -5.61908668E-02
    1.464000      1   0.00000000E+00  0.00000000E+00  2.68068929E-03  0.00000000E+00  0.00000000E+00  0.00000000E+00  0.00000000E+00  0.00000000E+00  5.45234581E-02  0.00000000E+00  0.00000000E+00 -5.62032455E-02
    1.465000      1   0.00000000E+00  0.00000000E+00  2.72704904E-03  0.00000000E+00  0.00000000E+00  0.00000000E+00  0.00000000E+00  0.00000000E+00  5.44672441E-02  0.00000000E+00  0.00000000E+00 -5.62139407E-02
    1.466000      1   0.00000000E+00  0.00000000E+00  2.71495745E-03  0.00000000E+00  0.00000000E+00  0.00000000E+00  0.00000000E+00  0.00000000E+00  5.44110352E-02  0.00000000E+00  0.00000000E+00 -5.62089480E-02
    1.467000      1   0.00000000E+00  0.00000000E+00  2.65242642E-03  0.00000000E+00  0.00000000E+00  0.00000000E+00  0.00000000E+00  0.00000000E+00  5.43548443E-02  0.00000000E+00  0.00000000E+00 -5.61908684E-02
    1.468000      1   0.00000000E+00  0.00000000E+00  2.64459350E-03  0.00000000E+00  0.00000000E+00  0.00000000E+00  0.00000000E+00  0.00000000E+00  5.42986565E-02  0.00000000E+00  0.00000000E+00 -5.61878177E-02
    1.469000      1   0.00000000E+00  0.00000000E+00  2.71009389E-03  0.00000000E+00  0.00000000E+00  0.00000000E+00  0.00000000E+00  0.00000000E+00  5.42424498E-02  0.00000000E+00  0.00000000E+00 -5.62066883E-02
    1.470000      1   0.00000000E+00  0.00000000E+00  2.71541691E-03  0.00000000E+00  0.00000000E+00  0.00000000E+00  0.00000000E+00  0.00000000E+00  5.41862333E-02  0.00000000E+00  0.00000000E+00 -5.62165483E-02
    1.471000      1   0.00000000E+00  0.00000000E+00  2.70778032E-03  0.00000000E+00  0.00000000E+00  0.00000000E+00  0.00000000E+00  0.00000000E+00  5.41300293E-02  0.00000000E+00  0.00000000E+00 -5.62039557E-02
    1.472000      1   0.00000000E+00  0.00000000E+00  2.64423388E-03  0.00000000E+00  0.00000000E+00  0.00000000E+00  0.00000000E+00  0.00000000E+00  5.40738383E-02  0.00000000E+00  0.00000000E+00 -5.61909654E-02
    1.473000      1   0.00000000E+00  0.00000000E+00  2.66953526E-03  0.00000000E+00  0.00000000E+00  0.00000000E+00  0.00000000E+00  0.00000000E+00  5.40176466E-02  0.00000000E+00  0.00000000E+00 -5.61917206E-02
    1.474000      1   0.00000000E+00  0.00000000E+00  2.68882737E-03  0.00000000E+00  0.00000000E+00  0.00000000E+00  0.00000000E+00  0.00000000E+00  5.39614377E-02  0.00000000E+00  0.00000000E+00 -5.62088710E-02
    1.475000      1   0.00000000E+00  0.00000000E+00  2.72600437E-03  0.00000000E+00  0.00000000E+00  0.00000000E+00  0.00000000E+00  0.00000000E+00  5.39052234E-02  0.00000000E+00  0.00000000E+00 -5.62143006E-02
    1.476000      1   0.00000000E+00  0.00000000E+00  2.70655559E-03  0.00000000E+00  0.00000000E+00  0.00000000E+00  0.00000000E+00  0.00000000E+00  5.38490166E-02  0.00000000E+00  0.00000000E+00 -5.62068200E-02
    1.477000      1   0.00000000E+00  0.00000000E+00  2.64301845E-03  0.00000000E+00  0.00000000E+00  0.00000000E+00  0.00000000E+00  0.00000000E+00  5.37928260E-02  0.00000000E+00  0.00000000E+00 -5.61905692E-02
    1.478000      1   0.00000000E+00  0.00000000E+00  2.66175679E-03  0.00000000E+00  0.00000000E+00  0.00000000E+00  0.00000000E+00  0.00000000E+00  5.37366341E-02  0.00000000E+00  0.00000000E+00 -5.61919415E-02
    1.479000      1   0.00000000E+00  0.00000000E+00  2.70201942E-03  0.00000000E+00  0.00000000E+00  0.00000000E+00  0.00000000E+00  0.00000000E+00  5.36804232E-02  0.00000000E+00  0.00000000E+00 -5.62108666E-02
    1.480000      1   0.00000000E+00  0.00000000E+00  2.71836584E-03  0.00000000E+00  0.00000000E+00  0.00000000E+00  0.00000000E+00  0.00000000E+00  5.36242067E-02  0.00000000E+00  0.00000000E+00 -5.62165179E-02
    1.481000      1   0.00000000E+00  0.00000000E+00  2.70922053E-03  0.00000000E+00  0.00000000E+00  0.00000000E+00  0.00000000E+00  0.00000000E+00  5.35680007E-02  0.00000000E+00  0.00000000E+00 -5.62060556E-02
    1.482000      1   0.00000000E+00  0.00000000E+00  2.63586233E-03  0.00000000E+00  0.00000000E+00  0.00000000E+00  0.00000000E+00  0.00000000E+00  5.35118088E-02  0.00000000E+00  0.00000000E+00 -5.61918421E-02
    1.483000      1   0.00000000E+00  0.00000000E+00  2.66789507E-03  0.00000000E+00  0.00000000E+00  0.00000000E+00  0.00000000E+00  0.00000000E+00  5.34556152E-02  0.00000000E+00  0.00000000E+00 -5.61936047E-02
    1.484000      1   0.00000000E+00  0.00000000E+00  2.69910885E-03  0.00000000E+00  0.00000000E+00  0.00000000E+00  0.00000000E+00  0.00000000E+00  5.33994014E-02  0.00000000E+00  0.00000000E+00 -5.62137946E-02
    1.485000      1   0.00000000E+00  0.00000000E+00  2.72056260E-03  0.00000000E+00  0.00000000E+00  0.00000000E+00  0.00000000E+00  0.00000000E+00  5.33431835E-02  0.00000000E+00  0.00000000E+00 -5.62179446E-02
    1.486000      1   0.00000000E+00  0.00000000E+00  2.71001773E-03  0.00000000E+00  0.00000000E+00  0.00000000E+00  0.00000000E+00  0.00000000E+00  5.32869754E-02  0.00000000E+00  0.00000000E+00 -5.62080497E-02
    1.487000      1   0.00000000E+00  0.00000000E+00  2.63381439E-03  0.00000000E+00  0.00000000E+00  0.00000000E+00  0.00000000E+00  0.00000000E+00  5.32307825E-02  0.00000000E+00  0.00000000E+00 -5.61929738E-02
    1.488000      1   0.00000000E+00  0.00000000E+00  2.66528774E-03  0.00000000E+00  0.00000000E+00  0.00000000E+00  0.00000000E+00  0.00000000E+00  5.31745876E-02  0.00000000E+00  0.00000000E+00 -5.61948367E-02
    1.489000      1   0.00000000E+00  0.00000000E+00  2.70673498E-03  0.00000000E+00  0.00000000E+00  0.00000000E+00  0.00000000E+00  0.00000000E+00  5.31183715E-02  0.00000000E+00  0.00000000E+00 -5.62161602E-02
    1.490000      1   0.00000000E+00  0.00000000E+00  2.71664005E-03  0.00000000E+00  0.00000000E+00  0.00000000E+00  0.00000000E+00  0.00000000E+00  5.30621516E-02  0.00000000E+00  0.00000000E+00 -5.62198180E-02
    1.491000      1   0.00000000E+00  0.00000000E+00  2.70548633E-03  0.00000000E+00  0.00000000E+00  0.00000000E+00  0.00000000E+00  0.00000000E+00  5.30059435E-02  0.00000000E+00  0.00000000E+00 -5.62081122E-02
    1.492000      1   0.00000000E+00  0.00000000E+00  2.63459111E-03  0.00000000E+00  0.00000000E+00  0.00000000E+00  0.00000000E+00  0.00000000E+00  5.29497484E-02  0.00000000E+00  0.00000000E+00 -5.61951258E-02
    1.493000      1   0.00000000E+00  0.00000000E+00  2.66934941E-03  0.00000000E+00  0.00000000E+00  0.00000000E+00  0.00000000E+00  0.00000000E+00  5.28935501E-02  0.00000000E+00  0.00000000E+00 -5.61983396E-02
    1.494000      1   0.00000000E+00  0.00000000E+00  2.69566029E-03  0.00000000E+00  0.00000000E+00  0.00000000E+00  0.00000000E+00  0.00000000E+00  5.28373314E-02  0.00000000E+00  0.00000000E+00 -5.62186898E-02
    1.495000      1   0.00000000E+00  0.00000000E+00  2.73003087E-03  0.00000000E+00  0.00000000E+00  0.00000000E+00  0.00000000E+00  0.00000000E+00  5.27811084E-02  0.00000000E+00  0.00000000E+00 -5.62229720E-02
    1.496000      1   0.00000000E+00  0.00000000E+00  2.70172734E-03  0.00000000E+00  0.00000000E+00  0.00000000E+00  0.00000000E+00  0.00000000E+00  5.27248959E-02  0.00000000E+00  0.00000000E+00 -5.62125353E-02
    1.497000      1   0.00000000E+00  0.00000000E+00  2.62748591E-03  0.00000000E+00  0.00000000E+00  0.00000000E+00  0.00000000E+00  0.00000000E+00  5.26687001E-02  0.00000000E+00  0.00000000E+00 -5.61958160E-02
    1.498000      1   0.00000000E+00  0.00000000E+00  2.67710276E-03  0.00000000E+00  0.00000000E+00  0.00000000E+00  0.00000000E+00  0.00000000E+00  5.26124985E-02  0.00000000E+00  0.00000000E+00 -5.62015207E-02
    1.499000      1   0.00000000E+00  0.00000000E+00  2.70349919E-03  0.00000000E+00  0.00000000E+00  0.00000000E+00  0.00000000E+00  0.00000000E+00  5.25562757E-02  0.00000000E+00  0.00000000E+00 -5.62228332E-02
    1.500000      1   0.00000000E+00  0.00000000E+00  2.72375602E-03  0.00000000E+00  0.00000000E+00  0.00000000E+00  0.00000000E+00  0.00000000E+00  5.25000525E-02  0.00000000E+00  0.00000000E+00 -5.62231829E-02
    1.501000      1   0.00000000E+00  0.00000000E+00  2.69263434E-03  0.00000000E+00  0.00000000E+00  0.00000000E+00  0.00000000E+00  0.00000000E+00  5.24438412E-02  0.00000000E+00  0.00000000E+00 -5.62112815E-02
    1.502000      1   0.00000000E+00  0.00000000E+00  2.63878729E-03  0.00000000E+00  0.00000000E+00  0.00000000E+00  0.00000000E+00  0.00000000E+00  5.23876430E-02  0.00000000E+00  0.00000000E+00 -5.61982309E-02
    1.503000      1   0.00000000E+00  0.00000000E+00  2.67471101E-03  0.00000000E+00  0.00000000E+00  0.00000000E+00  0.00000000E+00  0.00000000E+00  5.23314381E-02  0.00000000E+00  0.00000000E+00 -5.62049233E-02
    1.504000      1   0.00000000E+00  0.00000000E+00  2.69547450E-03  0.00000000E+00  0.00000000E+00  0.00000000E+00  0.00000000E+00  0.00000000E+00  5.22752151E-02  0.00000000E+00  0.00000000E+00 -5.62229473E-02
    1.505000      1   0.00000000E+00  0.00000000E+00  2.73017517E-03  0.00000000E+00  0.00000000E+00  0.00000000E+00  0.00000000E+00  0.00000000E+00  5.22189896E-02  0.00000000E+00  0.00000000E+00 -5.62255016E-02
    1.506000      1   0.00000000E+00  0.00000000E+00  2.69658333E-03  0.00000000E+00  0.00000000E+00  0.00000000E+00  0.00000000E+00  0.00000000E+00  5.21627745E-02  0.00000000E+00  0.00000000E+00 -5.62151004E-02
    1.507000      1   0.00000000E+00  0.00000000E+00  2.63171243E-03  0.00000000E+00  0.00000000E+00  0.00000000E+00  0.00000000E+00  0.00000000E+00  5.21065753E-02  0.00000000E+00  0.00000000E+00 -5.61992433E-02
    1.508000      1   0.00000000E+00  0.00000000E+00  2.67575212E-03  0.00000000E+00  0.00000000E+00  0.00000000E+00  0.00000000E+00  0.00000000E+00  5.20503694E-02  0.00000000E+00  0.00000000E+00 -5.62058900E-02
    1.509000      1   0.00000000E+00  0.00000000E+00  2.71070747E-03  0.00000000E+00  0.00000000E+00  0.00000000E+00  0.00000000E+00  0.00000000E+00  5.19941433E-02  0.00000000E+00  0.00000000E+00 -5.62260533E-02
    1.510000      1   0.00000000E+00  0.00000000E+00  2.72330872E-03  0.00000000E+00  0.00000000E+00  0.00000000E+00  0.00000000E+00  0.00000000E+00  5.19379178E-02  0.00000000E+00  0.00000000E+00 -5.62255719E-02
    1.511000      1   0.00000000E+00  0.00000000E+00  2.68186017E-03  0.00000000E+00  0.00000000E+00  0.00000000E+00  0.00000000E+00  0.00000000E+00  5.18817064E-02  0.00000000E+00  0.00000000E+00 -5.62113822E-02
    1.512000      1   0.00000000E+00  0.00000000E+00  2.63991405E-03  0.00000000E+00  0.00000000E+00  0.00000000E+00  0.00000000E+00  0.00000000E+00  5.18255060E-02  0.00000000E+00  0.00000000E+00 -5.62003838E-02
    1.513000      1   0.00000000E+00  0.00000000E+00  2.67845717E-03  0.00000000E+00  0.00000000E+00  0.00000000E+00  0.00000000E+00  0.00000000E+00  5.17692956E-02  0.00000000E+00  0.00000000E+00 -5.62104154E-02
    1.514000      1   0.00000000E+00  0.00000000E+00  2.70422052E-03  0.00000000E+00  0.00000000E+00  0.00000000E+00  0.00000000E+00  0.00000000E+00  5.17130682E-02  0.00000000E+00  0.00000000E+00 -5.62274068E-02
    1.515000      1   0.00000000E+00  0.00000000E+00  2.72771695E-03  0.00000000E+00  0.00000000E+00  0.00000000E+00  0.00000000E+00  0.00000000E+00  5.16568410E-02  0.00000000E+00  0.00000000E+00 -5.62271842E-02
    1.516000      1   0.00000000E+00  0.00000000E+00  2.68719878E-03  0.00000000E+00  0.00000000E+00  0.00000000E+00  0.00000000E+00  0.00000000E+00  5.16006267E-02  0.00000000E+00  0.00000000E+00 -5.62143454E-02
    1.517000      1   0.00000000E+00  0.00000000E+00  2.63167824E-03  0.00000000E+00  0.00000000E+00  0.00000000E+00  0.00000000E+00  0.00000000E+00  5.15444257E-02  0.00000000E+00  0.00000000E+00 -5.62009552E-02
    1.518000      1   0.00000000E+00  0.00000000E+00  2.69069305E-03  0.00000000E+00  0.00000000E+00  0.00000000E+00  0.00000000E+00  0.00000000E+00  5.14882150E-02  0.00000000E+00  0.00000000E+00 -5.62106899E-02
    1.519000      1   0.00000000E+00  0.00000000E+00  2.70521493E-03  0.00000000E+00  0.00000000E+00  0.00000000E+00  0.00000000E+00  0.00000000E+00  5.14319868E-02  0.00000000E+00  0.00000000E+00 -5.62282223E-02
    1.520000      1   0.00000000E+00  0.00000000E+00  2.72210266E-03  0.00000000E+00  0.00000000E+00  0.00000000E+00  0.00000000E+00  0.00000000E+00  5.13757630E-02  0.00000000E+00  0.00000000E+00 -5.62238054E-02
    1.521000      1   0.00000000E+00  0.00000000E+00  2.67661104E-03  0.00000000E+00  0.00000000E+00  0.00000000E+00  0.00000000E+00  0.00000000E+00  5.13195513E-02  0.00000000E+00  0.00000000E+00 -5.62116328E-02
    1.522000      1   0.00000000E+00  0.00000000E+00  2.64323405E-03  0.00000000E+00  0.00000000E+00  0.00000000E+00  0.00000000E+00  0.00000000E+00  5.12633494E-02  0.00000000E+00  0.00000000E+00 -5.62019588E-02
    1.523000      1   0.00000000E+00  0.00000000E+00  2.68625632E-03  0.00000000E+00  0.00000000E+00  0.00000000E+00  0.00000000E+00  0.00000000E+00  5.12071363E-02  0.00000000E+00  0.00000000E+00 -5.62131272E-02
    1.524000      1   0.00000000E+00  0.00000000E+00  2.71327699E-03  0.00000000E+00  0.00000000E+00  0.00000000E+00  0.00000000E+00  0.00000000E+00  5.11509086E-02  0.00000000E+00  0.00000000E+00 -5.62276491E-02
    1.525000      1   0.00000000E+00  0.00000000E+00  2.71617618E-03  0.00000000E+00  0.00000000E+00  0.00000000E+00  0.00000000E+00  0.00000000E+00  5.10946854E-02  0.00000000E+00  0.00000000E+00 -5.62232635E-02
    1.526000      1   0.00000000E+00  0.00000000E+00  2.68431977E-03  0.00000000E+00  0.00000000E+00  0.00000000E+00  0.00000000E+00  0.00000000E+00  5.10384759E-02  0.00000000E+00  0.00000000E+00 -5.62094913E-02
    1.527000      1   0.00000000E+00  0.00000000E+00  2.63064832E-03  0.00000000E+00  0.00000000E+00  0.00000000E+00  0.00000000E+00  0.00000000E+00  5.09822755E-02  0.00000000E+00  0.00000000E+00 -5.62004004E-02
    1.528000      1   0.00000000E+00  0.00000000E+00  2.70188858E-03  0.00000000E+00  0.00000000E+00  0.00000000E+00  0.00000000E+00  0.00000000E+00  5.09260642E-02  0.00000000E+00  0.00000000E+00 -5.62112628E-02
    1.529000      1   0.00000000E+00  0.00000000E+00  2.70461527E-03  0.00000000E+00  0.00000000E+00  0.00000000E+00  0.00000000E+00  0.00000000E+00  5.08698370E-02  0.00000000E+00  0.00000000E+00 -5.62271536E-02
    1.530000      1   0.00000000E+00  0.00000000E+00  2.71855465E-03  0.00000000E+00  0.00000000E+00  0.00000000E+00  0.00000000E+00  0.00000000E+00  5.08136179E-02  0.00000000E+00  0.00000000E+00 -5.62191659E-02
    1.531000      1   0.00000000E+00  0.00000000E+00  2.67051667E-03  0.00000000E+00  0.00000000E+00  0.00000000E+00  0.00000000E+00  0.00000000E+00  5.07574101E-02  0.00000000E+00  0.00000000E+00 -5.62078177E-02
    1.532000      1   0.00000000E+00  0.00000000E+00  2.65459875E-03  0.00000000E+00  0.00000000E+00  0.00000000E+00  0.00000000E+00  0.00000000E+00  5.07012097E-02  0.00000000E+00  0.00000000E+00 -5.62003866E-02
    1.533000      1   0.00000000E+00  0.00000000E+00  2.67731021E-03  0.00000000E+00  0.00000000E+00  0.00000000E+00  0.00000000E+00  0.00000000E+00  5.06449981E-02  0.00000000E+00  0.00000000E+00 -5.62115468E-02
    1.534000      1   0.00000000E+00  0.00000000E+00  2.71967049E-03  0.00000000E+00  0.00000000E+00  0.00000000E+00  0.00000000E+00  0.00000000E+00  5.05887742E-02  0.00000000E+00  0.00000000E+00 -5.62239183E-02
    1.535000      1   0.00000000E+00  0.00000000E+00  2.71744107E-03  0.00000000E+00  0.00000000E+00  0.00000000E+00  0.00000000E+00  0.00000000E+00  5.05325529E-02  0.00000000E+00  0.00000000E+00 -5.62213402E-02
    1.536000      1   0.00000000E+00  0.00000000E+00  2.67280807E-03  0.00000000E+00  0.00000000E+00  0.00000000E+00  0.00000000E+00  0.00000000E+00  5.04763476E-02  0.00000000E+00  0.00000000E+00 -5.62052446E-02
    1.537000      1   0.00000000E+00  0.00000000E+00  2.63092338E-03  0.00000000E+00  0.00000000E+00  0.00000000E+00  0.00000000E+00  0.00000000E+00  5.04201498E-02  0.00000000E+00  0.00000000E+00 -5.61977740E-02
    1.538000      1   0.00000000E+00  0.00000000E+00  2.70505426E-03  0.00000000E+00  0.00000000E+00  0.00000000E+00  0.00000000E+00  0.00000000E+00  5.03639375E-02  0.00000000E+00  0.00000000E+00 -5.62123683E-02
    1.539000      1   0.00000000E+00  0.00000000E+00  2.71596485E-03  0.00000000E+00  0.00000000E+00  0.00000000E+00  0.00000000E+00  0.00000000E+00  5.03077099E-02  0.00000000E+00  0.00000000E+00 -5.62276090E-02
    1.540000      1   0.00000000E+00  0.00000000E+00  2.70469705E-03  0.00000000E+00  0.00000000E+00  0.00000000E+00  0.00000000E+00  0.00000000E+00  5.02514933E-02  0.00000000E+00  0.00000000E+00 -5.62165746E-02
    1.541000      1   0.00000000E+00  0.00000000E+00  2.66492988E-03  0.00000000E+00  0.00000000E+00  0.00000000E+00  0.00000000E+00  0.00000000E+00  5.01952893E-02  0.00000000E+00  0.00000000E+00 -5.62039496E-02
    1.542000      1   0.00000000E+00  0.00000000E+00  2.65569742E-03  0.00000000E+00  0.00000000E+00  0.00000000E+00  0.00000000E+00  0.00000000E+00  5.01390873E-02  0.00000000E+00  0.00000000E+00 -5.62020575E-02
    1.543000      1   0.00000000E+00  0.00000000E+00  2.68079096E-03  0.00000000E+00  0.00000000E+00  0.00000000E+00  0.00000000E+00  0.00000000E+00  5.00828724E-02  0.00000000E+00  0.00000000E+00 -5.62148582E-02
    1.544000      1   0.00000000E+00  0.00000000E+00  2.73149077E-03  0.00000000E+00  0.00000000E+00  0.00000000E+00  0.00000000E+00  0.00000000E+00  5.00266462E-02  0.00000000E+00  0.00000000E+00 -5.62262534E-02
    1.545000      1   0.00000000E+00  0.00000000E+00  2.70490071E-03  0.00000000E+00  0.00000000E+00  0.00000000E+00  0.00000000E+00  0.00000000E+00  4.99704257E-02  0.00000000E+00  0.00000000E+00 -5.62204419E-02
    1.546000      1   0.00000000E+00  0.00000000E+00  2.66592366E-03  0.00000000E+00  0.00000000E+00  0.00000000E+00  0.00000000E+00  0.00000000E+00  4.99142231E-02  0.00000000E+00  0.00000000E+00 -5.62026819E-02
    1.547000      1   0.00000000E+00  0.00000000E+00  2.64338571E-03  0.00000000E+00  0.00000000E+00  0.00000000E+00  0.00000000E+00  0.00000000E+00  4.98580225E-02  0.00000000E+00  0.00000000E+00 -5.62005471E-02
    1.548000      1   0.00000000E+00  0.00000000E+00  2.70199402E-03  0.00000000E+00  0.00000000E+00  0.00000000E+00  0.00000000E+00  0.00000000E+00  4.98018073E-02  0.00000000E+00  0.00000000E+00 -5.62151986E-02
    1.549000      1   0.00000000E+00  0.00000000E+00  2.71699562E-03  0.00000000E+00  0.00000000E+00  0.00000000E+00  0.00000000E+00  0.00000000E+00  4.97455804E-02  0.00000000E+00  0.00000000E+00 -5.62268877E-02
    1.550000      1   0.00000000E+00  0.00000000E+00  2.70873055E-03  0.00000000E+00  0.00000000E+00  0.00000000E+00  0.00000000E+00  0.00000000E+00  4.96893637E-02  0.00000000E+00  0.00000000E+00 -5.62166760E-02
    1.551000      1   0.00000000E+00  0.00000000E+00  2.65269521E-03  0.00000000E+00  0.00000000E+00  0.00000000E+00  0.00000000E+00  0.00000000E+00  4.96331607E-02  0.00000000E+00  0.00000000E+00 -5.62029992E-02
    1.552000      1   0.00000000E+00  0.00000000E+00  2.66079801E-03  0.00000000E+00  0.00000000E+00  0.00000000E+00  0.00000000E+00  0.00000000E+00  4.95769588E-02  0.00000000E+00  0.00000000E+00 -5.62019460E-02
    1.553000      1   0.00000000E+00  0.00000000E+00  2.69066774E-03  0.00000000E+00  0.00000000E+00  0.00000000E+00  0.00000000E+00  0.00000000E+00  4.95207409E-02  0.00000000E+00  0.00000000E+00 -5.62178627E-02
    1.554000      1   0.00000000E+00  0.00000000E+00  2.72478964E-03  0.00000000E+00  0.00000000E+00  0.00000000E+00  0.00000000E+00  0.00000000E+00  4.94645151E-02  0.00000000E+00  0.00000000E+00 -5.62258363E-02
    1.555000      1   0.00000000E+00  0.00000000E+00  2.71335497E-03  0.00000000E+00  0.00000000E+00  0.00000000E+00  0.00000000E+00  0.00000000E+00  4.94082971E-02  0.00000000E+00  0.00000000E+00 -5.62179661E-02
    1.556000      1   0.00000000E+00  0.00000000E+00  2.64742835E-03  0.00000000E+00  0.00000000E+00  0.00000000E+00  0.00000000E+00  0.00000000E+00  4.93520962E-02  0.00000000E+00  0.00000000E+00 -5.62009118E-02
    1.557000      1   0.00000000E+00  0.00000000E+00  2.65568688E-03  0.00000000E+00  0.00000000E+00  0.00000000E+00  0.00000000E+00  0.00000000E+00  4.92958970E-02  0.00000000E+00  0.00000000E+00 -5.61992712E-02
    1.558000      1   0.00000000E+00  0.00000000E+00  2.70661751E-03  0.00000000E+00  0.00000000E+00  0.00000000E+00  0.00000000E+00  0.00000000E+00  4.92396791E-02  0.00000000E+00  0.00000000E+00 -5.62178215E-02
    1.559000      1   0.00000000E+00  0.00000000E+00  2.71845456E-03  0.00000000E+00  0.00000000E+00  0.00000000E+00  0.00000000E+00  0.00000000E+00  4.91834545E-02  0.00000000E+00  0.00000000E+00 -5.62246531E-02
    1.560000      1   0.00000000E+00  0.00000000E+00  2.70413922E-03  0.00000000E+00  0.00000000E+00  0.00000000E+00  0.00000000E+00  0.00000000E+00  4.91272418E-02  0.00000000E+00  0.00000000E+00 -5.62126650E-02
    1.561000      1   0.00000000E+00  0.00000000E+00  2.64025984E-03  0.00000000E+00  0.00000000E+00  0.00000000E+00  0.00000000E+00  0.00000000E+00  4.90710425E-02  0.00000000E+00  0.00000000E+00 -5.61993210E-02
    1.562000      1   0.00000000E+00  0.00000000E+00  2.67302246E-03  0.00000000E+00  0.00000000E+00  0.00000000E+00  0.00000000E+00  0.00000000E+00  4.90148405E-02  0.00000000E+00  0.00000000E+00 -5.62019747E-02
    1.563000      1   0.00000000E+00  0.00000000E+00  2.69341236E-03  0.00000000E+00  0.00000000E+00  0.00000000E+00  0.00000000E+00  0.00000000E+00  4.89586207E-02  0.00000000E+00  0.00000000E+00 -5.62198136E-02
    1.564000      1   0.00000000E+00  0.00000000E+00  2.72129377E-03  0.00000000E+00  0.00000000E+00  0.00000000E+00  0.00000000E+00  0.00000000E+00  4.89023974E-02  0.00000000E+00  0.00000000E+00 -5.62232871E-02
    1.565000      1   0.00000000E+00  0.00000000E+00  2.71284762E-03  0.00000000E+00  0.00000000E+00  0.00000000E+00  0.00000000E+00  0.00000000E+00  4.88461823E-02  0.00000000E+00  0.00000000E+00 -5.62151337E-02
    1.566000      1   0.00000000E+00  0.00000000E+00  2.63805708E-03  0.00000000E+00  0.00000000E+00  0.00000000E+00  0.00000000E+00  0.00000000E+00  4.87899830E-02  0.00000000E+00  0.00000000E+00 -5.61993173E-02
    1.567000      1   0.00000000E+00  0.00000000E+00  2.66362724E-03  0.00000000E+00  0.00000000E+00  0.00000000E+00  0.00000000E+00  0.00000000E+00  4.87337835E-02  0.00000000E+00  0.00000000E+00 -5.61995005E-02
    1.568000      1   0.00000000E+00  0.00000000E+00  2.70654033E-03  0.00000000E+00  0.00000000E+00  0.00000000E+00  0.00000000E+00  0.00000000E+00  4.86775637E-02  0.00000000E+00  0.00000000E+00 -5.62197243E-02
    1.569000      1   0.00000000E+00  0.00000000E+00  2.71659878E-03  0.00000000E+00  0.00000000E+00  0.00000000E+00  0.00000000E+00  0.00000000E+00  4.86213398E-02  0.00000000E+00  0.00000000E+00 -5.62239618E-02
    1.570000      1   0.00000000E+00  0.00000000E+00  2.70711913E-03  0.00000000E+00  0.00000000E+00  0.00000000E+00  0.00000000E+00  0.00000000E+00  4.85651274E-02  0.00000000E+00  0.00000000E+00 -5.62123273E-02
    1.571000      1   0.00000000E+00  0.00000000E+00  2.63483423E-03  0.00000000E+00  0.00000000E+00  0.00000000E+00  0.00000000E+00  0.00000000E+00  4.85089284E-02  0.00000000E+00  0.00000000E+00 -5.61990657E-02
    1.572000      1   0.00000000E+00  0.00000000E+00  2.66986445E-03  0.00000000E+00  0.00000000E+00  0.00000000E+00  0.00000000E+00  0.00000000E+00  4.84527267E-02  0.00000000E+00  0.00000000E+00 -5.62017003E-02
    1.573000      1   0.00000000E+00  0.00000000E+00  2.70056768E-03  0.00000000E+00  0.00000000E+00  0.00000000E+00  0.00000000E+00  0.00000000E+00  4.83965048E-02  0.00000000E+00  0.00000000E+00 -5.62218795E-02
    1.574000      1   0.00000000E+00  0.00000000E+00  2.72085034E-03  0.00000000E+00  0.00000000E+00  0.00000000E+00  0.00000000E+00  0.00000000E+00  4.83402797E-02  0.00000000E+00  0.00000000E+00 -5.62251248E-02
    1.575000      1   0.00000000E+00  0.00000000E+00  2.70946692E-03  0.00000000E+00  0.00000000E+00  0.00000000E+00  0.00000000E+00  0.00000000E+00  4.82840650E-02  0.00000000E+00  0.00000000E+00 -5.62146999E-02
    1.576000      1   0.00000000E+00  0.00000000E+00  2.63148609E-03  0.00000000E+00  0.00000000E+00  0.00000000E+00  0.00000000E+00  0.00000000E+00  4.82278654E-02  0.00000000E+00  0.00000000E+00 -5.61996269E-02
    1.577000      1   0.00000000E+00  0.00000000E+00  2.66983660E-03  0.00000000E+00  0.00000000E+00  0.00000000E+00  0.00000000E+00  0.00000000E+00  4.81716633E-02  0.00000000E+00  0.00000000E+00 -5.62020825E-02
    1.578000      1   0.00000000E+00  0.00000000E+00  2.70475946E-03  0.00000000E+00  0.00000000E+00  0.00000000E+00  0.00000000E+00  0.00000000E+00  4.81154399E-02  0.00000000E+00  0.00000000E+00 -5.62233662E-02
    1.579000      1   0.00000000E+00  0.00000000E+00  2.72255424E-03  0.00000000E+00  0.00000000E+00  0.00000000E+00  0.00000000E+00  0.00000000E+00  4.80592140E-02  0.00000000E+00  0.00000000E+00 -5.62258794E-02
    1.580000      1   0.00000000E+00  0.00000000E+00  2.70282772E-03  0.00000000E+00  0.00000000E+00  0.00000000E+00  0.00000000E+00  0.00000000E+00  4.80030002E-02  0.00000000E+00  0.00000000E+00 -5.62137765E-02
    1.581000      1   0.00000000E+00  0.00000000E+00  2.62897187E-03  0.00000000E+00  0.00000000E+00  0.00000000E+00  0.00000000E+00  0.00000000E+00  4.79468009E-02  0.00000000E+00  0.00000000E+00 -5.61993180E-02
    1.582000      1   0.00000000E+00  0.00000000E+00  2.67667436E-03  0.00000000E+00  0.00000000E+00  0.00000000E+00  0.00000000E+00  0.00000000E+00  4.78905965E-02  0.00000000E+00  0.00000000E+00 -5.62043986E-02
    1.583000      1   0.00000000E+00  0.00000000E+00  2.69665637E-03  0.00000000E+00  0.00000000E+00  0.00000000E+00  0.00000000E+00  0.00000000E+00  4.78343712E-02  0.00000000E+00  0.00000000E+00 -5.62252989E-02
    1.584000      1   0.00000000E+00  0.00000000E+00  2.73081430E-03  0.00000000E+00  0.00000000E+00  0.00000000E+00  0.00000000E+00  0.00000000E+00  4.77781442E-02  0.00000000E+00  0.00000000E+00 -5.62269994E-02
    1.585000      1   0.00000000E+00  0.00000000E+00  2.69777809E-03  0.00000000E+00  0.00000000E+00  0.00000000E+00  0.00000000E+00  0.00000000E+00  4.77219281E-02  0.00000000E+00  0.00000000E+00 -5.62160970E-02
    1.586000      1   0.00000000E+00  0.00000000E+00  2.63183327E-03  0.00000000E+00  0.00000000E+00  0.00000000E+00  0.00000000E+00  0.00000000E+00  4.76657283E-02  0.00000000E+00  0.00000000E+00 -5.61998187E-02
    1.587000      1   0.00000000E+00  0.00000000E+00  2.67933894E-03  0.00000000E+00  0.00000000E+00  0.00000000E+00  0.00000000E+00  0.00000000E+00  4.76095223E-02  0.00000000E+00  0.00000000E+00 -5.62060517E-02
    1.588000      1   0.00000000E+00  0.00000000E+00  2.70189269E-03  0.00000000E+00  0.00000000E+00  0.00000000E+00  0.00000000E+00  0.00000000E+00  4.75532967E-02  0.00000000E+00  0.00000000E+00 -5.62255410E-02
    1.589000      1   0.00000000E+00  0.00000000E+00  2.72617920E-03  0.00000000E+00  0.00000000E+00  0.00000000E+00  0.00000000E+00  0.00000000E+00  4.74970713E-02  0.00000000E+00  0.00000000E+00 -5.62254404E-02
    1.590000      1   0.00000000E+00  0.00000000E+00  2.69155882E-03  0.00000000E+00  0.00000000E+00  0.00000000E+00  0.00000000E+00  0.00000000E+00  4.74408576E-02  0.00000000E+00  0.00000000E+00 -5.62136381E-02
    1.591000      1   0.00000000E+00  0.00000000E+00  2.63829485E-03  0.00000000E+00  0.00000000E+00  0.00000000E+00  0.00000000E+00  0.00000000E+00  4.73846577E-02  0.00000000E+00  0.00000000E+00 -5.61999818E-02
    1.592000      1   0.00000000E+00  0.00000000E+00  2.67301679E-03  0.00000000E+00  0.00000000E+00  0.00000000E+00  0.00000000E+00  0.00000000E+00  4.73284505E-02  0.00000000E+00  0.00000000E+00 -5.62071146E-02
    1.593000      1   0.00000000E+00  0.00000000E+00  2.70581674E-03  0.00000000E+00  0.00000000E+00  0.00000000E+00  0.00000000E+00  0.00000000E+00  4.72722249E-02  0.00000000E+00  0.00000000E+00 -5.62255999E-02
    1.594000      1   0.00000000E+00  0.00000000E+00  2.73129102E-03  0.00000000E+00  0.00000000E+00  0.00000000E+00  0.00000000E+00  0.00000000E+00  4.72159981E-02  0.00000000E+00  0.00000000E+00 -5.62268817E-02
    1.595000      1   0.00000000E+00  0.00000000E+00  2.68640244E-03  0.00000000E+00  0.00000000E+00  0.00000000E+00  0.00000000E+00  0.00000000E+00  4.71597852E-02  0.00000000E+00  0.00000000E+00 -5.62128866E-02
    1.596000      1   0.00000000E+00  0.00000000E+00  2.63408505E-03  0.00000000E+00  0.00000000E+00  0.00000000E+00  0.00000000E+00  0.00000000E+00  4.71035867E-02  0.00000000E+00  0.00000000E+00 -5.61984634E-02
    1.597000      1   0.00000000E+00  0.00000000E+00  2.68358514E-03  0.00000000E+00  0.00000000E+00  0.00000000E+00  0.00000000E+00  0.00000000E+00  4.70473787E-02  0.00000000E+00  0.00000000E+00 -5.62080341E-02
    1.598000      1   0.00000000E+00  0.00000000E+00  2.70844927E-03  0.00000000E+00  0.00000000E+00  0.00000000E+00  0.00000000E+00  0.00000000E+00  4.69911527E-02  0.00000000E+00  0.00000000E+00 -5.62260330E-02
    1.599000      1   0.00000000E+00  0.00000000E+00  2.72266861E-03  0.00000000E+00  0.00000000E+00  0.00000000E+00  0.00000000E+00  0.00000000E+00  4.69349293E-02  0.00000000E+00  0.00000000E+00 -5.62233785E-02
    1.600000      1   0.00000000E+00  0.00000000E+00  2.68066525E-03  0.00000000E+00  0.00000000E+00  0.00000000E+00  0.00000000E+00  0.00000000E+00  4.68787192E-02  0.00000000E+00  0.00000000E+00 -5.62100436E-02
    1.601000      1   0.00000000E+00  0.00000000E+00  2.64434858E-03  0.00000000E+00  0.00000000E+00  0.00000000E+00  0.00000000E+00  0.00000000E+00  4.68225198E-02  0.00000000E+00  0.00000000E+00 -5.61994667E-02
    1.602000      1   0.00000000E+00  0.00000000E+00  2.68211513E-03  0.00000000E+00  0.00000000E+00  0.00000000E+00  0.00000000E+00  0.00000000E+00  4.67663107E-02  0.00000000E+00  0.00000000E+00 -5.62091066E-02
    1.603000      1   0.00000000E+00  0.00000000E+00  2.70468095E-03  0.00000000E+00  0.00000000E+00  0.00000000E+00  0.00000000E+00  0.00000000E+00  4.67100867E-02  0.00000000E+00  0.00000000E+00 -5.62239948E-02
    1.604000      1   0.00000000E+00  0.00000000E+00  2.72588505E-03  0.00000000E+00  0.00000000E+00  0.00000000E+00  0.00000000E+00  0.00000000E+00  4.66538642E-02  0.00000000E+00  0.00000000E+00 -5.62224894E-02
    1.605000      1   0.00000000E+00  0.00000000E+00  2.68429223E-03  0.00000000E+00  0.00000000E+00  0.00000000E+00  0.00000000E+00  0.00000000E+00  4.65976543E-02  0.00000000E+00  0.00000000E+00 -5.62098233E-02
    1.606000      1   0.00000000E+00  0.00000000E+00  2.63230534E-03  0.00000000E+00  0.00000000E+00  0.00000000E+00  0.00000000E+00  0.00000000E+00  4.65414568E-02  0.00000000E+00  0.00000000E+00 -5.61975487E-02
    1.607000      1   0.00000000E+00  0.00000000E+00  2.69853348E-03  0.00000000E+00  0.00000000E+00  0.00000000E+00  0.00000000E+00  0.00000000E+00  4.64852487E-02  0.00000000E+00  0.00000000E+00 -5.62081271E-02
    1.608000      1   0.00000000E+00  0.00000000E+00  2.70583095E-03  0.00000000E+00  0.00000000E+00  0.00000000E+00  0.00000000E+00  0.00000000E+00  4.64290246E-02  0.00000000E+00  0.00000000E+00 -5.62240671E-02
    1.609000      1   0.00000000E+00  0.00000000E+00  2.72022764E-03  0.00000000E+00  0.00000000E+00  0.00000000E+00  0.00000000E+00  0.00000000E+00  4.63728076E-02  0.00000000E+00  0.00000000E+00 -5.62169663E-02
    1.610000      1   0.00000000E+00  0.00000000E+00  2.67740718E-03  0.00000000E+00  0.00000000E+00  0.00000000E+00  0.00000000E+00  0.00000000E+00  4.63166027E-02  0.00000000E+00  0.00000000E+00 -5.62049230E-02
    1.611000      1   0.00000000E+00  0.00000000E+00  2.64764315E-03  0.00000000E+00  0.00000000E+00  0.00000000E+00  0.00000000E+00  0.00000000E+00  4.62604070E-02  0.00000000E+00  0.00000000E+00 -5.61957239E-02
    1.612000      1   0.00000000E+00  0.00000000E+00  2.68062627E-03  0.00000000E+00  0.00000000E+00  0.00000000E+00  0.00000000E+00  0.00000000E+00  4.62042011E-02  0.00000000E+00  0.00000000E+00 -5.62058512E-02
    1.613000      1   0.00000000E+00  0.00000000E+00  2.71793149E-03  0.00000000E+00  0.00000000E+00  0.00000000E+00  0.00000000E+00  0.00000000E+00  4.61479812E-02  0.00000000E+00  0.00000000E+00 -5.62199207E-02
    1.614000      1   0.00000000E+00  0.00000000E+00  2.72027061E-03  0.00000000E+00  0.00000000E+00  0.00000000E+00  0.00000000E+00  0.00000000E+00  4.60917647E-02  0.00000000E+00  0.00000000E+00 -5.62165610E-02
    1.615000      1   0.00000000E+00  0.00000000E+00  2.67751205E-03  0.00000000E+00  0.00000000E+00  0.00000000E+00  0.00000000E+00  0.00000000E+00  4.60355641E-02  0.00000000E+00  0.00000000E+00 -5.62005361E-02
    1.616000      1   0.00000000E+00  0.00000000E+00  2.63379204E-03  0.00000000E+00  0.00000000E+00  0.00000000E+00  0.00000000E+00  0.00000000E+00  4.59793728E-02  0.00000000E+00  0.00000000E+00 -5.61913044E-02
    1.617000      1   0.00000000E+00  0.00000000E+00  2.70005937E-03  0.00000000E+00  0.00000000E+00  0.00000000E+00  0.00000000E+00  0.00000000E+00  4.59231690E-02  0.00000000E+00  0.00000000E+00 -5.62038466E-02
    1.618000      1   0.00000000E+00  0.00000000E+00  2.71130328E-03  0.00000000E+00  0.00000000E+00  0.00000000E+00  0.00000000E+00  0.00000000E+00  4.58669499E-02  0.00000000E+00  0.00000000E+00 -5.62190285E-02
    1.619000      1   0.00000000E+00  0.00000000E+00  2.71907770E-03  0.00000000E+00  0.00000000E+00  0.00000000E+00  0.00000000E+00  0.00000000E+00  4.58107395E-02  0.00000000E+00  0.00000000E+00 -5.62104588E-02
    1.620000      1   0.00000000E+00  0.00000000E+00  2.66436165E-03  0.00000000E+00  0.00000000E+00  0.00000000E+00  0.00000000E+00  0.00000000E+00  4.57545427E-02  0.00000000E+00  0.00000000E+00 -5.61968217E-02
    1.621000      1   0.00000000E+00  0.00000000E+00  2.65386974E-03  0.00000000E+00  0.00000000E+00  0.00000000E+00  0.00000000E+00  0.00000000E+00  4.56983524E-02  0.00000000E+00  0.00000000E+00 -5.61903072E-02
    1.622000      1   0.00000000E+00  0.00000000E+00  2.68454162E-03  0.00000000E+00  0.00000000E+00  0.00000000E+00  0.00000000E+00  0.00000000E+00  4.56421487E-02  0.00000000E+00  0.00000000E+00 -5.62036177E-02
    1.623000      1   0.00000000E+00  0.00000000E+00  2.72104186E-03  0.00000000E+00  0.00000000E+00  0.00000000E+00  0.00000000E+00  0.00000000E+00  4.55859338E-02  0.00000000E+00  0.00000000E+00 -5.62149499E-02
    1.624000      1   0.00000000E+00  0.00000000E+00  2.71375906E-03  0.00000000E+00  0.00000000E+00  0.00000000E+00  0.00000000E+00  0.00000000E+00  4.55297240E-02  0.00000000E+00  0.00000000E+00 -5.62097544E-02
    1.625000      1   0.00000000E+00  0.00000000E+00  2.66953204E-03  0.00000000E+00  0.00000000E+00  0.00000000E+00  0.00000000E+00  0.00000000E+00  4.54735302E-02  0.00000000E+00  0.00000000E+00 -5.61938595E-02
    1.626000      1   0.00000000E+00  0.00000000E+00  2.63653021E-03  0.00000000E+00  0.00000000E+00  0.00000000E+00  0.00000000E+00  0.00000000E+00  4.54173420E-02  0.00000000E+00  0.00000000E+00 -5.61881774E-02
    1.627000      1   0.00000000E+00  0.00000000E+00  2.70291491E-03  0.00000000E+00  0.00000000E+00  0.00000000E+00  0.00000000E+00  0.00000000E+00  4.53611391E-02  0.00000000E+00  0.00000000E+00 -5.62028562E-02
    1.628000      1   0.00000000E+00  0.00000000E+00  2.72070189E-03  0.00000000E+00  0.00000000E+00  0.00000000E+00  0.00000000E+00  0.00000000E+00  4.53049225E-02  0.00000000E+00  0.00000000E+00 -5.62166338E-02
    1.629000      1   0.00000000E+00  0.00000000E+00  2.69930480E-03  0.00000000E+00  0.00000000E+00  0.00000000E+00  0.00000000E+00  0.00000000E+00  4.52487170E-02  0.00000000E+00  0.00000000E+00 -5.62054643E-02
    1.630000      1   0.00000000E+00  0.00000000E+00  2.67025979E-03  0.00000000E+00  0.00000000E+00  0.00000000E+00  0.00000000E+00  0.00000000E+00  4.51925248E-02  0.00000000E+00  0.00000000E+00 -5.61922372E-02
    1.631000      1   0.00000000E+00  0.00000000E+00  2.65784252E-03  0.00000000E+00  0.00000000E+00  0.00000000E+00  0.00000000E+00  0.00000000E+00  4.51363336E-02  0.00000000E+00  0.00000000E+00 -5.61911734E-02
    1.632000      1   0.00000000E+00  0.00000000E+00  2.68078786E-03  0.00000000E+00  0.00000000E+00  0.00000000E+00  0.00000000E+00  0.00000000E+00  4.50801318E-02  0.00000000E+00  0.00000000E+00 -5.62018443E-02
    1.633000      1   0.00000000E+00  0.00000000E+00  2.72801629E-03  0.00000000E+00  0.00000000E+00  0.00000000E+00  0.00000000E+00  0.00000000E+00  4.50239193E-02  0.00000000E+00  0.00000000E+00 -5.62125356E-02
    1.634000      1   0.00000000E+00  0.00000000E+00  2.71377167E-03  0.00000000E+00  0.00000000E+00  0.00000000E+00  0.00000000E+00  0.00000000E+00  4.49677119E-02  0.00000000E+00  0.00000000E+00 -5.62073395E-02
    1.635000      1   0.00000000E+00  0.00000000E+00  2.66028551E-03  0.00000000E+00  0.00000000E+00  0.00000000E+00  0.00000000E+00  0.00000000E+00  4.49115228E-02  0.00000000E+00  0.00000000E+00 -5.61891519E-02
    1.636000      1   0.00000000E+00  0.00000000E+00  2.64165678E-03  0.00000000E+00  0.00000000E+00  0.00000000E+00  0.00000000E+00  0.00000000E+00  4.48553377E-02  0.00000000E+00  0.00000000E+00 -5.61851008E-02
    1.637000      1   0.00000000E+00  0.00000000E+00  2.70947261E-03  0.00000000E+00  0.00000000E+00  0.00000000E+00  0.00000000E+00  0.00000000E+00  4.47991357E-02  0.00000000E+00  0.00000000E+00 -5.62019097E-02
    1.638000      1   0.00000000E+00  0.00000000E+00  2.71671657E-03  0.00000000E+00  0.00000000E+00  0.00000000E+00  0.00000000E+00  0.00000000E+00  4.47429229E-02  0.00000000E+00  0.00000000E+00 -5.62128441E-02
    1.639000      1   0.00000000E+00  0.00000000E+00  2.71245899E-03  0.00000000E+00  0.00000000E+00  0.00000000E+00  0.00000000E+00  0.00000000E+00  4.46867227E-02  0.00000000E+00  0.00000000E+00 -5.62002257E-02
    1.640000      1   0.00000000E+00  0.00000000E+00  2.64592711E-03  0.00000000E+00  0.00000000E+00  0.00000000E+00  0.00000000E+00  0.00000000E+00  4.46305367E-02  0.00000000E+00  0.00000000E+00 -5.61859812E-02
    1.641000      1   0.00000000E+00  0.00000000E+00  2.66893805E-03  0.00000000E+00  0.00000000E+00  0.00000000E+00  0.00000000E+00  0.00000000E+00  4.45743518E-02  0.00000000E+00  0.00000000E+00 -5.61849004E-02
    1.642000      1   0.00000000E+00  0.00000000E+00  2.68919712E-03  0.00000000E+00  0.00000000E+00  0.00000000E+00  0.00000000E+00  0.00000000E+00  4.45181502E-02  0.00000000E+00  0.00000000E+00 -5.62016004E-02
    1.643000      1   0.00000000E+00  0.00000000E+00  2.72741548E-03  0.00000000E+00  0.00000000E+00  0.00000000E+00  0.00000000E+00  0.00000000E+00  4.44619430E-02  0.00000000E+00  0.00000000E+00 -5.62071607E-02
    1.644000      1   0.00000000E+00  0.00000000E+00  2.71120431E-03  0.00000000E+00  0.00000000E+00  0.00000000E+00  0.00000000E+00  0.00000000E+00  4.44057437E-02  0.00000000E+00  0.00000000E+00 -5.61993091E-02
    1.645000      1   0.00000000E+00  0.00000000E+00  2.64372888E-03  0.00000000E+00  0.00000000E+00  0.00000000E+00  0.00000000E+00  0.00000000E+00  4.43495620E-02  0.00000000E+00  0.00000000E+00 -5.61817728E-02
    1.646000      1   0.00000000E+00  0.00000000E+00  2.66006135E-03  0.00000000E+00  0.00000000E+00  0.00000000E+00  0.00000000E+00  0.00000000E+00  4.42933805E-02  0.00000000E+00  0.00000000E+00 -5.61814927E-02
    1.647000      1   0.00000000E+00  0.00000000E+00  2.70685908E-03  0.00000000E+00  0.00000000E+00  0.00000000E+00  0.00000000E+00  0.00000000E+00  4.42371800E-02  0.00000000E+00  0.00000000E+00 -5.62004844E-02
    1.648000      1   0.00000000E+00  0.00000000E+00  2.72002595E-03  0.00000000E+00  0.00000000E+00  0.00000000E+00  0.00000000E+00  0.00000000E+00  4.41809741E-02  0.00000000E+00  0.00000000E+00 -5.62058366E-02
    1.649000      1   0.00000000E+00  0.00000000E+00  2.70725944E-03  0.00000000E+00  0.00000000E+00  0.00000000E+00  0.00000000E+00  0.00000000E+00  4.41247807E-02  0.00000000E+00  0.00000000E+00 -5.61934913E-02
    1.650000      1   0.00000000E+00  0.00000000E+00  2.64139229E-03  0.00000000E+00  0.00000000E+00  0.00000000E+00  0.00000000E+00  0.00000000E+00  4.40686016E-02  0.00000000E+00  0.00000000E+00 -5.61790794E-02
    1.651000      1   0.00000000E+00  0.00000000E+00  2.67067430E-03  0.00000000E+00  0.00000000E+00  0.00000000E+00  0.00000000E+00  0.00000000E+00  4.40124211E-02  0.00000000E+00  0.00000000E+00 -5.61805082E-02
    1.652000      1   0.00000000E+00  0.00000000E+00  2.69551048E-03  0.00000000E+00  0.00000000E+00  0.00000000E+00  0.00000000E+00  0.00000000E+00  4.39562227E-02  0.00000000E+00  0.00000000E+00 -5.61983904E-02
    1.653000      1   0.00000000E+00  0.00000000E+00  2.72350207E-03  0.00000000E+00  0.00000000E+00  0.00000000E+00  0.00000000E+00  0.00000000E+00  4.39000204E-02  0.00000000E+00  0.00000000E+00 -5.62022641E-02
    1.654000      1   0.00000000E+00  0.00000000E+00  2.71343915E-03  0.00000000E+00  0.00000000E+00  0.00000000E+00  0.00000000E+00  0.00000000E+00  4.38438274E-02  0.00000000E+00  0.00000000E+00 -5.61930311E-02
    1.655000      1   0.00000000E+00  0.00000000E+00  2.63564545E-03  0.00000000E+00  0.00000000E+00  0.00000000E+00  0.00000000E+00  0.00000000E+00  4.37876510E-02  0.00000000E+00  0.00000000E+00 -5.61763848E-02
    1.656000      1   0.00000000E+00  0.00000000E+00  2.66315515E-03  0.00000000E+00  0.00000000E+00  0.00000000E+00  0.00000000E+00  0.00000000E+00  4.37314742E-02  0.00000000E+00  0.00000000E+00 -5.61768003E-02
    1.657000      1   0.00000000E+00  0.00000000E+00  2.70978465E-03  0.00000000E+00  0.00000000E+00  0.00000000E+00  0.00000000E+00  0.00000000E+00  4.36752763E-02  0.00000000E+00  0.00000000E+00 -5.61978996E-02
    1.658000      1   0.00000000E+00  0.00000000E+00  2.71679508E-03  0.00000000E+00  0.00000000E+00  0.00000000E+00  0.00000000E+00  0.00000000E+00  4.36190746E-02  0.00000000E+00  0.00000000E+00 -5.62017184E-02
    1.659000      1   0.00000000E+00  0.00000000E+00  2.70948603E-03  0.00000000E+00  0.00000000E+00  0.00000000E+00  0.00000000E+00  0.00000000E+00  4.35628856E-02  0.00000000E+00  0.00000000E+00 -5.61889836E-02
    1.660000      1   0.00000000E+00  0.00000000E+00  2.63423309E-03  0.00000000E+00  0.00000000E+00  0.00000000E+00  0.00000000E+00  0.00000000E+00  4.35067104E-02  0.00000000E+00  0.00000000E+00 -5.61752391E-02
    1.661000      1   0.00000000E+00  0.00000000E+00  2.67067797E-03  0.00000000E+00  0.00000000E+00  0.00000000E+00  0.00000000E+00  0.00000000E+00  4.34505331E-02  0.00000000E+00  0.00000000E+00 -5.61772026E-02
    1.662000      1   0.00000000E+00  0.00000000E+00  2.69748901E-03  0.00000000E+00  0.00000000E+00  0.00000000E+00  0.00000000E+00  0.00000000E+00  4.33943357E-02  0.00000000E+00  0.00000000E+00 -5.61974354E-02
    1.663000      1   0.00000000E+00  0.00000000E+00  2.72964905E-03  0.00000000E+00  0.00000000E+00  0.00000000E+00  0.00000000E+00  0.00000000E+00  4.33381348E-02  0.00000000E+00  0.00000000E+00 -5.62009579E-02
    1.664000      1   0.00000000E+00  0.00000000E+00  2.70576002E-03  0.00000000E+00  0.00000000E+00  0.00000000E+00  0.00000000E+00  0.00000000E+00  4.32819448E-02  0.00000000E+00  0.00000000E+00 -5.61899882E-02
    1.665000      1   0.00000000E+00  0.00000000E+00  2.63020685E-03  0.00000000E+00  0.00000000E+00  0.00000000E+00  0.00000000E+00  0.00000000E+00  4.32257721E-02  0.00000000E+00  0.00000000E+00 -5.61726811E-02
    1.666000      1   0.00000000E+00  0.00000000E+00  2.67583824E-03  0.00000000E+00  0.00000000E+00  0.00000000E+00  0.00000000E+00  0.00000000E+00  4.31695955E-02  0.00000000E+00  0.00000000E+00 -5.61765802E-02
    1.667000      1   0.00000000E+00  0.00000000E+00  2.70339081E-03  0.00000000E+00  0.00000000E+00  0.00000000E+00  0.00000000E+00  0.00000000E+00  4.31133983E-02  0.00000000E+00  0.00000000E+00 -5.61972228E-02
    1.668000      1   0.00000000E+00  0.00000000E+00  2.72320063E-03  0.00000000E+00  0.00000000E+00  0.00000000E+00  0.00000000E+00  0.00000000E+00  4.30572003E-02  0.00000000E+00  0.00000000E+00 -5.61980070E-02
    1.669000      1   0.00000000E+00  0.00000000E+00  2.70125824E-03  0.00000000E+00  0.00000000E+00  0.00000000E+00  0.00000000E+00  0.00000000E+00  4.30010140E-02  0.00000000E+00  0.00000000E+00 -5.61862393E-02
    1.670000      1   0.00000000E+00  0.00000000E+00  2.63253650E-03  0.00000000E+00  0.00000000E+00  0.00000000E+00  0.00000000E+00  0.00000000E+00  4.29448422E-02  0.00000000E+00  0.00000000E+00 -5.61718461E-02
    1.671000      1   0.00000000E+00  0.00000000E+00  2.67966223E-03  0.00000000E+00  0.00000000E+00  0.00000000E+00  0.00000000E+00  0.00000000E+00  4.28886654E-02  0.00000000E+00  0.00000000E+00 -5.61768117E-02
    1.672000      1   0.00000000E+00  0.00000000E+00  2.69378469E-03  0.00000000E+00  0.00000000E+00  0.00000000E+00  0.00000000E+00  0.00000000E+00  4.28324694E-02  0.00000000E+00  0.00000000E+00 -5.61960129E-02
    1.673000      1   0.00000000E+00  0.00000000E+00  2.73556383E-03  0.00000000E+00  0.00000000E+00  0.00000000E+00  0.00000000E+00  0.00000000E+00  4.27762721E-02  0.00000000E+00  0.00000000E+00 -5.61972400E-02
    1.674000      1   0.00000000E+00  0.00000000E+00  2.69507545E-03  0.00000000E+00  0.00000000E+00  0.00000000E+00  0.00000000E+00  0.00000000E+00  4.27200857E-02  0.00000000E+00  0.00000000E+00 -5.61864408E-02
    1.675000      1   0.00000000E+00  0.00000000E+00  2.63394132E-03  0.00000000E+00  0.00000000E+00  0.00000000E+00  0.00000000E+00  0.00000000E+00  4.26639166E-02  0.00000000E+00  0.00000000E+00 -5.61690807E-02
    1.676000      1   0.00000000E+00  0.00000000E+00  2.67937699E-03  0.00000000E+00  0.00000000E+00  0.00000000E+00  0.00000000E+00  0.00000000E+00  4.26077408E-02  0.00000000E+00  0.00000000E+00 -5.61758284E-02
    1.677000      1   0.00000000E+00  0.00000000E+00  2.70709323E-03  0.00000000E+00  0.00000000E+00  0.00000000E+00  0.00000000E+00  0.00000000E+00  4.25515462E-02  0.00000000E+00  0.00000000E+00 -5.61946187E-02
    1.678000      1   0.00000000E+00  0.00000000E+00  2.72608542E-03  0.00000000E+00  0.00000000E+00  0.00000000E+00  0.00000000E+00  0.00000000E+00  4.24953526E-02  0.00000000E+00  0.00000000E+00 -5.61935860E-02
    1.679000      1   0.00000000E+00  0.00000000E+00  2.68977657E-03  0.00000000E+00  0.00000000E+00  0.00000000E+00  0.00000000E+00  0.00000000E+00  4.24391725E-02  0.00000000E+00  0.00000000E+00 -5.61800922E-02
    1.680000      1   0.00000000E+00  0.00000000E+00  2.63745402E-03  0.00000000E+00  0.00000000E+00  0.00000000E+00  0.00000000E+00  0.00000000E+00  4.23830057E-02  0.00000000E+00  0.00000000E+00 -5.61667820E-02
    1.681000      1   0.00000000E+00  0.00000000E+00  2.67757337E-03  0.00000000E+00  0.00000000E+00  0.00000000E+00  0.00000000E+00  0.00000000E+00  4.23268310E-02  0.00000000E+00  0.00000000E+00 -5.61746488E-02
    1.682000      1   0.00000000E+00  0.00000000E+00  2.70746377E-03  0.00000000E+00  0.00000000E+00  0.00000000E+00  0.00000000E+00  0.00000000E+00  4.22706384E-02  0.00000000E+00  0.00000000E+00 -5.61926044E-02
    1.683000      1   0.00000000E+00  0.00000000E+00  2.73339477E-03  0.00000000E+00  0.00000000E+00  0.00000000E+00  0.00000000E+00  0.00000000E+00  4.22144463E-02  0.00000000E+00  0.00000000E+00 -5.61920985E-02
    1.684000      1   0.00000000E+00  0.00000000E+00  2.68343948E-03  0.00000000E+00  0.00000000E+00  0.00000000E+00  0.00000000E+00  0.00000000E+00  4.21582692E-02  0.00000000E+00  0.00000000E+00 -5.61771905E-02
    1.685000      1   0.00000000E+00  0.00000000E+00  2.63722005E-03  0.00000000E+00  0.00000000E+00  0.00000000E+00  0.00000000E+00  0.00000000E+00  4.21021066E-02  0.00000000E+00  0.00000000E+00 -5.61626004E-02
    1.686000      1   0.00000000E+00  0.00000000E+00  2.68492873E-03  0.00000000E+00  0.00000000E+00  0.00000000E+00  0.00000000E+00  0.00000000E+00  4.20459340E-02  0.00000000E+00  0.00000000E+00 -5.61725897E-02
    1.687000      1   0.00000000E+00  0.00000000E+00  2.70816802E-03  0.00000000E+00  0.00000000E+00  0.00000000E+00  0.00000000E+00  0.00000000E+00  4.19897446E-02  0.00000000E+00  0.00000000E+00 -5.61893215E-02
    1.688000      1   0.00000000E+00  0.00000000E+00  2.72551257E-03  0.00000000E+00  0.00000000E+00  0.00000000E+00  0.00000000E+00  0.00000000E+00  4.19335584E-02  0.00000000E+00  0.00000000E+00 -5.61862754E-02
    1.689000      1   0.00000000E+00  0.00000000E+00  2.67963914E-03  0.00000000E+00  0.00000000E+00  0.00000000E+00  0.00000000E+00  0.00000000E+00  4.18773858E-02  0.00000000E+00  0.00000000E+00 -5.61725300E-02
    1.690000      1   0.00000000E+00  0.00000000E+00  2.64294203E-03  0.00000000E+00  0.00000000E+00  0.00000000E+00  0.00000000E+00  0.00000000E+00  4.18212246E-02  0.00000000E+00  0.00000000E+00 -5.61612006E-02
    1.691000      1   0.00000000E+00  0.00000000E+00  2.68753433E-03  0.00000000E+00  0.00000000E+00  0.00000000E+00  0.00000000E+00  0.00000000E+00  4.17650532E-02  0.00000000E+00  0.00000000E+00 -5.61714262E-02
    1.692000      1   0.00000000E+00  0.00000000E+00  2.70697455E-03  0.00000000E+00  0.00000000E+00  0.00000000E+00  0.00000000E+00  0.00000000E+00  4.17088674E-02  0.00000000E+00  0.00000000E+00 -5.61858180E-02
    1.693000      1   0.00000000E+00  0.00000000E+00  2.72621327E-03  0.00000000E+00  0.00000000E+00  0.00000000E+00  0.00000000E+00  0.00000000E+00  4.16526853E-02  0.00000000E+00  0.00000000E+00 -5.61821272E-02
    1.694000      1   0.00000000E+00  0.00000000E+00  2.68297004E-03  0.00000000E+00  0.00000000E+00  0.00000000E+00  0.00000000E+00  0.00000000E+00  4.15965166E-02  0.00000000E+00  0.00000000E+00 -5.61686498E-02
    1.695000      1   0.00000000E+00  0.00000000E+00  2.63476795E-03  0.00000000E+00  0.00000000E+00  0.00000000E+00  0.00000000E+00  0.00000000E+00  4.15403601E-02  0.00000000E+00  0.00000000E+00 -5.61565013E-02
    1.696000      1   0.00000000E+00  0.00000000E+00  2.70029894E-03  0.00000000E+00  0.00000000E+00  0.00000000E+00  0.00000000E+00  0.00000000E+00  4.14841930E-02  0.00000000E+00  0.00000000E+00 -5.61670784E-02
    1.697000      1   0.00000000E+00  0.00000000E+00  2.70784446E-03  0.00000000E+00  0.00000000E+00  0.00000000E+00  0.00000000E+00  0.00000000E+00  4.14280111E-02  0.00000000E+00  0.00000000E+00 -5.61818974E-02
    1.698000      1   0.00000000E+00  0.00000000E+00  2.71892088E-03  0.00000000E+00  0.00000000E+00  0.00000000E+00  0.00000000E+00  0.00000000E+00  4.13718373E-02  0.00000000E+00  0.00000000E+00 -5.61738608E-02
    1.699000      1   0.00000000E+00  0.00000000E+00  2.67950785E-03  0.00000000E+00  0.00000000E+00  0.00000000E+00  0.00000000E+00  0.00000000E+00  4.13156759E-02  0.00000000E+00  0.00000000E+00 -5.61613873E-02
    1.700000      1   0.00000000E+00  0.00000000E+00  2.64775081E-03  0.00000000E+00  0.00000000E+00  0.00000000E+00  0.00000000E+00  0.00000000E+00  4.12595236E-02  0.00000000E+00  0.00000000E+00 -5.61522459E-02
    1.701000      1   0.00000000E+00  0.00000000E+00  2.68548616E-03  0.00000000E+00  0.00000000E+00  0.00000000E+00  0.00000000E+00  0.00000000E+00  4.12033620E-02  0.00000000E+00  0.00000000E+00 -5.61616642E-02
    1.702000      1   0.00000000E+00  0.00000000E+00  2.71703082E-03  0.00000000E+00  0.00000000E+00  0.00000000E+00  0.00000000E+00  0.00000000E+00  4.11471871E-02  0.00000000E+00  0.00000000E+00 -5.61748389E-02
    1.703000      1   0.00000000E+00  0.00000000E+00  2.72120322E-03  0.00000000E+00  0.00000000E+00  0.00000000E+00  0.00000000E+00  0.00000000E+00  4.10910171E-02  0.00000000E+00  0.00000000E+00 -5.61700425E-02
    1.704000      1   0.00000000E+00  0.00000000E+00  2.67756361E-03  0.00000000E+00  0.00000000E+00  0.00000000E+00  0.00000000E+00  0.00000000E+00  4.10348630E-02  0.00000000E+00  0.00000000E+00 -5.61541485E-02
    1.705000      1   0.00000000E+00  0.00000000E+00  2.63607329E-03  0.00000000E+00  0.00000000E+00  0.00000000E+00  0.00000000E+00  0.00000000E+00  4.09787184E-02  0.00000000E+00  0.00000000E+00 -5.61446013E-02
    1.706000      1   0.00000000E+00  0.00000000E+00  2.70098087E-03  0.00000000E+00  0.00000000E+00  0.00000000E+00  0.00000000E+00  0.00000000E+00  4.09225616E-02  0.00000000E+00  0.00000000E+00 -5.61567232E-02
    1.707000      1   0.00000000E+00  0.00000000E+00  2.71167299E-03  0.00000000E+00  0.00000000E+00  0.00000000E+00  0.00000000E+00  0.00000000E+00  4.08663906E-02  0.00000000E+00  0.00000000E+00 -5.61709929E-02
    1.708000      1   0.00000000E+00  0.00000000E+00  2.71671058E-03  0.00000000E+00  0.00000000E+00  0.00000000E+00  0.00000000E+00  0.00000000E+00  4.08102286E-02  0.00000000E+00  0.00000000E+00 -5.61620553E-02
    1.709000      1   0.00000000E+00  0.00000000E+00  2.66689292E-03  0.00000000E+00  0.00000000E+00  0.00000000E+00  0.00000000E+00  0.00000000E+00  4.07540799E-02  0.00000000E+00  0.00000000E+00 -5.61487153E-02
    1.710000      1   0.00000000E+00  0.00000000E+00  2.65610478E-03  0.00000000E+00  0.00000000E+00  0.00000000E+00  0.00000000E+00  0.00000000E+00  4.06979373E-02  0.00000000E+00  0.00000000E+00 -5.61425306E-02
    1.711000      1   0.00000000E+00  0.00000000E+00  2.68464310E-03  0.00000000E+00  0.00000000E+00  0.00000000E+00  0.00000000E+00  0.00000000E+00  4.06417827E-02  0.00000000E+00  0.00000000E+00 -5.61546146E-02
    1.712000      1   0.00000000E+00  0.00000000E+00  2.72308259E-03  0.00000000E+00  0.00000000E+00  0.00000000E+00  0.00000000E+00  0.00000000E+00  4.05856175E-02  0.00000000E+00  0.00000000E+00 -5.61651948E-02
    1.713000      1   0.00000000E+00  0.00000000E+00  2.71376162E-03  0.00000000E+00  0.00000000E+00  0.00000000E+00  0.00000000E+00  0.00000000E+00  4.05294579E-02  0.00000000E+00  0.00000000E+00 -5.61596050E-02
    1.714000      1   0.00000000E+00  0.00000000E+00  2.67021146E-03  0.00000000E+00  0.00000000E+00  0.00000000E+00  0.00000000E+00  0.00000000E+00  4.04733149E-02  0.00000000E+00  0.00000000E+00 -5.61430395E-02
    1.715000      1   0.00000000E+00  0.00000000E+00  2.63813049E-03  0.00000000E+00  0.00000000E+00  0.00000000E+00  0.00000000E+00  0.00000000E+00  4.04171776E-02  0.00000000E+00  0.00000000E+00 -5.61372364E-02
    1.716000      1   0.00000000E+00  0.00000000E+00  2.70469331E-03  0.00000000E+00  0.00000000E+00  0.00000000E+00  0.00000000E+00  0.00000000E+00  4.03610262E-02  0.00000000E+00  0.00000000E+00 -5.61514091E-02
    1.717000      1   0.00000000E+00  0.00000000E+00  2.72169670E-03  0.00000000E+00  0.00000000E+00  0.00000000E+00  0.00000000E+00  0.00000000E+00  4.03048619E-02  0.00000000E+00  0.00000000E+00 -5.61643467E-02
    1.718000      1   0.00000000E+00  0.00000000E+00  2.70027587E-03  0.00000000E+00  0.00000000E+00  0.00000000E+00  0.00000000E+00  0.00000000E+00  4.02487095E-02  0.00000000E+00  0.00000000E+00 -5.61524172E-02
    1.719000      1   0.00000000E+00  0.00000000E+00  2.67143118E-03  0.00000000E+00  0.00000000E+00  0.00000000E+00  0.00000000E+00  0.00000000E+00  4.01925708E-02  0.00000000E+00  0.00000000E+00 -5.61386916E-02
    1.720000      1   0.00000000E+00  0.00000000E+00  2.65915065E-03  0.00000000E+00  0.00000000E+00  0.00000000E+00  0.00000000E+00  0.00000000E+00  4.01364337E-02  0.00000000E+00  0.00000000E+00 -5.61371018E-02
    1.721000      1   0.00000000E+00  0.00000000E+00  2.68214293E-03  0.00000000E+00  0.00000000E+00  0.00000000E+00  0.00000000E+00  0.00000000E+00  4.00802865E-02  0.00000000E+00  0.00000000E+00 -5.61471567E-02
    1.722000      1   0.00000000E+00  0.00000000E+00  2.73039989E-03  0.00000000E+00  0.00000000E+00  0.00000000E+00  0.00000000E+00  0.00000000E+00  4.00241293E-02  0.00000000E+00  0.00000000E+00 -5.61571787E-02
    1.723000      1   0.00000000E+00  0.00000000E+00  2.71384823E-03  0.00000000E+00  0.00000000E+00  0.00000000E+00  0.00000000E+00  0.00000000E+00  3.99679782E-02  0.00000000E+00  0.00000000E+00 -5.61511161E-02
    1.724000      1   0.00000000E+00  0.00000000E+00  2.66217594E-03  0.00000000E+00  0.00000000E+00  0.00000000E+00  0.00000000E+00  0.00000000E+00  3.99118461E-02  0.00000000E+00  0.00000000E+00 -5.61321321E-02
    1.725000      1   0.00000000E+00  0.00000000E+00  2.64319225E-03  0.00000000E+00  0.00000000E+00  0.00000000E+00  0.00000000E+00  0.00000000E+00  3.98557184E-02  0.00000000E+00  0.00000000E+00 -5.61277216E-02
    1.726000      1   0.00000000E+00  0.00000000E+00  2.70860550E-03  0.00000000E+00  0.00000000E+00  0.00000000E+00  0.00000000E+00  0.00000000E+00  3.97995747E-02  0.00000000E+00  0.00000000E+00 -5.61436381E-02
    1.727000      1   0.00000000E+00  0.00000000E+00  2.72003873E-03  0.00000000E+00  0.00000000E+00  0.00000000E+00  0.00000000E+00  0.00000000E+00  3.97434205E-02  0.00000000E+00  0.00000000E+00 -5.61542215E-02
    1.728000      1   0.00000000E+00  0.00000000E+00  2.71274456E-03  0.00000000E+00  0.00000000E+00  0.00000000E+00  0.00000000E+00  0.00000000E+00  3.96872792E-02  0.00000000E+00  0.00000000E+00 -5.61413004E-02
    1.729000      1   0.00000000E+00  0.00000000E+00  2.64731776E-03  0.00000000E+00  0.00000000E+00  0.00000000E+00  0.00000000E+00  0.00000000E+00  3.96311533E-02  0.00000000E+00  0.00000000E+00 -5.61259144E-02
    1.730000      1   0.00000000E+00  0.00000000E+00  2.66880907E-03  0.00000000E+00  0.00000000E+00  0.00000000E+00  0.00000000E+00  0.00000000E+00  3.95750288E-02  0.00000000E+00  0.00000000E+00 -5.61244938E-02
    1.731000      1   0.00000000E+00  0.00000000E+00  2.69131797E-03  0.00000000E+00  0.00000000E+00  0.00000000E+00  0.00000000E+00  0.00000000E+00  3.95188880E-02  0.00000000E+00  0.00000000E+00 -5.61407600E-02
    1.732000      1   0.00000000E+00  0.00000000E+00  2.72688904E-03  0.00000000E+00  0.00000000E+00  0.00000000E+00  0.00000000E+00  0.00000000E+00  3.94627421E-02  0.00000000E+00  0.00000000E+00 -5.61459875E-02
    1.733000      1   0.00000000E+00  0.00000000E+00  2.71456020E-03  0.00000000E+00  0.00000000E+00  0.00000000E+00  0.00000000E+00  0.00000000E+00  3.94066045E-02  0.00000000E+00  0.00000000E+00 -5.61375325E-02
    1.734000      1   0.00000000E+00  0.00000000E+00  2.64680319E-03  0.00000000E+00  0.00000000E+00  0.00000000E+00  0.00000000E+00  0.00000000E+00  3.93504849E-02  0.00000000E+00  0.00000000E+00 -5.61195757E-02
    1.735000      1   0.00000000E+00  0.00000000E+00  2.65789789E-03  0.00000000E+00  0.00000000E+00  0.00000000E+00  0.00000000E+00  0.00000000E+00  3.92943673E-02  0.00000000E+00  0.00000000E+00 -5.61176498E-02
    1.736000      1   0.00000000E+00  0.00000000E+00  2.70988928E-03  0.00000000E+00  0.00000000E+00  0.00000000E+00  0.00000000E+00  0.00000000E+00  3.92382313E-02  0.00000000E+00  0.00000000E+00 -5.61360144E-02
    1.737000      1   0.00000000E+00  0.00000000E+00  2.72418062E-03  0.00000000E+00  0.00000000E+00  0.00000000E+00  0.00000000E+00  0.00000000E+00  3.91820897E-02  0.00000000E+00  0.00000000E+00 -5.61415413E-02
    1.738000      1   0.00000000E+00  0.00000000E+00  2.70602007E-03  0.00000000E+00  0.00000000E+00  0.00000000E+00  0.00000000E+00  0.00000000E+00  3.91259623E-02  0.00000000E+00  0.00000000E+00 -5.61274661E-02
    1.739000      1   0.00000000E+00  0.00000000E+00  2.64167345E-03  0.00000000E+00  0.00000000E+00  0.00000000E+00  0.00000000E+00  0.00000000E+00  3.90698504E-02  0.00000000E+00  0.00000000E+00 -5.61119090E-02
    1.740000      1   0.00000000E+00  0.00000000E+00  2.67428768E-03  0.00000000E+00  0.00000000E+00  0.00000000E+00  0.00000000E+00  0.00000000E+00  3.90137367E-02  0.00000000E+00  0.00000000E+00 -5.61136950E-02
    1.741000      1   0.00000000E+00  0.00000000E+00  2.69397517E-03  0.00000000E+00  0.00000000E+00  0.00000000E+00  0.00000000E+00  0.00000000E+00  3.89576058E-02  0.00000000E+00  0.00000000E+00 -5.61308460E-02
    1.742000      1   0.00000000E+00  0.00000000E+00  2.72573101E-03  0.00000000E+00  0.00000000E+00  0.00000000E+00  0.00000000E+00  0.00000000E+00  3.89014720E-02  0.00000000E+00  0.00000000E+00 -5.61338044E-02
    1.743000      1   0.00000000E+00  0.00000000E+00  2.71404578E-03  0.00000000E+00  0.00000000E+00  0.00000000E+00  0.00000000E+00  0.00000000E+00  3.88453473E-02  0.00000000E+00  0.00000000E+00 -5.61246815E-02
    1.744000      1   0.00000000E+00  0.00000000E+00  2.63816217E-03  0.00000000E+00  0.00000000E+00  0.00000000E+00  0.00000000E+00  0.00000000E+00  3.87892401E-02  0.00000000E+00  0.00000000E+00 -5.61071959E-02
    1.745000      1   0.00000000E+00  0.00000000E+00  2.66465591E-03  0.00000000E+00  0.00000000E+00  0.00000000E+00  0.00000000E+00  0.00000000E+00  3.87331332E-02  0.00000000E+00  0.00000000E+00 -5.61069671E-02
    1.746000      1   0.00000000E+00  0.00000000E+00  2.71103966E-03  0.00000000E+00  0.00000000E+00  0.00000000E+00  0.00000000E+00  0.00000000E+00  3.86770062E-02  0.00000000E+00  0.00000000E+00 -5.61269745E-02
    1.747000      1   0.00000000E+00  0.00000000E+00  2.71816514E-03  0.00000000E+00  0.00000000E+00  0.00000000E+00  0.00000000E+00  0.00000000E+00  3.86208761E-02  0.00000000E+00  0.00000000E+00 -5.61300785E-02
    1.748000      1   0.00000000E+00  0.00000000E+00  2.71022782E-03  0.00000000E+00  0.00000000E+00  0.00000000E+00  0.00000000E+00  0.00000000E+00  3.85647594E-02  0.00000000E+00  0.00000000E+00 -5.61166893E-02
    1.749000      1   0.00000000E+00  0.00000000E+00  2.63758736E-03  0.00000000E+00  0.00000000E+00  0.00000000E+00  0.00000000E+00  0.00000000E+00  3.85086571E-02  0.00000000E+00  0.00000000E+00 -5.61023636E-02
    1.750000      1   0.00000000E+00  0.00000000E+00  2.67093690E-03  0.00000000E+00  0.00000000E+00  0.00000000E+00  0.00000000E+00  0.00000000E+00  3.84525536E-02  0.00000000E+00  0.00000000E+00 -5.61034903E-02
    1.751000      1   0.00000000E+00  0.00000000E+00  2.70368450E-03  0.00000000E+00  0.00000000E+00  0.00000000E+00  0.00000000E+00  0.00000000E+00  3.83964310E-02  0.00000000E+00  0.00000000E+00 -5.61225757E-02
    1.752000      1   0.00000000E+00  0.00000000E+00  2.72373780E-03  0.00000000E+00  0.00000000E+00  0.00000000E+00  0.00000000E+00  0.00000000E+00  3.83403061E-02  0.00000000E+00  0.00000000E+00 -5.61249176E-02
    1.753000      1   0.00000000E+00  0.00000000E+00  2.71197818E-03  0.00000000E+00  0.00000000E+00  0.00000000E+00  0.00000000E+00  0.00000000E+00  3.82841931E-02  0.00000000E+00  0.00000000E+00 -5.61129585E-02
    1.754000      1   0.00000000E+00  0.00000000E+00  2.63373292E-03  0.00000000E+00  0.00000000E+00  0.00000000E+00  0.00000000E+00  0.00000000E+00  3.82280966E-02  0.00000000E+00  0.00000000E+00 -5.60964932E-02
    1.755000      1   0.00000000E+00  0.00000000E+00  2.67234586E-03  0.00000000E+00  0.00000000E+00  0.00000000E+00  0.00000000E+00  0.00000000E+00  3.81719989E-02  0.00000000E+00  0.00000000E+00 -5.60977267E-02
    1.756000      1   0.00000000E+00  0.00000000E+00  2.70744031E-03  0.00000000E+00  0.00000000E+00  0.00000000E+00  0.00000000E+00  0.00000000E+00  3.81158811E-02  0.00000000E+00  0.00000000E+00 -5.61178288E-02
    1.757000      1   0.00000000E+00  0.00000000E+00  2.72470214E-03  0.00000000E+00  0.00000000E+00  0.00000000E+00  0.00000000E+00  0.00000000E+00  3.80597620E-02  0.00000000E+00  0.00000000E+00 -5.61190438E-02
    1.758000      1   0.00000000E+00  0.00000000E+00  2.70575516E-03  0.00000000E+00  0.00000000E+00  0.00000000E+00  0.00000000E+00  0.00000000E+00  3.80036564E-02  0.00000000E+00  0.00000000E+00 -5.61056807E-02
    1.759000      1   0.00000000E+00  0.00000000E+00  2.63418698E-03  0.00000000E+00  0.00000000E+00  0.00000000E+00  0.00000000E+00  0.00000000E+00  3.79475664E-02  0.00000000E+00  0.00000000E+00 -5.60899991E-02
    1.760000      1   0.00000000E+00  0.00000000E+00  2.67676770E-03  0.00000000E+00  0.00000000E+00  0.00000000E+00  0.00000000E+00  0.00000000E+00  3.78914732E-02  0.00000000E+00  0.00000000E+00 -5.60931960E-02
    1.761000      1   0.00000000E+00  0.00000000E+00  2.69937924E-03  0.00000000E+00  0.00000000E+00  0.00000000E+00  0.00000000E+00  0.00000000E+00  3.78353608E-02  0.00000000E+00  0.00000000E+00 -5.61123671E-02
    1.762000      1   0.00000000E+00  0.00000000E+00  2.73124792E-03  0.00000000E+00  0.00000000E+00  0.00000000E+00  0.00000000E+00  0.00000000E+00  3.77792472E-02  0.00000000E+00  0.00000000E+00 -5.61135554E-02
    1.763000      1   0.00000000E+00  0.00000000E+00  2.70438579E-03  0.00000000E+00  0.00000000E+00  0.00000000E+00  0.00000000E+00  0.00000000E+00  3.77231456E-02  0.00000000E+00  0.00000000E+00 -5.61016821E-02
    1.764000      1   0.00000000E+00  0.00000000E+00  2.62983431E-03  0.00000000E+00  0.00000000E+00  0.00000000E+00  0.00000000E+00  0.00000000E+00  3.76670615E-02  0.00000000E+00  0.00000000E+00 -5.60840929E-02
    1.765000      1   0.00000000E+00  0.00000000E+00  2.68426315E-03  0.00000000E+00  0.00000000E+00  0.00000000E+00  0.00000000E+00  0.00000000E+00  3.76109730E-02  0.00000000E+00  0.00000000E+00 -5.60885093E-02
    1.766000      1   0.00000000E+00  0.00000000E+00  2.70208316E-03  0.00000000E+00  0.00000000E+00  0.00000000E+00  0.00000000E+00  0.00000000E+00  3.75548652E-02  0.00000000E+00  0.00000000E+00 -5.61077844E-02
    1.767000      1   0.00000000E+00  0.00000000E+00  2.73206755E-03  0.00000000E+00  0.00000000E+00  0.00000000E+00  0.00000000E+00  0.00000000E+00  3.74987591E-02  0.00000000E+00  0.00000000E+00 -5.61060329E-02
    1.768000      1   0.00000000E+00  0.00000000E+00  2.69217683E-03  0.00000000E+00  0.00000000E+00  0.00000000E+00  0.00000000E+00  0.00000000E+00  3.74426660E-02  0.00000000E+00  0.00000000E+00 -5.60931267E-02
    1.769000      1   0.00000000E+00  0.00000000E+00  2.64284912E-03  0.00000000E+00  0.00000000E+00  0.00000000E+00  0.00000000E+00  0.00000000E+00  3.73865886E-02  0.00000000E+00  0.00000000E+00 -5.60774273E-02
    1.770000      1   0.00000000E+00  0.00000000E+00  2.67636165E-03  0.00000000E+00  0.00000000E+00  0.00000000E+00  0.00000000E+00  0.00000000E+00  3.73305050E-02  0.00000000E+00  0.00000000E+00 -5.60835518E-02
    1.771000      1   0.00000000E+00  0.00000000E+00  2.70425458E-03  0.00000000E+00  0.00000000E+00  0.00000000E+00  0.00000000E+00  0.00000000E+00  3.72744051E-02  0.00000000E+00  0.00000000E+00 -5.60999499E-02
    1.772000      1   0.00000000E+00  0.00000000E+00  2.73281769E-03  0.00000000E+00  0.00000000E+00  0.00000000E+00  0.00000000E+00  0.00000000E+00  3.72183047E-02  0.00000000E+00  0.00000000E+00 -5.61004094E-02
    1.773000      1   0.00000000E+00  0.00000000E+00  2.69719131E-03  0.00000000E+00  0.00000000E+00  0.00000000E+00  0.00000000E+00  0.00000000E+00  3.71622180E-02  0.00000000E+00  0.00000000E+00 -5.60866574E-02
    1.774000      1   0.00000000E+00  0.00000000E+00  2.63535526E-03  0.00000000E+00  0.00000000E+00  0.00000000E+00  0.00000000E+00  0.00000000E+00  3.71061482E-02  0.00000000E+00  0.00000000E+00 -5.60698250E-02
    1.775000      1   0.00000000E+00  0.00000000E+00  2.68048873E-03  0.00000000E+00  0.00000000E+00  0.00000000E+00  0.00000000E+00  0.00000000E+00  3.70500726E-02  0.00000000E+00  0.00000000E+00 -5.60756278E-02
    1.776000      1   0.00000000E+00  0.00000000E+00  2.71371369E-03  0.00000000E+00  0.00000000E+00  0.00000000E+00  0.00000000E+00  0.00000000E+00  3.69939788E-02  0.00000000E+00  0.00000000E+00 -5.60937571E-02
    1.777000      1   0.00000000E+00  0.00000000E+00  2.72749549E-03  0.00000000E+00  0.00000000E+00  0.00000000E+00  0.00000000E+00  0.00000000E+00  3.69378876E-02  0.00000000E+00  0.00000000E+00 -5.60911885E-02
    1.778000      1   0.00000000E+00  0.00000000E+00  2.68404318E-03  0.00000000E+00  0.00000000E+00  0.00000000E+00  0.00000000E+00  0.00000000E+00  3.68818123E-02  0.00000000E+00  0.00000000E+00 -5.60752712E-02
    1.779000      1   0.00000000E+00  0.00000000E+00  2.64422836E-03  0.00000000E+00  0.00000000E+00  0.00000000E+00  0.00000000E+00  0.00000000E+00  3.68257498E-02  0.00000000E+00  0.00000000E+00 -5.60625117E-02
    1.780000      1   0.00000000E+00  0.00000000E+00  2.68265269E-03  0.00000000E+00  0.00000000E+00  0.00000000E+00  0.00000000E+00  0.00000000E+00  3.67696788E-02  0.00000000E+00  0.00000000E+00 -5.60710635E-02
    1.781000      1   0.00000000E+00  0.00000000E+00  2.70700309E-03  0.00000000E+00  0.00000000E+00  0.00000000E+00  0.00000000E+00  0.00000000E+00  3.67135929E-02  0.00000000E+00  0.00000000E+00 -5.60858961E-02
    1.782000      1   0.00000000E+00  0.00000000E+00  2.73245759E-03  0.00000000E+00  0.00000000E+00  0.00000000E+00  0.00000000E+00  0.00000000E+00  3.66575091E-02  0.00000000E+00  0.00000000E+00 -5.60838035E-02
    1.783000      1   0.00000000E+00  0.00000000E+00  2.68836793E-03  0.00000000E+00  0.00000000E+00  0.00000000E+00  0.00000000E+00  0.00000000E+00  3.66014399E-02  0.00000000E+00  0.00000000E+00 -5.60692125E-02
    1.784000      1   0.00000000E+00  0.00000000E+00  2.64125560E-03  0.00000000E+00  0.00000000E+00  0.00000000E+00  0.00000000E+00  0.00000000E+00  3.65453858E-02  0.00000000E+00  0.00000000E+00 -5.60540587E-02
    1.785000      1   0.00000000E+00  0.00000000E+00  2.68986901E-03  0.00000000E+00  0.00000000E+00  0.00000000E+00  0.00000000E+00  0.00000000E+00  3.64893241E-02  0.00000000E+00  0.00000000E+00 -5.60617158E-02
    1.786000      1   0.00000000E+00  0.00000000E+00  2.70712771E-03  0.00000000E+00  0.00000000E+00  0.00000000E+00  0.00000000E+00  0.00000000E+00  3.64332478E-02  0.00000000E+00  0.00000000E+00 -5.60762486E-02
    1.787000      1   0.00000000E+00  0.00000000E+00  2.72865968E-03  0.00000000E+00  0.00000000E+00  0.00000000E+00  0.00000000E+00  0.00000000E+00  3.63771761E-02  0.00000000E+00  0.00000000E+00 -5.60717640E-02
    1.788000      1   0.00000000E+00  0.00000000E+00  2.68049841E-03  0.00000000E+00  0.00000000E+00  0.00000000E+00  0.00000000E+00  0.00000000E+00  3.63211183E-02  0.00000000E+00  0.00000000E+00 -5.60578037E-02
    1.789000      1   0.00000000E+00  0.00000000E+00  2.64735507E-03  0.00000000E+00  0.00000000E+00  0.00000000E+00  0.00000000E+00  0.00000000E+00  3.62650730E-02  0.00000000E+00  0.00000000E+00 -5.60452888E-02
    1.790000      1   0.00000000E+00  0.00000000E+00  2.68892809E-03  0.00000000E+00  0.00000000E+00  0.00000000E+00  0.00000000E+00  0.00000000E+00  3.62090185E-02  0.00000000E+00  0.00000000E+00 -5.60544518E-02
    1.791000      1   0.00000000E+00  0.00000000E+00  2.71077258E-03  0.00000000E+00  0.00000000E+00  0.00000000E+00  0.00000000E+00  0.00000000E+00  3.61529514E-02  0.00000000E+00  0.00000000E+00 -5.60671478E-02
    1.792000      1   0.00000000E+00  0.00000000E+00  2.72632701E-03  0.00000000E+00  0.00000000E+00  0.00000000E+00  0.00000000E+00  0.00000000E+00  3.60968891E-02  0.00000000E+00  0.00000000E+00 -5.60623277E-02
    1.793000      1   0.00000000E+00  0.00000000E+00  2.68512906E-03  0.00000000E+00  0.00000000E+00  0.00000000E+00  0.00000000E+00  0.00000000E+00  3.60408415E-02  0.00000000E+00  0.00000000E+00 -5.60475829E-02
    1.794000      1   0.00000000E+00  0.00000000E+00  2.63717569E-03  0.00000000E+00  0.00000000E+00  0.00000000E+00  0.00000000E+00  0.00000000E+00  3.59848065E-02  0.00000000E+00  0.00000000E+00 -5.60350151E-02
    1.795000      1   0.00000000E+00  0.00000000E+00  2.70405984E-03  0.00000000E+00  0.00000000E+00  0.00000000E+00  0.00000000E+00  0.00000000E+00  3.59287620E-02  0.00000000E+00  0.00000000E+00 -5.60444575E-02
    1.796000      1   0.00000000E+00  0.00000000E+00  2.70888775E-03  0.00000000E+00  0.00000000E+00  0.00000000E+00  0.00000000E+00  0.00000000E+00  3.58727042E-02  0.00000000E+00  0.00000000E+00 -5.60578207E-02
    1.797000      1   0.00000000E+00  0.00000000E+00  2.72104984E-03  0.00000000E+00  0.00000000E+00  0.00000000E+00  0.00000000E+00  0.00000000E+00  3.58166558E-02  0.00000000E+00  0.00000000E+00 -5.60483644E-02
    1.798000      1   0.00000000E+00  0.00000000E+00  2.68280978E-03  0.00000000E+00  0.00000000E+00  0.00000000E+00  0.00000000E+00  0.00000000E+00  3.57606206E-02  0.00000000E+00  0.00000000E+00 -5.60351718E-02
    1.799000      1   0.00000000E+00  0.00000000E+00  2.65019390E-03  0.00000000E+00  0.00000000E+00  0.00000000E+00  0.00000000E+00  0.00000000E+00  3.57045959E-02  0.00000000E+00  0.00000000E+00 -5.60247473E-02
    1.800000      1   0.00000000E+00  0.00000000E+00  2.68505549E-03  0.00000000E+00  0.00000000E+00  0.00000000E+00  0.00000000E+00  0.00000000E+00  3.56485632E-02  0.00000000E+00  0.00000000E+00 -5.60326492E-02
    1.801000      1   0.00000000E+00  0.00000000E+00  2.72095932E-03  0.00000000E+00  0.00000000E+00  0.00000000E+00  0.00000000E+00  0.00000000E+00  3.55925181E-02  0.00000000E+00  0.00000000E+00 -5.60450977E-02
    1.802000      1   0.00000000E+00  0.00000000E+00  2.72314161E-03  0.00000000E+00  0.00000000E+00  0.00000000E+00  0.00000000E+00  0.00000000E+00  3.55364784E-02  0.00000000E+00  0.00000000E+00 -5.60397480E-02
    1.803000      1   0.00000000E+00  0.00000000E+00  2.68155625E-03  0.00000000E+00  0.00000000E+00  0.00000000E+00  0.00000000E+00  0.00000000E+00  3.54804562E-02  0.00000000E+00  0.00000000E+00 -5.60222210E-02
    1.804000      1   0.00000000E+00  0.00000000E+00  2.63745023E-03  0.00000000E+00  0.00000000E+00  0.00000000E+00  0.00000000E+00  0.00000000E+00  3.54244448E-02  0.00000000E+00  0.00000000E+00 -5.60113312E-02
    1.805000      1   0.00000000E+00  0.00000000E+00  2.70448332E-03  0.00000000E+00  0.00000000E+00  0.00000000E+00  0.00000000E+00  0.00000000E+00  3.53684229E-02  0.00000000E+00  0.00000000E+00 -5.60218983E-02
    1.806000      1   0.00000000E+00  0.00000000E+00  2.71331011E-03  0.00000000E+00  0.00000000E+00  0.00000000E+00  0.00000000E+00  0.00000000E+00  3.53123878E-02  0.00000000E+00  0.00000000E+00 -5.60350965E-02
    1.807000      1   0.00000000E+00  0.00000000E+00  2.72236817E-03  0.00000000E+00  0.00000000E+00  0.00000000E+00  0.00000000E+00  0.00000000E+00  3.52563631E-02  0.00000000E+00  0.00000000E+00 -5.60247191E-02
    1.808000      1   0.00000000E+00  0.00000000E+00  2.67267441E-03  0.00000000E+00  0.00000000E+00  0.00000000E+00  0.00000000E+00  0.00000000E+00  3.52003533E-02  0.00000000E+00  0.00000000E+00 -5.60098410E-02
    1.809000      1   0.00000000E+00  0.00000000E+00  2.65556101E-03  0.00000000E+00  0.00000000E+00  0.00000000E+00  0.00000000E+00  0.00000000E+00  3.51443525E-02  0.00000000E+00  0.00000000E+00 -5.60007759E-02
    1.810000      1   0.00000000E+00  0.00000000E+00  2.68541048E-03  0.00000000E+00  0.00000000E+00  0.00000000E+00  0.00000000E+00  0.00000000E+00  3.50883415E-02  0.00000000E+00  0.00000000E+00 -5.60110572E-02
    1.811000      1   0.00000000E+00  0.00000000E+00  2.72440694E-03  0.00000000E+00  0.00000000E+00  0.00000000E+00  0.00000000E+00  0.00000000E+00  3.50323198E-02  0.00000000E+00  0.00000000E+00 -5.60216804E-02
    1.812000      1   0.00000000E+00  0.00000000E+00  2.72306912E-03  0.00000000E+00  0.00000000E+00  0.00000000E+00  0.00000000E+00  0.00000000E+00  3.49763042E-02  0.00000000E+00  0.00000000E+00 -5.60156044E-02
    1.813000      1   0.00000000E+00  0.00000000E+00  2.67428875E-03  0.00000000E+00  0.00000000E+00  0.00000000E+00  0.00000000E+00  0.00000000E+00  3.49203072E-02  0.00000000E+00  0.00000000E+00 -5.59969580E-02
    1.814000      1   0.00000000E+00  0.00000000E+00  2.63732965E-03  0.00000000E+00  0.00000000E+00  0.00000000E+00  0.00000000E+00  0.00000000E+00  3.48643198E-02  0.00000000E+00  0.00000000E+00 -5.59873772E-02
    1.815000      1   0.00000000E+00  0.00000000E+00  2.71061936E-03  0.00000000E+00  0.00000000E+00  0.00000000E+00  0.00000000E+00  0.00000000E+00  3.48083195E-02  0.00000000E+00  0.00000000E+00 -5.60003524E-02
    1.816000      1   0.00000000E+00  0.00000000E+00  2.72107087E-03  0.00000000E+00  0.00000000E+00  0.00000000E+00  0.00000000E+00  0.00000000E+00  3.47523070E-02  0.00000000E+00  0.00000000E+00 -5.60125050E-02
    1.817000      1   0.00000000E+00  0.00000000E+00  2.71002174E-03  0.00000000E+00  0.00000000E+00  0.00000000E+00  0.00000000E+00  0.00000000E+00  3.46963082E-02  0.00000000E+00  0.00000000E+00 -5.59987400E-02
    1.818000      1   0.00000000E+00  0.00000000E+00  2.66900819E-03  0.00000000E+00  0.00000000E+00  0.00000000E+00  0.00000000E+00  0.00000000E+00  3.46403247E-02  0.00000000E+00  0.00000000E+00 -5.59834965E-02
    1.819000      1   0.00000000E+00  0.00000000E+00  2.66089207E-03  0.00000000E+00  0.00000000E+00  0.00000000E+00  0.00000000E+00  0.00000000E+00  3.45843456E-02  0.00000000E+00  0.00000000E+00 -5.59791345E-02
    1.820000      1   0.00000000E+00  0.00000000E+00  2.68762383E-03  0.00000000E+00  0.00000000E+00  0.00000000E+00  0.00000000E+00  0.00000000E+00  3.45283559E-02  0.00000000E+00  0.00000000E+00 -5.59896772E-02
    1.821000      1   0.00000000E+00  0.00000000E+00  2.73324097E-03  0.00000000E+00  0.00000000E+00  0.00000000E+00  0.00000000E+00  0.00000000E+00  3.44723578E-02  0.00000000E+00  0.00000000E+00 -5.59981581E-02
    1.822000      1   0.00000000E+00  0.00000000E+00  2.70800069E-03  0.00000000E+00  0.00000000E+00  0.00000000E+00  0.00000000E+00  0.00000000E+00  3.44163680E-02  0.00000000E+00  0.00000000E+00 -5.59897930E-02
    1.823000      1   0.00000000E+00  0.00000000E+00  2.67576045E-03  0.00000000E+00  0.00000000E+00  0.00000000E+00  0.00000000E+00  0.00000000E+00  3.43603971E-02  0.00000000E+00  0.00000000E+00 -5.59709100E-02
    1.824000      1   0.00000000E+00  0.00000000E+00  2.64492482E-03  0.00000000E+00  0.00000000E+00  0.00000000E+00  0.00000000E+00  0.00000000E+00  3.43044311E-02  0.00000000E+00  0.00000000E+00 -5.59660177E-02
    1.825000      1   0.00000000E+00  0.00000000E+00  2.70759196E-03  0.00000000E+00  0.00000000E+00  0.00000000E+00  0.00000000E+00  0.00000000E+00  3.42484539E-02  0.00000000E+00  0.00000000E+00 -5.59771665E-02
    1.826000      1   0.00000000E+00  0.00000000E+00  2.72425176E-03  0.00000000E+00  0.00000000E+00  0.00000000E+00  0.00000000E+00  0.00000000E+00  3.41924665E-02  0.00000000E+00  0.00000000E+00 -5.59873601E-02
    1.827000      1   0.00000000E+00  0.00000000E+00  2.70785850E-03  0.00000000E+00  0.00000000E+00  0.00000000E+00  0.00000000E+00  0.00000000E+00  3.41364925E-02  0.00000000E+00  0.00000000E+00 -5.59740269E-02
    1.828000      1   0.00000000E+00  0.00000000E+00  2.67096091E-03  0.00000000E+00  0.00000000E+00  0.00000000E+00  0.00000000E+00  0.00000000E+00  3.40805344E-02  0.00000000E+00  0.00000000E+00 -5.59581212E-02
    1.829000      1   0.00000000E+00  0.00000000E+00  2.66415667E-03  0.00000000E+00  0.00000000E+00  0.00000000E+00  0.00000000E+00  0.00000000E+00  3.40245803E-02  0.00000000E+00  0.00000000E+00 -5.59541243E-02
    1.830000      1   0.00000000E+00  0.00000000E+00  2.68593240E-03  0.00000000E+00  0.00000000E+00  0.00000000E+00  0.00000000E+00  0.00000000E+00  3.39686168E-02  0.00000000E+00  0.00000000E+00 -5.59634484E-02
    1.831000      1   0.00000000E+00  0.00000000E+00  2.73356657E-03  0.00000000E+00  0.00000000E+00  0.00000000E+00  0.00000000E+00  0.00000000E+00  3.39126456E-02  0.00000000E+00  0.00000000E+00 -5.59711563E-02
    1.832000      1   0.00000000E+00  0.00000000E+00  2.71733966E-03  0.00000000E+00  0.00000000E+00  0.00000000E+00  0.00000000E+00  0.00000000E+00  3.38566824E-02  0.00000000E+00  0.00000000E+00 -5.59632891E-02
    1.833000      1   0.00000000E+00  0.00000000E+00  2.66470772E-03  0.00000000E+00  0.00000000E+00  0.00000000E+00  0.00000000E+00  0.00000000E+00  3.38007397E-02  0.00000000E+00  0.00000000E+00 -5.59426477E-02
    1.834000      1   0.00000000E+00  0.00000000E+00  2.64828072E-03  0.00000000E+00  0.00000000E+00  0.00000000E+00  0.00000000E+00  0.00000000E+00  3.37448031E-02  0.00000000E+00  0.00000000E+00 -5.59366429E-02
    1.835000      1   0.00000000E+00  0.00000000E+00  2.71080584E-03  0.00000000E+00  0.00000000E+00  0.00000000E+00  0.00000000E+00  0.00000000E+00  3.36888522E-02  0.00000000E+00  0.00000000E+00 -5.59508281E-02
    1.836000      1   0.00000000E+00  0.00000000E+00  2.72518496E-03  0.00000000E+00  0.00000000E+00  0.00000000E+00  0.00000000E+00  0.00000000E+00  3.36328929E-02  0.00000000E+00  0.00000000E+00 -5.59593513E-02
    1.837000      1   0.00000000E+00  0.00000000E+00  2.71602415E-03  0.00000000E+00  0.00000000E+00  0.00000000E+00  0.00000000E+00  0.00000000E+00  3.35769481E-02  0.00000000E+00  0.00000000E+00 -5.59447975E-02
    1.838000      1   0.00000000E+00  0.00000000E+00  2.65211501E-03  0.00000000E+00  0.00000000E+00  0.00000000E+00  0.00000000E+00  0.00000000E+00  3.35210210E-02  0.00000000E+00  0.00000000E+00 -5.59271414E-02
    1.839000      1   0.00000000E+00  0.00000000E+00  2.67088554E-03  0.00000000E+00  0.00000000E+00  0.00000000E+00  0.00000000E+00  0.00000000E+00  3.34650972E-02  0.00000000E+00  0.00000000E+00 -5.59237954E-02
    1.840000      1   0.00000000E+00  0.00000000E+00  2.69572407E-03  0.00000000E+00  0.00000000E+00  0.00000000E+00  0.00000000E+00  0.00000000E+00  3.34091590E-02  0.00000000E+00  0.00000000E+00 -5.59381188E-02
    1.841000      1   0.00000000E+00  0.00000000E+00  2.73189247E-03  0.00000000E+00  0.00000000E+00  0.00000000E+00  0.00000000E+00  0.00000000E+00  3.33532172E-02  0.00000000E+00  0.00000000E+00 -5.59418853E-02
    1.842000      1   0.00000000E+00  0.00000000E+00  2.71823967E-03  0.00000000E+00  0.00000000E+00  0.00000000E+00  0.00000000E+00  0.00000000E+00  3.32972861E-02  0.00000000E+00  0.00000000E+00 -5.59310985E-02
    1.843000      1   0.00000000E+00  0.00000000E+00  2.65340975E-03  0.00000000E+00  0.00000000E+00  0.00000000E+00  0.00000000E+00  0.00000000E+00  3.32413752E-02  0.00000000E+00  0.00000000E+00 -5.59108477E-02
    1.844000      1   0.00000000E+00  0.00000000E+00  2.66072915E-03  0.00000000E+00  0.00000000E+00  0.00000000E+00  0.00000000E+00  0.00000000E+00  3.31854687E-02  0.00000000E+00  0.00000000E+00 -5.59065452E-02
    1.845000      1   0.00000000E+00  0.00000000E+00  2.71350975E-03  0.00000000E+00  0.00000000E+00  0.00000000E+00  0.00000000E+00  0.00000000E+00  3.31295464E-02  0.00000000E+00  0.00000000E+00 -5.59222395E-02
    1.846000      1   0.00000000E+00  0.00000000E+00  2.72228314E-03  0.00000000E+00  0.00000000E+00  0.00000000E+00  0.00000000E+00  0.00000000E+00  3.30736202E-02  0.00000000E+00  0.00000000E+00 -5.59261963E-02
    1.847000      1   0.00000000E+00  0.00000000E+00  2.71384549E-03  0.00000000E+00  0.00000000E+00  0.00000000E+00  0.00000000E+00  0.00000000E+00  3.30177090E-02  0.00000000E+00  0.00000000E+00 -5.59112676E-02
    1.848000      1   0.00000000E+00  0.00000000E+00  2.64807126E-03  0.00000000E+00  0.00000000E+00  0.00000000E+00  0.00000000E+00  0.00000000E+00  3.29618140E-02  0.00000000E+00  0.00000000E+00 -5.58949498E-02
    1.849000      1   0.00000000E+00  0.00000000E+00  2.67519475E-03  0.00000000E+00  0.00000000E+00  0.00000000E+00  0.00000000E+00  0.00000000E+00  3.29059210E-02  0.00000000E+00  0.00000000E+00 -5.58930345E-02
    1.850000      1   0.00000000E+00  0.00000000E+00  2.69947506E-03  0.00000000E+00  0.00000000E+00  0.00000000E+00  0.00000000E+00  0.00000000E+00  3.28500130E-02  0.00000000E+00  0.00000000E+00 -5.59079239E-02
    1.851000      1   0.00000000E+00  0.00000000E+00  2.73293972E-03  0.00000000E+00  0.00000000E+00  0.00000000E+00  0.00000000E+00  0.00000000E+00  3.27941034E-02  0.00000000E+00  0.00000000E+00 -5.59096118E-02
    1.852000      1   0.00000000E+00  0.00000000E+00  2.71265201E-03  0.00000000E+00  0.00000000E+00  0.00000000E+00  0.00000000E+00  0.00000000E+00  3.27382060E-02  0.00000000E+00  0.00000000E+00 -5.58974079E-02
    1.853000      1   0.00000000E+00  0.00000000E+00  2.65084991E-03  0.00000000E+00  0.00000000E+00  0.00000000E+00  0.00000000E+00  0.00000000E+00  3.26823282E-02  0.00000000E+00  0.00000000E+00 -5.58778013E-02
    1.854000      1   0.00000000E+00  0.00000000E+00  2.66769394E-03  0.00000000E+00  0.00000000E+00  0.00000000E+00  0.00000000E+00  0.00000000E+00  3.26264524E-02  0.00000000E+00  0.00000000E+00 -5.58757866E-02
    1.855000      1   0.00000000E+00  0.00000000E+00  2.71266199E-03  0.00000000E+00  0.00000000E+00  0.00000000E+00  0.00000000E+00  0.00000000E+00  3.25705614E-02  0.00000000E+00  0.00000000E+00 -5.58910899E-02
    1.856000      1   0.00000000E+00  0.00000000E+00  2.72482943E-03  0.00000000E+00  0.00000000E+00  0.00000000E+00  0.00000000E+00  0.00000000E+00  3.25146684E-02  0.00000000E+00  0.00000000E+00 -5.58929092E-02
    1.857000      1   0.00000000E+00  0.00000000E+00  2.71302178E-03  0.00000000E+00  0.00000000E+00  0.00000000E+00  0.00000000E+00  0.00000000E+00  3.24587906E-02  0.00000000E+00  0.00000000E+00 -5.58778087E-02
    1.858000      1   0.00000000E+00  0.00000000E+00  2.64736090E-03  0.00000000E+00  0.00000000E+00  0.00000000E+00  0.00000000E+00  0.00000000E+00  3.24029298E-02  0.00000000E+00  0.00000000E+00 -5.58608003E-02
    1.859000      1   0.00000000E+00  0.00000000E+00  2.67979209E-03  0.00000000E+00  0.00000000E+00  0.00000000E+00  0.00000000E+00  0.00000000E+00  3.23470706E-02  0.00000000E+00  0.00000000E+00 -5.58592811E-02
    1.860000      1   0.00000000E+00  0.00000000E+00  2.69679778E-03  0.00000000E+00  0.00000000E+00  0.00000000E+00  0.00000000E+00  0.00000000E+00  3.22911970E-02  0.00000000E+00  0.00000000E+00 -5.58735908E-02
    1.861000      1   0.00000000E+00  0.00000000E+00  2.73089419E-03  0.00000000E+00  0.00000000E+00  0.00000000E+00  0.00000000E+00  0.00000000E+00  3.22353227E-02  0.00000000E+00  0.00000000E+00 -5.58742424E-02
    1.862000      1   0.00000000E+00  0.00000000E+00  2.72096273E-03  0.00000000E+00  0.00000000E+00  0.00000000E+00  0.00000000E+00  0.00000000E+00  3.21794594E-02  0.00000000E+00  0.00000000E+00 -5.58632794E-02
    1.863000      1   0.00000000E+00  0.00000000E+00  2.64484301E-03  0.00000000E+00  0.00000000E+00  0.00000000E+00  0.00000000E+00  0.00000000E+00  3.21236166E-02  0.00000000E+00  0.00000000E+00 -5.58428750E-02
    1.864000      1   0.00000000E+00  0.00000000E+00  2.66936570E-03  0.00000000E+00  0.00000000E+00  0.00000000E+00  0.00000000E+00  0.00000000E+00  3.20677774E-02  0.00000000E+00  0.00000000E+00 -5.58391931E-02
    1.865000      1   0.00000000E+00  0.00000000E+00  2.71381776E-03  0.00000000E+00  0.00000000E+00  0.00000000E+00  0.00000000E+00  0.00000000E+00  3.20119212E-02  0.00000000E+00  0.00000000E+00 -5.58561736E-02
    1.866000      1   0.00000000E+00  0.00000000E+00  2.72291103E-03  0.00000000E+00  0.00000000E+00  0.00000000E+00  0.00000000E+00  0.00000000E+00  3.19560640E-02  0.00000000E+00  0.00000000E+00 -5.58572395E-02
    1.867000      1   0.00000000E+00  0.00000000E+00  2.71904325E-03  0.00000000E+00  0.00000000E+00  0.00000000E+00  0.00000000E+00  0.00000000E+00  3.19002219E-02  0.00000000E+00  0.00000000E+00 -5.58420987E-02
    1.868000      1   0.00000000E+00  0.00000000E+00  2.64052168E-03  0.00000000E+00  0.00000000E+00  0.00000000E+00  0.00000000E+00  0.00000000E+00  3.18443972E-02  0.00000000E+00  0.00000000E+00 -5.58246555E-02
    1.869000      1   0.00000000E+00  0.00000000E+00  2.67792443E-03  0.00000000E+00  0.00000000E+00  0.00000000E+00  0.00000000E+00  0.00000000E+00  3.17885748E-02  0.00000000E+00  0.00000000E+00 -5.58223682E-02
    1.870000      1   0.00000000E+00  0.00000000E+00  2.70690388E-03  0.00000000E+00  0.00000000E+00  0.00000000E+00  0.00000000E+00  0.00000000E+00  3.17327356E-02  0.00000000E+00  0.00000000E+00 -5.58392543E-02
    1.871000      1   0.00000000E+00  0.00000000E+00  2.73061807E-03  0.00000000E+00  0.00000000E+00  0.00000000E+00  0.00000000E+00  0.00000000E+00  3.16768968E-02  0.00000000E+00  0.00000000E+00 -5.58387320E-02
    1.872000      1   0.00000000E+00  0.00000000E+00  2.71782368E-03  0.00000000E+00  0.00000000E+00  0.00000000E+00  0.00000000E+00  0.00000000E+00  3.16210723E-02  0.00000000E+00  0.00000000E+00 -5.58244989E-02
    1.873000      1   0.00000000E+00  0.00000000E+00  2.64264362E-03  0.00000000E+00  0.00000000E+00  0.00000000E+00  0.00000000E+00  0.00000000E+00  3.15652676E-02  0.00000000E+00  0.00000000E+00 -5.58047403E-02
    1.874000      1   0.00000000E+00  0.00000000E+00  2.67275187E-03  0.00000000E+00  0.00000000E+00  0.00000000E+00  0.00000000E+00  0.00000000E+00  3.15094651E-02  0.00000000E+00  0.00000000E+00 -5.58024783E-02
    1.875000      1   0.00000000E+00  0.00000000E+00  2.71649056E-03  0.00000000E+00  0.00000000E+00  0.00000000E+00  0.00000000E+00  0.00000000E+00  3.14536455E-02  0.00000000E+00  0.00000000E+00 -5.58195822E-02
    1.876000      1   0.00000000E+00  0.00000000E+00  2.72536959E-03  0.00000000E+00  0.00000000E+00  0.00000000E+00  0.00000000E+00  0.00000000E+00  3.13978265E-02  0.00000000E+00  0.00000000E+00 -5.58190634E-02
    1.877000      1   0.00000000E+00  0.00000000E+00  2.71520200E-03  0.00000000E+00  0.00000000E+00  0.00000000E+00  0.00000000E+00  0.00000000E+00  3.13420239E-02  0.00000000E+00  0.00000000E+00 -5.58026100E-02
    1.878000      1   0.00000000E+00  0.00000000E+00  2.64220930E-03  0.00000000E+00  0.00000000E+00  0.00000000E+00  0.00000000E+00  0.00000000E+00  3.12862388E-02  0.00000000E+00  0.00000000E+00 -5.57850387E-02
    1.879000      1   0.00000000E+00  0.00000000E+00  2.67823831E-03  0.00000000E+00  0.00000000E+00  0.00000000E+00  0.00000000E+00  0.00000000E+00  3.12304551E-02  0.00000000E+00  0.00000000E+00 -5.57837145E-02
    1.880000      1   0.00000000E+00  0.00000000E+00  2.70974373E-03  0.00000000E+00  0.00000000E+00  0.00000000E+00  0.00000000E+00  0.00000000E+00  3.11746551E-02  0.00000000E+00  0.00000000E+00 -5.57999908E-02
    1.881000      1   0.00000000E+00  0.00000000E+00  2.73040353E-03  0.00000000E+00  0.00000000E+00  0.00000000E+00  0.00000000E+00  0.00000000E+00  3.11188563E-02  0.00000000E+00  0.00000000E+00 -5.57988633E-02
    1.882000      1   0.00000000E+00  0.00000000E+00  2.71811026E-03  0.00000000E+00  0.00000000E+00  0.00000000E+00  0.00000000E+00  0.00000000E+00  3.10630725E-02  0.00000000E+00  0.00000000E+00 -5.57837355E-02
    1.883000      1   0.00000000E+00  0.00000000E+00  2.64059744E-03  0.00000000E+00  0.00000000E+00  0.00000000E+00  0.00000000E+00  0.00000000E+00  3.10073085E-02  0.00000000E+00  0.00000000E+00 -5.57639966E-02
    1.884000      1   0.00000000E+00  0.00000000E+00  2.67807144E-03  0.00000000E+00  0.00000000E+00  0.00000000E+00  0.00000000E+00  0.00000000E+00  3.09515465E-02  0.00000000E+00  0.00000000E+00 -5.57620023E-02
    1.885000      1   0.00000000E+00  0.00000000E+00  2.71373929E-03  0.00000000E+00  0.00000000E+00  0.00000000E+00  0.00000000E+00  0.00000000E+00  3.08957677E-02  0.00000000E+00  0.00000000E+00 -5.57788375E-02
    1.886000      1   0.00000000E+00  0.00000000E+00  2.72850342E-03  0.00000000E+00  0.00000000E+00  0.00000000E+00  0.00000000E+00  0.00000000E+00  3.08399906E-02  0.00000000E+00  0.00000000E+00 -5.57770583E-02
    1.887000      1   0.00000000E+00  0.00000000E+00  2.71543148E-03  0.00000000E+00  0.00000000E+00  0.00000000E+00  0.00000000E+00  0.00000000E+00  3.07842297E-02  0.00000000E+00  0.00000000E+00 -5.57609543E-02
    1.888000      1   0.00000000E+00  0.00000000E+00  2.64451457E-03  0.00000000E+00  0.00000000E+00  0.00000000E+00  0.00000000E+00  0.00000000E+00  3.07284874E-02  0.00000000E+00  0.00000000E+00 -5.57423131E-02
    1.889000      1   0.00000000E+00  0.00000000E+00  2.67702117E-03  0.00000000E+00  0.00000000E+00  0.00000000E+00  0.00000000E+00  0.00000000E+00  3.06727469E-02  0.00000000E+00  0.00000000E+00 -5.57405059E-02
    1.890000      1   0.00000000E+00  0.00000000E+00  2.70825338E-03  0.00000000E+00  0.00000000E+00  0.00000000E+00  0.00000000E+00  0.00000000E+00  3.06169906E-02  0.00000000E+00  0.00000000E+00 -5.57562404E-02
    1.891000      1   0.00000000E+00  0.00000000E+00  2.73812876E-03  0.00000000E+00  0.00000000E+00  0.00000000E+00  0.00000000E+00  0.00000000E+00  3.05612348E-02  0.00000000E+00  0.00000000E+00 -5.57557762E-02
    1.892000      1   0.00000000E+00  0.00000000E+00  2.71328450E-03  0.00000000E+00  0.00000000E+00  0.00000000E+00  0.00000000E+00  0.00000000E+00  3.05054951E-02  0.00000000E+00  0.00000000E+00 -5.57397717E-02
    1.893000      1   0.00000000E+00  0.00000000E+00  2.64085744E-03  0.00000000E+00  0.00000000E+00  0.00000000E+00  0.00000000E+00  0.00000000E+00  3.04497767E-02  0.00000000E+00  0.00000000E+00 -5.57183491E-02
    1.894000      1   0.00000000E+00  0.00000000E+00  2.68087902E-03  0.00000000E+00  0.00000000E+00  0.00000000E+00  0.00000000E+00  0.00000000E+00  3.03940588E-02  0.00000000E+00  0.00000000E+00 -5.57178937E-02
    1.895000      1   0.00000000E+00  0.00000000E+00  2.71567867E-03  0.00000000E+00  0.00000000E+00  0.00000000E+00  0.00000000E+00  0.00000000E+00  3.03383247E-02  0.00000000E+00  0.00000000E+00 -5.57341470E-02
    1.896000      1   0.00000000E+00  0.00000000E+00  2.73214596E-03  0.00000000E+00  0.00000000E+00  0.00000000E+00  0.00000000E+00  0.00000000E+00  3.02825936E-02  0.00000000E+00  0.00000000E+00 -5.57311027E-02
    1.897000      1   0.00000000E+00  0.00000000E+00  2.71192420E-03  0.00000000E+00  0.00000000E+00  0.00000000E+00  0.00000000E+00  0.00000000E+00  3.02268799E-02  0.00000000E+00  0.00000000E+00 -5.57137177E-02
    1.898000      1   0.00000000E+00  0.00000000E+00  2.64447992E-03  0.00000000E+00  0.00000000E+00  0.00000000E+00  0.00000000E+00  0.00000000E+00  3.01711854E-02  0.00000000E+00  0.00000000E+00 -5.56945005E-02
    1.899000      1   0.00000000E+00  0.00000000E+00  2.67995089E-03  0.00000000E+00  0.00000000E+00  0.00000000E+00  0.00000000E+00  0.00000000E+00  3.01154915E-02  0.00000000E+00  0.00000000E+00 -5.56938512E-02
    1.900000      1   0.00000000E+00  0.00000000E+00  2.70901053E-03  0.00000000E+00  0.00000000E+00  0.00000000E+00  0.00000000E+00  0.00000000E+00  3.00597824E-02  0.00000000E+00  0.00000000E+00 -5.57090790E-02
    1.901000      1   0.00000000E+00  0.00000000E+00  2.74055009E-03  0.00000000E+00  0.00000000E+00  0.00000000E+00  0.00000000E+00  0.00000000E+00  3.00040749E-02  0.00000000E+00  0.00000000E+00 -5.57075187E-02
    1.902000      1   0.00000000E+00  0.00000000E+00  2.71415475E-03  0.00000000E+00  0.00000000E+00  0.00000000E+00  0.00000000E+00  0.00000000E+00  2.99483841E-02  0.00000000E+00  0.00000000E+00 -5.56908374E-02
    1.903000      1   0.00000000E+00  0.00000000E+00  2.63934133E-03  0.00000000E+00  0.00000000E+00  0.00000000E+00  0.00000000E+00  0.00000000E+00  2.98927156E-02  0.00000000E+00  0.00000000E+00 -5.56684657E-02
    1.904000      1   0.00000000E+00  0.00000000E+00  2.68486213E-03  0.00000000E+00  0.00000000E+00  0.00000000E+00  0.00000000E+00  0.00000000E+00  2.98370476E-02  0.00000000E+00  0.00000000E+00 -5.56679926E-02
    1.905000      1   0.00000000E+00  0.00000000E+00  2.71545881E-03  0.00000000E+00  0.00000000E+00  0.00000000E+00  0.00000000E+00  0.00000000E+00  2.97813636E-02  0.00000000E+00  0.00000000E+00 -5.56840395E-02
    1.906000      1   0.00000000E+00  0.00000000E+00  2.73392600E-03  0.00000000E+00  0.00000000E+00  0.00000000E+00  0.00000000E+00  0.00000000E+00  2.97256839E-02  0.00000000E+00  0.00000000E+00 -5.56797260E-02
    1.907000      1   0.00000000E+00  0.00000000E+00  2.71310007E-03  0.00000000E+00  0.00000000E+00  0.00000000E+00  0.00000000E+00  0.00000000E+00  2.96700218E-02  0.00000000E+00  0.00000000E+00 -5.56620984E-02
    1.908000      1   0.00000000E+00  0.00000000E+00  2.64196109E-03  0.00000000E+00  0.00000000E+00  0.00000000E+00  0.00000000E+00  0.00000000E+00  2.96143797E-02  0.00000000E+00  0.00000000E+00 -5.56420886E-02
    1.909000      1   0.00000000E+00  0.00000000E+00  2.68716646E-03  0.00000000E+00  0.00000000E+00  0.00000000E+00  0.00000000E+00  0.00000000E+00  2.95587382E-02  0.00000000E+00  0.00000000E+00 -5.56414986E-02
    1.910000      1   0.00000000E+00  0.00000000E+00  2.70734112E-03  0.00000000E+00  0.00000000E+00  0.00000000E+00  0.00000000E+00  0.00000000E+00  2.95030819E-02  0.00000000E+00  0.00000000E+00 -5.56562776E-02
    1.911000      1   0.00000000E+00  0.00000000E+00  2.74021852E-03  0.00000000E+00  0.00000000E+00  0.00000000E+00  0.00000000E+00  0.00000000E+00  2.94474292E-02  0.00000000E+00  0.00000000E+00 -5.56526429E-02
    1.912000      1   0.00000000E+00  0.00000000E+00  2.71495889E-03  0.00000000E+00  0.00000000E+00  0.00000000E+00  0.00000000E+00  0.00000000E+00  2.93917927E-02  0.00000000E+00  0.00000000E+00 -5.56365684E-02
    1.913000      1   0.00000000E+00  0.00000000E+00  2.63987304E-03  0.00000000E+00  0.00000000E+00  0.00000000E+00  0.00000000E+00  0.00000000E+00  2.93361785E-02  0.00000000E+00  0.00000000E+00 -5.56141635E-02
    1.914000      1   0.00000000E+00  0.00000000E+00  2.68955859E-03  0.00000000E+00  0.00000000E+00  0.00000000E+00  0.00000000E+00  0.00000000E+00  2.92805652E-02  0.00000000E+00  0.00000000E+00 -5.56133322E-02
    1.915000      1   0.00000000E+00  0.00000000E+00  2.71420262E-03  0.00000000E+00  0.00000000E+00  0.00000000E+00  0.00000000E+00  0.00000000E+00  2.92249368E-02  0.00000000E+00  0.00000000E+00 -5.56283740E-02
    1.916000      1   0.00000000E+00  0.00000000E+00  2.73521988E-03  0.00000000E+00  0.00000000E+00  0.00000000E+00  0.00000000E+00  0.00000000E+00  2.91693141E-02  0.00000000E+00  0.00000000E+00 -5.56227402E-02
    1.917000      1   0.00000000E+00  0.00000000E+00  2.71372444E-03  0.00000000E+00  0.00000000E+00  0.00000000E+00  0.00000000E+00  0.00000000E+00  2.91137088E-02  0.00000000E+00  0.00000000E+00 -5.56052963E-02
    1.918000      1   0.00000000E+00  0.00000000E+00  2.64153379E-03  0.00000000E+00  0.00000000E+00  0.00000000E+00  0.00000000E+00  0.00000000E+00  2.90581240E-02  0.00000000E+00  0.00000000E+00 -5.55847513E-02
    1.919000      1   0.00000000E+00  0.00000000E+00  2.69062503E-03  0.00000000E+00  0.00000000E+00  0.00000000E+00  0.00000000E+00  0.00000000E+00  2.90025400E-02  0.00000000E+00  0.00000000E+00 -5.55840318E-02
    1.920000      1   0.00000000E+00  0.00000000E+00  2.70830912E-03  0.00000000E+00  0.00000000E+00  0.00000000E+00  0.00000000E+00  0.00000000E+00  2.89469417E-02  0.00000000E+00  0.00000000E+00 -5.55983395E-02
    1.921000      1   0.00000000E+00  0.00000000E+00  2.74190525E-03  0.00000000E+00  0.00000000E+00  0.00000000E+00  0.00000000E+00  0.00000000E+00  2.88913483E-02  0.00000000E+00  0.00000000E+00 -5.55933977E-02
    1.922000      1   0.00000000E+00  0.00000000E+00  2.71486585E-03  0.00000000E+00  0.00000000E+00  0.00000000E+00  0.00000000E+00  0.00000000E+00  2.88357715E-02  0.00000000E+00  0.00000000E+00 -5.55767071E-02
    1.923000      1   0.00000000E+00  0.00000000E+00  2.64084788E-03  0.00000000E+00  0.00000000E+00  0.00000000E+00  0.00000000E+00  0.00000000E+00  2.87802178E-02  0.00000000E+00  0.00000000E+00 -5.55537646E-02
    1.924000      1   0.00000000E+00  0.00000000E+00  2.69118490E-03  0.00000000E+00  0.00000000E+00  0.00000000E+00  0.00000000E+00  0.00000000E+00  2.87246650E-02  0.00000000E+00  0.00000000E+00 -5.55527916E-02
    1.925000      1   0.00000000E+00  0.00000000E+00  2.71543761E-03  0.00000000E+00  0.00000000E+00  0.00000000E+00  0.00000000E+00  0.00000000E+00  2.86690978E-02  0.00000000E+00  0.00000000E+00 -5.55672256E-02
    1.926000      1   0.00000000E+00  0.00000000E+00  2.73669902E-03  0.00000000E+00  0.00000000E+00  0.00000000E+00  0.00000000E+00  0.00000000E+00  2.86135369E-02  0.00000000E+00  0.00000000E+00 -5.55608393E-02
    1.927000      1   0.00000000E+00  0.00000000E+00  2.71439861E-03  0.00000000E+00  0.00000000E+00  0.00000000E+00  0.00000000E+00  0.00000000E+00  2.85579942E-02  0.00000000E+00  0.00000000E+00 -5.55427283E-02
    1.928000      1   0.00000000E+00  0.00000000E+00  2.64305489E-03  0.00000000E+00  0.00000000E+00  0.00000000E+00  0.00000000E+00  0.00000000E+00  2.85024726E-02  0.00000000E+00  0.00000000E+00 -5.55215782E-02
    1.929000      1   0.00000000E+00  0.00000000E+00  2.69192294E-03  0.00000000E+00  0.00000000E+00  0.00000000E+00  0.00000000E+00  0.00000000E+00  2.84469523E-02  0.00000000E+00  0.00000000E+00 -5.55203683E-02
    1.930000      1   0.00000000E+00  0.00000000E+00  2.70970926E-03  0.00000000E+00  0.00000000E+00  0.00000000E+00  0.00000000E+00  0.00000000E+00  2.83914183E-02  0.00000000E+00  0.00000000E+00 -5.55339470E-02
    1.931000      1   0.00000000E+00  0.00000000E+00  2.74264378E-03  0.00000000E+00  0.00000000E+00  0.00000000E+00  0.00000000E+00  0.00000000E+00  2.83358900E-02  0.00000000E+00  0.00000000E+00 -5.55283313E-02
    1.932000      1   0.00000000E+00  0.00000000E+00  2.71686361E-03  0.00000000E+00  0.00000000E+00  0.00000000E+00  0.00000000E+00  0.00000000E+00  2.82803789E-02  0.00000000E+00  0.00000000E+00 -5.55110503E-02
    1.933000      1   0.00000000E+00  0.00000000E+00  2.64236387E-03  0.00000000E+00  0.00000000E+00  0.00000000E+00  0.00000000E+00  0.00000000E+00  2.82248914E-02  0.00000000E+00  0.00000000E+00 -5.54875120E-02
    1.934000      1   0.00000000E+00  0.00000000E+00  2.69234673E-03  0.00000000E+00  0.00000000E+00  0.00000000E+00  0.00000000E+00  0.00000000E+00  2.81694058E-02  0.00000000E+00  0.00000000E+00 -5.54856147E-02
    1.935000      1   0.00000000E+00  0.00000000E+00  2.71633448E-03  0.00000000E+00  0.00000000E+00  0.00000000E+00  0.00000000E+00  0.00000000E+00  2.81139065E-02  0.00000000E+00  0.00000000E+00 -5.54993454E-02
    1.936000      1   0.00000000E+00  0.00000000E+00  2.73825458E-03  0.00000000E+00  0.00000000E+00  0.00000000E+00  0.00000000E+00  0.00000000E+00  2.80584140E-02  0.00000000E+00  0.00000000E+00 -5.54924190E-02
    1.937000      1   0.00000000E+00  0.00000000E+00  2.71649506E-03  0.00000000E+00  0.00000000E+00  0.00000000E+00  0.00000000E+00  0.00000000E+00  2.80029403E-02  0.00000000E+00  0.00000000E+00 -5.54737383E-02
    1.938000      1   0.00000000E+00  0.00000000E+00  2.64383479E-03  0.00000000E+00  0.00000000E+00  0.00000000E+00  0.00000000E+00  0.00000000E+00  2.79474886E-02  0.00000000E+00  0.00000000E+00 -5.54517067E-02
    1.939000      1   0.00000000E+00  0.00000000E+00  2.69300112E-03  0.00000000E+00  0.00000000E+00  0.00000000E+00  0.00000000E+00  0.00000000E+00  2.78920389E-02  0.00000000E+00  0.00000000E+00 -5.54496703E-02
    1.940000      1   0.00000000E+00  0.00000000E+00  2.71074682E-03  0.00000000E+00  0.00000000E+00  0.00000000E+00  0.00000000E+00  0.00000000E+00  2.78365761E-02  0.00000000E+00  0.00000000E+00 -5.54628022E-02
    1.941000      1   0.00000000E+00  0.00000000E+00  2.74312344E-03  0.00000000E+00  0.00000000E+00  0.00000000E+00  0.00000000E+00  0.00000000E+00  2.77811195E-02  0.00000000E+00  0.00000000E+00 -5.54566490E-02
    1.942000      1   0.00000000E+00  0.00000000E+00  2.71988546E-03  0.00000000E+00  0.00000000E+00  0.00000000E+00  0.00000000E+00  0.00000000E+00  2.77256805E-02  0.00000000E+00  0.00000000E+00 -5.54389424E-02
    1.943000      1   0.00000000E+00  0.00000000E+00  2.64487347E-03  0.00000000E+00  0.00000000E+00  0.00000000E+00  0.00000000E+00  0.00000000E+00  2.76702658E-02  0.00000000E+00  0.00000000E+00 -5.54147122E-02
    1.944000      1   0.00000000E+00  0.00000000E+00  2.69082127E-03  0.00000000E+00  0.00000000E+00  0.00000000E+00  0.00000000E+00  0.00000000E+00  2.76148544E-02  0.00000000E+00  0.00000000E+00 -5.54113787E-02
    1.945000      1   0.00000000E+00  0.00000000E+00  2.71783519E-03  0.00000000E+00  0.00000000E+00  0.00000000E+00  0.00000000E+00  0.00000000E+00  2.75594299E-02  0.00000000E+00  0.00000000E+00 -5.54245549E-02
    1.946000      1   0.00000000E+00  0.00000000E+00  2.74083505E-03  0.00000000E+00  0.00000000E+00  0.00000000E+00  0.00000000E+00  0.00000000E+00  2.75040120E-02  0.00000000E+00  0.00000000E+00 -5.54178641E-02
    1.947000      1   0.00000000E+00  0.00000000E+00  2.71805121E-03  0.00000000E+00  0.00000000E+00  0.00000000E+00  0.00000000E+00  0.00000000E+00  2.74486138E-02  0.00000000E+00  0.00000000E+00 -5.53982343E-02
    1.948000      1   0.00000000E+00  0.00000000E+00  2.65015061E-03  0.00000000E+00  0.00000000E+00  0.00000000E+00  0.00000000E+00  0.00000000E+00  2.73932387E-02  0.00000000E+00  0.00000000E+00 -5.53750800E-02
    1.949000      1   0.00000000E+00  0.00000000E+00  2.68606614E-03  0.00000000E+00  0.00000000E+00  0.00000000E+00  0.00000000E+00  0.00000000E+00  2.73378673E-02  0.00000000E+00  0.00000000E+00 -5.53714157E-02
    1.950000      1   0.00000000E+00  0.00000000E+00  2.71543928E-03  0.00000000E+00  0.00000000E+00  0.00000000E+00  0.00000000E+00  0.00000000E+00  2.72824836E-02  0.00000000E+00  0.00000000E+00 -5.53836997E-02
    1.951000      1   0.00000000E+00  0.00000000E+00  2.74657259E-03  0.00000000E+00  0.00000000E+00  0.00000000E+00  0.00000000E+00  0.00000000E+00  2.72271046E-02  0.00000000E+00  0.00000000E+00 -5.53789942E-02
    1.952000      1   0.00000000E+00  0.00000000E+00  2.71994082E-03  0.00000000E+00  0.00000000E+00  0.00000000E+00  0.00000000E+00  0.00000000E+00  2.71717455E-02  0.00000000E+00  0.00000000E+00 -5.53591366E-02
    1.953000      1   0.00000000E+00  0.00000000E+00  2.64743455E-03  0.00000000E+00  0.00000000E+00  0.00000000E+00  0.00000000E+00  0.00000000E+00  2.71164117E-02  0.00000000E+00  0.00000000E+00 -5.53337639E-02
    1.954000      1   0.00000000E+00  0.00000000E+00  2.68839999E-03  0.00000000E+00  0.00000000E+00  0.00000000E+00  0.00000000E+00  0.00000000E+00  2.70610817E-02  0.00000000E+00  0.00000000E+00 -5.53299593E-02
    1.955000      1   0.00000000E+00  0.00000000E+00  2.72363997E-03  0.00000000E+00  0.00000000E+00  0.00000000E+00  0.00000000E+00  0.00000000E+00  2.70057390E-02  0.00000000E+00  0.00000000E+00 -5.53427226E-02
    1.956000      1   0.00000000E+00  0.00000000E+00  2.73845699E-03  0.00000000E+00  0.00000000E+00  0.00000000E+00  0.00000000E+00  0.00000000E+00  2.69504032E-02  0.00000000E+00  0.00000000E+00 -5.53358005E-02
    1.957000      1   0.00000000E+00  0.00000000E+00  2.72202399E-03  0.00000000E+00  0.00000000E+00  0.00000000E+00  0.00000000E+00  0.00000000E+00  2.68950885E-02  0.00000000E+00  0.00000000E+00 -5.53146848E-02
    1.958000      1   0.00000000E+00  0.00000000E+00  2.65306260E-03  0.00000000E+00  0.00000000E+00  0.00000000E+00  0.00000000E+00  0.00000000E+00  2.68397969E-02  0.00000000E+00  0.00000000E+00 -5.52916089E-02
    1.959000      1   0.00000000E+00  0.00000000E+00  2.68734019E-03  0.00000000E+00  0.00000000E+00  0.00000000E+00  0.00000000E+00  0.00000000E+00  2.67845108E-02  0.00000000E+00  0.00000000E+00 -5.52861250E-02
    1.960000      1   0.00000000E+00  0.00000000E+00  2.71671914E-03  0.00000000E+00  0.00000000E+00  0.00000000E+00  0.00000000E+00  0.00000000E+00  2.67292136E-02  0.00000000E+00  0.00000000E+00 -5.52972274E-02
    1.961000      1   0.00000000E+00  0.00000000E+00  2.74511537E-03  0.00000000E+00  0.00000000E+00  0.00000000E+00  0.00000000E+00  0.00000000E+00  2.66739217E-02  0.00000000E+00  0.00000000E+00 -5.52918772E-02
    1.962000      1   0.00000000E+00  0.00000000E+00  2.72637520E-03  0.00000000E+00  0.00000000E+00  0.00000000E+00  0.00000000E+00  0.00000000E+00  2.66186498E-02  0.00000000E+00  0.00000000E+00 -5.52718569E-02
    1.963000      1   0.00000000E+00  0.00000000E+00  2.65082207E-03  0.00000000E+00  0.00000000E+00  0.00000000E+00  0.00000000E+00  0.00000000E+00  2.65634040E-02  0.00000000E+00  0.00000000E+00 -5.52458249E-02
    1.964000      1   0.00000000E+00  0.00000000E+00  2.68530837E-03  0.00000000E+00  0.00000000E+00  0.00000000E+00  0.00000000E+00  0.00000000E+00  2.65081647E-02  0.00000000E+00  0.00000000E+00 -5.52393081E-02
    1.965000      1   0.00000000E+00  0.00000000E+00  2.72852867E-03  0.00000000E+00  0.00000000E+00  0.00000000E+00  0.00000000E+00  0.00000000E+00  2.64529132E-02  0.00000000E+00  0.00000000E+00 -5.52515057E-02
    1.966000      1   0.00000000E+00  0.00000000E+00  2.73567445E-03  0.00000000E+00  0.00000000E+00  0.00000000E+00  0.00000000E+00  0.00000000E+00  2.63976685E-02  0.00000000E+00  0.00000000E+00 -5.52447343E-02
    1.967000      1   0.00000000E+00  0.00000000E+00  2.72676902E-03  0.00000000E+00  0.00000000E+00  0.00000000E+00  0.00000000E+00  0.00000000E+00  2.63424459E-02  0.00000000E+00  0.00000000E+00 -5.52225052E-02
    1.968000      1   0.00000000E+00  0.00000000E+00  2.65327674E-03  0.00000000E+00  0.00000000E+00  0.00000000E+00  0.00000000E+00  0.00000000E+00  2.62872464E-02  0.00000000E+00  0.00000000E+00 -5.51995040E-02
    1.969000      1   0.00000000E+00  0.00000000E+00  2.68892105E-03  0.00000000E+00  0.00000000E+00  0.00000000E+00  0.00000000E+00  0.00000000E+00  2.62320540E-02  0.00000000E+00  0.00000000E+00 -5.51924239E-02
    1.970000      1   0.00000000E+00  0.00000000E+00  2.72192688E-03  0.00000000E+00  0.00000000E+00  0.00000000E+00  0.00000000E+00  0.00000000E+00  2.61768508E-02  0.00000000E+00  0.00000000E+00 -5.52031764E-02
    1.971000      1   0.00000000E+00  0.00000000E+00  2.74216043E-03  0.00000000E+00  0.00000000E+00  0.00000000E+00  0.00000000E+00  0.00000000E+00  2.61216545E-02  0.00000000E+00  0.00000000E+00 -5.51963861E-02
    1.972000      1   0.00000000E+00  0.00000000E+00  2.73091919E-03  0.00000000E+00  0.00000000E+00  0.00000000E+00  0.00000000E+00  0.00000000E+00  2.60664793E-02  0.00000000E+00  0.00000000E+00 -5.51751781E-02
    1.973000      1   0.00000000E+00  0.00000000E+00  2.65538128E-03  0.00000000E+00  0.00000000E+00  0.00000000E+00  0.00000000E+00  0.00000000E+00  2.60113300E-02  0.00000000E+00  0.00000000E+00 -5.51493129E-02
    1.974000      1   0.00000000E+00  0.00000000E+00  2.68449891E-03  0.00000000E+00  0.00000000E+00  0.00000000E+00  0.00000000E+00  0.00000000E+00  2.59561895E-02  0.00000000E+00  0.00000000E+00 -5.51404976E-02
    1.975000      1   0.00000000E+00  0.00000000E+00  2.72735887E-03  0.00000000E+00  0.00000000E+00  0.00000000E+00  0.00000000E+00  0.00000000E+00  2.59010381E-02  0.00000000E+00  0.00000000E+00 -5.51513410E-02
    1.976000      1   0.00000000E+00  0.00000000E+00  2.73893837E-03  0.00000000E+00  0.00000000E+00  0.00000000E+00  0.00000000E+00  0.00000000E+00  2.58458931E-02  0.00000000E+00  0.00000000E+00 -5.51450424E-02
    1.977000      1   0.00000000E+00  0.00000000E+00  2.73149100E-03  0.00000000E+00  0.00000000E+00  0.00000000E+00  0.00000000E+00  0.00000000E+00  2.57907705E-02  0.00000000E+00  0.00000000E+00 -5.51226202E-02
    1.978000      1   0.00000000E+00  0.00000000E+00  2.65636776E-03  0.00000000E+00  0.00000000E+00  0.00000000E+00  0.00000000E+00  0.00000000E+00  2.57356728E-02  0.00000000E+00  0.00000000E+00 -5.50977121E-02
    1.979000      1   0.00000000E+00  0.00000000E+00  2.69498975E-03  0.00000000E+00  0.00000000E+00  0.00000000E+00  0.00000000E+00  0.00000000E+00  2.56805842E-02  0.00000000E+00  0.00000000E+00 -5.50885346E-02
    1.980000      1   0.00000000E+00  0.00000000E+00  2.71250072E-03  0.00000000E+00  0.00000000E+00  0.00000000E+00  0.00000000E+00  0.00000000E+00  2.56254870E-02  0.00000000E+00  0.00000000E+00 -5.50971988E-02
    1.981000      1   0.00000000E+00  0.00000000E+00  2.74681998E-03  0.00000000E+00  0.00000000E+00  0.00000000E+00  0.00000000E+00  0.00000000E+00  2.55703969E-02  0.00000000E+00  0.00000000E+00 -5.50900823E-02
    1.982000      1   0.00000000E+00  0.00000000E+00  2.73099985E-03  0.00000000E+00  0.00000000E+00  0.00000000E+00  0.00000000E+00  0.00000000E+00  2.55153258E-02  0.00000000E+00  0.00000000E+00 -5.50711460E-02
    1.983000      1   0.00000000E+00  0.00000000E+00  2.66881789E-03  0.00000000E+00  0.00000000E+00  0.00000000E+00  0.00000000E+00  0.00000000E+00  2.54602821E-02  0.00000000E+00  0.00000000E+00 -5.50437363E-02
    1.984000      1   0.00000000E+00  0.00000000E+00  2.68209974E-03  0.00000000E+00  0.00000000E+00  0.00000000E+00  0.00000000E+00  0.00000000E+00  2.54052495E-02  0.00000000E+00  0.00000000E+00 -5.50325184E-02
    1.985000      1   0.00000000E+00  0.00000000E+00  2.72855520E-03  0.00000000E+00  0.00000000E+00  0.00000000E+00  0.00000000E+00  0.00000000E+00  2.53502102E-02  0.00000000E+00  0.00000000E+00 -5.50393733E-02
    1.986000      1   0.00000000E+00  0.00000000E+00  2.74306054E-03  0.00000000E+00  0.00000000E+00  0.00000000E+00  0.00000000E+00  0.00000000E+00  2.52951765E-02  0.00000000E+00  0.00000000E+00 -5.50336510E-02
    1.987000      1   0.00000000E+00  0.00000000E+00  2.72777070E-03  0.00000000E+00  0.00000000E+00  0.00000000E+00  0.00000000E+00  0.00000000E+00  2.52401664E-02  0.00000000E+00  0.00000000E+00 -5.50101070E-02
    1.988000      1   0.00000000E+00  0.00000000E+00  2.66957752E-03  0.00000000E+00  0.00000000E+00  0.00000000E+00  0.00000000E+00  0.00000000E+00  2.51851819E-02  0.00000000E+00  0.00000000E+00 -5.49845030E-02
    1.989000      1   0.00000000E+00  0.00000000E+00  2.69059053E-03  0.00000000E+00  0.00000000E+00  0.00000000E+00  0.00000000E+00  0.00000000E+00  2.51302077E-02  0.00000000E+00  0.00000000E+00 -5.49742113E-02
    1.990000      1   0.00000000E+00  0.00000000E+00  2.71711034E-03  0.00000000E+00  0.00000000E+00  0.00000000E+00  0.00000000E+00  0.00000000E+00  2.50752284E-02  0.00000000E+00  0.00000000E+00 -5.49793151E-02
    1.991000      1   0.00000000E+00  0.00000000E+00  2.74694523E-03  0.00000000E+00  0.00000000E+00  0.00000000E+00  0.00000000E+00  0.00000000E+00  2.50202555E-02  0.00000000E+00  0.00000000E+00 -5.49728283E-02
    1.992000      1   0.00000000E+00  0.00000000E+00  2.73542720E-03  0.00000000E+00  0.00000000E+00  0.00000000E+00  0.00000000E+00  0.00000000E+00  2.49653032E-02  0.00000000E+00  0.00000000E+00 -5.49523559E-02
    1.993000      1   0.00000000E+00  0.00000000E+00  2.67380903E-03  0.00000000E+00  0.00000000E+00  0.00000000E+00  0.00000000E+00  0.00000000E+00  2.49103791E-02  0.00000000E+00  0.00000000E+00 -5.49241222E-02
    1.994000      1   0.00000000E+00  0.00000000E+00  2.67616959E-03  0.00000000E+00  0.00000000E+00  0.00000000E+00  0.00000000E+00  0.00000000E+00  2.48554685E-02  0.00000000E+00  0.00000000E+00 -5.49105677E-02
    1.995000      1   0.00000000E+00  0.00000000E+00  2.73158130E-03  0.00000000E+00  0.00000000E+00  0.00000000E+00  0.00000000E+00  0.00000000E+00  2.48005517E-02  0.00000000E+00  0.00000000E+00 -5.49168320E-02
    1.996000      1   0.00000000E+00  0.00000000E+00  2.74369130E-03  0.00000000E+00  0.00000000E+00  0.00000000E+00  0.00000000E+00  0.00000000E+00  2.47456391E-02  0.00000000E+00  0.00000000E+00 -5.49125222E-02
    1.997000      1   0.00000000E+00  0.00000000E+00  2.72655797E-03  0.00000000E+00  0.00000000E+00  0.00000000E+00  0.00000000E+00  0.00000000E+00  2.46907513E-02  0.00000000E+00  0.00000000E+00 -5.48878728E-02
    1.998000      1   0.00000000E+00  0.00000000E+00  2.68779459E-03  0.00000000E+00  0.00000000E+00  0.00000000E+00  0.00000000E+00  0.00000000E+00  2.46358890E-02  0.00000000E+00  0.00000000E+00 -5.48622762E-02
    1.999000      1   0.00000000E+00  0.00000000E+00  2.68655459E-03  0.00000000E+00  0.00000000E+00  0.00000000E+00  0.00000000E+00  0.00000000E+00  2.45810398E-02  0.00000000E+00  0.00000000E+00 -5.48491612E-02
    2.000000      1   0.00000000E+00  0.00000000E+00  2.70747905E-03  0.00000000E+00  0.00000000E+00  0.00000000E+00  0.00000000E+00  0.00000000E+00  2.45261908E-02  0.00000000E+00  0.00000000E+00 -5.48489960E-02
    2.001000      1   0.00000000E+00  0.00000000E+00  2.75376611E-03  0.00000000E+00  0.00000000E+00  0.00000000E+00  0.00000000E+00  0.00000000E+00  2.44713453E-02  0.00000000E+00  0.00000000E+00 -5.48455378E-02
    2.002000      1   0.00000000E+00  0.00000000E+00  2.72848463E-03  0.00000000E+00  0.00000000E+00  0.00000000E+00  0.00000000E+00  0.00000000E+00  2.44165183E-02  0.00000000E+00  0.00000000E+00 -5.48270224E-02
    2.003000      1   0.00000000E+00  0.00000000E+00  2.69973383E-03  0.00000000E+00  0.00000000E+00  0.00000000E+00  0.00000000E+00  0.00000000E+00  2.43617205E-02  0.00000000E+00  0.00000000E+00 -5.47977763E-02
    2.004000      1   0.00000000E+00  0.00000000E+00  2.66627494E-03  0.00000000E+00  0.00000000E+00  0.00000000E+00  0.00000000E+00  0.00000000E+00  2.43069386E-02  0.00000000E+00  0.00000000E+00 -5.47819173E-02
    2.005000      1   0.00000000E+00  0.00000000E+00  2.73082048E-03  0.00000000E+00  0.00000000E+00  0.00000000E+00  0.00000000E+00  0.00000000E+00  2.42521572E-02  0.00000000E+00  0.00000000E+00 -5.47814173E-02
    2.006000      1   0.00000000E+00  0.00000000E+00  2.74412829E-03  0.00000000E+00  0.00000000E+00  0.00000000E+00  0.00000000E+00  0.00000000E+00  2.41973767E-02  0.00000000E+00  0.00000000E+00 -5.47804915E-02
    2.007000      1   0.00000000E+00  0.00000000E+00  2.73306945E-03  0.00000000E+00  0.00000000E+00  0.00000000E+00  0.00000000E+00  0.00000000E+00  2.41426207E-02  0.00000000E+00  0.00000000E+00 -5.47560147E-02
    2.008000      1   0.00000000E+00  0.00000000E+00  2.69680158E-03  0.00000000E+00  0.00000000E+00  0.00000000E+00  0.00000000E+00  0.00000000E+00  2.40878915E-02  0.00000000E+00  0.00000000E+00 -5.47291231E-02
    2.009000      1   0.00000000E+00  0.00000000E+00  2.68434108E-03  0.00000000E+00  0.00000000E+00  0.00000000E+00  0.00000000E+00  0.00000000E+00  2.40331793E-02  0.00000000E+00  0.00000000E+00 -5.47122769E-02
    2.010000      1   0.00000000E+00  0.00000000E+00  2.71284978E-03  0.00000000E+00  0.00000000E+00  0.00000000E+00  0.00000000E+00  0.00000000E+00  2.39784697E-02  0.00000000E+00  0.00000000E+00 -5.47095451E-02
    2.011000      1   0.00000000E+00  0.00000000E+00  2.74375655E-03  0.00000000E+00  0.00000000E+00  0.00000000E+00  0.00000000E+00  0.00000000E+00  2.39237639E-02  0.00000000E+00  0.00000000E+00 -5.47058641E-02
    2.012000      1   0.00000000E+00  0.00000000E+00  2.74893615E-03  0.00000000E+00  0.00000000E+00  0.00000000E+00  0.00000000E+00  0.00000000E+00  2.38690765E-02  0.00000000E+00  0.00000000E+00 -5.46873549E-02
    2.013000      1   0.00000000E+00  0.00000000E+00  2.70448236E-03  0.00000000E+00  0.00000000E+00  0.00000000E+00  0.00000000E+00  0.00000000E+00  2.38144187E-02  0.00000000E+00  0.00000000E+00 -5.46577795E-02
    2.014000      1   0.00000000E+00  0.00000000E+00  2.66420080E-03  0.00000000E+00  0.00000000E+00  0.00000000E+00  0.00000000E+00  0.00000000E+00  2.37597844E-02  0.00000000E+00  0.00000000E+00 -5.46343642E-02
    2.015000      1   0.00000000E+00  0.00000000E+00  2.72865363E-03  0.00000000E+00  0.00000000E+00  0.00000000E+00  0.00000000E+00  0.00000000E+00  2.37051517E-02  0.00000000E+00  0.00000000E+00 -5.46326715E-02
    2.016000      1   0.00000000E+00  0.00000000E+00  2.73590395E-03  0.00000000E+00  0.00000000E+00  0.00000000E+00  0.00000000E+00  0.00000000E+00  2.36505189E-02  0.00000000E+00  0.00000000E+00 -5.46328101E-02
    2.017000      1   0.00000000E+00  0.00000000E+00  2.74650132E-03  0.00000000E+00  0.00000000E+00  0.00000000E+00  0.00000000E+00  0.00000000E+00  2.35959084E-02  0.00000000E+00  0.00000000E+00 -5.46104993E-02
    2.018000      1   0.00000000E+00  0.00000000E+00  2.70935972E-03  0.00000000E+00  0.00000000E+00  0.00000000E+00  0.00000000E+00  0.00000000E+00  2.35413244E-02  0.00000000E+00  0.00000000E+00 -5.45839334E-02
    2.019000      1   0.00000000E+00  0.00000000E+00  2.67677004E-03  0.00000000E+00  0.00000000E+00  0.00000000E+00  0.00000000E+00  0.00000000E+00  2.34867640E-02  0.00000000E+00  0.00000000E+00 -5.45604552E-02
    2.020000      1   0.00000000E+00  0.00000000E+00  2.71482848E-03  0.00000000E+00  0.00000000E+00  0.00000000E+00  0.00000000E+00  0.00000000E+00  2.34322090E-02  0.00000000E+00  0.00000000E+00 -5.45549380E-02
    2.021000      1   0.00000000E+00  0.00000000E+00  2.73475118E-03  0.00000000E+00  0.00000000E+00  0.00000000E+00  0.00000000E+00  0.00000000E+00  2.33776557E-02  0.00000000E+00  0.00000000E+00 -5.45533935E-02
    2.022000      1   0.00000000E+00  0.00000000E+00  2.75496785E-03  0.00000000E+00  0.00000000E+00  0.00000000E+00  0.00000000E+00  0.00000000E+00  2.33231198E-02  0.00000000E+00  0.00000000E+00 -5.45358269E-02
    2.023000      1   0.00000000E+00  0.00000000E+00  2.71941085E-03  0.00000000E+00  0.00000000E+00  0.00000000E+00  0.00000000E+00  0.00000000E+00  2.32686117E-02  0.00000000E+00  0.00000000E+00 -5.45081424E-02
    2.024000      1   0.00000000E+00  0.00000000E+00  2.67100967E-03  0.00000000E+00  0.00000000E+00  0.00000000E+00  0.00000000E+00  0.00000000E+00  2.32141316E-02  0.00000000E+00  0.00000000E+00 -5.44801062E-02
    2.025000      1   0.00000000E+00  0.00000000E+00  2.71429476E-03  0.00000000E+00  0.00000000E+00  0.00000000E+00  0.00000000E+00  0.00000000E+00  2.31596593E-02  0.00000000E+00  0.00000000E+00 -5.44723067E-02
    2.026000      1   0.00000000E+00  0.00000000E+00  2.74003706E-03  0.00000000E+00  0.00000000E+00  0.00000000E+00  0.00000000E+00  0.00000000E+00  2.31051865E-02  0.00000000E+00  0.00000000E+00 -5.44727484E-02
    2.027000      1   0.00000000E+00  0.00000000E+00  2.75656400E-03  0.00000000E+00  0.00000000E+00  0.00000000E+00  0.00000000E+00  0.00000000E+00  2.30507321E-02  0.00000000E+00  0.00000000E+00 -5.44544224E-02
    2.028000      1   0.00000000E+00  0.00000000E+00  2.72011237E-03  0.00000000E+00  0.00000000E+00  0.00000000E+00  0.00000000E+00  0.00000000E+00  2.29963074E-02  0.00000000E+00  0.00000000E+00 -5.44247196E-02
    2.029000      1   0.00000000E+00  0.00000000E+00  2.67370771E-03  0.00000000E+00  0.00000000E+00  0.00000000E+00  0.00000000E+00  0.00000000E+00  2.29419113E-02  0.00000000E+00  0.00000000E+00 -5.43960352E-02
    2.030000      1   0.00000000E+00  0.00000000E+00  2.70937517E-03  0.00000000E+00  0.00000000E+00  0.00000000E+00  0.00000000E+00  0.00000000E+00  2.28875238E-02  0.00000000E+00  0.00000000E+00 -5.43875282E-02
    2.031000      1   0.00000000E+00  0.00000000E+00  2.73738900E-03  0.00000000E+00  0.00000000E+00  0.00000000E+00  0.00000000E+00  0.00000000E+00  2.28331359E-02  0.00000000E+00  0.00000000E+00 -5.43879538E-02
    2.032000      1   0.00000000E+00  0.00000000E+00  2.76222738E-03  0.00000000E+00  0.00000000E+00  0.00000000E+00  0.00000000E+00  0.00000000E+00  2.27787642E-02  0.00000000E+00  0.00000000E+00 -5.43717117E-02
    2.033000      1   0.00000000E+00  0.00000000E+00  2.73468742E-03  0.00000000E+00  0.00000000E+00  0.00000000E+00  0.00000000E+00  0.00000000E+00  2.27244223E-02  0.00000000E+00  0.00000000E+00 -5.43418771E-02
    2.034000      1   0.00000000E+00  0.00000000E+00  2.66850458E-03  0.00000000E+00  0.00000000E+00  0.00000000E+00  0.00000000E+00  0.00000000E+00  2.26701135E-02  0.00000000E+00  0.00000000E+00 -5.43087553E-02
    2.035000      1   0.00000000E+00  0.00000000E+00  2.71222051E-03  0.00000000E+00  0.00000000E+00  0.00000000E+00  0.00000000E+00  0.00000000E+00  2.26158171E-02  0.00000000E+00  0.00000000E+00 -5.42963818E-02
    2.036000      1   0.00000000E+00  0.00000000E+00  2.73989186E-03  0.00000000E+00  0.00000000E+00  0.00000000E+00  0.00000000E+00  0.00000000E+00  2.25615191E-02  0.00000000E+00  0.00000000E+00 -5.42980130E-02
    2.037000      1   0.00000000E+00  0.00000000E+00  2.75831488E-03  0.00000000E+00  0.00000000E+00  0.00000000E+00  0.00000000E+00  0.00000000E+00  2.25072387E-02  0.00000000E+00  0.00000000E+00 -5.42803939E-02
    2.038000      1   0.00000000E+00  0.00000000E+00  2.74417814E-03  0.00000000E+00  0.00000000E+00  0.00000000E+00  0.00000000E+00  0.00000000E+00  2.24529883E-02  0.00000000E+00  0.00000000E+00 -5.42504291E-02
    2.039000      1   0.00000000E+00  0.00000000E+00  2.67169160E-03  0.00000000E+00  0.00000000E+00  0.00000000E+00  0.00000000E+00  0.00000000E+00  2.23987714E-02  0.00000000E+00  0.00000000E+00 -5.42169139E-02
    2.040000      1   0.00000000E+00  0.00000000E+00  2.70903427E-03  0.00000000E+00  0.00000000E+00  0.00000000E+00  0.00000000E+00  0.00000000E+00  2.23445705E-02  0.00000000E+00  0.00000000E+00 -5.42008599E-02
    2.041000      1   0.00000000E+00  0.00000000E+00  2.73874531E-03  0.00000000E+00  0.00000000E+00  0.00000000E+00  0.00000000E+00  0.00000000E+00  2.22903685E-02  0.00000000E+00  0.00000000E+00 -5.42020079E-02
    2.042000      1   0.00000000E+00  0.00000000E+00  2.75821559E-03  0.00000000E+00  0.00000000E+00  0.00000000E+00  0.00000000E+00  0.00000000E+00  2.22361829E-02  0.00000000E+00  0.00000000E+00 -5.41856379E-02
    2.043000      1   0.00000000E+00  0.00000000E+00  2.75001742E-03  0.00000000E+00  0.00000000E+00  0.00000000E+00  0.00000000E+00  0.00000000E+00  2.21820268E-02  0.00000000E+00  0.00000000E+00 -5.41560673E-02
    2.044000      1   0.00000000E+00  0.00000000E+00  2.68586594E-03  0.00000000E+00  0.00000000E+00  0.00000000E+00  0.00000000E+00  0.00000000E+00  2.21279053E-02  0.00000000E+00  0.00000000E+00 -5.41215521E-02
    2.045000      1   0.00000000E+00  0.00000000E+00  2.70096274E-03  0.00000000E+00  0.00000000E+00  0.00000000E+00  0.00000000E+00  0.00000000E+00  2.20738042E-02  0.00000000E+00  0.00000000E+00 -5.41010738E-02
    2.046000      1   0.00000000E+00  0.00000000E+00  2.74719511E-03  0.00000000E+00  0.00000000E+00  0.00000000E+00  0.00000000E+00  0.00000000E+00  2.20197052E-02  0.00000000E+00  0.00000000E+00 -5.40989941E-02
    2.047000      1   0.00000000E+00  0.00000000E+00  2.75751063E-03  0.00000000E+00  0.00000000E+00  0.00000000E+00  0.00000000E+00  0.00000000E+00  2.19656214E-02  0.00000000E+00  0.00000000E+00 -5.40837807E-02
    2.048000      1   0.00000000E+00  0.00000000E+00  2.74692029E-03  0.00000000E+00  0.00000000E+00  0.00000000E+00  0.00000000E+00  0.00000000E+00  2.19115699E-02  0.00000000E+00  0.00000000E+00 -5.40515597E-02
    2.049000      1   0.00000000E+00  0.00000000E+00  2.69483866E-03  0.00000000E+00  0.00000000E+00  0.00000000E+00  0.00000000E+00  0.00000000E+00  2.18575520E-02  0.00000000E+00  0.00000000E+00 -5.40178237E-02
    2.050000      1   0.00000000E+00  0.00000000E+00  2.70511137E-03  0.00000000E+00  0.00000000E+00  0.00000000E+00  0.00000000E+00  0.00000000E+00  2.18035553E-02  0.00000000E+00  0.00000000E+00 -5.39967758E-02
    2.051000      1   0.00000000E+00  0.00000000E+00  2.72654299E-03  0.00000000E+00  0.00000000E+00  0.00000000E+00  0.00000000E+00  0.00000000E+00  2.17495642E-02  0.00000000E+00  0.00000000E+00 -5.39910157E-02
    2.052000      1   0.00000000E+00  0.00000000E+00  2.77100673E-03  0.00000000E+00  0.00000000E+00  0.00000000E+00  0.00000000E+00  0.00000000E+00  2.16955861E-02  0.00000000E+00  0.00000000E+00 -5.39780919E-02
    2.053000      1   0.00000000E+00  0.00000000E+00  2.74517116E-03  0.00000000E+00  0.00000000E+00  0.00000000E+00  0.00000000E+00  0.00000000E+00  2.16416359E-02  0.00000000E+00  0.00000000E+00 -5.39502668E-02
    2.054000      1   0.00000000E+00  0.00000000E+00  2.72057608E-03  0.00000000E+00  0.00000000E+00  0.00000000E+00  0.00000000E+00  0.00000000E+00  2.15877235E-02  0.00000000E+00  0.00000000E+00 -5.39124078E-02
    2.055000      1   0.00000000E+00  0.00000000E+00  2.68237559E-03  0.00000000E+00  0.00000000E+00  0.00000000E+00  0.00000000E+00  0.00000000E+00  2.15338361E-02  0.00000000E+00  0.00000000E+00 -5.38873830E-02
    2.056000      1   0.00000000E+00  0.00000000E+00  2.74871198E-03  0.00000000E+00  0.00000000E+00  0.00000000E+00  0.00000000E+00  0.00000000E+00  2.14799589E-02  0.00000000E+00  0.00000000E+00 -5.38771909E-02
    2.057000      1   0.00000000E+00  0.00000000E+00  2.75244224E-03  0.00000000E+00  0.00000000E+00  0.00000000E+00  0.00000000E+00  0.00000000E+00  2.14260911E-02  0.00000000E+00  0.00000000E+00 -5.38678135E-02
    2.058000      1   0.00000000E+00  0.00000000E+00  2.75634432E-03  0.00000000E+00  0.00000000E+00  0.00000000E+00  0.00000000E+00  0.00000000E+00  2.13722551E-02  0.00000000E+00  0.00000000E+00 -5.38359906E-02
    2.059000      1   0.00000000E+00  0.00000000E+00  2.72498303E-03  0.00000000E+00  0.00000000E+00  0.00000000E+00  0.00000000E+00  0.00000000E+00  2.13184528E-02  0.00000000E+00  0.00000000E+00 -5.38022527E-02
    2.060000      1   0.00000000E+00  0.00000000E+00  2.69018274E-03  0.00000000E+00  0.00000000E+00  0.00000000E+00  0.00000000E+00  0.00000000E+00  2.12646801E-02  0.00000000E+00  0.00000000E+00 -5.37727791E-02
    2.061000      1   0.00000000E+00  0.00000000E+00  2.73080769E-03  0.00000000E+00  0.00000000E+00  0.00000000E+00  0.00000000E+00  0.00000000E+00  2.12109203E-02  0.00000000E+00  0.00000000E+00 -5.37597590E-02
    2.062000      1   0.00000000E+00  0.00000000E+00  2.74878071E-03  0.00000000E+00  0.00000000E+00  0.00000000E+00  0.00000000E+00  0.00000000E+00  2.11571693E-02  0.00000000E+00  0.00000000E+00 -5.37509839E-02
    2.063000      1   0.00000000E+00  0.00000000E+00  2.77288561E-03  0.00000000E+00  0.00000000E+00  0.00000000E+00  0.00000000E+00  0.00000000E+00  2.11034436E-02  0.00000000E+00  0.00000000E+00 -5.37256886E-02
    2.064000      1   0.00000000E+00  0.00000000E+00  2.73446239E-03  0.00000000E+00  0.00000000E+00  0.00000000E+00  0.00000000E+00  0.00000000E+00  2.10497534E-02  0.00000000E+00  0.00000000E+00 -5.36902279E-02
    2.065000      1   0.00000000E+00  0.00000000E+00  2.68623534E-03  0.00000000E+00  0.00000000E+00  0.00000000E+00  0.00000000E+00  0.00000000E+00  2.09960998E-02  0.00000000E+00  0.00000000E+00 -5.36536456E-02
    2.066000      1   0.00000000E+00  0.00000000E+00  2.73042642E-03  0.00000000E+00  0.00000000E+00  0.00000000E+00  0.00000000E+00  0.00000000E+00  2.09424615E-02  0.00000000E+00  0.00000000E+00 -5.36382105E-02
    2.067000      1   0.00000000E+00  0.00000000E+00  2.75364000E-03  0.00000000E+00  0.00000000E+00  0.00000000E+00  0.00000000E+00  0.00000000E+00  2.08888308E-02  0.00000000E+00  0.00000000E+00 -5.36307991E-02
    2.068000      1   0.00000000E+00  0.00000000E+00  2.77195044E-03  0.00000000E+00  0.00000000E+00  0.00000000E+00  0.00000000E+00  0.00000000E+00  2.08352260E-02  0.00000000E+00  0.00000000E+00 -5.36047697E-02
    2.069000      1   0.00000000E+00  0.00000000E+00  2.74717690E-03  0.00000000E+00  0.00000000E+00  0.00000000E+00  0.00000000E+00  0.00000000E+00  2.07816581E-02  0.00000000E+00  0.00000000E+00 -5.35678786E-02
    2.070000      1   0.00000000E+00  0.00000000E+00  2.68880898E-03  0.00000000E+00  0.00000000E+00  0.00000000E+00  0.00000000E+00  0.00000000E+00  2.07281287E-02  0.00000000E+00  0.00000000E+00 -5.35293550E-02
    2.071000      1   0.00000000E+00  0.00000000E+00  2.72353164E-03  0.00000000E+00  0.00000000E+00  0.00000000E+00  0.00000000E+00  0.00000000E+00  2.06746195E-02  0.00000000E+00  0.00000000E+00 -5.35092891E-02
    2.072000      1   0.00000000E+00  0.00000000E+00  2.75378715E-03  0.00000000E+00  0.00000000E+00  0.00000000E+00  0.00000000E+00  0.00000000E+00  2.06211172E-02  0.00000000E+00  0.00000000E+00 -5.35022518E-02
    2.073000      1   0.00000000E+00  0.00000000E+00  2.77389456E-03  0.00000000E+00  0.00000000E+00  0.00000000E+00  0.00000000E+00  0.00000000E+00  2.05676387E-02  0.00000000E+00  0.00000000E+00 -5.34784607E-02
    2.074000      1   0.00000000E+00  0.00000000E+00  2.76192151E-03  0.00000000E+00  0.00000000E+00  0.00000000E+00  0.00000000E+00  0.00000000E+00  2.05141976E-02  0.00000000E+00  0.00000000E+00 -5.34411775E-02
    2.075000      1   0.00000000E+00  0.00000000E+00  2.69758299E-03  0.00000000E+00  0.00000000E+00  0.00000000E+00  0.00000000E+00  0.00000000E+00  2.04607982E-02  0.00000000E+00  0.00000000E+00 -5.33994080E-02
    2.076000      1   0.00000000E+00  0.00000000E+00  2.71556138E-03  0.00000000E+00  0.00000000E+00  0.00000000E+00  0.00000000E+00  0.00000000E+00  2.04074252E-02  0.00000000E+00  0.00000000E+00 -5.33729482E-02
    2.077000      1   0.00000000E+00  0.00000000E+00  2.76128597E-03  0.00000000E+00  0.00000000E+00  0.00000000E+00  0.00000000E+00  0.00000000E+00  2.03540608E-02  0.00000000E+00  0.00000000E+00 -5.33644388E-02
    2.078000      1   0.00000000E+00  0.00000000E+00  2.77480909E-03  0.00000000E+00  0.00000000E+00  0.00000000E+00  0.00000000E+00  0.00000000E+00  2.03007188E-02  0.00000000E+00  0.00000000E+00 -5.33419392E-02
    2.079000      1   0.00000000E+00  0.00000000E+00  2.75351288E-03  0.00000000E+00  0.00000000E+00  0.00000000E+00  0.00000000E+00  0.00000000E+00  2.02474168E-02  0.00000000E+00  0.00000000E+00 -5.33020315E-02
    2.080000      1   0.00000000E+00  0.00000000E+00  2.71703461E-03  0.00000000E+00  0.00000000E+00  0.00000000E+00  0.00000000E+00  0.00000000E+00  2.01941554E-02  0.00000000E+00  0.00000000E+00 -5.32614486E-02
    2.081000      1   0.00000000E+00  0.00000000E+00  2.71809257E-03  0.00000000E+00  0.00000000E+00  0.00000000E+00  0.00000000E+00  0.00000000E+00  2.01409210E-02  0.00000000E+00  0.00000000E+00 -5.32343105E-02
    2.082000      1   0.00000000E+00  0.00000000E+00  2.74484606E-03  0.00000000E+00  0.00000000E+00  0.00000000E+00  0.00000000E+00  0.00000000E+00  2.00877021E-02  0.00000000E+00  0.00000000E+00 -5.32189653E-02
    2.083000      1   0.00000000E+00  0.00000000E+00  2.77390839E-03  0.00000000E+00  0.00000000E+00  0.00000000E+00  0.00000000E+00  0.00000000E+00  2.00345035E-02  0.00000000E+00  0.00000000E+00 -5.31985416E-02
    2.084000      1   0.00000000E+00  0.00000000E+00  2.77452344E-03  0.00000000E+00  0.00000000E+00  0.00000000E+00  0.00000000E+00  0.00000000E+00  1.99813393E-02  0.00000000E+00  0.00000000E+00 -5.31641923E-02
    2.085000      1   0.00000000E+00  0.00000000E+00  2.73610432E-03  0.00000000E+00  0.00000000E+00  0.00000000E+00  0.00000000E+00  0.00000000E+00  1.99282192E-02  0.00000000E+00  0.00000000E+00 -5.31201898E-02
    2.086000      1   0.00000000E+00  0.00000000E+00  2.69442724E-03  0.00000000E+00  0.00000000E+00  0.00000000E+00  0.00000000E+00  0.00000000E+00  1.98751364E-02  0.00000000E+00  0.00000000E+00 -5.30827792E-02
    2.087000      1   0.00000000E+00  0.00000000E+00  2.75568100E-03  0.00000000E+00  0.00000000E+00  0.00000000E+00  0.00000000E+00  0.00000000E+00  1.98220710E-02  0.00000000E+00  0.00000000E+00 -5.30653562E-02
    2.088000      1   0.00000000E+00  0.00000000E+00  2.76435650E-03  0.00000000E+00  0.00000000E+00  0.00000000E+00  0.00000000E+00  0.00000000E+00  1.97690202E-02  0.00000000E+00  0.00000000E+00 -5.30507885E-02
    2.089000      1   0.00000000E+00  0.00000000E+00  2.78020022E-03  0.00000000E+00  0.00000000E+00  0.00000000E+00  0.00000000E+00  0.00000000E+00  1.97160057E-02  0.00000000E+00  0.00000000E+00 -5.30145700E-02
    2.090000      1   0.00000000E+00  0.00000000E+00  2.74498930E-03  0.00000000E+00  0.00000000E+00  0.00000000E+00  0.00000000E+00  0.00000000E+00  1.96630330E-02  0.00000000E+00  0.00000000E+00 -5.29727006E-02
    2.091000      1   0.00000000E+00  0.00000000E+00  2.70611973E-03  0.00000000E+00  0.00000000E+00  0.00000000E+00  0.00000000E+00  0.00000000E+00  1.96101011E-02  0.00000000E+00  0.00000000E+00 -5.29318545E-02
    2.092000      1   0.00000000E+00  0.00000000E+00  2.73812652E-03  0.00000000E+00  0.00000000E+00  0.00000000E+00  0.00000000E+00  0.00000000E+00  1.95571917E-02  0.00000000E+00  0.00000000E+00 -5.29094458E-02
    2.093000      1   0.00000000E+00  0.00000000E+00  2.76463529E-03  0.00000000E+00  0.00000000E+00  0.00000000E+00  0.00000000E+00  0.00000000E+00  1.95042975E-02  0.00000000E+00  0.00000000E+00 -5.28941425E-02
    2.094000      1   0.00000000E+00  0.00000000E+00  2.79192824E-03  0.00000000E+00  0.00000000E+00  0.00000000E+00  0.00000000E+00  0.00000000E+00  1.94514339E-02  0.00000000E+00  0.00000000E+00 -5.28636398E-02
    2.095000      1   0.00000000E+00  0.00000000E+00  2.77070788E-03  0.00000000E+00  0.00000000E+00  0.00000000E+00  0.00000000E+00  0.00000000E+00  1.93986143E-02  0.00000000E+00  0.00000000E+00 -5.28196048E-02
    2.096000      1   0.00000000E+00  0.00000000E+00  2.70035711E-03  0.00000000E+00  0.00000000E+00  0.00000000E+00  0.00000000E+00  0.00000000E+00  1.93458439E-02  0.00000000E+00  0.00000000E+00 -5.27703590E-02
    2.097000      1   0.00000000E+00  0.00000000E+00  2.73116437E-03  0.00000000E+00  0.00000000E+00  0.00000000E+00  0.00000000E+00  0.00000000E+00  1.92931034E-02  0.00000000E+00  0.00000000E+00 -5.27405230E-02
    2.098000      1   0.00000000E+00  0.00000000E+00  2.77807289E-03  0.00000000E+00  0.00000000E+00  0.00000000E+00  0.00000000E+00  0.00000000E+00  1.92403750E-02  0.00000000E+00  0.00000000E+00 -5.27283434E-02
    2.099000      1   0.00000000E+00  0.00000000E+00  2.78450748E-03  0.00000000E+00  0.00000000E+00  0.00000000E+00  0.00000000E+00  0.00000000E+00  1.91876773E-02  0.00000000E+00  0.00000000E+00 -5.26977509E-02
    2.100000      1   0.00000000E+00  0.00000000E+00  2.77114732E-03  0.00000000E+00  0.00000000E+00  0.00000000E+00  0.00000000E+00  0.00000000E+00  1.91350267E-02  0.00000000E+00  0.00000000E+00 -5.26506151E-02
    2.101000      1   0.00000000E+00  0.00000000E+00  2.72827979E-03  0.00000000E+00  0.00000000E+00  0.00000000E+00  0.00000000E+00  0.00000000E+00  1.90824230E-02  0.00000000E+00  0.00000000E+00 -5.26037287E-02
    2.102000      1   0.00000000E+00  0.00000000E+00  2.72888305E-03  0.00000000E+00  0.00000000E+00  0.00000000E+00  0.00000000E+00  0.00000000E+00  1.90298541E-02  0.00000000E+00  0.00000000E+00 -5.25688106E-02
    2.103000      1   0.00000000E+00  0.00000000E+00  2.75626875E-03  0.00000000E+00  0.00000000E+00  0.00000000E+00  0.00000000E+00  0.00000000E+00  1.89773063E-02  0.00000000E+00  0.00000000E+00 -5.25478642E-02
    2.104000      1   0.00000000E+00  0.00000000E+00  2.79236354E-03  0.00000000E+00  0.00000000E+00  0.00000000E+00  0.00000000E+00  0.00000000E+00  1.89247844E-02  0.00000000E+00  0.00000000E+00 -5.25218767E-02
    2.105000      1   0.00000000E+00  0.00000000E+00  2.77902292E-03  0.00000000E+00  0.00000000E+00  0.00000000E+00  0.00000000E+00  0.00000000E+00  1.88723039E-02  0.00000000E+00  0.00000000E+00 -5.24805125E-02
    2.106000      1   0.00000000E+00  0.00000000E+00  2.75480946E-03  0.00000000E+00  0.00000000E+00  0.00000000E+00  0.00000000E+00  0.00000000E+00  1.88198742E-02  0.00000000E+00  0.00000000E+00 -5.24296533E-02
    2.107000      1   0.00000000E+00  0.00000000E+00  2.71106219E-03  0.00000000E+00  0.00000000E+00  0.00000000E+00  0.00000000E+00  0.00000000E+00  1.87674868E-02  0.00000000E+00  0.00000000E+00 -5.23874572E-02
    2.108000      1   0.00000000E+00  0.00000000E+00  2.76322264E-03  0.00000000E+00  0.00000000E+00  0.00000000E+00  0.00000000E+00  0.00000000E+00  1.87151258E-02  0.00000000E+00  0.00000000E+00 -5.23609495E-02
    2.109000      1   0.00000000E+00  0.00000000E+00  2.77806190E-03  0.00000000E+00  0.00000000E+00  0.00000000E+00  0.00000000E+00  0.00000000E+00  1.86627862E-02  0.00000000E+00  0.00000000E+00 -5.23395850E-02
    2.110000      1   0.00000000E+00  0.00000000E+00  2.79783627E-03  0.00000000E+00  0.00000000E+00  0.00000000E+00  0.00000000E+00  0.00000000E+00  1.86104878E-02  0.00000000E+00  0.00000000E+00 -5.22984660E-02
    2.111000      1   0.00000000E+00  0.00000000E+00  2.76621300E-03  0.00000000E+00  0.00000000E+00  0.00000000E+00  0.00000000E+00  0.00000000E+00  1.85582388E-02  0.00000000E+00  0.00000000E+00 -5.22489768E-02
    2.112000      1   0.00000000E+00  0.00000000E+00  2.71728211E-03  0.00000000E+00  0.00000000E+00  0.00000000E+00  0.00000000E+00  0.00000000E+00  1.85060402E-02  0.00000000E+00  0.00000000E+00 -5.21985856E-02
    2.113000      1   0.00000000E+00  0.00000000E+00  2.75185605E-03  0.00000000E+00  0.00000000E+00  0.00000000E+00  0.00000000E+00  0.00000000E+00  1.84538730E-02  0.00000000E+00  0.00000000E+00 -5.21672328E-02
    2.114000      1   0.00000000E+00  0.00000000E+00  2.77809224E-03  0.00000000E+00  0.00000000E+00  0.00000000E+00  0.00000000E+00  0.00000000E+00  1.84017271E-02  0.00000000E+00  0.00000000E+00 -5.21458356E-02
    2.115000      1   0.00000000E+00  0.00000000E+00  2.80223510E-03  0.00000000E+00  0.00000000E+00  0.00000000E+00  0.00000000E+00  0.00000000E+00  1.83496187E-02  0.00000000E+00  0.00000000E+00 -5.21084443E-02
    2.116000      1   0.00000000E+00  0.00000000E+00  2.78872553E-03  0.00000000E+00  0.00000000E+00  0.00000000E+00  0.00000000E+00  0.00000000E+00  1.82975605E-02  0.00000000E+00  0.00000000E+00 -5.20581672E-02
    2.117000      1   0.00000000E+00  0.00000000E+00  2.73206722E-03  0.00000000E+00  0.00000000E+00  0.00000000E+00  0.00000000E+00  0.00000000E+00  1.82455582E-02  0.00000000E+00  0.00000000E+00 -5.20023502E-02
    2.118000      1   0.00000000E+00  0.00000000E+00  2.73504449E-03  0.00000000E+00  0.00000000E+00  0.00000000E+00  0.00000000E+00  0.00000000E+00  1.81935972E-02  0.00000000E+00  0.00000000E+00 -5.19609894E-02
    2.119000      1   0.00000000E+00  0.00000000E+00  2.78523977E-03  0.00000000E+00  0.00000000E+00  0.00000000E+00  0.00000000E+00  0.00000000E+00  1.81416595E-02  0.00000000E+00  0.00000000E+00 -5.19377095E-02
    2.120000      1   0.00000000E+00  0.00000000E+00  2.79905331E-03  0.00000000E+00  0.00000000E+00  0.00000000E+00  0.00000000E+00  0.00000000E+00  1.80897549E-02  0.00000000E+00  0.00000000E+00 -5.19045754E-02
    2.121000      1   0.00000000E+00  0.00000000E+00  2.78909853E-03  0.00000000E+00  0.00000000E+00  0.00000000E+00  0.00000000E+00  0.00000000E+00  1.80379024E-02  0.00000000E+00  0.00000000E+00 -5.18525136E-02
    2.122000      1   0.00000000E+00  0.00000000E+00  2.76092796E-03  0.00000000E+00  0.00000000E+00  0.00000000E+00  0.00000000E+00  0.00000000E+00  1.79861047E-02  0.00000000E+00  0.00000000E+00 -5.17976757E-02
    2.123000      1   0.00000000E+00  0.00000000E+00  2.73117883E-03  0.00000000E+00  0.00000000E+00  0.00000000E+00  0.00000000E+00  0.00000000E+00  1.79343536E-02  0.00000000E+00  0.00000000E+00 -5.17510886E-02
    2.124000      1   0.00000000E+00  0.00000000E+00  2.77024776E-03  0.00000000E+00  0.00000000E+00  0.00000000E+00  0.00000000E+00  0.00000000E+00  1.78826346E-02  0.00000000E+00  0.00000000E+00 -5.17190141E-02
    2.125000      1   0.00000000E+00  0.00000000E+00  2.78890131E-03  0.00000000E+00  0.00000000E+00  0.00000000E+00  0.00000000E+00  0.00000000E+00  1.78309448E-02  0.00000000E+00  0.00000000E+00 -5.16898006E-02
    2.126000      1   0.00000000E+00  0.00000000E+00  2.81151515E-03  0.00000000E+00  0.00000000E+00  0.00000000E+00  0.00000000E+00  0.00000000E+00  1.77793004E-02  0.00000000E+00  0.00000000E+00 -5.16444577E-02
    2.127000      1   0.00000000E+00  0.00000000E+00  2.78964533E-03  0.00000000E+00  0.00000000E+00  0.00000000E+00  0.00000000E+00  0.00000000E+00  1.77277114E-02  0.00000000E+00  0.00000000E+00 -5.15889897E-02
    2.128000      1   0.00000000E+00  0.00000000E+00  2.72871470E-03  0.00000000E+00  0.00000000E+00  0.00000000E+00  0.00000000E+00  0.00000000E+00  1.76761814E-02  0.00000000E+00  0.00000000E+00 -5.15299624E-02
    2.129000      1   0.00000000E+00  0.00000000E+00  2.75762577E-03  0.00000000E+00  0.00000000E+00  0.00000000E+00  0.00000000E+00  0.00000000E+00  1.76246925E-02  0.00000000E+00  0.00000000E+00 -5.14888923E-02
    2.130000      1   0.00000000E+00  0.00000000E+00  2.79795362E-03  0.00000000E+00  0.00000000E+00  0.00000000E+00  0.00000000E+00  0.00000000E+00  1.75732298E-02  0.00000000E+00  0.00000000E+00 -5.14627202E-02
    2.131000      1   0.00000000E+00  0.00000000E+00  2.81773040E-03  0.00000000E+00  0.00000000E+00  0.00000000E+00  0.00000000E+00  0.00000000E+00  1.75218099E-02  0.00000000E+00  0.00000000E+00 -5.14199218E-02
    2.132000      1   0.00000000E+00  0.00000000E+00  2.79195158E-03  0.00000000E+00  0.00000000E+00  0.00000000E+00  0.00000000E+00  0.00000000E+00  1.74704495E-02  0.00000000E+00  0.00000000E+00 -5.13603817E-02
    2.133000      1   0.00000000E+00  0.00000000E+00  2.75150843E-03  0.00000000E+00  0.00000000E+00  0.00000000E+00  0.00000000E+00  0.00000000E+00  1.74191506E-02  0.00000000E+00  0.00000000E+00 -5.12989054E-02
    2.134000      1   0.00000000E+00  0.00000000E+00  2.76094760E-03  0.00000000E+00  0.00000000E+00  0.00000000E+00  0.00000000E+00  0.00000000E+00  1.73678975E-02  0.00000000E+00  0.00000000E+00 -5.12530471E-02
    2.135000      1   0.00000000E+00  0.00000000E+00  2.77988532E-03  0.00000000E+00  0.00000000E+00  0.00000000E+00  0.00000000E+00  0.00000000E+00  1.73166787E-02  0.00000000E+00  0.00000000E+00 -5.12188018E-02
    2.136000      1   0.00000000E+00  0.00000000E+00  2.80422083E-03  0.00000000E+00  0.00000000E+00  0.00000000E+00  0.00000000E+00  0.00000000E+00  1.72655006E-02  0.00000000E+00  0.00000000E+00 -5.11781076E-02
    2.137000      1   0.00000000E+00  0.00000000E+00  2.81246596E-03  0.00000000E+00  0.00000000E+00  0.00000000E+00  0.00000000E+00  0.00000000E+00  1.72143737E-02  0.00000000E+00  0.00000000E+00 -5.11268904E-02
    2.138000      1   0.00000000E+00  0.00000000E+00  2.78960430E-03  0.00000000E+00  0.00000000E+00  0.00000000E+00  0.00000000E+00  0.00000000E+00  1.71633075E-02  0.00000000E+00  0.00000000E+00 -5.10662231E-02
    2.139000      1   0.00000000E+00  0.00000000E+00  2.74184157E-03  0.00000000E+00  0.00000000E+00  0.00000000E+00  0.00000000E+00  0.00000000E+00  1.71123006E-02  0.00000000E+00  0.00000000E+00 -5.10068908E-02
    2.140000      1   0.00000000E+00  0.00000000E+00  2.78156099E-03  0.00000000E+00  0.00000000E+00  0.00000000E+00  0.00000000E+00  0.00000000E+00  1.70613371E-02  0.00000000E+00  0.00000000E+00 -5.09635129E-02
    2.141000      1   0.00000000E+00  0.00000000E+00  2.80258616E-03  0.00000000E+00  0.00000000E+00  0.00000000E+00  0.00000000E+00  0.00000000E+00  1.70104083E-02  0.00000000E+00  0.00000000E+00 -5.09287970E-02
    2.142000      1   0.00000000E+00  0.00000000E+00  2.82438419E-03  0.00000000E+00  0.00000000E+00  0.00000000E+00  0.00000000E+00  0.00000000E+00  1.69595310E-02  0.00000000E+00  0.00000000E+00 -5.08773187E-02
    2.143000      1   0.00000000E+00  0.00000000E+00  2.80848016E-03  0.00000000E+00  0.00000000E+00  0.00000000E+00  0.00000000E+00  0.00000000E+00  1.69087159E-02  0.00000000E+00  0.00000000E+00 -5.08150806E-02
    2.144000      1   0.00000000E+00  0.00000000E+00  2.75723854E-03  0.00000000E+00  0.00000000E+00  0.00000000E+00  0.00000000E+00  0.00000000E+00  1.68579674E-02  0.00000000E+00  0.00000000E+00 -5.07484962E-02
    2.145000      1   0.00000000E+00  0.00000000E+00  2.77262346E-03  0.00000000E+00  0.00000000E+00  0.00000000E+00  0.00000000E+00  0.00000000E+00  1.68072712E-02  0.00000000E+00  0.00000000E+00 -5.06961964E-02
    2.146000      1   0.00000000E+00  0.00000000E+00  2.79455346E-03  0.00000000E+00  0.00000000E+00  0.00000000E+00  0.00000000E+00  0.00000000E+00  1.67566132E-02  0.00000000E+00  0.00000000E+00 -5.06580044E-02
    2.147000      1   0.00000000E+00  0.00000000E+00  2.82813395E-03  0.00000000E+00  0.00000000E+00  0.00000000E+00  0.00000000E+00  0.00000000E+00  1.67060023E-02  0.00000000E+00  0.00000000E+00 -5.06108818E-02
    2.148000      1   0.00000000E+00  0.00000000E+00  2.80821223E-03  0.00000000E+00  0.00000000E+00  0.00000000E+00  0.00000000E+00  0.00000000E+00  1.66554517E-02  0.00000000E+00  0.00000000E+00 -5.05506186E-02
    2.149000      1   0.00000000E+00  0.00000000E+00  2.80386656E-03  0.00000000E+00  0.00000000E+00  0.00000000E+00  0.00000000E+00  0.00000000E+00  1.66049689E-02  0.00000000E+00  0.00000000E+00 -5.04828501E-02
    2.150000      1   0.00000000E+00  0.00000000E+00  2.75198623E-03  0.00000000E+00  0.00000000E+00  0.00000000E+00  0.00000000E+00  0.00000000E+00  1.65545465E-02  0.00000000E+00  0.00000000E+00 -5.04223927E-02
    2.151000      1   0.00000000E+00  0.00000000E+00  2.79410284E-03  0.00000000E+00  0.00000000E+00  0.00000000E+00  0.00000000E+00  0.00000000E+00  1.65041739E-02  0.00000000E+00  0.00000000E+00 -5.03725368E-02
    2.152000      1   0.00000000E+00  0.00000000E+00  2.81617898E-03  0.00000000E+00  0.00000000E+00  0.00000000E+00  0.00000000E+00  0.00000000E+00  1.64538417E-02  0.00000000E+00  0.00000000E+00 -5.03322715E-02
    2.153000      1   0.00000000E+00  0.00000000E+00  2.83590576E-03  0.00000000E+00  0.00000000E+00  0.00000000E+00  0.00000000E+00  0.00000000E+00  1.64035674E-02  0.00000000E+00  0.00000000E+00 -5.02742704E-02
    2.154000      1   0.00000000E+00  0.00000000E+00  2.81814904E-03  0.00000000E+00  0.00000000E+00  0.00000000E+00  0.00000000E+00  0.00000000E+00  1.63533619E-02  0.00000000E+00  0.00000000E+00 -5.02055308E-02
    2.155000      1   0.00000000E+00  0.00000000E+00  2.77116751E-03  0.00000000E+00  0.00000000E+00  0.00000000E+00  0.00000000E+00  0.00000000E+00  1.63032284E-02  0.00000000E+00  0.00000000E+00 -5.01334527E-02
    2.156000      1   0.00000000E+00  0.00000000E+00  2.78423034E-03  0.00000000E+00  0.00000000E+00  0.00000000E+00  0.00000000E+00  0.00000000E+00  1.62531529E-02  0.00000000E+00  0.00000000E+00 -5.00755143E-02
    2.157000      1   0.00000000E+00  0.00000000E+00  2.80716853E-03  0.00000000E+00  0.00000000E+00  0.00000000E+00  0.00000000E+00  0.00000000E+00  1.62031222E-02  0.00000000E+00  0.00000000E+00 -5.00306953E-02
    2.158000      1   0.00000000E+00  0.00000000E+00  2.83176598E-03  0.00000000E+00  0.00000000E+00  0.00000000E+00  0.00000000E+00  0.00000000E+00  1.61531447E-02  0.00000000E+00  0.00000000E+00 -4.99775300E-02
    2.159000      1   0.00000000E+00  0.00000000E+00  2.83022887E-03  0.00000000E+00  0.00000000E+00  0.00000000E+00  0.00000000E+00  0.00000000E+00  1.61032322E-02  0.00000000E+00  0.00000000E+00 -4.99124816E-02
    2.160000      1   0.00000000E+00  0.00000000E+00  2.81460155E-03  0.00000000E+00  0.00000000E+00  0.00000000E+00  0.00000000E+00  0.00000000E+00  1.60533926E-02  0.00000000E+00  0.00000000E+00 -4.98396268E-02
    2.161000      1   0.00000000E+00  0.00000000E+00  2.77145552E-03  0.00000000E+00  0.00000000E+00  0.00000000E+00  0.00000000E+00  0.00000000E+00  1.60036225E-02  0.00000000E+00  0.00000000E+00 -4.97700404E-02
    2.162000      1   0.00000000E+00  0.00000000E+00  2.80188087E-03  0.00000000E+00  0.00000000E+00  0.00000000E+00  0.00000000E+00  0.00000000E+00  1.59539093E-02  0.00000000E+00  0.00000000E+00 -4.97132162E-02
    2.163000      1   0.00000000E+00  0.00000000E+00  2.82375728E-03  0.00000000E+00  0.00000000E+00  0.00000000E+00  0.00000000E+00  0.00000000E+00  1.59042441E-02  0.00000000E+00  0.00000000E+00 -4.96651813E-02
    2.164000      1   0.00000000E+00  0.00000000E+00  2.85586233E-03  0.00000000E+00  0.00000000E+00  0.00000000E+00  0.00000000E+00  0.00000000E+00  1.58546408E-02  0.00000000E+00  0.00000000E+00 -4.96032857E-02
    2.165000      1   0.00000000E+00  0.00000000E+00  2.82523817E-03  0.00000000E+00  0.00000000E+00  0.00000000E+00  0.00000000E+00  0.00000000E+00  1.58051123E-02  0.00000000E+00  0.00000000E+00 -4.95285282E-02
    2.166000      1   0.00000000E+00  0.00000000E+00  2.79461309E-03  0.00000000E+00  0.00000000E+00  0.00000000E+00  0.00000000E+00  0.00000000E+00  1.57556637E-02  0.00000000E+00  0.00000000E+00 -4.94486424E-02
    2.167000      1   0.00000000E+00  0.00000000E+00  2.79278320E-03  0.00000000E+00  0.00000000E+00  0.00000000E+00  0.00000000E+00  0.00000000E+00  1.57062794E-02  0.00000000E+00  0.00000000E+00 -4.93842297E-02
    2.168000      1   0.00000000E+00  0.00000000E+00  2.81647007E-03  0.00000000E+00  0.00000000E+00  0.00000000E+00  0.00000000E+00  0.00000000E+00  1.56569492E-02  0.00000000E+00  0.00000000E+00 -4.93301984E-02
    2.169000      1   0.00000000E+00  0.00000000E+00  2.83808917E-03  0.00000000E+00  0.00000000E+00  0.00000000E+00  0.00000000E+00  0.00000000E+00  1.56076767E-02  0.00000000E+00  0.00000000E+00 -4.92725793E-02
    2.170000      1   0.00000000E+00  0.00000000E+00  2.85341545E-03  0.00000000E+00  0.00000000E+00  0.00000000E+00  0.00000000E+00  0.00000000E+00  1.55584733E-02  0.00000000E+00  0.00000000E+00 -4.92033579E-02
    2.171000      1   0.00000000E+00  0.00000000E+00  2.84374152E-03  0.00000000E+00  0.00000000E+00  0.00000000E+00  0.00000000E+00  0.00000000E+00  1.55093490E-02  0.00000000E+00  0.00000000E+00 -4.91243263E-02
    2.172000      1   0.00000000E+00  0.00000000E+00  2.77681415E-03  0.00000000E+00  0.00000000E+00  0.00000000E+00  0.00000000E+00  0.00000000E+00  1.54603070E-02  0.00000000E+00  0.00000000E+00 -4.90419720E-02
    2.173000      1   0.00000000E+00  0.00000000E+00  2.80812894E-03  0.00000000E+00  0.00000000E+00  0.00000000E+00  0.00000000E+00  0.00000000E+00  1.54113324E-02  0.00000000E+00  0.00000000E+00 -4.89746301E-02
    2.174000      1   0.00000000E+00  0.00000000E+00  2.84220378E-03  0.00000000E+00  0.00000000E+00  0.00000000E+00  0.00000000E+00  0.00000000E+00  1.53624086E-02  0.00000000E+00  0.00000000E+00 -4.89237305E-02
    2.175000      1   0.00000000E+00  0.00000000E+00  2.86155514E-03  0.00000000E+00  0.00000000E+00  0.00000000E+00  0.00000000E+00  0.00000000E+00  1.53135521E-02  0.00000000E+00  0.00000000E+00 -4.88565209E-02
    2.176000      1   0.00000000E+00  0.00000000E+00  2.84008131E-03  0.00000000E+00  0.00000000E+00  0.00000000E+00  0.00000000E+00  0.00000000E+00  1.52647774E-02  0.00000000E+00  0.00000000E+00 -4.87746985E-02
    2.177000      1   0.00000000E+00  0.00000000E+00  2.82275049E-03  0.00000000E+00  0.00000000E+00  0.00000000E+00  0.00000000E+00  0.00000000E+00  1.52160871E-02  0.00000000E+00  0.00000000E+00 -4.86903183E-02
    2.178000      1   0.00000000E+00  0.00000000E+00  2.79754063E-03  0.00000000E+00  0.00000000E+00  0.00000000E+00  0.00000000E+00  0.00000000E+00  1.51674711E-02  0.00000000E+00  0.00000000E+00 -4.86160551E-02
    2.179000      1   0.00000000E+00  0.00000000E+00  2.83641347E-03  0.00000000E+00  0.00000000E+00  0.00000000E+00  0.00000000E+00  0.00000000E+00  1.51189191E-02  0.00000000E+00  0.00000000E+00 -4.85519417E-02
    2.180000      1   0.00000000E+00  0.00000000E+00  2.84282354E-03  0.00000000E+00  0.00000000E+00  0.00000000E+00  0.00000000E+00  0.00000000E+00  1.50704299E-02  0.00000000E+00  0.00000000E+00 -4.84892334E-02
    2.181000      1   0.00000000E+00  0.00000000E+00  2.87496538E-03  0.00000000E+00  0.00000000E+00  0.00000000E+00  0.00000000E+00  0.00000000E+00  1.50220173E-02  0.00000000E+00  0.00000000E+00 -4.84126252E-02
    2.182000      1   0.00000000E+00  0.00000000E+00  2.85221053E-03  0.00000000E+00  0.00000000E+00  0.00000000E+00  0.00000000E+00  0.00000000E+00  1.49736890E-02  0.00000000E+00  0.00000000E+00 -4.83282278E-02
    2.183000      1   0.00000000E+00  0.00000000E+00  2.82553804E-03  0.00000000E+00  0.00000000E+00  0.00000000E+00  0.00000000E+00  0.00000000E+00  1.49254517E-02  0.00000000E+00  0.00000000E+00 -4.82372985E-02
    2.184000      1   0.00000000E+00  0.00000000E+00  2.80694920E-03  0.00000000E+00  0.00000000E+00  0.00000000E+00  0.00000000E+00  0.00000000E+00  1.48772932E-02  0.00000000E+00  0.00000000E+00 -4.81585590E-02
    2.185000      1   0.00000000E+00  0.00000000E+00  2.84720007E-03  0.00000000E+00  0.00000000E+00  0.00000000E+00  0.00000000E+00  0.00000000E+00  1.48292013E-02  0.00000000E+00  0.00000000E+00 -4.80918664E-02
    2.186000      1   0.00000000E+00  0.00000000E+00  2.86580139E-03  0.00000000E+00  0.00000000E+00  0.00000000E+00  0.00000000E+00  0.00000000E+00  1.47811771E-02  0.00000000E+00  0.00000000E+00 -4.80241607E-02
    2.187000      1   0.00000000E+00  0.00000000E+00  2.87010518E-03  0.00000000E+00  0.00000000E+00  0.00000000E+00  0.00000000E+00  0.00000000E+00  1.47332372E-02  0.00000000E+00  0.00000000E+00 -4.79399465E-02
    2.188000      1   0.00000000E+00  0.00000000E+00  2.86145452E-03  0.00000000E+00  0.00000000E+00  0.00000000E+00  0.00000000E+00  0.00000000E+00  1.46853883E-02  0.00000000E+00  0.00000000E+00 -4.78488624E-02
    2.189000      1   0.00000000E+00  0.00000000E+00  2.82004777E-03  0.00000000E+00  0.00000000E+00  0.00000000E+00  0.00000000E+00  0.00000000E+00  1.46376304E-02  0.00000000E+00  0.00000000E+00 -4.77578946E-02
    2.190000      1   0.00000000E+00  0.00000000E+00  2.83766222E-03  0.00000000E+00  0.00000000E+00  0.00000000E+00  0.00000000E+00  0.00000000E+00  1.45899533E-02  0.00000000E+00  0.00000000E+00 -4.76770901E-02
    2.191000      1   0.00000000E+00  0.00000000E+00  2.85088039E-03  0.00000000E+00  0.00000000E+00  0.00000000E+00  0.00000000E+00  0.00000000E+00  1.45423466E-02  0.00000000E+00  0.00000000E+00 -4.76067693E-02
    2.192000      1   0.00000000E+00  0.00000000E+00  2.87026327E-03  0.00000000E+00  0.00000000E+00  0.00000000E+00  0.00000000E+00  0.00000000E+00  1.44948183E-02  0.00000000E+00  0.00000000E+00 -4.75283261E-02
    2.193000      1   0.00000000E+00  0.00000000E+00  2.88155618E-03  0.00000000E+00  0.00000000E+00  0.00000000E+00  0.00000000E+00  0.00000000E+00  1.44473761E-02  0.00000000E+00  0.00000000E+00 -4.74421143E-02
    2.194000      1   0.00000000E+00  0.00000000E+00  2.88166846E-03  0.00000000E+00  0.00000000E+00  0.00000000E+00  0.00000000E+00  0.00000000E+00  1.44000286E-02  0.00000000E+00  0.00000000E+00 -4.73475398E-02
    2.195000      1   0.00000000E+00  0.00000000E+00  2.81984047E-03  0.00000000E+00  0.00000000E+00  0.00000000E+00  0.00000000E+00  0.00000000E+00  1.43527794E-02  0.00000000E+00  0.00000000E+00 -4.72492367E-02
    2.196000      1   0.00000000E+00  0.00000000E+00  2.83680288E-03  0.00000000E+00  0.00000000E+00  0.00000000E+00  0.00000000E+00  0.00000000E+00  1.43056175E-02  0.00000000E+00  0.00000000E+00 -4.71618303E-02
    2.197000      1   0.00000000E+00  0.00000000E+00  2.87328744E-03  0.00000000E+00  0.00000000E+00  0.00000000E+00  0.00000000E+00  0.00000000E+00  1.42585258E-02  0.00000000E+00  0.00000000E+00 -4.70917296E-02
    2.198000      1   0.00000000E+00  0.00000000E+00  2.88743482E-03  0.00000000E+00  0.00000000E+00  0.00000000E+00  0.00000000E+00  0.00000000E+00  1.42115162E-02  0.00000000E+00  0.00000000E+00 -4.70096062E-02
    2.199000      1   0.00000000E+00  0.00000000E+00  2.88595440E-03  0.00000000E+00  0.00000000E+00  0.00000000E+00  0.00000000E+00  0.00000000E+00  1.41646032E-02  0.00000000E+00  0.00000000E+00 -4.69129990E-02
    2.200000      1   0.00000000E+00  0.00000000E+00  2.87897601E-03  0.00000000E+00  0.00000000E+00  0.00000000E+00  0.00000000E+00  0.00000000E+00  1.41177912E-02  0.00000000E+00  0.00000000E+00 -4.68120073E-02
    2.201000      1   0.00000000E+00  0.00000000E+00  2.82471432E-03  0.00000000E+00  0.00000000E+00  0.00000000E+00  0.00000000E+00  0.00000000E+00  1.40710785E-02  0.00000000E+00  0.00000000E+00 -4.67127359E-02
    2.202000      1   0.00000000E+00  0.00000000E+00  2.87099366E-03  0.00000000E+00  0.00000000E+00  0.00000000E+00  0.00000000E+00  0.00000000E+00  1.40244531E-02  0.00000000E+00  0.00000000E+00 -4.66253519E-02
    2.203000      1   0.00000000E+00  0.00000000E+00  2.86846943E-03  0.00000000E+00  0.00000000E+00  0.00000000E+00  0.00000000E+00  0.00000000E+00  1.39779055E-02  0.00000000E+00  0.00000000E+00 -4.65476042E-02
    2.204000      1   0.00000000E+00  0.00000000E+00  2.90307131E-03  0.00000000E+00  0.00000000E+00  0.00000000E+00  0.00000000E+00  0.00000000E+00  1.39314504E-02  0.00000000E+00  0.00000000E+00 -4.64551041E-02
    2.205000      1   0.00000000E+00  0.00000000E+00  2.89171466E-03  0.00000000E+00  0.00000000E+00  0.00000000E+00  0.00000000E+00  0.00000000E+00  1.38850931E-02  0.00000000E+00  0.00000000E+00 -4.63573140E-02
    2.206000      1   0.00000000E+00  0.00000000E+00  2.90188107E-03  0.00000000E+00  0.00000000E+00  0.00000000E+00  0.00000000E+00  0.00000000E+00  1.38388429E-02  0.00000000E+00  0.00000000E+00 -4.62501685E-02
    2.207000      1   0.00000000E+00  0.00000000E+00  2.83346055E-03  0.00000000E+00  0.00000000E+00  0.00000000E+00  0.00000000E+00  0.00000000E+00  1.37926980E-02  0.00000000E+00  0.00000000E+00 -4.61449548E-02
    2.208000      1   0.00000000E+00  0.00000000E+00  2.87397181E-03  0.00000000E+00  0.00000000E+00  0.00000000E+00  0.00000000E+00  0.00000000E+00  1.37466495E-02  0.00000000E+00  0.00000000E+00 -4.60485017E-02
    2.209000      1   0.00000000E+00  0.00000000E+00  2.89209554E-03  0.00000000E+00  0.00000000E+00  0.00000000E+00  0.00000000E+00  0.00000000E+00  1.37006821E-02  0.00000000E+00  0.00000000E+00 -4.59673550E-02
    2.210000      1   0.00000000E+00  0.00000000E+00  2.91088111E-03  0.00000000E+00  0.00000000E+00  0.00000000E+00  0.00000000E+00  0.00000000E+00  1.36548124E-02  0.00000000E+00  0.00000000E+00 -4.58696988E-02
    2.211000      1   0.00000000E+00  0.00000000E+00  2.90108566E-03  0.00000000E+00  0.00000000E+00  0.00000000E+00  0.00000000E+00  0.00000000E+00  1.36090496E-02  0.00000000E+00  0.00000000E+00 -4.57627685E-02
    2.212000      1   0.00000000E+00  0.00000000E+00  2.90620597E-03  0.00000000E+00  0.00000000E+00  0.00000000E+00  0.00000000E+00  0.00000000E+00  1.35633982E-02  0.00000000E+00  0.00000000E+00 -4.56514010E-02
    2.213000      1   0.00000000E+00  0.00000000E+00  2.84956588E-03  0.00000000E+00  0.00000000E+00  0.00000000E+00  0.00000000E+00  0.00000000E+00  1.35178559E-02  0.00000000E+00  0.00000000E+00 -4.55423449E-02
    2.214000      1   0.00000000E+00  0.00000000E+00  2.88933128E-03  0.00000000E+00  0.00000000E+00  0.00000000E+00  0.00000000E+00  0.00000000E+00  1.34724143E-02  0.00000000E+00  0.00000000E+00 -4.54416234E-02
    2.215000      1   0.00000000E+00  0.00000000E+00  2.88714393E-03  0.00000000E+00  0.00000000E+00  0.00000000E+00  0.00000000E+00  0.00000000E+00  1.34270618E-02  0.00000000E+00  0.00000000E+00 -4.53524713E-02
    2.216000      1   0.00000000E+00  0.00000000E+00  2.92365672E-03  0.00000000E+00  0.00000000E+00  0.00000000E+00  0.00000000E+00  0.00000000E+00  1.33818111E-02  0.00000000E+00  0.00000000E+00 -4.52506465E-02
    2.217000      1   0.00000000E+00  0.00000000E+00  2.92053799E-03  0.00000000E+00  0.00000000E+00  0.00000000E+00  0.00000000E+00  0.00000000E+00  1.33366681E-02  0.00000000E+00  0.00000000E+00 -4.51430831E-02
    2.218000      1   0.00000000E+00  0.00000000E+00  2.92798552E-03  0.00000000E+00  0.00000000E+00  0.00000000E+00  0.00000000E+00  0.00000000E+00  1.32916440E-02  0.00000000E+00  0.00000000E+00 -4.50240800E-02
    2.219000      1   0.00000000E+00  0.00000000E+00  2.86718932E-03  0.00000000E+00  0.00000000E+00  0.00000000E+00  0.00000000E+00  0.00000000E+00  1.32467392E-02  0.00000000E+00  0.00000000E+00 -4.49047840E-02
    2.220000      1   0.00000000E+00  0.00000000E+00  2.88771849E-03  0.00000000E+00  0.00000000E+00  0.00000000E+00  0.00000000E+00  0.00000000E+00  1.32019454E-02  0.00000000E+00  0.00000000E+00 -4.47937933E-02
    2.221000      1   0.00000000E+00  0.00000000E+00  2.91020922E-03  0.00000000E+00  0.00000000E+00  0.00000000E+00  0.00000000E+00  0.00000000E+00  1.31572463E-02  0.00000000E+00  0.00000000E+00 -4.46991386E-02
    2.222000      1   0.00000000E+00  0.00000000E+00  2.93436119E-03  0.00000000E+00  0.00000000E+00  0.00000000E+00  0.00000000E+00  0.00000000E+00  1.31126525E-02  0.00000000E+00  0.00000000E+00 -4.45937646E-02
    2.223000      1   0.00000000E+00  0.00000000E+00  2.93056390E-03  0.00000000E+00  0.00000000E+00  0.00000000E+00  0.00000000E+00  0.00000000E+00  1.30681758E-02  0.00000000E+00  0.00000000E+00 -4.44767333E-02
    2.224000      1   0.00000000E+00  0.00000000E+00  2.92995750E-03  0.00000000E+00  0.00000000E+00  0.00000000E+00  0.00000000E+00  0.00000000E+00  1.30238233E-02  0.00000000E+00  0.00000000E+00 -4.43524416E-02
    2.225000      1   0.00000000E+00  0.00000000E+00  2.89977103E-03  0.00000000E+00  0.00000000E+00  0.00000000E+00  0.00000000E+00  0.00000000E+00  1.29795938E-02  0.00000000E+00  0.00000000E+00 -4.42295043E-02
    2.226000      1   0.00000000E+00  0.00000000E+00  2.89595787E-03  0.00000000E+00  0.00000000E+00  0.00000000E+00  0.00000000E+00  0.00000000E+00  1.29354817E-02  0.00000000E+00  0.00000000E+00 -4.41121042E-02
    2.227000      1   0.00000000E+00  0.00000000E+00  2.90758815E-03  0.00000000E+00  0.00000000E+00  0.00000000E+00  0.00000000E+00  0.00000000E+00  1.28914764E-02  0.00000000E+00  0.00000000E+00 -4.40052921E-02
    2.228000      1   0.00000000E+00  0.00000000E+00  2.94223957E-03  0.00000000E+00  0.00000000E+00  0.00000000E+00  0.00000000E+00  0.00000000E+00  1.28475788E-02  0.00000000E+00  0.00000000E+00 -4.38976757E-02
    2.229000      1   0.00000000E+00  0.00000000E+00  2.95890218E-03  0.00000000E+00  0.00000000E+00  0.00000000E+00  0.00000000E+00  0.00000000E+00  1.28037986E-02  0.00000000E+00  0.00000000E+00 -4.37801120E-02
    2.230000      1   0.00000000E+00  0.00000000E+00  2.93928775E-03  0.00000000E+00  0.00000000E+00  0.00000000E+00  0.00000000E+00  0.00000000E+00  1.27601504E-02  0.00000000E+00  0.00000000E+00 -4.36482216E-02
    2.231000      1   0.00000000E+00  0.00000000E+00  2.92380603E-03  0.00000000E+00  0.00000000E+00  0.00000000E+00  0.00000000E+00  0.00000000E+00  1.27166361E-02  0.00000000E+00  0.00000000E+00 -4.35143276E-02
    2.232000      1   0.00000000E+00  0.00000000E+00  2.90606910E-03  0.00000000E+00  0.00000000E+00  0.00000000E+00  0.00000000E+00  0.00000000E+00  1.26732465E-02  0.00000000E+00  0.00000000E+00 -4.33896131E-02
    2.233000      1   0.00000000E+00  0.00000000E+00  2.92168660E-03  0.00000000E+00  0.00000000E+00  0.00000000E+00  0.00000000E+00  0.00000000E+00  1.26299734E-02  0.00000000E+00  0.00000000E+00 -4.32731195E-02
    2.234000      1   0.00000000E+00  0.00000000E+00  2.95543001E-03  0.00000000E+00  0.00000000E+00  0.00000000E+00  0.00000000E+00  0.00000000E+00  1.25868137E-02  0.00000000E+00  0.00000000E+00 -4.31596892E-02
    2.235000      1   0.00000000E+00  0.00000000E+00  2.95527009E-03  0.00000000E+00  0.00000000E+00  0.00000000E+00  0.00000000E+00  0.00000000E+00  1.25437785E-02  0.00000000E+00  0.00000000E+00 -4.30351628E-02
    2.236000      1   0.00000000E+00  0.00000000E+00  2.95389210E-03  0.00000000E+00  0.00000000E+00  0.00000000E+00  0.00000000E+00  0.00000000E+00  1.25008789E-02  0.00000000E+00  0.00000000E+00 -4.28995828E-02
    2.237000      1   0.00000000E+00  0.00000000E+00  2.96319713E-03  0.00000000E+00  0.00000000E+00  0.00000000E+00  0.00000000E+00  0.00000000E+00  1.24581146E-02  0.00000000E+00  0.00000000E+00 -4.27642990E-02
    2.238000      1   0.00000000E+00  0.00000000E+00  2.91620479E-03  0.00000000E+00  0.00000000E+00  0.00000000E+00  0.00000000E+00  0.00000000E+00  1.24154868E-02  0.00000000E+00  0.00000000E+00 -4.26278223E-02
    2.239000      1   0.00000000E+00  0.00000000E+00  2.93742204E-03  0.00000000E+00  0.00000000E+00  0.00000000E+00  0.00000000E+00  0.00000000E+00  1.23729902E-02  0.00000000E+00  0.00000000E+00 -4.24965997E-02
    2.240000      1   0.00000000E+00  0.00000000E+00  2.94067808E-03  0.00000000E+00  0.00000000E+00  0.00000000E+00  0.00000000E+00  0.00000000E+00  1.23306131E-02  0.00000000E+00  0.00000000E+00 -4.23770581E-02
    2.241000      1   0.00000000E+00  0.00000000E+00  2.97510397E-03  0.00000000E+00  0.00000000E+00  0.00000000E+00  0.00000000E+00  0.00000000E+00  1.22883632E-02  0.00000000E+00  0.00000000E+00 -4.22499726E-02
    2.242000      1   0.00000000E+00  0.00000000E+00  2.97621736E-03  0.00000000E+00  0.00000000E+00  0.00000000E+00  0.00000000E+00  0.00000000E+00  1.22462474E-02  0.00000000E+00  0.00000000E+00 -4.21157299E-02
    2.243000      1   0.00000000E+00  0.00000000E+00  2.97862933E-03  0.00000000E+00  0.00000000E+00  0.00000000E+00  0.00000000E+00  0.00000000E+00  1.22042775E-02  0.00000000E+00  0.00000000E+00 -4.19699844E-02
    2.244000      1   0.00000000E+00  0.00000000E+00  2.95299510E-03  0.00000000E+00  0.00000000E+00  0.00000000E+00  0.00000000E+00  0.00000000E+00  1.21624540E-02  0.00000000E+00  0.00000000E+00 -4.18234467E-02
    2.245000      1   0.00000000E+00  0.00000000E+00  2.93987360E-03  0.00000000E+00  0.00000000E+00  0.00000000E+00  0.00000000E+00  0.00000000E+00  1.21207734E-02  0.00000000E+00  0.00000000E+00 -4.16806500E-02
    2.246000      1   0.00000000E+00  0.00000000E+00  2.94951493E-03  0.00000000E+00  0.00000000E+00  0.00000000E+00  0.00000000E+00  0.00000000E+00  1.20792248E-02  0.00000000E+00  0.00000000E+00 -4.15485924E-02
    2.247000      1   0.00000000E+00  0.00000000E+00  2.98047103E-03  0.00000000E+00  0.00000000E+00  0.00000000E+00  0.00000000E+00  0.00000000E+00  1.20378056E-02  0.00000000E+00  0.00000000E+00 -4.14191391E-02
    2.248000      1   0.00000000E+00  0.00000000E+00  2.98440499E-03  0.00000000E+00  0.00000000E+00  0.00000000E+00  0.00000000E+00  0.00000000E+00  1.19965246E-02  0.00000000E+00  0.00000000E+00 -4.12810452E-02
    2.249000      1   0.00000000E+00  0.00000000E+00  2.99535256E-03  0.00000000E+00  0.00000000E+00  0.00000000E+00  0.00000000E+00  0.00000000E+00  1.19553925E-02  0.00000000E+00  0.00000000E+00 -4.11320892E-02
    2.250000      1   0.00000000E+00  0.00000000E+00  2.98727260E-03  0.00000000E+00  0.00000000E+00  0.00000000E+00  0.00000000E+00  0.00000000E+00  1.19144126E-02  0.00000000E+00  0.00000000E+00 -4.09799052E-02
    2.251000      1   0.00000000E+00  0.00000000E+00  2.96869202E-03  0.00000000E+00  0.00000000E+00  0.00000000E+00  0.00000000E+00  0.00000000E+00  1.18735870E-02  0.00000000E+00  0.00000000E+00 -4.08255548E-02
    2.252000      1   0.00000000E+00  0.00000000E+00  2.95595637E-03  0.00000000E+00  0.00000000E+00  0.00000000E+00  0.00000000E+00  0.00000000E+00  1.18329099E-02  0.00000000E+00  0.00000000E+00 -4.06771437E-02
    2.253000      1   0.00000000E+00  0.00000000E+00  2.97448459E-03  0.00000000E+00  0.00000000E+00  0.00000000E+00  0.00000000E+00  0.00000000E+00  1.17923728E-02  0.00000000E+00  0.00000000E+00 -4.05370869E-02
    2.254000      1   0.00000000E+00  0.00000000E+00  2.99928535E-03  0.00000000E+00  0.00000000E+00  0.00000000E+00  0.00000000E+00  0.00000000E+00  1.17519749E-02  0.00000000E+00  0.00000000E+00 -4.03979361E-02
    2.255000      1   0.00000000E+00  0.00000000E+00  3.00248833E-03  0.00000000E+00  0.00000000E+00  0.00000000E+00  0.00000000E+00  0.00000000E+00  1.17117266E-02  0.00000000E+00  0.00000000E+00 -4.02483147E-02
    2.256000      1   0.00000000E+00  0.00000000E+00  3.01137946E-03  0.00000000E+00  0.00000000E+00  0.00000000E+00  0.00000000E+00  0.00000000E+00  1.16716366E-02  0.00000000E+00  0.00000000E+00 -4.00899820E-02
    2.257000      1   0.00000000E+00  0.00000000E+00  3.01392621E-03  0.00000000E+00  0.00000000E+00  0.00000000E+00  0.00000000E+00  0.00000000E+00  1.16317075E-02  0.00000000E+00  0.00000000E+00 -3.99290250E-02
    2.258000      1   0.00000000E+00  0.00000000E+00  2.97942944E-03  0.00000000E+00  0.00000000E+00  0.00000000E+00  0.00000000E+00  0.00000000E+00  1.15919428E-02  0.00000000E+00  0.00000000E+00 -3.97646977E-02
    2.259000      1   0.00000000E+00  0.00000000E+00  2.97011306E-03  0.00000000E+00  0.00000000E+00  0.00000000E+00  0.00000000E+00  0.00000000E+00  1.15523372E-02  0.00000000E+00  0.00000000E+00 -3.96056343E-02
    2.260000      1   0.00000000E+00  0.00000000E+00  2.99580492E-03  0.00000000E+00  0.00000000E+00  0.00000000E+00  0.00000000E+00  0.00000000E+00  1.15128777E-02  0.00000000E+00  0.00000000E+00 -3.94595477E-02
    2.261000      1   0.00000000E+00  0.00000000E+00  3.02245965E-03  0.00000000E+00  0.00000000E+00  0.00000000E+00  0.00000000E+00  0.00000000E+00  1.14735657E-02  0.00000000E+00  0.00000000E+00 -3.93119775E-02
    2.262000      1   0.00000000E+00  0.00000000E+00  3.02510709E-03  0.00000000E+00  0.00000000E+00  0.00000000E+00  0.00000000E+00  0.00000000E+00  1.14344144E-02  0.00000000E+00  0.00000000E+00 -3.91512560E-02
    2.263000      1   0.00000000E+00  0.00000000E+00  3.02429934E-03  0.00000000E+00  0.00000000E+00  0.00000000E+00  0.00000000E+00  0.00000000E+00  1.13954331E-02  0.00000000E+00  0.00000000E+00 -3.89813126E-02
    2.264000      1   0.00000000E+00  0.00000000E+00  3.02494202E-03  0.00000000E+00  0.00000000E+00  0.00000000E+00  0.00000000E+00  0.00000000E+00  1.13566225E-02  0.00000000E+00  0.00000000E+00 -3.88106426E-02
    2.265000      1   0.00000000E+00  0.00000000E+00  3.00688139E-03  0.00000000E+00  0.00000000E+00  0.00000000E+00  0.00000000E+00  0.00000000E+00  1.13179824E-02  0.00000000E+00  0.00000000E+00 -3.86401241E-02
    2.266000      1   0.00000000E+00  0.00000000E+00  2.99677232E-03  0.00000000E+00  0.00000000E+00  0.00000000E+00  0.00000000E+00  0.00000000E+00  1.12795098E-02  0.00000000E+00  0.00000000E+00 -3.84725885E-02
    2.267000      1   0.00000000E+00  0.00000000E+00  3.01261951E-03  0.00000000E+00  0.00000000E+00  0.00000000E+00  0.00000000E+00  0.00000000E+00  1.12411970E-02  0.00000000E+00  0.00000000E+00 -3.83127719E-02
    2.268000      1   0.00000000E+00  0.00000000E+00  3.02995173E-03  0.00000000E+00  0.00000000E+00  0.00000000E+00  0.00000000E+00  0.00000000E+00  1.12030435E-02  0.00000000E+00  0.00000000E+00 -3.81534728E-02
    2.269000      1   0.00000000E+00  0.00000000E+00  3.04060260E-03  0.00000000E+00  0.00000000E+00  0.00000000E+00  0.00000000E+00  0.00000000E+00  1.11650576E-02  0.00000000E+00  0.00000000E+00 -3.79859043E-02
    2.270000      1   0.00000000E+00  0.00000000E+00  3.04758484E-03  0.00000000E+00  0.00000000E+00  0.00000000E+00  0.00000000E+00  0.00000000E+00  1.11272469E-02  0.00000000E+00  0.00000000E+00 -3.78107602E-02
    2.271000      1   0.00000000E+00  0.00000000E+00  3.05686316E-03  0.00000000E+00  0.00000000E+00  0.00000000E+00  0.00000000E+00  0.00000000E+00  1.10896160E-02  0.00000000E+00  0.00000000E+00 -3.76308834E-02
    2.272000      1   0.00000000E+00  0.00000000E+00  3.02686709E-03  0.00000000E+00  0.00000000E+00  0.00000000E+00  0.00000000E+00  0.00000000E+00  1.10521689E-02  0.00000000E+00  0.00000000E+00 -3.74470728E-02
    2.273000      1   0.00000000E+00  0.00000000E+00  3.01663766E-03  0.00000000E+00  0.00000000E+00  0.00000000E+00  0.00000000E+00  0.00000000E+00  1.10149034E-02  0.00000000E+00  0.00000000E+00 -3.72655195E-02
    2.274000      1   0.00000000E+00  0.00000000E+00  3.02923611E-03  0.00000000E+00  0.00000000E+00  0.00000000E+00  0.00000000E+00  0.00000000E+00  1.09778078E-02  0.00000000E+00  0.00000000E+00 -3.70956263E-02
    2.275000      1   0.00000000E+00  0.00000000E+00  3.04728209E-03  0.00000000E+00  0.00000000E+00  0.00000000E+00  0.00000000E+00  0.00000000E+00  1.09408809E-02  0.00000000E+00  0.00000000E+00 -3.69268648E-02
    2.276000      1   0.00000000E+00  0.00000000E+00  3.05679353E-03  0.00000000E+00  0.00000000E+00  0.00000000E+00  0.00000000E+00  0.00000000E+00  1.09041301E-02  0.00000000E+00  0.00000000E+00 -3.67507744E-02
    2.277000      1   0.00000000E+00  0.00000000E+00  3.07421242E-03  0.00000000E+00  0.00000000E+00  0.00000000E+00  0.00000000E+00  0.00000000E+00  1.08675630E-02  0.00000000E+00  0.00000000E+00 -3.65670756E-02
    2.278000      1   0.00000000E+00  0.00000000E+00  3.05911280E-03  0.00000000E+00  0.00000000E+00  0.00000000E+00  0.00000000E+00  0.00000000E+00  1.08311859E-02  0.00000000E+00  0.00000000E+00 -3.63771726E-02
    2.279000      1   0.00000000E+00  0.00000000E+00  3.06806296E-03  0.00000000E+00  0.00000000E+00  0.00000000E+00  0.00000000E+00  0.00000000E+00  1.07950016E-02  0.00000000E+00  0.00000000E+00 -3.61842193E-02
    2.280000      1   0.00000000E+00  0.00000000E+00  3.03944797E-03  0.00000000E+00  0.00000000E+00  0.00000000E+00  0.00000000E+00  0.00000000E+00  1.07590070E-02  0.00000000E+00  0.00000000E+00 -3.59946422E-02
    2.281000      1   0.00000000E+00  0.00000000E+00  3.04755830E-03  0.00000000E+00  0.00000000E+00  0.00000000E+00  0.00000000E+00  0.00000000E+00  1.07231998E-02  0.00000000E+00  0.00000000E+00 -3.58071859E-02
    2.282000      1   0.00000000E+00  0.00000000E+00  3.05471148E-03  0.00000000E+00  0.00000000E+00  0.00000000E+00  0.00000000E+00  0.00000000E+00  1.06875721E-02  0.00000000E+00  0.00000000E+00 -3.56276930E-02
    2.283000      1   0.00000000E+00  0.00000000E+00  3.07162942E-03  0.00000000E+00  0.00000000E+00  0.00000000E+00  0.00000000E+00  0.00000000E+00  1.06521279E-02  0.00000000E+00  0.00000000E+00 -3.54442716E-02
    2.284000      1   0.00000000E+00  0.00000000E+00  3.08222870E-03  0.00000000E+00  0.00000000E+00  0.00000000E+00  0.00000000E+00  0.00000000E+00  1.06168723E-02  0.00000000E+00  0.00000000E+00 -3.52555092E-02
    2.285000      1   0.00000000E+00  0.00000000E+00  3.08942619E-03  0.00000000E+00  0.00000000E+00  0.00000000E+00  0.00000000E+00  0.00000000E+00  1.05818130E-02  0.00000000E+00  0.00000000E+00 -3.50593164E-02
    2.286000      1   0.00000000E+00  0.00000000E+00  3.08772677E-03  0.00000000E+00  0.00000000E+00  0.00000000E+00  0.00000000E+00  0.00000000E+00  1.05469547E-02  0.00000000E+00  0.00000000E+00 -3.48583698E-02
    2.287000      1   0.00000000E+00  0.00000000E+00  3.09479998E-03  0.00000000E+00  0.00000000E+00  0.00000000E+00  0.00000000E+00  0.00000000E+00  1.05122993E-02  0.00000000E+00  0.00000000E+00 -3.46553600E-02
    2.288000      1   0.00000000E+00  0.00000000E+00  3.06103801E-03  0.00000000E+00  0.00000000E+00  0.00000000E+00  0.00000000E+00  0.00000000E+00  1.04778476E-02  0.00000000E+00  0.00000000E+00 -3.44516575E-02
    2.289000      1   0.00000000E+00  0.00000000E+00  3.06044070E-03  0.00000000E+00  0.00000000E+00  0.00000000E+00  0.00000000E+00  0.00000000E+00  1.04435960E-02  0.00000000E+00  0.00000000E+00 -3.42516024E-02
    2.290000      1   0.00000000E+00  0.00000000E+00  3.07675156E-03  0.00000000E+00  0.00000000E+00  0.00000000E+00  0.00000000E+00  0.00000000E+00  1.04095333E-02  0.00000000E+00  0.00000000E+00 -3.40627409E-02
    2.291000      1   0.00000000E+00  0.00000000E+00  3.10143753E-03  0.00000000E+00  0.00000000E+00  0.00000000E+00  0.00000000E+00  0.00000000E+00  1.03756621E-02  0.00000000E+00  0.00000000E+00 -3.38711912E-02
    2.292000      1   0.00000000E+00  0.00000000E+00  3.11100751E-03  0.00000000E+00  0.00000000E+00  0.00000000E+00  0.00000000E+00  0.00000000E+00  1.03419922E-02  0.00000000E+00  0.00000000E+00 -3.36699193E-02
    2.293000      1   0.00000000E+00  0.00000000E+00  3.10692747E-03  0.00000000E+00  0.00000000E+00  0.00000000E+00  0.00000000E+00  0.00000000E+00  1.03085333E-02  0.00000000E+00  0.00000000E+00 -3.34588478E-02
    2.294000      1   0.00000000E+00  0.00000000E+00  3.10216492E-03  0.00000000E+00  0.00000000E+00  0.00000000E+00  0.00000000E+00  0.00000000E+00  1.02752880E-02  0.00000000E+00  0.00000000E+00 -3.32453549E-02
    2.295000      1   0.00000000E+00  0.00000000E+00  3.11260650E-03  0.00000000E+00  0.00000000E+00  0.00000000E+00  0.00000000E+00  0.00000000E+00  1.02422539E-02  0.00000000E+00  0.00000000E+00 -3.30340442E-02
    2.296000      1   0.00000000E+00  0.00000000E+00  3.08938581E-03  0.00000000E+00  0.00000000E+00  0.00000000E+00  0.00000000E+00  0.00000000E+00  1.02094315E-02  0.00000000E+00  0.00000000E+00 -3.28224511E-02
    2.297000      1   0.00000000E+00  0.00000000E+00  3.09419526E-03  0.00000000E+00  0.00000000E+00  0.00000000E+00  0.00000000E+00  0.00000000E+00  1.01768200E-02  0.00000000E+00  0.00000000E+00 -3.26115351E-02
    2.298000      1   0.00000000E+00  0.00000000E+00  3.10254424E-03  0.00000000E+00  0.00000000E+00  0.00000000E+00  0.00000000E+00  0.00000000E+00  1.01444126E-02  0.00000000E+00  0.00000000E+00 -3.24073946E-02
    2.299000      1   0.00000000E+00  0.00000000E+00  3.09722111E-03  0.00000000E+00  0.00000000E+00  0.00000000E+00  0.00000000E+00  0.00000000E+00  1.01122124E-02  0.00000000E+00  0.00000000E+00 -3.22001983E-02
    2.300000      1   0.00000000E+00  0.00000000E+00  3.11496870E-03  0.00000000E+00  0.00000000E+00  0.00000000E+00  0.00000000E+00  0.00000000E+00  1.00802212E-02  0.00000000E+00  0.00000000E+00 -3.19912013E-02
    2.301000      1   0.00000000E+00  0.00000000E+00  3.12979366E-03  0.00000000E+00  0.00000000E+00  0.00000000E+00  0.00000000E+00  0.00000000E+00  1.00484403E-02  0.00000000E+00  0.00000000E+00 -3.17808141E-02
    2.302000      1   0.00000000E+00  0.00000000E+00  3.13900669E-03  0.00000000E+00  0.00000000E+00  0.00000000E+00  0.00000000E+00  0.00000000E+00  1.00168784E-02  0.00000000E+00  0.00000000E+00 -3.15619766E-02
    2.303000      1   0.00000000E+00  0.00000000E+00  3.13420582E-03  0.00000000E+00  0.00000000E+00  0.00000000E+00  0.00000000E+00  0.00000000E+00  9.98554173E-03  0.00000000E+00  0.00000000E+00 -3.13366413E-02
    2.304000      1   0.00000000E+00  0.00000000E+00  3.13208743E-03  0.00000000E+00  0.00000000E+00  0.00000000E+00  0.00000000E+00  0.00000000E+00  9.95443260E-03  0.00000000E+00  0.00000000E+00 -3.11091291E-02
    2.305000      1   0.00000000E+00  0.00000000E+00  3.11105924E-03  0.00000000E+00  0.00000000E+00  0.00000000E+00  0.00000000E+00  0.00000000E+00  9.92354903E-03  0.00000000E+00  0.00000000E+00 -3.08835683E-02
    2.306000      1   0.00000000E+00  0.00000000E+00  3.11315494E-03  0.00000000E+00  0.00000000E+00  0.00000000E+00  0.00000000E+00  0.00000000E+00  9.89288661E-03  0.00000000E+00  0.00000000E+00 -3.06624218E-02
    2.307000      1   0.00000000E+00  0.00000000E+00  3.12073937E-03  0.00000000E+00  0.00000000E+00  0.00000000E+00  0.00000000E+00  0.00000000E+00  9.86243880E-03  0.00000000E+00  0.00000000E+00 -3.04478107E-02
    2.308000      1   0.00000000E+00  0.00000000E+00  3.12660014E-03  0.00000000E+00  0.00000000E+00  0.00000000E+00  0.00000000E+00  0.00000000E+00  9.83220763E-03  0.00000000E+00  0.00000000E+00 -3.02311701E-02
    2.309000      1   0.00000000E+00  0.00000000E+00  3.14452746E-03  0.00000000E+00  0.00000000E+00  0.00000000E+00  0.00000000E+00  0.00000000E+00  9.80219663E-03  0.00000000E+00  0.00000000E+00 -3.00110022E-02
    2.310000      1   0.00000000E+00  0.00000000E+00  3.15258965E-03  0.00000000E+00  0.00000000E+00  0.00000000E+00  0.00000000E+00  0.00000000E+00  9.77241089E-03  0.00000000E+00  0.00000000E+00 -2.97857393E-02
    2.311000      1   0.00000000E+00  0.00000000E+00  3.15354433E-03  0.00000000E+00  0.00000000E+00  0.00000000E+00  0.00000000E+00  0.00000000E+00  9.74285772E-03  0.00000000E+00  0.00000000E+00 -2.95531631E-02
    2.312000      1   0.00000000E+00  0.00000000E+00  3.15218992E-03  0.00000000E+00  0.00000000E+00  0.00000000E+00  0.00000000E+00  0.00000000E+00  9.71353995E-03  0.00000000E+00  0.00000000E+00 -2.93177704E-02
    2.313000      1   0.00000000E+00  0.00000000E+00  3.14886448E-03  0.00000000E+00  0.00000000E+00  0.00000000E+00  0.00000000E+00  0.00000000E+00  9.68445765E-03  0.00000000E+00  0.00000000E+00 -2.90823036E-02
    2.314000      1   0.00000000E+00  0.00000000E+00  3.13288956E-03  0.00000000E+00  0.00000000E+00  0.00000000E+00  0.00000000E+00  0.00000000E+00  9.65560978E-03  0.00000000E+00  0.00000000E+00 -2.88478697E-02
    2.315000      1   0.00000000E+00  0.00000000E+00  3.13862927E-03  0.00000000E+00  0.00000000E+00  0.00000000E+00  0.00000000E+00  0.00000000E+00  9.62699243E-03  0.00000000E+00  0.00000000E+00 -2.86173529E-02
    2.316000      1   0.00000000E+00  0.00000000E+00  3.14240991E-03  0.00000000E+00  0.00000000E+00  0.00000000E+00  0.00000000E+00  0.00000000E+00  9.59860136E-03  0.00000000E+00  0.00000000E+00 -2.83910675E-02
    2.317000      1   0.00000000E+00  0.00000000E+00  3.14371115E-03  0.00000000E+00  0.00000000E+00  0.00000000E+00  0.00000000E+00  0.00000000E+00  9.57043913E-03  0.00000000E+00  0.00000000E+00 -2.81622285E-02
    2.318000      1   0.00000000E+00  0.00000000E+00  3.15596300E-03  0.00000000E+00  0.00000000E+00  0.00000000E+00  0.00000000E+00  0.00000000E+00  9.54250721E-03  0.00000000E+00  0.00000000E+00 -2.79319178E-02
    2.319000      1   0.00000000E+00  0.00000000E+00  3.16209090E-03  0.00000000E+00  0.00000000E+00  0.00000000E+00  0.00000000E+00  0.00000000E+00  9.51480820E-03  0.00000000E+00  0.00000000E+00 -2.76990132E-02
    2.320000      1   0.00000000E+00  0.00000000E+00  3.16348269E-03  0.00000000E+00  0.00000000E+00  0.00000000E+00  0.00000000E+00  0.00000000E+00  9.48734720E-03  0.00000000E+00  0.00000000E+00 -2.74610012E-02
    2.321000      1   0.00000000E+00  0.00000000E+00  3.17338456E-03  0.00000000E+00  0.00000000E+00  0.00000000E+00  0.00000000E+00  0.00000000E+00  9.46012647E-03  0.00000000E+00  0.00000000E+00 -2.72207306E-02
    2.322000      1   0.00000000E+00  0.00000000E+00  3.17517567E-03  0.00000000E+00  0.00000000E+00  0.00000000E+00  0.00000000E+00  0.00000000E+00  9.43314822E-03  0.00000000E+00  0.00000000E+00 -2.69782519E-02
    2.323000      1   0.00000000E+00  0.00000000E+00  3.17063182E-03  0.00000000E+00  0.00000000E+00  0.00000000E+00  0.00000000E+00  0.00000000E+00  9.40641601E-03  0.00000000E+00  0.00000000E+00 -2.67322045E-02
    2.324000      1   0.00000000E+00  0.00000000E+00  3.15242617E-03  0.00000000E+00  0.00000000E+00  0.00000000E+00  0.00000000E+00  0.00000000E+00  9.37992964E-03  0.00000000E+00  0.00000000E+00 -2.64863724E-02
    2.325000      1   0.00000000E+00  0.00000000E+00  3.15756622E-03  0.00000000E+00  0.00000000E+00  0.00000000E+00  0.00000000E+00  0.00000000E+00  9.35368439E-03  0.00000000E+00  0.00000000E+00 -2.62452521E-02
    2.326000      1   0.00000000E+00  0.00000000E+00  3.15223551E-03  0.00000000E+00  0.00000000E+00  0.00000000E+00  0.00000000E+00  0.00000000E+00  9.32767518E-03  0.00000000E+00  0.00000000E+00 -2.60092018E-02
    2.327000      1   0.00000000E+00  0.00000000E+00  3.16258673E-03  0.00000000E+00  0.00000000E+00  0.00000000E+00  0.00000000E+00  0.00000000E+00  9.30190278E-03  0.00000000E+00  0.00000000E+00 -2.57724061E-02
    2.328000      1   0.00000000E+00  0.00000000E+00  3.15867545E-03  0.00000000E+00  0.00000000E+00  0.00000000E+00  0.00000000E+00  0.00000000E+00  9.27636725E-03  0.00000000E+00  0.00000000E+00 -2.55355306E-02
    2.329000      1   0.00000000E+00  0.00000000E+00  3.18073676E-03  0.00000000E+00  0.00000000E+00  0.00000000E+00  0.00000000E+00  0.00000000E+00  9.25107130E-03  0.00000000E+00  0.00000000E+00 -2.52959473E-02
    2.330000      1   0.00000000E+00  0.00000000E+00  3.19395001E-03  0.00000000E+00  0.00000000E+00  0.00000000E+00  0.00000000E+00  0.00000000E+00  9.22601755E-03  0.00000000E+00  0.00000000E+00 -2.50537472E-02
    2.331000      1   0.00000000E+00  0.00000000E+00  3.18556192E-03  0.00000000E+00  0.00000000E+00  0.00000000E+00  0.00000000E+00  0.00000000E+00  9.20121559E-03  0.00000000E+00  0.00000000E+00 -2.48019652E-02
    2.332000      1   0.00000000E+00  0.00000000E+00  3.17499415E-03  0.00000000E+00  0.00000000E+00  0.00000000E+00  0.00000000E+00  0.00000000E+00  9.17666826E-03  0.00000000E+00  0.00000000E+00 -2.45473271E-02
    2.333000      1   0.00000000E+00  0.00000000E+00  3.17445663E-03  0.00000000E+00  0.00000000E+00  0.00000000E+00  0.00000000E+00  0.00000000E+00  9.15237095E-03  0.00000000E+00  0.00000000E+00 -2.42973126E-02
    2.334000      1   0.00000000E+00  0.00000000E+00  3.18225646E-03  0.00000000E+00  0.00000000E+00  0.00000000E+00  0.00000000E+00  0.00000000E+00  9.12832008E-03  0.00000000E+00  0.00000000E+00 -2.40508638E-02
    2.335000      1   0.00000000E+00  0.00000000E+00  3.17044126E-03  0.00000000E+00  0.00000000E+00  0.00000000E+00  0.00000000E+00  0.00000000E+00  9.10451687E-03  0.00000000E+00  0.00000000E+00 -2.38032122E-02
    2.336000      1   0.00000000E+00  0.00000000E+00  3.17220552E-03  0.00000000E+00  0.00000000E+00  0.00000000E+00  0.00000000E+00  0.00000000E+00  9.08096178E-03  0.00000000E+00  0.00000000E+00 -2.35550883E-02
    2.337000      1   0.00000000E+00  0.00000000E+00  3.16144062E-03  0.00000000E+00  0.00000000E+00  0.00000000E+00  0.00000000E+00  0.00000000E+00  9.05765125E-03  0.00000000E+00  0.00000000E+00 -2.33105328E-02
    2.338000      1   0.00000000E+00  0.00000000E+00  3.17680689E-03  0.00000000E+00  0.00000000E+00  0.00000000E+00  0.00000000E+00  0.00000000E+00  9.03458395E-03  0.00000000E+00  0.00000000E+00 -2.30673016E-02
    2.339000      1   0.00000000E+00  0.00000000E+00  3.16275137E-03  0.00000000E+00  0.00000000E+00  0.00000000E+00  0.00000000E+00  0.00000000E+00  9.01175906E-03  0.00000000E+00  0.00000000E+00 -2.28248883E-02
    2.340000      1   0.00000000E+00  0.00000000E+00  3.17581294E-03  0.00000000E+00  0.00000000E+00  0.00000000E+00  0.00000000E+00  0.00000000E+00  8.98917915E-03  0.00000000E+00  0.00000000E+00 -2.25799141E-02
    2.341000      1   0.00000000E+00  0.00000000E+00  3.17972156E-03  0.00000000E+00  0.00000000E+00  0.00000000E+00  0.00000000E+00  0.00000000E+00  8.96684190E-03  0.00000000E+00  0.00000000E+00 -2.23372461E-02
    2.342000      1   0.00000000E+00  0.00000000E+00  3.18708656E-03  0.00000000E+00  0.00000000E+00  0.00000000E+00  0.00000000E+00  0.00000000E+00  8.94475230E-03  0.00000000E+00  0.00000000E+00 -2.20895973E-02
    2.343000      1   0.00000000E+00  0.00000000E+00  3.18971773E-03  0.00000000E+00  0.00000000E+00  0.00000000E+00  0.00000000E+00  0.00000000E+00  8.92291294E-03  0.00000000E+00  0.00000000E+00 -2.18393625E-02
    2.344000      1   0.00000000E+00  0.00000000E+00  3.17971587E-03  0.00000000E+00  0.00000000E+00  0.00000000E+00  0.00000000E+00  0.00000000E+00  8.90132670E-03  0.00000000E+00  0.00000000E+00 -2.15862435E-02
    2.345000      1   0.00000000E+00  0.00000000E+00  3.17804520E-03  0.00000000E+00  0.00000000E+00  0.00000000E+00  0.00000000E+00  0.00000000E+00  8.87999267E-03  0.00000000E+00  0.00000000E+00 -2.13340292E-02
    2.346000      1   0.00000000E+00  0.00000000E+00  3.17884248E-03  0.00000000E+00  0.00000000E+00  0.00000000E+00  0.00000000E+00  0.00000000E+00  8.85890727E-03  0.00000000E+00  0.00000000E+00 -2.10853951E-02
    2.347000      1   0.00000000E+00  0.00000000E+00  3.17867598E-03  0.00000000E+00  0.00000000E+00  0.00000000E+00  0.00000000E+00  0.00000000E+00  8.83807010E-03  0.00000000E+00  0.00000000E+00 -2.08371687E-02
    2.348000      1   0.00000000E+00  0.00000000E+00  3.17508641E-03  0.00000000E+00  0.00000000E+00  0.00000000E+00  0.00000000E+00  0.00000000E+00  8.81748140E-03  0.00000000E+00  0.00000000E+00 -2.05887098E-02
    2.349000      1   0.00000000E+00  0.00000000E+00  3.15900745E-03  0.00000000E+00  0.00000000E+00  0.00000000E+00  0.00000000E+00  0.00000000E+00  8.79714045E-03  0.00000000E+00  0.00000000E+00 -2.03409405E-02
    2.350000      1   0.00000000E+00  0.00000000E+00  3.15342459E-03  0.00000000E+00  0.00000000E+00  0.00000000E+00  0.00000000E+00  0.00000000E+00  8.77704326E-03  0.00000000E+00  0.00000000E+00 -2.00971933E-02
    2.351000      1   0.00000000E+00  0.00000000E+00  3.16415059E-03  0.00000000E+00  0.00000000E+00  0.00000000E+00  0.00000000E+00  0.00000000E+00  8.75718355E-03  0.00000000E+00  0.00000000E+00 -1.98597141E-02
    2.352000      1   0.00000000E+00  0.00000000E+00  3.16135227E-03  0.00000000E+00  0.00000000E+00  0.00000000E+00  0.00000000E+00  0.00000000E+00  8.73756138E-03  0.00000000E+00  0.00000000E+00 -1.96221715E-02
    2.353000      1   0.00000000E+00  0.00000000E+00  3.15820086E-03  0.00000000E+00  0.00000000E+00  0.00000000E+00  0.00000000E+00  0.00000000E+00  8.71817977E-03  0.00000000E+00  0.00000000E+00 -1.93816012E-02
    2.354000      1   0.00000000E+00  0.00000000E+00  3.17251244E-03  0.00000000E+00  0.00000000E+00  0.00000000E+00  0.00000000E+00  0.00000000E+00  8.69903727E-03  0.00000000E+00  0.00000000E+00 -1.91425072E-02
    2.355000      1   0.00000000E+00  0.00000000E+00  3.17894277E-03  0.00000000E+00  0.00000000E+00  0.00000000E+00  0.00000000E+00  0.00000000E+00  8.68013535E-03  0.00000000E+00  0.00000000E+00 -1.89019174E-02
    2.356000      1   0.00000000E+00  0.00000000E+00  3.16768615E-03  0.00000000E+00  0.00000000E+00  0.00000000E+00  0.00000000E+00  0.00000000E+00  8.66147986E-03  0.00000000E+00  0.00000000E+00 -1.86554902E-02
    2.357000      1   0.00000000E+00  0.00000000E+00  3.17314329E-03  0.00000000E+00  0.00000000E+00  0.00000000E+00  0.00000000E+00  0.00000000E+00  8.64307092E-03  0.00000000E+00  0.00000000E+00 -1.84089419E-02
    2.358000      1   0.00000000E+00  0.00000000E+00  3.15937930E-03  0.00000000E+00  0.00000000E+00  0.00000000E+00  0.00000000E+00  0.00000000E+00  8.62490579E-03  0.00000000E+00  0.00000000E+00 -1.81651254E-02
    2.359000      1   0.00000000E+00  0.00000000E+00  3.16069886E-03  0.00000000E+00  0.00000000E+00  0.00000000E+00  0.00000000E+00  0.00000000E+00  8.60698384E-03  0.00000000E+00  0.00000000E+00 -1.79219506E-02
    2.360000      1   0.00000000E+00  0.00000000E+00  3.16110962E-03  0.00000000E+00  0.00000000E+00  0.00000000E+00  0.00000000E+00  0.00000000E+00  8.58930078E-03  0.00000000E+00  0.00000000E+00 -1.76830628E-02
    2.361000      1   0.00000000E+00  0.00000000E+00  3.15461910E-03  0.00000000E+00  0.00000000E+00  0.00000000E+00  0.00000000E+00  0.00000000E+00  8.57185711E-03  0.00000000E+00  0.00000000E+00 -1.74436691E-02
    2.362000      1   0.00000000E+00  0.00000000E+00  3.14820115E-03  0.00000000E+00  0.00000000E+00  0.00000000E+00  0.00000000E+00  0.00000000E+00  8.55465182E-03  0.00000000E+00  0.00000000E+00 -1.72052882E-02
    2.363000      1   0.00000000E+00  0.00000000E+00  3.14730586E-03  0.00000000E+00  0.00000000E+00  0.00000000E+00  0.00000000E+00  0.00000000E+00  8.53768165E-03  0.00000000E+00  0.00000000E+00 -1.69701738E-02
    2.364000      1   0.00000000E+00  0.00000000E+00  3.13483722E-03  0.00000000E+00  0.00000000E+00  0.00000000E+00  0.00000000E+00  0.00000000E+00  8.52094432E-03  0.00000000E+00  0.00000000E+00 -1.67373255E-02
    2.365000      1   0.00000000E+00  0.00000000E+00  3.13152564E-03  0.00000000E+00  0.00000000E+00  0.00000000E+00  0.00000000E+00  0.00000000E+00  8.50443735E-03  0.00000000E+00  0.00000000E+00 -1.65069761E-02
    2.366000      1   0.00000000E+00  0.00000000E+00  3.12916932E-03  0.00000000E+00  0.00000000E+00  0.00000000E+00  0.00000000E+00  0.00000000E+00  8.48815604E-03  0.00000000E+00  0.00000000E+00 -1.62813073E-02
    2.367000      1   0.00000000E+00  0.00000000E+00  3.12749767E-03  0.00000000E+00  0.00000000E+00  0.00000000E+00  0.00000000E+00  0.00000000E+00  8.47209890E-03  0.00000000E+00  0.00000000E+00 -1.60571427E-02
    2.368000      1   0.00000000E+00  0.00000000E+00  3.12211710E-03  0.00000000E+00  0.00000000E+00  0.00000000E+00  0.00000000E+00  0.00000000E+00  8.45626485E-03  0.00000000E+00  0.00000000E+00 -1.58340476E-02
    2.369000      1   0.00000000E+00  0.00000000E+00  3.12354499E-03  0.00000000E+00  0.00000000E+00  0.00000000E+00  0.00000000E+00  0.00000000E+00  8.44065240E-03  0.00000000E+00  0.00000000E+00 -1.56124530E-02
    2.370000      1   0.00000000E+00  0.00000000E+00  3.12715068E-03  0.00000000E+00  0.00000000E+00  0.00000000E+00  0.00000000E+00  0.00000000E+00  8.42526002E-03  0.00000000E+00  0.00000000E+00 -1.53923729E-02
    2.371000      1   0.00000000E+00  0.00000000E+00  3.12378866E-03  0.00000000E+00  0.00000000E+00  0.00000000E+00  0.00000000E+00  0.00000000E+00  8.41008884E-03  0.00000000E+00  0.00000000E+00 -1.51711863E-02
    2.372000      1   0.00000000E+00  0.00000000E+00  3.12315197E-03  0.00000000E+00  0.00000000E+00  0.00000000E+00  0.00000000E+00  0.00000000E+00  8.39513943E-03  0.00000000E+00  0.00000000E+00 -1.49494100E-02
    2.373000      1   0.00000000E+00  0.00000000E+00  3.10974652E-03  0.00000000E+00  0.00000000E+00  0.00000000E+00  0.00000000E+00  0.00000000E+00  8.38041058E-03  0.00000000E+00  0.00000000E+00 -1.47288505E-02
    2.374000      1   0.00000000E+00  0.00000000E+00  3.11892751E-03  0.00000000E+00  0.00000000E+00  0.00000000E+00  0.00000000E+00  0.00000000E+00  8.36589971E-03  0.00000000E+00  0.00000000E+00 -1.45108707E-02
    2.375000      1   0.00000000E+00  0.00000000E+00  3.11262177E-03  0.00000000E+00  0.00000000E+00  0.00000000E+00  0.00000000E+00  0.00000000E+00  8.35160404E-03  0.00000000E+00  0.00000000E+00 -1.42956698E-02
    2.376000      1   0.00000000E+00  0.00000000E+00  3.09722492E-03  0.00000000E+00  0.00000000E+00  0.00000000E+00  0.00000000E+00  0.00000000E+00  8.33752547E-03  0.00000000E+00  0.00000000E+00 -1.40785689E-02
    2.377000      1   0.00000000E+00  0.00000000E+00  3.09109928E-03  0.00000000E+00  0.00000000E+00  0.00000000E+00  0.00000000E+00  0.00000000E+00  8.32365920E-03  0.00000000E+00  0.00000000E+00 -1.38662617E-02
    2.378000      1   0.00000000E+00  0.00000000E+00  3.09309775E-03  0.00000000E+00  0.00000000E+00  0.00000000E+00  0.00000000E+00  0.00000000E+00  8.30999911E-03  0.00000000E+00  0.00000000E+00 -1.36600942E-02
    2.379000      1   0.00000000E+00  0.00000000E+00  3.09262306E-03  0.00000000E+00  0.00000000E+00  0.00000000E+00  0.00000000E+00  0.00000000E+00  8.29654353E-03  0.00000000E+00  0.00000000E+00 -1.34555851E-02
    2.380000      1   0.00000000E+00  0.00000000E+00  3.09054935E-03  0.00000000E+00  0.00000000E+00  0.00000000E+00  0.00000000E+00  0.00000000E+00  8.28329302E-03  0.00000000E+00  0.00000000E+00 -1.32505037E-02
    2.381000      1   0.00000000E+00  0.00000000E+00  3.07910278E-03  0.00000000E+00  0.00000000E+00  0.00000000E+00  0.00000000E+00  0.00000000E+00  8.27024708E-03  0.00000000E+00  0.00000000E+00 -1.30459448E-02
    2.382000      1   0.00000000E+00  0.00000000E+00  3.07042653E-03  0.00000000E+00  0.00000000E+00  0.00000000E+00  0.00000000E+00  0.00000000E+00  8.25740299E-03  0.00000000E+00  0.00000000E+00 -1.28440912E-02
    2.383000      1   0.00000000E+00  0.00000000E+00  3.06217126E-03  0.00000000E+00  0.00000000E+00  0.00000000E+00  0.00000000E+00  0.00000000E+00  8.24475545E-03  0.00000000E+00  0.00000000E+00 -1.26475310E-02
    2.384000      1   0.00000000E+00  0.00000000E+00  3.05540945E-03  0.00000000E+00  0.00000000E+00  0.00000000E+00  0.00000000E+00  0.00000000E+00  8.23230017E-03  0.00000000E+00  0.00000000E+00 -1.24552802E-02
    2.385000      1   0.00000000E+00  0.00000000E+00  3.04952029E-03  0.00000000E+00  0.00000000E+00  0.00000000E+00  0.00000000E+00  0.00000000E+00  8.22003324E-03  0.00000000E+00  0.00000000E+00 -1.22669362E-02
    2.386000      1   0.00000000E+00  0.00000000E+00  3.05049071E-03  0.00000000E+00  0.00000000E+00  0.00000000E+00  0.00000000E+00  0.00000000E+00  8.20795138E-03  0.00000000E+00  0.00000000E+00 -1.20818544E-02
    2.387000      1   0.00000000E+00  0.00000000E+00  3.04762427E-03  0.00000000E+00  0.00000000E+00  0.00000000E+00  0.00000000E+00  0.00000000E+00  8.19605285E-03  0.00000000E+00  0.00000000E+00 -1.18985350E-02
    2.388000      1   0.00000000E+00  0.00000000E+00  3.04544003E-03  0.00000000E+00  0.00000000E+00  0.00000000E+00  0.00000000E+00  0.00000000E+00  8.18433744E-03  0.00000000E+00  0.00000000E+00 -1.17154039E-02
    2.389000      1   0.00000000E+00  0.00000000E+00  3.03554487E-03  0.00000000E+00  0.00000000E+00  0.00000000E+00  0.00000000E+00  0.00000000E+00  8.17280384E-03  0.00000000E+00  0.00000000E+00 -1.15336004E-02
    2.390000      1   0.00000000E+00  0.00000000E+00  3.04016269E-03  0.00000000E+00  0.00000000E+00  0.00000000E+00  0.00000000E+00  0.00000000E+00  8.16144958E-03  0.00000000E+00  0.00000000E+00 -1.13542640E-02
    2.391000      1   0.00000000E+00  0.00000000E+00  3.03784006E-03  0.00000000E+00  0.00000000E+00  0.00000000E+00  0.00000000E+00  0.00000000E+00  8.15027222E-03  0.00000000E+00  0.00000000E+00 -1.11773608E-02
    2.392000      1   0.00000000E+00  0.00000000E+00  3.04337948E-03  0.00000000E+00  0.00000000E+00  0.00000000E+00  0.00000000E+00  0.00000000E+00  8.13927287E-03  0.00000000E+00  0.00000000E+00 -1.09993517E-02
    2.393000      1   0.00000000E+00  0.00000000E+00  3.03777093E-03  0.00000000E+00  0.00000000E+00  0.00000000E+00  0.00000000E+00  0.00000000E+00  8.12845174E-03  0.00000000E+00  0.00000000E+00 -1.08211259E-02
    2.394000      1   0.00000000E+00  0.00000000E+00  3.03203049E-03  0.00000000E+00  0.00000000E+00  0.00000000E+00  0.00000000E+00  0.00000000E+00  8.11780967E-03  0.00000000E+00  0.00000000E+00 -1.06420726E-02
    2.395000      1   0.00000000E+00  0.00000000E+00  3.02444716E-03  0.00000000E+00  0.00000000E+00  0.00000000E+00  0.00000000E+00  0.00000000E+00  8.10734379E-03  0.00000000E+00  0.00000000E+00 -1.04658764E-02
    2.396000      1   0.00000000E+00  0.00000000E+00  3.01593061E-03  0.00000000E+00  0.00000000E+00  0.00000000E+00  0.00000000E+00  0.00000000E+00  8.09705089E-03  0.00000000E+00  0.00000000E+00 -1.02929065E-02
    2.397000      1   0.00000000E+00  0.00000000E+00  3.01734528E-03  0.00000000E+00  0.00000000E+00  0.00000000E+00  0.00000000E+00  0.00000000E+00  8.08692695E-03  0.00000000E+00  0.00000000E+00 -1.01239331E-02
    2.398000      1   0.00000000E+00  0.00000000E+00  3.01155483E-03  0.00000000E+00  0.00000000E+00  0.00000000E+00  0.00000000E+00  0.00000000E+00  8.07696945E-03  0.00000000E+00  0.00000000E+00 -9.95750647E-03
    2.399000      1   0.00000000E+00  0.00000000E+00  2.99401701E-03  0.00000000E+00  0.00000000E+00  0.00000000E+00  0.00000000E+00  0.00000000E+00  8.06717781E-03  0.00000000E+00  0.00000000E+00 -9.79163925E-03
    2.400000      1   0.00000000E+00  0.00000000E+00  2.98760122E-03  0.00000000E+00  0.00000000E+00  0.00000000E+00  0.00000000E+00  0.00000000E+00  8.05754703E-03  0.00000000E+00  0.00000000E+00 -9.63077506E-03
    2.401000      1   0.00000000E+00  0.00000000E+00  2.99039845E-03  0.00000000E+00  0.00000000E+00  0.00000000E+00  0.00000000E+00  0.00000000E+00  8.04807023E-03  0.00000000E+00  0.00000000E+00 -9.47680511E-03
    2.402000      1   0.00000000E+00  0.00000000E+00  2.98590921E-03  0.00000000E+00  0.00000000E+00  0.00000000E+00  0.00000000E+00  0.00000000E+00  8.03874578E-03  0.00000000E+00  0.00000000E+00 -9.32444755E-03
    2.403000      1   0.00000000E+00  0.00000000E+00  2.98371340E-03  0.00000000E+00  0.00000000E+00  0.00000000E+00  0.00000000E+00  0.00000000E+00  8.02957381E-03  0.00000000E+00  0.00000000E+00 -9.17196521E-03
    2.404000      1   0.00000000E+00  0.00000000E+00  2.98455298E-03  0.00000000E+00  0.00000000E+00  0.00000000E+00  0.00000000E+00  0.00000000E+00  8.02055247E-03  0.00000000E+00  0.00000000E+00 -9.02134551E-03
    2.405000      1   0.00000000E+00  0.00000000E+00  2.98070939E-03  0.00000000E+00  0.00000000E+00  0.00000000E+00  0.00000000E+00  0.00000000E+00  8.01168117E-03  0.00000000E+00  0.00000000E+00 -8.87129847E-03
    2.406000      1   0.00000000E+00  0.00000000E+00  2.96963225E-03  0.00000000E+00  0.00000000E+00  0.00000000E+00  0.00000000E+00  0.00000000E+00  8.00295952E-03  0.00000000E+00  0.00000000E+00 -8.72165539E-03
    2.407000      1   0.00000000E+00  0.00000000E+00  2.96120317E-03  0.00000000E+00  0.00000000E+00  0.00000000E+00  0.00000000E+00  0.00000000E+00  7.99438428E-03  0.00000000E+00  0.00000000E+00 -8.57523348E-03
    2.408000      1   0.00000000E+00  0.00000000E+00  2.95956353E-03  0.00000000E+00  0.00000000E+00  0.00000000E+00  0.00000000E+00  0.00000000E+00  7.98595034E-03  0.00000000E+00  0.00000000E+00 -8.43394006E-03
    2.409000      1   0.00000000E+00  0.00000000E+00  2.95175116E-03  0.00000000E+00  0.00000000E+00  0.00000000E+00  0.00000000E+00  0.00000000E+00  7.97765464E-03  0.00000000E+00  0.00000000E+00 -8.29570482E-03
    2.410000      1   0.00000000E+00  0.00000000E+00  2.93819184E-03  0.00000000E+00  0.00000000E+00  0.00000000E+00  0.00000000E+00  0.00000000E+00  7.96949525E-03  0.00000000E+00  0.00000000E+00 -8.15938960E-03
    2.411000      1   0.00000000E+00  0.00000000E+00  2.92992879E-03  0.00000000E+00  0.00000000E+00  0.00000000E+00  0.00000000E+00  0.00000000E+00  7.96146721E-03  0.00000000E+00  0.00000000E+00 -8.02803789E-03
    2.412000      1   0.00000000E+00  0.00000000E+00  2.92581353E-03  0.00000000E+00  0.00000000E+00  0.00000000E+00  0.00000000E+00  0.00000000E+00  7.95356461E-03  0.00000000E+00  0.00000000E+00 -7.90260049E-03
    2.413000      1   0.00000000E+00  0.00000000E+00  2.91978314E-03  0.00000000E+00  0.00000000E+00  0.00000000E+00  0.00000000E+00  0.00000000E+00  7.94578400E-03  0.00000000E+00  0.00000000E+00 -7.78060454E-03
    2.414000      1   0.00000000E+00  0.00000000E+00  2.91390681E-03  0.00000000E+00  0.00000000E+00  0.00000000E+00  0.00000000E+00  0.00000000E+00  7.93812298E-03  0.00000000E+00  0.00000000E+00 -7.66102650E-03
    2.415000      1   0.00000000E+00  0.00000000E+00  2.92056334E-03  0.00000000E+00  0.00000000E+00  0.00000000E+00  0.00000000E+00  0.00000000E+00  7.93057851E-03  0.00000000E+00  0.00000000E+00 -7.54446810E-03
    2.416000      1   0.00000000E+00  0.00000000E+00  2.91856470E-03  0.00000000E+00  0.00000000E+00  0.00000000E+00  0.00000000E+00  0.00000000E+00  7.92314985E-03  0.00000000E+00  0.00000000E+00 -7.42866245E-03
    2.417000      1   0.00000000E+00  0.00000000E+00  2.91022809E-03  0.00000000E+00  0.00000000E+00  0.00000000E+00  0.00000000E+00  0.00000000E+00  7.91583882E-03  0.00000000E+00  0.00000000E+00 -7.31102412E-03
    2.418000      1   0.00000000E+00  0.00000000E+00  2.90241026E-03  0.00000000E+00  0.00000000E+00  0.00000000E+00  0.00000000E+00  0.00000000E+00  7.90864331E-03  0.00000000E+00  0.00000000E+00 -7.19551642E-03
    2.419000      1   0.00000000E+00  0.00000000E+00  2.90238264E-03  0.00000000E+00  0.00000000E+00  0.00000000E+00  0.00000000E+00  0.00000000E+00  7.90155918E-03  0.00000000E+00  0.00000000E+00 -7.08412907E-03
    2.420000      1   0.00000000E+00  0.00000000E+00  2.89744740E-03  0.00000000E+00  0.00000000E+00  0.00000000E+00  0.00000000E+00  0.00000000E+00  7.89458386E-03  0.00000000E+00  0.00000000E+00 -6.97531411E-03
    2.421000      1   0.00000000E+00  0.00000000E+00  2.89345740E-03  0.00000000E+00  0.00000000E+00  0.00000000E+00  0.00000000E+00  0.00000000E+00  7.88771648E-03  0.00000000E+00  0.00000000E+00 -6.86738096E-03
    2.422000      1   0.00000000E+00  0.00000000E+00  2.88803938E-03  0.00000000E+00  0.00000000E+00  0.00000000E+00  0.00000000E+00  0.00000000E+00  7.88095471E-03  0.00000000E+00  0.00000000E+00 -6.76177420E-03
    2.423000      1   0.00000000E+00  0.00000000E+00  2.88649071E-03  0.00000000E+00  0.00000000E+00  0.00000000E+00  0.00000000E+00  0.00000000E+00  7.87429627E-03  0.00000000E+00  0.00000000E+00 -6.65843593E-03
    2.424000      1   0.00000000E+00  0.00000000E+00  2.88382677E-03  0.00000000E+00  0.00000000E+00  0.00000000E+00  0.00000000E+00  0.00000000E+00  7.86773912E-03  0.00000000E+00  0.00000000E+00 -6.55715089E-03
    2.425000      1   0.00000000E+00  0.00000000E+00  2.87812972E-03  0.00000000E+00  0.00000000E+00  0.00000000E+00  0.00000000E+00  0.00000000E+00  7.86128228E-03  0.00000000E+00  0.00000000E+00 -6.45684554E-03
    2.426000      1   0.00000000E+00  0.00000000E+00  2.87497462E-03  0.00000000E+00  0.00000000E+00  0.00000000E+00  0.00000000E+00  0.00000000E+00  7.85492385E-03  0.00000000E+00  0.00000000E+00 -6.35842253E-03
    2.427000      1   0.00000000E+00  0.00000000E+00  2.87063641E-03  0.00000000E+00  0.00000000E+00  0.00000000E+00  0.00000000E+00  0.00000000E+00  7.84866143E-03  0.00000000E+00  0.00000000E+00 -6.26242846E-03
    2.428000      1   0.00000000E+00  0.00000000E+00  2.87386861E-03  0.00000000E+00  0.00000000E+00  0.00000000E+00  0.00000000E+00  0.00000000E+00  7.84249319E-03  0.00000000E+00  0.00000000E+00 -6.16823774E-03
    2.429000      1   0.00000000E+00  0.00000000E+00  2.86562541E-03  0.00000000E+00  0.00000000E+00  0.00000000E+00  0.00000000E+00  0.00000000E+00  7.83641829E-03  0.00000000E+00  0.00000000E+00 -6.07490017E-03
    2.430000      1   0.00000000E+00  0.00000000E+00  2.85582787E-03  0.00000000E+00  0.00000000E+00  0.00000000E+00  0.00000000E+00  0.00000000E+00  7.83043633E-03  0.00000000E+00  0.00000000E+00 -5.98195882E-03
    2.431000      1   0.00000000E+00  0.00000000E+00  2.84757916E-03  0.00000000E+00  0.00000000E+00  0.00000000E+00  0.00000000E+00  0.00000000E+00  7.82454287E-03  0.00000000E+00  0.00000000E+00 -5.89345724E-03
    2.432000      1   0.00000000E+00  0.00000000E+00  2.84921249E-03  0.00000000E+00  0.00000000E+00  0.00000000E+00  0.00000000E+00  0.00000000E+00  7.81873324E-03  0.00000000E+00  0.00000000E+00 -5.80963201E-03
    2.433000      1   0.00000000E+00  0.00000000E+00  2.85443587E-03  0.00000000E+00  0.00000000E+00  0.00000000E+00  0.00000000E+00  0.00000000E+00  7.81300501E-03  0.00000000E+00  0.00000000E+00 -5.72822694E-03
    2.434000      1   0.00000000E+00  0.00000000E+00  2.84976161E-03  0.00000000E+00  0.00000000E+00  0.00000000E+00  0.00000000E+00  0.00000000E+00  7.80735965E-03  0.00000000E+00  0.00000000E+00 -5.64536177E-03
    2.435000      1   0.00000000E+00  0.00000000E+00  2.84112922E-03  0.00000000E+00  0.00000000E+00  0.00000000E+00  0.00000000E+00  0.00000000E+00  7.80179804E-03  0.00000000E+00  0.00000000E+00 -5.56160776E-03
    2.436000      1   0.00000000E+00  0.00000000E+00  2.83660387E-03  0.00000000E+00  0.00000000E+00  0.00000000E+00  0.00000000E+00  0.00000000E+00  7.79631713E-03  0.00000000E+00  0.00000000E+00 -5.48091538E-03
    2.437000      1   0.00000000E+00  0.00000000E+00  2.82935961E-03  0.00000000E+00  0.00000000E+00  0.00000000E+00  0.00000000E+00  0.00000000E+00  7.79091327E-03  0.00000000E+00  0.00000000E+00 -5.40385827E-03
    2.438000      1   0.00000000E+00  0.00000000E+00  2.82649584E-03  0.00000000E+00  0.00000000E+00  0.00000000E+00  0.00000000E+00  0.00000000E+00  7.78558370E-03  0.00000000E+00  0.00000000E+00 -5.32956841E-03
    2.439000      1   0.00000000E+00  0.00000000E+00  2.82343007E-03  0.00000000E+00  0.00000000E+00  0.00000000E+00  0.00000000E+00  0.00000000E+00  7.78032554E-03  0.00000000E+00  0.00000000E+00 -5.25816411E-03
    2.440000      1   0.00000000E+00  0.00000000E+00  2.82475570E-03  0.00000000E+00  0.00000000E+00  0.00000000E+00  0.00000000E+00  0.00000000E+00  7.77513729E-03  0.00000000E+00  0.00000000E+00 -5.18824245E-03
    2.441000      1   0.00000000E+00  0.00000000E+00  2.82285841E-03  0.00000000E+00  0.00000000E+00  0.00000000E+00  0.00000000E+00  0.00000000E+00  7.77001820E-03  0.00000000E+00  0.00000000E+00 -5.11909322E-03
    2.442000      1   0.00000000E+00  0.00000000E+00  2.81854180E-03  0.00000000E+00  0.00000000E+00  0.00000000E+00  0.00000000E+00  0.00000000E+00  7.76496836E-03  0.00000000E+00  0.00000000E+00 -5.04984415E-03
    2.443000      1   0.00000000E+00  0.00000000E+00  2.81515633E-03  0.00000000E+00  0.00000000E+00  0.00000000E+00  0.00000000E+00  0.00000000E+00  7.75998638E-03  0.00000000E+00  0.00000000E+00 -4.98198152E-03
    2.444000      1   0.00000000E+00  0.00000000E+00  2.81410363E-03  0.00000000E+00  0.00000000E+00  0.00000000E+00  0.00000000E+00  0.00000000E+00  7.75507024E-03  0.00000000E+00  0.00000000E+00 -4.91613521E-03
    2.445000      1   0.00000000E+00  0.00000000E+00  2.80496248E-03  0.00000000E+00  0.00000000E+00  0.00000000E+00  0.00000000E+00  0.00000000E+00  7.75021865E-03  0.00000000E+00  0.00000000E+00 -4.85158690E-03
    2.446000      1   0.00000000E+00  0.00000000E+00  2.81334886E-03  0.00000000E+00  0.00000000E+00  0.00000000E+00  0.00000000E+00  0.00000000E+00  7.74542965E-03  0.00000000E+00  0.00000000E+00 -4.78900082E-03
    2.447000      1   0.00000000E+00  0.00000000E+00  2.81351834E-03  0.00000000E+00  0.00000000E+00  0.00000000E+00  0.00000000E+00  0.00000000E+00  7.74070172E-03  0.00000000E+00  0.00000000E+00 -4.72793379E-03
    2.448000      1   0.00000000E+00  0.00000000E+00  2.81340632E-03  0.00000000E+00  0.00000000E+00  0.00000000E+00  0.00000000E+00  0.00000000E+00  7.73603764E-03  0.00000000E+00  0.00000000E+00 -4.66408258E-03
    2.449000      1   0.00000000E+00  0.00000000E+00  2.81574524E-03  0.00000000E+00  0.00000000E+00  0.00000000E+00  0.00000000E+00  0.00000000E+00  7.73143744E-03  0.00000000E+00  0.00000000E+00 -4.60019552E-03
    2.450000      1   0.00000000E+00  0.00000000E+00  2.80942542E-03  0.00000000E+00  0.00000000E+00  0.00000000E+00  0.00000000E+00  0.00000000E+00  7.72690151E-03  0.00000000E+00  0.00000000E+00 -4.53593164E-03
    2.451000      1   0.00000000E+00  0.00000000E+00  2.80468024E-03  0.00000000E+00  0.00000000E+00  0.00000000E+00  0.00000000E+00  0.00000000E+00  7.72242949E-03  0.00000000E+00  0.00000000E+00 -4.47201721E-03
    2.452000      1   0.00000000E+00  0.00000000E+00  2.80250010E-03  0.00000000E+00  0.00000000E+00  0.00000000E+00  0.00000000E+00  0.00000000E+00  7.71801847E-03  0.00000000E+00  0.00000000E+00 -4.41101744E-03
    2.453000      1   0.00000000E+00  0.00000000E+00  2.79763139E-03  0.00000000E+00  0.00000000E+00  0.00000000E+00  0.00000000E+00  0.00000000E+00  7.71366651E-03  0.00000000E+00  0.00000000E+00 -4.35196158E-03
    2.454000      1   0.00000000E+00  0.00000000E+00  2.79965500E-03  0.00000000E+00  0.00000000E+00  0.00000000E+00  0.00000000E+00  0.00000000E+00  7.70937203E-03  0.00000000E+00  0.00000000E+00 -4.29448270E-03
    2.455000      1   0.00000000E+00  0.00000000E+00  2.79291752E-03  0.00000000E+00  0.00000000E+00  0.00000000E+00  0.00000000E+00  0.00000000E+00  7.70513379E-03  0.00000000E+00  0.00000000E+00 -4.23824492E-03
    2.456000      1   0.00000000E+00  0.00000000E+00  2.78836504E-03  0.00000000E+00  0.00000000E+00  0.00000000E+00  0.00000000E+00  0.00000000E+00  7.70095125E-03  0.00000000E+00  0.00000000E+00 -4.18253400E-03
    2.457000      1   0.00000000E+00  0.00000000E+00  2.78258442E-03  0.00000000E+00  0.00000000E+00  0.00000000E+00  0.00000000E+00  0.00000000E+00  7.69682141E-03  0.00000000E+00  0.00000000E+00 -4.12984083E-03
    2.458000      1   0.00000000E+00  0.00000000E+00  2.78143829E-03  0.00000000E+00  0.00000000E+00  0.00000000E+00  0.00000000E+00  0.00000000E+00  7.69274175E-03  0.00000000E+00  0.00000000E+00 -4.07966500E-03
    2.459000      1   0.00000000E+00  0.00000000E+00  2.78057676E-03  0.00000000E+00  0.00000000E+00  0.00000000E+00  0.00000000E+00  0.00000000E+00  7.68871015E-03  0.00000000E+00  0.00000000E+00 -4.03159029E-03
    2.460000      1   0.00000000E+00  0.00000000E+00  2.77525143E-03  0.00000000E+00  0.00000000E+00  0.00000000E+00  0.00000000E+00  0.00000000E+00  7.68472611E-03  0.00000000E+00  0.00000000E+00 -3.98404434E-03
    2.461000      1   0.00000000E+00  0.00000000E+00  2.77560323E-03  0.00000000E+00  0.00000000E+00  0.00000000E+00  0.00000000E+00  0.00000000E+00  7.68078839E-03  0.00000000E+00  0.00000000E+00 -3.93772305E-03
    2.462000      1   0.00000000E+00  0.00000000E+00  2.77058361E-03  0.00000000E+00  0.00000000E+00  0.00000000E+00  0.00000000E+00  0.00000000E+00  7.67689530E-03  0.00000000E+00  0.00000000E+00 -3.89308847E-03
    2.463000      1   0.00000000E+00  0.00000000E+00  2.77522924E-03  0.00000000E+00  0.00000000E+00  0.00000000E+00  0.00000000E+00  0.00000000E+00  7.67304607E-03  0.00000000E+00  0.00000000E+00 -3.84922602E-03
    2.464000      1   0.00000000E+00  0.00000000E+00  2.77402206E-03  0.00000000E+00  0.00000000E+00  0.00000000E+00  0.00000000E+00  0.00000000E+00  7.66923988E-03  0.00000000E+00  0.00000000E+00 -3.80619056E-03
    2.465000      1   0.00000000E+00  0.00000000E+00  2.77366154E-03  0.00000000E+00  0.00000000E+00  0.00000000E+00  0.00000000E+00  0.00000000E+00  7.66547804E-03  0.00000000E+00  0.00000000E+00 -3.76184288E-03
    2.466000      1   0.00000000E+00  0.00000000E+00  2.77461783E-03  0.00000000E+00  0.00000000E+00  0.00000000E+00  0.00000000E+00  0.00000000E+00  7.66176008E-03  0.00000000E+00  0.00000000E+00 -3.71795540E-03
    2.467000      1   0.00000000E+00  0.00000000E+00  2.77126547E-03  0.00000000E+00  0.00000000E+00  0.00000000E+00  0.00000000E+00  0.00000000E+00  7.65808607E-03  0.00000000E+00  0.00000000E+00 -3.67401722E-03
    2.468000      1   0.00000000E+00  0.00000000E+00  2.77541138E-03  0.00000000E+00  0.00000000E+00  0.00000000E+00  0.00000000E+00  0.00000000E+00  7.65445571E-03  0.00000000E+00  0.00000000E+00 -3.63035781E-03
    2.469000      1   0.00000000E+00  0.00000000E+00  2.77416093E-03  0.00000000E+00  0.00000000E+00  0.00000000E+00  0.00000000E+00  0.00000000E+00  7.65086864E-03  0.00000000E+00  0.00000000E+00 -3.58706621E-03
    2.470000      1   0.00000000E+00  0.00000000E+00  2.77614922E-03  0.00000000E+00  0.00000000E+00  0.00000000E+00  0.00000000E+00  0.00000000E+00  7.64732601E-03  0.00000000E+00  0.00000000E+00 -3.54263415E-03
    2.471000      1   0.00000000E+00  0.00000000E+00  2.77689559E-03  0.00000000E+00  0.00000000E+00  0.00000000E+00  0.00000000E+00  0.00000000E+00  7.64382775E-03  0.00000000E+00  0.00000000E+00 -3.49826115E-03
    2.472000      1   0.00000000E+00  0.00000000E+00  2.77512323E-03  0.00000000E+00  0.00000000E+00  0.00000000E+00  0.00000000E+00  0.00000000E+00  7.64037464E-03  0.00000000E+00  0.00000000E+00 -3.45310319E-03
    2.473000      1   0.00000000E+00  0.00000000E+00  2.77316429E-03  0.00000000E+00  0.00000000E+00  0.00000000E+00  0.00000000E+00  0.00000000E+00  7.63696663E-03  0.00000000E+00  0.00000000E+00 -3.40801352E-03
    2.474000      1   0.00000000E+00  0.00000000E+00  2.77827283E-03  0.00000000E+00  0.00000000E+00  0.00000000E+00  0.00000000E+00  0.00000000E+00  7.63360278E-03  0.00000000E+00  0.00000000E+00 -3.36385234E-03
    2.475000      1   0.00000000E+00  0.00000000E+00  2.77583408E-03  0.00000000E+00  0.00000000E+00  0.00000000E+00  0.00000000E+00  0.00000000E+00  7.63028335E-03  0.00000000E+00  0.00000000E+00 -3.31943112E-03
    2.476000      1   0.00000000E+00  0.00000000E+00  2.77391364E-03  0.00000000E+00  0.00000000E+00  0.00000000E+00  0.00000000E+00  0.00000000E+00  7.62700958E-03  0.00000000E+00  0.00000000E+00 -3.27376345E-03
    2.477000      1   0.00000000E+00  0.00000000E+00  2.77273200E-03  0.00000000E+00  0.00000000E+00  0.00000000E+00  0.00000000E+00  0.00000000E+00  7.62378035E-03  0.00000000E+00  0.00000000E+00 -3.22923630E-03
    2.478000      1   0.00000000E+00  0.00000000E+00  2.76913313E-03  0.00000000E+00  0.00000000E+00  0.00000000E+00  0.00000000E+00  0.00000000E+00  7.62059480E-03  0.00000000E+00  0.00000000E+00 -3.18554882E-03
    2.479000      1   0.00000000E+00  0.00000000E+00  2.76880626E-03  0.00000000E+00  0.00000000E+00  0.00000000E+00  0.00000000E+00  0.00000000E+00  7.61745191E-03  0.00000000E+00  0.00000000E+00 -3.14288582E-03
    2.480000      1   0.00000000E+00  0.00000000E+00  2.76857151E-03  0.00000000E+00  0.00000000E+00  0.00000000E+00  0.00000000E+00  0.00000000E+00  7.61435045E-03  0.00000000E+00  0.00000000E+00 -3.10146255E-03
    2.481000      1   0.00000000E+00  0.00000000E+00  2.76720804E-03  0.00000000E+00  0.00000000E+00  0.00000000E+00  0.00000000E+00  0.00000000E+00  7.61129026E-03  0.00000000E+00  0.00000000E+00 -3.06018814E-03
    2.482000      1   0.00000000E+00  0.00000000E+00  2.76466760E-03  0.00000000E+00  0.00000000E+00  0.00000000E+00  0.00000000E+00  0.00000000E+00  7.60827103E-03  0.00000000E+00  0.00000000E+00 -3.01923194E-03
    2.483000      1   0.00000000E+00  0.00000000E+00  2.76380210E-03  0.00000000E+00  0.00000000E+00  0.00000000E+00  0.00000000E+00  0.00000000E+00  7.60529186E-03  0.00000000E+00  0.00000000E+00 -2.97917277E-03
    2.484000      1   0.00000000E+00  0.00000000E+00  2.76341411E-03  0.00000000E+00  0.00000000E+00  0.00000000E+00  0.00000000E+00  0.00000000E+00  7.60235176E-03  0.00000000E+00  0.00000000E+00 -2.94010098E-03
    2.485000      1   0.00000000E+00  0.00000000E+00  2.76445181E-03  0.00000000E+00  0.00000000E+00  0.00000000E+00  0.00000000E+00  0.00000000E+00  7.59945037E-03  0.00000000E+00  0.00000000E+00 -2.90138204E-03
    2.486000      1   0.00000000E+00  0.00000000E+00  2.76243296E-03  0.00000000E+00  0.00000000E+00  0.00000000E+00  0.00000000E+00  0.00000000E+00  7.59658777E-03  0.00000000E+00  0.00000000E+00 -2.86260702E-03
    2.487000      1   0.00000000E+00  0.00000000E+00  2.75781433E-03  0.00000000E+00  0.00000000E+00  0.00000000E+00  0.00000000E+00  0.00000000E+00  7.59376392E-03  0.00000000E+00  0.00000000E+00 -2.82384821E-03
    2.488000      1   0.00000000E+00  0.00000000E+00  2.76234092E-03  0.00000000E+00  0.00000000E+00  0.00000000E+00  0.00000000E+00  0.00000000E+00  7.59097735E-03  0.00000000E+00  0.00000000E+00 -2.78656917E-03
    2.489000      1   0.00000000E+00  0.00000000E+00  2.75998641E-03  0.00000000E+00  0.00000000E+00  0.00000000E+00  0.00000000E+00  0.00000000E+00  7.58822734E-03  0.00000000E+00  0.00000000E+00 -2.75000649E-03
    2.490000      1   0.00000000E+00  0.00000000E+00  2.76281236E-03  0.00000000E+00  0.00000000E+00  0.00000000E+00  0.00000000E+00  0.00000000E+00  7.58551497E-03  0.00000000E+00  0.00000000E+00 -2.71237357E-03
    2.491000      1   0.00000000E+00  0.00000000E+00  2.75784948E-03  0.00000000E+00  0.00000000E+00  0.00000000E+00  0.00000000E+00  0.00000000E+00  7.58283996E-03  0.00000000E+00  0.00000000E+00 -2.67501418E-03
    2.492000      1   0.00000000E+00  0.00000000E+00  2.75730310E-03  0.00000000E+00  0.00000000E+00  0.00000000E+00  0.00000000E+00  0.00000000E+00  7.58020235E-03  0.00000000E+00  0.00000000E+00 -2.63760432E-03
    2.493000      1   0.00000000E+00  0.00000000E+00  2.76018212E-03  0.00000000E+00  0.00000000E+00  0.00000000E+00  0.00000000E+00  0.00000000E+00  7.57760043E-03  0.00000000E+00  0.00000000E+00 -2.60192098E-03
    2.494000      1   0.00000000E+00  0.00000000E+00  2.75755777E-03  0.00000000E+00  0.00000000E+00  0.00000000E+00  0.00000000E+00  0.00000000E+00  7.57503452E-03  0.00000000E+00  0.00000000E+00 -2.56590795E-03
    2.495000      1   0.00000000E+00  0.00000000E+00  2.75911138E-03  0.00000000E+00  0.00000000E+00  0.00000000E+00  0.00000000E+00  0.00000000E+00  7.57250511E-03  0.00000000E+00  0.00000000E+00 -2.52941349E-03
    2.496000      1   0.00000000E+00  0.00000000E+00  2.75401106E-03  0.00000000E+00  0.00000000E+00  0.00000000E+00  0.00000000E+00  0.00000000E+00  7.57001160E-03  0.00000000E+00  0.00000000E+00 -2.49350618E-03
    2.497000      1   0.00000000E+00  0.00000000E+00  2.75615502E-03  0.00000000E+00  0.00000000E+00  0.00000000E+00  0.00000000E+00  0.00000000E+00  7.56755361E-03  0.00000000E+00  0.00000000E+00 -2.45799057E-03
    2.498000      1   0.00000000E+00  0.00000000E+00  2.75566036E-03  0.00000000E+00  0.00000000E+00  0.00000000E+00  0.00000000E+00  0.00000000E+00  7.56512984E-03  0.00000000E+00  0.00000000E+00 -2.42377084E-03
    2.499000      1   0.00000000E+00  0.00000000E+00  2.75385192E-03  0.00000000E+00  0.00000000E+00  0.00000000E+00  0.00000000E+00  0.00000000E+00  7.56274091E-03  0.00000000E+00  0.00000000E+00 -2.38893448E-03
    2.500000      1   0.00000000E+00  0.00000000E+00  2.75190876E-03  0.00000000E+00  0.00000000E+00  0.00000000E+00  0.00000000E+00  0.00000000E+00  7.56038633E-03  0.00000000E+00  0.00000000E+00 -2.35458038E-03
    2.501000      1   0.00000000E+00  0.00000000E+00  2.75047308E-03  0.00000000E+00  0.00000000E+00  0.00000000E+00  0.00000000E+00  0.00000000E+00  7.55806516E-03  0.00000000E+00  0.00000000E+00 -2.32116382E-03
    2.502000      1   0.00000000E+00  0.00000000E+00  2.74946626E-03  0.00000000E+00  0.00000000E+00  0.00000000E+00  0.00000000E+00  0.00000000E+00  7.55577652E-03  0.00000000E+00  0.00000000E+00 -2.28863930E-03
    2.503000      1   0.00000000E+00  0.00000000E+00  2.74722364E-03  0.00000000E+00  0.00000000E+00  0.00000000E+00  0.00000000E+00  0.00000000E+00  7.55351976E-03  0.00000000E+00  0.00000000E+00 -2.25676433E-03
    2.504000      1   0.00000000E+00  0.00000000E+00  2.74562713E-03  0.00000000E+00  0.00000000E+00  0.00000000E+00  0.00000000E+00  0.00000000E+00  7.55129414E-03  0.00000000E+00  0.00000000E+00 -2.22561660E-03
    2.505000      1   0.00000000E+00  0.00000000E+00  2.74457526E-03  0.00000000E+00  0.00000000E+00  0.00000000E+00  0.00000000E+00  0.00000000E+00  7.54909866E-03  0.00000000E+00  0.00000000E+00 -2.19548770E-03
    2.506000      1   0.00000000E+00  0.00000000E+00  2.74323545E-03  0.00000000E+00  0.00000000E+00  0.00000000E+00  0.00000000E+00  0.00000000E+00  7.54693259E-03  0.00000000E+00  0.00000000E+00 -2.16606914E-03
    2.507000      1   0.00000000E+00  0.00000000E+00  2.74162564E-03  0.00000000E+00  0.00000000E+00  0.00000000E+00  0.00000000E+00  0.00000000E+00  7.54479535E-03  0.00000000E+00  0.00000000E+00 -2.13723295E-03
    2.508000      1   0.00000000E+00  0.00000000E+00  2.74042573E-03  0.00000000E+00  0.00000000E+00  0.00000000E+00  0.00000000E+00  0.00000000E+00  7.54268623E-03  0.00000000E+00  0.00000000E+00 -2.10912146E-03
    2.509000      1   0.00000000E+00  0.00000000E+00  2.74102855E-03  0.00000000E+00  0.00000000E+00  0.00000000E+00  0.00000000E+00  0.00000000E+00  7.54060448E-03  0.00000000E+00  0.00000000E+00 -2.08175084E-03
    2.510000      1   0.00000000E+00  0.00000000E+00  2.74226602E-03  0.00000000E+00  0.00000000E+00  0.00000000E+00  0.00000000E+00  0.00000000E+00  7.53854981E-03  0.00000000E+00  0.00000000E+00 -2.05466768E-03
    2.511000      1   0.00000000E+00  0.00000000E+00  2.74378650E-03  0.00000000E+00  0.00000000E+00  0.00000000E+00  0.00000000E+00  0.00000000E+00  7.53652265E-03  0.00000000E+00  0.00000000E+00 -2.02716772E-03
    2.512000      1   0.00000000E+00  0.00000000E+00  2.74097538E-03  0.00000000E+00  0.00000000E+00  0.00000000E+00  0.00000000E+00  0.00000000E+00  7.53452365E-03  0.00000000E+00  0.00000000E+00 -1.99899248E-03
    2.513000      1   0.00000000E+00  0.00000000E+00  2.74043513E-03  0.00000000E+00  0.00000000E+00  0.00000000E+00  0.00000000E+00  0.00000000E+00  7.53255284E-03  0.00000000E+00  0.00000000E+00 -1.97081500E-03
    2.514000      1   0.00000000E+00  0.00000000E+00  2.74068872E-03  0.00000000E+00  0.00000000E+00  0.00000000E+00  0.00000000E+00  0.00000000E+00  7.53060918E-03  0.00000000E+00  0.00000000E+00 -1.94365628E-03
    2.515000      1   0.00000000E+00  0.00000000E+00  2.74168419E-03  0.00000000E+00  0.00000000E+00  0.00000000E+00  0.00000000E+00  0.00000000E+00  7.52869255E-03  0.00000000E+00  0.00000000E+00 -1.91663013E-03
    2.516000      1   0.00000000E+00  0.00000000E+00  2.74047331E-03  0.00000000E+00  0.00000000E+00  0.00000000E+00  0.00000000E+00  0.00000000E+00  7.52680321E-03  0.00000000E+00  0.00000000E+00 -1.88934467E-03
    2.517000      1   0.00000000E+00  0.00000000E+00  2.73961638E-03  0.00000000E+00  0.00000000E+00  0.00000000E+00  0.00000000E+00  0.00000000E+00  7.52494126E-03  0.00000000E+00  0.00000000E+00 -1.86194640E-03
    2.518000      1   0.00000000E+00  0.00000000E+00  2.73772835E-03  0.00000000E+00  0.00000000E+00  0.00000000E+00  0.00000000E+00  0.00000000E+00  7.52310616E-03  0.00000000E+00  0.00000000E+00 -1.83509735E-03
    2.519000      1   0.00000000E+00  0.00000000E+00  2.73784949E-03  0.00000000E+00  0.00000000E+00  0.00000000E+00  0.00000000E+00  0.00000000E+00  7.52129730E-03  0.00000000E+00  0.00000000E+00 -1.80886360E-03
    2.520000      1   0.00000000E+00  0.00000000E+00  2.73756951E-03  0.00000000E+00  0.00000000E+00  0.00000000E+00  0.00000000E+00  0.00000000E+00  7.51951407E-03  0.00000000E+00  0.00000000E+00 -1.78322849E-03
    2.521000      1   0.00000000E+00  0.00000000E+00  2.73807941E-03  0.00000000E+00  0.00000000E+00  0.00000000E+00  0.00000000E+00  0.00000000E+00  7.51775647E-03  0.00000000E+00  0.00000000E+00 -1.75760310E-03
    2.522000      1   0.00000000E+00  0.00000000E+00  2.73740921E-03  0.00000000E+00  0.00000000E+00  0.00000000E+00  0.00000000E+00  0.00000000E+00  7.51602449E-03  0.00000000E+00  0.00000000E+00 -1.73197949E-03
    2.523000      1   0.00000000E+00  0.00000000E+00  2.73654420E-03  0.00000000E+00  0.00000000E+00  0.00000000E+00  0.00000000E+00  0.00000000E+00  7.51431818E-03  0.00000000E+00  0.00000000E+00 -1.70630695E-03
    2.524000      1   0.00000000E+00  0.00000000E+00  2.73528517E-03  0.00000000E+00  0.00000000E+00  0.00000000E+00  0.00000000E+00  0.00000000E+00  7.51263717E-03  0.00000000E+00  0.00000000E+00 -1.68100747E-03
    2.525000      1   0.00000000E+00  0.00000000E+00  2.73455200E-03  0.00000000E+00  0.00000000E+00  0.00000000E+00  0.00000000E+00  0.00000000E+00  7.51098096E-03  0.00000000E+00  0.00000000E+00 -1.65621472E-03
    2.526000      1   0.00000000E+00  0.00000000E+00  2.73310137E-03  0.00000000E+00  0.00000000E+00  0.00000000E+00  0.00000000E+00  0.00000000E+00  7.50934899E-03  0.00000000E+00  0.00000000E+00 -1.63196511E-03
    2.527000      1   0.00000000E+00  0.00000000E+00  2.73271294E-03  0.00000000E+00  0.00000000E+00  0.00000000E+00  0.00000000E+00  0.00000000E+00  7.50774078E-03  0.00000000E+00  0.00000000E+00 -1.60821281E-03
    2.528000      1   0.00000000E+00  0.00000000E+00  2.73201889E-03  0.00000000E+00  0.00000000E+00  0.00000000E+00  0.00000000E+00  0.00000000E+00  7.50615578E-03  0.00000000E+00  0.00000000E+00 -1.58500561E-03
    2.529000      1   0.00000000E+00  0.00000000E+00  2.73180972E-03  0.00000000E+00  0.00000000E+00  0.00000000E+00  0.00000000E+00  0.00000000E+00  7.50459373E-03  0.00000000E+00  0.00000000E+00 -1.56204871E-03
    2.530000      1   0.00000000E+00  0.00000000E+00  2.73056608E-03  0.00000000E+00  0.00000000E+00  0.00000000E+00  0.00000000E+00  0.00000000E+00  7.50305437E-03  0.00000000E+00  0.00000000E+00 -1.53935674E-03
    2.531000      1   0.00000000E+00  0.00000000E+00  2.73019753E-03  0.00000000E+00  0.00000000E+00  0.00000000E+00  0.00000000E+00  0.00000000E+00  7.50153742E-03  0.00000000E+00  0.00000000E+00 -1.51695338E-03
    2.532000      1   0.00000000E+00  0.00000000E+00  2.73108042E-03  0.00000000E+00  0.00000000E+00  0.00000000E+00  0.00000000E+00  0.00000000E+00  7.50004239E-03  0.00000000E+00  0.00000000E+00 -1.49502363E-03
    2.533000      1   0.00000000E+00  0.00000000E+00  4.67080757E-04  0.00000000E+00  0.00000000E+00  0.00000000E+00  0.00000000E+00  0.00000000E+00  7.50000000E-03  0.00000000E+00  0.00000000E+00 -4.23932276E-05
    2.534000      1   0.00000000E+00  0.00000000E+00  1.39589344E-03  0.00000000E+00  0.00000000E+00  0.00000000E+00  0.00000000E+00  0.00000000E+00  7.50000000E-03  0.00000000E+00  0.00000000E+00 -1.08420217E-19
    2.535000      1   0.00000000E+00  0.00000000E+00  1.51103919E-03  0.00000000E+00  0.00000000E+00  0.00000000E+00  0.00000000E+00  0.00000000E+00  7.50000000E-03  0.00000000E+00  0.00000000E+00 -2.16840434E-19
    2.536000      1   0.00000000E+00  0.00000000E+00  1.98931721E-03  0.00000000E+00  0.00000000E+00  0.00000000E+00  0.00000000E+00  0.00000000E+00  7.50000000E-03  0.00000000E+00  0.00000000E+00 -1.08420217E-19
    2.537000      1   0.00000000E+00  0.00000000E+00  1.82861586E-03  0.00000000E+00  0.00000000E+00  0.00000000E+00  0.00000000E+00  0.00000000E+00  7.50000000E-03  0.00000000E+00  0.00000000E+00 -1.08420217E-19
    2.538000      1   0.00000000E+00  0.00000000E+00  1.90466198E-03  0.00000000E+00  0.00000000E+00  0.00000000E+00  0.00000000E+00  0.00000000E+00  7.50000000E-03  0.00000000E+00  0.00000000E+00 -5.42101086E-20
    2.539000      1   0.00000000E+00  0.00000000E+00  1.71930018E-03  0.00000000E+00  0.00000000E+00  0.00000000E+00  0.00000000E+00  0.00000000E+00  7.50000000E-03  0.00000000E+00  0.00000000E+00 -1.08420217E-19
    2.540000      1   0.00000000E+00  0.00000000E+00  1.76536491E-03  0.00000000E+00  0.00000000E+00  0.00000000E+00  0.00000000E+00  0.00000000E+00  7.50000000E-03  0.00000000E+00  0.00000000E+00 -1.08420217E-19
    2.541000      1   0.00000000E+00  0.00000000E+00  1.66454029E-03  0.00000000E+00  0.00000000E+00  0.00000000E+00  0.00000000E+00  0.00000000E+00  7.50000000E-03  0.00000000E+00  0.00000000E+00 -1.08420217E-19
    2.542000      1   0.00000000E+00  0.00000000E+00  1.71151583E-03  0.00000000E+00  0.00000000E+00  0.00000000E+00  0.00000000E+00  0.00000000E+00  7.50000000E-03  0.00000000E+00  0.00000000E+00 -1.62630326E-19
    2.543000      1   0.00000000E+00  0.00000000E+00  1.64433762E-03  0.00000000E+00  0.00000000E+00  0.00000000E+00  0.00000000E+00  0.00000000E+00  7.50000000E-03  0.00000000E+00  0.00000000E+00 -1.08420217E-19
    2.544000      1   0.00000000E+00  0.00000000E+00  1.67330945E-03  0.00000000E+00  0.00000000E+00  0.00000000E+00  0.00000000E+00  0.00000000E+00  7.50000000E-03  0.00000000E+00  0.00000000E+00 -1.08420217E-19
    2.545000      1   0.00000000E+00  0.00000000E+00  1.61963735E-03  0.00000000E+00  0.00000000E+00  0.00000000E+00  0.00000000E+00  0.00000000E+00  7.50000000E-03  0.00000000E+00  0.00000000E+00 -1.08420217E-19
    2.546000      1   0.00000000E+00  0.00000000E+00  1.63662020E-03  0.00000000E+00  0.00000000E+00  0.00000000E+00  0.00000000E+00  0.00000000E+00  7.50000000E-03  0.00000000E+00  0.00000000E+00 -1.08420217E-19
    2.547000      1   0.00000000E+00  0.00000000E+00  1.59472337E-03  0.00000000E+00  0.00000000E+00  0.00000000E+00  0.00000000E+00  0.00000000E+00  7.50000000E-03  0.00000000E+00  0.00000000E+00 -1.08420217E-19
    2.548000      1   0.00000000E+00  0.00000000E+00  1.60572010E-03  0.00000000E+00  0.00000000E+00  0.00000000E+00  0.00000000E+00  0.00000000E+00  7.50000000E-03  0.00000000E+00  0.00000000E+00 -1.08420217E-19
    2.549000      1   0.00000000E+00  0.00000000E+00  1.57307000E-03  0.00000000E+00  0.00000000E+00  0.00000000E+00  0.00000000E+00  0.00000000E+00  7.50000000E-03  0.00000000E+00  0.00000000E+00 -1.08420217E-19
    2.550000      1   0.00000000E+00  0.00000000E+00  1.58011271E-03  0.00000000E+00  0.00000000E+00  0.00000000E+00  0.00000000E+00  0.00000000E+00  7.50000000E-03  0.00000000E+00  0.00000000E+00 -1.08420217E-19
    2.551000      1   0.00000000E+00  0.00000000E+00  1.55410292E-03  0.00000000E+00  0.00000000E+00  0.00000000E+00  0.00000000E+00  0.00000000E+00  7.50000000E-03  0.00000000E+00  0.00000000E+00 -1.08420217E-19
    2.552000      1   0.00000000E+00  0.00000000E+00  1.55835979E-03  0.00000000E+00  0.00000000E+00  0.00000000E+00  0.00000000E+00  0.00000000E+00  7.50000000E-03  0.00000000E+00  0.00000000E+00 -1.08420217E-19
    2.553000      1   0.00000000E+00  0.00000000E+00  1.53733826E-03  0.00000000E+00  0.00000000E+00  0.00000000E+00  0.00000000E+00  0.00000000E+00  7.50000000E-03  0.00000000E+00  0.00000000E+00 -1.08420217E-19
    2.554000      1   0.00000000E+00  0.00000000E+00  1.53972823E-03  0.00000000E+00  0.00000000E+00  0.00000000E+00  0.00000000E+00  0.00000000E+00  7.50000000E-03  0.00000000E+00  0.00000000E+00 -1.08420217E-19
    2.555000      1   0.00000000E+00  0.00000000E+00  1.52257631E-03  0.00000000E+00  0.00000000E+00  0.00000000E+00  0.00000000E+00  0.00000000E+00  7.50000000E-03  0.00000000E+00  0.00000000E+00 -1.08420217E-19
    2.556000      1   0.00000000E+00  0.00000000E+00  1.52372113E-03  0.00000000E+00  0.00000000E+00  0.00000000E+00  0.00000000E+00  0.00000000E+00  7.50000000E-03  0.00000000E+00  0.00000000E+00 -1.08420217E-19
    2.557000      1   0.00000000E+00  0.00000000E+00  1.50960250E-03  0.00000000E+00  0.00000000E+00  0.00000000E+00  0.00000000E+00  0.00000000E+00  7.50000000E-03  0.00000000E+00  0.00000000E+00 -1.08420217E-19
    2.558000      1   0.00000000E+00  0.00000000E+00  1.50991599E-03  0.00000000E+00  0.00000000E+00  0.00000000E+00  0.00000000E+00  0.00000000E+00  7.50000000E-03  0.00000000E+00  0.00000000E+00 -2.16840434E-19
    2.559000      1   0.00000000E+00  0.00000000E+00  1.49820258E-03  0.00000000E+00  0.00000000E+00  0.00000000E+00  0.00000000E+00  0.00000000E+00  7.50000000E-03  0.00000000E+00  0.00000000E+00 -2.16840434E-19
    2.560000      1   0.00000000E+00  0.00000000E+00  1.49797109E-03  0.00000000E+00  0.00000000E+00  0.00000000E+00  0.00000000E+00  0.00000000E+00  7.50000000E-03  0.00000000E+00  0.00000000E+00 -1.08420217E-19
    2.561000      1   0.00000000E+00  0.00000000E+00  1.48818773E-03  0.00000000E+00  0.00000000E+00  0.00000000E+00  0.00000000E+00  0.00000000E+00  7.50000000E-03  0.00000000E+00  0.00000000E+00 -1.08420217E-19
    2.562000      1   0.00000000E+00  0.00000000E+00  1.48761078E-03  0.00000000E+00  0.00000000E+00  0.00000000E+00  0.00000000E+00  0.00000000E+00  7.50000000E-03  0.00000000E+00  0.00000000E+00 -1.08420217E-19
    2.563000      1   0.00000000E+00  0.00000000E+00  1.47939181E-03  0.00000000E+00  0.00000000E+00  0.00000000E+00  0.00000000E+00  0.00000000E+00  7.50000000E-03  0.00000000E+00  0.00000000E+00 -1.08420217E-19
    2.564000      1   0.00000000E+00  0.00000000E+00  1.47860807E-03  0.00000000E+00  0.00000000E+00  0.00000000E+00  0.00000000E+00  0.00000000E+00  7.50000000E-03  0.00000000E+00  0.00000000E+00 -1.08420217E-19
    2.565000      1   0.00000000E+00  0.00000000E+00  1.47166846E-03  0.00000000E+00  0.00000000E+00  0.00000000E+00  0.00000000E+00  0.00000000E+00  7.50000000E-03  0.00000000E+00  0.00000000E+00 -1.08420217E-19
    2.566000      1   0.00000000E+00  0.00000000E+00  1.47077419E-03  0.00000000E+00  0.00000000E+00  0.00000000E+00  0.00000000E+00  0.00000000E+00  7.50000000E-03  0.00000000E+00  0.00000000E+00 -1.08420217E-19
    2.567000      1   0.00000000E+00  0.00000000E+00  1.46488941E-03  0.00000000E+00  0.00000000E+00  0.00000000E+00  0.00000000E+00  0.00000000E+00  7.50000000E-03  0.00000000E+00  0.00000000E+00 -2.16840434E-19
    2.568000      1   0.00000000E+00  0.00000000E+00  1.46395106E-03  0.00000000E+00  0.00000000E+00  0.00000000E+00  0.00000000E+00  0.00000000E+00  7.50000000E-03  0.00000000E+00  0.00000000E+00 -1.08420217E-19
    2.569000      1   0.00000000E+00  0.00000000E+00  1.45894243E-03  0.00000000E+00  0.00000000E+00  0.00000000E+00  0.00000000E+00  0.00000000E+00  7.50000000E-03  0.00000000E+00  0.00000000E+00 -1.08420217E-19
    2.570000      1   0.00000000E+00  0.00000000E+00  1.45800529E-03  0.00000000E+00  0.00000000E+00  0.00000000E+00  0.00000000E+00  0.00000000E+00  7.50000000E-03  0.00000000E+00  0.00000000E+00 -1.08420217E-19
    2.571000      1   0.00000000E+00  0.00000000E+00  1.45372930E-03  0.00000000E+00  0.00000000E+00  0.00000000E+00  0.00000000E+00  0.00000000E+00  7.50000000E-03  0.00000000E+00  0.00000000E+00 -1.08420217E-19
    2.572000      1   0.00000000E+00  0.00000000E+00  1.45282362E-03  0.00000000E+00  0.00000000E+00  0.00000000E+00  0.00000000E+00  0.00000000E+00  7.50000000E-03  0.00000000E+00  0.00000000E+00 -1.08420217E-19
    2.573000      1   0.00000000E+00  0.00000000E+00  1.44916407E-03  0.00000000E+00  0.00000000E+00  0.00000000E+00  0.00000000E+00  0.00000000E+00  7.50000000E-03  0.00000000E+00  0.00000000E+00 -1.08420217E-19
    2.574000      1   0.00000000E+00  0.00000000E+00  1.44830940E-03  0.00000000E+00  0.00000000E+00  0.00000000E+00  0.00000000E+00  0.00000000E+00  7.50000000E-03  0.00000000E+00  0.00000000E+00 -1.08420217E-19
    2.575000      1   0.00000000E+00  0.00000000E+00  1.44517143E-03  0.00000000E+00  0.00000000E+00  0.00000000E+00  0.00000000E+00  0.00000000E+00  7.50000000E-03  0.00000000E+00  0.00000000E+00 -1.08420217E-19
    2.576000      1   0.00000000E+00  0.00000000E+00  1.44437972E-03  0.00000000E+00  0.00000000E+00  0.00000000E+00  0.00000000E+00  0.00000000E+00  7.50000000E-03  0.00000000E+00  0.00000000E+00 -1.08420217E-19
    2.577000      1   0.00000000E+00  0.00000000E+00  1.44168538E-03  0.00000000E+00  0.00000000E+00  0.00000000E+00  0.00000000E+00  0.00000000E+00  7.50000000E-03  0.00000000E+00  0.00000000E+00 -1.08420217E-19
    2.578000      1   0.00000000E+00  0.00000000E+00  1.44096322E-03  0.00000000E+00  0.00000000E+00  0.00000000E+00  0.00000000E+00  0.00000000E+00  7.50000000E-03  0.00000000E+00  0.00000000E+00 -1.08420217E-19
    2.579000      1   0.00000000E+00  0.00000000E+00  1.43864798E-03  0.00000000E+00  0.00000000E+00  0.00000000E+00  0.00000000E+00  0.00000000E+00  7.50000000E-03  0.00000000E+00  0.00000000E+00 -1.08420217E-19
    2.580000      1   0.00000000E+00  0.00000000E+00  1.43799817E-03  0.00000000E+00  0.00000000E+00  0.00000000E+00  0.00000000E+00  0.00000000E+00  7.50000000E-03  0.00000000E+00  0.00000000E+00 -1.08420217E-19
    2.581000      1   0.00000000E+00  0.00000000E+00  1.43600831E-03  0.00000000E+00  0.00000000E+00  0.00000000E+00  0.00000000E+00  0.00000000E+00  7.50000000E-03  0.00000000E+00  0.00000000E+00 -1.08420217E-19
    2.582000      1   0.00000000E+00  0.00000000E+00  1.43543106E-03  0.00000000E+00  0.00000000E+00  0.00000000E+00  0.00000000E+00  0.00000000E+00  7.50000000E-03  0.00000000E+00  0.00000000E+00 -1.08420217E-19
    2.583000      1   0.00000000E+00  0.00000000E+00  1.43372158E-03  0.00000000E+00  0.00000000E+00  0.00000000E+00  0.00000000E+00  0.00000000E+00  7.50000000E-03  0.00000000E+00  0.00000000E+00 -1.08420217E-19
    2.584000      1   0.00000000E+00  0.00000000E+00  1.43321530E-03  0.00000000E+00  0.00000000E+00  0.00000000E+00  0.00000000E+00  0.00000000E+00  7.50000000E-03  0.00000000E+00  0.00000000E+00 -1.08420217E-19
    2.585000      1   0.00000000E+00  0.00000000E+00  1.43174831E-03  0.00000000E+00  0.00000000E+00  0.00000000E+00  0.00000000E+00  0.00000000E+00  7.50000000E-03  0.00000000E+00  0.00000000E+00 -2.16840434E-19
    2.586000      1   0.00000000E+00  0.00000000E+00  1.43131026E-03  0.00000000E+00  0.00000000E+00  0.00000000E+00  0.00000000E+00  0.00000000E+00  7.50000000E-03  0.00000000E+00  0.00000000E+00 -1.08420217E-19
    2.587000      1   0.00000000E+00  0.00000000E+00  1.43005367E-03  0.00000000E+00  0.00000000E+00  0.00000000E+00  0.00000000E+00  0.00000000E+00  7.50000000E-03  0.00000000E+00  0.00000000E+00 -1.08420217E-19
    2.588000      1   0.00000000E+00  0.00000000E+00  1.42968037E-03  0.00000000E+00  0.00000000E+00  0.00000000E+00  0.00000000E+00  0.00000000E+00  7.50000000E-03  0.00000000E+00  0.00000000E+00 -1.08420217E-19
    2.589000      1   0.00000000E+00  0.00000000E+00  1.42860692E-03  0.00000000E+00  0.00000000E+00  0.00000000E+00  0.00000000E+00  0.00000000E+00  7.50000000E-03  0.00000000E+00  0.00000000E+00 -1.08420217E-19
    2.590000      1   0.00000000E+00  0.00000000E+00  1.42829447E-03  0.00000000E+00  0.00000000E+00  0.00000000E+00  0.00000000E+00  0.00000000E+00  7.50000000E-03  0.00000000E+00  0.00000000E+00 -1.08420217E-19
    2.591000      1   0.00000000E+00  0.00000000E+00  1.42738085E-03  0.00000000E+00  0.00000000E+00  0.00000000E+00  0.00000000E+00  0.00000000E+00  7.50000000E-03  0.00000000E+00  0.00000000E+00 -1.08420217E-19
    2.592000      1   0.00000000E+00  0.00000000E+00  1.42712514E-03  0.00000000E+00  0.00000000E+00  0.00000000E+00  0.00000000E+00  0.00000000E+00  7.50000000E-03  0.00000000E+00  0.00000000E+00 -1.08420217E-19
    2.593000      1   0.00000000E+00  0.00000000E+00  1.42635137E-03  0.00000000E+00  0.00000000E+00  0.00000000E+00  0.00000000E+00  0.00000000E+00  7.50000000E-03  0.00000000E+00  0.00000000E+00 -1.08420217E-19
    2.594000      1   0.00000000E+00  0.00000000E+00  1.42614825E-03  0.00000000E+00  0.00000000E+00  0.00000000E+00  0.00000000E+00  0.00000000E+00  7.50000000E-03  0.00000000E+00  0.00000000E+00 -2.16840434E-19
    2.595000      1   0.00000000E+00  0.00000000E+00  1.42549712E-03  0.00000000E+00  0.00000000E+00  0.00000000E+00  0.00000000E+00  0.00000000E+00  7.50000000E-03  0.00000000E+00  0.00000000E+00 -2.16840434E-19
    2.596000      1   0.00000000E+00  0.00000000E+00  1.42534250E-03  0.00000000E+00  0.00000000E+00  0.00000000E+00  0.00000000E+00  0.00000000E+00  7.50000000E-03  0.00000000E+00  0.00000000E+00 -2.16840434E-19
    2.597000      1   0.00000000E+00  0.00000000E+00  1.42479913E-03  0.00000000E+00  0.00000000E+00  0.00000000E+00  0.00000000E+00  0.00000000E+00  7.50000000E-03  0.00000000E+00  0.00000000E+00 -1.08420217E-19
    2.598000      1   0.00000000E+00  0.00000000E+00  1.42468906E-03  0.00000000E+00  0.00000000E+00  0.00000000E+00  0.00000000E+00  0.00000000E+00  7.50000000E-03  0.00000000E+00  0.00000000E+00 -1.08420217E-19
    2.599000      1   0.00000000E+00  0.00000000E+00  1.42424056E-03  0.00000000E+00  0.00000000E+00  0.00000000E+00  0.00000000E+00  0.00000000E+00  7.50000000E-03  0.00000000E+00  0.00000000E+00 -1.08420217E-19
    2.600000      1   0.00000000E+00  0.00000000E+00  1.42417125E-03  0.00000000E+00  0.00000000E+00  0.00000000E+00  0.00000000E+00  0.00000000E+00  7.50000000E-03  0.00000000E+00  0.00000000E+00 -1.08420217E-19
    2.601000      1   0.00000000E+00  0.00000000E+00  1.42380640E-03  0.00000000E+00  0.00000000E+00  0.00000000E+00  0.00000000E+00  0.00000000E+00  7.50000000E-03  0.00000000E+00  0.00000000E+00 -1.08420217E-19
    2.602000      1   0.00000000E+00  0.00000000E+00  1.42377430E-03  0.00000000E+00  0.00000000E+00  0.00000000E+00  0.00000000E+00  0.00000000E+00  7.50000000E-03  0.00000000E+00  0.00000000E+00 -1.08420217E-19
    2.603000      1   0.00000000E+00  0.00000000E+00  1.42348332E-03  0.00000000E+00  0.00000000E+00  0.00000000E+00  0.00000000E+00  0.00000000E+00  7.50000000E-03  0.00000000E+00  0.00000000E+00 -1.08420217E-19
    2.604000      1   0.00000000E+00  0.00000000E+00  1.42348506E-03  0.00000000E+00  0.00000000E+00  0.00000000E+00  0.00000000E+00  0.00000000E+00  7.50000000E-03  0.00000000E+00  0.00000000E+00 -1.08420217E-19
    2.605000      1   0.00000000E+00  0.00000000E+00  1.42325938E-03  0.00000000E+00  0.00000000E+00  0.00000000E+00  0.00000000E+00  0.00000000E+00  7.50000000E-03  0.00000000E+00  0.00000000E+00 -1.08420217E-19
    2.606000      1   0.00000000E+00  0.00000000E+00  1.42329185E-03  0.00000000E+00  0.00000000E+00  0.00000000E+00  0.00000000E+00  0.00000000E+00  7.50000000E-03  0.00000000E+00  0.00000000E+00 -1.08420217E-19
    2.607000      1   0.00000000E+00  0.00000000E+00  1.42312398E-03  0.00000000E+00  0.00000000E+00  0.00000000E+00  0.00000000E+00  0.00000000E+00  7.50000000E-03  0.00000000E+00  0.00000000E+00 -1.08420217E-19
    2.608000      1   0.00000000E+00  0.00000000E+00  1.42318426E-03  0.00000000E+00  0.00000000E+00  0.00000000E+00  0.00000000E+00  0.00000000E+00  7.50000000E-03  0.00000000E+00  0.00000000E+00 -1.08420217E-19
    2.609000      1   0.00000000E+00  0.00000000E+00  1.42306760E-03  0.00000000E+00  0.00000000E+00  0.00000000E+00  0.00000000E+00  0.00000000E+00  7.50000000E-03  0.00000000E+00  0.00000000E+00 -2.16840434E-19
    2.610000      1   0.00000000E+00  0.00000000E+00  1.42315303E-03  0.00000000E+00  0.00000000E+00  0.00000000E+00  0.00000000E+00  0.00000000E+00  7.50000000E-03  0.00000000E+00  0.00000000E+00 -1.08420217E-19
    2.611000      1   0.00000000E+00  0.00000000E+00  1.42308175E-03  0.00000000E+00  0.00000000E+00  0.00000000E+00  0.00000000E+00  0.00000000E+00  7.50000000E-03  0.00000000E+00  0.00000000E+00 -1.08420217E-19
    2.612000      1   0.00000000E+00  0.00000000E+00  1.42318986E-03  0.00000000E+00  0.00000000E+00  0.00000000E+00  0.00000000E+00  0.00000000E+00  7.50000000E-03  0.00000000E+00  0.00000000E+00 -2.16840434E-19
    2.613000      1   0.00000000E+00  0.00000000E+00  1.42315884E-03  0.00000000E+00  0.00000000E+00  0.00000000E+00  0.00000000E+00  0.00000000E+00  7.50000000E-03  0.00000000E+00  0.00000000E+00 -1.08420217E-19
    2.614000      1   0.00000000E+00  0.00000000E+00  1.42328736E-03  0.00000000E+00  0.00000000E+00  0.00000000E+00  0.00000000E+00  0.00000000E+00  7.50000000E-03  0.00000000E+00  0.00000000E+00 -1.08420217E-19
    2.615000      1   0.00000000E+00  0.00000000E+00  1.42329205E-03  0.00000000E+00  0.00000000E+00  0.00000000E+00  0.00000000E+00  0.00000000E+00  7.50000000E-03  0.00000000E+00  0.00000000E+00 -2.16840434E-19
    2.616000      1   0.00000000E+00  0.00000000E+00  1.42343890E-03  0.00000000E+00  0.00000000E+00  0.00000000E+00  0.00000000E+00  0.00000000E+00  7.50000000E-03  0.00000000E+00  0.00000000E+00 -1.08420217E-19
    2.617000      1   0.00000000E+00  0.00000000E+00  1.42347529E-03  0.00000000E+00  0.00000000E+00  0.00000000E+00  0.00000000E+00  0.00000000E+00  7.50000000E-03  0.00000000E+00  0.00000000E+00 -2.16840434E-19
    2.618000      1   0.00000000E+00  0.00000000E+00  1.42363855E-03  0.00000000E+00  0.00000000E+00  0.00000000E+00  0.00000000E+00  0.00000000E+00  7.50000000E-03  0.00000000E+00  0.00000000E+00 -1.08420217E-19
    2.619000      1   0.00000000E+00  0.00000000E+00  1.42370306E-03  0.00000000E+00  0.00000000E+00  0.00000000E+00  0.00000000E+00  0.00000000E+00  7.50000000E-03  0.00000000E+00  0.00000000E+00 -1.08420217E-19
    2.620000      1   0.00000000E+00  0.00000000E+00  1.42388100E-03  0.00000000E+00  0.00000000E+00  0.00000000E+00  0.00000000E+00  0.00000000E+00  7.50000000E-03  0.00000000E+00  0.00000000E+00 -1.08420217E-19
    2.621000      1   0.00000000E+00  0.00000000E+00  1.42397045E-03  0.00000000E+00  0.00000000E+00  0.00000000E+00  0.00000000E+00  0.00000000E+00  7.50000000E-03  0.00000000E+00  0.00000000E+00 -1.08420217E-19
    2.622000      1   0.00000000E+00  0.00000000E+00  1.42416148E-03  0.00000000E+00  0.00000000E+00  0.00000000E+00  0.00000000E+00  0.00000000E+00  7.50000000E-03  0.00000000E+00  0.00000000E+00 -1.08420217E-19
    2.623000      1   0.00000000E+00  0.00000000E+00  1.42427305E-03  0.00000000E+00  0.00000000E+00  0.00000000E+00  0.00000000E+00  0.00000000E+00  7.50000000E-03  0.00000000E+00  0.00000000E+00 -1.08420217E-19
    2.624000      1   0.00000000E+00  0.00000000E+00  1.42447571E-03  0.00000000E+00  0.00000000E+00  0.00000000E+00  0.00000000E+00  0.00000000E+00  7.50000000E-03  0.00000000E+00  0.00000000E+00 -2.16840434E-19
    2.625000      1   0.00000000E+00  0.00000000E+00  1.42460687E-03  0.00000000E+00  0.00000000E+00  0.00000000E+00  0.00000000E+00  0.00000000E+00  7.50000000E-03  0.00000000E+00  0.00000000E+00 -1.08420217E-19
    2.626000      1   0.00000000E+00  0.00000000E+00  1.42481984E-03  0.00000000E+00  0.00000000E+00  0.00000000E+00  0.00000000E+00  0.00000000E+00  7.50000000E-03  0.00000000E+00  0.00000000E+00 -1.08420217E-19
    2.627000      1   0.00000000E+00  0.00000000E+00  1.42496835E-03  0.00000000E+00  0.00000000E+00  0.00000000E+00  0.00000000E+00  0.00000000E+00  7.50000000E-03  0.00000000E+00  0.00000000E+00 -1.08420217E-19
    2.628000      1   0.00000000E+00  0.00000000E+00  1.42519042E-03  0.00000000E+00  0.00000000E+00  0.00000000E+00  0.00000000E+00  0.00000000E+00  7.50000000E-03  0.00000000E+00  0.00000000E+00 -1.08420217E-19
    2.629000      1   0.00000000E+00  0.00000000E+00  1.42535427E-03  0.00000000E+00  0.00000000E+00  0.00000000E+00  0.00000000E+00  0.00000000E+00  7.50000000E-03  0.00000000E+00  0.00000000E+00 -1.08420217E-19
    2.630000      1   0.00000000E+00  0.00000000E+00  1.42558435E-03  0.00000000E+00  0.00000000E+00  0.00000000E+00  0.00000000E+00  0.00000000E+00  7.50000000E-03  0.00000000E+00  0.00000000E+00 -1.08420217E-19
    2.631000      1   0.00000000E+00  0.00000000E+00  1.42576173E-03  0.00000000E+00  0.00000000E+00  0.00000000E+00  0.00000000E+00  0.00000000E+00  7.50000000E-03  0.00000000E+00  0.00000000E+00 -1.08420217E-19
    2.632000      1   0.00000000E+00  0.00000000E+00  1.42599881E-03  0.00000000E+00  0.00000000E+00  0.00000000E+00  0.00000000E+00  0.00000000E+00  7.50000000E-03  0.00000000E+00  0.00000000E+00 -1.08420217E-19
    2.633000      1   0.00000000E+00  0.00000000E+00  1.42618813E-03  0.00000000E+00  0.00000000E+00  0.00000000E+00  0.00000000E+00  0.00000000E+00  7.50000000E-03  0.00000000E+00  0.00000000E+00 -1.08420217E-19
    2.634000      1   0.00000000E+00  0.00000000E+00  1.42643130E-03  0.00000000E+00  0.00000000E+00  0.00000000E+00  0.00000000E+00  0.00000000E+00  7.50000000E-03  0.00000000E+00  0.00000000E+00 -1.08420217E-19
    2.635000      1   0.00000000E+00  0.00000000E+00  1.42663110E-03  0.00000000E+00  0.00000000E+00  0.00000000E+00  0.00000000E+00  0.00000000E+00  7.50000000E-03  0.00000000E+00  0.00000000E+00 -1.08420217E-19
    2.636000      1   0.00000000E+00  0.00000000E+00  1.42687955E-03  0.00000000E+00  0.00000000E+00  0.00000000E+00  0.00000000E+00  0.00000000E+00  7.50000000E-03  0.00000000E+00  0.00000000E+00 -1.08420217E-19
    2.637000      1   0.00000000E+00  0.00000000E+00  1.42708853E-03  0.00000000E+00  0.00000000E+00  0.00000000E+00  0.00000000E+00  0.00000000E+00  7.50000000E-03  0.00000000E+00  0.00000000E+00 -1.08420217E-19
    2.638000      1   0.00000000E+00  0.00000000E+00  1.42734150E-03  0.00000000E+00  0.00000000E+00  0.00000000E+00  0.00000000E+00  0.00000000E+00  7.50000000E-03  0.00000000E+00  0.00000000E+00 -1.08420217E-19
    2.639000      1   0.00000000E+00  0.00000000E+00  1.42755851E-03  0.00000000E+00  0.00000000E+00  0.00000000E+00  0.00000000E+00  0.00000000E+00  7.50000000E-03  0.00000000E+00  0.00000000E+00 -1.08420217E-19
    2.640000      1   0.00000000E+00  0.00000000E+00  1.42781532E-03  0.00000000E+00  0.00000000E+00  0.00000000E+00  0.00000000E+00  0.00000000E+00  7.50000000E-03  0.00000000E+00  0.00000000E+00 -1.08420217E-19
    2.641000      1   0.00000000E+00  0.00000000E+00  1.42803931E-03  0.00000000E+00  0.00000000E+00  0.00000000E+00  0.00000000E+00  0.00000000E+00  7.50000000E-03  0.00000000E+00  0.00000000E+00 -2.16840434E-19
    2.642000      1   0.00000000E+00  0.00000000E+00  1.42829934E-03  0.00000000E+00  0.00000000E+00  0.00000000E+00  0.00000000E+00  0.00000000E+00  7.50000000E-03  0.00000000E+00  0.00000000E+00 -1.08420217E-19
    2.643000      1   0.00000000E+00  0.00000000E+00  1.42852937E-03  0.00000000E+00  0.00000000E+00  0.00000000E+00  0.00000000E+00  0.00000000E+00  7.50000000E-03  0.00000000E+00  0.00000000E+00 -1.08420217E-19
    2.644000      1   0.00000000E+00  0.00000000E+00  1.42879207E-03  0.00000000E+00  0.00000000E+00  0.00000000E+00  0.00000000E+00  0.00000000E+00  7.50000000E-03  0.00000000E+00  0.00000000E+00 -1.08420217E-19
    2.645000      1   0.00000000E+00  0.00000000E+00  1.42902729E-03  0.00000000E+00  0.00000000E+00  0.00000000E+00  0.00000000E+00  0.00000000E+00  7.50000000E-03  0.00000000E+00  0.00000000E+00 -1.08420217E-19
    2.646000      1   0.00000000E+00  0.00000000E+00  1.42929214E-03  0.00000000E+00  0.00000000E+00  0.00000000E+00  0.00000000E+00  0.00000000E+00  7.50000000E-03  0.00000000E+00  0.00000000E+00 -1.08420217E-19
    2.647000      1   0.00000000E+00  0.00000000E+00  1.42953181E-03  0.00000000E+00  0.00000000E+00  0.00000000E+00  0.00000000E+00  0.00000000E+00  7.50000000E-03  0.00000000E+00  0.00000000E+00 -1.08420217E-19
    2.648000      1   0.00000000E+00  0.00000000E+00  1.42979835E-03  0.00000000E+00  0.00000000E+00  0.00000000E+00  0.00000000E+00  0.00000000E+00  7.50000000E-03  0.00000000E+00  0.00000000E+00 -1.08420217E-19
    2.649000      1   0.00000000E+00  0.00000000E+00  1.43004177E-03  0.00000000E+00  0.00000000E+00  0.00000000E+00  0.00000000E+00  0.00000000E+00  7.50000000E-03  0.00000000E+00  0.00000000E+00 -1.08420217E-19
    2.650000      1   0.00000000E+00  0.00000000E+00  1.43030959E-03  0.00000000E+00  0.00000000E+00  0.00000000E+00  0.00000000E+00  0.00000000E+00  7.50000000E-03  0.00000000E+00  0.00000000E+00 -2.16840434E-19
    2.651000      1   0.00000000E+00  0.00000000E+00  1.43055615E-03  0.00000000E+00  0.00000000E+00  0.00000000E+00  0.00000000E+00  0.00000000E+00  7.50000000E-03  0.00000000E+00  0.00000000E+00 -1.08420217E-19
    2.652000      1   0.00000000E+00  0.00000000E+00  1.43082487E-03  0.00000000E+00  0.00000000E+00  0.00000000E+00  0.00000000E+00  0.00000000E+00  7.50000000E-03  0.00000000E+00  0.00000000E+00 -1.08420217E-19
    2.653000      1   0.00000000E+00  0.00000000E+00  1.43107401E-03  0.00000000E+00  0.00000000E+00  0.00000000E+00  0.00000000E+00  0.00000000E+00  7.50000000E-03  0.00000000E+00  0.00000000E+00 -1.08420217E-19
    2.654000      1   0.00000000E+00  0.00000000E+00  1.43134330E-03  0.00000000E+00  0.00000000E+00  0.00000000E+00  0.00000000E+00  0.00000000E+00  7.50000000E-03  0.00000000E+00  0.00000000E+00 -1.08420217E-19
    2.655000      1   0.00000000E+00  0.00000000E+00  1.43159452E-03  0.00000000E+00  0.00000000E+00  0.00000000E+00  0.00000000E+00  0.00000000E+00  7.50000000E-03  0.00000000E+00  0.00000000E+00 -1.08420217E-19
    2.656000      1   0.00000000E+00  0.00000000E+00  1.43186406E-03  0.00000000E+00  0.00000000E+00  0.00000000E+00  0.00000000E+00  0.00000000E+00  7.50000000E-03  0.00000000E+00  0.00000000E+00 -1.08420217E-19
    2.657000      1   0.00000000E+00  0.00000000E+00  1.43211691E-03  0.00000000E+00  0.00000000E+00  0.00000000E+00  0.00000000E+00  0.00000000E+00  7.50000000E-03  0.00000000E+00  0.00000000E+00 -1.08420217E-19
    2.658000      1   0.00000000E+00  0.00000000E+00  1.43238642E-03  0.00000000E+00  0.00000000E+00  0.00000000E+00  0.00000000E+00  0.00000000E+00  7.50000000E-03  0.00000000E+00  0.00000000E+00 -1.08420217E-19
    2.659000      1   0.00000000E+00  0.00000000E+00  1.43264051E-03  0.00000000E+00  0.00000000E+00  0.00000000E+00  0.00000000E+00  0.00000000E+00  7.50000000E-03  0.00000000E+00  0.00000000E+00 -2.16840434E-19
    2.660000      1   0.00000000E+00  0.00000000E+00  1.43290975E-03  0.00000000E+00  0.00000000E+00  0.00000000E+00  0.00000000E+00  0.00000000E+00  7.50000000E-03  0.00000000E+00  0.00000000E+00 -1.08420217E-19
    2.661000      1   0.00000000E+00  0.00000000E+00  1.43316470E-03  0.00000000E+00  0.00000000E+00  0.00000000E+00  0.00000000E+00  0.00000000E+00  7.50000000E-03  0.00000000E+00  0.00000000E+00 -1.08420217E-19
    2.662000      1   0.00000000E+00  0.00000000E+00  1.43343343E-03  0.00000000E+00  0.00000000E+00  0.00000000E+00  0.00000000E+00  0.00000000E+00  7.50000000E-03  0.00000000E+00  0.00000000E+00 -1.08420217E-19
    2.663000      1   0.00000000E+00  0.00000000E+00  1.43368892E-03  0.00000000E+00  0.00000000E+00  0.00000000E+00  0.00000000E+00  0.00000000E+00  7.50000000E-03  0.00000000E+00  0.00000000E+00 -1.08420217E-19
    2.664000      1   0.00000000E+00  0.00000000E+00  1.43395695E-03  0.00000000E+00  0.00000000E+00  0.00000000E+00  0.00000000E+00  0.00000000E+00  7.50000000E-03  0.00000000E+00  0.00000000E+00 -1.08420217E-19
    2.665000      1   0.00000000E+00  0.00000000E+00  1.43421268E-03  0.00000000E+00  0.00000000E+00  0.00000000E+00  0.00000000E+00  0.00000000E+00  7.50000000E-03  0.00000000E+00  0.00000000E+00 -1.08420217E-19
    2.666000      1   0.00000000E+00  0.00000000E+00  1.43447982E-03  0.00000000E+00  0.00000000E+00  0.00000000E+00  0.00000000E+00  0.00000000E+00  7.50000000E-03  0.00000000E+00  0.00000000E+00 -1.08420217E-19
    2.667000      1   0.00000000E+00  0.00000000E+00  1.43473553E-03  0.00000000E+00  0.00000000E+00  0.00000000E+00  0.00000000E+00  0.00000000E+00  7.50000000E-03  0.00000000E+00  0.00000000E+00 -1.08420217E-19
    2.668000      1   0.00000000E+00  0.00000000E+00  1.43500161E-03  0.00000000E+00  0.00000000E+00  0.00000000E+00  0.00000000E+00  0.00000000E+00  7.50000000E-03  0.00000000E+00  0.00000000E+00 -1.08420217E-19
    2.669000      1   0.00000000E+00  0.00000000E+00  1.43525706E-03  0.00000000E+00  0.00000000E+00  0.00000000E+00  0.00000000E+00  0.00000000E+00  7.50000000E-03  0.00000000E+00  0.00000000E+00 -1.08420217E-19
    2.670000      1   0.00000000E+00  0.00000000E+00  1.43552195E-03  0.00000000E+00  0.00000000E+00  0.00000000E+00  0.00000000E+00  0.00000000E+00  7.50000000E-03  0.00000000E+00  0.00000000E+00 -1.08420217E-19
    2.671000      1   0.00000000E+00  0.00000000E+00  1.43577692E-03  0.00000000E+00  0.00000000E+00  0.00000000E+00  0.00000000E+00  0.00000000E+00  7.50000000E-03  0.00000000E+00  0.00000000E+00 -2.16840434E-19
    2.672000      1   0.00000000E+00  0.00000000E+00  1.43604048E-03  0.00000000E+00  0.00000000E+00  0.00000000E+00  0.00000000E+00  0.00000000E+00  7.50000000E-03  0.00000000E+00  0.00000000E+00 -1.08420217E-19
    2.673000      1   0.00000000E+00  0.00000000E+00  1.43629478E-03  0.00000000E+00  0.00000000E+00  0.00000000E+00  0.00000000E+00  0.00000000E+00  7.50000000E-03  0.00000000E+00  0.00000000E+00 -1.08420217E-19
    2.674000      1   0.00000000E+00  0.00000000E+00  1.43655689E-03  0.00000000E+00  0.00000000E+00  0.00000000E+00  0.00000000E+00  0.00000000E+00  7.50000000E-03  0.00000000E+00  0.00000000E+00 -1.08420217E-19
    2.675000      1   0.00000000E+00  0.00000000E+00  1.43681036E-03  0.00000000E+00  0.00000000E+00  0.00000000E+00  0.00000000E+00  0.00000000E+00  7.50000000E-03  0.00000000E+00  0.00000000E+00 -1.08420217E-19
    2.676000      1   0.00000000E+00  0.00000000E+00  1.43707091E-03  0.00000000E+00  0.00000000E+00  0.00000000E+00  0.00000000E+00  0.00000000E+00  7.50000000E-03  0.00000000E+00  0.00000000E+00 -1.08420217E-19
    2.677000      1   0.00000000E+00  0.00000000E+00  1.43732338E-03  0.00000000E+00  0.00000000E+00  0.00000000E+00  0.00000000E+00  0.00000000E+00  7.50000000E-03  0.00000000E+00  0.00000000E+00 -1.08420217E-19
    2.678000      1   0.00000000E+00  0.00000000E+00  1.43758229E-03  0.00000000E+00  0.00000000E+00  0.00000000E+00  0.00000000E+00  0.00000000E+00  7.50000000E-03  0.00000000E+00  0.00000000E+00 -1.08420217E-19
    2.679000      1   0.00000000E+00  0.00000000E+00  1.43783363E-03  0.00000000E+00  0.00000000E+00  0.00000000E+00  0.00000000E+00  0.00000000E+00  7.50000000E-03  0.00000000E+00  0.00000000E+00 -2.16840434E-19
    2.680000      1   0.00000000E+00  0.00000000E+00  1.43809081E-03  0.00000000E+00  0.00000000E+00  0.00000000E+00  0.00000000E+00  0.00000000E+00  7.50000000E-03  0.00000000E+00  0.00000000E+00 -1.08420217E-19
    2.681000      1   0.00000000E+00  0.00000000E+00  1.43834090E-03  0.00000000E+00  0.00000000E+00  0.00000000E+00  0.00000000E+00  0.00000000E+00  7.50000000E-03  0.00000000E+00  0.00000000E+00 -1.08420217E-19
    2.682000      1   0.00000000E+00  0.00000000E+00  1.43859628E-03  0.00000000E+00  0.00000000E+00  0.00000000E+00  0.00000000E+00  0.00000000E+00  7.50000000E-03  0.00000000E+00  0.00000000E+00 -1.08420217E-19
    2.683000      1   0.00000000E+00  0.00000000E+00  1.43884500E-03  0.00000000E+00  0.00000000E+00  0.00000000E+00  0.00000000E+00  0.00000000E+00  7.50000000E-03  0.00000000E+00  0.00000000E+00 -1.08420217E-19
    2.684000      1   0.00000000E+00  0.00000000E+00  1.43909852E-03  0.00000000E+00  0.00000000E+00  0.00000000E+00  0.00000000E+00  0.00000000E+00  7.50000000E-03  0.00000000E+00  0.00000000E+00 -1.08420217E-19
    2.685000      1   0.00000000E+00  0.00000000E+00  1.43934578E-03  0.00000000E+00  0.00000000E+00  0.00000000E+00  0.00000000E+00  0.00000000E+00  7.50000000E-03  0.00000000E+00  0.00000000E+00 -1.08420217E-19
    2.686000      1   0.00000000E+00  0.00000000E+00  1.43959738E-03  0.00000000E+00  0.00000000E+00  0.00000000E+00  0.00000000E+00  0.00000000E+00  7.50000000E-03  0.00000000E+00  0.00000000E+00 -1.08420217E-19
    2.687000      1   0.00000000E+00  0.00000000E+00  1.43984310E-03  0.00000000E+00  0.00000000E+00  0.00000000E+00  0.00000000E+00  0.00000000E+00  7.50000000E-03  0.00000000E+00  0.00000000E+00 -2.16840434E-19
    2.688000      1   0.00000000E+00  0.00000000E+00  1.44009273E-03  0.00000000E+00  0.00000000E+00  0.00000000E+00  0.00000000E+00  0.00000000E+00  7.50000000E-03  0.00000000E+00  0.00000000E+00 -1.08420217E-19
    2.689000      1   0.00000000E+00  0.00000000E+00  1.44033683E-03  0.00000000E+00  0.00000000E+00  0.00000000E+00  0.00000000E+00  0.00000000E+00  7.50000000E-03  0.00000000E+00  0.00000000E+00 -1.08420217E-19
    2.690000      1   0.00000000E+00  0.00000000E+00  1.44058445E-03  0.00000000E+00  0.00000000E+00  0.00000000E+00  0.00000000E+00  0.00000000E+00  7.50000000E-03  0.00000000E+00  0.00000000E+00 -1.08420217E-19
    2.691000      1   0.00000000E+00  0.00000000E+00  1.44082686E-03  0.00000000E+00  0.00000000E+00  0.00000000E+00  0.00000000E+00  0.00000000E+00  7.50000000E-03  0.00000000E+00  0.00000000E+00 -1.08420217E-19
    2.692000      1   0.00000000E+00  0.00000000E+00  1.44107244E-03  0.00000000E+00  0.00000000E+00  0.00000000E+00  0.00000000E+00  0.00000000E+00  7.50000000E-03  0.00000000E+00  0.00000000E+00 -1.08420217E-19
    2.693000      1   0.00000000E+00  0.00000000E+00  1.44131310E-03  0.00000000E+00  0.00000000E+00  0.00000000E+00  0.00000000E+00  0.00000000E+00  7.50000000E-03  0.00000000E+00  0.00000000E+00 -2.16840434E-19
    2.694000      1   0.00000000E+00  0.00000000E+00  1.44155661E-03  0.00000000E+00  0.00000000E+00  0.00000000E+00  0.00000000E+00  0.00000000E+00  7.50000000E-03  0.00000000E+00  0.00000000E+00 -1.08420217E-19
    2.695000      1   0.00000000E+00  0.00000000E+00  1.44179547E-03  0.00000000E+00  0.00000000E+00  0.00000000E+00  0.00000000E+00  0.00000000E+00  7.50000000E-03  0.00000000E+00  0.00000000E+00 -1.08420217E-19
    2.696000      1   0.00000000E+00  0.00000000E+00  1.44203689E-03  0.00000000E+00  0.00000000E+00  0.00000000E+00  0.00000000E+00  0.00000000E+00  7.50000000E-03  0.00000000E+00  0.00000000E+00 -2.16840434E-19
    2.697000      1   0.00000000E+00  0.00000000E+00  1.44227390E-03  0.00000000E+00  0.00000000E+00  0.00000000E+00  0.00000000E+00  0.00000000E+00  7.50000000E-03  0.00000000E+00  0.00000000E+00 -1.08420217E-19
    2.698000      1   0.00000000E+00  0.00000000E+00  1.44251321E-03  0.00000000E+00  0.00000000E+00  0.00000000E+00  0.00000000E+00  0.00000000E+00  7.50000000E-03  0.00000000E+00  0.00000000E+00 -1.08420217E-19
    2.699000      1   0.00000000E+00  0.00000000E+00  1.44274834E-03  0.00000000E+00  0.00000000E+00  0.00000000E+00  0.00000000E+00  0.00000000E+00  7.50000000E-03  0.00000000E+00  0.00000000E+00 -1.08420217E-19
    2.700000      1   0.00000000E+00  0.00000000E+00  1.44298551E-03  0.00000000E+00  0.00000000E+00  0.00000000E+00  0.00000000E+00  0.00000000E+00  7.50000000E-03  0.00000000E+00  0.00000000E+00 -1.08420217E-19
