# time ip fx fy fz tx ty tz px py pz vx vy vz
    0.000500      1   0.00000000E+00  0.00000000E+00  0.00000000E+00  0.00000000E+00  0.00000000E+00  0.00000000E+00 -0.00000000E+00 -0.00000000E+00  1.27500000E-01  0.00000000E+00  0.00000000E+00  0.00000000E+00
    0.001000      1   0.00000000E+00  0.00000000E+00  9.05515651E-04  0.00000000E+00  0.00000000E+00  0.00000000E+00  0.00000000E+00  0.00000000E+00  1.27499650E-01  0.00000000E+00  0.00000000E+00 -7.00714286E-04
    0.001500      1   0.00000000E+00  0.00000000E+00  1.45484466E-03  0.00000000E+00  0.00000000E+00  0.00000000E+00  0.00000000E+00  0.00000000E+00  1.27498989E-01  0.00000000E+00  0.00000000E+00 -1.32136341E-03
    0.002000      1   0.00000000E+00  0.00000000E+00  1.34540093E-03  0.00000000E+00  0.00000000E+00  0.00000000E+00  0.00000000E+00  0.00000000E+00  1.27498117E-01  0.00000000E+00  0.00000000E+00 -1.74474874E-03
    0.002500      1   0.00000000E+00  0.00000000E+00  1.02524956E-03  0.00000000E+00  0.00000000E+00  0.00000000E+00  0.00000000E+00  0.00000000E+00  1.27497073E-01  0.00000000E+00  0.00000000E+00 -2.08760709E-03
    0.003000      1   0.00000000E+00  0.00000000E+00  9.17671202E-04  0.00000000E+00  0.00000000E+00  0.00000000E+00  0.00000000E+00  0.00000000E+00  1.27495834E-01  0.00000000E+00  0.00000000E+00 -2.47674452E-03
    0.003500      1   0.00000000E+00  0.00000000E+00  1.04187673E-03  0.00000000E+00  0.00000000E+00  0.00000000E+00  0.00000000E+00  0.00000000E+00  1.27494370E-01  0.00000000E+00  0.00000000E+00 -2.92796520E-03
    0.004000      1   0.00000000E+00  0.00000000E+00  1.19210248E-03  0.00000000E+00  0.00000000E+00  0.00000000E+00  0.00000000E+00  0.00000000E+00  1.27492677E-01  0.00000000E+00  0.00000000E+00 -3.38586889E-03
    0.004500      1   0.00000000E+00  0.00000000E+00  1.23664264E-03  0.00000000E+00  0.00000000E+00  0.00000000E+00  0.00000000E+00  0.00000000E+00  1.27490772E-01  0.00000000E+00  0.00000000E+00 -3.81009422E-03
    0.005000      1   0.00000000E+00  0.00000000E+00  1.20311552E-03  0.00000000E+00  0.00000000E+00  0.00000000E+00  0.00000000E+00  0.00000000E+00  1.27488670E-01  0.00000000E+00  0.00000000E+00 -4.20571314E-03
    0.005500      1   0.00000000E+00  0.00000000E+00  1.17859929E-03  0.00000000E+00  0.00000000E+00  0.00000000E+00  0.00000000E+00  0.00000000E+00  1.27486371E-01  0.00000000E+00  0.00000000E+00 -4.59698268E-03
    0.006000      1   0.00000000E+00  0.00000000E+00  1.19393662E-03  0.00000000E+00  0.00000000E+00  0.00000000E+00  0.00000000E+00  0.00000000E+00  1.27483873E-01  0.00000000E+00  0.00000000E+00 -4.99592534E-03
    0.006500      1   0.00000000E+00  0.00000000E+00  1.23204402E-03  0.00000000E+00  0.00000000E+00  0.00000000E+00  0.00000000E+00  0.00000000E+00  1.27481174E-01  0.00000000E+00  0.00000000E+00 -5.39753763E-03
    0.007000      1   0.00000000E+00  0.00000000E+00  1.26367379E-03  0.00000000E+00  0.00000000E+00  0.00000000E+00  0.00000000E+00  0.00000000E+00  1.27478278E-01  0.00000000E+00  0.00000000E+00 -5.79326199E-03
    0.007500      1   0.00000000E+00  0.00000000E+00  1.26947910E-03  0.00000000E+00  0.00000000E+00  0.00000000E+00  0.00000000E+00  0.00000000E+00  1.27475188E-01  0.00000000E+00  0.00000000E+00 -6.17993213E-03
    0.008000      1   0.00000000E+00  0.00000000E+00  1.27402787E-03  0.00000000E+00  0.00000000E+00  0.00000000E+00  0.00000000E+00  0.00000000E+00  1.27471907E-01  0.00000000E+00  0.00000000E+00 -6.56089513E-03
    0.008500      1   0.00000000E+00  0.00000000E+00  1.28499311E-03  0.00000000E+00  0.00000000E+00  0.00000000E+00  0.00000000E+00  0.00000000E+00  1.27468437E-01  0.00000000E+00  0.00000000E+00 -6.94050265E-03
    0.009000      1   0.00000000E+00  0.00000000E+00  1.30166329E-03  0.00000000E+00  0.00000000E+00  0.00000000E+00  0.00000000E+00  0.00000000E+00  1.27464778E-01  0.00000000E+00  0.00000000E+00 -7.31839370E-03
    0.009500      1   0.00000000E+00  0.00000000E+00  1.31826877E-03  0.00000000E+00  0.00000000E+00  0.00000000E+00  0.00000000E+00  0.00000000E+00  1.27460931E-01  0.00000000E+00  0.00000000E+00 -7.69301020E-03
    0.010000      1   0.00000000E+00  0.00000000E+00  1.33338549E-03  0.00000000E+00  0.00000000E+00  0.00000000E+00  0.00000000E+00  0.00000000E+00  1.27456900E-01  0.00000000E+00  0.00000000E+00 -8.06342108E-03
    0.010500      1   0.00000000E+00  0.00000000E+00  1.34535429E-03  0.00000000E+00  0.00000000E+00  0.00000000E+00  0.00000000E+00  0.00000000E+00  1.27452685E-01  0.00000000E+00  0.00000000E+00 -8.42976861E-03
    0.011000      1   0.00000000E+00  0.00000000E+00  1.35176308E-03  0.00000000E+00  0.00000000E+00  0.00000000E+00  0.00000000E+00  0.00000000E+00  1.27448288E-01  0.00000000E+00  0.00000000E+00 -8.79257559E-03
    0.011500      1   0.00000000E+00  0.00000000E+00  1.35682277E-03  0.00000000E+00  0.00000000E+00  0.00000000E+00  0.00000000E+00  0.00000000E+00  1.27443712E-01  0.00000000E+00  0.00000000E+00 -9.15285054E-03
    0.012000      1   0.00000000E+00  0.00000000E+00  1.36865870E-03  0.00000000E+00  0.00000000E+00  0.00000000E+00  0.00000000E+00  0.00000000E+00  1.27438956E-01  0.00000000E+00  0.00000000E+00 -9.51162574E-03
    0.012500      1   0.00000000E+00  0.00000000E+00  1.37742941E-03  0.00000000E+00  0.00000000E+00  0.00000000E+00  0.00000000E+00  0.00000000E+00  1.27434022E-01  0.00000000E+00  0.00000000E+00 -9.86852358E-03
    0.013000      1   0.00000000E+00  0.00000000E+00  1.37952285E-03  0.00000000E+00  0.00000000E+00  0.00000000E+00  0.00000000E+00  0.00000000E+00  1.27428911E-01  0.00000000E+00  0.00000000E+00 -1.02227024E-02
    0.013500      1   0.00000000E+00  0.00000000E+00  1.39158717E-03  0.00000000E+00  0.00000000E+00  0.00000000E+00  0.00000000E+00  0.00000000E+00  1.27423623E-01  0.00000000E+00  0.00000000E+00 -1.05752558E-02
    0.014000      1   0.00000000E+00  0.00000000E+00  1.40163330E-03  0.00000000E+00  0.00000000E+00  0.00000000E+00  0.00000000E+00  0.00000000E+00  1.27418160E-01  0.00000000E+00  0.00000000E+00 -1.09263988E-02
    0.014500      1   0.00000000E+00  0.00000000E+00  1.41244340E-03  0.00000000E+00  0.00000000E+00  0.00000000E+00  0.00000000E+00  0.00000000E+00  1.27412522E-01  0.00000000E+00  0.00000000E+00 -1.12746725E-02
    0.015000      1   0.00000000E+00  0.00000000E+00  1.41815251E-03  0.00000000E+00  0.00000000E+00  0.00000000E+00  0.00000000E+00  0.00000000E+00  1.27406712E-01  0.00000000E+00  0.00000000E+00 -1.16203407E-02
    0.015500      1   0.00000000E+00  0.00000000E+00  1.42684291E-03  0.00000000E+00  0.00000000E+00  0.00000000E+00  0.00000000E+00  0.00000000E+00  1.27400730E-01  0.00000000E+00  0.00000000E+00 -1.19637290E-02
    0.016000      1   0.00000000E+00  0.00000000E+00  1.43875151E-03  0.00000000E+00  0.00000000E+00  0.00000000E+00  0.00000000E+00  0.00000000E+00  1.27394578E-01  0.00000000E+00  0.00000000E+00 -1.23054114E-02
    0.016500      1   0.00000000E+00  0.00000000E+00  1.44872214E-03  0.00000000E+00  0.00000000E+00  0.00000000E+00  0.00000000E+00  0.00000000E+00  1.27388255E-01  0.00000000E+00  0.00000000E+00 -1.26446139E-02
    0.017000      1   0.00000000E+00  0.00000000E+00  1.45673813E-03  0.00000000E+00  0.00000000E+00  0.00000000E+00  0.00000000E+00  0.00000000E+00  1.27381765E-01  0.00000000E+00  0.00000000E+00 -1.29809792E-02
    0.017500      1   0.00000000E+00  0.00000000E+00  1.45675002E-03  0.00000000E+00  0.00000000E+00  0.00000000E+00  0.00000000E+00  0.00000000E+00  1.27375107E-01  0.00000000E+00  0.00000000E+00 -1.33149986E-02
    0.018000      1   0.00000000E+00  0.00000000E+00  1.46442115E-03  0.00000000E+00  0.00000000E+00  0.00000000E+00  0.00000000E+00  0.00000000E+00  1.27368284E-01  0.00000000E+00  0.00000000E+00 -1.36477006E-02
    0.018500      1   0.00000000E+00  0.00000000E+00  1.47862448E-03  0.00000000E+00  0.00000000E+00  0.00000000E+00  0.00000000E+00  0.00000000E+00  1.27361294E-01  0.00000000E+00  0.00000000E+00 -1.39797224E-02
    0.019000      1   0.00000000E+00  0.00000000E+00  1.47961759E-03  0.00000000E+00  0.00000000E+00  0.00000000E+00  0.00000000E+00  0.00000000E+00  1.27354139E-01  0.00000000E+00  0.00000000E+00 -1.43092286E-02
    0.019500      1   0.00000000E+00  0.00000000E+00  1.48763458E-03  0.00000000E+00  0.00000000E+00  0.00000000E+00  0.00000000E+00  0.00000000E+00  1.27346821E-01  0.00000000E+00  0.00000000E+00 -1.46363148E-02
    0.020000      1   0.00000000E+00  0.00000000E+00  1.48791459E-03  0.00000000E+00  0.00000000E+00  0.00000000E+00  0.00000000E+00  0.00000000E+00  1.27339340E-01  0.00000000E+00  0.00000000E+00 -1.49625290E-02
    0.020500      1   0.00000000E+00  0.00000000E+00  1.49342884E-03  0.00000000E+00  0.00000000E+00  0.00000000E+00  0.00000000E+00  0.00000000E+00  1.27331696E-01  0.00000000E+00  0.00000000E+00 -1.52874020E-02
    0.021000      1   0.00000000E+00  0.00000000E+00  1.50158204E-03  0.00000000E+00  0.00000000E+00  0.00000000E+00  0.00000000E+00  0.00000000E+00  1.27323890E-01  0.00000000E+00  0.00000000E+00 -1.56117415E-02
    0.021500      1   0.00000000E+00  0.00000000E+00  1.50556150E-03  0.00000000E+00  0.00000000E+00  0.00000000E+00  0.00000000E+00  0.00000000E+00  1.27315923E-01  0.00000000E+00  0.00000000E+00 -1.59344546E-02
    0.022000      1   0.00000000E+00  0.00000000E+00  1.52007230E-03  0.00000000E+00  0.00000000E+00  0.00000000E+00  0.00000000E+00  0.00000000E+00  1.27307795E-01  0.00000000E+00  0.00000000E+00 -1.62554770E-02
    0.022500      1   0.00000000E+00  0.00000000E+00  1.53630292E-03  0.00000000E+00  0.00000000E+00  0.00000000E+00  0.00000000E+00  0.00000000E+00  1.27299508E-01  0.00000000E+00  0.00000000E+00 -1.65745630E-02
    0.023000      1   0.00000000E+00  0.00000000E+00  1.54485420E-03  0.00000000E+00  0.00000000E+00  0.00000000E+00  0.00000000E+00  0.00000000E+00  1.27291063E-01  0.00000000E+00  0.00000000E+00 -1.68898310E-02
    0.023500      1   0.00000000E+00  0.00000000E+00  1.54645802E-03  0.00000000E+00  0.00000000E+00  0.00000000E+00  0.00000000E+00  0.00000000E+00  1.27282462E-01  0.00000000E+00  0.00000000E+00 -1.72016777E-02
    0.024000      1   0.00000000E+00  0.00000000E+00  1.55297398E-03  0.00000000E+00  0.00000000E+00  0.00000000E+00  0.00000000E+00  0.00000000E+00  1.27273706E-01  0.00000000E+00  0.00000000E+00 -1.75119785E-02
    0.024500      1   0.00000000E+00  0.00000000E+00  1.55140749E-03  0.00000000E+00  0.00000000E+00  0.00000000E+00  0.00000000E+00  0.00000000E+00  1.27264795E-01  0.00000000E+00  0.00000000E+00 -1.78214398E-02
    0.025000      1   0.00000000E+00  0.00000000E+00  1.55565844E-03  0.00000000E+00  0.00000000E+00  0.00000000E+00  0.00000000E+00  0.00000000E+00  1.27255730E-01  0.00000000E+00  0.00000000E+00 -1.81299696E-02
    0.025500      1   0.00000000E+00  0.00000000E+00  1.56093560E-03  0.00000000E+00  0.00000000E+00  0.00000000E+00  0.00000000E+00  0.00000000E+00  1.27246511E-01  0.00000000E+00  0.00000000E+00 -1.84383807E-02
    0.026000      1   0.00000000E+00  0.00000000E+00  1.57281920E-03  0.00000000E+00  0.00000000E+00  0.00000000E+00  0.00000000E+00  0.00000000E+00  1.27237138E-01  0.00000000E+00  0.00000000E+00 -1.87456273E-02
    0.026500      1   0.00000000E+00  0.00000000E+00  1.58272011E-03  0.00000000E+00  0.00000000E+00  0.00000000E+00  0.00000000E+00  0.00000000E+00  1.27227613E-01  0.00000000E+00  0.00000000E+00 -1.90509565E-02
    0.027000      1   0.00000000E+00  0.00000000E+00  1.58855763E-03  0.00000000E+00  0.00000000E+00  0.00000000E+00  0.00000000E+00  0.00000000E+00  1.27217936E-01  0.00000000E+00  0.00000000E+00 -1.93534589E-02
    0.027500      1   0.00000000E+00  0.00000000E+00  1.58800789E-03  0.00000000E+00  0.00000000E+00  0.00000000E+00  0.00000000E+00  0.00000000E+00  1.27208109E-01  0.00000000E+00  0.00000000E+00 -1.96538194E-02
    0.028000      1   0.00000000E+00  0.00000000E+00  1.59182657E-03  0.00000000E+00  0.00000000E+00  0.00000000E+00  0.00000000E+00  0.00000000E+00  1.27198133E-01  0.00000000E+00  0.00000000E+00 -1.99532699E-02
    0.028500      1   0.00000000E+00  0.00000000E+00  1.60623270E-03  0.00000000E+00  0.00000000E+00  0.00000000E+00  0.00000000E+00  0.00000000E+00  1.27188006E-01  0.00000000E+00  0.00000000E+00 -2.02524730E-02
    0.029000      1   0.00000000E+00  0.00000000E+00  1.61893690E-03  0.00000000E+00  0.00000000E+00  0.00000000E+00  0.00000000E+00  0.00000000E+00  1.27177732E-01  0.00000000E+00  0.00000000E+00 -2.05497753E-02
    0.029500      1   0.00000000E+00  0.00000000E+00  1.62961708E-03  0.00000000E+00  0.00000000E+00  0.00000000E+00  0.00000000E+00  0.00000000E+00  1.27167310E-01  0.00000000E+00  0.00000000E+00 -2.08435887E-02
    0.030000      1   0.00000000E+00  0.00000000E+00  1.62015265E-03  0.00000000E+00  0.00000000E+00  0.00000000E+00  0.00000000E+00  0.00000000E+00  1.27156743E-01  0.00000000E+00  0.00000000E+00 -2.11343717E-02
    0.030500      1   0.00000000E+00  0.00000000E+00  1.61635952E-03  0.00000000E+00  0.00000000E+00  0.00000000E+00  0.00000000E+00  0.00000000E+00  1.27146030E-01  0.00000000E+00  0.00000000E+00 -2.14242377E-02
    0.031000      1   0.00000000E+00  0.00000000E+00  1.61423720E-03  0.00000000E+00  0.00000000E+00  0.00000000E+00  0.00000000E+00  0.00000000E+00  1.27135172E-01  0.00000000E+00  0.00000000E+00 -2.17159933E-02
    0.031500      1   0.00000000E+00  0.00000000E+00  1.62862158E-03  0.00000000E+00  0.00000000E+00  0.00000000E+00  0.00000000E+00  0.00000000E+00  1.27124168E-01  0.00000000E+00  0.00000000E+00 -2.20085593E-02
    0.032000      1   0.00000000E+00  0.00000000E+00  1.65208957E-03  0.00000000E+00  0.00000000E+00  0.00000000E+00  0.00000000E+00  0.00000000E+00  1.27113018E-01  0.00000000E+00  0.00000000E+00 -2.23002020E-02
    0.032500      1   0.00000000E+00  0.00000000E+00  1.66111281E-03  0.00000000E+00  0.00000000E+00  0.00000000E+00  0.00000000E+00  0.00000000E+00  1.27101724E-01  0.00000000E+00  0.00000000E+00 -2.25874077E-02
    0.033000      1   0.00000000E+00  0.00000000E+00  1.66909941E-03  0.00000000E+00  0.00000000E+00  0.00000000E+00  0.00000000E+00  0.00000000E+00  1.27090289E-01  0.00000000E+00  0.00000000E+00 -2.28699619E-02
    0.033500      1   0.00000000E+00  0.00000000E+00  1.66980623E-03  0.00000000E+00  0.00000000E+00  0.00000000E+00  0.00000000E+00  0.00000000E+00  1.27078714E-01  0.00000000E+00  0.00000000E+00 -2.31503282E-02
    0.034000      1   0.00000000E+00  0.00000000E+00  1.68409090E-03  0.00000000E+00  0.00000000E+00  0.00000000E+00  0.00000000E+00  0.00000000E+00  1.27067000E-01  0.00000000E+00  0.00000000E+00 -2.34293206E-02
    0.034500      1   0.00000000E+00  0.00000000E+00  1.68248326E-03  0.00000000E+00  0.00000000E+00  0.00000000E+00  0.00000000E+00  0.00000000E+00  1.27055146E-01  0.00000000E+00  0.00000000E+00 -2.37069339E-02
    0.035000      1   0.00000000E+00  0.00000000E+00  1.67796727E-03  0.00000000E+00  0.00000000E+00  0.00000000E+00  0.00000000E+00  0.00000000E+00  1.27043155E-01  0.00000000E+00  0.00000000E+00 -2.39823437E-02
    0.035500      1   0.00000000E+00  0.00000000E+00  1.69098354E-03  0.00000000E+00  0.00000000E+00  0.00000000E+00  0.00000000E+00  0.00000000E+00  1.27031026E-01  0.00000000E+00  0.00000000E+00 -2.42584167E-02
    0.036000      1   0.00000000E+00  0.00000000E+00  1.70134158E-03  0.00000000E+00  0.00000000E+00  0.00000000E+00  0.00000000E+00  0.00000000E+00  1.27018759E-01  0.00000000E+00  0.00000000E+00 -2.45340805E-02
    0.036500      1   0.00000000E+00  0.00000000E+00  1.71923446E-03  0.00000000E+00  0.00000000E+00  0.00000000E+00  0.00000000E+00  0.00000000E+00  1.27006355E-01  0.00000000E+00  0.00000000E+00 -2.48066910E-02
    0.037000      1   0.00000000E+00  0.00000000E+00  1.71331173E-03  0.00000000E+00  0.00000000E+00  0.00000000E+00  0.00000000E+00  0.00000000E+00  1.26993817E-01  0.00000000E+00  0.00000000E+00 -2.50760185E-02
    0.037500      1   0.00000000E+00  0.00000000E+00  1.69807921E-03  0.00000000E+00  0.00000000E+00  0.00000000E+00  0.00000000E+00  0.00000000E+00  1.26981146E-01  0.00000000E+00  0.00000000E+00 -2.53429317E-02
    0.038000      1   0.00000000E+00  0.00000000E+00  1.69911536E-03  0.00000000E+00  0.00000000E+00  0.00000000E+00  0.00000000E+00  0.00000000E+00  1.26968340E-01  0.00000000E+00  0.00000000E+00 -2.56121642E-02
    0.038500      1   0.00000000E+00  0.00000000E+00  1.70732011E-03  0.00000000E+00  0.00000000E+00  0.00000000E+00  0.00000000E+00  0.00000000E+00  1.26955398E-01  0.00000000E+00  0.00000000E+00 -2.58838064E-02
    0.039000      1   0.00000000E+00  0.00000000E+00  1.71566206E-03  0.00000000E+00  0.00000000E+00  0.00000000E+00  0.00000000E+00  0.00000000E+00  1.26942321E-01  0.00000000E+00  0.00000000E+00 -2.61545530E-02
    0.039500      1   0.00000000E+00  0.00000000E+00  1.72672312E-03  0.00000000E+00  0.00000000E+00  0.00000000E+00  0.00000000E+00  0.00000000E+00  1.26929109E-01  0.00000000E+00  0.00000000E+00 -2.64232147E-02
    0.040000      1   0.00000000E+00  0.00000000E+00  1.71474818E-03  0.00000000E+00  0.00000000E+00  0.00000000E+00  0.00000000E+00  0.00000000E+00  1.26915764E-01  0.00000000E+00  0.00000000E+00 -2.66895286E-02
    0.040500      1   0.00000000E+00  0.00000000E+00  1.72441837E-03  0.00000000E+00  0.00000000E+00  0.00000000E+00  0.00000000E+00  0.00000000E+00  1.26902287E-01  0.00000000E+00  0.00000000E+00 -2.69550850E-02
    0.041000      1   0.00000000E+00  0.00000000E+00  1.74224604E-03  0.00000000E+00  0.00000000E+00  0.00000000E+00  0.00000000E+00  0.00000000E+00  1.26888676E-01  0.00000000E+00  0.00000000E+00 -2.72217527E-02
    0.041500      1   0.00000000E+00  0.00000000E+00  1.72551647E-03  0.00000000E+00  0.00000000E+00  0.00000000E+00  0.00000000E+00  0.00000000E+00  1.26874933E-01  0.00000000E+00  0.00000000E+00 -2.74852562E-02
    0.042000      1   0.00000000E+00  0.00000000E+00  1.71993088E-03  0.00000000E+00  0.00000000E+00  0.00000000E+00  0.00000000E+00  0.00000000E+00  1.26861060E-01  0.00000000E+00  0.00000000E+00 -2.77473115E-02
    0.042500      1   0.00000000E+00  0.00000000E+00  1.71828678E-03  0.00000000E+00  0.00000000E+00  0.00000000E+00  0.00000000E+00  0.00000000E+00  1.26847053E-01  0.00000000E+00  0.00000000E+00 -2.80126078E-02
    0.043000      1   0.00000000E+00  0.00000000E+00  1.73589684E-03  0.00000000E+00  0.00000000E+00  0.00000000E+00  0.00000000E+00  0.00000000E+00  1.26832914E-01  0.00000000E+00  0.00000000E+00 -2.82789667E-02
    0.043500      1   0.00000000E+00  0.00000000E+00  1.73753538E-03  0.00000000E+00  0.00000000E+00  0.00000000E+00  0.00000000E+00  0.00000000E+00  1.26818642E-01  0.00000000E+00  0.00000000E+00 -2.85440385E-02
    0.044000      1   0.00000000E+00  0.00000000E+00  1.74887687E-03  0.00000000E+00  0.00000000E+00  0.00000000E+00  0.00000000E+00  0.00000000E+00  1.26804239E-01  0.00000000E+00  0.00000000E+00 -2.88060736E-02
    0.044500      1   0.00000000E+00  0.00000000E+00  1.73669303E-03  0.00000000E+00  0.00000000E+00  0.00000000E+00  0.00000000E+00  0.00000000E+00  1.26789705E-01  0.00000000E+00  0.00000000E+00 -2.90668369E-02
    0.045000      1   0.00000000E+00  0.00000000E+00  1.73119239E-03  0.00000000E+00  0.00000000E+00  0.00000000E+00  0.00000000E+00  0.00000000E+00  1.26775042E-01  0.00000000E+00  0.00000000E+00 -2.93268152E-02
    0.045500      1   0.00000000E+00  0.00000000E+00  1.72838891E-03  0.00000000E+00  0.00000000E+00  0.00000000E+00  0.00000000E+00  0.00000000E+00  1.26760247E-01  0.00000000E+00  0.00000000E+00 -2.95892805E-02
    0.046000      1   0.00000000E+00  0.00000000E+00  1.76561185E-03  0.00000000E+00  0.00000000E+00  0.00000000E+00  0.00000000E+00  0.00000000E+00  1.26745321E-01  0.00000000E+00  0.00000000E+00 -2.98528969E-02
    0.046500      1   0.00000000E+00  0.00000000E+00  1.77888310E-03  0.00000000E+00  0.00000000E+00  0.00000000E+00  0.00000000E+00  0.00000000E+00  1.26730264E-01  0.00000000E+00  0.00000000E+00 -3.01136824E-02
    0.047000      1   0.00000000E+00  0.00000000E+00  1.77052794E-03  0.00000000E+00  0.00000000E+00  0.00000000E+00  0.00000000E+00  0.00000000E+00  1.26715080E-01  0.00000000E+00  0.00000000E+00 -3.03671822E-02
    0.047500      1   0.00000000E+00  0.00000000E+00  1.75699589E-03  0.00000000E+00  0.00000000E+00  0.00000000E+00  0.00000000E+00  0.00000000E+00  1.26699771E-01  0.00000000E+00  0.00000000E+00 -3.06192416E-02
    0.048000      1   0.00000000E+00  0.00000000E+00  1.76190446E-03  0.00000000E+00  0.00000000E+00  0.00000000E+00  0.00000000E+00  0.00000000E+00  1.26684334E-01  0.00000000E+00  0.00000000E+00 -3.08738694E-02
    0.048500      1   0.00000000E+00  0.00000000E+00  1.77097826E-03  0.00000000E+00  0.00000000E+00  0.00000000E+00  0.00000000E+00  0.00000000E+00  1.26668769E-01  0.00000000E+00  0.00000000E+00 -3.11302852E-02
    0.049000      1   0.00000000E+00  0.00000000E+00  1.77570405E-03  0.00000000E+00  0.00000000E+00  0.00000000E+00  0.00000000E+00  0.00000000E+00  1.26653076E-01  0.00000000E+00  0.00000000E+00 -3.13850928E-02
    0.049500      1   0.00000000E+00  0.00000000E+00  1.78892757E-03  0.00000000E+00  0.00000000E+00  0.00000000E+00  0.00000000E+00  0.00000000E+00  1.26637257E-01  0.00000000E+00  0.00000000E+00 -3.16379925E-02
    0.050000      1   0.00000000E+00  0.00000000E+00  1.80448188E-03  0.00000000E+00  0.00000000E+00  0.00000000E+00  0.00000000E+00  0.00000000E+00  1.26621313E-01  0.00000000E+00  0.00000000E+00 -3.18889469E-02
    0.050500      1   0.00000000E+00  0.00000000E+00  1.79967975E-03  0.00000000E+00  0.00000000E+00  0.00000000E+00  0.00000000E+00  0.00000000E+00  1.26605244E-01  0.00000000E+00  0.00000000E+00 -3.21363547E-02
    0.051000      1   0.00000000E+00  0.00000000E+00  1.79865340E-03  0.00000000E+00  0.00000000E+00  0.00000000E+00  0.00000000E+00  0.00000000E+00  1.26589054E-01  0.00000000E+00  0.00000000E+00 -3.23816329E-02
    0.051500      1   0.00000000E+00  0.00000000E+00  1.77006569E-03  0.00000000E+00  0.00000000E+00  0.00000000E+00  0.00000000E+00  0.00000000E+00  1.26572740E-01  0.00000000E+00  0.00000000E+00 -3.26277905E-02
    0.052000      1   0.00000000E+00  0.00000000E+00  1.80282143E-03  0.00000000E+00  0.00000000E+00  0.00000000E+00  0.00000000E+00  0.00000000E+00  1.26556301E-01  0.00000000E+00  0.00000000E+00 -3.28766442E-02
    0.052500      1   0.00000000E+00  0.00000000E+00  1.82985136E-03  0.00000000E+00  0.00000000E+00  0.00000000E+00  0.00000000E+00  0.00000000E+00  1.26539738E-01  0.00000000E+00  0.00000000E+00 -3.31272961E-02
    0.053000      1   0.00000000E+00  0.00000000E+00  1.83741906E-03  0.00000000E+00  0.00000000E+00  0.00000000E+00  0.00000000E+00  0.00000000E+00  1.26523053E-01  0.00000000E+00  0.00000000E+00 -3.33701792E-02
    0.053500      1   0.00000000E+00  0.00000000E+00  1.83453964E-03  0.00000000E+00  0.00000000E+00  0.00000000E+00  0.00000000E+00  0.00000000E+00  1.26506249E-01  0.00000000E+00  0.00000000E+00 -3.36079547E-02
    0.054000      1   0.00000000E+00  0.00000000E+00  1.82530220E-03  0.00000000E+00  0.00000000E+00  0.00000000E+00  0.00000000E+00  0.00000000E+00  1.26489326E-01  0.00000000E+00  0.00000000E+00 -3.38447421E-02
    0.054500      1   0.00000000E+00  0.00000000E+00  1.83779293E-03  0.00000000E+00  0.00000000E+00  0.00000000E+00  0.00000000E+00  0.00000000E+00  1.26472285E-01  0.00000000E+00  0.00000000E+00 -3.40828191E-02
    0.055000      1   0.00000000E+00  0.00000000E+00  1.85341635E-03  0.00000000E+00  0.00000000E+00  0.00000000E+00  0.00000000E+00  0.00000000E+00  1.26455124E-01  0.00000000E+00  0.00000000E+00 -3.43213086E-02
    0.055500      1   0.00000000E+00  0.00000000E+00  1.85314781E-03  0.00000000E+00  0.00000000E+00  0.00000000E+00  0.00000000E+00  0.00000000E+00  1.26437846E-01  0.00000000E+00  0.00000000E+00 -3.45563655E-02
    0.056000      1   0.00000000E+00  0.00000000E+00  1.82709830E-03  0.00000000E+00  0.00000000E+00  0.00000000E+00  0.00000000E+00  0.00000000E+00  1.26420452E-01  0.00000000E+00  0.00000000E+00 -3.47888807E-02
    0.056500      1   0.00000000E+00  0.00000000E+00  1.84581638E-03  0.00000000E+00  0.00000000E+00  0.00000000E+00  0.00000000E+00  0.00000000E+00  1.26402940E-01  0.00000000E+00  0.00000000E+00 -3.50237433E-02
    0.057000      1   0.00000000E+00  0.00000000E+00  1.84448118E-03  0.00000000E+00  0.00000000E+00  0.00000000E+00  0.00000000E+00  0.00000000E+00  1.26385309E-01  0.00000000E+00  0.00000000E+00 -3.52612284E-02
    0.057500      1   0.00000000E+00  0.00000000E+00  1.86021983E-03  0.00000000E+00  0.00000000E+00  0.00000000E+00  0.00000000E+00  0.00000000E+00  1.26367561E-01  0.00000000E+00  0.00000000E+00 -3.54957579E-02
    0.058000      1   0.00000000E+00  0.00000000E+00  1.85400679E-03  0.00000000E+00  0.00000000E+00  0.00000000E+00  0.00000000E+00  0.00000000E+00  1.26349697E-01  0.00000000E+00  0.00000000E+00 -3.57291150E-02
    0.058500      1   0.00000000E+00  0.00000000E+00  1.86324549E-03  0.00000000E+00  0.00000000E+00  0.00000000E+00  0.00000000E+00  0.00000000E+00  1.26331716E-01  0.00000000E+00  0.00000000E+00 -3.59604371E-02
    0.059000      1   0.00000000E+00  0.00000000E+00  1.83531929E-03  0.00000000E+00  0.00000000E+00  0.00000000E+00  0.00000000E+00  0.00000000E+00  1.26313620E-01  0.00000000E+00  0.00000000E+00 -3.61919625E-02
    0.059500      1   0.00000000E+00  0.00000000E+00  1.81878510E-03  0.00000000E+00  0.00000000E+00  0.00000000E+00  0.00000000E+00  0.00000000E+00  1.26295408E-01  0.00000000E+00  0.00000000E+00 -3.64244401E-02
    0.060000      1   0.00000000E+00  0.00000000E+00  1.84418445E-03  0.00000000E+00  0.00000000E+00  0.00000000E+00  0.00000000E+00  0.00000000E+00  1.26277077E-01  0.00000000E+00  0.00000000E+00 -3.66629653E-02
    0.060500      1   0.00000000E+00  0.00000000E+00  1.85071841E-03  0.00000000E+00  0.00000000E+00  0.00000000E+00  0.00000000E+00  0.00000000E+00  1.26258626E-01  0.00000000E+00  0.00000000E+00 -3.69019598E-02
    0.061000      1   0.00000000E+00  0.00000000E+00  1.84660938E-03  0.00000000E+00  0.00000000E+00  0.00000000E+00  0.00000000E+00  0.00000000E+00  1.26240058E-01  0.00000000E+00  0.00000000E+00 -3.71362058E-02
    0.061500      1   0.00000000E+00  0.00000000E+00  1.83233721E-03  0.00000000E+00  0.00000000E+00  0.00000000E+00  0.00000000E+00  0.00000000E+00  1.26221373E-01  0.00000000E+00  0.00000000E+00 -3.73697421E-02
    0.062000      1   0.00000000E+00  0.00000000E+00  1.81616418E-03  0.00000000E+00  0.00000000E+00  0.00000000E+00  0.00000000E+00  0.00000000E+00  1.26202570E-01  0.00000000E+00  0.00000000E+00 -3.76052151E-02
    0.062500      1   0.00000000E+00  0.00000000E+00  1.85129560E-03  0.00000000E+00  0.00000000E+00  0.00000000E+00  0.00000000E+00  0.00000000E+00  1.26183648E-01  0.00000000E+00  0.00000000E+00 -3.78444618E-02
    0.063000      1   0.00000000E+00  0.00000000E+00  1.88449830E-03  0.00000000E+00  0.00000000E+00  0.00000000E+00  0.00000000E+00  0.00000000E+00  1.26164606E-01  0.00000000E+00  0.00000000E+00 -3.80832579E-02
    0.063500      1   0.00000000E+00  0.00000000E+00  1.86347963E-03  0.00000000E+00  0.00000000E+00  0.00000000E+00  0.00000000E+00  0.00000000E+00  1.26145450E-01  0.00000000E+00  0.00000000E+00 -3.83133493E-02
    0.064000      1   0.00000000E+00  0.00000000E+00  1.85166224E-03  0.00000000E+00  0.00000000E+00  0.00000000E+00  0.00000000E+00  0.00000000E+00  1.26126180E-01  0.00000000E+00  0.00000000E+00 -3.85398471E-02
    0.064500      1   0.00000000E+00  0.00000000E+00  1.85891757E-03  0.00000000E+00  0.00000000E+00  0.00000000E+00  0.00000000E+00  0.00000000E+00  1.26106794E-01  0.00000000E+00  0.00000000E+00 -3.87708412E-02
    0.065000      1   0.00000000E+00  0.00000000E+00  1.86585493E-03  0.00000000E+00  0.00000000E+00  0.00000000E+00  0.00000000E+00  0.00000000E+00  1.26087293E-01  0.00000000E+00  0.00000000E+00 -3.90031343E-02
    0.065500      1   0.00000000E+00  0.00000000E+00  1.89026418E-03  0.00000000E+00  0.00000000E+00  0.00000000E+00  0.00000000E+00  0.00000000E+00  1.26067676E-01  0.00000000E+00  0.00000000E+00 -3.92336226E-02
    0.066000      1   0.00000000E+00  0.00000000E+00  1.89553656E-03  0.00000000E+00  0.00000000E+00  0.00000000E+00  0.00000000E+00  0.00000000E+00  1.26047946E-01  0.00000000E+00  0.00000000E+00 -3.94608135E-02
    0.066500      1   0.00000000E+00  0.00000000E+00  1.87475675E-03  0.00000000E+00  0.00000000E+00  0.00000000E+00  0.00000000E+00  0.00000000E+00  1.26028104E-01  0.00000000E+00  0.00000000E+00 -3.96835301E-02
    0.067000      1   0.00000000E+00  0.00000000E+00  1.87337808E-03  0.00000000E+00  0.00000000E+00  0.00000000E+00  0.00000000E+00  0.00000000E+00  1.26008150E-01  0.00000000E+00  0.00000000E+00 -3.99072182E-02
    0.067500      1   0.00000000E+00  0.00000000E+00  1.90844865E-03  0.00000000E+00  0.00000000E+00  0.00000000E+00  0.00000000E+00  0.00000000E+00  1.25988083E-01  0.00000000E+00  0.00000000E+00 -4.01344404E-02
    0.068000      1   0.00000000E+00  0.00000000E+00  1.92746041E-03  0.00000000E+00  0.00000000E+00  0.00000000E+00  0.00000000E+00  0.00000000E+00  1.25967904E-01  0.00000000E+00  0.00000000E+00 -4.03587881E-02
    0.068500      1   0.00000000E+00  0.00000000E+00  1.93710129E-03  0.00000000E+00  0.00000000E+00  0.00000000E+00  0.00000000E+00  0.00000000E+00  1.25947616E-01  0.00000000E+00  0.00000000E+00 -4.05756959E-02
    0.069000      1   0.00000000E+00  0.00000000E+00  1.92032486E-03  0.00000000E+00  0.00000000E+00  0.00000000E+00  0.00000000E+00  0.00000000E+00  1.25927221E-01  0.00000000E+00  0.00000000E+00 -4.07886294E-02
    0.069500      1   0.00000000E+00  0.00000000E+00  1.93163042E-03  0.00000000E+00  0.00000000E+00  0.00000000E+00  0.00000000E+00  0.00000000E+00  1.25906721E-01  0.00000000E+00  0.00000000E+00 -4.10014632E-02
    0.070000      1   0.00000000E+00  0.00000000E+00  1.95525086E-03  0.00000000E+00  0.00000000E+00  0.00000000E+00  0.00000000E+00  0.00000000E+00  1.25886113E-01  0.00000000E+00  0.00000000E+00 -4.12160521E-02
    0.070500      1   0.00000000E+00  0.00000000E+00  1.92568809E-03  0.00000000E+00  0.00000000E+00  0.00000000E+00  0.00000000E+00  0.00000000E+00  1.25865399E-01  0.00000000E+00  0.00000000E+00 -4.14266961E-02
    0.071000      1   0.00000000E+00  0.00000000E+00  1.91645869E-03  0.00000000E+00  0.00000000E+00  0.00000000E+00  0.00000000E+00  0.00000000E+00  1.25844581E-01  0.00000000E+00  0.00000000E+00 -4.16360754E-02
    0.071500      1   0.00000000E+00  0.00000000E+00  1.92515538E-03  0.00000000E+00  0.00000000E+00  0.00000000E+00  0.00000000E+00  0.00000000E+00  1.25823656E-01  0.00000000E+00  0.00000000E+00 -4.18511251E-02
    0.072000      1   0.00000000E+00  0.00000000E+00  1.91993821E-03  0.00000000E+00  0.00000000E+00  0.00000000E+00  0.00000000E+00  0.00000000E+00  1.25802622E-01  0.00000000E+00  0.00000000E+00 -4.20669214E-02
    0.072500      1   0.00000000E+00  0.00000000E+00  1.95691729E-03  0.00000000E+00  0.00000000E+00  0.00000000E+00  0.00000000E+00  0.00000000E+00  1.25781481E-01  0.00000000E+00  0.00000000E+00 -4.22817510E-02
    0.073000      1   0.00000000E+00  0.00000000E+00  1.92865739E-03  0.00000000E+00  0.00000000E+00  0.00000000E+00  0.00000000E+00  0.00000000E+00  1.25760234E-01  0.00000000E+00  0.00000000E+00 -4.24941676E-02
    0.073500      1   0.00000000E+00  0.00000000E+00  1.89868111E-03  0.00000000E+00  0.00000000E+00  0.00000000E+00  0.00000000E+00  0.00000000E+00  1.25738883E-01  0.00000000E+00  0.00000000E+00 -4.27030106E-02
    0.074000      1   0.00000000E+00  0.00000000E+00  1.90984955E-03  0.00000000E+00  0.00000000E+00  0.00000000E+00  0.00000000E+00  0.00000000E+00  1.25717423E-01  0.00000000E+00  0.00000000E+00 -4.29191447E-02
    0.074500      1   0.00000000E+00  0.00000000E+00  1.92567925E-03  0.00000000E+00  0.00000000E+00  0.00000000E+00  0.00000000E+00  0.00000000E+00  1.25695854E-01  0.00000000E+00  0.00000000E+00 -4.31392136E-02
    0.075000      1   0.00000000E+00  0.00000000E+00  1.91301911E-03  0.00000000E+00  0.00000000E+00  0.00000000E+00  0.00000000E+00  0.00000000E+00  1.25674176E-01  0.00000000E+00  0.00000000E+00 -4.33560488E-02
    0.075500      1   0.00000000E+00  0.00000000E+00  1.90219656E-03  0.00000000E+00  0.00000000E+00  0.00000000E+00  0.00000000E+00  0.00000000E+00  1.25652390E-01  0.00000000E+00  0.00000000E+00 -4.35714042E-02
    0.076000      1   0.00000000E+00  0.00000000E+00  1.93749469E-03  0.00000000E+00  0.00000000E+00  0.00000000E+00  0.00000000E+00  0.00000000E+00  1.25630495E-01  0.00000000E+00  0.00000000E+00 -4.37897953E-02
    0.076500      1   0.00000000E+00  0.00000000E+00  1.95712461E-03  0.00000000E+00  0.00000000E+00  0.00000000E+00  0.00000000E+00  0.00000000E+00  1.25608492E-01  0.00000000E+00  0.00000000E+00 -4.40068425E-02
    0.077000      1   0.00000000E+00  0.00000000E+00  1.92992552E-03  0.00000000E+00  0.00000000E+00  0.00000000E+00  0.00000000E+00  0.00000000E+00  1.25586383E-01  0.00000000E+00  0.00000000E+00 -4.42163579E-02
    0.077500      1   0.00000000E+00  0.00000000E+00  1.92959446E-03  0.00000000E+00  0.00000000E+00  0.00000000E+00  0.00000000E+00  0.00000000E+00  1.25564171E-01  0.00000000E+00  0.00000000E+00 -4.44250548E-02
    0.078000      1   0.00000000E+00  0.00000000E+00  1.92436571E-03  0.00000000E+00  0.00000000E+00  0.00000000E+00  0.00000000E+00  0.00000000E+00  1.25541852E-01  0.00000000E+00  0.00000000E+00 -4.46382473E-02
    0.078500      1   0.00000000E+00  0.00000000E+00  1.94986890E-03  0.00000000E+00  0.00000000E+00  0.00000000E+00  0.00000000E+00  0.00000000E+00  1.25519426E-01  0.00000000E+00  0.00000000E+00 -4.48519564E-02
    0.079000      1   0.00000000E+00  0.00000000E+00  1.97793872E-03  0.00000000E+00  0.00000000E+00  0.00000000E+00  0.00000000E+00  0.00000000E+00  1.25496894E-01  0.00000000E+00  0.00000000E+00 -4.50642692E-02
    0.079500      1   0.00000000E+00  0.00000000E+00  1.95971533E-03  0.00000000E+00  0.00000000E+00  0.00000000E+00  0.00000000E+00  0.00000000E+00  1.25474259E-01  0.00000000E+00  0.00000000E+00 -4.52699122E-02
    0.080000      1   0.00000000E+00  0.00000000E+00  1.92632587E-03  0.00000000E+00  0.00000000E+00  0.00000000E+00  0.00000000E+00  0.00000000E+00  1.25451522E-01  0.00000000E+00  0.00000000E+00 -4.54725573E-02
    0.080500      1   0.00000000E+00  0.00000000E+00  1.96412393E-03  0.00000000E+00  0.00000000E+00  0.00000000E+00  0.00000000E+00  0.00000000E+00  1.25428682E-01  0.00000000E+00  0.00000000E+00 -4.56811471E-02
    0.081000      1   0.00000000E+00  0.00000000E+00  1.99205780E-03  0.00000000E+00  0.00000000E+00  0.00000000E+00  0.00000000E+00  0.00000000E+00  1.25405736E-01  0.00000000E+00  0.00000000E+00 -4.58918776E-02
    0.081500      1   0.00000000E+00  0.00000000E+00  1.99850444E-03  0.00000000E+00  0.00000000E+00  0.00000000E+00  0.00000000E+00  0.00000000E+00  1.25382689E-01  0.00000000E+00  0.00000000E+00 -4.60939314E-02
    0.082000      1   0.00000000E+00  0.00000000E+00  2.00475658E-03  0.00000000E+00  0.00000000E+00  0.00000000E+00  0.00000000E+00  0.00000000E+00  1.25359543E-01  0.00000000E+00  0.00000000E+00 -4.62908283E-02
    0.082500      1   0.00000000E+00  0.00000000E+00  2.00458814E-03  0.00000000E+00  0.00000000E+00  0.00000000E+00  0.00000000E+00  0.00000000E+00  1.25336300E-01  0.00000000E+00  0.00000000E+00 -4.64861138E-02
    0.083000      1   0.00000000E+00  0.00000000E+00  1.96613330E-03  0.00000000E+00  0.00000000E+00  0.00000000E+00  0.00000000E+00  0.00000000E+00  1.25312960E-01  0.00000000E+00  0.00000000E+00 -4.66803876E-02
    0.083500      1   0.00000000E+00  0.00000000E+00  1.98455177E-03  0.00000000E+00  0.00000000E+00  0.00000000E+00  0.00000000E+00  0.00000000E+00  1.25289521E-01  0.00000000E+00  0.00000000E+00 -4.68780891E-02
    0.084000      1   0.00000000E+00  0.00000000E+00  1.99406613E-03  0.00000000E+00  0.00000000E+00  0.00000000E+00  0.00000000E+00  0.00000000E+00  1.25265981E-01  0.00000000E+00  0.00000000E+00 -4.70804767E-02
    0.084500      1   0.00000000E+00  0.00000000E+00  1.99322521E-03  0.00000000E+00  0.00000000E+00  0.00000000E+00  0.00000000E+00  0.00000000E+00  1.25242341E-01  0.00000000E+00  0.00000000E+00 -4.72789986E-02
    0.085000      1   0.00000000E+00  0.00000000E+00  2.00911895E-03  0.00000000E+00  0.00000000E+00  0.00000000E+00  0.00000000E+00  0.00000000E+00  1.25218603E-01  0.00000000E+00  0.00000000E+00 -4.74760325E-02
    0.085500      1   0.00000000E+00  0.00000000E+00  1.95720783E-03  0.00000000E+00  0.00000000E+00  0.00000000E+00  0.00000000E+00  0.00000000E+00  1.25194768E-01  0.00000000E+00  0.00000000E+00 -4.76717992E-02
    0.086000      1   0.00000000E+00  0.00000000E+00  1.95471593E-03  0.00000000E+00  0.00000000E+00  0.00000000E+00  0.00000000E+00  0.00000000E+00  1.25170833E-01  0.00000000E+00  0.00000000E+00 -4.78695459E-02
    0.086500      1   0.00000000E+00  0.00000000E+00  1.96812903E-03  0.00000000E+00  0.00000000E+00  0.00000000E+00  0.00000000E+00  0.00000000E+00  1.25146795E-01  0.00000000E+00  0.00000000E+00 -4.80760372E-02
    0.087000      1   0.00000000E+00  0.00000000E+00  1.96723503E-03  0.00000000E+00  0.00000000E+00  0.00000000E+00  0.00000000E+00  0.00000000E+00  1.25122654E-01  0.00000000E+00  0.00000000E+00 -4.82817517E-02
    0.087500      1   0.00000000E+00  0.00000000E+00  1.94735838E-03  0.00000000E+00  0.00000000E+00  0.00000000E+00  0.00000000E+00  0.00000000E+00  1.25098411E-01  0.00000000E+00  0.00000000E+00 -4.84853427E-02
    0.088000      1   0.00000000E+00  0.00000000E+00  1.96897928E-03  0.00000000E+00  0.00000000E+00  0.00000000E+00  0.00000000E+00  0.00000000E+00  1.25074066E-01  0.00000000E+00  0.00000000E+00 -4.86908380E-02
    0.088500      1   0.00000000E+00  0.00000000E+00  1.98709918E-03  0.00000000E+00  0.00000000E+00  0.00000000E+00  0.00000000E+00  0.00000000E+00  1.25049617E-01  0.00000000E+00  0.00000000E+00 -4.88976855E-02
    0.089000      1   0.00000000E+00  0.00000000E+00  1.97362495E-03  0.00000000E+00  0.00000000E+00  0.00000000E+00  0.00000000E+00  0.00000000E+00  1.25025067E-01  0.00000000E+00  0.00000000E+00 -4.90993805E-02
    0.089500      1   0.00000000E+00  0.00000000E+00  1.97339857E-03  0.00000000E+00  0.00000000E+00  0.00000000E+00  0.00000000E+00  0.00000000E+00  1.25000418E-01  0.00000000E+00  0.00000000E+00 -4.92992915E-02
    0.090000      1   0.00000000E+00  0.00000000E+00  1.98268915E-03  0.00000000E+00  0.00000000E+00  0.00000000E+00  0.00000000E+00  0.00000000E+00  1.24975667E-01  0.00000000E+00  0.00000000E+00 -4.95014351E-02
    0.090500      1   0.00000000E+00  0.00000000E+00  2.01061293E-03  0.00000000E+00  0.00000000E+00  0.00000000E+00  0.00000000E+00  0.00000000E+00  1.24950815E-01  0.00000000E+00  0.00000000E+00 -4.97027943E-02
    0.091000      1   0.00000000E+00  0.00000000E+00  2.00742390E-03  0.00000000E+00  0.00000000E+00  0.00000000E+00  0.00000000E+00  0.00000000E+00  1.24925865E-01  0.00000000E+00  0.00000000E+00 -4.99001590E-02
    0.091500      1   0.00000000E+00  0.00000000E+00  1.98553860E-03  0.00000000E+00  0.00000000E+00  0.00000000E+00  0.00000000E+00  0.00000000E+00  1.24900819E-01  0.00000000E+00  0.00000000E+00 -5.00932204E-02
    0.092000      1   0.00000000E+00  0.00000000E+00  2.02277664E-03  0.00000000E+00  0.00000000E+00  0.00000000E+00  0.00000000E+00  0.00000000E+00  1.24875674E-01  0.00000000E+00  0.00000000E+00 -5.02887405E-02
    0.092500      1   0.00000000E+00  0.00000000E+00  2.04247342E-03  0.00000000E+00  0.00000000E+00  0.00000000E+00  0.00000000E+00  0.00000000E+00  1.24850432E-01  0.00000000E+00  0.00000000E+00 -5.04845617E-02
    0.093000      1   0.00000000E+00  0.00000000E+00  2.04544128E-03  0.00000000E+00  0.00000000E+00  0.00000000E+00  0.00000000E+00  0.00000000E+00  1.24825096E-01  0.00000000E+00  0.00000000E+00 -5.06725267E-02
    0.093500      1   0.00000000E+00  0.00000000E+00  2.05709131E-03  0.00000000E+00  0.00000000E+00  0.00000000E+00  0.00000000E+00  0.00000000E+00  1.24799667E-01  0.00000000E+00  0.00000000E+00 -5.08569948E-02
    0.094000      1   0.00000000E+00  0.00000000E+00  2.07463454E-03  0.00000000E+00  0.00000000E+00  0.00000000E+00  0.00000000E+00  0.00000000E+00  1.24774147E-01  0.00000000E+00  0.00000000E+00 -5.10399455E-02
    0.094500      1   0.00000000E+00  0.00000000E+00  2.02882301E-03  0.00000000E+00  0.00000000E+00  0.00000000E+00  0.00000000E+00  0.00000000E+00  1.24748538E-01  0.00000000E+00  0.00000000E+00 -5.12194321E-02
    0.095000      1   0.00000000E+00  0.00000000E+00  2.01356852E-03  0.00000000E+00  0.00000000E+00  0.00000000E+00  0.00000000E+00  0.00000000E+00  1.24722838E-01  0.00000000E+00  0.00000000E+00 -5.14000885E-02
    0.095500      1   0.00000000E+00  0.00000000E+00  2.02351671E-03  0.00000000E+00  0.00000000E+00  0.00000000E+00  0.00000000E+00  0.00000000E+00  1.24697043E-01  0.00000000E+00  0.00000000E+00 -5.15896163E-02
    0.096000      1   0.00000000E+00  0.00000000E+00  2.06981870E-03  0.00000000E+00  0.00000000E+00  0.00000000E+00  0.00000000E+00  0.00000000E+00  1.24671152E-01  0.00000000E+00  0.00000000E+00 -5.17807695E-02
    0.096500      1   0.00000000E+00  0.00000000E+00  2.03359362E-03  0.00000000E+00  0.00000000E+00  0.00000000E+00  0.00000000E+00  0.00000000E+00  1.24645169E-01  0.00000000E+00  0.00000000E+00 -5.19661950E-02
    0.097000      1   0.00000000E+00  0.00000000E+00  1.99489375E-03  0.00000000E+00  0.00000000E+00  0.00000000E+00  0.00000000E+00  0.00000000E+00  1.24619096E-01  0.00000000E+00  0.00000000E+00 -5.21472204E-02
    0.097500      1   0.00000000E+00  0.00000000E+00  2.00362955E-03  0.00000000E+00  0.00000000E+00  0.00000000E+00  0.00000000E+00  0.00000000E+00  1.24592927E-01  0.00000000E+00  0.00000000E+00 -5.23376161E-02
    0.098000      1   0.00000000E+00  0.00000000E+00  2.01283175E-03  0.00000000E+00  0.00000000E+00  0.00000000E+00  0.00000000E+00  0.00000000E+00  1.24566660E-01  0.00000000E+00  0.00000000E+00 -5.25335941E-02
    0.098500      1   0.00000000E+00  0.00000000E+00  2.00392919E-03  0.00000000E+00  0.00000000E+00  0.00000000E+00  0.00000000E+00  0.00000000E+00  1.24540296E-01  0.00000000E+00  0.00000000E+00 -5.27273241E-02
    0.099000      1   0.00000000E+00  0.00000000E+00  2.04293729E-03  0.00000000E+00  0.00000000E+00  0.00000000E+00  0.00000000E+00  0.00000000E+00  1.24513836E-01  0.00000000E+00  0.00000000E+00 -5.29203301E-02
    0.099500      1   0.00000000E+00  0.00000000E+00  2.04079356E-03  0.00000000E+00  0.00000000E+00  0.00000000E+00  0.00000000E+00  0.00000000E+00  1.24487281E-01  0.00000000E+00  0.00000000E+00 -5.31113489E-02
    0.100000      1   0.00000000E+00  0.00000000E+00  2.02459340E-03  0.00000000E+00  0.00000000E+00  0.00000000E+00  0.00000000E+00  0.00000000E+00  1.24460633E-01  0.00000000E+00  0.00000000E+00 -5.32961518E-02
    0.100500      1   0.00000000E+00  0.00000000E+00  2.01646511E-03  0.00000000E+00  0.00000000E+00  0.00000000E+00  0.00000000E+00  0.00000000E+00  1.24433891E-01  0.00000000E+00  0.00000000E+00 -5.34827392E-02
    0.101000      1   0.00000000E+00  0.00000000E+00  2.03886968E-03  0.00000000E+00  0.00000000E+00  0.00000000E+00  0.00000000E+00  0.00000000E+00  1.24407055E-01  0.00000000E+00  0.00000000E+00 -5.36727054E-02
    0.101500      1   0.00000000E+00  0.00000000E+00  2.06075931E-03  0.00000000E+00  0.00000000E+00  0.00000000E+00  0.00000000E+00  0.00000000E+00  1.24380124E-01  0.00000000E+00  0.00000000E+00 -5.38620254E-02
    0.102000      1   0.00000000E+00  0.00000000E+00  2.02159508E-03  0.00000000E+00  0.00000000E+00  0.00000000E+00  0.00000000E+00  0.00000000E+00  1.24353101E-01  0.00000000E+00  0.00000000E+00 -5.40457309E-02
    0.102500      1   0.00000000E+00  0.00000000E+00  2.04892625E-03  0.00000000E+00  0.00000000E+00  0.00000000E+00  0.00000000E+00  0.00000000E+00  1.24325986E-01  0.00000000E+00  0.00000000E+00 -5.42293048E-02
    0.103000      1   0.00000000E+00  0.00000000E+00  2.08603830E-03  0.00000000E+00  0.00000000E+00  0.00000000E+00  0.00000000E+00  0.00000000E+00  1.24298778E-01  0.00000000E+00  0.00000000E+00 -5.44168932E-02
    0.103500      1   0.00000000E+00  0.00000000E+00  2.09348533E-03  0.00000000E+00  0.00000000E+00  0.00000000E+00  0.00000000E+00  0.00000000E+00  1.24271480E-01  0.00000000E+00  0.00000000E+00 -5.45967122E-02
    0.104000      1   0.00000000E+00  0.00000000E+00  2.09432499E-03  0.00000000E+00  0.00000000E+00  0.00000000E+00  0.00000000E+00  0.00000000E+00  1.24244095E-01  0.00000000E+00  0.00000000E+00 -5.47697787E-02
    0.104500      1   0.00000000E+00  0.00000000E+00  2.09862795E-03  0.00000000E+00  0.00000000E+00  0.00000000E+00  0.00000000E+00  0.00000000E+00  1.24216624E-01  0.00000000E+00  0.00000000E+00 -5.49415480E-02
    0.105000      1   0.00000000E+00  0.00000000E+00  2.07399589E-03  0.00000000E+00  0.00000000E+00  0.00000000E+00  0.00000000E+00  0.00000000E+00  1.24189067E-01  0.00000000E+00  0.00000000E+00 -5.51127990E-02
    0.105500      1   0.00000000E+00  0.00000000E+00  2.06391684E-03  0.00000000E+00  0.00000000E+00  0.00000000E+00  0.00000000E+00  0.00000000E+00  1.24161425E-01  0.00000000E+00  0.00000000E+00 -5.52855214E-02
    0.106000      1   0.00000000E+00  0.00000000E+00  2.07416142E-03  0.00000000E+00  0.00000000E+00  0.00000000E+00  0.00000000E+00  0.00000000E+00  1.24133693E-01  0.00000000E+00  0.00000000E+00 -5.54631797E-02
    0.106500      1   0.00000000E+00  0.00000000E+00  2.10455783E-03  0.00000000E+00  0.00000000E+00  0.00000000E+00  0.00000000E+00  0.00000000E+00  1.24105872E-01  0.00000000E+00  0.00000000E+00 -5.56415873E-02
    0.107000      1   0.00000000E+00  0.00000000E+00  2.04954214E-03  0.00000000E+00  0.00000000E+00  0.00000000E+00  0.00000000E+00  0.00000000E+00  1.24077965E-01  0.00000000E+00  0.00000000E+00 -5.58156250E-02
    0.107500      1   0.00000000E+00  0.00000000E+00  2.04213191E-03  0.00000000E+00  0.00000000E+00  0.00000000E+00  0.00000000E+00  0.00000000E+00  1.24049970E-01  0.00000000E+00  0.00000000E+00 -5.59895358E-02
    0.108000      1   0.00000000E+00  0.00000000E+00  2.03480040E-03  0.00000000E+00  0.00000000E+00  0.00000000E+00  0.00000000E+00  0.00000000E+00  1.24021883E-01  0.00000000E+00  0.00000000E+00 -5.61731358E-02
    0.108500      1   0.00000000E+00  0.00000000E+00  2.02258602E-03  0.00000000E+00  0.00000000E+00  0.00000000E+00  0.00000000E+00  0.00000000E+00  1.23993704E-01  0.00000000E+00  0.00000000E+00 -5.63586009E-02
    0.109000      1   0.00000000E+00  0.00000000E+00  2.04775076E-03  0.00000000E+00  0.00000000E+00  0.00000000E+00  0.00000000E+00  0.00000000E+00  1.23965431E-01  0.00000000E+00  0.00000000E+00 -5.65463499E-02
    0.109500      1   0.00000000E+00  0.00000000E+00  2.06878833E-03  0.00000000E+00  0.00000000E+00  0.00000000E+00  0.00000000E+00  0.00000000E+00  1.23937064E-01  0.00000000E+00  0.00000000E+00 -5.67338795E-02
    0.110000      1   0.00000000E+00  0.00000000E+00  2.05868423E-03  0.00000000E+00  0.00000000E+00  0.00000000E+00  0.00000000E+00  0.00000000E+00  1.23908606E-01  0.00000000E+00  0.00000000E+00 -5.69154168E-02
    0.110500      1   0.00000000E+00  0.00000000E+00  2.06636191E-03  0.00000000E+00  0.00000000E+00  0.00000000E+00  0.00000000E+00  0.00000000E+00  1.23880059E-01  0.00000000E+00  0.00000000E+00 -5.70943929E-02
    0.111000      1   0.00000000E+00  0.00000000E+00  2.05976419E-03  0.00000000E+00  0.00000000E+00  0.00000000E+00  0.00000000E+00  0.00000000E+00  1.23851422E-01  0.00000000E+00  0.00000000E+00 -5.72743493E-02
    0.111500      1   0.00000000E+00  0.00000000E+00  2.07982597E-03  0.00000000E+00  0.00000000E+00  0.00000000E+00  0.00000000E+00  0.00000000E+00  1.23822695E-01  0.00000000E+00  0.00000000E+00 -5.74536284E-02
    0.112000      1   0.00000000E+00  0.00000000E+00  2.06379070E-03  0.00000000E+00  0.00000000E+00  0.00000000E+00  0.00000000E+00  0.00000000E+00  1.23793879E-01  0.00000000E+00  0.00000000E+00 -5.76322170E-02
    0.112500      1   0.00000000E+00  0.00000000E+00  2.10371751E-03  0.00000000E+00  0.00000000E+00  0.00000000E+00  0.00000000E+00  0.00000000E+00  1.23764974E-01  0.00000000E+00  0.00000000E+00 -5.78089291E-02
    0.113000      1   0.00000000E+00  0.00000000E+00  2.12632466E-03  0.00000000E+00  0.00000000E+00  0.00000000E+00  0.00000000E+00  0.00000000E+00  1.23735982E-01  0.00000000E+00  0.00000000E+00 -5.79847441E-02
    0.113500      1   0.00000000E+00  0.00000000E+00  2.11480194E-03  0.00000000E+00  0.00000000E+00  0.00000000E+00  0.00000000E+00  0.00000000E+00  1.23706906E-01  0.00000000E+00  0.00000000E+00 -5.81520038E-02
    0.114000      1   0.00000000E+00  0.00000000E+00  2.14495114E-03  0.00000000E+00  0.00000000E+00  0.00000000E+00  0.00000000E+00  0.00000000E+00  1.23677748E-01  0.00000000E+00  0.00000000E+00 -5.83165701E-02
    0.114500      1   0.00000000E+00  0.00000000E+00  2.12401234E-03  0.00000000E+00  0.00000000E+00  0.00000000E+00  0.00000000E+00  0.00000000E+00  1.23648507E-01  0.00000000E+00  0.00000000E+00 -5.84803628E-02
    0.115000      1   0.00000000E+00  0.00000000E+00  2.09760580E-03  0.00000000E+00  0.00000000E+00  0.00000000E+00  0.00000000E+00  0.00000000E+00  1.23619187E-01  0.00000000E+00  0.00000000E+00 -5.86410561E-02
    0.115500      1   0.00000000E+00  0.00000000E+00  2.11120945E-03  0.00000000E+00  0.00000000E+00  0.00000000E+00  0.00000000E+00  0.00000000E+00  1.23589783E-01  0.00000000E+00  0.00000000E+00 -5.88075226E-02
    0.116000      1   0.00000000E+00  0.00000000E+00  2.13603319E-03  0.00000000E+00  0.00000000E+00  0.00000000E+00  0.00000000E+00  0.00000000E+00  1.23560295E-01  0.00000000E+00  0.00000000E+00 -5.89771225E-02
    0.116500      1   0.00000000E+00  0.00000000E+00  2.08681011E-03  0.00000000E+00  0.00000000E+00  0.00000000E+00  0.00000000E+00  0.00000000E+00  1.23530723E-01  0.00000000E+00  0.00000000E+00 -5.91422936E-02
    0.117000      1   0.00000000E+00  0.00000000E+00  2.07198709E-03  0.00000000E+00  0.00000000E+00  0.00000000E+00  0.00000000E+00  0.00000000E+00  1.23501070E-01  0.00000000E+00  0.00000000E+00 -5.93077407E-02
    0.117500      1   0.00000000E+00  0.00000000E+00  2.08295608E-03  0.00000000E+00  0.00000000E+00  0.00000000E+00  0.00000000E+00  0.00000000E+00  1.23471328E-01  0.00000000E+00  0.00000000E+00 -5.94825813E-02
    0.118000      1   0.00000000E+00  0.00000000E+00  2.06989255E-03  0.00000000E+00  0.00000000E+00  0.00000000E+00  0.00000000E+00  0.00000000E+00  1.23441499E-01  0.00000000E+00  0.00000000E+00 -5.96588860E-02
    0.118500      1   0.00000000E+00  0.00000000E+00  2.09873536E-03  0.00000000E+00  0.00000000E+00  0.00000000E+00  0.00000000E+00  0.00000000E+00  1.23411582E-01  0.00000000E+00  0.00000000E+00 -5.98345446E-02
    0.119000      1   0.00000000E+00  0.00000000E+00  2.10626768E-03  0.00000000E+00  0.00000000E+00  0.00000000E+00  0.00000000E+00  0.00000000E+00  1.23381577E-01  0.00000000E+00  0.00000000E+00 -6.00097981E-02
    0.119500      1   0.00000000E+00  0.00000000E+00  2.09369071E-03  0.00000000E+00  0.00000000E+00  0.00000000E+00  0.00000000E+00  0.00000000E+00  1.23351487E-01  0.00000000E+00  0.00000000E+00 -6.01796494E-02
    0.120000      1   0.00000000E+00  0.00000000E+00  2.07836888E-03  0.00000000E+00  0.00000000E+00  0.00000000E+00  0.00000000E+00  0.00000000E+00  1.23321312E-01  0.00000000E+00  0.00000000E+00 -6.03493759E-02
    0.120500      1   0.00000000E+00  0.00000000E+00  2.11359304E-03  0.00000000E+00  0.00000000E+00  0.00000000E+00  0.00000000E+00  0.00000000E+00  1.23291051E-01  0.00000000E+00  0.00000000E+00 -6.05225223E-02
    0.121000      1   0.00000000E+00  0.00000000E+00  2.12645451E-03  0.00000000E+00  0.00000000E+00  0.00000000E+00  0.00000000E+00  0.00000000E+00  1.23260703E-01  0.00000000E+00  0.00000000E+00 -6.06950703E-02
    0.121500      1   0.00000000E+00  0.00000000E+00  2.09666547E-03  0.00000000E+00  0.00000000E+00  0.00000000E+00  0.00000000E+00  0.00000000E+00  1.23230273E-01  0.00000000E+00  0.00000000E+00 -6.08606969E-02
    0.122000      1   0.00000000E+00  0.00000000E+00  2.12712246E-03  0.00000000E+00  0.00000000E+00  0.00000000E+00  0.00000000E+00  0.00000000E+00  1.23199760E-01  0.00000000E+00  0.00000000E+00 -6.10268455E-02
    0.122500      1   0.00000000E+00  0.00000000E+00  2.15472411E-03  0.00000000E+00  0.00000000E+00  0.00000000E+00  0.00000000E+00  0.00000000E+00  1.23169162E-01  0.00000000E+00  0.00000000E+00 -6.11951927E-02
    0.123000      1   0.00000000E+00  0.00000000E+00  2.16762851E-03  0.00000000E+00  0.00000000E+00  0.00000000E+00  0.00000000E+00  0.00000000E+00  1.23138484E-01  0.00000000E+00  0.00000000E+00 -6.13560981E-02
    0.123500      1   0.00000000E+00  0.00000000E+00  2.18258498E-03  0.00000000E+00  0.00000000E+00  0.00000000E+00  0.00000000E+00  0.00000000E+00  1.23107728E-01  0.00000000E+00  0.00000000E+00 -6.15113302E-02
    0.124000      1   0.00000000E+00  0.00000000E+00  2.14182823E-03  0.00000000E+00  0.00000000E+00  0.00000000E+00  0.00000000E+00  0.00000000E+00  1.23076897E-01  0.00000000E+00  0.00000000E+00 -6.16631208E-02
    0.124500      1   0.00000000E+00  0.00000000E+00  2.12655918E-03  0.00000000E+00  0.00000000E+00  0.00000000E+00  0.00000000E+00  0.00000000E+00  1.23045989E-01  0.00000000E+00  0.00000000E+00 -6.18160591E-02
    0.125000      1   0.00000000E+00  0.00000000E+00  2.13697204E-03  0.00000000E+00  0.00000000E+00  0.00000000E+00  0.00000000E+00  0.00000000E+00  1.23015000E-01  0.00000000E+00  0.00000000E+00 -6.19770400E-02
    0.125500      1   0.00000000E+00  0.00000000E+00  2.13086165E-03  0.00000000E+00  0.00000000E+00  0.00000000E+00  0.00000000E+00  0.00000000E+00  1.22983930E-01  0.00000000E+00  0.00000000E+00 -6.21396076E-02
    0.126000      1   0.00000000E+00  0.00000000E+00  2.10280433E-03  0.00000000E+00  0.00000000E+00  0.00000000E+00  0.00000000E+00  0.00000000E+00  1.22952780E-01  0.00000000E+00  0.00000000E+00 -6.23010055E-02
    0.126500      1   0.00000000E+00  0.00000000E+00  2.10468123E-03  0.00000000E+00  0.00000000E+00  0.00000000E+00  0.00000000E+00  0.00000000E+00  1.22921547E-01  0.00000000E+00  0.00000000E+00 -6.24658877E-02
    0.127000      1   0.00000000E+00  0.00000000E+00  2.09772948E-03  0.00000000E+00  0.00000000E+00  0.00000000E+00  0.00000000E+00  0.00000000E+00  1.22890229E-01  0.00000000E+00  0.00000000E+00 -6.26352111E-02
    0.127500      1   0.00000000E+00  0.00000000E+00  2.09863583E-03  0.00000000E+00  0.00000000E+00  0.00000000E+00  0.00000000E+00  0.00000000E+00  1.22858827E-01  0.00000000E+00  0.00000000E+00 -6.28048409E-02
    0.128000      1   0.00000000E+00  0.00000000E+00  2.12309379E-03  0.00000000E+00  0.00000000E+00  0.00000000E+00  0.00000000E+00  0.00000000E+00  1.22827339E-01  0.00000000E+00  0.00000000E+00 -6.29755322E-02
    0.128500      1   0.00000000E+00  0.00000000E+00  2.11711574E-03  0.00000000E+00  0.00000000E+00  0.00000000E+00  0.00000000E+00  0.00000000E+00  1.22795767E-01  0.00000000E+00  0.00000000E+00 -6.31439121E-02
    0.129000      1   0.00000000E+00  0.00000000E+00  2.10696740E-03  0.00000000E+00  0.00000000E+00  0.00000000E+00  0.00000000E+00  0.00000000E+00  1.22764113E-01  0.00000000E+00  0.00000000E+00 -6.33088044E-02
    0.129500      1   0.00000000E+00  0.00000000E+00  2.13477344E-03  0.00000000E+00  0.00000000E+00  0.00000000E+00  0.00000000E+00  0.00000000E+00  1.22732375E-01  0.00000000E+00  0.00000000E+00 -6.34755756E-02
    0.130000      1   0.00000000E+00  0.00000000E+00  2.14240700E-03  0.00000000E+00  0.00000000E+00  0.00000000E+00  0.00000000E+00  0.00000000E+00  1.22700554E-01  0.00000000E+00  0.00000000E+00 -6.36415546E-02
    0.130500      1   0.00000000E+00  0.00000000E+00  2.14437164E-03  0.00000000E+00  0.00000000E+00  0.00000000E+00  0.00000000E+00  0.00000000E+00  1.22668653E-01  0.00000000E+00  0.00000000E+00 -6.38022928E-02
    0.131000      1   0.00000000E+00  0.00000000E+00  2.17842138E-03  0.00000000E+00  0.00000000E+00  0.00000000E+00  0.00000000E+00  0.00000000E+00  1.22636672E-01  0.00000000E+00  0.00000000E+00 -6.39616037E-02
    0.131500      1   0.00000000E+00  0.00000000E+00  2.18727502E-03  0.00000000E+00  0.00000000E+00  0.00000000E+00  0.00000000E+00  0.00000000E+00  1.22604613E-01  0.00000000E+00  0.00000000E+00 -6.41175814E-02
    0.132000      1   0.00000000E+00  0.00000000E+00  2.19701740E-03  0.00000000E+00  0.00000000E+00  0.00000000E+00  0.00000000E+00  0.00000000E+00  1.22572480E-01  0.00000000E+00  0.00000000E+00 -6.42671850E-02
    0.132500      1   0.00000000E+00  0.00000000E+00  2.18566052E-03  0.00000000E+00  0.00000000E+00  0.00000000E+00  0.00000000E+00  0.00000000E+00  1.22540273E-01  0.00000000E+00  0.00000000E+00 -6.44144734E-02
    0.133000      1   0.00000000E+00  0.00000000E+00  2.15918576E-03  0.00000000E+00  0.00000000E+00  0.00000000E+00  0.00000000E+00  0.00000000E+00  1.22507992E-01  0.00000000E+00  0.00000000E+00 -6.45611662E-02
    0.133500      1   0.00000000E+00  0.00000000E+00  2.15630296E-03  0.00000000E+00  0.00000000E+00  0.00000000E+00  0.00000000E+00  0.00000000E+00  1.22475636E-01  0.00000000E+00  0.00000000E+00 -6.47120647E-02
    0.134000      1   0.00000000E+00  0.00000000E+00  2.19386363E-03  0.00000000E+00  0.00000000E+00  0.00000000E+00  0.00000000E+00  0.00000000E+00  1.22443202E-01  0.00000000E+00  0.00000000E+00 -6.48675655E-02
    0.134500      1   0.00000000E+00  0.00000000E+00  2.15810914E-03  0.00000000E+00  0.00000000E+00  0.00000000E+00  0.00000000E+00  0.00000000E+00  1.22410692E-01  0.00000000E+00  0.00000000E+00 -6.50202186E-02
    0.135000      1   0.00000000E+00  0.00000000E+00  2.13108238E-03  0.00000000E+00  0.00000000E+00  0.00000000E+00  0.00000000E+00  0.00000000E+00  1.22378107E-01  0.00000000E+00  0.00000000E+00 -6.51698653E-02
    0.135500      1   0.00000000E+00  0.00000000E+00  2.11261445E-03  0.00000000E+00  0.00000000E+00  0.00000000E+00  0.00000000E+00  0.00000000E+00  1.22345443E-01  0.00000000E+00  0.00000000E+00 -6.53277729E-02
    0.136000      1   0.00000000E+00  0.00000000E+00  2.10156044E-03  0.00000000E+00  0.00000000E+00  0.00000000E+00  0.00000000E+00  0.00000000E+00  1.22312697E-01  0.00000000E+00  0.00000000E+00 -6.54917514E-02
    0.136500      1   0.00000000E+00  0.00000000E+00  2.17824286E-03  0.00000000E+00  0.00000000E+00  0.00000000E+00  0.00000000E+00  0.00000000E+00  1.22279868E-01  0.00000000E+00  0.00000000E+00 -6.56597398E-02
    0.137000      1   0.00000000E+00  0.00000000E+00  2.15369553E-03  0.00000000E+00  0.00000000E+00  0.00000000E+00  0.00000000E+00  0.00000000E+00  1.22246956E-01  0.00000000E+00  0.00000000E+00 -6.58227632E-02
    0.137500      1   0.00000000E+00  0.00000000E+00  2.15274519E-03  0.00000000E+00  0.00000000E+00  0.00000000E+00  0.00000000E+00  0.00000000E+00  1.22213969E-01  0.00000000E+00  0.00000000E+00 -6.59753652E-02
    0.138000      1   0.00000000E+00  0.00000000E+00  2.16294281E-03  0.00000000E+00  0.00000000E+00  0.00000000E+00  0.00000000E+00  0.00000000E+00  1.22180902E-01  0.00000000E+00  0.00000000E+00 -6.61320821E-02
    0.138500      1   0.00000000E+00  0.00000000E+00  2.17170954E-03  0.00000000E+00  0.00000000E+00  0.00000000E+00  0.00000000E+00  0.00000000E+00  1.22147758E-01  0.00000000E+00  0.00000000E+00 -6.62880534E-02
    0.139000      1   0.00000000E+00  0.00000000E+00  2.15769161E-03  0.00000000E+00  0.00000000E+00  0.00000000E+00  0.00000000E+00  0.00000000E+00  1.22114538E-01  0.00000000E+00  0.00000000E+00 -6.64415750E-02
    0.139500      1   0.00000000E+00  0.00000000E+00  2.19841906E-03  0.00000000E+00  0.00000000E+00  0.00000000E+00  0.00000000E+00  0.00000000E+00  1.22081240E-01  0.00000000E+00  0.00000000E+00 -6.65948965E-02
    0.140000      1   0.00000000E+00  0.00000000E+00  2.20060697E-03  0.00000000E+00  0.00000000E+00  0.00000000E+00  0.00000000E+00  0.00000000E+00  1.22047867E-01  0.00000000E+00  0.00000000E+00 -6.67469188E-02
    0.140500      1   0.00000000E+00  0.00000000E+00  2.21600500E-03  0.00000000E+00  0.00000000E+00  0.00000000E+00  0.00000000E+00  0.00000000E+00  1.22014421E-01  0.00000000E+00  0.00000000E+00 -6.68920598E-02
    0.141000      1   0.00000000E+00  0.00000000E+00  2.19920427E-03  0.00000000E+00  0.00000000E+00  0.00000000E+00  0.00000000E+00  0.00000000E+00  1.21980903E-01  0.00000000E+00  0.00000000E+00 -6.70354801E-02
    0.141500      1   0.00000000E+00  0.00000000E+00  2.19394498E-03  0.00000000E+00  0.00000000E+00  0.00000000E+00  0.00000000E+00  0.00000000E+00  1.21947314E-01  0.00000000E+00  0.00000000E+00 -6.71778575E-02
    0.142000      1   0.00000000E+00  0.00000000E+00  2.19827320E-03  0.00000000E+00  0.00000000E+00  0.00000000E+00  0.00000000E+00  0.00000000E+00  1.21913652E-01  0.00000000E+00  0.00000000E+00 -6.73234586E-02
    0.142500      1   0.00000000E+00  0.00000000E+00  2.22147447E-03  0.00000000E+00  0.00000000E+00  0.00000000E+00  0.00000000E+00  0.00000000E+00  1.21879918E-01  0.00000000E+00  0.00000000E+00 -6.74695407E-02
    0.143000      1   0.00000000E+00  0.00000000E+00  2.14437003E-03  0.00000000E+00  0.00000000E+00  0.00000000E+00  0.00000000E+00  0.00000000E+00  1.21846111E-01  0.00000000E+00  0.00000000E+00 -6.76128606E-02
    0.143500      1   0.00000000E+00  0.00000000E+00  2.13996923E-03  0.00000000E+00  0.00000000E+00  0.00000000E+00  0.00000000E+00  0.00000000E+00  1.21812232E-01  0.00000000E+00  0.00000000E+00 -6.77591883E-02
    0.144000      1   0.00000000E+00  0.00000000E+00  2.13961567E-03  0.00000000E+00  0.00000000E+00  0.00000000E+00  0.00000000E+00  0.00000000E+00  1.21778272E-01  0.00000000E+00  0.00000000E+00 -6.79185661E-02
    0.144500      1   0.00000000E+00  0.00000000E+00  2.15806989E-03  0.00000000E+00  0.00000000E+00  0.00000000E+00  0.00000000E+00  0.00000000E+00  1.21744233E-01  0.00000000E+00  0.00000000E+00 -6.80786979E-02
    0.145000      1   0.00000000E+00  0.00000000E+00  2.17255148E-03  0.00000000E+00  0.00000000E+00  0.00000000E+00  0.00000000E+00  0.00000000E+00  1.21710114E-01  0.00000000E+00  0.00000000E+00 -6.82372560E-02
    0.145500      1   0.00000000E+00  0.00000000E+00  2.15817067E-03  0.00000000E+00  0.00000000E+00  0.00000000E+00  0.00000000E+00  0.00000000E+00  1.21675919E-01  0.00000000E+00  0.00000000E+00 -6.83915033E-02
    0.146000      1   0.00000000E+00  0.00000000E+00  2.15941708E-03  0.00000000E+00  0.00000000E+00  0.00000000E+00  0.00000000E+00  0.00000000E+00  1.21641646E-01  0.00000000E+00  0.00000000E+00 -6.85446442E-02
    0.146500      1   0.00000000E+00  0.00000000E+00  2.20170310E-03  0.00000000E+00  0.00000000E+00  0.00000000E+00  0.00000000E+00  0.00000000E+00  1.21607296E-01  0.00000000E+00  0.00000000E+00 -6.87000364E-02
    0.147000      1   0.00000000E+00  0.00000000E+00  2.16210374E-03  0.00000000E+00  0.00000000E+00  0.00000000E+00  0.00000000E+00  0.00000000E+00  1.21572870E-01  0.00000000E+00  0.00000000E+00 -6.88514849E-02
    0.147500      1   0.00000000E+00  0.00000000E+00  2.21879651E-03  0.00000000E+00  0.00000000E+00  0.00000000E+00  0.00000000E+00  0.00000000E+00  1.21538371E-01  0.00000000E+00  0.00000000E+00 -6.89994911E-02
    0.148000      1   0.00000000E+00  0.00000000E+00  2.25024492E-03  0.00000000E+00  0.00000000E+00  0.00000000E+00  0.00000000E+00  0.00000000E+00  1.21503796E-01  0.00000000E+00  0.00000000E+00 -6.91489871E-02
    0.148500      1   0.00000000E+00  0.00000000E+00  2.24210101E-03  0.00000000E+00  0.00000000E+00  0.00000000E+00  0.00000000E+00  0.00000000E+00  1.21469153E-01  0.00000000E+00  0.00000000E+00 -6.92863931E-02
    0.149000      1   0.00000000E+00  0.00000000E+00  2.25358462E-03  0.00000000E+00  0.00000000E+00  0.00000000E+00  0.00000000E+00  0.00000000E+00  1.21434443E-01  0.00000000E+00  0.00000000E+00 -6.94193551E-02
    0.149500      1   0.00000000E+00  0.00000000E+00  2.20937369E-03  0.00000000E+00  0.00000000E+00  0.00000000E+00  0.00000000E+00  0.00000000E+00  1.21399667E-01  0.00000000E+00  0.00000000E+00 -6.95526390E-02
    0.150000      1   0.00000000E+00  0.00000000E+00  2.19340523E-03  0.00000000E+00  0.00000000E+00  0.00000000E+00  0.00000000E+00  0.00000000E+00  1.21364823E-01  0.00000000E+00  0.00000000E+00 -6.96879463E-02
    0.150500      1   0.00000000E+00  0.00000000E+00  2.23506954E-03  0.00000000E+00  0.00000000E+00  0.00000000E+00  0.00000000E+00  0.00000000E+00  1.21329907E-01  0.00000000E+00  0.00000000E+00 -6.98319253E-02
    0.151000      1   0.00000000E+00  0.00000000E+00  2.18789455E-03  0.00000000E+00  0.00000000E+00  0.00000000E+00  0.00000000E+00  0.00000000E+00  1.21294920E-01  0.00000000E+00  0.00000000E+00 -6.99748425E-02
    0.151500      1   0.00000000E+00  0.00000000E+00  2.16951703E-03  0.00000000E+00  0.00000000E+00  0.00000000E+00  0.00000000E+00  0.00000000E+00  1.21259862E-01  0.00000000E+00  0.00000000E+00 -7.01150893E-02
    0.152000      1   0.00000000E+00  0.00000000E+00  2.16654372E-03  0.00000000E+00  0.00000000E+00  0.00000000E+00  0.00000000E+00  0.00000000E+00  1.21224730E-01  0.00000000E+00  0.00000000E+00 -7.02647075E-02
    0.152500      1   0.00000000E+00  0.00000000E+00  2.19862540E-03  0.00000000E+00  0.00000000E+00  0.00000000E+00  0.00000000E+00  0.00000000E+00  1.21189521E-01  0.00000000E+00  0.00000000E+00 -7.04176063E-02
    0.153000      1   0.00000000E+00  0.00000000E+00  2.20694315E-03  0.00000000E+00  0.00000000E+00  0.00000000E+00  0.00000000E+00  0.00000000E+00  1.21154237E-01  0.00000000E+00  0.00000000E+00 -7.05681567E-02
    0.153500      1   0.00000000E+00  0.00000000E+00  2.18950168E-03  0.00000000E+00  0.00000000E+00  0.00000000E+00  0.00000000E+00  0.00000000E+00  1.21118880E-01  0.00000000E+00  0.00000000E+00 -7.07127037E-02
    0.154000      1   0.00000000E+00  0.00000000E+00  2.18968493E-03  0.00000000E+00  0.00000000E+00  0.00000000E+00  0.00000000E+00  0.00000000E+00  1.21083452E-01  0.00000000E+00  0.00000000E+00 -7.08574269E-02
    0.154500      1   0.00000000E+00  0.00000000E+00  2.21895045E-03  0.00000000E+00  0.00000000E+00  0.00000000E+00  0.00000000E+00  0.00000000E+00  1.21047949E-01  0.00000000E+00  0.00000000E+00 -7.10049980E-02
    0.155000      1   0.00000000E+00  0.00000000E+00  2.19131523E-03  0.00000000E+00  0.00000000E+00  0.00000000E+00  0.00000000E+00  0.00000000E+00  1.21012374E-01  0.00000000E+00  0.00000000E+00 -7.11499514E-02
    0.155500      1   0.00000000E+00  0.00000000E+00  2.23368738E-03  0.00000000E+00  0.00000000E+00  0.00000000E+00  0.00000000E+00  0.00000000E+00  1.20976728E-01  0.00000000E+00  0.00000000E+00 -7.12925426E-02
    0.156000      1   0.00000000E+00  0.00000000E+00  2.25616214E-03  0.00000000E+00  0.00000000E+00  0.00000000E+00  0.00000000E+00  0.00000000E+00  1.20941010E-01  0.00000000E+00  0.00000000E+00 -7.14359252E-02
    0.156500      1   0.00000000E+00  0.00000000E+00  2.27166778E-03  0.00000000E+00  0.00000000E+00  0.00000000E+00  0.00000000E+00  0.00000000E+00  1.20905225E-01  0.00000000E+00  0.00000000E+00 -7.15703628E-02
    0.157000      1   0.00000000E+00  0.00000000E+00  2.24275981E-03  0.00000000E+00  0.00000000E+00  0.00000000E+00  0.00000000E+00  0.00000000E+00  1.20869375E-01  0.00000000E+00  0.00000000E+00 -7.16997388E-02
    0.157500      1   0.00000000E+00  0.00000000E+00  2.23414757E-03  0.00000000E+00  0.00000000E+00  0.00000000E+00  0.00000000E+00  0.00000000E+00  1.20833460E-01  0.00000000E+00  0.00000000E+00 -7.18291247E-02
    0.158000      1   0.00000000E+00  0.00000000E+00  2.24554397E-03  0.00000000E+00  0.00000000E+00  0.00000000E+00  0.00000000E+00  0.00000000E+00  1.20797478E-01  0.00000000E+00  0.00000000E+00 -7.19640191E-02
    0.158500      1   0.00000000E+00  0.00000000E+00  2.23126864E-03  0.00000000E+00  0.00000000E+00  0.00000000E+00  0.00000000E+00  0.00000000E+00  1.20761429E-01  0.00000000E+00  0.00000000E+00 -7.20993199E-02
    0.159000      1   0.00000000E+00  0.00000000E+00  2.19971062E-03  0.00000000E+00  0.00000000E+00  0.00000000E+00  0.00000000E+00  0.00000000E+00  1.20725312E-01  0.00000000E+00  0.00000000E+00 -7.22340116E-02
    0.159500      1   0.00000000E+00  0.00000000E+00  2.19166944E-03  0.00000000E+00  0.00000000E+00  0.00000000E+00  0.00000000E+00  0.00000000E+00  1.20689125E-01  0.00000000E+00  0.00000000E+00 -7.23738378E-02
    0.160000      1   0.00000000E+00  0.00000000E+00  2.16528598E-03  0.00000000E+00  0.00000000E+00  0.00000000E+00  0.00000000E+00  0.00000000E+00  1.20652865E-01  0.00000000E+00  0.00000000E+00 -7.25195570E-02
    0.160500      1   0.00000000E+00  0.00000000E+00  2.21207957E-03  0.00000000E+00  0.00000000E+00  0.00000000E+00  0.00000000E+00  0.00000000E+00  1.20616531E-01  0.00000000E+00  0.00000000E+00 -7.26689295E-02
    0.161000      1   0.00000000E+00  0.00000000E+00  2.20680338E-03  0.00000000E+00  0.00000000E+00  0.00000000E+00  0.00000000E+00  0.00000000E+00  1.20580121E-01  0.00000000E+00  0.00000000E+00 -7.28184968E-02
    0.161500      1   0.00000000E+00  0.00000000E+00  2.20231339E-03  0.00000000E+00  0.00000000E+00  0.00000000E+00  0.00000000E+00  0.00000000E+00  1.20543641E-01  0.00000000E+00  0.00000000E+00 -7.29608468E-02
    0.162000      1   0.00000000E+00  0.00000000E+00  2.23261566E-03  0.00000000E+00  0.00000000E+00  0.00000000E+00  0.00000000E+00  0.00000000E+00  1.20507089E-01  0.00000000E+00  0.00000000E+00 -7.31044602E-02
    0.162500      1   0.00000000E+00  0.00000000E+00  2.21692307E-03  0.00000000E+00  0.00000000E+00  0.00000000E+00  0.00000000E+00  0.00000000E+00  1.20470466E-01  0.00000000E+00  0.00000000E+00 -7.32461316E-02
    0.163000      1   0.00000000E+00  0.00000000E+00  2.25143720E-03  0.00000000E+00  0.00000000E+00  0.00000000E+00  0.00000000E+00  0.00000000E+00  1.20433774E-01  0.00000000E+00  0.00000000E+00 -7.33842147E-02
    0.163500      1   0.00000000E+00  0.00000000E+00  2.28964598E-03  0.00000000E+00  0.00000000E+00  0.00000000E+00  0.00000000E+00  0.00000000E+00  1.20397013E-01  0.00000000E+00  0.00000000E+00 -7.35218229E-02
    0.164000      1   0.00000000E+00  0.00000000E+00  2.29252222E-03  0.00000000E+00  0.00000000E+00  0.00000000E+00  0.00000000E+00  0.00000000E+00  1.20360187E-01  0.00000000E+00  0.00000000E+00 -7.36503852E-02
    0.164500      1   0.00000000E+00  0.00000000E+00  2.29666623E-03  0.00000000E+00  0.00000000E+00  0.00000000E+00  0.00000000E+00  0.00000000E+00  1.20323301E-01  0.00000000E+00  0.00000000E+00 -7.37724190E-02
    0.165000      1   0.00000000E+00  0.00000000E+00  2.24539846E-03  0.00000000E+00  0.00000000E+00  0.00000000E+00  0.00000000E+00  0.00000000E+00  1.20286354E-01  0.00000000E+00  0.00000000E+00 -7.38936141E-02
    0.165500      1   0.00000000E+00  0.00000000E+00  2.23119736E-03  0.00000000E+00  0.00000000E+00  0.00000000E+00  0.00000000E+00  0.00000000E+00  1.20249345E-01  0.00000000E+00  0.00000000E+00 -7.40186618E-02
    0.166000      1   0.00000000E+00  0.00000000E+00  2.27233765E-03  0.00000000E+00  0.00000000E+00  0.00000000E+00  0.00000000E+00  0.00000000E+00  1.20212268E-01  0.00000000E+00  0.00000000E+00 -7.41533837E-02
    0.166500      1   0.00000000E+00  0.00000000E+00  2.22209101E-03  0.00000000E+00  0.00000000E+00  0.00000000E+00  0.00000000E+00  0.00000000E+00  1.20175125E-01  0.00000000E+00  0.00000000E+00 -7.42867999E-02
    0.167000      1   0.00000000E+00  0.00000000E+00  2.22229096E-03  0.00000000E+00  0.00000000E+00  0.00000000E+00  0.00000000E+00  0.00000000E+00  1.20137916E-01  0.00000000E+00  0.00000000E+00 -7.44179034E-02
    0.167500      1   0.00000000E+00  0.00000000E+00  2.19509356E-03  0.00000000E+00  0.00000000E+00  0.00000000E+00  0.00000000E+00  0.00000000E+00  1.20100637E-01  0.00000000E+00  0.00000000E+00 -7.45572400E-02
    0.168000      1   0.00000000E+00  0.00000000E+00  2.23782379E-03  0.00000000E+00  0.00000000E+00  0.00000000E+00  0.00000000E+00  0.00000000E+00  1.20063288E-01  0.00000000E+00  0.00000000E+00 -7.46989486E-02
    0.168500      1   0.00000000E+00  0.00000000E+00  2.22566315E-03  0.00000000E+00  0.00000000E+00  0.00000000E+00  0.00000000E+00  0.00000000E+00  1.20025867E-01  0.00000000E+00  0.00000000E+00 -7.48413451E-02
    0.169000      1   0.00000000E+00  0.00000000E+00  2.22643962E-03  0.00000000E+00  0.00000000E+00  0.00000000E+00  0.00000000E+00  0.00000000E+00  1.19988378E-01  0.00000000E+00  0.00000000E+00 -7.49778001E-02
    0.169500      1   0.00000000E+00  0.00000000E+00  2.26351851E-03  0.00000000E+00  0.00000000E+00  0.00000000E+00  0.00000000E+00  0.00000000E+00  1.19950820E-01  0.00000000E+00  0.00000000E+00 -7.51161834E-02
    0.170000      1   0.00000000E+00  0.00000000E+00  2.23640532E-03  0.00000000E+00  0.00000000E+00  0.00000000E+00  0.00000000E+00  0.00000000E+00  1.19913195E-01  0.00000000E+00  0.00000000E+00 -7.52511607E-02
    0.170500      1   0.00000000E+00  0.00000000E+00  2.27129452E-03  0.00000000E+00  0.00000000E+00  0.00000000E+00  0.00000000E+00  0.00000000E+00  1.19875503E-01  0.00000000E+00  0.00000000E+00 -7.53824466E-02
    0.171000      1   0.00000000E+00  0.00000000E+00  2.29368001E-03  0.00000000E+00  0.00000000E+00  0.00000000E+00  0.00000000E+00  0.00000000E+00  1.19837746E-01  0.00000000E+00  0.00000000E+00 -7.55150999E-02
    0.171500      1   0.00000000E+00  0.00000000E+00  2.31303813E-03  0.00000000E+00  0.00000000E+00  0.00000000E+00  0.00000000E+00  0.00000000E+00  1.19799926E-01  0.00000000E+00  0.00000000E+00 -7.56400448E-02
    0.172000      1   0.00000000E+00  0.00000000E+00  2.28708255E-03  0.00000000E+00  0.00000000E+00  0.00000000E+00  0.00000000E+00  0.00000000E+00  1.19762046E-01  0.00000000E+00  0.00000000E+00 -7.57596022E-02
    0.172500      1   0.00000000E+00  0.00000000E+00  2.27461418E-03  0.00000000E+00  0.00000000E+00  0.00000000E+00  0.00000000E+00  0.00000000E+00  1.19724107E-01  0.00000000E+00  0.00000000E+00 -7.58782758E-02
    0.173000      1   0.00000000E+00  0.00000000E+00  2.28455075E-03  0.00000000E+00  0.00000000E+00  0.00000000E+00  0.00000000E+00  0.00000000E+00  1.19686106E-01  0.00000000E+00  0.00000000E+00 -7.60023140E-02
    0.173500      1   0.00000000E+00  0.00000000E+00  2.26462214E-03  0.00000000E+00  0.00000000E+00  0.00000000E+00  0.00000000E+00  0.00000000E+00  1.19648042E-01  0.00000000E+00  0.00000000E+00 -7.61275210E-02
    0.174000      1   0.00000000E+00  0.00000000E+00  2.24077730E-03  0.00000000E+00  0.00000000E+00  0.00000000E+00  0.00000000E+00  0.00000000E+00  1.19609916E-01  0.00000000E+00  0.00000000E+00 -7.62528584E-02
    0.174500      1   0.00000000E+00  0.00000000E+00  2.22583227E-03  0.00000000E+00  0.00000000E+00  0.00000000E+00  0.00000000E+00  0.00000000E+00  1.19571724E-01  0.00000000E+00  0.00000000E+00 -7.63835765E-02
    0.175000      1   0.00000000E+00  0.00000000E+00  2.19524092E-03  0.00000000E+00  0.00000000E+00  0.00000000E+00  0.00000000E+00  0.00000000E+00  1.19533464E-01  0.00000000E+00  0.00000000E+00 -7.65195317E-02
    0.175500      1   0.00000000E+00  0.00000000E+00  2.25318238E-03  0.00000000E+00  0.00000000E+00  0.00000000E+00  0.00000000E+00  0.00000000E+00  1.19495134E-01  0.00000000E+00  0.00000000E+00 -7.66606457E-02
    0.176000      1   0.00000000E+00  0.00000000E+00  2.24139686E-03  0.00000000E+00  0.00000000E+00  0.00000000E+00  0.00000000E+00  0.00000000E+00  1.19456733E-01  0.00000000E+00  0.00000000E+00 -7.68016600E-02
    0.176500      1   0.00000000E+00  0.00000000E+00  2.25028600E-03  0.00000000E+00  0.00000000E+00  0.00000000E+00  0.00000000E+00  0.00000000E+00  1.19418266E-01  0.00000000E+00  0.00000000E+00 -7.69342018E-02
    0.177000      1   0.00000000E+00  0.00000000E+00  2.27450654E-03  0.00000000E+00  0.00000000E+00  0.00000000E+00  0.00000000E+00  0.00000000E+00  1.19379732E-01  0.00000000E+00  0.00000000E+00 -7.70678930E-02
    0.177500      1   0.00000000E+00  0.00000000E+00  2.26005600E-03  0.00000000E+00  0.00000000E+00  0.00000000E+00  0.00000000E+00  0.00000000E+00  1.19341133E-01  0.00000000E+00  0.00000000E+00 -7.71979830E-02
    0.178000      1   0.00000000E+00  0.00000000E+00  2.30671114E-03  0.00000000E+00  0.00000000E+00  0.00000000E+00  0.00000000E+00  0.00000000E+00  1.19302470E-01  0.00000000E+00  0.00000000E+00 -7.73253735E-02
    0.178500      1   0.00000000E+00  0.00000000E+00  2.31623920E-03  0.00000000E+00  0.00000000E+00  0.00000000E+00  0.00000000E+00  0.00000000E+00  1.19263745E-01  0.00000000E+00  0.00000000E+00 -7.74510116E-02
    0.179000      1   0.00000000E+00  0.00000000E+00  2.35713509E-03  0.00000000E+00  0.00000000E+00  0.00000000E+00  0.00000000E+00  0.00000000E+00  1.19224961E-01  0.00000000E+00  0.00000000E+00 -7.75681461E-02
    0.179500      1   0.00000000E+00  0.00000000E+00  2.31121605E-03  0.00000000E+00  0.00000000E+00  0.00000000E+00  0.00000000E+00  0.00000000E+00  1.19186121E-01  0.00000000E+00  0.00000000E+00 -7.76801001E-02
    0.180000      1   0.00000000E+00  0.00000000E+00  2.27971077E-03  0.00000000E+00  0.00000000E+00  0.00000000E+00  0.00000000E+00  0.00000000E+00  1.19147226E-01  0.00000000E+00  0.00000000E+00 -7.77893988E-02
    0.180500      1   0.00000000E+00  0.00000000E+00  2.29721136E-03  0.00000000E+00  0.00000000E+00  0.00000000E+00  0.00000000E+00  0.00000000E+00  1.19108271E-01  0.00000000E+00  0.00000000E+00 -7.79090235E-02
    0.181000      1   0.00000000E+00  0.00000000E+00  2.24690968E-03  0.00000000E+00  0.00000000E+00  0.00000000E+00  0.00000000E+00  0.00000000E+00  1.19069255E-01  0.00000000E+00  0.00000000E+00 -7.80322741E-02
    0.181500      1   0.00000000E+00  0.00000000E+00  2.25350803E-03  0.00000000E+00  0.00000000E+00  0.00000000E+00  0.00000000E+00  0.00000000E+00  1.19030177E-01  0.00000000E+00  0.00000000E+00 -7.81570987E-02
    0.182000      1   0.00000000E+00  0.00000000E+00  2.23429904E-03  0.00000000E+00  0.00000000E+00  0.00000000E+00  0.00000000E+00  0.00000000E+00  1.18991032E-01  0.00000000E+00  0.00000000E+00 -7.82895997E-02
    0.182500      1   0.00000000E+00  0.00000000E+00  2.27566968E-03  0.00000000E+00  0.00000000E+00  0.00000000E+00  0.00000000E+00  0.00000000E+00  1.18951821E-01  0.00000000E+00  0.00000000E+00 -7.84227157E-02
    0.183000      1   0.00000000E+00  0.00000000E+00  2.26331462E-03  0.00000000E+00  0.00000000E+00  0.00000000E+00  0.00000000E+00  0.00000000E+00  1.18912543E-01  0.00000000E+00  0.00000000E+00 -7.85553280E-02
    0.183500      1   0.00000000E+00  0.00000000E+00  2.27149628E-03  0.00000000E+00  0.00000000E+00  0.00000000E+00  0.00000000E+00  0.00000000E+00  1.18873202E-01  0.00000000E+00  0.00000000E+00 -7.86822394E-02
    0.184000      1   0.00000000E+00  0.00000000E+00  2.30475072E-03  0.00000000E+00  0.00000000E+00  0.00000000E+00  0.00000000E+00  0.00000000E+00  1.18833797E-01  0.00000000E+00  0.00000000E+00 -7.88104561E-02
    0.184500      1   0.00000000E+00  0.00000000E+00  2.25573904E-03  0.00000000E+00  0.00000000E+00  0.00000000E+00  0.00000000E+00  0.00000000E+00  1.18794329E-01  0.00000000E+00  0.00000000E+00 -7.89343890E-02
    0.185000      1   0.00000000E+00  0.00000000E+00  2.30179013E-03  0.00000000E+00  0.00000000E+00  0.00000000E+00  0.00000000E+00  0.00000000E+00  1.18754801E-01  0.00000000E+00  0.00000000E+00 -7.90571948E-02
    0.185500      1   0.00000000E+00  0.00000000E+00  2.32795722E-03  0.00000000E+00  0.00000000E+00  0.00000000E+00  0.00000000E+00  0.00000000E+00  1.18715209E-01  0.00000000E+00  0.00000000E+00 -7.91839770E-02
    0.186000      1   0.00000000E+00  0.00000000E+00  2.37822188E-03  0.00000000E+00  0.00000000E+00  0.00000000E+00  0.00000000E+00  0.00000000E+00  1.18675558E-01  0.00000000E+00  0.00000000E+00 -7.93008835E-02
    0.186500      1   0.00000000E+00  0.00000000E+00  2.31534199E-03  0.00000000E+00  0.00000000E+00  0.00000000E+00  0.00000000E+00  0.00000000E+00  1.18635854E-01  0.00000000E+00  0.00000000E+00 -7.94090488E-02
    0.187000      1   0.00000000E+00  0.00000000E+00  2.30403480E-03  0.00000000E+00  0.00000000E+00  0.00000000E+00  0.00000000E+00  0.00000000E+00  1.18596097E-01  0.00000000E+00  0.00000000E+00 -7.95145201E-02
    0.187500      1   0.00000000E+00  0.00000000E+00  2.33059116E-03  0.00000000E+00  0.00000000E+00  0.00000000E+00  0.00000000E+00  0.00000000E+00  1.18556281E-01  0.00000000E+00  0.00000000E+00 -7.96313165E-02
    0.188000      1   0.00000000E+00  0.00000000E+00  2.25309562E-03  0.00000000E+00  0.00000000E+00  0.00000000E+00  0.00000000E+00  0.00000000E+00  1.18516407E-01  0.00000000E+00  0.00000000E+00 -7.97476215E-02
    0.188500      1   0.00000000E+00  0.00000000E+00  2.25339378E-03  0.00000000E+00  0.00000000E+00  0.00000000E+00  0.00000000E+00  0.00000000E+00  1.18476474E-01  0.00000000E+00  0.00000000E+00 -7.98664179E-02
    0.189000      1   0.00000000E+00  0.00000000E+00  2.24259363E-03  0.00000000E+00  0.00000000E+00  0.00000000E+00  0.00000000E+00  0.00000000E+00  1.18436475E-01  0.00000000E+00  0.00000000E+00 -7.99979133E-02
    0.189500      1   0.00000000E+00  0.00000000E+00  2.28442818E-03  0.00000000E+00  0.00000000E+00  0.00000000E+00  0.00000000E+00  0.00000000E+00  1.18396410E-01  0.00000000E+00  0.00000000E+00 -8.01303146E-02
    0.190000      1   0.00000000E+00  0.00000000E+00  2.27308175E-03  0.00000000E+00  0.00000000E+00  0.00000000E+00  0.00000000E+00  0.00000000E+00  1.18356279E-01  0.00000000E+00  0.00000000E+00 -8.02607905E-02
    0.190500      1   0.00000000E+00  0.00000000E+00  2.28288883E-03  0.00000000E+00  0.00000000E+00  0.00000000E+00  0.00000000E+00  0.00000000E+00  1.18316087E-01  0.00000000E+00  0.00000000E+00 -8.03854000E-02
    0.191000      1   0.00000000E+00  0.00000000E+00  2.31618718E-03  0.00000000E+00  0.00000000E+00  0.00000000E+00  0.00000000E+00  0.00000000E+00  1.18275831E-01  0.00000000E+00  0.00000000E+00 -8.05110056E-02
    0.191500      1   0.00000000E+00  0.00000000E+00  2.27984698E-03  0.00000000E+00  0.00000000E+00  0.00000000E+00  0.00000000E+00  0.00000000E+00  1.18235515E-01  0.00000000E+00  0.00000000E+00 -8.06320565E-02
    0.192000      1   0.00000000E+00  0.00000000E+00  2.33739715E-03  0.00000000E+00  0.00000000E+00  0.00000000E+00  0.00000000E+00  0.00000000E+00  1.18195140E-01  0.00000000E+00  0.00000000E+00 -8.07508528E-02
    0.192500      1   0.00000000E+00  0.00000000E+00  2.34835663E-03  0.00000000E+00  0.00000000E+00  0.00000000E+00  0.00000000E+00  0.00000000E+00  1.18154704E-01  0.00000000E+00  0.00000000E+00 -8.08705279E-02
    0.193000      1   0.00000000E+00  0.00000000E+00  2.39393068E-03  0.00000000E+00  0.00000000E+00  0.00000000E+00  0.00000000E+00  0.00000000E+00  1.18114215E-01  0.00000000E+00  0.00000000E+00 -8.09797838E-02
    0.193500      1   0.00000000E+00  0.00000000E+00  2.33911717E-03  0.00000000E+00  0.00000000E+00  0.00000000E+00  0.00000000E+00  0.00000000E+00  1.18073673E-01  0.00000000E+00  0.00000000E+00 -8.10832104E-02
    0.194000      1   0.00000000E+00  0.00000000E+00  2.30657723E-03  0.00000000E+00  0.00000000E+00  0.00000000E+00  0.00000000E+00  0.00000000E+00  1.18033081E-01  0.00000000E+00  0.00000000E+00 -8.11840000E-02
    0.194500      1   0.00000000E+00  0.00000000E+00  2.33764250E-03  0.00000000E+00  0.00000000E+00  0.00000000E+00  0.00000000E+00  0.00000000E+00  1.17992433E-01  0.00000000E+00  0.00000000E+00 -8.12966675E-02
    0.195000      1   0.00000000E+00  0.00000000E+00  2.28089245E-03  0.00000000E+00  0.00000000E+00  0.00000000E+00  0.00000000E+00  0.00000000E+00  1.17951727E-01  0.00000000E+00  0.00000000E+00 -8.14119316E-02
    0.195500      1   0.00000000E+00  0.00000000E+00  2.26479838E-03  0.00000000E+00  0.00000000E+00  0.00000000E+00  0.00000000E+00  0.00000000E+00  1.17910963E-01  0.00000000E+00  0.00000000E+00 -8.15271123E-02
    0.196000      1   0.00000000E+00  0.00000000E+00  2.24449268E-03  0.00000000E+00  0.00000000E+00  0.00000000E+00  0.00000000E+00  0.00000000E+00  1.17870137E-01  0.00000000E+00  0.00000000E+00 -8.16530349E-02
    0.196500      1   0.00000000E+00  0.00000000E+00  2.31936030E-03  0.00000000E+00  0.00000000E+00  0.00000000E+00  0.00000000E+00  0.00000000E+00  1.17829245E-01  0.00000000E+00  0.00000000E+00 -8.17833956E-02
    0.197000      1   0.00000000E+00  0.00000000E+00  2.31190613E-03  0.00000000E+00  0.00000000E+00  0.00000000E+00  0.00000000E+00  0.00000000E+00  1.17788290E-01  0.00000000E+00  0.00000000E+00 -8.19104709E-02
    0.197500      1   0.00000000E+00  0.00000000E+00  2.30852247E-03  0.00000000E+00  0.00000000E+00  0.00000000E+00  0.00000000E+00  0.00000000E+00  1.17747277E-01  0.00000000E+00  0.00000000E+00 -8.20259115E-02
    0.198000      1   0.00000000E+00  0.00000000E+00  2.32033240E-03  0.00000000E+00  0.00000000E+00  0.00000000E+00  0.00000000E+00  0.00000000E+00  1.17706205E-01  0.00000000E+00  0.00000000E+00 -8.21428753E-02
    0.198500      1   0.00000000E+00  0.00000000E+00  2.31565696E-03  0.00000000E+00  0.00000000E+00  0.00000000E+00  0.00000000E+00  0.00000000E+00  1.17665076E-01  0.00000000E+00  0.00000000E+00 -8.22593505E-02
    0.199000      1   0.00000000E+00  0.00000000E+00  2.34984730E-03  0.00000000E+00  0.00000000E+00  0.00000000E+00  0.00000000E+00  0.00000000E+00  1.17623888E-01  0.00000000E+00  0.00000000E+00 -8.23742998E-02
    0.199500      1   0.00000000E+00  0.00000000E+00  2.38389267E-03  0.00000000E+00  0.00000000E+00  0.00000000E+00  0.00000000E+00  0.00000000E+00  1.17582645E-01  0.00000000E+00  0.00000000E+00 -8.24869938E-02
    0.200000      1   0.00000000E+00  0.00000000E+00  2.36124501E-03  0.00000000E+00  0.00000000E+00  0.00000000E+00  0.00000000E+00  0.00000000E+00  1.17541349E-01  0.00000000E+00  0.00000000E+00 -8.25910632E-02
    0.200500      1   0.00000000E+00  0.00000000E+00  2.34209141E-03  0.00000000E+00  0.00000000E+00  0.00000000E+00  0.00000000E+00  0.00000000E+00  1.17500004E-01  0.00000000E+00  0.00000000E+00 -8.26915446E-02
    0.201000      1   0.00000000E+00  0.00000000E+00  2.35533408E-03  0.00000000E+00  0.00000000E+00  0.00000000E+00  0.00000000E+00  0.00000000E+00  1.17458605E-01  0.00000000E+00  0.00000000E+00 -8.27974384E-02
    0.201500      1   0.00000000E+00  0.00000000E+00  2.30914325E-03  0.00000000E+00  0.00000000E+00  0.00000000E+00  0.00000000E+00  0.00000000E+00  1.17417152E-01  0.00000000E+00  0.00000000E+00 -8.29053065E-02
    0.202000      1   0.00000000E+00  0.00000000E+00  2.29231597E-03  0.00000000E+00  0.00000000E+00  0.00000000E+00  0.00000000E+00  0.00000000E+00  1.17375645E-01  0.00000000E+00  0.00000000E+00 -8.30150842E-02
    0.202500      1   0.00000000E+00  0.00000000E+00  2.28036643E-03  0.00000000E+00  0.00000000E+00  0.00000000E+00  0.00000000E+00  0.00000000E+00  1.17334078E-01  0.00000000E+00  0.00000000E+00 -8.31339347E-02
    0.203000      1   0.00000000E+00  0.00000000E+00  2.30809623E-03  0.00000000E+00  0.00000000E+00  0.00000000E+00  0.00000000E+00  0.00000000E+00  1.17292449E-01  0.00000000E+00  0.00000000E+00 -8.32566049E-02
    0.203500      1   0.00000000E+00  0.00000000E+00  2.29982138E-03  0.00000000E+00  0.00000000E+00  0.00000000E+00  0.00000000E+00  0.00000000E+00  1.17250760E-01  0.00000000E+00  0.00000000E+00 -8.33787854E-02
    0.204000      1   0.00000000E+00  0.00000000E+00  2.29476942E-03  0.00000000E+00  0.00000000E+00  0.00000000E+00  0.00000000E+00  0.00000000E+00  1.17209011E-01  0.00000000E+00  0.00000000E+00 -8.34971442E-02
    0.204500      1   0.00000000E+00  0.00000000E+00  2.34377652E-03  0.00000000E+00  0.00000000E+00  0.00000000E+00  0.00000000E+00  0.00000000E+00  1.17167203E-01  0.00000000E+00  0.00000000E+00 -8.36173084E-02
    0.205000      1   0.00000000E+00  0.00000000E+00  2.31316339E-03  0.00000000E+00  0.00000000E+00  0.00000000E+00  0.00000000E+00  0.00000000E+00  1.17125336E-01  0.00000000E+00  0.00000000E+00 -8.37339691E-02
    0.205500      1   0.00000000E+00  0.00000000E+00  2.37468651E-03  0.00000000E+00  0.00000000E+00  0.00000000E+00  0.00000000E+00  0.00000000E+00  1.17083413E-01  0.00000000E+00  0.00000000E+00 -8.38452892E-02
    0.206000      1   0.00000000E+00  0.00000000E+00  2.38268362E-03  0.00000000E+00  0.00000000E+00  0.00000000E+00  0.00000000E+00  0.00000000E+00  1.17041435E-01  0.00000000E+00  0.00000000E+00 -8.39561963E-02
    0.206500      1   0.00000000E+00  0.00000000E+00  2.41817311E-03  0.00000000E+00  0.00000000E+00  0.00000000E+00  0.00000000E+00  0.00000000E+00  1.16999407E-01  0.00000000E+00  0.00000000E+00 -8.40562938E-02
    0.207000      1   0.00000000E+00  0.00000000E+00  2.37299201E-03  0.00000000E+00  0.00000000E+00  0.00000000E+00  0.00000000E+00  0.00000000E+00  1.16957331E-01  0.00000000E+00  0.00000000E+00 -8.41519402E-02
    0.207500      1   0.00000000E+00  0.00000000E+00  2.32766205E-03  0.00000000E+00  0.00000000E+00  0.00000000E+00  0.00000000E+00  0.00000000E+00  1.16915208E-01  0.00000000E+00  0.00000000E+00 -8.42457538E-02
    0.208000      1   0.00000000E+00  0.00000000E+00  2.33297623E-03  0.00000000E+00  0.00000000E+00  0.00000000E+00  0.00000000E+00  0.00000000E+00  1.16873033E-01  0.00000000E+00  0.00000000E+00 -8.43509945E-02
    0.208500      1   0.00000000E+00  0.00000000E+00  2.33025992E-03  0.00000000E+00  0.00000000E+00  0.00000000E+00  0.00000000E+00  0.00000000E+00  1.16830801E-01  0.00000000E+00  0.00000000E+00 -8.44632089E-02
    0.209000      1   0.00000000E+00  0.00000000E+00  2.30529683E-03  0.00000000E+00  0.00000000E+00  0.00000000E+00  0.00000000E+00  0.00000000E+00  1.16788514E-01  0.00000000E+00  0.00000000E+00 -8.45747908E-02
    0.209500      1   0.00000000E+00  0.00000000E+00  2.32232511E-03  0.00000000E+00  0.00000000E+00  0.00000000E+00  0.00000000E+00  0.00000000E+00  1.16746169E-01  0.00000000E+00  0.00000000E+00 -8.46890260E-02
    0.210000      1   0.00000000E+00  0.00000000E+00  2.32603658E-03  0.00000000E+00  0.00000000E+00  0.00000000E+00  0.00000000E+00  0.00000000E+00  1.16703766E-01  0.00000000E+00  0.00000000E+00 -8.48058547E-02
    0.210500      1   0.00000000E+00  0.00000000E+00  2.33301778E-03  0.00000000E+00  0.00000000E+00  0.00000000E+00  0.00000000E+00  0.00000000E+00  1.16661306E-01  0.00000000E+00  0.00000000E+00 -8.49195590E-02
    0.211000      1   0.00000000E+00  0.00000000E+00  2.34898608E-03  0.00000000E+00  0.00000000E+00  0.00000000E+00  0.00000000E+00  0.00000000E+00  1.16618790E-01  0.00000000E+00  0.00000000E+00 -8.50320366E-02
    0.211500      1   0.00000000E+00  0.00000000E+00  2.31050278E-03  0.00000000E+00  0.00000000E+00  0.00000000E+00  0.00000000E+00  0.00000000E+00  1.16576219E-01  0.00000000E+00  0.00000000E+00 -8.51419560E-02
    0.212000      1   0.00000000E+00  0.00000000E+00  2.36392210E-03  0.00000000E+00  0.00000000E+00  0.00000000E+00  0.00000000E+00  0.00000000E+00  1.16533593E-01  0.00000000E+00  0.00000000E+00 -8.52526559E-02
    0.212500      1   0.00000000E+00  0.00000000E+00  2.38698287E-03  0.00000000E+00  0.00000000E+00  0.00000000E+00  0.00000000E+00  0.00000000E+00  1.16490911E-01  0.00000000E+00  0.00000000E+00 -8.53649517E-02
    0.213000      1   0.00000000E+00  0.00000000E+00  2.44272178E-03  0.00000000E+00  0.00000000E+00  0.00000000E+00  0.00000000E+00  0.00000000E+00  1.16448177E-01  0.00000000E+00  0.00000000E+00 -8.54664367E-02
    0.213500      1   0.00000000E+00  0.00000000E+00  2.39434431E-03  0.00000000E+00  0.00000000E+00  0.00000000E+00  0.00000000E+00  0.00000000E+00  1.16405398E-01  0.00000000E+00  0.00000000E+00 -8.55592065E-02
    0.214000      1   0.00000000E+00  0.00000000E+00  2.36232950E-03  0.00000000E+00  0.00000000E+00  0.00000000E+00  0.00000000E+00  0.00000000E+00  1.16362574E-01  0.00000000E+00  0.00000000E+00 -8.56471011E-02
    0.214500      1   0.00000000E+00  0.00000000E+00  2.34593996E-03  0.00000000E+00  0.00000000E+00  0.00000000E+00  0.00000000E+00  0.00000000E+00  1.16319701E-01  0.00000000E+00  0.00000000E+00 -8.57457703E-02
    0.215000      1   0.00000000E+00  0.00000000E+00  2.33254060E-03  0.00000000E+00  0.00000000E+00  0.00000000E+00  0.00000000E+00  0.00000000E+00  1.16276776E-01  0.00000000E+00  0.00000000E+00 -8.58511458E-02
    0.215500      1   0.00000000E+00  0.00000000E+00  2.31490062E-03  0.00000000E+00  0.00000000E+00  0.00000000E+00  0.00000000E+00  0.00000000E+00  1.16233795E-01  0.00000000E+00  0.00000000E+00 -8.59603973E-02
    0.216000      1   0.00000000E+00  0.00000000E+00  2.31422459E-03  0.00000000E+00  0.00000000E+00  0.00000000E+00  0.00000000E+00  0.00000000E+00  1.16190759E-01  0.00000000E+00  0.00000000E+00 -8.60734089E-02
    0.216500      1   0.00000000E+00  0.00000000E+00  2.32859540E-03  0.00000000E+00  0.00000000E+00  0.00000000E+00  0.00000000E+00  0.00000000E+00  1.16147664E-01  0.00000000E+00  0.00000000E+00 -8.61893768E-02
    0.217000      1   0.00000000E+00  0.00000000E+00  2.34128535E-03  0.00000000E+00  0.00000000E+00  0.00000000E+00  0.00000000E+00  0.00000000E+00  1.16104512E-01  0.00000000E+00  0.00000000E+00 -8.63041850E-02
    0.217500      1   0.00000000E+00  0.00000000E+00  2.34837701E-03  0.00000000E+00  0.00000000E+00  0.00000000E+00  0.00000000E+00  0.00000000E+00  1.16061304E-01  0.00000000E+00  0.00000000E+00 -8.64155114E-02
    0.218000      1   0.00000000E+00  0.00000000E+00  2.31945203E-03  0.00000000E+00  0.00000000E+00  0.00000000E+00  0.00000000E+00  0.00000000E+00  1.16018042E-01  0.00000000E+00  0.00000000E+00 -8.65241270E-02
    0.218500      1   0.00000000E+00  0.00000000E+00  2.40784745E-03  0.00000000E+00  0.00000000E+00  0.00000000E+00  0.00000000E+00  0.00000000E+00  1.15974725E-01  0.00000000E+00  0.00000000E+00 -8.66341357E-02
    0.219000      1   0.00000000E+00  0.00000000E+00  2.42009519E-03  0.00000000E+00  0.00000000E+00  0.00000000E+00  0.00000000E+00  0.00000000E+00  1.15931355E-01  0.00000000E+00  0.00000000E+00 -8.67410781E-02
    0.219500      1   0.00000000E+00  0.00000000E+00  2.45007441E-03  0.00000000E+00  0.00000000E+00  0.00000000E+00  0.00000000E+00  0.00000000E+00  1.15887938E-01  0.00000000E+00  0.00000000E+00 -8.68324225E-02
    0.220000      1   0.00000000E+00  0.00000000E+00  2.38931485E-03  0.00000000E+00  0.00000000E+00  0.00000000E+00  0.00000000E+00  0.00000000E+00  1.15844479E-01  0.00000000E+00  0.00000000E+00 -8.69191049E-02
    0.220500      1   0.00000000E+00  0.00000000E+00  2.35692489E-03  0.00000000E+00  0.00000000E+00  0.00000000E+00  0.00000000E+00  0.00000000E+00  1.15800976E-01  0.00000000E+00  0.00000000E+00 -8.70062368E-02
    0.221000      1   0.00000000E+00  0.00000000E+00  2.36098663E-03  0.00000000E+00  0.00000000E+00  0.00000000E+00  0.00000000E+00  0.00000000E+00  1.15757423E-01  0.00000000E+00  0.00000000E+00 -8.71062098E-02
    0.221500      1   0.00000000E+00  0.00000000E+00  2.35785893E-03  0.00000000E+00  0.00000000E+00  0.00000000E+00  0.00000000E+00  0.00000000E+00  1.15713817E-01  0.00000000E+00  0.00000000E+00 -8.72111423E-02
    0.222000      1   0.00000000E+00  0.00000000E+00  2.32738710E-03  0.00000000E+00  0.00000000E+00  0.00000000E+00  0.00000000E+00  0.00000000E+00  1.15670159E-01  0.00000000E+00  0.00000000E+00 -8.73156844E-02
    0.222500      1   0.00000000E+00  0.00000000E+00  2.35696137E-03  0.00000000E+00  0.00000000E+00  0.00000000E+00  0.00000000E+00  0.00000000E+00  1.15626447E-01  0.00000000E+00  0.00000000E+00 -8.74234344E-02
    0.223000      1   0.00000000E+00  0.00000000E+00  2.34326951E-03  0.00000000E+00  0.00000000E+00  0.00000000E+00  0.00000000E+00  0.00000000E+00  1.15582681E-01  0.00000000E+00  0.00000000E+00 -8.75335732E-02
    0.223500      1   0.00000000E+00  0.00000000E+00  2.35392162E-03  0.00000000E+00  0.00000000E+00  0.00000000E+00  0.00000000E+00  0.00000000E+00  1.15538861E-01  0.00000000E+00  0.00000000E+00 -8.76400663E-02
    0.224000      1   0.00000000E+00  0.00000000E+00  2.38128564E-03  0.00000000E+00  0.00000000E+00  0.00000000E+00  0.00000000E+00  0.00000000E+00  1.15494987E-01  0.00000000E+00  0.00000000E+00 -8.77478658E-02
    0.224500      1   0.00000000E+00  0.00000000E+00  2.35616309E-03  0.00000000E+00  0.00000000E+00  0.00000000E+00  0.00000000E+00  0.00000000E+00  1.15451061E-01  0.00000000E+00  0.00000000E+00 -8.78514967E-02
    0.225000      1   0.00000000E+00  0.00000000E+00  2.40192242E-03  0.00000000E+00  0.00000000E+00  0.00000000E+00  0.00000000E+00  0.00000000E+00  1.15407085E-01  0.00000000E+00  0.00000000E+00 -8.79528555E-02
    0.225500      1   0.00000000E+00  0.00000000E+00  2.43322688E-03  0.00000000E+00  0.00000000E+00  0.00000000E+00  0.00000000E+00  0.00000000E+00  1.15363057E-01  0.00000000E+00  0.00000000E+00 -8.80542936E-02
    0.226000      1   0.00000000E+00  0.00000000E+00  2.42535209E-03  0.00000000E+00  0.00000000E+00  0.00000000E+00  0.00000000E+00  0.00000000E+00  1.15318985E-01  0.00000000E+00  0.00000000E+00 -8.81454498E-02
    0.226500      1   0.00000000E+00  0.00000000E+00  2.40264654E-03  0.00000000E+00  0.00000000E+00  0.00000000E+00  0.00000000E+00  0.00000000E+00  1.15274869E-01  0.00000000E+00  0.00000000E+00 -8.82321618E-02
    0.227000      1   0.00000000E+00  0.00000000E+00  2.43100487E-03  0.00000000E+00  0.00000000E+00  0.00000000E+00  0.00000000E+00  0.00000000E+00  1.15230708E-01  0.00000000E+00  0.00000000E+00 -8.83221745E-02
    0.227500      1   0.00000000E+00  0.00000000E+00  2.35634199E-03  0.00000000E+00  0.00000000E+00  0.00000000E+00  0.00000000E+00  0.00000000E+00  1.15186501E-01  0.00000000E+00  0.00000000E+00 -8.84134083E-02
    0.228000      1   0.00000000E+00  0.00000000E+00  2.33650195E-03  0.00000000E+00  0.00000000E+00  0.00000000E+00  0.00000000E+00  0.00000000E+00  1.15142248E-01  0.00000000E+00  0.00000000E+00 -8.85065870E-02
    0.228500      1   0.00000000E+00  0.00000000E+00  2.30432596E-03  0.00000000E+00  0.00000000E+00  0.00000000E+00  0.00000000E+00  0.00000000E+00  1.15097941E-01  0.00000000E+00  0.00000000E+00 -8.86137802E-02
    0.229000      1   0.00000000E+00  0.00000000E+00  2.37941258E-03  0.00000000E+00  0.00000000E+00  0.00000000E+00  0.00000000E+00  0.00000000E+00  1.15053577E-01  0.00000000E+00  0.00000000E+00 -8.87270762E-02
    0.229500      1   0.00000000E+00  0.00000000E+00  2.37898992E-03  0.00000000E+00  0.00000000E+00  0.00000000E+00  0.00000000E+00  0.00000000E+00  1.15009158E-01  0.00000000E+00  0.00000000E+00 -8.88390167E-02
    0.230000      1   0.00000000E+00  0.00000000E+00  2.35848558E-03  0.00000000E+00  0.00000000E+00  0.00000000E+00  0.00000000E+00  0.00000000E+00  1.14964688E-01  0.00000000E+00  0.00000000E+00 -8.89386647E-02
    0.230500      1   0.00000000E+00  0.00000000E+00  2.35525689E-03  0.00000000E+00  0.00000000E+00  0.00000000E+00  0.00000000E+00  0.00000000E+00  1.14920168E-01  0.00000000E+00  0.00000000E+00 -8.90401951E-02
    0.231000      1   0.00000000E+00  0.00000000E+00  2.40563101E-03  0.00000000E+00  0.00000000E+00  0.00000000E+00  0.00000000E+00  0.00000000E+00  1.14875595E-01  0.00000000E+00  0.00000000E+00 -8.91453780E-02
    0.231500      1   0.00000000E+00  0.00000000E+00  2.44756422E-03  0.00000000E+00  0.00000000E+00  0.00000000E+00  0.00000000E+00  0.00000000E+00  1.14830972E-01  0.00000000E+00  0.00000000E+00 -8.92466370E-02
    0.232000      1   0.00000000E+00  0.00000000E+00  2.49238933E-03  0.00000000E+00  0.00000000E+00  0.00000000E+00  0.00000000E+00  0.00000000E+00  1.14786304E-01  0.00000000E+00  0.00000000E+00 -8.93359165E-02
    0.232500      1   0.00000000E+00  0.00000000E+00  2.42450365E-03  0.00000000E+00  0.00000000E+00  0.00000000E+00  0.00000000E+00  0.00000000E+00  1.14741597E-01  0.00000000E+00  0.00000000E+00 -8.94143468E-02
    0.233000      1   0.00000000E+00  0.00000000E+00  2.38116546E-03  0.00000000E+00  0.00000000E+00  0.00000000E+00  0.00000000E+00  0.00000000E+00  1.14696851E-01  0.00000000E+00  0.00000000E+00 -8.94914190E-02
    0.233500      1   0.00000000E+00  0.00000000E+00  2.38188071E-03  0.00000000E+00  0.00000000E+00  0.00000000E+00  0.00000000E+00  0.00000000E+00  1.14652060E-01  0.00000000E+00  0.00000000E+00 -8.95834704E-02
    0.234000      1   0.00000000E+00  0.00000000E+00  2.38082706E-03  0.00000000E+00  0.00000000E+00  0.00000000E+00  0.00000000E+00  0.00000000E+00  1.14607218E-01  0.00000000E+00  0.00000000E+00 -8.96825750E-02
    0.234500      1   0.00000000E+00  0.00000000E+00  2.34654154E-03  0.00000000E+00  0.00000000E+00  0.00000000E+00  0.00000000E+00  0.00000000E+00  1.14562327E-01  0.00000000E+00  0.00000000E+00 -8.97816553E-02
    0.235000      1   0.00000000E+00  0.00000000E+00  2.37578310E-03  0.00000000E+00  0.00000000E+00  0.00000000E+00  0.00000000E+00  0.00000000E+00  1.14517385E-01  0.00000000E+00  0.00000000E+00 -8.98839401E-02
    0.235500      1   0.00000000E+00  0.00000000E+00  2.37083011E-03  0.00000000E+00  0.00000000E+00  0.00000000E+00  0.00000000E+00  0.00000000E+00  1.14472391E-01  0.00000000E+00  0.00000000E+00 -8.99892694E-02
    0.236000      1   0.00000000E+00  0.00000000E+00  2.38386254E-03  0.00000000E+00  0.00000000E+00  0.00000000E+00  0.00000000E+00  0.00000000E+00  1.14427346E-01  0.00000000E+00  0.00000000E+00 -9.00902349E-02
    0.236500      1   0.00000000E+00  0.00000000E+00  2.40842202E-03  0.00000000E+00  0.00000000E+00  0.00000000E+00  0.00000000E+00  0.00000000E+00  1.14382250E-01  0.00000000E+00  0.00000000E+00 -9.01908615E-02
    0.237000      1   0.00000000E+00  0.00000000E+00  2.38780204E-03  0.00000000E+00  0.00000000E+00  0.00000000E+00  0.00000000E+00  0.00000000E+00  1.14337107E-01  0.00000000E+00  0.00000000E+00 -9.02871764E-02
    0.237500      1   0.00000000E+00  0.00000000E+00  2.42312711E-03  0.00000000E+00  0.00000000E+00  0.00000000E+00  0.00000000E+00  0.00000000E+00  1.14291916E-01  0.00000000E+00  0.00000000E+00 -9.03812817E-02
    0.238000      1   0.00000000E+00  0.00000000E+00  2.45929352E-03  0.00000000E+00  0.00000000E+00  0.00000000E+00  0.00000000E+00  0.00000000E+00  1.14246678E-01  0.00000000E+00  0.00000000E+00 -9.04756496E-02
    0.238500      1   0.00000000E+00  0.00000000E+00  2.43667908E-03  0.00000000E+00  0.00000000E+00  0.00000000E+00  0.00000000E+00  0.00000000E+00  1.14201398E-01  0.00000000E+00  0.00000000E+00 -9.05610190E-02
    0.239000      1   0.00000000E+00  0.00000000E+00  2.43508793E-03  0.00000000E+00  0.00000000E+00  0.00000000E+00  0.00000000E+00  0.00000000E+00  1.14156076E-01  0.00000000E+00  0.00000000E+00 -9.06424491E-02
    0.239500      1   0.00000000E+00  0.00000000E+00  2.45328952E-03  0.00000000E+00  0.00000000E+00  0.00000000E+00  0.00000000E+00  0.00000000E+00  1.14110713E-01  0.00000000E+00  0.00000000E+00 -9.07277334E-02
    0.240000      1   0.00000000E+00  0.00000000E+00  2.36548440E-03  0.00000000E+00  0.00000000E+00  0.00000000E+00  0.00000000E+00  0.00000000E+00  1.14065307E-01  0.00000000E+00  0.00000000E+00 -9.08116697E-02
    0.240500      1   0.00000000E+00  0.00000000E+00  2.34393606E-03  0.00000000E+00  0.00000000E+00  0.00000000E+00  0.00000000E+00  0.00000000E+00  1.14019857E-01  0.00000000E+00  0.00000000E+00 -9.09003807E-02
    0.241000      1   0.00000000E+00  0.00000000E+00  2.34137991E-03  0.00000000E+00  0.00000000E+00  0.00000000E+00  0.00000000E+00  0.00000000E+00  1.13974354E-01  0.00000000E+00  0.00000000E+00 -9.10054153E-02
    0.241500      1   0.00000000E+00  0.00000000E+00  2.39202671E-03  0.00000000E+00  0.00000000E+00  0.00000000E+00  0.00000000E+00  0.00000000E+00  1.13928797E-01  0.00000000E+00  0.00000000E+00 -9.11142143E-02
    0.242000      1   0.00000000E+00  0.00000000E+00  2.40318418E-03  0.00000000E+00  0.00000000E+00  0.00000000E+00  0.00000000E+00  0.00000000E+00  1.13883187E-01  0.00000000E+00  0.00000000E+00 -9.12189549E-02
    0.242500      1   0.00000000E+00  0.00000000E+00  2.41068392E-03  0.00000000E+00  0.00000000E+00  0.00000000E+00  0.00000000E+00  0.00000000E+00  1.13837530E-01  0.00000000E+00  0.00000000E+00 -9.13143924E-02
    0.243000      1   0.00000000E+00  0.00000000E+00  2.37733558E-03  0.00000000E+00  0.00000000E+00  0.00000000E+00  0.00000000E+00  0.00000000E+00  1.13791826E-01  0.00000000E+00  0.00000000E+00 -9.14073346E-02
    0.243500      1   0.00000000E+00  0.00000000E+00  2.44107721E-03  0.00000000E+00  0.00000000E+00  0.00000000E+00  0.00000000E+00  0.00000000E+00  1.13746075E-01  0.00000000E+00  0.00000000E+00 -9.15019939E-02
    0.244000      1   0.00000000E+00  0.00000000E+00  2.47877595E-03  0.00000000E+00  0.00000000E+00  0.00000000E+00  0.00000000E+00  0.00000000E+00  1.13700277E-01  0.00000000E+00  0.00000000E+00 -9.15964933E-02
    0.244500      1   0.00000000E+00  0.00000000E+00  2.49768905E-03  0.00000000E+00  0.00000000E+00  0.00000000E+00  0.00000000E+00  0.00000000E+00  1.13654439E-01  0.00000000E+00  0.00000000E+00 -9.16771926E-02
    0.245000      1   0.00000000E+00  0.00000000E+00  2.42846911E-03  0.00000000E+00  0.00000000E+00  0.00000000E+00  0.00000000E+00  0.00000000E+00  1.13608564E-01  0.00000000E+00  0.00000000E+00 -9.17500291E-02
    0.245500      1   0.00000000E+00  0.00000000E+00  2.43684490E-03  0.00000000E+00  0.00000000E+00  0.00000000E+00  0.00000000E+00  0.00000000E+00  1.13562651E-01  0.00000000E+00  0.00000000E+00 -9.18258803E-02
    0.246000      1   0.00000000E+00  0.00000000E+00  2.39717469E-03  0.00000000E+00  0.00000000E+00  0.00000000E+00  0.00000000E+00  0.00000000E+00  1.13516694E-01  0.00000000E+00  0.00000000E+00 -9.19123574E-02
    0.246500      1   0.00000000E+00  0.00000000E+00  2.38437329E-03  0.00000000E+00  0.00000000E+00  0.00000000E+00  0.00000000E+00  0.00000000E+00  1.13470694E-01  0.00000000E+00  0.00000000E+00 -9.20009668E-02
    0.247000      1   0.00000000E+00  0.00000000E+00  2.33874681E-03  0.00000000E+00  0.00000000E+00  0.00000000E+00  0.00000000E+00  0.00000000E+00  1.13424645E-01  0.00000000E+00  0.00000000E+00 -9.20972222E-02
    0.247500      1   0.00000000E+00  0.00000000E+00  2.41300810E-03  0.00000000E+00  0.00000000E+00  0.00000000E+00  0.00000000E+00  0.00000000E+00  1.13378546E-01  0.00000000E+00  0.00000000E+00 -9.21996139E-02
    0.248000      1   0.00000000E+00  0.00000000E+00  2.41830159E-03  0.00000000E+00  0.00000000E+00  0.00000000E+00  0.00000000E+00  0.00000000E+00  1.13332394E-01  0.00000000E+00  0.00000000E+00 -9.23029317E-02
    0.248500      1   0.00000000E+00  0.00000000E+00  2.43417451E-03  0.00000000E+00  0.00000000E+00  0.00000000E+00  0.00000000E+00  0.00000000E+00  1.13286197E-01  0.00000000E+00  0.00000000E+00 -9.23935872E-02
    0.249000      1   0.00000000E+00  0.00000000E+00  2.37964805E-03  0.00000000E+00  0.00000000E+00  0.00000000E+00  0.00000000E+00  0.00000000E+00  1.13239956E-01  0.00000000E+00  0.00000000E+00 -9.24819700E-02
    0.249500      1   0.00000000E+00  0.00000000E+00  2.45230387E-03  0.00000000E+00  0.00000000E+00  0.00000000E+00  0.00000000E+00  0.00000000E+00  1.13193670E-01  0.00000000E+00  0.00000000E+00 -9.25725675E-02
    0.250000      1   0.00000000E+00  0.00000000E+00  2.48260320E-03  0.00000000E+00  0.00000000E+00  0.00000000E+00  0.00000000E+00  0.00000000E+00  1.13147337E-01  0.00000000E+00  0.00000000E+00 -9.26656945E-02
    0.250500      1   0.00000000E+00  0.00000000E+00  2.49553547E-03  0.00000000E+00  0.00000000E+00  0.00000000E+00  0.00000000E+00  0.00000000E+00  1.13100965E-01  0.00000000E+00  0.00000000E+00 -9.27442119E-02
    0.251000      1   0.00000000E+00  0.00000000E+00  2.44736864E-03  0.00000000E+00  0.00000000E+00  0.00000000E+00  0.00000000E+00  0.00000000E+00  1.13054557E-01  0.00000000E+00  0.00000000E+00 -9.28166103E-02
    0.251500      1   0.00000000E+00  0.00000000E+00  2.47175464E-03  0.00000000E+00  0.00000000E+00  0.00000000E+00  0.00000000E+00  0.00000000E+00  1.13008111E-01  0.00000000E+00  0.00000000E+00 -9.28911441E-02
    0.252000      1   0.00000000E+00  0.00000000E+00  2.38694129E-03  0.00000000E+00  0.00000000E+00  0.00000000E+00  0.00000000E+00  0.00000000E+00  1.12961626E-01  0.00000000E+00  0.00000000E+00 -9.29714311E-02
    0.252500      1   0.00000000E+00  0.00000000E+00  2.38732217E-03  0.00000000E+00  0.00000000E+00  0.00000000E+00  0.00000000E+00  0.00000000E+00  1.12915098E-01  0.00000000E+00  0.00000000E+00 -9.30552128E-02
    0.253000      1   0.00000000E+00  0.00000000E+00  2.34384274E-03  0.00000000E+00  0.00000000E+00  0.00000000E+00  0.00000000E+00  0.00000000E+00  1.12868521E-01  0.00000000E+00  0.00000000E+00 -9.31528879E-02
    0.253500      1   0.00000000E+00  0.00000000E+00  2.40750632E-03  0.00000000E+00  0.00000000E+00  0.00000000E+00  0.00000000E+00  0.00000000E+00  1.12821894E-01  0.00000000E+00  0.00000000E+00 -9.32543448E-02
    0.254000      1   0.00000000E+00  0.00000000E+00  2.42367671E-03  0.00000000E+00  0.00000000E+00  0.00000000E+00  0.00000000E+00  0.00000000E+00  1.12775216E-01  0.00000000E+00  0.00000000E+00 -9.33573123E-02
    0.254500      1   0.00000000E+00  0.00000000E+00  2.42717992E-03  0.00000000E+00  0.00000000E+00  0.00000000E+00  0.00000000E+00  0.00000000E+00  1.12728491E-01  0.00000000E+00  0.00000000E+00 -9.34483959E-02
    0.255000      1   0.00000000E+00  0.00000000E+00  2.40281255E-03  0.00000000E+00  0.00000000E+00  0.00000000E+00  0.00000000E+00  0.00000000E+00  1.12681723E-01  0.00000000E+00  0.00000000E+00 -9.35365146E-02
    0.255500      1   0.00000000E+00  0.00000000E+00  2.46712997E-03  0.00000000E+00  0.00000000E+00  0.00000000E+00  0.00000000E+00  0.00000000E+00  1.12634910E-01  0.00000000E+00  0.00000000E+00 -9.36262125E-02
    0.256000      1   0.00000000E+00  0.00000000E+00  2.50994052E-03  0.00000000E+00  0.00000000E+00  0.00000000E+00  0.00000000E+00  0.00000000E+00  1.12588053E-01  0.00000000E+00  0.00000000E+00 -9.37142248E-02
    0.256500      1   0.00000000E+00  0.00000000E+00  2.51013536E-03  0.00000000E+00  0.00000000E+00  0.00000000E+00  0.00000000E+00  0.00000000E+00  1.12541159E-01  0.00000000E+00  0.00000000E+00 -9.37878904E-02
    0.257000      1   0.00000000E+00  0.00000000E+00  2.44525998E-03  0.00000000E+00  0.00000000E+00  0.00000000E+00  0.00000000E+00  0.00000000E+00  1.12494232E-01  0.00000000E+00  0.00000000E+00 -9.38545090E-02
    0.257500      1   0.00000000E+00  0.00000000E+00  2.47731718E-03  0.00000000E+00  0.00000000E+00  0.00000000E+00  0.00000000E+00  0.00000000E+00  1.12447268E-01  0.00000000E+00  0.00000000E+00 -9.39268318E-02
    0.258000      1   0.00000000E+00  0.00000000E+00  2.41690982E-03  0.00000000E+00  0.00000000E+00  0.00000000E+00  0.00000000E+00  0.00000000E+00  1.12400265E-01  0.00000000E+00  0.00000000E+00 -9.40069732E-02
    0.258500      1   0.00000000E+00  0.00000000E+00  2.37763344E-03  0.00000000E+00  0.00000000E+00  0.00000000E+00  0.00000000E+00  0.00000000E+00  1.12353221E-01  0.00000000E+00  0.00000000E+00 -9.40871917E-02
    0.259000      1   0.00000000E+00  0.00000000E+00  2.38994599E-03  0.00000000E+00  0.00000000E+00  0.00000000E+00  0.00000000E+00  0.00000000E+00  1.12306131E-01  0.00000000E+00  0.00000000E+00 -9.41808024E-02
    0.259500      1   0.00000000E+00  0.00000000E+00  2.42778187E-03  0.00000000E+00  0.00000000E+00  0.00000000E+00  0.00000000E+00  0.00000000E+00  1.12258991E-01  0.00000000E+00  0.00000000E+00 -9.42797738E-02
    0.260000      1   0.00000000E+00  0.00000000E+00  2.43623912E-03  0.00000000E+00  0.00000000E+00  0.00000000E+00  0.00000000E+00  0.00000000E+00  1.12211804E-01  0.00000000E+00  0.00000000E+00 -9.43733781E-02
    0.260500      1   0.00000000E+00  0.00000000E+00  2.46470667E-03  0.00000000E+00  0.00000000E+00  0.00000000E+00  0.00000000E+00  0.00000000E+00  1.12164574E-01  0.00000000E+00  0.00000000E+00 -9.44600216E-02
    0.261000      1   0.00000000E+00  0.00000000E+00  2.41662730E-03  0.00000000E+00  0.00000000E+00  0.00000000E+00  0.00000000E+00  0.00000000E+00  1.12117303E-01  0.00000000E+00  0.00000000E+00 -9.45427592E-02
    0.261500      1   0.00000000E+00  0.00000000E+00  2.45988420E-03  0.00000000E+00  0.00000000E+00  0.00000000E+00  0.00000000E+00  0.00000000E+00  1.12069990E-01  0.00000000E+00  0.00000000E+00 -9.46250735E-02
    0.262000      1   0.00000000E+00  0.00000000E+00  2.51449114E-03  0.00000000E+00  0.00000000E+00  0.00000000E+00  0.00000000E+00  0.00000000E+00  1.12022635E-01  0.00000000E+00  0.00000000E+00 -9.47114580E-02
    0.262500      1   0.00000000E+00  0.00000000E+00  2.47946603E-03  0.00000000E+00  0.00000000E+00  0.00000000E+00  0.00000000E+00  0.00000000E+00  1.11975242E-01  0.00000000E+00  0.00000000E+00 -9.47859110E-02
    0.263000      1   0.00000000E+00  0.00000000E+00  2.48023777E-03  0.00000000E+00  0.00000000E+00  0.00000000E+00  0.00000000E+00  0.00000000E+00  1.11927814E-01  0.00000000E+00  0.00000000E+00 -9.48544941E-02
    0.263500      1   0.00000000E+00  0.00000000E+00  2.49313997E-03  0.00000000E+00  0.00000000E+00  0.00000000E+00  0.00000000E+00  0.00000000E+00  1.11880350E-01  0.00000000E+00  0.00000000E+00 -9.49287604E-02
    0.264000      1   0.00000000E+00  0.00000000E+00  2.41516425E-03  0.00000000E+00  0.00000000E+00  0.00000000E+00  0.00000000E+00  0.00000000E+00  1.11832849E-01  0.00000000E+00  0.00000000E+00 -9.50017591E-02
    0.264500      1   0.00000000E+00  0.00000000E+00  2.37133158E-03  0.00000000E+00  0.00000000E+00  0.00000000E+00  0.00000000E+00  0.00000000E+00  1.11785309E-01  0.00000000E+00  0.00000000E+00 -9.50795338E-02
    0.265000      1   0.00000000E+00  0.00000000E+00  2.41728633E-03  0.00000000E+00  0.00000000E+00  0.00000000E+00  0.00000000E+00  0.00000000E+00  1.11737722E-01  0.00000000E+00  0.00000000E+00 -9.51739883E-02
    0.265500      1   0.00000000E+00  0.00000000E+00  2.41024522E-03  0.00000000E+00  0.00000000E+00  0.00000000E+00  0.00000000E+00  0.00000000E+00  1.11690087E-01  0.00000000E+00  0.00000000E+00 -9.52715771E-02
    0.266000      1   0.00000000E+00  0.00000000E+00  2.42747397E-03  0.00000000E+00  0.00000000E+00  0.00000000E+00  0.00000000E+00  0.00000000E+00  1.11642405E-01  0.00000000E+00  0.00000000E+00 -9.53622424E-02
    0.266500      1   0.00000000E+00  0.00000000E+00  2.44439426E-03  0.00000000E+00  0.00000000E+00  0.00000000E+00  0.00000000E+00  0.00000000E+00  1.11594679E-01  0.00000000E+00  0.00000000E+00 -9.54525406E-02
    0.267000      1   0.00000000E+00  0.00000000E+00  2.46252745E-03  0.00000000E+00  0.00000000E+00  0.00000000E+00  0.00000000E+00  0.00000000E+00  1.11546910E-01  0.00000000E+00  0.00000000E+00 -9.55385136E-02
    0.267500      1   0.00000000E+00  0.00000000E+00  2.50975881E-03  0.00000000E+00  0.00000000E+00  0.00000000E+00  0.00000000E+00  0.00000000E+00  1.11499100E-01  0.00000000E+00  0.00000000E+00 -9.56201048E-02
    0.268000      1   0.00000000E+00  0.00000000E+00  2.56166185E-03  0.00000000E+00  0.00000000E+00  0.00000000E+00  0.00000000E+00  0.00000000E+00  1.11451253E-01  0.00000000E+00  0.00000000E+00 -9.56945423E-02
    0.268500      1   0.00000000E+00  0.00000000E+00  2.49833391E-03  0.00000000E+00  0.00000000E+00  0.00000000E+00  0.00000000E+00  0.00000000E+00  1.11403374E-01  0.00000000E+00  0.00000000E+00 -9.57566348E-02
    0.269000      1   0.00000000E+00  0.00000000E+00  2.44797445E-03  0.00000000E+00  0.00000000E+00  0.00000000E+00  0.00000000E+00  0.00000000E+00  1.11355466E-01  0.00000000E+00  0.00000000E+00 -9.58158038E-02
    0.269500      1   0.00000000E+00  0.00000000E+00  2.45274826E-03  0.00000000E+00  0.00000000E+00  0.00000000E+00  0.00000000E+00  0.00000000E+00  1.11307522E-01  0.00000000E+00  0.00000000E+00 -9.58898245E-02
    0.270000      1   0.00000000E+00  0.00000000E+00  2.42718905E-03  0.00000000E+00  0.00000000E+00  0.00000000E+00  0.00000000E+00  0.00000000E+00  1.11259536E-01  0.00000000E+00  0.00000000E+00 -9.59716925E-02
    0.270500      1   0.00000000E+00  0.00000000E+00  2.39749118E-03  0.00000000E+00  0.00000000E+00  0.00000000E+00  0.00000000E+00  0.00000000E+00  1.11211508E-01  0.00000000E+00  0.00000000E+00 -9.60550365E-02
    0.271000      1   0.00000000E+00  0.00000000E+00  2.45136283E-03  0.00000000E+00  0.00000000E+00  0.00000000E+00  0.00000000E+00  0.00000000E+00  1.11163436E-01  0.00000000E+00  0.00000000E+00 -9.61452035E-02
    0.271500      1   0.00000000E+00  0.00000000E+00  2.45285731E-03  0.00000000E+00  0.00000000E+00  0.00000000E+00  0.00000000E+00  0.00000000E+00  1.11115318E-01  0.00000000E+00  0.00000000E+00 -9.62354837E-02
    0.272000      1   0.00000000E+00  0.00000000E+00  2.46802777E-03  0.00000000E+00  0.00000000E+00  0.00000000E+00  0.00000000E+00  0.00000000E+00  1.11067159E-01  0.00000000E+00  0.00000000E+00 -9.63167857E-02
    0.272500      1   0.00000000E+00  0.00000000E+00  2.41813786E-03  0.00000000E+00  0.00000000E+00  0.00000000E+00  0.00000000E+00  0.00000000E+00  1.11018961E-01  0.00000000E+00  0.00000000E+00 -9.63965009E-02
    0.273000      1   0.00000000E+00  0.00000000E+00  2.49501134E-03  0.00000000E+00  0.00000000E+00  0.00000000E+00  0.00000000E+00  0.00000000E+00  1.10970722E-01  0.00000000E+00  0.00000000E+00 -9.64781362E-02
    0.273500      1   0.00000000E+00  0.00000000E+00  2.53546983E-03  0.00000000E+00  0.00000000E+00  0.00000000E+00  0.00000000E+00  0.00000000E+00  1.10922441E-01  0.00000000E+00  0.00000000E+00 -9.65611667E-02
    0.274000      1   0.00000000E+00  0.00000000E+00  2.51632384E-03  0.00000000E+00  0.00000000E+00  0.00000000E+00  0.00000000E+00  0.00000000E+00  1.10874128E-01  0.00000000E+00  0.00000000E+00 -9.66279967E-02
    0.274500      1   0.00000000E+00  0.00000000E+00  2.48515386E-03  0.00000000E+00  0.00000000E+00  0.00000000E+00  0.00000000E+00  0.00000000E+00  1.10825783E-01  0.00000000E+00  0.00000000E+00 -9.66898760E-02
    0.275000      1   0.00000000E+00  0.00000000E+00  2.51272443E-03  0.00000000E+00  0.00000000E+00  0.00000000E+00  0.00000000E+00  0.00000000E+00  1.10777404E-01  0.00000000E+00  0.00000000E+00 -9.67576553E-02
    0.275500      1   0.00000000E+00  0.00000000E+00  2.43626385E-03  0.00000000E+00  0.00000000E+00  0.00000000E+00  0.00000000E+00  0.00000000E+00  1.10728990E-01  0.00000000E+00  0.00000000E+00 -9.68281151E-02
    0.276000      1   0.00000000E+00  0.00000000E+00  2.41433026E-03  0.00000000E+00  0.00000000E+00  0.00000000E+00  0.00000000E+00  0.00000000E+00  1.10680539E-01  0.00000000E+00  0.00000000E+00 -9.69008082E-02
    0.276500      1   0.00000000E+00  0.00000000E+00  2.42198523E-03  0.00000000E+00  0.00000000E+00  0.00000000E+00  0.00000000E+00  0.00000000E+00  1.10632045E-01  0.00000000E+00  0.00000000E+00 -9.69879961E-02
    0.277000      1   0.00000000E+00  0.00000000E+00  2.42686216E-03  0.00000000E+00  0.00000000E+00  0.00000000E+00  0.00000000E+00  0.00000000E+00  1.10583506E-01  0.00000000E+00  0.00000000E+00 -9.70781088E-02
    0.277500      1   0.00000000E+00  0.00000000E+00  2.45183656E-03  0.00000000E+00  0.00000000E+00  0.00000000E+00  0.00000000E+00  0.00000000E+00  1.10534923E-01  0.00000000E+00  0.00000000E+00 -9.71665332E-02
    0.278000      1   0.00000000E+00  0.00000000E+00  2.46817590E-03  0.00000000E+00  0.00000000E+00  0.00000000E+00  0.00000000E+00  0.00000000E+00  1.10486297E-01  0.00000000E+00  0.00000000E+00 -9.72519486E-02
    0.278500      1   0.00000000E+00  0.00000000E+00  2.47930466E-03  0.00000000E+00  0.00000000E+00  0.00000000E+00  0.00000000E+00  0.00000000E+00  1.10437631E-01  0.00000000E+00  0.00000000E+00 -9.73318184E-02
    0.279000      1   0.00000000E+00  0.00000000E+00  2.52588924E-03  0.00000000E+00  0.00000000E+00  0.00000000E+00  0.00000000E+00  0.00000000E+00  1.10388927E-01  0.00000000E+00  0.00000000E+00 -9.74080210E-02
    0.279500      1   0.00000000E+00  0.00000000E+00  2.57973852E-03  0.00000000E+00  0.00000000E+00  0.00000000E+00  0.00000000E+00  0.00000000E+00  1.10340188E-01  0.00000000E+00  0.00000000E+00 -9.74782773E-02
    0.280000      1   0.00000000E+00  0.00000000E+00  2.52345031E-03  0.00000000E+00  0.00000000E+00  0.00000000E+00  0.00000000E+00  0.00000000E+00  1.10291420E-01  0.00000000E+00  0.00000000E+00 -9.75361227E-02
    0.280500      1   0.00000000E+00  0.00000000E+00  2.46473940E-03  0.00000000E+00  0.00000000E+00  0.00000000E+00  0.00000000E+00  0.00000000E+00  1.10242625E-01  0.00000000E+00  0.00000000E+00 -9.75901026E-02
    0.281000      1   0.00000000E+00  0.00000000E+00  2.45529970E-03  0.00000000E+00  0.00000000E+00  0.00000000E+00  0.00000000E+00  0.00000000E+00  1.10193796E-01  0.00000000E+00  0.00000000E+00 -9.76585167E-02
    0.281500      1   0.00000000E+00  0.00000000E+00  2.44477468E-03  0.00000000E+00  0.00000000E+00  0.00000000E+00  0.00000000E+00  0.00000000E+00  1.10144927E-01  0.00000000E+00  0.00000000E+00 -9.77374062E-02
    0.282000      1   0.00000000E+00  0.00000000E+00  2.41449202E-03  0.00000000E+00  0.00000000E+00  0.00000000E+00  0.00000000E+00  0.00000000E+00  1.10096017E-01  0.00000000E+00  0.00000000E+00 -9.78187763E-02
    0.282500      1   0.00000000E+00  0.00000000E+00  2.46738599E-03  0.00000000E+00  0.00000000E+00  0.00000000E+00  0.00000000E+00  0.00000000E+00  1.10047065E-01  0.00000000E+00  0.00000000E+00 -9.79045524E-02
    0.283000      1   0.00000000E+00  0.00000000E+00  2.47674216E-03  0.00000000E+00  0.00000000E+00  0.00000000E+00  0.00000000E+00  0.00000000E+00  1.09998070E-01  0.00000000E+00  0.00000000E+00 -9.79906242E-02
    0.283500      1   0.00000000E+00  0.00000000E+00  2.49985552E-03  0.00000000E+00  0.00000000E+00  0.00000000E+00  0.00000000E+00  0.00000000E+00  1.09949036E-01  0.00000000E+00  0.00000000E+00 -9.80671831E-02
    0.284000      1   0.00000000E+00  0.00000000E+00  2.44304915E-03  0.00000000E+00  0.00000000E+00  0.00000000E+00  0.00000000E+00  0.00000000E+00  1.09899966E-01  0.00000000E+00  0.00000000E+00 -9.81401621E-02
    0.284500      1   0.00000000E+00  0.00000000E+00  2.49967048E-03  0.00000000E+00  0.00000000E+00  0.00000000E+00  0.00000000E+00  0.00000000E+00  1.09850859E-01  0.00000000E+00  0.00000000E+00 -9.82143684E-02
    0.285000      1   0.00000000E+00  0.00000000E+00  2.55497169E-03  0.00000000E+00  0.00000000E+00  0.00000000E+00  0.00000000E+00  0.00000000E+00  1.09801713E-01  0.00000000E+00  0.00000000E+00 -9.82928964E-02
    0.285500      1   0.00000000E+00  0.00000000E+00  2.52143399E-03  0.00000000E+00  0.00000000E+00  0.00000000E+00  0.00000000E+00  0.00000000E+00  1.09752534E-01  0.00000000E+00  0.00000000E+00 -9.83572370E-02
    0.286000      1   0.00000000E+00  0.00000000E+00  2.52060806E-03  0.00000000E+00  0.00000000E+00  0.00000000E+00  0.00000000E+00  0.00000000E+00  1.09703326E-01  0.00000000E+00  0.00000000E+00 -9.84154621E-02
    0.286500      1   0.00000000E+00  0.00000000E+00  2.51775529E-03  0.00000000E+00  0.00000000E+00  0.00000000E+00  0.00000000E+00  0.00000000E+00  1.09654087E-01  0.00000000E+00  0.00000000E+00 -9.84792673E-02
    0.287000      1   0.00000000E+00  0.00000000E+00  2.45598624E-03  0.00000000E+00  0.00000000E+00  0.00000000E+00  0.00000000E+00  0.00000000E+00  1.09604815E-01  0.00000000E+00  0.00000000E+00 -9.85434605E-02
    0.287500      1   0.00000000E+00  0.00000000E+00  2.41109319E-03  0.00000000E+00  0.00000000E+00  0.00000000E+00  0.00000000E+00  0.00000000E+00  1.09555508E-01  0.00000000E+00  0.00000000E+00 -9.86135837E-02
    0.288000      1   0.00000000E+00  0.00000000E+00  2.44506844E-03  0.00000000E+00  0.00000000E+00  0.00000000E+00  0.00000000E+00  0.00000000E+00  1.09506159E-01  0.00000000E+00  0.00000000E+00 -9.86978192E-02
    0.288500      1   0.00000000E+00  0.00000000E+00  2.44523798E-03  0.00000000E+00  0.00000000E+00  0.00000000E+00  0.00000000E+00  0.00000000E+00  1.09456766E-01  0.00000000E+00  0.00000000E+00 -9.87864224E-02
    0.289000      1   0.00000000E+00  0.00000000E+00  2.47160013E-03  0.00000000E+00  0.00000000E+00  0.00000000E+00  0.00000000E+00  0.00000000E+00  1.09407331E-01  0.00000000E+00  0.00000000E+00 -9.88694317E-02
    0.289500      1   0.00000000E+00  0.00000000E+00  2.47233673E-03  0.00000000E+00  0.00000000E+00  0.00000000E+00  0.00000000E+00  0.00000000E+00  1.09357856E-01  0.00000000E+00  0.00000000E+00 -9.89500821E-02
    0.290000      1   0.00000000E+00  0.00000000E+00  2.53899298E-03  0.00000000E+00  0.00000000E+00  0.00000000E+00  0.00000000E+00  0.00000000E+00  1.09308343E-01  0.00000000E+00  0.00000000E+00 -9.90263386E-02
    0.290500      1   0.00000000E+00  0.00000000E+00  2.56075925E-03  0.00000000E+00  0.00000000E+00  0.00000000E+00  0.00000000E+00  0.00000000E+00  1.09258795E-01  0.00000000E+00  0.00000000E+00 -9.90965805E-02
    0.291000      1   0.00000000E+00  0.00000000E+00  2.57542532E-03  0.00000000E+00  0.00000000E+00  0.00000000E+00  0.00000000E+00  0.00000000E+00  1.09209218E-01  0.00000000E+00  0.00000000E+00 -9.91539523E-02
    0.291500      1   0.00000000E+00  0.00000000E+00  2.50157379E-03  0.00000000E+00  0.00000000E+00  0.00000000E+00  0.00000000E+00  0.00000000E+00  1.09159615E-01  0.00000000E+00  0.00000000E+00 -9.92064532E-02
    0.292000      1   0.00000000E+00  0.00000000E+00  2.52903075E-03  0.00000000E+00  0.00000000E+00  0.00000000E+00  0.00000000E+00  0.00000000E+00  1.09109983E-01  0.00000000E+00  0.00000000E+00 -9.92630756E-02
    0.292500      1   0.00000000E+00  0.00000000E+00  2.47758625E-03  0.00000000E+00  0.00000000E+00  0.00000000E+00  0.00000000E+00  0.00000000E+00  1.09060318E-01  0.00000000E+00  0.00000000E+00 -9.93293974E-02
    0.293000      1   0.00000000E+00  0.00000000E+00  2.43566705E-03  0.00000000E+00  0.00000000E+00  0.00000000E+00  0.00000000E+00  0.00000000E+00  1.09010620E-01  0.00000000E+00  0.00000000E+00 -9.93957592E-02
    0.293500      1   0.00000000E+00  0.00000000E+00  2.46531998E-03  0.00000000E+00  0.00000000E+00  0.00000000E+00  0.00000000E+00  0.00000000E+00  1.08960883E-01  0.00000000E+00  0.00000000E+00 -9.94742750E-02
    0.294000      1   0.00000000E+00  0.00000000E+00  2.46096536E-03  0.00000000E+00  0.00000000E+00  0.00000000E+00  0.00000000E+00  0.00000000E+00  1.08911105E-01  0.00000000E+00  0.00000000E+00 -9.95570524E-02
    0.294500      1   0.00000000E+00  0.00000000E+00  2.49170174E-03  0.00000000E+00  0.00000000E+00  0.00000000E+00  0.00000000E+00  0.00000000E+00  1.08861287E-01  0.00000000E+00  0.00000000E+00 -9.96353456E-02
    0.295000      1   0.00000000E+00  0.00000000E+00  2.51119435E-03  0.00000000E+00  0.00000000E+00  0.00000000E+00  0.00000000E+00  0.00000000E+00  1.08811431E-01  0.00000000E+00  0.00000000E+00 -9.97116362E-02
    0.295500      1   0.00000000E+00  0.00000000E+00  2.51831985E-03  0.00000000E+00  0.00000000E+00  0.00000000E+00  0.00000000E+00  0.00000000E+00  1.08761541E-01  0.00000000E+00  0.00000000E+00 -9.97811560E-02
    0.296000      1   0.00000000E+00  0.00000000E+00  2.51487918E-03  0.00000000E+00  0.00000000E+00  0.00000000E+00  0.00000000E+00  0.00000000E+00  1.08711617E-01  0.00000000E+00  0.00000000E+00 -9.98468451E-02
    0.296500      1   0.00000000E+00  0.00000000E+00  2.58969023E-03  0.00000000E+00  0.00000000E+00  0.00000000E+00  0.00000000E+00  0.00000000E+00  1.08661661E-01  0.00000000E+00  0.00000000E+00 -9.99116683E-02
    0.297000      1   0.00000000E+00  0.00000000E+00  2.53998812E-03  0.00000000E+00  0.00000000E+00  0.00000000E+00  0.00000000E+00  0.00000000E+00  1.08611676E-01  0.00000000E+00  0.00000000E+00 -9.99704417E-02
    0.297500      1   0.00000000E+00  0.00000000E+00  2.54915654E-03  0.00000000E+00  0.00000000E+00  0.00000000E+00  0.00000000E+00  0.00000000E+00  1.08561666E-01  0.00000000E+00  0.00000000E+00 -1.00021325E-01
    0.298000      1   0.00000000E+00  0.00000000E+00  2.46034453E-03  0.00000000E+00  0.00000000E+00  0.00000000E+00  0.00000000E+00  0.00000000E+00  1.08511626E-01  0.00000000E+00  0.00000000E+00 -1.00079560E-01
    0.298500      1   0.00000000E+00  0.00000000E+00  2.44209228E-03  0.00000000E+00  0.00000000E+00  0.00000000E+00  0.00000000E+00  0.00000000E+00  1.08461554E-01  0.00000000E+00  0.00000000E+00 -1.00144141E-01
    0.299000      1   0.00000000E+00  0.00000000E+00  2.46293301E-03  0.00000000E+00  0.00000000E+00  0.00000000E+00  0.00000000E+00  0.00000000E+00  1.08411441E-01  0.00000000E+00  0.00000000E+00 -1.00224920E-01
    0.299500      1   0.00000000E+00  0.00000000E+00  2.46440034E-03  0.00000000E+00  0.00000000E+00  0.00000000E+00  0.00000000E+00  0.00000000E+00  1.08361288E-01  0.00000000E+00  0.00000000E+00 -1.00306853E-01
    0.300000      1   0.00000000E+00  0.00000000E+00  2.48093375E-03  0.00000000E+00  0.00000000E+00  0.00000000E+00  0.00000000E+00  0.00000000E+00  1.08311095E-01  0.00000000E+00  0.00000000E+00 -1.00385235E-01
    0.300500      1   0.00000000E+00  0.00000000E+00  2.49521036E-03  0.00000000E+00  0.00000000E+00  0.00000000E+00  0.00000000E+00  0.00000000E+00  1.08260864E-01  0.00000000E+00  0.00000000E+00 -1.00461913E-01
    0.301000      1   0.00000000E+00  0.00000000E+00  2.52719179E-03  0.00000000E+00  0.00000000E+00  0.00000000E+00  0.00000000E+00  0.00000000E+00  1.08210597E-01  0.00000000E+00  0.00000000E+00 -1.00534615E-01
    0.301500      1   0.00000000E+00  0.00000000E+00  2.56226090E-03  0.00000000E+00  0.00000000E+00  0.00000000E+00  0.00000000E+00  0.00000000E+00  1.08160296E-01  0.00000000E+00  0.00000000E+00 -1.00602144E-01
    0.302000      1   0.00000000E+00  0.00000000E+00  2.60365317E-03  0.00000000E+00  0.00000000E+00  0.00000000E+00  0.00000000E+00  0.00000000E+00  1.08109965E-01  0.00000000E+00  0.00000000E+00 -1.00661321E-01
    0.302500      1   0.00000000E+00  0.00000000E+00  2.53817233E-03  0.00000000E+00  0.00000000E+00  0.00000000E+00  0.00000000E+00  0.00000000E+00  1.08059610E-01  0.00000000E+00  0.00000000E+00 -1.00711079E-01
    0.303000      1   0.00000000E+00  0.00000000E+00  2.51811158E-03  0.00000000E+00  0.00000000E+00  0.00000000E+00  0.00000000E+00  0.00000000E+00  1.08009230E-01  0.00000000E+00  0.00000000E+00 -1.00759831E-01
    0.303500      1   0.00000000E+00  0.00000000E+00  2.48940163E-03  0.00000000E+00  0.00000000E+00  0.00000000E+00  0.00000000E+00  0.00000000E+00  1.07958819E-01  0.00000000E+00  0.00000000E+00 -1.00821108E-01
    0.304000      1   0.00000000E+00  0.00000000E+00  2.46553189E-03  0.00000000E+00  0.00000000E+00  0.00000000E+00  0.00000000E+00  0.00000000E+00  1.07908375E-01  0.00000000E+00  0.00000000E+00 -1.00888218E-01
    0.304500      1   0.00000000E+00  0.00000000E+00  2.48630944E-03  0.00000000E+00  0.00000000E+00  0.00000000E+00  0.00000000E+00  0.00000000E+00  1.07857894E-01  0.00000000E+00  0.00000000E+00 -1.00962153E-01
    0.305000      1   0.00000000E+00  0.00000000E+00  2.48481867E-03  0.00000000E+00  0.00000000E+00  0.00000000E+00  0.00000000E+00  0.00000000E+00  1.07807375E-01  0.00000000E+00  0.00000000E+00 -1.01038171E-01
    0.305500      1   0.00000000E+00  0.00000000E+00  2.49480531E-03  0.00000000E+00  0.00000000E+00  0.00000000E+00  0.00000000E+00  0.00000000E+00  1.07756819E-01  0.00000000E+00  0.00000000E+00 -1.01110908E-01
    0.306000      1   0.00000000E+00  0.00000000E+00  2.51965333E-03  0.00000000E+00  0.00000000E+00  0.00000000E+00  0.00000000E+00  0.00000000E+00  1.07706228E-01  0.00000000E+00  0.00000000E+00 -1.01183007E-01
    0.306500      1   0.00000000E+00  0.00000000E+00  2.52143814E-03  0.00000000E+00  0.00000000E+00  0.00000000E+00  0.00000000E+00  0.00000000E+00  1.07655602E-01  0.00000000E+00  0.00000000E+00 -1.01251270E-01
    0.307000      1   0.00000000E+00  0.00000000E+00  2.54386619E-03  0.00000000E+00  0.00000000E+00  0.00000000E+00  0.00000000E+00  0.00000000E+00  1.07604945E-01  0.00000000E+00  0.00000000E+00 -1.01315294E-01
    0.307500      1   0.00000000E+00  0.00000000E+00  2.60754867E-03  0.00000000E+00  0.00000000E+00  0.00000000E+00  0.00000000E+00  0.00000000E+00  1.07554256E-01  0.00000000E+00  0.00000000E+00 -1.01377042E-01
    0.308000      1   0.00000000E+00  0.00000000E+00  2.56002290E-03  0.00000000E+00  0.00000000E+00  0.00000000E+00  0.00000000E+00  0.00000000E+00  1.07503541E-01  0.00000000E+00  0.00000000E+00 -1.01429477E-01
    0.308500      1   0.00000000E+00  0.00000000E+00  2.56597864E-03  0.00000000E+00  0.00000000E+00  0.00000000E+00  0.00000000E+00  0.00000000E+00  1.07452804E-01  0.00000000E+00  0.00000000E+00 -1.01475656E-01
    0.309000      1   0.00000000E+00  0.00000000E+00  2.46740993E-03  0.00000000E+00  0.00000000E+00  0.00000000E+00  0.00000000E+00  0.00000000E+00  1.07402039E-01  0.00000000E+00  0.00000000E+00 -1.01529113E-01
    0.309500      1   0.00000000E+00  0.00000000E+00  2.45773760E-03  0.00000000E+00  0.00000000E+00  0.00000000E+00  0.00000000E+00  0.00000000E+00  1.07351244E-01  0.00000000E+00  0.00000000E+00 -1.01590308E-01
    0.310000      1   0.00000000E+00  0.00000000E+00  2.48066624E-03  0.00000000E+00  0.00000000E+00  0.00000000E+00  0.00000000E+00  0.00000000E+00  1.07300410E-01  0.00000000E+00  0.00000000E+00 -1.01668543E-01
    0.310500      1   0.00000000E+00  0.00000000E+00  2.48013347E-03  0.00000000E+00  0.00000000E+00  0.00000000E+00  0.00000000E+00  0.00000000E+00  1.07249536E-01  0.00000000E+00  0.00000000E+00 -1.01746339E-01
    0.311000      1   0.00000000E+00  0.00000000E+00  2.49453587E-03  0.00000000E+00  0.00000000E+00  0.00000000E+00  0.00000000E+00  0.00000000E+00  1.07198626E-01  0.00000000E+00  0.00000000E+00 -1.01820418E-01
    0.311500      1   0.00000000E+00  0.00000000E+00  2.50957117E-03  0.00000000E+00  0.00000000E+00  0.00000000E+00  0.00000000E+00  0.00000000E+00  1.07147680E-01  0.00000000E+00  0.00000000E+00 -1.01893310E-01
    0.312000      1   0.00000000E+00  0.00000000E+00  2.55086294E-03  0.00000000E+00  0.00000000E+00  0.00000000E+00  0.00000000E+00  0.00000000E+00  1.07096698E-01  0.00000000E+00  0.00000000E+00 -1.01962508E-01
    0.312500      1   0.00000000E+00  0.00000000E+00  2.56927719E-03  0.00000000E+00  0.00000000E+00  0.00000000E+00  0.00000000E+00  0.00000000E+00  1.07045686E-01  0.00000000E+00  0.00000000E+00 -1.02025586E-01
    0.313000      1   0.00000000E+00  0.00000000E+00  2.62274052E-03  0.00000000E+00  0.00000000E+00  0.00000000E+00  0.00000000E+00  0.00000000E+00  1.06994645E-01  0.00000000E+00  0.00000000E+00 -1.02080256E-01
    0.313500      1   0.00000000E+00  0.00000000E+00  2.54957793E-03  0.00000000E+00  0.00000000E+00  0.00000000E+00  0.00000000E+00  0.00000000E+00  1.06943582E-01  0.00000000E+00  0.00000000E+00 -1.02127174E-01
    0.314000      1   0.00000000E+00  0.00000000E+00  2.56969474E-03  0.00000000E+00  0.00000000E+00  0.00000000E+00  0.00000000E+00  0.00000000E+00  1.06892496E-01  0.00000000E+00  0.00000000E+00 -1.02171783E-01
    0.314500      1   0.00000000E+00  0.00000000E+00  2.49175421E-03  0.00000000E+00  0.00000000E+00  0.00000000E+00  0.00000000E+00  0.00000000E+00  1.06841383E-01  0.00000000E+00  0.00000000E+00 -1.02226626E-01
    0.315000      1   0.00000000E+00  0.00000000E+00  2.46457048E-03  0.00000000E+00  0.00000000E+00  0.00000000E+00  0.00000000E+00  0.00000000E+00  1.06790240E-01  0.00000000E+00  0.00000000E+00 -1.02285058E-01
    0.315500      1   0.00000000E+00  0.00000000E+00  2.49747851E-03  0.00000000E+00  0.00000000E+00  0.00000000E+00  0.00000000E+00  0.00000000E+00  1.06739061E-01  0.00000000E+00  0.00000000E+00 -1.02358692E-01
    0.316000      1   0.00000000E+00  0.00000000E+00  2.49382345E-03  0.00000000E+00  0.00000000E+00  0.00000000E+00  0.00000000E+00  0.00000000E+00  1.06687844E-01  0.00000000E+00  0.00000000E+00 -1.02433880E-01
    0.316500      1   0.00000000E+00  0.00000000E+00  2.52102786E-03  0.00000000E+00  0.00000000E+00  0.00000000E+00  0.00000000E+00  0.00000000E+00  1.06636592E-01  0.00000000E+00  0.00000000E+00 -1.02503987E-01
    0.317000      1   0.00000000E+00  0.00000000E+00  2.53305671E-03  0.00000000E+00  0.00000000E+00  0.00000000E+00  0.00000000E+00  0.00000000E+00  1.06585306E-01  0.00000000E+00  0.00000000E+00 -1.02572289E-01
    0.317500      1   0.00000000E+00  0.00000000E+00  2.54531085E-03  0.00000000E+00  0.00000000E+00  0.00000000E+00  0.00000000E+00  0.00000000E+00  1.06533988E-01  0.00000000E+00  0.00000000E+00 -1.02635060E-01
    0.318000      1   0.00000000E+00  0.00000000E+00  2.55654231E-03  0.00000000E+00  0.00000000E+00  0.00000000E+00  0.00000000E+00  0.00000000E+00  1.06482641E-01  0.00000000E+00  0.00000000E+00 -1.02694773E-01
    0.318500      1   0.00000000E+00  0.00000000E+00  2.59788484E-03  0.00000000E+00  0.00000000E+00  0.00000000E+00  0.00000000E+00  0.00000000E+00  1.06431265E-01  0.00000000E+00  0.00000000E+00 -1.02751480E-01
    0.319000      1   0.00000000E+00  0.00000000E+00  2.57761099E-03  0.00000000E+00  0.00000000E+00  0.00000000E+00  0.00000000E+00  0.00000000E+00  1.06379864E-01  0.00000000E+00  0.00000000E+00 -1.02802687E-01
    0.319500      1   0.00000000E+00  0.00000000E+00  2.58514639E-03  0.00000000E+00  0.00000000E+00  0.00000000E+00  0.00000000E+00  0.00000000E+00  1.06328439E-01  0.00000000E+00  0.00000000E+00 -1.02848899E-01
    0.320000      1   0.00000000E+00  0.00000000E+00  2.49581887E-03  0.00000000E+00  0.00000000E+00  0.00000000E+00  0.00000000E+00  0.00000000E+00  1.06276990E-01  0.00000000E+00  0.00000000E+00 -1.02897773E-01
    0.320500      1   0.00000000E+00  0.00000000E+00  2.44888368E-03  0.00000000E+00  0.00000000E+00  0.00000000E+00  0.00000000E+00  0.00000000E+00  1.06225514E-01  0.00000000E+00  0.00000000E+00 -1.02953308E-01
    0.321000      1   0.00000000E+00  0.00000000E+00  2.49005767E-03  0.00000000E+00  0.00000000E+00  0.00000000E+00  0.00000000E+00  0.00000000E+00  1.06174000E-01  0.00000000E+00  0.00000000E+00 -1.03027661E-01
    0.321500      1   0.00000000E+00  0.00000000E+00  2.48984135E-03  0.00000000E+00  0.00000000E+00  0.00000000E+00  0.00000000E+00  0.00000000E+00  1.06122447E-01  0.00000000E+00  0.00000000E+00 -1.03106081E-01
    0.322000      1   0.00000000E+00  0.00000000E+00  2.52232452E-03  0.00000000E+00  0.00000000E+00  0.00000000E+00  0.00000000E+00  0.00000000E+00  1.06070858E-01  0.00000000E+00  0.00000000E+00 -1.03177759E-01
    0.322500      1   0.00000000E+00  0.00000000E+00  2.50979899E-03  0.00000000E+00  0.00000000E+00  0.00000000E+00  0.00000000E+00  0.00000000E+00  1.06019235E-01  0.00000000E+00  0.00000000E+00 -1.03246600E-01
    0.323000      1   0.00000000E+00  0.00000000E+00  2.58797162E-03  0.00000000E+00  0.00000000E+00  0.00000000E+00  0.00000000E+00  0.00000000E+00  1.05967579E-01  0.00000000E+00  0.00000000E+00 -1.03311215E-01
    0.323500      1   0.00000000E+00  0.00000000E+00  2.62537815E-03  0.00000000E+00  0.00000000E+00  0.00000000E+00  0.00000000E+00  0.00000000E+00  1.05915894E-01  0.00000000E+00  0.00000000E+00 -1.03370975E-01
    0.324000      1   0.00000000E+00  0.00000000E+00  2.59504003E-03  0.00000000E+00  0.00000000E+00  0.00000000E+00  0.00000000E+00  0.00000000E+00  1.05864186E-01  0.00000000E+00  0.00000000E+00 -1.03414590E-01
    0.324500      1   0.00000000E+00  0.00000000E+00  2.57106042E-03  0.00000000E+00  0.00000000E+00  0.00000000E+00  0.00000000E+00  0.00000000E+00  1.05812459E-01  0.00000000E+00  0.00000000E+00 -1.03454746E-01
    0.325000      1   0.00000000E+00  0.00000000E+00  2.53591748E-03  0.00000000E+00  0.00000000E+00  0.00000000E+00  0.00000000E+00  0.00000000E+00  1.05760708E-01  0.00000000E+00  0.00000000E+00 -1.03502004E-01
    0.325500      1   0.00000000E+00  0.00000000E+00  2.50389953E-03  0.00000000E+00  0.00000000E+00  0.00000000E+00  0.00000000E+00  0.00000000E+00  1.05708930E-01  0.00000000E+00  0.00000000E+00 -1.03556306E-01
    0.326000      1   0.00000000E+00  0.00000000E+00  2.47760797E-03  0.00000000E+00  0.00000000E+00  0.00000000E+00  0.00000000E+00  0.00000000E+00  1.05657120E-01  0.00000000E+00  0.00000000E+00 -1.03619210E-01
    0.326500      1   0.00000000E+00  0.00000000E+00  2.52255446E-03  0.00000000E+00  0.00000000E+00  0.00000000E+00  0.00000000E+00  0.00000000E+00  1.05605275E-01  0.00000000E+00  0.00000000E+00 -1.03689697E-01
    0.327000      1   0.00000000E+00  0.00000000E+00  2.53806465E-03  0.00000000E+00  0.00000000E+00  0.00000000E+00  0.00000000E+00  0.00000000E+00  1.05553395E-01  0.00000000E+00  0.00000000E+00 -1.03760527E-01
    0.327500      1   0.00000000E+00  0.00000000E+00  2.56673947E-03  0.00000000E+00  0.00000000E+00  0.00000000E+00  0.00000000E+00  0.00000000E+00  1.05501484E-01  0.00000000E+00  0.00000000E+00 -1.03822605E-01
    0.328000      1   0.00000000E+00  0.00000000E+00  2.52359608E-03  0.00000000E+00  0.00000000E+00  0.00000000E+00  0.00000000E+00  0.00000000E+00  1.05449544E-01  0.00000000E+00  0.00000000E+00 -1.03879600E-01
    0.328500      1   0.00000000E+00  0.00000000E+00  2.55828330E-03  0.00000000E+00  0.00000000E+00  0.00000000E+00  0.00000000E+00  0.00000000E+00  1.05397576E-01  0.00000000E+00  0.00000000E+00 -1.03935702E-01
    0.329000      1   0.00000000E+00  0.00000000E+00  2.63069713E-03  0.00000000E+00  0.00000000E+00  0.00000000E+00  0.00000000E+00  0.00000000E+00  1.05345578E-01  0.00000000E+00  0.00000000E+00 -1.03995821E-01
    0.329500      1   0.00000000E+00  0.00000000E+00  2.61460339E-03  0.00000000E+00  0.00000000E+00  0.00000000E+00  0.00000000E+00  0.00000000E+00  1.05293556E-01  0.00000000E+00  0.00000000E+00 -1.04043841E-01
    0.330000      1   0.00000000E+00  0.00000000E+00  2.57930238E-03  0.00000000E+00  0.00000000E+00  0.00000000E+00  0.00000000E+00  0.00000000E+00  1.05241515E-01  0.00000000E+00  0.00000000E+00 -1.04081393E-01
    0.330500      1   0.00000000E+00  0.00000000E+00  2.52033661E-03  0.00000000E+00  0.00000000E+00  0.00000000E+00  0.00000000E+00  0.00000000E+00  1.05189453E-01  0.00000000E+00  0.00000000E+00 -1.04124710E-01
    0.331000      1   0.00000000E+00  0.00000000E+00  2.50045679E-03  0.00000000E+00  0.00000000E+00  0.00000000E+00  0.00000000E+00  0.00000000E+00  1.05137364E-01  0.00000000E+00  0.00000000E+00 -1.04179037E-01
    0.331500      1   0.00000000E+00  0.00000000E+00  2.47014601E-03  0.00000000E+00  0.00000000E+00  0.00000000E+00  0.00000000E+00  0.00000000E+00  1.05085241E-01  0.00000000E+00  0.00000000E+00 -1.04244804E-01
    0.332000      1   0.00000000E+00  0.00000000E+00  2.50895928E-03  0.00000000E+00  0.00000000E+00  0.00000000E+00  0.00000000E+00  0.00000000E+00  1.05033083E-01  0.00000000E+00  0.00000000E+00 -1.04316516E-01
    0.332500      1   0.00000000E+00  0.00000000E+00  2.54176002E-03  0.00000000E+00  0.00000000E+00  0.00000000E+00  0.00000000E+00  0.00000000E+00  1.04980888E-01  0.00000000E+00  0.00000000E+00 -1.04389773E-01
    0.333000      1   0.00000000E+00  0.00000000E+00  2.54657101E-03  0.00000000E+00  0.00000000E+00  0.00000000E+00  0.00000000E+00  0.00000000E+00  1.04928661E-01  0.00000000E+00  0.00000000E+00 -1.04453756E-01
    0.333500      1   0.00000000E+00  0.00000000E+00  2.57013668E-03  0.00000000E+00  0.00000000E+00  0.00000000E+00  0.00000000E+00  0.00000000E+00  1.04876405E-01  0.00000000E+00  0.00000000E+00 -1.04511928E-01
    0.334000      1   0.00000000E+00  0.00000000E+00  2.58947714E-03  0.00000000E+00  0.00000000E+00  0.00000000E+00  0.00000000E+00  0.00000000E+00  1.04824122E-01  0.00000000E+00  0.00000000E+00 -1.04567227E-01
    0.334500      1   0.00000000E+00  0.00000000E+00  2.64525744E-03  0.00000000E+00  0.00000000E+00  0.00000000E+00  0.00000000E+00  0.00000000E+00  1.04771813E-01  0.00000000E+00  0.00000000E+00 -1.04616945E-01
    0.335000      1   0.00000000E+00  0.00000000E+00  2.57997220E-03  0.00000000E+00  0.00000000E+00  0.00000000E+00  0.00000000E+00  0.00000000E+00  1.04719484E-01  0.00000000E+00  0.00000000E+00 -1.04658556E-01
    0.335500      1   0.00000000E+00  0.00000000E+00  2.59591815E-03  0.00000000E+00  0.00000000E+00  0.00000000E+00  0.00000000E+00  0.00000000E+00  1.04667135E-01  0.00000000E+00  0.00000000E+00 -1.04696779E-01
    0.336000      1   0.00000000E+00  0.00000000E+00  2.52906984E-03  0.00000000E+00  0.00000000E+00  0.00000000E+00  0.00000000E+00  0.00000000E+00  1.04614763E-01  0.00000000E+00  0.00000000E+00 -1.04744313E-01
    0.336500      1   0.00000000E+00  0.00000000E+00  2.47513709E-03  0.00000000E+00  0.00000000E+00  0.00000000E+00  0.00000000E+00  0.00000000E+00  1.04562366E-01  0.00000000E+00  0.00000000E+00 -1.04795140E-01
    0.337000      1   0.00000000E+00  0.00000000E+00  2.52427092E-03  0.00000000E+00  0.00000000E+00  0.00000000E+00  0.00000000E+00  0.00000000E+00  1.04509935E-01  0.00000000E+00  0.00000000E+00 -1.04861712E-01
    0.337500      1   0.00000000E+00  0.00000000E+00  2.52932969E-03  0.00000000E+00  0.00000000E+00  0.00000000E+00  0.00000000E+00  0.00000000E+00  1.04457468E-01  0.00000000E+00  0.00000000E+00 -1.04932795E-01
    0.338000      1   0.00000000E+00  0.00000000E+00  2.56137291E-03  0.00000000E+00  0.00000000E+00  0.00000000E+00  0.00000000E+00  0.00000000E+00  1.04404971E-01  0.00000000E+00  0.00000000E+00 -1.04995364E-01
    0.338500      1   0.00000000E+00  0.00000000E+00  2.52241131E-03  0.00000000E+00  0.00000000E+00  0.00000000E+00  0.00000000E+00  0.00000000E+00  1.04352444E-01  0.00000000E+00  0.00000000E+00 -1.05054268E-01
    0.339000      1   0.00000000E+00  0.00000000E+00  2.59269202E-03  0.00000000E+00  0.00000000E+00  0.00000000E+00  0.00000000E+00  0.00000000E+00  1.04299888E-01  0.00000000E+00  0.00000000E+00 -1.05111355E-01
    0.339500      1   0.00000000E+00  0.00000000E+00  2.63581176E-03  0.00000000E+00  0.00000000E+00  0.00000000E+00  0.00000000E+00  0.00000000E+00  1.04247304E-01  0.00000000E+00  0.00000000E+00 -1.05168627E-01
    0.340000      1   0.00000000E+00  0.00000000E+00  2.60182674E-03  0.00000000E+00  0.00000000E+00  0.00000000E+00  0.00000000E+00  0.00000000E+00  1.04194698E-01  0.00000000E+00  0.00000000E+00 -1.05210545E-01
    0.340500      1   0.00000000E+00  0.00000000E+00  2.59702649E-03  0.00000000E+00  0.00000000E+00  0.00000000E+00  0.00000000E+00  0.00000000E+00  1.04142074E-01  0.00000000E+00  0.00000000E+00 -1.05248387E-01
    0.341000      1   0.00000000E+00  0.00000000E+00  2.55664774E-03  0.00000000E+00  0.00000000E+00  0.00000000E+00  0.00000000E+00  0.00000000E+00  1.04089428E-01  0.00000000E+00  0.00000000E+00 -1.05292234E-01
    0.341500      1   0.00000000E+00  0.00000000E+00  2.51244703E-03  0.00000000E+00  0.00000000E+00  0.00000000E+00  0.00000000E+00  0.00000000E+00  1.04036758E-01  0.00000000E+00  0.00000000E+00 -1.05340440E-01
    0.342000      1   0.00000000E+00  0.00000000E+00  2.47660887E-03  0.00000000E+00  0.00000000E+00  0.00000000E+00  0.00000000E+00  0.00000000E+00  1.03984058E-01  0.00000000E+00  0.00000000E+00 -1.05399184E-01
    0.342500      1   0.00000000E+00  0.00000000E+00  2.53523575E-03  0.00000000E+00  0.00000000E+00  0.00000000E+00  0.00000000E+00  0.00000000E+00  1.03931324E-01  0.00000000E+00  0.00000000E+00 -1.05468356E-01
    0.343000      1   0.00000000E+00  0.00000000E+00  2.54587899E-03  0.00000000E+00  0.00000000E+00  0.00000000E+00  0.00000000E+00  0.00000000E+00  1.03878555E-01  0.00000000E+00  0.00000000E+00 -1.05538228E-01
    0.343500      1   0.00000000E+00  0.00000000E+00  2.56464462E-03  0.00000000E+00  0.00000000E+00  0.00000000E+00  0.00000000E+00  0.00000000E+00  1.03825756E-01  0.00000000E+00  0.00000000E+00 -1.05597533E-01
    0.344000      1   0.00000000E+00  0.00000000E+00  2.56290039E-03  0.00000000E+00  0.00000000E+00  0.00000000E+00  0.00000000E+00  0.00000000E+00  1.03772930E-01  0.00000000E+00  0.00000000E+00 -1.05653430E-01
    0.344500      1   0.00000000E+00  0.00000000E+00  2.61045597E-03  0.00000000E+00  0.00000000E+00  0.00000000E+00  0.00000000E+00  0.00000000E+00  1.03720076E-01  0.00000000E+00  0.00000000E+00 -1.05706401E-01
    0.345000      1   0.00000000E+00  0.00000000E+00  2.66809773E-03  0.00000000E+00  0.00000000E+00  0.00000000E+00  0.00000000E+00  0.00000000E+00  1.03667199E-01  0.00000000E+00  0.00000000E+00 -1.05755453E-01
    0.345500      1   0.00000000E+00  0.00000000E+00  2.60200239E-03  0.00000000E+00  0.00000000E+00  0.00000000E+00  0.00000000E+00  0.00000000E+00  1.03614303E-01  0.00000000E+00  0.00000000E+00 -1.05791599E-01
    0.346000      1   0.00000000E+00  0.00000000E+00  2.60263180E-03  0.00000000E+00  0.00000000E+00  0.00000000E+00  0.00000000E+00  0.00000000E+00  1.03561391E-01  0.00000000E+00  0.00000000E+00 -1.05824124E-01
    0.346500      1   0.00000000E+00  0.00000000E+00  2.52823261E-03  0.00000000E+00  0.00000000E+00  0.00000000E+00  0.00000000E+00  0.00000000E+00  1.03508457E-01  0.00000000E+00  0.00000000E+00 -1.05867447E-01
    0.347000      1   0.00000000E+00  0.00000000E+00  2.49958683E-03  0.00000000E+00  0.00000000E+00  0.00000000E+00  0.00000000E+00  0.00000000E+00  1.03455498E-01  0.00000000E+00  0.00000000E+00 -1.05917245E-01
    0.347500      1   0.00000000E+00  0.00000000E+00  2.54454943E-03  0.00000000E+00  0.00000000E+00  0.00000000E+00  0.00000000E+00  0.00000000E+00  1.03402507E-01  0.00000000E+00  0.00000000E+00 -1.05981792E-01
    0.348000      1   0.00000000E+00  0.00000000E+00  2.54328523E-03  0.00000000E+00  0.00000000E+00  0.00000000E+00  0.00000000E+00  0.00000000E+00  1.03349484E-01  0.00000000E+00  0.00000000E+00 -1.06047068E-01
    0.348500      1   0.00000000E+00  0.00000000E+00  2.55729254E-03  0.00000000E+00  0.00000000E+00  0.00000000E+00  0.00000000E+00  0.00000000E+00  1.03296431E-01  0.00000000E+00  0.00000000E+00 -1.06105073E-01
    0.349000      1   0.00000000E+00  0.00000000E+00  2.53343265E-03  0.00000000E+00  0.00000000E+00  0.00000000E+00  0.00000000E+00  0.00000000E+00  1.03243350E-01  0.00000000E+00  0.00000000E+00 -1.06162046E-01
    0.349500      1   0.00000000E+00  0.00000000E+00  2.60609942E-03  0.00000000E+00  0.00000000E+00  0.00000000E+00  0.00000000E+00  0.00000000E+00  1.03190241E-01  0.00000000E+00  0.00000000E+00 -1.06218829E-01
    0.350000      1   0.00000000E+00  0.00000000E+00  2.66137821E-03  0.00000000E+00  0.00000000E+00  0.00000000E+00  0.00000000E+00  0.00000000E+00  1.03137104E-01  0.00000000E+00  0.00000000E+00 -1.06273105E-01
    0.350500      1   0.00000000E+00  0.00000000E+00  2.60686223E-03  0.00000000E+00  0.00000000E+00  0.00000000E+00  0.00000000E+00  0.00000000E+00  1.03083949E-01  0.00000000E+00  0.00000000E+00 -1.06310561E-01
    0.351000      1   0.00000000E+00  0.00000000E+00  2.60654942E-03  0.00000000E+00  0.00000000E+00  0.00000000E+00  0.00000000E+00  0.00000000E+00  1.03030777E-01  0.00000000E+00  0.00000000E+00 -1.06343760E-01
    0.351500      1   0.00000000E+00  0.00000000E+00  2.56371246E-03  0.00000000E+00  0.00000000E+00  0.00000000E+00  0.00000000E+00  0.00000000E+00  1.02977584E-01  0.00000000E+00  0.00000000E+00 -1.06385938E-01
    0.352000      1   0.00000000E+00  0.00000000E+00  2.52498732E-03  0.00000000E+00  0.00000000E+00  0.00000000E+00  0.00000000E+00  0.00000000E+00  1.02924368E-01  0.00000000E+00  0.00000000E+00 -1.06431956E-01
    0.352500      1   0.00000000E+00  0.00000000E+00  2.47688399E-03  0.00000000E+00  0.00000000E+00  0.00000000E+00  0.00000000E+00  0.00000000E+00  1.02871124E-01  0.00000000E+00  0.00000000E+00 -1.06488431E-01
    0.353000      1   0.00000000E+00  0.00000000E+00  2.55273664E-03  0.00000000E+00  0.00000000E+00  0.00000000E+00  0.00000000E+00  0.00000000E+00  1.02817846E-01  0.00000000E+00  0.00000000E+00 -1.06555519E-01
    0.353500      1   0.00000000E+00  0.00000000E+00  2.55907250E-03  0.00000000E+00  0.00000000E+00  0.00000000E+00  0.00000000E+00  0.00000000E+00  1.02764534E-01  0.00000000E+00  0.00000000E+00 -1.06623799E-01
    0.354000      1   0.00000000E+00  0.00000000E+00  2.57546476E-03  0.00000000E+00  0.00000000E+00  0.00000000E+00  0.00000000E+00  0.00000000E+00  1.02711195E-01  0.00000000E+00  0.00000000E+00 -1.06679063E-01
    0.354500      1   0.00000000E+00  0.00000000E+00  2.57958356E-03  0.00000000E+00  0.00000000E+00  0.00000000E+00  0.00000000E+00  0.00000000E+00  1.02657829E-01  0.00000000E+00  0.00000000E+00 -1.06731837E-01
    0.355000      1   0.00000000E+00  0.00000000E+00  2.62494842E-03  0.00000000E+00  0.00000000E+00  0.00000000E+00  0.00000000E+00  0.00000000E+00  1.02604438E-01  0.00000000E+00  0.00000000E+00 -1.06781556E-01
    0.355500      1   0.00000000E+00  0.00000000E+00  2.69032657E-03  0.00000000E+00  0.00000000E+00  0.00000000E+00  0.00000000E+00  0.00000000E+00  1.02551025E-01  0.00000000E+00  0.00000000E+00 -1.06826587E-01
    0.356000      1   0.00000000E+00  0.00000000E+00  2.60434279E-03  0.00000000E+00  0.00000000E+00  0.00000000E+00  0.00000000E+00  0.00000000E+00  1.02497596E-01  0.00000000E+00  0.00000000E+00 -1.06858388E-01
    0.356500      1   0.00000000E+00  0.00000000E+00  2.61284356E-03  0.00000000E+00  0.00000000E+00  0.00000000E+00  0.00000000E+00  0.00000000E+00  1.02444152E-01  0.00000000E+00  0.00000000E+00 -1.06887056E-01
    0.357000      1   0.00000000E+00  0.00000000E+00  2.55081811E-03  0.00000000E+00  0.00000000E+00  0.00000000E+00  0.00000000E+00  0.00000000E+00  1.02390688E-01  0.00000000E+00  0.00000000E+00 -1.06929092E-01
    0.357500      1   0.00000000E+00  0.00000000E+00  2.50066352E-03  0.00000000E+00  0.00000000E+00  0.00000000E+00  0.00000000E+00  0.00000000E+00  1.02337200E-01  0.00000000E+00  0.00000000E+00 -1.06975216E-01
    0.358000      1   0.00000000E+00  0.00000000E+00  2.54680356E-03  0.00000000E+00  0.00000000E+00  0.00000000E+00  0.00000000E+00  0.00000000E+00  1.02283682E-01  0.00000000E+00  0.00000000E+00 -1.07035959E-01
    0.358500      1   0.00000000E+00  0.00000000E+00  2.57534116E-03  0.00000000E+00  0.00000000E+00  0.00000000E+00  0.00000000E+00  0.00000000E+00  1.02230132E-01  0.00000000E+00  0.00000000E+00 -1.07100859E-01
    0.359000      1   0.00000000E+00  0.00000000E+00  2.59092848E-03  0.00000000E+00  0.00000000E+00  0.00000000E+00  0.00000000E+00  0.00000000E+00  1.02176554E-01  0.00000000E+00  0.00000000E+00 -1.07155659E-01
    0.359500      1   0.00000000E+00  0.00000000E+00  2.54456625E-03  0.00000000E+00  0.00000000E+00  0.00000000E+00  0.00000000E+00  0.00000000E+00  1.02122952E-01  0.00000000E+00  0.00000000E+00 -1.07204395E-01
    0.360000      1   0.00000000E+00  0.00000000E+00  2.60574357E-03  0.00000000E+00  0.00000000E+00  0.00000000E+00  0.00000000E+00  0.00000000E+00  1.02069324E-01  0.00000000E+00  0.00000000E+00 -1.07254670E-01
    0.360500      1   0.00000000E+00  0.00000000E+00  2.66147158E-03  0.00000000E+00  0.00000000E+00  0.00000000E+00  0.00000000E+00  0.00000000E+00  1.02015671E-01  0.00000000E+00  0.00000000E+00 -1.07307149E-01
    0.361000      1   0.00000000E+00  0.00000000E+00  2.64008378E-03  0.00000000E+00  0.00000000E+00  0.00000000E+00  0.00000000E+00  0.00000000E+00  1.01961998E-01  0.00000000E+00  0.00000000E+00 -1.07344655E-01
    0.361500      1   0.00000000E+00  0.00000000E+00  2.61974740E-03  0.00000000E+00  0.00000000E+00  0.00000000E+00  0.00000000E+00  0.00000000E+00  1.01908311E-01  0.00000000E+00  0.00000000E+00 -1.07374901E-01
    0.362000      1   0.00000000E+00  0.00000000E+00  2.55789602E-03  0.00000000E+00  0.00000000E+00  0.00000000E+00  0.00000000E+00  0.00000000E+00  1.01854606E-01  0.00000000E+00  0.00000000E+00 -1.07410457E-01
    0.362500      1   0.00000000E+00  0.00000000E+00  2.52764161E-03  0.00000000E+00  0.00000000E+00  0.00000000E+00  0.00000000E+00  0.00000000E+00  1.01800878E-01  0.00000000E+00  0.00000000E+00 -1.07454822E-01
    0.363000      1   0.00000000E+00  0.00000000E+00  2.53092941E-03  0.00000000E+00  0.00000000E+00  0.00000000E+00  0.00000000E+00  0.00000000E+00  1.01747122E-01  0.00000000E+00  0.00000000E+00 -1.07512018E-01
    0.363500      1   0.00000000E+00  0.00000000E+00  2.53838503E-03  0.00000000E+00  0.00000000E+00  0.00000000E+00  0.00000000E+00  0.00000000E+00  1.01693335E-01  0.00000000E+00  0.00000000E+00 -1.07573891E-01
    0.364000      1   0.00000000E+00  0.00000000E+00  2.56729725E-03  0.00000000E+00  0.00000000E+00  0.00000000E+00  0.00000000E+00  0.00000000E+00  1.01639518E-01  0.00000000E+00  0.00000000E+00 -1.07634565E-01
    0.364500      1   0.00000000E+00  0.00000000E+00  2.56940954E-03  0.00000000E+00  0.00000000E+00  0.00000000E+00  0.00000000E+00  0.00000000E+00  1.01585672E-01  0.00000000E+00  0.00000000E+00 -1.07691459E-01
    0.365000      1   0.00000000E+00  0.00000000E+00  2.62525835E-03  0.00000000E+00  0.00000000E+00  0.00000000E+00  0.00000000E+00  0.00000000E+00  1.01531801E-01  0.00000000E+00  0.00000000E+00 -1.07743418E-01
    0.365500      1   0.00000000E+00  0.00000000E+00  2.65434348E-03  0.00000000E+00  0.00000000E+00  0.00000000E+00  0.00000000E+00  0.00000000E+00  1.01477906E-01  0.00000000E+00  0.00000000E+00 -1.07790092E-01
    0.366000      1   0.00000000E+00  0.00000000E+00  2.64990273E-03  0.00000000E+00  0.00000000E+00  0.00000000E+00  0.00000000E+00  0.00000000E+00  1.01423993E-01  0.00000000E+00  0.00000000E+00 -1.07825024E-01
    0.366500      1   0.00000000E+00  0.00000000E+00  2.61952386E-03  0.00000000E+00  0.00000000E+00  0.00000000E+00  0.00000000E+00  0.00000000E+00  1.01370065E-01  0.00000000E+00  0.00000000E+00 -1.07855573E-01
    0.367000      1   0.00000000E+00  0.00000000E+00  2.59182739E-03  0.00000000E+00  0.00000000E+00  0.00000000E+00  0.00000000E+00  0.00000000E+00  1.01316120E-01  0.00000000E+00  0.00000000E+00 -1.07889536E-01
    0.367500      1   0.00000000E+00  0.00000000E+00  2.55186003E-03  0.00000000E+00  0.00000000E+00  0.00000000E+00  0.00000000E+00  0.00000000E+00  1.01262155E-01  0.00000000E+00  0.00000000E+00 -1.07930937E-01
    0.368000      1   0.00000000E+00  0.00000000E+00  2.51200039E-03  0.00000000E+00  0.00000000E+00  0.00000000E+00  0.00000000E+00  0.00000000E+00  1.01208165E-01  0.00000000E+00  0.00000000E+00 -1.07980420E-01
    0.368500      1   0.00000000E+00  0.00000000E+00  2.57276377E-03  0.00000000E+00  0.00000000E+00  0.00000000E+00  0.00000000E+00  0.00000000E+00  1.01154145E-01  0.00000000E+00  0.00000000E+00 -1.08039990E-01
    0.369000      1   0.00000000E+00  0.00000000E+00  2.57845468E-03  0.00000000E+00  0.00000000E+00  0.00000000E+00  0.00000000E+00  0.00000000E+00  1.01100094E-01  0.00000000E+00  0.00000000E+00 -1.08100733E-01
    0.369500      1   0.00000000E+00  0.00000000E+00  2.60729097E-03  0.00000000E+00  0.00000000E+00  0.00000000E+00  0.00000000E+00  0.00000000E+00  1.01046019E-01  0.00000000E+00  0.00000000E+00 -1.08150995E-01
    0.370000      1   0.00000000E+00  0.00000000E+00  2.58810671E-03  0.00000000E+00  0.00000000E+00  0.00000000E+00  0.00000000E+00  0.00000000E+00  1.00991920E-01  0.00000000E+00  0.00000000E+00 -1.08197772E-01
    0.370500      1   0.00000000E+00  0.00000000E+00  2.61397371E-03  0.00000000E+00  0.00000000E+00  0.00000000E+00  0.00000000E+00  0.00000000E+00  1.00937799E-01  0.00000000E+00  0.00000000E+00 -1.08241511E-01
    0.371000      1   0.00000000E+00  0.00000000E+00  2.68652129E-03  0.00000000E+00  0.00000000E+00  0.00000000E+00  0.00000000E+00  0.00000000E+00  1.00883656E-01  0.00000000E+00  0.00000000E+00 -1.08286113E-01
    0.371500      1   0.00000000E+00  0.00000000E+00  2.63411238E-03  0.00000000E+00  0.00000000E+00  0.00000000E+00  0.00000000E+00  0.00000000E+00  1.00829496E-01  0.00000000E+00  0.00000000E+00 -1.08320053E-01
    0.372000      1   0.00000000E+00  0.00000000E+00  2.64155824E-03  0.00000000E+00  0.00000000E+00  0.00000000E+00  0.00000000E+00  0.00000000E+00  1.00775323E-01  0.00000000E+00  0.00000000E+00 -1.08346713E-01
    0.372500      1   0.00000000E+00  0.00000000E+00  2.55503306E-03  0.00000000E+00  0.00000000E+00  0.00000000E+00  0.00000000E+00  0.00000000E+00  1.00721132E-01  0.00000000E+00  0.00000000E+00 -1.08381322E-01
    0.373000      1   0.00000000E+00  0.00000000E+00  2.50568429E-03  0.00000000E+00  0.00000000E+00  0.00000000E+00  0.00000000E+00  0.00000000E+00  1.00666921E-01  0.00000000E+00  0.00000000E+00 -1.08422358E-01
    0.373500      1   0.00000000E+00  0.00000000E+00  2.57421373E-03  0.00000000E+00  0.00000000E+00  0.00000000E+00  0.00000000E+00  0.00000000E+00  1.00612680E-01  0.00000000E+00  0.00000000E+00 -1.08481965E-01
    0.374000      1   0.00000000E+00  0.00000000E+00  2.56414981E-03  0.00000000E+00  0.00000000E+00  0.00000000E+00  0.00000000E+00  0.00000000E+00  1.00558408E-01  0.00000000E+00  0.00000000E+00 -1.08543617E-01
    0.374500      1   0.00000000E+00  0.00000000E+00  2.59115478E-03  0.00000000E+00  0.00000000E+00  0.00000000E+00  0.00000000E+00  0.00000000E+00  1.00504111E-01  0.00000000E+00  0.00000000E+00 -1.08594906E-01
    0.375000      1   0.00000000E+00  0.00000000E+00  2.58293164E-03  0.00000000E+00  0.00000000E+00  0.00000000E+00  0.00000000E+00  0.00000000E+00  1.00449788E-01  0.00000000E+00  0.00000000E+00 -1.08645459E-01
    0.375500      1   0.00000000E+00  0.00000000E+00  2.65263457E-03  0.00000000E+00  0.00000000E+00  0.00000000E+00  0.00000000E+00  0.00000000E+00  1.00395442E-01  0.00000000E+00  0.00000000E+00 -1.08692305E-01
    0.376000      1   0.00000000E+00  0.00000000E+00  2.71335209E-03  0.00000000E+00  0.00000000E+00  0.00000000E+00  0.00000000E+00  0.00000000E+00  1.00341075E-01  0.00000000E+00  0.00000000E+00 -1.08734338E-01
    0.376500      1   0.00000000E+00  0.00000000E+00  2.63372271E-03  0.00000000E+00  0.00000000E+00  0.00000000E+00  0.00000000E+00  0.00000000E+00  1.00286695E-01  0.00000000E+00  0.00000000E+00 -1.08759557E-01
    0.377000      1   0.00000000E+00  0.00000000E+00  2.61005436E-03  0.00000000E+00  0.00000000E+00  0.00000000E+00  0.00000000E+00  0.00000000E+00  1.00232304E-01  0.00000000E+00  0.00000000E+00 -1.08781846E-01
    0.377500      1   0.00000000E+00  0.00000000E+00  2.56899645E-03  0.00000000E+00  0.00000000E+00  0.00000000E+00  0.00000000E+00  0.00000000E+00  1.00177894E-01  0.00000000E+00  0.00000000E+00 -1.08819304E-01
    0.378000      1   0.00000000E+00  0.00000000E+00  2.54059963E-03  0.00000000E+00  0.00000000E+00  0.00000000E+00  0.00000000E+00  0.00000000E+00  1.00123462E-01  0.00000000E+00  0.00000000E+00 -1.08864279E-01
    0.378500      1   0.00000000E+00  0.00000000E+00  2.57751883E-03  0.00000000E+00  0.00000000E+00  0.00000000E+00  0.00000000E+00  0.00000000E+00  1.00069003E-01  0.00000000E+00  0.00000000E+00 -1.08918506E-01
    0.379000      1   0.00000000E+00  0.00000000E+00  2.57096939E-03  0.00000000E+00  0.00000000E+00  0.00000000E+00  0.00000000E+00  0.00000000E+00  1.00014516E-01  0.00000000E+00  0.00000000E+00 -1.08974132E-01
    0.379500      1   0.00000000E+00  0.00000000E+00  2.59304283E-03  0.00000000E+00  0.00000000E+00  0.00000000E+00  0.00000000E+00  0.00000000E+00  9.99600038E-02  0.00000000E+00  0.00000000E+00 -1.09024275E-01
    0.380000      1   0.00000000E+00  0.00000000E+00  2.56695392E-03  0.00000000E+00  0.00000000E+00  0.00000000E+00  0.00000000E+00  0.00000000E+00  9.99054670E-02  0.00000000E+00  0.00000000E+00 -1.09073542E-01
    0.380500      1   0.00000000E+00  0.00000000E+00  2.63430588E-03  0.00000000E+00  0.00000000E+00  0.00000000E+00  0.00000000E+00  0.00000000E+00  9.98509063E-02  0.00000000E+00  0.00000000E+00 -1.09121491E-01
    0.381000      1   0.00000000E+00  0.00000000E+00  2.68624944E-03  0.00000000E+00  0.00000000E+00  0.00000000E+00  0.00000000E+00  0.00000000E+00  9.97963224E-02  0.00000000E+00  0.00000000E+00 -1.09167768E-01
    0.381500      1   0.00000000E+00  0.00000000E+00  2.66690241E-03  0.00000000E+00  0.00000000E+00  0.00000000E+00  0.00000000E+00  0.00000000E+00  9.97417232E-02  0.00000000E+00  0.00000000E+00 -1.09198393E-01
    0.382000      1   0.00000000E+00  0.00000000E+00  2.63441441E-03  0.00000000E+00  0.00000000E+00  0.00000000E+00  0.00000000E+00  0.00000000E+00  9.96871121E-02  0.00000000E+00  0.00000000E+00 -1.09222199E-01
    0.382500      1   0.00000000E+00  0.00000000E+00  2.57786938E-03  0.00000000E+00  0.00000000E+00  0.00000000E+00  0.00000000E+00  0.00000000E+00  9.96324861E-02  0.00000000E+00  0.00000000E+00 -1.09252055E-01
    0.383000      1   0.00000000E+00  0.00000000E+00  2.54834122E-03  0.00000000E+00  0.00000000E+00  0.00000000E+00  0.00000000E+00  0.00000000E+00  9.95778399E-02  0.00000000E+00  0.00000000E+00 -1.09292245E-01
    0.383500      1   0.00000000E+00  0.00000000E+00  2.56301781E-03  0.00000000E+00  0.00000000E+00  0.00000000E+00  0.00000000E+00  0.00000000E+00  9.95231678E-02  0.00000000E+00  0.00000000E+00 -1.09344331E-01
    0.384000      1   0.00000000E+00  0.00000000E+00  2.55155684E-03  0.00000000E+00  0.00000000E+00  0.00000000E+00  0.00000000E+00  0.00000000E+00  9.94684678E-02  0.00000000E+00  0.00000000E+00 -1.09399968E-01
    0.384500      1   0.00000000E+00  0.00000000E+00  2.58080816E-03  0.00000000E+00  0.00000000E+00  0.00000000E+00  0.00000000E+00  0.00000000E+00  9.94137407E-02  0.00000000E+00  0.00000000E+00 -1.09454208E-01
    0.385000      1   0.00000000E+00  0.00000000E+00  2.59083730E-03  0.00000000E+00  0.00000000E+00  0.00000000E+00  0.00000000E+00  0.00000000E+00  9.93589868E-02  0.00000000E+00  0.00000000E+00 -1.09507744E-01
    0.385500      1   0.00000000E+00  0.00000000E+00  2.65781144E-03  0.00000000E+00  0.00000000E+00  0.00000000E+00  0.00000000E+00  0.00000000E+00  9.93042090E-02  0.00000000E+00  0.00000000E+00 -1.09555590E-01
    0.386000      1   0.00000000E+00  0.00000000E+00  2.68580911E-03  0.00000000E+00  0.00000000E+00  0.00000000E+00  0.00000000E+00  0.00000000E+00  9.92494111E-02  0.00000000E+00  0.00000000E+00 -1.09595867E-01
    0.386500      1   0.00000000E+00  0.00000000E+00  2.66057315E-03  0.00000000E+00  0.00000000E+00  0.00000000E+00  0.00000000E+00  0.00000000E+00  9.91945998E-02  0.00000000E+00  0.00000000E+00 -1.09622672E-01
    0.387000      1   0.00000000E+00  0.00000000E+00  2.62527661E-03  0.00000000E+00  0.00000000E+00  0.00000000E+00  0.00000000E+00  0.00000000E+00  9.91397762E-02  0.00000000E+00  0.00000000E+00 -1.09647110E-01
    0.387500      1   0.00000000E+00  0.00000000E+00  2.61961761E-03  0.00000000E+00  0.00000000E+00  0.00000000E+00  0.00000000E+00  0.00000000E+00  9.90849368E-02  0.00000000E+00  0.00000000E+00 -1.09678812E-01
    0.388000      1   0.00000000E+00  0.00000000E+00  2.57785566E-03  0.00000000E+00  0.00000000E+00  0.00000000E+00  0.00000000E+00  0.00000000E+00  9.90300784E-02  0.00000000E+00  0.00000000E+00 -1.09716812E-01
    0.388500      1   0.00000000E+00  0.00000000E+00  2.54113442E-03  0.00000000E+00  0.00000000E+00  0.00000000E+00  0.00000000E+00  0.00000000E+00  9.89751987E-02  0.00000000E+00  0.00000000E+00 -1.09759433E-01
    0.389000      1   0.00000000E+00  0.00000000E+00  2.56917968E-03  0.00000000E+00  0.00000000E+00  0.00000000E+00  0.00000000E+00  0.00000000E+00  9.89202926E-02  0.00000000E+00  0.00000000E+00 -1.09812158E-01
    0.389500      1   0.00000000E+00  0.00000000E+00  2.59734919E-03  0.00000000E+00  0.00000000E+00  0.00000000E+00  0.00000000E+00  0.00000000E+00  9.88653584E-02  0.00000000E+00  0.00000000E+00 -1.09868434E-01
    0.390000      1   0.00000000E+00  0.00000000E+00  2.62749136E-03  0.00000000E+00  0.00000000E+00  0.00000000E+00  0.00000000E+00  0.00000000E+00  9.88103996E-02  0.00000000E+00  0.00000000E+00 -1.09917613E-01
    0.390500      1   0.00000000E+00  0.00000000E+00  2.63101905E-03  0.00000000E+00  0.00000000E+00  0.00000000E+00  0.00000000E+00  0.00000000E+00  9.87554198E-02  0.00000000E+00  0.00000000E+00 -1.09959502E-01
    0.391000      1   0.00000000E+00  0.00000000E+00  2.66725400E-03  0.00000000E+00  0.00000000E+00  0.00000000E+00  0.00000000E+00  0.00000000E+00  9.87004217E-02  0.00000000E+00  0.00000000E+00 -1.09996130E-01
    0.391500      1   0.00000000E+00  0.00000000E+00  2.64792887E-03  0.00000000E+00  0.00000000E+00  0.00000000E+00  0.00000000E+00  0.00000000E+00  9.86454073E-02  0.00000000E+00  0.00000000E+00 -1.10028974E-01
    0.392000      1   0.00000000E+00  0.00000000E+00  2.67409006E-03  0.00000000E+00  0.00000000E+00  0.00000000E+00  0.00000000E+00  0.00000000E+00  9.85903785E-02  0.00000000E+00  0.00000000E+00 -1.10057577E-01
    0.392500      1   0.00000000E+00  0.00000000E+00  2.62029089E-03  0.00000000E+00  0.00000000E+00  0.00000000E+00  0.00000000E+00  0.00000000E+00  9.85353350E-02  0.00000000E+00  0.00000000E+00 -1.10087040E-01
    0.393000      1   0.00000000E+00  0.00000000E+00  2.55996443E-03  0.00000000E+00  0.00000000E+00  0.00000000E+00  0.00000000E+00  0.00000000E+00  9.84802765E-02  0.00000000E+00  0.00000000E+00 -1.10116964E-01
    0.393500      1   0.00000000E+00  0.00000000E+00  2.51203443E-03  0.00000000E+00  0.00000000E+00  0.00000000E+00  0.00000000E+00  0.00000000E+00  9.84251959E-02  0.00000000E+00  0.00000000E+00 -1.10161056E-01
    0.394000      1   0.00000000E+00  0.00000000E+00  2.58189274E-03  0.00000000E+00  0.00000000E+00  0.00000000E+00  0.00000000E+00  0.00000000E+00  9.83700863E-02  0.00000000E+00  0.00000000E+00 -1.10219293E-01
    0.394500      1   0.00000000E+00  0.00000000E+00  2.61861395E-03  0.00000000E+00  0.00000000E+00  0.00000000E+00  0.00000000E+00  0.00000000E+00  9.83149467E-02  0.00000000E+00  0.00000000E+00 -1.10279223E-01
    0.395000      1   0.00000000E+00  0.00000000E+00  2.61105911E-03  0.00000000E+00  0.00000000E+00  0.00000000E+00  0.00000000E+00  0.00000000E+00  9.82597845E-02  0.00000000E+00  0.00000000E+00 -1.10324435E-01
    0.395500      1   0.00000000E+00  0.00000000E+00  2.64631143E-03  0.00000000E+00  0.00000000E+00  0.00000000E+00  0.00000000E+00  0.00000000E+00  9.82046023E-02  0.00000000E+00  0.00000000E+00 -1.10364285E-01
    0.396000      1   0.00000000E+00  0.00000000E+00  2.66125339E-03  0.00000000E+00  0.00000000E+00  0.00000000E+00  0.00000000E+00  0.00000000E+00  9.81494012E-02  0.00000000E+00  0.00000000E+00 -1.10402258E-01
    0.396500      1   0.00000000E+00  0.00000000E+00  2.69046160E-03  0.00000000E+00  0.00000000E+00  0.00000000E+00  0.00000000E+00  0.00000000E+00  9.80941846E-02  0.00000000E+00  0.00000000E+00 -1.10433122E-01
    0.397000      1   0.00000000E+00  0.00000000E+00  2.65751439E-03  0.00000000E+00  0.00000000E+00  0.00000000E+00  0.00000000E+00  0.00000000E+00  9.80389552E-02  0.00000000E+00  0.00000000E+00 -1.10458949E-01
    0.397500      1   0.00000000E+00  0.00000000E+00  2.62313891E-03  0.00000000E+00  0.00000000E+00  0.00000000E+00  0.00000000E+00  0.00000000E+00  9.79837137E-02  0.00000000E+00  0.00000000E+00 -1.10482894E-01
    0.398000      1   0.00000000E+00  0.00000000E+00  2.58380842E-03  0.00000000E+00  0.00000000E+00  0.00000000E+00  0.00000000E+00  0.00000000E+00  9.79284561E-02  0.00000000E+00  0.00000000E+00 -1.10515288E-01
    0.398500      1   0.00000000E+00  0.00000000E+00  2.53529018E-03  0.00000000E+00  0.00000000E+00  0.00000000E+00  0.00000000E+00  0.00000000E+00  9.78731777E-02  0.00000000E+00  0.00000000E+00 -1.10556804E-01
    0.399000      1   0.00000000E+00  0.00000000E+00  2.59775249E-03  0.00000000E+00  0.00000000E+00  0.00000000E+00  0.00000000E+00  0.00000000E+00  9.78178731E-02  0.00000000E+00  0.00000000E+00 -1.10609069E-01
    0.399500      1   0.00000000E+00  0.00000000E+00  2.62128089E-03  0.00000000E+00  0.00000000E+00  0.00000000E+00  0.00000000E+00  0.00000000E+00  9.77625412E-02  0.00000000E+00  0.00000000E+00 -1.10663778E-01
    0.400000      1   0.00000000E+00  0.00000000E+00  2.63330388E-03  0.00000000E+00  0.00000000E+00  0.00000000E+00  0.00000000E+00  0.00000000E+00  9.77071882E-02  0.00000000E+00  0.00000000E+00 -1.10706150E-01
    0.400500      1   0.00000000E+00  0.00000000E+00  2.62786429E-03  0.00000000E+00  0.00000000E+00  0.00000000E+00  0.00000000E+00  0.00000000E+00  9.76518164E-02  0.00000000E+00  0.00000000E+00 -1.10743595E-01
    0.401000      1   0.00000000E+00  0.00000000E+00  2.63791292E-03  0.00000000E+00  0.00000000E+00  0.00000000E+00  0.00000000E+00  0.00000000E+00  9.75964266E-02  0.00000000E+00  0.00000000E+00 -1.10779547E-01
    0.401500      1   0.00000000E+00  0.00000000E+00  2.68083091E-03  0.00000000E+00  0.00000000E+00  0.00000000E+00  0.00000000E+00  0.00000000E+00  9.75410188E-02  0.00000000E+00  0.00000000E+00 -1.10815504E-01
    0.402000      1   0.00000000E+00  0.00000000E+00  2.68571562E-03  0.00000000E+00  0.00000000E+00  0.00000000E+00  0.00000000E+00  0.00000000E+00  9.74855958E-02  0.00000000E+00  0.00000000E+00 -1.10846015E-01
    0.402500      1   0.00000000E+00  0.00000000E+00  2.64219152E-03  0.00000000E+00  0.00000000E+00  0.00000000E+00  0.00000000E+00  0.00000000E+00  9.74301613E-02  0.00000000E+00  0.00000000E+00 -1.10869048E-01
    0.403000      1   0.00000000E+00  0.00000000E+00  2.57393255E-03  0.00000000E+00  0.00000000E+00  0.00000000E+00  0.00000000E+00  0.00000000E+00  9.73747138E-02  0.00000000E+00  0.00000000E+00 -1.10895126E-01
    0.403500      1   0.00000000E+00  0.00000000E+00  2.52167030E-03  0.00000000E+00  0.00000000E+00  0.00000000E+00  0.00000000E+00  0.00000000E+00  9.73192466E-02  0.00000000E+00  0.00000000E+00 -1.10934387E-01
    0.404000      1   0.00000000E+00  0.00000000E+00  2.59080731E-03  0.00000000E+00  0.00000000E+00  0.00000000E+00  0.00000000E+00  0.00000000E+00  9.72637518E-02  0.00000000E+00  0.00000000E+00 -1.10989478E-01
    0.404500      1   0.00000000E+00  0.00000000E+00  2.61837421E-03  0.00000000E+00  0.00000000E+00  0.00000000E+00  0.00000000E+00  0.00000000E+00  9.72082283E-02  0.00000000E+00  0.00000000E+00 -1.11047038E-01
    0.405000      1   0.00000000E+00  0.00000000E+00  2.62363526E-03  0.00000000E+00  0.00000000E+00  0.00000000E+00  0.00000000E+00  0.00000000E+00  9.71526829E-02  0.00000000E+00  0.00000000E+00 -1.11090807E-01
    0.405500      1   0.00000000E+00  0.00000000E+00  2.64861562E-03  0.00000000E+00  0.00000000E+00  0.00000000E+00  0.00000000E+00  0.00000000E+00  9.70971181E-02  0.00000000E+00  0.00000000E+00 -1.11129584E-01
    0.406000      1   0.00000000E+00  0.00000000E+00  2.66655192E-03  0.00000000E+00  0.00000000E+00  0.00000000E+00  0.00000000E+00  0.00000000E+00  9.70415355E-02  0.00000000E+00  0.00000000E+00 -1.11165289E-01
    0.406500      1   0.00000000E+00  0.00000000E+00  2.71274891E-03  0.00000000E+00  0.00000000E+00  0.00000000E+00  0.00000000E+00  0.00000000E+00  9.69859378E-02  0.00000000E+00  0.00000000E+00 -1.11195306E-01
    0.407000      1   0.00000000E+00  0.00000000E+00  2.67257346E-03  0.00000000E+00  0.00000000E+00  0.00000000E+00  0.00000000E+00  0.00000000E+00  9.69303287E-02  0.00000000E+00  0.00000000E+00 -1.11218293E-01
    0.407500      1   0.00000000E+00  0.00000000E+00  2.63274298E-03  0.00000000E+00  0.00000000E+00  0.00000000E+00  0.00000000E+00  0.00000000E+00  9.68747100E-02  0.00000000E+00  0.00000000E+00 -1.11237246E-01
    0.408000      1   0.00000000E+00  0.00000000E+00  2.58168757E-03  0.00000000E+00  0.00000000E+00  0.00000000E+00  0.00000000E+00  0.00000000E+00  9.68190769E-02  0.00000000E+00  0.00000000E+00 -1.11266318E-01
    0.408500      1   0.00000000E+00  0.00000000E+00  2.54053005E-03  0.00000000E+00  0.00000000E+00  0.00000000E+00  0.00000000E+00  0.00000000E+00  9.67634237E-02  0.00000000E+00  0.00000000E+00 -1.11306445E-01
    0.409000      1   0.00000000E+00  0.00000000E+00  2.60609829E-03  0.00000000E+00  0.00000000E+00  0.00000000E+00  0.00000000E+00  0.00000000E+00  9.67077444E-02  0.00000000E+00  0.00000000E+00 -1.11358595E-01
    0.409500      1   0.00000000E+00  0.00000000E+00  2.63174463E-03  0.00000000E+00  0.00000000E+00  0.00000000E+00  0.00000000E+00  0.00000000E+00  9.66520385E-02  0.00000000E+00  0.00000000E+00 -1.11411705E-01
    0.410000      1   0.00000000E+00  0.00000000E+00  2.64303697E-03  0.00000000E+00  0.00000000E+00  0.00000000E+00  0.00000000E+00  0.00000000E+00  9.65963126E-02  0.00000000E+00  0.00000000E+00 -1.11451781E-01
    0.410500      1   0.00000000E+00  0.00000000E+00  2.63615042E-03  0.00000000E+00  0.00000000E+00  0.00000000E+00  0.00000000E+00  0.00000000E+00  9.65405693E-02  0.00000000E+00  0.00000000E+00 -1.11486648E-01
    0.411000      1   0.00000000E+00  0.00000000E+00  2.64392778E-03  0.00000000E+00  0.00000000E+00  0.00000000E+00  0.00000000E+00  0.00000000E+00  9.64848092E-02  0.00000000E+00  0.00000000E+00 -1.11520269E-01
    0.411500      1   0.00000000E+00  0.00000000E+00  2.68877176E-03  0.00000000E+00  0.00000000E+00  0.00000000E+00  0.00000000E+00  0.00000000E+00  9.64290320E-02  0.00000000E+00  0.00000000E+00 -1.11554333E-01
    0.412000      1   0.00000000E+00  0.00000000E+00  2.69380926E-03  0.00000000E+00  0.00000000E+00  0.00000000E+00  0.00000000E+00  0.00000000E+00  9.63732404E-02  0.00000000E+00  0.00000000E+00 -1.11583155E-01
    0.412500      1   0.00000000E+00  0.00000000E+00  2.64901960E-03  0.00000000E+00  0.00000000E+00  0.00000000E+00  0.00000000E+00  0.00000000E+00  9.63174383E-02  0.00000000E+00  0.00000000E+00 -1.11604167E-01
    0.413000      1   0.00000000E+00  0.00000000E+00  2.58187612E-03  0.00000000E+00  0.00000000E+00  0.00000000E+00  0.00000000E+00  0.00000000E+00  9.62616242E-02  0.00000000E+00  0.00000000E+00 -1.11628313E-01
    0.413500      1   0.00000000E+00  0.00000000E+00  2.53371415E-03  0.00000000E+00  0.00000000E+00  0.00000000E+00  0.00000000E+00  0.00000000E+00  9.62057913E-02  0.00000000E+00  0.00000000E+00 -1.11665751E-01
    0.414000      1   0.00000000E+00  0.00000000E+00  2.60214319E-03  0.00000000E+00  0.00000000E+00  0.00000000E+00  0.00000000E+00  0.00000000E+00  9.61499321E-02  0.00000000E+00  0.00000000E+00 -1.11718472E-01
    0.414500      1   0.00000000E+00  0.00000000E+00  2.63386082E-03  0.00000000E+00  0.00000000E+00  0.00000000E+00  0.00000000E+00  0.00000000E+00  9.60940455E-02  0.00000000E+00  0.00000000E+00 -1.11773052E-01
    0.415000      1   0.00000000E+00  0.00000000E+00  2.62426572E-03  0.00000000E+00  0.00000000E+00  0.00000000E+00  0.00000000E+00  0.00000000E+00  9.60381387E-02  0.00000000E+00  0.00000000E+00 -1.11813590E-01
    0.415500      1   0.00000000E+00  0.00000000E+00  2.66106483E-03  0.00000000E+00  0.00000000E+00  0.00000000E+00  0.00000000E+00  0.00000000E+00  9.59822139E-02  0.00000000E+00  0.00000000E+00 -1.11849769E-01
    0.416000      1   0.00000000E+00  0.00000000E+00  2.68302965E-03  0.00000000E+00  0.00000000E+00  0.00000000E+00  0.00000000E+00  0.00000000E+00  9.59262717E-02  0.00000000E+00  0.00000000E+00 -1.11884269E-01
    0.416500      1   0.00000000E+00  0.00000000E+00  2.70514708E-03  0.00000000E+00  0.00000000E+00  0.00000000E+00  0.00000000E+00  0.00000000E+00  9.58703163E-02  0.00000000E+00  0.00000000E+00 -1.11910785E-01
    0.417000      1   0.00000000E+00  0.00000000E+00  2.67536005E-03  0.00000000E+00  0.00000000E+00  0.00000000E+00  0.00000000E+00  0.00000000E+00  9.58143505E-02  0.00000000E+00  0.00000000E+00 -1.11931738E-01
    0.417500      1   0.00000000E+00  0.00000000E+00  2.63999750E-03  0.00000000E+00  0.00000000E+00  0.00000000E+00  0.00000000E+00  0.00000000E+00  9.57583746E-02  0.00000000E+00  0.00000000E+00 -1.11951693E-01
    0.418000      1   0.00000000E+00  0.00000000E+00  2.59355435E-03  0.00000000E+00  0.00000000E+00  0.00000000E+00  0.00000000E+00  0.00000000E+00  9.57023848E-02  0.00000000E+00  0.00000000E+00 -1.11979666E-01
    0.418500      1   0.00000000E+00  0.00000000E+00  2.54206641E-03  0.00000000E+00  0.00000000E+00  0.00000000E+00  0.00000000E+00  0.00000000E+00  9.56463760E-02  0.00000000E+00  0.00000000E+00 -1.12017553E-01
    0.419000      1   0.00000000E+00  0.00000000E+00  2.60931265E-03  0.00000000E+00  0.00000000E+00  0.00000000E+00  0.00000000E+00  0.00000000E+00  9.55903422E-02  0.00000000E+00  0.00000000E+00 -1.12067618E-01
    0.419500      1   0.00000000E+00  0.00000000E+00  2.64188967E-03  0.00000000E+00  0.00000000E+00  0.00000000E+00  0.00000000E+00  0.00000000E+00  9.55342821E-02  0.00000000E+00  0.00000000E+00 -1.12120192E-01
    0.420000      1   0.00000000E+00  0.00000000E+00  2.65320144E-03  0.00000000E+00  0.00000000E+00  0.00000000E+00  0.00000000E+00  0.00000000E+00  9.54782027E-02  0.00000000E+00  0.00000000E+00 -1.12158843E-01
    0.420500      1   0.00000000E+00  0.00000000E+00  2.65115014E-03  0.00000000E+00  0.00000000E+00  0.00000000E+00  0.00000000E+00  0.00000000E+00  9.54221071E-02  0.00000000E+00  0.00000000E+00 -1.12191145E-01
    0.421000      1   0.00000000E+00  0.00000000E+00  2.69381998E-03  0.00000000E+00  0.00000000E+00  0.00000000E+00  0.00000000E+00  0.00000000E+00  9.53659962E-02  0.00000000E+00  0.00000000E+00 -1.12221771E-01
    0.421500      1   0.00000000E+00  0.00000000E+00  2.67121602E-03  0.00000000E+00  0.00000000E+00  0.00000000E+00  0.00000000E+00  0.00000000E+00  9.53098717E-02  0.00000000E+00  0.00000000E+00 -1.12248960E-01
    0.422000      1   0.00000000E+00  0.00000000E+00  2.69515380E-03  0.00000000E+00  0.00000000E+00  0.00000000E+00  0.00000000E+00  0.00000000E+00  9.52537362E-02  0.00000000E+00  0.00000000E+00 -1.12271142E-01
    0.422500      1   0.00000000E+00  0.00000000E+00  2.63082719E-03  0.00000000E+00  0.00000000E+00  0.00000000E+00  0.00000000E+00  0.00000000E+00  9.51975887E-02  0.00000000E+00  0.00000000E+00 -1.12294919E-01
    0.423000      1   0.00000000E+00  0.00000000E+00  2.60261725E-03  0.00000000E+00  0.00000000E+00  0.00000000E+00  0.00000000E+00  0.00000000E+00  9.51414285E-02  0.00000000E+00  0.00000000E+00 -1.12320452E-01
    0.423500      1   0.00000000E+00  0.00000000E+00  2.54973258E-03  0.00000000E+00  0.00000000E+00  0.00000000E+00  0.00000000E+00  0.00000000E+00  9.50852490E-02  0.00000000E+00  0.00000000E+00 -1.12359043E-01
    0.424000      1   0.00000000E+00  0.00000000E+00  2.59152300E-03  0.00000000E+00  0.00000000E+00  0.00000000E+00  0.00000000E+00  0.00000000E+00  9.50290455E-02  0.00000000E+00  0.00000000E+00 -1.12406942E-01
    0.424500      1   0.00000000E+00  0.00000000E+00  2.63586531E-03  0.00000000E+00  0.00000000E+00  0.00000000E+00  0.00000000E+00  0.00000000E+00  9.49728156E-02  0.00000000E+00  0.00000000E+00 -1.12459831E-01
    0.425000      1   0.00000000E+00  0.00000000E+00  2.63933499E-03  0.00000000E+00  0.00000000E+00  0.00000000E+00  0.00000000E+00  0.00000000E+00  9.49165646E-02  0.00000000E+00  0.00000000E+00 -1.12501936E-01
    0.425500      1   0.00000000E+00  0.00000000E+00  2.69062899E-03  0.00000000E+00  0.00000000E+00  0.00000000E+00  0.00000000E+00  0.00000000E+00  9.48602964E-02  0.00000000E+00  0.00000000E+00 -1.12536453E-01
    0.426000      1   0.00000000E+00  0.00000000E+00  2.72187084E-03  0.00000000E+00  0.00000000E+00  0.00000000E+00  0.00000000E+00  0.00000000E+00  9.48040134E-02  0.00000000E+00  0.00000000E+00 -1.12565865E-01
    0.426500      1   0.00000000E+00  0.00000000E+00  2.68833858E-03  0.00000000E+00  0.00000000E+00  0.00000000E+00  0.00000000E+00  0.00000000E+00  9.47477214E-02  0.00000000E+00  0.00000000E+00 -1.12584091E-01
    0.427000      1   0.00000000E+00  0.00000000E+00  2.66001319E-03  0.00000000E+00  0.00000000E+00  0.00000000E+00  0.00000000E+00  0.00000000E+00  9.46914213E-02  0.00000000E+00  0.00000000E+00 -1.12600153E-01
    0.427500      1   0.00000000E+00  0.00000000E+00  2.65220975E-03  0.00000000E+00  0.00000000E+00  0.00000000E+00  0.00000000E+00  0.00000000E+00  9.46351092E-02  0.00000000E+00  0.00000000E+00 -1.12624225E-01
    0.428000      1   0.00000000E+00  0.00000000E+00  2.59696690E-03  0.00000000E+00  0.00000000E+00  0.00000000E+00  0.00000000E+00  0.00000000E+00  9.45787824E-02  0.00000000E+00  0.00000000E+00 -1.12653638E-01
    0.428500      1   0.00000000E+00  0.00000000E+00  2.61187116E-03  0.00000000E+00  0.00000000E+00  0.00000000E+00  0.00000000E+00  0.00000000E+00  9.45224378E-02  0.00000000E+00  0.00000000E+00 -1.12689218E-01
    0.429000      1   0.00000000E+00  0.00000000E+00  2.59347584E-03  0.00000000E+00  0.00000000E+00  0.00000000E+00  0.00000000E+00  0.00000000E+00  9.44660715E-02  0.00000000E+00  0.00000000E+00 -1.12732550E-01
    0.429500      1   0.00000000E+00  0.00000000E+00  2.63432929E-03  0.00000000E+00  0.00000000E+00  0.00000000E+00  0.00000000E+00  0.00000000E+00  9.44096840E-02  0.00000000E+00  0.00000000E+00 -1.12775062E-01
    0.430000      1   0.00000000E+00  0.00000000E+00  2.61537068E-03  0.00000000E+00  0.00000000E+00  0.00000000E+00  0.00000000E+00  0.00000000E+00  9.43532755E-02  0.00000000E+00  0.00000000E+00 -1.12816983E-01
    0.430500      1   0.00000000E+00  0.00000000E+00  2.68544929E-03  0.00000000E+00  0.00000000E+00  0.00000000E+00  0.00000000E+00  0.00000000E+00  9.42968486E-02  0.00000000E+00  0.00000000E+00 -1.12853871E-01
    0.431000      1   0.00000000E+00  0.00000000E+00  2.73548660E-03  0.00000000E+00  0.00000000E+00  0.00000000E+00  0.00000000E+00  0.00000000E+00  9.42404047E-02  0.00000000E+00  0.00000000E+00 -1.12887676E-01
    0.431500      1   0.00000000E+00  0.00000000E+00  2.70375567E-03  0.00000000E+00  0.00000000E+00  0.00000000E+00  0.00000000E+00  0.00000000E+00  9.41839519E-02  0.00000000E+00  0.00000000E+00 -1.12905549E-01
    0.432000      1   0.00000000E+00  0.00000000E+00  2.68054984E-03  0.00000000E+00  0.00000000E+00  0.00000000E+00  0.00000000E+00  0.00000000E+00  9.41274929E-02  0.00000000E+00  0.00000000E+00 -1.12918011E-01
    0.432500      1   0.00000000E+00  0.00000000E+00  2.59803696E-03  0.00000000E+00  0.00000000E+00  0.00000000E+00  0.00000000E+00  0.00000000E+00  9.40710241E-02  0.00000000E+00  0.00000000E+00 -1.12937736E-01
    0.433000      1   0.00000000E+00  0.00000000E+00  2.58987181E-03  0.00000000E+00  0.00000000E+00  0.00000000E+00  0.00000000E+00  0.00000000E+00  9.40145398E-02  0.00000000E+00  0.00000000E+00 -1.12968567E-01
    0.433500      1   0.00000000E+00  0.00000000E+00  2.62009251E-03  0.00000000E+00  0.00000000E+00  0.00000000E+00  0.00000000E+00  0.00000000E+00  9.39580330E-02  0.00000000E+00  0.00000000E+00 -1.13013669E-01
    0.434000      1   0.00000000E+00  0.00000000E+00  2.59215914E-03  0.00000000E+00  0.00000000E+00  0.00000000E+00  0.00000000E+00  0.00000000E+00  9.39015042E-02  0.00000000E+00  0.00000000E+00 -1.13057440E-01
    0.434500      1   0.00000000E+00  0.00000000E+00  2.62651023E-03  0.00000000E+00  0.00000000E+00  0.00000000E+00  0.00000000E+00  0.00000000E+00  9.38449549E-02  0.00000000E+00  0.00000000E+00 -1.13098719E-01
    0.435000      1   0.00000000E+00  0.00000000E+00  2.63845720E-03  0.00000000E+00  0.00000000E+00  0.00000000E+00  0.00000000E+00  0.00000000E+00  9.37883841E-02  0.00000000E+00  0.00000000E+00 -1.13141547E-01
    0.435500      1   0.00000000E+00  0.00000000E+00  2.72248458E-03  0.00000000E+00  0.00000000E+00  0.00000000E+00  0.00000000E+00  0.00000000E+00  9.37317953E-02  0.00000000E+00  0.00000000E+00 -1.13177677E-01
    0.436000      1   0.00000000E+00  0.00000000E+00  2.77914167E-03  0.00000000E+00  0.00000000E+00  0.00000000E+00  0.00000000E+00  0.00000000E+00  9.36751931E-02  0.00000000E+00  0.00000000E+00 -1.13204417E-01
    0.436500      1   0.00000000E+00  0.00000000E+00  2.68023928E-03  0.00000000E+00  0.00000000E+00  0.00000000E+00  0.00000000E+00  0.00000000E+00  9.36185869E-02  0.00000000E+00  0.00000000E+00 -1.13212349E-01
    0.437000      1   0.00000000E+00  0.00000000E+00  2.66288278E-03  0.00000000E+00  0.00000000E+00  0.00000000E+00  0.00000000E+00  0.00000000E+00  9.35619770E-02  0.00000000E+00  0.00000000E+00 -1.13219722E-01
    0.437500      1   0.00000000E+00  0.00000000E+00  2.61967917E-03  0.00000000E+00  0.00000000E+00  0.00000000E+00  0.00000000E+00  0.00000000E+00  9.35053546E-02  0.00000000E+00  0.00000000E+00 -1.13244870E-01
    0.438000      1   0.00000000E+00  0.00000000E+00  2.57160139E-03  0.00000000E+00  0.00000000E+00  0.00000000E+00  0.00000000E+00  0.00000000E+00  9.34487162E-02  0.00000000E+00  0.00000000E+00 -1.13276689E-01
    0.438500      1   0.00000000E+00  0.00000000E+00  2.62728994E-03  0.00000000E+00  0.00000000E+00  0.00000000E+00  0.00000000E+00  0.00000000E+00  9.33920563E-02  0.00000000E+00  0.00000000E+00 -1.13319853E-01
    0.439000      1   0.00000000E+00  0.00000000E+00  2.63379126E-03  0.00000000E+00  0.00000000E+00  0.00000000E+00  0.00000000E+00  0.00000000E+00  9.33353733E-02  0.00000000E+00  0.00000000E+00 -1.13365987E-01
    0.439500      1   0.00000000E+00  0.00000000E+00  2.67037633E-03  0.00000000E+00  0.00000000E+00  0.00000000E+00  0.00000000E+00  0.00000000E+00  9.32786721E-02  0.00000000E+00  0.00000000E+00 -1.13402403E-01
    0.440000      1   0.00000000E+00  0.00000000E+00  2.64716335E-03  0.00000000E+00  0.00000000E+00  0.00000000E+00  0.00000000E+00  0.00000000E+00  9.32219549E-02  0.00000000E+00  0.00000000E+00 -1.13434516E-01
    0.440500      1   0.00000000E+00  0.00000000E+00  2.66439259E-03  0.00000000E+00  0.00000000E+00  0.00000000E+00  0.00000000E+00  0.00000000E+00  9.31652235E-02  0.00000000E+00  0.00000000E+00 -1.13462674E-01
    0.441000      1   0.00000000E+00  0.00000000E+00  2.74382975E-03  0.00000000E+00  0.00000000E+00  0.00000000E+00  0.00000000E+00  0.00000000E+00  9.31084770E-02  0.00000000E+00  0.00000000E+00 -1.13493120E-01
    0.441500      1   0.00000000E+00  0.00000000E+00  2.69004613E-03  0.00000000E+00  0.00000000E+00  0.00000000E+00  0.00000000E+00  0.00000000E+00  9.30517201E-02  0.00000000E+00  0.00000000E+00 -1.13513713E-01
    0.442000      1   0.00000000E+00  0.00000000E+00  2.69970013E-03  0.00000000E+00  0.00000000E+00  0.00000000E+00  0.00000000E+00  0.00000000E+00  9.29949571E-02  0.00000000E+00  0.00000000E+00 -1.13526018E-01
    0.442500      1   0.00000000E+00  0.00000000E+00  2.60899288E-03  0.00000000E+00  0.00000000E+00  0.00000000E+00  0.00000000E+00  0.00000000E+00  9.29381839E-02  0.00000000E+00  0.00000000E+00 -1.13546300E-01
    0.443000      1   0.00000000E+00  0.00000000E+00  2.54253819E-03  0.00000000E+00  0.00000000E+00  0.00000000E+00  0.00000000E+00  0.00000000E+00  9.28813974E-02  0.00000000E+00  0.00000000E+00 -1.13573018E-01
    0.443500      1   0.00000000E+00  0.00000000E+00  2.61305217E-03  0.00000000E+00  0.00000000E+00  0.00000000E+00  0.00000000E+00  0.00000000E+00  9.28245872E-02  0.00000000E+00  0.00000000E+00 -1.13620506E-01
    0.444000      1   0.00000000E+00  0.00000000E+00  2.63197853E-03  0.00000000E+00  0.00000000E+00  0.00000000E+00  0.00000000E+00  0.00000000E+00  9.27677508E-02  0.00000000E+00  0.00000000E+00 -1.13672672E-01
    0.444500      1   0.00000000E+00  0.00000000E+00  2.65104446E-03  0.00000000E+00  0.00000000E+00  0.00000000E+00  0.00000000E+00  0.00000000E+00  9.27108951E-02  0.00000000E+00  0.00000000E+00 -1.13711586E-01
    0.445000      1   0.00000000E+00  0.00000000E+00  2.67662432E-03  0.00000000E+00  0.00000000E+00  0.00000000E+00  0.00000000E+00  0.00000000E+00  9.26540222E-02  0.00000000E+00  0.00000000E+00 -1.13745706E-01
    0.445500      1   0.00000000E+00  0.00000000E+00  2.69374683E-03  0.00000000E+00  0.00000000E+00  0.00000000E+00  0.00000000E+00  0.00000000E+00  9.25971350E-02  0.00000000E+00  0.00000000E+00 -1.13774433E-01
    0.446000      1   0.00000000E+00  0.00000000E+00  2.73229087E-03  0.00000000E+00  0.00000000E+00  0.00000000E+00  0.00000000E+00  0.00000000E+00  9.25402363E-02  0.00000000E+00  0.00000000E+00 -1.13797446E-01
    0.446500      1   0.00000000E+00  0.00000000E+00  2.69694185E-03  0.00000000E+00  0.00000000E+00  0.00000000E+00  0.00000000E+00  0.00000000E+00  9.24833291E-02  0.00000000E+00  0.00000000E+00 -1.13814240E-01
    0.447000      1   0.00000000E+00  0.00000000E+00  2.66394819E-03  0.00000000E+00  0.00000000E+00  0.00000000E+00  0.00000000E+00  0.00000000E+00  9.24264152E-02  0.00000000E+00  0.00000000E+00 -1.13827829E-01
    0.447500      1   0.00000000E+00  0.00000000E+00  2.61115452E-03  0.00000000E+00  0.00000000E+00  0.00000000E+00  0.00000000E+00  0.00000000E+00  9.23694902E-02  0.00000000E+00  0.00000000E+00 -1.13850141E-01
    0.448000      1   0.00000000E+00  0.00000000E+00  2.55623685E-03  0.00000000E+00  0.00000000E+00  0.00000000E+00  0.00000000E+00  0.00000000E+00  9.23125489E-02  0.00000000E+00  0.00000000E+00 -1.13882538E-01
    0.448500      1   0.00000000E+00  0.00000000E+00  2.62249997E-03  0.00000000E+00  0.00000000E+00  0.00000000E+00  0.00000000E+00  0.00000000E+00  9.22555847E-02  0.00000000E+00  0.00000000E+00 -1.13928460E-01
    0.449000      1   0.00000000E+00  0.00000000E+00  2.65931852E-03  0.00000000E+00  0.00000000E+00  0.00000000E+00  0.00000000E+00  0.00000000E+00  9.21985959E-02  0.00000000E+00  0.00000000E+00 -1.13977542E-01
    0.449500      1   0.00000000E+00  0.00000000E+00  2.67432274E-03  0.00000000E+00  0.00000000E+00  0.00000000E+00  0.00000000E+00  0.00000000E+00  9.21415896E-02  0.00000000E+00  0.00000000E+00 -1.14012486E-01
    0.450000      1   0.00000000E+00  0.00000000E+00  2.69990958E-03  0.00000000E+00  0.00000000E+00  0.00000000E+00  0.00000000E+00  0.00000000E+00  9.20845696E-02  0.00000000E+00  0.00000000E+00 -1.14040059E-01
    0.450500      1   0.00000000E+00  0.00000000E+00  2.70895808E-03  0.00000000E+00  0.00000000E+00  0.00000000E+00  0.00000000E+00  0.00000000E+00  9.20275382E-02  0.00000000E+00  0.00000000E+00 -1.14062905E-01
    0.451000      1   0.00000000E+00  0.00000000E+00  2.68397616E-03  0.00000000E+00  0.00000000E+00  0.00000000E+00  0.00000000E+00  0.00000000E+00  9.19704978E-02  0.00000000E+00  0.00000000E+00 -1.14080749E-01
    0.451500      1   0.00000000E+00  0.00000000E+00  2.70238822E-03  0.00000000E+00  0.00000000E+00  0.00000000E+00  0.00000000E+00  0.00000000E+00  9.19134481E-02  0.00000000E+00  0.00000000E+00 -1.14099317E-01
    0.452000      1   0.00000000E+00  0.00000000E+00  2.66602589E-03  0.00000000E+00  0.00000000E+00  0.00000000E+00  0.00000000E+00  0.00000000E+00  9.18563879E-02  0.00000000E+00  0.00000000E+00 -1.14120358E-01
    0.452500      1   0.00000000E+00  0.00000000E+00  2.60545216E-03  0.00000000E+00  0.00000000E+00  0.00000000E+00  0.00000000E+00  0.00000000E+00  9.17993172E-02  0.00000000E+00  0.00000000E+00 -1.14141592E-01
    0.453000      1   0.00000000E+00  0.00000000E+00  2.60658240E-03  0.00000000E+00  0.00000000E+00  0.00000000E+00  0.00000000E+00  0.00000000E+00  9.17422301E-02  0.00000000E+00  0.00000000E+00 -1.14174152E-01
    0.453500      1   0.00000000E+00  0.00000000E+00  2.60097884E-03  0.00000000E+00  0.00000000E+00  0.00000000E+00  0.00000000E+00  0.00000000E+00  9.16851218E-02  0.00000000E+00  0.00000000E+00 -1.14216559E-01
    0.454000      1   0.00000000E+00  0.00000000E+00  2.63261977E-03  0.00000000E+00  0.00000000E+00  0.00000000E+00  0.00000000E+00  0.00000000E+00  9.16279922E-02  0.00000000E+00  0.00000000E+00 -1.14259276E-01
    0.454500      1   0.00000000E+00  0.00000000E+00  2.64705124E-03  0.00000000E+00  0.00000000E+00  0.00000000E+00  0.00000000E+00  0.00000000E+00  9.15708421E-02  0.00000000E+00  0.00000000E+00 -1.14300116E-01
    0.455000      1   0.00000000E+00  0.00000000E+00  2.72435032E-03  0.00000000E+00  0.00000000E+00  0.00000000E+00  0.00000000E+00  0.00000000E+00  9.15136749E-02  0.00000000E+00  0.00000000E+00 -1.14334483E-01
    0.455500      1   0.00000000E+00  0.00000000E+00  2.77880558E-03  0.00000000E+00  0.00000000E+00  0.00000000E+00  0.00000000E+00  0.00000000E+00  9.14564950E-02  0.00000000E+00  0.00000000E+00 -1.14359647E-01
    0.456000      1   0.00000000E+00  0.00000000E+00  2.70807270E-03  0.00000000E+00  0.00000000E+00  0.00000000E+00  0.00000000E+00  0.00000000E+00  9.13993114E-02  0.00000000E+00  0.00000000E+00 -1.14367302E-01
    0.456500      1   0.00000000E+00  0.00000000E+00  2.68596825E-03  0.00000000E+00  0.00000000E+00  0.00000000E+00  0.00000000E+00  0.00000000E+00  9.13421252E-02  0.00000000E+00  0.00000000E+00 -1.14372269E-01
    0.457000      1   0.00000000E+00  0.00000000E+00  2.62928050E-03  0.00000000E+00  0.00000000E+00  0.00000000E+00  0.00000000E+00  0.00000000E+00  9.12849298E-02  0.00000000E+00  0.00000000E+00 -1.14390806E-01
    0.457500      1   0.00000000E+00  0.00000000E+00  2.58116645E-03  0.00000000E+00  0.00000000E+00  0.00000000E+00  0.00000000E+00  0.00000000E+00  9.12277209E-02  0.00000000E+00  0.00000000E+00 -1.14417985E-01
    0.458000      1   0.00000000E+00  0.00000000E+00  2.63935328E-03  0.00000000E+00  0.00000000E+00  0.00000000E+00  0.00000000E+00  0.00000000E+00  9.11704915E-02  0.00000000E+00  0.00000000E+00 -1.14458726E-01
    0.458500      1   0.00000000E+00  0.00000000E+00  2.64688739E-03  0.00000000E+00  0.00000000E+00  0.00000000E+00  0.00000000E+00  0.00000000E+00  9.11132404E-02  0.00000000E+00  0.00000000E+00 -1.14502224E-01
    0.459000      1   0.00000000E+00  0.00000000E+00  2.68265325E-03  0.00000000E+00  0.00000000E+00  0.00000000E+00  0.00000000E+00  0.00000000E+00  9.10559726E-02  0.00000000E+00  0.00000000E+00 -1.14535500E-01
    0.459500      1   0.00000000E+00  0.00000000E+00  2.65850444E-03  0.00000000E+00  0.00000000E+00  0.00000000E+00  0.00000000E+00  0.00000000E+00  9.09986904E-02  0.00000000E+00  0.00000000E+00 -1.14564377E-01
    0.460000      1   0.00000000E+00  0.00000000E+00  2.67816823E-03  0.00000000E+00  0.00000000E+00  0.00000000E+00  0.00000000E+00  0.00000000E+00  9.09413957E-02  0.00000000E+00  0.00000000E+00 -1.14589516E-01
    0.460500      1   0.00000000E+00  0.00000000E+00  2.75942955E-03  0.00000000E+00  0.00000000E+00  0.00000000E+00  0.00000000E+00  0.00000000E+00  9.08840872E-02  0.00000000E+00  0.00000000E+00 -1.14616882E-01
    0.461000      1   0.00000000E+00  0.00000000E+00  2.70121382E-03  0.00000000E+00  0.00000000E+00  0.00000000E+00  0.00000000E+00  0.00000000E+00  9.08267703E-02  0.00000000E+00  0.00000000E+00 -1.14633834E-01
    0.461500      1   0.00000000E+00  0.00000000E+00  2.70419246E-03  0.00000000E+00  0.00000000E+00  0.00000000E+00  0.00000000E+00  0.00000000E+00  9.07694490E-02  0.00000000E+00  0.00000000E+00 -1.14642590E-01
    0.462000      1   0.00000000E+00  0.00000000E+00  2.60944129E-03  0.00000000E+00  0.00000000E+00  0.00000000E+00  0.00000000E+00  0.00000000E+00  9.07121187E-02  0.00000000E+00  0.00000000E+00 -1.14660641E-01
    0.462500      1   0.00000000E+00  0.00000000E+00  2.55303582E-03  0.00000000E+00  0.00000000E+00  0.00000000E+00  0.00000000E+00  0.00000000E+00  9.06547754E-02  0.00000000E+00  0.00000000E+00 -1.14686582E-01
    0.463000      1   0.00000000E+00  0.00000000E+00  2.62383107E-03  0.00000000E+00  0.00000000E+00  0.00000000E+00  0.00000000E+00  0.00000000E+00  9.05974089E-02  0.00000000E+00  0.00000000E+00 -1.14733068E-01
    0.463500      1   0.00000000E+00  0.00000000E+00  2.66777951E-03  0.00000000E+00  0.00000000E+00  0.00000000E+00  0.00000000E+00  0.00000000E+00  9.05400176E-02  0.00000000E+00  0.00000000E+00 -1.14782557E-01
    0.464000      1   0.00000000E+00  0.00000000E+00  2.65761923E-03  0.00000000E+00  0.00000000E+00  0.00000000E+00  0.00000000E+00  0.00000000E+00  9.04826093E-02  0.00000000E+00  0.00000000E+00 -1.14816535E-01
    0.464500      1   0.00000000E+00  0.00000000E+00  2.68865755E-03  0.00000000E+00  0.00000000E+00  0.00000000E+00  0.00000000E+00  0.00000000E+00  9.04251872E-02  0.00000000E+00  0.00000000E+00 -1.14844195E-01
    0.465000      1   0.00000000E+00  0.00000000E+00  2.72132909E-03  0.00000000E+00  0.00000000E+00  0.00000000E+00  0.00000000E+00  0.00000000E+00  9.03677519E-02  0.00000000E+00  0.00000000E+00 -1.14870779E-01
    0.465500      1   0.00000000E+00  0.00000000E+00  2.72677849E-03  0.00000000E+00  0.00000000E+00  0.00000000E+00  0.00000000E+00  0.00000000E+00  9.03103072E-02  0.00000000E+00  0.00000000E+00 -1.14889377E-01
    0.466000      1   0.00000000E+00  0.00000000E+00  2.70150713E-03  0.00000000E+00  0.00000000E+00  0.00000000E+00  0.00000000E+00  0.00000000E+00  9.02528561E-02  0.00000000E+00  0.00000000E+00 -1.14902129E-01
    0.466500      1   0.00000000E+00  0.00000000E+00  2.68132329E-03  0.00000000E+00  0.00000000E+00  0.00000000E+00  0.00000000E+00  0.00000000E+00  9.01953980E-02  0.00000000E+00  0.00000000E+00 -1.14916220E-01
    0.467000      1   0.00000000E+00  0.00000000E+00  2.63211316E-03  0.00000000E+00  0.00000000E+00  0.00000000E+00  0.00000000E+00  0.00000000E+00  9.01379299E-02  0.00000000E+00  0.00000000E+00 -1.14936246E-01
    0.467500      1   0.00000000E+00  0.00000000E+00  2.62377052E-03  0.00000000E+00  0.00000000E+00  0.00000000E+00  0.00000000E+00  0.00000000E+00  9.00804479E-02  0.00000000E+00  0.00000000E+00 -1.14963937E-01
    0.468000      1   0.00000000E+00  0.00000000E+00  2.60787614E-03  0.00000000E+00  0.00000000E+00  0.00000000E+00  0.00000000E+00  0.00000000E+00  9.00229477E-02  0.00000000E+00  0.00000000E+00 -1.15000446E-01
    0.468500      1   0.00000000E+00  0.00000000E+00  2.65643038E-03  0.00000000E+00  0.00000000E+00  0.00000000E+00  0.00000000E+00  0.00000000E+00  8.99654278E-02  0.00000000E+00  0.00000000E+00 -1.15039731E-01
    0.469000      1   0.00000000E+00  0.00000000E+00  2.63990867E-03  0.00000000E+00  0.00000000E+00  0.00000000E+00  0.00000000E+00  0.00000000E+00  8.99078891E-02  0.00000000E+00  0.00000000E+00 -1.15077332E-01
    0.469500      1   0.00000000E+00  0.00000000E+00  2.70809241E-03  0.00000000E+00  0.00000000E+00  0.00000000E+00  0.00000000E+00  0.00000000E+00  8.98503349E-02  0.00000000E+00  0.00000000E+00 -1.15108422E-01
    0.470000      1   0.00000000E+00  0.00000000E+00  2.75997381E-03  0.00000000E+00  0.00000000E+00  0.00000000E+00  0.00000000E+00  0.00000000E+00  8.97927668E-02  0.00000000E+00  0.00000000E+00 -1.15136195E-01
    0.470500      1   0.00000000E+00  0.00000000E+00  2.75394422E-03  0.00000000E+00  0.00000000E+00  0.00000000E+00  0.00000000E+00  0.00000000E+00  8.97351927E-02  0.00000000E+00  0.00000000E+00 -1.15148185E-01
    0.471000      1   0.00000000E+00  0.00000000E+00  2.71096693E-03  0.00000000E+00  0.00000000E+00  0.00000000E+00  0.00000000E+00  0.00000000E+00  8.96776166E-02  0.00000000E+00  0.00000000E+00 -1.15152189E-01
    0.471500      1   0.00000000E+00  0.00000000E+00  2.61247005E-03  0.00000000E+00  0.00000000E+00  0.00000000E+00  0.00000000E+00  0.00000000E+00  8.96200362E-02  0.00000000E+00  0.00000000E+00 -1.15160983E-01
    0.472000      1   0.00000000E+00  0.00000000E+00  2.58192414E-03  0.00000000E+00  0.00000000E+00  0.00000000E+00  0.00000000E+00  0.00000000E+00  8.95624434E-02  0.00000000E+00  0.00000000E+00 -1.15185543E-01
    0.472500      1   0.00000000E+00  0.00000000E+00  2.63085489E-03  0.00000000E+00  0.00000000E+00  0.00000000E+00  0.00000000E+00  0.00000000E+00  8.95048289E-02  0.00000000E+00  0.00000000E+00 -1.15228978E-01
    0.473000      1   0.00000000E+00  0.00000000E+00  2.64383347E-03  0.00000000E+00  0.00000000E+00  0.00000000E+00  0.00000000E+00  0.00000000E+00  8.94471923E-02  0.00000000E+00  0.00000000E+00 -1.15273102E-01
    0.473500      1   0.00000000E+00  0.00000000E+00  2.68009108E-03  0.00000000E+00  0.00000000E+00  0.00000000E+00  0.00000000E+00  0.00000000E+00  8.93895383E-02  0.00000000E+00  0.00000000E+00 -1.15308044E-01
    0.474000      1   0.00000000E+00  0.00000000E+00  2.67539633E-03  0.00000000E+00  0.00000000E+00  0.00000000E+00  0.00000000E+00  0.00000000E+00  8.93318695E-02  0.00000000E+00  0.00000000E+00 -1.15337649E-01
    0.474500      1   0.00000000E+00  0.00000000E+00  2.71577612E-03  0.00000000E+00  0.00000000E+00  0.00000000E+00  0.00000000E+00  0.00000000E+00  8.92741886E-02  0.00000000E+00  0.00000000E+00 -1.15361716E-01
    0.475000      1   0.00000000E+00  0.00000000E+00  2.77305368E-03  0.00000000E+00  0.00000000E+00  0.00000000E+00  0.00000000E+00  0.00000000E+00  8.92164971E-02  0.00000000E+00  0.00000000E+00 -1.15382983E-01
    0.475500      1   0.00000000E+00  0.00000000E+00  2.68977517E-03  0.00000000E+00  0.00000000E+00  0.00000000E+00  0.00000000E+00  0.00000000E+00  8.91588009E-02  0.00000000E+00  0.00000000E+00 -1.15392554E-01
    0.476000      1   0.00000000E+00  0.00000000E+00  2.70268256E-03  0.00000000E+00  0.00000000E+00  0.00000000E+00  0.00000000E+00  0.00000000E+00  8.91011008E-02  0.00000000E+00  0.00000000E+00 -1.15400084E-01
    0.476500      1   0.00000000E+00  0.00000000E+00  2.63017525E-03  0.00000000E+00  0.00000000E+00  0.00000000E+00  0.00000000E+00  0.00000000E+00  8.90433908E-02  0.00000000E+00  0.00000000E+00 -1.15420148E-01
    0.477000      1   0.00000000E+00  0.00000000E+00  2.57695762E-03  0.00000000E+00  0.00000000E+00  0.00000000E+00  0.00000000E+00  0.00000000E+00  8.89856685E-02  0.00000000E+00  0.00000000E+00 -1.15444503E-01
    0.477500      1   0.00000000E+00  0.00000000E+00  2.64248126E-03  0.00000000E+00  0.00000000E+00  0.00000000E+00  0.00000000E+00  0.00000000E+00  8.89279258E-02  0.00000000E+00  0.00000000E+00 -1.15485469E-01
    0.478000      1   0.00000000E+00  0.00000000E+00  2.67616857E-03  0.00000000E+00  0.00000000E+00  0.00000000E+00  0.00000000E+00  0.00000000E+00  8.88701611E-02  0.00000000E+00  0.00000000E+00 -1.15529381E-01
    0.478500      1   0.00000000E+00  0.00000000E+00  2.68102795E-03  0.00000000E+00  0.00000000E+00  0.00000000E+00  0.00000000E+00  0.00000000E+00  8.88123813E-02  0.00000000E+00  0.00000000E+00 -1.15559555E-01
    0.479000      1   0.00000000E+00  0.00000000E+00  2.68741531E-03  0.00000000E+00  0.00000000E+00  0.00000000E+00  0.00000000E+00  0.00000000E+00  8.87545894E-02  0.00000000E+00  0.00000000E+00 -1.15583768E-01
    0.479500      1   0.00000000E+00  0.00000000E+00  2.72116084E-03  0.00000000E+00  0.00000000E+00  0.00000000E+00  0.00000000E+00  0.00000000E+00  8.86967861E-02  0.00000000E+00  0.00000000E+00 -1.15606617E-01
    0.480000      1   0.00000000E+00  0.00000000E+00  2.71793872E-03  0.00000000E+00  0.00000000E+00  0.00000000E+00  0.00000000E+00  0.00000000E+00  8.86389734E-02  0.00000000E+00  0.00000000E+00 -1.15625434E-01
    0.480500      1   0.00000000E+00  0.00000000E+00  2.73148895E-03  0.00000000E+00  0.00000000E+00  0.00000000E+00  0.00000000E+00  0.00000000E+00  8.85811539E-02  0.00000000E+00  0.00000000E+00 -1.15638995E-01
    0.481000      1   0.00000000E+00  0.00000000E+00  2.67873533E-03  0.00000000E+00  0.00000000E+00  0.00000000E+00  0.00000000E+00  0.00000000E+00  8.85233279E-02  0.00000000E+00  0.00000000E+00 -1.15651887E-01
    0.481500      1   0.00000000E+00  0.00000000E+00  2.61415881E-03  0.00000000E+00  0.00000000E+00  0.00000000E+00  0.00000000E+00  0.00000000E+00  8.84654943E-02  0.00000000E+00  0.00000000E+00 -1.15667218E-01
    0.482000      1   0.00000000E+00  0.00000000E+00  2.61998408E-03  0.00000000E+00  0.00000000E+00  0.00000000E+00  0.00000000E+00  0.00000000E+00  8.84076459E-02  0.00000000E+00  0.00000000E+00 -1.15696922E-01
    0.482500      1   0.00000000E+00  0.00000000E+00  2.61673335E-03  0.00000000E+00  0.00000000E+00  0.00000000E+00  0.00000000E+00  0.00000000E+00  8.83497775E-02  0.00000000E+00  0.00000000E+00 -1.15736714E-01
    0.483000      1   0.00000000E+00  0.00000000E+00  2.65334549E-03  0.00000000E+00  0.00000000E+00  0.00000000E+00  0.00000000E+00  0.00000000E+00  8.82918896E-02  0.00000000E+00  0.00000000E+00 -1.15775837E-01
    0.483500      1   0.00000000E+00  0.00000000E+00  2.67249561E-03  0.00000000E+00  0.00000000E+00  0.00000000E+00  0.00000000E+00  0.00000000E+00  8.82339835E-02  0.00000000E+00  0.00000000E+00 -1.15812257E-01
    0.484000      1   0.00000000E+00  0.00000000E+00  2.75415866E-03  0.00000000E+00  0.00000000E+00  0.00000000E+00  0.00000000E+00  0.00000000E+00  8.81760630E-02  0.00000000E+00  0.00000000E+00 -1.15840972E-01
    0.484500      1   0.00000000E+00  0.00000000E+00  2.80534198E-03  0.00000000E+00  0.00000000E+00  0.00000000E+00  0.00000000E+00  0.00000000E+00  8.81181333E-02  0.00000000E+00  0.00000000E+00 -1.15859321E-01
    0.485000      1   0.00000000E+00  0.00000000E+00  2.71041878E-03  0.00000000E+00  0.00000000E+00  0.00000000E+00  0.00000000E+00  0.00000000E+00  8.80602035E-02  0.00000000E+00  0.00000000E+00 -1.15859735E-01
    0.485500      1   0.00000000E+00  0.00000000E+00  2.70698242E-03  0.00000000E+00  0.00000000E+00  0.00000000E+00  0.00000000E+00  0.00000000E+00  8.80022734E-02  0.00000000E+00  0.00000000E+00 -1.15860138E-01
    0.486000      1   0.00000000E+00  0.00000000E+00  2.64202291E-03  0.00000000E+00  0.00000000E+00  0.00000000E+00  0.00000000E+00  0.00000000E+00  8.79443352E-02  0.00000000E+00  0.00000000E+00 -1.15876431E-01
    0.486500      1   0.00000000E+00  0.00000000E+00  2.59150622E-03  0.00000000E+00  0.00000000E+00  0.00000000E+00  0.00000000E+00  0.00000000E+00  8.78863857E-02  0.00000000E+00  0.00000000E+00 -1.15899033E-01
    0.487000      1   0.00000000E+00  0.00000000E+00  2.63906119E-03  0.00000000E+00  0.00000000E+00  0.00000000E+00  0.00000000E+00  0.00000000E+00  8.78284173E-02  0.00000000E+00  0.00000000E+00 -1.15936768E-01
    0.487500      1   0.00000000E+00  0.00000000E+00  2.67093500E-03  0.00000000E+00  0.00000000E+00  0.00000000E+00  0.00000000E+00  0.00000000E+00  8.77704280E-02  0.00000000E+00  0.00000000E+00 -1.15978593E-01
    0.488000      1   0.00000000E+00  0.00000000E+00  2.69140290E-03  0.00000000E+00  0.00000000E+00  0.00000000E+00  0.00000000E+00  0.00000000E+00  8.77124231E-02  0.00000000E+00  0.00000000E+00 -1.16009791E-01
    0.488500      1   0.00000000E+00  0.00000000E+00  2.67903035E-03  0.00000000E+00  0.00000000E+00  0.00000000E+00  0.00000000E+00  0.00000000E+00  8.76544061E-02  0.00000000E+00  0.00000000E+00 -1.16033946E-01
    0.489000      1   0.00000000E+00  0.00000000E+00  2.69310468E-03  0.00000000E+00  0.00000000E+00  0.00000000E+00  0.00000000E+00  0.00000000E+00  8.75963782E-02  0.00000000E+00  0.00000000E+00 -1.16055833E-01
    0.489500      1   0.00000000E+00  0.00000000E+00  2.73403870E-03  0.00000000E+00  0.00000000E+00  0.00000000E+00  0.00000000E+00  0.00000000E+00  8.75383389E-02  0.00000000E+00  0.00000000E+00 -1.16078508E-01
    0.490000      1   0.00000000E+00  0.00000000E+00  2.75111478E-03  0.00000000E+00  0.00000000E+00  0.00000000E+00  0.00000000E+00  0.00000000E+00  8.74802913E-02  0.00000000E+00  0.00000000E+00 -1.16095252E-01
    0.490500      1   0.00000000E+00  0.00000000E+00  2.68719402E-03  0.00000000E+00  0.00000000E+00  0.00000000E+00  0.00000000E+00  0.00000000E+00  8.74222394E-02  0.00000000E+00  0.00000000E+00 -1.16103765E-01
    0.491000      1   0.00000000E+00  0.00000000E+00  2.62638983E-03  0.00000000E+00  0.00000000E+00  0.00000000E+00  0.00000000E+00  0.00000000E+00  8.73641819E-02  0.00000000E+00  0.00000000E+00 -1.16115125E-01
    0.491500      1   0.00000000E+00  0.00000000E+00  2.58525381E-03  0.00000000E+00  0.00000000E+00  0.00000000E+00  0.00000000E+00  0.00000000E+00  8.73061107E-02  0.00000000E+00  0.00000000E+00 -1.16142359E-01
    0.492000      1   0.00000000E+00  0.00000000E+00  2.62009682E-03  0.00000000E+00  0.00000000E+00  0.00000000E+00  0.00000000E+00  0.00000000E+00  8.72480191E-02  0.00000000E+00  0.00000000E+00 -1.16183213E-01
    0.492500      1   0.00000000E+00  0.00000000E+00  2.67328679E-03  0.00000000E+00  0.00000000E+00  0.00000000E+00  0.00000000E+00  0.00000000E+00  8.71899052E-02  0.00000000E+00  0.00000000E+00 -1.16227742E-01
    0.493000      1   0.00000000E+00  0.00000000E+00  2.66688293E-03  0.00000000E+00  0.00000000E+00  0.00000000E+00  0.00000000E+00  0.00000000E+00  8.71317743E-02  0.00000000E+00  0.00000000E+00 -1.16261847E-01
    0.493500      1   0.00000000E+00  0.00000000E+00  2.73957974E-03  0.00000000E+00  0.00000000E+00  0.00000000E+00  0.00000000E+00  0.00000000E+00  8.70736304E-02  0.00000000E+00  0.00000000E+00 -1.16287783E-01
    0.494000      1   0.00000000E+00  0.00000000E+00  2.78337549E-03  0.00000000E+00  0.00000000E+00  0.00000000E+00  0.00000000E+00  0.00000000E+00  8.70154762E-02  0.00000000E+00  0.00000000E+00 -1.16308343E-01
    0.494500      1   0.00000000E+00  0.00000000E+00  2.74704554E-03  0.00000000E+00  0.00000000E+00  0.00000000E+00  0.00000000E+00  0.00000000E+00  8.69573197E-02  0.00000000E+00  0.00000000E+00 -1.16313093E-01
    0.495000      1   0.00000000E+00  0.00000000E+00  2.70675743E-03  0.00000000E+00  0.00000000E+00  0.00000000E+00  0.00000000E+00  0.00000000E+00  8.68991627E-02  0.00000000E+00  0.00000000E+00 -1.16313864E-01
    0.495500      1   0.00000000E+00  0.00000000E+00  2.64817962E-03  0.00000000E+00  0.00000000E+00  0.00000000E+00  0.00000000E+00  0.00000000E+00  8.68410007E-02  0.00000000E+00  0.00000000E+00 -1.16324163E-01
    0.496000      1   0.00000000E+00  0.00000000E+00  2.60408302E-03  0.00000000E+00  0.00000000E+00  0.00000000E+00  0.00000000E+00  0.00000000E+00  8.67828275E-02  0.00000000E+00  0.00000000E+00 -1.16346257E-01
    0.496500      1   0.00000000E+00  0.00000000E+00  2.67148536E-03  0.00000000E+00  0.00000000E+00  0.00000000E+00  0.00000000E+00  0.00000000E+00  8.67246366E-02  0.00000000E+00  0.00000000E+00 -1.16381869E-01
    0.497000      1   0.00000000E+00  0.00000000E+00  2.66420396E-03  0.00000000E+00  0.00000000E+00  0.00000000E+00  0.00000000E+00  0.00000000E+00  8.66664272E-02  0.00000000E+00  0.00000000E+00 -1.16418762E-01
    0.497500      1   0.00000000E+00  0.00000000E+00  2.70132292E-03  0.00000000E+00  0.00000000E+00  0.00000000E+00  0.00000000E+00  0.00000000E+00  8.66082046E-02  0.00000000E+00  0.00000000E+00 -1.16445232E-01
    0.498000      1   0.00000000E+00  0.00000000E+00  2.67267161E-03  0.00000000E+00  0.00000000E+00  0.00000000E+00  0.00000000E+00  0.00000000E+00  8.65499698E-02  0.00000000E+00  0.00000000E+00 -1.16469614E-01
    0.498500      1   0.00000000E+00  0.00000000E+00  2.69196631E-03  0.00000000E+00  0.00000000E+00  0.00000000E+00  0.00000000E+00  0.00000000E+00  8.64917246E-02  0.00000000E+00  0.00000000E+00 -1.16490435E-01
    0.499000      1   0.00000000E+00  0.00000000E+00  2.76717474E-03  0.00000000E+00  0.00000000E+00  0.00000000E+00  0.00000000E+00  0.00000000E+00  8.64334675E-02  0.00000000E+00  0.00000000E+00 -1.16514255E-01
    0.499500      1   0.00000000E+00  0.00000000E+00  2.75407052E-03  0.00000000E+00  0.00000000E+00  0.00000000E+00  0.00000000E+00  0.00000000E+00  8.63752033E-02  0.00000000E+00  0.00000000E+00 -1.16528256E-01
    0.500000      1   0.00000000E+00  0.00000000E+00  2.69007010E-03  0.00000000E+00  0.00000000E+00  0.00000000E+00  0.00000000E+00  0.00000000E+00  8.63169378E-02  0.00000000E+00  0.00000000E+00 -1.16531066E-01
    0.500500      1   0.00000000E+00  0.00000000E+00  2.61999405E-03  0.00000000E+00  0.00000000E+00  0.00000000E+00  0.00000000E+00  0.00000000E+00  8.62586669E-02  0.00000000E+00  0.00000000E+00 -1.16541687E-01
    0.501000      1   0.00000000E+00  0.00000000E+00  2.57457594E-03  0.00000000E+00  0.00000000E+00  0.00000000E+00  0.00000000E+00  0.00000000E+00  8.62003824E-02  0.00000000E+00  0.00000000E+00 -1.16569013E-01
    0.501500      1   0.00000000E+00  0.00000000E+00  2.64413968E-03  0.00000000E+00  0.00000000E+00  0.00000000E+00  0.00000000E+00  0.00000000E+00  8.61420765E-02  0.00000000E+00  0.00000000E+00 -1.16611862E-01
    0.502000      1   0.00000000E+00  0.00000000E+00  2.69147221E-03  0.00000000E+00  0.00000000E+00  0.00000000E+00  0.00000000E+00  0.00000000E+00  8.60837485E-02  0.00000000E+00  0.00000000E+00 -1.16656019E-01
    0.502500      1   0.00000000E+00  0.00000000E+00  2.68248281E-03  0.00000000E+00  0.00000000E+00  0.00000000E+00  0.00000000E+00  0.00000000E+00  8.60254062E-02  0.00000000E+00  0.00000000E+00 -1.16684567E-01
    0.503000      1   0.00000000E+00  0.00000000E+00  2.73411686E-03  0.00000000E+00  0.00000000E+00  0.00000000E+00  0.00000000E+00  0.00000000E+00  8.59670531E-02  0.00000000E+00  0.00000000E+00 -1.16706138E-01
    0.503500      1   0.00000000E+00  0.00000000E+00  2.77838294E-03  0.00000000E+00  0.00000000E+00  0.00000000E+00  0.00000000E+00  0.00000000E+00  8.59086908E-02  0.00000000E+00  0.00000000E+00 -1.16724620E-01
    0.504000      1   0.00000000E+00  0.00000000E+00  2.73924740E-03  0.00000000E+00  0.00000000E+00  0.00000000E+00  0.00000000E+00  0.00000000E+00  8.58503255E-02  0.00000000E+00  0.00000000E+00 -1.16730708E-01
    0.504500      1   0.00000000E+00  0.00000000E+00  2.70445408E-03  0.00000000E+00  0.00000000E+00  0.00000000E+00  0.00000000E+00  0.00000000E+00  8.57919590E-02  0.00000000E+00  0.00000000E+00 -1.16732989E-01
    0.505000      1   0.00000000E+00  0.00000000E+00  2.66981841E-03  0.00000000E+00  0.00000000E+00  0.00000000E+00  0.00000000E+00  0.00000000E+00  8.57335866E-02  0.00000000E+00  0.00000000E+00 -1.16744772E-01
    0.505500      1   0.00000000E+00  0.00000000E+00  2.62026162E-03  0.00000000E+00  0.00000000E+00  0.00000000E+00  0.00000000E+00  0.00000000E+00  8.56752039E-02  0.00000000E+00  0.00000000E+00 -1.16765331E-01
    0.506000      1   0.00000000E+00  0.00000000E+00  2.66114007E-03  0.00000000E+00  0.00000000E+00  0.00000000E+00  0.00000000E+00  0.00000000E+00  8.56168060E-02  0.00000000E+00  0.00000000E+00 -1.16795959E-01
    0.506500      1   0.00000000E+00  0.00000000E+00  2.66363580E-03  0.00000000E+00  0.00000000E+00  0.00000000E+00  0.00000000E+00  0.00000000E+00  8.55583904E-02  0.00000000E+00  0.00000000E+00 -1.16831110E-01
    0.507000      1   0.00000000E+00  0.00000000E+00  2.70700894E-03  0.00000000E+00  0.00000000E+00  0.00000000E+00  0.00000000E+00  0.00000000E+00  8.54999607E-02  0.00000000E+00  0.00000000E+00 -1.16859328E-01
    0.507500      1   0.00000000E+00  0.00000000E+00  2.68568558E-03  0.00000000E+00  0.00000000E+00  0.00000000E+00  0.00000000E+00  0.00000000E+00  8.54415191E-02  0.00000000E+00  0.00000000E+00 -1.16883302E-01
    0.508000      1   0.00000000E+00  0.00000000E+00  2.70328677E-03  0.00000000E+00  0.00000000E+00  0.00000000E+00  0.00000000E+00  0.00000000E+00  8.53830681E-02  0.00000000E+00  0.00000000E+00 -1.16902038E-01
    0.508500      1   0.00000000E+00  0.00000000E+00  2.77983167E-03  0.00000000E+00  0.00000000E+00  0.00000000E+00  0.00000000E+00  0.00000000E+00  8.53246067E-02  0.00000000E+00  0.00000000E+00 -1.16922720E-01
    0.509000      1   0.00000000E+00  0.00000000E+00  2.74144956E-03  0.00000000E+00  0.00000000E+00  0.00000000E+00  0.00000000E+00  0.00000000E+00  8.52661398E-02  0.00000000E+00  0.00000000E+00 -1.16933743E-01
    0.509500      1   0.00000000E+00  0.00000000E+00  2.69497098E-03  0.00000000E+00  0.00000000E+00  0.00000000E+00  0.00000000E+00  0.00000000E+00  8.52076720E-02  0.00000000E+00  0.00000000E+00 -1.16935591E-01
    0.510000      1   0.00000000E+00  0.00000000E+00  2.63135955E-03  0.00000000E+00  0.00000000E+00  0.00000000E+00  0.00000000E+00  0.00000000E+00  8.51491981E-02  0.00000000E+00  0.00000000E+00 -1.16947851E-01
    0.510500      1   0.00000000E+00  0.00000000E+00  2.58149060E-03  0.00000000E+00  0.00000000E+00  0.00000000E+00  0.00000000E+00  0.00000000E+00  8.50907114E-02  0.00000000E+00  0.00000000E+00 -1.16973367E-01
    0.511000      1   0.00000000E+00  0.00000000E+00  2.64872270E-03  0.00000000E+00  0.00000000E+00  0.00000000E+00  0.00000000E+00  0.00000000E+00  8.50322046E-02  0.00000000E+00  0.00000000E+00 -1.17013739E-01
    0.511500      1   0.00000000E+00  0.00000000E+00  2.68845667E-03  0.00000000E+00  0.00000000E+00  0.00000000E+00  0.00000000E+00  0.00000000E+00  8.49736764E-02  0.00000000E+00  0.00000000E+00 -1.17056354E-01
    0.512000      1   0.00000000E+00  0.00000000E+00  2.68702172E-03  0.00000000E+00  0.00000000E+00  0.00000000E+00  0.00000000E+00  0.00000000E+00  8.49151342E-02  0.00000000E+00  0.00000000E+00 -1.17084417E-01
    0.512500      1   0.00000000E+00  0.00000000E+00  2.73662743E-03  0.00000000E+00  0.00000000E+00  0.00000000E+00  0.00000000E+00  0.00000000E+00  8.48565811E-02  0.00000000E+00  0.00000000E+00 -1.17106082E-01
    0.513000      1   0.00000000E+00  0.00000000E+00  2.78631409E-03  0.00000000E+00  0.00000000E+00  0.00000000E+00  0.00000000E+00  0.00000000E+00  8.47980193E-02  0.00000000E+00  0.00000000E+00 -1.17123596E-01
    0.513500      1   0.00000000E+00  0.00000000E+00  2.74562002E-03  0.00000000E+00  0.00000000E+00  0.00000000E+00  0.00000000E+00  0.00000000E+00  8.47394551E-02  0.00000000E+00  0.00000000E+00 -1.17128571E-01
    0.514000      1   0.00000000E+00  0.00000000E+00  2.70378808E-03  0.00000000E+00  0.00000000E+00  0.00000000E+00  0.00000000E+00  0.00000000E+00  8.46808906E-02  0.00000000E+00  0.00000000E+00 -1.17128986E-01
    0.514500      1   0.00000000E+00  0.00000000E+00  2.67360336E-03  0.00000000E+00  0.00000000E+00  0.00000000E+00  0.00000000E+00  0.00000000E+00  8.46223207E-02  0.00000000E+00  0.00000000E+00 -1.17139781E-01
    0.515000      1   0.00000000E+00  0.00000000E+00  2.62589587E-03  0.00000000E+00  0.00000000E+00  0.00000000E+00  0.00000000E+00  0.00000000E+00  8.45637406E-02  0.00000000E+00  0.00000000E+00 -1.17160115E-01
    0.515500      1   0.00000000E+00  0.00000000E+00  2.66605456E-03  0.00000000E+00  0.00000000E+00  0.00000000E+00  0.00000000E+00  0.00000000E+00  8.45051458E-02  0.00000000E+00  0.00000000E+00 -1.17189623E-01
    0.516000      1   0.00000000E+00  0.00000000E+00  2.67134993E-03  0.00000000E+00  0.00000000E+00  0.00000000E+00  0.00000000E+00  0.00000000E+00  8.44465341E-02  0.00000000E+00  0.00000000E+00 -1.17223415E-01
    0.516500      1   0.00000000E+00  0.00000000E+00  2.70962904E-03  0.00000000E+00  0.00000000E+00  0.00000000E+00  0.00000000E+00  0.00000000E+00  8.43879090E-02  0.00000000E+00  0.00000000E+00 -1.17250144E-01
    0.517000      1   0.00000000E+00  0.00000000E+00  2.68562695E-03  0.00000000E+00  0.00000000E+00  0.00000000E+00  0.00000000E+00  0.00000000E+00  8.43292727E-02  0.00000000E+00  0.00000000E+00 -1.17272619E-01
    0.517500      1   0.00000000E+00  0.00000000E+00  2.70761262E-03  0.00000000E+00  0.00000000E+00  0.00000000E+00  0.00000000E+00  0.00000000E+00  8.42706272E-02  0.00000000E+00  0.00000000E+00 -1.17290930E-01
    0.518000      1   0.00000000E+00  0.00000000E+00  2.78102104E-03  0.00000000E+00  0.00000000E+00  0.00000000E+00  0.00000000E+00  0.00000000E+00  8.42119716E-02  0.00000000E+00  0.00000000E+00 -1.17311239E-01
    0.518500      1   0.00000000E+00  0.00000000E+00  2.75637099E-03  0.00000000E+00  0.00000000E+00  0.00000000E+00  0.00000000E+00  0.00000000E+00  8.41533109E-02  0.00000000E+00  0.00000000E+00 -1.17321447E-01
    0.519000      1   0.00000000E+00  0.00000000E+00  2.69583019E-03  0.00000000E+00  0.00000000E+00  0.00000000E+00  0.00000000E+00  0.00000000E+00  8.40946500E-02  0.00000000E+00  0.00000000E+00 -1.17321780E-01
    0.519500      1   0.00000000E+00  0.00000000E+00  2.62877890E-03  0.00000000E+00  0.00000000E+00  0.00000000E+00  0.00000000E+00  0.00000000E+00  8.40359843E-02  0.00000000E+00  0.00000000E+00 -1.17331514E-01
    0.520000      1   0.00000000E+00  0.00000000E+00  2.58769005E-03  0.00000000E+00  0.00000000E+00  0.00000000E+00  0.00000000E+00  0.00000000E+00  8.39773057E-02  0.00000000E+00  0.00000000E+00 -1.17357117E-01
    0.520500      1   0.00000000E+00  0.00000000E+00  2.65124285E-03  0.00000000E+00  0.00000000E+00  0.00000000E+00  0.00000000E+00  0.00000000E+00  8.39186070E-02  0.00000000E+00  0.00000000E+00 -1.17397364E-01
    0.521000      1   0.00000000E+00  0.00000000E+00  2.69863715E-03  0.00000000E+00  0.00000000E+00  0.00000000E+00  0.00000000E+00  0.00000000E+00  8.38598877E-02  0.00000000E+00  0.00000000E+00 -1.17438739E-01
    0.521500      1   0.00000000E+00  0.00000000E+00  2.67878549E-03  0.00000000E+00  0.00000000E+00  0.00000000E+00  0.00000000E+00  0.00000000E+00  8.38011549E-02  0.00000000E+00  0.00000000E+00 -1.17465488E-01
    0.522000      1   0.00000000E+00  0.00000000E+00  2.74944177E-03  0.00000000E+00  0.00000000E+00  0.00000000E+00  0.00000000E+00  0.00000000E+00  8.37424118E-02  0.00000000E+00  0.00000000E+00 -1.17486209E-01
    0.522500      1   0.00000000E+00  0.00000000E+00  2.79334293E-03  0.00000000E+00  0.00000000E+00  0.00000000E+00  0.00000000E+00  0.00000000E+00  8.36836598E-02  0.00000000E+00  0.00000000E+00 -1.17503943E-01
    0.523000      1   0.00000000E+00  0.00000000E+00  2.76464648E-03  0.00000000E+00  0.00000000E+00  0.00000000E+00  0.00000000E+00  0.00000000E+00  8.36249067E-02  0.00000000E+00  0.00000000E+00 -1.17506192E-01
    0.523500      1   0.00000000E+00  0.00000000E+00  2.70893885E-03  0.00000000E+00  0.00000000E+00  0.00000000E+00  0.00000000E+00  0.00000000E+00  8.35661548E-02  0.00000000E+00  0.00000000E+00 -1.17503770E-01
    0.524000      1   0.00000000E+00  0.00000000E+00  2.66385691E-03  0.00000000E+00  0.00000000E+00  0.00000000E+00  0.00000000E+00  0.00000000E+00  8.35073994E-02  0.00000000E+00  0.00000000E+00 -1.17510986E-01
    0.524500      1   0.00000000E+00  0.00000000E+00  2.62005332E-03  0.00000000E+00  0.00000000E+00  0.00000000E+00  0.00000000E+00  0.00000000E+00  8.34486337E-02  0.00000000E+00  0.00000000E+00 -1.17531336E-01
    0.525000      1   0.00000000E+00  0.00000000E+00  2.68326204E-03  0.00000000E+00  0.00000000E+00  0.00000000E+00  0.00000000E+00  0.00000000E+00  8.33898522E-02  0.00000000E+00  0.00000000E+00 -1.17562961E-01
    0.525500      1   0.00000000E+00  0.00000000E+00  2.68354125E-03  0.00000000E+00  0.00000000E+00  0.00000000E+00  0.00000000E+00  0.00000000E+00  8.33310541E-02  0.00000000E+00  0.00000000E+00 -1.17596191E-01
    0.526000      1   0.00000000E+00  0.00000000E+00  2.70232233E-03  0.00000000E+00  0.00000000E+00  0.00000000E+00  0.00000000E+00  0.00000000E+00  8.32722446E-02  0.00000000E+00  0.00000000E+00 -1.17619016E-01
    0.526500      1   0.00000000E+00  0.00000000E+00  2.68731178E-03  0.00000000E+00  0.00000000E+00  0.00000000E+00  0.00000000E+00  0.00000000E+00  8.32134245E-02  0.00000000E+00  0.00000000E+00 -1.17640135E-01
    0.527000      1   0.00000000E+00  0.00000000E+00  2.70608067E-03  0.00000000E+00  0.00000000E+00  0.00000000E+00  0.00000000E+00  0.00000000E+00  8.31545948E-02  0.00000000E+00  0.00000000E+00 -1.17659497E-01
    0.527500      1   0.00000000E+00  0.00000000E+00  2.76480440E-03  0.00000000E+00  0.00000000E+00  0.00000000E+00  0.00000000E+00  0.00000000E+00  8.30957550E-02  0.00000000E+00  0.00000000E+00 -1.17679665E-01
    0.528000      1   0.00000000E+00  0.00000000E+00  2.76820643E-03  0.00000000E+00  0.00000000E+00  0.00000000E+00  0.00000000E+00  0.00000000E+00  8.30369092E-02  0.00000000E+00  0.00000000E+00 -1.17691558E-01
    0.528500      1   0.00000000E+00  0.00000000E+00  2.70761129E-03  0.00000000E+00  0.00000000E+00  0.00000000E+00  0.00000000E+00  0.00000000E+00  8.29780624E-02  0.00000000E+00  0.00000000E+00 -1.17693508E-01
    0.529000      1   0.00000000E+00  0.00000000E+00  2.64934520E-03  0.00000000E+00  0.00000000E+00  0.00000000E+00  0.00000000E+00  0.00000000E+00  8.29192123E-02  0.00000000E+00  0.00000000E+00 -1.17700256E-01
    0.529500      1   0.00000000E+00  0.00000000E+00  2.60167561E-03  0.00000000E+00  0.00000000E+00  0.00000000E+00  0.00000000E+00  0.00000000E+00  8.28603512E-02  0.00000000E+00  0.00000000E+00 -1.17722107E-01
    0.530000      1   0.00000000E+00  0.00000000E+00  2.63804607E-03  0.00000000E+00  0.00000000E+00  0.00000000E+00  0.00000000E+00  0.00000000E+00  8.28014724E-02  0.00000000E+00  0.00000000E+00 -1.17757740E-01
    0.530500      1   0.00000000E+00  0.00000000E+00  2.69177420E-03  0.00000000E+00  0.00000000E+00  0.00000000E+00  0.00000000E+00  0.00000000E+00  8.27425734E-02  0.00000000E+00  0.00000000E+00 -1.17797986E-01
    0.531000      1   0.00000000E+00  0.00000000E+00  2.68350448E-03  0.00000000E+00  0.00000000E+00  0.00000000E+00  0.00000000E+00  0.00000000E+00  8.26836596E-02  0.00000000E+00  0.00000000E+00 -1.17827508E-01
    0.531500      1   0.00000000E+00  0.00000000E+00  2.76440412E-03  0.00000000E+00  0.00000000E+00  0.00000000E+00  0.00000000E+00  0.00000000E+00  8.26247352E-02  0.00000000E+00  0.00000000E+00 -1.17848939E-01
    0.532000      1   0.00000000E+00  0.00000000E+00  2.81637799E-03  0.00000000E+00  0.00000000E+00  0.00000000E+00  0.00000000E+00  0.00000000E+00  8.25658029E-02  0.00000000E+00  0.00000000E+00 -1.17864575E-01
    0.532500      1   0.00000000E+00  0.00000000E+00  2.74203236E-03  0.00000000E+00  0.00000000E+00  0.00000000E+00  0.00000000E+00  0.00000000E+00  8.25068717E-02  0.00000000E+00  0.00000000E+00 -1.17862331E-01
    0.533000      1   0.00000000E+00  0.00000000E+00  2.74998002E-03  0.00000000E+00  0.00000000E+00  0.00000000E+00  0.00000000E+00  0.00000000E+00  8.24479426E-02  0.00000000E+00  0.00000000E+00 -1.17858126E-01
    0.533500      1   0.00000000E+00  0.00000000E+00  2.67234468E-03  0.00000000E+00  0.00000000E+00  0.00000000E+00  0.00000000E+00  0.00000000E+00  8.23890099E-02  0.00000000E+00  0.00000000E+00 -1.17865426E-01
    0.534000      1   0.00000000E+00  0.00000000E+00  2.60904791E-03  0.00000000E+00  0.00000000E+00  0.00000000E+00  0.00000000E+00  0.00000000E+00  8.23300708E-02  0.00000000E+00  0.00000000E+00 -1.17878286E-01
    0.534500      1   0.00000000E+00  0.00000000E+00  2.65384880E-03  0.00000000E+00  0.00000000E+00  0.00000000E+00  0.00000000E+00  0.00000000E+00  8.22711160E-02  0.00000000E+00  0.00000000E+00 -1.17909491E-01
    0.535000      1   0.00000000E+00  0.00000000E+00  2.68284886E-03  0.00000000E+00  0.00000000E+00  0.00000000E+00  0.00000000E+00  0.00000000E+00  8.22121425E-02  0.00000000E+00  0.00000000E+00 -1.17947128E-01
    0.535500      1   0.00000000E+00  0.00000000E+00  2.71549654E-03  0.00000000E+00  0.00000000E+00  0.00000000E+00  0.00000000E+00  0.00000000E+00  8.21531551E-02  0.00000000E+00  0.00000000E+00 -1.17974845E-01
    0.536000      1   0.00000000E+00  0.00000000E+00  2.72839994E-03  0.00000000E+00  0.00000000E+00  0.00000000E+00  0.00000000E+00  0.00000000E+00  8.20941576E-02  0.00000000E+00  0.00000000E+00 -1.17994912E-01
    0.536500      1   0.00000000E+00  0.00000000E+00  2.74173870E-03  0.00000000E+00  0.00000000E+00  0.00000000E+00  0.00000000E+00  0.00000000E+00  8.20351534E-02  0.00000000E+00  0.00000000E+00 -1.18008478E-01
    0.537000      1   0.00000000E+00  0.00000000E+00  2.72862459E-03  0.00000000E+00  0.00000000E+00  0.00000000E+00  0.00000000E+00  0.00000000E+00  8.19761440E-02  0.00000000E+00  0.00000000E+00 -1.18018746E-01
    0.537500      1   0.00000000E+00  0.00000000E+00  2.75628853E-03  0.00000000E+00  0.00000000E+00  0.00000000E+00  0.00000000E+00  0.00000000E+00  8.19171300E-02  0.00000000E+00  0.00000000E+00 -1.18027983E-01
    0.538000      1   0.00000000E+00  0.00000000E+00  2.71171477E-03  0.00000000E+00  0.00000000E+00  0.00000000E+00  0.00000000E+00  0.00000000E+00  8.18581115E-02  0.00000000E+00  0.00000000E+00 -1.18036927E-01
    0.538500      1   0.00000000E+00  0.00000000E+00  2.64881491E-03  0.00000000E+00  0.00000000E+00  0.00000000E+00  0.00000000E+00  0.00000000E+00  8.17990889E-02  0.00000000E+00  0.00000000E+00 -1.18045270E-01
    0.539000      1   0.00000000E+00  0.00000000E+00  2.64464864E-03  0.00000000E+00  0.00000000E+00  0.00000000E+00  0.00000000E+00  0.00000000E+00  8.17400556E-02  0.00000000E+00  0.00000000E+00 -1.18066494E-01
    0.539500      1   0.00000000E+00  0.00000000E+00  2.63814501E-03  0.00000000E+00  0.00000000E+00  0.00000000E+00  0.00000000E+00  0.00000000E+00  8.16810064E-02  0.00000000E+00  0.00000000E+00 -1.18098415E-01
    0.540000      1   0.00000000E+00  0.00000000E+00  2.68363222E-03  0.00000000E+00  0.00000000E+00  0.00000000E+00  0.00000000E+00  0.00000000E+00  8.16219406E-02  0.00000000E+00  0.00000000E+00 -1.18131595E-01
    0.540500      1   0.00000000E+00  0.00000000E+00  2.70583869E-03  0.00000000E+00  0.00000000E+00  0.00000000E+00  0.00000000E+00  0.00000000E+00  8.15628597E-02  0.00000000E+00  0.00000000E+00 -1.18161821E-01
    0.541000      1   0.00000000E+00  0.00000000E+00  2.77808809E-03  0.00000000E+00  0.00000000E+00  0.00000000E+00  0.00000000E+00  0.00000000E+00  8.15037684E-02  0.00000000E+00  0.00000000E+00 -1.18182614E-01
    0.541500      1   0.00000000E+00  0.00000000E+00  2.81481508E-03  0.00000000E+00  0.00000000E+00  0.00000000E+00  0.00000000E+00  0.00000000E+00  8.14446717E-02  0.00000000E+00  0.00000000E+00 -1.18193372E-01
    0.542000      1   0.00000000E+00  0.00000000E+00  2.72353802E-03  0.00000000E+00  0.00000000E+00  0.00000000E+00  0.00000000E+00  0.00000000E+00  8.13855772E-02  0.00000000E+00  0.00000000E+00 -1.18189019E-01
    0.542500      1   0.00000000E+00  0.00000000E+00  2.73703107E-03  0.00000000E+00  0.00000000E+00  0.00000000E+00  0.00000000E+00  0.00000000E+00  8.13264839E-02  0.00000000E+00  0.00000000E+00 -1.18186706E-01
    0.543000      1   0.00000000E+00  0.00000000E+00  2.67346899E-03  0.00000000E+00  0.00000000E+00  0.00000000E+00  0.00000000E+00  0.00000000E+00  8.12673848E-02  0.00000000E+00  0.00000000E+00 -1.18198188E-01
    0.543500      1   0.00000000E+00  0.00000000E+00  2.60165596E-03  0.00000000E+00  0.00000000E+00  0.00000000E+00  0.00000000E+00  0.00000000E+00  8.12082782E-02  0.00000000E+00  0.00000000E+00 -1.18213075E-01
    0.544000      1   0.00000000E+00  0.00000000E+00  2.65983611E-03  0.00000000E+00  0.00000000E+00  0.00000000E+00  0.00000000E+00  0.00000000E+00  8.11491559E-02  0.00000000E+00  0.00000000E+00 -1.18244749E-01
    0.544500      1   0.00000000E+00  0.00000000E+00  2.69975497E-03  0.00000000E+00  0.00000000E+00  0.00000000E+00  0.00000000E+00  0.00000000E+00  8.10900143E-02  0.00000000E+00  0.00000000E+00 -1.18283071E-01
    0.545000      1   0.00000000E+00  0.00000000E+00  2.71675087E-03  0.00000000E+00  0.00000000E+00  0.00000000E+00  0.00000000E+00  0.00000000E+00  8.10308602E-02  0.00000000E+00  0.00000000E+00 -1.18308309E-01
    0.545500      1   0.00000000E+00  0.00000000E+00  2.74423057E-03  0.00000000E+00  0.00000000E+00  0.00000000E+00  0.00000000E+00  0.00000000E+00  8.09716974E-02  0.00000000E+00  0.00000000E+00 -1.18325490E-01
    0.546000      1   0.00000000E+00  0.00000000E+00  2.77197398E-03  0.00000000E+00  0.00000000E+00  0.00000000E+00  0.00000000E+00  0.00000000E+00  8.09125287E-02  0.00000000E+00  0.00000000E+00 -1.18337450E-01
    0.546500      1   0.00000000E+00  0.00000000E+00  2.75540872E-03  0.00000000E+00  0.00000000E+00  0.00000000E+00  0.00000000E+00  0.00000000E+00  8.08533575E-02  0.00000000E+00  0.00000000E+00 -1.18342445E-01
    0.547000      1   0.00000000E+00  0.00000000E+00  2.74057790E-03  0.00000000E+00  0.00000000E+00  0.00000000E+00  0.00000000E+00  0.00000000E+00  8.07941853E-02  0.00000000E+00  0.00000000E+00 -1.18344349E-01
    0.547500      1   0.00000000E+00  0.00000000E+00  2.66704085E-03  0.00000000E+00  0.00000000E+00  0.00000000E+00  0.00000000E+00  0.00000000E+00  8.07350102E-02  0.00000000E+00  0.00000000E+00 -1.18350284E-01
    0.548000      1   0.00000000E+00  0.00000000E+00  2.63320863E-03  0.00000000E+00  0.00000000E+00  0.00000000E+00  0.00000000E+00  0.00000000E+00  8.06758276E-02  0.00000000E+00  0.00000000E+00 -1.18365157E-01
    0.548500      1   0.00000000E+00  0.00000000E+00  2.66381441E-03  0.00000000E+00  0.00000000E+00  0.00000000E+00  0.00000000E+00  0.00000000E+00  8.06166300E-02  0.00000000E+00  0.00000000E+00 -1.18395096E-01
    0.549000      1   0.00000000E+00  0.00000000E+00  2.66930039E-03  0.00000000E+00  0.00000000E+00  0.00000000E+00  0.00000000E+00  0.00000000E+00  8.05574161E-02  0.00000000E+00  0.00000000E+00 -1.18427885E-01
    0.549500      1   0.00000000E+00  0.00000000E+00  2.70540804E-03  0.00000000E+00  0.00000000E+00  0.00000000E+00  0.00000000E+00  0.00000000E+00  8.04981885E-02  0.00000000E+00  0.00000000E+00 -1.18455163E-01
    0.550000      1   0.00000000E+00  0.00000000E+00  2.70602293E-03  0.00000000E+00  0.00000000E+00  0.00000000E+00  0.00000000E+00  0.00000000E+00  8.04389493E-02  0.00000000E+00  0.00000000E+00 -1.18478348E-01
    0.550500      1   0.00000000E+00  0.00000000E+00  2.74657356E-03  0.00000000E+00  0.00000000E+00  0.00000000E+00  0.00000000E+00  0.00000000E+00  8.03797016E-02  0.00000000E+00  0.00000000E+00 -1.18495549E-01
    0.551000      1   0.00000000E+00  0.00000000E+00  2.81199805E-03  0.00000000E+00  0.00000000E+00  0.00000000E+00  0.00000000E+00  0.00000000E+00  8.03204470E-02  0.00000000E+00  0.00000000E+00 -1.18509064E-01
    0.551500      1   0.00000000E+00  0.00000000E+00  2.75141034E-03  0.00000000E+00  0.00000000E+00  0.00000000E+00  0.00000000E+00  0.00000000E+00  8.02611920E-02  0.00000000E+00  0.00000000E+00 -1.18510135E-01
    0.552000      1   0.00000000E+00  0.00000000E+00  2.70112759E-03  0.00000000E+00  0.00000000E+00  0.00000000E+00  0.00000000E+00  0.00000000E+00  8.02019391E-02  0.00000000E+00  0.00000000E+00 -1.18505820E-01
    0.552500      1   0.00000000E+00  0.00000000E+00  2.65436505E-03  0.00000000E+00  0.00000000E+00  0.00000000E+00  0.00000000E+00  0.00000000E+00  8.01426811E-02  0.00000000E+00  0.00000000E+00 -1.18515900E-01
    0.553000      1   0.00000000E+00  0.00000000E+00  2.64335223E-03  0.00000000E+00  0.00000000E+00  0.00000000E+00  0.00000000E+00  0.00000000E+00  8.00834119E-02  0.00000000E+00  0.00000000E+00 -1.18538371E-01
    0.553500      1   0.00000000E+00  0.00000000E+00  2.65899039E-03  0.00000000E+00  0.00000000E+00  0.00000000E+00  0.00000000E+00  0.00000000E+00  8.00241272E-02  0.00000000E+00  0.00000000E+00 -1.18569495E-01
    0.554000      1   0.00000000E+00  0.00000000E+00  2.70810857E-03  0.00000000E+00  0.00000000E+00  0.00000000E+00  0.00000000E+00  0.00000000E+00  7.99648267E-02  0.00000000E+00  0.00000000E+00 -1.18601045E-01
    0.554500      1   0.00000000E+00  0.00000000E+00  2.68398002E-03  0.00000000E+00  0.00000000E+00  0.00000000E+00  0.00000000E+00  0.00000000E+00  7.99055138E-02  0.00000000E+00  0.00000000E+00 -1.18625684E-01
    0.555000      1   0.00000000E+00  0.00000000E+00  2.74408879E-03  0.00000000E+00  0.00000000E+00  0.00000000E+00  0.00000000E+00  0.00000000E+00  7.98461916E-02  0.00000000E+00  0.00000000E+00 -1.18644391E-01
    0.555500      1   0.00000000E+00  0.00000000E+00  2.83086951E-03  0.00000000E+00  0.00000000E+00  0.00000000E+00  0.00000000E+00  0.00000000E+00  7.97868607E-02  0.00000000E+00  0.00000000E+00 -1.18661745E-01
    0.556000      1   0.00000000E+00  0.00000000E+00  2.76707285E-03  0.00000000E+00  0.00000000E+00  0.00000000E+00  0.00000000E+00  0.00000000E+00  7.97275300E-02  0.00000000E+00  0.00000000E+00 -1.18661555E-01
    0.556500      1   0.00000000E+00  0.00000000E+00  2.75357064E-03  0.00000000E+00  0.00000000E+00  0.00000000E+00  0.00000000E+00  0.00000000E+00  7.96682036E-02  0.00000000E+00  0.00000000E+00 -1.18652756E-01
    0.557000      1   0.00000000E+00  0.00000000E+00  2.65309322E-03  0.00000000E+00  0.00000000E+00  0.00000000E+00  0.00000000E+00  0.00000000E+00  7.96088758E-02  0.00000000E+00  0.00000000E+00 -1.18655628E-01
    0.557500      1   0.00000000E+00  0.00000000E+00  2.59472923E-03  0.00000000E+00  0.00000000E+00  0.00000000E+00  0.00000000E+00  0.00000000E+00  7.95495410E-02  0.00000000E+00  0.00000000E+00 -1.18669600E-01
    0.558000      1   0.00000000E+00  0.00000000E+00  2.66973593E-03  0.00000000E+00  0.00000000E+00  0.00000000E+00  0.00000000E+00  0.00000000E+00  7.94901884E-02  0.00000000E+00  0.00000000E+00 -1.18705232E-01
    0.558500      1   0.00000000E+00  0.00000000E+00  2.68792508E-03  0.00000000E+00  0.00000000E+00  0.00000000E+00  0.00000000E+00  0.00000000E+00  7.94308165E-02  0.00000000E+00  0.00000000E+00 -1.18743816E-01
    0.559000      1   0.00000000E+00  0.00000000E+00  2.69795632E-03  0.00000000E+00  0.00000000E+00  0.00000000E+00  0.00000000E+00  0.00000000E+00  7.93714322E-02  0.00000000E+00  0.00000000E+00 -1.18768475E-01
    0.559500      1   0.00000000E+00  0.00000000E+00  2.74188987E-03  0.00000000E+00  0.00000000E+00  0.00000000E+00  0.00000000E+00  0.00000000E+00  7.93120376E-02  0.00000000E+00  0.00000000E+00 -1.18789260E-01
    0.560000      1   0.00000000E+00  0.00000000E+00  2.77698562E-03  0.00000000E+00  0.00000000E+00  0.00000000E+00  0.00000000E+00  0.00000000E+00  7.92526353E-02  0.00000000E+00  0.00000000E+00 -1.18804513E-01
    0.560500      1   0.00000000E+00  0.00000000E+00  2.76663192E-03  0.00000000E+00  0.00000000E+00  0.00000000E+00  0.00000000E+00  0.00000000E+00  7.91932306E-02  0.00000000E+00  0.00000000E+00 -1.18809449E-01
    0.561000      1   0.00000000E+00  0.00000000E+00  2.73668450E-03  0.00000000E+00  0.00000000E+00  0.00000000E+00  0.00000000E+00  0.00000000E+00  7.91338258E-02  0.00000000E+00  0.00000000E+00 -1.18809538E-01
    0.561500      1   0.00000000E+00  0.00000000E+00  2.71630088E-03  0.00000000E+00  0.00000000E+00  0.00000000E+00  0.00000000E+00  0.00000000E+00  7.90744188E-02  0.00000000E+00  0.00000000E+00 -1.18813975E-01
    0.562000      1   0.00000000E+00  0.00000000E+00  2.65515297E-03  0.00000000E+00  0.00000000E+00  0.00000000E+00  0.00000000E+00  0.00000000E+00  7.90150063E-02  0.00000000E+00  0.00000000E+00 -1.18825131E-01
    0.562500      1   0.00000000E+00  0.00000000E+00  2.67361286E-03  0.00000000E+00  0.00000000E+00  0.00000000E+00  0.00000000E+00  0.00000000E+00  7.89555838E-02  0.00000000E+00  0.00000000E+00 -1.18845041E-01
    0.563000      1   0.00000000E+00  0.00000000E+00  2.67923506E-03  0.00000000E+00  0.00000000E+00  0.00000000E+00  0.00000000E+00  0.00000000E+00  7.88961471E-02  0.00000000E+00  0.00000000E+00 -1.18873360E-01
    0.563500      1   0.00000000E+00  0.00000000E+00  2.72216565E-03  0.00000000E+00  0.00000000E+00  0.00000000E+00  0.00000000E+00  0.00000000E+00  7.88366980E-02  0.00000000E+00  0.00000000E+00 -1.18898151E-01
    0.564000      1   0.00000000E+00  0.00000000E+00  2.71123571E-03  0.00000000E+00  0.00000000E+00  0.00000000E+00  0.00000000E+00  0.00000000E+00  7.87772389E-02  0.00000000E+00  0.00000000E+00 -1.18918223E-01
    0.564500      1   0.00000000E+00  0.00000000E+00  2.72749368E-03  0.00000000E+00  0.00000000E+00  0.00000000E+00  0.00000000E+00  0.00000000E+00  7.87177728E-02  0.00000000E+00  0.00000000E+00 -1.18932211E-01
    0.565000      1   0.00000000E+00  0.00000000E+00  2.79760934E-03  0.00000000E+00  0.00000000E+00  0.00000000E+00  0.00000000E+00  0.00000000E+00  7.86582995E-02  0.00000000E+00  0.00000000E+00 -1.18946557E-01
    0.565500      1   0.00000000E+00  0.00000000E+00  2.76593353E-03  0.00000000E+00  0.00000000E+00  0.00000000E+00  0.00000000E+00  0.00000000E+00  7.85988235E-02  0.00000000E+00  0.00000000E+00 -1.18952033E-01
    0.566000      1   0.00000000E+00  0.00000000E+00  2.71057085E-03  0.00000000E+00  0.00000000E+00  0.00000000E+00  0.00000000E+00  0.00000000E+00  7.85393491E-02  0.00000000E+00  0.00000000E+00 -1.18948797E-01
    0.566500      1   0.00000000E+00  0.00000000E+00  2.64599033E-03  0.00000000E+00  0.00000000E+00  0.00000000E+00  0.00000000E+00  0.00000000E+00  7.84798713E-02  0.00000000E+00  0.00000000E+00 -1.18955657E-01
    0.567000      1   0.00000000E+00  0.00000000E+00  2.61342431E-03  0.00000000E+00  0.00000000E+00  0.00000000E+00  0.00000000E+00  0.00000000E+00  7.84203826E-02  0.00000000E+00  0.00000000E+00 -1.18977318E-01
    0.567500      1   0.00000000E+00  0.00000000E+00  2.66361576E-03  0.00000000E+00  0.00000000E+00  0.00000000E+00  0.00000000E+00  0.00000000E+00  7.83608764E-02  0.00000000E+00  0.00000000E+00 -1.19012464E-01
    0.568000      1   0.00000000E+00  0.00000000E+00  2.70687352E-03  0.00000000E+00  0.00000000E+00  0.00000000E+00  0.00000000E+00  0.00000000E+00  7.83013521E-02  0.00000000E+00  0.00000000E+00 -1.19048519E-01
    0.568500      1   0.00000000E+00  0.00000000E+00  2.69080725E-03  0.00000000E+00  0.00000000E+00  0.00000000E+00  0.00000000E+00  0.00000000E+00  7.82418159E-02  0.00000000E+00  0.00000000E+00 -1.19072508E-01
    0.569000      1   0.00000000E+00  0.00000000E+00  2.76106847E-03  0.00000000E+00  0.00000000E+00  0.00000000E+00  0.00000000E+00  0.00000000E+00  7.81822705E-02  0.00000000E+00  0.00000000E+00 -1.19090813E-01
    0.569500      1   0.00000000E+00  0.00000000E+00  2.84427636E-03  0.00000000E+00  0.00000000E+00  0.00000000E+00  0.00000000E+00  0.00000000E+00  7.81227177E-02  0.00000000E+00  0.00000000E+00 -1.19105545E-01
    0.570000      1   0.00000000E+00  0.00000000E+00  2.76068095E-03  0.00000000E+00  0.00000000E+00  0.00000000E+00  0.00000000E+00  0.00000000E+00  7.80631670E-02  0.00000000E+00  0.00000000E+00 -1.19101382E-01
    0.570500      1   0.00000000E+00  0.00000000E+00  2.75970827E-03  0.00000000E+00  0.00000000E+00  0.00000000E+00  0.00000000E+00  0.00000000E+00  7.80036215E-02  0.00000000E+00  0.00000000E+00 -1.19090947E-01
    0.571000      1   0.00000000E+00  0.00000000E+00  2.67872545E-03  0.00000000E+00  0.00000000E+00  0.00000000E+00  0.00000000E+00  0.00000000E+00  7.79440744E-02  0.00000000E+00  0.00000000E+00 -1.19094325E-01
    0.571500      1   0.00000000E+00  0.00000000E+00  2.61980698E-03  0.00000000E+00  0.00000000E+00  0.00000000E+00  0.00000000E+00  0.00000000E+00  7.78845218E-02  0.00000000E+00  0.00000000E+00 -1.19105023E-01
    0.572000      1   0.00000000E+00  0.00000000E+00  2.66487419E-03  0.00000000E+00  0.00000000E+00  0.00000000E+00  0.00000000E+00  0.00000000E+00  7.78249547E-02  0.00000000E+00  0.00000000E+00 -1.19134229E-01
    0.572500      1   0.00000000E+00  0.00000000E+00  2.69039249E-03  0.00000000E+00  0.00000000E+00  0.00000000E+00  0.00000000E+00  0.00000000E+00  7.77653702E-02  0.00000000E+00  0.00000000E+00 -1.19169125E-01
    0.573000      1   0.00000000E+00  0.00000000E+00  2.72816453E-03  0.00000000E+00  0.00000000E+00  0.00000000E+00  0.00000000E+00  0.00000000E+00  7.77057730E-02  0.00000000E+00  0.00000000E+00 -1.19194364E-01
    0.573500      1   0.00000000E+00  0.00000000E+00  2.73514390E-03  0.00000000E+00  0.00000000E+00  0.00000000E+00  0.00000000E+00  0.00000000E+00  7.76461670E-02  0.00000000E+00  0.00000000E+00 -1.19212073E-01
    0.574000      1   0.00000000E+00  0.00000000E+00  2.76719339E-03  0.00000000E+00  0.00000000E+00  0.00000000E+00  0.00000000E+00  0.00000000E+00  7.75865555E-02  0.00000000E+00  0.00000000E+00 -1.19222962E-01
    0.574500      1   0.00000000E+00  0.00000000E+00  2.75228095E-03  0.00000000E+00  0.00000000E+00  0.00000000E+00  0.00000000E+00  0.00000000E+00  7.75269405E-02  0.00000000E+00  0.00000000E+00 -1.19229872E-01
    0.575000      1   0.00000000E+00  0.00000000E+00  2.76254008E-03  0.00000000E+00  0.00000000E+00  0.00000000E+00  0.00000000E+00  0.00000000E+00  7.74673241E-02  0.00000000E+00  0.00000000E+00 -1.19232837E-01
    0.575500      1   0.00000000E+00  0.00000000E+00  2.70608673E-03  0.00000000E+00  0.00000000E+00  0.00000000E+00  0.00000000E+00  0.00000000E+00  7.74077054E-02  0.00000000E+00  0.00000000E+00 -1.19237344E-01
    0.576000      1   0.00000000E+00  0.00000000E+00  2.65123533E-03  0.00000000E+00  0.00000000E+00  0.00000000E+00  0.00000000E+00  0.00000000E+00  7.73480829E-02  0.00000000E+00  0.00000000E+00 -1.19245158E-01
    0.576500      1   0.00000000E+00  0.00000000E+00  2.66752613E-03  0.00000000E+00  0.00000000E+00  0.00000000E+00  0.00000000E+00  0.00000000E+00  7.72884493E-02  0.00000000E+00  0.00000000E+00 -1.19267092E-01
    0.577000      1   0.00000000E+00  0.00000000E+00  2.67476585E-03  0.00000000E+00  0.00000000E+00  0.00000000E+00  0.00000000E+00  0.00000000E+00  7.72288010E-02  0.00000000E+00  0.00000000E+00 -1.19296592E-01
    0.577500      1   0.00000000E+00  0.00000000E+00  2.71080091E-03  0.00000000E+00  0.00000000E+00  0.00000000E+00  0.00000000E+00  0.00000000E+00  7.71691396E-02  0.00000000E+00  0.00000000E+00 -1.19322778E-01
    0.578000      1   0.00000000E+00  0.00000000E+00  2.72166782E-03  0.00000000E+00  0.00000000E+00  0.00000000E+00  0.00000000E+00  0.00000000E+00  7.71094673E-02  0.00000000E+00  0.00000000E+00 -1.19344588E-01
    0.578500      1   0.00000000E+00  0.00000000E+00  2.76258832E-03  0.00000000E+00  0.00000000E+00  0.00000000E+00  0.00000000E+00  0.00000000E+00  7.70497876E-02  0.00000000E+00  0.00000000E+00 -1.19359520E-01
    0.579000      1   0.00000000E+00  0.00000000E+00  2.82203795E-03  0.00000000E+00  0.00000000E+00  0.00000000E+00  0.00000000E+00  0.00000000E+00  7.69901031E-02  0.00000000E+00  0.00000000E+00 -1.19369050E-01
    0.579500      1   0.00000000E+00  0.00000000E+00  2.75904294E-03  0.00000000E+00  0.00000000E+00  0.00000000E+00  0.00000000E+00  0.00000000E+00  7.69304198E-02  0.00000000E+00  0.00000000E+00 -1.19366604E-01
    0.580000      1   0.00000000E+00  0.00000000E+00  2.70981551E-03  0.00000000E+00  0.00000000E+00  0.00000000E+00  0.00000000E+00  0.00000000E+00  7.68707398E-02  0.00000000E+00  0.00000000E+00 -1.19359965E-01
    0.580500      1   0.00000000E+00  0.00000000E+00  2.65588339E-03  0.00000000E+00  0.00000000E+00  0.00000000E+00  0.00000000E+00  0.00000000E+00  7.68110558E-02  0.00000000E+00  0.00000000E+00 -1.19368024E-01
    0.581000      1   0.00000000E+00  0.00000000E+00  2.65218816E-03  0.00000000E+00  0.00000000E+00  0.00000000E+00  0.00000000E+00  0.00000000E+00  7.67513613E-02  0.00000000E+00  0.00000000E+00 -1.19388934E-01
    0.581500      1   0.00000000E+00  0.00000000E+00  2.66222110E-03  0.00000000E+00  0.00000000E+00  0.00000000E+00  0.00000000E+00  0.00000000E+00  7.66916518E-02  0.00000000E+00  0.00000000E+00 -1.19419028E-01
    0.582000      1   0.00000000E+00  0.00000000E+00  2.71892418E-03  0.00000000E+00  0.00000000E+00  0.00000000E+00  0.00000000E+00  0.00000000E+00  7.66319274E-02  0.00000000E+00  0.00000000E+00 -1.19448841E-01
    0.582500      1   0.00000000E+00  0.00000000E+00  2.69887093E-03  0.00000000E+00  0.00000000E+00  0.00000000E+00  0.00000000E+00  0.00000000E+00  7.65721914E-02  0.00000000E+00  0.00000000E+00 -1.19471993E-01
    0.583000      1   0.00000000E+00  0.00000000E+00  2.76101763E-03  0.00000000E+00  0.00000000E+00  0.00000000E+00  0.00000000E+00  0.00000000E+00  7.65124476E-02  0.00000000E+00  0.00000000E+00 -1.19487607E-01
    0.583500      1   0.00000000E+00  0.00000000E+00  2.83749928E-03  0.00000000E+00  0.00000000E+00  0.00000000E+00  0.00000000E+00  0.00000000E+00  7.64526970E-02  0.00000000E+00  0.00000000E+00 -1.19501019E-01
    0.584000      1   0.00000000E+00  0.00000000E+00  2.76992394E-03  0.00000000E+00  0.00000000E+00  0.00000000E+00  0.00000000E+00  0.00000000E+00  7.63929483E-02  0.00000000E+00  0.00000000E+00 -1.19497463E-01
    0.584500      1   0.00000000E+00  0.00000000E+00  2.75452423E-03  0.00000000E+00  0.00000000E+00  0.00000000E+00  0.00000000E+00  0.00000000E+00  7.63332047E-02  0.00000000E+00  0.00000000E+00 -1.19487324E-01
    0.585000      1   0.00000000E+00  0.00000000E+00  2.65720379E-03  0.00000000E+00  0.00000000E+00  0.00000000E+00  0.00000000E+00  0.00000000E+00  7.62734598E-02  0.00000000E+00  0.00000000E+00 -1.19489643E-01
    0.585500      1   0.00000000E+00  0.00000000E+00  2.60035836E-03  0.00000000E+00  0.00000000E+00  0.00000000E+00  0.00000000E+00  0.00000000E+00  7.62137083E-02  0.00000000E+00  0.00000000E+00 -1.19503095E-01
    0.586000      1   0.00000000E+00  0.00000000E+00  2.67350414E-03  0.00000000E+00  0.00000000E+00  0.00000000E+00  0.00000000E+00  0.00000000E+00  7.61539395E-02  0.00000000E+00  0.00000000E+00 -1.19537554E-01
    0.586500      1   0.00000000E+00  0.00000000E+00  2.71850766E-03  0.00000000E+00  0.00000000E+00  0.00000000E+00  0.00000000E+00  0.00000000E+00  7.60941521E-02  0.00000000E+00  0.00000000E+00 -1.19574881E-01
    0.587000      1   0.00000000E+00  0.00000000E+00  2.70126621E-03  0.00000000E+00  0.00000000E+00  0.00000000E+00  0.00000000E+00  0.00000000E+00  7.60343540E-02  0.00000000E+00  0.00000000E+00 -1.19596217E-01
    0.587500      1   0.00000000E+00  0.00000000E+00  2.76053762E-03  0.00000000E+00  0.00000000E+00  0.00000000E+00  0.00000000E+00  0.00000000E+00  7.59745481E-02  0.00000000E+00  0.00000000E+00 -1.19611687E-01
    0.588000      1   0.00000000E+00  0.00000000E+00  2.79321867E-03  0.00000000E+00  0.00000000E+00  0.00000000E+00  0.00000000E+00  0.00000000E+00  7.59147357E-02  0.00000000E+00  0.00000000E+00 -1.19624748E-01
    0.588500      1   0.00000000E+00  0.00000000E+00  2.78330299E-03  0.00000000E+00  0.00000000E+00  0.00000000E+00  0.00000000E+00  0.00000000E+00  7.58549231E-02  0.00000000E+00  0.00000000E+00 -1.19625187E-01
    0.589000      1   0.00000000E+00  0.00000000E+00  2.73778815E-03  0.00000000E+00  0.00000000E+00  0.00000000E+00  0.00000000E+00  0.00000000E+00  7.57951126E-02  0.00000000E+00  0.00000000E+00 -1.19621136E-01
    0.589500      1   0.00000000E+00  0.00000000E+00  2.69536152E-03  0.00000000E+00  0.00000000E+00  0.00000000E+00  0.00000000E+00  0.00000000E+00  7.57353012E-02  0.00000000E+00  0.00000000E+00 -1.19622737E-01
    0.590000      1   0.00000000E+00  0.00000000E+00  2.64463182E-03  0.00000000E+00  0.00000000E+00  0.00000000E+00  0.00000000E+00  0.00000000E+00  7.56754834E-02  0.00000000E+00  0.00000000E+00 -1.19635564E-01
    0.590500      1   0.00000000E+00  0.00000000E+00  2.68639641E-03  0.00000000E+00  0.00000000E+00  0.00000000E+00  0.00000000E+00  0.00000000E+00  7.56156535E-02  0.00000000E+00  0.00000000E+00 -1.19659843E-01
    0.591000      1   0.00000000E+00  0.00000000E+00  2.69243780E-03  0.00000000E+00  0.00000000E+00  0.00000000E+00  0.00000000E+00  0.00000000E+00  7.55558091E-02  0.00000000E+00  0.00000000E+00 -1.19688759E-01
    0.591500      1   0.00000000E+00  0.00000000E+00  2.72861893E-03  0.00000000E+00  0.00000000E+00  0.00000000E+00  0.00000000E+00  0.00000000E+00  7.54959540E-02  0.00000000E+00  0.00000000E+00 -1.19710284E-01
    0.592000      1   0.00000000E+00  0.00000000E+00  2.71558434E-03  0.00000000E+00  0.00000000E+00  0.00000000E+00  0.00000000E+00  0.00000000E+00  7.54360902E-02  0.00000000E+00  0.00000000E+00 -1.19727617E-01
    0.592500      1   0.00000000E+00  0.00000000E+00  2.73787450E-03  0.00000000E+00  0.00000000E+00  0.00000000E+00  0.00000000E+00  0.00000000E+00  7.53762201E-02  0.00000000E+00  0.00000000E+00 -1.19740161E-01
    0.593000      1   0.00000000E+00  0.00000000E+00  2.77830021E-03  0.00000000E+00  0.00000000E+00  0.00000000E+00  0.00000000E+00  0.00000000E+00  7.53163437E-02  0.00000000E+00  0.00000000E+00 -1.19752875E-01
    0.593500      1   0.00000000E+00  0.00000000E+00  2.80024073E-03  0.00000000E+00  0.00000000E+00  0.00000000E+00  0.00000000E+00  0.00000000E+00  7.52564645E-02  0.00000000E+00  0.00000000E+00 -1.19758354E-01
    0.594000      1   0.00000000E+00  0.00000000E+00  2.72163906E-03  0.00000000E+00  0.00000000E+00  0.00000000E+00  0.00000000E+00  0.00000000E+00  7.51965869E-02  0.00000000E+00  0.00000000E+00 -1.19755255E-01
    0.594500      1   0.00000000E+00  0.00000000E+00  2.66401340E-03  0.00000000E+00  0.00000000E+00  0.00000000E+00  0.00000000E+00  0.00000000E+00  7.51367091E-02  0.00000000E+00  0.00000000E+00 -1.19755503E-01
    0.595000      1   0.00000000E+00  0.00000000E+00  2.65328131E-03  0.00000000E+00  0.00000000E+00  0.00000000E+00  0.00000000E+00  0.00000000E+00  7.50768222E-02  0.00000000E+00  0.00000000E+00 -1.19773753E-01
    0.595500      1   0.00000000E+00  0.00000000E+00  2.65293466E-03  0.00000000E+00  0.00000000E+00  0.00000000E+00  0.00000000E+00  0.00000000E+00  7.50169210E-02  0.00000000E+00  0.00000000E+00 -1.19802415E-01
    0.596000      1   0.00000000E+00  0.00000000E+00  2.69797151E-03  0.00000000E+00  0.00000000E+00  0.00000000E+00  0.00000000E+00  0.00000000E+00  7.49570046E-02  0.00000000E+00  0.00000000E+00 -1.19832870E-01
    0.596500      1   0.00000000E+00  0.00000000E+00  2.72548894E-03  0.00000000E+00  0.00000000E+00  0.00000000E+00  0.00000000E+00  0.00000000E+00  7.48970749E-02  0.00000000E+00  0.00000000E+00 -1.19859399E-01
    0.597000      1   0.00000000E+00  0.00000000E+00  2.79586823E-03  0.00000000E+00  0.00000000E+00  0.00000000E+00  0.00000000E+00  0.00000000E+00  7.48371368E-02  0.00000000E+00  0.00000000E+00 -1.19876100E-01
    0.597500      1   0.00000000E+00  0.00000000E+00  2.82910527E-03  0.00000000E+00  0.00000000E+00  0.00000000E+00  0.00000000E+00  0.00000000E+00  7.47771958E-02  0.00000000E+00  0.00000000E+00 -1.19882060E-01
    0.598000      1   0.00000000E+00  0.00000000E+00  2.73658128E-03  0.00000000E+00  0.00000000E+00  0.00000000E+00  0.00000000E+00  0.00000000E+00  7.47172590E-02  0.00000000E+00  0.00000000E+00 -1.19873524E-01
    0.598500      1   0.00000000E+00  0.00000000E+00  2.74828402E-03  0.00000000E+00  0.00000000E+00  0.00000000E+00  0.00000000E+00  0.00000000E+00  7.46573252E-02  0.00000000E+00  0.00000000E+00 -1.19867711E-01
    0.599000      1   0.00000000E+00  0.00000000E+00  2.67315381E-03  0.00000000E+00  0.00000000E+00  0.00000000E+00  0.00000000E+00  0.00000000E+00  7.45973872E-02  0.00000000E+00  0.00000000E+00 -1.19876056E-01
    0.599500      1   0.00000000E+00  0.00000000E+00  2.61209430E-03  0.00000000E+00  0.00000000E+00  0.00000000E+00  0.00000000E+00  0.00000000E+00  7.45374426E-02  0.00000000E+00  0.00000000E+00 -1.19889123E-01
    0.600000      1   0.00000000E+00  0.00000000E+00  2.67717318E-03  0.00000000E+00  0.00000000E+00  0.00000000E+00  0.00000000E+00  0.00000000E+00  7.44774826E-02  0.00000000E+00  0.00000000E+00 -1.19919926E-01
    0.600500      1   0.00000000E+00  0.00000000E+00  2.73714969E-03  0.00000000E+00  0.00000000E+00  0.00000000E+00  0.00000000E+00  0.00000000E+00  7.44175051E-02  0.00000000E+00  0.00000000E+00 -1.19955001E-01
    0.601000      1   0.00000000E+00  0.00000000E+00  2.72170515E-03  0.00000000E+00  0.00000000E+00  0.00000000E+00  0.00000000E+00  0.00000000E+00  7.43575181E-02  0.00000000E+00  0.00000000E+00 -1.19974086E-01
    0.601500      1   0.00000000E+00  0.00000000E+00  2.75346365E-03  0.00000000E+00  0.00000000E+00  0.00000000E+00  0.00000000E+00  0.00000000E+00  7.42975257E-02  0.00000000E+00  0.00000000E+00 -1.19984688E-01
    0.602000      1   0.00000000E+00  0.00000000E+00  2.79520137E-03  0.00000000E+00  0.00000000E+00  0.00000000E+00  0.00000000E+00  0.00000000E+00  7.42375282E-02  0.00000000E+00  0.00000000E+00 -1.19995018E-01
    0.602500      1   0.00000000E+00  0.00000000E+00  2.78916469E-03  0.00000000E+00  0.00000000E+00  0.00000000E+00  0.00000000E+00  0.00000000E+00  7.41775300E-02  0.00000000E+00  0.00000000E+00 -1.19996443E-01
    0.603000      1   0.00000000E+00  0.00000000E+00  2.78295226E-03  0.00000000E+00  0.00000000E+00  0.00000000E+00  0.00000000E+00  0.00000000E+00  7.41175342E-02  0.00000000E+00  0.00000000E+00 -1.19991548E-01
    0.603500      1   0.00000000E+00  0.00000000E+00  2.67759975E-03  0.00000000E+00  0.00000000E+00  0.00000000E+00  0.00000000E+00  0.00000000E+00  7.40575401E-02  0.00000000E+00  0.00000000E+00 -1.19988194E-01
    0.604000      1   0.00000000E+00  0.00000000E+00  2.61334730E-03  0.00000000E+00  0.00000000E+00  0.00000000E+00  0.00000000E+00  0.00000000E+00  7.39975426E-02  0.00000000E+00  0.00000000E+00 -1.19995175E-01
    0.604500      1   0.00000000E+00  0.00000000E+00  2.67323967E-03  0.00000000E+00  0.00000000E+00  0.00000000E+00  0.00000000E+00  0.00000000E+00  7.39375300E-02  0.00000000E+00  0.00000000E+00 -1.20025136E-01
    0.605000      1   0.00000000E+00  0.00000000E+00  2.69560592E-03  0.00000000E+00  0.00000000E+00  0.00000000E+00  0.00000000E+00  0.00000000E+00  7.38774998E-02  0.00000000E+00  0.00000000E+00 -1.20060353E-01
    0.605500      1   0.00000000E+00  0.00000000E+00  2.71404624E-03  0.00000000E+00  0.00000000E+00  0.00000000E+00  0.00000000E+00  0.00000000E+00  7.38174579E-02  0.00000000E+00  0.00000000E+00 -1.20083758E-01
    0.606000      1   0.00000000E+00  0.00000000E+00  2.75296631E-03  0.00000000E+00  0.00000000E+00  0.00000000E+00  0.00000000E+00  0.00000000E+00  7.37574070E-02  0.00000000E+00  0.00000000E+00 -1.20101859E-01
    0.606500      1   0.00000000E+00  0.00000000E+00  2.79126039E-03  0.00000000E+00  0.00000000E+00  0.00000000E+00  0.00000000E+00  0.00000000E+00  7.36973503E-02  0.00000000E+00  0.00000000E+00 -1.20113491E-01
    0.607000      1   0.00000000E+00  0.00000000E+00  2.77896061E-03  0.00000000E+00  0.00000000E+00  0.00000000E+00  0.00000000E+00  0.00000000E+00  7.36372926E-02  0.00000000E+00  0.00000000E+00 -1.20115346E-01
    0.607500      1   0.00000000E+00  0.00000000E+00  2.74933541E-03  0.00000000E+00  0.00000000E+00  0.00000000E+00  0.00000000E+00  0.00000000E+00  7.35772366E-02  0.00000000E+00  0.00000000E+00 -1.20112000E-01
    0.608000      1   0.00000000E+00  0.00000000E+00  2.72354437E-03  0.00000000E+00  0.00000000E+00  0.00000000E+00  0.00000000E+00  0.00000000E+00  7.35171799E-02  0.00000000E+00  0.00000000E+00 -1.20113294E-01
    0.608500      1   0.00000000E+00  0.00000000E+00  2.66865836E-03  0.00000000E+00  0.00000000E+00  0.00000000E+00  0.00000000E+00  0.00000000E+00  7.34571191E-02  0.00000000E+00  0.00000000E+00 -1.20121732E-01
    0.609000      1   0.00000000E+00  0.00000000E+00  2.68369776E-03  0.00000000E+00  0.00000000E+00  0.00000000E+00  0.00000000E+00  0.00000000E+00  7.33970494E-02  0.00000000E+00  0.00000000E+00 -1.20139259E-01
    0.609500      1   0.00000000E+00  0.00000000E+00  2.69033592E-03  0.00000000E+00  0.00000000E+00  0.00000000E+00  0.00000000E+00  0.00000000E+00  7.33369672E-02  0.00000000E+00  0.00000000E+00 -1.20164469E-01
    0.610000      1   0.00000000E+00  0.00000000E+00  2.73890813E-03  0.00000000E+00  0.00000000E+00  0.00000000E+00  0.00000000E+00  0.00000000E+00  7.32768739E-02  0.00000000E+00  0.00000000E+00 -1.20186622E-01
    0.610500      1   0.00000000E+00  0.00000000E+00  2.71978881E-03  0.00000000E+00  0.00000000E+00  0.00000000E+00  0.00000000E+00  0.00000000E+00  7.32167722E-02  0.00000000E+00  0.00000000E+00 -1.20203390E-01
    0.611000      1   0.00000000E+00  0.00000000E+00  2.73885902E-03  0.00000000E+00  0.00000000E+00  0.00000000E+00  0.00000000E+00  0.00000000E+00  7.31566653E-02  0.00000000E+00  0.00000000E+00 -1.20213873E-01
    0.611500      1   0.00000000E+00  0.00000000E+00  2.78831782E-03  0.00000000E+00  0.00000000E+00  0.00000000E+00  0.00000000E+00  0.00000000E+00  7.30965524E-02  0.00000000E+00  0.00000000E+00 -1.20225810E-01
    0.612000      1   0.00000000E+00  0.00000000E+00  2.78830685E-03  0.00000000E+00  0.00000000E+00  0.00000000E+00  0.00000000E+00  0.00000000E+00  7.30364372E-02  0.00000000E+00  0.00000000E+00 -1.20230241E-01
    0.612500      1   0.00000000E+00  0.00000000E+00  2.72375698E-03  0.00000000E+00  0.00000000E+00  0.00000000E+00  0.00000000E+00  0.00000000E+00  7.29763240E-02  0.00000000E+00  0.00000000E+00 -1.20226552E-01
    0.613000      1   0.00000000E+00  0.00000000E+00  2.67980682E-03  0.00000000E+00  0.00000000E+00  0.00000000E+00  0.00000000E+00  0.00000000E+00  7.29162097E-02  0.00000000E+00  0.00000000E+00 -1.20228573E-01
    0.613500      1   0.00000000E+00  0.00000000E+00  2.66855209E-03  0.00000000E+00  0.00000000E+00  0.00000000E+00  0.00000000E+00  0.00000000E+00  7.28560871E-02  0.00000000E+00  0.00000000E+00 -1.20245079E-01
    0.614000      1   0.00000000E+00  0.00000000E+00  2.65983165E-03  0.00000000E+00  0.00000000E+00  0.00000000E+00  0.00000000E+00  0.00000000E+00  7.27959522E-02  0.00000000E+00  0.00000000E+00 -1.20269797E-01
    0.614500      1   0.00000000E+00  0.00000000E+00  2.70010556E-03  0.00000000E+00  0.00000000E+00  0.00000000E+00  0.00000000E+00  0.00000000E+00  7.27358037E-02  0.00000000E+00  0.00000000E+00 -1.20297134E-01
    0.615000      1   0.00000000E+00  0.00000000E+00  2.72818770E-03  0.00000000E+00  0.00000000E+00  0.00000000E+00  0.00000000E+00  0.00000000E+00  7.26756425E-02  0.00000000E+00  0.00000000E+00 -1.20322343E-01
    0.615500      1   0.00000000E+00  0.00000000E+00  2.79915994E-03  0.00000000E+00  0.00000000E+00  0.00000000E+00  0.00000000E+00  0.00000000E+00  7.26154733E-02  0.00000000E+00  0.00000000E+00 -1.20338455E-01
    0.616000      1   0.00000000E+00  0.00000000E+00  2.83625955E-03  0.00000000E+00  0.00000000E+00  0.00000000E+00  0.00000000E+00  0.00000000E+00  7.25553014E-02  0.00000000E+00  0.00000000E+00 -1.20343680E-01
    0.616500      1   0.00000000E+00  0.00000000E+00  2.74453754E-03  0.00000000E+00  0.00000000E+00  0.00000000E+00  0.00000000E+00  0.00000000E+00  7.24951344E-02  0.00000000E+00  0.00000000E+00 -1.20333971E-01
    0.617000      1   0.00000000E+00  0.00000000E+00  2.75283344E-03  0.00000000E+00  0.00000000E+00  0.00000000E+00  0.00000000E+00  0.00000000E+00  7.24349713E-02  0.00000000E+00  0.00000000E+00 -1.20326280E-01
    0.617500      1   0.00000000E+00  0.00000000E+00  2.67670456E-03  0.00000000E+00  0.00000000E+00  0.00000000E+00  0.00000000E+00  0.00000000E+00  7.23748049E-02  0.00000000E+00  0.00000000E+00 -1.20332917E-01
    0.618000      1   0.00000000E+00  0.00000000E+00  2.61724354E-03  0.00000000E+00  0.00000000E+00  0.00000000E+00  0.00000000E+00  0.00000000E+00  7.23146324E-02  0.00000000E+00  0.00000000E+00 -1.20344922E-01
    0.618500      1   0.00000000E+00  0.00000000E+00  2.68095544E-03  0.00000000E+00  0.00000000E+00  0.00000000E+00  0.00000000E+00  0.00000000E+00  7.22544450E-02  0.00000000E+00  0.00000000E+00 -1.20374687E-01
    0.619000      1   0.00000000E+00  0.00000000E+00  2.74080000E-03  0.00000000E+00  0.00000000E+00  0.00000000E+00  0.00000000E+00  0.00000000E+00  7.21942408E-02  0.00000000E+00  0.00000000E+00 -1.20408581E-01
    0.619500      1   0.00000000E+00  0.00000000E+00  2.71568594E-03  0.00000000E+00  0.00000000E+00  0.00000000E+00  0.00000000E+00  0.00000000E+00  7.21340274E-02  0.00000000E+00  0.00000000E+00 -1.20426723E-01
    0.620000      1   0.00000000E+00  0.00000000E+00  2.75868401E-03  0.00000000E+00  0.00000000E+00  0.00000000E+00  0.00000000E+00  0.00000000E+00  7.20738088E-02  0.00000000E+00  0.00000000E+00 -1.20437258E-01
    0.620500      1   0.00000000E+00  0.00000000E+00  2.80334941E-03  0.00000000E+00  0.00000000E+00  0.00000000E+00  0.00000000E+00  0.00000000E+00  7.20135847E-02  0.00000000E+00  0.00000000E+00 -1.20448115E-01
    0.621000      1   0.00000000E+00  0.00000000E+00  2.79699213E-03  0.00000000E+00  0.00000000E+00  0.00000000E+00  0.00000000E+00  0.00000000E+00  7.19533607E-02  0.00000000E+00  0.00000000E+00 -1.20447962E-01
    0.621500      1   0.00000000E+00  0.00000000E+00  2.79985620E-03  0.00000000E+00  0.00000000E+00  0.00000000E+00  0.00000000E+00  0.00000000E+00  7.18931402E-02  0.00000000E+00  0.00000000E+00 -1.20441037E-01
    0.622000      1   0.00000000E+00  0.00000000E+00  2.68323340E-03  0.00000000E+00  0.00000000E+00  0.00000000E+00  0.00000000E+00  0.00000000E+00  7.18329228E-02  0.00000000E+00  0.00000000E+00 -1.20434903E-01
    0.622500      1   0.00000000E+00  0.00000000E+00  2.60852861E-03  0.00000000E+00  0.00000000E+00  0.00000000E+00  0.00000000E+00  0.00000000E+00  7.17727035E-02  0.00000000E+00  0.00000000E+00 -1.20438610E-01
    0.623000      1   0.00000000E+00  0.00000000E+00  2.67800617E-03  0.00000000E+00  0.00000000E+00  0.00000000E+00  0.00000000E+00  0.00000000E+00  7.17124694E-02  0.00000000E+00  0.00000000E+00 -1.20468073E-01
    0.623500      1   0.00000000E+00  0.00000000E+00  2.71884187E-03  0.00000000E+00  0.00000000E+00  0.00000000E+00  0.00000000E+00  0.00000000E+00  7.16522176E-02  0.00000000E+00  0.00000000E+00 -1.20503659E-01
    0.624000      1   0.00000000E+00  0.00000000E+00  2.71428053E-03  0.00000000E+00  0.00000000E+00  0.00000000E+00  0.00000000E+00  0.00000000E+00  7.15919555E-02  0.00000000E+00  0.00000000E+00 -1.20524226E-01
    0.624500      1   0.00000000E+00  0.00000000E+00  2.76001841E-03  0.00000000E+00  0.00000000E+00  0.00000000E+00  0.00000000E+00  0.00000000E+00  7.15316862E-02  0.00000000E+00  0.00000000E+00 -1.20538491E-01
    0.625000      1   0.00000000E+00  0.00000000E+00  2.80128269E-03  0.00000000E+00  0.00000000E+00  0.00000000E+00  0.00000000E+00  0.00000000E+00  7.14714115E-02  0.00000000E+00  0.00000000E+00 -1.20549461E-01
    0.625500      1   0.00000000E+00  0.00000000E+00  2.78833717E-03  0.00000000E+00  0.00000000E+00  0.00000000E+00  0.00000000E+00  0.00000000E+00  7.14111369E-02  0.00000000E+00  0.00000000E+00 -1.20549272E-01
    0.626000      1   0.00000000E+00  0.00000000E+00  2.75684009E-03  0.00000000E+00  0.00000000E+00  0.00000000E+00  0.00000000E+00  0.00000000E+00  7.13508651E-02  0.00000000E+00  0.00000000E+00 -1.20543452E-01
    0.626500      1   0.00000000E+00  0.00000000E+00  2.71268426E-03  0.00000000E+00  0.00000000E+00  0.00000000E+00  0.00000000E+00  0.00000000E+00  7.12905939E-02  0.00000000E+00  0.00000000E+00 -1.20542542E-01
    0.627000      1   0.00000000E+00  0.00000000E+00  2.65428580E-03  0.00000000E+00  0.00000000E+00  0.00000000E+00  0.00000000E+00  0.00000000E+00  7.12303185E-02  0.00000000E+00  0.00000000E+00 -1.20550709E-01
    0.627500      1   0.00000000E+00  0.00000000E+00  2.69867725E-03  0.00000000E+00  0.00000000E+00  0.00000000E+00  0.00000000E+00  0.00000000E+00  7.11700329E-02  0.00000000E+00  0.00000000E+00 -1.20571290E-01
    0.628000      1   0.00000000E+00  0.00000000E+00  2.70935071E-03  0.00000000E+00  0.00000000E+00  0.00000000E+00  0.00000000E+00  0.00000000E+00  7.11097341E-02  0.00000000E+00  0.00000000E+00 -1.20597535E-01
    0.628500      1   0.00000000E+00  0.00000000E+00  2.73321705E-03  0.00000000E+00  0.00000000E+00  0.00000000E+00  0.00000000E+00  0.00000000E+00  7.10494263E-02  0.00000000E+00  0.00000000E+00 -1.20615547E-01
    0.629000      1   0.00000000E+00  0.00000000E+00  2.73110699E-03  0.00000000E+00  0.00000000E+00  0.00000000E+00  0.00000000E+00  0.00000000E+00  7.09891115E-02  0.00000000E+00  0.00000000E+00 -1.20629696E-01
    0.629500      1   0.00000000E+00  0.00000000E+00  2.74060491E-03  0.00000000E+00  0.00000000E+00  0.00000000E+00  0.00000000E+00  0.00000000E+00  7.09287914E-02  0.00000000E+00  0.00000000E+00 -1.20640113E-01
    0.630000      1   0.00000000E+00  0.00000000E+00  2.77814169E-03  0.00000000E+00  0.00000000E+00  0.00000000E+00  0.00000000E+00  0.00000000E+00  7.08684664E-02  0.00000000E+00  0.00000000E+00 -1.20650036E-01
    0.630500      1   0.00000000E+00  0.00000000E+00  2.80507599E-03  0.00000000E+00  0.00000000E+00  0.00000000E+00  0.00000000E+00  0.00000000E+00  7.08081389E-02  0.00000000E+00  0.00000000E+00 -1.20655081E-01
    0.631000      1   0.00000000E+00  0.00000000E+00  2.73375994E-03  0.00000000E+00  0.00000000E+00  0.00000000E+00  0.00000000E+00  0.00000000E+00  7.07478131E-02  0.00000000E+00  0.00000000E+00 -1.20651580E-01
    0.631500      1   0.00000000E+00  0.00000000E+00  2.66298386E-03  0.00000000E+00  0.00000000E+00  0.00000000E+00  0.00000000E+00  0.00000000E+00  7.06874881E-02  0.00000000E+00  0.00000000E+00 -1.20649963E-01
    0.632000      1   0.00000000E+00  0.00000000E+00  2.66717823E-03  0.00000000E+00  0.00000000E+00  0.00000000E+00  0.00000000E+00  0.00000000E+00  7.06271549E-02  0.00000000E+00  0.00000000E+00 -1.20666314E-01
    0.632500      1   0.00000000E+00  0.00000000E+00  2.66201617E-03  0.00000000E+00  0.00000000E+00  0.00000000E+00  0.00000000E+00  0.00000000E+00  7.05668080E-02  0.00000000E+00  0.00000000E+00 -1.20693916E-01
    0.633000      1   0.00000000E+00  0.00000000E+00  2.72148119E-03  0.00000000E+00  0.00000000E+00  0.00000000E+00  0.00000000E+00  0.00000000E+00  7.05064473E-02  0.00000000E+00  0.00000000E+00 -1.20721286E-01
    0.633500      1   0.00000000E+00  0.00000000E+00  2.75201514E-03  0.00000000E+00  0.00000000E+00  0.00000000E+00  0.00000000E+00  0.00000000E+00  7.04460752E-02  0.00000000E+00  0.00000000E+00 -1.20744245E-01
    0.634000      1   0.00000000E+00  0.00000000E+00  2.79383798E-03  0.00000000E+00  0.00000000E+00  0.00000000E+00  0.00000000E+00  0.00000000E+00  7.03856978E-02  0.00000000E+00  0.00000000E+00 -1.20754740E-01
    0.634500      1   0.00000000E+00  0.00000000E+00  2.84826239E-03  0.00000000E+00  0.00000000E+00  0.00000000E+00  0.00000000E+00  0.00000000E+00  7.03253196E-02  0.00000000E+00  0.00000000E+00 -1.20756524E-01
    0.635000      1   0.00000000E+00  0.00000000E+00  2.76371654E-03  0.00000000E+00  0.00000000E+00  0.00000000E+00  0.00000000E+00  0.00000000E+00  7.02649463E-02  0.00000000E+00  0.00000000E+00 -1.20746627E-01
    0.635500      1   0.00000000E+00  0.00000000E+00  2.71921507E-03  0.00000000E+00  0.00000000E+00  0.00000000E+00  0.00000000E+00  0.00000000E+00  7.02045786E-02  0.00000000E+00  0.00000000E+00 -1.20735269E-01
    0.636000      1   0.00000000E+00  0.00000000E+00  2.66937741E-03  0.00000000E+00  0.00000000E+00  0.00000000E+00  0.00000000E+00  0.00000000E+00  7.01442078E-02  0.00000000E+00  0.00000000E+00 -1.20741729E-01
    0.636500      1   0.00000000E+00  0.00000000E+00  2.66941348E-03  0.00000000E+00  0.00000000E+00  0.00000000E+00  0.00000000E+00  0.00000000E+00  7.00838278E-02  0.00000000E+00  0.00000000E+00 -1.20759903E-01
    0.637000      1   0.00000000E+00  0.00000000E+00  2.68403976E-03  0.00000000E+00  0.00000000E+00  0.00000000E+00  0.00000000E+00  0.00000000E+00  7.00234347E-02  0.00000000E+00  0.00000000E+00 -1.20786258E-01
    0.637500      1   0.00000000E+00  0.00000000E+00  2.72874887E-03  0.00000000E+00  0.00000000E+00  0.00000000E+00  0.00000000E+00  0.00000000E+00  6.99630290E-02  0.00000000E+00  0.00000000E+00 -1.20811313E-01
    0.638000      1   0.00000000E+00  0.00000000E+00  2.71412641E-03  0.00000000E+00  0.00000000E+00  0.00000000E+00  0.00000000E+00  0.00000000E+00  6.99026140E-02  0.00000000E+00  0.00000000E+00 -1.20830014E-01
    0.638500      1   0.00000000E+00  0.00000000E+00  2.76916024E-03  0.00000000E+00  0.00000000E+00  0.00000000E+00  0.00000000E+00  0.00000000E+00  6.98421927E-02  0.00000000E+00  0.00000000E+00 -1.20842666E-01
    0.639000      1   0.00000000E+00  0.00000000E+00  2.84896595E-03  0.00000000E+00  0.00000000E+00  0.00000000E+00  0.00000000E+00  0.00000000E+00  6.97817663E-02  0.00000000E+00  0.00000000E+00 -1.20852852E-01
    0.639500      1   0.00000000E+00  0.00000000E+00  2.78009574E-03  0.00000000E+00  0.00000000E+00  0.00000000E+00  0.00000000E+00  0.00000000E+00  6.97213428E-02  0.00000000E+00  0.00000000E+00 -1.20846946E-01
    0.640000      1   0.00000000E+00  0.00000000E+00  2.76993860E-03  0.00000000E+00  0.00000000E+00  0.00000000E+00  0.00000000E+00  0.00000000E+00  6.96609258E-02  0.00000000E+00  0.00000000E+00 -1.20834024E-01
    0.640500      1   0.00000000E+00  0.00000000E+00  2.68608082E-03  0.00000000E+00  0.00000000E+00  0.00000000E+00  0.00000000E+00  0.00000000E+00  6.96005091E-02  0.00000000E+00  0.00000000E+00 -1.20833310E-01
    0.641000      1   0.00000000E+00  0.00000000E+00  2.60519897E-03  0.00000000E+00  0.00000000E+00  0.00000000E+00  0.00000000E+00  0.00000000E+00  6.95400883E-02  0.00000000E+00  0.00000000E+00 -1.20841678E-01
    0.641500      1   0.00000000E+00  0.00000000E+00  2.67731818E-03  0.00000000E+00  0.00000000E+00  0.00000000E+00  0.00000000E+00  0.00000000E+00  6.94796528E-02  0.00000000E+00  0.00000000E+00 -1.20870967E-01
    0.642000      1   0.00000000E+00  0.00000000E+00  2.71857649E-03  0.00000000E+00  0.00000000E+00  0.00000000E+00  0.00000000E+00  0.00000000E+00  6.94191992E-02  0.00000000E+00  0.00000000E+00 -1.20907162E-01
    0.642500      1   0.00000000E+00  0.00000000E+00  2.72621147E-03  0.00000000E+00  0.00000000E+00  0.00000000E+00  0.00000000E+00  0.00000000E+00  6.93587353E-02  0.00000000E+00  0.00000000E+00 -1.20927865E-01
    0.643000      1   0.00000000E+00  0.00000000E+00  2.78671685E-03  0.00000000E+00  0.00000000E+00  0.00000000E+00  0.00000000E+00  0.00000000E+00  6.92982647E-02  0.00000000E+00  0.00000000E+00 -1.20941119E-01
    0.643500      1   0.00000000E+00  0.00000000E+00  2.82312235E-03  0.00000000E+00  0.00000000E+00  0.00000000E+00  0.00000000E+00  0.00000000E+00  6.92377908E-02  0.00000000E+00  0.00000000E+00 -1.20947769E-01
    0.644000      1   0.00000000E+00  0.00000000E+00  2.78108236E-03  0.00000000E+00  0.00000000E+00  0.00000000E+00  0.00000000E+00  0.00000000E+00  6.91773202E-02  0.00000000E+00  0.00000000E+00 -1.20941265E-01
    0.644500      1   0.00000000E+00  0.00000000E+00  2.77897195E-03  0.00000000E+00  0.00000000E+00  0.00000000E+00  0.00000000E+00  0.00000000E+00  6.91168540E-02  0.00000000E+00  0.00000000E+00 -1.20932499E-01
    0.645000      1   0.00000000E+00  0.00000000E+00  2.70812310E-03  0.00000000E+00  0.00000000E+00  0.00000000E+00  0.00000000E+00  0.00000000E+00  6.90563885E-02  0.00000000E+00  0.00000000E+00 -1.20930824E-01
    0.645500      1   0.00000000E+00  0.00000000E+00  2.64243231E-03  0.00000000E+00  0.00000000E+00  0.00000000E+00  0.00000000E+00  0.00000000E+00  6.89959207E-02  0.00000000E+00  0.00000000E+00 -1.20935760E-01
    0.646000      1   0.00000000E+00  0.00000000E+00  2.69474111E-03  0.00000000E+00  0.00000000E+00  0.00000000E+00  0.00000000E+00  0.00000000E+00  6.89354416E-02  0.00000000E+00  0.00000000E+00 -1.20958138E-01
    0.646500      1   0.00000000E+00  0.00000000E+00  2.71256732E-03  0.00000000E+00  0.00000000E+00  0.00000000E+00  0.00000000E+00  0.00000000E+00  6.88749483E-02  0.00000000E+00  0.00000000E+00 -1.20986677E-01
    0.647000      1   0.00000000E+00  0.00000000E+00  2.73447839E-03  0.00000000E+00  0.00000000E+00  0.00000000E+00  0.00000000E+00  0.00000000E+00  6.88144457E-02  0.00000000E+00  0.00000000E+00 -1.21005051E-01
    0.647500      1   0.00000000E+00  0.00000000E+00  2.75039093E-03  0.00000000E+00  0.00000000E+00  0.00000000E+00  0.00000000E+00  0.00000000E+00  6.87539365E-02  0.00000000E+00  0.00000000E+00 -1.21018561E-01
    0.648000      1   0.00000000E+00  0.00000000E+00  2.80898155E-03  0.00000000E+00  0.00000000E+00  0.00000000E+00  0.00000000E+00  0.00000000E+00  6.86934229E-02  0.00000000E+00  0.00000000E+00 -1.21027065E-01
    0.648500      1   0.00000000E+00  0.00000000E+00  2.79491643E-03  0.00000000E+00  0.00000000E+00  0.00000000E+00  0.00000000E+00  0.00000000E+00  6.86329090E-02  0.00000000E+00  0.00000000E+00 -1.21027776E-01
    0.649000      1   0.00000000E+00  0.00000000E+00  2.77339465E-03  0.00000000E+00  0.00000000E+00  0.00000000E+00  0.00000000E+00  0.00000000E+00  6.85723990E-02  0.00000000E+00  0.00000000E+00 -1.21020110E-01
    0.649500      1   0.00000000E+00  0.00000000E+00  2.69931565E-03  0.00000000E+00  0.00000000E+00  0.00000000E+00  0.00000000E+00  0.00000000E+00  6.85118906E-02  0.00000000E+00  0.00000000E+00 -1.21016656E-01
    0.650000      1   0.00000000E+00  0.00000000E+00  2.64886407E-03  0.00000000E+00  0.00000000E+00  0.00000000E+00  0.00000000E+00  0.00000000E+00  6.84513790E-02  0.00000000E+00  0.00000000E+00 -1.21023286E-01
    0.650500      1   0.00000000E+00  0.00000000E+00  2.71423027E-03  0.00000000E+00  0.00000000E+00  0.00000000E+00  0.00000000E+00  0.00000000E+00  6.83908557E-02  0.00000000E+00  0.00000000E+00 -1.21046542E-01
    0.651000      1   0.00000000E+00  0.00000000E+00  2.70204096E-03  0.00000000E+00  0.00000000E+00  0.00000000E+00  0.00000000E+00  0.00000000E+00  6.83303196E-02  0.00000000E+00  0.00000000E+00 -1.21072302E-01
    0.651500      1   0.00000000E+00  0.00000000E+00  2.71420633E-03  0.00000000E+00  0.00000000E+00  0.00000000E+00  0.00000000E+00  0.00000000E+00  6.82697754E-02  0.00000000E+00  0.00000000E+00 -1.21088407E-01
    0.652000      1   0.00000000E+00  0.00000000E+00  2.75257183E-03  0.00000000E+00  0.00000000E+00  0.00000000E+00  0.00000000E+00  0.00000000E+00  6.82092227E-02  0.00000000E+00  0.00000000E+00 -1.21105437E-01
    0.652500      1   0.00000000E+00  0.00000000E+00  2.78308601E-03  0.00000000E+00  0.00000000E+00  0.00000000E+00  0.00000000E+00  0.00000000E+00  6.81486641E-02  0.00000000E+00  0.00000000E+00 -1.21117078E-01
    0.653000      1   0.00000000E+00  0.00000000E+00  2.79773984E-03  0.00000000E+00  0.00000000E+00  0.00000000E+00  0.00000000E+00  0.00000000E+00  6.80881043E-02  0.00000000E+00  0.00000000E+00 -1.21119720E-01
    0.653500      1   0.00000000E+00  0.00000000E+00  2.76599321E-03  0.00000000E+00  0.00000000E+00  0.00000000E+00  0.00000000E+00  0.00000000E+00  6.80275462E-02  0.00000000E+00  0.00000000E+00 -1.21116057E-01
    0.654000      1   0.00000000E+00  0.00000000E+00  2.75601231E-03  0.00000000E+00  0.00000000E+00  0.00000000E+00  0.00000000E+00  0.00000000E+00  6.79669898E-02  0.00000000E+00  0.00000000E+00 -1.21112793E-01
    0.654500      1   0.00000000E+00  0.00000000E+00  2.67962536E-03  0.00000000E+00  0.00000000E+00  0.00000000E+00  0.00000000E+00  0.00000000E+00  6.79064320E-02  0.00000000E+00  0.00000000E+00 -1.21115626E-01
    0.655000      1   0.00000000E+00  0.00000000E+00  2.68901508E-03  0.00000000E+00  0.00000000E+00  0.00000000E+00  0.00000000E+00  0.00000000E+00  6.78458686E-02  0.00000000E+00  0.00000000E+00 -1.21126852E-01
    0.655500      1   0.00000000E+00  0.00000000E+00  2.68836562E-03  0.00000000E+00  0.00000000E+00  0.00000000E+00  0.00000000E+00  0.00000000E+00  6.77852937E-02  0.00000000E+00  0.00000000E+00 -1.21149790E-01
    0.656000      1   0.00000000E+00  0.00000000E+00  2.74265172E-03  0.00000000E+00  0.00000000E+00  0.00000000E+00  0.00000000E+00  0.00000000E+00  6.77247081E-02  0.00000000E+00  0.00000000E+00 -1.21171244E-01
    0.656500      1   0.00000000E+00  0.00000000E+00  2.73622915E-03  0.00000000E+00  0.00000000E+00  0.00000000E+00  0.00000000E+00  0.00000000E+00  6.76641141E-02  0.00000000E+00  0.00000000E+00 -1.21188005E-01
    0.657000      1   0.00000000E+00  0.00000000E+00  2.74969829E-03  0.00000000E+00  0.00000000E+00  0.00000000E+00  0.00000000E+00  0.00000000E+00  6.76035159E-02  0.00000000E+00  0.00000000E+00 -1.21196420E-01
    0.657500      1   0.00000000E+00  0.00000000E+00  2.80915616E-03  0.00000000E+00  0.00000000E+00  0.00000000E+00  0.00000000E+00  0.00000000E+00  6.75429135E-02  0.00000000E+00  0.00000000E+00 -1.21204698E-01
    0.658000      1   0.00000000E+00  0.00000000E+00  2.79335271E-03  0.00000000E+00  0.00000000E+00  0.00000000E+00  0.00000000E+00  0.00000000E+00  6.74823108E-02  0.00000000E+00  0.00000000E+00 -1.21205507E-01
    0.658500      1   0.00000000E+00  0.00000000E+00  2.72829882E-03  0.00000000E+00  0.00000000E+00  0.00000000E+00  0.00000000E+00  0.00000000E+00  6.74217118E-02  0.00000000E+00  0.00000000E+00 -1.21197951E-01
    0.659000      1   0.00000000E+00  0.00000000E+00  2.68756390E-03  0.00000000E+00  0.00000000E+00  0.00000000E+00  0.00000000E+00  0.00000000E+00  6.73611124E-02  0.00000000E+00  0.00000000E+00 -1.21198741E-01
    0.659500      1   0.00000000E+00  0.00000000E+00  2.67920359E-03  0.00000000E+00  0.00000000E+00  0.00000000E+00  0.00000000E+00  0.00000000E+00  6.73005055E-02  0.00000000E+00  0.00000000E+00 -1.21213815E-01
    0.660000      1   0.00000000E+00  0.00000000E+00  2.66955394E-03  0.00000000E+00  0.00000000E+00  0.00000000E+00  0.00000000E+00  0.00000000E+00  6.72398874E-02  0.00000000E+00  0.00000000E+00 -1.21236318E-01
    0.660500      1   0.00000000E+00  0.00000000E+00  2.70812937E-03  0.00000000E+00  0.00000000E+00  0.00000000E+00  0.00000000E+00  0.00000000E+00  6.71792568E-02  0.00000000E+00  0.00000000E+00 -1.21261047E-01
    0.661000      1   0.00000000E+00  0.00000000E+00  2.73539456E-03  0.00000000E+00  0.00000000E+00  0.00000000E+00  0.00000000E+00  0.00000000E+00  6.71186149E-02  0.00000000E+00  0.00000000E+00 -1.21283949E-01
    0.661500      1   0.00000000E+00  0.00000000E+00  2.80834231E-03  0.00000000E+00  0.00000000E+00  0.00000000E+00  0.00000000E+00  0.00000000E+00  6.70579658E-02  0.00000000E+00  0.00000000E+00 -1.21298106E-01
    0.662000      1   0.00000000E+00  0.00000000E+00  2.85429601E-03  0.00000000E+00  0.00000000E+00  0.00000000E+00  0.00000000E+00  0.00000000E+00  6.69973151E-02  0.00000000E+00  0.00000000E+00 -1.21301336E-01
    0.662500      1   0.00000000E+00  0.00000000E+00  2.74816372E-03  0.00000000E+00  0.00000000E+00  0.00000000E+00  0.00000000E+00  0.00000000E+00  6.69366709E-02  0.00000000E+00  0.00000000E+00 -1.21288524E-01
    0.663000      1   0.00000000E+00  0.00000000E+00  2.73403847E-03  0.00000000E+00  0.00000000E+00  0.00000000E+00  0.00000000E+00  0.00000000E+00  6.68760321E-02  0.00000000E+00  0.00000000E+00 -1.21277551E-01
    0.663500      1   0.00000000E+00  0.00000000E+00  2.69592745E-03  0.00000000E+00  0.00000000E+00  0.00000000E+00  0.00000000E+00  0.00000000E+00  6.68153895E-02  0.00000000E+00  0.00000000E+00 -1.21285254E-01
    0.664000      1   0.00000000E+00  0.00000000E+00  2.63892633E-03  0.00000000E+00  0.00000000E+00  0.00000000E+00  0.00000000E+00  0.00000000E+00  6.67547401E-02  0.00000000E+00  0.00000000E+00 -1.21298646E-01
    0.664500      1   0.00000000E+00  0.00000000E+00  2.69168195E-03  0.00000000E+00  0.00000000E+00  0.00000000E+00  0.00000000E+00  0.00000000E+00  6.66940785E-02  0.00000000E+00  0.00000000E+00 -1.21323337E-01
    0.665000      1   0.00000000E+00  0.00000000E+00  2.74701563E-03  0.00000000E+00  0.00000000E+00  0.00000000E+00  0.00000000E+00  0.00000000E+00  6.66334021E-02  0.00000000E+00  0.00000000E+00 -1.21352723E-01
    0.665500      1   0.00000000E+00  0.00000000E+00  2.71568485E-03  0.00000000E+00  0.00000000E+00  0.00000000E+00  0.00000000E+00  0.00000000E+00  6.65727178E-02  0.00000000E+00  0.00000000E+00 -1.21368553E-01
    0.666000      1   0.00000000E+00  0.00000000E+00  2.77082378E-03  0.00000000E+00  0.00000000E+00  0.00000000E+00  0.00000000E+00  0.00000000E+00  6.65120288E-02  0.00000000E+00  0.00000000E+00 -1.21378068E-01
    0.666500      1   0.00000000E+00  0.00000000E+00  2.86044298E-03  0.00000000E+00  0.00000000E+00  0.00000000E+00  0.00000000E+00  0.00000000E+00  6.64513349E-02  0.00000000E+00  0.00000000E+00 -1.21387852E-01
    0.667000      1   0.00000000E+00  0.00000000E+00  2.79305753E-03  0.00000000E+00  0.00000000E+00  0.00000000E+00  0.00000000E+00  0.00000000E+00  6.63906446E-02  0.00000000E+00  0.00000000E+00 -1.21380657E-01
    0.667500      1   0.00000000E+00  0.00000000E+00  2.77411972E-03  0.00000000E+00  0.00000000E+00  0.00000000E+00  0.00000000E+00  0.00000000E+00  6.63299622E-02  0.00000000E+00  0.00000000E+00 -1.21364705E-01
    0.668000      1   0.00000000E+00  0.00000000E+00  2.68731640E-03  0.00000000E+00  0.00000000E+00  0.00000000E+00  0.00000000E+00  0.00000000E+00  6.62692815E-02  0.00000000E+00  0.00000000E+00 -1.21361492E-01
    0.668500      1   0.00000000E+00  0.00000000E+00  2.61088595E-03  0.00000000E+00  0.00000000E+00  0.00000000E+00  0.00000000E+00  0.00000000E+00  6.62085969E-02  0.00000000E+00  0.00000000E+00 -1.21369064E-01
    0.669000      1   0.00000000E+00  0.00000000E+00  2.68738674E-03  0.00000000E+00  0.00000000E+00  0.00000000E+00  0.00000000E+00  0.00000000E+00  6.61478981E-02  0.00000000E+00  0.00000000E+00 -1.21397648E-01
    0.669500      1   0.00000000E+00  0.00000000E+00  2.72760644E-03  0.00000000E+00  0.00000000E+00  0.00000000E+00  0.00000000E+00  0.00000000E+00  6.60871821E-02  0.00000000E+00  0.00000000E+00 -1.21432018E-01
    0.670000      1   0.00000000E+00  0.00000000E+00  2.72507637E-03  0.00000000E+00  0.00000000E+00  0.00000000E+00  0.00000000E+00  0.00000000E+00  6.60264570E-02  0.00000000E+00  0.00000000E+00 -1.21450270E-01
    0.670500      1   0.00000000E+00  0.00000000E+00  2.79173550E-03  0.00000000E+00  0.00000000E+00  0.00000000E+00  0.00000000E+00  0.00000000E+00  6.59657259E-02  0.00000000E+00  0.00000000E+00 -1.21462142E-01
    0.671000      1   0.00000000E+00  0.00000000E+00  2.83020424E-03  0.00000000E+00  0.00000000E+00  0.00000000E+00  0.00000000E+00  0.00000000E+00  6.59049916E-02  0.00000000E+00  0.00000000E+00 -1.21468534E-01
    0.671500      1   0.00000000E+00  0.00000000E+00  2.78801994E-03  0.00000000E+00  0.00000000E+00  0.00000000E+00  0.00000000E+00  0.00000000E+00  6.58442613E-02  0.00000000E+00  0.00000000E+00 -1.21460580E-01
    0.672000      1   0.00000000E+00  0.00000000E+00  2.78432893E-03  0.00000000E+00  0.00000000E+00  0.00000000E+00  0.00000000E+00  0.00000000E+00  6.57835363E-02  0.00000000E+00  0.00000000E+00 -1.21450038E-01
    0.672500      1   0.00000000E+00  0.00000000E+00  2.71233009E-03  0.00000000E+00  0.00000000E+00  0.00000000E+00  0.00000000E+00  0.00000000E+00  6.57228129E-02  0.00000000E+00  0.00000000E+00 -1.21446750E-01
    0.673000      1   0.00000000E+00  0.00000000E+00  2.64575653E-03  0.00000000E+00  0.00000000E+00  0.00000000E+00  0.00000000E+00  0.00000000E+00  6.56620877E-02  0.00000000E+00  0.00000000E+00 -1.21450434E-01
    0.673500      1   0.00000000E+00  0.00000000E+00  2.69722141E-03  0.00000000E+00  0.00000000E+00  0.00000000E+00  0.00000000E+00  0.00000000E+00  6.56013518E-02  0.00000000E+00  0.00000000E+00 -1.21471827E-01
    0.674000      1   0.00000000E+00  0.00000000E+00  2.72308058E-03  0.00000000E+00  0.00000000E+00  0.00000000E+00  0.00000000E+00  0.00000000E+00  6.55406020E-02  0.00000000E+00  0.00000000E+00 -1.21499602E-01
    0.674500      1   0.00000000E+00  0.00000000E+00  2.74039118E-03  0.00000000E+00  0.00000000E+00  0.00000000E+00  0.00000000E+00  0.00000000E+00  6.54798437E-02  0.00000000E+00  0.00000000E+00 -1.21516639E-01
    0.675000      1   0.00000000E+00  0.00000000E+00  2.77989266E-03  0.00000000E+00  0.00000000E+00  0.00000000E+00  0.00000000E+00  0.00000000E+00  6.54190797E-02  0.00000000E+00  0.00000000E+00 -1.21527899E-01
    0.675500      1   0.00000000E+00  0.00000000E+00  2.79904495E-03  0.00000000E+00  0.00000000E+00  0.00000000E+00  0.00000000E+00  0.00000000E+00  6.53583133E-02  0.00000000E+00  0.00000000E+00 -1.21532824E-01
    0.676000      1   0.00000000E+00  0.00000000E+00  2.78462870E-03  0.00000000E+00  0.00000000E+00  0.00000000E+00  0.00000000E+00  0.00000000E+00  6.52975485E-02  0.00000000E+00  0.00000000E+00 -1.21529570E-01
    0.676500      1   0.00000000E+00  0.00000000E+00  2.77208577E-03  0.00000000E+00  0.00000000E+00  0.00000000E+00  0.00000000E+00  0.00000000E+00  6.52367863E-02  0.00000000E+00  0.00000000E+00 -1.21524444E-01
    0.677000      1   0.00000000E+00  0.00000000E+00  2.70204677E-03  0.00000000E+00  0.00000000E+00  0.00000000E+00  0.00000000E+00  0.00000000E+00  6.51760249E-02  0.00000000E+00  0.00000000E+00 -1.21522796E-01
    0.677500      1   0.00000000E+00  0.00000000E+00  2.65603552E-03  0.00000000E+00  0.00000000E+00  0.00000000E+00  0.00000000E+00  0.00000000E+00  6.51152602E-02  0.00000000E+00  0.00000000E+00 -1.21529399E-01
    0.678000      1   0.00000000E+00  0.00000000E+00  2.70964206E-03  0.00000000E+00  0.00000000E+00  0.00000000E+00  0.00000000E+00  0.00000000E+00  6.50544844E-02  0.00000000E+00  0.00000000E+00 -1.21551572E-01
    0.678500      1   0.00000000E+00  0.00000000E+00  2.69869843E-03  0.00000000E+00  0.00000000E+00  0.00000000E+00  0.00000000E+00  0.00000000E+00  6.49936961E-02  0.00000000E+00  0.00000000E+00 -1.21576561E-01
    0.679000      1   0.00000000E+00  0.00000000E+00  2.71948708E-03  0.00000000E+00  0.00000000E+00  0.00000000E+00  0.00000000E+00  0.00000000E+00  6.49328993E-02  0.00000000E+00  0.00000000E+00 -1.21593714E-01
    0.679500      1   0.00000000E+00  0.00000000E+00  2.77308212E-03  0.00000000E+00  0.00000000E+00  0.00000000E+00  0.00000000E+00  0.00000000E+00  6.48720939E-02  0.00000000E+00  0.00000000E+00 -1.21610827E-01
    0.680000      1   0.00000000E+00  0.00000000E+00  2.80240046E-03  0.00000000E+00  0.00000000E+00  0.00000000E+00  0.00000000E+00  0.00000000E+00  6.48112840E-02  0.00000000E+00  0.00000000E+00 -1.21619786E-01
    0.680500      1   0.00000000E+00  0.00000000E+00  2.79602154E-03  0.00000000E+00  0.00000000E+00  0.00000000E+00  0.00000000E+00  0.00000000E+00  6.47504753E-02  0.00000000E+00  0.00000000E+00 -1.21617353E-01
    0.681000      1   0.00000000E+00  0.00000000E+00  2.76376271E-03  0.00000000E+00  0.00000000E+00  0.00000000E+00  0.00000000E+00  0.00000000E+00  6.46896700E-02  0.00000000E+00  0.00000000E+00 -1.21610670E-01
    0.681500      1   0.00000000E+00  0.00000000E+00  2.73487267E-03  0.00000000E+00  0.00000000E+00  0.00000000E+00  0.00000000E+00  0.00000000E+00  6.46288660E-02  0.00000000E+00  0.00000000E+00 -1.21607886E-01
    0.682000      1   0.00000000E+00  0.00000000E+00  2.68361214E-03  0.00000000E+00  0.00000000E+00  0.00000000E+00  0.00000000E+00  0.00000000E+00  6.45680596E-02  0.00000000E+00  0.00000000E+00 -1.21612954E-01
    0.682500      1   0.00000000E+00  0.00000000E+00  2.69894425E-03  0.00000000E+00  0.00000000E+00  0.00000000E+00  0.00000000E+00  0.00000000E+00  6.45072459E-02  0.00000000E+00  0.00000000E+00 -1.21627298E-01
    0.683000      1   0.00000000E+00  0.00000000E+00  2.70666892E-03  0.00000000E+00  0.00000000E+00  0.00000000E+00  0.00000000E+00  0.00000000E+00  6.44464215E-02  0.00000000E+00  0.00000000E+00 -1.21648704E-01
    0.683500      1   0.00000000E+00  0.00000000E+00  2.75038578E-03  0.00000000E+00  0.00000000E+00  0.00000000E+00  0.00000000E+00  0.00000000E+00  6.43855881E-02  0.00000000E+00  0.00000000E+00 -1.21666910E-01
    0.684000      1   0.00000000E+00  0.00000000E+00  2.73496868E-03  0.00000000E+00  0.00000000E+00  0.00000000E+00  0.00000000E+00  0.00000000E+00  6.43247481E-02  0.00000000E+00  0.00000000E+00 -1.21679981E-01
    0.684500      1   0.00000000E+00  0.00000000E+00  2.75636507E-03  0.00000000E+00  0.00000000E+00  0.00000000E+00  0.00000000E+00  0.00000000E+00  6.42639045E-02  0.00000000E+00  0.00000000E+00 -1.21687237E-01
    0.685000      1   0.00000000E+00  0.00000000E+00  2.79441043E-03  0.00000000E+00  0.00000000E+00  0.00000000E+00  0.00000000E+00  0.00000000E+00  6.42030569E-02  0.00000000E+00  0.00000000E+00 -1.21695133E-01
    0.685500      1   0.00000000E+00  0.00000000E+00  2.81497385E-03  0.00000000E+00  0.00000000E+00  0.00000000E+00  0.00000000E+00  0.00000000E+00  6.41422088E-02  0.00000000E+00  0.00000000E+00 -1.21696152E-01
    0.686000      1   0.00000000E+00  0.00000000E+00  2.74063392E-03  0.00000000E+00  0.00000000E+00  0.00000000E+00  0.00000000E+00  0.00000000E+00  6.40813643E-02  0.00000000E+00  0.00000000E+00 -1.21689104E-01
    0.686500      1   0.00000000E+00  0.00000000E+00  2.66723770E-03  0.00000000E+00  0.00000000E+00  0.00000000E+00  0.00000000E+00  0.00000000E+00  6.40205217E-02  0.00000000E+00  0.00000000E+00 -1.21685254E-01
    0.687000      1   0.00000000E+00  0.00000000E+00  2.69384005E-03  0.00000000E+00  0.00000000E+00  0.00000000E+00  0.00000000E+00  0.00000000E+00  6.39596716E-02  0.00000000E+00  0.00000000E+00 -1.21700100E-01
    0.687500      1   0.00000000E+00  0.00000000E+00  2.68180667E-03  0.00000000E+00  0.00000000E+00  0.00000000E+00  0.00000000E+00  0.00000000E+00  6.38988093E-02  0.00000000E+00  0.00000000E+00 -1.21724646E-01
    0.688000      1   0.00000000E+00  0.00000000E+00  2.72876568E-03  0.00000000E+00  0.00000000E+00  0.00000000E+00  0.00000000E+00  0.00000000E+00  6.38379363E-02  0.00000000E+00  0.00000000E+00 -1.21745888E-01
    0.688500      1   0.00000000E+00  0.00000000E+00  2.75807189E-03  0.00000000E+00  0.00000000E+00  0.00000000E+00  0.00000000E+00  0.00000000E+00  6.37770539E-02  0.00000000E+00  0.00000000E+00 -1.21764953E-01
    0.689000      1   0.00000000E+00  0.00000000E+00  2.79381712E-03  0.00000000E+00  0.00000000E+00  0.00000000E+00  0.00000000E+00  0.00000000E+00  6.37161670E-02  0.00000000E+00  0.00000000E+00 -1.21773717E-01
    0.689500      1   0.00000000E+00  0.00000000E+00  2.84320436E-03  0.00000000E+00  0.00000000E+00  0.00000000E+00  0.00000000E+00  0.00000000E+00  6.36552798E-02  0.00000000E+00  0.00000000E+00 -1.21774508E-01
    0.690000      1   0.00000000E+00  0.00000000E+00  2.77447283E-03  0.00000000E+00  0.00000000E+00  0.00000000E+00  0.00000000E+00  0.00000000E+00  6.35943972E-02  0.00000000E+00  0.00000000E+00 -1.21765062E-01
    0.690500      1   0.00000000E+00  0.00000000E+00  2.72660097E-03  0.00000000E+00  0.00000000E+00  0.00000000E+00  0.00000000E+00  0.00000000E+00  6.35335204E-02  0.00000000E+00  0.00000000E+00 -1.21753583E-01
    0.691000      1   0.00000000E+00  0.00000000E+00  2.69634356E-03  0.00000000E+00  0.00000000E+00  0.00000000E+00  0.00000000E+00  0.00000000E+00  6.34726416E-02  0.00000000E+00  0.00000000E+00 -1.21757624E-01
    0.691500      1   0.00000000E+00  0.00000000E+00  2.70512494E-03  0.00000000E+00  0.00000000E+00  0.00000000E+00  0.00000000E+00  0.00000000E+00  6.34117555E-02  0.00000000E+00  0.00000000E+00 -1.21772201E-01
    0.692000      1   0.00000000E+00  0.00000000E+00  2.69361225E-03  0.00000000E+00  0.00000000E+00  0.00000000E+00  0.00000000E+00  0.00000000E+00  6.33508600E-02  0.00000000E+00  0.00000000E+00 -1.21790970E-01
    0.692500      1   0.00000000E+00  0.00000000E+00  2.73114718E-03  0.00000000E+00  0.00000000E+00  0.00000000E+00  0.00000000E+00  0.00000000E+00  6.32899554E-02  0.00000000E+00  0.00000000E+00 -1.21809315E-01
    0.693000      1   0.00000000E+00  0.00000000E+00  2.71503350E-03  0.00000000E+00  0.00000000E+00  0.00000000E+00  0.00000000E+00  0.00000000E+00  6.32290423E-02  0.00000000E+00  0.00000000E+00 -1.21826231E-01
    0.693500      1   0.00000000E+00  0.00000000E+00  2.77585663E-03  0.00000000E+00  0.00000000E+00  0.00000000E+00  0.00000000E+00  0.00000000E+00  6.31681231E-02  0.00000000E+00  0.00000000E+00 -1.21838409E-01
    0.694000      1   0.00000000E+00  0.00000000E+00  2.85797336E-03  0.00000000E+00  0.00000000E+00  0.00000000E+00  0.00000000E+00  0.00000000E+00  6.31071991E-02  0.00000000E+00  0.00000000E+00 -1.21847855E-01
    0.694500      1   0.00000000E+00  0.00000000E+00  2.78778799E-03  0.00000000E+00  0.00000000E+00  0.00000000E+00  0.00000000E+00  0.00000000E+00  6.30462791E-02  0.00000000E+00  0.00000000E+00 -1.21840052E-01
    0.695000      1   0.00000000E+00  0.00000000E+00  2.73063933E-03  0.00000000E+00  0.00000000E+00  0.00000000E+00  0.00000000E+00  0.00000000E+00  6.29853666E-02  0.00000000E+00  0.00000000E+00 -1.21824972E-01
    0.695500      1   0.00000000E+00  0.00000000E+00  2.67387080E-03  0.00000000E+00  0.00000000E+00  0.00000000E+00  0.00000000E+00  0.00000000E+00  6.29244534E-02  0.00000000E+00  0.00000000E+00 -1.21826469E-01
    0.696000      1   0.00000000E+00  0.00000000E+00  2.65428583E-03  0.00000000E+00  0.00000000E+00  0.00000000E+00  0.00000000E+00  0.00000000E+00  6.28635322E-02  0.00000000E+00  0.00000000E+00 -1.21842369E-01
    0.696500      1   0.00000000E+00  0.00000000E+00  2.68521896E-03  0.00000000E+00  0.00000000E+00  0.00000000E+00  0.00000000E+00  0.00000000E+00  6.28025975E-02  0.00000000E+00  0.00000000E+00 -1.21869324E-01
    0.697000      1   0.00000000E+00  0.00000000E+00  2.73055916E-03  0.00000000E+00  0.00000000E+00  0.00000000E+00  0.00000000E+00  0.00000000E+00  6.27416492E-02  0.00000000E+00  0.00000000E+00 -1.21896759E-01
    0.697500      1   0.00000000E+00  0.00000000E+00  2.73967060E-03  0.00000000E+00  0.00000000E+00  0.00000000E+00  0.00000000E+00  0.00000000E+00  6.26806916E-02  0.00000000E+00  0.00000000E+00 -1.21915106E-01
    0.698000      1   0.00000000E+00  0.00000000E+00  2.81584455E-03  0.00000000E+00  0.00000000E+00  0.00000000E+00  0.00000000E+00  0.00000000E+00  6.26197290E-02  0.00000000E+00  0.00000000E+00 -1.21925202E-01
    0.698500      1   0.00000000E+00  0.00000000E+00  2.86095544E-03  0.00000000E+00  0.00000000E+00  0.00000000E+00  0.00000000E+00  0.00000000E+00  6.25587655E-02  0.00000000E+00  0.00000000E+00 -1.21927066E-01
    0.699000      1   0.00000000E+00  0.00000000E+00  2.76475882E-03  0.00000000E+00  0.00000000E+00  0.00000000E+00  0.00000000E+00  0.00000000E+00  6.24978093E-02  0.00000000E+00  0.00000000E+00 -1.21912434E-01
    0.699500      1   0.00000000E+00  0.00000000E+00  2.77114457E-03  0.00000000E+00  0.00000000E+00  0.00000000E+00  0.00000000E+00  0.00000000E+00  6.24368598E-02  0.00000000E+00  0.00000000E+00 -1.21898900E-01
    0.700000      1   0.00000000E+00  0.00000000E+00  2.69136474E-03  0.00000000E+00  0.00000000E+00  0.00000000E+00  0.00000000E+00  0.00000000E+00  6.23759095E-02  0.00000000E+00  0.00000000E+00 -1.21900597E-01
    0.700500      1   0.00000000E+00  0.00000000E+00  2.62976024E-03  0.00000000E+00  0.00000000E+00  0.00000000E+00  0.00000000E+00  0.00000000E+00  6.23149554E-02  0.00000000E+00  0.00000000E+00 -1.21908299E-01
    0.701000      1   0.00000000E+00  0.00000000E+00  2.69696461E-03  0.00000000E+00  0.00000000E+00  0.00000000E+00  0.00000000E+00  0.00000000E+00  6.22539881E-02  0.00000000E+00  0.00000000E+00 -1.21934550E-01
    0.701500      1   0.00000000E+00  0.00000000E+00  2.75451488E-03  0.00000000E+00  0.00000000E+00  0.00000000E+00  0.00000000E+00  0.00000000E+00  6.21930056E-02  0.00000000E+00  0.00000000E+00 -1.21964974E-01
    0.702000      1   0.00000000E+00  0.00000000E+00  2.72641411E-03  0.00000000E+00  0.00000000E+00  0.00000000E+00  0.00000000E+00  0.00000000E+00  6.21320160E-02  0.00000000E+00  0.00000000E+00 -1.21979274E-01
    0.702500      1   0.00000000E+00  0.00000000E+00  2.77032135E-03  0.00000000E+00  0.00000000E+00  0.00000000E+00  0.00000000E+00  0.00000000E+00  6.20710227E-02  0.00000000E+00  0.00000000E+00 -1.21986608E-01
    0.703000      1   0.00000000E+00  0.00000000E+00  2.84272791E-03  0.00000000E+00  0.00000000E+00  0.00000000E+00  0.00000000E+00  0.00000000E+00  6.20100253E-02  0.00000000E+00  0.00000000E+00 -1.21994674E-01
    0.703500      1   0.00000000E+00  0.00000000E+00  2.80802714E-03  0.00000000E+00  0.00000000E+00  0.00000000E+00  0.00000000E+00  0.00000000E+00  6.19490308E-02  0.00000000E+00  0.00000000E+00 -1.21989129E-01
    0.704000      1   0.00000000E+00  0.00000000E+00  2.79500488E-03  0.00000000E+00  0.00000000E+00  0.00000000E+00  0.00000000E+00  0.00000000E+00  6.18880434E-02  0.00000000E+00  0.00000000E+00 -1.21974762E-01
    0.704500      1   0.00000000E+00  0.00000000E+00  2.69125464E-03  0.00000000E+00  0.00000000E+00  0.00000000E+00  0.00000000E+00  0.00000000E+00  6.18270598E-02  0.00000000E+00  0.00000000E+00 -1.21967244E-01
    0.705000      1   0.00000000E+00  0.00000000E+00  2.61660890E-03  0.00000000E+00  0.00000000E+00  0.00000000E+00  0.00000000E+00  0.00000000E+00  6.17660742E-02  0.00000000E+00  0.00000000E+00 -1.21971039E-01
    0.705500      1   0.00000000E+00  0.00000000E+00  2.69332247E-03  0.00000000E+00  0.00000000E+00  0.00000000E+00  0.00000000E+00  0.00000000E+00  6.17050750E-02  0.00000000E+00  0.00000000E+00 -1.21998470E-01
    0.706000      1   0.00000000E+00  0.00000000E+00  2.73377973E-03  0.00000000E+00  0.00000000E+00  0.00000000E+00  0.00000000E+00  0.00000000E+00  6.16440593E-02  0.00000000E+00  0.00000000E+00 -1.22031376E-01
    0.706500      1   0.00000000E+00  0.00000000E+00  2.73664871E-03  0.00000000E+00  0.00000000E+00  0.00000000E+00  0.00000000E+00  0.00000000E+00  6.15830353E-02  0.00000000E+00  0.00000000E+00 -1.22048107E-01
    0.707000      1   0.00000000E+00  0.00000000E+00  2.79532202E-03  0.00000000E+00  0.00000000E+00  0.00000000E+00  0.00000000E+00  0.00000000E+00  6.15220063E-02  0.00000000E+00  0.00000000E+00 -1.22057941E-01
    0.707500      1   0.00000000E+00  0.00000000E+00  2.83259256E-03  0.00000000E+00  0.00000000E+00  0.00000000E+00  0.00000000E+00  0.00000000E+00  6.14609752E-02  0.00000000E+00  0.00000000E+00 -1.22062117E-01
    0.708000      1   0.00000000E+00  0.00000000E+00  2.79113679E-03  0.00000000E+00  0.00000000E+00  0.00000000E+00  0.00000000E+00  0.00000000E+00  6.13999485E-02  0.00000000E+00  0.00000000E+00 -1.22053362E-01
    0.708500      1   0.00000000E+00  0.00000000E+00  2.78919717E-03  0.00000000E+00  0.00000000E+00  0.00000000E+00  0.00000000E+00  0.00000000E+00  6.13389275E-02  0.00000000E+00  0.00000000E+00 -1.22042153E-01
    0.709000      1   0.00000000E+00  0.00000000E+00  2.71905282E-03  0.00000000E+00  0.00000000E+00  0.00000000E+00  0.00000000E+00  0.00000000E+00  6.12779085E-02  0.00000000E+00  0.00000000E+00 -1.22037922E-01
    0.709500      1   0.00000000E+00  0.00000000E+00  2.64818840E-03  0.00000000E+00  0.00000000E+00  0.00000000E+00  0.00000000E+00  0.00000000E+00  6.12168884E-02  0.00000000E+00  0.00000000E+00 -1.22040212E-01
    0.710000      1   0.00000000E+00  0.00000000E+00  2.69935011E-03  0.00000000E+00  0.00000000E+00  0.00000000E+00  0.00000000E+00  0.00000000E+00  6.11558583E-02  0.00000000E+00  0.00000000E+00 -1.22060287E-01
    0.710500      1   0.00000000E+00  0.00000000E+00  2.73587815E-03  0.00000000E+00  0.00000000E+00  0.00000000E+00  0.00000000E+00  0.00000000E+00  6.10948145E-02  0.00000000E+00  0.00000000E+00 -1.22087474E-01
    0.711000      1   0.00000000E+00  0.00000000E+00  2.74721302E-03  0.00000000E+00  0.00000000E+00  0.00000000E+00  0.00000000E+00  0.00000000E+00  6.10337630E-02  0.00000000E+00  0.00000000E+00 -1.22103030E-01
    0.711500      1   0.00000000E+00  0.00000000E+00  2.77898299E-03  0.00000000E+00  0.00000000E+00  0.00000000E+00  0.00000000E+00  0.00000000E+00  6.09727072E-02  0.00000000E+00  0.00000000E+00 -1.22111585E-01
    0.712000      1   0.00000000E+00  0.00000000E+00  2.81376497E-03  0.00000000E+00  0.00000000E+00  0.00000000E+00  0.00000000E+00  0.00000000E+00  6.09116495E-02  0.00000000E+00  0.00000000E+00 -1.22115471E-01
    0.712500      1   0.00000000E+00  0.00000000E+00  2.78786730E-03  0.00000000E+00  0.00000000E+00  0.00000000E+00  0.00000000E+00  0.00000000E+00  6.08505939E-02  0.00000000E+00  0.00000000E+00 -1.22111064E-01
    0.713000      1   0.00000000E+00  0.00000000E+00  2.79040229E-03  0.00000000E+00  0.00000000E+00  0.00000000E+00  0.00000000E+00  0.00000000E+00  6.07895423E-02  0.00000000E+00  0.00000000E+00 -1.22103235E-01
    0.713500      1   0.00000000E+00  0.00000000E+00  2.71247285E-03  0.00000000E+00  0.00000000E+00  0.00000000E+00  0.00000000E+00  0.00000000E+00  6.07284926E-02  0.00000000E+00  0.00000000E+00 -1.22099435E-01
    0.714000      1   0.00000000E+00  0.00000000E+00  2.65145877E-03  0.00000000E+00  0.00000000E+00  0.00000000E+00  0.00000000E+00  0.00000000E+00  6.06674416E-02  0.00000000E+00  0.00000000E+00 -1.22102109E-01
    0.714500      1   0.00000000E+00  0.00000000E+00  2.69656340E-03  0.00000000E+00  0.00000000E+00  0.00000000E+00  0.00000000E+00  0.00000000E+00  6.06063801E-02  0.00000000E+00  0.00000000E+00 -1.22122975E-01
    0.715000      1   0.00000000E+00  0.00000000E+00  2.71832706E-03  0.00000000E+00  0.00000000E+00  0.00000000E+00  0.00000000E+00  0.00000000E+00  6.05453051E-02  0.00000000E+00  0.00000000E+00 -1.22149871E-01
    0.715500      1   0.00000000E+00  0.00000000E+00  2.72444023E-03  0.00000000E+00  0.00000000E+00  0.00000000E+00  0.00000000E+00  0.00000000E+00  6.04842214E-02  0.00000000E+00  0.00000000E+00 -1.22167437E-01
    0.716000      1   0.00000000E+00  0.00000000E+00  2.77947147E-03  0.00000000E+00  0.00000000E+00  0.00000000E+00  0.00000000E+00  0.00000000E+00  6.04231310E-02  0.00000000E+00  0.00000000E+00 -1.22180888E-01
    0.716500      1   0.00000000E+00  0.00000000E+00  2.80288133E-03  0.00000000E+00  0.00000000E+00  0.00000000E+00  0.00000000E+00  0.00000000E+00  6.03620367E-02  0.00000000E+00  0.00000000E+00 -1.22188469E-01
    0.717000      1   0.00000000E+00  0.00000000E+00  2.79971860E-03  0.00000000E+00  0.00000000E+00  0.00000000E+00  0.00000000E+00  0.00000000E+00  6.03009443E-02  0.00000000E+00  0.00000000E+00 -1.22184945E-01
    0.717500      1   0.00000000E+00  0.00000000E+00  2.77961528E-03  0.00000000E+00  0.00000000E+00  0.00000000E+00  0.00000000E+00  0.00000000E+00  6.02398553E-02  0.00000000E+00  0.00000000E+00 -1.22177855E-01
    0.718000      1   0.00000000E+00  0.00000000E+00  2.73852268E-03  0.00000000E+00  0.00000000E+00  0.00000000E+00  0.00000000E+00  0.00000000E+00  6.01787688E-02  0.00000000E+00  0.00000000E+00 -1.22173063E-01
    0.718500      1   0.00000000E+00  0.00000000E+00  2.66776733E-03  0.00000000E+00  0.00000000E+00  0.00000000E+00  0.00000000E+00  0.00000000E+00  6.01176812E-02  0.00000000E+00  0.00000000E+00 -1.22175205E-01
    0.719000      1   0.00000000E+00  0.00000000E+00  2.71655781E-03  0.00000000E+00  0.00000000E+00  0.00000000E+00  0.00000000E+00  0.00000000E+00  6.00565860E-02  0.00000000E+00  0.00000000E+00 -1.22190351E-01
    0.719500      1   0.00000000E+00  0.00000000E+00  2.72702322E-03  0.00000000E+00  0.00000000E+00  0.00000000E+00  0.00000000E+00  0.00000000E+00  5.99954796E-02  0.00000000E+00  0.00000000E+00 -1.22212801E-01
    0.720000      1   0.00000000E+00  0.00000000E+00  2.74553300E-03  0.00000000E+00  0.00000000E+00  0.00000000E+00  0.00000000E+00  0.00000000E+00  5.99343665E-02  0.00000000E+00  0.00000000E+00 -1.22226315E-01
    0.720500      1   0.00000000E+00  0.00000000E+00  2.75401519E-03  0.00000000E+00  0.00000000E+00  0.00000000E+00  0.00000000E+00  0.00000000E+00  5.98732482E-02  0.00000000E+00  0.00000000E+00 -1.22236473E-01
    0.721000      1   0.00000000E+00  0.00000000E+00  2.78858996E-03  0.00000000E+00  0.00000000E+00  0.00000000E+00  0.00000000E+00  0.00000000E+00  5.98121268E-02  0.00000000E+00  0.00000000E+00 -1.22242842E-01
    0.721500      1   0.00000000E+00  0.00000000E+00  2.78170730E-03  0.00000000E+00  0.00000000E+00  0.00000000E+00  0.00000000E+00  0.00000000E+00  5.97510044E-02  0.00000000E+00  0.00000000E+00 -1.22244761E-01
    0.722000      1   0.00000000E+00  0.00000000E+00  2.80148954E-03  0.00000000E+00  0.00000000E+00  0.00000000E+00  0.00000000E+00  0.00000000E+00  5.96898836E-02  0.00000000E+00  0.00000000E+00 -1.22241611E-01
    0.722500      1   0.00000000E+00  0.00000000E+00  2.73393598E-03  0.00000000E+00  0.00000000E+00  0.00000000E+00  0.00000000E+00  0.00000000E+00  5.96287647E-02  0.00000000E+00  0.00000000E+00 -1.22237842E-01
    0.723000      1   0.00000000E+00  0.00000000E+00  2.68081107E-03  0.00000000E+00  0.00000000E+00  0.00000000E+00  0.00000000E+00  0.00000000E+00  5.95676463E-02  0.00000000E+00  0.00000000E+00 -1.22236798E-01
    0.723500      1   0.00000000E+00  0.00000000E+00  2.68799762E-03  0.00000000E+00  0.00000000E+00  0.00000000E+00  0.00000000E+00  0.00000000E+00  5.95065205E-02  0.00000000E+00  0.00000000E+00 -1.22251543E-01
    0.724000      1   0.00000000E+00  0.00000000E+00  2.69368870E-03  0.00000000E+00  0.00000000E+00  0.00000000E+00  0.00000000E+00  0.00000000E+00  5.94453833E-02  0.00000000E+00  0.00000000E+00 -1.22274377E-01
    0.724500      1   0.00000000E+00  0.00000000E+00  2.74064888E-03  0.00000000E+00  0.00000000E+00  0.00000000E+00  0.00000000E+00  0.00000000E+00  5.93842356E-02  0.00000000E+00  0.00000000E+00 -1.22295528E-01
    0.725000      1   0.00000000E+00  0.00000000E+00  2.76495692E-03  0.00000000E+00  0.00000000E+00  0.00000000E+00  0.00000000E+00  0.00000000E+00  5.93230798E-02  0.00000000E+00  0.00000000E+00 -1.22311592E-01
    0.725500      1   0.00000000E+00  0.00000000E+00  2.79175052E-03  0.00000000E+00  0.00000000E+00  0.00000000E+00  0.00000000E+00  0.00000000E+00  5.92619209E-02  0.00000000E+00  0.00000000E+00 -1.22317795E-01
    0.726000      1   0.00000000E+00  0.00000000E+00  2.81834176E-03  0.00000000E+00  0.00000000E+00  0.00000000E+00  0.00000000E+00  0.00000000E+00  5.92007621E-02  0.00000000E+00  0.00000000E+00 -1.22317638E-01
    0.726500      1   0.00000000E+00  0.00000000E+00  2.78502365E-03  0.00000000E+00  0.00000000E+00  0.00000000E+00  0.00000000E+00  0.00000000E+00  5.91396067E-02  0.00000000E+00  0.00000000E+00 -1.22310730E-01
    0.727000      1   0.00000000E+00  0.00000000E+00  2.76996228E-03  0.00000000E+00  0.00000000E+00  0.00000000E+00  0.00000000E+00  0.00000000E+00  5.90784555E-02  0.00000000E+00  0.00000000E+00 -1.22302401E-01
    0.727500      1   0.00000000E+00  0.00000000E+00  2.68920321E-03  0.00000000E+00  0.00000000E+00  0.00000000E+00  0.00000000E+00  0.00000000E+00  5.90173051E-02  0.00000000E+00  0.00000000E+00 -1.22300875E-01
    0.728000      1   0.00000000E+00  0.00000000E+00  2.69807510E-03  0.00000000E+00  0.00000000E+00  0.00000000E+00  0.00000000E+00  0.00000000E+00  5.89561506E-02  0.00000000E+00  0.00000000E+00 -1.22308963E-01
    0.728500      1   0.00000000E+00  0.00000000E+00  2.71136656E-03  0.00000000E+00  0.00000000E+00  0.00000000E+00  0.00000000E+00  0.00000000E+00  5.88949858E-02  0.00000000E+00  0.00000000E+00 -1.22329528E-01
    0.729000      1   0.00000000E+00  0.00000000E+00  2.76005874E-03  0.00000000E+00  0.00000000E+00  0.00000000E+00  0.00000000E+00  0.00000000E+00  5.88338121E-02  0.00000000E+00  0.00000000E+00 -1.22347461E-01
    0.729500      1   0.00000000E+00  0.00000000E+00  2.74061578E-03  0.00000000E+00  0.00000000E+00  0.00000000E+00  0.00000000E+00  0.00000000E+00  5.87726326E-02  0.00000000E+00  0.00000000E+00 -1.22358905E-01
    0.730000      1   0.00000000E+00  0.00000000E+00  2.75680458E-03  0.00000000E+00  0.00000000E+00  0.00000000E+00  0.00000000E+00  0.00000000E+00  5.87114506E-02  0.00000000E+00  0.00000000E+00 -1.22364074E-01
    0.730500      1   0.00000000E+00  0.00000000E+00  2.80605297E-03  0.00000000E+00  0.00000000E+00  0.00000000E+00  0.00000000E+00  0.00000000E+00  5.86502651E-02  0.00000000E+00  0.00000000E+00 -1.22371003E-01
    0.731000      1   0.00000000E+00  0.00000000E+00  2.83862485E-03  0.00000000E+00  0.00000000E+00  0.00000000E+00  0.00000000E+00  0.00000000E+00  5.85890796E-02  0.00000000E+00  0.00000000E+00 -1.22370920E-01
    0.731500      1   0.00000000E+00  0.00000000E+00  2.73893954E-03  0.00000000E+00  0.00000000E+00  0.00000000E+00  0.00000000E+00  0.00000000E+00  5.85278997E-02  0.00000000E+00  0.00000000E+00 -1.22359870E-01
    0.732000      1   0.00000000E+00  0.00000000E+00  2.67373662E-03  0.00000000E+00  0.00000000E+00  0.00000000E+00  0.00000000E+00  0.00000000E+00  5.84667236E-02  0.00000000E+00  0.00000000E+00 -1.22352286E-01
    0.732500      1   0.00000000E+00  0.00000000E+00  2.68030900E-03  0.00000000E+00  0.00000000E+00  0.00000000E+00  0.00000000E+00  0.00000000E+00  5.84055401E-02  0.00000000E+00  0.00000000E+00 -1.22366835E-01
    0.733000      1   0.00000000E+00  0.00000000E+00  2.67832107E-03  0.00000000E+00  0.00000000E+00  0.00000000E+00  0.00000000E+00  0.00000000E+00  5.83443444E-02  0.00000000E+00  0.00000000E+00 -1.22391511E-01
    0.733500      1   0.00000000E+00  0.00000000E+00  2.73657149E-03  0.00000000E+00  0.00000000E+00  0.00000000E+00  0.00000000E+00  0.00000000E+00  5.82831367E-02  0.00000000E+00  0.00000000E+00 -1.22415283E-01
    0.734000      1   0.00000000E+00  0.00000000E+00  2.77613008E-03  0.00000000E+00  0.00000000E+00  0.00000000E+00  0.00000000E+00  0.00000000E+00  5.82219196E-02  0.00000000E+00  0.00000000E+00 -1.22434230E-01
    0.734500      1   0.00000000E+00  0.00000000E+00  2.80638735E-03  0.00000000E+00  0.00000000E+00  0.00000000E+00  0.00000000E+00  0.00000000E+00  5.81606996E-02  0.00000000E+00  0.00000000E+00 -1.22440115E-01
    0.735000      1   0.00000000E+00  0.00000000E+00  2.84840507E-03  0.00000000E+00  0.00000000E+00  0.00000000E+00  0.00000000E+00  0.00000000E+00  5.80994812E-02  0.00000000E+00  0.00000000E+00 -1.22436829E-01
    0.735500      1   0.00000000E+00  0.00000000E+00  2.77707025E-03  0.00000000E+00  0.00000000E+00  0.00000000E+00  0.00000000E+00  0.00000000E+00  5.80382687E-02  0.00000000E+00  0.00000000E+00 -1.22424859E-01
    0.736000      1   0.00000000E+00  0.00000000E+00  2.72827565E-03  0.00000000E+00  0.00000000E+00  0.00000000E+00  0.00000000E+00  0.00000000E+00  5.79770626E-02  0.00000000E+00  0.00000000E+00 -1.22412297E-01
    0.736500      1   0.00000000E+00  0.00000000E+00  2.70543205E-03  0.00000000E+00  0.00000000E+00  0.00000000E+00  0.00000000E+00  0.00000000E+00  5.79158547E-02  0.00000000E+00  0.00000000E+00 -1.22415763E-01
    0.737000      1   0.00000000E+00  0.00000000E+00  2.71246524E-03  0.00000000E+00  0.00000000E+00  0.00000000E+00  0.00000000E+00  0.00000000E+00  5.78546401E-02  0.00000000E+00  0.00000000E+00 -1.22429262E-01
    0.737500      1   0.00000000E+00  0.00000000E+00  2.70599602E-03  0.00000000E+00  0.00000000E+00  0.00000000E+00  0.00000000E+00  0.00000000E+00  5.77934171E-02  0.00000000E+00  0.00000000E+00 -1.22445889E-01
    0.738000      1   0.00000000E+00  0.00000000E+00  2.73911848E-03  0.00000000E+00  0.00000000E+00  0.00000000E+00  0.00000000E+00  0.00000000E+00  5.77321862E-02  0.00000000E+00  0.00000000E+00 -1.22461934E-01
    0.738500      1   0.00000000E+00  0.00000000E+00  2.73780614E-03  0.00000000E+00  0.00000000E+00  0.00000000E+00  0.00000000E+00  0.00000000E+00  5.76709481E-02  0.00000000E+00  0.00000000E+00 -1.22476112E-01
    0.739000      1   0.00000000E+00  0.00000000E+00  2.77280253E-03  0.00000000E+00  0.00000000E+00  0.00000000E+00  0.00000000E+00  0.00000000E+00  5.76097056E-02  0.00000000E+00  0.00000000E+00 -1.22484967E-01
    0.739500      1   0.00000000E+00  0.00000000E+00  2.84101178E-03  0.00000000E+00  0.00000000E+00  0.00000000E+00  0.00000000E+00  0.00000000E+00  5.75484601E-02  0.00000000E+00  0.00000000E+00 -1.22490944E-01
    0.740000      1   0.00000000E+00  0.00000000E+00  2.80519213E-03  0.00000000E+00  0.00000000E+00  0.00000000E+00  0.00000000E+00  0.00000000E+00  5.74872176E-02  0.00000000E+00  0.00000000E+00 -1.22485143E-01
    0.740500      1   0.00000000E+00  0.00000000E+00  2.74563425E-03  0.00000000E+00  0.00000000E+00  0.00000000E+00  0.00000000E+00  0.00000000E+00  5.74259819E-02  0.00000000E+00  0.00000000E+00 -1.22471308E-01
    0.741000      1   0.00000000E+00  0.00000000E+00  2.68949659E-03  0.00000000E+00  0.00000000E+00  0.00000000E+00  0.00000000E+00  0.00000000E+00  5.73647476E-02  0.00000000E+00  0.00000000E+00 -1.22468622E-01
    0.741500      1   0.00000000E+00  0.00000000E+00  2.68302929E-03  0.00000000E+00  0.00000000E+00  0.00000000E+00  0.00000000E+00  0.00000000E+00  5.73035073E-02  0.00000000E+00  0.00000000E+00 -1.22480678E-01
    0.742000      1   0.00000000E+00  0.00000000E+00  2.69065997E-03  0.00000000E+00  0.00000000E+00  0.00000000E+00  0.00000000E+00  0.00000000E+00  5.72422560E-02  0.00000000E+00  0.00000000E+00 -1.22502525E-01
    0.742500      1   0.00000000E+00  0.00000000E+00  2.72323583E-03  0.00000000E+00  0.00000000E+00  0.00000000E+00  0.00000000E+00  0.00000000E+00  5.71809936E-02  0.00000000E+00  0.00000000E+00 -1.22524760E-01
    0.743000      1   0.00000000E+00  0.00000000E+00  2.74883238E-03  0.00000000E+00  0.00000000E+00  0.00000000E+00  0.00000000E+00  0.00000000E+00  5.71197222E-02  0.00000000E+00  0.00000000E+00 -1.22542860E-01
    0.743500      1   0.00000000E+00  0.00000000E+00  2.81906015E-03  0.00000000E+00  0.00000000E+00  0.00000000E+00  0.00000000E+00  0.00000000E+00  5.70584455E-02  0.00000000E+00  0.00000000E+00 -1.22553349E-01
    0.744000      1   0.00000000E+00  0.00000000E+00  2.86549853E-03  0.00000000E+00  0.00000000E+00  0.00000000E+00  0.00000000E+00  0.00000000E+00  5.69971688E-02  0.00000000E+00  0.00000000E+00 -1.22553425E-01
    0.744500      1   0.00000000E+00  0.00000000E+00  2.76108391E-03  0.00000000E+00  0.00000000E+00  0.00000000E+00  0.00000000E+00  0.00000000E+00  5.69358999E-02  0.00000000E+00  0.00000000E+00 -1.22537863E-01
    0.745000      1   0.00000000E+00  0.00000000E+00  2.74322067E-03  0.00000000E+00  0.00000000E+00  0.00000000E+00  0.00000000E+00  0.00000000E+00  5.68746379E-02  0.00000000E+00  0.00000000E+00 -1.22523907E-01
    0.745500      1   0.00000000E+00  0.00000000E+00  2.70543094E-03  0.00000000E+00  0.00000000E+00  0.00000000E+00  0.00000000E+00  0.00000000E+00  5.68133736E-02  0.00000000E+00  0.00000000E+00 -1.22528677E-01
    0.746000      1   0.00000000E+00  0.00000000E+00  2.67969662E-03  0.00000000E+00  0.00000000E+00  0.00000000E+00  0.00000000E+00  0.00000000E+00  5.67521037E-02  0.00000000E+00  0.00000000E+00 -1.22539721E-01
    0.746500      1   0.00000000E+00  0.00000000E+00  2.69826116E-03  0.00000000E+00  0.00000000E+00  0.00000000E+00  0.00000000E+00  0.00000000E+00  5.66908241E-02  0.00000000E+00  0.00000000E+00 -1.22559246E-01
    0.747000      1   0.00000000E+00  0.00000000E+00  2.74634686E-03  0.00000000E+00  0.00000000E+00  0.00000000E+00  0.00000000E+00  0.00000000E+00  5.66295334E-02  0.00000000E+00  0.00000000E+00 -1.22581356E-01
    0.747500      1   0.00000000E+00  0.00000000E+00  2.73697019E-03  0.00000000E+00  0.00000000E+00  0.00000000E+00  0.00000000E+00  0.00000000E+00  5.65682353E-02  0.00000000E+00  0.00000000E+00 -1.22596165E-01
    0.748000      1   0.00000000E+00  0.00000000E+00  2.79590382E-03  0.00000000E+00  0.00000000E+00  0.00000000E+00  0.00000000E+00  0.00000000E+00  5.65069334E-02  0.00000000E+00  0.00000000E+00 -1.22603907E-01
    0.748500      1   0.00000000E+00  0.00000000E+00  2.85905062E-03  0.00000000E+00  0.00000000E+00  0.00000000E+00  0.00000000E+00  0.00000000E+00  5.64456294E-02  0.00000000E+00  0.00000000E+00 -1.22607978E-01
    0.749000      1   0.00000000E+00  0.00000000E+00  2.79449563E-03  0.00000000E+00  0.00000000E+00  0.00000000E+00  0.00000000E+00  0.00000000E+00  5.63843310E-02  0.00000000E+00  0.00000000E+00 -1.22596789E-01
    0.749500      1   0.00000000E+00  0.00000000E+00  2.77575987E-03  0.00000000E+00  0.00000000E+00  0.00000000E+00  0.00000000E+00  0.00000000E+00  5.63230405E-02  0.00000000E+00  0.00000000E+00 -1.22580938E-01
    0.750000      1   0.00000000E+00  0.00000000E+00  2.68437706E-03  0.00000000E+00  0.00000000E+00  0.00000000E+00  0.00000000E+00  0.00000000E+00  5.62617519E-02  0.00000000E+00  0.00000000E+00 -1.22577344E-01
    0.750500      1   0.00000000E+00  0.00000000E+00  2.62618859E-03  0.00000000E+00  0.00000000E+00  0.00000000E+00  0.00000000E+00  0.00000000E+00  5.62004594E-02  0.00000000E+00  0.00000000E+00 -1.22584907E-01
    0.751000      1   0.00000000E+00  0.00000000E+00  2.69315912E-03  0.00000000E+00  0.00000000E+00  0.00000000E+00  0.00000000E+00  0.00000000E+00  5.61391531E-02  0.00000000E+00  0.00000000E+00 -1.22612620E-01
    0.751500      1   0.00000000E+00  0.00000000E+00  2.74676742E-03  0.00000000E+00  0.00000000E+00  0.00000000E+00  0.00000000E+00  0.00000000E+00  5.60778311E-02  0.00000000E+00  0.00000000E+00 -1.22643967E-01
    0.752000      1   0.00000000E+00  0.00000000E+00  2.75761385E-03  0.00000000E+00  0.00000000E+00  0.00000000E+00  0.00000000E+00  0.00000000E+00  5.60165013E-02  0.00000000E+00  0.00000000E+00 -1.22659577E-01
    0.752500      1   0.00000000E+00  0.00000000E+00  2.80194667E-03  0.00000000E+00  0.00000000E+00  0.00000000E+00  0.00000000E+00  0.00000000E+00  5.59551686E-02  0.00000000E+00  0.00000000E+00 -1.22665425E-01
    0.753000      1   0.00000000E+00  0.00000000E+00  2.86969275E-03  0.00000000E+00  0.00000000E+00  0.00000000E+00  0.00000000E+00  0.00000000E+00  5.58938358E-02  0.00000000E+00  0.00000000E+00 -1.22665572E-01
    0.753500      1   0.00000000E+00  0.00000000E+00  2.78140026E-03  0.00000000E+00  0.00000000E+00  0.00000000E+00  0.00000000E+00  0.00000000E+00  5.58325096E-02  0.00000000E+00  0.00000000E+00 -1.22652449E-01
    0.754000      1   0.00000000E+00  0.00000000E+00  2.78586730E-03  0.00000000E+00  0.00000000E+00  0.00000000E+00  0.00000000E+00  0.00000000E+00  5.57711916E-02  0.00000000E+00  0.00000000E+00 -1.22636008E-01
    0.754500      1   0.00000000E+00  0.00000000E+00  2.71281068E-03  0.00000000E+00  0.00000000E+00  0.00000000E+00  0.00000000E+00  0.00000000E+00  5.57098748E-02  0.00000000E+00  0.00000000E+00 -1.22633671E-01
    0.755000      1   0.00000000E+00  0.00000000E+00  2.62941299E-03  0.00000000E+00  0.00000000E+00  0.00000000E+00  0.00000000E+00  0.00000000E+00  5.56485562E-02  0.00000000E+00  0.00000000E+00 -1.22637060E-01
    0.755500      1   0.00000000E+00  0.00000000E+00  2.69620800E-03  0.00000000E+00  0.00000000E+00  0.00000000E+00  0.00000000E+00  0.00000000E+00  5.55872263E-02  0.00000000E+00  0.00000000E+00 -1.22659819E-01
    0.756000      1   0.00000000E+00  0.00000000E+00  2.76079888E-03  0.00000000E+00  0.00000000E+00  0.00000000E+00  0.00000000E+00  0.00000000E+00  5.55258811E-02  0.00000000E+00  0.00000000E+00 -1.22690367E-01
    0.756500      1   0.00000000E+00  0.00000000E+00  2.73620889E-03  0.00000000E+00  0.00000000E+00  0.00000000E+00  0.00000000E+00  0.00000000E+00  5.54645290E-02  0.00000000E+00  0.00000000E+00 -1.22704236E-01
    0.757000      1   0.00000000E+00  0.00000000E+00  2.78763689E-03  0.00000000E+00  0.00000000E+00  0.00000000E+00  0.00000000E+00  0.00000000E+00  5.54031742E-02  0.00000000E+00  0.00000000E+00 -1.22709672E-01
    0.757500      1   0.00000000E+00  0.00000000E+00  2.87051146E-03  0.00000000E+00  0.00000000E+00  0.00000000E+00  0.00000000E+00  0.00000000E+00  5.53418169E-02  0.00000000E+00  0.00000000E+00 -1.22714599E-01
    0.758000      1   0.00000000E+00  0.00000000E+00  2.80420867E-03  0.00000000E+00  0.00000000E+00  0.00000000E+00  0.00000000E+00  0.00000000E+00  5.52804650E-02  0.00000000E+00  0.00000000E+00 -1.22703754E-01
    0.758500      1   0.00000000E+00  0.00000000E+00  2.78641581E-03  0.00000000E+00  0.00000000E+00  0.00000000E+00  0.00000000E+00  0.00000000E+00  5.52191224E-02  0.00000000E+00  0.00000000E+00 -1.22685162E-01
    0.759000      1   0.00000000E+00  0.00000000E+00  2.69996186E-03  0.00000000E+00  0.00000000E+00  0.00000000E+00  0.00000000E+00  0.00000000E+00  5.51577829E-02  0.00000000E+00  0.00000000E+00 -1.22679031E-01
    0.759500      1   0.00000000E+00  0.00000000E+00  2.62108013E-03  0.00000000E+00  0.00000000E+00  0.00000000E+00  0.00000000E+00  0.00000000E+00  5.50964412E-02  0.00000000E+00  0.00000000E+00 -1.22683466E-01
    0.760000      1   0.00000000E+00  0.00000000E+00  2.69776649E-03  0.00000000E+00  0.00000000E+00  0.00000000E+00  0.00000000E+00  0.00000000E+00  5.50350867E-02  0.00000000E+00  0.00000000E+00 -1.22709072E-01
    0.760500      1   0.00000000E+00  0.00000000E+00  2.74357163E-03  0.00000000E+00  0.00000000E+00  0.00000000E+00  0.00000000E+00  0.00000000E+00  5.49737162E-02  0.00000000E+00  0.00000000E+00 -1.22740851E-01
    0.761000      1   0.00000000E+00  0.00000000E+00  2.72456933E-03  0.00000000E+00  0.00000000E+00  0.00000000E+00  0.00000000E+00  0.00000000E+00  5.49123382E-02  0.00000000E+00  0.00000000E+00 -1.22755986E-01
    0.761500      1   0.00000000E+00  0.00000000E+00  2.80275684E-03  0.00000000E+00  0.00000000E+00  0.00000000E+00  0.00000000E+00  0.00000000E+00  5.48509556E-02  0.00000000E+00  0.00000000E+00 -1.22765281E-01
    0.762000      1   0.00000000E+00  0.00000000E+00  2.85742287E-03  0.00000000E+00  0.00000000E+00  0.00000000E+00  0.00000000E+00  0.00000000E+00  5.47895702E-02  0.00000000E+00  0.00000000E+00 -1.22770782E-01
    0.762500      1   0.00000000E+00  0.00000000E+00  2.79432015E-03  0.00000000E+00  0.00000000E+00  0.00000000E+00  0.00000000E+00  0.00000000E+00  5.47281909E-02  0.00000000E+00  0.00000000E+00 -1.22758611E-01
    0.763000      1   0.00000000E+00  0.00000000E+00  2.79829664E-03  0.00000000E+00  0.00000000E+00  0.00000000E+00  0.00000000E+00  0.00000000E+00  5.46668194E-02  0.00000000E+00  0.00000000E+00 -1.22743043E-01
    0.763500      1   0.00000000E+00  0.00000000E+00  2.72014121E-03  0.00000000E+00  0.00000000E+00  0.00000000E+00  0.00000000E+00  0.00000000E+00  5.46054506E-02  0.00000000E+00  0.00000000E+00 -1.22737486E-01
    0.764000      1   0.00000000E+00  0.00000000E+00  2.64628474E-03  0.00000000E+00  0.00000000E+00  0.00000000E+00  0.00000000E+00  0.00000000E+00  5.45440815E-02  0.00000000E+00  0.00000000E+00 -1.22738185E-01
    0.764500      1   0.00000000E+00  0.00000000E+00  2.70158924E-03  0.00000000E+00  0.00000000E+00  0.00000000E+00  0.00000000E+00  0.00000000E+00  5.44827024E-02  0.00000000E+00  0.00000000E+00 -1.22758249E-01
    0.765000      1   0.00000000E+00  0.00000000E+00  2.74117202E-03  0.00000000E+00  0.00000000E+00  0.00000000E+00  0.00000000E+00  0.00000000E+00  5.44213096E-02  0.00000000E+00  0.00000000E+00 -1.22785551E-01
    0.765500      1   0.00000000E+00  0.00000000E+00  2.76132078E-03  0.00000000E+00  0.00000000E+00  0.00000000E+00  0.00000000E+00  0.00000000E+00  5.43599095E-02  0.00000000E+00  0.00000000E+00 -1.22800271E-01
    0.766000      1   0.00000000E+00  0.00000000E+00  2.78948062E-03  0.00000000E+00  0.00000000E+00  0.00000000E+00  0.00000000E+00  0.00000000E+00  5.42985061E-02  0.00000000E+00  0.00000000E+00 -1.22806710E-01
    0.766500      1   0.00000000E+00  0.00000000E+00  2.82080397E-03  0.00000000E+00  0.00000000E+00  0.00000000E+00  0.00000000E+00  0.00000000E+00  5.42371025E-02  0.00000000E+00  0.00000000E+00 -1.22807351E-01
    0.767000      1   0.00000000E+00  0.00000000E+00  2.81184557E-03  0.00000000E+00  0.00000000E+00  0.00000000E+00  0.00000000E+00  0.00000000E+00  5.41757022E-02  0.00000000E+00  0.00000000E+00 -1.22800597E-01
    0.767500      1   0.00000000E+00  0.00000000E+00  2.81888169E-03  0.00000000E+00  0.00000000E+00  0.00000000E+00  0.00000000E+00  0.00000000E+00  5.41143074E-02  0.00000000E+00  0.00000000E+00 -1.22789493E-01
    0.768000      1   0.00000000E+00  0.00000000E+00  2.70570459E-03  0.00000000E+00  0.00000000E+00  0.00000000E+00  0.00000000E+00  0.00000000E+00  5.40529178E-02  0.00000000E+00  0.00000000E+00 -1.22779237E-01
    0.768500      1   0.00000000E+00  0.00000000E+00  2.62683906E-03  0.00000000E+00  0.00000000E+00  0.00000000E+00  0.00000000E+00  0.00000000E+00  5.39915289E-02  0.00000000E+00  0.00000000E+00 -1.22777833E-01
    0.769000      1   0.00000000E+00  0.00000000E+00  2.69408006E-03  0.00000000E+00  0.00000000E+00  0.00000000E+00  0.00000000E+00  0.00000000E+00  5.39301279E-02  0.00000000E+00  0.00000000E+00 -1.22801987E-01
    0.769500      1   0.00000000E+00  0.00000000E+00  2.74457008E-03  0.00000000E+00  0.00000000E+00  0.00000000E+00  0.00000000E+00  0.00000000E+00  5.38687113E-02  0.00000000E+00  0.00000000E+00 -1.22833146E-01
    0.770000      1   0.00000000E+00  0.00000000E+00  2.73545192E-03  0.00000000E+00  0.00000000E+00  0.00000000E+00  0.00000000E+00  0.00000000E+00  5.38072869E-02  0.00000000E+00  0.00000000E+00 -1.22848799E-01
    0.770500      1   0.00000000E+00  0.00000000E+00  2.79600689E-03  0.00000000E+00  0.00000000E+00  0.00000000E+00  0.00000000E+00  0.00000000E+00  5.37458584E-02  0.00000000E+00  0.00000000E+00 -1.22856967E-01
    0.771000      1   0.00000000E+00  0.00000000E+00  2.85026731E-03  0.00000000E+00  0.00000000E+00  0.00000000E+00  0.00000000E+00  0.00000000E+00  5.36844278E-02  0.00000000E+00  0.00000000E+00 -1.22861278E-01
    0.771500      1   0.00000000E+00  0.00000000E+00  2.80927887E-03  0.00000000E+00  0.00000000E+00  0.00000000E+00  0.00000000E+00  0.00000000E+00  5.36230024E-02  0.00000000E+00  0.00000000E+00 -1.22850848E-01
    0.772000      1   0.00000000E+00  0.00000000E+00  2.78525582E-03  0.00000000E+00  0.00000000E+00  0.00000000E+00  0.00000000E+00  0.00000000E+00  5.35615848E-02  0.00000000E+00  0.00000000E+00 -1.22835133E-01
    0.772500      1   0.00000000E+00  0.00000000E+00  2.72455767E-03  0.00000000E+00  0.00000000E+00  0.00000000E+00  0.00000000E+00  0.00000000E+00  5.35001707E-02  0.00000000E+00  0.00000000E+00 -1.22828272E-01
    0.773000      1   0.00000000E+00  0.00000000E+00  2.65893917E-03  0.00000000E+00  0.00000000E+00  0.00000000E+00  0.00000000E+00  0.00000000E+00  5.34387553E-02  0.00000000E+00  0.00000000E+00 -1.22830722E-01
    0.773500      1   0.00000000E+00  0.00000000E+00  2.71034888E-03  0.00000000E+00  0.00000000E+00  0.00000000E+00  0.00000000E+00  0.00000000E+00  5.33773308E-02  0.00000000E+00  0.00000000E+00 -1.22848942E-01
    0.774000      1   0.00000000E+00  0.00000000E+00  2.74360712E-03  0.00000000E+00  0.00000000E+00  0.00000000E+00  0.00000000E+00  0.00000000E+00  5.33158941E-02  0.00000000E+00  0.00000000E+00 -1.22873391E-01
    0.774500      1   0.00000000E+00  0.00000000E+00  2.75720160E-03  0.00000000E+00  0.00000000E+00  0.00000000E+00  0.00000000E+00  0.00000000E+00  5.32544509E-02  0.00000000E+00  0.00000000E+00 -1.22886458E-01
    0.775000      1   0.00000000E+00  0.00000000E+00  2.78351789E-03  0.00000000E+00  0.00000000E+00  0.00000000E+00  0.00000000E+00  0.00000000E+00  5.31930045E-02  0.00000000E+00  0.00000000E+00 -1.22892861E-01
    0.775500      1   0.00000000E+00  0.00000000E+00  2.81826186E-03  0.00000000E+00  0.00000000E+00  0.00000000E+00  0.00000000E+00  0.00000000E+00  5.31315571E-02  0.00000000E+00  0.00000000E+00 -1.22894705E-01
    0.776000      1   0.00000000E+00  0.00000000E+00  2.81432343E-03  0.00000000E+00  0.00000000E+00  0.00000000E+00  0.00000000E+00  0.00000000E+00  5.30701126E-02  0.00000000E+00  0.00000000E+00 -1.22889156E-01
    0.776500      1   0.00000000E+00  0.00000000E+00  2.80603709E-03  0.00000000E+00  0.00000000E+00  0.00000000E+00  0.00000000E+00  0.00000000E+00  5.30086734E-02  0.00000000E+00  0.00000000E+00 -1.22878250E-01
    0.777000      1   0.00000000E+00  0.00000000E+00  2.70483400E-03  0.00000000E+00  0.00000000E+00  0.00000000E+00  0.00000000E+00  0.00000000E+00  5.29472391E-02  0.00000000E+00  0.00000000E+00 -1.22868723E-01
    0.777500      1   0.00000000E+00  0.00000000E+00  2.64567058E-03  0.00000000E+00  0.00000000E+00  0.00000000E+00  0.00000000E+00  0.00000000E+00  5.28858043E-02  0.00000000E+00  0.00000000E+00 -1.22869505E-01
    0.778000      1   0.00000000E+00  0.00000000E+00  2.71001616E-03  0.00000000E+00  0.00000000E+00  0.00000000E+00  0.00000000E+00  0.00000000E+00  5.28243583E-02  0.00000000E+00  0.00000000E+00 -1.22892137E-01
    0.778500      1   0.00000000E+00  0.00000000E+00  2.73711269E-03  0.00000000E+00  0.00000000E+00  0.00000000E+00  0.00000000E+00  0.00000000E+00  5.27628989E-02  0.00000000E+00  0.00000000E+00 -1.22918794E-01
    0.779000      1   0.00000000E+00  0.00000000E+00  2.72697075E-03  0.00000000E+00  0.00000000E+00  0.00000000E+00  0.00000000E+00  0.00000000E+00  5.27014326E-02  0.00000000E+00  0.00000000E+00 -1.22932489E-01
    0.779500      1   0.00000000E+00  0.00000000E+00  2.79527953E-03  0.00000000E+00  0.00000000E+00  0.00000000E+00  0.00000000E+00  0.00000000E+00  5.26399613E-02  0.00000000E+00  0.00000000E+00 -1.22942632E-01
    0.780000      1   0.00000000E+00  0.00000000E+00  2.84932697E-03  0.00000000E+00  0.00000000E+00  0.00000000E+00  0.00000000E+00  0.00000000E+00  5.25784871E-02  0.00000000E+00  0.00000000E+00 -1.22948400E-01
    0.780500      1   0.00000000E+00  0.00000000E+00  2.80585337E-03  0.00000000E+00  0.00000000E+00  0.00000000E+00  0.00000000E+00  0.00000000E+00  5.25170180E-02  0.00000000E+00  0.00000000E+00 -1.22938173E-01
    0.781000      1   0.00000000E+00  0.00000000E+00  2.76480345E-03  0.00000000E+00  0.00000000E+00  0.00000000E+00  0.00000000E+00  0.00000000E+00  5.24555566E-02  0.00000000E+00  0.00000000E+00 -1.22922915E-01
    0.781500      1   0.00000000E+00  0.00000000E+00  2.73226832E-03  0.00000000E+00  0.00000000E+00  0.00000000E+00  0.00000000E+00  0.00000000E+00  5.23940973E-02  0.00000000E+00  0.00000000E+00 -1.22918425E-01
    0.782000      1   0.00000000E+00  0.00000000E+00  2.67591288E-03  0.00000000E+00  0.00000000E+00  0.00000000E+00  0.00000000E+00  0.00000000E+00  5.23326356E-02  0.00000000E+00  0.00000000E+00 -1.22923552E-01
    0.782500      1   0.00000000E+00  0.00000000E+00  2.70906678E-03  0.00000000E+00  0.00000000E+00  0.00000000E+00  0.00000000E+00  0.00000000E+00  5.22711661E-02  0.00000000E+00  0.00000000E+00 -1.22939005E-01
    0.783000      1   0.00000000E+00  0.00000000E+00  2.72259972E-03  0.00000000E+00  0.00000000E+00  0.00000000E+00  0.00000000E+00  0.00000000E+00  5.22096857E-02  0.00000000E+00  0.00000000E+00 -1.22960780E-01
    0.783500      1   0.00000000E+00  0.00000000E+00  2.75614092E-03  0.00000000E+00  0.00000000E+00  0.00000000E+00  0.00000000E+00  0.00000000E+00  5.21481977E-02  0.00000000E+00  0.00000000E+00 -1.22975915E-01
    0.784000      1   0.00000000E+00  0.00000000E+00  2.77394949E-03  0.00000000E+00  0.00000000E+00  0.00000000E+00  0.00000000E+00  0.00000000E+00  5.20867048E-02  0.00000000E+00  0.00000000E+00 -1.22985861E-01
    0.784500      1   0.00000000E+00  0.00000000E+00  2.82147552E-03  0.00000000E+00  0.00000000E+00  0.00000000E+00  0.00000000E+00  0.00000000E+00  5.20252104E-02  0.00000000E+00  0.00000000E+00 -1.22988726E-01
    0.785000      1   0.00000000E+00  0.00000000E+00  2.81336420E-03  0.00000000E+00  0.00000000E+00  0.00000000E+00  0.00000000E+00  0.00000000E+00  5.19637182E-02  0.00000000E+00  0.00000000E+00 -1.22984463E-01
    0.785500      1   0.00000000E+00  0.00000000E+00  2.81175784E-03  0.00000000E+00  0.00000000E+00  0.00000000E+00  0.00000000E+00  0.00000000E+00  5.19022316E-02  0.00000000E+00  0.00000000E+00 -1.22973114E-01
    0.786000      1   0.00000000E+00  0.00000000E+00  2.71509005E-03  0.00000000E+00  0.00000000E+00  0.00000000E+00  0.00000000E+00  0.00000000E+00  5.18407500E-02  0.00000000E+00  0.00000000E+00 -1.22963239E-01
    0.786500      1   0.00000000E+00  0.00000000E+00  2.65671340E-03  0.00000000E+00  0.00000000E+00  0.00000000E+00  0.00000000E+00  0.00000000E+00  5.17792689E-02  0.00000000E+00  0.00000000E+00 -1.22962175E-01
    0.787000      1   0.00000000E+00  0.00000000E+00  2.70624832E-03  0.00000000E+00  0.00000000E+00  0.00000000E+00  0.00000000E+00  0.00000000E+00  5.17177779E-02  0.00000000E+00  0.00000000E+00 -1.22982146E-01
    0.787500      1   0.00000000E+00  0.00000000E+00  2.71896850E-03  0.00000000E+00  0.00000000E+00  0.00000000E+00  0.00000000E+00  0.00000000E+00  5.16562742E-02  0.00000000E+00  0.00000000E+00 -1.23007323E-01
    0.788000      1   0.00000000E+00  0.00000000E+00  2.73265935E-03  0.00000000E+00  0.00000000E+00  0.00000000E+00  0.00000000E+00  0.00000000E+00  5.15947626E-02  0.00000000E+00  0.00000000E+00 -1.23023242E-01
    0.788500      1   0.00000000E+00  0.00000000E+00  2.79310712E-03  0.00000000E+00  0.00000000E+00  0.00000000E+00  0.00000000E+00  0.00000000E+00  5.15332446E-02  0.00000000E+00  0.00000000E+00 -1.23035861E-01
    0.789000      1   0.00000000E+00  0.00000000E+00  2.82908080E-03  0.00000000E+00  0.00000000E+00  0.00000000E+00  0.00000000E+00  0.00000000E+00  5.14717242E-02  0.00000000E+00  0.00000000E+00 -1.23040887E-01
    0.789500      1   0.00000000E+00  0.00000000E+00  2.82432020E-03  0.00000000E+00  0.00000000E+00  0.00000000E+00  0.00000000E+00  0.00000000E+00  5.14102078E-02  0.00000000E+00  0.00000000E+00 -1.23032807E-01
    0.790000      1   0.00000000E+00  0.00000000E+00  2.77435494E-03  0.00000000E+00  0.00000000E+00  0.00000000E+00  0.00000000E+00  0.00000000E+00  5.13486982E-02  0.00000000E+00  0.00000000E+00 -1.23019240E-01
    0.790500      1   0.00000000E+00  0.00000000E+00  2.72191124E-03  0.00000000E+00  0.00000000E+00  0.00000000E+00  0.00000000E+00  0.00000000E+00  5.12871927E-02  0.00000000E+00  0.00000000E+00 -1.23010873E-01
    0.791000      1   0.00000000E+00  0.00000000E+00  2.68226781E-03  0.00000000E+00  0.00000000E+00  0.00000000E+00  0.00000000E+00  0.00000000E+00  5.12256851E-02  0.00000000E+00  0.00000000E+00 -1.23015348E-01
    0.791500      1   0.00000000E+00  0.00000000E+00  2.72410546E-03  0.00000000E+00  0.00000000E+00  0.00000000E+00  0.00000000E+00  0.00000000E+00  5.11641691E-02  0.00000000E+00  0.00000000E+00 -1.23031939E-01
    0.792000      1   0.00000000E+00  0.00000000E+00  2.72904928E-03  0.00000000E+00  0.00000000E+00  0.00000000E+00  0.00000000E+00  0.00000000E+00  5.11026434E-02  0.00000000E+00  0.00000000E+00 -1.23051341E-01
    0.792500      1   0.00000000E+00  0.00000000E+00  2.75562193E-03  0.00000000E+00  0.00000000E+00  0.00000000E+00  0.00000000E+00  0.00000000E+00  5.10411117E-02  0.00000000E+00  0.00000000E+00 -1.23063436E-01
    0.793000      1   0.00000000E+00  0.00000000E+00  2.76449125E-03  0.00000000E+00  0.00000000E+00  0.00000000E+00  0.00000000E+00  0.00000000E+00  5.09795755E-02  0.00000000E+00  0.00000000E+00 -1.23072370E-01
    0.793500      1   0.00000000E+00  0.00000000E+00  2.80173492E-03  0.00000000E+00  0.00000000E+00  0.00000000E+00  0.00000000E+00  0.00000000E+00  5.09180374E-02  0.00000000E+00  0.00000000E+00 -1.23076156E-01
    0.794000      1   0.00000000E+00  0.00000000E+00  2.80455185E-03  0.00000000E+00  0.00000000E+00  0.00000000E+00  0.00000000E+00  0.00000000E+00  5.08564998E-02  0.00000000E+00  0.00000000E+00 -1.23075192E-01
    0.794500      1   0.00000000E+00  0.00000000E+00  2.81282811E-03  0.00000000E+00  0.00000000E+00  0.00000000E+00  0.00000000E+00  0.00000000E+00  5.07949659E-02  0.00000000E+00  0.00000000E+00 -1.23067864E-01
    0.795000      1   0.00000000E+00  0.00000000E+00  2.73111770E-03  0.00000000E+00  0.00000000E+00  0.00000000E+00  0.00000000E+00  0.00000000E+00  5.07334362E-02  0.00000000E+00  0.00000000E+00 -1.23059341E-01
    0.795500      1   0.00000000E+00  0.00000000E+00  2.66861389E-03  0.00000000E+00  0.00000000E+00  0.00000000E+00  0.00000000E+00  0.00000000E+00  5.06719079E-02  0.00000000E+00  0.00000000E+00 -1.23056684E-01
    0.796000      1   0.00000000E+00  0.00000000E+00  2.72279803E-03  0.00000000E+00  0.00000000E+00  0.00000000E+00  0.00000000E+00  0.00000000E+00  5.06103714E-02  0.00000000E+00  0.00000000E+00 -1.23072971E-01
    0.796500      1   0.00000000E+00  0.00000000E+00  2.70928002E-03  0.00000000E+00  0.00000000E+00  0.00000000E+00  0.00000000E+00  0.00000000E+00  5.05488240E-02  0.00000000E+00  0.00000000E+00 -1.23094731E-01
    0.797000      1   0.00000000E+00  0.00000000E+00  2.73259054E-03  0.00000000E+00  0.00000000E+00  0.00000000E+00  0.00000000E+00  0.00000000E+00  5.04872697E-02  0.00000000E+00  0.00000000E+00 -1.23108788E-01
    0.797500      1   0.00000000E+00  0.00000000E+00  2.78782764E-03  0.00000000E+00  0.00000000E+00  0.00000000E+00  0.00000000E+00  0.00000000E+00  5.04257082E-02  0.00000000E+00  0.00000000E+00 -1.23123004E-01
    0.798000      1   0.00000000E+00  0.00000000E+00  2.82685730E-03  0.00000000E+00  0.00000000E+00  0.00000000E+00  0.00000000E+00  0.00000000E+00  5.03641439E-02  0.00000000E+00  0.00000000E+00 -1.23128509E-01
    0.798500      1   0.00000000E+00  0.00000000E+00  2.80828222E-03  0.00000000E+00  0.00000000E+00  0.00000000E+00  0.00000000E+00  0.00000000E+00  5.03025832E-02  0.00000000E+00  0.00000000E+00 -1.23121492E-01
    0.799000      1   0.00000000E+00  0.00000000E+00  2.78879244E-03  0.00000000E+00  0.00000000E+00  0.00000000E+00  0.00000000E+00  0.00000000E+00  5.02410283E-02  0.00000000E+00  0.00000000E+00 -1.23109708E-01
    0.799500      1   0.00000000E+00  0.00000000E+00  2.73926266E-03  0.00000000E+00  0.00000000E+00  0.00000000E+00  0.00000000E+00  0.00000000E+00  5.01794769E-02  0.00000000E+00  0.00000000E+00 -1.23102698E-01
    0.800000      1   0.00000000E+00  0.00000000E+00  2.67849960E-03  0.00000000E+00  0.00000000E+00  0.00000000E+00  0.00000000E+00  0.00000000E+00  5.01179253E-02  0.00000000E+00  0.00000000E+00 -1.23103268E-01
    0.800500      1   0.00000000E+00  0.00000000E+00  2.73024123E-03  0.00000000E+00  0.00000000E+00  0.00000000E+00  0.00000000E+00  0.00000000E+00  5.00563666E-02  0.00000000E+00  0.00000000E+00 -1.23117344E-01
    0.801000      1   0.00000000E+00  0.00000000E+00  2.73813644E-03  0.00000000E+00  0.00000000E+00  0.00000000E+00  0.00000000E+00  0.00000000E+00  4.99947982E-02  0.00000000E+00  0.00000000E+00 -1.23136822E-01
    0.801500      1   0.00000000E+00  0.00000000E+00  2.75317322E-03  0.00000000E+00  0.00000000E+00  0.00000000E+00  0.00000000E+00  0.00000000E+00  4.99332247E-02  0.00000000E+00  0.00000000E+00 -1.23147106E-01
    0.802000      1   0.00000000E+00  0.00000000E+00  2.76874304E-03  0.00000000E+00  0.00000000E+00  0.00000000E+00  0.00000000E+00  0.00000000E+00  4.98716473E-02  0.00000000E+00  0.00000000E+00 -1.23154764E-01
    0.802500      1   0.00000000E+00  0.00000000E+00  2.80756414E-03  0.00000000E+00  0.00000000E+00  0.00000000E+00  0.00000000E+00  0.00000000E+00  4.98100680E-02  0.00000000E+00  0.00000000E+00 -1.23158576E-01
    0.803000      1   0.00000000E+00  0.00000000E+00  2.79192284E-03  0.00000000E+00  0.00000000E+00  0.00000000E+00  0.00000000E+00  0.00000000E+00  4.97484898E-02  0.00000000E+00  0.00000000E+00 -1.23156398E-01
    0.803500      1   0.00000000E+00  0.00000000E+00  2.80330416E-03  0.00000000E+00  0.00000000E+00  0.00000000E+00  0.00000000E+00  0.00000000E+00  4.96869152E-02  0.00000000E+00  0.00000000E+00 -1.23149229E-01
    0.804000      1   0.00000000E+00  0.00000000E+00  2.73763034E-03  0.00000000E+00  0.00000000E+00  0.00000000E+00  0.00000000E+00  0.00000000E+00  4.96253434E-02  0.00000000E+00  0.00000000E+00 -1.23143623E-01
    0.804500      1   0.00000000E+00  0.00000000E+00  2.67966109E-03  0.00000000E+00  0.00000000E+00  0.00000000E+00  0.00000000E+00  0.00000000E+00  4.95637724E-02  0.00000000E+00  0.00000000E+00 -1.23141954E-01
    0.805000      1   0.00000000E+00  0.00000000E+00  2.73257277E-03  0.00000000E+00  0.00000000E+00  0.00000000E+00  0.00000000E+00  0.00000000E+00  4.95021943E-02  0.00000000E+00  0.00000000E+00 -1.23156194E-01
    0.805500      1   0.00000000E+00  0.00000000E+00  2.71464346E-03  0.00000000E+00  0.00000000E+00  0.00000000E+00  0.00000000E+00  0.00000000E+00  4.94406067E-02  0.00000000E+00  0.00000000E+00 -1.23175276E-01
    0.806000      1   0.00000000E+00  0.00000000E+00  2.72991323E-03  0.00000000E+00  0.00000000E+00  0.00000000E+00  0.00000000E+00  0.00000000E+00  4.93790130E-02  0.00000000E+00  0.00000000E+00 -1.23187254E-01
    0.806500      1   0.00000000E+00  0.00000000E+00  2.77690504E-03  0.00000000E+00  0.00000000E+00  0.00000000E+00  0.00000000E+00  0.00000000E+00  4.93174126E-02  0.00000000E+00  0.00000000E+00 -1.23200826E-01
    0.807000      1   0.00000000E+00  0.00000000E+00  2.81996450E-03  0.00000000E+00  0.00000000E+00  0.00000000E+00  0.00000000E+00  0.00000000E+00  4.92558088E-02  0.00000000E+00  0.00000000E+00 -1.23207736E-01
    0.807500      1   0.00000000E+00  0.00000000E+00  2.81774882E-03  0.00000000E+00  0.00000000E+00  0.00000000E+00  0.00000000E+00  0.00000000E+00  4.91942072E-02  0.00000000E+00  0.00000000E+00 -1.23203122E-01
    0.808000      1   0.00000000E+00  0.00000000E+00  2.78226344E-03  0.00000000E+00  0.00000000E+00  0.00000000E+00  0.00000000E+00  0.00000000E+00  4.91326114E-02  0.00000000E+00  0.00000000E+00 -1.23191634E-01
    0.808500      1   0.00000000E+00  0.00000000E+00  2.74225829E-03  0.00000000E+00  0.00000000E+00  0.00000000E+00  0.00000000E+00  0.00000000E+00  4.90710196E-02  0.00000000E+00  0.00000000E+00 -1.23183646E-01
    0.809000      1   0.00000000E+00  0.00000000E+00  2.68667696E-03  0.00000000E+00  0.00000000E+00  0.00000000E+00  0.00000000E+00  0.00000000E+00  4.90094271E-02  0.00000000E+00  0.00000000E+00 -1.23185023E-01
    0.809500      1   0.00000000E+00  0.00000000E+00  2.72506477E-03  0.00000000E+00  0.00000000E+00  0.00000000E+00  0.00000000E+00  0.00000000E+00  4.89478281E-02  0.00000000E+00  0.00000000E+00 -1.23197884E-01
    0.810000      1   0.00000000E+00  0.00000000E+00  2.72909432E-03  0.00000000E+00  0.00000000E+00  0.00000000E+00  0.00000000E+00  0.00000000E+00  4.88862199E-02  0.00000000E+00  0.00000000E+00 -1.23216477E-01
    0.810500      1   0.00000000E+00  0.00000000E+00  2.75999530E-03  0.00000000E+00  0.00000000E+00  0.00000000E+00  0.00000000E+00  0.00000000E+00  4.88246057E-02  0.00000000E+00  0.00000000E+00 -1.23228410E-01
    0.811000      1   0.00000000E+00  0.00000000E+00  2.76338546E-03  0.00000000E+00  0.00000000E+00  0.00000000E+00  0.00000000E+00  0.00000000E+00  4.87629872E-02  0.00000000E+00  0.00000000E+00 -1.23236950E-01
    0.811500      1   0.00000000E+00  0.00000000E+00  2.79358570E-03  0.00000000E+00  0.00000000E+00  0.00000000E+00  0.00000000E+00  0.00000000E+00  4.87013671E-02  0.00000000E+00  0.00000000E+00 -1.23240115E-01
    0.812000      1   0.00000000E+00  0.00000000E+00  2.79462379E-03  0.00000000E+00  0.00000000E+00  0.00000000E+00  0.00000000E+00  0.00000000E+00  4.86397471E-02  0.00000000E+00  0.00000000E+00 -1.23240054E-01
    0.812500      1   0.00000000E+00  0.00000000E+00  2.81802327E-03  0.00000000E+00  0.00000000E+00  0.00000000E+00  0.00000000E+00  0.00000000E+00  4.85781296E-02  0.00000000E+00  0.00000000E+00 -1.23234941E-01
    0.813000      1   0.00000000E+00  0.00000000E+00  2.73833118E-03  0.00000000E+00  0.00000000E+00  0.00000000E+00  0.00000000E+00  0.00000000E+00  4.85165158E-02  0.00000000E+00  0.00000000E+00 -1.23227590E-01
    0.813500      1   0.00000000E+00  0.00000000E+00  2.68594420E-03  0.00000000E+00  0.00000000E+00  0.00000000E+00  0.00000000E+00  0.00000000E+00  4.84549041E-02  0.00000000E+00  0.00000000E+00 -1.23223442E-01
    0.814000      1   0.00000000E+00  0.00000000E+00  2.69932302E-03  0.00000000E+00  0.00000000E+00  0.00000000E+00  0.00000000E+00  0.00000000E+00  4.83932856E-02  0.00000000E+00  0.00000000E+00 -1.23237012E-01
    0.814500      1   0.00000000E+00  0.00000000E+00  2.72359617E-03  0.00000000E+00  0.00000000E+00  0.00000000E+00  0.00000000E+00  0.00000000E+00  4.83316566E-02  0.00000000E+00  0.00000000E+00 -1.23258002E-01
    0.815000      1   0.00000000E+00  0.00000000E+00  2.74905070E-03  0.00000000E+00  0.00000000E+00  0.00000000E+00  0.00000000E+00  0.00000000E+00  4.82700193E-02  0.00000000E+00  0.00000000E+00 -1.23274648E-01
    0.815500      1   0.00000000E+00  0.00000000E+00  2.78269392E-03  0.00000000E+00  0.00000000E+00  0.00000000E+00  0.00000000E+00  0.00000000E+00  4.82083768E-02  0.00000000E+00  0.00000000E+00 -1.23285058E-01
    0.816000      1   0.00000000E+00  0.00000000E+00  2.81275228E-03  0.00000000E+00  0.00000000E+00  0.00000000E+00  0.00000000E+00  0.00000000E+00  4.81467326E-02  0.00000000E+00  0.00000000E+00 -1.23288313E-01
    0.816500      1   0.00000000E+00  0.00000000E+00  2.81300295E-03  0.00000000E+00  0.00000000E+00  0.00000000E+00  0.00000000E+00  0.00000000E+00  4.80850909E-02  0.00000000E+00  0.00000000E+00 -1.23283387E-01
    0.817000      1   0.00000000E+00  0.00000000E+00  2.78613695E-03  0.00000000E+00  0.00000000E+00  0.00000000E+00  0.00000000E+00  0.00000000E+00  4.80234542E-02  0.00000000E+00  0.00000000E+00 -1.23273502E-01
    0.817500      1   0.00000000E+00  0.00000000E+00  2.75876390E-03  0.00000000E+00  0.00000000E+00  0.00000000E+00  0.00000000E+00  0.00000000E+00  4.79618212E-02  0.00000000E+00  0.00000000E+00 -1.23265951E-01
    0.818000      1   0.00000000E+00  0.00000000E+00  2.69345767E-03  0.00000000E+00  0.00000000E+00  0.00000000E+00  0.00000000E+00  0.00000000E+00  4.79001886E-02  0.00000000E+00  0.00000000E+00 -1.23265233E-01
    0.818500      1   0.00000000E+00  0.00000000E+00  2.71492463E-03  0.00000000E+00  0.00000000E+00  0.00000000E+00  0.00000000E+00  0.00000000E+00  4.78385512E-02  0.00000000E+00  0.00000000E+00 -1.23274784E-01
    0.819000      1   0.00000000E+00  0.00000000E+00  2.72212793E-03  0.00000000E+00  0.00000000E+00  0.00000000E+00  0.00000000E+00  0.00000000E+00  4.77769046E-02  0.00000000E+00  0.00000000E+00 -1.23293160E-01
    0.819500      1   0.00000000E+00  0.00000000E+00  2.76445360E-03  0.00000000E+00  0.00000000E+00  0.00000000E+00  0.00000000E+00  0.00000000E+00  4.77152509E-02  0.00000000E+00  0.00000000E+00 -1.23307374E-01
    0.820000      1   0.00000000E+00  0.00000000E+00  2.77519237E-03  0.00000000E+00  0.00000000E+00  0.00000000E+00  0.00000000E+00  0.00000000E+00  4.76535926E-02  0.00000000E+00  0.00000000E+00 -1.23316663E-01
    0.820500      1   0.00000000E+00  0.00000000E+00  2.79784726E-03  0.00000000E+00  0.00000000E+00  0.00000000E+00  0.00000000E+00  0.00000000E+00  4.75919335E-02  0.00000000E+00  0.00000000E+00 -1.23318053E-01
    0.821000      1   0.00000000E+00  0.00000000E+00  2.78307413E-03  0.00000000E+00  0.00000000E+00  0.00000000E+00  0.00000000E+00  0.00000000E+00  4.75302757E-02  0.00000000E+00  0.00000000E+00 -1.23315676E-01
    0.821500      1   0.00000000E+00  0.00000000E+00  2.81496208E-03  0.00000000E+00  0.00000000E+00  0.00000000E+00  0.00000000E+00  0.00000000E+00  4.74686203E-02  0.00000000E+00  0.00000000E+00 -1.23310885E-01
    0.822000      1   0.00000000E+00  0.00000000E+00  2.75305164E-03  0.00000000E+00  0.00000000E+00  0.00000000E+00  0.00000000E+00  0.00000000E+00  4.74069674E-02  0.00000000E+00  0.00000000E+00 -1.23305700E-01
    0.822500      1   0.00000000E+00  0.00000000E+00  2.69369193E-03  0.00000000E+00  0.00000000E+00  0.00000000E+00  0.00000000E+00  0.00000000E+00  4.73453170E-02  0.00000000E+00  0.00000000E+00 -1.23300754E-01
    0.823000      1   0.00000000E+00  0.00000000E+00  2.69671218E-03  0.00000000E+00  0.00000000E+00  0.00000000E+00  0.00000000E+00  0.00000000E+00  4.72836614E-02  0.00000000E+00  0.00000000E+00 -1.23311221E-01
    0.823500      1   0.00000000E+00  0.00000000E+00  2.69937532E-03  0.00000000E+00  0.00000000E+00  0.00000000E+00  0.00000000E+00  0.00000000E+00  4.72219958E-02  0.00000000E+00  0.00000000E+00 -1.23331170E-01
    0.824000      1   0.00000000E+00  0.00000000E+00  2.74989010E-03  0.00000000E+00  0.00000000E+00  0.00000000E+00  0.00000000E+00  0.00000000E+00  4.71603207E-02  0.00000000E+00  0.00000000E+00 -1.23350387E-01
    0.824500      1   0.00000000E+00  0.00000000E+00  2.79174883E-03  0.00000000E+00  0.00000000E+00  0.00000000E+00  0.00000000E+00  0.00000000E+00  4.70986383E-02  0.00000000E+00  0.00000000E+00 -1.23364699E-01
    0.825000      1   0.00000000E+00  0.00000000E+00  2.82214148E-03  0.00000000E+00  0.00000000E+00  0.00000000E+00  0.00000000E+00  0.00000000E+00  4.70369548E-02  0.00000000E+00  0.00000000E+00 -1.23367016E-01
    0.825500      1   0.00000000E+00  0.00000000E+00  2.81278600E-03  0.00000000E+00  0.00000000E+00  0.00000000E+00  0.00000000E+00  0.00000000E+00  4.69752749E-02  0.00000000E+00  0.00000000E+00 -1.23359773E-01
    0.826000      1   0.00000000E+00  0.00000000E+00  2.78557471E-03  0.00000000E+00  0.00000000E+00  0.00000000E+00  0.00000000E+00  0.00000000E+00  4.69136007E-02  0.00000000E+00  0.00000000E+00 -1.23348365E-01
    0.826500      1   0.00000000E+00  0.00000000E+00  2.76572911E-03  0.00000000E+00  0.00000000E+00  0.00000000E+00  0.00000000E+00  0.00000000E+00  4.68519303E-02  0.00000000E+00  0.00000000E+00 -1.23340900E-01
    0.827000      1   0.00000000E+00  0.00000000E+00  2.69982241E-03  0.00000000E+00  0.00000000E+00  0.00000000E+00  0.00000000E+00  0.00000000E+00  4.67902604E-02  0.00000000E+00  0.00000000E+00 -1.23339658E-01
    0.827500      1   0.00000000E+00  0.00000000E+00  2.70934537E-03  0.00000000E+00  0.00000000E+00  0.00000000E+00  0.00000000E+00  0.00000000E+00  4.67285867E-02  0.00000000E+00  0.00000000E+00 -1.23347502E-01
    0.828000      1   0.00000000E+00  0.00000000E+00  2.71729691E-03  0.00000000E+00  0.00000000E+00  0.00000000E+00  0.00000000E+00  0.00000000E+00  4.66669040E-02  0.00000000E+00  0.00000000E+00 -1.23365327E-01
    0.828500      1   0.00000000E+00  0.00000000E+00  2.76167392E-03  0.00000000E+00  0.00000000E+00  0.00000000E+00  0.00000000E+00  0.00000000E+00  4.66052136E-02  0.00000000E+00  0.00000000E+00 -1.23380885E-01
    0.829000      1   0.00000000E+00  0.00000000E+00  2.76930008E-03  0.00000000E+00  0.00000000E+00  0.00000000E+00  0.00000000E+00  0.00000000E+00  4.65435180E-02  0.00000000E+00  0.00000000E+00 -1.23391213E-01
    0.829500      1   0.00000000E+00  0.00000000E+00  2.79841738E-03  0.00000000E+00  0.00000000E+00  0.00000000E+00  0.00000000E+00  0.00000000E+00  4.64818212E-02  0.00000000E+00  0.00000000E+00 -1.23393580E-01
    0.830000      1   0.00000000E+00  0.00000000E+00  2.79242812E-03  0.00000000E+00  0.00000000E+00  0.00000000E+00  0.00000000E+00  0.00000000E+00  4.64201251E-02  0.00000000E+00  0.00000000E+00 -1.23392120E-01
    0.830500      1   0.00000000E+00  0.00000000E+00  2.82150375E-03  0.00000000E+00  0.00000000E+00  0.00000000E+00  0.00000000E+00  0.00000000E+00  4.63584319E-02  0.00000000E+00  0.00000000E+00 -1.23386408E-01
    0.831000      1   0.00000000E+00  0.00000000E+00  2.75535386E-03  0.00000000E+00  0.00000000E+00  0.00000000E+00  0.00000000E+00  0.00000000E+00  4.62967424E-02  0.00000000E+00  0.00000000E+00 -1.23379109E-01
    0.831500      1   0.00000000E+00  0.00000000E+00  2.69627800E-03  0.00000000E+00  0.00000000E+00  0.00000000E+00  0.00000000E+00  0.00000000E+00  4.62350559E-02  0.00000000E+00  0.00000000E+00 -1.23372885E-01
    0.832000      1   0.00000000E+00  0.00000000E+00  2.69575317E-03  0.00000000E+00  0.00000000E+00  0.00000000E+00  0.00000000E+00  0.00000000E+00  4.61733646E-02  0.00000000E+00  0.00000000E+00 -1.23382746E-01
    0.832500      1   0.00000000E+00  0.00000000E+00  2.69978658E-03  0.00000000E+00  0.00000000E+00  0.00000000E+00  0.00000000E+00  0.00000000E+00  4.61116634E-02  0.00000000E+00  0.00000000E+00 -1.23402354E-01
    0.833000      1   0.00000000E+00  0.00000000E+00  2.75037978E-03  0.00000000E+00  0.00000000E+00  0.00000000E+00  0.00000000E+00  0.00000000E+00  4.60499525E-02  0.00000000E+00  0.00000000E+00 -1.23421692E-01
    0.833500      1   0.00000000E+00  0.00000000E+00  2.78690720E-03  0.00000000E+00  0.00000000E+00  0.00000000E+00  0.00000000E+00  0.00000000E+00  4.59882346E-02  0.00000000E+00  0.00000000E+00 -1.23435894E-01
    0.834000      1   0.00000000E+00  0.00000000E+00  2.81637122E-03  0.00000000E+00  0.00000000E+00  0.00000000E+00  0.00000000E+00  0.00000000E+00  4.59265153E-02  0.00000000E+00  0.00000000E+00 -1.23438559E-01
    0.834500      1   0.00000000E+00  0.00000000E+00  2.82009464E-03  0.00000000E+00  0.00000000E+00  0.00000000E+00  0.00000000E+00  0.00000000E+00  4.58647990E-02  0.00000000E+00  0.00000000E+00 -1.23432620E-01
    0.835000      1   0.00000000E+00  0.00000000E+00  2.79257422E-03  0.00000000E+00  0.00000000E+00  0.00000000E+00  0.00000000E+00  0.00000000E+00  4.58030882E-02  0.00000000E+00  0.00000000E+00 -1.23421514E-01
    0.835500      1   0.00000000E+00  0.00000000E+00  2.76799899E-03  0.00000000E+00  0.00000000E+00  0.00000000E+00  0.00000000E+00  0.00000000E+00  4.57413821E-02  0.00000000E+00  0.00000000E+00 -1.23412230E-01
    0.836000      1   0.00000000E+00  0.00000000E+00  2.70167624E-03  0.00000000E+00  0.00000000E+00  0.00000000E+00  0.00000000E+00  0.00000000E+00  4.56796773E-02  0.00000000E+00  0.00000000E+00 -1.23409638E-01
    0.836500      1   0.00000000E+00  0.00000000E+00  2.70922641E-03  0.00000000E+00  0.00000000E+00  0.00000000E+00  0.00000000E+00  0.00000000E+00  4.56179688E-02  0.00000000E+00  0.00000000E+00 -1.23416945E-01
    0.837000      1   0.00000000E+00  0.00000000E+00  2.71810459E-03  0.00000000E+00  0.00000000E+00  0.00000000E+00  0.00000000E+00  0.00000000E+00  4.55562516E-02  0.00000000E+00  0.00000000E+00 -1.23434476E-01
    0.837500      1   0.00000000E+00  0.00000000E+00  2.76309287E-03  0.00000000E+00  0.00000000E+00  0.00000000E+00  0.00000000E+00  0.00000000E+00  4.54945266E-02  0.00000000E+00  0.00000000E+00 -1.23449982E-01
    0.838000      1   0.00000000E+00  0.00000000E+00  2.76835459E-03  0.00000000E+00  0.00000000E+00  0.00000000E+00  0.00000000E+00  0.00000000E+00  4.54327966E-02  0.00000000E+00  0.00000000E+00 -1.23460052E-01
    0.838500      1   0.00000000E+00  0.00000000E+00  2.79302800E-03  0.00000000E+00  0.00000000E+00  0.00000000E+00  0.00000000E+00  0.00000000E+00  4.53710654E-02  0.00000000E+00  0.00000000E+00 -1.23462270E-01
    0.839000      1   0.00000000E+00  0.00000000E+00  2.79651076E-03  0.00000000E+00  0.00000000E+00  0.00000000E+00  0.00000000E+00  0.00000000E+00  4.53093347E-02  0.00000000E+00  0.00000000E+00 -1.23461441E-01
    0.839500      1   0.00000000E+00  0.00000000E+00  2.82626580E-03  0.00000000E+00  0.00000000E+00  0.00000000E+00  0.00000000E+00  0.00000000E+00  4.52476066E-02  0.00000000E+00  0.00000000E+00 -1.23456254E-01
    0.840000      1   0.00000000E+00  0.00000000E+00  2.75773880E-03  0.00000000E+00  0.00000000E+00  0.00000000E+00  0.00000000E+00  0.00000000E+00  4.51858827E-02  0.00000000E+00  0.00000000E+00 -1.23447863E-01
    0.840500      1   0.00000000E+00  0.00000000E+00  2.69658972E-03  0.00000000E+00  0.00000000E+00  0.00000000E+00  0.00000000E+00  0.00000000E+00  4.51241623E-02  0.00000000E+00  0.00000000E+00 -1.23440646E-01
    0.841000      1   0.00000000E+00  0.00000000E+00  2.69595351E-03  0.00000000E+00  0.00000000E+00  0.00000000E+00  0.00000000E+00  0.00000000E+00  4.50624373E-02  0.00000000E+00  0.00000000E+00 -1.23450088E-01
    0.841500      1   0.00000000E+00  0.00000000E+00  2.70080724E-03  0.00000000E+00  0.00000000E+00  0.00000000E+00  0.00000000E+00  0.00000000E+00  4.50007025E-02  0.00000000E+00  0.00000000E+00 -1.23469627E-01
    0.842000      1   0.00000000E+00  0.00000000E+00  2.75173202E-03  0.00000000E+00  0.00000000E+00  0.00000000E+00  0.00000000E+00  0.00000000E+00  4.49389581E-02  0.00000000E+00  0.00000000E+00 -1.23488842E-01
    0.842500      1   0.00000000E+00  0.00000000E+00  2.78825823E-03  0.00000000E+00  0.00000000E+00  0.00000000E+00  0.00000000E+00  0.00000000E+00  4.48772067E-02  0.00000000E+00  0.00000000E+00 -1.23502757E-01
    0.843000      1   0.00000000E+00  0.00000000E+00  2.81737560E-03  0.00000000E+00  0.00000000E+00  0.00000000E+00  0.00000000E+00  0.00000000E+00  4.48154541E-02  0.00000000E+00  0.00000000E+00 -1.23505080E-01
    0.843500      1   0.00000000E+00  0.00000000E+00  2.82077200E-03  0.00000000E+00  0.00000000E+00  0.00000000E+00  0.00000000E+00  0.00000000E+00  4.47537047E-02  0.00000000E+00  0.00000000E+00 -1.23498831E-01
    0.844000      1   0.00000000E+00  0.00000000E+00  2.79318427E-03  0.00000000E+00  0.00000000E+00  0.00000000E+00  0.00000000E+00  0.00000000E+00  4.46919610E-02  0.00000000E+00  0.00000000E+00 -1.23487500E-01
    0.844500      1   0.00000000E+00  0.00000000E+00  2.76891117E-03  0.00000000E+00  0.00000000E+00  0.00000000E+00  0.00000000E+00  0.00000000E+00  4.46302220E-02  0.00000000E+00  0.00000000E+00 -1.23478051E-01
    0.845000      1   0.00000000E+00  0.00000000E+00  2.70270283E-03  0.00000000E+00  0.00000000E+00  0.00000000E+00  0.00000000E+00  0.00000000E+00  4.45684843E-02  0.00000000E+00  0.00000000E+00 -1.23475278E-01
    0.845500      1   0.00000000E+00  0.00000000E+00  2.70990726E-03  0.00000000E+00  0.00000000E+00  0.00000000E+00  0.00000000E+00  0.00000000E+00  4.45067431E-02  0.00000000E+00  0.00000000E+00 -1.23482345E-01
    0.846000      1   0.00000000E+00  0.00000000E+00  2.71932918E-03  0.00000000E+00  0.00000000E+00  0.00000000E+00  0.00000000E+00  0.00000000E+00  4.44449933E-02  0.00000000E+00  0.00000000E+00 -1.23499647E-01
    0.846500      1   0.00000000E+00  0.00000000E+00  2.76419207E-03  0.00000000E+00  0.00000000E+00  0.00000000E+00  0.00000000E+00  0.00000000E+00  4.43832359E-02  0.00000000E+00  0.00000000E+00 -1.23514932E-01
    0.847000      1   0.00000000E+00  0.00000000E+00  2.77165056E-03  0.00000000E+00  0.00000000E+00  0.00000000E+00  0.00000000E+00  0.00000000E+00  4.43214735E-02  0.00000000E+00  0.00000000E+00 -1.23524704E-01
    0.847500      1   0.00000000E+00  0.00000000E+00  2.80032025E-03  0.00000000E+00  0.00000000E+00  0.00000000E+00  0.00000000E+00  0.00000000E+00  4.42597103E-02  0.00000000E+00  0.00000000E+00 -1.23526450E-01
    0.848000      1   0.00000000E+00  0.00000000E+00  2.79433141E-03  0.00000000E+00  0.00000000E+00  0.00000000E+00  0.00000000E+00  0.00000000E+00  4.41979481E-02  0.00000000E+00  0.00000000E+00 -1.23524436E-01
    0.848500      1   0.00000000E+00  0.00000000E+00  2.82326558E-03  0.00000000E+00  0.00000000E+00  0.00000000E+00  0.00000000E+00  0.00000000E+00  4.41361889E-02  0.00000000E+00  0.00000000E+00 -1.23518243E-01
    0.849000      1   0.00000000E+00  0.00000000E+00  2.75727350E-03  0.00000000E+00  0.00000000E+00  0.00000000E+00  0.00000000E+00  0.00000000E+00  4.40744337E-02  0.00000000E+00  0.00000000E+00 -1.23510476E-01
    0.849500      1   0.00000000E+00  0.00000000E+00  2.69835644E-03  0.00000000E+00  0.00000000E+00  0.00000000E+00  0.00000000E+00  0.00000000E+00  4.40126818E-02  0.00000000E+00  0.00000000E+00 -1.23503793E-01
    0.850000      1   0.00000000E+00  0.00000000E+00  2.69773124E-03  0.00000000E+00  0.00000000E+00  0.00000000E+00  0.00000000E+00  0.00000000E+00  4.39509252E-02  0.00000000E+00  0.00000000E+00 -1.23513155E-01
    0.850500      1   0.00000000E+00  0.00000000E+00  2.70215393E-03  0.00000000E+00  0.00000000E+00  0.00000000E+00  0.00000000E+00  0.00000000E+00  4.38891591E-02  0.00000000E+00  0.00000000E+00 -1.23532247E-01
    0.851000      1   0.00000000E+00  0.00000000E+00  2.75217894E-03  0.00000000E+00  0.00000000E+00  0.00000000E+00  0.00000000E+00  0.00000000E+00  4.38273836E-02  0.00000000E+00  0.00000000E+00 -1.23551051E-01
    0.851500      1   0.00000000E+00  0.00000000E+00  2.79117716E-03  0.00000000E+00  0.00000000E+00  0.00000000E+00  0.00000000E+00  0.00000000E+00  4.37656012E-02  0.00000000E+00  0.00000000E+00 -1.23564705E-01
    0.852000      1   0.00000000E+00  0.00000000E+00  2.82178070E-03  0.00000000E+00  0.00000000E+00  0.00000000E+00  0.00000000E+00  0.00000000E+00  4.37038179E-02  0.00000000E+00  0.00000000E+00 -1.23566697E-01
    0.852500      1   0.00000000E+00  0.00000000E+00  2.81953663E-03  0.00000000E+00  0.00000000E+00  0.00000000E+00  0.00000000E+00  0.00000000E+00  4.36420381E-02  0.00000000E+00  0.00000000E+00 -1.23559579E-01
    0.853000      1   0.00000000E+00  0.00000000E+00  2.79159901E-03  0.00000000E+00  0.00000000E+00  0.00000000E+00  0.00000000E+00  0.00000000E+00  4.35802643E-02  0.00000000E+00  0.00000000E+00 -1.23547634E-01
    0.853500      1   0.00000000E+00  0.00000000E+00  2.76687230E-03  0.00000000E+00  0.00000000E+00  0.00000000E+00  0.00000000E+00  0.00000000E+00  4.35184950E-02  0.00000000E+00  0.00000000E+00 -1.23538527E-01
    0.854000      1   0.00000000E+00  0.00000000E+00  2.70170520E-03  0.00000000E+00  0.00000000E+00  0.00000000E+00  0.00000000E+00  0.00000000E+00  4.34567269E-02  0.00000000E+00  0.00000000E+00 -1.23536195E-01
    0.854500      1   0.00000000E+00  0.00000000E+00  2.71263474E-03  0.00000000E+00  0.00000000E+00  0.00000000E+00  0.00000000E+00  0.00000000E+00  4.33949551E-02  0.00000000E+00  0.00000000E+00 -1.23543685E-01
    0.855000      1   0.00000000E+00  0.00000000E+00  2.72126838E-03  0.00000000E+00  0.00000000E+00  0.00000000E+00  0.00000000E+00  0.00000000E+00  4.33331746E-02  0.00000000E+00  0.00000000E+00 -1.23560909E-01
    0.855500      1   0.00000000E+00  0.00000000E+00  2.77109491E-03  0.00000000E+00  0.00000000E+00  0.00000000E+00  0.00000000E+00  0.00000000E+00  4.32713868E-02  0.00000000E+00  0.00000000E+00 -1.23575576E-01
    0.856000      1   0.00000000E+00  0.00000000E+00  2.77569712E-03  0.00000000E+00  0.00000000E+00  0.00000000E+00  0.00000000E+00  0.00000000E+00  4.32095946E-02  0.00000000E+00  0.00000000E+00 -1.23584419E-01
    0.856500      1   0.00000000E+00  0.00000000E+00  2.80362782E-03  0.00000000E+00  0.00000000E+00  0.00000000E+00  0.00000000E+00  0.00000000E+00  4.31478023E-02  0.00000000E+00  0.00000000E+00 -1.23584673E-01
    0.857000      1   0.00000000E+00  0.00000000E+00  2.78996987E-03  0.00000000E+00  0.00000000E+00  0.00000000E+00  0.00000000E+00  0.00000000E+00  4.30860114E-02  0.00000000E+00  0.00000000E+00 -1.23581702E-01
    0.857500      1   0.00000000E+00  0.00000000E+00  2.82055929E-03  0.00000000E+00  0.00000000E+00  0.00000000E+00  0.00000000E+00  0.00000000E+00  4.30242238E-02  0.00000000E+00  0.00000000E+00 -1.23575352E-01
    0.858000      1   0.00000000E+00  0.00000000E+00  2.75654855E-03  0.00000000E+00  0.00000000E+00  0.00000000E+00  0.00000000E+00  0.00000000E+00  4.29624395E-02  0.00000000E+00  0.00000000E+00 -1.23568540E-01
    0.858500      1   0.00000000E+00  0.00000000E+00  2.69679111E-03  0.00000000E+00  0.00000000E+00  0.00000000E+00  0.00000000E+00  0.00000000E+00  4.29006583E-02  0.00000000E+00  0.00000000E+00 -1.23562365E-01
    0.859000      1   0.00000000E+00  0.00000000E+00  2.70219334E-03  0.00000000E+00  0.00000000E+00  0.00000000E+00  0.00000000E+00  0.00000000E+00  4.28388723E-02  0.00000000E+00  0.00000000E+00 -1.23571985E-01
    0.859500      1   0.00000000E+00  0.00000000E+00  2.70404500E-03  0.00000000E+00  0.00000000E+00  0.00000000E+00  0.00000000E+00  0.00000000E+00  4.27770768E-02  0.00000000E+00  0.00000000E+00 -1.23590940E-01
    0.860000      1   0.00000000E+00  0.00000000E+00  2.75451826E-03  0.00000000E+00  0.00000000E+00  0.00000000E+00  0.00000000E+00  0.00000000E+00  4.27152724E-02  0.00000000E+00  0.00000000E+00 -1.23608844E-01
    0.860500      1   0.00000000E+00  0.00000000E+00  2.79827782E-03  0.00000000E+00  0.00000000E+00  0.00000000E+00  0.00000000E+00  0.00000000E+00  4.26534614E-02  0.00000000E+00  0.00000000E+00 -1.23621981E-01
    0.861000      1   0.00000000E+00  0.00000000E+00  2.82445935E-03  0.00000000E+00  0.00000000E+00  0.00000000E+00  0.00000000E+00  0.00000000E+00  4.25916499E-02  0.00000000E+00  0.00000000E+00 -1.23622960E-01
    0.861500      1   0.00000000E+00  0.00000000E+00  2.81463728E-03  0.00000000E+00  0.00000000E+00  0.00000000E+00  0.00000000E+00  0.00000000E+00  4.25298427E-02  0.00000000E+00  0.00000000E+00 -1.23614439E-01
    0.862000      1   0.00000000E+00  0.00000000E+00  2.78869170E-03  0.00000000E+00  0.00000000E+00  0.00000000E+00  0.00000000E+00  0.00000000E+00  4.24680415E-02  0.00000000E+00  0.00000000E+00 -1.23602488E-01
    0.862500      1   0.00000000E+00  0.00000000E+00  2.76474384E-03  0.00000000E+00  0.00000000E+00  0.00000000E+00  0.00000000E+00  0.00000000E+00  4.24062443E-02  0.00000000E+00  0.00000000E+00 -1.23594443E-01
    0.863000      1   0.00000000E+00  0.00000000E+00  2.70054363E-03  0.00000000E+00  0.00000000E+00  0.00000000E+00  0.00000000E+00  0.00000000E+00  4.23444479E-02  0.00000000E+00  0.00000000E+00 -1.23592776E-01
    0.863500      1   0.00000000E+00  0.00000000E+00  2.72068713E-03  0.00000000E+00  0.00000000E+00  0.00000000E+00  0.00000000E+00  0.00000000E+00  4.22826475E-02  0.00000000E+00  0.00000000E+00 -1.23600718E-01
    0.864000      1   0.00000000E+00  0.00000000E+00  2.73234551E-03  0.00000000E+00  0.00000000E+00  0.00000000E+00  0.00000000E+00  0.00000000E+00  4.22208388E-02  0.00000000E+00  0.00000000E+00 -1.23617422E-01
    0.864500      1   0.00000000E+00  0.00000000E+00  2.76772461E-03  0.00000000E+00  0.00000000E+00  0.00000000E+00  0.00000000E+00  0.00000000E+00  4.21590239E-02  0.00000000E+00  0.00000000E+00 -1.23629786E-01
    0.865000      1   0.00000000E+00  0.00000000E+00  2.77628893E-03  0.00000000E+00  0.00000000E+00  0.00000000E+00  0.00000000E+00  0.00000000E+00  4.20972054E-02  0.00000000E+00  0.00000000E+00 -1.23637109E-01
    0.865500      1   0.00000000E+00  0.00000000E+00  2.80029648E-03  0.00000000E+00  0.00000000E+00  0.00000000E+00  0.00000000E+00  0.00000000E+00  4.20353864E-02  0.00000000E+00  0.00000000E+00 -1.23637864E-01
    0.866000      1   0.00000000E+00  0.00000000E+00  2.79886699E-03  0.00000000E+00  0.00000000E+00  0.00000000E+00  0.00000000E+00  0.00000000E+00  4.19735689E-02  0.00000000E+00  0.00000000E+00 -1.23635090E-01
    0.866500      1   0.00000000E+00  0.00000000E+00  2.81927613E-03  0.00000000E+00  0.00000000E+00  0.00000000E+00  0.00000000E+00  0.00000000E+00  4.19117546E-02  0.00000000E+00  0.00000000E+00 -1.23628501E-01
    0.867000      1   0.00000000E+00  0.00000000E+00  2.74962213E-03  0.00000000E+00  0.00000000E+00  0.00000000E+00  0.00000000E+00  0.00000000E+00  4.18499445E-02  0.00000000E+00  0.00000000E+00 -1.23620341E-01
    0.867500      1   0.00000000E+00  0.00000000E+00  2.69254863E-03  0.00000000E+00  0.00000000E+00  0.00000000E+00  0.00000000E+00  0.00000000E+00  4.17881370E-02  0.00000000E+00  0.00000000E+00 -1.23614989E-01
    0.868000      1   0.00000000E+00  0.00000000E+00  2.70374212E-03  0.00000000E+00  0.00000000E+00  0.00000000E+00  0.00000000E+00  0.00000000E+00  4.17263239E-02  0.00000000E+00  0.00000000E+00 -1.23626122E-01
    0.868500      1   0.00000000E+00  0.00000000E+00  2.72792284E-03  0.00000000E+00  0.00000000E+00  0.00000000E+00  0.00000000E+00  0.00000000E+00  4.16645011E-02  0.00000000E+00  0.00000000E+00 -1.23645636E-01
    0.869000      1   0.00000000E+00  0.00000000E+00  2.75444277E-03  0.00000000E+00  0.00000000E+00  0.00000000E+00  0.00000000E+00  0.00000000E+00  4.16026705E-02  0.00000000E+00  0.00000000E+00 -1.23661174E-01
    0.869500      1   0.00000000E+00  0.00000000E+00  2.78313768E-03  0.00000000E+00  0.00000000E+00  0.00000000E+00  0.00000000E+00  0.00000000E+00  4.15408353E-02  0.00000000E+00  0.00000000E+00 -1.23670397E-01
    0.870000      1   0.00000000E+00  0.00000000E+00  2.81875250E-03  0.00000000E+00  0.00000000E+00  0.00000000E+00  0.00000000E+00  0.00000000E+00  4.14789989E-02  0.00000000E+00  0.00000000E+00 -1.23672728E-01
    0.870500      1   0.00000000E+00  0.00000000E+00  2.82437917E-03  0.00000000E+00  0.00000000E+00  0.00000000E+00  0.00000000E+00  0.00000000E+00  4.14171653E-02  0.00000000E+00  0.00000000E+00 -1.23667198E-01
    0.871000      1   0.00000000E+00  0.00000000E+00  2.79428530E-03  0.00000000E+00  0.00000000E+00  0.00000000E+00  0.00000000E+00  0.00000000E+00  4.13553377E-02  0.00000000E+00  0.00000000E+00 -1.23655322E-01
    0.871500      1   0.00000000E+00  0.00000000E+00  2.75706677E-03  0.00000000E+00  0.00000000E+00  0.00000000E+00  0.00000000E+00  0.00000000E+00  4.12935151E-02  0.00000000E+00  0.00000000E+00 -1.23645183E-01
    0.872000      1   0.00000000E+00  0.00000000E+00  2.69291876E-03  0.00000000E+00  0.00000000E+00  0.00000000E+00  0.00000000E+00  0.00000000E+00  4.12316934E-02  0.00000000E+00  0.00000000E+00 -1.23643276E-01
    0.872500      1   0.00000000E+00  0.00000000E+00  2.72888716E-03  0.00000000E+00  0.00000000E+00  0.00000000E+00  0.00000000E+00  0.00000000E+00  4.11698669E-02  0.00000000E+00  0.00000000E+00 -1.23653153E-01
    0.873000      1   0.00000000E+00  0.00000000E+00  2.73422284E-03  0.00000000E+00  0.00000000E+00  0.00000000E+00  0.00000000E+00  0.00000000E+00  4.11080317E-02  0.00000000E+00  0.00000000E+00 -1.23670384E-01
    0.873500      1   0.00000000E+00  0.00000000E+00  2.76695048E-03  0.00000000E+00  0.00000000E+00  0.00000000E+00  0.00000000E+00  0.00000000E+00  4.10461911E-02  0.00000000E+00  0.00000000E+00 -1.23681236E-01
    0.874000      1   0.00000000E+00  0.00000000E+00  2.77709067E-03  0.00000000E+00  0.00000000E+00  0.00000000E+00  0.00000000E+00  0.00000000E+00  4.09843469E-02  0.00000000E+00  0.00000000E+00 -1.23688318E-01
    0.874500      1   0.00000000E+00  0.00000000E+00  2.81391219E-03  0.00000000E+00  0.00000000E+00  0.00000000E+00  0.00000000E+00  0.00000000E+00  4.09225023E-02  0.00000000E+00  0.00000000E+00 -1.23689130E-01
    0.875000      1   0.00000000E+00  0.00000000E+00  2.80369043E-03  0.00000000E+00  0.00000000E+00  0.00000000E+00  0.00000000E+00  0.00000000E+00  4.08606598E-02  0.00000000E+00  0.00000000E+00 -1.23685020E-01
    0.875500      1   0.00000000E+00  0.00000000E+00  2.81354785E-03  0.00000000E+00  0.00000000E+00  0.00000000E+00  0.00000000E+00  0.00000000E+00  4.07988219E-02  0.00000000E+00  0.00000000E+00 -1.23675769E-01
    0.876000      1   0.00000000E+00  0.00000000E+00  2.73867501E-03  0.00000000E+00  0.00000000E+00  0.00000000E+00  0.00000000E+00  0.00000000E+00  4.07369883E-02  0.00000000E+00  0.00000000E+00 -1.23667324E-01
    0.876500      1   0.00000000E+00  0.00000000E+00  2.68814103E-03  0.00000000E+00  0.00000000E+00  0.00000000E+00  0.00000000E+00  0.00000000E+00  4.06751563E-02  0.00000000E+00  0.00000000E+00 -1.23663880E-01
    0.877000      1   0.00000000E+00  0.00000000E+00  2.74277628E-03  0.00000000E+00  0.00000000E+00  0.00000000E+00  0.00000000E+00  0.00000000E+00  4.06133177E-02  0.00000000E+00  0.00000000E+00 -1.23677200E-01
    0.877500      1   0.00000000E+00  0.00000000E+00  2.72676459E-03  0.00000000E+00  0.00000000E+00  0.00000000E+00  0.00000000E+00  0.00000000E+00  4.05514707E-02  0.00000000E+00  0.00000000E+00 -1.23693987E-01
    0.878000      1   0.00000000E+00  0.00000000E+00  2.73629147E-03  0.00000000E+00  0.00000000E+00  0.00000000E+00  0.00000000E+00  0.00000000E+00  4.04896191E-02  0.00000000E+00  0.00000000E+00 -1.23703218E-01
    0.878500      1   0.00000000E+00  0.00000000E+00  2.79184807E-03  0.00000000E+00  0.00000000E+00  0.00000000E+00  0.00000000E+00  0.00000000E+00  4.04277620E-02  0.00000000E+00  0.00000000E+00 -1.23714235E-01
    0.879000      1   0.00000000E+00  0.00000000E+00  2.83612308E-03  0.00000000E+00  0.00000000E+00  0.00000000E+00  0.00000000E+00  0.00000000E+00  4.03659026E-02  0.00000000E+00  0.00000000E+00 -1.23718777E-01
    0.879500      1   0.00000000E+00  0.00000000E+00  2.81736274E-03  0.00000000E+00  0.00000000E+00  0.00000000E+00  0.00000000E+00  0.00000000E+00  4.03040475E-02  0.00000000E+00  0.00000000E+00 -1.23710280E-01
    0.880000      1   0.00000000E+00  0.00000000E+00  2.78218129E-03  0.00000000E+00  0.00000000E+00  0.00000000E+00  0.00000000E+00  0.00000000E+00  4.02421994E-02  0.00000000E+00  0.00000000E+00 -1.23696172E-01
    0.880500      1   0.00000000E+00  0.00000000E+00  2.75053600E-03  0.00000000E+00  0.00000000E+00  0.00000000E+00  0.00000000E+00  0.00000000E+00  4.01803553E-02  0.00000000E+00  0.00000000E+00 -1.23688256E-01
    0.881000      1   0.00000000E+00  0.00000000E+00  2.69283035E-03  0.00000000E+00  0.00000000E+00  0.00000000E+00  0.00000000E+00  0.00000000E+00  4.01185108E-02  0.00000000E+00  0.00000000E+00 -1.23688914E-01
    0.881500      1   0.00000000E+00  0.00000000E+00  2.74074345E-03  0.00000000E+00  0.00000000E+00  0.00000000E+00  0.00000000E+00  0.00000000E+00  4.00566609E-02  0.00000000E+00  0.00000000E+00 -1.23699871E-01
    0.882000      1   0.00000000E+00  0.00000000E+00  2.74390854E-03  0.00000000E+00  0.00000000E+00  0.00000000E+00  0.00000000E+00  0.00000000E+00  3.99948028E-02  0.00000000E+00  0.00000000E+00 -1.23716068E-01
    0.882500      1   0.00000000E+00  0.00000000E+00  2.75804889E-03  0.00000000E+00  0.00000000E+00  0.00000000E+00  0.00000000E+00  0.00000000E+00  3.99329408E-02  0.00000000E+00  0.00000000E+00 -1.23724117E-01
    0.883000      1   0.00000000E+00  0.00000000E+00  2.77582901E-03  0.00000000E+00  0.00000000E+00  0.00000000E+00  0.00000000E+00  0.00000000E+00  3.98710756E-02  0.00000000E+00  0.00000000E+00 -1.23730396E-01
    0.883500      1   0.00000000E+00  0.00000000E+00  2.81502284E-03  0.00000000E+00  0.00000000E+00  0.00000000E+00  0.00000000E+00  0.00000000E+00  3.98092092E-02  0.00000000E+00  0.00000000E+00 -1.23732781E-01
    0.884000      1   0.00000000E+00  0.00000000E+00  2.79989251E-03  0.00000000E+00  0.00000000E+00  0.00000000E+00  0.00000000E+00  0.00000000E+00  3.97473448E-02  0.00000000E+00  0.00000000E+00 -1.23728780E-01
    0.884500      1   0.00000000E+00  0.00000000E+00  2.82264057E-03  0.00000000E+00  0.00000000E+00  0.00000000E+00  0.00000000E+00  0.00000000E+00  3.96854850E-02  0.00000000E+00  0.00000000E+00 -1.23719682E-01
    0.885000      1   0.00000000E+00  0.00000000E+00  2.73610045E-03  0.00000000E+00  0.00000000E+00  0.00000000E+00  0.00000000E+00  0.00000000E+00  3.96236294E-02  0.00000000E+00  0.00000000E+00 -1.23711057E-01
    0.885500      1   0.00000000E+00  0.00000000E+00  2.68499294E-03  0.00000000E+00  0.00000000E+00  0.00000000E+00  0.00000000E+00  0.00000000E+00  3.95617763E-02  0.00000000E+00  0.00000000E+00 -1.23706348E-01
    0.886000      1   0.00000000E+00  0.00000000E+00  2.73544438E-03  0.00000000E+00  0.00000000E+00  0.00000000E+00  0.00000000E+00  0.00000000E+00  3.94999161E-02  0.00000000E+00  0.00000000E+00 -1.23720369E-01
    0.886500      1   0.00000000E+00  0.00000000E+00  2.71703079E-03  0.00000000E+00  0.00000000E+00  0.00000000E+00  0.00000000E+00  0.00000000E+00  3.94380469E-02  0.00000000E+00  0.00000000E+00 -1.23738321E-01
    0.887000      1   0.00000000E+00  0.00000000E+00  2.73898141E-03  0.00000000E+00  0.00000000E+00  0.00000000E+00  0.00000000E+00  0.00000000E+00  3.93761721E-02  0.00000000E+00  0.00000000E+00 -1.23749616E-01
    0.887500      1   0.00000000E+00  0.00000000E+00  2.79632356E-03  0.00000000E+00  0.00000000E+00  0.00000000E+00  0.00000000E+00  0.00000000E+00  3.93142911E-02  0.00000000E+00  0.00000000E+00 -1.23761995E-01
    0.888000      1   0.00000000E+00  0.00000000E+00  2.83356425E-03  0.00000000E+00  0.00000000E+00  0.00000000E+00  0.00000000E+00  0.00000000E+00  3.92524083E-02  0.00000000E+00  0.00000000E+00 -1.23765698E-01
    0.888500      1   0.00000000E+00  0.00000000E+00  2.81723684E-03  0.00000000E+00  0.00000000E+00  0.00000000E+00  0.00000000E+00  0.00000000E+00  3.91905299E-02  0.00000000E+00  0.00000000E+00 -1.23756693E-01
    0.889000      1   0.00000000E+00  0.00000000E+00  2.79794493E-03  0.00000000E+00  0.00000000E+00  0.00000000E+00  0.00000000E+00  0.00000000E+00  3.91286584E-02  0.00000000E+00  0.00000000E+00 -1.23743017E-01
    0.889500      1   0.00000000E+00  0.00000000E+00  2.74800118E-03  0.00000000E+00  0.00000000E+00  0.00000000E+00  0.00000000E+00  0.00000000E+00  3.90667916E-02  0.00000000E+00  0.00000000E+00 -1.23733727E-01
    0.890000      1   0.00000000E+00  0.00000000E+00  2.68649054E-03  0.00000000E+00  0.00000000E+00  0.00000000E+00  0.00000000E+00  0.00000000E+00  3.90049255E-02  0.00000000E+00  0.00000000E+00 -1.23732021E-01
    0.890500      1   0.00000000E+00  0.00000000E+00  2.73342819E-03  0.00000000E+00  0.00000000E+00  0.00000000E+00  0.00000000E+00  0.00000000E+00  3.89430536E-02  0.00000000E+00  0.00000000E+00 -1.23743955E-01
    0.891000      1   0.00000000E+00  0.00000000E+00  2.73603932E-03  0.00000000E+00  0.00000000E+00  0.00000000E+00  0.00000000E+00  0.00000000E+00  3.88811726E-02  0.00000000E+00  0.00000000E+00 -1.23761839E-01
    0.891500      1   0.00000000E+00  0.00000000E+00  2.76434050E-03  0.00000000E+00  0.00000000E+00  0.00000000E+00  0.00000000E+00  0.00000000E+00  3.88192867E-02  0.00000000E+00  0.00000000E+00 -1.23771785E-01
    0.892000      1   0.00000000E+00  0.00000000E+00  2.77764467E-03  0.00000000E+00  0.00000000E+00  0.00000000E+00  0.00000000E+00  0.00000000E+00  3.87573973E-02  0.00000000E+00  0.00000000E+00 -1.23778800E-01
    0.892500      1   0.00000000E+00  0.00000000E+00  2.81337769E-03  0.00000000E+00  0.00000000E+00  0.00000000E+00  0.00000000E+00  0.00000000E+00  3.86955074E-02  0.00000000E+00  0.00000000E+00 -1.23779991E-01
    0.893000      1   0.00000000E+00  0.00000000E+00  2.83575014E-03  0.00000000E+00  0.00000000E+00  0.00000000E+00  0.00000000E+00  0.00000000E+00  3.86336194E-02  0.00000000E+00  0.00000000E+00 -1.23775838E-01
    0.893500      1   0.00000000E+00  0.00000000E+00  2.81737626E-03  0.00000000E+00  0.00000000E+00  0.00000000E+00  0.00000000E+00  0.00000000E+00  3.85717375E-02  0.00000000E+00  0.00000000E+00 -1.23763840E-01
    0.894000      1   0.00000000E+00  0.00000000E+00  2.72945557E-03  0.00000000E+00  0.00000000E+00  0.00000000E+00  0.00000000E+00  0.00000000E+00  3.85098626E-02  0.00000000E+00  0.00000000E+00 -1.23749792E-01
    0.894500      1   0.00000000E+00  0.00000000E+00  2.67692689E-03  0.00000000E+00  0.00000000E+00  0.00000000E+00  0.00000000E+00  0.00000000E+00  3.84479894E-02  0.00000000E+00  0.00000000E+00 -1.23746535E-01
    0.895000      1   0.00000000E+00  0.00000000E+00  2.72227550E-03  0.00000000E+00  0.00000000E+00  0.00000000E+00  0.00000000E+00  0.00000000E+00  3.83861082E-02  0.00000000E+00  0.00000000E+00 -1.23762360E-01
    0.895500      1   0.00000000E+00  0.00000000E+00  2.73120152E-03  0.00000000E+00  0.00000000E+00  0.00000000E+00  0.00000000E+00  0.00000000E+00  3.83242168E-02  0.00000000E+00  0.00000000E+00 -1.23782801E-01
    0.896000      1   0.00000000E+00  0.00000000E+00  2.74560362E-03  0.00000000E+00  0.00000000E+00  0.00000000E+00  0.00000000E+00  0.00000000E+00  3.82623193E-02  0.00000000E+00  0.00000000E+00 -1.23795006E-01
    0.896500      1   0.00000000E+00  0.00000000E+00  2.80140802E-03  0.00000000E+00  0.00000000E+00  0.00000000E+00  0.00000000E+00  0.00000000E+00  3.82004170E-02  0.00000000E+00  0.00000000E+00 -1.23804472E-01
    0.897000      1   0.00000000E+00  0.00000000E+00  2.83925186E-03  0.00000000E+00  0.00000000E+00  0.00000000E+00  0.00000000E+00  0.00000000E+00  3.81385137E-02  0.00000000E+00  0.00000000E+00 -1.23806638E-01
    0.897500      1   0.00000000E+00  0.00000000E+00  2.83626523E-03  0.00000000E+00  0.00000000E+00  0.00000000E+00  0.00000000E+00  0.00000000E+00  3.80766156E-02  0.00000000E+00  0.00000000E+00 -1.23796296E-01
    0.898000      1   0.00000000E+00  0.00000000E+00  2.78498587E-03  0.00000000E+00  0.00000000E+00  0.00000000E+00  0.00000000E+00  0.00000000E+00  3.80147256E-02  0.00000000E+00  0.00000000E+00 -1.23780003E-01
    0.898500      1   0.00000000E+00  0.00000000E+00  2.73457265E-03  0.00000000E+00  0.00000000E+00  0.00000000E+00  0.00000000E+00  0.00000000E+00  3.79528412E-02  0.00000000E+00  0.00000000E+00 -1.23768734E-01
    0.899000      1   0.00000000E+00  0.00000000E+00  2.68970643E-03  0.00000000E+00  0.00000000E+00  0.00000000E+00  0.00000000E+00  0.00000000E+00  3.78909560E-02  0.00000000E+00  0.00000000E+00 -1.23770344E-01
    0.899500      1   0.00000000E+00  0.00000000E+00  2.72715590E-03  0.00000000E+00  0.00000000E+00  0.00000000E+00  0.00000000E+00  0.00000000E+00  3.78290639E-02  0.00000000E+00  0.00000000E+00 -1.23784198E-01
    0.900000      1   0.00000000E+00  0.00000000E+00  2.74013921E-03  0.00000000E+00  0.00000000E+00  0.00000000E+00  0.00000000E+00  0.00000000E+00  3.77671629E-02  0.00000000E+00  0.00000000E+00 -1.23802109E-01
    0.900500      1   0.00000000E+00  0.00000000E+00  2.76805446E-03  0.00000000E+00  0.00000000E+00  0.00000000E+00  0.00000000E+00  0.00000000E+00  3.77052565E-02  0.00000000E+00  0.00000000E+00 -1.23812723E-01
    0.901000      1   0.00000000E+00  0.00000000E+00  2.78405302E-03  0.00000000E+00  0.00000000E+00  0.00000000E+00  0.00000000E+00  0.00000000E+00  3.76433471E-02  0.00000000E+00  0.00000000E+00 -1.23818736E-01
    0.901500      1   0.00000000E+00  0.00000000E+00  2.83910697E-03  0.00000000E+00  0.00000000E+00  0.00000000E+00  0.00000000E+00  0.00000000E+00  3.75814378E-02  0.00000000E+00  0.00000000E+00 -1.23818750E-01
    0.902000      1   0.00000000E+00  0.00000000E+00  2.82397930E-03  0.00000000E+00  0.00000000E+00  0.00000000E+00  0.00000000E+00  0.00000000E+00  3.75195321E-02  0.00000000E+00  0.00000000E+00 -1.23811270E-01
    0.902500      1   0.00000000E+00  0.00000000E+00  2.82041500E-03  0.00000000E+00  0.00000000E+00  0.00000000E+00  0.00000000E+00  0.00000000E+00  3.74576341E-02  0.00000000E+00  0.00000000E+00 -1.23796087E-01
    0.903000      1   0.00000000E+00  0.00000000E+00  2.72807018E-03  0.00000000E+00  0.00000000E+00  0.00000000E+00  0.00000000E+00  0.00000000E+00  3.73957422E-02  0.00000000E+00  0.00000000E+00 -1.23783704E-01
    0.903500      1   0.00000000E+00  0.00000000E+00  2.66632078E-03  0.00000000E+00  0.00000000E+00  0.00000000E+00  0.00000000E+00  0.00000000E+00  3.73338522E-02  0.00000000E+00  0.00000000E+00 -1.23780070E-01
    0.904000      1   0.00000000E+00  0.00000000E+00  2.71470513E-03  0.00000000E+00  0.00000000E+00  0.00000000E+00  0.00000000E+00  0.00000000E+00  3.72719537E-02  0.00000000E+00  0.00000000E+00 -1.23797061E-01
    0.904500      1   0.00000000E+00  0.00000000E+00  2.72706184E-03  0.00000000E+00  0.00000000E+00  0.00000000E+00  0.00000000E+00  0.00000000E+00  3.72100437E-02  0.00000000E+00  0.00000000E+00 -1.23819912E-01
    0.905000      1   0.00000000E+00  0.00000000E+00  2.74640566E-03  0.00000000E+00  0.00000000E+00  0.00000000E+00  0.00000000E+00  0.00000000E+00  3.71481269E-02  0.00000000E+00  0.00000000E+00 -1.23833727E-01
    0.905500      1   0.00000000E+00  0.00000000E+00  2.81494675E-03  0.00000000E+00  0.00000000E+00  0.00000000E+00  0.00000000E+00  0.00000000E+00  3.70862050E-02  0.00000000E+00  0.00000000E+00 -1.23843801E-01
    0.906000      1   0.00000000E+00  0.00000000E+00  2.85392692E-03  0.00000000E+00  0.00000000E+00  0.00000000E+00  0.00000000E+00  0.00000000E+00  3.70242826E-02  0.00000000E+00  0.00000000E+00 -1.23844639E-01
    0.906500      1   0.00000000E+00  0.00000000E+00  2.82389050E-03  0.00000000E+00  0.00000000E+00  0.00000000E+00  0.00000000E+00  0.00000000E+00  3.69623672E-02  0.00000000E+00  0.00000000E+00 -1.23830776E-01
    0.907000      1   0.00000000E+00  0.00000000E+00  2.78320680E-03  0.00000000E+00  0.00000000E+00  0.00000000E+00  0.00000000E+00  0.00000000E+00  3.69004607E-02  0.00000000E+00  0.00000000E+00 -1.23813167E-01
    0.907500      1   0.00000000E+00  0.00000000E+00  2.74710576E-03  0.00000000E+00  0.00000000E+00  0.00000000E+00  0.00000000E+00  0.00000000E+00  3.68385586E-02  0.00000000E+00  0.00000000E+00 -1.23804088E-01
    0.908000      1   0.00000000E+00  0.00000000E+00  2.68858691E-03  0.00000000E+00  0.00000000E+00  0.00000000E+00  0.00000000E+00  0.00000000E+00  3.67766562E-02  0.00000000E+00  0.00000000E+00 -1.23804881E-01
    0.908500      1   0.00000000E+00  0.00000000E+00  2.71823585E-03  0.00000000E+00  0.00000000E+00  0.00000000E+00  0.00000000E+00  0.00000000E+00  3.67147478E-02  0.00000000E+00  0.00000000E+00 -1.23816777E-01
    0.909000      1   0.00000000E+00  0.00000000E+00  2.74522097E-03  0.00000000E+00  0.00000000E+00  0.00000000E+00  0.00000000E+00  0.00000000E+00  3.66528300E-02  0.00000000E+00  0.00000000E+00 -1.23835660E-01
    0.909500      1   0.00000000E+00  0.00000000E+00  2.76744849E-03  0.00000000E+00  0.00000000E+00  0.00000000E+00  0.00000000E+00  0.00000000E+00  3.65909063E-02  0.00000000E+00  0.00000000E+00 -1.23847289E-01
    0.910000      1   0.00000000E+00  0.00000000E+00  2.80832524E-03  0.00000000E+00  0.00000000E+00  0.00000000E+00  0.00000000E+00  0.00000000E+00  3.65289801E-02  0.00000000E+00  0.00000000E+00 -1.23852522E-01
    0.910500      1   0.00000000E+00  0.00000000E+00  2.84095797E-03  0.00000000E+00  0.00000000E+00  0.00000000E+00  0.00000000E+00  0.00000000E+00  3.64670548E-02  0.00000000E+00  0.00000000E+00 -1.23850490E-01
    0.911000      1   0.00000000E+00  0.00000000E+00  2.82142426E-03  0.00000000E+00  0.00000000E+00  0.00000000E+00  0.00000000E+00  0.00000000E+00  3.64051354E-02  0.00000000E+00  0.00000000E+00 -1.23838860E-01
    0.911500      1   0.00000000E+00  0.00000000E+00  2.80849852E-03  0.00000000E+00  0.00000000E+00  0.00000000E+00  0.00000000E+00  0.00000000E+00  3.63432236E-02  0.00000000E+00  0.00000000E+00 -1.23823599E-01
    0.912000      1   0.00000000E+00  0.00000000E+00  2.72252103E-03  0.00000000E+00  0.00000000E+00  0.00000000E+00  0.00000000E+00  0.00000000E+00  3.62813172E-02  0.00000000E+00  0.00000000E+00 -1.23812689E-01
    0.912500      1   0.00000000E+00  0.00000000E+00  2.66479661E-03  0.00000000E+00  0.00000000E+00  0.00000000E+00  0.00000000E+00  0.00000000E+00  3.62194115E-02  0.00000000E+00  0.00000000E+00 -1.23811503E-01
    0.913000      1   0.00000000E+00  0.00000000E+00  2.72429737E-03  0.00000000E+00  0.00000000E+00  0.00000000E+00  0.00000000E+00  0.00000000E+00  3.61574967E-02  0.00000000E+00  0.00000000E+00 -1.23829539E-01
    0.913500      1   0.00000000E+00  0.00000000E+00  2.75225972E-03  0.00000000E+00  0.00000000E+00  0.00000000E+00  0.00000000E+00  0.00000000E+00  3.60955708E-02  0.00000000E+00  0.00000000E+00 -1.23851793E-01
    0.914000      1   0.00000000E+00  0.00000000E+00  2.74101457E-03  0.00000000E+00  0.00000000E+00  0.00000000E+00  0.00000000E+00  0.00000000E+00  3.60336399E-02  0.00000000E+00  0.00000000E+00 -1.23861804E-01
    0.914500      1   0.00000000E+00  0.00000000E+00  2.80271194E-03  0.00000000E+00  0.00000000E+00  0.00000000E+00  0.00000000E+00  0.00000000E+00  3.59717058E-02  0.00000000E+00  0.00000000E+00 -1.23868218E-01
    0.915000      1   0.00000000E+00  0.00000000E+00  2.86452459E-03  0.00000000E+00  0.00000000E+00  0.00000000E+00  0.00000000E+00  0.00000000E+00  3.59097703E-02  0.00000000E+00  0.00000000E+00 -1.23871023E-01
    0.915500      1   0.00000000E+00  0.00000000E+00  2.82615802E-03  0.00000000E+00  0.00000000E+00  0.00000000E+00  0.00000000E+00  0.00000000E+00  3.58478412E-02  0.00000000E+00  0.00000000E+00 -1.23858231E-01
    0.916000      1   0.00000000E+00  0.00000000E+00  2.80379192E-03  0.00000000E+00  0.00000000E+00  0.00000000E+00  0.00000000E+00  0.00000000E+00  3.57859218E-02  0.00000000E+00  0.00000000E+00 -1.23838682E-01
    0.916500      1   0.00000000E+00  0.00000000E+00  2.73501247E-03  0.00000000E+00  0.00000000E+00  0.00000000E+00  0.00000000E+00  0.00000000E+00  3.57240081E-02  0.00000000E+00  0.00000000E+00 -1.23827410E-01
    0.917000      1   0.00000000E+00  0.00000000E+00  2.67213883E-03  0.00000000E+00  0.00000000E+00  0.00000000E+00  0.00000000E+00  0.00000000E+00  3.56620952E-02  0.00000000E+00  0.00000000E+00 -1.23825893E-01
    0.917500      1   0.00000000E+00  0.00000000E+00  2.72227989E-03  0.00000000E+00  0.00000000E+00  0.00000000E+00  0.00000000E+00  0.00000000E+00  3.56001746E-02  0.00000000E+00  0.00000000E+00 -1.23841229E-01
    0.918000      1   0.00000000E+00  0.00000000E+00  2.75559760E-03  0.00000000E+00  0.00000000E+00  0.00000000E+00  0.00000000E+00  0.00000000E+00  3.55382433E-02  0.00000000E+00  0.00000000E+00 -1.23862455E-01
    0.918500      1   0.00000000E+00  0.00000000E+00  2.76825909E-03  0.00000000E+00  0.00000000E+00  0.00000000E+00  0.00000000E+00  0.00000000E+00  3.54763071E-02  0.00000000E+00  0.00000000E+00 -1.23872503E-01
    0.919000      1   0.00000000E+00  0.00000000E+00  2.79810775E-03  0.00000000E+00  0.00000000E+00  0.00000000E+00  0.00000000E+00  0.00000000E+00  3.54143691E-02  0.00000000E+00  0.00000000E+00 -1.23875959E-01
    0.919500      1   0.00000000E+00  0.00000000E+00  2.82950952E-03  0.00000000E+00  0.00000000E+00  0.00000000E+00  0.00000000E+00  0.00000000E+00  3.53524318E-02  0.00000000E+00  0.00000000E+00 -1.23874698E-01
    0.920000      1   0.00000000E+00  0.00000000E+00  2.83952600E-03  0.00000000E+00  0.00000000E+00  0.00000000E+00  0.00000000E+00  0.00000000E+00  3.52904989E-02  0.00000000E+00  0.00000000E+00 -1.23865758E-01
    0.920500      1   0.00000000E+00  0.00000000E+00  2.82381497E-03  0.00000000E+00  0.00000000E+00  0.00000000E+00  0.00000000E+00  0.00000000E+00  3.52285735E-02  0.00000000E+00  0.00000000E+00 -1.23850777E-01
    0.921000      1   0.00000000E+00  0.00000000E+00  2.71757657E-03  0.00000000E+00  0.00000000E+00  0.00000000E+00  0.00000000E+00  0.00000000E+00  3.51666557E-02  0.00000000E+00  0.00000000E+00 -1.23835539E-01
    0.921500      1   0.00000000E+00  0.00000000E+00  2.64216955E-03  0.00000000E+00  0.00000000E+00  0.00000000E+00  0.00000000E+00  0.00000000E+00  3.51047396E-02  0.00000000E+00  0.00000000E+00 -1.23832276E-01
    0.922000      1   0.00000000E+00  0.00000000E+00  2.70997038E-03  0.00000000E+00  0.00000000E+00  0.00000000E+00  0.00000000E+00  0.00000000E+00  3.50428130E-02  0.00000000E+00  0.00000000E+00 -1.23853124E-01
    0.922500      1   0.00000000E+00  0.00000000E+00  2.75863422E-03  0.00000000E+00  0.00000000E+00  0.00000000E+00  0.00000000E+00  0.00000000E+00  3.49808728E-02  0.00000000E+00  0.00000000E+00 -1.23880361E-01
    0.923000      1   0.00000000E+00  0.00000000E+00  2.74722125E-03  0.00000000E+00  0.00000000E+00  0.00000000E+00  0.00000000E+00  0.00000000E+00  3.49189268E-02  0.00000000E+00  0.00000000E+00 -1.23892161E-01
    0.923500      1   0.00000000E+00  0.00000000E+00  2.80838199E-03  0.00000000E+00  0.00000000E+00  0.00000000E+00  0.00000000E+00  0.00000000E+00  3.48569783E-02  0.00000000E+00  0.00000000E+00 -1.23896979E-01
    0.924000      1   0.00000000E+00  0.00000000E+00  2.86290587E-03  0.00000000E+00  0.00000000E+00  0.00000000E+00  0.00000000E+00  0.00000000E+00  3.47950291E-02  0.00000000E+00  0.00000000E+00 -1.23898263E-01
    0.924500      1   0.00000000E+00  0.00000000E+00  2.81999153E-03  0.00000000E+00  0.00000000E+00  0.00000000E+00  0.00000000E+00  0.00000000E+00  3.47330868E-02  0.00000000E+00  0.00000000E+00 -1.23884684E-01
    0.925000      1   0.00000000E+00  0.00000000E+00  2.82634731E-03  0.00000000E+00  0.00000000E+00  0.00000000E+00  0.00000000E+00  0.00000000E+00  3.46711538E-02  0.00000000E+00  0.00000000E+00 -1.23865946E-01
    0.925500      1   0.00000000E+00  0.00000000E+00  2.73396167E-03  0.00000000E+00  0.00000000E+00  0.00000000E+00  0.00000000E+00  0.00000000E+00  3.46092270E-02  0.00000000E+00  0.00000000E+00 -1.23853692E-01
    0.926000      1   0.00000000E+00  0.00000000E+00  2.65797471E-03  0.00000000E+00  0.00000000E+00  0.00000000E+00  0.00000000E+00  0.00000000E+00  3.45473027E-02  0.00000000E+00  0.00000000E+00 -1.23848564E-01
    0.926500      1   0.00000000E+00  0.00000000E+00  2.71287562E-03  0.00000000E+00  0.00000000E+00  0.00000000E+00  0.00000000E+00  0.00000000E+00  3.44853700E-02  0.00000000E+00  0.00000000E+00 -1.23865325E-01
    0.927000      1   0.00000000E+00  0.00000000E+00  2.75756451E-03  0.00000000E+00  0.00000000E+00  0.00000000E+00  0.00000000E+00  0.00000000E+00  3.44234252E-02  0.00000000E+00  0.00000000E+00 -1.23889709E-01
    0.927500      1   0.00000000E+00  0.00000000E+00  2.77700863E-03  0.00000000E+00  0.00000000E+00  0.00000000E+00  0.00000000E+00  0.00000000E+00  3.43614746E-02  0.00000000E+00  0.00000000E+00 -1.23901126E-01
    0.928000      1   0.00000000E+00  0.00000000E+00  2.80316886E-03  0.00000000E+00  0.00000000E+00  0.00000000E+00  0.00000000E+00  0.00000000E+00  3.42995229E-02  0.00000000E+00  0.00000000E+00 -1.23903486E-01
    0.928500      1   0.00000000E+00  0.00000000E+00  2.83502522E-03  0.00000000E+00  0.00000000E+00  0.00000000E+00  0.00000000E+00  0.00000000E+00  3.42375727E-02  0.00000000E+00  0.00000000E+00 -1.23900341E-01
    0.929000      1   0.00000000E+00  0.00000000E+00  2.82570496E-03  0.00000000E+00  0.00000000E+00  0.00000000E+00  0.00000000E+00  0.00000000E+00  3.41756277E-02  0.00000000E+00  0.00000000E+00 -1.23890082E-01
    0.929500      1   0.00000000E+00  0.00000000E+00  2.83095647E-03  0.00000000E+00  0.00000000E+00  0.00000000E+00  0.00000000E+00  0.00000000E+00  3.41136900E-02  0.00000000E+00  0.00000000E+00 -1.23875417E-01
    0.930000      1   0.00000000E+00  0.00000000E+00  2.71855661E-03  0.00000000E+00  0.00000000E+00  0.00000000E+00  0.00000000E+00  0.00000000E+00  3.40517590E-02  0.00000000E+00  0.00000000E+00 -1.23861818E-01
    0.930500      1   0.00000000E+00  0.00000000E+00  2.64017823E-03  0.00000000E+00  0.00000000E+00  0.00000000E+00  0.00000000E+00  0.00000000E+00  3.39898304E-02  0.00000000E+00  0.00000000E+00 -1.23857295E-01
    0.931000      1   0.00000000E+00  0.00000000E+00  2.71460837E-03  0.00000000E+00  0.00000000E+00  0.00000000E+00  0.00000000E+00  0.00000000E+00  3.39278913E-02  0.00000000E+00  0.00000000E+00 -1.23878159E-01
    0.931500      1   0.00000000E+00  0.00000000E+00  2.75395697E-03  0.00000000E+00  0.00000000E+00  0.00000000E+00  0.00000000E+00  0.00000000E+00  3.38659387E-02  0.00000000E+00  0.00000000E+00 -1.23905312E-01
    0.932000      1   0.00000000E+00  0.00000000E+00  2.75776400E-03  0.00000000E+00  0.00000000E+00  0.00000000E+00  0.00000000E+00  0.00000000E+00  3.38039803E-02  0.00000000E+00  0.00000000E+00 -1.23916764E-01
    0.932500      1   0.00000000E+00  0.00000000E+00  2.81761310E-03  0.00000000E+00  0.00000000E+00  0.00000000E+00  0.00000000E+00  0.00000000E+00  3.37420196E-02  0.00000000E+00  0.00000000E+00 -1.23921418E-01
    0.933000      1   0.00000000E+00  0.00000000E+00  2.87075834E-03  0.00000000E+00  0.00000000E+00  0.00000000E+00  0.00000000E+00  0.00000000E+00  3.36800595E-02  0.00000000E+00  0.00000000E+00 -1.23920155E-01
    0.933500      1   0.00000000E+00  0.00000000E+00  2.80901536E-03  0.00000000E+00  0.00000000E+00  0.00000000E+00  0.00000000E+00  0.00000000E+00  3.36181073E-02  0.00000000E+00  0.00000000E+00 -1.23904366E-01
    0.934000      1   0.00000000E+00  0.00000000E+00  2.81342521E-03  0.00000000E+00  0.00000000E+00  0.00000000E+00  0.00000000E+00  0.00000000E+00  3.35561647E-02  0.00000000E+00  0.00000000E+00 -1.23885308E-01
    0.934500      1   0.00000000E+00  0.00000000E+00  2.73520163E-03  0.00000000E+00  0.00000000E+00  0.00000000E+00  0.00000000E+00  0.00000000E+00  3.34942267E-02  0.00000000E+00  0.00000000E+00 -1.23876000E-01
    0.935000      1   0.00000000E+00  0.00000000E+00  2.65971750E-03  0.00000000E+00  0.00000000E+00  0.00000000E+00  0.00000000E+00  0.00000000E+00  3.34322902E-02  0.00000000E+00  0.00000000E+00 -1.23872884E-01
    0.935500      1   0.00000000E+00  0.00000000E+00  2.71395468E-03  0.00000000E+00  0.00000000E+00  0.00000000E+00  0.00000000E+00  0.00000000E+00  3.33703456E-02  0.00000000E+00  0.00000000E+00 -1.23889287E-01
    0.936000      1   0.00000000E+00  0.00000000E+00  2.75390091E-03  0.00000000E+00  0.00000000E+00  0.00000000E+00  0.00000000E+00  0.00000000E+00  3.33083889E-02  0.00000000E+00  0.00000000E+00 -1.23913289E-01
    0.936500      1   0.00000000E+00  0.00000000E+00  2.76676078E-03  0.00000000E+00  0.00000000E+00  0.00000000E+00  0.00000000E+00  0.00000000E+00  3.32464265E-02  0.00000000E+00  0.00000000E+00 -1.23924854E-01
    0.937000      1   0.00000000E+00  0.00000000E+00  2.80556402E-03  0.00000000E+00  0.00000000E+00  0.00000000E+00  0.00000000E+00  0.00000000E+00  3.31844621E-02  0.00000000E+00  0.00000000E+00 -1.23928721E-01
    0.937500      1   0.00000000E+00  0.00000000E+00  2.86901647E-03  0.00000000E+00  0.00000000E+00  0.00000000E+00  0.00000000E+00  0.00000000E+00  3.31224986E-02  0.00000000E+00  0.00000000E+00 -1.23927047E-01
    0.938000      1   0.00000000E+00  0.00000000E+00  2.82457107E-03  0.00000000E+00  0.00000000E+00  0.00000000E+00  0.00000000E+00  0.00000000E+00  3.30605419E-02  0.00000000E+00  0.00000000E+00 -1.23913390E-01
    0.938500      1   0.00000000E+00  0.00000000E+00  2.81614696E-03  0.00000000E+00  0.00000000E+00  0.00000000E+00  0.00000000E+00  0.00000000E+00  3.29985953E-02  0.00000000E+00  0.00000000E+00 -1.23893243E-01
    0.939000      1   0.00000000E+00  0.00000000E+00  2.72361526E-03  0.00000000E+00  0.00000000E+00  0.00000000E+00  0.00000000E+00  0.00000000E+00  3.29366547E-02  0.00000000E+00  0.00000000E+00 -1.23881140E-01
    0.939500      1   0.00000000E+00  0.00000000E+00  2.63763963E-03  0.00000000E+00  0.00000000E+00  0.00000000E+00  0.00000000E+00  0.00000000E+00  3.28747154E-02  0.00000000E+00  0.00000000E+00 -1.23878601E-01
    0.940000      1   0.00000000E+00  0.00000000E+00  2.71174922E-03  0.00000000E+00  0.00000000E+00  0.00000000E+00  0.00000000E+00  0.00000000E+00  3.28127660E-02  0.00000000E+00  0.00000000E+00 -1.23898859E-01
    0.940500      1   0.00000000E+00  0.00000000E+00  2.76638893E-03  0.00000000E+00  0.00000000E+00  0.00000000E+00  0.00000000E+00  0.00000000E+00  3.27508027E-02  0.00000000E+00  0.00000000E+00 -1.23926682E-01
    0.941000      1   0.00000000E+00  0.00000000E+00  2.75306426E-03  0.00000000E+00  0.00000000E+00  0.00000000E+00  0.00000000E+00  0.00000000E+00  3.26888339E-02  0.00000000E+00  0.00000000E+00 -1.23937504E-01
    0.941500      1   0.00000000E+00  0.00000000E+00  2.81479753E-03  0.00000000E+00  0.00000000E+00  0.00000000E+00  0.00000000E+00  0.00000000E+00  3.26268636E-02  0.00000000E+00  0.00000000E+00 -1.23940532E-01
    0.942000      1   0.00000000E+00  0.00000000E+00  2.89872572E-03  0.00000000E+00  0.00000000E+00  0.00000000E+00  0.00000000E+00  0.00000000E+00  3.25648935E-02  0.00000000E+00  0.00000000E+00 -1.23940290E-01
    0.942500      1   0.00000000E+00  0.00000000E+00  2.81368137E-03  0.00000000E+00  0.00000000E+00  0.00000000E+00  0.00000000E+00  0.00000000E+00  3.25029323E-02  0.00000000E+00  0.00000000E+00 -1.23922490E-01
    0.943000      1   0.00000000E+00  0.00000000E+00  2.79946223E-03  0.00000000E+00  0.00000000E+00  0.00000000E+00  0.00000000E+00  0.00000000E+00  3.24409830E-02  0.00000000E+00  0.00000000E+00 -1.23898427E-01
    0.943500      1   0.00000000E+00  0.00000000E+00  2.73409007E-03  0.00000000E+00  0.00000000E+00  0.00000000E+00  0.00000000E+00  0.00000000E+00  3.23790382E-02  0.00000000E+00  0.00000000E+00 -1.23889587E-01
    0.944000      1   0.00000000E+00  0.00000000E+00  2.65912618E-03  0.00000000E+00  0.00000000E+00  0.00000000E+00  0.00000000E+00  0.00000000E+00  3.23170938E-02  0.00000000E+00  0.00000000E+00 -1.23888862E-01
    0.944500      1   0.00000000E+00  0.00000000E+00  2.71281710E-03  0.00000000E+00  0.00000000E+00  0.00000000E+00  0.00000000E+00  0.00000000E+00  3.22551411E-02  0.00000000E+00  0.00000000E+00 -1.23905500E-01
    0.945000      1   0.00000000E+00  0.00000000E+00  2.77683621E-03  0.00000000E+00  0.00000000E+00  0.00000000E+00  0.00000000E+00  0.00000000E+00  3.21931762E-02  0.00000000E+00  0.00000000E+00 -1.23929700E-01
    0.945500      1   0.00000000E+00  0.00000000E+00  2.75324464E-03  0.00000000E+00  0.00000000E+00  0.00000000E+00  0.00000000E+00  0.00000000E+00  3.21312065E-02  0.00000000E+00  0.00000000E+00 -1.23939424E-01
    0.946000      1   0.00000000E+00  0.00000000E+00  2.80633505E-03  0.00000000E+00  0.00000000E+00  0.00000000E+00  0.00000000E+00  0.00000000E+00  3.20692361E-02  0.00000000E+00  0.00000000E+00 -1.23940720E-01
    0.946500      1   0.00000000E+00  0.00000000E+00  2.89224625E-03  0.00000000E+00  0.00000000E+00  0.00000000E+00  0.00000000E+00  0.00000000E+00  3.20072655E-02  0.00000000E+00  0.00000000E+00 -1.23941197E-01
    0.947000      1   0.00000000E+00  0.00000000E+00  2.82213862E-03  0.00000000E+00  0.00000000E+00  0.00000000E+00  0.00000000E+00  0.00000000E+00  3.19453029E-02  0.00000000E+00  0.00000000E+00 -1.23925359E-01
    0.947500      1   0.00000000E+00  0.00000000E+00  2.80882994E-03  0.00000000E+00  0.00000000E+00  0.00000000E+00  0.00000000E+00  0.00000000E+00  3.18833521E-02  0.00000000E+00  0.00000000E+00 -1.23901613E-01
    0.948000      1   0.00000000E+00  0.00000000E+00  2.72081527E-03  0.00000000E+00  0.00000000E+00  0.00000000E+00  0.00000000E+00  0.00000000E+00  3.18214068E-02  0.00000000E+00  0.00000000E+00 -1.23890556E-01
    0.948500      1   0.00000000E+00  0.00000000E+00  2.63007428E-03  0.00000000E+00  0.00000000E+00  0.00000000E+00  0.00000000E+00  0.00000000E+00  3.17594620E-02  0.00000000E+00  0.00000000E+00 -1.23889467E-01
    0.949000      1   0.00000000E+00  0.00000000E+00  2.71001453E-03  0.00000000E+00  0.00000000E+00  0.00000000E+00  0.00000000E+00  0.00000000E+00  3.16975066E-02  0.00000000E+00  0.00000000E+00 -1.23910853E-01
    0.949500      1   0.00000000E+00  0.00000000E+00  2.77125932E-03  0.00000000E+00  0.00000000E+00  0.00000000E+00  0.00000000E+00  0.00000000E+00  3.16355366E-02  0.00000000E+00  0.00000000E+00 -1.23940072E-01
    0.950000      1   0.00000000E+00  0.00000000E+00  2.75354820E-03  0.00000000E+00  0.00000000E+00  0.00000000E+00  0.00000000E+00  0.00000000E+00  3.15735612E-02  0.00000000E+00  0.00000000E+00 -1.23950748E-01
    0.950500      1   0.00000000E+00  0.00000000E+00  2.84181545E-03  0.00000000E+00  0.00000000E+00  0.00000000E+00  0.00000000E+00  0.00000000E+00  3.15115847E-02  0.00000000E+00  0.00000000E+00 -1.23952934E-01
    0.951000      1   0.00000000E+00  0.00000000E+00  2.90139670E-03  0.00000000E+00  0.00000000E+00  0.00000000E+00  0.00000000E+00  0.00000000E+00  3.14496096E-02  0.00000000E+00  0.00000000E+00 -1.23950223E-01
    0.951500      1   0.00000000E+00  0.00000000E+00  2.80063162E-03  0.00000000E+00  0.00000000E+00  0.00000000E+00  0.00000000E+00  0.00000000E+00  3.13876458E-02  0.00000000E+00  0.00000000E+00 -1.23927750E-01
    0.952000      1   0.00000000E+00  0.00000000E+00  2.80016208E-03  0.00000000E+00  0.00000000E+00  0.00000000E+00  0.00000000E+00  0.00000000E+00  3.13256936E-02  0.00000000E+00  0.00000000E+00 -1.23904403E-01
    0.952500      1   0.00000000E+00  0.00000000E+00  2.71759473E-03  0.00000000E+00  0.00000000E+00  0.00000000E+00  0.00000000E+00  0.00000000E+00  3.12637447E-02  0.00000000E+00  0.00000000E+00 -1.23897644E-01
    0.953000      1   0.00000000E+00  0.00000000E+00  2.65766506E-03  0.00000000E+00  0.00000000E+00  0.00000000E+00  0.00000000E+00  0.00000000E+00  3.12017956E-02  0.00000000E+00  0.00000000E+00 -1.23898263E-01
    0.953500      1   0.00000000E+00  0.00000000E+00  2.72255771E-03  0.00000000E+00  0.00000000E+00  0.00000000E+00  0.00000000E+00  0.00000000E+00  3.11398367E-02  0.00000000E+00  0.00000000E+00 -1.23917739E-01
    0.954000      1   0.00000000E+00  0.00000000E+00  2.78254510E-03  0.00000000E+00  0.00000000E+00  0.00000000E+00  0.00000000E+00  0.00000000E+00  3.10778661E-02  0.00000000E+00  0.00000000E+00 -1.23941317E-01
    0.954500      1   0.00000000E+00  0.00000000E+00  2.76522955E-03  0.00000000E+00  0.00000000E+00  0.00000000E+00  0.00000000E+00  0.00000000E+00  3.10158916E-02  0.00000000E+00  0.00000000E+00 -1.23948936E-01
    0.955000      1   0.00000000E+00  0.00000000E+00  2.81261272E-03  0.00000000E+00  0.00000000E+00  0.00000000E+00  0.00000000E+00  0.00000000E+00  3.09539175E-02  0.00000000E+00  0.00000000E+00 -1.23948236E-01
    0.955500      1   0.00000000E+00  0.00000000E+00  2.88699727E-03  0.00000000E+00  0.00000000E+00  0.00000000E+00  0.00000000E+00  0.00000000E+00  3.08919444E-02  0.00000000E+00  0.00000000E+00 -1.23946189E-01
    0.956000      1   0.00000000E+00  0.00000000E+00  2.81557785E-03  0.00000000E+00  0.00000000E+00  0.00000000E+00  0.00000000E+00  0.00000000E+00  3.08299795E-02  0.00000000E+00  0.00000000E+00 -1.23929785E-01
    0.956500      1   0.00000000E+00  0.00000000E+00  2.80539990E-03  0.00000000E+00  0.00000000E+00  0.00000000E+00  0.00000000E+00  0.00000000E+00  3.07680258E-02  0.00000000E+00  0.00000000E+00 -1.23907481E-01
    0.957000      1   0.00000000E+00  0.00000000E+00  2.70959561E-03  0.00000000E+00  0.00000000E+00  0.00000000E+00  0.00000000E+00  0.00000000E+00  3.07060769E-02  0.00000000E+00  0.00000000E+00 -1.23897804E-01
    0.957500      1   0.00000000E+00  0.00000000E+00  2.65079256E-03  0.00000000E+00  0.00000000E+00  0.00000000E+00  0.00000000E+00  0.00000000E+00  3.06441277E-02  0.00000000E+00  0.00000000E+00 -1.23898270E-01
    0.958000      1   0.00000000E+00  0.00000000E+00  2.71291810E-03  0.00000000E+00  0.00000000E+00  0.00000000E+00  0.00000000E+00  0.00000000E+00  3.05821679E-02  0.00000000E+00  0.00000000E+00 -1.23919667E-01
    0.958500      1   0.00000000E+00  0.00000000E+00  2.77193135E-03  0.00000000E+00  0.00000000E+00  0.00000000E+00  0.00000000E+00  0.00000000E+00  3.05201953E-02  0.00000000E+00  0.00000000E+00 -1.23945227E-01
    0.959000      1   0.00000000E+00  0.00000000E+00  2.78069850E-03  0.00000000E+00  0.00000000E+00  0.00000000E+00  0.00000000E+00  0.00000000E+00  3.04582176E-02  0.00000000E+00  0.00000000E+00 -1.23955367E-01
    0.959500      1   0.00000000E+00  0.00000000E+00  2.85683828E-03  0.00000000E+00  0.00000000E+00  0.00000000E+00  0.00000000E+00  0.00000000E+00  3.03962401E-02  0.00000000E+00  0.00000000E+00 -1.23955042E-01
    0.960000      1   0.00000000E+00  0.00000000E+00  2.88445939E-03  0.00000000E+00  0.00000000E+00  0.00000000E+00  0.00000000E+00  0.00000000E+00  3.03342668E-02  0.00000000E+00  0.00000000E+00 -1.23946545E-01
    0.960500      1   0.00000000E+00  0.00000000E+00  2.78630096E-03  0.00000000E+00  0.00000000E+00  0.00000000E+00  0.00000000E+00  0.00000000E+00  3.02723053E-02  0.00000000E+00  0.00000000E+00 -1.23923102E-01
    0.961000      1   0.00000000E+00  0.00000000E+00  2.79515302E-03  0.00000000E+00  0.00000000E+00  0.00000000E+00  0.00000000E+00  0.00000000E+00  3.02103533E-02  0.00000000E+00  0.00000000E+00 -1.23903804E-01
    0.961500      1   0.00000000E+00  0.00000000E+00  2.73026729E-03  0.00000000E+00  0.00000000E+00  0.00000000E+00  0.00000000E+00  0.00000000E+00  3.01484034E-02  0.00000000E+00  0.00000000E+00 -1.23899841E-01
    0.962000      1   0.00000000E+00  0.00000000E+00  2.68359591E-03  0.00000000E+00  0.00000000E+00  0.00000000E+00  0.00000000E+00  0.00000000E+00  3.00864533E-02  0.00000000E+00  0.00000000E+00 -1.23900161E-01
    0.962500      1   0.00000000E+00  0.00000000E+00  2.71435423E-03  0.00000000E+00  0.00000000E+00  0.00000000E+00  0.00000000E+00  0.00000000E+00  3.00244957E-02  0.00000000E+00  0.00000000E+00 -1.23915263E-01
    0.963000      1   0.00000000E+00  0.00000000E+00  2.77847463E-03  0.00000000E+00  0.00000000E+00  0.00000000E+00  0.00000000E+00  0.00000000E+00  2.99625281E-02  0.00000000E+00  0.00000000E+00 -1.23935310E-01
    0.963500      1   0.00000000E+00  0.00000000E+00  2.76988544E-03  0.00000000E+00  0.00000000E+00  0.00000000E+00  0.00000000E+00  0.00000000E+00  2.99005557E-02  0.00000000E+00  0.00000000E+00 -1.23944636E-01
    0.964000      1   0.00000000E+00  0.00000000E+00  2.82181377E-03  0.00000000E+00  0.00000000E+00  0.00000000E+00  0.00000000E+00  0.00000000E+00  2.98385836E-02  0.00000000E+00  0.00000000E+00 -1.23944192E-01
    0.964500      1   0.00000000E+00  0.00000000E+00  2.88535516E-03  0.00000000E+00  0.00000000E+00  0.00000000E+00  0.00000000E+00  0.00000000E+00  2.97766134E-02  0.00000000E+00  0.00000000E+00 -1.23940567E-01
    0.965000      1   0.00000000E+00  0.00000000E+00  2.81294033E-03  0.00000000E+00  0.00000000E+00  0.00000000E+00  0.00000000E+00  0.00000000E+00  2.97146520E-02  0.00000000E+00  0.00000000E+00 -1.23922797E-01
    0.965500      1   0.00000000E+00  0.00000000E+00  2.77812908E-03  0.00000000E+00  0.00000000E+00  0.00000000E+00  0.00000000E+00  0.00000000E+00  2.96527015E-02  0.00000000E+00  0.00000000E+00 -1.23900996E-01
    0.966000      1   0.00000000E+00  0.00000000E+00  2.71573471E-03  0.00000000E+00  0.00000000E+00  0.00000000E+00  0.00000000E+00  0.00000000E+00  2.95907544E-02  0.00000000E+00  0.00000000E+00 -1.23894164E-01
    0.966500      1   0.00000000E+00  0.00000000E+00  2.68151509E-03  0.00000000E+00  0.00000000E+00  0.00000000E+00  0.00000000E+00  0.00000000E+00  2.95288051E-02  0.00000000E+00  0.00000000E+00 -1.23898565E-01
    0.967000      1   0.00000000E+00  0.00000000E+00  2.71722840E-03  0.00000000E+00  0.00000000E+00  0.00000000E+00  0.00000000E+00  0.00000000E+00  2.94668470E-02  0.00000000E+00  0.00000000E+00 -1.23916237E-01
    0.967500      1   0.00000000E+00  0.00000000E+00  2.76964591E-03  0.00000000E+00  0.00000000E+00  0.00000000E+00  0.00000000E+00  0.00000000E+00  2.94048788E-02  0.00000000E+00  0.00000000E+00 -1.23936371E-01
    0.968000      1   0.00000000E+00  0.00000000E+00  2.79438475E-03  0.00000000E+00  0.00000000E+00  0.00000000E+00  0.00000000E+00  0.00000000E+00  2.93429058E-02  0.00000000E+00  0.00000000E+00 -1.23946005E-01
    0.968500      1   0.00000000E+00  0.00000000E+00  2.84979808E-03  0.00000000E+00  0.00000000E+00  0.00000000E+00  0.00000000E+00  0.00000000E+00  2.92809334E-02  0.00000000E+00  0.00000000E+00 -1.23944845E-01
    0.969000      1   0.00000000E+00  0.00000000E+00  2.89701717E-03  0.00000000E+00  0.00000000E+00  0.00000000E+00  0.00000000E+00  0.00000000E+00  2.92189660E-02  0.00000000E+00  0.00000000E+00 -1.23934723E-01
    0.969500      1   0.00000000E+00  0.00000000E+00  2.79883995E-03  0.00000000E+00  0.00000000E+00  0.00000000E+00  0.00000000E+00  0.00000000E+00  2.91570103E-02  0.00000000E+00  0.00000000E+00 -1.23911327E-01
    0.970000      1   0.00000000E+00  0.00000000E+00  2.76213541E-03  0.00000000E+00  0.00000000E+00  0.00000000E+00  0.00000000E+00  0.00000000E+00  2.90950659E-02  0.00000000E+00  0.00000000E+00 -1.23888857E-01
    0.970500      1   0.00000000E+00  0.00000000E+00  2.72628612E-03  0.00000000E+00  0.00000000E+00  0.00000000E+00  0.00000000E+00  0.00000000E+00  2.90331230E-02  0.00000000E+00  0.00000000E+00 -1.23885755E-01
    0.971000      1   0.00000000E+00  0.00000000E+00  2.72594576E-03  0.00000000E+00  0.00000000E+00  0.00000000E+00  0.00000000E+00  0.00000000E+00  2.89711771E-02  0.00000000E+00  0.00000000E+00 -1.23891849E-01
    0.971500      1   0.00000000E+00  0.00000000E+00  2.74597708E-03  0.00000000E+00  0.00000000E+00  0.00000000E+00  0.00000000E+00  0.00000000E+00  2.89092252E-02  0.00000000E+00  0.00000000E+00 -1.23903860E-01
    0.972000      1   0.00000000E+00  0.00000000E+00  2.77818967E-03  0.00000000E+00  0.00000000E+00  0.00000000E+00  0.00000000E+00  0.00000000E+00  2.88472681E-02  0.00000000E+00  0.00000000E+00 -1.23914156E-01
    0.972500      1   0.00000000E+00  0.00000000E+00  2.75628897E-03  0.00000000E+00  0.00000000E+00  0.00000000E+00  0.00000000E+00  0.00000000E+00  2.87853090E-02  0.00000000E+00  0.00000000E+00 -1.23918315E-01
    0.973000      1   0.00000000E+00  0.00000000E+00  2.81031921E-03  0.00000000E+00  0.00000000E+00  0.00000000E+00  0.00000000E+00  0.00000000E+00  2.87233494E-02  0.00000000E+00  0.00000000E+00 -1.23919120E-01
    0.973500      1   0.00000000E+00  0.00000000E+00  2.89280280E-03  0.00000000E+00  0.00000000E+00  0.00000000E+00  0.00000000E+00  0.00000000E+00  2.86613900E-02  0.00000000E+00  0.00000000E+00 -1.23918744E-01
    0.974000      1   0.00000000E+00  0.00000000E+00  2.83064971E-03  0.00000000E+00  0.00000000E+00  0.00000000E+00  0.00000000E+00  0.00000000E+00  2.85994389E-02  0.00000000E+00  0.00000000E+00 -1.23902203E-01
    0.974500      1   0.00000000E+00  0.00000000E+00  2.77351475E-03  0.00000000E+00  0.00000000E+00  0.00000000E+00  0.00000000E+00  0.00000000E+00  2.85375001E-02  0.00000000E+00  0.00000000E+00 -1.23877613E-01
    0.975000      1   0.00000000E+00  0.00000000E+00  2.71897050E-03  0.00000000E+00  0.00000000E+00  0.00000000E+00  0.00000000E+00  0.00000000E+00  2.84755660E-02  0.00000000E+00  0.00000000E+00 -1.23868281E-01
    0.975500      1   0.00000000E+00  0.00000000E+00  2.71368464E-03  0.00000000E+00  0.00000000E+00  0.00000000E+00  0.00000000E+00  0.00000000E+00  2.84136294E-02  0.00000000E+00  0.00000000E+00 -1.23873154E-01
    0.976000      1   0.00000000E+00  0.00000000E+00  2.72047484E-03  0.00000000E+00  0.00000000E+00  0.00000000E+00  0.00000000E+00  0.00000000E+00  2.83516857E-02  0.00000000E+00  0.00000000E+00 -1.23887450E-01
    0.976500      1   0.00000000E+00  0.00000000E+00  2.75981172E-03  0.00000000E+00  0.00000000E+00  0.00000000E+00  0.00000000E+00  0.00000000E+00  2.82897347E-02  0.00000000E+00  0.00000000E+00 -1.23902015E-01
    0.977000      1   0.00000000E+00  0.00000000E+00  2.78503306E-03  0.00000000E+00  0.00000000E+00  0.00000000E+00  0.00000000E+00  0.00000000E+00  2.82277787E-02  0.00000000E+00  0.00000000E+00 -1.23911986E-01
    0.977500      1   0.00000000E+00  0.00000000E+00  2.84153212E-03  0.00000000E+00  0.00000000E+00  0.00000000E+00  0.00000000E+00  0.00000000E+00  2.81658220E-02  0.00000000E+00  0.00000000E+00 -1.23913267E-01
    0.978000      1   0.00000000E+00  0.00000000E+00  2.88852055E-03  0.00000000E+00  0.00000000E+00  0.00000000E+00  0.00000000E+00  0.00000000E+00  2.81038693E-02  0.00000000E+00  0.00000000E+00 -1.23905412E-01
    0.978500      1   0.00000000E+00  0.00000000E+00  2.82247272E-03  0.00000000E+00  0.00000000E+00  0.00000000E+00  0.00000000E+00  0.00000000E+00  2.80419273E-02  0.00000000E+00  0.00000000E+00 -1.23884124E-01
    0.979000      1   0.00000000E+00  0.00000000E+00  2.77064707E-03  0.00000000E+00  0.00000000E+00  0.00000000E+00  0.00000000E+00  0.00000000E+00  2.79799968E-02  0.00000000E+00  0.00000000E+00 -1.23860960E-01
    0.979500      1   0.00000000E+00  0.00000000E+00  2.73410517E-03  0.00000000E+00  0.00000000E+00  0.00000000E+00  0.00000000E+00  0.00000000E+00  2.79180702E-02  0.00000000E+00  0.00000000E+00 -1.23853224E-01
    0.980000      1   0.00000000E+00  0.00000000E+00  2.74378607E-03  0.00000000E+00  0.00000000E+00  0.00000000E+00  0.00000000E+00  0.00000000E+00  2.78561416E-02  0.00000000E+00  0.00000000E+00 -1.23857229E-01
    0.980500      1   0.00000000E+00  0.00000000E+00  2.73038660E-03  0.00000000E+00  0.00000000E+00  0.00000000E+00  0.00000000E+00  0.00000000E+00  2.77942084E-02  0.00000000E+00  0.00000000E+00 -1.23866379E-01
    0.981000      1   0.00000000E+00  0.00000000E+00  2.77408051E-03  0.00000000E+00  0.00000000E+00  0.00000000E+00  0.00000000E+00  0.00000000E+00  2.77322708E-02  0.00000000E+00  0.00000000E+00 -1.23875124E-01
    0.981500      1   0.00000000E+00  0.00000000E+00  2.77412065E-03  0.00000000E+00  0.00000000E+00  0.00000000E+00  0.00000000E+00  0.00000000E+00  2.76703297E-02  0.00000000E+00  0.00000000E+00 -1.23882206E-01
    0.982000      1   0.00000000E+00  0.00000000E+00  2.81070761E-03  0.00000000E+00  0.00000000E+00  0.00000000E+00  0.00000000E+00  0.00000000E+00  2.76083887E-02  0.00000000E+00  0.00000000E+00 -1.23882109E-01
    0.982500      1   0.00000000E+00  0.00000000E+00  2.87677179E-03  0.00000000E+00  0.00000000E+00  0.00000000E+00  0.00000000E+00  0.00000000E+00  2.75464493E-02  0.00000000E+00  0.00000000E+00 -1.23878771E-01
    0.983000      1   0.00000000E+00  0.00000000E+00  2.84098951E-03  0.00000000E+00  0.00000000E+00  0.00000000E+00  0.00000000E+00  0.00000000E+00  2.74845175E-02  0.00000000E+00  0.00000000E+00 -1.23863584E-01
    0.983500      1   0.00000000E+00  0.00000000E+00  2.77185908E-03  0.00000000E+00  0.00000000E+00  0.00000000E+00  0.00000000E+00  0.00000000E+00  2.74225971E-02  0.00000000E+00  0.00000000E+00 -1.23840712E-01
    0.984000      1   0.00000000E+00  0.00000000E+00  2.72785002E-03  0.00000000E+00  0.00000000E+00  0.00000000E+00  0.00000000E+00  0.00000000E+00  2.73606822E-02  0.00000000E+00  0.00000000E+00 -1.23829828E-01
    0.984500      1   0.00000000E+00  0.00000000E+00  2.72148733E-03  0.00000000E+00  0.00000000E+00  0.00000000E+00  0.00000000E+00  0.00000000E+00  2.72987651E-02  0.00000000E+00  0.00000000E+00 -1.23834188E-01
    0.985000      1   0.00000000E+00  0.00000000E+00  2.71539049E-03  0.00000000E+00  0.00000000E+00  0.00000000E+00  0.00000000E+00  0.00000000E+00  2.72368419E-02  0.00000000E+00  0.00000000E+00 -1.23846336E-01
    0.985500      1   0.00000000E+00  0.00000000E+00  2.76943270E-03  0.00000000E+00  0.00000000E+00  0.00000000E+00  0.00000000E+00  0.00000000E+00  2.71749119E-02  0.00000000E+00  0.00000000E+00 -1.23860069E-01
    0.986000      1   0.00000000E+00  0.00000000E+00  2.79993771E-03  0.00000000E+00  0.00000000E+00  0.00000000E+00  0.00000000E+00  0.00000000E+00  2.71129769E-02  0.00000000E+00  0.00000000E+00 -1.23870024E-01
    0.986500      1   0.00000000E+00  0.00000000E+00  2.84149581E-03  0.00000000E+00  0.00000000E+00  0.00000000E+00  0.00000000E+00  0.00000000E+00  2.70510427E-02  0.00000000E+00  0.00000000E+00 -1.23868408E-01
    0.987000      1   0.00000000E+00  0.00000000E+00  2.89128213E-03  0.00000000E+00  0.00000000E+00  0.00000000E+00  0.00000000E+00  0.00000000E+00  2.69891136E-02  0.00000000E+00  0.00000000E+00 -1.23858108E-01
    0.987500      1   0.00000000E+00  0.00000000E+00  2.81701819E-03  0.00000000E+00  0.00000000E+00  0.00000000E+00  0.00000000E+00  0.00000000E+00  2.69271953E-02  0.00000000E+00  0.00000000E+00 -1.23836582E-01
    0.988000      1   0.00000000E+00  0.00000000E+00  2.75975196E-03  0.00000000E+00  0.00000000E+00  0.00000000E+00  0.00000000E+00  0.00000000E+00  2.68652886E-02  0.00000000E+00  0.00000000E+00 -1.23813447E-01
    0.988500      1   0.00000000E+00  0.00000000E+00  2.73806976E-03  0.00000000E+00  0.00000000E+00  0.00000000E+00  0.00000000E+00  0.00000000E+00  2.68033848E-02  0.00000000E+00  0.00000000E+00 -1.23807570E-01
    0.989000      1   0.00000000E+00  0.00000000E+00  2.75458197E-03  0.00000000E+00  0.00000000E+00  0.00000000E+00  0.00000000E+00  0.00000000E+00  2.67414783E-02  0.00000000E+00  0.00000000E+00 -1.23813014E-01
    0.989500      1   0.00000000E+00  0.00000000E+00  2.73379653E-03  0.00000000E+00  0.00000000E+00  0.00000000E+00  0.00000000E+00  0.00000000E+00  2.66795681E-02  0.00000000E+00  0.00000000E+00 -1.23820558E-01
    0.990000      1   0.00000000E+00  0.00000000E+00  2.77767594E-03  0.00000000E+00  0.00000000E+00  0.00000000E+00  0.00000000E+00  0.00000000E+00  2.66176544E-02  0.00000000E+00  0.00000000E+00 -1.23827229E-01
    0.990500      1   0.00000000E+00  0.00000000E+00  2.79646840E-03  0.00000000E+00  0.00000000E+00  0.00000000E+00  0.00000000E+00  0.00000000E+00  2.65557377E-02  0.00000000E+00  0.00000000E+00 -1.23833433E-01
    0.991000      1   0.00000000E+00  0.00000000E+00  2.80824200E-03  0.00000000E+00  0.00000000E+00  0.00000000E+00  0.00000000E+00  0.00000000E+00  2.64938223E-02  0.00000000E+00  0.00000000E+00 -1.23830770E-01
    0.991500      1   0.00000000E+00  0.00000000E+00  2.86067669E-03  0.00000000E+00  0.00000000E+00  0.00000000E+00  0.00000000E+00  0.00000000E+00  2.64319103E-02  0.00000000E+00  0.00000000E+00 -1.23823980E-01
    0.992000      1   0.00000000E+00  0.00000000E+00  2.84222926E-03  0.00000000E+00  0.00000000E+00  0.00000000E+00  0.00000000E+00  0.00000000E+00  2.63700050E-02  0.00000000E+00  0.00000000E+00 -1.23810621E-01
    0.992500      1   0.00000000E+00  0.00000000E+00  2.77056684E-03  0.00000000E+00  0.00000000E+00  0.00000000E+00  0.00000000E+00  0.00000000E+00  2.63081099E-02  0.00000000E+00  0.00000000E+00 -1.23790282E-01
    0.993000      1   0.00000000E+00  0.00000000E+00  2.72587415E-03  0.00000000E+00  0.00000000E+00  0.00000000E+00  0.00000000E+00  0.00000000E+00  2.62462202E-02  0.00000000E+00  0.00000000E+00 -1.23779309E-01
    0.993500      1   0.00000000E+00  0.00000000E+00  2.73252899E-03  0.00000000E+00  0.00000000E+00  0.00000000E+00  0.00000000E+00  0.00000000E+00  2.61843282E-02  0.00000000E+00  0.00000000E+00 -1.23784056E-01
    0.994000      1   0.00000000E+00  0.00000000E+00  2.71672976E-03  0.00000000E+00  0.00000000E+00  0.00000000E+00  0.00000000E+00  0.00000000E+00  2.61224304E-02  0.00000000E+00  0.00000000E+00 -1.23795552E-01
    0.994500      1   0.00000000E+00  0.00000000E+00  2.77909679E-03  0.00000000E+00  0.00000000E+00  0.00000000E+00  0.00000000E+00  0.00000000E+00  2.60605268E-02  0.00000000E+00  0.00000000E+00 -1.23807353E-01
    0.995000      1   0.00000000E+00  0.00000000E+00  2.81179272E-03  0.00000000E+00  0.00000000E+00  0.00000000E+00  0.00000000E+00  0.00000000E+00  2.59986186E-02  0.00000000E+00  0.00000000E+00 -1.23816234E-01
    0.995500      1   0.00000000E+00  0.00000000E+00  2.84027002E-03  0.00000000E+00  0.00000000E+00  0.00000000E+00  0.00000000E+00  0.00000000E+00  2.59367126E-02  0.00000000E+00  0.00000000E+00 -1.23811983E-01
    0.996000      1   0.00000000E+00  0.00000000E+00  2.88178976E-03  0.00000000E+00  0.00000000E+00  0.00000000E+00  0.00000000E+00  0.00000000E+00  2.58748127E-02  0.00000000E+00  0.00000000E+00 -1.23799845E-01
    0.996500      1   0.00000000E+00  0.00000000E+00  2.83787661E-03  0.00000000E+00  0.00000000E+00  0.00000000E+00  0.00000000E+00  0.00000000E+00  2.58129230E-02  0.00000000E+00  0.00000000E+00 -1.23779359E-01
    0.997000      1   0.00000000E+00  0.00000000E+00  2.79147531E-03  0.00000000E+00  0.00000000E+00  0.00000000E+00  0.00000000E+00  0.00000000E+00  2.57510451E-02  0.00000000E+00  0.00000000E+00 -1.23755939E-01
    0.997500      1   0.00000000E+00  0.00000000E+00  2.71626490E-03  0.00000000E+00  0.00000000E+00  0.00000000E+00  0.00000000E+00  0.00000000E+00  2.56891732E-02  0.00000000E+00  0.00000000E+00 -1.23743832E-01
    0.998000      1   0.00000000E+00  0.00000000E+00  2.74065640E-03  0.00000000E+00  0.00000000E+00  0.00000000E+00  0.00000000E+00  0.00000000E+00  2.56273002E-02  0.00000000E+00  0.00000000E+00 -1.23745994E-01
    0.998500      1   0.00000000E+00  0.00000000E+00  2.73783077E-03  0.00000000E+00  0.00000000E+00  0.00000000E+00  0.00000000E+00  0.00000000E+00  2.55654210E-02  0.00000000E+00  0.00000000E+00 -1.23758351E-01
    0.999000      1   0.00000000E+00  0.00000000E+00  2.80545427E-03  0.00000000E+00  0.00000000E+00  0.00000000E+00  0.00000000E+00  0.00000000E+00  2.55035375E-02  0.00000000E+00  0.00000000E+00 -1.23766951E-01
    0.999500      1   0.00000000E+00  0.00000000E+00  2.79529297E-03  0.00000000E+00  0.00000000E+00  0.00000000E+00  0.00000000E+00  0.00000000E+00  2.54416525E-02  0.00000000E+00  0.00000000E+00 -1.23770037E-01
    1.000000      1   0.00000000E+00  0.00000000E+00  2.79952888E-03  0.00000000E+00  0.00000000E+00  0.00000000E+00  0.00000000E+00  0.00000000E+00  2.53797710E-02  0.00000000E+00  0.00000000E+00 -1.23762916E-01
    1.000500      1   0.00000000E+00  0.00000000E+00  2.85026490E-03  0.00000000E+00  0.00000000E+00  0.00000000E+00  0.00000000E+00  0.00000000E+00  2.53178925E-02  0.00000000E+00  0.00000000E+00 -1.23757090E-01
    1.001000      1   0.00000000E+00  0.00000000E+00  2.87555881E-03  0.00000000E+00  0.00000000E+00  0.00000000E+00  0.00000000E+00  0.00000000E+00  2.52560195E-02  0.00000000E+00  0.00000000E+00 -1.23746082E-01
    1.001500      1   0.00000000E+00  0.00000000E+00  2.78429615E-03  0.00000000E+00  0.00000000E+00  0.00000000E+00  0.00000000E+00  0.00000000E+00  2.51941572E-02  0.00000000E+00  0.00000000E+00 -1.23724506E-01
    1.002000      1   0.00000000E+00  0.00000000E+00  2.71570997E-03  0.00000000E+00  0.00000000E+00  0.00000000E+00  0.00000000E+00  0.00000000E+00  2.51323038E-02  0.00000000E+00  0.00000000E+00 -1.23706846E-01
    1.002500      1   0.00000000E+00  0.00000000E+00  2.74221665E-03  0.00000000E+00  0.00000000E+00  0.00000000E+00  0.00000000E+00  0.00000000E+00  2.50704487E-02  0.00000000E+00  0.00000000E+00 -1.23710237E-01
    1.003000      1   0.00000000E+00  0.00000000E+00  2.73921639E-03  0.00000000E+00  0.00000000E+00  0.00000000E+00  0.00000000E+00  0.00000000E+00  2.50085874E-02  0.00000000E+00  0.00000000E+00 -1.23722546E-01
    1.003500      1   0.00000000E+00  0.00000000E+00  2.78609684E-03  0.00000000E+00  0.00000000E+00  0.00000000E+00  0.00000000E+00  0.00000000E+00  2.49467220E-02  0.00000000E+00  0.00000000E+00 -1.23730768E-01
    1.004000      1   0.00000000E+00  0.00000000E+00  2.79755712E-03  0.00000000E+00  0.00000000E+00  0.00000000E+00  0.00000000E+00  0.00000000E+00  2.48848543E-02  0.00000000E+00  0.00000000E+00 -1.23735337E-01
    1.004500      1   0.00000000E+00  0.00000000E+00  2.83160025E-03  0.00000000E+00  0.00000000E+00  0.00000000E+00  0.00000000E+00  0.00000000E+00  2.48229887E-02  0.00000000E+00  0.00000000E+00 -1.23731195E-01
    1.005000      1   0.00000000E+00  0.00000000E+00  2.87990852E-03  0.00000000E+00  0.00000000E+00  0.00000000E+00  0.00000000E+00  0.00000000E+00  2.47611277E-02  0.00000000E+00  0.00000000E+00 -1.23722161E-01
    1.005500      1   0.00000000E+00  0.00000000E+00  2.84648534E-03  0.00000000E+00  0.00000000E+00  0.00000000E+00  0.00000000E+00  0.00000000E+00  2.46992760E-02  0.00000000E+00  0.00000000E+00 -1.23703266E-01
    1.006000      1   0.00000000E+00  0.00000000E+00  2.79488456E-03  0.00000000E+00  0.00000000E+00  0.00000000E+00  0.00000000E+00  0.00000000E+00  2.46374363E-02  0.00000000E+00  0.00000000E+00 -1.23679393E-01
    1.006500      1   0.00000000E+00  0.00000000E+00  2.71808422E-03  0.00000000E+00  0.00000000E+00  0.00000000E+00  0.00000000E+00  0.00000000E+00  2.45756035E-02  0.00000000E+00  0.00000000E+00 -1.23665571E-01
    1.007000      1   0.00000000E+00  0.00000000E+00  2.75498291E-03  0.00000000E+00  0.00000000E+00  0.00000000E+00  0.00000000E+00  0.00000000E+00  2.45137700E-02  0.00000000E+00  0.00000000E+00 -1.23667013E-01
    1.007500      1   0.00000000E+00  0.00000000E+00  2.77089171E-03  0.00000000E+00  0.00000000E+00  0.00000000E+00  0.00000000E+00  0.00000000E+00  2.44519311E-02  0.00000000E+00  0.00000000E+00 -1.23677803E-01
    1.008000      1   0.00000000E+00  0.00000000E+00  2.80878532E-03  0.00000000E+00  0.00000000E+00  0.00000000E+00  0.00000000E+00  0.00000000E+00  2.43900906E-02  0.00000000E+00  0.00000000E+00 -1.23681128E-01
    1.008500      1   0.00000000E+00  0.00000000E+00  2.78325679E-03  0.00000000E+00  0.00000000E+00  0.00000000E+00  0.00000000E+00  0.00000000E+00  2.43282513E-02  0.00000000E+00  0.00000000E+00 -1.23678490E-01
    1.009000      1   0.00000000E+00  0.00000000E+00  2.79882979E-03  0.00000000E+00  0.00000000E+00  0.00000000E+00  0.00000000E+00  0.00000000E+00  2.42664154E-02  0.00000000E+00  0.00000000E+00 -1.23671887E-01
    1.009500      1   0.00000000E+00  0.00000000E+00  2.85328496E-03  0.00000000E+00  0.00000000E+00  0.00000000E+00  0.00000000E+00  0.00000000E+00  2.42045813E-02  0.00000000E+00  0.00000000E+00 -1.23668099E-01
    1.010000      1   0.00000000E+00  0.00000000E+00  2.87839376E-03  0.00000000E+00  0.00000000E+00  0.00000000E+00  0.00000000E+00  0.00000000E+00  2.41427529E-02  0.00000000E+00  0.00000000E+00 -1.23656939E-01
    1.010500      1   0.00000000E+00  0.00000000E+00  2.80520215E-03  0.00000000E+00  0.00000000E+00  0.00000000E+00  0.00000000E+00  0.00000000E+00  2.40809356E-02  0.00000000E+00  0.00000000E+00 -1.23634616E-01
    1.011000      1   0.00000000E+00  0.00000000E+00  2.72703835E-03  0.00000000E+00  0.00000000E+00  0.00000000E+00  0.00000000E+00  0.00000000E+00  2.40191282E-02  0.00000000E+00  0.00000000E+00 -1.23614642E-01
    1.011500      1   0.00000000E+00  0.00000000E+00  2.73456680E-03  0.00000000E+00  0.00000000E+00  0.00000000E+00  0.00000000E+00  0.00000000E+00  2.39573214E-02  0.00000000E+00  0.00000000E+00 -1.23613598E-01
    1.012000      1   0.00000000E+00  0.00000000E+00  2.74638597E-03  0.00000000E+00  0.00000000E+00  0.00000000E+00  0.00000000E+00  0.00000000E+00  2.38955091E-02  0.00000000E+00  0.00000000E+00 -1.23624724E-01
    1.012500      1   0.00000000E+00  0.00000000E+00  2.79537897E-03  0.00000000E+00  0.00000000E+00  0.00000000E+00  0.00000000E+00  0.00000000E+00  2.38336923E-02  0.00000000E+00  0.00000000E+00 -1.23633568E-01
    1.013000      1   0.00000000E+00  0.00000000E+00  2.80525404E-03  0.00000000E+00  0.00000000E+00  0.00000000E+00  0.00000000E+00  0.00000000E+00  2.37718742E-02  0.00000000E+00  0.00000000E+00 -1.23636139E-01
    1.013500      1   0.00000000E+00  0.00000000E+00  2.84358438E-03  0.00000000E+00  0.00000000E+00  0.00000000E+00  0.00000000E+00  0.00000000E+00  2.37100593E-02  0.00000000E+00  0.00000000E+00 -1.23629792E-01
    1.014000      1   0.00000000E+00  0.00000000E+00  2.87831942E-03  0.00000000E+00  0.00000000E+00  0.00000000E+00  0.00000000E+00  0.00000000E+00  2.36482501E-02  0.00000000E+00  0.00000000E+00 -1.23618435E-01
    1.014500      1   0.00000000E+00  0.00000000E+00  2.84203309E-03  0.00000000E+00  0.00000000E+00  0.00000000E+00  0.00000000E+00  0.00000000E+00  2.35864512E-02  0.00000000E+00  0.00000000E+00 -1.23597712E-01
    1.015000      1   0.00000000E+00  0.00000000E+00  2.80700496E-03  0.00000000E+00  0.00000000E+00  0.00000000E+00  0.00000000E+00  0.00000000E+00  2.35246640E-02  0.00000000E+00  0.00000000E+00 -1.23574494E-01
    1.015500      1   0.00000000E+00  0.00000000E+00  2.74265071E-03  0.00000000E+00  0.00000000E+00  0.00000000E+00  0.00000000E+00  0.00000000E+00  2.34628838E-02  0.00000000E+00  0.00000000E+00 -1.23560331E-01
    1.016000      1   0.00000000E+00  0.00000000E+00  2.75514535E-03  0.00000000E+00  0.00000000E+00  0.00000000E+00  0.00000000E+00  0.00000000E+00  2.34011050E-02  0.00000000E+00  0.00000000E+00 -1.23557611E-01
    1.016500      1   0.00000000E+00  0.00000000E+00  2.76430909E-03  0.00000000E+00  0.00000000E+00  0.00000000E+00  0.00000000E+00  0.00000000E+00  2.33393229E-02  0.00000000E+00  0.00000000E+00 -1.23564353E-01
    1.017000      1   0.00000000E+00  0.00000000E+00  2.80995191E-03  0.00000000E+00  0.00000000E+00  0.00000000E+00  0.00000000E+00  0.00000000E+00  2.32775387E-02  0.00000000E+00  0.00000000E+00 -1.23568233E-01
    1.017500      1   0.00000000E+00  0.00000000E+00  2.79857696E-03  0.00000000E+00  0.00000000E+00  0.00000000E+00  0.00000000E+00  0.00000000E+00  2.32157554E-02  0.00000000E+00  0.00000000E+00 -1.23566573E-01
    1.018000      1   0.00000000E+00  0.00000000E+00  2.81539684E-03  0.00000000E+00  0.00000000E+00  0.00000000E+00  0.00000000E+00  0.00000000E+00  2.31539762E-02  0.00000000E+00  0.00000000E+00 -1.23558424E-01
    1.018500      1   0.00000000E+00  0.00000000E+00  2.85501147E-03  0.00000000E+00  0.00000000E+00  0.00000000E+00  0.00000000E+00  0.00000000E+00  2.30922009E-02  0.00000000E+00  0.00000000E+00 -1.23550655E-01
    1.019000      1   0.00000000E+00  0.00000000E+00  2.87721499E-03  0.00000000E+00  0.00000000E+00  0.00000000E+00  0.00000000E+00  0.00000000E+00  2.30304326E-02  0.00000000E+00  0.00000000E+00 -1.23536622E-01
    1.019500      1   0.00000000E+00  0.00000000E+00  2.81049433E-03  0.00000000E+00  0.00000000E+00  0.00000000E+00  0.00000000E+00  0.00000000E+00  2.29686755E-02  0.00000000E+00  0.00000000E+00 -1.23514120E-01
    1.020000      1   0.00000000E+00  0.00000000E+00  2.73517842E-03  0.00000000E+00  0.00000000E+00  0.00000000E+00  0.00000000E+00  0.00000000E+00  2.29069286E-02  0.00000000E+00  0.00000000E+00 -1.23493872E-01
    1.020500      1   0.00000000E+00  0.00000000E+00  2.74260753E-03  0.00000000E+00  0.00000000E+00  0.00000000E+00  0.00000000E+00  0.00000000E+00  2.28451830E-02  0.00000000E+00  0.00000000E+00 -1.23491239E-01
    1.021000      1   0.00000000E+00  0.00000000E+00  2.75265906E-03  0.00000000E+00  0.00000000E+00  0.00000000E+00  0.00000000E+00  0.00000000E+00  2.27834328E-02  0.00000000E+00  0.00000000E+00 -1.23500317E-01
    1.021500      1   0.00000000E+00  0.00000000E+00  2.80119773E-03  0.00000000E+00  0.00000000E+00  0.00000000E+00  0.00000000E+00  0.00000000E+00  2.27216792E-02  0.00000000E+00  0.00000000E+00 -1.23507286E-01
    1.022000      1   0.00000000E+00  0.00000000E+00  2.81704973E-03  0.00000000E+00  0.00000000E+00  0.00000000E+00  0.00000000E+00  0.00000000E+00  2.26599250E-02  0.00000000E+00  0.00000000E+00 -1.23508313E-01
    1.022500      1   0.00000000E+00  0.00000000E+00  2.84928056E-03  0.00000000E+00  0.00000000E+00  0.00000000E+00  0.00000000E+00  0.00000000E+00  2.25981750E-02  0.00000000E+00  0.00000000E+00 -1.23499968E-01
    1.023000      1   0.00000000E+00  0.00000000E+00  2.88421717E-03  0.00000000E+00  0.00000000E+00  0.00000000E+00  0.00000000E+00  0.00000000E+00  2.25364320E-02  0.00000000E+00  0.00000000E+00 -1.23486169E-01
    1.023500      1   0.00000000E+00  0.00000000E+00  2.84936294E-03  0.00000000E+00  0.00000000E+00  0.00000000E+00  0.00000000E+00  0.00000000E+00  2.24747000E-02  0.00000000E+00  0.00000000E+00 -1.23463990E-01
    1.024000      1   0.00000000E+00  0.00000000E+00  2.81857099E-03  0.00000000E+00  0.00000000E+00  0.00000000E+00  0.00000000E+00  0.00000000E+00  2.24129804E-02  0.00000000E+00  0.00000000E+00 -1.23439155E-01
    1.024500      1   0.00000000E+00  0.00000000E+00  2.74970343E-03  0.00000000E+00  0.00000000E+00  0.00000000E+00  0.00000000E+00  0.00000000E+00  2.23512690E-02  0.00000000E+00  0.00000000E+00 -1.23422766E-01
    1.025000      1   0.00000000E+00  0.00000000E+00  2.76094521E-03  0.00000000E+00  0.00000000E+00  0.00000000E+00  0.00000000E+00  0.00000000E+00  2.22895602E-02  0.00000000E+00  0.00000000E+00 -1.23417523E-01
    1.025500      1   0.00000000E+00  0.00000000E+00  2.77141430E-03  0.00000000E+00  0.00000000E+00  0.00000000E+00  0.00000000E+00  0.00000000E+00  2.22278489E-02  0.00000000E+00  0.00000000E+00 -1.23422594E-01
    1.026000      1   0.00000000E+00  0.00000000E+00  2.81857623E-03  0.00000000E+00  0.00000000E+00  0.00000000E+00  0.00000000E+00  0.00000000E+00  2.21661365E-02  0.00000000E+00  0.00000000E+00 -1.23424894E-01
    1.026500      1   0.00000000E+00  0.00000000E+00  2.80751757E-03  0.00000000E+00  0.00000000E+00  0.00000000E+00  0.00000000E+00  0.00000000E+00  2.21044258E-02  0.00000000E+00  0.00000000E+00 -1.23421304E-01
    1.027000      1   0.00000000E+00  0.00000000E+00  2.82395765E-03  0.00000000E+00  0.00000000E+00  0.00000000E+00  0.00000000E+00  0.00000000E+00  2.20427204E-02  0.00000000E+00  0.00000000E+00 -1.23410948E-01
    1.027500      1   0.00000000E+00  0.00000000E+00  2.86345218E-03  0.00000000E+00  0.00000000E+00  0.00000000E+00  0.00000000E+00  0.00000000E+00  2.19810199E-02  0.00000000E+00  0.00000000E+00 -1.23400954E-01
    1.028000      1   0.00000000E+00  0.00000000E+00  2.88607860E-03  0.00000000E+00  0.00000000E+00  0.00000000E+00  0.00000000E+00  0.00000000E+00  2.19193275E-02  0.00000000E+00  0.00000000E+00 -1.23384769E-01
    1.028500      1   0.00000000E+00  0.00000000E+00  2.81826874E-03  0.00000000E+00  0.00000000E+00  0.00000000E+00  0.00000000E+00  0.00000000E+00  2.18576475E-02  0.00000000E+00  0.00000000E+00 -1.23360098E-01
    1.029000      1   0.00000000E+00  0.00000000E+00  2.74433185E-03  0.00000000E+00  0.00000000E+00  0.00000000E+00  0.00000000E+00  0.00000000E+00  2.17959786E-02  0.00000000E+00  0.00000000E+00 -1.23337706E-01
    1.029500      1   0.00000000E+00  0.00000000E+00  2.75230993E-03  0.00000000E+00  0.00000000E+00  0.00000000E+00  0.00000000E+00  0.00000000E+00  2.17343121E-02  0.00000000E+00  0.00000000E+00 -1.23332988E-01
    1.030000      1   0.00000000E+00  0.00000000E+00  2.76236220E-03  0.00000000E+00  0.00000000E+00  0.00000000E+00  0.00000000E+00  0.00000000E+00  2.16726423E-02  0.00000000E+00  0.00000000E+00 -1.23339705E-01
    1.030500      1   0.00000000E+00  0.00000000E+00  2.81106226E-03  0.00000000E+00  0.00000000E+00  0.00000000E+00  0.00000000E+00  0.00000000E+00  2.16109701E-02  0.00000000E+00  0.00000000E+00 -1.23344223E-01
    1.031000      1   0.00000000E+00  0.00000000E+00  2.82707332E-03  0.00000000E+00  0.00000000E+00  0.00000000E+00  0.00000000E+00  0.00000000E+00  2.15492988E-02  0.00000000E+00  0.00000000E+00 -1.23342784E-01
    1.031500      1   0.00000000E+00  0.00000000E+00  2.86005940E-03  0.00000000E+00  0.00000000E+00  0.00000000E+00  0.00000000E+00  0.00000000E+00  2.14876328E-02  0.00000000E+00  0.00000000E+00 -1.23331932E-01
    1.032000      1   0.00000000E+00  0.00000000E+00  2.89429018E-03  0.00000000E+00  0.00000000E+00  0.00000000E+00  0.00000000E+00  0.00000000E+00  2.14259750E-02  0.00000000E+00  0.00000000E+00 -1.23315535E-01
    1.032500      1   0.00000000E+00  0.00000000E+00  2.85948041E-03  0.00000000E+00  0.00000000E+00  0.00000000E+00  0.00000000E+00  0.00000000E+00  2.13643297E-02  0.00000000E+00  0.00000000E+00 -1.23290695E-01
    1.033000      1   0.00000000E+00  0.00000000E+00  2.82616333E-03  0.00000000E+00  0.00000000E+00  0.00000000E+00  0.00000000E+00  0.00000000E+00  2.13026980E-02  0.00000000E+00  0.00000000E+00 -1.23263312E-01
    1.033500      1   0.00000000E+00  0.00000000E+00  2.76143675E-03  0.00000000E+00  0.00000000E+00  0.00000000E+00  0.00000000E+00  0.00000000E+00  2.12410757E-02  0.00000000E+00  0.00000000E+00 -1.23244590E-01
    1.034000      1   0.00000000E+00  0.00000000E+00  2.77298355E-03  0.00000000E+00  0.00000000E+00  0.00000000E+00  0.00000000E+00  0.00000000E+00  2.11794572E-02  0.00000000E+00  0.00000000E+00 -1.23237063E-01
    1.034500      1   0.00000000E+00  0.00000000E+00  2.78242063E-03  0.00000000E+00  0.00000000E+00  0.00000000E+00  0.00000000E+00  0.00000000E+00  2.11178376E-02  0.00000000E+00  0.00000000E+00 -1.23239143E-01
    1.035000      1   0.00000000E+00  0.00000000E+00  2.82907325E-03  0.00000000E+00  0.00000000E+00  0.00000000E+00  0.00000000E+00  0.00000000E+00  2.10562184E-02  0.00000000E+00  0.00000000E+00 -1.23238493E-01
    1.035500      1   0.00000000E+00  0.00000000E+00  2.81210131E-03  0.00000000E+00  0.00000000E+00  0.00000000E+00  0.00000000E+00  0.00000000E+00  2.09946023E-02  0.00000000E+00  0.00000000E+00 -1.23232168E-01
    1.036000      1   0.00000000E+00  0.00000000E+00  2.83448162E-03  0.00000000E+00  0.00000000E+00  0.00000000E+00  0.00000000E+00  0.00000000E+00  2.09329924E-02  0.00000000E+00  0.00000000E+00 -1.23219682E-01
    1.036500      1   0.00000000E+00  0.00000000E+00  2.87902368E-03  0.00000000E+00  0.00000000E+00  0.00000000E+00  0.00000000E+00  0.00000000E+00  2.08713884E-02  0.00000000E+00  0.00000000E+00 -1.23208005E-01
    1.037000      1   0.00000000E+00  0.00000000E+00  2.90093454E-03  0.00000000E+00  0.00000000E+00  0.00000000E+00  0.00000000E+00  0.00000000E+00  2.08097941E-02  0.00000000E+00  0.00000000E+00 -1.23188715E-01
    1.037500      1   0.00000000E+00  0.00000000E+00  2.81451935E-03  0.00000000E+00  0.00000000E+00  0.00000000E+00  0.00000000E+00  0.00000000E+00  2.07482140E-02  0.00000000E+00  0.00000000E+00 -1.23160173E-01
    1.038000      1   0.00000000E+00  0.00000000E+00  2.74584711E-03  0.00000000E+00  0.00000000E+00  0.00000000E+00  0.00000000E+00  0.00000000E+00  2.06866462E-02  0.00000000E+00  0.00000000E+00 -1.23135674E-01
    1.038500      1   0.00000000E+00  0.00000000E+00  2.77615563E-03  0.00000000E+00  0.00000000E+00  0.00000000E+00  0.00000000E+00  0.00000000E+00  2.06250804E-02  0.00000000E+00  0.00000000E+00 -1.23131437E-01
    1.039000      1   0.00000000E+00  0.00000000E+00  2.78604932E-03  0.00000000E+00  0.00000000E+00  0.00000000E+00  0.00000000E+00  0.00000000E+00  2.05635125E-02  0.00000000E+00  0.00000000E+00 -1.23135797E-01
    1.039500      1   0.00000000E+00  0.00000000E+00  2.82548852E-03  0.00000000E+00  0.00000000E+00  0.00000000E+00  0.00000000E+00  0.00000000E+00  2.05019454E-02  0.00000000E+00  0.00000000E+00 -1.23134305E-01
    1.040000      1   0.00000000E+00  0.00000000E+00  2.82579590E-03  0.00000000E+00  0.00000000E+00  0.00000000E+00  0.00000000E+00  0.00000000E+00  2.04403815E-02  0.00000000E+00  0.00000000E+00 -1.23127701E-01
    1.040500      1   0.00000000E+00  0.00000000E+00  2.86408016E-03  0.00000000E+00  0.00000000E+00  0.00000000E+00  0.00000000E+00  0.00000000E+00  2.03788242E-02  0.00000000E+00  0.00000000E+00 -1.23114594E-01
    1.041000      1   0.00000000E+00  0.00000000E+00  2.91520126E-03  0.00000000E+00  0.00000000E+00  0.00000000E+00  0.00000000E+00  0.00000000E+00  2.03172752E-02  0.00000000E+00  0.00000000E+00 -1.23098051E-01
    1.041500      1   0.00000000E+00  0.00000000E+00  2.88894131E-03  0.00000000E+00  0.00000000E+00  0.00000000E+00  0.00000000E+00  0.00000000E+00  2.02557399E-02  0.00000000E+00  0.00000000E+00 -1.23070701E-01
    1.042000      1   0.00000000E+00  0.00000000E+00  2.83375461E-03  0.00000000E+00  0.00000000E+00  0.00000000E+00  0.00000000E+00  0.00000000E+00  2.01942212E-02  0.00000000E+00  0.00000000E+00 -1.23037279E-01
    1.042500      1   0.00000000E+00  0.00000000E+00  2.75589963E-03  0.00000000E+00  0.00000000E+00  0.00000000E+00  0.00000000E+00  0.00000000E+00  2.01327147E-02  0.00000000E+00  0.00000000E+00 -1.23013049E-01
    1.043000      1   0.00000000E+00  0.00000000E+00  2.78784953E-03  0.00000000E+00  0.00000000E+00  0.00000000E+00  0.00000000E+00  0.00000000E+00  2.00712123E-02  0.00000000E+00  0.00000000E+00 -1.23004764E-01
    1.043500      1   0.00000000E+00  0.00000000E+00  2.78939868E-03  0.00000000E+00  0.00000000E+00  0.00000000E+00  0.00000000E+00  0.00000000E+00  2.00097091E-02  0.00000000E+00  0.00000000E+00 -1.23006439E-01
    1.044000      1   0.00000000E+00  0.00000000E+00  2.84665777E-03  0.00000000E+00  0.00000000E+00  0.00000000E+00  0.00000000E+00  0.00000000E+00  1.99482077E-02  0.00000000E+00  0.00000000E+00 -1.23002731E-01
    1.044500      1   0.00000000E+00  0.00000000E+00  2.83539792E-03  0.00000000E+00  0.00000000E+00  0.00000000E+00  0.00000000E+00  0.00000000E+00  1.98867109E-02  0.00000000E+00  0.00000000E+00 -1.22993705E-01
    1.045000      1   0.00000000E+00  0.00000000E+00  2.84180981E-03  0.00000000E+00  0.00000000E+00  0.00000000E+00  0.00000000E+00  0.00000000E+00  1.98252228E-02  0.00000000E+00  0.00000000E+00 -1.22976273E-01
    1.045500      1   0.00000000E+00  0.00000000E+00  2.90110202E-03  0.00000000E+00  0.00000000E+00  0.00000000E+00  0.00000000E+00  0.00000000E+00  1.97637427E-02  0.00000000E+00  0.00000000E+00 -1.22960122E-01
    1.046000      1   0.00000000E+00  0.00000000E+00  2.92162861E-03  0.00000000E+00  0.00000000E+00  0.00000000E+00  0.00000000E+00  0.00000000E+00  1.97022739E-02  0.00000000E+00  0.00000000E+00 -1.22937676E-01
    1.046500      1   0.00000000E+00  0.00000000E+00  2.83587538E-03  0.00000000E+00  0.00000000E+00  0.00000000E+00  0.00000000E+00  0.00000000E+00  1.96408220E-02  0.00000000E+00  0.00000000E+00 -1.22903679E-01
    1.047000      1   0.00000000E+00  0.00000000E+00  2.76508795E-03  0.00000000E+00  0.00000000E+00  0.00000000E+00  0.00000000E+00  0.00000000E+00  1.95793851E-02  0.00000000E+00  0.00000000E+00 -1.22873894E-01
    1.047500      1   0.00000000E+00  0.00000000E+00  2.77056240E-03  0.00000000E+00  0.00000000E+00  0.00000000E+00  0.00000000E+00  0.00000000E+00  1.95179528E-02  0.00000000E+00  0.00000000E+00 -1.22864449E-01
    1.048000      1   0.00000000E+00  0.00000000E+00  2.76663011E-03  0.00000000E+00  0.00000000E+00  0.00000000E+00  0.00000000E+00  0.00000000E+00  1.94565198E-02  0.00000000E+00  0.00000000E+00 -1.22866143E-01
    1.048500      1   0.00000000E+00  0.00000000E+00  2.82828183E-03  0.00000000E+00  0.00000000E+00  0.00000000E+00  0.00000000E+00  0.00000000E+00  1.93950861E-02  0.00000000E+00  0.00000000E+00 -1.22867287E-01
    1.049000      1   0.00000000E+00  0.00000000E+00  2.87653272E-03  0.00000000E+00  0.00000000E+00  0.00000000E+00  0.00000000E+00  0.00000000E+00  1.93336543E-02  0.00000000E+00  0.00000000E+00 -1.22863625E-01
    1.049500      1   0.00000000E+00  0.00000000E+00  2.90242973E-03  0.00000000E+00  0.00000000E+00  0.00000000E+00  0.00000000E+00  0.00000000E+00  1.92722315E-02  0.00000000E+00  0.00000000E+00 -1.22845573E-01
    1.050000      1   0.00000000E+00  0.00000000E+00  2.94752118E-03  0.00000000E+00  0.00000000E+00  0.00000000E+00  0.00000000E+00  0.00000000E+00  1.92108229E-02  0.00000000E+00  0.00000000E+00 -1.22817308E-01
    1.050500      1   0.00000000E+00  0.00000000E+00  2.87109436E-03  0.00000000E+00  0.00000000E+00  0.00000000E+00  0.00000000E+00  0.00000000E+00  1.91494325E-02  0.00000000E+00  0.00000000E+00 -1.22780803E-01
    1.051000      1   0.00000000E+00  0.00000000E+00  2.82308965E-03  0.00000000E+00  0.00000000E+00  0.00000000E+00  0.00000000E+00  0.00000000E+00  1.90880606E-02  0.00000000E+00  0.00000000E+00 -1.22743652E-01
    1.051500      1   0.00000000E+00  0.00000000E+00  2.80243467E-03  0.00000000E+00  0.00000000E+00  0.00000000E+00  0.00000000E+00  0.00000000E+00  1.90266990E-02  0.00000000E+00  0.00000000E+00 -1.22723295E-01
    1.052000      1   0.00000000E+00  0.00000000E+00  2.81024965E-03  0.00000000E+00  0.00000000E+00  0.00000000E+00  0.00000000E+00  0.00000000E+00  1.89653427E-02  0.00000000E+00  0.00000000E+00 -1.22712647E-01
    1.052500      1   0.00000000E+00  0.00000000E+00  2.80267731E-03  0.00000000E+00  0.00000000E+00  0.00000000E+00  0.00000000E+00  0.00000000E+00  1.89039903E-02  0.00000000E+00  0.00000000E+00 -1.22704700E-01
    1.053000      1   0.00000000E+00  0.00000000E+00  2.84722266E-03  0.00000000E+00  0.00000000E+00  0.00000000E+00  0.00000000E+00  0.00000000E+00  1.88426423E-02  0.00000000E+00  0.00000000E+00 -1.22696139E-01
    1.053500      1   0.00000000E+00  0.00000000E+00  2.83996873E-03  0.00000000E+00  0.00000000E+00  0.00000000E+00  0.00000000E+00  0.00000000E+00  1.87812998E-02  0.00000000E+00  0.00000000E+00 -1.22684883E-01
    1.054000      1   0.00000000E+00  0.00000000E+00  2.87398463E-03  0.00000000E+00  0.00000000E+00  0.00000000E+00  0.00000000E+00  0.00000000E+00  1.87199663E-02  0.00000000E+00  0.00000000E+00 -1.22666954E-01
    1.054500      1   0.00000000E+00  0.00000000E+00  2.95664464E-03  0.00000000E+00  0.00000000E+00  0.00000000E+00  0.00000000E+00  0.00000000E+00  1.86586427E-02  0.00000000E+00  0.00000000E+00 -1.22647208E-01
    1.055000      1   0.00000000E+00  0.00000000E+00  2.91825147E-03  0.00000000E+00  0.00000000E+00  0.00000000E+00  0.00000000E+00  0.00000000E+00  1.85973355E-02  0.00000000E+00  0.00000000E+00 -1.22614568E-01
    1.055500      1   0.00000000E+00  0.00000000E+00  2.84619811E-03  0.00000000E+00  0.00000000E+00  0.00000000E+00  0.00000000E+00  0.00000000E+00  1.85360496E-02  0.00000000E+00  0.00000000E+00 -1.22571749E-01
    1.056000      1   0.00000000E+00  0.00000000E+00  2.79394064E-03  0.00000000E+00  0.00000000E+00  0.00000000E+00  0.00000000E+00  0.00000000E+00  1.84747788E-02  0.00000000E+00  0.00000000E+00 -1.22541605E-01
    1.056500      1   0.00000000E+00  0.00000000E+00  2.78729161E-03  0.00000000E+00  0.00000000E+00  0.00000000E+00  0.00000000E+00  0.00000000E+00  1.84135148E-02  0.00000000E+00  0.00000000E+00 -1.22527914E-01
    1.057000      1   0.00000000E+00  0.00000000E+00  2.79718290E-03  0.00000000E+00  0.00000000E+00  0.00000000E+00  0.00000000E+00  0.00000000E+00  1.83522531E-02  0.00000000E+00  0.00000000E+00 -1.22523392E-01
    1.057500      1   0.00000000E+00  0.00000000E+00  2.83851832E-03  0.00000000E+00  0.00000000E+00  0.00000000E+00  0.00000000E+00  0.00000000E+00  1.82909936E-02  0.00000000E+00  0.00000000E+00 -1.22519087E-01
    1.058000      1   0.00000000E+00  0.00000000E+00  2.86364166E-03  0.00000000E+00  0.00000000E+00  0.00000000E+00  0.00000000E+00  0.00000000E+00  1.82297388E-02  0.00000000E+00  0.00000000E+00 -1.22509502E-01
    1.058500      1   0.00000000E+00  0.00000000E+00  2.93386114E-03  0.00000000E+00  0.00000000E+00  0.00000000E+00  0.00000000E+00  0.00000000E+00  1.81684934E-02  0.00000000E+00  0.00000000E+00 -1.22490909E-01
    1.059000      1   0.00000000E+00  0.00000000E+00  2.98928104E-03  0.00000000E+00  0.00000000E+00  0.00000000E+00  0.00000000E+00  0.00000000E+00  1.81072624E-02  0.00000000E+00  0.00000000E+00 -1.22461982E-01
    1.059500      1   0.00000000E+00  0.00000000E+00  2.88932138E-03  0.00000000E+00  0.00000000E+00  0.00000000E+00  0.00000000E+00  0.00000000E+00  1.80460541E-02  0.00000000E+00  0.00000000E+00 -1.22416624E-01
    1.060000      1   0.00000000E+00  0.00000000E+00  2.85492434E-03  0.00000000E+00  0.00000000E+00  0.00000000E+00  0.00000000E+00  0.00000000E+00  1.79848686E-02  0.00000000E+00  0.00000000E+00 -1.22371004E-01
    1.060500      1   0.00000000E+00  0.00000000E+00  2.81394318E-03  0.00000000E+00  0.00000000E+00  0.00000000E+00  0.00000000E+00  0.00000000E+00  1.79236961E-02  0.00000000E+00  0.00000000E+00 -1.22344839E-01
    1.061000      1   0.00000000E+00  0.00000000E+00  2.80676683E-03  0.00000000E+00  0.00000000E+00  0.00000000E+00  0.00000000E+00  0.00000000E+00  1.78625322E-02  0.00000000E+00  0.00000000E+00 -1.22327946E-01
    1.061500      1   0.00000000E+00  0.00000000E+00  2.81530745E-03  0.00000000E+00  0.00000000E+00  0.00000000E+00  0.00000000E+00  0.00000000E+00  1.78013730E-02  0.00000000E+00  0.00000000E+00 -1.22318417E-01
    1.062000      1   0.00000000E+00  0.00000000E+00  2.86408670E-03  0.00000000E+00  0.00000000E+00  0.00000000E+00  0.00000000E+00  0.00000000E+00  1.77402183E-02  0.00000000E+00  0.00000000E+00 -1.22309311E-01
    1.062500      1   0.00000000E+00  0.00000000E+00  2.86054509E-03  0.00000000E+00  0.00000000E+00  0.00000000E+00  0.00000000E+00  0.00000000E+00  1.76790711E-02  0.00000000E+00  0.00000000E+00 -1.22294490E-01
    1.063000      1   0.00000000E+00  0.00000000E+00  2.92467877E-03  0.00000000E+00  0.00000000E+00  0.00000000E+00  0.00000000E+00  0.00000000E+00  1.76179351E-02  0.00000000E+00  0.00000000E+00 -1.22271972E-01
    1.063500      1   0.00000000E+00  0.00000000E+00  2.99186902E-03  0.00000000E+00  0.00000000E+00  0.00000000E+00  0.00000000E+00  0.00000000E+00  1.75568129E-02  0.00000000E+00  0.00000000E+00 -1.22244365E-01
    1.064000      1   0.00000000E+00  0.00000000E+00  2.92081815E-03  0.00000000E+00  0.00000000E+00  0.00000000E+00  0.00000000E+00  0.00000000E+00  1.74957128E-02  0.00000000E+00  0.00000000E+00 -1.22200286E-01
    1.064500      1   0.00000000E+00  0.00000000E+00  2.90875052E-03  0.00000000E+00  0.00000000E+00  0.00000000E+00  0.00000000E+00  0.00000000E+00  1.74346370E-02  0.00000000E+00  0.00000000E+00 -1.22151456E-01
    1.065000      1   0.00000000E+00  0.00000000E+00  2.81420797E-03  0.00000000E+00  0.00000000E+00  0.00000000E+00  0.00000000E+00  0.00000000E+00  1.73735793E-02  0.00000000E+00  0.00000000E+00 -1.22115360E-01
    1.065500      1   0.00000000E+00  0.00000000E+00  2.75493764E-03  0.00000000E+00  0.00000000E+00  0.00000000E+00  0.00000000E+00  0.00000000E+00  1.73125345E-02  0.00000000E+00  0.00000000E+00 -1.22089605E-01
    1.066000      1   0.00000000E+00  0.00000000E+00  2.82767837E-03  0.00000000E+00  0.00000000E+00  0.00000000E+00  0.00000000E+00  0.00000000E+00  1.72514922E-02  0.00000000E+00  0.00000000E+00 -1.22084616E-01
    1.066500      1   0.00000000E+00  0.00000000E+00  2.88649849E-03  0.00000000E+00  0.00000000E+00  0.00000000E+00  0.00000000E+00  0.00000000E+00  1.71904508E-02  0.00000000E+00  0.00000000E+00 -1.22082927E-01
    1.067000      1   0.00000000E+00  0.00000000E+00  2.87077134E-03  0.00000000E+00  0.00000000E+00  0.00000000E+00  0.00000000E+00  0.00000000E+00  1.71294187E-02  0.00000000E+00  0.00000000E+00 -1.22064093E-01
    1.067500      1   0.00000000E+00  0.00000000E+00  2.95276690E-03  0.00000000E+00  0.00000000E+00  0.00000000E+00  0.00000000E+00  0.00000000E+00  1.70684002E-02  0.00000000E+00  0.00000000E+00 -1.22036991E-01
    1.068000      1   0.00000000E+00  0.00000000E+00  3.03178613E-03  0.00000000E+00  0.00000000E+00  0.00000000E+00  0.00000000E+00  0.00000000E+00  1.70073976E-02  0.00000000E+00  0.00000000E+00 -1.22005221E-01
    1.068500      1   0.00000000E+00  0.00000000E+00  2.93226461E-03  0.00000000E+00  0.00000000E+00  0.00000000E+00  0.00000000E+00  0.00000000E+00  1.69464211E-02  0.00000000E+00  0.00000000E+00 -1.21953000E-01
    1.069000      1   0.00000000E+00  0.00000000E+00  2.91921984E-03  0.00000000E+00  0.00000000E+00  0.00000000E+00  0.00000000E+00  0.00000000E+00  1.68854728E-02  0.00000000E+00  0.00000000E+00 -1.21896603E-01
    1.069500      1   0.00000000E+00  0.00000000E+00  2.86280893E-03  0.00000000E+00  0.00000000E+00  0.00000000E+00  0.00000000E+00  0.00000000E+00  1.68245440E-02  0.00000000E+00  0.00000000E+00 -1.21857702E-01
    1.070000      1   0.00000000E+00  0.00000000E+00  2.78571675E-03  0.00000000E+00  0.00000000E+00  0.00000000E+00  0.00000000E+00  0.00000000E+00  1.67636310E-02  0.00000000E+00  0.00000000E+00 -1.21825931E-01
    1.070500      1   0.00000000E+00  0.00000000E+00  2.84731679E-03  0.00000000E+00  0.00000000E+00  0.00000000E+00  0.00000000E+00  0.00000000E+00  1.67027259E-02  0.00000000E+00  0.00000000E+00 -1.21810239E-01
    1.071000      1   0.00000000E+00  0.00000000E+00  2.89258921E-03  0.00000000E+00  0.00000000E+00  0.00000000E+00  0.00000000E+00  0.00000000E+00  1.66418250E-02  0.00000000E+00  0.00000000E+00 -1.21801760E-01
    1.071500      1   0.00000000E+00  0.00000000E+00  2.91426625E-03  0.00000000E+00  0.00000000E+00  0.00000000E+00  0.00000000E+00  0.00000000E+00  1.65809354E-02  0.00000000E+00  0.00000000E+00 -1.21779162E-01
    1.072000      1   0.00000000E+00  0.00000000E+00  2.94714523E-03  0.00000000E+00  0.00000000E+00  0.00000000E+00  0.00000000E+00  0.00000000E+00  1.65200618E-02  0.00000000E+00  0.00000000E+00 -1.21747214E-01
    1.072500      1   0.00000000E+00  0.00000000E+00  2.98336421E-03  0.00000000E+00  0.00000000E+00  0.00000000E+00  0.00000000E+00  0.00000000E+00  1.64592074E-02  0.00000000E+00  0.00000000E+00 -1.21708799E-01
    1.073000      1   0.00000000E+00  0.00000000E+00  2.97719548E-03  0.00000000E+00  0.00000000E+00  0.00000000E+00  0.00000000E+00  0.00000000E+00  1.63983765E-02  0.00000000E+00  0.00000000E+00 -1.21661783E-01
    1.073500      1   0.00000000E+00  0.00000000E+00  2.98770219E-03  0.00000000E+00  0.00000000E+00  0.00000000E+00  0.00000000E+00  0.00000000E+00  1.63375718E-02  0.00000000E+00  0.00000000E+00 -1.21609364E-01
    1.074000      1   0.00000000E+00  0.00000000E+00  2.87239889E-03  0.00000000E+00  0.00000000E+00  0.00000000E+00  0.00000000E+00  0.00000000E+00  1.62767933E-02  0.00000000E+00  0.00000000E+00 -1.21557030E-01
    1.074500      1   0.00000000E+00  0.00000000E+00  2.78714087E-03  0.00000000E+00  0.00000000E+00  0.00000000E+00  0.00000000E+00  0.00000000E+00  1.62160367E-02  0.00000000E+00  0.00000000E+00 -1.21513165E-01
    1.075000      1   0.00000000E+00  0.00000000E+00  2.86101121E-03  0.00000000E+00  0.00000000E+00  0.00000000E+00  0.00000000E+00  0.00000000E+00  1.61552889E-02  0.00000000E+00  0.00000000E+00 -1.21495773E-01
    1.075500      1   0.00000000E+00  0.00000000E+00  2.92068683E-03  0.00000000E+00  0.00000000E+00  0.00000000E+00  0.00000000E+00  0.00000000E+00  1.60945459E-02  0.00000000E+00  0.00000000E+00 -1.21485849E-01
    1.076000      1   0.00000000E+00  0.00000000E+00  2.90697662E-03  0.00000000E+00  0.00000000E+00  0.00000000E+00  0.00000000E+00  0.00000000E+00  1.60338167E-02  0.00000000E+00  0.00000000E+00 -1.21458518E-01
    1.076500      1   0.00000000E+00  0.00000000E+00  2.97331356E-03  0.00000000E+00  0.00000000E+00  0.00000000E+00  0.00000000E+00  0.00000000E+00  1.59731054E-02  0.00000000E+00  0.00000000E+00 -1.21422601E-01
    1.077000      1   0.00000000E+00  0.00000000E+00  3.02383623E-03  0.00000000E+00  0.00000000E+00  0.00000000E+00  0.00000000E+00  0.00000000E+00  1.59124138E-02  0.00000000E+00  0.00000000E+00 -1.21383069E-01
    1.077500      1   0.00000000E+00  0.00000000E+00  2.98598862E-03  0.00000000E+00  0.00000000E+00  0.00000000E+00  0.00000000E+00  0.00000000E+00  1.58517497E-02  0.00000000E+00  0.00000000E+00 -1.21328177E-01
    1.078000      1   0.00000000E+00  0.00000000E+00  2.94563835E-03  0.00000000E+00  0.00000000E+00  0.00000000E+00  0.00000000E+00  0.00000000E+00  1.57911156E-02  0.00000000E+00  0.00000000E+00 -1.21268336E-01
    1.078500      1   0.00000000E+00  0.00000000E+00  2.91000629E-03  0.00000000E+00  0.00000000E+00  0.00000000E+00  0.00000000E+00  0.00000000E+00  1.57305064E-02  0.00000000E+00  0.00000000E+00 -1.21218277E-01
    1.079000      1   0.00000000E+00  0.00000000E+00  2.86461895E-03  0.00000000E+00  0.00000000E+00  0.00000000E+00  0.00000000E+00  0.00000000E+00  1.56699174E-02  0.00000000E+00  0.00000000E+00 -1.21177994E-01
    1.079500      1   0.00000000E+00  0.00000000E+00  2.90914938E-03  0.00000000E+00  0.00000000E+00  0.00000000E+00  0.00000000E+00  0.00000000E+00  1.56093437E-02  0.00000000E+00  0.00000000E+00 -1.21147576E-01
    1.080000      1   0.00000000E+00  0.00000000E+00  2.92145539E-03  0.00000000E+00  0.00000000E+00  0.00000000E+00  0.00000000E+00  0.00000000E+00  1.55487833E-02  0.00000000E+00  0.00000000E+00 -1.21120673E-01
    1.080500      1   0.00000000E+00  0.00000000E+00  2.94279066E-03  0.00000000E+00  0.00000000E+00  0.00000000E+00  0.00000000E+00  0.00000000E+00  1.54882406E-02  0.00000000E+00  0.00000000E+00 -1.21085370E-01
    1.081000      1   0.00000000E+00  0.00000000E+00  2.97032830E-03  0.00000000E+00  0.00000000E+00  0.00000000E+00  0.00000000E+00  0.00000000E+00  1.54277176E-02  0.00000000E+00  0.00000000E+00 -1.21046159E-01
    1.081500      1   0.00000000E+00  0.00000000E+00  2.99731195E-03  0.00000000E+00  0.00000000E+00  0.00000000E+00  0.00000000E+00  0.00000000E+00  1.53672171E-02  0.00000000E+00  0.00000000E+00 -1.21001011E-01
    1.082000      1   0.00000000E+00  0.00000000E+00  2.98902198E-03  0.00000000E+00  0.00000000E+00  0.00000000E+00  0.00000000E+00  0.00000000E+00  1.53067426E-02  0.00000000E+00  0.00000000E+00 -1.20948954E-01
    1.082500      1   0.00000000E+00  0.00000000E+00  3.02073546E-03  0.00000000E+00  0.00000000E+00  0.00000000E+00  0.00000000E+00  0.00000000E+00  1.52462960E-02  0.00000000E+00  0.00000000E+00 -1.20893200E-01
    1.083000      1   0.00000000E+00  0.00000000E+00  2.95943739E-03  0.00000000E+00  0.00000000E+00  0.00000000E+00  0.00000000E+00  0.00000000E+00  1.51858780E-02  0.00000000E+00  0.00000000E+00 -1.20836003E-01
    1.083500      1   0.00000000E+00  0.00000000E+00  2.90236865E-03  0.00000000E+00  0.00000000E+00  0.00000000E+00  0.00000000E+00  0.00000000E+00  1.51254885E-02  0.00000000E+00  0.00000000E+00 -1.20779018E-01
    1.084000      1   0.00000000E+00  0.00000000E+00  2.90537837E-03  0.00000000E+00  0.00000000E+00  0.00000000E+00  0.00000000E+00  0.00000000E+00  1.50651199E-02  0.00000000E+00  0.00000000E+00 -1.20737145E-01
    1.084500      1   0.00000000E+00  0.00000000E+00  2.91194737E-03  0.00000000E+00  0.00000000E+00  0.00000000E+00  0.00000000E+00  0.00000000E+00  1.50047677E-02  0.00000000E+00  0.00000000E+00 -1.20704376E-01
    1.085000      1   0.00000000E+00  0.00000000E+00  2.96813820E-03  0.00000000E+00  0.00000000E+00  0.00000000E+00  0.00000000E+00  0.00000000E+00  1.49444324E-02  0.00000000E+00  0.00000000E+00 -1.20670533E-01
    1.085500      1   0.00000000E+00  0.00000000E+00  2.98964581E-03  0.00000000E+00  0.00000000E+00  0.00000000E+00  0.00000000E+00  0.00000000E+00  1.48841171E-02  0.00000000E+00  0.00000000E+00 -1.20630643E-01
    1.086000      1   0.00000000E+00  0.00000000E+00  3.02579914E-03  0.00000000E+00  0.00000000E+00  0.00000000E+00  0.00000000E+00  0.00000000E+00  1.48238273E-02  0.00000000E+00  0.00000000E+00 -1.20579624E-01
    1.086500      1   0.00000000E+00  0.00000000E+00  3.08468795E-03  0.00000000E+00  0.00000000E+00  0.00000000E+00  0.00000000E+00  0.00000000E+00  1.47635664E-02  0.00000000E+00  0.00000000E+00 -1.20521877E-01
    1.087000      1   0.00000000E+00  0.00000000E+00  3.03276715E-03  0.00000000E+00  0.00000000E+00  0.00000000E+00  0.00000000E+00  0.00000000E+00  1.47033399E-02  0.00000000E+00  0.00000000E+00 -1.20452986E-01
    1.087500      1   0.00000000E+00  0.00000000E+00  2.97370867E-03  0.00000000E+00  0.00000000E+00  0.00000000E+00  0.00000000E+00  0.00000000E+00  1.46431504E-02  0.00000000E+00  0.00000000E+00 -1.20379016E-01
    1.088000      1   0.00000000E+00  0.00000000E+00  2.94670621E-03  0.00000000E+00  0.00000000E+00  0.00000000E+00  0.00000000E+00  0.00000000E+00  1.45829910E-02  0.00000000E+00  0.00000000E+00 -1.20318793E-01
    1.088500      1   0.00000000E+00  0.00000000E+00  2.95718456E-03  0.00000000E+00  0.00000000E+00  0.00000000E+00  0.00000000E+00  0.00000000E+00  1.45228556E-02  0.00000000E+00  0.00000000E+00 -1.20270656E-01
    1.089000      1   0.00000000E+00  0.00000000E+00  2.94883508E-03  0.00000000E+00  0.00000000E+00  0.00000000E+00  0.00000000E+00  0.00000000E+00  1.44627426E-02  0.00000000E+00  0.00000000E+00 -1.20226027E-01
    1.089500      1   0.00000000E+00  0.00000000E+00  2.98892293E-03  0.00000000E+00  0.00000000E+00  0.00000000E+00  0.00000000E+00  0.00000000E+00  1.44026524E-02  0.00000000E+00  0.00000000E+00 -1.20180415E-01
    1.090000      1   0.00000000E+00  0.00000000E+00  2.99189267E-03  0.00000000E+00  0.00000000E+00  0.00000000E+00  0.00000000E+00  0.00000000E+00  1.43425861E-02  0.00000000E+00  0.00000000E+00 -1.20132630E-01
    1.090500      1   0.00000000E+00  0.00000000E+00  3.05081788E-03  0.00000000E+00  0.00000000E+00  0.00000000E+00  0.00000000E+00  0.00000000E+00  1.42825471E-02  0.00000000E+00  0.00000000E+00 -1.20077999E-01
    1.091000      1   0.00000000E+00  0.00000000E+00  3.13142720E-03  0.00000000E+00  0.00000000E+00  0.00000000E+00  0.00000000E+00  0.00000000E+00  1.42225383E-02  0.00000000E+00  0.00000000E+00 -1.20017671E-01
    1.091500      1   0.00000000E+00  0.00000000E+00  3.06172841E-03  0.00000000E+00  0.00000000E+00  0.00000000E+00  0.00000000E+00  0.00000000E+00  1.41625680E-02  0.00000000E+00  0.00000000E+00 -1.19940539E-01
    1.092000      1   0.00000000E+00  0.00000000E+00  3.06695628E-03  0.00000000E+00  0.00000000E+00  0.00000000E+00  0.00000000E+00  0.00000000E+00  1.41026398E-02  0.00000000E+00  0.00000000E+00 -1.19856333E-01
    1.092500      1   0.00000000E+00  0.00000000E+00  2.96922375E-03  0.00000000E+00  0.00000000E+00  0.00000000E+00  0.00000000E+00  0.00000000E+00  1.40427483E-02  0.00000000E+00  0.00000000E+00 -1.19783111E-01
    1.093000      1   0.00000000E+00  0.00000000E+00  2.88524954E-03  0.00000000E+00  0.00000000E+00  0.00000000E+00  0.00000000E+00  0.00000000E+00  1.39828894E-02  0.00000000E+00  0.00000000E+00 -1.19717671E-01
    1.093500      1   0.00000000E+00  0.00000000E+00  2.98645955E-03  0.00000000E+00  0.00000000E+00  0.00000000E+00  0.00000000E+00  0.00000000E+00  1.39230516E-02  0.00000000E+00  0.00000000E+00 -1.19675704E-01
    1.094000      1   0.00000000E+00  0.00000000E+00  3.04213974E-03  0.00000000E+00  0.00000000E+00  0.00000000E+00  0.00000000E+00  0.00000000E+00  1.38632323E-02  0.00000000E+00  0.00000000E+00 -1.19638578E-01
    1.094500      1   0.00000000E+00  0.00000000E+00  3.04002843E-03  0.00000000E+00  0.00000000E+00  0.00000000E+00  0.00000000E+00  0.00000000E+00  1.38034423E-02  0.00000000E+00  0.00000000E+00 -1.19579909E-01
    1.095000      1   0.00000000E+00  0.00000000E+00  3.11832678E-03  0.00000000E+00  0.00000000E+00  0.00000000E+00  0.00000000E+00  0.00000000E+00  1.37436862E-02  0.00000000E+00  0.00000000E+00 -1.19512284E-01
    1.095500      1   0.00000000E+00  0.00000000E+00  3.16319402E-03  0.00000000E+00  0.00000000E+00  0.00000000E+00  0.00000000E+00  0.00000000E+00  1.36839672E-02  0.00000000E+00  0.00000000E+00 -1.19438082E-01
    1.096000      1   0.00000000E+00  0.00000000E+00  3.12106084E-03  0.00000000E+00  0.00000000E+00  0.00000000E+00  0.00000000E+00  0.00000000E+00  1.36242936E-02  0.00000000E+00  0.00000000E+00 -1.19347056E-01
    1.096500      1   0.00000000E+00  0.00000000E+00  3.07532622E-03  0.00000000E+00  0.00000000E+00  0.00000000E+00  0.00000000E+00  0.00000000E+00  1.35646674E-02  0.00000000E+00  0.00000000E+00 -1.19252388E-01
    1.097000      1   0.00000000E+00  0.00000000E+00  3.05200653E-03  0.00000000E+00  0.00000000E+00  0.00000000E+00  0.00000000E+00  0.00000000E+00  1.35050831E-02  0.00000000E+00  0.00000000E+00 -1.19168682E-01
    1.097500      1   0.00000000E+00  0.00000000E+00  2.99140693E-03  0.00000000E+00  0.00000000E+00  0.00000000E+00  0.00000000E+00  0.00000000E+00  1.34455358E-02  0.00000000E+00  0.00000000E+00 -1.19094548E-01
    1.098000      1   0.00000000E+00  0.00000000E+00  3.03497028E-03  0.00000000E+00  0.00000000E+00  0.00000000E+00  0.00000000E+00  0.00000000E+00  1.33860210E-02  0.00000000E+00  0.00000000E+00 -1.19029601E-01
    1.098500      1   0.00000000E+00  0.00000000E+00  3.06214567E-03  0.00000000E+00  0.00000000E+00  0.00000000E+00  0.00000000E+00  0.00000000E+00  1.33265356E-02  0.00000000E+00  0.00000000E+00 -1.18970754E-01
    1.099000      1   0.00000000E+00  0.00000000E+00  3.10280030E-03  0.00000000E+00  0.00000000E+00  0.00000000E+00  0.00000000E+00  0.00000000E+00  1.32670845E-02  0.00000000E+00  0.00000000E+00 -1.18902350E-01
    1.099500      1   0.00000000E+00  0.00000000E+00  3.12226486E-03  0.00000000E+00  0.00000000E+00  0.00000000E+00  0.00000000E+00  0.00000000E+00  1.32076715E-02  0.00000000E+00  0.00000000E+00 -1.18825890E-01
    1.100000      1   0.00000000E+00  0.00000000E+00  3.14563091E-03  0.00000000E+00  0.00000000E+00  0.00000000E+00  0.00000000E+00  0.00000000E+00  1.31483010E-02  0.00000000E+00  0.00000000E+00 -1.18741032E-01
    1.100500      1   0.00000000E+00  0.00000000E+00  3.14654360E-03  0.00000000E+00  0.00000000E+00  0.00000000E+00  0.00000000E+00  0.00000000E+00  1.30889756E-02  0.00000000E+00  0.00000000E+00 -1.18650912E-01
    1.101000      1   0.00000000E+00  0.00000000E+00  3.18832894E-03  0.00000000E+00  0.00000000E+00  0.00000000E+00  0.00000000E+00  0.00000000E+00  1.30296971E-02  0.00000000E+00  0.00000000E+00 -1.18556875E-01
    1.101500      1   0.00000000E+00  0.00000000E+00  3.12659128E-03  0.00000000E+00  0.00000000E+00  0.00000000E+00  0.00000000E+00  0.00000000E+00  1.29704676E-02  0.00000000E+00  0.00000000E+00 -1.18458993E-01
    1.102000      1   0.00000000E+00  0.00000000E+00  3.07158792E-03  0.00000000E+00  0.00000000E+00  0.00000000E+00  0.00000000E+00  0.00000000E+00  1.29112878E-02  0.00000000E+00  0.00000000E+00 -1.18359708E-01
    1.102500      1   0.00000000E+00  0.00000000E+00  3.07787669E-03  0.00000000E+00  0.00000000E+00  0.00000000E+00  0.00000000E+00  0.00000000E+00  1.28521501E-02  0.00000000E+00  0.00000000E+00 -1.18275425E-01
    1.103000      1   0.00000000E+00  0.00000000E+00  3.06835684E-03  0.00000000E+00  0.00000000E+00  0.00000000E+00  0.00000000E+00  0.00000000E+00  1.27930502E-02  0.00000000E+00  0.00000000E+00 -1.18199618E-01
    1.103500      1   0.00000000E+00  0.00000000E+00  3.12204909E-03  0.00000000E+00  0.00000000E+00  0.00000000E+00  0.00000000E+00  0.00000000E+00  1.27339884E-02  0.00000000E+00  0.00000000E+00 -1.18123619E-01
    1.104000      1   0.00000000E+00  0.00000000E+00  3.17641430E-03  0.00000000E+00  0.00000000E+00  0.00000000E+00  0.00000000E+00  0.00000000E+00  1.26749662E-02  0.00000000E+00  0.00000000E+00 -1.18044437E-01
    1.104500      1   0.00000000E+00  0.00000000E+00  3.25911428E-03  0.00000000E+00  0.00000000E+00  0.00000000E+00  0.00000000E+00  0.00000000E+00  1.26159904E-02  0.00000000E+00  0.00000000E+00 -1.17951630E-01
    1.105000      1   0.00000000E+00  0.00000000E+00  3.29603982E-03  0.00000000E+00  0.00000000E+00  0.00000000E+00  0.00000000E+00  0.00000000E+00  1.25570691E-02  0.00000000E+00  0.00000000E+00 -1.17842585E-01
    1.105500      1   0.00000000E+00  0.00000000E+00  3.18585052E-03  0.00000000E+00  0.00000000E+00  0.00000000E+00  0.00000000E+00  0.00000000E+00  1.24982108E-02  0.00000000E+00  0.00000000E+00 -1.17716694E-01
    1.106000      1   0.00000000E+00  0.00000000E+00  3.22025734E-03  0.00000000E+00  0.00000000E+00  0.00000000E+00  0.00000000E+00  0.00000000E+00  1.24394135E-02  0.00000000E+00  0.00000000E+00 -1.17594483E-01
    1.106500      1   0.00000000E+00  0.00000000E+00  3.17168746E-03  0.00000000E+00  0.00000000E+00  0.00000000E+00  0.00000000E+00  0.00000000E+00  1.23806699E-02  0.00000000E+00  0.00000000E+00 -1.17487323E-01
    1.107000      1   0.00000000E+00  0.00000000E+00  3.08827634E-03  0.00000000E+00  0.00000000E+00  0.00000000E+00  0.00000000E+00  0.00000000E+00  1.23219805E-02  0.00000000E+00  0.00000000E+00 -1.17378809E-01
    1.107500      1   0.00000000E+00  0.00000000E+00  3.14827905E-03  0.00000000E+00  0.00000000E+00  0.00000000E+00  0.00000000E+00  0.00000000E+00  1.22633376E-02  0.00000000E+00  0.00000000E+00 -1.17285645E-01
    1.108000      1   0.00000000E+00  0.00000000E+00  3.22506752E-03  0.00000000E+00  0.00000000E+00  0.00000000E+00  0.00000000E+00  0.00000000E+00  1.22047372E-02  0.00000000E+00  0.00000000E+00 -1.17200872E-01
    1.108500      1   0.00000000E+00  0.00000000E+00  3.23723550E-03  0.00000000E+00  0.00000000E+00  0.00000000E+00  0.00000000E+00  0.00000000E+00  1.21461875E-02  0.00000000E+00  0.00000000E+00 -1.17099457E-01
    1.109000      1   0.00000000E+00  0.00000000E+00  3.26142937E-03  0.00000000E+00  0.00000000E+00  0.00000000E+00  0.00000000E+00  0.00000000E+00  1.20876953E-02  0.00000000E+00  0.00000000E+00 -1.16984356E-01
    1.109500      1   0.00000000E+00  0.00000000E+00  3.29438299E-03  0.00000000E+00  0.00000000E+00  0.00000000E+00  0.00000000E+00  0.00000000E+00  1.20292627E-02  0.00000000E+00  0.00000000E+00 -1.16865118E-01
    1.110000      1   0.00000000E+00  0.00000000E+00  3.29869183E-03  0.00000000E+00  0.00000000E+00  0.00000000E+00  0.00000000E+00  0.00000000E+00  1.19708932E-02  0.00000000E+00  0.00000000E+00 -1.16738994E-01
    1.110500      1   0.00000000E+00  0.00000000E+00  3.34378258E-03  0.00000000E+00  0.00000000E+00  0.00000000E+00  0.00000000E+00  0.00000000E+00  1.19125897E-02  0.00000000E+00  0.00000000E+00 -1.16607078E-01
    1.111000      1   0.00000000E+00  0.00000000E+00  3.29044690E-03  0.00000000E+00  0.00000000E+00  0.00000000E+00  0.00000000E+00  0.00000000E+00  1.18543545E-02  0.00000000E+00  0.00000000E+00 -1.16470467E-01
    1.111500      1   0.00000000E+00  0.00000000E+00  3.22397181E-03  0.00000000E+00  0.00000000E+00  0.00000000E+00  0.00000000E+00  0.00000000E+00  1.17961889E-02  0.00000000E+00  0.00000000E+00 -1.16331168E-01
    1.112000      1   0.00000000E+00  0.00000000E+00  3.23549402E-03  0.00000000E+00  0.00000000E+00  0.00000000E+00  0.00000000E+00  0.00000000E+00  1.17380856E-02  0.00000000E+00  0.00000000E+00 -1.16206504E-01
    1.112500      1   0.00000000E+00  0.00000000E+00  3.21907374E-03  0.00000000E+00  0.00000000E+00  0.00000000E+00  0.00000000E+00  0.00000000E+00  1.16800398E-02  0.00000000E+00  0.00000000E+00 -1.16091738E-01
    1.113000      1   0.00000000E+00  0.00000000E+00  3.29102467E-03  0.00000000E+00  0.00000000E+00  0.00000000E+00  0.00000000E+00  0.00000000E+00  1.16220515E-02  0.00000000E+00  0.00000000E+00 -1.15976531E-01
    1.113500      1   0.00000000E+00  0.00000000E+00  3.36485126E-03  0.00000000E+00  0.00000000E+00  0.00000000E+00  0.00000000E+00  0.00000000E+00  1.15641227E-02  0.00000000E+00  0.00000000E+00 -1.15857659E-01
    1.114000      1   0.00000000E+00  0.00000000E+00  3.45535839E-03  0.00000000E+00  0.00000000E+00  0.00000000E+00  0.00000000E+00  0.00000000E+00  1.15062624E-02  0.00000000E+00  0.00000000E+00 -1.15720444E-01
    1.114500      1   0.00000000E+00  0.00000000E+00  3.48839474E-03  0.00000000E+00  0.00000000E+00  0.00000000E+00  0.00000000E+00  0.00000000E+00  1.14484809E-02  0.00000000E+00  0.00000000E+00 -1.15563104E-01
    1.115000      1   0.00000000E+00  0.00000000E+00  3.36934895E-03  0.00000000E+00  0.00000000E+00  0.00000000E+00  0.00000000E+00  0.00000000E+00  1.13907869E-02  0.00000000E+00  0.00000000E+00 -1.15387981E-01
    1.115500      1   0.00000000E+00  0.00000000E+00  3.40252013E-03  0.00000000E+00  0.00000000E+00  0.00000000E+00  0.00000000E+00  0.00000000E+00  1.13331779E-02  0.00000000E+00  0.00000000E+00 -1.15217959E-01
    1.116000      1   0.00000000E+00  0.00000000E+00  3.37429805E-03  0.00000000E+00  0.00000000E+00  0.00000000E+00  0.00000000E+00  0.00000000E+00  1.12756456E-02  0.00000000E+00  0.00000000E+00 -1.15064552E-01
    1.116500      1   0.00000000E+00  0.00000000E+00  3.31050026E-03  0.00000000E+00  0.00000000E+00  0.00000000E+00  0.00000000E+00  0.00000000E+00  1.12181915E-02  0.00000000E+00  0.00000000E+00 -1.14908193E-01
    1.117000      1   0.00000000E+00  0.00000000E+00  3.34020671E-03  0.00000000E+00  0.00000000E+00  0.00000000E+00  0.00000000E+00  0.00000000E+00  1.11608105E-02  0.00000000E+00  0.00000000E+00 -1.14762110E-01
    1.117500      1   0.00000000E+00  0.00000000E+00  3.40345487E-03  0.00000000E+00  0.00000000E+00  0.00000000E+00  0.00000000E+00  0.00000000E+00  1.11034986E-02  0.00000000E+00  0.00000000E+00 -1.14623877E-01
    1.118000      1   0.00000000E+00  0.00000000E+00  3.47788280E-03  0.00000000E+00  0.00000000E+00  0.00000000E+00  0.00000000E+00  0.00000000E+00  1.10462610E-02  0.00000000E+00  0.00000000E+00 -1.14475172E-01
    1.118500      1   0.00000000E+00  0.00000000E+00  3.50202699E-03  0.00000000E+00  0.00000000E+00  0.00000000E+00  0.00000000E+00  0.00000000E+00  1.09891062E-02  0.00000000E+00  0.00000000E+00 -1.14309502E-01
    1.119000      1   0.00000000E+00  0.00000000E+00  3.49887239E-03  0.00000000E+00  0.00000000E+00  0.00000000E+00  0.00000000E+00  0.00000000E+00  1.09320415E-02  0.00000000E+00  0.00000000E+00 -1.14129474E-01
    1.119500      1   0.00000000E+00  0.00000000E+00  3.56316478E-03  0.00000000E+00  0.00000000E+00  0.00000000E+00  0.00000000E+00  0.00000000E+00  1.08750686E-02  0.00000000E+00  0.00000000E+00 -1.13945761E-01
    1.120000      1   0.00000000E+00  0.00000000E+00  3.57131506E-03  0.00000000E+00  0.00000000E+00  0.00000000E+00  0.00000000E+00  0.00000000E+00  1.08181902E-02  0.00000000E+00  0.00000000E+00 -1.13756882E-01
    1.120500      1   0.00000000E+00  0.00000000E+00  3.56613000E-03  0.00000000E+00  0.00000000E+00  0.00000000E+00  0.00000000E+00  0.00000000E+00  1.07614118E-02  0.00000000E+00  0.00000000E+00 -1.13556724E-01
    1.121000      1   0.00000000E+00  0.00000000E+00  3.50420140E-03  0.00000000E+00  0.00000000E+00  0.00000000E+00  0.00000000E+00  0.00000000E+00  1.07047340E-02  0.00000000E+00  0.00000000E+00 -1.13355687E-01
    1.121500      1   0.00000000E+00  0.00000000E+00  3.41654068E-03  0.00000000E+00  0.00000000E+00  0.00000000E+00  0.00000000E+00  0.00000000E+00  1.06481535E-02  0.00000000E+00  0.00000000E+00 -1.13160976E-01
    1.122000      1   0.00000000E+00  0.00000000E+00  3.53003786E-03  0.00000000E+00  0.00000000E+00  0.00000000E+00  0.00000000E+00  0.00000000E+00  1.05916614E-02  0.00000000E+00  0.00000000E+00 -1.12984186E-01
    1.122500      1   0.00000000E+00  0.00000000E+00  3.62808087E-03  0.00000000E+00  0.00000000E+00  0.00000000E+00  0.00000000E+00  0.00000000E+00  1.05352555E-02  0.00000000E+00  0.00000000E+00 -1.12811755E-01
    1.123000      1   0.00000000E+00  0.00000000E+00  3.61220397E-03  0.00000000E+00  0.00000000E+00  0.00000000E+00  0.00000000E+00  0.00000000E+00  1.04789495E-02  0.00000000E+00  0.00000000E+00 -1.12612018E-01
    1.123500      1   0.00000000E+00  0.00000000E+00  3.71347166E-03  0.00000000E+00  0.00000000E+00  0.00000000E+00  0.00000000E+00  0.00000000E+00  1.04227507E-02  0.00000000E+00  0.00000000E+00 -1.12397585E-01
    1.124000      1   0.00000000E+00  0.00000000E+00  3.75694633E-03  0.00000000E+00  0.00000000E+00  0.00000000E+00  0.00000000E+00  0.00000000E+00  1.03666623E-02  0.00000000E+00  0.00000000E+00 -1.12176805E-01
    1.124500      1   0.00000000E+00  0.00000000E+00  3.74493775E-03  0.00000000E+00  0.00000000E+00  0.00000000E+00  0.00000000E+00  0.00000000E+00  1.03106945E-02  0.00000000E+00  0.00000000E+00 -1.11935553E-01
    1.125000      1   0.00000000E+00  0.00000000E+00  3.74792025E-03  0.00000000E+00  0.00000000E+00  0.00000000E+00  0.00000000E+00  0.00000000E+00  1.02548504E-02  0.00000000E+00  0.00000000E+00 -1.11688223E-01
    1.125500      1   0.00000000E+00  0.00000000E+00  3.73154152E-03  0.00000000E+00  0.00000000E+00  0.00000000E+00  0.00000000E+00  0.00000000E+00  1.01991291E-02  0.00000000E+00  0.00000000E+00 -1.11442602E-01
    1.126000      1   0.00000000E+00  0.00000000E+00  3.70371172E-03  0.00000000E+00  0.00000000E+00  0.00000000E+00  0.00000000E+00  0.00000000E+00  1.01435301E-02  0.00000000E+00  0.00000000E+00 -1.11197939E-01
    1.126500      1   0.00000000E+00  0.00000000E+00  3.65944208E-03  0.00000000E+00  0.00000000E+00  0.00000000E+00  0.00000000E+00  0.00000000E+00  1.00880509E-02  0.00000000E+00  0.00000000E+00 -1.10958426E-01
    1.127000      1   0.00000000E+00  0.00000000E+00  3.73468796E-03  0.00000000E+00  0.00000000E+00  0.00000000E+00  0.00000000E+00  0.00000000E+00  1.00326872E-02  0.00000000E+00  0.00000000E+00 -1.10727397E-01
    1.127500      1   0.00000000E+00  0.00000000E+00  3.86183506E-03  0.00000000E+00  0.00000000E+00  0.00000000E+00  0.00000000E+00  0.00000000E+00  9.97743873E-03  0.00000000E+00  0.00000000E+00 -1.10496985E-01
    1.128000      1   0.00000000E+00  0.00000000E+00  3.91150198E-03  0.00000000E+00  0.00000000E+00  0.00000000E+00  0.00000000E+00  0.00000000E+00  9.92231724E-03  0.00000000E+00  0.00000000E+00 -1.10242974E-01
    1.128500      1   0.00000000E+00  0.00000000E+00  3.94669506E-03  0.00000000E+00  0.00000000E+00  0.00000000E+00  0.00000000E+00  0.00000000E+00  9.86733540E-03  0.00000000E+00  0.00000000E+00 -1.09963694E-01
    1.129000      1   0.00000000E+00  0.00000000E+00  3.98409313E-03  0.00000000E+00  0.00000000E+00  0.00000000E+00  0.00000000E+00  0.00000000E+00  9.81249882E-03  0.00000000E+00  0.00000000E+00 -1.09673146E-01
    1.129500      1   0.00000000E+00  0.00000000E+00  3.99310837E-03  0.00000000E+00  0.00000000E+00  0.00000000E+00  0.00000000E+00  0.00000000E+00  9.75781207E-03  0.00000000E+00  0.00000000E+00 -1.09373512E-01
    1.130000      1   0.00000000E+00  0.00000000E+00  4.04160909E-03  0.00000000E+00  0.00000000E+00  0.00000000E+00  0.00000000E+00  0.00000000E+00  9.70327860E-03  0.00000000E+00  0.00000000E+00 -1.09066940E-01
    1.130500      1   0.00000000E+00  0.00000000E+00  4.09300904E-03  0.00000000E+00  0.00000000E+00  0.00000000E+00  0.00000000E+00  0.00000000E+00  9.64890130E-03  0.00000000E+00  0.00000000E+00 -1.08754599E-01
    1.131000      1   0.00000000E+00  0.00000000E+00  4.05159631E-03  0.00000000E+00  0.00000000E+00  0.00000000E+00  0.00000000E+00  0.00000000E+00  9.59468642E-03  0.00000000E+00  0.00000000E+00 -1.08429750E-01
    1.131500      1   0.00000000E+00  0.00000000E+00  3.93446611E-03  0.00000000E+00  0.00000000E+00  0.00000000E+00  0.00000000E+00  0.00000000E+00  9.54063636E-03  0.00000000E+00  0.00000000E+00 -1.08100122E-01
    1.132000      1   0.00000000E+00  0.00000000E+00  4.05127880E-03  0.00000000E+00  0.00000000E+00  0.00000000E+00  0.00000000E+00  0.00000000E+00  9.48674254E-03  0.00000000E+00  0.00000000E+00 -1.07787650E-01
    1.132500      1   0.00000000E+00  0.00000000E+00  4.17990250E-03  0.00000000E+00  0.00000000E+00  0.00000000E+00  0.00000000E+00  0.00000000E+00  9.43300049E-03  0.00000000E+00  0.00000000E+00 -1.07484084E-01
    1.133000      1   0.00000000E+00  0.00000000E+00  4.25370649E-03  0.00000000E+00  0.00000000E+00  0.00000000E+00  0.00000000E+00  0.00000000E+00  9.37942551E-03  0.00000000E+00  0.00000000E+00 -1.07149964E-01
    1.133500      1   0.00000000E+00  0.00000000E+00  4.36672404E-03  0.00000000E+00  0.00000000E+00  0.00000000E+00  0.00000000E+00  0.00000000E+00  9.32603141E-03  0.00000000E+00  0.00000000E+00 -1.06788196E-01
    1.134000      1   0.00000000E+00  0.00000000E+00  4.40697568E-03  0.00000000E+00  0.00000000E+00  0.00000000E+00  0.00000000E+00  0.00000000E+00  9.27282926E-03  0.00000000E+00  0.00000000E+00 -1.06404317E-01
    1.134500      1   0.00000000E+00  0.00000000E+00  4.46753697E-03  0.00000000E+00  0.00000000E+00  0.00000000E+00  0.00000000E+00  0.00000000E+00  9.21983009E-03  0.00000000E+00  0.00000000E+00 -1.05998320E-01
    1.135000      1   0.00000000E+00  0.00000000E+00  4.35152064E-03  0.00000000E+00  0.00000000E+00  0.00000000E+00  0.00000000E+00  0.00000000E+00  9.16703992E-03  0.00000000E+00  0.00000000E+00 -1.05580359E-01
    1.135500      1   0.00000000E+00  0.00000000E+00  4.52957843E-03  0.00000000E+00  0.00000000E+00  0.00000000E+00  0.00000000E+00  0.00000000E+00  9.11445856E-03  0.00000000E+00  0.00000000E+00 -1.05162712E-01
    1.136000      1   0.00000000E+00  0.00000000E+00  4.56050864E-03  0.00000000E+00  0.00000000E+00  0.00000000E+00  0.00000000E+00  0.00000000E+00  9.06208437E-03  0.00000000E+00  0.00000000E+00 -1.04748371E-01
    1.136500      1   0.00000000E+00  0.00000000E+00  4.47048952E-03  0.00000000E+00  0.00000000E+00  0.00000000E+00  0.00000000E+00  0.00000000E+00  9.00993335E-03  0.00000000E+00  0.00000000E+00 -1.04302057E-01
    1.137000      1   0.00000000E+00  0.00000000E+00  4.54964297E-03  0.00000000E+00  0.00000000E+00  0.00000000E+00  0.00000000E+00  0.00000000E+00  8.95800403E-03  0.00000000E+00  0.00000000E+00 -1.03858624E-01
    1.137500      1   0.00000000E+00  0.00000000E+00  4.64064175E-03  0.00000000E+00  0.00000000E+00  0.00000000E+00  0.00000000E+00  0.00000000E+00  8.90629255E-03  0.00000000E+00  0.00000000E+00 -1.03422973E-01
    1.138000      1   0.00000000E+00  0.00000000E+00  4.79811126E-03  0.00000000E+00  0.00000000E+00  0.00000000E+00  0.00000000E+00  0.00000000E+00  8.85480941E-03  0.00000000E+00  0.00000000E+00 -1.02966280E-01
    1.138500      1   0.00000000E+00  0.00000000E+00  4.90908664E-03  0.00000000E+00  0.00000000E+00  0.00000000E+00  0.00000000E+00  0.00000000E+00  8.80356905E-03  0.00000000E+00  0.00000000E+00 -1.02480720E-01
    1.139000      1   0.00000000E+00  0.00000000E+00  5.08970162E-03  0.00000000E+00  0.00000000E+00  0.00000000E+00  0.00000000E+00  0.00000000E+00  8.75258930E-03  0.00000000E+00  0.00000000E+00 -1.01959490E-01
    1.139500      1   0.00000000E+00  0.00000000E+00  5.15200082E-03  0.00000000E+00  0.00000000E+00  0.00000000E+00  0.00000000E+00  0.00000000E+00  8.70188727E-03  0.00000000E+00  0.00000000E+00 -1.01404067E-01
    1.140000      1   0.00000000E+00  0.00000000E+00  5.15885450E-03  0.00000000E+00  0.00000000E+00  0.00000000E+00  0.00000000E+00  0.00000000E+00  8.65148053E-03  0.00000000E+00  0.00000000E+00 -1.00813477E-01
    1.140500      1   0.00000000E+00  0.00000000E+00  5.09670530E-03  0.00000000E+00  0.00000000E+00  0.00000000E+00  0.00000000E+00  0.00000000E+00  8.60137451E-03  0.00000000E+00  0.00000000E+00 -1.00212051E-01
    1.141000      1   0.00000000E+00  0.00000000E+00  5.39538794E-03  0.00000000E+00  0.00000000E+00  0.00000000E+00  0.00000000E+00  0.00000000E+00  8.55156701E-03  0.00000000E+00  0.00000000E+00 -9.96149954E-02
    1.141500      1   0.00000000E+00  0.00000000E+00  5.44129434E-03  0.00000000E+00  0.00000000E+00  0.00000000E+00  0.00000000E+00  0.00000000E+00  8.50206614E-03  0.00000000E+00  0.00000000E+00 -9.90017355E-02
    1.142000      1   0.00000000E+00  0.00000000E+00  5.44415420E-03  0.00000000E+00  0.00000000E+00  0.00000000E+00  0.00000000E+00  0.00000000E+00  8.45289845E-03  0.00000000E+00  0.00000000E+00 -9.83353706E-02
    1.142500      1   0.00000000E+00  0.00000000E+00  5.62986494E-03  0.00000000E+00  0.00000000E+00  0.00000000E+00  0.00000000E+00  0.00000000E+00  8.40406785E-03  0.00000000E+00  0.00000000E+00 -9.76612148E-02
    1.143000      1   0.00000000E+00  0.00000000E+00  5.67091604E-03  0.00000000E+00  0.00000000E+00  0.00000000E+00  0.00000000E+00  0.00000000E+00  8.35558276E-03  0.00000000E+00  0.00000000E+00 -9.69701689E-02
    1.143500      1   0.00000000E+00  0.00000000E+00  5.92036981E-03  0.00000000E+00  0.00000000E+00  0.00000000E+00  0.00000000E+00  0.00000000E+00  8.30746026E-03  0.00000000E+00  0.00000000E+00 -9.62449981E-02
    1.144000      1   0.00000000E+00  0.00000000E+00  6.06038706E-03  0.00000000E+00  0.00000000E+00  0.00000000E+00  0.00000000E+00  0.00000000E+00  8.25971475E-03  0.00000000E+00  0.00000000E+00 -9.54910300E-02
    1.144500      1   0.00000000E+00  0.00000000E+00  6.42908754E-03  0.00000000E+00  0.00000000E+00  0.00000000E+00  0.00000000E+00  0.00000000E+00  8.21237289E-03  0.00000000E+00  0.00000000E+00 -9.46837194E-02
    1.145000      1   0.00000000E+00  0.00000000E+00  6.58179428E-03  0.00000000E+00  0.00000000E+00  0.00000000E+00  0.00000000E+00  0.00000000E+00  8.16546248E-03  0.00000000E+00  0.00000000E+00 -9.38208166E-02
    1.145500      1   0.00000000E+00  0.00000000E+00  6.69737580E-03  0.00000000E+00  0.00000000E+00  0.00000000E+00  0.00000000E+00  0.00000000E+00  8.11902055E-03  0.00000000E+00  0.00000000E+00 -9.28838682E-02
    1.146000      1   0.00000000E+00  0.00000000E+00  6.52235941E-03  0.00000000E+00  0.00000000E+00  0.00000000E+00  0.00000000E+00  0.00000000E+00  8.07306473E-03  0.00000000E+00  0.00000000E+00 -9.19116246E-02
    1.146500      1   0.00000000E+00  0.00000000E+00  6.66548465E-03  0.00000000E+00  0.00000000E+00  0.00000000E+00  0.00000000E+00  0.00000000E+00  8.02759680E-03  0.00000000E+00  0.00000000E+00 -9.09358765E-02
    1.147000      1   0.00000000E+00  0.00000000E+00  7.21378901E-03  0.00000000E+00  0.00000000E+00  0.00000000E+00  0.00000000E+00  0.00000000E+00  7.98260869E-03  0.00000000E+00  0.00000000E+00 -8.99762124E-02
    1.147500      1   0.00000000E+00  0.00000000E+00  7.80096404E-03  0.00000000E+00  0.00000000E+00  0.00000000E+00  0.00000000E+00  0.00000000E+00  7.93813641E-03  0.00000000E+00  0.00000000E+00 -8.89445652E-02
    1.148000      1   0.00000000E+00  0.00000000E+00  8.02984341E-03  0.00000000E+00  0.00000000E+00  0.00000000E+00  0.00000000E+00  0.00000000E+00  7.89425092E-03  0.00000000E+00  0.00000000E+00 -8.77709647E-02
    1.148500      1   0.00000000E+00  0.00000000E+00  8.55852286E-03  0.00000000E+00  0.00000000E+00  0.00000000E+00  0.00000000E+00  0.00000000E+00  7.85101057E-03  0.00000000E+00  0.00000000E+00 -8.64807083E-02
    1.149000      1   0.00000000E+00  0.00000000E+00  9.45109923E-03  0.00000000E+00  0.00000000E+00  0.00000000E+00  0.00000000E+00  0.00000000E+00  7.80845751E-03  0.00000000E+00  0.00000000E+00 -8.51061227E-02
    1.149500      1   0.00000000E+00  0.00000000E+00  1.06669146E-02  0.00000000E+00  0.00000000E+00  0.00000000E+00  0.00000000E+00  0.00000000E+00  7.76667461E-03  0.00000000E+00  0.00000000E+00 -8.35658028E-02
    1.150000      1   0.00000000E+00  0.00000000E+00  1.18134993E-02  0.00000000E+00  0.00000000E+00  0.00000000E+00  0.00000000E+00  0.00000000E+00  7.72578890E-03  0.00000000E+00  0.00000000E+00 -8.17714136E-02
    1.150500      1   0.00000000E+00  0.00000000E+00  1.30303586E-02  0.00000000E+00  0.00000000E+00  0.00000000E+00  0.00000000E+00  0.00000000E+00  7.68595090E-03  0.00000000E+00  0.00000000E+00 -7.96759980E-02
    1.151000      1   0.00000000E+00  0.00000000E+00  1.42850947E-02  0.00000000E+00  0.00000000E+00  0.00000000E+00  0.00000000E+00  0.00000000E+00  7.64730855E-03  0.00000000E+00  0.00000000E+00 -7.72847107E-02
    1.151500      1   0.00000000E+00  0.00000000E+00  1.54594205E-02  0.00000000E+00  0.00000000E+00  0.00000000E+00  0.00000000E+00  0.00000000E+00  7.61001722E-03  0.00000000E+00  0.00000000E+00 -7.45826629E-02
    1.152000      1   0.00000000E+00  0.00000000E+00  1.68592232E-02  0.00000000E+00  0.00000000E+00  0.00000000E+00  0.00000000E+00  0.00000000E+00  7.57423184E-03  0.00000000E+00  0.00000000E+00 -7.15707449E-02
    1.152500      1   0.00000000E+00  0.00000000E+00  1.80109748E-02  0.00000000E+00  0.00000000E+00  0.00000000E+00  0.00000000E+00  0.00000000E+00  7.54011073E-03  0.00000000E+00  0.00000000E+00 -6.82422241E-02
    1.153000      1   0.00000000E+00  0.00000000E+00  1.90208384E-02  0.00000000E+00  0.00000000E+00  0.00000000E+00  0.00000000E+00  0.00000000E+00  7.50781973E-03  0.00000000E+00  0.00000000E+00 -6.45820080E-02
    1.153500      1   0.00000000E+00  0.00000000E+00 -5.34371911E-02  0.00000000E+00  0.00000000E+00  0.00000000E+00  0.00000000E+00  0.00000000E+00  7.50000000E-03  0.00000000E+00  0.00000000E+00 -1.56394530E-02
    1.154000      1   0.00000000E+00  0.00000000E+00 -6.75990970E-02  0.00000000E+00  0.00000000E+00  0.00000000E+00  0.00000000E+00  0.00000000E+00  7.50000000E-03  0.00000000E+00  0.00000000E+00 -3.46944695E-18
    1.154500      1   0.00000000E+00  0.00000000E+00 -3.20726467E-02  0.00000000E+00  0.00000000E+00  0.00000000E+00  0.00000000E+00  0.00000000E+00  7.50000000E-03  0.00000000E+00  0.00000000E+00 -1.73472348E-18
    1.155000      1   0.00000000E+00  0.00000000E+00  3.36688784E-03  0.00000000E+00  0.00000000E+00  0.00000000E+00  0.00000000E+00  0.00000000E+00  7.50000000E-03  0.00000000E+00  0.00000000E+00 -3.46944695E-18
    1.155500      1   0.00000000E+00  0.00000000E+00  2.15309815E-02  0.00000000E+00  0.00000000E+00  0.00000000E+00  0.00000000E+00  0.00000000E+00  7.50000000E-03  0.00000000E+00  0.00000000E+00 -8.67361738E-19
    1.156000      1   0.00000000E+00  0.00000000E+00  2.23558631E-02  0.00000000E+00  0.00000000E+00  0.00000000E+00  0.00000000E+00  0.00000000E+00  7.50087796E-03  0.00000000E+00  0.00000000E+00  1.75591063E-03
    1.156500      1   0.00000000E+00  0.00000000E+00  1.19364378E-02  0.00000000E+00  0.00000000E+00  0.00000000E+00  0.00000000E+00  0.00000000E+00  7.50416167E-03  0.00000000E+00  0.00000000E+00  6.56743687E-03
    1.157000      1   0.00000000E+00  0.00000000E+00  3.60097534E-03  0.00000000E+00  0.00000000E+00  0.00000000E+00  0.00000000E+00  0.00000000E+00  7.50945824E-03  0.00000000E+00  0.00000000E+00  1.05931354E-02
    1.157500      1   0.00000000E+00  0.00000000E+00  3.29296426E-03  0.00000000E+00  0.00000000E+00  0.00000000E+00  0.00000000E+00  0.00000000E+00  7.51554368E-03  0.00000000E+00  0.00000000E+00  1.21708696E-02
    1.158000      1   0.00000000E+00  0.00000000E+00  7.68100297E-03  0.00000000E+00  0.00000000E+00  0.00000000E+00  0.00000000E+00  0.00000000E+00  7.52171999E-03  0.00000000E+00  0.00000000E+00  1.23526244E-02
    1.158500      1   0.00000000E+00  0.00000000E+00  1.07461019E-02  0.00000000E+00  0.00000000E+00  0.00000000E+00  0.00000000E+00  0.00000000E+00  7.52815588E-03  0.00000000E+00  0.00000000E+00  1.28717892E-02
    1.159000      1   0.00000000E+00  0.00000000E+00  9.94540515E-03  0.00000000E+00  0.00000000E+00  0.00000000E+00  0.00000000E+00  0.00000000E+00  7.53534714E-03  0.00000000E+00  0.00000000E+00  1.43825171E-02
    1.159500      1   0.00000000E+00  0.00000000E+00  7.17717685E-03  0.00000000E+00  0.00000000E+00  0.00000000E+00  0.00000000E+00  0.00000000E+00  7.54351002E-03  0.00000000E+00  0.00000000E+00  1.63257600E-02
    1.160000      1   0.00000000E+00  0.00000000E+00  5.26714283E-03  0.00000000E+00  0.00000000E+00  0.00000000E+00  0.00000000E+00  0.00000000E+00  7.55245640E-03  0.00000000E+00  0.00000000E+00  1.78927574E-02
    1.160500      1   0.00000000E+00  0.00000000E+00  5.24899798E-03  0.00000000E+00  0.00000000E+00  0.00000000E+00  0.00000000E+00  0.00000000E+00  7.56187455E-03  0.00000000E+00  0.00000000E+00  1.88363070E-02
    1.161000      1   0.00000000E+00  0.00000000E+00  6.13597144E-03  0.00000000E+00  0.00000000E+00  0.00000000E+00  0.00000000E+00  0.00000000E+00  7.57160686E-03  0.00000000E+00  0.00000000E+00  1.94646102E-02
    1.161500      1   0.00000000E+00  0.00000000E+00  6.32680897E-03  0.00000000E+00  0.00000000E+00  0.00000000E+00  0.00000000E+00  0.00000000E+00  7.58169104E-03  0.00000000E+00  0.00000000E+00  2.01683597E-02
    1.162000      1   0.00000000E+00  0.00000000E+00  5.61068892E-03  0.00000000E+00  0.00000000E+00  0.00000000E+00  0.00000000E+00  0.00000000E+00  7.59220835E-03  0.00000000E+00  0.00000000E+00  2.10346305E-02
    1.162500      1   0.00000000E+00  0.00000000E+00  4.57818073E-03  0.00000000E+00  0.00000000E+00  0.00000000E+00  0.00000000E+00  0.00000000E+00  7.60314281E-03  0.00000000E+00  0.00000000E+00  2.18689194E-02
    1.163000      1   0.00000000E+00  0.00000000E+00  3.82883960E-03  0.00000000E+00  0.00000000E+00  0.00000000E+00  0.00000000E+00  0.00000000E+00  7.61438997E-03  0.00000000E+00  0.00000000E+00  2.24943223E-02
    1.163500      1   0.00000000E+00  0.00000000E+00  3.70474012E-03  0.00000000E+00  0.00000000E+00  0.00000000E+00  0.00000000E+00  0.00000000E+00  7.62583194E-03  0.00000000E+00  0.00000000E+00  2.28839233E-02
    1.164000      1   0.00000000E+00  0.00000000E+00  3.63036767E-03  0.00000000E+00  0.00000000E+00  0.00000000E+00  0.00000000E+00  0.00000000E+00  7.63740169E-03  0.00000000E+00  0.00000000E+00  2.31395041E-02
    1.164500      1   0.00000000E+00  0.00000000E+00  3.43747415E-03  0.00000000E+00  0.00000000E+00  0.00000000E+00  0.00000000E+00  0.00000000E+00  7.64908575E-03  0.00000000E+00  0.00000000E+00  2.33681308E-02
    1.165000      1   0.00000000E+00  0.00000000E+00  3.05974874E-03  0.00000000E+00  0.00000000E+00  0.00000000E+00  0.00000000E+00  0.00000000E+00  7.66086950E-03  0.00000000E+00  0.00000000E+00  2.35674895E-02
    1.165500      1   0.00000000E+00  0.00000000E+00  2.62480802E-03  0.00000000E+00  0.00000000E+00  0.00000000E+00  0.00000000E+00  0.00000000E+00  7.67272039E-03  0.00000000E+00  0.00000000E+00  2.37017754E-02
    1.166000      1   0.00000000E+00  0.00000000E+00  2.36172120E-03  0.00000000E+00  0.00000000E+00  0.00000000E+00  0.00000000E+00  0.00000000E+00  7.68458818E-03  0.00000000E+00  0.00000000E+00  2.37355787E-02
    1.166500      1   0.00000000E+00  0.00000000E+00  2.10156485E-03  0.00000000E+00  0.00000000E+00  0.00000000E+00  0.00000000E+00  0.00000000E+00  7.69642553E-03  0.00000000E+00  0.00000000E+00  2.36746995E-02
    1.167000      1   0.00000000E+00  0.00000000E+00  1.80679679E-03  0.00000000E+00  0.00000000E+00  0.00000000E+00  0.00000000E+00  0.00000000E+00  7.70819933E-03  0.00000000E+00  0.00000000E+00  2.35476167E-02
    1.167500      1   0.00000000E+00  0.00000000E+00  1.52647689E-03  0.00000000E+00  0.00000000E+00  0.00000000E+00  0.00000000E+00  0.00000000E+00  7.71987521E-03  0.00000000E+00  0.00000000E+00  2.33517509E-02
    1.168000      1   0.00000000E+00  0.00000000E+00  1.31106403E-03  0.00000000E+00  0.00000000E+00  0.00000000E+00  0.00000000E+00  0.00000000E+00  7.73141656E-03  0.00000000E+00  0.00000000E+00  2.30826964E-02
    1.168500      1   0.00000000E+00  0.00000000E+00  1.19841672E-03  0.00000000E+00  0.00000000E+00  0.00000000E+00  0.00000000E+00  0.00000000E+00  7.74279084E-03  0.00000000E+00  0.00000000E+00  2.27485645E-02
    1.169000      1   0.00000000E+00  0.00000000E+00  1.11210617E-03  0.00000000E+00  0.00000000E+00  0.00000000E+00  0.00000000E+00  0.00000000E+00  7.75397539E-03  0.00000000E+00  0.00000000E+00  2.23691001E-02
    1.169500      1   0.00000000E+00  0.00000000E+00  9.99038499E-04  0.00000000E+00  0.00000000E+00  0.00000000E+00  0.00000000E+00  0.00000000E+00  7.76495714E-03  0.00000000E+00  0.00000000E+00  2.19635066E-02
    1.170000      1   0.00000000E+00  0.00000000E+00  8.49933897E-04  0.00000000E+00  0.00000000E+00  0.00000000E+00  0.00000000E+00  0.00000000E+00  7.77572401E-03  0.00000000E+00  0.00000000E+00  2.15337428E-02
    1.170500      1   0.00000000E+00  0.00000000E+00  6.60803962E-04  0.00000000E+00  0.00000000E+00  0.00000000E+00  0.00000000E+00  0.00000000E+00  7.78626013E-03  0.00000000E+00  0.00000000E+00  2.10722288E-02
    1.171000      1   0.00000000E+00  0.00000000E+00  5.84604409E-04  0.00000000E+00  0.00000000E+00  0.00000000E+00  0.00000000E+00  0.00000000E+00  7.79654488E-03  0.00000000E+00  0.00000000E+00  2.05695079E-02
    1.171500      1   0.00000000E+00  0.00000000E+00  5.44186115E-04  0.00000000E+00  0.00000000E+00  0.00000000E+00  0.00000000E+00  0.00000000E+00  7.80655938E-03  0.00000000E+00  0.00000000E+00  2.00289930E-02
    1.172000      1   0.00000000E+00  0.00000000E+00  4.17478361E-04  0.00000000E+00  0.00000000E+00  0.00000000E+00  0.00000000E+00  0.00000000E+00  7.81629558E-03  0.00000000E+00  0.00000000E+00  1.94723917E-02
    1.172500      1   0.00000000E+00  0.00000000E+00  2.91922504E-04  0.00000000E+00  0.00000000E+00  0.00000000E+00  0.00000000E+00  0.00000000E+00  7.82574455E-03  0.00000000E+00  0.00000000E+00  1.88979500E-02
    1.173000      1   0.00000000E+00  0.00000000E+00  2.03935549E-04  0.00000000E+00  0.00000000E+00  0.00000000E+00  0.00000000E+00  0.00000000E+00  7.83489035E-03  0.00000000E+00  0.00000000E+00  1.82916004E-02
    1.173500      1   0.00000000E+00  0.00000000E+00  2.19749223E-04  0.00000000E+00  0.00000000E+00  0.00000000E+00  0.00000000E+00  0.00000000E+00  7.84371878E-03  0.00000000E+00  0.00000000E+00  1.76568539E-02
    1.174000      1   0.00000000E+00  0.00000000E+00  2.63610973E-04  0.00000000E+00  0.00000000E+00  0.00000000E+00  0.00000000E+00  0.00000000E+00  7.85222331E-03  0.00000000E+00  0.00000000E+00  1.70090574E-02
    1.174500      1   0.00000000E+00  0.00000000E+00  2.48992969E-04  0.00000000E+00  0.00000000E+00  0.00000000E+00  0.00000000E+00  0.00000000E+00  7.86040717E-03  0.00000000E+00  0.00000000E+00  1.63677359E-02
    1.175000      1   0.00000000E+00  0.00000000E+00  2.15140439E-04  0.00000000E+00  0.00000000E+00  0.00000000E+00  0.00000000E+00  0.00000000E+00  7.86827334E-03  0.00000000E+00  0.00000000E+00  1.57323244E-02
    1.175500      1   0.00000000E+00  0.00000000E+00  1.78864222E-04  0.00000000E+00  0.00000000E+00  0.00000000E+00  0.00000000E+00  0.00000000E+00  7.87581910E-03  0.00000000E+00  0.00000000E+00  1.50915192E-02
    1.176000      1   0.00000000E+00  0.00000000E+00  1.50090914E-04  0.00000000E+00  0.00000000E+00  0.00000000E+00  0.00000000E+00  0.00000000E+00  7.88304007E-03  0.00000000E+00  0.00000000E+00  1.44419476E-02
    1.176500      1   0.00000000E+00  0.00000000E+00  1.58227822E-04  0.00000000E+00  0.00000000E+00  0.00000000E+00  0.00000000E+00  0.00000000E+00  7.88993201E-03  0.00000000E+00  0.00000000E+00  1.37838751E-02
    1.177000      1   0.00000000E+00  0.00000000E+00  1.75446461E-04  0.00000000E+00  0.00000000E+00  0.00000000E+00  0.00000000E+00  0.00000000E+00  7.89649291E-03  0.00000000E+00  0.00000000E+00  1.31217973E-02
    1.177500      1   0.00000000E+00  0.00000000E+00  1.76682475E-04  0.00000000E+00  0.00000000E+00  0.00000000E+00  0.00000000E+00  0.00000000E+00  7.90272419E-03  0.00000000E+00  0.00000000E+00  1.24625781E-02
    1.178000      1   0.00000000E+00  0.00000000E+00  1.72546279E-04  0.00000000E+00  0.00000000E+00  0.00000000E+00  0.00000000E+00  0.00000000E+00  7.90862734E-03  0.00000000E+00  0.00000000E+00  1.18062956E-02
    1.178500      1   0.00000000E+00  0.00000000E+00  1.77285548E-04  0.00000000E+00  0.00000000E+00  0.00000000E+00  0.00000000E+00  0.00000000E+00  7.91420227E-03  0.00000000E+00  0.00000000E+00  1.11498503E-02
    1.179000      1   0.00000000E+00  0.00000000E+00  2.20697075E-04  0.00000000E+00  0.00000000E+00  0.00000000E+00  0.00000000E+00  0.00000000E+00  7.91944884E-03  0.00000000E+00  0.00000000E+00  1.04931449E-02
    1.179500      1   0.00000000E+00  0.00000000E+00  2.86582029E-04  0.00000000E+00  0.00000000E+00  0.00000000E+00  0.00000000E+00  0.00000000E+00  7.92436937E-03  0.00000000E+00  0.00000000E+00  9.84105615E-03
    1.180000      1   0.00000000E+00  0.00000000E+00  3.50361302E-04  0.00000000E+00  0.00000000E+00  0.00000000E+00  0.00000000E+00  0.00000000E+00  7.92897033E-03  0.00000000E+00  0.00000000E+00  9.20192139E-03
    1.180500      1   0.00000000E+00  0.00000000E+00  3.66078989E-04  0.00000000E+00  0.00000000E+00  0.00000000E+00  0.00000000E+00  0.00000000E+00  7.93325995E-03  0.00000000E+00  0.00000000E+00  8.57924476E-03
    1.181000      1   0.00000000E+00  0.00000000E+00  3.68757693E-04  0.00000000E+00  0.00000000E+00  0.00000000E+00  0.00000000E+00  0.00000000E+00  7.93724417E-03  0.00000000E+00  0.00000000E+00  7.96843091E-03
    1.181500      1   0.00000000E+00  0.00000000E+00  4.00802726E-04  0.00000000E+00  0.00000000E+00  0.00000000E+00  0.00000000E+00  0.00000000E+00  7.94092438E-03  0.00000000E+00  0.00000000E+00  7.36043487E-03
    1.182000      1   0.00000000E+00  0.00000000E+00  4.64953458E-04  0.00000000E+00  0.00000000E+00  0.00000000E+00  0.00000000E+00  0.00000000E+00  7.94430224E-03  0.00000000E+00  0.00000000E+00  6.75571210E-03
    1.182500      1   0.00000000E+00  0.00000000E+00  4.87029920E-04  0.00000000E+00  0.00000000E+00  0.00000000E+00  0.00000000E+00  0.00000000E+00  7.94738320E-03  0.00000000E+00  0.00000000E+00  6.16192353E-03
    1.183000      1   0.00000000E+00  0.00000000E+00  4.88186244E-04  0.00000000E+00  0.00000000E+00  0.00000000E+00  0.00000000E+00  0.00000000E+00  7.95017351E-03  0.00000000E+00  0.00000000E+00  5.58062098E-03
    1.183500      1   0.00000000E+00  0.00000000E+00  4.98314962E-04  0.00000000E+00  0.00000000E+00  0.00000000E+00  0.00000000E+00  0.00000000E+00  7.95267504E-03  0.00000000E+00  0.00000000E+00  5.00304579E-03
    1.184000      1   0.00000000E+00  0.00000000E+00  5.42208486E-04  0.00000000E+00  0.00000000E+00  0.00000000E+00  0.00000000E+00  0.00000000E+00  7.95488831E-03  0.00000000E+00  0.00000000E+00  4.42655606E-03
    1.184500      1   0.00000000E+00  0.00000000E+00  5.98128601E-04  0.00000000E+00  0.00000000E+00  0.00000000E+00  0.00000000E+00  0.00000000E+00  7.95681612E-03  0.00000000E+00  0.00000000E+00  3.85561057E-03
    1.185000      1   0.00000000E+00  0.00000000E+00  6.58553547E-04  0.00000000E+00  0.00000000E+00  0.00000000E+00  0.00000000E+00  0.00000000E+00  7.95846453E-03  0.00000000E+00  0.00000000E+00  3.29681716E-03
    1.185500      1   0.00000000E+00  0.00000000E+00  7.10151073E-04  0.00000000E+00  0.00000000E+00  0.00000000E+00  0.00000000E+00  0.00000000E+00  7.95984080E-03  0.00000000E+00  0.00000000E+00  2.75254898E-03
    1.186000      1   0.00000000E+00  0.00000000E+00  7.48025192E-04  0.00000000E+00  0.00000000E+00  0.00000000E+00  0.00000000E+00  0.00000000E+00  7.96095218E-03  0.00000000E+00  0.00000000E+00  2.22276525E-03
    1.186500      1   0.00000000E+00  0.00000000E+00  7.85860246E-04  0.00000000E+00  0.00000000E+00  0.00000000E+00  0.00000000E+00  0.00000000E+00  7.96180459E-03  0.00000000E+00  0.00000000E+00  1.70480304E-03
    1.187000      1   0.00000000E+00  0.00000000E+00  8.17794830E-04  0.00000000E+00  0.00000000E+00  0.00000000E+00  0.00000000E+00  0.00000000E+00  7.96240279E-03  0.00000000E+00  0.00000000E+00  1.19640538E-03
    1.187500      1   0.00000000E+00  0.00000000E+00  8.61368560E-04  0.00000000E+00  0.00000000E+00  0.00000000E+00  0.00000000E+00  0.00000000E+00  7.96275131E-03  0.00000000E+00  0.00000000E+00  6.97044169E-04
    1.188000      1   0.00000000E+00  0.00000000E+00  9.10883840E-04  0.00000000E+00  0.00000000E+00  0.00000000E+00  0.00000000E+00  0.00000000E+00  7.96285470E-03  0.00000000E+00  0.00000000E+00  2.06779614E-04
    1.188500      1   0.00000000E+00  0.00000000E+00  9.55747687E-04  0.00000000E+00  0.00000000E+00  0.00000000E+00  0.00000000E+00  0.00000000E+00  7.96271872E-03  0.00000000E+00  0.00000000E+00 -2.71951696E-04
    1.189000      1   0.00000000E+00  0.00000000E+00  9.97991018E-04  0.00000000E+00  0.00000000E+00  0.00000000E+00  0.00000000E+00  0.00000000E+00  7.96234943E-03  0.00000000E+00  0.00000000E+00 -7.38585392E-04
    1.189500      1   0.00000000E+00  0.00000000E+00  1.04549615E-03  0.00000000E+00  0.00000000E+00  0.00000000E+00  0.00000000E+00  0.00000000E+00  7.96175237E-03  0.00000000E+00  0.00000000E+00 -1.19411698E-03
    1.190000      1   0.00000000E+00  0.00000000E+00  1.07860673E-03  0.00000000E+00  0.00000000E+00  0.00000000E+00  0.00000000E+00  0.00000000E+00  7.96093312E-03  0.00000000E+00  0.00000000E+00 -1.63851152E-03
    1.190500      1   0.00000000E+00  0.00000000E+00  1.11415553E-03  0.00000000E+00  0.00000000E+00  0.00000000E+00  0.00000000E+00  0.00000000E+00  7.95989703E-03  0.00000000E+00  0.00000000E+00 -2.07217774E-03
    1.191000      1   0.00000000E+00  0.00000000E+00  1.15283209E-03  0.00000000E+00  0.00000000E+00  0.00000000E+00  0.00000000E+00  0.00000000E+00  7.95864840E-03  0.00000000E+00  0.00000000E+00 -2.49726375E-03
    1.191500      1   0.00000000E+00  0.00000000E+00  1.19422939E-03  0.00000000E+00  0.00000000E+00  0.00000000E+00  0.00000000E+00  0.00000000E+00  7.95719185E-03  0.00000000E+00  0.00000000E+00 -2.91309263E-03
    1.192000      1   0.00000000E+00  0.00000000E+00  1.23738297E-03  0.00000000E+00  0.00000000E+00  0.00000000E+00  0.00000000E+00  0.00000000E+00  7.95553240E-03  0.00000000E+00  0.00000000E+00 -3.31891020E-03
    1.192500      1   0.00000000E+00  0.00000000E+00  1.27388736E-03  0.00000000E+00  0.00000000E+00  0.00000000E+00  0.00000000E+00  0.00000000E+00  7.95367534E-03  0.00000000E+00  0.00000000E+00 -3.71411441E-03
    1.193000      1   0.00000000E+00  0.00000000E+00  1.30636907E-03  0.00000000E+00  0.00000000E+00  0.00000000E+00  0.00000000E+00  0.00000000E+00  7.95162584E-03  0.00000000E+00  0.00000000E+00 -4.09900478E-03
    1.193500      1   0.00000000E+00  0.00000000E+00  1.35098963E-03  0.00000000E+00  0.00000000E+00  0.00000000E+00  0.00000000E+00  0.00000000E+00  7.94938832E-03  0.00000000E+00  0.00000000E+00 -4.47502885E-03
    1.194000      1   0.00000000E+00  0.00000000E+00  1.39025795E-03  0.00000000E+00  0.00000000E+00  0.00000000E+00  0.00000000E+00  0.00000000E+00  7.94696743E-03  0.00000000E+00  0.00000000E+00 -4.84177385E-03
    1.194500      1   0.00000000E+00  0.00000000E+00  1.44282290E-03  0.00000000E+00  0.00000000E+00  0.00000000E+00  0.00000000E+00  0.00000000E+00  7.94436857E-03  0.00000000E+00  0.00000000E+00 -5.19771974E-03
    1.195000      1   0.00000000E+00  0.00000000E+00  1.49043943E-03  0.00000000E+00  0.00000000E+00  0.00000000E+00  0.00000000E+00  0.00000000E+00  7.94159729E-03  0.00000000E+00  0.00000000E+00 -5.54256971E-03
    1.195500      1   0.00000000E+00  0.00000000E+00  1.53542391E-03  0.00000000E+00  0.00000000E+00  0.00000000E+00  0.00000000E+00  0.00000000E+00  7.93866000E-03  0.00000000E+00  0.00000000E+00 -5.87457791E-03
    1.196000      1   0.00000000E+00  0.00000000E+00  1.58706079E-03  0.00000000E+00  0.00000000E+00  0.00000000E+00  0.00000000E+00  0.00000000E+00  7.93556261E-03  0.00000000E+00  0.00000000E+00 -6.19478961E-03
    1.196500      1   0.00000000E+00  0.00000000E+00  1.62048625E-03  0.00000000E+00  0.00000000E+00  0.00000000E+00  0.00000000E+00  0.00000000E+00  7.93231108E-03  0.00000000E+00  0.00000000E+00 -6.50304882E-03
    1.197000      1   0.00000000E+00  0.00000000E+00  1.66413166E-03  0.00000000E+00  0.00000000E+00  0.00000000E+00  0.00000000E+00  0.00000000E+00  7.92891115E-03  0.00000000E+00  0.00000000E+00 -6.79987341E-03
    1.197500      1   0.00000000E+00  0.00000000E+00  1.70602034E-03  0.00000000E+00  0.00000000E+00  0.00000000E+00  0.00000000E+00  0.00000000E+00  7.92536747E-03  0.00000000E+00  0.00000000E+00 -7.08735018E-03
    1.198000      1   0.00000000E+00  0.00000000E+00  1.75006158E-03  0.00000000E+00  0.00000000E+00  0.00000000E+00  0.00000000E+00  0.00000000E+00  7.92168549E-03  0.00000000E+00  0.00000000E+00 -7.36395628E-03
    1.198500      1   0.00000000E+00  0.00000000E+00  1.80202234E-03  0.00000000E+00  0.00000000E+00  0.00000000E+00  0.00000000E+00  0.00000000E+00  7.91787060E-03  0.00000000E+00  0.00000000E+00 -7.62978985E-03
    1.199000      1   0.00000000E+00  0.00000000E+00  1.84699190E-03  0.00000000E+00  0.00000000E+00  0.00000000E+00  0.00000000E+00  0.00000000E+00  7.91392870E-03  0.00000000E+00  0.00000000E+00 -7.88379718E-03
    1.199500      1   0.00000000E+00  0.00000000E+00  1.88882833E-03  0.00000000E+00  0.00000000E+00  0.00000000E+00  0.00000000E+00  0.00000000E+00  7.90986605E-03  0.00000000E+00  0.00000000E+00 -8.12529597E-03
    1.200000      1   0.00000000E+00  0.00000000E+00  1.92829439E-03  0.00000000E+00  0.00000000E+00  0.00000000E+00  0.00000000E+00  0.00000000E+00  7.90568819E-03  0.00000000E+00  0.00000000E+00 -8.35571128E-03
    1.200500      1   0.00000000E+00  0.00000000E+00  1.98177444E-03  0.00000000E+00  0.00000000E+00  0.00000000E+00  0.00000000E+00  0.00000000E+00  7.90140031E-03  0.00000000E+00  0.00000000E+00 -8.57576717E-03
    1.201000      1   0.00000000E+00  0.00000000E+00  2.03699213E-03  0.00000000E+00  0.00000000E+00  0.00000000E+00  0.00000000E+00  0.00000000E+00  7.89700800E-03  0.00000000E+00  0.00000000E+00 -8.78461376E-03
    1.201500      1   0.00000000E+00  0.00000000E+00  2.08347451E-03  0.00000000E+00  0.00000000E+00  0.00000000E+00  0.00000000E+00  0.00000000E+00  7.89251811E-03  0.00000000E+00  0.00000000E+00 -8.97979620E-03
    1.202000      1   0.00000000E+00  0.00000000E+00  2.13467969E-03  0.00000000E+00  0.00000000E+00  0.00000000E+00  0.00000000E+00  0.00000000E+00  7.88793721E-03  0.00000000E+00  0.00000000E+00 -9.16180155E-03
    1.202500      1   0.00000000E+00  0.00000000E+00  2.19574117E-03  0.00000000E+00  0.00000000E+00  0.00000000E+00  0.00000000E+00  0.00000000E+00  7.88327138E-03  0.00000000E+00  0.00000000E+00 -9.33164661E-03
    1.203000      1   0.00000000E+00  0.00000000E+00  2.26008370E-03  0.00000000E+00  0.00000000E+00  0.00000000E+00  0.00000000E+00  0.00000000E+00  7.87852754E-03  0.00000000E+00  0.00000000E+00 -9.48768438E-03
    1.203500      1   0.00000000E+00  0.00000000E+00  2.31603482E-03  0.00000000E+00  0.00000000E+00  0.00000000E+00  0.00000000E+00  0.00000000E+00  7.87371354E-03  0.00000000E+00  0.00000000E+00 -9.62800626E-03
    1.204000      1   0.00000000E+00  0.00000000E+00  2.37623793E-03  0.00000000E+00  0.00000000E+00  0.00000000E+00  0.00000000E+00  0.00000000E+00  7.86883713E-03  0.00000000E+00  0.00000000E+00 -9.75281546E-03
    1.204500      1   0.00000000E+00  0.00000000E+00  2.44619692E-03  0.00000000E+00  0.00000000E+00  0.00000000E+00  0.00000000E+00  0.00000000E+00  7.86390557E-03  0.00000000E+00  0.00000000E+00 -9.86311394E-03
    1.205000      1   0.00000000E+00  0.00000000E+00  2.51417544E-03  0.00000000E+00  0.00000000E+00  0.00000000E+00  0.00000000E+00  0.00000000E+00  7.85892690E-03  0.00000000E+00  0.00000000E+00 -9.95734088E-03
    1.205500      1   0.00000000E+00  0.00000000E+00  2.56416843E-03  0.00000000E+00  0.00000000E+00  0.00000000E+00  0.00000000E+00  0.00000000E+00  7.85390987E-03  0.00000000E+00  0.00000000E+00 -1.00340694E-02
    1.206000      1   0.00000000E+00  0.00000000E+00  2.60939066E-03  0.00000000E+00  0.00000000E+00  0.00000000E+00  0.00000000E+00  0.00000000E+00  7.84886226E-03  0.00000000E+00  0.00000000E+00 -1.00952150E-02
    1.206500      1   0.00000000E+00  0.00000000E+00  2.67395708E-03  0.00000000E+00  0.00000000E+00  0.00000000E+00  0.00000000E+00  0.00000000E+00  7.84379018E-03  0.00000000E+00  0.00000000E+00 -1.01441529E-02
    1.207000      1   0.00000000E+00  0.00000000E+00  2.74307812E-03  0.00000000E+00  0.00000000E+00  0.00000000E+00  0.00000000E+00  0.00000000E+00  7.83870021E-03  0.00000000E+00  0.00000000E+00 -1.01799560E-02
    1.207500      1   0.00000000E+00  0.00000000E+00  2.82056195E-03  0.00000000E+00  0.00000000E+00  0.00000000E+00  0.00000000E+00  0.00000000E+00  7.83360068E-03  0.00000000E+00  0.00000000E+00 -1.01990452E-02
    1.208000      1   0.00000000E+00  0.00000000E+00  2.88017879E-03  0.00000000E+00  0.00000000E+00  0.00000000E+00  0.00000000E+00  0.00000000E+00  7.82850072E-03  0.00000000E+00  0.00000000E+00 -1.01999331E-02
    1.208500      1   0.00000000E+00  0.00000000E+00  2.93796468E-03  0.00000000E+00  0.00000000E+00  0.00000000E+00  0.00000000E+00  0.00000000E+00  7.82340930E-03  0.00000000E+00  0.00000000E+00 -1.01828263E-02
    1.209000      1   0.00000000E+00  0.00000000E+00  3.00343607E-03  0.00000000E+00  0.00000000E+00  0.00000000E+00  0.00000000E+00  0.00000000E+00  7.81833389E-03  0.00000000E+00  0.00000000E+00 -1.01508205E-02
    1.209500      1   0.00000000E+00  0.00000000E+00  3.07706200E-03  0.00000000E+00  0.00000000E+00  0.00000000E+00  0.00000000E+00  0.00000000E+00  7.81328212E-03  0.00000000E+00  0.00000000E+00 -1.01035370E-02
    1.210000      1   0.00000000E+00  0.00000000E+00  3.16725963E-03  0.00000000E+00  0.00000000E+00  0.00000000E+00  0.00000000E+00  0.00000000E+00  7.80826263E-03  0.00000000E+00  0.00000000E+00 -1.00389926E-02
    1.210500      1   0.00000000E+00  0.00000000E+00  3.23908937E-03  0.00000000E+00  0.00000000E+00  0.00000000E+00  0.00000000E+00  0.00000000E+00  7.80328544E-03  0.00000000E+00  0.00000000E+00 -9.95438303E-03
    1.211000      1   0.00000000E+00  0.00000000E+00  3.31690744E-03  0.00000000E+00  0.00000000E+00  0.00000000E+00  0.00000000E+00  0.00000000E+00  7.79836113E-03  0.00000000E+00  0.00000000E+00 -9.84861121E-03
    1.211500      1   0.00000000E+00  0.00000000E+00  3.38498280E-03  0.00000000E+00  0.00000000E+00  0.00000000E+00  0.00000000E+00  0.00000000E+00  7.79349905E-03  0.00000000E+00  0.00000000E+00 -9.72416378E-03
    1.212000      1   0.00000000E+00  0.00000000E+00  3.45903738E-03  0.00000000E+00  0.00000000E+00  0.00000000E+00  0.00000000E+00  0.00000000E+00  7.78870859E-03  0.00000000E+00  0.00000000E+00 -9.58091886E-03
    1.212500      1   0.00000000E+00  0.00000000E+00  3.52039235E-03  0.00000000E+00  0.00000000E+00  0.00000000E+00  0.00000000E+00  0.00000000E+00  7.78399862E-03  0.00000000E+00  0.00000000E+00 -9.41994759E-03
    1.213000      1   0.00000000E+00  0.00000000E+00  3.55573292E-03  0.00000000E+00  0.00000000E+00  0.00000000E+00  0.00000000E+00  0.00000000E+00  7.77937792E-03  0.00000000E+00  0.00000000E+00 -9.24139104E-03
    1.213500      1   0.00000000E+00  0.00000000E+00  3.62748213E-03  0.00000000E+00  0.00000000E+00  0.00000000E+00  0.00000000E+00  0.00000000E+00  7.77485310E-03  0.00000000E+00  0.00000000E+00 -9.04963475E-03
    1.214000      1   0.00000000E+00  0.00000000E+00  3.67637738E-03  0.00000000E+00  0.00000000E+00  0.00000000E+00  0.00000000E+00  0.00000000E+00  7.77043024E-03  0.00000000E+00  0.00000000E+00 -8.84573125E-03
    1.214500      1   0.00000000E+00  0.00000000E+00  3.73528684E-03  0.00000000E+00  0.00000000E+00  0.00000000E+00  0.00000000E+00  0.00000000E+00  7.76611738E-03  0.00000000E+00  0.00000000E+00 -8.62572270E-03
    1.215000      1   0.00000000E+00  0.00000000E+00  3.80195432E-03  0.00000000E+00  0.00000000E+00  0.00000000E+00  0.00000000E+00  0.00000000E+00  7.76192114E-03  0.00000000E+00  0.00000000E+00 -8.39247645E-03
    1.215500      1   0.00000000E+00  0.00000000E+00  3.85326574E-03  0.00000000E+00  0.00000000E+00  0.00000000E+00  0.00000000E+00  0.00000000E+00  7.75784931E-03  0.00000000E+00  0.00000000E+00 -8.14366213E-03
    1.216000      1   0.00000000E+00  0.00000000E+00  3.89965203E-03  0.00000000E+00  0.00000000E+00  0.00000000E+00  0.00000000E+00  0.00000000E+00  7.75390962E-03  0.00000000E+00  0.00000000E+00 -7.87936358E-03
    1.216500      1   0.00000000E+00  0.00000000E+00  3.93838226E-03  0.00000000E+00  0.00000000E+00  0.00000000E+00  0.00000000E+00  0.00000000E+00  7.75010836E-03  0.00000000E+00  0.00000000E+00 -7.60253786E-03
    1.217000      1   0.00000000E+00  0.00000000E+00  3.97768049E-03  0.00000000E+00  0.00000000E+00  0.00000000E+00  0.00000000E+00  0.00000000E+00  7.74645102E-03  0.00000000E+00  0.00000000E+00 -7.31467066E-03
    1.217500      1   0.00000000E+00  0.00000000E+00  4.01181014E-03  0.00000000E+00  0.00000000E+00  0.00000000E+00  0.00000000E+00  0.00000000E+00  7.74294254E-03  0.00000000E+00  0.00000000E+00 -7.01696894E-03
    1.218000      1   0.00000000E+00  0.00000000E+00  4.04560264E-03  0.00000000E+00  0.00000000E+00  0.00000000E+00  0.00000000E+00  0.00000000E+00  7.73958764E-03  0.00000000E+00  0.00000000E+00 -6.70979644E-03
    1.218500      1   0.00000000E+00  0.00000000E+00  4.07775833E-03  0.00000000E+00  0.00000000E+00  0.00000000E+00  0.00000000E+00  0.00000000E+00  7.73639062E-03  0.00000000E+00  0.00000000E+00 -6.39403168E-03
    1.219000      1   0.00000000E+00  0.00000000E+00  4.10011204E-03  0.00000000E+00  0.00000000E+00  0.00000000E+00  0.00000000E+00  0.00000000E+00  7.73335568E-03  0.00000000E+00  0.00000000E+00 -6.06987475E-03
    1.219500      1   0.00000000E+00  0.00000000E+00  4.12416289E-03  0.00000000E+00  0.00000000E+00  0.00000000E+00  0.00000000E+00  0.00000000E+00  7.73048645E-03  0.00000000E+00  0.00000000E+00 -5.73846111E-03
    1.220000      1   0.00000000E+00  0.00000000E+00  4.13803861E-03  0.00000000E+00  0.00000000E+00  0.00000000E+00  0.00000000E+00  0.00000000E+00  7.72778583E-03  0.00000000E+00  0.00000000E+00 -5.40125026E-03
    1.220500      1   0.00000000E+00  0.00000000E+00  4.15305065E-03  0.00000000E+00  0.00000000E+00  0.00000000E+00  0.00000000E+00  0.00000000E+00  7.72525640E-03  0.00000000E+00  0.00000000E+00 -5.05886321E-03
    1.221000      1   0.00000000E+00  0.00000000E+00  4.15961641E-03  0.00000000E+00  0.00000000E+00  0.00000000E+00  0.00000000E+00  0.00000000E+00  7.72289996E-03  0.00000000E+00  0.00000000E+00 -4.71287030E-03
    1.221500      1   0.00000000E+00  0.00000000E+00  4.16215293E-03  0.00000000E+00  0.00000000E+00  0.00000000E+00  0.00000000E+00  0.00000000E+00  7.72071805E-03  0.00000000E+00  0.00000000E+00 -4.36383176E-03
    1.222000      1   0.00000000E+00  0.00000000E+00  4.17340529E-03  0.00000000E+00  0.00000000E+00  0.00000000E+00  0.00000000E+00  0.00000000E+00  7.71871130E-03  0.00000000E+00  0.00000000E+00 -4.01349079E-03
    1.222500      1   0.00000000E+00  0.00000000E+00  4.17350119E-03  0.00000000E+00  0.00000000E+00  0.00000000E+00  0.00000000E+00  0.00000000E+00  7.71688043E-03  0.00000000E+00  0.00000000E+00 -3.66173838E-03
    1.223000      1   0.00000000E+00  0.00000000E+00  4.17186474E-03  0.00000000E+00  0.00000000E+00  0.00000000E+00  0.00000000E+00  0.00000000E+00  7.71522637E-03  0.00000000E+00  0.00000000E+00 -3.30812977E-03
    1.223500      1   0.00000000E+00  0.00000000E+00  4.16607900E-03  0.00000000E+00  0.00000000E+00  0.00000000E+00  0.00000000E+00  0.00000000E+00  7.71374904E-03  0.00000000E+00  0.00000000E+00 -2.95465011E-03
    1.224000      1   0.00000000E+00  0.00000000E+00  4.15617338E-03  0.00000000E+00  0.00000000E+00  0.00000000E+00  0.00000000E+00  0.00000000E+00  7.71244807E-03  0.00000000E+00  0.00000000E+00 -2.60195074E-03
    1.224500      1   0.00000000E+00  0.00000000E+00  4.14236744E-03  0.00000000E+00  0.00000000E+00  0.00000000E+00  0.00000000E+00  0.00000000E+00  7.71132253E-03  0.00000000E+00  0.00000000E+00 -2.25107728E-03
    1.225000      1   0.00000000E+00  0.00000000E+00  4.12485863E-03  0.00000000E+00  0.00000000E+00  0.00000000E+00  0.00000000E+00  0.00000000E+00  7.71037100E-03  0.00000000E+00  0.00000000E+00 -1.90305111E-03
    1.225500      1   0.00000000E+00  0.00000000E+00  4.10379198E-03  0.00000000E+00  0.00000000E+00  0.00000000E+00  0.00000000E+00  0.00000000E+00  7.70959158E-03  0.00000000E+00  0.00000000E+00 -1.55884009E-03
    1.226000      1   0.00000000E+00  0.00000000E+00  4.07961576E-03  0.00000000E+00  0.00000000E+00  0.00000000E+00  0.00000000E+00  0.00000000E+00  7.70898190E-03  0.00000000E+00  0.00000000E+00 -1.21936685E-03
    1.226500      1   0.00000000E+00  0.00000000E+00  4.05216428E-03  0.00000000E+00  0.00000000E+00  0.00000000E+00  0.00000000E+00  0.00000000E+00  7.70853915E-03  0.00000000E+00  0.00000000E+00 -8.85490565E-04
    1.227000      1   0.00000000E+00  0.00000000E+00  4.02362964E-03  0.00000000E+00  0.00000000E+00  0.00000000E+00  0.00000000E+00  0.00000000E+00  7.70826015E-03  0.00000000E+00  0.00000000E+00 -5.58011438E-04
    1.227500      1   0.00000000E+00  0.00000000E+00  3.99355387E-03  0.00000000E+00  0.00000000E+00  0.00000000E+00  0.00000000E+00  0.00000000E+00  7.70814137E-03  0.00000000E+00  0.00000000E+00 -2.37563065E-04
    1.228000      1   0.00000000E+00  0.00000000E+00  3.96131384E-03  0.00000000E+00  0.00000000E+00  0.00000000E+00  0.00000000E+00  0.00000000E+00  7.70817914E-03  0.00000000E+00  0.00000000E+00  7.55404249E-05
    1.228500      1   0.00000000E+00  0.00000000E+00  3.92662471E-03  0.00000000E+00  0.00000000E+00  0.00000000E+00  0.00000000E+00  0.00000000E+00  7.70836956E-03  0.00000000E+00  0.00000000E+00  3.80854604E-04
    1.229000      1   0.00000000E+00  0.00000000E+00  3.89070083E-03  0.00000000E+00  0.00000000E+00  0.00000000E+00  0.00000000E+00  0.00000000E+00  7.70870847E-03  0.00000000E+00  0.00000000E+00  6.77807537E-04
    1.229500      1   0.00000000E+00  0.00000000E+00  3.85199310E-03  0.00000000E+00  0.00000000E+00  0.00000000E+00  0.00000000E+00  0.00000000E+00  7.70919141E-03  0.00000000E+00  0.00000000E+00  9.65887887E-04
    1.230000      1   0.00000000E+00  0.00000000E+00  3.81157135E-03  0.00000000E+00  0.00000000E+00  0.00000000E+00  0.00000000E+00  0.00000000E+00  7.70981373E-03  0.00000000E+00  0.00000000E+00  1.24464675E-03
    1.230500      1   0.00000000E+00  0.00000000E+00  3.76997298E-03  0.00000000E+00  0.00000000E+00  0.00000000E+00  0.00000000E+00  0.00000000E+00  7.71057047E-03  0.00000000E+00  0.00000000E+00  1.51347545E-03
    1.231000      1   0.00000000E+00  0.00000000E+00  3.72740476E-03  0.00000000E+00  0.00000000E+00  0.00000000E+00  0.00000000E+00  0.00000000E+00  7.71145647E-03  0.00000000E+00  0.00000000E+00  1.77198849E-03
    1.231500      1   0.00000000E+00  0.00000000E+00  3.68380508E-03  0.00000000E+00  0.00000000E+00  0.00000000E+00  0.00000000E+00  0.00000000E+00  7.71246642E-03  0.00000000E+00  0.00000000E+00  2.01990691E-03
    1.232000      1   0.00000000E+00  0.00000000E+00  3.63911904E-03  0.00000000E+00  0.00000000E+00  0.00000000E+00  0.00000000E+00  0.00000000E+00  7.71359491E-03  0.00000000E+00  0.00000000E+00  2.25698026E-03
    1.232500      1   0.00000000E+00  0.00000000E+00  3.59346231E-03  0.00000000E+00  0.00000000E+00  0.00000000E+00  0.00000000E+00  0.00000000E+00  7.71483638E-03  0.00000000E+00  0.00000000E+00  2.48294309E-03
    1.233000      1   0.00000000E+00  0.00000000E+00  3.54849186E-03  0.00000000E+00  0.00000000E+00  0.00000000E+00  0.00000000E+00  0.00000000E+00  7.71618515E-03  0.00000000E+00  0.00000000E+00  2.69753121E-03
    1.233500      1   0.00000000E+00  0.00000000E+00  3.51094856E-03  0.00000000E+00  0.00000000E+00  0.00000000E+00  0.00000000E+00  0.00000000E+00  7.71763547E-03  0.00000000E+00  0.00000000E+00  2.90064588E-03
    1.234000      1   0.00000000E+00  0.00000000E+00  3.46680486E-03  0.00000000E+00  0.00000000E+00  0.00000000E+00  0.00000000E+00  0.00000000E+00  7.71918200E-03  0.00000000E+00  0.00000000E+00  3.09305651E-03
    1.234500      1   0.00000000E+00  0.00000000E+00  3.42339466E-03  0.00000000E+00  0.00000000E+00  0.00000000E+00  0.00000000E+00  0.00000000E+00  7.72081970E-03  0.00000000E+00  0.00000000E+00  3.27539910E-03
    1.235000      1   0.00000000E+00  0.00000000E+00  3.38098083E-03  0.00000000E+00  0.00000000E+00  0.00000000E+00  0.00000000E+00  0.00000000E+00  7.72254303E-03  0.00000000E+00  0.00000000E+00  3.44665465E-03
    1.235500      1   0.00000000E+00  0.00000000E+00  3.33641950E-03  0.00000000E+00  0.00000000E+00  0.00000000E+00  0.00000000E+00  0.00000000E+00  7.72434654E-03  0.00000000E+00  0.00000000E+00  3.60703172E-03
    1.236000      1   0.00000000E+00  0.00000000E+00  3.29048133E-03  0.00000000E+00  0.00000000E+00  0.00000000E+00  0.00000000E+00  0.00000000E+00  7.72622479E-03  0.00000000E+00  0.00000000E+00  3.75650403E-03
    1.236500      1   0.00000000E+00  0.00000000E+00  3.25074082E-03  0.00000000E+00  0.00000000E+00  0.00000000E+00  0.00000000E+00  0.00000000E+00  7.72817209E-03  0.00000000E+00  0.00000000E+00  3.89459721E-03
    1.237000      1   0.00000000E+00  0.00000000E+00  3.20542073E-03  0.00000000E+00  0.00000000E+00  0.00000000E+00  0.00000000E+00  0.00000000E+00  7.73018291E-03  0.00000000E+00  0.00000000E+00  4.02163317E-03
    1.237500      1   0.00000000E+00  0.00000000E+00  3.15111636E-03  0.00000000E+00  0.00000000E+00  0.00000000E+00  0.00000000E+00  0.00000000E+00  7.73225198E-03  0.00000000E+00  0.00000000E+00  4.13813627E-03
    1.238000      1   0.00000000E+00  0.00000000E+00  3.10704767E-03  0.00000000E+00  0.00000000E+00  0.00000000E+00  0.00000000E+00  0.00000000E+00  7.73437317E-03  0.00000000E+00  0.00000000E+00  4.24239590E-03
    1.238500      1   0.00000000E+00  0.00000000E+00  3.06494867E-03  0.00000000E+00  0.00000000E+00  0.00000000E+00  0.00000000E+00  0.00000000E+00  7.73654010E-03  0.00000000E+00  0.00000000E+00  4.33384183E-03
    1.239000      1   0.00000000E+00  0.00000000E+00  3.02195899E-03  0.00000000E+00  0.00000000E+00  0.00000000E+00  0.00000000E+00  0.00000000E+00  7.73874726E-03  0.00000000E+00  0.00000000E+00  4.41432897E-03
    1.239500      1   0.00000000E+00  0.00000000E+00  2.97808229E-03  0.00000000E+00  0.00000000E+00  0.00000000E+00  0.00000000E+00  0.00000000E+00  7.74098931E-03  0.00000000E+00  0.00000000E+00  4.48410203E-03
    1.240000      1   0.00000000E+00  0.00000000E+00  2.93481619E-03  0.00000000E+00  0.00000000E+00  0.00000000E+00  0.00000000E+00  0.00000000E+00  7.74326078E-03  0.00000000E+00  0.00000000E+00  4.54293630E-03
    1.240500      1   0.00000000E+00  0.00000000E+00  2.89242185E-03  0.00000000E+00  0.00000000E+00  0.00000000E+00  0.00000000E+00  0.00000000E+00  7.74555615E-03  0.00000000E+00  0.00000000E+00  4.59074013E-03
    1.241000      1   0.00000000E+00  0.00000000E+00  2.84915161E-03  0.00000000E+00  0.00000000E+00  0.00000000E+00  0.00000000E+00  0.00000000E+00  7.74786999E-03  0.00000000E+00  0.00000000E+00  4.62769086E-03
    1.241500      1   0.00000000E+00  0.00000000E+00  2.81408167E-03  0.00000000E+00  0.00000000E+00  0.00000000E+00  0.00000000E+00  0.00000000E+00  7.75019692E-03  0.00000000E+00  0.00000000E+00  4.65385420E-03
    1.242000      1   0.00000000E+00  0.00000000E+00  2.78361300E-03  0.00000000E+00  0.00000000E+00  0.00000000E+00  0.00000000E+00  0.00000000E+00  7.75253183E-03  0.00000000E+00  0.00000000E+00  4.66981137E-03
    1.242500      1   0.00000000E+00  0.00000000E+00  2.74473160E-03  0.00000000E+00  0.00000000E+00  0.00000000E+00  0.00000000E+00  0.00000000E+00  7.75487049E-03  0.00000000E+00  0.00000000E+00  4.67731577E-03
    1.243000      1   0.00000000E+00  0.00000000E+00  2.69696465E-03  0.00000000E+00  0.00000000E+00  0.00000000E+00  0.00000000E+00  0.00000000E+00  7.75720867E-03  0.00000000E+00  0.00000000E+00  4.67637912E-03
    1.243500      1   0.00000000E+00  0.00000000E+00  2.66295350E-03  0.00000000E+00  0.00000000E+00  0.00000000E+00  0.00000000E+00  0.00000000E+00  7.75954109E-03  0.00000000E+00  0.00000000E+00  4.66483433E-03
    1.244000      1   0.00000000E+00  0.00000000E+00  2.63266841E-03  0.00000000E+00  0.00000000E+00  0.00000000E+00  0.00000000E+00  0.00000000E+00  7.76186231E-03  0.00000000E+00  0.00000000E+00  4.64243860E-03
    1.244500      1   0.00000000E+00  0.00000000E+00  2.62368750E-03  0.00000000E+00  0.00000000E+00  0.00000000E+00  0.00000000E+00  0.00000000E+00  7.76416820E-03  0.00000000E+00  0.00000000E+00  4.61178019E-03
    1.245000      1   0.00000000E+00  0.00000000E+00  2.60986826E-03  0.00000000E+00  0.00000000E+00  0.00000000E+00  0.00000000E+00  0.00000000E+00  7.76645588E-03  0.00000000E+00  0.00000000E+00  4.57535466E-03
    1.245500      1   0.00000000E+00  0.00000000E+00  2.57412855E-03  0.00000000E+00  0.00000000E+00  0.00000000E+00  0.00000000E+00  0.00000000E+00  7.76872400E-03  0.00000000E+00  0.00000000E+00  4.53623251E-03
    1.246000      1   0.00000000E+00  0.00000000E+00  2.54468871E-03  0.00000000E+00  0.00000000E+00  0.00000000E+00  0.00000000E+00  0.00000000E+00  7.77096984E-03  0.00000000E+00  0.00000000E+00  4.49168106E-03
    1.246500      1   0.00000000E+00  0.00000000E+00  2.52107902E-03  0.00000000E+00  0.00000000E+00  0.00000000E+00  0.00000000E+00  0.00000000E+00  7.77318916E-03  0.00000000E+00  0.00000000E+00  4.43865782E-03
    1.247000      1   0.00000000E+00  0.00000000E+00  2.49803569E-03  0.00000000E+00  0.00000000E+00  0.00000000E+00  0.00000000E+00  0.00000000E+00  7.77537852E-03  0.00000000E+00  0.00000000E+00  4.37871278E-03
    1.247500      1   0.00000000E+00  0.00000000E+00  2.46896822E-03  0.00000000E+00  0.00000000E+00  0.00000000E+00  0.00000000E+00  0.00000000E+00  7.77753495E-03  0.00000000E+00  0.00000000E+00  4.31285338E-03
    1.248000      1   0.00000000E+00  0.00000000E+00  2.42168583E-03  0.00000000E+00  0.00000000E+00  0.00000000E+00  0.00000000E+00  0.00000000E+00  7.77965527E-03  0.00000000E+00  0.00000000E+00  4.24063996E-03
    1.248500      1   0.00000000E+00  0.00000000E+00  2.38660046E-03  0.00000000E+00  0.00000000E+00  0.00000000E+00  0.00000000E+00  0.00000000E+00  7.78173500E-03  0.00000000E+00  0.00000000E+00  4.15947277E-03
    1.249000      1   0.00000000E+00  0.00000000E+00  2.35913246E-03  0.00000000E+00  0.00000000E+00  0.00000000E+00  0.00000000E+00  0.00000000E+00  7.78376872E-03  0.00000000E+00  0.00000000E+00  4.06743922E-03
    1.249500      1   0.00000000E+00  0.00000000E+00  2.34242753E-03  0.00000000E+00  0.00000000E+00  0.00000000E+00  0.00000000E+00  0.00000000E+00  7.78575233E-03  0.00000000E+00  0.00000000E+00  3.96721570E-03
    1.250000      1   0.00000000E+00  0.00000000E+00  2.32942066E-03  0.00000000E+00  0.00000000E+00  0.00000000E+00  0.00000000E+00  0.00000000E+00  7.78768283E-03  0.00000000E+00  0.00000000E+00  3.86100468E-03
    1.250500      1   0.00000000E+00  0.00000000E+00  2.32420533E-03  0.00000000E+00  0.00000000E+00  0.00000000E+00  0.00000000E+00  0.00000000E+00  7.78955828E-03  0.00000000E+00  0.00000000E+00  3.75090052E-03
    1.251000      1   0.00000000E+00  0.00000000E+00  2.30869606E-03  0.00000000E+00  0.00000000E+00  0.00000000E+00  0.00000000E+00  0.00000000E+00  7.79137738E-03  0.00000000E+00  0.00000000E+00  3.63819940E-03
    1.251500      1   0.00000000E+00  0.00000000E+00  2.29046090E-03  0.00000000E+00  0.00000000E+00  0.00000000E+00  0.00000000E+00  0.00000000E+00  7.79313902E-03  0.00000000E+00  0.00000000E+00  3.52327057E-03
    1.252000      1   0.00000000E+00  0.00000000E+00  2.27243130E-03  0.00000000E+00  0.00000000E+00  0.00000000E+00  0.00000000E+00  0.00000000E+00  7.79484111E-03  0.00000000E+00  0.00000000E+00  3.40418266E-03
    1.252500      1   0.00000000E+00  0.00000000E+00  2.26271083E-03  0.00000000E+00  0.00000000E+00  0.00000000E+00  0.00000000E+00  0.00000000E+00  7.79648136E-03  0.00000000E+00  0.00000000E+00  3.28050623E-03
    1.253000      1   0.00000000E+00  0.00000000E+00  2.25763432E-03  0.00000000E+00  0.00000000E+00  0.00000000E+00  0.00000000E+00  0.00000000E+00  7.79805787E-03  0.00000000E+00  0.00000000E+00  3.15300973E-03
    1.253500      1   0.00000000E+00  0.00000000E+00  2.24542632E-03  0.00000000E+00  0.00000000E+00  0.00000000E+00  0.00000000E+00  0.00000000E+00  7.79956960E-03  0.00000000E+00  0.00000000E+00  3.02346819E-03
    1.254000      1   0.00000000E+00  0.00000000E+00  2.24038249E-03  0.00000000E+00  0.00000000E+00  0.00000000E+00  0.00000000E+00  0.00000000E+00  7.80101561E-03  0.00000000E+00  0.00000000E+00  2.89201362E-03
    1.254500      1   0.00000000E+00  0.00000000E+00  2.23377233E-03  0.00000000E+00  0.00000000E+00  0.00000000E+00  0.00000000E+00  0.00000000E+00  7.80239466E-03  0.00000000E+00  0.00000000E+00  2.75810844E-03
    1.255000      1   0.00000000E+00  0.00000000E+00  2.22694506E-03  0.00000000E+00  0.00000000E+00  0.00000000E+00  0.00000000E+00  0.00000000E+00  7.80370606E-03  0.00000000E+00  0.00000000E+00  2.62279056E-03
    1.255500      1   0.00000000E+00  0.00000000E+00  2.21486719E-03  0.00000000E+00  0.00000000E+00  0.00000000E+00  0.00000000E+00  0.00000000E+00  7.80494895E-03  0.00000000E+00  0.00000000E+00  2.48578357E-03
    1.256000      1   0.00000000E+00  0.00000000E+00  2.21238698E-03  0.00000000E+00  0.00000000E+00  0.00000000E+00  0.00000000E+00  0.00000000E+00  7.80612224E-03  0.00000000E+00  0.00000000E+00  2.34658758E-03
    1.256500      1   0.00000000E+00  0.00000000E+00  2.21361780E-03  0.00000000E+00  0.00000000E+00  0.00000000E+00  0.00000000E+00  0.00000000E+00  7.80722484E-03  0.00000000E+00  0.00000000E+00  2.20518902E-03
    1.257000      1   0.00000000E+00  0.00000000E+00  2.21644106E-03  0.00000000E+00  0.00000000E+00  0.00000000E+00  0.00000000E+00  0.00000000E+00  7.80825658E-03  0.00000000E+00  0.00000000E+00  2.06349201E-03
    1.257500      1   0.00000000E+00  0.00000000E+00  2.21768725E-03  0.00000000E+00  0.00000000E+00  0.00000000E+00  0.00000000E+00  0.00000000E+00  7.80921771E-03  0.00000000E+00  0.00000000E+00  1.92224675E-03
    1.258000      1   0.00000000E+00  0.00000000E+00  2.21804714E-03  0.00000000E+00  0.00000000E+00  0.00000000E+00  0.00000000E+00  0.00000000E+00  7.81010850E-03  0.00000000E+00  0.00000000E+00  1.78157527E-03
    1.258500      1   0.00000000E+00  0.00000000E+00  2.19905622E-03  0.00000000E+00  0.00000000E+00  0.00000000E+00  0.00000000E+00  0.00000000E+00  7.81092907E-03  0.00000000E+00  0.00000000E+00  1.64114025E-03
    1.259000      1   0.00000000E+00  0.00000000E+00  2.19832754E-03  0.00000000E+00  0.00000000E+00  0.00000000E+00  0.00000000E+00  0.00000000E+00  7.81167861E-03  0.00000000E+00  0.00000000E+00  1.49908515E-03
    1.259500      1   0.00000000E+00  0.00000000E+00  2.20982511E-03  0.00000000E+00  0.00000000E+00  0.00000000E+00  0.00000000E+00  0.00000000E+00  7.81235553E-03  0.00000000E+00  0.00000000E+00  1.35384718E-03
    1.260000      1   0.00000000E+00  0.00000000E+00  2.22360090E-03  0.00000000E+00  0.00000000E+00  0.00000000E+00  0.00000000E+00  0.00000000E+00  7.81296029E-03  0.00000000E+00  0.00000000E+00  1.20950616E-03
    1.260500      1   0.00000000E+00  0.00000000E+00  2.22158599E-03  0.00000000E+00  0.00000000E+00  0.00000000E+00  0.00000000E+00  0.00000000E+00  7.81349442E-03  0.00000000E+00  0.00000000E+00  1.06827117E-03
    1.261000      1   0.00000000E+00  0.00000000E+00  2.20820323E-03  0.00000000E+00  0.00000000E+00  0.00000000E+00  0.00000000E+00  0.00000000E+00  7.81395898E-03  0.00000000E+00  0.00000000E+00  9.29120120E-04
    1.261500      1   0.00000000E+00  0.00000000E+00  2.19739387E-03  0.00000000E+00  0.00000000E+00  0.00000000E+00  0.00000000E+00  0.00000000E+00  7.81435321E-03  0.00000000E+00  0.00000000E+00  7.88454906E-04
    1.262000      1   0.00000000E+00  0.00000000E+00  2.19909624E-03  0.00000000E+00  0.00000000E+00  0.00000000E+00  0.00000000E+00  0.00000000E+00  7.81467553E-03  0.00000000E+00  0.00000000E+00  6.44636386E-04
    1.262500      1   0.00000000E+00  0.00000000E+00  2.21076451E-03  0.00000000E+00  0.00000000E+00  0.00000000E+00  0.00000000E+00  0.00000000E+00  7.81492512E-03  0.00000000E+00  0.00000000E+00  4.99193411E-04
    1.263000      1   0.00000000E+00  0.00000000E+00  2.22450583E-03  0.00000000E+00  0.00000000E+00  0.00000000E+00  0.00000000E+00  0.00000000E+00  7.81510265E-03  0.00000000E+00  0.00000000E+00  3.55061679E-04
    1.263500      1   0.00000000E+00  0.00000000E+00  2.23537327E-03  0.00000000E+00  0.00000000E+00  0.00000000E+00  0.00000000E+00  0.00000000E+00  7.81520968E-03  0.00000000E+00  0.00000000E+00  2.14060963E-04
    1.264000      1   0.00000000E+00  0.00000000E+00  2.24384899E-03  0.00000000E+00  0.00000000E+00  0.00000000E+00  0.00000000E+00  0.00000000E+00  7.81524782E-03  0.00000000E+00  0.00000000E+00  7.62775684E-05
    1.264500      1   0.00000000E+00  0.00000000E+00  2.25282815E-03  0.00000000E+00  0.00000000E+00  0.00000000E+00  0.00000000E+00  0.00000000E+00  7.81521834E-03  0.00000000E+00  0.00000000E+00 -5.89718926E-05
    1.265000      1   0.00000000E+00  0.00000000E+00  2.26393893E-03  0.00000000E+00  0.00000000E+00  0.00000000E+00  0.00000000E+00  0.00000000E+00  7.81512232E-03  0.00000000E+00  0.00000000E+00 -1.92035646E-04
    1.265500      1   0.00000000E+00  0.00000000E+00  2.27660577E-03  0.00000000E+00  0.00000000E+00  0.00000000E+00  0.00000000E+00  0.00000000E+00  7.81496100E-03  0.00000000E+00  0.00000000E+00 -3.22642545E-04
    1.266000      1   0.00000000E+00  0.00000000E+00  2.28948614E-03  0.00000000E+00  0.00000000E+00  0.00000000E+00  0.00000000E+00  0.00000000E+00  7.81473585E-03  0.00000000E+00  0.00000000E+00 -4.50304976E-04
    1.266500      1   0.00000000E+00  0.00000000E+00  2.30200371E-03  0.00000000E+00  0.00000000E+00  0.00000000E+00  0.00000000E+00  0.00000000E+00  7.81444847E-03  0.00000000E+00  0.00000000E+00 -5.74748543E-04
    1.267000      1   0.00000000E+00  0.00000000E+00  2.31456227E-03  0.00000000E+00  0.00000000E+00  0.00000000E+00  0.00000000E+00  0.00000000E+00  7.81410049E-03  0.00000000E+00  0.00000000E+00 -6.95970260E-04
    1.267500      1   0.00000000E+00  0.00000000E+00  2.32777762E-03  0.00000000E+00  0.00000000E+00  0.00000000E+00  0.00000000E+00  0.00000000E+00  7.81369347E-03  0.00000000E+00  0.00000000E+00 -8.14026078E-04
    1.268000      1   0.00000000E+00  0.00000000E+00  2.34310021E-03  0.00000000E+00  0.00000000E+00  0.00000000E+00  0.00000000E+00  0.00000000E+00  7.81322905E-03  0.00000000E+00  0.00000000E+00 -9.28851193E-04
    1.268500      1   0.00000000E+00  0.00000000E+00  2.36147359E-03  0.00000000E+00  0.00000000E+00  0.00000000E+00  0.00000000E+00  0.00000000E+00  7.81270897E-03  0.00000000E+00  0.00000000E+00 -1.04015143E-03
    1.269000      1   0.00000000E+00  0.00000000E+00  2.38022882E-03  0.00000000E+00  0.00000000E+00  0.00000000E+00  0.00000000E+00  0.00000000E+00  7.81213532E-03  0.00000000E+00  0.00000000E+00 -1.14731103E-03
    1.269500      1   0.00000000E+00  0.00000000E+00  2.39801839E-03  0.00000000E+00  0.00000000E+00  0.00000000E+00  0.00000000E+00  0.00000000E+00  7.81151042E-03  0.00000000E+00  0.00000000E+00 -1.24979525E-03
    1.270000      1   0.00000000E+00  0.00000000E+00  2.41858458E-03  0.00000000E+00  0.00000000E+00  0.00000000E+00  0.00000000E+00  0.00000000E+00  7.81083661E-03  0.00000000E+00  0.00000000E+00 -1.34762678E-03
    1.270500      1   0.00000000E+00  0.00000000E+00  2.44331185E-03  0.00000000E+00  0.00000000E+00  0.00000000E+00  0.00000000E+00  0.00000000E+00  7.81011625E-03  0.00000000E+00  0.00000000E+00 -1.44071867E-03
    1.271000      1   0.00000000E+00  0.00000000E+00  2.46117608E-03  0.00000000E+00  0.00000000E+00  0.00000000E+00  0.00000000E+00  0.00000000E+00  7.80935212E-03  0.00000000E+00  0.00000000E+00 -1.52824708E-03
    1.271500      1   0.00000000E+00  0.00000000E+00  2.47696653E-03  0.00000000E+00  0.00000000E+00  0.00000000E+00  0.00000000E+00  0.00000000E+00  7.80854705E-03  0.00000000E+00  0.00000000E+00 -1.61013554E-03
    1.272000      1   0.00000000E+00  0.00000000E+00  2.49403212E-03  0.00000000E+00  0.00000000E+00  0.00000000E+00  0.00000000E+00  0.00000000E+00  7.80770321E-03  0.00000000E+00  0.00000000E+00 -1.68769437E-03
    1.272500      1   0.00000000E+00  0.00000000E+00  2.51356289E-03  0.00000000E+00  0.00000000E+00  0.00000000E+00  0.00000000E+00  0.00000000E+00  7.80682263E-03  0.00000000E+00  0.00000000E+00 -1.76115137E-03
    1.273000      1   0.00000000E+00  0.00000000E+00  2.53427420E-03  0.00000000E+00  0.00000000E+00  0.00000000E+00  0.00000000E+00  0.00000000E+00  7.80590759E-03  0.00000000E+00  0.00000000E+00 -1.83007917E-03
    1.273500      1   0.00000000E+00  0.00000000E+00  2.55396613E-03  0.00000000E+00  0.00000000E+00  0.00000000E+00  0.00000000E+00  0.00000000E+00  7.80496061E-03  0.00000000E+00  0.00000000E+00 -1.89396859E-03
    1.274000      1   0.00000000E+00  0.00000000E+00  2.57496202E-03  0.00000000E+00  0.00000000E+00  0.00000000E+00  0.00000000E+00  0.00000000E+00  7.80398425E-03  0.00000000E+00  0.00000000E+00 -1.95271590E-03
    1.274500      1   0.00000000E+00  0.00000000E+00  2.59503881E-03  0.00000000E+00  0.00000000E+00  0.00000000E+00  0.00000000E+00  0.00000000E+00  7.80298106E-03  0.00000000E+00  0.00000000E+00 -2.00637321E-03
    1.275000      1   0.00000000E+00  0.00000000E+00  2.61210016E-03  0.00000000E+00  0.00000000E+00  0.00000000E+00  0.00000000E+00  0.00000000E+00  7.80195366E-03  0.00000000E+00  0.00000000E+00 -2.05480766E-03
    1.275500      1   0.00000000E+00  0.00000000E+00  2.63025411E-03  0.00000000E+00  0.00000000E+00  0.00000000E+00  0.00000000E+00  0.00000000E+00  7.80090444E-03  0.00000000E+00  0.00000000E+00 -2.09843680E-03
    1.276000      1   0.00000000E+00  0.00000000E+00  2.64980288E-03  0.00000000E+00  0.00000000E+00  0.00000000E+00  0.00000000E+00  0.00000000E+00  7.79983561E-03  0.00000000E+00  0.00000000E+00 -2.13765918E-03
    1.276500      1   0.00000000E+00  0.00000000E+00  2.67275404E-03  0.00000000E+00  0.00000000E+00  0.00000000E+00  0.00000000E+00  0.00000000E+00  7.79874953E-03  0.00000000E+00  0.00000000E+00 -2.17217205E-03
    1.277000      1   0.00000000E+00  0.00000000E+00  2.69240088E-03  0.00000000E+00  0.00000000E+00  0.00000000E+00  0.00000000E+00  0.00000000E+00  7.79764880E-03  0.00000000E+00  0.00000000E+00 -2.20144553E-03
    1.277500      1   0.00000000E+00  0.00000000E+00  2.71067537E-03  0.00000000E+00  0.00000000E+00  0.00000000E+00  0.00000000E+00  0.00000000E+00  7.79653620E-03  0.00000000E+00  0.00000000E+00 -2.22521311E-03
    1.278000      1   0.00000000E+00  0.00000000E+00  2.72925978E-03  0.00000000E+00  0.00000000E+00  0.00000000E+00  0.00000000E+00  0.00000000E+00  7.79541413E-03  0.00000000E+00  0.00000000E+00 -2.24413870E-03
    1.278500      1   0.00000000E+00  0.00000000E+00  2.74767413E-03  0.00000000E+00  0.00000000E+00  0.00000000E+00  0.00000000E+00  0.00000000E+00  7.79428492E-03  0.00000000E+00  0.00000000E+00 -2.25842026E-03
    1.279000      1   0.00000000E+00  0.00000000E+00  2.76689675E-03  0.00000000E+00  0.00000000E+00  0.00000000E+00  0.00000000E+00  0.00000000E+00  7.79315091E-03  0.00000000E+00  0.00000000E+00 -2.26802194E-03
    1.279500      1   0.00000000E+00  0.00000000E+00  2.78467059E-03  0.00000000E+00  0.00000000E+00  0.00000000E+00  0.00000000E+00  0.00000000E+00  7.79201446E-03  0.00000000E+00  0.00000000E+00 -2.27290020E-03
    1.280000      1   0.00000000E+00  0.00000000E+00  2.80167134E-03  0.00000000E+00  0.00000000E+00  0.00000000E+00  0.00000000E+00  0.00000000E+00  7.79087793E-03  0.00000000E+00  0.00000000E+00 -2.27305040E-03
    1.280500      1   0.00000000E+00  0.00000000E+00  2.81567062E-03  0.00000000E+00  0.00000000E+00  0.00000000E+00  0.00000000E+00  0.00000000E+00  7.78974354E-03  0.00000000E+00  0.00000000E+00 -2.26877880E-03
    1.281000      1   0.00000000E+00  0.00000000E+00  2.82858075E-03  0.00000000E+00  0.00000000E+00  0.00000000E+00  0.00000000E+00  0.00000000E+00  7.78861330E-03  0.00000000E+00  0.00000000E+00 -2.26047775E-03
    1.281500      1   0.00000000E+00  0.00000000E+00  2.84633745E-03  0.00000000E+00  0.00000000E+00  0.00000000E+00  0.00000000E+00  0.00000000E+00  7.78748893E-03  0.00000000E+00  0.00000000E+00 -2.24873641E-03
    1.282000      1   0.00000000E+00  0.00000000E+00  2.86357948E-03  0.00000000E+00  0.00000000E+00  0.00000000E+00  0.00000000E+00  0.00000000E+00  7.78637228E-03  0.00000000E+00  0.00000000E+00 -2.23330509E-03
    1.282500      1   0.00000000E+00  0.00000000E+00  2.87841751E-03  0.00000000E+00  0.00000000E+00  0.00000000E+00  0.00000000E+00  0.00000000E+00  7.78526556E-03  0.00000000E+00  0.00000000E+00 -2.21343346E-03
    1.283000      1   0.00000000E+00  0.00000000E+00  2.88966675E-03  0.00000000E+00  0.00000000E+00  0.00000000E+00  0.00000000E+00  0.00000000E+00  7.78417086E-03  0.00000000E+00  0.00000000E+00 -2.18941858E-03
    1.283500      1   0.00000000E+00  0.00000000E+00  2.89955086E-03  0.00000000E+00  0.00000000E+00  0.00000000E+00  0.00000000E+00  0.00000000E+00  7.78308987E-03  0.00000000E+00  0.00000000E+00 -2.16197254E-03
    1.284000      1   0.00000000E+00  0.00000000E+00  2.91221737E-03  0.00000000E+00  0.00000000E+00  0.00000000E+00  0.00000000E+00  0.00000000E+00  7.78202397E-03  0.00000000E+00  0.00000000E+00 -2.13180535E-03
    1.284500      1   0.00000000E+00  0.00000000E+00  2.92591955E-03  0.00000000E+00  0.00000000E+00  0.00000000E+00  0.00000000E+00  0.00000000E+00  7.78097452E-03  0.00000000E+00  0.00000000E+00 -2.09889514E-03
    1.285000      1   0.00000000E+00  0.00000000E+00  2.93745011E-03  0.00000000E+00  0.00000000E+00  0.00000000E+00  0.00000000E+00  0.00000000E+00  7.77994317E-03  0.00000000E+00  0.00000000E+00 -2.06269346E-03
    1.285500      1   0.00000000E+00  0.00000000E+00  2.94733102E-03  0.00000000E+00  0.00000000E+00  0.00000000E+00  0.00000000E+00  0.00000000E+00  7.77893156E-03  0.00000000E+00  0.00000000E+00 -2.02322225E-03
    1.286000      1   0.00000000E+00  0.00000000E+00  2.96480554E-03  0.00000000E+00  0.00000000E+00  0.00000000E+00  0.00000000E+00  0.00000000E+00  7.77794107E-03  0.00000000E+00  0.00000000E+00 -1.98098397E-03
    1.286500      1   0.00000000E+00  0.00000000E+00  2.97682333E-03  0.00000000E+00  0.00000000E+00  0.00000000E+00  0.00000000E+00  0.00000000E+00  7.77697328E-03  0.00000000E+00  0.00000000E+00 -1.93557809E-03
    1.287000      1   0.00000000E+00  0.00000000E+00  2.98734594E-03  0.00000000E+00  0.00000000E+00  0.00000000E+00  0.00000000E+00  0.00000000E+00  7.77603016E-03  0.00000000E+00  0.00000000E+00 -1.88624016E-03
    1.287500      1   0.00000000E+00  0.00000000E+00  2.99798694E-03  0.00000000E+00  0.00000000E+00  0.00000000E+00  0.00000000E+00  0.00000000E+00  7.77511316E-03  0.00000000E+00  0.00000000E+00 -1.83399841E-03
    1.288000      1   0.00000000E+00  0.00000000E+00  3.00726943E-03  0.00000000E+00  0.00000000E+00  0.00000000E+00  0.00000000E+00  0.00000000E+00  7.77422362E-03  0.00000000E+00  0.00000000E+00 -1.77908790E-03
    1.288500      1   0.00000000E+00  0.00000000E+00  3.01574002E-03  0.00000000E+00  0.00000000E+00  0.00000000E+00  0.00000000E+00  0.00000000E+00  7.77336281E-03  0.00000000E+00  0.00000000E+00 -1.72160931E-03
    1.289000      1   0.00000000E+00  0.00000000E+00  3.02380582E-03  0.00000000E+00  0.00000000E+00  0.00000000E+00  0.00000000E+00  0.00000000E+00  7.77253188E-03  0.00000000E+00  0.00000000E+00 -1.66185749E-03
    1.289500      1   0.00000000E+00  0.00000000E+00  3.03165397E-03  0.00000000E+00  0.00000000E+00  0.00000000E+00  0.00000000E+00  0.00000000E+00  7.77173188E-03  0.00000000E+00  0.00000000E+00 -1.60000157E-03
    1.290000      1   0.00000000E+00  0.00000000E+00  3.03847893E-03  0.00000000E+00  0.00000000E+00  0.00000000E+00  0.00000000E+00  0.00000000E+00  7.77096382E-03  0.00000000E+00  0.00000000E+00 -1.53612725E-03
    1.290500      1   0.00000000E+00  0.00000000E+00  3.04423708E-03  0.00000000E+00  0.00000000E+00  0.00000000E+00  0.00000000E+00  0.00000000E+00  7.77022864E-03  0.00000000E+00  0.00000000E+00 -1.47036075E-03
    1.291000      1   0.00000000E+00  0.00000000E+00  3.04916808E-03  0.00000000E+00  0.00000000E+00  0.00000000E+00  0.00000000E+00  0.00000000E+00  7.76952716E-03  0.00000000E+00  0.00000000E+00 -1.40296441E-03
    1.291500      1   0.00000000E+00  0.00000000E+00  3.05355097E-03  0.00000000E+00  0.00000000E+00  0.00000000E+00  0.00000000E+00  0.00000000E+00  7.76886006E-03  0.00000000E+00  0.00000000E+00 -1.33418655E-03
    1.292000      1   0.00000000E+00  0.00000000E+00  3.06176294E-03  0.00000000E+00  0.00000000E+00  0.00000000E+00  0.00000000E+00  0.00000000E+00  7.76822796E-03  0.00000000E+00  0.00000000E+00 -1.26421144E-03
    1.292500      1   0.00000000E+00  0.00000000E+00  3.06527428E-03  0.00000000E+00  0.00000000E+00  0.00000000E+00  0.00000000E+00  0.00000000E+00  7.76763156E-03  0.00000000E+00  0.00000000E+00 -1.19279053E-03
    1.293000      1   0.00000000E+00  0.00000000E+00  3.06450483E-03  0.00000000E+00  0.00000000E+00  0.00000000E+00  0.00000000E+00  0.00000000E+00  7.76707171E-03  0.00000000E+00  0.00000000E+00 -1.11971069E-03
    1.293500      1   0.00000000E+00  0.00000000E+00  3.06619691E-03  0.00000000E+00  0.00000000E+00  0.00000000E+00  0.00000000E+00  0.00000000E+00  7.76654865E-03  0.00000000E+00  0.00000000E+00 -1.04612229E-03
    1.294000      1   0.00000000E+00  0.00000000E+00  3.06724580E-03  0.00000000E+00  0.00000000E+00  0.00000000E+00  0.00000000E+00  0.00000000E+00  7.76606239E-03  0.00000000E+00  0.00000000E+00 -9.72510624E-04
    1.294500      1   0.00000000E+00  0.00000000E+00  3.06825319E-03  0.00000000E+00  0.00000000E+00  0.00000000E+00  0.00000000E+00  0.00000000E+00  7.76561313E-03  0.00000000E+00  0.00000000E+00 -8.98528367E-04
    1.295000      1   0.00000000E+00  0.00000000E+00  3.06848330E-03  0.00000000E+00  0.00000000E+00  0.00000000E+00  0.00000000E+00  0.00000000E+00  7.76520098E-03  0.00000000E+00  0.00000000E+00 -8.24284801E-04
    1.295500      1   0.00000000E+00  0.00000000E+00  3.06819444E-03  0.00000000E+00  0.00000000E+00  0.00000000E+00  0.00000000E+00  0.00000000E+00  7.76482606E-03  0.00000000E+00  0.00000000E+00 -7.49855468E-04
    1.296000      1   0.00000000E+00  0.00000000E+00  3.06654535E-03  0.00000000E+00  0.00000000E+00  0.00000000E+00  0.00000000E+00  0.00000000E+00  7.76448835E-03  0.00000000E+00  0.00000000E+00 -6.75413890E-04
    1.296500      1   0.00000000E+00  0.00000000E+00  3.06437088E-03  0.00000000E+00  0.00000000E+00  0.00000000E+00  0.00000000E+00  0.00000000E+00  7.76418777E-03  0.00000000E+00  0.00000000E+00 -6.01165556E-04
    1.297000      1   0.00000000E+00  0.00000000E+00  3.06185050E-03  0.00000000E+00  0.00000000E+00  0.00000000E+00  0.00000000E+00  0.00000000E+00  7.76392408E-03  0.00000000E+00  0.00000000E+00 -5.27380281E-04
    1.297500      1   0.00000000E+00  0.00000000E+00  3.05908724E-03  0.00000000E+00  0.00000000E+00  0.00000000E+00  0.00000000E+00  0.00000000E+00  7.76369699E-03  0.00000000E+00  0.00000000E+00 -4.54174920E-04
    1.298000      1   0.00000000E+00  0.00000000E+00  3.05588842E-03  0.00000000E+00  0.00000000E+00  0.00000000E+00  0.00000000E+00  0.00000000E+00  7.76350617E-03  0.00000000E+00  0.00000000E+00 -3.81627751E-04
    1.298500      1   0.00000000E+00  0.00000000E+00  3.05210008E-03  0.00000000E+00  0.00000000E+00  0.00000000E+00  0.00000000E+00  0.00000000E+00  7.76335127E-03  0.00000000E+00  0.00000000E+00 -3.09817167E-04
    1.299000      1   0.00000000E+00  0.00000000E+00  3.04774018E-03  0.00000000E+00  0.00000000E+00  0.00000000E+00  0.00000000E+00  0.00000000E+00  7.76323183E-03  0.00000000E+00  0.00000000E+00 -2.38866815E-04
    1.299500      1   0.00000000E+00  0.00000000E+00  3.04284649E-03  0.00000000E+00  0.00000000E+00  0.00000000E+00  0.00000000E+00  0.00000000E+00  7.76314737E-03  0.00000000E+00  0.00000000E+00 -1.68924038E-04
    1.300000      1   0.00000000E+00  0.00000000E+00  3.03766656E-03  0.00000000E+00  0.00000000E+00  0.00000000E+00  0.00000000E+00  0.00000000E+00  7.76309731E-03  0.00000000E+00  0.00000000E+00 -1.00129886E-04
