# time ip fx fy fz tx ty tz px py pz vx vy vz
    0.001000      1   0.00000000E+00  0.00000000E+00  0.00000000E+00  0.00000000E+00  0.00000000E+00  0.00000000E+00 -0.00000000E+00 -0.00000000E+00  1.27500000E-01  0.00000000E+00  0.00000000E+00  0.00000000E+00
    0.002000      1   0.00000000E+00  0.00000000E+00  2.29553703E-03  0.00000000E+00  0.00000000E+00  0.00000000E+00  0.00000000E+00  0.00000000E+00  1.27498686E-01  0.00000000E+00  0.00000000E+00 -1.31383929E-03
    0.003000      1   0.00000000E+00  0.00000000E+00  1.99208937E-03  0.00000000E+00  0.00000000E+00  0.00000000E+00  0.00000000E+00  0.00000000E+00  1.27496464E-01  0.00000000E+00  0.00000000E+00 -2.22173850E-03
    0.004000      1   0.00000000E+00  0.00000000E+00  1.19755926E-03  0.00000000E+00  0.00000000E+00  0.00000000E+00  0.00000000E+00  0.00000000E+00  1.27494035E-01  0.00000000E+00  0.00000000E+00 -2.42941034E-03
    0.005000      1   0.00000000E+00  0.00000000E+00  1.18751010E-03  0.00000000E+00  0.00000000E+00  0.00000000E+00  0.00000000E+00  0.00000000E+00  1.27491158E-01  0.00000000E+00  0.00000000E+00 -2.87724270E-03
    0.006000      1   0.00000000E+00  0.00000000E+00  1.82626526E-03  0.00000000E+00  0.00000000E+00  0.00000000E+00  0.00000000E+00  0.00000000E+00  1.27487570E-01  0.00000000E+00  0.00000000E+00 -3.58778771E-03
    0.007000      1   0.00000000E+00  0.00000000E+00  1.84469794E-03  0.00000000E+00  0.00000000E+00  0.00000000E+00  0.00000000E+00  0.00000000E+00  1.27483381E-01  0.00000000E+00  0.00000000E+00 -4.18867631E-03
    0.008000      1   0.00000000E+00  0.00000000E+00  1.68683893E-03  0.00000000E+00  0.00000000E+00  0.00000000E+00  0.00000000E+00  0.00000000E+00  1.27478805E-01  0.00000000E+00  0.00000000E+00 -4.57652854E-03
    0.009000      1   0.00000000E+00  0.00000000E+00  1.64268202E-03  0.00000000E+00  0.00000000E+00  0.00000000E+00  0.00000000E+00  0.00000000E+00  1.27473819E-01  0.00000000E+00  0.00000000E+00 -4.98624281E-03
    0.010000      1   0.00000000E+00  0.00000000E+00  1.83733471E-03  0.00000000E+00  0.00000000E+00  0.00000000E+00  0.00000000E+00  0.00000000E+00  1.27468363E-01  0.00000000E+00  0.00000000E+00 -5.45560899E-03
    0.011000      1   0.00000000E+00  0.00000000E+00  1.87381532E-03  0.00000000E+00  0.00000000E+00  0.00000000E+00  0.00000000E+00  0.00000000E+00  1.27462458E-01  0.00000000E+00  0.00000000E+00 -5.90505481E-03
    0.012000      1   0.00000000E+00  0.00000000E+00  1.85352845E-03  0.00000000E+00  0.00000000E+00  0.00000000E+00  0.00000000E+00  0.00000000E+00  1.27456174E-01  0.00000000E+00  0.00000000E+00 -6.28412259E-03
    0.013000      1   0.00000000E+00  0.00000000E+00  1.84516729E-03  0.00000000E+00  0.00000000E+00  0.00000000E+00  0.00000000E+00  0.00000000E+00  1.27449519E-01  0.00000000E+00  0.00000000E+00 -6.65479709E-03
    0.014000      1   0.00000000E+00  0.00000000E+00  1.91155657E-03  0.00000000E+00  0.00000000E+00  0.00000000E+00  0.00000000E+00  0.00000000E+00  1.27442485E-01  0.00000000E+00  0.00000000E+00 -7.03361269E-03
    0.015000      1   0.00000000E+00  0.00000000E+00  1.93731444E-03  0.00000000E+00  0.00000000E+00  0.00000000E+00  0.00000000E+00  0.00000000E+00  1.27435082E-01  0.00000000E+00  0.00000000E+00 -7.40343401E-03
    0.016000      1   0.00000000E+00  0.00000000E+00  1.95589521E-03  0.00000000E+00  0.00000000E+00  0.00000000E+00  0.00000000E+00  0.00000000E+00  1.27427335E-01  0.00000000E+00  0.00000000E+00 -7.74689711E-03
    0.017000      1   0.00000000E+00  0.00000000E+00  1.95714503E-03  0.00000000E+00  0.00000000E+00  0.00000000E+00  0.00000000E+00  0.00000000E+00  1.27419256E-01  0.00000000E+00  0.00000000E+00 -8.07861513E-03
    0.018000      1   0.00000000E+00  0.00000000E+00  1.98702986E-03  0.00000000E+00  0.00000000E+00  0.00000000E+00  0.00000000E+00  0.00000000E+00  1.27410852E-01  0.00000000E+00  0.00000000E+00 -8.40400994E-03
    0.019000      1   0.00000000E+00  0.00000000E+00  2.00301548E-03  0.00000000E+00  0.00000000E+00  0.00000000E+00  0.00000000E+00  0.00000000E+00  1.27402129E-01  0.00000000E+00  0.00000000E+00 -8.72370949E-03
    0.020000      1   0.00000000E+00  0.00000000E+00  2.02671611E-03  0.00000000E+00  0.00000000E+00  0.00000000E+00  0.00000000E+00  0.00000000E+00  1.27393098E-01  0.00000000E+00  0.00000000E+00 -9.03076753E-03
    0.021000      1   0.00000000E+00  0.00000000E+00  2.02554409E-03  0.00000000E+00  0.00000000E+00  0.00000000E+00  0.00000000E+00  0.00000000E+00  1.27383770E-01  0.00000000E+00  0.00000000E+00 -9.32838447E-03
    0.022000      1   0.00000000E+00  0.00000000E+00  2.04730811E-03  0.00000000E+00  0.00000000E+00  0.00000000E+00  0.00000000E+00  0.00000000E+00  1.27374151E-01  0.00000000E+00  0.00000000E+00 -9.61842502E-03
    0.023000      1   0.00000000E+00  0.00000000E+00  2.06609347E-03  0.00000000E+00  0.00000000E+00  0.00000000E+00  0.00000000E+00  0.00000000E+00  1.27364246E-01  0.00000000E+00  0.00000000E+00 -9.90500176E-03
    0.024000      1   0.00000000E+00  0.00000000E+00  2.07914209E-03  0.00000000E+00  0.00000000E+00  0.00000000E+00  0.00000000E+00  0.00000000E+00  1.27354065E-01  0.00000000E+00  0.00000000E+00 -1.01811089E-02
    0.025000      1   0.00000000E+00  0.00000000E+00  2.08539895E-03  0.00000000E+00  0.00000000E+00  0.00000000E+00  0.00000000E+00  0.00000000E+00  1.27343616E-01  0.00000000E+00  0.00000000E+00 -1.04487391E-02
    0.026000      1   0.00000000E+00  0.00000000E+00  2.10308513E-03  0.00000000E+00  0.00000000E+00  0.00000000E+00  0.00000000E+00  0.00000000E+00  1.27332905E-01  0.00000000E+00  0.00000000E+00 -1.07109775E-02
    0.027000      1   0.00000000E+00  0.00000000E+00  2.10568235E-03  0.00000000E+00  0.00000000E+00  0.00000000E+00  0.00000000E+00  0.00000000E+00  1.27321937E-01  0.00000000E+00  0.00000000E+00 -1.09680335E-02
    0.028000      1   0.00000000E+00  0.00000000E+00  2.13280401E-03  0.00000000E+00  0.00000000E+00  0.00000000E+00  0.00000000E+00  0.00000000E+00  1.27310718E-01  0.00000000E+00  0.00000000E+00 -1.12188218E-02
    0.029000      1   0.00000000E+00  0.00000000E+00  2.13480324E-03  0.00000000E+00  0.00000000E+00  0.00000000E+00  0.00000000E+00  0.00000000E+00  1.27299254E-01  0.00000000E+00  0.00000000E+00 -1.14639609E-02
    0.030000      1   0.00000000E+00  0.00000000E+00  2.15326856E-03  0.00000000E+00  0.00000000E+00  0.00000000E+00  0.00000000E+00  0.00000000E+00  1.27287555E-01  0.00000000E+00  0.00000000E+00 -1.16998393E-02
    0.031000      1   0.00000000E+00  0.00000000E+00  2.14500109E-03  0.00000000E+00  0.00000000E+00  0.00000000E+00  0.00000000E+00  0.00000000E+00  1.27275623E-01  0.00000000E+00  0.00000000E+00 -1.19317958E-02
    0.032000      1   0.00000000E+00  0.00000000E+00  2.18067880E-03  0.00000000E+00  0.00000000E+00  0.00000000E+00  0.00000000E+00  0.00000000E+00  1.27263464E-01  0.00000000E+00  0.00000000E+00 -1.21591500E-02
    0.033000      1   0.00000000E+00  0.00000000E+00  2.17771410E-03  0.00000000E+00  0.00000000E+00  0.00000000E+00  0.00000000E+00  0.00000000E+00  1.27251081E-01  0.00000000E+00  0.00000000E+00 -1.23829102E-02
    0.034000      1   0.00000000E+00  0.00000000E+00  2.18304746E-03  0.00000000E+00  0.00000000E+00  0.00000000E+00  0.00000000E+00  0.00000000E+00  1.27238485E-01  0.00000000E+00  0.00000000E+00 -1.25954775E-02
    0.035000      1   0.00000000E+00  0.00000000E+00  2.19561044E-03  0.00000000E+00  0.00000000E+00  0.00000000E+00  0.00000000E+00  0.00000000E+00  1.27225677E-01  0.00000000E+00  0.00000000E+00 -1.28080754E-02
    0.036000      1   0.00000000E+00  0.00000000E+00  2.20369805E-03  0.00000000E+00  0.00000000E+00  0.00000000E+00  0.00000000E+00  0.00000000E+00  1.27212661E-01  0.00000000E+00  0.00000000E+00 -1.30167000E-02
    0.037000      1   0.00000000E+00  0.00000000E+00  2.21098652E-03  0.00000000E+00  0.00000000E+00  0.00000000E+00  0.00000000E+00  0.00000000E+00  1.27199441E-01  0.00000000E+00  0.00000000E+00 -1.32197686E-02
    0.038000      1   0.00000000E+00  0.00000000E+00  2.21507520E-03  0.00000000E+00  0.00000000E+00  0.00000000E+00  0.00000000E+00  0.00000000E+00  1.27186022E-01  0.00000000E+00  0.00000000E+00 -1.34188922E-02
    0.039000      1   0.00000000E+00  0.00000000E+00  2.21918245E-03  0.00000000E+00  0.00000000E+00  0.00000000E+00  0.00000000E+00  0.00000000E+00  1.27172407E-01  0.00000000E+00  0.00000000E+00 -1.36148992E-02
    0.040000      1   0.00000000E+00  0.00000000E+00  2.21283778E-03  0.00000000E+00  0.00000000E+00  0.00000000E+00  0.00000000E+00  0.00000000E+00  1.27158598E-01  0.00000000E+00  0.00000000E+00 -1.38088370E-02
    0.041000      1   0.00000000E+00  0.00000000E+00  2.24868456E-03  0.00000000E+00  0.00000000E+00  0.00000000E+00  0.00000000E+00  0.00000000E+00  1.27144596E-01  0.00000000E+00  0.00000000E+00 -1.40025479E-02
    0.042000      1   0.00000000E+00  0.00000000E+00  2.22800071E-03  0.00000000E+00  0.00000000E+00  0.00000000E+00  0.00000000E+00  0.00000000E+00  1.27130404E-01  0.00000000E+00  0.00000000E+00 -1.41920034E-02
    0.043000      1   0.00000000E+00  0.00000000E+00  2.24480795E-03  0.00000000E+00  0.00000000E+00  0.00000000E+00  0.00000000E+00  0.00000000E+00  1.27116030E-01  0.00000000E+00  0.00000000E+00 -1.43733440E-02
    0.044000      1   0.00000000E+00  0.00000000E+00  2.23778438E-03  0.00000000E+00  0.00000000E+00  0.00000000E+00  0.00000000E+00  0.00000000E+00  1.27101472E-01  0.00000000E+00  0.00000000E+00 -1.45585054E-02
    0.045000      1   0.00000000E+00  0.00000000E+00  2.25980679E-03  0.00000000E+00  0.00000000E+00  0.00000000E+00  0.00000000E+00  0.00000000E+00  1.27086732E-01  0.00000000E+00  0.00000000E+00 -1.47393890E-02
    0.046000      1   0.00000000E+00  0.00000000E+00  2.26753214E-03  0.00000000E+00  0.00000000E+00  0.00000000E+00  0.00000000E+00  0.00000000E+00  1.27071814E-01  0.00000000E+00  0.00000000E+00 -1.49186848E-02
    0.047000      1   0.00000000E+00  0.00000000E+00  2.26864880E-03  0.00000000E+00  0.00000000E+00  0.00000000E+00  0.00000000E+00  0.00000000E+00  1.27056724E-01  0.00000000E+00  0.00000000E+00 -1.50893820E-02
    0.048000      1   0.00000000E+00  0.00000000E+00  2.26169533E-03  0.00000000E+00  0.00000000E+00  0.00000000E+00  0.00000000E+00  0.00000000E+00  1.27041467E-01  0.00000000E+00  0.00000000E+00 -1.52573446E-02
    0.049000      1   0.00000000E+00  0.00000000E+00  2.29601048E-03  0.00000000E+00  0.00000000E+00  0.00000000E+00  0.00000000E+00  0.00000000E+00  1.27026041E-01  0.00000000E+00  0.00000000E+00 -1.54261702E-02
    0.050000      1   0.00000000E+00  0.00000000E+00  2.28858818E-03  0.00000000E+00  0.00000000E+00  0.00000000E+00  0.00000000E+00  0.00000000E+00  1.27010450E-01  0.00000000E+00  0.00000000E+00 -1.55912111E-02
    0.051000      1   0.00000000E+00  0.00000000E+00  2.28231248E-03  0.00000000E+00  0.00000000E+00  0.00000000E+00  0.00000000E+00  0.00000000E+00  1.26994703E-01  0.00000000E+00  0.00000000E+00 -1.57462949E-02
    0.052000      1   0.00000000E+00  0.00000000E+00  2.30892708E-03  0.00000000E+00  0.00000000E+00  0.00000000E+00  0.00000000E+00  0.00000000E+00  1.26978798E-01  0.00000000E+00  0.00000000E+00 -1.59049261E-02
    0.053000      1   0.00000000E+00  0.00000000E+00  2.31039867E-03  0.00000000E+00  0.00000000E+00  0.00000000E+00  0.00000000E+00  0.00000000E+00  1.26962737E-01  0.00000000E+00  0.00000000E+00 -1.60609119E-02
    0.054000      1   0.00000000E+00  0.00000000E+00  2.30924364E-03  0.00000000E+00  0.00000000E+00  0.00000000E+00  0.00000000E+00  0.00000000E+00  1.26946529E-01  0.00000000E+00  0.00000000E+00 -1.62078968E-02
    0.055000      1   0.00000000E+00  0.00000000E+00  2.31302636E-03  0.00000000E+00  0.00000000E+00  0.00000000E+00  0.00000000E+00  0.00000000E+00  1.26930175E-01  0.00000000E+00  0.00000000E+00 -1.63546026E-02
    0.056000      1   0.00000000E+00  0.00000000E+00  2.31234524E-03  0.00000000E+00  0.00000000E+00  0.00000000E+00  0.00000000E+00  0.00000000E+00  1.26913674E-01  0.00000000E+00  0.00000000E+00 -1.65010189E-02
    0.057000      1   0.00000000E+00  0.00000000E+00  2.32978332E-03  0.00000000E+00  0.00000000E+00  0.00000000E+00  0.00000000E+00  0.00000000E+00  1.26897028E-01  0.00000000E+00  0.00000000E+00 -1.66463133E-02
    0.058000      1   0.00000000E+00  0.00000000E+00  2.29923616E-03  0.00000000E+00  0.00000000E+00  0.00000000E+00  0.00000000E+00  0.00000000E+00  1.26880239E-01  0.00000000E+00  0.00000000E+00 -1.67887477E-02
    0.059000      1   0.00000000E+00  0.00000000E+00  2.33994214E-03  0.00000000E+00  0.00000000E+00  0.00000000E+00  0.00000000E+00  0.00000000E+00  1.26863308E-01  0.00000000E+00  0.00000000E+00 -1.69308570E-02
    0.060000      1   0.00000000E+00  0.00000000E+00  2.32153126E-03  0.00000000E+00  0.00000000E+00  0.00000000E+00  0.00000000E+00  0.00000000E+00  1.26846232E-01  0.00000000E+00  0.00000000E+00 -1.70758002E-02
    0.061000      1   0.00000000E+00  0.00000000E+00  2.33598269E-03  0.00000000E+00  0.00000000E+00  0.00000000E+00  0.00000000E+00  0.00000000E+00  1.26829022E-01  0.00000000E+00  0.00000000E+00 -1.72106306E-02
    0.062000      1   0.00000000E+00  0.00000000E+00  2.31546965E-03  0.00000000E+00  0.00000000E+00  0.00000000E+00  0.00000000E+00  0.00000000E+00  1.26811673E-01  0.00000000E+00  0.00000000E+00 -1.73489518E-02
    0.063000      1   0.00000000E+00  0.00000000E+00  2.35455085E-03  0.00000000E+00  0.00000000E+00  0.00000000E+00  0.00000000E+00  0.00000000E+00  1.26794186E-01  0.00000000E+00  0.00000000E+00 -1.74861545E-02
    0.064000      1   0.00000000E+00  0.00000000E+00  2.34090599E-03  0.00000000E+00  0.00000000E+00  0.00000000E+00  0.00000000E+00  0.00000000E+00  1.26776563E-01  0.00000000E+00  0.00000000E+00 -1.76231829E-02
    0.065000      1   0.00000000E+00  0.00000000E+00  2.33906861E-03  0.00000000E+00  0.00000000E+00  0.00000000E+00  0.00000000E+00  0.00000000E+00  1.26758813E-01  0.00000000E+00  0.00000000E+00 -1.77497894E-02
    0.066000      1   0.00000000E+00  0.00000000E+00  2.35846966E-03  0.00000000E+00  0.00000000E+00  0.00000000E+00  0.00000000E+00  0.00000000E+00  1.26740932E-01  0.00000000E+00  0.00000000E+00 -1.78812020E-02
    0.067000      1   0.00000000E+00  0.00000000E+00  2.36204401E-03  0.00000000E+00  0.00000000E+00  0.00000000E+00  0.00000000E+00  0.00000000E+00  1.26722922E-01  0.00000000E+00  0.00000000E+00 -1.80097871E-02
    0.068000      1   0.00000000E+00  0.00000000E+00  2.36720769E-03  0.00000000E+00  0.00000000E+00  0.00000000E+00  0.00000000E+00  0.00000000E+00  1.26704791E-01  0.00000000E+00  0.00000000E+00 -1.81313686E-02
    0.069000      1   0.00000000E+00  0.00000000E+00  2.36052339E-03  0.00000000E+00  0.00000000E+00  0.00000000E+00  0.00000000E+00  0.00000000E+00  1.26686540E-01  0.00000000E+00  0.00000000E+00 -1.82508631E-02
    0.070000      1   0.00000000E+00  0.00000000E+00  2.38261374E-03  0.00000000E+00  0.00000000E+00  0.00000000E+00  0.00000000E+00  0.00000000E+00  1.26668170E-01  0.00000000E+00  0.00000000E+00 -1.83698438E-02
    0.071000      1   0.00000000E+00  0.00000000E+00  2.36945955E-03  0.00000000E+00  0.00000000E+00  0.00000000E+00  0.00000000E+00  0.00000000E+00  1.26649683E-01  0.00000000E+00  0.00000000E+00 -1.84871132E-02
    0.072000      1   0.00000000E+00  0.00000000E+00  2.38107296E-03  0.00000000E+00  0.00000000E+00  0.00000000E+00  0.00000000E+00  0.00000000E+00  1.26631084E-01  0.00000000E+00  0.00000000E+00 -1.85994541E-02
    0.073000      1   0.00000000E+00  0.00000000E+00  2.35970454E-03  0.00000000E+00  0.00000000E+00  0.00000000E+00  0.00000000E+00  0.00000000E+00  1.26612370E-01  0.00000000E+00  0.00000000E+00 -1.87140612E-02
    0.074000      1   0.00000000E+00  0.00000000E+00  2.37580029E-03  0.00000000E+00  0.00000000E+00  0.00000000E+00  0.00000000E+00  0.00000000E+00  1.26593541E-01  0.00000000E+00  0.00000000E+00 -1.88286332E-02
    0.075000      1   0.00000000E+00  0.00000000E+00  2.37736837E-03  0.00000000E+00  0.00000000E+00  0.00000000E+00  0.00000000E+00  0.00000000E+00  1.26574594E-01  0.00000000E+00  0.00000000E+00 -1.89473764E-02
    0.076000      1   0.00000000E+00  0.00000000E+00  2.37276961E-03  0.00000000E+00  0.00000000E+00  0.00000000E+00  0.00000000E+00  0.00000000E+00  1.26555533E-01  0.00000000E+00  0.00000000E+00 -1.90605563E-02
    0.077000      1   0.00000000E+00  0.00000000E+00  2.37410295E-03  0.00000000E+00  0.00000000E+00  0.00000000E+00  0.00000000E+00  0.00000000E+00  1.26536359E-01  0.00000000E+00  0.00000000E+00 -1.91740345E-02
    0.078000      1   0.00000000E+00  0.00000000E+00  2.39198492E-03  0.00000000E+00  0.00000000E+00  0.00000000E+00  0.00000000E+00  0.00000000E+00  1.26517070E-01  0.00000000E+00  0.00000000E+00 -1.92887871E-02
    0.079000      1   0.00000000E+00  0.00000000E+00  2.39019903E-03  0.00000000E+00  0.00000000E+00  0.00000000E+00  0.00000000E+00  0.00000000E+00  1.26497670E-01  0.00000000E+00  0.00000000E+00 -1.93999397E-02
    0.080000      1   0.00000000E+00  0.00000000E+00  2.38413085E-03  0.00000000E+00  0.00000000E+00  0.00000000E+00  0.00000000E+00  0.00000000E+00  1.26478165E-01  0.00000000E+00  0.00000000E+00 -1.95055354E-02
    0.081000      1   0.00000000E+00  0.00000000E+00  2.40308186E-03  0.00000000E+00  0.00000000E+00  0.00000000E+00  0.00000000E+00  0.00000000E+00  1.26458552E-01  0.00000000E+00  0.00000000E+00 -1.96127906E-02
    0.082000      1   0.00000000E+00  0.00000000E+00  2.39627613E-03  0.00000000E+00  0.00000000E+00  0.00000000E+00  0.00000000E+00  0.00000000E+00  1.26438833E-01  0.00000000E+00  0.00000000E+00 -1.97186875E-02
    0.083000      1   0.00000000E+00  0.00000000E+00  2.41421988E-03  0.00000000E+00  0.00000000E+00  0.00000000E+00  0.00000000E+00  0.00000000E+00  1.26419014E-01  0.00000000E+00  0.00000000E+00 -1.98195641E-02
    0.084000      1   0.00000000E+00  0.00000000E+00  2.40554960E-03  0.00000000E+00  0.00000000E+00  0.00000000E+00  0.00000000E+00  0.00000000E+00  1.26399094E-01  0.00000000E+00  0.00000000E+00 -1.99195026E-02
    0.085000      1   0.00000000E+00  0.00000000E+00  2.40898378E-03  0.00000000E+00  0.00000000E+00  0.00000000E+00  0.00000000E+00  0.00000000E+00  1.26379079E-01  0.00000000E+00  0.00000000E+00 -2.00150814E-02
    0.086000      1   0.00000000E+00  0.00000000E+00  2.41182246E-03  0.00000000E+00  0.00000000E+00  0.00000000E+00  0.00000000E+00  0.00000000E+00  1.26358966E-01  0.00000000E+00  0.00000000E+00 -2.01129004E-02
    0.087000      1   0.00000000E+00  0.00000000E+00  2.41002257E-03  0.00000000E+00  0.00000000E+00  0.00000000E+00  0.00000000E+00  0.00000000E+00  1.26338757E-01  0.00000000E+00  0.00000000E+00 -2.02090895E-02
    0.088000      1   0.00000000E+00  0.00000000E+00  2.39761889E-03  0.00000000E+00  0.00000000E+00  0.00000000E+00  0.00000000E+00  0.00000000E+00  1.26318453E-01  0.00000000E+00  0.00000000E+00 -2.03046646E-02
    0.089000      1   0.00000000E+00  0.00000000E+00  2.41331541E-03  0.00000000E+00  0.00000000E+00  0.00000000E+00  0.00000000E+00  0.00000000E+00  1.26298050E-01  0.00000000E+00  0.00000000E+00 -2.04030243E-02
    0.090000      1   0.00000000E+00  0.00000000E+00  2.41761118E-03  0.00000000E+00  0.00000000E+00  0.00000000E+00  0.00000000E+00  0.00000000E+00  1.26277547E-01  0.00000000E+00  0.00000000E+00 -2.05026818E-02
    0.091000      1   0.00000000E+00  0.00000000E+00  2.40247343E-03  0.00000000E+00  0.00000000E+00  0.00000000E+00  0.00000000E+00  0.00000000E+00  1.26256950E-01  0.00000000E+00  0.00000000E+00 -2.05964247E-02
    0.092000      1   0.00000000E+00  0.00000000E+00  2.41833588E-03  0.00000000E+00  0.00000000E+00  0.00000000E+00  0.00000000E+00  0.00000000E+00  1.26236259E-01  0.00000000E+00  0.00000000E+00 -2.06914337E-02
    0.093000      1   0.00000000E+00  0.00000000E+00  2.41486817E-03  0.00000000E+00  0.00000000E+00  0.00000000E+00  0.00000000E+00  0.00000000E+00  1.26215470E-01  0.00000000E+00  0.00000000E+00 -2.07886091E-02
    0.094000      1   0.00000000E+00  0.00000000E+00  2.42767268E-03  0.00000000E+00  0.00000000E+00  0.00000000E+00  0.00000000E+00  0.00000000E+00  1.26194589E-01  0.00000000E+00  0.00000000E+00 -2.08811883E-02
    0.095000      1   0.00000000E+00  0.00000000E+00  2.42727947E-03  0.00000000E+00  0.00000000E+00  0.00000000E+00  0.00000000E+00  0.00000000E+00  1.26173617E-01  0.00000000E+00  0.00000000E+00 -2.09726419E-02
    0.096000      1   0.00000000E+00  0.00000000E+00  2.42978510E-03  0.00000000E+00  0.00000000E+00  0.00000000E+00  0.00000000E+00  0.00000000E+00  1.26152557E-01  0.00000000E+00  0.00000000E+00 -2.10599599E-02
    0.097000      1   0.00000000E+00  0.00000000E+00  2.44114220E-03  0.00000000E+00  0.00000000E+00  0.00000000E+00  0.00000000E+00  0.00000000E+00  1.26131410E-01  0.00000000E+00  0.00000000E+00 -2.11469640E-02
    0.098000      1   0.00000000E+00  0.00000000E+00  2.44390328E-03  0.00000000E+00  0.00000000E+00  0.00000000E+00  0.00000000E+00  0.00000000E+00  1.26110179E-01  0.00000000E+00  0.00000000E+00 -2.12311368E-02
    0.099000      1   0.00000000E+00  0.00000000E+00  2.43564176E-03  0.00000000E+00  0.00000000E+00  0.00000000E+00  0.00000000E+00  0.00000000E+00  1.26088867E-01  0.00000000E+00  0.00000000E+00 -2.13110914E-02
    0.100000      1   0.00000000E+00  0.00000000E+00  2.43960815E-03  0.00000000E+00  0.00000000E+00  0.00000000E+00  0.00000000E+00  0.00000000E+00  1.26067476E-01  0.00000000E+00  0.00000000E+00 -2.13916003E-02
    0.101000      1   0.00000000E+00  0.00000000E+00  2.41001560E-03  0.00000000E+00  0.00000000E+00  0.00000000E+00  0.00000000E+00  0.00000000E+00  1.26046002E-01  0.00000000E+00  0.00000000E+00 -2.14741209E-02
    0.102000      1   0.00000000E+00  0.00000000E+00  2.45378484E-03  0.00000000E+00  0.00000000E+00  0.00000000E+00  0.00000000E+00  0.00000000E+00  1.26024441E-01  0.00000000E+00  0.00000000E+00 -2.15605721E-02
    0.103000      1   0.00000000E+00  0.00000000E+00  2.42002264E-03  0.00000000E+00  0.00000000E+00  0.00000000E+00  0.00000000E+00  0.00000000E+00  1.26002792E-01  0.00000000E+00  0.00000000E+00 -2.16490018E-02
    0.104000      1   0.00000000E+00  0.00000000E+00  2.43666125E-03  0.00000000E+00  0.00000000E+00  0.00000000E+00  0.00000000E+00  0.00000000E+00  1.25981063E-01  0.00000000E+00  0.00000000E+00 -2.17290274E-02
    0.105000      1   0.00000000E+00  0.00000000E+00  2.43745467E-03  0.00000000E+00  0.00000000E+00  0.00000000E+00  0.00000000E+00  0.00000000E+00  1.25959246E-01  0.00000000E+00  0.00000000E+00 -2.18171988E-02
    0.106000      1   0.00000000E+00  0.00000000E+00  2.44801300E-03  0.00000000E+00  0.00000000E+00  0.00000000E+00  0.00000000E+00  0.00000000E+00  1.25937346E-01  0.00000000E+00  0.00000000E+00 -2.18997654E-02
    0.107000      1   0.00000000E+00  0.00000000E+00  2.44161001E-03  0.00000000E+00  0.00000000E+00  0.00000000E+00  0.00000000E+00  0.00000000E+00  1.25915366E-01  0.00000000E+00  0.00000000E+00 -2.19802044E-02
    0.108000      1   0.00000000E+00  0.00000000E+00  2.45434761E-03  0.00000000E+00  0.00000000E+00  0.00000000E+00  0.00000000E+00  0.00000000E+00  1.25893308E-01  0.00000000E+00  0.00000000E+00 -2.20583081E-02
    0.109000      1   0.00000000E+00  0.00000000E+00  2.44690117E-03  0.00000000E+00  0.00000000E+00  0.00000000E+00  0.00000000E+00  0.00000000E+00  1.25871171E-01  0.00000000E+00  0.00000000E+00 -2.21362622E-02
    0.110000      1   0.00000000E+00  0.00000000E+00  2.46237869E-03  0.00000000E+00  0.00000000E+00  0.00000000E+00  0.00000000E+00  0.00000000E+00  1.25848960E-01  0.00000000E+00  0.00000000E+00 -2.22113499E-02
    0.111000      1   0.00000000E+00  0.00000000E+00  2.46074176E-03  0.00000000E+00  0.00000000E+00  0.00000000E+00  0.00000000E+00  0.00000000E+00  1.25826674E-01  0.00000000E+00  0.00000000E+00 -2.22861460E-02
    0.112000      1   0.00000000E+00  0.00000000E+00  2.45565164E-03  0.00000000E+00  0.00000000E+00  0.00000000E+00  0.00000000E+00  0.00000000E+00  1.25804318E-01  0.00000000E+00  0.00000000E+00 -2.23561486E-02
    0.113000      1   0.00000000E+00  0.00000000E+00  2.45166784E-03  0.00000000E+00  0.00000000E+00  0.00000000E+00  0.00000000E+00  0.00000000E+00  1.25781890E-01  0.00000000E+00  0.00000000E+00 -2.24275890E-02
    0.114000      1   0.00000000E+00  0.00000000E+00  2.44207296E-03  0.00000000E+00  0.00000000E+00  0.00000000E+00  0.00000000E+00  0.00000000E+00  1.25759389E-01  0.00000000E+00  0.00000000E+00 -2.25014054E-02
    0.115000      1   0.00000000E+00  0.00000000E+00  2.46182169E-03  0.00000000E+00  0.00000000E+00  0.00000000E+00  0.00000000E+00  0.00000000E+00  1.25736811E-01  0.00000000E+00  0.00000000E+00 -2.25782270E-02
    0.116000      1   0.00000000E+00  0.00000000E+00  2.45523680E-03  0.00000000E+00  0.00000000E+00  0.00000000E+00  0.00000000E+00  0.00000000E+00  1.25714156E-01  0.00000000E+00  0.00000000E+00 -2.26547073E-02
    0.117000      1   0.00000000E+00  0.00000000E+00  2.44670100E-03  0.00000000E+00  0.00000000E+00  0.00000000E+00  0.00000000E+00  0.00000000E+00  1.25691430E-01  0.00000000E+00  0.00000000E+00 -2.27258664E-02
    0.118000      1   0.00000000E+00  0.00000000E+00  2.45946329E-03  0.00000000E+00  0.00000000E+00  0.00000000E+00  0.00000000E+00  0.00000000E+00  1.25668629E-01  0.00000000E+00  0.00000000E+00 -2.28006974E-02
    0.119000      1   0.00000000E+00  0.00000000E+00  2.45364901E-03  0.00000000E+00  0.00000000E+00  0.00000000E+00  0.00000000E+00  0.00000000E+00  1.25645753E-01  0.00000000E+00  0.00000000E+00 -2.28760749E-02
    0.120000      1   0.00000000E+00  0.00000000E+00  2.48297536E-03  0.00000000E+00  0.00000000E+00  0.00000000E+00  0.00000000E+00  0.00000000E+00  1.25622805E-01  0.00000000E+00  0.00000000E+00 -2.29482892E-02
    0.121000      1   0.00000000E+00  0.00000000E+00  2.45480592E-03  0.00000000E+00  0.00000000E+00  0.00000000E+00  0.00000000E+00  0.00000000E+00  1.25599788E-01  0.00000000E+00  0.00000000E+00 -2.30172270E-02
    0.122000      1   0.00000000E+00  0.00000000E+00  2.49269663E-03  0.00000000E+00  0.00000000E+00  0.00000000E+00  0.00000000E+00  0.00000000E+00  1.25576706E-01  0.00000000E+00  0.00000000E+00 -2.30815150E-02
    0.123000      1   0.00000000E+00  0.00000000E+00  2.46632710E-03  0.00000000E+00  0.00000000E+00  0.00000000E+00  0.00000000E+00  0.00000000E+00  1.25553558E-01  0.00000000E+00  0.00000000E+00 -2.31483538E-02
    0.124000      1   0.00000000E+00  0.00000000E+00  2.48225979E-03  0.00000000E+00  0.00000000E+00  0.00000000E+00  0.00000000E+00  0.00000000E+00  1.25530350E-01  0.00000000E+00  0.00000000E+00 -2.32074118E-02
    0.125000      1   0.00000000E+00  0.00000000E+00  2.46918726E-03  0.00000000E+00  0.00000000E+00  0.00000000E+00  0.00000000E+00  0.00000000E+00  1.25507078E-01  0.00000000E+00  0.00000000E+00 -2.32723125E-02
    0.126000      1   0.00000000E+00  0.00000000E+00  2.45923133E-03  0.00000000E+00  0.00000000E+00  0.00000000E+00  0.00000000E+00  0.00000000E+00  1.25483744E-01  0.00000000E+00  0.00000000E+00 -2.33342923E-02
    0.127000      1   0.00000000E+00  0.00000000E+00  2.46308309E-03  0.00000000E+00  0.00000000E+00  0.00000000E+00  0.00000000E+00  0.00000000E+00  1.25460341E-01  0.00000000E+00  0.00000000E+00 -2.34023260E-02
    0.128000      1   0.00000000E+00  0.00000000E+00  2.46777385E-03  0.00000000E+00  0.00000000E+00  0.00000000E+00  0.00000000E+00  0.00000000E+00  1.25436869E-01  0.00000000E+00  0.00000000E+00 -2.34729482E-02
    0.129000      1   0.00000000E+00  0.00000000E+00  2.46766990E-03  0.00000000E+00  0.00000000E+00  0.00000000E+00  0.00000000E+00  0.00000000E+00  1.25413327E-01  0.00000000E+00  0.00000000E+00 -2.35414759E-02
    0.130000      1   0.00000000E+00  0.00000000E+00  2.48082858E-03  0.00000000E+00  0.00000000E+00  0.00000000E+00  0.00000000E+00  0.00000000E+00  1.25389719E-01  0.00000000E+00  0.00000000E+00 -2.36084815E-02
    0.131000      1   0.00000000E+00  0.00000000E+00  2.46322088E-03  0.00000000E+00  0.00000000E+00  0.00000000E+00  0.00000000E+00  0.00000000E+00  1.25366045E-01  0.00000000E+00  0.00000000E+00 -2.36731943E-02
    0.132000      1   0.00000000E+00  0.00000000E+00  2.49976398E-03  0.00000000E+00  0.00000000E+00  0.00000000E+00  0.00000000E+00  0.00000000E+00  1.25342309E-01  0.00000000E+00  0.00000000E+00 -2.37366992E-02
    0.133000      1   0.00000000E+00  0.00000000E+00  2.46236137E-03  0.00000000E+00  0.00000000E+00  0.00000000E+00  0.00000000E+00  0.00000000E+00  1.25318509E-01  0.00000000E+00  0.00000000E+00 -2.37995246E-02
    0.134000      1   0.00000000E+00  0.00000000E+00  2.50531250E-03  0.00000000E+00  0.00000000E+00  0.00000000E+00  0.00000000E+00  0.00000000E+00  1.25294652E-01  0.00000000E+00  0.00000000E+00 -2.38569629E-02
    0.135000      1   0.00000000E+00  0.00000000E+00  2.48239680E-03  0.00000000E+00  0.00000000E+00  0.00000000E+00  0.00000000E+00  0.00000000E+00  1.25270733E-01  0.00000000E+00  0.00000000E+00 -2.39190894E-02
    0.136000      1   0.00000000E+00  0.00000000E+00  2.48942456E-03  0.00000000E+00  0.00000000E+00  0.00000000E+00  0.00000000E+00  0.00000000E+00  1.25246762E-01  0.00000000E+00  0.00000000E+00 -2.39711624E-02
    0.137000      1   0.00000000E+00  0.00000000E+00  2.47375689E-03  0.00000000E+00  0.00000000E+00  0.00000000E+00  0.00000000E+00  0.00000000E+00  1.25222732E-01  0.00000000E+00  0.00000000E+00 -2.40295185E-02
    0.138000      1   0.00000000E+00  0.00000000E+00  2.47173281E-03  0.00000000E+00  0.00000000E+00  0.00000000E+00  0.00000000E+00  0.00000000E+00  1.25198644E-01  0.00000000E+00  0.00000000E+00 -2.40883373E-02
    0.139000      1   0.00000000E+00  0.00000000E+00  2.49105235E-03  0.00000000E+00  0.00000000E+00  0.00000000E+00  0.00000000E+00  0.00000000E+00  1.25174491E-01  0.00000000E+00  0.00000000E+00 -2.41526594E-02
    0.140000      1   0.00000000E+00  0.00000000E+00  2.47544246E-03  0.00000000E+00  0.00000000E+00  0.00000000E+00  0.00000000E+00  0.00000000E+00  1.25150277E-01  0.00000000E+00  0.00000000E+00 -2.42142299E-02
    0.141000      1   0.00000000E+00  0.00000000E+00  2.48007856E-03  0.00000000E+00  0.00000000E+00  0.00000000E+00  0.00000000E+00  0.00000000E+00  1.25126005E-01  0.00000000E+00  0.00000000E+00 -2.42722160E-02
    0.142000      1   0.00000000E+00  0.00000000E+00  2.48547294E-03  0.00000000E+00  0.00000000E+00  0.00000000E+00  0.00000000E+00  0.00000000E+00  1.25101670E-01  0.00000000E+00  0.00000000E+00 -2.43345088E-02
    0.143000      1   0.00000000E+00  0.00000000E+00  2.48613286E-03  0.00000000E+00  0.00000000E+00  0.00000000E+00  0.00000000E+00  0.00000000E+00  1.25077276E-01  0.00000000E+00  0.00000000E+00 -2.43943250E-02
    0.144000      1   0.00000000E+00  0.00000000E+00  2.50115998E-03  0.00000000E+00  0.00000000E+00  0.00000000E+00  0.00000000E+00  0.00000000E+00  1.25052824E-01  0.00000000E+00  0.00000000E+00 -2.44522530E-02
    0.145000      1   0.00000000E+00  0.00000000E+00  2.50416940E-03  0.00000000E+00  0.00000000E+00  0.00000000E+00  0.00000000E+00  0.00000000E+00  1.25028317E-01  0.00000000E+00  0.00000000E+00 -2.45073069E-02
    0.146000      1   0.00000000E+00  0.00000000E+00  2.48907080E-03  0.00000000E+00  0.00000000E+00  0.00000000E+00  0.00000000E+00  0.00000000E+00  1.25003760E-01  0.00000000E+00  0.00000000E+00 -2.45568934E-02
    0.147000      1   0.00000000E+00  0.00000000E+00  2.51131086E-03  0.00000000E+00  0.00000000E+00  0.00000000E+00  0.00000000E+00  0.00000000E+00  1.24979152E-01  0.00000000E+00  0.00000000E+00 -2.46081617E-02
    0.148000      1   0.00000000E+00  0.00000000E+00  2.49882164E-03  0.00000000E+00  0.00000000E+00  0.00000000E+00  0.00000000E+00  0.00000000E+00  1.24954491E-01  0.00000000E+00  0.00000000E+00 -2.46604556E-02
    0.149000      1   0.00000000E+00  0.00000000E+00  2.46871704E-03  0.00000000E+00  0.00000000E+00  0.00000000E+00  0.00000000E+00  0.00000000E+00  1.24929783E-01  0.00000000E+00  0.00000000E+00 -2.47076541E-02
    0.150000      1   0.00000000E+00  0.00000000E+00  2.49300772E-03  0.00000000E+00  0.00000000E+00  0.00000000E+00  0.00000000E+00  0.00000000E+00  1.24905019E-01  0.00000000E+00  0.00000000E+00 -2.47642780E-02
    0.151000      1   0.00000000E+00  0.00000000E+00  2.48679576E-03  0.00000000E+00  0.00000000E+00  0.00000000E+00  0.00000000E+00  0.00000000E+00  1.24880193E-01  0.00000000E+00  0.00000000E+00 -2.48264931E-02
    0.152000      1   0.00000000E+00  0.00000000E+00  2.49120817E-03  0.00000000E+00  0.00000000E+00  0.00000000E+00  0.00000000E+00  0.00000000E+00  1.24855311E-01  0.00000000E+00  0.00000000E+00 -2.48818293E-02
    0.153000      1   0.00000000E+00  0.00000000E+00  2.50129384E-03  0.00000000E+00  0.00000000E+00  0.00000000E+00  0.00000000E+00  0.00000000E+00  1.24830372E-01  0.00000000E+00  0.00000000E+00 -2.49384253E-02
    0.154000      1   0.00000000E+00  0.00000000E+00  2.48855553E-03  0.00000000E+00  0.00000000E+00  0.00000000E+00  0.00000000E+00  0.00000000E+00  1.24805381E-01  0.00000000E+00  0.00000000E+00 -2.49917887E-02
    0.155000      1   0.00000000E+00  0.00000000E+00  2.51395791E-03  0.00000000E+00  0.00000000E+00  0.00000000E+00  0.00000000E+00  0.00000000E+00  1.24780336E-01  0.00000000E+00  0.00000000E+00 -2.50440924E-02
    0.156000      1   0.00000000E+00  0.00000000E+00  2.49630234E-03  0.00000000E+00  0.00000000E+00  0.00000000E+00  0.00000000E+00  0.00000000E+00  1.24755240E-01  0.00000000E+00  0.00000000E+00 -2.50960875E-02
    0.157000      1   0.00000000E+00  0.00000000E+00  2.51628129E-03  0.00000000E+00  0.00000000E+00  0.00000000E+00  0.00000000E+00  0.00000000E+00  1.24730098E-01  0.00000000E+00  0.00000000E+00 -2.51428622E-02
    0.158000      1   0.00000000E+00  0.00000000E+00  2.50762727E-03  0.00000000E+00  0.00000000E+00  0.00000000E+00  0.00000000E+00  0.00000000E+00  1.24704906E-01  0.00000000E+00  0.00000000E+00 -2.51919022E-02
    0.159000      1   0.00000000E+00  0.00000000E+00  2.51328657E-03  0.00000000E+00  0.00000000E+00  0.00000000E+00  0.00000000E+00  0.00000000E+00  1.24679670E-01  0.00000000E+00  0.00000000E+00 -2.52359112E-02
    0.160000      1   0.00000000E+00  0.00000000E+00  2.47194336E-03  0.00000000E+00  0.00000000E+00  0.00000000E+00  0.00000000E+00  0.00000000E+00  1.24654388E-01  0.00000000E+00  0.00000000E+00 -2.52817616E-02
    0.161000      1   0.00000000E+00  0.00000000E+00  2.51063738E-03  0.00000000E+00  0.00000000E+00  0.00000000E+00  0.00000000E+00  0.00000000E+00  1.24629055E-01  0.00000000E+00  0.00000000E+00 -2.53330644E-02
    0.162000      1   0.00000000E+00  0.00000000E+00  2.49676111E-03  0.00000000E+00  0.00000000E+00  0.00000000E+00  0.00000000E+00  0.00000000E+00  1.24603664E-01  0.00000000E+00  0.00000000E+00 -2.53911023E-02
    0.163000      1   0.00000000E+00  0.00000000E+00  2.49879923E-03  0.00000000E+00  0.00000000E+00  0.00000000E+00  0.00000000E+00  0.00000000E+00  1.24578225E-01  0.00000000E+00  0.00000000E+00 -2.54388864E-02
    0.164000      1   0.00000000E+00  0.00000000E+00  2.50035923E-03  0.00000000E+00  0.00000000E+00  0.00000000E+00  0.00000000E+00  0.00000000E+00  1.24552734E-01  0.00000000E+00  0.00000000E+00 -2.54908673E-02
    0.165000      1   0.00000000E+00  0.00000000E+00  2.50106620E-03  0.00000000E+00  0.00000000E+00  0.00000000E+00  0.00000000E+00  0.00000000E+00  1.24527192E-01  0.00000000E+00  0.00000000E+00 -2.55419029E-02
    0.166000      1   0.00000000E+00  0.00000000E+00  2.52134318E-03  0.00000000E+00  0.00000000E+00  0.00000000E+00  0.00000000E+00  0.00000000E+00  1.24501600E-01  0.00000000E+00  0.00000000E+00 -2.55923012E-02
    0.167000      1   0.00000000E+00  0.00000000E+00  2.51426074E-03  0.00000000E+00  0.00000000E+00  0.00000000E+00  0.00000000E+00  0.00000000E+00  1.24475961E-01  0.00000000E+00  0.00000000E+00 -2.56388816E-02
    0.168000      1   0.00000000E+00  0.00000000E+00  2.52082118E-03  0.00000000E+00  0.00000000E+00  0.00000000E+00  0.00000000E+00  0.00000000E+00  1.24450281E-01  0.00000000E+00  0.00000000E+00 -2.56800551E-02
    0.169000      1   0.00000000E+00  0.00000000E+00  2.51846496E-03  0.00000000E+00  0.00000000E+00  0.00000000E+00  0.00000000E+00  0.00000000E+00  1.24424559E-01  0.00000000E+00  0.00000000E+00 -2.57223945E-02
    0.170000      1   0.00000000E+00  0.00000000E+00  2.51666674E-03  0.00000000E+00  0.00000000E+00  0.00000000E+00  0.00000000E+00  0.00000000E+00  1.24398796E-01  0.00000000E+00  0.00000000E+00 -2.57629960E-02
    0.171000      1   0.00000000E+00  0.00000000E+00  2.48797697E-03  0.00000000E+00  0.00000000E+00  0.00000000E+00  0.00000000E+00  0.00000000E+00  1.24372991E-01  0.00000000E+00  0.00000000E+00 -2.58046893E-02
    0.172000      1   0.00000000E+00  0.00000000E+00  2.50551586E-03  0.00000000E+00  0.00000000E+00  0.00000000E+00  0.00000000E+00  0.00000000E+00  1.24347139E-01  0.00000000E+00  0.00000000E+00 -2.58520467E-02
    0.173000      1   0.00000000E+00  0.00000000E+00  2.50743570E-03  0.00000000E+00  0.00000000E+00  0.00000000E+00  0.00000000E+00  0.00000000E+00  1.24321233E-01  0.00000000E+00  0.00000000E+00 -2.59057246E-02
    0.174000      1   0.00000000E+00  0.00000000E+00  2.50808154E-03  0.00000000E+00  0.00000000E+00  0.00000000E+00  0.00000000E+00  0.00000000E+00  1.24295280E-01  0.00000000E+00  0.00000000E+00 -2.59533030E-02
    0.175000      1   0.00000000E+00  0.00000000E+00  2.50971159E-03  0.00000000E+00  0.00000000E+00  0.00000000E+00  0.00000000E+00  0.00000000E+00  1.24269280E-01  0.00000000E+00  0.00000000E+00 -2.60001367E-02
    0.176000      1   0.00000000E+00  0.00000000E+00  2.51317403E-03  0.00000000E+00  0.00000000E+00  0.00000000E+00  0.00000000E+00  0.00000000E+00  1.24243233E-01  0.00000000E+00  0.00000000E+00 -2.60464700E-02
    0.177000      1   0.00000000E+00  0.00000000E+00  2.52362220E-03  0.00000000E+00  0.00000000E+00  0.00000000E+00  0.00000000E+00  0.00000000E+00  1.24217141E-01  0.00000000E+00  0.00000000E+00 -2.60916557E-02
    0.178000      1   0.00000000E+00  0.00000000E+00  2.52323948E-03  0.00000000E+00  0.00000000E+00  0.00000000E+00  0.00000000E+00  0.00000000E+00  1.24191008E-01  0.00000000E+00  0.00000000E+00 -2.61338567E-02
    0.179000      1   0.00000000E+00  0.00000000E+00  2.52474498E-03  0.00000000E+00  0.00000000E+00  0.00000000E+00  0.00000000E+00  0.00000000E+00  1.24164835E-01  0.00000000E+00  0.00000000E+00 -2.61726940E-02
    0.180000      1   0.00000000E+00  0.00000000E+00  2.51971749E-03  0.00000000E+00  0.00000000E+00  0.00000000E+00  0.00000000E+00  0.00000000E+00  1.24138624E-01  0.00000000E+00  0.00000000E+00 -2.62113907E-02
    0.181000      1   0.00000000E+00  0.00000000E+00  2.51641074E-03  0.00000000E+00  0.00000000E+00  0.00000000E+00  0.00000000E+00  0.00000000E+00  1.24112373E-01  0.00000000E+00  0.00000000E+00 -2.62504821E-02
    0.182000      1   0.00000000E+00  0.00000000E+00  2.49845938E-03  0.00000000E+00  0.00000000E+00  0.00000000E+00  0.00000000E+00  0.00000000E+00  1.24086081E-01  0.00000000E+00  0.00000000E+00 -2.62918093E-02
    0.183000      1   0.00000000E+00  0.00000000E+00  2.52753808E-03  0.00000000E+00  0.00000000E+00  0.00000000E+00  0.00000000E+00  0.00000000E+00  1.24059744E-01  0.00000000E+00  0.00000000E+00 -2.63373971E-02
    0.184000      1   0.00000000E+00  0.00000000E+00  2.50534246E-03  0.00000000E+00  0.00000000E+00  0.00000000E+00  0.00000000E+00  0.00000000E+00  1.24033360E-01  0.00000000E+00  0.00000000E+00 -2.63837380E-02
    0.185000      1   0.00000000E+00  0.00000000E+00  2.51619391E-03  0.00000000E+00  0.00000000E+00  0.00000000E+00  0.00000000E+00  0.00000000E+00  1.24006936E-01  0.00000000E+00  0.00000000E+00 -2.64244542E-02
    0.186000      1   0.00000000E+00  0.00000000E+00  2.51038998E-03  0.00000000E+00  0.00000000E+00  0.00000000E+00  0.00000000E+00  0.00000000E+00  1.23980465E-01  0.00000000E+00  0.00000000E+00 -2.64705408E-02
    0.187000      1   0.00000000E+00  0.00000000E+00  2.53687107E-03  0.00000000E+00  0.00000000E+00  0.00000000E+00  0.00000000E+00  0.00000000E+00  1.23953951E-01  0.00000000E+00  0.00000000E+00 -2.65140899E-02
    0.188000      1   0.00000000E+00  0.00000000E+00  2.52391061E-03  0.00000000E+00  0.00000000E+00  0.00000000E+00  0.00000000E+00  0.00000000E+00  1.23927396E-01  0.00000000E+00  0.00000000E+00 -2.65548623E-02
    0.189000      1   0.00000000E+00  0.00000000E+00  2.53257189E-03  0.00000000E+00  0.00000000E+00  0.00000000E+00  0.00000000E+00  0.00000000E+00  1.23900807E-01  0.00000000E+00  0.00000000E+00 -2.65892297E-02
    0.190000      1   0.00000000E+00  0.00000000E+00  2.53004866E-03  0.00000000E+00  0.00000000E+00  0.00000000E+00  0.00000000E+00  0.00000000E+00  1.23874181E-01  0.00000000E+00  0.00000000E+00 -2.66263220E-02
    0.191000      1   0.00000000E+00  0.00000000E+00  2.53650659E-03  0.00000000E+00  0.00000000E+00  0.00000000E+00  0.00000000E+00  0.00000000E+00  1.23847520E-01  0.00000000E+00  0.00000000E+00 -2.66610159E-02
    0.192000      1   0.00000000E+00  0.00000000E+00  2.49747843E-03  0.00000000E+00  0.00000000E+00  0.00000000E+00  0.00000000E+00  0.00000000E+00  1.23820824E-01  0.00000000E+00  0.00000000E+00 -2.66953965E-02
    0.193000      1   0.00000000E+00  0.00000000E+00  2.52081677E-03  0.00000000E+00  0.00000000E+00  0.00000000E+00  0.00000000E+00  0.00000000E+00  1.23794090E-01  0.00000000E+00  0.00000000E+00 -2.67345579E-02
    0.194000      1   0.00000000E+00  0.00000000E+00  2.51452599E-03  0.00000000E+00  0.00000000E+00  0.00000000E+00  0.00000000E+00  0.00000000E+00  1.23767307E-01  0.00000000E+00  0.00000000E+00 -2.67824097E-02
    0.195000      1   0.00000000E+00  0.00000000E+00  2.52419622E-03  0.00000000E+00  0.00000000E+00  0.00000000E+00  0.00000000E+00  0.00000000E+00  1.23740484E-01  0.00000000E+00  0.00000000E+00 -2.68237092E-02
    0.196000      1   0.00000000E+00  0.00000000E+00  2.52274036E-03  0.00000000E+00  0.00000000E+00  0.00000000E+00  0.00000000E+00  0.00000000E+00  1.23713618E-01  0.00000000E+00  0.00000000E+00 -2.68653646E-02
    0.197000      1   0.00000000E+00  0.00000000E+00  2.52467550E-03  0.00000000E+00  0.00000000E+00  0.00000000E+00  0.00000000E+00  0.00000000E+00  1.23686714E-01  0.00000000E+00  0.00000000E+00 -2.69041017E-02
    0.198000      1   0.00000000E+00  0.00000000E+00  2.53238528E-03  0.00000000E+00  0.00000000E+00  0.00000000E+00  0.00000000E+00  0.00000000E+00  1.23659771E-01  0.00000000E+00  0.00000000E+00 -2.69429746E-02
    0.199000      1   0.00000000E+00  0.00000000E+00  2.53912369E-03  0.00000000E+00  0.00000000E+00  0.00000000E+00  0.00000000E+00  0.00000000E+00  1.23632791E-01  0.00000000E+00  0.00000000E+00 -2.69798486E-02
    0.200000      1   0.00000000E+00  0.00000000E+00  2.53823110E-03  0.00000000E+00  0.00000000E+00  0.00000000E+00  0.00000000E+00  0.00000000E+00  1.23605778E-01  0.00000000E+00  0.00000000E+00 -2.70129991E-02
    0.201000      1   0.00000000E+00  0.00000000E+00  2.53120927E-03  0.00000000E+00  0.00000000E+00  0.00000000E+00  0.00000000E+00  0.00000000E+00  1.23578734E-01  0.00000000E+00  0.00000000E+00 -2.70440943E-02
    0.202000      1   0.00000000E+00  0.00000000E+00  2.51941334E-03  0.00000000E+00  0.00000000E+00  0.00000000E+00  0.00000000E+00  0.00000000E+00  1.23551657E-01  0.00000000E+00  0.00000000E+00 -2.70767245E-02
    0.203000      1   0.00000000E+00  0.00000000E+00  2.51693421E-03  0.00000000E+00  0.00000000E+00  0.00000000E+00  0.00000000E+00  0.00000000E+00  1.23524544E-01  0.00000000E+00  0.00000000E+00 -2.71137467E-02
    0.204000      1   0.00000000E+00  0.00000000E+00  2.53807436E-03  0.00000000E+00  0.00000000E+00  0.00000000E+00  0.00000000E+00  0.00000000E+00  1.23497389E-01  0.00000000E+00  0.00000000E+00 -2.71550812E-02
    0.205000      1   0.00000000E+00  0.00000000E+00  2.51098077E-03  0.00000000E+00  0.00000000E+00  0.00000000E+00  0.00000000E+00  0.00000000E+00  1.23470195E-01  0.00000000E+00  0.00000000E+00 -2.71934916E-02
    0.206000      1   0.00000000E+00  0.00000000E+00  2.53042661E-03  0.00000000E+00  0.00000000E+00  0.00000000E+00  0.00000000E+00  0.00000000E+00  1.23442965E-01  0.00000000E+00  0.00000000E+00 -2.72297504E-02
    0.207000      1   0.00000000E+00  0.00000000E+00  2.52300060E-03  0.00000000E+00  0.00000000E+00  0.00000000E+00  0.00000000E+00  0.00000000E+00  1.23415694E-01  0.00000000E+00  0.00000000E+00 -2.72714683E-02
    0.208000      1   0.00000000E+00  0.00000000E+00  2.54208622E-03  0.00000000E+00  0.00000000E+00  0.00000000E+00  0.00000000E+00  0.00000000E+00  1.23388386E-01  0.00000000E+00  0.00000000E+00 -2.73081132E-02
    0.209000      1   0.00000000E+00  0.00000000E+00  2.54753898E-03  0.00000000E+00  0.00000000E+00  0.00000000E+00  0.00000000E+00  0.00000000E+00  1.23361042E-01  0.00000000E+00  0.00000000E+00 -2.73438218E-02
    0.210000      1   0.00000000E+00  0.00000000E+00  2.53293084E-03  0.00000000E+00  0.00000000E+00  0.00000000E+00  0.00000000E+00  0.00000000E+00  1.23333670E-01  0.00000000E+00  0.00000000E+00 -2.73722981E-02
    0.211000      1   0.00000000E+00  0.00000000E+00  2.54790969E-03  0.00000000E+00  0.00000000E+00  0.00000000E+00  0.00000000E+00  0.00000000E+00  1.23306268E-01  0.00000000E+00  0.00000000E+00 -2.74015670E-02
    0.212000      1   0.00000000E+00  0.00000000E+00  2.52475380E-03  0.00000000E+00  0.00000000E+00  0.00000000E+00  0.00000000E+00  0.00000000E+00  1.23278835E-01  0.00000000E+00  0.00000000E+00 -2.74329845E-02
    0.213000      1   0.00000000E+00  0.00000000E+00  2.52331213E-03  0.00000000E+00  0.00000000E+00  0.00000000E+00  0.00000000E+00  0.00000000E+00  1.23251372E-01  0.00000000E+00  0.00000000E+00 -2.74635776E-02
    0.214000      1   0.00000000E+00  0.00000000E+00  2.51836428E-03  0.00000000E+00  0.00000000E+00  0.00000000E+00  0.00000000E+00  0.00000000E+00  1.23223869E-01  0.00000000E+00  0.00000000E+00 -2.75020305E-02
    0.215000      1   0.00000000E+00  0.00000000E+00  2.53563643E-03  0.00000000E+00  0.00000000E+00  0.00000000E+00  0.00000000E+00  0.00000000E+00  1.23196328E-01  0.00000000E+00  0.00000000E+00 -2.75418317E-02
    0.216000      1   0.00000000E+00  0.00000000E+00  2.53703975E-03  0.00000000E+00  0.00000000E+00  0.00000000E+00  0.00000000E+00  0.00000000E+00  1.23168747E-01  0.00000000E+00  0.00000000E+00 -2.75802035E-02
    0.217000      1   0.00000000E+00  0.00000000E+00  2.52008453E-03  0.00000000E+00  0.00000000E+00  0.00000000E+00  0.00000000E+00  0.00000000E+00  1.23141135E-01  0.00000000E+00  0.00000000E+00 -2.76126547E-02
    0.218000      1   0.00000000E+00  0.00000000E+00  2.55107171E-03  0.00000000E+00  0.00000000E+00  0.00000000E+00  0.00000000E+00  0.00000000E+00  1.23113487E-01  0.00000000E+00  0.00000000E+00 -2.76476434E-02
    0.219000      1   0.00000000E+00  0.00000000E+00  2.53992187E-03  0.00000000E+00  0.00000000E+00  0.00000000E+00  0.00000000E+00  0.00000000E+00  1.23085804E-01  0.00000000E+00  0.00000000E+00 -2.76827207E-02
    0.220000      1   0.00000000E+00  0.00000000E+00  2.54775547E-03  0.00000000E+00  0.00000000E+00  0.00000000E+00  0.00000000E+00  0.00000000E+00  1.23058095E-01  0.00000000E+00  0.00000000E+00 -2.77095931E-02
    0.221000      1   0.00000000E+00  0.00000000E+00  2.54849274E-03  0.00000000E+00  0.00000000E+00  0.00000000E+00  0.00000000E+00  0.00000000E+00  1.23030356E-01  0.00000000E+00  0.00000000E+00 -2.77387419E-02
    0.222000      1   0.00000000E+00  0.00000000E+00  2.53510291E-03  0.00000000E+00  0.00000000E+00  0.00000000E+00  0.00000000E+00  0.00000000E+00  1.23002591E-01  0.00000000E+00  0.00000000E+00 -2.77651877E-02
    0.223000      1   0.00000000E+00  0.00000000E+00  2.51086944E-03  0.00000000E+00  0.00000000E+00  0.00000000E+00  0.00000000E+00  0.00000000E+00  1.22974797E-01  0.00000000E+00  0.00000000E+00 -2.77937593E-02
    0.224000      1   0.00000000E+00  0.00000000E+00  2.54828326E-03  0.00000000E+00  0.00000000E+00  0.00000000E+00  0.00000000E+00  0.00000000E+00  1.22946966E-01  0.00000000E+00  0.00000000E+00 -2.78310136E-02
    0.225000      1   0.00000000E+00  0.00000000E+00  2.52755115E-03  0.00000000E+00  0.00000000E+00  0.00000000E+00  0.00000000E+00  0.00000000E+00  1.22919097E-01  0.00000000E+00  0.00000000E+00 -2.78696104E-02
    0.226000      1   0.00000000E+00  0.00000000E+00  2.53905188E-03  0.00000000E+00  0.00000000E+00  0.00000000E+00  0.00000000E+00  0.00000000E+00  1.22891197E-01  0.00000000E+00  0.00000000E+00 -2.78995861E-02
    0.227000      1   0.00000000E+00  0.00000000E+00  2.51970123E-03  0.00000000E+00  0.00000000E+00  0.00000000E+00  0.00000000E+00  0.00000000E+00  1.22863263E-01  0.00000000E+00  0.00000000E+00 -2.79343369E-02
    0.228000      1   0.00000000E+00  0.00000000E+00  2.56254569E-03  0.00000000E+00  0.00000000E+00  0.00000000E+00  0.00000000E+00  0.00000000E+00  1.22835294E-01  0.00000000E+00  0.00000000E+00 -2.79687325E-02
    0.229000      1   0.00000000E+00  0.00000000E+00  2.54170921E-03  0.00000000E+00  0.00000000E+00  0.00000000E+00  0.00000000E+00  0.00000000E+00  1.22807292E-01  0.00000000E+00  0.00000000E+00 -2.80019066E-02
    0.230000      1   0.00000000E+00  0.00000000E+00  2.55420102E-03  0.00000000E+00  0.00000000E+00  0.00000000E+00  0.00000000E+00  0.00000000E+00  1.22779267E-01  0.00000000E+00  0.00000000E+00 -2.80246947E-02
    0.231000      1   0.00000000E+00  0.00000000E+00  2.54754661E-03  0.00000000E+00  0.00000000E+00  0.00000000E+00  0.00000000E+00  0.00000000E+00  1.22751215E-01  0.00000000E+00  0.00000000E+00 -2.80521168E-02
    0.232000      1   0.00000000E+00  0.00000000E+00  2.54077231E-03  0.00000000E+00  0.00000000E+00  0.00000000E+00  0.00000000E+00  0.00000000E+00  1.22723139E-01  0.00000000E+00  0.00000000E+00 -2.80766131E-02
    0.233000      1   0.00000000E+00  0.00000000E+00  2.52635969E-03  0.00000000E+00  0.00000000E+00  0.00000000E+00  0.00000000E+00  0.00000000E+00  1.22695034E-01  0.00000000E+00  0.00000000E+00 -2.81044927E-02
    0.234000      1   0.00000000E+00  0.00000000E+00  2.52450838E-03  0.00000000E+00  0.00000000E+00  0.00000000E+00  0.00000000E+00  0.00000000E+00  1.22666897E-01  0.00000000E+00  0.00000000E+00 -2.81371459E-02
    0.235000      1   0.00000000E+00  0.00000000E+00  2.54539793E-03  0.00000000E+00  0.00000000E+00  0.00000000E+00  0.00000000E+00  0.00000000E+00  1.22638722E-01  0.00000000E+00  0.00000000E+00 -2.81748598E-02
    0.236000      1   0.00000000E+00  0.00000000E+00  2.54631843E-03  0.00000000E+00  0.00000000E+00  0.00000000E+00  0.00000000E+00  0.00000000E+00  1.22610513E-01  0.00000000E+00  0.00000000E+00 -2.82094875E-02
    0.237000      1   0.00000000E+00  0.00000000E+00  2.52911166E-03  0.00000000E+00  0.00000000E+00  0.00000000E+00  0.00000000E+00  0.00000000E+00  1.22582275E-01  0.00000000E+00  0.00000000E+00 -2.82370921E-02
    0.238000      1   0.00000000E+00  0.00000000E+00  2.54739282E-03  0.00000000E+00  0.00000000E+00  0.00000000E+00  0.00000000E+00  0.00000000E+00  1.22554008E-01  0.00000000E+00  0.00000000E+00 -2.82674372E-02
    0.239000      1   0.00000000E+00  0.00000000E+00  2.56472448E-03  0.00000000E+00  0.00000000E+00  0.00000000E+00  0.00000000E+00  0.00000000E+00  1.22525708E-01  0.00000000E+00  0.00000000E+00 -2.83002004E-02
    0.240000      1   0.00000000E+00  0.00000000E+00  2.54904159E-03  0.00000000E+00  0.00000000E+00  0.00000000E+00  0.00000000E+00  0.00000000E+00  1.22497384E-01  0.00000000E+00  0.00000000E+00 -2.83238949E-02
    0.241000      1   0.00000000E+00  0.00000000E+00  2.55227935E-03  0.00000000E+00  0.00000000E+00  0.00000000E+00  0.00000000E+00  0.00000000E+00  1.22469039E-01  0.00000000E+00  0.00000000E+00 -2.83446708E-02
    0.242000      1   0.00000000E+00  0.00000000E+00  2.53191529E-03  0.00000000E+00  0.00000000E+00  0.00000000E+00  0.00000000E+00  0.00000000E+00  1.22440669E-01  0.00000000E+00  0.00000000E+00 -2.83700246E-02
    0.243000      1   0.00000000E+00  0.00000000E+00  2.53303070E-03  0.00000000E+00  0.00000000E+00  0.00000000E+00  0.00000000E+00  0.00000000E+00  1.22412271E-01  0.00000000E+00  0.00000000E+00 -2.83979162E-02
    0.244000      1   0.00000000E+00  0.00000000E+00  2.55124229E-03  0.00000000E+00  0.00000000E+00  0.00000000E+00  0.00000000E+00  0.00000000E+00  1.22383839E-01  0.00000000E+00  0.00000000E+00 -2.84322985E-02
    0.245000      1   0.00000000E+00  0.00000000E+00  2.52881169E-03  0.00000000E+00  0.00000000E+00  0.00000000E+00  0.00000000E+00  0.00000000E+00  1.22355376E-01  0.00000000E+00  0.00000000E+00 -2.84630939E-02
    0.246000      1   0.00000000E+00  0.00000000E+00  2.54640989E-03  0.00000000E+00  0.00000000E+00  0.00000000E+00  0.00000000E+00  0.00000000E+00  1.22326884E-01  0.00000000E+00  0.00000000E+00 -2.84918749E-02
    0.247000      1   0.00000000E+00  0.00000000E+00  2.54396984E-03  0.00000000E+00  0.00000000E+00  0.00000000E+00  0.00000000E+00  0.00000000E+00  1.22298359E-01  0.00000000E+00  0.00000000E+00 -2.85249105E-02
    0.248000      1   0.00000000E+00  0.00000000E+00  2.55463736E-03  0.00000000E+00  0.00000000E+00  0.00000000E+00  0.00000000E+00  0.00000000E+00  1.22269807E-01  0.00000000E+00  0.00000000E+00 -2.85525980E-02
    0.249000      1   0.00000000E+00  0.00000000E+00  2.56212254E-03  0.00000000E+00  0.00000000E+00  0.00000000E+00  0.00000000E+00  0.00000000E+00  1.22241227E-01  0.00000000E+00  0.00000000E+00 -2.85792005E-02
    0.250000      1   0.00000000E+00  0.00000000E+00  2.55772047E-03  0.00000000E+00  0.00000000E+00  0.00000000E+00  0.00000000E+00  0.00000000E+00  1.22212626E-01  0.00000000E+00  0.00000000E+00 -2.86009759E-02
    0.251000      1   0.00000000E+00  0.00000000E+00  2.55580229E-03  0.00000000E+00  0.00000000E+00  0.00000000E+00  0.00000000E+00  0.00000000E+00  1.22184005E-01  0.00000000E+00  0.00000000E+00 -2.86210715E-02
    0.252000      1   0.00000000E+00  0.00000000E+00  2.52551961E-03  0.00000000E+00  0.00000000E+00  0.00000000E+00  0.00000000E+00  0.00000000E+00  1.22155362E-01  0.00000000E+00  0.00000000E+00 -2.86429521E-02
    0.253000      1   0.00000000E+00  0.00000000E+00  2.53961811E-03  0.00000000E+00  0.00000000E+00  0.00000000E+00  0.00000000E+00  0.00000000E+00  1.22126692E-01  0.00000000E+00  0.00000000E+00 -2.86708177E-02
    0.254000      1   0.00000000E+00  0.00000000E+00  2.54359896E-03  0.00000000E+00  0.00000000E+00  0.00000000E+00  0.00000000E+00  0.00000000E+00  1.22097985E-01  0.00000000E+00  0.00000000E+00 -2.87061355E-02
    0.255000      1   0.00000000E+00  0.00000000E+00  2.55076762E-03  0.00000000E+00  0.00000000E+00  0.00000000E+00  0.00000000E+00  0.00000000E+00  1.22069249E-01  0.00000000E+00  0.00000000E+00 -2.87361191E-02
    0.256000      1   0.00000000E+00  0.00000000E+00  2.54541525E-03  0.00000000E+00  0.00000000E+00  0.00000000E+00  0.00000000E+00  0.00000000E+00  1.22040486E-01  0.00000000E+00  0.00000000E+00 -2.87635277E-02
    0.257000      1   0.00000000E+00  0.00000000E+00  2.55459043E-03  0.00000000E+00  0.00000000E+00  0.00000000E+00  0.00000000E+00  0.00000000E+00  1.22011696E-01  0.00000000E+00  0.00000000E+00 -2.87895285E-02
    0.258000      1   0.00000000E+00  0.00000000E+00  2.54636027E-03  0.00000000E+00  0.00000000E+00  0.00000000E+00  0.00000000E+00  0.00000000E+00  1.21982881E-01  0.00000000E+00  0.00000000E+00 -2.88156646E-02
    0.259000      1   0.00000000E+00  0.00000000E+00  2.56531364E-03  0.00000000E+00  0.00000000E+00  0.00000000E+00  0.00000000E+00  0.00000000E+00  1.21954040E-01  0.00000000E+00  0.00000000E+00 -2.88402428E-02
    0.260000      1   0.00000000E+00  0.00000000E+00  2.56138874E-03  0.00000000E+00  0.00000000E+00  0.00000000E+00  0.00000000E+00  0.00000000E+00  1.21925176E-01  0.00000000E+00  0.00000000E+00 -2.88641722E-02
    0.261000      1   0.00000000E+00  0.00000000E+00  2.55469705E-03  0.00000000E+00  0.00000000E+00  0.00000000E+00  0.00000000E+00  0.00000000E+00  1.21896294E-01  0.00000000E+00  0.00000000E+00 -2.88825711E-02
    0.262000      1   0.00000000E+00  0.00000000E+00  2.52122333E-03  0.00000000E+00  0.00000000E+00  0.00000000E+00  0.00000000E+00  0.00000000E+00  1.21867390E-01  0.00000000E+00  0.00000000E+00 -2.89034424E-02
    0.263000      1   0.00000000E+00  0.00000000E+00  2.56125490E-03  0.00000000E+00  0.00000000E+00  0.00000000E+00  0.00000000E+00  0.00000000E+00  1.21838458E-01  0.00000000E+00  0.00000000E+00 -2.89324308E-02
    0.264000      1   0.00000000E+00  0.00000000E+00  2.53801079E-03  0.00000000E+00  0.00000000E+00  0.00000000E+00  0.00000000E+00  0.00000000E+00  1.21809492E-01  0.00000000E+00  0.00000000E+00 -2.89653333E-02
    0.265000      1   0.00000000E+00  0.00000000E+00  2.55520416E-03  0.00000000E+00  0.00000000E+00  0.00000000E+00  0.00000000E+00  0.00000000E+00  1.21780503E-01  0.00000000E+00  0.00000000E+00 -2.89891993E-02
    0.266000      1   0.00000000E+00  0.00000000E+00  2.52980365E-03  0.00000000E+00  0.00000000E+00  0.00000000E+00  0.00000000E+00  0.00000000E+00  1.21751486E-01  0.00000000E+00  0.00000000E+00 -2.90176586E-02
    0.267000      1   0.00000000E+00  0.00000000E+00  2.57439503E-03  0.00000000E+00  0.00000000E+00  0.00000000E+00  0.00000000E+00  0.00000000E+00  1.21722441E-01  0.00000000E+00  0.00000000E+00 -2.90449631E-02
    0.268000      1   0.00000000E+00  0.00000000E+00  2.56394873E-03  0.00000000E+00  0.00000000E+00  0.00000000E+00  0.00000000E+00  0.00000000E+00  1.21693368E-01  0.00000000E+00  0.00000000E+00 -2.90727240E-02
    0.269000      1   0.00000000E+00  0.00000000E+00  2.55631175E-03  0.00000000E+00  0.00000000E+00  0.00000000E+00  0.00000000E+00  0.00000000E+00  1.21664280E-01  0.00000000E+00  0.00000000E+00 -2.90876877E-02
    0.270000      1   0.00000000E+00  0.00000000E+00  2.56979166E-03  0.00000000E+00  0.00000000E+00  0.00000000E+00  0.00000000E+00  0.00000000E+00  1.21635173E-01  0.00000000E+00  0.00000000E+00 -2.91074327E-02
    0.271000      1   0.00000000E+00  0.00000000E+00  2.53470804E-03  0.00000000E+00  0.00000000E+00  0.00000000E+00  0.00000000E+00  0.00000000E+00  1.21606045E-01  0.00000000E+00  0.00000000E+00 -2.91273021E-02
    0.272000      1   0.00000000E+00  0.00000000E+00  2.54657945E-03  0.00000000E+00  0.00000000E+00  0.00000000E+00  0.00000000E+00  0.00000000E+00  1.21576896E-01  0.00000000E+00  0.00000000E+00 -2.91489485E-02
    0.273000      1   0.00000000E+00  0.00000000E+00  2.54032699E-03  0.00000000E+00  0.00000000E+00  0.00000000E+00  0.00000000E+00  0.00000000E+00  1.21547716E-01  0.00000000E+00  0.00000000E+00 -2.91800176E-02
    0.274000      1   0.00000000E+00  0.00000000E+00  2.55896718E-03  0.00000000E+00  0.00000000E+00  0.00000000E+00  0.00000000E+00  0.00000000E+00  1.21518508E-01  0.00000000E+00  0.00000000E+00 -2.92082937E-02
    0.275000      1   0.00000000E+00  0.00000000E+00  2.55309107E-03  0.00000000E+00  0.00000000E+00  0.00000000E+00  0.00000000E+00  0.00000000E+00  1.21489273E-01  0.00000000E+00  0.00000000E+00 -2.92353268E-02
    0.276000      1   0.00000000E+00  0.00000000E+00  2.54643070E-03  0.00000000E+00  0.00000000E+00  0.00000000E+00  0.00000000E+00  0.00000000E+00  1.21460016E-01  0.00000000E+00  0.00000000E+00 -2.92572774E-02
    0.277000      1   0.00000000E+00  0.00000000E+00  2.56519240E-03  0.00000000E+00  0.00000000E+00  0.00000000E+00  0.00000000E+00  0.00000000E+00  1.21430733E-01  0.00000000E+00  0.00000000E+00 -2.92823355E-02
    0.278000      1   0.00000000E+00  0.00000000E+00  2.57096425E-03  0.00000000E+00  0.00000000E+00  0.00000000E+00  0.00000000E+00  0.00000000E+00  1.21401427E-01  0.00000000E+00  0.00000000E+00 -2.93062633E-02
    0.279000      1   0.00000000E+00  0.00000000E+00  2.56213718E-03  0.00000000E+00  0.00000000E+00  0.00000000E+00  0.00000000E+00  0.00000000E+00  1.21372104E-01  0.00000000E+00  0.00000000E+00 -2.93230087E-02
    0.280000      1   0.00000000E+00  0.00000000E+00  2.56140496E-03  0.00000000E+00  0.00000000E+00  0.00000000E+00  0.00000000E+00  0.00000000E+00  1.21342765E-01  0.00000000E+00  0.00000000E+00 -2.93394195E-02
    0.281000      1   0.00000000E+00  0.00000000E+00  2.52564196E-03  0.00000000E+00  0.00000000E+00  0.00000000E+00  0.00000000E+00  0.00000000E+00  1.21313406E-01  0.00000000E+00  0.00000000E+00 -2.93588588E-02
    0.282000      1   0.00000000E+00  0.00000000E+00  2.56794402E-03  0.00000000E+00  0.00000000E+00  0.00000000E+00  0.00000000E+00  0.00000000E+00  1.21284021E-01  0.00000000E+00  0.00000000E+00 -2.93848628E-02
    0.283000      1   0.00000000E+00  0.00000000E+00  2.54025428E-03  0.00000000E+00  0.00000000E+00  0.00000000E+00  0.00000000E+00  0.00000000E+00  1.21254606E-01  0.00000000E+00  0.00000000E+00 -2.94151313E-02
    0.284000      1   0.00000000E+00  0.00000000E+00  2.56316866E-03  0.00000000E+00  0.00000000E+00  0.00000000E+00  0.00000000E+00  0.00000000E+00  1.21225169E-01  0.00000000E+00  0.00000000E+00 -2.94364037E-02
    0.285000      1   0.00000000E+00  0.00000000E+00  2.53295511E-03  0.00000000E+00  0.00000000E+00  0.00000000E+00  0.00000000E+00  0.00000000E+00  1.21195707E-01  0.00000000E+00  0.00000000E+00 -2.94627178E-02
    0.286000      1   0.00000000E+00  0.00000000E+00  2.57899503E-03  0.00000000E+00  0.00000000E+00  0.00000000E+00  0.00000000E+00  0.00000000E+00  1.21166220E-01  0.00000000E+00  0.00000000E+00 -2.94868493E-02
    0.287000      1   0.00000000E+00  0.00000000E+00  2.56888676E-03  0.00000000E+00  0.00000000E+00  0.00000000E+00  0.00000000E+00  0.00000000E+00  1.21136707E-01  0.00000000E+00  0.00000000E+00 -2.95127618E-02
    0.288000      1   0.00000000E+00  0.00000000E+00  2.56711167E-03  0.00000000E+00  0.00000000E+00  0.00000000E+00  0.00000000E+00  0.00000000E+00  1.21107182E-01  0.00000000E+00  0.00000000E+00 -2.95253416E-02
    0.289000      1   0.00000000E+00  0.00000000E+00  2.56868195E-03  0.00000000E+00  0.00000000E+00  0.00000000E+00  0.00000000E+00  0.00000000E+00  1.21077640E-01  0.00000000E+00  0.00000000E+00 -2.95415550E-02
    0.290000      1   0.00000000E+00  0.00000000E+00  2.53800935E-03  0.00000000E+00  0.00000000E+00  0.00000000E+00  0.00000000E+00  0.00000000E+00  1.21048082E-01  0.00000000E+00  0.00000000E+00 -2.95580737E-02
    0.291000      1   0.00000000E+00  0.00000000E+00  2.55197805E-03  0.00000000E+00  0.00000000E+00  0.00000000E+00  0.00000000E+00  0.00000000E+00  1.21018502E-01  0.00000000E+00  0.00000000E+00 -2.95795008E-02
    0.292000      1   0.00000000E+00  0.00000000E+00  2.54777152E-03  0.00000000E+00  0.00000000E+00  0.00000000E+00  0.00000000E+00  0.00000000E+00  1.20988894E-01  0.00000000E+00  0.00000000E+00 -2.96085311E-02
    0.293000      1   0.00000000E+00  0.00000000E+00  2.55953891E-03  0.00000000E+00  0.00000000E+00  0.00000000E+00  0.00000000E+00  0.00000000E+00  1.20959260E-01  0.00000000E+00  0.00000000E+00 -2.96337177E-02
    0.294000      1   0.00000000E+00  0.00000000E+00  2.56245785E-03  0.00000000E+00  0.00000000E+00  0.00000000E+00  0.00000000E+00  0.00000000E+00  1.20929602E-01  0.00000000E+00  0.00000000E+00 -2.96582048E-02
    0.295000      1   0.00000000E+00  0.00000000E+00  2.56086016E-03  0.00000000E+00  0.00000000E+00  0.00000000E+00  0.00000000E+00  0.00000000E+00  1.20899924E-01  0.00000000E+00  0.00000000E+00 -2.96783112E-02
    0.296000      1   0.00000000E+00  0.00000000E+00  2.55366601E-03  0.00000000E+00  0.00000000E+00  0.00000000E+00  0.00000000E+00  0.00000000E+00  1.20870226E-01  0.00000000E+00  0.00000000E+00 -2.96977415E-02
    0.297000      1   0.00000000E+00  0.00000000E+00  2.57492603E-03  0.00000000E+00  0.00000000E+00  0.00000000E+00  0.00000000E+00  0.00000000E+00  1.20840507E-01  0.00000000E+00  0.00000000E+00 -2.97189687E-02
    0.298000      1   0.00000000E+00  0.00000000E+00  2.57503447E-03  0.00000000E+00  0.00000000E+00  0.00000000E+00  0.00000000E+00  0.00000000E+00  1.20810768E-01  0.00000000E+00  0.00000000E+00 -2.97387989E-02
    0.299000      1   0.00000000E+00  0.00000000E+00  2.56041678E-03  0.00000000E+00  0.00000000E+00  0.00000000E+00  0.00000000E+00  0.00000000E+00  1.20781017E-01  0.00000000E+00  0.00000000E+00 -2.97516279E-02
    0.300000      1   0.00000000E+00  0.00000000E+00  2.52546160E-03  0.00000000E+00  0.00000000E+00  0.00000000E+00  0.00000000E+00  0.00000000E+00  1.20751250E-01  0.00000000E+00  0.00000000E+00 -2.97670063E-02
    0.301000      1   0.00000000E+00  0.00000000E+00  2.57070237E-03  0.00000000E+00  0.00000000E+00  0.00000000E+00  0.00000000E+00  0.00000000E+00  1.20721456E-01  0.00000000E+00  0.00000000E+00 -2.97933667E-02
    0.302000      1   0.00000000E+00  0.00000000E+00  2.55115715E-03  0.00000000E+00  0.00000000E+00  0.00000000E+00  0.00000000E+00  0.00000000E+00  1.20691633E-01  0.00000000E+00  0.00000000E+00 -2.98232066E-02
    0.303000      1   0.00000000E+00  0.00000000E+00  2.55888645E-03  0.00000000E+00  0.00000000E+00  0.00000000E+00  0.00000000E+00  0.00000000E+00  1.20661791E-01  0.00000000E+00  0.00000000E+00 -2.98416452E-02
    0.304000      1   0.00000000E+00  0.00000000E+00  2.55425354E-03  0.00000000E+00  0.00000000E+00  0.00000000E+00  0.00000000E+00  0.00000000E+00  1.20631926E-01  0.00000000E+00  0.00000000E+00 -2.98651358E-02
    0.305000      1   0.00000000E+00  0.00000000E+00  2.57312892E-03  0.00000000E+00  0.00000000E+00  0.00000000E+00  0.00000000E+00  0.00000000E+00  1.20602039E-01  0.00000000E+00  0.00000000E+00 -2.98869073E-02
    0.306000      1   0.00000000E+00  0.00000000E+00  2.57759305E-03  0.00000000E+00  0.00000000E+00  0.00000000E+00  0.00000000E+00  0.00000000E+00  1.20572132E-01  0.00000000E+00  0.00000000E+00 -2.99068624E-02
    0.307000      1   0.00000000E+00  0.00000000E+00  2.57155157E-03  0.00000000E+00  0.00000000E+00  0.00000000E+00  0.00000000E+00  0.00000000E+00  1.20542213E-01  0.00000000E+00  0.00000000E+00 -2.99198291E-02
    0.308000      1   0.00000000E+00  0.00000000E+00  2.56731205E-03  0.00000000E+00  0.00000000E+00  0.00000000E+00  0.00000000E+00  0.00000000E+00  1.20512280E-01  0.00000000E+00  0.00000000E+00 -2.99323981E-02
    0.309000      1   0.00000000E+00  0.00000000E+00  2.53879014E-03  0.00000000E+00  0.00000000E+00  0.00000000E+00  0.00000000E+00  0.00000000E+00  1.20482332E-01  0.00000000E+00  0.00000000E+00 -2.99477009E-02
    0.310000      1   0.00000000E+00  0.00000000E+00  2.55672938E-03  0.00000000E+00  0.00000000E+00  0.00000000E+00  0.00000000E+00  0.00000000E+00  1.20452363E-01  0.00000000E+00  0.00000000E+00 -2.99694399E-02
    0.311000      1   0.00000000E+00  0.00000000E+00  2.55071568E-03  0.00000000E+00  0.00000000E+00  0.00000000E+00  0.00000000E+00  0.00000000E+00  1.20422366E-01  0.00000000E+00  0.00000000E+00 -2.99973735E-02
    0.312000      1   0.00000000E+00  0.00000000E+00  2.57821681E-03  0.00000000E+00  0.00000000E+00  0.00000000E+00  0.00000000E+00  0.00000000E+00  1.20392345E-01  0.00000000E+00  0.00000000E+00 -3.00204790E-02
    0.313000      1   0.00000000E+00  0.00000000E+00  2.53672314E-03  0.00000000E+00  0.00000000E+00  0.00000000E+00  0.00000000E+00  0.00000000E+00  1.20362304E-01  0.00000000E+00  0.00000000E+00 -3.00406963E-02
    0.314000      1   0.00000000E+00  0.00000000E+00  2.58482631E-03  0.00000000E+00  0.00000000E+00  0.00000000E+00  0.00000000E+00  0.00000000E+00  1.20332245E-01  0.00000000E+00  0.00000000E+00 -3.00592194E-02
    0.315000      1   0.00000000E+00  0.00000000E+00  2.56790972E-03  0.00000000E+00  0.00000000E+00  0.00000000E+00  0.00000000E+00  0.00000000E+00  1.20302162E-01  0.00000000E+00  0.00000000E+00 -3.00828633E-02
    0.316000      1   0.00000000E+00  0.00000000E+00  2.58026803E-03  0.00000000E+00  0.00000000E+00  0.00000000E+00  0.00000000E+00  0.00000000E+00  1.20272069E-01  0.00000000E+00  0.00000000E+00 -3.00937008E-02
    0.317000      1   0.00000000E+00  0.00000000E+00  2.56733872E-03  0.00000000E+00  0.00000000E+00  0.00000000E+00  0.00000000E+00  0.00000000E+00  1.20241961E-01  0.00000000E+00  0.00000000E+00 -3.01079085E-02
    0.318000      1   0.00000000E+00  0.00000000E+00  2.54057654E-03  0.00000000E+00  0.00000000E+00  0.00000000E+00  0.00000000E+00  0.00000000E+00  1.20211840E-01  0.00000000E+00  0.00000000E+00 -3.01203440E-02
    0.319000      1   0.00000000E+00  0.00000000E+00  2.55606927E-03  0.00000000E+00  0.00000000E+00  0.00000000E+00  0.00000000E+00  0.00000000E+00  1.20181699E-01  0.00000000E+00  0.00000000E+00 -3.01417583E-02
    0.320000      1   0.00000000E+00  0.00000000E+00  2.57052115E-03  0.00000000E+00  0.00000000E+00  0.00000000E+00  0.00000000E+00  0.00000000E+00  1.20151529E-01  0.00000000E+00  0.00000000E+00 -3.01692219E-02
    0.321000      1   0.00000000E+00  0.00000000E+00  2.55459163E-03  0.00000000E+00  0.00000000E+00  0.00000000E+00  0.00000000E+00  0.00000000E+00  1.20121340E-01  0.00000000E+00  0.00000000E+00 -3.01890419E-02
    0.322000      1   0.00000000E+00  0.00000000E+00  2.55980654E-03  0.00000000E+00  0.00000000E+00  0.00000000E+00  0.00000000E+00  0.00000000E+00  1.20091134E-01  0.00000000E+00  0.00000000E+00 -3.02069326E-02
    0.323000      1   0.00000000E+00  0.00000000E+00  2.57380945E-03  0.00000000E+00  0.00000000E+00  0.00000000E+00  0.00000000E+00  0.00000000E+00  1.20060904E-01  0.00000000E+00  0.00000000E+00 -3.02291326E-02
    0.324000      1   0.00000000E+00  0.00000000E+00  2.57006734E-03  0.00000000E+00  0.00000000E+00  0.00000000E+00  0.00000000E+00  0.00000000E+00  1.20030657E-01  0.00000000E+00  0.00000000E+00 -3.02471436E-02
    0.325000      1   0.00000000E+00  0.00000000E+00  2.57942570E-03  0.00000000E+00  0.00000000E+00  0.00000000E+00  0.00000000E+00  0.00000000E+00  1.20000396E-01  0.00000000E+00  0.00000000E+00 -3.02612177E-02
    0.326000      1   0.00000000E+00  0.00000000E+00  2.57418557E-03  0.00000000E+00  0.00000000E+00  0.00000000E+00  0.00000000E+00  0.00000000E+00  1.19970121E-01  0.00000000E+00  0.00000000E+00 -3.02748658E-02
    0.327000      1   0.00000000E+00  0.00000000E+00  2.55155051E-03  0.00000000E+00  0.00000000E+00  0.00000000E+00  0.00000000E+00  0.00000000E+00  1.19939835E-01  0.00000000E+00  0.00000000E+00 -3.02863671E-02
    0.328000      1   0.00000000E+00  0.00000000E+00  2.55734403E-03  0.00000000E+00  0.00000000E+00  0.00000000E+00  0.00000000E+00  0.00000000E+00  1.19909531E-01  0.00000000E+00  0.00000000E+00 -3.03035922E-02
    0.329000      1   0.00000000E+00  0.00000000E+00  2.55277011E-03  0.00000000E+00  0.00000000E+00  0.00000000E+00  0.00000000E+00  0.00000000E+00  1.19879204E-01  0.00000000E+00  0.00000000E+00 -3.03272264E-02
    0.330000      1   0.00000000E+00  0.00000000E+00  2.56778726E-03  0.00000000E+00  0.00000000E+00  0.00000000E+00  0.00000000E+00  0.00000000E+00  1.19848854E-01  0.00000000E+00  0.00000000E+00 -3.03497668E-02
    0.331000      1   0.00000000E+00  0.00000000E+00  2.57056694E-03  0.00000000E+00  0.00000000E+00  0.00000000E+00  0.00000000E+00  0.00000000E+00  1.19818483E-01  0.00000000E+00  0.00000000E+00 -3.03711537E-02
    0.332000      1   0.00000000E+00  0.00000000E+00  2.56816433E-03  0.00000000E+00  0.00000000E+00  0.00000000E+00  0.00000000E+00  0.00000000E+00  1.19788096E-01  0.00000000E+00  0.00000000E+00 -3.03871172E-02
    0.333000      1   0.00000000E+00  0.00000000E+00  2.56012474E-03  0.00000000E+00  0.00000000E+00  0.00000000E+00  0.00000000E+00  0.00000000E+00  1.19757693E-01  0.00000000E+00  0.00000000E+00 -3.04025926E-02
    0.334000      1   0.00000000E+00  0.00000000E+00  2.58775443E-03  0.00000000E+00  0.00000000E+00  0.00000000E+00  0.00000000E+00  0.00000000E+00  1.19727273E-01  0.00000000E+00  0.00000000E+00 -3.04202789E-02
    0.335000      1   0.00000000E+00  0.00000000E+00  2.57466641E-03  0.00000000E+00  0.00000000E+00  0.00000000E+00  0.00000000E+00  0.00000000E+00  1.19696837E-01  0.00000000E+00  0.00000000E+00 -3.04357194E-02
    0.336000      1   0.00000000E+00  0.00000000E+00  2.56526194E-03  0.00000000E+00  0.00000000E+00  0.00000000E+00  0.00000000E+00  0.00000000E+00  1.19666393E-01  0.00000000E+00  0.00000000E+00 -3.04444005E-02
    0.337000      1   0.00000000E+00  0.00000000E+00  2.54433202E-03  0.00000000E+00  0.00000000E+00  0.00000000E+00  0.00000000E+00  0.00000000E+00  1.19635934E-01  0.00000000E+00  0.00000000E+00 -3.04590429E-02
    0.338000      1   0.00000000E+00  0.00000000E+00  2.57161626E-03  0.00000000E+00  0.00000000E+00  0.00000000E+00  0.00000000E+00  0.00000000E+00  1.19605453E-01  0.00000000E+00  0.00000000E+00 -3.04804751E-02
    0.339000      1   0.00000000E+00  0.00000000E+00  2.55099690E-03  0.00000000E+00  0.00000000E+00  0.00000000E+00  0.00000000E+00  0.00000000E+00  1.19574949E-01  0.00000000E+00  0.00000000E+00 -3.05039561E-02
    0.340000      1   0.00000000E+00  0.00000000E+00  2.57717006E-03  0.00000000E+00  0.00000000E+00  0.00000000E+00  0.00000000E+00  0.00000000E+00  1.19544427E-01  0.00000000E+00  0.00000000E+00 -3.05221228E-02
    0.341000      1   0.00000000E+00  0.00000000E+00  2.56156516E-03  0.00000000E+00  0.00000000E+00  0.00000000E+00  0.00000000E+00  0.00000000E+00  1.19513885E-01  0.00000000E+00  0.00000000E+00 -3.05424328E-02
    0.342000      1   0.00000000E+00  0.00000000E+00  2.58286496E-03  0.00000000E+00  0.00000000E+00  0.00000000E+00  0.00000000E+00  0.00000000E+00  1.19483328E-01  0.00000000E+00  0.00000000E+00 -3.05569067E-02
    0.343000      1   0.00000000E+00  0.00000000E+00  2.57507961E-03  0.00000000E+00  0.00000000E+00  0.00000000E+00  0.00000000E+00  0.00000000E+00  1.19452755E-01  0.00000000E+00  0.00000000E+00 -3.05727389E-02
    0.344000      1   0.00000000E+00  0.00000000E+00  2.58232717E-03  0.00000000E+00  0.00000000E+00  0.00000000E+00  0.00000000E+00  0.00000000E+00  1.19422172E-01  0.00000000E+00  0.00000000E+00 -3.05829526E-02
    0.345000      1   0.00000000E+00  0.00000000E+00  2.57072391E-03  0.00000000E+00  0.00000000E+00  0.00000000E+00  0.00000000E+00  0.00000000E+00  1.19391578E-01  0.00000000E+00  0.00000000E+00 -3.05944415E-02
    0.346000      1   0.00000000E+00  0.00000000E+00  2.54320483E-03  0.00000000E+00  0.00000000E+00  0.00000000E+00  0.00000000E+00  0.00000000E+00  1.19360972E-01  0.00000000E+00  0.00000000E+00 -3.06056021E-02
    0.347000      1   0.00000000E+00  0.00000000E+00  2.55539134E-03  0.00000000E+00  0.00000000E+00  0.00000000E+00  0.00000000E+00  0.00000000E+00  1.19330347E-01  0.00000000E+00  0.00000000E+00 -3.06254398E-02
    0.348000      1   0.00000000E+00  0.00000000E+00  2.56925271E-03  0.00000000E+00  0.00000000E+00  0.00000000E+00  0.00000000E+00  0.00000000E+00  1.19299695E-01  0.00000000E+00  0.00000000E+00 -3.06521602E-02
    0.349000      1   0.00000000E+00  0.00000000E+00  2.58057028E-03  0.00000000E+00  0.00000000E+00  0.00000000E+00  0.00000000E+00  0.00000000E+00  1.19269022E-01  0.00000000E+00  0.00000000E+00 -3.06724271E-02
    0.350000      1   0.00000000E+00  0.00000000E+00  2.55645682E-03  0.00000000E+00  0.00000000E+00  0.00000000E+00  0.00000000E+00  0.00000000E+00  1.19238336E-01  0.00000000E+00  0.00000000E+00 -3.06861404E-02
    0.351000      1   0.00000000E+00  0.00000000E+00  2.58016397E-03  0.00000000E+00  0.00000000E+00  0.00000000E+00  0.00000000E+00  0.00000000E+00  1.19207636E-01  0.00000000E+00  0.00000000E+00 -3.07004009E-02
    0.352000      1   0.00000000E+00  0.00000000E+00  2.58072937E-03  0.00000000E+00  0.00000000E+00  0.00000000E+00  0.00000000E+00  0.00000000E+00  1.19176917E-01  0.00000000E+00  0.00000000E+00 -3.07183884E-02
    0.353000      1   0.00000000E+00  0.00000000E+00  2.58467627E-03  0.00000000E+00  0.00000000E+00  0.00000000E+00  0.00000000E+00  0.00000000E+00  1.19146189E-01  0.00000000E+00  0.00000000E+00 -3.07284901E-02
    0.354000      1   0.00000000E+00  0.00000000E+00  2.56475795E-03  0.00000000E+00  0.00000000E+00  0.00000000E+00  0.00000000E+00  0.00000000E+00  1.19115451E-01  0.00000000E+00  0.00000000E+00 -3.07377081E-02
    0.355000      1   0.00000000E+00  0.00000000E+00  2.54652692E-03  0.00000000E+00  0.00000000E+00  0.00000000E+00  0.00000000E+00  0.00000000E+00  1.19084702E-01  0.00000000E+00  0.00000000E+00 -3.07491522E-02
    0.356000      1   0.00000000E+00  0.00000000E+00  2.57345844E-03  0.00000000E+00  0.00000000E+00  0.00000000E+00  0.00000000E+00  0.00000000E+00  1.19053932E-01  0.00000000E+00  0.00000000E+00 -3.07703618E-02
    0.357000      1   0.00000000E+00  0.00000000E+00  2.55892892E-03  0.00000000E+00  0.00000000E+00  0.00000000E+00  0.00000000E+00  0.00000000E+00  1.19023139E-01  0.00000000E+00  0.00000000E+00 -3.07927962E-02
    0.358000      1   0.00000000E+00  0.00000000E+00  2.56912871E-03  0.00000000E+00  0.00000000E+00  0.00000000E+00  0.00000000E+00  0.00000000E+00  1.18992330E-01  0.00000000E+00  0.00000000E+00 -3.08089552E-02
    0.359000      1   0.00000000E+00  0.00000000E+00  2.56794735E-03  0.00000000E+00  0.00000000E+00  0.00000000E+00  0.00000000E+00  0.00000000E+00  1.18961502E-01  0.00000000E+00  0.00000000E+00 -3.08280823E-02
    0.360000      1   0.00000000E+00  0.00000000E+00  2.58442946E-03  0.00000000E+00  0.00000000E+00  0.00000000E+00  0.00000000E+00  0.00000000E+00  1.18930658E-01  0.00000000E+00  0.00000000E+00 -3.08440685E-02
    0.361000      1   0.00000000E+00  0.00000000E+00  2.58590160E-03  0.00000000E+00  0.00000000E+00  0.00000000E+00  0.00000000E+00  0.00000000E+00  1.18899800E-01  0.00000000E+00  0.00000000E+00 -3.08575279E-02
    0.362000      1   0.00000000E+00  0.00000000E+00  2.58028268E-03  0.00000000E+00  0.00000000E+00  0.00000000E+00  0.00000000E+00  0.00000000E+00  1.18868935E-01  0.00000000E+00  0.00000000E+00 -3.08653141E-02
    0.363000      1   0.00000000E+00  0.00000000E+00  2.57395016E-03  0.00000000E+00  0.00000000E+00  0.00000000E+00  0.00000000E+00  0.00000000E+00  1.18838061E-01  0.00000000E+00  0.00000000E+00 -3.08736105E-02
    0.364000      1   0.00000000E+00  0.00000000E+00  2.54395517E-03  0.00000000E+00  0.00000000E+00  0.00000000E+00  0.00000000E+00  0.00000000E+00  1.18807176E-01  0.00000000E+00  0.00000000E+00 -3.08848720E-02
    0.365000      1   0.00000000E+00  0.00000000E+00  2.56207480E-03  0.00000000E+00  0.00000000E+00  0.00000000E+00  0.00000000E+00  0.00000000E+00  1.18776273E-01  0.00000000E+00  0.00000000E+00 -3.09035175E-02
    0.366000      1   0.00000000E+00  0.00000000E+00  2.57044763E-03  0.00000000E+00  0.00000000E+00  0.00000000E+00  0.00000000E+00  0.00000000E+00  1.18745344E-01  0.00000000E+00  0.00000000E+00 -3.09288095E-02
    0.367000      1   0.00000000E+00  0.00000000E+00  2.57782503E-03  0.00000000E+00  0.00000000E+00  0.00000000E+00  0.00000000E+00  0.00000000E+00  1.18714397E-01  0.00000000E+00  0.00000000E+00 -3.09466702E-02
    0.368000      1   0.00000000E+00  0.00000000E+00  2.56464315E-03  0.00000000E+00  0.00000000E+00  0.00000000E+00  0.00000000E+00  0.00000000E+00  1.18683437E-01  0.00000000E+00  0.00000000E+00 -3.09604765E-02
    0.369000      1   0.00000000E+00  0.00000000E+00  2.58054204E-03  0.00000000E+00  0.00000000E+00  0.00000000E+00  0.00000000E+00  0.00000000E+00  1.18652463E-01  0.00000000E+00  0.00000000E+00 -3.09741910E-02
    0.370000      1   0.00000000E+00  0.00000000E+00  2.58317481E-03  0.00000000E+00  0.00000000E+00  0.00000000E+00  0.00000000E+00  0.00000000E+00  1.18621473E-01  0.00000000E+00  0.00000000E+00 -3.09894230E-02
    0.371000      1   0.00000000E+00  0.00000000E+00  2.58819467E-03  0.00000000E+00  0.00000000E+00  0.00000000E+00  0.00000000E+00  0.00000000E+00  1.18590474E-01  0.00000000E+00  0.00000000E+00 -3.09989681E-02
    0.372000      1   0.00000000E+00  0.00000000E+00  2.56719781E-03  0.00000000E+00  0.00000000E+00  0.00000000E+00  0.00000000E+00  0.00000000E+00  1.18559468E-01  0.00000000E+00  0.00000000E+00 -3.10067608E-02
    0.373000      1   0.00000000E+00  0.00000000E+00  2.54838733E-03  0.00000000E+00  0.00000000E+00  0.00000000E+00  0.00000000E+00  0.00000000E+00  1.18528451E-01  0.00000000E+00  0.00000000E+00 -3.10166180E-02
    0.374000      1   0.00000000E+00  0.00000000E+00  2.57544106E-03  0.00000000E+00  0.00000000E+00  0.00000000E+00  0.00000000E+00  0.00000000E+00  1.18497414E-01  0.00000000E+00  0.00000000E+00 -3.10366973E-02
    0.375000      1   0.00000000E+00  0.00000000E+00  2.56037464E-03  0.00000000E+00  0.00000000E+00  0.00000000E+00  0.00000000E+00  0.00000000E+00  1.18466356E-01  0.00000000E+00  0.00000000E+00 -3.10581701E-02
    0.376000      1   0.00000000E+00  0.00000000E+00  2.57628531E-03  0.00000000E+00  0.00000000E+00  0.00000000E+00  0.00000000E+00  0.00000000E+00  1.18435283E-01  0.00000000E+00  0.00000000E+00 -3.10734223E-02
    0.377000      1   0.00000000E+00  0.00000000E+00  2.56581741E-03  0.00000000E+00  0.00000000E+00  0.00000000E+00  0.00000000E+00  0.00000000E+00  1.18404192E-01  0.00000000E+00  0.00000000E+00 -3.10908090E-02
    0.378000      1   0.00000000E+00  0.00000000E+00  2.59844965E-03  0.00000000E+00  0.00000000E+00  0.00000000E+00  0.00000000E+00  0.00000000E+00  1.18373087E-01  0.00000000E+00  0.00000000E+00 -3.11048215E-02
    0.379000      1   0.00000000E+00  0.00000000E+00  2.57148887E-03  0.00000000E+00  0.00000000E+00  0.00000000E+00  0.00000000E+00  0.00000000E+00  1.18341971E-01  0.00000000E+00  0.00000000E+00 -3.11165012E-02
    0.380000      1   0.00000000E+00  0.00000000E+00  2.59064353E-03  0.00000000E+00  0.00000000E+00  0.00000000E+00  0.00000000E+00  0.00000000E+00  1.18310848E-01  0.00000000E+00  0.00000000E+00 -3.11222317E-02
    0.381000      1   0.00000000E+00  0.00000000E+00  2.57381805E-03  0.00000000E+00  0.00000000E+00  0.00000000E+00  0.00000000E+00  0.00000000E+00  1.18279715E-01  0.00000000E+00  0.00000000E+00 -3.11334292E-02
    0.382000      1   0.00000000E+00  0.00000000E+00  2.55328895E-03  0.00000000E+00  0.00000000E+00  0.00000000E+00  0.00000000E+00  0.00000000E+00  1.18248574E-01  0.00000000E+00  0.00000000E+00 -3.11413114E-02
    0.383000      1   0.00000000E+00  0.00000000E+00  2.55532745E-03  0.00000000E+00  0.00000000E+00  0.00000000E+00  0.00000000E+00  0.00000000E+00  1.18217415E-01  0.00000000E+00  0.00000000E+00 -3.11583497E-02
    0.384000      1   0.00000000E+00  0.00000000E+00  2.57825772E-03  0.00000000E+00  0.00000000E+00  0.00000000E+00  0.00000000E+00  0.00000000E+00  1.18186233E-01  0.00000000E+00  0.00000000E+00 -3.11817696E-02
    0.385000      1   0.00000000E+00  0.00000000E+00  2.58464671E-03  0.00000000E+00  0.00000000E+00  0.00000000E+00  0.00000000E+00  0.00000000E+00  1.18155033E-01  0.00000000E+00  0.00000000E+00 -3.12004651E-02
    0.386000      1   0.00000000E+00  0.00000000E+00  2.57233439E-03  0.00000000E+00  0.00000000E+00  0.00000000E+00  0.00000000E+00  0.00000000E+00  1.18123822E-01  0.00000000E+00  0.00000000E+00 -3.12105000E-02
    0.387000      1   0.00000000E+00  0.00000000E+00  2.57470373E-03  0.00000000E+00  0.00000000E+00  0.00000000E+00  0.00000000E+00  0.00000000E+00  1.18092602E-01  0.00000000E+00  0.00000000E+00 -3.12206141E-02
    0.388000      1   0.00000000E+00  0.00000000E+00  2.58507021E-03  0.00000000E+00  0.00000000E+00  0.00000000E+00  0.00000000E+00  0.00000000E+00  1.18061367E-01  0.00000000E+00  0.00000000E+00 -3.12343527E-02
    0.389000      1   0.00000000E+00  0.00000000E+00  2.59053779E-03  0.00000000E+00  0.00000000E+00  0.00000000E+00  0.00000000E+00  0.00000000E+00  1.18030122E-01  0.00000000E+00  0.00000000E+00 -3.12454800E-02
    0.390000      1   0.00000000E+00  0.00000000E+00  2.56914318E-03  0.00000000E+00  0.00000000E+00  0.00000000E+00  0.00000000E+00  0.00000000E+00  1.17998870E-01  0.00000000E+00  0.00000000E+00 -3.12522359E-02
    0.391000      1   0.00000000E+00  0.00000000E+00  2.55525595E-03  0.00000000E+00  0.00000000E+00  0.00000000E+00  0.00000000E+00  0.00000000E+00  1.17967609E-01  0.00000000E+00  0.00000000E+00 -3.12609795E-02
    0.392000      1   0.00000000E+00  0.00000000E+00  2.57403704E-03  0.00000000E+00  0.00000000E+00  0.00000000E+00  0.00000000E+00  0.00000000E+00  1.17936330E-01  0.00000000E+00  0.00000000E+00 -3.12792053E-02
    0.393000      1   0.00000000E+00  0.00000000E+00  2.56728479E-03  0.00000000E+00  0.00000000E+00  0.00000000E+00  0.00000000E+00  0.00000000E+00  1.17905031E-01  0.00000000E+00  0.00000000E+00 -3.12986706E-02
    0.394000      1   0.00000000E+00  0.00000000E+00  2.57993235E-03  0.00000000E+00  0.00000000E+00  0.00000000E+00  0.00000000E+00  0.00000000E+00  1.17873718E-01  0.00000000E+00  0.00000000E+00 -3.13131620E-02
    0.395000      1   0.00000000E+00  0.00000000E+00  2.57242007E-03  0.00000000E+00  0.00000000E+00  0.00000000E+00  0.00000000E+00  0.00000000E+00  1.17842390E-01  0.00000000E+00  0.00000000E+00 -3.13276343E-02
    0.396000      1   0.00000000E+00  0.00000000E+00  2.58543256E-03  0.00000000E+00  0.00000000E+00  0.00000000E+00  0.00000000E+00  0.00000000E+00  1.17811051E-01  0.00000000E+00  0.00000000E+00 -3.13392815E-02
    0.397000      1   0.00000000E+00  0.00000000E+00  2.59057787E-03  0.00000000E+00  0.00000000E+00  0.00000000E+00  0.00000000E+00  0.00000000E+00  1.17779700E-01  0.00000000E+00  0.00000000E+00 -3.13510946E-02
    0.398000      1   0.00000000E+00  0.00000000E+00  2.58563011E-03  0.00000000E+00  0.00000000E+00  0.00000000E+00  0.00000000E+00  0.00000000E+00  1.17748342E-01  0.00000000E+00  0.00000000E+00 -3.13577244E-02
    0.399000      1   0.00000000E+00  0.00000000E+00  2.56107027E-03  0.00000000E+00  0.00000000E+00  0.00000000E+00  0.00000000E+00  0.00000000E+00  1.17716978E-01  0.00000000E+00  0.00000000E+00 -3.13635394E-02
    0.400000      1   0.00000000E+00  0.00000000E+00  2.56468231E-03  0.00000000E+00  0.00000000E+00  0.00000000E+00  0.00000000E+00  0.00000000E+00  1.17685603E-01  0.00000000E+00  0.00000000E+00 -3.13753224E-02
    0.401000      1   0.00000000E+00  0.00000000E+00  2.56500999E-03  0.00000000E+00  0.00000000E+00  0.00000000E+00  0.00000000E+00  0.00000000E+00  1.17654209E-01  0.00000000E+00  0.00000000E+00 -3.13945325E-02
    0.402000      1   0.00000000E+00  0.00000000E+00  2.58253139E-03  0.00000000E+00  0.00000000E+00  0.00000000E+00  0.00000000E+00  0.00000000E+00  1.17622796E-01  0.00000000E+00  0.00000000E+00 -3.14124984E-02
    0.403000      1   0.00000000E+00  0.00000000E+00  2.57054600E-03  0.00000000E+00  0.00000000E+00  0.00000000E+00  0.00000000E+00  0.00000000E+00  1.17591369E-01  0.00000000E+00  0.00000000E+00 -3.14272582E-02
    0.404000      1   0.00000000E+00  0.00000000E+00  2.58852137E-03  0.00000000E+00  0.00000000E+00  0.00000000E+00  0.00000000E+00  0.00000000E+00  1.17559930E-01  0.00000000E+00  0.00000000E+00 -3.14383832E-02
    0.405000      1   0.00000000E+00  0.00000000E+00  2.57620973E-03  0.00000000E+00  0.00000000E+00  0.00000000E+00  0.00000000E+00  0.00000000E+00  1.17528480E-01  0.00000000E+00  0.00000000E+00 -3.14502656E-02
    0.406000      1   0.00000000E+00  0.00000000E+00  2.58861773E-03  0.00000000E+00  0.00000000E+00  0.00000000E+00  0.00000000E+00  0.00000000E+00  1.17497022E-01  0.00000000E+00  0.00000000E+00 -3.14584219E-02
    0.407000      1   0.00000000E+00  0.00000000E+00  2.59173375E-03  0.00000000E+00  0.00000000E+00  0.00000000E+00  0.00000000E+00  0.00000000E+00  1.17465553E-01  0.00000000E+00  0.00000000E+00 -3.14684272E-02
    0.408000      1   0.00000000E+00  0.00000000E+00  2.55528170E-03  0.00000000E+00  0.00000000E+00  0.00000000E+00  0.00000000E+00  0.00000000E+00  1.17434080E-01  0.00000000E+00  0.00000000E+00 -3.14738066E-02
    0.409000      1   0.00000000E+00  0.00000000E+00  2.56051083E-03  0.00000000E+00  0.00000000E+00  0.00000000E+00  0.00000000E+00  0.00000000E+00  1.17402595E-01  0.00000000E+00  0.00000000E+00 -3.14846087E-02
    0.410000      1   0.00000000E+00  0.00000000E+00  2.58272233E-03  0.00000000E+00  0.00000000E+00  0.00000000E+00  0.00000000E+00  0.00000000E+00  1.17371088E-01  0.00000000E+00  0.00000000E+00 -3.15064575E-02
    0.411000      1   0.00000000E+00  0.00000000E+00  2.57728647E-03  0.00000000E+00  0.00000000E+00  0.00000000E+00  0.00000000E+00  0.00000000E+00  1.17339566E-01  0.00000000E+00  0.00000000E+00 -3.15226611E-02
    0.412000      1   0.00000000E+00  0.00000000E+00  2.56179089E-03  0.00000000E+00  0.00000000E+00  0.00000000E+00  0.00000000E+00  0.00000000E+00  1.17308033E-01  0.00000000E+00  0.00000000E+00 -3.15325315E-02
    0.413000      1   0.00000000E+00  0.00000000E+00  2.59039729E-03  0.00000000E+00  0.00000000E+00  0.00000000E+00  0.00000000E+00  0.00000000E+00  1.17276486E-01  0.00000000E+00  0.00000000E+00 -3.15469272E-02
    0.414000      1   0.00000000E+00  0.00000000E+00  2.59220932E-03  0.00000000E+00  0.00000000E+00  0.00000000E+00  0.00000000E+00  0.00000000E+00  1.17244925E-01  0.00000000E+00  0.00000000E+00 -3.15613532E-02
    0.415000      1   0.00000000E+00  0.00000000E+00  2.59697563E-03  0.00000000E+00  0.00000000E+00  0.00000000E+00  0.00000000E+00  0.00000000E+00  1.17213359E-01  0.00000000E+00  0.00000000E+00 -3.15660640E-02
    0.416000      1   0.00000000E+00  0.00000000E+00  2.57634638E-03  0.00000000E+00  0.00000000E+00  0.00000000E+00  0.00000000E+00  0.00000000E+00  1.17181790E-01  0.00000000E+00  0.00000000E+00 -3.15693369E-02
    0.417000      1   0.00000000E+00  0.00000000E+00  2.56507583E-03  0.00000000E+00  0.00000000E+00  0.00000000E+00  0.00000000E+00  0.00000000E+00  1.17150215E-01  0.00000000E+00  0.00000000E+00 -3.15746924E-02
    0.418000      1   0.00000000E+00  0.00000000E+00  2.56147647E-03  0.00000000E+00  0.00000000E+00  0.00000000E+00  0.00000000E+00  0.00000000E+00  1.17118626E-01  0.00000000E+00  0.00000000E+00 -3.15888160E-02
    0.419000      1   0.00000000E+00  0.00000000E+00  2.56747271E-03  0.00000000E+00  0.00000000E+00  0.00000000E+00  0.00000000E+00  0.00000000E+00  1.17087019E-01  0.00000000E+00  0.00000000E+00 -3.16072775E-02
    0.420000      1   0.00000000E+00  0.00000000E+00  2.59373898E-03  0.00000000E+00  0.00000000E+00  0.00000000E+00  0.00000000E+00  0.00000000E+00  1.17055393E-01  0.00000000E+00  0.00000000E+00 -3.16258608E-02
    0.421000      1   0.00000000E+00  0.00000000E+00  2.56419495E-03  0.00000000E+00  0.00000000E+00  0.00000000E+00  0.00000000E+00  0.00000000E+00  1.17023755E-01  0.00000000E+00  0.00000000E+00 -3.16378298E-02
    0.422000      1   0.00000000E+00  0.00000000E+00  2.58634837E-03  0.00000000E+00  0.00000000E+00  0.00000000E+00  0.00000000E+00  0.00000000E+00  1.16992109E-01  0.00000000E+00  0.00000000E+00 -3.16463972E-02
    0.423000      1   0.00000000E+00  0.00000000E+00  2.59187955E-03  0.00000000E+00  0.00000000E+00  0.00000000E+00  0.00000000E+00  0.00000000E+00  1.16960448E-01  0.00000000E+00  0.00000000E+00 -3.16607497E-02
    0.424000      1   0.00000000E+00  0.00000000E+00  2.59704823E-03  0.00000000E+00  0.00000000E+00  0.00000000E+00  0.00000000E+00  0.00000000E+00  1.16928781E-01  0.00000000E+00  0.00000000E+00 -3.16668486E-02
    0.425000      1   0.00000000E+00  0.00000000E+00  2.57376899E-03  0.00000000E+00  0.00000000E+00  0.00000000E+00  0.00000000E+00  0.00000000E+00  1.16897111E-01  0.00000000E+00  0.00000000E+00 -3.16702169E-02
    0.426000      1   0.00000000E+00  0.00000000E+00  2.55107124E-03  0.00000000E+00  0.00000000E+00  0.00000000E+00  0.00000000E+00  0.00000000E+00  1.16865435E-01  0.00000000E+00  0.00000000E+00 -3.16760044E-02
    0.427000      1   0.00000000E+00  0.00000000E+00  2.58378368E-03  0.00000000E+00  0.00000000E+00  0.00000000E+00  0.00000000E+00  0.00000000E+00  1.16833741E-01  0.00000000E+00  0.00000000E+00 -3.16934510E-02
    0.428000      1   0.00000000E+00  0.00000000E+00  2.57125692E-03  0.00000000E+00  0.00000000E+00  0.00000000E+00  0.00000000E+00  0.00000000E+00  1.16802029E-01  0.00000000E+00  0.00000000E+00 -3.17125670E-02
    0.429000      1   0.00000000E+00  0.00000000E+00  2.57455958E-03  0.00000000E+00  0.00000000E+00  0.00000000E+00  0.00000000E+00  0.00000000E+00  1.16770306E-01  0.00000000E+00  0.00000000E+00 -3.17231550E-02
    0.430000      1   0.00000000E+00  0.00000000E+00  2.57431406E-03  0.00000000E+00  0.00000000E+00  0.00000000E+00  0.00000000E+00  0.00000000E+00  1.16738568E-01  0.00000000E+00  0.00000000E+00 -3.17372730E-02
    0.431000      1   0.00000000E+00  0.00000000E+00  2.60531128E-03  0.00000000E+00  0.00000000E+00  0.00000000E+00  0.00000000E+00  0.00000000E+00  1.16706818E-01  0.00000000E+00  0.00000000E+00 -3.17503497E-02
    0.432000      1   0.00000000E+00  0.00000000E+00  2.58051895E-03  0.00000000E+00  0.00000000E+00  0.00000000E+00  0.00000000E+00  0.00000000E+00  1.16675060E-01  0.00000000E+00  0.00000000E+00 -3.17580255E-02
    0.433000      1   0.00000000E+00  0.00000000E+00  2.59245195E-03  0.00000000E+00  0.00000000E+00  0.00000000E+00  0.00000000E+00  0.00000000E+00  1.16643300E-01  0.00000000E+00  0.00000000E+00 -3.17599057E-02
    0.434000      1   0.00000000E+00  0.00000000E+00  2.57610404E-03  0.00000000E+00  0.00000000E+00  0.00000000E+00  0.00000000E+00  0.00000000E+00  1.16611532E-01  0.00000000E+00  0.00000000E+00 -3.17678178E-02
    0.435000      1   0.00000000E+00  0.00000000E+00  2.56191294E-03  0.00000000E+00  0.00000000E+00  0.00000000E+00  0.00000000E+00  0.00000000E+00  1.16579758E-01  0.00000000E+00  0.00000000E+00 -3.17747018E-02
    0.436000      1   0.00000000E+00  0.00000000E+00  2.56431075E-03  0.00000000E+00  0.00000000E+00  0.00000000E+00  0.00000000E+00  0.00000000E+00  1.16547968E-01  0.00000000E+00  0.00000000E+00 -3.17894643E-02
    0.437000      1   0.00000000E+00  0.00000000E+00  2.58579186E-03  0.00000000E+00  0.00000000E+00  0.00000000E+00  0.00000000E+00  0.00000000E+00  1.16516160E-01  0.00000000E+00  0.00000000E+00 -3.18084634E-02
    0.438000      1   0.00000000E+00  0.00000000E+00  2.58603021E-03  0.00000000E+00  0.00000000E+00  0.00000000E+00  0.00000000E+00  0.00000000E+00  1.16484337E-01  0.00000000E+00  0.00000000E+00 -3.18228763E-02
    0.439000      1   0.00000000E+00  0.00000000E+00  2.57727692E-03  0.00000000E+00  0.00000000E+00  0.00000000E+00  0.00000000E+00  0.00000000E+00  1.16452507E-01  0.00000000E+00  0.00000000E+00 -3.18301923E-02
    0.440000      1   0.00000000E+00  0.00000000E+00  2.58028811E-03  0.00000000E+00  0.00000000E+00  0.00000000E+00  0.00000000E+00  0.00000000E+00  1.16420668E-01  0.00000000E+00  0.00000000E+00 -3.18389779E-02
    0.441000      1   0.00000000E+00  0.00000000E+00  2.59963070E-03  0.00000000E+00  0.00000000E+00  0.00000000E+00  0.00000000E+00  0.00000000E+00  1.16388818E-01  0.00000000E+00  0.00000000E+00 -3.18501058E-02
    0.442000      1   0.00000000E+00  0.00000000E+00  2.58658025E-03  0.00000000E+00  0.00000000E+00  0.00000000E+00  0.00000000E+00  0.00000000E+00  1.16356961E-01  0.00000000E+00  0.00000000E+00 -3.18568242E-02
    0.443000      1   0.00000000E+00  0.00000000E+00  2.57207314E-03  0.00000000E+00  0.00000000E+00  0.00000000E+00  0.00000000E+00  0.00000000E+00  1.16325101E-01  0.00000000E+00  0.00000000E+00 -3.18594981E-02
    0.444000      1   0.00000000E+00  0.00000000E+00  2.55673601E-03  0.00000000E+00  0.00000000E+00  0.00000000E+00  0.00000000E+00  0.00000000E+00  1.16293232E-01  0.00000000E+00  0.00000000E+00 -3.18690233E-02
    0.445000      1   0.00000000E+00  0.00000000E+00  2.58653513E-03  0.00000000E+00  0.00000000E+00  0.00000000E+00  0.00000000E+00  0.00000000E+00  1.16261346E-01  0.00000000E+00  0.00000000E+00 -3.18860251E-02
    0.446000      1   0.00000000E+00  0.00000000E+00  2.58085372E-03  0.00000000E+00  0.00000000E+00  0.00000000E+00  0.00000000E+00  0.00000000E+00  1.16229443E-01  0.00000000E+00  0.00000000E+00 -3.19027942E-02
    0.447000      1   0.00000000E+00  0.00000000E+00  2.56951286E-03  0.00000000E+00  0.00000000E+00  0.00000000E+00  0.00000000E+00  0.00000000E+00  1.16197533E-01  0.00000000E+00  0.00000000E+00 -3.19107815E-02
    0.448000      1   0.00000000E+00  0.00000000E+00  2.58857266E-03  0.00000000E+00  0.00000000E+00  0.00000000E+00  0.00000000E+00  0.00000000E+00  1.16165610E-01  0.00000000E+00  0.00000000E+00 -3.19226402E-02
    0.449000      1   0.00000000E+00  0.00000000E+00  2.59756885E-03  0.00000000E+00  0.00000000E+00  0.00000000E+00  0.00000000E+00  0.00000000E+00  1.16133675E-01  0.00000000E+00  0.00000000E+00 -3.19348528E-02
    0.450000      1   0.00000000E+00  0.00000000E+00  2.59939993E-03  0.00000000E+00  0.00000000E+00  0.00000000E+00  0.00000000E+00  0.00000000E+00  1.16101736E-01  0.00000000E+00  0.00000000E+00 -3.19392151E-02
    0.451000      1   0.00000000E+00  0.00000000E+00  2.58507261E-03  0.00000000E+00  0.00000000E+00  0.00000000E+00  0.00000000E+00  0.00000000E+00  1.16069796E-01  0.00000000E+00  0.00000000E+00 -3.19402991E-02
    0.452000      1   0.00000000E+00  0.00000000E+00  2.55980797E-03  0.00000000E+00  0.00000000E+00  0.00000000E+00  0.00000000E+00  0.00000000E+00  1.16037852E-01  0.00000000E+00  0.00000000E+00 -3.19433153E-02
    0.453000      1   0.00000000E+00  0.00000000E+00  2.56860499E-03  0.00000000E+00  0.00000000E+00  0.00000000E+00  0.00000000E+00  0.00000000E+00  1.16005897E-01  0.00000000E+00  0.00000000E+00 -3.19555047E-02
    0.454000      1   0.00000000E+00  0.00000000E+00  2.56994586E-03  0.00000000E+00  0.00000000E+00  0.00000000E+00  0.00000000E+00  0.00000000E+00  1.15973922E-01  0.00000000E+00  0.00000000E+00 -3.19744356E-02
    0.455000      1   0.00000000E+00  0.00000000E+00  2.59655046E-03  0.00000000E+00  0.00000000E+00  0.00000000E+00  0.00000000E+00  0.00000000E+00  1.15941932E-01  0.00000000E+00  0.00000000E+00 -3.19902404E-02
    0.456000      1   0.00000000E+00  0.00000000E+00  2.57176645E-03  0.00000000E+00  0.00000000E+00  0.00000000E+00  0.00000000E+00  0.00000000E+00  1.15909931E-01  0.00000000E+00  0.00000000E+00 -3.20009001E-02
    0.457000      1   0.00000000E+00  0.00000000E+00  2.58965427E-03  0.00000000E+00  0.00000000E+00  0.00000000E+00  0.00000000E+00  0.00000000E+00  1.15877924E-01  0.00000000E+00  0.00000000E+00 -3.20072052E-02
    0.458000      1   0.00000000E+00  0.00000000E+00  2.59411690E-03  0.00000000E+00  0.00000000E+00  0.00000000E+00  0.00000000E+00  0.00000000E+00  1.15845906E-01  0.00000000E+00  0.00000000E+00 -3.20184864E-02
    0.459000      1   0.00000000E+00  0.00000000E+00  2.60244766E-03  0.00000000E+00  0.00000000E+00  0.00000000E+00  0.00000000E+00  0.00000000E+00  1.15813882E-01  0.00000000E+00  0.00000000E+00 -3.20231039E-02
    0.460000      1   0.00000000E+00  0.00000000E+00  2.57081022E-03  0.00000000E+00  0.00000000E+00  0.00000000E+00  0.00000000E+00  0.00000000E+00  1.15781858E-01  0.00000000E+00  0.00000000E+00 -3.20247826E-02
    0.461000      1   0.00000000E+00  0.00000000E+00  2.55998513E-03  0.00000000E+00  0.00000000E+00  0.00000000E+00  0.00000000E+00  0.00000000E+00  1.15749828E-01  0.00000000E+00  0.00000000E+00 -3.20293201E-02
    0.462000      1   0.00000000E+00  0.00000000E+00  2.58832122E-03  0.00000000E+00  0.00000000E+00  0.00000000E+00  0.00000000E+00  0.00000000E+00  1.15717782E-01  0.00000000E+00  0.00000000E+00 -3.20461621E-02
    0.463000      1   0.00000000E+00  0.00000000E+00  2.56389445E-03  0.00000000E+00  0.00000000E+00  0.00000000E+00  0.00000000E+00  0.00000000E+00  1.15685721E-01  0.00000000E+00  0.00000000E+00 -3.20615483E-02
    0.464000      1   0.00000000E+00  0.00000000E+00  2.59098849E-03  0.00000000E+00  0.00000000E+00  0.00000000E+00  0.00000000E+00  0.00000000E+00  1.15653649E-01  0.00000000E+00  0.00000000E+00 -3.20719481E-02
    0.465000      1   0.00000000E+00  0.00000000E+00  2.58073992E-03  0.00000000E+00  0.00000000E+00  0.00000000E+00  0.00000000E+00  0.00000000E+00  1.15621563E-01  0.00000000E+00  0.00000000E+00 -3.20855787E-02
    0.466000      1   0.00000000E+00  0.00000000E+00  2.58941104E-03  0.00000000E+00  0.00000000E+00  0.00000000E+00  0.00000000E+00  0.00000000E+00  1.15589471E-01  0.00000000E+00  0.00000000E+00 -3.20921236E-02
    0.467000      1   0.00000000E+00  0.00000000E+00  2.59946524E-03  0.00000000E+00  0.00000000E+00  0.00000000E+00  0.00000000E+00  0.00000000E+00  1.15557370E-01  0.00000000E+00  0.00000000E+00 -3.21005008E-02
    0.468000      1   0.00000000E+00  0.00000000E+00  2.59208663E-03  0.00000000E+00  0.00000000E+00  0.00000000E+00  0.00000000E+00  0.00000000E+00  1.15525266E-01  0.00000000E+00  0.00000000E+00 -3.21042524E-02
    0.469000      1   0.00000000E+00  0.00000000E+00  2.56559531E-03  0.00000000E+00  0.00000000E+00  0.00000000E+00  0.00000000E+00  0.00000000E+00  1.15493160E-01  0.00000000E+00  0.00000000E+00 -3.21060069E-02
    0.470000      1   0.00000000E+00  0.00000000E+00  2.56898332E-03  0.00000000E+00  0.00000000E+00  0.00000000E+00  0.00000000E+00  0.00000000E+00  1.15461045E-01  0.00000000E+00  0.00000000E+00 -3.21148693E-02
    0.471000      1   0.00000000E+00  0.00000000E+00  2.57001152E-03  0.00000000E+00  0.00000000E+00  0.00000000E+00  0.00000000E+00  0.00000000E+00  1.15428914E-01  0.00000000E+00  0.00000000E+00 -3.21318327E-02
    0.472000      1   0.00000000E+00  0.00000000E+00  2.59908490E-03  0.00000000E+00  0.00000000E+00  0.00000000E+00  0.00000000E+00  0.00000000E+00  1.15396766E-01  0.00000000E+00  0.00000000E+00 -3.21475016E-02
    0.473000      1   0.00000000E+00  0.00000000E+00  2.56956261E-03  0.00000000E+00  0.00000000E+00  0.00000000E+00  0.00000000E+00  0.00000000E+00  1.15364608E-01  0.00000000E+00  0.00000000E+00 -3.21576915E-02
    0.474000      1   0.00000000E+00  0.00000000E+00  2.59072151E-03  0.00000000E+00  0.00000000E+00  0.00000000E+00  0.00000000E+00  0.00000000E+00  1.15332445E-01  0.00000000E+00  0.00000000E+00 -3.21635540E-02
    0.475000      1   0.00000000E+00  0.00000000E+00  2.59287528E-03  0.00000000E+00  0.00000000E+00  0.00000000E+00  0.00000000E+00  0.00000000E+00  1.15300269E-01  0.00000000E+00  0.00000000E+00 -3.21753703E-02
    0.476000      1   0.00000000E+00  0.00000000E+00  2.60417181E-03  0.00000000E+00  0.00000000E+00  0.00000000E+00  0.00000000E+00  0.00000000E+00  1.15268090E-01  0.00000000E+00  0.00000000E+00 -3.21798569E-02
    0.477000      1   0.00000000E+00  0.00000000E+00  2.58514344E-03  0.00000000E+00  0.00000000E+00  0.00000000E+00  0.00000000E+00  0.00000000E+00  1.15235908E-01  0.00000000E+00  0.00000000E+00 -3.21816384E-02
    0.478000      1   0.00000000E+00  0.00000000E+00  2.55791585E-03  0.00000000E+00  0.00000000E+00  0.00000000E+00  0.00000000E+00  0.00000000E+00  1.15203725E-01  0.00000000E+00  0.00000000E+00 -3.21830750E-02
    0.479000      1   0.00000000E+00  0.00000000E+00  2.58454254E-03  0.00000000E+00  0.00000000E+00  0.00000000E+00  0.00000000E+00  0.00000000E+00  1.15171529E-01  0.00000000E+00  0.00000000E+00 -3.21955757E-02
    0.480000      1   0.00000000E+00  0.00000000E+00  2.56925026E-03  0.00000000E+00  0.00000000E+00  0.00000000E+00  0.00000000E+00  0.00000000E+00  1.15139317E-01  0.00000000E+00  0.00000000E+00 -3.22123097E-02
    0.481000      1   0.00000000E+00  0.00000000E+00  2.58886488E-03  0.00000000E+00  0.00000000E+00  0.00000000E+00  0.00000000E+00  0.00000000E+00  1.15107094E-01  0.00000000E+00  0.00000000E+00 -3.22230033E-02
    0.482000      1   0.00000000E+00  0.00000000E+00  2.57507650E-03  0.00000000E+00  0.00000000E+00  0.00000000E+00  0.00000000E+00  0.00000000E+00  1.15074859E-01  0.00000000E+00  0.00000000E+00 -3.22352505E-02
    0.483000      1   0.00000000E+00  0.00000000E+00  2.59887429E-03  0.00000000E+00  0.00000000E+00  0.00000000E+00  0.00000000E+00  0.00000000E+00  1.15042615E-01  0.00000000E+00  0.00000000E+00 -3.22434944E-02
    0.484000      1   0.00000000E+00  0.00000000E+00  2.60051244E-03  0.00000000E+00  0.00000000E+00  0.00000000E+00  0.00000000E+00  0.00000000E+00  1.15010363E-01  0.00000000E+00  0.00000000E+00 -3.22520581E-02
    0.485000      1   0.00000000E+00  0.00000000E+00  2.59318300E-03  0.00000000E+00  0.00000000E+00  0.00000000E+00  0.00000000E+00  0.00000000E+00  1.14978111E-01  0.00000000E+00  0.00000000E+00 -3.22525166E-02
    0.486000      1   0.00000000E+00  0.00000000E+00  2.58364602E-03  0.00000000E+00  0.00000000E+00  0.00000000E+00  0.00000000E+00  0.00000000E+00  1.14945857E-01  0.00000000E+00  0.00000000E+00 -3.22537333E-02
    0.487000      1   0.00000000E+00  0.00000000E+00  2.55684905E-03  0.00000000E+00  0.00000000E+00  0.00000000E+00  0.00000000E+00  0.00000000E+00  1.14913598E-01  0.00000000E+00  0.00000000E+00 -3.22590436E-02
    0.488000      1   0.00000000E+00  0.00000000E+00  2.57517717E-03  0.00000000E+00  0.00000000E+00  0.00000000E+00  0.00000000E+00  0.00000000E+00  1.14881326E-01  0.00000000E+00  0.00000000E+00 -3.22722246E-02
    0.489000      1   0.00000000E+00  0.00000000E+00  2.59112852E-03  0.00000000E+00  0.00000000E+00  0.00000000E+00  0.00000000E+00  0.00000000E+00  1.14849035E-01  0.00000000E+00  0.00000000E+00 -3.22909651E-02
    0.490000      1   0.00000000E+00  0.00000000E+00  2.58689062E-03  0.00000000E+00  0.00000000E+00  0.00000000E+00  0.00000000E+00  0.00000000E+00  1.14816734E-01  0.00000000E+00  0.00000000E+00 -3.23008656E-02
    0.491000      1   0.00000000E+00  0.00000000E+00  2.58281140E-03  0.00000000E+00  0.00000000E+00  0.00000000E+00  0.00000000E+00  0.00000000E+00  1.14784428E-01  0.00000000E+00  0.00000000E+00 -3.23062768E-02
    0.492000      1   0.00000000E+00  0.00000000E+00  2.58751072E-03  0.00000000E+00  0.00000000E+00  0.00000000E+00  0.00000000E+00  0.00000000E+00  1.14752114E-01  0.00000000E+00  0.00000000E+00 -3.23138012E-02
    0.493000      1   0.00000000E+00  0.00000000E+00  2.60099947E-03  0.00000000E+00  0.00000000E+00  0.00000000E+00  0.00000000E+00  0.00000000E+00  1.14719792E-01  0.00000000E+00  0.00000000E+00 -3.23218342E-02
    0.494000      1   0.00000000E+00  0.00000000E+00  2.59723499E-03  0.00000000E+00  0.00000000E+00  0.00000000E+00  0.00000000E+00  0.00000000E+00  1.14687466E-01  0.00000000E+00  0.00000000E+00 -3.23259386E-02
    0.495000      1   0.00000000E+00  0.00000000E+00  2.56278295E-03  0.00000000E+00  0.00000000E+00  0.00000000E+00  0.00000000E+00  0.00000000E+00  1.14655140E-01  0.00000000E+00  0.00000000E+00 -3.23262787E-02
    0.496000      1   0.00000000E+00  0.00000000E+00  2.57059696E-03  0.00000000E+00  0.00000000E+00  0.00000000E+00  0.00000000E+00  0.00000000E+00  1.14622806E-01  0.00000000E+00  0.00000000E+00 -3.23339476E-02
    0.497000      1   0.00000000E+00  0.00000000E+00  2.58626954E-03  0.00000000E+00  0.00000000E+00  0.00000000E+00  0.00000000E+00  0.00000000E+00  1.14590454E-01  0.00000000E+00  0.00000000E+00 -3.23515493E-02
    0.498000      1   0.00000000E+00  0.00000000E+00  2.58663113E-03  0.00000000E+00  0.00000000E+00  0.00000000E+00  0.00000000E+00  0.00000000E+00  1.14558090E-01  0.00000000E+00  0.00000000E+00 -3.23638132E-02
    0.499000      1   0.00000000E+00  0.00000000E+00  2.56600893E-03  0.00000000E+00  0.00000000E+00  0.00000000E+00  0.00000000E+00  0.00000000E+00  1.14525719E-01  0.00000000E+00  0.00000000E+00 -3.23708661E-02
    0.500000      1   0.00000000E+00  0.00000000E+00  2.60099995E-03  0.00000000E+00  0.00000000E+00  0.00000000E+00  0.00000000E+00  0.00000000E+00  1.14493338E-01  0.00000000E+00  0.00000000E+00 -3.23814470E-02
    0.501000      1   0.00000000E+00  0.00000000E+00  2.60363537E-03  0.00000000E+00  0.00000000E+00  0.00000000E+00  0.00000000E+00  0.00000000E+00  1.14460945E-01  0.00000000E+00  0.00000000E+00 -3.23926128E-02
    0.502000      1   0.00000000E+00  0.00000000E+00  2.60190440E-03  0.00000000E+00  0.00000000E+00  0.00000000E+00  0.00000000E+00  0.00000000E+00  1.14428554E-01  0.00000000E+00  0.00000000E+00 -3.23918210E-02
    0.503000      1   0.00000000E+00  0.00000000E+00  2.58235913E-03  0.00000000E+00  0.00000000E+00  0.00000000E+00  0.00000000E+00  0.00000000E+00  1.14396163E-01  0.00000000E+00  0.00000000E+00 -3.23904697E-02
    0.504000      1   0.00000000E+00  0.00000000E+00  2.55963129E-03  0.00000000E+00  0.00000000E+00  0.00000000E+00  0.00000000E+00  0.00000000E+00  1.14363770E-01  0.00000000E+00  0.00000000E+00 -3.23931433E-02
    0.505000      1   0.00000000E+00  0.00000000E+00  2.57166460E-03  0.00000000E+00  0.00000000E+00  0.00000000E+00  0.00000000E+00  0.00000000E+00  1.14331364E-01  0.00000000E+00  0.00000000E+00 -3.24062550E-02
    0.506000      1   0.00000000E+00  0.00000000E+00  2.58790114E-03  0.00000000E+00  0.00000000E+00  0.00000000E+00  0.00000000E+00  0.00000000E+00  1.14298939E-01  0.00000000E+00  0.00000000E+00 -3.24247029E-02
    0.507000      1   0.00000000E+00  0.00000000E+00  2.59515710E-03  0.00000000E+00  0.00000000E+00  0.00000000E+00  0.00000000E+00  0.00000000E+00  1.14266503E-01  0.00000000E+00  0.00000000E+00 -3.24363277E-02
    0.508000      1   0.00000000E+00  0.00000000E+00  2.58356606E-03  0.00000000E+00  0.00000000E+00  0.00000000E+00  0.00000000E+00  0.00000000E+00  1.14234061E-01  0.00000000E+00  0.00000000E+00 -3.24413370E-02
    0.509000      1   0.00000000E+00  0.00000000E+00  2.57974584E-03  0.00000000E+00  0.00000000E+00  0.00000000E+00  0.00000000E+00  0.00000000E+00  1.14201615E-01  0.00000000E+00  0.00000000E+00 -3.24460131E-02
    0.510000      1   0.00000000E+00  0.00000000E+00  2.60471504E-03  0.00000000E+00  0.00000000E+00  0.00000000E+00  0.00000000E+00  0.00000000E+00  1.14169160E-01  0.00000000E+00  0.00000000E+00 -3.24551714E-02
    0.511000      1   0.00000000E+00  0.00000000E+00  2.60144856E-03  0.00000000E+00  0.00000000E+00  0.00000000E+00  0.00000000E+00  0.00000000E+00  1.14136699E-01  0.00000000E+00  0.00000000E+00 -3.24611688E-02
    0.512000      1   0.00000000E+00  0.00000000E+00  2.56872805E-03  0.00000000E+00  0.00000000E+00  0.00000000E+00  0.00000000E+00  0.00000000E+00  1.14104239E-01  0.00000000E+00  0.00000000E+00 -3.24595436E-02
    0.513000      1   0.00000000E+00  0.00000000E+00  2.56910104E-03  0.00000000E+00  0.00000000E+00  0.00000000E+00  0.00000000E+00  0.00000000E+00  1.14071775E-01  0.00000000E+00  0.00000000E+00 -3.24647774E-02
    0.514000      1   0.00000000E+00  0.00000000E+00  2.58633081E-03  0.00000000E+00  0.00000000E+00  0.00000000E+00  0.00000000E+00  0.00000000E+00  1.14039294E-01  0.00000000E+00  0.00000000E+00 -3.24806911E-02
    0.515000      1   0.00000000E+00  0.00000000E+00  2.58894050E-03  0.00000000E+00  0.00000000E+00  0.00000000E+00  0.00000000E+00  0.00000000E+00  1.14006801E-01  0.00000000E+00  0.00000000E+00 -3.24934355E-02
    0.516000      1   0.00000000E+00  0.00000000E+00  2.57335575E-03  0.00000000E+00  0.00000000E+00  0.00000000E+00  0.00000000E+00  0.00000000E+00  1.13974301E-01  0.00000000E+00  0.00000000E+00 -3.25000598E-02
    0.517000      1   0.00000000E+00  0.00000000E+00  2.59679327E-03  0.00000000E+00  0.00000000E+00  0.00000000E+00  0.00000000E+00  0.00000000E+00  1.13941792E-01  0.00000000E+00  0.00000000E+00 -3.25085831E-02
    0.518000      1   0.00000000E+00  0.00000000E+00  2.59931088E-03  0.00000000E+00  0.00000000E+00  0.00000000E+00  0.00000000E+00  0.00000000E+00  1.13909274E-01  0.00000000E+00  0.00000000E+00 -3.25180800E-02
    0.519000      1   0.00000000E+00  0.00000000E+00  2.61181793E-03  0.00000000E+00  0.00000000E+00  0.00000000E+00  0.00000000E+00  0.00000000E+00  1.13876754E-01  0.00000000E+00  0.00000000E+00 -3.25194345E-02
    0.520000      1   0.00000000E+00  0.00000000E+00  2.58649728E-03  0.00000000E+00  0.00000000E+00  0.00000000E+00  0.00000000E+00  0.00000000E+00  1.13844237E-01  0.00000000E+00  0.00000000E+00 -3.25177503E-02
    0.521000      1   0.00000000E+00  0.00000000E+00  2.56125923E-03  0.00000000E+00  0.00000000E+00  0.00000000E+00  0.00000000E+00  0.00000000E+00  1.13811720E-01  0.00000000E+00  0.00000000E+00 -3.25164364E-02
    0.522000      1   0.00000000E+00  0.00000000E+00  2.56973529E-03  0.00000000E+00  0.00000000E+00  0.00000000E+00  0.00000000E+00  0.00000000E+00  1.13779192E-01  0.00000000E+00  0.00000000E+00 -3.25279012E-02
    0.523000      1   0.00000000E+00  0.00000000E+00  2.59072742E-03  0.00000000E+00  0.00000000E+00  0.00000000E+00  0.00000000E+00  0.00000000E+00  1.13746646E-01  0.00000000E+00  0.00000000E+00 -3.25461557E-02
    0.524000      1   0.00000000E+00  0.00000000E+00  2.59111687E-03  0.00000000E+00  0.00000000E+00  0.00000000E+00  0.00000000E+00  0.00000000E+00  1.13714088E-01  0.00000000E+00  0.00000000E+00 -3.25579142E-02
    0.525000      1   0.00000000E+00  0.00000000E+00  2.58246008E-03  0.00000000E+00  0.00000000E+00  0.00000000E+00  0.00000000E+00  0.00000000E+00  1.13681526E-01  0.00000000E+00  0.00000000E+00 -3.25627098E-02
    0.526000      1   0.00000000E+00  0.00000000E+00  2.59859045E-03  0.00000000E+00  0.00000000E+00  0.00000000E+00  0.00000000E+00  0.00000000E+00  1.13648957E-01  0.00000000E+00  0.00000000E+00 -3.25689083E-02
    0.527000      1   0.00000000E+00  0.00000000E+00  2.59141446E-03  0.00000000E+00  0.00000000E+00  0.00000000E+00  0.00000000E+00  0.00000000E+00  1.13616382E-01  0.00000000E+00  0.00000000E+00 -3.25750974E-02
    0.528000      1   0.00000000E+00  0.00000000E+00  2.60402665E-03  0.00000000E+00  0.00000000E+00  0.00000000E+00  0.00000000E+00  0.00000000E+00  1.13583804E-01  0.00000000E+00  0.00000000E+00 -3.25772580E-02
    0.529000      1   0.00000000E+00  0.00000000E+00  2.57373994E-03  0.00000000E+00  0.00000000E+00  0.00000000E+00  0.00000000E+00  0.00000000E+00  1.13551225E-01  0.00000000E+00  0.00000000E+00 -3.25795450E-02
    0.530000      1   0.00000000E+00  0.00000000E+00  2.57404520E-03  0.00000000E+00  0.00000000E+00  0.00000000E+00  0.00000000E+00  0.00000000E+00  1.13518642E-01  0.00000000E+00  0.00000000E+00 -3.25830458E-02
    0.531000      1   0.00000000E+00  0.00000000E+00  2.58474079E-03  0.00000000E+00  0.00000000E+00  0.00000000E+00  0.00000000E+00  0.00000000E+00  1.13486045E-01  0.00000000E+00  0.00000000E+00 -3.25964393E-02
    0.532000      1   0.00000000E+00  0.00000000E+00  2.58023163E-03  0.00000000E+00  0.00000000E+00  0.00000000E+00  0.00000000E+00  0.00000000E+00  1.13453437E-01  0.00000000E+00  0.00000000E+00 -3.26078411E-02
    0.533000      1   0.00000000E+00  0.00000000E+00  2.58769438E-03  0.00000000E+00  0.00000000E+00  0.00000000E+00  0.00000000E+00  0.00000000E+00  1.13420821E-01  0.00000000E+00  0.00000000E+00 -3.26165277E-02
    0.534000      1   0.00000000E+00  0.00000000E+00  2.59031882E-03  0.00000000E+00  0.00000000E+00  0.00000000E+00  0.00000000E+00  0.00000000E+00  1.13388196E-01  0.00000000E+00  0.00000000E+00 -3.26253755E-02
    0.535000      1   0.00000000E+00  0.00000000E+00  2.60613001E-03  0.00000000E+00  0.00000000E+00  0.00000000E+00  0.00000000E+00  0.00000000E+00  1.13355564E-01  0.00000000E+00  0.00000000E+00 -3.26313083E-02
    0.536000      1   0.00000000E+00  0.00000000E+00  2.60146823E-03  0.00000000E+00  0.00000000E+00  0.00000000E+00  0.00000000E+00  0.00000000E+00  1.13322931E-01  0.00000000E+00  0.00000000E+00 -3.26335831E-02
    0.537000      1   0.00000000E+00  0.00000000E+00  2.59910438E-03  0.00000000E+00  0.00000000E+00  0.00000000E+00  0.00000000E+00  0.00000000E+00  1.13290299E-01  0.00000000E+00  0.00000000E+00 -3.26314897E-02
    0.538000      1   0.00000000E+00  0.00000000E+00  2.55572650E-03  0.00000000E+00  0.00000000E+00  0.00000000E+00  0.00000000E+00  0.00000000E+00  1.13257668E-01  0.00000000E+00  0.00000000E+00 -3.26313454E-02
    0.539000      1   0.00000000E+00  0.00000000E+00  2.57778334E-03  0.00000000E+00  0.00000000E+00  0.00000000E+00  0.00000000E+00  0.00000000E+00  1.13225028E-01  0.00000000E+00  0.00000000E+00 -3.26396482E-02
    0.540000      1   0.00000000E+00  0.00000000E+00  2.58471154E-03  0.00000000E+00  0.00000000E+00  0.00000000E+00  0.00000000E+00  0.00000000E+00  1.13192370E-01  0.00000000E+00  0.00000000E+00 -3.26582965E-02
    0.541000      1   0.00000000E+00  0.00000000E+00  2.59210127E-03  0.00000000E+00  0.00000000E+00  0.00000000E+00  0.00000000E+00  0.00000000E+00  1.13159701E-01  0.00000000E+00  0.00000000E+00 -3.26684758E-02
    0.542000      1   0.00000000E+00  0.00000000E+00  2.58283989E-03  0.00000000E+00  0.00000000E+00  0.00000000E+00  0.00000000E+00  0.00000000E+00  1.13127026E-01  0.00000000E+00  0.00000000E+00 -3.26750730E-02
    0.543000      1   0.00000000E+00  0.00000000E+00  2.60594392E-03  0.00000000E+00  0.00000000E+00  0.00000000E+00  0.00000000E+00  0.00000000E+00  1.13094345E-01  0.00000000E+00  0.00000000E+00 -3.26808811E-02
    0.544000      1   0.00000000E+00  0.00000000E+00  2.58483911E-03  0.00000000E+00  0.00000000E+00  0.00000000E+00  0.00000000E+00  0.00000000E+00  1.13061660E-01  0.00000000E+00  0.00000000E+00 -3.26856451E-02
    0.545000      1   0.00000000E+00  0.00000000E+00  2.60914747E-03  0.00000000E+00  0.00000000E+00  0.00000000E+00  0.00000000E+00  0.00000000E+00  1.13028973E-01  0.00000000E+00  0.00000000E+00 -3.26865535E-02
    0.546000      1   0.00000000E+00  0.00000000E+00  2.57652328E-03  0.00000000E+00  0.00000000E+00  0.00000000E+00  0.00000000E+00  0.00000000E+00  1.12996283E-01  0.00000000E+00  0.00000000E+00 -3.26900943E-02
    0.547000      1   0.00000000E+00  0.00000000E+00  2.57267431E-03  0.00000000E+00  0.00000000E+00  0.00000000E+00  0.00000000E+00  0.00000000E+00  1.12963592E-01  0.00000000E+00  0.00000000E+00 -3.26914212E-02
    0.548000      1   0.00000000E+00  0.00000000E+00  2.58619211E-03  0.00000000E+00  0.00000000E+00  0.00000000E+00  0.00000000E+00  0.00000000E+00  1.12930888E-01  0.00000000E+00  0.00000000E+00 -3.27041430E-02
    0.549000      1   0.00000000E+00  0.00000000E+00  2.58209236E-03  0.00000000E+00  0.00000000E+00  0.00000000E+00  0.00000000E+00  0.00000000E+00  1.12898172E-01  0.00000000E+00  0.00000000E+00 -3.27157384E-02
    0.550000      1   0.00000000E+00  0.00000000E+00  2.58931765E-03  0.00000000E+00  0.00000000E+00  0.00000000E+00  0.00000000E+00  0.00000000E+00  1.12865448E-01  0.00000000E+00  0.00000000E+00 -3.27236193E-02
    0.551000      1   0.00000000E+00  0.00000000E+00  2.58963747E-03  0.00000000E+00  0.00000000E+00  0.00000000E+00  0.00000000E+00  0.00000000E+00  1.12832717E-01  0.00000000E+00  0.00000000E+00 -3.27315689E-02
    0.552000      1   0.00000000E+00  0.00000000E+00  2.60794299E-03  0.00000000E+00  0.00000000E+00  0.00000000E+00  0.00000000E+00  0.00000000E+00  1.12799980E-01  0.00000000E+00  0.00000000E+00 -3.27370891E-02
    0.553000      1   0.00000000E+00  0.00000000E+00  2.60240971E-03  0.00000000E+00  0.00000000E+00  0.00000000E+00  0.00000000E+00  0.00000000E+00  1.12767240E-01  0.00000000E+00  0.00000000E+00 -3.27392671E-02
    0.554000      1   0.00000000E+00  0.00000000E+00  2.60062357E-03  0.00000000E+00  0.00000000E+00  0.00000000E+00  0.00000000E+00  0.00000000E+00  1.12734504E-01  0.00000000E+00  0.00000000E+00 -3.27364118E-02
    0.555000      1   0.00000000E+00  0.00000000E+00  2.55502094E-03  0.00000000E+00  0.00000000E+00  0.00000000E+00  0.00000000E+00  0.00000000E+00  1.12701768E-01  0.00000000E+00  0.00000000E+00 -3.27356896E-02
    0.556000      1   0.00000000E+00  0.00000000E+00  2.58079010E-03  0.00000000E+00  0.00000000E+00  0.00000000E+00  0.00000000E+00  0.00000000E+00  1.12669025E-01  0.00000000E+00  0.00000000E+00 -3.27436183E-02
    0.557000      1   0.00000000E+00  0.00000000E+00  2.58599831E-03  0.00000000E+00  0.00000000E+00  0.00000000E+00  0.00000000E+00  0.00000000E+00  1.12636263E-01  0.00000000E+00  0.00000000E+00 -3.27619666E-02
    0.558000      1   0.00000000E+00  0.00000000E+00  2.59365492E-03  0.00000000E+00  0.00000000E+00  0.00000000E+00  0.00000000E+00  0.00000000E+00  1.12603492E-01  0.00000000E+00  0.00000000E+00 -3.27709309E-02
    0.559000      1   0.00000000E+00  0.00000000E+00  2.58437770E-03  0.00000000E+00  0.00000000E+00  0.00000000E+00  0.00000000E+00  0.00000000E+00  1.12570715E-01  0.00000000E+00  0.00000000E+00 -3.27768307E-02
    0.560000      1   0.00000000E+00  0.00000000E+00  2.60580175E-03  0.00000000E+00  0.00000000E+00  0.00000000E+00  0.00000000E+00  0.00000000E+00  1.12537933E-01  0.00000000E+00  0.00000000E+00 -3.27818566E-02
    0.561000      1   0.00000000E+00  0.00000000E+00  2.58874078E-03  0.00000000E+00  0.00000000E+00  0.00000000E+00  0.00000000E+00  0.00000000E+00  1.12505147E-01  0.00000000E+00  0.00000000E+00 -3.27861407E-02
    0.562000      1   0.00000000E+00  0.00000000E+00  2.60808311E-03  0.00000000E+00  0.00000000E+00  0.00000000E+00  0.00000000E+00  0.00000000E+00  1.12472360E-01  0.00000000E+00  0.00000000E+00 -3.27864058E-02
    0.563000      1   0.00000000E+00  0.00000000E+00  2.57318388E-03  0.00000000E+00  0.00000000E+00  0.00000000E+00  0.00000000E+00  0.00000000E+00  1.12439572E-01  0.00000000E+00  0.00000000E+00 -3.27888535E-02
    0.564000      1   0.00000000E+00  0.00000000E+00  2.57830482E-03  0.00000000E+00  0.00000000E+00  0.00000000E+00  0.00000000E+00  0.00000000E+00  1.12406780E-01  0.00000000E+00  0.00000000E+00 -3.27911205E-02
    0.565000      1   0.00000000E+00  0.00000000E+00  2.58234858E-03  0.00000000E+00  0.00000000E+00  0.00000000E+00  0.00000000E+00  0.00000000E+00  1.12373977E-01  0.00000000E+00  0.00000000E+00 -3.28039433E-02
    0.566000      1   0.00000000E+00  0.00000000E+00  2.59085940E-03  0.00000000E+00  0.00000000E+00  0.00000000E+00  0.00000000E+00  0.00000000E+00  1.12341162E-01  0.00000000E+00  0.00000000E+00 -3.28143692E-02
    0.567000      1   0.00000000E+00  0.00000000E+00  2.58319047E-03  0.00000000E+00  0.00000000E+00  0.00000000E+00  0.00000000E+00  0.00000000E+00  1.12308340E-01  0.00000000E+00  0.00000000E+00 -3.28219621E-02
    0.568000      1   0.00000000E+00  0.00000000E+00  2.59576543E-03  0.00000000E+00  0.00000000E+00  0.00000000E+00  0.00000000E+00  0.00000000E+00  1.12275512E-01  0.00000000E+00  0.00000000E+00 -3.28281160E-02
    0.569000      1   0.00000000E+00  0.00000000E+00  2.60258483E-03  0.00000000E+00  0.00000000E+00  0.00000000E+00  0.00000000E+00  0.00000000E+00  1.12242677E-01  0.00000000E+00  0.00000000E+00 -3.28345648E-02
    0.570000      1   0.00000000E+00  0.00000000E+00  2.61394907E-03  0.00000000E+00  0.00000000E+00  0.00000000E+00  0.00000000E+00  0.00000000E+00  1.12209842E-01  0.00000000E+00  0.00000000E+00 -3.28356778E-02
    0.571000      1   0.00000000E+00  0.00000000E+00  2.59222176E-03  0.00000000E+00  0.00000000E+00  0.00000000E+00  0.00000000E+00  0.00000000E+00  1.12177009E-01  0.00000000E+00  0.00000000E+00 -3.28325416E-02
    0.572000      1   0.00000000E+00  0.00000000E+00  2.56209369E-03  0.00000000E+00  0.00000000E+00  0.00000000E+00  0.00000000E+00  0.00000000E+00  1.12144180E-01  0.00000000E+00  0.00000000E+00 -3.28295154E-02
    0.573000      1   0.00000000E+00  0.00000000E+00  2.56952820E-03  0.00000000E+00  0.00000000E+00  0.00000000E+00  0.00000000E+00  0.00000000E+00  1.12111341E-01  0.00000000E+00  0.00000000E+00 -3.28389527E-02
    0.574000      1   0.00000000E+00  0.00000000E+00  2.59715921E-03  0.00000000E+00  0.00000000E+00  0.00000000E+00  0.00000000E+00  0.00000000E+00  1.12078484E-01  0.00000000E+00  0.00000000E+00 -3.28569697E-02
    0.575000      1   0.00000000E+00  0.00000000E+00  2.59573462E-03  0.00000000E+00  0.00000000E+00  0.00000000E+00  0.00000000E+00  0.00000000E+00  1.12045616E-01  0.00000000E+00  0.00000000E+00 -3.28676589E-02
    0.576000      1   0.00000000E+00  0.00000000E+00  2.58711295E-03  0.00000000E+00  0.00000000E+00  0.00000000E+00  0.00000000E+00  0.00000000E+00  1.12012747E-01  0.00000000E+00  0.00000000E+00 -3.28695256E-02
    0.577000      1   0.00000000E+00  0.00000000E+00  2.59154111E-03  0.00000000E+00  0.00000000E+00  0.00000000E+00  0.00000000E+00  0.00000000E+00  1.11979873E-01  0.00000000E+00  0.00000000E+00 -3.28733848E-02
    0.578000      1   0.00000000E+00  0.00000000E+00  2.60272447E-03  0.00000000E+00  0.00000000E+00  0.00000000E+00  0.00000000E+00  0.00000000E+00  1.11946994E-01  0.00000000E+00  0.00000000E+00 -3.28792924E-02
    0.579000      1   0.00000000E+00  0.00000000E+00  2.60662326E-03  0.00000000E+00  0.00000000E+00  0.00000000E+00  0.00000000E+00  0.00000000E+00  1.11914112E-01  0.00000000E+00  0.00000000E+00 -3.28817680E-02
    0.580000      1   0.00000000E+00  0.00000000E+00  2.57169783E-03  0.00000000E+00  0.00000000E+00  0.00000000E+00  0.00000000E+00  0.00000000E+00  1.11881232E-01  0.00000000E+00  0.00000000E+00 -3.28798815E-02
    0.581000      1   0.00000000E+00  0.00000000E+00  2.57581990E-03  0.00000000E+00  0.00000000E+00  0.00000000E+00  0.00000000E+00  0.00000000E+00  1.11848349E-01  0.00000000E+00  0.00000000E+00 -3.28828906E-02
    0.582000      1   0.00000000E+00  0.00000000E+00  2.59027361E-03  0.00000000E+00  0.00000000E+00  0.00000000E+00  0.00000000E+00  0.00000000E+00  1.11815453E-01  0.00000000E+00  0.00000000E+00 -3.28966409E-02
    0.583000      1   0.00000000E+00  0.00000000E+00  2.59251426E-03  0.00000000E+00  0.00000000E+00  0.00000000E+00  0.00000000E+00  0.00000000E+00  1.11782546E-01  0.00000000E+00  0.00000000E+00 -3.29064815E-02
    0.584000      1   0.00000000E+00  0.00000000E+00  2.57104076E-03  0.00000000E+00  0.00000000E+00  0.00000000E+00  0.00000000E+00  0.00000000E+00  1.11749635E-01  0.00000000E+00  0.00000000E+00 -3.29111790E-02
    0.585000      1   0.00000000E+00  0.00000000E+00  2.60754646E-03  0.00000000E+00  0.00000000E+00  0.00000000E+00  0.00000000E+00  0.00000000E+00  1.11716716E-01  0.00000000E+00  0.00000000E+00 -3.29189380E-02
    0.586000      1   0.00000000E+00  0.00000000E+00  2.60574248E-03  0.00000000E+00  0.00000000E+00  0.00000000E+00  0.00000000E+00  0.00000000E+00  1.11683789E-01  0.00000000E+00  0.00000000E+00 -3.29272935E-02
    0.587000      1   0.00000000E+00  0.00000000E+00  2.61371623E-03  0.00000000E+00  0.00000000E+00  0.00000000E+00  0.00000000E+00  0.00000000E+00  1.11650865E-01  0.00000000E+00  0.00000000E+00 -3.29239791E-02
    0.588000      1   0.00000000E+00  0.00000000E+00  2.58331213E-03  0.00000000E+00  0.00000000E+00  0.00000000E+00  0.00000000E+00  0.00000000E+00  1.11617945E-01  0.00000000E+00  0.00000000E+00 -3.29198471E-02
    0.589000      1   0.00000000E+00  0.00000000E+00  2.56693286E-03  0.00000000E+00  0.00000000E+00  0.00000000E+00  0.00000000E+00  0.00000000E+00  1.11585027E-01  0.00000000E+00  0.00000000E+00 -3.29184729E-02
    0.590000      1   0.00000000E+00  0.00000000E+00  2.57315177E-03  0.00000000E+00  0.00000000E+00  0.00000000E+00  0.00000000E+00  0.00000000E+00  1.11552097E-01  0.00000000E+00  0.00000000E+00 -3.29299805E-02
    0.591000      1   0.00000000E+00  0.00000000E+00  2.59577945E-03  0.00000000E+00  0.00000000E+00  0.00000000E+00  0.00000000E+00  0.00000000E+00  1.11519151E-01  0.00000000E+00  0.00000000E+00 -3.29457675E-02
    0.592000      1   0.00000000E+00  0.00000000E+00  2.60183273E-03  0.00000000E+00  0.00000000E+00  0.00000000E+00  0.00000000E+00  0.00000000E+00  1.11486195E-01  0.00000000E+00  0.00000000E+00 -3.29555106E-02
    0.593000      1   0.00000000E+00  0.00000000E+00  2.58934352E-03  0.00000000E+00  0.00000000E+00  0.00000000E+00  0.00000000E+00  0.00000000E+00  1.11453239E-01  0.00000000E+00  0.00000000E+00 -3.29567521E-02
    0.594000      1   0.00000000E+00  0.00000000E+00  2.58445747E-03  0.00000000E+00  0.00000000E+00  0.00000000E+00  0.00000000E+00  0.00000000E+00  1.11420280E-01  0.00000000E+00  0.00000000E+00 -3.29582141E-02
    0.595000      1   0.00000000E+00  0.00000000E+00  2.60982451E-03  0.00000000E+00  0.00000000E+00  0.00000000E+00  0.00000000E+00  0.00000000E+00  1.11387316E-01  0.00000000E+00  0.00000000E+00 -3.29646418E-02
    0.596000      1   0.00000000E+00  0.00000000E+00  2.60604511E-03  0.00000000E+00  0.00000000E+00  0.00000000E+00  0.00000000E+00  0.00000000E+00  1.11354348E-01  0.00000000E+00  0.00000000E+00 -3.29681883E-02
    0.597000      1   0.00000000E+00  0.00000000E+00  2.56865335E-03  0.00000000E+00  0.00000000E+00  0.00000000E+00  0.00000000E+00  0.00000000E+00  1.11321383E-01  0.00000000E+00  0.00000000E+00 -3.29640722E-02
    0.598000      1   0.00000000E+00  0.00000000E+00  2.57574612E-03  0.00000000E+00  0.00000000E+00  0.00000000E+00  0.00000000E+00  0.00000000E+00  1.11288416E-01  0.00000000E+00  0.00000000E+00 -3.29678096E-02
    0.599000      1   0.00000000E+00  0.00000000E+00  2.58875684E-03  0.00000000E+00  0.00000000E+00  0.00000000E+00  0.00000000E+00  0.00000000E+00  1.11255433E-01  0.00000000E+00  0.00000000E+00 -3.29825728E-02
    0.600000      1   0.00000000E+00  0.00000000E+00  2.59650124E-03  0.00000000E+00  0.00000000E+00  0.00000000E+00  0.00000000E+00  0.00000000E+00  1.11222440E-01  0.00000000E+00  0.00000000E+00 -3.29927058E-02
    0.601000      1   0.00000000E+00  0.00000000E+00  2.57377654E-03  0.00000000E+00  0.00000000E+00  0.00000000E+00  0.00000000E+00  0.00000000E+00  1.11189443E-01  0.00000000E+00  0.00000000E+00 -3.29971964E-02
    0.602000      1   0.00000000E+00  0.00000000E+00  2.60695075E-03  0.00000000E+00  0.00000000E+00  0.00000000E+00  0.00000000E+00  0.00000000E+00  1.11156440E-01  0.00000000E+00  0.00000000E+00 -3.30031622E-02
    0.603000      1   0.00000000E+00  0.00000000E+00  2.60927070E-03  0.00000000E+00  0.00000000E+00  0.00000000E+00  0.00000000E+00  0.00000000E+00  1.11123429E-01  0.00000000E+00  0.00000000E+00 -3.30107246E-02
    0.604000      1   0.00000000E+00  0.00000000E+00  2.60818674E-03  0.00000000E+00  0.00000000E+00  0.00000000E+00  0.00000000E+00  0.00000000E+00  1.11090422E-01  0.00000000E+00  0.00000000E+00 -3.30069819E-02
    0.605000      1   0.00000000E+00  0.00000000E+00  2.58172991E-03  0.00000000E+00  0.00000000E+00  0.00000000E+00  0.00000000E+00  0.00000000E+00  1.11057420E-01  0.00000000E+00  0.00000000E+00 -3.30026690E-02
    0.606000      1   0.00000000E+00  0.00000000E+00  2.56703700E-03  0.00000000E+00  0.00000000E+00  0.00000000E+00  0.00000000E+00  0.00000000E+00  1.11024416E-01  0.00000000E+00  0.00000000E+00 -3.30033906E-02
    0.607000      1   0.00000000E+00  0.00000000E+00  2.58318834E-03  0.00000000E+00  0.00000000E+00  0.00000000E+00  0.00000000E+00  0.00000000E+00  1.10991401E-01  0.00000000E+00  0.00000000E+00 -3.30153994E-02
    0.608000      1   0.00000000E+00  0.00000000E+00  2.59676872E-03  0.00000000E+00  0.00000000E+00  0.00000000E+00  0.00000000E+00  0.00000000E+00  1.10958371E-01  0.00000000E+00  0.00000000E+00 -3.30293773E-02
    0.609000      1   0.00000000E+00  0.00000000E+00  2.59179217E-03  0.00000000E+00  0.00000000E+00  0.00000000E+00  0.00000000E+00  0.00000000E+00  1.10925336E-01  0.00000000E+00  0.00000000E+00 -3.30356494E-02
    0.610000      1   0.00000000E+00  0.00000000E+00  2.59715743E-03  0.00000000E+00  0.00000000E+00  0.00000000E+00  0.00000000E+00  0.00000000E+00  1.10892297E-01  0.00000000E+00  0.00000000E+00 -3.30383415E-02
    0.611000      1   0.00000000E+00  0.00000000E+00  2.59109464E-03  0.00000000E+00  0.00000000E+00  0.00000000E+00  0.00000000E+00  0.00000000E+00  1.10859256E-01  0.00000000E+00  0.00000000E+00 -3.30417192E-02
    0.612000      1   0.00000000E+00  0.00000000E+00  2.60917739E-03  0.00000000E+00  0.00000000E+00  0.00000000E+00  0.00000000E+00  0.00000000E+00  1.10826211E-01  0.00000000E+00  0.00000000E+00 -3.30444070E-02
    0.613000      1   0.00000000E+00  0.00000000E+00  2.60051580E-03  0.00000000E+00  0.00000000E+00  0.00000000E+00  0.00000000E+00  0.00000000E+00  1.10793165E-01  0.00000000E+00  0.00000000E+00 -3.30458881E-02
    0.614000      1   0.00000000E+00  0.00000000E+00  2.56878265E-03  0.00000000E+00  0.00000000E+00  0.00000000E+00  0.00000000E+00  0.00000000E+00  1.10760123E-01  0.00000000E+00  0.00000000E+00 -3.30429624E-02
    0.615000      1   0.00000000E+00  0.00000000E+00  2.58722017E-03  0.00000000E+00  0.00000000E+00  0.00000000E+00  0.00000000E+00  0.00000000E+00  1.10727074E-01  0.00000000E+00  0.00000000E+00 -3.30484928E-02
    0.616000      1   0.00000000E+00  0.00000000E+00  2.57547322E-03  0.00000000E+00  0.00000000E+00  0.00000000E+00  0.00000000E+00  0.00000000E+00  1.10694013E-01  0.00000000E+00  0.00000000E+00 -3.30611845E-02
    0.617000      1   0.00000000E+00  0.00000000E+00  2.59743717E-03  0.00000000E+00  0.00000000E+00  0.00000000E+00  0.00000000E+00  0.00000000E+00  1.10660943E-01  0.00000000E+00  0.00000000E+00 -3.30698983E-02
    0.618000      1   0.00000000E+00  0.00000000E+00  2.58547781E-03  0.00000000E+00  0.00000000E+00  0.00000000E+00  0.00000000E+00  0.00000000E+00  1.10627864E-01  0.00000000E+00  0.00000000E+00 -3.30785859E-02
    0.619000      1   0.00000000E+00  0.00000000E+00  2.61855370E-03  0.00000000E+00  0.00000000E+00  0.00000000E+00  0.00000000E+00  0.00000000E+00  1.10594782E-01  0.00000000E+00  0.00000000E+00 -3.30821751E-02
    0.620000      1   0.00000000E+00  0.00000000E+00  2.58788099E-03  0.00000000E+00  0.00000000E+00  0.00000000E+00  0.00000000E+00  0.00000000E+00  1.10561698E-01  0.00000000E+00  0.00000000E+00 -3.30838428E-02
    0.621000      1   0.00000000E+00  0.00000000E+00  2.61063748E-03  0.00000000E+00  0.00000000E+00  0.00000000E+00  0.00000000E+00  0.00000000E+00  1.10528618E-01  0.00000000E+00  0.00000000E+00 -3.30800721E-02
    0.622000      1   0.00000000E+00  0.00000000E+00  2.57633583E-03  0.00000000E+00  0.00000000E+00  0.00000000E+00  0.00000000E+00  0.00000000E+00  1.10495536E-01  0.00000000E+00  0.00000000E+00 -3.30823505E-02
    0.623000      1   0.00000000E+00  0.00000000E+00  2.58272542E-03  0.00000000E+00  0.00000000E+00  0.00000000E+00  0.00000000E+00  0.00000000E+00  1.10462453E-01  0.00000000E+00  0.00000000E+00 -3.30832211E-02
    0.624000      1   0.00000000E+00  0.00000000E+00  2.56889575E-03  0.00000000E+00  0.00000000E+00  0.00000000E+00  0.00000000E+00  0.00000000E+00  1.10429358E-01  0.00000000E+00  0.00000000E+00 -3.30942271E-02
    0.625000      1   0.00000000E+00  0.00000000E+00  2.61222487E-03  0.00000000E+00  0.00000000E+00  0.00000000E+00  0.00000000E+00  0.00000000E+00  1.10396253E-01  0.00000000E+00  0.00000000E+00 -3.31055802E-02
    0.626000      1   0.00000000E+00  0.00000000E+00  2.57550070E-03  0.00000000E+00  0.00000000E+00  0.00000000E+00  0.00000000E+00  0.00000000E+00  1.10363139E-01  0.00000000E+00  0.00000000E+00 -3.31138129E-02
    0.627000      1   0.00000000E+00  0.00000000E+00  2.60497002E-03  0.00000000E+00  0.00000000E+00  0.00000000E+00  0.00000000E+00  0.00000000E+00  1.10330025E-01  0.00000000E+00  0.00000000E+00 -3.31143099E-02
    0.628000      1   0.00000000E+00  0.00000000E+00  2.59748308E-03  0.00000000E+00  0.00000000E+00  0.00000000E+00  0.00000000E+00  0.00000000E+00  1.10296903E-01  0.00000000E+00  0.00000000E+00 -3.31216564E-02
    0.629000      1   0.00000000E+00  0.00000000E+00  2.61954352E-03  0.00000000E+00  0.00000000E+00  0.00000000E+00  0.00000000E+00  0.00000000E+00  1.10263782E-01  0.00000000E+00  0.00000000E+00 -3.31206487E-02
    0.630000      1   0.00000000E+00  0.00000000E+00  2.58204264E-03  0.00000000E+00  0.00000000E+00  0.00000000E+00  0.00000000E+00  0.00000000E+00  1.10230664E-01  0.00000000E+00  0.00000000E+00 -3.31181987E-02
    0.631000      1   0.00000000E+00  0.00000000E+00  2.57248205E-03  0.00000000E+00  0.00000000E+00  0.00000000E+00  0.00000000E+00  0.00000000E+00  1.10197549E-01  0.00000000E+00  0.00000000E+00 -3.31151353E-02
    0.632000      1   0.00000000E+00  0.00000000E+00  2.59123534E-03  0.00000000E+00  0.00000000E+00  0.00000000E+00  0.00000000E+00  0.00000000E+00  1.10164423E-01  0.00000000E+00  0.00000000E+00 -3.31260784E-02
    0.633000      1   0.00000000E+00  0.00000000E+00  2.57815573E-03  0.00000000E+00  0.00000000E+00  0.00000000E+00  0.00000000E+00  0.00000000E+00  1.10131286E-01  0.00000000E+00  0.00000000E+00 -3.31368451E-02
    0.634000      1   0.00000000E+00  0.00000000E+00  2.60039800E-03  0.00000000E+00  0.00000000E+00  0.00000000E+00  0.00000000E+00  0.00000000E+00  1.10098142E-01  0.00000000E+00  0.00000000E+00 -3.31437659E-02
    0.635000      1   0.00000000E+00  0.00000000E+00  2.59068284E-03  0.00000000E+00  0.00000000E+00  0.00000000E+00  0.00000000E+00  0.00000000E+00  1.10064991E-01  0.00000000E+00  0.00000000E+00 -3.31510489E-02
    0.636000      1   0.00000000E+00  0.00000000E+00  2.60184321E-03  0.00000000E+00  0.00000000E+00  0.00000000E+00  0.00000000E+00  0.00000000E+00  1.10031839E-01  0.00000000E+00  0.00000000E+00 -3.31527453E-02
    0.637000      1   0.00000000E+00  0.00000000E+00  2.60719466E-03  0.00000000E+00  0.00000000E+00  0.00000000E+00  0.00000000E+00  0.00000000E+00  1.09998683E-01  0.00000000E+00  0.00000000E+00 -3.31556587E-02
    0.638000      1   0.00000000E+00  0.00000000E+00  2.60566664E-03  0.00000000E+00  0.00000000E+00  0.00000000E+00  0.00000000E+00  0.00000000E+00  1.09965529E-01  0.00000000E+00  0.00000000E+00 -3.31539605E-02
    0.639000      1   0.00000000E+00  0.00000000E+00  2.56987900E-03  0.00000000E+00  0.00000000E+00  0.00000000E+00  0.00000000E+00  0.00000000E+00  1.09932378E-01  0.00000000E+00  0.00000000E+00 -3.31507750E-02
    0.640000      1   0.00000000E+00  0.00000000E+00  2.57454613E-03  0.00000000E+00  0.00000000E+00  0.00000000E+00  0.00000000E+00  0.00000000E+00  1.09899224E-01  0.00000000E+00  0.00000000E+00 -3.31544200E-02
    0.641000      1   0.00000000E+00  0.00000000E+00  2.58353800E-03  0.00000000E+00  0.00000000E+00  0.00000000E+00  0.00000000E+00  0.00000000E+00  1.09866055E-01  0.00000000E+00  0.00000000E+00 -3.31689929E-02
    0.642000      1   0.00000000E+00  0.00000000E+00  2.61323137E-03  0.00000000E+00  0.00000000E+00  0.00000000E+00  0.00000000E+00  0.00000000E+00  1.09832874E-01  0.00000000E+00  0.00000000E+00 -3.31804428E-02
    0.643000      1   0.00000000E+00  0.00000000E+00  2.57324894E-03  0.00000000E+00  0.00000000E+00  0.00000000E+00  0.00000000E+00  0.00000000E+00  1.09799691E-01  0.00000000E+00  0.00000000E+00 -3.31836888E-02
    0.644000      1   0.00000000E+00  0.00000000E+00  2.60479794E-03  0.00000000E+00  0.00000000E+00  0.00000000E+00  0.00000000E+00  0.00000000E+00  1.09766506E-01  0.00000000E+00  0.00000000E+00 -3.31842535E-02
    0.645000      1   0.00000000E+00  0.00000000E+00  2.60618653E-03  0.00000000E+00  0.00000000E+00  0.00000000E+00  0.00000000E+00  0.00000000E+00  1.09733314E-01  0.00000000E+00  0.00000000E+00 -3.31923699E-02
    0.646000      1   0.00000000E+00  0.00000000E+00  2.61465851E-03  0.00000000E+00  0.00000000E+00  0.00000000E+00  0.00000000E+00  0.00000000E+00  1.09700124E-01  0.00000000E+00  0.00000000E+00 -3.31898796E-02
    0.647000      1   0.00000000E+00  0.00000000E+00  2.57602680E-03  0.00000000E+00  0.00000000E+00  0.00000000E+00  0.00000000E+00  0.00000000E+00  1.09666939E-01  0.00000000E+00  0.00000000E+00 -3.31854351E-02
    0.648000      1   0.00000000E+00  0.00000000E+00  2.57666834E-03  0.00000000E+00  0.00000000E+00  0.00000000E+00  0.00000000E+00  0.00000000E+00  1.09633754E-01  0.00000000E+00  0.00000000E+00 -3.31850399E-02
    0.649000      1   0.00000000E+00  0.00000000E+00  2.59032026E-03  0.00000000E+00  0.00000000E+00  0.00000000E+00  0.00000000E+00  0.00000000E+00  1.09600557E-01  0.00000000E+00  0.00000000E+00 -3.31972184E-02
    0.650000      1   0.00000000E+00  0.00000000E+00  2.58701233E-03  0.00000000E+00  0.00000000E+00  0.00000000E+00  0.00000000E+00  0.00000000E+00  1.09567350E-01  0.00000000E+00  0.00000000E+00 -3.32067721E-02
    0.651000      1   0.00000000E+00  0.00000000E+00  2.59151910E-03  0.00000000E+00  0.00000000E+00  0.00000000E+00  0.00000000E+00  0.00000000E+00  1.09534137E-01  0.00000000E+00  0.00000000E+00 -3.32124272E-02
    0.652000      1   0.00000000E+00  0.00000000E+00  2.60009286E-03  0.00000000E+00  0.00000000E+00  0.00000000E+00  0.00000000E+00  0.00000000E+00  1.09500919E-01  0.00000000E+00  0.00000000E+00 -3.32183718E-02
    0.653000      1   0.00000000E+00  0.00000000E+00  2.60292002E-03  0.00000000E+00  0.00000000E+00  0.00000000E+00  0.00000000E+00  0.00000000E+00  1.09467698E-01  0.00000000E+00  0.00000000E+00 -3.32213200E-02
    0.654000      1   0.00000000E+00  0.00000000E+00  2.60938788E-03  0.00000000E+00  0.00000000E+00  0.00000000E+00  0.00000000E+00  0.00000000E+00  1.09434477E-01  0.00000000E+00  0.00000000E+00 -3.32209526E-02
    0.655000      1   0.00000000E+00  0.00000000E+00  2.60561682E-03  0.00000000E+00  0.00000000E+00  0.00000000E+00  0.00000000E+00  0.00000000E+00  1.09401258E-01  0.00000000E+00  0.00000000E+00 -3.32185129E-02
    0.656000      1   0.00000000E+00  0.00000000E+00  2.56065481E-03  0.00000000E+00  0.00000000E+00  0.00000000E+00  0.00000000E+00  0.00000000E+00  1.09368044E-01  0.00000000E+00  0.00000000E+00 -3.32146160E-02
    0.657000      1   0.00000000E+00  0.00000000E+00  2.57940277E-03  0.00000000E+00  0.00000000E+00  0.00000000E+00  0.00000000E+00  0.00000000E+00  1.09334824E-01  0.00000000E+00  0.00000000E+00 -3.32199085E-02
    0.658000      1   0.00000000E+00  0.00000000E+00  2.59108884E-03  0.00000000E+00  0.00000000E+00  0.00000000E+00  0.00000000E+00  0.00000000E+00  1.09301587E-01  0.00000000E+00  0.00000000E+00 -3.32366519E-02
    0.659000      1   0.00000000E+00  0.00000000E+00  2.60277672E-03  0.00000000E+00  0.00000000E+00  0.00000000E+00  0.00000000E+00  0.00000000E+00  1.09268342E-01  0.00000000E+00  0.00000000E+00 -3.32451716E-02
    0.660000      1   0.00000000E+00  0.00000000E+00  2.59049384E-03  0.00000000E+00  0.00000000E+00  0.00000000E+00  0.00000000E+00  0.00000000E+00  1.09235094E-01  0.00000000E+00  0.00000000E+00 -3.32477866E-02
    0.661000      1   0.00000000E+00  0.00000000E+00  2.59569300E-03  0.00000000E+00  0.00000000E+00  0.00000000E+00  0.00000000E+00  0.00000000E+00  1.09201845E-01  0.00000000E+00  0.00000000E+00 -3.32487352E-02
    0.662000      1   0.00000000E+00  0.00000000E+00  2.60383265E-03  0.00000000E+00  0.00000000E+00  0.00000000E+00  0.00000000E+00  0.00000000E+00  1.09168592E-01  0.00000000E+00  0.00000000E+00 -3.32527982E-02
    0.663000      1   0.00000000E+00  0.00000000E+00  2.60984713E-03  0.00000000E+00  0.00000000E+00  0.00000000E+00  0.00000000E+00  0.00000000E+00  1.09135339E-01  0.00000000E+00  0.00000000E+00 -3.32537144E-02
    0.664000      1   0.00000000E+00  0.00000000E+00  2.57660865E-03  0.00000000E+00  0.00000000E+00  0.00000000E+00  0.00000000E+00  0.00000000E+00  1.09102088E-01  0.00000000E+00  0.00000000E+00 -3.32508937E-02
    0.665000      1   0.00000000E+00  0.00000000E+00  2.57904108E-03  0.00000000E+00  0.00000000E+00  0.00000000E+00  0.00000000E+00  0.00000000E+00  1.09068836E-01  0.00000000E+00  0.00000000E+00 -3.32519757E-02
    0.666000      1   0.00000000E+00  0.00000000E+00  2.59074959E-03  0.00000000E+00  0.00000000E+00  0.00000000E+00  0.00000000E+00  0.00000000E+00  1.09035572E-01  0.00000000E+00  0.00000000E+00 -3.32635436E-02
    0.667000      1   0.00000000E+00  0.00000000E+00  2.59474182E-03  0.00000000E+00  0.00000000E+00  0.00000000E+00  0.00000000E+00  0.00000000E+00  1.09002300E-01  0.00000000E+00  0.00000000E+00 -3.32722421E-02
    0.668000      1   0.00000000E+00  0.00000000E+00  2.57808823E-03  0.00000000E+00  0.00000000E+00  0.00000000E+00  0.00000000E+00  0.00000000E+00  1.08969024E-01  0.00000000E+00  0.00000000E+00 -3.32763893E-02
    0.669000      1   0.00000000E+00  0.00000000E+00  2.60969562E-03  0.00000000E+00  0.00000000E+00  0.00000000E+00  0.00000000E+00  0.00000000E+00  1.08935742E-01  0.00000000E+00  0.00000000E+00 -3.32821705E-02
    0.670000      1   0.00000000E+00  0.00000000E+00  2.60974098E-03  0.00000000E+00  0.00000000E+00  0.00000000E+00  0.00000000E+00  0.00000000E+00  1.08902454E-01  0.00000000E+00  0.00000000E+00 -3.32878315E-02
    0.671000      1   0.00000000E+00  0.00000000E+00  2.61292785E-03  0.00000000E+00  0.00000000E+00  0.00000000E+00  0.00000000E+00  0.00000000E+00  1.08869171E-01  0.00000000E+00  0.00000000E+00 -3.32831042E-02
    0.672000      1   0.00000000E+00  0.00000000E+00  2.58317313E-03  0.00000000E+00  0.00000000E+00  0.00000000E+00  0.00000000E+00  0.00000000E+00  1.08835893E-01  0.00000000E+00  0.00000000E+00 -3.32777984E-02
    0.673000      1   0.00000000E+00  0.00000000E+00  2.57147799E-03  0.00000000E+00  0.00000000E+00  0.00000000E+00  0.00000000E+00  0.00000000E+00  1.08802616E-01  0.00000000E+00  0.00000000E+00 -3.32767078E-02
    0.674000      1   0.00000000E+00  0.00000000E+00  2.58305192E-03  0.00000000E+00  0.00000000E+00  0.00000000E+00  0.00000000E+00  0.00000000E+00  1.08769329E-01  0.00000000E+00  0.00000000E+00 -3.32874572E-02
    0.675000      1   0.00000000E+00  0.00000000E+00  2.59979204E-03  0.00000000E+00  0.00000000E+00  0.00000000E+00  0.00000000E+00  0.00000000E+00  1.08736029E-01  0.00000000E+00  0.00000000E+00 -3.33000008E-02
    0.676000      1   0.00000000E+00  0.00000000E+00  2.59433709E-03  0.00000000E+00  0.00000000E+00  0.00000000E+00  0.00000000E+00  0.00000000E+00  1.08702723E-01  0.00000000E+00  0.00000000E+00 -3.33057830E-02
    0.677000      1   0.00000000E+00  0.00000000E+00  2.59978623E-03  0.00000000E+00  0.00000000E+00  0.00000000E+00  0.00000000E+00  0.00000000E+00  1.08669416E-01  0.00000000E+00  0.00000000E+00 -3.33070322E-02
    0.678000      1   0.00000000E+00  0.00000000E+00  2.59246526E-03  0.00000000E+00  0.00000000E+00  0.00000000E+00  0.00000000E+00  0.00000000E+00  1.08636107E-01  0.00000000E+00  0.00000000E+00 -3.33091092E-02
    0.679000      1   0.00000000E+00  0.00000000E+00  2.61595923E-03  0.00000000E+00  0.00000000E+00  0.00000000E+00  0.00000000E+00  0.00000000E+00  1.08602796E-01  0.00000000E+00  0.00000000E+00 -3.33106913E-02
    0.680000      1   0.00000000E+00  0.00000000E+00  2.60251328E-03  0.00000000E+00  0.00000000E+00  0.00000000E+00  0.00000000E+00  0.00000000E+00  1.08569486E-01  0.00000000E+00  0.00000000E+00 -3.33105230E-02
    0.681000      1   0.00000000E+00  0.00000000E+00  2.56514695E-03  0.00000000E+00  0.00000000E+00  0.00000000E+00  0.00000000E+00  0.00000000E+00  1.08536180E-01  0.00000000E+00  0.00000000E+00 -3.33050168E-02
    0.682000      1   0.00000000E+00  0.00000000E+00  2.59247819E-03  0.00000000E+00  0.00000000E+00  0.00000000E+00  0.00000000E+00  0.00000000E+00  1.08502870E-01  0.00000000E+00  0.00000000E+00 -3.33105342E-02
    0.683000      1   0.00000000E+00  0.00000000E+00  2.58408325E-03  0.00000000E+00  0.00000000E+00  0.00000000E+00  0.00000000E+00  0.00000000E+00  1.08469546E-01  0.00000000E+00  0.00000000E+00 -3.33234900E-02
    0.684000      1   0.00000000E+00  0.00000000E+00  2.59242308E-03  0.00000000E+00  0.00000000E+00  0.00000000E+00  0.00000000E+00  0.00000000E+00  1.08436218E-01  0.00000000E+00  0.00000000E+00 -3.33289544E-02
    0.685000      1   0.00000000E+00  0.00000000E+00  2.59500713E-03  0.00000000E+00  0.00000000E+00  0.00000000E+00  0.00000000E+00  0.00000000E+00  1.08402882E-01  0.00000000E+00  0.00000000E+00 -3.33357011E-02
    0.686000      1   0.00000000E+00  0.00000000E+00  2.60921967E-03  0.00000000E+00  0.00000000E+00  0.00000000E+00  0.00000000E+00  0.00000000E+00  1.08369543E-01  0.00000000E+00  0.00000000E+00 -3.33392518E-02
    0.687000      1   0.00000000E+00  0.00000000E+00  2.60079482E-03  0.00000000E+00  0.00000000E+00  0.00000000E+00  0.00000000E+00  0.00000000E+00  1.08336203E-01  0.00000000E+00  0.00000000E+00 -3.33394406E-02
    0.688000      1   0.00000000E+00  0.00000000E+00  2.61011544E-03  0.00000000E+00  0.00000000E+00  0.00000000E+00  0.00000000E+00  0.00000000E+00  1.08302867E-01  0.00000000E+00  0.00000000E+00 -3.33364516E-02
    0.689000      1   0.00000000E+00  0.00000000E+00  2.57281356E-03  0.00000000E+00  0.00000000E+00  0.00000000E+00  0.00000000E+00  0.00000000E+00  1.08269532E-01  0.00000000E+00  0.00000000E+00 -3.33345812E-02
    0.690000      1   0.00000000E+00  0.00000000E+00  2.58020730E-03  0.00000000E+00  0.00000000E+00  0.00000000E+00  0.00000000E+00  0.00000000E+00  1.08236196E-01  0.00000000E+00  0.00000000E+00 -3.33362462E-02
    0.691000      1   0.00000000E+00  0.00000000E+00  2.58327167E-03  0.00000000E+00  0.00000000E+00  0.00000000E+00  0.00000000E+00  0.00000000E+00  1.08202847E-01  0.00000000E+00  0.00000000E+00 -3.33488542E-02
    0.692000      1   0.00000000E+00  0.00000000E+00  2.60992033E-03  0.00000000E+00  0.00000000E+00  0.00000000E+00  0.00000000E+00  0.00000000E+00  1.08169489E-01  0.00000000E+00  0.00000000E+00 -3.33584920E-02
    0.693000      1   0.00000000E+00  0.00000000E+00  2.57465175E-03  0.00000000E+00  0.00000000E+00  0.00000000E+00  0.00000000E+00  0.00000000E+00  1.08136126E-01  0.00000000E+00  0.00000000E+00 -3.33624110E-02
    0.694000      1   0.00000000E+00  0.00000000E+00  2.60825109E-03  0.00000000E+00  0.00000000E+00  0.00000000E+00  0.00000000E+00  0.00000000E+00  1.08102762E-01  0.00000000E+00  0.00000000E+00 -3.33638150E-02
    0.695000      1   0.00000000E+00  0.00000000E+00  2.60538532E-03  0.00000000E+00  0.00000000E+00  0.00000000E+00  0.00000000E+00  0.00000000E+00  1.08069391E-01  0.00000000E+00  0.00000000E+00 -3.33708601E-02
    0.696000      1   0.00000000E+00  0.00000000E+00  2.61821211E-03  0.00000000E+00  0.00000000E+00  0.00000000E+00  0.00000000E+00  0.00000000E+00  1.08036024E-01  0.00000000E+00  0.00000000E+00 -3.33673774E-02
    0.697000      1   0.00000000E+00  0.00000000E+00  2.58047666E-03  0.00000000E+00  0.00000000E+00  0.00000000E+00  0.00000000E+00  0.00000000E+00  1.08002661E-01  0.00000000E+00  0.00000000E+00 -3.33625676E-02
    0.698000      1   0.00000000E+00  0.00000000E+00  2.57169101E-03  0.00000000E+00  0.00000000E+00  0.00000000E+00  0.00000000E+00  0.00000000E+00  1.07969301E-01  0.00000000E+00  0.00000000E+00 -3.33602184E-02
    0.699000      1   0.00000000E+00  0.00000000E+00  2.60109972E-03  0.00000000E+00  0.00000000E+00  0.00000000E+00  0.00000000E+00  0.00000000E+00  1.07935929E-01  0.00000000E+00  0.00000000E+00 -3.33718157E-02
    0.700000      1   0.00000000E+00  0.00000000E+00  2.58108876E-03  0.00000000E+00  0.00000000E+00  0.00000000E+00  0.00000000E+00  0.00000000E+00  1.07902548E-01  0.00000000E+00  0.00000000E+00 -3.33810978E-02
    0.701000      1   0.00000000E+00  0.00000000E+00  2.59636465E-03  0.00000000E+00  0.00000000E+00  0.00000000E+00  0.00000000E+00  0.00000000E+00  1.07869164E-01  0.00000000E+00  0.00000000E+00 -3.33842603E-02
    0.702000      1   0.00000000E+00  0.00000000E+00  2.60218564E-03  0.00000000E+00  0.00000000E+00  0.00000000E+00  0.00000000E+00  0.00000000E+00  1.07835773E-01  0.00000000E+00  0.00000000E+00 -3.33912934E-02
    0.703000      1   0.00000000E+00  0.00000000E+00  2.60198204E-03  0.00000000E+00  0.00000000E+00  0.00000000E+00  0.00000000E+00  0.00000000E+00  1.07802381E-01  0.00000000E+00  0.00000000E+00 -3.33922802E-02
    0.704000      1   0.00000000E+00  0.00000000E+00  2.61033546E-03  0.00000000E+00  0.00000000E+00  0.00000000E+00  0.00000000E+00  0.00000000E+00  1.07768989E-01  0.00000000E+00  0.00000000E+00 -3.33913913E-02
    0.705000      1   0.00000000E+00  0.00000000E+00  2.60717887E-03  0.00000000E+00  0.00000000E+00  0.00000000E+00  0.00000000E+00  0.00000000E+00  1.07735600E-01  0.00000000E+00  0.00000000E+00 -3.33890921E-02
    0.706000      1   0.00000000E+00  0.00000000E+00  2.56607970E-03  0.00000000E+00  0.00000000E+00  0.00000000E+00  0.00000000E+00  0.00000000E+00  1.07702215E-01  0.00000000E+00  0.00000000E+00 -3.33846078E-02
    0.707000      1   0.00000000E+00  0.00000000E+00  2.57806692E-03  0.00000000E+00  0.00000000E+00  0.00000000E+00  0.00000000E+00  0.00000000E+00  1.07668827E-01  0.00000000E+00  0.00000000E+00 -3.33884280E-02
    0.708000      1   0.00000000E+00  0.00000000E+00  2.59363460E-03  0.00000000E+00  0.00000000E+00  0.00000000E+00  0.00000000E+00  0.00000000E+00  1.07635423E-01  0.00000000E+00  0.00000000E+00 -3.34036260E-02
    0.709000      1   0.00000000E+00  0.00000000E+00  2.60156188E-03  0.00000000E+00  0.00000000E+00  0.00000000E+00  0.00000000E+00  0.00000000E+00  1.07602011E-01  0.00000000E+00  0.00000000E+00 -3.34121342E-02
    0.710000      1   0.00000000E+00  0.00000000E+00  2.59697230E-03  0.00000000E+00  0.00000000E+00  0.00000000E+00  0.00000000E+00  0.00000000E+00  1.07568597E-01  0.00000000E+00  0.00000000E+00 -3.34141279E-02
    0.711000      1   0.00000000E+00  0.00000000E+00  2.59406162E-03  0.00000000E+00  0.00000000E+00  0.00000000E+00  0.00000000E+00  0.00000000E+00  1.07535183E-01  0.00000000E+00  0.00000000E+00 -3.34143298E-02
    0.712000      1   0.00000000E+00  0.00000000E+00  2.60549848E-03  0.00000000E+00  0.00000000E+00  0.00000000E+00  0.00000000E+00  0.00000000E+00  1.07501766E-01  0.00000000E+00  0.00000000E+00 -3.34165538E-02
    0.713000      1   0.00000000E+00  0.00000000E+00  2.61172079E-03  0.00000000E+00  0.00000000E+00  0.00000000E+00  0.00000000E+00  0.00000000E+00  1.07468349E-01  0.00000000E+00  0.00000000E+00 -3.34177111E-02
    0.714000      1   0.00000000E+00  0.00000000E+00  2.57948317E-03  0.00000000E+00  0.00000000E+00  0.00000000E+00  0.00000000E+00  0.00000000E+00  1.07434934E-01  0.00000000E+00  0.00000000E+00 -3.34140121E-02
    0.715000      1   0.00000000E+00  0.00000000E+00  2.57865926E-03  0.00000000E+00  0.00000000E+00  0.00000000E+00  0.00000000E+00  0.00000000E+00  1.07401521E-01  0.00000000E+00  0.00000000E+00 -3.34139704E-02
    0.716000      1   0.00000000E+00  0.00000000E+00  2.59219213E-03  0.00000000E+00  0.00000000E+00  0.00000000E+00  0.00000000E+00  0.00000000E+00  1.07368096E-01  0.00000000E+00  0.00000000E+00 -3.34246617E-02
    0.717000      1   0.00000000E+00  0.00000000E+00  2.59476386E-03  0.00000000E+00  0.00000000E+00  0.00000000E+00  0.00000000E+00  0.00000000E+00  1.07334663E-01  0.00000000E+00  0.00000000E+00 -3.34332305E-02
    0.718000      1   0.00000000E+00  0.00000000E+00  2.58293226E-03  0.00000000E+00  0.00000000E+00  0.00000000E+00  0.00000000E+00  0.00000000E+00  1.07301226E-01  0.00000000E+00  0.00000000E+00 -3.34369001E-02
    0.719000      1   0.00000000E+00  0.00000000E+00  2.60857984E-03  0.00000000E+00  0.00000000E+00  0.00000000E+00  0.00000000E+00  0.00000000E+00  1.07267784E-01  0.00000000E+00  0.00000000E+00 -3.34418175E-02
    0.720000      1   0.00000000E+00  0.00000000E+00  2.61495184E-03  0.00000000E+00  0.00000000E+00  0.00000000E+00  0.00000000E+00  0.00000000E+00  1.07234338E-01  0.00000000E+00  0.00000000E+00 -3.34460849E-02
    0.721000      1   0.00000000E+00  0.00000000E+00  2.60771404E-03  0.00000000E+00  0.00000000E+00  0.00000000E+00  0.00000000E+00  0.00000000E+00  1.07200897E-01  0.00000000E+00  0.00000000E+00 -3.34408026E-02
    0.722000      1   0.00000000E+00  0.00000000E+00  2.58905161E-03  0.00000000E+00  0.00000000E+00  0.00000000E+00  0.00000000E+00  0.00000000E+00  1.07167462E-01  0.00000000E+00  0.00000000E+00 -3.34347075E-02
    0.723000      1   0.00000000E+00  0.00000000E+00  2.56959001E-03  0.00000000E+00  0.00000000E+00  0.00000000E+00  0.00000000E+00  0.00000000E+00  1.07134028E-01  0.00000000E+00  0.00000000E+00 -3.34342896E-02
    0.724000      1   0.00000000E+00  0.00000000E+00  2.58439107E-03  0.00000000E+00  0.00000000E+00  0.00000000E+00  0.00000000E+00  0.00000000E+00  1.07100585E-01  0.00000000E+00  0.00000000E+00 -3.34434423E-02
    0.725000      1   0.00000000E+00  0.00000000E+00  2.60299845E-03  0.00000000E+00  0.00000000E+00  0.00000000E+00  0.00000000E+00  0.00000000E+00  1.07067128E-01  0.00000000E+00  0.00000000E+00 -3.34563691E-02
    0.726000      1   0.00000000E+00  0.00000000E+00  2.59096784E-03  0.00000000E+00  0.00000000E+00  0.00000000E+00  0.00000000E+00  0.00000000E+00  1.07033667E-01  0.00000000E+00  0.00000000E+00 -3.34611445E-02
    0.727000      1   0.00000000E+00  0.00000000E+00  2.60170278E-03  0.00000000E+00  0.00000000E+00  0.00000000E+00  0.00000000E+00  0.00000000E+00  1.07000205E-01  0.00000000E+00  0.00000000E+00 -3.34619364E-02
    0.728000      1   0.00000000E+00  0.00000000E+00  2.60010728E-03  0.00000000E+00  0.00000000E+00  0.00000000E+00  0.00000000E+00  0.00000000E+00  1.06966740E-01  0.00000000E+00  0.00000000E+00 -3.34647811E-02
    0.729000      1   0.00000000E+00  0.00000000E+00  2.61626028E-03  0.00000000E+00  0.00000000E+00  0.00000000E+00  0.00000000E+00  0.00000000E+00  1.06933276E-01  0.00000000E+00  0.00000000E+00 -3.34643823E-02
    0.730000      1   0.00000000E+00  0.00000000E+00  2.59882315E-03  0.00000000E+00  0.00000000E+00  0.00000000E+00  0.00000000E+00  0.00000000E+00  1.06899814E-01  0.00000000E+00  0.00000000E+00 -3.34616511E-02
    0.731000      1   0.00000000E+00  0.00000000E+00  2.56689490E-03  0.00000000E+00  0.00000000E+00  0.00000000E+00  0.00000000E+00  0.00000000E+00  1.06866358E-01  0.00000000E+00  0.00000000E+00 -3.34566985E-02
    0.732000      1   0.00000000E+00  0.00000000E+00  2.59513855E-03  0.00000000E+00  0.00000000E+00  0.00000000E+00  0.00000000E+00  0.00000000E+00  1.06832895E-01  0.00000000E+00  0.00000000E+00 -3.34631187E-02
    0.733000      1   0.00000000E+00  0.00000000E+00  2.58114104E-03  0.00000000E+00  0.00000000E+00  0.00000000E+00  0.00000000E+00  0.00000000E+00  1.06799419E-01  0.00000000E+00  0.00000000E+00 -3.34750300E-02
    0.734000      1   0.00000000E+00  0.00000000E+00  2.60330303E-03  0.00000000E+00  0.00000000E+00  0.00000000E+00  0.00000000E+00  0.00000000E+00  1.06765939E-01  0.00000000E+00  0.00000000E+00 -3.34801410E-02
    0.735000      1   0.00000000E+00  0.00000000E+00  2.59187506E-03  0.00000000E+00  0.00000000E+00  0.00000000E+00  0.00000000E+00  0.00000000E+00  1.06732453E-01  0.00000000E+00  0.00000000E+00 -3.34859299E-02
    0.736000      1   0.00000000E+00  0.00000000E+00  2.60237782E-03  0.00000000E+00  0.00000000E+00  0.00000000E+00  0.00000000E+00  0.00000000E+00  1.06698967E-01  0.00000000E+00  0.00000000E+00 -3.34864614E-02
    0.737000      1   0.00000000E+00  0.00000000E+00  2.61293980E-03  0.00000000E+00  0.00000000E+00  0.00000000E+00  0.00000000E+00  0.00000000E+00  1.06665478E-01  0.00000000E+00  0.00000000E+00 -3.34888887E-02
    0.738000      1   0.00000000E+00  0.00000000E+00  2.60864109E-03  0.00000000E+00  0.00000000E+00  0.00000000E+00  0.00000000E+00  0.00000000E+00  1.06631992E-01  0.00000000E+00  0.00000000E+00 -3.34859990E-02
    0.739000      1   0.00000000E+00  0.00000000E+00  2.57229334E-03  0.00000000E+00  0.00000000E+00  0.00000000E+00  0.00000000E+00  0.00000000E+00  1.06598512E-01  0.00000000E+00  0.00000000E+00 -3.34804007E-02
    0.740000      1   0.00000000E+00  0.00000000E+00  2.57732879E-03  0.00000000E+00  0.00000000E+00  0.00000000E+00  0.00000000E+00  0.00000000E+00  1.06565029E-01  0.00000000E+00  0.00000000E+00 -3.34826419E-02
    0.741000      1   0.00000000E+00  0.00000000E+00  2.58422341E-03  0.00000000E+00  0.00000000E+00  0.00000000E+00  0.00000000E+00  0.00000000E+00  1.06531533E-01  0.00000000E+00  0.00000000E+00 -3.34959298E-02
    0.742000      1   0.00000000E+00  0.00000000E+00  2.61607803E-03  0.00000000E+00  0.00000000E+00  0.00000000E+00  0.00000000E+00  0.00000000E+00  1.06498027E-01  0.00000000E+00  0.00000000E+00 -3.35063447E-02
    0.743000      1   0.00000000E+00  0.00000000E+00  2.58258929E-03  0.00000000E+00  0.00000000E+00  0.00000000E+00  0.00000000E+00  0.00000000E+00  1.06464518E-01  0.00000000E+00  0.00000000E+00 -3.35088622E-02
    0.744000      1   0.00000000E+00  0.00000000E+00  2.60449898E-03  0.00000000E+00  0.00000000E+00  0.00000000E+00  0.00000000E+00  0.00000000E+00  1.06431011E-01  0.00000000E+00  0.00000000E+00 -3.35068403E-02
    0.745000      1   0.00000000E+00  0.00000000E+00  2.60445325E-03  0.00000000E+00  0.00000000E+00  0.00000000E+00  0.00000000E+00  0.00000000E+00  1.06397499E-01  0.00000000E+00  0.00000000E+00 -3.35119420E-02
    0.746000      1   0.00000000E+00  0.00000000E+00  2.61791246E-03  0.00000000E+00  0.00000000E+00  0.00000000E+00  0.00000000E+00  0.00000000E+00  1.06363989E-01  0.00000000E+00  0.00000000E+00 -3.35098564E-02
    0.747000      1   0.00000000E+00  0.00000000E+00  2.57900671E-03  0.00000000E+00  0.00000000E+00  0.00000000E+00  0.00000000E+00  0.00000000E+00  1.06330484E-01  0.00000000E+00  0.00000000E+00 -3.35054057E-02
    0.748000      1   0.00000000E+00  0.00000000E+00  2.57819425E-03  0.00000000E+00  0.00000000E+00  0.00000000E+00  0.00000000E+00  0.00000000E+00  1.06296980E-01  0.00000000E+00  0.00000000E+00 -3.35034149E-02
    0.749000      1   0.00000000E+00  0.00000000E+00  2.59755479E-03  0.00000000E+00  0.00000000E+00  0.00000000E+00  0.00000000E+00  0.00000000E+00  1.06263466E-01  0.00000000E+00  0.00000000E+00 -3.35143449E-02
    0.750000      1   0.00000000E+00  0.00000000E+00  2.58939225E-03  0.00000000E+00  0.00000000E+00  0.00000000E+00  0.00000000E+00  0.00000000E+00  1.06229944E-01  0.00000000E+00  0.00000000E+00 -3.35221181E-02
    0.751000      1   0.00000000E+00  0.00000000E+00  2.59181155E-03  0.00000000E+00  0.00000000E+00  0.00000000E+00  0.00000000E+00  0.00000000E+00  1.06196419E-01  0.00000000E+00  0.00000000E+00 -3.35249765E-02
    0.752000      1   0.00000000E+00  0.00000000E+00  2.60129821E-03  0.00000000E+00  0.00000000E+00  0.00000000E+00  0.00000000E+00  0.00000000E+00  1.06162889E-01  0.00000000E+00  0.00000000E+00 -3.35300877E-02
    0.753000      1   0.00000000E+00  0.00000000E+00  2.61466872E-03  0.00000000E+00  0.00000000E+00  0.00000000E+00  0.00000000E+00  0.00000000E+00  1.06129356E-01  0.00000000E+00  0.00000000E+00 -3.35327267E-02
    0.754000      1   0.00000000E+00  0.00000000E+00  2.61245235E-03  0.00000000E+00  0.00000000E+00  0.00000000E+00  0.00000000E+00  0.00000000E+00  1.06095826E-01  0.00000000E+00  0.00000000E+00 -3.35298858E-02
    0.755000      1   0.00000000E+00  0.00000000E+00  2.59716809E-03  0.00000000E+00  0.00000000E+00  0.00000000E+00  0.00000000E+00  0.00000000E+00  1.06062303E-01  0.00000000E+00  0.00000000E+00 -3.35230458E-02
    0.756000      1   0.00000000E+00  0.00000000E+00  2.56670938E-03  0.00000000E+00  0.00000000E+00  0.00000000E+00  0.00000000E+00  0.00000000E+00  1.06028784E-01  0.00000000E+00  0.00000000E+00 -3.35196365E-02
    0.757000      1   0.00000000E+00  0.00000000E+00  2.57871947E-03  0.00000000E+00  0.00000000E+00  0.00000000E+00  0.00000000E+00  0.00000000E+00  1.05995257E-01  0.00000000E+00  0.00000000E+00 -3.35266330E-02
    0.758000      1   0.00000000E+00  0.00000000E+00  2.60386655E-03  0.00000000E+00  0.00000000E+00  0.00000000E+00  0.00000000E+00  0.00000000E+00  1.05961715E-01  0.00000000E+00  0.00000000E+00 -3.35415088E-02
    0.759000      1   0.00000000E+00  0.00000000E+00  2.60593722E-03  0.00000000E+00  0.00000000E+00  0.00000000E+00  0.00000000E+00  0.00000000E+00  1.05928167E-01  0.00000000E+00  0.00000000E+00 -3.35479934E-02
    0.760000      1   0.00000000E+00  0.00000000E+00  2.59059588E-03  0.00000000E+00  0.00000000E+00  0.00000000E+00  0.00000000E+00  0.00000000E+00  1.05894622E-01  0.00000000E+00  0.00000000E+00 -3.35458530E-02
    0.761000      1   0.00000000E+00  0.00000000E+00  2.59786584E-03  0.00000000E+00  0.00000000E+00  0.00000000E+00  0.00000000E+00  0.00000000E+00  1.05861076E-01  0.00000000E+00  0.00000000E+00 -3.35457456E-02
    0.762000      1   0.00000000E+00  0.00000000E+00  2.60772123E-03  0.00000000E+00  0.00000000E+00  0.00000000E+00  0.00000000E+00  0.00000000E+00  1.05827526E-01  0.00000000E+00  0.00000000E+00 -3.35493909E-02
    0.763000      1   0.00000000E+00  0.00000000E+00  2.61770310E-03  0.00000000E+00  0.00000000E+00  0.00000000E+00  0.00000000E+00  0.00000000E+00  1.05793978E-01  0.00000000E+00  0.00000000E+00 -3.35489058E-02
    0.764000      1   0.00000000E+00  0.00000000E+00  2.56383818E-03  0.00000000E+00  0.00000000E+00  0.00000000E+00  0.00000000E+00  0.00000000E+00  1.05760434E-01  0.00000000E+00  0.00000000E+00 -3.35434189E-02
    0.765000      1   0.00000000E+00  0.00000000E+00  2.59332332E-03  0.00000000E+00  0.00000000E+00  0.00000000E+00  0.00000000E+00  0.00000000E+00  1.05726890E-01  0.00000000E+00  0.00000000E+00 -3.35441792E-02
    0.766000      1   0.00000000E+00  0.00000000E+00  2.57877108E-03  0.00000000E+00  0.00000000E+00  0.00000000E+00  0.00000000E+00  0.00000000E+00  1.05693333E-01  0.00000000E+00  0.00000000E+00 -3.35574154E-02
    0.767000      1   0.00000000E+00  0.00000000E+00  2.60410979E-03  0.00000000E+00  0.00000000E+00  0.00000000E+00  0.00000000E+00  0.00000000E+00  1.05659769E-01  0.00000000E+00  0.00000000E+00 -3.35635417E-02
    0.768000      1   0.00000000E+00  0.00000000E+00  2.58895463E-03  0.00000000E+00  0.00000000E+00  0.00000000E+00  0.00000000E+00  0.00000000E+00  1.05626199E-01  0.00000000E+00  0.00000000E+00 -3.35699662E-02
    0.769000      1   0.00000000E+00  0.00000000E+00  2.62111249E-03  0.00000000E+00  0.00000000E+00  0.00000000E+00  0.00000000E+00  0.00000000E+00  1.05592628E-01  0.00000000E+00  0.00000000E+00 -3.35707492E-02
    0.770000      1   0.00000000E+00  0.00000000E+00  2.59470302E-03  0.00000000E+00  0.00000000E+00  0.00000000E+00  0.00000000E+00  0.00000000E+00  1.05559057E-01  0.00000000E+00  0.00000000E+00 -3.35708226E-02
    0.771000      1   0.00000000E+00  0.00000000E+00  2.61535469E-03  0.00000000E+00  0.00000000E+00  0.00000000E+00  0.00000000E+00  0.00000000E+00  1.05525492E-01  0.00000000E+00  0.00000000E+00 -3.35650051E-02
    0.772000      1   0.00000000E+00  0.00000000E+00  2.57505876E-03  0.00000000E+00  0.00000000E+00  0.00000000E+00  0.00000000E+00  0.00000000E+00  1.05491928E-01  0.00000000E+00  0.00000000E+00 -3.35642088E-02
    0.773000      1   0.00000000E+00  0.00000000E+00  2.58236864E-03  0.00000000E+00  0.00000000E+00  0.00000000E+00  0.00000000E+00  0.00000000E+00  1.05458364E-01  0.00000000E+00  0.00000000E+00 -3.35637561E-02
    0.774000      1   0.00000000E+00  0.00000000E+00  2.58321085E-03  0.00000000E+00  0.00000000E+00  0.00000000E+00  0.00000000E+00  0.00000000E+00  1.05424789E-01  0.00000000E+00  0.00000000E+00 -3.35752446E-02
    0.775000      1   0.00000000E+00  0.00000000E+00  2.61322386E-03  0.00000000E+00  0.00000000E+00  0.00000000E+00  0.00000000E+00  0.00000000E+00  1.05391205E-01  0.00000000E+00  0.00000000E+00 -3.35841834E-02
    0.776000      1   0.00000000E+00  0.00000000E+00  2.57716267E-03  0.00000000E+00  0.00000000E+00  0.00000000E+00  0.00000000E+00  0.00000000E+00  1.05357618E-01  0.00000000E+00  0.00000000E+00 -3.35875381E-02
    0.777000      1   0.00000000E+00  0.00000000E+00  2.60989273E-03  0.00000000E+00  0.00000000E+00  0.00000000E+00  0.00000000E+00  0.00000000E+00  1.05324030E-01  0.00000000E+00  0.00000000E+00 -3.35874132E-02
    0.778000      1   0.00000000E+00  0.00000000E+00  2.60729350E-03  0.00000000E+00  0.00000000E+00  0.00000000E+00  0.00000000E+00  0.00000000E+00  1.05290437E-01  0.00000000E+00  0.00000000E+00 -3.35933433E-02
    0.779000      1   0.00000000E+00  0.00000000E+00  2.62203185E-03  0.00000000E+00  0.00000000E+00  0.00000000E+00  0.00000000E+00  0.00000000E+00  1.05256848E-01  0.00000000E+00  0.00000000E+00 -3.35889841E-02
    0.780000      1   0.00000000E+00  0.00000000E+00  2.57898912E-03  0.00000000E+00  0.00000000E+00  0.00000000E+00  0.00000000E+00  0.00000000E+00  1.05223265E-01  0.00000000E+00  0.00000000E+00 -3.35828721E-02
    0.781000      1   0.00000000E+00  0.00000000E+00  2.57652934E-03  0.00000000E+00  0.00000000E+00  0.00000000E+00  0.00000000E+00  0.00000000E+00  1.05189685E-01  0.00000000E+00  0.00000000E+00 -3.35795315E-02
    0.782000      1   0.00000000E+00  0.00000000E+00  2.59729636E-03  0.00000000E+00  0.00000000E+00  0.00000000E+00  0.00000000E+00  0.00000000E+00  1.05156095E-01  0.00000000E+00  0.00000000E+00 -3.35907617E-02
    0.783000      1   0.00000000E+00  0.00000000E+00  2.58845969E-03  0.00000000E+00  0.00000000E+00  0.00000000E+00  0.00000000E+00  0.00000000E+00  1.05122495E-01  0.00000000E+00  0.00000000E+00 -3.35991274E-02
    0.784000      1   0.00000000E+00  0.00000000E+00  2.59573563E-03  0.00000000E+00  0.00000000E+00  0.00000000E+00  0.00000000E+00  0.00000000E+00  1.05088893E-01  0.00000000E+00  0.00000000E+00 -3.36022355E-02
    0.785000      1   0.00000000E+00  0.00000000E+00  2.60085662E-03  0.00000000E+00  0.00000000E+00  0.00000000E+00  0.00000000E+00  0.00000000E+00  1.05055286E-01  0.00000000E+00  0.00000000E+00 -3.36069591E-02
    0.786000      1   0.00000000E+00  0.00000000E+00  2.60997404E-03  0.00000000E+00  0.00000000E+00  0.00000000E+00  0.00000000E+00  0.00000000E+00  1.05021678E-01  0.00000000E+00  0.00000000E+00 -3.36083875E-02
    0.787000      1   0.00000000E+00  0.00000000E+00  2.61660425E-03  0.00000000E+00  0.00000000E+00  0.00000000E+00  0.00000000E+00  0.00000000E+00  1.04988071E-01  0.00000000E+00  0.00000000E+00 -3.36065218E-02
    0.788000      1   0.00000000E+00  0.00000000E+00  2.60133084E-03  0.00000000E+00  0.00000000E+00  0.00000000E+00  0.00000000E+00  0.00000000E+00  1.04954471E-01  0.00000000E+00  0.00000000E+00 -3.36004894E-02
    0.789000      1   0.00000000E+00  0.00000000E+00  2.56812150E-03  0.00000000E+00  0.00000000E+00  0.00000000E+00  0.00000000E+00  0.00000000E+00  1.04920876E-01  0.00000000E+00  0.00000000E+00 -3.35949804E-02
    0.790000      1   0.00000000E+00  0.00000000E+00  2.57694954E-03  0.00000000E+00  0.00000000E+00  0.00000000E+00  0.00000000E+00  0.00000000E+00  1.04887276E-01  0.00000000E+00  0.00000000E+00 -3.36003601E-02
    0.791000      1   0.00000000E+00  0.00000000E+00  2.59797643E-03  0.00000000E+00  0.00000000E+00  0.00000000E+00  0.00000000E+00  0.00000000E+00  1.04853660E-01  0.00000000E+00  0.00000000E+00 -3.36150851E-02
    0.792000      1   0.00000000E+00  0.00000000E+00  2.61038238E-03  0.00000000E+00  0.00000000E+00  0.00000000E+00  0.00000000E+00  0.00000000E+00  1.04820037E-01  0.00000000E+00  0.00000000E+00 -3.36231925E-02
    0.793000      1   0.00000000E+00  0.00000000E+00  2.59510926E-03  0.00000000E+00  0.00000000E+00  0.00000000E+00  0.00000000E+00  0.00000000E+00  1.04786415E-01  0.00000000E+00  0.00000000E+00 -3.36222005E-02
    0.794000      1   0.00000000E+00  0.00000000E+00  2.59147729E-03  0.00000000E+00  0.00000000E+00  0.00000000E+00  0.00000000E+00  0.00000000E+00  1.04752795E-01  0.00000000E+00  0.00000000E+00 -3.36198351E-02
    0.795000      1   0.00000000E+00  0.00000000E+00  2.61153951E-03  0.00000000E+00  0.00000000E+00  0.00000000E+00  0.00000000E+00  0.00000000E+00  1.04719172E-01  0.00000000E+00  0.00000000E+00 -3.36231279E-02
    0.796000      1   0.00000000E+00  0.00000000E+00  2.61966362E-03  0.00000000E+00  0.00000000E+00  0.00000000E+00  0.00000000E+00  0.00000000E+00  1.04685548E-01  0.00000000E+00  0.00000000E+00 -3.36240657E-02
    0.797000      1   0.00000000E+00  0.00000000E+00  2.56798516E-03  0.00000000E+00  0.00000000E+00  0.00000000E+00  0.00000000E+00  0.00000000E+00  1.04651931E-01  0.00000000E+00  0.00000000E+00 -3.36169781E-02
    0.798000      1   0.00000000E+00  0.00000000E+00  2.58470420E-03  0.00000000E+00  0.00000000E+00  0.00000000E+00  0.00000000E+00  0.00000000E+00  1.04618315E-01  0.00000000E+00  0.00000000E+00 -3.36163612E-02
    0.799000      1   0.00000000E+00  0.00000000E+00  2.58607559E-03  0.00000000E+00  0.00000000E+00  0.00000000E+00  0.00000000E+00  0.00000000E+00  1.04584685E-01  0.00000000E+00  0.00000000E+00 -3.36297597E-02
    0.800000      1   0.00000000E+00  0.00000000E+00  2.60496664E-03  0.00000000E+00  0.00000000E+00  0.00000000E+00  0.00000000E+00  0.00000000E+00  1.04551048E-01  0.00000000E+00  0.00000000E+00 -3.36374248E-02
    0.801000      1   0.00000000E+00  0.00000000E+00  2.58842908E-03  0.00000000E+00  0.00000000E+00  0.00000000E+00  0.00000000E+00  0.00000000E+00  1.04517406E-01  0.00000000E+00  0.00000000E+00 -3.36412990E-02
    0.802000      1   0.00000000E+00  0.00000000E+00  2.61931856E-03  0.00000000E+00  0.00000000E+00  0.00000000E+00  0.00000000E+00  0.00000000E+00  1.04483764E-01  0.00000000E+00  0.00000000E+00 -3.36418935E-02
    0.803000      1   0.00000000E+00  0.00000000E+00  2.59491568E-03  0.00000000E+00  0.00000000E+00  0.00000000E+00  0.00000000E+00  0.00000000E+00  1.04450122E-01  0.00000000E+00  0.00000000E+00 -3.36424567E-02
    0.804000      1   0.00000000E+00  0.00000000E+00  2.61766375E-03  0.00000000E+00  0.00000000E+00  0.00000000E+00  0.00000000E+00  0.00000000E+00  1.04416485E-01  0.00000000E+00  0.00000000E+00 -3.36371907E-02
    0.805000      1   0.00000000E+00  0.00000000E+00  2.57792485E-03  0.00000000E+00  0.00000000E+00  0.00000000E+00  0.00000000E+00  0.00000000E+00  1.04382849E-01  0.00000000E+00  0.00000000E+00 -3.36359163E-02
    0.806000      1   0.00000000E+00  0.00000000E+00  2.58398229E-03  0.00000000E+00  0.00000000E+00  0.00000000E+00  0.00000000E+00  0.00000000E+00  1.04349215E-01  0.00000000E+00  0.00000000E+00 -3.36341985E-02
    0.807000      1   0.00000000E+00  0.00000000E+00  2.58026547E-03  0.00000000E+00  0.00000000E+00  0.00000000E+00  0.00000000E+00  0.00000000E+00  1.04315570E-01  0.00000000E+00  0.00000000E+00 -3.36444603E-02
    0.808000      1   0.00000000E+00  0.00000000E+00  2.61558834E-03  0.00000000E+00  0.00000000E+00  0.00000000E+00  0.00000000E+00  0.00000000E+00  1.04281917E-01  0.00000000E+00  0.00000000E+00 -3.36533900E-02
    0.809000      1   0.00000000E+00  0.00000000E+00  2.57577291E-03  0.00000000E+00  0.00000000E+00  0.00000000E+00  0.00000000E+00  0.00000000E+00  1.04248259E-01  0.00000000E+00  0.00000000E+00 -3.36572939E-02
    0.810000      1   0.00000000E+00  0.00000000E+00  2.61144392E-03  0.00000000E+00  0.00000000E+00  0.00000000E+00  0.00000000E+00  0.00000000E+00  1.04214603E-01  0.00000000E+00  0.00000000E+00 -3.36566382E-02
    0.811000      1   0.00000000E+00  0.00000000E+00  2.60918054E-03  0.00000000E+00  0.00000000E+00  0.00000000E+00  0.00000000E+00  0.00000000E+00  1.04180940E-01  0.00000000E+00  0.00000000E+00 -3.36627504E-02
    0.812000      1   0.00000000E+00  0.00000000E+00  2.61800970E-03  0.00000000E+00  0.00000000E+00  0.00000000E+00  0.00000000E+00  0.00000000E+00  1.04147282E-01  0.00000000E+00  0.00000000E+00 -3.36575481E-02
    0.813000      1   0.00000000E+00  0.00000000E+00  2.58413715E-03  0.00000000E+00  0.00000000E+00  0.00000000E+00  0.00000000E+00  0.00000000E+00  1.04113631E-01  0.00000000E+00  0.00000000E+00 -3.36515277E-02
    0.814000      1   0.00000000E+00  0.00000000E+00  2.57618938E-03  0.00000000E+00  0.00000000E+00  0.00000000E+00  0.00000000E+00  0.00000000E+00  1.04079982E-01  0.00000000E+00  0.00000000E+00 -3.36485976E-02
    0.815000      1   0.00000000E+00  0.00000000E+00  2.60080393E-03  0.00000000E+00  0.00000000E+00  0.00000000E+00  0.00000000E+00  0.00000000E+00  1.04046324E-01  0.00000000E+00  0.00000000E+00 -3.36581973E-02
    0.816000      1   0.00000000E+00  0.00000000E+00  2.58582364E-03  0.00000000E+00  0.00000000E+00  0.00000000E+00  0.00000000E+00  0.00000000E+00  1.04012658E-01  0.00000000E+00  0.00000000E+00 -3.36660543E-02
    0.817000      1   0.00000000E+00  0.00000000E+00  2.59792610E-03  0.00000000E+00  0.00000000E+00  0.00000000E+00  0.00000000E+00  0.00000000E+00  1.03978990E-01  0.00000000E+00  0.00000000E+00 -3.36684767E-02
    0.818000      1   0.00000000E+00  0.00000000E+00  2.60305333E-03  0.00000000E+00  0.00000000E+00  0.00000000E+00  0.00000000E+00  0.00000000E+00  1.03945316E-01  0.00000000E+00  0.00000000E+00 -3.36736786E-02
    0.819000      1   0.00000000E+00  0.00000000E+00  2.60651417E-03  0.00000000E+00  0.00000000E+00  0.00000000E+00  0.00000000E+00  0.00000000E+00  1.03911642E-01  0.00000000E+00  0.00000000E+00 -3.36739992E-02
    0.820000      1   0.00000000E+00  0.00000000E+00  2.61462722E-03  0.00000000E+00  0.00000000E+00  0.00000000E+00  0.00000000E+00  0.00000000E+00  1.03877970E-01  0.00000000E+00  0.00000000E+00 -3.36720239E-02
    0.821000      1   0.00000000E+00  0.00000000E+00  2.60953452E-03  0.00000000E+00  0.00000000E+00  0.00000000E+00  0.00000000E+00  0.00000000E+00  1.03844302E-01  0.00000000E+00  0.00000000E+00 -3.36674773E-02
    0.822000      1   0.00000000E+00  0.00000000E+00  2.56728170E-03  0.00000000E+00  0.00000000E+00  0.00000000E+00  0.00000000E+00  0.00000000E+00  1.03810641E-01  0.00000000E+00  0.00000000E+00 -3.36611669E-02
    0.823000      1   0.00000000E+00  0.00000000E+00  2.57534635E-03  0.00000000E+00  0.00000000E+00  0.00000000E+00  0.00000000E+00  0.00000000E+00  1.03776977E-01  0.00000000E+00  0.00000000E+00 -3.36640009E-02
    0.824000      1   0.00000000E+00  0.00000000E+00  2.59660402E-03  0.00000000E+00  0.00000000E+00  0.00000000E+00  0.00000000E+00  0.00000000E+00  1.03743298E-01  0.00000000E+00  0.00000000E+00 -3.36792852E-02
    0.825000      1   0.00000000E+00  0.00000000E+00  2.61413110E-03  0.00000000E+00  0.00000000E+00  0.00000000E+00  0.00000000E+00  0.00000000E+00  1.03709610E-01  0.00000000E+00  0.00000000E+00 -3.36881618E-02
    0.826000      1   0.00000000E+00  0.00000000E+00  2.59315381E-03  0.00000000E+00  0.00000000E+00  0.00000000E+00  0.00000000E+00  0.00000000E+00  1.03675923E-01  0.00000000E+00  0.00000000E+00 -3.36869576E-02
    0.827000      1   0.00000000E+00  0.00000000E+00  2.59392544E-03  0.00000000E+00  0.00000000E+00  0.00000000E+00  0.00000000E+00  0.00000000E+00  1.03642239E-01  0.00000000E+00  0.00000000E+00 -3.36837069E-02
    0.828000      1   0.00000000E+00  0.00000000E+00  2.60953190E-03  0.00000000E+00  0.00000000E+00  0.00000000E+00  0.00000000E+00  0.00000000E+00  1.03608552E-01  0.00000000E+00  0.00000000E+00 -3.36872089E-02
    0.829000      1   0.00000000E+00  0.00000000E+00  2.62133107E-03  0.00000000E+00  0.00000000E+00  0.00000000E+00  0.00000000E+00  0.00000000E+00  1.03574864E-01  0.00000000E+00  0.00000000E+00 -3.36876977E-02
    0.830000      1   0.00000000E+00  0.00000000E+00  2.56856885E-03  0.00000000E+00  0.00000000E+00  0.00000000E+00  0.00000000E+00  0.00000000E+00  1.03541183E-01  0.00000000E+00  0.00000000E+00 -3.36809746E-02
    0.831000      1   0.00000000E+00  0.00000000E+00  2.58563635E-03  0.00000000E+00  0.00000000E+00  0.00000000E+00  0.00000000E+00  0.00000000E+00  1.03507504E-01  0.00000000E+00  0.00000000E+00 -3.36797068E-02
    0.832000      1   0.00000000E+00  0.00000000E+00  2.58620893E-03  0.00000000E+00  0.00000000E+00  0.00000000E+00  0.00000000E+00  0.00000000E+00  1.03473811E-01  0.00000000E+00  0.00000000E+00 -3.36927488E-02
    0.833000      1   0.00000000E+00  0.00000000E+00  2.60722290E-03  0.00000000E+00  0.00000000E+00  0.00000000E+00  0.00000000E+00  0.00000000E+00  1.03440111E-01  0.00000000E+00  0.00000000E+00 -3.37000843E-02
    0.834000      1   0.00000000E+00  0.00000000E+00  2.58720369E-03  0.00000000E+00  0.00000000E+00  0.00000000E+00  0.00000000E+00  0.00000000E+00  1.03406407E-01  0.00000000E+00  0.00000000E+00 -3.37035156E-02
    0.835000      1   0.00000000E+00  0.00000000E+00  2.62037059E-03  0.00000000E+00  0.00000000E+00  0.00000000E+00  0.00000000E+00  0.00000000E+00  1.03372704E-01  0.00000000E+00  0.00000000E+00 -3.37035858E-02
    0.836000      1   0.00000000E+00  0.00000000E+00  2.59496928E-03  0.00000000E+00  0.00000000E+00  0.00000000E+00  0.00000000E+00  0.00000000E+00  1.03338999E-01  0.00000000E+00  0.00000000E+00 -3.37043655E-02
    0.837000      1   0.00000000E+00  0.00000000E+00  2.61910173E-03  0.00000000E+00  0.00000000E+00  0.00000000E+00  0.00000000E+00  0.00000000E+00  1.03305301E-01  0.00000000E+00  0.00000000E+00 -3.36987445E-02
    0.838000      1   0.00000000E+00  0.00000000E+00  2.57907981E-03  0.00000000E+00  0.00000000E+00  0.00000000E+00  0.00000000E+00  0.00000000E+00  1.03271603E-01  0.00000000E+00  0.00000000E+00 -3.36971982E-02
    0.839000      1   0.00000000E+00  0.00000000E+00  2.58256850E-03  0.00000000E+00  0.00000000E+00  0.00000000E+00  0.00000000E+00  0.00000000E+00  1.03237909E-01  0.00000000E+00  0.00000000E+00 -3.36948038E-02
    0.840000      1   0.00000000E+00  0.00000000E+00  2.58186840E-03  0.00000000E+00  0.00000000E+00  0.00000000E+00  0.00000000E+00  0.00000000E+00  1.03204204E-01  0.00000000E+00  0.00000000E+00 -3.37049363E-02
    0.841000      1   0.00000000E+00  0.00000000E+00  2.61768465E-03  0.00000000E+00  0.00000000E+00  0.00000000E+00  0.00000000E+00  0.00000000E+00  1.03170490E-01  0.00000000E+00  0.00000000E+00 -3.37140469E-02
    0.842000      1   0.00000000E+00  0.00000000E+00  2.57407968E-03  0.00000000E+00  0.00000000E+00  0.00000000E+00  0.00000000E+00  0.00000000E+00  1.03136773E-01  0.00000000E+00  0.00000000E+00 -3.37170537E-02
    0.843000      1   0.00000000E+00  0.00000000E+00  2.61303046E-03  0.00000000E+00  0.00000000E+00  0.00000000E+00  0.00000000E+00  0.00000000E+00  1.03103057E-01  0.00000000E+00  0.00000000E+00 -3.37160090E-02
    0.844000      1   0.00000000E+00  0.00000000E+00  2.60965126E-03  0.00000000E+00  0.00000000E+00  0.00000000E+00  0.00000000E+00  0.00000000E+00  1.03069334E-01  0.00000000E+00  0.00000000E+00 -3.37223967E-02
    0.845000      1   0.00000000E+00  0.00000000E+00  2.61982789E-03  0.00000000E+00  0.00000000E+00  0.00000000E+00  0.00000000E+00  0.00000000E+00  1.03035618E-01  0.00000000E+00  0.00000000E+00 -3.37165901E-02
    0.846000      1   0.00000000E+00  0.00000000E+00  2.58367799E-03  0.00000000E+00  0.00000000E+00  0.00000000E+00  0.00000000E+00  0.00000000E+00  1.03001907E-01  0.00000000E+00  0.00000000E+00 -3.37100935E-02
    0.847000      1   0.00000000E+00  0.00000000E+00  2.57551466E-03  0.00000000E+00  0.00000000E+00  0.00000000E+00  0.00000000E+00  0.00000000E+00  1.02968201E-01  0.00000000E+00  0.00000000E+00 -3.37066476E-02
    0.848000      1   0.00000000E+00  0.00000000E+00  2.60061598E-03  0.00000000E+00  0.00000000E+00  0.00000000E+00  0.00000000E+00  0.00000000E+00  1.02934484E-01  0.00000000E+00  0.00000000E+00 -3.37165173E-02
    0.849000      1   0.00000000E+00  0.00000000E+00  2.58861740E-03  0.00000000E+00  0.00000000E+00  0.00000000E+00  0.00000000E+00  0.00000000E+00  1.02900760E-01  0.00000000E+00  0.00000000E+00 -3.37246292E-02
    0.850000      1   0.00000000E+00  0.00000000E+00  2.59668474E-03  0.00000000E+00  0.00000000E+00  0.00000000E+00  0.00000000E+00  0.00000000E+00  1.02867033E-01  0.00000000E+00  0.00000000E+00 -3.37266192E-02
    0.851000      1   0.00000000E+00  0.00000000E+00  2.60169752E-03  0.00000000E+00  0.00000000E+00  0.00000000E+00  0.00000000E+00  0.00000000E+00  1.02833302E-01  0.00000000E+00  0.00000000E+00 -3.37311232E-02
    0.852000      1   0.00000000E+00  0.00000000E+00  2.61128484E-03  0.00000000E+00  0.00000000E+00  0.00000000E+00  0.00000000E+00  0.00000000E+00  1.02799570E-01  0.00000000E+00  0.00000000E+00 -3.37320912E-02
    0.853000      1   0.00000000E+00  0.00000000E+00  2.61734159E-03  0.00000000E+00  0.00000000E+00  0.00000000E+00  0.00000000E+00  0.00000000E+00  1.02765840E-01  0.00000000E+00  0.00000000E+00 -3.37297175E-02
    0.854000      1   0.00000000E+00  0.00000000E+00  2.60259170E-03  0.00000000E+00  0.00000000E+00  0.00000000E+00  0.00000000E+00  0.00000000E+00  1.02732117E-01  0.00000000E+00  0.00000000E+00 -3.37231242E-02
    0.855000      1   0.00000000E+00  0.00000000E+00  2.56760543E-03  0.00000000E+00  0.00000000E+00  0.00000000E+00  0.00000000E+00  0.00000000E+00  1.02698400E-01  0.00000000E+00  0.00000000E+00 -3.37171501E-02
    0.856000      1   0.00000000E+00  0.00000000E+00  2.57906987E-03  0.00000000E+00  0.00000000E+00  0.00000000E+00  0.00000000E+00  0.00000000E+00  1.02664678E-01  0.00000000E+00  0.00000000E+00 -3.37222070E-02
    0.857000      1   0.00000000E+00  0.00000000E+00  2.59960614E-03  0.00000000E+00  0.00000000E+00  0.00000000E+00  0.00000000E+00  0.00000000E+00  1.02630941E-01  0.00000000E+00  0.00000000E+00 -3.37367265E-02
    0.858000      1   0.00000000E+00  0.00000000E+00  2.61166251E-03  0.00000000E+00  0.00000000E+00  0.00000000E+00  0.00000000E+00  0.00000000E+00  1.02597197E-01  0.00000000E+00  0.00000000E+00 -3.37438494E-02
    0.859000      1   0.00000000E+00  0.00000000E+00  2.59527858E-03  0.00000000E+00  0.00000000E+00  0.00000000E+00  0.00000000E+00  0.00000000E+00  1.02563455E-01  0.00000000E+00  0.00000000E+00 -3.37420958E-02
    0.860000      1   0.00000000E+00  0.00000000E+00  2.59334130E-03  0.00000000E+00  0.00000000E+00  0.00000000E+00  0.00000000E+00  0.00000000E+00  1.02529716E-01  0.00000000E+00  0.00000000E+00 -3.37392800E-02
    0.861000      1   0.00000000E+00  0.00000000E+00  2.61436824E-03  0.00000000E+00  0.00000000E+00  0.00000000E+00  0.00000000E+00  0.00000000E+00  1.02495973E-01  0.00000000E+00  0.00000000E+00 -3.37421876E-02
    0.862000      1   0.00000000E+00  0.00000000E+00  2.61750065E-03  0.00000000E+00  0.00000000E+00  0.00000000E+00  0.00000000E+00  0.00000000E+00  1.02462231E-01  0.00000000E+00  0.00000000E+00 -3.37420130E-02
    0.863000      1   0.00000000E+00  0.00000000E+00  2.57146746E-03  0.00000000E+00  0.00000000E+00  0.00000000E+00  0.00000000E+00  0.00000000E+00  1.02428497E-01  0.00000000E+00  0.00000000E+00 -3.37343789E-02
    0.864000      1   0.00000000E+00  0.00000000E+00  2.58698795E-03  0.00000000E+00  0.00000000E+00  0.00000000E+00  0.00000000E+00  0.00000000E+00  1.02394763E-01  0.00000000E+00  0.00000000E+00 -3.37338565E-02
    0.865000      1   0.00000000E+00  0.00000000E+00  2.58322452E-03  0.00000000E+00  0.00000000E+00  0.00000000E+00  0.00000000E+00  0.00000000E+00  1.02361018E-01  0.00000000E+00  0.00000000E+00 -3.37457075E-02
    0.866000      1   0.00000000E+00  0.00000000E+00  2.60557941E-03  0.00000000E+00  0.00000000E+00  0.00000000E+00  0.00000000E+00  0.00000000E+00  1.02327264E-01  0.00000000E+00  0.00000000E+00 -3.37531268E-02
    0.867000      1   0.00000000E+00  0.00000000E+00  2.59064658E-03  0.00000000E+00  0.00000000E+00  0.00000000E+00  0.00000000E+00  0.00000000E+00  1.02293507E-01  0.00000000E+00  0.00000000E+00 -3.37578289E-02
    0.868000      1   0.00000000E+00  0.00000000E+00  2.62286256E-03  0.00000000E+00  0.00000000E+00  0.00000000E+00  0.00000000E+00  0.00000000E+00  1.02259749E-01  0.00000000E+00  0.00000000E+00 -3.37578300E-02
    0.869000      1   0.00000000E+00  0.00000000E+00  2.59597429E-03  0.00000000E+00  0.00000000E+00  0.00000000E+00  0.00000000E+00  0.00000000E+00  1.02225992E-01  0.00000000E+00  0.00000000E+00 -3.37570383E-02
    0.870000      1   0.00000000E+00  0.00000000E+00  2.62058437E-03  0.00000000E+00  0.00000000E+00  0.00000000E+00  0.00000000E+00  0.00000000E+00  1.02192241E-01  0.00000000E+00  0.00000000E+00 -3.37504212E-02
    0.871000      1   0.00000000E+00  0.00000000E+00  2.57265874E-03  0.00000000E+00  0.00000000E+00  0.00000000E+00  0.00000000E+00  0.00000000E+00  1.02158493E-01  0.00000000E+00  0.00000000E+00 -3.37482826E-02
    0.872000      1   0.00000000E+00  0.00000000E+00  2.58456667E-03  0.00000000E+00  0.00000000E+00  0.00000000E+00  0.00000000E+00  0.00000000E+00  1.02124746E-01  0.00000000E+00  0.00000000E+00 -3.37465369E-02
    0.873000      1   0.00000000E+00  0.00000000E+00  2.58637119E-03  0.00000000E+00  0.00000000E+00  0.00000000E+00  0.00000000E+00  0.00000000E+00  1.02090988E-01  0.00000000E+00  0.00000000E+00 -3.37584248E-02
    0.874000      1   0.00000000E+00  0.00000000E+00  2.61252777E-03  0.00000000E+00  0.00000000E+00  0.00000000E+00  0.00000000E+00  0.00000000E+00  1.02057222E-01  0.00000000E+00  0.00000000E+00 -3.37660829E-02
    0.875000      1   0.00000000E+00  0.00000000E+00  2.58126092E-03  0.00000000E+00  0.00000000E+00  0.00000000E+00  0.00000000E+00  0.00000000E+00  1.02023453E-01  0.00000000E+00  0.00000000E+00 -3.37685228E-02
    0.876000      1   0.00000000E+00  0.00000000E+00  2.60958856E-03  0.00000000E+00  0.00000000E+00  0.00000000E+00  0.00000000E+00  0.00000000E+00  1.01989686E-01  0.00000000E+00  0.00000000E+00 -3.37679017E-02
    0.877000      1   0.00000000E+00  0.00000000E+00  2.61242432E-03  0.00000000E+00  0.00000000E+00  0.00000000E+00  0.00000000E+00  0.00000000E+00  1.01955913E-01  0.00000000E+00  0.00000000E+00 -3.37725397E-02
    0.878000      1   0.00000000E+00  0.00000000E+00  2.61842106E-03  0.00000000E+00  0.00000000E+00  0.00000000E+00  0.00000000E+00  0.00000000E+00  1.01922146E-01  0.00000000E+00  0.00000000E+00 -3.37673731E-02
    0.879000      1   0.00000000E+00  0.00000000E+00  2.58172451E-03  0.00000000E+00  0.00000000E+00  0.00000000E+00  0.00000000E+00  0.00000000E+00  1.01888385E-01  0.00000000E+00  0.00000000E+00 -3.37602146E-02
    0.880000      1   0.00000000E+00  0.00000000E+00  2.57931048E-03  0.00000000E+00  0.00000000E+00  0.00000000E+00  0.00000000E+00  0.00000000E+00  1.01854628E-01  0.00000000E+00  0.00000000E+00 -3.37575761E-02
    0.881000      1   0.00000000E+00  0.00000000E+00  2.59904551E-03  0.00000000E+00  0.00000000E+00  0.00000000E+00  0.00000000E+00  0.00000000E+00  1.01820860E-01  0.00000000E+00  0.00000000E+00 -3.37674162E-02
    0.882000      1   0.00000000E+00  0.00000000E+00  2.59170733E-03  0.00000000E+00  0.00000000E+00  0.00000000E+00  0.00000000E+00  0.00000000E+00  1.01787086E-01  0.00000000E+00  0.00000000E+00 -3.37745592E-02
    0.883000      1   0.00000000E+00  0.00000000E+00  2.59585596E-03  0.00000000E+00  0.00000000E+00  0.00000000E+00  0.00000000E+00  0.00000000E+00  1.01753309E-01  0.00000000E+00  0.00000000E+00 -3.37765185E-02
    0.884000      1   0.00000000E+00  0.00000000E+00  2.59904595E-03  0.00000000E+00  0.00000000E+00  0.00000000E+00  0.00000000E+00  0.00000000E+00  1.01719529E-01  0.00000000E+00  0.00000000E+00 -3.37801542E-02
    0.885000      1   0.00000000E+00  0.00000000E+00  2.61656635E-03  0.00000000E+00  0.00000000E+00  0.00000000E+00  0.00000000E+00  0.00000000E+00  1.01685747E-01  0.00000000E+00  0.00000000E+00 -3.37818634E-02
    0.886000      1   0.00000000E+00  0.00000000E+00  2.61786288E-03  0.00000000E+00  0.00000000E+00  0.00000000E+00  0.00000000E+00  0.00000000E+00  1.01651968E-01  0.00000000E+00  0.00000000E+00 -3.37794266E-02
    0.887000      1   0.00000000E+00  0.00000000E+00  2.59714835E-03  0.00000000E+00  0.00000000E+00  0.00000000E+00  0.00000000E+00  0.00000000E+00  1.01618197E-01  0.00000000E+00  0.00000000E+00 -3.37710065E-02
    0.888000      1   0.00000000E+00  0.00000000E+00  2.57075165E-03  0.00000000E+00  0.00000000E+00  0.00000000E+00  0.00000000E+00  0.00000000E+00  1.01584431E-01  0.00000000E+00  0.00000000E+00 -3.37658238E-02
    0.889000      1   0.00000000E+00  0.00000000E+00  2.57796422E-03  0.00000000E+00  0.00000000E+00  0.00000000E+00  0.00000000E+00  0.00000000E+00  1.01550659E-01  0.00000000E+00  0.00000000E+00 -3.37721120E-02
    0.890000      1   0.00000000E+00  0.00000000E+00  2.60809206E-03  0.00000000E+00  0.00000000E+00  0.00000000E+00  0.00000000E+00  0.00000000E+00  1.01516873E-01  0.00000000E+00  0.00000000E+00 -3.37857938E-02
    0.891000      1   0.00000000E+00  0.00000000E+00  2.60809783E-03  0.00000000E+00  0.00000000E+00  0.00000000E+00  0.00000000E+00  0.00000000E+00  1.01483081E-01  0.00000000E+00  0.00000000E+00 -3.37917791E-02
    0.892000      1   0.00000000E+00  0.00000000E+00  2.59189092E-03  0.00000000E+00  0.00000000E+00  0.00000000E+00  0.00000000E+00  0.00000000E+00  1.01449293E-01  0.00000000E+00  0.00000000E+00 -3.37878690E-02
    0.893000      1   0.00000000E+00  0.00000000E+00  2.60303240E-03  0.00000000E+00  0.00000000E+00  0.00000000E+00  0.00000000E+00  0.00000000E+00  1.01415507E-01  0.00000000E+00  0.00000000E+00 -3.37868230E-02
    0.894000      1   0.00000000E+00  0.00000000E+00  2.61288055E-03  0.00000000E+00  0.00000000E+00  0.00000000E+00  0.00000000E+00  0.00000000E+00  1.01381718E-01  0.00000000E+00  0.00000000E+00 -3.37891293E-02
    0.895000      1   0.00000000E+00  0.00000000E+00  2.61141282E-03  0.00000000E+00  0.00000000E+00  0.00000000E+00  0.00000000E+00  0.00000000E+00  1.01347931E-01  0.00000000E+00  0.00000000E+00 -3.37860351E-02
    0.896000      1   0.00000000E+00  0.00000000E+00  2.56893027E-03  0.00000000E+00  0.00000000E+00  0.00000000E+00  0.00000000E+00  0.00000000E+00  1.01314152E-01  0.00000000E+00  0.00000000E+00 -3.37799662E-02
    0.897000      1   0.00000000E+00  0.00000000E+00  2.59392465E-03  0.00000000E+00  0.00000000E+00  0.00000000E+00  0.00000000E+00  0.00000000E+00  1.01280370E-01  0.00000000E+00  0.00000000E+00 -3.37818918E-02
    0.898000      1   0.00000000E+00  0.00000000E+00  2.58865593E-03  0.00000000E+00  0.00000000E+00  0.00000000E+00  0.00000000E+00  0.00000000E+00  1.01246576E-01  0.00000000E+00  0.00000000E+00 -3.37933493E-02
    0.899000      1   0.00000000E+00  0.00000000E+00  2.60095395E-03  0.00000000E+00  0.00000000E+00  0.00000000E+00  0.00000000E+00  0.00000000E+00  1.01212779E-01  0.00000000E+00  0.00000000E+00 -3.37975301E-02
    0.900000      1   0.00000000E+00  0.00000000E+00  2.59539067E-03  0.00000000E+00  0.00000000E+00  0.00000000E+00  0.00000000E+00  0.00000000E+00  1.01178977E-01  0.00000000E+00  0.00000000E+00 -3.38012664E-02
    0.901000      1   0.00000000E+00  0.00000000E+00  2.60774397E-03  0.00000000E+00  0.00000000E+00  0.00000000E+00  0.00000000E+00  0.00000000E+00  1.01145176E-01  0.00000000E+00  0.00000000E+00 -3.38019476E-02
    0.902000      1   0.00000000E+00  0.00000000E+00  2.61543438E-03  0.00000000E+00  0.00000000E+00  0.00000000E+00  0.00000000E+00  0.00000000E+00  1.01111373E-01  0.00000000E+00  0.00000000E+00 -3.38022714E-02
    0.903000      1   0.00000000E+00  0.00000000E+00  2.60801050E-03  0.00000000E+00  0.00000000E+00  0.00000000E+00  0.00000000E+00  0.00000000E+00  1.01077576E-01  0.00000000E+00  0.00000000E+00 -3.37971782E-02
    0.904000      1   0.00000000E+00  0.00000000E+00  2.57811496E-03  0.00000000E+00  0.00000000E+00  0.00000000E+00  0.00000000E+00  0.00000000E+00  1.01043785E-01  0.00000000E+00  0.00000000E+00 -3.37908722E-02
    0.905000      1   0.00000000E+00  0.00000000E+00  2.57870128E-03  0.00000000E+00  0.00000000E+00  0.00000000E+00  0.00000000E+00  0.00000000E+00  1.01009993E-01  0.00000000E+00  0.00000000E+00 -3.37922910E-02
    0.906000      1   0.00000000E+00  0.00000000E+00  2.58718296E-03  0.00000000E+00  0.00000000E+00  0.00000000E+00  0.00000000E+00  0.00000000E+00  1.00976190E-01  0.00000000E+00  0.00000000E+00 -3.38034243E-02
    0.907000      1   0.00000000E+00  0.00000000E+00  2.62037966E-03  0.00000000E+00  0.00000000E+00  0.00000000E+00  0.00000000E+00  0.00000000E+00  1.00942377E-01  0.00000000E+00  0.00000000E+00 -3.38128651E-02
    0.908000      1   0.00000000E+00  0.00000000E+00  2.58449722E-03  0.00000000E+00  0.00000000E+00  0.00000000E+00  0.00000000E+00  0.00000000E+00  1.00908563E-01  0.00000000E+00  0.00000000E+00 -3.38136499E-02
    0.909000      1   0.00000000E+00  0.00000000E+00  2.60608278E-03  0.00000000E+00  0.00000000E+00  0.00000000E+00  0.00000000E+00  0.00000000E+00  1.00874753E-01  0.00000000E+00  0.00000000E+00 -3.38098778E-02
    0.910000      1   0.00000000E+00  0.00000000E+00  2.60682496E-03  0.00000000E+00  0.00000000E+00  0.00000000E+00  0.00000000E+00  0.00000000E+00  1.00840939E-01  0.00000000E+00  0.00000000E+00 -3.38140730E-02
    0.911000      1   0.00000000E+00  0.00000000E+00  2.62149511E-03  0.00000000E+00  0.00000000E+00  0.00000000E+00  0.00000000E+00  0.00000000E+00  1.00807128E-01  0.00000000E+00  0.00000000E+00 -3.38110478E-02
    0.912000      1   0.00000000E+00  0.00000000E+00  2.57760554E-03  0.00000000E+00  0.00000000E+00  0.00000000E+00  0.00000000E+00  0.00000000E+00  1.00773323E-01  0.00000000E+00  0.00000000E+00 -3.38051847E-02
    0.913000      1   0.00000000E+00  0.00000000E+00  2.58075322E-03  0.00000000E+00  0.00000000E+00  0.00000000E+00  0.00000000E+00  0.00000000E+00  1.00739521E-01  0.00000000E+00  0.00000000E+00 -3.38022650E-02
    0.914000      1   0.00000000E+00  0.00000000E+00  2.59592712E-03  0.00000000E+00  0.00000000E+00  0.00000000E+00  0.00000000E+00  0.00000000E+00  1.00705707E-01  0.00000000E+00  0.00000000E+00 -3.38132027E-02
    0.915000      1   0.00000000E+00  0.00000000E+00  2.60356795E-03  0.00000000E+00  0.00000000E+00  0.00000000E+00  0.00000000E+00  0.00000000E+00  1.00671887E-01  0.00000000E+00  0.00000000E+00 -3.38204233E-02
    0.916000      1   0.00000000E+00  0.00000000E+00  2.58261518E-03  0.00000000E+00  0.00000000E+00  0.00000000E+00  0.00000000E+00  0.00000000E+00  1.00638066E-01  0.00000000E+00  0.00000000E+00 -3.38213094E-02
    0.917000      1   0.00000000E+00  0.00000000E+00  2.60847778E-03  0.00000000E+00  0.00000000E+00  0.00000000E+00  0.00000000E+00  0.00000000E+00  1.00604242E-01  0.00000000E+00  0.00000000E+00 -3.38233913E-02
    0.918000      1   0.00000000E+00  0.00000000E+00  2.61960784E-03  0.00000000E+00  0.00000000E+00  0.00000000E+00  0.00000000E+00  0.00000000E+00  1.00570414E-01  0.00000000E+00  0.00000000E+00 -3.38277810E-02
    0.919000      1   0.00000000E+00  0.00000000E+00  2.61585667E-03  0.00000000E+00  0.00000000E+00  0.00000000E+00  0.00000000E+00  0.00000000E+00  1.00536593E-01  0.00000000E+00  0.00000000E+00 -3.38217088E-02
    0.920000      1   0.00000000E+00  0.00000000E+00  2.58931235E-03  0.00000000E+00  0.00000000E+00  0.00000000E+00  0.00000000E+00  0.00000000E+00  1.00502780E-01  0.00000000E+00  0.00000000E+00 -3.38126447E-02
    0.921000      1   0.00000000E+00  0.00000000E+00  2.57535751E-03  0.00000000E+00  0.00000000E+00  0.00000000E+00  0.00000000E+00  0.00000000E+00  1.00468971E-01  0.00000000E+00  0.00000000E+00 -3.38095065E-02
    0.922000      1   0.00000000E+00  0.00000000E+00  2.58682847E-03  0.00000000E+00  0.00000000E+00  0.00000000E+00  0.00000000E+00  0.00000000E+00  1.00435153E-01  0.00000000E+00  0.00000000E+00 -3.38175537E-02
    0.923000      1   0.00000000E+00  0.00000000E+00  2.60661473E-03  0.00000000E+00  0.00000000E+00  0.00000000E+00  0.00000000E+00  0.00000000E+00  1.00401325E-01  0.00000000E+00  0.00000000E+00 -3.38281553E-02
    0.924000      1   0.00000000E+00  0.00000000E+00  2.59449540E-03  0.00000000E+00  0.00000000E+00  0.00000000E+00  0.00000000E+00  0.00000000E+00  1.00367493E-01  0.00000000E+00  0.00000000E+00 -3.38314908E-02
    0.925000      1   0.00000000E+00  0.00000000E+00  2.60542218E-03  0.00000000E+00  0.00000000E+00  0.00000000E+00  0.00000000E+00  0.00000000E+00  1.00333663E-01  0.00000000E+00  0.00000000E+00 -3.38304712E-02
    0.926000      1   0.00000000E+00  0.00000000E+00  2.60037047E-03  0.00000000E+00  0.00000000E+00  0.00000000E+00  0.00000000E+00  0.00000000E+00  1.00299831E-01  0.00000000E+00  0.00000000E+00 -3.38314996E-02
    0.927000      1   0.00000000E+00  0.00000000E+00  2.62457219E-03  0.00000000E+00  0.00000000E+00  0.00000000E+00  0.00000000E+00  0.00000000E+00  1.00266002E-01  0.00000000E+00  0.00000000E+00 -3.38298328E-02
    0.928000      1   0.00000000E+00  0.00000000E+00  2.59736325E-03  0.00000000E+00  0.00000000E+00  0.00000000E+00  0.00000000E+00  0.00000000E+00  1.00232176E-01  0.00000000E+00  0.00000000E+00 -3.38255453E-02
    0.929000      1   0.00000000E+00  0.00000000E+00  2.57000019E-03  0.00000000E+00  0.00000000E+00  0.00000000E+00  0.00000000E+00  0.00000000E+00  1.00198358E-01  0.00000000E+00  0.00000000E+00 -3.38181211E-02
    0.930000      1   0.00000000E+00  0.00000000E+00  2.60151622E-03  0.00000000E+00  0.00000000E+00  0.00000000E+00  0.00000000E+00  0.00000000E+00  1.00164533E-01  0.00000000E+00  0.00000000E+00 -3.38244716E-02
    0.931000      1   0.00000000E+00  0.00000000E+00  2.57871744E-03  0.00000000E+00  0.00000000E+00  0.00000000E+00  0.00000000E+00  0.00000000E+00  1.00130699E-01  0.00000000E+00  0.00000000E+00 -3.38342353E-02
    0.932000      1   0.00000000E+00  0.00000000E+00  2.61257924E-03  0.00000000E+00  0.00000000E+00  0.00000000E+00  0.00000000E+00  0.00000000E+00  1.00096862E-01  0.00000000E+00  0.00000000E+00 -3.38376804E-02
    0.933000      1   0.00000000E+00  0.00000000E+00  2.59514282E-03  0.00000000E+00  0.00000000E+00  0.00000000E+00  0.00000000E+00  0.00000000E+00  1.00063019E-01  0.00000000E+00  0.00000000E+00 -3.38426249E-02
    0.934000      1   0.00000000E+00  0.00000000E+00  2.60708829E-03  0.00000000E+00  0.00000000E+00  0.00000000E+00  0.00000000E+00  0.00000000E+00  1.00029179E-01  0.00000000E+00  0.00000000E+00 -3.38395320E-02
    0.935000      1   0.00000000E+00  0.00000000E+00  2.60694357E-03  0.00000000E+00  0.00000000E+00  0.00000000E+00  0.00000000E+00  0.00000000E+00  9.99953393E-02  0.00000000E+00  0.00000000E+00 -3.38400531E-02
    0.936000      1   0.00000000E+00  0.00000000E+00  2.62044774E-03  0.00000000E+00  0.00000000E+00  0.00000000E+00  0.00000000E+00  0.00000000E+00  9.99615026E-02  0.00000000E+00  0.00000000E+00 -3.38366768E-02
    0.937000      1   0.00000000E+00  0.00000000E+00  2.57398992E-03  0.00000000E+00  0.00000000E+00  0.00000000E+00  0.00000000E+00  0.00000000E+00  9.99276717E-02  0.00000000E+00  0.00000000E+00 -3.38309599E-02
    0.938000      1   0.00000000E+00  0.00000000E+00  2.57493614E-03  0.00000000E+00  0.00000000E+00  0.00000000E+00  0.00000000E+00  0.00000000E+00  9.98938426E-02  0.00000000E+00  0.00000000E+00 -3.38290236E-02
    0.939000      1   0.00000000E+00  0.00000000E+00  2.59207468E-03  0.00000000E+00  0.00000000E+00  0.00000000E+00  0.00000000E+00  0.00000000E+00  9.98600005E-02  0.00000000E+00  0.00000000E+00 -3.38421774E-02
    0.940000      1   0.00000000E+00  0.00000000E+00  2.60906585E-03  0.00000000E+00  0.00000000E+00  0.00000000E+00  0.00000000E+00  0.00000000E+00  9.98261485E-02  0.00000000E+00  0.00000000E+00 -3.38519897E-02
    0.941000      1   0.00000000E+00  0.00000000E+00  2.60146284E-03  0.00000000E+00  0.00000000E+00  0.00000000E+00  0.00000000E+00  0.00000000E+00  9.97922953E-02  0.00000000E+00  0.00000000E+00 -3.38531687E-02
    0.942000      1   0.00000000E+00  0.00000000E+00  2.60210804E-03  0.00000000E+00  0.00000000E+00  0.00000000E+00  0.00000000E+00  0.00000000E+00  9.97584452E-02  0.00000000E+00  0.00000000E+00 -3.38501121E-02
    0.943000      1   0.00000000E+00  0.00000000E+00  2.60312458E-03  0.00000000E+00  0.00000000E+00  0.00000000E+00  0.00000000E+00  0.00000000E+00  9.97245958E-02  0.00000000E+00  0.00000000E+00 -3.38494383E-02
    0.944000      1   0.00000000E+00  0.00000000E+00  2.61901449E-03  0.00000000E+00  0.00000000E+00  0.00000000E+00  0.00000000E+00  0.00000000E+00  9.96907474E-02  0.00000000E+00  0.00000000E+00 -3.38483729E-02
    0.945000      1   0.00000000E+00  0.00000000E+00  2.58035486E-03  0.00000000E+00  0.00000000E+00  0.00000000E+00  0.00000000E+00  0.00000000E+00  9.96569032E-02  0.00000000E+00  0.00000000E+00 -3.38441637E-02
    0.946000      1   0.00000000E+00  0.00000000E+00  2.58514964E-03  0.00000000E+00  0.00000000E+00  0.00000000E+00  0.00000000E+00  0.00000000E+00  9.96230617E-02  0.00000000E+00  0.00000000E+00 -3.38415725E-02
    0.947000      1   0.00000000E+00  0.00000000E+00  2.59327397E-03  0.00000000E+00  0.00000000E+00  0.00000000E+00  0.00000000E+00  0.00000000E+00  9.95892108E-02  0.00000000E+00  0.00000000E+00 -3.38508298E-02
    0.948000      1   0.00000000E+00  0.00000000E+00  2.60193741E-03  0.00000000E+00  0.00000000E+00  0.00000000E+00  0.00000000E+00  0.00000000E+00  9.95553537E-02  0.00000000E+00  0.00000000E+00 -3.38570758E-02
    0.949000      1   0.00000000E+00  0.00000000E+00  2.58430530E-03  0.00000000E+00  0.00000000E+00  0.00000000E+00  0.00000000E+00  0.00000000E+00  9.95214946E-02  0.00000000E+00  0.00000000E+00 -3.38591215E-02
    0.950000      1   0.00000000E+00  0.00000000E+00  2.61639077E-03  0.00000000E+00  0.00000000E+00  0.00000000E+00  0.00000000E+00  0.00000000E+00  9.94876332E-02  0.00000000E+00  0.00000000E+00 -3.38614401E-02
    0.951000      1   0.00000000E+00  0.00000000E+00  2.61569716E-03  0.00000000E+00  0.00000000E+00  0.00000000E+00  0.00000000E+00  0.00000000E+00  9.94537693E-02  0.00000000E+00  0.00000000E+00 -3.38638754E-02
    0.952000      1   0.00000000E+00  0.00000000E+00  2.60966346E-03  0.00000000E+00  0.00000000E+00  0.00000000E+00  0.00000000E+00  0.00000000E+00  9.94199134E-02  0.00000000E+00  0.00000000E+00 -3.38558960E-02
    0.953000      1   0.00000000E+00  0.00000000E+00  2.58326085E-03  0.00000000E+00  0.00000000E+00  0.00000000E+00  0.00000000E+00  0.00000000E+00  9.93860642E-02  0.00000000E+00  0.00000000E+00 -3.38492114E-02
    0.954000      1   0.00000000E+00  0.00000000E+00  2.58664899E-03  0.00000000E+00  0.00000000E+00  0.00000000E+00  0.00000000E+00  0.00000000E+00  9.93522150E-02  0.00000000E+00  0.00000000E+00 -3.38491773E-02
    0.955000      1   0.00000000E+00  0.00000000E+00  2.58533388E-03  0.00000000E+00  0.00000000E+00  0.00000000E+00  0.00000000E+00  0.00000000E+00  9.93183578E-02  0.00000000E+00  0.00000000E+00 -3.38572151E-02
    0.956000      1   0.00000000E+00  0.00000000E+00  2.61178171E-03  0.00000000E+00  0.00000000E+00  0.00000000E+00  0.00000000E+00  0.00000000E+00  9.92844934E-02  0.00000000E+00  0.00000000E+00 -3.38643728E-02
    0.957000      1   0.00000000E+00  0.00000000E+00  2.58103500E-03  0.00000000E+00  0.00000000E+00  0.00000000E+00  0.00000000E+00  0.00000000E+00  9.92506262E-02  0.00000000E+00  0.00000000E+00 -3.38672853E-02
    0.958000      1   0.00000000E+00  0.00000000E+00  2.61390820E-03  0.00000000E+00  0.00000000E+00  0.00000000E+00  0.00000000E+00  0.00000000E+00  9.92167592E-02  0.00000000E+00  0.00000000E+00 -3.38669492E-02
    0.959000      1   0.00000000E+00  0.00000000E+00  2.60684300E-03  0.00000000E+00  0.00000000E+00  0.00000000E+00  0.00000000E+00  0.00000000E+00  9.91828883E-02  0.00000000E+00  0.00000000E+00 -3.38708976E-02
    0.960000      1   0.00000000E+00  0.00000000E+00  2.62067576E-03  0.00000000E+00  0.00000000E+00  0.00000000E+00  0.00000000E+00  0.00000000E+00  9.91490230E-02  0.00000000E+00  0.00000000E+00 -3.38652992E-02
    0.961000      1   0.00000000E+00  0.00000000E+00  2.59158757E-03  0.00000000E+00  0.00000000E+00  0.00000000E+00  0.00000000E+00  0.00000000E+00  9.91151634E-02  0.00000000E+00  0.00000000E+00 -3.38595750E-02
    0.962000      1   0.00000000E+00  0.00000000E+00  2.57623492E-03  0.00000000E+00  0.00000000E+00  0.00000000E+00  0.00000000E+00  0.00000000E+00  9.90813090E-02  0.00000000E+00  0.00000000E+00 -3.38544519E-02
    0.963000      1   0.00000000E+00  0.00000000E+00  2.59851214E-03  0.00000000E+00  0.00000000E+00  0.00000000E+00  0.00000000E+00  0.00000000E+00  9.90474474E-02  0.00000000E+00  0.00000000E+00 -3.38615967E-02
    0.964000      1   0.00000000E+00  0.00000000E+00  2.58899057E-03  0.00000000E+00  0.00000000E+00  0.00000000E+00  0.00000000E+00  0.00000000E+00  9.90135775E-02  0.00000000E+00  0.00000000E+00 -3.38698440E-02
    0.965000      1   0.00000000E+00  0.00000000E+00  2.60008322E-03  0.00000000E+00  0.00000000E+00  0.00000000E+00  0.00000000E+00  0.00000000E+00  9.89797051E-02  0.00000000E+00  0.00000000E+00 -3.38724590E-02
    0.966000      1   0.00000000E+00  0.00000000E+00  2.60678489E-03  0.00000000E+00  0.00000000E+00  0.00000000E+00  0.00000000E+00  0.00000000E+00  9.89458288E-02  0.00000000E+00  0.00000000E+00 -3.38762394E-02
    0.967000      1   0.00000000E+00  0.00000000E+00  2.60440950E-03  0.00000000E+00  0.00000000E+00  0.00000000E+00  0.00000000E+00  0.00000000E+00  9.89119536E-02  0.00000000E+00  0.00000000E+00 -3.38751917E-02
    0.968000      1   0.00000000E+00  0.00000000E+00  2.61665531E-03  0.00000000E+00  0.00000000E+00  0.00000000E+00  0.00000000E+00  0.00000000E+00  9.88780813E-02  0.00000000E+00  0.00000000E+00 -3.38723631E-02
    0.969000      1   0.00000000E+00  0.00000000E+00  2.61258621E-03  0.00000000E+00  0.00000000E+00  0.00000000E+00  0.00000000E+00  0.00000000E+00  9.88442131E-02  0.00000000E+00  0.00000000E+00 -3.38681491E-02
    0.970000      1   0.00000000E+00  0.00000000E+00  2.56841692E-03  0.00000000E+00  0.00000000E+00  0.00000000E+00  0.00000000E+00  0.00000000E+00  9.88103525E-02  0.00000000E+00  0.00000000E+00 -3.38606329E-02
    0.971000      1   0.00000000E+00  0.00000000E+00  2.57720782E-03  0.00000000E+00  0.00000000E+00  0.00000000E+00  0.00000000E+00  0.00000000E+00  9.87764902E-02  0.00000000E+00  0.00000000E+00 -3.38622640E-02
    0.972000      1   0.00000000E+00  0.00000000E+00  2.59925391E-03  0.00000000E+00  0.00000000E+00  0.00000000E+00  0.00000000E+00  0.00000000E+00  9.87426134E-02  0.00000000E+00  0.00000000E+00 -3.38768463E-02
    0.973000      1   0.00000000E+00  0.00000000E+00  2.61471217E-03  0.00000000E+00  0.00000000E+00  0.00000000E+00  0.00000000E+00  0.00000000E+00  9.87087287E-02  0.00000000E+00  0.00000000E+00 -3.38846430E-02
    0.974000      1   0.00000000E+00  0.00000000E+00  2.59761112E-03  0.00000000E+00  0.00000000E+00  0.00000000E+00  0.00000000E+00  0.00000000E+00  9.86748463E-02  0.00000000E+00  0.00000000E+00 -3.38824658E-02
    0.975000      1   0.00000000E+00  0.00000000E+00  2.59088639E-03  0.00000000E+00  0.00000000E+00  0.00000000E+00  0.00000000E+00  0.00000000E+00  9.86409680E-02  0.00000000E+00  0.00000000E+00 -3.38782359E-02
    0.976000      1   0.00000000E+00  0.00000000E+00  2.61675886E-03  0.00000000E+00  0.00000000E+00  0.00000000E+00  0.00000000E+00  0.00000000E+00  9.86070872E-02  0.00000000E+00  0.00000000E+00 -3.38808116E-02
    0.977000      1   0.00000000E+00  0.00000000E+00  2.61970774E-03  0.00000000E+00  0.00000000E+00  0.00000000E+00  0.00000000E+00  0.00000000E+00  9.85732062E-02  0.00000000E+00  0.00000000E+00 -3.38810204E-02
    0.978000      1   0.00000000E+00  0.00000000E+00  2.57002728E-03  0.00000000E+00  0.00000000E+00  0.00000000E+00  0.00000000E+00  0.00000000E+00  9.85393340E-02  0.00000000E+00  0.00000000E+00 -3.38722109E-02
    0.979000      1   0.00000000E+00  0.00000000E+00  2.59052480E-03  0.00000000E+00  0.00000000E+00  0.00000000E+00  0.00000000E+00  0.00000000E+00  9.85054628E-02  0.00000000E+00  0.00000000E+00 -3.38712184E-02
    0.980000      1   0.00000000E+00  0.00000000E+00  2.58437607E-03  0.00000000E+00  0.00000000E+00  0.00000000E+00  0.00000000E+00  0.00000000E+00  9.84715799E-02  0.00000000E+00  0.00000000E+00 -3.38829169E-02
    0.981000      1   0.00000000E+00  0.00000000E+00  2.60508378E-03  0.00000000E+00  0.00000000E+00  0.00000000E+00  0.00000000E+00  0.00000000E+00  9.84376909E-02  0.00000000E+00  0.00000000E+00 -3.38889710E-02
    0.982000      1   0.00000000E+00  0.00000000E+00  2.59606649E-03  0.00000000E+00  0.00000000E+00  0.00000000E+00  0.00000000E+00  0.00000000E+00  9.84037975E-02  0.00000000E+00  0.00000000E+00 -3.38933826E-02
    0.983000      1   0.00000000E+00  0.00000000E+00  2.61840437E-03  0.00000000E+00  0.00000000E+00  0.00000000E+00  0.00000000E+00  0.00000000E+00  9.83699049E-02  0.00000000E+00  0.00000000E+00 -3.38925880E-02
    0.984000      1   0.00000000E+00  0.00000000E+00  2.59965468E-03  0.00000000E+00  0.00000000E+00  0.00000000E+00  0.00000000E+00  0.00000000E+00  9.83360141E-02  0.00000000E+00  0.00000000E+00 -3.38908047E-02
    0.985000      1   0.00000000E+00  0.00000000E+00  2.61904766E-03  0.00000000E+00  0.00000000E+00  0.00000000E+00  0.00000000E+00  0.00000000E+00  9.83021291E-02  0.00000000E+00  0.00000000E+00 -3.38850009E-02
    0.986000      1   0.00000000E+00  0.00000000E+00  2.57598293E-03  0.00000000E+00  0.00000000E+00  0.00000000E+00  0.00000000E+00  0.00000000E+00  9.82682472E-02  0.00000000E+00  0.00000000E+00 -3.38819254E-02
    0.987000      1   0.00000000E+00  0.00000000E+00  2.58690358E-03  0.00000000E+00  0.00000000E+00  0.00000000E+00  0.00000000E+00  0.00000000E+00  9.82343671E-02  0.00000000E+00  0.00000000E+00 -3.38800965E-02
    0.988000      1   0.00000000E+00  0.00000000E+00  2.58223251E-03  0.00000000E+00  0.00000000E+00  0.00000000E+00  0.00000000E+00  0.00000000E+00  9.82004766E-02  0.00000000E+00  0.00000000E+00 -3.38904794E-02
    0.989000      1   0.00000000E+00  0.00000000E+00  2.62004948E-03  0.00000000E+00  0.00000000E+00  0.00000000E+00  0.00000000E+00  0.00000000E+00  9.81665785E-02  0.00000000E+00  0.00000000E+00 -3.38981019E-02
    0.990000      1   0.00000000E+00  0.00000000E+00  2.57994546E-03  0.00000000E+00  0.00000000E+00  0.00000000E+00  0.00000000E+00  0.00000000E+00  9.81326779E-02  0.00000000E+00  0.00000000E+00 -3.39005709E-02
    0.991000      1   0.00000000E+00  0.00000000E+00  2.61389753E-03  0.00000000E+00  0.00000000E+00  0.00000000E+00  0.00000000E+00  0.00000000E+00  9.80987802E-02  0.00000000E+00  0.00000000E+00 -3.38977122E-02
    0.992000      1   0.00000000E+00  0.00000000E+00  2.60795476E-03  0.00000000E+00  0.00000000E+00  0.00000000E+00  0.00000000E+00  0.00000000E+00  9.80648782E-02  0.00000000E+00  0.00000000E+00 -3.39020203E-02
    0.993000      1   0.00000000E+00  0.00000000E+00  2.61893081E-03  0.00000000E+00  0.00000000E+00  0.00000000E+00  0.00000000E+00  0.00000000E+00  9.80309820E-02  0.00000000E+00  0.00000000E+00 -3.38962288E-02
    0.994000      1   0.00000000E+00  0.00000000E+00  2.58165492E-03  0.00000000E+00  0.00000000E+00  0.00000000E+00  0.00000000E+00  0.00000000E+00  9.79970915E-02  0.00000000E+00  0.00000000E+00 -3.38904481E-02
    0.995000      1   0.00000000E+00  0.00000000E+00  2.58360254E-03  0.00000000E+00  0.00000000E+00  0.00000000E+00  0.00000000E+00  0.00000000E+00  9.79632039E-02  0.00000000E+00  0.00000000E+00 -3.38876545E-02
    0.996000      1   0.00000000E+00  0.00000000E+00  2.60146456E-03  0.00000000E+00  0.00000000E+00  0.00000000E+00  0.00000000E+00  0.00000000E+00  9.79293071E-02  0.00000000E+00  0.00000000E+00 -3.38967585E-02
    0.997000      1   0.00000000E+00  0.00000000E+00  2.59449412E-03  0.00000000E+00  0.00000000E+00  0.00000000E+00  0.00000000E+00  0.00000000E+00  9.78954051E-02  0.00000000E+00  0.00000000E+00 -3.39020641E-02
    0.998000      1   0.00000000E+00  0.00000000E+00  2.58907700E-03  0.00000000E+00  0.00000000E+00  0.00000000E+00  0.00000000E+00  0.00000000E+00  9.78615023E-02  0.00000000E+00  0.00000000E+00 -3.39027362E-02
    0.999000      1   0.00000000E+00  0.00000000E+00  2.60745478E-03  0.00000000E+00  0.00000000E+00  0.00000000E+00  0.00000000E+00  0.00000000E+00  9.78275957E-02  0.00000000E+00  0.00000000E+00 -3.39066554E-02
    1.000000      1   0.00000000E+00  0.00000000E+00  2.61904288E-03  0.00000000E+00  0.00000000E+00  0.00000000E+00  0.00000000E+00  0.00000000E+00  9.77936866E-02  0.00000000E+00  0.00000000E+00 -3.39091039E-02
    1.001000      1   0.00000000E+00  0.00000000E+00  2.61757904E-03  0.00000000E+00  0.00000000E+00  0.00000000E+00  0.00000000E+00  0.00000000E+00  9.77597831E-02  0.00000000E+00  0.00000000E+00 -3.39034675E-02
    1.002000      1   0.00000000E+00  0.00000000E+00  2.59246672E-03  0.00000000E+00  0.00000000E+00  0.00000000E+00  0.00000000E+00  0.00000000E+00  9.77258888E-02  0.00000000E+00  0.00000000E+00 -3.38942843E-02
    1.003000      1   0.00000000E+00  0.00000000E+00  2.57612736E-03  0.00000000E+00  0.00000000E+00  0.00000000E+00  0.00000000E+00  0.00000000E+00  9.76919988E-02  0.00000000E+00  0.00000000E+00 -3.38900227E-02
    1.004000      1   0.00000000E+00  0.00000000E+00  2.58295494E-03  0.00000000E+00  0.00000000E+00  0.00000000E+00  0.00000000E+00  0.00000000E+00  9.76581019E-02  0.00000000E+00  0.00000000E+00 -3.38968978E-02
    1.005000      1   0.00000000E+00  0.00000000E+00  2.60915885E-03  0.00000000E+00  0.00000000E+00  0.00000000E+00  0.00000000E+00  0.00000000E+00  9.76241940E-02  0.00000000E+00  0.00000000E+00 -3.39079316E-02
    1.006000      1   0.00000000E+00  0.00000000E+00  2.59718297E-03  0.00000000E+00  0.00000000E+00  0.00000000E+00  0.00000000E+00  0.00000000E+00  9.75902819E-02  0.00000000E+00  0.00000000E+00 -3.39120893E-02
    1.007000      1   0.00000000E+00  0.00000000E+00  2.60640629E-03  0.00000000E+00  0.00000000E+00  0.00000000E+00  0.00000000E+00  0.00000000E+00  9.75563721E-02  0.00000000E+00  0.00000000E+00 -3.39097590E-02
    1.008000      1   0.00000000E+00  0.00000000E+00  2.59713634E-03  0.00000000E+00  0.00000000E+00  0.00000000E+00  0.00000000E+00  0.00000000E+00  9.75224624E-02  0.00000000E+00  0.00000000E+00 -3.39097307E-02
    1.009000      1   0.00000000E+00  0.00000000E+00  2.62513584E-03  0.00000000E+00  0.00000000E+00  0.00000000E+00  0.00000000E+00  0.00000000E+00  9.74885541E-02  0.00000000E+00  0.00000000E+00 -3.39083126E-02
    1.010000      1   0.00000000E+00  0.00000000E+00  2.60038276E-03  0.00000000E+00  0.00000000E+00  0.00000000E+00  0.00000000E+00  0.00000000E+00  9.74546491E-02  0.00000000E+00  0.00000000E+00 -3.39049875E-02
    1.011000      1   0.00000000E+00  0.00000000E+00  2.57128088E-03  0.00000000E+00  0.00000000E+00  0.00000000E+00  0.00000000E+00  0.00000000E+00  9.74207522E-02  0.00000000E+00  0.00000000E+00 -3.38968443E-02
    1.012000      1   0.00000000E+00  0.00000000E+00  2.60025736E-03  0.00000000E+00  0.00000000E+00  0.00000000E+00  0.00000000E+00  0.00000000E+00  9.73868503E-02  0.00000000E+00  0.00000000E+00 -3.39019767E-02
    1.013000      1   0.00000000E+00  0.00000000E+00  2.57898983E-03  0.00000000E+00  0.00000000E+00  0.00000000E+00  0.00000000E+00  0.00000000E+00  9.73529387E-02  0.00000000E+00  0.00000000E+00 -3.39115424E-02
    1.014000      1   0.00000000E+00  0.00000000E+00  2.61475200E-03  0.00000000E+00  0.00000000E+00  0.00000000E+00  0.00000000E+00  0.00000000E+00  9.73190234E-02  0.00000000E+00  0.00000000E+00 -3.39153527E-02
    1.015000      1   0.00000000E+00  0.00000000E+00  2.59530275E-03  0.00000000E+00  0.00000000E+00  0.00000000E+00  0.00000000E+00  0.00000000E+00  9.72851035E-02  0.00000000E+00  0.00000000E+00 -3.39198235E-02
    1.016000      1   0.00000000E+00  0.00000000E+00  2.60802367E-03  0.00000000E+00  0.00000000E+00  0.00000000E+00  0.00000000E+00  0.00000000E+00  9.72511876E-02  0.00000000E+00  0.00000000E+00 -3.39159888E-02
    1.017000      1   0.00000000E+00  0.00000000E+00  2.60618493E-03  0.00000000E+00  0.00000000E+00  0.00000000E+00  0.00000000E+00  0.00000000E+00  9.72172713E-02  0.00000000E+00  0.00000000E+00 -3.39162920E-02
    1.018000      1   0.00000000E+00  0.00000000E+00  2.62249503E-03  0.00000000E+00  0.00000000E+00  0.00000000E+00  0.00000000E+00  0.00000000E+00  9.71833585E-02  0.00000000E+00  0.00000000E+00 -3.39127426E-02
    1.019000      1   0.00000000E+00  0.00000000E+00  2.57367102E-03  0.00000000E+00  0.00000000E+00  0.00000000E+00  0.00000000E+00  0.00000000E+00  9.71494516E-02  0.00000000E+00  0.00000000E+00 -3.39069128E-02
    1.020000      1   0.00000000E+00  0.00000000E+00  2.57627098E-03  0.00000000E+00  0.00000000E+00  0.00000000E+00  0.00000000E+00  0.00000000E+00  9.71155472E-02  0.00000000E+00  0.00000000E+00 -3.39043605E-02
    1.021000      1   0.00000000E+00  0.00000000E+00  2.59385290E-03  0.00000000E+00  0.00000000E+00  0.00000000E+00  0.00000000E+00  0.00000000E+00  9.70816299E-02  0.00000000E+00  0.00000000E+00 -3.39173830E-02
    1.022000      1   0.00000000E+00  0.00000000E+00  2.60991329E-03  0.00000000E+00  0.00000000E+00  0.00000000E+00  0.00000000E+00  0.00000000E+00  9.70477034E-02  0.00000000E+00  0.00000000E+00 -3.39264425E-02
    1.023000      1   0.00000000E+00  0.00000000E+00  2.60197784E-03  0.00000000E+00  0.00000000E+00  0.00000000E+00  0.00000000E+00  0.00000000E+00  9.70137765E-02  0.00000000E+00  0.00000000E+00 -3.39268877E-02
    1.024000      1   0.00000000E+00  0.00000000E+00  2.60022982E-03  0.00000000E+00  0.00000000E+00  0.00000000E+00  0.00000000E+00  0.00000000E+00  9.69798531E-02  0.00000000E+00  0.00000000E+00 -3.39234617E-02
    1.025000      1   0.00000000E+00  0.00000000E+00  2.60690019E-03  0.00000000E+00  0.00000000E+00  0.00000000E+00  0.00000000E+00  0.00000000E+00  9.69459301E-02  0.00000000E+00  0.00000000E+00 -3.39229509E-02
    1.026000      1   0.00000000E+00  0.00000000E+00  2.61833369E-03  0.00000000E+00  0.00000000E+00  0.00000000E+00  0.00000000E+00  0.00000000E+00  9.69120083E-02  0.00000000E+00  0.00000000E+00 -3.39218346E-02
    1.027000      1   0.00000000E+00  0.00000000E+00  2.58114864E-03  0.00000000E+00  0.00000000E+00  0.00000000E+00  0.00000000E+00  0.00000000E+00  9.68780918E-02  0.00000000E+00  0.00000000E+00 -3.39165058E-02
    1.028000      1   0.00000000E+00  0.00000000E+00  2.58216984E-03  0.00000000E+00  0.00000000E+00  0.00000000E+00  0.00000000E+00  0.00000000E+00  9.68441778E-02  0.00000000E+00  0.00000000E+00 -3.39139979E-02
    1.029000      1   0.00000000E+00  0.00000000E+00  2.59582237E-03  0.00000000E+00  0.00000000E+00  0.00000000E+00  0.00000000E+00  0.00000000E+00  9.68102543E-02  0.00000000E+00  0.00000000E+00 -3.39235215E-02
    1.030000      1   0.00000000E+00  0.00000000E+00  2.60287186E-03  0.00000000E+00  0.00000000E+00  0.00000000E+00  0.00000000E+00  0.00000000E+00  9.67763240E-02  0.00000000E+00  0.00000000E+00 -3.39302953E-02
    1.031000      1   0.00000000E+00  0.00000000E+00  2.58764382E-03  0.00000000E+00  0.00000000E+00  0.00000000E+00  0.00000000E+00  0.00000000E+00  9.67423926E-02  0.00000000E+00  0.00000000E+00 -3.39313389E-02
    1.032000      1   0.00000000E+00  0.00000000E+00  2.61720108E-03  0.00000000E+00  0.00000000E+00  0.00000000E+00  0.00000000E+00  0.00000000E+00  9.67084599E-02  0.00000000E+00  0.00000000E+00 -3.39327603E-02
    1.033000      1   0.00000000E+00  0.00000000E+00  2.60965485E-03  0.00000000E+00  0.00000000E+00  0.00000000E+00  0.00000000E+00  0.00000000E+00  9.66745259E-02  0.00000000E+00  0.00000000E+00 -3.39339558E-02
    1.034000      1   0.00000000E+00  0.00000000E+00  2.61676556E-03  0.00000000E+00  0.00000000E+00  0.00000000E+00  0.00000000E+00  0.00000000E+00  9.66405991E-02  0.00000000E+00  0.00000000E+00 -3.39267788E-02
    1.035000      1   0.00000000E+00  0.00000000E+00  2.57864141E-03  0.00000000E+00  0.00000000E+00  0.00000000E+00  0.00000000E+00  0.00000000E+00  9.66066783E-02  0.00000000E+00  0.00000000E+00 -3.39208227E-02
    1.036000      1   0.00000000E+00  0.00000000E+00  2.58765022E-03  0.00000000E+00  0.00000000E+00  0.00000000E+00  0.00000000E+00  0.00000000E+00  9.65727590E-02  0.00000000E+00  0.00000000E+00 -3.39192731E-02
    1.037000      1   0.00000000E+00  0.00000000E+00  2.58040866E-03  0.00000000E+00  0.00000000E+00  0.00000000E+00  0.00000000E+00  0.00000000E+00  9.65388304E-02  0.00000000E+00  0.00000000E+00 -3.39286509E-02
    1.038000      1   0.00000000E+00  0.00000000E+00  2.62184917E-03  0.00000000E+00  0.00000000E+00  0.00000000E+00  0.00000000E+00  0.00000000E+00  9.65048940E-02  0.00000000E+00  0.00000000E+00 -3.39363507E-02
    1.039000      1   0.00000000E+00  0.00000000E+00  2.57557734E-03  0.00000000E+00  0.00000000E+00  0.00000000E+00  0.00000000E+00  0.00000000E+00  9.64709549E-02  0.00000000E+00  0.00000000E+00 -3.39391005E-02
    1.040000      1   0.00000000E+00  0.00000000E+00  2.61305455E-03  0.00000000E+00  0.00000000E+00  0.00000000E+00  0.00000000E+00  0.00000000E+00  9.64370185E-02  0.00000000E+00  0.00000000E+00 -3.39364232E-02
    1.041000      1   0.00000000E+00  0.00000000E+00  2.61210409E-03  0.00000000E+00  0.00000000E+00  0.00000000E+00  0.00000000E+00  0.00000000E+00  9.64030762E-02  0.00000000E+00  0.00000000E+00 -3.39423148E-02
    1.042000      1   0.00000000E+00  0.00000000E+00  2.62180268E-03  0.00000000E+00  0.00000000E+00  0.00000000E+00  0.00000000E+00  0.00000000E+00  9.63691401E-02  0.00000000E+00  0.00000000E+00 -3.39360665E-02
    1.043000      1   0.00000000E+00  0.00000000E+00  2.58541846E-03  0.00000000E+00  0.00000000E+00  0.00000000E+00  0.00000000E+00  0.00000000E+00  9.63352117E-02  0.00000000E+00  0.00000000E+00 -3.39284152E-02
    1.044000      1   0.00000000E+00  0.00000000E+00  2.57924910E-03  0.00000000E+00  0.00000000E+00  0.00000000E+00  0.00000000E+00  0.00000000E+00  9.63012877E-02  0.00000000E+00  0.00000000E+00 -3.39240129E-02
    1.045000      1   0.00000000E+00  0.00000000E+00  2.60033616E-03  0.00000000E+00  0.00000000E+00  0.00000000E+00  0.00000000E+00  0.00000000E+00  9.62673551E-02  0.00000000E+00  0.00000000E+00 -3.39326507E-02
    1.046000      1   0.00000000E+00  0.00000000E+00  2.58958669E-03  0.00000000E+00  0.00000000E+00  0.00000000E+00  0.00000000E+00  0.00000000E+00  9.62334155E-02  0.00000000E+00  0.00000000E+00 -3.39395856E-02
    1.047000      1   0.00000000E+00  0.00000000E+00  2.60077002E-03  0.00000000E+00  0.00000000E+00  0.00000000E+00  0.00000000E+00  0.00000000E+00  9.61994740E-02  0.00000000E+00  0.00000000E+00 -3.39414961E-02
    1.048000      1   0.00000000E+00  0.00000000E+00  2.60008124E-03  0.00000000E+00  0.00000000E+00  0.00000000E+00  0.00000000E+00  0.00000000E+00  9.61655290E-02  0.00000000E+00  0.00000000E+00 -3.39449593E-02
    1.049000      1   0.00000000E+00  0.00000000E+00  2.61597089E-03  0.00000000E+00  0.00000000E+00  0.00000000E+00  0.00000000E+00  0.00000000E+00  9.61315841E-02  0.00000000E+00  0.00000000E+00 -3.39448714E-02
    1.050000      1   0.00000000E+00  0.00000000E+00  2.62174861E-03  0.00000000E+00  0.00000000E+00  0.00000000E+00  0.00000000E+00  0.00000000E+00  9.60976419E-02  0.00000000E+00  0.00000000E+00 -3.39421999E-02
    1.051000      1   0.00000000E+00  0.00000000E+00  2.59843173E-03  0.00000000E+00  0.00000000E+00  0.00000000E+00  0.00000000E+00  0.00000000E+00  9.60637086E-02  0.00000000E+00  0.00000000E+00 -3.39332883E-02
    1.052000      1   0.00000000E+00  0.00000000E+00  2.56927066E-03  0.00000000E+00  0.00000000E+00  0.00000000E+00  0.00000000E+00  0.00000000E+00  9.60297820E-02  0.00000000E+00  0.00000000E+00 -3.39266025E-02
    1.053000      1   0.00000000E+00  0.00000000E+00  2.58350546E-03  0.00000000E+00  0.00000000E+00  0.00000000E+00  0.00000000E+00  0.00000000E+00  9.59958493E-02  0.00000000E+00  0.00000000E+00 -3.39327311E-02
    1.054000      1   0.00000000E+00  0.00000000E+00  2.60536572E-03  0.00000000E+00  0.00000000E+00  0.00000000E+00  0.00000000E+00  0.00000000E+00  9.59619034E-02  0.00000000E+00  0.00000000E+00 -3.39459194E-02
    1.055000      1   0.00000000E+00  0.00000000E+00  2.61075673E-03  0.00000000E+00  0.00000000E+00  0.00000000E+00  0.00000000E+00  0.00000000E+00  9.59279528E-02  0.00000000E+00  0.00000000E+00 -3.39505670E-02
    1.056000      1   0.00000000E+00  0.00000000E+00  2.59348630E-03  0.00000000E+00  0.00000000E+00  0.00000000E+00  0.00000000E+00  0.00000000E+00  9.58940057E-02  0.00000000E+00  0.00000000E+00 -3.39470821E-02
    1.057000      1   0.00000000E+00  0.00000000E+00  2.60368686E-03  0.00000000E+00  0.00000000E+00  0.00000000E+00  0.00000000E+00  0.00000000E+00  9.58600609E-02  0.00000000E+00  0.00000000E+00 -3.39448807E-02
    1.058000      1   0.00000000E+00  0.00000000E+00  2.61463960E-03  0.00000000E+00  0.00000000E+00  0.00000000E+00  0.00000000E+00  0.00000000E+00  9.58261143E-02  0.00000000E+00  0.00000000E+00 -3.39465474E-02
    1.059000      1   0.00000000E+00  0.00000000E+00  2.61398616E-03  0.00000000E+00  0.00000000E+00  0.00000000E+00  0.00000000E+00  0.00000000E+00  9.57921714E-02  0.00000000E+00  0.00000000E+00 -3.39429271E-02
    1.060000      1   0.00000000E+00  0.00000000E+00  2.56967384E-03  0.00000000E+00  0.00000000E+00  0.00000000E+00  0.00000000E+00  0.00000000E+00  9.57582356E-02  0.00000000E+00  0.00000000E+00 -3.39358254E-02
    1.061000      1   0.00000000E+00  0.00000000E+00  2.59410734E-03  0.00000000E+00  0.00000000E+00  0.00000000E+00  0.00000000E+00  0.00000000E+00  9.57242988E-02  0.00000000E+00  0.00000000E+00 -3.39367744E-02
    1.062000      1   0.00000000E+00  0.00000000E+00  2.59108100E-03  0.00000000E+00  0.00000000E+00  0.00000000E+00  0.00000000E+00  0.00000000E+00  9.56903508E-02  0.00000000E+00  0.00000000E+00 -3.39479555E-02
    1.063000      1   0.00000000E+00  0.00000000E+00  2.60393851E-03  0.00000000E+00  0.00000000E+00  0.00000000E+00  0.00000000E+00  0.00000000E+00  9.56563992E-02  0.00000000E+00  0.00000000E+00 -3.39516474E-02
    1.064000      1   0.00000000E+00  0.00000000E+00  2.59530125E-03  0.00000000E+00  0.00000000E+00  0.00000000E+00  0.00000000E+00  0.00000000E+00  9.56224451E-02  0.00000000E+00  0.00000000E+00 -3.39540595E-02
    1.065000      1   0.00000000E+00  0.00000000E+00  2.60811085E-03  0.00000000E+00  0.00000000E+00  0.00000000E+00  0.00000000E+00  0.00000000E+00  9.55884914E-02  0.00000000E+00  0.00000000E+00 -3.39537764E-02
    1.066000      1   0.00000000E+00  0.00000000E+00  2.61674146E-03  0.00000000E+00  0.00000000E+00  0.00000000E+00  0.00000000E+00  0.00000000E+00  9.55545373E-02  0.00000000E+00  0.00000000E+00 -3.39540646E-02
    1.067000      1   0.00000000E+00  0.00000000E+00  2.61285286E-03  0.00000000E+00  0.00000000E+00  0.00000000E+00  0.00000000E+00  0.00000000E+00  9.55205887E-02  0.00000000E+00  0.00000000E+00 -3.39486198E-02
    1.068000      1   0.00000000E+00  0.00000000E+00  2.57586223E-03  0.00000000E+00  0.00000000E+00  0.00000000E+00  0.00000000E+00  0.00000000E+00  9.54866476E-02  0.00000000E+00  0.00000000E+00 -3.39410282E-02
    1.069000      1   0.00000000E+00  0.00000000E+00  2.58097190E-03  0.00000000E+00  0.00000000E+00  0.00000000E+00  0.00000000E+00  0.00000000E+00  9.54527064E-02  0.00000000E+00  0.00000000E+00 -3.39412551E-02
    1.070000      1   0.00000000E+00  0.00000000E+00  2.58756051E-03  0.00000000E+00  0.00000000E+00  0.00000000E+00  0.00000000E+00  0.00000000E+00  9.54187537E-02  0.00000000E+00  0.00000000E+00 -3.39527266E-02
    1.071000      1   0.00000000E+00  0.00000000E+00  2.61722538E-03  0.00000000E+00  0.00000000E+00  0.00000000E+00  0.00000000E+00  0.00000000E+00  9.53847923E-02  0.00000000E+00  0.00000000E+00 -3.39613549E-02
    1.072000      1   0.00000000E+00  0.00000000E+00  2.59270609E-03  0.00000000E+00  0.00000000E+00  0.00000000E+00  0.00000000E+00  0.00000000E+00  9.53508297E-02  0.00000000E+00  0.00000000E+00 -3.39625736E-02
    1.073000      1   0.00000000E+00  0.00000000E+00  2.61147647E-03  0.00000000E+00  0.00000000E+00  0.00000000E+00  0.00000000E+00  0.00000000E+00  9.53168713E-02  0.00000000E+00  0.00000000E+00 -3.39583858E-02
    1.074000      1   0.00000000E+00  0.00000000E+00  2.59893201E-03  0.00000000E+00  0.00000000E+00  0.00000000E+00  0.00000000E+00  0.00000000E+00  9.52829124E-02  0.00000000E+00  0.00000000E+00 -3.39589312E-02
    1.075000      1   0.00000000E+00  0.00000000E+00  2.62243191E-03  0.00000000E+00  0.00000000E+00  0.00000000E+00  0.00000000E+00  0.00000000E+00  9.52489569E-02  0.00000000E+00  0.00000000E+00 -3.39555304E-02
    1.076000      1   0.00000000E+00  0.00000000E+00  2.58131039E-03  0.00000000E+00  0.00000000E+00  0.00000000E+00  0.00000000E+00  0.00000000E+00  9.52150048E-02  0.00000000E+00  0.00000000E+00 -3.39520938E-02
    1.077000      1   0.00000000E+00  0.00000000E+00  2.58396069E-03  0.00000000E+00  0.00000000E+00  0.00000000E+00  0.00000000E+00  0.00000000E+00  9.51810566E-02  0.00000000E+00  0.00000000E+00 -3.39482113E-02
    1.078000      1   0.00000000E+00  0.00000000E+00  2.59758837E-03  0.00000000E+00  0.00000000E+00  0.00000000E+00  0.00000000E+00  0.00000000E+00  9.51470992E-02  0.00000000E+00  0.00000000E+00 -3.39573651E-02
    1.079000      1   0.00000000E+00  0.00000000E+00  2.60017084E-03  0.00000000E+00  0.00000000E+00  0.00000000E+00  0.00000000E+00  0.00000000E+00  9.51131360E-02  0.00000000E+00  0.00000000E+00 -3.39632385E-02
    1.080000      1   0.00000000E+00  0.00000000E+00  2.58357816E-03  0.00000000E+00  0.00000000E+00  0.00000000E+00  0.00000000E+00  0.00000000E+00  9.50791718E-02  0.00000000E+00  0.00000000E+00 -3.39641798E-02
    1.081000      1   0.00000000E+00  0.00000000E+00  2.61657495E-03  0.00000000E+00  0.00000000E+00  0.00000000E+00  0.00000000E+00  0.00000000E+00  9.50452046E-02  0.00000000E+00  0.00000000E+00 -3.39672071E-02
    1.082000      1   0.00000000E+00  0.00000000E+00  2.62193747E-03  0.00000000E+00  0.00000000E+00  0.00000000E+00  0.00000000E+00  0.00000000E+00  9.50112347E-02  0.00000000E+00  0.00000000E+00 -3.39698486E-02
    1.083000      1   0.00000000E+00  0.00000000E+00  2.61013284E-03  0.00000000E+00  0.00000000E+00  0.00000000E+00  0.00000000E+00  0.00000000E+00  9.49772740E-02  0.00000000E+00  0.00000000E+00 -3.39607052E-02
    1.084000      1   0.00000000E+00  0.00000000E+00  2.58590053E-03  0.00000000E+00  0.00000000E+00  0.00000000E+00  0.00000000E+00  0.00000000E+00  9.49433221E-02  0.00000000E+00  0.00000000E+00 -3.39518882E-02
    1.085000      1   0.00000000E+00  0.00000000E+00  2.58254309E-03  0.00000000E+00  0.00000000E+00  0.00000000E+00  0.00000000E+00  0.00000000E+00  9.49093709E-02  0.00000000E+00  0.00000000E+00 -3.39512332E-02
    1.086000      1   0.00000000E+00  0.00000000E+00  2.58751029E-03  0.00000000E+00  0.00000000E+00  0.00000000E+00  0.00000000E+00  0.00000000E+00  9.48754118E-02  0.00000000E+00  0.00000000E+00 -3.39591301E-02
    1.087000      1   0.00000000E+00  0.00000000E+00  2.61082850E-03  0.00000000E+00  0.00000000E+00  0.00000000E+00  0.00000000E+00  0.00000000E+00  9.48414445E-02  0.00000000E+00  0.00000000E+00 -3.39672514E-02
    1.088000      1   0.00000000E+00  0.00000000E+00  2.58795103E-03  0.00000000E+00  0.00000000E+00  0.00000000E+00  0.00000000E+00  0.00000000E+00  9.48074749E-02  0.00000000E+00  0.00000000E+00 -3.39696177E-02
    1.089000      1   0.00000000E+00  0.00000000E+00  2.60894111E-03  0.00000000E+00  0.00000000E+00  0.00000000E+00  0.00000000E+00  0.00000000E+00  9.47735065E-02  0.00000000E+00  0.00000000E+00 -3.39683716E-02
    1.090000      1   0.00000000E+00  0.00000000E+00  2.61005934E-03  0.00000000E+00  0.00000000E+00  0.00000000E+00  0.00000000E+00  0.00000000E+00  9.47395356E-02  0.00000000E+00  0.00000000E+00 -3.39709270E-02
    1.091000      1   0.00000000E+00  0.00000000E+00  2.62136165E-03  0.00000000E+00  0.00000000E+00  0.00000000E+00  0.00000000E+00  0.00000000E+00  9.47055692E-02  0.00000000E+00  0.00000000E+00 -3.39663911E-02
    1.092000      1   0.00000000E+00  0.00000000E+00  2.59180270E-03  0.00000000E+00  0.00000000E+00  0.00000000E+00  0.00000000E+00  0.00000000E+00  9.46716097E-02  0.00000000E+00  0.00000000E+00 -3.39594894E-02
    1.093000      1   0.00000000E+00  0.00000000E+00  2.57729482E-03  0.00000000E+00  0.00000000E+00  0.00000000E+00  0.00000000E+00  0.00000000E+00  9.46376556E-02  0.00000000E+00  0.00000000E+00 -3.39541029E-02
    1.094000      1   0.00000000E+00  0.00000000E+00  2.59729358E-03  0.00000000E+00  0.00000000E+00  0.00000000E+00  0.00000000E+00  0.00000000E+00  9.46036946E-02  0.00000000E+00  0.00000000E+00 -3.39609896E-02
    1.095000      1   0.00000000E+00  0.00000000E+00  2.59231536E-03  0.00000000E+00  0.00000000E+00  0.00000000E+00  0.00000000E+00  0.00000000E+00  9.45697255E-02  0.00000000E+00  0.00000000E+00 -3.39691044E-02
    1.096000      1   0.00000000E+00  0.00000000E+00  2.60133908E-03  0.00000000E+00  0.00000000E+00  0.00000000E+00  0.00000000E+00  0.00000000E+00  9.45357540E-02  0.00000000E+00  0.00000000E+00 -3.39715316E-02
    1.097000      1   0.00000000E+00  0.00000000E+00  2.60653672E-03  0.00000000E+00  0.00000000E+00  0.00000000E+00  0.00000000E+00  0.00000000E+00  9.45017800E-02  0.00000000E+00  0.00000000E+00 -3.39739980E-02
    1.098000      1   0.00000000E+00  0.00000000E+00  2.60437899E-03  0.00000000E+00  0.00000000E+00  0.00000000E+00  0.00000000E+00  0.00000000E+00  9.44678074E-02  0.00000000E+00  0.00000000E+00 -3.39725817E-02
    1.099000      1   0.00000000E+00  0.00000000E+00  2.61835160E-03  0.00000000E+00  0.00000000E+00  0.00000000E+00  0.00000000E+00  0.00000000E+00  9.44338376E-02  0.00000000E+00  0.00000000E+00 -3.39698400E-02
    1.100000      1   0.00000000E+00  0.00000000E+00  2.61370832E-03  0.00000000E+00  0.00000000E+00  0.00000000E+00  0.00000000E+00  0.00000000E+00  9.43998723E-02  0.00000000E+00  0.00000000E+00 -3.39653361E-02
    1.101000      1   0.00000000E+00  0.00000000E+00  2.56930960E-03  0.00000000E+00  0.00000000E+00  0.00000000E+00  0.00000000E+00  0.00000000E+00  9.43659152E-02  0.00000000E+00  0.00000000E+00 -3.39570644E-02
    1.102000      1   0.00000000E+00  0.00000000E+00  2.57742303E-03  0.00000000E+00  0.00000000E+00  0.00000000E+00  0.00000000E+00  0.00000000E+00  9.43319570E-02  0.00000000E+00  0.00000000E+00 -3.39581691E-02
    1.103000      1   0.00000000E+00  0.00000000E+00  2.60031700E-03  0.00000000E+00  0.00000000E+00  0.00000000E+00  0.00000000E+00  0.00000000E+00  9.42979846E-02  0.00000000E+00  0.00000000E+00 -3.39724202E-02
    1.104000      1   0.00000000E+00  0.00000000E+00  2.61526048E-03  0.00000000E+00  0.00000000E+00  0.00000000E+00  0.00000000E+00  0.00000000E+00  9.42640046E-02  0.00000000E+00  0.00000000E+00 -3.39799582E-02
    1.105000      1   0.00000000E+00  0.00000000E+00  2.59798099E-03  0.00000000E+00  0.00000000E+00  0.00000000E+00  0.00000000E+00  0.00000000E+00  9.42300273E-02  0.00000000E+00  0.00000000E+00 -3.39773349E-02
    1.106000      1   0.00000000E+00  0.00000000E+00  2.59424473E-03  0.00000000E+00  0.00000000E+00  0.00000000E+00  0.00000000E+00  0.00000000E+00  9.41960544E-02  0.00000000E+00  0.00000000E+00 -3.39728596E-02
    1.107000      1   0.00000000E+00  0.00000000E+00  2.61484749E-03  0.00000000E+00  0.00000000E+00  0.00000000E+00  0.00000000E+00  0.00000000E+00  9.41620797E-02  0.00000000E+00  0.00000000E+00 -3.39747198E-02
    1.108000      1   0.00000000E+00  0.00000000E+00  2.62170958E-03  0.00000000E+00  0.00000000E+00  0.00000000E+00  0.00000000E+00  0.00000000E+00  9.41281056E-02  0.00000000E+00  0.00000000E+00 -3.39741638E-02
    1.109000      1   0.00000000E+00  0.00000000E+00  2.56803554E-03  0.00000000E+00  0.00000000E+00  0.00000000E+00  0.00000000E+00  0.00000000E+00  9.40941399E-02  0.00000000E+00  0.00000000E+00 -3.39656280E-02
    1.110000      1   0.00000000E+00  0.00000000E+00  2.59406018E-03  0.00000000E+00  0.00000000E+00  0.00000000E+00  0.00000000E+00  0.00000000E+00  9.40601756E-02  0.00000000E+00  0.00000000E+00 -3.39643302E-02
    1.111000      1   0.00000000E+00  0.00000000E+00  2.58509084E-03  0.00000000E+00  0.00000000E+00  0.00000000E+00  0.00000000E+00  0.00000000E+00  9.40261995E-02  0.00000000E+00  0.00000000E+00 -3.39760577E-02
    1.112000      1   0.00000000E+00  0.00000000E+00  2.60632566E-03  0.00000000E+00  0.00000000E+00  0.00000000E+00  0.00000000E+00  0.00000000E+00  9.39922187E-02  0.00000000E+00  0.00000000E+00 -3.39808243E-02
    1.113000      1   0.00000000E+00  0.00000000E+00  2.59685141E-03  0.00000000E+00  0.00000000E+00  0.00000000E+00  0.00000000E+00  0.00000000E+00  9.39582339E-02  0.00000000E+00  0.00000000E+00 -3.39847816E-02
    1.114000      1   0.00000000E+00  0.00000000E+00  2.61475976E-03  0.00000000E+00  0.00000000E+00  0.00000000E+00  0.00000000E+00  0.00000000E+00  9.39242505E-02  0.00000000E+00  0.00000000E+00 -3.39834403E-02
    1.115000      1   0.00000000E+00  0.00000000E+00  2.60718067E-03  0.00000000E+00  0.00000000E+00  0.00000000E+00  0.00000000E+00  0.00000000E+00  9.38902685E-02  0.00000000E+00  0.00000000E+00 -3.39820437E-02
    1.116000      1   0.00000000E+00  0.00000000E+00  2.61477416E-03  0.00000000E+00  0.00000000E+00  0.00000000E+00  0.00000000E+00  0.00000000E+00  9.38562923E-02  0.00000000E+00  0.00000000E+00 -3.39761060E-02
    1.117000      1   0.00000000E+00  0.00000000E+00  2.58146178E-03  0.00000000E+00  0.00000000E+00  0.00000000E+00  0.00000000E+00  0.00000000E+00  9.38223210E-02  0.00000000E+00  0.00000000E+00 -3.39713146E-02
    1.118000      1   0.00000000E+00  0.00000000E+00  2.57881084E-03  0.00000000E+00  0.00000000E+00  0.00000000E+00  0.00000000E+00  0.00000000E+00  9.37883511E-02  0.00000000E+00  0.00000000E+00 -3.39699202E-02
    1.119000      1   0.00000000E+00  0.00000000E+00  2.58726915E-03  0.00000000E+00  0.00000000E+00  0.00000000E+00  0.00000000E+00  0.00000000E+00  9.37543712E-02  0.00000000E+00  0.00000000E+00 -3.39799350E-02
    1.120000      1   0.00000000E+00  0.00000000E+00  2.62285926E-03  0.00000000E+00  0.00000000E+00  0.00000000E+00  0.00000000E+00  0.00000000E+00  9.37203819E-02  0.00000000E+00  0.00000000E+00 -3.39893245E-02
    1.121000      1   0.00000000E+00  0.00000000E+00  2.58457773E-03  0.00000000E+00  0.00000000E+00  0.00000000E+00  0.00000000E+00  0.00000000E+00  9.36863922E-02  0.00000000E+00  0.00000000E+00 -3.39896426E-02
    1.122000      1   0.00000000E+00  0.00000000E+00  2.60851920E-03  0.00000000E+00  0.00000000E+00  0.00000000E+00  0.00000000E+00  0.00000000E+00  9.36524072E-02  0.00000000E+00  0.00000000E+00 -3.39850420E-02
    1.123000      1   0.00000000E+00  0.00000000E+00  2.60740461E-03  0.00000000E+00  0.00000000E+00  0.00000000E+00  0.00000000E+00  0.00000000E+00  9.36184184E-02  0.00000000E+00  0.00000000E+00 -3.39887798E-02
    1.124000      1   0.00000000E+00  0.00000000E+00  2.62294674E-03  0.00000000E+00  0.00000000E+00  0.00000000E+00  0.00000000E+00  0.00000000E+00  9.35844335E-02  0.00000000E+00  0.00000000E+00 -3.39848519E-02
    1.125000      1   0.00000000E+00  0.00000000E+00  2.57987030E-03  0.00000000E+00  0.00000000E+00  0.00000000E+00  0.00000000E+00  0.00000000E+00  9.35504550E-02  0.00000000E+00  0.00000000E+00 -3.39785417E-02
    1.126000      1   0.00000000E+00  0.00000000E+00  2.58057658E-03  0.00000000E+00  0.00000000E+00  0.00000000E+00  0.00000000E+00  0.00000000E+00  9.35164803E-02  0.00000000E+00  0.00000000E+00 -3.39747448E-02
    1.127000      1   0.00000000E+00  0.00000000E+00  2.60030934E-03  0.00000000E+00  0.00000000E+00  0.00000000E+00  0.00000000E+00  0.00000000E+00  9.34824953E-02  0.00000000E+00  0.00000000E+00 -3.39849700E-02
    1.128000      1   0.00000000E+00  0.00000000E+00  2.60395799E-03  0.00000000E+00  0.00000000E+00  0.00000000E+00  0.00000000E+00  0.00000000E+00  9.34485038E-02  0.00000000E+00  0.00000000E+00 -3.39914736E-02
    1.129000      1   0.00000000E+00  0.00000000E+00  2.58043886E-03  0.00000000E+00  0.00000000E+00  0.00000000E+00  0.00000000E+00  0.00000000E+00  9.34145130E-02  0.00000000E+00  0.00000000E+00 -3.39908516E-02
    1.130000      1   0.00000000E+00  0.00000000E+00  2.61675048E-03  0.00000000E+00  0.00000000E+00  0.00000000E+00  0.00000000E+00  0.00000000E+00  9.33805198E-02  0.00000000E+00  0.00000000E+00 -3.39931903E-02
    1.131000      1   0.00000000E+00  0.00000000E+00  2.61802065E-03  0.00000000E+00  0.00000000E+00  0.00000000E+00  0.00000000E+00  0.00000000E+00  9.33465229E-02  0.00000000E+00  0.00000000E+00 -3.39968318E-02
    1.132000      1   0.00000000E+00  0.00000000E+00  2.61783032E-03  0.00000000E+00  0.00000000E+00  0.00000000E+00  0.00000000E+00  0.00000000E+00  9.33125346E-02  0.00000000E+00  0.00000000E+00 -3.39883234E-02
    1.133000      1   0.00000000E+00  0.00000000E+00  2.58928615E-03  0.00000000E+00  0.00000000E+00  0.00000000E+00  0.00000000E+00  0.00000000E+00  9.32785552E-02  0.00000000E+00  0.00000000E+00 -3.39794315E-02
    1.134000      1   0.00000000E+00  0.00000000E+00  2.57643052E-03  0.00000000E+00  0.00000000E+00  0.00000000E+00  0.00000000E+00  0.00000000E+00  9.32445795E-02  0.00000000E+00  0.00000000E+00 -3.39756498E-02
    1.135000      1   0.00000000E+00  0.00000000E+00  2.58616331E-03  0.00000000E+00  0.00000000E+00  0.00000000E+00  0.00000000E+00  0.00000000E+00  9.32105960E-02  0.00000000E+00  0.00000000E+00 -3.39835158E-02
    1.136000      1   0.00000000E+00  0.00000000E+00  2.61342703E-03  0.00000000E+00  0.00000000E+00  0.00000000E+00  0.00000000E+00  0.00000000E+00  9.31766021E-02  0.00000000E+00  0.00000000E+00 -3.39938827E-02
    1.137000      1   0.00000000E+00  0.00000000E+00  2.59164834E-03  0.00000000E+00  0.00000000E+00  0.00000000E+00  0.00000000E+00  0.00000000E+00  9.31426059E-02  0.00000000E+00  0.00000000E+00 -3.39962319E-02
    1.138000      1   0.00000000E+00  0.00000000E+00  2.60431253E-03  0.00000000E+00  0.00000000E+00  0.00000000E+00  0.00000000E+00  0.00000000E+00  9.31086124E-02  0.00000000E+00  0.00000000E+00 -3.39934786E-02
    1.139000      1   0.00000000E+00  0.00000000E+00  2.60860850E-03  0.00000000E+00  0.00000000E+00  0.00000000E+00  0.00000000E+00  0.00000000E+00  9.30746168E-02  0.00000000E+00  0.00000000E+00 -3.39956382E-02
    1.140000      1   0.00000000E+00  0.00000000E+00  2.62466913E-03  0.00000000E+00  0.00000000E+00  0.00000000E+00  0.00000000E+00  0.00000000E+00  9.30406239E-02  0.00000000E+00  0.00000000E+00 -3.39928790E-02
    1.141000      1   0.00000000E+00  0.00000000E+00  2.59286907E-03  0.00000000E+00  0.00000000E+00  0.00000000E+00  0.00000000E+00  0.00000000E+00  9.30066380E-02  0.00000000E+00  0.00000000E+00 -3.39858688E-02
    1.142000      1   0.00000000E+00  0.00000000E+00  2.57720811E-03  0.00000000E+00  0.00000000E+00  0.00000000E+00  0.00000000E+00  0.00000000E+00  9.29726588E-02  0.00000000E+00  0.00000000E+00 -3.39792076E-02
    1.143000      1   0.00000000E+00  0.00000000E+00  2.59863401E-03  0.00000000E+00  0.00000000E+00  0.00000000E+00  0.00000000E+00  0.00000000E+00  9.29386731E-02  0.00000000E+00  0.00000000E+00 -3.39857594E-02
    1.144000      1   0.00000000E+00  0.00000000E+00  2.58829486E-03  0.00000000E+00  0.00000000E+00  0.00000000E+00  0.00000000E+00  0.00000000E+00  9.29046794E-02  0.00000000E+00  0.00000000E+00 -3.39936656E-02
    1.145000      1   0.00000000E+00  0.00000000E+00  2.60540019E-03  0.00000000E+00  0.00000000E+00  0.00000000E+00  0.00000000E+00  0.00000000E+00  9.28706830E-02  0.00000000E+00  0.00000000E+00 -3.39963636E-02
    1.146000      1   0.00000000E+00  0.00000000E+00  2.60221716E-03  0.00000000E+00  0.00000000E+00  0.00000000E+00  0.00000000E+00  0.00000000E+00  9.28366836E-02  0.00000000E+00  0.00000000E+00 -3.39994322E-02
    1.147000      1   0.00000000E+00  0.00000000E+00  2.60913952E-03  0.00000000E+00  0.00000000E+00  0.00000000E+00  0.00000000E+00  0.00000000E+00  9.28026862E-02  0.00000000E+00  0.00000000E+00 -3.39974461E-02
    1.148000      1   0.00000000E+00  0.00000000E+00  2.61427437E-03  0.00000000E+00  0.00000000E+00  0.00000000E+00  0.00000000E+00  0.00000000E+00  9.27686909E-02  0.00000000E+00  0.00000000E+00 -3.39952811E-02
    1.149000      1   0.00000000E+00  0.00000000E+00  2.61479999E-03  0.00000000E+00  0.00000000E+00  0.00000000E+00  0.00000000E+00  0.00000000E+00  9.27347009E-02  0.00000000E+00  0.00000000E+00 -3.39899348E-02
    1.150000      1   0.00000000E+00  0.00000000E+00  2.56768974E-03  0.00000000E+00  0.00000000E+00  0.00000000E+00  0.00000000E+00  0.00000000E+00  9.27007181E-02  0.00000000E+00  0.00000000E+00 -3.39828091E-02
    1.151000      1   0.00000000E+00  0.00000000E+00  2.58054561E-03  0.00000000E+00  0.00000000E+00  0.00000000E+00  0.00000000E+00  0.00000000E+00  9.26667343E-02  0.00000000E+00  0.00000000E+00 -3.39838417E-02
    1.152000      1   0.00000000E+00  0.00000000E+00  2.59974847E-03  0.00000000E+00  0.00000000E+00  0.00000000E+00  0.00000000E+00  0.00000000E+00  9.26327362E-02  0.00000000E+00  0.00000000E+00 -3.39980726E-02
    1.153000      1   0.00000000E+00  0.00000000E+00  2.61628723E-03  0.00000000E+00  0.00000000E+00  0.00000000E+00  0.00000000E+00  0.00000000E+00  9.25987315E-02  0.00000000E+00  0.00000000E+00 -3.40046856E-02
    1.154000      1   0.00000000E+00  0.00000000E+00  2.59412391E-03  0.00000000E+00  0.00000000E+00  0.00000000E+00  0.00000000E+00  0.00000000E+00  9.25647295E-02  0.00000000E+00  0.00000000E+00 -3.40020674E-02
    1.155000      1   0.00000000E+00  0.00000000E+00  2.59794243E-03  0.00000000E+00  0.00000000E+00  0.00000000E+00  0.00000000E+00  0.00000000E+00  9.25307315E-02  0.00000000E+00  0.00000000E+00 -3.39979370E-02
    1.156000      1   0.00000000E+00  0.00000000E+00  2.61285134E-03  0.00000000E+00  0.00000000E+00  0.00000000E+00  0.00000000E+00  0.00000000E+00  9.24967311E-02  0.00000000E+00  0.00000000E+00 -3.40004101E-02
    1.157000      1   0.00000000E+00  0.00000000E+00  2.62290581E-03  0.00000000E+00  0.00000000E+00  0.00000000E+00  0.00000000E+00  0.00000000E+00  9.24627321E-02  0.00000000E+00  0.00000000E+00 -3.39989927E-02
    1.158000      1   0.00000000E+00  0.00000000E+00  2.57254433E-03  0.00000000E+00  0.00000000E+00  0.00000000E+00  0.00000000E+00  0.00000000E+00  9.24287412E-02  0.00000000E+00  0.00000000E+00 -3.39909009E-02
    1.159000      1   0.00000000E+00  0.00000000E+00  2.58825680E-03  0.00000000E+00  0.00000000E+00  0.00000000E+00  0.00000000E+00  0.00000000E+00  9.23947528E-02  0.00000000E+00  0.00000000E+00 -3.39884129E-02
    1.160000      1   0.00000000E+00  0.00000000E+00  2.58610261E-03  0.00000000E+00  0.00000000E+00  0.00000000E+00  0.00000000E+00  0.00000000E+00  9.23607531E-02  0.00000000E+00  0.00000000E+00 -3.39996859E-02
    1.161000      1   0.00000000E+00  0.00000000E+00  2.60808293E-03  0.00000000E+00  0.00000000E+00  0.00000000E+00  0.00000000E+00  0.00000000E+00  9.23267469E-02  0.00000000E+00  0.00000000E+00 -3.40061796E-02
    1.162000      1   0.00000000E+00  0.00000000E+00  2.59580835E-03  0.00000000E+00  0.00000000E+00  0.00000000E+00  0.00000000E+00  0.00000000E+00  9.22927375E-02  0.00000000E+00  0.00000000E+00 -3.40094937E-02
    1.163000      1   0.00000000E+00  0.00000000E+00  2.61898509E-03  0.00000000E+00  0.00000000E+00  0.00000000E+00  0.00000000E+00  0.00000000E+00  9.22587297E-02  0.00000000E+00  0.00000000E+00 -3.40077599E-02
    1.164000      1   0.00000000E+00  0.00000000E+00  2.60145481E-03  0.00000000E+00  0.00000000E+00  0.00000000E+00  0.00000000E+00  0.00000000E+00  9.22247237E-02  0.00000000E+00  0.00000000E+00 -3.40059586E-02
    1.165000      1   0.00000000E+00  0.00000000E+00  2.62047375E-03  0.00000000E+00  0.00000000E+00  0.00000000E+00  0.00000000E+00  0.00000000E+00  9.21907241E-02  0.00000000E+00  0.00000000E+00 -3.39996458E-02
    1.166000      1   0.00000000E+00  0.00000000E+00  2.57806805E-03  0.00000000E+00  0.00000000E+00  0.00000000E+00  0.00000000E+00  0.00000000E+00  9.21567284E-02  0.00000000E+00  0.00000000E+00 -3.39957269E-02
    1.167000      1   0.00000000E+00  0.00000000E+00  2.58495878E-03  0.00000000E+00  0.00000000E+00  0.00000000E+00  0.00000000E+00  0.00000000E+00  9.21227353E-02  0.00000000E+00  0.00000000E+00 -3.39930609E-02
    1.168000      1   0.00000000E+00  0.00000000E+00  2.58310646E-03  0.00000000E+00  0.00000000E+00  0.00000000E+00  0.00000000E+00  0.00000000E+00  9.20887322E-02  0.00000000E+00  0.00000000E+00 -3.40031030E-02
    1.169000      1   0.00000000E+00  0.00000000E+00  2.62242380E-03  0.00000000E+00  0.00000000E+00  0.00000000E+00  0.00000000E+00  0.00000000E+00  9.20547210E-02  0.00000000E+00  0.00000000E+00 -3.40112096E-02
    1.170000      1   0.00000000E+00  0.00000000E+00  2.58411493E-03  0.00000000E+00  0.00000000E+00  0.00000000E+00  0.00000000E+00  0.00000000E+00  9.20207080E-02  0.00000000E+00  0.00000000E+00 -3.40129717E-02
    1.171000      1   0.00000000E+00  0.00000000E+00  2.61213161E-03  0.00000000E+00  0.00000000E+00  0.00000000E+00  0.00000000E+00  0.00000000E+00  9.19866994E-02  0.00000000E+00  0.00000000E+00 -3.40085959E-02
    1.172000      1   0.00000000E+00  0.00000000E+00  2.60694146E-03  0.00000000E+00  0.00000000E+00  0.00000000E+00  0.00000000E+00  0.00000000E+00  9.19526876E-02  0.00000000E+00  0.00000000E+00 -3.40118469E-02
    1.173000      1   0.00000000E+00  0.00000000E+00  2.62358968E-03  0.00000000E+00  0.00000000E+00  0.00000000E+00  0.00000000E+00  0.00000000E+00  9.19186808E-02  0.00000000E+00  0.00000000E+00 -3.40068147E-02
    1.174000      1   0.00000000E+00  0.00000000E+00  2.57861363E-03  0.00000000E+00  0.00000000E+00  0.00000000E+00  0.00000000E+00  0.00000000E+00  9.18846802E-02  0.00000000E+00  0.00000000E+00 -3.40005428E-02
    1.175000      1   0.00000000E+00  0.00000000E+00  2.58349607E-03  0.00000000E+00  0.00000000E+00  0.00000000E+00  0.00000000E+00  0.00000000E+00  9.18506835E-02  0.00000000E+00  0.00000000E+00 -3.39967570E-02
    1.176000      1   0.00000000E+00  0.00000000E+00  2.59700206E-03  0.00000000E+00  0.00000000E+00  0.00000000E+00  0.00000000E+00  0.00000000E+00  9.18166766E-02  0.00000000E+00  0.00000000E+00 -3.40068786E-02
    1.177000      1   0.00000000E+00  0.00000000E+00  2.60710185E-03  0.00000000E+00  0.00000000E+00  0.00000000E+00  0.00000000E+00  0.00000000E+00  9.17826636E-02  0.00000000E+00  0.00000000E+00 -3.40130083E-02
    1.178000      1   0.00000000E+00  0.00000000E+00  2.57989060E-03  0.00000000E+00  0.00000000E+00  0.00000000E+00  0.00000000E+00  0.00000000E+00  9.17486507E-02  0.00000000E+00  0.00000000E+00 -3.40129164E-02
    1.179000      1   0.00000000E+00  0.00000000E+00  2.61187531E-03  0.00000000E+00  0.00000000E+00  0.00000000E+00  0.00000000E+00  0.00000000E+00  9.17146363E-02  0.00000000E+00  0.00000000E+00 -3.40143196E-02
    1.180000      1   0.00000000E+00  0.00000000E+00  2.62276951E-03  0.00000000E+00  0.00000000E+00  0.00000000E+00  0.00000000E+00  0.00000000E+00  9.16806173E-02  0.00000000E+00  0.00000000E+00 -3.40190033E-02
    1.181000      1   0.00000000E+00  0.00000000E+00  2.61690955E-03  0.00000000E+00  0.00000000E+00  0.00000000E+00  0.00000000E+00  0.00000000E+00  9.16466061E-02  0.00000000E+00  0.00000000E+00 -3.40112562E-02
    1.182000      1   0.00000000E+00  0.00000000E+00  2.58950940E-03  0.00000000E+00  0.00000000E+00  0.00000000E+00  0.00000000E+00  0.00000000E+00  9.16126051E-02  0.00000000E+00  0.00000000E+00 -3.40009675E-02
    1.183000      1   0.00000000E+00  0.00000000E+00  2.57706500E-03  0.00000000E+00  0.00000000E+00  0.00000000E+00  0.00000000E+00  0.00000000E+00  9.15786077E-02  0.00000000E+00  0.00000000E+00 -3.39974487E-02
    1.184000      1   0.00000000E+00  0.00000000E+00  2.58634710E-03  0.00000000E+00  0.00000000E+00  0.00000000E+00  0.00000000E+00  0.00000000E+00  9.15446025E-02  0.00000000E+00  0.00000000E+00 -3.40051292E-02
    1.185000      1   0.00000000E+00  0.00000000E+00  2.61180143E-03  0.00000000E+00  0.00000000E+00  0.00000000E+00  0.00000000E+00  0.00000000E+00  9.15105873E-02  0.00000000E+00  0.00000000E+00 -3.40152552E-02
    1.186000      1   0.00000000E+00  0.00000000E+00  2.59249360E-03  0.00000000E+00  0.00000000E+00  0.00000000E+00  0.00000000E+00  0.00000000E+00  9.14765694E-02  0.00000000E+00  0.00000000E+00 -3.40178315E-02
    1.187000      1   0.00000000E+00  0.00000000E+00  2.60627693E-03  0.00000000E+00  0.00000000E+00  0.00000000E+00  0.00000000E+00  0.00000000E+00  9.14425540E-02  0.00000000E+00  0.00000000E+00 -3.40154626E-02
    1.188000      1   0.00000000E+00  0.00000000E+00  2.60614137E-03  0.00000000E+00  0.00000000E+00  0.00000000E+00  0.00000000E+00  0.00000000E+00  9.14085370E-02  0.00000000E+00  0.00000000E+00 -3.40169973E-02
    1.189000      1   0.00000000E+00  0.00000000E+00  2.62799319E-03  0.00000000E+00  0.00000000E+00  0.00000000E+00  0.00000000E+00  0.00000000E+00  9.13745230E-02  0.00000000E+00  0.00000000E+00 -3.40140292E-02
    1.190000      1   0.00000000E+00  0.00000000E+00  2.59024412E-03  0.00000000E+00  0.00000000E+00  0.00000000E+00  0.00000000E+00  0.00000000E+00  9.13405157E-02  0.00000000E+00  0.00000000E+00 -3.40072415E-02
    1.191000      1   0.00000000E+00  0.00000000E+00  2.57850242E-03  0.00000000E+00  0.00000000E+00  0.00000000E+00  0.00000000E+00  0.00000000E+00  9.13065158E-02  0.00000000E+00  0.00000000E+00 -3.39999528E-02
    1.192000      1   0.00000000E+00  0.00000000E+00  2.59760978E-03  0.00000000E+00  0.00000000E+00  0.00000000E+00  0.00000000E+00  0.00000000E+00  9.12725086E-02  0.00000000E+00  0.00000000E+00 -3.40071378E-02
    1.193000      1   0.00000000E+00  0.00000000E+00  2.58937977E-03  0.00000000E+00  0.00000000E+00  0.00000000E+00  0.00000000E+00  0.00000000E+00  9.12384938E-02  0.00000000E+00  0.00000000E+00 -3.40148000E-02
    1.194000      1   0.00000000E+00  0.00000000E+00  2.60612074E-03  0.00000000E+00  0.00000000E+00  0.00000000E+00  0.00000000E+00  0.00000000E+00  9.12044762E-02  0.00000000E+00  0.00000000E+00 -3.40176425E-02
    1.195000      1   0.00000000E+00  0.00000000E+00  2.60035911E-03  0.00000000E+00  0.00000000E+00  0.00000000E+00  0.00000000E+00  0.00000000E+00  9.11704560E-02  0.00000000E+00  0.00000000E+00 -3.40202274E-02
    1.196000      1   0.00000000E+00  0.00000000E+00  2.61385900E-03  0.00000000E+00  0.00000000E+00  0.00000000E+00  0.00000000E+00  0.00000000E+00  9.11364376E-02  0.00000000E+00  0.00000000E+00 -3.40183332E-02
    1.197000      1   0.00000000E+00  0.00000000E+00  2.61049200E-03  0.00000000E+00  0.00000000E+00  0.00000000E+00  0.00000000E+00  0.00000000E+00  9.11024217E-02  0.00000000E+00  0.00000000E+00 -3.40159439E-02
    1.198000      1   0.00000000E+00  0.00000000E+00  2.61590595E-03  0.00000000E+00  0.00000000E+00  0.00000000E+00  0.00000000E+00  0.00000000E+00  9.10684120E-02  0.00000000E+00  0.00000000E+00 -3.40097164E-02
    1.199000      1   0.00000000E+00  0.00000000E+00  2.56822666E-03  0.00000000E+00  0.00000000E+00  0.00000000E+00  0.00000000E+00  0.00000000E+00  9.10344083E-02  0.00000000E+00  0.00000000E+00 -3.40036374E-02
    1.200000      1   0.00000000E+00  0.00000000E+00  2.58217468E-03  0.00000000E+00  0.00000000E+00  0.00000000E+00  0.00000000E+00  0.00000000E+00  9.10004041E-02  0.00000000E+00  0.00000000E+00 -3.40042118E-02
    1.201000      1   0.00000000E+00  0.00000000E+00  2.59862175E-03  0.00000000E+00  0.00000000E+00  0.00000000E+00  0.00000000E+00  0.00000000E+00  9.09663861E-02  0.00000000E+00  0.00000000E+00 -3.40179783E-02
    1.202000      1   0.00000000E+00  0.00000000E+00  2.61330925E-03  0.00000000E+00  0.00000000E+00  0.00000000E+00  0.00000000E+00  0.00000000E+00  9.09323619E-02  0.00000000E+00  0.00000000E+00 -3.40242556E-02
    1.203000      1   0.00000000E+00  0.00000000E+00  2.59920646E-03  0.00000000E+00  0.00000000E+00  0.00000000E+00  0.00000000E+00  0.00000000E+00  9.08983393E-02  0.00000000E+00  0.00000000E+00 -3.40225340E-02
    1.204000      1   0.00000000E+00  0.00000000E+00  2.59492020E-03  0.00000000E+00  0.00000000E+00  0.00000000E+00  0.00000000E+00  0.00000000E+00  9.08643209E-02  0.00000000E+00  0.00000000E+00 -3.40184829E-02
    1.205000      1   0.00000000E+00  0.00000000E+00  2.61462915E-03  0.00000000E+00  0.00000000E+00  0.00000000E+00  0.00000000E+00  0.00000000E+00  9.08303010E-02  0.00000000E+00  0.00000000E+00 -3.40198212E-02
    1.206000      1   0.00000000E+00  0.00000000E+00  2.62415455E-03  0.00000000E+00  0.00000000E+00  0.00000000E+00  0.00000000E+00  0.00000000E+00  9.07962820E-02  0.00000000E+00  0.00000000E+00 -3.40190819E-02
    1.207000      1   0.00000000E+00  0.00000000E+00  2.57153322E-03  0.00000000E+00  0.00000000E+00  0.00000000E+00  0.00000000E+00  0.00000000E+00  9.07622718E-02  0.00000000E+00  0.00000000E+00 -3.40101855E-02
    1.208000      1   0.00000000E+00  0.00000000E+00  2.58701455E-03  0.00000000E+00  0.00000000E+00  0.00000000E+00  0.00000000E+00  0.00000000E+00  9.07282643E-02  0.00000000E+00  0.00000000E+00 -3.40074662E-02
    1.209000      1   0.00000000E+00  0.00000000E+00  2.58901635E-03  0.00000000E+00  0.00000000E+00  0.00000000E+00  0.00000000E+00  0.00000000E+00  9.06942450E-02  0.00000000E+00  0.00000000E+00 -3.40192909E-02
    1.210000      1   0.00000000E+00  0.00000000E+00  2.60722732E-03  0.00000000E+00  0.00000000E+00  0.00000000E+00  0.00000000E+00  0.00000000E+00  9.06602193E-02  0.00000000E+00  0.00000000E+00 -3.40256773E-02
    1.211000      1   0.00000000E+00  0.00000000E+00  2.59595577E-03  0.00000000E+00  0.00000000E+00  0.00000000E+00  0.00000000E+00  0.00000000E+00  9.06261912E-02  0.00000000E+00  0.00000000E+00 -3.40281859E-02
    1.212000      1   0.00000000E+00  0.00000000E+00  2.61888304E-03  0.00000000E+00  0.00000000E+00  0.00000000E+00  0.00000000E+00  0.00000000E+00  9.05921644E-02  0.00000000E+00  0.00000000E+00 -3.40267069E-02
    1.213000      1   0.00000000E+00  0.00000000E+00  2.60199773E-03  0.00000000E+00  0.00000000E+00  0.00000000E+00  0.00000000E+00  0.00000000E+00  9.05581396E-02  0.00000000E+00  0.00000000E+00 -3.40248753E-02
    1.214000      1   0.00000000E+00  0.00000000E+00  2.62066226E-03  0.00000000E+00  0.00000000E+00  0.00000000E+00  0.00000000E+00  0.00000000E+00  9.05241211E-02  0.00000000E+00  0.00000000E+00 -3.40185000E-02
    1.215000      1   0.00000000E+00  0.00000000E+00  2.57679512E-03  0.00000000E+00  0.00000000E+00  0.00000000E+00  0.00000000E+00  0.00000000E+00  9.04901067E-02  0.00000000E+00  0.00000000E+00 -3.40143694E-02
    1.216000      1   0.00000000E+00  0.00000000E+00  2.58728517E-03  0.00000000E+00  0.00000000E+00  0.00000000E+00  0.00000000E+00  0.00000000E+00  9.04560948E-02  0.00000000E+00  0.00000000E+00 -3.40118666E-02
    1.217000      1   0.00000000E+00  0.00000000E+00  2.58128457E-03  0.00000000E+00  0.00000000E+00  0.00000000E+00  0.00000000E+00  0.00000000E+00  9.04220729E-02  0.00000000E+00  0.00000000E+00 -3.40219154E-02
    1.218000      1   0.00000000E+00  0.00000000E+00  2.62365646E-03  0.00000000E+00  0.00000000E+00  0.00000000E+00  0.00000000E+00  0.00000000E+00  9.03880433E-02  0.00000000E+00  0.00000000E+00 -3.40295801E-02
    1.219000      1   0.00000000E+00  0.00000000E+00  2.58371359E-03  0.00000000E+00  0.00000000E+00  0.00000000E+00  0.00000000E+00  0.00000000E+00  9.03540116E-02  0.00000000E+00  0.00000000E+00 -3.40317226E-02
    1.220000      1   0.00000000E+00  0.00000000E+00  2.61284140E-03  0.00000000E+00  0.00000000E+00  0.00000000E+00  0.00000000E+00  0.00000000E+00  9.03199846E-02  0.00000000E+00  0.00000000E+00 -3.40270130E-02
    1.221000      1   0.00000000E+00  0.00000000E+00  2.60586602E-03  0.00000000E+00  0.00000000E+00  0.00000000E+00  0.00000000E+00  0.00000000E+00  9.02859543E-02  0.00000000E+00  0.00000000E+00 -3.40302703E-02
    1.222000      1   0.00000000E+00  0.00000000E+00  2.62395755E-03  0.00000000E+00  0.00000000E+00  0.00000000E+00  0.00000000E+00  0.00000000E+00  9.02519291E-02  0.00000000E+00  0.00000000E+00 -3.40251951E-02
    1.223000      1   0.00000000E+00  0.00000000E+00  2.57935144E-03  0.00000000E+00  0.00000000E+00  0.00000000E+00  0.00000000E+00  0.00000000E+00  9.02179099E-02  0.00000000E+00  0.00000000E+00 -3.40192114E-02
    1.224000      1   0.00000000E+00  0.00000000E+00  2.58336007E-03  0.00000000E+00  0.00000000E+00  0.00000000E+00  0.00000000E+00  0.00000000E+00  9.01838948E-02  0.00000000E+00  0.00000000E+00 -3.40151743E-02
    1.225000      1   0.00000000E+00  0.00000000E+00  2.59789143E-03  0.00000000E+00  0.00000000E+00  0.00000000E+00  0.00000000E+00  0.00000000E+00  9.01498697E-02  0.00000000E+00  0.00000000E+00 -3.40250776E-02
    1.226000      1   0.00000000E+00  0.00000000E+00  2.60592470E-03  0.00000000E+00  0.00000000E+00  0.00000000E+00  0.00000000E+00  0.00000000E+00  9.01158386E-02  0.00000000E+00  0.00000000E+00 -3.40310947E-02
    1.227000      1   0.00000000E+00  0.00000000E+00  2.58097509E-03  0.00000000E+00  0.00000000E+00  0.00000000E+00  0.00000000E+00  0.00000000E+00  9.00818077E-02  0.00000000E+00  0.00000000E+00 -3.40309189E-02
    1.228000      1   0.00000000E+00  0.00000000E+00  2.61407861E-03  0.00000000E+00  0.00000000E+00  0.00000000E+00  0.00000000E+00  0.00000000E+00  9.00477751E-02  0.00000000E+00  0.00000000E+00 -3.40325169E-02
    1.229000      1   0.00000000E+00  0.00000000E+00  2.62005710E-03  0.00000000E+00  0.00000000E+00  0.00000000E+00  0.00000000E+00  0.00000000E+00  9.00137387E-02  0.00000000E+00  0.00000000E+00 -3.40364548E-02
    1.230000      1   0.00000000E+00  0.00000000E+00  2.61858947E-03  0.00000000E+00  0.00000000E+00  0.00000000E+00  0.00000000E+00  0.00000000E+00  8.99797102E-02  0.00000000E+00  0.00000000E+00 -3.40284637E-02
    1.231000      1   0.00000000E+00  0.00000000E+00  2.58952716E-03  0.00000000E+00  0.00000000E+00  0.00000000E+00  0.00000000E+00  0.00000000E+00  8.99456915E-02  0.00000000E+00  0.00000000E+00 -3.40187688E-02
    1.232000      1   0.00000000E+00  0.00000000E+00  2.57597724E-03  0.00000000E+00  0.00000000E+00  0.00000000E+00  0.00000000E+00  0.00000000E+00  8.99116768E-02  0.00000000E+00  0.00000000E+00 -3.40146952E-02
    1.233000      1   0.00000000E+00  0.00000000E+00  2.58654204E-03  0.00000000E+00  0.00000000E+00  0.00000000E+00  0.00000000E+00  0.00000000E+00  8.98776542E-02  0.00000000E+00  0.00000000E+00 -3.40225622E-02
    1.234000      1   0.00000000E+00  0.00000000E+00  2.61309261E-03  0.00000000E+00  0.00000000E+00  0.00000000E+00  0.00000000E+00  0.00000000E+00  8.98436212E-02  0.00000000E+00  0.00000000E+00 -3.40330110E-02
    1.235000      1   0.00000000E+00  0.00000000E+00  2.59415318E-03  0.00000000E+00  0.00000000E+00  0.00000000E+00  0.00000000E+00  0.00000000E+00  8.98095859E-02  0.00000000E+00  0.00000000E+00 -3.40352949E-02
    1.236000      1   0.00000000E+00  0.00000000E+00  2.60332344E-03  0.00000000E+00  0.00000000E+00  0.00000000E+00  0.00000000E+00  0.00000000E+00  8.97755537E-02  0.00000000E+00  0.00000000E+00 -3.40322085E-02
    1.237000      1   0.00000000E+00  0.00000000E+00  2.60859580E-03  0.00000000E+00  0.00000000E+00  0.00000000E+00  0.00000000E+00  0.00000000E+00  8.97415200E-02  0.00000000E+00  0.00000000E+00 -3.40337204E-02
    1.238000      1   0.00000000E+00  0.00000000E+00  2.62660759E-03  0.00000000E+00  0.00000000E+00  0.00000000E+00  0.00000000E+00  0.00000000E+00  8.97074887E-02  0.00000000E+00  0.00000000E+00 -3.40312883E-02
    1.239000      1   0.00000000E+00  0.00000000E+00  2.59209564E-03  0.00000000E+00  0.00000000E+00  0.00000000E+00  0.00000000E+00  0.00000000E+00  8.96734647E-02  0.00000000E+00  0.00000000E+00 -3.40239395E-02
    1.240000      1   0.00000000E+00  0.00000000E+00  2.57857634E-03  0.00000000E+00  0.00000000E+00  0.00000000E+00  0.00000000E+00  0.00000000E+00  8.96394480E-02  0.00000000E+00  0.00000000E+00 -3.40167784E-02
    1.241000      1   0.00000000E+00  0.00000000E+00  2.59814958E-03  0.00000000E+00  0.00000000E+00  0.00000000E+00  0.00000000E+00  0.00000000E+00  8.96054246E-02  0.00000000E+00  0.00000000E+00 -3.40233423E-02
    1.242000      1   0.00000000E+00  0.00000000E+00  2.58921569E-03  0.00000000E+00  0.00000000E+00  0.00000000E+00  0.00000000E+00  0.00000000E+00  8.95713937E-02  0.00000000E+00  0.00000000E+00 -3.40308848E-02
    1.243000      1   0.00000000E+00  0.00000000E+00  2.60536015E-03  0.00000000E+00  0.00000000E+00  0.00000000E+00  0.00000000E+00  0.00000000E+00  8.95373602E-02  0.00000000E+00  0.00000000E+00 -3.40335790E-02
    1.244000      1   0.00000000E+00  0.00000000E+00  2.60300229E-03  0.00000000E+00  0.00000000E+00  0.00000000E+00  0.00000000E+00  0.00000000E+00  8.95033238E-02  0.00000000E+00  0.00000000E+00 -3.40363523E-02
    1.245000      1   0.00000000E+00  0.00000000E+00  2.60922138E-03  0.00000000E+00  0.00000000E+00  0.00000000E+00  0.00000000E+00  0.00000000E+00  8.94692896E-02  0.00000000E+00  0.00000000E+00 -3.40342405E-02
    1.246000      1   0.00000000E+00  0.00000000E+00  2.61474319E-03  0.00000000E+00  0.00000000E+00  0.00000000E+00  0.00000000E+00  0.00000000E+00  8.94352578E-02  0.00000000E+00  0.00000000E+00 -3.40318032E-02
    1.247000      1   0.00000000E+00  0.00000000E+00  2.61522342E-03  0.00000000E+00  0.00000000E+00  0.00000000E+00  0.00000000E+00  0.00000000E+00  8.94012314E-02  0.00000000E+00  0.00000000E+00 -3.40263470E-02
    1.248000      1   0.00000000E+00  0.00000000E+00  2.56867090E-03  0.00000000E+00  0.00000000E+00  0.00000000E+00  0.00000000E+00  0.00000000E+00  8.93672124E-02  0.00000000E+00  0.00000000E+00 -3.40189925E-02
    1.249000      1   0.00000000E+00  0.00000000E+00  2.58014742E-03  0.00000000E+00  0.00000000E+00  0.00000000E+00  0.00000000E+00  0.00000000E+00  8.93331927E-02  0.00000000E+00  0.00000000E+00 -3.40197125E-02
    1.250000      1   0.00000000E+00  0.00000000E+00  2.60029434E-03  0.00000000E+00  0.00000000E+00  0.00000000E+00  0.00000000E+00  0.00000000E+00  8.92991590E-02  0.00000000E+00  0.00000000E+00 -3.40336916E-02
    1.251000      1   0.00000000E+00  0.00000000E+00  2.61580173E-03  0.00000000E+00  0.00000000E+00  0.00000000E+00  0.00000000E+00  0.00000000E+00  8.92651187E-02  0.00000000E+00  0.00000000E+00 -3.40403389E-02
    1.252000      1   0.00000000E+00  0.00000000E+00  2.59662240E-03  0.00000000E+00  0.00000000E+00  0.00000000E+00  0.00000000E+00  0.00000000E+00  8.92310810E-02  0.00000000E+00  0.00000000E+00 -3.40376273E-02
    1.253000      1   0.00000000E+00  0.00000000E+00  2.59608481E-03  0.00000000E+00  0.00000000E+00  0.00000000E+00  0.00000000E+00  0.00000000E+00  8.91970478E-02  0.00000000E+00  0.00000000E+00 -3.40332145E-02
    1.254000      1   0.00000000E+00  0.00000000E+00  2.61575247E-03  0.00000000E+00  0.00000000E+00  0.00000000E+00  0.00000000E+00  0.00000000E+00  8.91630126E-02  0.00000000E+00  0.00000000E+00 -3.40351956E-02
    1.255000      1   0.00000000E+00  0.00000000E+00  2.62122662E-03  0.00000000E+00  0.00000000E+00  0.00000000E+00  0.00000000E+00  0.00000000E+00  8.91289788E-02  0.00000000E+00  0.00000000E+00 -3.40338752E-02
    1.256000      1   0.00000000E+00  0.00000000E+00  2.57348387E-03  0.00000000E+00  0.00000000E+00  0.00000000E+00  0.00000000E+00  0.00000000E+00  8.90949536E-02  0.00000000E+00  0.00000000E+00 -3.40251276E-02
    1.257000      1   0.00000000E+00  0.00000000E+00  2.58842468E-03  0.00000000E+00  0.00000000E+00  0.00000000E+00  0.00000000E+00  0.00000000E+00  8.90609306E-02  0.00000000E+00  0.00000000E+00 -3.40230249E-02
    1.258000      1   0.00000000E+00  0.00000000E+00  2.58755545E-03  0.00000000E+00  0.00000000E+00  0.00000000E+00  0.00000000E+00  0.00000000E+00  8.90268966E-02  0.00000000E+00  0.00000000E+00 -3.40339596E-02
    1.259000      1   0.00000000E+00  0.00000000E+00  2.60584033E-03  0.00000000E+00  0.00000000E+00  0.00000000E+00  0.00000000E+00  0.00000000E+00  8.89928565E-02  0.00000000E+00  0.00000000E+00 -3.40401413E-02
    1.260000      1   0.00000000E+00  0.00000000E+00  2.59935256E-03  0.00000000E+00  0.00000000E+00  0.00000000E+00  0.00000000E+00  0.00000000E+00  8.89588131E-02  0.00000000E+00  0.00000000E+00 -3.40433749E-02
    1.261000      1   0.00000000E+00  0.00000000E+00  2.61457779E-03  0.00000000E+00  0.00000000E+00  0.00000000E+00  0.00000000E+00  0.00000000E+00  8.89247714E-02  0.00000000E+00  0.00000000E+00 -3.40417508E-02
    1.262000      1   0.00000000E+00  0.00000000E+00  2.60683273E-03  0.00000000E+00  0.00000000E+00  0.00000000E+00  0.00000000E+00  0.00000000E+00  8.88907318E-02  0.00000000E+00  0.00000000E+00 -3.40395649E-02
    1.263000      1   0.00000000E+00  0.00000000E+00  2.61692392E-03  0.00000000E+00  0.00000000E+00  0.00000000E+00  0.00000000E+00  0.00000000E+00  8.88566981E-02  0.00000000E+00  0.00000000E+00 -3.40337485E-02
    1.264000      1   0.00000000E+00  0.00000000E+00  2.58103001E-03  0.00000000E+00  0.00000000E+00  0.00000000E+00  0.00000000E+00  0.00000000E+00  8.88226694E-02  0.00000000E+00  0.00000000E+00 -3.40286912E-02
    1.265000      1   0.00000000E+00  0.00000000E+00  2.58082536E-03  0.00000000E+00  0.00000000E+00  0.00000000E+00  0.00000000E+00  0.00000000E+00  8.87886427E-02  0.00000000E+00  0.00000000E+00 -3.40266672E-02
    1.266000      1   0.00000000E+00  0.00000000E+00  2.58618923E-03  0.00000000E+00  0.00000000E+00  0.00000000E+00  0.00000000E+00  0.00000000E+00  8.87546062E-02  0.00000000E+00  0.00000000E+00 -3.40364674E-02
    1.267000      1   0.00000000E+00  0.00000000E+00  2.62394332E-03  0.00000000E+00  0.00000000E+00  0.00000000E+00  0.00000000E+00  0.00000000E+00  8.87205609E-02  0.00000000E+00  0.00000000E+00 -3.40453864E-02
    1.268000      1   0.00000000E+00  0.00000000E+00  2.58458880E-03  0.00000000E+00  0.00000000E+00  0.00000000E+00  0.00000000E+00  0.00000000E+00  8.86865150E-02  0.00000000E+00  0.00000000E+00 -3.40458674E-02
    1.269000      1   0.00000000E+00  0.00000000E+00  2.60897966E-03  0.00000000E+00  0.00000000E+00  0.00000000E+00  0.00000000E+00  0.00000000E+00  8.86524741E-02  0.00000000E+00  0.00000000E+00 -3.40409088E-02
    1.270000      1   0.00000000E+00  0.00000000E+00  2.60831162E-03  0.00000000E+00  0.00000000E+00  0.00000000E+00  0.00000000E+00  0.00000000E+00  8.86184295E-02  0.00000000E+00  0.00000000E+00 -3.40445615E-02
    1.271000      1   0.00000000E+00  0.00000000E+00  2.62373215E-03  0.00000000E+00  0.00000000E+00  0.00000000E+00  0.00000000E+00  0.00000000E+00  8.85843892E-02  0.00000000E+00  0.00000000E+00 -3.40403221E-02
    1.272000      1   0.00000000E+00  0.00000000E+00  2.57915139E-03  0.00000000E+00  0.00000000E+00  0.00000000E+00  0.00000000E+00  0.00000000E+00  8.85503556E-02  0.00000000E+00  0.00000000E+00 -3.40335751E-02
    1.273000      1   0.00000000E+00  0.00000000E+00  2.58199686E-03  0.00000000E+00  0.00000000E+00  0.00000000E+00  0.00000000E+00  0.00000000E+00  8.85163260E-02  0.00000000E+00  0.00000000E+00 -3.40296474E-02
    1.274000      1   0.00000000E+00  0.00000000E+00  2.60058394E-03  0.00000000E+00  0.00000000E+00  0.00000000E+00  0.00000000E+00  0.00000000E+00  8.84822861E-02  0.00000000E+00  0.00000000E+00 -3.40398575E-02
    1.275000      1   0.00000000E+00  0.00000000E+00  2.60620402E-03  0.00000000E+00  0.00000000E+00  0.00000000E+00  0.00000000E+00  0.00000000E+00  8.84482403E-02  0.00000000E+00  0.00000000E+00 -3.40458462E-02
    1.276000      1   0.00000000E+00  0.00000000E+00  2.57670916E-03  0.00000000E+00  0.00000000E+00  0.00000000E+00  0.00000000E+00  0.00000000E+00  8.84141955E-02  0.00000000E+00  0.00000000E+00 -3.40447367E-02
    1.277000      1   0.00000000E+00  0.00000000E+00  2.62072359E-03  0.00000000E+00  0.00000000E+00  0.00000000E+00  0.00000000E+00  0.00000000E+00  8.83801485E-02  0.00000000E+00  0.00000000E+00 -3.40469974E-02
    1.278000      1   0.00000000E+00  0.00000000E+00  2.61691209E-03  0.00000000E+00  0.00000000E+00  0.00000000E+00  0.00000000E+00  0.00000000E+00  8.83460974E-02  0.00000000E+00  0.00000000E+00 -3.40511612E-02
    1.279000      1   0.00000000E+00  0.00000000E+00  2.61887345E-03  0.00000000E+00  0.00000000E+00  0.00000000E+00  0.00000000E+00  0.00000000E+00  8.83120558E-02  0.00000000E+00  0.00000000E+00 -3.40415439E-02
    1.280000      1   0.00000000E+00  0.00000000E+00  2.58844298E-03  0.00000000E+00  0.00000000E+00  0.00000000E+00  0.00000000E+00  0.00000000E+00  8.82780230E-02  0.00000000E+00  0.00000000E+00 -3.40328316E-02
    1.281000      1   0.00000000E+00  0.00000000E+00  2.57756647E-03  0.00000000E+00  0.00000000E+00  0.00000000E+00  0.00000000E+00  0.00000000E+00  8.82439941E-02  0.00000000E+00  0.00000000E+00 -3.40288565E-02
    1.282000      1   0.00000000E+00  0.00000000E+00  2.58662731E-03  0.00000000E+00  0.00000000E+00  0.00000000E+00  0.00000000E+00  0.00000000E+00  8.82099573E-02  0.00000000E+00  0.00000000E+00 -3.40367985E-02
    1.283000      1   0.00000000E+00  0.00000000E+00  2.61469116E-03  0.00000000E+00  0.00000000E+00  0.00000000E+00  0.00000000E+00  0.00000000E+00  8.81759106E-02  0.00000000E+00  0.00000000E+00 -3.40467103E-02
    1.284000      1   0.00000000E+00  0.00000000E+00  2.59047200E-03  0.00000000E+00  0.00000000E+00  0.00000000E+00  0.00000000E+00  0.00000000E+00  8.81418620E-02  0.00000000E+00  0.00000000E+00 -3.40486836E-02
    1.285000      1   0.00000000E+00  0.00000000E+00  2.60628845E-03  0.00000000E+00  0.00000000E+00  0.00000000E+00  0.00000000E+00  0.00000000E+00  8.81078162E-02  0.00000000E+00  0.00000000E+00 -3.40457231E-02
    1.286000      1   0.00000000E+00  0.00000000E+00  2.61023575E-03  0.00000000E+00  0.00000000E+00  0.00000000E+00  0.00000000E+00  0.00000000E+00  8.80737683E-02  0.00000000E+00  0.00000000E+00 -3.40479197E-02
    1.287000      1   0.00000000E+00  0.00000000E+00  2.62419660E-03  0.00000000E+00  0.00000000E+00  0.00000000E+00  0.00000000E+00  0.00000000E+00  8.80397241E-02  0.00000000E+00  0.00000000E+00 -3.40442238E-02
    1.288000      1   0.00000000E+00  0.00000000E+00  2.59221836E-03  0.00000000E+00  0.00000000E+00  0.00000000E+00  0.00000000E+00  0.00000000E+00  8.80056873E-02  0.00000000E+00  0.00000000E+00 -3.40367628E-02
    1.289000      1   0.00000000E+00  0.00000000E+00  2.58040130E-03  0.00000000E+00  0.00000000E+00  0.00000000E+00  0.00000000E+00  0.00000000E+00  8.79716570E-02  0.00000000E+00  0.00000000E+00 -3.40303718E-02
    1.290000      1   0.00000000E+00  0.00000000E+00  2.59618942E-03  0.00000000E+00  0.00000000E+00  0.00000000E+00  0.00000000E+00  0.00000000E+00  8.79376204E-02  0.00000000E+00  0.00000000E+00 -3.40365726E-02
    1.291000      1   0.00000000E+00  0.00000000E+00  2.58980029E-03  0.00000000E+00  0.00000000E+00  0.00000000E+00  0.00000000E+00  0.00000000E+00  8.79035765E-02  0.00000000E+00  0.00000000E+00 -3.40438624E-02
    1.292000      1   0.00000000E+00  0.00000000E+00  2.60691040E-03  0.00000000E+00  0.00000000E+00  0.00000000E+00  0.00000000E+00  0.00000000E+00  8.78695294E-02  0.00000000E+00  0.00000000E+00 -3.40470970E-02
    1.293000      1   0.00000000E+00  0.00000000E+00  2.60531978E-03  0.00000000E+00  0.00000000E+00  0.00000000E+00  0.00000000E+00  0.00000000E+00  8.78354800E-02  0.00000000E+00  0.00000000E+00 -3.40494042E-02
    1.294000      1   0.00000000E+00  0.00000000E+00  2.60504297E-03  0.00000000E+00  0.00000000E+00  0.00000000E+00  0.00000000E+00  0.00000000E+00  8.78014336E-02  0.00000000E+00  0.00000000E+00 -3.40463734E-02
    1.295000      1   0.00000000E+00  0.00000000E+00  2.61664329E-03  0.00000000E+00  0.00000000E+00  0.00000000E+00  0.00000000E+00  0.00000000E+00  8.77673897E-02  0.00000000E+00  0.00000000E+00 -3.40439139E-02
    1.296000      1   0.00000000E+00  0.00000000E+00  2.61685152E-03  0.00000000E+00  0.00000000E+00  0.00000000E+00  0.00000000E+00  0.00000000E+00  8.77333502E-02  0.00000000E+00  0.00000000E+00 -3.40394940E-02
    1.297000      1   0.00000000E+00  0.00000000E+00  2.56927489E-03  0.00000000E+00  0.00000000E+00  0.00000000E+00  0.00000000E+00  0.00000000E+00  8.76993190E-02  0.00000000E+00  0.00000000E+00 -3.40312275E-02
    1.298000      1   0.00000000E+00  0.00000000E+00  2.57785062E-03  0.00000000E+00  0.00000000E+00  0.00000000E+00  0.00000000E+00  0.00000000E+00  8.76652877E-02  0.00000000E+00  0.00000000E+00 -3.40313061E-02
    1.299000      1   0.00000000E+00  0.00000000E+00  2.60021822E-03  0.00000000E+00  0.00000000E+00  0.00000000E+00  0.00000000E+00  0.00000000E+00  8.76312422E-02  0.00000000E+00  0.00000000E+00 -3.40454930E-02
    1.300000      1   0.00000000E+00  0.00000000E+00  2.61697192E-03  0.00000000E+00  0.00000000E+00  0.00000000E+00  0.00000000E+00  0.00000000E+00  8.75971893E-02  0.00000000E+00  0.00000000E+00 -3.40529080E-02
    1.301000      1   0.00000000E+00  0.00000000E+00  2.59941180E-03  0.00000000E+00  0.00000000E+00  0.00000000E+00  0.00000000E+00  0.00000000E+00  8.75631393E-02  0.00000000E+00  0.00000000E+00 -3.40500145E-02
    1.302000      1   0.00000000E+00  0.00000000E+00  2.59438528E-03  0.00000000E+00  0.00000000E+00  0.00000000E+00  0.00000000E+00  0.00000000E+00  8.75290946E-02  0.00000000E+00  0.00000000E+00 -3.40447241E-02
    1.303000      1   0.00000000E+00  0.00000000E+00  2.61330018E-03  0.00000000E+00  0.00000000E+00  0.00000000E+00  0.00000000E+00  0.00000000E+00  8.74950485E-02  0.00000000E+00  0.00000000E+00 -3.40460896E-02
    1.304000      1   0.00000000E+00  0.00000000E+00  2.62478573E-03  0.00000000E+00  0.00000000E+00  0.00000000E+00  0.00000000E+00  0.00000000E+00  8.74610027E-02  0.00000000E+00  0.00000000E+00 -3.40457610E-02
    1.305000      1   0.00000000E+00  0.00000000E+00  2.56758243E-03  0.00000000E+00  0.00000000E+00  0.00000000E+00  0.00000000E+00  0.00000000E+00  8.74269655E-02  0.00000000E+00  0.00000000E+00 -3.40371894E-02
    1.306000      1   0.00000000E+00  0.00000000E+00  2.59517660E-03  0.00000000E+00  0.00000000E+00  0.00000000E+00  0.00000000E+00  0.00000000E+00  8.73929306E-02  0.00000000E+00  0.00000000E+00 -3.40349615E-02
    1.307000      1   0.00000000E+00  0.00000000E+00  2.58693842E-03  0.00000000E+00  0.00000000E+00  0.00000000E+00  0.00000000E+00  0.00000000E+00  8.73588839E-02  0.00000000E+00  0.00000000E+00 -3.40466403E-02
    1.308000      1   0.00000000E+00  0.00000000E+00  2.60417368E-03  0.00000000E+00  0.00000000E+00  0.00000000E+00  0.00000000E+00  0.00000000E+00  8.73248332E-02  0.00000000E+00  0.00000000E+00 -3.40507136E-02
    1.309000      1   0.00000000E+00  0.00000000E+00  2.60058723E-03  0.00000000E+00  0.00000000E+00  0.00000000E+00  0.00000000E+00  0.00000000E+00  8.72907788E-02  0.00000000E+00  0.00000000E+00 -3.40544446E-02
    1.310000      1   0.00000000E+00  0.00000000E+00  2.61313664E-03  0.00000000E+00  0.00000000E+00  0.00000000E+00  0.00000000E+00  0.00000000E+00  8.72567256E-02  0.00000000E+00  0.00000000E+00 -3.40531495E-02
    1.311000      1   0.00000000E+00  0.00000000E+00  2.61108375E-03  0.00000000E+00  0.00000000E+00  0.00000000E+00  0.00000000E+00  0.00000000E+00  8.72226748E-02  0.00000000E+00  0.00000000E+00 -3.40508130E-02
    1.312000      1   0.00000000E+00  0.00000000E+00  2.61391398E-03  0.00000000E+00  0.00000000E+00  0.00000000E+00  0.00000000E+00  0.00000000E+00  8.71886301E-02  0.00000000E+00  0.00000000E+00 -3.40447182E-02
    1.313000      1   0.00000000E+00  0.00000000E+00  2.57913600E-03  0.00000000E+00  0.00000000E+00  0.00000000E+00  0.00000000E+00  0.00000000E+00  8.71545913E-02  0.00000000E+00  0.00000000E+00 -3.40387970E-02
    1.314000      1   0.00000000E+00  0.00000000E+00  2.58318563E-03  0.00000000E+00  0.00000000E+00  0.00000000E+00  0.00000000E+00  0.00000000E+00  8.71205532E-02  0.00000000E+00  0.00000000E+00 -3.40380965E-02
    1.315000      1   0.00000000E+00  0.00000000E+00  2.58471751E-03  0.00000000E+00  0.00000000E+00  0.00000000E+00  0.00000000E+00  0.00000000E+00  8.70865051E-02  0.00000000E+00  0.00000000E+00 -3.40481014E-02
    1.316000      1   0.00000000E+00  0.00000000E+00  2.62220484E-03  0.00000000E+00  0.00000000E+00  0.00000000E+00  0.00000000E+00  0.00000000E+00  8.70524486E-02  0.00000000E+00  0.00000000E+00 -3.40565054E-02
    1.317000      1   0.00000000E+00  0.00000000E+00  2.59132573E-03  0.00000000E+00  0.00000000E+00  0.00000000E+00  0.00000000E+00  0.00000000E+00  8.70183908E-02  0.00000000E+00  0.00000000E+00 -3.40577772E-02
    1.318000      1   0.00000000E+00  0.00000000E+00  2.61076317E-03  0.00000000E+00  0.00000000E+00  0.00000000E+00  0.00000000E+00  0.00000000E+00  8.69843386E-02  0.00000000E+00  0.00000000E+00 -3.40521982E-02
    1.319000      1   0.00000000E+00  0.00000000E+00  2.60038822E-03  0.00000000E+00  0.00000000E+00  0.00000000E+00  0.00000000E+00  0.00000000E+00  8.69502853E-02  0.00000000E+00  0.00000000E+00 -3.40533230E-02
    1.320000      1   0.00000000E+00  0.00000000E+00  2.62397371E-03  0.00000000E+00  0.00000000E+00  0.00000000E+00  0.00000000E+00  0.00000000E+00  8.69162354E-02  0.00000000E+00  0.00000000E+00 -3.40498990E-02
    1.321000      1   0.00000000E+00  0.00000000E+00  2.58116197E-03  0.00000000E+00  0.00000000E+00  0.00000000E+00  0.00000000E+00  0.00000000E+00  8.68821897E-02  0.00000000E+00  0.00000000E+00 -3.40457115E-02
    1.322000      1   0.00000000E+00  0.00000000E+00  2.58389991E-03  0.00000000E+00  0.00000000E+00  0.00000000E+00  0.00000000E+00  0.00000000E+00  8.68481483E-02  0.00000000E+00  0.00000000E+00 -3.40413489E-02
    1.323000      1   0.00000000E+00  0.00000000E+00  2.60002663E-03  0.00000000E+00  0.00000000E+00  0.00000000E+00  0.00000000E+00  0.00000000E+00  8.68140978E-02  0.00000000E+00  0.00000000E+00 -3.40505622E-02
    1.324000      1   0.00000000E+00  0.00000000E+00  2.60124183E-03  0.00000000E+00  0.00000000E+00  0.00000000E+00  0.00000000E+00  0.00000000E+00  8.67800417E-02  0.00000000E+00  0.00000000E+00 -3.40560244E-02
    1.325000      1   0.00000000E+00  0.00000000E+00  2.58363715E-03  0.00000000E+00  0.00000000E+00  0.00000000E+00  0.00000000E+00  0.00000000E+00  8.67459858E-02  0.00000000E+00  0.00000000E+00 -3.40559755E-02
    1.326000      1   0.00000000E+00  0.00000000E+00  2.61707307E-03  0.00000000E+00  0.00000000E+00  0.00000000E+00  0.00000000E+00  0.00000000E+00  8.67119271E-02  0.00000000E+00  0.00000000E+00 -3.40586407E-02
    1.327000      1   0.00000000E+00  0.00000000E+00  2.62317398E-03  0.00000000E+00  0.00000000E+00  0.00000000E+00  0.00000000E+00  0.00000000E+00  8.66778659E-02  0.00000000E+00  0.00000000E+00 -3.40611747E-02
    1.328000      1   0.00000000E+00  0.00000000E+00  2.61156461E-03  0.00000000E+00  0.00000000E+00  0.00000000E+00  0.00000000E+00  0.00000000E+00  8.66438143E-02  0.00000000E+00  0.00000000E+00 -3.40516490E-02
    1.329000      1   0.00000000E+00  0.00000000E+00  2.58437212E-03  0.00000000E+00  0.00000000E+00  0.00000000E+00  0.00000000E+00  0.00000000E+00  8.66097721E-02  0.00000000E+00  0.00000000E+00 -3.40421727E-02
    1.330000      1   0.00000000E+00  0.00000000E+00  2.58521279E-03  0.00000000E+00  0.00000000E+00  0.00000000E+00  0.00000000E+00  0.00000000E+00  8.65757308E-02  0.00000000E+00  0.00000000E+00 -3.40413178E-02
    1.331000      1   0.00000000E+00  0.00000000E+00  2.58788605E-03  0.00000000E+00  0.00000000E+00  0.00000000E+00  0.00000000E+00  0.00000000E+00  8.65416816E-02  0.00000000E+00  0.00000000E+00 -3.40492446E-02
    1.332000      1   0.00000000E+00  0.00000000E+00  2.61329928E-03  0.00000000E+00  0.00000000E+00  0.00000000E+00  0.00000000E+00  0.00000000E+00  8.65076251E-02  0.00000000E+00  0.00000000E+00 -3.40564226E-02
    1.333000      1   0.00000000E+00  0.00000000E+00  2.58542489E-03  0.00000000E+00  0.00000000E+00  0.00000000E+00  0.00000000E+00  0.00000000E+00  8.64735669E-02  0.00000000E+00  0.00000000E+00 -3.40582286E-02
    1.334000      1   0.00000000E+00  0.00000000E+00  2.61274188E-03  0.00000000E+00  0.00000000E+00  0.00000000E+00  0.00000000E+00  0.00000000E+00  8.64395103E-02  0.00000000E+00  0.00000000E+00 -3.40566178E-02
    1.335000      1   0.00000000E+00  0.00000000E+00  2.60959923E-03  0.00000000E+00  0.00000000E+00  0.00000000E+00  0.00000000E+00  0.00000000E+00  8.64054510E-02  0.00000000E+00  0.00000000E+00 -3.40593307E-02
    1.336000      1   0.00000000E+00  0.00000000E+00  2.62149207E-03  0.00000000E+00  0.00000000E+00  0.00000000E+00  0.00000000E+00  0.00000000E+00  8.63713973E-02  0.00000000E+00  0.00000000E+00 -3.40536280E-02
    1.337000      1   0.00000000E+00  0.00000000E+00  2.59370900E-03  0.00000000E+00  0.00000000E+00  0.00000000E+00  0.00000000E+00  0.00000000E+00  8.63373505E-02  0.00000000E+00  0.00000000E+00 -3.40468543E-02
    1.338000      1   0.00000000E+00  0.00000000E+00  2.57694859E-03  0.00000000E+00  0.00000000E+00  0.00000000E+00  0.00000000E+00  0.00000000E+00  8.63033094E-02  0.00000000E+00  0.00000000E+00 -3.40410879E-02
    1.339000      1   0.00000000E+00  0.00000000E+00  2.60073487E-03  0.00000000E+00  0.00000000E+00  0.00000000E+00  0.00000000E+00  0.00000000E+00  8.62692620E-02  0.00000000E+00  0.00000000E+00 -3.40474098E-02
    1.340000      1   0.00000000E+00  0.00000000E+00  2.58986460E-03  0.00000000E+00  0.00000000E+00  0.00000000E+00  0.00000000E+00  0.00000000E+00  8.62352069E-02  0.00000000E+00  0.00000000E+00 -3.40550297E-02
    1.341000      1   0.00000000E+00  0.00000000E+00  2.60297816E-03  0.00000000E+00  0.00000000E+00  0.00000000E+00  0.00000000E+00  0.00000000E+00  8.62011502E-02  0.00000000E+00  0.00000000E+00 -3.40567601E-02
    1.342000      1   0.00000000E+00  0.00000000E+00  2.60573141E-03  0.00000000E+00  0.00000000E+00  0.00000000E+00  0.00000000E+00  0.00000000E+00  8.61670904E-02  0.00000000E+00  0.00000000E+00 -3.40597415E-02
    1.343000      1   0.00000000E+00  0.00000000E+00  2.60815624E-03  0.00000000E+00  0.00000000E+00  0.00000000E+00  0.00000000E+00  0.00000000E+00  8.61330325E-02  0.00000000E+00  0.00000000E+00 -3.40579293E-02
    1.344000      1   0.00000000E+00  0.00000000E+00  2.62327730E-03  0.00000000E+00  0.00000000E+00  0.00000000E+00  0.00000000E+00  0.00000000E+00  8.60989777E-02  0.00000000E+00  0.00000000E+00 -3.40547842E-02
    1.345000      1   0.00000000E+00  0.00000000E+00  2.60533531E-03  0.00000000E+00  0.00000000E+00  0.00000000E+00  0.00000000E+00  0.00000000E+00  8.60649296E-02  0.00000000E+00  0.00000000E+00 -3.40481686E-02
    1.346000      1   0.00000000E+00  0.00000000E+00  2.57004127E-03  0.00000000E+00  0.00000000E+00  0.00000000E+00  0.00000000E+00  0.00000000E+00  8.60308898E-02  0.00000000E+00  0.00000000E+00 -3.40397600E-02
    1.347000      1   0.00000000E+00  0.00000000E+00  2.57851920E-03  0.00000000E+00  0.00000000E+00  0.00000000E+00  0.00000000E+00  0.00000000E+00  8.59968463E-02  0.00000000E+00  0.00000000E+00 -3.40434851E-02
    1.348000      1   0.00000000E+00  0.00000000E+00  2.60889382E-03  0.00000000E+00  0.00000000E+00  0.00000000E+00  0.00000000E+00  0.00000000E+00  8.59627890E-02  0.00000000E+00  0.00000000E+00 -3.40573020E-02
    1.349000      1   0.00000000E+00  0.00000000E+00  2.61213519E-03  0.00000000E+00  0.00000000E+00  0.00000000E+00  0.00000000E+00  0.00000000E+00  8.59287261E-02  0.00000000E+00  0.00000000E+00 -3.40629633E-02
    1.350000      1   0.00000000E+00  0.00000000E+00  2.59454252E-03  0.00000000E+00  0.00000000E+00  0.00000000E+00  0.00000000E+00  0.00000000E+00  8.58946680E-02  0.00000000E+00  0.00000000E+00 -3.40580759E-02
    1.351000      1   0.00000000E+00  0.00000000E+00  2.60256756E-03  0.00000000E+00  0.00000000E+00  0.00000000E+00  0.00000000E+00  0.00000000E+00  8.58606127E-02  0.00000000E+00  0.00000000E+00 -3.40552351E-02
    1.352000      1   0.00000000E+00  0.00000000E+00  2.61203311E-03  0.00000000E+00  0.00000000E+00  0.00000000E+00  0.00000000E+00  0.00000000E+00  8.58265560E-02  0.00000000E+00  0.00000000E+00 -3.40567528E-02
    1.353000      1   0.00000000E+00  0.00000000E+00  2.62121825E-03  0.00000000E+00  0.00000000E+00  0.00000000E+00  0.00000000E+00  0.00000000E+00  8.57925020E-02  0.00000000E+00  0.00000000E+00 -3.40539611E-02
    1.354000      1   0.00000000E+00  0.00000000E+00  2.56766455E-03  0.00000000E+00  0.00000000E+00  0.00000000E+00  0.00000000E+00  0.00000000E+00  8.57584556E-02  0.00000000E+00  0.00000000E+00 -3.40464365E-02
    1.355000      1   0.00000000E+00  0.00000000E+00  2.59485772E-03  0.00000000E+00  0.00000000E+00  0.00000000E+00  0.00000000E+00  0.00000000E+00  8.57244102E-02  0.00000000E+00  0.00000000E+00 -3.40453657E-02
    1.356000      1   0.00000000E+00  0.00000000E+00  2.59129353E-03  0.00000000E+00  0.00000000E+00  0.00000000E+00  0.00000000E+00  0.00000000E+00  8.56903532E-02  0.00000000E+00  0.00000000E+00 -3.40570739E-02
    1.357000      1   0.00000000E+00  0.00000000E+00  2.60678301E-03  0.00000000E+00  0.00000000E+00  0.00000000E+00  0.00000000E+00  0.00000000E+00  8.56562927E-02  0.00000000E+00  0.00000000E+00 -3.40604818E-02
    1.358000      1   0.00000000E+00  0.00000000E+00  2.59556881E-03  0.00000000E+00  0.00000000E+00  0.00000000E+00  0.00000000E+00  0.00000000E+00  8.56222304E-02  0.00000000E+00  0.00000000E+00 -3.40623211E-02
    1.359000      1   0.00000000E+00  0.00000000E+00  2.60961026E-03  0.00000000E+00  0.00000000E+00  0.00000000E+00  0.00000000E+00  0.00000000E+00  8.55881693E-02  0.00000000E+00  0.00000000E+00 -3.40610565E-02
    1.360000      1   0.00000000E+00  0.00000000E+00  2.61607151E-03  0.00000000E+00  0.00000000E+00  0.00000000E+00  0.00000000E+00  0.00000000E+00  8.55541083E-02  0.00000000E+00  0.00000000E+00 -3.40609917E-02
    1.361000      1   0.00000000E+00  0.00000000E+00  2.61593758E-03  0.00000000E+00  0.00000000E+00  0.00000000E+00  0.00000000E+00  0.00000000E+00  8.55200531E-02  0.00000000E+00  0.00000000E+00 -3.40551729E-02
    1.362000      1   0.00000000E+00  0.00000000E+00  2.57382051E-03  0.00000000E+00  0.00000000E+00  0.00000000E+00  0.00000000E+00  0.00000000E+00  8.54860059E-02  0.00000000E+00  0.00000000E+00 -3.40472559E-02
    1.363000      1   0.00000000E+00  0.00000000E+00  2.58434440E-03  0.00000000E+00  0.00000000E+00  0.00000000E+00  0.00000000E+00  0.00000000E+00  8.54519590E-02  0.00000000E+00  0.00000000E+00 -3.40468307E-02
    1.364000      1   0.00000000E+00  0.00000000E+00  2.58730826E-03  0.00000000E+00  0.00000000E+00  0.00000000E+00  0.00000000E+00  0.00000000E+00  8.54179007E-02  0.00000000E+00  0.00000000E+00 -3.40583764E-02
    1.365000      1   0.00000000E+00  0.00000000E+00  2.61657056E-03  0.00000000E+00  0.00000000E+00  0.00000000E+00  0.00000000E+00  0.00000000E+00  8.53838347E-02  0.00000000E+00  0.00000000E+00 -3.40659418E-02
    1.366000      1   0.00000000E+00  0.00000000E+00  2.59525003E-03  0.00000000E+00  0.00000000E+00  0.00000000E+00  0.00000000E+00  0.00000000E+00  8.53497674E-02  0.00000000E+00  0.00000000E+00 -3.40673590E-02
    1.367000      1   0.00000000E+00  0.00000000E+00  2.61514295E-03  0.00000000E+00  0.00000000E+00  0.00000000E+00  0.00000000E+00  0.00000000E+00  8.53157044E-02  0.00000000E+00  0.00000000E+00 -3.40629364E-02
    1.368000      1   0.00000000E+00  0.00000000E+00  2.59561029E-03  0.00000000E+00  0.00000000E+00  0.00000000E+00  0.00000000E+00  0.00000000E+00  8.52816424E-02  0.00000000E+00  0.00000000E+00 -3.40619980E-02
    1.369000      1   0.00000000E+00  0.00000000E+00  2.62737630E-03  0.00000000E+00  0.00000000E+00  0.00000000E+00  0.00000000E+00  0.00000000E+00  8.52475845E-02  0.00000000E+00  0.00000000E+00 -3.40579805E-02
    1.370000      1   0.00000000E+00  0.00000000E+00  2.57761392E-03  0.00000000E+00  0.00000000E+00  0.00000000E+00  0.00000000E+00  0.00000000E+00  8.52135297E-02  0.00000000E+00  0.00000000E+00 -3.40547604E-02
    1.371000      1   0.00000000E+00  0.00000000E+00  2.59016310E-03  0.00000000E+00  0.00000000E+00  0.00000000E+00  0.00000000E+00  0.00000000E+00  8.51794798E-02  0.00000000E+00  0.00000000E+00 -3.40499078E-02
    1.372000      1   0.00000000E+00  0.00000000E+00  2.59354998E-03  0.00000000E+00  0.00000000E+00  0.00000000E+00  0.00000000E+00  0.00000000E+00  8.51454206E-02  0.00000000E+00  0.00000000E+00 -3.40591787E-02
    1.373000      1   0.00000000E+00  0.00000000E+00  2.60392392E-03  0.00000000E+00  0.00000000E+00  0.00000000E+00  0.00000000E+00  0.00000000E+00  8.51113569E-02  0.00000000E+00  0.00000000E+00 -3.40637293E-02
    1.374000      1   0.00000000E+00  0.00000000E+00  2.58561184E-03  0.00000000E+00  0.00000000E+00  0.00000000E+00  0.00000000E+00  0.00000000E+00  8.50772915E-02  0.00000000E+00  0.00000000E+00 -3.40653332E-02
    1.375000      1   0.00000000E+00  0.00000000E+00  2.61810524E-03  0.00000000E+00  0.00000000E+00  0.00000000E+00  0.00000000E+00  0.00000000E+00  8.50432248E-02  0.00000000E+00  0.00000000E+00 -3.40667683E-02
    1.376000      1   0.00000000E+00  0.00000000E+00  2.61740232E-03  0.00000000E+00  0.00000000E+00  0.00000000E+00  0.00000000E+00  0.00000000E+00  8.50091563E-02  0.00000000E+00  0.00000000E+00 -3.40684713E-02
    1.377000      1   0.00000000E+00  0.00000000E+00  2.61212890E-03  0.00000000E+00  0.00000000E+00  0.00000000E+00  0.00000000E+00  0.00000000E+00  8.49750967E-02  0.00000000E+00  0.00000000E+00 -3.40596273E-02
    1.378000      1   0.00000000E+00  0.00000000E+00  2.58388897E-03  0.00000000E+00  0.00000000E+00  0.00000000E+00  0.00000000E+00  0.00000000E+00  8.49410447E-02  0.00000000E+00  0.00000000E+00 -3.40519467E-02
    1.379000      1   0.00000000E+00  0.00000000E+00  2.58869000E-03  0.00000000E+00  0.00000000E+00  0.00000000E+00  0.00000000E+00  0.00000000E+00  8.49069937E-02  0.00000000E+00  0.00000000E+00 -3.40509919E-02
    1.380000      1   0.00000000E+00  0.00000000E+00  2.58055354E-03  0.00000000E+00  0.00000000E+00  0.00000000E+00  0.00000000E+00  0.00000000E+00  8.48729353E-02  0.00000000E+00  0.00000000E+00 -3.40584625E-02
    1.381000      1   0.00000000E+00  0.00000000E+00  2.62155446E-03  0.00000000E+00  0.00000000E+00  0.00000000E+00  0.00000000E+00  0.00000000E+00  8.48388695E-02  0.00000000E+00  0.00000000E+00 -3.40657952E-02
    1.382000      1   0.00000000E+00  0.00000000E+00  2.57943927E-03  0.00000000E+00  0.00000000E+00  0.00000000E+00  0.00000000E+00  0.00000000E+00  8.48048009E-02  0.00000000E+00  0.00000000E+00 -3.40685495E-02
    1.383000      1   0.00000000E+00  0.00000000E+00  2.61375321E-03  0.00000000E+00  0.00000000E+00  0.00000000E+00  0.00000000E+00  0.00000000E+00  8.47707356E-02  0.00000000E+00  0.00000000E+00 -3.40652860E-02
    1.384000      1   0.00000000E+00  0.00000000E+00  2.61263899E-03  0.00000000E+00  0.00000000E+00  0.00000000E+00  0.00000000E+00  0.00000000E+00  8.47366659E-02  0.00000000E+00  0.00000000E+00 -3.40697858E-02
    1.385000      1   0.00000000E+00  0.00000000E+00  2.62190794E-03  0.00000000E+00  0.00000000E+00  0.00000000E+00  0.00000000E+00  0.00000000E+00  8.47026026E-02  0.00000000E+00  0.00000000E+00 -3.40632135E-02
    1.386000      1   0.00000000E+00  0.00000000E+00  2.58688556E-03  0.00000000E+00  0.00000000E+00  0.00000000E+00  0.00000000E+00  0.00000000E+00  8.46685473E-02  0.00000000E+00  0.00000000E+00 -3.40553679E-02
    1.387000      1   0.00000000E+00  0.00000000E+00  2.57962465E-03  0.00000000E+00  0.00000000E+00  0.00000000E+00  0.00000000E+00  0.00000000E+00  8.46344966E-02  0.00000000E+00  0.00000000E+00 -3.40506716E-02
    1.388000      1   0.00000000E+00  0.00000000E+00  2.60265653E-03  0.00000000E+00  0.00000000E+00  0.00000000E+00  0.00000000E+00  0.00000000E+00  8.46004378E-02  0.00000000E+00  0.00000000E+00 -3.40587611E-02
    1.389000      1   0.00000000E+00  0.00000000E+00  2.58951541E-03  0.00000000E+00  0.00000000E+00  0.00000000E+00  0.00000000E+00  0.00000000E+00  8.45663727E-02  0.00000000E+00  0.00000000E+00 -3.40651624E-02
    1.390000      1   0.00000000E+00  0.00000000E+00  2.60323961E-03  0.00000000E+00  0.00000000E+00  0.00000000E+00  0.00000000E+00  0.00000000E+00  8.45323064E-02  0.00000000E+00  0.00000000E+00 -3.40663234E-02
    1.391000      1   0.00000000E+00  0.00000000E+00  2.59973192E-03  0.00000000E+00  0.00000000E+00  0.00000000E+00  0.00000000E+00  0.00000000E+00  8.44982370E-02  0.00000000E+00  0.00000000E+00 -3.40693733E-02
    1.392000      1   0.00000000E+00  0.00000000E+00  2.61864486E-03  0.00000000E+00  0.00000000E+00  0.00000000E+00  0.00000000E+00  0.00000000E+00  8.44641684E-02  0.00000000E+00  0.00000000E+00 -3.40685362E-02
    1.393000      1   0.00000000E+00  0.00000000E+00  2.62065908E-03  0.00000000E+00  0.00000000E+00  0.00000000E+00  0.00000000E+00  0.00000000E+00  8.44301029E-02  0.00000000E+00  0.00000000E+00 -3.40655065E-02
    1.394000      1   0.00000000E+00  0.00000000E+00  2.59943946E-03  0.00000000E+00  0.00000000E+00  0.00000000E+00  0.00000000E+00  0.00000000E+00  8.43960470E-02  0.00000000E+00  0.00000000E+00 -3.40559094E-02
    1.395000      1   0.00000000E+00  0.00000000E+00  2.57366046E-03  0.00000000E+00  0.00000000E+00  0.00000000E+00  0.00000000E+00  0.00000000E+00  8.43619976E-02  0.00000000E+00  0.00000000E+00 -3.40494032E-02
    1.396000      1   0.00000000E+00  0.00000000E+00  2.57995715E-03  0.00000000E+00  0.00000000E+00  0.00000000E+00  0.00000000E+00  0.00000000E+00  8.43279432E-02  0.00000000E+00  0.00000000E+00 -3.40544246E-02
    1.397000      1   0.00000000E+00  0.00000000E+00  2.61114293E-03  0.00000000E+00  0.00000000E+00  0.00000000E+00  0.00000000E+00  0.00000000E+00  8.42938764E-02  0.00000000E+00  0.00000000E+00 -3.40667987E-02
    1.398000      1   0.00000000E+00  0.00000000E+00  2.60758824E-03  0.00000000E+00  0.00000000E+00  0.00000000E+00  0.00000000E+00  0.00000000E+00  8.42598048E-02  0.00000000E+00  0.00000000E+00 -3.40715900E-02
    1.399000      1   0.00000000E+00  0.00000000E+00  2.59742960E-03  0.00000000E+00  0.00000000E+00  0.00000000E+00  0.00000000E+00  0.00000000E+00  8.42257380E-02  0.00000000E+00  0.00000000E+00 -3.40667680E-02
    1.400000      1   0.00000000E+00  0.00000000E+00  2.60416788E-03  0.00000000E+00  0.00000000E+00  0.00000000E+00  0.00000000E+00  0.00000000E+00  8.41916731E-02  0.00000000E+00  0.00000000E+00 -3.40649099E-02
    1.401000      1   0.00000000E+00  0.00000000E+00  2.62089554E-03  0.00000000E+00  0.00000000E+00  0.00000000E+00  0.00000000E+00  0.00000000E+00  8.41576079E-02  0.00000000E+00  0.00000000E+00 -3.40651965E-02
    1.402000      1   0.00000000E+00  0.00000000E+00  2.60875547E-03  0.00000000E+00  0.00000000E+00  0.00000000E+00  0.00000000E+00  0.00000000E+00  8.41235476E-02  0.00000000E+00  0.00000000E+00 -3.40603120E-02
    1.403000      1   0.00000000E+00  0.00000000E+00  2.56861023E-03  0.00000000E+00  0.00000000E+00  0.00000000E+00  0.00000000E+00  0.00000000E+00  8.40894955E-02  0.00000000E+00  0.00000000E+00 -3.40520807E-02
    1.404000      1   0.00000000E+00  0.00000000E+00  2.60053681E-03  0.00000000E+00  0.00000000E+00  0.00000000E+00  0.00000000E+00  0.00000000E+00  8.40554406E-02  0.00000000E+00  0.00000000E+00 -3.40549356E-02
    1.405000      1   0.00000000E+00  0.00000000E+00  2.58562008E-03  0.00000000E+00  0.00000000E+00  0.00000000E+00  0.00000000E+00  0.00000000E+00  8.40213753E-02  0.00000000E+00  0.00000000E+00 -3.40653290E-02
    1.406000      1   0.00000000E+00  0.00000000E+00  2.61137849E-03  0.00000000E+00  0.00000000E+00  0.00000000E+00  0.00000000E+00  0.00000000E+00  8.39873074E-02  0.00000000E+00  0.00000000E+00 -3.40678751E-02
    1.407000      1   0.00000000E+00  0.00000000E+00  2.59519385E-03  0.00000000E+00  0.00000000E+00  0.00000000E+00  0.00000000E+00  0.00000000E+00  8.39532366E-02  0.00000000E+00  0.00000000E+00 -3.40707650E-02
    1.408000      1   0.00000000E+00  0.00000000E+00  2.61029137E-03  0.00000000E+00  0.00000000E+00  0.00000000E+00  0.00000000E+00  0.00000000E+00  8.39191686E-02  0.00000000E+00  0.00000000E+00 -3.40680574E-02
    1.409000      1   0.00000000E+00  0.00000000E+00  2.61145286E-03  0.00000000E+00  0.00000000E+00  0.00000000E+00  0.00000000E+00  0.00000000E+00  8.38851006E-02  0.00000000E+00  0.00000000E+00 -3.40679954E-02
    1.410000      1   0.00000000E+00  0.00000000E+00  2.62132171E-03  0.00000000E+00  0.00000000E+00  0.00000000E+00  0.00000000E+00  0.00000000E+00  8.38510378E-02  0.00000000E+00  0.00000000E+00 -3.40627697E-02
    1.411000      1   0.00000000E+00  0.00000000E+00  2.57513928E-03  0.00000000E+00  0.00000000E+00  0.00000000E+00  0.00000000E+00  0.00000000E+00  8.38169824E-02  0.00000000E+00  0.00000000E+00 -3.40554173E-02
    1.412000      1   0.00000000E+00  0.00000000E+00  2.57675740E-03  0.00000000E+00  0.00000000E+00  0.00000000E+00  0.00000000E+00  0.00000000E+00  8.37829294E-02  0.00000000E+00  0.00000000E+00 -3.40529907E-02
    1.413000      1   0.00000000E+00  0.00000000E+00  2.59490279E-03  0.00000000E+00  0.00000000E+00  0.00000000E+00  0.00000000E+00  0.00000000E+00  8.37488640E-02  0.00000000E+00  0.00000000E+00 -3.40654450E-02
    1.414000      1   0.00000000E+00  0.00000000E+00  2.61102873E-03  0.00000000E+00  0.00000000E+00  0.00000000E+00  0.00000000E+00  0.00000000E+00  8.37147898E-02  0.00000000E+00  0.00000000E+00 -3.40741590E-02
    1.415000      1   0.00000000E+00  0.00000000E+00  2.60485180E-03  0.00000000E+00  0.00000000E+00  0.00000000E+00  0.00000000E+00  0.00000000E+00  8.36807157E-02  0.00000000E+00  0.00000000E+00 -3.40740621E-02
    1.416000      1   0.00000000E+00  0.00000000E+00  2.60018072E-03  0.00000000E+00  0.00000000E+00  0.00000000E+00  0.00000000E+00  0.00000000E+00  8.36466460E-02  0.00000000E+00  0.00000000E+00 -3.40697616E-02
    1.417000      1   0.00000000E+00  0.00000000E+00  2.60797634E-03  0.00000000E+00  0.00000000E+00  0.00000000E+00  0.00000000E+00  0.00000000E+00  8.36125777E-02  0.00000000E+00  0.00000000E+00 -3.40683157E-02
    1.418000      1   0.00000000E+00  0.00000000E+00  2.61990986E-03  0.00000000E+00  0.00000000E+00  0.00000000E+00  0.00000000E+00  0.00000000E+00  8.35785106E-02  0.00000000E+00  0.00000000E+00 -3.40670252E-02
    1.419000      1   0.00000000E+00  0.00000000E+00  2.58253995E-03  0.00000000E+00  0.00000000E+00  0.00000000E+00  0.00000000E+00  0.00000000E+00  8.35444496E-02  0.00000000E+00  0.00000000E+00 -3.40610643E-02
    1.420000      1   0.00000000E+00  0.00000000E+00  2.58442604E-03  0.00000000E+00  0.00000000E+00  0.00000000E+00  0.00000000E+00  0.00000000E+00  8.35103918E-02  0.00000000E+00  0.00000000E+00 -3.40577926E-02
    1.421000      1   0.00000000E+00  0.00000000E+00  2.59564342E-03  0.00000000E+00  0.00000000E+00  0.00000000E+00  0.00000000E+00  0.00000000E+00  8.34763253E-02  0.00000000E+00  0.00000000E+00 -3.40664603E-02
    1.422000      1   0.00000000E+00  0.00000000E+00  2.60661591E-03  0.00000000E+00  0.00000000E+00  0.00000000E+00  0.00000000E+00  0.00000000E+00  8.34422528E-02  0.00000000E+00  0.00000000E+00 -3.40725249E-02
    1.423000      1   0.00000000E+00  0.00000000E+00  2.58731652E-03  0.00000000E+00  0.00000000E+00  0.00000000E+00  0.00000000E+00  0.00000000E+00  8.34081798E-02  0.00000000E+00  0.00000000E+00 -3.40729651E-02
    1.424000      1   0.00000000E+00  0.00000000E+00  2.62184749E-03  0.00000000E+00  0.00000000E+00  0.00000000E+00  0.00000000E+00  0.00000000E+00  8.33741066E-02  0.00000000E+00  0.00000000E+00 -3.40732147E-02
    1.425000      1   0.00000000E+00  0.00000000E+00  2.60513303E-03  0.00000000E+00  0.00000000E+00  0.00000000E+00  0.00000000E+00  0.00000000E+00  8.33400329E-02  0.00000000E+00  0.00000000E+00 -3.40736961E-02
    1.426000      1   0.00000000E+00  0.00000000E+00  2.61948505E-03  0.00000000E+00  0.00000000E+00  0.00000000E+00  0.00000000E+00  0.00000000E+00  8.33059671E-02  0.00000000E+00  0.00000000E+00 -3.40657928E-02
    1.427000      1   0.00000000E+00  0.00000000E+00  2.57756364E-03  0.00000000E+00  0.00000000E+00  0.00000000E+00  0.00000000E+00  0.00000000E+00  8.32719063E-02  0.00000000E+00  0.00000000E+00 -3.40608408E-02
    1.428000      1   0.00000000E+00  0.00000000E+00  2.58998710E-03  0.00000000E+00  0.00000000E+00  0.00000000E+00  0.00000000E+00  0.00000000E+00  8.32378477E-02  0.00000000E+00  0.00000000E+00 -3.40585886E-02
    1.429000      1   0.00000000E+00  0.00000000E+00  2.58445622E-03  0.00000000E+00  0.00000000E+00  0.00000000E+00  0.00000000E+00  0.00000000E+00  8.32037798E-02  0.00000000E+00  0.00000000E+00 -3.40679072E-02
    1.430000      1   0.00000000E+00  0.00000000E+00  2.62191226E-03  0.00000000E+00  0.00000000E+00  0.00000000E+00  0.00000000E+00  0.00000000E+00  8.31697057E-02  0.00000000E+00  0.00000000E+00 -3.40741238E-02
    1.431000      1   0.00000000E+00  0.00000000E+00  2.57550453E-03  0.00000000E+00  0.00000000E+00  0.00000000E+00  0.00000000E+00  0.00000000E+00  8.31356301E-02  0.00000000E+00  0.00000000E+00 -3.40755331E-02
    1.432000      1   0.00000000E+00  0.00000000E+00  2.61698075E-03  0.00000000E+00  0.00000000E+00  0.00000000E+00  0.00000000E+00  0.00000000E+00  8.31015573E-02  0.00000000E+00  0.00000000E+00 -3.40728479E-02
    1.433000      1   0.00000000E+00  0.00000000E+00  2.61202813E-03  0.00000000E+00  0.00000000E+00  0.00000000E+00  0.00000000E+00  0.00000000E+00  8.30674792E-02  0.00000000E+00  0.00000000E+00 -3.40780692E-02
    1.434000      1   0.00000000E+00  0.00000000E+00  2.62471904E-03  0.00000000E+00  0.00000000E+00  0.00000000E+00  0.00000000E+00  0.00000000E+00  8.30334087E-02  0.00000000E+00  0.00000000E+00 -3.40705449E-02
    1.435000      1   0.00000000E+00  0.00000000E+00  2.58056202E-03  0.00000000E+00  0.00000000E+00  0.00000000E+00  0.00000000E+00  0.00000000E+00  8.29993463E-02  0.00000000E+00  0.00000000E+00 -3.40624028E-02
    1.436000      1   0.00000000E+00  0.00000000E+00  2.58340350E-03  0.00000000E+00  0.00000000E+00  0.00000000E+00  0.00000000E+00  0.00000000E+00  8.29652884E-02  0.00000000E+00  0.00000000E+00 -3.40579015E-02
    1.437000      1   0.00000000E+00  0.00000000E+00  2.60287382E-03  0.00000000E+00  0.00000000E+00  0.00000000E+00  0.00000000E+00  0.00000000E+00  8.29312210E-02  0.00000000E+00  0.00000000E+00 -3.40673996E-02
    1.438000      1   0.00000000E+00  0.00000000E+00  2.59317712E-03  0.00000000E+00  0.00000000E+00  0.00000000E+00  0.00000000E+00  0.00000000E+00  8.28971485E-02  0.00000000E+00  0.00000000E+00 -3.40725214E-02
    1.439000      1   0.00000000E+00  0.00000000E+00  2.59655422E-03  0.00000000E+00  0.00000000E+00  0.00000000E+00  0.00000000E+00  0.00000000E+00  8.28630755E-02  0.00000000E+00  0.00000000E+00 -3.40729636E-02
    1.440000      1   0.00000000E+00  0.00000000E+00  2.60561343E-03  0.00000000E+00  0.00000000E+00  0.00000000E+00  0.00000000E+00  0.00000000E+00  8.28289995E-02  0.00000000E+00  0.00000000E+00 -3.40759931E-02
    1.441000      1   0.00000000E+00  0.00000000E+00  2.62034128E-03  0.00000000E+00  0.00000000E+00  0.00000000E+00  0.00000000E+00  0.00000000E+00  8.27949232E-02  0.00000000E+00  0.00000000E+00 -3.40763115E-02
    1.442000      1   0.00000000E+00  0.00000000E+00  2.61743080E-03  0.00000000E+00  0.00000000E+00  0.00000000E+00  0.00000000E+00  0.00000000E+00  8.27608521E-02  0.00000000E+00  0.00000000E+00 -3.40710503E-02
    1.443000      1   0.00000000E+00  0.00000000E+00  2.59916566E-03  0.00000000E+00  0.00000000E+00  0.00000000E+00  0.00000000E+00  0.00000000E+00  8.27267907E-02  0.00000000E+00  0.00000000E+00 -3.40614669E-02
    1.444000      1   0.00000000E+00  0.00000000E+00  2.57307873E-03  0.00000000E+00  0.00000000E+00  0.00000000E+00  0.00000000E+00  0.00000000E+00  8.26927346E-02  0.00000000E+00  0.00000000E+00 -3.40560693E-02
    1.445000      1   0.00000000E+00  0.00000000E+00  2.58378041E-03  0.00000000E+00  0.00000000E+00  0.00000000E+00  0.00000000E+00  0.00000000E+00  8.26586733E-02  0.00000000E+00  0.00000000E+00 -3.40612835E-02
    1.446000      1   0.00000000E+00  0.00000000E+00  2.61282647E-03  0.00000000E+00  0.00000000E+00  0.00000000E+00  0.00000000E+00  0.00000000E+00  8.26246001E-02  0.00000000E+00  0.00000000E+00 -3.40731725E-02
    1.447000      1   0.00000000E+00  0.00000000E+00  2.60065544E-03  0.00000000E+00  0.00000000E+00  0.00000000E+00  0.00000000E+00  0.00000000E+00  8.25905237E-02  0.00000000E+00  0.00000000E+00 -3.40764105E-02
    1.448000      1   0.00000000E+00  0.00000000E+00  2.60380684E-03  0.00000000E+00  0.00000000E+00  0.00000000E+00  0.00000000E+00  0.00000000E+00  8.25564515E-02  0.00000000E+00  0.00000000E+00 -3.40722616E-02
    1.449000      1   0.00000000E+00  0.00000000E+00  2.60022783E-03  0.00000000E+00  0.00000000E+00  0.00000000E+00  0.00000000E+00  0.00000000E+00  8.25223799E-02  0.00000000E+00  0.00000000E+00 -3.40715526E-02
    1.450000      1   0.00000000E+00  0.00000000E+00  2.62801497E-03  0.00000000E+00  0.00000000E+00  0.00000000E+00  0.00000000E+00  0.00000000E+00  8.24883095E-02  0.00000000E+00  0.00000000E+00 -3.40704416E-02
    1.451000      1   0.00000000E+00  0.00000000E+00  2.60055264E-03  0.00000000E+00  0.00000000E+00  0.00000000E+00  0.00000000E+00  0.00000000E+00  8.24542439E-02  0.00000000E+00  0.00000000E+00 -3.40655920E-02
    1.452000      1   0.00000000E+00  0.00000000E+00  2.57063208E-03  0.00000000E+00  0.00000000E+00  0.00000000E+00  0.00000000E+00  0.00000000E+00  8.24201874E-02  0.00000000E+00  0.00000000E+00 -3.40564732E-02
    1.453000      1   0.00000000E+00  0.00000000E+00  2.60069169E-03  0.00000000E+00  0.00000000E+00  0.00000000E+00  0.00000000E+00  0.00000000E+00  8.23861257E-02  0.00000000E+00  0.00000000E+00 -3.40616645E-02
    1.454000      1   0.00000000E+00  0.00000000E+00  2.58476651E-03  0.00000000E+00  0.00000000E+00  0.00000000E+00  0.00000000E+00  0.00000000E+00  8.23520544E-02  0.00000000E+00  0.00000000E+00 -3.40713665E-02
    1.455000      1   0.00000000E+00  0.00000000E+00  2.61368830E-03  0.00000000E+00  0.00000000E+00  0.00000000E+00  0.00000000E+00  0.00000000E+00  8.23179804E-02  0.00000000E+00  0.00000000E+00 -3.40740127E-02
    1.456000      1   0.00000000E+00  0.00000000E+00  2.59496136E-03  0.00000000E+00  0.00000000E+00  0.00000000E+00  0.00000000E+00  0.00000000E+00  8.22839036E-02  0.00000000E+00  0.00000000E+00 -3.40767744E-02
    1.457000      1   0.00000000E+00  0.00000000E+00  2.61485627E-03  0.00000000E+00  0.00000000E+00  0.00000000E+00  0.00000000E+00  0.00000000E+00  8.22498302E-02  0.00000000E+00  0.00000000E+00 -3.40733494E-02
    1.458000      1   0.00000000E+00  0.00000000E+00  2.60377954E-03  0.00000000E+00  0.00000000E+00  0.00000000E+00  0.00000000E+00  0.00000000E+00  8.22157577E-02  0.00000000E+00  0.00000000E+00 -3.40725565E-02
    1.459000      1   0.00000000E+00  0.00000000E+00  2.62275212E-03  0.00000000E+00  0.00000000E+00  0.00000000E+00  0.00000000E+00  0.00000000E+00  8.21816905E-02  0.00000000E+00  0.00000000E+00 -3.40671885E-02
    1.460000      1   0.00000000E+00  0.00000000E+00  2.57566539E-03  0.00000000E+00  0.00000000E+00  0.00000000E+00  0.00000000E+00  0.00000000E+00  8.21476284E-02  0.00000000E+00  0.00000000E+00 -3.40621032E-02
    1.461000      1   0.00000000E+00  0.00000000E+00  2.57600213E-03  0.00000000E+00  0.00000000E+00  0.00000000E+00  0.00000000E+00  0.00000000E+00  8.21135693E-02  0.00000000E+00  0.00000000E+00 -3.40591138E-02
    1.462000      1   0.00000000E+00  0.00000000E+00  2.59996223E-03  0.00000000E+00  0.00000000E+00  0.00000000E+00  0.00000000E+00  0.00000000E+00  8.20794978E-02  0.00000000E+00  0.00000000E+00 -3.40715289E-02
    1.463000      1   0.00000000E+00  0.00000000E+00  2.61258659E-03  0.00000000E+00  0.00000000E+00  0.00000000E+00  0.00000000E+00  0.00000000E+00  8.20454182E-02  0.00000000E+00  0.00000000E+00 -3.40795962E-02
    1.464000      1   0.00000000E+00  0.00000000E+00  2.60188494E-03  0.00000000E+00  0.00000000E+00  0.00000000E+00  0.00000000E+00  0.00000000E+00  8.20113406E-02  0.00000000E+00  0.00000000E+00 -3.40775623E-02
    1.465000      1   0.00000000E+00  0.00000000E+00  2.59279393E-03  0.00000000E+00  0.00000000E+00  0.00000000E+00  0.00000000E+00  0.00000000E+00  8.19772673E-02  0.00000000E+00  0.00000000E+00 -3.40732748E-02
    1.466000      1   0.00000000E+00  0.00000000E+00  2.62039761E-03  0.00000000E+00  0.00000000E+00  0.00000000E+00  0.00000000E+00  0.00000000E+00  8.19431932E-02  0.00000000E+00  0.00000000E+00 -3.40741095E-02
    1.467000      1   0.00000000E+00  0.00000000E+00  2.61711549E-03  0.00000000E+00  0.00000000E+00  0.00000000E+00  0.00000000E+00  0.00000000E+00  8.19091202E-02  0.00000000E+00  0.00000000E+00 -3.40730484E-02
    1.468000      1   0.00000000E+00  0.00000000E+00  2.57720067E-03  0.00000000E+00  0.00000000E+00  0.00000000E+00  0.00000000E+00  0.00000000E+00  8.18750567E-02  0.00000000E+00  0.00000000E+00 -3.40635023E-02
    1.469000      1   0.00000000E+00  0.00000000E+00  2.58458265E-03  0.00000000E+00  0.00000000E+00  0.00000000E+00  0.00000000E+00  0.00000000E+00  8.18409946E-02  0.00000000E+00  0.00000000E+00 -3.40620925E-02
    1.470000      1   0.00000000E+00  0.00000000E+00  2.59421341E-03  0.00000000E+00  0.00000000E+00  0.00000000E+00  0.00000000E+00  0.00000000E+00  8.18069221E-02  0.00000000E+00  0.00000000E+00 -3.40724860E-02
    1.471000      1   0.00000000E+00  0.00000000E+00  2.60460857E-03  0.00000000E+00  0.00000000E+00  0.00000000E+00  0.00000000E+00  0.00000000E+00  8.17728433E-02  0.00000000E+00  0.00000000E+00 -3.40787520E-02
    1.472000      1   0.00000000E+00  0.00000000E+00  2.59298325E-03  0.00000000E+00  0.00000000E+00  0.00000000E+00  0.00000000E+00  0.00000000E+00  8.17387633E-02  0.00000000E+00  0.00000000E+00 -3.40800169E-02
    1.473000      1   0.00000000E+00  0.00000000E+00  2.62496692E-03  0.00000000E+00  0.00000000E+00  0.00000000E+00  0.00000000E+00  0.00000000E+00  8.17046834E-02  0.00000000E+00  0.00000000E+00 -3.40799236E-02
    1.474000      1   0.00000000E+00  0.00000000E+00  2.59802702E-03  0.00000000E+00  0.00000000E+00  0.00000000E+00  0.00000000E+00  0.00000000E+00  8.16706054E-02  0.00000000E+00  0.00000000E+00 -3.40779924E-02
    1.475000      1   0.00000000E+00  0.00000000E+00  2.62575320E-03  0.00000000E+00  0.00000000E+00  0.00000000E+00  0.00000000E+00  0.00000000E+00  8.16365351E-02  0.00000000E+00  0.00000000E+00 -3.40703212E-02
    1.476000      1   0.00000000E+00  0.00000000E+00  2.57326800E-03  0.00000000E+00  0.00000000E+00  0.00000000E+00  0.00000000E+00  0.00000000E+00  8.16024685E-02  0.00000000E+00  0.00000000E+00 -3.40665944E-02
    1.477000      1   0.00000000E+00  0.00000000E+00  2.59101277E-03  0.00000000E+00  0.00000000E+00  0.00000000E+00  0.00000000E+00  0.00000000E+00  8.15684054E-02  0.00000000E+00  0.00000000E+00 -3.40630434E-02
    1.478000      1   0.00000000E+00  0.00000000E+00  2.58185708E-03  0.00000000E+00  0.00000000E+00  0.00000000E+00  0.00000000E+00  0.00000000E+00  8.15343318E-02  0.00000000E+00  0.00000000E+00 -3.40735913E-02
    1.479000      1   0.00000000E+00  0.00000000E+00  2.62294253E-03  0.00000000E+00  0.00000000E+00  0.00000000E+00  0.00000000E+00  0.00000000E+00  8.15002519E-02  0.00000000E+00  0.00000000E+00 -3.40799307E-02
    1.480000      1   0.00000000E+00  0.00000000E+00  2.58011598E-03  0.00000000E+00  0.00000000E+00  0.00000000E+00  0.00000000E+00  0.00000000E+00  8.14661699E-02  0.00000000E+00  0.00000000E+00 -3.40820114E-02
    1.481000      1   0.00000000E+00  0.00000000E+00  2.61657458E-03  0.00000000E+00  0.00000000E+00  0.00000000E+00  0.00000000E+00  0.00000000E+00  8.14320917E-02  0.00000000E+00  0.00000000E+00 -3.40781724E-02
    1.482000      1   0.00000000E+00  0.00000000E+00  2.60701269E-03  0.00000000E+00  0.00000000E+00  0.00000000E+00  0.00000000E+00  0.00000000E+00  8.13980098E-02  0.00000000E+00  0.00000000E+00 -3.40819510E-02
    1.483000      1   0.00000000E+00  0.00000000E+00  2.62295797E-03  0.00000000E+00  0.00000000E+00  0.00000000E+00  0.00000000E+00  0.00000000E+00  8.13639343E-02  0.00000000E+00  0.00000000E+00 -3.40754470E-02
    1.484000      1   0.00000000E+00  0.00000000E+00  2.58255203E-03  0.00000000E+00  0.00000000E+00  0.00000000E+00  0.00000000E+00  0.00000000E+00  8.13298651E-02  0.00000000E+00  0.00000000E+00 -3.40692635E-02
    1.485000      1   0.00000000E+00  0.00000000E+00  2.58378644E-03  0.00000000E+00  0.00000000E+00  0.00000000E+00  0.00000000E+00  0.00000000E+00  8.12958001E-02  0.00000000E+00  0.00000000E+00 -3.40649887E-02
    1.486000      1   0.00000000E+00  0.00000000E+00  2.59767535E-03  0.00000000E+00  0.00000000E+00  0.00000000E+00  0.00000000E+00  0.00000000E+00  8.12617263E-02  0.00000000E+00  0.00000000E+00 -3.40737655E-02
    1.487000      1   0.00000000E+00  0.00000000E+00  2.60425108E-03  0.00000000E+00  0.00000000E+00  0.00000000E+00  0.00000000E+00  0.00000000E+00  8.12276466E-02  0.00000000E+00  0.00000000E+00 -3.40796808E-02
    1.488000      1   0.00000000E+00  0.00000000E+00  2.58596071E-03  0.00000000E+00  0.00000000E+00  0.00000000E+00  0.00000000E+00  0.00000000E+00  8.11935668E-02  0.00000000E+00  0.00000000E+00 -3.40798719E-02
    1.489000      1   0.00000000E+00  0.00000000E+00  2.60985536E-03  0.00000000E+00  0.00000000E+00  0.00000000E+00  0.00000000E+00  0.00000000E+00  8.11594856E-02  0.00000000E+00  0.00000000E+00 -3.40811379E-02
    1.490000      1   0.00000000E+00  0.00000000E+00  2.62391460E-03  0.00000000E+00  0.00000000E+00  0.00000000E+00  0.00000000E+00  0.00000000E+00  8.11254014E-02  0.00000000E+00  0.00000000E+00 -3.40841853E-02
    1.491000      1   0.00000000E+00  0.00000000E+00  2.61455750E-03  0.00000000E+00  0.00000000E+00  0.00000000E+00  0.00000000E+00  0.00000000E+00  8.10913245E-02  0.00000000E+00  0.00000000E+00 -3.40768990E-02
    1.492000      1   0.00000000E+00  0.00000000E+00  2.59434541E-03  0.00000000E+00  0.00000000E+00  0.00000000E+00  0.00000000E+00  0.00000000E+00  8.10572579E-02  0.00000000E+00  0.00000000E+00 -3.40666502E-02
    1.493000      1   0.00000000E+00  0.00000000E+00  2.57508067E-03  0.00000000E+00  0.00000000E+00  0.00000000E+00  0.00000000E+00  0.00000000E+00  8.10231948E-02  0.00000000E+00  0.00000000E+00 -3.40630487E-02
    1.494000      1   0.00000000E+00  0.00000000E+00  2.58778373E-03  0.00000000E+00  0.00000000E+00  0.00000000E+00  0.00000000E+00  0.00000000E+00  8.09891253E-02  0.00000000E+00  0.00000000E+00 -3.40694919E-02
    1.495000      1   0.00000000E+00  0.00000000E+00  2.61100863E-03  0.00000000E+00  0.00000000E+00  0.00000000E+00  0.00000000E+00  0.00000000E+00  8.09550453E-02  0.00000000E+00  0.00000000E+00 -3.40800155E-02
    1.496000      1   0.00000000E+00  0.00000000E+00  2.59455233E-03  0.00000000E+00  0.00000000E+00  0.00000000E+00  0.00000000E+00  0.00000000E+00  8.09209631E-02  0.00000000E+00  0.00000000E+00 -3.40822602E-02
    1.497000      1   0.00000000E+00  0.00000000E+00  2.60581998E-03  0.00000000E+00  0.00000000E+00  0.00000000E+00  0.00000000E+00  0.00000000E+00  8.08868833E-02  0.00000000E+00  0.00000000E+00 -3.40797876E-02
    1.498000      1   0.00000000E+00  0.00000000E+00  2.60720174E-03  0.00000000E+00  0.00000000E+00  0.00000000E+00  0.00000000E+00  0.00000000E+00  8.08528026E-02  0.00000000E+00  0.00000000E+00 -3.40807270E-02
    1.499000      1   0.00000000E+00  0.00000000E+00  2.62838941E-03  0.00000000E+00  0.00000000E+00  0.00000000E+00  0.00000000E+00  0.00000000E+00  8.08187248E-02  0.00000000E+00  0.00000000E+00 -3.40777215E-02
    1.500000      1   0.00000000E+00  0.00000000E+00  2.59110467E-03  0.00000000E+00  0.00000000E+00  0.00000000E+00  0.00000000E+00  0.00000000E+00  8.07846543E-02  0.00000000E+00  0.00000000E+00 -3.40705154E-02
    1.501000      1   0.00000000E+00  0.00000000E+00  2.57948868E-03  0.00000000E+00  0.00000000E+00  0.00000000E+00  0.00000000E+00  0.00000000E+00  8.07505914E-02  0.00000000E+00  0.00000000E+00 -3.40629444E-02
    1.502000      1   0.00000000E+00  0.00000000E+00  2.59820891E-03  0.00000000E+00  0.00000000E+00  0.00000000E+00  0.00000000E+00  0.00000000E+00  8.07165217E-02  0.00000000E+00  0.00000000E+00 -3.40696724E-02
    1.503000      1   0.00000000E+00  0.00000000E+00  2.58951295E-03  0.00000000E+00  0.00000000E+00  0.00000000E+00  0.00000000E+00  0.00000000E+00  8.06824448E-02  0.00000000E+00  0.00000000E+00 -3.40769048E-02
    1.504000      1   0.00000000E+00  0.00000000E+00  2.60601520E-03  0.00000000E+00  0.00000000E+00  0.00000000E+00  0.00000000E+00  0.00000000E+00  8.06483653E-02  0.00000000E+00  0.00000000E+00 -3.40795270E-02
    1.505000      1   0.00000000E+00  0.00000000E+00  2.60385157E-03  0.00000000E+00  0.00000000E+00  0.00000000E+00  0.00000000E+00  0.00000000E+00  8.06142832E-02  0.00000000E+00  0.00000000E+00 -3.40820868E-02
    1.506000      1   0.00000000E+00  0.00000000E+00  2.60948081E-03  0.00000000E+00  0.00000000E+00  0.00000000E+00  0.00000000E+00  0.00000000E+00  8.05802036E-02  0.00000000E+00  0.00000000E+00 -3.40796096E-02
    1.507000      1   0.00000000E+00  0.00000000E+00  2.61434680E-03  0.00000000E+00  0.00000000E+00  0.00000000E+00  0.00000000E+00  0.00000000E+00  8.05461267E-02  0.00000000E+00  0.00000000E+00 -3.40768476E-02
    1.508000      1   0.00000000E+00  0.00000000E+00  2.61678593E-03  0.00000000E+00  0.00000000E+00  0.00000000E+00  0.00000000E+00  0.00000000E+00  8.05120554E-02  0.00000000E+00  0.00000000E+00 -3.40713763E-02
    1.509000      1   0.00000000E+00  0.00000000E+00  2.57027588E-03  0.00000000E+00  0.00000000E+00  0.00000000E+00  0.00000000E+00  0.00000000E+00  8.04779915E-02  0.00000000E+00  0.00000000E+00 -3.40638756E-02
    1.510000      1   0.00000000E+00  0.00000000E+00  2.57841735E-03  0.00000000E+00  0.00000000E+00  0.00000000E+00  0.00000000E+00  0.00000000E+00  8.04439277E-02  0.00000000E+00  0.00000000E+00 -3.40637987E-02
    1.511000      1   0.00000000E+00  0.00000000E+00  2.60052754E-03  0.00000000E+00  0.00000000E+00  0.00000000E+00  0.00000000E+00  0.00000000E+00  8.04098501E-02  0.00000000E+00  0.00000000E+00 -3.40775566E-02
    1.512000      1   0.00000000E+00  0.00000000E+00  2.61801825E-03  0.00000000E+00  0.00000000E+00  0.00000000E+00  0.00000000E+00  0.00000000E+00  8.03757654E-02  0.00000000E+00  0.00000000E+00 -3.40847308E-02
    1.513000      1   0.00000000E+00  0.00000000E+00  2.59780398E-03  0.00000000E+00  0.00000000E+00  0.00000000E+00  0.00000000E+00  0.00000000E+00  8.03416838E-02  0.00000000E+00  0.00000000E+00 -3.40815507E-02
    1.514000      1   0.00000000E+00  0.00000000E+00  2.59472887E-03  0.00000000E+00  0.00000000E+00  0.00000000E+00  0.00000000E+00  0.00000000E+00  8.03076076E-02  0.00000000E+00  0.00000000E+00 -3.40762010E-02
    1.515000      1   0.00000000E+00  0.00000000E+00  2.61568410E-03  0.00000000E+00  0.00000000E+00  0.00000000E+00  0.00000000E+00  0.00000000E+00  8.02735296E-02  0.00000000E+00  0.00000000E+00 -3.40780338E-02
    1.516000      1   0.00000000E+00  0.00000000E+00  2.62312174E-03  0.00000000E+00  0.00000000E+00  0.00000000E+00  0.00000000E+00  0.00000000E+00  8.02394524E-02  0.00000000E+00  0.00000000E+00 -3.40771708E-02
    1.517000      1   0.00000000E+00  0.00000000E+00  2.56999358E-03  0.00000000E+00  0.00000000E+00  0.00000000E+00  0.00000000E+00  0.00000000E+00  8.02053843E-02  0.00000000E+00  0.00000000E+00 -3.40681105E-02
    1.518000      1   0.00000000E+00  0.00000000E+00  2.59331862E-03  0.00000000E+00  0.00000000E+00  0.00000000E+00  0.00000000E+00  0.00000000E+00  8.01713183E-02  0.00000000E+00  0.00000000E+00 -3.40660027E-02
    1.519000      1   0.00000000E+00  0.00000000E+00  2.58642340E-03  0.00000000E+00  0.00000000E+00  0.00000000E+00  0.00000000E+00  0.00000000E+00  8.01372411E-02  0.00000000E+00  0.00000000E+00 -3.40772182E-02
    1.520000      1   0.00000000E+00  0.00000000E+00  2.60746127E-03  0.00000000E+00  0.00000000E+00  0.00000000E+00  0.00000000E+00  0.00000000E+00  8.01031591E-02  0.00000000E+00  0.00000000E+00 -3.40819928E-02
    1.521000      1   0.00000000E+00  0.00000000E+00  2.59814204E-03  0.00000000E+00  0.00000000E+00  0.00000000E+00  0.00000000E+00  0.00000000E+00  8.00690738E-02  0.00000000E+00  0.00000000E+00 -3.40853116E-02
    1.522000      1   0.00000000E+00  0.00000000E+00  2.61377429E-03  0.00000000E+00  0.00000000E+00  0.00000000E+00  0.00000000E+00  0.00000000E+00  8.00349904E-02  0.00000000E+00  0.00000000E+00 -3.40833692E-02
    1.523000      1   0.00000000E+00  0.00000000E+00  2.60969054E-03  0.00000000E+00  0.00000000E+00  0.00000000E+00  0.00000000E+00  0.00000000E+00  8.00009087E-02  0.00000000E+00  0.00000000E+00 -3.40817230E-02
    1.524000      1   0.00000000E+00  0.00000000E+00  2.61517996E-03  0.00000000E+00  0.00000000E+00  0.00000000E+00  0.00000000E+00  0.00000000E+00  7.99668330E-02  0.00000000E+00  0.00000000E+00 -3.40756651E-02
    1.525000      1   0.00000000E+00  0.00000000E+00  2.58003238E-03  0.00000000E+00  0.00000000E+00  0.00000000E+00  0.00000000E+00  0.00000000E+00  7.99327631E-02  0.00000000E+00  0.00000000E+00 -3.40699776E-02
    1.526000      1   0.00000000E+00  0.00000000E+00  2.58278263E-03  0.00000000E+00  0.00000000E+00  0.00000000E+00  0.00000000E+00  0.00000000E+00  7.98986944E-02  0.00000000E+00  0.00000000E+00 -3.40687027E-02
    1.527000      1   0.00000000E+00  0.00000000E+00  2.58650328E-03  0.00000000E+00  0.00000000E+00  0.00000000E+00  0.00000000E+00  0.00000000E+00  7.98646159E-02  0.00000000E+00  0.00000000E+00 -3.40784845E-02
    1.528000      1   0.00000000E+00  0.00000000E+00  2.62089188E-03  0.00000000E+00  0.00000000E+00  0.00000000E+00  0.00000000E+00  0.00000000E+00  7.98305292E-02  0.00000000E+00  0.00000000E+00 -3.40867052E-02
    1.529000      1   0.00000000E+00  0.00000000E+00  2.59088223E-03  0.00000000E+00  0.00000000E+00  0.00000000E+00  0.00000000E+00  0.00000000E+00  7.97964415E-02  0.00000000E+00  0.00000000E+00 -3.40876226E-02
    1.530000      1   0.00000000E+00  0.00000000E+00  2.61012235E-03  0.00000000E+00  0.00000000E+00  0.00000000E+00  0.00000000E+00  0.00000000E+00  7.97623590E-02  0.00000000E+00  0.00000000E+00 -3.40825532E-02
    1.531000      1   0.00000000E+00  0.00000000E+00  2.60307504E-03  0.00000000E+00  0.00000000E+00  0.00000000E+00  0.00000000E+00  0.00000000E+00  7.97282751E-02  0.00000000E+00  0.00000000E+00 -3.40839371E-02
    1.532000      1   0.00000000E+00  0.00000000E+00  2.62394457E-03  0.00000000E+00  0.00000000E+00  0.00000000E+00  0.00000000E+00  0.00000000E+00  7.96941948E-02  0.00000000E+00  0.00000000E+00 -3.40802484E-02
    1.533000      1   0.00000000E+00  0.00000000E+00  2.57911541E-03  0.00000000E+00  0.00000000E+00  0.00000000E+00  0.00000000E+00  0.00000000E+00  7.96601196E-02  0.00000000E+00  0.00000000E+00 -3.40751836E-02
    1.534000      1   0.00000000E+00  0.00000000E+00  2.58471979E-03  0.00000000E+00  0.00000000E+00  0.00000000E+00  0.00000000E+00  0.00000000E+00  7.96260484E-02  0.00000000E+00  0.00000000E+00 -3.40711925E-02
    1.535000      1   0.00000000E+00  0.00000000E+00  2.60195442E-03  0.00000000E+00  0.00000000E+00  0.00000000E+00  0.00000000E+00  0.00000000E+00  7.95919675E-02  0.00000000E+00  0.00000000E+00 -3.40809329E-02
    1.536000      1   0.00000000E+00  0.00000000E+00  2.60085359E-03  0.00000000E+00  0.00000000E+00  0.00000000E+00  0.00000000E+00  0.00000000E+00  7.95578817E-02  0.00000000E+00  0.00000000E+00 -3.40857849E-02
    1.537000      1   0.00000000E+00  0.00000000E+00  2.58333497E-03  0.00000000E+00  0.00000000E+00  0.00000000E+00  0.00000000E+00  0.00000000E+00  7.95237965E-02  0.00000000E+00  0.00000000E+00 -3.40851716E-02
    1.538000      1   0.00000000E+00  0.00000000E+00  2.61729349E-03  0.00000000E+00  0.00000000E+00  0.00000000E+00  0.00000000E+00  0.00000000E+00  7.94897085E-02  0.00000000E+00  0.00000000E+00 -3.40880177E-02
    1.539000      1   0.00000000E+00  0.00000000E+00  2.62405165E-03  0.00000000E+00  0.00000000E+00  0.00000000E+00  0.00000000E+00  0.00000000E+00  7.94556179E-02  0.00000000E+00  0.00000000E+00 -3.40906120E-02
    1.540000      1   0.00000000E+00  0.00000000E+00  2.61194620E-03  0.00000000E+00  0.00000000E+00  0.00000000E+00  0.00000000E+00  0.00000000E+00  7.94215371E-02  0.00000000E+00  0.00000000E+00 -3.40808588E-02
    1.541000      1   0.00000000E+00  0.00000000E+00  2.58423541E-03  0.00000000E+00  0.00000000E+00  0.00000000E+00  0.00000000E+00  0.00000000E+00  7.93874660E-02  0.00000000E+00  0.00000000E+00 -3.40710267E-02
    1.542000      1   0.00000000E+00  0.00000000E+00  2.58534837E-03  0.00000000E+00  0.00000000E+00  0.00000000E+00  0.00000000E+00  0.00000000E+00  7.93533960E-02  0.00000000E+00  0.00000000E+00 -3.40700706E-02
    1.543000      1   0.00000000E+00  0.00000000E+00  2.58860082E-03  0.00000000E+00  0.00000000E+00  0.00000000E+00  0.00000000E+00  0.00000000E+00  7.93193179E-02  0.00000000E+00  0.00000000E+00 -3.40780184E-02
    1.544000      1   0.00000000E+00  0.00000000E+00  2.61294150E-03  0.00000000E+00  0.00000000E+00  0.00000000E+00  0.00000000E+00  0.00000000E+00  7.92852329E-02  0.00000000E+00  0.00000000E+00 -3.40850254E-02
    1.545000      1   0.00000000E+00  0.00000000E+00  2.58694810E-03  0.00000000E+00  0.00000000E+00  0.00000000E+00  0.00000000E+00  0.00000000E+00  7.92511463E-02  0.00000000E+00  0.00000000E+00 -3.40866600E-02
    1.546000      1   0.00000000E+00  0.00000000E+00  2.61244559E-03  0.00000000E+00  0.00000000E+00  0.00000000E+00  0.00000000E+00  0.00000000E+00  7.92170614E-02  0.00000000E+00  0.00000000E+00 -3.40848973E-02
    1.547000      1   0.00000000E+00  0.00000000E+00  2.60994350E-03  0.00000000E+00  0.00000000E+00  0.00000000E+00  0.00000000E+00  0.00000000E+00  7.91829742E-02  0.00000000E+00  0.00000000E+00 -3.40871623E-02
    1.548000      1   0.00000000E+00  0.00000000E+00  2.62212333E-03  0.00000000E+00  0.00000000E+00  0.00000000E+00  0.00000000E+00  0.00000000E+00  7.91488927E-02  0.00000000E+00  0.00000000E+00 -3.40814961E-02
    1.549000      1   0.00000000E+00  0.00000000E+00  2.59226884E-03  0.00000000E+00  0.00000000E+00  0.00000000E+00  0.00000000E+00  0.00000000E+00  7.91148182E-02  0.00000000E+00  0.00000000E+00 -3.40744976E-02
    1.550000      1   0.00000000E+00  0.00000000E+00  2.57883583E-03  0.00000000E+00  0.00000000E+00  0.00000000E+00  0.00000000E+00  0.00000000E+00  7.90807494E-02  0.00000000E+00  0.00000000E+00 -3.40687786E-02
    1.551000      1   0.00000000E+00  0.00000000E+00  2.60072223E-03  0.00000000E+00  0.00000000E+00  0.00000000E+00  0.00000000E+00  0.00000000E+00  7.90466742E-02  0.00000000E+00  0.00000000E+00 -3.40752397E-02
    1.552000      1   0.00000000E+00  0.00000000E+00  2.59039142E-03  0.00000000E+00  0.00000000E+00  0.00000000E+00  0.00000000E+00  0.00000000E+00  7.90125919E-02  0.00000000E+00  0.00000000E+00 -3.40822421E-02
    1.553000      1   0.00000000E+00  0.00000000E+00  2.60272225E-03  0.00000000E+00  0.00000000E+00  0.00000000E+00  0.00000000E+00  0.00000000E+00  7.89785081E-02  0.00000000E+00  0.00000000E+00 -3.40838835E-02
    1.554000      1   0.00000000E+00  0.00000000E+00  2.60388863E-03  0.00000000E+00  0.00000000E+00  0.00000000E+00  0.00000000E+00  0.00000000E+00  7.89444213E-02  0.00000000E+00  0.00000000E+00 -3.40867371E-02
    1.555000      1   0.00000000E+00  0.00000000E+00  2.61207489E-03  0.00000000E+00  0.00000000E+00  0.00000000E+00  0.00000000E+00  0.00000000E+00  7.89103360E-02  0.00000000E+00  0.00000000E+00 -3.40853349E-02
    1.556000      1   0.00000000E+00  0.00000000E+00  2.62189030E-03  0.00000000E+00  0.00000000E+00  0.00000000E+00  0.00000000E+00  0.00000000E+00  7.88762539E-02  0.00000000E+00  0.00000000E+00 -3.40821019E-02
    1.557000      1   0.00000000E+00  0.00000000E+00  2.60515133E-03  0.00000000E+00  0.00000000E+00  0.00000000E+00  0.00000000E+00  0.00000000E+00  7.88421794E-02  0.00000000E+00  0.00000000E+00 -3.40744447E-02
    1.558000      1   0.00000000E+00  0.00000000E+00  2.57047075E-03  0.00000000E+00  0.00000000E+00  0.00000000E+00  0.00000000E+00  0.00000000E+00  7.88081129E-02  0.00000000E+00  0.00000000E+00 -3.40665241E-02
    1.559000      1   0.00000000E+00  0.00000000E+00  2.57963657E-03  0.00000000E+00  0.00000000E+00  0.00000000E+00  0.00000000E+00  0.00000000E+00  7.87740427E-02  0.00000000E+00  0.00000000E+00 -3.40702337E-02
    1.560000      1   0.00000000E+00  0.00000000E+00  2.60910711E-03  0.00000000E+00  0.00000000E+00  0.00000000E+00  0.00000000E+00  0.00000000E+00  7.87399590E-02  0.00000000E+00  0.00000000E+00 -3.40837120E-02
    1.561000      1   0.00000000E+00  0.00000000E+00  2.61251495E-03  0.00000000E+00  0.00000000E+00  0.00000000E+00  0.00000000E+00  0.00000000E+00  7.87058700E-02  0.00000000E+00  0.00000000E+00 -3.40889686E-02
    1.562000      1   0.00000000E+00  0.00000000E+00  2.59435191E-03  0.00000000E+00  0.00000000E+00  0.00000000E+00  0.00000000E+00  0.00000000E+00  7.86717861E-02  0.00000000E+00  0.00000000E+00 -3.40839440E-02
    1.563000      1   0.00000000E+00  0.00000000E+00  2.60385390E-03  0.00000000E+00  0.00000000E+00  0.00000000E+00  0.00000000E+00  0.00000000E+00  7.86377050E-02  0.00000000E+00  0.00000000E+00 -3.40810122E-02
    1.564000      1   0.00000000E+00  0.00000000E+00  2.61645621E-03  0.00000000E+00  0.00000000E+00  0.00000000E+00  0.00000000E+00  0.00000000E+00  7.86036227E-02  0.00000000E+00  0.00000000E+00 -3.40823650E-02
    1.565000      1   0.00000000E+00  0.00000000E+00  2.61642039E-03  0.00000000E+00  0.00000000E+00  0.00000000E+00  0.00000000E+00  0.00000000E+00  7.85695443E-02  0.00000000E+00  0.00000000E+00 -3.40783687E-02
    1.566000      1   0.00000000E+00  0.00000000E+00  2.56744356E-03  0.00000000E+00  0.00000000E+00  0.00000000E+00  0.00000000E+00  0.00000000E+00  7.85354741E-02  0.00000000E+00  0.00000000E+00 -3.40702399E-02
    1.567000      1   0.00000000E+00  0.00000000E+00  2.59773261E-03  0.00000000E+00  0.00000000E+00  0.00000000E+00  0.00000000E+00  0.00000000E+00  7.85014033E-02  0.00000000E+00  0.00000000E+00 -3.40707839E-02
    1.568000      1   0.00000000E+00  0.00000000E+00  2.58897427E-03  0.00000000E+00  0.00000000E+00  0.00000000E+00  0.00000000E+00  0.00000000E+00  7.84673212E-02  0.00000000E+00  0.00000000E+00 -3.40820563E-02
    1.569000      1   0.00000000E+00  0.00000000E+00  2.60736107E-03  0.00000000E+00  0.00000000E+00  0.00000000E+00  0.00000000E+00  0.00000000E+00  7.84332363E-02  0.00000000E+00  0.00000000E+00 -3.40849301E-02
    1.570000      1   0.00000000E+00  0.00000000E+00  2.59575337E-03  0.00000000E+00  0.00000000E+00  0.00000000E+00  0.00000000E+00  0.00000000E+00  7.83991489E-02  0.00000000E+00  0.00000000E+00 -3.40874289E-02
    1.571000      1   0.00000000E+00  0.00000000E+00  2.60934978E-03  0.00000000E+00  0.00000000E+00  0.00000000E+00  0.00000000E+00  0.00000000E+00  7.83650629E-02  0.00000000E+00  0.00000000E+00 -3.40859418E-02
    1.572000      1   0.00000000E+00  0.00000000E+00  2.61666129E-03  0.00000000E+00  0.00000000E+00  0.00000000E+00  0.00000000E+00  0.00000000E+00  7.83309771E-02  0.00000000E+00  0.00000000E+00 -3.40858625E-02
    1.573000      1   0.00000000E+00  0.00000000E+00  2.61711295E-03  0.00000000E+00  0.00000000E+00  0.00000000E+00  0.00000000E+00  0.00000000E+00  7.82968970E-02  0.00000000E+00  0.00000000E+00 -3.40800250E-02
    1.574000      1   0.00000000E+00  0.00000000E+00  2.57649921E-03  0.00000000E+00  0.00000000E+00  0.00000000E+00  0.00000000E+00  0.00000000E+00  7.82628253E-02  0.00000000E+00  0.00000000E+00 -3.40717063E-02
    1.575000      1   0.00000000E+00  0.00000000E+00  2.57834543E-03  0.00000000E+00  0.00000000E+00  0.00000000E+00  0.00000000E+00  0.00000000E+00  7.82287549E-02  0.00000000E+00  0.00000000E+00 -3.40704215E-02
    1.576000      1   0.00000000E+00  0.00000000E+00  2.59214105E-03  0.00000000E+00  0.00000000E+00  0.00000000E+00  0.00000000E+00  0.00000000E+00  7.81946728E-02  0.00000000E+00  0.00000000E+00 -3.40821483E-02
    1.577000      1   0.00000000E+00  0.00000000E+00  2.61410720E-03  0.00000000E+00  0.00000000E+00  0.00000000E+00  0.00000000E+00  0.00000000E+00  7.81605819E-02  0.00000000E+00  0.00000000E+00 -3.40908292E-02
    1.578000      1   0.00000000E+00  0.00000000E+00  2.59682555E-03  0.00000000E+00  0.00000000E+00  0.00000000E+00  0.00000000E+00  0.00000000E+00  7.81264908E-02  0.00000000E+00  0.00000000E+00 -3.40910949E-02
    1.579000      1   0.00000000E+00  0.00000000E+00  2.61337043E-03  0.00000000E+00  0.00000000E+00  0.00000000E+00  0.00000000E+00  0.00000000E+00  7.80924036E-02  0.00000000E+00  0.00000000E+00 -3.40872027E-02
    1.580000      1   0.00000000E+00  0.00000000E+00  2.59796816E-03  0.00000000E+00  0.00000000E+00  0.00000000E+00  0.00000000E+00  0.00000000E+00  7.80583176E-02  0.00000000E+00  0.00000000E+00 -3.40860603E-02
    1.581000      1   0.00000000E+00  0.00000000E+00  2.62386841E-03  0.00000000E+00  0.00000000E+00  0.00000000E+00  0.00000000E+00  0.00000000E+00  7.80242354E-02  0.00000000E+00  0.00000000E+00 -3.40822080E-02
    1.582000      1   0.00000000E+00  0.00000000E+00  2.58064905E-03  0.00000000E+00  0.00000000E+00  0.00000000E+00  0.00000000E+00  0.00000000E+00  7.79901565E-02  0.00000000E+00  0.00000000E+00 -3.40788338E-02
    1.583000      1   0.00000000E+00  0.00000000E+00  2.58829457E-03  0.00000000E+00  0.00000000E+00  0.00000000E+00  0.00000000E+00  0.00000000E+00  7.79560819E-02  0.00000000E+00  0.00000000E+00 -3.40745965E-02
    1.584000      1   0.00000000E+00  0.00000000E+00  2.59311278E-03  0.00000000E+00  0.00000000E+00  0.00000000E+00  0.00000000E+00  0.00000000E+00  7.79219987E-02  0.00000000E+00  0.00000000E+00 -3.40832011E-02
    1.585000      1   0.00000000E+00  0.00000000E+00  2.60518140E-03  0.00000000E+00  0.00000000E+00  0.00000000E+00  0.00000000E+00  0.00000000E+00  7.78879103E-02  0.00000000E+00  0.00000000E+00 -3.40884427E-02
    1.586000      1   0.00000000E+00  0.00000000E+00  2.58892601E-03  0.00000000E+00  0.00000000E+00  0.00000000E+00  0.00000000E+00  0.00000000E+00  7.78538203E-02  0.00000000E+00  0.00000000E+00 -3.40899677E-02
    1.587000      1   0.00000000E+00  0.00000000E+00  2.61870690E-03  0.00000000E+00  0.00000000E+00  0.00000000E+00  0.00000000E+00  0.00000000E+00  7.78197299E-02  0.00000000E+00  0.00000000E+00 -3.40904038E-02
    1.588000      1   0.00000000E+00  0.00000000E+00  2.61169327E-03  0.00000000E+00  0.00000000E+00  0.00000000E+00  0.00000000E+00  0.00000000E+00  7.77856390E-02  0.00000000E+00  0.00000000E+00 -3.40909120E-02
    1.589000      1   0.00000000E+00  0.00000000E+00  2.61710880E-03  0.00000000E+00  0.00000000E+00  0.00000000E+00  0.00000000E+00  0.00000000E+00  7.77515561E-02  0.00000000E+00  0.00000000E+00 -3.40828800E-02
    1.590000      1   0.00000000E+00  0.00000000E+00  2.58028009E-03  0.00000000E+00  0.00000000E+00  0.00000000E+00  0.00000000E+00  0.00000000E+00  7.77174799E-02  0.00000000E+00  0.00000000E+00 -3.40761937E-02
    1.591000      1   0.00000000E+00  0.00000000E+00  2.58935720E-03  0.00000000E+00  0.00000000E+00  0.00000000E+00  0.00000000E+00  0.00000000E+00  7.76834057E-02  0.00000000E+00  0.00000000E+00 -3.40742416E-02
    1.592000      1   0.00000000E+00  0.00000000E+00  2.58236150E-03  0.00000000E+00  0.00000000E+00  0.00000000E+00  0.00000000E+00  0.00000000E+00  7.76493229E-02  0.00000000E+00  0.00000000E+00 -3.40827794E-02
    1.593000      1   0.00000000E+00  0.00000000E+00  2.62119192E-03  0.00000000E+00  0.00000000E+00  0.00000000E+00  0.00000000E+00  0.00000000E+00  7.76152333E-02  0.00000000E+00  0.00000000E+00 -3.40895733E-02
    1.594000      1   0.00000000E+00  0.00000000E+00  2.57855857E-03  0.00000000E+00  0.00000000E+00  0.00000000E+00  0.00000000E+00  0.00000000E+00  7.75811415E-02  0.00000000E+00  0.00000000E+00 -3.40917979E-02
    1.595000      1   0.00000000E+00  0.00000000E+00  2.61634629E-03  0.00000000E+00  0.00000000E+00  0.00000000E+00  0.00000000E+00  0.00000000E+00  7.75470527E-02  0.00000000E+00  0.00000000E+00 -3.40888093E-02
    1.596000      1   0.00000000E+00  0.00000000E+00  2.60974270E-03  0.00000000E+00  0.00000000E+00  0.00000000E+00  0.00000000E+00  0.00000000E+00  7.75129596E-02  0.00000000E+00  0.00000000E+00 -3.40931397E-02
    1.597000      1   0.00000000E+00  0.00000000E+00  2.62714526E-03  0.00000000E+00  0.00000000E+00  0.00000000E+00  0.00000000E+00  0.00000000E+00  7.74788734E-02  0.00000000E+00  0.00000000E+00 -3.40862279E-02
    1.598000      1   0.00000000E+00  0.00000000E+00  2.58209999E-03  0.00000000E+00  0.00000000E+00  0.00000000E+00  0.00000000E+00  0.00000000E+00  7.74447950E-02  0.00000000E+00  0.00000000E+00 -3.40784074E-02
    1.599000      1   0.00000000E+00  0.00000000E+00  2.58345420E-03  0.00000000E+00  0.00000000E+00  0.00000000E+00  0.00000000E+00  0.00000000E+00  7.74107221E-02  0.00000000E+00  0.00000000E+00 -3.40728373E-02
    1.600000      1   0.00000000E+00  0.00000000E+00  2.59850959E-03  0.00000000E+00  0.00000000E+00  0.00000000E+00  0.00000000E+00  0.00000000E+00  7.73766403E-02  0.00000000E+00  0.00000000E+00 -3.40818213E-02
    1.601000      1   0.00000000E+00  0.00000000E+00  2.59675919E-03  0.00000000E+00  0.00000000E+00  0.00000000E+00  0.00000000E+00  0.00000000E+00  7.73425526E-02  0.00000000E+00  0.00000000E+00 -3.40876982E-02
    1.602000      1   0.00000000E+00  0.00000000E+00  2.59780307E-03  0.00000000E+00  0.00000000E+00  0.00000000E+00  0.00000000E+00  0.00000000E+00  7.73084637E-02  0.00000000E+00  0.00000000E+00 -3.40889402E-02
    1.603000      1   0.00000000E+00  0.00000000E+00  2.60325413E-03  0.00000000E+00  0.00000000E+00  0.00000000E+00  0.00000000E+00  0.00000000E+00  7.72743731E-02  0.00000000E+00  0.00000000E+00 -3.40905725E-02
    1.604000      1   0.00000000E+00  0.00000000E+00  2.62024369E-03  0.00000000E+00  0.00000000E+00  0.00000000E+00  0.00000000E+00  0.00000000E+00  7.72402822E-02  0.00000000E+00  0.00000000E+00 -3.40908980E-02
    1.605000      1   0.00000000E+00  0.00000000E+00  2.61971524E-03  0.00000000E+00  0.00000000E+00  0.00000000E+00  0.00000000E+00  0.00000000E+00  7.72061958E-02  0.00000000E+00  0.00000000E+00 -3.40864289E-02
    1.606000      1   0.00000000E+00  0.00000000E+00  2.59787770E-03  0.00000000E+00  0.00000000E+00  0.00000000E+00  0.00000000E+00  0.00000000E+00  7.71721193E-02  0.00000000E+00  0.00000000E+00 -3.40764735E-02
    1.607000      1   0.00000000E+00  0.00000000E+00  2.57455457E-03  0.00000000E+00  0.00000000E+00  0.00000000E+00  0.00000000E+00  0.00000000E+00  7.71380487E-02  0.00000000E+00  0.00000000E+00 -3.40705535E-02
    1.608000      1   0.00000000E+00  0.00000000E+00  2.58244687E-03  0.00000000E+00  0.00000000E+00  0.00000000E+00  0.00000000E+00  0.00000000E+00  7.71039728E-02  0.00000000E+00  0.00000000E+00 -3.40759297E-02
    1.609000      1   0.00000000E+00  0.00000000E+00  2.61108442E-03  0.00000000E+00  0.00000000E+00  0.00000000E+00  0.00000000E+00  0.00000000E+00  7.70698852E-02  0.00000000E+00  0.00000000E+00 -3.40875699E-02
    1.610000      1   0.00000000E+00  0.00000000E+00  2.60458809E-03  0.00000000E+00  0.00000000E+00  0.00000000E+00  0.00000000E+00  0.00000000E+00  7.70357937E-02  0.00000000E+00  0.00000000E+00 -3.40915538E-02
    1.611000      1   0.00000000E+00  0.00000000E+00  2.60300614E-03  0.00000000E+00  0.00000000E+00  0.00000000E+00  0.00000000E+00  0.00000000E+00  7.70017064E-02  0.00000000E+00  0.00000000E+00 -3.40872816E-02
    1.612000      1   0.00000000E+00  0.00000000E+00  2.59885847E-03  0.00000000E+00  0.00000000E+00  0.00000000E+00  0.00000000E+00  0.00000000E+00  7.69676210E-02  0.00000000E+00  0.00000000E+00 -3.40854227E-02
    1.613000      1   0.00000000E+00  0.00000000E+00  2.62386133E-03  0.00000000E+00  0.00000000E+00  0.00000000E+00  0.00000000E+00  0.00000000E+00  7.69335362E-02  0.00000000E+00  0.00000000E+00 -3.40848167E-02
    1.614000      1   0.00000000E+00  0.00000000E+00  2.60961288E-03  0.00000000E+00  0.00000000E+00  0.00000000E+00  0.00000000E+00  0.00000000E+00  7.68994550E-02  0.00000000E+00  0.00000000E+00 -3.40811514E-02
    1.615000      1   0.00000000E+00  0.00000000E+00  2.56799958E-03  0.00000000E+00  0.00000000E+00  0.00000000E+00  0.00000000E+00  0.00000000E+00  7.68653832E-02  0.00000000E+00  0.00000000E+00 -3.40717945E-02
    1.616000      1   0.00000000E+00  0.00000000E+00  2.60172410E-03  0.00000000E+00  0.00000000E+00  0.00000000E+00  0.00000000E+00  0.00000000E+00  7.68313087E-02  0.00000000E+00  0.00000000E+00 -3.40744759E-02
    1.617000      1   0.00000000E+00  0.00000000E+00  2.57937091E-03  0.00000000E+00  0.00000000E+00  0.00000000E+00  0.00000000E+00  0.00000000E+00  7.67972239E-02  0.00000000E+00  0.00000000E+00 -3.40848598E-02
    1.618000      1   0.00000000E+00  0.00000000E+00  2.61885416E-03  0.00000000E+00  0.00000000E+00  0.00000000E+00  0.00000000E+00  0.00000000E+00  7.67631358E-02  0.00000000E+00  0.00000000E+00 -3.40881211E-02
    1.619000      1   0.00000000E+00  0.00000000E+00  2.59469078E-03  0.00000000E+00  0.00000000E+00  0.00000000E+00  0.00000000E+00  0.00000000E+00  7.67290440E-02  0.00000000E+00  0.00000000E+00 -3.40917413E-02
    1.620000      1   0.00000000E+00  0.00000000E+00  2.61180385E-03  0.00000000E+00  0.00000000E+00  0.00000000E+00  0.00000000E+00  0.00000000E+00  7.66949574E-02  0.00000000E+00  0.00000000E+00 -3.40866676E-02
    1.621000      1   0.00000000E+00  0.00000000E+00  2.60341042E-03  0.00000000E+00  0.00000000E+00  0.00000000E+00  0.00000000E+00  0.00000000E+00  7.66608709E-02  0.00000000E+00  0.00000000E+00 -3.40865033E-02
    1.622000      1   0.00000000E+00  0.00000000E+00  2.62743790E-03  0.00000000E+00  0.00000000E+00  0.00000000E+00  0.00000000E+00  0.00000000E+00  7.66267886E-02  0.00000000E+00  0.00000000E+00 -3.40822031E-02
    1.623000      1   0.00000000E+00  0.00000000E+00  2.57356295E-03  0.00000000E+00  0.00000000E+00  0.00000000E+00  0.00000000E+00  0.00000000E+00  7.65927122E-02  0.00000000E+00  0.00000000E+00 -3.40764104E-02
    1.624000      1   0.00000000E+00  0.00000000E+00  2.57610623E-03  0.00000000E+00  0.00000000E+00  0.00000000E+00  0.00000000E+00  0.00000000E+00  7.65586400E-02  0.00000000E+00  0.00000000E+00 -3.40722539E-02
    1.625000      1   0.00000000E+00  0.00000000E+00  2.59875372E-03  0.00000000E+00  0.00000000E+00  0.00000000E+00  0.00000000E+00  0.00000000E+00  7.65245546E-02  0.00000000E+00  0.00000000E+00 -3.40853410E-02
    1.626000      1   0.00000000E+00  0.00000000E+00  2.61279949E-03  0.00000000E+00  0.00000000E+00  0.00000000E+00  0.00000000E+00  0.00000000E+00  7.64904611E-02  0.00000000E+00  0.00000000E+00 -3.40935879E-02
    1.627000      1   0.00000000E+00  0.00000000E+00  2.60292201E-03  0.00000000E+00  0.00000000E+00  0.00000000E+00  0.00000000E+00  0.00000000E+00  7.64563691E-02  0.00000000E+00  0.00000000E+00 -3.40919132E-02
    1.628000      1   0.00000000E+00  0.00000000E+00  2.59371137E-03  0.00000000E+00  0.00000000E+00  0.00000000E+00  0.00000000E+00  0.00000000E+00  7.64222818E-02  0.00000000E+00  0.00000000E+00 -3.40873724E-02
    1.629000      1   0.00000000E+00  0.00000000E+00  2.61936496E-03  0.00000000E+00  0.00000000E+00  0.00000000E+00  0.00000000E+00  0.00000000E+00  7.63881941E-02  0.00000000E+00  0.00000000E+00 -3.40877043E-02
    1.630000      1   0.00000000E+00  0.00000000E+00  2.61631188E-03  0.00000000E+00  0.00000000E+00  0.00000000E+00  0.00000000E+00  0.00000000E+00  7.63541075E-02  0.00000000E+00  0.00000000E+00 -3.40865245E-02
    1.631000      1   0.00000000E+00  0.00000000E+00  2.57900284E-03  0.00000000E+00  0.00000000E+00  0.00000000E+00  0.00000000E+00  0.00000000E+00  7.63200301E-02  0.00000000E+00  0.00000000E+00 -3.40774596E-02
    1.632000      1   0.00000000E+00  0.00000000E+00  2.58440823E-03  0.00000000E+00  0.00000000E+00  0.00000000E+00  0.00000000E+00  0.00000000E+00  7.62859541E-02  0.00000000E+00  0.00000000E+00 -3.40759951E-02
    1.633000      1   0.00000000E+00  0.00000000E+00  2.59424804E-03  0.00000000E+00  0.00000000E+00  0.00000000E+00  0.00000000E+00  0.00000000E+00  7.62518683E-02  0.00000000E+00  0.00000000E+00 -3.40858276E-02
    1.634000      1   0.00000000E+00  0.00000000E+00  2.60636119E-03  0.00000000E+00  0.00000000E+00  0.00000000E+00  0.00000000E+00  0.00000000E+00  7.62177761E-02  0.00000000E+00  0.00000000E+00 -3.40921447E-02
    1.635000      1   0.00000000E+00  0.00000000E+00  2.59196758E-03  0.00000000E+00  0.00000000E+00  0.00000000E+00  0.00000000E+00  0.00000000E+00  7.61836830E-02  0.00000000E+00  0.00000000E+00 -3.40930883E-02
    1.636000      1   0.00000000E+00  0.00000000E+00  2.62471919E-03  0.00000000E+00  0.00000000E+00  0.00000000E+00  0.00000000E+00  0.00000000E+00  7.61495904E-02  0.00000000E+00  0.00000000E+00 -3.40925991E-02
    1.637000      1   0.00000000E+00  0.00000000E+00  2.59825441E-03  0.00000000E+00  0.00000000E+00  0.00000000E+00  0.00000000E+00  0.00000000E+00  7.61154994E-02  0.00000000E+00  0.00000000E+00 -3.40910452E-02
    1.638000      1   0.00000000E+00  0.00000000E+00  2.62622183E-03  0.00000000E+00  0.00000000E+00  0.00000000E+00  0.00000000E+00  0.00000000E+00  7.60814160E-02  0.00000000E+00  0.00000000E+00 -3.40834151E-02
    1.639000      1   0.00000000E+00  0.00000000E+00  2.57306294E-03  0.00000000E+00  0.00000000E+00  0.00000000E+00  0.00000000E+00  0.00000000E+00  7.60473364E-02  0.00000000E+00  0.00000000E+00 -3.40795308E-02
    1.640000      1   0.00000000E+00  0.00000000E+00  2.59029010E-03  0.00000000E+00  0.00000000E+00  0.00000000E+00  0.00000000E+00  0.00000000E+00  7.60132606E-02  0.00000000E+00  0.00000000E+00 -3.40758621E-02
    1.641000      1   0.00000000E+00  0.00000000E+00  2.58512451E-03  0.00000000E+00  0.00000000E+00  0.00000000E+00  0.00000000E+00  0.00000000E+00  7.59791740E-02  0.00000000E+00  0.00000000E+00 -3.40866052E-02
    1.642000      1   0.00000000E+00  0.00000000E+00  2.61972135E-03  0.00000000E+00  0.00000000E+00  0.00000000E+00  0.00000000E+00  0.00000000E+00  7.59450814E-02  0.00000000E+00  0.00000000E+00 -3.40926041E-02
    1.643000      1   0.00000000E+00  0.00000000E+00  2.58095568E-03  0.00000000E+00  0.00000000E+00  0.00000000E+00  0.00000000E+00  0.00000000E+00  7.59109872E-02  0.00000000E+00  0.00000000E+00 -3.40941813E-02
    1.644000      1   0.00000000E+00  0.00000000E+00  2.61783337E-03  0.00000000E+00  0.00000000E+00  0.00000000E+00  0.00000000E+00  0.00000000E+00  7.58768959E-02  0.00000000E+00  0.00000000E+00 -3.40912518E-02
    1.645000      1   0.00000000E+00  0.00000000E+00  2.60718735E-03  0.00000000E+00  0.00000000E+00  0.00000000E+00  0.00000000E+00  0.00000000E+00  7.58428014E-02  0.00000000E+00  0.00000000E+00 -3.40945320E-02
    1.646000      1   0.00000000E+00  0.00000000E+00  2.62204522E-03  0.00000000E+00  0.00000000E+00  0.00000000E+00  0.00000000E+00  0.00000000E+00  7.58087138E-02  0.00000000E+00  0.00000000E+00 -3.40875837E-02
    1.647000      1   0.00000000E+00  0.00000000E+00  2.58280943E-03  0.00000000E+00  0.00000000E+00  0.00000000E+00  0.00000000E+00  0.00000000E+00  7.57746323E-02  0.00000000E+00  0.00000000E+00 -3.40815042E-02
    1.648000      1   0.00000000E+00  0.00000000E+00  2.58323731E-03  0.00000000E+00  0.00000000E+00  0.00000000E+00  0.00000000E+00  0.00000000E+00  7.57405548E-02  0.00000000E+00  0.00000000E+00 -3.40774837E-02
    1.649000      1   0.00000000E+00  0.00000000E+00  2.60276078E-03  0.00000000E+00  0.00000000E+00  0.00000000E+00  0.00000000E+00  0.00000000E+00  7.57064686E-02  0.00000000E+00  0.00000000E+00 -3.40862730E-02
    1.650000      1   0.00000000E+00  0.00000000E+00  2.59904896E-03  0.00000000E+00  0.00000000E+00  0.00000000E+00  0.00000000E+00  0.00000000E+00  7.56723771E-02  0.00000000E+00  0.00000000E+00 -3.40914694E-02
    1.651000      1   0.00000000E+00  0.00000000E+00  2.58884319E-03  0.00000000E+00  0.00000000E+00  0.00000000E+00  0.00000000E+00  0.00000000E+00  7.56382862E-02  0.00000000E+00  0.00000000E+00 -3.40909103E-02
    1.652000      1   0.00000000E+00  0.00000000E+00  2.60889296E-03  0.00000000E+00  0.00000000E+00  0.00000000E+00  0.00000000E+00  0.00000000E+00  7.56041928E-02  0.00000000E+00  0.00000000E+00 -3.40933750E-02
    1.653000      1   0.00000000E+00  0.00000000E+00  2.62571113E-03  0.00000000E+00  0.00000000E+00  0.00000000E+00  0.00000000E+00  0.00000000E+00  7.55700972E-02  0.00000000E+00  0.00000000E+00 -3.40956459E-02
    1.654000      1   0.00000000E+00  0.00000000E+00  2.61291502E-03  0.00000000E+00  0.00000000E+00  0.00000000E+00  0.00000000E+00  0.00000000E+00  7.55360088E-02  0.00000000E+00  0.00000000E+00 -3.40883581E-02
    1.655000      1   0.00000000E+00  0.00000000E+00  2.59433015E-03  0.00000000E+00  0.00000000E+00  0.00000000E+00  0.00000000E+00  0.00000000E+00  7.55019310E-02  0.00000000E+00  0.00000000E+00 -3.40778097E-02
    1.656000      1   0.00000000E+00  0.00000000E+00  2.57651585E-03  0.00000000E+00  0.00000000E+00  0.00000000E+00  0.00000000E+00  0.00000000E+00  7.54678562E-02  0.00000000E+00  0.00000000E+00 -3.40747503E-02
    1.657000      1   0.00000000E+00  0.00000000E+00  2.58803243E-03  0.00000000E+00  0.00000000E+00  0.00000000E+00  0.00000000E+00  0.00000000E+00  7.54337753E-02  0.00000000E+00  0.00000000E+00 -3.40809447E-02
    1.658000      1   0.00000000E+00  0.00000000E+00  2.60960968E-03  0.00000000E+00  0.00000000E+00  0.00000000E+00  0.00000000E+00  0.00000000E+00  7.53996843E-02  0.00000000E+00  0.00000000E+00 -3.40909530E-02
    1.659000      1   0.00000000E+00  0.00000000E+00  2.59571157E-03  0.00000000E+00  0.00000000E+00  0.00000000E+00  0.00000000E+00  0.00000000E+00  7.53655910E-02  0.00000000E+00  0.00000000E+00 -3.40933634E-02
    1.660000      1   0.00000000E+00  0.00000000E+00  2.60692505E-03  0.00000000E+00  0.00000000E+00  0.00000000E+00  0.00000000E+00  0.00000000E+00  7.53314998E-02  0.00000000E+00  0.00000000E+00 -3.40911453E-02
    1.661000      1   0.00000000E+00  0.00000000E+00  2.60628063E-03  0.00000000E+00  0.00000000E+00  0.00000000E+00  0.00000000E+00  0.00000000E+00  7.52974083E-02  0.00000000E+00  0.00000000E+00 -3.40915085E-02
    1.662000      1   0.00000000E+00  0.00000000E+00  2.62800754E-03  0.00000000E+00  0.00000000E+00  0.00000000E+00  0.00000000E+00  0.00000000E+00  7.52633200E-02  0.00000000E+00  0.00000000E+00 -3.40883030E-02
    1.663000      1   0.00000000E+00  0.00000000E+00  2.59172511E-03  0.00000000E+00  0.00000000E+00  0.00000000E+00  0.00000000E+00  0.00000000E+00  7.52292386E-02  0.00000000E+00  0.00000000E+00 -3.40814669E-02
    1.664000      1   0.00000000E+00  0.00000000E+00  2.57952479E-03  0.00000000E+00  0.00000000E+00  0.00000000E+00  0.00000000E+00  0.00000000E+00  7.51951646E-02  0.00000000E+00  0.00000000E+00 -3.40739116E-02
    1.665000      1   0.00000000E+00  0.00000000E+00  2.59737524E-03  0.00000000E+00  0.00000000E+00  0.00000000E+00  0.00000000E+00  0.00000000E+00  7.51610842E-02  0.00000000E+00  0.00000000E+00 -3.40804294E-02
    1.666000      1   0.00000000E+00  0.00000000E+00  2.59113742E-03  0.00000000E+00  0.00000000E+00  0.00000000E+00  0.00000000E+00  0.00000000E+00  7.51269964E-02  0.00000000E+00  0.00000000E+00 -3.40877974E-02
    1.667000      1   0.00000000E+00  0.00000000E+00  2.60498955E-03  0.00000000E+00  0.00000000E+00  0.00000000E+00  0.00000000E+00  0.00000000E+00  7.50929060E-02  0.00000000E+00  0.00000000E+00 -3.40904061E-02
    1.668000      1   0.00000000E+00  0.00000000E+00  2.60377218E-03  0.00000000E+00  0.00000000E+00  0.00000000E+00  0.00000000E+00  0.00000000E+00  7.50588134E-02  0.00000000E+00  0.00000000E+00 -3.40926138E-02
    1.669000      1   0.00000000E+00  0.00000000E+00  2.61002325E-03  0.00000000E+00  0.00000000E+00  0.00000000E+00  0.00000000E+00  0.00000000E+00  7.50247229E-02  0.00000000E+00  0.00000000E+00 -3.40904875E-02
    1.670000      1   0.00000000E+00  0.00000000E+00  2.61430259E-03  0.00000000E+00  0.00000000E+00  0.00000000E+00  0.00000000E+00  0.00000000E+00  7.49906352E-02  0.00000000E+00  0.00000000E+00 -3.40876556E-02
    1.671000      1   0.00000000E+00  0.00000000E+00  2.61631708E-03  0.00000000E+00  0.00000000E+00  0.00000000E+00  0.00000000E+00  0.00000000E+00  7.49565532E-02  0.00000000E+00  0.00000000E+00 -3.40820140E-02
    1.672000      1   0.00000000E+00  0.00000000E+00  2.57058386E-03  0.00000000E+00  0.00000000E+00  0.00000000E+00  0.00000000E+00  0.00000000E+00  7.49224786E-02  0.00000000E+00  0.00000000E+00 -3.40746108E-02
    1.673000      1   0.00000000E+00  0.00000000E+00  2.57829294E-03  0.00000000E+00  0.00000000E+00  0.00000000E+00  0.00000000E+00  0.00000000E+00  7.48884040E-02  0.00000000E+00  0.00000000E+00 -3.40746334E-02
    1.674000      1   0.00000000E+00  0.00000000E+00  2.60051092E-03  0.00000000E+00  0.00000000E+00  0.00000000E+00  0.00000000E+00  0.00000000E+00  7.48543157E-02  0.00000000E+00  0.00000000E+00 -3.40883121E-02
    1.675000      1   0.00000000E+00  0.00000000E+00  2.61793536E-03  0.00000000E+00  0.00000000E+00  0.00000000E+00  0.00000000E+00  0.00000000E+00  7.48202201E-02  0.00000000E+00  0.00000000E+00 -3.40955302E-02
    1.676000      1   0.00000000E+00  0.00000000E+00  2.59793248E-03  0.00000000E+00  0.00000000E+00  0.00000000E+00  0.00000000E+00  0.00000000E+00  7.47861278E-02  0.00000000E+00  0.00000000E+00 -3.40923701E-02
    1.677000      1   0.00000000E+00  0.00000000E+00  2.59483286E-03  0.00000000E+00  0.00000000E+00  0.00000000E+00  0.00000000E+00  0.00000000E+00  7.47520408E-02  0.00000000E+00  0.00000000E+00 -3.40870250E-02
    1.678000      1   0.00000000E+00  0.00000000E+00  2.61561617E-03  0.00000000E+00  0.00000000E+00  0.00000000E+00  0.00000000E+00  0.00000000E+00  7.47179520E-02  0.00000000E+00  0.00000000E+00 -3.40887971E-02
    1.679000      1   0.00000000E+00  0.00000000E+00  2.62316212E-03  0.00000000E+00  0.00000000E+00  0.00000000E+00  0.00000000E+00  0.00000000E+00  7.46838640E-02  0.00000000E+00  0.00000000E+00 -3.40879120E-02
    1.680000      1   0.00000000E+00  0.00000000E+00  2.57023596E-03  0.00000000E+00  0.00000000E+00  0.00000000E+00  0.00000000E+00  0.00000000E+00  7.46497852E-02  0.00000000E+00  0.00000000E+00 -3.40788669E-02
    1.681000      1   0.00000000E+00  0.00000000E+00  2.59336937E-03  0.00000000E+00  0.00000000E+00  0.00000000E+00  0.00000000E+00  0.00000000E+00  7.46157085E-02  0.00000000E+00  0.00000000E+00 -3.40767030E-02
    1.682000      1   0.00000000E+00  0.00000000E+00  2.58690546E-03  0.00000000E+00  0.00000000E+00  0.00000000E+00  0.00000000E+00  0.00000000E+00  7.45816206E-02  0.00000000E+00  0.00000000E+00 -3.40878299E-02
    1.683000      1   0.00000000E+00  0.00000000E+00  2.60647554E-03  0.00000000E+00  0.00000000E+00  0.00000000E+00  0.00000000E+00  0.00000000E+00  7.45475281E-02  0.00000000E+00  0.00000000E+00 -3.40925026E-02
    1.684000      1   0.00000000E+00  0.00000000E+00  2.59925880E-03  0.00000000E+00  0.00000000E+00  0.00000000E+00  0.00000000E+00  0.00000000E+00  7.45134323E-02  0.00000000E+00  0.00000000E+00 -3.40958374E-02
    1.685000      1   0.00000000E+00  0.00000000E+00  2.61422807E-03  0.00000000E+00  0.00000000E+00  0.00000000E+00  0.00000000E+00  0.00000000E+00  7.44793383E-02  0.00000000E+00  0.00000000E+00 -3.40940212E-02
    1.686000      1   0.00000000E+00  0.00000000E+00  2.60971631E-03  0.00000000E+00  0.00000000E+00  0.00000000E+00  0.00000000E+00  0.00000000E+00  7.44452464E-02  0.00000000E+00  0.00000000E+00 -3.40919280E-02
    1.687000      1   0.00000000E+00  0.00000000E+00  2.61561866E-03  0.00000000E+00  0.00000000E+00  0.00000000E+00  0.00000000E+00  0.00000000E+00  7.44111606E-02  0.00000000E+00  0.00000000E+00 -3.40857165E-02
    1.688000      1   0.00000000E+00  0.00000000E+00  2.57891865E-03  0.00000000E+00  0.00000000E+00  0.00000000E+00  0.00000000E+00  0.00000000E+00  7.43770807E-02  0.00000000E+00  0.00000000E+00 -3.40799430E-02
    1.689000      1   0.00000000E+00  0.00000000E+00  2.58383719E-03  0.00000000E+00  0.00000000E+00  0.00000000E+00  0.00000000E+00  0.00000000E+00  7.43430020E-02  0.00000000E+00  0.00000000E+00 -3.40787210E-02
    1.690000      1   0.00000000E+00  0.00000000E+00  2.58598302E-03  0.00000000E+00  0.00000000E+00  0.00000000E+00  0.00000000E+00  0.00000000E+00  7.43089133E-02  0.00000000E+00  0.00000000E+00 -3.40886821E-02
    1.691000      1   0.00000000E+00  0.00000000E+00  2.62166943E-03  0.00000000E+00  0.00000000E+00  0.00000000E+00  0.00000000E+00  0.00000000E+00  7.42748166E-02  0.00000000E+00  0.00000000E+00 -3.40966484E-02
    1.692000      1   0.00000000E+00  0.00000000E+00  2.59099083E-03  0.00000000E+00  0.00000000E+00  0.00000000E+00  0.00000000E+00  0.00000000E+00  7.42407190E-02  0.00000000E+00  0.00000000E+00 -3.40975992E-02
    1.693000      1   0.00000000E+00  0.00000000E+00  2.61127780E-03  0.00000000E+00  0.00000000E+00  0.00000000E+00  0.00000000E+00  0.00000000E+00  7.42066268E-02  0.00000000E+00  0.00000000E+00 -3.40922552E-02
    1.694000      1   0.00000000E+00  0.00000000E+00  2.60131625E-03  0.00000000E+00  0.00000000E+00  0.00000000E+00  0.00000000E+00  0.00000000E+00  7.41725334E-02  0.00000000E+00  0.00000000E+00 -3.40933991E-02
    1.695000      1   0.00000000E+00  0.00000000E+00  2.62365889E-03  0.00000000E+00  0.00000000E+00  0.00000000E+00  0.00000000E+00  0.00000000E+00  7.41384437E-02  0.00000000E+00  0.00000000E+00 -3.40896420E-02
    1.696000      1   0.00000000E+00  0.00000000E+00  2.58158819E-03  0.00000000E+00  0.00000000E+00  0.00000000E+00  0.00000000E+00  0.00000000E+00  7.41043585E-02  0.00000000E+00  0.00000000E+00 -3.40852053E-02
    1.697000      1   0.00000000E+00  0.00000000E+00  2.58398568E-03  0.00000000E+00  0.00000000E+00  0.00000000E+00  0.00000000E+00  0.00000000E+00  7.40702777E-02  0.00000000E+00  0.00000000E+00 -3.40808707E-02
    1.698000      1   0.00000000E+00  0.00000000E+00  2.60135537E-03  0.00000000E+00  0.00000000E+00  0.00000000E+00  0.00000000E+00  0.00000000E+00  7.40361877E-02  0.00000000E+00  0.00000000E+00 -3.40899288E-02
    1.699000      1   0.00000000E+00  0.00000000E+00  2.60045403E-03  0.00000000E+00  0.00000000E+00  0.00000000E+00  0.00000000E+00  0.00000000E+00  7.40020926E-02  0.00000000E+00  0.00000000E+00 -3.40951279E-02
    1.700000      1   0.00000000E+00  0.00000000E+00  2.58489814E-03  0.00000000E+00  0.00000000E+00  0.00000000E+00  0.00000000E+00  0.00000000E+00  7.39679978E-02  0.00000000E+00  0.00000000E+00 -3.40947820E-02
    1.701000      1   0.00000000E+00  0.00000000E+00  2.61758339E-03  0.00000000E+00  0.00000000E+00  0.00000000E+00  0.00000000E+00  0.00000000E+00  7.39339004E-02  0.00000000E+00  0.00000000E+00 -3.40974829E-02
    1.702000      1   0.00000000E+00  0.00000000E+00  2.62401907E-03  0.00000000E+00  0.00000000E+00  0.00000000E+00  0.00000000E+00  0.00000000E+00  7.38998008E-02  0.00000000E+00  0.00000000E+00 -3.40995126E-02
    1.703000      1   0.00000000E+00  0.00000000E+00  2.61193399E-03  0.00000000E+00  0.00000000E+00  0.00000000E+00  0.00000000E+00  0.00000000E+00  7.38657112E-02  0.00000000E+00  0.00000000E+00 -3.40896699E-02
    1.704000      1   0.00000000E+00  0.00000000E+00  2.58163962E-03  0.00000000E+00  0.00000000E+00  0.00000000E+00  0.00000000E+00  0.00000000E+00  7.38316313E-02  0.00000000E+00  0.00000000E+00 -3.40798507E-02
    1.705000      1   0.00000000E+00  0.00000000E+00  2.58810370E-03  0.00000000E+00  0.00000000E+00  0.00000000E+00  0.00000000E+00  0.00000000E+00  7.37975520E-02  0.00000000E+00  0.00000000E+00 -3.40793576E-02
    1.706000      1   0.00000000E+00  0.00000000E+00  2.58942346E-03  0.00000000E+00  0.00000000E+00  0.00000000E+00  0.00000000E+00  0.00000000E+00  7.37634643E-02  0.00000000E+00  0.00000000E+00 -3.40876706E-02
    1.707000      1   0.00000000E+00  0.00000000E+00  2.61286443E-03  0.00000000E+00  0.00000000E+00  0.00000000E+00  0.00000000E+00  0.00000000E+00  7.37293707E-02  0.00000000E+00  0.00000000E+00 -3.40936273E-02
    1.708000      1   0.00000000E+00  0.00000000E+00  2.58387683E-03  0.00000000E+00  0.00000000E+00  0.00000000E+00  0.00000000E+00  0.00000000E+00  7.36952757E-02  0.00000000E+00  0.00000000E+00 -3.40950053E-02
    1.709000      1   0.00000000E+00  0.00000000E+00  2.61554551E-03  0.00000000E+00  0.00000000E+00  0.00000000E+00  0.00000000E+00  0.00000000E+00  7.36611818E-02  0.00000000E+00  0.00000000E+00 -3.40938111E-02
    1.710000      1   0.00000000E+00  0.00000000E+00  2.60910937E-03  0.00000000E+00  0.00000000E+00  0.00000000E+00  0.00000000E+00  0.00000000E+00  7.36270853E-02  0.00000000E+00  0.00000000E+00 -3.40965366E-02
    1.711000      1   0.00000000E+00  0.00000000E+00  2.62268215E-03  0.00000000E+00  0.00000000E+00  0.00000000E+00  0.00000000E+00  0.00000000E+00  7.35929953E-02  0.00000000E+00  0.00000000E+00 -3.40899998E-02
    1.712000      1   0.00000000E+00  0.00000000E+00  2.59161702E-03  0.00000000E+00  0.00000000E+00  0.00000000E+00  0.00000000E+00  0.00000000E+00  7.35589121E-02  0.00000000E+00  0.00000000E+00 -3.40831765E-02
    1.713000      1   0.00000000E+00  0.00000000E+00  2.57771188E-03  0.00000000E+00  0.00000000E+00  0.00000000E+00  0.00000000E+00  0.00000000E+00  7.35248347E-02  0.00000000E+00  0.00000000E+00 -3.40773892E-02
    1.714000      1   0.00000000E+00  0.00000000E+00  2.60188110E-03  0.00000000E+00  0.00000000E+00  0.00000000E+00  0.00000000E+00  0.00000000E+00  7.34907505E-02  0.00000000E+00  0.00000000E+00 -3.40842631E-02
    1.715000      1   0.00000000E+00  0.00000000E+00  2.59135959E-03  0.00000000E+00  0.00000000E+00  0.00000000E+00  0.00000000E+00  0.00000000E+00  7.34566591E-02  0.00000000E+00  0.00000000E+00 -3.40914296E-02
    1.716000      1   0.00000000E+00  0.00000000E+00  2.60130046E-03  0.00000000E+00  0.00000000E+00  0.00000000E+00  0.00000000E+00  0.00000000E+00  7.34225665E-02  0.00000000E+00  0.00000000E+00 -3.40925193E-02
    1.717000      1   0.00000000E+00  0.00000000E+00  2.60390226E-03  0.00000000E+00  0.00000000E+00  0.00000000E+00  0.00000000E+00  0.00000000E+00  7.33884712E-02  0.00000000E+00  0.00000000E+00 -3.40953064E-02
    1.718000      1   0.00000000E+00  0.00000000E+00  2.61315985E-03  0.00000000E+00  0.00000000E+00  0.00000000E+00  0.00000000E+00  0.00000000E+00  7.33543769E-02  0.00000000E+00  0.00000000E+00 -3.40943686E-02
    1.719000      1   0.00000000E+00  0.00000000E+00  2.62332782E-03  0.00000000E+00  0.00000000E+00  0.00000000E+00  0.00000000E+00  0.00000000E+00  7.33202859E-02  0.00000000E+00  0.00000000E+00 -3.40909394E-02
    1.720000      1   0.00000000E+00  0.00000000E+00  2.60213833E-03  0.00000000E+00  0.00000000E+00  0.00000000E+00  0.00000000E+00  0.00000000E+00  7.32862032E-02  0.00000000E+00  0.00000000E+00 -3.40826716E-02
    1.721000      1   0.00000000E+00  0.00000000E+00  2.57039338E-03  0.00000000E+00  0.00000000E+00  0.00000000E+00  0.00000000E+00  0.00000000E+00  7.32521284E-02  0.00000000E+00  0.00000000E+00 -3.40748117E-02
    1.722000      1   0.00000000E+00  0.00000000E+00  2.58278048E-03  0.00000000E+00  0.00000000E+00  0.00000000E+00  0.00000000E+00  0.00000000E+00  7.32180489E-02  0.00000000E+00  0.00000000E+00 -3.40795245E-02
    1.723000      1   0.00000000E+00  0.00000000E+00  2.60745083E-03  0.00000000E+00  0.00000000E+00  0.00000000E+00  0.00000000E+00  0.00000000E+00  7.31839564E-02  0.00000000E+00  0.00000000E+00 -3.40924723E-02
    1.724000      1   0.00000000E+00  0.00000000E+00  2.61161153E-03  0.00000000E+00  0.00000000E+00  0.00000000E+00  0.00000000E+00  0.00000000E+00  7.31498594E-02  0.00000000E+00  0.00000000E+00 -3.40969893E-02
    1.725000      1   0.00000000E+00  0.00000000E+00  2.59485165E-03  0.00000000E+00  0.00000000E+00  0.00000000E+00  0.00000000E+00  0.00000000E+00  7.31157668E-02  0.00000000E+00  0.00000000E+00 -3.40926684E-02
    1.726000      1   0.00000000E+00  0.00000000E+00  2.60504394E-03  0.00000000E+00  0.00000000E+00  0.00000000E+00  0.00000000E+00  0.00000000E+00  7.30816768E-02  0.00000000E+00  0.00000000E+00 -3.40899449E-02
    1.727000      1   0.00000000E+00  0.00000000E+00  2.61749044E-03  0.00000000E+00  0.00000000E+00  0.00000000E+00  0.00000000E+00  0.00000000E+00  7.30475859E-02  0.00000000E+00  0.00000000E+00 -3.40909231E-02
    1.728000      1   0.00000000E+00  0.00000000E+00  2.61607750E-03  0.00000000E+00  0.00000000E+00  0.00000000E+00  0.00000000E+00  0.00000000E+00  7.30134996E-02  0.00000000E+00  0.00000000E+00 -3.40863531E-02
    1.729000      1   0.00000000E+00  0.00000000E+00  2.56463878E-03  0.00000000E+00  0.00000000E+00  0.00000000E+00  0.00000000E+00  0.00000000E+00  7.29794216E-02  0.00000000E+00  0.00000000E+00 -3.40779453E-02
    1.730000      1   0.00000000E+00  0.00000000E+00  2.60215404E-03  0.00000000E+00  0.00000000E+00  0.00000000E+00  0.00000000E+00  0.00000000E+00  7.29453425E-02  0.00000000E+00  0.00000000E+00 -3.40790978E-02
    1.731000      1   0.00000000E+00  0.00000000E+00  2.58549534E-03  0.00000000E+00  0.00000000E+00  0.00000000E+00  0.00000000E+00  0.00000000E+00  7.29112520E-02  0.00000000E+00  0.00000000E+00 -3.40905095E-02
    1.732000      1   0.00000000E+00  0.00000000E+00  2.60915353E-03  0.00000000E+00  0.00000000E+00  0.00000000E+00  0.00000000E+00  0.00000000E+00  7.28771595E-02  0.00000000E+00  0.00000000E+00 -3.40925465E-02
    1.733000      1   0.00000000E+00  0.00000000E+00  2.59695251E-03  0.00000000E+00  0.00000000E+00  0.00000000E+00  0.00000000E+00  0.00000000E+00  7.28430636E-02  0.00000000E+00  0.00000000E+00 -3.40958708E-02
    1.734000      1   0.00000000E+00  0.00000000E+00  2.61031000E-03  0.00000000E+00  0.00000000E+00  0.00000000E+00  0.00000000E+00  0.00000000E+00  7.28089700E-02  0.00000000E+00  0.00000000E+00 -3.40935830E-02
    1.735000      1   0.00000000E+00  0.00000000E+00  2.60977570E-03  0.00000000E+00  0.00000000E+00  0.00000000E+00  0.00000000E+00  0.00000000E+00  7.27748771E-02  0.00000000E+00  0.00000000E+00 -3.40929401E-02
    1.736000      1   0.00000000E+00  0.00000000E+00  2.62286920E-03  0.00000000E+00  0.00000000E+00  0.00000000E+00  0.00000000E+00  0.00000000E+00  7.27407891E-02  0.00000000E+00  0.00000000E+00 -3.40880048E-02
    1.737000      1   0.00000000E+00  0.00000000E+00  2.57658528E-03  0.00000000E+00  0.00000000E+00  0.00000000E+00  0.00000000E+00  0.00000000E+00  7.27067081E-02  0.00000000E+00  0.00000000E+00 -3.40809296E-02
    1.738000      1   0.00000000E+00  0.00000000E+00  2.57659514E-03  0.00000000E+00  0.00000000E+00  0.00000000E+00  0.00000000E+00  0.00000000E+00  7.26726304E-02  0.00000000E+00  0.00000000E+00 -3.40777391E-02
    1.739000      1   0.00000000E+00  0.00000000E+00  2.59269584E-03  0.00000000E+00  0.00000000E+00  0.00000000E+00  0.00000000E+00  0.00000000E+00  7.26385406E-02  0.00000000E+00  0.00000000E+00 -3.40897472E-02
    1.740000      1   0.00000000E+00  0.00000000E+00  2.61385629E-03  0.00000000E+00  0.00000000E+00  0.00000000E+00  0.00000000E+00  0.00000000E+00  7.26044417E-02  0.00000000E+00  0.00000000E+00 -3.40989048E-02
    1.741000      1   0.00000000E+00  0.00000000E+00  2.60137447E-03  0.00000000E+00  0.00000000E+00  0.00000000E+00  0.00000000E+00  0.00000000E+00  7.25703427E-02  0.00000000E+00  0.00000000E+00 -3.40990327E-02
    1.742000      1   0.00000000E+00  0.00000000E+00  2.60617976E-03  0.00000000E+00  0.00000000E+00  0.00000000E+00  0.00000000E+00  0.00000000E+00  7.25362483E-02  0.00000000E+00  0.00000000E+00 -3.40944184E-02
    1.743000      1   0.00000000E+00  0.00000000E+00  2.60350715E-03  0.00000000E+00  0.00000000E+00  0.00000000E+00  0.00000000E+00  0.00000000E+00  7.25021552E-02  0.00000000E+00  0.00000000E+00 -3.40930537E-02
    1.744000      1   0.00000000E+00  0.00000000E+00  2.62293930E-03  0.00000000E+00  0.00000000E+00  0.00000000E+00  0.00000000E+00  0.00000000E+00  7.24680647E-02  0.00000000E+00  0.00000000E+00 -3.40905834E-02
    1.745000      1   0.00000000E+00  0.00000000E+00  2.58152640E-03  0.00000000E+00  0.00000000E+00  0.00000000E+00  0.00000000E+00  0.00000000E+00  7.24339791E-02  0.00000000E+00  0.00000000E+00 -3.40855545E-02
    1.746000      1   0.00000000E+00  0.00000000E+00  2.58359819E-03  0.00000000E+00  0.00000000E+00  0.00000000E+00  0.00000000E+00  0.00000000E+00  7.23998976E-02  0.00000000E+00  0.00000000E+00 -3.40814671E-02
    1.747000      1   0.00000000E+00  0.00000000E+00  2.59762896E-03  0.00000000E+00  0.00000000E+00  0.00000000E+00  0.00000000E+00  0.00000000E+00  7.23658070E-02  0.00000000E+00  0.00000000E+00 -3.40906141E-02
    1.748000      1   0.00000000E+00  0.00000000E+00  2.60603079E-03  0.00000000E+00  0.00000000E+00  0.00000000E+00  0.00000000E+00  0.00000000E+00  7.23317104E-02  0.00000000E+00  0.00000000E+00 -3.40965994E-02
    1.749000      1   0.00000000E+00  0.00000000E+00  2.58733411E-03  0.00000000E+00  0.00000000E+00  0.00000000E+00  0.00000000E+00  0.00000000E+00  7.22976139E-02  0.00000000E+00  0.00000000E+00 -3.40964910E-02
    1.750000      1   0.00000000E+00  0.00000000E+00  2.61820081E-03  0.00000000E+00  0.00000000E+00  0.00000000E+00  0.00000000E+00  0.00000000E+00  7.22635170E-02  0.00000000E+00  0.00000000E+00 -3.40969297E-02
    1.751000      1   0.00000000E+00  0.00000000E+00  2.61184699E-03  0.00000000E+00  0.00000000E+00  0.00000000E+00  0.00000000E+00  0.00000000E+00  7.22294189E-02  0.00000000E+00  0.00000000E+00 -3.40980502E-02
    1.752000      1   0.00000000E+00  0.00000000E+00  2.61902109E-03  0.00000000E+00  0.00000000E+00  0.00000000E+00  0.00000000E+00  0.00000000E+00  7.21953288E-02  0.00000000E+00  0.00000000E+00 -3.40901572E-02
    1.753000      1   0.00000000E+00  0.00000000E+00  2.57568799E-03  0.00000000E+00  0.00000000E+00  0.00000000E+00  0.00000000E+00  0.00000000E+00  7.21612457E-02  0.00000000E+00  0.00000000E+00 -3.40830822E-02
    1.754000      1   0.00000000E+00  0.00000000E+00  2.59192340E-03  0.00000000E+00  0.00000000E+00  0.00000000E+00  0.00000000E+00  0.00000000E+00  7.21271644E-02  0.00000000E+00  0.00000000E+00 -3.40813142E-02
    1.755000      1   0.00000000E+00  0.00000000E+00  2.58455725E-03  0.00000000E+00  0.00000000E+00  0.00000000E+00  0.00000000E+00  0.00000000E+00  7.20930735E-02  0.00000000E+00  0.00000000E+00 -3.40909063E-02
    1.756000      1   0.00000000E+00  0.00000000E+00  2.62232827E-03  0.00000000E+00  0.00000000E+00  0.00000000E+00  0.00000000E+00  0.00000000E+00  7.20589770E-02  0.00000000E+00  0.00000000E+00 -3.40964691E-02
    1.757000      1   0.00000000E+00  0.00000000E+00  2.57425952E-03  0.00000000E+00  0.00000000E+00  0.00000000E+00  0.00000000E+00  0.00000000E+00  7.20248792E-02  0.00000000E+00  0.00000000E+00 -3.40977717E-02
    1.758000      1   0.00000000E+00  0.00000000E+00  2.61882592E-03  0.00000000E+00  0.00000000E+00  0.00000000E+00  0.00000000E+00  0.00000000E+00  7.19907841E-02  0.00000000E+00  0.00000000E+00 -3.40951701E-02
    1.759000      1   0.00000000E+00  0.00000000E+00  2.61210681E-03  0.00000000E+00  0.00000000E+00  0.00000000E+00  0.00000000E+00  0.00000000E+00  7.19566836E-02  0.00000000E+00  0.00000000E+00 -3.41004739E-02
    1.760000      1   0.00000000E+00  0.00000000E+00  2.62488799E-03  0.00000000E+00  0.00000000E+00  0.00000000E+00  0.00000000E+00  0.00000000E+00  7.19225913E-02  0.00000000E+00  0.00000000E+00 -3.40923297E-02
    1.761000      1   0.00000000E+00  0.00000000E+00  2.58013915E-03  0.00000000E+00  0.00000000E+00  0.00000000E+00  0.00000000E+00  0.00000000E+00  7.18885071E-02  0.00000000E+00  0.00000000E+00 -3.40841319E-02
    1.762000      1   0.00000000E+00  0.00000000E+00  2.58547729E-03  0.00000000E+00  0.00000000E+00  0.00000000E+00  0.00000000E+00  0.00000000E+00  7.18544275E-02  0.00000000E+00  0.00000000E+00 -3.40796499E-02
    1.763000      1   0.00000000E+00  0.00000000E+00  2.60058569E-03  0.00000000E+00  0.00000000E+00  0.00000000E+00  0.00000000E+00  0.00000000E+00  7.18203386E-02  0.00000000E+00  0.00000000E+00 -3.40889201E-02
    1.764000      1   0.00000000E+00  0.00000000E+00  2.59449107E-03  0.00000000E+00  0.00000000E+00  0.00000000E+00  0.00000000E+00  0.00000000E+00  7.17862448E-02  0.00000000E+00  0.00000000E+00 -3.40937655E-02
    1.765000      1   0.00000000E+00  0.00000000E+00  2.59721383E-03  0.00000000E+00  0.00000000E+00  0.00000000E+00  0.00000000E+00  0.00000000E+00  7.17521501E-02  0.00000000E+00  0.00000000E+00 -3.40947268E-02
    1.766000      1   0.00000000E+00  0.00000000E+00  2.60584386E-03  0.00000000E+00  0.00000000E+00  0.00000000E+00  0.00000000E+00  0.00000000E+00  7.17180529E-02  0.00000000E+00  0.00000000E+00 -3.40972081E-02
    1.767000      1   0.00000000E+00  0.00000000E+00  2.62027227E-03  0.00000000E+00  0.00000000E+00  0.00000000E+00  0.00000000E+00  0.00000000E+00  7.16839556E-02  0.00000000E+00  0.00000000E+00 -3.40972691E-02
    1.768000      1   0.00000000E+00  0.00000000E+00  2.61748324E-03  0.00000000E+00  0.00000000E+00  0.00000000E+00  0.00000000E+00  0.00000000E+00  7.16498637E-02  0.00000000E+00  0.00000000E+00 -3.40919445E-02
    1.769000      1   0.00000000E+00  0.00000000E+00  2.59911463E-03  0.00000000E+00  0.00000000E+00  0.00000000E+00  0.00000000E+00  0.00000000E+00  7.16157813E-02  0.00000000E+00  0.00000000E+00 -3.40823745E-02
    1.770000      1   0.00000000E+00  0.00000000E+00  2.57369201E-03  0.00000000E+00  0.00000000E+00  0.00000000E+00  0.00000000E+00  0.00000000E+00  7.15817043E-02  0.00000000E+00  0.00000000E+00 -3.40769687E-02
    1.771000      1   0.00000000E+00  0.00000000E+00  2.58332979E-03  0.00000000E+00  0.00000000E+00  0.00000000E+00  0.00000000E+00  0.00000000E+00  7.15476222E-02  0.00000000E+00  0.00000000E+00 -3.40820912E-02
    1.772000      1   0.00000000E+00  0.00000000E+00  2.61298937E-03  0.00000000E+00  0.00000000E+00  0.00000000E+00  0.00000000E+00  0.00000000E+00  7.15135284E-02  0.00000000E+00  0.00000000E+00 -3.40938585E-02
    1.773000      1   0.00000000E+00  0.00000000E+00  2.60135626E-03  0.00000000E+00  0.00000000E+00  0.00000000E+00  0.00000000E+00  0.00000000E+00  7.14794311E-02  0.00000000E+00  0.00000000E+00 -3.40972157E-02
    1.774000      1   0.00000000E+00  0.00000000E+00  2.60396503E-03  0.00000000E+00  0.00000000E+00  0.00000000E+00  0.00000000E+00  0.00000000E+00  7.14453383E-02  0.00000000E+00  0.00000000E+00 -3.40928894E-02
    1.775000      1   0.00000000E+00  0.00000000E+00  2.60023056E-03  0.00000000E+00  0.00000000E+00  0.00000000E+00  0.00000000E+00  0.00000000E+00  7.14112463E-02  0.00000000E+00  0.00000000E+00 -3.40919222E-02
    1.776000      1   0.00000000E+00  0.00000000E+00  2.62818556E-03  0.00000000E+00  0.00000000E+00  0.00000000E+00  0.00000000E+00  0.00000000E+00  7.13771556E-02  0.00000000E+00  0.00000000E+00 -3.40907587E-02
    1.777000      1   0.00000000E+00  0.00000000E+00  2.60074584E-03  0.00000000E+00  0.00000000E+00  0.00000000E+00  0.00000000E+00  0.00000000E+00  7.13430697E-02  0.00000000E+00  0.00000000E+00 -3.40858781E-02
    1.778000      1   0.00000000E+00  0.00000000E+00  2.57092751E-03  0.00000000E+00  0.00000000E+00  0.00000000E+00  0.00000000E+00  0.00000000E+00  7.13089930E-02  0.00000000E+00  0.00000000E+00 -3.40766691E-02
    1.779000      1   0.00000000E+00  0.00000000E+00  2.60069984E-03  0.00000000E+00  0.00000000E+00  0.00000000E+00  0.00000000E+00  0.00000000E+00  7.12749113E-02  0.00000000E+00  0.00000000E+00 -3.40817447E-02
    1.780000      1   0.00000000E+00  0.00000000E+00  2.58607527E-03  0.00000000E+00  0.00000000E+00  0.00000000E+00  0.00000000E+00  0.00000000E+00  7.12408199E-02  0.00000000E+00  0.00000000E+00 -3.40913483E-02
    1.781000      1   0.00000000E+00  0.00000000E+00  2.61245986E-03  0.00000000E+00  0.00000000E+00  0.00000000E+00  0.00000000E+00  0.00000000E+00  7.12067262E-02  0.00000000E+00  0.00000000E+00 -3.40937603E-02
    1.782000      1   0.00000000E+00  0.00000000E+00  2.59513688E-03  0.00000000E+00  0.00000000E+00  0.00000000E+00  0.00000000E+00  0.00000000E+00  7.11726299E-02  0.00000000E+00  0.00000000E+00 -3.40963094E-02
    1.783000      1   0.00000000E+00  0.00000000E+00  2.61563410E-03  0.00000000E+00  0.00000000E+00  0.00000000E+00  0.00000000E+00  0.00000000E+00  7.11385366E-02  0.00000000E+00  0.00000000E+00 -3.40932568E-02
    1.784000      1   0.00000000E+00  0.00000000E+00  2.60455437E-03  0.00000000E+00  0.00000000E+00  0.00000000E+00  0.00000000E+00  0.00000000E+00  7.11044443E-02  0.00000000E+00  0.00000000E+00 -3.40922687E-02
    1.785000      1   0.00000000E+00  0.00000000E+00  2.62275190E-03  0.00000000E+00  0.00000000E+00  0.00000000E+00  0.00000000E+00  0.00000000E+00  7.10703578E-02  0.00000000E+00  0.00000000E+00 -3.40865083E-02
    1.786000      1   0.00000000E+00  0.00000000E+00  2.57446414E-03  0.00000000E+00  0.00000000E+00  0.00000000E+00  0.00000000E+00  0.00000000E+00  7.10362767E-02  0.00000000E+00  0.00000000E+00 -3.40811686E-02
    1.787000      1   0.00000000E+00  0.00000000E+00  2.57612976E-03  0.00000000E+00  0.00000000E+00  0.00000000E+00  0.00000000E+00  0.00000000E+00  7.10021983E-02  0.00000000E+00  0.00000000E+00 -3.40783917E-02
    1.788000      1   0.00000000E+00  0.00000000E+00  2.60084206E-03  0.00000000E+00  0.00000000E+00  0.00000000E+00  0.00000000E+00  0.00000000E+00  7.09681071E-02  0.00000000E+00  0.00000000E+00 -3.40911787E-02
    1.789000      1   0.00000000E+00  0.00000000E+00  2.61307940E-03  0.00000000E+00  0.00000000E+00  0.00000000E+00  0.00000000E+00  0.00000000E+00  7.09340080E-02  0.00000000E+00  0.00000000E+00 -3.40990485E-02
    1.790000      1   0.00000000E+00  0.00000000E+00  2.60130763E-03  0.00000000E+00  0.00000000E+00  0.00000000E+00  0.00000000E+00  0.00000000E+00  7.08999114E-02  0.00000000E+00  0.00000000E+00 -3.40966385E-02
    1.791000      1   0.00000000E+00  0.00000000E+00  2.59419311E-03  0.00000000E+00  0.00000000E+00  0.00000000E+00  0.00000000E+00  0.00000000E+00  7.08658191E-02  0.00000000E+00  0.00000000E+00 -3.40922912E-02
    1.792000      1   0.00000000E+00  0.00000000E+00  2.61789603E-03  0.00000000E+00  0.00000000E+00  0.00000000E+00  0.00000000E+00  0.00000000E+00  7.08317260E-02  0.00000000E+00  0.00000000E+00 -3.40930681E-02
    1.793000      1   0.00000000E+00  0.00000000E+00  2.61986029E-03  0.00000000E+00  0.00000000E+00  0.00000000E+00  0.00000000E+00  0.00000000E+00  7.07976341E-02  0.00000000E+00  0.00000000E+00 -3.40919899E-02
    1.794000      1   0.00000000E+00  0.00000000E+00  2.57351950E-03  0.00000000E+00  0.00000000E+00  0.00000000E+00  0.00000000E+00  0.00000000E+00  7.07635513E-02  0.00000000E+00  0.00000000E+00 -3.40827799E-02
    1.795000      1   0.00000000E+00  0.00000000E+00  2.58940156E-03  0.00000000E+00  0.00000000E+00  0.00000000E+00  0.00000000E+00  0.00000000E+00  7.07294702E-02  0.00000000E+00  0.00000000E+00 -3.40811197E-02
    1.796000      1   0.00000000E+00  0.00000000E+00  2.58989890E-03  0.00000000E+00  0.00000000E+00  0.00000000E+00  0.00000000E+00  0.00000000E+00  7.06953783E-02  0.00000000E+00  0.00000000E+00 -3.40918700E-02
    1.797000      1   0.00000000E+00  0.00000000E+00  2.60648312E-03  0.00000000E+00  0.00000000E+00  0.00000000E+00  0.00000000E+00  0.00000000E+00  7.06612810E-02  0.00000000E+00  0.00000000E+00 -3.40973163E-02
    1.798000      1   0.00000000E+00  0.00000000E+00  2.59365603E-03  0.00000000E+00  0.00000000E+00  0.00000000E+00  0.00000000E+00  0.00000000E+00  7.06271813E-02  0.00000000E+00  0.00000000E+00 -3.40996667E-02
    1.799000      1   0.00000000E+00  0.00000000E+00  2.62587345E-03  0.00000000E+00  0.00000000E+00  0.00000000E+00  0.00000000E+00  0.00000000E+00  7.05930825E-02  0.00000000E+00  0.00000000E+00 -3.40988388E-02
    1.800000      1   0.00000000E+00  0.00000000E+00  2.59905951E-03  0.00000000E+00  0.00000000E+00  0.00000000E+00  0.00000000E+00  0.00000000E+00  7.05589859E-02  0.00000000E+00  0.00000000E+00 -3.40965263E-02
    1.801000      1   0.00000000E+00  0.00000000E+00  2.62111800E-03  0.00000000E+00  0.00000000E+00  0.00000000E+00  0.00000000E+00  0.00000000E+00  7.05248976E-02  0.00000000E+00  0.00000000E+00 -3.40883748E-02
    1.802000      1   0.00000000E+00  0.00000000E+00  2.57673376E-03  0.00000000E+00  0.00000000E+00  0.00000000E+00  0.00000000E+00  0.00000000E+00  7.04908124E-02  0.00000000E+00  0.00000000E+00 -3.40851286E-02
    1.803000      1   0.00000000E+00  0.00000000E+00  2.59168258E-03  0.00000000E+00  0.00000000E+00  0.00000000E+00  0.00000000E+00  0.00000000E+00  7.04567300E-02  0.00000000E+00  0.00000000E+00 -3.40824870E-02
    1.804000      1   0.00000000E+00  0.00000000E+00  2.58129621E-03  0.00000000E+00  0.00000000E+00  0.00000000E+00  0.00000000E+00  0.00000000E+00  7.04226382E-02  0.00000000E+00  0.00000000E+00 -3.40917782E-02
    1.805000      1   0.00000000E+00  0.00000000E+00  2.62416308E-03  0.00000000E+00  0.00000000E+00  0.00000000E+00  0.00000000E+00  0.00000000E+00  7.03885402E-02  0.00000000E+00  0.00000000E+00 -3.40979968E-02
    1.806000      1   0.00000000E+00  0.00000000E+00  2.57975755E-03  0.00000000E+00  0.00000000E+00  0.00000000E+00  0.00000000E+00  0.00000000E+00  7.03544401E-02  0.00000000E+00  0.00000000E+00 -3.41000459E-02
    1.807000      1   0.00000000E+00  0.00000000E+00  2.61871835E-03  0.00000000E+00  0.00000000E+00  0.00000000E+00  0.00000000E+00  0.00000000E+00  7.03203443E-02  0.00000000E+00  0.00000000E+00 -3.40958694E-02
    1.808000      1   0.00000000E+00  0.00000000E+00  2.60561698E-03  0.00000000E+00  0.00000000E+00  0.00000000E+00  0.00000000E+00  0.00000000E+00  7.02862449E-02  0.00000000E+00  0.00000000E+00 -3.40993867E-02
    1.809000      1   0.00000000E+00  0.00000000E+00  2.62498121E-03  0.00000000E+00  0.00000000E+00  0.00000000E+00  0.00000000E+00  0.00000000E+00  7.02521524E-02  0.00000000E+00  0.00000000E+00 -3.40924254E-02
    1.810000      1   0.00000000E+00  0.00000000E+00  2.57856848E-03  0.00000000E+00  0.00000000E+00  0.00000000E+00  0.00000000E+00  0.00000000E+00  7.02180661E-02  0.00000000E+00  0.00000000E+00 -3.40863425E-02
    1.811000      1   0.00000000E+00  0.00000000E+00  2.58517195E-03  0.00000000E+00  0.00000000E+00  0.00000000E+00  0.00000000E+00  0.00000000E+00  7.01839840E-02  0.00000000E+00  0.00000000E+00 -3.40821077E-02
    1.812000      1   0.00000000E+00  0.00000000E+00  2.59844153E-03  0.00000000E+00  0.00000000E+00  0.00000000E+00  0.00000000E+00  0.00000000E+00  7.01498921E-02  0.00000000E+00  0.00000000E+00 -3.40919477E-02
    1.813000      1   0.00000000E+00  0.00000000E+00  2.60658695E-03  0.00000000E+00  0.00000000E+00  0.00000000E+00  0.00000000E+00  0.00000000E+00  7.01157948E-02  0.00000000E+00  0.00000000E+00 -3.40972725E-02
    1.814000      1   0.00000000E+00  0.00000000E+00  2.58126632E-03  0.00000000E+00  0.00000000E+00  0.00000000E+00  0.00000000E+00  0.00000000E+00  7.00816980E-02  0.00000000E+00  0.00000000E+00 -3.40967989E-02
    1.815000      1   0.00000000E+00  0.00000000E+00  2.61561913E-03  0.00000000E+00  0.00000000E+00  0.00000000E+00  0.00000000E+00  0.00000000E+00  7.00475999E-02  0.00000000E+00  0.00000000E+00 -3.40981280E-02
    1.816000      1   0.00000000E+00  0.00000000E+00  2.62043419E-03  0.00000000E+00  0.00000000E+00  0.00000000E+00  0.00000000E+00  0.00000000E+00  7.00134982E-02  0.00000000E+00  0.00000000E+00 -3.41016978E-02
    1.817000      1   0.00000000E+00  0.00000000E+00  2.61815348E-03  0.00000000E+00  0.00000000E+00  0.00000000E+00  0.00000000E+00  0.00000000E+00  6.99794050E-02  0.00000000E+00  0.00000000E+00 -3.40931341E-02
    1.818000      1   0.00000000E+00  0.00000000E+00  2.59110634E-03  0.00000000E+00  0.00000000E+00  0.00000000E+00  0.00000000E+00  0.00000000E+00  6.99453216E-02  0.00000000E+00  0.00000000E+00 -3.40833924E-02
    1.819000      1   0.00000000E+00  0.00000000E+00  2.57677726E-03  0.00000000E+00  0.00000000E+00  0.00000000E+00  0.00000000E+00  0.00000000E+00  6.99112424E-02  0.00000000E+00  0.00000000E+00 -3.40791827E-02
    1.820000      1   0.00000000E+00  0.00000000E+00  2.58683506E-03  0.00000000E+00  0.00000000E+00  0.00000000E+00  0.00000000E+00  0.00000000E+00  6.98771561E-02  0.00000000E+00  0.00000000E+00 -3.40863896E-02
    1.821000      1   0.00000000E+00  0.00000000E+00  2.61481193E-03  0.00000000E+00  0.00000000E+00  0.00000000E+00  0.00000000E+00  0.00000000E+00  6.98430595E-02  0.00000000E+00  0.00000000E+00 -3.40965238E-02
    1.822000      1   0.00000000E+00  0.00000000E+00  2.59294110E-03  0.00000000E+00  0.00000000E+00  0.00000000E+00  0.00000000E+00  0.00000000E+00  6.98089611E-02  0.00000000E+00  0.00000000E+00 -3.40984075E-02
    1.823000      1   0.00000000E+00  0.00000000E+00  2.60431942E-03  0.00000000E+00  0.00000000E+00  0.00000000E+00  0.00000000E+00  0.00000000E+00  6.97748662E-02  0.00000000E+00  0.00000000E+00 -3.40949708E-02
    1.824000      1   0.00000000E+00  0.00000000E+00  2.61045892E-03  0.00000000E+00  0.00000000E+00  0.00000000E+00  0.00000000E+00  0.00000000E+00  6.97407694E-02  0.00000000E+00  0.00000000E+00 -3.40967046E-02
    1.825000      1   0.00000000E+00  0.00000000E+00  2.62552423E-03  0.00000000E+00  0.00000000E+00  0.00000000E+00  0.00000000E+00  0.00000000E+00  6.97066758E-02  0.00000000E+00  0.00000000E+00 -3.40936160E-02
    1.826000      1   0.00000000E+00  0.00000000E+00  2.59336725E-03  0.00000000E+00  0.00000000E+00  0.00000000E+00  0.00000000E+00  0.00000000E+00  6.96725900E-02  0.00000000E+00  0.00000000E+00 -3.40858469E-02
    1.827000      1   0.00000000E+00  0.00000000E+00  2.57859552E-03  0.00000000E+00  0.00000000E+00  0.00000000E+00  0.00000000E+00  0.00000000E+00  6.96385112E-02  0.00000000E+00  0.00000000E+00 -3.40788167E-02
    1.828000      1   0.00000000E+00  0.00000000E+00  2.59778281E-03  0.00000000E+00  0.00000000E+00  0.00000000E+00  0.00000000E+00  0.00000000E+00  6.96044262E-02  0.00000000E+00  0.00000000E+00 -3.40849596E-02
    1.829000      1   0.00000000E+00  0.00000000E+00  2.59008313E-03  0.00000000E+00  0.00000000E+00  0.00000000E+00  0.00000000E+00  0.00000000E+00  6.95703336E-02  0.00000000E+00  0.00000000E+00 -3.40925606E-02
    1.830000      1   0.00000000E+00  0.00000000E+00  2.60712376E-03  0.00000000E+00  0.00000000E+00  0.00000000E+00  0.00000000E+00  0.00000000E+00  6.95362384E-02  0.00000000E+00  0.00000000E+00 -3.40952219E-02
    1.831000      1   0.00000000E+00  0.00000000E+00  2.60516718E-03  0.00000000E+00  0.00000000E+00  0.00000000E+00  0.00000000E+00  0.00000000E+00  6.95021410E-02  0.00000000E+00  0.00000000E+00 -3.40973984E-02
    1.832000      1   0.00000000E+00  0.00000000E+00  2.60617357E-03  0.00000000E+00  0.00000000E+00  0.00000000E+00  0.00000000E+00  0.00000000E+00  6.94680467E-02  0.00000000E+00  0.00000000E+00 -3.40943246E-02
    1.833000      1   0.00000000E+00  0.00000000E+00  2.61676213E-03  0.00000000E+00  0.00000000E+00  0.00000000E+00  0.00000000E+00  0.00000000E+00  6.94339550E-02  0.00000000E+00  0.00000000E+00 -3.40917153E-02
    1.834000      1   0.00000000E+00  0.00000000E+00  2.61767896E-03  0.00000000E+00  0.00000000E+00  0.00000000E+00  0.00000000E+00  0.00000000E+00  6.93998681E-02  0.00000000E+00  0.00000000E+00 -3.40869031E-02
    1.835000      1   0.00000000E+00  0.00000000E+00  2.56967338E-03  0.00000000E+00  0.00000000E+00  0.00000000E+00  0.00000000E+00  0.00000000E+00  6.93657896E-02  0.00000000E+00  0.00000000E+00 -3.40784512E-02
    1.836000      1   0.00000000E+00  0.00000000E+00  2.57747113E-03  0.00000000E+00  0.00000000E+00  0.00000000E+00  0.00000000E+00  0.00000000E+00  6.93317114E-02  0.00000000E+00  0.00000000E+00 -3.40781876E-02
    1.837000      1   0.00000000E+00  0.00000000E+00  2.60042820E-03  0.00000000E+00  0.00000000E+00  0.00000000E+00  0.00000000E+00  0.00000000E+00  6.92976191E-02  0.00000000E+00  0.00000000E+00 -3.40923107E-02
    1.838000      1   0.00000000E+00  0.00000000E+00  2.61866211E-03  0.00000000E+00  0.00000000E+00  0.00000000E+00  0.00000000E+00  0.00000000E+00  6.92635193E-02  0.00000000E+00  0.00000000E+00 -3.40998132E-02
    1.839000      1   0.00000000E+00  0.00000000E+00  2.59841027E-03  0.00000000E+00  0.00000000E+00  0.00000000E+00  0.00000000E+00  0.00000000E+00  6.92294228E-02  0.00000000E+00  0.00000000E+00 -3.40965518E-02
    1.840000      1   0.00000000E+00  0.00000000E+00  2.59663436E-03  0.00000000E+00  0.00000000E+00  0.00000000E+00  0.00000000E+00  0.00000000E+00  6.91953319E-02  0.00000000E+00  0.00000000E+00 -3.40908835E-02
    1.841000      1   0.00000000E+00  0.00000000E+00  2.61105289E-03  0.00000000E+00  0.00000000E+00  0.00000000E+00  0.00000000E+00  0.00000000E+00  6.91612397E-02  0.00000000E+00  0.00000000E+00 -3.40921802E-02
    1.842000      1   0.00000000E+00  0.00000000E+00  2.62738446E-03  0.00000000E+00  0.00000000E+00  0.00000000E+00  0.00000000E+00  0.00000000E+00  6.91271482E-02  0.00000000E+00  0.00000000E+00 -3.40915104E-02
    1.843000      1   0.00000000E+00  0.00000000E+00  2.56735360E-03  0.00000000E+00  0.00000000E+00  0.00000000E+00  0.00000000E+00  0.00000000E+00  6.90930650E-02  0.00000000E+00  0.00000000E+00 -3.40832173E-02
    1.844000      1   0.00000000E+00  0.00000000E+00  2.59487143E-03  0.00000000E+00  0.00000000E+00  0.00000000E+00  0.00000000E+00  0.00000000E+00  6.90589848E-02  0.00000000E+00  0.00000000E+00 -3.40801764E-02
    1.845000      1   0.00000000E+00  0.00000000E+00  2.59018937E-03  0.00000000E+00  0.00000000E+00  0.00000000E+00  0.00000000E+00  0.00000000E+00  6.90248928E-02  0.00000000E+00  0.00000000E+00 -3.40919843E-02
    1.846000      1   0.00000000E+00  0.00000000E+00  2.60324905E-03  0.00000000E+00  0.00000000E+00  0.00000000E+00  0.00000000E+00  0.00000000E+00  6.89907972E-02  0.00000000E+00  0.00000000E+00 -3.40955829E-02
    1.847000      1   0.00000000E+00  0.00000000E+00  2.60174683E-03  0.00000000E+00  0.00000000E+00  0.00000000E+00  0.00000000E+00  0.00000000E+00  6.89566988E-02  0.00000000E+00  0.00000000E+00 -3.40984098E-02
    1.848000      1   0.00000000E+00  0.00000000E+00  2.60874529E-03  0.00000000E+00  0.00000000E+00  0.00000000E+00  0.00000000E+00  0.00000000E+00  6.89226016E-02  0.00000000E+00  0.00000000E+00 -3.40972133E-02
    1.849000      1   0.00000000E+00  0.00000000E+00  2.61734667E-03  0.00000000E+00  0.00000000E+00  0.00000000E+00  0.00000000E+00  0.00000000E+00  6.88885063E-02  0.00000000E+00  0.00000000E+00 -3.40952725E-02
    1.850000      1   0.00000000E+00  0.00000000E+00  2.61196990E-03  0.00000000E+00  0.00000000E+00  0.00000000E+00  0.00000000E+00  0.00000000E+00  6.88544168E-02  0.00000000E+00  0.00000000E+00 -3.40895123E-02
    1.851000      1   0.00000000E+00  0.00000000E+00  2.57992084E-03  0.00000000E+00  0.00000000E+00  0.00000000E+00  0.00000000E+00  0.00000000E+00  6.88203349E-02  0.00000000E+00  0.00000000E+00 -3.40818781E-02
    1.852000      1   0.00000000E+00  0.00000000E+00  2.58291137E-03  0.00000000E+00  0.00000000E+00  0.00000000E+00  0.00000000E+00  0.00000000E+00  6.87862533E-02  0.00000000E+00  0.00000000E+00 -3.40816772E-02
    1.853000      1   0.00000000E+00  0.00000000E+00  2.58605169E-03  0.00000000E+00  0.00000000E+00  0.00000000E+00  0.00000000E+00  0.00000000E+00  6.87521618E-02  0.00000000E+00  0.00000000E+00 -3.40914729E-02
    1.854000      1   0.00000000E+00  0.00000000E+00  2.61972990E-03  0.00000000E+00  0.00000000E+00  0.00000000E+00  0.00000000E+00  0.00000000E+00  6.87180621E-02  0.00000000E+00  0.00000000E+00 -3.40997311E-02
    1.855000      1   0.00000000E+00  0.00000000E+00  2.59413178E-03  0.00000000E+00  0.00000000E+00  0.00000000E+00  0.00000000E+00  0.00000000E+00  6.86839611E-02  0.00000000E+00  0.00000000E+00 -3.41010023E-02
    1.856000      1   0.00000000E+00  0.00000000E+00  2.61393752E-03  0.00000000E+00  0.00000000E+00  0.00000000E+00  0.00000000E+00  0.00000000E+00  6.86498653E-02  0.00000000E+00  0.00000000E+00 -3.40957399E-02
    1.857000      1   0.00000000E+00  0.00000000E+00  2.59708868E-03  0.00000000E+00  0.00000000E+00  0.00000000E+00  0.00000000E+00  0.00000000E+00  6.86157699E-02  0.00000000E+00  0.00000000E+00 -3.40953819E-02
    1.858000      1   0.00000000E+00  0.00000000E+00  2.62721766E-03  0.00000000E+00  0.00000000E+00  0.00000000E+00  0.00000000E+00  0.00000000E+00  6.85816784E-02  0.00000000E+00  0.00000000E+00 -3.40914989E-02
    1.859000      1   0.00000000E+00  0.00000000E+00  2.57982937E-03  0.00000000E+00  0.00000000E+00  0.00000000E+00  0.00000000E+00  0.00000000E+00  6.85475906E-02  0.00000000E+00  0.00000000E+00 -3.40878213E-02
    1.860000      1   0.00000000E+00  0.00000000E+00  2.58520209E-03  0.00000000E+00  0.00000000E+00  0.00000000E+00  0.00000000E+00  0.00000000E+00  6.85135080E-02  0.00000000E+00  0.00000000E+00 -3.40826290E-02
    1.861000      1   0.00000000E+00  0.00000000E+00  2.60222248E-03  0.00000000E+00  0.00000000E+00  0.00000000E+00  0.00000000E+00  0.00000000E+00  6.84794159E-02  0.00000000E+00  0.00000000E+00 -3.40920496E-02
    1.862000      1   0.00000000E+00  0.00000000E+00  2.59605350E-03  0.00000000E+00  0.00000000E+00  0.00000000E+00  0.00000000E+00  0.00000000E+00  6.84453192E-02  0.00000000E+00  0.00000000E+00 -3.40966959E-02
    1.863000      1   0.00000000E+00  0.00000000E+00  2.58957157E-03  0.00000000E+00  0.00000000E+00  0.00000000E+00  0.00000000E+00  0.00000000E+00  6.84112224E-02  0.00000000E+00  0.00000000E+00 -3.40968433E-02
    1.864000      1   0.00000000E+00  0.00000000E+00  2.61670946E-03  0.00000000E+00  0.00000000E+00  0.00000000E+00  0.00000000E+00  0.00000000E+00  6.83771222E-02  0.00000000E+00  0.00000000E+00 -3.41001630E-02
    1.865000      1   0.00000000E+00  0.00000000E+00  2.62234918E-03  0.00000000E+00  0.00000000E+00  0.00000000E+00  0.00000000E+00  0.00000000E+00  6.83430214E-02  0.00000000E+00  0.00000000E+00 -3.41008124E-02
    1.866000      1   0.00000000E+00  0.00000000E+00  2.60929655E-03  0.00000000E+00  0.00000000E+00  0.00000000E+00  0.00000000E+00  0.00000000E+00  6.83089299E-02  0.00000000E+00  0.00000000E+00 -3.40915520E-02
    1.867000      1   0.00000000E+00  0.00000000E+00  2.58432386E-03  0.00000000E+00  0.00000000E+00  0.00000000E+00  0.00000000E+00  0.00000000E+00  6.82748471E-02  0.00000000E+00  0.00000000E+00 -3.40827476E-02
    1.868000      1   0.00000000E+00  0.00000000E+00  2.58935522E-03  0.00000000E+00  0.00000000E+00  0.00000000E+00  0.00000000E+00  0.00000000E+00  6.82407645E-02  0.00000000E+00  0.00000000E+00 -3.40826461E-02
    1.869000      1   0.00000000E+00  0.00000000E+00  2.58629426E-03  0.00000000E+00  0.00000000E+00  0.00000000E+00  0.00000000E+00  0.00000000E+00  6.82066746E-02  0.00000000E+00  0.00000000E+00 -3.40898562E-02
    1.870000      1   0.00000000E+00  0.00000000E+00  2.61627803E-03  0.00000000E+00  0.00000000E+00  0.00000000E+00  0.00000000E+00  0.00000000E+00  6.81725787E-02  0.00000000E+00  0.00000000E+00 -3.40959553E-02
    1.871000      1   0.00000000E+00  0.00000000E+00  2.58051834E-03  0.00000000E+00  0.00000000E+00  0.00000000E+00  0.00000000E+00  0.00000000E+00  6.81384809E-02  0.00000000E+00  0.00000000E+00 -3.40977573E-02
    1.872000      1   0.00000000E+00  0.00000000E+00  2.61671495E-03  0.00000000E+00  0.00000000E+00  0.00000000E+00  0.00000000E+00  0.00000000E+00  6.81043849E-02  0.00000000E+00  0.00000000E+00 -3.40960359E-02
    1.873000      1   0.00000000E+00  0.00000000E+00  2.61116629E-03  0.00000000E+00  0.00000000E+00  0.00000000E+00  0.00000000E+00  0.00000000E+00  6.80702852E-02  0.00000000E+00  0.00000000E+00 -3.40996575E-02
    1.874000      1   0.00000000E+00  0.00000000E+00  2.62273528E-03  0.00000000E+00  0.00000000E+00  0.00000000E+00  0.00000000E+00  0.00000000E+00  6.80361928E-02  0.00000000E+00  0.00000000E+00 -3.40923729E-02
    1.875000      1   0.00000000E+00  0.00000000E+00  2.58535158E-03  0.00000000E+00  0.00000000E+00  0.00000000E+00  0.00000000E+00  0.00000000E+00  6.80021080E-02  0.00000000E+00  0.00000000E+00 -3.40848647E-02
    1.876000      1   0.00000000E+00  0.00000000E+00  2.58189051E-03  0.00000000E+00  0.00000000E+00  0.00000000E+00  0.00000000E+00  0.00000000E+00  6.79680278E-02  0.00000000E+00  0.00000000E+00 -3.40801679E-02
    1.877000      1   0.00000000E+00  0.00000000E+00  2.60202540E-03  0.00000000E+00  0.00000000E+00  0.00000000E+00  0.00000000E+00  0.00000000E+00  6.79339395E-02  0.00000000E+00  0.00000000E+00 -3.40883606E-02
    1.878000      1   0.00000000E+00  0.00000000E+00  2.59009379E-03  0.00000000E+00  0.00000000E+00  0.00000000E+00  0.00000000E+00  0.00000000E+00  6.78998453E-02  0.00000000E+00  0.00000000E+00 -3.40941293E-02
    1.879000      1   0.00000000E+00  0.00000000E+00  2.60282025E-03  0.00000000E+00  0.00000000E+00  0.00000000E+00  0.00000000E+00  0.00000000E+00  6.78657499E-02  0.00000000E+00  0.00000000E+00 -3.40953954E-02
    1.880000      1   0.00000000E+00  0.00000000E+00  2.60031332E-03  0.00000000E+00  0.00000000E+00  0.00000000E+00  0.00000000E+00  0.00000000E+00  6.78316516E-02  0.00000000E+00  0.00000000E+00 -3.40983294E-02
    1.881000      1   0.00000000E+00  0.00000000E+00  2.61907666E-03  0.00000000E+00  0.00000000E+00  0.00000000E+00  0.00000000E+00  0.00000000E+00  6.77975541E-02  0.00000000E+00  0.00000000E+00 -3.40975272E-02
    1.882000      1   0.00000000E+00  0.00000000E+00  2.62155067E-03  0.00000000E+00  0.00000000E+00  0.00000000E+00  0.00000000E+00  0.00000000E+00  6.77634598E-02  0.00000000E+00  0.00000000E+00 -3.40942303E-02
    1.883000      1   0.00000000E+00  0.00000000E+00  2.59849022E-03  0.00000000E+00  0.00000000E+00  0.00000000E+00  0.00000000E+00  0.00000000E+00  6.77293755E-02  0.00000000E+00  0.00000000E+00 -3.40843337E-02
    1.884000      1   0.00000000E+00  0.00000000E+00  2.57400304E-03  0.00000000E+00  0.00000000E+00  0.00000000E+00  0.00000000E+00  0.00000000E+00  6.76952978E-02  0.00000000E+00  0.00000000E+00 -3.40777025E-02
    1.885000      1   0.00000000E+00  0.00000000E+00  2.58067225E-03  0.00000000E+00  0.00000000E+00  0.00000000E+00  0.00000000E+00  0.00000000E+00  6.76612148E-02  0.00000000E+00  0.00000000E+00 -3.40829751E-02
    1.886000      1   0.00000000E+00  0.00000000E+00  2.61218292E-03  0.00000000E+00  0.00000000E+00  0.00000000E+00  0.00000000E+00  0.00000000E+00  6.76271197E-02  0.00000000E+00  0.00000000E+00 -3.40951102E-02
    1.887000      1   0.00000000E+00  0.00000000E+00  2.60651247E-03  0.00000000E+00  0.00000000E+00  0.00000000E+00  0.00000000E+00  0.00000000E+00  6.75930202E-02  0.00000000E+00  0.00000000E+00 -3.40994827E-02
    1.888000      1   0.00000000E+00  0.00000000E+00  2.59769148E-03  0.00000000E+00  0.00000000E+00  0.00000000E+00  0.00000000E+00  0.00000000E+00  6.75589257E-02  0.00000000E+00  0.00000000E+00 -3.40945095E-02
    1.889000      1   0.00000000E+00  0.00000000E+00  2.60404109E-03  0.00000000E+00  0.00000000E+00  0.00000000E+00  0.00000000E+00  0.00000000E+00  6.75248328E-02  0.00000000E+00  0.00000000E+00 -3.40929584E-02
    1.890000      1   0.00000000E+00  0.00000000E+00  2.62199857E-03  0.00000000E+00  0.00000000E+00  0.00000000E+00  0.00000000E+00  0.00000000E+00  6.74907396E-02  0.00000000E+00  0.00000000E+00 -3.40931813E-02
    1.891000      1   0.00000000E+00  0.00000000E+00  2.60877295E-03  0.00000000E+00  0.00000000E+00  0.00000000E+00  0.00000000E+00  0.00000000E+00  6.74566514E-02  0.00000000E+00  0.00000000E+00 -3.40881434E-02
    1.892000      1   0.00000000E+00  0.00000000E+00  2.56942615E-03  0.00000000E+00  0.00000000E+00  0.00000000E+00  0.00000000E+00  0.00000000E+00  6.74225719E-02  0.00000000E+00  0.00000000E+00 -3.40795468E-02
    1.893000      1   0.00000000E+00  0.00000000E+00  2.59984143E-03  0.00000000E+00  0.00000000E+00  0.00000000E+00  0.00000000E+00  0.00000000E+00  6.73884896E-02  0.00000000E+00  0.00000000E+00 -3.40822517E-02
    1.894000      1   0.00000000E+00  0.00000000E+00  2.58581945E-03  0.00000000E+00  0.00000000E+00  0.00000000E+00  0.00000000E+00  0.00000000E+00  6.73543971E-02  0.00000000E+00  0.00000000E+00 -3.40925001E-02
    1.895000      1   0.00000000E+00  0.00000000E+00  2.61199873E-03  0.00000000E+00  0.00000000E+00  0.00000000E+00  0.00000000E+00  0.00000000E+00  6.73203019E-02  0.00000000E+00  0.00000000E+00 -3.40952393E-02
    1.896000      1   0.00000000E+00  0.00000000E+00  2.59555865E-03  0.00000000E+00  0.00000000E+00  0.00000000E+00  0.00000000E+00  0.00000000E+00  6.72862040E-02  0.00000000E+00  0.00000000E+00 -3.40979540E-02
    1.897000      1   0.00000000E+00  0.00000000E+00  2.60974207E-03  0.00000000E+00  0.00000000E+00  0.00000000E+00  0.00000000E+00  0.00000000E+00  6.72521090E-02  0.00000000E+00  0.00000000E+00 -3.40949783E-02
    1.898000      1   0.00000000E+00  0.00000000E+00  2.61248745E-03  0.00000000E+00  0.00000000E+00  0.00000000E+00  0.00000000E+00  0.00000000E+00  6.72180141E-02  0.00000000E+00  0.00000000E+00 -3.40948935E-02
    1.899000      1   0.00000000E+00  0.00000000E+00  2.61968495E-03  0.00000000E+00  0.00000000E+00  0.00000000E+00  0.00000000E+00  0.00000000E+00  6.71839244E-02  0.00000000E+00  0.00000000E+00 -3.40896653E-02
    1.900000      1   0.00000000E+00  0.00000000E+00  2.57612685E-03  0.00000000E+00  0.00000000E+00  0.00000000E+00  0.00000000E+00  0.00000000E+00  6.71498422E-02  0.00000000E+00  0.00000000E+00 -3.40822626E-02
    1.901000      1   0.00000000E+00  0.00000000E+00  2.57666129E-03  0.00000000E+00  0.00000000E+00  0.00000000E+00  0.00000000E+00  0.00000000E+00  6.71157620E-02  0.00000000E+00  0.00000000E+00 -3.40801989E-02
    1.902000      1   0.00000000E+00  0.00000000E+00  2.59684235E-03  0.00000000E+00  0.00000000E+00  0.00000000E+00  0.00000000E+00  0.00000000E+00  6.70816696E-02  0.00000000E+00  0.00000000E+00 -3.40923458E-02
    1.903000      1   0.00000000E+00  0.00000000E+00  2.61079220E-03  0.00000000E+00  0.00000000E+00  0.00000000E+00  0.00000000E+00  0.00000000E+00  6.70475689E-02  0.00000000E+00  0.00000000E+00 -3.41007484E-02
    1.904000      1   0.00000000E+00  0.00000000E+00  2.60401810E-03  0.00000000E+00  0.00000000E+00  0.00000000E+00  0.00000000E+00  0.00000000E+00  6.70134688E-02  0.00000000E+00  0.00000000E+00 -3.41000564E-02
    1.905000      1   0.00000000E+00  0.00000000E+00  2.59958337E-03  0.00000000E+00  0.00000000E+00  0.00000000E+00  0.00000000E+00  0.00000000E+00  6.69793728E-02  0.00000000E+00  0.00000000E+00 -3.40959809E-02
    1.906000      1   0.00000000E+00  0.00000000E+00  2.61245132E-03  0.00000000E+00  0.00000000E+00  0.00000000E+00  0.00000000E+00  0.00000000E+00  6.69452779E-02  0.00000000E+00  0.00000000E+00 -3.40949145E-02
    1.907000      1   0.00000000E+00  0.00000000E+00  2.61827393E-03  0.00000000E+00  0.00000000E+00  0.00000000E+00  0.00000000E+00  0.00000000E+00  6.69111849E-02  0.00000000E+00  0.00000000E+00 -3.40930288E-02
    1.908000      1   0.00000000E+00  0.00000000E+00  2.57773504E-03  0.00000000E+00  0.00000000E+00  0.00000000E+00  0.00000000E+00  0.00000000E+00  6.68770990E-02  0.00000000E+00  0.00000000E+00 -3.40858875E-02
    1.909000      1   0.00000000E+00  0.00000000E+00  2.58979598E-03  0.00000000E+00  0.00000000E+00  0.00000000E+00  0.00000000E+00  0.00000000E+00  6.68430150E-02  0.00000000E+00  0.00000000E+00 -3.40840029E-02
    1.910000      1   0.00000000E+00  0.00000000E+00  2.59251449E-03  0.00000000E+00  0.00000000E+00  0.00000000E+00  0.00000000E+00  0.00000000E+00  6.68089217E-02  0.00000000E+00  0.00000000E+00 -3.40932989E-02
    1.911000      1   0.00000000E+00  0.00000000E+00  2.60758753E-03  0.00000000E+00  0.00000000E+00  0.00000000E+00  0.00000000E+00  0.00000000E+00  6.67748235E-02  0.00000000E+00  0.00000000E+00 -3.40981532E-02
    1.912000      1   0.00000000E+00  0.00000000E+00  2.59037041E-03  0.00000000E+00  0.00000000E+00  0.00000000E+00  0.00000000E+00  0.00000000E+00  6.67407241E-02  0.00000000E+00  0.00000000E+00 -3.40994493E-02
    1.913000      1   0.00000000E+00  0.00000000E+00  2.62260054E-03  0.00000000E+00  0.00000000E+00  0.00000000E+00  0.00000000E+00  0.00000000E+00  6.67066253E-02  0.00000000E+00  0.00000000E+00 -3.40988397E-02
    1.914000      1   0.00000000E+00  0.00000000E+00  2.60058139E-03  0.00000000E+00  0.00000000E+00  0.00000000E+00  0.00000000E+00  0.00000000E+00  6.66725271E-02  0.00000000E+00  0.00000000E+00 -3.40981850E-02
    1.915000      1   0.00000000E+00  0.00000000E+00  2.62155456E-03  0.00000000E+00  0.00000000E+00  0.00000000E+00  0.00000000E+00  0.00000000E+00  6.66384362E-02  0.00000000E+00  0.00000000E+00 -3.40908393E-02
    1.916000      1   0.00000000E+00  0.00000000E+00  2.58266367E-03  0.00000000E+00  0.00000000E+00  0.00000000E+00  0.00000000E+00  0.00000000E+00  6.66043492E-02  0.00000000E+00  0.00000000E+00 -3.40870161E-02
    1.917000      1   0.00000000E+00  0.00000000E+00  2.58440417E-03  0.00000000E+00  0.00000000E+00  0.00000000E+00  0.00000000E+00  0.00000000E+00  6.65702660E-02  0.00000000E+00  0.00000000E+00 -3.40831824E-02
    1.918000      1   0.00000000E+00  0.00000000E+00  2.58715254E-03  0.00000000E+00  0.00000000E+00  0.00000000E+00  0.00000000E+00  0.00000000E+00  6.65361742E-02  0.00000000E+00  0.00000000E+00 -3.40918133E-02
    1.919000      1   0.00000000E+00  0.00000000E+00  2.61799614E-03  0.00000000E+00  0.00000000E+00  0.00000000E+00  0.00000000E+00  0.00000000E+00  6.65020748E-02  0.00000000E+00  0.00000000E+00 -3.40993866E-02
    1.920000      1   0.00000000E+00  0.00000000E+00  2.58393053E-03  0.00000000E+00  0.00000000E+00  0.00000000E+00  0.00000000E+00  0.00000000E+00  6.64679742E-02  0.00000000E+00  0.00000000E+00 -3.41006029E-02
    1.921000      1   0.00000000E+00  0.00000000E+00  2.61280070E-03  0.00000000E+00  0.00000000E+00  0.00000000E+00  0.00000000E+00  0.00000000E+00  6.64338765E-02  0.00000000E+00  0.00000000E+00 -3.40977139E-02
    1.922000      1   0.00000000E+00  0.00000000E+00  2.61566522E-03  0.00000000E+00  0.00000000E+00  0.00000000E+00  0.00000000E+00  0.00000000E+00  6.63997756E-02  0.00000000E+00  0.00000000E+00 -3.41009071E-02
    1.923000      1   0.00000000E+00  0.00000000E+00  2.62053125E-03  0.00000000E+00  0.00000000E+00  0.00000000E+00  0.00000000E+00  0.00000000E+00  6.63656815E-02  0.00000000E+00  0.00000000E+00 -3.40941124E-02
    1.924000      1   0.00000000E+00  0.00000000E+00  2.58006280E-03  0.00000000E+00  0.00000000E+00  0.00000000E+00  0.00000000E+00  0.00000000E+00  6.63315960E-02  0.00000000E+00  0.00000000E+00 -3.40855164E-02
    1.925000      1   0.00000000E+00  0.00000000E+00  2.58618509E-03  0.00000000E+00  0.00000000E+00  0.00000000E+00  0.00000000E+00  0.00000000E+00  6.62975135E-02  0.00000000E+00  0.00000000E+00 -3.40824787E-02
    1.926000      1   0.00000000E+00  0.00000000E+00  2.60350018E-03  0.00000000E+00  0.00000000E+00  0.00000000E+00  0.00000000E+00  0.00000000E+00  6.62634218E-02  0.00000000E+00  0.00000000E+00 -3.40916489E-02
    1.927000      1   0.00000000E+00  0.00000000E+00  2.59468015E-03  0.00000000E+00  0.00000000E+00  0.00000000E+00  0.00000000E+00  0.00000000E+00  6.62293261E-02  0.00000000E+00  0.00000000E+00 -3.40957464E-02
    1.928000      1   0.00000000E+00  0.00000000E+00  2.59308802E-03  0.00000000E+00  0.00000000E+00  0.00000000E+00  0.00000000E+00  0.00000000E+00  6.61952304E-02  0.00000000E+00  0.00000000E+00 -3.40957170E-02
    1.929000      1   0.00000000E+00  0.00000000E+00  2.60858387E-03  0.00000000E+00  0.00000000E+00  0.00000000E+00  0.00000000E+00  0.00000000E+00  6.61611315E-02  0.00000000E+00  0.00000000E+00 -3.40988659E-02
    1.930000      1   0.00000000E+00  0.00000000E+00  2.61981751E-03  0.00000000E+00  0.00000000E+00  0.00000000E+00  0.00000000E+00  0.00000000E+00  6.61270317E-02  0.00000000E+00  0.00000000E+00 -3.40997974E-02
    1.931000      1   0.00000000E+00  0.00000000E+00  2.61924391E-03  0.00000000E+00  0.00000000E+00  0.00000000E+00  0.00000000E+00  0.00000000E+00  6.60929381E-02  0.00000000E+00  0.00000000E+00 -3.40936532E-02
    1.932000      1   0.00000000E+00  0.00000000E+00  2.59384164E-03  0.00000000E+00  0.00000000E+00  0.00000000E+00  0.00000000E+00  0.00000000E+00  6.60588541E-02  0.00000000E+00  0.00000000E+00 -3.40839212E-02
    1.933000      1   0.00000000E+00  0.00000000E+00  2.57708210E-03  0.00000000E+00  0.00000000E+00  0.00000000E+00  0.00000000E+00  0.00000000E+00  6.60247753E-02  0.00000000E+00  0.00000000E+00 -3.40788697E-02
    1.934000      1   0.00000000E+00  0.00000000E+00  2.58589622E-03  0.00000000E+00  0.00000000E+00  0.00000000E+00  0.00000000E+00  0.00000000E+00  6.59906902E-02  0.00000000E+00  0.00000000E+00 -3.40851244E-02
    1.935000      1   0.00000000E+00  0.00000000E+00  2.61156845E-03  0.00000000E+00  0.00000000E+00  0.00000000E+00  0.00000000E+00  0.00000000E+00  6.59565948E-02  0.00000000E+00  0.00000000E+00 -3.40953246E-02
    1.936000      1   0.00000000E+00  0.00000000E+00  2.59466886E-03  0.00000000E+00  0.00000000E+00  0.00000000E+00  0.00000000E+00  0.00000000E+00  6.59224967E-02  0.00000000E+00  0.00000000E+00 -3.40980901E-02
    1.937000      1   0.00000000E+00  0.00000000E+00  2.60822919E-03  0.00000000E+00  0.00000000E+00  0.00000000E+00  0.00000000E+00  0.00000000E+00  6.58884013E-02  0.00000000E+00  0.00000000E+00 -3.40954131E-02
    1.938000      1   0.00000000E+00  0.00000000E+00  2.60287566E-03  0.00000000E+00  0.00000000E+00  0.00000000E+00  0.00000000E+00  0.00000000E+00  6.58543054E-02  0.00000000E+00  0.00000000E+00 -3.40958881E-02
    1.939000      1   0.00000000E+00  0.00000000E+00  2.62907674E-03  0.00000000E+00  0.00000000E+00  0.00000000E+00  0.00000000E+00  0.00000000E+00  6.58202126E-02  0.00000000E+00  0.00000000E+00 -3.40928564E-02
    1.940000      1   0.00000000E+00  0.00000000E+00  2.59475508E-03  0.00000000E+00  0.00000000E+00  0.00000000E+00  0.00000000E+00  0.00000000E+00  6.57861256E-02  0.00000000E+00  0.00000000E+00 -3.40869496E-02
    1.941000      1   0.00000000E+00  0.00000000E+00  2.57489744E-03  0.00000000E+00  0.00000000E+00  0.00000000E+00  0.00000000E+00  0.00000000E+00  6.57520471E-02  0.00000000E+00  0.00000000E+00 -3.40785073E-02
    1.942000      1   0.00000000E+00  0.00000000E+00  2.60085497E-03  0.00000000E+00  0.00000000E+00  0.00000000E+00  0.00000000E+00  0.00000000E+00  6.57179623E-02  0.00000000E+00  0.00000000E+00 -3.40848483E-02
    1.943000      1   0.00000000E+00  0.00000000E+00  2.58595617E-03  0.00000000E+00  0.00000000E+00  0.00000000E+00  0.00000000E+00  0.00000000E+00  6.56838692E-02  0.00000000E+00  0.00000000E+00 -3.40931206E-02
    1.944000      1   0.00000000E+00  0.00000000E+00  2.61185739E-03  0.00000000E+00  0.00000000E+00  0.00000000E+00  0.00000000E+00  0.00000000E+00  6.56497737E-02  0.00000000E+00  0.00000000E+00 -3.40955028E-02
    1.945000      1   0.00000000E+00  0.00000000E+00  2.59591671E-03  0.00000000E+00  0.00000000E+00  0.00000000E+00  0.00000000E+00  0.00000000E+00  6.56156755E-02  0.00000000E+00  0.00000000E+00 -3.40981976E-02
    1.946000      1   0.00000000E+00  0.00000000E+00  2.61866933E-03  0.00000000E+00  0.00000000E+00  0.00000000E+00  0.00000000E+00  0.00000000E+00  6.55815802E-02  0.00000000E+00  0.00000000E+00 -3.40952049E-02
    1.947000      1   0.00000000E+00  0.00000000E+00  2.60476152E-03  0.00000000E+00  0.00000000E+00  0.00000000E+00  0.00000000E+00  0.00000000E+00  6.55474868E-02  0.00000000E+00  0.00000000E+00 -3.40934239E-02
    1.948000      1   0.00000000E+00  0.00000000E+00  2.62379727E-03  0.00000000E+00  0.00000000E+00  0.00000000E+00  0.00000000E+00  0.00000000E+00  6.55134002E-02  0.00000000E+00  0.00000000E+00 -3.40866301E-02
    1.949000      1   0.00000000E+00  0.00000000E+00  2.56598630E-03  0.00000000E+00  0.00000000E+00  0.00000000E+00  0.00000000E+00  0.00000000E+00  6.54793192E-02  0.00000000E+00  0.00000000E+00 -3.40810375E-02
    1.950000      1   0.00000000E+00  0.00000000E+00  2.58413467E-03  0.00000000E+00  0.00000000E+00  0.00000000E+00  0.00000000E+00  0.00000000E+00  6.54452397E-02  0.00000000E+00  0.00000000E+00 -3.40794165E-02
    1.951000      1   0.00000000E+00  0.00000000E+00  2.59641293E-03  0.00000000E+00  0.00000000E+00  0.00000000E+00  0.00000000E+00  0.00000000E+00  6.54111462E-02  0.00000000E+00  0.00000000E+00 -3.40935721E-02
    1.952000      1   0.00000000E+00  0.00000000E+00  2.61557105E-03  0.00000000E+00  0.00000000E+00  0.00000000E+00  0.00000000E+00  0.00000000E+00  6.53770466E-02  0.00000000E+00  0.00000000E+00 -3.40995963E-02
    1.953000      1   0.00000000E+00  0.00000000E+00  2.59937318E-03  0.00000000E+00  0.00000000E+00  0.00000000E+00  0.00000000E+00  0.00000000E+00  6.53429484E-02  0.00000000E+00  0.00000000E+00 -3.40982002E-02
    1.954000      1   0.00000000E+00  0.00000000E+00  2.59654756E-03  0.00000000E+00  0.00000000E+00  0.00000000E+00  0.00000000E+00  0.00000000E+00  6.53088550E-02  0.00000000E+00  0.00000000E+00 -3.40933767E-02
    1.955000      1   0.00000000E+00  0.00000000E+00  2.61371603E-03  0.00000000E+00  0.00000000E+00  0.00000000E+00  0.00000000E+00  0.00000000E+00  6.52747606E-02  0.00000000E+00  0.00000000E+00 -3.40943726E-02
    1.956000      1   0.00000000E+00  0.00000000E+00  2.62578338E-03  0.00000000E+00  0.00000000E+00  0.00000000E+00  0.00000000E+00  0.00000000E+00  6.52406674E-02  0.00000000E+00  0.00000000E+00 -3.40932603E-02
    1.957000      1   0.00000000E+00  0.00000000E+00  2.57183128E-03  0.00000000E+00  0.00000000E+00  0.00000000E+00  0.00000000E+00  0.00000000E+00  6.52065830E-02  0.00000000E+00  0.00000000E+00 -3.40843757E-02
    1.958000      1   0.00000000E+00  0.00000000E+00  2.58807771E-03  0.00000000E+00  0.00000000E+00  0.00000000E+00  0.00000000E+00  0.00000000E+00  6.51725019E-02  0.00000000E+00  0.00000000E+00 -3.40810688E-02
    1.959000      1   0.00000000E+00  0.00000000E+00  2.58836288E-03  0.00000000E+00  0.00000000E+00  0.00000000E+00  0.00000000E+00  0.00000000E+00  6.51384093E-02  0.00000000E+00  0.00000000E+00 -3.40926076E-02
    1.960000      1   0.00000000E+00  0.00000000E+00  2.60876883E-03  0.00000000E+00  0.00000000E+00  0.00000000E+00  0.00000000E+00  0.00000000E+00  6.51043106E-02  0.00000000E+00  0.00000000E+00 -3.40987604E-02
    1.961000      1   0.00000000E+00  0.00000000E+00  2.59822151E-03  0.00000000E+00  0.00000000E+00  0.00000000E+00  0.00000000E+00  0.00000000E+00  6.50702093E-02  0.00000000E+00  0.00000000E+00 -3.41012110E-02
    1.962000      1   0.00000000E+00  0.00000000E+00  2.61517387E-03  0.00000000E+00  0.00000000E+00  0.00000000E+00  0.00000000E+00  0.00000000E+00  6.50361105E-02  0.00000000E+00  0.00000000E+00 -3.40988251E-02
    1.963000      1   0.00000000E+00  0.00000000E+00  2.60736433E-03  0.00000000E+00  0.00000000E+00  0.00000000E+00  0.00000000E+00  0.00000000E+00  6.50020136E-02  0.00000000E+00  0.00000000E+00 -3.40969053E-02
    1.964000      1   0.00000000E+00  0.00000000E+00  2.61867144E-03  0.00000000E+00  0.00000000E+00  0.00000000E+00  0.00000000E+00  0.00000000E+00  6.49679228E-02  0.00000000E+00  0.00000000E+00 -3.40907991E-02
    1.965000      1   0.00000000E+00  0.00000000E+00  2.57998876E-03  0.00000000E+00  0.00000000E+00  0.00000000E+00  0.00000000E+00  0.00000000E+00  6.49338376E-02  0.00000000E+00  0.00000000E+00 -3.40852581E-02
    1.966000      1   0.00000000E+00  0.00000000E+00  2.58221724E-03  0.00000000E+00  0.00000000E+00  0.00000000E+00  0.00000000E+00  0.00000000E+00  6.48997547E-02  0.00000000E+00  0.00000000E+00 -3.40828444E-02
    1.967000      1   0.00000000E+00  0.00000000E+00  2.58653381E-03  0.00000000E+00  0.00000000E+00  0.00000000E+00  0.00000000E+00  0.00000000E+00  6.48656620E-02  0.00000000E+00  0.00000000E+00 -3.40927405E-02
    1.968000      1   0.00000000E+00  0.00000000E+00  2.62498150E-03  0.00000000E+00  0.00000000E+00  0.00000000E+00  0.00000000E+00  0.00000000E+00  6.48315608E-02  0.00000000E+00  0.00000000E+00 -3.41011414E-02
    1.969000      1   0.00000000E+00  0.00000000E+00  2.58495764E-03  0.00000000E+00  0.00000000E+00  0.00000000E+00  0.00000000E+00  0.00000000E+00  6.47974595E-02  0.00000000E+00  0.00000000E+00 -3.41013256E-02
    1.970000      1   0.00000000E+00  0.00000000E+00  2.61060342E-03  0.00000000E+00  0.00000000E+00  0.00000000E+00  0.00000000E+00  0.00000000E+00  6.47633635E-02  0.00000000E+00  0.00000000E+00 -3.40959608E-02
    1.971000      1   0.00000000E+00  0.00000000E+00  2.60767645E-03  0.00000000E+00  0.00000000E+00  0.00000000E+00  0.00000000E+00  0.00000000E+00  6.47292643E-02  0.00000000E+00  0.00000000E+00 -3.40992053E-02
    1.972000      1   0.00000000E+00  0.00000000E+00  2.62519930E-03  0.00000000E+00  0.00000000E+00  0.00000000E+00  0.00000000E+00  0.00000000E+00  6.46951698E-02  0.00000000E+00  0.00000000E+00 -3.40945449E-02
    1.973000      1   0.00000000E+00  0.00000000E+00  2.57445719E-03  0.00000000E+00  0.00000000E+00  0.00000000E+00  0.00000000E+00  0.00000000E+00  6.46610820E-02  0.00000000E+00  0.00000000E+00 -3.40877471E-02
    1.974000      1   0.00000000E+00  0.00000000E+00  2.58837495E-03  0.00000000E+00  0.00000000E+00  0.00000000E+00  0.00000000E+00  0.00000000E+00  6.46269979E-02  0.00000000E+00  0.00000000E+00 -3.40841677E-02
    1.975000      1   0.00000000E+00  0.00000000E+00  2.60009435E-03  0.00000000E+00  0.00000000E+00  0.00000000E+00  0.00000000E+00  0.00000000E+00  6.45929031E-02  0.00000000E+00  0.00000000E+00 -3.40947915E-02
    1.976000      1   0.00000000E+00  0.00000000E+00  2.60733557E-03  0.00000000E+00  0.00000000E+00  0.00000000E+00  0.00000000E+00  0.00000000E+00  6.45588043E-02  0.00000000E+00  0.00000000E+00 -3.40987721E-02
    1.977000      1   0.00000000E+00  0.00000000E+00  2.57491759E-03  0.00000000E+00  0.00000000E+00  0.00000000E+00  0.00000000E+00  0.00000000E+00  6.45247067E-02  0.00000000E+00  0.00000000E+00 -3.40976233E-02
    1.978000      1   0.00000000E+00  0.00000000E+00  2.62213004E-03  0.00000000E+00  0.00000000E+00  0.00000000E+00  0.00000000E+00  0.00000000E+00  6.44906069E-02  0.00000000E+00  0.00000000E+00 -3.40998292E-02
    1.979000      1   0.00000000E+00  0.00000000E+00  2.62018620E-03  0.00000000E+00  0.00000000E+00  0.00000000E+00  0.00000000E+00  0.00000000E+00  6.44565025E-02  0.00000000E+00  0.00000000E+00 -3.41043326E-02
    1.980000      1   0.00000000E+00  0.00000000E+00  2.61798347E-03  0.00000000E+00  0.00000000E+00  0.00000000E+00  0.00000000E+00  0.00000000E+00  6.44224089E-02  0.00000000E+00  0.00000000E+00 -3.40936745E-02
    1.981000      1   0.00000000E+00  0.00000000E+00  2.58453701E-03  0.00000000E+00  0.00000000E+00  0.00000000E+00  0.00000000E+00  0.00000000E+00  6.43883248E-02  0.00000000E+00  0.00000000E+00 -3.40840443E-02
    1.982000      1   0.00000000E+00  0.00000000E+00  2.58245042E-03  0.00000000E+00  0.00000000E+00  0.00000000E+00  0.00000000E+00  0.00000000E+00  6.43542438E-02  0.00000000E+00  0.00000000E+00 -3.40810522E-02
    1.983000      1   0.00000000E+00  0.00000000E+00  2.58874800E-03  0.00000000E+00  0.00000000E+00  0.00000000E+00  0.00000000E+00  0.00000000E+00  6.43201543E-02  0.00000000E+00  0.00000000E+00 -3.40894134E-02
    1.984000      1   0.00000000E+00  0.00000000E+00  2.61416926E-03  0.00000000E+00  0.00000000E+00  0.00000000E+00  0.00000000E+00  0.00000000E+00  6.42860570E-02  0.00000000E+00  0.00000000E+00 -3.40973461E-02
    1.985000      1   0.00000000E+00  0.00000000E+00  2.58727299E-03  0.00000000E+00  0.00000000E+00  0.00000000E+00  0.00000000E+00  0.00000000E+00  6.42519583E-02  0.00000000E+00  0.00000000E+00 -3.40987152E-02
    1.986000      1   0.00000000E+00  0.00000000E+00  2.61187696E-03  0.00000000E+00  0.00000000E+00  0.00000000E+00  0.00000000E+00  0.00000000E+00  6.42178618E-02  0.00000000E+00  0.00000000E+00 -3.40964919E-02
    1.987000      1   0.00000000E+00  0.00000000E+00  2.60934230E-03  0.00000000E+00  0.00000000E+00  0.00000000E+00  0.00000000E+00  0.00000000E+00  6.41837630E-02  0.00000000E+00  0.00000000E+00 -3.40987508E-02
    1.988000      1   0.00000000E+00  0.00000000E+00  2.62376629E-03  0.00000000E+00  0.00000000E+00  0.00000000E+00  0.00000000E+00  0.00000000E+00  6.41496697E-02  0.00000000E+00  0.00000000E+00 -3.40933775E-02
    1.989000      1   0.00000000E+00  0.00000000E+00  2.59366615E-03  0.00000000E+00  0.00000000E+00  0.00000000E+00  0.00000000E+00  0.00000000E+00  6.41155834E-02  0.00000000E+00  0.00000000E+00 -3.40862860E-02
    1.990000      1   0.00000000E+00  0.00000000E+00  2.57824360E-03  0.00000000E+00  0.00000000E+00  0.00000000E+00  0.00000000E+00  0.00000000E+00  6.40815036E-02  0.00000000E+00  0.00000000E+00 -3.40797803E-02
    1.991000      1   0.00000000E+00  0.00000000E+00  2.59909275E-03  0.00000000E+00  0.00000000E+00  0.00000000E+00  0.00000000E+00  0.00000000E+00  6.40474177E-02  0.00000000E+00  0.00000000E+00 -3.40858873E-02
    1.992000      1   0.00000000E+00  0.00000000E+00  2.59107048E-03  0.00000000E+00  0.00000000E+00  0.00000000E+00  0.00000000E+00  0.00000000E+00  6.40133243E-02  0.00000000E+00  0.00000000E+00 -3.40933723E-02
    1.993000      1   0.00000000E+00  0.00000000E+00  2.60331049E-03  0.00000000E+00  0.00000000E+00  0.00000000E+00  0.00000000E+00  0.00000000E+00  6.39792289E-02  0.00000000E+00  0.00000000E+00 -3.40954288E-02
    1.994000      1   0.00000000E+00  0.00000000E+00  2.60789746E-03  0.00000000E+00  0.00000000E+00  0.00000000E+00  0.00000000E+00  0.00000000E+00  6.39451310E-02  0.00000000E+00  0.00000000E+00 -3.40979554E-02
    1.995000      1   0.00000000E+00  0.00000000E+00  2.60653766E-03  0.00000000E+00  0.00000000E+00  0.00000000E+00  0.00000000E+00  0.00000000E+00  6.39110353E-02  0.00000000E+00  0.00000000E+00 -3.40956510E-02
    1.996000      1   0.00000000E+00  0.00000000E+00  2.62341576E-03  0.00000000E+00  0.00000000E+00  0.00000000E+00  0.00000000E+00  0.00000000E+00  6.38769432E-02  0.00000000E+00  0.00000000E+00 -3.40920807E-02
    1.997000      1   0.00000000E+00  0.00000000E+00  2.60730553E-03  0.00000000E+00  0.00000000E+00  0.00000000E+00  0.00000000E+00  0.00000000E+00  6.38428572E-02  0.00000000E+00  0.00000000E+00 -3.40859722E-02
    1.998000      1   0.00000000E+00  0.00000000E+00  2.56941561E-03  0.00000000E+00  0.00000000E+00  0.00000000E+00  0.00000000E+00  0.00000000E+00  6.38087801E-02  0.00000000E+00  0.00000000E+00 -3.40771697E-02
    1.999000      1   0.00000000E+00  0.00000000E+00  2.57865703E-03  0.00000000E+00  0.00000000E+00  0.00000000E+00  0.00000000E+00  0.00000000E+00  6.37746997E-02  0.00000000E+00  0.00000000E+00 -3.40803584E-02
    2.000000      1   0.00000000E+00  0.00000000E+00  2.60979256E-03  0.00000000E+00  0.00000000E+00  0.00000000E+00  0.00000000E+00  0.00000000E+00  6.37406054E-02  0.00000000E+00  0.00000000E+00 -3.40943565E-02
    2.001000      1   0.00000000E+00  0.00000000E+00  2.61234161E-03  0.00000000E+00  0.00000000E+00  0.00000000E+00  0.00000000E+00  0.00000000E+00  6.37065055E-02  0.00000000E+00  0.00000000E+00 -3.40998136E-02
    2.002000      1   0.00000000E+00  0.00000000E+00  2.59519657E-03  0.00000000E+00  0.00000000E+00  0.00000000E+00  0.00000000E+00  0.00000000E+00  6.36724110E-02  0.00000000E+00  0.00000000E+00 -3.40945945E-02
    2.003000      1   0.00000000E+00  0.00000000E+00  2.60150412E-03  0.00000000E+00  0.00000000E+00  0.00000000E+00  0.00000000E+00  0.00000000E+00  6.36383194E-02  0.00000000E+00  0.00000000E+00 -3.40915702E-02
    2.004000      1   0.00000000E+00  0.00000000E+00  2.61400225E-03  0.00000000E+00  0.00000000E+00  0.00000000E+00  0.00000000E+00  0.00000000E+00  6.36042263E-02  0.00000000E+00  0.00000000E+00 -3.40930612E-02
    2.005000      1   0.00000000E+00  0.00000000E+00  2.62148565E-03  0.00000000E+00  0.00000000E+00  0.00000000E+00  0.00000000E+00  0.00000000E+00  6.35701361E-02  0.00000000E+00  0.00000000E+00 -3.40902705E-02
    2.006000      1   0.00000000E+00  0.00000000E+00  2.56786395E-03  0.00000000E+00  0.00000000E+00  0.00000000E+00  0.00000000E+00  0.00000000E+00  6.35360540E-02  0.00000000E+00  0.00000000E+00 -3.40820519E-02
    2.007000      1   0.00000000E+00  0.00000000E+00  2.59522256E-03  0.00000000E+00  0.00000000E+00  0.00000000E+00  0.00000000E+00  0.00000000E+00  6.35019731E-02  0.00000000E+00  0.00000000E+00 -3.40808580E-02
    2.008000      1   0.00000000E+00  0.00000000E+00  2.59078721E-03  0.00000000E+00  0.00000000E+00  0.00000000E+00  0.00000000E+00  0.00000000E+00  6.34678807E-02  0.00000000E+00  0.00000000E+00 -3.40924362E-02
    2.009000      1   0.00000000E+00  0.00000000E+00  2.60650505E-03  0.00000000E+00  0.00000000E+00  0.00000000E+00  0.00000000E+00  0.00000000E+00  6.34337849E-02  0.00000000E+00  0.00000000E+00 -3.40958138E-02
    2.010000      1   0.00000000E+00  0.00000000E+00  2.59658027E-03  0.00000000E+00  0.00000000E+00  0.00000000E+00  0.00000000E+00  0.00000000E+00  6.33996870E-02  0.00000000E+00  0.00000000E+00 -3.40978686E-02
    2.011000      1   0.00000000E+00  0.00000000E+00  2.61037642E-03  0.00000000E+00  0.00000000E+00  0.00000000E+00  0.00000000E+00  0.00000000E+00  6.33655905E-02  0.00000000E+00  0.00000000E+00 -3.40965164E-02
    2.012000      1   0.00000000E+00  0.00000000E+00  2.61656325E-03  0.00000000E+00  0.00000000E+00  0.00000000E+00  0.00000000E+00  0.00000000E+00  6.33314945E-02  0.00000000E+00  0.00000000E+00 -3.40959840E-02
    2.013000      1   0.00000000E+00  0.00000000E+00  2.61613516E-03  0.00000000E+00  0.00000000E+00  0.00000000E+00  0.00000000E+00  0.00000000E+00  6.32974047E-02  0.00000000E+00  0.00000000E+00 -3.40898266E-02
    2.014000      1   0.00000000E+00  0.00000000E+00  2.57613617E-03  0.00000000E+00  0.00000000E+00  0.00000000E+00  0.00000000E+00  0.00000000E+00  6.32633230E-02  0.00000000E+00  0.00000000E+00 -3.40817131E-02
    2.015000      1   0.00000000E+00  0.00000000E+00  2.58113185E-03  0.00000000E+00  0.00000000E+00  0.00000000E+00  0.00000000E+00  0.00000000E+00  6.32292422E-02  0.00000000E+00  0.00000000E+00 -3.40808135E-02
    2.016000      1   0.00000000E+00  0.00000000E+00  2.59015726E-03  0.00000000E+00  0.00000000E+00  0.00000000E+00  0.00000000E+00  0.00000000E+00  6.31951500E-02  0.00000000E+00  0.00000000E+00 -3.40921668E-02
    2.017000      1   0.00000000E+00  0.00000000E+00  2.61463866E-03  0.00000000E+00  0.00000000E+00  0.00000000E+00  0.00000000E+00  0.00000000E+00  6.31610497E-02  0.00000000E+00  0.00000000E+00 -3.41002834E-02
    2.018000      1   0.00000000E+00  0.00000000E+00  2.59789513E-03  0.00000000E+00  0.00000000E+00  0.00000000E+00  0.00000000E+00  0.00000000E+00  6.31269486E-02  0.00000000E+00  0.00000000E+00 -3.41011067E-02
    2.019000      1   0.00000000E+00  0.00000000E+00  2.61481070E-03  0.00000000E+00  0.00000000E+00  0.00000000E+00  0.00000000E+00  0.00000000E+00  6.30928518E-02  0.00000000E+00  0.00000000E+00 -3.40968508E-02
    2.020000      1   0.00000000E+00  0.00000000E+00  2.59683144E-03  0.00000000E+00  0.00000000E+00  0.00000000E+00  0.00000000E+00  0.00000000E+00  6.30587567E-02  0.00000000E+00  0.00000000E+00 -3.40951024E-02
    2.021000      1   0.00000000E+00  0.00000000E+00  2.62441005E-03  0.00000000E+00  0.00000000E+00  0.00000000E+00  0.00000000E+00  0.00000000E+00  6.30246657E-02  0.00000000E+00  0.00000000E+00 -3.40909781E-02
    2.022000      1   0.00000000E+00  0.00000000E+00  2.58084369E-03  0.00000000E+00  0.00000000E+00  0.00000000E+00  0.00000000E+00  0.00000000E+00  6.29905778E-02  0.00000000E+00  0.00000000E+00 -3.40878815E-02
    2.023000      1   0.00000000E+00  0.00000000E+00  2.58793935E-03  0.00000000E+00  0.00000000E+00  0.00000000E+00  0.00000000E+00  0.00000000E+00  6.29564944E-02  0.00000000E+00  0.00000000E+00 -3.40834319E-02
    2.024000      1   0.00000000E+00  0.00000000E+00  2.59597451E-03  0.00000000E+00  0.00000000E+00  0.00000000E+00  0.00000000E+00  0.00000000E+00  6.29224023E-02  0.00000000E+00  0.00000000E+00 -3.40920354E-02
    2.025000      1   0.00000000E+00  0.00000000E+00  2.60380734E-03  0.00000000E+00  0.00000000E+00  0.00000000E+00  0.00000000E+00  0.00000000E+00  6.28883054E-02  0.00000000E+00  0.00000000E+00 -3.40968876E-02
    2.026000      1   0.00000000E+00  0.00000000E+00  2.58801999E-03  0.00000000E+00  0.00000000E+00  0.00000000E+00  0.00000000E+00  0.00000000E+00  6.28542077E-02  0.00000000E+00  0.00000000E+00 -3.40977157E-02
    2.027000      1   0.00000000E+00  0.00000000E+00  2.61838540E-03  0.00000000E+00  0.00000000E+00  0.00000000E+00  0.00000000E+00  0.00000000E+00  6.28201090E-02  0.00000000E+00  0.00000000E+00 -3.40987633E-02
    2.028000      1   0.00000000E+00  0.00000000E+00  2.61578920E-03  0.00000000E+00  0.00000000E+00  0.00000000E+00  0.00000000E+00  0.00000000E+00  6.27860093E-02  0.00000000E+00  0.00000000E+00 -3.40996259E-02
    2.029000      1   0.00000000E+00  0.00000000E+00  2.61579427E-03  0.00000000E+00  0.00000000E+00  0.00000000E+00  0.00000000E+00  0.00000000E+00  6.27519184E-02  0.00000000E+00  0.00000000E+00 -3.40909752E-02
    2.030000      1   0.00000000E+00  0.00000000E+00  2.58062706E-03  0.00000000E+00  0.00000000E+00  0.00000000E+00  0.00000000E+00  0.00000000E+00  6.27178352E-02  0.00000000E+00  0.00000000E+00 -3.40831762E-02
    2.031000      1   0.00000000E+00  0.00000000E+00  2.58852750E-03  0.00000000E+00  0.00000000E+00  0.00000000E+00  0.00000000E+00  0.00000000E+00  6.26837536E-02  0.00000000E+00  0.00000000E+00 -3.40815944E-02
    2.032000      1   0.00000000E+00  0.00000000E+00  2.58394983E-03  0.00000000E+00  0.00000000E+00  0.00000000E+00  0.00000000E+00  0.00000000E+00  6.26496634E-02  0.00000000E+00  0.00000000E+00 -3.40901650E-02
    2.033000      1   0.00000000E+00  0.00000000E+00  2.62157887E-03  0.00000000E+00  0.00000000E+00  0.00000000E+00  0.00000000E+00  0.00000000E+00  6.26155665E-02  0.00000000E+00  0.00000000E+00 -3.40969505E-02
    2.034000      1   0.00000000E+00  0.00000000E+00  2.57914134E-03  0.00000000E+00  0.00000000E+00  0.00000000E+00  0.00000000E+00  0.00000000E+00  6.25814679E-02  0.00000000E+00  0.00000000E+00 -3.40985851E-02
    2.035000      1   0.00000000E+00  0.00000000E+00  2.61418254E-03  0.00000000E+00  0.00000000E+00  0.00000000E+00  0.00000000E+00  0.00000000E+00  6.25473725E-02  0.00000000E+00  0.00000000E+00 -3.40953663E-02
    2.036000      1   0.00000000E+00  0.00000000E+00  2.61228048E-03  0.00000000E+00  0.00000000E+00  0.00000000E+00  0.00000000E+00  0.00000000E+00  6.25132726E-02  0.00000000E+00  0.00000000E+00 -3.40998880E-02
    2.037000      1   0.00000000E+00  0.00000000E+00  2.62633107E-03  0.00000000E+00  0.00000000E+00  0.00000000E+00  0.00000000E+00  0.00000000E+00  6.24791794E-02  0.00000000E+00  0.00000000E+00 -3.40932380E-02
    2.038000      1   0.00000000E+00  0.00000000E+00  2.58267295E-03  0.00000000E+00  0.00000000E+00  0.00000000E+00  0.00000000E+00  0.00000000E+00  6.24450947E-02  0.00000000E+00  0.00000000E+00 -3.40847280E-02
    2.039000      1   0.00000000E+00  0.00000000E+00  2.58284818E-03  0.00000000E+00  0.00000000E+00  0.00000000E+00  0.00000000E+00  0.00000000E+00  6.24110153E-02  0.00000000E+00  0.00000000E+00 -3.40793240E-02
    2.040000      1   0.00000000E+00  0.00000000E+00  2.59887066E-03  0.00000000E+00  0.00000000E+00  0.00000000E+00  0.00000000E+00  0.00000000E+00  6.23769271E-02  0.00000000E+00  0.00000000E+00 -3.40882270E-02
    2.041000      1   0.00000000E+00  0.00000000E+00  2.59654661E-03  0.00000000E+00  0.00000000E+00  0.00000000E+00  0.00000000E+00  0.00000000E+00  6.23428329E-02  0.00000000E+00  0.00000000E+00 -3.40942391E-02
    2.042000      1   0.00000000E+00  0.00000000E+00  2.59916480E-03  0.00000000E+00  0.00000000E+00  0.00000000E+00  0.00000000E+00  0.00000000E+00  6.23087375E-02  0.00000000E+00  0.00000000E+00 -3.40954001E-02
    2.043000      1   0.00000000E+00  0.00000000E+00  2.60162821E-03  0.00000000E+00  0.00000000E+00  0.00000000E+00  0.00000000E+00  0.00000000E+00  6.22746406E-02  0.00000000E+00  0.00000000E+00 -3.40968614E-02
    2.044000      1   0.00000000E+00  0.00000000E+00  2.62017397E-03  0.00000000E+00  0.00000000E+00  0.00000000E+00  0.00000000E+00  0.00000000E+00  6.22405436E-02  0.00000000E+00  0.00000000E+00 -3.40970272E-02
    2.045000      1   0.00000000E+00  0.00000000E+00  2.61988782E-03  0.00000000E+00  0.00000000E+00  0.00000000E+00  0.00000000E+00  0.00000000E+00  6.22064505E-02  0.00000000E+00  0.00000000E+00 -3.40931044E-02
    2.046000      1   0.00000000E+00  0.00000000E+00  2.59908404E-03  0.00000000E+00  0.00000000E+00  0.00000000E+00  0.00000000E+00  0.00000000E+00  6.21723673E-02  0.00000000E+00  0.00000000E+00 -3.40831414E-02
    2.047000      1   0.00000000E+00  0.00000000E+00  2.57336801E-03  0.00000000E+00  0.00000000E+00  0.00000000E+00  0.00000000E+00  0.00000000E+00  6.21382904E-02  0.00000000E+00  0.00000000E+00 -3.40769514E-02
    2.048000      1   0.00000000E+00  0.00000000E+00  2.58257938E-03  0.00000000E+00  0.00000000E+00  0.00000000E+00  0.00000000E+00  0.00000000E+00  6.21042083E-02  0.00000000E+00  0.00000000E+00 -3.40821412E-02
    2.049000      1   0.00000000E+00  0.00000000E+00  2.61097201E-03  0.00000000E+00  0.00000000E+00  0.00000000E+00  0.00000000E+00  0.00000000E+00  6.20701141E-02  0.00000000E+00  0.00000000E+00 -3.40941476E-02
    2.050000      1   0.00000000E+00  0.00000000E+00  2.60654907E-03  0.00000000E+00  0.00000000E+00  0.00000000E+00  0.00000000E+00  0.00000000E+00  6.20360160E-02  0.00000000E+00  0.00000000E+00 -3.40981080E-02
    2.051000      1   0.00000000E+00  0.00000000E+00  2.60151441E-03  0.00000000E+00  0.00000000E+00  0.00000000E+00  0.00000000E+00  0.00000000E+00  6.20019225E-02  0.00000000E+00  0.00000000E+00 -3.40935259E-02
    2.052000      1   0.00000000E+00  0.00000000E+00  2.59864387E-03  0.00000000E+00  0.00000000E+00  0.00000000E+00  0.00000000E+00  0.00000000E+00  6.19678312E-02  0.00000000E+00  0.00000000E+00 -3.40912867E-02
    2.053000      1   0.00000000E+00  0.00000000E+00  2.62455690E-03  0.00000000E+00  0.00000000E+00  0.00000000E+00  0.00000000E+00  0.00000000E+00  6.19337400E-02  0.00000000E+00  0.00000000E+00 -3.40912086E-02
    2.054000      1   0.00000000E+00  0.00000000E+00  2.60888844E-03  0.00000000E+00  0.00000000E+00  0.00000000E+00  0.00000000E+00  0.00000000E+00  6.18996525E-02  0.00000000E+00  0.00000000E+00 -3.40874908E-02
    2.055000      1   0.00000000E+00  0.00000000E+00  2.56941255E-03  0.00000000E+00  0.00000000E+00  0.00000000E+00  0.00000000E+00  0.00000000E+00  6.18655745E-02  0.00000000E+00  0.00000000E+00 -3.40780336E-02
    2.056000      1   0.00000000E+00  0.00000000E+00  2.60186185E-03  0.00000000E+00  0.00000000E+00  0.00000000E+00  0.00000000E+00  0.00000000E+00  6.18314938E-02  0.00000000E+00  0.00000000E+00 -3.40807030E-02
    2.057000      1   0.00000000E+00  0.00000000E+00  2.57941847E-03  0.00000000E+00  0.00000000E+00  0.00000000E+00  0.00000000E+00  0.00000000E+00  6.17974032E-02  0.00000000E+00  0.00000000E+00 -3.40905986E-02
    2.058000      1   0.00000000E+00  0.00000000E+00  2.61830473E-03  0.00000000E+00  0.00000000E+00  0.00000000E+00  0.00000000E+00  0.00000000E+00  6.17633093E-02  0.00000000E+00  0.00000000E+00 -3.40938062E-02
    2.059000      1   0.00000000E+00  0.00000000E+00  2.59553734E-03  0.00000000E+00  0.00000000E+00  0.00000000E+00  0.00000000E+00  0.00000000E+00  6.17292118E-02  0.00000000E+00  0.00000000E+00 -3.40975079E-02
    2.060000      1   0.00000000E+00  0.00000000E+00  2.61146626E-03  0.00000000E+00  0.00000000E+00  0.00000000E+00  0.00000000E+00  0.00000000E+00  6.16951194E-02  0.00000000E+00  0.00000000E+00 -3.40924649E-02
    2.061000      1   0.00000000E+00  0.00000000E+00  2.60384910E-03  0.00000000E+00  0.00000000E+00  0.00000000E+00  0.00000000E+00  0.00000000E+00  6.16610273E-02  0.00000000E+00  0.00000000E+00 -3.40920823E-02
    2.062000      1   0.00000000E+00  0.00000000E+00  2.62782106E-03  0.00000000E+00  0.00000000E+00  0.00000000E+00  0.00000000E+00  0.00000000E+00  6.16269395E-02  0.00000000E+00  0.00000000E+00 -3.40878154E-02
    2.063000      1   0.00000000E+00  0.00000000E+00  2.57305986E-03  0.00000000E+00  0.00000000E+00  0.00000000E+00  0.00000000E+00  0.00000000E+00  6.15928577E-02  0.00000000E+00  0.00000000E+00 -3.40818109E-02
    2.064000      1   0.00000000E+00  0.00000000E+00  2.57714306E-03  0.00000000E+00  0.00000000E+00  0.00000000E+00  0.00000000E+00  0.00000000E+00  6.15587800E-02  0.00000000E+00  0.00000000E+00 -3.40776175E-02
    2.065000      1   0.00000000E+00  0.00000000E+00  2.59866658E-03  0.00000000E+00  0.00000000E+00  0.00000000E+00  0.00000000E+00  0.00000000E+00  6.15246894E-02  0.00000000E+00  0.00000000E+00 -3.40906865E-02
    2.066000      1   0.00000000E+00  0.00000000E+00  2.61196872E-03  0.00000000E+00  0.00000000E+00  0.00000000E+00  0.00000000E+00  0.00000000E+00  6.14905908E-02  0.00000000E+00  0.00000000E+00 -3.40986083E-02
    2.067000      1   0.00000000E+00  0.00000000E+00  2.60286481E-03  0.00000000E+00  0.00000000E+00  0.00000000E+00  0.00000000E+00  0.00000000E+00  6.14564936E-02  0.00000000E+00  0.00000000E+00 -3.40971091E-02
    2.068000      1   0.00000000E+00  0.00000000E+00  2.59696603E-03  0.00000000E+00  0.00000000E+00  0.00000000E+00  0.00000000E+00  0.00000000E+00  6.14224008E-02  0.00000000E+00  0.00000000E+00 -3.40928512E-02
    2.069000      1   0.00000000E+00  0.00000000E+00  2.61664824E-03  0.00000000E+00  0.00000000E+00  0.00000000E+00  0.00000000E+00  0.00000000E+00  6.13883082E-02  0.00000000E+00  0.00000000E+00 -3.40926264E-02
    2.070000      1   0.00000000E+00  0.00000000E+00  2.61713651E-03  0.00000000E+00  0.00000000E+00  0.00000000E+00  0.00000000E+00  0.00000000E+00  6.13542173E-02  0.00000000E+00  0.00000000E+00 -3.40908581E-02
    2.071000      1   0.00000000E+00  0.00000000E+00  2.57960863E-03  0.00000000E+00  0.00000000E+00  0.00000000E+00  0.00000000E+00  0.00000000E+00  6.13201348E-02  0.00000000E+00  0.00000000E+00 -3.40825396E-02
    2.072000      1   0.00000000E+00  0.00000000E+00  2.58534620E-03  0.00000000E+00  0.00000000E+00  0.00000000E+00  0.00000000E+00  0.00000000E+00  6.12860541E-02  0.00000000E+00  0.00000000E+00 -3.40806972E-02
    2.073000      1   0.00000000E+00  0.00000000E+00  2.59325352E-03  0.00000000E+00  0.00000000E+00  0.00000000E+00  0.00000000E+00  0.00000000E+00  6.12519639E-02  0.00000000E+00  0.00000000E+00 -3.40901648E-02
    2.074000      1   0.00000000E+00  0.00000000E+00  2.60639605E-03  0.00000000E+00  0.00000000E+00  0.00000000E+00  0.00000000E+00  0.00000000E+00  6.12178676E-02  0.00000000E+00  0.00000000E+00 -3.40963498E-02
    2.075000      1   0.00000000E+00  0.00000000E+00  2.59277318E-03  0.00000000E+00  0.00000000E+00  0.00000000E+00  0.00000000E+00  0.00000000E+00  6.11837699E-02  0.00000000E+00  0.00000000E+00 -3.40976138E-02
    2.076000      1   0.00000000E+00  0.00000000E+00  2.62487423E-03  0.00000000E+00  0.00000000E+00  0.00000000E+00  0.00000000E+00  0.00000000E+00  6.11496730E-02  0.00000000E+00  0.00000000E+00 -3.40969707E-02
    2.077000      1   0.00000000E+00  0.00000000E+00  2.59836963E-03  0.00000000E+00  0.00000000E+00  0.00000000E+00  0.00000000E+00  0.00000000E+00  6.11155778E-02  0.00000000E+00  0.00000000E+00 -3.40951248E-02
    2.078000      1   0.00000000E+00  0.00000000E+00  2.62615651E-03  0.00000000E+00  0.00000000E+00  0.00000000E+00  0.00000000E+00  0.00000000E+00  6.10814904E-02  0.00000000E+00  0.00000000E+00 -3.40874235E-02
    2.079000      1   0.00000000E+00  0.00000000E+00  2.57342762E-03  0.00000000E+00  0.00000000E+00  0.00000000E+00  0.00000000E+00  0.00000000E+00  6.10474069E-02  0.00000000E+00  0.00000000E+00 -3.40835129E-02
    2.080000      1   0.00000000E+00  0.00000000E+00  2.59039149E-03  0.00000000E+00  0.00000000E+00  0.00000000E+00  0.00000000E+00  0.00000000E+00  6.10133271E-02  0.00000000E+00  0.00000000E+00 -3.40798011E-02
    2.081000      1   0.00000000E+00  0.00000000E+00  2.58593876E-03  0.00000000E+00  0.00000000E+00  0.00000000E+00  0.00000000E+00  0.00000000E+00  6.09792367E-02  0.00000000E+00  0.00000000E+00 -3.40904065E-02
    2.082000      1   0.00000000E+00  0.00000000E+00  2.61952103E-03  0.00000000E+00  0.00000000E+00  0.00000000E+00  0.00000000E+00  0.00000000E+00  6.09451405E-02  0.00000000E+00  0.00000000E+00 -3.40962281E-02
    2.083000      1   0.00000000E+00  0.00000000E+00  2.58141040E-03  0.00000000E+00  0.00000000E+00  0.00000000E+00  0.00000000E+00  0.00000000E+00  6.09110429E-02  0.00000000E+00  0.00000000E+00 -3.40975734E-02
    2.084000      1   0.00000000E+00  0.00000000E+00  2.61793070E-03  0.00000000E+00  0.00000000E+00  0.00000000E+00  0.00000000E+00  0.00000000E+00  6.08769483E-02  0.00000000E+00  0.00000000E+00 -3.40946292E-02
    2.085000      1   0.00000000E+00  0.00000000E+00  2.60752032E-03  0.00000000E+00  0.00000000E+00  0.00000000E+00  0.00000000E+00  0.00000000E+00  6.08428505E-02  0.00000000E+00  0.00000000E+00 -3.40977429E-02
    2.086000      1   0.00000000E+00  0.00000000E+00  2.62225296E-03  0.00000000E+00  0.00000000E+00  0.00000000E+00  0.00000000E+00  0.00000000E+00  6.08087598E-02  0.00000000E+00  0.00000000E+00 -3.40907037E-02
    2.087000      1   0.00000000E+00  0.00000000E+00  2.58286271E-03  0.00000000E+00  0.00000000E+00  0.00000000E+00  0.00000000E+00  0.00000000E+00  6.07746753E-02  0.00000000E+00  0.00000000E+00 -3.40844782E-02
    2.088000      1   0.00000000E+00  0.00000000E+00  2.58350997E-03  0.00000000E+00  0.00000000E+00  0.00000000E+00  0.00000000E+00  0.00000000E+00  6.07405950E-02  0.00000000E+00  0.00000000E+00 -3.40803800E-02
    2.089000      1   0.00000000E+00  0.00000000E+00  2.60298957E-03  0.00000000E+00  0.00000000E+00  0.00000000E+00  0.00000000E+00  0.00000000E+00  6.07065059E-02  0.00000000E+00  0.00000000E+00 -3.40891036E-02
    2.090000      1   0.00000000E+00  0.00000000E+00  2.59870592E-03  0.00000000E+00  0.00000000E+00  0.00000000E+00  0.00000000E+00  0.00000000E+00  6.06724117E-02  0.00000000E+00  0.00000000E+00 -3.40941700E-02
    2.091000      1   0.00000000E+00  0.00000000E+00  2.58932947E-03  0.00000000E+00  0.00000000E+00  0.00000000E+00  0.00000000E+00  0.00000000E+00  6.06383181E-02  0.00000000E+00  0.00000000E+00 -3.40935964E-02
    2.092000      1   0.00000000E+00  0.00000000E+00  2.60954001E-03  0.00000000E+00  0.00000000E+00  0.00000000E+00  0.00000000E+00  0.00000000E+00  6.06042220E-02  0.00000000E+00  0.00000000E+00 -3.40960878E-02
    2.093000      1   0.00000000E+00  0.00000000E+00  2.62519660E-03  0.00000000E+00  0.00000000E+00  0.00000000E+00  0.00000000E+00  0.00000000E+00  6.05701239E-02  0.00000000E+00  0.00000000E+00 -3.40980846E-02
    2.094000      1   0.00000000E+00  0.00000000E+00  2.61307718E-03  0.00000000E+00  0.00000000E+00  0.00000000E+00  0.00000000E+00  0.00000000E+00  6.05360333E-02  0.00000000E+00  0.00000000E+00 -3.40906752E-02
    2.095000      1   0.00000000E+00  0.00000000E+00  2.59430089E-03  0.00000000E+00  0.00000000E+00  0.00000000E+00  0.00000000E+00  0.00000000E+00  6.05019530E-02  0.00000000E+00  0.00000000E+00 -3.40802671E-02
    2.096000      1   0.00000000E+00  0.00000000E+00  2.57707637E-03  0.00000000E+00  0.00000000E+00  0.00000000E+00  0.00000000E+00  0.00000000E+00  6.04678758E-02  0.00000000E+00  0.00000000E+00 -3.40771597E-02
    2.097000      1   0.00000000E+00  0.00000000E+00  2.58778037E-03  0.00000000E+00  0.00000000E+00  0.00000000E+00  0.00000000E+00  0.00000000E+00  6.04337926E-02  0.00000000E+00  0.00000000E+00 -3.40832646E-02
    2.098000      1   0.00000000E+00  0.00000000E+00  2.60975849E-03  0.00000000E+00  0.00000000E+00  0.00000000E+00  0.00000000E+00  0.00000000E+00  6.03996994E-02  0.00000000E+00  0.00000000E+00 -3.40931334E-02
    2.099000      1   0.00000000E+00  0.00000000E+00  2.59568685E-03  0.00000000E+00  0.00000000E+00  0.00000000E+00  0.00000000E+00  0.00000000E+00  6.03656038E-02  0.00000000E+00  0.00000000E+00 -3.40956002E-02
    2.100000      1   0.00000000E+00  0.00000000E+00  2.60769846E-03  0.00000000E+00  0.00000000E+00  0.00000000E+00  0.00000000E+00  0.00000000E+00  6.03315105E-02  0.00000000E+00  0.00000000E+00 -3.40933376E-02
    2.101000      1   0.00000000E+00  0.00000000E+00  2.60565037E-03  0.00000000E+00  0.00000000E+00  0.00000000E+00  0.00000000E+00  0.00000000E+00  6.02974169E-02  0.00000000E+00  0.00000000E+00 -3.40935721E-02
    2.102000      1   0.00000000E+00  0.00000000E+00  2.62836419E-03  0.00000000E+00  0.00000000E+00  0.00000000E+00  0.00000000E+00  0.00000000E+00  6.02633267E-02  0.00000000E+00  0.00000000E+00 -3.40902241E-02
    2.103000      1   0.00000000E+00  0.00000000E+00  2.59173077E-03  0.00000000E+00  0.00000000E+00  0.00000000E+00  0.00000000E+00  0.00000000E+00  6.02292432E-02  0.00000000E+00  0.00000000E+00 -3.40835319E-02
    2.104000      1   0.00000000E+00  0.00000000E+00  2.57989048E-03  0.00000000E+00  0.00000000E+00  0.00000000E+00  0.00000000E+00  0.00000000E+00  6.01951673E-02  0.00000000E+00  0.00000000E+00 -3.40758585E-02
    2.105000      1   0.00000000E+00  0.00000000E+00  2.59726340E-03  0.00000000E+00  0.00000000E+00  0.00000000E+00  0.00000000E+00  0.00000000E+00  6.01610850E-02  0.00000000E+00  0.00000000E+00 -3.40823098E-02
    2.106000      1   0.00000000E+00  0.00000000E+00  2.59134831E-03  0.00000000E+00  0.00000000E+00  0.00000000E+00  0.00000000E+00  0.00000000E+00  6.01269954E-02  0.00000000E+00  0.00000000E+00 -3.40895774E-02
    2.107000      1   0.00000000E+00  0.00000000E+00  2.60513343E-03  0.00000000E+00  0.00000000E+00  0.00000000E+00  0.00000000E+00  0.00000000E+00  6.00929032E-02  0.00000000E+00  0.00000000E+00 -3.40921856E-02
    2.108000      1   0.00000000E+00  0.00000000E+00  2.60397680E-03  0.00000000E+00  0.00000000E+00  0.00000000E+00  0.00000000E+00  0.00000000E+00  6.00588089E-02  0.00000000E+00  0.00000000E+00 -3.40942986E-02
    2.109000      1   0.00000000E+00  0.00000000E+00  2.61015653E-03  0.00000000E+00  0.00000000E+00  0.00000000E+00  0.00000000E+00  0.00000000E+00  6.00247168E-02  0.00000000E+00  0.00000000E+00 -3.40920889E-02
    2.110000      1   0.00000000E+00  0.00000000E+00  2.61447882E-03  0.00000000E+00  0.00000000E+00  0.00000000E+00  0.00000000E+00  0.00000000E+00  5.99906277E-02  0.00000000E+00  0.00000000E+00 -3.40891662E-02
    2.111000      1   0.00000000E+00  0.00000000E+00  2.61651791E-03  0.00000000E+00  0.00000000E+00  0.00000000E+00  0.00000000E+00  0.00000000E+00  5.99565442E-02  0.00000000E+00  0.00000000E+00 -3.40834496E-02
    2.112000      1   0.00000000E+00  0.00000000E+00  2.57074119E-03  0.00000000E+00  0.00000000E+00  0.00000000E+00  0.00000000E+00  0.00000000E+00  5.99224683E-02  0.00000000E+00  0.00000000E+00 -3.40759530E-02
    2.113000      1   0.00000000E+00  0.00000000E+00  2.57845823E-03  0.00000000E+00  0.00000000E+00  0.00000000E+00  0.00000000E+00  0.00000000E+00  5.98883924E-02  0.00000000E+00  0.00000000E+00 -3.40758818E-02
    2.114000      1   0.00000000E+00  0.00000000E+00  2.60070787E-03  0.00000000E+00  0.00000000E+00  0.00000000E+00  0.00000000E+00  0.00000000E+00  5.98543029E-02  0.00000000E+00  0.00000000E+00 -3.40894797E-02
    2.115000      1   0.00000000E+00  0.00000000E+00  2.61815190E-03  0.00000000E+00  0.00000000E+00  0.00000000E+00  0.00000000E+00  0.00000000E+00  5.98202063E-02  0.00000000E+00  0.00000000E+00 -3.40966086E-02
    2.116000      1   0.00000000E+00  0.00000000E+00  2.59804904E-03  0.00000000E+00  0.00000000E+00  0.00000000E+00  0.00000000E+00  0.00000000E+00  5.97861130E-02  0.00000000E+00  0.00000000E+00 -3.40933456E-02
    2.117000      1   0.00000000E+00  0.00000000E+00  2.59493718E-03  0.00000000E+00  0.00000000E+00  0.00000000E+00  0.00000000E+00  0.00000000E+00  5.97520250E-02  0.00000000E+00  0.00000000E+00 -3.40879087E-02
    2.118000      1   0.00000000E+00  0.00000000E+00  2.61582732E-03  0.00000000E+00  0.00000000E+00  0.00000000E+00  0.00000000E+00  0.00000000E+00  5.97179354E-02  0.00000000E+00  0.00000000E+00 -3.40896242E-02
    2.119000      1   0.00000000E+00  0.00000000E+00  2.62340021E-03  0.00000000E+00  0.00000000E+00  0.00000000E+00  0.00000000E+00  0.00000000E+00  5.96838468E-02  0.00000000E+00  0.00000000E+00 -3.40886674E-02
    2.120000      1   0.00000000E+00  0.00000000E+00  2.57036736E-03  0.00000000E+00  0.00000000E+00  0.00000000E+00  0.00000000E+00  0.00000000E+00  5.96497672E-02  0.00000000E+00  0.00000000E+00 -3.40795109E-02
    2.121000      1   0.00000000E+00  0.00000000E+00  2.59353240E-03  0.00000000E+00  0.00000000E+00  0.00000000E+00  0.00000000E+00  0.00000000E+00  5.96156900E-02  0.00000000E+00  0.00000000E+00 -3.40772455E-02
    2.122000      1   0.00000000E+00  0.00000000E+00  2.58707333E-03  0.00000000E+00  0.00000000E+00  0.00000000E+00  0.00000000E+00  0.00000000E+00  5.95816017E-02  0.00000000E+00  0.00000000E+00 -3.40883005E-02
    2.123000      1   0.00000000E+00  0.00000000E+00  2.60665128E-03  0.00000000E+00  0.00000000E+00  0.00000000E+00  0.00000000E+00  0.00000000E+00  5.95475088E-02  0.00000000E+00  0.00000000E+00 -3.40928899E-02
    2.124000      1   0.00000000E+00  0.00000000E+00  2.59944073E-03  0.00000000E+00  0.00000000E+00  0.00000000E+00  0.00000000E+00  0.00000000E+00  5.95134127E-02  0.00000000E+00  0.00000000E+00 -3.40961385E-02
    2.125000      1   0.00000000E+00  0.00000000E+00  2.61457797E-03  0.00000000E+00  0.00000000E+00  0.00000000E+00  0.00000000E+00  0.00000000E+00  5.94793184E-02  0.00000000E+00  0.00000000E+00 -3.40942324E-02
    2.126000      1   0.00000000E+00  0.00000000E+00  2.60976583E-03  0.00000000E+00  0.00000000E+00  0.00000000E+00  0.00000000E+00  0.00000000E+00  5.94452264E-02  0.00000000E+00  0.00000000E+00 -3.40920176E-02
    2.127000      1   0.00000000E+00  0.00000000E+00  2.61591285E-03  0.00000000E+00  0.00000000E+00  0.00000000E+00  0.00000000E+00  0.00000000E+00  5.94111407E-02  0.00000000E+00  0.00000000E+00 -3.40856824E-02
    2.128000      1   0.00000000E+00  0.00000000E+00  2.57905231E-03  0.00000000E+00  0.00000000E+00  0.00000000E+00  0.00000000E+00  0.00000000E+00  5.93770609E-02  0.00000000E+00  0.00000000E+00 -3.40798406E-02
    2.129000      1   0.00000000E+00  0.00000000E+00  2.58399073E-03  0.00000000E+00  0.00000000E+00  0.00000000E+00  0.00000000E+00  0.00000000E+00  5.93429824E-02  0.00000000E+00  0.00000000E+00 -3.40784984E-02
    2.130000      1   0.00000000E+00  0.00000000E+00  2.58633716E-03  0.00000000E+00  0.00000000E+00  0.00000000E+00  0.00000000E+00  0.00000000E+00  5.93088940E-02  0.00000000E+00  0.00000000E+00 -3.40883884E-02
    2.131000      1   0.00000000E+00  0.00000000E+00  2.62190070E-03  0.00000000E+00  0.00000000E+00  0.00000000E+00  0.00000000E+00  0.00000000E+00  5.92747978E-02  0.00000000E+00  0.00000000E+00 -3.40962417E-02
    2.132000      1   0.00000000E+00  0.00000000E+00  2.59108494E-03  0.00000000E+00  0.00000000E+00  0.00000000E+00  0.00000000E+00  0.00000000E+00  5.92407007E-02  0.00000000E+00  0.00000000E+00 -3.40970353E-02
    2.133000      1   0.00000000E+00  0.00000000E+00  2.61155020E-03  0.00000000E+00  0.00000000E+00  0.00000000E+00  0.00000000E+00  0.00000000E+00  5.92066091E-02  0.00000000E+00  0.00000000E+00 -3.40915987E-02
    2.134000      1   0.00000000E+00  0.00000000E+00  2.60161623E-03  0.00000000E+00  0.00000000E+00  0.00000000E+00  0.00000000E+00  0.00000000E+00  5.91725165E-02  0.00000000E+00  0.00000000E+00 -3.40926635E-02
    2.135000      1   0.00000000E+00  0.00000000E+00  2.62389118E-03  0.00000000E+00  0.00000000E+00  0.00000000E+00  0.00000000E+00  0.00000000E+00  5.91384277E-02  0.00000000E+00  0.00000000E+00 -3.40887639E-02
    2.136000      1   0.00000000E+00  0.00000000E+00  2.58172869E-03  0.00000000E+00  0.00000000E+00  0.00000000E+00  0.00000000E+00  0.00000000E+00  5.91043435E-02  0.00000000E+00  0.00000000E+00 -3.40841876E-02
    2.137000      1   0.00000000E+00  0.00000000E+00  2.58416061E-03  0.00000000E+00  0.00000000E+00  0.00000000E+00  0.00000000E+00  0.00000000E+00  5.90702638E-02  0.00000000E+00  0.00000000E+00 -3.40797519E-02
    2.138000      1   0.00000000E+00  0.00000000E+00  2.60161938E-03  0.00000000E+00  0.00000000E+00  0.00000000E+00  0.00000000E+00  0.00000000E+00  5.90361750E-02  0.00000000E+00  0.00000000E+00 -3.40887329E-02
    2.139000      1   0.00000000E+00  0.00000000E+00  2.60064972E-03  0.00000000E+00  0.00000000E+00  0.00000000E+00  0.00000000E+00  0.00000000E+00  5.90020812E-02  0.00000000E+00  0.00000000E+00 -3.40938279E-02
    2.140000      1   0.00000000E+00  0.00000000E+00  2.58508848E-03  0.00000000E+00  0.00000000E+00  0.00000000E+00  0.00000000E+00  0.00000000E+00  5.89679878E-02  0.00000000E+00  0.00000000E+00 -3.40933606E-02
    2.141000      1   0.00000000E+00  0.00000000E+00  2.61774112E-03  0.00000000E+00  0.00000000E+00  0.00000000E+00  0.00000000E+00  0.00000000E+00  5.89338919E-02  0.00000000E+00  0.00000000E+00 -3.40959636E-02
    2.142000      1   0.00000000E+00  0.00000000E+00  2.62414562E-03  0.00000000E+00  0.00000000E+00  0.00000000E+00  0.00000000E+00  0.00000000E+00  5.88997940E-02  0.00000000E+00  0.00000000E+00 -3.40979029E-02
    2.143000      1   0.00000000E+00  0.00000000E+00  2.61207448E-03  0.00000000E+00  0.00000000E+00  0.00000000E+00  0.00000000E+00  0.00000000E+00  5.88657060E-02  0.00000000E+00  0.00000000E+00 -3.40879860E-02
    2.144000      1   0.00000000E+00  0.00000000E+00  2.58180647E-03  0.00000000E+00  0.00000000E+00  0.00000000E+00  0.00000000E+00  0.00000000E+00  5.88316279E-02  0.00000000E+00  0.00000000E+00 -3.40781004E-02
    2.145000      1   0.00000000E+00  0.00000000E+00  2.58823297E-03  0.00000000E+00  0.00000000E+00  0.00000000E+00  0.00000000E+00  0.00000000E+00  5.87975504E-02  0.00000000E+00  0.00000000E+00 -3.40775317E-02
    2.146000      1   0.00000000E+00  0.00000000E+00  2.58949810E-03  0.00000000E+00  0.00000000E+00  0.00000000E+00  0.00000000E+00  0.00000000E+00  5.87634646E-02  0.00000000E+00  0.00000000E+00 -3.40857671E-02
    2.147000      1   0.00000000E+00  0.00000000E+00  2.61287671E-03  0.00000000E+00  0.00000000E+00  0.00000000E+00  0.00000000E+00  0.00000000E+00  5.87293729E-02  0.00000000E+00  0.00000000E+00 -3.40916681E-02
    2.148000      1   0.00000000E+00  0.00000000E+00  2.58411324E-03  0.00000000E+00  0.00000000E+00  0.00000000E+00  0.00000000E+00  0.00000000E+00  5.86952799E-02  0.00000000E+00  0.00000000E+00 -3.40930194E-02
    2.149000      1   0.00000000E+00  0.00000000E+00  2.61567427E-03  0.00000000E+00  0.00000000E+00  0.00000000E+00  0.00000000E+00  0.00000000E+00  5.86611881E-02  0.00000000E+00  0.00000000E+00 -3.40917794E-02
    2.150000      1   0.00000000E+00  0.00000000E+00  2.60917971E-03  0.00000000E+00  0.00000000E+00  0.00000000E+00  0.00000000E+00  0.00000000E+00  5.86270937E-02  0.00000000E+00  0.00000000E+00 -3.40944044E-02
    2.151000      1   0.00000000E+00  0.00000000E+00  2.62273870E-03  0.00000000E+00  0.00000000E+00  0.00000000E+00  0.00000000E+00  0.00000000E+00  5.85930059E-02  0.00000000E+00  0.00000000E+00 -3.40878129E-02
    2.152000      1   0.00000000E+00  0.00000000E+00  2.59176949E-03  0.00000000E+00  0.00000000E+00  0.00000000E+00  0.00000000E+00  0.00000000E+00  5.85589250E-02  0.00000000E+00  0.00000000E+00 -3.40809565E-02
    2.153000      1   0.00000000E+00  0.00000000E+00  2.57783523E-03  0.00000000E+00  0.00000000E+00  0.00000000E+00  0.00000000E+00  0.00000000E+00  5.85248498E-02  0.00000000E+00  0.00000000E+00 -3.40751237E-02
    2.154000      1   0.00000000E+00  0.00000000E+00  2.60199506E-03  0.00000000E+00  0.00000000E+00  0.00000000E+00  0.00000000E+00  0.00000000E+00  5.84907679E-02  0.00000000E+00  0.00000000E+00 -3.40819257E-02
    2.155000      1   0.00000000E+00  0.00000000E+00  2.59147351E-03  0.00000000E+00  0.00000000E+00  0.00000000E+00  0.00000000E+00  0.00000000E+00  5.84566789E-02  0.00000000E+00  0.00000000E+00 -3.40890316E-02
    2.156000      1   0.00000000E+00  0.00000000E+00  2.60144926E-03  0.00000000E+00  0.00000000E+00  0.00000000E+00  0.00000000E+00  0.00000000E+00  5.84225888E-02  0.00000000E+00  0.00000000E+00 -3.40900636E-02
    2.157000      1   0.00000000E+00  0.00000000E+00  2.60405348E-03  0.00000000E+00  0.00000000E+00  0.00000000E+00  0.00000000E+00  0.00000000E+00  5.83884960E-02  0.00000000E+00  0.00000000E+00 -3.40927870E-02
    2.158000      1   0.00000000E+00  0.00000000E+00  2.61332261E-03  0.00000000E+00  0.00000000E+00  0.00000000E+00  0.00000000E+00  0.00000000E+00  5.83544042E-02  0.00000000E+00  0.00000000E+00 -3.40917737E-02
    2.159000      1   0.00000000E+00  0.00000000E+00  2.62348739E-03  0.00000000E+00  0.00000000E+00  0.00000000E+00  0.00000000E+00  0.00000000E+00  5.83203160E-02  0.00000000E+00  0.00000000E+00 -3.40882659E-02
    2.160000      1   0.00000000E+00  0.00000000E+00  2.60230640E-03  0.00000000E+00  0.00000000E+00  0.00000000E+00  0.00000000E+00  0.00000000E+00  5.82862361E-02  0.00000000E+00  0.00000000E+00 -3.40799166E-02
    2.161000      1   0.00000000E+00  0.00000000E+00  2.57055703E-03  0.00000000E+00  0.00000000E+00  0.00000000E+00  0.00000000E+00  0.00000000E+00  5.82521641E-02  0.00000000E+00  0.00000000E+00 -3.40719745E-02
    2.162000      1   0.00000000E+00  0.00000000E+00  2.58242329E-03  0.00000000E+00  0.00000000E+00  0.00000000E+00  0.00000000E+00  0.00000000E+00  5.82180875E-02  0.00000000E+00  0.00000000E+00 -3.40766032E-02
    2.163000      1   0.00000000E+00  0.00000000E+00  2.60807427E-03  0.00000000E+00  0.00000000E+00  0.00000000E+00  0.00000000E+00  0.00000000E+00  5.81839979E-02  0.00000000E+00  0.00000000E+00 -3.40895604E-02
    2.164000      1   0.00000000E+00  0.00000000E+00  2.61192965E-03  0.00000000E+00  0.00000000E+00  0.00000000E+00  0.00000000E+00  0.00000000E+00  5.81499038E-02  0.00000000E+00  0.00000000E+00 -3.40940844E-02
    2.165000      1   0.00000000E+00  0.00000000E+00  2.59491332E-03  0.00000000E+00  0.00000000E+00  0.00000000E+00  0.00000000E+00  0.00000000E+00  5.81158143E-02  0.00000000E+00  0.00000000E+00 -3.40895025E-02
    2.166000      1   0.00000000E+00  0.00000000E+00  2.60516271E-03  0.00000000E+00  0.00000000E+00  0.00000000E+00  0.00000000E+00  0.00000000E+00  5.80817277E-02  0.00000000E+00  0.00000000E+00 -3.40866636E-02
    2.167000      1   0.00000000E+00  0.00000000E+00  2.61772820E-03  0.00000000E+00  0.00000000E+00  0.00000000E+00  0.00000000E+00  0.00000000E+00  5.80476401E-02  0.00000000E+00  0.00000000E+00 -3.40876006E-02
    2.168000      1   0.00000000E+00  0.00000000E+00  2.61562213E-03  0.00000000E+00  0.00000000E+00  0.00000000E+00  0.00000000E+00  0.00000000E+00  5.80135571E-02  0.00000000E+00  0.00000000E+00 -3.40829495E-02
    2.169000      1   0.00000000E+00  0.00000000E+00  2.56605922E-03  0.00000000E+00  0.00000000E+00  0.00000000E+00  0.00000000E+00  0.00000000E+00  5.79794826E-02  0.00000000E+00  0.00000000E+00 -3.40745441E-02
    2.170000      1   0.00000000E+00  0.00000000E+00  2.60114780E-03  0.00000000E+00  0.00000000E+00  0.00000000E+00  0.00000000E+00  0.00000000E+00  5.79454070E-02  0.00000000E+00  0.00000000E+00 -3.40755951E-02
    2.171000      1   0.00000000E+00  0.00000000E+00  2.58677531E-03  0.00000000E+00  0.00000000E+00  0.00000000E+00  0.00000000E+00  0.00000000E+00  5.79113203E-02  0.00000000E+00  0.00000000E+00 -3.40867182E-02
    2.172000      1   0.00000000E+00  0.00000000E+00  2.60884972E-03  0.00000000E+00  0.00000000E+00  0.00000000E+00  0.00000000E+00  0.00000000E+00  5.78772314E-02  0.00000000E+00  0.00000000E+00 -3.40888593E-02
    2.173000      1   0.00000000E+00  0.00000000E+00  2.59713382E-03  0.00000000E+00  0.00000000E+00  0.00000000E+00  0.00000000E+00  0.00000000E+00  5.78431396E-02  0.00000000E+00  0.00000000E+00 -3.40918170E-02
    2.174000      1   0.00000000E+00  0.00000000E+00  2.61001505E-03  0.00000000E+00  0.00000000E+00  0.00000000E+00  0.00000000E+00  0.00000000E+00  5.78090500E-02  0.00000000E+00  0.00000000E+00 -3.40895969E-02
    2.175000      1   0.00000000E+00  0.00000000E+00  2.61071283E-03  0.00000000E+00  0.00000000E+00  0.00000000E+00  0.00000000E+00  0.00000000E+00  5.77749611E-02  0.00000000E+00  0.00000000E+00 -3.40889466E-02
    2.176000      1   0.00000000E+00  0.00000000E+00  2.62265900E-03  0.00000000E+00  0.00000000E+00  0.00000000E+00  0.00000000E+00  0.00000000E+00  5.77408771E-02  0.00000000E+00  0.00000000E+00 -3.40839425E-02
    2.177000      1   0.00000000E+00  0.00000000E+00  2.57690933E-03  0.00000000E+00  0.00000000E+00  0.00000000E+00  0.00000000E+00  0.00000000E+00  5.77068005E-02  0.00000000E+00  0.00000000E+00 -3.40765967E-02
    2.178000      1   0.00000000E+00  0.00000000E+00  2.57681705E-03  0.00000000E+00  0.00000000E+00  0.00000000E+00  0.00000000E+00  0.00000000E+00  5.76727271E-02  0.00000000E+00  0.00000000E+00 -3.40734179E-02
    2.179000      1   0.00000000E+00  0.00000000E+00  2.59218301E-03  0.00000000E+00  0.00000000E+00  0.00000000E+00  0.00000000E+00  0.00000000E+00  5.76386418E-02  0.00000000E+00  0.00000000E+00 -3.40852803E-02
    2.180000      1   0.00000000E+00  0.00000000E+00  2.61527494E-03  0.00000000E+00  0.00000000E+00  0.00000000E+00  0.00000000E+00  0.00000000E+00  5.76045474E-02  0.00000000E+00  0.00000000E+00 -3.40944557E-02
    2.181000      1   0.00000000E+00  0.00000000E+00  2.60070033E-03  0.00000000E+00  0.00000000E+00  0.00000000E+00  0.00000000E+00  0.00000000E+00  5.75704529E-02  0.00000000E+00  0.00000000E+00 -3.40945011E-02
    2.182000      1   0.00000000E+00  0.00000000E+00  2.60723105E-03  0.00000000E+00  0.00000000E+00  0.00000000E+00  0.00000000E+00  0.00000000E+00  5.75363633E-02  0.00000000E+00  0.00000000E+00 -3.40895402E-02
    2.183000      1   0.00000000E+00  0.00000000E+00  2.60200084E-03  0.00000000E+00  0.00000000E+00  0.00000000E+00  0.00000000E+00  0.00000000E+00  5.75022751E-02  0.00000000E+00  0.00000000E+00 -3.40882109E-02
    2.184000      1   0.00000000E+00  0.00000000E+00  2.62422341E-03  0.00000000E+00  0.00000000E+00  0.00000000E+00  0.00000000E+00  0.00000000E+00  5.74681894E-02  0.00000000E+00  0.00000000E+00 -3.40856618E-02
    2.185000      1   0.00000000E+00  0.00000000E+00  2.58291662E-03  0.00000000E+00  0.00000000E+00  0.00000000E+00  0.00000000E+00  0.00000000E+00  5.74341085E-02  0.00000000E+00  0.00000000E+00 -3.40809004E-02
    2.186000      1   0.00000000E+00  0.00000000E+00  2.58236591E-03  0.00000000E+00  0.00000000E+00  0.00000000E+00  0.00000000E+00  0.00000000E+00  5.74000324E-02  0.00000000E+00  0.00000000E+00 -3.40761456E-02
    2.187000      1   0.00000000E+00  0.00000000E+00  2.59783402E-03  0.00000000E+00  0.00000000E+00  0.00000000E+00  0.00000000E+00  0.00000000E+00  5.73659473E-02  0.00000000E+00  0.00000000E+00 -3.40850538E-02
    2.188000      1   0.00000000E+00  0.00000000E+00  2.60470107E-03  0.00000000E+00  0.00000000E+00  0.00000000E+00  0.00000000E+00  0.00000000E+00  5.73318559E-02  0.00000000E+00  0.00000000E+00 -3.40914076E-02
    2.189000      1   0.00000000E+00  0.00000000E+00  2.59070383E-03  0.00000000E+00  0.00000000E+00  0.00000000E+00  0.00000000E+00  0.00000000E+00  5.72977645E-02  0.00000000E+00  0.00000000E+00 -3.40914670E-02
    2.190000      1   0.00000000E+00  0.00000000E+00  2.61900427E-03  0.00000000E+00  0.00000000E+00  0.00000000E+00  0.00000000E+00  0.00000000E+00  5.72636727E-02  0.00000000E+00  0.00000000E+00 -3.40917465E-02
    2.191000      1   0.00000000E+00  0.00000000E+00  2.60978727E-03  0.00000000E+00  0.00000000E+00  0.00000000E+00  0.00000000E+00  0.00000000E+00  5.72295811E-02  0.00000000E+00  0.00000000E+00 -3.40916182E-02
    2.192000      1   0.00000000E+00  0.00000000E+00  2.61797623E-03  0.00000000E+00  0.00000000E+00  0.00000000E+00  0.00000000E+00  0.00000000E+00  5.71954973E-02  0.00000000E+00  0.00000000E+00 -3.40838256E-02
    2.193000      1   0.00000000E+00  0.00000000E+00  2.58207973E-03  0.00000000E+00  0.00000000E+00  0.00000000E+00  0.00000000E+00  0.00000000E+00  5.71614197E-02  0.00000000E+00  0.00000000E+00 -3.40776119E-02
    2.194000      1   0.00000000E+00  0.00000000E+00  2.58728473E-03  0.00000000E+00  0.00000000E+00  0.00000000E+00  0.00000000E+00  0.00000000E+00  5.71273446E-02  0.00000000E+00  0.00000000E+00 -3.40750567E-02
    2.195000      1   0.00000000E+00  0.00000000E+00  2.58497861E-03  0.00000000E+00  0.00000000E+00  0.00000000E+00  0.00000000E+00  0.00000000E+00  5.70932612E-02  0.00000000E+00  0.00000000E+00 -3.40833699E-02
    2.196000      1   0.00000000E+00  0.00000000E+00  2.62214244E-03  0.00000000E+00  0.00000000E+00  0.00000000E+00  0.00000000E+00  0.00000000E+00  5.70591709E-02  0.00000000E+00  0.00000000E+00 -3.40903816E-02
    2.197000      1   0.00000000E+00  0.00000000E+00  2.57721043E-03  0.00000000E+00  0.00000000E+00  0.00000000E+00  0.00000000E+00  0.00000000E+00  5.70250793E-02  0.00000000E+00  0.00000000E+00 -3.40915787E-02
    2.198000      1   0.00000000E+00  0.00000000E+00  2.61677288E-03  0.00000000E+00  0.00000000E+00  0.00000000E+00  0.00000000E+00  0.00000000E+00  5.69909908E-02  0.00000000E+00  0.00000000E+00 -3.40885163E-02
    2.199000      1   0.00000000E+00  0.00000000E+00  2.61187015E-03  0.00000000E+00  0.00000000E+00  0.00000000E+00  0.00000000E+00  0.00000000E+00  5.69568976E-02  0.00000000E+00  0.00000000E+00 -3.40932140E-02
    2.200000      1   0.00000000E+00  0.00000000E+00  2.62637575E-03  0.00000000E+00  0.00000000E+00  0.00000000E+00  0.00000000E+00  0.00000000E+00  5.69228118E-02  0.00000000E+00  0.00000000E+00 -3.40857859E-02
    2.201000      1   0.00000000E+00  0.00000000E+00  2.58018018E-03  0.00000000E+00  0.00000000E+00  0.00000000E+00  0.00000000E+00  0.00000000E+00  5.68887344E-02  0.00000000E+00  0.00000000E+00 -3.40774028E-02
    2.202000      1   0.00000000E+00  0.00000000E+00  2.58541205E-03  0.00000000E+00  0.00000000E+00  0.00000000E+00  0.00000000E+00  0.00000000E+00  5.68546619E-02  0.00000000E+00  0.00000000E+00 -3.40724249E-02
    2.203000      1   0.00000000E+00  0.00000000E+00  2.59954758E-03  0.00000000E+00  0.00000000E+00  0.00000000E+00  0.00000000E+00  0.00000000E+00  5.68205802E-02  0.00000000E+00  0.00000000E+00 -3.40816932E-02
    2.204000      1   0.00000000E+00  0.00000000E+00  2.59605545E-03  0.00000000E+00  0.00000000E+00  0.00000000E+00  0.00000000E+00  0.00000000E+00  5.67864935E-02  0.00000000E+00  0.00000000E+00 -3.40867435E-02
    2.205000      1   0.00000000E+00  0.00000000E+00  2.59694143E-03  0.00000000E+00  0.00000000E+00  0.00000000E+00  0.00000000E+00  0.00000000E+00  5.67524057E-02  0.00000000E+00  0.00000000E+00 -3.40877691E-02
    2.206000      1   0.00000000E+00  0.00000000E+00  2.60584974E-03  0.00000000E+00  0.00000000E+00  0.00000000E+00  0.00000000E+00  0.00000000E+00  5.67183159E-02  0.00000000E+00  0.00000000E+00 -3.40897849E-02
    2.207000      1   0.00000000E+00  0.00000000E+00  2.61925260E-03  0.00000000E+00  0.00000000E+00  0.00000000E+00  0.00000000E+00  0.00000000E+00  5.66842260E-02  0.00000000E+00  0.00000000E+00 -3.40899343E-02
    2.208000      1   0.00000000E+00  0.00000000E+00  2.61974312E-03  0.00000000E+00  0.00000000E+00  0.00000000E+00  0.00000000E+00  0.00000000E+00  5.66501412E-02  0.00000000E+00  0.00000000E+00 -3.40847880E-02
    2.209000      1   0.00000000E+00  0.00000000E+00  2.59796574E-03  0.00000000E+00  0.00000000E+00  0.00000000E+00  0.00000000E+00  0.00000000E+00  5.66160661E-02  0.00000000E+00  0.00000000E+00 -3.40751533E-02
    2.210000      1   0.00000000E+00  0.00000000E+00  2.57353205E-03  0.00000000E+00  0.00000000E+00  0.00000000E+00  0.00000000E+00  0.00000000E+00  5.65819969E-02  0.00000000E+00  0.00000000E+00 -3.40692085E-02
    2.211000      1   0.00000000E+00  0.00000000E+00  2.58329786E-03  0.00000000E+00  0.00000000E+00  0.00000000E+00  0.00000000E+00  0.00000000E+00  5.65479221E-02  0.00000000E+00  0.00000000E+00 -3.40747366E-02
    2.212000      1   0.00000000E+00  0.00000000E+00  2.61355402E-03  0.00000000E+00  0.00000000E+00  0.00000000E+00  0.00000000E+00  0.00000000E+00  5.65138356E-02  0.00000000E+00  0.00000000E+00 -3.40865621E-02
    2.213000      1   0.00000000E+00  0.00000000E+00  2.60199778E-03  0.00000000E+00  0.00000000E+00  0.00000000E+00  0.00000000E+00  0.00000000E+00  5.64797457E-02  0.00000000E+00  0.00000000E+00 -3.40898299E-02
    2.214000      1   0.00000000E+00  0.00000000E+00  2.60419578E-03  0.00000000E+00  0.00000000E+00  0.00000000E+00  0.00000000E+00  0.00000000E+00  5.64456605E-02  0.00000000E+00  0.00000000E+00 -3.40852047E-02
    2.215000      1   0.00000000E+00  0.00000000E+00  2.59954071E-03  0.00000000E+00  0.00000000E+00  0.00000000E+00  0.00000000E+00  0.00000000E+00  5.64115765E-02  0.00000000E+00  0.00000000E+00 -3.40839860E-02
    2.216000      1   0.00000000E+00  0.00000000E+00  2.62712801E-03  0.00000000E+00  0.00000000E+00  0.00000000E+00  0.00000000E+00  0.00000000E+00  5.63774937E-02  0.00000000E+00  0.00000000E+00 -3.40828687E-02
    2.217000      1   0.00000000E+00  0.00000000E+00  2.60414270E-03  0.00000000E+00  0.00000000E+00  0.00000000E+00  0.00000000E+00  0.00000000E+00  5.63434153E-02  0.00000000E+00  0.00000000E+00 -3.40784017E-02
    2.218000      1   0.00000000E+00  0.00000000E+00  2.56962058E-03  0.00000000E+00  0.00000000E+00  0.00000000E+00  0.00000000E+00  0.00000000E+00  5.63093463E-02  0.00000000E+00  0.00000000E+00 -3.40689393E-02
    2.219000      1   0.00000000E+00  0.00000000E+00  2.60309086E-03  0.00000000E+00  0.00000000E+00  0.00000000E+00  0.00000000E+00  0.00000000E+00  5.62752732E-02  0.00000000E+00  0.00000000E+00 -3.40731305E-02
    2.220000      1   0.00000000E+00  0.00000000E+00  2.58100629E-03  0.00000000E+00  0.00000000E+00  0.00000000E+00  0.00000000E+00  0.00000000E+00  5.62411905E-02  0.00000000E+00  0.00000000E+00 -3.40827404E-02
    2.221000      1   0.00000000E+00  0.00000000E+00  2.61738824E-03  0.00000000E+00  0.00000000E+00  0.00000000E+00  0.00000000E+00  0.00000000E+00  5.62071052E-02  0.00000000E+00  0.00000000E+00 -3.40852636E-02
    2.222000      1   0.00000000E+00  0.00000000E+00  2.59386810E-03  0.00000000E+00  0.00000000E+00  0.00000000E+00  0.00000000E+00  0.00000000E+00  5.61730166E-02  0.00000000E+00  0.00000000E+00 -3.40886059E-02
    2.223000      1   0.00000000E+00  0.00000000E+00  2.61388880E-03  0.00000000E+00  0.00000000E+00  0.00000000E+00  0.00000000E+00  0.00000000E+00  5.61389324E-02  0.00000000E+00  0.00000000E+00 -3.40841592E-02
    2.224000      1   0.00000000E+00  0.00000000E+00  2.60656997E-03  0.00000000E+00  0.00000000E+00  0.00000000E+00  0.00000000E+00  0.00000000E+00  5.61048485E-02  0.00000000E+00  0.00000000E+00 -3.40838963E-02
    2.225000      1   0.00000000E+00  0.00000000E+00  2.62034337E-03  0.00000000E+00  0.00000000E+00  0.00000000E+00  0.00000000E+00  0.00000000E+00  5.60707702E-02  0.00000000E+00  0.00000000E+00 -3.40783527E-02
    2.226000      1   0.00000000E+00  0.00000000E+00  2.57884194E-03  0.00000000E+00  0.00000000E+00  0.00000000E+00  0.00000000E+00  0.00000000E+00  5.60366974E-02  0.00000000E+00  0.00000000E+00 -3.40727769E-02
    2.227000      1   0.00000000E+00  0.00000000E+00  2.57463232E-03  0.00000000E+00  0.00000000E+00  0.00000000E+00  0.00000000E+00  0.00000000E+00  5.60026274E-02  0.00000000E+00  0.00000000E+00 -3.40700169E-02
    2.228000      1   0.00000000E+00  0.00000000E+00  2.60074076E-03  0.00000000E+00  0.00000000E+00  0.00000000E+00  0.00000000E+00  0.00000000E+00  5.59685458E-02  0.00000000E+00  0.00000000E+00 -3.40816309E-02
    2.229000      1   0.00000000E+00  0.00000000E+00  2.61208203E-03  0.00000000E+00  0.00000000E+00  0.00000000E+00  0.00000000E+00  0.00000000E+00  5.59344557E-02  0.00000000E+00  0.00000000E+00 -3.40900105E-02
    2.230000      1   0.00000000E+00  0.00000000E+00  2.60285584E-03  0.00000000E+00  0.00000000E+00  0.00000000E+00  0.00000000E+00  0.00000000E+00  5.59003679E-02  0.00000000E+00  0.00000000E+00 -3.40878101E-02
    2.231000      1   0.00000000E+00  0.00000000E+00  2.59296291E-03  0.00000000E+00  0.00000000E+00  0.00000000E+00  0.00000000E+00  0.00000000E+00  5.58662844E-02  0.00000000E+00  0.00000000E+00 -3.40835166E-02
    2.232000      1   0.00000000E+00  0.00000000E+00  2.62077018E-03  0.00000000E+00  0.00000000E+00  0.00000000E+00  0.00000000E+00  0.00000000E+00  5.58322004E-02  0.00000000E+00  0.00000000E+00 -3.40840025E-02
    2.233000      1   0.00000000E+00  0.00000000E+00  2.61714906E-03  0.00000000E+00  0.00000000E+00  0.00000000E+00  0.00000000E+00  0.00000000E+00  5.57981176E-02  0.00000000E+00  0.00000000E+00 -3.40828201E-02
    2.234000      1   0.00000000E+00  0.00000000E+00  2.57823438E-03  0.00000000E+00  0.00000000E+00  0.00000000E+00  0.00000000E+00  0.00000000E+00  5.57640445E-02  0.00000000E+00  0.00000000E+00 -3.40731457E-02
    2.235000      1   0.00000000E+00  0.00000000E+00  2.58487757E-03  0.00000000E+00  0.00000000E+00  0.00000000E+00  0.00000000E+00  0.00000000E+00  5.57299729E-02  0.00000000E+00  0.00000000E+00 -3.40715421E-02
    2.236000      1   0.00000000E+00  0.00000000E+00  2.59459423E-03  0.00000000E+00  0.00000000E+00  0.00000000E+00  0.00000000E+00  0.00000000E+00  5.56958914E-02  0.00000000E+00  0.00000000E+00 -3.40815439E-02
    2.237000      1   0.00000000E+00  0.00000000E+00  2.60508090E-03  0.00000000E+00  0.00000000E+00  0.00000000E+00  0.00000000E+00  0.00000000E+00  5.56618037E-02  0.00000000E+00  0.00000000E+00 -3.40876457E-02
    2.238000      1   0.00000000E+00  0.00000000E+00  2.59376379E-03  0.00000000E+00  0.00000000E+00  0.00000000E+00  0.00000000E+00  0.00000000E+00  5.56277150E-02  0.00000000E+00  0.00000000E+00 -3.40887020E-02
    2.239000      1   0.00000000E+00  0.00000000E+00  2.62532542E-03  0.00000000E+00  0.00000000E+00  0.00000000E+00  0.00000000E+00  0.00000000E+00  5.55936267E-02  0.00000000E+00  0.00000000E+00 -3.40883156E-02
    2.240000      1   0.00000000E+00  0.00000000E+00  2.59838784E-03  0.00000000E+00  0.00000000E+00  0.00000000E+00  0.00000000E+00  0.00000000E+00  5.55595406E-02  0.00000000E+00  0.00000000E+00 -3.40860646E-02
    2.241000      1   0.00000000E+00  0.00000000E+00  2.62637531E-03  0.00000000E+00  0.00000000E+00  0.00000000E+00  0.00000000E+00  0.00000000E+00  5.55254624E-02  0.00000000E+00  0.00000000E+00 -3.40782119E-02
    2.242000      1   0.00000000E+00  0.00000000E+00  2.57378739E-03  0.00000000E+00  0.00000000E+00  0.00000000E+00  0.00000000E+00  0.00000000E+00  5.54913882E-02  0.00000000E+00  0.00000000E+00 -3.40742566E-02
    2.243000      1   0.00000000E+00  0.00000000E+00  2.59156253E-03  0.00000000E+00  0.00000000E+00  0.00000000E+00  0.00000000E+00  0.00000000E+00  5.54573178E-02  0.00000000E+00  0.00000000E+00 -3.40704094E-02
    2.244000      1   0.00000000E+00  0.00000000E+00  2.58244115E-03  0.00000000E+00  0.00000000E+00  0.00000000E+00  0.00000000E+00  0.00000000E+00  5.54232371E-02  0.00000000E+00  0.00000000E+00 -3.40806895E-02
    2.245000      1   0.00000000E+00  0.00000000E+00  2.62318179E-03  0.00000000E+00  0.00000000E+00  0.00000000E+00  0.00000000E+00  0.00000000E+00  5.53891503E-02  0.00000000E+00  0.00000000E+00 -3.40867450E-02
    2.246000      1   0.00000000E+00  0.00000000E+00  2.58072184E-03  0.00000000E+00  0.00000000E+00  0.00000000E+00  0.00000000E+00  0.00000000E+00  5.53550617E-02  0.00000000E+00  0.00000000E+00 -3.40885916E-02
    2.247000      1   0.00000000E+00  0.00000000E+00  2.61724087E-03  0.00000000E+00  0.00000000E+00  0.00000000E+00  0.00000000E+00  0.00000000E+00  5.53209772E-02  0.00000000E+00  0.00000000E+00 -3.40845669E-02
    2.248000      1   0.00000000E+00  0.00000000E+00  2.60746222E-03  0.00000000E+00  0.00000000E+00  0.00000000E+00  0.00000000E+00  0.00000000E+00  5.52868891E-02  0.00000000E+00  0.00000000E+00 -3.40880288E-02
    2.249000      1   0.00000000E+00  0.00000000E+00  2.62336899E-03  0.00000000E+00  0.00000000E+00  0.00000000E+00  0.00000000E+00  0.00000000E+00  5.52528079E-02  0.00000000E+00  0.00000000E+00 -3.40812264E-02
    2.250000      1   0.00000000E+00  0.00000000E+00  2.58322149E-03  0.00000000E+00  0.00000000E+00  0.00000000E+00  0.00000000E+00  0.00000000E+00  5.52187331E-02  0.00000000E+00  0.00000000E+00 -3.40748226E-02
    2.251000      1   0.00000000E+00  0.00000000E+00  2.58410058E-03  0.00000000E+00  0.00000000E+00  0.00000000E+00  0.00000000E+00  0.00000000E+00  5.51846628E-02  0.00000000E+00  0.00000000E+00 -3.40702944E-02
    2.252000      1   0.00000000E+00  0.00000000E+00  2.59816160E-03  0.00000000E+00  0.00000000E+00  0.00000000E+00  0.00000000E+00  0.00000000E+00  5.51505840E-02  0.00000000E+00  0.00000000E+00 -3.40787958E-02
    2.253000      1   0.00000000E+00  0.00000000E+00  2.60476599E-03  0.00000000E+00  0.00000000E+00  0.00000000E+00  0.00000000E+00  0.00000000E+00  5.51164995E-02  0.00000000E+00  0.00000000E+00 -3.40845220E-02
    2.254000      1   0.00000000E+00  0.00000000E+00  2.58622462E-03  0.00000000E+00  0.00000000E+00  0.00000000E+00  0.00000000E+00  0.00000000E+00  5.50824150E-02  0.00000000E+00  0.00000000E+00 -3.40844623E-02
    2.255000      1   0.00000000E+00  0.00000000E+00  2.61031350E-03  0.00000000E+00  0.00000000E+00  0.00000000E+00  0.00000000E+00  0.00000000E+00  5.50483295E-02  0.00000000E+00  0.00000000E+00 -3.40855126E-02
    2.256000      1   0.00000000E+00  0.00000000E+00  2.62428810E-03  0.00000000E+00  0.00000000E+00  0.00000000E+00  0.00000000E+00  0.00000000E+00  5.50142411E-02  0.00000000E+00  0.00000000E+00 -3.40883922E-02
    2.257000      1   0.00000000E+00  0.00000000E+00  2.61506757E-03  0.00000000E+00  0.00000000E+00  0.00000000E+00  0.00000000E+00  0.00000000E+00  5.49801602E-02  0.00000000E+00  0.00000000E+00 -3.40808895E-02
    2.258000      1   0.00000000E+00  0.00000000E+00  2.59468025E-03  0.00000000E+00  0.00000000E+00  0.00000000E+00  0.00000000E+00  0.00000000E+00  5.49460898E-02  0.00000000E+00  0.00000000E+00 -3.40704278E-02
    2.259000      1   0.00000000E+00  0.00000000E+00  2.57555249E-03  0.00000000E+00  0.00000000E+00  0.00000000E+00  0.00000000E+00  0.00000000E+00  5.49120232E-02  0.00000000E+00  0.00000000E+00 -3.40665996E-02
    2.260000      1   0.00000000E+00  0.00000000E+00  2.58816831E-03  0.00000000E+00  0.00000000E+00  0.00000000E+00  0.00000000E+00  0.00000000E+00  5.48779503E-02  0.00000000E+00  0.00000000E+00 -3.40728494E-02
    2.261000      1   0.00000000E+00  0.00000000E+00  2.61132608E-03  0.00000000E+00  0.00000000E+00  0.00000000E+00  0.00000000E+00  0.00000000E+00  5.48438672E-02  0.00000000E+00  0.00000000E+00 -3.40831500E-02
    2.262000      1   0.00000000E+00  0.00000000E+00  2.59499951E-03  0.00000000E+00  0.00000000E+00  0.00000000E+00  0.00000000E+00  0.00000000E+00  5.48097820E-02  0.00000000E+00  0.00000000E+00 -3.40852123E-02
    2.263000      1   0.00000000E+00  0.00000000E+00  2.60628761E-03  0.00000000E+00  0.00000000E+00  0.00000000E+00  0.00000000E+00  0.00000000E+00  5.47756994E-02  0.00000000E+00  0.00000000E+00 -3.40825564E-02
    2.264000      1   0.00000000E+00  0.00000000E+00  2.60868601E-03  0.00000000E+00  0.00000000E+00  0.00000000E+00  0.00000000E+00  0.00000000E+00  5.47416162E-02  0.00000000E+00  0.00000000E+00 -3.40832661E-02
    2.265000      1   0.00000000E+00  0.00000000E+00  2.62643060E-03  0.00000000E+00  0.00000000E+00  0.00000000E+00  0.00000000E+00  0.00000000E+00  5.47075363E-02  0.00000000E+00  0.00000000E+00 -3.40798446E-02
    2.266000      1   0.00000000E+00  0.00000000E+00  2.59280246E-03  0.00000000E+00  0.00000000E+00  0.00000000E+00  0.00000000E+00  0.00000000E+00  5.46734638E-02  0.00000000E+00  0.00000000E+00 -3.40724975E-02
    2.267000      1   0.00000000E+00  0.00000000E+00  2.57955421E-03  0.00000000E+00  0.00000000E+00  0.00000000E+00  0.00000000E+00  0.00000000E+00  5.46393985E-02  0.00000000E+00  0.00000000E+00 -3.40652695E-02
    2.268000      1   0.00000000E+00  0.00000000E+00  2.59896495E-03  0.00000000E+00  0.00000000E+00  0.00000000E+00  0.00000000E+00  0.00000000E+00  5.46053271E-02  0.00000000E+00  0.00000000E+00 -3.40714283E-02
    2.269000      1   0.00000000E+00  0.00000000E+00  2.58903226E-03  0.00000000E+00  0.00000000E+00  0.00000000E+00  0.00000000E+00  0.00000000E+00  5.45712486E-02  0.00000000E+00  0.00000000E+00 -3.40785055E-02
    2.270000      1   0.00000000E+00  0.00000000E+00  2.60686981E-03  0.00000000E+00  0.00000000E+00  0.00000000E+00  0.00000000E+00  0.00000000E+00  5.45371677E-02  0.00000000E+00  0.00000000E+00 -3.40809644E-02
    2.271000      1   0.00000000E+00  0.00000000E+00  2.60437369E-03  0.00000000E+00  0.00000000E+00  0.00000000E+00  0.00000000E+00  0.00000000E+00  5.45030841E-02  0.00000000E+00  0.00000000E+00 -3.40835310E-02
    2.272000      1   0.00000000E+00  0.00000000E+00  2.60920511E-03  0.00000000E+00  0.00000000E+00  0.00000000E+00  0.00000000E+00  0.00000000E+00  5.44690034E-02  0.00000000E+00  0.00000000E+00 -3.40806808E-02
    2.273000      1   0.00000000E+00  0.00000000E+00  2.61487276E-03  0.00000000E+00  0.00000000E+00  0.00000000E+00  0.00000000E+00  0.00000000E+00  5.44349256E-02  0.00000000E+00  0.00000000E+00 -3.40777960E-02
    2.274000      1   0.00000000E+00  0.00000000E+00  2.61711911E-03  0.00000000E+00  0.00000000E+00  0.00000000E+00  0.00000000E+00  0.00000000E+00  5.44008533E-02  0.00000000E+00  0.00000000E+00 -3.40723223E-02
    2.275000      1   0.00000000E+00  0.00000000E+00  2.57088066E-03  0.00000000E+00  0.00000000E+00  0.00000000E+00  0.00000000E+00  0.00000000E+00  5.43667887E-02  0.00000000E+00  0.00000000E+00 -3.40645900E-02
    2.276000      1   0.00000000E+00  0.00000000E+00  2.57796160E-03  0.00000000E+00  0.00000000E+00  0.00000000E+00  0.00000000E+00  0.00000000E+00  5.43327244E-02  0.00000000E+00  0.00000000E+00 -3.40642967E-02
    2.277000      1   0.00000000E+00  0.00000000E+00  2.60121803E-03  0.00000000E+00  0.00000000E+00  0.00000000E+00  0.00000000E+00  0.00000000E+00  5.42986465E-02  0.00000000E+00  0.00000000E+00 -3.40779366E-02
    2.278000      1   0.00000000E+00  0.00000000E+00  2.61781607E-03  0.00000000E+00  0.00000000E+00  0.00000000E+00  0.00000000E+00  0.00000000E+00  5.42645614E-02  0.00000000E+00  0.00000000E+00 -3.40851384E-02
    2.279000      1   0.00000000E+00  0.00000000E+00  2.59911454E-03  0.00000000E+00  0.00000000E+00  0.00000000E+00  0.00000000E+00  0.00000000E+00  5.42304796E-02  0.00000000E+00  0.00000000E+00 -3.40817672E-02
    2.280000      1   0.00000000E+00  0.00000000E+00  2.59440960E-03  0.00000000E+00  0.00000000E+00  0.00000000E+00  0.00000000E+00  0.00000000E+00  5.41964033E-02  0.00000000E+00  0.00000000E+00 -3.40762522E-02
    2.281000      1   0.00000000E+00  0.00000000E+00  2.61607854E-03  0.00000000E+00  0.00000000E+00  0.00000000E+00  0.00000000E+00  0.00000000E+00  5.41623256E-02  0.00000000E+00  0.00000000E+00 -3.40777110E-02
    2.282000      1   0.00000000E+00  0.00000000E+00  2.62353325E-03  0.00000000E+00  0.00000000E+00  0.00000000E+00  0.00000000E+00  0.00000000E+00  5.41282487E-02  0.00000000E+00  0.00000000E+00 -3.40768831E-02
    2.283000      1   0.00000000E+00  0.00000000E+00  2.57040093E-03  0.00000000E+00  0.00000000E+00  0.00000000E+00  0.00000000E+00  0.00000000E+00  5.40941811E-02  0.00000000E+00  0.00000000E+00 -3.40676205E-02
    2.284000      1   0.00000000E+00  0.00000000E+00  2.59371723E-03  0.00000000E+00  0.00000000E+00  0.00000000E+00  0.00000000E+00  0.00000000E+00  5.40601158E-02  0.00000000E+00  0.00000000E+00 -3.40653056E-02
    2.285000      1   0.00000000E+00  0.00000000E+00  2.58719378E-03  0.00000000E+00  0.00000000E+00  0.00000000E+00  0.00000000E+00  0.00000000E+00  5.40260395E-02  0.00000000E+00  0.00000000E+00 -3.40763168E-02
    2.286000      1   0.00000000E+00  0.00000000E+00  2.60678783E-03  0.00000000E+00  0.00000000E+00  0.00000000E+00  0.00000000E+00  0.00000000E+00  5.39919587E-02  0.00000000E+00  0.00000000E+00 -3.40808242E-02
    2.287000      1   0.00000000E+00  0.00000000E+00  2.59953404E-03  0.00000000E+00  0.00000000E+00  0.00000000E+00  0.00000000E+00  0.00000000E+00  5.39578747E-02  0.00000000E+00  0.00000000E+00 -3.40840091E-02
    2.288000      1   0.00000000E+00  0.00000000E+00  2.61457299E-03  0.00000000E+00  0.00000000E+00  0.00000000E+00  0.00000000E+00  0.00000000E+00  5.39237926E-02  0.00000000E+00  0.00000000E+00 -3.40820417E-02
    2.289000      1   0.00000000E+00  0.00000000E+00  2.61006272E-03  0.00000000E+00  0.00000000E+00  0.00000000E+00  0.00000000E+00  0.00000000E+00  5.38897128E-02  0.00000000E+00  0.00000000E+00 -3.40797971E-02
    2.290000      1   0.00000000E+00  0.00000000E+00  2.61551823E-03  0.00000000E+00  0.00000000E+00  0.00000000E+00  0.00000000E+00  0.00000000E+00  5.38556394E-02  0.00000000E+00  0.00000000E+00 -3.40734111E-02
    2.291000      1   0.00000000E+00  0.00000000E+00  2.57965058E-03  0.00000000E+00  0.00000000E+00  0.00000000E+00  0.00000000E+00  0.00000000E+00  5.38215719E-02  0.00000000E+00  0.00000000E+00 -3.40675415E-02
    2.292000      1   0.00000000E+00  0.00000000E+00  2.58446278E-03  0.00000000E+00  0.00000000E+00  0.00000000E+00  0.00000000E+00  0.00000000E+00  5.37875057E-02  0.00000000E+00  0.00000000E+00 -3.40662231E-02
    2.293000      1   0.00000000E+00  0.00000000E+00  2.58618265E-03  0.00000000E+00  0.00000000E+00  0.00000000E+00  0.00000000E+00  0.00000000E+00  5.37534298E-02  0.00000000E+00  0.00000000E+00 -3.40758332E-02
    2.294000      1   0.00000000E+00  0.00000000E+00  2.62188569E-03  0.00000000E+00  0.00000000E+00  0.00000000E+00  0.00000000E+00  0.00000000E+00  5.37193463E-02  0.00000000E+00  0.00000000E+00 -3.40835587E-02
    2.295000      1   0.00000000E+00  0.00000000E+00  2.59140900E-03  0.00000000E+00  0.00000000E+00  0.00000000E+00  0.00000000E+00  0.00000000E+00  5.36852619E-02  0.00000000E+00  0.00000000E+00 -3.40844058E-02
    2.296000      1   0.00000000E+00  0.00000000E+00  2.61111179E-03  0.00000000E+00  0.00000000E+00  0.00000000E+00  0.00000000E+00  0.00000000E+00  5.36511829E-02  0.00000000E+00  0.00000000E+00 -3.40789168E-02
    2.297000      1   0.00000000E+00  0.00000000E+00  2.60228359E-03  0.00000000E+00  0.00000000E+00  0.00000000E+00  0.00000000E+00  0.00000000E+00  5.36171030E-02  0.00000000E+00  0.00000000E+00 -3.40799527E-02
    2.298000      1   0.00000000E+00  0.00000000E+00  2.62564411E-03  0.00000000E+00  0.00000000E+00  0.00000000E+00  0.00000000E+00  0.00000000E+00  5.35830269E-02  0.00000000E+00  0.00000000E+00 -3.40760790E-02
    2.299000      1   0.00000000E+00  0.00000000E+00  2.57921317E-03  0.00000000E+00  0.00000000E+00  0.00000000E+00  0.00000000E+00  0.00000000E+00  5.35489559E-02  0.00000000E+00  0.00000000E+00 -3.40709736E-02
    2.300000      1   0.00000000E+00  0.00000000E+00  2.58520208E-03  0.00000000E+00  0.00000000E+00  0.00000000E+00  0.00000000E+00  0.00000000E+00  5.35148895E-02  0.00000000E+00  0.00000000E+00 -3.40664071E-02
    2.301000      1   0.00000000E+00  0.00000000E+00  2.60226489E-03  0.00000000E+00  0.00000000E+00  0.00000000E+00  0.00000000E+00  0.00000000E+00  5.34808135E-02  0.00000000E+00  0.00000000E+00 -3.40760301E-02
    2.302000      1   0.00000000E+00  0.00000000E+00  2.60150523E-03  0.00000000E+00  0.00000000E+00  0.00000000E+00  0.00000000E+00  0.00000000E+00  5.34467328E-02  0.00000000E+00  0.00000000E+00 -3.40806688E-02
    2.303000      1   0.00000000E+00  0.00000000E+00  2.58388370E-03  0.00000000E+00  0.00000000E+00  0.00000000E+00  0.00000000E+00  0.00000000E+00  5.34126530E-02  0.00000000E+00  0.00000000E+00 -3.40798383E-02
    2.304000      1   0.00000000E+00  0.00000000E+00  2.61768419E-03  0.00000000E+00  0.00000000E+00  0.00000000E+00  0.00000000E+00  0.00000000E+00  5.33785706E-02  0.00000000E+00  0.00000000E+00 -3.40823733E-02
    2.305000      1   0.00000000E+00  0.00000000E+00  2.62452580E-03  0.00000000E+00  0.00000000E+00  0.00000000E+00  0.00000000E+00  0.00000000E+00  5.33444859E-02  0.00000000E+00  0.00000000E+00 -3.40847184E-02
    2.306000      1   0.00000000E+00  0.00000000E+00  2.61246287E-03  0.00000000E+00  0.00000000E+00  0.00000000E+00  0.00000000E+00  0.00000000E+00  5.33104111E-02  0.00000000E+00  0.00000000E+00 -3.40747529E-02
    2.307000      1   0.00000000E+00  0.00000000E+00  2.58471691E-03  0.00000000E+00  0.00000000E+00  0.00000000E+00  0.00000000E+00  0.00000000E+00  5.32763465E-02  0.00000000E+00  0.00000000E+00 -3.40646738E-02
    2.308000      1   0.00000000E+00  0.00000000E+00  2.58576253E-03  0.00000000E+00  0.00000000E+00  0.00000000E+00  0.00000000E+00  0.00000000E+00  5.32422830E-02  0.00000000E+00  0.00000000E+00 -3.40634629E-02
    2.309000      1   0.00000000E+00  0.00000000E+00  2.58903837E-03  0.00000000E+00  0.00000000E+00  0.00000000E+00  0.00000000E+00  0.00000000E+00  5.32082118E-02  0.00000000E+00  0.00000000E+00 -3.40711793E-02
    2.310000      1   0.00000000E+00  0.00000000E+00  2.61341477E-03  0.00000000E+00  0.00000000E+00  0.00000000E+00  0.00000000E+00  0.00000000E+00  5.31741339E-02  0.00000000E+00  0.00000000E+00 -3.40779730E-02
    2.311000      1   0.00000000E+00  0.00000000E+00  2.58707226E-03  0.00000000E+00  0.00000000E+00  0.00000000E+00  0.00000000E+00  0.00000000E+00  5.31400545E-02  0.00000000E+00  0.00000000E+00 -3.40793801E-02
    2.312000      1   0.00000000E+00  0.00000000E+00  2.61319971E-03  0.00000000E+00  0.00000000E+00  0.00000000E+00  0.00000000E+00  0.00000000E+00  5.31059770E-02  0.00000000E+00  0.00000000E+00 -3.40774401E-02
    2.313000      1   0.00000000E+00  0.00000000E+00  2.61047958E-03  0.00000000E+00  0.00000000E+00  0.00000000E+00  0.00000000E+00  0.00000000E+00  5.30718975E-02  0.00000000E+00  0.00000000E+00 -3.40795309E-02
    2.314000      1   0.00000000E+00  0.00000000E+00  2.62184334E-03  0.00000000E+00  0.00000000E+00  0.00000000E+00  0.00000000E+00  0.00000000E+00  5.30378240E-02  0.00000000E+00  0.00000000E+00 -3.40735222E-02
    2.315000      1   0.00000000E+00  0.00000000E+00  2.59396153E-03  0.00000000E+00  0.00000000E+00  0.00000000E+00  0.00000000E+00  0.00000000E+00  5.30037576E-02  0.00000000E+00  0.00000000E+00 -3.40663972E-02
    2.316000      1   0.00000000E+00  0.00000000E+00  2.57841788E-03  0.00000000E+00  0.00000000E+00  0.00000000E+00  0.00000000E+00  0.00000000E+00  5.29696971E-02  0.00000000E+00  0.00000000E+00 -3.40604708E-02
    2.317000      1   0.00000000E+00  0.00000000E+00  2.60126697E-03  0.00000000E+00  0.00000000E+00  0.00000000E+00  0.00000000E+00  0.00000000E+00  5.29356307E-02  0.00000000E+00  0.00000000E+00 -3.40664500E-02
    2.318000      1   0.00000000E+00  0.00000000E+00  2.59034440E-03  0.00000000E+00  0.00000000E+00  0.00000000E+00  0.00000000E+00  0.00000000E+00  5.29015572E-02  0.00000000E+00  0.00000000E+00 -3.40734932E-02
    2.319000      1   0.00000000E+00  0.00000000E+00  2.60436296E-03  0.00000000E+00  0.00000000E+00  0.00000000E+00  0.00000000E+00  0.00000000E+00  5.28674822E-02  0.00000000E+00  0.00000000E+00 -3.40749641E-02
    2.320000      1   0.00000000E+00  0.00000000E+00  2.60410705E-03  0.00000000E+00  0.00000000E+00  0.00000000E+00  0.00000000E+00  0.00000000E+00  5.28334047E-02  0.00000000E+00  0.00000000E+00 -3.40775430E-02
    2.321000      1   0.00000000E+00  0.00000000E+00  2.61104895E-03  0.00000000E+00  0.00000000E+00  0.00000000E+00  0.00000000E+00  0.00000000E+00  5.27993291E-02  0.00000000E+00  0.00000000E+00 -3.40755633E-02
    2.322000      1   0.00000000E+00  0.00000000E+00  2.62254523E-03  0.00000000E+00  0.00000000E+00  0.00000000E+00  0.00000000E+00  0.00000000E+00  5.27652567E-02  0.00000000E+00  0.00000000E+00 -3.40724400E-02
    2.323000      1   0.00000000E+00  0.00000000E+00  2.60668234E-03  0.00000000E+00  0.00000000E+00  0.00000000E+00  0.00000000E+00  0.00000000E+00  5.27311917E-02  0.00000000E+00  0.00000000E+00 -3.40650040E-02
    2.324000      1   0.00000000E+00  0.00000000E+00  2.57013488E-03  0.00000000E+00  0.00000000E+00  0.00000000E+00  0.00000000E+00  0.00000000E+00  5.26971351E-02  0.00000000E+00  0.00000000E+00 -3.40565975E-02
    2.325000      1   0.00000000E+00  0.00000000E+00  2.57970199E-03  0.00000000E+00  0.00000000E+00  0.00000000E+00  0.00000000E+00  0.00000000E+00  5.26630752E-02  0.00000000E+00  0.00000000E+00 -3.40598637E-02
    2.326000      1   0.00000000E+00  0.00000000E+00  2.60957275E-03  0.00000000E+00  0.00000000E+00  0.00000000E+00  0.00000000E+00  0.00000000E+00  5.26290018E-02  0.00000000E+00  0.00000000E+00 -3.40734407E-02
    2.327000      1   0.00000000E+00  0.00000000E+00  2.61333213E-03  0.00000000E+00  0.00000000E+00  0.00000000E+00  0.00000000E+00  0.00000000E+00  5.25949232E-02  0.00000000E+00  0.00000000E+00 -3.40785935E-02
    2.328000      1   0.00000000E+00  0.00000000E+00  2.59390126E-03  0.00000000E+00  0.00000000E+00  0.00000000E+00  0.00000000E+00  0.00000000E+00  5.25608499E-02  0.00000000E+00  0.00000000E+00 -3.40732715E-02
    2.329000      1   0.00000000E+00  0.00000000E+00  2.60415072E-03  0.00000000E+00  0.00000000E+00  0.00000000E+00  0.00000000E+00  0.00000000E+00  5.25267797E-02  0.00000000E+00  0.00000000E+00 -3.40701509E-02
    2.330000      1   0.00000000E+00  0.00000000E+00  2.61629362E-03  0.00000000E+00  0.00000000E+00  0.00000000E+00  0.00000000E+00  0.00000000E+00  5.24927081E-02  0.00000000E+00  0.00000000E+00 -3.40715993E-02
    2.331000      1   0.00000000E+00  0.00000000E+00  2.61770945E-03  0.00000000E+00  0.00000000E+00  0.00000000E+00  0.00000000E+00  0.00000000E+00  5.24586406E-02  0.00000000E+00  0.00000000E+00 -3.40675342E-02
    2.332000      1   0.00000000E+00  0.00000000E+00  2.56788979E-03  0.00000000E+00  0.00000000E+00  0.00000000E+00  0.00000000E+00  0.00000000E+00  5.24245814E-02  0.00000000E+00  0.00000000E+00 -3.40592309E-02
    2.333000      1   0.00000000E+00  0.00000000E+00  2.59701832E-03  0.00000000E+00  0.00000000E+00  0.00000000E+00  0.00000000E+00  0.00000000E+00  5.23905221E-02  0.00000000E+00  0.00000000E+00 -3.40592726E-02
    2.334000      1   0.00000000E+00  0.00000000E+00  2.59188842E-03  0.00000000E+00  0.00000000E+00  0.00000000E+00  0.00000000E+00  0.00000000E+00  5.23564516E-02  0.00000000E+00  0.00000000E+00 -3.40705248E-02
    2.335000      1   0.00000000E+00  0.00000000E+00  2.60651994E-03  0.00000000E+00  0.00000000E+00  0.00000000E+00  0.00000000E+00  0.00000000E+00  5.23223785E-02  0.00000000E+00  0.00000000E+00 -3.40731179E-02
    2.336000      1   0.00000000E+00  0.00000000E+00  2.59641671E-03  0.00000000E+00  0.00000000E+00  0.00000000E+00  0.00000000E+00  0.00000000E+00  5.22883037E-02  0.00000000E+00  0.00000000E+00 -3.40748083E-02
    2.337000      1   0.00000000E+00  0.00000000E+00  2.60896653E-03  0.00000000E+00  0.00000000E+00  0.00000000E+00  0.00000000E+00  0.00000000E+00  5.22542302E-02  0.00000000E+00  0.00000000E+00 -3.40734802E-02
    2.338000      1   0.00000000E+00  0.00000000E+00  2.61855660E-03  0.00000000E+00  0.00000000E+00  0.00000000E+00  0.00000000E+00  0.00000000E+00  5.22201569E-02  0.00000000E+00  0.00000000E+00 -3.40732508E-02
    2.339000      1   0.00000000E+00  0.00000000E+00  2.61633407E-03  0.00000000E+00  0.00000000E+00  0.00000000E+00  0.00000000E+00  0.00000000E+00  5.21860897E-02  0.00000000E+00  0.00000000E+00 -3.40672040E-02
    2.340000      1   0.00000000E+00  0.00000000E+00  2.57674816E-03  0.00000000E+00  0.00000000E+00  0.00000000E+00  0.00000000E+00  0.00000000E+00  5.21520313E-02  0.00000000E+00  0.00000000E+00 -3.40584006E-02
    2.341000      1   0.00000000E+00  0.00000000E+00  2.57908268E-03  0.00000000E+00  0.00000000E+00  0.00000000E+00  0.00000000E+00  0.00000000E+00  5.21179740E-02  0.00000000E+00  0.00000000E+00 -3.40573276E-02
    2.342000      1   0.00000000E+00  0.00000000E+00  2.59230041E-03  0.00000000E+00  0.00000000E+00  0.00000000E+00  0.00000000E+00  0.00000000E+00  5.20839051E-02  0.00000000E+00  0.00000000E+00 -3.40688422E-02
    2.343000      1   0.00000000E+00  0.00000000E+00  2.61439774E-03  0.00000000E+00  0.00000000E+00  0.00000000E+00  0.00000000E+00  0.00000000E+00  5.20498279E-02  0.00000000E+00  0.00000000E+00 -3.40772528E-02
    2.344000      1   0.00000000E+00  0.00000000E+00  2.59843890E-03  0.00000000E+00  0.00000000E+00  0.00000000E+00  0.00000000E+00  0.00000000E+00  5.20157505E-02  0.00000000E+00  0.00000000E+00 -3.40774148E-02
    2.345000      1   0.00000000E+00  0.00000000E+00  2.61405739E-03  0.00000000E+00  0.00000000E+00  0.00000000E+00  0.00000000E+00  0.00000000E+00  5.19816773E-02  0.00000000E+00  0.00000000E+00 -3.40731419E-02
    2.346000      1   0.00000000E+00  0.00000000E+00  2.59763512E-03  0.00000000E+00  0.00000000E+00  0.00000000E+00  0.00000000E+00  0.00000000E+00  5.19476060E-02  0.00000000E+00  0.00000000E+00 -3.40713481E-02
    2.347000      1   0.00000000E+00  0.00000000E+00  2.62492683E-03  0.00000000E+00  0.00000000E+00  0.00000000E+00  0.00000000E+00  0.00000000E+00  5.19135387E-02  0.00000000E+00  0.00000000E+00 -3.40673291E-02
    2.348000      1   0.00000000E+00  0.00000000E+00  2.58100041E-03  0.00000000E+00  0.00000000E+00  0.00000000E+00  0.00000000E+00  0.00000000E+00  5.18794748E-02  0.00000000E+00  0.00000000E+00 -3.40638772E-02
    2.349000      1   0.00000000E+00  0.00000000E+00  2.58791534E-03  0.00000000E+00  0.00000000E+00  0.00000000E+00  0.00000000E+00  0.00000000E+00  5.18454156E-02  0.00000000E+00  0.00000000E+00 -3.40592302E-02
    2.350000      1   0.00000000E+00  0.00000000E+00  2.59655626E-03  0.00000000E+00  0.00000000E+00  0.00000000E+00  0.00000000E+00  0.00000000E+00  5.18113478E-02  0.00000000E+00  0.00000000E+00 -3.40677864E-02
    2.351000      1   0.00000000E+00  0.00000000E+00  2.60394012E-03  0.00000000E+00  0.00000000E+00  0.00000000E+00  0.00000000E+00  0.00000000E+00  5.17772752E-02  0.00000000E+00  0.00000000E+00 -3.40725436E-02
    2.352000      1   0.00000000E+00  0.00000000E+00  2.58830468E-03  0.00000000E+00  0.00000000E+00  0.00000000E+00  0.00000000E+00  0.00000000E+00  5.17432021E-02  0.00000000E+00  0.00000000E+00 -3.40731572E-02
    2.353000      1   0.00000000E+00  0.00000000E+00  2.61889932E-03  0.00000000E+00  0.00000000E+00  0.00000000E+00  0.00000000E+00  0.00000000E+00  5.17091280E-02  0.00000000E+00  0.00000000E+00 -3.40741109E-02
    2.354000      1   0.00000000E+00  0.00000000E+00  2.61581094E-03  0.00000000E+00  0.00000000E+00  0.00000000E+00  0.00000000E+00  0.00000000E+00  5.16750532E-02  0.00000000E+00  0.00000000E+00 -3.40747891E-02
    2.355000      1   0.00000000E+00  0.00000000E+00  2.61626876E-03  0.00000000E+00  0.00000000E+00  0.00000000E+00  0.00000000E+00  0.00000000E+00  5.16409872E-02  0.00000000E+00  0.00000000E+00 -3.40659657E-02
    2.356000      1   0.00000000E+00  0.00000000E+00  2.58059510E-03  0.00000000E+00  0.00000000E+00  0.00000000E+00  0.00000000E+00  0.00000000E+00  5.16069291E-02  0.00000000E+00  0.00000000E+00 -3.40580757E-02
    2.357000      1   0.00000000E+00  0.00000000E+00  2.58990915E-03  0.00000000E+00  0.00000000E+00  0.00000000E+00  0.00000000E+00  0.00000000E+00  5.15728728E-02  0.00000000E+00  0.00000000E+00 -3.40563437E-02
    2.358000      1   0.00000000E+00  0.00000000E+00  2.58232308E-03  0.00000000E+00  0.00000000E+00  0.00000000E+00  0.00000000E+00  0.00000000E+00  5.15388081E-02  0.00000000E+00  0.00000000E+00 -3.40646805E-02
    2.359000      1   0.00000000E+00  0.00000000E+00  2.62350004E-03  0.00000000E+00  0.00000000E+00  0.00000000E+00  0.00000000E+00  0.00000000E+00  5.15047368E-02  0.00000000E+00  0.00000000E+00 -3.40712999E-02
    2.360000      1   0.00000000E+00  0.00000000E+00  2.57780229E-03  0.00000000E+00  0.00000000E+00  0.00000000E+00  0.00000000E+00  0.00000000E+00  5.14706637E-02  0.00000000E+00  0.00000000E+00 -3.40731290E-02
    2.361000      1   0.00000000E+00  0.00000000E+00  2.61542111E-03  0.00000000E+00  0.00000000E+00  0.00000000E+00  0.00000000E+00  0.00000000E+00  5.14365942E-02  0.00000000E+00  0.00000000E+00 -3.40695160E-02
    2.362000      1   0.00000000E+00  0.00000000E+00  2.61311814E-03  0.00000000E+00  0.00000000E+00  0.00000000E+00  0.00000000E+00  0.00000000E+00  5.14025199E-02  0.00000000E+00  0.00000000E+00 -3.40742585E-02
    2.363000      1   0.00000000E+00  0.00000000E+00  2.62608618E-03  0.00000000E+00  0.00000000E+00  0.00000000E+00  0.00000000E+00  0.00000000E+00  5.13684528E-02  0.00000000E+00  0.00000000E+00 -3.40670536E-02
    2.364000      1   0.00000000E+00  0.00000000E+00  2.58317116E-03  0.00000000E+00  0.00000000E+00  0.00000000E+00  0.00000000E+00  0.00000000E+00  5.13343945E-02  0.00000000E+00  0.00000000E+00 -3.40583118E-02
    2.365000      1   0.00000000E+00  0.00000000E+00  2.58309916E-03  0.00000000E+00  0.00000000E+00  0.00000000E+00  0.00000000E+00  0.00000000E+00  5.13003416E-02  0.00000000E+00  0.00000000E+00 -3.40529001E-02
    2.366000      1   0.00000000E+00  0.00000000E+00  2.59870206E-03  0.00000000E+00  0.00000000E+00  0.00000000E+00  0.00000000E+00  0.00000000E+00  5.12662800E-02  0.00000000E+00  0.00000000E+00 -3.40615951E-02
    2.367000      1   0.00000000E+00  0.00000000E+00  2.59657588E-03  0.00000000E+00  0.00000000E+00  0.00000000E+00  0.00000000E+00  0.00000000E+00  5.12322125E-02  0.00000000E+00  0.00000000E+00 -3.40675546E-02
    2.368000      1   0.00000000E+00  0.00000000E+00  2.60163565E-03  0.00000000E+00  0.00000000E+00  0.00000000E+00  0.00000000E+00  0.00000000E+00  5.11981437E-02  0.00000000E+00  0.00000000E+00 -3.40687658E-02
    2.369000      1   0.00000000E+00  0.00000000E+00  2.59910542E-03  0.00000000E+00  0.00000000E+00  0.00000000E+00  0.00000000E+00  0.00000000E+00  5.11640739E-02  0.00000000E+00  0.00000000E+00 -3.40697805E-02
    2.370000      1   0.00000000E+00  0.00000000E+00  2.61994040E-03  0.00000000E+00  0.00000000E+00  0.00000000E+00  0.00000000E+00  0.00000000E+00  5.11300044E-02  0.00000000E+00  0.00000000E+00 -3.40695810E-02
    2.371000      1   0.00000000E+00  0.00000000E+00  2.62050267E-03  0.00000000E+00  0.00000000E+00  0.00000000E+00  0.00000000E+00  0.00000000E+00  5.10959378E-02  0.00000000E+00  0.00000000E+00 -3.40665280E-02
    2.372000      1   0.00000000E+00  0.00000000E+00  2.60233200E-03  0.00000000E+00  0.00000000E+00  0.00000000E+00  0.00000000E+00  0.00000000E+00  5.10618813E-02  0.00000000E+00  0.00000000E+00 -3.40565330E-02
    2.373000      1   0.00000000E+00  0.00000000E+00  2.57135032E-03  0.00000000E+00  0.00000000E+00  0.00000000E+00  0.00000000E+00  0.00000000E+00  5.10278317E-02  0.00000000E+00  0.00000000E+00 -3.40495667E-02
    2.374000      1   0.00000000E+00  0.00000000E+00  2.58415909E-03  0.00000000E+00  0.00000000E+00  0.00000000E+00  0.00000000E+00  0.00000000E+00  5.09937777E-02  0.00000000E+00  0.00000000E+00 -3.40540467E-02
    2.375000      1   0.00000000E+00  0.00000000E+00  2.60818300E-03  0.00000000E+00  0.00000000E+00  0.00000000E+00  0.00000000E+00  0.00000000E+00  5.09597112E-02  0.00000000E+00  0.00000000E+00 -3.40664364E-02
    2.376000      1   0.00000000E+00  0.00000000E+00  2.61295443E-03  0.00000000E+00  0.00000000E+00  0.00000000E+00  0.00000000E+00  0.00000000E+00  5.09256409E-02  0.00000000E+00  0.00000000E+00 -3.40703711E-02
    2.377000      1   0.00000000E+00  0.00000000E+00  2.59638520E-03  0.00000000E+00  0.00000000E+00  0.00000000E+00  0.00000000E+00  0.00000000E+00  5.08915753E-02  0.00000000E+00  0.00000000E+00 -3.40655723E-02
    2.378000      1   0.00000000E+00  0.00000000E+00  2.60153731E-03  0.00000000E+00  0.00000000E+00  0.00000000E+00  0.00000000E+00  0.00000000E+00  5.08575132E-02  0.00000000E+00  0.00000000E+00 -3.40621365E-02
    2.379000      1   0.00000000E+00  0.00000000E+00  2.62305458E-03  0.00000000E+00  0.00000000E+00  0.00000000E+00  0.00000000E+00  0.00000000E+00  5.08234499E-02  0.00000000E+00  0.00000000E+00 -3.40632313E-02
    2.380000      1   0.00000000E+00  0.00000000E+00  2.61267511E-03  0.00000000E+00  0.00000000E+00  0.00000000E+00  0.00000000E+00  0.00000000E+00  5.07893911E-02  0.00000000E+00  0.00000000E+00 -3.40588289E-02
    2.381000      1   0.00000000E+00  0.00000000E+00  2.56720110E-03  0.00000000E+00  0.00000000E+00  0.00000000E+00  0.00000000E+00  0.00000000E+00  5.07553419E-02  0.00000000E+00  0.00000000E+00 -3.40491954E-02
    2.382000      1   0.00000000E+00  0.00000000E+00  2.60076884E-03  0.00000000E+00  0.00000000E+00  0.00000000E+00  0.00000000E+00  0.00000000E+00  5.07212909E-02  0.00000000E+00  0.00000000E+00 -3.40510123E-02
    2.383000      1   0.00000000E+00  0.00000000E+00  2.58384807E-03  0.00000000E+00  0.00000000E+00  0.00000000E+00  0.00000000E+00  0.00000000E+00  5.06872291E-02  0.00000000E+00  0.00000000E+00 -3.40618274E-02
    2.384000      1   0.00000000E+00  0.00000000E+00  2.61629623E-03  0.00000000E+00  0.00000000E+00  0.00000000E+00  0.00000000E+00  0.00000000E+00  5.06531645E-02  0.00000000E+00  0.00000000E+00 -3.40646106E-02
    2.385000      1   0.00000000E+00  0.00000000E+00  2.59642795E-03  0.00000000E+00  0.00000000E+00  0.00000000E+00  0.00000000E+00  0.00000000E+00  5.06190972E-02  0.00000000E+00  0.00000000E+00 -3.40672128E-02
    2.386000      1   0.00000000E+00  0.00000000E+00  2.60711776E-03  0.00000000E+00  0.00000000E+00  0.00000000E+00  0.00000000E+00  0.00000000E+00  5.05850346E-02  0.00000000E+00  0.00000000E+00 -3.40626720E-02
    2.387000      1   0.00000000E+00  0.00000000E+00  2.61304742E-03  0.00000000E+00  0.00000000E+00  0.00000000E+00  0.00000000E+00  0.00000000E+00  5.05509718E-02  0.00000000E+00  0.00000000E+00 -3.40627658E-02
    2.388000      1   0.00000000E+00  0.00000000E+00  2.62203924E-03  0.00000000E+00  0.00000000E+00  0.00000000E+00  0.00000000E+00  0.00000000E+00  5.05169135E-02  0.00000000E+00  0.00000000E+00 -3.40583004E-02
    2.389000      1   0.00000000E+00  0.00000000E+00  2.57441516E-03  0.00000000E+00  0.00000000E+00  0.00000000E+00  0.00000000E+00  0.00000000E+00  5.04828632E-02  0.00000000E+00  0.00000000E+00 -3.40502975E-02
    2.390000      1   0.00000000E+00  0.00000000E+00  2.57895321E-03  0.00000000E+00  0.00000000E+00  0.00000000E+00  0.00000000E+00  0.00000000E+00  5.04488154E-02  0.00000000E+00  0.00000000E+00 -3.40477633E-02
    2.391000      1   0.00000000E+00  0.00000000E+00  2.59614658E-03  0.00000000E+00  0.00000000E+00  0.00000000E+00  0.00000000E+00  0.00000000E+00  5.04147554E-02  0.00000000E+00  0.00000000E+00 -3.40600671E-02
    2.392000      1   0.00000000E+00  0.00000000E+00  2.61157392E-03  0.00000000E+00  0.00000000E+00  0.00000000E+00  0.00000000E+00  0.00000000E+00  5.03806875E-02  0.00000000E+00  0.00000000E+00 -3.40678400E-02
    2.393000      1   0.00000000E+00  0.00000000E+00  2.60429425E-03  0.00000000E+00  0.00000000E+00  0.00000000E+00  0.00000000E+00  0.00000000E+00  5.03466203E-02  0.00000000E+00  0.00000000E+00 -3.40672383E-02
    2.394000      1   0.00000000E+00  0.00000000E+00  2.60113691E-03  0.00000000E+00  0.00000000E+00  0.00000000E+00  0.00000000E+00  0.00000000E+00  5.03125574E-02  0.00000000E+00  0.00000000E+00 -3.40628573E-02
    2.395000      1   0.00000000E+00  0.00000000E+00  2.61184690E-03  0.00000000E+00  0.00000000E+00  0.00000000E+00  0.00000000E+00  0.00000000E+00  5.02784960E-02  0.00000000E+00  0.00000000E+00 -3.40614254E-02
    2.396000      1   0.00000000E+00  0.00000000E+00  2.61952916E-03  0.00000000E+00  0.00000000E+00  0.00000000E+00  0.00000000E+00  0.00000000E+00  5.02444369E-02  0.00000000E+00  0.00000000E+00 -3.40591364E-02
    2.397000      1   0.00000000E+00  0.00000000E+00  2.57760917E-03  0.00000000E+00  0.00000000E+00  0.00000000E+00  0.00000000E+00  0.00000000E+00  5.02103849E-02  0.00000000E+00  0.00000000E+00 -3.40519717E-02
    2.398000      1   0.00000000E+00  0.00000000E+00  2.58981612E-03  0.00000000E+00  0.00000000E+00  0.00000000E+00  0.00000000E+00  0.00000000E+00  5.01763352E-02  0.00000000E+00  0.00000000E+00 -3.40496970E-02
    2.399000      1   0.00000000E+00  0.00000000E+00  2.59326757E-03  0.00000000E+00  0.00000000E+00  0.00000000E+00  0.00000000E+00  0.00000000E+00  5.01422762E-02  0.00000000E+00  0.00000000E+00 -3.40590308E-02
    2.400000      1   0.00000000E+00  0.00000000E+00  2.60826005E-03  0.00000000E+00  0.00000000E+00  0.00000000E+00  0.00000000E+00  0.00000000E+00  5.01082124E-02  0.00000000E+00  0.00000000E+00 -3.40637454E-02
    2.401000      1   0.00000000E+00  0.00000000E+00  2.59047719E-03  0.00000000E+00  0.00000000E+00  0.00000000E+00  0.00000000E+00  0.00000000E+00  5.00741478E-02  0.00000000E+00  0.00000000E+00 -3.40646751E-02
    2.402000      1   0.00000000E+00  0.00000000E+00  2.62217215E-03  0.00000000E+00  0.00000000E+00  0.00000000E+00  0.00000000E+00  0.00000000E+00  5.00400839E-02  0.00000000E+00  0.00000000E+00 -3.40638258E-02
    2.403000      1   0.00000000E+00  0.00000000E+00  2.60321660E-03  0.00000000E+00  0.00000000E+00  0.00000000E+00  0.00000000E+00  0.00000000E+00  5.00060207E-02  0.00000000E+00  0.00000000E+00 -3.40632118E-02
    2.404000      1   0.00000000E+00  0.00000000E+00  2.62096676E-03  0.00000000E+00  0.00000000E+00  0.00000000E+00  0.00000000E+00  0.00000000E+00  4.99719652E-02  0.00000000E+00  0.00000000E+00 -3.40555408E-02
    2.405000      1   0.00000000E+00  0.00000000E+00  2.58081785E-03  0.00000000E+00  0.00000000E+00  0.00000000E+00  0.00000000E+00  0.00000000E+00  4.99379142E-02  0.00000000E+00  0.00000000E+00 -3.40509561E-02
    2.406000      1   0.00000000E+00  0.00000000E+00  2.58778578E-03  0.00000000E+00  0.00000000E+00  0.00000000E+00  0.00000000E+00  0.00000000E+00  4.99038666E-02  0.00000000E+00  0.00000000E+00 -3.40476419E-02
    2.407000      1   0.00000000E+00  0.00000000E+00  2.58709175E-03  0.00000000E+00  0.00000000E+00  0.00000000E+00  0.00000000E+00  0.00000000E+00  4.98698103E-02  0.00000000E+00  0.00000000E+00 -3.40562810E-02
    2.408000      1   0.00000000E+00  0.00000000E+00  2.61858314E-03  0.00000000E+00  0.00000000E+00  0.00000000E+00  0.00000000E+00  0.00000000E+00  4.98357475E-02  0.00000000E+00  0.00000000E+00 -3.40627544E-02
    2.409000      1   0.00000000E+00  0.00000000E+00  2.58209058E-03  0.00000000E+00  0.00000000E+00  0.00000000E+00  0.00000000E+00  0.00000000E+00  4.98016837E-02  0.00000000E+00  0.00000000E+00 -3.40638869E-02
    2.410000      1   0.00000000E+00  0.00000000E+00  2.61586599E-03  0.00000000E+00  0.00000000E+00  0.00000000E+00  0.00000000E+00  0.00000000E+00  4.97676225E-02  0.00000000E+00  0.00000000E+00 -3.40611304E-02
    2.411000      1   0.00000000E+00  0.00000000E+00  2.61392450E-03  0.00000000E+00  0.00000000E+00  0.00000000E+00  0.00000000E+00  0.00000000E+00  4.97335581E-02  0.00000000E+00  0.00000000E+00 -3.40643859E-02
    2.412000      1   0.00000000E+00  0.00000000E+00  2.62221152E-03  0.00000000E+00  0.00000000E+00  0.00000000E+00  0.00000000E+00  0.00000000E+00  4.96995013E-02  0.00000000E+00  0.00000000E+00 -3.40568923E-02
    2.413000      1   0.00000000E+00  0.00000000E+00  2.58284224E-03  0.00000000E+00  0.00000000E+00  0.00000000E+00  0.00000000E+00  0.00000000E+00  4.96654527E-02  0.00000000E+00  0.00000000E+00 -3.40485709E-02
    2.414000      1   0.00000000E+00  0.00000000E+00  2.58400918E-03  0.00000000E+00  0.00000000E+00  0.00000000E+00  0.00000000E+00  0.00000000E+00  4.96314082E-02  0.00000000E+00  0.00000000E+00 -3.40444899E-02
    2.415000      1   0.00000000E+00  0.00000000E+00  2.60455603E-03  0.00000000E+00  0.00000000E+00  0.00000000E+00  0.00000000E+00  0.00000000E+00  4.95973551E-02  0.00000000E+00  0.00000000E+00 -3.40531320E-02
    2.416000      1   0.00000000E+00  0.00000000E+00  2.59473656E-03  0.00000000E+00  0.00000000E+00  0.00000000E+00  0.00000000E+00  0.00000000E+00  4.95632973E-02  0.00000000E+00  0.00000000E+00 -3.40577573E-02
    2.417000      1   0.00000000E+00  0.00000000E+00  2.59588692E-03  0.00000000E+00  0.00000000E+00  0.00000000E+00  0.00000000E+00  0.00000000E+00  4.95292399E-02  0.00000000E+00  0.00000000E+00 -3.40573713E-02
    2.418000      1   0.00000000E+00  0.00000000E+00  2.60659724E-03  0.00000000E+00  0.00000000E+00  0.00000000E+00  0.00000000E+00  0.00000000E+00  4.94951799E-02  0.00000000E+00  0.00000000E+00 -3.40600067E-02
    2.419000      1   0.00000000E+00  0.00000000E+00  2.62103338E-03  0.00000000E+00  0.00000000E+00  0.00000000E+00  0.00000000E+00  0.00000000E+00  4.94611196E-02  0.00000000E+00  0.00000000E+00 -3.40603703E-02
    2.420000      1   0.00000000E+00  0.00000000E+00  2.61799715E-03  0.00000000E+00  0.00000000E+00  0.00000000E+00  0.00000000E+00  0.00000000E+00  4.94270649E-02  0.00000000E+00  0.00000000E+00 -3.40546636E-02
    2.421000      1   0.00000000E+00  0.00000000E+00  2.60102433E-03  0.00000000E+00  0.00000000E+00  0.00000000E+00  0.00000000E+00  0.00000000E+00  4.93930201E-02  0.00000000E+00  0.00000000E+00 -3.40447527E-02
    2.422000      1   0.00000000E+00  0.00000000E+00  2.57357647E-03  0.00000000E+00  0.00000000E+00  0.00000000E+00  0.00000000E+00  0.00000000E+00  4.93589813E-02  0.00000000E+00  0.00000000E+00 -3.40388405E-02
    2.423000      1   0.00000000E+00  0.00000000E+00  2.58551104E-03  0.00000000E+00  0.00000000E+00  0.00000000E+00  0.00000000E+00  0.00000000E+00  4.93249379E-02  0.00000000E+00  0.00000000E+00 -3.40433562E-02
    2.424000      1   0.00000000E+00  0.00000000E+00  2.61040961E-03  0.00000000E+00  0.00000000E+00  0.00000000E+00  0.00000000E+00  0.00000000E+00  4.92908832E-02  0.00000000E+00  0.00000000E+00 -3.40547758E-02
    2.425000      1   0.00000000E+00  0.00000000E+00  2.60250931E-03  0.00000000E+00  0.00000000E+00  0.00000000E+00  0.00000000E+00  0.00000000E+00  4.92568253E-02  0.00000000E+00  0.00000000E+00 -3.40578728E-02
    2.426000      1   0.00000000E+00  0.00000000E+00  2.60511821E-03  0.00000000E+00  0.00000000E+00  0.00000000E+00  0.00000000E+00  0.00000000E+00  4.92227711E-02  0.00000000E+00  0.00000000E+00 -3.40541898E-02
    2.427000      1   0.00000000E+00  0.00000000E+00  2.60055978E-03  0.00000000E+00  0.00000000E+00  0.00000000E+00  0.00000000E+00  0.00000000E+00  4.91887185E-02  0.00000000E+00  0.00000000E+00 -3.40526400E-02
    2.428000      1   0.00000000E+00  0.00000000E+00  2.62853755E-03  0.00000000E+00  0.00000000E+00  0.00000000E+00  0.00000000E+00  0.00000000E+00  4.91546674E-02  0.00000000E+00  0.00000000E+00 -3.40510396E-02
    2.429000      1   0.00000000E+00  0.00000000E+00  2.60056270E-03  0.00000000E+00  0.00000000E+00  0.00000000E+00  0.00000000E+00  0.00000000E+00  4.91206214E-02  0.00000000E+00  0.00000000E+00 -3.40459886E-02
    2.430000      1   0.00000000E+00  0.00000000E+00  2.57233334E-03  0.00000000E+00  0.00000000E+00  0.00000000E+00  0.00000000E+00  0.00000000E+00  4.90865847E-02  0.00000000E+00  0.00000000E+00 -3.40366964E-02
    2.431000      1   0.00000000E+00  0.00000000E+00  2.59952336E-03  0.00000000E+00  0.00000000E+00  0.00000000E+00  0.00000000E+00  0.00000000E+00  4.90525432E-02  0.00000000E+00  0.00000000E+00 -3.40415836E-02
    2.432000      1   0.00000000E+00  0.00000000E+00  2.58853936E-03  0.00000000E+00  0.00000000E+00  0.00000000E+00  0.00000000E+00  0.00000000E+00  4.90184922E-02  0.00000000E+00  0.00000000E+00 -3.40509335E-02
    2.433000      1   0.00000000E+00  0.00000000E+00  2.61269999E-03  0.00000000E+00  0.00000000E+00  0.00000000E+00  0.00000000E+00  0.00000000E+00  4.89844389E-02  0.00000000E+00  0.00000000E+00 -3.40532961E-02
    2.434000      1   0.00000000E+00  0.00000000E+00  2.59543066E-03  0.00000000E+00  0.00000000E+00  0.00000000E+00  0.00000000E+00  0.00000000E+00  4.89503839E-02  0.00000000E+00  0.00000000E+00 -3.40549935E-02
    2.435000      1   0.00000000E+00  0.00000000E+00  2.61622837E-03  0.00000000E+00  0.00000000E+00  0.00000000E+00  0.00000000E+00  0.00000000E+00  4.89163321E-02  0.00000000E+00  0.00000000E+00 -3.40518102E-02
    2.436000      1   0.00000000E+00  0.00000000E+00  2.60472474E-03  0.00000000E+00  0.00000000E+00  0.00000000E+00  0.00000000E+00  0.00000000E+00  4.88822815E-02  0.00000000E+00  0.00000000E+00 -3.40506204E-02
    2.437000      1   0.00000000E+00  0.00000000E+00  2.62229258E-03  0.00000000E+00  0.00000000E+00  0.00000000E+00  0.00000000E+00  0.00000000E+00  4.88482369E-02  0.00000000E+00  0.00000000E+00 -3.40446347E-02
    2.438000      1   0.00000000E+00  0.00000000E+00  2.57725164E-03  0.00000000E+00  0.00000000E+00  0.00000000E+00  0.00000000E+00  0.00000000E+00  4.88141975E-02  0.00000000E+00  0.00000000E+00 -3.40393203E-02
    2.439000      1   0.00000000E+00  0.00000000E+00  2.57636534E-03  0.00000000E+00  0.00000000E+00  0.00000000E+00  0.00000000E+00  0.00000000E+00  4.87801613E-02  0.00000000E+00  0.00000000E+00 -3.40362013E-02
    2.440000      1   0.00000000E+00  0.00000000E+00  2.60077327E-03  0.00000000E+00  0.00000000E+00  0.00000000E+00  0.00000000E+00  0.00000000E+00  4.87461133E-02  0.00000000E+00  0.00000000E+00 -3.40480312E-02
    2.441000      1   0.00000000E+00  0.00000000E+00  2.61333173E-03  0.00000000E+00  0.00000000E+00  0.00000000E+00  0.00000000E+00  0.00000000E+00  4.87120575E-02  0.00000000E+00  0.00000000E+00 -3.40558358E-02
    2.442000      1   0.00000000E+00  0.00000000E+00  2.60229809E-03  0.00000000E+00  0.00000000E+00  0.00000000E+00  0.00000000E+00  0.00000000E+00  4.86780041E-02  0.00000000E+00  0.00000000E+00 -3.40534037E-02
    2.443000      1   0.00000000E+00  0.00000000E+00  2.59375460E-03  0.00000000E+00  0.00000000E+00  0.00000000E+00  0.00000000E+00  0.00000000E+00  4.86439553E-02  0.00000000E+00  0.00000000E+00 -3.40487984E-02
    2.444000      1   0.00000000E+00  0.00000000E+00  2.62068620E-03  0.00000000E+00  0.00000000E+00  0.00000000E+00  0.00000000E+00  0.00000000E+00  4.86099059E-02  0.00000000E+00  0.00000000E+00 -3.40493276E-02
    2.445000      1   0.00000000E+00  0.00000000E+00  2.61813925E-03  0.00000000E+00  0.00000000E+00  0.00000000E+00  0.00000000E+00  0.00000000E+00  4.85758580E-02  0.00000000E+00  0.00000000E+00 -3.40479000E-02
    2.446000      1   0.00000000E+00  0.00000000E+00  2.57826296E-03  0.00000000E+00  0.00000000E+00  0.00000000E+00  0.00000000E+00  0.00000000E+00  4.85418200E-02  0.00000000E+00  0.00000000E+00 -3.40380780E-02
    2.447000      1   0.00000000E+00  0.00000000E+00  2.58487170E-03  0.00000000E+00  0.00000000E+00  0.00000000E+00  0.00000000E+00  0.00000000E+00  4.85077838E-02  0.00000000E+00  0.00000000E+00 -3.40361442E-02
    2.448000      1   0.00000000E+00  0.00000000E+00  2.59488510E-03  0.00000000E+00  0.00000000E+00  0.00000000E+00  0.00000000E+00  0.00000000E+00  4.84737377E-02  0.00000000E+00  0.00000000E+00 -3.40461377E-02
    2.449000      1   0.00000000E+00  0.00000000E+00  2.60742787E-03  0.00000000E+00  0.00000000E+00  0.00000000E+00  0.00000000E+00  0.00000000E+00  4.84396855E-02  0.00000000E+00  0.00000000E+00 -3.40521900E-02
    2.450000      1   0.00000000E+00  0.00000000E+00  2.59175356E-03  0.00000000E+00  0.00000000E+00  0.00000000E+00  0.00000000E+00  0.00000000E+00  4.84056328E-02  0.00000000E+00  0.00000000E+00 -3.40527357E-02
    2.451000      1   0.00000000E+00  0.00000000E+00  2.62636866E-03  0.00000000E+00  0.00000000E+00  0.00000000E+00  0.00000000E+00  0.00000000E+00  4.83715808E-02  0.00000000E+00  0.00000000E+00 -3.40519340E-02
    2.452000      1   0.00000000E+00  0.00000000E+00  2.59874775E-03  0.00000000E+00  0.00000000E+00  0.00000000E+00  0.00000000E+00  0.00000000E+00  4.83375307E-02  0.00000000E+00  0.00000000E+00 -3.40501587E-02
    2.453000      1   0.00000000E+00  0.00000000E+00  2.62753026E-03  0.00000000E+00  0.00000000E+00  0.00000000E+00  0.00000000E+00  0.00000000E+00  4.83034888E-02  0.00000000E+00  0.00000000E+00 -3.40418997E-02
    2.454000      1   0.00000000E+00  0.00000000E+00  2.57305604E-03  0.00000000E+00  0.00000000E+00  0.00000000E+00  0.00000000E+00  0.00000000E+00  4.82694511E-02  0.00000000E+00  0.00000000E+00 -3.40376220E-02
    2.455000      1   0.00000000E+00  0.00000000E+00  2.59117825E-03  0.00000000E+00  0.00000000E+00  0.00000000E+00  0.00000000E+00  0.00000000E+00  4.82354176E-02  0.00000000E+00  0.00000000E+00 -3.40335249E-02
    2.456000      1   0.00000000E+00  0.00000000E+00  2.58583296E-03  0.00000000E+00  0.00000000E+00  0.00000000E+00  0.00000000E+00  0.00000000E+00  4.82013735E-02  0.00000000E+00  0.00000000E+00 -3.40441131E-02
    2.457000      1   0.00000000E+00  0.00000000E+00  2.62065088E-03  0.00000000E+00  0.00000000E+00  0.00000000E+00  0.00000000E+00  0.00000000E+00  4.81673238E-02  0.00000000E+00  0.00000000E+00 -3.40496950E-02
    2.458000      1   0.00000000E+00  0.00000000E+00  2.58138647E-03  0.00000000E+00  0.00000000E+00  0.00000000E+00  0.00000000E+00  0.00000000E+00  4.81332729E-02  0.00000000E+00  0.00000000E+00 -3.40508753E-02
    2.459000      1   0.00000000E+00  0.00000000E+00  2.61796312E-03  0.00000000E+00  0.00000000E+00  0.00000000E+00  0.00000000E+00  0.00000000E+00  4.80992254E-02  0.00000000E+00  0.00000000E+00 -3.40475642E-02
    2.460000      1   0.00000000E+00  0.00000000E+00  2.60885342E-03  0.00000000E+00  0.00000000E+00  0.00000000E+00  0.00000000E+00  0.00000000E+00  4.80651747E-02  0.00000000E+00  0.00000000E+00 -3.40506801E-02
    2.461000      1   0.00000000E+00  0.00000000E+00  2.62288544E-03  0.00000000E+00  0.00000000E+00  0.00000000E+00  0.00000000E+00  0.00000000E+00  4.80311313E-02  0.00000000E+00  0.00000000E+00 -3.40433945E-02
    2.462000      1   0.00000000E+00  0.00000000E+00  2.58230283E-03  0.00000000E+00  0.00000000E+00  0.00000000E+00  0.00000000E+00  0.00000000E+00  4.79970947E-02  0.00000000E+00  0.00000000E+00 -3.40366193E-02
    2.463000      1   0.00000000E+00  0.00000000E+00  2.58625953E-03  0.00000000E+00  0.00000000E+00  0.00000000E+00  0.00000000E+00  0.00000000E+00  4.79630623E-02  0.00000000E+00  0.00000000E+00 -3.40324124E-02
    2.464000      1   0.00000000E+00  0.00000000E+00  2.60371661E-03  0.00000000E+00  0.00000000E+00  0.00000000E+00  0.00000000E+00  0.00000000E+00  4.79290214E-02  0.00000000E+00  0.00000000E+00 -3.40408337E-02
    2.465000      1   0.00000000E+00  0.00000000E+00  2.59785758E-03  0.00000000E+00  0.00000000E+00  0.00000000E+00  0.00000000E+00  0.00000000E+00  4.78949766E-02  0.00000000E+00  0.00000000E+00 -3.40448685E-02
    2.466000      1   0.00000000E+00  0.00000000E+00  2.59001989E-03  0.00000000E+00  0.00000000E+00  0.00000000E+00  0.00000000E+00  0.00000000E+00  4.78609324E-02  0.00000000E+00  0.00000000E+00 -3.40442062E-02
    2.467000      1   0.00000000E+00  0.00000000E+00  2.61119502E-03  0.00000000E+00  0.00000000E+00  0.00000000E+00  0.00000000E+00  0.00000000E+00  4.78268855E-02  0.00000000E+00  0.00000000E+00 -3.40468541E-02
    2.468000      1   0.00000000E+00  0.00000000E+00  2.62302121E-03  0.00000000E+00  0.00000000E+00  0.00000000E+00  0.00000000E+00  0.00000000E+00  4.77928372E-02  0.00000000E+00  0.00000000E+00 -3.40483314E-02
    2.469000      1   0.00000000E+00  0.00000000E+00  2.61799702E-03  0.00000000E+00  0.00000000E+00  0.00000000E+00  0.00000000E+00  0.00000000E+00  4.77587964E-02  0.00000000E+00  0.00000000E+00 -3.40407632E-02
    2.470000      1   0.00000000E+00  0.00000000E+00  2.59041387E-03  0.00000000E+00  0.00000000E+00  0.00000000E+00  0.00000000E+00  0.00000000E+00  4.77247662E-02  0.00000000E+00  0.00000000E+00 -3.40301996E-02
    2.471000      1   0.00000000E+00  0.00000000E+00  2.58057143E-03  0.00000000E+00  0.00000000E+00  0.00000000E+00  0.00000000E+00  0.00000000E+00  4.76907400E-02  0.00000000E+00  0.00000000E+00 -3.40261637E-02
    2.472000      1   0.00000000E+00  0.00000000E+00  2.58877607E-03  0.00000000E+00  0.00000000E+00  0.00000000E+00  0.00000000E+00  0.00000000E+00  4.76567071E-02  0.00000000E+00  0.00000000E+00 -3.40329271E-02
    2.473000      1   0.00000000E+00  0.00000000E+00  2.61013808E-03  0.00000000E+00  0.00000000E+00  0.00000000E+00  0.00000000E+00  0.00000000E+00  4.76226657E-02  0.00000000E+00  0.00000000E+00 -3.40414720E-02
    2.474000      1   0.00000000E+00  0.00000000E+00  2.59506966E-03  0.00000000E+00  0.00000000E+00  0.00000000E+00  0.00000000E+00  0.00000000E+00  4.75886221E-02  0.00000000E+00  0.00000000E+00 -3.40435447E-02
    2.475000      1   0.00000000E+00  0.00000000E+00  2.60887857E-03  0.00000000E+00  0.00000000E+00  0.00000000E+00  0.00000000E+00  0.00000000E+00  4.75545808E-02  0.00000000E+00  0.00000000E+00 -3.40412666E-02
    2.476000      1   0.00000000E+00  0.00000000E+00  2.60434613E-03  0.00000000E+00  0.00000000E+00  0.00000000E+00  0.00000000E+00  0.00000000E+00  4.75205393E-02  0.00000000E+00  0.00000000E+00 -3.40414951E-02
    2.477000      1   0.00000000E+00  0.00000000E+00  2.63302177E-03  0.00000000E+00  0.00000000E+00  0.00000000E+00  0.00000000E+00  0.00000000E+00  4.74865014E-02  0.00000000E+00  0.00000000E+00 -3.40379901E-02
    2.478000      1   0.00000000E+00  0.00000000E+00  2.59069063E-03  0.00000000E+00  0.00000000E+00  0.00000000E+00  0.00000000E+00  0.00000000E+00  4.74524705E-02  0.00000000E+00  0.00000000E+00 -3.40309027E-02
    2.479000      1   0.00000000E+00  0.00000000E+00  2.57785705E-03  0.00000000E+00  0.00000000E+00  0.00000000E+00  0.00000000E+00  0.00000000E+00  4.74184486E-02  0.00000000E+00  0.00000000E+00 -3.40218836E-02
    2.480000      1   0.00000000E+00  0.00000000E+00  2.60097391E-03  0.00000000E+00  0.00000000E+00  0.00000000E+00  0.00000000E+00  0.00000000E+00  4.73844195E-02  0.00000000E+00  0.00000000E+00 -3.40290361E-02
    2.481000      1   0.00000000E+00  0.00000000E+00  2.58801600E-03  0.00000000E+00  0.00000000E+00  0.00000000E+00  0.00000000E+00  0.00000000E+00  4.73503832E-02  0.00000000E+00  0.00000000E+00 -3.40363154E-02
    2.482000      1   0.00000000E+00  0.00000000E+00  2.61110643E-03  0.00000000E+00  0.00000000E+00  0.00000000E+00  0.00000000E+00  0.00000000E+00  4.73163449E-02  0.00000000E+00  0.00000000E+00 -3.40382942E-02
    2.483000      1   0.00000000E+00  0.00000000E+00  2.59717980E-03  0.00000000E+00  0.00000000E+00  0.00000000E+00  0.00000000E+00  0.00000000E+00  4.72823045E-02  0.00000000E+00  0.00000000E+00 -3.40404453E-02
    2.484000      1   0.00000000E+00  0.00000000E+00  2.61891526E-03  0.00000000E+00  0.00000000E+00  0.00000000E+00  0.00000000E+00  0.00000000E+00  4.72482670E-02  0.00000000E+00  0.00000000E+00 -3.40374759E-02
    2.485000      1   0.00000000E+00  0.00000000E+00  2.60637986E-03  0.00000000E+00  0.00000000E+00  0.00000000E+00  0.00000000E+00  0.00000000E+00  4.72142318E-02  0.00000000E+00  0.00000000E+00 -3.40352366E-02
    2.486000      1   0.00000000E+00  0.00000000E+00  2.62380367E-03  0.00000000E+00  0.00000000E+00  0.00000000E+00  0.00000000E+00  0.00000000E+00  4.71802037E-02  0.00000000E+00  0.00000000E+00 -3.40280758E-02
    2.487000      1   0.00000000E+00  0.00000000E+00  2.56696597E-03  0.00000000E+00  0.00000000E+00  0.00000000E+00  0.00000000E+00  0.00000000E+00  4.71461817E-02  0.00000000E+00  0.00000000E+00 -3.40219506E-02
    2.488000      1   0.00000000E+00  0.00000000E+00  2.58498652E-03  0.00000000E+00  0.00000000E+00  0.00000000E+00  0.00000000E+00  0.00000000E+00  4.71121616E-02  0.00000000E+00  0.00000000E+00 -3.40201542E-02
    2.489000      1   0.00000000E+00  0.00000000E+00  2.59740160E-03  0.00000000E+00  0.00000000E+00  0.00000000E+00  0.00000000E+00  0.00000000E+00  4.70781277E-02  0.00000000E+00  0.00000000E+00 -3.40338375E-02
    2.490000      1   0.00000000E+00  0.00000000E+00  2.61565237E-03  0.00000000E+00  0.00000000E+00  0.00000000E+00  0.00000000E+00  0.00000000E+00  4.70440883E-02  0.00000000E+00  0.00000000E+00 -3.40394071E-02
    2.491000      1   0.00000000E+00  0.00000000E+00  2.59958735E-03  0.00000000E+00  0.00000000E+00  0.00000000E+00  0.00000000E+00  0.00000000E+00  4.70100507E-02  0.00000000E+00  0.00000000E+00 -3.40376720E-02
    2.492000      1   0.00000000E+00  0.00000000E+00  2.59568591E-03  0.00000000E+00  0.00000000E+00  0.00000000E+00  0.00000000E+00  0.00000000E+00  4.69760179E-02  0.00000000E+00  0.00000000E+00 -3.40327839E-02
    2.493000      1   0.00000000E+00  0.00000000E+00  2.61909491E-03  0.00000000E+00  0.00000000E+00  0.00000000E+00  0.00000000E+00  0.00000000E+00  4.69419840E-02  0.00000000E+00  0.00000000E+00 -3.40338617E-02
    2.494000      1   0.00000000E+00  0.00000000E+00  2.62348844E-03  0.00000000E+00  0.00000000E+00  0.00000000E+00  0.00000000E+00  0.00000000E+00  4.69079519E-02  0.00000000E+00  0.00000000E+00 -3.40320813E-02
    2.495000      1   0.00000000E+00  0.00000000E+00  2.57222461E-03  0.00000000E+00  0.00000000E+00  0.00000000E+00  0.00000000E+00  0.00000000E+00  4.68739301E-02  0.00000000E+00  0.00000000E+00 -3.40218360E-02
    2.496000      1   0.00000000E+00  0.00000000E+00  2.58881858E-03  0.00000000E+00  0.00000000E+00  0.00000000E+00  0.00000000E+00  0.00000000E+00  4.68399109E-02  0.00000000E+00  0.00000000E+00 -3.40192132E-02
    2.497000      1   0.00000000E+00  0.00000000E+00  2.59245329E-03  0.00000000E+00  0.00000000E+00  0.00000000E+00  0.00000000E+00  0.00000000E+00  4.68058804E-02  0.00000000E+00  0.00000000E+00 -3.40304918E-02
    2.498000      1   0.00000000E+00  0.00000000E+00  2.60627203E-03  0.00000000E+00  0.00000000E+00  0.00000000E+00  0.00000000E+00  0.00000000E+00  4.67718447E-02  0.00000000E+00  0.00000000E+00 -3.40356780E-02
    2.499000      1   0.00000000E+00  0.00000000E+00  2.59493455E-03  0.00000000E+00  0.00000000E+00  0.00000000E+00  0.00000000E+00  0.00000000E+00  4.67378075E-02  0.00000000E+00  0.00000000E+00 -3.40372267E-02
    2.500000      1   0.00000000E+00  0.00000000E+00  2.62552564E-03  0.00000000E+00  0.00000000E+00  0.00000000E+00  0.00000000E+00  0.00000000E+00  4.67037713E-02  0.00000000E+00  0.00000000E+00 -3.40362421E-02
    2.501000      1   0.00000000E+00  0.00000000E+00  2.60109870E-03  0.00000000E+00  0.00000000E+00  0.00000000E+00  0.00000000E+00  0.00000000E+00  4.66697377E-02  0.00000000E+00  0.00000000E+00 -3.40335712E-02
    2.502000      1   0.00000000E+00  0.00000000E+00  2.62048984E-03  0.00000000E+00  0.00000000E+00  0.00000000E+00  0.00000000E+00  0.00000000E+00  4.66357125E-02  0.00000000E+00  0.00000000E+00 -3.40251733E-02
    2.503000      1   0.00000000E+00  0.00000000E+00  2.57840149E-03  0.00000000E+00  0.00000000E+00  0.00000000E+00  0.00000000E+00  0.00000000E+00  4.66016911E-02  0.00000000E+00  0.00000000E+00 -3.40213685E-02
    2.504000      1   0.00000000E+00  0.00000000E+00  2.59076772E-03  0.00000000E+00  0.00000000E+00  0.00000000E+00  0.00000000E+00  0.00000000E+00  4.65676725E-02  0.00000000E+00  0.00000000E+00 -3.40186383E-02
    2.505000      1   0.00000000E+00  0.00000000E+00  2.58345433E-03  0.00000000E+00  0.00000000E+00  0.00000000E+00  0.00000000E+00  0.00000000E+00  4.65336450E-02  0.00000000E+00  0.00000000E+00 -3.40275436E-02
    2.506000      1   0.00000000E+00  0.00000000E+00  2.62340496E-03  0.00000000E+00  0.00000000E+00  0.00000000E+00  0.00000000E+00  0.00000000E+00  4.64996113E-02  0.00000000E+00  0.00000000E+00 -3.40336810E-02
    2.507000      1   0.00000000E+00  0.00000000E+00  2.58248656E-03  0.00000000E+00  0.00000000E+00  0.00000000E+00  0.00000000E+00  0.00000000E+00  4.64655761E-02  0.00000000E+00  0.00000000E+00 -3.40351553E-02
    2.508000      1   0.00000000E+00  0.00000000E+00  2.61803427E-03  0.00000000E+00  0.00000000E+00  0.00000000E+00  0.00000000E+00  0.00000000E+00  4.64315454E-02  0.00000000E+00  0.00000000E+00 -3.40307453E-02
    2.509000      1   0.00000000E+00  0.00000000E+00  2.60707723E-03  0.00000000E+00  0.00000000E+00  0.00000000E+00  0.00000000E+00  0.00000000E+00  4.63975119E-02  0.00000000E+00  0.00000000E+00 -3.40334873E-02
    2.510000      1   0.00000000E+00  0.00000000E+00  2.62475094E-03  0.00000000E+00  0.00000000E+00  0.00000000E+00  0.00000000E+00  0.00000000E+00  4.63634854E-02  0.00000000E+00  0.00000000E+00 -3.40264924E-02
    2.511000      1   0.00000000E+00  0.00000000E+00  2.58077077E-03  0.00000000E+00  0.00000000E+00  0.00000000E+00  0.00000000E+00  0.00000000E+00  4.63294654E-02  0.00000000E+00  0.00000000E+00 -3.40199707E-02
    2.512000      1   0.00000000E+00  0.00000000E+00  2.58648587E-03  0.00000000E+00  0.00000000E+00  0.00000000E+00  0.00000000E+00  0.00000000E+00  4.62954500E-02  0.00000000E+00  0.00000000E+00 -3.40154220E-02
    2.513000      1   0.00000000E+00  0.00000000E+00  2.59612170E-03  0.00000000E+00  0.00000000E+00  0.00000000E+00  0.00000000E+00  0.00000000E+00  4.62614257E-02  0.00000000E+00  0.00000000E+00 -3.40243064E-02
    2.514000      1   0.00000000E+00  0.00000000E+00  2.60888804E-03  0.00000000E+00  0.00000000E+00  0.00000000E+00  0.00000000E+00  0.00000000E+00  4.62273961E-02  0.00000000E+00  0.00000000E+00 -3.40296100E-02
    2.515000      1   0.00000000E+00  0.00000000E+00  2.58507455E-03  0.00000000E+00  0.00000000E+00  0.00000000E+00  0.00000000E+00  0.00000000E+00  4.61933666E-02  0.00000000E+00  0.00000000E+00 -3.40294913E-02
    2.516000      1   0.00000000E+00  0.00000000E+00  2.61054391E-03  0.00000000E+00  0.00000000E+00  0.00000000E+00  0.00000000E+00  0.00000000E+00  4.61593372E-02  0.00000000E+00  0.00000000E+00 -3.40293912E-02
    2.517000      1   0.00000000E+00  0.00000000E+00  2.62511578E-03  0.00000000E+00  0.00000000E+00  0.00000000E+00  0.00000000E+00  0.00000000E+00  4.61253046E-02  0.00000000E+00  0.00000000E+00 -3.40326078E-02
    2.518000      1   0.00000000E+00  0.00000000E+00  2.61722591E-03  0.00000000E+00  0.00000000E+00  0.00000000E+00  0.00000000E+00  0.00000000E+00  4.60912797E-02  0.00000000E+00  0.00000000E+00 -3.40248830E-02
    2.519000      1   0.00000000E+00  0.00000000E+00  2.59428084E-03  0.00000000E+00  0.00000000E+00  0.00000000E+00  0.00000000E+00  0.00000000E+00  4.60572659E-02  0.00000000E+00  0.00000000E+00 -3.40137679E-02
    2.520000      1   0.00000000E+00  0.00000000E+00  2.57622126E-03  0.00000000E+00  0.00000000E+00  0.00000000E+00  0.00000000E+00  0.00000000E+00  4.60232566E-02  0.00000000E+00  0.00000000E+00 -3.40093014E-02
    2.521000      1   0.00000000E+00  0.00000000E+00  2.58923630E-03  0.00000000E+00  0.00000000E+00  0.00000000E+00  0.00000000E+00  0.00000000E+00  4.59892411E-02  0.00000000E+00  0.00000000E+00 -3.40155641E-02
    2.522000      1   0.00000000E+00  0.00000000E+00  2.61175204E-03  0.00000000E+00  0.00000000E+00  0.00000000E+00  0.00000000E+00  0.00000000E+00  4.59552156E-02  0.00000000E+00  0.00000000E+00 -3.40254563E-02
    2.523000      1   0.00000000E+00  0.00000000E+00  2.59612153E-03  0.00000000E+00  0.00000000E+00  0.00000000E+00  0.00000000E+00  0.00000000E+00  4.59211885E-02  0.00000000E+00  0.00000000E+00 -3.40270925E-02
    2.524000      1   0.00000000E+00  0.00000000E+00  2.60782077E-03  0.00000000E+00  0.00000000E+00  0.00000000E+00  0.00000000E+00  0.00000000E+00  4.58871644E-02  0.00000000E+00  0.00000000E+00 -3.40240982E-02
    2.525000      1   0.00000000E+00  0.00000000E+00  2.60686604E-03  0.00000000E+00  0.00000000E+00  0.00000000E+00  0.00000000E+00  0.00000000E+00  4.58531403E-02  0.00000000E+00  0.00000000E+00 -3.40241684E-02
    2.526000      1   0.00000000E+00  0.00000000E+00  2.63122437E-03  0.00000000E+00  0.00000000E+00  0.00000000E+00  0.00000000E+00  0.00000000E+00  4.58191197E-02  0.00000000E+00  0.00000000E+00 -3.40205652E-02
    2.527000      1   0.00000000E+00  0.00000000E+00  2.59075430E-03  0.00000000E+00  0.00000000E+00  0.00000000E+00  0.00000000E+00  0.00000000E+00  4.57851067E-02  0.00000000E+00  0.00000000E+00 -3.40129680E-02
    2.528000      1   0.00000000E+00  0.00000000E+00  2.58014424E-03  0.00000000E+00  0.00000000E+00  0.00000000E+00  0.00000000E+00  0.00000000E+00  4.57511022E-02  0.00000000E+00  0.00000000E+00 -3.40045279E-02
    2.529000      1   0.00000000E+00  0.00000000E+00  2.59923591E-03  0.00000000E+00  0.00000000E+00  0.00000000E+00  0.00000000E+00  0.00000000E+00  4.57170909E-02  0.00000000E+00  0.00000000E+00 -3.40112551E-02
    2.530000      1   0.00000000E+00  0.00000000E+00  2.59114901E-03  0.00000000E+00  0.00000000E+00  0.00000000E+00  0.00000000E+00  0.00000000E+00  4.56830729E-02  0.00000000E+00  0.00000000E+00 -3.40180905E-02
    2.531000      1   0.00000000E+00  0.00000000E+00  2.60812904E-03  0.00000000E+00  0.00000000E+00  0.00000000E+00  0.00000000E+00  0.00000000E+00  4.56490528E-02  0.00000000E+00  0.00000000E+00 -3.40200861E-02
    2.532000      1   0.00000000E+00  0.00000000E+00  2.59918753E-03  0.00000000E+00  0.00000000E+00  0.00000000E+00  0.00000000E+00  0.00000000E+00  4.56150310E-02  0.00000000E+00  0.00000000E+00 -3.40217348E-02
    2.533000      1   0.00000000E+00  0.00000000E+00  2.61867934E-03  0.00000000E+00  0.00000000E+00  0.00000000E+00  0.00000000E+00  0.00000000E+00  4.55810116E-02  0.00000000E+00  0.00000000E+00 -3.40193882E-02
    2.534000      1   0.00000000E+00  0.00000000E+00  2.60994482E-03  0.00000000E+00  0.00000000E+00  0.00000000E+00  0.00000000E+00  0.00000000E+00  4.55469951E-02  0.00000000E+00  0.00000000E+00 -3.40165313E-02
    2.535000      1   0.00000000E+00  0.00000000E+00  2.61791855E-03  0.00000000E+00  0.00000000E+00  0.00000000E+00  0.00000000E+00  0.00000000E+00  4.55129863E-02  0.00000000E+00  0.00000000E+00 -3.40088175E-02
    2.536000      1   0.00000000E+00  0.00000000E+00  2.57023738E-03  0.00000000E+00  0.00000000E+00  0.00000000E+00  0.00000000E+00  0.00000000E+00  4.54789837E-02  0.00000000E+00  0.00000000E+00 -3.40025622E-02
    2.537000      1   0.00000000E+00  0.00000000E+00  2.58484502E-03  0.00000000E+00  0.00000000E+00  0.00000000E+00  0.00000000E+00  0.00000000E+00  4.54449816E-02  0.00000000E+00  0.00000000E+00 -3.40021201E-02
    2.538000      1   0.00000000E+00  0.00000000E+00  2.59857757E-03  0.00000000E+00  0.00000000E+00  0.00000000E+00  0.00000000E+00  0.00000000E+00  4.54109669E-02  0.00000000E+00  0.00000000E+00 -3.40147540E-02
    2.539000      1   0.00000000E+00  0.00000000E+00  2.61517825E-03  0.00000000E+00  0.00000000E+00  0.00000000E+00  0.00000000E+00  0.00000000E+00  4.53769467E-02  0.00000000E+00  0.00000000E+00 -3.40201621E-02
    2.540000      1   0.00000000E+00  0.00000000E+00  2.60066327E-03  0.00000000E+00  0.00000000E+00  0.00000000E+00  0.00000000E+00  0.00000000E+00  4.53429286E-02  0.00000000E+00  0.00000000E+00 -3.40181246E-02
    2.541000      1   0.00000000E+00  0.00000000E+00  2.59745937E-03  0.00000000E+00  0.00000000E+00  0.00000000E+00  0.00000000E+00  0.00000000E+00  4.53089154E-02  0.00000000E+00  0.00000000E+00 -3.40132020E-02
    2.542000      1   0.00000000E+00  0.00000000E+00  2.61540662E-03  0.00000000E+00  0.00000000E+00  0.00000000E+00  0.00000000E+00  0.00000000E+00  4.52749018E-02  0.00000000E+00  0.00000000E+00 -3.40136129E-02
    2.543000      1   0.00000000E+00  0.00000000E+00  2.62574834E-03  0.00000000E+00  0.00000000E+00  0.00000000E+00  0.00000000E+00  0.00000000E+00  4.52408899E-02  0.00000000E+00  0.00000000E+00 -3.40119022E-02
    2.544000      1   0.00000000E+00  0.00000000E+00  2.57301964E-03  0.00000000E+00  0.00000000E+00  0.00000000E+00  0.00000000E+00  0.00000000E+00  4.52068874E-02  0.00000000E+00  0.00000000E+00 -3.40024686E-02
    2.545000      1   0.00000000E+00  0.00000000E+00  2.58932928E-03  0.00000000E+00  0.00000000E+00  0.00000000E+00  0.00000000E+00  0.00000000E+00  4.51728884E-02  0.00000000E+00  0.00000000E+00 -3.39989631E-02
    2.546000      1   0.00000000E+00  0.00000000E+00  2.58980011E-03  0.00000000E+00  0.00000000E+00  0.00000000E+00  0.00000000E+00  0.00000000E+00  4.51388785E-02  0.00000000E+00  0.00000000E+00 -3.40098903E-02
    2.547000      1   0.00000000E+00  0.00000000E+00  2.60870582E-03  0.00000000E+00  0.00000000E+00  0.00000000E+00  0.00000000E+00  0.00000000E+00  4.51048632E-02  0.00000000E+00  0.00000000E+00 -3.40153779E-02
    2.548000      1   0.00000000E+00  0.00000000E+00  2.59558062E-03  0.00000000E+00  0.00000000E+00  0.00000000E+00  0.00000000E+00  0.00000000E+00  4.50708458E-02  0.00000000E+00  0.00000000E+00 -3.40173676E-02
    2.549000      1   0.00000000E+00  0.00000000E+00  2.62504560E-03  0.00000000E+00  0.00000000E+00  0.00000000E+00  0.00000000E+00  0.00000000E+00  4.50368303E-02  0.00000000E+00  0.00000000E+00 -3.40154694E-02
    2.550000      1   0.00000000E+00  0.00000000E+00  2.60041353E-03  0.00000000E+00  0.00000000E+00  0.00000000E+00  0.00000000E+00  0.00000000E+00  4.50028177E-02  0.00000000E+00  0.00000000E+00 -3.40126712E-02
    2.551000      1   0.00000000E+00  0.00000000E+00  2.62186290E-03  0.00000000E+00  0.00000000E+00  0.00000000E+00  0.00000000E+00  0.00000000E+00  4.49688131E-02  0.00000000E+00  0.00000000E+00 -3.40045521E-02
    2.552000      1   0.00000000E+00  0.00000000E+00  2.57810164E-03  0.00000000E+00  0.00000000E+00  0.00000000E+00  0.00000000E+00  0.00000000E+00  4.49348124E-02  0.00000000E+00  0.00000000E+00 -3.40007296E-02
    2.553000      1   0.00000000E+00  0.00000000E+00  2.59162105E-03  0.00000000E+00  0.00000000E+00  0.00000000E+00  0.00000000E+00  0.00000000E+00  4.49008148E-02  0.00000000E+00  0.00000000E+00 -3.39976014E-02
    2.554000      1   0.00000000E+00  0.00000000E+00  2.58106849E-03  0.00000000E+00  0.00000000E+00  0.00000000E+00  0.00000000E+00  0.00000000E+00  4.48668083E-02  0.00000000E+00  0.00000000E+00 -3.40064543E-02
    2.555000      1   0.00000000E+00  0.00000000E+00  2.62599218E-03  0.00000000E+00  0.00000000E+00  0.00000000E+00  0.00000000E+00  0.00000000E+00  4.48327956E-02  0.00000000E+00  0.00000000E+00 -3.40127333E-02
    2.556000      1   0.00000000E+00  0.00000000E+00  2.58277942E-03  0.00000000E+00  0.00000000E+00  0.00000000E+00  0.00000000E+00  0.00000000E+00  4.47987810E-02  0.00000000E+00  0.00000000E+00 -3.40145337E-02
    2.557000      1   0.00000000E+00  0.00000000E+00  2.61804605E-03  0.00000000E+00  0.00000000E+00  0.00000000E+00  0.00000000E+00  0.00000000E+00  4.47647718E-02  0.00000000E+00  0.00000000E+00 -3.40092222E-02
    2.558000      1   0.00000000E+00  0.00000000E+00  2.60651023E-03  0.00000000E+00  0.00000000E+00  0.00000000E+00  0.00000000E+00  0.00000000E+00  4.47307600E-02  0.00000000E+00  0.00000000E+00 -3.40118659E-02
    2.559000      1   0.00000000E+00  0.00000000E+00  2.62571714E-03  0.00000000E+00  0.00000000E+00  0.00000000E+00  0.00000000E+00  0.00000000E+00  4.46967550E-02  0.00000000E+00  0.00000000E+00 -3.40049675E-02
    2.560000      1   0.00000000E+00  0.00000000E+00  2.58060228E-03  0.00000000E+00  0.00000000E+00  0.00000000E+00  0.00000000E+00  0.00000000E+00  4.46627565E-02  0.00000000E+00  0.00000000E+00 -3.39984611E-02
    2.561000      1   0.00000000E+00  0.00000000E+00  2.58688285E-03  0.00000000E+00  0.00000000E+00  0.00000000E+00  0.00000000E+00  0.00000000E+00  4.46287629E-02  0.00000000E+00  0.00000000E+00 -3.39936249E-02
    2.562000      1   0.00000000E+00  0.00000000E+00  2.59609842E-03  0.00000000E+00  0.00000000E+00  0.00000000E+00  0.00000000E+00  0.00000000E+00  4.45947604E-02  0.00000000E+00  0.00000000E+00 -3.40024945E-02
    2.563000      1   0.00000000E+00  0.00000000E+00  2.60923917E-03  0.00000000E+00  0.00000000E+00  0.00000000E+00  0.00000000E+00  0.00000000E+00  4.45607527E-02  0.00000000E+00  0.00000000E+00 -3.40076717E-02
    2.564000      1   0.00000000E+00  0.00000000E+00  2.58523377E-03  0.00000000E+00  0.00000000E+00  0.00000000E+00  0.00000000E+00  0.00000000E+00  4.45267452E-02  0.00000000E+00  0.00000000E+00 -3.40074987E-02
    2.565000      1   0.00000000E+00  0.00000000E+00  2.61087565E-03  0.00000000E+00  0.00000000E+00  0.00000000E+00  0.00000000E+00  0.00000000E+00  4.44927380E-02  0.00000000E+00  0.00000000E+00 -3.40072551E-02
    2.566000      1   0.00000000E+00  0.00000000E+00  2.62509094E-03  0.00000000E+00  0.00000000E+00  0.00000000E+00  0.00000000E+00  0.00000000E+00  4.44587276E-02  0.00000000E+00  0.00000000E+00 -3.40103607E-02
    2.567000      1   0.00000000E+00  0.00000000E+00  2.61712843E-03  0.00000000E+00  0.00000000E+00  0.00000000E+00  0.00000000E+00  0.00000000E+00  4.44247251E-02  0.00000000E+00  0.00000000E+00 -3.40025314E-02
    2.568000      1   0.00000000E+00  0.00000000E+00  2.59402916E-03  0.00000000E+00  0.00000000E+00  0.00000000E+00  0.00000000E+00  0.00000000E+00  4.43907337E-02  0.00000000E+00  0.00000000E+00 -3.39914416E-02
    2.569000      1   0.00000000E+00  0.00000000E+00  2.57786840E-03  0.00000000E+00  0.00000000E+00  0.00000000E+00  0.00000000E+00  0.00000000E+00  4.43567466E-02  0.00000000E+00  0.00000000E+00 -3.39870517E-02
    2.570000      1   0.00000000E+00  0.00000000E+00  2.58952317E-03  0.00000000E+00  0.00000000E+00  0.00000000E+00  0.00000000E+00  0.00000000E+00  4.43227535E-02  0.00000000E+00  0.00000000E+00 -3.39931057E-02
    2.571000      1   0.00000000E+00  0.00000000E+00  2.61106197E-03  0.00000000E+00  0.00000000E+00  0.00000000E+00  0.00000000E+00  0.00000000E+00  4.42887511E-02  0.00000000E+00  0.00000000E+00 -3.40024062E-02
    2.572000      1   0.00000000E+00  0.00000000E+00  2.59692028E-03  0.00000000E+00  0.00000000E+00  0.00000000E+00  0.00000000E+00  0.00000000E+00  4.42547470E-02  0.00000000E+00  0.00000000E+00 -3.40040702E-02
    2.573000      1   0.00000000E+00  0.00000000E+00  2.60742238E-03  0.00000000E+00  0.00000000E+00  0.00000000E+00  0.00000000E+00  0.00000000E+00  4.42207459E-02  0.00000000E+00  0.00000000E+00 -3.40011614E-02
    2.574000      1   0.00000000E+00  0.00000000E+00  2.60692925E-03  0.00000000E+00  0.00000000E+00  0.00000000E+00  0.00000000E+00  0.00000000E+00  4.41867448E-02  0.00000000E+00  0.00000000E+00 -3.40010397E-02
    2.575000      1   0.00000000E+00  0.00000000E+00  2.63212156E-03  0.00000000E+00  0.00000000E+00  0.00000000E+00  0.00000000E+00  0.00000000E+00  4.41527473E-02  0.00000000E+00  0.00000000E+00 -3.39975561E-02
    2.576000      1   0.00000000E+00  0.00000000E+00  2.59239249E-03  0.00000000E+00  0.00000000E+00  0.00000000E+00  0.00000000E+00  0.00000000E+00  4.41187575E-02  0.00000000E+00  0.00000000E+00 -3.39897796E-02
    2.577000      1   0.00000000E+00  0.00000000E+00  2.57783377E-03  0.00000000E+00  0.00000000E+00  0.00000000E+00  0.00000000E+00  0.00000000E+00  4.40847767E-02  0.00000000E+00  0.00000000E+00 -3.39807551E-02
    2.578000      1   0.00000000E+00  0.00000000E+00  2.60167128E-03  0.00000000E+00  0.00000000E+00  0.00000000E+00  0.00000000E+00  0.00000000E+00  4.40507894E-02  0.00000000E+00  0.00000000E+00 -3.39873528E-02
    2.579000      1   0.00000000E+00  0.00000000E+00  2.58882404E-03  0.00000000E+00  0.00000000E+00  0.00000000E+00  0.00000000E+00  0.00000000E+00  4.40167949E-02  0.00000000E+00  0.00000000E+00 -3.39945164E-02
    2.580000      1   0.00000000E+00  0.00000000E+00  2.61162185E-03  0.00000000E+00  0.00000000E+00  0.00000000E+00  0.00000000E+00  0.00000000E+00  4.39827987E-02  0.00000000E+00  0.00000000E+00 -3.39961233E-02
    2.581000      1   0.00000000E+00  0.00000000E+00  2.59751399E-03  0.00000000E+00  0.00000000E+00  0.00000000E+00  0.00000000E+00  0.00000000E+00  4.39488008E-02  0.00000000E+00  0.00000000E+00 -3.39979179E-02
    2.582000      1   0.00000000E+00  0.00000000E+00  2.62024973E-03  0.00000000E+00  0.00000000E+00  0.00000000E+00  0.00000000E+00  0.00000000E+00  4.39148061E-02  0.00000000E+00  0.00000000E+00 -3.39947202E-02
    2.583000      1   0.00000000E+00  0.00000000E+00  2.60643343E-03  0.00000000E+00  0.00000000E+00  0.00000000E+00  0.00000000E+00  0.00000000E+00  4.38808140E-02  0.00000000E+00  0.00000000E+00 -3.39921351E-02
    2.584000      1   0.00000000E+00  0.00000000E+00  2.62449181E-03  0.00000000E+00  0.00000000E+00  0.00000000E+00  0.00000000E+00  0.00000000E+00  4.38468294E-02  0.00000000E+00  0.00000000E+00 -3.39845266E-02
    2.585000      1   0.00000000E+00  0.00000000E+00  2.56716577E-03  0.00000000E+00  0.00000000E+00  0.00000000E+00  0.00000000E+00  0.00000000E+00  4.38128512E-02  0.00000000E+00  0.00000000E+00 -3.39782621E-02
    2.586000      1   0.00000000E+00  0.00000000E+00  2.58636482E-03  0.00000000E+00  0.00000000E+00  0.00000000E+00  0.00000000E+00  0.00000000E+00  4.37788750E-02  0.00000000E+00  0.00000000E+00 -3.39762044E-02
    2.587000      1   0.00000000E+00  0.00000000E+00  2.59763060E-03  0.00000000E+00  0.00000000E+00  0.00000000E+00  0.00000000E+00  0.00000000E+00  4.37448854E-02  0.00000000E+00  0.00000000E+00 -3.39895783E-02
    2.588000      1   0.00000000E+00  0.00000000E+00  2.61602256E-03  0.00000000E+00  0.00000000E+00  0.00000000E+00  0.00000000E+00  0.00000000E+00  4.37108907E-02  0.00000000E+00  0.00000000E+00 -3.39946548E-02
    2.589000      1   0.00000000E+00  0.00000000E+00  2.59988755E-03  0.00000000E+00  0.00000000E+00  0.00000000E+00  0.00000000E+00  0.00000000E+00  4.36768980E-02  0.00000000E+00  0.00000000E+00 -3.39927789E-02
    2.590000      1   0.00000000E+00  0.00000000E+00  2.59694242E-03  0.00000000E+00  0.00000000E+00  0.00000000E+00  0.00000000E+00  0.00000000E+00  4.36429102E-02  0.00000000E+00  0.00000000E+00 -3.39877162E-02
    2.591000      1   0.00000000E+00  0.00000000E+00  2.62047163E-03  0.00000000E+00  0.00000000E+00  0.00000000E+00  0.00000000E+00  0.00000000E+00  4.36089218E-02  0.00000000E+00  0.00000000E+00 -3.39884733E-02
    2.592000      1   0.00000000E+00  0.00000000E+00  2.62128812E-03  0.00000000E+00  0.00000000E+00  0.00000000E+00  0.00000000E+00  0.00000000E+00  4.35749357E-02  0.00000000E+00  0.00000000E+00 -3.39860367E-02
    2.593000      1   0.00000000E+00  0.00000000E+00  2.57430232E-03  0.00000000E+00  0.00000000E+00  0.00000000E+00  0.00000000E+00  0.00000000E+00  4.35409600E-02  0.00000000E+00  0.00000000E+00 -3.39757284E-02
    2.594000      1   0.00000000E+00  0.00000000E+00  2.58872829E-03  0.00000000E+00  0.00000000E+00  0.00000000E+00  0.00000000E+00  0.00000000E+00  4.35069865E-02  0.00000000E+00  0.00000000E+00 -3.39734608E-02
    2.595000      1   0.00000000E+00  0.00000000E+00  2.59372224E-03  0.00000000E+00  0.00000000E+00  0.00000000E+00  0.00000000E+00  0.00000000E+00  4.34730025E-02  0.00000000E+00  0.00000000E+00 -3.39840730E-02
    2.596000      1   0.00000000E+00  0.00000000E+00  2.60577343E-03  0.00000000E+00  0.00000000E+00  0.00000000E+00  0.00000000E+00  0.00000000E+00  4.34390134E-02  0.00000000E+00  0.00000000E+00 -3.39890644E-02
    2.597000      1   0.00000000E+00  0.00000000E+00  2.59615193E-03  0.00000000E+00  0.00000000E+00  0.00000000E+00  0.00000000E+00  0.00000000E+00  4.34050231E-02  0.00000000E+00  0.00000000E+00 -3.39902846E-02
    2.598000      1   0.00000000E+00  0.00000000E+00  2.62598192E-03  0.00000000E+00  0.00000000E+00  0.00000000E+00  0.00000000E+00  0.00000000E+00  4.33710339E-02  0.00000000E+00  0.00000000E+00 -3.39892485E-02
    2.599000      1   0.00000000E+00  0.00000000E+00  2.60084834E-03  0.00000000E+00  0.00000000E+00  0.00000000E+00  0.00000000E+00  0.00000000E+00  4.33370478E-02  0.00000000E+00  0.00000000E+00 -3.39860970E-02
    2.600000      1   0.00000000E+00  0.00000000E+00  2.62429414E-03  0.00000000E+00  0.00000000E+00  0.00000000E+00  0.00000000E+00  0.00000000E+00  4.33030702E-02  0.00000000E+00  0.00000000E+00 -3.39775936E-02
    2.601000      1   0.00000000E+00  0.00000000E+00  2.57576298E-03  0.00000000E+00  0.00000000E+00  0.00000000E+00  0.00000000E+00  0.00000000E+00  4.32690970E-02  0.00000000E+00  0.00000000E+00 -3.39731983E-02
    2.602000      1   0.00000000E+00  0.00000000E+00  2.59260966E-03  0.00000000E+00  0.00000000E+00  0.00000000E+00  0.00000000E+00  0.00000000E+00  4.32351273E-02  0.00000000E+00  0.00000000E+00 -3.39696852E-02
    2.603000      1   0.00000000E+00  0.00000000E+00  2.58331532E-03  0.00000000E+00  0.00000000E+00  0.00000000E+00  0.00000000E+00  0.00000000E+00  4.32011482E-02  0.00000000E+00  0.00000000E+00 -3.39791314E-02
    2.604000      1   0.00000000E+00  0.00000000E+00  2.62387577E-03  0.00000000E+00  0.00000000E+00  0.00000000E+00  0.00000000E+00  0.00000000E+00  4.31671635E-02  0.00000000E+00  0.00000000E+00 -3.39846884E-02
    2.605000      1   0.00000000E+00  0.00000000E+00  2.58064527E-03  0.00000000E+00  0.00000000E+00  0.00000000E+00  0.00000000E+00  0.00000000E+00  4.31331774E-02  0.00000000E+00  0.00000000E+00 -3.39861252E-02
    2.606000      1   0.00000000E+00  0.00000000E+00  2.61973584E-03  0.00000000E+00  0.00000000E+00  0.00000000E+00  0.00000000E+00  0.00000000E+00  4.30991955E-02  0.00000000E+00  0.00000000E+00 -3.39818861E-02
    2.607000      1   0.00000000E+00  0.00000000E+00  2.60784964E-03  0.00000000E+00  0.00000000E+00  0.00000000E+00  0.00000000E+00  0.00000000E+00  4.30652105E-02  0.00000000E+00  0.00000000E+00 -3.39849319E-02
    2.608000      1   0.00000000E+00  0.00000000E+00  2.62454462E-03  0.00000000E+00  0.00000000E+00  0.00000000E+00  0.00000000E+00  0.00000000E+00  4.30312333E-02  0.00000000E+00  0.00000000E+00 -3.39772416E-02
    2.609000      1   0.00000000E+00  0.00000000E+00  2.58330652E-03  0.00000000E+00  0.00000000E+00  0.00000000E+00  0.00000000E+00  0.00000000E+00  4.29972628E-02  0.00000000E+00  0.00000000E+00 -3.39705027E-02
    2.610000      1   0.00000000E+00  0.00000000E+00  2.58605400E-03  0.00000000E+00  0.00000000E+00  0.00000000E+00  0.00000000E+00  0.00000000E+00  4.29632972E-02  0.00000000E+00  0.00000000E+00 -3.39655734E-02
    2.611000      1   0.00000000E+00  0.00000000E+00  2.60552214E-03  0.00000000E+00  0.00000000E+00  0.00000000E+00  0.00000000E+00  0.00000000E+00  4.29293235E-02  0.00000000E+00  0.00000000E+00 -3.39737014E-02
    2.612000      1   0.00000000E+00  0.00000000E+00  2.59754579E-03  0.00000000E+00  0.00000000E+00  0.00000000E+00  0.00000000E+00  0.00000000E+00  4.28953460E-02  0.00000000E+00  0.00000000E+00 -3.39774844E-02
    2.613000      1   0.00000000E+00  0.00000000E+00  2.59161430E-03  0.00000000E+00  0.00000000E+00  0.00000000E+00  0.00000000E+00  0.00000000E+00  4.28613697E-02  0.00000000E+00  0.00000000E+00 -3.39762843E-02
    2.614000      1   0.00000000E+00  0.00000000E+00  2.61082668E-03  0.00000000E+00  0.00000000E+00  0.00000000E+00  0.00000000E+00  0.00000000E+00  4.28273910E-02  0.00000000E+00  0.00000000E+00 -3.39787526E-02
    2.615000      1   0.00000000E+00  0.00000000E+00  2.62306380E-03  0.00000000E+00  0.00000000E+00  0.00000000E+00  0.00000000E+00  0.00000000E+00  4.27934112E-02  0.00000000E+00  0.00000000E+00 -3.39797715E-02
    2.616000      1   0.00000000E+00  0.00000000E+00  2.62000354E-03  0.00000000E+00  0.00000000E+00  0.00000000E+00  0.00000000E+00  0.00000000E+00  4.27594389E-02  0.00000000E+00  0.00000000E+00 -3.39723167E-02
    2.617000      1   0.00000000E+00  0.00000000E+00  2.59466243E-03  0.00000000E+00  0.00000000E+00  0.00000000E+00  0.00000000E+00  0.00000000E+00  4.27254775E-02  0.00000000E+00  0.00000000E+00 -3.39613842E-02
    2.618000      1   0.00000000E+00  0.00000000E+00  2.57839678E-03  0.00000000E+00  0.00000000E+00  0.00000000E+00  0.00000000E+00  0.00000000E+00  4.26915216E-02  0.00000000E+00  0.00000000E+00 -3.39559381E-02
    2.619000      1   0.00000000E+00  0.00000000E+00  2.58802903E-03  0.00000000E+00  0.00000000E+00  0.00000000E+00  0.00000000E+00  0.00000000E+00  4.26575599E-02  0.00000000E+00  0.00000000E+00 -3.39616908E-02
    2.620000      1   0.00000000E+00  0.00000000E+00  2.61161269E-03  0.00000000E+00  0.00000000E+00  0.00000000E+00  0.00000000E+00  0.00000000E+00  4.26235888E-02  0.00000000E+00  0.00000000E+00 -3.39710819E-02
    2.621000      1   0.00000000E+00  0.00000000E+00  2.59852577E-03  0.00000000E+00  0.00000000E+00  0.00000000E+00  0.00000000E+00  0.00000000E+00  4.25896157E-02  0.00000000E+00  0.00000000E+00 -3.39731393E-02
    2.622000      1   0.00000000E+00  0.00000000E+00  2.60851769E-03  0.00000000E+00  0.00000000E+00  0.00000000E+00  0.00000000E+00  0.00000000E+00  4.25556459E-02  0.00000000E+00  0.00000000E+00 -3.39697656E-02
    2.623000      1   0.00000000E+00  0.00000000E+00  2.60373504E-03  0.00000000E+00  0.00000000E+00  0.00000000E+00  0.00000000E+00  0.00000000E+00  4.25216770E-02  0.00000000E+00  0.00000000E+00 -3.39689230E-02
    2.624000      1   0.00000000E+00  0.00000000E+00  2.62841512E-03  0.00000000E+00  0.00000000E+00  0.00000000E+00  0.00000000E+00  0.00000000E+00  4.24877113E-02  0.00000000E+00  0.00000000E+00 -3.39656446E-02
    2.625000      1   0.00000000E+00  0.00000000E+00  2.59980184E-03  0.00000000E+00  0.00000000E+00  0.00000000E+00  0.00000000E+00  0.00000000E+00  4.24537518E-02  0.00000000E+00  0.00000000E+00 -3.39595725E-02
    2.626000      1   0.00000000E+00  0.00000000E+00  2.57473484E-03  0.00000000E+00  0.00000000E+00  0.00000000E+00  0.00000000E+00  0.00000000E+00  4.24198013E-02  0.00000000E+00  0.00000000E+00 -3.39504550E-02
    2.627000      1   0.00000000E+00  0.00000000E+00  2.60103012E-03  0.00000000E+00  0.00000000E+00  0.00000000E+00  0.00000000E+00  0.00000000E+00  4.23858461E-02  0.00000000E+00  0.00000000E+00 -3.39551674E-02
    2.628000      1   0.00000000E+00  0.00000000E+00  2.58944146E-03  0.00000000E+00  0.00000000E+00  0.00000000E+00  0.00000000E+00  0.00000000E+00  4.23518827E-02  0.00000000E+00  0.00000000E+00 -3.39634621E-02
    2.629000      1   0.00000000E+00  0.00000000E+00  2.61301599E-03  0.00000000E+00  0.00000000E+00  0.00000000E+00  0.00000000E+00  0.00000000E+00  4.23179175E-02  0.00000000E+00  0.00000000E+00 -3.39651704E-02
    2.630000      1   0.00000000E+00  0.00000000E+00  2.59737156E-03  0.00000000E+00  0.00000000E+00  0.00000000E+00  0.00000000E+00  0.00000000E+00  4.22839510E-02  0.00000000E+00  0.00000000E+00 -3.39665157E-02
    2.631000      1   0.00000000E+00  0.00000000E+00  2.61619677E-03  0.00000000E+00  0.00000000E+00  0.00000000E+00  0.00000000E+00  0.00000000E+00  4.22499881E-02  0.00000000E+00  0.00000000E+00 -3.39628853E-02
    2.632000      1   0.00000000E+00  0.00000000E+00  2.60748994E-03  0.00000000E+00  0.00000000E+00  0.00000000E+00  0.00000000E+00  0.00000000E+00  4.22160270E-02  0.00000000E+00  0.00000000E+00 -3.39610637E-02
    2.633000      1   0.00000000E+00  0.00000000E+00  2.62200188E-03  0.00000000E+00  0.00000000E+00  0.00000000E+00  0.00000000E+00  0.00000000E+00  4.21820724E-02  0.00000000E+00  0.00000000E+00 -3.39545994E-02
    2.634000      1   0.00000000E+00  0.00000000E+00  2.57957559E-03  0.00000000E+00  0.00000000E+00  0.00000000E+00  0.00000000E+00  0.00000000E+00  4.21481240E-02  0.00000000E+00  0.00000000E+00 -3.39484282E-02
    2.635000      1   0.00000000E+00  0.00000000E+00  2.57697427E-03  0.00000000E+00  0.00000000E+00  0.00000000E+00  0.00000000E+00  0.00000000E+00  4.21141790E-02  0.00000000E+00  0.00000000E+00 -3.39449937E-02
    2.636000      1   0.00000000E+00  0.00000000E+00  2.60238852E-03  0.00000000E+00  0.00000000E+00  0.00000000E+00  0.00000000E+00  0.00000000E+00  4.20802231E-02  0.00000000E+00  0.00000000E+00 -3.39559527E-02
    2.637000      1   0.00000000E+00  0.00000000E+00  2.61085666E-03  0.00000000E+00  0.00000000E+00  0.00000000E+00  0.00000000E+00  0.00000000E+00  4.20462598E-02  0.00000000E+00  0.00000000E+00 -3.39632718E-02
    2.638000      1   0.00000000E+00  0.00000000E+00  2.60682424E-03  0.00000000E+00  0.00000000E+00  0.00000000E+00  0.00000000E+00  0.00000000E+00  4.20122991E-02  0.00000000E+00  0.00000000E+00 -3.39607469E-02
    2.639000      1   0.00000000E+00  0.00000000E+00  2.59512915E-03  0.00000000E+00  0.00000000E+00  0.00000000E+00  0.00000000E+00  0.00000000E+00  4.19783429E-02  0.00000000E+00  0.00000000E+00 -3.39561540E-02
    2.640000      1   0.00000000E+00  0.00000000E+00  2.62151873E-03  0.00000000E+00  0.00000000E+00  0.00000000E+00  0.00000000E+00  0.00000000E+00  4.19443879E-02  0.00000000E+00  0.00000000E+00 -3.39549537E-02
    2.641000      1   0.00000000E+00  0.00000000E+00  2.61796740E-03  0.00000000E+00  0.00000000E+00  0.00000000E+00  0.00000000E+00  0.00000000E+00  4.19104350E-02  0.00000000E+00  0.00000000E+00 -3.39529274E-02
    2.642000      1   0.00000000E+00  0.00000000E+00  2.57928290E-03  0.00000000E+00  0.00000000E+00  0.00000000E+00  0.00000000E+00  0.00000000E+00  4.18764922E-02  0.00000000E+00  0.00000000E+00 -3.39428624E-02
    2.643000      1   0.00000000E+00  0.00000000E+00  2.58911834E-03  0.00000000E+00  0.00000000E+00  0.00000000E+00  0.00000000E+00  0.00000000E+00  4.18425514E-02  0.00000000E+00  0.00000000E+00 -3.39408047E-02
    2.644000      1   0.00000000E+00  0.00000000E+00  2.59404051E-03  0.00000000E+00  0.00000000E+00  0.00000000E+00  0.00000000E+00  0.00000000E+00  4.18086016E-02  0.00000000E+00  0.00000000E+00 -3.39497122E-02
    2.645000      1   0.00000000E+00  0.00000000E+00  2.61093602E-03  0.00000000E+00  0.00000000E+00  0.00000000E+00  0.00000000E+00  0.00000000E+00  4.17746471E-02  0.00000000E+00  0.00000000E+00 -3.39545192E-02
    2.646000      1   0.00000000E+00  0.00000000E+00  2.59176272E-03  0.00000000E+00  0.00000000E+00  0.00000000E+00  0.00000000E+00  0.00000000E+00  4.17406924E-02  0.00000000E+00  0.00000000E+00 -3.39547220E-02
    2.647000      1   0.00000000E+00  0.00000000E+00  2.62245496E-03  0.00000000E+00  0.00000000E+00  0.00000000E+00  0.00000000E+00  0.00000000E+00  4.17067396E-02  0.00000000E+00  0.00000000E+00 -3.39527665E-02
    2.648000      1   0.00000000E+00  0.00000000E+00  2.60413629E-03  0.00000000E+00  0.00000000E+00  0.00000000E+00  0.00000000E+00  0.00000000E+00  4.16727879E-02  0.00000000E+00  0.00000000E+00 -3.39516803E-02
    2.649000      1   0.00000000E+00  0.00000000E+00  2.62220891E-03  0.00000000E+00  0.00000000E+00  0.00000000E+00  0.00000000E+00  0.00000000E+00  4.16388442E-02  0.00000000E+00  0.00000000E+00 -3.39437537E-02
    2.650000      1   0.00000000E+00  0.00000000E+00  2.58268624E-03  0.00000000E+00  0.00000000E+00  0.00000000E+00  0.00000000E+00  0.00000000E+00  4.16049055E-02  0.00000000E+00  0.00000000E+00 -3.39386473E-02
    2.651000      1   0.00000000E+00  0.00000000E+00  2.58804856E-03  0.00000000E+00  0.00000000E+00  0.00000000E+00  0.00000000E+00  0.00000000E+00  4.15709710E-02  0.00000000E+00  0.00000000E+00 -3.39345948E-02
    2.652000      1   0.00000000E+00  0.00000000E+00  2.58726289E-03  0.00000000E+00  0.00000000E+00  0.00000000E+00  0.00000000E+00  0.00000000E+00  4.15370284E-02  0.00000000E+00  0.00000000E+00 -3.39425738E-02
    2.653000      1   0.00000000E+00  0.00000000E+00  2.62257637E-03  0.00000000E+00  0.00000000E+00  0.00000000E+00  0.00000000E+00  0.00000000E+00  4.15030794E-02  0.00000000E+00  0.00000000E+00 -3.39489307E-02
    2.654000      1   0.00000000E+00  0.00000000E+00  2.57967022E-03  0.00000000E+00  0.00000000E+00  0.00000000E+00  0.00000000E+00  0.00000000E+00  4.14691301E-02  0.00000000E+00  0.00000000E+00 -3.39493008E-02
    2.655000      1   0.00000000E+00  0.00000000E+00  2.61785383E-03  0.00000000E+00  0.00000000E+00  0.00000000E+00  0.00000000E+00  0.00000000E+00  4.14351845E-02  0.00000000E+00  0.00000000E+00 -3.39456609E-02
    2.656000      1   0.00000000E+00  0.00000000E+00  2.61287858E-03  0.00000000E+00  0.00000000E+00  0.00000000E+00  0.00000000E+00  0.00000000E+00  4.14012351E-02  0.00000000E+00  0.00000000E+00 -3.39493597E-02
    2.657000      1   0.00000000E+00  0.00000000E+00  2.62844384E-03  0.00000000E+00  0.00000000E+00  0.00000000E+00  0.00000000E+00  0.00000000E+00  4.13672937E-02  0.00000000E+00  0.00000000E+00 -3.39413982E-02
    2.658000      1   0.00000000E+00  0.00000000E+00  2.58183382E-03  0.00000000E+00  0.00000000E+00  0.00000000E+00  0.00000000E+00  0.00000000E+00  4.13333614E-02  0.00000000E+00  0.00000000E+00 -3.39323182E-02
    2.659000      1   0.00000000E+00  0.00000000E+00  2.58591997E-03  0.00000000E+00  0.00000000E+00  0.00000000E+00  0.00000000E+00  0.00000000E+00  4.12994350E-02  0.00000000E+00  0.00000000E+00 -3.39263687E-02
    2.660000      1   0.00000000E+00  0.00000000E+00  2.60076273E-03  0.00000000E+00  0.00000000E+00  0.00000000E+00  0.00000000E+00  0.00000000E+00  4.12655000E-02  0.00000000E+00  0.00000000E+00 -3.39350041E-02
    2.661000      1   0.00000000E+00  0.00000000E+00  2.59856199E-03  0.00000000E+00  0.00000000E+00  0.00000000E+00  0.00000000E+00  0.00000000E+00  4.12315604E-02  0.00000000E+00  0.00000000E+00 -3.39396728E-02
    2.662000      1   0.00000000E+00  0.00000000E+00  2.59957886E-03  0.00000000E+00  0.00000000E+00  0.00000000E+00  0.00000000E+00  0.00000000E+00  4.11976205E-02  0.00000000E+00  0.00000000E+00 -3.39398560E-02
    2.663000      1   0.00000000E+00  0.00000000E+00  2.60389903E-03  0.00000000E+00  0.00000000E+00  0.00000000E+00  0.00000000E+00  0.00000000E+00  4.11636799E-02  0.00000000E+00  0.00000000E+00 -3.39405822E-02
    2.664000      1   0.00000000E+00  0.00000000E+00  2.62074387E-03  0.00000000E+00  0.00000000E+00  0.00000000E+00  0.00000000E+00  0.00000000E+00  4.11297397E-02  0.00000000E+00  0.00000000E+00 -3.39402104E-02
    2.665000      1   0.00000000E+00  0.00000000E+00  2.62160458E-03  0.00000000E+00  0.00000000E+00  0.00000000E+00  0.00000000E+00  0.00000000E+00  4.10958043E-02  0.00000000E+00  0.00000000E+00 -3.39354410E-02
    2.666000      1   0.00000000E+00  0.00000000E+00  2.60282733E-03  0.00000000E+00  0.00000000E+00  0.00000000E+00  0.00000000E+00  0.00000000E+00  4.10618793E-02  0.00000000E+00  0.00000000E+00 -3.39249874E-02
    2.667000      1   0.00000000E+00  0.00000000E+00  2.57465188E-03  0.00000000E+00  0.00000000E+00  0.00000000E+00  0.00000000E+00  0.00000000E+00  4.10279617E-02  0.00000000E+00  0.00000000E+00 -3.39175715E-02
    2.668000      1   0.00000000E+00  0.00000000E+00  2.58407113E-03  0.00000000E+00  0.00000000E+00  0.00000000E+00  0.00000000E+00  0.00000000E+00  4.09940404E-02  0.00000000E+00  0.00000000E+00 -3.39213050E-02
    2.669000      1   0.00000000E+00  0.00000000E+00  2.61126798E-03  0.00000000E+00  0.00000000E+00  0.00000000E+00  0.00000000E+00  0.00000000E+00  4.09601078E-02  0.00000000E+00  0.00000000E+00 -3.39326260E-02
    2.670000      1   0.00000000E+00  0.00000000E+00  2.61130729E-03  0.00000000E+00  0.00000000E+00  0.00000000E+00  0.00000000E+00  0.00000000E+00  4.09261717E-02  0.00000000E+00  0.00000000E+00 -3.39360441E-02
    2.671000      1   0.00000000E+00  0.00000000E+00  2.59889055E-03  0.00000000E+00  0.00000000E+00  0.00000000E+00  0.00000000E+00  0.00000000E+00  4.08922412E-02  0.00000000E+00  0.00000000E+00 -3.39305234E-02
    2.672000      1   0.00000000E+00  0.00000000E+00  2.60381592E-03  0.00000000E+00  0.00000000E+00  0.00000000E+00  0.00000000E+00  0.00000000E+00  4.08583140E-02  0.00000000E+00  0.00000000E+00 -3.39271855E-02
    2.673000      1   0.00000000E+00  0.00000000E+00  2.62536140E-03  0.00000000E+00  0.00000000E+00  0.00000000E+00  0.00000000E+00  0.00000000E+00  4.08243870E-02  0.00000000E+00  0.00000000E+00 -3.39270545E-02
    2.674000      1   0.00000000E+00  0.00000000E+00  2.61088597E-03  0.00000000E+00  0.00000000E+00  0.00000000E+00  0.00000000E+00  0.00000000E+00  4.07904655E-02  0.00000000E+00  0.00000000E+00 -3.39214959E-02
    2.675000      1   0.00000000E+00  0.00000000E+00  2.57056979E-03  0.00000000E+00  0.00000000E+00  0.00000000E+00  0.00000000E+00  0.00000000E+00  4.07565541E-02  0.00000000E+00  0.00000000E+00 -3.39114212E-02
    2.676000      1   0.00000000E+00  0.00000000E+00  2.60067144E-03  0.00000000E+00  0.00000000E+00  0.00000000E+00  0.00000000E+00  0.00000000E+00  4.07226408E-02  0.00000000E+00  0.00000000E+00 -3.39132299E-02
    2.677000      1   0.00000000E+00  0.00000000E+00  2.59184807E-03  0.00000000E+00  0.00000000E+00  0.00000000E+00  0.00000000E+00  0.00000000E+00  4.06887179E-02  0.00000000E+00  0.00000000E+00 -3.39229559E-02
    2.678000      1   0.00000000E+00  0.00000000E+00  2.60925660E-03  0.00000000E+00  0.00000000E+00  0.00000000E+00  0.00000000E+00  0.00000000E+00  4.06547935E-02  0.00000000E+00  0.00000000E+00 -3.39243564E-02
    2.679000      1   0.00000000E+00  0.00000000E+00  2.59909818E-03  0.00000000E+00  0.00000000E+00  0.00000000E+00  0.00000000E+00  0.00000000E+00  4.06208679E-02  0.00000000E+00  0.00000000E+00 -3.39255761E-02
    2.680000      1   0.00000000E+00  0.00000000E+00  2.61069971E-03  0.00000000E+00  0.00000000E+00  0.00000000E+00  0.00000000E+00  0.00000000E+00  4.05869451E-02  0.00000000E+00  0.00000000E+00 -3.39228750E-02
    2.681000      1   0.00000000E+00  0.00000000E+00  2.61564493E-03  0.00000000E+00  0.00000000E+00  0.00000000E+00  0.00000000E+00  0.00000000E+00  4.05530236E-02  0.00000000E+00  0.00000000E+00 -3.39214585E-02
    2.682000      1   0.00000000E+00  0.00000000E+00  2.62173937E-03  0.00000000E+00  0.00000000E+00  0.00000000E+00  0.00000000E+00  0.00000000E+00  4.05191083E-02  0.00000000E+00  0.00000000E+00 -3.39153574E-02
    2.683000      1   0.00000000E+00  0.00000000E+00  2.57776251E-03  0.00000000E+00  0.00000000E+00  0.00000000E+00  0.00000000E+00  0.00000000E+00  4.04852017E-02  0.00000000E+00  0.00000000E+00 -3.39065544E-02
    2.684000      1   0.00000000E+00  0.00000000E+00  2.58139063E-03  0.00000000E+00  0.00000000E+00  0.00000000E+00  0.00000000E+00  0.00000000E+00  4.04512982E-02  0.00000000E+00  0.00000000E+00 -3.39035268E-02
    2.685000      1   0.00000000E+00  0.00000000E+00  2.59322466E-03  0.00000000E+00  0.00000000E+00  0.00000000E+00  0.00000000E+00  0.00000000E+00  4.04173839E-02  0.00000000E+00  0.00000000E+00 -3.39143002E-02
    2.686000      1   0.00000000E+00  0.00000000E+00  2.61672573E-03  0.00000000E+00  0.00000000E+00  0.00000000E+00  0.00000000E+00  0.00000000E+00  4.03834621E-02  0.00000000E+00  0.00000000E+00 -3.39217894E-02
    2.687000      1   0.00000000E+00  0.00000000E+00  2.60038812E-03  0.00000000E+00  0.00000000E+00  0.00000000E+00  0.00000000E+00  0.00000000E+00  4.03495408E-02  0.00000000E+00  0.00000000E+00 -3.39212362E-02
    2.688000      1   0.00000000E+00  0.00000000E+00  2.61589141E-03  0.00000000E+00  0.00000000E+00  0.00000000E+00  0.00000000E+00  0.00000000E+00  4.03156250E-02  0.00000000E+00  0.00000000E+00 -3.39158540E-02
    2.689000      1   0.00000000E+00  0.00000000E+00  2.59814707E-03  0.00000000E+00  0.00000000E+00  0.00000000E+00  0.00000000E+00  0.00000000E+00  4.02817119E-02  0.00000000E+00  0.00000000E+00 -3.39130958E-02
    2.690000      1   0.00000000E+00  0.00000000E+00  2.62922241E-03  0.00000000E+00  0.00000000E+00  0.00000000E+00  0.00000000E+00  0.00000000E+00  4.02478035E-02  0.00000000E+00  0.00000000E+00 -3.39083839E-02
    2.691000      1   0.00000000E+00  0.00000000E+00  2.58046299E-03  0.00000000E+00  0.00000000E+00  0.00000000E+00  0.00000000E+00  0.00000000E+00  4.02138995E-02  0.00000000E+00  0.00000000E+00 -3.39040042E-02
    2.692000      1   0.00000000E+00  0.00000000E+00  2.59017054E-03  0.00000000E+00  0.00000000E+00  0.00000000E+00  0.00000000E+00  0.00000000E+00  4.01800015E-02  0.00000000E+00  0.00000000E+00 -3.38980415E-02
    2.693000      1   0.00000000E+00  0.00000000E+00  2.59962800E-03  0.00000000E+00  0.00000000E+00  0.00000000E+00  0.00000000E+00  0.00000000E+00  4.01460951E-02  0.00000000E+00  0.00000000E+00 -3.39063754E-02
    2.694000      1   0.00000000E+00  0.00000000E+00  2.60149297E-03  0.00000000E+00  0.00000000E+00  0.00000000E+00  0.00000000E+00  0.00000000E+00  4.01121852E-02  0.00000000E+00  0.00000000E+00 -3.39098488E-02
    2.695000      1   0.00000000E+00  0.00000000E+00  2.59019818E-03  0.00000000E+00  0.00000000E+00  0.00000000E+00  0.00000000E+00  0.00000000E+00  4.00782754E-02  0.00000000E+00  0.00000000E+00 -3.39098863E-02
    2.696000      1   0.00000000E+00  0.00000000E+00  2.61958356E-03  0.00000000E+00  0.00000000E+00  0.00000000E+00  0.00000000E+00  0.00000000E+00  4.00443640E-02  0.00000000E+00  0.00000000E+00 -3.39113088E-02
    2.697000      1   0.00000000E+00  0.00000000E+00  2.62277999E-03  0.00000000E+00  0.00000000E+00  0.00000000E+00  0.00000000E+00  0.00000000E+00  4.00104528E-02  0.00000000E+00  0.00000000E+00 -3.39112442E-02
    2.698000      1   0.00000000E+00  0.00000000E+00  2.61346514E-03  0.00000000E+00  0.00000000E+00  0.00000000E+00  0.00000000E+00  0.00000000E+00  3.99765518E-02  0.00000000E+00  0.00000000E+00 -3.39009637E-02
    2.699000      1   0.00000000E+00  0.00000000E+00  2.58629114E-03  0.00000000E+00  0.00000000E+00  0.00000000E+00  0.00000000E+00  0.00000000E+00  3.99426606E-02  0.00000000E+00  0.00000000E+00 -3.38912807E-02
    2.700000      1   0.00000000E+00  0.00000000E+00  2.58963522E-03  0.00000000E+00  0.00000000E+00  0.00000000E+00  0.00000000E+00  0.00000000E+00  3.99087711E-02  0.00000000E+00  0.00000000E+00 -3.38894622E-02
    2.701000      1   0.00000000E+00  0.00000000E+00  2.59034703E-03  0.00000000E+00  0.00000000E+00  0.00000000E+00  0.00000000E+00  0.00000000E+00  3.98748751E-02  0.00000000E+00  0.00000000E+00 -3.38959768E-02
    2.702000      1   0.00000000E+00  0.00000000E+00  2.61459313E-03  0.00000000E+00  0.00000000E+00  0.00000000E+00  0.00000000E+00  0.00000000E+00  3.98409739E-02  0.00000000E+00  0.00000000E+00 -3.39012672E-02
    2.703000      1   0.00000000E+00  0.00000000E+00  2.58847751E-03  0.00000000E+00  0.00000000E+00  0.00000000E+00  0.00000000E+00  0.00000000E+00  3.98070718E-02  0.00000000E+00  0.00000000E+00 -3.39020362E-02
    2.704000      1   0.00000000E+00  0.00000000E+00  2.61465929E-03  0.00000000E+00  0.00000000E+00  0.00000000E+00  0.00000000E+00  0.00000000E+00  3.97731724E-02  0.00000000E+00  0.00000000E+00 -3.38994606E-02
    2.705000      1   0.00000000E+00  0.00000000E+00  2.61251242E-03  0.00000000E+00  0.00000000E+00  0.00000000E+00  0.00000000E+00  0.00000000E+00  3.97392715E-02  0.00000000E+00  0.00000000E+00 -3.39008319E-02
    2.706000      1   0.00000000E+00  0.00000000E+00  2.62481663E-03  0.00000000E+00  0.00000000E+00  0.00000000E+00  0.00000000E+00  0.00000000E+00  3.97053775E-02  0.00000000E+00  0.00000000E+00 -3.38939843E-02
    2.707000      1   0.00000000E+00  0.00000000E+00  2.59454635E-03  0.00000000E+00  0.00000000E+00  0.00000000E+00  0.00000000E+00  0.00000000E+00  3.96714919E-02  0.00000000E+00  0.00000000E+00 -3.38856659E-02
    2.708000      1   0.00000000E+00  0.00000000E+00  2.58189923E-03  0.00000000E+00  0.00000000E+00  0.00000000E+00  0.00000000E+00  0.00000000E+00  3.96376132E-02  0.00000000E+00  0.00000000E+00 -3.38786596E-02
    2.709000      1   0.00000000E+00  0.00000000E+00  2.59894928E-03  0.00000000E+00  0.00000000E+00  0.00000000E+00  0.00000000E+00  0.00000000E+00  3.96037294E-02  0.00000000E+00  0.00000000E+00 -3.38838311E-02
    2.710000      1   0.00000000E+00  0.00000000E+00  2.59661254E-03  0.00000000E+00  0.00000000E+00  0.00000000E+00  0.00000000E+00  0.00000000E+00  3.95698392E-02  0.00000000E+00  0.00000000E+00 -3.38901409E-02
    2.711000      1   0.00000000E+00  0.00000000E+00  2.60321005E-03  0.00000000E+00  0.00000000E+00  0.00000000E+00  0.00000000E+00  0.00000000E+00  3.95359480E-02  0.00000000E+00  0.00000000E+00 -3.38912644E-02
    2.712000      1   0.00000000E+00  0.00000000E+00  2.61179772E-03  0.00000000E+00  0.00000000E+00  0.00000000E+00  0.00000000E+00  0.00000000E+00  3.95020560E-02  0.00000000E+00  0.00000000E+00 -3.38919887E-02
    2.713000      1   0.00000000E+00  0.00000000E+00  2.60631485E-03  0.00000000E+00  0.00000000E+00  0.00000000E+00  0.00000000E+00  0.00000000E+00  3.94681670E-02  0.00000000E+00  0.00000000E+00 -3.38890276E-02
    2.714000      1   0.00000000E+00  0.00000000E+00  2.62022773E-03  0.00000000E+00  0.00000000E+00  0.00000000E+00  0.00000000E+00  0.00000000E+00  3.94342827E-02  0.00000000E+00  0.00000000E+00 -3.38842158E-02
    2.715000      1   0.00000000E+00  0.00000000E+00  2.61924505E-03  0.00000000E+00  0.00000000E+00  0.00000000E+00  0.00000000E+00  0.00000000E+00  3.94004040E-02  0.00000000E+00  0.00000000E+00 -3.38787443E-02
    2.716000      1   0.00000000E+00  0.00000000E+00  2.57193443E-03  0.00000000E+00  0.00000000E+00  0.00000000E+00  0.00000000E+00  0.00000000E+00  3.93665351E-02  0.00000000E+00  0.00000000E+00 -3.38688773E-02
    2.717000      1   0.00000000E+00  0.00000000E+00  2.57930291E-03  0.00000000E+00  0.00000000E+00  0.00000000E+00  0.00000000E+00  0.00000000E+00  3.93326674E-02  0.00000000E+00  0.00000000E+00 -3.38676995E-02
    2.718000      1   0.00000000E+00  0.00000000E+00  2.60392483E-03  0.00000000E+00  0.00000000E+00  0.00000000E+00  0.00000000E+00  0.00000000E+00  3.92987867E-02  0.00000000E+00  0.00000000E+00 -3.38807561E-02
    2.719000      1   0.00000000E+00  0.00000000E+00  2.61981124E-03  0.00000000E+00  0.00000000E+00  0.00000000E+00  0.00000000E+00  0.00000000E+00  3.92648996E-02  0.00000000E+00  0.00000000E+00 -3.38870387E-02
    2.720000      1   0.00000000E+00  0.00000000E+00  2.60022685E-03  0.00000000E+00  0.00000000E+00  0.00000000E+00  0.00000000E+00  0.00000000E+00  3.92310172E-02  0.00000000E+00  0.00000000E+00 -3.38824258E-02
    2.721000      1   0.00000000E+00  0.00000000E+00  2.59656950E-03  0.00000000E+00  0.00000000E+00  0.00000000E+00  0.00000000E+00  0.00000000E+00  3.91971411E-02  0.00000000E+00  0.00000000E+00 -3.38760588E-02
    2.722000      1   0.00000000E+00  0.00000000E+00  2.61928286E-03  0.00000000E+00  0.00000000E+00  0.00000000E+00  0.00000000E+00  0.00000000E+00  3.91632644E-02  0.00000000E+00  0.00000000E+00 -3.38767704E-02
    2.723000      1   0.00000000E+00  0.00000000E+00  2.62350776E-03  0.00000000E+00  0.00000000E+00  0.00000000E+00  0.00000000E+00  0.00000000E+00  3.91293897E-02  0.00000000E+00  0.00000000E+00 -3.38746665E-02
    2.724000      1   0.00000000E+00  0.00000000E+00  2.57791418E-03  0.00000000E+00  0.00000000E+00  0.00000000E+00  0.00000000E+00  0.00000000E+00  3.90955254E-02  0.00000000E+00  0.00000000E+00 -3.38643561E-02
    2.725000      1   0.00000000E+00  0.00000000E+00  2.59044133E-03  0.00000000E+00  0.00000000E+00  0.00000000E+00  0.00000000E+00  0.00000000E+00  3.90616646E-02  0.00000000E+00  0.00000000E+00 -3.38607209E-02
    2.726000      1   0.00000000E+00  0.00000000E+00  2.59082338E-03  0.00000000E+00  0.00000000E+00  0.00000000E+00  0.00000000E+00  0.00000000E+00  3.90277948E-02  0.00000000E+00  0.00000000E+00 -3.38698440E-02
    2.727000      1   0.00000000E+00  0.00000000E+00  2.60906734E-03  0.00000000E+00  0.00000000E+00  0.00000000E+00  0.00000000E+00  0.00000000E+00  3.89939200E-02  0.00000000E+00  0.00000000E+00 -3.38747854E-02
    2.728000      1   0.00000000E+00  0.00000000E+00  2.59744290E-03  0.00000000E+00  0.00000000E+00  0.00000000E+00  0.00000000E+00  0.00000000E+00  3.89600436E-02  0.00000000E+00  0.00000000E+00 -3.38763751E-02
    2.729000      1   0.00000000E+00  0.00000000E+00  2.62830239E-03  0.00000000E+00  0.00000000E+00  0.00000000E+00  0.00000000E+00  0.00000000E+00  3.89261696E-02  0.00000000E+00  0.00000000E+00 -3.38740289E-02
    2.730000      1   0.00000000E+00  0.00000000E+00  2.60046728E-03  0.00000000E+00  0.00000000E+00  0.00000000E+00  0.00000000E+00  0.00000000E+00  3.88922996E-02  0.00000000E+00  0.00000000E+00 -3.38700432E-02
    2.731000      1   0.00000000E+00  0.00000000E+00  2.62333455E-03  0.00000000E+00  0.00000000E+00  0.00000000E+00  0.00000000E+00  0.00000000E+00  3.88584387E-02  0.00000000E+00  0.00000000E+00 -3.38608450E-02
    2.732000      1   0.00000000E+00  0.00000000E+00  2.58016109E-03  0.00000000E+00  0.00000000E+00  0.00000000E+00  0.00000000E+00  0.00000000E+00  3.88245820E-02  0.00000000E+00  0.00000000E+00 -3.38567446E-02
    2.733000      1   0.00000000E+00  0.00000000E+00  2.59313129E-03  0.00000000E+00  0.00000000E+00  0.00000000E+00  0.00000000E+00  0.00000000E+00  3.87907292E-02  0.00000000E+00  0.00000000E+00 -3.38527689E-02
    2.734000      1   0.00000000E+00  0.00000000E+00  2.58485617E-03  0.00000000E+00  0.00000000E+00  0.00000000E+00  0.00000000E+00  0.00000000E+00  3.87568685E-02  0.00000000E+00  0.00000000E+00 -3.38606784E-02
    2.735000      1   0.00000000E+00  0.00000000E+00  2.62281564E-03  0.00000000E+00  0.00000000E+00  0.00000000E+00  0.00000000E+00  0.00000000E+00  3.87230027E-02  0.00000000E+00  0.00000000E+00 -3.38657916E-02
    2.736000      1   0.00000000E+00  0.00000000E+00  2.58512263E-03  0.00000000E+00  0.00000000E+00  0.00000000E+00  0.00000000E+00  0.00000000E+00  3.86891358E-02  0.00000000E+00  0.00000000E+00 -3.38669098E-02
    2.737000      1   0.00000000E+00  0.00000000E+00  2.61794900E-03  0.00000000E+00  0.00000000E+00  0.00000000E+00  0.00000000E+00  0.00000000E+00  3.86552736E-02  0.00000000E+00  0.00000000E+00 -3.38622272E-02
    2.738000      1   0.00000000E+00  0.00000000E+00  2.61393046E-03  0.00000000E+00  0.00000000E+00  0.00000000E+00  0.00000000E+00  0.00000000E+00  3.86214095E-02  0.00000000E+00  0.00000000E+00 -3.38641185E-02
    2.739000      1   0.00000000E+00  0.00000000E+00  2.62329679E-03  0.00000000E+00  0.00000000E+00  0.00000000E+00  0.00000000E+00  0.00000000E+00  3.85875535E-02  0.00000000E+00  0.00000000E+00 -3.38559397E-02
    2.740000      1   0.00000000E+00  0.00000000E+00  2.58464744E-03  0.00000000E+00  0.00000000E+00  0.00000000E+00  0.00000000E+00  0.00000000E+00  3.85537061E-02  0.00000000E+00  0.00000000E+00 -3.38474244E-02
    2.741000      1   0.00000000E+00  0.00000000E+00  2.58844764E-03  0.00000000E+00  0.00000000E+00  0.00000000E+00  0.00000000E+00  0.00000000E+00  3.85198634E-02  0.00000000E+00  0.00000000E+00 -3.38426678E-02
    2.742000      1   0.00000000E+00  0.00000000E+00  2.60534477E-03  0.00000000E+00  0.00000000E+00  0.00000000E+00  0.00000000E+00  0.00000000E+00  3.84860135E-02  0.00000000E+00  0.00000000E+00 -3.38499321E-02
    2.743000      1   0.00000000E+00  0.00000000E+00  2.59747028E-03  0.00000000E+00  0.00000000E+00  0.00000000E+00  0.00000000E+00  0.00000000E+00  3.84521605E-02  0.00000000E+00  0.00000000E+00 -3.38529604E-02
    2.744000      1   0.00000000E+00  0.00000000E+00  2.59714907E-03  0.00000000E+00  0.00000000E+00  0.00000000E+00  0.00000000E+00  0.00000000E+00  3.84183087E-02  0.00000000E+00  0.00000000E+00 -3.38518319E-02
    2.745000      1   0.00000000E+00  0.00000000E+00  2.60932711E-03  0.00000000E+00  0.00000000E+00  0.00000000E+00  0.00000000E+00  0.00000000E+00  3.83844554E-02  0.00000000E+00  0.00000000E+00 -3.38533462E-02
    2.746000      1   0.00000000E+00  0.00000000E+00  2.62400054E-03  0.00000000E+00  0.00000000E+00  0.00000000E+00  0.00000000E+00  0.00000000E+00  3.83506026E-02  0.00000000E+00  0.00000000E+00 -3.38528126E-02
    2.747000      1   0.00000000E+00  0.00000000E+00  2.62053191E-03  0.00000000E+00  0.00000000E+00  0.00000000E+00  0.00000000E+00  0.00000000E+00  3.83167569E-02  0.00000000E+00  0.00000000E+00 -3.38456846E-02
    2.748000      1   0.00000000E+00  0.00000000E+00  2.60108802E-03  0.00000000E+00  0.00000000E+00  0.00000000E+00  0.00000000E+00  0.00000000E+00  3.82829225E-02  0.00000000E+00  0.00000000E+00 -3.38343511E-02
    2.749000      1   0.00000000E+00  0.00000000E+00  2.57661017E-03  0.00000000E+00  0.00000000E+00  0.00000000E+00  0.00000000E+00  0.00000000E+00  3.82490949E-02  0.00000000E+00  0.00000000E+00 -3.38275951E-02
    2.750000      1   0.00000000E+00  0.00000000E+00  2.58669288E-03  0.00000000E+00  0.00000000E+00  0.00000000E+00  0.00000000E+00  0.00000000E+00  3.82152634E-02  0.00000000E+00  0.00000000E+00 -3.38315535E-02
    2.751000      1   0.00000000E+00  0.00000000E+00  2.61207197E-03  0.00000000E+00  0.00000000E+00  0.00000000E+00  0.00000000E+00  0.00000000E+00  3.81814216E-02  0.00000000E+00  0.00000000E+00 -3.38417677E-02
    2.752000      1   0.00000000E+00  0.00000000E+00  2.61109086E-03  0.00000000E+00  0.00000000E+00  0.00000000E+00  0.00000000E+00  0.00000000E+00  3.81475774E-02  0.00000000E+00  0.00000000E+00 -3.38441826E-02
    2.753000      1   0.00000000E+00  0.00000000E+00  2.60200231E-03  0.00000000E+00  0.00000000E+00  0.00000000E+00  0.00000000E+00  0.00000000E+00  3.81137390E-02  0.00000000E+00  0.00000000E+00 -3.38384361E-02
    2.754000      1   0.00000000E+00  0.00000000E+00  2.60220353E-03  0.00000000E+00  0.00000000E+00  0.00000000E+00  0.00000000E+00  0.00000000E+00  3.80799044E-02  0.00000000E+00  0.00000000E+00 -3.38346191E-02
    2.755000      1   0.00000000E+00  0.00000000E+00  2.62670469E-03  0.00000000E+00  0.00000000E+00  0.00000000E+00  0.00000000E+00  0.00000000E+00  3.80460706E-02  0.00000000E+00  0.00000000E+00 -3.38337513E-02
    2.756000      1   0.00000000E+00  0.00000000E+00  2.61219057E-03  0.00000000E+00  0.00000000E+00  0.00000000E+00  0.00000000E+00  0.00000000E+00  3.80122421E-02  0.00000000E+00  0.00000000E+00 -3.38284846E-02
    2.757000      1   0.00000000E+00  0.00000000E+00  2.57168555E-03  0.00000000E+00  0.00000000E+00  0.00000000E+00  0.00000000E+00  0.00000000E+00  3.79784244E-02  0.00000000E+00  0.00000000E+00 -3.38177381E-02
    2.758000      1   0.00000000E+00  0.00000000E+00  2.60084740E-03  0.00000000E+00  0.00000000E+00  0.00000000E+00  0.00000000E+00  0.00000000E+00  3.79446055E-02  0.00000000E+00  0.00000000E+00 -3.38189210E-02
    2.759000      1   0.00000000E+00  0.00000000E+00  2.59132947E-03  0.00000000E+00  0.00000000E+00  0.00000000E+00  0.00000000E+00  0.00000000E+00  3.79107772E-02  0.00000000E+00  0.00000000E+00 -3.38282495E-02
    2.760000      1   0.00000000E+00  0.00000000E+00  2.61207700E-03  0.00000000E+00  0.00000000E+00  0.00000000E+00  0.00000000E+00  0.00000000E+00  3.78769475E-02  0.00000000E+00  0.00000000E+00 -3.38296839E-02
    2.761000      1   0.00000000E+00  0.00000000E+00  2.59973539E-03  0.00000000E+00  0.00000000E+00  0.00000000E+00  0.00000000E+00  0.00000000E+00  3.78431170E-02  0.00000000E+00  0.00000000E+00 -3.38305752E-02
    2.762000      1   0.00000000E+00  0.00000000E+00  2.61141794E-03  0.00000000E+00  0.00000000E+00  0.00000000E+00  0.00000000E+00  0.00000000E+00  3.78092901E-02  0.00000000E+00  0.00000000E+00 -3.38268352E-02
    2.763000      1   0.00000000E+00  0.00000000E+00  2.61617991E-03  0.00000000E+00  0.00000000E+00  0.00000000E+00  0.00000000E+00  0.00000000E+00  3.77754650E-02  0.00000000E+00  0.00000000E+00 -3.38250824E-02
    2.764000      1   0.00000000E+00  0.00000000E+00  2.62265484E-03  0.00000000E+00  0.00000000E+00  0.00000000E+00  0.00000000E+00  0.00000000E+00  3.77416464E-02  0.00000000E+00  0.00000000E+00 -3.38186508E-02
    2.765000      1   0.00000000E+00  0.00000000E+00  2.57654534E-03  0.00000000E+00  0.00000000E+00  0.00000000E+00  0.00000000E+00  0.00000000E+00  3.77078369E-02  0.00000000E+00  0.00000000E+00 -3.38095102E-02
    2.766000      1   0.00000000E+00  0.00000000E+00  2.58629765E-03  0.00000000E+00  0.00000000E+00  0.00000000E+00  0.00000000E+00  0.00000000E+00  3.76740305E-02  0.00000000E+00  0.00000000E+00 -3.38063972E-02
    2.767000      1   0.00000000E+00  0.00000000E+00  2.59081116E-03  0.00000000E+00  0.00000000E+00  0.00000000E+00  0.00000000E+00  0.00000000E+00  3.76402138E-02  0.00000000E+00  0.00000000E+00 -3.38167026E-02
    2.768000      1   0.00000000E+00  0.00000000E+00  2.62056074E-03  0.00000000E+00  0.00000000E+00  0.00000000E+00  0.00000000E+00  0.00000000E+00  3.76063908E-02  0.00000000E+00  0.00000000E+00 -3.38230070E-02
    2.769000      1   0.00000000E+00  0.00000000E+00  2.59843412E-03  0.00000000E+00  0.00000000E+00  0.00000000E+00  0.00000000E+00  0.00000000E+00  3.75725682E-02  0.00000000E+00  0.00000000E+00 -3.38225683E-02
    2.770000      1   0.00000000E+00  0.00000000E+00  2.61716051E-03  0.00000000E+00  0.00000000E+00  0.00000000E+00  0.00000000E+00  0.00000000E+00  3.75387519E-02  0.00000000E+00  0.00000000E+00 -3.38162721E-02
    2.771000      1   0.00000000E+00  0.00000000E+00  2.59990345E-03  0.00000000E+00  0.00000000E+00  0.00000000E+00  0.00000000E+00  0.00000000E+00  3.75049380E-02  0.00000000E+00  0.00000000E+00 -3.38139312E-02
    2.772000      1   0.00000000E+00  0.00000000E+00  2.62803254E-03  0.00000000E+00  0.00000000E+00  0.00000000E+00  0.00000000E+00  0.00000000E+00  3.74711295E-02  0.00000000E+00  0.00000000E+00 -3.38084919E-02
    2.773000      1   0.00000000E+00  0.00000000E+00  2.58474411E-03  0.00000000E+00  0.00000000E+00  0.00000000E+00  0.00000000E+00  0.00000000E+00  3.74373258E-02  0.00000000E+00  0.00000000E+00 -3.38037459E-02
    2.774000      1   0.00000000E+00  0.00000000E+00  2.58859202E-03  0.00000000E+00  0.00000000E+00  0.00000000E+00  0.00000000E+00  0.00000000E+00  3.74035284E-02  0.00000000E+00  0.00000000E+00 -3.37974168E-02
    2.775000      1   0.00000000E+00  0.00000000E+00  2.60194993E-03  0.00000000E+00  0.00000000E+00  0.00000000E+00  0.00000000E+00  0.00000000E+00  3.73697237E-02  0.00000000E+00  0.00000000E+00 -3.38046239E-02
    2.776000      1   0.00000000E+00  0.00000000E+00  2.60516228E-03  0.00000000E+00  0.00000000E+00  0.00000000E+00  0.00000000E+00  0.00000000E+00  3.73359155E-02  0.00000000E+00  0.00000000E+00 -3.38082051E-02
    2.777000      1   0.00000000E+00  0.00000000E+00  2.58630629E-03  0.00000000E+00  0.00000000E+00  0.00000000E+00  0.00000000E+00  0.00000000E+00  3.73021087E-02  0.00000000E+00  0.00000000E+00 -3.38068312E-02
    2.778000      1   0.00000000E+00  0.00000000E+00  2.62077170E-03  0.00000000E+00  0.00000000E+00  0.00000000E+00  0.00000000E+00  0.00000000E+00  3.72683010E-02  0.00000000E+00  0.00000000E+00 -3.38077369E-02
    2.779000      1   0.00000000E+00  0.00000000E+00  2.62331653E-03  0.00000000E+00  0.00000000E+00  0.00000000E+00  0.00000000E+00  0.00000000E+00  3.72344922E-02  0.00000000E+00  0.00000000E+00 -3.38087403E-02
    2.780000      1   0.00000000E+00  0.00000000E+00  2.62042832E-03  0.00000000E+00  0.00000000E+00  0.00000000E+00  0.00000000E+00  0.00000000E+00  3.72006942E-02  0.00000000E+00  0.00000000E+00 -3.37979747E-02
    2.781000      1   0.00000000E+00  0.00000000E+00  2.59104876E-03  0.00000000E+00  0.00000000E+00  0.00000000E+00  0.00000000E+00  0.00000000E+00  3.71669074E-02  0.00000000E+00  0.00000000E+00 -3.37868841E-02
    2.782000      1   0.00000000E+00  0.00000000E+00  2.58267815E-03  0.00000000E+00  0.00000000E+00  0.00000000E+00  0.00000000E+00  0.00000000E+00  3.71331254E-02  0.00000000E+00  0.00000000E+00 -3.37819375E-02
    2.783000      1   0.00000000E+00  0.00000000E+00  2.59080336E-03  0.00000000E+00  0.00000000E+00  0.00000000E+00  0.00000000E+00  0.00000000E+00  3.70993373E-02  0.00000000E+00  0.00000000E+00 -3.37881199E-02
    2.784000      1   0.00000000E+00  0.00000000E+00  2.61710619E-03  0.00000000E+00  0.00000000E+00  0.00000000E+00  0.00000000E+00  0.00000000E+00  3.70655417E-02  0.00000000E+00  0.00000000E+00 -3.37956144E-02
    2.785000      1   0.00000000E+00  0.00000000E+00  2.59521110E-03  0.00000000E+00  0.00000000E+00  0.00000000E+00  0.00000000E+00  0.00000000E+00  3.70317459E-02  0.00000000E+00  0.00000000E+00 -3.37957891E-02
    2.786000      1   0.00000000E+00  0.00000000E+00  2.60916822E-03  0.00000000E+00  0.00000000E+00  0.00000000E+00  0.00000000E+00  0.00000000E+00  3.69979547E-02  0.00000000E+00  0.00000000E+00 -3.37911975E-02
    2.787000      1   0.00000000E+00  0.00000000E+00  2.61145812E-03  0.00000000E+00  0.00000000E+00  0.00000000E+00  0.00000000E+00  0.00000000E+00  3.69641634E-02  0.00000000E+00  0.00000000E+00 -3.37913283E-02
    2.788000      1   0.00000000E+00  0.00000000E+00  2.63215773E-03  0.00000000E+00  0.00000000E+00  0.00000000E+00  0.00000000E+00  0.00000000E+00  3.69303769E-02  0.00000000E+00  0.00000000E+00 -3.37864706E-02
    2.789000      1   0.00000000E+00  0.00000000E+00  2.59315321E-03  0.00000000E+00  0.00000000E+00  0.00000000E+00  0.00000000E+00  0.00000000E+00  3.68965997E-02  0.00000000E+00  0.00000000E+00 -3.37772003E-02
    2.790000      1   0.00000000E+00  0.00000000E+00  2.58150092E-03  0.00000000E+00  0.00000000E+00  0.00000000E+00  0.00000000E+00  0.00000000E+00  3.68628317E-02  0.00000000E+00  0.00000000E+00 -3.37680294E-02
    2.791000      1   0.00000000E+00  0.00000000E+00  2.60514926E-03  0.00000000E+00  0.00000000E+00  0.00000000E+00  0.00000000E+00  0.00000000E+00  3.68290579E-02  0.00000000E+00  0.00000000E+00 -3.37737288E-02
    2.792000      1   0.00000000E+00  0.00000000E+00  2.58875638E-03  0.00000000E+00  0.00000000E+00  0.00000000E+00  0.00000000E+00  0.00000000E+00  3.67952789E-02  0.00000000E+00  0.00000000E+00 -3.37790730E-02
    2.793000      1   0.00000000E+00  0.00000000E+00  2.61493260E-03  0.00000000E+00  0.00000000E+00  0.00000000E+00  0.00000000E+00  0.00000000E+00  3.67614993E-02  0.00000000E+00  0.00000000E+00 -3.37795496E-02
    2.794000      1   0.00000000E+00  0.00000000E+00  2.59924121E-03  0.00000000E+00  0.00000000E+00  0.00000000E+00  0.00000000E+00  0.00000000E+00  3.67277185E-02  0.00000000E+00  0.00000000E+00 -3.37807810E-02
    2.795000      1   0.00000000E+00  0.00000000E+00  2.62171128E-03  0.00000000E+00  0.00000000E+00  0.00000000E+00  0.00000000E+00  0.00000000E+00  3.66939423E-02  0.00000000E+00  0.00000000E+00 -3.37761905E-02
    2.796000      1   0.00000000E+00  0.00000000E+00  2.60631522E-03  0.00000000E+00  0.00000000E+00  0.00000000E+00  0.00000000E+00  0.00000000E+00  3.66601696E-02  0.00000000E+00  0.00000000E+00 -3.37727798E-02
    2.797000      1   0.00000000E+00  0.00000000E+00  2.62364679E-03  0.00000000E+00  0.00000000E+00  0.00000000E+00  0.00000000E+00  0.00000000E+00  3.66264049E-02  0.00000000E+00  0.00000000E+00 -3.37647121E-02
    2.798000      1   0.00000000E+00  0.00000000E+00  2.58169219E-03  0.00000000E+00  0.00000000E+00  0.00000000E+00  0.00000000E+00  0.00000000E+00  3.65926462E-02  0.00000000E+00  0.00000000E+00 -3.37586359E-02
    2.799000      1   0.00000000E+00  0.00000000E+00  2.58106562E-03  0.00000000E+00  0.00000000E+00  0.00000000E+00  0.00000000E+00  0.00000000E+00  3.65588919E-02  0.00000000E+00  0.00000000E+00 -3.37542869E-02
    2.800000      1   0.00000000E+00  0.00000000E+00  2.60230935E-03  0.00000000E+00  0.00000000E+00  0.00000000E+00  0.00000000E+00  0.00000000E+00  3.65251281E-02  0.00000000E+00  0.00000000E+00 -3.37638272E-02
    2.801000      1   0.00000000E+00  0.00000000E+00  2.61149705E-03  0.00000000E+00  0.00000000E+00  0.00000000E+00  0.00000000E+00  0.00000000E+00  3.64913583E-02  0.00000000E+00  0.00000000E+00 -3.37698166E-02
    2.802000      1   0.00000000E+00  0.00000000E+00  2.60814947E-03  0.00000000E+00  0.00000000E+00  0.00000000E+00  0.00000000E+00  0.00000000E+00  3.64575911E-02  0.00000000E+00  0.00000000E+00 -3.37672045E-02
    2.803000      1   0.00000000E+00  0.00000000E+00  2.60388361E-03  0.00000000E+00  0.00000000E+00  0.00000000E+00  0.00000000E+00  0.00000000E+00  3.64238289E-02  0.00000000E+00  0.00000000E+00 -3.37621670E-02
    2.804000      1   0.00000000E+00  0.00000000E+00  2.61578072E-03  0.00000000E+00  0.00000000E+00  0.00000000E+00  0.00000000E+00  0.00000000E+00  3.63900699E-02  0.00000000E+00  0.00000000E+00 -3.37589832E-02
    2.805000      1   0.00000000E+00  0.00000000E+00  2.61799888E-03  0.00000000E+00  0.00000000E+00  0.00000000E+00  0.00000000E+00  0.00000000E+00  3.63563148E-02  0.00000000E+00  0.00000000E+00 -3.37550966E-02
    2.806000      1   0.00000000E+00  0.00000000E+00  2.58982225E-03  0.00000000E+00  0.00000000E+00  0.00000000E+00  0.00000000E+00  0.00000000E+00  3.63225679E-02  0.00000000E+00  0.00000000E+00 -3.37469105E-02
    2.807000      1   0.00000000E+00  0.00000000E+00  2.58545096E-03  0.00000000E+00  0.00000000E+00  0.00000000E+00  0.00000000E+00  0.00000000E+00  3.62888249E-02  0.00000000E+00  0.00000000E+00 -3.37429787E-02
    2.808000      1   0.00000000E+00  0.00000000E+00  2.60248007E-03  0.00000000E+00  0.00000000E+00  0.00000000E+00  0.00000000E+00  0.00000000E+00  3.62550759E-02  0.00000000E+00  0.00000000E+00 -3.37490735E-02
    2.809000      1   0.00000000E+00  0.00000000E+00  2.60764316E-03  0.00000000E+00  0.00000000E+00  0.00000000E+00  0.00000000E+00  0.00000000E+00  3.62213223E-02  0.00000000E+00  0.00000000E+00 -3.37535925E-02
    2.810000      1   0.00000000E+00  0.00000000E+00  2.59232921E-03  0.00000000E+00  0.00000000E+00  0.00000000E+00  0.00000000E+00  0.00000000E+00  3.61875707E-02  0.00000000E+00  0.00000000E+00 -3.37516058E-02
    2.811000      1   0.00000000E+00  0.00000000E+00  2.62087161E-03  0.00000000E+00  0.00000000E+00  0.00000000E+00  0.00000000E+00  0.00000000E+00  3.61538200E-02  0.00000000E+00  0.00000000E+00 -3.37506316E-02
    2.812000      1   0.00000000E+00  0.00000000E+00  2.61857098E-03  0.00000000E+00  0.00000000E+00  0.00000000E+00  0.00000000E+00  0.00000000E+00  3.61200704E-02  0.00000000E+00  0.00000000E+00 -3.37496393E-02
    2.813000      1   0.00000000E+00  0.00000000E+00  2.61731195E-03  0.00000000E+00  0.00000000E+00  0.00000000E+00  0.00000000E+00  0.00000000E+00  3.60863307E-02  0.00000000E+00  0.00000000E+00 -3.37396801E-02
    2.814000      1   0.00000000E+00  0.00000000E+00  2.58906511E-03  0.00000000E+00  0.00000000E+00  0.00000000E+00  0.00000000E+00  0.00000000E+00  3.60526000E-02  0.00000000E+00  0.00000000E+00 -3.37306992E-02
    2.815000      1   0.00000000E+00  0.00000000E+00  2.59200000E-03  0.00000000E+00  0.00000000E+00  0.00000000E+00  0.00000000E+00  0.00000000E+00  3.60188729E-02  0.00000000E+00  0.00000000E+00 -3.37271268E-02
    2.816000      1   0.00000000E+00  0.00000000E+00  2.59071849E-03  0.00000000E+00  0.00000000E+00  0.00000000E+00  0.00000000E+00  0.00000000E+00  3.59851406E-02  0.00000000E+00  0.00000000E+00 -3.37323121E-02
    2.817000      1   0.00000000E+00  0.00000000E+00  2.61709250E-03  0.00000000E+00  0.00000000E+00  0.00000000E+00  0.00000000E+00  0.00000000E+00  3.59514038E-02  0.00000000E+00  0.00000000E+00 -3.37367602E-02
    2.818000      1   0.00000000E+00  0.00000000E+00  2.58784685E-03  0.00000000E+00  0.00000000E+00  0.00000000E+00  0.00000000E+00  0.00000000E+00  3.59176669E-02  0.00000000E+00  0.00000000E+00 -3.37369652E-02
    2.819000      1   0.00000000E+00  0.00000000E+00  2.61892756E-03  0.00000000E+00  0.00000000E+00  0.00000000E+00  0.00000000E+00  0.00000000E+00  3.58839332E-02  0.00000000E+00  0.00000000E+00 -3.37336804E-02
    2.820000      1   0.00000000E+00  0.00000000E+00  2.61237523E-03  0.00000000E+00  0.00000000E+00  0.00000000E+00  0.00000000E+00  0.00000000E+00  3.58501987E-02  0.00000000E+00  0.00000000E+00 -3.37345040E-02
    2.821000      1   0.00000000E+00  0.00000000E+00  2.62615223E-03  0.00000000E+00  0.00000000E+00  0.00000000E+00  0.00000000E+00  0.00000000E+00  3.58164724E-02  0.00000000E+00  0.00000000E+00 -3.37262789E-02
    2.822000      1   0.00000000E+00  0.00000000E+00  2.59817547E-03  0.00000000E+00  0.00000000E+00  0.00000000E+00  0.00000000E+00  0.00000000E+00  3.57827546E-02  0.00000000E+00  0.00000000E+00 -3.37177694E-02
    2.823000      1   0.00000000E+00  0.00000000E+00  2.58248267E-03  0.00000000E+00  0.00000000E+00  0.00000000E+00  0.00000000E+00  0.00000000E+00  3.57490449E-02  0.00000000E+00  0.00000000E+00 -3.37096827E-02
    2.824000      1   0.00000000E+00  0.00000000E+00  2.60172480E-03  0.00000000E+00  0.00000000E+00  0.00000000E+00  0.00000000E+00  0.00000000E+00  3.57153314E-02  0.00000000E+00  0.00000000E+00 -3.37135591E-02
    2.825000      1   0.00000000E+00  0.00000000E+00  2.59557624E-03  0.00000000E+00  0.00000000E+00  0.00000000E+00  0.00000000E+00  0.00000000E+00  3.56816122E-02  0.00000000E+00  0.00000000E+00 -3.37191865E-02
    2.826000      1   0.00000000E+00  0.00000000E+00  2.61010867E-03  0.00000000E+00  0.00000000E+00  0.00000000E+00  0.00000000E+00  0.00000000E+00  3.56478926E-02  0.00000000E+00  0.00000000E+00 -3.37195818E-02
    2.827000      1   0.00000000E+00  0.00000000E+00  2.60831124E-03  0.00000000E+00  0.00000000E+00  0.00000000E+00  0.00000000E+00  0.00000000E+00  3.56141732E-02  0.00000000E+00  0.00000000E+00 -3.37194264E-02
    2.828000      1   0.00000000E+00  0.00000000E+00  2.61050943E-03  0.00000000E+00  0.00000000E+00  0.00000000E+00  0.00000000E+00  0.00000000E+00  3.55804584E-02  0.00000000E+00  0.00000000E+00 -3.37148163E-02
    2.829000      1   0.00000000E+00  0.00000000E+00  2.62180361E-03  0.00000000E+00  0.00000000E+00  0.00000000E+00  0.00000000E+00  0.00000000E+00  3.55467480E-02  0.00000000E+00  0.00000000E+00 -3.37104077E-02
    2.830000      1   0.00000000E+00  0.00000000E+00  2.61825974E-03  0.00000000E+00  0.00000000E+00  0.00000000E+00  0.00000000E+00  0.00000000E+00  3.55130447E-02  0.00000000E+00  0.00000000E+00 -3.37032800E-02
    2.831000      1   0.00000000E+00  0.00000000E+00  2.57407322E-03  0.00000000E+00  0.00000000E+00  0.00000000E+00  0.00000000E+00  0.00000000E+00  3.54793516E-02  0.00000000E+00  0.00000000E+00 -3.36930697E-02
    2.832000      1   0.00000000E+00  0.00000000E+00  2.58780463E-03  0.00000000E+00  0.00000000E+00  0.00000000E+00  0.00000000E+00  0.00000000E+00  3.54456598E-02  0.00000000E+00  0.00000000E+00 -3.36918373E-02
    2.833000      1   0.00000000E+00  0.00000000E+00  2.60216458E-03  0.00000000E+00  0.00000000E+00  0.00000000E+00  0.00000000E+00  0.00000000E+00  3.54119571E-02  0.00000000E+00  0.00000000E+00 -3.37026880E-02
    2.834000      1   0.00000000E+00  0.00000000E+00  2.61601984E-03  0.00000000E+00  0.00000000E+00  0.00000000E+00  0.00000000E+00  0.00000000E+00  3.53782506E-02  0.00000000E+00  0.00000000E+00 -3.37064898E-02
    2.835000      1   0.00000000E+00  0.00000000E+00  2.60530712E-03  0.00000000E+00  0.00000000E+00  0.00000000E+00  0.00000000E+00  0.00000000E+00  3.53445475E-02  0.00000000E+00  0.00000000E+00 -3.37031255E-02
    2.836000      1   0.00000000E+00  0.00000000E+00  2.59718581E-03  0.00000000E+00  0.00000000E+00  0.00000000E+00  0.00000000E+00  0.00000000E+00  3.53108504E-02  0.00000000E+00  0.00000000E+00 -3.36971053E-02
    2.837000      1   0.00000000E+00  0.00000000E+00  2.62685363E-03  0.00000000E+00  0.00000000E+00  0.00000000E+00  0.00000000E+00  0.00000000E+00  3.52771543E-02  0.00000000E+00  0.00000000E+00 -3.36960394E-02
    2.838000      1   0.00000000E+00  0.00000000E+00  2.62058297E-03  0.00000000E+00  0.00000000E+00  0.00000000E+00  0.00000000E+00  0.00000000E+00  3.52434619E-02  0.00000000E+00  0.00000000E+00 -3.36923943E-02
    2.839000      1   0.00000000E+00  0.00000000E+00  2.58044406E-03  0.00000000E+00  0.00000000E+00  0.00000000E+00  0.00000000E+00  0.00000000E+00  3.52097818E-02  0.00000000E+00  0.00000000E+00 -3.36801147E-02
    2.840000      1   0.00000000E+00  0.00000000E+00  2.58965652E-03  0.00000000E+00  0.00000000E+00  0.00000000E+00  0.00000000E+00  0.00000000E+00  3.51761048E-02  0.00000000E+00  0.00000000E+00 -3.36769927E-02
    2.841000      1   0.00000000E+00  0.00000000E+00  2.60044459E-03  0.00000000E+00  0.00000000E+00  0.00000000E+00  0.00000000E+00  0.00000000E+00  3.51424194E-02  0.00000000E+00  0.00000000E+00 -3.36854237E-02
    2.842000      1   0.00000000E+00  0.00000000E+00  2.61291736E-03  0.00000000E+00  0.00000000E+00  0.00000000E+00  0.00000000E+00  0.00000000E+00  3.51087305E-02  0.00000000E+00  0.00000000E+00 -3.36889215E-02
    2.843000      1   0.00000000E+00  0.00000000E+00  2.59185898E-03  0.00000000E+00  0.00000000E+00  0.00000000E+00  0.00000000E+00  0.00000000E+00  3.50750438E-02  0.00000000E+00  0.00000000E+00 -3.36866706E-02
    2.844000      1   0.00000000E+00  0.00000000E+00  2.62227872E-03  0.00000000E+00  0.00000000E+00  0.00000000E+00  0.00000000E+00  0.00000000E+00  3.50413598E-02  0.00000000E+00  0.00000000E+00 -3.36840474E-02
    2.845000      1   0.00000000E+00  0.00000000E+00  2.61533331E-03  0.00000000E+00  0.00000000E+00  0.00000000E+00  0.00000000E+00  0.00000000E+00  3.50076768E-02  0.00000000E+00  0.00000000E+00 -3.36829608E-02
    2.846000      1   0.00000000E+00  0.00000000E+00  2.62197888E-03  0.00000000E+00  0.00000000E+00  0.00000000E+00  0.00000000E+00  0.00000000E+00  3.49740037E-02  0.00000000E+00  0.00000000E+00 -3.36731120E-02
    2.847000      1   0.00000000E+00  0.00000000E+00  2.58737311E-03  0.00000000E+00  0.00000000E+00  0.00000000E+00  0.00000000E+00  0.00000000E+00  3.49403393E-02  0.00000000E+00  0.00000000E+00 -3.36643690E-02
    2.848000      1   0.00000000E+00  0.00000000E+00  2.59095255E-03  0.00000000E+00  0.00000000E+00  0.00000000E+00  0.00000000E+00  0.00000000E+00  3.49066798E-02  0.00000000E+00  0.00000000E+00 -3.36595632E-02
    2.849000      1   0.00000000E+00  0.00000000E+00  2.58611530E-03  0.00000000E+00  0.00000000E+00  0.00000000E+00  0.00000000E+00  0.00000000E+00  3.48730143E-02  0.00000000E+00  0.00000000E+00 -3.36654895E-02
    2.850000      1   0.00000000E+00  0.00000000E+00  2.62711932E-03  0.00000000E+00  0.00000000E+00  0.00000000E+00  0.00000000E+00  0.00000000E+00  3.48393432E-02  0.00000000E+00  0.00000000E+00 -3.36710956E-02
    2.851000      1   0.00000000E+00  0.00000000E+00  2.58494093E-03  0.00000000E+00  0.00000000E+00  0.00000000E+00  0.00000000E+00  0.00000000E+00  3.48056721E-02  0.00000000E+00  0.00000000E+00 -3.36710392E-02
    2.852000      1   0.00000000E+00  0.00000000E+00  2.61974362E-03  0.00000000E+00  0.00000000E+00  0.00000000E+00  0.00000000E+00  0.00000000E+00  3.47720072E-02  0.00000000E+00  0.00000000E+00 -3.36649753E-02
    2.853000      1   0.00000000E+00  0.00000000E+00  2.61241984E-03  0.00000000E+00  0.00000000E+00  0.00000000E+00  0.00000000E+00  0.00000000E+00  3.47383406E-02  0.00000000E+00  0.00000000E+00 -3.36666089E-02
    2.854000      1   0.00000000E+00  0.00000000E+00  2.62916652E-03  0.00000000E+00  0.00000000E+00  0.00000000E+00  0.00000000E+00  0.00000000E+00  3.47046824E-02  0.00000000E+00  0.00000000E+00 -3.36581079E-02
    2.855000      1   0.00000000E+00  0.00000000E+00  2.59753014E-03  0.00000000E+00  0.00000000E+00  0.00000000E+00  0.00000000E+00  0.00000000E+00  3.46710334E-02  0.00000000E+00  0.00000000E+00 -3.36490507E-02
    2.856000      1   0.00000000E+00  0.00000000E+00  2.58495055E-03  0.00000000E+00  0.00000000E+00  0.00000000E+00  0.00000000E+00  0.00000000E+00  3.46373933E-02  0.00000000E+00  0.00000000E+00 -3.36400882E-02
    2.857000      1   0.00000000E+00  0.00000000E+00  2.59913691E-03  0.00000000E+00  0.00000000E+00  0.00000000E+00  0.00000000E+00  0.00000000E+00  3.46037496E-02  0.00000000E+00  0.00000000E+00 -3.36437401E-02
    2.858000      1   0.00000000E+00  0.00000000E+00  2.60037482E-03  0.00000000E+00  0.00000000E+00  0.00000000E+00  0.00000000E+00  0.00000000E+00  3.45701006E-02  0.00000000E+00  0.00000000E+00 -3.36490146E-02
    2.859000      1   0.00000000E+00  0.00000000E+00  2.60456698E-03  0.00000000E+00  0.00000000E+00  0.00000000E+00  0.00000000E+00  0.00000000E+00  3.45364511E-02  0.00000000E+00  0.00000000E+00 -3.36494112E-02
    2.860000      1   0.00000000E+00  0.00000000E+00  2.61507623E-03  0.00000000E+00  0.00000000E+00  0.00000000E+00  0.00000000E+00  0.00000000E+00  3.45028025E-02  0.00000000E+00  0.00000000E+00 -3.36486600E-02
    2.861000      1   0.00000000E+00  0.00000000E+00  2.60880861E-03  0.00000000E+00  0.00000000E+00  0.00000000E+00  0.00000000E+00  0.00000000E+00  3.44691578E-02  0.00000000E+00  0.00000000E+00 -3.36446735E-02
    2.862000      1   0.00000000E+00  0.00000000E+00  2.62267586E-03  0.00000000E+00  0.00000000E+00  0.00000000E+00  0.00000000E+00  0.00000000E+00  3.44355195E-02  0.00000000E+00  0.00000000E+00 -3.36383440E-02
    2.863000      1   0.00000000E+00  0.00000000E+00  2.61780386E-03  0.00000000E+00  0.00000000E+00  0.00000000E+00  0.00000000E+00  0.00000000E+00  3.44018878E-02  0.00000000E+00  0.00000000E+00 -3.36316205E-02
    2.864000      1   0.00000000E+00  0.00000000E+00  2.57600905E-03  0.00000000E+00  0.00000000E+00  0.00000000E+00  0.00000000E+00  0.00000000E+00  3.43682666E-02  0.00000000E+00  0.00000000E+00 -3.36212045E-02
    2.865000      1   0.00000000E+00  0.00000000E+00  2.58810778E-03  0.00000000E+00  0.00000000E+00  0.00000000E+00  0.00000000E+00  0.00000000E+00  3.43346469E-02  0.00000000E+00  0.00000000E+00 -3.36197794E-02
    2.866000      1   0.00000000E+00  0.00000000E+00  2.60354640E-03  0.00000000E+00  0.00000000E+00  0.00000000E+00  0.00000000E+00  0.00000000E+00  3.43010169E-02  0.00000000E+00  0.00000000E+00 -3.36299408E-02
    2.867000      1   0.00000000E+00  0.00000000E+00  2.61515970E-03  0.00000000E+00  0.00000000E+00  0.00000000E+00  0.00000000E+00  0.00000000E+00  3.42673835E-02  0.00000000E+00  0.00000000E+00 -3.36333987E-02
    2.868000      1   0.00000000E+00  0.00000000E+00  2.60704240E-03  0.00000000E+00  0.00000000E+00  0.00000000E+00  0.00000000E+00  0.00000000E+00  3.42337538E-02  0.00000000E+00  0.00000000E+00 -3.36297326E-02
    2.869000      1   0.00000000E+00  0.00000000E+00  2.59593304E-03  0.00000000E+00  0.00000000E+00  0.00000000E+00  0.00000000E+00  0.00000000E+00  3.42001301E-02  0.00000000E+00  0.00000000E+00 -3.36236880E-02
    2.870000      1   0.00000000E+00  0.00000000E+00  2.62915121E-03  0.00000000E+00  0.00000000E+00  0.00000000E+00  0.00000000E+00  0.00000000E+00  3.41665078E-02  0.00000000E+00  0.00000000E+00 -3.36222738E-02
    2.871000      1   0.00000000E+00  0.00000000E+00  2.62135919E-03  0.00000000E+00  0.00000000E+00  0.00000000E+00  0.00000000E+00  0.00000000E+00  3.41328892E-02  0.00000000E+00  0.00000000E+00 -3.36186338E-02
    2.872000      1   0.00000000E+00  0.00000000E+00  2.57931465E-03  0.00000000E+00  0.00000000E+00  0.00000000E+00  0.00000000E+00  0.00000000E+00  3.40992837E-02  0.00000000E+00  0.00000000E+00 -3.36054625E-02
    2.873000      1   0.00000000E+00  0.00000000E+00  2.59153155E-03  0.00000000E+00  0.00000000E+00  0.00000000E+00  0.00000000E+00  0.00000000E+00  3.40656814E-02  0.00000000E+00  0.00000000E+00 -3.36022852E-02
    2.874000      1   0.00000000E+00  0.00000000E+00  2.60275148E-03  0.00000000E+00  0.00000000E+00  0.00000000E+00  0.00000000E+00  0.00000000E+00  3.40320707E-02  0.00000000E+00  0.00000000E+00 -3.36107556E-02
    2.875000      1   0.00000000E+00  0.00000000E+00  2.61199389E-03  0.00000000E+00  0.00000000E+00  0.00000000E+00  0.00000000E+00  0.00000000E+00  3.39984575E-02  0.00000000E+00  0.00000000E+00 -3.36132296E-02
    2.876000      1   0.00000000E+00  0.00000000E+00  2.59239498E-03  0.00000000E+00  0.00000000E+00  0.00000000E+00  0.00000000E+00  0.00000000E+00  3.39648471E-02  0.00000000E+00  0.00000000E+00 -3.36103844E-02
    2.877000      1   0.00000000E+00  0.00000000E+00  2.62227855E-03  0.00000000E+00  0.00000000E+00  0.00000000E+00  0.00000000E+00  0.00000000E+00  3.39312391E-02  0.00000000E+00  0.00000000E+00 -3.36079697E-02
    2.878000      1   0.00000000E+00  0.00000000E+00  2.61929048E-03  0.00000000E+00  0.00000000E+00  0.00000000E+00  0.00000000E+00  0.00000000E+00  3.38976324E-02  0.00000000E+00  0.00000000E+00 -3.36067071E-02
    2.879000      1   0.00000000E+00  0.00000000E+00  2.62133129E-03  0.00000000E+00  0.00000000E+00  0.00000000E+00  0.00000000E+00  0.00000000E+00  3.38640362E-02  0.00000000E+00  0.00000000E+00 -3.35961586E-02
    2.880000      1   0.00000000E+00  0.00000000E+00  2.58873809E-03  0.00000000E+00  0.00000000E+00  0.00000000E+00  0.00000000E+00  0.00000000E+00  3.38304500E-02  0.00000000E+00  0.00000000E+00 -3.35862306E-02
    2.881000      1   0.00000000E+00  0.00000000E+00  2.59321697E-03  0.00000000E+00  0.00000000E+00  0.00000000E+00  0.00000000E+00  0.00000000E+00  3.37968686E-02  0.00000000E+00  0.00000000E+00 -3.35813960E-02
    2.882000      1   0.00000000E+00  0.00000000E+00  2.59154510E-03  0.00000000E+00  0.00000000E+00  0.00000000E+00  0.00000000E+00  0.00000000E+00  3.37632821E-02  0.00000000E+00  0.00000000E+00 -3.35864735E-02
    2.883000      1   0.00000000E+00  0.00000000E+00  2.61840805E-03  0.00000000E+00  0.00000000E+00  0.00000000E+00  0.00000000E+00  0.00000000E+00  3.37296918E-02  0.00000000E+00  0.00000000E+00 -3.35903758E-02
    2.884000      1   0.00000000E+00  0.00000000E+00  2.59258361E-03  0.00000000E+00  0.00000000E+00  0.00000000E+00  0.00000000E+00  0.00000000E+00  3.36961017E-02  0.00000000E+00  0.00000000E+00 -3.35900767E-02
    2.885000      1   0.00000000E+00  0.00000000E+00  2.61748046E-03  0.00000000E+00  0.00000000E+00  0.00000000E+00  0.00000000E+00  0.00000000E+00  3.36625162E-02  0.00000000E+00  0.00000000E+00 -3.35855221E-02
    2.886000      1   0.00000000E+00  0.00000000E+00  2.61392520E-03  0.00000000E+00  0.00000000E+00  0.00000000E+00  0.00000000E+00  0.00000000E+00  3.36289311E-02  0.00000000E+00  0.00000000E+00 -3.35850460E-02
    2.887000      1   0.00000000E+00  0.00000000E+00  2.62940010E-03  0.00000000E+00  0.00000000E+00  0.00000000E+00  0.00000000E+00  0.00000000E+00  3.35953541E-02  0.00000000E+00  0.00000000E+00 -3.35770221E-02
    2.888000      1   0.00000000E+00  0.00000000E+00  2.59627537E-03  0.00000000E+00  0.00000000E+00  0.00000000E+00  0.00000000E+00  0.00000000E+00  3.35617867E-02  0.00000000E+00  0.00000000E+00 -3.35674292E-02
    2.889000      1   0.00000000E+00  0.00000000E+00  2.58776158E-03  0.00000000E+00  0.00000000E+00  0.00000000E+00  0.00000000E+00  0.00000000E+00  3.35282281E-02  0.00000000E+00  0.00000000E+00 -3.35586119E-02
    2.890000      1   0.00000000E+00  0.00000000E+00  2.60270456E-03  0.00000000E+00  0.00000000E+00  0.00000000E+00  0.00000000E+00  0.00000000E+00  3.34946659E-02  0.00000000E+00  0.00000000E+00 -3.35621787E-02
    2.891000      1   0.00000000E+00  0.00000000E+00  2.59418189E-03  0.00000000E+00  0.00000000E+00  0.00000000E+00  0.00000000E+00  0.00000000E+00  3.34611000E-02  0.00000000E+00  0.00000000E+00 -3.35658992E-02
    2.892000      1   0.00000000E+00  0.00000000E+00  2.61394821E-03  0.00000000E+00  0.00000000E+00  0.00000000E+00  0.00000000E+00  0.00000000E+00  3.34275338E-02  0.00000000E+00  0.00000000E+00 -3.35662193E-02
    2.893000      1   0.00000000E+00  0.00000000E+00  2.60306843E-03  0.00000000E+00  0.00000000E+00  0.00000000E+00  0.00000000E+00  0.00000000E+00  3.33939679E-02  0.00000000E+00  0.00000000E+00 -3.35658429E-02
    2.894000      1   0.00000000E+00  0.00000000E+00  2.62276334E-03  0.00000000E+00  0.00000000E+00  0.00000000E+00  0.00000000E+00  0.00000000E+00  3.33604070E-02  0.00000000E+00  0.00000000E+00 -3.35608989E-02
    2.895000      1   0.00000000E+00  0.00000000E+00  2.61005130E-03  0.00000000E+00  0.00000000E+00  0.00000000E+00  0.00000000E+00  0.00000000E+00  3.33268510E-02  0.00000000E+00  0.00000000E+00 -3.35560452E-02
    2.896000      1   0.00000000E+00  0.00000000E+00  2.62483796E-03  0.00000000E+00  0.00000000E+00  0.00000000E+00  0.00000000E+00  0.00000000E+00  3.32933040E-02  0.00000000E+00  0.00000000E+00 -3.35469713E-02
    2.897000      1   0.00000000E+00  0.00000000E+00  2.58412431E-03  0.00000000E+00  0.00000000E+00  0.00000000E+00  0.00000000E+00  0.00000000E+00  3.32597645E-02  0.00000000E+00  0.00000000E+00 -3.35394575E-02
    2.898000      1   0.00000000E+00  0.00000000E+00  2.58440534E-03  0.00000000E+00  0.00000000E+00  0.00000000E+00  0.00000000E+00  0.00000000E+00  3.32262303E-02  0.00000000E+00  0.00000000E+00 -3.35342872E-02
    2.899000      1   0.00000000E+00  0.00000000E+00  2.60197430E-03  0.00000000E+00  0.00000000E+00  0.00000000E+00  0.00000000E+00  0.00000000E+00  3.31926878E-02  0.00000000E+00  0.00000000E+00 -3.35424382E-02
    2.900000      1   0.00000000E+00  0.00000000E+00  2.61427912E-03  0.00000000E+00  0.00000000E+00  0.00000000E+00  0.00000000E+00  0.00000000E+00  3.31591404E-02  0.00000000E+00  0.00000000E+00 -3.35473900E-02
    2.901000      1   0.00000000E+00  0.00000000E+00  2.60815471E-03  0.00000000E+00  0.00000000E+00  0.00000000E+00  0.00000000E+00  0.00000000E+00  3.31255960E-02  0.00000000E+00  0.00000000E+00 -3.35443960E-02
    2.902000      1   0.00000000E+00  0.00000000E+00  2.61113080E-03  0.00000000E+00  0.00000000E+00  0.00000000E+00  0.00000000E+00  0.00000000E+00  3.30920576E-02  0.00000000E+00  0.00000000E+00 -3.35384438E-02
    2.903000      1   0.00000000E+00  0.00000000E+00  2.61113766E-03  0.00000000E+00  0.00000000E+00  0.00000000E+00  0.00000000E+00  0.00000000E+00  3.30585236E-02  0.00000000E+00  0.00000000E+00 -3.35339768E-02
    2.904000      1   0.00000000E+00  0.00000000E+00  2.62622331E-03  0.00000000E+00  0.00000000E+00  0.00000000E+00  0.00000000E+00  0.00000000E+00  3.30249951E-02  0.00000000E+00  0.00000000E+00 -3.35285311E-02
    2.905000      1   0.00000000E+00  0.00000000E+00  2.58714449E-03  0.00000000E+00  0.00000000E+00  0.00000000E+00  0.00000000E+00  0.00000000E+00  3.29914747E-02  0.00000000E+00  0.00000000E+00 -3.35204155E-02
    2.906000      1   0.00000000E+00  0.00000000E+00  2.59303662E-03  0.00000000E+00  0.00000000E+00  0.00000000E+00  0.00000000E+00  0.00000000E+00  3.29579604E-02  0.00000000E+00  0.00000000E+00 -3.35142562E-02
    2.907000      1   0.00000000E+00  0.00000000E+00  2.60582409E-03  0.00000000E+00  0.00000000E+00  0.00000000E+00  0.00000000E+00  0.00000000E+00  3.29244405E-02  0.00000000E+00  0.00000000E+00 -3.35198889E-02
    2.908000      1   0.00000000E+00  0.00000000E+00  2.60352050E-03  0.00000000E+00  0.00000000E+00  0.00000000E+00  0.00000000E+00  0.00000000E+00  3.28909192E-02  0.00000000E+00  0.00000000E+00 -3.35213253E-02
    2.909000      1   0.00000000E+00  0.00000000E+00  2.59278578E-03  0.00000000E+00  0.00000000E+00  0.00000000E+00  0.00000000E+00  0.00000000E+00  3.28574002E-02  0.00000000E+00  0.00000000E+00 -3.35189695E-02
    2.910000      1   0.00000000E+00  0.00000000E+00  2.62345135E-03  0.00000000E+00  0.00000000E+00  0.00000000E+00  0.00000000E+00  0.00000000E+00  3.28238810E-02  0.00000000E+00  0.00000000E+00 -3.35192685E-02
    2.911000      1   0.00000000E+00  0.00000000E+00  2.62467600E-03  0.00000000E+00  0.00000000E+00  0.00000000E+00  0.00000000E+00  0.00000000E+00  3.27903633E-02  0.00000000E+00  0.00000000E+00 -3.35176701E-02
    2.912000      1   0.00000000E+00  0.00000000E+00  2.62200149E-03  0.00000000E+00  0.00000000E+00  0.00000000E+00  0.00000000E+00  0.00000000E+00  3.27568575E-02  0.00000000E+00  0.00000000E+00 -3.35057841E-02
    2.913000      1   0.00000000E+00  0.00000000E+00  2.59800035E-03  0.00000000E+00  0.00000000E+00  0.00000000E+00  0.00000000E+00  0.00000000E+00  3.27233635E-02  0.00000000E+00  0.00000000E+00 -3.34939688E-02
    2.914000      1   0.00000000E+00  0.00000000E+00  2.58256826E-03  0.00000000E+00  0.00000000E+00  0.00000000E+00  0.00000000E+00  0.00000000E+00  3.26898763E-02  0.00000000E+00  0.00000000E+00 -3.34872763E-02
    2.915000      1   0.00000000E+00  0.00000000E+00  2.59575705E-03  0.00000000E+00  0.00000000E+00  0.00000000E+00  0.00000000E+00  0.00000000E+00  3.26563851E-02  0.00000000E+00  0.00000000E+00 -3.34911950E-02
    2.916000      1   0.00000000E+00  0.00000000E+00  2.61489921E-03  0.00000000E+00  0.00000000E+00  0.00000000E+00  0.00000000E+00  0.00000000E+00  3.26228872E-02  0.00000000E+00  0.00000000E+00 -3.34978496E-02
    2.917000      1   0.00000000E+00  0.00000000E+00  2.60181078E-03  0.00000000E+00  0.00000000E+00  0.00000000E+00  0.00000000E+00  0.00000000E+00  3.25893904E-02  0.00000000E+00  0.00000000E+00 -3.34967877E-02
    2.918000      1   0.00000000E+00  0.00000000E+00  2.61386692E-03  0.00000000E+00  0.00000000E+00  0.00000000E+00  0.00000000E+00  0.00000000E+00  3.25558987E-02  0.00000000E+00  0.00000000E+00 -3.34917538E-02
    2.919000      1   0.00000000E+00  0.00000000E+00  2.61165941E-03  0.00000000E+00  0.00000000E+00  0.00000000E+00  0.00000000E+00  0.00000000E+00  3.25224098E-02  0.00000000E+00  0.00000000E+00 -3.34888864E-02
    2.920000      1   0.00000000E+00  0.00000000E+00  2.62757263E-03  0.00000000E+00  0.00000000E+00  0.00000000E+00  0.00000000E+00  0.00000000E+00  3.24889273E-02  0.00000000E+00  0.00000000E+00 -3.34824499E-02
    2.921000      1   0.00000000E+00  0.00000000E+00  2.61036227E-03  0.00000000E+00  0.00000000E+00  0.00000000E+00  0.00000000E+00  0.00000000E+00  3.24554534E-02  0.00000000E+00  0.00000000E+00 -3.34739243E-02
    2.922000      1   0.00000000E+00  0.00000000E+00  2.57880532E-03  0.00000000E+00  0.00000000E+00  0.00000000E+00  0.00000000E+00  0.00000000E+00  3.24219902E-02  0.00000000E+00  0.00000000E+00 -3.34632160E-02
    2.923000      1   0.00000000E+00  0.00000000E+00  2.60639020E-03  0.00000000E+00  0.00000000E+00  0.00000000E+00  0.00000000E+00  0.00000000E+00  3.23885265E-02  0.00000000E+00  0.00000000E+00 -3.34637404E-02
    2.924000      1   0.00000000E+00  0.00000000E+00  2.59311168E-03  0.00000000E+00  0.00000000E+00  0.00000000E+00  0.00000000E+00  0.00000000E+00  3.23550567E-02  0.00000000E+00  0.00000000E+00 -3.34697504E-02
    2.925000      1   0.00000000E+00  0.00000000E+00  2.61447275E-03  0.00000000E+00  0.00000000E+00  0.00000000E+00  0.00000000E+00  0.00000000E+00  3.23215877E-02  0.00000000E+00  0.00000000E+00 -3.34690493E-02
    2.926000      1   0.00000000E+00  0.00000000E+00  2.60392092E-03  0.00000000E+00  0.00000000E+00  0.00000000E+00  0.00000000E+00  0.00000000E+00  3.22881187E-02  0.00000000E+00  0.00000000E+00 -3.34689317E-02
    2.927000      1   0.00000000E+00  0.00000000E+00  2.61388713E-03  0.00000000E+00  0.00000000E+00  0.00000000E+00  0.00000000E+00  0.00000000E+00  3.22546551E-02  0.00000000E+00  0.00000000E+00 -3.34636647E-02
    2.928000      1   0.00000000E+00  0.00000000E+00  2.62453223E-03  0.00000000E+00  0.00000000E+00  0.00000000E+00  0.00000000E+00  0.00000000E+00  3.22211950E-02  0.00000000E+00  0.00000000E+00 -3.34601006E-02
    2.929000      1   0.00000000E+00  0.00000000E+00  2.62030786E-03  0.00000000E+00  0.00000000E+00  0.00000000E+00  0.00000000E+00  0.00000000E+00  3.21877436E-02  0.00000000E+00  0.00000000E+00 -3.34513811E-02
    2.930000      1   0.00000000E+00  0.00000000E+00  2.58422610E-03  0.00000000E+00  0.00000000E+00  0.00000000E+00  0.00000000E+00  0.00000000E+00  3.21543037E-02  0.00000000E+00  0.00000000E+00 -3.34399125E-02
    2.931000      1   0.00000000E+00  0.00000000E+00  2.58876393E-03  0.00000000E+00  0.00000000E+00  0.00000000E+00  0.00000000E+00  0.00000000E+00  3.21208674E-02  0.00000000E+00  0.00000000E+00 -3.34362120E-02
    2.932000      1   0.00000000E+00  0.00000000E+00  2.59625160E-03  0.00000000E+00  0.00000000E+00  0.00000000E+00  0.00000000E+00  0.00000000E+00  3.20874239E-02  0.00000000E+00  0.00000000E+00 -3.34435588E-02
    2.933000      1   0.00000000E+00  0.00000000E+00  2.62895153E-03  0.00000000E+00  0.00000000E+00  0.00000000E+00  0.00000000E+00  0.00000000E+00  3.20539758E-02  0.00000000E+00  0.00000000E+00 -3.34480912E-02
    2.934000      1   0.00000000E+00  0.00000000E+00  2.59253722E-03  0.00000000E+00  0.00000000E+00  0.00000000E+00  0.00000000E+00  0.00000000E+00  3.20205314E-02  0.00000000E+00  0.00000000E+00 -3.34443819E-02
    2.935000      1   0.00000000E+00  0.00000000E+00  2.61705150E-03  0.00000000E+00  0.00000000E+00  0.00000000E+00  0.00000000E+00  0.00000000E+00  3.19870950E-02  0.00000000E+00  0.00000000E+00 -3.34363729E-02
    2.936000      1   0.00000000E+00  0.00000000E+00  2.61666360E-03  0.00000000E+00  0.00000000E+00  0.00000000E+00  0.00000000E+00  0.00000000E+00  3.19536591E-02  0.00000000E+00  0.00000000E+00 -3.34359879E-02
    2.937000      1   0.00000000E+00  0.00000000E+00  2.62864654E-03  0.00000000E+00  0.00000000E+00  0.00000000E+00  0.00000000E+00  0.00000000E+00  3.19202314E-02  0.00000000E+00  0.00000000E+00 -3.34276206E-02
    2.938000      1   0.00000000E+00  0.00000000E+00  2.59108342E-03  0.00000000E+00  0.00000000E+00  0.00000000E+00  0.00000000E+00  0.00000000E+00  3.18868142E-02  0.00000000E+00  0.00000000E+00 -3.34172616E-02
    2.939000      1   0.00000000E+00  0.00000000E+00  2.59136656E-03  0.00000000E+00  0.00000000E+00  0.00000000E+00  0.00000000E+00  0.00000000E+00  3.18534046E-02  0.00000000E+00  0.00000000E+00 -3.34096099E-02
    2.940000      1   0.00000000E+00  0.00000000E+00  2.60828360E-03  0.00000000E+00  0.00000000E+00  0.00000000E+00  0.00000000E+00  0.00000000E+00  3.18199903E-02  0.00000000E+00  0.00000000E+00 -3.34142444E-02
    2.941000      1   0.00000000E+00  0.00000000E+00  2.59981346E-03  0.00000000E+00  0.00000000E+00  0.00000000E+00  0.00000000E+00  0.00000000E+00  3.17865745E-02  0.00000000E+00  0.00000000E+00 -3.34157944E-02
    2.942000      1   0.00000000E+00  0.00000000E+00  2.60594414E-03  0.00000000E+00  0.00000000E+00  0.00000000E+00  0.00000000E+00  0.00000000E+00  3.17531612E-02  0.00000000E+00  0.00000000E+00 -3.34132863E-02
    2.943000      1   0.00000000E+00  0.00000000E+00  2.61084584E-03  0.00000000E+00  0.00000000E+00  0.00000000E+00  0.00000000E+00  0.00000000E+00  3.17197488E-02  0.00000000E+00  0.00000000E+00 -3.34124759E-02
    2.944000      1   0.00000000E+00  0.00000000E+00  2.62488217E-03  0.00000000E+00  0.00000000E+00  0.00000000E+00  0.00000000E+00  0.00000000E+00  3.16863400E-02  0.00000000E+00  0.00000000E+00 -3.34087852E-02
    2.945000      1   0.00000000E+00  0.00000000E+00  2.62816803E-03  0.00000000E+00  0.00000000E+00  0.00000000E+00  0.00000000E+00  0.00000000E+00  3.16529390E-02  0.00000000E+00  0.00000000E+00 -3.34010026E-02
    2.946000      1   0.00000000E+00  0.00000000E+00  2.60604698E-03  0.00000000E+00  0.00000000E+00  0.00000000E+00  0.00000000E+00  0.00000000E+00  3.16195509E-02  0.00000000E+00  0.00000000E+00 -3.33880291E-02
    2.947000      1   0.00000000E+00  0.00000000E+00  2.58011750E-03  0.00000000E+00  0.00000000E+00  0.00000000E+00  0.00000000E+00  0.00000000E+00  3.15861731E-02  0.00000000E+00  0.00000000E+00 -3.33778884E-02
    2.948000      1   0.00000000E+00  0.00000000E+00  2.59147732E-03  0.00000000E+00  0.00000000E+00  0.00000000E+00  0.00000000E+00  0.00000000E+00  3.15527935E-02  0.00000000E+00  0.00000000E+00 -3.33795979E-02
    2.949000      1   0.00000000E+00  0.00000000E+00  2.61131185E-03  0.00000000E+00  0.00000000E+00  0.00000000E+00  0.00000000E+00  0.00000000E+00  3.15194056E-02  0.00000000E+00  0.00000000E+00 -3.33878142E-02
    2.950000      1   0.00000000E+00  0.00000000E+00  2.61876147E-03  0.00000000E+00  0.00000000E+00  0.00000000E+00  0.00000000E+00  0.00000000E+00  3.14860169E-02  0.00000000E+00  0.00000000E+00 -3.33887923E-02
    2.951000      1   0.00000000E+00  0.00000000E+00  2.60710611E-03  0.00000000E+00  0.00000000E+00  0.00000000E+00  0.00000000E+00  0.00000000E+00  3.14526349E-02  0.00000000E+00  0.00000000E+00 -3.33819390E-02
    2.952000      1   0.00000000E+00  0.00000000E+00  2.60429322E-03  0.00000000E+00  0.00000000E+00  0.00000000E+00  0.00000000E+00  0.00000000E+00  3.14192602E-02  0.00000000E+00  0.00000000E+00 -3.33747002E-02
    2.953000      1   0.00000000E+00  0.00000000E+00  2.62324507E-03  0.00000000E+00  0.00000000E+00  0.00000000E+00  0.00000000E+00  0.00000000E+00  3.13858884E-02  0.00000000E+00  0.00000000E+00 -3.33717867E-02
    2.954000      1   0.00000000E+00  0.00000000E+00  2.62769543E-03  0.00000000E+00  0.00000000E+00  0.00000000E+00  0.00000000E+00  0.00000000E+00  3.13525220E-02  0.00000000E+00  0.00000000E+00 -3.33664456E-02
    2.955000      1   0.00000000E+00  0.00000000E+00  2.58146553E-03  0.00000000E+00  0.00000000E+00  0.00000000E+00  0.00000000E+00  0.00000000E+00  3.13191679E-02  0.00000000E+00  0.00000000E+00 -3.33540933E-02
    2.956000      1   0.00000000E+00  0.00000000E+00  2.59587031E-03  0.00000000E+00  0.00000000E+00  0.00000000E+00  0.00000000E+00  0.00000000E+00  3.12858194E-02  0.00000000E+00  0.00000000E+00 -3.33484548E-02
    2.957000      1   0.00000000E+00  0.00000000E+00  2.59869470E-03  0.00000000E+00  0.00000000E+00  0.00000000E+00  0.00000000E+00  0.00000000E+00  3.12524640E-02  0.00000000E+00  0.00000000E+00 -3.33554515E-02
    2.958000      1   0.00000000E+00  0.00000000E+00  2.61737576E-03  0.00000000E+00  0.00000000E+00  0.00000000E+00  0.00000000E+00  0.00000000E+00  3.12191068E-02  0.00000000E+00  0.00000000E+00 -3.33572180E-02
    2.959000      1   0.00000000E+00  0.00000000E+00  2.59742740E-03  0.00000000E+00  0.00000000E+00  0.00000000E+00  0.00000000E+00  0.00000000E+00  3.11857520E-02  0.00000000E+00  0.00000000E+00 -3.33547534E-02
    2.960000      1   0.00000000E+00  0.00000000E+00  2.62602474E-03  0.00000000E+00  0.00000000E+00  0.00000000E+00  0.00000000E+00  0.00000000E+00  3.11524023E-02  0.00000000E+00  0.00000000E+00 -3.33496814E-02
    2.961000      1   0.00000000E+00  0.00000000E+00  2.61522863E-03  0.00000000E+00  0.00000000E+00  0.00000000E+00  0.00000000E+00  0.00000000E+00  3.11190562E-02  0.00000000E+00  0.00000000E+00 -3.33461035E-02
    2.962000      1   0.00000000E+00  0.00000000E+00  2.62637838E-03  0.00000000E+00  0.00000000E+00  0.00000000E+00  0.00000000E+00  0.00000000E+00  3.10857212E-02  0.00000000E+00  0.00000000E+00 -3.33350430E-02
    2.963000      1   0.00000000E+00  0.00000000E+00  2.59279705E-03  0.00000000E+00  0.00000000E+00  0.00000000E+00  0.00000000E+00  0.00000000E+00  3.10523956E-02  0.00000000E+00  0.00000000E+00 -3.33255564E-02
    2.964000      1   0.00000000E+00  0.00000000E+00  2.59434888E-03  0.00000000E+00  0.00000000E+00  0.00000000E+00  0.00000000E+00  0.00000000E+00  3.10190773E-02  0.00000000E+00  0.00000000E+00 -3.33183466E-02
    2.965000      1   0.00000000E+00  0.00000000E+00  2.59393691E-03  0.00000000E+00  0.00000000E+00  0.00000000E+00  0.00000000E+00  0.00000000E+00  3.09857554E-02  0.00000000E+00  0.00000000E+00 -3.33218909E-02
    2.966000      1   0.00000000E+00  0.00000000E+00  2.62048859E-03  0.00000000E+00  0.00000000E+00  0.00000000E+00  0.00000000E+00  0.00000000E+00  3.09524304E-02  0.00000000E+00  0.00000000E+00 -3.33249984E-02
    2.967000      1   0.00000000E+00  0.00000000E+00  2.59778157E-03  0.00000000E+00  0.00000000E+00  0.00000000E+00  0.00000000E+00  0.00000000E+00  3.09191068E-02  0.00000000E+00  0.00000000E+00 -3.33235459E-02
    2.968000      1   0.00000000E+00  0.00000000E+00  2.61733189E-03  0.00000000E+00  0.00000000E+00  0.00000000E+00  0.00000000E+00  0.00000000E+00  3.08857895E-02  0.00000000E+00  0.00000000E+00 -3.33173889E-02
    2.969000      1   0.00000000E+00  0.00000000E+00  2.61556050E-03  0.00000000E+00  0.00000000E+00  0.00000000E+00  0.00000000E+00  0.00000000E+00  3.08524742E-02  0.00000000E+00  0.00000000E+00 -3.33152319E-02
    2.970000      1   0.00000000E+00  0.00000000E+00  2.63532437E-03  0.00000000E+00  0.00000000E+00  0.00000000E+00  0.00000000E+00  0.00000000E+00  3.08191673E-02  0.00000000E+00  0.00000000E+00 -3.33069676E-02
    2.971000      1   0.00000000E+00  0.00000000E+00  2.59834321E-03  0.00000000E+00  0.00000000E+00  0.00000000E+00  0.00000000E+00  0.00000000E+00  3.07858715E-02  0.00000000E+00  0.00000000E+00 -3.32957900E-02
    2.972000      1   0.00000000E+00  0.00000000E+00  2.58731820E-03  0.00000000E+00  0.00000000E+00  0.00000000E+00  0.00000000E+00  0.00000000E+00  3.07525868E-02  0.00000000E+00  0.00000000E+00 -3.32846614E-02
    2.973000      1   0.00000000E+00  0.00000000E+00  2.60590721E-03  0.00000000E+00  0.00000000E+00  0.00000000E+00  0.00000000E+00  0.00000000E+00  3.07192992E-02  0.00000000E+00  0.00000000E+00 -3.32876276E-02
    2.974000      1   0.00000000E+00  0.00000000E+00  2.59748861E-03  0.00000000E+00  0.00000000E+00  0.00000000E+00  0.00000000E+00  0.00000000E+00  3.06860083E-02  0.00000000E+00  0.00000000E+00 -3.32909273E-02
    2.975000      1   0.00000000E+00  0.00000000E+00  2.61794518E-03  0.00000000E+00  0.00000000E+00  0.00000000E+00  0.00000000E+00  0.00000000E+00  3.06527186E-02  0.00000000E+00  0.00000000E+00 -3.32896108E-02
    2.976000      1   0.00000000E+00  0.00000000E+00  2.60610259E-03  0.00000000E+00  0.00000000E+00  0.00000000E+00  0.00000000E+00  0.00000000E+00  3.06194312E-02  0.00000000E+00  0.00000000E+00 -3.32874417E-02
    2.977000      1   0.00000000E+00  0.00000000E+00  2.61744813E-03  0.00000000E+00  0.00000000E+00  0.00000000E+00  0.00000000E+00  0.00000000E+00  3.05861505E-02  0.00000000E+00  0.00000000E+00 -3.32806484E-02
    2.978000      1   0.00000000E+00  0.00000000E+00  2.61932167E-03  0.00000000E+00  0.00000000E+00  0.00000000E+00  0.00000000E+00  0.00000000E+00  3.05528748E-02  0.00000000E+00  0.00000000E+00 -3.32757382E-02
    2.979000      1   0.00000000E+00  0.00000000E+00  2.62973964E-03  0.00000000E+00  0.00000000E+00  0.00000000E+00  0.00000000E+00  0.00000000E+00  3.05196080E-02  0.00000000E+00  0.00000000E+00 -3.32667706E-02
    2.980000      1   0.00000000E+00  0.00000000E+00  2.58077358E-03  0.00000000E+00  0.00000000E+00  0.00000000E+00  0.00000000E+00  0.00000000E+00  3.04863527E-02  0.00000000E+00  0.00000000E+00 -3.32553454E-02
    2.981000      1   0.00000000E+00  0.00000000E+00  2.59358141E-03  0.00000000E+00  0.00000000E+00  0.00000000E+00  0.00000000E+00  0.00000000E+00  3.04531035E-02  0.00000000E+00  0.00000000E+00 -3.32491578E-02
    2.982000      1   0.00000000E+00  0.00000000E+00  2.59433907E-03  0.00000000E+00  0.00000000E+00  0.00000000E+00  0.00000000E+00  0.00000000E+00  3.04198468E-02  0.00000000E+00  0.00000000E+00 -3.32567866E-02
    2.983000      1   0.00000000E+00  0.00000000E+00  2.63227482E-03  0.00000000E+00  0.00000000E+00  0.00000000E+00  0.00000000E+00  0.00000000E+00  3.03865867E-02  0.00000000E+00  0.00000000E+00 -3.32600751E-02
    2.984000      1   0.00000000E+00  0.00000000E+00  2.59643919E-03  0.00000000E+00  0.00000000E+00  0.00000000E+00  0.00000000E+00  0.00000000E+00  3.03533303E-02  0.00000000E+00  0.00000000E+00 -3.32564062E-02
    2.985000      1   0.00000000E+00  0.00000000E+00  2.61669996E-03  0.00000000E+00  0.00000000E+00  0.00000000E+00  0.00000000E+00  0.00000000E+00  3.03200837E-02  0.00000000E+00  0.00000000E+00 -3.32466158E-02
    2.986000      1   0.00000000E+00  0.00000000E+00  2.61854254E-03  0.00000000E+00  0.00000000E+00  0.00000000E+00  0.00000000E+00  0.00000000E+00  3.02868386E-02  0.00000000E+00  0.00000000E+00 -3.32450114E-02
    2.987000      1   0.00000000E+00  0.00000000E+00  2.63097443E-03  0.00000000E+00  0.00000000E+00  0.00000000E+00  0.00000000E+00  0.00000000E+00  3.02536022E-02  0.00000000E+00  0.00000000E+00 -3.32364273E-02
    2.988000      1   0.00000000E+00  0.00000000E+00  2.59426844E-03  0.00000000E+00  0.00000000E+00  0.00000000E+00  0.00000000E+00  0.00000000E+00  3.02203772E-02  0.00000000E+00  0.00000000E+00 -3.32250396E-02
    2.989000      1   0.00000000E+00  0.00000000E+00  2.59082107E-03  0.00000000E+00  0.00000000E+00  0.00000000E+00  0.00000000E+00  0.00000000E+00  3.01871611E-02  0.00000000E+00  0.00000000E+00 -3.32160602E-02
    2.990000      1   0.00000000E+00  0.00000000E+00  2.61054206E-03  0.00000000E+00  0.00000000E+00  0.00000000E+00  0.00000000E+00  0.00000000E+00  3.01539414E-02  0.00000000E+00  0.00000000E+00 -3.32197451E-02
    2.991000      1   0.00000000E+00  0.00000000E+00  2.60184670E-03  0.00000000E+00  0.00000000E+00  0.00000000E+00  0.00000000E+00  0.00000000E+00  3.01207203E-02  0.00000000E+00  0.00000000E+00 -3.32210748E-02
    2.992000      1   0.00000000E+00  0.00000000E+00  2.60950619E-03  0.00000000E+00  0.00000000E+00  0.00000000E+00  0.00000000E+00  0.00000000E+00  3.00875028E-02  0.00000000E+00  0.00000000E+00 -3.32174655E-02
    2.993000      1   0.00000000E+00  0.00000000E+00  2.61039070E-03  0.00000000E+00  0.00000000E+00  0.00000000E+00  0.00000000E+00  0.00000000E+00  3.00542875E-02  0.00000000E+00  0.00000000E+00 -3.32153574E-02
    2.994000      1   0.00000000E+00  0.00000000E+00  2.62867644E-03  0.00000000E+00  0.00000000E+00  0.00000000E+00  0.00000000E+00  0.00000000E+00  3.00210769E-02  0.00000000E+00  0.00000000E+00 -3.32105774E-02
    2.995000      1   0.00000000E+00  0.00000000E+00  2.62722211E-03  0.00000000E+00  0.00000000E+00  0.00000000E+00  0.00000000E+00  0.00000000E+00  2.99878746E-02  0.00000000E+00  0.00000000E+00 -3.32022732E-02
    2.996000      1   0.00000000E+00  0.00000000E+00  2.61384239E-03  0.00000000E+00  0.00000000E+00  0.00000000E+00  0.00000000E+00  0.00000000E+00  2.99546864E-02  0.00000000E+00  0.00000000E+00 -3.31882210E-02
    2.997000      1   0.00000000E+00  0.00000000E+00  2.58063215E-03  0.00000000E+00  0.00000000E+00  0.00000000E+00  0.00000000E+00  0.00000000E+00  2.99215094E-02  0.00000000E+00  0.00000000E+00 -3.31770124E-02
    2.998000      1   0.00000000E+00  0.00000000E+00  2.59156819E-03  0.00000000E+00  0.00000000E+00  0.00000000E+00  0.00000000E+00  0.00000000E+00  2.98883333E-02  0.00000000E+00  0.00000000E+00 -3.31760708E-02
    2.999000      1   0.00000000E+00  0.00000000E+00  2.61246756E-03  0.00000000E+00  0.00000000E+00  0.00000000E+00  0.00000000E+00  0.00000000E+00  2.98551492E-02  0.00000000E+00  0.00000000E+00 -3.31841020E-02
    3.000000      1   0.00000000E+00  0.00000000E+00  2.62012309E-03  0.00000000E+00  0.00000000E+00  0.00000000E+00  0.00000000E+00  0.00000000E+00  2.98219644E-02  0.00000000E+00  0.00000000E+00 -3.31848458E-02
    3.001000      1   0.00000000E+00  0.00000000E+00  2.60885492E-03  0.00000000E+00  0.00000000E+00  0.00000000E+00  0.00000000E+00  0.00000000E+00  2.97887870E-02  0.00000000E+00  0.00000000E+00 -3.31773722E-02
    3.002000      1   0.00000000E+00  0.00000000E+00  2.60170069E-03  0.00000000E+00  0.00000000E+00  0.00000000E+00  0.00000000E+00  0.00000000E+00  2.97556176E-02  0.00000000E+00  0.00000000E+00 -3.31693770E-02
    3.003000      1   0.00000000E+00  0.00000000E+00  2.63328962E-03  0.00000000E+00  0.00000000E+00  0.00000000E+00  0.00000000E+00  0.00000000E+00  2.97224513E-02  0.00000000E+00  0.00000000E+00 -3.31663476E-02
    3.004000      1   0.00000000E+00  0.00000000E+00  2.62207377E-03  0.00000000E+00  0.00000000E+00  0.00000000E+00  0.00000000E+00  0.00000000E+00  2.96892912E-02  0.00000000E+00  0.00000000E+00 -3.31600816E-02
    3.005000      1   0.00000000E+00  0.00000000E+00  2.58794302E-03  0.00000000E+00  0.00000000E+00  0.00000000E+00  0.00000000E+00  0.00000000E+00  2.96561458E-02  0.00000000E+00  0.00000000E+00 -3.31454247E-02
    3.006000      1   0.00000000E+00  0.00000000E+00  2.59542503E-03  0.00000000E+00  0.00000000E+00  0.00000000E+00  0.00000000E+00  0.00000000E+00  2.96230053E-02  0.00000000E+00  0.00000000E+00 -3.31404869E-02
    3.007000      1   0.00000000E+00  0.00000000E+00  2.61133820E-03  0.00000000E+00  0.00000000E+00  0.00000000E+00  0.00000000E+00  0.00000000E+00  2.95898598E-02  0.00000000E+00  0.00000000E+00 -3.31454351E-02
    3.008000      1   0.00000000E+00  0.00000000E+00  2.60986742E-03  0.00000000E+00  0.00000000E+00  0.00000000E+00  0.00000000E+00  0.00000000E+00  2.95567147E-02  0.00000000E+00  0.00000000E+00 -3.31451120E-02
    3.009000      1   0.00000000E+00  0.00000000E+00  2.59499889E-03  0.00000000E+00  0.00000000E+00  0.00000000E+00  0.00000000E+00  0.00000000E+00  2.95235749E-02  0.00000000E+00  0.00000000E+00 -3.31398229E-02
    3.010000      1   0.00000000E+00  0.00000000E+00  2.62521829E-03  0.00000000E+00  0.00000000E+00  0.00000000E+00  0.00000000E+00  0.00000000E+00  2.94904373E-02  0.00000000E+00  0.00000000E+00 -3.31376461E-02
    3.011000      1   0.00000000E+00  0.00000000E+00  2.62778500E-03  0.00000000E+00  0.00000000E+00  0.00000000E+00  0.00000000E+00  0.00000000E+00  2.94573023E-02  0.00000000E+00  0.00000000E+00 -3.31350084E-02
    3.012000      1   0.00000000E+00  0.00000000E+00  2.62964091E-03  0.00000000E+00  0.00000000E+00  0.00000000E+00  0.00000000E+00  0.00000000E+00  2.94241803E-02  0.00000000E+00  0.00000000E+00 -3.31219923E-02
    3.013000      1   0.00000000E+00  0.00000000E+00  2.59782836E-03  0.00000000E+00  0.00000000E+00  0.00000000E+00  0.00000000E+00  0.00000000E+00  2.93910725E-02  0.00000000E+00  0.00000000E+00 -3.31078051E-02
    3.014000      1   0.00000000E+00  0.00000000E+00  2.58813182E-03  0.00000000E+00  0.00000000E+00  0.00000000E+00  0.00000000E+00  0.00000000E+00  2.93579738E-02  0.00000000E+00  0.00000000E+00 -3.30986340E-02
    3.015000      1   0.00000000E+00  0.00000000E+00  2.60100304E-03  0.00000000E+00  0.00000000E+00  0.00000000E+00  0.00000000E+00  0.00000000E+00  2.93248722E-02  0.00000000E+00  0.00000000E+00 -3.31016254E-02
    3.016000      1   0.00000000E+00  0.00000000E+00  2.61618491E-03  0.00000000E+00  0.00000000E+00  0.00000000E+00  0.00000000E+00  0.00000000E+00  2.92917667E-02  0.00000000E+00  0.00000000E+00 -3.31055251E-02
    3.017000      1   0.00000000E+00  0.00000000E+00  2.61026555E-03  0.00000000E+00  0.00000000E+00  0.00000000E+00  0.00000000E+00  0.00000000E+00  2.92586642E-02  0.00000000E+00  0.00000000E+00 -3.31025131E-02
    3.018000      1   0.00000000E+00  0.00000000E+00  2.61699317E-03  0.00000000E+00  0.00000000E+00  0.00000000E+00  0.00000000E+00  0.00000000E+00  2.92255686E-02  0.00000000E+00  0.00000000E+00 -3.30955618E-02
    3.019000      1   0.00000000E+00  0.00000000E+00  2.60918524E-03  0.00000000E+00  0.00000000E+00  0.00000000E+00  0.00000000E+00  0.00000000E+00  2.91924792E-02  0.00000000E+00  0.00000000E+00 -3.30893648E-02
    3.020000      1   0.00000000E+00  0.00000000E+00  2.63075824E-03  0.00000000E+00  0.00000000E+00  0.00000000E+00  0.00000000E+00  0.00000000E+00  2.91593969E-02  0.00000000E+00  0.00000000E+00 -3.30823391E-02
    3.021000      1   0.00000000E+00  0.00000000E+00  2.61633394E-03  0.00000000E+00  0.00000000E+00  0.00000000E+00  0.00000000E+00  0.00000000E+00  2.91263228E-02  0.00000000E+00  0.00000000E+00 -3.30740627E-02
    3.022000      1   0.00000000E+00  0.00000000E+00  2.59025908E-03  0.00000000E+00  0.00000000E+00  0.00000000E+00  0.00000000E+00  0.00000000E+00  2.90932616E-02  0.00000000E+00  0.00000000E+00 -3.30612522E-02
    3.023000      1   0.00000000E+00  0.00000000E+00  2.60547074E-03  0.00000000E+00  0.00000000E+00  0.00000000E+00  0.00000000E+00  0.00000000E+00  2.90602038E-02  0.00000000E+00  0.00000000E+00 -3.30577899E-02
    3.024000      1   0.00000000E+00  0.00000000E+00  2.59580927E-03  0.00000000E+00  0.00000000E+00  0.00000000E+00  0.00000000E+00  0.00000000E+00  2.90271436E-02  0.00000000E+00  0.00000000E+00 -3.30602010E-02
    3.025000      1   0.00000000E+00  0.00000000E+00  2.61384525E-03  0.00000000E+00  0.00000000E+00  0.00000000E+00  0.00000000E+00  0.00000000E+00  2.89940843E-02  0.00000000E+00  0.00000000E+00 -3.30593248E-02
    3.026000      1   0.00000000E+00  0.00000000E+00  2.60557312E-03  0.00000000E+00  0.00000000E+00  0.00000000E+00  0.00000000E+00  0.00000000E+00  2.89610258E-02  0.00000000E+00  0.00000000E+00 -3.30584322E-02
    3.027000      1   0.00000000E+00  0.00000000E+00  2.63845233E-03  0.00000000E+00  0.00000000E+00  0.00000000E+00  0.00000000E+00  0.00000000E+00  2.89279728E-02  0.00000000E+00  0.00000000E+00 -3.30530791E-02
    3.028000      1   0.00000000E+00  0.00000000E+00  2.60759993E-03  0.00000000E+00  0.00000000E+00  0.00000000E+00  0.00000000E+00  0.00000000E+00  2.88949281E-02  0.00000000E+00  0.00000000E+00 -3.30446284E-02
    3.029000      1   0.00000000E+00  0.00000000E+00  2.62829625E-03  0.00000000E+00  0.00000000E+00  0.00000000E+00  0.00000000E+00  0.00000000E+00  2.88618973E-02  0.00000000E+00  0.00000000E+00 -3.30308355E-02
    3.030000      1   0.00000000E+00  0.00000000E+00  2.59560153E-03  0.00000000E+00  0.00000000E+00  0.00000000E+00  0.00000000E+00  0.00000000E+00  2.88288738E-02  0.00000000E+00  0.00000000E+00 -3.30235152E-02
    3.031000      1   0.00000000E+00  0.00000000E+00  2.60225853E-03  0.00000000E+00  0.00000000E+00  0.00000000E+00  0.00000000E+00  0.00000000E+00  2.87958586E-02  0.00000000E+00  0.00000000E+00 -3.30151795E-02
    3.032000      1   0.00000000E+00  0.00000000E+00  2.58884033E-03  0.00000000E+00  0.00000000E+00  0.00000000E+00  0.00000000E+00  0.00000000E+00  2.87628422E-02  0.00000000E+00  0.00000000E+00 -3.30164041E-02
    3.033000      1   0.00000000E+00  0.00000000E+00  2.62931416E-03  0.00000000E+00  0.00000000E+00  0.00000000E+00  0.00000000E+00  0.00000000E+00  2.87298244E-02  0.00000000E+00  0.00000000E+00 -3.30178152E-02
    3.034000      1   0.00000000E+00  0.00000000E+00  2.59708148E-03  0.00000000E+00  0.00000000E+00  0.00000000E+00  0.00000000E+00  0.00000000E+00  2.86968079E-02  0.00000000E+00  0.00000000E+00 -3.30164758E-02
    3.035000      1   0.00000000E+00  0.00000000E+00  2.62206715E-03  0.00000000E+00  0.00000000E+00  0.00000000E+00  0.00000000E+00  0.00000000E+00  2.86638004E-02  0.00000000E+00  0.00000000E+00 -3.30075441E-02
    3.036000      1   0.00000000E+00  0.00000000E+00  2.61743660E-03  0.00000000E+00  0.00000000E+00  0.00000000E+00  0.00000000E+00  0.00000000E+00  2.86307956E-02  0.00000000E+00  0.00000000E+00 -3.30047797E-02
    3.037000      1   0.00000000E+00  0.00000000E+00  2.63710245E-03  0.00000000E+00  0.00000000E+00  0.00000000E+00  0.00000000E+00  0.00000000E+00  2.85978009E-02  0.00000000E+00  0.00000000E+00 -3.29946285E-02
    3.038000      1   0.00000000E+00  0.00000000E+00  2.60486108E-03  0.00000000E+00  0.00000000E+00  0.00000000E+00  0.00000000E+00  0.00000000E+00  2.85648184E-02  0.00000000E+00  0.00000000E+00 -3.29825204E-02
    3.039000      1   0.00000000E+00  0.00000000E+00  2.58834611E-03  0.00000000E+00  0.00000000E+00  0.00000000E+00  0.00000000E+00  0.00000000E+00  2.85318488E-02  0.00000000E+00  0.00000000E+00 -3.29696552E-02
    3.040000      1   0.00000000E+00  0.00000000E+00  2.61255050E-03  0.00000000E+00  0.00000000E+00  0.00000000E+00  0.00000000E+00  0.00000000E+00  2.84988785E-02  0.00000000E+00  0.00000000E+00 -3.29702990E-02
    3.041000      1   0.00000000E+00  0.00000000E+00  2.59656149E-03  0.00000000E+00  0.00000000E+00  0.00000000E+00  0.00000000E+00  0.00000000E+00  2.84659064E-02  0.00000000E+00  0.00000000E+00 -3.29720864E-02
    3.042000      1   0.00000000E+00  0.00000000E+00  2.61974838E-03  0.00000000E+00  0.00000000E+00  0.00000000E+00  0.00000000E+00  0.00000000E+00  2.84329376E-02  0.00000000E+00  0.00000000E+00 -3.29687521E-02
    3.043000      1   0.00000000E+00  0.00000000E+00  2.60850704E-03  0.00000000E+00  0.00000000E+00  0.00000000E+00  0.00000000E+00  0.00000000E+00  2.83999711E-02  0.00000000E+00  0.00000000E+00 -3.29665685E-02
    3.044000      1   0.00000000E+00  0.00000000E+00  2.61927659E-03  0.00000000E+00  0.00000000E+00  0.00000000E+00  0.00000000E+00  0.00000000E+00  2.83670123E-02  0.00000000E+00  0.00000000E+00 -3.29587579E-02
    3.045000      1   0.00000000E+00  0.00000000E+00  2.63113476E-03  0.00000000E+00  0.00000000E+00  0.00000000E+00  0.00000000E+00  0.00000000E+00  2.83340596E-02  0.00000000E+00  0.00000000E+00 -3.29527347E-02
    3.046000      1   0.00000000E+00  0.00000000E+00  2.62008642E-03  0.00000000E+00  0.00000000E+00  0.00000000E+00  0.00000000E+00  0.00000000E+00  2.83011185E-02  0.00000000E+00  0.00000000E+00 -3.29410775E-02
    3.047000      1   0.00000000E+00  0.00000000E+00  2.59419909E-03  0.00000000E+00  0.00000000E+00  0.00000000E+00  0.00000000E+00  0.00000000E+00  2.82681910E-02  0.00000000E+00  0.00000000E+00 -3.29274798E-02
    3.048000      1   0.00000000E+00  0.00000000E+00  2.59661645E-03  0.00000000E+00  0.00000000E+00  0.00000000E+00  0.00000000E+00  0.00000000E+00  2.82352689E-02  0.00000000E+00  0.00000000E+00 -3.29220884E-02
    3.049000      1   0.00000000E+00  0.00000000E+00  2.60157951E-03  0.00000000E+00  0.00000000E+00  0.00000000E+00  0.00000000E+00  0.00000000E+00  2.82023442E-02  0.00000000E+00  0.00000000E+00 -3.29247713E-02
    3.050000      1   0.00000000E+00  0.00000000E+00  2.62718611E-03  0.00000000E+00  0.00000000E+00  0.00000000E+00  0.00000000E+00  0.00000000E+00  2.81694184E-02  0.00000000E+00  0.00000000E+00 -3.29257826E-02
    3.051000      1   0.00000000E+00  0.00000000E+00  2.59332078E-03  0.00000000E+00  0.00000000E+00  0.00000000E+00  0.00000000E+00  0.00000000E+00  2.81364977E-02  0.00000000E+00  0.00000000E+00 -3.29206357E-02
    3.052000      1   0.00000000E+00  0.00000000E+00  2.62536924E-03  0.00000000E+00  0.00000000E+00  0.00000000E+00  0.00000000E+00  0.00000000E+00  2.81035847E-02  0.00000000E+00  0.00000000E+00 -3.29130680E-02
    3.053000      1   0.00000000E+00  0.00000000E+00  2.62593108E-03  0.00000000E+00  0.00000000E+00  0.00000000E+00  0.00000000E+00  0.00000000E+00  2.80706737E-02  0.00000000E+00  0.00000000E+00 -3.29109547E-02
    3.054000      1   0.00000000E+00  0.00000000E+00  2.63031995E-03  0.00000000E+00  0.00000000E+00  0.00000000E+00  0.00000000E+00  0.00000000E+00  2.80377755E-02  0.00000000E+00  0.00000000E+00 -3.28982169E-02
    3.055000      1   0.00000000E+00  0.00000000E+00  2.60599111E-03  0.00000000E+00  0.00000000E+00  0.00000000E+00  0.00000000E+00  0.00000000E+00  2.80048910E-02  0.00000000E+00  0.00000000E+00 -3.28845184E-02
    3.056000      1   0.00000000E+00  0.00000000E+00  2.58875841E-03  0.00000000E+00  0.00000000E+00  0.00000000E+00  0.00000000E+00  0.00000000E+00  2.79720173E-02  0.00000000E+00  0.00000000E+00 -3.28736809E-02
    3.057000      1   0.00000000E+00  0.00000000E+00  2.61665700E-03  0.00000000E+00  0.00000000E+00  0.00000000E+00  0.00000000E+00  0.00000000E+00  2.79391434E-02  0.00000000E+00  0.00000000E+00 -3.28738807E-02
    3.058000      1   0.00000000E+00  0.00000000E+00  2.59770008E-03  0.00000000E+00  0.00000000E+00  0.00000000E+00  0.00000000E+00  0.00000000E+00  2.79062686E-02  0.00000000E+00  0.00000000E+00 -3.28748064E-02
    3.059000      1   0.00000000E+00  0.00000000E+00  2.62115797E-03  0.00000000E+00  0.00000000E+00  0.00000000E+00  0.00000000E+00  0.00000000E+00  2.78733987E-02  0.00000000E+00  0.00000000E+00 -3.28699222E-02
    3.060000      1   0.00000000E+00  0.00000000E+00  2.61005713E-03  0.00000000E+00  0.00000000E+00  0.00000000E+00  0.00000000E+00  0.00000000E+00  2.78405316E-02  0.00000000E+00  0.00000000E+00 -3.28671154E-02
    3.061000      1   0.00000000E+00  0.00000000E+00  2.62282733E-03  0.00000000E+00  0.00000000E+00  0.00000000E+00  0.00000000E+00  0.00000000E+00  2.78076730E-02  0.00000000E+00  0.00000000E+00 -3.28585678E-02
    3.062000      1   0.00000000E+00  0.00000000E+00  2.62452578E-03  0.00000000E+00  0.00000000E+00  0.00000000E+00  0.00000000E+00  0.00000000E+00  2.77748216E-02  0.00000000E+00  0.00000000E+00 -3.28514075E-02
    3.063000      1   0.00000000E+00  0.00000000E+00  2.63084154E-03  0.00000000E+00  0.00000000E+00  0.00000000E+00  0.00000000E+00  0.00000000E+00  2.77419818E-02  0.00000000E+00  0.00000000E+00 -3.28397530E-02
    3.064000      1   0.00000000E+00  0.00000000E+00  2.58611049E-03  0.00000000E+00  0.00000000E+00  0.00000000E+00  0.00000000E+00  0.00000000E+00  2.77091554E-02  0.00000000E+00  0.00000000E+00 -3.28264238E-02
    3.065000      1   0.00000000E+00  0.00000000E+00  2.59656576E-03  0.00000000E+00  0.00000000E+00  0.00000000E+00  0.00000000E+00  0.00000000E+00  2.76763365E-02  0.00000000E+00  0.00000000E+00 -3.28189307E-02
    3.066000      1   0.00000000E+00  0.00000000E+00  2.60249852E-03  0.00000000E+00  0.00000000E+00  0.00000000E+00  0.00000000E+00  0.00000000E+00  2.76435122E-02  0.00000000E+00  0.00000000E+00 -3.28242789E-02
    3.067000      1   0.00000000E+00  0.00000000E+00  2.63406015E-03  0.00000000E+00  0.00000000E+00  0.00000000E+00  0.00000000E+00  0.00000000E+00  2.76106871E-02  0.00000000E+00  0.00000000E+00 -3.28251444E-02
    3.068000      1   0.00000000E+00  0.00000000E+00  2.59467595E-03  0.00000000E+00  0.00000000E+00  0.00000000E+00  0.00000000E+00  0.00000000E+00  2.75778686E-02  0.00000000E+00  0.00000000E+00 -3.28184801E-02
    3.069000      1   0.00000000E+00  0.00000000E+00  2.62409639E-03  0.00000000E+00  0.00000000E+00  0.00000000E+00  0.00000000E+00  0.00000000E+00  2.75450602E-02  0.00000000E+00  0.00000000E+00 -3.28084152E-02
    3.070000      1   0.00000000E+00  0.00000000E+00  2.62653478E-03  0.00000000E+00  0.00000000E+00  0.00000000E+00  0.00000000E+00  0.00000000E+00  2.75122541E-02  0.00000000E+00  0.00000000E+00 -3.28060819E-02
    3.071000      1   0.00000000E+00  0.00000000E+00  2.63545419E-03  0.00000000E+00  0.00000000E+00  0.00000000E+00  0.00000000E+00  0.00000000E+00  2.74794604E-02  0.00000000E+00  0.00000000E+00 -3.27936554E-02
    3.072000      1   0.00000000E+00  0.00000000E+00  2.59963490E-03  0.00000000E+00  0.00000000E+00  0.00000000E+00  0.00000000E+00  0.00000000E+00  2.74466816E-02  0.00000000E+00  0.00000000E+00 -3.27788507E-02
    3.073000      1   0.00000000E+00  0.00000000E+00  2.59102747E-03  0.00000000E+00  0.00000000E+00  0.00000000E+00  0.00000000E+00  0.00000000E+00  2.74139141E-02  0.00000000E+00  0.00000000E+00 -3.27674510E-02
    3.074000      1   0.00000000E+00  0.00000000E+00  2.61782803E-03  0.00000000E+00  0.00000000E+00  0.00000000E+00  0.00000000E+00  0.00000000E+00  2.73811448E-02  0.00000000E+00  0.00000000E+00 -3.27693371E-02
    3.075000      1   0.00000000E+00  0.00000000E+00  2.60388967E-03  0.00000000E+00  0.00000000E+00  0.00000000E+00  0.00000000E+00  0.00000000E+00  2.73483755E-02  0.00000000E+00  0.00000000E+00 -3.27693105E-02
    3.076000      1   0.00000000E+00  0.00000000E+00  2.61248800E-03  0.00000000E+00  0.00000000E+00  0.00000000E+00  0.00000000E+00  0.00000000E+00  2.73156125E-02  0.00000000E+00  0.00000000E+00 -3.27629471E-02
    3.077000      1   0.00000000E+00  0.00000000E+00  2.61696449E-03  0.00000000E+00  0.00000000E+00  0.00000000E+00  0.00000000E+00  0.00000000E+00  2.72828529E-02  0.00000000E+00  0.00000000E+00 -3.27596408E-02
    3.078000      1   0.00000000E+00  0.00000000E+00  2.62837027E-03  0.00000000E+00  0.00000000E+00  0.00000000E+00  0.00000000E+00  0.00000000E+00  2.72501002E-02  0.00000000E+00  0.00000000E+00 -3.27527190E-02
    3.079000      1   0.00000000E+00  0.00000000E+00  2.62069082E-03  0.00000000E+00  0.00000000E+00  0.00000000E+00  0.00000000E+00  0.00000000E+00  2.72173579E-02  0.00000000E+00  0.00000000E+00 -3.27423101E-02
    3.080000      1   0.00000000E+00  0.00000000E+00  2.63074916E-03  0.00000000E+00  0.00000000E+00  0.00000000E+00  0.00000000E+00  0.00000000E+00  2.71846284E-02  0.00000000E+00  0.00000000E+00 -3.27295134E-02
    3.081000      1   0.00000000E+00  0.00000000E+00  2.59474598E-03  0.00000000E+00  0.00000000E+00  0.00000000E+00  0.00000000E+00  0.00000000E+00  2.71519109E-02  0.00000000E+00  0.00000000E+00 -3.27174600E-02
    3.082000      1   0.00000000E+00  0.00000000E+00  2.59208790E-03  0.00000000E+00  0.00000000E+00  0.00000000E+00  0.00000000E+00  0.00000000E+00  2.71192024E-02  0.00000000E+00  0.00000000E+00 -3.27084700E-02
    3.083000      1   0.00000000E+00  0.00000000E+00  2.60343700E-03  0.00000000E+00  0.00000000E+00  0.00000000E+00  0.00000000E+00  0.00000000E+00  2.70864907E-02  0.00000000E+00  0.00000000E+00 -3.27117741E-02
    3.084000      1   0.00000000E+00  0.00000000E+00  2.63385845E-03  0.00000000E+00  0.00000000E+00  0.00000000E+00  0.00000000E+00  0.00000000E+00  2.70537767E-02  0.00000000E+00  0.00000000E+00 -3.27139442E-02
    3.085000      1   0.00000000E+00  0.00000000E+00  2.60346245E-03  0.00000000E+00  0.00000000E+00  0.00000000E+00  0.00000000E+00  0.00000000E+00  2.70210697E-02  0.00000000E+00  0.00000000E+00 -3.27070074E-02
    3.086000      1   0.00000000E+00  0.00000000E+00  2.62134049E-03  0.00000000E+00  0.00000000E+00  0.00000000E+00  0.00000000E+00  0.00000000E+00  2.69883742E-02  0.00000000E+00  0.00000000E+00 -3.26954549E-02
    3.087000      1   0.00000000E+00  0.00000000E+00  2.62712422E-03  0.00000000E+00  0.00000000E+00  0.00000000E+00  0.00000000E+00  0.00000000E+00  2.69556835E-02  0.00000000E+00  0.00000000E+00 -3.26907234E-02
    3.088000      1   0.00000000E+00  0.00000000E+00  2.63405533E-03  0.00000000E+00  0.00000000E+00  0.00000000E+00  0.00000000E+00  0.00000000E+00  2.69230044E-02  0.00000000E+00  0.00000000E+00 -3.26790977E-02
    3.089000      1   0.00000000E+00  0.00000000E+00  2.60480765E-03  0.00000000E+00  0.00000000E+00  0.00000000E+00  0.00000000E+00  0.00000000E+00  2.68903401E-02  0.00000000E+00  0.00000000E+00 -3.26643469E-02
    3.090000      1   0.00000000E+00  0.00000000E+00  2.58923898E-03  0.00000000E+00  0.00000000E+00  0.00000000E+00  0.00000000E+00  0.00000000E+00  2.68576876E-02  0.00000000E+00  0.00000000E+00 -3.26524918E-02
    3.091000      1   0.00000000E+00  0.00000000E+00  2.61904018E-03  0.00000000E+00  0.00000000E+00  0.00000000E+00  0.00000000E+00  0.00000000E+00  2.68250346E-02  0.00000000E+00  0.00000000E+00 -3.26529953E-02
    3.092000      1   0.00000000E+00  0.00000000E+00  2.60254578E-03  0.00000000E+00  0.00000000E+00  0.00000000E+00  0.00000000E+00  0.00000000E+00  2.67923812E-02  0.00000000E+00  0.00000000E+00 -3.26533418E-02
    3.093000      1   0.00000000E+00  0.00000000E+00  2.61733614E-03  0.00000000E+00  0.00000000E+00  0.00000000E+00  0.00000000E+00  0.00000000E+00  2.67597344E-02  0.00000000E+00  0.00000000E+00 -3.26468180E-02
    3.094000      1   0.00000000E+00  0.00000000E+00  2.61708522E-03  0.00000000E+00  0.00000000E+00  0.00000000E+00  0.00000000E+00  0.00000000E+00  2.67270913E-02  0.00000000E+00  0.00000000E+00 -3.26430956E-02
    3.095000      1   0.00000000E+00  0.00000000E+00  2.62938905E-03  0.00000000E+00  0.00000000E+00  0.00000000E+00  0.00000000E+00  0.00000000E+00  2.66944568E-02  0.00000000E+00  0.00000000E+00 -3.26345603E-02
    3.096000      1   0.00000000E+00  0.00000000E+00  2.61950319E-03  0.00000000E+00  0.00000000E+00  0.00000000E+00  0.00000000E+00  0.00000000E+00  2.66618328E-02  0.00000000E+00  0.00000000E+00 -3.26239316E-02
    3.097000      1   0.00000000E+00  0.00000000E+00  2.63396302E-03  0.00000000E+00  0.00000000E+00  0.00000000E+00  0.00000000E+00  0.00000000E+00  2.66292218E-02  0.00000000E+00  0.00000000E+00 -3.26110103E-02
    3.098000      1   0.00000000E+00  0.00000000E+00  2.59454265E-03  0.00000000E+00  0.00000000E+00  0.00000000E+00  0.00000000E+00  0.00000000E+00  2.65966231E-02  0.00000000E+00  0.00000000E+00 -3.25987786E-02
    3.099000      1   0.00000000E+00  0.00000000E+00  2.59582148E-03  0.00000000E+00  0.00000000E+00  0.00000000E+00  0.00000000E+00  0.00000000E+00  2.65640343E-02  0.00000000E+00  0.00000000E+00 -3.25887691E-02
    3.100000      1   0.00000000E+00  0.00000000E+00  2.60245287E-03  0.00000000E+00  0.00000000E+00  0.00000000E+00  0.00000000E+00  0.00000000E+00  2.65314428E-02  0.00000000E+00  0.00000000E+00 -3.25914798E-02
    3.101000      1   0.00000000E+00  0.00000000E+00  2.63353158E-03  0.00000000E+00  0.00000000E+00  0.00000000E+00  0.00000000E+00  0.00000000E+00  2.64988502E-02  0.00000000E+00  0.00000000E+00 -3.25925977E-02
    3.102000      1   0.00000000E+00  0.00000000E+00  2.60416160E-03  0.00000000E+00  0.00000000E+00  0.00000000E+00  0.00000000E+00  0.00000000E+00  2.64662642E-02  0.00000000E+00  0.00000000E+00 -3.25860419E-02
    3.103000      1   0.00000000E+00  0.00000000E+00  2.62340380E-03  0.00000000E+00  0.00000000E+00  0.00000000E+00  0.00000000E+00  0.00000000E+00  2.64336897E-02  0.00000000E+00  0.00000000E+00 -3.25744732E-02
    3.104000      1   0.00000000E+00  0.00000000E+00  2.62709232E-03  0.00000000E+00  0.00000000E+00  0.00000000E+00  0.00000000E+00  0.00000000E+00  2.64011205E-02  0.00000000E+00  0.00000000E+00 -3.25691472E-02
    3.105000      1   0.00000000E+00  0.00000000E+00  2.63702151E-03  0.00000000E+00  0.00000000E+00  0.00000000E+00  0.00000000E+00  0.00000000E+00  2.63685637E-02  0.00000000E+00  0.00000000E+00 -3.25568495E-02
    3.106000      1   0.00000000E+00  0.00000000E+00  2.60502110E-03  0.00000000E+00  0.00000000E+00  0.00000000E+00  0.00000000E+00  0.00000000E+00  2.63360221E-02  0.00000000E+00  0.00000000E+00 -3.25415846E-02
    3.107000      1   0.00000000E+00  0.00000000E+00  2.59125486E-03  0.00000000E+00  0.00000000E+00  0.00000000E+00  0.00000000E+00  0.00000000E+00  2.63034934E-02  0.00000000E+00  0.00000000E+00 -3.25287176E-02
    3.108000      1   0.00000000E+00  0.00000000E+00  2.61881326E-03  0.00000000E+00  0.00000000E+00  0.00000000E+00  0.00000000E+00  0.00000000E+00  2.62709646E-02  0.00000000E+00  0.00000000E+00 -3.25287946E-02
    3.109000      1   0.00000000E+00  0.00000000E+00  2.60583075E-03  0.00000000E+00  0.00000000E+00  0.00000000E+00  0.00000000E+00  0.00000000E+00  2.62384361E-02  0.00000000E+00  0.00000000E+00 -3.25285191E-02
    3.110000      1   0.00000000E+00  0.00000000E+00  2.61897618E-03  0.00000000E+00  0.00000000E+00  0.00000000E+00  0.00000000E+00  0.00000000E+00  2.62059146E-02  0.00000000E+00  0.00000000E+00 -3.25214889E-02
    3.111000      1   0.00000000E+00  0.00000000E+00  2.61515515E-03  0.00000000E+00  0.00000000E+00  0.00000000E+00  0.00000000E+00  0.00000000E+00  2.61733982E-02  0.00000000E+00  0.00000000E+00 -3.25163977E-02
    3.112000      1   0.00000000E+00  0.00000000E+00  2.62636313E-03  0.00000000E+00  0.00000000E+00  0.00000000E+00  0.00000000E+00  0.00000000E+00  2.61408905E-02  0.00000000E+00  0.00000000E+00 -3.25076651E-02
    3.113000      1   0.00000000E+00  0.00000000E+00  2.62806058E-03  0.00000000E+00  0.00000000E+00  0.00000000E+00  0.00000000E+00  0.00000000E+00  2.61083923E-02  0.00000000E+00  0.00000000E+00 -3.24982053E-02
    3.114000      1   0.00000000E+00  0.00000000E+00  2.63181208E-03  0.00000000E+00  0.00000000E+00  0.00000000E+00  0.00000000E+00  0.00000000E+00  2.60759076E-02  0.00000000E+00  0.00000000E+00 -3.24847645E-02
    3.115000      1   0.00000000E+00  0.00000000E+00  2.59198793E-03  0.00000000E+00  0.00000000E+00  0.00000000E+00  0.00000000E+00  0.00000000E+00  2.60434375E-02  0.00000000E+00  0.00000000E+00 -3.24701028E-02
    3.116000      1   0.00000000E+00  0.00000000E+00  2.59846328E-03  0.00000000E+00  0.00000000E+00  0.00000000E+00  0.00000000E+00  0.00000000E+00  2.60109762E-02  0.00000000E+00  0.00000000E+00 -3.24612515E-02
    3.117000      1   0.00000000E+00  0.00000000E+00  2.61070363E-03  0.00000000E+00  0.00000000E+00  0.00000000E+00  0.00000000E+00  0.00000000E+00  2.59785119E-02  0.00000000E+00  0.00000000E+00 -3.24643340E-02
    3.118000      1   0.00000000E+00  0.00000000E+00  2.63086558E-03  0.00000000E+00  0.00000000E+00  0.00000000E+00  0.00000000E+00  0.00000000E+00  2.59460487E-02  0.00000000E+00  0.00000000E+00 -3.24631253E-02
    3.119000      1   0.00000000E+00  0.00000000E+00  2.59946580E-03  0.00000000E+00  0.00000000E+00  0.00000000E+00  0.00000000E+00  0.00000000E+00  2.59135944E-02  0.00000000E+00  0.00000000E+00 -3.24543313E-02
    3.120000      1   0.00000000E+00  0.00000000E+00  2.62727886E-03  0.00000000E+00  0.00000000E+00  0.00000000E+00  0.00000000E+00  0.00000000E+00  2.58811499E-02  0.00000000E+00  0.00000000E+00 -3.24444685E-02
    3.121000      1   0.00000000E+00  0.00000000E+00  2.63070426E-03  0.00000000E+00  0.00000000E+00  0.00000000E+00  0.00000000E+00  0.00000000E+00  2.58487099E-02  0.00000000E+00  0.00000000E+00 -3.24399994E-02
    3.122000      1   0.00000000E+00  0.00000000E+00  2.63414215E-03  0.00000000E+00  0.00000000E+00  0.00000000E+00  0.00000000E+00  0.00000000E+00  2.58162842E-02  0.00000000E+00  0.00000000E+00 -3.24257903E-02
    3.123000      1   0.00000000E+00  0.00000000E+00  2.61170458E-03  0.00000000E+00  0.00000000E+00  0.00000000E+00  0.00000000E+00  0.00000000E+00  2.57838743E-02  0.00000000E+00  0.00000000E+00 -3.24098484E-02
    3.124000      1   0.00000000E+00  0.00000000E+00  2.59247224E-03  0.00000000E+00  0.00000000E+00  0.00000000E+00  0.00000000E+00  0.00000000E+00  2.57514776E-02  0.00000000E+00  0.00000000E+00 -3.23967452E-02
    3.125000      1   0.00000000E+00  0.00000000E+00  2.61826262E-03  0.00000000E+00  0.00000000E+00  0.00000000E+00  0.00000000E+00  0.00000000E+00  2.57190831E-02  0.00000000E+00  0.00000000E+00 -3.23944119E-02
    3.126000      1   0.00000000E+00  0.00000000E+00  2.60292786E-03  0.00000000E+00  0.00000000E+00  0.00000000E+00  0.00000000E+00  0.00000000E+00  2.56866893E-02  0.00000000E+00  0.00000000E+00 -3.23938340E-02
    3.127000      1   0.00000000E+00  0.00000000E+00  2.62603279E-03  0.00000000E+00  0.00000000E+00  0.00000000E+00  0.00000000E+00  0.00000000E+00  2.56543018E-02  0.00000000E+00  0.00000000E+00 -3.23874980E-02
    3.128000      1   0.00000000E+00  0.00000000E+00  2.61319977E-03  0.00000000E+00  0.00000000E+00  0.00000000E+00  0.00000000E+00  0.00000000E+00  2.56219197E-02  0.00000000E+00  0.00000000E+00 -3.23821122E-02
    3.129000      1   0.00000000E+00  0.00000000E+00  2.62535628E-03  0.00000000E+00  0.00000000E+00  0.00000000E+00  0.00000000E+00  0.00000000E+00  2.55895483E-02  0.00000000E+00  0.00000000E+00 -3.23714079E-02
    3.130000      1   0.00000000E+00  0.00000000E+00  2.63367434E-03  0.00000000E+00  0.00000000E+00  0.00000000E+00  0.00000000E+00  0.00000000E+00  2.55571855E-02  0.00000000E+00  0.00000000E+00 -3.23627683E-02
    3.131000      1   0.00000000E+00  0.00000000E+00  2.62765965E-03  0.00000000E+00  0.00000000E+00  0.00000000E+00  0.00000000E+00  0.00000000E+00  2.55248369E-02  0.00000000E+00  0.00000000E+00 -3.23486655E-02
    3.132000      1   0.00000000E+00  0.00000000E+00  2.59964512E-03  0.00000000E+00  0.00000000E+00  0.00000000E+00  0.00000000E+00  0.00000000E+00  2.54925040E-02  0.00000000E+00  0.00000000E+00 -3.23328944E-02
    3.133000      1   0.00000000E+00  0.00000000E+00  2.60273535E-03  0.00000000E+00  0.00000000E+00  0.00000000E+00  0.00000000E+00  0.00000000E+00  2.54601799E-02  0.00000000E+00  0.00000000E+00 -3.23240528E-02
    3.134000      1   0.00000000E+00  0.00000000E+00  2.60839295E-03  0.00000000E+00  0.00000000E+00  0.00000000E+00  0.00000000E+00  0.00000000E+00  2.54278561E-02  0.00000000E+00  0.00000000E+00 -3.23238651E-02
    3.135000      1   0.00000000E+00  0.00000000E+00  2.63057975E-03  0.00000000E+00  0.00000000E+00  0.00000000E+00  0.00000000E+00  0.00000000E+00  2.53955344E-02  0.00000000E+00  0.00000000E+00 -3.23216620E-02
    3.136000      1   0.00000000E+00  0.00000000E+00  2.60182267E-03  0.00000000E+00  0.00000000E+00  0.00000000E+00  0.00000000E+00  0.00000000E+00  2.53632207E-02  0.00000000E+00  0.00000000E+00 -3.23136774E-02
    3.137000      1   0.00000000E+00  0.00000000E+00  2.63081297E-03  0.00000000E+00  0.00000000E+00  0.00000000E+00  0.00000000E+00  0.00000000E+00  2.53309172E-02  0.00000000E+00  0.00000000E+00 -3.23034916E-02
    3.138000      1   0.00000000E+00  0.00000000E+00  2.62186905E-03  0.00000000E+00  0.00000000E+00  0.00000000E+00  0.00000000E+00  0.00000000E+00  2.52986196E-02  0.00000000E+00  0.00000000E+00 -3.22976235E-02
    3.139000      1   0.00000000E+00  0.00000000E+00  2.64563059E-03  0.00000000E+00  0.00000000E+00  0.00000000E+00  0.00000000E+00  0.00000000E+00  2.52663358E-02  0.00000000E+00  0.00000000E+00 -3.22838163E-02
    3.140000      1   0.00000000E+00  0.00000000E+00  2.61175466E-03  0.00000000E+00  0.00000000E+00  0.00000000E+00  0.00000000E+00  0.00000000E+00  2.52340670E-02  0.00000000E+00  0.00000000E+00 -3.22687443E-02
    3.141000      1   0.00000000E+00  0.00000000E+00  2.59475263E-03  0.00000000E+00  0.00000000E+00  0.00000000E+00  0.00000000E+00  0.00000000E+00  2.52018152E-02  0.00000000E+00  0.00000000E+00 -3.22518593E-02
    3.142000      1   0.00000000E+00  0.00000000E+00  2.61923832E-03  0.00000000E+00  0.00000000E+00  0.00000000E+00  0.00000000E+00  0.00000000E+00  2.51695661E-02  0.00000000E+00  0.00000000E+00 -3.22491063E-02
    3.143000      1   0.00000000E+00  0.00000000E+00  2.60944064E-03  0.00000000E+00  0.00000000E+00  0.00000000E+00  0.00000000E+00  0.00000000E+00  2.51373185E-02  0.00000000E+00  0.00000000E+00 -3.22476069E-02
    3.144000      1   0.00000000E+00  0.00000000E+00  2.61443325E-03  0.00000000E+00  0.00000000E+00  0.00000000E+00  0.00000000E+00  0.00000000E+00  2.51050787E-02  0.00000000E+00  0.00000000E+00 -3.22397987E-02
    3.145000      1   0.00000000E+00  0.00000000E+00  2.61313372E-03  0.00000000E+00  0.00000000E+00  0.00000000E+00  0.00000000E+00  0.00000000E+00  2.50728443E-02  0.00000000E+00  0.00000000E+00 -3.22343254E-02
    3.146000      1   0.00000000E+00  0.00000000E+00  2.64302525E-03  0.00000000E+00  0.00000000E+00  0.00000000E+00  0.00000000E+00  0.00000000E+00  2.50406169E-02  0.00000000E+00  0.00000000E+00 -3.22274422E-02
    3.147000      1   0.00000000E+00  0.00000000E+00  2.62132606E-03  0.00000000E+00  0.00000000E+00  0.00000000E+00  0.00000000E+00  0.00000000E+00  2.50084012E-02  0.00000000E+00  0.00000000E+00 -3.22156998E-02
    3.148000      1   0.00000000E+00  0.00000000E+00  2.63226979E-03  0.00000000E+00  0.00000000E+00  0.00000000E+00  0.00000000E+00  0.00000000E+00  2.49762032E-02  0.00000000E+00  0.00000000E+00 -3.21979778E-02
    3.149000      1   0.00000000E+00  0.00000000E+00  2.61211141E-03  0.00000000E+00  0.00000000E+00  0.00000000E+00  0.00000000E+00  0.00000000E+00  2.49440178E-02  0.00000000E+00  0.00000000E+00 -3.21854469E-02
    3.150000      1   0.00000000E+00  0.00000000E+00  2.60304880E-03  0.00000000E+00  0.00000000E+00  0.00000000E+00  0.00000000E+00  0.00000000E+00  2.49118449E-02  0.00000000E+00  0.00000000E+00 -3.21728867E-02
    3.151000      1   0.00000000E+00  0.00000000E+00  2.60234407E-03  0.00000000E+00  0.00000000E+00  0.00000000E+00  0.00000000E+00  0.00000000E+00  2.48796763E-02  0.00000000E+00  0.00000000E+00 -3.21685494E-02
    3.152000      1   0.00000000E+00  0.00000000E+00  2.62354726E-03  0.00000000E+00  0.00000000E+00  0.00000000E+00  0.00000000E+00  0.00000000E+00  2.48475090E-02  0.00000000E+00  0.00000000E+00 -3.21673130E-02
    3.153000      1   0.00000000E+00  0.00000000E+00  2.62022554E-03  0.00000000E+00  0.00000000E+00  0.00000000E+00  0.00000000E+00  0.00000000E+00  2.48153465E-02  0.00000000E+00  0.00000000E+00 -3.21625586E-02
    3.154000      1   0.00000000E+00  0.00000000E+00  2.62577278E-03  0.00000000E+00  0.00000000E+00  0.00000000E+00  0.00000000E+00  0.00000000E+00  2.47831950E-02  0.00000000E+00  0.00000000E+00 -3.21514281E-02
    3.155000      1   0.00000000E+00  0.00000000E+00  2.61942957E-03  0.00000000E+00  0.00000000E+00  0.00000000E+00  0.00000000E+00  0.00000000E+00  2.47510546E-02  0.00000000E+00  0.00000000E+00 -3.21404075E-02
    3.156000      1   0.00000000E+00  0.00000000E+00  2.63285277E-03  0.00000000E+00  0.00000000E+00  0.00000000E+00  0.00000000E+00  0.00000000E+00  2.47189259E-02  0.00000000E+00  0.00000000E+00 -3.21286869E-02
    3.157000      1   0.00000000E+00  0.00000000E+00  2.63313401E-03  0.00000000E+00  0.00000000E+00  0.00000000E+00  0.00000000E+00  0.00000000E+00  2.46868093E-02  0.00000000E+00  0.00000000E+00 -3.21166757E-02
    3.158000      1   0.00000000E+00  0.00000000E+00  2.59728445E-03  0.00000000E+00  0.00000000E+00  0.00000000E+00  0.00000000E+00  0.00000000E+00  2.46547091E-02  0.00000000E+00  0.00000000E+00 -3.21002064E-02
    3.159000      1   0.00000000E+00  0.00000000E+00  2.60714257E-03  0.00000000E+00  0.00000000E+00  0.00000000E+00  0.00000000E+00  0.00000000E+00  2.46226191E-02  0.00000000E+00  0.00000000E+00 -3.20899844E-02
    3.160000      1   0.00000000E+00  0.00000000E+00  2.61777220E-03  0.00000000E+00  0.00000000E+00  0.00000000E+00  0.00000000E+00  0.00000000E+00  2.45905293E-02  0.00000000E+00  0.00000000E+00 -3.20897926E-02
    3.161000      1   0.00000000E+00  0.00000000E+00  2.62210891E-03  0.00000000E+00  0.00000000E+00  0.00000000E+00  0.00000000E+00  0.00000000E+00  2.45584448E-02  0.00000000E+00  0.00000000E+00 -3.20844835E-02
    3.162000      1   0.00000000E+00  0.00000000E+00  2.60079991E-03  0.00000000E+00  0.00000000E+00  0.00000000E+00  0.00000000E+00  0.00000000E+00  2.45263699E-02  0.00000000E+00  0.00000000E+00 -3.20749165E-02
    3.163000      1   0.00000000E+00  0.00000000E+00  2.63724473E-03  0.00000000E+00  0.00000000E+00  0.00000000E+00  0.00000000E+00  0.00000000E+00  2.44943022E-02  0.00000000E+00  0.00000000E+00 -3.20676936E-02
    3.164000      1   0.00000000E+00  0.00000000E+00  2.63492172E-03  0.00000000E+00  0.00000000E+00  0.00000000E+00  0.00000000E+00  0.00000000E+00  2.44622412E-02  0.00000000E+00  0.00000000E+00 -3.20610240E-02
    3.165000      1   0.00000000E+00  0.00000000E+00  2.64186283E-03  0.00000000E+00  0.00000000E+00  0.00000000E+00  0.00000000E+00  0.00000000E+00  2.44301984E-02  0.00000000E+00  0.00000000E+00 -3.20427962E-02
    3.166000      1   0.00000000E+00  0.00000000E+00  2.61260391E-03  0.00000000E+00  0.00000000E+00  0.00000000E+00  0.00000000E+00  0.00000000E+00  2.43981743E-02  0.00000000E+00  0.00000000E+00 -3.20241039E-02
    3.167000      1   0.00000000E+00  0.00000000E+00  2.59747302E-03  0.00000000E+00  0.00000000E+00  0.00000000E+00  0.00000000E+00  0.00000000E+00  2.43661660E-02  0.00000000E+00  0.00000000E+00 -3.20083061E-02
    3.168000      1   0.00000000E+00  0.00000000E+00  2.60686762E-03  0.00000000E+00  0.00000000E+00  0.00000000E+00  0.00000000E+00  0.00000000E+00  2.43341612E-02  0.00000000E+00  0.00000000E+00 -3.20047931E-02
    3.169000      1   0.00000000E+00  0.00000000E+00  2.62637377E-03  0.00000000E+00  0.00000000E+00  0.00000000E+00  0.00000000E+00  0.00000000E+00  2.43021566E-02  0.00000000E+00  0.00000000E+00 -3.20045879E-02
    3.170000      1   0.00000000E+00  0.00000000E+00  2.61828451E-03  0.00000000E+00  0.00000000E+00  0.00000000E+00  0.00000000E+00  0.00000000E+00  2.42701587E-02  0.00000000E+00  0.00000000E+00 -3.19978481E-02
    3.171000      1   0.00000000E+00  0.00000000E+00  2.61721584E-03  0.00000000E+00  0.00000000E+00  0.00000000E+00  0.00000000E+00  0.00000000E+00  2.42381726E-02  0.00000000E+00  0.00000000E+00 -3.19861325E-02
    3.172000      1   0.00000000E+00  0.00000000E+00  2.63487465E-03  0.00000000E+00  0.00000000E+00  0.00000000E+00  0.00000000E+00  0.00000000E+00  2.42061953E-02  0.00000000E+00  0.00000000E+00 -3.19772626E-02
    3.173000      1   0.00000000E+00  0.00000000E+00  2.62127910E-03  0.00000000E+00  0.00000000E+00  0.00000000E+00  0.00000000E+00  0.00000000E+00  2.41742297E-02  0.00000000E+00  0.00000000E+00 -3.19656209E-02
    3.174000      1   0.00000000E+00  0.00000000E+00  2.64277620E-03  0.00000000E+00  0.00000000E+00  0.00000000E+00  0.00000000E+00  0.00000000E+00  2.41422791E-02  0.00000000E+00  0.00000000E+00 -3.19505841E-02
    3.175000      1   0.00000000E+00  0.00000000E+00  2.61205403E-03  0.00000000E+00  0.00000000E+00  0.00000000E+00  0.00000000E+00  0.00000000E+00  2.41103429E-02  0.00000000E+00  0.00000000E+00 -3.19362106E-02
    3.176000      1   0.00000000E+00  0.00000000E+00  2.60230667E-03  0.00000000E+00  0.00000000E+00  0.00000000E+00  0.00000000E+00  0.00000000E+00  2.40784227E-02  0.00000000E+00  0.00000000E+00 -3.19202101E-02
    3.177000      1   0.00000000E+00  0.00000000E+00  2.61652145E-03  0.00000000E+00  0.00000000E+00  0.00000000E+00  0.00000000E+00  0.00000000E+00  2.40465067E-02  0.00000000E+00  0.00000000E+00 -3.19160229E-02
    3.178000      1   0.00000000E+00  0.00000000E+00  2.61541999E-03  0.00000000E+00  0.00000000E+00  0.00000000E+00  0.00000000E+00  0.00000000E+00  2.40145942E-02  0.00000000E+00  0.00000000E+00 -3.19125232E-02
    3.179000      1   0.00000000E+00  0.00000000E+00  2.62316572E-03  0.00000000E+00  0.00000000E+00  0.00000000E+00  0.00000000E+00  0.00000000E+00  2.39826896E-02  0.00000000E+00  0.00000000E+00 -3.19045499E-02
    3.180000      1   0.00000000E+00  0.00000000E+00  2.62236260E-03  0.00000000E+00  0.00000000E+00  0.00000000E+00  0.00000000E+00  0.00000000E+00  2.39507940E-02  0.00000000E+00  0.00000000E+00 -3.18955685E-02
    3.181000      1   0.00000000E+00  0.00000000E+00  2.63246772E-03  0.00000000E+00  0.00000000E+00  0.00000000E+00  0.00000000E+00  0.00000000E+00  2.39189099E-02  0.00000000E+00  0.00000000E+00 -3.18841854E-02
    3.182000      1   0.00000000E+00  0.00000000E+00  2.63265978E-03  0.00000000E+00  0.00000000E+00  0.00000000E+00  0.00000000E+00  0.00000000E+00  2.38870386E-02  0.00000000E+00  0.00000000E+00 -3.18712791E-02
    3.183000      1   0.00000000E+00  0.00000000E+00  2.63764093E-03  0.00000000E+00  0.00000000E+00  0.00000000E+00  0.00000000E+00  0.00000000E+00  2.38551836E-02  0.00000000E+00  0.00000000E+00 -3.18550201E-02
    3.184000      1   0.00000000E+00  0.00000000E+00  2.59672720E-03  0.00000000E+00  0.00000000E+00  0.00000000E+00  0.00000000E+00  0.00000000E+00  2.38233457E-02  0.00000000E+00  0.00000000E+00 -3.18378172E-02
    3.185000      1   0.00000000E+00  0.00000000E+00  2.60776298E-03  0.00000000E+00  0.00000000E+00  0.00000000E+00  0.00000000E+00  0.00000000E+00  2.37915195E-02  0.00000000E+00  0.00000000E+00 -3.18262136E-02
    3.186000      1   0.00000000E+00  0.00000000E+00  2.61916934E-03  0.00000000E+00  0.00000000E+00  0.00000000E+00  0.00000000E+00  0.00000000E+00  2.37596934E-02  0.00000000E+00  0.00000000E+00 -3.18260951E-02
    3.187000      1   0.00000000E+00  0.00000000E+00  2.63240349E-03  0.00000000E+00  0.00000000E+00  0.00000000E+00  0.00000000E+00  0.00000000E+00  2.37278731E-02  0.00000000E+00  0.00000000E+00 -3.18203351E-02
    3.188000      1   0.00000000E+00  0.00000000E+00  2.60344679E-03  0.00000000E+00  0.00000000E+00  0.00000000E+00  0.00000000E+00  0.00000000E+00  2.36960646E-02  0.00000000E+00  0.00000000E+00 -3.18084889E-02
    3.189000      1   0.00000000E+00  0.00000000E+00  2.63765162E-03  0.00000000E+00  0.00000000E+00  0.00000000E+00  0.00000000E+00  0.00000000E+00  2.36642672E-02  0.00000000E+00  0.00000000E+00 -3.17974170E-02
    3.190000      1   0.00000000E+00  0.00000000E+00  2.62761513E-03  0.00000000E+00  0.00000000E+00  0.00000000E+00  0.00000000E+00  0.00000000E+00  2.36324774E-02  0.00000000E+00  0.00000000E+00 -3.17898062E-02
    3.191000      1   0.00000000E+00  0.00000000E+00  2.64607201E-03  0.00000000E+00  0.00000000E+00  0.00000000E+00  0.00000000E+00  0.00000000E+00  2.36007046E-02  0.00000000E+00  0.00000000E+00 -3.17727369E-02
    3.192000      1   0.00000000E+00  0.00000000E+00  2.62096528E-03  0.00000000E+00  0.00000000E+00  0.00000000E+00  0.00000000E+00  0.00000000E+00  2.35689490E-02  0.00000000E+00  0.00000000E+00 -3.17556998E-02
    3.193000      1   0.00000000E+00  0.00000000E+00  2.59841624E-03  0.00000000E+00  0.00000000E+00  0.00000000E+00  0.00000000E+00  0.00000000E+00  2.35372119E-02  0.00000000E+00  0.00000000E+00 -3.17370410E-02
    3.194000      1   0.00000000E+00  0.00000000E+00  2.62478940E-03  0.00000000E+00  0.00000000E+00  0.00000000E+00  0.00000000E+00  0.00000000E+00  2.35054813E-02  0.00000000E+00  0.00000000E+00 -3.17306152E-02
    3.195000      1   0.00000000E+00  0.00000000E+00  2.60881984E-03  0.00000000E+00  0.00000000E+00  0.00000000E+00  0.00000000E+00  0.00000000E+00  2.34737544E-02  0.00000000E+00  0.00000000E+00 -3.17269310E-02
    3.196000      1   0.00000000E+00  0.00000000E+00  2.62865065E-03  0.00000000E+00  0.00000000E+00  0.00000000E+00  0.00000000E+00  0.00000000E+00  2.34420370E-02  0.00000000E+00  0.00000000E+00 -3.17174096E-02
    3.197000      1   0.00000000E+00  0.00000000E+00  2.61063084E-03  0.00000000E+00  0.00000000E+00  0.00000000E+00  0.00000000E+00  0.00000000E+00  2.34103273E-02  0.00000000E+00  0.00000000E+00 -3.17096259E-02
    3.198000      1   0.00000000E+00  0.00000000E+00  2.63842706E-03  0.00000000E+00  0.00000000E+00  0.00000000E+00  0.00000000E+00  0.00000000E+00  2.33786288E-02  0.00000000E+00  0.00000000E+00 -3.16985161E-02
    3.199000      1   0.00000000E+00  0.00000000E+00  2.64065692E-03  0.00000000E+00  0.00000000E+00  0.00000000E+00  0.00000000E+00  0.00000000E+00  2.33469404E-02  0.00000000E+00  0.00000000E+00 -3.16884088E-02
    3.200000      1   0.00000000E+00  0.00000000E+00  2.63515802E-03  0.00000000E+00  0.00000000E+00  0.00000000E+00  0.00000000E+00  0.00000000E+00  2.33152716E-02  0.00000000E+00  0.00000000E+00 -3.16687785E-02
    3.201000      1   0.00000000E+00  0.00000000E+00  2.62287897E-03  0.00000000E+00  0.00000000E+00  0.00000000E+00  0.00000000E+00  0.00000000E+00  2.32836222E-02  0.00000000E+00  0.00000000E+00 -3.16493883E-02
    3.202000      1   0.00000000E+00  0.00000000E+00  2.59664993E-03  0.00000000E+00  0.00000000E+00  0.00000000E+00  0.00000000E+00  0.00000000E+00  2.32519883E-02  0.00000000E+00  0.00000000E+00 -3.16339754E-02
    3.203000      1   0.00000000E+00  0.00000000E+00  2.61443178E-03  0.00000000E+00  0.00000000E+00  0.00000000E+00  0.00000000E+00  0.00000000E+00  2.32203610E-02  0.00000000E+00  0.00000000E+00 -3.16272335E-02
    3.204000      1   0.00000000E+00  0.00000000E+00  2.62253371E-03  0.00000000E+00  0.00000000E+00  0.00000000E+00  0.00000000E+00  0.00000000E+00  2.31887351E-02  0.00000000E+00  0.00000000E+00 -3.16259610E-02
    3.205000      1   0.00000000E+00  0.00000000E+00  2.63159330E-03  0.00000000E+00  0.00000000E+00  0.00000000E+00  0.00000000E+00  0.00000000E+00  2.31571176E-02  0.00000000E+00  0.00000000E+00 -3.16174160E-02
    3.206000      1   0.00000000E+00  0.00000000E+00  2.61901217E-03  0.00000000E+00  0.00000000E+00  0.00000000E+00  0.00000000E+00  0.00000000E+00  2.31255130E-02  0.00000000E+00  0.00000000E+00 -3.16046081E-02
    3.207000      1   0.00000000E+00  0.00000000E+00  2.63340934E-03  0.00000000E+00  0.00000000E+00  0.00000000E+00  0.00000000E+00  0.00000000E+00  2.30939220E-02  0.00000000E+00  0.00000000E+00 -3.15910498E-02
    3.208000      1   0.00000000E+00  0.00000000E+00  2.62680699E-03  0.00000000E+00  0.00000000E+00  0.00000000E+00  0.00000000E+00  0.00000000E+00  2.30623429E-02  0.00000000E+00  0.00000000E+00 -3.15790772E-02
    3.209000      1   0.00000000E+00  0.00000000E+00  2.64524252E-03  0.00000000E+00  0.00000000E+00  0.00000000E+00  0.00000000E+00  0.00000000E+00  2.30307794E-02  0.00000000E+00  0.00000000E+00 -3.15635440E-02
    3.210000      1   0.00000000E+00  0.00000000E+00  2.61729658E-03  0.00000000E+00  0.00000000E+00  0.00000000E+00  0.00000000E+00  0.00000000E+00  2.29992325E-02  0.00000000E+00  0.00000000E+00 -3.15469190E-02
    3.211000      1   0.00000000E+00  0.00000000E+00  2.60474096E-03  0.00000000E+00  0.00000000E+00  0.00000000E+00  0.00000000E+00  0.00000000E+00  2.29677033E-02  0.00000000E+00  0.00000000E+00 -3.15291814E-02
    3.212000      1   0.00000000E+00  0.00000000E+00  2.62058890E-03  0.00000000E+00  0.00000000E+00  0.00000000E+00  0.00000000E+00  0.00000000E+00  2.29361804E-02  0.00000000E+00  0.00000000E+00 -3.15228420E-02
    3.213000      1   0.00000000E+00  0.00000000E+00  2.61921363E-03  0.00000000E+00  0.00000000E+00  0.00000000E+00  0.00000000E+00  0.00000000E+00  2.29046626E-02  0.00000000E+00  0.00000000E+00 -3.15178235E-02
    3.214000      1   0.00000000E+00  0.00000000E+00  2.62671028E-03  0.00000000E+00  0.00000000E+00  0.00000000E+00  0.00000000E+00  0.00000000E+00  2.28731548E-02  0.00000000E+00  0.00000000E+00 -3.15078436E-02
    3.215000      1   0.00000000E+00  0.00000000E+00  2.62591123E-03  0.00000000E+00  0.00000000E+00  0.00000000E+00  0.00000000E+00  0.00000000E+00  2.28416578E-02  0.00000000E+00  0.00000000E+00 -3.14969895E-02
    3.216000      1   0.00000000E+00  0.00000000E+00  2.63225515E-03  0.00000000E+00  0.00000000E+00  0.00000000E+00  0.00000000E+00  0.00000000E+00  2.28101740E-02  0.00000000E+00  0.00000000E+00 -3.14838148E-02
    3.217000      1   0.00000000E+00  0.00000000E+00  2.64138031E-03  0.00000000E+00  0.00000000E+00  0.00000000E+00  0.00000000E+00  0.00000000E+00  2.27787042E-02  0.00000000E+00  0.00000000E+00 -3.14697807E-02
    3.218000      1   0.00000000E+00  0.00000000E+00  2.63333201E-03  0.00000000E+00  0.00000000E+00  0.00000000E+00  0.00000000E+00  0.00000000E+00  2.27472521E-02  0.00000000E+00  0.00000000E+00 -3.14520494E-02
    3.219000      1   0.00000000E+00  0.00000000E+00  2.60977429E-03  0.00000000E+00  0.00000000E+00  0.00000000E+00  0.00000000E+00  0.00000000E+00  2.27158194E-02  0.00000000E+00  0.00000000E+00 -3.14327445E-02
    3.220000      1   0.00000000E+00  0.00000000E+00  2.61369592E-03  0.00000000E+00  0.00000000E+00  0.00000000E+00  0.00000000E+00  0.00000000E+00  2.26843991E-02  0.00000000E+00  0.00000000E+00 -3.14202487E-02
    3.221000      1   0.00000000E+00  0.00000000E+00  2.61058505E-03  0.00000000E+00  0.00000000E+00  0.00000000E+00  0.00000000E+00  0.00000000E+00  2.26529843E-02  0.00000000E+00  0.00000000E+00 -3.14147962E-02
    3.222000      1   0.00000000E+00  0.00000000E+00  2.63695414E-03  0.00000000E+00  0.00000000E+00  0.00000000E+00  0.00000000E+00  0.00000000E+00  2.26215757E-02  0.00000000E+00  0.00000000E+00 -3.14086058E-02
    3.223000      1   0.00000000E+00  0.00000000E+00  2.61958937E-03  0.00000000E+00  0.00000000E+00  0.00000000E+00  0.00000000E+00  0.00000000E+00  2.25901770E-02  0.00000000E+00  0.00000000E+00 -3.13987740E-02
    3.224000      1   0.00000000E+00  0.00000000E+00  2.63819909E-03  0.00000000E+00  0.00000000E+00  0.00000000E+00  0.00000000E+00  0.00000000E+00  2.25587936E-02  0.00000000E+00  0.00000000E+00 -3.13833530E-02
    3.225000      1   0.00000000E+00  0.00000000E+00  2.62415910E-03  0.00000000E+00  0.00000000E+00  0.00000000E+00  0.00000000E+00  0.00000000E+00  2.25274233E-02  0.00000000E+00  0.00000000E+00 -3.13703439E-02
    3.226000      1   0.00000000E+00  0.00000000E+00  2.64160751E-03  0.00000000E+00  0.00000000E+00  0.00000000E+00  0.00000000E+00  0.00000000E+00  2.24960696E-02  0.00000000E+00  0.00000000E+00 -3.13537060E-02
    3.227000      1   0.00000000E+00  0.00000000E+00  2.63820307E-03  0.00000000E+00  0.00000000E+00  0.00000000E+00  0.00000000E+00  0.00000000E+00  2.24647310E-02  0.00000000E+00  0.00000000E+00 -3.13385934E-02
    3.228000      1   0.00000000E+00  0.00000000E+00  2.60404647E-03  0.00000000E+00  0.00000000E+00  0.00000000E+00  0.00000000E+00  0.00000000E+00  2.24334126E-02  0.00000000E+00  0.00000000E+00 -3.13183525E-02
    3.229000      1   0.00000000E+00  0.00000000E+00  2.61472864E-03  0.00000000E+00  0.00000000E+00  0.00000000E+00  0.00000000E+00  0.00000000E+00  2.24021073E-02  0.00000000E+00  0.00000000E+00 -3.13052699E-02
    3.230000      1   0.00000000E+00  0.00000000E+00  2.62843627E-03  0.00000000E+00  0.00000000E+00  0.00000000E+00  0.00000000E+00  0.00000000E+00  2.23708058E-02  0.00000000E+00  0.00000000E+00 -3.13015158E-02
    3.231000      1   0.00000000E+00  0.00000000E+00  2.62721115E-03  0.00000000E+00  0.00000000E+00  0.00000000E+00  0.00000000E+00  0.00000000E+00  2.23395140E-02  0.00000000E+00  0.00000000E+00 -3.12918295E-02
    3.232000      1   0.00000000E+00  0.00000000E+00  2.61165287E-03  0.00000000E+00  0.00000000E+00  0.00000000E+00  0.00000000E+00  0.00000000E+00  2.23082361E-02  0.00000000E+00  0.00000000E+00 -3.12778581E-02
    3.233000      1   0.00000000E+00  0.00000000E+00  2.63947068E-03  0.00000000E+00  0.00000000E+00  0.00000000E+00  0.00000000E+00  0.00000000E+00  2.22769691E-02  0.00000000E+00  0.00000000E+00 -3.12670403E-02
    3.234000      1   0.00000000E+00  0.00000000E+00  2.64130918E-03  0.00000000E+00  0.00000000E+00  0.00000000E+00  0.00000000E+00  0.00000000E+00  2.22457127E-02  0.00000000E+00  0.00000000E+00 -3.12564128E-02
    3.235000      1   0.00000000E+00  0.00000000E+00  2.64344128E-03  0.00000000E+00  0.00000000E+00  0.00000000E+00  0.00000000E+00  0.00000000E+00  2.22144764E-02  0.00000000E+00  0.00000000E+00 -3.12363244E-02
    3.236000      1   0.00000000E+00  0.00000000E+00  2.62839810E-03  0.00000000E+00  0.00000000E+00  0.00000000E+00  0.00000000E+00  0.00000000E+00  2.21832611E-02  0.00000000E+00  0.00000000E+00 -3.12152552E-02
    3.237000      1   0.00000000E+00  0.00000000E+00  2.61092580E-03  0.00000000E+00  0.00000000E+00  0.00000000E+00  0.00000000E+00  0.00000000E+00  2.21520650E-02  0.00000000E+00  0.00000000E+00 -3.11961460E-02
    3.238000      1   0.00000000E+00  0.00000000E+00  2.61470318E-03  0.00000000E+00  0.00000000E+00  0.00000000E+00  0.00000000E+00  0.00000000E+00  2.21208799E-02  0.00000000E+00  0.00000000E+00 -3.11850669E-02
    3.239000      1   0.00000000E+00  0.00000000E+00  2.61779414E-03  0.00000000E+00  0.00000000E+00  0.00000000E+00  0.00000000E+00  0.00000000E+00  2.20897008E-02  0.00000000E+00  0.00000000E+00 -3.11790581E-02
    3.240000      1   0.00000000E+00  0.00000000E+00  2.64126648E-03  0.00000000E+00  0.00000000E+00  0.00000000E+00  0.00000000E+00  0.00000000E+00  2.20585296E-02  0.00000000E+00  0.00000000E+00 -3.11712621E-02
    3.241000      1   0.00000000E+00  0.00000000E+00  2.60739418E-03  0.00000000E+00  0.00000000E+00  0.00000000E+00  0.00000000E+00  0.00000000E+00  2.20273713E-02  0.00000000E+00  0.00000000E+00 -3.11583001E-02
    3.242000      1   0.00000000E+00  0.00000000E+00  2.64465083E-03  0.00000000E+00  0.00000000E+00  0.00000000E+00  0.00000000E+00  0.00000000E+00  2.19962277E-02  0.00000000E+00  0.00000000E+00 -3.11436195E-02
    3.243000      1   0.00000000E+00  0.00000000E+00  2.63307062E-03  0.00000000E+00  0.00000000E+00  0.00000000E+00  0.00000000E+00  0.00000000E+00  2.19650942E-02  0.00000000E+00  0.00000000E+00 -3.11334745E-02
    3.244000      1   0.00000000E+00  0.00000000E+00  2.65157550E-03  0.00000000E+00  0.00000000E+00  0.00000000E+00  0.00000000E+00  0.00000000E+00  2.19339810E-02  0.00000000E+00  0.00000000E+00 -3.11131418E-02
    3.245000      1   0.00000000E+00  0.00000000E+00  2.62318561E-03  0.00000000E+00  0.00000000E+00  0.00000000E+00  0.00000000E+00  0.00000000E+00  2.19028877E-02  0.00000000E+00  0.00000000E+00 -3.10933398E-02
    3.246000      1   0.00000000E+00  0.00000000E+00  2.60925421E-03  0.00000000E+00  0.00000000E+00  0.00000000E+00  0.00000000E+00  0.00000000E+00  2.18718152E-02  0.00000000E+00  0.00000000E+00 -3.10724810E-02
    3.247000      1   0.00000000E+00  0.00000000E+00  2.62711636E-03  0.00000000E+00  0.00000000E+00  0.00000000E+00  0.00000000E+00  0.00000000E+00  2.18407518E-02  0.00000000E+00  0.00000000E+00 -3.10634094E-02
    3.248000      1   0.00000000E+00  0.00000000E+00  2.61882695E-03  0.00000000E+00  0.00000000E+00  0.00000000E+00  0.00000000E+00  0.00000000E+00  2.18096960E-02  0.00000000E+00  0.00000000E+00 -3.10557544E-02
    3.249000      1   0.00000000E+00  0.00000000E+00  2.62892939E-03  0.00000000E+00  0.00000000E+00  0.00000000E+00  0.00000000E+00  0.00000000E+00  2.17786524E-02  0.00000000E+00  0.00000000E+00 -3.10436991E-02
    3.250000      1   0.00000000E+00  0.00000000E+00  2.61525453E-03  0.00000000E+00  0.00000000E+00  0.00000000E+00  0.00000000E+00  0.00000000E+00  2.17476198E-02  0.00000000E+00  0.00000000E+00 -3.10325796E-02
    3.251000      1   0.00000000E+00  0.00000000E+00  2.64645421E-03  0.00000000E+00  0.00000000E+00  0.00000000E+00  0.00000000E+00  0.00000000E+00  2.17165992E-02  0.00000000E+00  0.00000000E+00 -3.10205606E-02
    3.252000      1   0.00000000E+00  0.00000000E+00  2.63998347E-03  0.00000000E+00  0.00000000E+00  0.00000000E+00  0.00000000E+00  0.00000000E+00  2.16855917E-02  0.00000000E+00  0.00000000E+00 -3.10075153E-02
    3.253000      1   0.00000000E+00  0.00000000E+00  2.64767182E-03  0.00000000E+00  0.00000000E+00  0.00000000E+00  0.00000000E+00  0.00000000E+00  2.16546063E-02  0.00000000E+00  0.00000000E+00 -3.09853679E-02
    3.254000      1   0.00000000E+00  0.00000000E+00  2.63134807E-03  0.00000000E+00  0.00000000E+00  0.00000000E+00  0.00000000E+00  0.00000000E+00  2.16236423E-02  0.00000000E+00  0.00000000E+00 -3.09639859E-02
    3.255000      1   0.00000000E+00  0.00000000E+00  2.60617952E-03  0.00000000E+00  0.00000000E+00  0.00000000E+00  0.00000000E+00  0.00000000E+00  2.15926994E-02  0.00000000E+00  0.00000000E+00 -3.09429657E-02
    3.256000      1   0.00000000E+00  0.00000000E+00  2.62037131E-03  0.00000000E+00  0.00000000E+00  0.00000000E+00  0.00000000E+00  0.00000000E+00  2.15617676E-02  0.00000000E+00  0.00000000E+00 -3.09317572E-02
    3.257000      1   0.00000000E+00  0.00000000E+00  2.62087585E-03  0.00000000E+00  0.00000000E+00  0.00000000E+00  0.00000000E+00  0.00000000E+00  2.15308413E-02  0.00000000E+00  0.00000000E+00 -3.09263047E-02
    3.258000      1   0.00000000E+00  0.00000000E+00  2.64310658E-03  0.00000000E+00  0.00000000E+00  0.00000000E+00  0.00000000E+00  0.00000000E+00  2.14999252E-02  0.00000000E+00  0.00000000E+00 -3.09161022E-02
    3.259000      1   0.00000000E+00  0.00000000E+00  2.61348415E-03  0.00000000E+00  0.00000000E+00  0.00000000E+00  0.00000000E+00  0.00000000E+00  2.14690234E-02  0.00000000E+00  0.00000000E+00 -3.09018028E-02
    3.260000      1   0.00000000E+00  0.00000000E+00  2.64116685E-03  0.00000000E+00  0.00000000E+00  0.00000000E+00  0.00000000E+00  0.00000000E+00  2.14381380E-02  0.00000000E+00  0.00000000E+00 -3.08854409E-02
    3.261000      1   0.00000000E+00  0.00000000E+00  2.64240385E-03  0.00000000E+00  0.00000000E+00  0.00000000E+00  0.00000000E+00  0.00000000E+00  2.14072641E-02  0.00000000E+00  0.00000000E+00 -3.08739120E-02
    3.262000      1   0.00000000E+00  0.00000000E+00  2.64805306E-03  0.00000000E+00  0.00000000E+00  0.00000000E+00  0.00000000E+00  0.00000000E+00  2.13764110E-02  0.00000000E+00  0.00000000E+00 -3.08530730E-02
    3.263000      1   0.00000000E+00  0.00000000E+00  2.62511918E-03  0.00000000E+00  0.00000000E+00  0.00000000E+00  0.00000000E+00  0.00000000E+00  2.13455802E-02  0.00000000E+00  0.00000000E+00 -3.08308287E-02
    3.264000      1   0.00000000E+00  0.00000000E+00  2.60834958E-03  0.00000000E+00  0.00000000E+00  0.00000000E+00  0.00000000E+00  0.00000000E+00  2.13147694E-02  0.00000000E+00  0.00000000E+00 -3.08107848E-02
    3.265000      1   0.00000000E+00  0.00000000E+00  2.63375724E-03  0.00000000E+00  0.00000000E+00  0.00000000E+00  0.00000000E+00  0.00000000E+00  2.12839681E-02  0.00000000E+00  0.00000000E+00 -3.08012382E-02
    3.266000      1   0.00000000E+00  0.00000000E+00  2.61922324E-03  0.00000000E+00  0.00000000E+00  0.00000000E+00  0.00000000E+00  0.00000000E+00  2.12531754E-02  0.00000000E+00  0.00000000E+00 -3.07927059E-02
    3.267000      1   0.00000000E+00  0.00000000E+00  2.63455696E-03  0.00000000E+00  0.00000000E+00  0.00000000E+00  0.00000000E+00  0.00000000E+00  2.12223970E-02  0.00000000E+00  0.00000000E+00 -3.07783995E-02
    3.268000      1   0.00000000E+00  0.00000000E+00  2.61452877E-03  0.00000000E+00  0.00000000E+00  0.00000000E+00  0.00000000E+00  0.00000000E+00  2.11916309E-02  0.00000000E+00  0.00000000E+00 -3.07661548E-02
    3.269000      1   0.00000000E+00  0.00000000E+00  2.64845722E-03  0.00000000E+00  0.00000000E+00  0.00000000E+00  0.00000000E+00  0.00000000E+00  2.11608785E-02  0.00000000E+00  0.00000000E+00 -3.07524159E-02
    3.270000      1   0.00000000E+00  0.00000000E+00  2.64375289E-03  0.00000000E+00  0.00000000E+00  0.00000000E+00  0.00000000E+00  0.00000000E+00  2.11301392E-02  0.00000000E+00  0.00000000E+00 -3.07392548E-02
    3.271000      1   0.00000000E+00  0.00000000E+00  2.64949203E-03  0.00000000E+00  0.00000000E+00  0.00000000E+00  0.00000000E+00  0.00000000E+00  2.10994234E-02  0.00000000E+00  0.00000000E+00 -3.07157829E-02
    3.272000      1   0.00000000E+00  0.00000000E+00  2.63525993E-03  0.00000000E+00  0.00000000E+00  0.00000000E+00  0.00000000E+00  0.00000000E+00  2.10687306E-02  0.00000000E+00  0.00000000E+00 -3.06928412E-02
    3.273000      1   0.00000000E+00  0.00000000E+00  2.60823387E-03  0.00000000E+00  0.00000000E+00  0.00000000E+00  0.00000000E+00  0.00000000E+00  2.10380600E-02  0.00000000E+00  0.00000000E+00 -3.06705314E-02
    3.274000      1   0.00000000E+00  0.00000000E+00  2.62436489E-03  0.00000000E+00  0.00000000E+00  0.00000000E+00  0.00000000E+00  0.00000000E+00  2.10074024E-02  0.00000000E+00  0.00000000E+00 -3.06576748E-02
    3.275000      1   0.00000000E+00  0.00000000E+00  2.62053709E-03  0.00000000E+00  0.00000000E+00  0.00000000E+00  0.00000000E+00  0.00000000E+00  2.09767515E-02  0.00000000E+00  0.00000000E+00 -3.06508415E-02
    3.276000      1   0.00000000E+00  0.00000000E+00  2.64552151E-03  0.00000000E+00  0.00000000E+00  0.00000000E+00  0.00000000E+00  0.00000000E+00  2.09461121E-02  0.00000000E+00  0.00000000E+00 -3.06393874E-02
    3.277000      1   0.00000000E+00  0.00000000E+00  2.61511056E-03  0.00000000E+00  0.00000000E+00  0.00000000E+00  0.00000000E+00  0.00000000E+00  2.09154874E-02  0.00000000E+00  0.00000000E+00 -3.06247722E-02
    3.278000      1   0.00000000E+00  0.00000000E+00  2.64322036E-03  0.00000000E+00  0.00000000E+00  0.00000000E+00  0.00000000E+00  0.00000000E+00  2.08848800E-02  0.00000000E+00  0.00000000E+00 -3.06073295E-02
    3.279000      1   0.00000000E+00  0.00000000E+00  2.64325002E-03  0.00000000E+00  0.00000000E+00  0.00000000E+00  0.00000000E+00  0.00000000E+00  2.08542851E-02  0.00000000E+00  0.00000000E+00 -3.05949034E-02
    3.280000      1   0.00000000E+00  0.00000000E+00  2.65504847E-03  0.00000000E+00  0.00000000E+00  0.00000000E+00  0.00000000E+00  0.00000000E+00  2.08237119E-02  0.00000000E+00  0.00000000E+00 -3.05732403E-02
    3.281000      1   0.00000000E+00  0.00000000E+00  2.62546352E-03  0.00000000E+00  0.00000000E+00  0.00000000E+00  0.00000000E+00  0.00000000E+00  2.07931624E-02  0.00000000E+00  0.00000000E+00 -3.05494811E-02
    3.282000      1   0.00000000E+00  0.00000000E+00  2.61835276E-03  0.00000000E+00  0.00000000E+00  0.00000000E+00  0.00000000E+00  0.00000000E+00  2.07626353E-02  0.00000000E+00  0.00000000E+00 -3.05270789E-02
    3.283000      1   0.00000000E+00  0.00000000E+00  2.62543304E-03  0.00000000E+00  0.00000000E+00  0.00000000E+00  0.00000000E+00  0.00000000E+00  2.07321197E-02  0.00000000E+00  0.00000000E+00 -3.05156502E-02
    3.284000      1   0.00000000E+00  0.00000000E+00  2.63245383E-03  0.00000000E+00  0.00000000E+00  0.00000000E+00  0.00000000E+00  0.00000000E+00  2.07016144E-02  0.00000000E+00  0.00000000E+00 -3.05053048E-02
    3.285000      1   0.00000000E+00  0.00000000E+00  2.62857376E-03  0.00000000E+00  0.00000000E+00  0.00000000E+00  0.00000000E+00  0.00000000E+00  2.06711230E-02  0.00000000E+00  0.00000000E+00 -3.04913925E-02
    3.286000      1   0.00000000E+00  0.00000000E+00  2.62166333E-03  0.00000000E+00  0.00000000E+00  0.00000000E+00  0.00000000E+00  0.00000000E+00  2.06406471E-02  0.00000000E+00  0.00000000E+00 -3.04758607E-02
    3.287000      1   0.00000000E+00  0.00000000E+00  2.64930794E-03  0.00000000E+00  0.00000000E+00  0.00000000E+00  0.00000000E+00  0.00000000E+00  2.06101843E-02  0.00000000E+00  0.00000000E+00 -3.04628252E-02
    3.288000      1   0.00000000E+00  0.00000000E+00  2.64673514E-03  0.00000000E+00  0.00000000E+00  0.00000000E+00  0.00000000E+00  0.00000000E+00  2.05797371E-02  0.00000000E+00  0.00000000E+00 -3.04471705E-02
    3.289000      1   0.00000000E+00  0.00000000E+00  2.64782796E-03  0.00000000E+00  0.00000000E+00  0.00000000E+00  0.00000000E+00  0.00000000E+00  2.05493142E-02  0.00000000E+00  0.00000000E+00 -3.04228919E-02
    3.290000      1   0.00000000E+00  0.00000000E+00  2.63894311E-03  0.00000000E+00  0.00000000E+00  0.00000000E+00  0.00000000E+00  0.00000000E+00  2.05189150E-02  0.00000000E+00  0.00000000E+00 -3.03992650E-02
    3.291000      1   0.00000000E+00  0.00000000E+00  2.61614152E-03  0.00000000E+00  0.00000000E+00  0.00000000E+00  0.00000000E+00  0.00000000E+00  2.04885381E-02  0.00000000E+00  0.00000000E+00 -3.03768503E-02
    3.292000      1   0.00000000E+00  0.00000000E+00  2.62144412E-03  0.00000000E+00  0.00000000E+00  0.00000000E+00  0.00000000E+00  0.00000000E+00  2.04581767E-02  0.00000000E+00  0.00000000E+00 -3.03613858E-02
    3.293000      1   0.00000000E+00  0.00000000E+00  2.63485598E-03  0.00000000E+00  0.00000000E+00  0.00000000E+00  0.00000000E+00  0.00000000E+00  2.04278243E-02  0.00000000E+00  0.00000000E+00 -3.03524720E-02
    3.294000      1   0.00000000E+00  0.00000000E+00  2.63683139E-03  0.00000000E+00  0.00000000E+00  0.00000000E+00  0.00000000E+00  0.00000000E+00  2.03974848E-02  0.00000000E+00  0.00000000E+00 -3.03394450E-02
    3.295000      1   0.00000000E+00  0.00000000E+00  2.62664952E-03  0.00000000E+00  0.00000000E+00  0.00000000E+00  0.00000000E+00  0.00000000E+00  2.03671632E-02  0.00000000E+00  0.00000000E+00 -3.03216640E-02
    3.296000      1   0.00000000E+00  0.00000000E+00  2.64697642E-03  0.00000000E+00  0.00000000E+00  0.00000000E+00  0.00000000E+00  0.00000000E+00  2.03368581E-02  0.00000000E+00  0.00000000E+00 -3.03050348E-02
    3.297000      1   0.00000000E+00  0.00000000E+00  2.63948328E-03  0.00000000E+00  0.00000000E+00  0.00000000E+00  0.00000000E+00  0.00000000E+00  2.03065700E-02  0.00000000E+00  0.00000000E+00 -3.02881548E-02
    3.298000      1   0.00000000E+00  0.00000000E+00  2.64749170E-03  0.00000000E+00  0.00000000E+00  0.00000000E+00  0.00000000E+00  0.00000000E+00  2.02763040E-02  0.00000000E+00  0.00000000E+00 -3.02659243E-02
    3.299000      1   0.00000000E+00  0.00000000E+00  2.63990397E-03  0.00000000E+00  0.00000000E+00  0.00000000E+00  0.00000000E+00  0.00000000E+00  2.02460593E-02  0.00000000E+00  0.00000000E+00 -3.02447385E-02
    3.300000      1   0.00000000E+00  0.00000000E+00  2.63035951E-03  0.00000000E+00  0.00000000E+00  0.00000000E+00  0.00000000E+00  0.00000000E+00  2.02158370E-02  0.00000000E+00  0.00000000E+00 -3.02222644E-02
    3.301000      1   0.00000000E+00  0.00000000E+00  2.61724650E-03  0.00000000E+00  0.00000000E+00  0.00000000E+00  0.00000000E+00  0.00000000E+00  2.01856331E-02  0.00000000E+00  0.00000000E+00 -3.02039700E-02
    3.302000      1   0.00000000E+00  0.00000000E+00  2.63893090E-03  0.00000000E+00  0.00000000E+00  0.00000000E+00  0.00000000E+00  0.00000000E+00  2.01554419E-02  0.00000000E+00  0.00000000E+00 -3.01911291E-02
    3.303000      1   0.00000000E+00  0.00000000E+00  2.62659477E-03  0.00000000E+00  0.00000000E+00  0.00000000E+00  0.00000000E+00  0.00000000E+00  2.01252632E-02  0.00000000E+00  0.00000000E+00 -3.01787600E-02
    3.304000      1   0.00000000E+00  0.00000000E+00  2.63463577E-03  0.00000000E+00  0.00000000E+00  0.00000000E+00  0.00000000E+00  0.00000000E+00  2.00951017E-02  0.00000000E+00  0.00000000E+00 -3.01614510E-02
    3.305000      1   0.00000000E+00  0.00000000E+00  2.64117679E-03  0.00000000E+00  0.00000000E+00  0.00000000E+00  0.00000000E+00  0.00000000E+00  2.00649550E-02  0.00000000E+00  0.00000000E+00 -3.01467714E-02
    3.306000      1   0.00000000E+00  0.00000000E+00  2.64293074E-03  0.00000000E+00  0.00000000E+00  0.00000000E+00  0.00000000E+00  0.00000000E+00  2.00348267E-02  0.00000000E+00  0.00000000E+00 -3.01282942E-02
    3.307000      1   0.00000000E+00  0.00000000E+00  2.65384042E-03  0.00000000E+00  0.00000000E+00  0.00000000E+00  0.00000000E+00  0.00000000E+00  2.00047193E-02  0.00000000E+00  0.00000000E+00 -3.01073588E-02
    3.308000      1   0.00000000E+00  0.00000000E+00  2.64503691E-03  0.00000000E+00  0.00000000E+00  0.00000000E+00  0.00000000E+00  0.00000000E+00  1.99746354E-02  0.00000000E+00  0.00000000E+00 -3.00839180E-02
    3.309000      1   0.00000000E+00  0.00000000E+00  2.63252218E-03  0.00000000E+00  0.00000000E+00  0.00000000E+00  0.00000000E+00  0.00000000E+00  1.99445769E-02  0.00000000E+00  0.00000000E+00 -3.00584512E-02
    3.310000      1   0.00000000E+00  0.00000000E+00  2.62140029E-03  0.00000000E+00  0.00000000E+00  0.00000000E+00  0.00000000E+00  0.00000000E+00  1.99145388E-02  0.00000000E+00  0.00000000E+00 -3.00380887E-02
    3.311000      1   0.00000000E+00  0.00000000E+00  2.62331803E-03  0.00000000E+00  0.00000000E+00  0.00000000E+00  0.00000000E+00  0.00000000E+00  1.98845150E-02  0.00000000E+00  0.00000000E+00 -3.00238029E-02
    3.312000      1   0.00000000E+00  0.00000000E+00  2.63522168E-03  0.00000000E+00  0.00000000E+00  0.00000000E+00  0.00000000E+00  0.00000000E+00  1.98545022E-02  0.00000000E+00  0.00000000E+00 -3.00128307E-02
    3.313000      1   0.00000000E+00  0.00000000E+00  2.64701882E-03  0.00000000E+00  0.00000000E+00  0.00000000E+00  0.00000000E+00  0.00000000E+00  1.98245031E-02  0.00000000E+00  0.00000000E+00 -2.99991235E-02
    3.314000      1   0.00000000E+00  0.00000000E+00  2.63020811E-03  0.00000000E+00  0.00000000E+00  0.00000000E+00  0.00000000E+00  0.00000000E+00  1.97945237E-02  0.00000000E+00  0.00000000E+00 -2.99794209E-02
    3.315000      1   0.00000000E+00  0.00000000E+00  2.64472332E-03  0.00000000E+00  0.00000000E+00  0.00000000E+00  0.00000000E+00  0.00000000E+00  1.97645649E-02  0.00000000E+00  0.00000000E+00 -2.99588167E-02
    3.316000      1   0.00000000E+00  0.00000000E+00  2.64964329E-03  0.00000000E+00  0.00000000E+00  0.00000000E+00  0.00000000E+00  0.00000000E+00  1.97346237E-02  0.00000000E+00  0.00000000E+00 -2.99411665E-02
    3.317000      1   0.00000000E+00  0.00000000E+00  2.65262156E-03  0.00000000E+00  0.00000000E+00  0.00000000E+00  0.00000000E+00  0.00000000E+00  1.97047058E-02  0.00000000E+00  0.00000000E+00 -2.99178793E-02
    3.318000      1   0.00000000E+00  0.00000000E+00  2.64165649E-03  0.00000000E+00  0.00000000E+00  0.00000000E+00  0.00000000E+00  0.00000000E+00  1.96748134E-02  0.00000000E+00  0.00000000E+00 -2.98924496E-02
    3.319000      1   0.00000000E+00  0.00000000E+00  2.60853601E-03  0.00000000E+00  0.00000000E+00  0.00000000E+00  0.00000000E+00  0.00000000E+00  1.96449454E-02  0.00000000E+00  0.00000000E+00 -2.98679808E-02
    3.320000      1   0.00000000E+00  0.00000000E+00  2.64444588E-03  0.00000000E+00  0.00000000E+00  0.00000000E+00  0.00000000E+00  0.00000000E+00  1.96150924E-02  0.00000000E+00  0.00000000E+00 -2.98529702E-02
    3.321000      1   0.00000000E+00  0.00000000E+00  2.62854706E-03  0.00000000E+00  0.00000000E+00  0.00000000E+00  0.00000000E+00  0.00000000E+00  1.95852499E-02  0.00000000E+00  0.00000000E+00 -2.98424865E-02
    3.322000      1   0.00000000E+00  0.00000000E+00  2.63957470E-03  0.00000000E+00  0.00000000E+00  0.00000000E+00  0.00000000E+00  0.00000000E+00  1.95554269E-02  0.00000000E+00  0.00000000E+00 -2.98230210E-02
    3.323000      1   0.00000000E+00  0.00000000E+00  2.62531779E-03  0.00000000E+00  0.00000000E+00  0.00000000E+00  0.00000000E+00  0.00000000E+00  1.95256201E-02  0.00000000E+00  0.00000000E+00 -2.98068268E-02
    3.324000      1   0.00000000E+00  0.00000000E+00  2.65491282E-03  0.00000000E+00  0.00000000E+00  0.00000000E+00  0.00000000E+00  0.00000000E+00  1.94958305E-02  0.00000000E+00  0.00000000E+00 -2.97895322E-02
    3.325000      1   0.00000000E+00  0.00000000E+00  2.65140498E-03  0.00000000E+00  0.00000000E+00  0.00000000E+00  0.00000000E+00  0.00000000E+00  1.94660589E-02  0.00000000E+00  0.00000000E+00 -2.97716861E-02
    3.326000      1   0.00000000E+00  0.00000000E+00  2.65743690E-03  0.00000000E+00  0.00000000E+00  0.00000000E+00  0.00000000E+00  0.00000000E+00  1.94363141E-02  0.00000000E+00  0.00000000E+00 -2.97447410E-02
    3.327000      1   0.00000000E+00  0.00000000E+00  2.64143523E-03  0.00000000E+00  0.00000000E+00  0.00000000E+00  0.00000000E+00  0.00000000E+00  1.94065962E-02  0.00000000E+00  0.00000000E+00 -2.97178812E-02
    3.328000      1   0.00000000E+00  0.00000000E+00  2.62295508E-03  0.00000000E+00  0.00000000E+00  0.00000000E+00  0.00000000E+00  0.00000000E+00  1.93769044E-02  0.00000000E+00  0.00000000E+00 -2.96918701E-02
    3.329000      1   0.00000000E+00  0.00000000E+00  2.62670139E-03  0.00000000E+00  0.00000000E+00  0.00000000E+00  0.00000000E+00  0.00000000E+00  1.93472300E-02  0.00000000E+00  0.00000000E+00 -2.96743823E-02
    3.330000      1   0.00000000E+00  0.00000000E+00  2.64062364E-03  0.00000000E+00  0.00000000E+00  0.00000000E+00  0.00000000E+00  0.00000000E+00  1.93175677E-02  0.00000000E+00  0.00000000E+00 -2.96623011E-02
    3.331000      1   0.00000000E+00  0.00000000E+00  2.64171898E-03  0.00000000E+00  0.00000000E+00  0.00000000E+00  0.00000000E+00  0.00000000E+00  1.92879212E-02  0.00000000E+00  0.00000000E+00 -2.96465275E-02
    3.332000      1   0.00000000E+00  0.00000000E+00  2.63449624E-03  0.00000000E+00  0.00000000E+00  0.00000000E+00  0.00000000E+00  0.00000000E+00  1.92582952E-02  0.00000000E+00  0.00000000E+00 -2.96259880E-02
    3.333000      1   0.00000000E+00  0.00000000E+00  2.65200930E-03  0.00000000E+00  0.00000000E+00  0.00000000E+00  0.00000000E+00  0.00000000E+00  1.92286888E-02  0.00000000E+00  0.00000000E+00 -2.96063661E-02
    3.334000      1   0.00000000E+00  0.00000000E+00  2.63955654E-03  0.00000000E+00  0.00000000E+00  0.00000000E+00  0.00000000E+00  0.00000000E+00  1.91991028E-02  0.00000000E+00  0.00000000E+00 -2.95860191E-02
    3.335000      1   0.00000000E+00  0.00000000E+00  2.65779458E-03  0.00000000E+00  0.00000000E+00  0.00000000E+00  0.00000000E+00  0.00000000E+00  1.91695407E-02  0.00000000E+00  0.00000000E+00 -2.95621228E-02
    3.336000      1   0.00000000E+00  0.00000000E+00  2.64657076E-03  0.00000000E+00  0.00000000E+00  0.00000000E+00  0.00000000E+00  0.00000000E+00  1.91400016E-02  0.00000000E+00  0.00000000E+00 -2.95390910E-02
    3.337000      1   0.00000000E+00  0.00000000E+00  2.64011380E-03  0.00000000E+00  0.00000000E+00  0.00000000E+00  0.00000000E+00  0.00000000E+00  1.91104895E-02  0.00000000E+00  0.00000000E+00 -2.95120543E-02
    3.338000      1   0.00000000E+00  0.00000000E+00  2.62136167E-03  0.00000000E+00  0.00000000E+00  0.00000000E+00  0.00000000E+00  0.00000000E+00  1.90809997E-02  0.00000000E+00  0.00000000E+00 -2.94898455E-02
    3.339000      1   0.00000000E+00  0.00000000E+00  2.64354815E-03  0.00000000E+00  0.00000000E+00  0.00000000E+00  0.00000000E+00  0.00000000E+00  1.90515266E-02  0.00000000E+00  0.00000000E+00 -2.94730734E-02
    3.340000      1   0.00000000E+00  0.00000000E+00  2.62756241E-03  0.00000000E+00  0.00000000E+00  0.00000000E+00  0.00000000E+00  0.00000000E+00  1.90220681E-02  0.00000000E+00  0.00000000E+00 -2.94585363E-02
    3.341000      1   0.00000000E+00  0.00000000E+00  2.64624942E-03  0.00000000E+00  0.00000000E+00  0.00000000E+00  0.00000000E+00  0.00000000E+00  1.89926285E-02  0.00000000E+00  0.00000000E+00 -2.94395398E-02
    3.342000      1   0.00000000E+00  0.00000000E+00  2.63988582E-03  0.00000000E+00  0.00000000E+00  0.00000000E+00  0.00000000E+00  0.00000000E+00  1.89632060E-02  0.00000000E+00  0.00000000E+00 -2.94224887E-02
    3.343000      1   0.00000000E+00  0.00000000E+00  2.64990073E-03  0.00000000E+00  0.00000000E+00  0.00000000E+00  0.00000000E+00  0.00000000E+00  1.89338056E-02  0.00000000E+00  0.00000000E+00 -2.94004257E-02
    3.344000      1   0.00000000E+00  0.00000000E+00  2.66282429E-03  0.00000000E+00  0.00000000E+00  0.00000000E+00  0.00000000E+00  0.00000000E+00  1.89044269E-02  0.00000000E+00  0.00000000E+00 -2.93786817E-02
    3.345000      1   0.00000000E+00  0.00000000E+00  2.65010164E-03  0.00000000E+00  0.00000000E+00  0.00000000E+00  0.00000000E+00  0.00000000E+00  1.88750756E-02  0.00000000E+00  0.00000000E+00 -2.93513632E-02
    3.346000      1   0.00000000E+00  0.00000000E+00  2.64974621E-03  0.00000000E+00  0.00000000E+00  0.00000000E+00  0.00000000E+00  0.00000000E+00  1.88457535E-02  0.00000000E+00  0.00000000E+00 -2.93220503E-02
    3.347000      1   0.00000000E+00  0.00000000E+00  2.62037649E-03  0.00000000E+00  0.00000000E+00  0.00000000E+00  0.00000000E+00  0.00000000E+00  1.88164565E-02  0.00000000E+00  0.00000000E+00 -2.92969785E-02
    3.348000      1   0.00000000E+00  0.00000000E+00  2.63826496E-03  0.00000000E+00  0.00000000E+00  0.00000000E+00  0.00000000E+00  0.00000000E+00  1.87871793E-02  0.00000000E+00  0.00000000E+00 -2.92772172E-02
    3.349000      1   0.00000000E+00  0.00000000E+00  2.63269169E-03  0.00000000E+00  0.00000000E+00  0.00000000E+00  0.00000000E+00  0.00000000E+00  1.87579154E-02  0.00000000E+00  0.00000000E+00 -2.92639380E-02
    3.350000      1   0.00000000E+00  0.00000000E+00  2.65451762E-03  0.00000000E+00  0.00000000E+00  0.00000000E+00  0.00000000E+00  0.00000000E+00  1.87286696E-02  0.00000000E+00  0.00000000E+00 -2.92457695E-02
    3.351000      1   0.00000000E+00  0.00000000E+00  2.62456973E-03  0.00000000E+00  0.00000000E+00  0.00000000E+00  0.00000000E+00  0.00000000E+00  1.86994440E-02  0.00000000E+00  0.00000000E+00 -2.92255716E-02
    3.352000      1   0.00000000E+00  0.00000000E+00  2.66530682E-03  0.00000000E+00  0.00000000E+00  0.00000000E+00  0.00000000E+00  0.00000000E+00  1.86702405E-02  0.00000000E+00  0.00000000E+00 -2.92035018E-02
    3.353000      1   0.00000000E+00  0.00000000E+00  2.64207614E-03  0.00000000E+00  0.00000000E+00  0.00000000E+00  0.00000000E+00  0.00000000E+00  1.86410565E-02  0.00000000E+00  0.00000000E+00 -2.91840634E-02
    3.354000      1   0.00000000E+00  0.00000000E+00  2.66199365E-03  0.00000000E+00  0.00000000E+00  0.00000000E+00  0.00000000E+00  0.00000000E+00  1.86119011E-02  0.00000000E+00  0.00000000E+00 -2.91553544E-02
    3.355000      1   0.00000000E+00  0.00000000E+00  2.64345507E-03  0.00000000E+00  0.00000000E+00  0.00000000E+00  0.00000000E+00  0.00000000E+00  1.85827704E-02  0.00000000E+00  0.00000000E+00 -2.91307525E-02
    3.356000      1   0.00000000E+00  0.00000000E+00  2.64349240E-03  0.00000000E+00  0.00000000E+00  0.00000000E+00  0.00000000E+00  0.00000000E+00  1.85536675E-02  0.00000000E+00  0.00000000E+00 -2.91028878E-02
    3.357000      1   0.00000000E+00  0.00000000E+00  2.62731334E-03  0.00000000E+00  0.00000000E+00  0.00000000E+00  0.00000000E+00  0.00000000E+00  1.85245864E-02  0.00000000E+00  0.00000000E+00 -2.90811048E-02
    3.358000      1   0.00000000E+00  0.00000000E+00  2.64923155E-03  0.00000000E+00  0.00000000E+00  0.00000000E+00  0.00000000E+00  0.00000000E+00  1.84955242E-02  0.00000000E+00  0.00000000E+00 -2.90621706E-02
    3.359000      1   0.00000000E+00  0.00000000E+00  2.62912410E-03  0.00000000E+00  0.00000000E+00  0.00000000E+00  0.00000000E+00  0.00000000E+00  1.84664795E-02  0.00000000E+00  0.00000000E+00 -2.90446739E-02
    3.360000      1   0.00000000E+00  0.00000000E+00  2.64713751E-03  0.00000000E+00  0.00000000E+00  0.00000000E+00  0.00000000E+00  0.00000000E+00  1.84374560E-02  0.00000000E+00  0.00000000E+00 -2.90235347E-02
    3.361000      1   0.00000000E+00  0.00000000E+00  2.64475416E-03  0.00000000E+00  0.00000000E+00  0.00000000E+00  0.00000000E+00  0.00000000E+00  1.84084502E-02  0.00000000E+00  0.00000000E+00 -2.90058136E-02
    3.362000      1   0.00000000E+00  0.00000000E+00  2.65387979E-03  0.00000000E+00  0.00000000E+00  0.00000000E+00  0.00000000E+00  0.00000000E+00  1.83794676E-02  0.00000000E+00  0.00000000E+00 -2.89825981E-02
    3.363000      1   0.00000000E+00  0.00000000E+00  2.66392429E-03  0.00000000E+00  0.00000000E+00  0.00000000E+00  0.00000000E+00  0.00000000E+00  1.83505090E-02  0.00000000E+00  0.00000000E+00 -2.89585515E-02
    3.364000      1   0.00000000E+00  0.00000000E+00  2.65573198E-03  0.00000000E+00  0.00000000E+00  0.00000000E+00  0.00000000E+00  0.00000000E+00  1.83215793E-02  0.00000000E+00  0.00000000E+00 -2.89297317E-02
    3.365000      1   0.00000000E+00  0.00000000E+00  2.65233688E-03  0.00000000E+00  0.00000000E+00  0.00000000E+00  0.00000000E+00  0.00000000E+00  1.82926802E-02  0.00000000E+00  0.00000000E+00 -2.88990619E-02
    3.366000      1   0.00000000E+00  0.00000000E+00  2.62572794E-03  0.00000000E+00  0.00000000E+00  0.00000000E+00  0.00000000E+00  0.00000000E+00  1.82638085E-02  0.00000000E+00  0.00000000E+00 -2.88716829E-02
    3.367000      1   0.00000000E+00  0.00000000E+00  2.64026729E-03  0.00000000E+00  0.00000000E+00  0.00000000E+00  0.00000000E+00  0.00000000E+00  1.82349584E-02  0.00000000E+00  0.00000000E+00 -2.88501245E-02
    3.368000      1   0.00000000E+00  0.00000000E+00  2.63915894E-03  0.00000000E+00  0.00000000E+00  0.00000000E+00  0.00000000E+00  0.00000000E+00  1.82061237E-02  0.00000000E+00  0.00000000E+00 -2.88347336E-02
    3.369000      1   0.00000000E+00  0.00000000E+00  2.65295652E-03  0.00000000E+00  0.00000000E+00  0.00000000E+00  0.00000000E+00  0.00000000E+00  1.81773089E-02  0.00000000E+00  0.00000000E+00 -2.88147639E-02
    3.370000      1   0.00000000E+00  0.00000000E+00  2.63451141E-03  0.00000000E+00  0.00000000E+00  0.00000000E+00  0.00000000E+00  0.00000000E+00  1.81485162E-02  0.00000000E+00  0.00000000E+00 -2.87927182E-02
    3.371000      1   0.00000000E+00  0.00000000E+00  2.66163644E-03  0.00000000E+00  0.00000000E+00  0.00000000E+00  0.00000000E+00  0.00000000E+00  1.81197468E-02  0.00000000E+00  0.00000000E+00 -2.87694029E-02
    3.372000      1   0.00000000E+00  0.00000000E+00  2.64445158E-03  0.00000000E+00  0.00000000E+00  0.00000000E+00  0.00000000E+00  0.00000000E+00  1.80909995E-02  0.00000000E+00  0.00000000E+00 -2.87473486E-02
    3.373000      1   0.00000000E+00  0.00000000E+00  2.66577094E-03  0.00000000E+00  0.00000000E+00  0.00000000E+00  0.00000000E+00  0.00000000E+00  1.80622800E-02  0.00000000E+00  0.00000000E+00 -2.87194249E-02
    3.374000      1   0.00000000E+00  0.00000000E+00  2.65733783E-03  0.00000000E+00  0.00000000E+00  0.00000000E+00  0.00000000E+00  0.00000000E+00  1.80335867E-02  0.00000000E+00  0.00000000E+00 -2.86933749E-02
    3.375000      1   0.00000000E+00  0.00000000E+00  2.64754279E-03  0.00000000E+00  0.00000000E+00  0.00000000E+00  0.00000000E+00  0.00000000E+00  1.80049248E-02  0.00000000E+00  0.00000000E+00 -2.86618147E-02
    3.376000      1   0.00000000E+00  0.00000000E+00  2.62085660E-03  0.00000000E+00  0.00000000E+00  0.00000000E+00  0.00000000E+00  0.00000000E+00  1.79762901E-02  0.00000000E+00  0.00000000E+00 -2.86347561E-02
    3.377000      1   0.00000000E+00  0.00000000E+00  2.65681968E-03  0.00000000E+00  0.00000000E+00  0.00000000E+00  0.00000000E+00  0.00000000E+00  1.79476745E-02  0.00000000E+00  0.00000000E+00 -2.86156335E-02
    3.378000      1   0.00000000E+00  0.00000000E+00  2.63890047E-03  0.00000000E+00  0.00000000E+00  0.00000000E+00  0.00000000E+00  0.00000000E+00  1.79190755E-02  0.00000000E+00  0.00000000E+00 -2.85989154E-02
    3.379000      1   0.00000000E+00  0.00000000E+00  2.64566327E-03  0.00000000E+00  0.00000000E+00  0.00000000E+00  0.00000000E+00  0.00000000E+00  1.78905020E-02  0.00000000E+00  0.00000000E+00 -2.85735553E-02
    3.380000      1   0.00000000E+00  0.00000000E+00  2.63628983E-03  0.00000000E+00  0.00000000E+00  0.00000000E+00  0.00000000E+00  0.00000000E+00  1.78619491E-02  0.00000000E+00  0.00000000E+00 -2.85528842E-02
    3.381000      1   0.00000000E+00  0.00000000E+00  2.66618975E-03  0.00000000E+00  0.00000000E+00  0.00000000E+00  0.00000000E+00  0.00000000E+00  1.78334174E-02  0.00000000E+00  0.00000000E+00 -2.85316497E-02
    3.382000      1   0.00000000E+00  0.00000000E+00  2.66304657E-03  0.00000000E+00  0.00000000E+00  0.00000000E+00  0.00000000E+00  0.00000000E+00  1.78049092E-02  0.00000000E+00  0.00000000E+00 -2.85082061E-02
    3.383000      1   0.00000000E+00  0.00000000E+00  2.65170518E-03  0.00000000E+00  0.00000000E+00  0.00000000E+00  0.00000000E+00  0.00000000E+00  1.77764337E-02  0.00000000E+00  0.00000000E+00 -2.84754987E-02
    3.384000      1   0.00000000E+00  0.00000000E+00  2.66589562E-03  0.00000000E+00  0.00000000E+00  0.00000000E+00  0.00000000E+00  0.00000000E+00  1.77479879E-02  0.00000000E+00  0.00000000E+00 -2.84458293E-02
    3.385000      1   0.00000000E+00  0.00000000E+00  2.63261928E-03  0.00000000E+00  0.00000000E+00  0.00000000E+00  0.00000000E+00  0.00000000E+00  1.77195705E-02  0.00000000E+00  0.00000000E+00 -2.84173750E-02
    3.386000      1   0.00000000E+00  0.00000000E+00  2.64754918E-03  0.00000000E+00  0.00000000E+00  0.00000000E+00  0.00000000E+00  0.00000000E+00  1.76911804E-02  0.00000000E+00  0.00000000E+00 -2.83901450E-02
    3.387000      1   0.00000000E+00  0.00000000E+00  2.63262835E-03  0.00000000E+00  0.00000000E+00  0.00000000E+00  0.00000000E+00  0.00000000E+00  1.76628092E-02  0.00000000E+00  0.00000000E+00 -2.83712032E-02
    3.388000      1   0.00000000E+00  0.00000000E+00  2.65063433E-03  0.00000000E+00  0.00000000E+00  0.00000000E+00  0.00000000E+00  0.00000000E+00  1.76344592E-02  0.00000000E+00  0.00000000E+00 -2.83499969E-02
    3.389000      1   0.00000000E+00  0.00000000E+00  2.65038091E-03  0.00000000E+00  0.00000000E+00  0.00000000E+00  0.00000000E+00  0.00000000E+00  1.76061287E-02  0.00000000E+00  0.00000000E+00 -2.83305065E-02
    3.390000      1   0.00000000E+00  0.00000000E+00  2.64921550E-03  0.00000000E+00  0.00000000E+00  0.00000000E+00  0.00000000E+00  0.00000000E+00  1.75778235E-02  0.00000000E+00  0.00000000E+00 -2.83051476E-02
    3.391000      1   0.00000000E+00  0.00000000E+00  2.65637923E-03  0.00000000E+00  0.00000000E+00  0.00000000E+00  0.00000000E+00  0.00000000E+00  1.75495435E-02  0.00000000E+00  0.00000000E+00 -2.82800780E-02
    3.392000      1   0.00000000E+00  0.00000000E+00  2.66491974E-03  0.00000000E+00  0.00000000E+00  0.00000000E+00  0.00000000E+00  0.00000000E+00  1.75212893E-02  0.00000000E+00  0.00000000E+00 -2.82541243E-02
    3.393000      1   0.00000000E+00  0.00000000E+00  2.66398999E-03  0.00000000E+00  0.00000000E+00  0.00000000E+00  0.00000000E+00  0.00000000E+00  1.74930650E-02  0.00000000E+00  0.00000000E+00 -2.82243076E-02
    3.394000      1   0.00000000E+00  0.00000000E+00  2.65519122E-03  0.00000000E+00  0.00000000E+00  0.00000000E+00  0.00000000E+00  0.00000000E+00  1.74648732E-02  0.00000000E+00  0.00000000E+00 -2.81918505E-02
    3.395000      1   0.00000000E+00  0.00000000E+00  2.62743897E-03  0.00000000E+00  0.00000000E+00  0.00000000E+00  0.00000000E+00  0.00000000E+00  1.74367119E-02  0.00000000E+00  0.00000000E+00 -2.81612547E-02
    3.396000      1   0.00000000E+00  0.00000000E+00  2.65150943E-03  0.00000000E+00  0.00000000E+00  0.00000000E+00  0.00000000E+00  0.00000000E+00  1.74085735E-02  0.00000000E+00  0.00000000E+00 -2.81384563E-02
    3.397000      1   0.00000000E+00  0.00000000E+00  2.65523866E-03  0.00000000E+00  0.00000000E+00  0.00000000E+00  0.00000000E+00  0.00000000E+00  1.73804530E-02  0.00000000E+00  0.00000000E+00 -2.81205155E-02
    3.398000      1   0.00000000E+00  0.00000000E+00  2.63534686E-03  0.00000000E+00  0.00000000E+00  0.00000000E+00  0.00000000E+00  0.00000000E+00  1.73523589E-02  0.00000000E+00  0.00000000E+00 -2.80940101E-02
    3.399000      1   0.00000000E+00  0.00000000E+00  2.65016543E-03  0.00000000E+00  0.00000000E+00  0.00000000E+00  0.00000000E+00  0.00000000E+00  1.73242891E-02  0.00000000E+00  0.00000000E+00 -2.80697976E-02
    3.400000      1   0.00000000E+00  0.00000000E+00  2.65525904E-03  0.00000000E+00  0.00000000E+00  0.00000000E+00  0.00000000E+00  0.00000000E+00  1.72962396E-02  0.00000000E+00  0.00000000E+00 -2.80494975E-02
    3.401000      1   0.00000000E+00  0.00000000E+00  2.66100432E-03  0.00000000E+00  0.00000000E+00  0.00000000E+00  0.00000000E+00  0.00000000E+00  1.72682162E-02  0.00000000E+00  0.00000000E+00 -2.80234299E-02
    3.402000      1   0.00000000E+00  0.00000000E+00  2.67083572E-03  0.00000000E+00  0.00000000E+00  0.00000000E+00  0.00000000E+00  0.00000000E+00  1.72402215E-02  0.00000000E+00  0.00000000E+00 -2.79946735E-02
    3.403000      1   0.00000000E+00  0.00000000E+00  2.66005031E-03  0.00000000E+00  0.00000000E+00  0.00000000E+00  0.00000000E+00  0.00000000E+00  1.72122593E-02  0.00000000E+00  0.00000000E+00 -2.79622917E-02
    3.404000      1   0.00000000E+00  0.00000000E+00  2.66376999E-03  0.00000000E+00  0.00000000E+00  0.00000000E+00  0.00000000E+00  0.00000000E+00  1.71843307E-02  0.00000000E+00  0.00000000E+00 -2.79285884E-02
    3.405000      1   0.00000000E+00  0.00000000E+00  2.63144794E-03  0.00000000E+00  0.00000000E+00  0.00000000E+00  0.00000000E+00  0.00000000E+00  1.71564329E-02  0.00000000E+00  0.00000000E+00 -2.78977694E-02
    3.406000      1   0.00000000E+00  0.00000000E+00  2.64959191E-03  0.00000000E+00  0.00000000E+00  0.00000000E+00  0.00000000E+00  0.00000000E+00  1.71285614E-02  0.00000000E+00  0.00000000E+00 -2.78714446E-02
    3.407000      1   0.00000000E+00  0.00000000E+00  2.64379710E-03  0.00000000E+00  0.00000000E+00  0.00000000E+00  0.00000000E+00  0.00000000E+00  1.71007089E-02  0.00000000E+00  0.00000000E+00 -2.78525263E-02
    3.408000      1   0.00000000E+00  0.00000000E+00  2.65594253E-03  0.00000000E+00  0.00000000E+00  0.00000000E+00  0.00000000E+00  0.00000000E+00  1.70728802E-02  0.00000000E+00  0.00000000E+00 -2.78286740E-02
    3.409000      1   0.00000000E+00  0.00000000E+00  2.65333318E-03  0.00000000E+00  0.00000000E+00  0.00000000E+00  0.00000000E+00  0.00000000E+00  1.70450757E-02  0.00000000E+00  0.00000000E+00 -2.78045770E-02
    3.410000      1   0.00000000E+00  0.00000000E+00  2.65313344E-03  0.00000000E+00  0.00000000E+00  0.00000000E+00  0.00000000E+00  0.00000000E+00  1.70172987E-02  0.00000000E+00  0.00000000E+00 -2.77769527E-02
    3.411000      1   0.00000000E+00  0.00000000E+00  2.65932295E-03  0.00000000E+00  0.00000000E+00  0.00000000E+00  0.00000000E+00  0.00000000E+00  1.69895485E-02  0.00000000E+00  0.00000000E+00 -2.77502206E-02
    3.412000      1   0.00000000E+00  0.00000000E+00  2.67579291E-03  0.00000000E+00  0.00000000E+00  0.00000000E+00  0.00000000E+00  0.00000000E+00  1.69618260E-02  0.00000000E+00  0.00000000E+00 -2.77224597E-02
    3.413000      1   0.00000000E+00  0.00000000E+00  2.65963742E-03  0.00000000E+00  0.00000000E+00  0.00000000E+00  0.00000000E+00  0.00000000E+00  1.69341363E-02  0.00000000E+00  0.00000000E+00 -2.76897534E-02
    3.414000      1   0.00000000E+00  0.00000000E+00  2.65909672E-03  0.00000000E+00  0.00000000E+00  0.00000000E+00  0.00000000E+00  0.00000000E+00  1.69064818E-02  0.00000000E+00  0.00000000E+00 -2.76544951E-02
    3.415000      1   0.00000000E+00  0.00000000E+00  2.63206016E-03  0.00000000E+00  0.00000000E+00  0.00000000E+00  0.00000000E+00  0.00000000E+00  1.68788572E-02  0.00000000E+00  0.00000000E+00 -2.76246381E-02
    3.416000      1   0.00000000E+00  0.00000000E+00  2.65958180E-03  0.00000000E+00  0.00000000E+00  0.00000000E+00  0.00000000E+00  0.00000000E+00  1.68512574E-02  0.00000000E+00  0.00000000E+00 -2.75997399E-02
    3.417000      1   0.00000000E+00  0.00000000E+00  2.65096266E-03  0.00000000E+00  0.00000000E+00  0.00000000E+00  0.00000000E+00  0.00000000E+00  1.68236786E-02  0.00000000E+00  0.00000000E+00 -2.75788539E-02
    3.418000      1   0.00000000E+00  0.00000000E+00  2.64920173E-03  0.00000000E+00  0.00000000E+00  0.00000000E+00  0.00000000E+00  0.00000000E+00  1.67961281E-02  0.00000000E+00  0.00000000E+00 -2.75504536E-02
    3.419000      1   0.00000000E+00  0.00000000E+00  2.64948221E-03  0.00000000E+00  0.00000000E+00  0.00000000E+00  0.00000000E+00  0.00000000E+00  1.67686029E-02  0.00000000E+00  0.00000000E+00 -2.75251953E-02
    3.420000      1   0.00000000E+00  0.00000000E+00  2.66017326E-03  0.00000000E+00  0.00000000E+00  0.00000000E+00  0.00000000E+00  0.00000000E+00  1.67411024E-02  0.00000000E+00  0.00000000E+00 -2.75004658E-02
    3.421000      1   0.00000000E+00  0.00000000E+00  2.66416679E-03  0.00000000E+00  0.00000000E+00  0.00000000E+00  0.00000000E+00  0.00000000E+00  1.67136287E-02  0.00000000E+00  0.00000000E+00 -2.74737536E-02
    3.422000      1   0.00000000E+00  0.00000000E+00  2.67237261E-03  0.00000000E+00  0.00000000E+00  0.00000000E+00  0.00000000E+00  0.00000000E+00  1.66861859E-02  0.00000000E+00  0.00000000E+00 -2.74428240E-02
    3.423000      1   0.00000000E+00  0.00000000E+00  2.66930583E-03  0.00000000E+00  0.00000000E+00  0.00000000E+00  0.00000000E+00  0.00000000E+00  1.66587767E-02  0.00000000E+00  0.00000000E+00 -2.74091319E-02
    3.424000      1   0.00000000E+00  0.00000000E+00  2.66358552E-03  0.00000000E+00  0.00000000E+00  0.00000000E+00  0.00000000E+00  0.00000000E+00  1.66314034E-02  0.00000000E+00  0.00000000E+00 -2.73732871E-02
    3.425000      1   0.00000000E+00  0.00000000E+00  2.63725670E-03  0.00000000E+00  0.00000000E+00  0.00000000E+00  0.00000000E+00  0.00000000E+00  1.66040640E-02  0.00000000E+00  0.00000000E+00 -2.73394611E-02
    3.426000      1   0.00000000E+00  0.00000000E+00  2.65716899E-03  0.00000000E+00  0.00000000E+00  0.00000000E+00  0.00000000E+00  0.00000000E+00  1.65767518E-02  0.00000000E+00  0.00000000E+00 -2.73121696E-02
    3.427000      1   0.00000000E+00  0.00000000E+00  2.64748557E-03  0.00000000E+00  0.00000000E+00  0.00000000E+00  0.00000000E+00  0.00000000E+00  1.65494618E-02  0.00000000E+00  0.00000000E+00 -2.72900037E-02
    3.428000      1   0.00000000E+00  0.00000000E+00  2.65325781E-03  0.00000000E+00  0.00000000E+00  0.00000000E+00  0.00000000E+00  0.00000000E+00  1.65221988E-02  0.00000000E+00  0.00000000E+00 -2.72630107E-02
    3.429000      1   0.00000000E+00  0.00000000E+00  2.65842185E-03  0.00000000E+00  0.00000000E+00  0.00000000E+00  0.00000000E+00  0.00000000E+00  1.64949606E-02  0.00000000E+00  0.00000000E+00 -2.72381771E-02
    3.430000      1   0.00000000E+00  0.00000000E+00  2.65742161E-03  0.00000000E+00  0.00000000E+00  0.00000000E+00  0.00000000E+00  0.00000000E+00  1.64677501E-02  0.00000000E+00  0.00000000E+00 -2.72105347E-02
    3.431000      1   0.00000000E+00  0.00000000E+00  2.66434968E-03  0.00000000E+00  0.00000000E+00  0.00000000E+00  0.00000000E+00  0.00000000E+00  1.64405687E-02  0.00000000E+00  0.00000000E+00 -2.71813731E-02
    3.432000      1   0.00000000E+00  0.00000000E+00  2.67451522E-03  0.00000000E+00  0.00000000E+00  0.00000000E+00  0.00000000E+00  0.00000000E+00  1.64134174E-02  0.00000000E+00  0.00000000E+00 -2.71513149E-02
    3.433000      1   0.00000000E+00  0.00000000E+00  2.66593040E-03  0.00000000E+00  0.00000000E+00  0.00000000E+00  0.00000000E+00  0.00000000E+00  1.63863002E-02  0.00000000E+00  0.00000000E+00 -2.71171838E-02
    3.434000      1   0.00000000E+00  0.00000000E+00  2.66760782E-03  0.00000000E+00  0.00000000E+00  0.00000000E+00  0.00000000E+00  0.00000000E+00  1.63592190E-02  0.00000000E+00  0.00000000E+00 -2.70812322E-02
    3.435000      1   0.00000000E+00  0.00000000E+00  2.64884194E-03  0.00000000E+00  0.00000000E+00  0.00000000E+00  0.00000000E+00  0.00000000E+00  1.63321712E-02  0.00000000E+00  0.00000000E+00 -2.70478035E-02
    3.436000      1   0.00000000E+00  0.00000000E+00  2.65106830E-03  0.00000000E+00  0.00000000E+00  0.00000000E+00  0.00000000E+00  0.00000000E+00  1.63051540E-02  0.00000000E+00  0.00000000E+00 -2.70171423E-02
    3.437000      1   0.00000000E+00  0.00000000E+00  2.66029129E-03  0.00000000E+00  0.00000000E+00  0.00000000E+00  0.00000000E+00  0.00000000E+00  1.62781618E-02  0.00000000E+00  0.00000000E+00 -2.69922505E-02
    3.438000      1   0.00000000E+00  0.00000000E+00  2.65299680E-03  0.00000000E+00  0.00000000E+00  0.00000000E+00  0.00000000E+00  0.00000000E+00  1.62511968E-02  0.00000000E+00  0.00000000E+00 -2.69649965E-02
    3.439000      1   0.00000000E+00  0.00000000E+00  2.65146429E-03  0.00000000E+00  0.00000000E+00  0.00000000E+00  0.00000000E+00  0.00000000E+00  1.62242608E-02  0.00000000E+00  0.00000000E+00 -2.69360035E-02
    3.440000      1   0.00000000E+00  0.00000000E+00  2.65747616E-03  0.00000000E+00  0.00000000E+00  0.00000000E+00  0.00000000E+00  0.00000000E+00  1.61973511E-02  0.00000000E+00  0.00000000E+00 -2.69096771E-02
    3.441000      1   0.00000000E+00  0.00000000E+00  2.67695271E-03  0.00000000E+00  0.00000000E+00  0.00000000E+00  0.00000000E+00  0.00000000E+00  1.61704683E-02  0.00000000E+00  0.00000000E+00 -2.68827909E-02
    3.442000      1   0.00000000E+00  0.00000000E+00  2.66782360E-03  0.00000000E+00  0.00000000E+00  0.00000000E+00  0.00000000E+00  0.00000000E+00  1.61436178E-02  0.00000000E+00  0.00000000E+00 -2.68504860E-02
    3.443000      1   0.00000000E+00  0.00000000E+00  2.67356408E-03  0.00000000E+00  0.00000000E+00  0.00000000E+00  0.00000000E+00  0.00000000E+00  1.61168044E-02  0.00000000E+00  0.00000000E+00 -2.68133992E-02
    3.444000      1   0.00000000E+00  0.00000000E+00  2.66981778E-03  0.00000000E+00  0.00000000E+00  0.00000000E+00  0.00000000E+00  0.00000000E+00  1.60900261E-02  0.00000000E+00  0.00000000E+00 -2.67782954E-02
    3.445000      1   0.00000000E+00  0.00000000E+00  2.67095561E-03  0.00000000E+00  0.00000000E+00  0.00000000E+00  0.00000000E+00  0.00000000E+00  1.60632842E-02  0.00000000E+00  0.00000000E+00 -2.67419688E-02
    3.446000      1   0.00000000E+00  0.00000000E+00  2.63537336E-03  0.00000000E+00  0.00000000E+00  0.00000000E+00  0.00000000E+00  0.00000000E+00  1.60365775E-02  0.00000000E+00  0.00000000E+00 -2.67066713E-02
    3.447000      1   0.00000000E+00  0.00000000E+00  2.66086730E-03  0.00000000E+00  0.00000000E+00  0.00000000E+00  0.00000000E+00  0.00000000E+00  1.60099002E-02  0.00000000E+00  0.00000000E+00 -2.66772925E-02
    3.448000      1   0.00000000E+00  0.00000000E+00  2.65131398E-03  0.00000000E+00  0.00000000E+00  0.00000000E+00  0.00000000E+00  0.00000000E+00  1.59832451E-02  0.00000000E+00  0.00000000E+00 -2.66550911E-02
    3.449000      1   0.00000000E+00  0.00000000E+00  2.67221059E-03  0.00000000E+00  0.00000000E+00  0.00000000E+00  0.00000000E+00  0.00000000E+00  1.59566189E-02  0.00000000E+00  0.00000000E+00 -2.66262065E-02
    3.450000      1   0.00000000E+00  0.00000000E+00  2.64715982E-03  0.00000000E+00  0.00000000E+00  0.00000000E+00  0.00000000E+00  0.00000000E+00  1.59300221E-02  0.00000000E+00  0.00000000E+00 -2.65967640E-02
    3.451000      1   0.00000000E+00  0.00000000E+00  2.67304146E-03  0.00000000E+00  0.00000000E+00  0.00000000E+00  0.00000000E+00  0.00000000E+00  1.59034573E-02  0.00000000E+00  0.00000000E+00 -2.65648887E-02
    3.452000      1   0.00000000E+00  0.00000000E+00  2.66461487E-03  0.00000000E+00  0.00000000E+00  0.00000000E+00  0.00000000E+00  0.00000000E+00  1.58769206E-02  0.00000000E+00  0.00000000E+00 -2.65366636E-02
    3.453000      1   0.00000000E+00  0.00000000E+00  2.68117560E-03  0.00000000E+00  0.00000000E+00  0.00000000E+00  0.00000000E+00  0.00000000E+00  1.58504192E-02  0.00000000E+00  0.00000000E+00 -2.65014287E-02
    3.454000      1   0.00000000E+00  0.00000000E+00  2.67177438E-03  0.00000000E+00  0.00000000E+00  0.00000000E+00  0.00000000E+00  0.00000000E+00  1.58239531E-02  0.00000000E+00  0.00000000E+00 -2.64660327E-02
    3.455000      1   0.00000000E+00  0.00000000E+00  2.66828159E-03  0.00000000E+00  0.00000000E+00  0.00000000E+00  0.00000000E+00  0.00000000E+00  1.57975263E-02  0.00000000E+00  0.00000000E+00 -2.64268603E-02
    3.456000      1   0.00000000E+00  0.00000000E+00  2.64212864E-03  0.00000000E+00  0.00000000E+00  0.00000000E+00  0.00000000E+00  0.00000000E+00  1.57711349E-02  0.00000000E+00  0.00000000E+00 -2.63913931E-02
    3.457000      1   0.00000000E+00  0.00000000E+00  2.66822340E-03  0.00000000E+00  0.00000000E+00  0.00000000E+00  0.00000000E+00  0.00000000E+00  1.57447732E-02  0.00000000E+00  0.00000000E+00 -2.63616979E-02
    3.458000      1   0.00000000E+00  0.00000000E+00  2.65844101E-03  0.00000000E+00  0.00000000E+00  0.00000000E+00  0.00000000E+00  0.00000000E+00  1.57184372E-02  0.00000000E+00  0.00000000E+00 -2.63359771E-02
    3.459000      1   0.00000000E+00  0.00000000E+00  2.65620538E-03  0.00000000E+00  0.00000000E+00  0.00000000E+00  0.00000000E+00  0.00000000E+00  1.56921338E-02  0.00000000E+00  0.00000000E+00 -2.63034163E-02
    3.460000      1   0.00000000E+00  0.00000000E+00  2.65858997E-03  0.00000000E+00  0.00000000E+00  0.00000000E+00  0.00000000E+00  0.00000000E+00  1.56658593E-02  0.00000000E+00  0.00000000E+00 -2.62744636E-02
    3.461000      1   0.00000000E+00  0.00000000E+00  2.66502154E-03  0.00000000E+00  0.00000000E+00  0.00000000E+00  0.00000000E+00  0.00000000E+00  1.56396135E-02  0.00000000E+00  0.00000000E+00 -2.62458234E-02
    3.462000      1   0.00000000E+00  0.00000000E+00  2.67910832E-03  0.00000000E+00  0.00000000E+00  0.00000000E+00  0.00000000E+00  0.00000000E+00  1.56133982E-02  0.00000000E+00  0.00000000E+00 -2.62152626E-02
    3.463000      1   0.00000000E+00  0.00000000E+00  2.67047582E-03  0.00000000E+00  0.00000000E+00  0.00000000E+00  0.00000000E+00  0.00000000E+00  1.55872181E-02  0.00000000E+00  0.00000000E+00 -2.61800986E-02
    3.464000      1   0.00000000E+00  0.00000000E+00  2.68186722E-03  0.00000000E+00  0.00000000E+00  0.00000000E+00  0.00000000E+00  0.00000000E+00  1.55610763E-02  0.00000000E+00  0.00000000E+00 -2.61418348E-02
    3.465000      1   0.00000000E+00  0.00000000E+00  2.67451707E-03  0.00000000E+00  0.00000000E+00  0.00000000E+00  0.00000000E+00  0.00000000E+00  1.55349719E-02  0.00000000E+00  0.00000000E+00 -2.61043916E-02
    3.466000      1   0.00000000E+00  0.00000000E+00  2.67314459E-03  0.00000000E+00  0.00000000E+00  0.00000000E+00  0.00000000E+00  0.00000000E+00  1.55089074E-02  0.00000000E+00  0.00000000E+00 -2.60645072E-02
    3.467000      1   0.00000000E+00  0.00000000E+00  2.64283703E-03  0.00000000E+00  0.00000000E+00  0.00000000E+00  0.00000000E+00  0.00000000E+00  1.54828801E-02  0.00000000E+00  0.00000000E+00 -2.60272793E-02
    3.468000      1   0.00000000E+00  0.00000000E+00  2.66623388E-03  0.00000000E+00  0.00000000E+00  0.00000000E+00  0.00000000E+00  0.00000000E+00  1.54568843E-02  0.00000000E+00  0.00000000E+00 -2.59958617E-02
    3.469000      1   0.00000000E+00  0.00000000E+00  2.65650969E-03  0.00000000E+00  0.00000000E+00  0.00000000E+00  0.00000000E+00  0.00000000E+00  1.54309140E-02  0.00000000E+00  0.00000000E+00 -2.59702601E-02
    3.470000      1   0.00000000E+00  0.00000000E+00  2.66657758E-03  0.00000000E+00  0.00000000E+00  0.00000000E+00  0.00000000E+00  0.00000000E+00  1.54049753E-02  0.00000000E+00  0.00000000E+00 -2.59386942E-02
    3.471000      1   0.00000000E+00  0.00000000E+00  2.66249532E-03  0.00000000E+00  0.00000000E+00  0.00000000E+00  0.00000000E+00  0.00000000E+00  1.53790668E-02  0.00000000E+00  0.00000000E+00 -2.59085415E-02
    3.472000      1   0.00000000E+00  0.00000000E+00  2.67218394E-03  0.00000000E+00  0.00000000E+00  0.00000000E+00  0.00000000E+00  0.00000000E+00  1.53531910E-02  0.00000000E+00  0.00000000E+00 -2.58758043E-02
    3.473000      1   0.00000000E+00  0.00000000E+00  2.67409865E-03  0.00000000E+00  0.00000000E+00  0.00000000E+00  0.00000000E+00  0.00000000E+00  1.53273483E-02  0.00000000E+00  0.00000000E+00 -2.58426944E-02
    3.474000      1   0.00000000E+00  0.00000000E+00  2.67888408E-03  0.00000000E+00  0.00000000E+00  0.00000000E+00  0.00000000E+00  0.00000000E+00  1.53015422E-02  0.00000000E+00  0.00000000E+00 -2.58060640E-02
    3.475000      1   0.00000000E+00  0.00000000E+00  2.67545672E-03  0.00000000E+00  0.00000000E+00  0.00000000E+00  0.00000000E+00  0.00000000E+00  1.52757742E-02  0.00000000E+00  0.00000000E+00 -2.57679586E-02
    3.476000      1   0.00000000E+00  0.00000000E+00  2.67324626E-03  0.00000000E+00  0.00000000E+00  0.00000000E+00  0.00000000E+00  0.00000000E+00  1.52500454E-02  0.00000000E+00  0.00000000E+00 -2.57288877E-02
    3.477000      1   0.00000000E+00  0.00000000E+00  2.66638761E-03  0.00000000E+00  0.00000000E+00  0.00000000E+00  0.00000000E+00  0.00000000E+00  1.52243540E-02  0.00000000E+00  0.00000000E+00 -2.56913332E-02
    3.478000      1   0.00000000E+00  0.00000000E+00  2.65213700E-03  0.00000000E+00  0.00000000E+00  0.00000000E+00  0.00000000E+00  0.00000000E+00  1.51986983E-02  0.00000000E+00  0.00000000E+00 -2.56557176E-02
    3.479000      1   0.00000000E+00  0.00000000E+00  2.67826496E-03  0.00000000E+00  0.00000000E+00  0.00000000E+00  0.00000000E+00  0.00000000E+00  1.51730734E-02  0.00000000E+00  0.00000000E+00 -2.56248745E-02
    3.480000      1   0.00000000E+00  0.00000000E+00  2.65515778E-03  0.00000000E+00  0.00000000E+00  0.00000000E+00  0.00000000E+00  0.00000000E+00  1.51474793E-02  0.00000000E+00  0.00000000E+00 -2.55940910E-02
    3.481000      1   0.00000000E+00  0.00000000E+00  2.66405510E-03  0.00000000E+00  0.00000000E+00  0.00000000E+00  0.00000000E+00  0.00000000E+00  1.51219205E-02  0.00000000E+00  0.00000000E+00 -2.55588131E-02
    3.482000      1   0.00000000E+00  0.00000000E+00  2.66780915E-03  0.00000000E+00  0.00000000E+00  0.00000000E+00  0.00000000E+00  0.00000000E+00  1.50963910E-02  0.00000000E+00  0.00000000E+00 -2.55295504E-02
    3.483000      1   0.00000000E+00  0.00000000E+00  2.67371079E-03  0.00000000E+00  0.00000000E+00  0.00000000E+00  0.00000000E+00  0.00000000E+00  1.50708943E-02  0.00000000E+00  0.00000000E+00 -2.54967019E-02
    3.484000      1   0.00000000E+00  0.00000000E+00  2.68104364E-03  0.00000000E+00  0.00000000E+00  0.00000000E+00  0.00000000E+00  0.00000000E+00  1.50454327E-02  0.00000000E+00  0.00000000E+00 -2.54615769E-02
    3.485000      1   0.00000000E+00  0.00000000E+00  2.68087656E-03  0.00000000E+00  0.00000000E+00  0.00000000E+00  0.00000000E+00  0.00000000E+00  1.50200095E-02  0.00000000E+00  0.00000000E+00 -2.54232169E-02
    3.486000      1   0.00000000E+00  0.00000000E+00  2.68255889E-03  0.00000000E+00  0.00000000E+00  0.00000000E+00  0.00000000E+00  0.00000000E+00  1.49946270E-02  0.00000000E+00  0.00000000E+00 -2.53824783E-02
    3.487000      1   0.00000000E+00  0.00000000E+00  2.67719905E-03  0.00000000E+00  0.00000000E+00  0.00000000E+00  0.00000000E+00  0.00000000E+00  1.49692855E-02  0.00000000E+00  0.00000000E+00 -2.53414971E-02
    3.488000      1   0.00000000E+00  0.00000000E+00  2.66026181E-03  0.00000000E+00  0.00000000E+00  0.00000000E+00  0.00000000E+00  0.00000000E+00  1.49439846E-02  0.00000000E+00  0.00000000E+00 -2.53009111E-02
    3.489000      1   0.00000000E+00  0.00000000E+00  2.66636052E-03  0.00000000E+00  0.00000000E+00  0.00000000E+00  0.00000000E+00  0.00000000E+00  1.49187195E-02  0.00000000E+00  0.00000000E+00 -2.52650806E-02
    3.490000      1   0.00000000E+00  0.00000000E+00  2.66219377E-03  0.00000000E+00  0.00000000E+00  0.00000000E+00  0.00000000E+00  0.00000000E+00  1.48934858E-02  0.00000000E+00  0.00000000E+00 -2.52337341E-02
    3.491000      1   0.00000000E+00  0.00000000E+00  2.66618406E-03  0.00000000E+00  0.00000000E+00  0.00000000E+00  0.00000000E+00  0.00000000E+00  1.48682847E-02  0.00000000E+00  0.00000000E+00 -2.52011214E-02
    3.492000      1   0.00000000E+00  0.00000000E+00  2.67032999E-03  0.00000000E+00  0.00000000E+00  0.00000000E+00  0.00000000E+00  0.00000000E+00  1.48431155E-02  0.00000000E+00  0.00000000E+00 -2.51691716E-02
    3.493000      1   0.00000000E+00  0.00000000E+00  2.66715456E-03  0.00000000E+00  0.00000000E+00  0.00000000E+00  0.00000000E+00  0.00000000E+00  1.48179803E-02  0.00000000E+00  0.00000000E+00 -2.51351781E-02
    3.494000      1   0.00000000E+00  0.00000000E+00  2.67857671E-03  0.00000000E+00  0.00000000E+00  0.00000000E+00  0.00000000E+00  0.00000000E+00  1.47928799E-02  0.00000000E+00  0.00000000E+00 -2.51003846E-02
    3.495000      1   0.00000000E+00  0.00000000E+00  2.68056245E-03  0.00000000E+00  0.00000000E+00  0.00000000E+00  0.00000000E+00  0.00000000E+00  1.47678153E-02  0.00000000E+00  0.00000000E+00 -2.50646141E-02
    3.496000      1   0.00000000E+00  0.00000000E+00  2.68076363E-03  0.00000000E+00  0.00000000E+00  0.00000000E+00  0.00000000E+00  0.00000000E+00  1.47427906E-02  0.00000000E+00  0.00000000E+00 -2.50247412E-02
    3.497000      1   0.00000000E+00  0.00000000E+00  2.68598212E-03  0.00000000E+00  0.00000000E+00  0.00000000E+00  0.00000000E+00  0.00000000E+00  1.47178064E-02  0.00000000E+00  0.00000000E+00 -2.49841806E-02
    3.498000      1   0.00000000E+00  0.00000000E+00  2.67482539E-03  0.00000000E+00  0.00000000E+00  0.00000000E+00  0.00000000E+00  0.00000000E+00  1.46928638E-02  0.00000000E+00  0.00000000E+00 -2.49426310E-02
    3.499000      1   0.00000000E+00  0.00000000E+00  2.66928940E-03  0.00000000E+00  0.00000000E+00  0.00000000E+00  0.00000000E+00  0.00000000E+00  1.46679624E-02  0.00000000E+00  0.00000000E+00 -2.49013406E-02
    3.500000      1   0.00000000E+00  0.00000000E+00  2.65904182E-03  0.00000000E+00  0.00000000E+00  0.00000000E+00  0.00000000E+00  0.00000000E+00  1.46430977E-02  0.00000000E+00  0.00000000E+00 -2.48646932E-02
    3.501000      1   0.00000000E+00  0.00000000E+00  2.68184446E-03  0.00000000E+00  0.00000000E+00  0.00000000E+00  0.00000000E+00  0.00000000E+00  1.46182661E-02  0.00000000E+00  0.00000000E+00 -2.48316761E-02
    3.502000      1   0.00000000E+00  0.00000000E+00  2.66011776E-03  0.00000000E+00  0.00000000E+00  0.00000000E+00  0.00000000E+00  0.00000000E+00  1.45934681E-02  0.00000000E+00  0.00000000E+00 -2.47979921E-02
    3.503000      1   0.00000000E+00  0.00000000E+00  2.67052802E-03  0.00000000E+00  0.00000000E+00  0.00000000E+00  0.00000000E+00  0.00000000E+00  1.45687074E-02  0.00000000E+00  0.00000000E+00 -2.47606614E-02
    3.504000      1   0.00000000E+00  0.00000000E+00  2.66962692E-03  0.00000000E+00  0.00000000E+00  0.00000000E+00  0.00000000E+00  0.00000000E+00  1.45439788E-02  0.00000000E+00  0.00000000E+00 -2.47286252E-02
    3.505000      1   0.00000000E+00  0.00000000E+00  2.68171549E-03  0.00000000E+00  0.00000000E+00  0.00000000E+00  0.00000000E+00  0.00000000E+00  1.45192854E-02  0.00000000E+00  0.00000000E+00 -2.46933294E-02
    3.506000      1   0.00000000E+00  0.00000000E+00  2.68264057E-03  0.00000000E+00  0.00000000E+00  0.00000000E+00  0.00000000E+00  0.00000000E+00  1.44946293E-02  0.00000000E+00  0.00000000E+00 -2.46561919E-02
    3.507000      1   0.00000000E+00  0.00000000E+00  2.68906910E-03  0.00000000E+00  0.00000000E+00  0.00000000E+00  0.00000000E+00  0.00000000E+00  1.44700143E-02  0.00000000E+00  0.00000000E+00 -2.46149206E-02
    3.508000      1   0.00000000E+00  0.00000000E+00  2.67888766E-03  0.00000000E+00  0.00000000E+00  0.00000000E+00  0.00000000E+00  0.00000000E+00  1.44454421E-02  0.00000000E+00  0.00000000E+00 -2.45722088E-02
    3.509000      1   0.00000000E+00  0.00000000E+00  2.68839333E-03  0.00000000E+00  0.00000000E+00  0.00000000E+00  0.00000000E+00  0.00000000E+00  1.44209129E-02  0.00000000E+00  0.00000000E+00 -2.45291862E-02
    3.510000      1   0.00000000E+00  0.00000000E+00  2.68177022E-03  0.00000000E+00  0.00000000E+00  0.00000000E+00  0.00000000E+00  0.00000000E+00  1.43964251E-02  0.00000000E+00  0.00000000E+00 -2.44878264E-02
    3.511000      1   0.00000000E+00  0.00000000E+00  2.65812099E-03  0.00000000E+00  0.00000000E+00  0.00000000E+00  0.00000000E+00  0.00000000E+00  1.43719806E-02  0.00000000E+00  0.00000000E+00 -2.44445160E-02
    3.512000      1   0.00000000E+00  0.00000000E+00  2.67157209E-03  0.00000000E+00  0.00000000E+00  0.00000000E+00  0.00000000E+00  0.00000000E+00  1.43475730E-02  0.00000000E+00  0.00000000E+00 -2.44075628E-02
    3.513000      1   0.00000000E+00  0.00000000E+00  2.67009430E-03  0.00000000E+00  0.00000000E+00  0.00000000E+00  0.00000000E+00  0.00000000E+00  1.43231970E-02  0.00000000E+00  0.00000000E+00 -2.43759977E-02
    3.514000      1   0.00000000E+00  0.00000000E+00  2.67008740E-03  0.00000000E+00  0.00000000E+00  0.00000000E+00  0.00000000E+00  0.00000000E+00  1.42988568E-02  0.00000000E+00  0.00000000E+00 -2.43402764E-02
    3.515000      1   0.00000000E+00  0.00000000E+00  2.67962265E-03  0.00000000E+00  0.00000000E+00  0.00000000E+00  0.00000000E+00  0.00000000E+00  1.42745517E-02  0.00000000E+00  0.00000000E+00 -2.43050417E-02
    3.516000      1   0.00000000E+00  0.00000000E+00  2.67352137E-03  0.00000000E+00  0.00000000E+00  0.00000000E+00  0.00000000E+00  0.00000000E+00  1.42502836E-02  0.00000000E+00  0.00000000E+00 -2.42681230E-02
    3.517000      1   0.00000000E+00  0.00000000E+00  2.69386953E-03  0.00000000E+00  0.00000000E+00  0.00000000E+00  0.00000000E+00  0.00000000E+00  1.42260544E-02  0.00000000E+00  0.00000000E+00 -2.42291517E-02
    3.518000      1   0.00000000E+00  0.00000000E+00  2.67438781E-03  0.00000000E+00  0.00000000E+00  0.00000000E+00  0.00000000E+00  0.00000000E+00  1.42018659E-02  0.00000000E+00  0.00000000E+00 -2.41885859E-02
    3.519000      1   0.00000000E+00  0.00000000E+00  2.69422824E-03  0.00000000E+00  0.00000000E+00  0.00000000E+00  0.00000000E+00  0.00000000E+00  1.41777211E-02  0.00000000E+00  0.00000000E+00 -2.41447825E-02
    3.520000      1   0.00000000E+00  0.00000000E+00  2.68241666E-03  0.00000000E+00  0.00000000E+00  0.00000000E+00  0.00000000E+00  0.00000000E+00  1.41536172E-02  0.00000000E+00  0.00000000E+00 -2.41038686E-02
    3.521000      1   0.00000000E+00  0.00000000E+00  2.68810148E-03  0.00000000E+00  0.00000000E+00  0.00000000E+00  0.00000000E+00  0.00000000E+00  1.41295587E-02  0.00000000E+00  0.00000000E+00 -2.40585277E-02
    3.522000      1   0.00000000E+00  0.00000000E+00  2.65703676E-03  0.00000000E+00  0.00000000E+00  0.00000000E+00  0.00000000E+00  0.00000000E+00  1.41055426E-02  0.00000000E+00  0.00000000E+00 -2.40160605E-02
    3.523000      1   0.00000000E+00  0.00000000E+00  2.68234018E-03  0.00000000E+00  0.00000000E+00  0.00000000E+00  0.00000000E+00  0.00000000E+00  1.40815654E-02  0.00000000E+00  0.00000000E+00 -2.39772197E-02
    3.524000      1   0.00000000E+00  0.00000000E+00  2.67379133E-03  0.00000000E+00  0.00000000E+00  0.00000000E+00  0.00000000E+00  0.00000000E+00  1.40576213E-02  0.00000000E+00  0.00000000E+00 -2.39441065E-02
    3.525000      1   0.00000000E+00  0.00000000E+00  2.67862918E-03  0.00000000E+00  0.00000000E+00  0.00000000E+00  0.00000000E+00  0.00000000E+00  1.40337171E-02  0.00000000E+00  0.00000000E+00 -2.39041950E-02
    3.526000      1   0.00000000E+00  0.00000000E+00  2.66388804E-03  0.00000000E+00  0.00000000E+00  0.00000000E+00  0.00000000E+00  0.00000000E+00  1.40098509E-02  0.00000000E+00  0.00000000E+00 -2.38662356E-02
    3.527000      1   0.00000000E+00  0.00000000E+00  2.68661315E-03  0.00000000E+00  0.00000000E+00  0.00000000E+00  0.00000000E+00  0.00000000E+00  1.39860216E-02  0.00000000E+00  0.00000000E+00 -2.38292942E-02
    3.528000      1   0.00000000E+00  0.00000000E+00  2.68132848E-03  0.00000000E+00  0.00000000E+00  0.00000000E+00  0.00000000E+00  0.00000000E+00  1.39622284E-02  0.00000000E+00  0.00000000E+00 -2.37931752E-02
    3.529000      1   0.00000000E+00  0.00000000E+00  2.69114398E-03  0.00000000E+00  0.00000000E+00  0.00000000E+00  0.00000000E+00  0.00000000E+00  1.39384779E-02  0.00000000E+00  0.00000000E+00 -2.37505276E-02
    3.530000      1   0.00000000E+00  0.00000000E+00  2.69145312E-03  0.00000000E+00  0.00000000E+00  0.00000000E+00  0.00000000E+00  0.00000000E+00  1.39147700E-02  0.00000000E+00  0.00000000E+00 -2.37078797E-02
    3.531000      1   0.00000000E+00  0.00000000E+00  2.68457112E-03  0.00000000E+00  0.00000000E+00  0.00000000E+00  0.00000000E+00  0.00000000E+00  1.38911080E-02  0.00000000E+00  0.00000000E+00 -2.36619537E-02
    3.532000      1   0.00000000E+00  0.00000000E+00  2.69334654E-03  0.00000000E+00  0.00000000E+00  0.00000000E+00  0.00000000E+00  0.00000000E+00  1.38674909E-02  0.00000000E+00  0.00000000E+00 -2.36171431E-02
    3.533000      1   0.00000000E+00  0.00000000E+00  2.69075207E-03  0.00000000E+00  0.00000000E+00  0.00000000E+00  0.00000000E+00  0.00000000E+00  1.38439178E-02  0.00000000E+00  0.00000000E+00 -2.35730408E-02
    3.534000      1   0.00000000E+00  0.00000000E+00  2.65915054E-03  0.00000000E+00  0.00000000E+00  0.00000000E+00  0.00000000E+00  0.00000000E+00  1.38203913E-02  0.00000000E+00  0.00000000E+00 -2.35265154E-02
    3.535000      1   0.00000000E+00  0.00000000E+00  2.68068762E-03  0.00000000E+00  0.00000000E+00  0.00000000E+00  0.00000000E+00  0.00000000E+00  1.37969049E-02  0.00000000E+00  0.00000000E+00 -2.34864303E-02
    3.536000      1   0.00000000E+00  0.00000000E+00  2.66972195E-03  0.00000000E+00  0.00000000E+00  0.00000000E+00  0.00000000E+00  0.00000000E+00  1.37734520E-02  0.00000000E+00  0.00000000E+00 -2.34529152E-02
    3.537000      1   0.00000000E+00  0.00000000E+00  2.67727500E-03  0.00000000E+00  0.00000000E+00  0.00000000E+00  0.00000000E+00  0.00000000E+00  1.37500377E-02  0.00000000E+00  0.00000000E+00 -2.34142660E-02
    3.538000      1   0.00000000E+00  0.00000000E+00  2.68139957E-03  0.00000000E+00  0.00000000E+00  0.00000000E+00  0.00000000E+00  0.00000000E+00  1.37266598E-02  0.00000000E+00  0.00000000E+00 -2.33778825E-02
    3.539000      1   0.00000000E+00  0.00000000E+00  2.67885846E-03  0.00000000E+00  0.00000000E+00  0.00000000E+00  0.00000000E+00  0.00000000E+00  1.37033215E-02  0.00000000E+00  0.00000000E+00 -2.33382891E-02
    3.540000      1   0.00000000E+00  0.00000000E+00  2.69798492E-03  0.00000000E+00  0.00000000E+00  0.00000000E+00  0.00000000E+00  0.00000000E+00  1.36800238E-02  0.00000000E+00  0.00000000E+00 -2.32977904E-02
    3.541000      1   0.00000000E+00  0.00000000E+00  2.67738867E-03  0.00000000E+00  0.00000000E+00  0.00000000E+00  0.00000000E+00  0.00000000E+00  1.36567690E-02  0.00000000E+00  0.00000000E+00 -2.32547440E-02
    3.542000      1   0.00000000E+00  0.00000000E+00  2.70194913E-03  0.00000000E+00  0.00000000E+00  0.00000000E+00  0.00000000E+00  0.00000000E+00  1.36335600E-02  0.00000000E+00  0.00000000E+00 -2.32090584E-02
    3.543000      1   0.00000000E+00  0.00000000E+00  2.68953884E-03  0.00000000E+00  0.00000000E+00  0.00000000E+00  0.00000000E+00  0.00000000E+00  1.36103942E-02  0.00000000E+00  0.00000000E+00 -2.31657937E-02
    3.544000      1   0.00000000E+00  0.00000000E+00  2.68977060E-03  0.00000000E+00  0.00000000E+00  0.00000000E+00  0.00000000E+00  0.00000000E+00  1.35872775E-02  0.00000000E+00  0.00000000E+00 -2.31166576E-02
    3.545000      1   0.00000000E+00  0.00000000E+00  2.68576911E-03  0.00000000E+00  0.00000000E+00  0.00000000E+00  0.00000000E+00  0.00000000E+00  1.35642059E-02  0.00000000E+00  0.00000000E+00 -2.30715562E-02
    3.546000      1   0.00000000E+00  0.00000000E+00  2.66936931E-03  0.00000000E+00  0.00000000E+00  0.00000000E+00  0.00000000E+00  0.00000000E+00  1.35411789E-02  0.00000000E+00  0.00000000E+00 -2.30270863E-02
    3.547000      1   0.00000000E+00  0.00000000E+00  2.68402885E-03  0.00000000E+00  0.00000000E+00  0.00000000E+00  0.00000000E+00  0.00000000E+00  1.35181920E-02  0.00000000E+00  0.00000000E+00 -2.29868307E-02
    3.548000      1   0.00000000E+00  0.00000000E+00  2.68071698E-03  0.00000000E+00  0.00000000E+00  0.00000000E+00  0.00000000E+00  0.00000000E+00  1.34952427E-02  0.00000000E+00  0.00000000E+00 -2.29493687E-02
    3.549000      1   0.00000000E+00  0.00000000E+00  2.67035136E-03  0.00000000E+00  0.00000000E+00  0.00000000E+00  0.00000000E+00  0.00000000E+00  1.34723350E-02  0.00000000E+00  0.00000000E+00 -2.29076779E-02
    3.550000      1   0.00000000E+00  0.00000000E+00  2.68334014E-03  0.00000000E+00  0.00000000E+00  0.00000000E+00  0.00000000E+00  0.00000000E+00  1.34494661E-02  0.00000000E+00  0.00000000E+00 -2.28689078E-02
    3.551000      1   0.00000000E+00  0.00000000E+00  2.68096425E-03  0.00000000E+00  0.00000000E+00  0.00000000E+00  0.00000000E+00  0.00000000E+00  1.34266348E-02  0.00000000E+00  0.00000000E+00 -2.28312450E-02
    3.552000      1   0.00000000E+00  0.00000000E+00  2.69766599E-03  0.00000000E+00  0.00000000E+00  0.00000000E+00  0.00000000E+00  0.00000000E+00  1.34038451E-02  0.00000000E+00  0.00000000E+00 -2.27897367E-02
    3.553000      1   0.00000000E+00  0.00000000E+00  2.68741486E-03  0.00000000E+00  0.00000000E+00  0.00000000E+00  0.00000000E+00  0.00000000E+00  1.33810990E-02  0.00000000E+00  0.00000000E+00 -2.27460551E-02
    3.554000      1   0.00000000E+00  0.00000000E+00  2.70482349E-03  0.00000000E+00  0.00000000E+00  0.00000000E+00  0.00000000E+00  0.00000000E+00  1.33584003E-02  0.00000000E+00  0.00000000E+00 -2.26987013E-02
    3.555000      1   0.00000000E+00  0.00000000E+00  2.68511949E-03  0.00000000E+00  0.00000000E+00  0.00000000E+00  0.00000000E+00  0.00000000E+00  1.33357487E-02  0.00000000E+00  0.00000000E+00 -2.26516355E-02
    3.556000      1   0.00000000E+00  0.00000000E+00  2.70303833E-03  0.00000000E+00  0.00000000E+00  0.00000000E+00  0.00000000E+00  0.00000000E+00  1.33131464E-02  0.00000000E+00  0.00000000E+00 -2.26023369E-02
    3.557000      1   0.00000000E+00  0.00000000E+00  2.68926251E-03  0.00000000E+00  0.00000000E+00  0.00000000E+00  0.00000000E+00  0.00000000E+00  1.32905900E-02  0.00000000E+00  0.00000000E+00 -2.25563406E-02
    3.558000      1   0.00000000E+00  0.00000000E+00  2.66598560E-03  0.00000000E+00  0.00000000E+00  0.00000000E+00  0.00000000E+00  0.00000000E+00  1.32680831E-02  0.00000000E+00  0.00000000E+00 -2.25068957E-02
    3.559000      1   0.00000000E+00  0.00000000E+00  2.69121978E-03  0.00000000E+00  0.00000000E+00  0.00000000E+00  0.00000000E+00  0.00000000E+00  1.32456170E-02  0.00000000E+00  0.00000000E+00 -2.24660912E-02
    3.560000      1   0.00000000E+00  0.00000000E+00  2.67288419E-03  0.00000000E+00  0.00000000E+00  0.00000000E+00  0.00000000E+00  0.00000000E+00  1.32231886E-02  0.00000000E+00  0.00000000E+00 -2.24284687E-02
    3.561000      1   0.00000000E+00  0.00000000E+00  2.68679560E-03  0.00000000E+00  0.00000000E+00  0.00000000E+00  0.00000000E+00  0.00000000E+00  1.32008028E-02  0.00000000E+00  0.00000000E+00 -2.23858015E-02
    3.562000      1   0.00000000E+00  0.00000000E+00  2.68476880E-03  0.00000000E+00  0.00000000E+00  0.00000000E+00  0.00000000E+00  0.00000000E+00  1.31784561E-02  0.00000000E+00  0.00000000E+00 -2.23466958E-02
    3.563000      1   0.00000000E+00  0.00000000E+00  2.68160845E-03  0.00000000E+00  0.00000000E+00  0.00000000E+00  0.00000000E+00  0.00000000E+00  1.31561527E-02  0.00000000E+00  0.00000000E+00 -2.23033799E-02
    3.564000      1   0.00000000E+00  0.00000000E+00  2.69494137E-03  0.00000000E+00  0.00000000E+00  0.00000000E+00  0.00000000E+00  0.00000000E+00  1.31338914E-02  0.00000000E+00  0.00000000E+00 -2.22612884E-02
    3.565000      1   0.00000000E+00  0.00000000E+00  2.69576771E-03  0.00000000E+00  0.00000000E+00  0.00000000E+00  0.00000000E+00  0.00000000E+00  1.31116735E-02  0.00000000E+00  0.00000000E+00 -2.22178771E-02
    3.566000      1   0.00000000E+00  0.00000000E+00  2.69151232E-03  0.00000000E+00  0.00000000E+00  0.00000000E+00  0.00000000E+00  0.00000000E+00  1.30895036E-02  0.00000000E+00  0.00000000E+00 -2.21699409E-02
    3.567000      1   0.00000000E+00  0.00000000E+00  2.69877534E-03  0.00000000E+00  0.00000000E+00  0.00000000E+00  0.00000000E+00  0.00000000E+00  1.30673811E-02  0.00000000E+00  0.00000000E+00 -2.21224859E-02
    3.568000      1   0.00000000E+00  0.00000000E+00  2.69151808E-03  0.00000000E+00  0.00000000E+00  0.00000000E+00  0.00000000E+00  0.00000000E+00  1.30453060E-02  0.00000000E+00  0.00000000E+00 -2.20751440E-02
    3.569000      1   0.00000000E+00  0.00000000E+00  2.70083648E-03  0.00000000E+00  0.00000000E+00  0.00000000E+00  0.00000000E+00  0.00000000E+00  1.30232793E-02  0.00000000E+00  0.00000000E+00 -2.20267002E-02
    3.570000      1   0.00000000E+00  0.00000000E+00  2.68355733E-03  0.00000000E+00  0.00000000E+00  0.00000000E+00  0.00000000E+00  0.00000000E+00  1.30013003E-02  0.00000000E+00  0.00000000E+00 -2.19789919E-02
    3.571000      1   0.00000000E+00  0.00000000E+00  2.67635578E-03  0.00000000E+00  0.00000000E+00  0.00000000E+00  0.00000000E+00  0.00000000E+00  1.29793690E-02  0.00000000E+00  0.00000000E+00 -2.19312790E-02
    3.572000      1   0.00000000E+00  0.00000000E+00  2.69529085E-03  0.00000000E+00  0.00000000E+00  0.00000000E+00  0.00000000E+00  0.00000000E+00  1.29574785E-02  0.00000000E+00  0.00000000E+00 -2.18905143E-02
    3.573000      1   0.00000000E+00  0.00000000E+00  2.68005520E-03  0.00000000E+00  0.00000000E+00  0.00000000E+00  0.00000000E+00  0.00000000E+00  1.29356297E-02  0.00000000E+00  0.00000000E+00 -2.18487662E-02
    3.574000      1   0.00000000E+00  0.00000000E+00  2.68036984E-03  0.00000000E+00  0.00000000E+00  0.00000000E+00  0.00000000E+00  0.00000000E+00  1.29138262E-02  0.00000000E+00  0.00000000E+00 -2.18034938E-02
    3.575000      1   0.00000000E+00  0.00000000E+00  2.68529140E-03  0.00000000E+00  0.00000000E+00  0.00000000E+00  0.00000000E+00  0.00000000E+00  1.28920630E-02  0.00000000E+00  0.00000000E+00 -2.17631694E-02
    3.576000      1   0.00000000E+00  0.00000000E+00  2.68760070E-03  0.00000000E+00  0.00000000E+00  0.00000000E+00  0.00000000E+00  0.00000000E+00  1.28703412E-02  0.00000000E+00  0.00000000E+00 -2.17218714E-02
    3.577000      1   0.00000000E+00  0.00000000E+00  2.70387934E-03  0.00000000E+00  0.00000000E+00  0.00000000E+00  0.00000000E+00  0.00000000E+00  1.28486626E-02  0.00000000E+00  0.00000000E+00 -2.16785486E-02
    3.578000      1   0.00000000E+00  0.00000000E+00  2.69306678E-03  0.00000000E+00  0.00000000E+00  0.00000000E+00  0.00000000E+00  0.00000000E+00  1.28270310E-02  0.00000000E+00  0.00000000E+00 -2.16315888E-02
    3.579000      1   0.00000000E+00  0.00000000E+00  2.70557176E-03  0.00000000E+00  0.00000000E+00  0.00000000E+00  0.00000000E+00  0.00000000E+00  1.28054498E-02  0.00000000E+00  0.00000000E+00 -2.15811949E-02
    3.580000      1   0.00000000E+00  0.00000000E+00  2.68991603E-03  0.00000000E+00  0.00000000E+00  0.00000000E+00  0.00000000E+00  0.00000000E+00  1.27839177E-02  0.00000000E+00  0.00000000E+00 -2.15321406E-02
    3.581000      1   0.00000000E+00  0.00000000E+00  2.70620904E-03  0.00000000E+00  0.00000000E+00  0.00000000E+00  0.00000000E+00  0.00000000E+00  1.27624359E-02  0.00000000E+00  0.00000000E+00 -2.14817481E-02
    3.582000      1   0.00000000E+00  0.00000000E+00  2.69751397E-03  0.00000000E+00  0.00000000E+00  0.00000000E+00  0.00000000E+00  0.00000000E+00  1.27410023E-02  0.00000000E+00  0.00000000E+00 -2.14336158E-02
    3.583000      1   0.00000000E+00  0.00000000E+00  2.67902882E-03  0.00000000E+00  0.00000000E+00  0.00000000E+00  0.00000000E+00  0.00000000E+00  1.27196207E-02  0.00000000E+00  0.00000000E+00 -2.13816704E-02
    3.584000      1   0.00000000E+00  0.00000000E+00  2.69239107E-03  0.00000000E+00  0.00000000E+00  0.00000000E+00  0.00000000E+00  0.00000000E+00  1.26982848E-02  0.00000000E+00  0.00000000E+00 -2.13358494E-02
    3.585000      1   0.00000000E+00  0.00000000E+00  2.68250726E-03  0.00000000E+00  0.00000000E+00  0.00000000E+00  0.00000000E+00  0.00000000E+00  1.26769911E-02  0.00000000E+00  0.00000000E+00 -2.12937363E-02
    3.586000      1   0.00000000E+00  0.00000000E+00  2.68954028E-03  0.00000000E+00  0.00000000E+00  0.00000000E+00  0.00000000E+00  0.00000000E+00  1.26557421E-02  0.00000000E+00  0.00000000E+00 -2.12489826E-02
    3.587000      1   0.00000000E+00  0.00000000E+00  2.68350546E-03  0.00000000E+00  0.00000000E+00  0.00000000E+00  0.00000000E+00  0.00000000E+00  1.26345359E-02  0.00000000E+00  0.00000000E+00 -2.12062312E-02
    3.588000      1   0.00000000E+00  0.00000000E+00  2.69400169E-03  0.00000000E+00  0.00000000E+00  0.00000000E+00  0.00000000E+00  0.00000000E+00  1.26133736E-02  0.00000000E+00  0.00000000E+00 -2.11622373E-02
    3.589000      1   0.00000000E+00  0.00000000E+00  2.68702825E-03  0.00000000E+00  0.00000000E+00  0.00000000E+00  0.00000000E+00  0.00000000E+00  1.25922553E-02  0.00000000E+00  0.00000000E+00 -2.11183691E-02
    3.590000      1   0.00000000E+00  0.00000000E+00  2.70697574E-03  0.00000000E+00  0.00000000E+00  0.00000000E+00  0.00000000E+00  0.00000000E+00  1.25711830E-02  0.00000000E+00  0.00000000E+00 -2.10722870E-02
    3.591000      1   0.00000000E+00  0.00000000E+00  2.69347774E-03  0.00000000E+00  0.00000000E+00  0.00000000E+00  0.00000000E+00  0.00000000E+00  1.25501580E-02  0.00000000E+00  0.00000000E+00 -2.10249676E-02
    3.592000      1   0.00000000E+00  0.00000000E+00  2.70559010E-03  0.00000000E+00  0.00000000E+00  0.00000000E+00  0.00000000E+00  0.00000000E+00  1.25291845E-02  0.00000000E+00  0.00000000E+00 -2.09734842E-02
    3.593000      1   0.00000000E+00  0.00000000E+00  2.69326345E-03  0.00000000E+00  0.00000000E+00  0.00000000E+00  0.00000000E+00  0.00000000E+00  1.25082602E-02  0.00000000E+00  0.00000000E+00 -2.09242917E-02
    3.594000      1   0.00000000E+00  0.00000000E+00  2.70647422E-03  0.00000000E+00  0.00000000E+00  0.00000000E+00  0.00000000E+00  0.00000000E+00  1.24873869E-02  0.00000000E+00  0.00000000E+00 -2.08733011E-02
    3.595000      1   0.00000000E+00  0.00000000E+00  2.69762026E-03  0.00000000E+00  0.00000000E+00  0.00000000E+00  0.00000000E+00  0.00000000E+00  1.24665629E-02  0.00000000E+00  0.00000000E+00 -2.08240227E-02
    3.596000      1   0.00000000E+00  0.00000000E+00  2.68962467E-03  0.00000000E+00  0.00000000E+00  0.00000000E+00  0.00000000E+00  0.00000000E+00  1.24457909E-02  0.00000000E+00  0.00000000E+00 -2.07719714E-02
    3.597000      1   0.00000000E+00  0.00000000E+00  2.68134493E-03  0.00000000E+00  0.00000000E+00  0.00000000E+00  0.00000000E+00  0.00000000E+00  1.24250667E-02  0.00000000E+00  0.00000000E+00 -2.07242417E-02
    3.598000      1   0.00000000E+00  0.00000000E+00  2.69726395E-03  0.00000000E+00  0.00000000E+00  0.00000000E+00  0.00000000E+00  0.00000000E+00  1.24043861E-02  0.00000000E+00  0.00000000E+00 -2.06806021E-02
    3.599000      1   0.00000000E+00  0.00000000E+00  2.68997484E-03  0.00000000E+00  0.00000000E+00  0.00000000E+00  0.00000000E+00  0.00000000E+00  1.23837492E-02  0.00000000E+00  0.00000000E+00 -2.06368666E-02
    3.600000      1   0.00000000E+00  0.00000000E+00  2.68325228E-03  0.00000000E+00  0.00000000E+00  0.00000000E+00  0.00000000E+00  0.00000000E+00  1.23631600E-02  0.00000000E+00  0.00000000E+00 -2.05891921E-02
    3.601000      1   0.00000000E+00  0.00000000E+00  2.69086550E-03  0.00000000E+00  0.00000000E+00  0.00000000E+00  0.00000000E+00  0.00000000E+00  1.23426149E-02  0.00000000E+00  0.00000000E+00 -2.05451002E-02
    3.602000      1   0.00000000E+00  0.00000000E+00  2.69629020E-03  0.00000000E+00  0.00000000E+00  0.00000000E+00  0.00000000E+00  0.00000000E+00  1.23221131E-02  0.00000000E+00  0.00000000E+00 -2.05018698E-02
    3.603000      1   0.00000000E+00  0.00000000E+00  2.69952297E-03  0.00000000E+00  0.00000000E+00  0.00000000E+00  0.00000000E+00  0.00000000E+00  1.23016579E-02  0.00000000E+00  0.00000000E+00 -2.04551798E-02
    3.604000      1   0.00000000E+00  0.00000000E+00  2.70421441E-03  0.00000000E+00  0.00000000E+00  0.00000000E+00  0.00000000E+00  0.00000000E+00  1.22812517E-02  0.00000000E+00  0.00000000E+00 -2.04061366E-02
    3.605000      1   0.00000000E+00  0.00000000E+00  2.70171821E-03  0.00000000E+00  0.00000000E+00  0.00000000E+00  0.00000000E+00  0.00000000E+00  1.22608965E-02  0.00000000E+00  0.00000000E+00 -2.03552020E-02
    3.606000      1   0.00000000E+00  0.00000000E+00  2.70376602E-03  0.00000000E+00  0.00000000E+00  0.00000000E+00  0.00000000E+00  0.00000000E+00  1.22405934E-02  0.00000000E+00  0.00000000E+00 -2.03031682E-02
    3.607000      1   0.00000000E+00  0.00000000E+00  2.70636308E-03  0.00000000E+00  0.00000000E+00  0.00000000E+00  0.00000000E+00  0.00000000E+00  1.22203418E-02  0.00000000E+00  0.00000000E+00 -2.02515920E-02
    3.608000      1   0.00000000E+00  0.00000000E+00  2.70572414E-03  0.00000000E+00  0.00000000E+00  0.00000000E+00  0.00000000E+00  0.00000000E+00  1.22001429E-02  0.00000000E+00  0.00000000E+00 -2.01988840E-02
    3.609000      1   0.00000000E+00  0.00000000E+00  2.70125344E-03  0.00000000E+00  0.00000000E+00  0.00000000E+00  0.00000000E+00  0.00000000E+00  1.21799975E-02  0.00000000E+00  0.00000000E+00 -2.01454360E-02
    3.610000      1   0.00000000E+00  0.00000000E+00  2.67799677E-03  0.00000000E+00  0.00000000E+00  0.00000000E+00  0.00000000E+00  0.00000000E+00  1.21599045E-02  0.00000000E+00  0.00000000E+00 -2.00929886E-02
    3.611000      1   0.00000000E+00  0.00000000E+00  2.70110741E-03  0.00000000E+00  0.00000000E+00  0.00000000E+00  0.00000000E+00  0.00000000E+00  1.21398583E-02  0.00000000E+00  0.00000000E+00 -2.00461220E-02
    3.612000      1   0.00000000E+00  0.00000000E+00  2.68852704E-03  0.00000000E+00  0.00000000E+00  0.00000000E+00  0.00000000E+00  0.00000000E+00  1.21198555E-02  0.00000000E+00  0.00000000E+00 -2.00028064E-02
    3.613000      1   0.00000000E+00  0.00000000E+00  2.69227766E-03  0.00000000E+00  0.00000000E+00  0.00000000E+00  0.00000000E+00  0.00000000E+00  1.20999014E-02  0.00000000E+00  0.00000000E+00 -1.99541256E-02
    3.614000      1   0.00000000E+00  0.00000000E+00  2.68923069E-03  0.00000000E+00  0.00000000E+00  0.00000000E+00  0.00000000E+00  0.00000000E+00  1.20799925E-02  0.00000000E+00  0.00000000E+00 -1.99089132E-02
    3.615000      1   0.00000000E+00  0.00000000E+00  2.69929666E-03  0.00000000E+00  0.00000000E+00  0.00000000E+00  0.00000000E+00  0.00000000E+00  1.20601295E-02  0.00000000E+00  0.00000000E+00 -1.98630078E-02
    3.616000      1   0.00000000E+00  0.00000000E+00  2.69056881E-03  0.00000000E+00  0.00000000E+00  0.00000000E+00  0.00000000E+00  0.00000000E+00  1.20403132E-02  0.00000000E+00  0.00000000E+00 -1.98163231E-02
    3.617000      1   0.00000000E+00  0.00000000E+00  2.71127779E-03  0.00000000E+00  0.00000000E+00  0.00000000E+00  0.00000000E+00  0.00000000E+00  1.20205453E-02  0.00000000E+00  0.00000000E+00 -1.97678759E-02
    3.618000      1   0.00000000E+00  0.00000000E+00  2.70397449E-03  0.00000000E+00  0.00000000E+00  0.00000000E+00  0.00000000E+00  0.00000000E+00  1.20008267E-02  0.00000000E+00  0.00000000E+00 -1.97186330E-02
    3.619000      1   0.00000000E+00  0.00000000E+00  2.69987939E-03  0.00000000E+00  0.00000000E+00  0.00000000E+00  0.00000000E+00  0.00000000E+00  1.19811628E-02  0.00000000E+00  0.00000000E+00 -1.96638804E-02
    3.620000      1   0.00000000E+00  0.00000000E+00  2.70725356E-03  0.00000000E+00  0.00000000E+00  0.00000000E+00  0.00000000E+00  0.00000000E+00  1.19615505E-02  0.00000000E+00  0.00000000E+00 -1.96122505E-02
    3.621000      1   0.00000000E+00  0.00000000E+00  2.70770632E-03  0.00000000E+00  0.00000000E+00  0.00000000E+00  0.00000000E+00  0.00000000E+00  1.19419899E-02  0.00000000E+00  0.00000000E+00 -1.95606614E-02
    3.622000      1   0.00000000E+00  0.00000000E+00  2.70747621E-03  0.00000000E+00  0.00000000E+00  0.00000000E+00  0.00000000E+00  0.00000000E+00  1.19224833E-02  0.00000000E+00  0.00000000E+00 -1.95065705E-02
    3.623000      1   0.00000000E+00  0.00000000E+00  2.69891132E-03  0.00000000E+00  0.00000000E+00  0.00000000E+00  0.00000000E+00  0.00000000E+00  1.19030309E-02  0.00000000E+00  0.00000000E+00 -1.94523716E-02
    3.624000      1   0.00000000E+00  0.00000000E+00  2.68082059E-03  0.00000000E+00  0.00000000E+00  0.00000000E+00  0.00000000E+00  0.00000000E+00  1.18836312E-02  0.00000000E+00  0.00000000E+00 -1.93997629E-02
    3.625000      1   0.00000000E+00  0.00000000E+00  2.70058092E-03  0.00000000E+00  0.00000000E+00  0.00000000E+00  0.00000000E+00  0.00000000E+00  1.18642780E-02  0.00000000E+00  0.00000000E+00 -1.93531662E-02
    3.626000      1   0.00000000E+00  0.00000000E+00  2.70157882E-03  0.00000000E+00  0.00000000E+00  0.00000000E+00  0.00000000E+00  0.00000000E+00  1.18449690E-02  0.00000000E+00  0.00000000E+00 -1.93090163E-02
    3.627000      1   0.00000000E+00  0.00000000E+00  2.69072457E-03  0.00000000E+00  0.00000000E+00  0.00000000E+00  0.00000000E+00  0.00000000E+00  1.18257108E-02  0.00000000E+00  0.00000000E+00 -1.92582004E-02
    3.628000      1   0.00000000E+00  0.00000000E+00  2.68670232E-03  0.00000000E+00  0.00000000E+00  0.00000000E+00  0.00000000E+00  0.00000000E+00  1.18065018E-02  0.00000000E+00  0.00000000E+00 -1.92089762E-02
    3.629000      1   0.00000000E+00  0.00000000E+00  2.69567316E-03  0.00000000E+00  0.00000000E+00  0.00000000E+00  0.00000000E+00  0.00000000E+00  1.17873378E-02  0.00000000E+00  0.00000000E+00 -1.91640280E-02
    3.630000      1   0.00000000E+00  0.00000000E+00  2.70317330E-03  0.00000000E+00  0.00000000E+00  0.00000000E+00  0.00000000E+00  0.00000000E+00  1.17682190E-02  0.00000000E+00  0.00000000E+00 -1.91188144E-02
    3.631000      1   0.00000000E+00  0.00000000E+00  2.69927628E-03  0.00000000E+00  0.00000000E+00  0.00000000E+00  0.00000000E+00  0.00000000E+00  1.17491496E-02  0.00000000E+00  0.00000000E+00 -1.90693283E-02
    3.632000      1   0.00000000E+00  0.00000000E+00  2.71037379E-03  0.00000000E+00  0.00000000E+00  0.00000000E+00  0.00000000E+00  0.00000000E+00  1.17301316E-02  0.00000000E+00  0.00000000E+00 -1.90180681E-02
    3.633000      1   0.00000000E+00  0.00000000E+00  2.69614079E-03  0.00000000E+00  0.00000000E+00  0.00000000E+00  0.00000000E+00  0.00000000E+00  1.17111654E-02  0.00000000E+00  0.00000000E+00 -1.89661254E-02
    3.634000      1   0.00000000E+00  0.00000000E+00  2.72387781E-03  0.00000000E+00  0.00000000E+00  0.00000000E+00  0.00000000E+00  0.00000000E+00  1.16922524E-02  0.00000000E+00  0.00000000E+00 -1.89130550E-02
    3.635000      1   0.00000000E+00  0.00000000E+00  2.69914828E-03  0.00000000E+00  0.00000000E+00  0.00000000E+00  0.00000000E+00  0.00000000E+00  1.16733926E-02  0.00000000E+00  0.00000000E+00 -1.88597540E-02
    3.636000      1   0.00000000E+00  0.00000000E+00  2.71008950E-03  0.00000000E+00  0.00000000E+00  0.00000000E+00  0.00000000E+00  0.00000000E+00  1.16545909E-02  0.00000000E+00  0.00000000E+00 -1.88017168E-02
    3.637000      1   0.00000000E+00  0.00000000E+00  2.70336727E-03  0.00000000E+00  0.00000000E+00  0.00000000E+00  0.00000000E+00  0.00000000E+00  1.16358410E-02  0.00000000E+00  0.00000000E+00 -1.87498664E-02
    3.638000      1   0.00000000E+00  0.00000000E+00  2.70639806E-03  0.00000000E+00  0.00000000E+00  0.00000000E+00  0.00000000E+00  0.00000000E+00  1.16171454E-02  0.00000000E+00  0.00000000E+00 -1.86956114E-02
    3.639000      1   0.00000000E+00  0.00000000E+00  2.68811874E-03  0.00000000E+00  0.00000000E+00  0.00000000E+00  0.00000000E+00  0.00000000E+00  1.15985024E-02  0.00000000E+00  0.00000000E+00 -1.86430282E-02
    3.640000      1   0.00000000E+00  0.00000000E+00  2.70343808E-03  0.00000000E+00  0.00000000E+00  0.00000000E+00  0.00000000E+00  0.00000000E+00  1.15799097E-02  0.00000000E+00  0.00000000E+00 -1.85926821E-02
    3.641000      1   0.00000000E+00  0.00000000E+00  2.69263141E-03  0.00000000E+00  0.00000000E+00  0.00000000E+00  0.00000000E+00  0.00000000E+00  1.15613641E-02  0.00000000E+00  0.00000000E+00 -1.85456302E-02
    3.642000      1   0.00000000E+00  0.00000000E+00  2.69253777E-03  0.00000000E+00  0.00000000E+00  0.00000000E+00  0.00000000E+00  0.00000000E+00  1.15428686E-02  0.00000000E+00  0.00000000E+00 -1.84954582E-02
    3.643000      1   0.00000000E+00  0.00000000E+00  2.69781737E-03  0.00000000E+00  0.00000000E+00  0.00000000E+00  0.00000000E+00  0.00000000E+00  1.15244198E-02  0.00000000E+00  0.00000000E+00 -1.84488518E-02
    3.644000      1   0.00000000E+00  0.00000000E+00  2.70116767E-03  0.00000000E+00  0.00000000E+00  0.00000000E+00  0.00000000E+00  0.00000000E+00  1.15060184E-02  0.00000000E+00  0.00000000E+00 -1.84013425E-02
    3.645000      1   0.00000000E+00  0.00000000E+00  2.69603645E-03  0.00000000E+00  0.00000000E+00  0.00000000E+00  0.00000000E+00  0.00000000E+00  1.14876669E-02  0.00000000E+00  0.00000000E+00 -1.83515069E-02
    3.646000      1   0.00000000E+00  0.00000000E+00  2.71114153E-03  0.00000000E+00  0.00000000E+00  0.00000000E+00  0.00000000E+00  0.00000000E+00  1.14693655E-02  0.00000000E+00  0.00000000E+00 -1.83014784E-02
    3.647000      1   0.00000000E+00  0.00000000E+00  2.71110482E-03  0.00000000E+00  0.00000000E+00  0.00000000E+00  0.00000000E+00  0.00000000E+00  1.14511150E-02  0.00000000E+00  0.00000000E+00 -1.82504639E-02
    3.648000      1   0.00000000E+00  0.00000000E+00  2.69348112E-03  0.00000000E+00  0.00000000E+00  0.00000000E+00  0.00000000E+00  0.00000000E+00  1.14329205E-02  0.00000000E+00  0.00000000E+00 -1.81944951E-02
    3.649000      1   0.00000000E+00  0.00000000E+00  2.72339559E-03  0.00000000E+00  0.00000000E+00  0.00000000E+00  0.00000000E+00  0.00000000E+00  1.14147788E-02  0.00000000E+00  0.00000000E+00 -1.81416550E-02
    3.650000      1   0.00000000E+00  0.00000000E+00  2.69897309E-03  0.00000000E+00  0.00000000E+00  0.00000000E+00  0.00000000E+00  0.00000000E+00  1.13966895E-02  0.00000000E+00  0.00000000E+00 -1.80893127E-02
    3.651000      1   0.00000000E+00  0.00000000E+00  2.70967750E-03  0.00000000E+00  0.00000000E+00  0.00000000E+00  0.00000000E+00  0.00000000E+00  1.13786581E-02  0.00000000E+00  0.00000000E+00 -1.80314649E-02
    3.652000      1   0.00000000E+00  0.00000000E+00  2.70224468E-03  0.00000000E+00  0.00000000E+00  0.00000000E+00  0.00000000E+00  0.00000000E+00  1.13606783E-02  0.00000000E+00  0.00000000E+00 -1.79797449E-02
    3.653000      1   0.00000000E+00  0.00000000E+00  2.71174826E-03  0.00000000E+00  0.00000000E+00  0.00000000E+00  0.00000000E+00  0.00000000E+00  1.13427525E-02  0.00000000E+00  0.00000000E+00 -1.79258237E-02
    3.654000      1   0.00000000E+00  0.00000000E+00  2.68329782E-03  0.00000000E+00  0.00000000E+00  0.00000000E+00  0.00000000E+00  0.00000000E+00  1.13248798E-02  0.00000000E+00  0.00000000E+00 -1.78726631E-02
    3.655000      1   0.00000000E+00  0.00000000E+00  2.70701714E-03  0.00000000E+00  0.00000000E+00  0.00000000E+00  0.00000000E+00  0.00000000E+00  1.13070584E-02  0.00000000E+00  0.00000000E+00 -1.78214124E-02
    3.656000      1   0.00000000E+00  0.00000000E+00  2.70053939E-03  0.00000000E+00  0.00000000E+00  0.00000000E+00  0.00000000E+00  0.00000000E+00  1.12892831E-02  0.00000000E+00  0.00000000E+00 -1.77753108E-02
    3.657000      1   0.00000000E+00  0.00000000E+00  2.69671712E-03  0.00000000E+00  0.00000000E+00  0.00000000E+00  0.00000000E+00  0.00000000E+00  1.12715605E-02  0.00000000E+00  0.00000000E+00 -1.77225649E-02
    3.658000      1   0.00000000E+00  0.00000000E+00  2.69115158E-03  0.00000000E+00  0.00000000E+00  0.00000000E+00  0.00000000E+00  0.00000000E+00  1.12538879E-02  0.00000000E+00  0.00000000E+00 -1.76726224E-02
    3.659000      1   0.00000000E+00  0.00000000E+00  2.70480393E-03  0.00000000E+00  0.00000000E+00  0.00000000E+00  0.00000000E+00  0.00000000E+00  1.12362630E-02  0.00000000E+00  0.00000000E+00 -1.76249193E-02
    3.660000      1   0.00000000E+00  0.00000000E+00  2.69889739E-03  0.00000000E+00  0.00000000E+00  0.00000000E+00  0.00000000E+00  0.00000000E+00  1.12186864E-02  0.00000000E+00  0.00000000E+00 -1.75766298E-02
    3.661000      1   0.00000000E+00  0.00000000E+00  2.70491135E-03  0.00000000E+00  0.00000000E+00  0.00000000E+00  0.00000000E+00  0.00000000E+00  1.12011615E-02  0.00000000E+00  0.00000000E+00 -1.75249012E-02
    3.662000      1   0.00000000E+00  0.00000000E+00  2.71038952E-03  0.00000000E+00  0.00000000E+00  0.00000000E+00  0.00000000E+00  0.00000000E+00  1.11836874E-02  0.00000000E+00  0.00000000E+00 -1.74740489E-02
    3.663000      1   0.00000000E+00  0.00000000E+00  2.70787034E-03  0.00000000E+00  0.00000000E+00  0.00000000E+00  0.00000000E+00  0.00000000E+00  1.11662672E-02  0.00000000E+00  0.00000000E+00 -1.74202527E-02
    3.664000      1   0.00000000E+00  0.00000000E+00  2.71265227E-03  0.00000000E+00  0.00000000E+00  0.00000000E+00  0.00000000E+00  0.00000000E+00  1.11489021E-02  0.00000000E+00  0.00000000E+00 -1.73651029E-02
    3.665000      1   0.00000000E+00  0.00000000E+00  2.70927182E-03  0.00000000E+00  0.00000000E+00  0.00000000E+00  0.00000000E+00  0.00000000E+00  1.11315921E-02  0.00000000E+00  0.00000000E+00 -1.73099348E-02
    3.666000      1   0.00000000E+00  0.00000000E+00  2.71376035E-03  0.00000000E+00  0.00000000E+00  0.00000000E+00  0.00000000E+00  0.00000000E+00  1.11143383E-02  0.00000000E+00  0.00000000E+00 -1.72537940E-02
    3.667000      1   0.00000000E+00  0.00000000E+00  2.70553593E-03  0.00000000E+00  0.00000000E+00  0.00000000E+00  0.00000000E+00  0.00000000E+00  1.10971404E-02  0.00000000E+00  0.00000000E+00 -1.71979697E-02
    3.668000      1   0.00000000E+00  0.00000000E+00  2.70788938E-03  0.00000000E+00  0.00000000E+00  0.00000000E+00  0.00000000E+00  0.00000000E+00  1.10799982E-02  0.00000000E+00  0.00000000E+00 -1.71421257E-02
    3.669000      1   0.00000000E+00  0.00000000E+00  2.70979209E-03  0.00000000E+00  0.00000000E+00  0.00000000E+00  0.00000000E+00  0.00000000E+00  1.10629097E-02  0.00000000E+00  0.00000000E+00 -1.70885666E-02
    3.670000      1   0.00000000E+00  0.00000000E+00  2.69125210E-03  0.00000000E+00  0.00000000E+00  0.00000000E+00  0.00000000E+00  0.00000000E+00  1.10458758E-02  0.00000000E+00  0.00000000E+00 -1.70338980E-02
    3.671000      1   0.00000000E+00  0.00000000E+00  2.70733932E-03  0.00000000E+00  0.00000000E+00  0.00000000E+00  0.00000000E+00  0.00000000E+00  1.10288939E-02  0.00000000E+00  0.00000000E+00 -1.69818832E-02
    3.672000      1   0.00000000E+00  0.00000000E+00  2.69479643E-03  0.00000000E+00  0.00000000E+00  0.00000000E+00  0.00000000E+00  0.00000000E+00  1.10119608E-02  0.00000000E+00  0.00000000E+00 -1.69331123E-02
    3.673000      1   0.00000000E+00  0.00000000E+00  2.69722353E-03  0.00000000E+00  0.00000000E+00  0.00000000E+00  0.00000000E+00  0.00000000E+00  1.09950795E-02  0.00000000E+00  0.00000000E+00 -1.68812762E-02
    3.674000      1   0.00000000E+00  0.00000000E+00  2.69888805E-03  0.00000000E+00  0.00000000E+00  0.00000000E+00  0.00000000E+00  0.00000000E+00  1.09782464E-02  0.00000000E+00  0.00000000E+00 -1.68331302E-02
    3.675000      1   0.00000000E+00  0.00000000E+00  2.70634871E-03  0.00000000E+00  0.00000000E+00  0.00000000E+00  0.00000000E+00  0.00000000E+00  1.09614625E-02  0.00000000E+00  0.00000000E+00 -1.67838927E-02
    3.676000      1   0.00000000E+00  0.00000000E+00  2.69863060E-03  0.00000000E+00  0.00000000E+00  0.00000000E+00  0.00000000E+00  0.00000000E+00  1.09447297E-02  0.00000000E+00  0.00000000E+00 -1.67327892E-02
    3.677000      1   0.00000000E+00  0.00000000E+00  2.69920924E-03  0.00000000E+00  0.00000000E+00  0.00000000E+00  0.00000000E+00  0.00000000E+00  1.09280491E-02  0.00000000E+00  0.00000000E+00 -1.66806005E-02
    3.678000      1   0.00000000E+00  0.00000000E+00  2.71585903E-03  0.00000000E+00  0.00000000E+00  0.00000000E+00  0.00000000E+00  0.00000000E+00  1.09114183E-02  0.00000000E+00  0.00000000E+00 -1.66308441E-02
    3.679000      1   0.00000000E+00  0.00000000E+00  2.71628824E-03  0.00000000E+00  0.00000000E+00  0.00000000E+00  0.00000000E+00  0.00000000E+00  1.08948403E-02  0.00000000E+00  0.00000000E+00 -1.65779533E-02
    3.680000      1   0.00000000E+00  0.00000000E+00  2.69330764E-03  0.00000000E+00  0.00000000E+00  0.00000000E+00  0.00000000E+00  0.00000000E+00  1.08783208E-02  0.00000000E+00  0.00000000E+00 -1.65195187E-02
    3.681000      1   0.00000000E+00  0.00000000E+00  2.72580750E-03  0.00000000E+00  0.00000000E+00  0.00000000E+00  0.00000000E+00  0.00000000E+00  1.08618558E-02  0.00000000E+00  0.00000000E+00 -1.64650069E-02
    3.682000      1   0.00000000E+00  0.00000000E+00  2.70080798E-03  0.00000000E+00  0.00000000E+00  0.00000000E+00  0.00000000E+00  0.00000000E+00  1.08454435E-02  0.00000000E+00  0.00000000E+00 -1.64122951E-02
    3.683000      1   0.00000000E+00  0.00000000E+00  2.71625273E-03  0.00000000E+00  0.00000000E+00  0.00000000E+00  0.00000000E+00  0.00000000E+00  1.08290901E-02  0.00000000E+00  0.00000000E+00 -1.63533307E-02
    3.684000      1   0.00000000E+00  0.00000000E+00  2.70860919E-03  0.00000000E+00  0.00000000E+00  0.00000000E+00  0.00000000E+00  0.00000000E+00  1.08127903E-02  0.00000000E+00  0.00000000E+00 -1.62998453E-02
    3.685000      1   0.00000000E+00  0.00000000E+00  2.70703465E-03  0.00000000E+00  0.00000000E+00  0.00000000E+00  0.00000000E+00  0.00000000E+00  1.07965477E-02  0.00000000E+00  0.00000000E+00 -1.62426392E-02
    3.686000      1   0.00000000E+00  0.00000000E+00  2.69695442E-03  0.00000000E+00  0.00000000E+00  0.00000000E+00  0.00000000E+00  0.00000000E+00  1.07803594E-02  0.00000000E+00  0.00000000E+00 -1.61882219E-02
    3.687000      1   0.00000000E+00  0.00000000E+00  2.70214981E-03  0.00000000E+00  0.00000000E+00  0.00000000E+00  0.00000000E+00  0.00000000E+00  1.07642233E-02  0.00000000E+00  0.00000000E+00 -1.61361043E-02
    3.688000      1   0.00000000E+00  0.00000000E+00  2.70609191E-03  0.00000000E+00  0.00000000E+00  0.00000000E+00  0.00000000E+00  0.00000000E+00  1.07481370E-02  0.00000000E+00  0.00000000E+00 -1.60863784E-02
    3.689000      1   0.00000000E+00  0.00000000E+00  2.69849100E-03  0.00000000E+00  0.00000000E+00  0.00000000E+00  0.00000000E+00  0.00000000E+00  1.07321027E-02  0.00000000E+00  0.00000000E+00 -1.60342491E-02
    3.690000      1   0.00000000E+00  0.00000000E+00  2.69550336E-03  0.00000000E+00  0.00000000E+00  0.00000000E+00  0.00000000E+00  0.00000000E+00  1.07161205E-02  0.00000000E+00  0.00000000E+00 -1.59821693E-02
    3.691000      1   0.00000000E+00  0.00000000E+00  2.70047100E-03  0.00000000E+00  0.00000000E+00  0.00000000E+00  0.00000000E+00  0.00000000E+00  1.07001874E-02  0.00000000E+00  0.00000000E+00 -1.59331142E-02
    3.692000      1   0.00000000E+00  0.00000000E+00  2.70614588E-03  0.00000000E+00  0.00000000E+00  0.00000000E+00  0.00000000E+00  0.00000000E+00  1.06843033E-02  0.00000000E+00  0.00000000E+00 -1.58841617E-02
    3.693000      1   0.00000000E+00  0.00000000E+00  2.69623380E-03  0.00000000E+00  0.00000000E+00  0.00000000E+00  0.00000000E+00  0.00000000E+00  1.06684707E-02  0.00000000E+00  0.00000000E+00 -1.58325742E-02
    3.694000      1   0.00000000E+00  0.00000000E+00  2.70374421E-03  0.00000000E+00  0.00000000E+00  0.00000000E+00  0.00000000E+00  0.00000000E+00  1.06526898E-02  0.00000000E+00  0.00000000E+00 -1.57808759E-02
    3.695000      1   0.00000000E+00  0.00000000E+00  2.71200505E-03  0.00000000E+00  0.00000000E+00  0.00000000E+00  0.00000000E+00  0.00000000E+00  1.06369587E-02  0.00000000E+00  0.00000000E+00 -1.57311047E-02
    3.696000      1   0.00000000E+00  0.00000000E+00  2.71287740E-03  0.00000000E+00  0.00000000E+00  0.00000000E+00  0.00000000E+00  0.00000000E+00  1.06212813E-02  0.00000000E+00  0.00000000E+00 -1.56774062E-02
    3.697000      1   0.00000000E+00  0.00000000E+00  2.70159114E-03  0.00000000E+00  0.00000000E+00  0.00000000E+00  0.00000000E+00  0.00000000E+00  1.06056605E-02  0.00000000E+00  0.00000000E+00 -1.56208404E-02
    3.698000      1   0.00000000E+00  0.00000000E+00  2.71857129E-03  0.00000000E+00  0.00000000E+00  0.00000000E+00  0.00000000E+00  0.00000000E+00  1.05900945E-02  0.00000000E+00  0.00000000E+00 -1.55659839E-02
    3.699000      1   0.00000000E+00  0.00000000E+00  2.71260127E-03  0.00000000E+00  0.00000000E+00  0.00000000E+00  0.00000000E+00  0.00000000E+00  1.05745826E-02  0.00000000E+00  0.00000000E+00 -1.55118313E-02
    3.700000      1   0.00000000E+00  0.00000000E+00  2.71122486E-03  0.00000000E+00  0.00000000E+00  0.00000000E+00  0.00000000E+00  0.00000000E+00  1.05591295E-02  0.00000000E+00  0.00000000E+00 -1.54531579E-02
    3.701000      1   0.00000000E+00  0.00000000E+00  2.70624853E-03  0.00000000E+00  0.00000000E+00  0.00000000E+00  0.00000000E+00  0.00000000E+00  1.05437328E-02  0.00000000E+00  0.00000000E+00 -1.53966885E-02
    3.702000      1   0.00000000E+00  0.00000000E+00  2.70844269E-03  0.00000000E+00  0.00000000E+00  0.00000000E+00  0.00000000E+00  0.00000000E+00  1.05283913E-02  0.00000000E+00  0.00000000E+00 -1.53415512E-02
    3.703000      1   0.00000000E+00  0.00000000E+00  2.71266346E-03  0.00000000E+00  0.00000000E+00  0.00000000E+00  0.00000000E+00  0.00000000E+00  1.05131036E-02  0.00000000E+00  0.00000000E+00 -1.52876601E-02
    3.704000      1   0.00000000E+00  0.00000000E+00  2.69819287E-03  0.00000000E+00  0.00000000E+00  0.00000000E+00  0.00000000E+00  0.00000000E+00  1.04978713E-02  0.00000000E+00  0.00000000E+00 -1.52323021E-02
    3.705000      1   0.00000000E+00  0.00000000E+00  2.70691960E-03  0.00000000E+00  0.00000000E+00  0.00000000E+00  0.00000000E+00  0.00000000E+00  1.04826932E-02  0.00000000E+00  0.00000000E+00 -1.51781168E-02
    3.706000      1   0.00000000E+00  0.00000000E+00  2.69953210E-03  0.00000000E+00  0.00000000E+00  0.00000000E+00  0.00000000E+00  0.00000000E+00  1.04675660E-02  0.00000000E+00  0.00000000E+00 -1.51271407E-02
    3.707000      1   0.00000000E+00  0.00000000E+00  2.69805608E-03  0.00000000E+00  0.00000000E+00  0.00000000E+00  0.00000000E+00  0.00000000E+00  1.04524914E-02  0.00000000E+00  0.00000000E+00 -1.50746050E-02
    3.708000      1   0.00000000E+00  0.00000000E+00  2.69547279E-03  0.00000000E+00  0.00000000E+00  0.00000000E+00  0.00000000E+00  0.00000000E+00  1.04374667E-02  0.00000000E+00  0.00000000E+00 -1.50247565E-02
    3.709000      1   0.00000000E+00  0.00000000E+00  2.70432171E-03  0.00000000E+00  0.00000000E+00  0.00000000E+00  0.00000000E+00  0.00000000E+00  1.04224908E-02  0.00000000E+00  0.00000000E+00 -1.49758496E-02
    3.710000      1   0.00000000E+00  0.00000000E+00  2.70445602E-03  0.00000000E+00  0.00000000E+00  0.00000000E+00  0.00000000E+00  0.00000000E+00  1.04075646E-02  0.00000000E+00  0.00000000E+00 -1.49262262E-02
    3.711000      1   0.00000000E+00  0.00000000E+00  2.69709061E-03  0.00000000E+00  0.00000000E+00  0.00000000E+00  0.00000000E+00  0.00000000E+00  1.03926909E-02  0.00000000E+00  0.00000000E+00 -1.48736729E-02
    3.712000      1   0.00000000E+00  0.00000000E+00  2.69912698E-03  0.00000000E+00  0.00000000E+00  0.00000000E+00  0.00000000E+00  0.00000000E+00  1.03778685E-02  0.00000000E+00  0.00000000E+00 -1.48223781E-02
    3.713000      1   0.00000000E+00  0.00000000E+00  2.72039636E-03  0.00000000E+00  0.00000000E+00  0.00000000E+00  0.00000000E+00  0.00000000E+00  1.03630954E-02  0.00000000E+00  0.00000000E+00 -1.47731420E-02
    3.714000      1   0.00000000E+00  0.00000000E+00  2.70900708E-03  0.00000000E+00  0.00000000E+00  0.00000000E+00  0.00000000E+00  0.00000000E+00  1.03483759E-02  0.00000000E+00  0.00000000E+00 -1.47194759E-02
    3.715000      1   0.00000000E+00  0.00000000E+00  2.70678905E-03  0.00000000E+00  0.00000000E+00  0.00000000E+00  0.00000000E+00  0.00000000E+00  1.03337151E-02  0.00000000E+00  0.00000000E+00 -1.46608387E-02
    3.716000      1   0.00000000E+00  0.00000000E+00  2.70157556E-03  0.00000000E+00  0.00000000E+00  0.00000000E+00  0.00000000E+00  0.00000000E+00  1.03191088E-02  0.00000000E+00  0.00000000E+00 -1.46063341E-02
    3.717000      1   0.00000000E+00  0.00000000E+00  2.72447902E-03  0.00000000E+00  0.00000000E+00  0.00000000E+00  0.00000000E+00  0.00000000E+00  1.03045553E-02  0.00000000E+00  0.00000000E+00 -1.45534799E-02
    3.718000      1   0.00000000E+00  0.00000000E+00  2.70232436E-03  0.00000000E+00  0.00000000E+00  0.00000000E+00  0.00000000E+00  0.00000000E+00  1.02900570E-02  0.00000000E+00  0.00000000E+00 -1.44982877E-02
    3.719000      1   0.00000000E+00  0.00000000E+00  2.70867954E-03  0.00000000E+00  0.00000000E+00  0.00000000E+00  0.00000000E+00  0.00000000E+00  1.02756175E-02  0.00000000E+00  0.00000000E+00 -1.44394915E-02
    3.720000      1   0.00000000E+00  0.00000000E+00  2.70543314E-03  0.00000000E+00  0.00000000E+00  0.00000000E+00  0.00000000E+00  0.00000000E+00  1.02612306E-02  0.00000000E+00  0.00000000E+00 -1.43868473E-02
    3.721000      1   0.00000000E+00  0.00000000E+00  2.70956755E-03  0.00000000E+00  0.00000000E+00  0.00000000E+00  0.00000000E+00  0.00000000E+00  1.02468980E-02  0.00000000E+00  0.00000000E+00 -1.43326901E-02
    3.722000      1   0.00000000E+00  0.00000000E+00  2.71220859E-03  0.00000000E+00  0.00000000E+00  0.00000000E+00  0.00000000E+00  0.00000000E+00  1.02326191E-02  0.00000000E+00  0.00000000E+00 -1.42788679E-02
    3.723000      1   0.00000000E+00  0.00000000E+00  2.69058790E-03  0.00000000E+00  0.00000000E+00  0.00000000E+00  0.00000000E+00  0.00000000E+00  1.02183959E-02  0.00000000E+00  0.00000000E+00 -1.42232209E-02
    3.724000      1   0.00000000E+00  0.00000000E+00  2.70590899E-03  0.00000000E+00  0.00000000E+00  0.00000000E+00  0.00000000E+00  0.00000000E+00  1.02042253E-02  0.00000000E+00  0.00000000E+00 -1.41705299E-02
    3.725000      1   0.00000000E+00  0.00000000E+00  2.70236174E-03  0.00000000E+00  0.00000000E+00  0.00000000E+00  0.00000000E+00  0.00000000E+00  1.01901031E-02  0.00000000E+00  0.00000000E+00 -1.41222300E-02
    3.726000      1   0.00000000E+00  0.00000000E+00  2.70053089E-03  0.00000000E+00  0.00000000E+00  0.00000000E+00  0.00000000E+00  0.00000000E+00  1.01760336E-02  0.00000000E+00  0.00000000E+00 -1.40695259E-02
    3.727000      1   0.00000000E+00  0.00000000E+00  2.69227268E-03  0.00000000E+00  0.00000000E+00  0.00000000E+00  0.00000000E+00  0.00000000E+00  1.01620153E-02  0.00000000E+00  0.00000000E+00 -1.40183104E-02
    3.728000      1   0.00000000E+00  0.00000000E+00  2.70120648E-03  0.00000000E+00  0.00000000E+00  0.00000000E+00  0.00000000E+00  0.00000000E+00  1.01480461E-02  0.00000000E+00  0.00000000E+00 -1.39691566E-02
    3.729000      1   0.00000000E+00  0.00000000E+00  2.70623873E-03  0.00000000E+00  0.00000000E+00  0.00000000E+00  0.00000000E+00  0.00000000E+00  1.01341250E-02  0.00000000E+00  0.00000000E+00 -1.39211351E-02
    3.730000      1   0.00000000E+00  0.00000000E+00  2.69061033E-03  0.00000000E+00  0.00000000E+00  0.00000000E+00  0.00000000E+00  0.00000000E+00  1.01202557E-02  0.00000000E+00  0.00000000E+00 -1.38692897E-02
    3.731000      1   0.00000000E+00  0.00000000E+00  2.70285654E-03  0.00000000E+00  0.00000000E+00  0.00000000E+00  0.00000000E+00  0.00000000E+00  1.01064371E-02  0.00000000E+00  0.00000000E+00 -1.38185553E-02
    3.732000      1   0.00000000E+00  0.00000000E+00  2.70717599E-03  0.00000000E+00  0.00000000E+00  0.00000000E+00  0.00000000E+00  0.00000000E+00  1.00926663E-02  0.00000000E+00  0.00000000E+00 -1.37707879E-02
    3.733000      1   0.00000000E+00  0.00000000E+00  2.71077303E-03  0.00000000E+00  0.00000000E+00  0.00000000E+00  0.00000000E+00  0.00000000E+00  1.00789481E-02  0.00000000E+00  0.00000000E+00 -1.37182348E-02
    3.734000      1   0.00000000E+00  0.00000000E+00  2.70938029E-03  0.00000000E+00  0.00000000E+00  0.00000000E+00  0.00000000E+00  0.00000000E+00  1.00652845E-02  0.00000000E+00  0.00000000E+00 -1.36636271E-02
    3.735000      1   0.00000000E+00  0.00000000E+00  2.70029682E-03  0.00000000E+00  0.00000000E+00  0.00000000E+00  0.00000000E+00  0.00000000E+00  1.00516764E-02  0.00000000E+00  0.00000000E+00 -1.36080843E-02
    3.736000      1   0.00000000E+00  0.00000000E+00  2.71657862E-03  0.00000000E+00  0.00000000E+00  0.00000000E+00  0.00000000E+00  0.00000000E+00  1.00381218E-02  0.00000000E+00  0.00000000E+00 -1.35546053E-02
    3.737000      1   0.00000000E+00  0.00000000E+00  2.71309896E-03  0.00000000E+00  0.00000000E+00  0.00000000E+00  0.00000000E+00  0.00000000E+00  1.00246206E-02  0.00000000E+00  0.00000000E+00 -1.35012301E-02
    3.738000      1   0.00000000E+00  0.00000000E+00  2.70726042E-03  0.00000000E+00  0.00000000E+00  0.00000000E+00  0.00000000E+00  0.00000000E+00  1.00111774E-02  0.00000000E+00  0.00000000E+00 -1.34431231E-02
    3.739000      1   0.00000000E+00  0.00000000E+00  2.70189179E-03  0.00000000E+00  0.00000000E+00  0.00000000E+00  0.00000000E+00  0.00000000E+00  9.99779025E-03  0.00000000E+00  0.00000000E+00 -1.33871913E-02
    3.740000      1   0.00000000E+00  0.00000000E+00  2.70962190E-03  0.00000000E+00  0.00000000E+00  0.00000000E+00  0.00000000E+00  0.00000000E+00  9.98445612E-03  0.00000000E+00  0.00000000E+00 -1.33341264E-02
    3.741000      1   0.00000000E+00  0.00000000E+00  2.70415576E-03  0.00000000E+00  0.00000000E+00  0.00000000E+00  0.00000000E+00  0.00000000E+00  9.97117467E-03  0.00000000E+00  0.00000000E+00 -1.32814577E-02
    3.742000      1   0.00000000E+00  0.00000000E+00  2.71351702E-03  0.00000000E+00  0.00000000E+00  0.00000000E+00  0.00000000E+00  0.00000000E+00  9.95794745E-03  0.00000000E+00  0.00000000E+00 -1.32272169E-02
    3.743000      1   0.00000000E+00  0.00000000E+00  2.69576578E-03  0.00000000E+00  0.00000000E+00  0.00000000E+00  0.00000000E+00  0.00000000E+00  9.94477433E-03  0.00000000E+00  0.00000000E+00 -1.31731158E-02
    3.744000      1   0.00000000E+00  0.00000000E+00  2.70222894E-03  0.00000000E+00  0.00000000E+00  0.00000000E+00  0.00000000E+00  0.00000000E+00  9.93165525E-03  0.00000000E+00  0.00000000E+00 -1.31190794E-02
    3.745000      1   0.00000000E+00  0.00000000E+00  2.69666124E-03  0.00000000E+00  0.00000000E+00  0.00000000E+00  0.00000000E+00  0.00000000E+00  9.91858552E-03  0.00000000E+00  0.00000000E+00 -1.30697299E-02
    3.746000      1   0.00000000E+00  0.00000000E+00  2.69927970E-03  0.00000000E+00  0.00000000E+00  0.00000000E+00  0.00000000E+00  0.00000000E+00  9.90556628E-03  0.00000000E+00  0.00000000E+00 -1.30192424E-02
    3.747000      1   0.00000000E+00  0.00000000E+00  2.69517823E-03  0.00000000E+00  0.00000000E+00  0.00000000E+00  0.00000000E+00  0.00000000E+00  9.89259616E-03  0.00000000E+00  0.00000000E+00 -1.29701203E-02
    3.748000      1   0.00000000E+00  0.00000000E+00  2.69556795E-03  0.00000000E+00  0.00000000E+00  0.00000000E+00  0.00000000E+00  0.00000000E+00  9.87967530E-03  0.00000000E+00  0.00000000E+00 -1.29208636E-02
    3.749000      1   0.00000000E+00  0.00000000E+00  2.69968412E-03  0.00000000E+00  0.00000000E+00  0.00000000E+00  0.00000000E+00  0.00000000E+00  9.86680241E-03  0.00000000E+00  0.00000000E+00 -1.28728849E-02
    3.750000      1   0.00000000E+00  0.00000000E+00  2.70041064E-03  0.00000000E+00  0.00000000E+00  0.00000000E+00  0.00000000E+00  0.00000000E+00  9.85397836E-03  0.00000000E+00  0.00000000E+00 -1.28240504E-02
    3.751000      1   0.00000000E+00  0.00000000E+00  2.69652300E-03  0.00000000E+00  0.00000000E+00  0.00000000E+00  0.00000000E+00  0.00000000E+00  9.84120463E-03  0.00000000E+00  0.00000000E+00 -1.27737356E-02
    3.752000      1   0.00000000E+00  0.00000000E+00  2.69550698E-03  0.00000000E+00  0.00000000E+00  0.00000000E+00  0.00000000E+00  0.00000000E+00  9.82848076E-03  0.00000000E+00  0.00000000E+00 -1.27238697E-02
    3.753000      1   0.00000000E+00  0.00000000E+00  2.70639636E-03  0.00000000E+00  0.00000000E+00  0.00000000E+00  0.00000000E+00  0.00000000E+00  9.81580530E-03  0.00000000E+00  0.00000000E+00 -1.26754602E-02
    3.754000      1   0.00000000E+00  0.00000000E+00  2.70688099E-03  0.00000000E+00  0.00000000E+00  0.00000000E+00  0.00000000E+00  0.00000000E+00  9.80317984E-03  0.00000000E+00  0.00000000E+00 -1.26254587E-02
    3.755000      1   0.00000000E+00  0.00000000E+00  2.71186438E-03  0.00000000E+00  0.00000000E+00  0.00000000E+00  0.00000000E+00  0.00000000E+00  9.79060804E-03  0.00000000E+00  0.00000000E+00 -1.25717952E-02
    3.756000      1   0.00000000E+00  0.00000000E+00  2.69931649E-03  0.00000000E+00  0.00000000E+00  0.00000000E+00  0.00000000E+00  0.00000000E+00  9.77809095E-03  0.00000000E+00  0.00000000E+00 -1.25170914E-02
    3.757000      1   0.00000000E+00  0.00000000E+00  2.70180372E-03  0.00000000E+00  0.00000000E+00  0.00000000E+00  0.00000000E+00  0.00000000E+00  9.76562798E-03  0.00000000E+00  0.00000000E+00 -1.24629699E-02
    3.758000      1   0.00000000E+00  0.00000000E+00  2.71459358E-03  0.00000000E+00  0.00000000E+00  0.00000000E+00  0.00000000E+00  0.00000000E+00  9.75321545E-03  0.00000000E+00  0.00000000E+00 -1.24125294E-02
    3.759000      1   0.00000000E+00  0.00000000E+00  2.70488976E-03  0.00000000E+00  0.00000000E+00  0.00000000E+00  0.00000000E+00  0.00000000E+00  9.74085644E-03  0.00000000E+00  0.00000000E+00 -1.23590104E-02
    3.760000      1   0.00000000E+00  0.00000000E+00  2.70170746E-03  0.00000000E+00  0.00000000E+00  0.00000000E+00  0.00000000E+00  0.00000000E+00  9.72855343E-03  0.00000000E+00  0.00000000E+00 -1.23030070E-02
    3.761000      1   0.00000000E+00  0.00000000E+00  2.70068757E-03  0.00000000E+00  0.00000000E+00  0.00000000E+00  0.00000000E+00  0.00000000E+00  9.71630268E-03  0.00000000E+00  0.00000000E+00 -1.22507533E-02
    3.762000      1   0.00000000E+00  0.00000000E+00  2.70859131E-03  0.00000000E+00  0.00000000E+00  0.00000000E+00  0.00000000E+00  0.00000000E+00  9.70410296E-03  0.00000000E+00  0.00000000E+00 -1.21997250E-02
    3.763000      1   0.00000000E+00  0.00000000E+00  2.70014873E-03  0.00000000E+00  0.00000000E+00  0.00000000E+00  0.00000000E+00  0.00000000E+00  9.69195532E-03  0.00000000E+00  0.00000000E+00 -1.21476340E-02
    3.764000      1   0.00000000E+00  0.00000000E+00  2.71002125E-03  0.00000000E+00  0.00000000E+00  0.00000000E+00  0.00000000E+00  0.00000000E+00  9.67986088E-03  0.00000000E+00  0.00000000E+00 -1.20944402E-02
    3.765000      1   0.00000000E+00  0.00000000E+00  2.68989971E-03  0.00000000E+00  0.00000000E+00  0.00000000E+00  0.00000000E+00  0.00000000E+00  9.66781861E-03  0.00000000E+00  0.00000000E+00 -1.20422733E-02
    3.766000      1   0.00000000E+00  0.00000000E+00  2.69687970E-03  0.00000000E+00  0.00000000E+00  0.00000000E+00  0.00000000E+00  0.00000000E+00  9.65582819E-03  0.00000000E+00  0.00000000E+00 -1.19904223E-02
    3.767000      1   0.00000000E+00  0.00000000E+00  2.69877335E-03  0.00000000E+00  0.00000000E+00  0.00000000E+00  0.00000000E+00  0.00000000E+00  9.64388424E-03  0.00000000E+00  0.00000000E+00 -1.19439453E-02
    3.768000      1   0.00000000E+00  0.00000000E+00  2.70104128E-03  0.00000000E+00  0.00000000E+00  0.00000000E+00  0.00000000E+00  0.00000000E+00  9.63198940E-03  0.00000000E+00  0.00000000E+00 -1.18948410E-02
    3.769000      1   0.00000000E+00  0.00000000E+00  2.69058389E-03  0.00000000E+00  0.00000000E+00  0.00000000E+00  0.00000000E+00  0.00000000E+00  9.62014469E-03  0.00000000E+00  0.00000000E+00 -1.18447138E-02
    3.770000      1   0.00000000E+00  0.00000000E+00  2.68995063E-03  0.00000000E+00  0.00000000E+00  0.00000000E+00  0.00000000E+00  0.00000000E+00  9.60834900E-03  0.00000000E+00  0.00000000E+00 -1.17956910E-02
    3.771000      1   0.00000000E+00  0.00000000E+00  2.69382815E-03  0.00000000E+00  0.00000000E+00  0.00000000E+00  0.00000000E+00  0.00000000E+00  9.59659878E-03  0.00000000E+00  0.00000000E+00 -1.17502146E-02
    3.772000      1   0.00000000E+00  0.00000000E+00  2.70267196E-03  0.00000000E+00  0.00000000E+00  0.00000000E+00  0.00000000E+00  0.00000000E+00  9.58489452E-03  0.00000000E+00  0.00000000E+00 -1.17042604E-02
    3.773000      1   0.00000000E+00  0.00000000E+00  2.69371984E-03  0.00000000E+00  0.00000000E+00  0.00000000E+00  0.00000000E+00  0.00000000E+00  9.57323905E-03  0.00000000E+00  0.00000000E+00 -1.16554689E-02
    3.774000      1   0.00000000E+00  0.00000000E+00  2.69088482E-03  0.00000000E+00  0.00000000E+00  0.00000000E+00  0.00000000E+00  0.00000000E+00  9.56163370E-03  0.00000000E+00  0.00000000E+00 -1.16053560E-02
    3.775000      1   0.00000000E+00  0.00000000E+00  2.69228872E-03  0.00000000E+00  0.00000000E+00  0.00000000E+00  0.00000000E+00  0.00000000E+00  9.55007501E-03  0.00000000E+00  0.00000000E+00 -1.15586845E-02
    3.776000      1   0.00000000E+00  0.00000000E+00  2.70591262E-03  0.00000000E+00  0.00000000E+00  0.00000000E+00  0.00000000E+00  0.00000000E+00  9.53856232E-03  0.00000000E+00  0.00000000E+00 -1.15126958E-02
    3.777000      1   0.00000000E+00  0.00000000E+00  2.70054999E-03  0.00000000E+00  0.00000000E+00  0.00000000E+00  0.00000000E+00  0.00000000E+00  9.52709848E-03  0.00000000E+00  0.00000000E+00 -1.14638367E-02
    3.778000      1   0.00000000E+00  0.00000000E+00  2.70127350E-03  0.00000000E+00  0.00000000E+00  0.00000000E+00  0.00000000E+00  0.00000000E+00  9.51568703E-03  0.00000000E+00  0.00000000E+00 -1.14114518E-02
    3.779000      1   0.00000000E+00  0.00000000E+00  2.70484239E-03  0.00000000E+00  0.00000000E+00  0.00000000E+00  0.00000000E+00  0.00000000E+00  9.50432633E-03  0.00000000E+00  0.00000000E+00 -1.13607000E-02
    3.780000      1   0.00000000E+00  0.00000000E+00  2.69468297E-03  0.00000000E+00  0.00000000E+00  0.00000000E+00  0.00000000E+00  0.00000000E+00  9.49301725E-03  0.00000000E+00  0.00000000E+00 -1.13090795E-02
    3.781000      1   0.00000000E+00  0.00000000E+00  2.71273239E-03  0.00000000E+00  0.00000000E+00  0.00000000E+00  0.00000000E+00  0.00000000E+00  9.48175916E-03  0.00000000E+00  0.00000000E+00 -1.12580835E-02
    3.782000      1   0.00000000E+00  0.00000000E+00  2.70271444E-03  0.00000000E+00  0.00000000E+00  0.00000000E+00  0.00000000E+00  0.00000000E+00  9.47055193E-03  0.00000000E+00  0.00000000E+00 -1.12072322E-02
    3.783000      1   0.00000000E+00  0.00000000E+00  2.69839130E-03  0.00000000E+00  0.00000000E+00  0.00000000E+00  0.00000000E+00  0.00000000E+00  9.45939971E-03  0.00000000E+00  0.00000000E+00 -1.11522247E-02
    3.784000      1   0.00000000E+00  0.00000000E+00  2.69646568E-03  0.00000000E+00  0.00000000E+00  0.00000000E+00  0.00000000E+00  0.00000000E+00  9.44829844E-03  0.00000000E+00  0.00000000E+00 -1.11012718E-02
    3.785000      1   0.00000000E+00  0.00000000E+00  2.70342740E-03  0.00000000E+00  0.00000000E+00  0.00000000E+00  0.00000000E+00  0.00000000E+00  9.43724636E-03  0.00000000E+00  0.00000000E+00 -1.10520792E-02
    3.786000      1   0.00000000E+00  0.00000000E+00  2.69877610E-03  0.00000000E+00  0.00000000E+00  0.00000000E+00  0.00000000E+00  0.00000000E+00  9.42624407E-03  0.00000000E+00  0.00000000E+00 -1.10022878E-02
    3.787000      1   0.00000000E+00  0.00000000E+00  2.69554536E-03  0.00000000E+00  0.00000000E+00  0.00000000E+00  0.00000000E+00  0.00000000E+00  9.41529304E-03  0.00000000E+00  0.00000000E+00 -1.09510327E-02
    3.788000      1   0.00000000E+00  0.00000000E+00  2.69688930E-03  0.00000000E+00  0.00000000E+00  0.00000000E+00  0.00000000E+00  0.00000000E+00  9.40439116E-03  0.00000000E+00  0.00000000E+00 -1.09018765E-02
    3.789000      1   0.00000000E+00  0.00000000E+00  2.70033748E-03  0.00000000E+00  0.00000000E+00  0.00000000E+00  0.00000000E+00  0.00000000E+00  9.39353762E-03  0.00000000E+00  0.00000000E+00 -1.08535436E-02
    3.790000      1   0.00000000E+00  0.00000000E+00  2.69185514E-03  0.00000000E+00  0.00000000E+00  0.00000000E+00  0.00000000E+00  0.00000000E+00  9.38273346E-03  0.00000000E+00  0.00000000E+00 -1.08041596E-02
    3.791000      1   0.00000000E+00  0.00000000E+00  2.69911967E-03  0.00000000E+00  0.00000000E+00  0.00000000E+00  0.00000000E+00  0.00000000E+00  9.37197831E-03  0.00000000E+00  0.00000000E+00 -1.07551431E-02
    3.792000      1   0.00000000E+00  0.00000000E+00  2.68737139E-03  0.00000000E+00  0.00000000E+00  0.00000000E+00  0.00000000E+00  0.00000000E+00  9.36127069E-03  0.00000000E+00  0.00000000E+00 -1.07076278E-02
    3.793000      1   0.00000000E+00  0.00000000E+00  2.68863312E-03  0.00000000E+00  0.00000000E+00  0.00000000E+00  0.00000000E+00  0.00000000E+00  9.35061088E-03  0.00000000E+00  0.00000000E+00 -1.06598042E-02
    3.794000      1   0.00000000E+00  0.00000000E+00  2.69107521E-03  0.00000000E+00  0.00000000E+00  0.00000000E+00  0.00000000E+00  0.00000000E+00  9.33999527E-03  0.00000000E+00  0.00000000E+00 -1.06156158E-02
    3.795000      1   0.00000000E+00  0.00000000E+00  2.68699220E-03  0.00000000E+00  0.00000000E+00  0.00000000E+00  0.00000000E+00  0.00000000E+00  9.32942468E-03  0.00000000E+00  0.00000000E+00 -1.05705811E-02
    3.796000      1   0.00000000E+00  0.00000000E+00  2.68954343E-03  0.00000000E+00  0.00000000E+00  0.00000000E+00  0.00000000E+00  0.00000000E+00  9.31889922E-03  0.00000000E+00  0.00000000E+00 -1.05254665E-02
    3.797000      1   0.00000000E+00  0.00000000E+00  2.69285999E-03  0.00000000E+00  0.00000000E+00  0.00000000E+00  0.00000000E+00  0.00000000E+00  9.30841798E-03  0.00000000E+00  0.00000000E+00 -1.04812416E-02
    3.798000      1   0.00000000E+00  0.00000000E+00  2.69048228E-03  0.00000000E+00  0.00000000E+00  0.00000000E+00  0.00000000E+00  0.00000000E+00  9.29798238E-03  0.00000000E+00  0.00000000E+00 -1.04355924E-02
    3.799000      1   0.00000000E+00  0.00000000E+00  2.68769972E-03  0.00000000E+00  0.00000000E+00  0.00000000E+00  0.00000000E+00  0.00000000E+00  9.28759311E-03  0.00000000E+00  0.00000000E+00 -1.03892745E-02
    3.800000      1   0.00000000E+00  0.00000000E+00  2.68957768E-03  0.00000000E+00  0.00000000E+00  0.00000000E+00  0.00000000E+00  0.00000000E+00  9.27724888E-03  0.00000000E+00  0.00000000E+00 -1.03442295E-02
    3.801000      1   0.00000000E+00  0.00000000E+00  2.69802092E-03  0.00000000E+00  0.00000000E+00  0.00000000E+00  0.00000000E+00  0.00000000E+00  9.26694911E-03  0.00000000E+00  0.00000000E+00 -1.02997662E-02
    3.802000      1   0.00000000E+00  0.00000000E+00  2.70116253E-03  0.00000000E+00  0.00000000E+00  0.00000000E+00  0.00000000E+00  0.00000000E+00  9.25669592E-03  0.00000000E+00  0.00000000E+00 -1.02531931E-02
    3.803000      1   0.00000000E+00  0.00000000E+00  2.69451395E-03  0.00000000E+00  0.00000000E+00  0.00000000E+00  0.00000000E+00  0.00000000E+00  9.24649263E-03  0.00000000E+00  0.00000000E+00 -1.02032915E-02
    3.804000      1   0.00000000E+00  0.00000000E+00  2.69758249E-03  0.00000000E+00  0.00000000E+00  0.00000000E+00  0.00000000E+00  0.00000000E+00  9.23633909E-03  0.00000000E+00  0.00000000E+00 -1.01535339E-02
    3.805000      1   0.00000000E+00  0.00000000E+00  2.69743817E-03  0.00000000E+00  0.00000000E+00  0.00000000E+00  0.00000000E+00  0.00000000E+00  9.22623368E-03  0.00000000E+00  0.00000000E+00 -1.01054172E-02
    3.806000      1   0.00000000E+00  0.00000000E+00  2.69282714E-03  0.00000000E+00  0.00000000E+00  0.00000000E+00  0.00000000E+00  0.00000000E+00  9.21617736E-03  0.00000000E+00  0.00000000E+00 -1.00563182E-02
    3.807000      1   0.00000000E+00  0.00000000E+00  2.70007682E-03  0.00000000E+00  0.00000000E+00  0.00000000E+00  0.00000000E+00  0.00000000E+00  9.20616928E-03  0.00000000E+00  0.00000000E+00 -1.00080821E-02
    3.808000      1   0.00000000E+00  0.00000000E+00  2.69734051E-03  0.00000000E+00  0.00000000E+00  0.00000000E+00  0.00000000E+00  0.00000000E+00  9.19620920E-03  0.00000000E+00  0.00000000E+00 -9.96007821E-03
    3.809000      1   0.00000000E+00  0.00000000E+00  2.69506712E-03  0.00000000E+00  0.00000000E+00  0.00000000E+00  0.00000000E+00  0.00000000E+00  9.18629902E-03  0.00000000E+00  0.00000000E+00 -9.91017734E-03
    3.810000      1   0.00000000E+00  0.00000000E+00  2.69180132E-03  0.00000000E+00  0.00000000E+00  0.00000000E+00  0.00000000E+00  0.00000000E+00  9.17643744E-03  0.00000000E+00  0.00000000E+00 -9.86157714E-03
    3.811000      1   0.00000000E+00  0.00000000E+00  2.68960118E-03  0.00000000E+00  0.00000000E+00  0.00000000E+00  0.00000000E+00  0.00000000E+00  9.16662314E-03  0.00000000E+00  0.00000000E+00 -9.81430108E-03
    3.812000      1   0.00000000E+00  0.00000000E+00  2.69399017E-03  0.00000000E+00  0.00000000E+00  0.00000000E+00  0.00000000E+00  0.00000000E+00  9.15685466E-03  0.00000000E+00  0.00000000E+00 -9.76848662E-03
    3.813000      1   0.00000000E+00  0.00000000E+00  2.69678946E-03  0.00000000E+00  0.00000000E+00  0.00000000E+00  0.00000000E+00  0.00000000E+00  9.14713204E-03  0.00000000E+00  0.00000000E+00 -9.72261858E-03
    3.814000      1   0.00000000E+00  0.00000000E+00  2.68943881E-03  0.00000000E+00  0.00000000E+00  0.00000000E+00  0.00000000E+00  0.00000000E+00  9.13745722E-03  0.00000000E+00  0.00000000E+00 -9.67481411E-03
    3.815000      1   0.00000000E+00  0.00000000E+00  2.69288125E-03  0.00000000E+00  0.00000000E+00  0.00000000E+00  0.00000000E+00  0.00000000E+00  9.12782983E-03  0.00000000E+00  0.00000000E+00 -9.62739018E-03
    3.816000      1   0.00000000E+00  0.00000000E+00  2.69158814E-03  0.00000000E+00  0.00000000E+00  0.00000000E+00  0.00000000E+00  0.00000000E+00  9.11824806E-03  0.00000000E+00  0.00000000E+00 -9.58177157E-03
    3.817000      1   0.00000000E+00  0.00000000E+00  2.68586698E-03  0.00000000E+00  0.00000000E+00  0.00000000E+00  0.00000000E+00  0.00000000E+00  9.10871281E-03  0.00000000E+00  0.00000000E+00 -9.53525107E-03
    3.818000      1   0.00000000E+00  0.00000000E+00  2.68787206E-03  0.00000000E+00  0.00000000E+00  0.00000000E+00  0.00000000E+00  0.00000000E+00  9.09922264E-03  0.00000000E+00  0.00000000E+00 -9.49016698E-03
    3.819000      1   0.00000000E+00  0.00000000E+00  2.69042624E-03  0.00000000E+00  0.00000000E+00  0.00000000E+00  0.00000000E+00  0.00000000E+00  9.08977604E-03  0.00000000E+00  0.00000000E+00 -9.44660723E-03
    3.820000      1   0.00000000E+00  0.00000000E+00  2.68653342E-03  0.00000000E+00  0.00000000E+00  0.00000000E+00  0.00000000E+00  0.00000000E+00  9.08037410E-03  0.00000000E+00  0.00000000E+00 -9.40193730E-03
    3.821000      1   0.00000000E+00  0.00000000E+00  2.67880101E-03  0.00000000E+00  0.00000000E+00  0.00000000E+00  0.00000000E+00  0.00000000E+00  9.07101698E-03  0.00000000E+00  0.00000000E+00 -9.35711694E-03
    3.822000      1   0.00000000E+00  0.00000000E+00  2.68573133E-03  0.00000000E+00  0.00000000E+00  0.00000000E+00  0.00000000E+00  0.00000000E+00  9.06170204E-03  0.00000000E+00  0.00000000E+00 -9.31494243E-03
    3.823000      1   0.00000000E+00  0.00000000E+00  2.67955017E-03  0.00000000E+00  0.00000000E+00  0.00000000E+00  0.00000000E+00  0.00000000E+00  9.05242796E-03  0.00000000E+00  0.00000000E+00 -9.27408181E-03
    3.824000      1   0.00000000E+00  0.00000000E+00  2.68478763E-03  0.00000000E+00  0.00000000E+00  0.00000000E+00  0.00000000E+00  0.00000000E+00  9.04319592E-03  0.00000000E+00  0.00000000E+00 -9.23203824E-03
    3.825000      1   0.00000000E+00  0.00000000E+00  2.69083077E-03  0.00000000E+00  0.00000000E+00  0.00000000E+00  0.00000000E+00  0.00000000E+00  9.03400482E-03  0.00000000E+00  0.00000000E+00 -9.19109847E-03
    3.826000      1   0.00000000E+00  0.00000000E+00  2.68477513E-03  0.00000000E+00  0.00000000E+00  0.00000000E+00  0.00000000E+00  0.00000000E+00  9.02485745E-03  0.00000000E+00  0.00000000E+00 -9.14736997E-03
    3.827000      1   0.00000000E+00  0.00000000E+00  2.67748368E-03  0.00000000E+00  0.00000000E+00  0.00000000E+00  0.00000000E+00  0.00000000E+00  9.01575472E-03  0.00000000E+00  0.00000000E+00 -9.10272769E-03
    3.828000      1   0.00000000E+00  0.00000000E+00  2.68408883E-03  0.00000000E+00  0.00000000E+00  0.00000000E+00  0.00000000E+00  0.00000000E+00  9.00669336E-03  0.00000000E+00  0.00000000E+00 -9.06136359E-03
    3.829000      1   0.00000000E+00  0.00000000E+00  2.68467851E-03  0.00000000E+00  0.00000000E+00  0.00000000E+00  0.00000000E+00  0.00000000E+00  8.99767213E-03  0.00000000E+00  0.00000000E+00 -9.02122605E-03
    3.830000      1   0.00000000E+00  0.00000000E+00  2.69077471E-03  0.00000000E+00  0.00000000E+00  0.00000000E+00  0.00000000E+00  0.00000000E+00  8.98869332E-03  0.00000000E+00  0.00000000E+00 -8.97881501E-03
    3.831000      1   0.00000000E+00  0.00000000E+00  2.68646801E-03  0.00000000E+00  0.00000000E+00  0.00000000E+00  0.00000000E+00  0.00000000E+00  8.97975819E-03  0.00000000E+00  0.00000000E+00 -8.93513227E-03
    3.832000      1   0.00000000E+00  0.00000000E+00  2.68832215E-03  0.00000000E+00  0.00000000E+00  0.00000000E+00  0.00000000E+00  0.00000000E+00  8.97086798E-03  0.00000000E+00  0.00000000E+00 -8.89020903E-03
    3.833000      1   0.00000000E+00  0.00000000E+00  2.68704552E-03  0.00000000E+00  0.00000000E+00  0.00000000E+00  0.00000000E+00  0.00000000E+00  8.96202161E-03  0.00000000E+00  0.00000000E+00 -8.84637230E-03
    3.834000      1   0.00000000E+00  0.00000000E+00  2.69533184E-03  0.00000000E+00  0.00000000E+00  0.00000000E+00  0.00000000E+00  0.00000000E+00  8.95321945E-03  0.00000000E+00  0.00000000E+00 -8.80215239E-03
    3.835000      1   0.00000000E+00  0.00000000E+00  2.68247381E-03  0.00000000E+00  0.00000000E+00  0.00000000E+00  0.00000000E+00  0.00000000E+00  8.94446257E-03  0.00000000E+00  0.00000000E+00 -8.75688641E-03
    3.836000      1   0.00000000E+00  0.00000000E+00  2.68466558E-03  0.00000000E+00  0.00000000E+00  0.00000000E+00  0.00000000E+00  0.00000000E+00  8.93575139E-03  0.00000000E+00  0.00000000E+00 -8.71117287E-03
    3.837000      1   0.00000000E+00  0.00000000E+00  2.69436793E-03  0.00000000E+00  0.00000000E+00  0.00000000E+00  0.00000000E+00  0.00000000E+00  8.92708210E-03  0.00000000E+00  0.00000000E+00 -8.66929451E-03
    3.838000      1   0.00000000E+00  0.00000000E+00  2.69200707E-03  0.00000000E+00  0.00000000E+00  0.00000000E+00  0.00000000E+00  0.00000000E+00  8.91845712E-03  0.00000000E+00  0.00000000E+00 -8.62498059E-03
    3.839000      1   0.00000000E+00  0.00000000E+00  2.68510792E-03  0.00000000E+00  0.00000000E+00  0.00000000E+00  0.00000000E+00  0.00000000E+00  8.90987922E-03  0.00000000E+00  0.00000000E+00 -8.57789777E-03
    3.840000      1   0.00000000E+00  0.00000000E+00  2.68397941E-03  0.00000000E+00  0.00000000E+00  0.00000000E+00  0.00000000E+00  0.00000000E+00  8.90134641E-03  0.00000000E+00  0.00000000E+00 -8.53281032E-03
    3.841000      1   0.00000000E+00  0.00000000E+00  2.68017777E-03  0.00000000E+00  0.00000000E+00  0.00000000E+00  0.00000000E+00  0.00000000E+00  8.89285622E-03  0.00000000E+00  0.00000000E+00 -8.49018823E-03
    3.842000      1   0.00000000E+00  0.00000000E+00  2.69019162E-03  0.00000000E+00  0.00000000E+00  0.00000000E+00  0.00000000E+00  0.00000000E+00  8.88440761E-03  0.00000000E+00  0.00000000E+00 -8.44860903E-03
    3.843000      1   0.00000000E+00  0.00000000E+00  2.68217959E-03  0.00000000E+00  0.00000000E+00  0.00000000E+00  0.00000000E+00  0.00000000E+00  8.87600111E-03  0.00000000E+00  0.00000000E+00 -8.40650751E-03
    3.844000      1   0.00000000E+00  0.00000000E+00  2.68335393E-03  0.00000000E+00  0.00000000E+00  0.00000000E+00  0.00000000E+00  0.00000000E+00  8.86763857E-03  0.00000000E+00  0.00000000E+00 -8.36253413E-03
    3.845000      1   0.00000000E+00  0.00000000E+00  2.68191820E-03  0.00000000E+00  0.00000000E+00  0.00000000E+00  0.00000000E+00  0.00000000E+00  8.85931759E-03  0.00000000E+00  0.00000000E+00 -8.32098435E-03
    3.846000      1   0.00000000E+00  0.00000000E+00  2.68386641E-03  0.00000000E+00  0.00000000E+00  0.00000000E+00  0.00000000E+00  0.00000000E+00  8.85103829E-03  0.00000000E+00  0.00000000E+00 -8.27930279E-03
    3.847000      1   0.00000000E+00  0.00000000E+00  2.68878216E-03  0.00000000E+00  0.00000000E+00  0.00000000E+00  0.00000000E+00  0.00000000E+00  8.84280054E-03  0.00000000E+00  0.00000000E+00 -8.23774823E-03
    3.848000      1   0.00000000E+00  0.00000000E+00  2.67985972E-03  0.00000000E+00  0.00000000E+00  0.00000000E+00  0.00000000E+00  0.00000000E+00  8.83460585E-03  0.00000000E+00  0.00000000E+00 -8.19468455E-03
    3.849000      1   0.00000000E+00  0.00000000E+00  2.67758737E-03  0.00000000E+00  0.00000000E+00  0.00000000E+00  0.00000000E+00  0.00000000E+00  8.82645427E-03  0.00000000E+00  0.00000000E+00 -8.15158430E-03
    3.850000      1   0.00000000E+00  0.00000000E+00  2.68424656E-03  0.00000000E+00  0.00000000E+00  0.00000000E+00  0.00000000E+00  0.00000000E+00  8.81834245E-03  0.00000000E+00  0.00000000E+00 -8.11181615E-03
    3.851000      1   0.00000000E+00  0.00000000E+00  2.67678579E-03  0.00000000E+00  0.00000000E+00  0.00000000E+00  0.00000000E+00  0.00000000E+00  8.81027084E-03  0.00000000E+00  0.00000000E+00 -8.07161667E-03
    3.852000      1   0.00000000E+00  0.00000000E+00  2.67559141E-03  0.00000000E+00  0.00000000E+00  0.00000000E+00  0.00000000E+00  0.00000000E+00  8.80224029E-03  0.00000000E+00  0.00000000E+00 -8.03054957E-03
    3.853000      1   0.00000000E+00  0.00000000E+00  2.67321589E-03  0.00000000E+00  0.00000000E+00  0.00000000E+00  0.00000000E+00  0.00000000E+00  8.79424814E-03  0.00000000E+00  0.00000000E+00 -7.99214391E-03
    3.854000      1   0.00000000E+00  0.00000000E+00  2.67561728E-03  0.00000000E+00  0.00000000E+00  0.00000000E+00  0.00000000E+00  0.00000000E+00  8.78629359E-03  0.00000000E+00  0.00000000E+00 -7.95455059E-03
    3.855000      1   0.00000000E+00  0.00000000E+00  2.67000748E-03  0.00000000E+00  0.00000000E+00  0.00000000E+00  0.00000000E+00  0.00000000E+00  8.77837628E-03  0.00000000E+00  0.00000000E+00 -7.91731276E-03
    3.856000      1   0.00000000E+00  0.00000000E+00  2.67785453E-03  0.00000000E+00  0.00000000E+00  0.00000000E+00  0.00000000E+00  0.00000000E+00  8.77049600E-03  0.00000000E+00  0.00000000E+00 -7.88027831E-03
    3.857000      1   0.00000000E+00  0.00000000E+00  2.67527981E-03  0.00000000E+00  0.00000000E+00  0.00000000E+00  0.00000000E+00  0.00000000E+00  8.76265230E-03  0.00000000E+00  0.00000000E+00 -7.84369854E-03
    3.858000      1   0.00000000E+00  0.00000000E+00  2.67778886E-03  0.00000000E+00  0.00000000E+00  0.00000000E+00  0.00000000E+00  0.00000000E+00  8.75484730E-03  0.00000000E+00  0.00000000E+00 -7.80499699E-03
    3.859000      1   0.00000000E+00  0.00000000E+00  2.67386410E-03  0.00000000E+00  0.00000000E+00  0.00000000E+00  0.00000000E+00  0.00000000E+00  8.74708061E-03  0.00000000E+00  0.00000000E+00 -7.76669733E-03
    3.860000      1   0.00000000E+00  0.00000000E+00  2.67504716E-03  0.00000000E+00  0.00000000E+00  0.00000000E+00  0.00000000E+00  0.00000000E+00  8.73935234E-03  0.00000000E+00  0.00000000E+00 -7.72826770E-03
    3.861000      1   0.00000000E+00  0.00000000E+00  2.67343591E-03  0.00000000E+00  0.00000000E+00  0.00000000E+00  0.00000000E+00  0.00000000E+00  8.73166142E-03  0.00000000E+00  0.00000000E+00 -7.69091781E-03
    3.862000      1   0.00000000E+00  0.00000000E+00  2.67389770E-03  0.00000000E+00  0.00000000E+00  0.00000000E+00  0.00000000E+00  0.00000000E+00  8.72400796E-03  0.00000000E+00  0.00000000E+00 -7.65346432E-03
    3.863000      1   0.00000000E+00  0.00000000E+00  2.67638298E-03  0.00000000E+00  0.00000000E+00  0.00000000E+00  0.00000000E+00  0.00000000E+00  8.71639150E-03  0.00000000E+00  0.00000000E+00 -7.61645832E-03
    3.864000      1   0.00000000E+00  0.00000000E+00  2.68493838E-03  0.00000000E+00  0.00000000E+00  0.00000000E+00  0.00000000E+00  0.00000000E+00  8.70881264E-03  0.00000000E+00  0.00000000E+00 -7.57886118E-03
    3.865000      1   0.00000000E+00  0.00000000E+00  2.68260484E-03  0.00000000E+00  0.00000000E+00  0.00000000E+00  0.00000000E+00  0.00000000E+00  8.70127370E-03  0.00000000E+00  0.00000000E+00 -7.53893490E-03
    3.866000      1   0.00000000E+00  0.00000000E+00  2.67656437E-03  0.00000000E+00  0.00000000E+00  0.00000000E+00  0.00000000E+00  0.00000000E+00  8.69377709E-03  0.00000000E+00  0.00000000E+00 -7.49661156E-03
    3.867000      1   0.00000000E+00  0.00000000E+00  2.68219603E-03  0.00000000E+00  0.00000000E+00  0.00000000E+00  0.00000000E+00  0.00000000E+00  8.68632097E-03  0.00000000E+00  0.00000000E+00 -7.45612278E-03
    3.868000      1   0.00000000E+00  0.00000000E+00  2.68435729E-03  0.00000000E+00  0.00000000E+00  0.00000000E+00  0.00000000E+00  0.00000000E+00  8.67890435E-03  0.00000000E+00  0.00000000E+00 -7.41662188E-03
    3.869000      1   0.00000000E+00  0.00000000E+00  2.68047102E-03  0.00000000E+00  0.00000000E+00  0.00000000E+00  0.00000000E+00  0.00000000E+00  8.67152946E-03  0.00000000E+00  0.00000000E+00 -7.37488927E-03
    3.870000      1   0.00000000E+00  0.00000000E+00  2.67594778E-03  0.00000000E+00  0.00000000E+00  0.00000000E+00  0.00000000E+00  0.00000000E+00  8.66419632E-03  0.00000000E+00  0.00000000E+00 -7.33313411E-03
    3.871000      1   0.00000000E+00  0.00000000E+00  2.67729952E-03  0.00000000E+00  0.00000000E+00  0.00000000E+00  0.00000000E+00  0.00000000E+00  8.65690287E-03  0.00000000E+00  0.00000000E+00 -7.29345514E-03
    3.872000      1   0.00000000E+00  0.00000000E+00  2.68641822E-03  0.00000000E+00  0.00000000E+00  0.00000000E+00  0.00000000E+00  0.00000000E+00  8.64964785E-03  0.00000000E+00  0.00000000E+00 -7.25502264E-03
    3.873000      1   0.00000000E+00  0.00000000E+00  2.67740752E-03  0.00000000E+00  0.00000000E+00  0.00000000E+00  0.00000000E+00  0.00000000E+00  8.64243331E-03  0.00000000E+00  0.00000000E+00 -7.21453366E-03
    3.874000      1   0.00000000E+00  0.00000000E+00  2.67560598E-03  0.00000000E+00  0.00000000E+00  0.00000000E+00  0.00000000E+00  0.00000000E+00  8.63526067E-03  0.00000000E+00  0.00000000E+00 -7.17264341E-03
    3.875000      1   0.00000000E+00  0.00000000E+00  2.67599734E-03  0.00000000E+00  0.00000000E+00  0.00000000E+00  0.00000000E+00  0.00000000E+00  8.62812664E-03  0.00000000E+00  0.00000000E+00 -7.13403099E-03
    3.876000      1   0.00000000E+00  0.00000000E+00  2.67418551E-03  0.00000000E+00  0.00000000E+00  0.00000000E+00  0.00000000E+00  0.00000000E+00  8.62103070E-03  0.00000000E+00  0.00000000E+00 -7.09594101E-03
    3.877000      1   0.00000000E+00  0.00000000E+00  2.66905476E-03  0.00000000E+00  0.00000000E+00  0.00000000E+00  0.00000000E+00  0.00000000E+00  8.61397265E-03  0.00000000E+00  0.00000000E+00 -7.05804291E-03
    3.878000      1   0.00000000E+00  0.00000000E+00  2.67685967E-03  0.00000000E+00  0.00000000E+00  0.00000000E+00  0.00000000E+00  0.00000000E+00  8.60695101E-03  0.00000000E+00  0.00000000E+00 -7.02164715E-03
    3.879000      1   0.00000000E+00  0.00000000E+00  2.67271498E-03  0.00000000E+00  0.00000000E+00  0.00000000E+00  0.00000000E+00  0.00000000E+00  8.59996545E-03  0.00000000E+00  0.00000000E+00 -6.98555620E-03
    3.880000      1   0.00000000E+00  0.00000000E+00  2.67270200E-03  0.00000000E+00  0.00000000E+00  0.00000000E+00  0.00000000E+00  0.00000000E+00  8.59301782E-03  0.00000000E+00  0.00000000E+00 -6.94763494E-03
    3.881000      1   0.00000000E+00  0.00000000E+00  2.67333095E-03  0.00000000E+00  0.00000000E+00  0.00000000E+00  0.00000000E+00  0.00000000E+00  8.58610674E-03  0.00000000E+00  0.00000000E+00 -6.91107716E-03
    3.882000      1   0.00000000E+00  0.00000000E+00  2.67648765E-03  0.00000000E+00  0.00000000E+00  0.00000000E+00  0.00000000E+00  0.00000000E+00  8.57923233E-03  0.00000000E+00  0.00000000E+00 -6.87441241E-03
    3.883000      1   0.00000000E+00  0.00000000E+00  2.67438184E-03  0.00000000E+00  0.00000000E+00  0.00000000E+00  0.00000000E+00  0.00000000E+00  8.57239534E-03  0.00000000E+00  0.00000000E+00 -6.83698288E-03
    3.884000      1   0.00000000E+00  0.00000000E+00  2.67375458E-03  0.00000000E+00  0.00000000E+00  0.00000000E+00  0.00000000E+00  0.00000000E+00  8.56559645E-03  0.00000000E+00  0.00000000E+00 -6.79888903E-03
    3.885000      1   0.00000000E+00  0.00000000E+00  2.66978174E-03  0.00000000E+00  0.00000000E+00  0.00000000E+00  0.00000000E+00  0.00000000E+00  8.55883486E-03  0.00000000E+00  0.00000000E+00 -6.76159768E-03
    3.886000      1   0.00000000E+00  0.00000000E+00  2.66862398E-03  0.00000000E+00  0.00000000E+00  0.00000000E+00  0.00000000E+00  0.00000000E+00  8.55210964E-03  0.00000000E+00  0.00000000E+00 -6.72521489E-03
    3.887000      1   0.00000000E+00  0.00000000E+00  2.66847868E-03  0.00000000E+00  0.00000000E+00  0.00000000E+00  0.00000000E+00  0.00000000E+00  8.54541930E-03  0.00000000E+00  0.00000000E+00 -6.69034158E-03
    3.888000      1   0.00000000E+00  0.00000000E+00  2.67431636E-03  0.00000000E+00  0.00000000E+00  0.00000000E+00  0.00000000E+00  0.00000000E+00  8.53876343E-03  0.00000000E+00  0.00000000E+00 -6.65587419E-03
    3.889000      1   0.00000000E+00  0.00000000E+00  2.66528912E-03  0.00000000E+00  0.00000000E+00  0.00000000E+00  0.00000000E+00  0.00000000E+00  8.53214300E-03  0.00000000E+00  0.00000000E+00 -6.62042219E-03
    3.890000      1   0.00000000E+00  0.00000000E+00  2.66420409E-03  0.00000000E+00  0.00000000E+00  0.00000000E+00  0.00000000E+00  0.00000000E+00  8.52555835E-03  0.00000000E+00  0.00000000E+00 -6.58464937E-03
    3.891000      1   0.00000000E+00  0.00000000E+00  2.66294302E-03  0.00000000E+00  0.00000000E+00  0.00000000E+00  0.00000000E+00  0.00000000E+00  8.51900632E-03  0.00000000E+00  0.00000000E+00 -6.55203310E-03
    3.892000      1   0.00000000E+00  0.00000000E+00  2.66771140E-03  0.00000000E+00  0.00000000E+00  0.00000000E+00  0.00000000E+00  0.00000000E+00  8.51248632E-03  0.00000000E+00  0.00000000E+00 -6.51999619E-03
    3.893000      1   0.00000000E+00  0.00000000E+00  2.66338644E-03  0.00000000E+00  0.00000000E+00  0.00000000E+00  0.00000000E+00  0.00000000E+00  8.50599879E-03  0.00000000E+00  0.00000000E+00 -6.48753019E-03
    3.894000      1   0.00000000E+00  0.00000000E+00  2.66012657E-03  0.00000000E+00  0.00000000E+00  0.00000000E+00  0.00000000E+00  0.00000000E+00  8.49954453E-03  0.00000000E+00  0.00000000E+00 -6.45426301E-03
    3.895000      1   0.00000000E+00  0.00000000E+00  2.66163414E-03  0.00000000E+00  0.00000000E+00  0.00000000E+00  0.00000000E+00  0.00000000E+00  8.49312154E-03  0.00000000E+00  0.00000000E+00 -6.42299268E-03
    3.896000      1   0.00000000E+00  0.00000000E+00  2.66884699E-03  0.00000000E+00  0.00000000E+00  0.00000000E+00  0.00000000E+00  0.00000000E+00  8.48672901E-03  0.00000000E+00  0.00000000E+00 -6.39252634E-03
    3.897000      1   0.00000000E+00  0.00000000E+00  2.66940315E-03  0.00000000E+00  0.00000000E+00  0.00000000E+00  0.00000000E+00  0.00000000E+00  8.48036872E-03  0.00000000E+00  0.00000000E+00 -6.36028939E-03
    3.898000      1   0.00000000E+00  0.00000000E+00  2.66379866E-03  0.00000000E+00  0.00000000E+00  0.00000000E+00  0.00000000E+00  0.00000000E+00  8.47404314E-03  0.00000000E+00  0.00000000E+00 -6.32558527E-03
    3.899000      1   0.00000000E+00  0.00000000E+00  2.66359552E-03  0.00000000E+00  0.00000000E+00  0.00000000E+00  0.00000000E+00  0.00000000E+00  8.46775145E-03  0.00000000E+00  0.00000000E+00 -6.29168959E-03
    3.900000      1   0.00000000E+00  0.00000000E+00  2.66457666E-03  0.00000000E+00  0.00000000E+00  0.00000000E+00  0.00000000E+00  0.00000000E+00  8.46149178E-03  0.00000000E+00  0.00000000E+00 -6.25967044E-03
    3.901000      1   0.00000000E+00  0.00000000E+00  2.66504179E-03  0.00000000E+00  0.00000000E+00  0.00000000E+00  0.00000000E+00  0.00000000E+00  8.45526423E-03  0.00000000E+00  0.00000000E+00 -6.22754449E-03
    3.902000      1   0.00000000E+00  0.00000000E+00  2.66342366E-03  0.00000000E+00  0.00000000E+00  0.00000000E+00  0.00000000E+00  0.00000000E+00  8.44906922E-03  0.00000000E+00  0.00000000E+00 -6.19501408E-03
    3.903000      1   0.00000000E+00  0.00000000E+00  2.66190314E-03  0.00000000E+00  0.00000000E+00  0.00000000E+00  0.00000000E+00  0.00000000E+00  8.44290660E-03  0.00000000E+00  0.00000000E+00 -6.16261705E-03
    3.904000      1   0.00000000E+00  0.00000000E+00  2.66447942E-03  0.00000000E+00  0.00000000E+00  0.00000000E+00  0.00000000E+00  0.00000000E+00  8.43677558E-03  0.00000000E+00  0.00000000E+00 -6.13102033E-03
    3.905000      1   0.00000000E+00  0.00000000E+00  2.67118230E-03  0.00000000E+00  0.00000000E+00  0.00000000E+00  0.00000000E+00  0.00000000E+00  8.43067611E-03  0.00000000E+00  0.00000000E+00 -6.09946739E-03
    3.906000      1   0.00000000E+00  0.00000000E+00  2.66613151E-03  0.00000000E+00  0.00000000E+00  0.00000000E+00  0.00000000E+00  0.00000000E+00  8.42461023E-03  0.00000000E+00  0.00000000E+00 -6.06588302E-03
    3.907000      1   0.00000000E+00  0.00000000E+00  2.66560361E-03  0.00000000E+00  0.00000000E+00  0.00000000E+00  0.00000000E+00  0.00000000E+00  8.41857924E-03  0.00000000E+00  0.00000000E+00 -6.03099051E-03
    3.908000      1   0.00000000E+00  0.00000000E+00  2.66475843E-03  0.00000000E+00  0.00000000E+00  0.00000000E+00  0.00000000E+00  0.00000000E+00  8.41258139E-03  0.00000000E+00  0.00000000E+00 -5.99785010E-03
    3.909000      1   0.00000000E+00  0.00000000E+00  2.66875562E-03  0.00000000E+00  0.00000000E+00  0.00000000E+00  0.00000000E+00  0.00000000E+00  8.40661636E-03  0.00000000E+00  0.00000000E+00 -5.96503252E-03
    3.910000      1   0.00000000E+00  0.00000000E+00  2.66986298E-03  0.00000000E+00  0.00000000E+00  0.00000000E+00  0.00000000E+00  0.00000000E+00  8.40068457E-03  0.00000000E+00  0.00000000E+00 -5.93178566E-03
    3.911000      1   0.00000000E+00  0.00000000E+00  2.66463751E-03  0.00000000E+00  0.00000000E+00  0.00000000E+00  0.00000000E+00  0.00000000E+00  8.39478754E-03  0.00000000E+00  0.00000000E+00 -5.89703024E-03
    3.912000      1   0.00000000E+00  0.00000000E+00  2.66252552E-03  0.00000000E+00  0.00000000E+00  0.00000000E+00  0.00000000E+00  0.00000000E+00  8.38892471E-03  0.00000000E+00  0.00000000E+00 -5.86283521E-03
    3.913000      1   0.00000000E+00  0.00000000E+00  2.66185220E-03  0.00000000E+00  0.00000000E+00  0.00000000E+00  0.00000000E+00  0.00000000E+00  8.38309398E-03  0.00000000E+00  0.00000000E+00 -5.83072978E-03
    3.914000      1   0.00000000E+00  0.00000000E+00  2.66329792E-03  0.00000000E+00  0.00000000E+00  0.00000000E+00  0.00000000E+00  0.00000000E+00  8.37729454E-03  0.00000000E+00  0.00000000E+00 -5.79943704E-03
    3.915000      1   0.00000000E+00  0.00000000E+00  2.66876579E-03  0.00000000E+00  0.00000000E+00  0.00000000E+00  0.00000000E+00  0.00000000E+00  8.37152643E-03  0.00000000E+00  0.00000000E+00 -5.76810976E-03
    3.916000      1   0.00000000E+00  0.00000000E+00  2.66483008E-03  0.00000000E+00  0.00000000E+00  0.00000000E+00  0.00000000E+00  0.00000000E+00  8.36579109E-03  0.00000000E+00  0.00000000E+00 -5.73534075E-03
    3.917000      1   0.00000000E+00  0.00000000E+00  2.66472127E-03  0.00000000E+00  0.00000000E+00  0.00000000E+00  0.00000000E+00  0.00000000E+00  8.36008962E-03  0.00000000E+00  0.00000000E+00 -5.70147200E-03
    3.918000      1   0.00000000E+00  0.00000000E+00  2.65997779E-03  0.00000000E+00  0.00000000E+00  0.00000000E+00  0.00000000E+00  0.00000000E+00  8.35442070E-03  0.00000000E+00  0.00000000E+00 -5.66891503E-03
    3.919000      1   0.00000000E+00  0.00000000E+00  2.66281641E-03  0.00000000E+00  0.00000000E+00  0.00000000E+00  0.00000000E+00  0.00000000E+00  8.34878347E-03  0.00000000E+00  0.00000000E+00 -5.63723263E-03
    3.920000      1   0.00000000E+00  0.00000000E+00  2.65686953E-03  0.00000000E+00  0.00000000E+00  0.00000000E+00  0.00000000E+00  0.00000000E+00  8.34317686E-03  0.00000000E+00  0.00000000E+00 -5.60660609E-03
    3.921000      1   0.00000000E+00  0.00000000E+00  2.65638044E-03  0.00000000E+00  0.00000000E+00  0.00000000E+00  0.00000000E+00  0.00000000E+00  8.33760077E-03  0.00000000E+00  0.00000000E+00 -5.57609893E-03
    3.922000      1   0.00000000E+00  0.00000000E+00  2.65801569E-03  0.00000000E+00  0.00000000E+00  0.00000000E+00  0.00000000E+00  0.00000000E+00  8.33205313E-03  0.00000000E+00  0.00000000E+00 -5.54763132E-03
    3.923000      1   0.00000000E+00  0.00000000E+00  2.66183763E-03  0.00000000E+00  0.00000000E+00  0.00000000E+00  0.00000000E+00  0.00000000E+00  8.32653410E-03  0.00000000E+00  0.00000000E+00 -5.51903515E-03
    3.924000      1   0.00000000E+00  0.00000000E+00  2.65765079E-03  0.00000000E+00  0.00000000E+00  0.00000000E+00  0.00000000E+00  0.00000000E+00  8.32104487E-03  0.00000000E+00  0.00000000E+00 -5.48922607E-03
    3.925000      1   0.00000000E+00  0.00000000E+00  2.65548258E-03  0.00000000E+00  0.00000000E+00  0.00000000E+00  0.00000000E+00  0.00000000E+00  8.31558597E-03  0.00000000E+00  0.00000000E+00 -5.45890221E-03
    3.926000      1   0.00000000E+00  0.00000000E+00  2.65845398E-03  0.00000000E+00  0.00000000E+00  0.00000000E+00  0.00000000E+00  0.00000000E+00  8.31015563E-03  0.00000000E+00  0.00000000E+00 -5.43033679E-03
    3.927000      1   0.00000000E+00  0.00000000E+00  2.65422084E-03  0.00000000E+00  0.00000000E+00  0.00000000E+00  0.00000000E+00  0.00000000E+00  8.30475368E-03  0.00000000E+00  0.00000000E+00 -5.40195798E-03
    3.928000      1   0.00000000E+00  0.00000000E+00  2.66440731E-03  0.00000000E+00  0.00000000E+00  0.00000000E+00  0.00000000E+00  0.00000000E+00  8.29938032E-03  0.00000000E+00  0.00000000E+00 -5.37335191E-03
    3.929000      1   0.00000000E+00  0.00000000E+00  2.65797817E-03  0.00000000E+00  0.00000000E+00  0.00000000E+00  0.00000000E+00  0.00000000E+00  8.29403599E-03  0.00000000E+00  0.00000000E+00 -5.34433470E-03
    3.930000      1   0.00000000E+00  0.00000000E+00  2.66601314E-03  0.00000000E+00  0.00000000E+00  0.00000000E+00  0.00000000E+00  0.00000000E+00  8.28872288E-03  0.00000000E+00  0.00000000E+00 -5.31310902E-03
    3.931000      1   0.00000000E+00  0.00000000E+00  2.65914918E-03  0.00000000E+00  0.00000000E+00  0.00000000E+00  0.00000000E+00  0.00000000E+00  8.28344031E-03  0.00000000E+00  0.00000000E+00 -5.28257388E-03
    3.932000      1   0.00000000E+00  0.00000000E+00  2.65779100E-03  0.00000000E+00  0.00000000E+00  0.00000000E+00  0.00000000E+00  0.00000000E+00  8.27818969E-03  0.00000000E+00  0.00000000E+00 -5.25061374E-03
    3.933000      1   0.00000000E+00  0.00000000E+00  2.65668961E-03  0.00000000E+00  0.00000000E+00  0.00000000E+00  0.00000000E+00  0.00000000E+00  8.27296854E-03  0.00000000E+00  0.00000000E+00 -5.22114801E-03
    3.934000      1   0.00000000E+00  0.00000000E+00  2.65698488E-03  0.00000000E+00  0.00000000E+00  0.00000000E+00  0.00000000E+00  0.00000000E+00  8.26777622E-03  0.00000000E+00  0.00000000E+00 -5.19232309E-03
    3.935000      1   0.00000000E+00  0.00000000E+00  2.65999089E-03  0.00000000E+00  0.00000000E+00  0.00000000E+00  0.00000000E+00  0.00000000E+00  8.26261241E-03  0.00000000E+00  0.00000000E+00 -5.16380768E-03
    3.936000      1   0.00000000E+00  0.00000000E+00  2.65299093E-03  0.00000000E+00  0.00000000E+00  0.00000000E+00  0.00000000E+00  0.00000000E+00  8.25747775E-03  0.00000000E+00  0.00000000E+00 -5.13466371E-03
    3.937000      1   0.00000000E+00  0.00000000E+00  2.64959507E-03  0.00000000E+00  0.00000000E+00  0.00000000E+00  0.00000000E+00  0.00000000E+00  8.25237198E-03  0.00000000E+00  0.00000000E+00 -5.10577039E-03
    3.938000      1   0.00000000E+00  0.00000000E+00  2.65263052E-03  0.00000000E+00  0.00000000E+00  0.00000000E+00  0.00000000E+00  0.00000000E+00  8.24729220E-03  0.00000000E+00  0.00000000E+00 -5.07977648E-03
    3.939000      1   0.00000000E+00  0.00000000E+00  2.65150094E-03  0.00000000E+00  0.00000000E+00  0.00000000E+00  0.00000000E+00  0.00000000E+00  8.24223784E-03  0.00000000E+00  0.00000000E+00 -5.05436103E-03
    3.940000      1   0.00000000E+00  0.00000000E+00  2.64892509E-03  0.00000000E+00  0.00000000E+00  0.00000000E+00  0.00000000E+00  0.00000000E+00  8.23720969E-03  0.00000000E+00  0.00000000E+00 -5.02814845E-03
    3.941000      1   0.00000000E+00  0.00000000E+00  2.64807638E-03  0.00000000E+00  0.00000000E+00  0.00000000E+00  0.00000000E+00  0.00000000E+00  8.23220693E-03  0.00000000E+00  0.00000000E+00 -5.00276236E-03
    3.942000      1   0.00000000E+00  0.00000000E+00  2.65078745E-03  0.00000000E+00  0.00000000E+00  0.00000000E+00  0.00000000E+00  0.00000000E+00  8.22722856E-03  0.00000000E+00  0.00000000E+00 -4.97837229E-03
    3.943000      1   0.00000000E+00  0.00000000E+00  2.65034114E-03  0.00000000E+00  0.00000000E+00  0.00000000E+00  0.00000000E+00  0.00000000E+00  8.22227478E-03  0.00000000E+00  0.00000000E+00 -4.95378154E-03
    3.944000      1   0.00000000E+00  0.00000000E+00  2.65206383E-03  0.00000000E+00  0.00000000E+00  0.00000000E+00  0.00000000E+00  0.00000000E+00  8.21734640E-03  0.00000000E+00  0.00000000E+00 -4.92837934E-03
    3.945000      1   0.00000000E+00  0.00000000E+00  2.65249709E-03  0.00000000E+00  0.00000000E+00  0.00000000E+00  0.00000000E+00  0.00000000E+00  8.21244358E-03  0.00000000E+00  0.00000000E+00 -4.90281909E-03
    3.946000      1   0.00000000E+00  0.00000000E+00  2.65260529E-03  0.00000000E+00  0.00000000E+00  0.00000000E+00  0.00000000E+00  0.00000000E+00  8.20756696E-03  0.00000000E+00  0.00000000E+00 -4.87661647E-03
    3.947000      1   0.00000000E+00  0.00000000E+00  2.65518078E-03  0.00000000E+00  0.00000000E+00  0.00000000E+00  0.00000000E+00  0.00000000E+00  8.20271671E-03  0.00000000E+00  0.00000000E+00 -4.85025242E-03
    3.948000      1   0.00000000E+00  0.00000000E+00  2.65293403E-03  0.00000000E+00  0.00000000E+00  0.00000000E+00  0.00000000E+00  0.00000000E+00  8.19789331E-03  0.00000000E+00  0.00000000E+00 -4.82339739E-03
    3.949000      1   0.00000000E+00  0.00000000E+00  2.65149410E-03  0.00000000E+00  0.00000000E+00  0.00000000E+00  0.00000000E+00  0.00000000E+00  8.19309722E-03  0.00000000E+00  0.00000000E+00 -4.79609384E-03
    3.950000      1   0.00000000E+00  0.00000000E+00  2.65399257E-03  0.00000000E+00  0.00000000E+00  0.00000000E+00  0.00000000E+00  0.00000000E+00  8.18832744E-03  0.00000000E+00  0.00000000E+00 -4.76978280E-03
    3.951000      1   0.00000000E+00  0.00000000E+00  2.65701417E-03  0.00000000E+00  0.00000000E+00  0.00000000E+00  0.00000000E+00  0.00000000E+00  8.18358393E-03  0.00000000E+00  0.00000000E+00 -4.74350282E-03
    3.952000      1   0.00000000E+00  0.00000000E+00  2.65292704E-03  0.00000000E+00  0.00000000E+00  0.00000000E+00  0.00000000E+00  0.00000000E+00  8.17886807E-03  0.00000000E+00  0.00000000E+00 -4.71586797E-03
    3.953000      1   0.00000000E+00  0.00000000E+00  2.64969293E-03  0.00000000E+00  0.00000000E+00  0.00000000E+00  0.00000000E+00  0.00000000E+00  8.17418010E-03  0.00000000E+00  0.00000000E+00 -4.68796355E-03
    3.954000      1   0.00000000E+00  0.00000000E+00  2.65248362E-03  0.00000000E+00  0.00000000E+00  0.00000000E+00  0.00000000E+00  0.00000000E+00  8.16951813E-03  0.00000000E+00  0.00000000E+00 -4.66197332E-03
    3.955000      1   0.00000000E+00  0.00000000E+00  2.65380862E-03  0.00000000E+00  0.00000000E+00  0.00000000E+00  0.00000000E+00  0.00000000E+00  8.16488158E-03  0.00000000E+00  0.00000000E+00 -4.63655171E-03
    3.956000      1   0.00000000E+00  0.00000000E+00  2.65325029E-03  0.00000000E+00  0.00000000E+00  0.00000000E+00  0.00000000E+00  0.00000000E+00  8.16027160E-03  0.00000000E+00  0.00000000E+00 -4.60997929E-03
    3.957000      1   0.00000000E+00  0.00000000E+00  2.65739348E-03  0.00000000E+00  0.00000000E+00  0.00000000E+00  0.00000000E+00  0.00000000E+00  8.15568853E-03  0.00000000E+00  0.00000000E+00 -4.58307045E-03
    3.958000      1   0.00000000E+00  0.00000000E+00  2.65462028E-03  0.00000000E+00  0.00000000E+00  0.00000000E+00  0.00000000E+00  0.00000000E+00  8.15113291E-03  0.00000000E+00  0.00000000E+00 -4.55561231E-03
    3.959000      1   0.00000000E+00  0.00000000E+00  2.65519362E-03  0.00000000E+00  0.00000000E+00  0.00000000E+00  0.00000000E+00  0.00000000E+00  8.14660563E-03  0.00000000E+00  0.00000000E+00 -4.52728388E-03
    3.960000      1   0.00000000E+00  0.00000000E+00  2.65669316E-03  0.00000000E+00  0.00000000E+00  0.00000000E+00  0.00000000E+00  0.00000000E+00  8.14210587E-03  0.00000000E+00  0.00000000E+00 -4.49976483E-03
    3.961000      1   0.00000000E+00  0.00000000E+00  2.65386533E-03  0.00000000E+00  0.00000000E+00  0.00000000E+00  0.00000000E+00  0.00000000E+00  8.13763407E-03  0.00000000E+00  0.00000000E+00 -4.47179230E-03
    3.962000      1   0.00000000E+00  0.00000000E+00  2.65562010E-03  0.00000000E+00  0.00000000E+00  0.00000000E+00  0.00000000E+00  0.00000000E+00  8.13319025E-03  0.00000000E+00  0.00000000E+00 -4.44382737E-03
    3.963000      1   0.00000000E+00  0.00000000E+00  2.65773964E-03  0.00000000E+00  0.00000000E+00  0.00000000E+00  0.00000000E+00  0.00000000E+00  8.12877377E-03  0.00000000E+00  0.00000000E+00 -4.41648084E-03
    3.964000      1   0.00000000E+00  0.00000000E+00  2.65519030E-03  0.00000000E+00  0.00000000E+00  0.00000000E+00  0.00000000E+00  0.00000000E+00  8.12438558E-03  0.00000000E+00  0.00000000E+00 -4.38818319E-03
    3.965000      1   0.00000000E+00  0.00000000E+00  2.65695387E-03  0.00000000E+00  0.00000000E+00  0.00000000E+00  0.00000000E+00  0.00000000E+00  8.12002594E-03  0.00000000E+00  0.00000000E+00 -4.35964028E-03
    3.966000      1   0.00000000E+00  0.00000000E+00  2.65435866E-03  0.00000000E+00  0.00000000E+00  0.00000000E+00  0.00000000E+00  0.00000000E+00  8.11569432E-03  0.00000000E+00  0.00000000E+00 -4.33162274E-03
    3.967000      1   0.00000000E+00  0.00000000E+00  2.65215377E-03  0.00000000E+00  0.00000000E+00  0.00000000E+00  0.00000000E+00  0.00000000E+00  8.11139083E-03  0.00000000E+00  0.00000000E+00 -4.30348496E-03
    3.968000      1   0.00000000E+00  0.00000000E+00  2.65090510E-03  0.00000000E+00  0.00000000E+00  0.00000000E+00  0.00000000E+00  0.00000000E+00  8.10711425E-03  0.00000000E+00  0.00000000E+00 -4.27658939E-03
    3.969000      1   0.00000000E+00  0.00000000E+00  2.65016201E-03  0.00000000E+00  0.00000000E+00  0.00000000E+00  0.00000000E+00  0.00000000E+00  8.10286361E-03  0.00000000E+00  0.00000000E+00 -4.25063875E-03
    3.970000      1   0.00000000E+00  0.00000000E+00  2.64895679E-03  0.00000000E+00  0.00000000E+00  0.00000000E+00  0.00000000E+00  0.00000000E+00  8.09863838E-03  0.00000000E+00  0.00000000E+00 -4.22522960E-03
    3.971000      1   0.00000000E+00  0.00000000E+00  2.65123385E-03  0.00000000E+00  0.00000000E+00  0.00000000E+00  0.00000000E+00  0.00000000E+00  8.09443810E-03  0.00000000E+00  0.00000000E+00 -4.20027762E-03
    3.972000      1   0.00000000E+00  0.00000000E+00  2.65138662E-03  0.00000000E+00  0.00000000E+00  0.00000000E+00  0.00000000E+00  0.00000000E+00  8.09026278E-03  0.00000000E+00  0.00000000E+00 -4.17531878E-03
    3.973000      1   0.00000000E+00  0.00000000E+00  2.64874515E-03  0.00000000E+00  0.00000000E+00  0.00000000E+00  0.00000000E+00  0.00000000E+00  8.08611320E-03  0.00000000E+00  0.00000000E+00 -4.14958511E-03
    3.974000      1   0.00000000E+00  0.00000000E+00  2.64804616E-03  0.00000000E+00  0.00000000E+00  0.00000000E+00  0.00000000E+00  0.00000000E+00  8.08198893E-03  0.00000000E+00  0.00000000E+00 -4.12426838E-03
    3.975000      1   0.00000000E+00  0.00000000E+00  2.64920102E-03  0.00000000E+00  0.00000000E+00  0.00000000E+00  0.00000000E+00  0.00000000E+00  8.07788898E-03  0.00000000E+00  0.00000000E+00 -4.09994275E-03
    3.976000      1   0.00000000E+00  0.00000000E+00  2.64698517E-03  0.00000000E+00  0.00000000E+00  0.00000000E+00  0.00000000E+00  0.00000000E+00  8.07381334E-03  0.00000000E+00  0.00000000E+00 -4.07564246E-03
    3.977000      1   0.00000000E+00  0.00000000E+00  2.64340581E-03  0.00000000E+00  0.00000000E+00  0.00000000E+00  0.00000000E+00  0.00000000E+00  8.06976199E-03  0.00000000E+00  0.00000000E+00 -4.05135474E-03
    3.978000      1   0.00000000E+00  0.00000000E+00  2.64420020E-03  0.00000000E+00  0.00000000E+00  0.00000000E+00  0.00000000E+00  0.00000000E+00  8.06573356E-03  0.00000000E+00  0.00000000E+00 -4.02842772E-03
    3.979000      1   0.00000000E+00  0.00000000E+00  2.64247120E-03  0.00000000E+00  0.00000000E+00  0.00000000E+00  0.00000000E+00  0.00000000E+00  8.06172702E-03  0.00000000E+00  0.00000000E+00 -4.00653573E-03
    3.980000      1   0.00000000E+00  0.00000000E+00  2.64281892E-03  0.00000000E+00  0.00000000E+00  0.00000000E+00  0.00000000E+00  0.00000000E+00  8.05774233E-03  0.00000000E+00  0.00000000E+00 -3.98468860E-03
    3.981000      1   0.00000000E+00  0.00000000E+00  2.64503441E-03  0.00000000E+00  0.00000000E+00  0.00000000E+00  0.00000000E+00  0.00000000E+00  8.05377899E-03  0.00000000E+00  0.00000000E+00 -3.96334782E-03
    3.982000      1   0.00000000E+00  0.00000000E+00  2.64669217E-03  0.00000000E+00  0.00000000E+00  0.00000000E+00  0.00000000E+00  0.00000000E+00  8.04983749E-03  0.00000000E+00  0.00000000E+00 -3.94150105E-03
    3.983000      1   0.00000000E+00  0.00000000E+00  2.64497630E-03  0.00000000E+00  0.00000000E+00  0.00000000E+00  0.00000000E+00  0.00000000E+00  8.04591885E-03  0.00000000E+00  0.00000000E+00 -3.91863352E-03
    3.984000      1   0.00000000E+00  0.00000000E+00  2.64438129E-03  0.00000000E+00  0.00000000E+00  0.00000000E+00  0.00000000E+00  0.00000000E+00  8.04202333E-03  0.00000000E+00  0.00000000E+00 -3.89552500E-03
    3.985000      1   0.00000000E+00  0.00000000E+00  2.64282331E-03  0.00000000E+00  0.00000000E+00  0.00000000E+00  0.00000000E+00  0.00000000E+00  8.03815024E-03  0.00000000E+00  0.00000000E+00 -3.87308522E-03
    3.986000      1   0.00000000E+00  0.00000000E+00  2.64888111E-03  0.00000000E+00  0.00000000E+00  0.00000000E+00  0.00000000E+00  0.00000000E+00  8.03429913E-03  0.00000000E+00  0.00000000E+00 -3.85111635E-03
    3.987000      1   0.00000000E+00  0.00000000E+00  2.64658755E-03  0.00000000E+00  0.00000000E+00  0.00000000E+00  0.00000000E+00  0.00000000E+00  8.03047054E-03  0.00000000E+00  0.00000000E+00 -3.82858789E-03
    3.988000      1   0.00000000E+00  0.00000000E+00  2.64295267E-03  0.00000000E+00  0.00000000E+00  0.00000000E+00  0.00000000E+00  0.00000000E+00  8.02666606E-03  0.00000000E+00  0.00000000E+00 -3.80447556E-03
    3.989000      1   0.00000000E+00  0.00000000E+00  2.64665303E-03  0.00000000E+00  0.00000000E+00  0.00000000E+00  0.00000000E+00  0.00000000E+00  8.02288430E-03  0.00000000E+00  0.00000000E+00 -3.78175925E-03
    3.990000      1   0.00000000E+00  0.00000000E+00  2.64872416E-03  0.00000000E+00  0.00000000E+00  0.00000000E+00  0.00000000E+00  0.00000000E+00  8.01912472E-03  0.00000000E+00  0.00000000E+00 -3.75958232E-03
    3.991000      1   0.00000000E+00  0.00000000E+00  2.64461912E-03  0.00000000E+00  0.00000000E+00  0.00000000E+00  0.00000000E+00  0.00000000E+00  8.01538890E-03  0.00000000E+00  0.00000000E+00 -3.73582388E-03
    3.992000      1   0.00000000E+00  0.00000000E+00  2.64908787E-03  0.00000000E+00  0.00000000E+00  0.00000000E+00  0.00000000E+00  0.00000000E+00  8.01167679E-03  0.00000000E+00  0.00000000E+00 -3.71211118E-03
    3.993000      1   0.00000000E+00  0.00000000E+00  2.64539202E-03  0.00000000E+00  0.00000000E+00  0.00000000E+00  0.00000000E+00  0.00000000E+00  8.00798783E-03  0.00000000E+00  0.00000000E+00 -3.68895639E-03
    3.994000      1   0.00000000E+00  0.00000000E+00  2.64236348E-03  0.00000000E+00  0.00000000E+00  0.00000000E+00  0.00000000E+00  0.00000000E+00  8.00432284E-03  0.00000000E+00  0.00000000E+00 -3.66498757E-03
    3.995000      1   0.00000000E+00  0.00000000E+00  2.64208102E-03  0.00000000E+00  0.00000000E+00  0.00000000E+00  0.00000000E+00  0.00000000E+00  8.00068007E-03  0.00000000E+00  0.00000000E+00 -3.64276808E-03
    3.996000      1   0.00000000E+00  0.00000000E+00  2.63878093E-03  0.00000000E+00  0.00000000E+00  0.00000000E+00  0.00000000E+00  0.00000000E+00  7.99705848E-03  0.00000000E+00  0.00000000E+00 -3.62159316E-03
    3.997000      1   0.00000000E+00  0.00000000E+00  2.63985234E-03  0.00000000E+00  0.00000000E+00  0.00000000E+00  0.00000000E+00  0.00000000E+00  7.99345739E-03  0.00000000E+00  0.00000000E+00 -3.60109459E-03
    3.998000      1   0.00000000E+00  0.00000000E+00  2.63990749E-03  0.00000000E+00  0.00000000E+00  0.00000000E+00  0.00000000E+00  0.00000000E+00  7.98987590E-03  0.00000000E+00  0.00000000E+00 -3.58149034E-03
    3.999000      1   0.00000000E+00  0.00000000E+00  2.64324048E-03  0.00000000E+00  0.00000000E+00  0.00000000E+00  0.00000000E+00  0.00000000E+00  7.98631437E-03  0.00000000E+00  0.00000000E+00 -3.56152448E-03
    4.000000      1   0.00000000E+00  0.00000000E+00  2.63939011E-03  0.00000000E+00  0.00000000E+00  0.00000000E+00  0.00000000E+00  0.00000000E+00  7.98277342E-03  0.00000000E+00  0.00000000E+00 -3.54095111E-03
    4.001000      1   0.00000000E+00  0.00000000E+00  2.63743460E-03  0.00000000E+00  0.00000000E+00  0.00000000E+00  0.00000000E+00  0.00000000E+00  7.97925346E-03  0.00000000E+00  0.00000000E+00 -3.51996403E-03
    4.002000      1   0.00000000E+00  0.00000000E+00  2.63525461E-03  0.00000000E+00  0.00000000E+00  0.00000000E+00  0.00000000E+00  0.00000000E+00  7.97575287E-03  0.00000000E+00  0.00000000E+00 -3.50058727E-03
    4.003000      1   0.00000000E+00  0.00000000E+00  2.63653075E-03  0.00000000E+00  0.00000000E+00  0.00000000E+00  0.00000000E+00  0.00000000E+00  7.97227063E-03  0.00000000E+00  0.00000000E+00 -3.48223824E-03
    4.004000      1   0.00000000E+00  0.00000000E+00  2.63737336E-03  0.00000000E+00  0.00000000E+00  0.00000000E+00  0.00000000E+00  0.00000000E+00  7.96880625E-03  0.00000000E+00  0.00000000E+00 -3.46437948E-03
    4.005000      1   0.00000000E+00  0.00000000E+00  2.63274232E-03  0.00000000E+00  0.00000000E+00  0.00000000E+00  0.00000000E+00  0.00000000E+00  7.96536030E-03  0.00000000E+00  0.00000000E+00 -3.44595261E-03
    4.006000      1   0.00000000E+00  0.00000000E+00  2.63304215E-03  0.00000000E+00  0.00000000E+00  0.00000000E+00  0.00000000E+00  0.00000000E+00  7.96193223E-03  0.00000000E+00  0.00000000E+00 -3.42806797E-03
    4.007000      1   0.00000000E+00  0.00000000E+00  2.63462319E-03  0.00000000E+00  0.00000000E+00  0.00000000E+00  0.00000000E+00  0.00000000E+00  7.95852058E-03  0.00000000E+00  0.00000000E+00 -3.41165120E-03
    4.008000      1   0.00000000E+00  0.00000000E+00  2.63566503E-03  0.00000000E+00  0.00000000E+00  0.00000000E+00  0.00000000E+00  0.00000000E+00  7.95512572E-03  0.00000000E+00  0.00000000E+00 -3.39485638E-03
    4.009000      1   0.00000000E+00  0.00000000E+00  2.63345598E-03  0.00000000E+00  0.00000000E+00  0.00000000E+00  0.00000000E+00  0.00000000E+00  7.95174836E-03  0.00000000E+00  0.00000000E+00 -3.37735808E-03
    4.010000      1   0.00000000E+00  0.00000000E+00  2.63315117E-03  0.00000000E+00  0.00000000E+00  0.00000000E+00  0.00000000E+00  0.00000000E+00  7.94838846E-03  0.00000000E+00  0.00000000E+00 -3.35990827E-03
    4.011000      1   0.00000000E+00  0.00000000E+00  2.63346713E-03  0.00000000E+00  0.00000000E+00  0.00000000E+00  0.00000000E+00  0.00000000E+00  7.94504522E-03  0.00000000E+00  0.00000000E+00 -3.34323785E-03
    4.012000      1   0.00000000E+00  0.00000000E+00  2.63386947E-03  0.00000000E+00  0.00000000E+00  0.00000000E+00  0.00000000E+00  0.00000000E+00  7.94171861E-03  0.00000000E+00  0.00000000E+00 -3.32661166E-03
    4.013000      1   0.00000000E+00  0.00000000E+00  2.63294436E-03  0.00000000E+00  0.00000000E+00  0.00000000E+00  0.00000000E+00  0.00000000E+00  7.93840880E-03  0.00000000E+00  0.00000000E+00 -3.30981055E-03
    4.014000      1   0.00000000E+00  0.00000000E+00  2.63348582E-03  0.00000000E+00  0.00000000E+00  0.00000000E+00  0.00000000E+00  0.00000000E+00  7.93511576E-03  0.00000000E+00  0.00000000E+00 -3.29304091E-03
    4.015000      1   0.00000000E+00  0.00000000E+00  2.64001013E-03  0.00000000E+00  0.00000000E+00  0.00000000E+00  0.00000000E+00  0.00000000E+00  7.93183928E-03  0.00000000E+00  0.00000000E+00 -3.27647933E-03
    4.016000      1   0.00000000E+00  0.00000000E+00  2.63937003E-03  0.00000000E+00  0.00000000E+00  0.00000000E+00  0.00000000E+00  0.00000000E+00  7.92858069E-03  0.00000000E+00  0.00000000E+00 -3.25858618E-03
    4.017000      1   0.00000000E+00  0.00000000E+00  2.63916138E-03  0.00000000E+00  0.00000000E+00  0.00000000E+00  0.00000000E+00  0.00000000E+00  7.92534203E-03  0.00000000E+00  0.00000000E+00 -3.23866354E-03
    4.018000      1   0.00000000E+00  0.00000000E+00  2.63907384E-03  0.00000000E+00  0.00000000E+00  0.00000000E+00  0.00000000E+00  0.00000000E+00  7.92212304E-03  0.00000000E+00  0.00000000E+00 -3.21898802E-03
    4.019000      1   0.00000000E+00  0.00000000E+00  2.63735262E-03  0.00000000E+00  0.00000000E+00  0.00000000E+00  0.00000000E+00  0.00000000E+00  7.91892364E-03  0.00000000E+00  0.00000000E+00 -3.19939650E-03
    4.020000      1   0.00000000E+00  0.00000000E+00  2.63996735E-03  0.00000000E+00  0.00000000E+00  0.00000000E+00  0.00000000E+00  0.00000000E+00  7.91574350E-03  0.00000000E+00  0.00000000E+00 -3.18013811E-03
    4.021000      1   0.00000000E+00  0.00000000E+00  2.63915727E-03  0.00000000E+00  0.00000000E+00  0.00000000E+00  0.00000000E+00  0.00000000E+00  7.91258252E-03  0.00000000E+00  0.00000000E+00 -3.16098261E-03
    4.022000      1   0.00000000E+00  0.00000000E+00  2.63670601E-03  0.00000000E+00  0.00000000E+00  0.00000000E+00  0.00000000E+00  0.00000000E+00  7.90944141E-03  0.00000000E+00  0.00000000E+00 -3.14111165E-03
    4.023000      1   0.00000000E+00  0.00000000E+00  2.63821295E-03  0.00000000E+00  0.00000000E+00  0.00000000E+00  0.00000000E+00  0.00000000E+00  7.90631947E-03  0.00000000E+00  0.00000000E+00 -3.12194021E-03
    4.024000      1   0.00000000E+00  0.00000000E+00  2.63663598E-03  0.00000000E+00  0.00000000E+00  0.00000000E+00  0.00000000E+00  0.00000000E+00  7.90321616E-03  0.00000000E+00  0.00000000E+00 -3.10330731E-03
    4.025000      1   0.00000000E+00  0.00000000E+00  2.63477813E-03  0.00000000E+00  0.00000000E+00  0.00000000E+00  0.00000000E+00  0.00000000E+00  7.90013170E-03  0.00000000E+00  0.00000000E+00 -3.08445838E-03
    4.026000      1   0.00000000E+00  0.00000000E+00  2.63329701E-03  0.00000000E+00  0.00000000E+00  0.00000000E+00  0.00000000E+00  0.00000000E+00  7.89706525E-03  0.00000000E+00  0.00000000E+00 -3.06645589E-03
    4.027000      1   0.00000000E+00  0.00000000E+00  2.63415192E-03  0.00000000E+00  0.00000000E+00  0.00000000E+00  0.00000000E+00  0.00000000E+00  7.89401592E-03  0.00000000E+00  0.00000000E+00 -3.04932547E-03
    4.028000      1   0.00000000E+00  0.00000000E+00  2.63370874E-03  0.00000000E+00  0.00000000E+00  0.00000000E+00  0.00000000E+00  0.00000000E+00  7.89098339E-03  0.00000000E+00  0.00000000E+00 -3.03253028E-03
    4.029000      1   0.00000000E+00  0.00000000E+00  2.63322418E-03  0.00000000E+00  0.00000000E+00  0.00000000E+00  0.00000000E+00  0.00000000E+00  7.88796786E-03  0.00000000E+00  0.00000000E+00 -3.01553271E-03
    4.030000      1   0.00000000E+00  0.00000000E+00  2.63316948E-03  0.00000000E+00  0.00000000E+00  0.00000000E+00  0.00000000E+00  0.00000000E+00  7.88496909E-03  0.00000000E+00  0.00000000E+00 -2.99876637E-03
    4.031000      1   0.00000000E+00  0.00000000E+00  2.63218927E-03  0.00000000E+00  0.00000000E+00  0.00000000E+00  0.00000000E+00  0.00000000E+00  7.88198692E-03  0.00000000E+00  0.00000000E+00 -2.98216883E-03
    4.032000      1   0.00000000E+00  0.00000000E+00  2.63232827E-03  0.00000000E+00  0.00000000E+00  0.00000000E+00  0.00000000E+00  0.00000000E+00  7.87902116E-03  0.00000000E+00  0.00000000E+00 -2.96576260E-03
    4.033000      1   0.00000000E+00  0.00000000E+00  2.63495142E-03  0.00000000E+00  0.00000000E+00  0.00000000E+00  0.00000000E+00  0.00000000E+00  7.87607151E-03  0.00000000E+00  0.00000000E+00 -2.94965371E-03
    4.034000      1   0.00000000E+00  0.00000000E+00  2.63479034E-03  0.00000000E+00  0.00000000E+00  0.00000000E+00  0.00000000E+00  0.00000000E+00  7.87313847E-03  0.00000000E+00  0.00000000E+00 -2.93303529E-03
    4.035000      1   0.00000000E+00  0.00000000E+00  2.63319724E-03  0.00000000E+00  0.00000000E+00  0.00000000E+00  0.00000000E+00  0.00000000E+00  7.87022289E-03  0.00000000E+00  0.00000000E+00 -2.91558388E-03
    4.036000      1   0.00000000E+00  0.00000000E+00  2.63323189E-03  0.00000000E+00  0.00000000E+00  0.00000000E+00  0.00000000E+00  0.00000000E+00  7.86732442E-03  0.00000000E+00  0.00000000E+00 -2.89846709E-03
    4.037000      1   0.00000000E+00  0.00000000E+00  2.63367531E-03  0.00000000E+00  0.00000000E+00  0.00000000E+00  0.00000000E+00  0.00000000E+00  7.86444255E-03  0.00000000E+00  0.00000000E+00 -2.88186737E-03
    4.038000      1   0.00000000E+00  0.00000000E+00  2.63191874E-03  0.00000000E+00  0.00000000E+00  0.00000000E+00  0.00000000E+00  0.00000000E+00  7.86157738E-03  0.00000000E+00  0.00000000E+00 -2.86517785E-03
    4.039000      1   0.00000000E+00  0.00000000E+00  2.63075288E-03  0.00000000E+00  0.00000000E+00  0.00000000E+00  0.00000000E+00  0.00000000E+00  7.85872872E-03  0.00000000E+00  0.00000000E+00 -2.84865335E-03
    4.040000      1   0.00000000E+00  0.00000000E+00  2.63319134E-03  0.00000000E+00  0.00000000E+00  0.00000000E+00  0.00000000E+00  0.00000000E+00  7.85589581E-03  0.00000000E+00  0.00000000E+00 -2.83291189E-03
    4.041000      1   0.00000000E+00  0.00000000E+00  2.63393316E-03  0.00000000E+00  0.00000000E+00  0.00000000E+00  0.00000000E+00  0.00000000E+00  7.85307869E-03  0.00000000E+00  0.00000000E+00 -2.81712210E-03
    4.042000      1   0.00000000E+00  0.00000000E+00  2.63237397E-03  0.00000000E+00  0.00000000E+00  0.00000000E+00  0.00000000E+00  0.00000000E+00  7.85027829E-03  0.00000000E+00  0.00000000E+00 -2.80040031E-03
    4.043000      1   0.00000000E+00  0.00000000E+00  2.63121623E-03  0.00000000E+00  0.00000000E+00  0.00000000E+00  0.00000000E+00  0.00000000E+00  7.84749458E-03  0.00000000E+00  0.00000000E+00 -2.78371062E-03
    4.044000      1   0.00000000E+00  0.00000000E+00  2.63312296E-03  0.00000000E+00  0.00000000E+00  0.00000000E+00  0.00000000E+00  0.00000000E+00  7.84472684E-03  0.00000000E+00  0.00000000E+00 -2.76773772E-03
    4.045000      1   0.00000000E+00  0.00000000E+00  2.63324168E-03  0.00000000E+00  0.00000000E+00  0.00000000E+00  0.00000000E+00  0.00000000E+00  7.84197503E-03  0.00000000E+00  0.00000000E+00 -2.75180785E-03
    4.046000      1   0.00000000E+00  0.00000000E+00  2.63134469E-03  0.00000000E+00  0.00000000E+00  0.00000000E+00  0.00000000E+00  0.00000000E+00  7.83923980E-03  0.00000000E+00  0.00000000E+00 -2.73523080E-03
    4.047000      1   0.00000000E+00  0.00000000E+00  2.62894242E-03  0.00000000E+00  0.00000000E+00  0.00000000E+00  0.00000000E+00  0.00000000E+00  7.83652085E-03  0.00000000E+00  0.00000000E+00 -2.71895021E-03
    4.048000      1   0.00000000E+00  0.00000000E+00  2.62773569E-03  0.00000000E+00  0.00000000E+00  0.00000000E+00  0.00000000E+00  0.00000000E+00  7.83381713E-03  0.00000000E+00  0.00000000E+00 -2.70371744E-03
    4.049000      1   0.00000000E+00  0.00000000E+00  2.62796022E-03  0.00000000E+00  0.00000000E+00  0.00000000E+00  0.00000000E+00  0.00000000E+00  7.83112765E-03  0.00000000E+00  0.00000000E+00 -2.68948701E-03
    4.050000      1   0.00000000E+00  0.00000000E+00  2.62625855E-03  0.00000000E+00  0.00000000E+00  0.00000000E+00  0.00000000E+00  0.00000000E+00  7.82845203E-03  0.00000000E+00  0.00000000E+00 -2.67561318E-03
    4.051000      1   0.00000000E+00  0.00000000E+00  2.62563734E-03  0.00000000E+00  0.00000000E+00  0.00000000E+00  0.00000000E+00  0.00000000E+00  7.82579007E-03  0.00000000E+00  0.00000000E+00 -2.66196653E-03
    4.052000      1   0.00000000E+00  0.00000000E+00  2.62565451E-03  0.00000000E+00  0.00000000E+00  0.00000000E+00  0.00000000E+00  0.00000000E+00  7.82314108E-03  0.00000000E+00  0.00000000E+00 -2.64898859E-03
    4.053000      1   0.00000000E+00  0.00000000E+00  2.62481507E-03  0.00000000E+00  0.00000000E+00  0.00000000E+00  0.00000000E+00  0.00000000E+00  7.82050487E-03  0.00000000E+00  0.00000000E+00 -2.63621163E-03
    4.054000      1   0.00000000E+00  0.00000000E+00  2.62763773E-03  0.00000000E+00  0.00000000E+00  0.00000000E+00  0.00000000E+00  0.00000000E+00  7.81788129E-03  0.00000000E+00  0.00000000E+00 -2.62357748E-03
    4.055000      1   0.00000000E+00  0.00000000E+00  2.63101226E-03  0.00000000E+00  0.00000000E+00  0.00000000E+00  0.00000000E+00  0.00000000E+00  7.81527057E-03  0.00000000E+00  0.00000000E+00 -2.61071985E-03
    4.056000      1   0.00000000E+00  0.00000000E+00  2.63052240E-03  0.00000000E+00  0.00000000E+00  0.00000000E+00  0.00000000E+00  0.00000000E+00  7.81267423E-03  0.00000000E+00  0.00000000E+00 -2.59633848E-03
    4.057000      1   0.00000000E+00  0.00000000E+00  2.62828783E-03  0.00000000E+00  0.00000000E+00  0.00000000E+00  0.00000000E+00  0.00000000E+00  7.81009330E-03  0.00000000E+00  0.00000000E+00 -2.58093548E-03
    4.058000      1   0.00000000E+00  0.00000000E+00  2.62718582E-03  0.00000000E+00  0.00000000E+00  0.00000000E+00  0.00000000E+00  0.00000000E+00  7.80752721E-03  0.00000000E+00  0.00000000E+00 -2.56608852E-03
    4.059000      1   0.00000000E+00  0.00000000E+00  2.62939684E-03  0.00000000E+00  0.00000000E+00  0.00000000E+00  0.00000000E+00  0.00000000E+00  7.80497504E-03  0.00000000E+00  0.00000000E+00 -2.55217030E-03
    4.060000      1   0.00000000E+00  0.00000000E+00  2.62738864E-03  0.00000000E+00  0.00000000E+00  0.00000000E+00  0.00000000E+00  0.00000000E+00  7.80243681E-03  0.00000000E+00  0.00000000E+00 -2.53822300E-03
    4.061000      1   0.00000000E+00  0.00000000E+00  2.62909445E-03  0.00000000E+00  0.00000000E+00  0.00000000E+00  0.00000000E+00  0.00000000E+00  7.79991291E-03  0.00000000E+00  0.00000000E+00 -2.52390471E-03
    4.062000      1   0.00000000E+00  0.00000000E+00  2.62826152E-03  0.00000000E+00  0.00000000E+00  0.00000000E+00  0.00000000E+00  0.00000000E+00  7.79740297E-03  0.00000000E+00  0.00000000E+00 -2.50994428E-03
    4.063000      1   0.00000000E+00  0.00000000E+00  2.62509883E-03  0.00000000E+00  0.00000000E+00  0.00000000E+00  0.00000000E+00  0.00000000E+00  7.79490739E-03  0.00000000E+00  0.00000000E+00 -2.49557093E-03
    4.064000      1   0.00000000E+00  0.00000000E+00  2.62426101E-03  0.00000000E+00  0.00000000E+00  0.00000000E+00  0.00000000E+00  0.00000000E+00  7.79242536E-03  0.00000000E+00  0.00000000E+00 -2.48203041E-03
    4.065000      1   0.00000000E+00  0.00000000E+00  2.62458058E-03  0.00000000E+00  0.00000000E+00  0.00000000E+00  0.00000000E+00  0.00000000E+00  7.78995569E-03  0.00000000E+00  0.00000000E+00 -2.46967673E-03
    4.066000      1   0.00000000E+00  0.00000000E+00  2.62453620E-03  0.00000000E+00  0.00000000E+00  0.00000000E+00  0.00000000E+00  0.00000000E+00  7.78749815E-03  0.00000000E+00  0.00000000E+00 -2.45754169E-03
    4.067000      1   0.00000000E+00  0.00000000E+00  2.62368440E-03  0.00000000E+00  0.00000000E+00  0.00000000E+00  0.00000000E+00  0.00000000E+00  7.78505284E-03  0.00000000E+00  0.00000000E+00 -2.44530954E-03
    4.068000      1   0.00000000E+00  0.00000000E+00  2.62299039E-03  0.00000000E+00  0.00000000E+00  0.00000000E+00  0.00000000E+00  0.00000000E+00  7.78261959E-03  0.00000000E+00  0.00000000E+00 -2.43324261E-03
    4.069000      1   0.00000000E+00  0.00000000E+00  2.62302595E-03  0.00000000E+00  0.00000000E+00  0.00000000E+00  0.00000000E+00  0.00000000E+00  7.78019802E-03  0.00000000E+00  0.00000000E+00 -2.42157814E-03
    4.070000      1   0.00000000E+00  0.00000000E+00  2.62364620E-03  0.00000000E+00  0.00000000E+00  0.00000000E+00  0.00000000E+00  0.00000000E+00  7.77778788E-03  0.00000000E+00  0.00000000E+00 -2.41013531E-03
    4.071000      1   0.00000000E+00  0.00000000E+00  2.62736541E-03  0.00000000E+00  0.00000000E+00  0.00000000E+00  0.00000000E+00  0.00000000E+00  7.77538931E-03  0.00000000E+00  0.00000000E+00 -2.39857111E-03
    4.072000      1   0.00000000E+00  0.00000000E+00  2.62868268E-03  0.00000000E+00  0.00000000E+00  0.00000000E+00  0.00000000E+00  0.00000000E+00  7.77300316E-03  0.00000000E+00  0.00000000E+00 -2.38614552E-03
    4.073000      1   0.00000000E+00  0.00000000E+00  2.62501140E-03  0.00000000E+00  0.00000000E+00  0.00000000E+00  0.00000000E+00  0.00000000E+00  7.77063090E-03  0.00000000E+00  0.00000000E+00 -2.37226554E-03
    4.074000      1   0.00000000E+00  0.00000000E+00  2.62455069E-03  0.00000000E+00  0.00000000E+00  0.00000000E+00  0.00000000E+00  0.00000000E+00  7.76827230E-03  0.00000000E+00  0.00000000E+00 -2.35860217E-03
    4.075000      1   0.00000000E+00  0.00000000E+00  2.62450756E-03  0.00000000E+00  0.00000000E+00  0.00000000E+00  0.00000000E+00  0.00000000E+00  7.76592607E-03  0.00000000E+00  0.00000000E+00 -2.34622597E-03
    4.076000      1   0.00000000E+00  0.00000000E+00  2.62455471E-03  0.00000000E+00  0.00000000E+00  0.00000000E+00  0.00000000E+00  0.00000000E+00  7.76359206E-03  0.00000000E+00  0.00000000E+00 -2.33400870E-03
    4.077000      1   0.00000000E+00  0.00000000E+00  2.62317027E-03  0.00000000E+00  0.00000000E+00  0.00000000E+00  0.00000000E+00  0.00000000E+00  7.76127026E-03  0.00000000E+00  0.00000000E+00 -2.32179727E-03
    4.078000      1   0.00000000E+00  0.00000000E+00  2.62610760E-03  0.00000000E+00  0.00000000E+00  0.00000000E+00  0.00000000E+00  0.00000000E+00  7.75896045E-03  0.00000000E+00  0.00000000E+00 -2.30981517E-03
    4.079000      1   0.00000000E+00  0.00000000E+00  2.62308601E-03  0.00000000E+00  0.00000000E+00  0.00000000E+00  0.00000000E+00  0.00000000E+00  7.75666268E-03  0.00000000E+00  0.00000000E+00 -2.29776830E-03
    4.080000      1   0.00000000E+00  0.00000000E+00  2.62280744E-03  0.00000000E+00  0.00000000E+00  0.00000000E+00  0.00000000E+00  0.00000000E+00  7.75437739E-03  0.00000000E+00  0.00000000E+00 -2.28529111E-03
    4.081000      1   0.00000000E+00  0.00000000E+00  2.62141309E-03  0.00000000E+00  0.00000000E+00  0.00000000E+00  0.00000000E+00  0.00000000E+00  7.75210353E-03  0.00000000E+00  0.00000000E+00 -2.27385552E-03
    4.082000      1   0.00000000E+00  0.00000000E+00  2.62236715E-03  0.00000000E+00  0.00000000E+00  0.00000000E+00  0.00000000E+00  0.00000000E+00  7.74984078E-03  0.00000000E+00  0.00000000E+00 -2.26275798E-03
    4.083000      1   0.00000000E+00  0.00000000E+00  2.62713695E-03  0.00000000E+00  0.00000000E+00  0.00000000E+00  0.00000000E+00  0.00000000E+00  7.74758883E-03  0.00000000E+00  0.00000000E+00 -2.25194966E-03
    4.084000      1   0.00000000E+00  0.00000000E+00  2.62589025E-03  0.00000000E+00  0.00000000E+00  0.00000000E+00  0.00000000E+00  0.00000000E+00  7.74534884E-03  0.00000000E+00  0.00000000E+00 -2.23998453E-03
    4.085000      1   0.00000000E+00  0.00000000E+00  2.62561130E-03  0.00000000E+00  0.00000000E+00  0.00000000E+00  0.00000000E+00  0.00000000E+00  7.74312217E-03  0.00000000E+00  0.00000000E+00 -2.22667338E-03
    4.086000      1   0.00000000E+00  0.00000000E+00  2.62490357E-03  0.00000000E+00  0.00000000E+00  0.00000000E+00  0.00000000E+00  0.00000000E+00  7.74090835E-03  0.00000000E+00  0.00000000E+00 -2.21382100E-03
    4.087000      1   0.00000000E+00  0.00000000E+00  2.62633108E-03  0.00000000E+00  0.00000000E+00  0.00000000E+00  0.00000000E+00  0.00000000E+00  7.73870716E-03  0.00000000E+00  0.00000000E+00 -2.20118539E-03
    4.088000      1   0.00000000E+00  0.00000000E+00  2.62825248E-03  0.00000000E+00  0.00000000E+00  0.00000000E+00  0.00000000E+00  0.00000000E+00  7.73651863E-03  0.00000000E+00  0.00000000E+00 -2.18852977E-03
    4.089000      1   0.00000000E+00  0.00000000E+00  2.62993123E-03  0.00000000E+00  0.00000000E+00  0.00000000E+00  0.00000000E+00  0.00000000E+00  7.73434357E-03  0.00000000E+00  0.00000000E+00 -2.17506555E-03
    4.090000      1   0.00000000E+00  0.00000000E+00  2.62990129E-03  0.00000000E+00  0.00000000E+00  0.00000000E+00  0.00000000E+00  0.00000000E+00  7.73218289E-03  0.00000000E+00  0.00000000E+00 -2.16067344E-03
    4.091000      1   0.00000000E+00  0.00000000E+00  2.62579596E-03  0.00000000E+00  0.00000000E+00  0.00000000E+00  0.00000000E+00  0.00000000E+00  7.73003716E-03  0.00000000E+00  0.00000000E+00 -2.14573531E-03
    4.092000      1   0.00000000E+00  0.00000000E+00  2.62578808E-03  0.00000000E+00  0.00000000E+00  0.00000000E+00  0.00000000E+00  0.00000000E+00  7.72790562E-03  0.00000000E+00  0.00000000E+00 -2.13153299E-03
    4.093000      1   0.00000000E+00  0.00000000E+00  2.62586753E-03  0.00000000E+00  0.00000000E+00  0.00000000E+00  0.00000000E+00  0.00000000E+00  7.72578694E-03  0.00000000E+00  0.00000000E+00 -2.11868031E-03
    4.094000      1   0.00000000E+00  0.00000000E+00  2.62533531E-03  0.00000000E+00  0.00000000E+00  0.00000000E+00  0.00000000E+00  0.00000000E+00  7.72368113E-03  0.00000000E+00  0.00000000E+00 -2.10581617E-03
    4.095000      1   0.00000000E+00  0.00000000E+00  2.62406527E-03  0.00000000E+00  0.00000000E+00  0.00000000E+00  0.00000000E+00  0.00000000E+00  7.72158811E-03  0.00000000E+00  0.00000000E+00 -2.09302006E-03
    4.096000      1   0.00000000E+00  0.00000000E+00  2.62057493E-03  0.00000000E+00  0.00000000E+00  0.00000000E+00  0.00000000E+00  0.00000000E+00  7.71950748E-03  0.00000000E+00  0.00000000E+00 -2.08062333E-03
    4.097000      1   0.00000000E+00  0.00000000E+00  2.62249716E-03  0.00000000E+00  0.00000000E+00  0.00000000E+00  0.00000000E+00  0.00000000E+00  7.71743822E-03  0.00000000E+00  0.00000000E+00 -2.06926093E-03
    4.098000      1   0.00000000E+00  0.00000000E+00  2.62259784E-03  0.00000000E+00  0.00000000E+00  0.00000000E+00  0.00000000E+00  0.00000000E+00  7.71537952E-03  0.00000000E+00  0.00000000E+00 -2.05870488E-03
    4.099000      1   0.00000000E+00  0.00000000E+00  2.62178999E-03  0.00000000E+00  0.00000000E+00  0.00000000E+00  0.00000000E+00  0.00000000E+00  7.71333202E-03  0.00000000E+00  0.00000000E+00 -2.04749974E-03
    4.100000      1   0.00000000E+00  0.00000000E+00  2.62071835E-03  0.00000000E+00  0.00000000E+00  0.00000000E+00  0.00000000E+00  0.00000000E+00  7.71129561E-03  0.00000000E+00  0.00000000E+00 -2.03640439E-03
    4.101000      1   0.00000000E+00  0.00000000E+00  2.62172064E-03  0.00000000E+00  0.00000000E+00  0.00000000E+00  0.00000000E+00  0.00000000E+00  7.70926985E-03  0.00000000E+00  0.00000000E+00 -2.02576386E-03
    4.102000      1   0.00000000E+00  0.00000000E+00  2.62079613E-03  0.00000000E+00  0.00000000E+00  0.00000000E+00  0.00000000E+00  0.00000000E+00  7.70725455E-03  0.00000000E+00  0.00000000E+00 -2.01529804E-03
    4.103000      1   0.00000000E+00  0.00000000E+00  2.61953015E-03  0.00000000E+00  0.00000000E+00  0.00000000E+00  0.00000000E+00  0.00000000E+00  7.70524989E-03  0.00000000E+00  0.00000000E+00 -2.00466653E-03
    4.104000      1   0.00000000E+00  0.00000000E+00  2.61945804E-03  0.00000000E+00  0.00000000E+00  0.00000000E+00  0.00000000E+00  0.00000000E+00  7.70325532E-03  0.00000000E+00  0.00000000E+00 -1.99456252E-03
    4.105000      1   0.00000000E+00  0.00000000E+00  2.61833804E-03  0.00000000E+00  0.00000000E+00  0.00000000E+00  0.00000000E+00  0.00000000E+00  7.70127044E-03  0.00000000E+00  0.00000000E+00 -1.98488702E-03
    4.106000      1   0.00000000E+00  0.00000000E+00  2.61853337E-03  0.00000000E+00  0.00000000E+00  0.00000000E+00  0.00000000E+00  0.00000000E+00  7.69929500E-03  0.00000000E+00  0.00000000E+00 -1.97543327E-03
    4.107000      1   0.00000000E+00  0.00000000E+00  2.61658819E-03  0.00000000E+00  0.00000000E+00  0.00000000E+00  0.00000000E+00  0.00000000E+00  7.69732869E-03  0.00000000E+00  0.00000000E+00 -1.96631281E-03
    4.108000      1   0.00000000E+00  0.00000000E+00  2.61674046E-03  0.00000000E+00  0.00000000E+00  0.00000000E+00  0.00000000E+00  0.00000000E+00  7.69537122E-03  0.00000000E+00  0.00000000E+00 -1.95747217E-03
    4.109000      1   0.00000000E+00  0.00000000E+00  2.61638108E-03  0.00000000E+00  0.00000000E+00  0.00000000E+00  0.00000000E+00  0.00000000E+00  7.69342197E-03  0.00000000E+00  0.00000000E+00 -1.94924344E-03
    4.110000      1   0.00000000E+00  0.00000000E+00  2.62004796E-03  0.00000000E+00  0.00000000E+00  0.00000000E+00  0.00000000E+00  0.00000000E+00  7.69148095E-03  0.00000000E+00  0.00000000E+00 -1.94102825E-03
    4.111000      1   0.00000000E+00  0.00000000E+00  2.61738550E-03  0.00000000E+00  0.00000000E+00  0.00000000E+00  0.00000000E+00  0.00000000E+00  7.68954866E-03  0.00000000E+00  0.00000000E+00 -1.93228264E-03
    4.112000      1   0.00000000E+00  0.00000000E+00  2.61578084E-03  0.00000000E+00  0.00000000E+00  0.00000000E+00  0.00000000E+00  0.00000000E+00  7.68762586E-03  0.00000000E+00  0.00000000E+00 -1.92280359E-03
    4.113000      1   0.00000000E+00  0.00000000E+00  2.61654923E-03  0.00000000E+00  0.00000000E+00  0.00000000E+00  0.00000000E+00  0.00000000E+00  7.68571138E-03  0.00000000E+00  0.00000000E+00 -1.91448271E-03
    4.114000      1   0.00000000E+00  0.00000000E+00  2.61667110E-03  0.00000000E+00  0.00000000E+00  0.00000000E+00  0.00000000E+00  0.00000000E+00  7.68380482E-03  0.00000000E+00  0.00000000E+00 -1.90655293E-03
    4.115000      1   0.00000000E+00  0.00000000E+00  2.61787624E-03  0.00000000E+00  0.00000000E+00  0.00000000E+00  0.00000000E+00  0.00000000E+00  7.68190648E-03  0.00000000E+00  0.00000000E+00 -1.89834926E-03
    4.116000      1   0.00000000E+00  0.00000000E+00  2.61763324E-03  0.00000000E+00  0.00000000E+00  0.00000000E+00  0.00000000E+00  0.00000000E+00  7.68001658E-03  0.00000000E+00  0.00000000E+00 -1.88989245E-03
    4.117000      1   0.00000000E+00  0.00000000E+00  2.61703688E-03  0.00000000E+00  0.00000000E+00  0.00000000E+00  0.00000000E+00  0.00000000E+00  7.67813550E-03  0.00000000E+00  0.00000000E+00 -1.88108282E-03
    4.118000      1   0.00000000E+00  0.00000000E+00  2.61767224E-03  0.00000000E+00  0.00000000E+00  0.00000000E+00  0.00000000E+00  0.00000000E+00  7.67626304E-03  0.00000000E+00  0.00000000E+00 -1.87245846E-03
    4.119000      1   0.00000000E+00  0.00000000E+00  2.61915840E-03  0.00000000E+00  0.00000000E+00  0.00000000E+00  0.00000000E+00  0.00000000E+00  7.67439912E-03  0.00000000E+00  0.00000000E+00 -1.86391759E-03
    4.120000      1   0.00000000E+00  0.00000000E+00  2.61995525E-03  0.00000000E+00  0.00000000E+00  0.00000000E+00  0.00000000E+00  0.00000000E+00  7.67254422E-03  0.00000000E+00  0.00000000E+00 -1.85490525E-03
    4.121000      1   0.00000000E+00  0.00000000E+00  2.62027098E-03  0.00000000E+00  0.00000000E+00  0.00000000E+00  0.00000000E+00  0.00000000E+00  7.67069895E-03  0.00000000E+00  0.00000000E+00 -1.84526392E-03
    4.122000      1   0.00000000E+00  0.00000000E+00  2.61829340E-03  0.00000000E+00  0.00000000E+00  0.00000000E+00  0.00000000E+00  0.00000000E+00  7.66886365E-03  0.00000000E+00  0.00000000E+00 -1.83530505E-03
    4.123000      1   0.00000000E+00  0.00000000E+00  2.62084769E-03  0.00000000E+00  0.00000000E+00  0.00000000E+00  0.00000000E+00  0.00000000E+00  7.66703806E-03  0.00000000E+00  0.00000000E+00 -1.82559221E-03
    4.124000      1   0.00000000E+00  0.00000000E+00  2.62198851E-03  0.00000000E+00  0.00000000E+00  0.00000000E+00  0.00000000E+00  0.00000000E+00  7.66522198E-03  0.00000000E+00  0.00000000E+00 -1.81607714E-03
    4.125000      1   0.00000000E+00  0.00000000E+00  2.62124898E-03  0.00000000E+00  0.00000000E+00  0.00000000E+00  0.00000000E+00  0.00000000E+00  7.66341646E-03  0.00000000E+00  0.00000000E+00 -1.80552146E-03
    4.126000      1   0.00000000E+00  0.00000000E+00  2.62116074E-03  0.00000000E+00  0.00000000E+00  0.00000000E+00  0.00000000E+00  0.00000000E+00  7.66162174E-03  0.00000000E+00  0.00000000E+00 -1.79472190E-03
    4.127000      1   0.00000000E+00  0.00000000E+00  2.62070542E-03  0.00000000E+00  0.00000000E+00  0.00000000E+00  0.00000000E+00  0.00000000E+00  7.65983756E-03  0.00000000E+00  0.00000000E+00 -1.78418082E-03
    4.128000      1   0.00000000E+00  0.00000000E+00  2.62113685E-03  0.00000000E+00  0.00000000E+00  0.00000000E+00  0.00000000E+00  0.00000000E+00  7.65806381E-03  0.00000000E+00  0.00000000E+00 -1.77374923E-03
    4.129000      1   0.00000000E+00  0.00000000E+00  2.62224889E-03  0.00000000E+00  0.00000000E+00  0.00000000E+00  0.00000000E+00  0.00000000E+00  7.65630042E-03  0.00000000E+00  0.00000000E+00 -1.76339088E-03
    4.130000      1   0.00000000E+00  0.00000000E+00  2.62196293E-03  0.00000000E+00  0.00000000E+00  0.00000000E+00  0.00000000E+00  0.00000000E+00  7.65454772E-03  0.00000000E+00  0.00000000E+00 -1.75269419E-03
    4.131000      1   0.00000000E+00  0.00000000E+00  2.62220399E-03  0.00000000E+00  0.00000000E+00  0.00000000E+00  0.00000000E+00  0.00000000E+00  7.65280604E-03  0.00000000E+00  0.00000000E+00 -1.74168286E-03
    4.132000      1   0.00000000E+00  0.00000000E+00  2.62223512E-03  0.00000000E+00  0.00000000E+00  0.00000000E+00  0.00000000E+00  0.00000000E+00  7.65107532E-03  0.00000000E+00  0.00000000E+00 -1.73072282E-03
    4.133000      1   0.00000000E+00  0.00000000E+00  2.62278985E-03  0.00000000E+00  0.00000000E+00  0.00000000E+00  0.00000000E+00  0.00000000E+00  7.64935564E-03  0.00000000E+00  0.00000000E+00 -1.71967810E-03
    4.134000      1   0.00000000E+00  0.00000000E+00  2.62269710E-03  0.00000000E+00  0.00000000E+00  0.00000000E+00  0.00000000E+00  0.00000000E+00  7.64764711E-03  0.00000000E+00  0.00000000E+00 -1.70852506E-03
    4.135000      1   0.00000000E+00  0.00000000E+00  2.62430599E-03  0.00000000E+00  0.00000000E+00  0.00000000E+00  0.00000000E+00  0.00000000E+00  7.64594991E-03  0.00000000E+00  0.00000000E+00 -1.69720624E-03
    4.136000      1   0.00000000E+00  0.00000000E+00  2.62277543E-03  0.00000000E+00  0.00000000E+00  0.00000000E+00  0.00000000E+00  0.00000000E+00  7.64426427E-03  0.00000000E+00  0.00000000E+00 -1.68563337E-03
    4.137000      1   0.00000000E+00  0.00000000E+00  2.62247863E-03  0.00000000E+00  0.00000000E+00  0.00000000E+00  0.00000000E+00  0.00000000E+00  7.64259047E-03  0.00000000E+00  0.00000000E+00 -1.67380278E-03
    4.138000      1   0.00000000E+00  0.00000000E+00  2.62244784E-03  0.00000000E+00  0.00000000E+00  0.00000000E+00  0.00000000E+00  0.00000000E+00  7.64092794E-03  0.00000000E+00  0.00000000E+00 -1.66252733E-03
    4.139000      1   0.00000000E+00  0.00000000E+00  2.62216535E-03  0.00000000E+00  0.00000000E+00  0.00000000E+00  0.00000000E+00  0.00000000E+00  7.63927659E-03  0.00000000E+00  0.00000000E+00 -1.65135480E-03
    4.140000      1   0.00000000E+00  0.00000000E+00  2.62117926E-03  0.00000000E+00  0.00000000E+00  0.00000000E+00  0.00000000E+00  0.00000000E+00  7.63763635E-03  0.00000000E+00  0.00000000E+00 -1.64024234E-03
    4.141000      1   0.00000000E+00  0.00000000E+00  2.62102076E-03  0.00000000E+00  0.00000000E+00  0.00000000E+00  0.00000000E+00  0.00000000E+00  7.63600695E-03  0.00000000E+00  0.00000000E+00 -1.62939703E-03
    4.142000      1   0.00000000E+00  0.00000000E+00  2.62393977E-03  0.00000000E+00  0.00000000E+00  0.00000000E+00  0.00000000E+00  0.00000000E+00  7.63438805E-03  0.00000000E+00  0.00000000E+00 -1.61890359E-03
    4.143000      1   0.00000000E+00  0.00000000E+00  2.62224241E-03  0.00000000E+00  0.00000000E+00  0.00000000E+00  0.00000000E+00  0.00000000E+00  7.63278010E-03  0.00000000E+00  0.00000000E+00 -1.60794602E-03
    4.144000      1   0.00000000E+00  0.00000000E+00  2.62031246E-03  0.00000000E+00  0.00000000E+00  0.00000000E+00  0.00000000E+00  0.00000000E+00  7.63118377E-03  0.00000000E+00  0.00000000E+00 -1.59632996E-03
    4.145000      1   0.00000000E+00  0.00000000E+00  2.62205883E-03  0.00000000E+00  0.00000000E+00  0.00000000E+00  0.00000000E+00  0.00000000E+00  7.62959816E-03  0.00000000E+00  0.00000000E+00 -1.58561262E-03
    4.146000      1   0.00000000E+00  0.00000000E+00  2.62115630E-03  0.00000000E+00  0.00000000E+00  0.00000000E+00  0.00000000E+00  0.00000000E+00  7.62802294E-03  0.00000000E+00  0.00000000E+00 -1.57522029E-03
    4.147000      1   0.00000000E+00  0.00000000E+00  2.62036199E-03  0.00000000E+00  0.00000000E+00  0.00000000E+00  0.00000000E+00  0.00000000E+00  7.62645852E-03  0.00000000E+00  0.00000000E+00 -1.56441402E-03
    4.148000      1   0.00000000E+00  0.00000000E+00  2.61942869E-03  0.00000000E+00  0.00000000E+00  0.00000000E+00  0.00000000E+00  0.00000000E+00  7.62490448E-03  0.00000000E+00  0.00000000E+00 -1.55404462E-03
    4.149000      1   0.00000000E+00  0.00000000E+00  2.61961645E-03  0.00000000E+00  0.00000000E+00  0.00000000E+00  0.00000000E+00  0.00000000E+00  7.62336038E-03  0.00000000E+00  0.00000000E+00 -1.54410113E-03
    4.150000      1   0.00000000E+00  0.00000000E+00  2.61801024E-03  0.00000000E+00  0.00000000E+00  0.00000000E+00  0.00000000E+00  0.00000000E+00  7.62182595E-03  0.00000000E+00  0.00000000E+00 -1.53443094E-03
    4.151000      1   0.00000000E+00  0.00000000E+00  2.61710356E-03  0.00000000E+00  0.00000000E+00  0.00000000E+00  0.00000000E+00  0.00000000E+00  7.62030096E-03  0.00000000E+00  0.00000000E+00 -1.52498314E-03
    4.152000      1   0.00000000E+00  0.00000000E+00  2.61870941E-03  0.00000000E+00  0.00000000E+00  0.00000000E+00  0.00000000E+00  0.00000000E+00  7.61878474E-03  0.00000000E+00  0.00000000E+00 -1.51622317E-03
    4.153000      1   0.00000000E+00  0.00000000E+00  2.61777853E-03  0.00000000E+00  0.00000000E+00  0.00000000E+00  0.00000000E+00  0.00000000E+00  7.61727726E-03  0.00000000E+00  0.00000000E+00 -1.50747699E-03
    4.154000      1   0.00000000E+00  0.00000000E+00  2.61817775E-03  0.00000000E+00  0.00000000E+00  0.00000000E+00  0.00000000E+00  0.00000000E+00  7.61577889E-03  0.00000000E+00  0.00000000E+00 -1.49836804E-03
    4.155000      1   0.00000000E+00  0.00000000E+00  2.61646559E-03  0.00000000E+00  0.00000000E+00  0.00000000E+00  0.00000000E+00  0.00000000E+00  7.61428940E-03  0.00000000E+00  0.00000000E+00 -1.48949422E-03
    4.156000      1   0.00000000E+00  0.00000000E+00  2.61757602E-03  0.00000000E+00  0.00000000E+00  0.00000000E+00  0.00000000E+00  0.00000000E+00  7.61280861E-03  0.00000000E+00  0.00000000E+00 -1.48079205E-03
    4.157000      1   0.00000000E+00  0.00000000E+00  2.61873142E-03  0.00000000E+00  0.00000000E+00  0.00000000E+00  0.00000000E+00  0.00000000E+00  7.61133615E-03  0.00000000E+00  0.00000000E+00 -1.47245583E-03
    4.158000      1   0.00000000E+00  0.00000000E+00  2.61721998E-03  0.00000000E+00  0.00000000E+00  0.00000000E+00  0.00000000E+00  0.00000000E+00  7.60987260E-03  0.00000000E+00  0.00000000E+00 -1.46355059E-03
    4.159000      1   0.00000000E+00  0.00000000E+00  2.61723610E-03  0.00000000E+00  0.00000000E+00  0.00000000E+00  0.00000000E+00  0.00000000E+00  7.60841807E-03  0.00000000E+00  0.00000000E+00 -1.45453319E-03
    4.160000      1   0.00000000E+00  0.00000000E+00  2.61757216E-03  0.00000000E+00  0.00000000E+00  0.00000000E+00  0.00000000E+00  0.00000000E+00  7.60697206E-03  0.00000000E+00  0.00000000E+00 -1.44600932E-03
    4.161000      1   0.00000000E+00  0.00000000E+00  2.61793901E-03  0.00000000E+00  0.00000000E+00  0.00000000E+00  0.00000000E+00  0.00000000E+00  7.60553464E-03  0.00000000E+00  0.00000000E+00 -1.43742072E-03
    4.162000      1   0.00000000E+00  0.00000000E+00  2.61818184E-03  0.00000000E+00  0.00000000E+00  0.00000000E+00  0.00000000E+00  0.00000000E+00  7.60410598E-03  0.00000000E+00  0.00000000E+00 -1.42865689E-03
    4.163000      1   0.00000000E+00  0.00000000E+00  2.61750781E-03  0.00000000E+00  0.00000000E+00  0.00000000E+00  0.00000000E+00  0.00000000E+00  7.60268625E-03  0.00000000E+00  0.00000000E+00 -1.41972963E-03
    4.164000      1   0.00000000E+00  0.00000000E+00  2.61769170E-03  0.00000000E+00  0.00000000E+00  0.00000000E+00  0.00000000E+00  0.00000000E+00  7.60127541E-03  0.00000000E+00  0.00000000E+00 -1.41084182E-03
    4.165000      1   0.00000000E+00  0.00000000E+00  2.61841066E-03  0.00000000E+00  0.00000000E+00  0.00000000E+00  0.00000000E+00  0.00000000E+00  7.59987327E-03  0.00000000E+00  0.00000000E+00 -1.40214285E-03
    4.166000      1   0.00000000E+00  0.00000000E+00  2.61721423E-03  0.00000000E+00  0.00000000E+00  0.00000000E+00  0.00000000E+00  0.00000000E+00  7.59848001E-03  0.00000000E+00  0.00000000E+00 -1.39325635E-03
    4.167000      1   0.00000000E+00  0.00000000E+00  2.61796930E-03  0.00000000E+00  0.00000000E+00  0.00000000E+00  0.00000000E+00  0.00000000E+00  7.59709567E-03  0.00000000E+00  0.00000000E+00 -1.38434530E-03
    4.168000      1   0.00000000E+00  0.00000000E+00  2.61711914E-03  0.00000000E+00  0.00000000E+00  0.00000000E+00  0.00000000E+00  0.00000000E+00  7.59571997E-03  0.00000000E+00  0.00000000E+00 -1.37569366E-03
    4.169000      1   0.00000000E+00  0.00000000E+00  2.61657872E-03  0.00000000E+00  0.00000000E+00  0.00000000E+00  0.00000000E+00  0.00000000E+00  7.59435303E-03  0.00000000E+00  0.00000000E+00 -1.36694438E-03
    4.170000      1   0.00000000E+00  0.00000000E+00  2.61743988E-03  0.00000000E+00  0.00000000E+00  0.00000000E+00  0.00000000E+00  0.00000000E+00  7.59299446E-03  0.00000000E+00  0.00000000E+00 -1.35856988E-03
    4.171000      1   0.00000000E+00  0.00000000E+00  2.61718061E-03  0.00000000E+00  0.00000000E+00  0.00000000E+00  0.00000000E+00  0.00000000E+00  7.59164424E-03  0.00000000E+00  0.00000000E+00 -1.35022057E-03
    4.172000      1   0.00000000E+00  0.00000000E+00  2.61860169E-03  0.00000000E+00  0.00000000E+00  0.00000000E+00  0.00000000E+00  0.00000000E+00  7.59030260E-03  0.00000000E+00  0.00000000E+00 -1.34163429E-03
    4.173000      1   0.00000000E+00  0.00000000E+00  2.61800051E-03  0.00000000E+00  0.00000000E+00  0.00000000E+00  0.00000000E+00  0.00000000E+00  7.58896972E-03  0.00000000E+00  0.00000000E+00 -1.33288186E-03
    4.174000      1   0.00000000E+00  0.00000000E+00  2.61715918E-03  0.00000000E+00  0.00000000E+00  0.00000000E+00  0.00000000E+00  0.00000000E+00  7.58764595E-03  0.00000000E+00  0.00000000E+00 -1.32376903E-03
    4.175000      1   0.00000000E+00  0.00000000E+00  2.61751203E-03  0.00000000E+00  0.00000000E+00  0.00000000E+00  0.00000000E+00  0.00000000E+00  7.58633095E-03  0.00000000E+00  0.00000000E+00 -1.31500243E-03
    4.176000      1   0.00000000E+00  0.00000000E+00  2.61980111E-03  0.00000000E+00  0.00000000E+00  0.00000000E+00  0.00000000E+00  0.00000000E+00  7.58502450E-03  0.00000000E+00  0.00000000E+00 -1.30644973E-03
    4.177000      1   0.00000000E+00  0.00000000E+00  2.61840461E-03  0.00000000E+00  0.00000000E+00  0.00000000E+00  0.00000000E+00  0.00000000E+00  7.58372712E-03  0.00000000E+00  0.00000000E+00 -1.29737634E-03
    4.178000      1   0.00000000E+00  0.00000000E+00  2.61743232E-03  0.00000000E+00  0.00000000E+00  0.00000000E+00  0.00000000E+00  0.00000000E+00  7.58243933E-03  0.00000000E+00  0.00000000E+00 -1.28779815E-03
    4.179000      1   0.00000000E+00  0.00000000E+00  2.61681068E-03  0.00000000E+00  0.00000000E+00  0.00000000E+00  0.00000000E+00  0.00000000E+00  7.58116048E-03  0.00000000E+00  0.00000000E+00 -1.27885053E-03
    4.180000      1   0.00000000E+00  0.00000000E+00  2.61790065E-03  0.00000000E+00  0.00000000E+00  0.00000000E+00  0.00000000E+00  0.00000000E+00  7.57989014E-03  0.00000000E+00  0.00000000E+00 -1.27033215E-03
    4.181000      1   0.00000000E+00  0.00000000E+00  2.61856328E-03  0.00000000E+00  0.00000000E+00  0.00000000E+00  0.00000000E+00  0.00000000E+00  7.57862832E-03  0.00000000E+00  0.00000000E+00 -1.26182518E-03
    4.182000      1   0.00000000E+00  0.00000000E+00  2.61768517E-03  0.00000000E+00  0.00000000E+00  0.00000000E+00  0.00000000E+00  0.00000000E+00  7.57737547E-03  0.00000000E+00  0.00000000E+00 -1.25284307E-03
    4.183000      1   0.00000000E+00  0.00000000E+00  2.61746877E-03  0.00000000E+00  0.00000000E+00  0.00000000E+00  0.00000000E+00  0.00000000E+00  7.57613168E-03  0.00000000E+00  0.00000000E+00 -1.24379862E-03
    4.184000      1   0.00000000E+00  0.00000000E+00  2.61735694E-03  0.00000000E+00  0.00000000E+00  0.00000000E+00  0.00000000E+00  0.00000000E+00  7.57489660E-03  0.00000000E+00  0.00000000E+00 -1.23508083E-03
    4.185000      1   0.00000000E+00  0.00000000E+00  2.61722000E-03  0.00000000E+00  0.00000000E+00  0.00000000E+00  0.00000000E+00  0.00000000E+00  7.57367014E-03  0.00000000E+00  0.00000000E+00 -1.22645388E-03
    4.186000      1   0.00000000E+00  0.00000000E+00  2.61835660E-03  0.00000000E+00  0.00000000E+00  0.00000000E+00  0.00000000E+00  0.00000000E+00  7.57245225E-03  0.00000000E+00  0.00000000E+00 -1.21788787E-03
    4.187000      1   0.00000000E+00  0.00000000E+00  2.61692873E-03  0.00000000E+00  0.00000000E+00  0.00000000E+00  0.00000000E+00  0.00000000E+00  7.57124309E-03  0.00000000E+00  0.00000000E+00 -1.20916584E-03
    4.188000      1   0.00000000E+00  0.00000000E+00  2.61582522E-03  0.00000000E+00  0.00000000E+00  0.00000000E+00  0.00000000E+00  0.00000000E+00  7.57004276E-03  0.00000000E+00  0.00000000E+00 -1.20032304E-03
    4.189000      1   0.00000000E+00  0.00000000E+00  2.61618570E-03  0.00000000E+00  0.00000000E+00  0.00000000E+00  0.00000000E+00  0.00000000E+00  7.56885062E-03  0.00000000E+00  0.00000000E+00 -1.19214432E-03
    4.190000      1   0.00000000E+00  0.00000000E+00  2.61725158E-03  0.00000000E+00  0.00000000E+00  0.00000000E+00  0.00000000E+00  0.00000000E+00  7.56766636E-03  0.00000000E+00  0.00000000E+00 -1.18426426E-03
    4.191000      1   0.00000000E+00  0.00000000E+00  2.61596987E-03  0.00000000E+00  0.00000000E+00  0.00000000E+00  0.00000000E+00  0.00000000E+00  7.56649028E-03  0.00000000E+00  0.00000000E+00 -1.17607732E-03
    4.192000      1   0.00000000E+00  0.00000000E+00  2.61591044E-03  0.00000000E+00  0.00000000E+00  0.00000000E+00  0.00000000E+00  0.00000000E+00  7.56532251E-03  0.00000000E+00  0.00000000E+00 -1.16776699E-03
    4.193000      1   0.00000000E+00  0.00000000E+00  2.61639292E-03  0.00000000E+00  0.00000000E+00  0.00000000E+00  0.00000000E+00  0.00000000E+00  7.56416262E-03  0.00000000E+00  0.00000000E+00 -1.15988810E-03
    4.194000      1   0.00000000E+00  0.00000000E+00  2.61577576E-03  0.00000000E+00  0.00000000E+00  0.00000000E+00  0.00000000E+00  0.00000000E+00  7.56301068E-03  0.00000000E+00  0.00000000E+00 -1.15194341E-03
    4.195000      1   0.00000000E+00  0.00000000E+00  2.61424036E-03  0.00000000E+00  0.00000000E+00  0.00000000E+00  0.00000000E+00  0.00000000E+00  7.56186673E-03  0.00000000E+00  0.00000000E+00 -1.14394940E-03
    4.196000      1   0.00000000E+00  0.00000000E+00  2.61617853E-03  0.00000000E+00  0.00000000E+00  0.00000000E+00  0.00000000E+00  0.00000000E+00  7.56073030E-03  0.00000000E+00  0.00000000E+00 -1.13642959E-03
    4.197000      1   0.00000000E+00  0.00000000E+00  2.61547479E-03  0.00000000E+00  0.00000000E+00  0.00000000E+00  0.00000000E+00  0.00000000E+00  7.55960123E-03  0.00000000E+00  0.00000000E+00 -1.12907128E-03
    4.198000      1   0.00000000E+00  0.00000000E+00  2.61472422E-03  0.00000000E+00  0.00000000E+00  0.00000000E+00  0.00000000E+00  0.00000000E+00  7.55848003E-03  0.00000000E+00  0.00000000E+00 -1.12120091E-03
    4.199000      1   0.00000000E+00  0.00000000E+00  2.61351532E-03  0.00000000E+00  0.00000000E+00  0.00000000E+00  0.00000000E+00  0.00000000E+00  7.55736633E-03  0.00000000E+00  0.00000000E+00 -1.11369438E-03
    4.200000      1   0.00000000E+00  0.00000000E+00  2.61432107E-03  0.00000000E+00  0.00000000E+00  0.00000000E+00  0.00000000E+00  0.00000000E+00  7.55625969E-03  0.00000000E+00  0.00000000E+00 -1.10664813E-03
    4.201000      1   0.00000000E+00  0.00000000E+00  2.61433417E-03  0.00000000E+00  0.00000000E+00  0.00000000E+00  0.00000000E+00  0.00000000E+00  7.55515983E-03  0.00000000E+00  0.00000000E+00 -1.09985642E-03
    4.202000      1   0.00000000E+00  0.00000000E+00  2.61428295E-03  0.00000000E+00  0.00000000E+00  0.00000000E+00  0.00000000E+00  0.00000000E+00  7.55406703E-03  0.00000000E+00  0.00000000E+00 -1.09279776E-03
    4.203000      1   0.00000000E+00  0.00000000E+00  2.61298833E-03  0.00000000E+00  0.00000000E+00  0.00000000E+00  0.00000000E+00  0.00000000E+00  7.55298129E-03  0.00000000E+00  0.00000000E+00 -1.08574386E-03
    4.204000      1   0.00000000E+00  0.00000000E+00  2.61347746E-03  0.00000000E+00  0.00000000E+00  0.00000000E+00  0.00000000E+00  0.00000000E+00  7.55190235E-03  0.00000000E+00  0.00000000E+00 -1.07893572E-03
    4.205000      1   0.00000000E+00  0.00000000E+00  2.61344987E-03  0.00000000E+00  0.00000000E+00  0.00000000E+00  0.00000000E+00  0.00000000E+00  7.55082989E-03  0.00000000E+00  0.00000000E+00 -1.07246626E-03
    4.206000      1   0.00000000E+00  0.00000000E+00  2.61397955E-03  0.00000000E+00  0.00000000E+00  0.00000000E+00  0.00000000E+00  0.00000000E+00  7.54976405E-03  0.00000000E+00  0.00000000E+00 -1.06584104E-03
    4.207000      1   0.00000000E+00  0.00000000E+00  2.61302292E-03  0.00000000E+00  0.00000000E+00  0.00000000E+00  0.00000000E+00  0.00000000E+00  7.54870491E-03  0.00000000E+00  0.00000000E+00 -1.05913122E-03
    4.208000      1   0.00000000E+00  0.00000000E+00  2.61269883E-03  0.00000000E+00  0.00000000E+00  0.00000000E+00  0.00000000E+00  0.00000000E+00  7.54765250E-03  0.00000000E+00  0.00000000E+00 -1.05241660E-03
    4.209000      1   0.00000000E+00  0.00000000E+00  2.61308825E-03  0.00000000E+00  0.00000000E+00  0.00000000E+00  0.00000000E+00  0.00000000E+00  7.54660642E-03  0.00000000E+00  0.00000000E+00 -1.04607347E-03
    4.210000      1   0.00000000E+00  0.00000000E+00  2.61295230E-03  0.00000000E+00  0.00000000E+00  0.00000000E+00  0.00000000E+00  0.00000000E+00  7.54556666E-03  0.00000000E+00  0.00000000E+00 -1.03976791E-03
    4.211000      1   0.00000000E+00  0.00000000E+00  2.61316787E-03  0.00000000E+00  0.00000000E+00  0.00000000E+00  0.00000000E+00  0.00000000E+00  7.54453330E-03  0.00000000E+00  0.00000000E+00 -1.03335851E-03
    4.212000      1   0.00000000E+00  0.00000000E+00  2.61272721E-03  0.00000000E+00  0.00000000E+00  0.00000000E+00  0.00000000E+00  0.00000000E+00  7.54350634E-03  0.00000000E+00  0.00000000E+00 -1.02695563E-03
    4.213000      1   0.00000000E+00  0.00000000E+00  2.61282508E-03  0.00000000E+00  0.00000000E+00  0.00000000E+00  0.00000000E+00  0.00000000E+00  7.54248578E-03  0.00000000E+00  0.00000000E+00 -1.02055987E-03
    4.214000      1   0.00000000E+00  0.00000000E+00  2.61326884E-03  0.00000000E+00  0.00000000E+00  0.00000000E+00  0.00000000E+00  0.00000000E+00  7.54147149E-03  0.00000000E+00  0.00000000E+00 -1.01429153E-03
    4.215000      1   0.00000000E+00  0.00000000E+00  2.61434808E-03  0.00000000E+00  0.00000000E+00  0.00000000E+00  0.00000000E+00  0.00000000E+00  7.54046358E-03  0.00000000E+00  0.00000000E+00 -1.00791258E-03
    4.216000      1   0.00000000E+00  0.00000000E+00  2.61433061E-03  0.00000000E+00  0.00000000E+00  0.00000000E+00  0.00000000E+00  0.00000000E+00  7.53946238E-03  0.00000000E+00  0.00000000E+00 -1.00119703E-03
    4.217000      1   0.00000000E+00  0.00000000E+00  2.61403903E-03  0.00000000E+00  0.00000000E+00  0.00000000E+00  0.00000000E+00  0.00000000E+00  7.53846825E-03  0.00000000E+00  0.00000000E+00 -9.94130141E-04
    4.218000      1   0.00000000E+00  0.00000000E+00  2.61491242E-03  0.00000000E+00  0.00000000E+00  0.00000000E+00  0.00000000E+00  0.00000000E+00  7.53748113E-03  0.00000000E+00  0.00000000E+00 -9.87120546E-04
    4.219000      1   0.00000000E+00  0.00000000E+00  2.61484030E-03  0.00000000E+00  0.00000000E+00  0.00000000E+00  0.00000000E+00  0.00000000E+00  7.53650108E-03  0.00000000E+00  0.00000000E+00 -9.80052262E-04
    4.220000      1   0.00000000E+00  0.00000000E+00  2.61457219E-03  0.00000000E+00  0.00000000E+00  0.00000000E+00  0.00000000E+00  0.00000000E+00  7.53552837E-03  0.00000000E+00  0.00000000E+00 -9.72709896E-04
    4.221000      1   0.00000000E+00  0.00000000E+00  2.61463578E-03  0.00000000E+00  0.00000000E+00  0.00000000E+00  0.00000000E+00  0.00000000E+00  7.53456293E-03  0.00000000E+00  0.00000000E+00 -9.65438630E-04
    4.222000      1   0.00000000E+00  0.00000000E+00  2.61458859E-03  0.00000000E+00  0.00000000E+00  0.00000000E+00  0.00000000E+00  0.00000000E+00  7.53360469E-03  0.00000000E+00  0.00000000E+00 -9.58244169E-04
    4.223000      1   0.00000000E+00  0.00000000E+00  2.61466730E-03  0.00000000E+00  0.00000000E+00  0.00000000E+00  0.00000000E+00  0.00000000E+00  7.53265365E-03  0.00000000E+00  0.00000000E+00 -9.51037169E-04
    4.224000      1   0.00000000E+00  0.00000000E+00  2.61389968E-03  0.00000000E+00  0.00000000E+00  0.00000000E+00  0.00000000E+00  0.00000000E+00  7.53170982E-03  0.00000000E+00  0.00000000E+00 -9.43831749E-04
    4.225000      1   0.00000000E+00  0.00000000E+00  2.61367557E-03  0.00000000E+00  0.00000000E+00  0.00000000E+00  0.00000000E+00  0.00000000E+00  7.53077308E-03  0.00000000E+00  0.00000000E+00 -9.36736225E-04
    4.226000      1   0.00000000E+00  0.00000000E+00  2.61371630E-03  0.00000000E+00  0.00000000E+00  0.00000000E+00  0.00000000E+00  0.00000000E+00  7.52984315E-03  0.00000000E+00  0.00000000E+00 -9.29932428E-04
    4.227000      1   0.00000000E+00  0.00000000E+00  2.61440587E-03  0.00000000E+00  0.00000000E+00  0.00000000E+00  0.00000000E+00  0.00000000E+00  7.52891995E-03  0.00000000E+00  0.00000000E+00 -9.23195029E-04
    4.228000      1   0.00000000E+00  0.00000000E+00  2.61335427E-03  0.00000000E+00  0.00000000E+00  0.00000000E+00  0.00000000E+00  0.00000000E+00  7.52800363E-03  0.00000000E+00  0.00000000E+00 -9.16322311E-04
    4.229000      1   0.00000000E+00  0.00000000E+00  2.61330852E-03  0.00000000E+00  0.00000000E+00  0.00000000E+00  0.00000000E+00  0.00000000E+00  7.52709422E-03  0.00000000E+00  0.00000000E+00 -9.09409094E-04
    4.230000      1   0.00000000E+00  0.00000000E+00  2.61390422E-03  0.00000000E+00  0.00000000E+00  0.00000000E+00  0.00000000E+00  0.00000000E+00  7.52619137E-03  0.00000000E+00  0.00000000E+00 -9.02849327E-04
    4.231000      1   0.00000000E+00  0.00000000E+00  2.61350566E-03  0.00000000E+00  0.00000000E+00  0.00000000E+00  0.00000000E+00  0.00000000E+00  7.52529517E-03  0.00000000E+00  0.00000000E+00 -8.96199241E-04
    4.232000      1   0.00000000E+00  0.00000000E+00  2.61237722E-03  0.00000000E+00  0.00000000E+00  0.00000000E+00  0.00000000E+00  0.00000000E+00  7.52440575E-03  0.00000000E+00  0.00000000E+00 -8.89424002E-04
    4.233000      1   0.00000000E+00  0.00000000E+00  2.61267299E-03  0.00000000E+00  0.00000000E+00  0.00000000E+00  0.00000000E+00  0.00000000E+00  7.52352277E-03  0.00000000E+00  0.00000000E+00 -8.82979208E-04
    4.234000      1   0.00000000E+00  0.00000000E+00  2.61294299E-03  0.00000000E+00  0.00000000E+00  0.00000000E+00  0.00000000E+00  0.00000000E+00  7.52264592E-03  0.00000000E+00  0.00000000E+00 -8.76852705E-04
    4.235000      1   0.00000000E+00  0.00000000E+00  2.61301710E-03  0.00000000E+00  0.00000000E+00  0.00000000E+00  0.00000000E+00  0.00000000E+00  7.52177534E-03  0.00000000E+00  0.00000000E+00 -8.70581320E-04
    4.236000      1   0.00000000E+00  0.00000000E+00  2.61281552E-03  0.00000000E+00  0.00000000E+00  0.00000000E+00  0.00000000E+00  0.00000000E+00  7.52091113E-03  0.00000000E+00  0.00000000E+00 -8.64208157E-04
    4.237000      1   0.00000000E+00  0.00000000E+00  2.61237881E-03  0.00000000E+00  0.00000000E+00  0.00000000E+00  0.00000000E+00  0.00000000E+00  7.52005328E-03  0.00000000E+00  0.00000000E+00 -8.57846302E-04
    4.238000      1   0.00000000E+00  0.00000000E+00  2.61284915E-03  0.00000000E+00  0.00000000E+00  0.00000000E+00  0.00000000E+00  0.00000000E+00  7.51920165E-03  0.00000000E+00  0.00000000E+00 -8.51627878E-04
    4.239000      1   0.00000000E+00  0.00000000E+00  2.61304892E-03  0.00000000E+00  0.00000000E+00  0.00000000E+00  0.00000000E+00  0.00000000E+00  7.51835618E-03  0.00000000E+00  0.00000000E+00 -8.45469701E-04
    4.240000      1   0.00000000E+00  0.00000000E+00  2.61257927E-03  0.00000000E+00  0.00000000E+00  0.00000000E+00  0.00000000E+00  0.00000000E+00  7.51751706E-03  0.00000000E+00  0.00000000E+00 -8.39121730E-04
    4.241000      1   0.00000000E+00  0.00000000E+00  2.61198662E-03  0.00000000E+00  0.00000000E+00  0.00000000E+00  0.00000000E+00  0.00000000E+00  7.51668427E-03  0.00000000E+00  0.00000000E+00 -8.32791206E-04
    4.242000      1   0.00000000E+00  0.00000000E+00  2.61263524E-03  0.00000000E+00  0.00000000E+00  0.00000000E+00  0.00000000E+00  0.00000000E+00  7.51585755E-03  0.00000000E+00  0.00000000E+00 -8.26719725E-04
    4.243000      1   0.00000000E+00  0.00000000E+00  2.61255724E-03  0.00000000E+00  0.00000000E+00  0.00000000E+00  0.00000000E+00  0.00000000E+00  7.51503682E-03  0.00000000E+00  0.00000000E+00 -8.20728178E-04
    4.244000      1   0.00000000E+00  0.00000000E+00  2.61209823E-03  0.00000000E+00  0.00000000E+00  0.00000000E+00  0.00000000E+00  0.00000000E+00  7.51422229E-03  0.00000000E+00  0.00000000E+00 -8.14537405E-04
    4.245000      1   0.00000000E+00  0.00000000E+00  2.61205311E-03  0.00000000E+00  0.00000000E+00  0.00000000E+00  0.00000000E+00  0.00000000E+00  7.51341383E-03  0.00000000E+00  0.00000000E+00 -8.08453420E-04
    4.246000      1   0.00000000E+00  0.00000000E+00  2.61207186E-03  0.00000000E+00  0.00000000E+00  0.00000000E+00  0.00000000E+00  0.00000000E+00  7.51261130E-03  0.00000000E+00  0.00000000E+00 -8.02528160E-04
    4.247000      1   0.00000000E+00  0.00000000E+00  2.61177104E-03  0.00000000E+00  0.00000000E+00  0.00000000E+00  0.00000000E+00  0.00000000E+00  7.51181469E-03  0.00000000E+00  0.00000000E+00 -7.96614402E-04
    4.248000      1   0.00000000E+00  0.00000000E+00  2.61151022E-03  0.00000000E+00  0.00000000E+00  0.00000000E+00  0.00000000E+00  0.00000000E+00  7.51102394E-03  0.00000000E+00  0.00000000E+00 -7.90747686E-04
    4.249000      1   0.00000000E+00  0.00000000E+00  2.61115807E-03  0.00000000E+00  0.00000000E+00  0.00000000E+00  0.00000000E+00  0.00000000E+00  7.51023892E-03  0.00000000E+00  0.00000000E+00 -7.85025886E-04
    4.250000      1   0.00000000E+00  0.00000000E+00  2.61084994E-03  0.00000000E+00  0.00000000E+00  0.00000000E+00  0.00000000E+00  0.00000000E+00  7.50945946E-03  0.00000000E+00  0.00000000E+00 -7.79452015E-04
    4.251000      1   0.00000000E+00  0.00000000E+00  2.61056729E-03  0.00000000E+00  0.00000000E+00  0.00000000E+00  0.00000000E+00  0.00000000E+00  7.50868542E-03  0.00000000E+00  0.00000000E+00 -7.74048283E-04
    4.252000      1   0.00000000E+00  0.00000000E+00  2.61092837E-03  0.00000000E+00  0.00000000E+00  0.00000000E+00  0.00000000E+00  0.00000000E+00  7.50791662E-03  0.00000000E+00  0.00000000E+00 -7.68795729E-04
    4.253000      1   0.00000000E+00  0.00000000E+00  2.61096917E-03  0.00000000E+00  0.00000000E+00  0.00000000E+00  0.00000000E+00  0.00000000E+00  7.50715305E-03  0.00000000E+00  0.00000000E+00 -7.63572149E-04
    4.254000      1   0.00000000E+00  0.00000000E+00  2.61117745E-03  0.00000000E+00  0.00000000E+00  0.00000000E+00  0.00000000E+00  0.00000000E+00  7.50639483E-03  0.00000000E+00  0.00000000E+00 -7.58222771E-04
    4.255000      1   0.00000000E+00  0.00000000E+00  2.61082866E-03  0.00000000E+00  0.00000000E+00  0.00000000E+00  0.00000000E+00  0.00000000E+00  7.50564200E-03  0.00000000E+00  0.00000000E+00 -7.52823164E-04
    4.256000      1   0.00000000E+00  0.00000000E+00  2.61072660E-03  0.00000000E+00  0.00000000E+00  0.00000000E+00  0.00000000E+00  0.00000000E+00  7.50489459E-03  0.00000000E+00  0.00000000E+00 -7.47416833E-04
    4.257000      1   0.00000000E+00  0.00000000E+00  2.61062886E-03  0.00000000E+00  0.00000000E+00  0.00000000E+00  0.00000000E+00  0.00000000E+00  7.50415244E-03  0.00000000E+00  0.00000000E+00 -7.42143099E-04
    4.258000      1   0.00000000E+00  0.00000000E+00  2.61063498E-03  0.00000000E+00  0.00000000E+00  0.00000000E+00  0.00000000E+00  0.00000000E+00  7.50341552E-03  0.00000000E+00  0.00000000E+00 -7.36920167E-04
    4.259000      1   0.00000000E+00  0.00000000E+00  2.61106444E-03  0.00000000E+00  0.00000000E+00  0.00000000E+00  0.00000000E+00  0.00000000E+00  7.50268379E-03  0.00000000E+00  0.00000000E+00 -7.31728251E-04
    4.260000      1   0.00000000E+00  0.00000000E+00  2.61083400E-03  0.00000000E+00  0.00000000E+00  0.00000000E+00  0.00000000E+00  0.00000000E+00  7.50195734E-03  0.00000000E+00  0.00000000E+00 -7.26458380E-04
    4.261000      1   0.00000000E+00  0.00000000E+00  2.61027036E-03  0.00000000E+00  0.00000000E+00  0.00000000E+00  0.00000000E+00  0.00000000E+00  7.50123625E-03  0.00000000E+00  0.00000000E+00 -7.21088219E-04
    4.262000      1   0.00000000E+00  0.00000000E+00  2.61095490E-03  0.00000000E+00  0.00000000E+00  0.00000000E+00  0.00000000E+00  0.00000000E+00  7.50052035E-03  0.00000000E+00  0.00000000E+00 -7.15893412E-04
    4.263000      1   0.00000000E+00  0.00000000E+00  2.20029094E-03  0.00000000E+00  0.00000000E+00  0.00000000E+00  0.00000000E+00  0.00000000E+00  7.50000000E-03  0.00000000E+00  0.00000000E+00 -5.20353489E-04
    4.264000      1   0.00000000E+00  0.00000000E+00  1.32379184E-03  0.00000000E+00  0.00000000E+00  0.00000000E+00  0.00000000E+00  0.00000000E+00  7.50000000E-03  0.00000000E+00  0.00000000E+00 -1.08420217E-19
    4.265000      1   0.00000000E+00  0.00000000E+00  1.90619425E-03  0.00000000E+00  0.00000000E+00  0.00000000E+00  0.00000000E+00  0.00000000E+00  7.50000000E-03  0.00000000E+00  0.00000000E+00 -5.42101086E-20
    4.266000      1   0.00000000E+00  0.00000000E+00  1.89467032E-03  0.00000000E+00  0.00000000E+00  0.00000000E+00  0.00000000E+00  0.00000000E+00  7.50000000E-03  0.00000000E+00  0.00000000E+00 -1.08420217E-19
    4.267000      1   0.00000000E+00  0.00000000E+00  2.08308968E-03  0.00000000E+00  0.00000000E+00  0.00000000E+00  0.00000000E+00  0.00000000E+00  7.50000000E-03  0.00000000E+00  0.00000000E+00 -1.08420217E-19
    4.268000      1   0.00000000E+00  0.00000000E+00  1.93661494E-03  0.00000000E+00  0.00000000E+00  0.00000000E+00  0.00000000E+00  0.00000000E+00  7.50000000E-03  0.00000000E+00  0.00000000E+00 -5.42101086E-20
    4.269000      1   0.00000000E+00  0.00000000E+00  1.98069425E-03  0.00000000E+00  0.00000000E+00  0.00000000E+00  0.00000000E+00  0.00000000E+00  7.50000000E-03  0.00000000E+00  0.00000000E+00 -5.42101086E-20
    4.270000      1   0.00000000E+00  0.00000000E+00  1.86348185E-03  0.00000000E+00  0.00000000E+00  0.00000000E+00  0.00000000E+00  0.00000000E+00  7.50000000E-03  0.00000000E+00  0.00000000E+00 -5.42101086E-20
    4.271000      1   0.00000000E+00  0.00000000E+00  1.90410300E-03  0.00000000E+00  0.00000000E+00  0.00000000E+00  0.00000000E+00  0.00000000E+00  7.50000000E-03  0.00000000E+00  0.00000000E+00 -5.42101086E-20
    4.272000      1   0.00000000E+00  0.00000000E+00  1.82864455E-03  0.00000000E+00  0.00000000E+00  0.00000000E+00  0.00000000E+00  0.00000000E+00  7.50000000E-03  0.00000000E+00  0.00000000E+00 -1.08420217E-19
    4.273000      1   0.00000000E+00  0.00000000E+00  1.86231028E-03  0.00000000E+00  0.00000000E+00  0.00000000E+00  0.00000000E+00  0.00000000E+00  7.50000000E-03  0.00000000E+00  0.00000000E+00 -5.42101086E-20
    4.274000      1   0.00000000E+00  0.00000000E+00  1.80311284E-03  0.00000000E+00  0.00000000E+00  0.00000000E+00  0.00000000E+00  0.00000000E+00  7.50000000E-03  0.00000000E+00  0.00000000E+00 -1.08420217E-19
    4.275000      1   0.00000000E+00  0.00000000E+00  1.82559721E-03  0.00000000E+00  0.00000000E+00  0.00000000E+00  0.00000000E+00  0.00000000E+00  7.50000000E-03  0.00000000E+00  0.00000000E+00 -5.42101086E-20
    4.276000      1   0.00000000E+00  0.00000000E+00  1.77638075E-03  0.00000000E+00  0.00000000E+00  0.00000000E+00  0.00000000E+00  0.00000000E+00  7.50000000E-03  0.00000000E+00  0.00000000E+00 -1.08420217E-19
    4.277000      1   0.00000000E+00  0.00000000E+00  1.79201766E-03  0.00000000E+00  0.00000000E+00  0.00000000E+00  0.00000000E+00  0.00000000E+00  7.50000000E-03  0.00000000E+00  0.00000000E+00 -5.42101086E-20
    4.278000      1   0.00000000E+00  0.00000000E+00  1.75138210E-03  0.00000000E+00  0.00000000E+00  0.00000000E+00  0.00000000E+00  0.00000000E+00  7.50000000E-03  0.00000000E+00  0.00000000E+00 -5.42101086E-20
    4.279000      1   0.00000000E+00  0.00000000E+00  1.76274003E-03  0.00000000E+00  0.00000000E+00  0.00000000E+00  0.00000000E+00  0.00000000E+00  7.50000000E-03  0.00000000E+00  0.00000000E+00 -1.08420217E-19
    4.280000      1   0.00000000E+00  0.00000000E+00  1.72879794E-03  0.00000000E+00  0.00000000E+00  0.00000000E+00  0.00000000E+00  0.00000000E+00  7.50000000E-03  0.00000000E+00  0.00000000E+00 -5.42101086E-20
    4.281000      1   0.00000000E+00  0.00000000E+00  1.73696700E-03  0.00000000E+00  0.00000000E+00  0.00000000E+00  0.00000000E+00  0.00000000E+00  7.50000000E-03  0.00000000E+00  0.00000000E+00 -1.08420217E-19
    4.282000      1   0.00000000E+00  0.00000000E+00  1.70818707E-03  0.00000000E+00  0.00000000E+00  0.00000000E+00  0.00000000E+00  0.00000000E+00  7.50000000E-03  0.00000000E+00  0.00000000E+00 -5.42101086E-20
    4.283000      1   0.00000000E+00  0.00000000E+00  1.71395579E-03  0.00000000E+00  0.00000000E+00  0.00000000E+00  0.00000000E+00  0.00000000E+00  7.50000000E-03  0.00000000E+00  0.00000000E+00 -1.08420217E-19
    4.284000      1   0.00000000E+00  0.00000000E+00  1.68930381E-03  0.00000000E+00  0.00000000E+00  0.00000000E+00  0.00000000E+00  0.00000000E+00  7.50000000E-03  0.00000000E+00  0.00000000E+00 -1.08420217E-19
    4.285000      1   0.00000000E+00  0.00000000E+00  1.69328169E-03  0.00000000E+00  0.00000000E+00  0.00000000E+00  0.00000000E+00  0.00000000E+00  7.50000000E-03  0.00000000E+00  0.00000000E+00 -1.08420217E-19
    4.286000      1   0.00000000E+00  0.00000000E+00  1.67199336E-03  0.00000000E+00  0.00000000E+00  0.00000000E+00  0.00000000E+00  0.00000000E+00  7.50000000E-03  0.00000000E+00  0.00000000E+00 -1.08420217E-19
    4.287000      1   0.00000000E+00  0.00000000E+00  1.67461877E-03  0.00000000E+00  0.00000000E+00  0.00000000E+00  0.00000000E+00  0.00000000E+00  7.50000000E-03  0.00000000E+00  0.00000000E+00 -1.08420217E-19
    4.288000      1   0.00000000E+00  0.00000000E+00  1.65610023E-03  0.00000000E+00  0.00000000E+00  0.00000000E+00  0.00000000E+00  0.00000000E+00  7.50000000E-03  0.00000000E+00  0.00000000E+00 -1.08420217E-19
    4.289000      1   0.00000000E+00  0.00000000E+00  1.65769461E-03  0.00000000E+00  0.00000000E+00  0.00000000E+00  0.00000000E+00  0.00000000E+00  7.50000000E-03  0.00000000E+00  0.00000000E+00 -1.08420217E-19
    4.290000      1   0.00000000E+00  0.00000000E+00  1.64148136E-03  0.00000000E+00  0.00000000E+00  0.00000000E+00  0.00000000E+00  0.00000000E+00  7.50000000E-03  0.00000000E+00  0.00000000E+00 -1.08420217E-19
    4.291000      1   0.00000000E+00  0.00000000E+00  1.64228747E-03  0.00000000E+00  0.00000000E+00  0.00000000E+00  0.00000000E+00  0.00000000E+00  7.50000000E-03  0.00000000E+00  0.00000000E+00 -1.08420217E-19
    4.292000      1   0.00000000E+00  0.00000000E+00  1.62801175E-03  0.00000000E+00  0.00000000E+00  0.00000000E+00  0.00000000E+00  0.00000000E+00  7.50000000E-03  0.00000000E+00  0.00000000E+00 -1.08420217E-19
    4.293000      1   0.00000000E+00  0.00000000E+00  1.62821501E-03  0.00000000E+00  0.00000000E+00  0.00000000E+00  0.00000000E+00  0.00000000E+00  7.50000000E-03  0.00000000E+00  0.00000000E+00 -5.42101086E-20
    4.294000      1   0.00000000E+00  0.00000000E+00  1.61558131E-03  0.00000000E+00  0.00000000E+00  0.00000000E+00  0.00000000E+00  0.00000000E+00  7.50000000E-03  0.00000000E+00  0.00000000E+00 -1.08420217E-19
    4.295000      1   0.00000000E+00  0.00000000E+00  1.61532451E-03  0.00000000E+00  0.00000000E+00  0.00000000E+00  0.00000000E+00  0.00000000E+00  7.50000000E-03  0.00000000E+00  0.00000000E+00 -1.08420217E-19
    4.296000      1   0.00000000E+00  0.00000000E+00  1.60409260E-03  0.00000000E+00  0.00000000E+00  0.00000000E+00  0.00000000E+00  0.00000000E+00  7.50000000E-03  0.00000000E+00  0.00000000E+00 -1.08420217E-19
    4.297000      1   0.00000000E+00  0.00000000E+00  1.60348661E-03  0.00000000E+00  0.00000000E+00  0.00000000E+00  0.00000000E+00  0.00000000E+00  7.50000000E-03  0.00000000E+00  0.00000000E+00 -1.08420217E-19
    4.298000      1   0.00000000E+00  0.00000000E+00  1.59345926E-03  0.00000000E+00  0.00000000E+00  0.00000000E+00  0.00000000E+00  0.00000000E+00  7.50000000E-03  0.00000000E+00  0.00000000E+00 -1.08420217E-19
    4.299000      1   0.00000000E+00  0.00000000E+00  1.59259074E-03  0.00000000E+00  0.00000000E+00  0.00000000E+00  0.00000000E+00  0.00000000E+00  7.50000000E-03  0.00000000E+00  0.00000000E+00 -1.08420217E-19
    4.300000      1   0.00000000E+00  0.00000000E+00  1.58360457E-03  0.00000000E+00  0.00000000E+00  0.00000000E+00  0.00000000E+00  0.00000000E+00  7.50000000E-03  0.00000000E+00  0.00000000E+00 -1.08420217E-19
