# time ip fx fy fz tx ty tz px py pz vx vy vz
    0.001000      1   0.00000000E+00  0.00000000E+00  0.00000000E+00  0.00000000E+00  0.00000000E+00  0.00000000E+00 -0.00000000E+00 -0.00000000E+00  1.27500000E-01  0.00000000E+00  0.00000000E+00  0.00000000E+00
    0.002000      1   0.00000000E+00  0.00000000E+00  1.00328287E-03  0.00000000E+00  0.00000000E+00  0.00000000E+00  0.00000000E+00  0.00000000E+00  1.27498599E-01  0.00000000E+00  0.00000000E+00 -1.40142857E-03
    0.003000      1   0.00000000E+00  0.00000000E+00  1.58464317E-03  0.00000000E+00  0.00000000E+00  0.00000000E+00  0.00000000E+00  0.00000000E+00  1.27495973E-01  0.00000000E+00  0.00000000E+00 -2.62543778E-03
    0.004000      1   0.00000000E+00  0.00000000E+00  1.45093651E-03  0.00000000E+00  0.00000000E+00  0.00000000E+00  0.00000000E+00  0.00000000E+00  1.27492556E-01  0.00000000E+00  0.00000000E+00 -3.41714681E-03
    0.005000      1   0.00000000E+00  0.00000000E+00  1.11349403E-03  0.00000000E+00  0.00000000E+00  0.00000000E+00  0.00000000E+00  0.00000000E+00  1.27488514E-01  0.00000000E+00  0.00000000E+00 -4.04157294E-03
    0.006000      1   0.00000000E+00  0.00000000E+00  1.02138272E-03  0.00000000E+00  0.00000000E+00  0.00000000E+00  0.00000000E+00  0.00000000E+00  1.27483745E-01  0.00000000E+00  0.00000000E+00 -4.76958328E-03
    0.007000      1   0.00000000E+00  0.00000000E+00  1.17563393E-03  0.00000000E+00  0.00000000E+00  0.00000000E+00  0.00000000E+00  0.00000000E+00  1.27478120E-01  0.00000000E+00  0.00000000E+00 -5.62470363E-03
    0.008000      1   0.00000000E+00  0.00000000E+00  1.33613677E-03  0.00000000E+00  0.00000000E+00  0.00000000E+00  0.00000000E+00  0.00000000E+00  1.27471637E-01  0.00000000E+00  0.00000000E+00 -6.48279711E-03
    0.009000      1   0.00000000E+00  0.00000000E+00  1.37777343E-03  0.00000000E+00  0.00000000E+00  0.00000000E+00  0.00000000E+00  0.00000000E+00  1.27464375E-01  0.00000000E+00  0.00000000E+00 -7.26184905E-03
    0.010000      1   0.00000000E+00  0.00000000E+00  1.34456684E-03  0.00000000E+00  0.00000000E+00  0.00000000E+00  0.00000000E+00  0.00000000E+00  1.27456395E-01  0.00000000E+00  0.00000000E+00 -7.98082648E-03
    0.011000      1   0.00000000E+00  0.00000000E+00  1.32537446E-03  0.00000000E+00  0.00000000E+00  0.00000000E+00  0.00000000E+00  0.00000000E+00  1.27447703E-01  0.00000000E+00  0.00000000E+00 -8.69200202E-03
    0.012000      1   0.00000000E+00  0.00000000E+00  1.34918037E-03  0.00000000E+00  0.00000000E+00  0.00000000E+00  0.00000000E+00  0.00000000E+00  1.27438285E-01  0.00000000E+00  0.00000000E+00 -9.41747706E-03
    0.013000      1   0.00000000E+00  0.00000000E+00  1.38335791E-03  0.00000000E+00  0.00000000E+00  0.00000000E+00  0.00000000E+00  0.00000000E+00  1.27428140E-01  0.00000000E+00  0.00000000E+00 -1.01450454E-02
    0.014000      1   0.00000000E+00  0.00000000E+00  1.41117184E-03  0.00000000E+00  0.00000000E+00  0.00000000E+00  0.00000000E+00  0.00000000E+00  1.27417281E-01  0.00000000E+00  0.00000000E+00 -1.08587515E-02
    0.015000      1   0.00000000E+00  0.00000000E+00  1.42619544E-03  0.00000000E+00  0.00000000E+00  0.00000000E+00  0.00000000E+00  0.00000000E+00  1.27405725E-01  0.00000000E+00  0.00000000E+00 -1.15563147E-02
    0.016000      1   0.00000000E+00  0.00000000E+00  1.44074237E-03  0.00000000E+00  0.00000000E+00  0.00000000E+00  0.00000000E+00  0.00000000E+00  1.27393483E-01  0.00000000E+00  0.00000000E+00 -1.22420866E-02
    0.017000      1   0.00000000E+00  0.00000000E+00  1.45859689E-03  0.00000000E+00  0.00000000E+00  0.00000000E+00  0.00000000E+00  0.00000000E+00  1.27380563E-01  0.00000000E+00  0.00000000E+00 -1.29203520E-02
    0.018000      1   0.00000000E+00  0.00000000E+00  1.46779882E-03  0.00000000E+00  0.00000000E+00  0.00000000E+00  0.00000000E+00  0.00000000E+00  1.27366972E-01  0.00000000E+00  0.00000000E+00 -1.35906827E-02
    0.019000      1   0.00000000E+00  0.00000000E+00  1.48142848E-03  0.00000000E+00  0.00000000E+00  0.00000000E+00  0.00000000E+00  0.00000000E+00  1.27352718E-01  0.00000000E+00  0.00000000E+00 -1.42535224E-02
    0.020000      1   0.00000000E+00  0.00000000E+00  1.49338105E-03  0.00000000E+00  0.00000000E+00  0.00000000E+00  0.00000000E+00  0.00000000E+00  1.27337807E-01  0.00000000E+00  0.00000000E+00 -1.49109298E-02
    0.021000      1   0.00000000E+00  0.00000000E+00  1.50366572E-03  0.00000000E+00  0.00000000E+00  0.00000000E+00  0.00000000E+00  0.00000000E+00  1.27322246E-01  0.00000000E+00  0.00000000E+00 -1.55617474E-02
    0.022000      1   0.00000000E+00  0.00000000E+00  1.52230039E-03  0.00000000E+00  0.00000000E+00  0.00000000E+00  0.00000000E+00  0.00000000E+00  1.27306039E-01  0.00000000E+00  0.00000000E+00 -1.62068208E-02
    0.023000      1   0.00000000E+00  0.00000000E+00  1.54671976E-03  0.00000000E+00  0.00000000E+00  0.00000000E+00  0.00000000E+00  0.00000000E+00  1.27289194E-01  0.00000000E+00  0.00000000E+00 -1.68452212E-02
    0.024000      1   0.00000000E+00  0.00000000E+00  1.55737423E-03  0.00000000E+00  0.00000000E+00  0.00000000E+00  0.00000000E+00  0.00000000E+00  1.27271721E-01  0.00000000E+00  0.00000000E+00 -1.74731835E-02
    0.025000      1   0.00000000E+00  0.00000000E+00  1.56229526E-03  0.00000000E+00  0.00000000E+00  0.00000000E+00  0.00000000E+00  0.00000000E+00  1.27253629E-01  0.00000000E+00  0.00000000E+00 -1.80912419E-02
    0.026000      1   0.00000000E+00  0.00000000E+00  1.56855884E-03  0.00000000E+00  0.00000000E+00  0.00000000E+00  0.00000000E+00  0.00000000E+00  1.27234924E-01  0.00000000E+00  0.00000000E+00 -1.87049310E-02
    0.027000      1   0.00000000E+00  0.00000000E+00  1.58902289E-03  0.00000000E+00  0.00000000E+00  0.00000000E+00  0.00000000E+00  0.00000000E+00  1.27215608E-01  0.00000000E+00  0.00000000E+00 -1.93158963E-02
    0.028000      1   0.00000000E+00  0.00000000E+00  1.59972309E-03  0.00000000E+00  0.00000000E+00  0.00000000E+00  0.00000000E+00  0.00000000E+00  1.27195687E-01  0.00000000E+00  0.00000000E+00 -1.99211858E-02
    0.029000      1   0.00000000E+00  0.00000000E+00  1.61908016E-03  0.00000000E+00  0.00000000E+00  0.00000000E+00  0.00000000E+00  0.00000000E+00  1.27175169E-01  0.00000000E+00  0.00000000E+00 -2.05178623E-02
    0.030000      1   0.00000000E+00  0.00000000E+00  1.62919563E-03  0.00000000E+00  0.00000000E+00  0.00000000E+00  0.00000000E+00  0.00000000E+00  1.27154062E-01  0.00000000E+00  0.00000000E+00 -2.11076016E-02
    0.031000      1   0.00000000E+00  0.00000000E+00  1.62082569E-03  0.00000000E+00  0.00000000E+00  0.00000000E+00  0.00000000E+00  0.00000000E+00  1.27132373E-01  0.00000000E+00  0.00000000E+00 -2.16891950E-02
    0.032000      1   0.00000000E+00  0.00000000E+00  1.64730006E-03  0.00000000E+00  0.00000000E+00  0.00000000E+00  0.00000000E+00  0.00000000E+00  1.27110104E-01  0.00000000E+00  0.00000000E+00 -2.22689465E-02
    0.033000      1   0.00000000E+00  0.00000000E+00  1.67495146E-03  0.00000000E+00  0.00000000E+00  0.00000000E+00  0.00000000E+00  0.00000000E+00  1.27087257E-01  0.00000000E+00  0.00000000E+00 -2.28467650E-02
    0.034000      1   0.00000000E+00  0.00000000E+00  1.69062773E-03  0.00000000E+00  0.00000000E+00  0.00000000E+00  0.00000000E+00  0.00000000E+00  1.27063846E-01  0.00000000E+00  0.00000000E+00 -2.34109991E-02
    0.035000      1   0.00000000E+00  0.00000000E+00  1.68585147E-03  0.00000000E+00  0.00000000E+00  0.00000000E+00  0.00000000E+00  0.00000000E+00  1.27039883E-01  0.00000000E+00  0.00000000E+00 -2.39633800E-02
    0.036000      1   0.00000000E+00  0.00000000E+00  1.69843195E-03  0.00000000E+00  0.00000000E+00  0.00000000E+00  0.00000000E+00  0.00000000E+00  1.27015371E-01  0.00000000E+00  0.00000000E+00 -2.45114571E-02
    0.037000      1   0.00000000E+00  0.00000000E+00  1.71376346E-03  0.00000000E+00  0.00000000E+00  0.00000000E+00  0.00000000E+00  0.00000000E+00  1.26990312E-01  0.00000000E+00  0.00000000E+00 -2.50588781E-02
    0.038000      1   0.00000000E+00  0.00000000E+00  1.71436770E-03  0.00000000E+00  0.00000000E+00  0.00000000E+00  0.00000000E+00  0.00000000E+00  1.26964713E-01  0.00000000E+00  0.00000000E+00 -2.55994563E-02
    0.039000      1   0.00000000E+00  0.00000000E+00  1.71085376E-03  0.00000000E+00  0.00000000E+00  0.00000000E+00  0.00000000E+00  0.00000000E+00  1.26938578E-01  0.00000000E+00  0.00000000E+00 -2.61348926E-02
    0.040000      1   0.00000000E+00  0.00000000E+00  1.71655222E-03  0.00000000E+00  0.00000000E+00  0.00000000E+00  0.00000000E+00  0.00000000E+00  1.26911907E-01  0.00000000E+00  0.00000000E+00 -2.66707517E-02
    0.041000      1   0.00000000E+00  0.00000000E+00  1.74607976E-03  0.00000000E+00  0.00000000E+00  0.00000000E+00  0.00000000E+00  0.00000000E+00  1.26884700E-01  0.00000000E+00  0.00000000E+00 -2.72067573E-02
    0.042000      1   0.00000000E+00  0.00000000E+00  1.73258207E-03  0.00000000E+00  0.00000000E+00  0.00000000E+00  0.00000000E+00  0.00000000E+00  1.26856965E-01  0.00000000E+00  0.00000000E+00 -2.77356697E-02
    0.043000      1   0.00000000E+00  0.00000000E+00  1.72755694E-03  0.00000000E+00  0.00000000E+00  0.00000000E+00  0.00000000E+00  0.00000000E+00  1.26828707E-01  0.00000000E+00  0.00000000E+00 -2.82572718E-02
    0.044000      1   0.00000000E+00  0.00000000E+00  1.73220837E-03  0.00000000E+00  0.00000000E+00  0.00000000E+00  0.00000000E+00  0.00000000E+00  1.26799923E-01  0.00000000E+00  0.00000000E+00 -2.87841953E-02
    0.045000      1   0.00000000E+00  0.00000000E+00  1.73837425E-03  0.00000000E+00  0.00000000E+00  0.00000000E+00  0.00000000E+00  0.00000000E+00  1.26770611E-01  0.00000000E+00  0.00000000E+00 -2.93119467E-02
    0.046000      1   0.00000000E+00  0.00000000E+00  1.76484217E-03  0.00000000E+00  0.00000000E+00  0.00000000E+00  0.00000000E+00  0.00000000E+00  1.26740774E-01  0.00000000E+00  0.00000000E+00 -2.98370800E-02
    0.047000      1   0.00000000E+00  0.00000000E+00  1.77699236E-03  0.00000000E+00  0.00000000E+00  0.00000000E+00  0.00000000E+00  0.00000000E+00  1.26710419E-01  0.00000000E+00  0.00000000E+00 -3.03555079E-02
    0.048000      1   0.00000000E+00  0.00000000E+00  1.76935863E-03  0.00000000E+00  0.00000000E+00  0.00000000E+00  0.00000000E+00  0.00000000E+00  1.26679556E-01  0.00000000E+00  0.00000000E+00 -3.08630946E-02
    0.049000      1   0.00000000E+00  0.00000000E+00  1.77554660E-03  0.00000000E+00  0.00000000E+00  0.00000000E+00  0.00000000E+00  0.00000000E+00  1.26648188E-01  0.00000000E+00  0.00000000E+00 -3.13680410E-02
    0.050000      1   0.00000000E+00  0.00000000E+00  1.79875344E-03  0.00000000E+00  0.00000000E+00  0.00000000E+00  0.00000000E+00  0.00000000E+00  1.26616313E-01  0.00000000E+00  0.00000000E+00 -3.18744002E-02
    0.051000      1   0.00000000E+00  0.00000000E+00  1.80153078E-03  0.00000000E+00  0.00000000E+00  0.00000000E+00  0.00000000E+00  0.00000000E+00  1.26583938E-01  0.00000000E+00  0.00000000E+00 -3.23746232E-02
    0.052000      1   0.00000000E+00  0.00000000E+00  1.80634485E-03  0.00000000E+00  0.00000000E+00  0.00000000E+00  0.00000000E+00  0.00000000E+00  1.26551072E-01  0.00000000E+00  0.00000000E+00 -3.28667337E-02
    0.053000      1   0.00000000E+00  0.00000000E+00  1.82978228E-03  0.00000000E+00  0.00000000E+00  0.00000000E+00  0.00000000E+00  0.00000000E+00  1.26517715E-01  0.00000000E+00  0.00000000E+00 -3.33570807E-02
    0.054000      1   0.00000000E+00  0.00000000E+00  1.83981890E-03  0.00000000E+00  0.00000000E+00  0.00000000E+00  0.00000000E+00  0.00000000E+00  1.26483873E-01  0.00000000E+00  0.00000000E+00 -3.38417020E-02
    0.055000      1   0.00000000E+00  0.00000000E+00  1.86385144E-03  0.00000000E+00  0.00000000E+00  0.00000000E+00  0.00000000E+00  0.00000000E+00  1.26449556E-01  0.00000000E+00  0.00000000E+00 -3.43168513E-02
    0.056000      1   0.00000000E+00  0.00000000E+00  1.83964571E-03  0.00000000E+00  0.00000000E+00  0.00000000E+00  0.00000000E+00  0.00000000E+00  1.26414772E-01  0.00000000E+00  0.00000000E+00 -3.47844545E-02
    0.057000      1   0.00000000E+00  0.00000000E+00  1.84370975E-03  0.00000000E+00  0.00000000E+00  0.00000000E+00  0.00000000E+00  0.00000000E+00  1.26379523E-01  0.00000000E+00  0.00000000E+00 -3.52484456E-02
    0.058000      1   0.00000000E+00  0.00000000E+00  1.86446389E-03  0.00000000E+00  0.00000000E+00  0.00000000E+00  0.00000000E+00  0.00000000E+00  1.26343804E-01  0.00000000E+00  0.00000000E+00 -3.57196675E-02
    0.059000      1   0.00000000E+00  0.00000000E+00  1.84763284E-03  0.00000000E+00  0.00000000E+00  0.00000000E+00  0.00000000E+00  0.00000000E+00  1.26307618E-01  0.00000000E+00  0.00000000E+00 -3.61858846E-02
    0.060000      1   0.00000000E+00  0.00000000E+00  1.84448052E-03  0.00000000E+00  0.00000000E+00  0.00000000E+00  0.00000000E+00  0.00000000E+00  1.26270969E-01  0.00000000E+00  0.00000000E+00 -3.66482622E-02
    0.061000      1   0.00000000E+00  0.00000000E+00  1.83900262E-03  0.00000000E+00  0.00000000E+00  0.00000000E+00  0.00000000E+00  0.00000000E+00  1.26233853E-01  0.00000000E+00  0.00000000E+00 -3.71167247E-02
    0.062000      1   0.00000000E+00  0.00000000E+00  1.83881047E-03  0.00000000E+00  0.00000000E+00  0.00000000E+00  0.00000000E+00  0.00000000E+00  1.26196265E-01  0.00000000E+00  0.00000000E+00 -3.75871912E-02
    0.063000      1   0.00000000E+00  0.00000000E+00  1.87104390E-03  0.00000000E+00  0.00000000E+00  0.00000000E+00  0.00000000E+00  0.00000000E+00  1.26158206E-01  0.00000000E+00  0.00000000E+00 -3.80594907E-02
    0.064000      1   0.00000000E+00  0.00000000E+00  1.88208781E-03  0.00000000E+00  0.00000000E+00  0.00000000E+00  0.00000000E+00  0.00000000E+00  1.26119680E-01  0.00000000E+00  0.00000000E+00 -3.85261532E-02
    0.065000      1   0.00000000E+00  0.00000000E+00  1.87514887E-03  0.00000000E+00  0.00000000E+00  0.00000000E+00  0.00000000E+00  0.00000000E+00  1.26080700E-01  0.00000000E+00  0.00000000E+00 -3.89802768E-02
    0.066000      1   0.00000000E+00  0.00000000E+00  1.88833975E-03  0.00000000E+00  0.00000000E+00  0.00000000E+00  0.00000000E+00  0.00000000E+00  1.26041268E-01  0.00000000E+00  0.00000000E+00 -3.94320004E-02
    0.067000      1   0.00000000E+00  0.00000000E+00  1.89519353E-03  0.00000000E+00  0.00000000E+00  0.00000000E+00  0.00000000E+00  0.00000000E+00  1.26001384E-01  0.00000000E+00  0.00000000E+00 -3.98836703E-02
    0.068000      1   0.00000000E+00  0.00000000E+00  1.92298388E-03  0.00000000E+00  0.00000000E+00  0.00000000E+00  0.00000000E+00  0.00000000E+00  1.25961054E-01  0.00000000E+00  0.00000000E+00 -4.03297960E-02
    0.069000      1   0.00000000E+00  0.00000000E+00  1.94350150E-03  0.00000000E+00  0.00000000E+00  0.00000000E+00  0.00000000E+00  0.00000000E+00  1.25920285E-01  0.00000000E+00  0.00000000E+00 -4.07687564E-02
    0.070000      1   0.00000000E+00  0.00000000E+00  1.95438909E-03  0.00000000E+00  0.00000000E+00  0.00000000E+00  0.00000000E+00  0.00000000E+00  1.25879090E-01  0.00000000E+00  0.00000000E+00 -4.11949618E-02
    0.071000      1   0.00000000E+00  0.00000000E+00  1.92355144E-03  0.00000000E+00  0.00000000E+00  0.00000000E+00  0.00000000E+00  0.00000000E+00  1.25837478E-01  0.00000000E+00  0.00000000E+00 -4.16125035E-02
    0.072000      1   0.00000000E+00  0.00000000E+00  1.92218918E-03  0.00000000E+00  0.00000000E+00  0.00000000E+00  0.00000000E+00  0.00000000E+00  1.25795446E-01  0.00000000E+00  0.00000000E+00 -4.20319229E-02
    0.073000      1   0.00000000E+00  0.00000000E+00  1.92457634E-03  0.00000000E+00  0.00000000E+00  0.00000000E+00  0.00000000E+00  0.00000000E+00  1.25752984E-01  0.00000000E+00  0.00000000E+00 -4.24617107E-02
    0.074000      1   0.00000000E+00  0.00000000E+00  1.92827964E-03  0.00000000E+00  0.00000000E+00  0.00000000E+00  0.00000000E+00  0.00000000E+00  1.25710093E-01  0.00000000E+00  0.00000000E+00 -4.28915238E-02
    0.075000      1   0.00000000E+00  0.00000000E+00  1.91902121E-03  0.00000000E+00  0.00000000E+00  0.00000000E+00  0.00000000E+00  0.00000000E+00  1.25666773E-01  0.00000000E+00  0.00000000E+00 -4.33198980E-02
    0.076000      1   0.00000000E+00  0.00000000E+00  1.93272768E-03  0.00000000E+00  0.00000000E+00  0.00000000E+00  0.00000000E+00  0.00000000E+00  1.25623024E-01  0.00000000E+00  0.00000000E+00 -4.37486932E-02
    0.077000      1   0.00000000E+00  0.00000000E+00  1.93258136E-03  0.00000000E+00  0.00000000E+00  0.00000000E+00  0.00000000E+00  0.00000000E+00  1.25578846E-01  0.00000000E+00  0.00000000E+00 -4.41781052E-02
    0.078000      1   0.00000000E+00  0.00000000E+00  1.93919963E-03  0.00000000E+00  0.00000000E+00  0.00000000E+00  0.00000000E+00  0.00000000E+00  1.25534243E-01  0.00000000E+00  0.00000000E+00 -4.46030417E-02
    0.079000      1   0.00000000E+00  0.00000000E+00  1.96663891E-03  0.00000000E+00  0.00000000E+00  0.00000000E+00  0.00000000E+00  0.00000000E+00  1.25489216E-01  0.00000000E+00  0.00000000E+00 -4.50268558E-02
    0.080000      1   0.00000000E+00  0.00000000E+00  1.96781393E-03  0.00000000E+00  0.00000000E+00  0.00000000E+00  0.00000000E+00  0.00000000E+00  1.25443772E-01  0.00000000E+00  0.00000000E+00 -4.54436441E-02
    0.081000      1   0.00000000E+00  0.00000000E+00  1.98720581E-03  0.00000000E+00  0.00000000E+00  0.00000000E+00  0.00000000E+00  0.00000000E+00  1.25397921E-01  0.00000000E+00  0.00000000E+00 -4.58512132E-02
    0.082000      1   0.00000000E+00  0.00000000E+00  2.00396386E-03  0.00000000E+00  0.00000000E+00  0.00000000E+00  0.00000000E+00  0.00000000E+00  1.25351666E-01  0.00000000E+00  0.00000000E+00 -4.62549670E-02
    0.083000      1   0.00000000E+00  0.00000000E+00  1.99000446E-03  0.00000000E+00  0.00000000E+00  0.00000000E+00  0.00000000E+00  0.00000000E+00  1.25305017E-01  0.00000000E+00  0.00000000E+00 -4.66493889E-02
    0.084000      1   0.00000000E+00  0.00000000E+00  1.99899432E-03  0.00000000E+00  0.00000000E+00  0.00000000E+00  0.00000000E+00  0.00000000E+00  1.25257976E-01  0.00000000E+00  0.00000000E+00 -4.70407757E-02
    0.085000      1   0.00000000E+00  0.00000000E+00  2.00376049E-03  0.00000000E+00  0.00000000E+00  0.00000000E+00  0.00000000E+00  0.00000000E+00  1.25210541E-01  0.00000000E+00  0.00000000E+00 -4.74351572E-02
    0.086000      1   0.00000000E+00  0.00000000E+00  1.96827127E-03  0.00000000E+00  0.00000000E+00  0.00000000E+00  0.00000000E+00  0.00000000E+00  1.25162715E-01  0.00000000E+00  0.00000000E+00 -4.78257435E-02
    0.087000      1   0.00000000E+00  0.00000000E+00  1.95145115E-03  0.00000000E+00  0.00000000E+00  0.00000000E+00  0.00000000E+00  0.00000000E+00  1.25114494E-01  0.00000000E+00  0.00000000E+00 -4.82210404E-02
    0.088000      1   0.00000000E+00  0.00000000E+00  1.97380693E-03  0.00000000E+00  0.00000000E+00  0.00000000E+00  0.00000000E+00  0.00000000E+00  1.25065863E-01  0.00000000E+00  0.00000000E+00 -4.86309669E-02
    0.089000      1   0.00000000E+00  0.00000000E+00  1.99154552E-03  0.00000000E+00  0.00000000E+00  0.00000000E+00  0.00000000E+00  0.00000000E+00  1.25016821E-01  0.00000000E+00  0.00000000E+00 -4.90424640E-02
    0.090000      1   0.00000000E+00  0.00000000E+00  1.99748808E-03  0.00000000E+00  0.00000000E+00  0.00000000E+00  0.00000000E+00  0.00000000E+00  1.24967377E-01  0.00000000E+00  0.00000000E+00 -4.94434822E-02
    0.091000      1   0.00000000E+00  0.00000000E+00  2.00569877E-03  0.00000000E+00  0.00000000E+00  0.00000000E+00  0.00000000E+00  0.00000000E+00  1.24917540E-01  0.00000000E+00  0.00000000E+00 -4.98376240E-02
    0.092000      1   0.00000000E+00  0.00000000E+00  2.03577327E-03  0.00000000E+00  0.00000000E+00  0.00000000E+00  0.00000000E+00  0.00000000E+00  1.24867311E-01  0.00000000E+00  0.00000000E+00 -5.02283622E-02
    0.093000      1   0.00000000E+00  0.00000000E+00  2.04545709E-03  0.00000000E+00  0.00000000E+00  0.00000000E+00  0.00000000E+00  0.00000000E+00  1.24816700E-01  0.00000000E+00  0.00000000E+00 -5.06110855E-02
    0.094000      1   0.00000000E+00  0.00000000E+00  2.06902391E-03  0.00000000E+00  0.00000000E+00  0.00000000E+00  0.00000000E+00  0.00000000E+00  1.24765718E-01  0.00000000E+00  0.00000000E+00 -5.09822195E-02
    0.095000      1   0.00000000E+00  0.00000000E+00  2.03820234E-03  0.00000000E+00  0.00000000E+00  0.00000000E+00  0.00000000E+00  0.00000000E+00  1.24714372E-01  0.00000000E+00  0.00000000E+00 -5.13460056E-02
    0.096000      1   0.00000000E+00  0.00000000E+00  2.05005436E-03  0.00000000E+00  0.00000000E+00  0.00000000E+00  0.00000000E+00  0.00000000E+00  1.24662664E-01  0.00000000E+00  0.00000000E+00 -5.17075024E-02
    0.097000      1   0.00000000E+00  0.00000000E+00  2.01356208E-03  0.00000000E+00  0.00000000E+00  0.00000000E+00  0.00000000E+00  0.00000000E+00  1.24610587E-01  0.00000000E+00  0.00000000E+00 -5.20770257E-02
    0.098000      1   0.00000000E+00  0.00000000E+00  2.00219390E-03  0.00000000E+00  0.00000000E+00  0.00000000E+00  0.00000000E+00  0.00000000E+00  1.24558138E-01  0.00000000E+00  0.00000000E+00 -5.24491098E-02
    0.099000      1   0.00000000E+00  0.00000000E+00  2.02952380E-03  0.00000000E+00  0.00000000E+00  0.00000000E+00  0.00000000E+00  0.00000000E+00  1.24505303E-01  0.00000000E+00  0.00000000E+00 -5.28351888E-02
    0.100000      1   0.00000000E+00  0.00000000E+00  2.04339260E-03  0.00000000E+00  0.00000000E+00  0.00000000E+00  0.00000000E+00  0.00000000E+00  1.24452083E-01  0.00000000E+00  0.00000000E+00 -5.32201683E-02
    0.101000      1   0.00000000E+00  0.00000000E+00  2.05644884E-03  0.00000000E+00  0.00000000E+00  0.00000000E+00  0.00000000E+00  0.00000000E+00  1.24398489E-01  0.00000000E+00  0.00000000E+00 -5.35937198E-02
    0.102000      1   0.00000000E+00  0.00000000E+00  2.03395556E-03  0.00000000E+00  0.00000000E+00  0.00000000E+00  0.00000000E+00  0.00000000E+00  1.24344529E-01  0.00000000E+00  0.00000000E+00 -5.39604076E-02
    0.103000      1   0.00000000E+00  0.00000000E+00  2.07254217E-03  0.00000000E+00  0.00000000E+00  0.00000000E+00  0.00000000E+00  0.00000000E+00  1.24290202E-01  0.00000000E+00  0.00000000E+00 -5.43267853E-02
    0.104000      1   0.00000000E+00  0.00000000E+00  2.10376272E-03  0.00000000E+00  0.00000000E+00  0.00000000E+00  0.00000000E+00  0.00000000E+00  1.24235508E-01  0.00000000E+00  0.00000000E+00 -5.46937265E-02
    0.105000      1   0.00000000E+00  0.00000000E+00  2.10502188E-03  0.00000000E+00  0.00000000E+00  0.00000000E+00  0.00000000E+00  0.00000000E+00  1.24180466E-01  0.00000000E+00  0.00000000E+00 -5.50424743E-02
    0.106000      1   0.00000000E+00  0.00000000E+00  2.08864289E-03  0.00000000E+00  0.00000000E+00  0.00000000E+00  0.00000000E+00  0.00000000E+00  1.24125085E-01  0.00000000E+00  0.00000000E+00 -5.53807462E-02
    0.107000      1   0.00000000E+00  0.00000000E+00  2.03926612E-03  0.00000000E+00  0.00000000E+00  0.00000000E+00  0.00000000E+00  0.00000000E+00  1.24069364E-01  0.00000000E+00  0.00000000E+00 -5.57215009E-02
    0.108000      1   0.00000000E+00  0.00000000E+00  2.04028703E-03  0.00000000E+00  0.00000000E+00  0.00000000E+00  0.00000000E+00  0.00000000E+00  1.24013287E-01  0.00000000E+00  0.00000000E+00 -5.60763665E-02
    0.109000      1   0.00000000E+00  0.00000000E+00  2.05530218E-03  0.00000000E+00  0.00000000E+00  0.00000000E+00  0.00000000E+00  0.00000000E+00  1.23956840E-01  0.00000000E+00  0.00000000E+00 -5.64472676E-02
    0.110000      1   0.00000000E+00  0.00000000E+00  2.06178697E-03  0.00000000E+00  0.00000000E+00  0.00000000E+00  0.00000000E+00  0.00000000E+00  1.23900025E-01  0.00000000E+00  0.00000000E+00 -5.68151781E-02
    0.111000      1   0.00000000E+00  0.00000000E+00  2.08679658E-03  0.00000000E+00  0.00000000E+00  0.00000000E+00  0.00000000E+00  0.00000000E+00  1.23842848E-01  0.00000000E+00  0.00000000E+00 -5.71770107E-02
    0.112000      1   0.00000000E+00  0.00000000E+00  2.08286497E-03  0.00000000E+00  0.00000000E+00  0.00000000E+00  0.00000000E+00  0.00000000E+00  1.23785316E-01  0.00000000E+00  0.00000000E+00 -5.75322909E-02
    0.113000      1   0.00000000E+00  0.00000000E+00  2.12932727E-03  0.00000000E+00  0.00000000E+00  0.00000000E+00  0.00000000E+00  0.00000000E+00  1.23727435E-01  0.00000000E+00  0.00000000E+00 -5.78800529E-02
    0.114000      1   0.00000000E+00  0.00000000E+00  2.16060837E-03  0.00000000E+00  0.00000000E+00  0.00000000E+00  0.00000000E+00  0.00000000E+00  1.23669215E-01  0.00000000E+00  0.00000000E+00 -5.82208897E-02
    0.115000      1   0.00000000E+00  0.00000000E+00  2.11533912E-03  0.00000000E+00  0.00000000E+00  0.00000000E+00  0.00000000E+00  0.00000000E+00  1.23610674E-01  0.00000000E+00  0.00000000E+00 -5.85409359E-02
    0.116000      1   0.00000000E+00  0.00000000E+00  2.11716729E-03  0.00000000E+00  0.00000000E+00  0.00000000E+00  0.00000000E+00  0.00000000E+00  1.23551815E-01  0.00000000E+00  0.00000000E+00 -5.88587143E-02
    0.117000      1   0.00000000E+00  0.00000000E+00  2.07848600E-03  0.00000000E+00  0.00000000E+00  0.00000000E+00  0.00000000E+00  0.00000000E+00  1.23492624E-01  0.00000000E+00  0.00000000E+00 -5.91910365E-02
    0.118000      1   0.00000000E+00  0.00000000E+00  2.05559474E-03  0.00000000E+00  0.00000000E+00  0.00000000E+00  0.00000000E+00  0.00000000E+00  1.23433094E-01  0.00000000E+00  0.00000000E+00 -5.95295986E-02
    0.119000      1   0.00000000E+00  0.00000000E+00  2.10019983E-03  0.00000000E+00  0.00000000E+00  0.00000000E+00  0.00000000E+00  0.00000000E+00  1.23373209E-01  0.00000000E+00  0.00000000E+00 -5.98849123E-02
    0.120000      1   0.00000000E+00  0.00000000E+00  2.11776031E-03  0.00000000E+00  0.00000000E+00  0.00000000E+00  0.00000000E+00  0.00000000E+00  1.23312970E-01  0.00000000E+00  0.00000000E+00 -6.02398559E-02
    0.121000      1   0.00000000E+00  0.00000000E+00  2.13226571E-03  0.00000000E+00  0.00000000E+00  0.00000000E+00  0.00000000E+00  0.00000000E+00  1.23252392E-01  0.00000000E+00  0.00000000E+00 -6.05770452E-02
    0.122000      1   0.00000000E+00  0.00000000E+00  2.14086083E-03  0.00000000E+00  0.00000000E+00  0.00000000E+00  0.00000000E+00  0.00000000E+00  1.23191487E-01  0.00000000E+00  0.00000000E+00 -6.09059022E-02
    0.123000      1   0.00000000E+00  0.00000000E+00  2.15835829E-03  0.00000000E+00  0.00000000E+00  0.00000000E+00  0.00000000E+00  0.00000000E+00  1.23130258E-01  0.00000000E+00  0.00000000E+00 -6.12284755E-02
    0.124000      1   0.00000000E+00  0.00000000E+00  2.16141357E-03  0.00000000E+00  0.00000000E+00  0.00000000E+00  0.00000000E+00  0.00000000E+00  1.23068713E-01  0.00000000E+00  0.00000000E+00 -6.15451318E-02
    0.125000      1   0.00000000E+00  0.00000000E+00  2.16226735E-03  0.00000000E+00  0.00000000E+00  0.00000000E+00  0.00000000E+00  0.00000000E+00  1.23006857E-01  0.00000000E+00  0.00000000E+00 -6.18555014E-02
    0.126000      1   0.00000000E+00  0.00000000E+00  2.10779554E-03  0.00000000E+00  0.00000000E+00  0.00000000E+00  0.00000000E+00  0.00000000E+00  1.22944693E-01  0.00000000E+00  0.00000000E+00 -6.21647166E-02
    0.127000      1   0.00000000E+00  0.00000000E+00  2.07444638E-03  0.00000000E+00  0.00000000E+00  0.00000000E+00  0.00000000E+00  0.00000000E+00  1.22882209E-01  0.00000000E+00  0.00000000E+00 -6.24832841E-02
    0.128000      1   0.00000000E+00  0.00000000E+00  2.11481287E-03  0.00000000E+00  0.00000000E+00  0.00000000E+00  0.00000000E+00  0.00000000E+00  1.22819384E-01  0.00000000E+00  0.00000000E+00 -6.28256385E-02
    0.129000      1   0.00000000E+00  0.00000000E+00  2.13504100E-03  0.00000000E+00  0.00000000E+00  0.00000000E+00  0.00000000E+00  0.00000000E+00  1.22756212E-01  0.00000000E+00  0.00000000E+00 -6.31718068E-02
    0.130000      1   0.00000000E+00  0.00000000E+00  2.14952003E-03  0.00000000E+00  0.00000000E+00  0.00000000E+00  0.00000000E+00  0.00000000E+00  1.22692711E-01  0.00000000E+00  0.00000000E+00 -6.35011410E-02
    0.131000      1   0.00000000E+00  0.00000000E+00  2.18483886E-03  0.00000000E+00  0.00000000E+00  0.00000000E+00  0.00000000E+00  0.00000000E+00  1.22628890E-01  0.00000000E+00  0.00000000E+00 -6.38212716E-02
    0.132000      1   0.00000000E+00  0.00000000E+00  2.22533946E-03  0.00000000E+00  0.00000000E+00  0.00000000E+00  0.00000000E+00  0.00000000E+00  1.22564759E-01  0.00000000E+00  0.00000000E+00 -6.41304013E-02
    0.133000      1   0.00000000E+00  0.00000000E+00  2.17457080E-03  0.00000000E+00  0.00000000E+00  0.00000000E+00  0.00000000E+00  0.00000000E+00  1.22500338E-01  0.00000000E+00  0.00000000E+00 -6.44207697E-02
    0.134000      1   0.00000000E+00  0.00000000E+00  2.17695083E-03  0.00000000E+00  0.00000000E+00  0.00000000E+00  0.00000000E+00  0.00000000E+00  1.22435632E-01  0.00000000E+00  0.00000000E+00 -6.47068149E-02
    0.135000      1   0.00000000E+00  0.00000000E+00  2.12425453E-03  0.00000000E+00  0.00000000E+00  0.00000000E+00  0.00000000E+00  0.00000000E+00  1.22370623E-01  0.00000000E+00  0.00000000E+00 -6.50091125E-02
    0.136000      1   0.00000000E+00  0.00000000E+00  2.12117585E-03  0.00000000E+00  0.00000000E+00  0.00000000E+00  0.00000000E+00  0.00000000E+00  1.22305303E-01  0.00000000E+00  0.00000000E+00 -6.53199471E-02
    0.137000      1   0.00000000E+00  0.00000000E+00  2.15470453E-03  0.00000000E+00  0.00000000E+00  0.00000000E+00  0.00000000E+00  0.00000000E+00  1.22239654E-01  0.00000000E+00  0.00000000E+00 -6.56486325E-02
    0.138000      1   0.00000000E+00  0.00000000E+00  2.18304499E-03  0.00000000E+00  0.00000000E+00  0.00000000E+00  0.00000000E+00  0.00000000E+00  1.22173682E-01  0.00000000E+00  0.00000000E+00 -6.59723998E-02
    0.139000      1   0.00000000E+00  0.00000000E+00  2.17942793E-03  0.00000000E+00  0.00000000E+00  0.00000000E+00  0.00000000E+00  0.00000000E+00  1.22107401E-01  0.00000000E+00  0.00000000E+00 -6.62801440E-02
    0.140000      1   0.00000000E+00  0.00000000E+00  2.19874247E-03  0.00000000E+00  0.00000000E+00  0.00000000E+00  0.00000000E+00  0.00000000E+00  1.22040822E-01  0.00000000E+00  0.00000000E+00 -6.65792205E-02
    0.141000      1   0.00000000E+00  0.00000000E+00  2.20682241E-03  0.00000000E+00  0.00000000E+00  0.00000000E+00  0.00000000E+00  0.00000000E+00  1.21973946E-01  0.00000000E+00  0.00000000E+00 -6.68760693E-02
    0.142000      1   0.00000000E+00  0.00000000E+00  2.22065937E-03  0.00000000E+00  0.00000000E+00  0.00000000E+00  0.00000000E+00  0.00000000E+00  1.21906781E-01  0.00000000E+00  0.00000000E+00 -6.71651460E-02
    0.143000      1   0.00000000E+00  0.00000000E+00  2.17254978E-03  0.00000000E+00  0.00000000E+00  0.00000000E+00  0.00000000E+00  0.00000000E+00  1.21839332E-01  0.00000000E+00  0.00000000E+00 -6.74491223E-02
    0.144000      1   0.00000000E+00  0.00000000E+00  2.13007900E-03  0.00000000E+00  0.00000000E+00  0.00000000E+00  0.00000000E+00  0.00000000E+00  1.21771595E-01  0.00000000E+00  0.00000000E+00 -6.77370620E-02
    0.145000      1   0.00000000E+00  0.00000000E+00  2.15845080E-03  0.00000000E+00  0.00000000E+00  0.00000000E+00  0.00000000E+00  0.00000000E+00  1.21703546E-01  0.00000000E+00  0.00000000E+00 -6.80483120E-02
    0.146000      1   0.00000000E+00  0.00000000E+00  2.18466380E-03  0.00000000E+00  0.00000000E+00  0.00000000E+00  0.00000000E+00  0.00000000E+00  1.21635178E-01  0.00000000E+00  0.00000000E+00 -6.83684929E-02
    0.147000      1   0.00000000E+00  0.00000000E+00  2.19830978E-03  0.00000000E+00  0.00000000E+00  0.00000000E+00  0.00000000E+00  0.00000000E+00  1.21566503E-01  0.00000000E+00  0.00000000E+00 -6.86747205E-02
    0.148000      1   0.00000000E+00  0.00000000E+00  2.24911593E-03  0.00000000E+00  0.00000000E+00  0.00000000E+00  0.00000000E+00  0.00000000E+00  1.21497533E-01  0.00000000E+00  0.00000000E+00 -6.89699263E-02
    0.149000      1   0.00000000E+00  0.00000000E+00  2.26147312E-03  0.00000000E+00  0.00000000E+00  0.00000000E+00  0.00000000E+00  0.00000000E+00  1.21428282E-01  0.00000000E+00  0.00000000E+00 -6.92516660E-02
    0.150000      1   0.00000000E+00  0.00000000E+00  2.22103327E-03  0.00000000E+00  0.00000000E+00  0.00000000E+00  0.00000000E+00  0.00000000E+00  1.21358767E-01  0.00000000E+00  0.00000000E+00 -6.95145350E-02
    0.151000      1   0.00000000E+00  0.00000000E+00  2.18258584E-03  0.00000000E+00  0.00000000E+00  0.00000000E+00  0.00000000E+00  0.00000000E+00  1.21288987E-01  0.00000000E+00  0.00000000E+00 -6.97804971E-02
    0.152000      1   0.00000000E+00  0.00000000E+00  2.16840386E-03  0.00000000E+00  0.00000000E+00  0.00000000E+00  0.00000000E+00  0.00000000E+00  1.21218920E-01  0.00000000E+00  0.00000000E+00 -7.00665392E-02
    0.153000      1   0.00000000E+00  0.00000000E+00  2.19719094E-03  0.00000000E+00  0.00000000E+00  0.00000000E+00  0.00000000E+00  0.00000000E+00  1.21148552E-01  0.00000000E+00  0.00000000E+00 -7.03677159E-02
    0.154000      1   0.00000000E+00  0.00000000E+00  2.21608183E-03  0.00000000E+00  0.00000000E+00  0.00000000E+00  0.00000000E+00  0.00000000E+00  1.21077884E-01  0.00000000E+00  0.00000000E+00 -7.06684595E-02
    0.155000      1   0.00000000E+00  0.00000000E+00  2.21585891E-03  0.00000000E+00  0.00000000E+00  0.00000000E+00  0.00000000E+00  0.00000000E+00  1.21006927E-01  0.00000000E+00  0.00000000E+00 -7.09564084E-02
    0.156000      1   0.00000000E+00  0.00000000E+00  2.24881309E-03  0.00000000E+00  0.00000000E+00  0.00000000E+00  0.00000000E+00  0.00000000E+00  1.20935689E-01  0.00000000E+00  0.00000000E+00 -7.12381927E-02
    0.157000      1   0.00000000E+00  0.00000000E+00  2.26213412E-03  0.00000000E+00  0.00000000E+00  0.00000000E+00  0.00000000E+00  0.00000000E+00  1.20864175E-01  0.00000000E+00  0.00000000E+00 -7.15142226E-02
    0.158000      1   0.00000000E+00  0.00000000E+00  2.27017943E-03  0.00000000E+00  0.00000000E+00  0.00000000E+00  0.00000000E+00  0.00000000E+00  1.20792398E-01  0.00000000E+00  0.00000000E+00 -7.17770741E-02
    0.159000      1   0.00000000E+00  0.00000000E+00  2.21528700E-03  0.00000000E+00  0.00000000E+00  0.00000000E+00  0.00000000E+00  0.00000000E+00  1.20720364E-01  0.00000000E+00  0.00000000E+00 -7.20341282E-02
    0.160000      1   0.00000000E+00  0.00000000E+00  2.15369349E-03  0.00000000E+00  0.00000000E+00  0.00000000E+00  0.00000000E+00  0.00000000E+00  1.20648066E-01  0.00000000E+00  0.00000000E+00 -7.22982471E-02
    0.161000      1   0.00000000E+00  0.00000000E+00  2.20264362E-03  0.00000000E+00  0.00000000E+00  0.00000000E+00  0.00000000E+00  0.00000000E+00  1.20575474E-01  0.00000000E+00  0.00000000E+00 -7.25912856E-02
    0.162000      1   0.00000000E+00  0.00000000E+00  2.25168371E-03  0.00000000E+00  0.00000000E+00  0.00000000E+00  0.00000000E+00  0.00000000E+00  1.20502578E-01  0.00000000E+00  0.00000000E+00 -7.28958961E-02
    0.163000      1   0.00000000E+00  0.00000000E+00  2.27100893E-03  0.00000000E+00  0.00000000E+00  0.00000000E+00  0.00000000E+00  0.00000000E+00  1.20429403E-01  0.00000000E+00  0.00000000E+00 -7.31757585E-02
    0.164000      1   0.00000000E+00  0.00000000E+00  2.30408014E-03  0.00000000E+00  0.00000000E+00  0.00000000E+00  0.00000000E+00  0.00000000E+00  1.20355967E-01  0.00000000E+00  0.00000000E+00 -7.34360979E-02
    0.165000      1   0.00000000E+00  0.00000000E+00  2.27360846E-03  0.00000000E+00  0.00000000E+00  0.00000000E+00  0.00000000E+00  0.00000000E+00  1.20282282E-01  0.00000000E+00  0.00000000E+00 -7.36842423E-02
    0.166000      1   0.00000000E+00  0.00000000E+00  2.25103406E-03  0.00000000E+00  0.00000000E+00  0.00000000E+00  0.00000000E+00  0.00000000E+00  1.20208355E-01  0.00000000E+00  0.00000000E+00 -7.39269142E-02
    0.167000      1   0.00000000E+00  0.00000000E+00  2.21683156E-03  0.00000000E+00  0.00000000E+00  0.00000000E+00  0.00000000E+00  0.00000000E+00  1.20134172E-01  0.00000000E+00  0.00000000E+00 -7.41835856E-02
    0.168000      1   0.00000000E+00  0.00000000E+00  2.23088755E-03  0.00000000E+00  0.00000000E+00  0.00000000E+00  0.00000000E+00  0.00000000E+00  1.20059718E-01  0.00000000E+00  0.00000000E+00 -7.44537190E-02
    0.169000      1   0.00000000E+00  0.00000000E+00  2.24233291E-03  0.00000000E+00  0.00000000E+00  0.00000000E+00  0.00000000E+00  0.00000000E+00  1.19984986E-01  0.00000000E+00  0.00000000E+00 -7.47325994E-02
    0.170000      1   0.00000000E+00  0.00000000E+00  2.23975502E-03  0.00000000E+00  0.00000000E+00  0.00000000E+00  0.00000000E+00  0.00000000E+00  1.19909981E-01  0.00000000E+00  0.00000000E+00 -7.50048396E-02
    0.171000      1   0.00000000E+00  0.00000000E+00  2.29804028E-03  0.00000000E+00  0.00000000E+00  0.00000000E+00  0.00000000E+00  0.00000000E+00  1.19834707E-01  0.00000000E+00  0.00000000E+00 -7.52737768E-02
    0.172000      1   0.00000000E+00  0.00000000E+00  2.31396272E-03  0.00000000E+00  0.00000000E+00  0.00000000E+00  0.00000000E+00  0.00000000E+00  1.19759174E-01  0.00000000E+00  0.00000000E+00 -7.55332536E-02
    0.173000      1   0.00000000E+00  0.00000000E+00  2.30850191E-03  0.00000000E+00  0.00000000E+00  0.00000000E+00  0.00000000E+00  0.00000000E+00  1.19683403E-01  0.00000000E+00  0.00000000E+00 -7.57707729E-02
    0.174000      1   0.00000000E+00  0.00000000E+00  2.24549212E-03  0.00000000E+00  0.00000000E+00  0.00000000E+00  0.00000000E+00  0.00000000E+00  1.19607399E-01  0.00000000E+00  0.00000000E+00 -7.60040287E-02
    0.175000      1   0.00000000E+00  0.00000000E+00  2.19070785E-03  0.00000000E+00  0.00000000E+00  0.00000000E+00  0.00000000E+00  0.00000000E+00  1.19531149E-01  0.00000000E+00  0.00000000E+00 -7.62502205E-02
    0.176000      1   0.00000000E+00  0.00000000E+00  2.22999013E-03  0.00000000E+00  0.00000000E+00  0.00000000E+00  0.00000000E+00  0.00000000E+00  1.19454622E-01  0.00000000E+00  0.00000000E+00 -7.65267937E-02
    0.177000      1   0.00000000E+00  0.00000000E+00  2.28811849E-03  0.00000000E+00  0.00000000E+00  0.00000000E+00  0.00000000E+00  0.00000000E+00  1.19377807E-01  0.00000000E+00  0.00000000E+00 -7.68144122E-02
    0.178000      1   0.00000000E+00  0.00000000E+00  2.32717264E-03  0.00000000E+00  0.00000000E+00  0.00000000E+00  0.00000000E+00  0.00000000E+00  1.19300729E-01  0.00000000E+00  0.00000000E+00 -7.70788504E-02
    0.179000      1   0.00000000E+00  0.00000000E+00  2.36095348E-03  0.00000000E+00  0.00000000E+00  0.00000000E+00  0.00000000E+00  0.00000000E+00  1.19223411E-01  0.00000000E+00  0.00000000E+00 -7.73172922E-02
    0.180000      1   0.00000000E+00  0.00000000E+00  2.31021673E-03  0.00000000E+00  0.00000000E+00  0.00000000E+00  0.00000000E+00  0.00000000E+00  1.19145874E-01  0.00000000E+00  0.00000000E+00 -7.75369342E-02
    0.181000      1   0.00000000E+00  0.00000000E+00  2.24603758E-03  0.00000000E+00  0.00000000E+00  0.00000000E+00  0.00000000E+00  0.00000000E+00  1.19068120E-01  0.00000000E+00  0.00000000E+00 -7.77544543E-02
    0.182000      1   0.00000000E+00  0.00000000E+00  2.22335965E-03  0.00000000E+00  0.00000000E+00  0.00000000E+00  0.00000000E+00  0.00000000E+00  1.18990120E-01  0.00000000E+00  0.00000000E+00 -7.79999865E-02
    0.183000      1   0.00000000E+00  0.00000000E+00  2.26326769E-03  0.00000000E+00  0.00000000E+00  0.00000000E+00  0.00000000E+00  0.00000000E+00  1.18911849E-01  0.00000000E+00  0.00000000E+00 -7.82706064E-02
    0.184000      1   0.00000000E+00  0.00000000E+00  2.32095975E-03  0.00000000E+00  0.00000000E+00  0.00000000E+00  0.00000000E+00  0.00000000E+00  1.18833308E-01  0.00000000E+00  0.00000000E+00 -7.85416168E-02
    0.185000      1   0.00000000E+00  0.00000000E+00  2.32439837E-03  0.00000000E+00  0.00000000E+00  0.00000000E+00  0.00000000E+00  0.00000000E+00  1.18754518E-01  0.00000000E+00  0.00000000E+00 -7.87893186E-02
    0.186000      1   0.00000000E+00  0.00000000E+00  2.36063062E-03  0.00000000E+00  0.00000000E+00  0.00000000E+00  0.00000000E+00  0.00000000E+00  1.18675501E-01  0.00000000E+00  0.00000000E+00 -7.90174654E-02
    0.187000      1   0.00000000E+00  0.00000000E+00  2.32384406E-03  0.00000000E+00  0.00000000E+00  0.00000000E+00  0.00000000E+00  0.00000000E+00  1.18596263E-01  0.00000000E+00  0.00000000E+00 -7.92380756E-02
    0.188000      1   0.00000000E+00  0.00000000E+00  2.26381661E-03  0.00000000E+00  0.00000000E+00  0.00000000E+00  0.00000000E+00  0.00000000E+00  1.18516810E-01  0.00000000E+00  0.00000000E+00 -7.94532919E-02
    0.189000      1   0.00000000E+00  0.00000000E+00  2.23700063E-03  0.00000000E+00  0.00000000E+00  0.00000000E+00  0.00000000E+00  0.00000000E+00  1.18437118E-01  0.00000000E+00  0.00000000E+00 -7.96912047E-02
    0.190000      1   0.00000000E+00  0.00000000E+00  2.27075894E-03  0.00000000E+00  0.00000000E+00  0.00000000E+00  0.00000000E+00  0.00000000E+00  1.18357165E-01  0.00000000E+00  0.00000000E+00 -7.99535734E-02
    0.191000      1   0.00000000E+00  0.00000000E+00  2.32483241E-03  0.00000000E+00  0.00000000E+00  0.00000000E+00  0.00000000E+00  0.00000000E+00  1.18276946E-01  0.00000000E+00  0.00000000E+00 -8.02187792E-02
    0.192000      1   0.00000000E+00  0.00000000E+00  2.35609330E-03  0.00000000E+00  0.00000000E+00  0.00000000E+00  0.00000000E+00  0.00000000E+00  1.18196483E-01  0.00000000E+00  0.00000000E+00 -8.04633359E-02
    0.193000      1   0.00000000E+00  0.00000000E+00  2.39015316E-03  0.00000000E+00  0.00000000E+00  0.00000000E+00  0.00000000E+00  0.00000000E+00  1.18115798E-01  0.00000000E+00  0.00000000E+00 -8.06846060E-02
    0.194000      1   0.00000000E+00  0.00000000E+00  2.33987663E-03  0.00000000E+00  0.00000000E+00  0.00000000E+00  0.00000000E+00  0.00000000E+00  1.18034908E-01  0.00000000E+00  0.00000000E+00 -8.08895864E-02
    0.195000      1   0.00000000E+00  0.00000000E+00  2.27897559E-03  0.00000000E+00  0.00000000E+00  0.00000000E+00  0.00000000E+00  0.00000000E+00  1.17953816E-01  0.00000000E+00  0.00000000E+00 -8.10922718E-02
    0.196000      1   0.00000000E+00  0.00000000E+00  2.24948153E-03  0.00000000E+00  0.00000000E+00  0.00000000E+00  0.00000000E+00  0.00000000E+00  1.17872494E-01  0.00000000E+00  0.00000000E+00 -8.13222386E-02
    0.197000      1   0.00000000E+00  0.00000000E+00  2.29620634E-03  0.00000000E+00  0.00000000E+00  0.00000000E+00  0.00000000E+00  0.00000000E+00  1.17790917E-01  0.00000000E+00  0.00000000E+00 -8.15774218E-02
    0.198000      1   0.00000000E+00  0.00000000E+00  2.34495592E-03  0.00000000E+00  0.00000000E+00  0.00000000E+00  0.00000000E+00  0.00000000E+00  1.17709082E-01  0.00000000E+00  0.00000000E+00 -8.18340285E-02
    0.199000      1   0.00000000E+00  0.00000000E+00  2.36252460E-03  0.00000000E+00  0.00000000E+00  0.00000000E+00  0.00000000E+00  0.00000000E+00  1.17627016E-01  0.00000000E+00  0.00000000E+00 -8.20666693E-02
    0.200000      1   0.00000000E+00  0.00000000E+00  2.37985232E-03  0.00000000E+00  0.00000000E+00  0.00000000E+00  0.00000000E+00  0.00000000E+00  1.17544736E-01  0.00000000E+00  0.00000000E+00 -8.22801932E-02
    0.201000      1   0.00000000E+00  0.00000000E+00  2.36408953E-03  0.00000000E+00  0.00000000E+00  0.00000000E+00  0.00000000E+00  0.00000000E+00  1.17462251E-01  0.00000000E+00  0.00000000E+00 -8.24848831E-02
    0.202000      1   0.00000000E+00  0.00000000E+00  2.31071109E-03  0.00000000E+00  0.00000000E+00  0.00000000E+00  0.00000000E+00  0.00000000E+00  1.17379564E-01  0.00000000E+00  0.00000000E+00 -8.26866697E-02
    0.203000      1   0.00000000E+00  0.00000000E+00  2.27235254E-03  0.00000000E+00  0.00000000E+00  0.00000000E+00  0.00000000E+00  0.00000000E+00  1.17296661E-01  0.00000000E+00  0.00000000E+00 -8.29030725E-02
    0.204000      1   0.00000000E+00  0.00000000E+00  2.29151826E-03  0.00000000E+00  0.00000000E+00  0.00000000E+00  0.00000000E+00  0.00000000E+00  1.17213517E-01  0.00000000E+00  0.00000000E+00 -8.31437888E-02
    0.205000      1   0.00000000E+00  0.00000000E+00  2.31826188E-03  0.00000000E+00  0.00000000E+00  0.00000000E+00  0.00000000E+00  0.00000000E+00  1.17130124E-01  0.00000000E+00  0.00000000E+00 -8.33937134E-02
    0.206000      1   0.00000000E+00  0.00000000E+00  2.40219143E-03  0.00000000E+00  0.00000000E+00  0.00000000E+00  0.00000000E+00  0.00000000E+00  1.17046491E-01  0.00000000E+00  0.00000000E+00 -8.36326144E-02
    0.207000      1   0.00000000E+00  0.00000000E+00  2.41808216E-03  0.00000000E+00  0.00000000E+00  0.00000000E+00  0.00000000E+00  0.00000000E+00  1.16962643E-01  0.00000000E+00  0.00000000E+00 -8.38478904E-02
    0.208000      1   0.00000000E+00  0.00000000E+00  2.38311615E-03  0.00000000E+00  0.00000000E+00  0.00000000E+00  0.00000000E+00  0.00000000E+00  1.16878610E-01  0.00000000E+00  0.00000000E+00 -8.40327925E-02
    0.209000      1   0.00000000E+00  0.00000000E+00  2.30166868E-03  0.00000000E+00  0.00000000E+00  0.00000000E+00  0.00000000E+00  0.00000000E+00  1.16794392E-01  0.00000000E+00  0.00000000E+00 -8.42186593E-02
    0.210000      1   0.00000000E+00  0.00000000E+00  2.29900083E-03  0.00000000E+00  0.00000000E+00  0.00000000E+00  0.00000000E+00  0.00000000E+00  1.16709961E-01  0.00000000E+00  0.00000000E+00 -8.44304124E-02
    0.211000      1   0.00000000E+00  0.00000000E+00  2.33734149E-03  0.00000000E+00  0.00000000E+00  0.00000000E+00  0.00000000E+00  0.00000000E+00  1.16625292E-01  0.00000000E+00  0.00000000E+00 -8.46693860E-02
    0.212000      1   0.00000000E+00  0.00000000E+00  2.37685941E-03  0.00000000E+00  0.00000000E+00  0.00000000E+00  0.00000000E+00  0.00000000E+00  1.16540389E-01  0.00000000E+00  0.00000000E+00 -8.49024556E-02
    0.213000      1   0.00000000E+00  0.00000000E+00  2.43324408E-03  0.00000000E+00  0.00000000E+00  0.00000000E+00  0.00000000E+00  0.00000000E+00  1.16455273E-01  0.00000000E+00  0.00000000E+00 -8.51159452E-02
    0.214000      1   0.00000000E+00  0.00000000E+00  2.39851067E-03  0.00000000E+00  0.00000000E+00  0.00000000E+00  0.00000000E+00  0.00000000E+00  1.16369967E-01  0.00000000E+00  0.00000000E+00 -8.53064855E-02
    0.215000      1   0.00000000E+00  0.00000000E+00  2.33429140E-03  0.00000000E+00  0.00000000E+00  0.00000000E+00  0.00000000E+00  0.00000000E+00  1.16284482E-01  0.00000000E+00  0.00000000E+00 -8.54846505E-02
    0.216000      1   0.00000000E+00  0.00000000E+00  2.27652540E-03  0.00000000E+00  0.00000000E+00  0.00000000E+00  0.00000000E+00  0.00000000E+00  1.16198797E-01  0.00000000E+00  0.00000000E+00 -8.56855790E-02
    0.217000      1   0.00000000E+00  0.00000000E+00  2.32696763E-03  0.00000000E+00  0.00000000E+00  0.00000000E+00  0.00000000E+00  0.00000000E+00  1.16112879E-01  0.00000000E+00  0.00000000E+00 -8.59178132E-02
    0.218000      1   0.00000000E+00  0.00000000E+00  2.36361692E-03  0.00000000E+00  0.00000000E+00  0.00000000E+00  0.00000000E+00  0.00000000E+00  1.16026719E-01  0.00000000E+00  0.00000000E+00 -8.61600986E-02
    0.219000      1   0.00000000E+00  0.00000000E+00  2.43255226E-03  0.00000000E+00  0.00000000E+00  0.00000000E+00  0.00000000E+00  0.00000000E+00  1.15940339E-01  0.00000000E+00  0.00000000E+00 -8.63793369E-02
    0.220000      1   0.00000000E+00  0.00000000E+00  2.44373615E-03  0.00000000E+00  0.00000000E+00  0.00000000E+00  0.00000000E+00  0.00000000E+00  1.15853765E-01  0.00000000E+00  0.00000000E+00 -8.65743487E-02
    0.221000      1   0.00000000E+00  0.00000000E+00  2.40155947E-03  0.00000000E+00  0.00000000E+00  0.00000000E+00  0.00000000E+00  0.00000000E+00  1.15767020E-01  0.00000000E+00  0.00000000E+00 -8.67447432E-02
    0.222000      1   0.00000000E+00  0.00000000E+00  2.32345680E-03  0.00000000E+00  0.00000000E+00  0.00000000E+00  0.00000000E+00  0.00000000E+00  1.15680101E-01  0.00000000E+00  0.00000000E+00 -8.69189233E-02
    0.223000      1   0.00000000E+00  0.00000000E+00  2.31944887E-03  0.00000000E+00  0.00000000E+00  0.00000000E+00  0.00000000E+00  0.00000000E+00  1.15592981E-01  0.00000000E+00  0.00000000E+00 -8.71207665E-02
    0.224000      1   0.00000000E+00  0.00000000E+00  2.37271279E-03  0.00000000E+00  0.00000000E+00  0.00000000E+00  0.00000000E+00  0.00000000E+00  1.15505632E-01  0.00000000E+00  0.00000000E+00 -8.73489685E-02
    0.225000      1   0.00000000E+00  0.00000000E+00  2.42270064E-03  0.00000000E+00  0.00000000E+00  0.00000000E+00  0.00000000E+00  0.00000000E+00  1.15418063E-01  0.00000000E+00  0.00000000E+00 -8.75690676E-02
    0.226000      1   0.00000000E+00  0.00000000E+00  2.46453501E-03  0.00000000E+00  0.00000000E+00  0.00000000E+00  0.00000000E+00  0.00000000E+00  1.15330300E-01  0.00000000E+00  0.00000000E+00 -8.77628342E-02
    0.227000      1   0.00000000E+00  0.00000000E+00  2.41108401E-03  0.00000000E+00  0.00000000E+00  0.00000000E+00  0.00000000E+00  0.00000000E+00  1.15242367E-01  0.00000000E+00  0.00000000E+00 -8.79327862E-02
    0.228000      1   0.00000000E+00  0.00000000E+00  2.33511728E-03  0.00000000E+00  0.00000000E+00  0.00000000E+00  0.00000000E+00  0.00000000E+00  1.15154268E-01  0.00000000E+00  0.00000000E+00 -8.80984513E-02
    0.229000      1   0.00000000E+00  0.00000000E+00  2.32692150E-03  0.00000000E+00  0.00000000E+00  0.00000000E+00  0.00000000E+00  0.00000000E+00  1.15065973E-01  0.00000000E+00  0.00000000E+00 -8.82951044E-02
    0.230000      1   0.00000000E+00  0.00000000E+00  2.35188871E-03  0.00000000E+00  0.00000000E+00  0.00000000E+00  0.00000000E+00  0.00000000E+00  1.14977455E-01  0.00000000E+00  0.00000000E+00 -8.85181555E-02
    0.231000      1   0.00000000E+00  0.00000000E+00  2.40883467E-03  0.00000000E+00  0.00000000E+00  0.00000000E+00  0.00000000E+00  0.00000000E+00  1.14888716E-01  0.00000000E+00  0.00000000E+00 -8.87394830E-02
    0.232000      1   0.00000000E+00  0.00000000E+00  2.48240589E-03  0.00000000E+00  0.00000000E+00  0.00000000E+00  0.00000000E+00  0.00000000E+00  1.14799773E-01  0.00000000E+00  0.00000000E+00 -8.89425406E-02
    0.233000      1   0.00000000E+00  0.00000000E+00  2.44319291E-03  0.00000000E+00  0.00000000E+00  0.00000000E+00  0.00000000E+00  0.00000000E+00  1.14710659E-01  0.00000000E+00  0.00000000E+00 -8.91138861E-02
    0.234000      1   0.00000000E+00  0.00000000E+00  2.37574747E-03  0.00000000E+00  0.00000000E+00  0.00000000E+00  0.00000000E+00  0.00000000E+00  1.14621391E-01  0.00000000E+00  0.00000000E+00 -8.92680041E-02
    0.235000      1   0.00000000E+00  0.00000000E+00  2.33165701E-03  0.00000000E+00  0.00000000E+00  0.00000000E+00  0.00000000E+00  0.00000000E+00  1.14531944E-01  0.00000000E+00  0.00000000E+00 -8.94469271E-02
    0.236000      1   0.00000000E+00  0.00000000E+00  2.36969028E-03  0.00000000E+00  0.00000000E+00  0.00000000E+00  0.00000000E+00  0.00000000E+00  1.14442289E-01  0.00000000E+00  0.00000000E+00 -8.96557972E-02
    0.237000      1   0.00000000E+00  0.00000000E+00  2.38942043E-03  0.00000000E+00  0.00000000E+00  0.00000000E+00  0.00000000E+00  0.00000000E+00  1.14352416E-01  0.00000000E+00  0.00000000E+00 -8.98724215E-02
    0.238000      1   0.00000000E+00  0.00000000E+00  2.45449455E-03  0.00000000E+00  0.00000000E+00  0.00000000E+00  0.00000000E+00  0.00000000E+00  1.14262343E-01  0.00000000E+00  0.00000000E+00 -9.00730660E-02
    0.239000      1   0.00000000E+00  0.00000000E+00  2.47501263E-03  0.00000000E+00  0.00000000E+00  0.00000000E+00  0.00000000E+00  0.00000000E+00  1.14172087E-01  0.00000000E+00  0.00000000E+00 -9.02557232E-02
    0.240000      1   0.00000000E+00  0.00000000E+00  2.41888666E-03  0.00000000E+00  0.00000000E+00  0.00000000E+00  0.00000000E+00  0.00000000E+00  1.14081674E-01  0.00000000E+00  0.00000000E+00 -9.04133807E-02
    0.241000      1   0.00000000E+00  0.00000000E+00  2.33820858E-03  0.00000000E+00  0.00000000E+00  0.00000000E+00  0.00000000E+00  0.00000000E+00  1.13991100E-01  0.00000000E+00  0.00000000E+00 -9.05742251E-02
    0.242000      1   0.00000000E+00  0.00000000E+00  2.35770338E-03  0.00000000E+00  0.00000000E+00  0.00000000E+00  0.00000000E+00  0.00000000E+00  1.13900332E-01  0.00000000E+00  0.00000000E+00 -9.07677690E-02
    0.243000      1   0.00000000E+00  0.00000000E+00  2.40381116E-03  0.00000000E+00  0.00000000E+00  0.00000000E+00  0.00000000E+00  0.00000000E+00  1.13809348E-01  0.00000000E+00  0.00000000E+00 -9.09843614E-02
    0.244000      1   0.00000000E+00  0.00000000E+00  2.48375071E-03  0.00000000E+00  0.00000000E+00  0.00000000E+00  0.00000000E+00  0.00000000E+00  1.13718161E-01  0.00000000E+00  0.00000000E+00 -9.11863978E-02
    0.245000      1   0.00000000E+00  0.00000000E+00  2.49874947E-03  0.00000000E+00  0.00000000E+00  0.00000000E+00  0.00000000E+00  0.00000000E+00  1.13626802E-01  0.00000000E+00  0.00000000E+00 -9.13591552E-02
    0.246000      1   0.00000000E+00  0.00000000E+00  2.44194164E-03  0.00000000E+00  0.00000000E+00  0.00000000E+00  0.00000000E+00  0.00000000E+00  1.13535299E-01  0.00000000E+00  0.00000000E+00 -9.15030070E-02
    0.247000      1   0.00000000E+00  0.00000000E+00  2.36612889E-03  0.00000000E+00  0.00000000E+00  0.00000000E+00  0.00000000E+00  0.00000000E+00  1.13443647E-01  0.00000000E+00  0.00000000E+00 -9.16519787E-02
    0.248000      1   0.00000000E+00  0.00000000E+00  2.37085907E-03  0.00000000E+00  0.00000000E+00  0.00000000E+00  0.00000000E+00  0.00000000E+00  1.13351814E-01  0.00000000E+00  0.00000000E+00 -9.18330137E-02
    0.249000      1   0.00000000E+00  0.00000000E+00  2.42470881E-03  0.00000000E+00  0.00000000E+00  0.00000000E+00  0.00000000E+00  0.00000000E+00  1.13259776E-01  0.00000000E+00  0.00000000E+00 -9.20381102E-02
    0.250000      1   0.00000000E+00  0.00000000E+00  2.47255020E-03  0.00000000E+00  0.00000000E+00  0.00000000E+00  0.00000000E+00  0.00000000E+00  1.13167544E-01  0.00000000E+00  0.00000000E+00 -9.22321305E-02
    0.251000      1   0.00000000E+00  0.00000000E+00  2.49390023E-03  0.00000000E+00  0.00000000E+00  0.00000000E+00  0.00000000E+00  0.00000000E+00  1.13075144E-01  0.00000000E+00  0.00000000E+00 -9.24000056E-02
    0.252000      1   0.00000000E+00  0.00000000E+00  2.45629846E-03  0.00000000E+00  0.00000000E+00  0.00000000E+00  0.00000000E+00  0.00000000E+00  1.12982595E-01  0.00000000E+00  0.00000000E+00 -9.25483933E-02
    0.253000      1   0.00000000E+00  0.00000000E+00  2.36930584E-03  0.00000000E+00  0.00000000E+00  0.00000000E+00  0.00000000E+00  0.00000000E+00  1.12889899E-01  0.00000000E+00  0.00000000E+00 -9.26964188E-02
    0.254000      1   0.00000000E+00  0.00000000E+00  2.36950996E-03  0.00000000E+00  0.00000000E+00  0.00000000E+00  0.00000000E+00  0.00000000E+00  1.12797027E-01  0.00000000E+00  0.00000000E+00 -9.28721769E-02
    0.255000      1   0.00000000E+00  0.00000000E+00  2.41833330E-03  0.00000000E+00  0.00000000E+00  0.00000000E+00  0.00000000E+00  0.00000000E+00  1.12703950E-01  0.00000000E+00  0.00000000E+00 -9.30764686E-02
    0.256000      1   0.00000000E+00  0.00000000E+00  2.50304175E-03  0.00000000E+00  0.00000000E+00  0.00000000E+00  0.00000000E+00  0.00000000E+00  1.12610678E-01  0.00000000E+00  0.00000000E+00 -9.32720595E-02
    0.257000      1   0.00000000E+00  0.00000000E+00  2.51680439E-03  0.00000000E+00  0.00000000E+00  0.00000000E+00  0.00000000E+00  0.00000000E+00  1.12517242E-01  0.00000000E+00  0.00000000E+00 -9.34366362E-02
    0.258000      1   0.00000000E+00  0.00000000E+00  2.46564512E-03  0.00000000E+00  0.00000000E+00  0.00000000E+00  0.00000000E+00  0.00000000E+00  1.12423671E-01  0.00000000E+00  0.00000000E+00 -9.35709597E-02
    0.259000      1   0.00000000E+00  0.00000000E+00  2.38345723E-03  0.00000000E+00  0.00000000E+00  0.00000000E+00  0.00000000E+00  0.00000000E+00  1.12329961E-01  0.00000000E+00  0.00000000E+00 -9.37098103E-02
    0.260000      1   0.00000000E+00  0.00000000E+00  2.39088054E-03  0.00000000E+00  0.00000000E+00  0.00000000E+00  0.00000000E+00  0.00000000E+00  1.12236081E-01  0.00000000E+00  0.00000000E+00 -9.38799963E-02
    0.261000      1   0.00000000E+00  0.00000000E+00  2.44736391E-03  0.00000000E+00  0.00000000E+00  0.00000000E+00  0.00000000E+00  0.00000000E+00  1.12142005E-01  0.00000000E+00  0.00000000E+00 -9.40758614E-02
    0.262000      1   0.00000000E+00  0.00000000E+00  2.48935883E-03  0.00000000E+00  0.00000000E+00  0.00000000E+00  0.00000000E+00  0.00000000E+00  1.12047746E-01  0.00000000E+00  0.00000000E+00 -9.42593000E-02
    0.263000      1   0.00000000E+00  0.00000000E+00  2.52156446E-03  0.00000000E+00  0.00000000E+00  0.00000000E+00  0.00000000E+00  0.00000000E+00  1.11953329E-01  0.00000000E+00  0.00000000E+00 -9.44167624E-02
    0.264000      1   0.00000000E+00  0.00000000E+00  2.46746108E-03  0.00000000E+00  0.00000000E+00  0.00000000E+00  0.00000000E+00  0.00000000E+00  1.11858774E-01  0.00000000E+00  0.00000000E+00 -9.45547378E-02
    0.265000      1   0.00000000E+00  0.00000000E+00  2.37172719E-03  0.00000000E+00  0.00000000E+00  0.00000000E+00  0.00000000E+00  0.00000000E+00  1.11764083E-01  0.00000000E+00  0.00000000E+00 -9.46917039E-02
    0.266000      1   0.00000000E+00  0.00000000E+00  2.39973530E-03  0.00000000E+00  0.00000000E+00  0.00000000E+00  0.00000000E+00  0.00000000E+00  1.11669219E-01  0.00000000E+00  0.00000000E+00 -9.48633679E-02
    0.267000      1   0.00000000E+00  0.00000000E+00  2.43280389E-03  0.00000000E+00  0.00000000E+00  0.00000000E+00  0.00000000E+00  0.00000000E+00  1.11574158E-01  0.00000000E+00  0.00000000E+00 -9.50615194E-02
    0.268000      1   0.00000000E+00  0.00000000E+00  2.54071678E-03  0.00000000E+00  0.00000000E+00  0.00000000E+00  0.00000000E+00  0.00000000E+00  1.11478913E-01  0.00000000E+00  0.00000000E+00 -9.52446248E-02
    0.269000      1   0.00000000E+00  0.00000000E+00  2.53510862E-03  0.00000000E+00  0.00000000E+00  0.00000000E+00  0.00000000E+00  0.00000000E+00  1.11383515E-01  0.00000000E+00  0.00000000E+00 -9.53977868E-02
    0.270000      1   0.00000000E+00  0.00000000E+00  2.47309418E-03  0.00000000E+00  0.00000000E+00  0.00000000E+00  0.00000000E+00  0.00000000E+00  1.11287999E-01  0.00000000E+00  0.00000000E+00 -9.55165004E-02
    0.271000      1   0.00000000E+00  0.00000000E+00  2.42179395E-03  0.00000000E+00  0.00000000E+00  0.00000000E+00  0.00000000E+00  0.00000000E+00  1.11192351E-01  0.00000000E+00  0.00000000E+00 -9.56480223E-02
    0.272000      1   0.00000000E+00  0.00000000E+00  2.42205802E-03  0.00000000E+00  0.00000000E+00  0.00000000E+00  0.00000000E+00  0.00000000E+00  1.11096542E-01  0.00000000E+00  0.00000000E+00 -9.58089825E-02
    0.273000      1   0.00000000E+00  0.00000000E+00  2.46604217E-03  0.00000000E+00  0.00000000E+00  0.00000000E+00  0.00000000E+00  0.00000000E+00  1.11000555E-01  0.00000000E+00  0.00000000E+00 -9.59867438E-02
    0.274000      1   0.00000000E+00  0.00000000E+00  2.54451527E-03  0.00000000E+00  0.00000000E+00  0.00000000E+00  0.00000000E+00  0.00000000E+00  1.10904398E-01  0.00000000E+00  0.00000000E+00 -9.61566403E-02
    0.275000      1   0.00000000E+00  0.00000000E+00  2.53749208E-03  0.00000000E+00  0.00000000E+00  0.00000000E+00  0.00000000E+00  0.00000000E+00  1.10808100E-01  0.00000000E+00  0.00000000E+00 -9.62982146E-02
    0.276000      1   0.00000000E+00  0.00000000E+00  2.46350205E-03  0.00000000E+00  0.00000000E+00  0.00000000E+00  0.00000000E+00  0.00000000E+00  1.10711685E-01  0.00000000E+00  0.00000000E+00 -9.64152592E-02
    0.277000      1   0.00000000E+00  0.00000000E+00  2.40009474E-03  0.00000000E+00  0.00000000E+00  0.00000000E+00  0.00000000E+00  0.00000000E+00  1.10615137E-01  0.00000000E+00  0.00000000E+00 -9.65476946E-02
    0.278000      1   0.00000000E+00  0.00000000E+00  2.41644747E-03  0.00000000E+00  0.00000000E+00  0.00000000E+00  0.00000000E+00  0.00000000E+00  1.10518422E-01  0.00000000E+00  0.00000000E+00 -9.67156423E-02
    0.279000      1   0.00000000E+00  0.00000000E+00  2.50954273E-03  0.00000000E+00  0.00000000E+00  0.00000000E+00  0.00000000E+00  0.00000000E+00  1.10421520E-01  0.00000000E+00  0.00000000E+00 -9.69015221E-02
    0.280000      1   0.00000000E+00  0.00000000E+00  2.59475427E-03  0.00000000E+00  0.00000000E+00  0.00000000E+00  0.00000000E+00  0.00000000E+00  1.10324454E-01  0.00000000E+00  0.00000000E+00 -9.70655686E-02
    0.281000      1   0.00000000E+00  0.00000000E+00  2.54368206E-03  0.00000000E+00  0.00000000E+00  0.00000000E+00  0.00000000E+00  0.00000000E+00  1.10227271E-01  0.00000000E+00  0.00000000E+00 -9.71839725E-02
    0.282000      1   0.00000000E+00  0.00000000E+00  2.42824598E-03  0.00000000E+00  0.00000000E+00  0.00000000E+00  0.00000000E+00  0.00000000E+00  1.10129987E-01  0.00000000E+00  0.00000000E+00 -9.72834232E-02
    0.283000      1   0.00000000E+00  0.00000000E+00  2.39879389E-03  0.00000000E+00  0.00000000E+00  0.00000000E+00  0.00000000E+00  0.00000000E+00  1.10032567E-01  0.00000000E+00  0.00000000E+00 -9.74200603E-02
    0.284000      1   0.00000000E+00  0.00000000E+00  2.46823284E-03  0.00000000E+00  0.00000000E+00  0.00000000E+00  0.00000000E+00  0.00000000E+00  1.09934967E-01  0.00000000E+00  0.00000000E+00 -9.75998167E-02
    0.285000      1   0.00000000E+00  0.00000000E+00  2.53524404E-03  0.00000000E+00  0.00000000E+00  0.00000000E+00  0.00000000E+00  0.00000000E+00  1.09837190E-01  0.00000000E+00  0.00000000E+00 -9.77769661E-02
    0.286000      1   0.00000000E+00  0.00000000E+00  2.55822116E-03  0.00000000E+00  0.00000000E+00  0.00000000E+00  0.00000000E+00  0.00000000E+00  1.09739271E-01  0.00000000E+00  0.00000000E+00 -9.79194605E-02
    0.287000      1   0.00000000E+00  0.00000000E+00  2.50706893E-03  0.00000000E+00  0.00000000E+00  0.00000000E+00  0.00000000E+00  0.00000000E+00  1.09641235E-01  0.00000000E+00  0.00000000E+00 -9.80358842E-02
    0.288000      1   0.00000000E+00  0.00000000E+00  2.40596848E-03  0.00000000E+00  0.00000000E+00  0.00000000E+00  0.00000000E+00  0.00000000E+00  1.09543081E-01  0.00000000E+00  0.00000000E+00 -9.81538075E-02
    0.289000      1   0.00000000E+00  0.00000000E+00  2.42648799E-03  0.00000000E+00  0.00000000E+00  0.00000000E+00  0.00000000E+00  0.00000000E+00  1.09444775E-01  0.00000000E+00  0.00000000E+00 -9.83064085E-02
    0.290000      1   0.00000000E+00  0.00000000E+00  2.48561506E-03  0.00000000E+00  0.00000000E+00  0.00000000E+00  0.00000000E+00  0.00000000E+00  1.09346286E-01  0.00000000E+00  0.00000000E+00 -9.84885837E-02
    0.291000      1   0.00000000E+00  0.00000000E+00  2.58975742E-03  0.00000000E+00  0.00000000E+00  0.00000000E+00  0.00000000E+00  0.00000000E+00  1.09247633E-01  0.00000000E+00  0.00000000E+00 -9.86535641E-02
    0.292000      1   0.00000000E+00  0.00000000E+00  2.56963399E-03  0.00000000E+00  0.00000000E+00  0.00000000E+00  0.00000000E+00  0.00000000E+00  1.09148852E-01  0.00000000E+00  0.00000000E+00 -9.87807098E-02
    0.293000      1   0.00000000E+00  0.00000000E+00  2.49435346E-03  0.00000000E+00  0.00000000E+00  0.00000000E+00  0.00000000E+00  0.00000000E+00  1.09049975E-01  0.00000000E+00  0.00000000E+00 -9.88772122E-02
    0.294000      1   0.00000000E+00  0.00000000E+00  2.44405543E-03  0.00000000E+00  0.00000000E+00  0.00000000E+00  0.00000000E+00  0.00000000E+00  1.08950981E-01  0.00000000E+00  0.00000000E+00 -9.89936360E-02
    0.295000      1   0.00000000E+00  0.00000000E+00  2.45650140E-03  0.00000000E+00  0.00000000E+00  0.00000000E+00  0.00000000E+00  0.00000000E+00  1.08851837E-01  0.00000000E+00  0.00000000E+00 -9.91436777E-02
    0.296000      1   0.00000000E+00  0.00000000E+00  2.52777246E-03  0.00000000E+00  0.00000000E+00  0.00000000E+00  0.00000000E+00  0.00000000E+00  1.08752529E-01  0.00000000E+00  0.00000000E+00 -9.93080371E-02
    0.297000      1   0.00000000E+00  0.00000000E+00  2.58138017E-03  0.00000000E+00  0.00000000E+00  0.00000000E+00  0.00000000E+00  0.00000000E+00  1.08653074E-01  0.00000000E+00  0.00000000E+00 -9.94557055E-02
    0.298000      1   0.00000000E+00  0.00000000E+00  2.57826403E-03  0.00000000E+00  0.00000000E+00  0.00000000E+00  0.00000000E+00  0.00000000E+00  1.08553503E-01  0.00000000E+00  0.00000000E+00 -9.95704876E-02
    0.299000      1   0.00000000E+00  0.00000000E+00  2.44293269E-03  0.00000000E+00  0.00000000E+00  0.00000000E+00  0.00000000E+00  0.00000000E+00  1.08453835E-01  0.00000000E+00  0.00000000E+00 -9.96682151E-02
    0.300000      1   0.00000000E+00  0.00000000E+00  2.41711726E-03  0.00000000E+00  0.00000000E+00  0.00000000E+00  0.00000000E+00  0.00000000E+00  1.08354044E-01  0.00000000E+00  0.00000000E+00 -9.97908978E-02
    0.301000      1   0.00000000E+00  0.00000000E+00  2.47494598E-03  0.00000000E+00  0.00000000E+00  0.00000000E+00  0.00000000E+00  0.00000000E+00  1.08254081E-01  0.00000000E+00  0.00000000E+00 -9.99625906E-02
    0.302000      1   0.00000000E+00  0.00000000E+00  2.57245752E-03  0.00000000E+00  0.00000000E+00  0.00000000E+00  0.00000000E+00  0.00000000E+00  1.08153949E-01  0.00000000E+00  0.00000000E+00 -1.00132535E-01
    0.303000      1   0.00000000E+00  0.00000000E+00  2.59433894E-03  0.00000000E+00  0.00000000E+00  0.00000000E+00  0.00000000E+00  0.00000000E+00  1.08053683E-01  0.00000000E+00  0.00000000E+00 -1.00266244E-01
    0.304000      1   0.00000000E+00  0.00000000E+00  2.53056354E-03  0.00000000E+00  0.00000000E+00  0.00000000E+00  0.00000000E+00  0.00000000E+00  1.07953319E-01  0.00000000E+00  0.00000000E+00 -1.00364059E-01
    0.305000      1   0.00000000E+00  0.00000000E+00  2.47772046E-03  0.00000000E+00  0.00000000E+00  0.00000000E+00  0.00000000E+00  0.00000000E+00  1.07852853E-01  0.00000000E+00  0.00000000E+00 -1.00465966E-01
    0.306000      1   0.00000000E+00  0.00000000E+00  2.45798424E-03  0.00000000E+00  0.00000000E+00  0.00000000E+00  0.00000000E+00  0.00000000E+00  1.07752254E-01  0.00000000E+00  0.00000000E+00 -1.00598163E-01
    0.307000      1   0.00000000E+00  0.00000000E+00  2.52464906E-03  0.00000000E+00  0.00000000E+00  0.00000000E+00  0.00000000E+00  0.00000000E+00  1.07651503E-01  0.00000000E+00  0.00000000E+00 -1.00751204E-01
    0.308000      1   0.00000000E+00  0.00000000E+00  2.62169060E-03  0.00000000E+00  0.00000000E+00  0.00000000E+00  0.00000000E+00  0.00000000E+00  1.07550604E-01  0.00000000E+00  0.00000000E+00 -1.00898938E-01
    0.309000      1   0.00000000E+00  0.00000000E+00  2.60480385E-03  0.00000000E+00  0.00000000E+00  0.00000000E+00  0.00000000E+00  0.00000000E+00  1.07449597E-01  0.00000000E+00  0.00000000E+00 -1.01007617E-01
    0.310000      1   0.00000000E+00  0.00000000E+00  2.45841562E-03  0.00000000E+00  0.00000000E+00  0.00000000E+00  0.00000000E+00  0.00000000E+00  1.07348509E-01  0.00000000E+00  0.00000000E+00 -1.01087413E-01
    0.311000      1   0.00000000E+00  0.00000000E+00  2.41683296E-03  0.00000000E+00  0.00000000E+00  0.00000000E+00  0.00000000E+00  0.00000000E+00  1.07247311E-01  0.00000000E+00  0.00000000E+00 -1.01198641E-01
    0.312000      1   0.00000000E+00  0.00000000E+00  2.48407565E-03  0.00000000E+00  0.00000000E+00  0.00000000E+00  0.00000000E+00  0.00000000E+00  1.07145945E-01  0.00000000E+00  0.00000000E+00 -1.01365299E-01
    0.313000      1   0.00000000E+00  0.00000000E+00  2.59209954E-03  0.00000000E+00  0.00000000E+00  0.00000000E+00  0.00000000E+00  0.00000000E+00  1.07044412E-01  0.00000000E+00  0.00000000E+00 -1.01533723E-01
    0.314000      1   0.00000000E+00  0.00000000E+00  2.61435523E-03  0.00000000E+00  0.00000000E+00  0.00000000E+00  0.00000000E+00  0.00000000E+00  1.06942751E-01  0.00000000E+00  0.00000000E+00 -1.01660960E-01
    0.315000      1   0.00000000E+00  0.00000000E+00  2.54828020E-03  0.00000000E+00  0.00000000E+00  0.00000000E+00  0.00000000E+00  0.00000000E+00  1.06841002E-01  0.00000000E+00  0.00000000E+00 -1.01748785E-01
    0.316000      1   0.00000000E+00  0.00000000E+00  2.48704010E-03  0.00000000E+00  0.00000000E+00  0.00000000E+00  0.00000000E+00  0.00000000E+00  1.06739161E-01  0.00000000E+00  0.00000000E+00 -1.01840985E-01
    0.317000      1   0.00000000E+00  0.00000000E+00  2.47954119E-03  0.00000000E+00  0.00000000E+00  0.00000000E+00  0.00000000E+00  0.00000000E+00  1.06637195E-01  0.00000000E+00  0.00000000E+00 -1.01965715E-01
    0.318000      1   0.00000000E+00  0.00000000E+00  2.53715637E-03  0.00000000E+00  0.00000000E+00  0.00000000E+00  0.00000000E+00  0.00000000E+00  1.06535083E-01  0.00000000E+00  0.00000000E+00 -1.02111883E-01
    0.319000      1   0.00000000E+00  0.00000000E+00  2.61521307E-03  0.00000000E+00  0.00000000E+00  0.00000000E+00  0.00000000E+00  0.00000000E+00  1.06432833E-01  0.00000000E+00  0.00000000E+00 -1.02250326E-01
    0.320000      1   0.00000000E+00  0.00000000E+00  2.61742533E-03  0.00000000E+00  0.00000000E+00  0.00000000E+00  0.00000000E+00  0.00000000E+00  1.06330477E-01  0.00000000E+00  0.00000000E+00 -1.02356043E-01
    0.321000      1   0.00000000E+00  0.00000000E+00  2.47326342E-03  0.00000000E+00  0.00000000E+00  0.00000000E+00  0.00000000E+00  0.00000000E+00  1.06228041E-01  0.00000000E+00  0.00000000E+00 -1.02435734E-01
    0.322000      1   0.00000000E+00  0.00000000E+00  2.44326584E-03  0.00000000E+00  0.00000000E+00  0.00000000E+00  0.00000000E+00  0.00000000E+00  1.06125501E-01  0.00000000E+00  0.00000000E+00 -1.02540192E-01
    0.323000      1   0.00000000E+00  0.00000000E+00  2.48326820E-03  0.00000000E+00  0.00000000E+00  0.00000000E+00  0.00000000E+00  0.00000000E+00  1.06022804E-01  0.00000000E+00  0.00000000E+00 -1.02697300E-01
    0.324000      1   0.00000000E+00  0.00000000E+00  2.63266328E-03  0.00000000E+00  0.00000000E+00  0.00000000E+00  0.00000000E+00  0.00000000E+00  1.05919946E-01  0.00000000E+00  0.00000000E+00 -1.02857185E-01
    0.325000      1   0.00000000E+00  0.00000000E+00  2.63977795E-03  0.00000000E+00  0.00000000E+00  0.00000000E+00  0.00000000E+00  0.00000000E+00  1.05816969E-01  0.00000000E+00  0.00000000E+00 -1.02977514E-01
    0.326000      1   0.00000000E+00  0.00000000E+00  2.55489782E-03  0.00000000E+00  0.00000000E+00  0.00000000E+00  0.00000000E+00  0.00000000E+00  1.05713921E-01  0.00000000E+00  0.00000000E+00 -1.03047521E-01
    0.327000      1   0.00000000E+00  0.00000000E+00  2.49275479E-03  0.00000000E+00  0.00000000E+00  0.00000000E+00  0.00000000E+00  0.00000000E+00  1.05610791E-01  0.00000000E+00  0.00000000E+00 -1.03130202E-01
    0.328000      1   0.00000000E+00  0.00000000E+00  2.50042150E-03  0.00000000E+00  0.00000000E+00  0.00000000E+00  0.00000000E+00  0.00000000E+00  1.05507539E-01  0.00000000E+00  0.00000000E+00 -1.03251748E-01
    0.329000      1   0.00000000E+00  0.00000000E+00  2.55689847E-03  0.00000000E+00  0.00000000E+00  0.00000000E+00  0.00000000E+00  0.00000000E+00  1.05404147E-01  0.00000000E+00  0.00000000E+00 -1.03392347E-01
    0.330000      1   0.00000000E+00  0.00000000E+00  2.61563912E-03  0.00000000E+00  0.00000000E+00  0.00000000E+00  0.00000000E+00  0.00000000E+00  1.05300627E-01  0.00000000E+00  0.00000000E+00 -1.03520441E-01
    0.331000      1   0.00000000E+00  0.00000000E+00  2.58581749E-03  0.00000000E+00  0.00000000E+00  0.00000000E+00  0.00000000E+00  0.00000000E+00  1.05197007E-01  0.00000000E+00  0.00000000E+00 -1.03619599E-01
    0.332000      1   0.00000000E+00  0.00000000E+00  2.46715935E-03  0.00000000E+00  0.00000000E+00  0.00000000E+00  0.00000000E+00  0.00000000E+00  1.05093302E-01  0.00000000E+00  0.00000000E+00 -1.03704740E-01
    0.333000      1   0.00000000E+00  0.00000000E+00  2.48928851E-03  0.00000000E+00  0.00000000E+00  0.00000000E+00  0.00000000E+00  0.00000000E+00  1.04989482E-01  0.00000000E+00  0.00000000E+00 -1.03820658E-01
    0.334000      1   0.00000000E+00  0.00000000E+00  2.56154198E-03  0.00000000E+00  0.00000000E+00  0.00000000E+00  0.00000000E+00  0.00000000E+00  1.04885510E-01  0.00000000E+00  0.00000000E+00 -1.03971631E-01
    0.335000      1   0.00000000E+00  0.00000000E+00  2.68054648E-03  0.00000000E+00  0.00000000E+00  0.00000000E+00  0.00000000E+00  0.00000000E+00  1.04781407E-01  0.00000000E+00  0.00000000E+00 -1.04102560E-01
    0.336000      1   0.00000000E+00  0.00000000E+00  2.62216480E-03  0.00000000E+00  0.00000000E+00  0.00000000E+00  0.00000000E+00  0.00000000E+00  1.04677219E-01  0.00000000E+00  0.00000000E+00 -1.04188716E-01
    0.337000      1   0.00000000E+00  0.00000000E+00  2.51267289E-03  0.00000000E+00  0.00000000E+00  0.00000000E+00  0.00000000E+00  0.00000000E+00  1.04572973E-01  0.00000000E+00  0.00000000E+00 -1.04246112E-01
    0.338000      1   0.00000000E+00  0.00000000E+00  2.46930470E-03  0.00000000E+00  0.00000000E+00  0.00000000E+00  0.00000000E+00  0.00000000E+00  1.04468631E-01  0.00000000E+00  0.00000000E+00 -1.04342044E-01
    0.339000      1   0.00000000E+00  0.00000000E+00  2.53529433E-03  0.00000000E+00  0.00000000E+00  0.00000000E+00  0.00000000E+00  0.00000000E+00  1.04364149E-01  0.00000000E+00  0.00000000E+00 -1.04481605E-01
    0.340000      1   0.00000000E+00  0.00000000E+00  2.61729683E-03  0.00000000E+00  0.00000000E+00  0.00000000E+00  0.00000000E+00  0.00000000E+00  1.04259525E-01  0.00000000E+00  0.00000000E+00 -1.04623738E-01
    0.341000      1   0.00000000E+00  0.00000000E+00  2.64269216E-03  0.00000000E+00  0.00000000E+00  0.00000000E+00  0.00000000E+00  0.00000000E+00  1.04154796E-01  0.00000000E+00  0.00000000E+00 -1.04729698E-01
    0.342000      1   0.00000000E+00  0.00000000E+00  2.57025631E-03  0.00000000E+00  0.00000000E+00  0.00000000E+00  0.00000000E+00  0.00000000E+00  1.04049991E-01  0.00000000E+00  0.00000000E+00 -1.04804237E-01
    0.343000      1   0.00000000E+00  0.00000000E+00  2.51064801E-03  0.00000000E+00  0.00000000E+00  0.00000000E+00  0.00000000E+00  0.00000000E+00  1.03945108E-01  0.00000000E+00  0.00000000E+00 -1.04883245E-01
    0.344000      1   0.00000000E+00  0.00000000E+00  2.50309696E-03  0.00000000E+00  0.00000000E+00  0.00000000E+00  0.00000000E+00  0.00000000E+00  1.03840112E-01  0.00000000E+00  0.00000000E+00 -1.04996583E-01
    0.345000      1   0.00000000E+00  0.00000000E+00  2.59912382E-03  0.00000000E+00  0.00000000E+00  0.00000000E+00  0.00000000E+00  0.00000000E+00  1.03734981E-01  0.00000000E+00  0.00000000E+00 -1.05130832E-01
    0.346000      1   0.00000000E+00  0.00000000E+00  2.64902500E-03  0.00000000E+00  0.00000000E+00  0.00000000E+00  0.00000000E+00  0.00000000E+00  1.03629730E-01  0.00000000E+00  0.00000000E+00 -1.05250580E-01
    0.347000      1   0.00000000E+00  0.00000000E+00  2.60904253E-03  0.00000000E+00  0.00000000E+00  0.00000000E+00  0.00000000E+00  0.00000000E+00  1.03524400E-01  0.00000000E+00  0.00000000E+00 -1.05329967E-01
    0.348000      1   0.00000000E+00  0.00000000E+00  2.51200155E-03  0.00000000E+00  0.00000000E+00  0.00000000E+00  0.00000000E+00  0.00000000E+00  1.03419000E-01  0.00000000E+00  0.00000000E+00 -1.05400036E-01
    0.349000      1   0.00000000E+00  0.00000000E+00  2.51225407E-03  0.00000000E+00  0.00000000E+00  0.00000000E+00  0.00000000E+00  0.00000000E+00  1.03313500E-01  0.00000000E+00  0.00000000E+00 -1.05500397E-01
    0.350000      1   0.00000000E+00  0.00000000E+00  2.57483871E-03  0.00000000E+00  0.00000000E+00  0.00000000E+00  0.00000000E+00  0.00000000E+00  1.03207867E-01  0.00000000E+00  0.00000000E+00 -1.05632582E-01
    0.351000      1   0.00000000E+00  0.00000000E+00  2.65844461E-03  0.00000000E+00  0.00000000E+00  0.00000000E+00  0.00000000E+00  0.00000000E+00  1.03102114E-01  0.00000000E+00  0.00000000E+00 -1.05753618E-01
    0.352000      1   0.00000000E+00  0.00000000E+00  2.65521340E-03  0.00000000E+00  0.00000000E+00  0.00000000E+00  0.00000000E+00  0.00000000E+00  1.02996274E-01  0.00000000E+00  0.00000000E+00 -1.05839314E-01
    0.353000      1   0.00000000E+00  0.00000000E+00  2.50674002E-03  0.00000000E+00  0.00000000E+00  0.00000000E+00  0.00000000E+00  0.00000000E+00  1.02890376E-01  0.00000000E+00  0.00000000E+00 -1.05898125E-01
    0.354000      1   0.00000000E+00  0.00000000E+00  2.48606210E-03  0.00000000E+00  0.00000000E+00  0.00000000E+00  0.00000000E+00  0.00000000E+00  1.02784392E-01  0.00000000E+00  0.00000000E+00 -1.05984253E-01
    0.355000      1   0.00000000E+00  0.00000000E+00  2.53730642E-03  0.00000000E+00  0.00000000E+00  0.00000000E+00  0.00000000E+00  0.00000000E+00  1.02678269E-01  0.00000000E+00  0.00000000E+00 -1.06122798E-01
    0.356000      1   0.00000000E+00  0.00000000E+00  2.68177569E-03  0.00000000E+00  0.00000000E+00  0.00000000E+00  0.00000000E+00  0.00000000E+00  1.02572010E-01  0.00000000E+00  0.00000000E+00 -1.06259073E-01
    0.357000      1   0.00000000E+00  0.00000000E+00  2.65578648E-03  0.00000000E+00  0.00000000E+00  0.00000000E+00  0.00000000E+00  0.00000000E+00  1.02465657E-01  0.00000000E+00  0.00000000E+00 -1.06352970E-01
    0.358000      1   0.00000000E+00  0.00000000E+00  2.56901391E-03  0.00000000E+00  0.00000000E+00  0.00000000E+00  0.00000000E+00  0.00000000E+00  1.02359253E-01  0.00000000E+00  0.00000000E+00 -1.06404017E-01
    0.359000      1   0.00000000E+00  0.00000000E+00  2.50206222E-03  0.00000000E+00  0.00000000E+00  0.00000000E+00  0.00000000E+00  0.00000000E+00  1.02252774E-01  0.00000000E+00  0.00000000E+00 -1.06478944E-01
    0.360000      1   0.00000000E+00  0.00000000E+00  2.54349043E-03  0.00000000E+00  0.00000000E+00  0.00000000E+00  0.00000000E+00  0.00000000E+00  1.02146180E-01  0.00000000E+00  0.00000000E+00 -1.06594208E-01
    0.361000      1   0.00000000E+00  0.00000000E+00  2.61756987E-03  0.00000000E+00  0.00000000E+00  0.00000000E+00  0.00000000E+00  0.00000000E+00  1.02039456E-01  0.00000000E+00  0.00000000E+00 -1.06724134E-01
    0.362000      1   0.00000000E+00  0.00000000E+00  2.66791575E-03  0.00000000E+00  0.00000000E+00  0.00000000E+00  0.00000000E+00  0.00000000E+00  1.01932628E-01  0.00000000E+00  0.00000000E+00 -1.06827355E-01
    0.363000      1   0.00000000E+00  0.00000000E+00  2.60792456E-03  0.00000000E+00  0.00000000E+00  0.00000000E+00  0.00000000E+00  0.00000000E+00  1.01825731E-01  0.00000000E+00  0.00000000E+00 -1.06897343E-01
    0.364000      1   0.00000000E+00  0.00000000E+00  2.53168527E-03  0.00000000E+00  0.00000000E+00  0.00000000E+00  0.00000000E+00  0.00000000E+00  1.01718770E-01  0.00000000E+00  0.00000000E+00 -1.06961406E-01
    0.365000      1   0.00000000E+00  0.00000000E+00  2.53470022E-03  0.00000000E+00  0.00000000E+00  0.00000000E+00  0.00000000E+00  0.00000000E+00  1.01611711E-01  0.00000000E+00  0.00000000E+00 -1.07058653E-01
    0.366000      1   0.00000000E+00  0.00000000E+00  2.61993395E-03  0.00000000E+00  0.00000000E+00  0.00000000E+00  0.00000000E+00  0.00000000E+00  1.01504531E-01  0.00000000E+00  0.00000000E+00 -1.07180405E-01
    0.367000      1   0.00000000E+00  0.00000000E+00  2.66116570E-03  0.00000000E+00  0.00000000E+00  0.00000000E+00  0.00000000E+00  0.00000000E+00  1.01397244E-01  0.00000000E+00  0.00000000E+00 -1.07286094E-01
    0.368000      1   0.00000000E+00  0.00000000E+00  2.62294196E-03  0.00000000E+00  0.00000000E+00  0.00000000E+00  0.00000000E+00  0.00000000E+00  1.01289888E-01  0.00000000E+00  0.00000000E+00 -1.07356499E-01
    0.369000      1   0.00000000E+00  0.00000000E+00  2.55905241E-03  0.00000000E+00  0.00000000E+00  0.00000000E+00  0.00000000E+00  0.00000000E+00  1.01182468E-01  0.00000000E+00  0.00000000E+00 -1.07420123E-01
    0.370000      1   0.00000000E+00  0.00000000E+00  2.53335312E-03  0.00000000E+00  0.00000000E+00  0.00000000E+00  0.00000000E+00  0.00000000E+00  1.01074960E-01  0.00000000E+00  0.00000000E+00 -1.07507599E-01
    0.371000      1   0.00000000E+00  0.00000000E+00  2.59803731E-03  0.00000000E+00  0.00000000E+00  0.00000000E+00  0.00000000E+00  0.00000000E+00  1.00967340E-01  0.00000000E+00  0.00000000E+00 -1.07620601E-01
    0.372000      1   0.00000000E+00  0.00000000E+00  2.65317440E-03  0.00000000E+00  0.00000000E+00  0.00000000E+00  0.00000000E+00  0.00000000E+00  1.00859609E-01  0.00000000E+00  0.00000000E+00 -1.07730604E-01
    0.373000      1   0.00000000E+00  0.00000000E+00  2.64263082E-03  0.00000000E+00  0.00000000E+00  0.00000000E+00  0.00000000E+00  0.00000000E+00  1.00751799E-01  0.00000000E+00  0.00000000E+00 -1.07809614E-01
    0.374000      1   0.00000000E+00  0.00000000E+00  2.51924334E-03  0.00000000E+00  0.00000000E+00  0.00000000E+00  0.00000000E+00  0.00000000E+00  1.00643927E-01  0.00000000E+00  0.00000000E+00 -1.07872381E-01
    0.375000      1   0.00000000E+00  0.00000000E+00  2.53939439E-03  0.00000000E+00  0.00000000E+00  0.00000000E+00  0.00000000E+00  0.00000000E+00  1.00535967E-01  0.00000000E+00  0.00000000E+00 -1.07960430E-01
    0.376000      1   0.00000000E+00  0.00000000E+00  2.62064623E-03  0.00000000E+00  0.00000000E+00  0.00000000E+00  0.00000000E+00  0.00000000E+00  1.00427881E-01  0.00000000E+00  0.00000000E+00 -1.08085438E-01
    0.377000      1   0.00000000E+00  0.00000000E+00  2.70710650E-03  0.00000000E+00  0.00000000E+00  0.00000000E+00  0.00000000E+00  0.00000000E+00  1.00319692E-01  0.00000000E+00  0.00000000E+00 -1.08189459E-01
    0.378000      1   0.00000000E+00  0.00000000E+00  2.66600332E-03  0.00000000E+00  0.00000000E+00  0.00000000E+00  0.00000000E+00  0.00000000E+00  1.00211440E-01  0.00000000E+00  0.00000000E+00 -1.08251507E-01
    0.379000      1   0.00000000E+00  0.00000000E+00  2.52784928E-03  0.00000000E+00  0.00000000E+00  0.00000000E+00  0.00000000E+00  0.00000000E+00  1.00103148E-01  0.00000000E+00  0.00000000E+00 -1.08292428E-01
    0.380000      1   0.00000000E+00  0.00000000E+00  2.53201213E-03  0.00000000E+00  0.00000000E+00  0.00000000E+00  0.00000000E+00  0.00000000E+00  9.99947764E-02  0.00000000E+00  0.00000000E+00 -1.08371280E-01
    0.381000      1   0.00000000E+00  0.00000000E+00  2.59209188E-03  0.00000000E+00  0.00000000E+00  0.00000000E+00  0.00000000E+00  0.00000000E+00  9.98862817E-02  0.00000000E+00  0.00000000E+00 -1.08494767E-01
    0.382000      1   0.00000000E+00  0.00000000E+00  2.70728163E-03  0.00000000E+00  0.00000000E+00  0.00000000E+00  0.00000000E+00  0.00000000E+00  9.97776754E-02  0.00000000E+00  0.00000000E+00 -1.08606262E-01
    0.383000      1   0.00000000E+00  0.00000000E+00  2.70251434E-03  0.00000000E+00  0.00000000E+00  0.00000000E+00  0.00000000E+00  0.00000000E+00  9.96689978E-02  0.00000000E+00  0.00000000E+00 -1.08677656E-01
    0.384000      1   0.00000000E+00  0.00000000E+00  2.53324404E-03  0.00000000E+00  0.00000000E+00  0.00000000E+00  0.00000000E+00  0.00000000E+00  9.95602857E-02  0.00000000E+00  0.00000000E+00 -1.08712064E-01
    0.385000      1   0.00000000E+00  0.00000000E+00  2.50824281E-03  0.00000000E+00  0.00000000E+00  0.00000000E+00  0.00000000E+00  0.00000000E+00  9.94515077E-02  0.00000000E+00  0.00000000E+00 -1.08777970E-01
    0.386000      1   0.00000000E+00  0.00000000E+00  2.57006280E-03  0.00000000E+00  0.00000000E+00  0.00000000E+00  0.00000000E+00  0.00000000E+00  9.93426038E-02  0.00000000E+00  0.00000000E+00 -1.08903889E-01
    0.387000      1   0.00000000E+00  0.00000000E+00  2.73339308E-03  0.00000000E+00  0.00000000E+00  0.00000000E+00  0.00000000E+00  0.00000000E+00  9.92335768E-02  0.00000000E+00  0.00000000E+00 -1.09027086E-01
    0.388000      1   0.00000000E+00  0.00000000E+00  2.69309727E-03  0.00000000E+00  0.00000000E+00  0.00000000E+00  0.00000000E+00  0.00000000E+00  9.91244757E-02  0.00000000E+00  0.00000000E+00 -1.09101098E-01
    0.389000      1   0.00000000E+00  0.00000000E+00  2.57322858E-03  0.00000000E+00  0.00000000E+00  0.00000000E+00  0.00000000E+00  0.00000000E+00  9.90153471E-02  0.00000000E+00  0.00000000E+00 -1.09128595E-01
    0.390000      1   0.00000000E+00  0.00000000E+00  2.52450540E-03  0.00000000E+00  0.00000000E+00  0.00000000E+00  0.00000000E+00  0.00000000E+00  9.89061565E-02  0.00000000E+00  0.00000000E+00 -1.09190523E-01
    0.391000      1   0.00000000E+00  0.00000000E+00  2.55098770E-03  0.00000000E+00  0.00000000E+00  0.00000000E+00  0.00000000E+00  0.00000000E+00  9.87968561E-02  0.00000000E+00  0.00000000E+00 -1.09300435E-01
    0.392000      1   0.00000000E+00  0.00000000E+00  2.70147738E-03  0.00000000E+00  0.00000000E+00  0.00000000E+00  0.00000000E+00  0.00000000E+00  9.86874344E-02  0.00000000E+00  0.00000000E+00 -1.09421664E-01
    0.393000      1   0.00000000E+00  0.00000000E+00  2.71669392E-03  0.00000000E+00  0.00000000E+00  0.00000000E+00  0.00000000E+00  0.00000000E+00  9.85779269E-02  0.00000000E+00  0.00000000E+00 -1.09507584E-01
    0.394000      1   0.00000000E+00  0.00000000E+00  2.59467826E-03  0.00000000E+00  0.00000000E+00  0.00000000E+00  0.00000000E+00  0.00000000E+00  9.84683855E-02  0.00000000E+00  0.00000000E+00 -1.09541390E-01
    0.395000      1   0.00000000E+00  0.00000000E+00  2.51315842E-03  0.00000000E+00  0.00000000E+00  0.00000000E+00  0.00000000E+00  0.00000000E+00  9.83587937E-02  0.00000000E+00  0.00000000E+00 -1.09591776E-01
    0.396000      1   0.00000000E+00  0.00000000E+00  2.55792084E-03  0.00000000E+00  0.00000000E+00  0.00000000E+00  0.00000000E+00  0.00000000E+00  9.82490970E-02  0.00000000E+00  0.00000000E+00 -1.09696649E-01
    0.397000      1   0.00000000E+00  0.00000000E+00  2.69471354E-03  0.00000000E+00  0.00000000E+00  0.00000000E+00  0.00000000E+00  0.00000000E+00  9.81392767E-02  0.00000000E+00  0.00000000E+00 -1.09820379E-01
    0.398000      1   0.00000000E+00  0.00000000E+00  2.71065038E-03  0.00000000E+00  0.00000000E+00  0.00000000E+00  0.00000000E+00  0.00000000E+00  9.80293714E-02  0.00000000E+00  0.00000000E+00 -1.09905218E-01
    0.399000      1   0.00000000E+00  0.00000000E+00  2.62782039E-03  0.00000000E+00  0.00000000E+00  0.00000000E+00  0.00000000E+00  0.00000000E+00  9.79194291E-02  0.00000000E+00  0.00000000E+00 -1.09942314E-01
    0.400000      1   0.00000000E+00  0.00000000E+00  2.54770778E-03  0.00000000E+00  0.00000000E+00  0.00000000E+00  0.00000000E+00  0.00000000E+00  9.78094403E-02  0.00000000E+00  0.00000000E+00 -1.09988824E-01
    0.401000      1   0.00000000E+00  0.00000000E+00  2.57938320E-03  0.00000000E+00  0.00000000E+00  0.00000000E+00  0.00000000E+00  0.00000000E+00  9.76993636E-02  0.00000000E+00  0.00000000E+00 -1.10076704E-01
    0.402000      1   0.00000000E+00  0.00000000E+00  2.66992041E-03  0.00000000E+00  0.00000000E+00  0.00000000E+00  0.00000000E+00  0.00000000E+00  9.75891783E-02  0.00000000E+00  0.00000000E+00 -1.10185292E-01
    0.403000      1   0.00000000E+00  0.00000000E+00  2.71824778E-03  0.00000000E+00  0.00000000E+00  0.00000000E+00  0.00000000E+00  0.00000000E+00  9.74789108E-02  0.00000000E+00  0.00000000E+00 -1.10267467E-01
    0.404000      1   0.00000000E+00  0.00000000E+00  2.61312639E-03  0.00000000E+00  0.00000000E+00  0.00000000E+00  0.00000000E+00  0.00000000E+00  9.73685995E-02  0.00000000E+00  0.00000000E+00 -1.10311362E-01
    0.405000      1   0.00000000E+00  0.00000000E+00  2.54658131E-03  0.00000000E+00  0.00000000E+00  0.00000000E+00  0.00000000E+00  0.00000000E+00  9.72582415E-02  0.00000000E+00  0.00000000E+00 -1.10357975E-01
    0.406000      1   0.00000000E+00  0.00000000E+00  2.56462113E-03  0.00000000E+00  0.00000000E+00  0.00000000E+00  0.00000000E+00  0.00000000E+00  9.71477906E-02  0.00000000E+00  0.00000000E+00 -1.10450879E-01
    0.407000      1   0.00000000E+00  0.00000000E+00  2.68261492E-03  0.00000000E+00  0.00000000E+00  0.00000000E+00  0.00000000E+00  0.00000000E+00  9.70372282E-02  0.00000000E+00  0.00000000E+00 -1.10562448E-01
    0.408000      1   0.00000000E+00  0.00000000E+00  2.71425940E-03  0.00000000E+00  0.00000000E+00  0.00000000E+00  0.00000000E+00  0.00000000E+00  9.69265809E-02  0.00000000E+00  0.00000000E+00 -1.10647226E-01
    0.409000      1   0.00000000E+00  0.00000000E+00  2.63953272E-03  0.00000000E+00  0.00000000E+00  0.00000000E+00  0.00000000E+00  0.00000000E+00  9.68158933E-02  0.00000000E+00  0.00000000E+00 -1.10687657E-01
    0.410000      1   0.00000000E+00  0.00000000E+00  2.57593887E-03  0.00000000E+00  0.00000000E+00  0.00000000E+00  0.00000000E+00  0.00000000E+00  9.67051624E-02  0.00000000E+00  0.00000000E+00 -1.10730910E-01
    0.411000      1   0.00000000E+00  0.00000000E+00  2.58510932E-03  0.00000000E+00  0.00000000E+00  0.00000000E+00  0.00000000E+00  0.00000000E+00  9.65943524E-02  0.00000000E+00  0.00000000E+00 -1.10809951E-01
    0.412000      1   0.00000000E+00  0.00000000E+00  2.64439482E-03  0.00000000E+00  0.00000000E+00  0.00000000E+00  0.00000000E+00  0.00000000E+00  9.64834442E-02  0.00000000E+00  0.00000000E+00 -1.10908255E-01
    0.413000      1   0.00000000E+00  0.00000000E+00  2.71474168E-03  0.00000000E+00  0.00000000E+00  0.00000000E+00  0.00000000E+00  0.00000000E+00  9.63724511E-02  0.00000000E+00  0.00000000E+00 -1.10993063E-01
    0.414000      1   0.00000000E+00  0.00000000E+00  2.64134898E-03  0.00000000E+00  0.00000000E+00  0.00000000E+00  0.00000000E+00  0.00000000E+00  9.62614052E-02  0.00000000E+00  0.00000000E+00 -1.11045961E-01
    0.415000      1   0.00000000E+00  0.00000000E+00  2.57388062E-03  0.00000000E+00  0.00000000E+00  0.00000000E+00  0.00000000E+00  0.00000000E+00  9.61503164E-02  0.00000000E+00  0.00000000E+00 -1.11088735E-01
    0.416000      1   0.00000000E+00  0.00000000E+00  2.57206951E-03  0.00000000E+00  0.00000000E+00  0.00000000E+00  0.00000000E+00  0.00000000E+00  9.60391489E-02  0.00000000E+00  0.00000000E+00 -1.11167543E-01
    0.417000      1   0.00000000E+00  0.00000000E+00  2.66574284E-03  0.00000000E+00  0.00000000E+00  0.00000000E+00  0.00000000E+00  0.00000000E+00  9.59278800E-02  0.00000000E+00  0.00000000E+00 -1.11268829E-01
    0.418000      1   0.00000000E+00  0.00000000E+00  2.72183544E-03  0.00000000E+00  0.00000000E+00  0.00000000E+00  0.00000000E+00  0.00000000E+00  9.58165259E-02  0.00000000E+00  0.00000000E+00 -1.11354145E-01
    0.419000      1   0.00000000E+00  0.00000000E+00  2.65776727E-03  0.00000000E+00  0.00000000E+00  0.00000000E+00  0.00000000E+00  0.00000000E+00  9.57051271E-02  0.00000000E+00  0.00000000E+00 -1.11398777E-01
    0.420000      1   0.00000000E+00  0.00000000E+00  2.58700260E-03  0.00000000E+00  0.00000000E+00  0.00000000E+00  0.00000000E+00  0.00000000E+00  9.55936908E-02  0.00000000E+00  0.00000000E+00 -1.11436318E-01
    0.421000      1   0.00000000E+00  0.00000000E+00  2.59173100E-03  0.00000000E+00  0.00000000E+00  0.00000000E+00  0.00000000E+00  0.00000000E+00  9.54821834E-02  0.00000000E+00  0.00000000E+00 -1.11507413E-01
    0.422000      1   0.00000000E+00  0.00000000E+00  2.66467801E-03  0.00000000E+00  0.00000000E+00  0.00000000E+00  0.00000000E+00  0.00000000E+00  9.53705825E-02  0.00000000E+00  0.00000000E+00 -1.11600913E-01
    0.423000      1   0.00000000E+00  0.00000000E+00  2.71952826E-03  0.00000000E+00  0.00000000E+00  0.00000000E+00  0.00000000E+00  0.00000000E+00  9.52589025E-02  0.00000000E+00  0.00000000E+00 -1.11679960E-01
    0.424000      1   0.00000000E+00  0.00000000E+00  2.63891105E-03  0.00000000E+00  0.00000000E+00  0.00000000E+00  0.00000000E+00  0.00000000E+00  9.51471772E-02  0.00000000E+00  0.00000000E+00 -1.11725350E-01
    0.425000      1   0.00000000E+00  0.00000000E+00  2.57338761E-03  0.00000000E+00  0.00000000E+00  0.00000000E+00  0.00000000E+00  0.00000000E+00  9.50354102E-02  0.00000000E+00  0.00000000E+00 -1.11766983E-01
    0.426000      1   0.00000000E+00  0.00000000E+00  2.58071631E-03  0.00000000E+00  0.00000000E+00  0.00000000E+00  0.00000000E+00  0.00000000E+00  9.49235635E-02  0.00000000E+00  0.00000000E+00 -1.11846679E-01
    0.427000      1   0.00000000E+00  0.00000000E+00  2.69993176E-03  0.00000000E+00  0.00000000E+00  0.00000000E+00  0.00000000E+00  0.00000000E+00  9.48116169E-02  0.00000000E+00  0.00000000E+00 -1.11946597E-01
    0.428000      1   0.00000000E+00  0.00000000E+00  2.73804937E-03  0.00000000E+00  0.00000000E+00  0.00000000E+00  0.00000000E+00  0.00000000E+00  9.46995939E-02  0.00000000E+00  0.00000000E+00 -1.12023027E-01
    0.429000      1   0.00000000E+00  0.00000000E+00  2.64510772E-03  0.00000000E+00  0.00000000E+00  0.00000000E+00  0.00000000E+00  0.00000000E+00  9.45875403E-02  0.00000000E+00  0.00000000E+00 -1.12053565E-01
    0.430000      1   0.00000000E+00  0.00000000E+00  2.57518470E-03  0.00000000E+00  0.00000000E+00  0.00000000E+00  0.00000000E+00  0.00000000E+00  9.44754523E-02  0.00000000E+00  0.00000000E+00 -1.12088019E-01
    0.431000      1   0.00000000E+00  0.00000000E+00  2.60177055E-03  0.00000000E+00  0.00000000E+00  0.00000000E+00  0.00000000E+00  0.00000000E+00  9.43632869E-02  0.00000000E+00  0.00000000E+00 -1.12165362E-01
    0.432000      1   0.00000000E+00  0.00000000E+00  2.68998990E-03  0.00000000E+00  0.00000000E+00  0.00000000E+00  0.00000000E+00  0.00000000E+00  9.42510260E-02  0.00000000E+00  0.00000000E+00 -1.12260967E-01
    0.433000      1   0.00000000E+00  0.00000000E+00  2.73501991E-03  0.00000000E+00  0.00000000E+00  0.00000000E+00  0.00000000E+00  0.00000000E+00  9.41386937E-02  0.00000000E+00  0.00000000E+00 -1.12332241E-01
    0.434000      1   0.00000000E+00  0.00000000E+00  2.64707531E-03  0.00000000E+00  0.00000000E+00  0.00000000E+00  0.00000000E+00  0.00000000E+00  9.40263271E-02  0.00000000E+00  0.00000000E+00 -1.12366579E-01
    0.435000      1   0.00000000E+00  0.00000000E+00  2.55503209E-03  0.00000000E+00  0.00000000E+00  0.00000000E+00  0.00000000E+00  0.00000000E+00  9.39139255E-02  0.00000000E+00  0.00000000E+00 -1.12401680E-01
    0.436000      1   0.00000000E+00  0.00000000E+00  2.57166112E-03  0.00000000E+00  0.00000000E+00  0.00000000E+00  0.00000000E+00  0.00000000E+00  9.38014435E-02  0.00000000E+00  0.00000000E+00 -1.12481941E-01
    0.437000      1   0.00000000E+00  0.00000000E+00  2.74938561E-03  0.00000000E+00  0.00000000E+00  0.00000000E+00  0.00000000E+00  0.00000000E+00  9.36888540E-02  0.00000000E+00  0.00000000E+00 -1.12589489E-01
    0.438000      1   0.00000000E+00  0.00000000E+00  2.73984591E-03  0.00000000E+00  0.00000000E+00  0.00000000E+00  0.00000000E+00  0.00000000E+00  9.35761939E-02  0.00000000E+00  0.00000000E+00 -1.12660147E-01
    0.439000      1   0.00000000E+00  0.00000000E+00  2.64609090E-03  0.00000000E+00  0.00000000E+00  0.00000000E+00  0.00000000E+00  0.00000000E+00  9.34635198E-02  0.00000000E+00  0.00000000E+00 -1.12674126E-01
    0.440000      1   0.00000000E+00  0.00000000E+00  2.57417427E-03  0.00000000E+00  0.00000000E+00  0.00000000E+00  0.00000000E+00  0.00000000E+00  9.33508120E-02  0.00000000E+00  0.00000000E+00 -1.12707816E-01
    0.441000      1   0.00000000E+00  0.00000000E+00  2.58940762E-03  0.00000000E+00  0.00000000E+00  0.00000000E+00  0.00000000E+00  0.00000000E+00  9.32380269E-02  0.00000000E+00  0.00000000E+00 -1.12785015E-01
    0.442000      1   0.00000000E+00  0.00000000E+00  2.73120672E-03  0.00000000E+00  0.00000000E+00  0.00000000E+00  0.00000000E+00  0.00000000E+00  9.31251438E-02  0.00000000E+00  0.00000000E+00 -1.12883138E-01
    0.443000      1   0.00000000E+00  0.00000000E+00  2.76610774E-03  0.00000000E+00  0.00000000E+00  0.00000000E+00  0.00000000E+00  0.00000000E+00  9.30121926E-02  0.00000000E+00  0.00000000E+00 -1.12951183E-01
    0.444000      1   0.00000000E+00  0.00000000E+00  2.61838960E-03  0.00000000E+00  0.00000000E+00  0.00000000E+00  0.00000000E+00  0.00000000E+00  9.28992261E-02  0.00000000E+00  0.00000000E+00 -1.12966487E-01
    0.445000      1   0.00000000E+00  0.00000000E+00  2.54970887E-03  0.00000000E+00  0.00000000E+00  0.00000000E+00  0.00000000E+00  0.00000000E+00  9.27862297E-02  0.00000000E+00  0.00000000E+00 -1.12996452E-01
    0.446000      1   0.00000000E+00  0.00000000E+00  2.60851258E-03  0.00000000E+00  0.00000000E+00  0.00000000E+00  0.00000000E+00  0.00000000E+00  9.26731426E-02  0.00000000E+00  0.00000000E+00 -1.13087075E-01
    0.447000      1   0.00000000E+00  0.00000000E+00  2.78302925E-03  0.00000000E+00  0.00000000E+00  0.00000000E+00  0.00000000E+00  0.00000000E+00  9.25599527E-02  0.00000000E+00  0.00000000E+00 -1.13189854E-01
    0.448000      1   0.00000000E+00  0.00000000E+00  2.76769115E-03  0.00000000E+00  0.00000000E+00  0.00000000E+00  0.00000000E+00  0.00000000E+00  9.24467103E-02  0.00000000E+00  0.00000000E+00 -1.13242461E-01
    0.449000      1   0.00000000E+00  0.00000000E+00  2.60103698E-03  0.00000000E+00  0.00000000E+00  0.00000000E+00  0.00000000E+00  0.00000000E+00  9.23334698E-02  0.00000000E+00  0.00000000E+00 -1.13240466E-01
    0.450000      1   0.00000000E+00  0.00000000E+00  2.56546530E-03  0.00000000E+00  0.00000000E+00  0.00000000E+00  0.00000000E+00  0.00000000E+00  9.22201968E-02  0.00000000E+00  0.00000000E+00 -1.13272979E-01
    0.451000      1   0.00000000E+00  0.00000000E+00  2.62640967E-03  0.00000000E+00  0.00000000E+00  0.00000000E+00  0.00000000E+00  0.00000000E+00  9.21068303E-02  0.00000000E+00  0.00000000E+00 -1.13366514E-01
    0.452000      1   0.00000000E+00  0.00000000E+00  2.75966855E-03  0.00000000E+00  0.00000000E+00  0.00000000E+00  0.00000000E+00  0.00000000E+00  9.19933694E-02  0.00000000E+00  0.00000000E+00 -1.13460954E-01
    0.453000      1   0.00000000E+00  0.00000000E+00  2.75927998E-03  0.00000000E+00  0.00000000E+00  0.00000000E+00  0.00000000E+00  0.00000000E+00  9.18798576E-02  0.00000000E+00  0.00000000E+00 -1.13511814E-01
    0.454000      1   0.00000000E+00  0.00000000E+00  2.57564814E-03  0.00000000E+00  0.00000000E+00  0.00000000E+00  0.00000000E+00  0.00000000E+00  9.17663386E-02  0.00000000E+00  0.00000000E+00 -1.13518978E-01
    0.455000      1   0.00000000E+00  0.00000000E+00  2.56650301E-03  0.00000000E+00  0.00000000E+00  0.00000000E+00  0.00000000E+00  0.00000000E+00  9.16527798E-02  0.00000000E+00  0.00000000E+00 -1.13558743E-01
    0.456000      1   0.00000000E+00  0.00000000E+00  2.66861103E-03  0.00000000E+00  0.00000000E+00  0.00000000E+00  0.00000000E+00  0.00000000E+00  9.15391194E-02  0.00000000E+00  0.00000000E+00 -1.13660433E-01
    0.457000      1   0.00000000E+00  0.00000000E+00  2.76164663E-03  0.00000000E+00  0.00000000E+00  0.00000000E+00  0.00000000E+00  0.00000000E+00  9.14253723E-02  0.00000000E+00  0.00000000E+00 -1.13747070E-01
    0.458000      1   0.00000000E+00  0.00000000E+00  2.72210586E-03  0.00000000E+00  0.00000000E+00  0.00000000E+00  0.00000000E+00  0.00000000E+00  9.13115886E-02  0.00000000E+00  0.00000000E+00 -1.13783720E-01
    0.459000      1   0.00000000E+00  0.00000000E+00  2.60633057E-03  0.00000000E+00  0.00000000E+00  0.00000000E+00  0.00000000E+00  0.00000000E+00  9.11977918E-02  0.00000000E+00  0.00000000E+00 -1.13796809E-01
    0.460000      1   0.00000000E+00  0.00000000E+00  2.60082169E-03  0.00000000E+00  0.00000000E+00  0.00000000E+00  0.00000000E+00  0.00000000E+00  9.10839484E-02  0.00000000E+00  0.00000000E+00 -1.13843357E-01
    0.461000      1   0.00000000E+00  0.00000000E+00  2.67720110E-03  0.00000000E+00  0.00000000E+00  0.00000000E+00  0.00000000E+00  0.00000000E+00  9.09700195E-02  0.00000000E+00  0.00000000E+00 -1.13928901E-01
    0.462000      1   0.00000000E+00  0.00000000E+00  2.74575934E-03  0.00000000E+00  0.00000000E+00  0.00000000E+00  0.00000000E+00  0.00000000E+00  9.08560168E-02  0.00000000E+00  0.00000000E+00 -1.14002748E-01
    0.463000      1   0.00000000E+00  0.00000000E+00  2.70604556E-03  0.00000000E+00  0.00000000E+00  0.00000000E+00  0.00000000E+00  0.00000000E+00  9.07419774E-02  0.00000000E+00  0.00000000E+00 -1.14039386E-01
    0.464000      1   0.00000000E+00  0.00000000E+00  2.60641061E-03  0.00000000E+00  0.00000000E+00  0.00000000E+00  0.00000000E+00  0.00000000E+00  9.06279169E-02  0.00000000E+00  0.00000000E+00 -1.14060533E-01
    0.465000      1   0.00000000E+00  0.00000000E+00  2.59053860E-03  0.00000000E+00  0.00000000E+00  0.00000000E+00  0.00000000E+00  0.00000000E+00  9.05138045E-02  0.00000000E+00  0.00000000E+00 -1.14112341E-01
    0.466000      1   0.00000000E+00  0.00000000E+00  2.70212213E-03  0.00000000E+00  0.00000000E+00  0.00000000E+00  0.00000000E+00  0.00000000E+00  9.03996049E-02  0.00000000E+00  0.00000000E+00 -1.14199677E-01
    0.467000      1   0.00000000E+00  0.00000000E+00  2.74610825E-03  0.00000000E+00  0.00000000E+00  0.00000000E+00  0.00000000E+00  0.00000000E+00  9.02853324E-02  0.00000000E+00  0.00000000E+00 -1.14272494E-01
    0.468000      1   0.00000000E+00  0.00000000E+00  2.70413202E-03  0.00000000E+00  0.00000000E+00  0.00000000E+00  0.00000000E+00  0.00000000E+00  9.01710315E-02  0.00000000E+00  0.00000000E+00 -1.14300887E-01
    0.469000      1   0.00000000E+00  0.00000000E+00  2.63385374E-03  0.00000000E+00  0.00000000E+00  0.00000000E+00  0.00000000E+00  0.00000000E+00  9.00567092E-02  0.00000000E+00  0.00000000E+00 -1.14322257E-01
    0.470000      1   0.00000000E+00  0.00000000E+00  2.62260103E-03  0.00000000E+00  0.00000000E+00  0.00000000E+00  0.00000000E+00  0.00000000E+00  8.99423394E-02  0.00000000E+00  0.00000000E+00 -1.14369840E-01
    0.471000      1   0.00000000E+00  0.00000000E+00  2.66572568E-03  0.00000000E+00  0.00000000E+00  0.00000000E+00  0.00000000E+00  0.00000000E+00  8.98278969E-02  0.00000000E+00  0.00000000E+00 -1.14442494E-01
    0.472000      1   0.00000000E+00  0.00000000E+00  2.72771839E-03  0.00000000E+00  0.00000000E+00  0.00000000E+00  0.00000000E+00  0.00000000E+00  8.97133857E-02  0.00000000E+00  0.00000000E+00 -1.14511218E-01
    0.473000      1   0.00000000E+00  0.00000000E+00  2.68461013E-03  0.00000000E+00  0.00000000E+00  0.00000000E+00  0.00000000E+00  0.00000000E+00  8.95988309E-02  0.00000000E+00  0.00000000E+00 -1.14554815E-01
    0.474000      1   0.00000000E+00  0.00000000E+00  2.62126392E-03  0.00000000E+00  0.00000000E+00  0.00000000E+00  0.00000000E+00  0.00000000E+00  8.94842452E-02  0.00000000E+00  0.00000000E+00 -1.14585677E-01
    0.475000      1   0.00000000E+00  0.00000000E+00  2.60977103E-03  0.00000000E+00  0.00000000E+00  0.00000000E+00  0.00000000E+00  0.00000000E+00  8.93696033E-02  0.00000000E+00  0.00000000E+00 -1.14641898E-01
    0.476000      1   0.00000000E+00  0.00000000E+00  2.72753041E-03  0.00000000E+00  0.00000000E+00  0.00000000E+00  0.00000000E+00  0.00000000E+00  8.92548823E-02  0.00000000E+00  0.00000000E+00 -1.14720956E-01
    0.477000      1   0.00000000E+00  0.00000000E+00  2.74906977E-03  0.00000000E+00  0.00000000E+00  0.00000000E+00  0.00000000E+00  0.00000000E+00  8.91400994E-02  0.00000000E+00  0.00000000E+00 -1.14782963E-01
    0.478000      1   0.00000000E+00  0.00000000E+00  2.67694817E-03  0.00000000E+00  0.00000000E+00  0.00000000E+00  0.00000000E+00  0.00000000E+00  8.90252969E-02  0.00000000E+00  0.00000000E+00 -1.14802488E-01
    0.479000      1   0.00000000E+00  0.00000000E+00  2.59765291E-03  0.00000000E+00  0.00000000E+00  0.00000000E+00  0.00000000E+00  0.00000000E+00  8.89104692E-02  0.00000000E+00  0.00000000E+00 -1.14827692E-01
    0.480000      1   0.00000000E+00  0.00000000E+00  2.61078135E-03  0.00000000E+00  0.00000000E+00  0.00000000E+00  0.00000000E+00  0.00000000E+00  8.87955786E-02  0.00000000E+00  0.00000000E+00 -1.14890605E-01
    0.481000      1   0.00000000E+00  0.00000000E+00  2.75391885E-03  0.00000000E+00  0.00000000E+00  0.00000000E+00  0.00000000E+00  0.00000000E+00  8.86806013E-02  0.00000000E+00  0.00000000E+00 -1.14977238E-01
    0.482000      1   0.00000000E+00  0.00000000E+00  2.78962152E-03  0.00000000E+00  0.00000000E+00  0.00000000E+00  0.00000000E+00  0.00000000E+00  8.85655671E-02  0.00000000E+00  0.00000000E+00 -1.15034247E-01
    0.483000      1   0.00000000E+00  0.00000000E+00  2.63375100E-03  0.00000000E+00  0.00000000E+00  0.00000000E+00  0.00000000E+00  0.00000000E+00  8.84505292E-02  0.00000000E+00  0.00000000E+00 -1.15037934E-01
    0.484000      1   0.00000000E+00  0.00000000E+00  2.57891995E-03  0.00000000E+00  0.00000000E+00  0.00000000E+00  0.00000000E+00  0.00000000E+00  8.83354717E-02  0.00000000E+00  0.00000000E+00 -1.15057460E-01
    0.485000      1   0.00000000E+00  0.00000000E+00  2.64718081E-03  0.00000000E+00  0.00000000E+00  0.00000000E+00  0.00000000E+00  0.00000000E+00  8.82203338E-02  0.00000000E+00  0.00000000E+00 -1.15137872E-01
    0.486000      1   0.00000000E+00  0.00000000E+00  2.79549528E-03  0.00000000E+00  0.00000000E+00  0.00000000E+00  0.00000000E+00  0.00000000E+00  8.81051096E-02  0.00000000E+00  0.00000000E+00 -1.15224221E-01
    0.487000      1   0.00000000E+00  0.00000000E+00  2.76754350E-03  0.00000000E+00  0.00000000E+00  0.00000000E+00  0.00000000E+00  0.00000000E+00  8.79898477E-02  0.00000000E+00  0.00000000E+00 -1.15261923E-01
    0.488000      1   0.00000000E+00  0.00000000E+00  2.60241707E-03  0.00000000E+00  0.00000000E+00  0.00000000E+00  0.00000000E+00  0.00000000E+00  8.78745918E-02  0.00000000E+00  0.00000000E+00 -1.15255860E-01
    0.489000      1   0.00000000E+00  0.00000000E+00  2.60388877E-03  0.00000000E+00  0.00000000E+00  0.00000000E+00  0.00000000E+00  0.00000000E+00  8.77593036E-02  0.00000000E+00  0.00000000E+00 -1.15288178E-01
    0.490000      1   0.00000000E+00  0.00000000E+00  2.67812206E-03  0.00000000E+00  0.00000000E+00  0.00000000E+00  0.00000000E+00  0.00000000E+00  8.76439292E-02  0.00000000E+00  0.00000000E+00 -1.15374465E-01
    0.491000      1   0.00000000E+00  0.00000000E+00  2.74867199E-03  0.00000000E+00  0.00000000E+00  0.00000000E+00  0.00000000E+00  0.00000000E+00  8.75284820E-02  0.00000000E+00  0.00000000E+00 -1.15447141E-01
    0.492000      1   0.00000000E+00  0.00000000E+00  2.74210365E-03  0.00000000E+00  0.00000000E+00  0.00000000E+00  0.00000000E+00  0.00000000E+00  8.74129991E-02  0.00000000E+00  0.00000000E+00 -1.15482963E-01
    0.493000      1   0.00000000E+00  0.00000000E+00  2.63728200E-03  0.00000000E+00  0.00000000E+00  0.00000000E+00  0.00000000E+00  0.00000000E+00  8.72975023E-02  0.00000000E+00  0.00000000E+00 -1.15496776E-01
    0.494000      1   0.00000000E+00  0.00000000E+00  2.60181790E-03  0.00000000E+00  0.00000000E+00  0.00000000E+00  0.00000000E+00  0.00000000E+00  8.71819710E-02  0.00000000E+00  0.00000000E+00 -1.15531283E-01
    0.495000      1   0.00000000E+00  0.00000000E+00  2.71283835E-03  0.00000000E+00  0.00000000E+00  0.00000000E+00  0.00000000E+00  0.00000000E+00  8.70663645E-02  0.00000000E+00  0.00000000E+00 -1.15606486E-01
    0.496000      1   0.00000000E+00  0.00000000E+00  2.76026475E-03  0.00000000E+00  0.00000000E+00  0.00000000E+00  0.00000000E+00  0.00000000E+00  8.69506908E-02  0.00000000E+00  0.00000000E+00 -1.15673704E-01
    0.497000      1   0.00000000E+00  0.00000000E+00  2.72205539E-03  0.00000000E+00  0.00000000E+00  0.00000000E+00  0.00000000E+00  0.00000000E+00  8.68349948E-02  0.00000000E+00  0.00000000E+00 -1.15696073E-01
    0.498000      1   0.00000000E+00  0.00000000E+00  2.64542843E-03  0.00000000E+00  0.00000000E+00  0.00000000E+00  0.00000000E+00  0.00000000E+00  8.67192851E-02  0.00000000E+00  0.00000000E+00 -1.15709625E-01
    0.499000      1   0.00000000E+00  0.00000000E+00  2.63285776E-03  0.00000000E+00  0.00000000E+00  0.00000000E+00  0.00000000E+00  0.00000000E+00  8.66035359E-02  0.00000000E+00  0.00000000E+00 -1.15749275E-01
    0.500000      1   0.00000000E+00  0.00000000E+00  2.68574968E-03  0.00000000E+00  0.00000000E+00  0.00000000E+00  0.00000000E+00  0.00000000E+00  8.64877195E-02  0.00000000E+00  0.00000000E+00 -1.15816314E-01
    0.501000      1   0.00000000E+00  0.00000000E+00  2.75876252E-03  0.00000000E+00  0.00000000E+00  0.00000000E+00  0.00000000E+00  0.00000000E+00  8.63718414E-02  0.00000000E+00  0.00000000E+00 -1.15878128E-01
    0.502000      1   0.00000000E+00  0.00000000E+00  2.68727863E-03  0.00000000E+00  0.00000000E+00  0.00000000E+00  0.00000000E+00  0.00000000E+00  8.62559318E-02  0.00000000E+00  0.00000000E+00 -1.15909660E-01
    0.503000      1   0.00000000E+00  0.00000000E+00  2.61410218E-03  0.00000000E+00  0.00000000E+00  0.00000000E+00  0.00000000E+00  0.00000000E+00  8.61400019E-02  0.00000000E+00  0.00000000E+00 -1.15929854E-01
    0.504000      1   0.00000000E+00  0.00000000E+00  2.61786419E-03  0.00000000E+00  0.00000000E+00  0.00000000E+00  0.00000000E+00  0.00000000E+00  8.60240154E-02  0.00000000E+00  0.00000000E+00 -1.15986465E-01
    0.505000      1   0.00000000E+00  0.00000000E+00  2.77851898E-03  0.00000000E+00  0.00000000E+00  0.00000000E+00  0.00000000E+00  0.00000000E+00  8.59079490E-02  0.00000000E+00  0.00000000E+00 -1.16066444E-01
    0.506000      1   0.00000000E+00  0.00000000E+00  2.77493597E-03  0.00000000E+00  0.00000000E+00  0.00000000E+00  0.00000000E+00  0.00000000E+00  8.57918322E-02  0.00000000E+00  0.00000000E+00 -1.16116776E-01
    0.507000      1   0.00000000E+00  0.00000000E+00  2.66065164E-03  0.00000000E+00  0.00000000E+00  0.00000000E+00  0.00000000E+00  0.00000000E+00  8.56757172E-02  0.00000000E+00  0.00000000E+00 -1.16114981E-01
    0.508000      1   0.00000000E+00  0.00000000E+00  2.61535011E-03  0.00000000E+00  0.00000000E+00  0.00000000E+00  0.00000000E+00  0.00000000E+00  8.55595827E-02  0.00000000E+00  0.00000000E+00 -1.16134573E-01
    0.509000      1   0.00000000E+00  0.00000000E+00  2.66363263E-03  0.00000000E+00  0.00000000E+00  0.00000000E+00  0.00000000E+00  0.00000000E+00  8.54433829E-02  0.00000000E+00  0.00000000E+00 -1.16199708E-01
    0.510000      1   0.00000000E+00  0.00000000E+00  2.78224588E-03  0.00000000E+00  0.00000000E+00  0.00000000E+00  0.00000000E+00  0.00000000E+00  8.53271118E-02  0.00000000E+00  0.00000000E+00 -1.16271183E-01
    0.511000      1   0.00000000E+00  0.00000000E+00  2.77852072E-03  0.00000000E+00  0.00000000E+00  0.00000000E+00  0.00000000E+00  0.00000000E+00  8.52108059E-02  0.00000000E+00  0.00000000E+00 -1.16305826E-01
    0.512000      1   0.00000000E+00  0.00000000E+00  2.60500905E-03  0.00000000E+00  0.00000000E+00  0.00000000E+00  0.00000000E+00  0.00000000E+00  8.50945038E-02  0.00000000E+00  0.00000000E+00 -1.16302173E-01
    0.513000      1   0.00000000E+00  0.00000000E+00  2.60093332E-03  0.00000000E+00  0.00000000E+00  0.00000000E+00  0.00000000E+00  0.00000000E+00  8.49781733E-02  0.00000000E+00  0.00000000E+00 -1.16330427E-01
    0.514000      1   0.00000000E+00  0.00000000E+00  2.70955908E-03  0.00000000E+00  0.00000000E+00  0.00000000E+00  0.00000000E+00  0.00000000E+00  8.48617570E-02  0.00000000E+00  0.00000000E+00 -1.16416386E-01
    0.515000      1   0.00000000E+00  0.00000000E+00  2.78144680E-03  0.00000000E+00  0.00000000E+00  0.00000000E+00  0.00000000E+00  0.00000000E+00  8.47452725E-02  0.00000000E+00  0.00000000E+00 -1.16484473E-01
    0.516000      1   0.00000000E+00  0.00000000E+00  2.74922830E-03  0.00000000E+00  0.00000000E+00  0.00000000E+00  0.00000000E+00  0.00000000E+00  8.46287683E-02  0.00000000E+00  0.00000000E+00 -1.16504174E-01
    0.517000      1   0.00000000E+00  0.00000000E+00  2.65829234E-03  0.00000000E+00  0.00000000E+00  0.00000000E+00  0.00000000E+00  0.00000000E+00  8.45122623E-02  0.00000000E+00  0.00000000E+00 -1.16505964E-01
    0.518000      1   0.00000000E+00  0.00000000E+00  2.62968161E-03  0.00000000E+00  0.00000000E+00  0.00000000E+00  0.00000000E+00  0.00000000E+00  8.43957279E-02  0.00000000E+00  0.00000000E+00 -1.16534416E-01
    0.519000      1   0.00000000E+00  0.00000000E+00  2.69044189E-03  0.00000000E+00  0.00000000E+00  0.00000000E+00  0.00000000E+00  0.00000000E+00  8.42791301E-02  0.00000000E+00  0.00000000E+00 -1.16597791E-01
    0.520000      1   0.00000000E+00  0.00000000E+00  2.75723185E-03  0.00000000E+00  0.00000000E+00  0.00000000E+00  0.00000000E+00  0.00000000E+00  8.41624703E-02  0.00000000E+00  0.00000000E+00 -1.16659819E-01
    0.521000      1   0.00000000E+00  0.00000000E+00  2.73354629E-03  0.00000000E+00  0.00000000E+00  0.00000000E+00  0.00000000E+00  0.00000000E+00  8.40457802E-02  0.00000000E+00  0.00000000E+00 -1.16690080E-01
    0.522000      1   0.00000000E+00  0.00000000E+00  2.64054049E-03  0.00000000E+00  0.00000000E+00  0.00000000E+00  0.00000000E+00  0.00000000E+00  8.39290776E-02  0.00000000E+00  0.00000000E+00 -1.16702595E-01
    0.523000      1   0.00000000E+00  0.00000000E+00  2.61680742E-03  0.00000000E+00  0.00000000E+00  0.00000000E+00  0.00000000E+00  0.00000000E+00  8.38123383E-02  0.00000000E+00  0.00000000E+00 -1.16739336E-01
    0.524000      1   0.00000000E+00  0.00000000E+00  2.73446092E-03  0.00000000E+00  0.00000000E+00  0.00000000E+00  0.00000000E+00  0.00000000E+00  8.36955275E-02  0.00000000E+00  0.00000000E+00 -1.16810819E-01
    0.525000      1   0.00000000E+00  0.00000000E+00  2.77552734E-03  0.00000000E+00  0.00000000E+00  0.00000000E+00  0.00000000E+00  0.00000000E+00  8.35786582E-02  0.00000000E+00  0.00000000E+00 -1.16869290E-01
    0.526000      1   0.00000000E+00  0.00000000E+00  2.70647653E-03  0.00000000E+00  0.00000000E+00  0.00000000E+00  0.00000000E+00  0.00000000E+00  8.34617763E-02  0.00000000E+00  0.00000000E+00 -1.16881859E-01
    0.527000      1   0.00000000E+00  0.00000000E+00  2.62855802E-03  0.00000000E+00  0.00000000E+00  0.00000000E+00  0.00000000E+00  0.00000000E+00  8.33448832E-02  0.00000000E+00  0.00000000E+00 -1.16893153E-01
    0.528000      1   0.00000000E+00  0.00000000E+00  2.64591003E-03  0.00000000E+00  0.00000000E+00  0.00000000E+00  0.00000000E+00  0.00000000E+00  8.32279423E-02  0.00000000E+00  0.00000000E+00 -1.16940903E-01
    0.529000      1   0.00000000E+00  0.00000000E+00  2.78872313E-03  0.00000000E+00  0.00000000E+00  0.00000000E+00  0.00000000E+00  0.00000000E+00  8.31109311E-02  0.00000000E+00  0.00000000E+00 -1.17011174E-01
    0.530000      1   0.00000000E+00  0.00000000E+00  2.80220857E-03  0.00000000E+00  0.00000000E+00  0.00000000E+00  0.00000000E+00  0.00000000E+00  8.29938806E-02  0.00000000E+00  0.00000000E+00 -1.17050492E-01
    0.531000      1   0.00000000E+00  0.00000000E+00  2.61778827E-03  0.00000000E+00  0.00000000E+00  0.00000000E+00  0.00000000E+00  0.00000000E+00  8.28768401E-02  0.00000000E+00  0.00000000E+00 -1.17040523E-01
    0.532000      1   0.00000000E+00  0.00000000E+00  2.61206344E-03  0.00000000E+00  0.00000000E+00  0.00000000E+00  0.00000000E+00  0.00000000E+00  8.27597814E-02  0.00000000E+00  0.00000000E+00 -1.17058738E-01
    0.533000      1   0.00000000E+00  0.00000000E+00  2.70440881E-03  0.00000000E+00  0.00000000E+00  0.00000000E+00  0.00000000E+00  0.00000000E+00  8.26426428E-02  0.00000000E+00  0.00000000E+00 -1.17138531E-01
    0.534000      1   0.00000000E+00  0.00000000E+00  2.78295588E-03  0.00000000E+00  0.00000000E+00  0.00000000E+00  0.00000000E+00  0.00000000E+00  8.25254389E-02  0.00000000E+00  0.00000000E+00 -1.17203875E-01
    0.535000      1   0.00000000E+00  0.00000000E+00  2.76502576E-03  0.00000000E+00  0.00000000E+00  0.00000000E+00  0.00000000E+00  0.00000000E+00  8.24082139E-02  0.00000000E+00  0.00000000E+00 -1.17225000E-01
    0.536000      1   0.00000000E+00  0.00000000E+00  2.67096893E-03  0.00000000E+00  0.00000000E+00  0.00000000E+00  0.00000000E+00  0.00000000E+00  8.22909904E-02  0.00000000E+00  0.00000000E+00 -1.17223501E-01
    0.537000      1   0.00000000E+00  0.00000000E+00  2.63755952E-03  0.00000000E+00  0.00000000E+00  0.00000000E+00  0.00000000E+00  0.00000000E+00  8.21737459E-02  0.00000000E+00  0.00000000E+00 -1.17244522E-01
    0.538000      1   0.00000000E+00  0.00000000E+00  2.69533645E-03  0.00000000E+00  0.00000000E+00  0.00000000E+00  0.00000000E+00  0.00000000E+00  8.20564436E-02  0.00000000E+00  0.00000000E+00 -1.17302342E-01
    0.539000      1   0.00000000E+00  0.00000000E+00  2.76400359E-03  0.00000000E+00  0.00000000E+00  0.00000000E+00  0.00000000E+00  0.00000000E+00  8.19390827E-02  0.00000000E+00  0.00000000E+00 -1.17360916E-01
    0.540000      1   0.00000000E+00  0.00000000E+00  2.73824857E-03  0.00000000E+00  0.00000000E+00  0.00000000E+00  0.00000000E+00  0.00000000E+00  8.18216943E-02  0.00000000E+00  0.00000000E+00 -1.17388373E-01
    0.541000      1   0.00000000E+00  0.00000000E+00  2.64330943E-03  0.00000000E+00  0.00000000E+00  0.00000000E+00  0.00000000E+00  0.00000000E+00  8.17042965E-02  0.00000000E+00  0.00000000E+00 -1.17397833E-01
    0.542000      1   0.00000000E+00  0.00000000E+00  2.62619812E-03  0.00000000E+00  0.00000000E+00  0.00000000E+00  0.00000000E+00  0.00000000E+00  8.15868639E-02  0.00000000E+00  0.00000000E+00 -1.17432540E-01
    0.543000      1   0.00000000E+00  0.00000000E+00  2.76050075E-03  0.00000000E+00  0.00000000E+00  0.00000000E+00  0.00000000E+00  0.00000000E+00  8.14693625E-02  0.00000000E+00  0.00000000E+00 -1.17501452E-01
    0.544000      1   0.00000000E+00  0.00000000E+00  2.78975694E-03  0.00000000E+00  0.00000000E+00  0.00000000E+00  0.00000000E+00  0.00000000E+00  8.13518102E-02  0.00000000E+00  0.00000000E+00 -1.17552234E-01
    0.545000      1   0.00000000E+00  0.00000000E+00  2.69439844E-03  0.00000000E+00  0.00000000E+00  0.00000000E+00  0.00000000E+00  0.00000000E+00  8.12342565E-02  0.00000000E+00  0.00000000E+00 -1.17553736E-01
    0.546000      1   0.00000000E+00  0.00000000E+00  2.63354806E-03  0.00000000E+00  0.00000000E+00  0.00000000E+00  0.00000000E+00  0.00000000E+00  8.11166940E-02  0.00000000E+00  0.00000000E+00 -1.17562492E-01
    0.547000      1   0.00000000E+00  0.00000000E+00  2.67483415E-03  0.00000000E+00  0.00000000E+00  0.00000000E+00  0.00000000E+00  0.00000000E+00  8.09990807E-02  0.00000000E+00  0.00000000E+00 -1.17613326E-01
    0.548000      1   0.00000000E+00  0.00000000E+00  2.79038538E-03  0.00000000E+00  0.00000000E+00  0.00000000E+00  0.00000000E+00  0.00000000E+00  8.08814038E-02  0.00000000E+00  0.00000000E+00 -1.17676844E-01
    0.549000      1   0.00000000E+00  0.00000000E+00  2.76995787E-03  0.00000000E+00  0.00000000E+00  0.00000000E+00  0.00000000E+00  0.00000000E+00  8.07636975E-02  0.00000000E+00  0.00000000E+00 -1.17706368E-01
    0.550000      1   0.00000000E+00  0.00000000E+00  2.62077182E-03  0.00000000E+00  0.00000000E+00  0.00000000E+00  0.00000000E+00  0.00000000E+00  8.06459959E-02  0.00000000E+00  0.00000000E+00 -1.17701556E-01
    0.551000      1   0.00000000E+00  0.00000000E+00  2.63506361E-03  0.00000000E+00  0.00000000E+00  0.00000000E+00  0.00000000E+00  0.00000000E+00  8.05282661E-02  0.00000000E+00  0.00000000E+00 -1.17729835E-01
    0.552000      1   0.00000000E+00  0.00000000E+00  2.73419864E-03  0.00000000E+00  0.00000000E+00  0.00000000E+00  0.00000000E+00  0.00000000E+00  8.04104615E-02  0.00000000E+00  0.00000000E+00 -1.17804582E-01
    0.553000      1   0.00000000E+00  0.00000000E+00  2.80535055E-03  0.00000000E+00  0.00000000E+00  0.00000000E+00  0.00000000E+00  0.00000000E+00  8.02926044E-02  0.00000000E+00  0.00000000E+00 -1.17857103E-01
    0.554000      1   0.00000000E+00  0.00000000E+00  2.74322438E-03  0.00000000E+00  0.00000000E+00  0.00000000E+00  0.00000000E+00  0.00000000E+00  8.01747399E-02  0.00000000E+00  0.00000000E+00 -1.17864485E-01
    0.555000      1   0.00000000E+00  0.00000000E+00  2.67057152E-03  0.00000000E+00  0.00000000E+00  0.00000000E+00  0.00000000E+00  0.00000000E+00  8.00568804E-02  0.00000000E+00  0.00000000E+00 -1.17859486E-01
    0.556000      1   0.00000000E+00  0.00000000E+00  2.64909482E-03  0.00000000E+00  0.00000000E+00  0.00000000E+00  0.00000000E+00  0.00000000E+00  7.99389927E-02  0.00000000E+00  0.00000000E+00 -1.17887738E-01
    0.557000      1   0.00000000E+00  0.00000000E+00  2.69600931E-03  0.00000000E+00  0.00000000E+00  0.00000000E+00  0.00000000E+00  0.00000000E+00  7.98210490E-02  0.00000000E+00  0.00000000E+00 -1.17943648E-01
    0.558000      1   0.00000000E+00  0.00000000E+00  2.78567365E-03  0.00000000E+00  0.00000000E+00  0.00000000E+00  0.00000000E+00  0.00000000E+00  7.97030507E-02  0.00000000E+00  0.00000000E+00 -1.17998315E-01
    0.559000      1   0.00000000E+00  0.00000000E+00  2.72314586E-03  0.00000000E+00  0.00000000E+00  0.00000000E+00  0.00000000E+00  0.00000000E+00  7.95850290E-02  0.00000000E+00  0.00000000E+00 -1.18021719E-01
    0.560000      1   0.00000000E+00  0.00000000E+00  2.62874987E-03  0.00000000E+00  0.00000000E+00  0.00000000E+00  0.00000000E+00  0.00000000E+00  7.94670023E-02  0.00000000E+00  0.00000000E+00 -1.18026732E-01
    0.561000      1   0.00000000E+00  0.00000000E+00  2.64465732E-03  0.00000000E+00  0.00000000E+00  0.00000000E+00  0.00000000E+00  0.00000000E+00  7.93489333E-02  0.00000000E+00  0.00000000E+00 -1.18068974E-01
    0.562000      1   0.00000000E+00  0.00000000E+00  2.82890520E-03  0.00000000E+00  0.00000000E+00  0.00000000E+00  0.00000000E+00  0.00000000E+00  7.92307939E-02  0.00000000E+00  0.00000000E+00 -1.18139404E-01
    0.563000      1   0.00000000E+00  0.00000000E+00  2.81777337E-03  0.00000000E+00  0.00000000E+00  0.00000000E+00  0.00000000E+00  0.00000000E+00  7.91126219E-02  0.00000000E+00  0.00000000E+00 -1.18172027E-01
    0.564000      1   0.00000000E+00  0.00000000E+00  2.65239514E-03  0.00000000E+00  0.00000000E+00  0.00000000E+00  0.00000000E+00  0.00000000E+00  7.89944758E-02  0.00000000E+00  0.00000000E+00 -1.18146109E-01
    0.565000      1   0.00000000E+00  0.00000000E+00  2.61317945E-03  0.00000000E+00  0.00000000E+00  0.00000000E+00  0.00000000E+00  0.00000000E+00  7.88763227E-02  0.00000000E+00  0.00000000E+00 -1.18153092E-01
    0.566000      1   0.00000000E+00  0.00000000E+00  2.69710821E-03  0.00000000E+00  0.00000000E+00  0.00000000E+00  0.00000000E+00  0.00000000E+00  7.87581013E-02  0.00000000E+00  0.00000000E+00 -1.18221323E-01
    0.567000      1   0.00000000E+00  0.00000000E+00  2.78218352E-03  0.00000000E+00  0.00000000E+00  0.00000000E+00  0.00000000E+00  0.00000000E+00  7.86398137E-02  0.00000000E+00  0.00000000E+00 -1.18287591E-01
    0.568000      1   0.00000000E+00  0.00000000E+00  2.77857398E-03  0.00000000E+00  0.00000000E+00  0.00000000E+00  0.00000000E+00  0.00000000E+00  7.85215025E-02  0.00000000E+00  0.00000000E+00 -1.18311251E-01
    0.569000      1   0.00000000E+00  0.00000000E+00  2.67606049E-03  0.00000000E+00  0.00000000E+00  0.00000000E+00  0.00000000E+00  0.00000000E+00  7.84031949E-02  0.00000000E+00  0.00000000E+00 -1.18307609E-01
    0.570000      1   0.00000000E+00  0.00000000E+00  2.63415709E-03  0.00000000E+00  0.00000000E+00  0.00000000E+00  0.00000000E+00  0.00000000E+00  7.82848716E-02  0.00000000E+00  0.00000000E+00 -1.18323281E-01
    0.571000      1   0.00000000E+00  0.00000000E+00  2.72458334E-03  0.00000000E+00  0.00000000E+00  0.00000000E+00  0.00000000E+00  0.00000000E+00  7.81664916E-02  0.00000000E+00  0.00000000E+00 -1.18380030E-01
    0.572000      1   0.00000000E+00  0.00000000E+00  2.77353103E-03  0.00000000E+00  0.00000000E+00  0.00000000E+00  0.00000000E+00  0.00000000E+00  7.80480570E-02  0.00000000E+00  0.00000000E+00 -1.18434550E-01
    0.573000      1   0.00000000E+00  0.00000000E+00  2.73672109E-03  0.00000000E+00  0.00000000E+00  0.00000000E+00  0.00000000E+00  0.00000000E+00  7.79296063E-02  0.00000000E+00  0.00000000E+00 -1.18450716E-01
    0.574000      1   0.00000000E+00  0.00000000E+00  2.66568901E-03  0.00000000E+00  0.00000000E+00  0.00000000E+00  0.00000000E+00  0.00000000E+00  7.78111490E-02  0.00000000E+00  0.00000000E+00 -1.18457317E-01
    0.575000      1   0.00000000E+00  0.00000000E+00  2.65297416E-03  0.00000000E+00  0.00000000E+00  0.00000000E+00  0.00000000E+00  0.00000000E+00  7.76926604E-02  0.00000000E+00  0.00000000E+00 -1.18488568E-01
    0.576000      1   0.00000000E+00  0.00000000E+00  2.77298461E-03  0.00000000E+00  0.00000000E+00  0.00000000E+00  0.00000000E+00  0.00000000E+00  7.75741150E-02  0.00000000E+00  0.00000000E+00 -1.18545396E-01
    0.577000      1   0.00000000E+00  0.00000000E+00  2.81290132E-03  0.00000000E+00  0.00000000E+00  0.00000000E+00  0.00000000E+00  0.00000000E+00  7.74555299E-02  0.00000000E+00  0.00000000E+00 -1.18585177E-01
    0.578000      1   0.00000000E+00  0.00000000E+00  2.67106423E-03  0.00000000E+00  0.00000000E+00  0.00000000E+00  0.00000000E+00  0.00000000E+00  7.73369514E-02  0.00000000E+00  0.00000000E+00 -1.18578486E-01
    0.579000      1   0.00000000E+00  0.00000000E+00  2.63009227E-03  0.00000000E+00  0.00000000E+00  0.00000000E+00  0.00000000E+00  0.00000000E+00  7.72183676E-02  0.00000000E+00  0.00000000E+00 -1.18583767E-01
    0.580000      1   0.00000000E+00  0.00000000E+00  2.69472829E-03  0.00000000E+00  0.00000000E+00  0.00000000E+00  0.00000000E+00  0.00000000E+00  7.70997247E-02  0.00000000E+00  0.00000000E+00 -1.18642876E-01
    0.581000      1   0.00000000E+00  0.00000000E+00  2.80577729E-03  0.00000000E+00  0.00000000E+00  0.00000000E+00  0.00000000E+00  0.00000000E+00  7.69810207E-02  0.00000000E+00  0.00000000E+00 -1.18704010E-01
    0.582000      1   0.00000000E+00  0.00000000E+00  2.79178706E-03  0.00000000E+00  0.00000000E+00  0.00000000E+00  0.00000000E+00  0.00000000E+00  7.68622964E-02  0.00000000E+00  0.00000000E+00 -1.18724280E-01
    0.583000      1   0.00000000E+00  0.00000000E+00  2.68547978E-03  0.00000000E+00  0.00000000E+00  0.00000000E+00  0.00000000E+00  0.00000000E+00  7.67435859E-02  0.00000000E+00  0.00000000E+00 -1.18710553E-01
    0.584000      1   0.00000000E+00  0.00000000E+00  2.64715582E-03  0.00000000E+00  0.00000000E+00  0.00000000E+00  0.00000000E+00  0.00000000E+00  7.66248657E-02  0.00000000E+00  0.00000000E+00 -1.18720219E-01
    0.585000      1   0.00000000E+00  0.00000000E+00  2.71033173E-03  0.00000000E+00  0.00000000E+00  0.00000000E+00  0.00000000E+00  0.00000000E+00  7.65060941E-02  0.00000000E+00  0.00000000E+00 -1.18771576E-01
    0.586000      1   0.00000000E+00  0.00000000E+00  2.78166844E-03  0.00000000E+00  0.00000000E+00  0.00000000E+00  0.00000000E+00  0.00000000E+00  7.63872697E-02  0.00000000E+00  0.00000000E+00 -1.18824347E-01
    0.587000      1   0.00000000E+00  0.00000000E+00  2.75630576E-03  0.00000000E+00  0.00000000E+00  0.00000000E+00  0.00000000E+00  0.00000000E+00  7.62684260E-02  0.00000000E+00  0.00000000E+00 -1.18843756E-01
    0.588000      1   0.00000000E+00  0.00000000E+00  2.65761148E-03  0.00000000E+00  0.00000000E+00  0.00000000E+00  0.00000000E+00  0.00000000E+00  7.61495818E-02  0.00000000E+00  0.00000000E+00 -1.18844221E-01
    0.589000      1   0.00000000E+00  0.00000000E+00  2.63530674E-03  0.00000000E+00  0.00000000E+00  0.00000000E+00  0.00000000E+00  0.00000000E+00  7.60307113E-02  0.00000000E+00  0.00000000E+00 -1.18870468E-01
    0.590000      1   0.00000000E+00  0.00000000E+00  2.79473867E-03  0.00000000E+00  0.00000000E+00  0.00000000E+00  0.00000000E+00  0.00000000E+00  7.59117782E-02  0.00000000E+00  0.00000000E+00 -1.18933073E-01
    0.591000      1   0.00000000E+00  0.00000000E+00  2.79444584E-03  0.00000000E+00  0.00000000E+00  0.00000000E+00  0.00000000E+00  0.00000000E+00  7.57928034E-02  0.00000000E+00  0.00000000E+00 -1.18974809E-01
    0.592000      1   0.00000000E+00  0.00000000E+00  2.69023900E-03  0.00000000E+00  0.00000000E+00  0.00000000E+00  0.00000000E+00  0.00000000E+00  7.56738392E-02  0.00000000E+00  0.00000000E+00 -1.18964237E-01
    0.593000      1   0.00000000E+00  0.00000000E+00  2.64426593E-03  0.00000000E+00  0.00000000E+00  0.00000000E+00  0.00000000E+00  0.00000000E+00  7.55548670E-02  0.00000000E+00  0.00000000E+00 -1.18972189E-01
    0.594000      1   0.00000000E+00  0.00000000E+00  2.69183421E-03  0.00000000E+00  0.00000000E+00  0.00000000E+00  0.00000000E+00  0.00000000E+00  7.54358445E-02  0.00000000E+00  0.00000000E+00 -1.19022494E-01
    0.595000      1   0.00000000E+00  0.00000000E+00  2.79390317E-03  0.00000000E+00  0.00000000E+00  0.00000000E+00  0.00000000E+00  0.00000000E+00  7.53167650E-02  0.00000000E+00  0.00000000E+00 -1.19079485E-01
    0.596000      1   0.00000000E+00  0.00000000E+00  2.77710377E-03  0.00000000E+00  0.00000000E+00  0.00000000E+00  0.00000000E+00  0.00000000E+00  7.51976622E-02  0.00000000E+00  0.00000000E+00 -1.19102805E-01
    0.597000      1   0.00000000E+00  0.00000000E+00  2.68300255E-03  0.00000000E+00  0.00000000E+00  0.00000000E+00  0.00000000E+00  0.00000000E+00  7.50785666E-02  0.00000000E+00  0.00000000E+00 -1.19095574E-01
    0.598000      1   0.00000000E+00  0.00000000E+00  2.64070353E-03  0.00000000E+00  0.00000000E+00  0.00000000E+00  0.00000000E+00  0.00000000E+00  7.49594561E-02  0.00000000E+00  0.00000000E+00 -1.19110501E-01
    0.599000      1   0.00000000E+00  0.00000000E+00  2.74771744E-03  0.00000000E+00  0.00000000E+00  0.00000000E+00  0.00000000E+00  0.00000000E+00  7.48402923E-02  0.00000000E+00  0.00000000E+00 -1.19163813E-01
    0.600000      1   0.00000000E+00  0.00000000E+00  2.79242747E-03  0.00000000E+00  0.00000000E+00  0.00000000E+00  0.00000000E+00  0.00000000E+00  7.47210802E-02  0.00000000E+00  0.00000000E+00 -1.19212091E-01
    0.601000      1   0.00000000E+00  0.00000000E+00  2.75936348E-03  0.00000000E+00  0.00000000E+00  0.00000000E+00  0.00000000E+00  0.00000000E+00  7.46018629E-02  0.00000000E+00  0.00000000E+00 -1.19217319E-01
    0.602000      1   0.00000000E+00  0.00000000E+00  2.67092421E-03  0.00000000E+00  0.00000000E+00  0.00000000E+00  0.00000000E+00  0.00000000E+00  7.44826492E-02  0.00000000E+00  0.00000000E+00 -1.19213710E-01
    0.603000      1   0.00000000E+00  0.00000000E+00  2.66108083E-03  0.00000000E+00  0.00000000E+00  0.00000000E+00  0.00000000E+00  0.00000000E+00  7.43634126E-02  0.00000000E+00  0.00000000E+00 -1.19236599E-01
    0.604000      1   0.00000000E+00  0.00000000E+00  2.77259590E-03  0.00000000E+00  0.00000000E+00  0.00000000E+00  0.00000000E+00  0.00000000E+00  7.42441223E-02  0.00000000E+00  0.00000000E+00 -1.19290274E-01
    0.605000      1   0.00000000E+00  0.00000000E+00  2.81816187E-03  0.00000000E+00  0.00000000E+00  0.00000000E+00  0.00000000E+00  0.00000000E+00  7.41247949E-02  0.00000000E+00  0.00000000E+00 -1.19327461E-01
    0.606000      1   0.00000000E+00  0.00000000E+00  2.67796552E-03  0.00000000E+00  0.00000000E+00  0.00000000E+00  0.00000000E+00  0.00000000E+00  7.40054749E-02  0.00000000E+00  0.00000000E+00 -1.19319967E-01
    0.607000      1   0.00000000E+00  0.00000000E+00  2.63699999E-03  0.00000000E+00  0.00000000E+00  0.00000000E+00  0.00000000E+00  0.00000000E+00  7.38861526E-02  0.00000000E+00  0.00000000E+00 -1.19322301E-01
    0.608000      1   0.00000000E+00  0.00000000E+00  2.70342442E-03  0.00000000E+00  0.00000000E+00  0.00000000E+00  0.00000000E+00  0.00000000E+00  7.37667747E-02  0.00000000E+00  0.00000000E+00 -1.19377922E-01
    0.609000      1   0.00000000E+00  0.00000000E+00  2.81270617E-03  0.00000000E+00  0.00000000E+00  0.00000000E+00  0.00000000E+00  0.00000000E+00  7.36473394E-02  0.00000000E+00  0.00000000E+00 -1.19435250E-01
    0.610000      1   0.00000000E+00  0.00000000E+00  2.79047964E-03  0.00000000E+00  0.00000000E+00  0.00000000E+00  0.00000000E+00  0.00000000E+00  7.35278880E-02  0.00000000E+00  0.00000000E+00 -1.19451437E-01
    0.611000      1   0.00000000E+00  0.00000000E+00  2.69657597E-03  0.00000000E+00  0.00000000E+00  0.00000000E+00  0.00000000E+00  0.00000000E+00  7.34084523E-02  0.00000000E+00  0.00000000E+00 -1.19435666E-01
    0.612000      1   0.00000000E+00  0.00000000E+00  2.66131684E-03  0.00000000E+00  0.00000000E+00  0.00000000E+00  0.00000000E+00  0.00000000E+00  7.32890085E-02  0.00000000E+00  0.00000000E+00 -1.19443800E-01
    0.613000      1   0.00000000E+00  0.00000000E+00  2.71626426E-03  0.00000000E+00  0.00000000E+00  0.00000000E+00  0.00000000E+00  0.00000000E+00  7.31695195E-02  0.00000000E+00  0.00000000E+00 -1.19489009E-01
    0.614000      1   0.00000000E+00  0.00000000E+00  2.78240751E-03  0.00000000E+00  0.00000000E+00  0.00000000E+00  0.00000000E+00  0.00000000E+00  7.30499834E-02  0.00000000E+00  0.00000000E+00 -1.19536080E-01
    0.615000      1   0.00000000E+00  0.00000000E+00  2.74123416E-03  0.00000000E+00  0.00000000E+00  0.00000000E+00  0.00000000E+00  0.00000000E+00  7.29304300E-02  0.00000000E+00  0.00000000E+00 -1.19553409E-01
    0.616000      1   0.00000000E+00  0.00000000E+00  2.66376037E-03  0.00000000E+00  0.00000000E+00  0.00000000E+00  0.00000000E+00  0.00000000E+00  7.28108737E-02  0.00000000E+00  0.00000000E+00 -1.19556297E-01
    0.617000      1   0.00000000E+00  0.00000000E+00  2.65489933E-03  0.00000000E+00  0.00000000E+00  0.00000000E+00  0.00000000E+00  0.00000000E+00  7.26912873E-02  0.00000000E+00  0.00000000E+00 -1.19586407E-01
    0.618000      1   0.00000000E+00  0.00000000E+00  2.80743351E-03  0.00000000E+00  0.00000000E+00  0.00000000E+00  0.00000000E+00  0.00000000E+00  7.25716438E-02  0.00000000E+00  0.00000000E+00 -1.19643527E-01
    0.619000      1   0.00000000E+00  0.00000000E+00  2.82329200E-03  0.00000000E+00  0.00000000E+00  0.00000000E+00  0.00000000E+00  0.00000000E+00  7.24519672E-02  0.00000000E+00  0.00000000E+00 -1.19676584E-01
    0.620000      1   0.00000000E+00  0.00000000E+00  2.69124238E-03  0.00000000E+00  0.00000000E+00  0.00000000E+00  0.00000000E+00  0.00000000E+00  7.23323105E-02  0.00000000E+00  0.00000000E+00 -1.19656742E-01
    0.621000      1   0.00000000E+00  0.00000000E+00  2.65500360E-03  0.00000000E+00  0.00000000E+00  0.00000000E+00  0.00000000E+00  0.00000000E+00  7.22126554E-02  0.00000000E+00  0.00000000E+00 -1.19655043E-01
    0.622000      1   0.00000000E+00  0.00000000E+00  2.70904526E-03  0.00000000E+00  0.00000000E+00  0.00000000E+00  0.00000000E+00  0.00000000E+00  7.20929523E-02  0.00000000E+00  0.00000000E+00 -1.19703119E-01
    0.623000      1   0.00000000E+00  0.00000000E+00  2.78105417E-03  0.00000000E+00  0.00000000E+00  0.00000000E+00  0.00000000E+00  0.00000000E+00  7.19731988E-02  0.00000000E+00  0.00000000E+00 -1.19753541E-01
    0.624000      1   0.00000000E+00  0.00000000E+00  2.78314300E-03  0.00000000E+00  0.00000000E+00  0.00000000E+00  0.00000000E+00  0.00000000E+00  7.18534253E-02  0.00000000E+00  0.00000000E+00 -1.19773480E-01
    0.625000      1   0.00000000E+00  0.00000000E+00  2.69111863E-03  0.00000000E+00  0.00000000E+00  0.00000000E+00  0.00000000E+00  0.00000000E+00  7.17336559E-02  0.00000000E+00  0.00000000E+00 -1.19769401E-01
    0.626000      1   0.00000000E+00  0.00000000E+00  2.66490686E-03  0.00000000E+00  0.00000000E+00  0.00000000E+00  0.00000000E+00  0.00000000E+00  7.16138750E-02  0.00000000E+00  0.00000000E+00 -1.19780909E-01
    0.627000      1   0.00000000E+00  0.00000000E+00  2.73932414E-03  0.00000000E+00  0.00000000E+00  0.00000000E+00  0.00000000E+00  0.00000000E+00  7.14940477E-02  0.00000000E+00  0.00000000E+00 -1.19827275E-01
    0.628000      1   0.00000000E+00  0.00000000E+00  2.79993086E-03  0.00000000E+00  0.00000000E+00  0.00000000E+00  0.00000000E+00  0.00000000E+00  7.13741786E-02  0.00000000E+00  0.00000000E+00 -1.19869090E-01
    0.629000      1   0.00000000E+00  0.00000000E+00  2.73882873E-03  0.00000000E+00  0.00000000E+00  0.00000000E+00  0.00000000E+00  0.00000000E+00  7.12543029E-02  0.00000000E+00  0.00000000E+00 -1.19875747E-01
    0.630000      1   0.00000000E+00  0.00000000E+00  2.66238017E-03  0.00000000E+00  0.00000000E+00  0.00000000E+00  0.00000000E+00  0.00000000E+00  7.11344296E-02  0.00000000E+00  0.00000000E+00 -1.19873305E-01
    0.631000      1   0.00000000E+00  0.00000000E+00  2.66389407E-03  0.00000000E+00  0.00000000E+00  0.00000000E+00  0.00000000E+00  0.00000000E+00  7.10145251E-02  0.00000000E+00  0.00000000E+00 -1.19904449E-01
    0.632000      1   0.00000000E+00  0.00000000E+00  2.82974289E-03  0.00000000E+00  0.00000000E+00  0.00000000E+00  0.00000000E+00  0.00000000E+00  7.08945647E-02  0.00000000E+00  0.00000000E+00 -1.19960432E-01
    0.633000      1   0.00000000E+00  0.00000000E+00  2.83634136E-03  0.00000000E+00  0.00000000E+00  0.00000000E+00  0.00000000E+00  0.00000000E+00  7.07745781E-02  0.00000000E+00  0.00000000E+00 -1.19986590E-01
    0.634000      1   0.00000000E+00  0.00000000E+00  2.64664117E-03  0.00000000E+00  0.00000000E+00  0.00000000E+00  0.00000000E+00  0.00000000E+00  7.06546210E-02  0.00000000E+00  0.00000000E+00 -1.19957113E-01
    0.635000      1   0.00000000E+00  0.00000000E+00  2.63494355E-03  0.00000000E+00  0.00000000E+00  0.00000000E+00  0.00000000E+00  0.00000000E+00  7.05346620E-02  0.00000000E+00  0.00000000E+00 -1.19959016E-01
    0.636000      1   0.00000000E+00  0.00000000E+00  2.73877762E-03  0.00000000E+00  0.00000000E+00  0.00000000E+00  0.00000000E+00  0.00000000E+00  7.04146367E-02  0.00000000E+00  0.00000000E+00 -1.20025287E-01
    0.637000      1   0.00000000E+00  0.00000000E+00  2.82144326E-03  0.00000000E+00  0.00000000E+00  0.00000000E+00  0.00000000E+00  0.00000000E+00  7.02945596E-02  0.00000000E+00  0.00000000E+00 -1.20077039E-01
    0.638000      1   0.00000000E+00  0.00000000E+00  2.77663328E-03  0.00000000E+00  0.00000000E+00  0.00000000E+00  0.00000000E+00  0.00000000E+00  7.01744796E-02  0.00000000E+00  0.00000000E+00 -1.20080071E-01
    0.639000      1   0.00000000E+00  0.00000000E+00  2.69680810E-03  0.00000000E+00  0.00000000E+00  0.00000000E+00  0.00000000E+00  0.00000000E+00  7.00544157E-02  0.00000000E+00  0.00000000E+00 -1.20063879E-01
    0.640000      1   0.00000000E+00  0.00000000E+00  2.66828681E-03  0.00000000E+00  0.00000000E+00  0.00000000E+00  0.00000000E+00  0.00000000E+00  6.99343392E-02  0.00000000E+00  0.00000000E+00 -1.20076519E-01
    0.641000      1   0.00000000E+00  0.00000000E+00  2.74160084E-03  0.00000000E+00  0.00000000E+00  0.00000000E+00  0.00000000E+00  0.00000000E+00  6.98142187E-02  0.00000000E+00  0.00000000E+00 -1.20120419E-01
    0.642000      1   0.00000000E+00  0.00000000E+00  2.80838356E-03  0.00000000E+00  0.00000000E+00  0.00000000E+00  0.00000000E+00  0.00000000E+00  6.96940580E-02  0.00000000E+00  0.00000000E+00 -1.20160721E-01
    0.643000      1   0.00000000E+00  0.00000000E+00  2.72363514E-03  0.00000000E+00  0.00000000E+00  0.00000000E+00  0.00000000E+00  0.00000000E+00  6.95738929E-02  0.00000000E+00  0.00000000E+00 -1.20165135E-01
    0.644000      1   0.00000000E+00  0.00000000E+00  2.64446706E-03  0.00000000E+00  0.00000000E+00  0.00000000E+00  0.00000000E+00  0.00000000E+00  6.94537303E-02  0.00000000E+00  0.00000000E+00 -1.20162604E-01
    0.645000      1   0.00000000E+00  0.00000000E+00  2.70262851E-03  0.00000000E+00  0.00000000E+00  0.00000000E+00  0.00000000E+00  0.00000000E+00  6.93335284E-02  0.00000000E+00  0.00000000E+00 -1.20201906E-01
    0.646000      1   0.00000000E+00  0.00000000E+00  2.84747771E-03  0.00000000E+00  0.00000000E+00  0.00000000E+00  0.00000000E+00  0.00000000E+00  6.92132715E-02  0.00000000E+00  0.00000000E+00 -1.20256922E-01
    0.647000      1   0.00000000E+00  0.00000000E+00  2.79770140E-03  0.00000000E+00  0.00000000E+00  0.00000000E+00  0.00000000E+00  0.00000000E+00  6.90930042E-02  0.00000000E+00  0.00000000E+00 -1.20267223E-01
    0.648000      1   0.00000000E+00  0.00000000E+00  2.66815144E-03  0.00000000E+00  0.00000000E+00  0.00000000E+00  0.00000000E+00  0.00000000E+00  6.89727655E-02  0.00000000E+00  0.00000000E+00 -1.20238755E-01
    0.649000      1   0.00000000E+00  0.00000000E+00  2.66009393E-03  0.00000000E+00  0.00000000E+00  0.00000000E+00  0.00000000E+00  0.00000000E+00  6.88525159E-02  0.00000000E+00  0.00000000E+00 -1.20249544E-01
    0.650000      1   0.00000000E+00  0.00000000E+00  2.73169585E-03  0.00000000E+00  0.00000000E+00  0.00000000E+00  0.00000000E+00  0.00000000E+00  6.87322116E-02  0.00000000E+00  0.00000000E+00 -1.20304303E-01
    0.651000      1   0.00000000E+00  0.00000000E+00  2.81591982E-03  0.00000000E+00  0.00000000E+00  0.00000000E+00  0.00000000E+00  0.00000000E+00  6.86118626E-02  0.00000000E+00  0.00000000E+00 -1.20349047E-01
    0.652000      1   0.00000000E+00  0.00000000E+00  2.77346945E-03  0.00000000E+00  0.00000000E+00  0.00000000E+00  0.00000000E+00  0.00000000E+00  6.84915072E-02  0.00000000E+00  0.00000000E+00 -1.20355382E-01
    0.653000      1   0.00000000E+00  0.00000000E+00  2.67005555E-03  0.00000000E+00  0.00000000E+00  0.00000000E+00  0.00000000E+00  0.00000000E+00  6.83711656E-02  0.00000000E+00  0.00000000E+00 -1.20341564E-01
    0.654000      1   0.00000000E+00  0.00000000E+00  2.65317967E-03  0.00000000E+00  0.00000000E+00  0.00000000E+00  0.00000000E+00  0.00000000E+00  6.82508057E-02  0.00000000E+00  0.00000000E+00 -1.20359974E-01
    0.655000      1   0.00000000E+00  0.00000000E+00  2.80654917E-03  0.00000000E+00  0.00000000E+00  0.00000000E+00  0.00000000E+00  0.00000000E+00  6.81303903E-02  0.00000000E+00  0.00000000E+00 -1.20415331E-01
    0.656000      1   0.00000000E+00  0.00000000E+00  2.81290485E-03  0.00000000E+00  0.00000000E+00  0.00000000E+00  0.00000000E+00  0.00000000E+00  6.80099412E-02  0.00000000E+00  0.00000000E+00 -1.20449109E-01
    0.657000      1   0.00000000E+00  0.00000000E+00  2.70705391E-03  0.00000000E+00  0.00000000E+00  0.00000000E+00  0.00000000E+00  0.00000000E+00  6.78895098E-02  0.00000000E+00  0.00000000E+00 -1.20431394E-01
    0.658000      1   0.00000000E+00  0.00000000E+00  2.66339494E-03  0.00000000E+00  0.00000000E+00  0.00000000E+00  0.00000000E+00  0.00000000E+00  6.77690795E-02  0.00000000E+00  0.00000000E+00 -1.20430310E-01
    0.659000      1   0.00000000E+00  0.00000000E+00  2.72315112E-03  0.00000000E+00  0.00000000E+00  0.00000000E+00  0.00000000E+00  0.00000000E+00  6.76486078E-02  0.00000000E+00  0.00000000E+00 -1.20471710E-01
    0.660000      1   0.00000000E+00  0.00000000E+00  2.79463607E-03  0.00000000E+00  0.00000000E+00  0.00000000E+00  0.00000000E+00  0.00000000E+00  6.75280909E-02  0.00000000E+00  0.00000000E+00 -1.20516881E-01
    0.661000      1   0.00000000E+00  0.00000000E+00  2.78979419E-03  0.00000000E+00  0.00000000E+00  0.00000000E+00  0.00000000E+00  0.00000000E+00  6.74075611E-02  0.00000000E+00  0.00000000E+00 -1.20529786E-01
    0.662000      1   0.00000000E+00  0.00000000E+00  2.69451241E-03  0.00000000E+00  0.00000000E+00  0.00000000E+00  0.00000000E+00  0.00000000E+00  6.72870411E-02  0.00000000E+00  0.00000000E+00 -1.20520070E-01
    0.663000      1   0.00000000E+00  0.00000000E+00  2.67481778E-03  0.00000000E+00  0.00000000E+00  0.00000000E+00  0.00000000E+00  0.00000000E+00  6.71665123E-02  0.00000000E+00  0.00000000E+00 -1.20528794E-01
    0.664000      1   0.00000000E+00  0.00000000E+00  2.74284603E-03  0.00000000E+00  0.00000000E+00  0.00000000E+00  0.00000000E+00  0.00000000E+00  6.70459400E-02  0.00000000E+00  0.00000000E+00 -1.20572293E-01
    0.665000      1   0.00000000E+00  0.00000000E+00  2.81031557E-03  0.00000000E+00  0.00000000E+00  0.00000000E+00  0.00000000E+00  0.00000000E+00  6.69253298E-02  0.00000000E+00  0.00000000E+00 -1.20610230E-01
    0.666000      1   0.00000000E+00  0.00000000E+00  2.75868406E-03  0.00000000E+00  0.00000000E+00  0.00000000E+00  0.00000000E+00  0.00000000E+00  6.68047159E-02  0.00000000E+00  0.00000000E+00 -1.20613894E-01
    0.667000      1   0.00000000E+00  0.00000000E+00  2.67370682E-03  0.00000000E+00  0.00000000E+00  0.00000000E+00  0.00000000E+00  0.00000000E+00  6.66841113E-02  0.00000000E+00  0.00000000E+00 -1.20604530E-01
    0.668000      1   0.00000000E+00  0.00000000E+00  2.67535414E-03  0.00000000E+00  0.00000000E+00  0.00000000E+00  0.00000000E+00  0.00000000E+00  6.65634842E-02  0.00000000E+00  0.00000000E+00 -1.20627150E-01
    0.669000      1   0.00000000E+00  0.00000000E+00  2.82264795E-03  0.00000000E+00  0.00000000E+00  0.00000000E+00  0.00000000E+00  0.00000000E+00  6.64428068E-02  0.00000000E+00  0.00000000E+00 -1.20677387E-01
    0.670000      1   0.00000000E+00  0.00000000E+00  2.81688500E-03  0.00000000E+00  0.00000000E+00  0.00000000E+00  0.00000000E+00  0.00000000E+00  6.63221058E-02  0.00000000E+00  0.00000000E+00 -1.20701036E-01
    0.671000      1   0.00000000E+00  0.00000000E+00  2.65304367E-03  0.00000000E+00  0.00000000E+00  0.00000000E+00  0.00000000E+00  0.00000000E+00  6.62014284E-02  0.00000000E+00  0.00000000E+00 -1.20677330E-01
    0.672000      1   0.00000000E+00  0.00000000E+00  2.65661606E-03  0.00000000E+00  0.00000000E+00  0.00000000E+00  0.00000000E+00  0.00000000E+00  6.60807439E-02  0.00000000E+00  0.00000000E+00 -1.20684490E-01
    0.673000      1   0.00000000E+00  0.00000000E+00  2.75126838E-03  0.00000000E+00  0.00000000E+00  0.00000000E+00  0.00000000E+00  0.00000000E+00  6.59599991E-02  0.00000000E+00  0.00000000E+00 -1.20744826E-01
    0.674000      1   0.00000000E+00  0.00000000E+00  2.82488400E-03  0.00000000E+00  0.00000000E+00  0.00000000E+00  0.00000000E+00  0.00000000E+00  6.58392119E-02  0.00000000E+00  0.00000000E+00 -1.20787252E-01
    0.675000      1   0.00000000E+00  0.00000000E+00  2.78188760E-03  0.00000000E+00  0.00000000E+00  0.00000000E+00  0.00000000E+00  0.00000000E+00  6.57184263E-02  0.00000000E+00  0.00000000E+00 -1.20785573E-01
    0.676000      1   0.00000000E+00  0.00000000E+00  2.69330929E-03  0.00000000E+00  0.00000000E+00  0.00000000E+00  0.00000000E+00  0.00000000E+00  6.55976590E-02  0.00000000E+00  0.00000000E+00 -1.20767322E-01
    0.677000      1   0.00000000E+00  0.00000000E+00  2.67585006E-03  0.00000000E+00  0.00000000E+00  0.00000000E+00  0.00000000E+00  0.00000000E+00  6.54768801E-02  0.00000000E+00  0.00000000E+00 -1.20778855E-01
    0.678000      1   0.00000000E+00  0.00000000E+00  2.78204028E-03  0.00000000E+00  0.00000000E+00  0.00000000E+00  0.00000000E+00  0.00000000E+00  6.53560575E-02  0.00000000E+00  0.00000000E+00 -1.20822567E-01
    0.679000      1   0.00000000E+00  0.00000000E+00  2.83188922E-03  0.00000000E+00  0.00000000E+00  0.00000000E+00  0.00000000E+00  0.00000000E+00  6.52352043E-02  0.00000000E+00  0.00000000E+00 -1.20853233E-01
    0.680000      1   0.00000000E+00  0.00000000E+00  2.69828518E-03  0.00000000E+00  0.00000000E+00  0.00000000E+00  0.00000000E+00  0.00000000E+00  6.51143641E-02  0.00000000E+00  0.00000000E+00 -1.20840210E-01
    0.681000      1   0.00000000E+00  0.00000000E+00  2.64635780E-03  0.00000000E+00  0.00000000E+00  0.00000000E+00  0.00000000E+00  0.00000000E+00  6.49935297E-02  0.00000000E+00  0.00000000E+00 -1.20834442E-01
    0.682000      1   0.00000000E+00  0.00000000E+00  2.73294556E-03  0.00000000E+00  0.00000000E+00  0.00000000E+00  0.00000000E+00  0.00000000E+00  6.48726479E-02  0.00000000E+00  0.00000000E+00 -1.20881735E-01
    0.683000      1   0.00000000E+00  0.00000000E+00  2.81598110E-03  0.00000000E+00  0.00000000E+00  0.00000000E+00  0.00000000E+00  0.00000000E+00  6.47517172E-02  0.00000000E+00  0.00000000E+00 -1.20930769E-01
    0.684000      1   0.00000000E+00  0.00000000E+00  2.80778581E-03  0.00000000E+00  0.00000000E+00  0.00000000E+00  0.00000000E+00  0.00000000E+00  6.46307805E-02  0.00000000E+00  0.00000000E+00 -1.20936683E-01
    0.685000      1   0.00000000E+00  0.00000000E+00  2.70774232E-03  0.00000000E+00  0.00000000E+00  0.00000000E+00  0.00000000E+00  0.00000000E+00  6.45098637E-02  0.00000000E+00  0.00000000E+00 -1.20916775E-01
    0.686000      1   0.00000000E+00  0.00000000E+00  2.68199096E-03  0.00000000E+00  0.00000000E+00  0.00000000E+00  0.00000000E+00  0.00000000E+00  6.43889464E-02  0.00000000E+00  0.00000000E+00 -1.20917251E-01
    0.687000      1   0.00000000E+00  0.00000000E+00  2.71675043E-03  0.00000000E+00  0.00000000E+00  0.00000000E+00  0.00000000E+00  0.00000000E+00  6.42679913E-02  0.00000000E+00  0.00000000E+00 -1.20955136E-01
    0.688000      1   0.00000000E+00  0.00000000E+00  2.81877031E-03  0.00000000E+00  0.00000000E+00  0.00000000E+00  0.00000000E+00  0.00000000E+00  6.41469960E-02  0.00000000E+00  0.00000000E+00 -1.20995332E-01
    0.689000      1   0.00000000E+00  0.00000000E+00  2.75445264E-03  0.00000000E+00  0.00000000E+00  0.00000000E+00  0.00000000E+00  0.00000000E+00  6.40259899E-02  0.00000000E+00  0.00000000E+00 -1.21006071E-01
    0.690000      1   0.00000000E+00  0.00000000E+00  2.65728836E-03  0.00000000E+00  0.00000000E+00  0.00000000E+00  0.00000000E+00  0.00000000E+00  6.39049952E-02  0.00000000E+00  0.00000000E+00 -1.20994679E-01
    0.691000      1   0.00000000E+00  0.00000000E+00  2.68128224E-03  0.00000000E+00  0.00000000E+00  0.00000000E+00  0.00000000E+00  0.00000000E+00  6.37839736E-02  0.00000000E+00  0.00000000E+00 -1.21021593E-01
    0.692000      1   0.00000000E+00  0.00000000E+00  2.85333036E-03  0.00000000E+00  0.00000000E+00  0.00000000E+00  0.00000000E+00  0.00000000E+00  6.36628975E-02  0.00000000E+00  0.00000000E+00 -1.21076173E-01
    0.693000      1   0.00000000E+00  0.00000000E+00  2.80857574E-03  0.00000000E+00  0.00000000E+00  0.00000000E+00  0.00000000E+00  0.00000000E+00  6.35418050E-02  0.00000000E+00  0.00000000E+00 -1.21092449E-01
    0.694000      1   0.00000000E+00  0.00000000E+00  2.68680267E-03  0.00000000E+00  0.00000000E+00  0.00000000E+00  0.00000000E+00  0.00000000E+00  6.34207449E-02  0.00000000E+00  0.00000000E+00 -1.21060136E-01
    0.695000      1   0.00000000E+00  0.00000000E+00  2.67359863E-03  0.00000000E+00  0.00000000E+00  0.00000000E+00  0.00000000E+00  0.00000000E+00  6.32996808E-02  0.00000000E+00  0.00000000E+00 -1.21064055E-01
    0.696000      1   0.00000000E+00  0.00000000E+00  2.74692929E-03  0.00000000E+00  0.00000000E+00  0.00000000E+00  0.00000000E+00  0.00000000E+00  6.31785705E-02  0.00000000E+00  0.00000000E+00 -1.21110301E-01
    0.697000      1   0.00000000E+00  0.00000000E+00  2.81846200E-03  0.00000000E+00  0.00000000E+00  0.00000000E+00  0.00000000E+00  0.00000000E+00  6.30574226E-02  0.00000000E+00  0.00000000E+00 -1.21147916E-01
    0.698000      1   0.00000000E+00  0.00000000E+00  2.77994210E-03  0.00000000E+00  0.00000000E+00  0.00000000E+00  0.00000000E+00  0.00000000E+00  6.29362738E-02  0.00000000E+00  0.00000000E+00 -1.21148799E-01
    0.699000      1   0.00000000E+00  0.00000000E+00  2.67187610E-03  0.00000000E+00  0.00000000E+00  0.00000000E+00  0.00000000E+00  0.00000000E+00  6.28151408E-02  0.00000000E+00  0.00000000E+00 -1.21133001E-01
    0.700000      1   0.00000000E+00  0.00000000E+00  2.65731326E-03  0.00000000E+00  0.00000000E+00  0.00000000E+00  0.00000000E+00  0.00000000E+00  6.26939918E-02  0.00000000E+00  0.00000000E+00 -1.21148963E-01
    0.701000      1   0.00000000E+00  0.00000000E+00  2.81824232E-03  0.00000000E+00  0.00000000E+00  0.00000000E+00  0.00000000E+00  0.00000000E+00  6.25727888E-02  0.00000000E+00  0.00000000E+00 -1.21202992E-01
    0.702000      1   0.00000000E+00  0.00000000E+00  2.83988305E-03  0.00000000E+00  0.00000000E+00  0.00000000E+00  0.00000000E+00  0.00000000E+00  6.24515555E-02  0.00000000E+00  0.00000000E+00 -1.21233344E-01
    0.703000      1   0.00000000E+00  0.00000000E+00  2.70711090E-03  0.00000000E+00  0.00000000E+00  0.00000000E+00  0.00000000E+00  0.00000000E+00  6.23303485E-02  0.00000000E+00  0.00000000E+00 -1.21207018E-01
    0.704000      1   0.00000000E+00  0.00000000E+00  2.65531944E-03  0.00000000E+00  0.00000000E+00  0.00000000E+00  0.00000000E+00  0.00000000E+00  6.22091514E-02  0.00000000E+00  0.00000000E+00 -1.21197064E-01
    0.705000      1   0.00000000E+00  0.00000000E+00  2.72709884E-03  0.00000000E+00  0.00000000E+00  0.00000000E+00  0.00000000E+00  0.00000000E+00  6.20879115E-02  0.00000000E+00  0.00000000E+00 -1.21239873E-01
    0.706000      1   0.00000000E+00  0.00000000E+00  2.82902615E-03  0.00000000E+00  0.00000000E+00  0.00000000E+00  0.00000000E+00  0.00000000E+00  6.19666245E-02  0.00000000E+00  0.00000000E+00 -1.21286998E-01
    0.707000      1   0.00000000E+00  0.00000000E+00  2.79091237E-03  0.00000000E+00  0.00000000E+00  0.00000000E+00  0.00000000E+00  0.00000000E+00  6.18453320E-02  0.00000000E+00  0.00000000E+00 -1.21292525E-01
    0.708000      1   0.00000000E+00  0.00000000E+00  2.70735046E-03  0.00000000E+00  0.00000000E+00  0.00000000E+00  0.00000000E+00  0.00000000E+00  6.17240607E-02  0.00000000E+00  0.00000000E+00 -1.21271318E-01
    0.709000      1   0.00000000E+00  0.00000000E+00  2.66247175E-03  0.00000000E+00  0.00000000E+00  0.00000000E+00  0.00000000E+00  0.00000000E+00  6.16027833E-02  0.00000000E+00  0.00000000E+00 -1.21277404E-01
    0.710000      1   0.00000000E+00  0.00000000E+00  2.76331153E-03  0.00000000E+00  0.00000000E+00  0.00000000E+00  0.00000000E+00  0.00000000E+00  6.14814644E-02  0.00000000E+00  0.00000000E+00 -1.21318870E-01
    0.711000      1   0.00000000E+00  0.00000000E+00  2.81028701E-03  0.00000000E+00  0.00000000E+00  0.00000000E+00  0.00000000E+00  0.00000000E+00  6.13601072E-02  0.00000000E+00  0.00000000E+00 -1.21357242E-01
    0.712000      1   0.00000000E+00  0.00000000E+00  2.74982360E-03  0.00000000E+00  0.00000000E+00  0.00000000E+00  0.00000000E+00  0.00000000E+00  6.12387530E-02  0.00000000E+00  0.00000000E+00 -1.21354190E-01
    0.713000      1   0.00000000E+00  0.00000000E+00  2.68763540E-03  0.00000000E+00  0.00000000E+00  0.00000000E+00  0.00000000E+00  0.00000000E+00  6.11174066E-02  0.00000000E+00  0.00000000E+00 -1.21346403E-01
    0.714000      1   0.00000000E+00  0.00000000E+00  2.70323660E-03  0.00000000E+00  0.00000000E+00  0.00000000E+00  0.00000000E+00  0.00000000E+00  6.09960371E-02  0.00000000E+00  0.00000000E+00 -1.21369470E-01
    0.715000      1   0.00000000E+00  0.00000000E+00  2.80776699E-03  0.00000000E+00  0.00000000E+00  0.00000000E+00  0.00000000E+00  0.00000000E+00  6.08746269E-02  0.00000000E+00  0.00000000E+00 -1.21410202E-01
    0.716000      1   0.00000000E+00  0.00000000E+00  2.79399603E-03  0.00000000E+00  0.00000000E+00  0.00000000E+00  0.00000000E+00  0.00000000E+00  6.07531996E-02  0.00000000E+00  0.00000000E+00 -1.21427325E-01
    0.717000      1   0.00000000E+00  0.00000000E+00  2.70523358E-03  0.00000000E+00  0.00000000E+00  0.00000000E+00  0.00000000E+00  0.00000000E+00  6.06317870E-02  0.00000000E+00  0.00000000E+00 -1.21412554E-01
    0.718000      1   0.00000000E+00  0.00000000E+00  2.67243120E-03  0.00000000E+00  0.00000000E+00  0.00000000E+00  0.00000000E+00  0.00000000E+00  6.05103690E-02  0.00000000E+00  0.00000000E+00 -1.21418002E-01
    0.719000      1   0.00000000E+00  0.00000000E+00  2.76333964E-03  0.00000000E+00  0.00000000E+00  0.00000000E+00  0.00000000E+00  0.00000000E+00  6.03889106E-02  0.00000000E+00  0.00000000E+00 -1.21458401E-01
    0.720000      1   0.00000000E+00  0.00000000E+00  2.81109478E-03  0.00000000E+00  0.00000000E+00  0.00000000E+00  0.00000000E+00  0.00000000E+00  6.02674171E-02  0.00000000E+00  0.00000000E+00 -1.21493498E-01
    0.721000      1   0.00000000E+00  0.00000000E+00  2.76421210E-03  0.00000000E+00  0.00000000E+00  0.00000000E+00  0.00000000E+00  0.00000000E+00  6.01459269E-02  0.00000000E+00  0.00000000E+00 -1.21490294E-01
    0.722000      1   0.00000000E+00  0.00000000E+00  2.67791195E-03  0.00000000E+00  0.00000000E+00  0.00000000E+00  0.00000000E+00  0.00000000E+00  6.00244472E-02  0.00000000E+00  0.00000000E+00 -1.21479697E-01
    0.723000      1   0.00000000E+00  0.00000000E+00  2.68321085E-03  0.00000000E+00  0.00000000E+00  0.00000000E+00  0.00000000E+00  0.00000000E+00  5.99029474E-02  0.00000000E+00  0.00000000E+00 -1.21499758E-01
    0.724000      1   0.00000000E+00  0.00000000E+00  2.84010665E-03  0.00000000E+00  0.00000000E+00  0.00000000E+00  0.00000000E+00  0.00000000E+00  5.97814002E-02  0.00000000E+00  0.00000000E+00 -1.21547224E-01
    0.725000      1   0.00000000E+00  0.00000000E+00  2.84960950E-03  0.00000000E+00  0.00000000E+00  0.00000000E+00  0.00000000E+00  0.00000000E+00  5.96598350E-02  0.00000000E+00  0.00000000E+00 -1.21565205E-01
    0.726000      1   0.00000000E+00  0.00000000E+00  2.65919629E-03  0.00000000E+00  0.00000000E+00  0.00000000E+00  0.00000000E+00  0.00000000E+00  5.95383050E-02  0.00000000E+00  0.00000000E+00 -1.21529978E-01
    0.727000      1   0.00000000E+00  0.00000000E+00  2.65045738E-03  0.00000000E+00  0.00000000E+00  0.00000000E+00  0.00000000E+00  0.00000000E+00  5.94167797E-02  0.00000000E+00  0.00000000E+00 -1.21525304E-01
    0.728000      1   0.00000000E+00  0.00000000E+00  2.75301880E-03  0.00000000E+00  0.00000000E+00  0.00000000E+00  0.00000000E+00  0.00000000E+00  5.92951950E-02  0.00000000E+00  0.00000000E+00 -1.21584708E-01
    0.729000      1   0.00000000E+00  0.00000000E+00  2.83505163E-03  0.00000000E+00  0.00000000E+00  0.00000000E+00  0.00000000E+00  0.00000000E+00  5.91735661E-02  0.00000000E+00  0.00000000E+00 -1.21628847E-01
    0.730000      1   0.00000000E+00  0.00000000E+00  2.79343283E-03  0.00000000E+00  0.00000000E+00  0.00000000E+00  0.00000000E+00  0.00000000E+00  5.90519413E-02  0.00000000E+00  0.00000000E+00 -1.21624795E-01
    0.731000      1   0.00000000E+00  0.00000000E+00  2.70022051E-03  0.00000000E+00  0.00000000E+00  0.00000000E+00  0.00000000E+00  0.00000000E+00  5.89303402E-02  0.00000000E+00  0.00000000E+00 -1.21601163E-01
    0.732000      1   0.00000000E+00  0.00000000E+00  2.67855814E-03  0.00000000E+00  0.00000000E+00  0.00000000E+00  0.00000000E+00  0.00000000E+00  5.88087325E-02  0.00000000E+00  0.00000000E+00 -1.21607683E-01
    0.733000      1   0.00000000E+00  0.00000000E+00  2.78978390E-03  0.00000000E+00  0.00000000E+00  0.00000000E+00  0.00000000E+00  0.00000000E+00  5.86870838E-02  0.00000000E+00  0.00000000E+00 -1.21648645E-01
    0.734000      1   0.00000000E+00  0.00000000E+00  2.83979865E-03  0.00000000E+00  0.00000000E+00  0.00000000E+00  0.00000000E+00  0.00000000E+00  5.85654068E-02  0.00000000E+00  0.00000000E+00 -1.21677053E-01
    0.735000      1   0.00000000E+00  0.00000000E+00  2.70112503E-03  0.00000000E+00  0.00000000E+00  0.00000000E+00  0.00000000E+00  0.00000000E+00  5.84437467E-02  0.00000000E+00  0.00000000E+00 -1.21660089E-01
    0.736000      1   0.00000000E+00  0.00000000E+00  2.66484428E-03  0.00000000E+00  0.00000000E+00  0.00000000E+00  0.00000000E+00  0.00000000E+00  5.83220955E-02  0.00000000E+00  0.00000000E+00 -1.21651221E-01
    0.737000      1   0.00000000E+00  0.00000000E+00  2.74177416E-03  0.00000000E+00  0.00000000E+00  0.00000000E+00  0.00000000E+00  0.00000000E+00  5.82004012E-02  0.00000000E+00  0.00000000E+00 -1.21694312E-01
    0.738000      1   0.00000000E+00  0.00000000E+00  2.81676114E-03  0.00000000E+00  0.00000000E+00  0.00000000E+00  0.00000000E+00  0.00000000E+00  5.80786655E-02  0.00000000E+00  0.00000000E+00 -1.21735713E-01
    0.739000      1   0.00000000E+00  0.00000000E+00  2.79944829E-03  0.00000000E+00  0.00000000E+00  0.00000000E+00  0.00000000E+00  0.00000000E+00  5.79569269E-02  0.00000000E+00  0.00000000E+00 -1.21738590E-01
    0.740000      1   0.00000000E+00  0.00000000E+00  2.72758846E-03  0.00000000E+00  0.00000000E+00  0.00000000E+00  0.00000000E+00  0.00000000E+00  5.78352070E-02  0.00000000E+00  0.00000000E+00 -1.21719901E-01
    0.741000      1   0.00000000E+00  0.00000000E+00  2.68921743E-03  0.00000000E+00  0.00000000E+00  0.00000000E+00  0.00000000E+00  0.00000000E+00  5.77134874E-02  0.00000000E+00  0.00000000E+00 -1.21719605E-01
    0.742000      1   0.00000000E+00  0.00000000E+00  2.75141104E-03  0.00000000E+00  0.00000000E+00  0.00000000E+00  0.00000000E+00  0.00000000E+00  5.75917377E-02  0.00000000E+00  0.00000000E+00 -1.21749695E-01
    0.743000      1   0.00000000E+00  0.00000000E+00  2.82464252E-03  0.00000000E+00  0.00000000E+00  0.00000000E+00  0.00000000E+00  0.00000000E+00  5.74699563E-02  0.00000000E+00  0.00000000E+00 -1.21781388E-01
    0.744000      1   0.00000000E+00  0.00000000E+00  2.73258566E-03  0.00000000E+00  0.00000000E+00  0.00000000E+00  0.00000000E+00  0.00000000E+00  5.73481766E-02  0.00000000E+00  0.00000000E+00 -1.21779705E-01
    0.745000      1   0.00000000E+00  0.00000000E+00  2.66998619E-03  0.00000000E+00  0.00000000E+00  0.00000000E+00  0.00000000E+00  0.00000000E+00  5.72264063E-02  0.00000000E+00  0.00000000E+00 -1.21770252E-01
    0.746000      1   0.00000000E+00  0.00000000E+00  2.71644654E-03  0.00000000E+00  0.00000000E+00  0.00000000E+00  0.00000000E+00  0.00000000E+00  5.71046042E-02  0.00000000E+00  0.00000000E+00 -1.21802101E-01
    0.747000      1   0.00000000E+00  0.00000000E+00  2.83622960E-03  0.00000000E+00  0.00000000E+00  0.00000000E+00  0.00000000E+00  0.00000000E+00  5.69827579E-02  0.00000000E+00  0.00000000E+00 -1.21846293E-01
    0.748000      1   0.00000000E+00  0.00000000E+00  2.81756301E-03  0.00000000E+00  0.00000000E+00  0.00000000E+00  0.00000000E+00  0.00000000E+00  5.68609039E-02  0.00000000E+00  0.00000000E+00 -1.21854044E-01
    0.749000      1   0.00000000E+00  0.00000000E+00  2.72076052E-03  0.00000000E+00  0.00000000E+00  0.00000000E+00  0.00000000E+00  0.00000000E+00  5.67390781E-02  0.00000000E+00  0.00000000E+00 -1.21825758E-01
    0.750000      1   0.00000000E+00  0.00000000E+00  2.68258544E-03  0.00000000E+00  0.00000000E+00  0.00000000E+00  0.00000000E+00  0.00000000E+00  5.66172574E-02  0.00000000E+00  0.00000000E+00 -1.21820721E-01
    0.751000      1   0.00000000E+00  0.00000000E+00  2.73416746E-03  0.00000000E+00  0.00000000E+00  0.00000000E+00  0.00000000E+00  0.00000000E+00  5.64954032E-02  0.00000000E+00  0.00000000E+00 -1.21854225E-01
    0.752000      1   0.00000000E+00  0.00000000E+00  2.82136785E-03  0.00000000E+00  0.00000000E+00  0.00000000E+00  0.00000000E+00  0.00000000E+00  5.63735120E-02  0.00000000E+00  0.00000000E+00 -1.21891146E-01
    0.753000      1   0.00000000E+00  0.00000000E+00  2.76681236E-03  0.00000000E+00  0.00000000E+00  0.00000000E+00  0.00000000E+00  0.00000000E+00  5.62516163E-02  0.00000000E+00  0.00000000E+00 -1.21895706E-01
    0.754000      1   0.00000000E+00  0.00000000E+00  2.67394411E-03  0.00000000E+00  0.00000000E+00  0.00000000E+00  0.00000000E+00  0.00000000E+00  5.61297351E-02  0.00000000E+00  0.00000000E+00 -1.21881275E-01
    0.755000      1   0.00000000E+00  0.00000000E+00  2.68996843E-03  0.00000000E+00  0.00000000E+00  0.00000000E+00  0.00000000E+00  0.00000000E+00  5.60078339E-02  0.00000000E+00  0.00000000E+00 -1.21901184E-01
    0.756000      1   0.00000000E+00  0.00000000E+00  2.85485979E-03  0.00000000E+00  0.00000000E+00  0.00000000E+00  0.00000000E+00  0.00000000E+00  5.58858851E-02  0.00000000E+00  0.00000000E+00 -1.21948758E-01
    0.757000      1   0.00000000E+00  0.00000000E+00  2.81935174E-03  0.00000000E+00  0.00000000E+00  0.00000000E+00  0.00000000E+00  0.00000000E+00  5.57639232E-02  0.00000000E+00  0.00000000E+00 -1.21961911E-01
    0.758000      1   0.00000000E+00  0.00000000E+00  2.68771709E-03  0.00000000E+00  0.00000000E+00  0.00000000E+00  0.00000000E+00  0.00000000E+00  5.56419960E-02  0.00000000E+00  0.00000000E+00 -1.21927190E-01
    0.759000      1   0.00000000E+00  0.00000000E+00  2.68275653E-03  0.00000000E+00  0.00000000E+00  0.00000000E+00  0.00000000E+00  0.00000000E+00  5.55200686E-02  0.00000000E+00  0.00000000E+00 -1.21927408E-01
    0.760000      1   0.00000000E+00  0.00000000E+00  2.75640198E-03  0.00000000E+00  0.00000000E+00  0.00000000E+00  0.00000000E+00  0.00000000E+00  5.53980969E-02  0.00000000E+00  0.00000000E+00 -1.21971735E-01
    0.761000      1   0.00000000E+00  0.00000000E+00  2.82575036E-03  0.00000000E+00  0.00000000E+00  0.00000000E+00  0.00000000E+00  0.00000000E+00  5.52760922E-02  0.00000000E+00  0.00000000E+00 -1.22004667E-01
    0.762000      1   0.00000000E+00  0.00000000E+00  2.77911963E-03  0.00000000E+00  0.00000000E+00  0.00000000E+00  0.00000000E+00  0.00000000E+00  5.51540911E-02  0.00000000E+00  0.00000000E+00 -1.22001150E-01
    0.763000      1   0.00000000E+00  0.00000000E+00  2.68005459E-03  0.00000000E+00  0.00000000E+00  0.00000000E+00  0.00000000E+00  0.00000000E+00  5.50321079E-02  0.00000000E+00  0.00000000E+00 -1.21983103E-01
    0.764000      1   0.00000000E+00  0.00000000E+00  2.66367727E-03  0.00000000E+00  0.00000000E+00  0.00000000E+00  0.00000000E+00  0.00000000E+00  5.49101101E-02  0.00000000E+00  0.00000000E+00 -1.21997890E-01
    0.765000      1   0.00000000E+00  0.00000000E+00  2.84652944E-03  0.00000000E+00  0.00000000E+00  0.00000000E+00  0.00000000E+00  0.00000000E+00  5.47880619E-02  0.00000000E+00  0.00000000E+00 -1.22048107E-01
    0.766000      1   0.00000000E+00  0.00000000E+00  2.86074067E-03  0.00000000E+00  0.00000000E+00  0.00000000E+00  0.00000000E+00  0.00000000E+00  5.46659906E-02  0.00000000E+00  0.00000000E+00 -1.22071367E-01
    0.767000      1   0.00000000E+00  0.00000000E+00  2.69710703E-03  0.00000000E+00  0.00000000E+00  0.00000000E+00  0.00000000E+00  0.00000000E+00  5.45439585E-02  0.00000000E+00  0.00000000E+00 -1.22032063E-01
    0.768000      1   0.00000000E+00  0.00000000E+00  2.66561715E-03  0.00000000E+00  0.00000000E+00  0.00000000E+00  0.00000000E+00  0.00000000E+00  5.44219415E-02  0.00000000E+00  0.00000000E+00 -1.22017028E-01
    0.769000      1   0.00000000E+00  0.00000000E+00  2.75066154E-03  0.00000000E+00  0.00000000E+00  0.00000000E+00  0.00000000E+00  0.00000000E+00  5.42998802E-02  0.00000000E+00  0.00000000E+00 -1.22061302E-01
    0.770000      1   0.00000000E+00  0.00000000E+00  2.84406719E-03  0.00000000E+00  0.00000000E+00  0.00000000E+00  0.00000000E+00  0.00000000E+00  5.41777793E-02  0.00000000E+00  0.00000000E+00 -1.22100878E-01
    0.771000      1   0.00000000E+00  0.00000000E+00  2.78746382E-03  0.00000000E+00  0.00000000E+00  0.00000000E+00  0.00000000E+00  0.00000000E+00  5.40556833E-02  0.00000000E+00  0.00000000E+00 -1.22096007E-01
    0.772000      1   0.00000000E+00  0.00000000E+00  2.69001838E-03  0.00000000E+00  0.00000000E+00  0.00000000E+00  0.00000000E+00  0.00000000E+00  5.39336128E-02  0.00000000E+00  0.00000000E+00 -1.22070469E-01
    0.773000      1   0.00000000E+00  0.00000000E+00  2.66200008E-03  0.00000000E+00  0.00000000E+00  0.00000000E+00  0.00000000E+00  0.00000000E+00  5.38115321E-02  0.00000000E+00  0.00000000E+00 -1.22080753E-01
    0.774000      1   0.00000000E+00  0.00000000E+00  2.81918747E-03  0.00000000E+00  0.00000000E+00  0.00000000E+00  0.00000000E+00  0.00000000E+00  5.36894041E-02  0.00000000E+00  0.00000000E+00 -1.22127995E-01
    0.775000      1   0.00000000E+00  0.00000000E+00  2.83377435E-03  0.00000000E+00  0.00000000E+00  0.00000000E+00  0.00000000E+00  0.00000000E+00  5.35672474E-02  0.00000000E+00  0.00000000E+00 -1.22156641E-01
    0.776000      1   0.00000000E+00  0.00000000E+00  2.72676625E-03  0.00000000E+00  0.00000000E+00  0.00000000E+00  0.00000000E+00  0.00000000E+00  5.34451164E-02  0.00000000E+00  0.00000000E+00 -1.22131085E-01
    0.777000      1   0.00000000E+00  0.00000000E+00  2.67779770E-03  0.00000000E+00  0.00000000E+00  0.00000000E+00  0.00000000E+00  0.00000000E+00  5.33229967E-02  0.00000000E+00  0.00000000E+00 -1.22119661E-01
    0.778000      1   0.00000000E+00  0.00000000E+00  2.73462868E-03  0.00000000E+00  0.00000000E+00  0.00000000E+00  0.00000000E+00  0.00000000E+00  5.32008447E-02  0.00000000E+00  0.00000000E+00 -1.22152040E-01
    0.779000      1   0.00000000E+00  0.00000000E+00  2.81793068E-03  0.00000000E+00  0.00000000E+00  0.00000000E+00  0.00000000E+00  0.00000000E+00  5.30786542E-02  0.00000000E+00  0.00000000E+00 -1.22190451E-01
    0.780000      1   0.00000000E+00  0.00000000E+00  2.79864835E-03  0.00000000E+00  0.00000000E+00  0.00000000E+00  0.00000000E+00  0.00000000E+00  5.29564587E-02  0.00000000E+00  0.00000000E+00 -1.22195467E-01
    0.781000      1   0.00000000E+00  0.00000000E+00  2.72477863E-03  0.00000000E+00  0.00000000E+00  0.00000000E+00  0.00000000E+00  0.00000000E+00  5.28342822E-02  0.00000000E+00  0.00000000E+00 -1.22176536E-01
    0.782000      1   0.00000000E+00  0.00000000E+00  2.67699487E-03  0.00000000E+00  0.00000000E+00  0.00000000E+00  0.00000000E+00  0.00000000E+00  5.27121052E-02  0.00000000E+00  0.00000000E+00 -1.22177000E-01
    0.783000      1   0.00000000E+00  0.00000000E+00  2.77267982E-03  0.00000000E+00  0.00000000E+00  0.00000000E+00  0.00000000E+00  0.00000000E+00  5.25898950E-02  0.00000000E+00  0.00000000E+00 -1.22210174E-01
    0.784000      1   0.00000000E+00  0.00000000E+00  2.82149262E-03  0.00000000E+00  0.00000000E+00  0.00000000E+00  0.00000000E+00  0.00000000E+00  5.24676529E-02  0.00000000E+00  0.00000000E+00 -1.22242120E-01
    0.785000      1   0.00000000E+00  0.00000000E+00  2.75283767E-03  0.00000000E+00  0.00000000E+00  0.00000000E+00  0.00000000E+00  0.00000000E+00  5.23454189E-02  0.00000000E+00  0.00000000E+00 -1.22234009E-01
    0.786000      1   0.00000000E+00  0.00000000E+00  2.69132070E-03  0.00000000E+00  0.00000000E+00  0.00000000E+00  0.00000000E+00  0.00000000E+00  5.22231969E-02  0.00000000E+00  0.00000000E+00 -1.22222009E-01
    0.787000      1   0.00000000E+00  0.00000000E+00  2.72146549E-03  0.00000000E+00  0.00000000E+00  0.00000000E+00  0.00000000E+00  0.00000000E+00  5.21009535E-02  0.00000000E+00  0.00000000E+00 -1.22243434E-01
    0.788000      1   0.00000000E+00  0.00000000E+00  2.80495448E-03  0.00000000E+00  0.00000000E+00  0.00000000E+00  0.00000000E+00  0.00000000E+00  5.19786737E-02  0.00000000E+00  0.00000000E+00 -1.22279732E-01
    0.789000      1   0.00000000E+00  0.00000000E+00  2.82159114E-03  0.00000000E+00  0.00000000E+00  0.00000000E+00  0.00000000E+00  0.00000000E+00  5.18563824E-02  0.00000000E+00  0.00000000E+00 -1.22291366E-01
    0.790000      1   0.00000000E+00  0.00000000E+00  2.71849758E-03  0.00000000E+00  0.00000000E+00  0.00000000E+00  0.00000000E+00  0.00000000E+00  5.17341097E-02  0.00000000E+00  0.00000000E+00 -1.22272638E-01
    0.791000      1   0.00000000E+00  0.00000000E+00  2.68824995E-03  0.00000000E+00  0.00000000E+00  0.00000000E+00  0.00000000E+00  0.00000000E+00  5.16118430E-02  0.00000000E+00  0.00000000E+00 -1.22266678E-01
    0.792000      1   0.00000000E+00  0.00000000E+00  2.75320678E-03  0.00000000E+00  0.00000000E+00  0.00000000E+00  0.00000000E+00  0.00000000E+00  5.14895431E-02  0.00000000E+00  0.00000000E+00 -1.22299925E-01
    0.793000      1   0.00000000E+00  0.00000000E+00  2.83317638E-03  0.00000000E+00  0.00000000E+00  0.00000000E+00  0.00000000E+00  0.00000000E+00  5.13672115E-02  0.00000000E+00  0.00000000E+00 -1.22331618E-01
    0.794000      1   0.00000000E+00  0.00000000E+00  2.76162504E-03  0.00000000E+00  0.00000000E+00  0.00000000E+00  0.00000000E+00  0.00000000E+00  5.12448837E-02  0.00000000E+00  0.00000000E+00 -1.22327837E-01
    0.795000      1   0.00000000E+00  0.00000000E+00  2.68639781E-03  0.00000000E+00  0.00000000E+00  0.00000000E+00  0.00000000E+00  0.00000000E+00  5.11225732E-02  0.00000000E+00  0.00000000E+00 -1.22310445E-01
    0.796000      1   0.00000000E+00  0.00000000E+00  2.72045213E-03  0.00000000E+00  0.00000000E+00  0.00000000E+00  0.00000000E+00  0.00000000E+00  5.10002434E-02  0.00000000E+00  0.00000000E+00 -1.22329855E-01
    0.797000      1   0.00000000E+00  0.00000000E+00  2.82850364E-03  0.00000000E+00  0.00000000E+00  0.00000000E+00  0.00000000E+00  0.00000000E+00  5.08778754E-02  0.00000000E+00  0.00000000E+00 -1.22367949E-01
    0.798000      1   0.00000000E+00  0.00000000E+00  2.81178830E-03  0.00000000E+00  0.00000000E+00  0.00000000E+00  0.00000000E+00  0.00000000E+00  5.07554997E-02  0.00000000E+00  0.00000000E+00 -1.22375751E-01
    0.799000      1   0.00000000E+00  0.00000000E+00  2.71060305E-03  0.00000000E+00  0.00000000E+00  0.00000000E+00  0.00000000E+00  0.00000000E+00  5.06331486E-02  0.00000000E+00  0.00000000E+00 -1.22351023E-01
    0.800000      1   0.00000000E+00  0.00000000E+00  2.67589158E-03  0.00000000E+00  0.00000000E+00  0.00000000E+00  0.00000000E+00  0.00000000E+00  5.05107990E-02  0.00000000E+00  0.00000000E+00 -1.22349679E-01
    0.801000      1   0.00000000E+00  0.00000000E+00  2.76904630E-03  0.00000000E+00  0.00000000E+00  0.00000000E+00  0.00000000E+00  0.00000000E+00  5.03884113E-02  0.00000000E+00  0.00000000E+00 -1.22387703E-01
    0.802000      1   0.00000000E+00  0.00000000E+00  2.82746926E-03  0.00000000E+00  0.00000000E+00  0.00000000E+00  0.00000000E+00  0.00000000E+00  5.02659906E-02  0.00000000E+00  0.00000000E+00 -1.22420654E-01
    0.803000      1   0.00000000E+00  0.00000000E+00  2.76725012E-03  0.00000000E+00  0.00000000E+00  0.00000000E+00  0.00000000E+00  0.00000000E+00  5.01435779E-02  0.00000000E+00  0.00000000E+00 -1.22412680E-01
    0.804000      1   0.00000000E+00  0.00000000E+00  2.68497530E-03  0.00000000E+00  0.00000000E+00  0.00000000E+00  0.00000000E+00  0.00000000E+00  5.00211818E-02  0.00000000E+00  0.00000000E+00 -1.22396168E-01
    0.805000      1   0.00000000E+00  0.00000000E+00  2.69557581E-03  0.00000000E+00  0.00000000E+00  0.00000000E+00  0.00000000E+00  0.00000000E+00  4.98987678E-02  0.00000000E+00  0.00000000E+00 -1.22413983E-01
    0.806000      1   0.00000000E+00  0.00000000E+00  2.84542259E-03  0.00000000E+00  0.00000000E+00  0.00000000E+00  0.00000000E+00  0.00000000E+00  4.97763108E-02  0.00000000E+00  0.00000000E+00 -1.22456943E-01
    0.807000      1   0.00000000E+00  0.00000000E+00  2.82994197E-03  0.00000000E+00  0.00000000E+00  0.00000000E+00  0.00000000E+00  0.00000000E+00  4.96538409E-02  0.00000000E+00  0.00000000E+00 -1.22469923E-01
    0.808000      1   0.00000000E+00  0.00000000E+00  2.68817630E-03  0.00000000E+00  0.00000000E+00  0.00000000E+00  0.00000000E+00  0.00000000E+00  4.95314045E-02  0.00000000E+00  0.00000000E+00 -1.22436428E-01
    0.809000      1   0.00000000E+00  0.00000000E+00  2.67137002E-03  0.00000000E+00  0.00000000E+00  0.00000000E+00  0.00000000E+00  0.00000000E+00  4.94089714E-02  0.00000000E+00  0.00000000E+00 -1.22433088E-01
    0.810000      1   0.00000000E+00  0.00000000E+00  2.78443972E-03  0.00000000E+00  0.00000000E+00  0.00000000E+00  0.00000000E+00  0.00000000E+00  4.92864921E-02  0.00000000E+00  0.00000000E+00 -1.22479277E-01
    0.811000      1   0.00000000E+00  0.00000000E+00  2.82811997E-03  0.00000000E+00  0.00000000E+00  0.00000000E+00  0.00000000E+00  0.00000000E+00  4.91639811E-02  0.00000000E+00  0.00000000E+00 -1.22510990E-01
    0.812000      1   0.00000000E+00  0.00000000E+00  2.77786561E-03  0.00000000E+00  0.00000000E+00  0.00000000E+00  0.00000000E+00  0.00000000E+00  4.90414833E-02  0.00000000E+00  0.00000000E+00 -1.22497846E-01
    0.813000      1   0.00000000E+00  0.00000000E+00  2.69382100E-03  0.00000000E+00  0.00000000E+00  0.00000000E+00  0.00000000E+00  0.00000000E+00  4.89190040E-02  0.00000000E+00  0.00000000E+00 -1.22479243E-01
    0.814000      1   0.00000000E+00  0.00000000E+00  2.67755001E-03  0.00000000E+00  0.00000000E+00  0.00000000E+00  0.00000000E+00  0.00000000E+00  4.87965120E-02  0.00000000E+00  0.00000000E+00 -1.22492007E-01
    0.815000      1   0.00000000E+00  0.00000000E+00  2.85436743E-03  0.00000000E+00  0.00000000E+00  0.00000000E+00  0.00000000E+00  0.00000000E+00  4.86739768E-02  0.00000000E+00  0.00000000E+00 -1.22535250E-01
    0.816000      1   0.00000000E+00  0.00000000E+00  2.86434606E-03  0.00000000E+00  0.00000000E+00  0.00000000E+00  0.00000000E+00  0.00000000E+00  4.85514242E-02  0.00000000E+00  0.00000000E+00 -1.22552568E-01
    0.817000      1   0.00000000E+00  0.00000000E+00  2.67394873E-03  0.00000000E+00  0.00000000E+00  0.00000000E+00  0.00000000E+00  0.00000000E+00  4.84289142E-02  0.00000000E+00  0.00000000E+00 -1.22510052E-01
    0.818000      1   0.00000000E+00  0.00000000E+00  2.65975467E-03  0.00000000E+00  0.00000000E+00  0.00000000E+00  0.00000000E+00  0.00000000E+00  4.83064162E-02  0.00000000E+00  0.00000000E+00 -1.22497928E-01
    0.819000      1   0.00000000E+00  0.00000000E+00  2.75835624E-03  0.00000000E+00  0.00000000E+00  0.00000000E+00  0.00000000E+00  0.00000000E+00  4.81838654E-02  0.00000000E+00  0.00000000E+00 -1.22550844E-01
    0.820000      1   0.00000000E+00  0.00000000E+00  2.84058568E-03  0.00000000E+00  0.00000000E+00  0.00000000E+00  0.00000000E+00  0.00000000E+00  4.80612744E-02  0.00000000E+00  0.00000000E+00 -1.22590985E-01
    0.821000      1   0.00000000E+00  0.00000000E+00  2.80398679E-03  0.00000000E+00  0.00000000E+00  0.00000000E+00  0.00000000E+00  0.00000000E+00  4.79386902E-02  0.00000000E+00  0.00000000E+00 -1.22584202E-01
    0.822000      1   0.00000000E+00  0.00000000E+00  2.70851071E-03  0.00000000E+00  0.00000000E+00  0.00000000E+00  0.00000000E+00  0.00000000E+00  4.78161333E-02  0.00000000E+00  0.00000000E+00 -1.22556886E-01
    0.823000      1   0.00000000E+00  0.00000000E+00  2.68929653E-03  0.00000000E+00  0.00000000E+00  0.00000000E+00  0.00000000E+00  0.00000000E+00  4.76935748E-02  0.00000000E+00  0.00000000E+00 -1.22558474E-01
    0.824000      1   0.00000000E+00  0.00000000E+00  2.80373807E-03  0.00000000E+00  0.00000000E+00  0.00000000E+00  0.00000000E+00  0.00000000E+00  4.75709800E-02  0.00000000E+00  0.00000000E+00 -1.22594815E-01
    0.825000      1   0.00000000E+00  0.00000000E+00  2.86807115E-03  0.00000000E+00  0.00000000E+00  0.00000000E+00  0.00000000E+00  0.00000000E+00  4.74483628E-02  0.00000000E+00  0.00000000E+00 -1.22617228E-01
    0.826000      1   0.00000000E+00  0.00000000E+00  2.69509131E-03  0.00000000E+00  0.00000000E+00  0.00000000E+00  0.00000000E+00  0.00000000E+00  4.73257721E-02  0.00000000E+00  0.00000000E+00 -1.22590681E-01
    0.827000      1   0.00000000E+00  0.00000000E+00  2.66945291E-03  0.00000000E+00  0.00000000E+00  0.00000000E+00  0.00000000E+00  0.00000000E+00  4.72031985E-02  0.00000000E+00  0.00000000E+00 -1.22573595E-01
    0.828000      1   0.00000000E+00  0.00000000E+00  2.75855272E-03  0.00000000E+00  0.00000000E+00  0.00000000E+00  0.00000000E+00  0.00000000E+00  4.70805807E-02  0.00000000E+00  0.00000000E+00 -1.22617853E-01
    0.829000      1   0.00000000E+00  0.00000000E+00  2.84785911E-03  0.00000000E+00  0.00000000E+00  0.00000000E+00  0.00000000E+00  0.00000000E+00  4.69579259E-02  0.00000000E+00  0.00000000E+00 -1.22654774E-01
    0.830000      1   0.00000000E+00  0.00000000E+00  2.80299646E-03  0.00000000E+00  0.00000000E+00  0.00000000E+00  0.00000000E+00  0.00000000E+00  4.68352793E-02  0.00000000E+00  0.00000000E+00 -1.22646640E-01
    0.831000      1   0.00000000E+00  0.00000000E+00  2.71334610E-03  0.00000000E+00  0.00000000E+00  0.00000000E+00  0.00000000E+00  0.00000000E+00  4.67126621E-02  0.00000000E+00  0.00000000E+00 -1.22617111E-01
    0.832000      1   0.00000000E+00  0.00000000E+00  2.68184788E-03  0.00000000E+00  0.00000000E+00  0.00000000E+00  0.00000000E+00  0.00000000E+00  4.65900440E-02  0.00000000E+00  0.00000000E+00 -1.22618169E-01
    0.833000      1   0.00000000E+00  0.00000000E+00  2.79793624E-03  0.00000000E+00  0.00000000E+00  0.00000000E+00  0.00000000E+00  0.00000000E+00  4.64673897E-02  0.00000000E+00  0.00000000E+00 -1.22654239E-01
    0.834000      1   0.00000000E+00  0.00000000E+00  2.84906671E-03  0.00000000E+00  0.00000000E+00  0.00000000E+00  0.00000000E+00  0.00000000E+00  4.63447096E-02  0.00000000E+00  0.00000000E+00 -1.22680125E-01
    0.835000      1   0.00000000E+00  0.00000000E+00  2.71420285E-03  0.00000000E+00  0.00000000E+00  0.00000000E+00  0.00000000E+00  0.00000000E+00  4.62220508E-02  0.00000000E+00  0.00000000E+00 -1.22658843E-01
    0.836000      1   0.00000000E+00  0.00000000E+00  2.67216247E-03  0.00000000E+00  0.00000000E+00  0.00000000E+00  0.00000000E+00  0.00000000E+00  4.60994062E-02  0.00000000E+00  0.00000000E+00 -1.22644619E-01
    0.837000      1   0.00000000E+00  0.00000000E+00  2.74886681E-03  0.00000000E+00  0.00000000E+00  0.00000000E+00  0.00000000E+00  0.00000000E+00  4.59767240E-02  0.00000000E+00  0.00000000E+00 -1.22682121E-01
    0.838000      1   0.00000000E+00  0.00000000E+00  2.84481507E-03  0.00000000E+00  0.00000000E+00  0.00000000E+00  0.00000000E+00  0.00000000E+00  4.58540042E-02  0.00000000E+00  0.00000000E+00 -1.22719865E-01
    0.839000      1   0.00000000E+00  0.00000000E+00  2.80118004E-03  0.00000000E+00  0.00000000E+00  0.00000000E+00  0.00000000E+00  0.00000000E+00  4.57312887E-02  0.00000000E+00  0.00000000E+00 -1.22715451E-01
    0.840000      1   0.00000000E+00  0.00000000E+00  2.72482286E-03  0.00000000E+00  0.00000000E+00  0.00000000E+00  0.00000000E+00  0.00000000E+00  4.56086015E-02  0.00000000E+00  0.00000000E+00 -1.22687242E-01
    0.841000      1   0.00000000E+00  0.00000000E+00  2.69377125E-03  0.00000000E+00  0.00000000E+00  0.00000000E+00  0.00000000E+00  0.00000000E+00  4.54859146E-02  0.00000000E+00  0.00000000E+00 -1.22686867E-01
    0.842000      1   0.00000000E+00  0.00000000E+00  2.77120651E-03  0.00000000E+00  0.00000000E+00  0.00000000E+00  0.00000000E+00  0.00000000E+00  4.53631975E-02  0.00000000E+00  0.00000000E+00 -1.22717060E-01
    0.843000      1   0.00000000E+00  0.00000000E+00  2.84038335E-03  0.00000000E+00  0.00000000E+00  0.00000000E+00  0.00000000E+00  0.00000000E+00  4.52404538E-02  0.00000000E+00  0.00000000E+00 -1.22743757E-01
    0.844000      1   0.00000000E+00  0.00000000E+00  2.72763929E-03  0.00000000E+00  0.00000000E+00  0.00000000E+00  0.00000000E+00  0.00000000E+00  4.51177210E-02  0.00000000E+00  0.00000000E+00 -1.22732789E-01
    0.845000      1   0.00000000E+00  0.00000000E+00  2.68464087E-03  0.00000000E+00  0.00000000E+00  0.00000000E+00  0.00000000E+00  0.00000000E+00  4.49950020E-02  0.00000000E+00  0.00000000E+00 -1.22719041E-01
    0.846000      1   0.00000000E+00  0.00000000E+00  2.74995307E-03  0.00000000E+00  0.00000000E+00  0.00000000E+00  0.00000000E+00  0.00000000E+00  4.48722520E-02  0.00000000E+00  0.00000000E+00 -1.22749923E-01
    0.847000      1   0.00000000E+00  0.00000000E+00  2.82930821E-03  0.00000000E+00  0.00000000E+00  0.00000000E+00  0.00000000E+00  0.00000000E+00  4.47494687E-02  0.00000000E+00  0.00000000E+00 -1.22783377E-01
    0.848000      1   0.00000000E+00  0.00000000E+00  2.81327775E-03  0.00000000E+00  0.00000000E+00  0.00000000E+00  0.00000000E+00  0.00000000E+00  4.46266873E-02  0.00000000E+00  0.00000000E+00 -1.22781348E-01
    0.849000      1   0.00000000E+00  0.00000000E+00  2.72374146E-03  0.00000000E+00  0.00000000E+00  0.00000000E+00  0.00000000E+00  0.00000000E+00  4.45039312E-02  0.00000000E+00  0.00000000E+00 -1.22756093E-01
    0.850000      1   0.00000000E+00  0.00000000E+00  2.70070311E-03  0.00000000E+00  0.00000000E+00  0.00000000E+00  0.00000000E+00  0.00000000E+00  4.43811793E-02  0.00000000E+00  0.00000000E+00 -1.22751936E-01
    0.851000      1   0.00000000E+00  0.00000000E+00  2.76723287E-03  0.00000000E+00  0.00000000E+00  0.00000000E+00  0.00000000E+00  0.00000000E+00  4.42583980E-02  0.00000000E+00  0.00000000E+00 -1.22781258E-01
    0.852000      1   0.00000000E+00  0.00000000E+00  2.83729770E-03  0.00000000E+00  0.00000000E+00  0.00000000E+00  0.00000000E+00  0.00000000E+00  4.41355916E-02  0.00000000E+00  0.00000000E+00 -1.22806381E-01
    0.853000      1   0.00000000E+00  0.00000000E+00  2.74645340E-03  0.00000000E+00  0.00000000E+00  0.00000000E+00  0.00000000E+00  0.00000000E+00  4.40127944E-02  0.00000000E+00  0.00000000E+00 -1.22797265E-01
    0.854000      1   0.00000000E+00  0.00000000E+00  2.67524798E-03  0.00000000E+00  0.00000000E+00  0.00000000E+00  0.00000000E+00  0.00000000E+00  4.38900132E-02  0.00000000E+00  0.00000000E+00 -1.22781202E-01
    0.855000      1   0.00000000E+00  0.00000000E+00  2.72745777E-03  0.00000000E+00  0.00000000E+00  0.00000000E+00  0.00000000E+00  0.00000000E+00  4.37672056E-02  0.00000000E+00  0.00000000E+00 -1.22807567E-01
    0.856000      1   0.00000000E+00  0.00000000E+00  2.83849552E-03  0.00000000E+00  0.00000000E+00  0.00000000E+00  0.00000000E+00  0.00000000E+00  4.36443575E-02  0.00000000E+00  0.00000000E+00 -1.22848084E-01
    0.857000      1   0.00000000E+00  0.00000000E+00  2.84062781E-03  0.00000000E+00  0.00000000E+00  0.00000000E+00  0.00000000E+00  0.00000000E+00  4.35215057E-02  0.00000000E+00  0.00000000E+00 -1.22851818E-01
    0.858000      1   0.00000000E+00  0.00000000E+00  2.73031682E-03  0.00000000E+00  0.00000000E+00  0.00000000E+00  0.00000000E+00  0.00000000E+00  4.33986870E-02  0.00000000E+00  0.00000000E+00 -1.22818709E-01
    0.859000      1   0.00000000E+00  0.00000000E+00  2.69565591E-03  0.00000000E+00  0.00000000E+00  0.00000000E+00  0.00000000E+00  0.00000000E+00  4.32758826E-02  0.00000000E+00  0.00000000E+00 -1.22804407E-01
    0.860000      1   0.00000000E+00  0.00000000E+00  2.73460719E-03  0.00000000E+00  0.00000000E+00  0.00000000E+00  0.00000000E+00  0.00000000E+00  4.31530501E-02  0.00000000E+00  0.00000000E+00 -1.22832462E-01
    0.861000      1   0.00000000E+00  0.00000000E+00  2.83919222E-03  0.00000000E+00  0.00000000E+00  0.00000000E+00  0.00000000E+00  0.00000000E+00  4.30301851E-02  0.00000000E+00  0.00000000E+00 -1.22865012E-01
    0.862000      1   0.00000000E+00  0.00000000E+00  2.76489028E-03  0.00000000E+00  0.00000000E+00  0.00000000E+00  0.00000000E+00  0.00000000E+00  4.29073188E-02  0.00000000E+00  0.00000000E+00 -1.22866275E-01
    0.863000      1   0.00000000E+00  0.00000000E+00  2.68273509E-03  0.00000000E+00  0.00000000E+00  0.00000000E+00  0.00000000E+00  0.00000000E+00  4.27844725E-02  0.00000000E+00  0.00000000E+00 -1.22846331E-01
    0.864000      1   0.00000000E+00  0.00000000E+00  2.71970261E-03  0.00000000E+00  0.00000000E+00  0.00000000E+00  0.00000000E+00  0.00000000E+00  4.26616072E-02  0.00000000E+00  0.00000000E+00 -1.22865316E-01
    0.865000      1   0.00000000E+00  0.00000000E+00  2.84788277E-03  0.00000000E+00  0.00000000E+00  0.00000000E+00  0.00000000E+00  0.00000000E+00  4.25387024E-02  0.00000000E+00  0.00000000E+00 -1.22904745E-01
    0.866000      1   0.00000000E+00  0.00000000E+00  2.83068647E-03  0.00000000E+00  0.00000000E+00  0.00000000E+00  0.00000000E+00  0.00000000E+00  4.24157931E-02  0.00000000E+00  0.00000000E+00 -1.22909367E-01
    0.867000      1   0.00000000E+00  0.00000000E+00  2.74346755E-03  0.00000000E+00  0.00000000E+00  0.00000000E+00  0.00000000E+00  0.00000000E+00  4.22929181E-02  0.00000000E+00  0.00000000E+00 -1.22874933E-01
    0.868000      1   0.00000000E+00  0.00000000E+00  2.70069924E-03  0.00000000E+00  0.00000000E+00  0.00000000E+00  0.00000000E+00  0.00000000E+00  4.21700566E-02  0.00000000E+00  0.00000000E+00 -1.22861570E-01
    0.869000      1   0.00000000E+00  0.00000000E+00  2.73317169E-03  0.00000000E+00  0.00000000E+00  0.00000000E+00  0.00000000E+00  0.00000000E+00  4.20471722E-02  0.00000000E+00  0.00000000E+00 -1.22884414E-01
    0.870000      1   0.00000000E+00  0.00000000E+00  2.84218711E-03  0.00000000E+00  0.00000000E+00  0.00000000E+00  0.00000000E+00  0.00000000E+00  4.19242566E-02  0.00000000E+00  0.00000000E+00 -1.22915562E-01
    0.871000      1   0.00000000E+00  0.00000000E+00  2.76583802E-03  0.00000000E+00  0.00000000E+00  0.00000000E+00  0.00000000E+00  0.00000000E+00  4.18013398E-02  0.00000000E+00  0.00000000E+00 -1.22916767E-01
    0.872000      1   0.00000000E+00  0.00000000E+00  2.67312391E-03  0.00000000E+00  0.00000000E+00  0.00000000E+00  0.00000000E+00  0.00000000E+00  4.16784442E-02  0.00000000E+00  0.00000000E+00 -1.22895671E-01
    0.873000      1   0.00000000E+00  0.00000000E+00  2.72863915E-03  0.00000000E+00  0.00000000E+00  0.00000000E+00  0.00000000E+00  0.00000000E+00  4.15555281E-02  0.00000000E+00  0.00000000E+00 -1.22916045E-01
    0.874000      1   0.00000000E+00  0.00000000E+00  2.86566891E-03  0.00000000E+00  0.00000000E+00  0.00000000E+00  0.00000000E+00  0.00000000E+00  4.14325711E-02  0.00000000E+00  0.00000000E+00 -1.22957050E-01
    0.875000      1   0.00000000E+00  0.00000000E+00  2.81607242E-03  0.00000000E+00  0.00000000E+00  0.00000000E+00  0.00000000E+00  0.00000000E+00  4.13096155E-02  0.00000000E+00  0.00000000E+00 -1.22955591E-01
    0.876000      1   0.00000000E+00  0.00000000E+00  2.73474602E-03  0.00000000E+00  0.00000000E+00  0.00000000E+00  0.00000000E+00  0.00000000E+00  4.11866976E-02  0.00000000E+00  0.00000000E+00 -1.22917901E-01
    0.877000      1   0.00000000E+00  0.00000000E+00  2.69805986E-03  0.00000000E+00  0.00000000E+00  0.00000000E+00  0.00000000E+00  0.00000000E+00  4.10637867E-02  0.00000000E+00  0.00000000E+00 -1.22910880E-01
    0.878000      1   0.00000000E+00  0.00000000E+00  2.74678742E-03  0.00000000E+00  0.00000000E+00  0.00000000E+00  0.00000000E+00  0.00000000E+00  4.09408496E-02  0.00000000E+00  0.00000000E+00 -1.22937055E-01
    0.879000      1   0.00000000E+00  0.00000000E+00  2.83111254E-03  0.00000000E+00  0.00000000E+00  0.00000000E+00  0.00000000E+00  0.00000000E+00  4.08178830E-02  0.00000000E+00  0.00000000E+00 -1.22966662E-01
    0.880000      1   0.00000000E+00  0.00000000E+00  2.77901240E-03  0.00000000E+00  0.00000000E+00  0.00000000E+00  0.00000000E+00  0.00000000E+00  4.06949176E-02  0.00000000E+00  0.00000000E+00 -1.22965353E-01
    0.881000      1   0.00000000E+00  0.00000000E+00  2.68084558E-03  0.00000000E+00  0.00000000E+00  0.00000000E+00  0.00000000E+00  0.00000000E+00  4.05719721E-02  0.00000000E+00  0.00000000E+00 -1.22945565E-01
    0.882000      1   0.00000000E+00  0.00000000E+00  2.72032107E-03  0.00000000E+00  0.00000000E+00  0.00000000E+00  0.00000000E+00  0.00000000E+00  4.04490118E-02  0.00000000E+00  0.00000000E+00 -1.22960247E-01
    0.883000      1   0.00000000E+00  0.00000000E+00  2.85978473E-03  0.00000000E+00  0.00000000E+00  0.00000000E+00  0.00000000E+00  0.00000000E+00  4.03260116E-02  0.00000000E+00  0.00000000E+00 -1.23000187E-01
    0.884000      1   0.00000000E+00  0.00000000E+00  2.82542753E-03  0.00000000E+00  0.00000000E+00  0.00000000E+00  0.00000000E+00  0.00000000E+00  4.02030091E-02  0.00000000E+00  0.00000000E+00 -1.23002501E-01
    0.885000      1   0.00000000E+00  0.00000000E+00  2.73182483E-03  0.00000000E+00  0.00000000E+00  0.00000000E+00  0.00000000E+00  0.00000000E+00  4.00800440E-02  0.00000000E+00  0.00000000E+00 -1.22965088E-01
    0.886000      1   0.00000000E+00  0.00000000E+00  2.69289287E-03  0.00000000E+00  0.00000000E+00  0.00000000E+00  0.00000000E+00  0.00000000E+00  3.99570885E-02  0.00000000E+00  0.00000000E+00 -1.22955511E-01
    0.887000      1   0.00000000E+00  0.00000000E+00  2.75250392E-03  0.00000000E+00  0.00000000E+00  0.00000000E+00  0.00000000E+00  0.00000000E+00  3.98341050E-02  0.00000000E+00  0.00000000E+00 -1.22983559E-01
    0.888000      1   0.00000000E+00  0.00000000E+00  2.82782198E-03  0.00000000E+00  0.00000000E+00  0.00000000E+00  0.00000000E+00  0.00000000E+00  3.97110911E-02  0.00000000E+00  0.00000000E+00 -1.23013852E-01
    0.889000      1   0.00000000E+00  0.00000000E+00  2.76943189E-03  0.00000000E+00  0.00000000E+00  0.00000000E+00  0.00000000E+00  0.00000000E+00  3.95880799E-02  0.00000000E+00  0.00000000E+00 -1.23011248E-01
    0.890000      1   0.00000000E+00  0.00000000E+00  2.69503890E-03  0.00000000E+00  0.00000000E+00  0.00000000E+00  0.00000000E+00  0.00000000E+00  3.94650856E-02  0.00000000E+00  0.00000000E+00 -1.22994235E-01
    0.891000      1   0.00000000E+00  0.00000000E+00  2.70964998E-03  0.00000000E+00  0.00000000E+00  0.00000000E+00  0.00000000E+00  0.00000000E+00  3.93420761E-02  0.00000000E+00  0.00000000E+00 -1.23009553E-01
    0.892000      1   0.00000000E+00  0.00000000E+00  2.87466954E-03  0.00000000E+00  0.00000000E+00  0.00000000E+00  0.00000000E+00  0.00000000E+00  3.92190294E-02  0.00000000E+00  0.00000000E+00 -1.23046719E-01
    0.893000      1   0.00000000E+00  0.00000000E+00  2.82699888E-03  0.00000000E+00  0.00000000E+00  0.00000000E+00  0.00000000E+00  0.00000000E+00  3.90959795E-02  0.00000000E+00  0.00000000E+00 -1.23049905E-01
    0.894000      1   0.00000000E+00  0.00000000E+00  2.71287341E-03  0.00000000E+00  0.00000000E+00  0.00000000E+00  0.00000000E+00  0.00000000E+00  3.89729721E-02  0.00000000E+00  0.00000000E+00 -1.23007326E-01
    0.895000      1   0.00000000E+00  0.00000000E+00  2.69777811E-03  0.00000000E+00  0.00000000E+00  0.00000000E+00  0.00000000E+00  0.00000000E+00  3.88499715E-02  0.00000000E+00  0.00000000E+00 -1.23000584E-01
    0.896000      1   0.00000000E+00  0.00000000E+00  2.76250279E-03  0.00000000E+00  0.00000000E+00  0.00000000E+00  0.00000000E+00  0.00000000E+00  3.87269376E-02  0.00000000E+00  0.00000000E+00 -1.23033993E-01
    0.897000      1   0.00000000E+00  0.00000000E+00  2.82635041E-03  0.00000000E+00  0.00000000E+00  0.00000000E+00  0.00000000E+00  0.00000000E+00  3.86038766E-02  0.00000000E+00  0.00000000E+00 -1.23060913E-01
    0.898000      1   0.00000000E+00  0.00000000E+00  2.77734603E-03  0.00000000E+00  0.00000000E+00  0.00000000E+00  0.00000000E+00  0.00000000E+00  3.84808214E-02  0.00000000E+00  0.00000000E+00 -1.23055286E-01
    0.899000      1   0.00000000E+00  0.00000000E+00  2.68804149E-03  0.00000000E+00  0.00000000E+00  0.00000000E+00  0.00000000E+00  0.00000000E+00  3.83577840E-02  0.00000000E+00  0.00000000E+00 -1.23037356E-01
    0.900000      1   0.00000000E+00  0.00000000E+00  2.70503245E-03  0.00000000E+00  0.00000000E+00  0.00000000E+00  0.00000000E+00  0.00000000E+00  3.82347327E-02  0.00000000E+00  0.00000000E+00 -1.23051313E-01
    0.901000      1   0.00000000E+00  0.00000000E+00  2.86845682E-03  0.00000000E+00  0.00000000E+00  0.00000000E+00  0.00000000E+00  0.00000000E+00  3.81116411E-02  0.00000000E+00  0.00000000E+00 -1.23091593E-01
    0.902000      1   0.00000000E+00  0.00000000E+00  2.84504739E-03  0.00000000E+00  0.00000000E+00  0.00000000E+00  0.00000000E+00  0.00000000E+00  3.79885437E-02  0.00000000E+00  0.00000000E+00 -1.23097394E-01
    0.903000      1   0.00000000E+00  0.00000000E+00  2.69735344E-03  0.00000000E+00  0.00000000E+00  0.00000000E+00  0.00000000E+00  0.00000000E+00  3.78654900E-02  0.00000000E+00  0.00000000E+00 -1.23053664E-01
    0.904000      1   0.00000000E+00  0.00000000E+00  2.69444428E-03  0.00000000E+00  0.00000000E+00  0.00000000E+00  0.00000000E+00  0.00000000E+00  3.77424463E-02  0.00000000E+00  0.00000000E+00 -1.23043739E-01
    0.905000      1   0.00000000E+00  0.00000000E+00  2.76869513E-03  0.00000000E+00  0.00000000E+00  0.00000000E+00  0.00000000E+00  0.00000000E+00  3.76193635E-02  0.00000000E+00  0.00000000E+00 -1.23082834E-01
    0.906000      1   0.00000000E+00  0.00000000E+00  2.83710655E-03  0.00000000E+00  0.00000000E+00  0.00000000E+00  0.00000000E+00  0.00000000E+00  3.74962537E-02  0.00000000E+00  0.00000000E+00 -1.23109754E-01
    0.907000      1   0.00000000E+00  0.00000000E+00  2.78520112E-03  0.00000000E+00  0.00000000E+00  0.00000000E+00  0.00000000E+00  0.00000000E+00  3.73731535E-02  0.00000000E+00  0.00000000E+00 -1.23100191E-01
    0.908000      1   0.00000000E+00  0.00000000E+00  2.69130063E-03  0.00000000E+00  0.00000000E+00  0.00000000E+00  0.00000000E+00  0.00000000E+00  3.72500762E-02  0.00000000E+00  0.00000000E+00 -1.23077340E-01
    0.909000      1   0.00000000E+00  0.00000000E+00  2.69626622E-03  0.00000000E+00  0.00000000E+00  0.00000000E+00  0.00000000E+00  0.00000000E+00  3.71269880E-02  0.00000000E+00  0.00000000E+00 -1.23088140E-01
    0.910000      1   0.00000000E+00  0.00000000E+00  2.87338725E-03  0.00000000E+00  0.00000000E+00  0.00000000E+00  0.00000000E+00  0.00000000E+00  3.70038591E-02  0.00000000E+00  0.00000000E+00 -1.23128901E-01
    0.911000      1   0.00000000E+00  0.00000000E+00  2.86440355E-03  0.00000000E+00  0.00000000E+00  0.00000000E+00  0.00000000E+00  0.00000000E+00  3.68807224E-02  0.00000000E+00  0.00000000E+00 -1.23136709E-01
    0.912000      1   0.00000000E+00  0.00000000E+00  2.68668221E-03  0.00000000E+00  0.00000000E+00  0.00000000E+00  0.00000000E+00  0.00000000E+00  3.67576345E-02  0.00000000E+00  0.00000000E+00 -1.23087937E-01
    0.913000      1   0.00000000E+00  0.00000000E+00  2.68359036E-03  0.00000000E+00  0.00000000E+00  0.00000000E+00  0.00000000E+00  0.00000000E+00  3.66345609E-02  0.00000000E+00  0.00000000E+00 -1.23073542E-01
    0.914000      1   0.00000000E+00  0.00000000E+00  2.77332999E-03  0.00000000E+00  0.00000000E+00  0.00000000E+00  0.00000000E+00  0.00000000E+00  3.65114429E-02  0.00000000E+00  0.00000000E+00 -1.23118061E-01
    0.915000      1   0.00000000E+00  0.00000000E+00  2.84745757E-03  0.00000000E+00  0.00000000E+00  0.00000000E+00  0.00000000E+00  0.00000000E+00  3.63882952E-02  0.00000000E+00  0.00000000E+00 -1.23147726E-01
    0.916000      1   0.00000000E+00  0.00000000E+00  2.78879944E-03  0.00000000E+00  0.00000000E+00  0.00000000E+00  0.00000000E+00  0.00000000E+00  3.62651603E-02  0.00000000E+00  0.00000000E+00 -1.23134811E-01
    0.917000      1   0.00000000E+00  0.00000000E+00  2.69260826E-03  0.00000000E+00  0.00000000E+00  0.00000000E+00  0.00000000E+00  0.00000000E+00  3.61420524E-02  0.00000000E+00  0.00000000E+00 -1.23107924E-01
    0.918000      1   0.00000000E+00  0.00000000E+00  2.67652924E-03  0.00000000E+00  0.00000000E+00  0.00000000E+00  0.00000000E+00  0.00000000E+00  3.60189351E-02  0.00000000E+00  0.00000000E+00 -1.23117311E-01
    0.919000      1   0.00000000E+00  0.00000000E+00  2.88053808E-03  0.00000000E+00  0.00000000E+00  0.00000000E+00  0.00000000E+00  0.00000000E+00  3.58957740E-02  0.00000000E+00  0.00000000E+00 -1.23161132E-01
    0.920000      1   0.00000000E+00  0.00000000E+00  2.87553736E-03  0.00000000E+00  0.00000000E+00  0.00000000E+00  0.00000000E+00  0.00000000E+00  3.57725998E-02  0.00000000E+00  0.00000000E+00 -1.23174158E-01
    0.921000      1   0.00000000E+00  0.00000000E+00  2.69216233E-03  0.00000000E+00  0.00000000E+00  0.00000000E+00  0.00000000E+00  0.00000000E+00  3.56494788E-02  0.00000000E+00  0.00000000E+00 -1.23121068E-01
    0.922000      1   0.00000000E+00  0.00000000E+00  2.68295154E-03  0.00000000E+00  0.00000000E+00  0.00000000E+00  0.00000000E+00  0.00000000E+00  3.55263767E-02  0.00000000E+00  0.00000000E+00 -1.23102048E-01
    0.923000      1   0.00000000E+00  0.00000000E+00  2.76405206E-03  0.00000000E+00  0.00000000E+00  0.00000000E+00  0.00000000E+00  0.00000000E+00  3.54032318E-02  0.00000000E+00  0.00000000E+00 -1.23144880E-01
    0.924000      1   0.00000000E+00  0.00000000E+00  2.85124628E-03  0.00000000E+00  0.00000000E+00  0.00000000E+00  0.00000000E+00  0.00000000E+00  3.52800554E-02  0.00000000E+00  0.00000000E+00 -1.23176396E-01
    0.925000      1   0.00000000E+00  0.00000000E+00  2.81138325E-03  0.00000000E+00  0.00000000E+00  0.00000000E+00  0.00000000E+00  0.00000000E+00  3.51568896E-02  0.00000000E+00  0.00000000E+00 -1.23165857E-01
    0.926000      1   0.00000000E+00  0.00000000E+00  2.69274448E-03  0.00000000E+00  0.00000000E+00  0.00000000E+00  0.00000000E+00  0.00000000E+00  3.50337558E-02  0.00000000E+00  0.00000000E+00 -1.23133732E-01
    0.927000      1   0.00000000E+00  0.00000000E+00  2.66997280E-03  0.00000000E+00  0.00000000E+00  0.00000000E+00  0.00000000E+00  0.00000000E+00  3.49106202E-02  0.00000000E+00  0.00000000E+00 -1.23135679E-01
    0.928000      1   0.00000000E+00  0.00000000E+00  2.87115248E-03  0.00000000E+00  0.00000000E+00  0.00000000E+00  0.00000000E+00  0.00000000E+00  3.47874395E-02  0.00000000E+00  0.00000000E+00 -1.23180615E-01
    0.929000      1   0.00000000E+00  0.00000000E+00  2.87307046E-03  0.00000000E+00  0.00000000E+00  0.00000000E+00  0.00000000E+00  0.00000000E+00  3.46642421E-02  0.00000000E+00  0.00000000E+00 -1.23197453E-01
    0.930000      1   0.00000000E+00  0.00000000E+00  2.70437435E-03  0.00000000E+00  0.00000000E+00  0.00000000E+00  0.00000000E+00  0.00000000E+00  3.45410942E-02  0.00000000E+00  0.00000000E+00 -1.23147882E-01
    0.931000      1   0.00000000E+00  0.00000000E+00  2.69061076E-03  0.00000000E+00  0.00000000E+00  0.00000000E+00  0.00000000E+00  0.00000000E+00  3.44179667E-02  0.00000000E+00  0.00000000E+00 -1.23127513E-01
    0.932000      1   0.00000000E+00  0.00000000E+00  2.75952392E-03  0.00000000E+00  0.00000000E+00  0.00000000E+00  0.00000000E+00  0.00000000E+00  3.42948017E-02  0.00000000E+00  0.00000000E+00 -1.23164980E-01
    0.933000      1   0.00000000E+00  0.00000000E+00  2.85100805E-03  0.00000000E+00  0.00000000E+00  0.00000000E+00  0.00000000E+00  0.00000000E+00  3.41716069E-02  0.00000000E+00  0.00000000E+00 -1.23194781E-01
    0.934000      1   0.00000000E+00  0.00000000E+00  2.80346982E-03  0.00000000E+00  0.00000000E+00  0.00000000E+00  0.00000000E+00  0.00000000E+00  3.40484212E-02  0.00000000E+00  0.00000000E+00 -1.23185771E-01
    0.935000      1   0.00000000E+00  0.00000000E+00  2.70119799E-03  0.00000000E+00  0.00000000E+00  0.00000000E+00  0.00000000E+00  0.00000000E+00  3.39252660E-02  0.00000000E+00  0.00000000E+00 -1.23155124E-01
    0.936000      1   0.00000000E+00  0.00000000E+00  2.67636806E-03  0.00000000E+00  0.00000000E+00  0.00000000E+00  0.00000000E+00  0.00000000E+00  3.38021079E-02  0.00000000E+00  0.00000000E+00 -1.23158174E-01
    0.937000      1   0.00000000E+00  0.00000000E+00  2.86887682E-03  0.00000000E+00  0.00000000E+00  0.00000000E+00  0.00000000E+00  0.00000000E+00  3.36789087E-02  0.00000000E+00  0.00000000E+00 -1.23199203E-01
    0.938000      1   0.00000000E+00  0.00000000E+00  2.87461152E-03  0.00000000E+00  0.00000000E+00  0.00000000E+00  0.00000000E+00  0.00000000E+00  3.35556943E-02  0.00000000E+00  0.00000000E+00 -1.23214344E-01
    0.939000      1   0.00000000E+00  0.00000000E+00  2.70945100E-03  0.00000000E+00  0.00000000E+00  0.00000000E+00  0.00000000E+00  0.00000000E+00  3.34325291E-02  0.00000000E+00  0.00000000E+00 -1.23165247E-01
    0.940000      1   0.00000000E+00  0.00000000E+00  2.67915688E-03  0.00000000E+00  0.00000000E+00  0.00000000E+00  0.00000000E+00  0.00000000E+00  3.33093856E-02  0.00000000E+00  0.00000000E+00 -1.23143474E-01
    0.941000      1   0.00000000E+00  0.00000000E+00  2.76615200E-03  0.00000000E+00  0.00000000E+00  0.00000000E+00  0.00000000E+00  0.00000000E+00  3.31862043E-02  0.00000000E+00  0.00000000E+00 -1.23181300E-01
    0.942000      1   0.00000000E+00  0.00000000E+00  2.85743540E-03  0.00000000E+00  0.00000000E+00  0.00000000E+00  0.00000000E+00  0.00000000E+00  3.30629906E-02  0.00000000E+00  0.00000000E+00 -1.23213690E-01
    0.943000      1   0.00000000E+00  0.00000000E+00  2.80232491E-03  0.00000000E+00  0.00000000E+00  0.00000000E+00  0.00000000E+00  0.00000000E+00  3.29397892E-02  0.00000000E+00  0.00000000E+00 -1.23201367E-01
    0.944000      1   0.00000000E+00  0.00000000E+00  2.70645259E-03  0.00000000E+00  0.00000000E+00  0.00000000E+00  0.00000000E+00  0.00000000E+00  3.28166204E-02  0.00000000E+00  0.00000000E+00 -1.23168812E-01
    0.945000      1   0.00000000E+00  0.00000000E+00  2.68446642E-03  0.00000000E+00  0.00000000E+00  0.00000000E+00  0.00000000E+00  0.00000000E+00  3.26934491E-02  0.00000000E+00  0.00000000E+00 -1.23171309E-01
    0.946000      1   0.00000000E+00  0.00000000E+00  2.84209234E-03  0.00000000E+00  0.00000000E+00  0.00000000E+00  0.00000000E+00  0.00000000E+00  3.25702399E-02  0.00000000E+00  0.00000000E+00 -1.23209180E-01
    0.947000      1   0.00000000E+00  0.00000000E+00  2.88107709E-03  0.00000000E+00  0.00000000E+00  0.00000000E+00  0.00000000E+00  0.00000000E+00  3.24470135E-02  0.00000000E+00  0.00000000E+00 -1.23226397E-01
    0.948000      1   0.00000000E+00  0.00000000E+00  2.72437069E-03  0.00000000E+00  0.00000000E+00  0.00000000E+00  0.00000000E+00  0.00000000E+00  3.23238286E-02  0.00000000E+00  0.00000000E+00 -1.23184954E-01
    0.949000      1   0.00000000E+00  0.00000000E+00  2.68795333E-03  0.00000000E+00  0.00000000E+00  0.00000000E+00  0.00000000E+00  0.00000000E+00  3.22006702E-02  0.00000000E+00  0.00000000E+00 -1.23158419E-01
    0.950000      1   0.00000000E+00  0.00000000E+00  2.76683942E-03  0.00000000E+00  0.00000000E+00  0.00000000E+00  0.00000000E+00  0.00000000E+00  3.20774804E-02  0.00000000E+00  0.00000000E+00 -1.23189789E-01
    0.951000      1   0.00000000E+00  0.00000000E+00  2.85797148E-03  0.00000000E+00  0.00000000E+00  0.00000000E+00  0.00000000E+00  0.00000000E+00  3.19542612E-02  0.00000000E+00  0.00000000E+00 -1.23219169E-01
    0.952000      1   0.00000000E+00  0.00000000E+00  2.80330567E-03  0.00000000E+00  0.00000000E+00  0.00000000E+00  0.00000000E+00  0.00000000E+00  3.18310547E-02  0.00000000E+00  0.00000000E+00 -1.23206526E-01
    0.953000      1   0.00000000E+00  0.00000000E+00  2.70543412E-03  0.00000000E+00  0.00000000E+00  0.00000000E+00  0.00000000E+00  0.00000000E+00  3.17078811E-02  0.00000000E+00  0.00000000E+00 -1.23173620E-01
    0.954000      1   0.00000000E+00  0.00000000E+00  2.67892133E-03  0.00000000E+00  0.00000000E+00  0.00000000E+00  0.00000000E+00  0.00000000E+00  3.15847051E-02  0.00000000E+00  0.00000000E+00 -1.23175976E-01
    0.955000      1   0.00000000E+00  0.00000000E+00  2.84895614E-03  0.00000000E+00  0.00000000E+00  0.00000000E+00  0.00000000E+00  0.00000000E+00  3.14614899E-02  0.00000000E+00  0.00000000E+00 -1.23215162E-01
    0.956000      1   0.00000000E+00  0.00000000E+00  2.88893897E-03  0.00000000E+00  0.00000000E+00  0.00000000E+00  0.00000000E+00  0.00000000E+00  3.13382569E-02  0.00000000E+00  0.00000000E+00 -1.23232987E-01
    0.957000      1   0.00000000E+00  0.00000000E+00  2.73042346E-03  0.00000000E+00  0.00000000E+00  0.00000000E+00  0.00000000E+00  0.00000000E+00  3.12150690E-02  0.00000000E+00  0.00000000E+00 -1.23187899E-01
    0.958000      1   0.00000000E+00  0.00000000E+00  2.69105018E-03  0.00000000E+00  0.00000000E+00  0.00000000E+00  0.00000000E+00  0.00000000E+00  3.10919113E-02  0.00000000E+00  0.00000000E+00 -1.23157712E-01
    0.959000      1   0.00000000E+00  0.00000000E+00  2.76311888E-03  0.00000000E+00  0.00000000E+00  0.00000000E+00  0.00000000E+00  0.00000000E+00  3.09687248E-02  0.00000000E+00  0.00000000E+00 -1.23186546E-01
    0.960000      1   0.00000000E+00  0.00000000E+00  2.86553118E-03  0.00000000E+00  0.00000000E+00  0.00000000E+00  0.00000000E+00  0.00000000E+00  3.08455092E-02  0.00000000E+00  0.00000000E+00 -1.23215567E-01
    0.961000      1   0.00000000E+00  0.00000000E+00  2.80828959E-03  0.00000000E+00  0.00000000E+00  0.00000000E+00  0.00000000E+00  0.00000000E+00  3.07223064E-02  0.00000000E+00  0.00000000E+00 -1.23202809E-01
    0.962000      1   0.00000000E+00  0.00000000E+00  2.70915458E-03  0.00000000E+00  0.00000000E+00  0.00000000E+00  0.00000000E+00  0.00000000E+00  3.05991399E-02  0.00000000E+00  0.00000000E+00 -1.23166539E-01
    0.963000      1   0.00000000E+00  0.00000000E+00  2.68208539E-03  0.00000000E+00  0.00000000E+00  0.00000000E+00  0.00000000E+00  0.00000000E+00  3.04759733E-02  0.00000000E+00  0.00000000E+00 -1.23166600E-01
    0.964000      1   0.00000000E+00  0.00000000E+00  2.84334492E-03  0.00000000E+00  0.00000000E+00  0.00000000E+00  0.00000000E+00  0.00000000E+00  3.03527693E-02  0.00000000E+00  0.00000000E+00 -1.23204005E-01
    0.965000      1   0.00000000E+00  0.00000000E+00  2.87336646E-03  0.00000000E+00  0.00000000E+00  0.00000000E+00  0.00000000E+00  0.00000000E+00  3.02295475E-02  0.00000000E+00  0.00000000E+00 -1.23221783E-01
    0.966000      1   0.00000000E+00  0.00000000E+00  2.74384370E-03  0.00000000E+00  0.00000000E+00  0.00000000E+00  0.00000000E+00  0.00000000E+00  3.01063662E-02  0.00000000E+00  0.00000000E+00 -1.23181291E-01
    0.967000      1   0.00000000E+00  0.00000000E+00  2.70306018E-03  0.00000000E+00  0.00000000E+00  0.00000000E+00  0.00000000E+00  0.00000000E+00  2.99832123E-02  0.00000000E+00  0.00000000E+00 -1.23153845E-01
    0.968000      1   0.00000000E+00  0.00000000E+00  2.76564311E-03  0.00000000E+00  0.00000000E+00  0.00000000E+00  0.00000000E+00  0.00000000E+00  2.98600362E-02  0.00000000E+00  0.00000000E+00 -1.23176149E-01
    0.969000      1   0.00000000E+00  0.00000000E+00  2.85596805E-03  0.00000000E+00  0.00000000E+00  0.00000000E+00  0.00000000E+00  0.00000000E+00  2.97368354E-02  0.00000000E+00  0.00000000E+00 -1.23200779E-01
    0.970000      1   0.00000000E+00  0.00000000E+00  2.80643734E-03  0.00000000E+00  0.00000000E+00  0.00000000E+00  0.00000000E+00  0.00000000E+00  2.96136465E-02  0.00000000E+00  0.00000000E+00 -1.23188883E-01
    0.971000      1   0.00000000E+00  0.00000000E+00  2.72108324E-03  0.00000000E+00  0.00000000E+00  0.00000000E+00  0.00000000E+00  0.00000000E+00  2.94904905E-02  0.00000000E+00  0.00000000E+00 -1.23156081E-01
    0.972000      1   0.00000000E+00  0.00000000E+00  2.69007142E-03  0.00000000E+00  0.00000000E+00  0.00000000E+00  0.00000000E+00  0.00000000E+00  2.93673358E-02  0.00000000E+00  0.00000000E+00 -1.23154641E-01
    0.973000      1   0.00000000E+00  0.00000000E+00  2.84672397E-03  0.00000000E+00  0.00000000E+00  0.00000000E+00  0.00000000E+00  0.00000000E+00  2.92441491E-02  0.00000000E+00  0.00000000E+00 -1.23186716E-01
    0.974000      1   0.00000000E+00  0.00000000E+00  2.85159244E-03  0.00000000E+00  0.00000000E+00  0.00000000E+00  0.00000000E+00  0.00000000E+00  2.91209478E-02  0.00000000E+00  0.00000000E+00 -1.23201273E-01
    0.975000      1   0.00000000E+00  0.00000000E+00  2.74950757E-03  0.00000000E+00  0.00000000E+00  0.00000000E+00  0.00000000E+00  0.00000000E+00  2.89977843E-02  0.00000000E+00  0.00000000E+00 -1.23163523E-01
    0.976000      1   0.00000000E+00  0.00000000E+00  2.71147503E-03  0.00000000E+00  0.00000000E+00  0.00000000E+00  0.00000000E+00  0.00000000E+00  2.88746421E-02  0.00000000E+00  0.00000000E+00 -1.23142226E-01
    0.977000      1   0.00000000E+00  0.00000000E+00  2.77825303E-03  0.00000000E+00  0.00000000E+00  0.00000000E+00  0.00000000E+00  0.00000000E+00  2.87514809E-02  0.00000000E+00  0.00000000E+00 -1.23161181E-01
    0.978000      1   0.00000000E+00  0.00000000E+00  2.84505213E-03  0.00000000E+00  0.00000000E+00  0.00000000E+00  0.00000000E+00  0.00000000E+00  2.86283001E-02  0.00000000E+00  0.00000000E+00 -1.23180818E-01
    0.979000      1   0.00000000E+00  0.00000000E+00  2.81384966E-03  0.00000000E+00  0.00000000E+00  0.00000000E+00  0.00000000E+00  0.00000000E+00  2.85051334E-02  0.00000000E+00  0.00000000E+00 -1.23166711E-01
    0.980000      1   0.00000000E+00  0.00000000E+00  2.72406538E-03  0.00000000E+00  0.00000000E+00  0.00000000E+00  0.00000000E+00  0.00000000E+00  2.83819972E-02  0.00000000E+00  0.00000000E+00 -1.23136184E-01
    0.981000      1   0.00000000E+00  0.00000000E+00  2.69612880E-03  0.00000000E+00  0.00000000E+00  0.00000000E+00  0.00000000E+00  0.00000000E+00  2.82588654E-02  0.00000000E+00  0.00000000E+00 -1.23131782E-01
    0.982000      1   0.00000000E+00  0.00000000E+00  2.82891833E-03  0.00000000E+00  0.00000000E+00  0.00000000E+00  0.00000000E+00  0.00000000E+00  2.81357036E-02  0.00000000E+00  0.00000000E+00 -1.23161806E-01
    0.983000      1   0.00000000E+00  0.00000000E+00  2.86335092E-03  0.00000000E+00  0.00000000E+00  0.00000000E+00  0.00000000E+00  0.00000000E+00  2.80125261E-02  0.00000000E+00  0.00000000E+00 -1.23177523E-01
    0.984000      1   0.00000000E+00  0.00000000E+00  2.75948066E-03  0.00000000E+00  0.00000000E+00  0.00000000E+00  0.00000000E+00  0.00000000E+00  2.78893825E-02  0.00000000E+00  0.00000000E+00 -1.23143541E-01
    0.985000      1   0.00000000E+00  0.00000000E+00  2.70554295E-03  0.00000000E+00  0.00000000E+00  0.00000000E+00  0.00000000E+00  0.00000000E+00  2.77662659E-02  0.00000000E+00  0.00000000E+00 -1.23116619E-01
    0.986000      1   0.00000000E+00  0.00000000E+00  2.76578025E-03  0.00000000E+00  0.00000000E+00  0.00000000E+00  0.00000000E+00  0.00000000E+00  2.76431326E-02  0.00000000E+00  0.00000000E+00 -1.23133348E-01
    0.987000      1   0.00000000E+00  0.00000000E+00  2.86001873E-03  0.00000000E+00  0.00000000E+00  0.00000000E+00  0.00000000E+00  0.00000000E+00  2.75199754E-02  0.00000000E+00  0.00000000E+00 -1.23157138E-01
    0.988000      1   0.00000000E+00  0.00000000E+00  2.82223712E-03  0.00000000E+00  0.00000000E+00  0.00000000E+00  0.00000000E+00  0.00000000E+00  2.73968309E-02  0.00000000E+00  0.00000000E+00 -1.23144481E-01
    0.989000      1   0.00000000E+00  0.00000000E+00  2.73685821E-03  0.00000000E+00  0.00000000E+00  0.00000000E+00  0.00000000E+00  0.00000000E+00  2.72737234E-02  0.00000000E+00  0.00000000E+00 -1.23107555E-01
    0.990000      1   0.00000000E+00  0.00000000E+00  2.69969854E-03  0.00000000E+00  0.00000000E+00  0.00000000E+00  0.00000000E+00  0.00000000E+00  2.71506253E-02  0.00000000E+00  0.00000000E+00 -1.23098136E-01
    0.991000      1   0.00000000E+00  0.00000000E+00  2.82308698E-03  0.00000000E+00  0.00000000E+00  0.00000000E+00  0.00000000E+00  0.00000000E+00  2.70275019E-02  0.00000000E+00  0.00000000E+00 -1.23123328E-01
    0.992000      1   0.00000000E+00  0.00000000E+00  2.86051289E-03  0.00000000E+00  0.00000000E+00  0.00000000E+00  0.00000000E+00  0.00000000E+00  2.69043630E-02  0.00000000E+00  0.00000000E+00 -1.23138904E-01
    0.993000      1   0.00000000E+00  0.00000000E+00  2.77224551E-03  0.00000000E+00  0.00000000E+00  0.00000000E+00  0.00000000E+00  0.00000000E+00  2.67812557E-02  0.00000000E+00  0.00000000E+00 -1.23107339E-01
    0.994000      1   0.00000000E+00  0.00000000E+00  2.71787792E-03  0.00000000E+00  0.00000000E+00  0.00000000E+00  0.00000000E+00  0.00000000E+00  2.66581766E-02  0.00000000E+00  0.00000000E+00 -1.23079091E-01
    0.995000      1   0.00000000E+00  0.00000000E+00  2.76262141E-03  0.00000000E+00  0.00000000E+00  0.00000000E+00  0.00000000E+00  0.00000000E+00  2.65350871E-02  0.00000000E+00  0.00000000E+00 -1.23089447E-01
    0.996000      1   0.00000000E+00  0.00000000E+00  2.84630304E-03  0.00000000E+00  0.00000000E+00  0.00000000E+00  0.00000000E+00  0.00000000E+00  2.64119774E-02  0.00000000E+00  0.00000000E+00 -1.23109745E-01
    0.997000      1   0.00000000E+00  0.00000000E+00  2.83199391E-03  0.00000000E+00  0.00000000E+00  0.00000000E+00  0.00000000E+00  0.00000000E+00  2.62888768E-02  0.00000000E+00  0.00000000E+00 -1.23100550E-01
    0.998000      1   0.00000000E+00  0.00000000E+00  2.76138759E-03  0.00000000E+00  0.00000000E+00  0.00000000E+00  0.00000000E+00  0.00000000E+00  2.61658104E-02  0.00000000E+00  0.00000000E+00 -1.23066404E-01
    0.999000      1   0.00000000E+00  0.00000000E+00  2.70943159E-03  0.00000000E+00  0.00000000E+00  0.00000000E+00  0.00000000E+00  0.00000000E+00  2.60427610E-02  0.00000000E+00  0.00000000E+00 -1.23049443E-01
    1.000000      1   0.00000000E+00  0.00000000E+00  2.81537827E-03  0.00000000E+00  0.00000000E+00  0.00000000E+00  0.00000000E+00  0.00000000E+00  2.59196961E-02  0.00000000E+00  0.00000000E+00 -1.23064858E-01
    1.001000      1   0.00000000E+00  0.00000000E+00  2.86309256E-03  0.00000000E+00  0.00000000E+00  0.00000000E+00  0.00000000E+00  0.00000000E+00  2.57966175E-02  0.00000000E+00  0.00000000E+00 -1.23078600E-01
    1.002000      1   0.00000000E+00  0.00000000E+00  2.77232400E-03  0.00000000E+00  0.00000000E+00  0.00000000E+00  0.00000000E+00  0.00000000E+00  2.56735684E-02  0.00000000E+00  0.00000000E+00 -1.23049111E-01
    1.003000      1   0.00000000E+00  0.00000000E+00  2.72653115E-03  0.00000000E+00  0.00000000E+00  0.00000000E+00  0.00000000E+00  0.00000000E+00  2.55505484E-02  0.00000000E+00  0.00000000E+00 -1.23020002E-01
    1.004000      1   0.00000000E+00  0.00000000E+00  2.77745391E-03  0.00000000E+00  0.00000000E+00  0.00000000E+00  0.00000000E+00  0.00000000E+00  2.54275196E-02  0.00000000E+00  0.00000000E+00 -1.23028801E-01
    1.005000      1   0.00000000E+00  0.00000000E+00  2.84482155E-03  0.00000000E+00  0.00000000E+00  0.00000000E+00  0.00000000E+00  0.00000000E+00  2.53044760E-02  0.00000000E+00  0.00000000E+00 -1.23043635E-01
    1.006000      1   0.00000000E+00  0.00000000E+00  2.82907542E-03  0.00000000E+00  0.00000000E+00  0.00000000E+00  0.00000000E+00  0.00000000E+00  2.51814462E-02  0.00000000E+00  0.00000000E+00 -1.23029831E-01
    1.007000      1   0.00000000E+00  0.00000000E+00  2.77225674E-03  0.00000000E+00  0.00000000E+00  0.00000000E+00  0.00000000E+00  0.00000000E+00  2.50584495E-02  0.00000000E+00  0.00000000E+00 -1.22996687E-01
    1.008000      1   0.00000000E+00  0.00000000E+00  2.72121462E-03  0.00000000E+00  0.00000000E+00  0.00000000E+00  0.00000000E+00  0.00000000E+00  2.49354707E-02  0.00000000E+00  0.00000000E+00 -1.22978762E-01
    1.009000      1   0.00000000E+00  0.00000000E+00  2.80723319E-03  0.00000000E+00  0.00000000E+00  0.00000000E+00  0.00000000E+00  0.00000000E+00  2.48124822E-02  0.00000000E+00  0.00000000E+00 -1.22988524E-01
    1.010000      1   0.00000000E+00  0.00000000E+00  2.85771601E-03  0.00000000E+00  0.00000000E+00  0.00000000E+00  0.00000000E+00  0.00000000E+00  2.46894824E-02  0.00000000E+00  0.00000000E+00 -1.22999837E-01
    1.011000      1   0.00000000E+00  0.00000000E+00  2.79156528E-03  0.00000000E+00  0.00000000E+00  0.00000000E+00  0.00000000E+00  0.00000000E+00  2.45665084E-02  0.00000000E+00  0.00000000E+00 -1.22973973E-01
    1.012000      1   0.00000000E+00  0.00000000E+00  2.73507618E-03  0.00000000E+00  0.00000000E+00  0.00000000E+00  0.00000000E+00  0.00000000E+00  2.44435652E-02  0.00000000E+00  0.00000000E+00 -1.22943228E-01
    1.013000      1   0.00000000E+00  0.00000000E+00  2.77682800E-03  0.00000000E+00  0.00000000E+00  0.00000000E+00  0.00000000E+00  0.00000000E+00  2.43206210E-02  0.00000000E+00  0.00000000E+00 -1.22944197E-01
    1.014000      1   0.00000000E+00  0.00000000E+00  2.83901269E-03  0.00000000E+00  0.00000000E+00  0.00000000E+00  0.00000000E+00  0.00000000E+00  2.41976646E-02  0.00000000E+00  0.00000000E+00 -1.22956335E-01
    1.015000      1   0.00000000E+00  0.00000000E+00  2.84945949E-03  0.00000000E+00  0.00000000E+00  0.00000000E+00  0.00000000E+00  0.00000000E+00  2.40747209E-02  0.00000000E+00  0.00000000E+00 -1.22943764E-01
    1.016000      1   0.00000000E+00  0.00000000E+00  2.75789422E-03  0.00000000E+00  0.00000000E+00  0.00000000E+00  0.00000000E+00  0.00000000E+00  2.39518119E-02  0.00000000E+00  0.00000000E+00 -1.22908923E-01
    1.017000      1   0.00000000E+00  0.00000000E+00  2.73326446E-03  0.00000000E+00  0.00000000E+00  0.00000000E+00  0.00000000E+00  0.00000000E+00  2.38289251E-02  0.00000000E+00  0.00000000E+00 -1.22886844E-01
    1.018000      1   0.00000000E+00  0.00000000E+00  2.81114290E-03  0.00000000E+00  0.00000000E+00  0.00000000E+00  0.00000000E+00  0.00000000E+00  2.37060259E-02  0.00000000E+00  0.00000000E+00 -1.22899191E-01
    1.019000      1   0.00000000E+00  0.00000000E+00  2.86830435E-03  0.00000000E+00  0.00000000E+00  0.00000000E+00  0.00000000E+00  0.00000000E+00  2.35831200E-02  0.00000000E+00  0.00000000E+00 -1.22905856E-01
    1.020000      1   0.00000000E+00  0.00000000E+00  2.80840520E-03  0.00000000E+00  0.00000000E+00  0.00000000E+00  0.00000000E+00  0.00000000E+00  2.34602432E-02  0.00000000E+00  0.00000000E+00 -1.22876835E-01
    1.021000      1   0.00000000E+00  0.00000000E+00  2.74087139E-03  0.00000000E+00  0.00000000E+00  0.00000000E+00  0.00000000E+00  0.00000000E+00  2.33374036E-02  0.00000000E+00  0.00000000E+00 -1.22839635E-01
    1.022000      1   0.00000000E+00  0.00000000E+00  2.76261899E-03  0.00000000E+00  0.00000000E+00  0.00000000E+00  0.00000000E+00  0.00000000E+00  2.32145695E-02  0.00000000E+00  0.00000000E+00 -1.22834049E-01
    1.023000      1   0.00000000E+00  0.00000000E+00  2.85746256E-03  0.00000000E+00  0.00000000E+00  0.00000000E+00  0.00000000E+00  0.00000000E+00  2.30917227E-02  0.00000000E+00  0.00000000E+00 -1.22846796E-01
    1.024000      1   0.00000000E+00  0.00000000E+00  2.86759036E-03  0.00000000E+00  0.00000000E+00  0.00000000E+00  0.00000000E+00  0.00000000E+00  2.29688871E-02  0.00000000E+00  0.00000000E+00 -1.22835628E-01
    1.025000      1   0.00000000E+00  0.00000000E+00  2.77240649E-03  0.00000000E+00  0.00000000E+00  0.00000000E+00  0.00000000E+00  0.00000000E+00  2.28460956E-02  0.00000000E+00  0.00000000E+00 -1.22791522E-01
    1.026000      1   0.00000000E+00  0.00000000E+00  2.74166147E-03  0.00000000E+00  0.00000000E+00  0.00000000E+00  0.00000000E+00  0.00000000E+00  2.27233347E-02  0.00000000E+00  0.00000000E+00 -1.22760922E-01
    1.027000      1   0.00000000E+00  0.00000000E+00  2.80542794E-03  0.00000000E+00  0.00000000E+00  0.00000000E+00  0.00000000E+00  0.00000000E+00  2.26005676E-02  0.00000000E+00  0.00000000E+00 -1.22767019E-01
    1.028000      1   0.00000000E+00  0.00000000E+00  2.88450142E-03  0.00000000E+00  0.00000000E+00  0.00000000E+00  0.00000000E+00  0.00000000E+00  2.24777957E-02  0.00000000E+00  0.00000000E+00 -1.22771936E-01
    1.029000      1   0.00000000E+00  0.00000000E+00  2.81426963E-03  0.00000000E+00  0.00000000E+00  0.00000000E+00  0.00000000E+00  0.00000000E+00  2.23550538E-02  0.00000000E+00  0.00000000E+00 -1.22741928E-01
    1.030000      1   0.00000000E+00  0.00000000E+00  2.74246910E-03  0.00000000E+00  0.00000000E+00  0.00000000E+00  0.00000000E+00  0.00000000E+00  2.22323554E-02  0.00000000E+00  0.00000000E+00 -1.22698371E-01
    1.031000      1   0.00000000E+00  0.00000000E+00  2.77307518E-03  0.00000000E+00  0.00000000E+00  0.00000000E+00  0.00000000E+00  0.00000000E+00  2.21096648E-02  0.00000000E+00  0.00000000E+00 -1.22690577E-01
    1.032000      1   0.00000000E+00  0.00000000E+00  2.88281777E-03  0.00000000E+00  0.00000000E+00  0.00000000E+00  0.00000000E+00  0.00000000E+00  2.19869639E-02  0.00000000E+00  0.00000000E+00 -1.22700950E-01
    1.033000      1   0.00000000E+00  0.00000000E+00  2.86240823E-03  0.00000000E+00  0.00000000E+00  0.00000000E+00  0.00000000E+00  0.00000000E+00  2.18642820E-02  0.00000000E+00  0.00000000E+00 -1.22681865E-01
    1.034000      1   0.00000000E+00  0.00000000E+00  2.77160788E-03  0.00000000E+00  0.00000000E+00  0.00000000E+00  0.00000000E+00  0.00000000E+00  2.17416517E-02  0.00000000E+00  0.00000000E+00 -1.22630348E-01
    1.035000      1   0.00000000E+00  0.00000000E+00  2.74324010E-03  0.00000000E+00  0.00000000E+00  0.00000000E+00  0.00000000E+00  0.00000000E+00  2.16190501E-02  0.00000000E+00  0.00000000E+00 -1.22601591E-01
    1.036000      1   0.00000000E+00  0.00000000E+00  2.82929893E-03  0.00000000E+00  0.00000000E+00  0.00000000E+00  0.00000000E+00  0.00000000E+00  2.14964424E-02  0.00000000E+00  0.00000000E+00 -1.22607671E-01
    1.037000      1   0.00000000E+00  0.00000000E+00  2.88821076E-03  0.00000000E+00  0.00000000E+00  0.00000000E+00  0.00000000E+00  0.00000000E+00  2.13738346E-02  0.00000000E+00  0.00000000E+00 -1.22607849E-01
    1.038000      1   0.00000000E+00  0.00000000E+00  2.84017841E-03  0.00000000E+00  0.00000000E+00  0.00000000E+00  0.00000000E+00  0.00000000E+00  2.12512652E-02  0.00000000E+00  0.00000000E+00 -1.22569345E-01
    1.039000      1   0.00000000E+00  0.00000000E+00  2.75106341E-03  0.00000000E+00  0.00000000E+00  0.00000000E+00  0.00000000E+00  0.00000000E+00  2.11287452E-02  0.00000000E+00  0.00000000E+00 -1.22519988E-01
    1.040000      1   0.00000000E+00  0.00000000E+00  2.75620542E-03  0.00000000E+00  0.00000000E+00  0.00000000E+00  0.00000000E+00  0.00000000E+00  2.10062431E-02  0.00000000E+00  0.00000000E+00 -1.22502165E-01
    1.041000      1   0.00000000E+00  0.00000000E+00  2.91080852E-03  0.00000000E+00  0.00000000E+00  0.00000000E+00  0.00000000E+00  0.00000000E+00  2.08837304E-02  0.00000000E+00  0.00000000E+00 -1.22512699E-01
    1.042000      1   0.00000000E+00  0.00000000E+00  2.89238641E-03  0.00000000E+00  0.00000000E+00  0.00000000E+00  0.00000000E+00  0.00000000E+00  2.07612361E-02  0.00000000E+00  0.00000000E+00 -1.22494205E-01
    1.043000      1   0.00000000E+00  0.00000000E+00  2.75165696E-03  0.00000000E+00  0.00000000E+00  0.00000000E+00  0.00000000E+00  0.00000000E+00  2.06388080E-02  0.00000000E+00  0.00000000E+00 -1.22428194E-01
    1.044000      1   0.00000000E+00  0.00000000E+00  2.74184156E-03  0.00000000E+00  0.00000000E+00  0.00000000E+00  0.00000000E+00  0.00000000E+00  2.05164148E-02  0.00000000E+00  0.00000000E+00 -1.22393120E-01
    1.045000      1   0.00000000E+00  0.00000000E+00  2.85652436E-03  0.00000000E+00  0.00000000E+00  0.00000000E+00  0.00000000E+00  0.00000000E+00  2.03940088E-02  0.00000000E+00  0.00000000E+00 -1.22405999E-01
    1.046000      1   0.00000000E+00  0.00000000E+00  2.89622484E-03  0.00000000E+00  0.00000000E+00  0.00000000E+00  0.00000000E+00  0.00000000E+00  2.02716070E-02  0.00000000E+00  0.00000000E+00 -1.22401821E-01
    1.047000      1   0.00000000E+00  0.00000000E+00  2.85759527E-03  0.00000000E+00  0.00000000E+00  0.00000000E+00  0.00000000E+00  0.00000000E+00  2.01492541E-02  0.00000000E+00  0.00000000E+00 -1.22352959E-01
    1.048000      1   0.00000000E+00  0.00000000E+00  2.76450531E-03  0.00000000E+00  0.00000000E+00  0.00000000E+00  0.00000000E+00  0.00000000E+00  2.00269562E-02  0.00000000E+00  0.00000000E+00 -1.22297891E-01
    1.049000      1   0.00000000E+00  0.00000000E+00  2.76016267E-03  0.00000000E+00  0.00000000E+00  0.00000000E+00  0.00000000E+00  0.00000000E+00  1.99046842E-02  0.00000000E+00  0.00000000E+00 -1.22271970E-01
    1.050000      1   0.00000000E+00  0.00000000E+00  2.93053608E-03  0.00000000E+00  0.00000000E+00  0.00000000E+00  0.00000000E+00  0.00000000E+00  1.97824068E-02  0.00000000E+00  0.00000000E+00 -1.22277390E-01
    1.051000      1   0.00000000E+00  0.00000000E+00  2.94585911E-03  0.00000000E+00  0.00000000E+00  0.00000000E+00  0.00000000E+00  0.00000000E+00  1.96601527E-02  0.00000000E+00  0.00000000E+00 -1.22254107E-01
    1.052000      1   0.00000000E+00  0.00000000E+00  2.74810590E-03  0.00000000E+00  0.00000000E+00  0.00000000E+00  0.00000000E+00  0.00000000E+00  1.95379805E-02  0.00000000E+00  0.00000000E+00 -1.22172162E-01
    1.053000      1   0.00000000E+00  0.00000000E+00  2.74456883E-03  0.00000000E+00  0.00000000E+00  0.00000000E+00  0.00000000E+00  0.00000000E+00  1.94158604E-02  0.00000000E+00  0.00000000E+00 -1.22120154E-01
    1.054000      1   0.00000000E+00  0.00000000E+00  2.84566141E-03  0.00000000E+00  0.00000000E+00  0.00000000E+00  0.00000000E+00  0.00000000E+00  1.92937267E-02  0.00000000E+00  0.00000000E+00 -1.22133717E-01
    1.055000      1   0.00000000E+00  0.00000000E+00  2.92970916E-03  0.00000000E+00  0.00000000E+00  0.00000000E+00  0.00000000E+00  0.00000000E+00  1.91715961E-02  0.00000000E+00  0.00000000E+00 -1.22130565E-01
    1.056000      1   0.00000000E+00  0.00000000E+00  2.89731348E-03  0.00000000E+00  0.00000000E+00  0.00000000E+00  0.00000000E+00  0.00000000E+00  1.90495167E-02  0.00000000E+00  0.00000000E+00 -1.22079350E-01
    1.057000      1   0.00000000E+00  0.00000000E+00  2.80088919E-03  0.00000000E+00  0.00000000E+00  0.00000000E+00  0.00000000E+00  0.00000000E+00  1.89275105E-02  0.00000000E+00  0.00000000E+00 -1.22006260E-01
    1.058000      1   0.00000000E+00  0.00000000E+00  2.77921011E-03  0.00000000E+00  0.00000000E+00  0.00000000E+00  0.00000000E+00  0.00000000E+00  1.88055496E-02  0.00000000E+00  0.00000000E+00 -1.21960862E-01
    1.059000      1   0.00000000E+00  0.00000000E+00  2.90062974E-03  0.00000000E+00  0.00000000E+00  0.00000000E+00  0.00000000E+00  0.00000000E+00  1.86835987E-02  0.00000000E+00  0.00000000E+00 -1.21950964E-01
    1.060000      1   0.00000000E+00  0.00000000E+00  2.96154385E-03  0.00000000E+00  0.00000000E+00  0.00000000E+00  0.00000000E+00  0.00000000E+00  1.85616719E-02  0.00000000E+00  0.00000000E+00 -1.21926715E-01
    1.061000      1   0.00000000E+00  0.00000000E+00  2.80433899E-03  0.00000000E+00  0.00000000E+00  0.00000000E+00  0.00000000E+00  0.00000000E+00  1.84398201E-02  0.00000000E+00  0.00000000E+00 -1.21851817E-01
    1.062000      1   0.00000000E+00  0.00000000E+00  2.77409437E-03  0.00000000E+00  0.00000000E+00  0.00000000E+00  0.00000000E+00  0.00000000E+00  1.83180354E-02  0.00000000E+00  0.00000000E+00 -1.21784714E-01
    1.063000      1   0.00000000E+00  0.00000000E+00  2.86208299E-03  0.00000000E+00  0.00000000E+00  0.00000000E+00  0.00000000E+00  0.00000000E+00  1.81962608E-02  0.00000000E+00  0.00000000E+00 -1.21774588E-01
    1.064000      1   0.00000000E+00  0.00000000E+00  2.94699159E-03  0.00000000E+00  0.00000000E+00  0.00000000E+00  0.00000000E+00  0.00000000E+00  1.80745020E-02  0.00000000E+00  0.00000000E+00 -1.21758836E-01
    1.065000      1   0.00000000E+00  0.00000000E+00  2.90963310E-03  0.00000000E+00  0.00000000E+00  0.00000000E+00  0.00000000E+00  0.00000000E+00  1.79528028E-02  0.00000000E+00  0.00000000E+00 -1.21699171E-01
    1.066000      1   0.00000000E+00  0.00000000E+00  2.83435495E-03  0.00000000E+00  0.00000000E+00  0.00000000E+00  0.00000000E+00  0.00000000E+00  1.78311846E-02  0.00000000E+00  0.00000000E+00 -1.21618227E-01
    1.067000      1   0.00000000E+00  0.00000000E+00  2.80239244E-03  0.00000000E+00  0.00000000E+00  0.00000000E+00  0.00000000E+00  0.00000000E+00  1.77096217E-02  0.00000000E+00  0.00000000E+00 -1.21562865E-01
    1.068000      1   0.00000000E+00  0.00000000E+00  2.89393246E-03  0.00000000E+00  0.00000000E+00  0.00000000E+00  0.00000000E+00  0.00000000E+00  1.75880839E-02  0.00000000E+00  0.00000000E+00 -1.21537877E-01
    1.069000      1   0.00000000E+00  0.00000000E+00  2.96177744E-03  0.00000000E+00  0.00000000E+00  0.00000000E+00  0.00000000E+00  0.00000000E+00  1.74665767E-02  0.00000000E+00  0.00000000E+00 -1.21507198E-01
    1.070000      1   0.00000000E+00  0.00000000E+00  2.86457097E-03  0.00000000E+00  0.00000000E+00  0.00000000E+00  0.00000000E+00  0.00000000E+00  1.73451422E-02  0.00000000E+00  0.00000000E+00 -1.21434459E-01
    1.071000      1   0.00000000E+00  0.00000000E+00  2.79601085E-03  0.00000000E+00  0.00000000E+00  0.00000000E+00  0.00000000E+00  0.00000000E+00  1.72237856E-02  0.00000000E+00  0.00000000E+00 -1.21356628E-01
    1.072000      1   0.00000000E+00  0.00000000E+00  2.85027753E-03  0.00000000E+00  0.00000000E+00  0.00000000E+00  0.00000000E+00  0.00000000E+00  1.71024627E-02  0.00000000E+00  0.00000000E+00 -1.21322845E-01
    1.073000      1   0.00000000E+00  0.00000000E+00  2.98164061E-03  0.00000000E+00  0.00000000E+00  0.00000000E+00  0.00000000E+00  0.00000000E+00  1.69811607E-02  0.00000000E+00  0.00000000E+00 -1.21301982E-01
    1.074000      1   0.00000000E+00  0.00000000E+00  2.97040349E-03  0.00000000E+00  0.00000000E+00  0.00000000E+00  0.00000000E+00  0.00000000E+00  1.68599207E-02  0.00000000E+00  0.00000000E+00 -1.21240067E-01
    1.075000      1   0.00000000E+00  0.00000000E+00  2.87276309E-03  0.00000000E+00  0.00000000E+00  0.00000000E+00  0.00000000E+00  0.00000000E+00  1.67387837E-02  0.00000000E+00  0.00000000E+00 -1.21136998E-01
    1.076000      1   0.00000000E+00  0.00000000E+00  2.83216142E-03  0.00000000E+00  0.00000000E+00  0.00000000E+00  0.00000000E+00  0.00000000E+00  1.66177288E-02  0.00000000E+00  0.00000000E+00 -1.21054885E-01
    1.077000      1   0.00000000E+00  0.00000000E+00  2.88896453E-03  0.00000000E+00  0.00000000E+00  0.00000000E+00  0.00000000E+00  0.00000000E+00  1.64967168E-02  0.00000000E+00  0.00000000E+00 -1.21012019E-01
    1.078000      1   0.00000000E+00  0.00000000E+00  2.98203501E-03  0.00000000E+00  0.00000000E+00  0.00000000E+00  0.00000000E+00  0.00000000E+00  1.63757443E-02  0.00000000E+00  0.00000000E+00 -1.20972443E-01
    1.079000      1   0.00000000E+00  0.00000000E+00  2.92451846E-03  0.00000000E+00  0.00000000E+00  0.00000000E+00  0.00000000E+00  0.00000000E+00  1.62548466E-02  0.00000000E+00  0.00000000E+00 -1.20897753E-01
    1.080000      1   0.00000000E+00  0.00000000E+00  2.84047638E-03  0.00000000E+00  0.00000000E+00  0.00000000E+00  0.00000000E+00  0.00000000E+00  1.61340439E-02  0.00000000E+00  0.00000000E+00 -1.20802668E-01
    1.081000      1   0.00000000E+00  0.00000000E+00  2.86271322E-03  0.00000000E+00  0.00000000E+00  0.00000000E+00  0.00000000E+00  0.00000000E+00  1.60133026E-02  0.00000000E+00  0.00000000E+00 -1.20741334E-01
    1.082000      1   0.00000000E+00  0.00000000E+00  3.04259285E-03  0.00000000E+00  0.00000000E+00  0.00000000E+00  0.00000000E+00  0.00000000E+00  1.58925989E-02  0.00000000E+00  0.00000000E+00 -1.20703669E-01
    1.083000      1   0.00000000E+00  0.00000000E+00  3.04100376E-03  0.00000000E+00  0.00000000E+00  0.00000000E+00  0.00000000E+00  0.00000000E+00  1.57719720E-02  0.00000000E+00  0.00000000E+00 -1.20626891E-01
    1.084000      1   0.00000000E+00  0.00000000E+00  2.86160488E-03  0.00000000E+00  0.00000000E+00  0.00000000E+00  0.00000000E+00  0.00000000E+00  1.56514807E-02  0.00000000E+00  0.00000000E+00 -1.20491319E-01
    1.085000      1   0.00000000E+00  0.00000000E+00  2.84611794E-03  0.00000000E+00  0.00000000E+00  0.00000000E+00  0.00000000E+00  0.00000000E+00  1.55310927E-02  0.00000000E+00  0.00000000E+00 -1.20387994E-01
    1.086000      1   0.00000000E+00  0.00000000E+00  2.95285300E-03  0.00000000E+00  0.00000000E+00  0.00000000E+00  0.00000000E+00  0.00000000E+00  1.54107464E-02  0.00000000E+00  0.00000000E+00 -1.20346324E-01
    1.087000      1   0.00000000E+00  0.00000000E+00  3.06666792E-03  0.00000000E+00  0.00000000E+00  0.00000000E+00  0.00000000E+00  0.00000000E+00  1.52904555E-02  0.00000000E+00  0.00000000E+00 -1.20290866E-01
    1.088000      1   0.00000000E+00  0.00000000E+00  3.00322276E-03  0.00000000E+00  0.00000000E+00  0.00000000E+00  0.00000000E+00  0.00000000E+00  1.51702753E-02  0.00000000E+00  0.00000000E+00 -1.20180228E-01
    1.089000      1   0.00000000E+00  0.00000000E+00  2.89970994E-03  0.00000000E+00  0.00000000E+00  0.00000000E+00  0.00000000E+00  0.00000000E+00  1.50502319E-02  0.00000000E+00  0.00000000E+00 -1.20043430E-01
    1.090000      1   0.00000000E+00  0.00000000E+00  2.87492781E-03  0.00000000E+00  0.00000000E+00  0.00000000E+00  0.00000000E+00  0.00000000E+00  1.49302861E-02  0.00000000E+00  0.00000000E+00 -1.19945774E-01
    1.091000      1   0.00000000E+00  0.00000000E+00  3.02085471E-03  0.00000000E+00  0.00000000E+00  0.00000000E+00  0.00000000E+00  0.00000000E+00  1.48103996E-02  0.00000000E+00  0.00000000E+00 -1.19886496E-01
    1.092000      1   0.00000000E+00  0.00000000E+00  3.07373689E-03  0.00000000E+00  0.00000000E+00  0.00000000E+00  0.00000000E+00  0.00000000E+00  1.46905900E-02  0.00000000E+00  0.00000000E+00 -1.19809551E-01
    1.093000      1   0.00000000E+00  0.00000000E+00  3.00032583E-03  0.00000000E+00  0.00000000E+00  0.00000000E+00  0.00000000E+00  0.00000000E+00  1.45709147E-02  0.00000000E+00  0.00000000E+00 -1.19675329E-01
    1.094000      1   0.00000000E+00  0.00000000E+00  2.92385408E-03  0.00000000E+00  0.00000000E+00  0.00000000E+00  0.00000000E+00  0.00000000E+00  1.44513780E-02  0.00000000E+00  0.00000000E+00 -1.19536723E-01
    1.095000      1   0.00000000E+00  0.00000000E+00  2.96696962E-03  0.00000000E+00  0.00000000E+00  0.00000000E+00  0.00000000E+00  0.00000000E+00  1.43319422E-02  0.00000000E+00  0.00000000E+00 -1.19435748E-01
    1.096000      1   0.00000000E+00  0.00000000E+00  3.10134435E-03  0.00000000E+00  0.00000000E+00  0.00000000E+00  0.00000000E+00  0.00000000E+00  1.42125900E-02  0.00000000E+00  0.00000000E+00 -1.19352264E-01
    1.097000      1   0.00000000E+00  0.00000000E+00  3.10150531E-03  0.00000000E+00  0.00000000E+00  0.00000000E+00  0.00000000E+00  0.00000000E+00  1.40933591E-02  0.00000000E+00  0.00000000E+00 -1.19230857E-01
    1.098000      1   0.00000000E+00  0.00000000E+00  2.95051373E-03  0.00000000E+00  0.00000000E+00  0.00000000E+00  0.00000000E+00  0.00000000E+00  1.39742938E-02  0.00000000E+00  0.00000000E+00 -1.19065291E-01
    1.099000      1   0.00000000E+00  0.00000000E+00  2.95326592E-03  0.00000000E+00  0.00000000E+00  0.00000000E+00  0.00000000E+00  0.00000000E+00  1.38553674E-02  0.00000000E+00  0.00000000E+00 -1.18926374E-01
    1.100000      1   0.00000000E+00  0.00000000E+00  3.07414032E-03  0.00000000E+00  0.00000000E+00  0.00000000E+00  0.00000000E+00  0.00000000E+00  1.37365309E-02  0.00000000E+00  0.00000000E+00 -1.18836558E-01
    1.101000      1   0.00000000E+00  0.00000000E+00  3.14985148E-03  0.00000000E+00  0.00000000E+00  0.00000000E+00  0.00000000E+00  0.00000000E+00  1.36178064E-02  0.00000000E+00  0.00000000E+00 -1.18724462E-01
    1.102000      1   0.00000000E+00  0.00000000E+00  3.12705860E-03  0.00000000E+00  0.00000000E+00  0.00000000E+00  0.00000000E+00  0.00000000E+00  1.34992471E-02  0.00000000E+00  0.00000000E+00 -1.18559281E-01
    1.103000      1   0.00000000E+00  0.00000000E+00  3.02471638E-03  0.00000000E+00  0.00000000E+00  0.00000000E+00  0.00000000E+00  0.00000000E+00  1.33808739E-02  0.00000000E+00  0.00000000E+00 -1.18373266E-01
    1.104000      1   0.00000000E+00  0.00000000E+00  3.01484457E-03  0.00000000E+00  0.00000000E+00  0.00000000E+00  0.00000000E+00  0.00000000E+00  1.32626610E-02  0.00000000E+00  0.00000000E+00 -1.18212834E-01
    1.105000      1   0.00000000E+00  0.00000000E+00  3.12598632E-03  0.00000000E+00  0.00000000E+00  0.00000000E+00  0.00000000E+00  0.00000000E+00  1.31445733E-02  0.00000000E+00  0.00000000E+00 -1.18087759E-01
    1.106000      1   0.00000000E+00  0.00000000E+00  3.21037285E-03  0.00000000E+00  0.00000000E+00  0.00000000E+00  0.00000000E+00  0.00000000E+00  1.30266270E-02  0.00000000E+00  0.00000000E+00 -1.17946272E-01
    1.107000      1   0.00000000E+00  0.00000000E+00  3.12492834E-03  0.00000000E+00  0.00000000E+00  0.00000000E+00  0.00000000E+00  0.00000000E+00  1.29088737E-02  0.00000000E+00  0.00000000E+00 -1.17753361E-01
    1.108000      1   0.00000000E+00  0.00000000E+00  3.04440634E-03  0.00000000E+00  0.00000000E+00  0.00000000E+00  0.00000000E+00  0.00000000E+00  1.27913258E-02  0.00000000E+00  0.00000000E+00 -1.17547847E-01
    1.109000      1   0.00000000E+00  0.00000000E+00  3.10144999E-03  0.00000000E+00  0.00000000E+00  0.00000000E+00  0.00000000E+00  0.00000000E+00  1.26739412E-02  0.00000000E+00  0.00000000E+00 -1.17384633E-01
    1.110000      1   0.00000000E+00  0.00000000E+00  3.29183718E-03  0.00000000E+00  0.00000000E+00  0.00000000E+00  0.00000000E+00  0.00000000E+00  1.25567034E-02  0.00000000E+00  0.00000000E+00 -1.17237776E-01
    1.111000      1   0.00000000E+00  0.00000000E+00  3.30618081E-03  0.00000000E+00  0.00000000E+00  0.00000000E+00  0.00000000E+00  0.00000000E+00  1.24396649E-02  0.00000000E+00  0.00000000E+00 -1.17038517E-01
    1.112000      1   0.00000000E+00  0.00000000E+00  3.13372877E-03  0.00000000E+00  0.00000000E+00  0.00000000E+00  0.00000000E+00  0.00000000E+00  1.23228907E-02  0.00000000E+00  0.00000000E+00 -1.16774196E-01
    1.113000      1   0.00000000E+00  0.00000000E+00  3.12917478E-03  0.00000000E+00  0.00000000E+00  0.00000000E+00  0.00000000E+00  0.00000000E+00  1.22063550E-02  0.00000000E+00  0.00000000E+00 -1.16535661E-01
    1.114000      1   0.00000000E+00  0.00000000E+00  3.21676175E-03  0.00000000E+00  0.00000000E+00  0.00000000E+00  0.00000000E+00  0.00000000E+00  1.20900005E-02  0.00000000E+00  0.00000000E+00 -1.16354566E-01
    1.115000      1   0.00000000E+00  0.00000000E+00  3.31611403E-03  0.00000000E+00  0.00000000E+00  0.00000000E+00  0.00000000E+00  0.00000000E+00  1.19738410E-02  0.00000000E+00  0.00000000E+00 -1.16159479E-01
    1.116000      1   0.00000000E+00  0.00000000E+00  3.36028812E-03  0.00000000E+00  0.00000000E+00  0.00000000E+00  0.00000000E+00  0.00000000E+00  1.18579229E-02  0.00000000E+00  0.00000000E+00 -1.15918057E-01
    1.117000      1   0.00000000E+00  0.00000000E+00  3.26465168E-03  0.00000000E+00  0.00000000E+00  0.00000000E+00  0.00000000E+00  0.00000000E+00  1.17422867E-02  0.00000000E+00  0.00000000E+00 -1.15636194E-01
    1.118000      1   0.00000000E+00  0.00000000E+00  3.21774603E-03  0.00000000E+00  0.00000000E+00  0.00000000E+00  0.00000000E+00  0.00000000E+00  1.16269300E-02  0.00000000E+00  0.00000000E+00 -1.15356737E-01
    1.119000      1   0.00000000E+00  0.00000000E+00  3.36194364E-03  0.00000000E+00  0.00000000E+00  0.00000000E+00  0.00000000E+00  0.00000000E+00  1.15118130E-02  0.00000000E+00  0.00000000E+00 -1.15116983E-01
    1.120000      1   0.00000000E+00  0.00000000E+00  3.44563404E-03  0.00000000E+00  0.00000000E+00  0.00000000E+00  0.00000000E+00  0.00000000E+00  1.13969459E-02  0.00000000E+00  0.00000000E+00 -1.14867133E-01
    1.121000      1   0.00000000E+00  0.00000000E+00  3.45437396E-03  0.00000000E+00  0.00000000E+00  0.00000000E+00  0.00000000E+00  0.00000000E+00  1.12823907E-02  0.00000000E+00  0.00000000E+00 -1.14555127E-01
    1.122000      1   0.00000000E+00  0.00000000E+00  3.38383715E-03  0.00000000E+00  0.00000000E+00  0.00000000E+00  0.00000000E+00  0.00000000E+00  1.11681767E-02  0.00000000E+00  0.00000000E+00 -1.14214091E-01
    1.123000      1   0.00000000E+00  0.00000000E+00  3.37588910E-03  0.00000000E+00  0.00000000E+00  0.00000000E+00  0.00000000E+00  0.00000000E+00  1.10542940E-02  0.00000000E+00  0.00000000E+00 -1.13882657E-01
    1.124000      1   0.00000000E+00  0.00000000E+00  3.46011798E-03  0.00000000E+00  0.00000000E+00  0.00000000E+00  0.00000000E+00  0.00000000E+00  1.09407182E-02  0.00000000E+00  0.00000000E+00 -1.13575795E-01
    1.125000      1   0.00000000E+00  0.00000000E+00  3.57081339E-03  0.00000000E+00  0.00000000E+00  0.00000000E+00  0.00000000E+00  0.00000000E+00  1.08274616E-02  0.00000000E+00  0.00000000E+00 -1.13256648E-01
    1.126000      1   0.00000000E+00  0.00000000E+00  3.60795990E-03  0.00000000E+00  0.00000000E+00  0.00000000E+00  0.00000000E+00  0.00000000E+00  1.07145713E-02  0.00000000E+00  0.00000000E+00 -1.12890263E-01
    1.127000      1   0.00000000E+00  0.00000000E+00  3.53805025E-03  0.00000000E+00  0.00000000E+00  0.00000000E+00  0.00000000E+00  0.00000000E+00  1.06020903E-02  0.00000000E+00  0.00000000E+00 -1.12480956E-01
    1.128000      1   0.00000000E+00  0.00000000E+00  3.52928712E-03  0.00000000E+00  0.00000000E+00  0.00000000E+00  0.00000000E+00  0.00000000E+00  1.04900185E-02  0.00000000E+00  0.00000000E+00 -1.12071812E-01
    1.129000      1   0.00000000E+00  0.00000000E+00  3.66901326E-03  0.00000000E+00  0.00000000E+00  0.00000000E+00  0.00000000E+00  0.00000000E+00  1.03783313E-02  0.00000000E+00  0.00000000E+00 -1.11687177E-01
    1.130000      1   0.00000000E+00  0.00000000E+00  3.77116518E-03  0.00000000E+00  0.00000000E+00  0.00000000E+00  0.00000000E+00  0.00000000E+00  1.02670506E-02  0.00000000E+00  0.00000000E+00 -1.11280711E-01
    1.131000      1   0.00000000E+00  0.00000000E+00  3.81305447E-03  0.00000000E+00  0.00000000E+00  0.00000000E+00  0.00000000E+00  0.00000000E+00  1.01562403E-02  0.00000000E+00  0.00000000E+00 -1.10810292E-01
    1.132000      1   0.00000000E+00  0.00000000E+00  3.76901430E-03  0.00000000E+00  0.00000000E+00  0.00000000E+00  0.00000000E+00  0.00000000E+00  1.00459414E-02  0.00000000E+00  0.00000000E+00 -1.10298917E-01
    1.133000      1   0.00000000E+00  0.00000000E+00  3.79544145E-03  0.00000000E+00  0.00000000E+00  0.00000000E+00  0.00000000E+00  0.00000000E+00  9.93615986E-03  0.00000000E+00  0.00000000E+00 -1.09781574E-01
    1.134000      1   0.00000000E+00  0.00000000E+00  3.91169280E-03  0.00000000E+00  0.00000000E+00  0.00000000E+00  0.00000000E+00  0.00000000E+00  9.82688584E-03  0.00000000E+00  0.00000000E+00 -1.09274020E-01
    1.135000      1   0.00000000E+00  0.00000000E+00  4.03486219E-03  0.00000000E+00  0.00000000E+00  0.00000000E+00  0.00000000E+00  0.00000000E+00  9.71814861E-03  0.00000000E+00  0.00000000E+00 -1.08737230E-01
    1.136000      1   0.00000000E+00  0.00000000E+00  4.13933260E-03  0.00000000E+00  0.00000000E+00  0.00000000E+00  0.00000000E+00  0.00000000E+00  9.61000813E-03  0.00000000E+00  0.00000000E+00 -1.08140480E-01
    1.137000      1   0.00000000E+00  0.00000000E+00  4.10915624E-03  0.00000000E+00  0.00000000E+00  0.00000000E+00  0.00000000E+00  0.00000000E+00  9.50252332E-03  0.00000000E+00  0.00000000E+00 -1.07484804E-01
    1.138000      1   0.00000000E+00  0.00000000E+00  4.09999649E-03  0.00000000E+00  0.00000000E+00  0.00000000E+00  0.00000000E+00  0.00000000E+00  9.39572317E-03  0.00000000E+00  0.00000000E+00 -1.06800156E-01
    1.139000      1   0.00000000E+00  0.00000000E+00  4.30253325E-03  0.00000000E+00  0.00000000E+00  0.00000000E+00  0.00000000E+00  0.00000000E+00  9.28959613E-03  0.00000000E+00  0.00000000E+00 -1.06127037E-01
    1.140000      1   0.00000000E+00  0.00000000E+00  4.44809898E-03  0.00000000E+00  0.00000000E+00  0.00000000E+00  0.00000000E+00  0.00000000E+00  9.18417502E-03  0.00000000E+00  0.00000000E+00 -1.05421111E-01
    1.141000      1   0.00000000E+00  0.00000000E+00  4.57194457E-03  0.00000000E+00  0.00000000E+00  0.00000000E+00  0.00000000E+00  0.00000000E+00  9.07955209E-03  0.00000000E+00  0.00000000E+00 -1.04622927E-01
    1.142000      1   0.00000000E+00  0.00000000E+00  4.55258850E-03  0.00000000E+00  0.00000000E+00  0.00000000E+00  0.00000000E+00  0.00000000E+00  8.97579705E-03  0.00000000E+00  0.00000000E+00 -1.03755036E-01
    1.143000      1   0.00000000E+00  0.00000000E+00  4.70571424E-03  0.00000000E+00  0.00000000E+00  0.00000000E+00  0.00000000E+00  0.00000000E+00  8.87294716E-03  0.00000000E+00  0.00000000E+00 -1.02849895E-01
    1.144000      1   0.00000000E+00  0.00000000E+00  4.93207247E-03  0.00000000E+00  0.00000000E+00  0.00000000E+00  0.00000000E+00  0.00000000E+00  8.77102313E-03  0.00000000E+00  0.00000000E+00 -1.01924032E-01
    1.145000      1   0.00000000E+00  0.00000000E+00  5.20448604E-03  0.00000000E+00  0.00000000E+00  0.00000000E+00  0.00000000E+00  0.00000000E+00  8.67011528E-03  0.00000000E+00  0.00000000E+00 -1.00907852E-01
    1.146000      1   0.00000000E+00  0.00000000E+00  5.38102737E-03  0.00000000E+00  0.00000000E+00  0.00000000E+00  0.00000000E+00  0.00000000E+00  8.57034612E-03  0.00000000E+00  0.00000000E+00 -9.97691589E-02
    1.147000      1   0.00000000E+00  0.00000000E+00  5.43359126E-03  0.00000000E+00  0.00000000E+00  0.00000000E+00  0.00000000E+00  0.00000000E+00  8.47183634E-03  0.00000000E+00  0.00000000E+00 -9.85097818E-02
    1.148000      1   0.00000000E+00  0.00000000E+00  5.49761812E-03  0.00000000E+00  0.00000000E+00  0.00000000E+00  0.00000000E+00  0.00000000E+00  8.37465320E-03  0.00000000E+00  0.00000000E+00 -9.71831306E-02
    1.149000      1   0.00000000E+00  0.00000000E+00  5.75473628E-03  0.00000000E+00  0.00000000E+00  0.00000000E+00  0.00000000E+00  0.00000000E+00  8.27882531E-03  0.00000000E+00  0.00000000E+00 -9.58278942E-02
    1.150000      1   0.00000000E+00  0.00000000E+00  6.22540745E-03  0.00000000E+00  0.00000000E+00  0.00000000E+00  0.00000000E+00  0.00000000E+00  8.18441915E-03  0.00000000E+00  0.00000000E+00 -9.44061619E-02
    1.151000      1   0.00000000E+00  0.00000000E+00  6.58948063E-03  0.00000000E+00  0.00000000E+00  0.00000000E+00  0.00000000E+00  0.00000000E+00  8.09160239E-03  0.00000000E+00  0.00000000E+00 -9.28167552E-02
    1.152000      1   0.00000000E+00  0.00000000E+00  7.02121931E-03  0.00000000E+00  0.00000000E+00  0.00000000E+00  0.00000000E+00  0.00000000E+00  8.00059400E-03  0.00000000E+00  0.00000000E+00 -9.10083908E-02
    1.153000      1   0.00000000E+00  0.00000000E+00  7.37182141E-03  0.00000000E+00  0.00000000E+00  0.00000000E+00  0.00000000E+00  0.00000000E+00  7.91158989E-03  0.00000000E+00  0.00000000E+00 -8.90041112E-02
    1.154000      1   0.00000000E+00  0.00000000E+00  7.75161983E-03  0.00000000E+00  0.00000000E+00  0.00000000E+00  0.00000000E+00  0.00000000E+00  7.82479385E-03  0.00000000E+00  0.00000000E+00 -8.67960420E-02
    1.155000      1   0.00000000E+00  0.00000000E+00  8.48785004E-03  0.00000000E+00  0.00000000E+00  0.00000000E+00  0.00000000E+00  0.00000000E+00  7.74038818E-03  0.00000000E+00  0.00000000E+00 -8.44056668E-02
    1.156000      1   0.00000000E+00  0.00000000E+00  9.58186792E-03  0.00000000E+00  0.00000000E+00  0.00000000E+00  0.00000000E+00  0.00000000E+00  7.65862782E-03  0.00000000E+00  0.00000000E+00 -8.17603660E-02
    1.157000      1   0.00000000E+00  0.00000000E+00  1.07245534E-02  0.00000000E+00  0.00000000E+00  0.00000000E+00  0.00000000E+00  0.00000000E+00  7.57994801E-03  0.00000000E+00  0.00000000E+00 -7.86798114E-02
    1.158000      1   0.00000000E+00  0.00000000E+00  1.15804514E-02  0.00000000E+00  0.00000000E+00  0.00000000E+00  0.00000000E+00  0.00000000E+00  7.50491011E-03  0.00000000E+00  0.00000000E+00 -7.50378937E-02
    1.159000      1   0.00000000E+00  0.00000000E+00 -4.70716774E-02  0.00000000E+00  0.00000000E+00  0.00000000E+00  0.00000000E+00  0.00000000E+00  7.50000000E-03  0.00000000E+00  0.00000000E+00 -4.91011139E-03
    1.160000      1   0.00000000E+00  0.00000000E+00 -4.36381118E-02  0.00000000E+00  0.00000000E+00  0.00000000E+00  0.00000000E+00  0.00000000E+00  7.50000000E-03  0.00000000E+00  0.00000000E+00 -1.73472348E-18
    1.161000      1   0.00000000E+00  0.00000000E+00 -2.03717149E-02  0.00000000E+00  0.00000000E+00  0.00000000E+00  0.00000000E+00  0.00000000E+00  7.50000000E-03  0.00000000E+00  0.00000000E+00 -3.46944695E-18
    1.162000      1   0.00000000E+00  0.00000000E+00 -1.47786436E-03  0.00000000E+00  0.00000000E+00  0.00000000E+00  0.00000000E+00  0.00000000E+00  7.50000000E-03  0.00000000E+00  0.00000000E+00 -3.46944695E-18
    1.163000      1   0.00000000E+00  0.00000000E+00  6.61856458E-03  0.00000000E+00  0.00000000E+00  0.00000000E+00  0.00000000E+00  0.00000000E+00  7.50000000E-03  0.00000000E+00  0.00000000E+00 -1.73472348E-18
    1.164000      1   0.00000000E+00  0.00000000E+00  7.27215132E-03  0.00000000E+00  0.00000000E+00  0.00000000E+00  0.00000000E+00  0.00000000E+00  7.50000000E-03  0.00000000E+00  0.00000000E+00 -1.08420217E-19
    1.165000      1   0.00000000E+00  0.00000000E+00  3.60431082E-03  0.00000000E+00  0.00000000E+00  0.00000000E+00  0.00000000E+00  0.00000000E+00  7.50205821E-03  0.00000000E+00  0.00000000E+00  2.05820576E-03
    1.166000      1   0.00000000E+00  0.00000000E+00  7.50002778E-04  0.00000000E+00  0.00000000E+00  0.00000000E+00  0.00000000E+00  0.00000000E+00  7.50574065E-03  0.00000000E+00  0.00000000E+00  3.68244258E-03
    1.167000      1   0.00000000E+00  0.00000000E+00  1.00581197E-03  0.00000000E+00  0.00000000E+00  0.00000000E+00  0.00000000E+00  0.00000000E+00  7.50933800E-03  0.00000000E+00  0.00000000E+00  3.59735322E-03
    1.168000      1   0.00000000E+00  0.00000000E+00  2.94402626E-03  0.00000000E+00  0.00000000E+00  0.00000000E+00  0.00000000E+00  0.00000000E+00  7.51195810E-03  0.00000000E+00  0.00000000E+00  2.62010339E-03
    1.169000      1   0.00000000E+00  0.00000000E+00  4.22067320E-03  0.00000000E+00  0.00000000E+00  0.00000000E+00  0.00000000E+00  0.00000000E+00  7.51402772E-03  0.00000000E+00  0.00000000E+00  2.06961667E-03
    1.170000      1   0.00000000E+00  0.00000000E+00  3.97045093E-03  0.00000000E+00  0.00000000E+00  0.00000000E+00  0.00000000E+00  0.00000000E+00  7.51640915E-03  0.00000000E+00  0.00000000E+00  2.38142926E-03
    1.171000      1   0.00000000E+00  0.00000000E+00  3.02767874E-03  0.00000000E+00  0.00000000E+00  0.00000000E+00  0.00000000E+00  0.00000000E+00  7.51947741E-03  0.00000000E+00  0.00000000E+00  3.06826280E-03
    1.172000      1   0.00000000E+00  0.00000000E+00  2.52854503E-03  0.00000000E+00  0.00000000E+00  0.00000000E+00  0.00000000E+00  0.00000000E+00  7.52298361E-03  0.00000000E+00  0.00000000E+00  3.50620087E-03
    1.173000      1   0.00000000E+00  0.00000000E+00  2.75401236E-03  0.00000000E+00  0.00000000E+00  0.00000000E+00  0.00000000E+00  0.00000000E+00  7.52652987E-03  0.00000000E+00  0.00000000E+00  3.54625223E-03
    1.174000      1   0.00000000E+00  0.00000000E+00  3.20992197E-03  0.00000000E+00  0.00000000E+00  0.00000000E+00  0.00000000E+00  0.00000000E+00  7.52999212E-03  0.00000000E+00  0.00000000E+00  3.46225199E-03
    1.175000      1   0.00000000E+00  0.00000000E+00  3.40869730E-03  0.00000000E+00  0.00000000E+00  0.00000000E+00  0.00000000E+00  0.00000000E+00  7.53352504E-03  0.00000000E+00  0.00000000E+00  3.53292112E-03
    1.176000      1   0.00000000E+00  0.00000000E+00  3.25534616E-03  0.00000000E+00  0.00000000E+00  0.00000000E+00  0.00000000E+00  0.00000000E+00  7.53731351E-03  0.00000000E+00  0.00000000E+00  3.78846898E-03
    1.177000      1   0.00000000E+00  0.00000000E+00  3.01614181E-03  0.00000000E+00  0.00000000E+00  0.00000000E+00  0.00000000E+00  0.00000000E+00  7.54139569E-03  0.00000000E+00  0.00000000E+00  4.08217919E-03
    1.178000      1   0.00000000E+00  0.00000000E+00  2.90990219E-03  0.00000000E+00  0.00000000E+00  0.00000000E+00  0.00000000E+00  0.00000000E+00  7.54567891E-03  0.00000000E+00  0.00000000E+00  4.28322598E-03
    1.179000      1   0.00000000E+00  0.00000000E+00  2.93901701E-03  0.00000000E+00  0.00000000E+00  0.00000000E+00  0.00000000E+00  0.00000000E+00  7.55006584E-03  0.00000000E+00  0.00000000E+00  4.38692719E-03
    1.180000      1   0.00000000E+00  0.00000000E+00  3.02003184E-03  0.00000000E+00  0.00000000E+00  0.00000000E+00  0.00000000E+00  0.00000000E+00  7.55452673E-03  0.00000000E+00  0.00000000E+00  4.46088635E-03
    1.181000      1   0.00000000E+00  0.00000000E+00  3.01537304E-03  0.00000000E+00  0.00000000E+00  0.00000000E+00  0.00000000E+00  0.00000000E+00  7.55908546E-03  0.00000000E+00  0.00000000E+00  4.55873382E-03
    1.182000      1   0.00000000E+00  0.00000000E+00  2.91108608E-03  0.00000000E+00  0.00000000E+00  0.00000000E+00  0.00000000E+00  0.00000000E+00  7.56376783E-03  0.00000000E+00  0.00000000E+00  4.68236392E-03
    1.183000      1   0.00000000E+00  0.00000000E+00  2.81876169E-03  0.00000000E+00  0.00000000E+00  0.00000000E+00  0.00000000E+00  0.00000000E+00  7.56855385E-03  0.00000000E+00  0.00000000E+00  4.78602201E-03
    1.184000      1   0.00000000E+00  0.00000000E+00  2.77419777E-03  0.00000000E+00  0.00000000E+00  0.00000000E+00  0.00000000E+00  0.00000000E+00  7.57339295E-03  0.00000000E+00  0.00000000E+00  4.83910417E-03
    1.185000      1   0.00000000E+00  0.00000000E+00  2.77466520E-03  0.00000000E+00  0.00000000E+00  0.00000000E+00  0.00000000E+00  0.00000000E+00  7.57824694E-03  0.00000000E+00  0.00000000E+00  4.85398499E-03
    1.186000      1   0.00000000E+00  0.00000000E+00  2.73314032E-03  0.00000000E+00  0.00000000E+00  0.00000000E+00  0.00000000E+00  0.00000000E+00  7.58310125E-03  0.00000000E+00  0.00000000E+00  4.85431301E-03
    1.187000      1   0.00000000E+00  0.00000000E+00  2.67332411E-03  0.00000000E+00  0.00000000E+00  0.00000000E+00  0.00000000E+00  0.00000000E+00  7.58794870E-03  0.00000000E+00  0.00000000E+00  4.84745133E-03
    1.188000      1   0.00000000E+00  0.00000000E+00  2.63661465E-03  0.00000000E+00  0.00000000E+00  0.00000000E+00  0.00000000E+00  0.00000000E+00  7.59276508E-03  0.00000000E+00  0.00000000E+00  4.81637443E-03
    1.189000      1   0.00000000E+00  0.00000000E+00  2.61656059E-03  0.00000000E+00  0.00000000E+00  0.00000000E+00  0.00000000E+00  0.00000000E+00  7.59752424E-03  0.00000000E+00  0.00000000E+00  4.75916133E-03
    1.190000      1   0.00000000E+00  0.00000000E+00  2.59444158E-03  0.00000000E+00  0.00000000E+00  0.00000000E+00  0.00000000E+00  0.00000000E+00  7.60221058E-03  0.00000000E+00  0.00000000E+00  4.68634596E-03
    1.191000      1   0.00000000E+00  0.00000000E+00  2.52652645E-03  0.00000000E+00  0.00000000E+00  0.00000000E+00  0.00000000E+00  0.00000000E+00  7.60681362E-03  0.00000000E+00  0.00000000E+00  4.60303304E-03
    1.192000      1   0.00000000E+00  0.00000000E+00  2.47381167E-03  0.00000000E+00  0.00000000E+00  0.00000000E+00  0.00000000E+00  0.00000000E+00  7.61131406E-03  0.00000000E+00  0.00000000E+00  4.50044588E-03
    1.193000      1   0.00000000E+00  0.00000000E+00  2.47048963E-03  0.00000000E+00  0.00000000E+00  0.00000000E+00  0.00000000E+00  0.00000000E+00  7.61568029E-03  0.00000000E+00  0.00000000E+00  4.36623234E-03
    1.194000      1   0.00000000E+00  0.00000000E+00  2.45258566E-03  0.00000000E+00  0.00000000E+00  0.00000000E+00  0.00000000E+00  0.00000000E+00  7.61989441E-03  0.00000000E+00  0.00000000E+00  4.21411902E-03
    1.195000      1   0.00000000E+00  0.00000000E+00  2.43541714E-03  0.00000000E+00  0.00000000E+00  0.00000000E+00  0.00000000E+00  0.00000000E+00  7.62395216E-03  0.00000000E+00  0.00000000E+00  4.05774858E-03
    1.196000      1   0.00000000E+00  0.00000000E+00  2.42236666E-03  0.00000000E+00  0.00000000E+00  0.00000000E+00  0.00000000E+00  0.00000000E+00  7.62784462E-03  0.00000000E+00  0.00000000E+00  3.89246214E-03
    1.197000      1   0.00000000E+00  0.00000000E+00  2.42048906E-03  0.00000000E+00  0.00000000E+00  0.00000000E+00  0.00000000E+00  0.00000000E+00  7.63156385E-03  0.00000000E+00  0.00000000E+00  3.71922947E-03
    1.198000      1   0.00000000E+00  0.00000000E+00  2.42080890E-03  0.00000000E+00  0.00000000E+00  0.00000000E+00  0.00000000E+00  0.00000000E+00  7.63510523E-03  0.00000000E+00  0.00000000E+00  3.54137880E-03
    1.199000      1   0.00000000E+00  0.00000000E+00  2.42212548E-03  0.00000000E+00  0.00000000E+00  0.00000000E+00  0.00000000E+00  0.00000000E+00  7.63846820E-03  0.00000000E+00  0.00000000E+00  3.36296805E-03
    1.200000      1   0.00000000E+00  0.00000000E+00  2.42820404E-03  0.00000000E+00  0.00000000E+00  0.00000000E+00  0.00000000E+00  0.00000000E+00  7.64165310E-03  0.00000000E+00  0.00000000E+00  3.18489517E-03
    1.201000      1   0.00000000E+00  0.00000000E+00  2.43535785E-03  0.00000000E+00  0.00000000E+00  0.00000000E+00  0.00000000E+00  0.00000000E+00  7.64466142E-03  0.00000000E+00  0.00000000E+00  3.00832960E-03
    1.202000      1   0.00000000E+00  0.00000000E+00  2.43622148E-03  0.00000000E+00  0.00000000E+00  0.00000000E+00  0.00000000E+00  0.00000000E+00  7.64749645E-03  0.00000000E+00  0.00000000E+00  2.83502538E-03
    1.203000      1   0.00000000E+00  0.00000000E+00  2.43551674E-03  0.00000000E+00  0.00000000E+00  0.00000000E+00  0.00000000E+00  0.00000000E+00  7.65016067E-03  0.00000000E+00  0.00000000E+00  2.66422331E-03
    1.204000      1   0.00000000E+00  0.00000000E+00  2.43896369E-03  0.00000000E+00  0.00000000E+00  0.00000000E+00  0.00000000E+00  0.00000000E+00  7.65265425E-03  0.00000000E+00  0.00000000E+00  2.49358025E-03
    1.205000      1   0.00000000E+00  0.00000000E+00  2.45394834E-03  0.00000000E+00  0.00000000E+00  0.00000000E+00  0.00000000E+00  0.00000000E+00  7.65497757E-03  0.00000000E+00  0.00000000E+00  2.32331529E-03
    1.206000      1   0.00000000E+00  0.00000000E+00  2.46735380E-03  0.00000000E+00  0.00000000E+00  0.00000000E+00  0.00000000E+00  0.00000000E+00  7.65713440E-03  0.00000000E+00  0.00000000E+00  2.15683223E-03
    1.207000      1   0.00000000E+00  0.00000000E+00  2.47483974E-03  0.00000000E+00  0.00000000E+00  0.00000000E+00  0.00000000E+00  0.00000000E+00  7.65913204E-03  0.00000000E+00  0.00000000E+00  1.99764096E-03
    1.208000      1   0.00000000E+00  0.00000000E+00  2.46915821E-03  0.00000000E+00  0.00000000E+00  0.00000000E+00  0.00000000E+00  0.00000000E+00  7.66097622E-03  0.00000000E+00  0.00000000E+00  1.84417604E-03
    1.209000      1   0.00000000E+00  0.00000000E+00  2.45323896E-03  0.00000000E+00  0.00000000E+00  0.00000000E+00  0.00000000E+00  0.00000000E+00  7.66266838E-03  0.00000000E+00  0.00000000E+00  1.69216491E-03
    1.210000      1   0.00000000E+00  0.00000000E+00  2.44546376E-03  0.00000000E+00  0.00000000E+00  0.00000000E+00  0.00000000E+00  0.00000000E+00  7.66420386E-03  0.00000000E+00  0.00000000E+00  1.53547273E-03
    1.211000      1   0.00000000E+00  0.00000000E+00  2.45394318E-03  0.00000000E+00  0.00000000E+00  0.00000000E+00  0.00000000E+00  0.00000000E+00  7.66557603E-03  0.00000000E+00  0.00000000E+00  1.37217748E-03
    1.212000      1   0.00000000E+00  0.00000000E+00  2.46937035E-03  0.00000000E+00  0.00000000E+00  0.00000000E+00  0.00000000E+00  0.00000000E+00  7.66678386E-03  0.00000000E+00  0.00000000E+00  1.20782823E-03
    1.213000      1   0.00000000E+00  0.00000000E+00  2.47992439E-03  0.00000000E+00  0.00000000E+00  0.00000000E+00  0.00000000E+00  0.00000000E+00  7.66783285E-03  0.00000000E+00  0.00000000E+00  1.04899187E-03
    1.214000      1   0.00000000E+00  0.00000000E+00  2.49003917E-03  0.00000000E+00  0.00000000E+00  0.00000000E+00  0.00000000E+00  0.00000000E+00  7.66872994E-03  0.00000000E+00  0.00000000E+00  8.97088382E-04
    1.215000      1   0.00000000E+00  0.00000000E+00  2.50195787E-03  0.00000000E+00  0.00000000E+00  0.00000000E+00  0.00000000E+00  0.00000000E+00  7.66948038E-03  0.00000000E+00  0.00000000E+00  7.50439687E-04
    1.216000      1   0.00000000E+00  0.00000000E+00  2.51438412E-03  0.00000000E+00  0.00000000E+00  0.00000000E+00  0.00000000E+00  0.00000000E+00  7.67008960E-03  0.00000000E+00  0.00000000E+00  6.09220527E-04
    1.217000      1   0.00000000E+00  0.00000000E+00  2.52417074E-03  0.00000000E+00  0.00000000E+00  0.00000000E+00  0.00000000E+00  0.00000000E+00  7.67056372E-03  0.00000000E+00  0.00000000E+00  4.74113088E-04
    1.218000      1   0.00000000E+00  0.00000000E+00  2.53772092E-03  0.00000000E+00  0.00000000E+00  0.00000000E+00  0.00000000E+00  0.00000000E+00  7.67090853E-03  0.00000000E+00  0.00000000E+00  3.44817271E-04
    1.219000      1   0.00000000E+00  0.00000000E+00  2.55075970E-03  0.00000000E+00  0.00000000E+00  0.00000000E+00  0.00000000E+00  0.00000000E+00  7.67112966E-03  0.00000000E+00  0.00000000E+00  2.21131723E-04
    1.220000      1   0.00000000E+00  0.00000000E+00  2.56256782E-03  0.00000000E+00  0.00000000E+00  0.00000000E+00  0.00000000E+00  0.00000000E+00  7.67123387E-03  0.00000000E+00  0.00000000E+00  1.04202020E-04
    1.221000      1   0.00000000E+00  0.00000000E+00  2.57380605E-03  0.00000000E+00  0.00000000E+00  0.00000000E+00  0.00000000E+00  0.00000000E+00  7.67122751E-03  0.00000000E+00  0.00000000E+00 -6.35741546E-06
    1.222000      1   0.00000000E+00  0.00000000E+00  2.58552269E-03  0.00000000E+00  0.00000000E+00  0.00000000E+00  0.00000000E+00  0.00000000E+00  7.67111646E-03  0.00000000E+00  0.00000000E+00 -1.11051534E-04
    1.223000      1   0.00000000E+00  0.00000000E+00  2.59796604E-03  0.00000000E+00  0.00000000E+00  0.00000000E+00  0.00000000E+00  0.00000000E+00  7.67090647E-03  0.00000000E+00  0.00000000E+00 -2.09982894E-04
    1.224000      1   0.00000000E+00  0.00000000E+00  2.61062239E-03  0.00000000E+00  0.00000000E+00  0.00000000E+00  0.00000000E+00  0.00000000E+00  7.67060361E-03  0.00000000E+00  0.00000000E+00 -3.02865866E-04
    1.225000      1   0.00000000E+00  0.00000000E+00  2.62535719E-03  0.00000000E+00  0.00000000E+00  0.00000000E+00  0.00000000E+00  0.00000000E+00  7.67021418E-03  0.00000000E+00  0.00000000E+00 -3.89424122E-04
    1.226000      1   0.00000000E+00  0.00000000E+00  2.63502387E-03  0.00000000E+00  0.00000000E+00  0.00000000E+00  0.00000000E+00  0.00000000E+00  7.66974496E-03  0.00000000E+00  0.00000000E+00 -4.69220159E-04
    1.227000      1   0.00000000E+00  0.00000000E+00  2.64477180E-03  0.00000000E+00  0.00000000E+00  0.00000000E+00  0.00000000E+00  0.00000000E+00  7.66920250E-03  0.00000000E+00  0.00000000E+00 -5.42467623E-04
    1.228000      1   0.00000000E+00  0.00000000E+00  2.65642913E-03  0.00000000E+00  0.00000000E+00  0.00000000E+00  0.00000000E+00  0.00000000E+00  7.66859168E-03  0.00000000E+00  0.00000000E+00 -6.10816592E-04
    1.229000      1   0.00000000E+00  0.00000000E+00  2.67009237E-03  0.00000000E+00  0.00000000E+00  0.00000000E+00  0.00000000E+00  0.00000000E+00  7.66791778E-03  0.00000000E+00  0.00000000E+00 -6.73902724E-04
    1.230000      1   0.00000000E+00  0.00000000E+00  2.68292688E-03  0.00000000E+00  0.00000000E+00  0.00000000E+00  0.00000000E+00  0.00000000E+00  7.66718703E-03  0.00000000E+00  0.00000000E+00 -7.30744224E-04
    1.231000      1   0.00000000E+00  0.00000000E+00  2.69411061E-03  0.00000000E+00  0.00000000E+00  0.00000000E+00  0.00000000E+00  0.00000000E+00  7.66640620E-03  0.00000000E+00  0.00000000E+00 -7.80828872E-04
    1.232000      1   0.00000000E+00  0.00000000E+00  2.70294747E-03  0.00000000E+00  0.00000000E+00  0.00000000E+00  0.00000000E+00  0.00000000E+00  7.66558148E-03  0.00000000E+00  0.00000000E+00 -8.24720760E-04
    1.233000      1   0.00000000E+00  0.00000000E+00  2.71182917E-03  0.00000000E+00  0.00000000E+00  0.00000000E+00  0.00000000E+00  0.00000000E+00  7.66471811E-03  0.00000000E+00  0.00000000E+00 -8.63377041E-04
    1.234000      1   0.00000000E+00  0.00000000E+00  2.72163563E-03  0.00000000E+00  0.00000000E+00  0.00000000E+00  0.00000000E+00  0.00000000E+00  7.66382055E-03  0.00000000E+00  0.00000000E+00 -8.97560534E-04
    1.235000      1   0.00000000E+00  0.00000000E+00  2.73382454E-03  0.00000000E+00  0.00000000E+00  0.00000000E+00  0.00000000E+00  0.00000000E+00  7.66289345E-03  0.00000000E+00  0.00000000E+00 -9.27092982E-04
    1.236000      1   0.00000000E+00  0.00000000E+00  2.74533111E-03  0.00000000E+00  0.00000000E+00  0.00000000E+00  0.00000000E+00  0.00000000E+00  7.66194220E-03  0.00000000E+00  0.00000000E+00 -9.51249369E-04
    1.237000      1   0.00000000E+00  0.00000000E+00  2.75305226E-03  0.00000000E+00  0.00000000E+00  0.00000000E+00  0.00000000E+00  0.00000000E+00  7.66097284E-03  0.00000000E+00  0.00000000E+00 -9.69367927E-04
    1.238000      1   0.00000000E+00  0.00000000E+00  2.76034686E-03  0.00000000E+00  0.00000000E+00  0.00000000E+00  0.00000000E+00  0.00000000E+00  7.65999049E-03  0.00000000E+00  0.00000000E+00 -9.82342157E-04
    1.239000      1   0.00000000E+00  0.00000000E+00  2.76663535E-03  0.00000000E+00  0.00000000E+00  0.00000000E+00  0.00000000E+00  0.00000000E+00  7.65899900E-03  0.00000000E+00  0.00000000E+00 -9.91490679E-04
    1.240000      1   0.00000000E+00  0.00000000E+00  2.77851241E-03  0.00000000E+00  0.00000000E+00  0.00000000E+00  0.00000000E+00  0.00000000E+00  7.65800187E-03  0.00000000E+00  0.00000000E+00 -9.97131496E-04
    1.241000      1   0.00000000E+00  0.00000000E+00  2.79190955E-03  0.00000000E+00  0.00000000E+00  0.00000000E+00  0.00000000E+00  0.00000000E+00  7.65700326E-03  0.00000000E+00  0.00000000E+00 -9.98606752E-04
    1.242000      1   0.00000000E+00  0.00000000E+00  2.80260544E-03  0.00000000E+00  0.00000000E+00  0.00000000E+00  0.00000000E+00  0.00000000E+00  7.65600945E-03  0.00000000E+00  0.00000000E+00 -9.93812270E-04
    1.243000      1   0.00000000E+00  0.00000000E+00  2.80972692E-03  0.00000000E+00  0.00000000E+00  0.00000000E+00  0.00000000E+00  0.00000000E+00  7.65502673E-03  0.00000000E+00  0.00000000E+00 -9.82726518E-04
    1.244000      1   0.00000000E+00  0.00000000E+00  2.81533597E-03  0.00000000E+00  0.00000000E+00  0.00000000E+00  0.00000000E+00  0.00000000E+00  7.65405986E-03  0.00000000E+00  0.00000000E+00 -9.66868721E-04
    1.245000      1   0.00000000E+00  0.00000000E+00  2.82124758E-03  0.00000000E+00  0.00000000E+00  0.00000000E+00  0.00000000E+00  0.00000000E+00  7.65311218E-03  0.00000000E+00  0.00000000E+00 -9.47680226E-04
    1.246000      1   0.00000000E+00  0.00000000E+00  2.82739554E-03  0.00000000E+00  0.00000000E+00  0.00000000E+00  0.00000000E+00  0.00000000E+00  7.65218657E-03  0.00000000E+00  0.00000000E+00 -9.25604232E-04
    1.247000      1   0.00000000E+00  0.00000000E+00  2.83465149E-03  0.00000000E+00  0.00000000E+00  0.00000000E+00  0.00000000E+00  0.00000000E+00  7.65128607E-03  0.00000000E+00  0.00000000E+00 -9.00499581E-04
    1.248000      1   0.00000000E+00  0.00000000E+00  2.83970263E-03  0.00000000E+00  0.00000000E+00  0.00000000E+00  0.00000000E+00  0.00000000E+00  7.65041398E-03  0.00000000E+00  0.00000000E+00 -8.72092713E-04
    1.249000      1   0.00000000E+00  0.00000000E+00  2.84355328E-03  0.00000000E+00  0.00000000E+00  0.00000000E+00  0.00000000E+00  0.00000000E+00  7.64957357E-03  0.00000000E+00  0.00000000E+00 -8.40409647E-04
    1.250000      1   0.00000000E+00  0.00000000E+00  2.84629203E-03  0.00000000E+00  0.00000000E+00  0.00000000E+00  0.00000000E+00  0.00000000E+00  7.64876718E-03  0.00000000E+00  0.00000000E+00 -8.06386765E-04
    1.251000      1   0.00000000E+00  0.00000000E+00  2.84937252E-03  0.00000000E+00  0.00000000E+00  0.00000000E+00  0.00000000E+00  0.00000000E+00  7.64799657E-03  0.00000000E+00  0.00000000E+00 -7.70614955E-04
    1.252000      1   0.00000000E+00  0.00000000E+00  2.85525783E-03  0.00000000E+00  0.00000000E+00  0.00000000E+00  0.00000000E+00  0.00000000E+00  7.64726317E-03  0.00000000E+00  0.00000000E+00 -7.33398948E-04
    1.253000      1   0.00000000E+00  0.00000000E+00  2.86071444E-03  0.00000000E+00  0.00000000E+00  0.00000000E+00  0.00000000E+00  0.00000000E+00  7.64656904E-03  0.00000000E+00  0.00000000E+00 -6.94130509E-04
    1.254000      1   0.00000000E+00  0.00000000E+00  2.86158765E-03  0.00000000E+00  0.00000000E+00  0.00000000E+00  0.00000000E+00  0.00000000E+00  7.64591707E-03  0.00000000E+00  0.00000000E+00 -6.51964306E-04
    1.255000      1   0.00000000E+00  0.00000000E+00  2.86066520E-03  0.00000000E+00  0.00000000E+00  0.00000000E+00  0.00000000E+00  0.00000000E+00  7.64530922E-03  0.00000000E+00  0.00000000E+00 -6.07851654E-04
    1.256000      1   0.00000000E+00  0.00000000E+00  2.86064043E-03  0.00000000E+00  0.00000000E+00  0.00000000E+00  0.00000000E+00  0.00000000E+00  7.64474561E-03  0.00000000E+00  0.00000000E+00 -5.63615351E-04
    1.257000      1   0.00000000E+00  0.00000000E+00  2.86205614E-03  0.00000000E+00  0.00000000E+00  0.00000000E+00  0.00000000E+00  0.00000000E+00  7.64422592E-03  0.00000000E+00  0.00000000E+00 -5.19686376E-04
    1.258000      1   0.00000000E+00  0.00000000E+00  2.86376174E-03  0.00000000E+00  0.00000000E+00  0.00000000E+00  0.00000000E+00  0.00000000E+00  7.64375041E-03  0.00000000E+00  0.00000000E+00 -4.75515185E-04
    1.259000      1   0.00000000E+00  0.00000000E+00  2.86451690E-03  0.00000000E+00  0.00000000E+00  0.00000000E+00  0.00000000E+00  0.00000000E+00  7.64331983E-03  0.00000000E+00  0.00000000E+00 -4.30577435E-04
    1.260000      1   0.00000000E+00  0.00000000E+00  2.86418081E-03  0.00000000E+00  0.00000000E+00  0.00000000E+00  0.00000000E+00  0.00000000E+00  7.64293488E-03  0.00000000E+00  0.00000000E+00 -3.84945998E-04
    1.261000      1   0.00000000E+00  0.00000000E+00  2.86326991E-03  0.00000000E+00  0.00000000E+00  0.00000000E+00  0.00000000E+00  0.00000000E+00  7.64259576E-03  0.00000000E+00  0.00000000E+00 -3.39125989E-04
    1.262000      1   0.00000000E+00  0.00000000E+00  2.86239836E-03  0.00000000E+00  0.00000000E+00  0.00000000E+00  0.00000000E+00  0.00000000E+00  7.64230218E-03  0.00000000E+00  0.00000000E+00 -2.93577441E-04
    1.263000      1   0.00000000E+00  0.00000000E+00  2.86163339E-03  0.00000000E+00  0.00000000E+00  0.00000000E+00  0.00000000E+00  0.00000000E+00  7.64205370E-03  0.00000000E+00  0.00000000E+00 -2.48482169E-04
    1.264000      1   0.00000000E+00  0.00000000E+00  2.86074569E-03  0.00000000E+00  0.00000000E+00  0.00000000E+00  0.00000000E+00  0.00000000E+00  7.64184989E-03  0.00000000E+00  0.00000000E+00 -2.03808403E-04
    1.265000      1   0.00000000E+00  0.00000000E+00  2.85952760E-03  0.00000000E+00  0.00000000E+00  0.00000000E+00  0.00000000E+00  0.00000000E+00  7.64169035E-03  0.00000000E+00  0.00000000E+00 -1.59542846E-04
    1.266000      1   0.00000000E+00  0.00000000E+00  2.85782177E-03  0.00000000E+00  0.00000000E+00  0.00000000E+00  0.00000000E+00  0.00000000E+00  7.64157456E-03  0.00000000E+00  0.00000000E+00 -1.15784229E-04
    1.267000      1   0.00000000E+00  0.00000000E+00  2.85584492E-03  0.00000000E+00  0.00000000E+00  0.00000000E+00  0.00000000E+00  0.00000000E+00  7.64150183E-03  0.00000000E+00  0.00000000E+00 -7.27273058E-05
    1.268000      1   0.00000000E+00  0.00000000E+00  2.85376752E-03  0.00000000E+00  0.00000000E+00  0.00000000E+00  0.00000000E+00  0.00000000E+00  7.64147125E-03  0.00000000E+00  0.00000000E+00 -3.05801860E-05
    1.269000      1   0.00000000E+00  0.00000000E+00  2.85161529E-03  0.00000000E+00  0.00000000E+00  0.00000000E+00  0.00000000E+00  0.00000000E+00  7.64148180E-03  0.00000000E+00  0.00000000E+00  1.05503393E-05
    1.270000      1   0.00000000E+00  0.00000000E+00  2.84931781E-03  0.00000000E+00  0.00000000E+00  0.00000000E+00  0.00000000E+00  0.00000000E+00  7.64153242E-03  0.00000000E+00  0.00000000E+00  5.06180177E-05
    1.271000      1   0.00000000E+00  0.00000000E+00  2.84682253E-03  0.00000000E+00  0.00000000E+00  0.00000000E+00  0.00000000E+00  0.00000000E+00  7.64162200E-03  0.00000000E+00  0.00000000E+00  8.95725896E-05
    1.272000      1   0.00000000E+00  0.00000000E+00  2.84414740E-03  0.00000000E+00  0.00000000E+00  0.00000000E+00  0.00000000E+00  0.00000000E+00  7.64174933E-03  0.00000000E+00  0.00000000E+00  1.27331373E-04
    1.273000      1   0.00000000E+00  0.00000000E+00  2.84134474E-03  0.00000000E+00  0.00000000E+00  0.00000000E+00  0.00000000E+00  0.00000000E+00  7.64191312E-03  0.00000000E+00  0.00000000E+00  1.63797600E-04
    1.274000      1   0.00000000E+00  0.00000000E+00  2.83848718E-03  0.00000000E+00  0.00000000E+00  0.00000000E+00  0.00000000E+00  0.00000000E+00  7.64211201E-03  0.00000000E+00  0.00000000E+00  1.98889655E-04
    1.275000      1   0.00000000E+00  0.00000000E+00  2.83555750E-03  0.00000000E+00  0.00000000E+00  0.00000000E+00  0.00000000E+00  0.00000000E+00  7.64234457E-03  0.00000000E+00  0.00000000E+00  2.32555948E-04
    1.276000      1   0.00000000E+00  0.00000000E+00  2.83254187E-03  0.00000000E+00  0.00000000E+00  0.00000000E+00  0.00000000E+00  0.00000000E+00  7.64260934E-03  0.00000000E+00  0.00000000E+00  2.64765694E-04
    1.277000      1   0.00000000E+00  0.00000000E+00  2.82945179E-03  0.00000000E+00  0.00000000E+00  0.00000000E+00  0.00000000E+00  0.00000000E+00  7.64290482E-03  0.00000000E+00  0.00000000E+00  2.95480009E-04
    1.278000      1   0.00000000E+00  0.00000000E+00  2.82638403E-03  0.00000000E+00  0.00000000E+00  0.00000000E+00  0.00000000E+00  0.00000000E+00  7.64322947E-03  0.00000000E+00  0.00000000E+00  3.24657501E-04
    1.279000      1   0.00000000E+00  0.00000000E+00  2.82329383E-03  0.00000000E+00  0.00000000E+00  0.00000000E+00  0.00000000E+00  0.00000000E+00  7.64358175E-03  0.00000000E+00  0.00000000E+00  3.52277666E-04
    1.280000      1   0.00000000E+00  0.00000000E+00  2.82004027E-03  0.00000000E+00  0.00000000E+00  0.00000000E+00  0.00000000E+00  0.00000000E+00  7.64396009E-03  0.00000000E+00  0.00000000E+00  3.78343864E-04
    1.281000      1   0.00000000E+00  0.00000000E+00  2.81668060E-03  0.00000000E+00  0.00000000E+00  0.00000000E+00  0.00000000E+00  0.00000000E+00  7.64436291E-03  0.00000000E+00  0.00000000E+00  4.02819839E-04
    1.282000      1   0.00000000E+00  0.00000000E+00  2.81334662E-03  0.00000000E+00  0.00000000E+00  0.00000000E+00  0.00000000E+00  0.00000000E+00  7.64478855E-03  0.00000000E+00  0.00000000E+00  4.25633176E-04
    1.283000      1   0.00000000E+00  0.00000000E+00  2.81010588E-03  0.00000000E+00  0.00000000E+00  0.00000000E+00  0.00000000E+00  0.00000000E+00  7.64523530E-03  0.00000000E+00  0.00000000E+00  4.46753571E-04
    1.284000      1   0.00000000E+00  0.00000000E+00  2.80710996E-03  0.00000000E+00  0.00000000E+00  0.00000000E+00  0.00000000E+00  0.00000000E+00  7.64570151E-03  0.00000000E+00  0.00000000E+00  4.66205945E-04
    1.285000      1   0.00000000E+00  0.00000000E+00  2.80391122E-03  0.00000000E+00  0.00000000E+00  0.00000000E+00  0.00000000E+00  0.00000000E+00  7.64618557E-03  0.00000000E+00  0.00000000E+00  4.84064218E-04
    1.286000      1   0.00000000E+00  0.00000000E+00  2.80081986E-03  0.00000000E+00  0.00000000E+00  0.00000000E+00  0.00000000E+00  0.00000000E+00  7.64668594E-03  0.00000000E+00  0.00000000E+00  5.00372926E-04
    1.287000      1   0.00000000E+00  0.00000000E+00  2.79563983E-03  0.00000000E+00  0.00000000E+00  0.00000000E+00  0.00000000E+00  0.00000000E+00  7.64720103E-03  0.00000000E+00  0.00000000E+00  5.15084447E-04
    1.288000      1   0.00000000E+00  0.00000000E+00  2.79098212E-03  0.00000000E+00  0.00000000E+00  0.00000000E+00  0.00000000E+00  0.00000000E+00  7.64772889E-03  0.00000000E+00  0.00000000E+00  5.27864688E-04
    1.289000      1   0.00000000E+00  0.00000000E+00  2.78949942E-03  0.00000000E+00  0.00000000E+00  0.00000000E+00  0.00000000E+00  0.00000000E+00  7.64826701E-03  0.00000000E+00  0.00000000E+00  5.38120065E-04
    1.290000      1   0.00000000E+00  0.00000000E+00  2.78834296E-03  0.00000000E+00  0.00000000E+00  0.00000000E+00  0.00000000E+00  0.00000000E+00  7.64881360E-03  0.00000000E+00  0.00000000E+00  5.46583583E-04
    1.291000      1   0.00000000E+00  0.00000000E+00  2.78606691E-03  0.00000000E+00  0.00000000E+00  0.00000000E+00  0.00000000E+00  0.00000000E+00  7.64936795E-03  0.00000000E+00  0.00000000E+00  5.54355654E-04
    1.292000      1   0.00000000E+00  0.00000000E+00  2.78276688E-03  0.00000000E+00  0.00000000E+00  0.00000000E+00  0.00000000E+00  0.00000000E+00  7.64992930E-03  0.00000000E+00  0.00000000E+00  5.61345431E-04
    1.293000      1   0.00000000E+00  0.00000000E+00  2.77875027E-03  0.00000000E+00  0.00000000E+00  0.00000000E+00  0.00000000E+00  0.00000000E+00  7.65049630E-03  0.00000000E+00  0.00000000E+00  5.67004144E-04
    1.294000      1   0.00000000E+00  0.00000000E+00  2.77661631E-03  0.00000000E+00  0.00000000E+00  0.00000000E+00  0.00000000E+00  0.00000000E+00  7.65106717E-03  0.00000000E+00  0.00000000E+00  5.70868785E-04
    1.295000      1   0.00000000E+00  0.00000000E+00  2.77508450E-03  0.00000000E+00  0.00000000E+00  0.00000000E+00  0.00000000E+00  0.00000000E+00  7.65164021E-03  0.00000000E+00  0.00000000E+00  5.73036947E-04
    1.296000      1   0.00000000E+00  0.00000000E+00  2.77209516E-03  0.00000000E+00  0.00000000E+00  0.00000000E+00  0.00000000E+00  0.00000000E+00  7.65221444E-03  0.00000000E+00  0.00000000E+00  5.74233399E-04
    1.297000      1   0.00000000E+00  0.00000000E+00  2.76975677E-03  0.00000000E+00  0.00000000E+00  0.00000000E+00  0.00000000E+00  0.00000000E+00  7.65278884E-03  0.00000000E+00  0.00000000E+00  5.74398151E-04
    1.298000      1   0.00000000E+00  0.00000000E+00  2.76763181E-03  0.00000000E+00  0.00000000E+00  0.00000000E+00  0.00000000E+00  0.00000000E+00  7.65336201E-03  0.00000000E+00  0.00000000E+00  5.73167640E-04
    1.299000      1   0.00000000E+00  0.00000000E+00  2.76598143E-03  0.00000000E+00  0.00000000E+00  0.00000000E+00  0.00000000E+00  0.00000000E+00  7.65393280E-03  0.00000000E+00  0.00000000E+00  5.70793392E-04
    1.300000      1   0.00000000E+00  0.00000000E+00  2.76431582E-03  0.00000000E+00  0.00000000E+00  0.00000000E+00  0.00000000E+00  0.00000000E+00  7.65450023E-03  0.00000000E+00  0.00000000E+00  5.67429424E-04
