# time ip fx fy fz tx ty tz px py pz vx vy vz
    0.001000      1   0.00000000E+00  0.00000000E+00  0.00000000E+00  0.00000000E+00  0.00000000E+00  0.00000000E+00 -0.00000000E+00 -0.00000000E+00  1.27500000E-01  0.00000000E+00  0.00000000E+00  0.00000000E+00
    0.002000      1   0.00000000E+00  0.00000000E+00  1.13704893E-03  0.00000000E+00  0.00000000E+00  0.00000000E+00  0.00000000E+00  0.00000000E+00  1.27498599E-01  0.00000000E+00  0.00000000E+00 -1.40142857E-03
    0.003000      1   0.00000000E+00  0.00000000E+00  1.63790228E-03  0.00000000E+00  0.00000000E+00  0.00000000E+00  0.00000000E+00  0.00000000E+00  1.27495997E-01  0.00000000E+00  0.00000000E+00 -2.60178275E-03
    0.004000      1   0.00000000E+00  0.00000000E+00  1.41102843E-03  0.00000000E+00  0.00000000E+00  0.00000000E+00  0.00000000E+00  0.00000000E+00  1.27492657E-01  0.00000000E+00  0.00000000E+00 -3.34014272E-03
    0.005000      1   0.00000000E+00  0.00000000E+00  1.06673334E-03  0.00000000E+00  0.00000000E+00  0.00000000E+00  0.00000000E+00  0.00000000E+00  1.27488703E-01  0.00000000E+00  0.00000000E+00 -3.95413507E-03
    0.006000      1   0.00000000E+00  0.00000000E+00  1.05007499E-03  0.00000000E+00  0.00000000E+00  0.00000000E+00  0.00000000E+00  0.00000000E+00  1.27483999E-01  0.00000000E+00  0.00000000E+00 -4.70352092E-03
    0.007000      1   0.00000000E+00  0.00000000E+00  1.24266153E-03  0.00000000E+00  0.00000000E+00  0.00000000E+00  0.00000000E+00  0.00000000E+00  1.27478430E-01  0.00000000E+00  0.00000000E+00 -5.56892428E-03
    0.008000      1   0.00000000E+00  0.00000000E+00  1.38089958E-03  0.00000000E+00  0.00000000E+00  0.00000000E+00  0.00000000E+00  0.00000000E+00  1.27472024E-01  0.00000000E+00  0.00000000E+00 -6.40574170E-03
    0.009000      1   0.00000000E+00  0.00000000E+00  1.38186563E-03  0.00000000E+00  0.00000000E+00  0.00000000E+00  0.00000000E+00  0.00000000E+00  1.27464869E-01  0.00000000E+00  0.00000000E+00 -7.15486497E-03
    0.010000      1   0.00000000E+00  0.00000000E+00  1.33594069E-03  0.00000000E+00  0.00000000E+00  0.00000000E+00  0.00000000E+00  0.00000000E+00  1.27457011E-01  0.00000000E+00  0.00000000E+00 -7.85841797E-03
    0.011000      1   0.00000000E+00  0.00000000E+00  1.33316427E-03  0.00000000E+00  0.00000000E+00  0.00000000E+00  0.00000000E+00  0.00000000E+00  1.27448441E-01  0.00000000E+00  0.00000000E+00 -8.56977501E-03
    0.012000      1   0.00000000E+00  0.00000000E+00  1.37711516E-03  0.00000000E+00  0.00000000E+00  0.00000000E+00  0.00000000E+00  0.00000000E+00  1.27439145E-01  0.00000000E+00  0.00000000E+00 -9.29670546E-03
    0.013000      1   0.00000000E+00  0.00000000E+00  1.42428783E-03  0.00000000E+00  0.00000000E+00  0.00000000E+00  0.00000000E+00  0.00000000E+00  1.27429128E-01  0.00000000E+00  0.00000000E+00 -1.00167755E-02
    0.014000      1   0.00000000E+00  0.00000000E+00  1.44149599E-03  0.00000000E+00  0.00000000E+00  0.00000000E+00  0.00000000E+00  0.00000000E+00  1.27418414E-01  0.00000000E+00  0.00000000E+00 -1.07140695E-02
    0.015000      1   0.00000000E+00  0.00000000E+00  1.44706181E-03  0.00000000E+00  0.00000000E+00  0.00000000E+00  0.00000000E+00  0.00000000E+00  1.27407021E-01  0.00000000E+00  0.00000000E+00 -1.13928282E-02
    0.016000      1   0.00000000E+00  0.00000000E+00  1.45594481E-03  0.00000000E+00  0.00000000E+00  0.00000000E+00  0.00000000E+00  0.00000000E+00  1.27394956E-01  0.00000000E+00  0.00000000E+00 -1.20649512E-02
    0.017000      1   0.00000000E+00  0.00000000E+00  1.47425192E-03  0.00000000E+00  0.00000000E+00  0.00000000E+00  0.00000000E+00  0.00000000E+00  1.27382222E-01  0.00000000E+00  0.00000000E+00 -1.27336754E-02
    0.018000      1   0.00000000E+00  0.00000000E+00  1.49837422E-03  0.00000000E+00  0.00000000E+00  0.00000000E+00  0.00000000E+00  0.00000000E+00  1.27368826E-01  0.00000000E+00  0.00000000E+00 -1.33962449E-02
    0.019000      1   0.00000000E+00  0.00000000E+00  1.51635550E-03  0.00000000E+00  0.00000000E+00  0.00000000E+00  0.00000000E+00  0.00000000E+00  1.27354777E-01  0.00000000E+00  0.00000000E+00 -1.40485364E-02
    0.020000      1   0.00000000E+00  0.00000000E+00  1.52477643E-03  0.00000000E+00  0.00000000E+00  0.00000000E+00  0.00000000E+00  0.00000000E+00  1.27340088E-01  0.00000000E+00  0.00000000E+00 -1.46897259E-02
    0.021000      1   0.00000000E+00  0.00000000E+00  1.53647969E-03  0.00000000E+00  0.00000000E+00  0.00000000E+00  0.00000000E+00  0.00000000E+00  1.27324764E-01  0.00000000E+00  0.00000000E+00 -1.53235210E-02
    0.022000      1   0.00000000E+00  0.00000000E+00  1.55618077E-03  0.00000000E+00  0.00000000E+00  0.00000000E+00  0.00000000E+00  0.00000000E+00  1.27308812E-01  0.00000000E+00  0.00000000E+00 -1.59524809E-02
    0.023000      1   0.00000000E+00  0.00000000E+00  1.57131409E-03  0.00000000E+00  0.00000000E+00  0.00000000E+00  0.00000000E+00  0.00000000E+00  1.27292238E-01  0.00000000E+00  0.00000000E+00 -1.65741134E-02
    0.024000      1   0.00000000E+00  0.00000000E+00  1.58443303E-03  0.00000000E+00  0.00000000E+00  0.00000000E+00  0.00000000E+00  0.00000000E+00  1.27275051E-01  0.00000000E+00  0.00000000E+00 -1.71865996E-02
    0.025000      1   0.00000000E+00  0.00000000E+00  1.60041646E-03  0.00000000E+00  0.00000000E+00  0.00000000E+00  0.00000000E+00  0.00000000E+00  1.27257259E-01  0.00000000E+00  0.00000000E+00 -1.77917958E-02
    0.026000      1   0.00000000E+00  0.00000000E+00  1.61358825E-03  0.00000000E+00  0.00000000E+00  0.00000000E+00  0.00000000E+00  0.00000000E+00  1.27238869E-01  0.00000000E+00  0.00000000E+00 -1.83898571E-02
    0.027000      1   0.00000000E+00  0.00000000E+00  1.62281597E-03  0.00000000E+00  0.00000000E+00  0.00000000E+00  0.00000000E+00  0.00000000E+00  1.27219889E-01  0.00000000E+00  0.00000000E+00 -1.89803399E-02
    0.028000      1   0.00000000E+00  0.00000000E+00  1.63139135E-03  0.00000000E+00  0.00000000E+00  0.00000000E+00  0.00000000E+00  0.00000000E+00  1.27200324E-01  0.00000000E+00  0.00000000E+00 -1.95648651E-02
    0.029000      1   0.00000000E+00  0.00000000E+00  1.63419260E-03  0.00000000E+00  0.00000000E+00  0.00000000E+00  0.00000000E+00  0.00000000E+00  1.27180179E-01  0.00000000E+00  0.00000000E+00 -2.01448433E-02
    0.030000      1   0.00000000E+00  0.00000000E+00  1.63919903E-03  0.00000000E+00  0.00000000E+00  0.00000000E+00  0.00000000E+00  0.00000000E+00  1.27159458E-01  0.00000000E+00  0.00000000E+00 -2.07215098E-02
    0.031000      1   0.00000000E+00  0.00000000E+00  1.65910510E-03  0.00000000E+00  0.00000000E+00  0.00000000E+00  0.00000000E+00  0.00000000E+00  1.27138161E-01  0.00000000E+00  0.00000000E+00 -2.12963710E-02
    0.032000      1   0.00000000E+00  0.00000000E+00  1.66273214E-03  0.00000000E+00  0.00000000E+00  0.00000000E+00  0.00000000E+00  0.00000000E+00  1.27116295E-01  0.00000000E+00  0.00000000E+00 -2.18660679E-02
    0.033000      1   0.00000000E+00  0.00000000E+00  1.67773547E-03  0.00000000E+00  0.00000000E+00  0.00000000E+00  0.00000000E+00  0.00000000E+00  1.27093867E-01  0.00000000E+00  0.00000000E+00 -2.24285860E-02
    0.034000      1   0.00000000E+00  0.00000000E+00  1.68751567E-03  0.00000000E+00  0.00000000E+00  0.00000000E+00  0.00000000E+00  0.00000000E+00  1.27070880E-01  0.00000000E+00  0.00000000E+00 -2.29872597E-02
    0.035000      1   0.00000000E+00  0.00000000E+00  1.69833424E-03  0.00000000E+00  0.00000000E+00  0.00000000E+00  0.00000000E+00  0.00000000E+00  1.27047340E-01  0.00000000E+00  0.00000000E+00 -2.35392765E-02
    0.036000      1   0.00000000E+00  0.00000000E+00  1.71120074E-03  0.00000000E+00  0.00000000E+00  0.00000000E+00  0.00000000E+00  0.00000000E+00  1.27023254E-01  0.00000000E+00  0.00000000E+00 -2.40861683E-02
    0.037000      1   0.00000000E+00  0.00000000E+00  1.72096617E-03  0.00000000E+00  0.00000000E+00  0.00000000E+00  0.00000000E+00  0.00000000E+00  1.26998627E-01  0.00000000E+00  0.00000000E+00 -2.46272317E-02
    0.038000      1   0.00000000E+00  0.00000000E+00  1.73660083E-03  0.00000000E+00  0.00000000E+00  0.00000000E+00  0.00000000E+00  0.00000000E+00  1.26973465E-01  0.00000000E+00  0.00000000E+00 -2.51623427E-02
    0.039000      1   0.00000000E+00  0.00000000E+00  1.74397026E-03  0.00000000E+00  0.00000000E+00  0.00000000E+00  0.00000000E+00  0.00000000E+00  1.26947773E-01  0.00000000E+00  0.00000000E+00 -2.56914818E-02
    0.040000      1   0.00000000E+00  0.00000000E+00  1.74974481E-03  0.00000000E+00  0.00000000E+00  0.00000000E+00  0.00000000E+00  0.00000000E+00  1.26921559E-01  0.00000000E+00  0.00000000E+00 -2.62141830E-02
    0.041000      1   0.00000000E+00  0.00000000E+00  1.74447688E-03  0.00000000E+00  0.00000000E+00  0.00000000E+00  0.00000000E+00  0.00000000E+00  1.26894825E-01  0.00000000E+00  0.00000000E+00 -2.67334429E-02
    0.042000      1   0.00000000E+00  0.00000000E+00  1.74932201E-03  0.00000000E+00  0.00000000E+00  0.00000000E+00  0.00000000E+00  0.00000000E+00  1.26867574E-01  0.00000000E+00  0.00000000E+00 -2.72517378E-02
    0.043000      1   0.00000000E+00  0.00000000E+00  1.76274040E-03  0.00000000E+00  0.00000000E+00  0.00000000E+00  0.00000000E+00  0.00000000E+00  1.26839803E-01  0.00000000E+00  0.00000000E+00 -2.77709060E-02
    0.044000      1   0.00000000E+00  0.00000000E+00  1.77227227E-03  0.00000000E+00  0.00000000E+00  0.00000000E+00  0.00000000E+00  0.00000000E+00  1.26811517E-01  0.00000000E+00  0.00000000E+00 -2.82861101E-02
    0.045000      1   0.00000000E+00  0.00000000E+00  1.77936326E-03  0.00000000E+00  0.00000000E+00  0.00000000E+00  0.00000000E+00  0.00000000E+00  1.26782721E-01  0.00000000E+00  0.00000000E+00 -2.87952218E-02
    0.046000      1   0.00000000E+00  0.00000000E+00  1.78899654E-03  0.00000000E+00  0.00000000E+00  0.00000000E+00  0.00000000E+00  0.00000000E+00  1.26753421E-01  0.00000000E+00  0.00000000E+00 -2.92999492E-02
    0.047000      1   0.00000000E+00  0.00000000E+00  1.80453818E-03  0.00000000E+00  0.00000000E+00  0.00000000E+00  0.00000000E+00  0.00000000E+00  1.26723621E-01  0.00000000E+00  0.00000000E+00 -2.98006442E-02
    0.048000      1   0.00000000E+00  0.00000000E+00  1.81917079E-03  0.00000000E+00  0.00000000E+00  0.00000000E+00  0.00000000E+00  0.00000000E+00  1.26693325E-01  0.00000000E+00  0.00000000E+00 -3.02954271E-02
    0.049000      1   0.00000000E+00  0.00000000E+00  1.82569291E-03  0.00000000E+00  0.00000000E+00  0.00000000E+00  0.00000000E+00  0.00000000E+00  1.26662543E-01  0.00000000E+00  0.00000000E+00 -3.07825183E-02
    0.050000      1   0.00000000E+00  0.00000000E+00  1.82151623E-03  0.00000000E+00  0.00000000E+00  0.00000000E+00  0.00000000E+00  0.00000000E+00  1.26631279E-01  0.00000000E+00  0.00000000E+00 -3.12636506E-02
    0.051000      1   0.00000000E+00  0.00000000E+00  1.81106250E-03  0.00000000E+00  0.00000000E+00  0.00000000E+00  0.00000000E+00  0.00000000E+00  1.26599536E-01  0.00000000E+00  0.00000000E+00 -3.17433795E-02
    0.052000      1   0.00000000E+00  0.00000000E+00  1.82110288E-03  0.00000000E+00  0.00000000E+00  0.00000000E+00  0.00000000E+00  0.00000000E+00  1.26567310E-01  0.00000000E+00  0.00000000E+00 -3.22263287E-02
    0.053000      1   0.00000000E+00  0.00000000E+00  1.83617084E-03  0.00000000E+00  0.00000000E+00  0.00000000E+00  0.00000000E+00  0.00000000E+00  1.26534599E-01  0.00000000E+00  0.00000000E+00 -3.27109356E-02
    0.054000      1   0.00000000E+00  0.00000000E+00  1.84663698E-03  0.00000000E+00  0.00000000E+00  0.00000000E+00  0.00000000E+00  0.00000000E+00  1.26501409E-01  0.00000000E+00  0.00000000E+00 -3.31895804E-02
    0.055000      1   0.00000000E+00  0.00000000E+00  1.85708597E-03  0.00000000E+00  0.00000000E+00  0.00000000E+00  0.00000000E+00  0.00000000E+00  1.26467748E-01  0.00000000E+00  0.00000000E+00 -3.36614259E-02
    0.056000      1   0.00000000E+00  0.00000000E+00  1.86863678E-03  0.00000000E+00  0.00000000E+00  0.00000000E+00  0.00000000E+00  0.00000000E+00  1.26433620E-01  0.00000000E+00  0.00000000E+00 -3.41279864E-02
    0.057000      1   0.00000000E+00  0.00000000E+00  1.88138373E-03  0.00000000E+00  0.00000000E+00  0.00000000E+00  0.00000000E+00  0.00000000E+00  1.26399031E-01  0.00000000E+00  0.00000000E+00 -3.45890726E-02
    0.058000      1   0.00000000E+00  0.00000000E+00  1.87653230E-03  0.00000000E+00  0.00000000E+00  0.00000000E+00  0.00000000E+00  0.00000000E+00  1.26363986E-01  0.00000000E+00  0.00000000E+00 -3.50441112E-02
    0.059000      1   0.00000000E+00  0.00000000E+00  1.86532185E-03  0.00000000E+00  0.00000000E+00  0.00000000E+00  0.00000000E+00  0.00000000E+00  1.26328491E-01  0.00000000E+00  0.00000000E+00 -3.54958214E-02
    0.060000      1   0.00000000E+00  0.00000000E+00  1.87044673E-03  0.00000000E+00  0.00000000E+00  0.00000000E+00  0.00000000E+00  0.00000000E+00  1.26292540E-01  0.00000000E+00  0.00000000E+00 -3.59511074E-02
    0.061000      1   0.00000000E+00  0.00000000E+00  1.88750609E-03  0.00000000E+00  0.00000000E+00  0.00000000E+00  0.00000000E+00  0.00000000E+00  1.26256130E-01  0.00000000E+00  0.00000000E+00 -3.64091687E-02
    0.062000      1   0.00000000E+00  0.00000000E+00  1.89295579E-03  0.00000000E+00  0.00000000E+00  0.00000000E+00  0.00000000E+00  0.00000000E+00  1.26219268E-01  0.00000000E+00  0.00000000E+00 -3.68625303E-02
    0.063000      1   0.00000000E+00  0.00000000E+00  1.90382272E-03  0.00000000E+00  0.00000000E+00  0.00000000E+00  0.00000000E+00  0.00000000E+00  1.26181958E-01  0.00000000E+00  0.00000000E+00 -3.73093255E-02
    0.064000      1   0.00000000E+00  0.00000000E+00  1.92416263E-03  0.00000000E+00  0.00000000E+00  0.00000000E+00  0.00000000E+00  0.00000000E+00  1.26144206E-01  0.00000000E+00  0.00000000E+00 -3.77524093E-02
    0.065000      1   0.00000000E+00  0.00000000E+00  1.92869226E-03  0.00000000E+00  0.00000000E+00  0.00000000E+00  0.00000000E+00  0.00000000E+00  1.26106018E-01  0.00000000E+00  0.00000000E+00 -3.81883274E-02
    0.066000      1   0.00000000E+00  0.00000000E+00  1.91970066E-03  0.00000000E+00  0.00000000E+00  0.00000000E+00  0.00000000E+00  0.00000000E+00  1.26067401E-01  0.00000000E+00  0.00000000E+00 -3.86167645E-02
    0.067000      1   0.00000000E+00  0.00000000E+00  1.90449669E-03  0.00000000E+00  0.00000000E+00  0.00000000E+00  0.00000000E+00  0.00000000E+00  1.26028356E-01  0.00000000E+00  0.00000000E+00 -3.90453040E-02
    0.068000      1   0.00000000E+00  0.00000000E+00  1.91169656E-03  0.00000000E+00  0.00000000E+00  0.00000000E+00  0.00000000E+00  0.00000000E+00  1.25988876E-01  0.00000000E+00  0.00000000E+00 -3.94794852E-02
    0.069000      1   0.00000000E+00  0.00000000E+00  1.93103994E-03  0.00000000E+00  0.00000000E+00  0.00000000E+00  0.00000000E+00  0.00000000E+00  1.25948959E-01  0.00000000E+00  0.00000000E+00 -3.99173864E-02
    0.070000      1   0.00000000E+00  0.00000000E+00  1.95076890E-03  0.00000000E+00  0.00000000E+00  0.00000000E+00  0.00000000E+00  0.00000000E+00  1.25908609E-01  0.00000000E+00  0.00000000E+00 -4.03495024E-02
    0.071000      1   0.00000000E+00  0.00000000E+00  1.96422630E-03  0.00000000E+00  0.00000000E+00  0.00000000E+00  0.00000000E+00  0.00000000E+00  1.25867838E-01  0.00000000E+00  0.00000000E+00 -4.07717769E-02
    0.072000      1   0.00000000E+00  0.00000000E+00  1.96324468E-03  0.00000000E+00  0.00000000E+00  0.00000000E+00  0.00000000E+00  0.00000000E+00  1.25826652E-01  0.00000000E+00  0.00000000E+00 -4.11851923E-02
    0.073000      1   0.00000000E+00  0.00000000E+00  1.94996793E-03  0.00000000E+00  0.00000000E+00  0.00000000E+00  0.00000000E+00  0.00000000E+00  1.25785058E-01  0.00000000E+00  0.00000000E+00 -4.15943617E-02
    0.074000      1   0.00000000E+00  0.00000000E+00  1.93955310E-03  0.00000000E+00  0.00000000E+00  0.00000000E+00  0.00000000E+00  0.00000000E+00  1.25743052E-01  0.00000000E+00  0.00000000E+00 -4.20062013E-02
    0.075000      1   0.00000000E+00  0.00000000E+00  1.95688649E-03  0.00000000E+00  0.00000000E+00  0.00000000E+00  0.00000000E+00  0.00000000E+00  1.25700628E-01  0.00000000E+00  0.00000000E+00 -4.24242429E-02
    0.076000      1   0.00000000E+00  0.00000000E+00  1.96524681E-03  0.00000000E+00  0.00000000E+00  0.00000000E+00  0.00000000E+00  0.00000000E+00  1.25657785E-01  0.00000000E+00  0.00000000E+00 -4.28426397E-02
    0.077000      1   0.00000000E+00  0.00000000E+00  1.98472610E-03  0.00000000E+00  0.00000000E+00  0.00000000E+00  0.00000000E+00  0.00000000E+00  1.25614531E-01  0.00000000E+00  0.00000000E+00 -4.32538655E-02
    0.078000      1   0.00000000E+00  0.00000000E+00  1.99994856E-03  0.00000000E+00  0.00000000E+00  0.00000000E+00  0.00000000E+00  0.00000000E+00  1.25570872E-01  0.00000000E+00  0.00000000E+00 -4.36589010E-02
    0.079000      1   0.00000000E+00  0.00000000E+00  1.99295359E-03  0.00000000E+00  0.00000000E+00  0.00000000E+00  0.00000000E+00  0.00000000E+00  1.25526817E-01  0.00000000E+00  0.00000000E+00 -4.40548473E-02
    0.080000      1   0.00000000E+00  0.00000000E+00  1.97659576E-03  0.00000000E+00  0.00000000E+00  0.00000000E+00  0.00000000E+00  0.00000000E+00  1.25482370E-01  0.00000000E+00  0.00000000E+00 -4.44470313E-02
    0.081000      1   0.00000000E+00  0.00000000E+00  1.96788227E-03  0.00000000E+00  0.00000000E+00  0.00000000E+00  0.00000000E+00  0.00000000E+00  1.25437526E-01  0.00000000E+00  0.00000000E+00 -4.48444052E-02
    0.082000      1   0.00000000E+00  0.00000000E+00  1.98983637E-03  0.00000000E+00  0.00000000E+00  0.00000000E+00  0.00000000E+00  0.00000000E+00  1.25392277E-01  0.00000000E+00  0.00000000E+00 -4.52486921E-02
    0.083000      1   0.00000000E+00  0.00000000E+00  2.01455295E-03  0.00000000E+00  0.00000000E+00  0.00000000E+00  0.00000000E+00  0.00000000E+00  1.25346625E-01  0.00000000E+00  0.00000000E+00 -4.56519584E-02
    0.084000      1   0.00000000E+00  0.00000000E+00  2.03576285E-03  0.00000000E+00  0.00000000E+00  0.00000000E+00  0.00000000E+00  0.00000000E+00  1.25300582E-01  0.00000000E+00  0.00000000E+00 -4.60436437E-02
    0.085000      1   0.00000000E+00  0.00000000E+00  2.02361771E-03  0.00000000E+00  0.00000000E+00  0.00000000E+00  0.00000000E+00  0.00000000E+00  1.25254158E-01  0.00000000E+00  0.00000000E+00 -4.64234611E-02
    0.086000      1   0.00000000E+00  0.00000000E+00  2.00024628E-03  0.00000000E+00  0.00000000E+00  0.00000000E+00  0.00000000E+00  0.00000000E+00  1.25207360E-01  0.00000000E+00  0.00000000E+00 -4.67984605E-02
    0.087000      1   0.00000000E+00  0.00000000E+00  1.99134380E-03  0.00000000E+00  0.00000000E+00  0.00000000E+00  0.00000000E+00  0.00000000E+00  1.25160178E-01  0.00000000E+00  0.00000000E+00 -4.71815815E-02
    0.088000      1   0.00000000E+00  0.00000000E+00  2.01412629E-03  0.00000000E+00  0.00000000E+00  0.00000000E+00  0.00000000E+00  0.00000000E+00  1.25112604E-01  0.00000000E+00  0.00000000E+00 -4.75739524E-02
    0.089000      1   0.00000000E+00  0.00000000E+00  2.04303242E-03  0.00000000E+00  0.00000000E+00  0.00000000E+00  0.00000000E+00  0.00000000E+00  1.25064639E-01  0.00000000E+00  0.00000000E+00 -4.79652181E-02
    0.090000      1   0.00000000E+00  0.00000000E+00  2.06371643E-03  0.00000000E+00  0.00000000E+00  0.00000000E+00  0.00000000E+00  0.00000000E+00  1.25016295E-01  0.00000000E+00  0.00000000E+00 -4.83438900E-02
    0.091000      1   0.00000000E+00  0.00000000E+00  2.04815360E-03  0.00000000E+00  0.00000000E+00  0.00000000E+00  0.00000000E+00  0.00000000E+00  1.24967586E-01  0.00000000E+00  0.00000000E+00 -4.87094110E-02
    0.092000      1   0.00000000E+00  0.00000000E+00  2.02030254E-03  0.00000000E+00  0.00000000E+00  0.00000000E+00  0.00000000E+00  0.00000000E+00  1.24918515E-01  0.00000000E+00  0.00000000E+00 -4.90708912E-02
    0.093000      1   0.00000000E+00  0.00000000E+00  2.01981227E-03  0.00000000E+00  0.00000000E+00  0.00000000E+00  0.00000000E+00  0.00000000E+00  1.24869072E-01  0.00000000E+00  0.00000000E+00 -4.94424075E-02
    0.094000      1   0.00000000E+00  0.00000000E+00  2.05312766E-03  0.00000000E+00  0.00000000E+00  0.00000000E+00  0.00000000E+00  0.00000000E+00  1.24819249E-01  0.00000000E+00  0.00000000E+00 -4.98231573E-02
    0.095000      1   0.00000000E+00  0.00000000E+00  2.06879793E-03  0.00000000E+00  0.00000000E+00  0.00000000E+00  0.00000000E+00  0.00000000E+00  1.24769051E-01  0.00000000E+00  0.00000000E+00 -5.01981766E-02
    0.096000      1   0.00000000E+00  0.00000000E+00  2.08391109E-03  0.00000000E+00  0.00000000E+00  0.00000000E+00  0.00000000E+00  0.00000000E+00  1.24718491E-01  0.00000000E+00  0.00000000E+00 -5.05594835E-02
    0.097000      1   0.00000000E+00  0.00000000E+00  2.05436996E-03  0.00000000E+00  0.00000000E+00  0.00000000E+00  0.00000000E+00  0.00000000E+00  1.24667578E-01  0.00000000E+00  0.00000000E+00 -5.09129715E-02
    0.098000      1   0.00000000E+00  0.00000000E+00  2.03304088E-03  0.00000000E+00  0.00000000E+00  0.00000000E+00  0.00000000E+00  0.00000000E+00  1.24616312E-01  0.00000000E+00  0.00000000E+00 -5.12667201E-02
    0.099000      1   0.00000000E+00  0.00000000E+00  2.05409380E-03  0.00000000E+00  0.00000000E+00  0.00000000E+00  0.00000000E+00  0.00000000E+00  1.24564678E-01  0.00000000E+00  0.00000000E+00 -5.16339423E-02
    0.100000      1   0.00000000E+00  0.00000000E+00  2.08196117E-03  0.00000000E+00  0.00000000E+00  0.00000000E+00  0.00000000E+00  0.00000000E+00  1.24512673E-01  0.00000000E+00  0.00000000E+00 -5.20044463E-02
    0.101000      1   0.00000000E+00  0.00000000E+00  2.10923591E-03  0.00000000E+00  0.00000000E+00  0.00000000E+00  0.00000000E+00  0.00000000E+00  1.24460310E-01  0.00000000E+00  0.00000000E+00 -5.23631082E-02
    0.102000      1   0.00000000E+00  0.00000000E+00  2.09125311E-03  0.00000000E+00  0.00000000E+00  0.00000000E+00  0.00000000E+00  0.00000000E+00  1.24407602E-01  0.00000000E+00  0.00000000E+00 -5.27077947E-02
    0.103000      1   0.00000000E+00  0.00000000E+00  2.06128853E-03  0.00000000E+00  0.00000000E+00  0.00000000E+00  0.00000000E+00  0.00000000E+00  1.24354556E-01  0.00000000E+00  0.00000000E+00 -5.30467039E-02
    0.104000      1   0.00000000E+00  0.00000000E+00  2.06260587E-03  0.00000000E+00  0.00000000E+00  0.00000000E+00  0.00000000E+00  0.00000000E+00  1.24301159E-01  0.00000000E+00  0.00000000E+00 -5.33968178E-02
    0.105000      1   0.00000000E+00  0.00000000E+00  2.09620721E-03  0.00000000E+00  0.00000000E+00  0.00000000E+00  0.00000000E+00  0.00000000E+00  1.24247402E-01  0.00000000E+00  0.00000000E+00 -5.37565396E-02
    0.106000      1   0.00000000E+00  0.00000000E+00  2.12467624E-03  0.00000000E+00  0.00000000E+00  0.00000000E+00  0.00000000E+00  0.00000000E+00  1.24193293E-01  0.00000000E+00  0.00000000E+00 -5.41098867E-02
    0.107000      1   0.00000000E+00  0.00000000E+00  2.10854778E-03  0.00000000E+00  0.00000000E+00  0.00000000E+00  0.00000000E+00  0.00000000E+00  1.24138845E-01  0.00000000E+00  0.00000000E+00 -5.44471643E-02
    0.108000      1   0.00000000E+00  0.00000000E+00  2.08560114E-03  0.00000000E+00  0.00000000E+00  0.00000000E+00  0.00000000E+00  0.00000000E+00  1.24084067E-01  0.00000000E+00  0.00000000E+00 -5.47779442E-02
    0.109000      1   0.00000000E+00  0.00000000E+00  2.08100572E-03  0.00000000E+00  0.00000000E+00  0.00000000E+00  0.00000000E+00  0.00000000E+00  1.24028949E-01  0.00000000E+00  0.00000000E+00 -5.51180789E-02
    0.110000      1   0.00000000E+00  0.00000000E+00  2.10183351E-03  0.00000000E+00  0.00000000E+00  0.00000000E+00  0.00000000E+00  0.00000000E+00  1.23973483E-01  0.00000000E+00  0.00000000E+00 -5.54665623E-02
    0.111000      1   0.00000000E+00  0.00000000E+00  2.14310553E-03  0.00000000E+00  0.00000000E+00  0.00000000E+00  0.00000000E+00  0.00000000E+00  1.23917670E-01  0.00000000E+00  0.00000000E+00 -5.58128717E-02
    0.112000      1   0.00000000E+00  0.00000000E+00  2.13238559E-03  0.00000000E+00  0.00000000E+00  0.00000000E+00  0.00000000E+00  0.00000000E+00  1.23861525E-01  0.00000000E+00  0.00000000E+00 -5.61450424E-02
    0.113000      1   0.00000000E+00  0.00000000E+00  2.10653349E-03  0.00000000E+00  0.00000000E+00  0.00000000E+00  0.00000000E+00  0.00000000E+00  1.23805059E-01  0.00000000E+00  0.00000000E+00 -5.64655545E-02
    0.114000      1   0.00000000E+00  0.00000000E+00  2.09244305E-03  0.00000000E+00  0.00000000E+00  0.00000000E+00  0.00000000E+00  0.00000000E+00  1.23748265E-01  0.00000000E+00  0.00000000E+00 -5.67941588E-02
    0.115000      1   0.00000000E+00  0.00000000E+00  2.12846076E-03  0.00000000E+00  0.00000000E+00  0.00000000E+00  0.00000000E+00  0.00000000E+00  1.23691131E-01  0.00000000E+00  0.00000000E+00 -5.71337451E-02
    0.116000      1   0.00000000E+00  0.00000000E+00  2.16078516E-03  0.00000000E+00  0.00000000E+00  0.00000000E+00  0.00000000E+00  0.00000000E+00  1.23633660E-01  0.00000000E+00  0.00000000E+00 -5.74715896E-02
    0.117000      1   0.00000000E+00  0.00000000E+00  2.14743220E-03  0.00000000E+00  0.00000000E+00  0.00000000E+00  0.00000000E+00  0.00000000E+00  1.23575868E-01  0.00000000E+00  0.00000000E+00 -5.77918891E-02
    0.118000      1   0.00000000E+00  0.00000000E+00  2.11022207E-03  0.00000000E+00  0.00000000E+00  0.00000000E+00  0.00000000E+00  0.00000000E+00  1.23517764E-01  0.00000000E+00  0.00000000E+00 -5.81039341E-02
    0.119000      1   0.00000000E+00  0.00000000E+00  2.11579912E-03  0.00000000E+00  0.00000000E+00  0.00000000E+00  0.00000000E+00  0.00000000E+00  1.23459337E-01  0.00000000E+00  0.00000000E+00 -5.84269446E-02
    0.120000      1   0.00000000E+00  0.00000000E+00  2.14420707E-03  0.00000000E+00  0.00000000E+00  0.00000000E+00  0.00000000E+00  0.00000000E+00  1.23400576E-01  0.00000000E+00  0.00000000E+00 -5.87611892E-02
    0.121000      1   0.00000000E+00  0.00000000E+00  2.18087660E-03  0.00000000E+00  0.00000000E+00  0.00000000E+00  0.00000000E+00  0.00000000E+00  1.23341487E-01  0.00000000E+00  0.00000000E+00 -5.90885786E-02
    0.122000      1   0.00000000E+00  0.00000000E+00  2.15902228E-03  0.00000000E+00  0.00000000E+00  0.00000000E+00  0.00000000E+00  0.00000000E+00  1.23282087E-01  0.00000000E+00  0.00000000E+00 -5.94001539E-02
    0.123000      1   0.00000000E+00  0.00000000E+00  2.11524766E-03  0.00000000E+00  0.00000000E+00  0.00000000E+00  0.00000000E+00  0.00000000E+00  1.23222384E-01  0.00000000E+00  0.00000000E+00 -5.97035510E-02
    0.124000      1   0.00000000E+00  0.00000000E+00  2.13890349E-03  0.00000000E+00  0.00000000E+00  0.00000000E+00  0.00000000E+00  0.00000000E+00  1.23162362E-01  0.00000000E+00  0.00000000E+00 -6.00218664E-02
    0.125000      1   0.00000000E+00  0.00000000E+00  2.17376440E-03  0.00000000E+00  0.00000000E+00  0.00000000E+00  0.00000000E+00  0.00000000E+00  1.23102011E-01  0.00000000E+00  0.00000000E+00 -6.03503748E-02
    0.126000      1   0.00000000E+00  0.00000000E+00  2.19534376E-03  0.00000000E+00  0.00000000E+00  0.00000000E+00  0.00000000E+00  0.00000000E+00  1.23041346E-01  0.00000000E+00  0.00000000E+00 -6.06649495E-02
    0.127000      1   0.00000000E+00  0.00000000E+00  2.15947433E-03  0.00000000E+00  0.00000000E+00  0.00000000E+00  0.00000000E+00  0.00000000E+00  1.22980382E-01  0.00000000E+00  0.00000000E+00 -6.09642594E-02
    0.128000      1   0.00000000E+00  0.00000000E+00  2.13741104E-03  0.00000000E+00  0.00000000E+00  0.00000000E+00  0.00000000E+00  0.00000000E+00  1.22919119E-01  0.00000000E+00  0.00000000E+00 -6.12628253E-02
    0.129000      1   0.00000000E+00  0.00000000E+00  2.15896262E-03  0.00000000E+00  0.00000000E+00  0.00000000E+00  0.00000000E+00  0.00000000E+00  1.22857542E-01  0.00000000E+00  0.00000000E+00 -6.15770729E-02
    0.130000      1   0.00000000E+00  0.00000000E+00  2.20722743E-03  0.00000000E+00  0.00000000E+00  0.00000000E+00  0.00000000E+00  0.00000000E+00  1.22795647E-01  0.00000000E+00  0.00000000E+00 -6.18947553E-02
    0.131000      1   0.00000000E+00  0.00000000E+00  2.19964117E-03  0.00000000E+00  0.00000000E+00  0.00000000E+00  0.00000000E+00  0.00000000E+00  1.22733451E-01  0.00000000E+00  0.00000000E+00 -6.21968247E-02
    0.132000      1   0.00000000E+00  0.00000000E+00  2.14866536E-03  0.00000000E+00  0.00000000E+00  0.00000000E+00  0.00000000E+00  0.00000000E+00  1.22670966E-01  0.00000000E+00  0.00000000E+00 -6.24843848E-02
    0.133000      1   0.00000000E+00  0.00000000E+00  2.16014259E-03  0.00000000E+00  0.00000000E+00  0.00000000E+00  0.00000000E+00  0.00000000E+00  1.22608183E-01  0.00000000E+00  0.00000000E+00 -6.27834509E-02
    0.134000      1   0.00000000E+00  0.00000000E+00  2.19843330E-03  0.00000000E+00  0.00000000E+00  0.00000000E+00  0.00000000E+00  0.00000000E+00  1.22545086E-01  0.00000000E+00  0.00000000E+00 -6.30972285E-02
    0.135000      1   0.00000000E+00  0.00000000E+00  2.22381855E-03  0.00000000E+00  0.00000000E+00  0.00000000E+00  0.00000000E+00  0.00000000E+00  1.22481685E-01  0.00000000E+00  0.00000000E+00 -6.34004656E-02
    0.136000      1   0.00000000E+00  0.00000000E+00  2.18348623E-03  0.00000000E+00  0.00000000E+00  0.00000000E+00  0.00000000E+00  0.00000000E+00  1.22417998E-01  0.00000000E+00  0.00000000E+00 -6.36866383E-02
    0.137000      1   0.00000000E+00  0.00000000E+00  2.16472751E-03  0.00000000E+00  0.00000000E+00  0.00000000E+00  0.00000000E+00  0.00000000E+00  1.22354027E-01  0.00000000E+00  0.00000000E+00 -6.39716065E-02
    0.138000      1   0.00000000E+00  0.00000000E+00  2.19037157E-03  0.00000000E+00  0.00000000E+00  0.00000000E+00  0.00000000E+00  0.00000000E+00  1.22289754E-01  0.00000000E+00  0.00000000E+00 -6.42731376E-02
    0.139000      1   0.00000000E+00  0.00000000E+00  2.23531827E-03  0.00000000E+00  0.00000000E+00  0.00000000E+00  0.00000000E+00  0.00000000E+00  1.22225177E-01  0.00000000E+00  0.00000000E+00 -6.45762945E-02
    0.140000      1   0.00000000E+00  0.00000000E+00  2.21049389E-03  0.00000000E+00  0.00000000E+00  0.00000000E+00  0.00000000E+00  0.00000000E+00  1.22160314E-01  0.00000000E+00  0.00000000E+00 -6.48630813E-02
    0.141000      1   0.00000000E+00  0.00000000E+00  2.17522098E-03  0.00000000E+00  0.00000000E+00  0.00000000E+00  0.00000000E+00  0.00000000E+00  1.22095175E-01  0.00000000E+00  0.00000000E+00 -6.51394967E-02
    0.142000      1   0.00000000E+00  0.00000000E+00  2.20073702E-03  0.00000000E+00  0.00000000E+00  0.00000000E+00  0.00000000E+00  0.00000000E+00  1.22029745E-01  0.00000000E+00  0.00000000E+00 -6.54303025E-02
    0.143000      1   0.00000000E+00  0.00000000E+00  2.23807873E-03  0.00000000E+00  0.00000000E+00  0.00000000E+00  0.00000000E+00  0.00000000E+00  1.21964016E-01  0.00000000E+00  0.00000000E+00 -6.57281802E-02
    0.144000      1   0.00000000E+00  0.00000000E+00  2.23137866E-03  0.00000000E+00  0.00000000E+00  0.00000000E+00  0.00000000E+00  0.00000000E+00  1.21898005E-01  0.00000000E+00  0.00000000E+00 -6.60110746E-02
    0.145000      1   0.00000000E+00  0.00000000E+00  2.18301670E-03  0.00000000E+00  0.00000000E+00  0.00000000E+00  0.00000000E+00  0.00000000E+00  1.21831722E-01  0.00000000E+00  0.00000000E+00 -6.62828903E-02
    0.146000      1   0.00000000E+00  0.00000000E+00  2.20143284E-03  0.00000000E+00  0.00000000E+00  0.00000000E+00  0.00000000E+00  0.00000000E+00  1.21765157E-01  0.00000000E+00  0.00000000E+00 -6.65654586E-02
    0.147000      1   0.00000000E+00  0.00000000E+00  2.24708861E-03  0.00000000E+00  0.00000000E+00  0.00000000E+00  0.00000000E+00  0.00000000E+00  1.21698296E-01  0.00000000E+00  0.00000000E+00 -6.68606530E-02
    0.148000      1   0.00000000E+00  0.00000000E+00  2.25307776E-03  0.00000000E+00  0.00000000E+00  0.00000000E+00  0.00000000E+00  0.00000000E+00  1.21631155E-01  0.00000000E+00  0.00000000E+00 -6.71417256E-02
    0.149000      1   0.00000000E+00  0.00000000E+00  2.20582818E-03  0.00000000E+00  0.00000000E+00  0.00000000E+00  0.00000000E+00  0.00000000E+00  1.21563748E-01  0.00000000E+00  0.00000000E+00 -6.74067450E-02
    0.150000      1   0.00000000E+00  0.00000000E+00  2.20429594E-03  0.00000000E+00  0.00000000E+00  0.00000000E+00  0.00000000E+00  0.00000000E+00  1.21496070E-01  0.00000000E+00  0.00000000E+00 -6.76781531E-02
    0.151000      1   0.00000000E+00  0.00000000E+00  2.24776889E-03  0.00000000E+00  0.00000000E+00  0.00000000E+00  0.00000000E+00  0.00000000E+00  1.21428104E-01  0.00000000E+00  0.00000000E+00 -6.79653496E-02
    0.152000      1   0.00000000E+00  0.00000000E+00  2.26274127E-03  0.00000000E+00  0.00000000E+00  0.00000000E+00  0.00000000E+00  0.00000000E+00  1.21359859E-01  0.00000000E+00  0.00000000E+00 -6.82453616E-02
    0.153000      1   0.00000000E+00  0.00000000E+00  2.22956668E-03  0.00000000E+00  0.00000000E+00  0.00000000E+00  0.00000000E+00  0.00000000E+00  1.21291351E-01  0.00000000E+00  0.00000000E+00 -6.85084487E-02
    0.154000      1   0.00000000E+00  0.00000000E+00  2.21300011E-03  0.00000000E+00  0.00000000E+00  0.00000000E+00  0.00000000E+00  0.00000000E+00  1.21222578E-01  0.00000000E+00  0.00000000E+00 -6.87724852E-02
    0.155000      1   0.00000000E+00  0.00000000E+00  2.24740220E-03  0.00000000E+00  0.00000000E+00  0.00000000E+00  0.00000000E+00  0.00000000E+00  1.21153528E-01  0.00000000E+00  0.00000000E+00 -6.90503464E-02
    0.156000      1   0.00000000E+00  0.00000000E+00  2.27662530E-03  0.00000000E+00  0.00000000E+00  0.00000000E+00  0.00000000E+00  0.00000000E+00  1.21084200E-01  0.00000000E+00  0.00000000E+00 -6.93275646E-02
    0.157000      1   0.00000000E+00  0.00000000E+00  2.24225644E-03  0.00000000E+00  0.00000000E+00  0.00000000E+00  0.00000000E+00  0.00000000E+00  1.21014612E-01  0.00000000E+00  0.00000000E+00 -6.95883170E-02
    0.158000      1   0.00000000E+00  0.00000000E+00  2.22347928E-03  0.00000000E+00  0.00000000E+00  0.00000000E+00  0.00000000E+00  0.00000000E+00  1.20944766E-01  0.00000000E+00  0.00000000E+00 -6.98455497E-02
    0.159000      1   0.00000000E+00  0.00000000E+00  2.26270169E-03  0.00000000E+00  0.00000000E+00  0.00000000E+00  0.00000000E+00  0.00000000E+00  1.20874649E-01  0.00000000E+00  0.00000000E+00 -7.01173903E-02
    0.160000      1   0.00000000E+00  0.00000000E+00  2.28329100E-03  0.00000000E+00  0.00000000E+00  0.00000000E+00  0.00000000E+00  0.00000000E+00  1.20804260E-01  0.00000000E+00  0.00000000E+00 -7.03884615E-02
    0.161000      1   0.00000000E+00  0.00000000E+00  2.24835910E-03  0.00000000E+00  0.00000000E+00  0.00000000E+00  0.00000000E+00  0.00000000E+00  1.20733617E-01  0.00000000E+00  0.00000000E+00 -7.06430105E-02
    0.162000      1   0.00000000E+00  0.00000000E+00  2.23579705E-03  0.00000000E+00  0.00000000E+00  0.00000000E+00  0.00000000E+00  0.00000000E+00  1.20662720E-01  0.00000000E+00  0.00000000E+00 -7.08969749E-02
    0.163000      1   0.00000000E+00  0.00000000E+00  2.27667583E-03  0.00000000E+00  0.00000000E+00  0.00000000E+00  0.00000000E+00  0.00000000E+00  1.20591556E-01  0.00000000E+00  0.00000000E+00 -7.11646330E-02
    0.164000      1   0.00000000E+00  0.00000000E+00  2.29525194E-03  0.00000000E+00  0.00000000E+00  0.00000000E+00  0.00000000E+00  0.00000000E+00  1.20520127E-01  0.00000000E+00  0.00000000E+00 -7.14291877E-02
    0.165000      1   0.00000000E+00  0.00000000E+00  2.25026645E-03  0.00000000E+00  0.00000000E+00  0.00000000E+00  0.00000000E+00  0.00000000E+00  1.20448450E-01  0.00000000E+00  0.00000000E+00 -7.16770322E-02
    0.166000      1   0.00000000E+00  0.00000000E+00  2.25450273E-03  0.00000000E+00  0.00000000E+00  0.00000000E+00  0.00000000E+00  0.00000000E+00  1.20376523E-01  0.00000000E+00  0.00000000E+00 -7.19267312E-02
    0.167000      1   0.00000000E+00  0.00000000E+00  2.29781876E-03  0.00000000E+00  0.00000000E+00  0.00000000E+00  0.00000000E+00  0.00000000E+00  1.20304332E-01  0.00000000E+00  0.00000000E+00 -7.21904550E-02
    0.168000      1   0.00000000E+00  0.00000000E+00  2.29313288E-03  0.00000000E+00  0.00000000E+00  0.00000000E+00  0.00000000E+00  0.00000000E+00  1.20231887E-01  0.00000000E+00  0.00000000E+00 -7.24451276E-02
    0.169000      1   0.00000000E+00  0.00000000E+00  2.24780928E-03  0.00000000E+00  0.00000000E+00  0.00000000E+00  0.00000000E+00  0.00000000E+00  1.20159201E-01  0.00000000E+00  0.00000000E+00 -7.26864031E-02
    0.170000      1   0.00000000E+00  0.00000000E+00  2.26685433E-03  0.00000000E+00  0.00000000E+00  0.00000000E+00  0.00000000E+00  0.00000000E+00  1.20086264E-01  0.00000000E+00  0.00000000E+00 -7.29372326E-02
    0.171000      1   0.00000000E+00  0.00000000E+00  2.31655105E-03  0.00000000E+00  0.00000000E+00  0.00000000E+00  0.00000000E+00  0.00000000E+00  1.20013064E-01  0.00000000E+00  0.00000000E+00 -7.31995791E-02
    0.172000      1   0.00000000E+00  0.00000000E+00  2.29815611E-03  0.00000000E+00  0.00000000E+00  0.00000000E+00  0.00000000E+00  0.00000000E+00  1.19939617E-01  0.00000000E+00  0.00000000E+00 -7.34468827E-02
    0.173000      1   0.00000000E+00  0.00000000E+00  2.26123909E-03  0.00000000E+00  0.00000000E+00  0.00000000E+00  0.00000000E+00  0.00000000E+00  1.19865936E-01  0.00000000E+00  0.00000000E+00 -7.36811180E-02
    0.174000      1   0.00000000E+00  0.00000000E+00  2.28434351E-03  0.00000000E+00  0.00000000E+00  0.00000000E+00  0.00000000E+00  0.00000000E+00  1.19792008E-01  0.00000000E+00  0.00000000E+00 -7.39279228E-02
    0.175000      1   0.00000000E+00  0.00000000E+00  2.32494759E-03  0.00000000E+00  0.00000000E+00  0.00000000E+00  0.00000000E+00  0.00000000E+00  1.19717825E-01  0.00000000E+00  0.00000000E+00 -7.41827660E-02
    0.176000      1   0.00000000E+00  0.00000000E+00  2.29737665E-03  0.00000000E+00  0.00000000E+00  0.00000000E+00  0.00000000E+00  0.00000000E+00  1.19643402E-01  0.00000000E+00  0.00000000E+00 -7.44228410E-02
    0.177000      1   0.00000000E+00  0.00000000E+00  2.26471704E-03  0.00000000E+00  0.00000000E+00  0.00000000E+00  0.00000000E+00  0.00000000E+00  1.19568748E-01  0.00000000E+00  0.00000000E+00 -7.46544566E-02
    0.178000      1   0.00000000E+00  0.00000000E+00  2.29631439E-03  0.00000000E+00  0.00000000E+00  0.00000000E+00  0.00000000E+00  0.00000000E+00  1.19493847E-01  0.00000000E+00  0.00000000E+00 -7.49009024E-02
    0.179000      1   0.00000000E+00  0.00000000E+00  2.33204230E-03  0.00000000E+00  0.00000000E+00  0.00000000E+00  0.00000000E+00  0.00000000E+00  1.19418695E-01  0.00000000E+00  0.00000000E+00 -7.51524865E-02
    0.180000      1   0.00000000E+00  0.00000000E+00  2.29686652E-03  0.00000000E+00  0.00000000E+00  0.00000000E+00  0.00000000E+00  0.00000000E+00  1.19343307E-01  0.00000000E+00  0.00000000E+00 -7.53873754E-02
    0.181000      1   0.00000000E+00  0.00000000E+00  2.28286225E-03  0.00000000E+00  0.00000000E+00  0.00000000E+00  0.00000000E+00  0.00000000E+00  1.19267691E-01  0.00000000E+00  0.00000000E+00 -7.56167513E-02
    0.182000      1   0.00000000E+00  0.00000000E+00  2.33402127E-03  0.00000000E+00  0.00000000E+00  0.00000000E+00  0.00000000E+00  0.00000000E+00  1.19191830E-01  0.00000000E+00  0.00000000E+00 -7.58601558E-02
    0.183000      1   0.00000000E+00  0.00000000E+00  2.32558234E-03  0.00000000E+00  0.00000000E+00  0.00000000E+00  0.00000000E+00  0.00000000E+00  1.19115731E-01  0.00000000E+00  0.00000000E+00 -7.60991127E-02
    0.184000      1   0.00000000E+00  0.00000000E+00  2.28739363E-03  0.00000000E+00  0.00000000E+00  0.00000000E+00  0.00000000E+00  0.00000000E+00  1.19039408E-01  0.00000000E+00  0.00000000E+00 -7.63227605E-02
    0.185000      1   0.00000000E+00  0.00000000E+00  2.30385181E-03  0.00000000E+00  0.00000000E+00  0.00000000E+00  0.00000000E+00  0.00000000E+00  1.18962853E-01  0.00000000E+00  0.00000000E+00 -7.65559330E-02
    0.186000      1   0.00000000E+00  0.00000000E+00  2.35367294E-03  0.00000000E+00  0.00000000E+00  0.00000000E+00  0.00000000E+00  0.00000000E+00  1.18886054E-01  0.00000000E+00  0.00000000E+00 -7.67987369E-02
    0.187000      1   0.00000000E+00  0.00000000E+00  2.32682628E-03  0.00000000E+00  0.00000000E+00  0.00000000E+00  0.00000000E+00  0.00000000E+00  1.18809027E-01  0.00000000E+00  0.00000000E+00 -7.70273253E-02
    0.188000      1   0.00000000E+00  0.00000000E+00  2.28117828E-03  0.00000000E+00  0.00000000E+00  0.00000000E+00  0.00000000E+00  0.00000000E+00  1.18731782E-01  0.00000000E+00  0.00000000E+00 -7.72442992E-02
    0.189000      1   0.00000000E+00  0.00000000E+00  2.32982665E-03  0.00000000E+00  0.00000000E+00  0.00000000E+00  0.00000000E+00  0.00000000E+00  1.18654304E-01  0.00000000E+00  0.00000000E+00 -7.74781623E-02
    0.190000      1   0.00000000E+00  0.00000000E+00  2.35606591E-03  0.00000000E+00  0.00000000E+00  0.00000000E+00  0.00000000E+00  0.00000000E+00  1.18576586E-01  0.00000000E+00  0.00000000E+00 -7.77184140E-02
    0.191000      1   0.00000000E+00  0.00000000E+00  2.30842203E-03  0.00000000E+00  0.00000000E+00  0.00000000E+00  0.00000000E+00  0.00000000E+00  1.18498648E-01  0.00000000E+00  0.00000000E+00 -7.79380487E-02
    0.192000      1   0.00000000E+00  0.00000000E+00  2.31293188E-03  0.00000000E+00  0.00000000E+00  0.00000000E+00  0.00000000E+00  0.00000000E+00  1.18420490E-01  0.00000000E+00  0.00000000E+00 -7.81574914E-02
    0.193000      1   0.00000000E+00  0.00000000E+00  2.36509131E-03  0.00000000E+00  0.00000000E+00  0.00000000E+00  0.00000000E+00  0.00000000E+00  1.18342098E-01  0.00000000E+00  0.00000000E+00 -7.83917834E-02
    0.194000      1   0.00000000E+00  0.00000000E+00  2.34601449E-03  0.00000000E+00  0.00000000E+00  0.00000000E+00  0.00000000E+00  0.00000000E+00  1.18263483E-01  0.00000000E+00  0.00000000E+00 -7.86153706E-02
    0.195000      1   0.00000000E+00  0.00000000E+00  2.30670630E-03  0.00000000E+00  0.00000000E+00  0.00000000E+00  0.00000000E+00  0.00000000E+00  1.18184658E-01  0.00000000E+00  0.00000000E+00 -7.88252014E-02
    0.196000      1   0.00000000E+00  0.00000000E+00  2.34091932E-03  0.00000000E+00  0.00000000E+00  0.00000000E+00  0.00000000E+00  0.00000000E+00  1.18105609E-01  0.00000000E+00  0.00000000E+00 -7.90482484E-02
    0.197000      1   0.00000000E+00  0.00000000E+00  2.36617319E-03  0.00000000E+00  0.00000000E+00  0.00000000E+00  0.00000000E+00  0.00000000E+00  1.18026331E-01  0.00000000E+00  0.00000000E+00 -7.92781547E-02
    0.198000      1   0.00000000E+00  0.00000000E+00  2.32961305E-03  0.00000000E+00  0.00000000E+00  0.00000000E+00  0.00000000E+00  0.00000000E+00  1.17946839E-01  0.00000000E+00  0.00000000E+00 -7.94923591E-02
    0.199000      1   0.00000000E+00  0.00000000E+00  2.32721978E-03  0.00000000E+00  0.00000000E+00  0.00000000E+00  0.00000000E+00  0.00000000E+00  1.17867134E-01  0.00000000E+00  0.00000000E+00 -7.97047349E-02
    0.200000      1   0.00000000E+00  0.00000000E+00  2.37913328E-03  0.00000000E+00  0.00000000E+00  0.00000000E+00  0.00000000E+00  0.00000000E+00  1.17787205E-01  0.00000000E+00  0.00000000E+00 -7.99295409E-02
    0.201000      1   0.00000000E+00  0.00000000E+00  2.36090014E-03  0.00000000E+00  0.00000000E+00  0.00000000E+00  0.00000000E+00  0.00000000E+00  1.17707059E-01  0.00000000E+00  0.00000000E+00 -8.01459525E-02
    0.202000      1   0.00000000E+00  0.00000000E+00  2.31701667E-03  0.00000000E+00  0.00000000E+00  0.00000000E+00  0.00000000E+00  0.00000000E+00  1.17626710E-01  0.00000000E+00  0.00000000E+00 -8.03485393E-02
    0.203000      1   0.00000000E+00  0.00000000E+00  2.35736938E-03  0.00000000E+00  0.00000000E+00  0.00000000E+00  0.00000000E+00  0.00000000E+00  1.17546145E-01  0.00000000E+00  0.00000000E+00 -8.05648745E-02
    0.204000      1   0.00000000E+00  0.00000000E+00  2.38305849E-03  0.00000000E+00  0.00000000E+00  0.00000000E+00  0.00000000E+00  0.00000000E+00  1.17465357E-01  0.00000000E+00  0.00000000E+00 -8.07884857E-02
    0.205000      1   0.00000000E+00  0.00000000E+00  2.33557458E-03  0.00000000E+00  0.00000000E+00  0.00000000E+00  0.00000000E+00  0.00000000E+00  1.17384363E-01  0.00000000E+00  0.00000000E+00 -8.09943016E-02
    0.206000      1   0.00000000E+00  0.00000000E+00  2.34138980E-03  0.00000000E+00  0.00000000E+00  0.00000000E+00  0.00000000E+00  0.00000000E+00  1.17303162E-01  0.00000000E+00  0.00000000E+00 -8.12000779E-02
    0.207000      1   0.00000000E+00  0.00000000E+00  2.39858819E-03  0.00000000E+00  0.00000000E+00  0.00000000E+00  0.00000000E+00  0.00000000E+00  1.17221742E-01  0.00000000E+00  0.00000000E+00 -8.14204202E-02
    0.208000      1   0.00000000E+00  0.00000000E+00  2.37108585E-03  0.00000000E+00  0.00000000E+00  0.00000000E+00  0.00000000E+00  0.00000000E+00  1.17140113E-01  0.00000000E+00  0.00000000E+00 -8.16287378E-02
    0.209000      1   0.00000000E+00  0.00000000E+00  2.32630771E-03  0.00000000E+00  0.00000000E+00  0.00000000E+00  0.00000000E+00  0.00000000E+00  1.17058290E-01  0.00000000E+00  0.00000000E+00 -8.18231341E-02
    0.210000      1   0.00000000E+00  0.00000000E+00  2.38738233E-03  0.00000000E+00  0.00000000E+00  0.00000000E+00  0.00000000E+00  0.00000000E+00  1.16976256E-01  0.00000000E+00  0.00000000E+00 -8.20344810E-02
    0.211000      1   0.00000000E+00  0.00000000E+00  2.38942653E-03  0.00000000E+00  0.00000000E+00  0.00000000E+00  0.00000000E+00  0.00000000E+00  1.16894006E-01  0.00000000E+00  0.00000000E+00 -8.22497335E-02
    0.212000      1   0.00000000E+00  0.00000000E+00  2.35312017E-03  0.00000000E+00  0.00000000E+00  0.00000000E+00  0.00000000E+00  0.00000000E+00  1.16811561E-01  0.00000000E+00  0.00000000E+00 -8.24445666E-02
    0.213000      1   0.00000000E+00  0.00000000E+00  2.36437205E-03  0.00000000E+00  0.00000000E+00  0.00000000E+00  0.00000000E+00  0.00000000E+00  1.16728916E-01  0.00000000E+00  0.00000000E+00 -8.26451487E-02
    0.214000      1   0.00000000E+00  0.00000000E+00  2.40477347E-03  0.00000000E+00  0.00000000E+00  0.00000000E+00  0.00000000E+00  0.00000000E+00  1.16646061E-01  0.00000000E+00  0.00000000E+00 -8.28556646E-02
    0.215000      1   0.00000000E+00  0.00000000E+00  2.36882379E-03  0.00000000E+00  0.00000000E+00  0.00000000E+00  0.00000000E+00  0.00000000E+00  1.16563005E-01  0.00000000E+00  0.00000000E+00 -8.30553407E-02
    0.216000      1   0.00000000E+00  0.00000000E+00  2.36050817E-03  0.00000000E+00  0.00000000E+00  0.00000000E+00  0.00000000E+00  0.00000000E+00  1.16479757E-01  0.00000000E+00  0.00000000E+00 -8.32481057E-02
    0.217000      1   0.00000000E+00  0.00000000E+00  2.41134665E-03  0.00000000E+00  0.00000000E+00  0.00000000E+00  0.00000000E+00  0.00000000E+00  1.16396303E-01  0.00000000E+00  0.00000000E+00 -8.34541476E-02
    0.218000      1   0.00000000E+00  0.00000000E+00  2.38956076E-03  0.00000000E+00  0.00000000E+00  0.00000000E+00  0.00000000E+00  0.00000000E+00  1.16312649E-01  0.00000000E+00  0.00000000E+00 -8.36539303E-02
    0.219000      1   0.00000000E+00  0.00000000E+00  2.34983862E-03  0.00000000E+00  0.00000000E+00  0.00000000E+00  0.00000000E+00  0.00000000E+00  1.16228808E-01  0.00000000E+00  0.00000000E+00 -8.38408694E-02
    0.220000      1   0.00000000E+00  0.00000000E+00  2.39613342E-03  0.00000000E+00  0.00000000E+00  0.00000000E+00  0.00000000E+00  0.00000000E+00  1.16144766E-01  0.00000000E+00  0.00000000E+00 -8.40419878E-02
    0.221000      1   0.00000000E+00  0.00000000E+00  2.41269646E-03  0.00000000E+00  0.00000000E+00  0.00000000E+00  0.00000000E+00  0.00000000E+00  1.16060518E-01  0.00000000E+00  0.00000000E+00 -8.42479648E-02
    0.222000      1   0.00000000E+00  0.00000000E+00  2.36980844E-03  0.00000000E+00  0.00000000E+00  0.00000000E+00  0.00000000E+00  0.00000000E+00  1.15976082E-01  0.00000000E+00  0.00000000E+00 -8.44358089E-02
    0.223000      1   0.00000000E+00  0.00000000E+00  2.39081071E-03  0.00000000E+00  0.00000000E+00  0.00000000E+00  0.00000000E+00  0.00000000E+00  1.15891457E-01  0.00000000E+00  0.00000000E+00 -8.46257977E-02
    0.224000      1   0.00000000E+00  0.00000000E+00  2.41516918E-03  0.00000000E+00  0.00000000E+00  0.00000000E+00  0.00000000E+00  0.00000000E+00  1.15806630E-01  0.00000000E+00  0.00000000E+00 -8.48261575E-02
    0.225000      1   0.00000000E+00  0.00000000E+00  2.37994631E-03  0.00000000E+00  0.00000000E+00  0.00000000E+00  0.00000000E+00  0.00000000E+00  1.15721615E-01  0.00000000E+00  0.00000000E+00 -8.50153124E-02
    0.226000      1   0.00000000E+00  0.00000000E+00  2.38004032E-03  0.00000000E+00  0.00000000E+00  0.00000000E+00  0.00000000E+00  0.00000000E+00  1.15636412E-01  0.00000000E+00  0.00000000E+00 -8.52026964E-02
    0.227000      1   0.00000000E+00  0.00000000E+00  2.44003435E-03  0.00000000E+00  0.00000000E+00  0.00000000E+00  0.00000000E+00  0.00000000E+00  1.15551011E-01  0.00000000E+00  0.00000000E+00 -8.54016314E-02
    0.228000      1   0.00000000E+00  0.00000000E+00  2.40643018E-03  0.00000000E+00  0.00000000E+00  0.00000000E+00  0.00000000E+00  0.00000000E+00  1.15465421E-01  0.00000000E+00  0.00000000E+00 -8.55899264E-02
    0.229000      1   0.00000000E+00  0.00000000E+00  2.36793070E-03  0.00000000E+00  0.00000000E+00  0.00000000E+00  0.00000000E+00  0.00000000E+00  1.15379656E-01  0.00000000E+00  0.00000000E+00 -8.57644609E-02
    0.230000      1   0.00000000E+00  0.00000000E+00  2.43084448E-03  0.00000000E+00  0.00000000E+00  0.00000000E+00  0.00000000E+00  0.00000000E+00  1.15293700E-01  0.00000000E+00  0.00000000E+00 -8.59568397E-02
    0.231000      1   0.00000000E+00  0.00000000E+00  2.41815567E-03  0.00000000E+00  0.00000000E+00  0.00000000E+00  0.00000000E+00  0.00000000E+00  1.15207549E-01  0.00000000E+00  0.00000000E+00 -8.61507367E-02
    0.232000      1   0.00000000E+00  0.00000000E+00  2.37856391E-03  0.00000000E+00  0.00000000E+00  0.00000000E+00  0.00000000E+00  0.00000000E+00  1.15121223E-01  0.00000000E+00  0.00000000E+00 -8.63262157E-02
    0.233000      1   0.00000000E+00  0.00000000E+00  2.42258607E-03  0.00000000E+00  0.00000000E+00  0.00000000E+00  0.00000000E+00  0.00000000E+00  1.15034710E-01  0.00000000E+00  0.00000000E+00 -8.65128634E-02
    0.234000      1   0.00000000E+00  0.00000000E+00  2.43343968E-03  0.00000000E+00  0.00000000E+00  0.00000000E+00  0.00000000E+00  0.00000000E+00  1.14948005E-01  0.00000000E+00  0.00000000E+00 -8.67047287E-02
    0.235000      1   0.00000000E+00  0.00000000E+00  2.38972551E-03  0.00000000E+00  0.00000000E+00  0.00000000E+00  0.00000000E+00  0.00000000E+00  1.14861125E-01  0.00000000E+00  0.00000000E+00 -8.68802171E-02
    0.236000      1   0.00000000E+00  0.00000000E+00  2.41622109E-03  0.00000000E+00  0.00000000E+00  0.00000000E+00  0.00000000E+00  0.00000000E+00  1.14774065E-01  0.00000000E+00  0.00000000E+00 -8.70598714E-02
    0.237000      1   0.00000000E+00  0.00000000E+00  2.44455150E-03  0.00000000E+00  0.00000000E+00  0.00000000E+00  0.00000000E+00  0.00000000E+00  1.14686816E-01  0.00000000E+00  0.00000000E+00 -8.72491967E-02
    0.238000      1   0.00000000E+00  0.00000000E+00  2.39867702E-03  0.00000000E+00  0.00000000E+00  0.00000000E+00  0.00000000E+00  0.00000000E+00  1.14599391E-01  0.00000000E+00  0.00000000E+00 -8.74248105E-02
    0.239000      1   0.00000000E+00  0.00000000E+00  2.41122182E-03  0.00000000E+00  0.00000000E+00  0.00000000E+00  0.00000000E+00  0.00000000E+00  1.14511792E-01  0.00000000E+00  0.00000000E+00 -8.75992326E-02
    0.240000      1   0.00000000E+00  0.00000000E+00  2.45666218E-03  0.00000000E+00  0.00000000E+00  0.00000000E+00  0.00000000E+00  0.00000000E+00  1.14424005E-01  0.00000000E+00  0.00000000E+00 -8.77865021E-02
    0.241000      1   0.00000000E+00  0.00000000E+00  2.41495813E-03  0.00000000E+00  0.00000000E+00  0.00000000E+00  0.00000000E+00  0.00000000E+00  1.14336044E-01  0.00000000E+00  0.00000000E+00 -8.79616161E-02
    0.242000      1   0.00000000E+00  0.00000000E+00  2.40981031E-03  0.00000000E+00  0.00000000E+00  0.00000000E+00  0.00000000E+00  0.00000000E+00  1.14247914E-01  0.00000000E+00  0.00000000E+00 -8.81291817E-02
    0.243000      1   0.00000000E+00  0.00000000E+00  2.46259047E-03  0.00000000E+00  0.00000000E+00  0.00000000E+00  0.00000000E+00  0.00000000E+00  1.14159603E-01  0.00000000E+00  0.00000000E+00 -8.83113538E-02
    0.244000      1   0.00000000E+00  0.00000000E+00  2.42331387E-03  0.00000000E+00  0.00000000E+00  0.00000000E+00  0.00000000E+00  0.00000000E+00  1.14071117E-01  0.00000000E+00  0.00000000E+00 -8.84858830E-02
    0.245000      1   0.00000000E+00  0.00000000E+00  2.40148315E-03  0.00000000E+00  0.00000000E+00  0.00000000E+00  0.00000000E+00  0.00000000E+00  1.13982467E-01  0.00000000E+00  0.00000000E+00 -8.86500241E-02
    0.246000      1   0.00000000E+00  0.00000000E+00  2.46872586E-03  0.00000000E+00  0.00000000E+00  0.00000000E+00  0.00000000E+00  0.00000000E+00  1.13893636E-01  0.00000000E+00  0.00000000E+00 -8.88309246E-02
    0.247000      1   0.00000000E+00  0.00000000E+00  2.44289745E-03  0.00000000E+00  0.00000000E+00  0.00000000E+00  0.00000000E+00  0.00000000E+00  1.13804629E-01  0.00000000E+00  0.00000000E+00 -8.90071036E-02
    0.248000      1   0.00000000E+00  0.00000000E+00  2.40405798E-03  0.00000000E+00  0.00000000E+00  0.00000000E+00  0.00000000E+00  0.00000000E+00  1.13715463E-01  0.00000000E+00  0.00000000E+00 -8.91657666E-02
    0.249000      1   0.00000000E+00  0.00000000E+00  2.46510308E-03  0.00000000E+00  0.00000000E+00  0.00000000E+00  0.00000000E+00  0.00000000E+00  1.13626124E-01  0.00000000E+00  0.00000000E+00 -8.93397803E-02
    0.250000      1   0.00000000E+00  0.00000000E+00  2.45006169E-03  0.00000000E+00  0.00000000E+00  0.00000000E+00  0.00000000E+00  0.00000000E+00  1.13536608E-01  0.00000000E+00  0.00000000E+00 -8.95157543E-02
    0.251000      1   0.00000000E+00  0.00000000E+00  2.40783986E-03  0.00000000E+00  0.00000000E+00  0.00000000E+00  0.00000000E+00  0.00000000E+00  1.13446933E-01  0.00000000E+00  0.00000000E+00 -8.96743401E-02
    0.252000      1   0.00000000E+00  0.00000000E+00  2.46405034E-03  0.00000000E+00  0.00000000E+00  0.00000000E+00  0.00000000E+00  0.00000000E+00  1.13357088E-01  0.00000000E+00  0.00000000E+00 -8.98453322E-02
    0.253000      1   0.00000000E+00  0.00000000E+00  2.45852354E-03  0.00000000E+00  0.00000000E+00  0.00000000E+00  0.00000000E+00  0.00000000E+00  1.13267068E-01  0.00000000E+00  0.00000000E+00 -9.00202504E-02
    0.254000      1   0.00000000E+00  0.00000000E+00  2.41740973E-03  0.00000000E+00  0.00000000E+00  0.00000000E+00  0.00000000E+00  0.00000000E+00  1.13176890E-01  0.00000000E+00  0.00000000E+00 -9.01776855E-02
    0.255000      1   0.00000000E+00  0.00000000E+00  2.47005551E-03  0.00000000E+00  0.00000000E+00  0.00000000E+00  0.00000000E+00  0.00000000E+00  1.13086546E-01  0.00000000E+00  0.00000000E+00 -9.03442063E-02
    0.256000      1   0.00000000E+00  0.00000000E+00  2.45933736E-03  0.00000000E+00  0.00000000E+00  0.00000000E+00  0.00000000E+00  0.00000000E+00  1.12996031E-01  0.00000000E+00  0.00000000E+00 -9.05149196E-02
    0.257000      1   0.00000000E+00  0.00000000E+00  2.43041258E-03  0.00000000E+00  0.00000000E+00  0.00000000E+00  0.00000000E+00  0.00000000E+00  1.12905361E-01  0.00000000E+00  0.00000000E+00 -9.06702387E-02
    0.258000      1   0.00000000E+00  0.00000000E+00  2.46383704E-03  0.00000000E+00  0.00000000E+00  0.00000000E+00  0.00000000E+00  0.00000000E+00  1.12814527E-01  0.00000000E+00  0.00000000E+00 -9.08341928E-02
    0.259000      1   0.00000000E+00  0.00000000E+00  2.47512979E-03  0.00000000E+00  0.00000000E+00  0.00000000E+00  0.00000000E+00  0.00000000E+00  1.12723525E-01  0.00000000E+00  0.00000000E+00 -9.10017354E-02
    0.260000      1   0.00000000E+00  0.00000000E+00  2.43177533E-03  0.00000000E+00  0.00000000E+00  0.00000000E+00  0.00000000E+00  0.00000000E+00  1.12632369E-01  0.00000000E+00  0.00000000E+00 -9.11563040E-02
    0.261000      1   0.00000000E+00  0.00000000E+00  2.46938688E-03  0.00000000E+00  0.00000000E+00  0.00000000E+00  0.00000000E+00  0.00000000E+00  1.12541054E-01  0.00000000E+00  0.00000000E+00 -9.13148306E-02
    0.262000      1   0.00000000E+00  0.00000000E+00  2.47965127E-03  0.00000000E+00  0.00000000E+00  0.00000000E+00  0.00000000E+00  0.00000000E+00  1.12449573E-01  0.00000000E+00  0.00000000E+00 -9.14809443E-02
    0.263000      1   0.00000000E+00  0.00000000E+00  2.44117095E-03  0.00000000E+00  0.00000000E+00  0.00000000E+00  0.00000000E+00  0.00000000E+00  1.12357940E-01  0.00000000E+00  0.00000000E+00 -9.16328907E-02
    0.264000      1   0.00000000E+00  0.00000000E+00  2.46319607E-03  0.00000000E+00  0.00000000E+00  0.00000000E+00  0.00000000E+00  0.00000000E+00  1.12266152E-01  0.00000000E+00  0.00000000E+00 -9.17882709E-02
    0.265000      1   0.00000000E+00  0.00000000E+00  2.49104050E-03  0.00000000E+00  0.00000000E+00  0.00000000E+00  0.00000000E+00  0.00000000E+00  1.12174199E-01  0.00000000E+00  0.00000000E+00 -9.19523937E-02
    0.266000      1   0.00000000E+00  0.00000000E+00  2.44389054E-03  0.00000000E+00  0.00000000E+00  0.00000000E+00  0.00000000E+00  0.00000000E+00  1.12082095E-01  0.00000000E+00  0.00000000E+00 -9.21043591E-02
    0.267000      1   0.00000000E+00  0.00000000E+00  2.47303368E-03  0.00000000E+00  0.00000000E+00  0.00000000E+00  0.00000000E+00  0.00000000E+00  1.11989839E-01  0.00000000E+00  0.00000000E+00 -9.22555180E-02
    0.268000      1   0.00000000E+00  0.00000000E+00  2.49217574E-03  0.00000000E+00  0.00000000E+00  0.00000000E+00  0.00000000E+00  0.00000000E+00  1.11897422E-01  0.00000000E+00  0.00000000E+00 -9.24170080E-02
    0.269000      1   0.00000000E+00  0.00000000E+00  2.44917552E-03  0.00000000E+00  0.00000000E+00  0.00000000E+00  0.00000000E+00  0.00000000E+00  1.11804857E-01  0.00000000E+00  0.00000000E+00 -9.25655418E-02
    0.270000      1   0.00000000E+00  0.00000000E+00  2.47034494E-03  0.00000000E+00  0.00000000E+00  0.00000000E+00  0.00000000E+00  0.00000000E+00  1.11712141E-01  0.00000000E+00  0.00000000E+00 -9.27153933E-02
    0.271000      1   0.00000000E+00  0.00000000E+00  2.50004189E-03  0.00000000E+00  0.00000000E+00  0.00000000E+00  0.00000000E+00  0.00000000E+00  1.11619266E-01  0.00000000E+00  0.00000000E+00 -9.28756231E-02
    0.272000      1   0.00000000E+00  0.00000000E+00  2.45570115E-03  0.00000000E+00  0.00000000E+00  0.00000000E+00  0.00000000E+00  0.00000000E+00  1.11526242E-01  0.00000000E+00  0.00000000E+00 -9.30236489E-02
    0.273000      1   0.00000000E+00  0.00000000E+00  2.48324979E-03  0.00000000E+00  0.00000000E+00  0.00000000E+00  0.00000000E+00  0.00000000E+00  1.11433072E-01  0.00000000E+00  0.00000000E+00 -9.31697630E-02
    0.274000      1   0.00000000E+00  0.00000000E+00  2.50054432E-03  0.00000000E+00  0.00000000E+00  0.00000000E+00  0.00000000E+00  0.00000000E+00  1.11339747E-01  0.00000000E+00  0.00000000E+00 -9.33255676E-02
    0.275000      1   0.00000000E+00  0.00000000E+00  2.45909845E-03  0.00000000E+00  0.00000000E+00  0.00000000E+00  0.00000000E+00  0.00000000E+00  1.11246278E-01  0.00000000E+00  0.00000000E+00 -9.34692665E-02
    0.276000      1   0.00000000E+00  0.00000000E+00  2.48328448E-03  0.00000000E+00  0.00000000E+00  0.00000000E+00  0.00000000E+00  0.00000000E+00  1.11152663E-01  0.00000000E+00  0.00000000E+00 -9.36146148E-02
    0.277000      1   0.00000000E+00  0.00000000E+00  2.50555861E-03  0.00000000E+00  0.00000000E+00  0.00000000E+00  0.00000000E+00  0.00000000E+00  1.11058894E-01  0.00000000E+00  0.00000000E+00 -9.37692975E-02
    0.278000      1   0.00000000E+00  0.00000000E+00  2.46118041E-03  0.00000000E+00  0.00000000E+00  0.00000000E+00  0.00000000E+00  0.00000000E+00  1.10964982E-01  0.00000000E+00  0.00000000E+00 -9.39120983E-02
    0.279000      1   0.00000000E+00  0.00000000E+00  2.50244171E-03  0.00000000E+00  0.00000000E+00  0.00000000E+00  0.00000000E+00  0.00000000E+00  1.10870926E-01  0.00000000E+00  0.00000000E+00 -9.40554317E-02
    0.280000      1   0.00000000E+00  0.00000000E+00  2.50064108E-03  0.00000000E+00  0.00000000E+00  0.00000000E+00  0.00000000E+00  0.00000000E+00  1.10776720E-01  0.00000000E+00  0.00000000E+00 -9.42060429E-02
    0.281000      1   0.00000000E+00  0.00000000E+00  2.46706308E-03  0.00000000E+00  0.00000000E+00  0.00000000E+00  0.00000000E+00  0.00000000E+00  1.10682377E-01  0.00000000E+00  0.00000000E+00 -9.43434218E-02
    0.282000      1   0.00000000E+00  0.00000000E+00  2.50712623E-03  0.00000000E+00  0.00000000E+00  0.00000000E+00  0.00000000E+00  0.00000000E+00  1.10587889E-01  0.00000000E+00  0.00000000E+00 -9.44873299E-02
    0.283000      1   0.00000000E+00  0.00000000E+00  2.50626462E-03  0.00000000E+00  0.00000000E+00  0.00000000E+00  0.00000000E+00  0.00000000E+00  1.10493254E-01  0.00000000E+00  0.00000000E+00 -9.46351807E-02
    0.284000      1   0.00000000E+00  0.00000000E+00  2.46403683E-03  0.00000000E+00  0.00000000E+00  0.00000000E+00  0.00000000E+00  0.00000000E+00  1.10398484E-01  0.00000000E+00  0.00000000E+00 -9.47700267E-02
    0.285000      1   0.00000000E+00  0.00000000E+00  2.52332584E-03  0.00000000E+00  0.00000000E+00  0.00000000E+00  0.00000000E+00  0.00000000E+00  1.10303572E-01  0.00000000E+00  0.00000000E+00 -9.49126231E-02
    0.286000      1   0.00000000E+00  0.00000000E+00  2.50852002E-03  0.00000000E+00  0.00000000E+00  0.00000000E+00  0.00000000E+00  0.00000000E+00  1.10208513E-01  0.00000000E+00  0.00000000E+00 -9.50586031E-02
    0.287000      1   0.00000000E+00  0.00000000E+00  2.46410102E-03  0.00000000E+00  0.00000000E+00  0.00000000E+00  0.00000000E+00  0.00000000E+00  1.10113325E-01  0.00000000E+00  0.00000000E+00 -9.51877300E-02
    0.288000      1   0.00000000E+00  0.00000000E+00  2.52635085E-03  0.00000000E+00  0.00000000E+00  0.00000000E+00  0.00000000E+00  0.00000000E+00  1.10017996E-01  0.00000000E+00  0.00000000E+00 -9.53295743E-02
    0.289000      1   0.00000000E+00  0.00000000E+00  2.51833288E-03  0.00000000E+00  0.00000000E+00  0.00000000E+00  0.00000000E+00  0.00000000E+00  1.09922521E-01  0.00000000E+00  0.00000000E+00 -9.54749983E-02
    0.290000      1   0.00000000E+00  0.00000000E+00  2.47177269E-03  0.00000000E+00  0.00000000E+00  0.00000000E+00  0.00000000E+00  0.00000000E+00  1.09826919E-01  0.00000000E+00  0.00000000E+00 -9.56013964E-02
    0.291000      1   0.00000000E+00  0.00000000E+00  2.53475122E-03  0.00000000E+00  0.00000000E+00  0.00000000E+00  0.00000000E+00  0.00000000E+00  1.09731181E-01  0.00000000E+00  0.00000000E+00 -9.57386614E-02
    0.292000      1   0.00000000E+00  0.00000000E+00  2.51019276E-03  0.00000000E+00  0.00000000E+00  0.00000000E+00  0.00000000E+00  0.00000000E+00  1.09635300E-01  0.00000000E+00  0.00000000E+00 -9.58800804E-02
    0.293000      1   0.00000000E+00  0.00000000E+00  2.47992376E-03  0.00000000E+00  0.00000000E+00  0.00000000E+00  0.00000000E+00  0.00000000E+00  1.09539295E-01  0.00000000E+00  0.00000000E+00 -9.60051592E-02
    0.294000      1   0.00000000E+00  0.00000000E+00  2.54067909E-03  0.00000000E+00  0.00000000E+00  0.00000000E+00  0.00000000E+00  0.00000000E+00  1.09443152E-01  0.00000000E+00  0.00000000E+00 -9.61436561E-02
    0.295000      1   0.00000000E+00  0.00000000E+00  2.51314707E-03  0.00000000E+00  0.00000000E+00  0.00000000E+00  0.00000000E+00  0.00000000E+00  1.09346870E-01  0.00000000E+00  0.00000000E+00 -9.62813499E-02
    0.296000      1   0.00000000E+00  0.00000000E+00  2.49309670E-03  0.00000000E+00  0.00000000E+00  0.00000000E+00  0.00000000E+00  0.00000000E+00  1.09250466E-01  0.00000000E+00  0.00000000E+00 -9.64039595E-02
    0.297000      1   0.00000000E+00  0.00000000E+00  2.54489684E-03  0.00000000E+00  0.00000000E+00  0.00000000E+00  0.00000000E+00  0.00000000E+00  1.09153927E-01  0.00000000E+00  0.00000000E+00 -9.65391567E-02
    0.298000      1   0.00000000E+00  0.00000000E+00  2.49958973E-03  0.00000000E+00  0.00000000E+00  0.00000000E+00  0.00000000E+00  0.00000000E+00  1.09057255E-01  0.00000000E+00  0.00000000E+00 -9.66717784E-02
    0.299000      1   0.00000000E+00  0.00000000E+00  2.49655449E-03  0.00000000E+00  0.00000000E+00  0.00000000E+00  0.00000000E+00  0.00000000E+00  1.08960460E-01  0.00000000E+00  0.00000000E+00 -9.67954003E-02
    0.300000      1   0.00000000E+00  0.00000000E+00  2.54942141E-03  0.00000000E+00  0.00000000E+00  0.00000000E+00  0.00000000E+00  0.00000000E+00  1.08863526E-01  0.00000000E+00  0.00000000E+00 -9.69344384E-02
    0.301000      1   0.00000000E+00  0.00000000E+00  2.50633294E-03  0.00000000E+00  0.00000000E+00  0.00000000E+00  0.00000000E+00  0.00000000E+00  1.08766460E-01  0.00000000E+00  0.00000000E+00 -9.70651245E-02
    0.302000      1   0.00000000E+00  0.00000000E+00  2.51543228E-03  0.00000000E+00  0.00000000E+00  0.00000000E+00  0.00000000E+00  0.00000000E+00  1.08669274E-01  0.00000000E+00  0.00000000E+00 -9.71860679E-02
    0.303000      1   0.00000000E+00  0.00000000E+00  2.54149258E-03  0.00000000E+00  0.00000000E+00  0.00000000E+00  0.00000000E+00  0.00000000E+00  1.08571955E-01  0.00000000E+00  0.00000000E+00 -9.73195532E-02
    0.304000      1   0.00000000E+00  0.00000000E+00  2.50538685E-03  0.00000000E+00  0.00000000E+00  0.00000000E+00  0.00000000E+00  0.00000000E+00  1.08474509E-01  0.00000000E+00  0.00000000E+00 -9.74454416E-02
    0.305000      1   0.00000000E+00  0.00000000E+00  2.52327903E-03  0.00000000E+00  0.00000000E+00  0.00000000E+00  0.00000000E+00  0.00000000E+00  1.08376940E-01  0.00000000E+00  0.00000000E+00 -9.75691563E-02
    0.306000      1   0.00000000E+00  0.00000000E+00  2.54678258E-03  0.00000000E+00  0.00000000E+00  0.00000000E+00  0.00000000E+00  0.00000000E+00  1.08279239E-01  0.00000000E+00  0.00000000E+00 -9.77015646E-02
    0.307000      1   0.00000000E+00  0.00000000E+00  2.50102775E-03  0.00000000E+00  0.00000000E+00  0.00000000E+00  0.00000000E+00  0.00000000E+00  1.08181415E-01  0.00000000E+00  0.00000000E+00 -9.78239406E-02
    0.308000      1   0.00000000E+00  0.00000000E+00  2.55201334E-03  0.00000000E+00  0.00000000E+00  0.00000000E+00  0.00000000E+00  0.00000000E+00  1.08083468E-01  0.00000000E+00  0.00000000E+00 -9.79466888E-02
    0.309000      1   0.00000000E+00  0.00000000E+00  2.54009999E-03  0.00000000E+00  0.00000000E+00  0.00000000E+00  0.00000000E+00  0.00000000E+00  1.07985393E-01  0.00000000E+00  0.00000000E+00 -9.80754474E-02
    0.310000      1   0.00000000E+00  0.00000000E+00  2.49870632E-03  0.00000000E+00  0.00000000E+00  0.00000000E+00  0.00000000E+00  0.00000000E+00  1.07887203E-01  0.00000000E+00  0.00000000E+00 -9.81895683E-02
    0.311000      1   0.00000000E+00  0.00000000E+00  2.56369055E-03  0.00000000E+00  0.00000000E+00  0.00000000E+00  0.00000000E+00  0.00000000E+00  1.07788888E-01  0.00000000E+00  0.00000000E+00 -9.83149218E-02
    0.312000      1   0.00000000E+00  0.00000000E+00  2.53944837E-03  0.00000000E+00  0.00000000E+00  0.00000000E+00  0.00000000E+00  0.00000000E+00  1.07690446E-01  0.00000000E+00  0.00000000E+00 -9.84423778E-02
    0.313000      1   0.00000000E+00  0.00000000E+00  2.51427612E-03  0.00000000E+00  0.00000000E+00  0.00000000E+00  0.00000000E+00  0.00000000E+00  1.07591893E-01  0.00000000E+00  0.00000000E+00 -9.85527790E-02
    0.314000      1   0.00000000E+00  0.00000000E+00  2.56873128E-03  0.00000000E+00  0.00000000E+00  0.00000000E+00  0.00000000E+00  0.00000000E+00  1.07493217E-01  0.00000000E+00  0.00000000E+00 -9.86755930E-02
    0.315000      1   0.00000000E+00  0.00000000E+00  2.52716405E-03  0.00000000E+00  0.00000000E+00  0.00000000E+00  0.00000000E+00  0.00000000E+00  1.07394420E-01  0.00000000E+00  0.00000000E+00 -9.87970443E-02
    0.316000      1   0.00000000E+00  0.00000000E+00  2.51559568E-03  0.00000000E+00  0.00000000E+00  0.00000000E+00  0.00000000E+00  0.00000000E+00  1.07295512E-01  0.00000000E+00  0.00000000E+00 -9.89079624E-02
    0.317000      1   0.00000000E+00  0.00000000E+00  2.56804287E-03  0.00000000E+00  0.00000000E+00  0.00000000E+00  0.00000000E+00  0.00000000E+00  1.07196478E-01  0.00000000E+00  0.00000000E+00 -9.90345775E-02
    0.318000      1   0.00000000E+00  0.00000000E+00  2.52837043E-03  0.00000000E+00  0.00000000E+00  0.00000000E+00  0.00000000E+00  0.00000000E+00  1.07097322E-01  0.00000000E+00  0.00000000E+00 -9.91557171E-02
    0.319000      1   0.00000000E+00  0.00000000E+00  2.53760567E-03  0.00000000E+00  0.00000000E+00  0.00000000E+00  0.00000000E+00  0.00000000E+00  1.06998055E-01  0.00000000E+00  0.00000000E+00 -9.92666479E-02
    0.320000      1   0.00000000E+00  0.00000000E+00  2.56781823E-03  0.00000000E+00  0.00000000E+00  0.00000000E+00  0.00000000E+00  0.00000000E+00  1.06898666E-01  0.00000000E+00  0.00000000E+00 -9.93889746E-02
    0.321000      1   0.00000000E+00  0.00000000E+00  2.52298055E-03  0.00000000E+00  0.00000000E+00  0.00000000E+00  0.00000000E+00  0.00000000E+00  1.06799164E-01  0.00000000E+00  0.00000000E+00 -9.95029255E-02
    0.322000      1   0.00000000E+00  0.00000000E+00  2.55733045E-03  0.00000000E+00  0.00000000E+00  0.00000000E+00  0.00000000E+00  0.00000000E+00  1.06699549E-01  0.00000000E+00  0.00000000E+00 -9.96148833E-02
    0.323000      1   0.00000000E+00  0.00000000E+00  2.55681896E-03  0.00000000E+00  0.00000000E+00  0.00000000E+00  0.00000000E+00  0.00000000E+00  1.06599813E-01  0.00000000E+00  0.00000000E+00 -9.97354919E-02
    0.324000      1   0.00000000E+00  0.00000000E+00  2.51720260E-03  0.00000000E+00  0.00000000E+00  0.00000000E+00  0.00000000E+00  0.00000000E+00  1.06499968E-01  0.00000000E+00  0.00000000E+00 -9.98449101E-02
    0.325000      1   0.00000000E+00  0.00000000E+00  2.58464059E-03  0.00000000E+00  0.00000000E+00  0.00000000E+00  0.00000000E+00  0.00000000E+00  1.06400007E-01  0.00000000E+00  0.00000000E+00 -9.99615019E-02
    0.326000      1   0.00000000E+00  0.00000000E+00  2.55640914E-03  0.00000000E+00  0.00000000E+00  0.00000000E+00  0.00000000E+00  0.00000000E+00  1.06299928E-01  0.00000000E+00  0.00000000E+00 -1.00079179E-01
    0.327000      1   0.00000000E+00  0.00000000E+00  2.52353462E-03  0.00000000E+00  0.00000000E+00  0.00000000E+00  0.00000000E+00  0.00000000E+00  1.06199748E-01  0.00000000E+00  0.00000000E+00 -1.00179700E-01
    0.328000      1   0.00000000E+00  0.00000000E+00  2.58451109E-03  0.00000000E+00  0.00000000E+00  0.00000000E+00  0.00000000E+00  0.00000000E+00  1.06099453E-01  0.00000000E+00  0.00000000E+00 -1.00295307E-01
    0.329000      1   0.00000000E+00  0.00000000E+00  2.54002893E-03  0.00000000E+00  0.00000000E+00  0.00000000E+00  0.00000000E+00  0.00000000E+00  1.05999042E-01  0.00000000E+00  0.00000000E+00 -1.00410927E-01
    0.330000      1   0.00000000E+00  0.00000000E+00  2.54981377E-03  0.00000000E+00  0.00000000E+00  0.00000000E+00  0.00000000E+00  0.00000000E+00  1.05898527E-01  0.00000000E+00  0.00000000E+00 -1.00514388E-01
    0.331000      1   0.00000000E+00  0.00000000E+00  2.58472031E-03  0.00000000E+00  0.00000000E+00  0.00000000E+00  0.00000000E+00  0.00000000E+00  1.05797897E-01  0.00000000E+00  0.00000000E+00 -1.00630727E-01
    0.332000      1   0.00000000E+00  0.00000000E+00  2.54054513E-03  0.00000000E+00  0.00000000E+00  0.00000000E+00  0.00000000E+00  0.00000000E+00  1.05697159E-01  0.00000000E+00  0.00000000E+00 -1.00737679E-01
    0.333000      1   0.00000000E+00  0.00000000E+00  2.56076285E-03  0.00000000E+00  0.00000000E+00  0.00000000E+00  0.00000000E+00  0.00000000E+00  1.05596318E-01  0.00000000E+00  0.00000000E+00 -1.00840980E-01
    0.334000      1   0.00000000E+00  0.00000000E+00  2.57245289E-03  0.00000000E+00  0.00000000E+00  0.00000000E+00  0.00000000E+00  0.00000000E+00  1.05495363E-01  0.00000000E+00  0.00000000E+00 -1.00955213E-01
    0.335000      1   0.00000000E+00  0.00000000E+00  2.53168067E-03  0.00000000E+00  0.00000000E+00  0.00000000E+00  0.00000000E+00  0.00000000E+00  1.05394302E-01  0.00000000E+00  0.00000000E+00 -1.01060740E-01
    0.336000      1   0.00000000E+00  0.00000000E+00  2.59562296E-03  0.00000000E+00  0.00000000E+00  0.00000000E+00  0.00000000E+00  0.00000000E+00  1.05293132E-01  0.00000000E+00  0.00000000E+00 -1.01169637E-01
    0.337000      1   0.00000000E+00  0.00000000E+00  2.57457051E-03  0.00000000E+00  0.00000000E+00  0.00000000E+00  0.00000000E+00  0.00000000E+00  1.05191852E-01  0.00000000E+00  0.00000000E+00 -1.01280617E-01
    0.338000      1   0.00000000E+00  0.00000000E+00  2.53730424E-03  0.00000000E+00  0.00000000E+00  0.00000000E+00  0.00000000E+00  0.00000000E+00  1.05090477E-01  0.00000000E+00  0.00000000E+00 -1.01374320E-01
    0.339000      1   0.00000000E+00  0.00000000E+00  2.59509059E-03  0.00000000E+00  0.00000000E+00  0.00000000E+00  0.00000000E+00  0.00000000E+00  1.04988996E-01  0.00000000E+00  0.00000000E+00 -1.01481527E-01
    0.340000      1   0.00000000E+00  0.00000000E+00  2.55154266E-03  0.00000000E+00  0.00000000E+00  0.00000000E+00  0.00000000E+00  0.00000000E+00  1.04887405E-01  0.00000000E+00  0.00000000E+00 -1.01590754E-01
    0.341000      1   0.00000000E+00  0.00000000E+00  2.56140193E-03  0.00000000E+00  0.00000000E+00  0.00000000E+00  0.00000000E+00  0.00000000E+00  1.04785716E-01  0.00000000E+00  0.00000000E+00 -1.01688704E-01
    0.342000      1   0.00000000E+00  0.00000000E+00  2.59396540E-03  0.00000000E+00  0.00000000E+00  0.00000000E+00  0.00000000E+00  0.00000000E+00  1.04683917E-01  0.00000000E+00  0.00000000E+00 -1.01799213E-01
    0.343000      1   0.00000000E+00  0.00000000E+00  2.55281287E-03  0.00000000E+00  0.00000000E+00  0.00000000E+00  0.00000000E+00  0.00000000E+00  1.04582016E-01  0.00000000E+00  0.00000000E+00 -1.01900725E-01
    0.344000      1   0.00000000E+00  0.00000000E+00  2.57777253E-03  0.00000000E+00  0.00000000E+00  0.00000000E+00  0.00000000E+00  0.00000000E+00  1.04480018E-01  0.00000000E+00  0.00000000E+00 -1.01998820E-01
    0.345000      1   0.00000000E+00  0.00000000E+00  2.58339778E-03  0.00000000E+00  0.00000000E+00  0.00000000E+00  0.00000000E+00  0.00000000E+00  1.04377912E-01  0.00000000E+00  0.00000000E+00 -1.02106016E-01
    0.346000      1   0.00000000E+00  0.00000000E+00  2.54697344E-03  0.00000000E+00  0.00000000E+00  0.00000000E+00  0.00000000E+00  0.00000000E+00  1.04275708E-01  0.00000000E+00  0.00000000E+00 -1.02204021E-01
    0.347000      1   0.00000000E+00  0.00000000E+00  2.61189243E-03  0.00000000E+00  0.00000000E+00  0.00000000E+00  0.00000000E+00  0.00000000E+00  1.04173401E-01  0.00000000E+00  0.00000000E+00 -1.02306619E-01
    0.348000      1   0.00000000E+00  0.00000000E+00  2.57612370E-03  0.00000000E+00  0.00000000E+00  0.00000000E+00  0.00000000E+00  0.00000000E+00  1.04070991E-01  0.00000000E+00  0.00000000E+00 -1.02409699E-01
    0.349000      1   0.00000000E+00  0.00000000E+00  2.55020570E-03  0.00000000E+00  0.00000000E+00  0.00000000E+00  0.00000000E+00  0.00000000E+00  1.03968493E-01  0.00000000E+00  0.00000000E+00 -1.02497785E-01
    0.350000      1   0.00000000E+00  0.00000000E+00  2.60952142E-03  0.00000000E+00  0.00000000E+00  0.00000000E+00  0.00000000E+00  0.00000000E+00  1.03865891E-01  0.00000000E+00  0.00000000E+00 -1.02602200E-01
    0.351000      1   0.00000000E+00  0.00000000E+00  2.56676117E-03  0.00000000E+00  0.00000000E+00  0.00000000E+00  0.00000000E+00  0.00000000E+00  1.03763187E-01  0.00000000E+00  0.00000000E+00 -1.02704638E-01
    0.352000      1   0.00000000E+00  0.00000000E+00  2.57991761E-03  0.00000000E+00  0.00000000E+00  0.00000000E+00  0.00000000E+00  0.00000000E+00  1.03660391E-01  0.00000000E+00  0.00000000E+00 -1.02795158E-01
    0.353000      1   0.00000000E+00  0.00000000E+00  2.59596324E-03  0.00000000E+00  0.00000000E+00  0.00000000E+00  0.00000000E+00  0.00000000E+00  1.03557494E-01  0.00000000E+00  0.00000000E+00 -1.02897394E-01
    0.354000      1   0.00000000E+00  0.00000000E+00  2.55252180E-03  0.00000000E+00  0.00000000E+00  0.00000000E+00  0.00000000E+00  0.00000000E+00  1.03454502E-01  0.00000000E+00  0.00000000E+00 -1.02992472E-01
    0.355000      1   0.00000000E+00  0.00000000E+00  2.61298597E-03  0.00000000E+00  0.00000000E+00  0.00000000E+00  0.00000000E+00  0.00000000E+00  1.03351412E-01  0.00000000E+00  0.00000000E+00 -1.03089963E-01
    0.356000      1   0.00000000E+00  0.00000000E+00  2.59375628E-03  0.00000000E+00  0.00000000E+00  0.00000000E+00  0.00000000E+00  0.00000000E+00  1.03248221E-01  0.00000000E+00  0.00000000E+00 -1.03191028E-01
    0.357000      1   0.00000000E+00  0.00000000E+00  2.56121434E-03  0.00000000E+00  0.00000000E+00  0.00000000E+00  0.00000000E+00  0.00000000E+00  1.03144945E-01  0.00000000E+00  0.00000000E+00 -1.03275636E-01
    0.358000      1   0.00000000E+00  0.00000000E+00  2.61627823E-03  0.00000000E+00  0.00000000E+00  0.00000000E+00  0.00000000E+00  0.00000000E+00  1.03041573E-01  0.00000000E+00  0.00000000E+00 -1.03372314E-01
    0.359000      1   0.00000000E+00  0.00000000E+00  2.56686960E-03  0.00000000E+00  0.00000000E+00  0.00000000E+00  0.00000000E+00  0.00000000E+00  1.02938103E-01  0.00000000E+00  0.00000000E+00 -1.03469942E-01
    0.360000      1   0.00000000E+00  0.00000000E+00  2.57660768E-03  0.00000000E+00  0.00000000E+00  0.00000000E+00  0.00000000E+00  0.00000000E+00  1.02834544E-01  0.00000000E+00  0.00000000E+00 -1.03558223E-01
    0.361000      1   0.00000000E+00  0.00000000E+00  2.61757314E-03  0.00000000E+00  0.00000000E+00  0.00000000E+00  0.00000000E+00  0.00000000E+00  1.02730883E-01  0.00000000E+00  0.00000000E+00 -1.03661009E-01
    0.362000      1   0.00000000E+00  0.00000000E+00  2.56865812E-03  0.00000000E+00  0.00000000E+00  0.00000000E+00  0.00000000E+00  0.00000000E+00  1.02627130E-01  0.00000000E+00  0.00000000E+00 -1.03753352E-01
    0.363000      1   0.00000000E+00  0.00000000E+00  2.61810119E-03  0.00000000E+00  0.00000000E+00  0.00000000E+00  0.00000000E+00  0.00000000E+00  1.02523289E-01  0.00000000E+00  0.00000000E+00 -1.03840892E-01
    0.364000      1   0.00000000E+00  0.00000000E+00  2.59578812E-03  0.00000000E+00  0.00000000E+00  0.00000000E+00  0.00000000E+00  0.00000000E+00  1.02419353E-01  0.00000000E+00  0.00000000E+00 -1.03935753E-01
    0.365000      1   0.00000000E+00  0.00000000E+00  2.56009464E-03  0.00000000E+00  0.00000000E+00  0.00000000E+00  0.00000000E+00  0.00000000E+00  1.02315335E-01  0.00000000E+00  0.00000000E+00 -1.04018322E-01
    0.366000      1   0.00000000E+00  0.00000000E+00  2.62805129E-03  0.00000000E+00  0.00000000E+00  0.00000000E+00  0.00000000E+00  0.00000000E+00  1.02211221E-01  0.00000000E+00  0.00000000E+00 -1.04114531E-01
    0.367000      1   0.00000000E+00  0.00000000E+00  2.58308967E-03  0.00000000E+00  0.00000000E+00  0.00000000E+00  0.00000000E+00  0.00000000E+00  1.02107010E-01  0.00000000E+00  0.00000000E+00 -1.04210445E-01
    0.368000      1   0.00000000E+00  0.00000000E+00  2.59073076E-03  0.00000000E+00  0.00000000E+00  0.00000000E+00  0.00000000E+00  0.00000000E+00  1.02002718E-01  0.00000000E+00  0.00000000E+00 -1.04291991E-01
    0.369000      1   0.00000000E+00  0.00000000E+00  2.62235324E-03  0.00000000E+00  0.00000000E+00  0.00000000E+00  0.00000000E+00  0.00000000E+00  1.01898331E-01  0.00000000E+00  0.00000000E+00 -1.04386953E-01
    0.370000      1   0.00000000E+00  0.00000000E+00  2.57447428E-03  0.00000000E+00  0.00000000E+00  0.00000000E+00  0.00000000E+00  0.00000000E+00  1.01793857E-01  0.00000000E+00  0.00000000E+00 -1.04473813E-01
    0.371000      1   0.00000000E+00  0.00000000E+00  2.62342146E-03  0.00000000E+00  0.00000000E+00  0.00000000E+00  0.00000000E+00  0.00000000E+00  1.01689299E-01  0.00000000E+00  0.00000000E+00 -1.04558754E-01
    0.372000      1   0.00000000E+00  0.00000000E+00  2.60492284E-03  0.00000000E+00  0.00000000E+00  0.00000000E+00  0.00000000E+00  0.00000000E+00  1.01584648E-01  0.00000000E+00  0.00000000E+00 -1.04650764E-01
    0.373000      1   0.00000000E+00  0.00000000E+00  2.57803518E-03  0.00000000E+00  0.00000000E+00  0.00000000E+00  0.00000000E+00  0.00000000E+00  1.01479918E-01  0.00000000E+00  0.00000000E+00 -1.04729970E-01
    0.374000      1   0.00000000E+00  0.00000000E+00  2.63359814E-03  0.00000000E+00  0.00000000E+00  0.00000000E+00  0.00000000E+00  0.00000000E+00  1.01375098E-01  0.00000000E+00  0.00000000E+00 -1.04820007E-01
    0.375000      1   0.00000000E+00  0.00000000E+00  2.58433760E-03  0.00000000E+00  0.00000000E+00  0.00000000E+00  0.00000000E+00  0.00000000E+00  1.01270189E-01  0.00000000E+00  0.00000000E+00 -1.04909047E-01
    0.376000      1   0.00000000E+00  0.00000000E+00  2.58976644E-03  0.00000000E+00  0.00000000E+00  0.00000000E+00  0.00000000E+00  0.00000000E+00  1.01165200E-01  0.00000000E+00  0.00000000E+00 -1.04988552E-01
    0.377000      1   0.00000000E+00  0.00000000E+00  2.63025544E-03  0.00000000E+00  0.00000000E+00  0.00000000E+00  0.00000000E+00  0.00000000E+00  1.01060117E-01  0.00000000E+00  0.00000000E+00 -1.05083274E-01
    0.378000      1   0.00000000E+00  0.00000000E+00  2.57945219E-03  0.00000000E+00  0.00000000E+00  0.00000000E+00  0.00000000E+00  0.00000000E+00  1.00954948E-01  0.00000000E+00  0.00000000E+00 -1.05169053E-01
    0.379000      1   0.00000000E+00  0.00000000E+00  2.64061895E-03  0.00000000E+00  0.00000000E+00  0.00000000E+00  0.00000000E+00  0.00000000E+00  1.00849697E-01  0.00000000E+00  0.00000000E+00 -1.05250519E-01
    0.380000      1   0.00000000E+00  0.00000000E+00  2.61083165E-03  0.00000000E+00  0.00000000E+00  0.00000000E+00  0.00000000E+00  0.00000000E+00  1.00744360E-01  0.00000000E+00  0.00000000E+00 -1.05337853E-01
    0.381000      1   0.00000000E+00  0.00000000E+00  2.57807471E-03  0.00000000E+00  0.00000000E+00  0.00000000E+00  0.00000000E+00  0.00000000E+00  1.00638949E-01  0.00000000E+00  0.00000000E+00 -1.05410366E-01
    0.382000      1   0.00000000E+00  0.00000000E+00  2.64431275E-03  0.00000000E+00  0.00000000E+00  0.00000000E+00  0.00000000E+00  0.00000000E+00  1.00533451E-01  0.00000000E+00  0.00000000E+00 -1.05498455E-01
    0.383000      1   0.00000000E+00  0.00000000E+00  2.59886027E-03  0.00000000E+00  0.00000000E+00  0.00000000E+00  0.00000000E+00  0.00000000E+00  1.00427865E-01  0.00000000E+00  0.00000000E+00 -1.05585588E-01
    0.384000      1   0.00000000E+00  0.00000000E+00  2.61083517E-03  0.00000000E+00  0.00000000E+00  0.00000000E+00  0.00000000E+00  0.00000000E+00  1.00322206E-01  0.00000000E+00  0.00000000E+00 -1.05659006E-01
    0.385000      1   0.00000000E+00  0.00000000E+00  2.61588498E-03  0.00000000E+00  0.00000000E+00  0.00000000E+00  0.00000000E+00  0.00000000E+00  1.00216461E-01  0.00000000E+00  0.00000000E+00 -1.05745232E-01
    0.386000      1   0.00000000E+00  0.00000000E+00  2.58498677E-03  0.00000000E+00  0.00000000E+00  0.00000000E+00  0.00000000E+00  0.00000000E+00  1.00110634E-01  0.00000000E+00  0.00000000E+00 -1.05826634E-01
    0.387000      1   0.00000000E+00  0.00000000E+00  2.65389312E-03  0.00000000E+00  0.00000000E+00  0.00000000E+00  0.00000000E+00  0.00000000E+00  1.00004723E-01  0.00000000E+00  0.00000000E+00 -1.05911840E-01
    0.388000      1   0.00000000E+00  0.00000000E+00  2.61520883E-03  0.00000000E+00  0.00000000E+00  0.00000000E+00  0.00000000E+00  0.00000000E+00  9.98987275E-02  0.00000000E+00  0.00000000E+00 -1.05995009E-01
    0.389000      1   0.00000000E+00  0.00000000E+00  2.59723533E-03  0.00000000E+00  0.00000000E+00  0.00000000E+00  0.00000000E+00  0.00000000E+00  9.97926651E-02  0.00000000E+00  0.00000000E+00 -1.06062389E-01
    0.390000      1   0.00000000E+00  0.00000000E+00  2.64073081E-03  0.00000000E+00  0.00000000E+00  0.00000000E+00  0.00000000E+00  0.00000000E+00  9.96865194E-02  0.00000000E+00  0.00000000E+00 -1.06145652E-01
    0.391000      1   0.00000000E+00  0.00000000E+00  2.59810495E-03  0.00000000E+00  0.00000000E+00  0.00000000E+00  0.00000000E+00  0.00000000E+00  9.95802923E-02  0.00000000E+00  0.00000000E+00 -1.06227126E-01
    0.392000      1   0.00000000E+00  0.00000000E+00  2.62959819E-03  0.00000000E+00  0.00000000E+00  0.00000000E+00  0.00000000E+00  0.00000000E+00  9.94739905E-02  0.00000000E+00  0.00000000E+00 -1.06301853E-01
    0.393000      1   0.00000000E+00  0.00000000E+00  2.63173325E-03  0.00000000E+00  0.00000000E+00  0.00000000E+00  0.00000000E+00  0.00000000E+00  9.93676055E-02  0.00000000E+00  0.00000000E+00 -1.06385010E-01
    0.394000      1   0.00000000E+00  0.00000000E+00  2.59340636E-03  0.00000000E+00  0.00000000E+00  0.00000000E+00  0.00000000E+00  0.00000000E+00  9.92611480E-02  0.00000000E+00  0.00000000E+00 -1.06457447E-01
    0.395000      1   0.00000000E+00  0.00000000E+00  2.65319726E-03  0.00000000E+00  0.00000000E+00  0.00000000E+00  0.00000000E+00  0.00000000E+00  9.91546121E-02  0.00000000E+00  0.00000000E+00 -1.06535960E-01
    0.396000      1   0.00000000E+00  0.00000000E+00  2.60380137E-03  0.00000000E+00  0.00000000E+00  0.00000000E+00  0.00000000E+00  0.00000000E+00  9.90479956E-02  0.00000000E+00  0.00000000E+00 -1.06616487E-01
    0.397000      1   0.00000000E+00  0.00000000E+00  2.60699618E-03  0.00000000E+00  0.00000000E+00  0.00000000E+00  0.00000000E+00  0.00000000E+00  9.89413095E-02  0.00000000E+00  0.00000000E+00 -1.06686112E-01
    0.398000      1   0.00000000E+00  0.00000000E+00  2.64687566E-03  0.00000000E+00  0.00000000E+00  0.00000000E+00  0.00000000E+00  0.00000000E+00  9.88345381E-02  0.00000000E+00  0.00000000E+00 -1.06771395E-01
    0.399000      1   0.00000000E+00  0.00000000E+00  2.59589293E-03  0.00000000E+00  0.00000000E+00  0.00000000E+00  0.00000000E+00  0.00000000E+00  9.87276895E-02  0.00000000E+00  0.00000000E+00 -1.06848577E-01
    0.400000      1   0.00000000E+00  0.00000000E+00  2.66171007E-03  0.00000000E+00  0.00000000E+00  0.00000000E+00  0.00000000E+00  0.00000000E+00  9.86207678E-02  0.00000000E+00  0.00000000E+00 -1.06921677E-01
    0.401000      1   0.00000000E+00  0.00000000E+00  2.62879986E-03  0.00000000E+00  0.00000000E+00  0.00000000E+00  0.00000000E+00  0.00000000E+00  9.85137679E-02  0.00000000E+00  0.00000000E+00 -1.06999882E-01
    0.402000      1   0.00000000E+00  0.00000000E+00  2.60331631E-03  0.00000000E+00  0.00000000E+00  0.00000000E+00  0.00000000E+00  0.00000000E+00  9.84067056E-02  0.00000000E+00  0.00000000E+00 -1.07062292E-01
    0.403000      1   0.00000000E+00  0.00000000E+00  2.65452185E-03  0.00000000E+00  0.00000000E+00  0.00000000E+00  0.00000000E+00  0.00000000E+00  9.82995656E-02  0.00000000E+00  0.00000000E+00 -1.07140016E-01
    0.404000      1   0.00000000E+00  0.00000000E+00  2.60757390E-03  0.00000000E+00  0.00000000E+00  0.00000000E+00  0.00000000E+00  0.00000000E+00  9.81923486E-02  0.00000000E+00  0.00000000E+00 -1.07217054E-01
    0.405000      1   0.00000000E+00  0.00000000E+00  2.64920891E-03  0.00000000E+00  0.00000000E+00  0.00000000E+00  0.00000000E+00  0.00000000E+00  9.80850630E-02  0.00000000E+00  0.00000000E+00 -1.07285577E-01
    0.406000      1   0.00000000E+00  0.00000000E+00  2.63798640E-03  0.00000000E+00  0.00000000E+00  0.00000000E+00  0.00000000E+00  0.00000000E+00  9.79777008E-02  0.00000000E+00  0.00000000E+00 -1.07362156E-01
    0.407000      1   0.00000000E+00  0.00000000E+00  2.60243708E-03  0.00000000E+00  0.00000000E+00  0.00000000E+00  0.00000000E+00  0.00000000E+00  9.78702738E-02  0.00000000E+00  0.00000000E+00 -1.07427047E-01
    0.408000      1   0.00000000E+00  0.00000000E+00  2.66235744E-03  0.00000000E+00  0.00000000E+00  0.00000000E+00  0.00000000E+00  0.00000000E+00  9.77627719E-02  0.00000000E+00  0.00000000E+00 -1.07501909E-01
    0.409000      1   0.00000000E+00  0.00000000E+00  2.61957165E-03  0.00000000E+00  0.00000000E+00  0.00000000E+00  0.00000000E+00  0.00000000E+00  9.76551940E-02  0.00000000E+00  0.00000000E+00 -1.07577850E-01
    0.410000      1   0.00000000E+00  0.00000000E+00  2.62883357E-03  0.00000000E+00  0.00000000E+00  0.00000000E+00  0.00000000E+00  0.00000000E+00  9.75475523E-02  0.00000000E+00  0.00000000E+00 -1.07641679E-01
    0.411000      1   0.00000000E+00  0.00000000E+00  2.64228051E-03  0.00000000E+00  0.00000000E+00  0.00000000E+00  0.00000000E+00  0.00000000E+00  9.74398344E-02  0.00000000E+00  0.00000000E+00 -1.07717921E-01
    0.412000      1   0.00000000E+00  0.00000000E+00  2.60606348E-03  0.00000000E+00  0.00000000E+00  0.00000000E+00  0.00000000E+00  0.00000000E+00  9.73320457E-02  0.00000000E+00  0.00000000E+00 -1.07788744E-01
    0.413000      1   0.00000000E+00  0.00000000E+00  2.67273533E-03  0.00000000E+00  0.00000000E+00  0.00000000E+00  0.00000000E+00  0.00000000E+00  9.72241841E-02  0.00000000E+00  0.00000000E+00 -1.07861555E-01
    0.414000      1   0.00000000E+00  0.00000000E+00  2.63427175E-03  0.00000000E+00  0.00000000E+00  0.00000000E+00  0.00000000E+00  0.00000000E+00  9.71162497E-02  0.00000000E+00  0.00000000E+00 -1.07934469E-01
    0.415000      1   0.00000000E+00  0.00000000E+00  2.62384154E-03  0.00000000E+00  0.00000000E+00  0.00000000E+00  0.00000000E+00  0.00000000E+00  9.70082574E-02  0.00000000E+00  0.00000000E+00 -1.07992290E-01
    0.416000      1   0.00000000E+00  0.00000000E+00  2.66033692E-03  0.00000000E+00  0.00000000E+00  0.00000000E+00  0.00000000E+00  0.00000000E+00  9.69001928E-02  0.00000000E+00  0.00000000E+00 -1.08064588E-01
    0.417000      1   0.00000000E+00  0.00000000E+00  2.61031225E-03  0.00000000E+00  0.00000000E+00  0.00000000E+00  0.00000000E+00  0.00000000E+00  9.67920589E-02  0.00000000E+00  0.00000000E+00 -1.08133856E-01
    0.418000      1   0.00000000E+00  0.00000000E+00  2.66801267E-03  0.00000000E+00  0.00000000E+00  0.00000000E+00  0.00000000E+00  0.00000000E+00  9.66838589E-02  0.00000000E+00  0.00000000E+00 -1.08199986E-01
    0.419000      1   0.00000000E+00  0.00000000E+00  2.64592449E-03  0.00000000E+00  0.00000000E+00  0.00000000E+00  0.00000000E+00  0.00000000E+00  9.65755866E-02  0.00000000E+00  0.00000000E+00 -1.08272341E-01
    0.420000      1   0.00000000E+00  0.00000000E+00  2.62032294E-03  0.00000000E+00  0.00000000E+00  0.00000000E+00  0.00000000E+00  0.00000000E+00  9.64672569E-02  0.00000000E+00  0.00000000E+00 -1.08329652E-01
    0.421000      1   0.00000000E+00  0.00000000E+00  2.66466899E-03  0.00000000E+00  0.00000000E+00  0.00000000E+00  0.00000000E+00  0.00000000E+00  9.63588582E-02  0.00000000E+00  0.00000000E+00 -1.08398744E-01
    0.422000      1   0.00000000E+00  0.00000000E+00  2.62130207E-03  0.00000000E+00  0.00000000E+00  0.00000000E+00  0.00000000E+00  0.00000000E+00  9.62503898E-02  0.00000000E+00  0.00000000E+00 -1.08468403E-01
    0.423000      1   0.00000000E+00  0.00000000E+00  2.65253435E-03  0.00000000E+00  0.00000000E+00  0.00000000E+00  0.00000000E+00  0.00000000E+00  9.61418586E-02  0.00000000E+00  0.00000000E+00 -1.08531166E-01
    0.424000      1   0.00000000E+00  0.00000000E+00  2.65459066E-03  0.00000000E+00  0.00000000E+00  0.00000000E+00  0.00000000E+00  0.00000000E+00  9.60332560E-02  0.00000000E+00  0.00000000E+00 -1.08602649E-01
    0.425000      1   0.00000000E+00  0.00000000E+00  2.62368912E-03  0.00000000E+00  0.00000000E+00  0.00000000E+00  0.00000000E+00  0.00000000E+00  9.59245925E-02  0.00000000E+00  0.00000000E+00 -1.08663511E-01
    0.426000      1   0.00000000E+00  0.00000000E+00  2.67907048E-03  0.00000000E+00  0.00000000E+00  0.00000000E+00  0.00000000E+00  0.00000000E+00  9.58158633E-02  0.00000000E+00  0.00000000E+00 -1.08729162E-01
    0.427000      1   0.00000000E+00  0.00000000E+00  2.62962669E-03  0.00000000E+00  0.00000000E+00  0.00000000E+00  0.00000000E+00  0.00000000E+00  9.57070681E-02  0.00000000E+00  0.00000000E+00 -1.08795168E-01
    0.428000      1   0.00000000E+00  0.00000000E+00  2.63348481E-03  0.00000000E+00  0.00000000E+00  0.00000000E+00  0.00000000E+00  0.00000000E+00  9.55982164E-02  0.00000000E+00  0.00000000E+00 -1.08851730E-01
    0.429000      1   0.00000000E+00  0.00000000E+00  2.65798823E-03  0.00000000E+00  0.00000000E+00  0.00000000E+00  0.00000000E+00  0.00000000E+00  9.54892926E-02  0.00000000E+00  0.00000000E+00 -1.08923847E-01
    0.430000      1   0.00000000E+00  0.00000000E+00  2.62340784E-03  0.00000000E+00  0.00000000E+00  0.00000000E+00  0.00000000E+00  0.00000000E+00  9.53803022E-02  0.00000000E+00  0.00000000E+00 -1.08990364E-01
    0.431000      1   0.00000000E+00  0.00000000E+00  2.69202593E-03  0.00000000E+00  0.00000000E+00  0.00000000E+00  0.00000000E+00  0.00000000E+00  9.52712472E-02  0.00000000E+00  0.00000000E+00 -1.09054950E-01
    0.432000      1   0.00000000E+00  0.00000000E+00  2.63194894E-03  0.00000000E+00  0.00000000E+00  0.00000000E+00  0.00000000E+00  0.00000000E+00  9.51621285E-02  0.00000000E+00  0.00000000E+00 -1.09118757E-01
    0.433000      1   0.00000000E+00  0.00000000E+00  2.62767876E-03  0.00000000E+00  0.00000000E+00  0.00000000E+00  0.00000000E+00  0.00000000E+00  9.50529578E-02  0.00000000E+00  0.00000000E+00 -1.09170653E-01
    0.434000      1   0.00000000E+00  0.00000000E+00  2.66968876E-03  0.00000000E+00  0.00000000E+00  0.00000000E+00  0.00000000E+00  0.00000000E+00  9.49437148E-02  0.00000000E+00  0.00000000E+00 -1.09243035E-01
    0.435000      1   0.00000000E+00  0.00000000E+00  2.62532891E-03  0.00000000E+00  0.00000000E+00  0.00000000E+00  0.00000000E+00  0.00000000E+00  9.48344054E-02  0.00000000E+00  0.00000000E+00 -1.09309390E-01
    0.436000      1   0.00000000E+00  0.00000000E+00  2.69480927E-03  0.00000000E+00  0.00000000E+00  0.00000000E+00  0.00000000E+00  0.00000000E+00  9.47250356E-02  0.00000000E+00  0.00000000E+00 -1.09369792E-01
    0.437000      1   0.00000000E+00  0.00000000E+00  2.64877751E-03  0.00000000E+00  0.00000000E+00  0.00000000E+00  0.00000000E+00  0.00000000E+00  9.46156031E-02  0.00000000E+00  0.00000000E+00 -1.09432477E-01
    0.438000      1   0.00000000E+00  0.00000000E+00  2.63192131E-03  0.00000000E+00  0.00000000E+00  0.00000000E+00  0.00000000E+00  0.00000000E+00  9.45061227E-02  0.00000000E+00  0.00000000E+00 -1.09480483E-01
    0.439000      1   0.00000000E+00  0.00000000E+00  2.67480774E-03  0.00000000E+00  0.00000000E+00  0.00000000E+00  0.00000000E+00  0.00000000E+00  9.43965761E-02  0.00000000E+00  0.00000000E+00 -1.09546588E-01
    0.440000      1   0.00000000E+00  0.00000000E+00  2.62361837E-03  0.00000000E+00  0.00000000E+00  0.00000000E+00  0.00000000E+00  0.00000000E+00  9.42869654E-02  0.00000000E+00  0.00000000E+00 -1.09610644E-01
    0.441000      1   0.00000000E+00  0.00000000E+00  2.69385913E-03  0.00000000E+00  0.00000000E+00  0.00000000E+00  0.00000000E+00  0.00000000E+00  9.41772958E-02  0.00000000E+00  0.00000000E+00 -1.09669668E-01
    0.442000      1   0.00000000E+00  0.00000000E+00  2.65624375E-03  0.00000000E+00  0.00000000E+00  0.00000000E+00  0.00000000E+00  0.00000000E+00  9.40675627E-02  0.00000000E+00  0.00000000E+00 -1.09733082E-01
    0.443000      1   0.00000000E+00  0.00000000E+00  2.63082154E-03  0.00000000E+00  0.00000000E+00  0.00000000E+00  0.00000000E+00  0.00000000E+00  9.39577826E-02  0.00000000E+00  0.00000000E+00 -1.09780080E-01
    0.444000      1   0.00000000E+00  0.00000000E+00  2.67933786E-03  0.00000000E+00  0.00000000E+00  0.00000000E+00  0.00000000E+00  0.00000000E+00  9.38479387E-02  0.00000000E+00  0.00000000E+00 -1.09843927E-01
    0.445000      1   0.00000000E+00  0.00000000E+00  2.63410422E-03  0.00000000E+00  0.00000000E+00  0.00000000E+00  0.00000000E+00  0.00000000E+00  9.37380311E-02  0.00000000E+00  0.00000000E+00 -1.09907544E-01
    0.446000      1   0.00000000E+00  0.00000000E+00  2.69333709E-03  0.00000000E+00  0.00000000E+00  0.00000000E+00  0.00000000E+00  0.00000000E+00  9.36280679E-02  0.00000000E+00  0.00000000E+00 -1.09963226E-01
    0.447000      1   0.00000000E+00  0.00000000E+00  2.65765461E-03  0.00000000E+00  0.00000000E+00  0.00000000E+00  0.00000000E+00  0.00000000E+00  9.35180446E-02  0.00000000E+00  0.00000000E+00 -1.10023288E-01
    0.448000      1   0.00000000E+00  0.00000000E+00  2.63215116E-03  0.00000000E+00  0.00000000E+00  0.00000000E+00  0.00000000E+00  0.00000000E+00  9.34079744E-02  0.00000000E+00  0.00000000E+00 -1.10070208E-01
    0.449000      1   0.00000000E+00  0.00000000E+00  2.68612412E-03  0.00000000E+00  0.00000000E+00  0.00000000E+00  0.00000000E+00  0.00000000E+00  9.32978410E-02  0.00000000E+00  0.00000000E+00 -1.10133357E-01
    0.450000      1   0.00000000E+00  0.00000000E+00  2.63929864E-03  0.00000000E+00  0.00000000E+00  0.00000000E+00  0.00000000E+00  0.00000000E+00  9.31876457E-02  0.00000000E+00  0.00000000E+00 -1.10195336E-01
    0.451000      1   0.00000000E+00  0.00000000E+00  2.69200935E-03  0.00000000E+00  0.00000000E+00  0.00000000E+00  0.00000000E+00  0.00000000E+00  9.30773978E-02  0.00000000E+00  0.00000000E+00 -1.10247871E-01
    0.452000      1   0.00000000E+00  0.00000000E+00  2.66516161E-03  0.00000000E+00  0.00000000E+00  0.00000000E+00  0.00000000E+00  0.00000000E+00  9.29670914E-02  0.00000000E+00  0.00000000E+00 -1.10306463E-01
    0.453000      1   0.00000000E+00  0.00000000E+00  2.62990014E-03  0.00000000E+00  0.00000000E+00  0.00000000E+00  0.00000000E+00  0.00000000E+00  9.28567389E-02  0.00000000E+00  0.00000000E+00 -1.10352491E-01
    0.454000      1   0.00000000E+00  0.00000000E+00  2.69139045E-03  0.00000000E+00  0.00000000E+00  0.00000000E+00  0.00000000E+00  0.00000000E+00  9.27463253E-02  0.00000000E+00  0.00000000E+00 -1.10413572E-01
    0.455000      1   0.00000000E+00  0.00000000E+00  2.64751281E-03  0.00000000E+00  0.00000000E+00  0.00000000E+00  0.00000000E+00  0.00000000E+00  9.26358500E-02  0.00000000E+00  0.00000000E+00 -1.10475360E-01
    0.456000      1   0.00000000E+00  0.00000000E+00  2.69028747E-03  0.00000000E+00  0.00000000E+00  0.00000000E+00  0.00000000E+00  0.00000000E+00  9.25253252E-02  0.00000000E+00  0.00000000E+00 -1.10524713E-01
    0.457000      1   0.00000000E+00  0.00000000E+00  2.66625435E-03  0.00000000E+00  0.00000000E+00  0.00000000E+00  0.00000000E+00  0.00000000E+00  9.24147443E-02  0.00000000E+00  0.00000000E+00 -1.10580911E-01
    0.458000      1   0.00000000E+00  0.00000000E+00  2.63119542E-03  0.00000000E+00  0.00000000E+00  0.00000000E+00  0.00000000E+00  0.00000000E+00  9.23041170E-02  0.00000000E+00  0.00000000E+00 -1.10627312E-01
    0.459000      1   0.00000000E+00  0.00000000E+00  2.69330969E-03  0.00000000E+00  0.00000000E+00  0.00000000E+00  0.00000000E+00  0.00000000E+00  9.21934292E-02  0.00000000E+00  0.00000000E+00 -1.10687805E-01
    0.460000      1   0.00000000E+00  0.00000000E+00  2.65106108E-03  0.00000000E+00  0.00000000E+00  0.00000000E+00  0.00000000E+00  0.00000000E+00  9.20826804E-02  0.00000000E+00  0.00000000E+00 -1.10748828E-01
    0.461000      1   0.00000000E+00  0.00000000E+00  2.69119215E-03  0.00000000E+00  0.00000000E+00  0.00000000E+00  0.00000000E+00  0.00000000E+00  9.19718835E-02  0.00000000E+00  0.00000000E+00 -1.10796923E-01
    0.462000      1   0.00000000E+00  0.00000000E+00  2.67099716E-03  0.00000000E+00  0.00000000E+00  0.00000000E+00  0.00000000E+00  0.00000000E+00  9.18610317E-02  0.00000000E+00  0.00000000E+00 -1.10851796E-01
    0.463000      1   0.00000000E+00  0.00000000E+00  2.63698821E-03  0.00000000E+00  0.00000000E+00  0.00000000E+00  0.00000000E+00  0.00000000E+00  9.17501346E-02  0.00000000E+00  0.00000000E+00 -1.10897061E-01
    0.464000      1   0.00000000E+00  0.00000000E+00  2.69373315E-03  0.00000000E+00  0.00000000E+00  0.00000000E+00  0.00000000E+00  0.00000000E+00  9.16391796E-02  0.00000000E+00  0.00000000E+00 -1.10954972E-01
    0.465000      1   0.00000000E+00  0.00000000E+00  2.65316944E-03  0.00000000E+00  0.00000000E+00  0.00000000E+00  0.00000000E+00  0.00000000E+00  9.15281656E-02  0.00000000E+00  0.00000000E+00 -1.11014018E-01
    0.466000      1   0.00000000E+00  0.00000000E+00  2.69307037E-03  0.00000000E+00  0.00000000E+00  0.00000000E+00  0.00000000E+00  0.00000000E+00  9.14171040E-02  0.00000000E+00  0.00000000E+00 -1.11061600E-01
    0.467000      1   0.00000000E+00  0.00000000E+00  2.67558966E-03  0.00000000E+00  0.00000000E+00  0.00000000E+00  0.00000000E+00  0.00000000E+00  9.13059886E-02  0.00000000E+00  0.00000000E+00 -1.11115449E-01
    0.468000      1   0.00000000E+00  0.00000000E+00  2.63997062E-03  0.00000000E+00  0.00000000E+00  0.00000000E+00  0.00000000E+00  0.00000000E+00  9.11948293E-02  0.00000000E+00  0.00000000E+00 -1.11159285E-01
    0.469000      1   0.00000000E+00  0.00000000E+00  2.69703651E-03  0.00000000E+00  0.00000000E+00  0.00000000E+00  0.00000000E+00  0.00000000E+00  9.10836141E-02  0.00000000E+00  0.00000000E+00 -1.11215161E-01
    0.470000      1   0.00000000E+00  0.00000000E+00  2.65617471E-03  0.00000000E+00  0.00000000E+00  0.00000000E+00  0.00000000E+00  0.00000000E+00  9.09723415E-02  0.00000000E+00  0.00000000E+00 -1.11272642E-01
    0.471000      1   0.00000000E+00  0.00000000E+00  2.69570071E-03  0.00000000E+00  0.00000000E+00  0.00000000E+00  0.00000000E+00  0.00000000E+00  9.08610229E-02  0.00000000E+00  0.00000000E+00 -1.11318609E-01
    0.472000      1   0.00000000E+00  0.00000000E+00  2.67735635E-03  0.00000000E+00  0.00000000E+00  0.00000000E+00  0.00000000E+00  0.00000000E+00  9.07496519E-02  0.00000000E+00  0.00000000E+00 -1.11371006E-01
    0.473000      1   0.00000000E+00  0.00000000E+00  2.64054081E-03  0.00000000E+00  0.00000000E+00  0.00000000E+00  0.00000000E+00  0.00000000E+00  9.06382382E-02  0.00000000E+00  0.00000000E+00 -1.11413665E-01
    0.474000      1   0.00000000E+00  0.00000000E+00  2.70184221E-03  0.00000000E+00  0.00000000E+00  0.00000000E+00  0.00000000E+00  0.00000000E+00  9.05267693E-02  0.00000000E+00  0.00000000E+00 -1.11468860E-01
    0.475000      1   0.00000000E+00  0.00000000E+00  2.65898511E-03  0.00000000E+00  0.00000000E+00  0.00000000E+00  0.00000000E+00  0.00000000E+00  9.04152440E-02  0.00000000E+00  0.00000000E+00 -1.11525305E-01
    0.476000      1   0.00000000E+00  0.00000000E+00  2.70109851E-03  0.00000000E+00  0.00000000E+00  0.00000000E+00  0.00000000E+00  0.00000000E+00  9.03036748E-02  0.00000000E+00  0.00000000E+00 -1.11569196E-01
    0.477000      1   0.00000000E+00  0.00000000E+00  2.67970150E-03  0.00000000E+00  0.00000000E+00  0.00000000E+00  0.00000000E+00  0.00000000E+00  9.01920551E-02  0.00000000E+00  0.00000000E+00 -1.11619715E-01
    0.478000      1   0.00000000E+00  0.00000000E+00  2.64384584E-03  0.00000000E+00  0.00000000E+00  0.00000000E+00  0.00000000E+00  0.00000000E+00  9.00803949E-02  0.00000000E+00  0.00000000E+00 -1.11660187E-01
    0.479000      1   0.00000000E+00  0.00000000E+00  2.70590994E-03  0.00000000E+00  0.00000000E+00  0.00000000E+00  0.00000000E+00  0.00000000E+00  8.99686809E-02  0.00000000E+00  0.00000000E+00 -1.11714027E-01
    0.480000      1   0.00000000E+00  0.00000000E+00  2.66179066E-03  0.00000000E+00  0.00000000E+00  0.00000000E+00  0.00000000E+00  0.00000000E+00  8.98569122E-02  0.00000000E+00  0.00000000E+00 -1.11768667E-01
    0.481000      1   0.00000000E+00  0.00000000E+00  2.70555386E-03  0.00000000E+00  0.00000000E+00  0.00000000E+00  0.00000000E+00  0.00000000E+00  8.97451015E-02  0.00000000E+00  0.00000000E+00 -1.11810726E-01
    0.482000      1   0.00000000E+00  0.00000000E+00  2.67715921E-03  0.00000000E+00  0.00000000E+00  0.00000000E+00  0.00000000E+00  0.00000000E+00  8.96332420E-02  0.00000000E+00  0.00000000E+00 -1.11859536E-01
    0.483000      1   0.00000000E+00  0.00000000E+00  2.64840840E-03  0.00000000E+00  0.00000000E+00  0.00000000E+00  0.00000000E+00  0.00000000E+00  8.95213430E-02  0.00000000E+00  0.00000000E+00 -1.11898995E-01
    0.484000      1   0.00000000E+00  0.00000000E+00  2.70823743E-03  0.00000000E+00  0.00000000E+00  0.00000000E+00  0.00000000E+00  0.00000000E+00  8.94093901E-02  0.00000000E+00  0.00000000E+00 -1.11952863E-01
    0.485000      1   0.00000000E+00  0.00000000E+00  2.66016876E-03  0.00000000E+00  0.00000000E+00  0.00000000E+00  0.00000000E+00  0.00000000E+00  8.92973845E-02  0.00000000E+00  0.00000000E+00 -1.12005593E-01
    0.486000      1   0.00000000E+00  0.00000000E+00  2.70876980E-03  0.00000000E+00  0.00000000E+00  0.00000000E+00  0.00000000E+00  0.00000000E+00  8.91853374E-02  0.00000000E+00  0.00000000E+00 -1.12047175E-01
    0.487000      1   0.00000000E+00  0.00000000E+00  2.67776228E-03  0.00000000E+00  0.00000000E+00  0.00000000E+00  0.00000000E+00  0.00000000E+00  8.90732414E-02  0.00000000E+00  0.00000000E+00 -1.12095948E-01
    0.488000      1   0.00000000E+00  0.00000000E+00  2.65437028E-03  0.00000000E+00  0.00000000E+00  0.00000000E+00  0.00000000E+00  0.00000000E+00  8.89611072E-02  0.00000000E+00  0.00000000E+00 -1.12134244E-01
    0.489000      1   0.00000000E+00  0.00000000E+00  2.70750668E-03  0.00000000E+00  0.00000000E+00  0.00000000E+00  0.00000000E+00  0.00000000E+00  8.88489203E-02  0.00000000E+00  0.00000000E+00 -1.12186860E-01
    0.490000      1   0.00000000E+00  0.00000000E+00  2.65758166E-03  0.00000000E+00  0.00000000E+00  0.00000000E+00  0.00000000E+00  0.00000000E+00  8.87366825E-02  0.00000000E+00  0.00000000E+00 -1.12237761E-01
    0.491000      1   0.00000000E+00  0.00000000E+00  2.71673218E-03  0.00000000E+00  0.00000000E+00  0.00000000E+00  0.00000000E+00  0.00000000E+00  8.86244025E-02  0.00000000E+00  0.00000000E+00 -1.12280040E-01
    0.492000      1   0.00000000E+00  0.00000000E+00  2.68281308E-03  0.00000000E+00  0.00000000E+00  0.00000000E+00  0.00000000E+00  0.00000000E+00  8.85120742E-02  0.00000000E+00  0.00000000E+00 -1.12328255E-01
    0.493000      1   0.00000000E+00  0.00000000E+00  2.65889200E-03  0.00000000E+00  0.00000000E+00  0.00000000E+00  0.00000000E+00  0.00000000E+00  8.83997112E-02  0.00000000E+00  0.00000000E+00 -1.12363043E-01
    0.494000      1   0.00000000E+00  0.00000000E+00  2.70676449E-03  0.00000000E+00  0.00000000E+00  0.00000000E+00  0.00000000E+00  0.00000000E+00  8.82872980E-02  0.00000000E+00  0.00000000E+00 -1.12413200E-01
    0.495000      1   0.00000000E+00  0.00000000E+00  2.65333851E-03  0.00000000E+00  0.00000000E+00  0.00000000E+00  0.00000000E+00  0.00000000E+00  8.81748353E-02  0.00000000E+00  0.00000000E+00 -1.12462748E-01
    0.496000      1   0.00000000E+00  0.00000000E+00  2.72328084E-03  0.00000000E+00  0.00000000E+00  0.00000000E+00  0.00000000E+00  0.00000000E+00  8.80623292E-02  0.00000000E+00  0.00000000E+00 -1.12506021E-01
    0.497000      1   0.00000000E+00  0.00000000E+00  2.68179209E-03  0.00000000E+00  0.00000000E+00  0.00000000E+00  0.00000000E+00  0.00000000E+00  8.79497748E-02  0.00000000E+00  0.00000000E+00 -1.12554472E-01
    0.498000      1   0.00000000E+00  0.00000000E+00  2.66776668E-03  0.00000000E+00  0.00000000E+00  0.00000000E+00  0.00000000E+00  0.00000000E+00  8.78371875E-02  0.00000000E+00  0.00000000E+00 -1.12587289E-01
    0.499000      1   0.00000000E+00  0.00000000E+00  2.70146246E-03  0.00000000E+00  0.00000000E+00  0.00000000E+00  0.00000000E+00  0.00000000E+00  8.77245513E-02  0.00000000E+00  0.00000000E+00 -1.12636213E-01
    0.500000      1   0.00000000E+00  0.00000000E+00  2.65534209E-03  0.00000000E+00  0.00000000E+00  0.00000000E+00  0.00000000E+00  0.00000000E+00  8.76118675E-02  0.00000000E+00  0.00000000E+00 -1.12683783E-01
    0.501000      1   0.00000000E+00  0.00000000E+00  2.72751799E-03  0.00000000E+00  0.00000000E+00  0.00000000E+00  0.00000000E+00  0.00000000E+00  8.74991390E-02  0.00000000E+00  0.00000000E+00 -1.12728443E-01
    0.502000      1   0.00000000E+00  0.00000000E+00  2.67440574E-03  0.00000000E+00  0.00000000E+00  0.00000000E+00  0.00000000E+00  0.00000000E+00  8.73863635E-02  0.00000000E+00  0.00000000E+00 -1.12775487E-01
    0.503000      1   0.00000000E+00  0.00000000E+00  2.67161068E-03  0.00000000E+00  0.00000000E+00  0.00000000E+00  0.00000000E+00  0.00000000E+00  8.72735553E-02  0.00000000E+00  0.00000000E+00 -1.12808219E-01
    0.504000      1   0.00000000E+00  0.00000000E+00  2.70338795E-03  0.00000000E+00  0.00000000E+00  0.00000000E+00  0.00000000E+00  0.00000000E+00  8.71606964E-02  0.00000000E+00  0.00000000E+00 -1.12858888E-01
    0.505000      1   0.00000000E+00  0.00000000E+00  2.66852580E-03  0.00000000E+00  0.00000000E+00  0.00000000E+00  0.00000000E+00  0.00000000E+00  8.70477916E-02  0.00000000E+00  0.00000000E+00 -1.12904856E-01
    0.506000      1   0.00000000E+00  0.00000000E+00  2.73122999E-03  0.00000000E+00  0.00000000E+00  0.00000000E+00  0.00000000E+00  0.00000000E+00  8.69348450E-02  0.00000000E+00  0.00000000E+00 -1.12946552E-01
    0.507000      1   0.00000000E+00  0.00000000E+00  2.67685351E-03  0.00000000E+00  0.00000000E+00  0.00000000E+00  0.00000000E+00  0.00000000E+00  8.68218564E-02  0.00000000E+00  0.00000000E+00 -1.12988610E-01
    0.508000      1   0.00000000E+00  0.00000000E+00  2.67674820E-03  0.00000000E+00  0.00000000E+00  0.00000000E+00  0.00000000E+00  0.00000000E+00  8.67088367E-02  0.00000000E+00  0.00000000E+00 -1.13019690E-01
    0.509000      1   0.00000000E+00  0.00000000E+00  2.70847382E-03  0.00000000E+00  0.00000000E+00  0.00000000E+00  0.00000000E+00  0.00000000E+00  8.65957681E-02  0.00000000E+00  0.00000000E+00 -1.13068647E-01
    0.510000      1   0.00000000E+00  0.00000000E+00  2.66787866E-03  0.00000000E+00  0.00000000E+00  0.00000000E+00  0.00000000E+00  0.00000000E+00  8.64826561E-02  0.00000000E+00  0.00000000E+00 -1.13112028E-01
    0.511000      1   0.00000000E+00  0.00000000E+00  2.73200017E-03  0.00000000E+00  0.00000000E+00  0.00000000E+00  0.00000000E+00  0.00000000E+00  8.63695039E-02  0.00000000E+00  0.00000000E+00 -1.13152169E-01
    0.512000      1   0.00000000E+00  0.00000000E+00  2.68194367E-03  0.00000000E+00  0.00000000E+00  0.00000000E+00  0.00000000E+00  0.00000000E+00  8.62563096E-02  0.00000000E+00  0.00000000E+00 -1.13194302E-01
    0.513000      1   0.00000000E+00  0.00000000E+00  2.69523562E-03  0.00000000E+00  0.00000000E+00  0.00000000E+00  0.00000000E+00  0.00000000E+00  8.61430854E-02  0.00000000E+00  0.00000000E+00 -1.13224229E-01
    0.514000      1   0.00000000E+00  0.00000000E+00  2.69420177E-03  0.00000000E+00  0.00000000E+00  0.00000000E+00  0.00000000E+00  0.00000000E+00  8.60298171E-02  0.00000000E+00  0.00000000E+00 -1.13268245E-01
    0.515000      1   0.00000000E+00  0.00000000E+00  2.67298953E-03  0.00000000E+00  0.00000000E+00  0.00000000E+00  0.00000000E+00  0.00000000E+00  8.59165090E-02  0.00000000E+00  0.00000000E+00 -1.13308078E-01
    0.516000      1   0.00000000E+00  0.00000000E+00  2.72575359E-03  0.00000000E+00  0.00000000E+00  0.00000000E+00  0.00000000E+00  0.00000000E+00  8.58031570E-02  0.00000000E+00  0.00000000E+00 -1.13352002E-01
    0.517000      1   0.00000000E+00  0.00000000E+00  2.67589751E-03  0.00000000E+00  0.00000000E+00  0.00000000E+00  0.00000000E+00  0.00000000E+00  8.56897635E-02  0.00000000E+00  0.00000000E+00 -1.13393562E-01
    0.518000      1   0.00000000E+00  0.00000000E+00  2.71177383E-03  0.00000000E+00  0.00000000E+00  0.00000000E+00  0.00000000E+00  0.00000000E+00  8.55763369E-02  0.00000000E+00  0.00000000E+00 -1.13426610E-01
    0.519000      1   0.00000000E+00  0.00000000E+00  2.69581107E-03  0.00000000E+00  0.00000000E+00  0.00000000E+00  0.00000000E+00  0.00000000E+00  8.54628672E-02  0.00000000E+00  0.00000000E+00 -1.13469687E-01
    0.520000      1   0.00000000E+00  0.00000000E+00  2.67558037E-03  0.00000000E+00  0.00000000E+00  0.00000000E+00  0.00000000E+00  0.00000000E+00  8.53493634E-02  0.00000000E+00  0.00000000E+00 -1.13503804E-01
    0.521000      1   0.00000000E+00  0.00000000E+00  2.72421424E-03  0.00000000E+00  0.00000000E+00  0.00000000E+00  0.00000000E+00  0.00000000E+00  8.52358166E-02  0.00000000E+00  0.00000000E+00 -1.13546742E-01
    0.522000      1   0.00000000E+00  0.00000000E+00  2.66388939E-03  0.00000000E+00  0.00000000E+00  0.00000000E+00  0.00000000E+00  0.00000000E+00  8.51222289E-02  0.00000000E+00  0.00000000E+00 -1.13587723E-01
    0.523000      1   0.00000000E+00  0.00000000E+00  2.72453071E-03  0.00000000E+00  0.00000000E+00  0.00000000E+00  0.00000000E+00  0.00000000E+00  8.50086055E-02  0.00000000E+00  0.00000000E+00 -1.13623400E-01
    0.524000      1   0.00000000E+00  0.00000000E+00  2.69220891E-03  0.00000000E+00  0.00000000E+00  0.00000000E+00  0.00000000E+00  0.00000000E+00  8.48949373E-02  0.00000000E+00  0.00000000E+00 -1.13668164E-01
    0.525000      1   0.00000000E+00  0.00000000E+00  2.68691722E-03  0.00000000E+00  0.00000000E+00  0.00000000E+00  0.00000000E+00  0.00000000E+00  8.47812386E-02  0.00000000E+00  0.00000000E+00 -1.13698729E-01
    0.526000      1   0.00000000E+00  0.00000000E+00  2.71244774E-03  0.00000000E+00  0.00000000E+00  0.00000000E+00  0.00000000E+00  0.00000000E+00  8.46674978E-02  0.00000000E+00  0.00000000E+00 -1.13740845E-01
    0.527000      1   0.00000000E+00  0.00000000E+00  2.66889061E-03  0.00000000E+00  0.00000000E+00  0.00000000E+00  0.00000000E+00  0.00000000E+00  8.45537176E-02  0.00000000E+00  0.00000000E+00 -1.13780183E-01
    0.528000      1   0.00000000E+00  0.00000000E+00  2.73707076E-03  0.00000000E+00  0.00000000E+00  0.00000000E+00  0.00000000E+00  0.00000000E+00  8.44398987E-02  0.00000000E+00  0.00000000E+00 -1.13818840E-01
    0.529000      1   0.00000000E+00  0.00000000E+00  2.68661971E-03  0.00000000E+00  0.00000000E+00  0.00000000E+00  0.00000000E+00  0.00000000E+00  8.43260390E-02  0.00000000E+00  0.00000000E+00 -1.13859745E-01
    0.530000      1   0.00000000E+00  0.00000000E+00  2.69135333E-03  0.00000000E+00  0.00000000E+00  0.00000000E+00  0.00000000E+00  0.00000000E+00  8.42121518E-02  0.00000000E+00  0.00000000E+00 -1.13887179E-01
    0.531000      1   0.00000000E+00  0.00000000E+00  2.71148455E-03  0.00000000E+00  0.00000000E+00  0.00000000E+00  0.00000000E+00  0.00000000E+00  8.40982215E-02  0.00000000E+00  0.00000000E+00 -1.13930346E-01
    0.532000      1   0.00000000E+00  0.00000000E+00  2.67453688E-03  0.00000000E+00  0.00000000E+00  0.00000000E+00  0.00000000E+00  0.00000000E+00  8.39842531E-02  0.00000000E+00  0.00000000E+00 -1.13968398E-01
    0.533000      1   0.00000000E+00  0.00000000E+00  2.73920037E-03  0.00000000E+00  0.00000000E+00  0.00000000E+00  0.00000000E+00  0.00000000E+00  8.38702467E-02  0.00000000E+00  0.00000000E+00 -1.14006373E-01
    0.534000      1   0.00000000E+00  0.00000000E+00  2.69031811E-03  0.00000000E+00  0.00000000E+00  0.00000000E+00  0.00000000E+00  0.00000000E+00  8.37562017E-02  0.00000000E+00  0.00000000E+00 -1.14045046E-01
    0.535000      1   0.00000000E+00  0.00000000E+00  2.71300142E-03  0.00000000E+00  0.00000000E+00  0.00000000E+00  0.00000000E+00  0.00000000E+00  8.36421305E-02  0.00000000E+00  0.00000000E+00 -1.14071128E-01
    0.536000      1   0.00000000E+00  0.00000000E+00  2.70108327E-03  0.00000000E+00  0.00000000E+00  0.00000000E+00  0.00000000E+00  0.00000000E+00  8.35280213E-02  0.00000000E+00  0.00000000E+00 -1.14109252E-01
    0.537000      1   0.00000000E+00  0.00000000E+00  2.67221503E-03  0.00000000E+00  0.00000000E+00  0.00000000E+00  0.00000000E+00  0.00000000E+00  8.34138792E-02  0.00000000E+00  0.00000000E+00 -1.14142034E-01
    0.538000      1   0.00000000E+00  0.00000000E+00  2.73918650E-03  0.00000000E+00  0.00000000E+00  0.00000000E+00  0.00000000E+00  0.00000000E+00  8.32996954E-02  0.00000000E+00  0.00000000E+00 -1.14183835E-01
    0.539000      1   0.00000000E+00  0.00000000E+00  2.68207293E-03  0.00000000E+00  0.00000000E+00  0.00000000E+00  0.00000000E+00  0.00000000E+00  8.31854721E-02  0.00000000E+00  0.00000000E+00 -1.14223273E-01
    0.540000      1   0.00000000E+00  0.00000000E+00  2.73131363E-03  0.00000000E+00  0.00000000E+00  0.00000000E+00  0.00000000E+00  0.00000000E+00  8.30712213E-02  0.00000000E+00  0.00000000E+00 -1.14250818E-01
    0.541000      1   0.00000000E+00  0.00000000E+00  2.70120304E-03  0.00000000E+00  0.00000000E+00  0.00000000E+00  0.00000000E+00  0.00000000E+00  8.29569329E-02  0.00000000E+00  0.00000000E+00 -1.14288411E-01
    0.542000      1   0.00000000E+00  0.00000000E+00  2.68216365E-03  0.00000000E+00  0.00000000E+00  0.00000000E+00  0.00000000E+00  0.00000000E+00  8.28426177E-02  0.00000000E+00  0.00000000E+00 -1.14315158E-01
    0.543000      1   0.00000000E+00  0.00000000E+00  2.72499822E-03  0.00000000E+00  0.00000000E+00  0.00000000E+00  0.00000000E+00  0.00000000E+00  8.27282626E-02  0.00000000E+00  0.00000000E+00 -1.14355160E-01
    0.544000      1   0.00000000E+00  0.00000000E+00  2.67077581E-03  0.00000000E+00  0.00000000E+00  0.00000000E+00  0.00000000E+00  0.00000000E+00  8.26138687E-02  0.00000000E+00  0.00000000E+00 -1.14393841E-01
    0.545000      1   0.00000000E+00  0.00000000E+00  2.74303773E-03  0.00000000E+00  0.00000000E+00  0.00000000E+00  0.00000000E+00  0.00000000E+00  8.24994407E-02  0.00000000E+00  0.00000000E+00 -1.14428042E-01
    0.546000      1   0.00000000E+00  0.00000000E+00  2.69079018E-03  0.00000000E+00  0.00000000E+00  0.00000000E+00  0.00000000E+00  0.00000000E+00  8.23849734E-02  0.00000000E+00  0.00000000E+00 -1.14467272E-01
    0.547000      1   0.00000000E+00  0.00000000E+00  2.69150950E-03  0.00000000E+00  0.00000000E+00  0.00000000E+00  0.00000000E+00  0.00000000E+00  8.22704814E-02  0.00000000E+00  0.00000000E+00 -1.14492010E-01
    0.548000      1   0.00000000E+00  0.00000000E+00  2.72075194E-03  0.00000000E+00  0.00000000E+00  0.00000000E+00  0.00000000E+00  0.00000000E+00  8.21559476E-02  0.00000000E+00  0.00000000E+00 -1.14533780E-01
    0.549000      1   0.00000000E+00  0.00000000E+00  2.69215392E-03  0.00000000E+00  0.00000000E+00  0.00000000E+00  0.00000000E+00  0.00000000E+00  8.20413775E-02  0.00000000E+00  0.00000000E+00 -1.14570142E-01
    0.550000      1   0.00000000E+00  0.00000000E+00  2.74606313E-03  0.00000000E+00  0.00000000E+00  0.00000000E+00  0.00000000E+00  0.00000000E+00  8.19267755E-02  0.00000000E+00  0.00000000E+00 -1.14601957E-01
    0.551000      1   0.00000000E+00  0.00000000E+00  2.69597504E-03  0.00000000E+00  0.00000000E+00  0.00000000E+00  0.00000000E+00  0.00000000E+00  8.18121419E-02  0.00000000E+00  0.00000000E+00 -1.14633631E-01
    0.552000      1   0.00000000E+00  0.00000000E+00  2.70590739E-03  0.00000000E+00  0.00000000E+00  0.00000000E+00  0.00000000E+00  0.00000000E+00  8.16974855E-02  0.00000000E+00  0.00000000E+00 -1.14656459E-01
    0.553000      1   0.00000000E+00  0.00000000E+00  2.70943492E-03  0.00000000E+00  0.00000000E+00  0.00000000E+00  0.00000000E+00  0.00000000E+00  8.15827915E-02  0.00000000E+00  0.00000000E+00 -1.14693979E-01
    0.554000      1   0.00000000E+00  0.00000000E+00  2.69173876E-03  0.00000000E+00  0.00000000E+00  0.00000000E+00  0.00000000E+00  0.00000000E+00  8.14680639E-02  0.00000000E+00  0.00000000E+00 -1.14727614E-01
    0.555000      1   0.00000000E+00  0.00000000E+00  2.74274531E-03  0.00000000E+00  0.00000000E+00  0.00000000E+00  0.00000000E+00  0.00000000E+00  8.13533006E-02  0.00000000E+00  0.00000000E+00 -1.14763220E-01
    0.556000      1   0.00000000E+00  0.00000000E+00  2.68243295E-03  0.00000000E+00  0.00000000E+00  0.00000000E+00  0.00000000E+00  0.00000000E+00  8.12385050E-02  0.00000000E+00  0.00000000E+00 -1.14795617E-01
    0.557000      1   0.00000000E+00  0.00000000E+00  2.73183745E-03  0.00000000E+00  0.00000000E+00  0.00000000E+00  0.00000000E+00  0.00000000E+00  8.11236831E-02  0.00000000E+00  0.00000000E+00 -1.14821929E-01
    0.558000      1   0.00000000E+00  0.00000000E+00  2.70332404E-03  0.00000000E+00  0.00000000E+00  0.00000000E+00  0.00000000E+00  0.00000000E+00  8.10088238E-02  0.00000000E+00  0.00000000E+00 -1.14859311E-01
    0.559000      1   0.00000000E+00  0.00000000E+00  2.69606902E-03  0.00000000E+00  0.00000000E+00  0.00000000E+00  0.00000000E+00  0.00000000E+00  8.08939383E-02  0.00000000E+00  0.00000000E+00 -1.14885511E-01
    0.560000      1   0.00000000E+00  0.00000000E+00  2.72639308E-03  0.00000000E+00  0.00000000E+00  0.00000000E+00  0.00000000E+00  0.00000000E+00  8.07790159E-02  0.00000000E+00  0.00000000E+00 -1.14922358E-01
    0.561000      1   0.00000000E+00  0.00000000E+00  2.68275945E-03  0.00000000E+00  0.00000000E+00  0.00000000E+00  0.00000000E+00  0.00000000E+00  8.06640597E-02  0.00000000E+00  0.00000000E+00 -1.14956225E-01
    0.562000      1   0.00000000E+00  0.00000000E+00  2.74866142E-03  0.00000000E+00  0.00000000E+00  0.00000000E+00  0.00000000E+00  0.00000000E+00  8.05490718E-02  0.00000000E+00  0.00000000E+00 -1.14987849E-01
    0.563000      1   0.00000000E+00  0.00000000E+00  2.69953706E-03  0.00000000E+00  0.00000000E+00  0.00000000E+00  0.00000000E+00  0.00000000E+00  8.04340497E-02  0.00000000E+00  0.00000000E+00 -1.15022149E-01
    0.564000      1   0.00000000E+00  0.00000000E+00  2.70570792E-03  0.00000000E+00  0.00000000E+00  0.00000000E+00  0.00000000E+00  0.00000000E+00  8.03190062E-02  0.00000000E+00  0.00000000E+00 -1.15043493E-01
    0.565000      1   0.00000000E+00  0.00000000E+00  2.72247025E-03  0.00000000E+00  0.00000000E+00  0.00000000E+00  0.00000000E+00  0.00000000E+00  8.02039263E-02  0.00000000E+00  0.00000000E+00 -1.15079879E-01
    0.566000      1   0.00000000E+00  0.00000000E+00  2.68585941E-03  0.00000000E+00  0.00000000E+00  0.00000000E+00  0.00000000E+00  0.00000000E+00  8.00888150E-02  0.00000000E+00  0.00000000E+00 -1.15111275E-01
    0.567000      1   0.00000000E+00  0.00000000E+00  2.74477429E-03  0.00000000E+00  0.00000000E+00  0.00000000E+00  0.00000000E+00  0.00000000E+00  7.99736714E-02  0.00000000E+00  0.00000000E+00 -1.15143639E-01
    0.568000      1   0.00000000E+00  0.00000000E+00  2.69500591E-03  0.00000000E+00  0.00000000E+00  0.00000000E+00  0.00000000E+00  0.00000000E+00  7.98584938E-02  0.00000000E+00  0.00000000E+00 -1.15177608E-01
    0.569000      1   0.00000000E+00  0.00000000E+00  2.73761663E-03  0.00000000E+00  0.00000000E+00  0.00000000E+00  0.00000000E+00  0.00000000E+00  7.97432928E-02  0.00000000E+00  0.00000000E+00 -1.15201030E-01
    0.570000      1   0.00000000E+00  0.00000000E+00  2.70869685E-03  0.00000000E+00  0.00000000E+00  0.00000000E+00  0.00000000E+00  0.00000000E+00  7.96280595E-02  0.00000000E+00  0.00000000E+00 -1.15233262E-01
    0.571000      1   0.00000000E+00  0.00000000E+00  2.69001069E-03  0.00000000E+00  0.00000000E+00  0.00000000E+00  0.00000000E+00  0.00000000E+00  7.95128029E-02  0.00000000E+00  0.00000000E+00 -1.15256613E-01
    0.572000      1   0.00000000E+00  0.00000000E+00  2.74066515E-03  0.00000000E+00  0.00000000E+00  0.00000000E+00  0.00000000E+00  0.00000000E+00  7.93975101E-02  0.00000000E+00  0.00000000E+00 -1.15292767E-01
    0.573000      1   0.00000000E+00  0.00000000E+00  2.68117108E-03  0.00000000E+00  0.00000000E+00  0.00000000E+00  0.00000000E+00  0.00000000E+00  7.92821840E-02  0.00000000E+00  0.00000000E+00 -1.15326100E-01
    0.574000      1   0.00000000E+00  0.00000000E+00  2.75199961E-03  0.00000000E+00  0.00000000E+00  0.00000000E+00  0.00000000E+00  0.00000000E+00  7.91668307E-02  0.00000000E+00  0.00000000E+00 -1.15353318E-01
    0.575000      1   0.00000000E+00  0.00000000E+00  2.70029681E-03  0.00000000E+00  0.00000000E+00  0.00000000E+00  0.00000000E+00  0.00000000E+00  7.90514432E-02  0.00000000E+00  0.00000000E+00 -1.15387549E-01
    0.576000      1   0.00000000E+00  0.00000000E+00  2.70015284E-03  0.00000000E+00  0.00000000E+00  0.00000000E+00  0.00000000E+00  0.00000000E+00  7.89360355E-02  0.00000000E+00  0.00000000E+00 -1.15407663E-01
    0.577000      1   0.00000000E+00  0.00000000E+00  2.73356359E-03  0.00000000E+00  0.00000000E+00  0.00000000E+00  0.00000000E+00  0.00000000E+00  7.88205907E-02  0.00000000E+00  0.00000000E+00 -1.15444782E-01
    0.578000      1   0.00000000E+00  0.00000000E+00  2.69636648E-03  0.00000000E+00  0.00000000E+00  0.00000000E+00  0.00000000E+00  0.00000000E+00  7.87051147E-02  0.00000000E+00  0.00000000E+00 -1.15476039E-01
    0.579000      1   0.00000000E+00  0.00000000E+00  2.75867373E-03  0.00000000E+00  0.00000000E+00  0.00000000E+00  0.00000000E+00  0.00000000E+00  7.85896118E-02  0.00000000E+00  0.00000000E+00 -1.15502902E-01
    0.580000      1   0.00000000E+00  0.00000000E+00  2.69734578E-03  0.00000000E+00  0.00000000E+00  0.00000000E+00  0.00000000E+00  0.00000000E+00  7.84740808E-02  0.00000000E+00  0.00000000E+00 -1.15530963E-01
    0.581000      1   0.00000000E+00  0.00000000E+00  2.72596210E-03  0.00000000E+00  0.00000000E+00  0.00000000E+00  0.00000000E+00  0.00000000E+00  7.83585314E-02  0.00000000E+00  0.00000000E+00 -1.15549407E-01
    0.582000      1   0.00000000E+00  0.00000000E+00  2.71826531E-03  0.00000000E+00  0.00000000E+00  0.00000000E+00  0.00000000E+00  0.00000000E+00  7.82429485E-02  0.00000000E+00  0.00000000E+00 -1.15582931E-01
    0.583000      1   0.00000000E+00  0.00000000E+00  2.70050274E-03  0.00000000E+00  0.00000000E+00  0.00000000E+00  0.00000000E+00  0.00000000E+00  7.81273401E-02  0.00000000E+00  0.00000000E+00 -1.15608418E-01
    0.584000      1   0.00000000E+00  0.00000000E+00  2.74779241E-03  0.00000000E+00  0.00000000E+00  0.00000000E+00  0.00000000E+00  0.00000000E+00  7.80117005E-02  0.00000000E+00  0.00000000E+00 -1.15639573E-01
    0.585000      1   0.00000000E+00  0.00000000E+00  2.68227121E-03  0.00000000E+00  0.00000000E+00  0.00000000E+00  0.00000000E+00  0.00000000E+00  7.78960323E-02  0.00000000E+00  0.00000000E+00 -1.15668200E-01
    0.586000      1   0.00000000E+00  0.00000000E+00  2.74851527E-03  0.00000000E+00  0.00000000E+00  0.00000000E+00  0.00000000E+00  0.00000000E+00  7.77803394E-02  0.00000000E+00  0.00000000E+00 -1.15692883E-01
    0.587000      1   0.00000000E+00  0.00000000E+00  2.70182384E-03  0.00000000E+00  0.00000000E+00  0.00000000E+00  0.00000000E+00  0.00000000E+00  7.76646120E-02  0.00000000E+00  0.00000000E+00 -1.15727369E-01
    0.588000      1   0.00000000E+00  0.00000000E+00  2.71267405E-03  0.00000000E+00  0.00000000E+00  0.00000000E+00  0.00000000E+00  0.00000000E+00  7.75488637E-02  0.00000000E+00  0.00000000E+00 -1.15748357E-01
    0.589000      1   0.00000000E+00  0.00000000E+00  2.72669776E-03  0.00000000E+00  0.00000000E+00  0.00000000E+00  0.00000000E+00  0.00000000E+00  7.74330809E-02  0.00000000E+00  0.00000000E+00 -1.15782760E-01
    0.590000      1   0.00000000E+00  0.00000000E+00  2.69596749E-03  0.00000000E+00  0.00000000E+00  0.00000000E+00  0.00000000E+00  0.00000000E+00  7.73172698E-02  0.00000000E+00  0.00000000E+00 -1.15811120E-01
    0.591000      1   0.00000000E+00  0.00000000E+00  2.76178229E-03  0.00000000E+00  0.00000000E+00  0.00000000E+00  0.00000000E+00  0.00000000E+00  7.72014295E-02  0.00000000E+00  0.00000000E+00 -1.15840308E-01
    0.592000      1   0.00000000E+00  0.00000000E+00  2.70146070E-03  0.00000000E+00  0.00000000E+00  0.00000000E+00  0.00000000E+00  0.00000000E+00  7.70855615E-02  0.00000000E+00  0.00000000E+00 -1.15867950E-01
    0.593000      1   0.00000000E+00  0.00000000E+00  2.73719645E-03  0.00000000E+00  0.00000000E+00  0.00000000E+00  0.00000000E+00  0.00000000E+00  7.69696769E-02  0.00000000E+00  0.00000000E+00 -1.15884645E-01
    0.594000      1   0.00000000E+00  0.00000000E+00  2.71752500E-03  0.00000000E+00  0.00000000E+00  0.00000000E+00  0.00000000E+00  0.00000000E+00  7.68537621E-02  0.00000000E+00  0.00000000E+00 -1.15914831E-01
    0.595000      1   0.00000000E+00  0.00000000E+00  2.69429580E-03  0.00000000E+00  0.00000000E+00  0.00000000E+00  0.00000000E+00  0.00000000E+00  7.67378253E-02  0.00000000E+00  0.00000000E+00 -1.15936760E-01
    0.596000      1   0.00000000E+00  0.00000000E+00  2.75426231E-03  0.00000000E+00  0.00000000E+00  0.00000000E+00  0.00000000E+00  0.00000000E+00  7.66218560E-02  0.00000000E+00  0.00000000E+00 -1.15969256E-01
    0.597000      1   0.00000000E+00  0.00000000E+00  2.68753280E-03  0.00000000E+00  0.00000000E+00  0.00000000E+00  0.00000000E+00  0.00000000E+00  7.65058573E-02  0.00000000E+00  0.00000000E+00 -1.15998777E-01
    0.598000      1   0.00000000E+00  0.00000000E+00  2.75468719E-03  0.00000000E+00  0.00000000E+00  0.00000000E+00  0.00000000E+00  0.00000000E+00  7.63898369E-02  0.00000000E+00  0.00000000E+00 -1.16020405E-01
    0.599000      1   0.00000000E+00  0.00000000E+00  2.70445535E-03  0.00000000E+00  0.00000000E+00  0.00000000E+00  0.00000000E+00  0.00000000E+00  7.62737848E-02  0.00000000E+00  0.00000000E+00 -1.16052072E-01
    0.600000      1   0.00000000E+00  0.00000000E+00  2.70829783E-03  0.00000000E+00  0.00000000E+00  0.00000000E+00  0.00000000E+00  0.00000000E+00  7.61577142E-02  0.00000000E+00  0.00000000E+00 -1.16070567E-01
    0.601000      1   0.00000000E+00  0.00000000E+00  2.74056527E-03  0.00000000E+00  0.00000000E+00  0.00000000E+00  0.00000000E+00  0.00000000E+00  7.60416093E-02  0.00000000E+00  0.00000000E+00 -1.16104880E-01
    0.602000      1   0.00000000E+00  0.00000000E+00  2.71018287E-03  0.00000000E+00  0.00000000E+00  0.00000000E+00  0.00000000E+00  0.00000000E+00  7.59254771E-02  0.00000000E+00  0.00000000E+00 -1.16132224E-01
    0.603000      1   0.00000000E+00  0.00000000E+00  2.75777434E-03  0.00000000E+00  0.00000000E+00  0.00000000E+00  0.00000000E+00  0.00000000E+00  7.58093228E-02  0.00000000E+00  0.00000000E+00 -1.16154345E-01
    0.604000      1   0.00000000E+00  0.00000000E+00  2.70021870E-03  0.00000000E+00  0.00000000E+00  0.00000000E+00  0.00000000E+00  0.00000000E+00  7.56931447E-02  0.00000000E+00  0.00000000E+00 -1.16178027E-01
    0.605000      1   0.00000000E+00  0.00000000E+00  2.73751107E-03  0.00000000E+00  0.00000000E+00  0.00000000E+00  0.00000000E+00  0.00000000E+00  7.55769485E-02  0.00000000E+00  0.00000000E+00 -1.16196258E-01
    0.606000      1   0.00000000E+00  0.00000000E+00  2.71997204E-03  0.00000000E+00  0.00000000E+00  0.00000000E+00  0.00000000E+00  0.00000000E+00  7.54607217E-02  0.00000000E+00  0.00000000E+00 -1.16226796E-01
    0.607000      1   0.00000000E+00  0.00000000E+00  2.70967278E-03  0.00000000E+00  0.00000000E+00  0.00000000E+00  0.00000000E+00  0.00000000E+00  7.53444735E-02  0.00000000E+00  0.00000000E+00 -1.16248188E-01
    0.608000      1   0.00000000E+00  0.00000000E+00  2.74587531E-03  0.00000000E+00  0.00000000E+00  0.00000000E+00  0.00000000E+00  0.00000000E+00  7.52281963E-02  0.00000000E+00  0.00000000E+00 -1.16277162E-01
    0.609000      1   0.00000000E+00  0.00000000E+00  2.68821799E-03  0.00000000E+00  0.00000000E+00  0.00000000E+00  0.00000000E+00  0.00000000E+00  7.51118932E-02  0.00000000E+00  0.00000000E+00 -1.16303116E-01
    0.610000      1   0.00000000E+00  0.00000000E+00  2.76078024E-03  0.00000000E+00  0.00000000E+00  0.00000000E+00  0.00000000E+00  0.00000000E+00  7.49955658E-02  0.00000000E+00  0.00000000E+00 -1.16327377E-01
    0.611000      1   0.00000000E+00  0.00000000E+00  2.71385412E-03  0.00000000E+00  0.00000000E+00  0.00000000E+00  0.00000000E+00  0.00000000E+00  7.48792081E-02  0.00000000E+00  0.00000000E+00 -1.16357741E-01
    0.612000      1   0.00000000E+00  0.00000000E+00  2.72298926E-03  0.00000000E+00  0.00000000E+00  0.00000000E+00  0.00000000E+00  0.00000000E+00  7.47628355E-02  0.00000000E+00  0.00000000E+00 -1.16372574E-01
    0.613000      1   0.00000000E+00  0.00000000E+00  2.73559045E-03  0.00000000E+00  0.00000000E+00  0.00000000E+00  0.00000000E+00  0.00000000E+00  7.46464343E-02  0.00000000E+00  0.00000000E+00 -1.16401202E-01
    0.614000      1   0.00000000E+00  0.00000000E+00  2.69891296E-03  0.00000000E+00  0.00000000E+00  0.00000000E+00  0.00000000E+00  0.00000000E+00  7.45300097E-02  0.00000000E+00  0.00000000E+00 -1.16424601E-01
    0.615000      1   0.00000000E+00  0.00000000E+00  2.75605368E-03  0.00000000E+00  0.00000000E+00  0.00000000E+00  0.00000000E+00  0.00000000E+00  7.44135594E-02  0.00000000E+00  0.00000000E+00 -1.16450348E-01
    0.616000      1   0.00000000E+00  0.00000000E+00  2.70403269E-03  0.00000000E+00  0.00000000E+00  0.00000000E+00  0.00000000E+00  0.00000000E+00  7.42970813E-02  0.00000000E+00  0.00000000E+00 -1.16478036E-01
    0.617000      1   0.00000000E+00  0.00000000E+00  2.75354464E-03  0.00000000E+00  0.00000000E+00  0.00000000E+00  0.00000000E+00  0.00000000E+00  7.41805852E-02  0.00000000E+00  0.00000000E+00 -1.16496157E-01
    0.618000      1   0.00000000E+00  0.00000000E+00  2.72081665E-03  0.00000000E+00  0.00000000E+00  0.00000000E+00  0.00000000E+00  0.00000000E+00  7.40640626E-02  0.00000000E+00  0.00000000E+00 -1.16522608E-01
    0.619000      1   0.00000000E+00  0.00000000E+00  2.70680771E-03  0.00000000E+00  0.00000000E+00  0.00000000E+00  0.00000000E+00  0.00000000E+00  7.39475240E-02  0.00000000E+00  0.00000000E+00 -1.16538585E-01
    0.620000      1   0.00000000E+00  0.00000000E+00  2.73835449E-03  0.00000000E+00  0.00000000E+00  0.00000000E+00  0.00000000E+00  0.00000000E+00  7.38309562E-02  0.00000000E+00  0.00000000E+00 -1.16567788E-01
    0.621000      1   0.00000000E+00  0.00000000E+00  2.70635376E-03  0.00000000E+00  0.00000000E+00  0.00000000E+00  0.00000000E+00  0.00000000E+00  7.37143602E-02  0.00000000E+00  0.00000000E+00 -1.16596013E-01
    0.622000      1   0.00000000E+00  0.00000000E+00  2.76812807E-03  0.00000000E+00  0.00000000E+00  0.00000000E+00  0.00000000E+00  0.00000000E+00  7.35977407E-02  0.00000000E+00  0.00000000E+00 -1.16619537E-01
    0.623000      1   0.00000000E+00  0.00000000E+00  2.71938602E-03  0.00000000E+00  0.00000000E+00  0.00000000E+00  0.00000000E+00  0.00000000E+00  7.34810980E-02  0.00000000E+00  0.00000000E+00 -1.16642646E-01
    0.624000      1   0.00000000E+00  0.00000000E+00  2.72625062E-03  0.00000000E+00  0.00000000E+00  0.00000000E+00  0.00000000E+00  0.00000000E+00  7.33644439E-02  0.00000000E+00  0.00000000E+00 -1.16654086E-01
    0.625000      1   0.00000000E+00  0.00000000E+00  2.72891711E-03  0.00000000E+00  0.00000000E+00  0.00000000E+00  0.00000000E+00  0.00000000E+00  7.32477636E-02  0.00000000E+00  0.00000000E+00 -1.16680321E-01
    0.626000      1   0.00000000E+00  0.00000000E+00  2.71420743E-03  0.00000000E+00  0.00000000E+00  0.00000000E+00  0.00000000E+00  0.00000000E+00  7.31310598E-02  0.00000000E+00  0.00000000E+00 -1.16703830E-01
    0.627000      1   0.00000000E+00  0.00000000E+00  2.75992716E-03  0.00000000E+00  0.00000000E+00  0.00000000E+00  0.00000000E+00  0.00000000E+00  7.30143307E-02  0.00000000E+00  0.00000000E+00 -1.16729064E-01
    0.628000      1   0.00000000E+00  0.00000000E+00  2.69238988E-03  0.00000000E+00  0.00000000E+00  0.00000000E+00  0.00000000E+00  0.00000000E+00  7.28975797E-02  0.00000000E+00  0.00000000E+00 -1.16751044E-01
    0.629000      1   0.00000000E+00  0.00000000E+00  2.76059421E-03  0.00000000E+00  0.00000000E+00  0.00000000E+00  0.00000000E+00  0.00000000E+00  7.27808097E-02  0.00000000E+00  0.00000000E+00 -1.16769952E-01
    0.630000      1   0.00000000E+00  0.00000000E+00  2.71012594E-03  0.00000000E+00  0.00000000E+00  0.00000000E+00  0.00000000E+00  0.00000000E+00  7.26640107E-02  0.00000000E+00  0.00000000E+00 -1.16798979E-01
    0.631000      1   0.00000000E+00  0.00000000E+00  2.72297728E-03  0.00000000E+00  0.00000000E+00  0.00000000E+00  0.00000000E+00  0.00000000E+00  7.25471962E-02  0.00000000E+00  0.00000000E+00 -1.16814532E-01
    0.632000      1   0.00000000E+00  0.00000000E+00  2.74535884E-03  0.00000000E+00  0.00000000E+00  0.00000000E+00  0.00000000E+00  0.00000000E+00  7.24303518E-02  0.00000000E+00  0.00000000E+00 -1.16844386E-01
    0.633000      1   0.00000000E+00  0.00000000E+00  2.70801844E-03  0.00000000E+00  0.00000000E+00  0.00000000E+00  0.00000000E+00  0.00000000E+00  7.23134858E-02  0.00000000E+00  0.00000000E+00 -1.16866062E-01
    0.634000      1   0.00000000E+00  0.00000000E+00  2.76211531E-03  0.00000000E+00  0.00000000E+00  0.00000000E+00  0.00000000E+00  0.00000000E+00  7.21965988E-02  0.00000000E+00  0.00000000E+00 -1.16886991E-01
    0.635000      1   0.00000000E+00  0.00000000E+00  2.70874670E-03  0.00000000E+00  0.00000000E+00  0.00000000E+00  0.00000000E+00  0.00000000E+00  7.20796881E-02  0.00000000E+00  0.00000000E+00 -1.16910617E-01
    0.636000      1   0.00000000E+00  0.00000000E+00  2.75432518E-03  0.00000000E+00  0.00000000E+00  0.00000000E+00  0.00000000E+00  0.00000000E+00  7.19627622E-02  0.00000000E+00  0.00000000E+00 -1.16925914E-01
    0.637000      1   0.00000000E+00  0.00000000E+00  2.72902433E-03  0.00000000E+00  0.00000000E+00  0.00000000E+00  0.00000000E+00  0.00000000E+00  7.18458116E-02  0.00000000E+00  0.00000000E+00 -1.16950678E-01
    0.638000      1   0.00000000E+00  0.00000000E+00  2.71017437E-03  0.00000000E+00  0.00000000E+00  0.00000000E+00  0.00000000E+00  0.00000000E+00  7.17288466E-02  0.00000000E+00  0.00000000E+00 -1.16964947E-01
    0.639000      1   0.00000000E+00  0.00000000E+00  2.74945223E-03  0.00000000E+00  0.00000000E+00  0.00000000E+00  0.00000000E+00  0.00000000E+00  7.16118558E-02  0.00000000E+00  0.00000000E+00 -1.16990859E-01
    0.640000      1   0.00000000E+00  0.00000000E+00  2.70287684E-03  0.00000000E+00  0.00000000E+00  0.00000000E+00  0.00000000E+00  0.00000000E+00  7.14948397E-02  0.00000000E+00  0.00000000E+00 -1.17016016E-01
    0.641000      1   0.00000000E+00  0.00000000E+00  2.76905589E-03  0.00000000E+00  0.00000000E+00  0.00000000E+00  0.00000000E+00  0.00000000E+00  7.13778032E-02  0.00000000E+00  0.00000000E+00 -1.17036510E-01
    0.642000      1   0.00000000E+00  0.00000000E+00  2.72409206E-03  0.00000000E+00  0.00000000E+00  0.00000000E+00  0.00000000E+00  0.00000000E+00  7.12607426E-02  0.00000000E+00  0.00000000E+00 -1.17060597E-01
    0.643000      1   0.00000000E+00  0.00000000E+00  2.73382503E-03  0.00000000E+00  0.00000000E+00  0.00000000E+00  0.00000000E+00  0.00000000E+00  7.11436717E-02  0.00000000E+00  0.00000000E+00 -1.17070901E-01
    0.644000      1   0.00000000E+00  0.00000000E+00  2.73340347E-03  0.00000000E+00  0.00000000E+00  0.00000000E+00  0.00000000E+00  0.00000000E+00  7.10265775E-02  0.00000000E+00  0.00000000E+00 -1.17094250E-01
    0.645000      1   0.00000000E+00  0.00000000E+00  2.71789451E-03  0.00000000E+00  0.00000000E+00  0.00000000E+00  0.00000000E+00  0.00000000E+00  7.09094630E-02  0.00000000E+00  0.00000000E+00 -1.17114478E-01
    0.646000      1   0.00000000E+00  0.00000000E+00  2.76414953E-03  0.00000000E+00  0.00000000E+00  0.00000000E+00  0.00000000E+00  0.00000000E+00  7.07923254E-02  0.00000000E+00  0.00000000E+00 -1.17137587E-01
    0.647000      1   0.00000000E+00  0.00000000E+00  2.69549935E-03  0.00000000E+00  0.00000000E+00  0.00000000E+00  0.00000000E+00  0.00000000E+00  7.06751678E-02  0.00000000E+00  0.00000000E+00 -1.17157609E-01
    0.648000      1   0.00000000E+00  0.00000000E+00  2.76379798E-03  0.00000000E+00  0.00000000E+00  0.00000000E+00  0.00000000E+00  0.00000000E+00  7.05579932E-02  0.00000000E+00  0.00000000E+00 -1.17174580E-01
    0.649000      1   0.00000000E+00  0.00000000E+00  2.71376517E-03  0.00000000E+00  0.00000000E+00  0.00000000E+00  0.00000000E+00  0.00000000E+00  7.04407912E-02  0.00000000E+00  0.00000000E+00 -1.17202020E-01
    0.650000      1   0.00000000E+00  0.00000000E+00  2.72788004E-03  0.00000000E+00  0.00000000E+00  0.00000000E+00  0.00000000E+00  0.00000000E+00  7.03235753E-02  0.00000000E+00  0.00000000E+00 -1.17215877E-01
    0.651000      1   0.00000000E+00  0.00000000E+00  2.75426428E-03  0.00000000E+00  0.00000000E+00  0.00000000E+00  0.00000000E+00  0.00000000E+00  7.02063317E-02  0.00000000E+00  0.00000000E+00 -1.17243669E-01
    0.652000      1   0.00000000E+00  0.00000000E+00  2.70705112E-03  0.00000000E+00  0.00000000E+00  0.00000000E+00  0.00000000E+00  0.00000000E+00  7.00890695E-02  0.00000000E+00  0.00000000E+00 -1.17262160E-01
    0.653000      1   0.00000000E+00  0.00000000E+00  2.76094615E-03  0.00000000E+00  0.00000000E+00  0.00000000E+00  0.00000000E+00  0.00000000E+00  6.99717892E-02  0.00000000E+00  0.00000000E+00 -1.17280336E-01
    0.654000      1   0.00000000E+00  0.00000000E+00  2.71145181E-03  0.00000000E+00  0.00000000E+00  0.00000000E+00  0.00000000E+00  0.00000000E+00  6.98544847E-02  0.00000000E+00  0.00000000E+00 -1.17304486E-01
    0.655000      1   0.00000000E+00  0.00000000E+00  2.76431173E-03  0.00000000E+00  0.00000000E+00  0.00000000E+00  0.00000000E+00  0.00000000E+00  6.97371650E-02  0.00000000E+00  0.00000000E+00 -1.17319688E-01
    0.656000      1   0.00000000E+00  0.00000000E+00  2.73088414E-03  0.00000000E+00  0.00000000E+00  0.00000000E+00  0.00000000E+00  0.00000000E+00  6.96198232E-02  0.00000000E+00  0.00000000E+00 -1.17341798E-01
    0.657000      1   0.00000000E+00  0.00000000E+00  2.71497144E-03  0.00000000E+00  0.00000000E+00  0.00000000E+00  0.00000000E+00  0.00000000E+00  6.95024707E-02  0.00000000E+00  0.00000000E+00 -1.17352459E-01
    0.658000      1   0.00000000E+00  0.00000000E+00  2.74629945E-03  0.00000000E+00  0.00000000E+00  0.00000000E+00  0.00000000E+00  0.00000000E+00  6.93850938E-02  0.00000000E+00  0.00000000E+00 -1.17376912E-01
    0.659000      1   0.00000000E+00  0.00000000E+00  2.71571021E-03  0.00000000E+00  0.00000000E+00  0.00000000E+00  0.00000000E+00  0.00000000E+00  6.92676928E-02  0.00000000E+00  0.00000000E+00 -1.17401051E-01
    0.660000      1   0.00000000E+00  0.00000000E+00  2.77339015E-03  0.00000000E+00  0.00000000E+00  0.00000000E+00  0.00000000E+00  0.00000000E+00  6.91502725E-02  0.00000000E+00  0.00000000E+00 -1.17420310E-01
    0.661000      1   0.00000000E+00  0.00000000E+00  2.72436929E-03  0.00000000E+00  0.00000000E+00  0.00000000E+00  0.00000000E+00  0.00000000E+00  6.90328330E-02  0.00000000E+00  0.00000000E+00 -1.17439416E-01
    0.662000      1   0.00000000E+00  0.00000000E+00  2.74135872E-03  0.00000000E+00  0.00000000E+00  0.00000000E+00  0.00000000E+00  0.00000000E+00  6.89153848E-02  0.00000000E+00  0.00000000E+00 -1.17448247E-01
    0.663000      1   0.00000000E+00  0.00000000E+00  2.73405635E-03  0.00000000E+00  0.00000000E+00  0.00000000E+00  0.00000000E+00  0.00000000E+00  6.87979146E-02  0.00000000E+00  0.00000000E+00 -1.17470174E-01
    0.664000      1   0.00000000E+00  0.00000000E+00  2.71844128E-03  0.00000000E+00  0.00000000E+00  0.00000000E+00  0.00000000E+00  0.00000000E+00  6.86804268E-02  0.00000000E+00  0.00000000E+00 -1.17487812E-01
    0.665000      1   0.00000000E+00  0.00000000E+00  2.76343876E-03  0.00000000E+00  0.00000000E+00  0.00000000E+00  0.00000000E+00  0.00000000E+00  6.85629162E-02  0.00000000E+00  0.00000000E+00 -1.17510609E-01
    0.666000      1   0.00000000E+00  0.00000000E+00  2.70094727E-03  0.00000000E+00  0.00000000E+00  0.00000000E+00  0.00000000E+00  0.00000000E+00  6.84453856E-02  0.00000000E+00  0.00000000E+00 -1.17530578E-01
    0.667000      1   0.00000000E+00  0.00000000E+00  2.77100463E-03  0.00000000E+00  0.00000000E+00  0.00000000E+00  0.00000000E+00  0.00000000E+00  6.83278388E-02  0.00000000E+00  0.00000000E+00 -1.17546819E-01
    0.668000      1   0.00000000E+00  0.00000000E+00  2.72469043E-03  0.00000000E+00  0.00000000E+00  0.00000000E+00  0.00000000E+00  0.00000000E+00  6.82102676E-02  0.00000000E+00  0.00000000E+00 -1.17571195E-01
    0.669000      1   0.00000000E+00  0.00000000E+00  2.73945791E-03  0.00000000E+00  0.00000000E+00  0.00000000E+00  0.00000000E+00  0.00000000E+00  6.80926869E-02  0.00000000E+00  0.00000000E+00 -1.17580753E-01
    0.670000      1   0.00000000E+00  0.00000000E+00  2.74135999E-03  0.00000000E+00  0.00000000E+00  0.00000000E+00  0.00000000E+00  0.00000000E+00  6.79750839E-02  0.00000000E+00  0.00000000E+00 -1.17602910E-01
    0.671000      1   0.00000000E+00  0.00000000E+00  2.71108576E-03  0.00000000E+00  0.00000000E+00  0.00000000E+00  0.00000000E+00  0.00000000E+00  6.78574641E-02  0.00000000E+00  0.00000000E+00 -1.17619881E-01
    0.672000      1   0.00000000E+00  0.00000000E+00  2.76962417E-03  0.00000000E+00  0.00000000E+00  0.00000000E+00  0.00000000E+00  0.00000000E+00  6.77398225E-02  0.00000000E+00  0.00000000E+00 -1.17641581E-01
    0.673000      1   0.00000000E+00  0.00000000E+00  2.70936166E-03  0.00000000E+00  0.00000000E+00  0.00000000E+00  0.00000000E+00  0.00000000E+00  6.76221596E-02  0.00000000E+00  0.00000000E+00 -1.17662871E-01
    0.674000      1   0.00000000E+00  0.00000000E+00  2.77620176E-03  0.00000000E+00  0.00000000E+00  0.00000000E+00  0.00000000E+00  0.00000000E+00  6.75044840E-02  0.00000000E+00  0.00000000E+00 -1.17675593E-01
    0.675000      1   0.00000000E+00  0.00000000E+00  2.71967447E-03  0.00000000E+00  0.00000000E+00  0.00000000E+00  0.00000000E+00  0.00000000E+00  6.73867877E-02  0.00000000E+00  0.00000000E+00 -1.17696287E-01
    0.676000      1   0.00000000E+00  0.00000000E+00  2.72127284E-03  0.00000000E+00  0.00000000E+00  0.00000000E+00  0.00000000E+00  0.00000000E+00  6.72690827E-02  0.00000000E+00  0.00000000E+00 -1.17705025E-01
    0.677000      1   0.00000000E+00  0.00000000E+00  2.76067276E-03  0.00000000E+00  0.00000000E+00  0.00000000E+00  0.00000000E+00  0.00000000E+00  6.71513507E-02  0.00000000E+00  0.00000000E+00 -1.17732045E-01
    0.678000      1   0.00000000E+00  0.00000000E+00  2.72392401E-03  0.00000000E+00  0.00000000E+00  0.00000000E+00  0.00000000E+00  0.00000000E+00  6.70335991E-02  0.00000000E+00  0.00000000E+00 -1.17751573E-01
    0.679000      1   0.00000000E+00  0.00000000E+00  2.76739588E-03  0.00000000E+00  0.00000000E+00  0.00000000E+00  0.00000000E+00  0.00000000E+00  6.69158344E-02  0.00000000E+00  0.00000000E+00 -1.17764660E-01
    0.680000      1   0.00000000E+00  0.00000000E+00  2.71317257E-03  0.00000000E+00  0.00000000E+00  0.00000000E+00  0.00000000E+00  0.00000000E+00  6.67980523E-02  0.00000000E+00  0.00000000E+00 -1.17782128E-01
    0.681000      1   0.00000000E+00  0.00000000E+00  2.75826078E-03  0.00000000E+00  0.00000000E+00  0.00000000E+00  0.00000000E+00  0.00000000E+00  6.66802574E-02  0.00000000E+00  0.00000000E+00 -1.17794908E-01
    0.682000      1   0.00000000E+00  0.00000000E+00  2.73463278E-03  0.00000000E+00  0.00000000E+00  0.00000000E+00  0.00000000E+00  0.00000000E+00  6.65624399E-02  0.00000000E+00  0.00000000E+00 -1.17817523E-01
    0.683000      1   0.00000000E+00  0.00000000E+00  2.72878509E-03  0.00000000E+00  0.00000000E+00  0.00000000E+00  0.00000000E+00  0.00000000E+00  6.64446104E-02  0.00000000E+00  0.00000000E+00 -1.17829508E-01
    0.684000      1   0.00000000E+00  0.00000000E+00  2.74759728E-03  0.00000000E+00  0.00000000E+00  0.00000000E+00  0.00000000E+00  0.00000000E+00  6.63267601E-02  0.00000000E+00  0.00000000E+00 -1.17850287E-01
    0.685000      1   0.00000000E+00  0.00000000E+00  2.71889113E-03  0.00000000E+00  0.00000000E+00  0.00000000E+00  0.00000000E+00  0.00000000E+00  6.62088904E-02  0.00000000E+00  0.00000000E+00 -1.17869660E-01
    0.686000      1   0.00000000E+00  0.00000000E+00  2.78123457E-03  0.00000000E+00  0.00000000E+00  0.00000000E+00  0.00000000E+00  0.00000000E+00  6.60910025E-02  0.00000000E+00  0.00000000E+00 -1.17887931E-01
    0.687000      1   0.00000000E+00  0.00000000E+00  2.71944677E-03  0.00000000E+00  0.00000000E+00  0.00000000E+00  0.00000000E+00  0.00000000E+00  6.59730979E-02  0.00000000E+00  0.00000000E+00 -1.17904605E-01
    0.688000      1   0.00000000E+00  0.00000000E+00  2.75764870E-03  0.00000000E+00  0.00000000E+00  0.00000000E+00  0.00000000E+00  0.00000000E+00  6.58551862E-02  0.00000000E+00  0.00000000E+00 -1.17911730E-01
    0.689000      1   0.00000000E+00  0.00000000E+00  2.73527096E-03  0.00000000E+00  0.00000000E+00  0.00000000E+00  0.00000000E+00  0.00000000E+00  6.57372538E-02  0.00000000E+00  0.00000000E+00 -1.17932392E-01
    0.690000      1   0.00000000E+00  0.00000000E+00  2.72005974E-03  0.00000000E+00  0.00000000E+00  0.00000000E+00  0.00000000E+00  0.00000000E+00  6.56193093E-02  0.00000000E+00  0.00000000E+00 -1.17944466E-01
    0.691000      1   0.00000000E+00  0.00000000E+00  2.76130112E-03  0.00000000E+00  0.00000000E+00  0.00000000E+00  0.00000000E+00  0.00000000E+00  6.55013427E-02  0.00000000E+00  0.00000000E+00 -1.17966578E-01
    0.692000      1   0.00000000E+00  0.00000000E+00  2.71240309E-03  0.00000000E+00  0.00000000E+00  0.00000000E+00  0.00000000E+00  0.00000000E+00  6.53833563E-02  0.00000000E+00  0.00000000E+00 -1.17986393E-01
    0.693000      1   0.00000000E+00  0.00000000E+00  2.78008895E-03  0.00000000E+00  0.00000000E+00  0.00000000E+00  0.00000000E+00  0.00000000E+00  6.52653550E-02  0.00000000E+00  0.00000000E+00 -1.18001311E-01
    0.694000      1   0.00000000E+00  0.00000000E+00  2.73401541E-03  0.00000000E+00  0.00000000E+00  0.00000000E+00  0.00000000E+00  0.00000000E+00  6.51473347E-02  0.00000000E+00  0.00000000E+00 -1.18020318E-01
    0.695000      1   0.00000000E+00  0.00000000E+00  2.74366948E-03  0.00000000E+00  0.00000000E+00  0.00000000E+00  0.00000000E+00  0.00000000E+00  6.50293094E-02  0.00000000E+00  0.00000000E+00 -1.18025244E-01
    0.696000      1   0.00000000E+00  0.00000000E+00  2.74160471E-03  0.00000000E+00  0.00000000E+00  0.00000000E+00  0.00000000E+00  0.00000000E+00  6.49112659E-02  0.00000000E+00  0.00000000E+00 -1.18043594E-01
    0.697000      1   0.00000000E+00  0.00000000E+00  2.72272429E-03  0.00000000E+00  0.00000000E+00  0.00000000E+00  0.00000000E+00  0.00000000E+00  6.47932067E-02  0.00000000E+00  0.00000000E+00 -1.18059138E-01
    0.698000      1   0.00000000E+00  0.00000000E+00  2.76876215E-03  0.00000000E+00  0.00000000E+00  0.00000000E+00  0.00000000E+00  0.00000000E+00  6.46751280E-02  0.00000000E+00  0.00000000E+00 -1.18078699E-01
    0.699000      1   0.00000000E+00  0.00000000E+00  2.70360385E-03  0.00000000E+00  0.00000000E+00  0.00000000E+00  0.00000000E+00  0.00000000E+00  6.45570317E-02  0.00000000E+00  0.00000000E+00 -1.18096320E-01
    0.700000      1   0.00000000E+00  0.00000000E+00  2.77564827E-03  0.00000000E+00  0.00000000E+00  0.00000000E+00  0.00000000E+00  0.00000000E+00  6.44389214E-02  0.00000000E+00  0.00000000E+00 -1.18110343E-01
    0.701000      1   0.00000000E+00  0.00000000E+00  2.73146382E-03  0.00000000E+00  0.00000000E+00  0.00000000E+00  0.00000000E+00  0.00000000E+00  6.43207883E-02  0.00000000E+00  0.00000000E+00 -1.18133025E-01
    0.702000      1   0.00000000E+00  0.00000000E+00  2.74551876E-03  0.00000000E+00  0.00000000E+00  0.00000000E+00  0.00000000E+00  0.00000000E+00  6.42026485E-02  0.00000000E+00  0.00000000E+00 -1.18139861E-01
    0.703000      1   0.00000000E+00  0.00000000E+00  2.74389052E-03  0.00000000E+00  0.00000000E+00  0.00000000E+00  0.00000000E+00  0.00000000E+00  6.40844897E-02  0.00000000E+00  0.00000000E+00 -1.18158721E-01
    0.704000      1   0.00000000E+00  0.00000000E+00  2.71685288E-03  0.00000000E+00  0.00000000E+00  0.00000000E+00  0.00000000E+00  0.00000000E+00  6.39663165E-02  0.00000000E+00  0.00000000E+00 -1.18173254E-01
    0.705000      1   0.00000000E+00  0.00000000E+00  2.77727972E-03  0.00000000E+00  0.00000000E+00  0.00000000E+00  0.00000000E+00  0.00000000E+00  6.38481234E-02  0.00000000E+00  0.00000000E+00 -1.18193103E-01
    0.706000      1   0.00000000E+00  0.00000000E+00  2.71383360E-03  0.00000000E+00  0.00000000E+00  0.00000000E+00  0.00000000E+00  0.00000000E+00  6.37299122E-02  0.00000000E+00  0.00000000E+00 -1.18211146E-01
    0.707000      1   0.00000000E+00  0.00000000E+00  2.77750044E-03  0.00000000E+00  0.00000000E+00  0.00000000E+00  0.00000000E+00  0.00000000E+00  6.36116917E-02  0.00000000E+00  0.00000000E+00 -1.18220563E-01
    0.708000      1   0.00000000E+00  0.00000000E+00  2.72731097E-03  0.00000000E+00  0.00000000E+00  0.00000000E+00  0.00000000E+00  0.00000000E+00  6.34934521E-02  0.00000000E+00  0.00000000E+00 -1.18239558E-01
    0.709000      1   0.00000000E+00  0.00000000E+00  2.73312244E-03  0.00000000E+00  0.00000000E+00  0.00000000E+00  0.00000000E+00  0.00000000E+00  6.33752056E-02  0.00000000E+00  0.00000000E+00 -1.18246519E-01
    0.710000      1   0.00000000E+00  0.00000000E+00  2.75914941E-03  0.00000000E+00  0.00000000E+00  0.00000000E+00  0.00000000E+00  0.00000000E+00  6.32569367E-02  0.00000000E+00  0.00000000E+00 -1.18268936E-01
    0.711000      1   0.00000000E+00  0.00000000E+00  2.72970564E-03  0.00000000E+00  0.00000000E+00  0.00000000E+00  0.00000000E+00  0.00000000E+00  6.31386518E-02  0.00000000E+00  0.00000000E+00 -1.18284841E-01
    0.712000      1   0.00000000E+00  0.00000000E+00  2.77591988E-03  0.00000000E+00  0.00000000E+00  0.00000000E+00  0.00000000E+00  0.00000000E+00  6.30203544E-02  0.00000000E+00  0.00000000E+00 -1.18297406E-01
    0.713000      1   0.00000000E+00  0.00000000E+00  2.71181062E-03  0.00000000E+00  0.00000000E+00  0.00000000E+00  0.00000000E+00  0.00000000E+00  6.29020430E-02  0.00000000E+00  0.00000000E+00 -1.18311468E-01
    0.714000      1   0.00000000E+00  0.00000000E+00  2.77030463E-03  0.00000000E+00  0.00000000E+00  0.00000000E+00  0.00000000E+00  0.00000000E+00  6.27837213E-02  0.00000000E+00  0.00000000E+00 -1.18321690E-01
    0.715000      1   0.00000000E+00  0.00000000E+00  2.72733473E-03  0.00000000E+00  0.00000000E+00  0.00000000E+00  0.00000000E+00  0.00000000E+00  6.26653786E-02  0.00000000E+00  0.00000000E+00 -1.18342622E-01
    0.716000      1   0.00000000E+00  0.00000000E+00  2.73946782E-03  0.00000000E+00  0.00000000E+00  0.00000000E+00  0.00000000E+00  0.00000000E+00  6.25470267E-02  0.00000000E+00  0.00000000E+00 -1.18351942E-01
    0.717000      1   0.00000000E+00  0.00000000E+00  2.76457880E-03  0.00000000E+00  0.00000000E+00  0.00000000E+00  0.00000000E+00  0.00000000E+00  6.24286535E-02  0.00000000E+00  0.00000000E+00 -1.18373229E-01
    0.718000      1   0.00000000E+00  0.00000000E+00  2.71744788E-03  0.00000000E+00  0.00000000E+00  0.00000000E+00  0.00000000E+00  0.00000000E+00  6.23102674E-02  0.00000000E+00  0.00000000E+00 -1.18386090E-01
    0.719000      1   0.00000000E+00  0.00000000E+00  2.77528849E-03  0.00000000E+00  0.00000000E+00  0.00000000E+00  0.00000000E+00  0.00000000E+00  6.21918683E-02  0.00000000E+00  0.00000000E+00 -1.18399040E-01
    0.720000      1   0.00000000E+00  0.00000000E+00  2.72195964E-03  0.00000000E+00  0.00000000E+00  0.00000000E+00  0.00000000E+00  0.00000000E+00  6.20734511E-02  0.00000000E+00  0.00000000E+00 -1.18417239E-01
    0.721000      1   0.00000000E+00  0.00000000E+00  2.77566018E-03  0.00000000E+00  0.00000000E+00  0.00000000E+00  0.00000000E+00  0.00000000E+00  6.19550252E-02  0.00000000E+00  0.00000000E+00 -1.18425873E-01
    0.722000      1   0.00000000E+00  0.00000000E+00  2.73459510E-03  0.00000000E+00  0.00000000E+00  0.00000000E+00  0.00000000E+00  0.00000000E+00  6.18365827E-02  0.00000000E+00  0.00000000E+00 -1.18442525E-01
    0.723000      1   0.00000000E+00  0.00000000E+00  2.72611103E-03  0.00000000E+00  0.00000000E+00  0.00000000E+00  0.00000000E+00  0.00000000E+00  6.17181339E-02  0.00000000E+00  0.00000000E+00 -1.18448802E-01
    0.724000      1   0.00000000E+00  0.00000000E+00  2.75665879E-03  0.00000000E+00  0.00000000E+00  0.00000000E+00  0.00000000E+00  0.00000000E+00  6.15996638E-02  0.00000000E+00  0.00000000E+00 -1.18470067E-01
    0.725000      1   0.00000000E+00  0.00000000E+00  2.73388103E-03  0.00000000E+00  0.00000000E+00  0.00000000E+00  0.00000000E+00  0.00000000E+00  6.14811751E-02  0.00000000E+00  0.00000000E+00 -1.18488715E-01
    0.726000      1   0.00000000E+00  0.00000000E+00  2.77888279E-03  0.00000000E+00  0.00000000E+00  0.00000000E+00  0.00000000E+00  0.00000000E+00  6.13626738E-02  0.00000000E+00  0.00000000E+00 -1.18501360E-01
    0.727000      1   0.00000000E+00  0.00000000E+00  2.72336790E-03  0.00000000E+00  0.00000000E+00  0.00000000E+00  0.00000000E+00  0.00000000E+00  6.12441602E-02  0.00000000E+00  0.00000000E+00 -1.18513526E-01
    0.728000      1   0.00000000E+00  0.00000000E+00  2.76200801E-03  0.00000000E+00  0.00000000E+00  0.00000000E+00  0.00000000E+00  0.00000000E+00  6.11256395E-02  0.00000000E+00  0.00000000E+00 -1.18520731E-01
    0.729000      1   0.00000000E+00  0.00000000E+00  2.73848034E-03  0.00000000E+00  0.00000000E+00  0.00000000E+00  0.00000000E+00  0.00000000E+00  6.10071002E-02  0.00000000E+00  0.00000000E+00 -1.18539335E-01
    0.730000      1   0.00000000E+00  0.00000000E+00  2.73407733E-03  0.00000000E+00  0.00000000E+00  0.00000000E+00  0.00000000E+00  0.00000000E+00  6.08885508E-02  0.00000000E+00  0.00000000E+00 -1.18549409E-01
    0.731000      1   0.00000000E+00  0.00000000E+00  2.75462565E-03  0.00000000E+00  0.00000000E+00  0.00000000E+00  0.00000000E+00  0.00000000E+00  6.07699828E-02  0.00000000E+00  0.00000000E+00 -1.18567989E-01
    0.732000      1   0.00000000E+00  0.00000000E+00  2.72575598E-03  0.00000000E+00  0.00000000E+00  0.00000000E+00  0.00000000E+00  0.00000000E+00  6.06513984E-02  0.00000000E+00  0.00000000E+00 -1.18584380E-01
    0.733000      1   0.00000000E+00  0.00000000E+00  2.78572709E-03  0.00000000E+00  0.00000000E+00  0.00000000E+00  0.00000000E+00  0.00000000E+00  6.05327993E-02  0.00000000E+00  0.00000000E+00 -1.18599129E-01
    0.734000      1   0.00000000E+00  0.00000000E+00  2.72791465E-03  0.00000000E+00  0.00000000E+00  0.00000000E+00  0.00000000E+00  0.00000000E+00  6.04141865E-02  0.00000000E+00  0.00000000E+00 -1.18612754E-01
    0.735000      1   0.00000000E+00  0.00000000E+00  2.76994328E-03  0.00000000E+00  0.00000000E+00  0.00000000E+00  0.00000000E+00  0.00000000E+00  6.02955696E-02  0.00000000E+00  0.00000000E+00 -1.18616907E-01
    0.736000      1   0.00000000E+00  0.00000000E+00  2.73880779E-03  0.00000000E+00  0.00000000E+00  0.00000000E+00  0.00000000E+00  0.00000000E+00  6.01769370E-02  0.00000000E+00  0.00000000E+00 -1.18632614E-01
    0.737000      1   0.00000000E+00  0.00000000E+00  2.72762196E-03  0.00000000E+00  0.00000000E+00  0.00000000E+00  0.00000000E+00  0.00000000E+00  6.00582970E-02  0.00000000E+00  0.00000000E+00 -1.18640024E-01
    0.738000      1   0.00000000E+00  0.00000000E+00  2.76029576E-03  0.00000000E+00  0.00000000E+00  0.00000000E+00  0.00000000E+00  0.00000000E+00  5.99396373E-02  0.00000000E+00  0.00000000E+00 -1.18659638E-01
    0.739000      1   0.00000000E+00  0.00000000E+00  2.73119218E-03  0.00000000E+00  0.00000000E+00  0.00000000E+00  0.00000000E+00  0.00000000E+00  5.98209602E-02  0.00000000E+00  0.00000000E+00 -1.18677147E-01
    0.740000      1   0.00000000E+00  0.00000000E+00  2.78688231E-03  0.00000000E+00  0.00000000E+00  0.00000000E+00  0.00000000E+00  0.00000000E+00  5.97022711E-02  0.00000000E+00  0.00000000E+00 -1.18689072E-01
    0.741000      1   0.00000000E+00  0.00000000E+00  2.72596731E-03  0.00000000E+00  0.00000000E+00  0.00000000E+00  0.00000000E+00  0.00000000E+00  5.95835704E-02  0.00000000E+00  0.00000000E+00 -1.18700708E-01
    0.742000      1   0.00000000E+00  0.00000000E+00  2.75957962E-03  0.00000000E+00  0.00000000E+00  0.00000000E+00  0.00000000E+00  0.00000000E+00  5.94648656E-02  0.00000000E+00  0.00000000E+00 -1.18704826E-01
    0.743000      1   0.00000000E+00  0.00000000E+00  2.74595563E-03  0.00000000E+00  0.00000000E+00  0.00000000E+00  0.00000000E+00  0.00000000E+00  5.93461426E-02  0.00000000E+00  0.00000000E+00 -1.18723005E-01
    0.744000      1   0.00000000E+00  0.00000000E+00  2.73283029E-03  0.00000000E+00  0.00000000E+00  0.00000000E+00  0.00000000E+00  0.00000000E+00  5.92274100E-02  0.00000000E+00  0.00000000E+00 -1.18732555E-01
    0.745000      1   0.00000000E+00  0.00000000E+00  2.75697215E-03  0.00000000E+00  0.00000000E+00  0.00000000E+00  0.00000000E+00  0.00000000E+00  5.91086611E-02  0.00000000E+00  0.00000000E+00 -1.18748900E-01
    0.746000      1   0.00000000E+00  0.00000000E+00  2.72164156E-03  0.00000000E+00  0.00000000E+00  0.00000000E+00  0.00000000E+00  0.00000000E+00  5.89898958E-02  0.00000000E+00  0.00000000E+00 -1.18765286E-01
    0.747000      1   0.00000000E+00  0.00000000E+00  2.78707421E-03  0.00000000E+00  0.00000000E+00  0.00000000E+00  0.00000000E+00  0.00000000E+00  5.88711158E-02  0.00000000E+00  0.00000000E+00 -1.18779992E-01
    0.748000      1   0.00000000E+00  0.00000000E+00  2.73307547E-03  0.00000000E+00  0.00000000E+00  0.00000000E+00  0.00000000E+00  0.00000000E+00  5.87523211E-02  0.00000000E+00  0.00000000E+00 -1.18794730E-01
    0.749000      1   0.00000000E+00  0.00000000E+00  2.76906791E-03  0.00000000E+00  0.00000000E+00  0.00000000E+00  0.00000000E+00  0.00000000E+00  5.86335236E-02  0.00000000E+00  0.00000000E+00 -1.18797528E-01
    0.750000      1   0.00000000E+00  0.00000000E+00  2.74391670E-03  0.00000000E+00  0.00000000E+00  0.00000000E+00  0.00000000E+00  0.00000000E+00  5.85147119E-02  0.00000000E+00  0.00000000E+00 -1.18811695E-01
    0.751000      1   0.00000000E+00  0.00000000E+00  2.72581412E-03  0.00000000E+00  0.00000000E+00  0.00000000E+00  0.00000000E+00  0.00000000E+00  5.83958934E-02  0.00000000E+00  0.00000000E+00 -1.18818489E-01
    0.752000      1   0.00000000E+00  0.00000000E+00  2.76572389E-03  0.00000000E+00  0.00000000E+00  0.00000000E+00  0.00000000E+00  0.00000000E+00  5.82770566E-02  0.00000000E+00  0.00000000E+00 -1.18836744E-01
    0.753000      1   0.00000000E+00  0.00000000E+00  2.72648652E-03  0.00000000E+00  0.00000000E+00  0.00000000E+00  0.00000000E+00  0.00000000E+00  5.81582028E-02  0.00000000E+00  0.00000000E+00 -1.18853887E-01
    0.754000      1   0.00000000E+00  0.00000000E+00  2.78729642E-03  0.00000000E+00  0.00000000E+00  0.00000000E+00  0.00000000E+00  0.00000000E+00  5.80393379E-02  0.00000000E+00  0.00000000E+00 -1.18864862E-01
    0.755000      1   0.00000000E+00  0.00000000E+00  2.73757909E-03  0.00000000E+00  0.00000000E+00  0.00000000E+00  0.00000000E+00  0.00000000E+00  5.79204599E-02  0.00000000E+00  0.00000000E+00 -1.18877970E-01
    0.756000      1   0.00000000E+00  0.00000000E+00  2.75802915E-03  0.00000000E+00  0.00000000E+00  0.00000000E+00  0.00000000E+00  0.00000000E+00  5.78015800E-02  0.00000000E+00  0.00000000E+00 -1.18879898E-01
    0.757000      1   0.00000000E+00  0.00000000E+00  2.74366689E-03  0.00000000E+00  0.00000000E+00  0.00000000E+00  0.00000000E+00  0.00000000E+00  5.76826855E-02  0.00000000E+00  0.00000000E+00 -1.18894538E-01
    0.758000      1   0.00000000E+00  0.00000000E+00  2.73610886E-03  0.00000000E+00  0.00000000E+00  0.00000000E+00  0.00000000E+00  0.00000000E+00  5.75637805E-02  0.00000000E+00  0.00000000E+00 -1.18905002E-01
    0.759000      1   0.00000000E+00  0.00000000E+00  2.76801931E-03  0.00000000E+00  0.00000000E+00  0.00000000E+00  0.00000000E+00  0.00000000E+00  5.74448590E-02  0.00000000E+00  0.00000000E+00 -1.18921519E-01
    0.760000      1   0.00000000E+00  0.00000000E+00  2.71997920E-03  0.00000000E+00  0.00000000E+00  0.00000000E+00  0.00000000E+00  0.00000000E+00  5.73259241E-02  0.00000000E+00  0.00000000E+00 -1.18934875E-01
    0.761000      1   0.00000000E+00  0.00000000E+00  2.78451974E-03  0.00000000E+00  0.00000000E+00  0.00000000E+00  0.00000000E+00  0.00000000E+00  5.72069778E-02  0.00000000E+00  0.00000000E+00 -1.18946247E-01
    0.762000      1   0.00000000E+00  0.00000000E+00  2.73962363E-03  0.00000000E+00  0.00000000E+00  0.00000000E+00  0.00000000E+00  0.00000000E+00  5.70880159E-02  0.00000000E+00  0.00000000E+00 -1.18961982E-01
    0.763000      1   0.00000000E+00  0.00000000E+00  2.76755297E-03  0.00000000E+00  0.00000000E+00  0.00000000E+00  0.00000000E+00  0.00000000E+00  5.69690514E-02  0.00000000E+00  0.00000000E+00 -1.18964461E-01
    0.764000      1   0.00000000E+00  0.00000000E+00  2.74090295E-03  0.00000000E+00  0.00000000E+00  0.00000000E+00  0.00000000E+00  0.00000000E+00  5.68500747E-02  0.00000000E+00  0.00000000E+00 -1.18976745E-01
    0.765000      1   0.00000000E+00  0.00000000E+00  2.72976594E-03  0.00000000E+00  0.00000000E+00  0.00000000E+00  0.00000000E+00  0.00000000E+00  5.67310901E-02  0.00000000E+00  0.00000000E+00 -1.18984570E-01
    0.766000      1   0.00000000E+00  0.00000000E+00  2.77222625E-03  0.00000000E+00  0.00000000E+00  0.00000000E+00  0.00000000E+00  0.00000000E+00  5.66120870E-02  0.00000000E+00  0.00000000E+00 -1.19003117E-01
    0.767000      1   0.00000000E+00  0.00000000E+00  2.72548650E-03  0.00000000E+00  0.00000000E+00  0.00000000E+00  0.00000000E+00  0.00000000E+00  5.64930692E-02  0.00000000E+00  0.00000000E+00 -1.19017812E-01
    0.768000      1   0.00000000E+00  0.00000000E+00  2.78698522E-03  0.00000000E+00  0.00000000E+00  0.00000000E+00  0.00000000E+00  0.00000000E+00  5.63740423E-02  0.00000000E+00  0.00000000E+00 -1.19026828E-01
    0.769000      1   0.00000000E+00  0.00000000E+00  2.74054582E-03  0.00000000E+00  0.00000000E+00  0.00000000E+00  0.00000000E+00  0.00000000E+00  5.62550020E-02  0.00000000E+00  0.00000000E+00 -1.19040319E-01
    0.770000      1   0.00000000E+00  0.00000000E+00  2.75943786E-03  0.00000000E+00  0.00000000E+00  0.00000000E+00  0.00000000E+00  0.00000000E+00  5.61359602E-02  0.00000000E+00  0.00000000E+00 -1.19041825E-01
    0.771000      1   0.00000000E+00  0.00000000E+00  2.74379914E-03  0.00000000E+00  0.00000000E+00  0.00000000E+00  0.00000000E+00  0.00000000E+00  5.60169049E-02  0.00000000E+00  0.00000000E+00 -1.19055241E-01
    0.772000      1   0.00000000E+00  0.00000000E+00  2.73960223E-03  0.00000000E+00  0.00000000E+00  0.00000000E+00  0.00000000E+00  0.00000000E+00  5.58978397E-02  0.00000000E+00  0.00000000E+00 -1.19065219E-01
    0.773000      1   0.00000000E+00  0.00000000E+00  2.77025113E-03  0.00000000E+00  0.00000000E+00  0.00000000E+00  0.00000000E+00  0.00000000E+00  5.57787587E-02  0.00000000E+00  0.00000000E+00 -1.19081075E-01
    0.774000      1   0.00000000E+00  0.00000000E+00  2.72042523E-03  0.00000000E+00  0.00000000E+00  0.00000000E+00  0.00000000E+00  0.00000000E+00  5.56596658E-02  0.00000000E+00  0.00000000E+00 -1.19092889E-01
    0.775000      1   0.00000000E+00  0.00000000E+00  2.78374934E-03  0.00000000E+00  0.00000000E+00  0.00000000E+00  0.00000000E+00  0.00000000E+00  5.55405623E-02  0.00000000E+00  0.00000000E+00 -1.19103449E-01
    0.776000      1   0.00000000E+00  0.00000000E+00  2.74108253E-03  0.00000000E+00  0.00000000E+00  0.00000000E+00  0.00000000E+00  0.00000000E+00  5.54214431E-02  0.00000000E+00  0.00000000E+00 -1.19119174E-01
    0.777000      1   0.00000000E+00  0.00000000E+00  2.76995337E-03  0.00000000E+00  0.00000000E+00  0.00000000E+00  0.00000000E+00  0.00000000E+00  5.53023215E-02  0.00000000E+00  0.00000000E+00 -1.19121648E-01
    0.778000      1   0.00000000E+00  0.00000000E+00  2.74313309E-03  0.00000000E+00  0.00000000E+00  0.00000000E+00  0.00000000E+00  0.00000000E+00  5.51831885E-02  0.00000000E+00  0.00000000E+00 -1.19133029E-01
    0.779000      1   0.00000000E+00  0.00000000E+00  2.73176996E-03  0.00000000E+00  0.00000000E+00  0.00000000E+00  0.00000000E+00  0.00000000E+00  5.50640488E-02  0.00000000E+00  0.00000000E+00 -1.19139671E-01
    0.780000      1   0.00000000E+00  0.00000000E+00  2.77357736E-03  0.00000000E+00  0.00000000E+00  0.00000000E+00  0.00000000E+00  0.00000000E+00  5.49448917E-02  0.00000000E+00  0.00000000E+00 -1.19157131E-01
    0.781000      1   0.00000000E+00  0.00000000E+00  2.72790825E-03  0.00000000E+00  0.00000000E+00  0.00000000E+00  0.00000000E+00  0.00000000E+00  5.48257207E-02  0.00000000E+00  0.00000000E+00 -1.19170929E-01
    0.782000      1   0.00000000E+00  0.00000000E+00  2.78885650E-03  0.00000000E+00  0.00000000E+00  0.00000000E+00  0.00000000E+00  0.00000000E+00  5.47065417E-02  0.00000000E+00  0.00000000E+00 -1.19179073E-01
    0.783000      1   0.00000000E+00  0.00000000E+00  2.73957857E-03  0.00000000E+00  0.00000000E+00  0.00000000E+00  0.00000000E+00  0.00000000E+00  5.45873502E-02  0.00000000E+00  0.00000000E+00 -1.19191438E-01
    0.784000      1   0.00000000E+00  0.00000000E+00  2.76098919E-03  0.00000000E+00  0.00000000E+00  0.00000000E+00  0.00000000E+00  0.00000000E+00  5.44681577E-02  0.00000000E+00  0.00000000E+00 -1.19192500E-01
    0.785000      1   0.00000000E+00  0.00000000E+00  2.74680155E-03  0.00000000E+00  0.00000000E+00  0.00000000E+00  0.00000000E+00  0.00000000E+00  5.43489518E-02  0.00000000E+00  0.00000000E+00 -1.19205960E-01
    0.786000      1   0.00000000E+00  0.00000000E+00  2.74013277E-03  0.00000000E+00  0.00000000E+00  0.00000000E+00  0.00000000E+00  0.00000000E+00  5.42297369E-02  0.00000000E+00  0.00000000E+00 -1.19214897E-01
    0.787000      1   0.00000000E+00  0.00000000E+00  2.76964126E-03  0.00000000E+00  0.00000000E+00  0.00000000E+00  0.00000000E+00  0.00000000E+00  5.41105072E-02  0.00000000E+00  0.00000000E+00 -1.19229673E-01
    0.788000      1   0.00000000E+00  0.00000000E+00  2.72438994E-03  0.00000000E+00  0.00000000E+00  0.00000000E+00  0.00000000E+00  0.00000000E+00  5.39912658E-02  0.00000000E+00  0.00000000E+00 -1.19241421E-01
    0.789000      1   0.00000000E+00  0.00000000E+00  2.78731880E-03  0.00000000E+00  0.00000000E+00  0.00000000E+00  0.00000000E+00  0.00000000E+00  5.38720143E-02  0.00000000E+00  0.00000000E+00 -1.19251480E-01
    0.790000      1   0.00000000E+00  0.00000000E+00  2.73710785E-03  0.00000000E+00  0.00000000E+00  0.00000000E+00  0.00000000E+00  0.00000000E+00  5.37527490E-02  0.00000000E+00  0.00000000E+00 -1.19265272E-01
    0.791000      1   0.00000000E+00  0.00000000E+00  2.77368172E-03  0.00000000E+00  0.00000000E+00  0.00000000E+00  0.00000000E+00  0.00000000E+00  5.36334817E-02  0.00000000E+00  0.00000000E+00 -1.19267277E-01
    0.792000      1   0.00000000E+00  0.00000000E+00  2.75181805E-03  0.00000000E+00  0.00000000E+00  0.00000000E+00  0.00000000E+00  0.00000000E+00  5.35142024E-02  0.00000000E+00  0.00000000E+00 -1.19279303E-01
    0.793000      1   0.00000000E+00  0.00000000E+00  2.73175921E-03  0.00000000E+00  0.00000000E+00  0.00000000E+00  0.00000000E+00  0.00000000E+00  5.33949193E-02  0.00000000E+00  0.00000000E+00 -1.19283185E-01
    0.794000      1   0.00000000E+00  0.00000000E+00  2.76577394E-03  0.00000000E+00  0.00000000E+00  0.00000000E+00  0.00000000E+00  0.00000000E+00  5.32756215E-02  0.00000000E+00  0.00000000E+00 -1.19297794E-01
    0.795000      1   0.00000000E+00  0.00000000E+00  2.73476283E-03  0.00000000E+00  0.00000000E+00  0.00000000E+00  0.00000000E+00  0.00000000E+00  5.31563085E-02  0.00000000E+00  0.00000000E+00 -1.19312976E-01
    0.796000      1   0.00000000E+00  0.00000000E+00  2.79262022E-03  0.00000000E+00  0.00000000E+00  0.00000000E+00  0.00000000E+00  0.00000000E+00  5.30369860E-02  0.00000000E+00  0.00000000E+00 -1.19322471E-01
    0.797000      1   0.00000000E+00  0.00000000E+00  2.73445814E-03  0.00000000E+00  0.00000000E+00  0.00000000E+00  0.00000000E+00  0.00000000E+00  5.29176541E-02  0.00000000E+00  0.00000000E+00 -1.19331919E-01
    0.798000      1   0.00000000E+00  0.00000000E+00  2.76557197E-03  0.00000000E+00  0.00000000E+00  0.00000000E+00  0.00000000E+00  0.00000000E+00  5.27983214E-02  0.00000000E+00  0.00000000E+00 -1.19332651E-01
    0.799000      1   0.00000000E+00  0.00000000E+00  2.75130131E-03  0.00000000E+00  0.00000000E+00  0.00000000E+00  0.00000000E+00  0.00000000E+00  5.26789745E-02  0.00000000E+00  0.00000000E+00 -1.19346982E-01
    0.800000      1   0.00000000E+00  0.00000000E+00  2.74063392E-03  0.00000000E+00  0.00000000E+00  0.00000000E+00  0.00000000E+00  0.00000000E+00  5.25596208E-02  0.00000000E+00  0.00000000E+00 -1.19353618E-01
    0.801000      1   0.00000000E+00  0.00000000E+00  2.76307120E-03  0.00000000E+00  0.00000000E+00  0.00000000E+00  0.00000000E+00  0.00000000E+00  5.24402540E-02  0.00000000E+00  0.00000000E+00 -1.19366828E-01
    0.802000      1   0.00000000E+00  0.00000000E+00  2.73075881E-03  0.00000000E+00  0.00000000E+00  0.00000000E+00  0.00000000E+00  0.00000000E+00  5.23208744E-02  0.00000000E+00  0.00000000E+00 -1.19379573E-01
    0.803000      1   0.00000000E+00  0.00000000E+00  2.79531870E-03  0.00000000E+00  0.00000000E+00  0.00000000E+00  0.00000000E+00  0.00000000E+00  5.22014838E-02  0.00000000E+00  0.00000000E+00 -1.19390663E-01
    0.804000      1   0.00000000E+00  0.00000000E+00  2.73441105E-03  0.00000000E+00  0.00000000E+00  0.00000000E+00  0.00000000E+00  0.00000000E+00  5.20820828E-02  0.00000000E+00  0.00000000E+00 -1.19400949E-01
    0.805000      1   0.00000000E+00  0.00000000E+00  2.77402213E-03  0.00000000E+00  0.00000000E+00  0.00000000E+00  0.00000000E+00  0.00000000E+00  5.19626820E-02  0.00000000E+00  0.00000000E+00 -1.19400803E-01
    0.806000      1   0.00000000E+00  0.00000000E+00  2.74705777E-03  0.00000000E+00  0.00000000E+00  0.00000000E+00  0.00000000E+00  0.00000000E+00  5.18432684E-02  0.00000000E+00  0.00000000E+00 -1.19413655E-01
    0.807000      1   0.00000000E+00  0.00000000E+00  2.73571940E-03  0.00000000E+00  0.00000000E+00  0.00000000E+00  0.00000000E+00  0.00000000E+00  5.17238501E-02  0.00000000E+00  0.00000000E+00 -1.19418267E-01
    0.808000      1   0.00000000E+00  0.00000000E+00  2.76795829E-03  0.00000000E+00  0.00000000E+00  0.00000000E+00  0.00000000E+00  0.00000000E+00  5.16044164E-02  0.00000000E+00  0.00000000E+00 -1.19433739E-01
    0.809000      1   0.00000000E+00  0.00000000E+00  2.74086160E-03  0.00000000E+00  0.00000000E+00  0.00000000E+00  0.00000000E+00  0.00000000E+00  5.14849691E-02  0.00000000E+00  0.00000000E+00 -1.19447234E-01
    0.810000      1   0.00000000E+00  0.00000000E+00  2.79088694E-03  0.00000000E+00  0.00000000E+00  0.00000000E+00  0.00000000E+00  0.00000000E+00  5.13655142E-02  0.00000000E+00  0.00000000E+00 -1.19454933E-01
    0.811000      1   0.00000000E+00  0.00000000E+00  2.73297579E-03  0.00000000E+00  0.00000000E+00  0.00000000E+00  0.00000000E+00  0.00000000E+00  5.12460515E-02  0.00000000E+00  0.00000000E+00 -1.19462685E-01
    0.812000      1   0.00000000E+00  0.00000000E+00  2.77155446E-03  0.00000000E+00  0.00000000E+00  0.00000000E+00  0.00000000E+00  0.00000000E+00  5.11265873E-02  0.00000000E+00  0.00000000E+00 -1.19464248E-01
    0.813000      1   0.00000000E+00  0.00000000E+00  2.74845542E-03  0.00000000E+00  0.00000000E+00  0.00000000E+00  0.00000000E+00  0.00000000E+00  5.10071093E-02  0.00000000E+00  0.00000000E+00 -1.19478008E-01
    0.814000      1   0.00000000E+00  0.00000000E+00  2.73953630E-03  0.00000000E+00  0.00000000E+00  0.00000000E+00  0.00000000E+00  0.00000000E+00  5.08876261E-02  0.00000000E+00  0.00000000E+00 -1.19483183E-01
    0.815000      1   0.00000000E+00  0.00000000E+00  2.76366217E-03  0.00000000E+00  0.00000000E+00  0.00000000E+00  0.00000000E+00  0.00000000E+00  5.07681286E-02  0.00000000E+00  0.00000000E+00 -1.19497521E-01
    0.816000      1   0.00000000E+00  0.00000000E+00  2.73057575E-03  0.00000000E+00  0.00000000E+00  0.00000000E+00  0.00000000E+00  0.00000000E+00  5.06486180E-02  0.00000000E+00  0.00000000E+00 -1.19510522E-01
    0.817000      1   0.00000000E+00  0.00000000E+00  2.78932363E-03  0.00000000E+00  0.00000000E+00  0.00000000E+00  0.00000000E+00  0.00000000E+00  5.05290966E-02  0.00000000E+00  0.00000000E+00 -1.19521451E-01
    0.818000      1   0.00000000E+00  0.00000000E+00  2.73563858E-03  0.00000000E+00  0.00000000E+00  0.00000000E+00  0.00000000E+00  0.00000000E+00  5.04095637E-02  0.00000000E+00  0.00000000E+00 -1.19532857E-01
    0.819000      1   0.00000000E+00  0.00000000E+00  2.78608153E-03  0.00000000E+00  0.00000000E+00  0.00000000E+00  0.00000000E+00  0.00000000E+00  5.02900293E-02  0.00000000E+00  0.00000000E+00 -1.19534463E-01
    0.820000      1   0.00000000E+00  0.00000000E+00  2.74712958E-03  0.00000000E+00  0.00000000E+00  0.00000000E+00  0.00000000E+00  0.00000000E+00  5.01704845E-02  0.00000000E+00  0.00000000E+00 -1.19544779E-01
    0.821000      1   0.00000000E+00  0.00000000E+00  2.73597149E-03  0.00000000E+00  0.00000000E+00  0.00000000E+00  0.00000000E+00  0.00000000E+00  5.00509391E-02  0.00000000E+00  0.00000000E+00 -1.19545418E-01
    0.822000      1   0.00000000E+00  0.00000000E+00  2.77181064E-03  0.00000000E+00  0.00000000E+00  0.00000000E+00  0.00000000E+00  0.00000000E+00  4.99313782E-02  0.00000000E+00  0.00000000E+00 -1.19560822E-01
    0.823000      1   0.00000000E+00  0.00000000E+00  2.74261414E-03  0.00000000E+00  0.00000000E+00  0.00000000E+00  0.00000000E+00  0.00000000E+00  4.98118047E-02  0.00000000E+00  0.00000000E+00 -1.19573553E-01
    0.824000      1   0.00000000E+00  0.00000000E+00  2.78938726E-03  0.00000000E+00  0.00000000E+00  0.00000000E+00  0.00000000E+00  0.00000000E+00  4.96922250E-02  0.00000000E+00  0.00000000E+00 -1.19579677E-01
    0.825000      1   0.00000000E+00  0.00000000E+00  2.72847479E-03  0.00000000E+00  0.00000000E+00  0.00000000E+00  0.00000000E+00  0.00000000E+00  4.95726379E-02  0.00000000E+00  0.00000000E+00 -1.19587118E-01
    0.826000      1   0.00000000E+00  0.00000000E+00  2.77919505E-03  0.00000000E+00  0.00000000E+00  0.00000000E+00  0.00000000E+00  0.00000000E+00  4.94530479E-02  0.00000000E+00  0.00000000E+00 -1.19589970E-01
    0.827000      1   0.00000000E+00  0.00000000E+00  2.74024444E-03  0.00000000E+00  0.00000000E+00  0.00000000E+00  0.00000000E+00  0.00000000E+00  4.93334441E-02  0.00000000E+00  0.00000000E+00 -1.19603857E-01
    0.828000      1   0.00000000E+00  0.00000000E+00  2.75298150E-03  0.00000000E+00  0.00000000E+00  0.00000000E+00  0.00000000E+00  0.00000000E+00  4.92138361E-02  0.00000000E+00  0.00000000E+00 -1.19607974E-01
    0.829000      1   0.00000000E+00  0.00000000E+00  2.77562530E-03  0.00000000E+00  0.00000000E+00  0.00000000E+00  0.00000000E+00  0.00000000E+00  4.90942135E-02  0.00000000E+00  0.00000000E+00 -1.19622632E-01
    0.830000      1   0.00000000E+00  0.00000000E+00  2.73073770E-03  0.00000000E+00  0.00000000E+00  0.00000000E+00  0.00000000E+00  0.00000000E+00  4.89745844E-02  0.00000000E+00  0.00000000E+00 -1.19629102E-01
    0.831000      1   0.00000000E+00  0.00000000E+00  2.78936920E-03  0.00000000E+00  0.00000000E+00  0.00000000E+00  0.00000000E+00  0.00000000E+00  4.88549483E-02  0.00000000E+00  0.00000000E+00 -1.19636073E-01
    0.832000      1   0.00000000E+00  0.00000000E+00  2.72507733E-03  0.00000000E+00  0.00000000E+00  0.00000000E+00  0.00000000E+00  0.00000000E+00  4.87353009E-02  0.00000000E+00  0.00000000E+00 -1.19647417E-01
    0.833000      1   0.00000000E+00  0.00000000E+00  2.79346938E-03  0.00000000E+00  0.00000000E+00  0.00000000E+00  0.00000000E+00  0.00000000E+00  4.86156500E-02  0.00000000E+00  0.00000000E+00 -1.19650876E-01
    0.834000      1   0.00000000E+00  0.00000000E+00  2.73836525E-03  0.00000000E+00  0.00000000E+00  0.00000000E+00  0.00000000E+00  0.00000000E+00  4.84959866E-02  0.00000000E+00  0.00000000E+00 -1.19663355E-01
    0.835000      1   0.00000000E+00  0.00000000E+00  2.74508828E-03  0.00000000E+00  0.00000000E+00  0.00000000E+00  0.00000000E+00  0.00000000E+00  4.83763235E-02  0.00000000E+00  0.00000000E+00 -1.19663117E-01
    0.836000      1   0.00000000E+00  0.00000000E+00  2.77470991E-03  0.00000000E+00  0.00000000E+00  0.00000000E+00  0.00000000E+00  0.00000000E+00  4.82566437E-02  0.00000000E+00  0.00000000E+00 -1.19679787E-01
    0.837000      1   0.00000000E+00  0.00000000E+00  2.74526258E-03  0.00000000E+00  0.00000000E+00  0.00000000E+00  0.00000000E+00  0.00000000E+00  4.81369547E-02  0.00000000E+00  0.00000000E+00 -1.19689011E-01
    0.838000      1   0.00000000E+00  0.00000000E+00  2.78461850E-03  0.00000000E+00  0.00000000E+00  0.00000000E+00  0.00000000E+00  0.00000000E+00  4.80172610E-02  0.00000000E+00  0.00000000E+00 -1.19693714E-01
    0.839000      1   0.00000000E+00  0.00000000E+00  2.72121817E-03  0.00000000E+00  0.00000000E+00  0.00000000E+00  0.00000000E+00  0.00000000E+00  4.78975599E-02  0.00000000E+00  0.00000000E+00 -1.19701129E-01
    0.840000      1   0.00000000E+00  0.00000000E+00  2.78779614E-03  0.00000000E+00  0.00000000E+00  0.00000000E+00  0.00000000E+00  0.00000000E+00  4.77778531E-02  0.00000000E+00  0.00000000E+00 -1.19706830E-01
    0.841000      1   0.00000000E+00  0.00000000E+00  2.74762407E-03  0.00000000E+00  0.00000000E+00  0.00000000E+00  0.00000000E+00  0.00000000E+00  4.76581315E-02  0.00000000E+00  0.00000000E+00 -1.19721579E-01
    0.842000      1   0.00000000E+00  0.00000000E+00  2.76064041E-03  0.00000000E+00  0.00000000E+00  0.00000000E+00  0.00000000E+00  0.00000000E+00  4.75384099E-02  0.00000000E+00  0.00000000E+00 -1.19721567E-01
    0.843000      1   0.00000000E+00  0.00000000E+00  2.76244270E-03  0.00000000E+00  0.00000000E+00  0.00000000E+00  0.00000000E+00  0.00000000E+00  4.74186775E-02  0.00000000E+00  0.00000000E+00 -1.19732447E-01
    0.844000      1   0.00000000E+00  0.00000000E+00  2.73494142E-03  0.00000000E+00  0.00000000E+00  0.00000000E+00  0.00000000E+00  0.00000000E+00  4.72989387E-02  0.00000000E+00  0.00000000E+00 -1.19738732E-01
    0.845000      1   0.00000000E+00  0.00000000E+00  2.79212691E-03  0.00000000E+00  0.00000000E+00  0.00000000E+00  0.00000000E+00  0.00000000E+00  4.71791894E-02  0.00000000E+00  0.00000000E+00 -1.19749290E-01
    0.846000      1   0.00000000E+00  0.00000000E+00  2.71955678E-03  0.00000000E+00  0.00000000E+00  0.00000000E+00  0.00000000E+00  0.00000000E+00  4.70594307E-02  0.00000000E+00  0.00000000E+00 -1.19758766E-01
    0.847000      1   0.00000000E+00  0.00000000E+00  2.79708844E-03  0.00000000E+00  0.00000000E+00  0.00000000E+00  0.00000000E+00  0.00000000E+00  4.69396684E-02  0.00000000E+00  0.00000000E+00 -1.19762295E-01
    0.848000      1   0.00000000E+00  0.00000000E+00  2.74906237E-03  0.00000000E+00  0.00000000E+00  0.00000000E+00  0.00000000E+00  0.00000000E+00  4.68198924E-02  0.00000000E+00  0.00000000E+00 -1.19775947E-01
    0.849000      1   0.00000000E+00  0.00000000E+00  2.75949023E-03  0.00000000E+00  0.00000000E+00  0.00000000E+00  0.00000000E+00  0.00000000E+00  4.67001198E-02  0.00000000E+00  0.00000000E+00 -1.19772629E-01
    0.850000      1   0.00000000E+00  0.00000000E+00  2.76156705E-03  0.00000000E+00  0.00000000E+00  0.00000000E+00  0.00000000E+00  0.00000000E+00  4.65803366E-02  0.00000000E+00  0.00000000E+00 -1.19783239E-01
    0.851000      1   0.00000000E+00  0.00000000E+00  2.74243751E-03  0.00000000E+00  0.00000000E+00  0.00000000E+00  0.00000000E+00  0.00000000E+00  4.64605465E-02  0.00000000E+00  0.00000000E+00 -1.19790058E-01
    0.852000      1   0.00000000E+00  0.00000000E+00  2.78810803E-03  0.00000000E+00  0.00000000E+00  0.00000000E+00  0.00000000E+00  0.00000000E+00  4.63407469E-02  0.00000000E+00  0.00000000E+00 -1.19799577E-01
    0.853000      1   0.00000000E+00  0.00000000E+00  2.72255953E-03  0.00000000E+00  0.00000000E+00  0.00000000E+00  0.00000000E+00  0.00000000E+00  4.62209396E-02  0.00000000E+00  0.00000000E+00 -1.19807302E-01
    0.854000      1   0.00000000E+00  0.00000000E+00  2.78682794E-03  0.00000000E+00  0.00000000E+00  0.00000000E+00  0.00000000E+00  0.00000000E+00  4.61011280E-02  0.00000000E+00  0.00000000E+00 -1.19811620E-01
    0.855000      1   0.00000000E+00  0.00000000E+00  2.75402703E-03  0.00000000E+00  0.00000000E+00  0.00000000E+00  0.00000000E+00  0.00000000E+00  4.59813019E-02  0.00000000E+00  0.00000000E+00 -1.19826100E-01
    0.856000      1   0.00000000E+00  0.00000000E+00  2.77176243E-03  0.00000000E+00  0.00000000E+00  0.00000000E+00  0.00000000E+00  0.00000000E+00  4.58614766E-02  0.00000000E+00  0.00000000E+00 -1.19825274E-01
    0.857000      1   0.00000000E+00  0.00000000E+00  2.75669227E-03  0.00000000E+00  0.00000000E+00  0.00000000E+00  0.00000000E+00  0.00000000E+00  4.57416445E-02  0.00000000E+00  0.00000000E+00 -1.19832083E-01
    0.858000      1   0.00000000E+00  0.00000000E+00  2.73310126E-03  0.00000000E+00  0.00000000E+00  0.00000000E+00  0.00000000E+00  0.00000000E+00  4.56218088E-02  0.00000000E+00  0.00000000E+00 -1.19835733E-01
    0.859000      1   0.00000000E+00  0.00000000E+00  2.78005899E-03  0.00000000E+00  0.00000000E+00  0.00000000E+00  0.00000000E+00  0.00000000E+00  4.55019603E-02  0.00000000E+00  0.00000000E+00 -1.19848504E-01
    0.860000      1   0.00000000E+00  0.00000000E+00  2.73391282E-03  0.00000000E+00  0.00000000E+00  0.00000000E+00  0.00000000E+00  0.00000000E+00  4.53820996E-02  0.00000000E+00  0.00000000E+00 -1.19860719E-01
    0.861000      1   0.00000000E+00  0.00000000E+00  2.79770637E-03  0.00000000E+00  0.00000000E+00  0.00000000E+00  0.00000000E+00  0.00000000E+00  4.52622339E-02  0.00000000E+00  0.00000000E+00 -1.19865673E-01
    0.862000      1   0.00000000E+00  0.00000000E+00  2.74691484E-03  0.00000000E+00  0.00000000E+00  0.00000000E+00  0.00000000E+00  0.00000000E+00  4.51423594E-02  0.00000000E+00  0.00000000E+00 -1.19874501E-01
    0.863000      1   0.00000000E+00  0.00000000E+00  2.77218716E-03  0.00000000E+00  0.00000000E+00  0.00000000E+00  0.00000000E+00  0.00000000E+00  4.50224881E-02  0.00000000E+00  0.00000000E+00 -1.19871359E-01
    0.864000      1   0.00000000E+00  0.00000000E+00  2.75445880E-03  0.00000000E+00  0.00000000E+00  0.00000000E+00  0.00000000E+00  0.00000000E+00  4.49026076E-02  0.00000000E+00  0.00000000E+00 -1.19880430E-01
    0.865000      1   0.00000000E+00  0.00000000E+00  2.74472780E-03  0.00000000E+00  0.00000000E+00  0.00000000E+00  0.00000000E+00  0.00000000E+00  4.47827233E-02  0.00000000E+00  0.00000000E+00 -1.19884335E-01
    0.866000      1   0.00000000E+00  0.00000000E+00  2.76901854E-03  0.00000000E+00  0.00000000E+00  0.00000000E+00  0.00000000E+00  0.00000000E+00  4.46628275E-02  0.00000000E+00  0.00000000E+00 -1.19895784E-01
    0.867000      1   0.00000000E+00  0.00000000E+00  2.73739691E-03  0.00000000E+00  0.00000000E+00  0.00000000E+00  0.00000000E+00  0.00000000E+00  4.45429214E-02  0.00000000E+00  0.00000000E+00 -1.19906133E-01
    0.868000      1   0.00000000E+00  0.00000000E+00  2.80121447E-03  0.00000000E+00  0.00000000E+00  0.00000000E+00  0.00000000E+00  0.00000000E+00  4.44230073E-02  0.00000000E+00  0.00000000E+00 -1.19914096E-01
    0.869000      1   0.00000000E+00  0.00000000E+00  2.74202793E-03  0.00000000E+00  0.00000000E+00  0.00000000E+00  0.00000000E+00  0.00000000E+00  4.43030861E-02  0.00000000E+00  0.00000000E+00 -1.19921159E-01
    0.870000      1   0.00000000E+00  0.00000000E+00  2.78124699E-03  0.00000000E+00  0.00000000E+00  0.00000000E+00  0.00000000E+00  0.00000000E+00  4.41831684E-02  0.00000000E+00  0.00000000E+00 -1.19917730E-01
    0.871000      1   0.00000000E+00  0.00000000E+00  2.75085811E-03  0.00000000E+00  0.00000000E+00  0.00000000E+00  0.00000000E+00  0.00000000E+00  4.40632416E-02  0.00000000E+00  0.00000000E+00 -1.19926803E-01
    0.872000      1   0.00000000E+00  0.00000000E+00  2.73704738E-03  0.00000000E+00  0.00000000E+00  0.00000000E+00  0.00000000E+00  0.00000000E+00  4.39433132E-02  0.00000000E+00  0.00000000E+00 -1.19928370E-01
    0.873000      1   0.00000000E+00  0.00000000E+00  2.77356351E-03  0.00000000E+00  0.00000000E+00  0.00000000E+00  0.00000000E+00  0.00000000E+00  4.38233709E-02  0.00000000E+00  0.00000000E+00 -1.19942359E-01
    0.874000      1   0.00000000E+00  0.00000000E+00  2.74997948E-03  0.00000000E+00  0.00000000E+00  0.00000000E+00  0.00000000E+00  0.00000000E+00  4.37034164E-02  0.00000000E+00  0.00000000E+00 -1.19954427E-01
    0.875000      1   0.00000000E+00  0.00000000E+00  2.79000535E-03  0.00000000E+00  0.00000000E+00  0.00000000E+00  0.00000000E+00  0.00000000E+00  4.35834578E-02  0.00000000E+00  0.00000000E+00 -1.19958673E-01
    0.876000      1   0.00000000E+00  0.00000000E+00  2.73581668E-03  0.00000000E+00  0.00000000E+00  0.00000000E+00  0.00000000E+00  0.00000000E+00  4.34634942E-02  0.00000000E+00  0.00000000E+00 -1.19963586E-01
    0.877000      1   0.00000000E+00  0.00000000E+00  2.78533327E-03  0.00000000E+00  0.00000000E+00  0.00000000E+00  0.00000000E+00  0.00000000E+00  4.33435292E-02  0.00000000E+00  0.00000000E+00 -1.19964936E-01
    0.878000      1   0.00000000E+00  0.00000000E+00  2.74445997E-03  0.00000000E+00  0.00000000E+00  0.00000000E+00  0.00000000E+00  0.00000000E+00  4.32235539E-02  0.00000000E+00  0.00000000E+00 -1.19975326E-01
    0.879000      1   0.00000000E+00  0.00000000E+00  2.75516525E-03  0.00000000E+00  0.00000000E+00  0.00000000E+00  0.00000000E+00  0.00000000E+00  4.31035772E-02  0.00000000E+00  0.00000000E+00 -1.19976683E-01
    0.880000      1   0.00000000E+00  0.00000000E+00  2.78114594E-03  0.00000000E+00  0.00000000E+00  0.00000000E+00  0.00000000E+00  0.00000000E+00  4.29835877E-02  0.00000000E+00  0.00000000E+00 -1.19989569E-01
    0.881000      1   0.00000000E+00  0.00000000E+00  2.73637556E-03  0.00000000E+00  0.00000000E+00  0.00000000E+00  0.00000000E+00  0.00000000E+00  4.28635933E-02  0.00000000E+00  0.00000000E+00 -1.19994346E-01
    0.882000      1   0.00000000E+00  0.00000000E+00  2.79419274E-03  0.00000000E+00  0.00000000E+00  0.00000000E+00  0.00000000E+00  0.00000000E+00  4.27435948E-02  0.00000000E+00  0.00000000E+00 -1.19998507E-01
    0.883000      1   0.00000000E+00  0.00000000E+00  2.72963107E-03  0.00000000E+00  0.00000000E+00  0.00000000E+00  0.00000000E+00  0.00000000E+00  4.26235877E-02  0.00000000E+00  0.00000000E+00 -1.20007147E-01
    0.884000      1   0.00000000E+00  0.00000000E+00  2.79574685E-03  0.00000000E+00  0.00000000E+00  0.00000000E+00  0.00000000E+00  0.00000000E+00  4.25035794E-02  0.00000000E+00  0.00000000E+00 -1.20008216E-01
    0.885000      1   0.00000000E+00  0.00000000E+00  2.74447175E-03  0.00000000E+00  0.00000000E+00  0.00000000E+00  0.00000000E+00  0.00000000E+00  4.23835606E-02  0.00000000E+00  0.00000000E+00 -1.20018797E-01
    0.886000      1   0.00000000E+00  0.00000000E+00  2.75427185E-03  0.00000000E+00  0.00000000E+00  0.00000000E+00  0.00000000E+00  0.00000000E+00  4.22635439E-02  0.00000000E+00  0.00000000E+00 -1.20016731E-01
    0.887000      1   0.00000000E+00  0.00000000E+00  2.77438647E-03  0.00000000E+00  0.00000000E+00  0.00000000E+00  0.00000000E+00  0.00000000E+00  4.21435141E-02  0.00000000E+00  0.00000000E+00 -1.20029772E-01
    0.888000      1   0.00000000E+00  0.00000000E+00  2.75028103E-03  0.00000000E+00  0.00000000E+00  0.00000000E+00  0.00000000E+00  0.00000000E+00  4.20234781E-02  0.00000000E+00  0.00000000E+00 -1.20036037E-01
    0.889000      1   0.00000000E+00  0.00000000E+00  2.79432697E-03  0.00000000E+00  0.00000000E+00  0.00000000E+00  0.00000000E+00  0.00000000E+00  4.19034381E-02  0.00000000E+00  0.00000000E+00 -1.20039959E-01
    0.890000      1   0.00000000E+00  0.00000000E+00  2.72108667E-03  0.00000000E+00  0.00000000E+00  0.00000000E+00  0.00000000E+00  0.00000000E+00  4.17833941E-02  0.00000000E+00  0.00000000E+00 -1.20044009E-01
    0.891000      1   0.00000000E+00  0.00000000E+00  2.79221731E-03  0.00000000E+00  0.00000000E+00  0.00000000E+00  0.00000000E+00  0.00000000E+00  4.16633476E-02  0.00000000E+00  0.00000000E+00 -1.20046545E-01
    0.892000      1   0.00000000E+00  0.00000000E+00  2.75035506E-03  0.00000000E+00  0.00000000E+00  0.00000000E+00  0.00000000E+00  0.00000000E+00  4.15432870E-02  0.00000000E+00  0.00000000E+00 -1.20060555E-01
    0.893000      1   0.00000000E+00  0.00000000E+00  2.77012308E-03  0.00000000E+00  0.00000000E+00  0.00000000E+00  0.00000000E+00  0.00000000E+00  4.14232284E-02  0.00000000E+00  0.00000000E+00 -1.20058608E-01
    0.894000      1   0.00000000E+00  0.00000000E+00  2.76799463E-03  0.00000000E+00  0.00000000E+00  0.00000000E+00  0.00000000E+00  0.00000000E+00  4.13031615E-02  0.00000000E+00  0.00000000E+00 -1.20066914E-01
    0.895000      1   0.00000000E+00  0.00000000E+00  2.73715448E-03  0.00000000E+00  0.00000000E+00  0.00000000E+00  0.00000000E+00  0.00000000E+00  4.11830924E-02  0.00000000E+00  0.00000000E+00 -1.20069104E-01
    0.896000      1   0.00000000E+00  0.00000000E+00  2.79371542E-03  0.00000000E+00  0.00000000E+00  0.00000000E+00  0.00000000E+00  0.00000000E+00  4.10630150E-02  0.00000000E+00  0.00000000E+00 -1.20077446E-01
    0.897000      1   0.00000000E+00  0.00000000E+00  2.73198990E-03  0.00000000E+00  0.00000000E+00  0.00000000E+00  0.00000000E+00  0.00000000E+00  4.09429290E-02  0.00000000E+00  0.00000000E+00 -1.20085915E-01
    0.898000      1   0.00000000E+00  0.00000000E+00  2.79728852E-03  0.00000000E+00  0.00000000E+00  0.00000000E+00  0.00000000E+00  0.00000000E+00  4.08228423E-02  0.00000000E+00  0.00000000E+00 -1.20086724E-01
    0.899000      1   0.00000000E+00  0.00000000E+00  2.75573687E-03  0.00000000E+00  0.00000000E+00  0.00000000E+00  0.00000000E+00  0.00000000E+00  4.07027461E-02  0.00000000E+00  0.00000000E+00 -1.20096257E-01
    0.900000      1   0.00000000E+00  0.00000000E+00  2.76565987E-03  0.00000000E+00  0.00000000E+00  0.00000000E+00  0.00000000E+00  0.00000000E+00  4.05826544E-02  0.00000000E+00  0.00000000E+00 -1.20091693E-01
    0.901000      1   0.00000000E+00  0.00000000E+00  2.75892076E-03  0.00000000E+00  0.00000000E+00  0.00000000E+00  0.00000000E+00  0.00000000E+00  4.04625554E-02  0.00000000E+00  0.00000000E+00 -1.20099020E-01
    0.902000      1   0.00000000E+00  0.00000000E+00  2.75172105E-03  0.00000000E+00  0.00000000E+00  0.00000000E+00  0.00000000E+00  0.00000000E+00  4.03424511E-02  0.00000000E+00  0.00000000E+00 -1.20104280E-01
    0.903000      1   0.00000000E+00  0.00000000E+00  2.78019776E-03  0.00000000E+00  0.00000000E+00  0.00000000E+00  0.00000000E+00  0.00000000E+00  4.02223380E-02  0.00000000E+00  0.00000000E+00 -1.20113027E-01
    0.904000      1   0.00000000E+00  0.00000000E+00  2.73118528E-03  0.00000000E+00  0.00000000E+00  0.00000000E+00  0.00000000E+00  0.00000000E+00  4.01022189E-02  0.00000000E+00  0.00000000E+00 -1.20119102E-01
    0.905000      1   0.00000000E+00  0.00000000E+00  2.79876444E-03  0.00000000E+00  0.00000000E+00  0.00000000E+00  0.00000000E+00  0.00000000E+00  3.99820945E-02  0.00000000E+00  0.00000000E+00 -1.20124492E-01
    0.906000      1   0.00000000E+00  0.00000000E+00  2.74720351E-03  0.00000000E+00  0.00000000E+00  0.00000000E+00  0.00000000E+00  0.00000000E+00  3.98619604E-02  0.00000000E+00  0.00000000E+00 -1.20134029E-01
    0.907000      1   0.00000000E+00  0.00000000E+00  2.78334826E-03  0.00000000E+00  0.00000000E+00  0.00000000E+00  0.00000000E+00  0.00000000E+00  3.97418299E-02  0.00000000E+00  0.00000000E+00 -1.20130489E-01
    0.908000      1   0.00000000E+00  0.00000000E+00  2.75743987E-03  0.00000000E+00  0.00000000E+00  0.00000000E+00  0.00000000E+00  0.00000000E+00  3.96216924E-02  0.00000000E+00  0.00000000E+00 -1.20137491E-01
    0.909000      1   0.00000000E+00  0.00000000E+00  2.74370838E-03  0.00000000E+00  0.00000000E+00  0.00000000E+00  0.00000000E+00  0.00000000E+00  3.95015552E-02  0.00000000E+00  0.00000000E+00 -1.20137204E-01
    0.910000      1   0.00000000E+00  0.00000000E+00  2.77676674E-03  0.00000000E+00  0.00000000E+00  0.00000000E+00  0.00000000E+00  0.00000000E+00  3.93814074E-02  0.00000000E+00  0.00000000E+00 -1.20147853E-01
    0.911000      1   0.00000000E+00  0.00000000E+00  2.74738139E-03  0.00000000E+00  0.00000000E+00  0.00000000E+00  0.00000000E+00  0.00000000E+00  3.92612502E-02  0.00000000E+00  0.00000000E+00 -1.20157167E-01
    0.912000      1   0.00000000E+00  0.00000000E+00  2.79968183E-03  0.00000000E+00  0.00000000E+00  0.00000000E+00  0.00000000E+00  0.00000000E+00  3.91410894E-02  0.00000000E+00  0.00000000E+00 -1.20160820E-01
    0.913000      1   0.00000000E+00  0.00000000E+00  2.74183660E-03  0.00000000E+00  0.00000000E+00  0.00000000E+00  0.00000000E+00  0.00000000E+00  3.90209245E-02  0.00000000E+00  0.00000000E+00 -1.20164875E-01
    0.914000      1   0.00000000E+00  0.00000000E+00  2.78393001E-03  0.00000000E+00  0.00000000E+00  0.00000000E+00  0.00000000E+00  0.00000000E+00  3.89007625E-02  0.00000000E+00  0.00000000E+00 -1.20161983E-01
    0.915000      1   0.00000000E+00  0.00000000E+00  2.75139137E-03  0.00000000E+00  0.00000000E+00  0.00000000E+00  0.00000000E+00  0.00000000E+00  3.87805919E-02  0.00000000E+00  0.00000000E+00 -1.20170645E-01
    0.916000      1   0.00000000E+00  0.00000000E+00  2.75856232E-03  0.00000000E+00  0.00000000E+00  0.00000000E+00  0.00000000E+00  0.00000000E+00  3.86604207E-02  0.00000000E+00  0.00000000E+00 -1.20171236E-01
    0.917000      1   0.00000000E+00  0.00000000E+00  2.78411946E-03  0.00000000E+00  0.00000000E+00  0.00000000E+00  0.00000000E+00  0.00000000E+00  3.85402394E-02  0.00000000E+00  0.00000000E+00 -1.20181246E-01
    0.918000      1   0.00000000E+00  0.00000000E+00  2.73856087E-03  0.00000000E+00  0.00000000E+00  0.00000000E+00  0.00000000E+00  0.00000000E+00  3.84200550E-02  0.00000000E+00  0.00000000E+00 -1.20184381E-01
    0.919000      1   0.00000000E+00  0.00000000E+00  2.79717543E-03  0.00000000E+00  0.00000000E+00  0.00000000E+00  0.00000000E+00  0.00000000E+00  3.82998679E-02  0.00000000E+00  0.00000000E+00 -1.20187179E-01
    0.920000      1   0.00000000E+00  0.00000000E+00  2.73425708E-03  0.00000000E+00  0.00000000E+00  0.00000000E+00  0.00000000E+00  0.00000000E+00  3.81796733E-02  0.00000000E+00  0.00000000E+00 -1.20194574E-01
    0.921000      1   0.00000000E+00  0.00000000E+00  2.79923360E-03  0.00000000E+00  0.00000000E+00  0.00000000E+00  0.00000000E+00  0.00000000E+00  3.80594794E-02  0.00000000E+00  0.00000000E+00 -1.20193845E-01
    0.922000      1   0.00000000E+00  0.00000000E+00  2.74698635E-03  0.00000000E+00  0.00000000E+00  0.00000000E+00  0.00000000E+00  0.00000000E+00  3.79392772E-02  0.00000000E+00  0.00000000E+00 -1.20202290E-01
    0.923000      1   0.00000000E+00  0.00000000E+00  2.75670267E-03  0.00000000E+00  0.00000000E+00  0.00000000E+00  0.00000000E+00  0.00000000E+00  3.78190785E-02  0.00000000E+00  0.00000000E+00 -1.20198634E-01
    0.924000      1   0.00000000E+00  0.00000000E+00  2.77881131E-03  0.00000000E+00  0.00000000E+00  0.00000000E+00  0.00000000E+00  0.00000000E+00  3.76988681E-02  0.00000000E+00  0.00000000E+00 -1.20210419E-01
    0.925000      1   0.00000000E+00  0.00000000E+00  2.75469246E-03  0.00000000E+00  0.00000000E+00  0.00000000E+00  0.00000000E+00  0.00000000E+00  3.75786530E-02  0.00000000E+00  0.00000000E+00 -1.20215104E-01
    0.926000      1   0.00000000E+00  0.00000000E+00  2.79734758E-03  0.00000000E+00  0.00000000E+00  0.00000000E+00  0.00000000E+00  0.00000000E+00  3.74584362E-02  0.00000000E+00  0.00000000E+00 -1.20216793E-01
    0.927000      1   0.00000000E+00  0.00000000E+00  2.72385102E-03  0.00000000E+00  0.00000000E+00  0.00000000E+00  0.00000000E+00  0.00000000E+00  3.73382173E-02  0.00000000E+00  0.00000000E+00 -1.20218859E-01
    0.928000      1   0.00000000E+00  0.00000000E+00  2.79714777E-03  0.00000000E+00  0.00000000E+00  0.00000000E+00  0.00000000E+00  0.00000000E+00  3.72179974E-02  0.00000000E+00  0.00000000E+00 -1.20219914E-01
    0.929000      1   0.00000000E+00  0.00000000E+00  2.75407146E-03  0.00000000E+00  0.00000000E+00  0.00000000E+00  0.00000000E+00  0.00000000E+00  3.70977653E-02  0.00000000E+00  0.00000000E+00 -1.20232145E-01
    0.930000      1   0.00000000E+00  0.00000000E+00  2.77473117E-03  0.00000000E+00  0.00000000E+00  0.00000000E+00  0.00000000E+00  0.00000000E+00  3.69775374E-02  0.00000000E+00  0.00000000E+00 -1.20227922E-01
    0.931000      1   0.00000000E+00  0.00000000E+00  2.76967495E-03  0.00000000E+00  0.00000000E+00  0.00000000E+00  0.00000000E+00  0.00000000E+00  3.68573032E-02  0.00000000E+00  0.00000000E+00 -1.20234192E-01
    0.932000      1   0.00000000E+00  0.00000000E+00  2.74046389E-03  0.00000000E+00  0.00000000E+00  0.00000000E+00  0.00000000E+00  0.00000000E+00  3.67370686E-02  0.00000000E+00  0.00000000E+00 -1.20234571E-01
    0.933000      1   0.00000000E+00  0.00000000E+00  2.79222913E-03  0.00000000E+00  0.00000000E+00  0.00000000E+00  0.00000000E+00  0.00000000E+00  3.66168268E-02  0.00000000E+00  0.00000000E+00 -1.20241777E-01
    0.934000      1   0.00000000E+00  0.00000000E+00  2.73788829E-03  0.00000000E+00  0.00000000E+00  0.00000000E+00  0.00000000E+00  0.00000000E+00  3.64965774E-02  0.00000000E+00  0.00000000E+00 -1.20249421E-01
    0.935000      1   0.00000000E+00  0.00000000E+00  2.80432982E-03  0.00000000E+00  0.00000000E+00  0.00000000E+00  0.00000000E+00  0.00000000E+00  3.63763277E-02  0.00000000E+00  0.00000000E+00 -1.20249675E-01
    0.936000      1   0.00000000E+00  0.00000000E+00  2.75935657E-03  0.00000000E+00  0.00000000E+00  0.00000000E+00  0.00000000E+00  0.00000000E+00  3.62560717E-02  0.00000000E+00  0.00000000E+00 -1.20256026E-01
    0.937000      1   0.00000000E+00  0.00000000E+00  2.77408176E-03  0.00000000E+00  0.00000000E+00  0.00000000E+00  0.00000000E+00  0.00000000E+00  3.61358232E-02  0.00000000E+00  0.00000000E+00 -1.20248509E-01
    0.938000      1   0.00000000E+00  0.00000000E+00  2.75946175E-03  0.00000000E+00  0.00000000E+00  0.00000000E+00  0.00000000E+00  0.00000000E+00  3.60155700E-02  0.00000000E+00  0.00000000E+00 -1.20253159E-01
    0.939000      1   0.00000000E+00  0.00000000E+00  2.75213799E-03  0.00000000E+00  0.00000000E+00  0.00000000E+00  0.00000000E+00  0.00000000E+00  3.58953145E-02  0.00000000E+00  0.00000000E+00 -1.20255557E-01
    0.940000      1   0.00000000E+00  0.00000000E+00  2.77816709E-03  0.00000000E+00  0.00000000E+00  0.00000000E+00  0.00000000E+00  0.00000000E+00  3.57750504E-02  0.00000000E+00  0.00000000E+00 -1.20264052E-01
    0.941000      1   0.00000000E+00  0.00000000E+00  2.74323315E-03  0.00000000E+00  0.00000000E+00  0.00000000E+00  0.00000000E+00  0.00000000E+00  3.56547801E-02  0.00000000E+00  0.00000000E+00 -1.20270350E-01
    0.942000      1   0.00000000E+00  0.00000000E+00  2.80800962E-03  0.00000000E+00  0.00000000E+00  0.00000000E+00  0.00000000E+00  0.00000000E+00  3.55345058E-02  0.00000000E+00  0.00000000E+00 -1.20274277E-01
    0.943000      1   0.00000000E+00  0.00000000E+00  2.74920328E-03  0.00000000E+00  0.00000000E+00  0.00000000E+00  0.00000000E+00  0.00000000E+00  3.54142276E-02  0.00000000E+00  0.00000000E+00 -1.20278221E-01
    0.944000      1   0.00000000E+00  0.00000000E+00  2.78864829E-03  0.00000000E+00  0.00000000E+00  0.00000000E+00  0.00000000E+00  0.00000000E+00  3.52939563E-02  0.00000000E+00  0.00000000E+00 -1.20271292E-01
    0.945000      1   0.00000000E+00  0.00000000E+00  2.75877419E-03  0.00000000E+00  0.00000000E+00  0.00000000E+00  0.00000000E+00  0.00000000E+00  3.51736796E-02  0.00000000E+00  0.00000000E+00 -1.20276699E-01
    0.946000      1   0.00000000E+00  0.00000000E+00  2.74447071E-03  0.00000000E+00  0.00000000E+00  0.00000000E+00  0.00000000E+00  0.00000000E+00  3.50534051E-02  0.00000000E+00  0.00000000E+00 -1.20274436E-01
    0.947000      1   0.00000000E+00  0.00000000E+00  2.78094337E-03  0.00000000E+00  0.00000000E+00  0.00000000E+00  0.00000000E+00  0.00000000E+00  3.49331206E-02  0.00000000E+00  0.00000000E+00 -1.20284513E-01
    0.948000      1   0.00000000E+00  0.00000000E+00  2.75793463E-03  0.00000000E+00  0.00000000E+00  0.00000000E+00  0.00000000E+00  0.00000000E+00  3.48128278E-02  0.00000000E+00  0.00000000E+00 -1.20292837E-01
    0.949000      1   0.00000000E+00  0.00000000E+00  2.80134202E-03  0.00000000E+00  0.00000000E+00  0.00000000E+00  0.00000000E+00  0.00000000E+00  3.46925345E-02  0.00000000E+00  0.00000000E+00 -1.20293252E-01
    0.950000      1   0.00000000E+00  0.00000000E+00  2.74185508E-03  0.00000000E+00  0.00000000E+00  0.00000000E+00  0.00000000E+00  0.00000000E+00  3.45722410E-02  0.00000000E+00  0.00000000E+00 -1.20293548E-01
    0.951000      1   0.00000000E+00  0.00000000E+00  2.79190351E-03  0.00000000E+00  0.00000000E+00  0.00000000E+00  0.00000000E+00  0.00000000E+00  3.44519509E-02  0.00000000E+00  0.00000000E+00 -1.20290107E-01
    0.952000      1   0.00000000E+00  0.00000000E+00  2.74964638E-03  0.00000000E+00  0.00000000E+00  0.00000000E+00  0.00000000E+00  0.00000000E+00  3.43316535E-02  0.00000000E+00  0.00000000E+00 -1.20297353E-01
    0.953000      1   0.00000000E+00  0.00000000E+00  2.76515494E-03  0.00000000E+00  0.00000000E+00  0.00000000E+00  0.00000000E+00  0.00000000E+00  3.42113579E-02  0.00000000E+00  0.00000000E+00 -1.20295634E-01
    0.954000      1   0.00000000E+00  0.00000000E+00  2.78684532E-03  0.00000000E+00  0.00000000E+00  0.00000000E+00  0.00000000E+00  0.00000000E+00  3.40910528E-02  0.00000000E+00  0.00000000E+00 -1.20305051E-01
    0.955000      1   0.00000000E+00  0.00000000E+00  2.74335845E-03  0.00000000E+00  0.00000000E+00  0.00000000E+00  0.00000000E+00  0.00000000E+00  3.39707473E-02  0.00000000E+00  0.00000000E+00 -1.20305539E-01
    0.956000      1   0.00000000E+00  0.00000000E+00  2.79647130E-03  0.00000000E+00  0.00000000E+00  0.00000000E+00  0.00000000E+00  0.00000000E+00  3.38504407E-02  0.00000000E+00  0.00000000E+00 -1.20306594E-01
    0.957000      1   0.00000000E+00  0.00000000E+00  2.73928449E-03  0.00000000E+00  0.00000000E+00  0.00000000E+00  0.00000000E+00  0.00000000E+00  3.37301282E-02  0.00000000E+00  0.00000000E+00 -1.20312537E-01
    0.958000      1   0.00000000E+00  0.00000000E+00  2.80709707E-03  0.00000000E+00  0.00000000E+00  0.00000000E+00  0.00000000E+00  0.00000000E+00  3.36098170E-02  0.00000000E+00  0.00000000E+00 -1.20311151E-01
    0.959000      1   0.00000000E+00  0.00000000E+00  2.75808414E-03  0.00000000E+00  0.00000000E+00  0.00000000E+00  0.00000000E+00  0.00000000E+00  3.34895005E-02  0.00000000E+00  0.00000000E+00 -1.20316554E-01
    0.960000      1   0.00000000E+00  0.00000000E+00  2.76823270E-03  0.00000000E+00  0.00000000E+00  0.00000000E+00  0.00000000E+00  0.00000000E+00  3.33691921E-02  0.00000000E+00  0.00000000E+00 -1.20308354E-01
    0.961000      1   0.00000000E+00  0.00000000E+00  2.77622933E-03  0.00000000E+00  0.00000000E+00  0.00000000E+00  0.00000000E+00  0.00000000E+00  3.32488777E-02  0.00000000E+00  0.00000000E+00 -1.20314455E-01
    0.962000      1   0.00000000E+00  0.00000000E+00  2.75759186E-03  0.00000000E+00  0.00000000E+00  0.00000000E+00  0.00000000E+00  0.00000000E+00  3.31285619E-02  0.00000000E+00  0.00000000E+00 -1.20315809E-01
    0.963000      1   0.00000000E+00  0.00000000E+00  2.79781769E-03  0.00000000E+00  0.00000000E+00  0.00000000E+00  0.00000000E+00  0.00000000E+00  3.30082440E-02  0.00000000E+00  0.00000000E+00 -1.20317833E-01
    0.964000      1   0.00000000E+00  0.00000000E+00  2.73295305E-03  0.00000000E+00  0.00000000E+00  0.00000000E+00  0.00000000E+00  0.00000000E+00  3.28879252E-02  0.00000000E+00  0.00000000E+00 -1.20318865E-01
    0.965000      1   0.00000000E+00  0.00000000E+00  2.79898214E-03  0.00000000E+00  0.00000000E+00  0.00000000E+00  0.00000000E+00  0.00000000E+00  3.27676070E-02  0.00000000E+00  0.00000000E+00 -1.20318156E-01
    0.966000      1   0.00000000E+00  0.00000000E+00  2.76593411E-03  0.00000000E+00  0.00000000E+00  0.00000000E+00  0.00000000E+00  0.00000000E+00  3.26472799E-02  0.00000000E+00  0.00000000E+00 -1.20327073E-01
    0.967000      1   0.00000000E+00  0.00000000E+00  2.78569007E-03  0.00000000E+00  0.00000000E+00  0.00000000E+00  0.00000000E+00  0.00000000E+00  3.25269598E-02  0.00000000E+00  0.00000000E+00 -1.20320150E-01
    0.968000      1   0.00000000E+00  0.00000000E+00  2.76471175E-03  0.00000000E+00  0.00000000E+00  0.00000000E+00  0.00000000E+00  0.00000000E+00  3.24066392E-02  0.00000000E+00  0.00000000E+00 -1.20320586E-01
    0.969000      1   0.00000000E+00  0.00000000E+00  2.75058716E-03  0.00000000E+00  0.00000000E+00  0.00000000E+00  0.00000000E+00  0.00000000E+00  3.22863209E-02  0.00000000E+00  0.00000000E+00 -1.20318244E-01
    0.970000      1   0.00000000E+00  0.00000000E+00  2.78919315E-03  0.00000000E+00  0.00000000E+00  0.00000000E+00  0.00000000E+00  0.00000000E+00  3.21659957E-02  0.00000000E+00  0.00000000E+00 -1.20325289E-01
    0.971000      1   0.00000000E+00  0.00000000E+00  2.74987860E-03  0.00000000E+00  0.00000000E+00  0.00000000E+00  0.00000000E+00  0.00000000E+00  3.20456655E-02  0.00000000E+00  0.00000000E+00 -1.20330146E-01
    0.972000      1   0.00000000E+00  0.00000000E+00  2.81153531E-03  0.00000000E+00  0.00000000E+00  0.00000000E+00  0.00000000E+00  0.00000000E+00  3.19253362E-02  0.00000000E+00  0.00000000E+00 -1.20329276E-01
    0.973000      1   0.00000000E+00  0.00000000E+00  2.75214953E-03  0.00000000E+00  0.00000000E+00  0.00000000E+00  0.00000000E+00  0.00000000E+00  3.18050058E-02  0.00000000E+00  0.00000000E+00 -1.20330415E-01
    0.974000      1   0.00000000E+00  0.00000000E+00  2.78620565E-03  0.00000000E+00  0.00000000E+00  0.00000000E+00  0.00000000E+00  0.00000000E+00  3.16846840E-02  0.00000000E+00  0.00000000E+00 -1.20321807E-01
    0.975000      1   0.00000000E+00  0.00000000E+00  2.76716591E-03  0.00000000E+00  0.00000000E+00  0.00000000E+00  0.00000000E+00  0.00000000E+00  3.15643573E-02  0.00000000E+00  0.00000000E+00 -1.20326679E-01
    0.976000      1   0.00000000E+00  0.00000000E+00  2.75847119E-03  0.00000000E+00  0.00000000E+00  0.00000000E+00  0.00000000E+00  0.00000000E+00  3.14440336E-02  0.00000000E+00  0.00000000E+00 -1.20323733E-01
    0.977000      1   0.00000000E+00  0.00000000E+00  2.78123088E-03  0.00000000E+00  0.00000000E+00  0.00000000E+00  0.00000000E+00  0.00000000E+00  3.13237050E-02  0.00000000E+00  0.00000000E+00 -1.20328578E-01
    0.978000      1   0.00000000E+00  0.00000000E+00  2.75331639E-03  0.00000000E+00  0.00000000E+00  0.00000000E+00  0.00000000E+00  0.00000000E+00  3.12033728E-02  0.00000000E+00  0.00000000E+00 -1.20332254E-01
    0.979000      1   0.00000000E+00  0.00000000E+00  2.80424199E-03  0.00000000E+00  0.00000000E+00  0.00000000E+00  0.00000000E+00  0.00000000E+00  3.10830394E-02  0.00000000E+00  0.00000000E+00 -1.20333392E-01
    0.980000      1   0.00000000E+00  0.00000000E+00  2.75436802E-03  0.00000000E+00  0.00000000E+00  0.00000000E+00  0.00000000E+00  0.00000000E+00  3.09627047E-02  0.00000000E+00  0.00000000E+00 -1.20334691E-01
    0.981000      1   0.00000000E+00  0.00000000E+00  2.80209259E-03  0.00000000E+00  0.00000000E+00  0.00000000E+00  0.00000000E+00  0.00000000E+00  3.08423766E-02  0.00000000E+00  0.00000000E+00 -1.20328085E-01
    0.982000      1   0.00000000E+00  0.00000000E+00  2.75607140E-03  0.00000000E+00  0.00000000E+00  0.00000000E+00  0.00000000E+00  0.00000000E+00  3.07220472E-02  0.00000000E+00  0.00000000E+00 -1.20329419E-01
    0.983000      1   0.00000000E+00  0.00000000E+00  2.75905076E-03  0.00000000E+00  0.00000000E+00  0.00000000E+00  0.00000000E+00  0.00000000E+00  3.06017240E-02  0.00000000E+00  0.00000000E+00 -1.20323219E-01
    0.984000      1   0.00000000E+00  0.00000000E+00  2.79320837E-03  0.00000000E+00  0.00000000E+00  0.00000000E+00  0.00000000E+00  0.00000000E+00  3.04813924E-02  0.00000000E+00  0.00000000E+00 -1.20331605E-01
    0.985000      1   0.00000000E+00  0.00000000E+00  2.76392371E-03  0.00000000E+00  0.00000000E+00  0.00000000E+00  0.00000000E+00  0.00000000E+00  3.03610594E-02  0.00000000E+00  0.00000000E+00 -1.20332972E-01
    0.986000      1   0.00000000E+00  0.00000000E+00  2.80562186E-03  0.00000000E+00  0.00000000E+00  0.00000000E+00  0.00000000E+00  0.00000000E+00  3.02407311E-02  0.00000000E+00  0.00000000E+00 -1.20328300E-01
    0.987000      1   0.00000000E+00  0.00000000E+00  2.73892882E-03  0.00000000E+00  0.00000000E+00  0.00000000E+00  0.00000000E+00  0.00000000E+00  3.01204052E-02  0.00000000E+00  0.00000000E+00 -1.20325872E-01
    0.988000      1   0.00000000E+00  0.00000000E+00  2.80389279E-03  0.00000000E+00  0.00000000E+00  0.00000000E+00  0.00000000E+00  0.00000000E+00  3.00000837E-02  0.00000000E+00  0.00000000E+00 -1.20321543E-01
    0.989000      1   0.00000000E+00  0.00000000E+00  2.76401506E-03  0.00000000E+00  0.00000000E+00  0.00000000E+00  0.00000000E+00  0.00000000E+00  2.98797560E-02  0.00000000E+00  0.00000000E+00 -1.20327630E-01
    0.990000      1   0.00000000E+00  0.00000000E+00  2.78178597E-03  0.00000000E+00  0.00000000E+00  0.00000000E+00  0.00000000E+00  0.00000000E+00  2.97594366E-02  0.00000000E+00  0.00000000E+00 -1.20319433E-01
    0.991000      1   0.00000000E+00  0.00000000E+00  2.78298355E-03  0.00000000E+00  0.00000000E+00  0.00000000E+00  0.00000000E+00  0.00000000E+00  2.96391154E-02  0.00000000E+00  0.00000000E+00 -1.20321190E-01
    0.992000      1   0.00000000E+00  0.00000000E+00  2.75317345E-03  0.00000000E+00  0.00000000E+00  0.00000000E+00  0.00000000E+00  0.00000000E+00  2.95187985E-02  0.00000000E+00  0.00000000E+00 -1.20316898E-01
    0.993000      1   0.00000000E+00  0.00000000E+00  2.80640491E-03  0.00000000E+00  0.00000000E+00  0.00000000E+00  0.00000000E+00  0.00000000E+00  2.93984810E-02  0.00000000E+00  0.00000000E+00 -1.20317486E-01
    0.994000      1   0.00000000E+00  0.00000000E+00  2.74466455E-03  0.00000000E+00  0.00000000E+00  0.00000000E+00  0.00000000E+00  0.00000000E+00  2.92781626E-02  0.00000000E+00  0.00000000E+00 -1.20318450E-01
    0.995000      1   0.00000000E+00  0.00000000E+00  2.81503731E-03  0.00000000E+00  0.00000000E+00  0.00000000E+00  0.00000000E+00  0.00000000E+00  2.91578497E-02  0.00000000E+00  0.00000000E+00 -1.20312849E-01
    0.996000      1   0.00000000E+00  0.00000000E+00  2.77040246E-03  0.00000000E+00  0.00000000E+00  0.00000000E+00  0.00000000E+00  0.00000000E+00  2.90375347E-02  0.00000000E+00  0.00000000E+00 -1.20315081E-01
    0.997000      1   0.00000000E+00  0.00000000E+00  2.78178520E-03  0.00000000E+00  0.00000000E+00  0.00000000E+00  0.00000000E+00  0.00000000E+00  2.89172326E-02  0.00000000E+00  0.00000000E+00 -1.20302095E-01
    0.998000      1   0.00000000E+00  0.00000000E+00  2.77683722E-03  0.00000000E+00  0.00000000E+00  0.00000000E+00  0.00000000E+00  0.00000000E+00  2.87969308E-02  0.00000000E+00  0.00000000E+00 -1.20301754E-01
    0.999000      1   0.00000000E+00  0.00000000E+00  2.76317344E-03  0.00000000E+00  0.00000000E+00  0.00000000E+00  0.00000000E+00  0.00000000E+00  2.86766323E-02  0.00000000E+00  0.00000000E+00 -1.20298550E-01
    1.000000      1   0.00000000E+00  0.00000000E+00  2.79653406E-03  0.00000000E+00  0.00000000E+00  0.00000000E+00  0.00000000E+00  0.00000000E+00  2.85563329E-02  0.00000000E+00  0.00000000E+00 -1.20299387E-01
    1.001000      1   0.00000000E+00  0.00000000E+00  2.74683900E-03  0.00000000E+00  0.00000000E+00  0.00000000E+00  0.00000000E+00  0.00000000E+00  2.84360341E-02  0.00000000E+00  0.00000000E+00 -1.20298813E-01
    1.002000      1   0.00000000E+00  0.00000000E+00  2.81671950E-03  0.00000000E+00  0.00000000E+00  0.00000000E+00  0.00000000E+00  0.00000000E+00  2.83157380E-02  0.00000000E+00  0.00000000E+00 -1.20296070E-01
    1.003000      1   0.00000000E+00  0.00000000E+00  2.76458785E-03  0.00000000E+00  0.00000000E+00  0.00000000E+00  0.00000000E+00  0.00000000E+00  2.81954407E-02  0.00000000E+00  0.00000000E+00 -1.20297290E-01
    1.004000      1   0.00000000E+00  0.00000000E+00  2.79792149E-03  0.00000000E+00  0.00000000E+00  0.00000000E+00  0.00000000E+00  0.00000000E+00  2.80751559E-02  0.00000000E+00  0.00000000E+00 -1.20284779E-01
    1.005000      1   0.00000000E+00  0.00000000E+00  2.77390057E-03  0.00000000E+00  0.00000000E+00  0.00000000E+00  0.00000000E+00  0.00000000E+00  2.79548724E-02  0.00000000E+00  0.00000000E+00 -1.20283495E-01
    1.006000      1   0.00000000E+00  0.00000000E+00  2.75975705E-03  0.00000000E+00  0.00000000E+00  0.00000000E+00  0.00000000E+00  0.00000000E+00  2.78345969E-02  0.00000000E+00  0.00000000E+00 -1.20275511E-01
    1.007000      1   0.00000000E+00  0.00000000E+00  2.79220683E-03  0.00000000E+00  0.00000000E+00  0.00000000E+00  0.00000000E+00  0.00000000E+00  2.77143190E-02  0.00000000E+00  0.00000000E+00 -1.20277917E-01
    1.008000      1   0.00000000E+00  0.00000000E+00  2.76327174E-03  0.00000000E+00  0.00000000E+00  0.00000000E+00  0.00000000E+00  0.00000000E+00  2.75940398E-02  0.00000000E+00  0.00000000E+00 -1.20279229E-01
    1.009000      1   0.00000000E+00  0.00000000E+00  2.81700794E-03  0.00000000E+00  0.00000000E+00  0.00000000E+00  0.00000000E+00  0.00000000E+00  2.74737648E-02  0.00000000E+00  0.00000000E+00 -1.20275001E-01
    1.010000      1   0.00000000E+00  0.00000000E+00  2.76115565E-03  0.00000000E+00  0.00000000E+00  0.00000000E+00  0.00000000E+00  0.00000000E+00  2.73534940E-02  0.00000000E+00  0.00000000E+00 -1.20270774E-01
    1.011000      1   0.00000000E+00  0.00000000E+00  2.80654690E-03  0.00000000E+00  0.00000000E+00  0.00000000E+00  0.00000000E+00  0.00000000E+00  2.72332352E-02  0.00000000E+00  0.00000000E+00 -1.20258775E-01
    1.012000      1   0.00000000E+00  0.00000000E+00  2.76769137E-03  0.00000000E+00  0.00000000E+00  0.00000000E+00  0.00000000E+00  0.00000000E+00  2.71129781E-02  0.00000000E+00  0.00000000E+00 -1.20257093E-01
    1.013000      1   0.00000000E+00  0.00000000E+00  2.77536861E-03  0.00000000E+00  0.00000000E+00  0.00000000E+00  0.00000000E+00  0.00000000E+00  2.69927308E-02  0.00000000E+00  0.00000000E+00 -1.20247374E-01
    1.014000      1   0.00000000E+00  0.00000000E+00  2.80280243E-03  0.00000000E+00  0.00000000E+00  0.00000000E+00  0.00000000E+00  0.00000000E+00  2.68724817E-02  0.00000000E+00  0.00000000E+00 -1.20249058E-01
    1.015000      1   0.00000000E+00  0.00000000E+00  2.75828369E-03  0.00000000E+00  0.00000000E+00  0.00000000E+00  0.00000000E+00  0.00000000E+00  2.67522383E-02  0.00000000E+00  0.00000000E+00 -1.20243370E-01
    1.016000      1   0.00000000E+00  0.00000000E+00  2.81730575E-03  0.00000000E+00  0.00000000E+00  0.00000000E+00  0.00000000E+00  0.00000000E+00  2.66320018E-02  0.00000000E+00  0.00000000E+00 -1.20236545E-01
    1.017000      1   0.00000000E+00  0.00000000E+00  2.75434307E-03  0.00000000E+00  0.00000000E+00  0.00000000E+00  0.00000000E+00  0.00000000E+00  2.65117679E-02  0.00000000E+00  0.00000000E+00 -1.20233903E-01
    1.018000      1   0.00000000E+00  0.00000000E+00  2.81937927E-03  0.00000000E+00  0.00000000E+00  0.00000000E+00  0.00000000E+00  0.00000000E+00  2.63915449E-02  0.00000000E+00  0.00000000E+00 -1.20223011E-01
    1.019000      1   0.00000000E+00  0.00000000E+00  2.76804477E-03  0.00000000E+00  0.00000000E+00  0.00000000E+00  0.00000000E+00  0.00000000E+00  2.62713236E-02  0.00000000E+00  0.00000000E+00 -1.20221296E-01
    1.020000      1   0.00000000E+00  0.00000000E+00  2.78025025E-03  0.00000000E+00  0.00000000E+00  0.00000000E+00  0.00000000E+00  0.00000000E+00  2.61511163E-02  0.00000000E+00  0.00000000E+00 -1.20207301E-01
    1.021000      1   0.00000000E+00  0.00000000E+00  2.79765546E-03  0.00000000E+00  0.00000000E+00  0.00000000E+00  0.00000000E+00  0.00000000E+00  2.60309083E-02  0.00000000E+00  0.00000000E+00 -1.20208006E-01
    1.022000      1   0.00000000E+00  0.00000000E+00  2.77517739E-03  0.00000000E+00  0.00000000E+00  0.00000000E+00  0.00000000E+00  0.00000000E+00  2.59107066E-02  0.00000000E+00  0.00000000E+00 -1.20201625E-01
    1.023000      1   0.00000000E+00  0.00000000E+00  2.82139848E-03  0.00000000E+00  0.00000000E+00  0.00000000E+00  0.00000000E+00  0.00000000E+00  2.57905131E-02  0.00000000E+00  0.00000000E+00 -1.20193502E-01
    1.024000      1   0.00000000E+00  0.00000000E+00  2.74621754E-03  0.00000000E+00  0.00000000E+00  0.00000000E+00  0.00000000E+00  0.00000000E+00  2.56703285E-02  0.00000000E+00  0.00000000E+00 -1.20184588E-01
    1.025000      1   0.00000000E+00  0.00000000E+00  2.81835429E-03  0.00000000E+00  0.00000000E+00  0.00000000E+00  0.00000000E+00  0.00000000E+00  2.55501548E-02  0.00000000E+00  0.00000000E+00 -1.20173789E-01
    1.026000      1   0.00000000E+00  0.00000000E+00  2.77883083E-03  0.00000000E+00  0.00000000E+00  0.00000000E+00  0.00000000E+00  0.00000000E+00  2.54299798E-02  0.00000000E+00  0.00000000E+00 -1.20174925E-01
    1.027000      1   0.00000000E+00  0.00000000E+00  2.80123748E-03  0.00000000E+00  0.00000000E+00  0.00000000E+00  0.00000000E+00  0.00000000E+00  2.53098205E-02  0.00000000E+00  0.00000000E+00 -1.20159358E-01
    1.028000      1   0.00000000E+00  0.00000000E+00  2.78924675E-03  0.00000000E+00  0.00000000E+00  0.00000000E+00  0.00000000E+00  0.00000000E+00  2.51896677E-02  0.00000000E+00  0.00000000E+00 -1.20152810E-01
    1.029000      1   0.00000000E+00  0.00000000E+00  2.76489540E-03  0.00000000E+00  0.00000000E+00  0.00000000E+00  0.00000000E+00  0.00000000E+00  2.50695266E-02  0.00000000E+00  0.00000000E+00 -1.20141023E-01
    1.030000      1   0.00000000E+00  0.00000000E+00  2.81528382E-03  0.00000000E+00  0.00000000E+00  0.00000000E+00  0.00000000E+00  0.00000000E+00  2.49493892E-02  0.00000000E+00  0.00000000E+00 -1.20137480E-01
    1.031000      1   0.00000000E+00  0.00000000E+00  2.76401429E-03  0.00000000E+00  0.00000000E+00  0.00000000E+00  0.00000000E+00  0.00000000E+00  2.48292561E-02  0.00000000E+00  0.00000000E+00 -1.20133024E-01
    1.032000      1   0.00000000E+00  0.00000000E+00  2.83167487E-03  0.00000000E+00  0.00000000E+00  0.00000000E+00  0.00000000E+00  0.00000000E+00  2.47091351E-02  0.00000000E+00  0.00000000E+00 -1.20121086E-01
    1.033000      1   0.00000000E+00  0.00000000E+00  2.78404902E-03  0.00000000E+00  0.00000000E+00  0.00000000E+00  0.00000000E+00  0.00000000E+00  2.45890210E-02  0.00000000E+00  0.00000000E+00 -1.20114021E-01
    1.034000      1   0.00000000E+00  0.00000000E+00  2.79953999E-03  0.00000000E+00  0.00000000E+00  0.00000000E+00  0.00000000E+00  0.00000000E+00  2.44689279E-02  0.00000000E+00  0.00000000E+00 -1.20093157E-01
    1.035000      1   0.00000000E+00  0.00000000E+00  2.78552183E-03  0.00000000E+00  0.00000000E+00  0.00000000E+00  0.00000000E+00  0.00000000E+00  2.43488427E-02  0.00000000E+00  0.00000000E+00 -1.20085195E-01
    1.036000      1   0.00000000E+00  0.00000000E+00  2.78077502E-03  0.00000000E+00  0.00000000E+00  0.00000000E+00  0.00000000E+00  0.00000000E+00  2.42287681E-02  0.00000000E+00  0.00000000E+00 -1.20074625E-01
    1.037000      1   0.00000000E+00  0.00000000E+00  2.80685088E-03  0.00000000E+00  0.00000000E+00  0.00000000E+00  0.00000000E+00  0.00000000E+00  2.41086986E-02  0.00000000E+00  0.00000000E+00 -1.20069497E-01
    1.038000      1   0.00000000E+00  0.00000000E+00  2.77150662E-03  0.00000000E+00  0.00000000E+00  0.00000000E+00  0.00000000E+00  0.00000000E+00  2.39886372E-02  0.00000000E+00  0.00000000E+00 -1.20061317E-01
    1.039000      1   0.00000000E+00  0.00000000E+00  2.83868901E-03  0.00000000E+00  0.00000000E+00  0.00000000E+00  0.00000000E+00  0.00000000E+00  2.38685864E-02  0.00000000E+00  0.00000000E+00 -1.20050824E-01
    1.040000      1   0.00000000E+00  0.00000000E+00  2.77657882E-03  0.00000000E+00  0.00000000E+00  0.00000000E+00  0.00000000E+00  0.00000000E+00  2.37485464E-02  0.00000000E+00  0.00000000E+00 -1.20040058E-01
    1.041000      1   0.00000000E+00  0.00000000E+00  2.82070014E-03  0.00000000E+00  0.00000000E+00  0.00000000E+00  0.00000000E+00  0.00000000E+00  2.36285281E-02  0.00000000E+00  0.00000000E+00 -1.20018212E-01
    1.042000      1   0.00000000E+00  0.00000000E+00  2.79006867E-03  0.00000000E+00  0.00000000E+00  0.00000000E+00  0.00000000E+00  0.00000000E+00  2.35085192E-02  0.00000000E+00  0.00000000E+00 -1.20008961E-01
    1.043000      1   0.00000000E+00  0.00000000E+00  2.77626865E-03  0.00000000E+00  0.00000000E+00  0.00000000E+00  0.00000000E+00  0.00000000E+00  2.33885285E-02  0.00000000E+00  0.00000000E+00 -1.19990637E-01
    1.044000      1   0.00000000E+00  0.00000000E+00  2.81321984E-03  0.00000000E+00  0.00000000E+00  0.00000000E+00  0.00000000E+00  0.00000000E+00  2.32685437E-02  0.00000000E+00  0.00000000E+00 -1.19984813E-01
    1.045000      1   0.00000000E+00  0.00000000E+00  2.78331688E-03  0.00000000E+00  0.00000000E+00  0.00000000E+00  0.00000000E+00  0.00000000E+00  2.31485667E-02  0.00000000E+00  0.00000000E+00 -1.19976987E-01
    1.046000      1   0.00000000E+00  0.00000000E+00  2.83407959E-03  0.00000000E+00  0.00000000E+00  0.00000000E+00  0.00000000E+00  0.00000000E+00  2.30286044E-02  0.00000000E+00  0.00000000E+00 -1.19962314E-01
    1.047000      1   0.00000000E+00  0.00000000E+00  2.78004535E-03  0.00000000E+00  0.00000000E+00  0.00000000E+00  0.00000000E+00  0.00000000E+00  2.29086559E-02  0.00000000E+00  0.00000000E+00 -1.19948484E-01
    1.048000      1   0.00000000E+00  0.00000000E+00  2.82840118E-03  0.00000000E+00  0.00000000E+00  0.00000000E+00  0.00000000E+00  0.00000000E+00  2.27887284E-02  0.00000000E+00  0.00000000E+00 -1.19927539E-01
    1.049000      1   0.00000000E+00  0.00000000E+00  2.78887290E-03  0.00000000E+00  0.00000000E+00  0.00000000E+00  0.00000000E+00  0.00000000E+00  2.26688126E-02  0.00000000E+00  0.00000000E+00 -1.19915788E-01
    1.050000      1   0.00000000E+00  0.00000000E+00  2.79741877E-03  0.00000000E+00  0.00000000E+00  0.00000000E+00  0.00000000E+00  0.00000000E+00  2.25489175E-02  0.00000000E+00  0.00000000E+00 -1.19895146E-01
    1.051000      1   0.00000000E+00  0.00000000E+00  2.82416517E-03  0.00000000E+00  0.00000000E+00  0.00000000E+00  0.00000000E+00  0.00000000E+00  2.24290315E-02  0.00000000E+00  0.00000000E+00 -1.19885975E-01
    1.052000      1   0.00000000E+00  0.00000000E+00  2.78047796E-03  0.00000000E+00  0.00000000E+00  0.00000000E+00  0.00000000E+00  0.00000000E+00  2.23091622E-02  0.00000000E+00  0.00000000E+00 -1.19869267E-01
    1.053000      1   0.00000000E+00  0.00000000E+00  2.84037287E-03  0.00000000E+00  0.00000000E+00  0.00000000E+00  0.00000000E+00  0.00000000E+00  2.21893107E-02  0.00000000E+00  0.00000000E+00 -1.19851501E-01
    1.054000      1   0.00000000E+00  0.00000000E+00  2.77876569E-03  0.00000000E+00  0.00000000E+00  0.00000000E+00  0.00000000E+00  0.00000000E+00  2.20694732E-02  0.00000000E+00  0.00000000E+00 -1.19837491E-01
    1.055000      1   0.00000000E+00  0.00000000E+00  2.84515587E-03  0.00000000E+00  0.00000000E+00  0.00000000E+00  0.00000000E+00  0.00000000E+00  2.19496585E-02  0.00000000E+00  0.00000000E+00 -1.19814705E-01
    1.056000      1   0.00000000E+00  0.00000000E+00  2.78937181E-03  0.00000000E+00  0.00000000E+00  0.00000000E+00  0.00000000E+00  0.00000000E+00  2.18298581E-02  0.00000000E+00  0.00000000E+00 -1.19800411E-01
    1.057000      1   0.00000000E+00  0.00000000E+00  2.79843754E-03  0.00000000E+00  0.00000000E+00  0.00000000E+00  0.00000000E+00  0.00000000E+00  2.17100839E-02  0.00000000E+00  0.00000000E+00 -1.19774179E-01
    1.058000      1   0.00000000E+00  0.00000000E+00  2.83181386E-03  0.00000000E+00  0.00000000E+00  0.00000000E+00  0.00000000E+00  0.00000000E+00  2.15903193E-02  0.00000000E+00  0.00000000E+00 -1.19764663E-01
    1.059000      1   0.00000000E+00  0.00000000E+00  2.80253868E-03  0.00000000E+00  0.00000000E+00  0.00000000E+00  0.00000000E+00  0.00000000E+00  2.14705730E-02  0.00000000E+00  0.00000000E+00 -1.19746268E-01
    1.060000      1   0.00000000E+00  0.00000000E+00  2.84351444E-03  0.00000000E+00  0.00000000E+00  0.00000000E+00  0.00000000E+00  0.00000000E+00  2.13508509E-02  0.00000000E+00  0.00000000E+00 -1.19722089E-01
    1.061000      1   0.00000000E+00  0.00000000E+00  2.77877370E-03  0.00000000E+00  0.00000000E+00  0.00000000E+00  0.00000000E+00  0.00000000E+00  2.12311506E-02  0.00000000E+00  0.00000000E+00 -1.19700279E-01
    1.062000      1   0.00000000E+00  0.00000000E+00  2.84617136E-03  0.00000000E+00  0.00000000E+00  0.00000000E+00  0.00000000E+00  0.00000000E+00  2.11114742E-02  0.00000000E+00  0.00000000E+00 -1.19676459E-01
    1.063000      1   0.00000000E+00  0.00000000E+00  2.80736081E-03  0.00000000E+00  0.00000000E+00  0.00000000E+00  0.00000000E+00  0.00000000E+00  2.09918122E-02  0.00000000E+00  0.00000000E+00 -1.19661983E-01
    1.064000      1   0.00000000E+00  0.00000000E+00  2.82150263E-03  0.00000000E+00  0.00000000E+00  0.00000000E+00  0.00000000E+00  0.00000000E+00  2.08721800E-02  0.00000000E+00  0.00000000E+00 -1.19632236E-01
    1.065000      1   0.00000000E+00  0.00000000E+00  2.82773684E-03  0.00000000E+00  0.00000000E+00  0.00000000E+00  0.00000000E+00  0.00000000E+00  2.07525672E-02  0.00000000E+00  0.00000000E+00 -1.19612734E-01
    1.066000      1   0.00000000E+00  0.00000000E+00  2.79602637E-03  0.00000000E+00  0.00000000E+00  0.00000000E+00  0.00000000E+00  0.00000000E+00  2.06329797E-02  0.00000000E+00  0.00000000E+00 -1.19587486E-01
    1.067000      1   0.00000000E+00  0.00000000E+00  2.85916521E-03  0.00000000E+00  0.00000000E+00  0.00000000E+00  0.00000000E+00  0.00000000E+00  2.05134140E-02  0.00000000E+00  0.00000000E+00 -1.19565797E-01
    1.068000      1   0.00000000E+00  0.00000000E+00  2.78874357E-03  0.00000000E+00  0.00000000E+00  0.00000000E+00  0.00000000E+00  0.00000000E+00  2.03938706E-02  0.00000000E+00  0.00000000E+00 -1.19543357E-01
    1.069000      1   0.00000000E+00  0.00000000E+00  2.86535446E-03  0.00000000E+00  0.00000000E+00  0.00000000E+00  0.00000000E+00  0.00000000E+00  2.02743580E-02  0.00000000E+00  0.00000000E+00 -1.19512635E-01
    1.070000      1   0.00000000E+00  0.00000000E+00  2.81481643E-03  0.00000000E+00  0.00000000E+00  0.00000000E+00  0.00000000E+00  0.00000000E+00  2.01548665E-02  0.00000000E+00  0.00000000E+00 -1.19491493E-01
    1.071000      1   0.00000000E+00  0.00000000E+00  2.82792048E-03  0.00000000E+00  0.00000000E+00  0.00000000E+00  0.00000000E+00  0.00000000E+00  2.00354123E-02  0.00000000E+00  0.00000000E+00 -1.19454127E-01
    1.072000      1   0.00000000E+00  0.00000000E+00  2.83758247E-03  0.00000000E+00  0.00000000E+00  0.00000000E+00  0.00000000E+00  0.00000000E+00  1.99159813E-02  0.00000000E+00  0.00000000E+00 -1.19431042E-01
    1.073000      1   0.00000000E+00  0.00000000E+00  2.81884694E-03  0.00000000E+00  0.00000000E+00  0.00000000E+00  0.00000000E+00  0.00000000E+00  1.97965794E-02  0.00000000E+00  0.00000000E+00 -1.19401944E-01
    1.074000      1   0.00000000E+00  0.00000000E+00  2.86630173E-03  0.00000000E+00  0.00000000E+00  0.00000000E+00  0.00000000E+00  0.00000000E+00  1.96772064E-02  0.00000000E+00  0.00000000E+00 -1.19372987E-01
    1.075000      1   0.00000000E+00  0.00000000E+00  2.79378763E-03  0.00000000E+00  0.00000000E+00  0.00000000E+00  0.00000000E+00  0.00000000E+00  1.95578646E-02  0.00000000E+00  0.00000000E+00 -1.19341790E-01
    1.076000      1   0.00000000E+00  0.00000000E+00  2.86838932E-03  0.00000000E+00  0.00000000E+00  0.00000000E+00  0.00000000E+00  0.00000000E+00  1.94385567E-02  0.00000000E+00  0.00000000E+00 -1.19307832E-01
    1.077000      1   0.00000000E+00  0.00000000E+00  2.82876566E-03  0.00000000E+00  0.00000000E+00  0.00000000E+00  0.00000000E+00  0.00000000E+00  1.93192722E-02  0.00000000E+00  0.00000000E+00 -1.19284497E-01
    1.078000      1   0.00000000E+00  0.00000000E+00  2.85137457E-03  0.00000000E+00  0.00000000E+00  0.00000000E+00  0.00000000E+00  0.00000000E+00  1.92000286E-02  0.00000000E+00  0.00000000E+00 -1.19243668E-01
    1.079000      1   0.00000000E+00  0.00000000E+00  2.84737433E-03  0.00000000E+00  0.00000000E+00  0.00000000E+00  0.00000000E+00  0.00000000E+00  1.90808167E-02  0.00000000E+00  0.00000000E+00 -1.19211854E-01
    1.080000      1   0.00000000E+00  0.00000000E+00  2.81853983E-03  0.00000000E+00  0.00000000E+00  0.00000000E+00  0.00000000E+00  0.00000000E+00  1.89616434E-02  0.00000000E+00  0.00000000E+00 -1.19173322E-01
    1.081000      1   0.00000000E+00  0.00000000E+00  2.87588920E-03  0.00000000E+00  0.00000000E+00  0.00000000E+00  0.00000000E+00  0.00000000E+00  1.88425022E-02  0.00000000E+00  0.00000000E+00 -1.19141203E-01
    1.082000      1   0.00000000E+00  0.00000000E+00  2.81184628E-03  0.00000000E+00  0.00000000E+00  0.00000000E+00  0.00000000E+00  0.00000000E+00  1.87233938E-02  0.00000000E+00  0.00000000E+00 -1.19108412E-01
    1.083000      1   0.00000000E+00  0.00000000E+00  2.89363604E-03  0.00000000E+00  0.00000000E+00  0.00000000E+00  0.00000000E+00  0.00000000E+00  1.86043257E-02  0.00000000E+00  0.00000000E+00 -1.19068112E-01
    1.084000      1   0.00000000E+00  0.00000000E+00  2.84531342E-03  0.00000000E+00  0.00000000E+00  0.00000000E+00  0.00000000E+00  0.00000000E+00  1.84852913E-02  0.00000000E+00  0.00000000E+00 -1.19034381E-01
    1.085000      1   0.00000000E+00  0.00000000E+00  2.85509058E-03  0.00000000E+00  0.00000000E+00  0.00000000E+00  0.00000000E+00  0.00000000E+00  1.83663090E-02  0.00000000E+00  0.00000000E+00 -1.18982334E-01
    1.086000      1   0.00000000E+00  0.00000000E+00  2.86101904E-03  0.00000000E+00  0.00000000E+00  0.00000000E+00  0.00000000E+00  0.00000000E+00  1.82473645E-02  0.00000000E+00  0.00000000E+00 -1.18944428E-01
    1.087000      1   0.00000000E+00  0.00000000E+00  2.84445773E-03  0.00000000E+00  0.00000000E+00  0.00000000E+00  0.00000000E+00  0.00000000E+00  1.81284623E-02  0.00000000E+00  0.00000000E+00 -1.18902263E-01
    1.088000      1   0.00000000E+00  0.00000000E+00  2.89104477E-03  0.00000000E+00  0.00000000E+00  0.00000000E+00  0.00000000E+00  0.00000000E+00  1.80096012E-02  0.00000000E+00  0.00000000E+00 -1.18861080E-01
    1.089000      1   0.00000000E+00  0.00000000E+00  2.82294565E-03  0.00000000E+00  0.00000000E+00  0.00000000E+00  0.00000000E+00  0.00000000E+00  1.78907841E-02  0.00000000E+00  0.00000000E+00 -1.18817097E-01
    1.090000      1   0.00000000E+00  0.00000000E+00  2.90075936E-03  0.00000000E+00  0.00000000E+00  0.00000000E+00  0.00000000E+00  0.00000000E+00  1.77720142E-02  0.00000000E+00  0.00000000E+00 -1.18769857E-01
    1.091000      1   0.00000000E+00  0.00000000E+00  2.86066793E-03  0.00000000E+00  0.00000000E+00  0.00000000E+00  0.00000000E+00  0.00000000E+00  1.76532830E-02  0.00000000E+00  0.00000000E+00 -1.18731221E-01
    1.092000      1   0.00000000E+00  0.00000000E+00  2.88121706E-03  0.00000000E+00  0.00000000E+00  0.00000000E+00  0.00000000E+00  0.00000000E+00  1.75346089E-02  0.00000000E+00  0.00000000E+00 -1.18674119E-01
    1.093000      1   0.00000000E+00  0.00000000E+00  2.88068394E-03  0.00000000E+00  0.00000000E+00  0.00000000E+00  0.00000000E+00  0.00000000E+00  1.74159823E-02  0.00000000E+00  0.00000000E+00 -1.18626551E-01
    1.094000      1   0.00000000E+00  0.00000000E+00  2.85436673E-03  0.00000000E+00  0.00000000E+00  0.00000000E+00  0.00000000E+00  0.00000000E+00  1.72974100E-02  0.00000000E+00  0.00000000E+00 -1.18572328E-01
    1.095000      1   0.00000000E+00  0.00000000E+00  2.91534653E-03  0.00000000E+00  0.00000000E+00  0.00000000E+00  0.00000000E+00  0.00000000E+00  1.71788871E-02  0.00000000E+00  0.00000000E+00 -1.18522934E-01
    1.096000      1   0.00000000E+00  0.00000000E+00  2.84600442E-03  0.00000000E+00  0.00000000E+00  0.00000000E+00  0.00000000E+00  0.00000000E+00  1.70604157E-02  0.00000000E+00  0.00000000E+00 -1.18471399E-01
    1.097000      1   0.00000000E+00  0.00000000E+00  2.92756667E-03  0.00000000E+00  0.00000000E+00  0.00000000E+00  0.00000000E+00  0.00000000E+00  1.69420036E-02  0.00000000E+00  0.00000000E+00 -1.18412100E-01
    1.098000      1   0.00000000E+00  0.00000000E+00  2.87874599E-03  0.00000000E+00  0.00000000E+00  0.00000000E+00  0.00000000E+00  0.00000000E+00  1.68236424E-02  0.00000000E+00  0.00000000E+00 -1.18361151E-01
    1.099000      1   0.00000000E+00  0.00000000E+00  2.89278189E-03  0.00000000E+00  0.00000000E+00  0.00000000E+00  0.00000000E+00  0.00000000E+00  1.67053504E-02  0.00000000E+00  0.00000000E+00 -1.18292049E-01
    1.100000      1   0.00000000E+00  0.00000000E+00  2.90843311E-03  0.00000000E+00  0.00000000E+00  0.00000000E+00  0.00000000E+00  0.00000000E+00  1.65871139E-02  0.00000000E+00  0.00000000E+00 -1.18236498E-01
    1.101000      1   0.00000000E+00  0.00000000E+00  2.88494116E-03  0.00000000E+00  0.00000000E+00  0.00000000E+00  0.00000000E+00  0.00000000E+00  1.64689403E-02  0.00000000E+00  0.00000000E+00 -1.18173570E-01
    1.102000      1   0.00000000E+00  0.00000000E+00  2.93562918E-03  0.00000000E+00  0.00000000E+00  0.00000000E+00  0.00000000E+00  0.00000000E+00  1.63508307E-02  0.00000000E+00  0.00000000E+00 -1.18109656E-01
    1.103000      1   0.00000000E+00  0.00000000E+00  2.87544065E-03  0.00000000E+00  0.00000000E+00  0.00000000E+00  0.00000000E+00  0.00000000E+00  1.62327862E-02  0.00000000E+00  0.00000000E+00 -1.18044493E-01
    1.104000      1   0.00000000E+00  0.00000000E+00  2.94642364E-03  0.00000000E+00  0.00000000E+00  0.00000000E+00  0.00000000E+00  0.00000000E+00  1.61148128E-02  0.00000000E+00  0.00000000E+00 -1.17973328E-01
    1.105000      1   0.00000000E+00  0.00000000E+00  2.89887851E-03  0.00000000E+00  0.00000000E+00  0.00000000E+00  0.00000000E+00  0.00000000E+00  1.59969035E-02  0.00000000E+00  0.00000000E+00 -1.17909376E-01
    1.106000      1   0.00000000E+00  0.00000000E+00  2.91899009E-03  0.00000000E+00  0.00000000E+00  0.00000000E+00  0.00000000E+00  0.00000000E+00  1.58790729E-02  0.00000000E+00  0.00000000E+00 -1.17830521E-01
    1.107000      1   0.00000000E+00  0.00000000E+00  2.95004251E-03  0.00000000E+00  0.00000000E+00  0.00000000E+00  0.00000000E+00  0.00000000E+00  1.57613092E-02  0.00000000E+00  0.00000000E+00 -1.17763724E-01
    1.108000      1   0.00000000E+00  0.00000000E+00  2.90662858E-03  0.00000000E+00  0.00000000E+00  0.00000000E+00  0.00000000E+00  0.00000000E+00  1.56436244E-02  0.00000000E+00  0.00000000E+00 -1.17684830E-01
    1.109000      1   0.00000000E+00  0.00000000E+00  2.96879629E-03  0.00000000E+00  0.00000000E+00  0.00000000E+00  0.00000000E+00  0.00000000E+00  1.55260210E-02  0.00000000E+00  0.00000000E+00 -1.17603416E-01
    1.110000      1   0.00000000E+00  0.00000000E+00  2.91627723E-03  0.00000000E+00  0.00000000E+00  0.00000000E+00  0.00000000E+00  0.00000000E+00  1.54084957E-02  0.00000000E+00  0.00000000E+00 -1.17525266E-01
    1.111000      1   0.00000000E+00  0.00000000E+00  2.97757659E-03  0.00000000E+00  0.00000000E+00  0.00000000E+00  0.00000000E+00  0.00000000E+00  1.52910597E-02  0.00000000E+00  0.00000000E+00 -1.17435986E-01
    1.112000      1   0.00000000E+00  0.00000000E+00  2.94939956E-03  0.00000000E+00  0.00000000E+00  0.00000000E+00  0.00000000E+00  0.00000000E+00  1.51737066E-02  0.00000000E+00  0.00000000E+00 -1.17353115E-01
    1.113000      1   0.00000000E+00  0.00000000E+00  2.93923223E-03  0.00000000E+00  0.00000000E+00  0.00000000E+00  0.00000000E+00  0.00000000E+00  1.50564515E-02  0.00000000E+00  0.00000000E+00 -1.17255094E-01
    1.114000      1   0.00000000E+00  0.00000000E+00  2.97808025E-03  0.00000000E+00  0.00000000E+00  0.00000000E+00  0.00000000E+00  0.00000000E+00  1.49392834E-02  0.00000000E+00  0.00000000E+00 -1.17168125E-01
    1.115000      1   0.00000000E+00  0.00000000E+00  2.95281937E-03  0.00000000E+00  0.00000000E+00  0.00000000E+00  0.00000000E+00  0.00000000E+00  1.48222058E-02  0.00000000E+00  0.00000000E+00 -1.17077626E-01
    1.116000      1   0.00000000E+00  0.00000000E+00  3.01595630E-03  0.00000000E+00  0.00000000E+00  0.00000000E+00  0.00000000E+00  0.00000000E+00  1.47052269E-02  0.00000000E+00  0.00000000E+00 -1.16978835E-01
    1.117000      1   0.00000000E+00  0.00000000E+00  2.97075473E-03  0.00000000E+00  0.00000000E+00  0.00000000E+00  0.00000000E+00  0.00000000E+00  1.45883498E-02  0.00000000E+00  0.00000000E+00 -1.16877176E-01
    1.118000      1   0.00000000E+00  0.00000000E+00  2.99519464E-03  0.00000000E+00  0.00000000E+00  0.00000000E+00  0.00000000E+00  0.00000000E+00  1.44715870E-02  0.00000000E+00  0.00000000E+00 -1.16762774E-01
    1.119000      1   0.00000000E+00  0.00000000E+00  2.99616996E-03  0.00000000E+00  0.00000000E+00  0.00000000E+00  0.00000000E+00  0.00000000E+00  1.43549281E-02  0.00000000E+00  0.00000000E+00 -1.16658896E-01
    1.120000      1   0.00000000E+00  0.00000000E+00  2.99073912E-03  0.00000000E+00  0.00000000E+00  0.00000000E+00  0.00000000E+00  0.00000000E+00  1.42383813E-02  0.00000000E+00  0.00000000E+00 -1.16546818E-01
    1.121000      1   0.00000000E+00  0.00000000E+00  3.04870083E-03  0.00000000E+00  0.00000000E+00  0.00000000E+00  0.00000000E+00  0.00000000E+00  1.41219459E-02  0.00000000E+00  0.00000000E+00 -1.16435381E-01
    1.122000      1   0.00000000E+00  0.00000000E+00  2.98096450E-03  0.00000000E+00  0.00000000E+00  0.00000000E+00  0.00000000E+00  0.00000000E+00  1.40056304E-02  0.00000000E+00  0.00000000E+00 -1.16315478E-01
    1.123000      1   0.00000000E+00  0.00000000E+00  3.05680747E-03  0.00000000E+00  0.00000000E+00  0.00000000E+00  0.00000000E+00  0.00000000E+00  1.38894419E-02  0.00000000E+00  0.00000000E+00 -1.16188517E-01
    1.124000      1   0.00000000E+00  0.00000000E+00  3.02280841E-03  0.00000000E+00  0.00000000E+00  0.00000000E+00  0.00000000E+00  0.00000000E+00  1.37733715E-02  0.00000000E+00  0.00000000E+00 -1.16070390E-01
    1.125000      1   0.00000000E+00  0.00000000E+00  3.04331868E-03  0.00000000E+00  0.00000000E+00  0.00000000E+00  0.00000000E+00  0.00000000E+00  1.36574381E-02  0.00000000E+00  0.00000000E+00 -1.15933367E-01
    1.126000      1   0.00000000E+00  0.00000000E+00  3.07381373E-03  0.00000000E+00  0.00000000E+00  0.00000000E+00  0.00000000E+00  0.00000000E+00  1.35416343E-02  0.00000000E+00  0.00000000E+00 -1.15803883E-01
    1.127000      1   0.00000000E+00  0.00000000E+00  3.04110967E-03  0.00000000E+00  0.00000000E+00  0.00000000E+00  0.00000000E+00  0.00000000E+00  1.34259720E-02  0.00000000E+00  0.00000000E+00 -1.15662271E-01
    1.128000      1   0.00000000E+00  0.00000000E+00  3.11465297E-03  0.00000000E+00  0.00000000E+00  0.00000000E+00  0.00000000E+00  0.00000000E+00  1.33104556E-02  0.00000000E+00  0.00000000E+00 -1.15516427E-01
    1.129000      1   0.00000000E+00  0.00000000E+00  3.06428183E-03  0.00000000E+00  0.00000000E+00  0.00000000E+00  0.00000000E+00  0.00000000E+00  1.31950872E-02  0.00000000E+00  0.00000000E+00 -1.15368318E-01
    1.130000      1   0.00000000E+00  0.00000000E+00  3.12256255E-03  0.00000000E+00  0.00000000E+00  0.00000000E+00  0.00000000E+00  0.00000000E+00  1.30798823E-02  0.00000000E+00  0.00000000E+00 -1.15204964E-01
    1.131000      1   0.00000000E+00  0.00000000E+00  3.11238979E-03  0.00000000E+00  0.00000000E+00  0.00000000E+00  0.00000000E+00  0.00000000E+00  1.29648344E-02  0.00000000E+00  0.00000000E+00 -1.15047846E-01
    1.132000      1   0.00000000E+00  0.00000000E+00  3.09673516E-03  0.00000000E+00  0.00000000E+00  0.00000000E+00  0.00000000E+00  0.00000000E+00  1.28499610E-02  0.00000000E+00  0.00000000E+00 -1.14873387E-01
    1.133000      1   0.00000000E+00  0.00000000E+00  3.17337515E-03  0.00000000E+00  0.00000000E+00  0.00000000E+00  0.00000000E+00  0.00000000E+00  1.27352560E-02  0.00000000E+00  0.00000000E+00 -1.14705037E-01
    1.134000      1   0.00000000E+00  0.00000000E+00  3.10975061E-03  0.00000000E+00  0.00000000E+00  0.00000000E+00  0.00000000E+00  0.00000000E+00  1.26207277E-02  0.00000000E+00  0.00000000E+00 -1.14528276E-01
    1.135000      1   0.00000000E+00  0.00000000E+00  3.19890923E-03  0.00000000E+00  0.00000000E+00  0.00000000E+00  0.00000000E+00  0.00000000E+00  1.25063901E-02  0.00000000E+00  0.00000000E+00 -1.14337596E-01
    1.136000      1   0.00000000E+00  0.00000000E+00  3.17336673E-03  0.00000000E+00  0.00000000E+00  0.00000000E+00  0.00000000E+00  0.00000000E+00  1.23922381E-02  0.00000000E+00  0.00000000E+00 -1.14152044E-01
    1.137000      1   0.00000000E+00  0.00000000E+00  3.17766021E-03  0.00000000E+00  0.00000000E+00  0.00000000E+00  0.00000000E+00  0.00000000E+00  1.22782964E-02  0.00000000E+00  0.00000000E+00 -1.13941729E-01
    1.138000      1   0.00000000E+00  0.00000000E+00  3.22560677E-03  0.00000000E+00  0.00000000E+00  0.00000000E+00  0.00000000E+00  0.00000000E+00  1.21645573E-02  0.00000000E+00  0.00000000E+00 -1.13739043E-01
    1.139000      1   0.00000000E+00  0.00000000E+00  3.19750351E-03  0.00000000E+00  0.00000000E+00  0.00000000E+00  0.00000000E+00  0.00000000E+00  1.20510308E-02  0.00000000E+00  0.00000000E+00 -1.13526468E-01
    1.140000      1   0.00000000E+00  0.00000000E+00  3.29130008E-03  0.00000000E+00  0.00000000E+00  0.00000000E+00  0.00000000E+00  0.00000000E+00  1.19377277E-02  0.00000000E+00  0.00000000E+00 -1.13303116E-01
    1.141000      1   0.00000000E+00  0.00000000E+00  3.24839714E-03  0.00000000E+00  0.00000000E+00  0.00000000E+00  0.00000000E+00  0.00000000E+00  1.18246553E-02  0.00000000E+00  0.00000000E+00 -1.13072407E-01
    1.142000      1   0.00000000E+00  0.00000000E+00  3.26974693E-03  0.00000000E+00  0.00000000E+00  0.00000000E+00  0.00000000E+00  0.00000000E+00  1.17118368E-02  0.00000000E+00  0.00000000E+00 -1.12818480E-01
    1.143000      1   0.00000000E+00  0.00000000E+00  3.32114809E-03  0.00000000E+00  0.00000000E+00  0.00000000E+00  0.00000000E+00  0.00000000E+00  1.15992620E-02  0.00000000E+00  0.00000000E+00 -1.12574869E-01
    1.144000      1   0.00000000E+00  0.00000000E+00  3.30818201E-03  0.00000000E+00  0.00000000E+00  0.00000000E+00  0.00000000E+00  0.00000000E+00  1.14869468E-02  0.00000000E+00  0.00000000E+00 -1.12315155E-01
    1.145000      1   0.00000000E+00  0.00000000E+00  3.39002774E-03  0.00000000E+00  0.00000000E+00  0.00000000E+00  0.00000000E+00  0.00000000E+00  1.13749060E-02  0.00000000E+00  0.00000000E+00 -1.12040854E-01
    1.146000      1   0.00000000E+00  0.00000000E+00  3.36171355E-03  0.00000000E+00  0.00000000E+00  0.00000000E+00  0.00000000E+00  0.00000000E+00  1.12631496E-02  0.00000000E+00  0.00000000E+00 -1.11756338E-01
    1.147000      1   0.00000000E+00  0.00000000E+00  3.39548539E-03  0.00000000E+00  0.00000000E+00  0.00000000E+00  0.00000000E+00  0.00000000E+00  1.11516997E-02  0.00000000E+00  0.00000000E+00 -1.11449949E-01
    1.148000      1   0.00000000E+00  0.00000000E+00  3.44964186E-03  0.00000000E+00  0.00000000E+00  0.00000000E+00  0.00000000E+00  0.00000000E+00  1.10405528E-02  0.00000000E+00  0.00000000E+00 -1.11146887E-01
    1.149000      1   0.00000000E+00  0.00000000E+00  3.43511846E-03  0.00000000E+00  0.00000000E+00  0.00000000E+00  0.00000000E+00  0.00000000E+00  1.09297296E-02  0.00000000E+00  0.00000000E+00 -1.10823157E-01
    1.150000      1   0.00000000E+00  0.00000000E+00  3.52114376E-03  0.00000000E+00  0.00000000E+00  0.00000000E+00  0.00000000E+00  0.00000000E+00  1.08192454E-02  0.00000000E+00  0.00000000E+00 -1.10484209E-01
    1.151000      1   0.00000000E+00  0.00000000E+00  3.50209572E-03  0.00000000E+00  0.00000000E+00  0.00000000E+00  0.00000000E+00  0.00000000E+00  1.07091106E-02  0.00000000E+00  0.00000000E+00 -1.10134818E-01
    1.152000      1   0.00000000E+00  0.00000000E+00  3.54453971E-03  0.00000000E+00  0.00000000E+00  0.00000000E+00  0.00000000E+00  0.00000000E+00  1.05993501E-02  0.00000000E+00  0.00000000E+00 -1.09760544E-01
    1.153000      1   0.00000000E+00  0.00000000E+00  3.61189097E-03  0.00000000E+00  0.00000000E+00  0.00000000E+00  0.00000000E+00  0.00000000E+00  1.04899650E-02  0.00000000E+00  0.00000000E+00 -1.09385020E-01
    1.154000      1   0.00000000E+00  0.00000000E+00  3.60676847E-03  0.00000000E+00  0.00000000E+00  0.00000000E+00  0.00000000E+00  0.00000000E+00  1.03809814E-02  0.00000000E+00  0.00000000E+00 -1.08983646E-01
    1.155000      1   0.00000000E+00  0.00000000E+00  3.72035051E-03  0.00000000E+00  0.00000000E+00  0.00000000E+00  0.00000000E+00  0.00000000E+00  1.02724203E-02  0.00000000E+00  0.00000000E+00 -1.08561059E-01
    1.156000      1   0.00000000E+00  0.00000000E+00  3.70468377E-03  0.00000000E+00  0.00000000E+00  0.00000000E+00  0.00000000E+00  0.00000000E+00  1.01643003E-02  0.00000000E+00  0.00000000E+00 -1.08120068E-01
    1.157000      1   0.00000000E+00  0.00000000E+00  3.75393017E-03  0.00000000E+00  0.00000000E+00  0.00000000E+00  0.00000000E+00  0.00000000E+00  1.00566557E-02  0.00000000E+00  0.00000000E+00 -1.07644546E-01
    1.158000      1   0.00000000E+00  0.00000000E+00  3.85724980E-03  0.00000000E+00  0.00000000E+00  0.00000000E+00  0.00000000E+00  0.00000000E+00  9.94949026E-03  0.00000000E+00  0.00000000E+00 -1.07165460E-01
    1.159000      1   0.00000000E+00  0.00000000E+00  3.83403860E-03  0.00000000E+00  0.00000000E+00  0.00000000E+00  0.00000000E+00  0.00000000E+00  9.84283833E-03  0.00000000E+00  0.00000000E+00 -1.06651931E-01
    1.160000      1   0.00000000E+00  0.00000000E+00  3.97363788E-03  0.00000000E+00  0.00000000E+00  0.00000000E+00  0.00000000E+00  0.00000000E+00  9.73672976E-03  0.00000000E+00  0.00000000E+00 -1.06108574E-01
    1.161000      1   0.00000000E+00  0.00000000E+00  4.01324385E-03  0.00000000E+00  0.00000000E+00  0.00000000E+00  0.00000000E+00  0.00000000E+00  9.63118161E-03  0.00000000E+00  0.00000000E+00 -1.05548153E-01
    1.162000      1   0.00000000E+00  0.00000000E+00  4.05073531E-03  0.00000000E+00  0.00000000E+00  0.00000000E+00  0.00000000E+00  0.00000000E+00  9.52624672E-03  0.00000000E+00  0.00000000E+00 -1.04934882E-01
    1.163000      1   0.00000000E+00  0.00000000E+00  4.18393769E-03  0.00000000E+00  0.00000000E+00  0.00000000E+00  0.00000000E+00  0.00000000E+00  9.42194475E-03  0.00000000E+00  0.00000000E+00 -1.04301974E-01
    1.164000      1   0.00000000E+00  0.00000000E+00  4.21902454E-03  0.00000000E+00  0.00000000E+00  0.00000000E+00  0.00000000E+00  0.00000000E+00  9.31831155E-03  0.00000000E+00  0.00000000E+00 -1.03633198E-01
    1.165000      1   0.00000000E+00  0.00000000E+00  4.33506004E-03  0.00000000E+00  0.00000000E+00  0.00000000E+00  0.00000000E+00  0.00000000E+00  9.21539708E-03  0.00000000E+00  0.00000000E+00 -1.02914472E-01
    1.166000      1   0.00000000E+00  0.00000000E+00  4.46369424E-03  0.00000000E+00  0.00000000E+00  0.00000000E+00  0.00000000E+00  0.00000000E+00  9.11323338E-03  0.00000000E+00  0.00000000E+00 -1.02163703E-01
    1.167000      1   0.00000000E+00  0.00000000E+00  4.50424103E-03  0.00000000E+00  0.00000000E+00  0.00000000E+00  0.00000000E+00  0.00000000E+00  9.01188130E-03  0.00000000E+00  0.00000000E+00 -1.01352078E-01
    1.168000      1   0.00000000E+00  0.00000000E+00  4.69621605E-03  0.00000000E+00  0.00000000E+00  0.00000000E+00  0.00000000E+00  0.00000000E+00  8.91139026E-03  0.00000000E+00  0.00000000E+00 -1.00491038E-01
    1.169000      1   0.00000000E+00  0.00000000E+00  4.82170338E-03  0.00000000E+00  0.00000000E+00  0.00000000E+00  0.00000000E+00  0.00000000E+00  8.81180753E-03  0.00000000E+00  0.00000000E+00 -9.95827331E-02
    1.170000      1   0.00000000E+00  0.00000000E+00  4.90191790E-03  0.00000000E+00  0.00000000E+00  0.00000000E+00  0.00000000E+00  0.00000000E+00  8.71321834E-03  0.00000000E+00  0.00000000E+00 -9.85891897E-02
    1.171000      1   0.00000000E+00  0.00000000E+00  5.13318678E-03  0.00000000E+00  0.00000000E+00  0.00000000E+00  0.00000000E+00  0.00000000E+00  8.61567809E-03  0.00000000E+00  0.00000000E+00 -9.75402493E-02
    1.172000      1   0.00000000E+00  0.00000000E+00  5.31681358E-03  0.00000000E+00  0.00000000E+00  0.00000000E+00  0.00000000E+00  0.00000000E+00  8.51925402E-03  0.00000000E+00  0.00000000E+00 -9.64240680E-02
    1.173000      1   0.00000000E+00  0.00000000E+00  5.51519996E-03  0.00000000E+00  0.00000000E+00  0.00000000E+00  0.00000000E+00  0.00000000E+00  8.42405456E-03  0.00000000E+00  0.00000000E+00 -9.51994621E-02
    1.174000      1   0.00000000E+00  0.00000000E+00  5.79016577E-03  0.00000000E+00  0.00000000E+00  0.00000000E+00  0.00000000E+00  0.00000000E+00  8.33017509E-03  0.00000000E+00  0.00000000E+00 -9.38794681E-02
    1.175000      1   0.00000000E+00  0.00000000E+00  6.06399334E-03  0.00000000E+00  0.00000000E+00  0.00000000E+00  0.00000000E+00  0.00000000E+00  8.23772939E-03  0.00000000E+00  0.00000000E+00 -9.24456964E-02
    1.176000      1   0.00000000E+00  0.00000000E+00  6.38083125E-03  0.00000000E+00  0.00000000E+00  0.00000000E+00  0.00000000E+00  0.00000000E+00  8.14685620E-03  0.00000000E+00  0.00000000E+00 -9.08731984E-02
    1.177000      1   0.00000000E+00  0.00000000E+00  6.75761134E-03  0.00000000E+00  0.00000000E+00  0.00000000E+00  0.00000000E+00  0.00000000E+00  8.05770145E-03  0.00000000E+00  0.00000000E+00 -8.91547421E-02
    1.178000      1   0.00000000E+00  0.00000000E+00  7.19304272E-03  0.00000000E+00  0.00000000E+00  0.00000000E+00  0.00000000E+00  0.00000000E+00  7.97043585E-03  0.00000000E+00  0.00000000E+00 -8.72656022E-02
    1.179000      1   0.00000000E+00  0.00000000E+00  7.65790602E-03  0.00000000E+00  0.00000000E+00  0.00000000E+00  0.00000000E+00  0.00000000E+00  7.88526013E-03  0.00000000E+00  0.00000000E+00 -8.51757209E-02
    1.180000      1   0.00000000E+00  0.00000000E+00  8.25968953E-03  0.00000000E+00  0.00000000E+00  0.00000000E+00  0.00000000E+00  0.00000000E+00  7.80239950E-03  0.00000000E+00  0.00000000E+00 -8.28606315E-02
    1.181000      1   0.00000000E+00  0.00000000E+00  9.01464299E-03  0.00000000E+00  0.00000000E+00  0.00000000E+00  0.00000000E+00  0.00000000E+00  7.72211304E-03  0.00000000E+00  0.00000000E+00 -8.02864554E-02
    1.182000      1   0.00000000E+00  0.00000000E+00  9.68665347E-03  0.00000000E+00  0.00000000E+00  0.00000000E+00  0.00000000E+00  0.00000000E+00  7.64473190E-03  0.00000000E+00  0.00000000E+00 -7.73811394E-02
    1.183000      1   0.00000000E+00  0.00000000E+00  1.04324397E-02  0.00000000E+00  0.00000000E+00  0.00000000E+00  0.00000000E+00  0.00000000E+00  7.57062286E-03  0.00000000E+00  0.00000000E+00 -7.41090479E-02
    1.184000      1   0.00000000E+00  0.00000000E+00  1.11455991E-02  0.00000000E+00  0.00000000E+00  0.00000000E+00  0.00000000E+00  0.00000000E+00  7.50013848E-03  0.00000000E+00  0.00000000E+00 -7.04843742E-02
    1.185000      1   0.00000000E+00  0.00000000E+00 -5.49218711E-02  0.00000000E+00  0.00000000E+00  0.00000000E+00  0.00000000E+00  0.00000000E+00  7.50000000E-03  0.00000000E+00  0.00000000E+00 -1.38482057E-04
    1.186000      1   0.00000000E+00  0.00000000E+00 -3.85355467E-02  0.00000000E+00  0.00000000E+00  0.00000000E+00  0.00000000E+00  0.00000000E+00  7.50000000E-03  0.00000000E+00  0.00000000E+00 -1.73472348E-18
    1.187000      1   0.00000000E+00  0.00000000E+00 -1.67133722E-02  0.00000000E+00  0.00000000E+00  0.00000000E+00  0.00000000E+00  0.00000000E+00  7.50000000E-03  0.00000000E+00  0.00000000E+00 -3.46944695E-18
    1.188000      1   0.00000000E+00  0.00000000E+00  5.65737292E-04  0.00000000E+00  0.00000000E+00  0.00000000E+00  0.00000000E+00  0.00000000E+00  7.50000000E-03  0.00000000E+00  0.00000000E+00 -3.46944695E-18
    1.189000      1   0.00000000E+00  0.00000000E+00  5.20538297E-03  0.00000000E+00  0.00000000E+00  0.00000000E+00  0.00000000E+00  0.00000000E+00  7.50000000E-03  0.00000000E+00  0.00000000E+00 -8.67361738E-19
    1.190000      1   0.00000000E+00  0.00000000E+00  4.51080973E-03  0.00000000E+00  0.00000000E+00  0.00000000E+00  0.00000000E+00  0.00000000E+00  7.50000000E-03  0.00000000E+00  0.00000000E+00 -5.42101086E-20
    1.191000      1   0.00000000E+00  0.00000000E+00  7.93204083E-04  0.00000000E+00  0.00000000E+00  0.00000000E+00  0.00000000E+00  0.00000000E+00  7.50110578E-03  0.00000000E+00  0.00000000E+00  1.10578337E-03
    1.192000      1   0.00000000E+00  0.00000000E+00 -5.64683925E-04  0.00000000E+00  0.00000000E+00  0.00000000E+00  0.00000000E+00  0.00000000E+00  7.50243182E-03  0.00000000E+00  0.00000000E+00  1.32604149E-03
    1.193000      1   0.00000000E+00  0.00000000E+00  6.05667559E-04  0.00000000E+00  0.00000000E+00  0.00000000E+00  0.00000000E+00  0.00000000E+00  7.50251708E-03  0.00000000E+00  0.00000000E+00  8.52549638E-05
    1.194000      1   0.00000000E+00  0.00000000E+00  2.46636729E-03  0.00000000E+00  0.00000000E+00  0.00000000E+00  0.00000000E+00  0.00000000E+00  7.50112256E-03  0.00000000E+00  0.00000000E+00 -1.39451872E-03
    1.195000      1   0.00000000E+00  0.00000000E+00  1.97837094E-03  0.00000000E+00  0.00000000E+00  0.00000000E+00  0.00000000E+00  0.00000000E+00  7.50000000E-03  0.00000000E+00  0.00000000E+00 -1.12256111E-03
    1.196000      1   0.00000000E+00  0.00000000E+00  4.53690621E-04  0.00000000E+00  0.00000000E+00  0.00000000E+00  0.00000000E+00  0.00000000E+00  7.50000000E-03  0.00000000E+00  0.00000000E+00 -4.33680869E-19
    1.197000      1   0.00000000E+00  0.00000000E+00  3.75635694E-04  0.00000000E+00  0.00000000E+00  0.00000000E+00  0.00000000E+00  0.00000000E+00  7.50000000E-03  0.00000000E+00  0.00000000E+00 -1.08420217E-19
    1.198000      1   0.00000000E+00  0.00000000E+00  7.37475957E-04  0.00000000E+00  0.00000000E+00  0.00000000E+00  0.00000000E+00  0.00000000E+00  7.50000000E-03  0.00000000E+00  0.00000000E+00 -4.33680869E-19
    1.199000      1   0.00000000E+00  0.00000000E+00  1.12558063E-03  0.00000000E+00  0.00000000E+00  0.00000000E+00  0.00000000E+00  0.00000000E+00  7.50000000E-03  0.00000000E+00  0.00000000E+00 -2.16840434E-19
    1.200000      1   0.00000000E+00  0.00000000E+00  1.35088260E-03  0.00000000E+00  0.00000000E+00  0.00000000E+00  0.00000000E+00  0.00000000E+00  7.50000000E-03  0.00000000E+00  0.00000000E+00 -2.16840434E-19
    1.201000      1   0.00000000E+00  0.00000000E+00  1.42918865E-03  0.00000000E+00  0.00000000E+00  0.00000000E+00  0.00000000E+00  0.00000000E+00  7.50000000E-03  0.00000000E+00  0.00000000E+00 -2.16840434E-19
    1.202000      1   0.00000000E+00  0.00000000E+00  1.45354204E-03  0.00000000E+00  0.00000000E+00  0.00000000E+00  0.00000000E+00  0.00000000E+00  7.50000000E-03  0.00000000E+00  0.00000000E+00 -1.08420217E-19
    1.203000      1   0.00000000E+00  0.00000000E+00  1.46991104E-03  0.00000000E+00  0.00000000E+00  0.00000000E+00  0.00000000E+00  0.00000000E+00  7.50000000E-03  0.00000000E+00  0.00000000E+00 -1.08420217E-19
    1.204000      1   0.00000000E+00  0.00000000E+00  1.50596110E-03  0.00000000E+00  0.00000000E+00  0.00000000E+00  0.00000000E+00  0.00000000E+00  7.50000000E-03  0.00000000E+00  0.00000000E+00 -1.08420217E-19
    1.205000      1   0.00000000E+00  0.00000000E+00  1.54913208E-03  0.00000000E+00  0.00000000E+00  0.00000000E+00  0.00000000E+00  0.00000000E+00  7.50000000E-03  0.00000000E+00  0.00000000E+00 -1.08420217E-19
    1.206000      1   0.00000000E+00  0.00000000E+00  1.59785899E-03  0.00000000E+00  0.00000000E+00  0.00000000E+00  0.00000000E+00  0.00000000E+00  7.50000000E-03  0.00000000E+00  0.00000000E+00 -1.08420217E-19
    1.207000      1   0.00000000E+00  0.00000000E+00  1.64116535E-03  0.00000000E+00  0.00000000E+00  0.00000000E+00  0.00000000E+00  0.00000000E+00  7.50000000E-03  0.00000000E+00  0.00000000E+00 -1.08420217E-19
    1.208000      1   0.00000000E+00  0.00000000E+00  1.68278745E-03  0.00000000E+00  0.00000000E+00  0.00000000E+00  0.00000000E+00  0.00000000E+00  7.50000000E-03  0.00000000E+00  0.00000000E+00 -1.08420217E-19
    1.209000      1   0.00000000E+00  0.00000000E+00  1.71939368E-03  0.00000000E+00  0.00000000E+00  0.00000000E+00  0.00000000E+00  0.00000000E+00  7.50000000E-03  0.00000000E+00  0.00000000E+00 -1.08420217E-19
    1.210000      1   0.00000000E+00  0.00000000E+00  1.75522847E-03  0.00000000E+00  0.00000000E+00  0.00000000E+00  0.00000000E+00  0.00000000E+00  7.50000000E-03  0.00000000E+00  0.00000000E+00 -1.08420217E-19
    1.211000      1   0.00000000E+00  0.00000000E+00  1.78799543E-03  0.00000000E+00  0.00000000E+00  0.00000000E+00  0.00000000E+00  0.00000000E+00  7.50000000E-03  0.00000000E+00  0.00000000E+00 -1.08420217E-19
    1.212000      1   0.00000000E+00  0.00000000E+00  1.82019913E-03  0.00000000E+00  0.00000000E+00  0.00000000E+00  0.00000000E+00  0.00000000E+00  7.50000000E-03  0.00000000E+00  0.00000000E+00 -1.08420217E-19
    1.213000      1   0.00000000E+00  0.00000000E+00  1.84996824E-03  0.00000000E+00  0.00000000E+00  0.00000000E+00  0.00000000E+00  0.00000000E+00  7.50000000E-03  0.00000000E+00  0.00000000E+00 -1.08420217E-19
    1.214000      1   0.00000000E+00  0.00000000E+00  1.87901603E-03  0.00000000E+00  0.00000000E+00  0.00000000E+00  0.00000000E+00  0.00000000E+00  7.50000000E-03  0.00000000E+00  0.00000000E+00 -1.08420217E-19
    1.215000      1   0.00000000E+00  0.00000000E+00  1.90607478E-03  0.00000000E+00  0.00000000E+00  0.00000000E+00  0.00000000E+00  0.00000000E+00  7.50000000E-03  0.00000000E+00  0.00000000E+00 -1.08420217E-19
    1.216000      1   0.00000000E+00  0.00000000E+00  1.93240434E-03  0.00000000E+00  0.00000000E+00  0.00000000E+00  0.00000000E+00  0.00000000E+00  7.50000000E-03  0.00000000E+00  0.00000000E+00 -5.42101086E-20
    1.217000      1   0.00000000E+00  0.00000000E+00  1.95711238E-03  0.00000000E+00  0.00000000E+00  0.00000000E+00  0.00000000E+00  0.00000000E+00  7.50000000E-03  0.00000000E+00  0.00000000E+00 -5.42101086E-20
    1.218000      1   0.00000000E+00  0.00000000E+00  1.98110053E-03  0.00000000E+00  0.00000000E+00  0.00000000E+00  0.00000000E+00  0.00000000E+00  7.50000000E-03  0.00000000E+00  0.00000000E+00 -1.08420217E-19
    1.219000      1   0.00000000E+00  0.00000000E+00  2.00372508E-03  0.00000000E+00  0.00000000E+00  0.00000000E+00  0.00000000E+00  0.00000000E+00  7.50000000E-03  0.00000000E+00  0.00000000E+00 -1.08420217E-19
    1.220000      1   0.00000000E+00  0.00000000E+00  2.02564854E-03  0.00000000E+00  0.00000000E+00  0.00000000E+00  0.00000000E+00  0.00000000E+00  7.50000000E-03  0.00000000E+00  0.00000000E+00 -5.42101086E-20
    1.221000      1   0.00000000E+00  0.00000000E+00  2.04641429E-03  0.00000000E+00  0.00000000E+00  0.00000000E+00  0.00000000E+00  0.00000000E+00  7.50000000E-03  0.00000000E+00  0.00000000E+00 -1.08420217E-19
    1.222000      1   0.00000000E+00  0.00000000E+00  2.06651988E-03  0.00000000E+00  0.00000000E+00  0.00000000E+00  0.00000000E+00  0.00000000E+00  7.50000000E-03  0.00000000E+00  0.00000000E+00 -5.42101086E-20
    1.223000      1   0.00000000E+00  0.00000000E+00  2.08563849E-03  0.00000000E+00  0.00000000E+00  0.00000000E+00  0.00000000E+00  0.00000000E+00  7.50000000E-03  0.00000000E+00  0.00000000E+00 -1.08420217E-19
    1.224000      1   0.00000000E+00  0.00000000E+00  2.10414443E-03  0.00000000E+00  0.00000000E+00  0.00000000E+00  0.00000000E+00  0.00000000E+00  7.50000000E-03  0.00000000E+00  0.00000000E+00 -5.42101086E-20
    1.225000      1   0.00000000E+00  0.00000000E+00  2.12180039E-03  0.00000000E+00  0.00000000E+00  0.00000000E+00  0.00000000E+00  0.00000000E+00  7.50000000E-03  0.00000000E+00  0.00000000E+00 -5.42101086E-20
    1.226000      1   0.00000000E+00  0.00000000E+00  2.13888991E-03  0.00000000E+00  0.00000000E+00  0.00000000E+00  0.00000000E+00  0.00000000E+00  7.50000000E-03  0.00000000E+00  0.00000000E+00 -5.42101086E-20
    1.227000      1   0.00000000E+00  0.00000000E+00  2.15524030E-03  0.00000000E+00  0.00000000E+00  0.00000000E+00  0.00000000E+00  0.00000000E+00  7.50000000E-03  0.00000000E+00  0.00000000E+00 -5.42101086E-20
    1.228000      1   0.00000000E+00  0.00000000E+00  2.17106892E-03  0.00000000E+00  0.00000000E+00  0.00000000E+00  0.00000000E+00  0.00000000E+00  7.50000000E-03  0.00000000E+00  0.00000000E+00 -1.08420217E-19
    1.229000      1   0.00000000E+00  0.00000000E+00  2.18625026E-03  0.00000000E+00  0.00000000E+00  0.00000000E+00  0.00000000E+00  0.00000000E+00  7.50000000E-03  0.00000000E+00  0.00000000E+00 -5.42101086E-20
    1.230000      1   0.00000000E+00  0.00000000E+00  2.20095249E-03  0.00000000E+00  0.00000000E+00  0.00000000E+00  0.00000000E+00  0.00000000E+00  7.50000000E-03  0.00000000E+00  0.00000000E+00 -5.42101086E-20
    1.231000      1   0.00000000E+00  0.00000000E+00  2.21508441E-03  0.00000000E+00  0.00000000E+00  0.00000000E+00  0.00000000E+00  0.00000000E+00  7.50000000E-03  0.00000000E+00  0.00000000E+00 -5.42101086E-20
    1.232000      1   0.00000000E+00  0.00000000E+00  2.22877711E-03  0.00000000E+00  0.00000000E+00  0.00000000E+00  0.00000000E+00  0.00000000E+00  7.50000000E-03  0.00000000E+00  0.00000000E+00 -5.42101086E-20
    1.233000      1   0.00000000E+00  0.00000000E+00  2.24196440E-03  0.00000000E+00  0.00000000E+00  0.00000000E+00  0.00000000E+00  0.00000000E+00  7.50000000E-03  0.00000000E+00  0.00000000E+00 -5.42101086E-20
    1.234000      1   0.00000000E+00  0.00000000E+00  2.25474928E-03  0.00000000E+00  0.00000000E+00  0.00000000E+00  0.00000000E+00  0.00000000E+00  7.50000000E-03  0.00000000E+00  0.00000000E+00 -5.42101086E-20
    1.235000      1   0.00000000E+00  0.00000000E+00  2.26708389E-03  0.00000000E+00  0.00000000E+00  0.00000000E+00  0.00000000E+00  0.00000000E+00  7.50000000E-03  0.00000000E+00  0.00000000E+00 -5.42101086E-20
    1.236000      1   0.00000000E+00  0.00000000E+00  2.27904975E-03  0.00000000E+00  0.00000000E+00  0.00000000E+00  0.00000000E+00  0.00000000E+00  7.50000000E-03  0.00000000E+00  0.00000000E+00 -5.42101086E-20
    1.237000      1   0.00000000E+00  0.00000000E+00  2.29061256E-03  0.00000000E+00  0.00000000E+00  0.00000000E+00  0.00000000E+00  0.00000000E+00  7.50000000E-03  0.00000000E+00  0.00000000E+00 -5.42101086E-20
    1.238000      1   0.00000000E+00  0.00000000E+00  2.30183731E-03  0.00000000E+00  0.00000000E+00  0.00000000E+00  0.00000000E+00  0.00000000E+00  7.50000000E-03  0.00000000E+00  0.00000000E+00 -5.42101086E-20
    1.239000      1   0.00000000E+00  0.00000000E+00  2.31269967E-03  0.00000000E+00  0.00000000E+00  0.00000000E+00  0.00000000E+00  0.00000000E+00  7.50000000E-03  0.00000000E+00  0.00000000E+00 -5.42101086E-20
    1.240000      1   0.00000000E+00  0.00000000E+00  2.32325184E-03  0.00000000E+00  0.00000000E+00  0.00000000E+00  0.00000000E+00  0.00000000E+00  7.50000000E-03  0.00000000E+00  0.00000000E+00 -5.42101086E-20
    1.241000      1   0.00000000E+00  0.00000000E+00  2.33347688E-03  0.00000000E+00  0.00000000E+00  0.00000000E+00  0.00000000E+00  0.00000000E+00  7.50000000E-03  0.00000000E+00  0.00000000E+00 -5.42101086E-20
    1.242000      1   0.00000000E+00  0.00000000E+00  2.34341699E-03  0.00000000E+00  0.00000000E+00  0.00000000E+00  0.00000000E+00  0.00000000E+00  7.50000000E-03  0.00000000E+00  0.00000000E+00 -2.71050543E-20
    1.243000      1   0.00000000E+00  0.00000000E+00  2.35306069E-03  0.00000000E+00  0.00000000E+00  0.00000000E+00  0.00000000E+00  0.00000000E+00  7.50000000E-03  0.00000000E+00  0.00000000E+00 -2.71050543E-20
    1.244000      1   0.00000000E+00  0.00000000E+00  2.36244233E-03  0.00000000E+00  0.00000000E+00  0.00000000E+00  0.00000000E+00  0.00000000E+00  7.50000000E-03  0.00000000E+00  0.00000000E+00 -5.42101086E-20
    1.245000      1   0.00000000E+00  0.00000000E+00  2.37155446E-03  0.00000000E+00  0.00000000E+00  0.00000000E+00  0.00000000E+00  0.00000000E+00  7.50000000E-03  0.00000000E+00  0.00000000E+00 -5.42101086E-20
    1.246000      1   0.00000000E+00  0.00000000E+00  2.38042525E-03  0.00000000E+00  0.00000000E+00  0.00000000E+00  0.00000000E+00  0.00000000E+00  7.50000000E-03  0.00000000E+00  0.00000000E+00 -5.42101086E-20
    1.247000      1   0.00000000E+00  0.00000000E+00  2.38905019E-03  0.00000000E+00  0.00000000E+00  0.00000000E+00  0.00000000E+00  0.00000000E+00  7.50000000E-03  0.00000000E+00  0.00000000E+00 -5.42101086E-20
    1.248000      1   0.00000000E+00  0.00000000E+00  2.39745254E-03  0.00000000E+00  0.00000000E+00  0.00000000E+00  0.00000000E+00  0.00000000E+00  7.50000000E-03  0.00000000E+00  0.00000000E+00 -2.71050543E-20
    1.249000      1   0.00000000E+00  0.00000000E+00  2.40562994E-03  0.00000000E+00  0.00000000E+00  0.00000000E+00  0.00000000E+00  0.00000000E+00  7.50000000E-03  0.00000000E+00  0.00000000E+00 -2.71050543E-20
    1.250000      1   0.00000000E+00  0.00000000E+00  2.41360174E-03  0.00000000E+00  0.00000000E+00  0.00000000E+00  0.00000000E+00  0.00000000E+00  7.50000000E-03  0.00000000E+00  0.00000000E+00 -2.71050543E-20
    1.251000      1   0.00000000E+00  0.00000000E+00  2.42136714E-03  0.00000000E+00  0.00000000E+00  0.00000000E+00  0.00000000E+00  0.00000000E+00  7.50000000E-03  0.00000000E+00  0.00000000E+00 -5.42101086E-20
    1.252000      1   0.00000000E+00  0.00000000E+00  2.42894234E-03  0.00000000E+00  0.00000000E+00  0.00000000E+00  0.00000000E+00  0.00000000E+00  7.50000000E-03  0.00000000E+00  0.00000000E+00 -5.42101086E-20
    1.253000      1   0.00000000E+00  0.00000000E+00  2.43632764E-03  0.00000000E+00  0.00000000E+00  0.00000000E+00  0.00000000E+00  0.00000000E+00  7.50000000E-03  0.00000000E+00  0.00000000E+00 -2.71050543E-20
    1.254000      1   0.00000000E+00  0.00000000E+00  2.44353671E-03  0.00000000E+00  0.00000000E+00  0.00000000E+00  0.00000000E+00  0.00000000E+00  7.50000000E-03  0.00000000E+00  0.00000000E+00 -2.71050543E-20
    1.255000      1   0.00000000E+00  0.00000000E+00  2.45057065E-03  0.00000000E+00  0.00000000E+00  0.00000000E+00  0.00000000E+00  0.00000000E+00  7.50000000E-03  0.00000000E+00  0.00000000E+00 -2.71050543E-20
    1.256000      1   0.00000000E+00  0.00000000E+00  2.45744105E-03  0.00000000E+00  0.00000000E+00  0.00000000E+00  0.00000000E+00  0.00000000E+00  7.50000000E-03  0.00000000E+00  0.00000000E+00 -5.42101086E-20
    1.257000      1   0.00000000E+00  0.00000000E+00  2.46414955E-03  0.00000000E+00  0.00000000E+00  0.00000000E+00  0.00000000E+00  0.00000000E+00  7.50000000E-03  0.00000000E+00  0.00000000E+00 -2.71050543E-20
    1.258000      1   0.00000000E+00  0.00000000E+00  2.47070604E-03  0.00000000E+00  0.00000000E+00  0.00000000E+00  0.00000000E+00  0.00000000E+00  7.50000000E-03  0.00000000E+00  0.00000000E+00 -2.71050543E-20
    1.259000      1   0.00000000E+00  0.00000000E+00  2.47711253E-03  0.00000000E+00  0.00000000E+00  0.00000000E+00  0.00000000E+00  0.00000000E+00  7.50000000E-03  0.00000000E+00  0.00000000E+00 -2.71050543E-20
    1.260000      1   0.00000000E+00  0.00000000E+00  2.48337753E-03  0.00000000E+00  0.00000000E+00  0.00000000E+00  0.00000000E+00  0.00000000E+00  7.50000000E-03  0.00000000E+00  0.00000000E+00 -2.71050543E-20
    1.261000      1   0.00000000E+00  0.00000000E+00  2.48950326E-03  0.00000000E+00  0.00000000E+00  0.00000000E+00  0.00000000E+00  0.00000000E+00  7.50000000E-03  0.00000000E+00  0.00000000E+00 -2.71050543E-20
    1.262000      1   0.00000000E+00  0.00000000E+00  2.49549708E-03  0.00000000E+00  0.00000000E+00  0.00000000E+00  0.00000000E+00  0.00000000E+00  7.50000000E-03  0.00000000E+00  0.00000000E+00 -2.71050543E-20
    1.263000      1   0.00000000E+00  0.00000000E+00  2.50136134E-03  0.00000000E+00  0.00000000E+00  0.00000000E+00  0.00000000E+00  0.00000000E+00  7.50000000E-03  0.00000000E+00  0.00000000E+00 -2.71050543E-20
    1.264000      1   0.00000000E+00  0.00000000E+00  2.50710246E-03  0.00000000E+00  0.00000000E+00  0.00000000E+00  0.00000000E+00  0.00000000E+00  7.50000000E-03  0.00000000E+00  0.00000000E+00 -2.71050543E-20
    1.265000      1   0.00000000E+00  0.00000000E+00  2.51272282E-03  0.00000000E+00  0.00000000E+00  0.00000000E+00  0.00000000E+00  0.00000000E+00  7.50000000E-03  0.00000000E+00  0.00000000E+00 -2.71050543E-20
    1.266000      1   0.00000000E+00  0.00000000E+00  2.51822803E-03  0.00000000E+00  0.00000000E+00  0.00000000E+00  0.00000000E+00  0.00000000E+00  7.50000000E-03  0.00000000E+00  0.00000000E+00 -2.71050543E-20
    1.267000      1   0.00000000E+00  0.00000000E+00  2.52362049E-03  0.00000000E+00  0.00000000E+00  0.00000000E+00  0.00000000E+00  0.00000000E+00  7.50000000E-03  0.00000000E+00  0.00000000E+00 -2.71050543E-20
    1.268000      1   0.00000000E+00  0.00000000E+00  2.52890515E-03  0.00000000E+00  0.00000000E+00  0.00000000E+00  0.00000000E+00  0.00000000E+00  7.50000000E-03  0.00000000E+00  0.00000000E+00 -2.71050543E-20
    1.269000      1   0.00000000E+00  0.00000000E+00  2.53408436E-03  0.00000000E+00  0.00000000E+00  0.00000000E+00  0.00000000E+00  0.00000000E+00  7.50000000E-03  0.00000000E+00  0.00000000E+00 -2.71050543E-20
    1.270000      1   0.00000000E+00  0.00000000E+00  2.53916248E-03  0.00000000E+00  0.00000000E+00  0.00000000E+00  0.00000000E+00  0.00000000E+00  7.50000000E-03  0.00000000E+00  0.00000000E+00 -2.71050543E-20
    1.271000      1   0.00000000E+00  0.00000000E+00  2.54414181E-03  0.00000000E+00  0.00000000E+00  0.00000000E+00  0.00000000E+00  0.00000000E+00  7.50000000E-03  0.00000000E+00  0.00000000E+00 -2.71050543E-20
    1.272000      1   0.00000000E+00  0.00000000E+00  2.54902625E-03  0.00000000E+00  0.00000000E+00  0.00000000E+00  0.00000000E+00  0.00000000E+00  7.50000000E-03  0.00000000E+00  0.00000000E+00 -2.71050543E-20
    1.273000      1   0.00000000E+00  0.00000000E+00  2.55381800E-03  0.00000000E+00  0.00000000E+00  0.00000000E+00  0.00000000E+00  0.00000000E+00  7.50000000E-03  0.00000000E+00  0.00000000E+00 -2.71050543E-20
    1.274000      1   0.00000000E+00  0.00000000E+00  2.55852054E-03  0.00000000E+00  0.00000000E+00  0.00000000E+00  0.00000000E+00  0.00000000E+00  7.50000000E-03  0.00000000E+00  0.00000000E+00 -2.71050543E-20
    1.275000      1   0.00000000E+00  0.00000000E+00  2.56313599E-03  0.00000000E+00  0.00000000E+00  0.00000000E+00  0.00000000E+00  0.00000000E+00  7.50000000E-03  0.00000000E+00  0.00000000E+00 -2.71050543E-20
    1.276000      1   0.00000000E+00  0.00000000E+00  2.56766746E-03  0.00000000E+00  0.00000000E+00  0.00000000E+00  0.00000000E+00  0.00000000E+00  7.50000000E-03  0.00000000E+00  0.00000000E+00 -2.71050543E-20
    1.277000      1   0.00000000E+00  0.00000000E+00  2.57211699E-03  0.00000000E+00  0.00000000E+00  0.00000000E+00  0.00000000E+00  0.00000000E+00  7.50000000E-03  0.00000000E+00  0.00000000E+00 -2.71050543E-20
    1.278000      1   0.00000000E+00  0.00000000E+00  2.57648738E-03  0.00000000E+00  0.00000000E+00  0.00000000E+00  0.00000000E+00  0.00000000E+00  7.50000000E-03  0.00000000E+00  0.00000000E+00 -1.35525272E-20
    1.279000      1   0.00000000E+00  0.00000000E+00  2.58078056E-03  0.00000000E+00  0.00000000E+00  0.00000000E+00  0.00000000E+00  0.00000000E+00  7.50000000E-03  0.00000000E+00  0.00000000E+00 -1.35525272E-20
    1.280000      1   0.00000000E+00  0.00000000E+00  2.58499907E-03  0.00000000E+00  0.00000000E+00  0.00000000E+00  0.00000000E+00  0.00000000E+00  7.50000000E-03  0.00000000E+00  0.00000000E+00 -2.71050543E-20
    1.281000      1   0.00000000E+00  0.00000000E+00  2.58914473E-03  0.00000000E+00  0.00000000E+00  0.00000000E+00  0.00000000E+00  0.00000000E+00  7.50000000E-03  0.00000000E+00  0.00000000E+00 -1.35525272E-20
    1.282000      1   0.00000000E+00  0.00000000E+00  2.59321987E-03  0.00000000E+00  0.00000000E+00  0.00000000E+00  0.00000000E+00  0.00000000E+00  7.50000000E-03  0.00000000E+00  0.00000000E+00 -1.35525272E-20
    1.283000      1   0.00000000E+00  0.00000000E+00  2.59722618E-03  0.00000000E+00  0.00000000E+00  0.00000000E+00  0.00000000E+00  0.00000000E+00  7.50000000E-03  0.00000000E+00  0.00000000E+00 -1.35525272E-20
    1.284000      1   0.00000000E+00  0.00000000E+00  2.60116580E-03  0.00000000E+00  0.00000000E+00  0.00000000E+00  0.00000000E+00  0.00000000E+00  7.50000000E-03  0.00000000E+00  0.00000000E+00 -1.35525272E-20
    1.285000      1   0.00000000E+00  0.00000000E+00  2.60504034E-03  0.00000000E+00  0.00000000E+00  0.00000000E+00  0.00000000E+00  0.00000000E+00  7.50000000E-03  0.00000000E+00  0.00000000E+00 -1.35525272E-20
    1.286000      1   0.00000000E+00  0.00000000E+00  2.60885173E-03  0.00000000E+00  0.00000000E+00  0.00000000E+00  0.00000000E+00  0.00000000E+00  7.50000000E-03  0.00000000E+00  0.00000000E+00 -1.35525272E-20
    1.287000      1   0.00000000E+00  0.00000000E+00  2.61260151E-03  0.00000000E+00  0.00000000E+00  0.00000000E+00  0.00000000E+00  0.00000000E+00  7.50000000E-03  0.00000000E+00  0.00000000E+00 -1.35525272E-20
    1.288000      1   0.00000000E+00  0.00000000E+00  2.61629144E-03  0.00000000E+00  0.00000000E+00  0.00000000E+00  0.00000000E+00  0.00000000E+00  7.50000000E-03  0.00000000E+00  0.00000000E+00 -1.35525272E-20
    1.289000      1   0.00000000E+00  0.00000000E+00  2.61992296E-03  0.00000000E+00  0.00000000E+00  0.00000000E+00  0.00000000E+00  0.00000000E+00  7.50000000E-03  0.00000000E+00  0.00000000E+00 -1.35525272E-20
    1.290000      1   0.00000000E+00  0.00000000E+00  2.62349771E-03  0.00000000E+00  0.00000000E+00  0.00000000E+00  0.00000000E+00  0.00000000E+00  7.50000000E-03  0.00000000E+00  0.00000000E+00 -1.35525272E-20
    1.291000      1   0.00000000E+00  0.00000000E+00  2.62701705E-03  0.00000000E+00  0.00000000E+00  0.00000000E+00  0.00000000E+00  0.00000000E+00  7.50000000E-03  0.00000000E+00  0.00000000E+00 -1.35525272E-20
    1.292000      1   0.00000000E+00  0.00000000E+00  2.63048246E-03  0.00000000E+00  0.00000000E+00  0.00000000E+00  0.00000000E+00  0.00000000E+00  7.50000000E-03  0.00000000E+00  0.00000000E+00 -1.35525272E-20
    1.293000      1   0.00000000E+00  0.00000000E+00  2.63389525E-03  0.00000000E+00  0.00000000E+00  0.00000000E+00  0.00000000E+00  0.00000000E+00  7.50000000E-03  0.00000000E+00  0.00000000E+00 -1.35525272E-20
    1.294000      1   0.00000000E+00  0.00000000E+00  2.63725678E-03  0.00000000E+00  0.00000000E+00  0.00000000E+00  0.00000000E+00  0.00000000E+00  7.50000000E-03  0.00000000E+00  0.00000000E+00 -1.35525272E-20
    1.295000      1   0.00000000E+00  0.00000000E+00  2.64056826E-03  0.00000000E+00  0.00000000E+00  0.00000000E+00  0.00000000E+00  0.00000000E+00  7.50000000E-03  0.00000000E+00  0.00000000E+00 -1.35525272E-20
    1.296000      1   0.00000000E+00  0.00000000E+00  2.64383099E-03  0.00000000E+00  0.00000000E+00  0.00000000E+00  0.00000000E+00  0.00000000E+00  7.50000000E-03  0.00000000E+00  0.00000000E+00 -1.35525272E-20
    1.297000      1   0.00000000E+00  0.00000000E+00  2.64704609E-03  0.00000000E+00  0.00000000E+00  0.00000000E+00  0.00000000E+00  0.00000000E+00  7.50000000E-03  0.00000000E+00  0.00000000E+00 -1.35525272E-20
    1.298000      1   0.00000000E+00  0.00000000E+00  2.65021476E-03  0.00000000E+00  0.00000000E+00  0.00000000E+00  0.00000000E+00  0.00000000E+00  7.50000000E-03  0.00000000E+00  0.00000000E+00 -1.35525272E-20
    1.299000      1   0.00000000E+00  0.00000000E+00  2.65333806E-03  0.00000000E+00  0.00000000E+00  0.00000000E+00  0.00000000E+00  0.00000000E+00  7.50000000E-03  0.00000000E+00  0.00000000E+00 -1.35525272E-20
    1.300000      1   0.00000000E+00  0.00000000E+00  2.65641711E-03  0.00000000E+00  0.00000000E+00  0.00000000E+00  0.00000000E+00  0.00000000E+00  7.50000000E-03  0.00000000E+00  0.00000000E+00 -1.35525272E-20
