<VTKFile type="UnstructuredGrid" version="0.1" byte_order="LittleEndian">
  <UnstructuredGrid>
    <Piece NumberOfPoints="1239" NumberOfCells="876">
      <PointData Scalars="FFID">
        <DataArray type="Int32" Name="FFID" format="ascii">
          1
          2
          3
          4
          5
          6
          7
          8
          9
          10
          11
          12
          13
          14
          15
          16
          17
          18
          19
          20
          21
          22
          23
          24
          25
          26
          27
          28
          29
          30
          31
          32
          33
          34
          35
          36
          37
          38
          39
          40
          41
          42
          43
          44
          45
          46
          47
          48
          49
          50
          51
          52
          53
          54
          55
          56
          57
          58
          59
          60
          61
          62
          63
          64
          65
          66
          67
          68
          69
          70
          71
          72
          73
          74
          75
          76
          77
          78
          79
          80
          81
          82
          83
          84
          85
          86
          87
          88
          89
          90
          91
          92
          93
          94
          95
          96
          97
          98
          99
          100
          101
          102
          103
          104
          105
          106
          107
          108
          109
          110
          111
          112
          113
          114
          115
          116
          117
          118
          119
          120
          121
          122
          123
          124
          125
          126
          127
          128
          129
          130
          131
          132
          133
          134
          135
          136
          137
          138
          139
          140
          141
          142
          143
          144
          145
          146
          147
          148
          149
          150
          151
          152
          153
          154
          155
          156
          157
          158
          159
          160
          161
          162
          163
          164
          165
          166
          167
          168
          169
          170
          171
          172
          173
          174
          175
          176
          177
          178
          179
          180
          181
          182
          183
          184
          185
          186
          187
          188
          189
          190
          191
          192
          193
          194
          195
          196
          197
          198
          199
          200
          201
          202
          203
          204
          205
          206
          207
          208
          209
          210
          211
          212
          213
          214
          215
          216
          217
          218
          219
          220
          221
          222
          223
          224
          225
          226
          227
          228
          229
          230
          231
          232
          233
          234
          235
          236
          237
          238
          239
          240
          241
          242
          243
          244
          245
          246
          247
          248
          249
          250
          251
          252
          253
          254
          255
          256
          257
          258
          259
          260
          261
          262
          263
          264
          265
          266
          267
          268
          269
          270
          271
          272
          273
          274
          275
          276
          277
          278
          279
          280
          281
          282
          283
          284
          285
          286
          287
          288
          289
          290
          291
          292
          293
          294
          295
          296
          297
          298
          299
          300
          301
          302
          303
          304
          305
          306
          307
          308
          309
          310
          311
          312
          313
          314
          315
          316
          317
          318
          319
          320
          321
          322
          323
          324
          325
          326
          327
          328
          329
          330
          331
          332
          333
          334
          335
          336
          337
          338
          339
          340
          341
          342
          343
          344
          345
          346
          347
          348
          349
          350
          351
          352
          353
          354
          355
          356
          357
          358
          359
          360
          361
          362
          363
          364
          365
          366
          367
          368
          369
          370
          371
          372
          373
          374
          375
          376
          377
          378
          379
          380
          381
          382
          383
          384
          385
          386
          387
          388
          389
          390
          391
          392
          393
          394
          395
          396
          397
          398
          399
          400
          401
          402
          403
          404
          405
          406
          407
          408
          409
          410
          411
          412
          413
          414
          415
          416
          417
          418
          419
          420
          421
          422
          423
          424
          425
          426
          427
          428
          429
          430
          431
          432
          433
          434
          435
          436
          437
          438
          439
          440
          441
          442
          443
          444
          445
          446
          447
          448
          449
          450
          451
          452
          453
          454
          455
          456
          457
          458
          459
          460
          461
          462
          463
          464
          465
          466
          467
          468
          469
          470
          471
          472
          473
          474
          475
          476
          477
          478
          479
          480
          481
          482
          483
          484
          485
          486
          487
          488
          489
          490
          491
          492
          493
          494
          495
          496
          497
          498
          499
          500
          501
          502
          503
          504
          505
          506
          507
          508
          509
          510
          511
          512
          513
          514
          515
          516
          517
          518
          519
          520
          521
          522
          523
          524
          525
          526
          527
          528
          529
          530
          531
          532
          533
          534
          535
          536
          537
          538
          539
          540
          541
          542
          543
          544
          545
          546
          547
          548
          549
          550
          551
          552
          553
          554
          555
          556
          557
          558
          559
          560
          561
          562
          563
          564
          565
          566
          567
          568
          569
          570
          571
          572
          573
          574
          575
          576
          577
          578
          579
          580
          581
          582
          583
          584
          585
          586
          587
          588
          589
          590
          591
          592
          593
          594
          595
          596
          597
          598
          599
          600
          601
          602
          603
          604
          605
          606
          607
          608
          609
          610
          611
          612
          613
          614
          615
          616
          617
          618
          619
          620
          621
          622
          623
          624
          625
          626
          627
          628
          629
          630
          631
          632
          633
          634
          635
          636
          637
          638
          639
          640
          641
          642
          643
          644
          645
          646
          647
          648
          649
          650
          651
          652
          653
          654
          655
          656
          657
          658
          659
          660
          661
          662
          663
          664
          665
          666
          667
          668
          669
          670
          671
          672
          673
          674
          675
          676
          677
          678
          679
          680
          681
          682
          683
          684
          685
          686
          687
          688
          689
          690
          691
          692
          693
          694
          695
          696
          697
          698
          699
          700
          701
          702
          703
          704
          705
          706
          707
          708
          709
          710
          711
          712
          713
          714
          715
          716
          717
          718
          719
          720
          721
          722
          723
          724
          725
          726
          727
          728
          729
          730
          731
          732
          733
          734
          735
          736
          737
          738
          739
          740
          741
          742
          743
          744
          745
          746
          747
          748
          749
          750
          751
          752
          753
          754
          755
          756
          757
          758
          759
          760
          761
          762
          763
          764
          765
          766
          767
          768
          769
          770
          771
          772
          773
          774
          775
          776
          777
          778
          779
          780
          781
          782
          783
          784
          785
          786
          787
          788
          789
          790
          791
          792
          793
          794
          795
          796
          797
          798
          799
          800
          801
          802
          803
          804
          805
          806
          807
          808
          809
          810
          811
          812
          813
          814
          815
          816
          817
          818
          819
          820
          821
          822
          823
          824
          825
          826
          827
          828
          829
          830
          831
          832
          833
          834
          835
          836
          837
          838
          839
          840
          841
          842
          843
          844
          845
          846
          847
          848
          849
          850
          851
          852
          853
          854
          855
          856
          857
          858
          859
          860
          861
          862
          863
          864
          865
          866
          867
          868
          869
          870
          871
          872
          873
          874
          875
          876
          877
          878
          879
          880
          881
          882
          883
          884
          885
          886
          887
          888
          889
          890
          891
          892
          893
          894
          895
          896
          897
          898
          899
          900
          901
          902
          903
          904
          905
          906
          907
          908
          909
          910
          911
          912
          913
          914
          915
          916
          917
          918
          919
          920
          921
          922
          923
          924
          925
          926
          927
          928
          929
          930
          931
          932
          933
          934
          935
          936
          937
          938
          939
          940
          941
          942
          943
          944
          945
          946
          947
          948
          949
          950
          951
          952
          953
          954
          955
          956
          957
          958
          959
          960
          961
          962
          963
          964
          965
          966
          967
          968
          969
          970
          971
          972
          973
          974
          975
          976
          977
          978
          979
          980
          981
          982
          983
          984
          985
          986
          987
          988
          989
          990
          991
          992
          993
          994
          995
          996
          997
          998
          999
          1000
          1001
          1002
          1003
          1004
          1005
          1006
          1007
          1008
          1009
          1010
          1011
          1012
          1013
          1014
          1015
          1016
          1017
          1018
          1019
          1020
          1021
          1022
          1023
          1024
          1025
          1026
          1027
          1028
          1029
          1030
          1031
          1032
          1033
          1034
          1035
          1036
          1037
          1038
          1039
          1040
          1041
          1042
          1043
          1044
          1045
          1046
          1047
          1048
          1049
          1050
          1051
          1052
          1053
          1054
          1055
          1056
          1057
          1058
          1059
          1060
          1061
          1062
          1063
          1064
          1065
          1066
          1067
          1068
          1069
          1070
          1071
          1072
          1073
          1074
          1075
          1076
          1077
          1078
          1079
          1080
          1081
          1082
          1083
          1084
          1085
          1086
          1087
          1088
          1089
          1090
          1091
          1092
          1093
          1094
          1095
          1096
          1097
          1098
          1099
          1100
          1101
          1102
          1103
          1104
          1105
          1106
          1107
          1108
          1109
          1110
          1111
          1112
          1113
          1114
          1115
          1116
          1117
          1118
          1119
          1120
          1121
          1122
          1123
          1124
          1125
          1126
          1127
          1128
          1129
          1130
          1131
          1132
          1133
          1134
          1135
          1136
          1137
          1138
          1139
          1140
          1141
          1142
          1143
          1144
          1145
          1146
          1147
          1148
          1149
          1150
          1151
          1152
          1153
          1154
          1155
          1156
          1157
          1158
          1159
          1160
          1161
          1162
          1163
          1164
          1165
          1166
          1167
          1168
          1169
          1170
          1171
          1172
          1173
          1174
          1175
          1176
          1177
          1178
          1179
          1180
          1181
          1182
          1183
          1184
          1185
          1186
          1187
          1188
          1189
          1190
          1191
          1192
          1193
          1194
          1195
          1196
          1197
          1198
          1199
          1200
          1201
          1202
          1203
          1204
          1205
          1206
          1207
          1208
          1209
          1210
          1211
          1212
          1213
          1214
          1215
          1216
          1217
          1218
          1219
          1220
          1221
          1222
          1223
          1224
          1225
          1226
          1227
          1228
          1229
          1230
          1231
          1232
          1233
          1234
          1235
          1236
          1237
          1238
          1239
        </DataArray>
      </PointData>
    <Points>
      <DataArray type="Float32" Name="Points" NumberOfComponents="3" format="ascii" RangeMin="0" RangeMax="1.0">
        -0.035714 -0.008652 0.066667
        -0.035714 -0.017705 0.080000
        -0.035714 -0.008652 0.146667
        -0.035714 -0.017705 0.093333
        -0.035714 -0.017705 0.053333
        -0.035714 -0.017705 0.066667
        -0.035714 -0.017705 0.040000
        -0.035714 -0.008652 0.053333
        -0.035714 -0.017705 0.013333
        -0.035714 -0.017705 0.106667
        -0.035714 -0.008652 0.040000
        -0.035714 -0.008652 0.106667
        -0.035714 -0.008652 0.133333
        -0.035714 -0.008652 0.080000
        -0.035714 -0.017705 0.026667
        -0.035714 -0.017705 0.120000
        -0.035714 -0.008652 0.013333
        -0.035714 -0.008652 0.120000
        -0.035714 -0.017705 0.133333
        -0.035714 -0.008652 0.093333
        -0.035714 -0.008652 0.026667
        -0.035714 -0.017705 0.146667
        -0.008652 -0.035714 0.013333
        -0.025510 -0.035714 0.093333
        -0.025510 -0.035714 0.013333
        -0.008652 -0.035714 0.093333
        -0.025510 -0.035714 0.040000
        -0.025510 -0.035714 0.106667
        -0.017705 -0.035714 0.093333
        -0.025510 -0.035714 0.133333
        -0.017705 -0.035714 0.053333
        -0.008652 -0.035714 0.053333
        -0.017705 -0.035714 0.066667
        -0.017705 -0.035714 0.026667
        -0.025510 -0.035714 0.146667
        -0.017705 -0.035714 0.146667
        -0.008652 -0.035714 0.120000
        -0.025510 -0.035714 0.026667
        -0.008652 -0.035714 0.026667
        -0.017705 -0.035714 0.013333
        -0.017705 -0.035714 0.133333
        -0.025510 -0.035714 0.053333
        -0.008652 -0.035714 0.040000
        -0.017705 -0.035714 0.080000
        -0.008652 -0.035714 0.080000
        -0.008652 -0.035714 0.146667
        -0.017705 -0.035714 0.106667
        -0.017705 -0.035714 0.040000
        -0.008652 -0.035714 0.066667
        -0.008652 -0.035714 0.106667
        -0.025510 -0.035714 0.066667
        -0.017705 -0.035714 0.120000
        -0.025510 -0.035714 0.120000
        -0.025510 -0.035714 0.080000
        -0.008652 -0.035714 0.133333
        -0.035714 -0.025510 0.093333
        -0.035714 -0.025510 0.013333
        -0.035714 -0.025510 0.040000
        -0.035714 -0.035714 0.093333
        -0.035714 -0.035714 0.080000
        -0.035714 -0.025510 0.106667
        -0.035714 -0.025510 0.133333
        -0.035714 -0.035714 0.040000
        -0.035714 -0.035714 0.146667
        -0.035714 -0.035714 0.133333
        -0.035714 -0.035714 0.053333
        -0.035714 -0.025510 0.146667
        -0.035714 -0.035714 0.106667
        -0.035714 -0.035714 0.066667
        -0.035714 -0.025510 0.026667
        -0.035714 -0.025510 0.053333
        -0.035714 -0.035714 0.026667
        -0.035714 -0.035714 0.013333
        -0.035714 -0.025510 0.066667
        -0.035714 -0.025510 0.120000
        -0.035714 -0.025510 0.080000
        -0.035714 -0.035714 0.120000
        -0.002861 -0.005005 0.133333
        -0.004729 -0.004727 0.151111
        -0.015042 -0.006581 0.071111
        -0.003442 -0.007869 0.120000
        -0.018775 -0.007581 0.133333
        -0.004729 -0.004727 0.111111
        -0.015709 -0.015709 0.066667
        -0.005009 -0.011449 0.026667
        -0.005009 -0.011449 0.071111
        -0.011449 -0.005009 0.071111
        -0.004729 -0.004727 0.031111
        -0.017705 -0.025510 0.133333
        -0.007869 -0.003442 0.155556
        -0.004729 -0.004727 0.035556
        -0.005009 -0.011449 0.048889
        -0.006581 -0.015042 0.071111
        -0.006885 -0.006885 0.013333
        -0.001909 -0.001909 0.124444
        -0.015709 -0.015709 0.146667
        -0.015709 -0.015709 0.080000
        -0.007869 -0.003442 0.133333
        -0.008652 -0.025510 0.040000
        -0.012512 -0.012512 0.155556
        -0.001909 -0.001909 0.093333
        -0.006581 -0.015042 0.142222
        -0.025510 -0.008652 0.133333
        -0.006581 -0.015042 0.048889
        -0.017705 -0.025510 0.040000
        -0.025510 -0.008652 0.120000
        -0.011449 -0.005009 0.062222
        -0.002861 -0.005005 0.026667
        -0.011449 -0.005009 0.066667
        -0.003442 -0.007869 0.084444
        -0.006885 -0.006885 0.031111
        -0.005009 -0.011449 0.066667
        -0.005009 -0.011449 0.004444
        -0.005006 -0.002860 0.044444
        -0.003442 -0.007869 0.026667
        -0.001909 -0.001909 0.057778
        -0.011449 -0.005009 0.111111
        -0.001909 -0.001909 0.071111
        -0.003442 -0.007869 0.137778
        -0.001909 -0.001909 0.062222
        -0.025510 -0.017705 0.133333
        -0.001909 -0.001909 0.102222
        -0.001909 -0.001909 0.133333
        -0.007869 -0.003442 0.088889
        -0.025510 -0.025510 0.146667
        -0.018775 -0.007581 0.066667
        -0.007869 -0.003442 0.044444
        -0.012512 -0.012512 0.004444
        -0.012512 -0.012512 0.124444
        -0.001909 -0.001909 0.128889
        -0.025510 -0.017705 0.093333
        -0.005009 -0.011449 0.022222
        -0.007869 -0.003442 0.066667
        -0.005006 -0.002860 0.084444
        -0.006885 -0.006885 0.128889
        -0.011449 -0.005009 0.057778
        -0.005006 -0.002860 0.048889
        -0.007581 -0.018775 0.053333
        -0.005006 -0.002860 0.115556
        -0.009080 -0.009080 0.155556
        -0.025510 -0.025510 0.080000
        -0.005009 -0.011449 0.013333
        -0.025510 -0.017705 0.026667
        -0.003442 -0.007869 0.115556
        -0.018775 -0.007581 0.120000
        -0.004729 -0.004727 0.075556
        -0.006885 -0.006885 0.035556
        -0.011449 -0.005009 0.084444
        -0.002861 -0.005005 0.146667
        -0.006885 -0.006885 0.155556
        -0.001909 -0.001909 0.106667
        -0.017705 -0.025510 0.013333
        -0.004729 -0.004727 0.124444
        -0.001909 -0.001909 0.004444
        -0.004729 -0.004727 0.071111
        -0.009080 -0.009080 0.013333
        -0.015042 -0.006581 0.084444
        -0.011449 -0.005009 0.053333
        -0.002861 -0.005005 0.124444
        -0.012512 -0.012512 0.088889
        -0.006885 -0.006885 0.044444
        -0.009080 -0.009080 0.115556
        -0.003442 -0.007869 0.040000
        -0.005006 -0.002860 0.155556
        -0.001909 -0.001909 0.137778
        -0.002861 -0.005005 0.048889
        -0.003442 -0.007869 0.075556
        -0.006581 -0.015042 0.115556
        -0.004729 -0.004727 0.080000
        -0.011449 -0.005009 0.115556
        -0.002861 -0.005005 0.022222
        -0.006885 -0.006885 0.124444
        -0.001909 -0.001909 0.048889
        -0.006581 -0.015042 0.031111
        -0.003442 -0.007869 0.151111
        -0.003442 -0.007869 0.093333
        -0.025510 -0.017705 0.080000
        -0.015709 -0.015709 0.040000
        -0.002861 -0.005005 0.137778
        -0.015042 -0.006581 0.031111
        -0.005009 -0.011449 0.080000
        -0.006581 -0.015042 0.022222
        -0.005006 -0.002860 0.004444
        -0.025510 -0.008652 0.080000
        -0.002861 -0.005005 0.066667
        -0.025510 -0.008652 0.053333
        -0.002861 -0.005005 0.106667
        -0.002861 -0.005005 0.035556
        -0.018775 -0.007581 0.093333
        -0.007869 -0.003442 0.008889
        -0.006581 -0.015042 0.097778
        -0.006885 -0.006885 0.071111
        -0.009080 -0.009080 0.062222
        -0.005009 -0.011449 0.008889
        -0.002861 -0.005005 0.071111
        -0.007869 -0.003442 0.115556
        -0.017705 -0.025510 0.093333
        -0.025510 -0.025510 0.093333
        -0.003442 -0.007869 0.066667
        -0.001909 -0.001909 0.053333
        -0.007869 -0.003442 0.097778
        -0.004729 -0.004727 0.013333
        -0.012512 -0.012512 0.151111
        -0.006885 -0.006885 0.133333
        -0.025510 -0.017705 0.013333
        -0.015042 -0.006581 0.004444
        -0.003442 -0.007869 0.097778
        -0.007869 -0.003442 0.124444
        -0.003442 -0.007869 0.111111
        -0.007869 -0.003442 0.151111
        -0.018775 -0.007581 0.146667
        -0.004729 -0.004727 0.093333
        -0.006885 -0.006885 0.097778
        -0.009080 -0.009080 0.088889
        -0.012512 -0.012512 0.035556
        -0.005009 -0.011449 0.142222
        -0.006581 -0.015042 0.111111
        -0.006581 -0.015042 0.062222
        -0.018775 -0.007581 0.040000
        -0.003442 -0.007869 0.048889
        -0.011449 -0.005009 0.013333
        -0.002861 -0.005005 0.084444
        -0.005009 -0.011449 0.097778
        -0.005006 -0.002860 0.097778
        -0.008652 -0.025510 0.146667
        -0.025510 -0.025510 0.013333
        -0.025510 -0.008652 0.040000
        -0.025510 -0.017705 0.040000
        -0.001909 -0.001909 0.080000
        -0.009080 -0.009080 0.048889
        -0.011449 -0.005009 0.017778
        -0.003442 -0.007869 0.071111
        -0.005009 -0.011449 0.151111
        -0.002861 -0.005005 0.017778
        -0.005009 -0.011449 0.075556
        -0.015709 -0.015709 0.106667
        -0.007869 -0.003442 0.022222
        -0.025510 -0.017705 0.120000
        -0.004729 -0.004727 0.057778
        -0.007869 -0.003442 0.026667
        -0.003442 -0.007869 0.080000
        -0.012512 -0.012512 0.102222
        -0.011449 -0.005009 0.146667
        -0.015709 -0.015709 0.026667
        -0.025510 -0.008652 0.106667
        -0.004729 -0.004727 0.026667
        -0.009080 -0.009080 0.040000
        -0.007581 -0.018775 0.133333
        -0.004729 -0.004727 0.115556
        -0.007869 -0.003442 0.040000
        -0.025510 -0.017705 0.053333
        -0.005006 -0.002860 0.013333
        -0.002861 -0.005005 0.097778
        -0.015042 -0.006581 0.115556
        -0.005006 -0.002860 0.142222
        -0.009080 -0.009080 0.093333
        -0.012512 -0.012512 0.128889
        -0.002861 -0.005005 0.031111
        -0.001909 -0.001909 0.026667
        -0.005006 -0.002860 0.040000
        -0.005009 -0.011449 0.044444
        -0.004729 -0.004727 0.053333
        -0.015709 -0.015709 0.013333
        -0.003442 -0.007869 0.017778
        -0.005009 -0.011449 0.040000
        -0.004729 -0.004727 0.102222
        -0.002861 -0.005005 0.102222
        -0.007581 -0.018775 0.013333
        -0.006885 -0.006885 0.093333
        -0.002861 -0.005005 0.062222
        -0.005006 -0.002860 0.146667
        -0.025510 -0.017705 0.066667
        -0.006885 -0.006885 0.137778
        -0.006581 -0.015042 0.102222
        -0.017705 -0.025510 0.120000
        -0.003442 -0.007869 0.053333
        -0.025510 -0.025510 0.106667
        -0.003442 -0.007869 0.146667
        -0.025510 -0.025510 0.133333
        -0.007581 -0.018775 0.066667
        -0.006581 -0.015042 0.075556
        -0.006885 -0.006885 0.115556
        -0.005009 -0.011449 0.120000
        -0.005006 -0.002860 0.026667
        -0.009080 -0.009080 0.084444
        -0.011449 -0.005009 0.133333
        -0.025510 -0.017705 0.106667
        -0.005009 -0.011449 0.155556
        -0.001909 -0.001909 0.066667
        -0.005006 -0.002860 0.106667
        -0.011449 -0.005009 0.040000
        -0.006885 -0.006885 0.048889
        -0.007869 -0.003442 0.084444
        -0.007581 -0.018775 0.120000
        -0.015042 -0.006581 0.124444
        -0.012512 -0.012512 0.017778
        -0.002861 -0.005005 0.120000
        -0.018775 -0.007581 0.106667
        -0.025510 -0.025510 0.120000
        -0.005009 -0.011449 0.057778
        -0.003442 -0.007869 0.142222
        -0.004729 -0.004727 0.008889
        -0.015709 -0.015709 0.133333
        -0.004729 -0.004727 0.097778
        -0.001909 -0.001909 0.008889
        -0.015709 -0.015709 0.093333
        -0.015042 -0.006581 0.022222
        -0.003442 -0.007869 0.124444
        -0.006885 -0.006885 0.102222
        -0.002861 -0.005005 0.115556
        -0.006885 -0.006885 0.017778
        -0.017705 -0.025510 0.106667
        -0.006581 -0.015042 0.151111
        -0.002861 -0.005005 0.155556
        -0.004729 -0.004727 0.146667
        -0.006885 -0.006885 0.022222
        -0.018775 -0.007581 0.053333
        -0.011449 -0.005009 0.022222
        -0.009080 -0.009080 0.053333
        -0.009080 -0.009080 0.111111
        -0.009080 -0.009080 0.151111
        -0.003442 -0.007869 0.022222
        -0.007869 -0.003442 0.146667
        -0.009080 -0.009080 0.142222
        -0.025510 -0.025510 0.040000
        -0.025510 -0.025510 0.066667
        -0.011449 -0.005009 0.128889
        -0.008652 -0.025510 0.053333
        -0.011449 -0.005009 0.137778
        -0.001909 -0.001909 0.031111
        -0.004729 -0.004727 0.004444
        -0.005009 -0.011449 0.053333
        -0.002861 -0.005005 0.142222
        -0.006581 -0.015042 0.035556
        -0.005009 -0.011449 0.146667
        -0.011449 -0.005009 0.004444
        -0.006885 -0.006885 0.142222
        -0.002861 -0.005005 0.040000
        -0.004729 -0.004727 0.022222
        -0.005006 -0.002860 0.128889
        -0.011449 -0.005009 0.093333
        -0.002861 -0.005005 0.075556
        -0.017705 -0.025510 0.053333
        -0.001909 -0.001909 0.111111
        -0.015042 -0.006581 0.142222
        -0.007869 -0.003442 0.128889
        -0.015709 -0.015709 0.120000
        -0.008652 -0.025510 0.066667
        -0.009080 -0.009080 0.075556
        -0.025510 -0.017705 0.146667
        -0.025510 -0.008652 0.013333
        -0.007869 -0.003442 0.106667
        -0.002861 -0.005005 0.013333
        -0.011449 -0.005009 0.102222
        -0.007869 -0.003442 0.111111
        -0.005009 -0.011449 0.088889
        -0.011449 -0.005009 0.142222
        -0.006885 -0.006885 0.111111
        -0.012512 -0.012512 0.044444
        -0.015042 -0.006581 0.128889
        -0.002861 -0.005005 0.111111
        -0.005009 -0.011449 0.102222
        -0.005009 -0.011449 0.084444
        -0.011449 -0.005009 0.124444
        -0.005006 -0.002860 0.031111
        -0.008652 -0.025510 0.133333
        -0.018775 -0.007581 0.013333
        -0.003442 -0.007869 0.004444
        -0.004729 -0.004727 0.017778
        -0.008652 -0.025510 0.093333
        -0.005006 -0.002860 0.022222
        -0.012512 -0.012512 0.084444
        -0.004729 -0.004727 0.062222
        -0.005006 -0.002860 0.057778
        -0.009080 -0.009080 0.044444
        -0.015709 -0.015709 0.053333
        -0.001909 -0.001909 0.115556
        -0.011449 -0.005009 0.048889
        -0.005006 -0.002860 0.088889
        -0.015042 -0.006581 0.151111
        -0.009080 -0.009080 0.008889
        -0.004729 -0.004727 0.106667
        -0.002861 -0.005005 0.044444
        -0.005009 -0.011449 0.035556
        -0.018775 -0.007581 0.080000
        -0.004729 -0.004727 0.066667
        -0.009080 -0.009080 0.106667
        -0.007869 -0.003442 0.004444
        -0.007869 -0.003442 0.142222
        -0.017705 -0.025510 0.080000
        -0.005009 -0.011449 0.062222
        -0.009080 -0.009080 0.022222
        -0.005009 -0.011449 0.031111
        -0.004729 -0.004727 0.084444
        -0.005009 -0.011449 0.133333
        -0.018775 -0.007581 0.026667
        -0.015042 -0.006581 0.008889
        -0.005009 -0.011449 0.106667
        -0.002861 -0.005005 0.088889
        -0.015042 -0.006581 0.017778
        -0.006581 -0.015042 0.137778
        -0.015042 -0.006581 0.088889
        -0.007869 -0.003442 0.035556
        -0.005009 -0.011449 0.111111
        -0.003442 -0.007869 0.088889
        -0.011449 -0.005009 0.097778
        -0.004729 -0.004727 0.142222
        -0.025510 -0.008652 0.146667
        -0.006885 -0.006885 0.151111
        -0.012512 -0.012512 0.057778
        -0.008652 -0.025510 0.013333
        -0.025510 -0.008652 0.093333
        -0.004729 -0.004727 0.137778
        -0.001909 -0.001909 0.142222
        -0.005006 -0.002860 0.053333
        -0.012512 -0.012512 0.031111
        -0.012512 -0.012512 0.048889
        -0.001909 -0.001909 0.097778
        -0.002861 -0.005005 0.004444
        -0.005006 -0.002860 0.075556
        -0.003442 -0.007869 0.062222
        -0.001909 -0.001909 0.013333
        -0.007581 -0.018775 0.026667
        -0.007869 -0.003442 0.080000
        -0.006885 -0.006885 0.040000
        -0.011449 -0.005009 0.088889
        -0.006885 -0.006885 0.026667
        -0.001909 -0.001909 0.155556
        -0.015042 -0.006581 0.097778
        -0.001909 -0.001909 0.044444
        -0.007581 -0.018775 0.106667
        -0.012512 -0.012512 0.142222
        -0.006581 -0.015042 0.124444
        -0.015042 -0.006581 0.062222
        -0.009080 -0.009080 0.146667
        -0.025510 -0.008652 0.066667
        -0.001909 -0.001909 0.040000
        -0.011449 -0.005009 0.075556
        -0.001909 -0.001909 0.075556
        -0.011449 -0.005009 0.044444
        -0.007869 -0.003442 0.031111
        -0.005006 -0.002860 0.066667
        -0.005006 -0.002860 0.120000
        -0.017705 -0.025510 0.026667
        -0.001909 -0.001909 0.035556
        -0.007869 -0.003442 0.013333
        -0.012512 -0.012512 0.137778
        -0.003442 -0.007869 0.133333
        -0.006885 -0.006885 0.066667
        -0.011449 -0.005009 0.120000
        -0.004729 -0.004727 0.044444
        -0.007581 -0.018775 0.080000
        -0.012512 -0.012512 0.022222
        -0.025510 -0.025510 0.026667
        -0.011449 -0.005009 0.080000
        -0.002861 -0.005005 0.057778
        -0.007869 -0.003442 0.017778
        -0.015042 -0.006581 0.048889
        -0.009080 -0.009080 0.035556
        -0.004729 -0.004727 0.048889
        -0.001909 -0.001909 0.088889
        -0.006581 -0.015042 0.155556
        -0.009080 -0.009080 0.128889
        -0.002861 -0.005005 0.128889
        -0.006885 -0.006885 0.080000
        -0.006581 -0.015042 0.057778
        -0.009080 -0.009080 0.120000
        -0.005009 -0.011449 0.137778
        -0.015042 -0.006581 0.137778
        -0.015042 -0.006581 0.035556
        -0.001909 -0.001909 0.151111
        -0.012512 -0.012512 0.062222
        -0.008652 -0.025510 0.080000
        -0.004729 -0.004727 0.155556
        -0.008652 -0.025510 0.120000
        -0.005006 -0.002860 0.137778
        -0.003442 -0.007869 0.031111
        -0.002861 -0.005005 0.053333
        -0.009080 -0.009080 0.102222
        -0.001909 -0.001909 0.146667
        -0.007581 -0.018775 0.093333
        -0.002861 -0.005005 0.093333
        -0.012512 -0.012512 0.008889
        -0.015042 -0.006581 0.111111
        -0.008652 -0.025510 0.106667
        -0.007869 -0.003442 0.048889
        -0.001909 -0.001909 0.022222
        -0.007869 -0.003442 0.075556
        -0.005006 -0.002860 0.124444
        -0.004729 -0.004727 0.120000
        -0.015042 -0.006581 0.057778
        -0.006885 -0.006885 0.146667
        -0.012512 -0.012512 0.111111
        -0.009080 -0.009080 0.066667
        -0.011449 -0.005009 0.155556
        -0.005006 -0.002860 0.093333
        -0.004729 -0.004727 0.128889
        -0.025510 -0.008652 0.026667
        -0.006581 -0.015042 0.004444
        -0.006885 -0.006885 0.008889
        -0.005009 -0.011449 0.017778
        -0.007869 -0.003442 0.093333
        -0.006581 -0.015042 0.128889
        -0.012512 -0.012512 0.075556
        -0.003442 -0.007869 0.044444
        -0.001909 -0.001909 0.120000
        -0.017705 -0.025510 0.146667
        -0.006885 -0.006885 0.053333
        -0.007869 -0.003442 0.071111
        -0.005009 -0.011449 0.124444
        -0.011449 -0.005009 0.106667
        -0.006885 -0.006885 0.062222
        -0.002861 -0.005005 0.008889
        -0.025510 -0.025510 0.053333
        -0.006581 -0.015042 0.017778
        -0.005006 -0.002860 0.062222
        -0.005009 -0.011449 0.128889
        -0.005006 -0.002860 0.017778
        -0.005006 -0.002860 0.102222
        -0.009080 -0.009080 0.026667
        -0.011449 -0.005009 0.026667
        -0.003442 -0.007869 0.128889
        -0.006581 -0.015042 0.008889
        -0.006885 -0.006885 0.075556
        -0.009080 -0.009080 0.071111
        -0.005009 -0.011449 0.115556
        -0.006885 -0.006885 0.088889
        -0.005009 -0.011449 0.093333
        -0.006885 -0.006885 0.004444
        -0.007869 -0.003442 0.102222
        -0.015042 -0.006581 0.044444
        -0.005006 -0.002860 0.008889
        -0.001909 -0.001909 0.017778
        -0.009080 -0.009080 0.017778
        -0.012512 -0.012512 0.071111
        -0.004729 -0.004727 0.088889
        -0.006885 -0.006885 0.084444
        -0.007869 -0.003442 0.137778
        -0.011449 -0.005009 0.035556
        -0.004729 -0.004727 0.040000
        -0.005006 -0.002860 0.080000
        -0.007869 -0.003442 0.062222
        -0.006885 -0.006885 0.120000
        -0.006885 -0.006885 0.057778
        -0.007869 -0.003442 0.120000
        -0.017705 -0.025510 0.066667
        -0.009080 -0.009080 0.124444
        -0.009080 -0.009080 0.057778
        -0.005006 -0.002860 0.071111
        -0.007581 -0.018775 0.146667
        -0.015042 -0.006581 0.102222
        -0.012512 -0.012512 0.115556
        -0.003442 -0.007869 0.035556
        -0.003442 -0.007869 0.155556
        -0.001909 -0.001909 0.084444
        -0.002861 -0.005005 0.151111
        -0.003442 -0.007869 0.106667
        -0.003442 -0.007869 0.057778
        -0.015042 -0.006581 0.155556
        -0.006581 -0.015042 0.088889
        -0.007581 -0.018775 0.040000
        -0.007869 -0.003442 0.057778
        -0.005006 -0.002860 0.111111
        -0.011449 -0.005009 0.008889
        -0.005006 -0.002860 0.151111
        -0.012512 -0.012512 0.097778
        -0.005006 -0.002860 0.035556
        -0.009080 -0.009080 0.004444
        -0.009080 -0.009080 0.097778
        -0.006885 -0.006885 0.106667
        -0.009080 -0.009080 0.133333
        -0.007869 -0.003442 0.053333
        -0.015042 -0.006581 0.075556
        -0.011449 -0.005009 0.151111
        -0.009080 -0.009080 0.031111
        -0.004729 -0.004727 0.133333
        -0.008652 -0.025510 0.026667
        -0.006581 -0.015042 0.044444
        -0.003442 -0.007869 0.013333
        -0.005006 -0.002860 0.133333
        -0.011449 -0.005009 0.031111
        -0.003442 -0.007869 0.008889
        -0.009080 -0.009080 0.137778
        -0.003442 -0.007869 0.102222
        -0.009080 -0.009080 0.080000
        -0.002861 -0.005005 0.080000
        -0.006581 -0.015042 0.084444
        -0.050000 -0.017705 0.040000
        -0.050000 -0.025510 0.080000
        -0.050000 -0.008652 0.080000
        -0.050000 -0.008652 0.066667
        -0.050000 -0.008652 0.026667
        -0.050000 -0.035714 0.026667
        -0.050000 -0.035714 0.146667
        -0.050000 -0.008652 0.146667
        -0.050000 -0.035714 0.106667
        -0.050000 0.000000 0.040000
        -0.050000 0.000000 0.053333
        -0.050000 0.000000 0.080000
        -0.050000 -0.035714 0.053333
        -0.050000 -0.017705 0.053333
        -0.050000 0.000000 0.066667
        -0.050000 -0.008652 0.013333
        -0.050000 -0.025510 0.026667
        -0.050000 -0.008652 0.093333
        -0.050000 0.000000 0.026667
        -0.050000 0.000000 0.106667
        -0.050000 -0.017705 0.066667
        -0.050000 -0.025510 0.093333
        -0.050000 -0.035714 0.120000
        -0.050000 -0.035714 0.093333
        -0.050000 -0.008652 0.120000
        -0.050000 -0.008652 0.000000
        -0.050000 -0.035714 0.133333
        -0.050000 -0.035714 0.040000
        -0.050000 -0.008652 0.106667
        -0.050000 -0.017705 0.000000
        -0.050000 -0.025510 0.040000
        -0.050000 -0.017705 0.026667
        -0.050000 -0.017705 0.120000
        -0.050000 -0.035714 0.080000
        -0.050000 -0.025510 0.000000
        -0.050000 -0.017705 0.013333
        -0.050000 -0.035714 0.000000
        -0.050000 -0.025510 0.133333
        -0.050000 -0.008652 0.053333
        -0.050000 -0.025510 0.013333
        -0.050000 -0.025510 0.106667
        -0.050000 0.000000 0.133333
        -0.050000 -0.025510 0.066667
        -0.050000 -0.008652 0.133333
        -0.050000 0.000000 0.000000
        -0.050000 -0.025510 0.053333
        -0.050000 0.000000 0.120000
        -0.050000 -0.025510 0.120000
        -0.050000 -0.017705 0.106667
        -0.050000 -0.017705 0.080000
        -0.050000 -0.017705 0.093333
        -0.050000 0.000000 0.146667
        -0.050000 0.000000 0.093333
        -0.050000 -0.035714 0.066667
        -0.050000 -0.017705 0.146667
        -0.050000 -0.017705 0.133333
        -0.050000 -0.025510 0.146667
        -0.050000 0.000000 0.013333
        -0.050000 -0.008652 0.040000
        -0.050000 -0.035714 0.013333
        -0.050000 -0.025510 0.160000
        -0.050000 -0.017705 0.160000
        -0.050000 0.000000 0.160000
        -0.050000 -0.035714 0.160000
        -0.050000 -0.008652 0.160000
        -0.025510 -0.050000 0.000000
        -0.008652 -0.050000 0.053333
        -0.025510 -0.050000 0.093333
        -0.017705 -0.050000 0.026667
        -0.025510 -0.050000 0.080000
        -0.025510 -0.050000 0.040000
        -0.000000 -0.050000 0.040000
        -0.008652 -0.050000 0.093333
        -0.008652 -0.050000 0.066667
        -0.025510 -0.050000 0.146667
        -0.025510 -0.050000 0.133333
        -0.017705 -0.050000 0.053333
        -0.025510 -0.050000 0.053333
        -0.000000 -0.050000 0.013333
        -0.025510 -0.050000 0.106667
        -0.008652 -0.050000 0.106667
        -0.008652 -0.050000 0.026667
        -0.008652 -0.050000 0.080000
        -0.025510 -0.050000 0.066667
        -0.000000 -0.050000 0.026667
        -0.008652 -0.050000 0.146667
        -0.017705 -0.050000 0.040000
        -0.008652 -0.050000 0.040000
        -0.017705 -0.050000 0.146667
        -0.025510 -0.050000 0.026667
        -0.000000 -0.050000 0.080000
        -0.017705 -0.050000 0.133333
        -0.017705 -0.050000 0.013333
        -0.008652 -0.050000 0.133333
        -0.000000 -0.050000 0.066667
        -0.000000 -0.050000 0.000000
        -0.025510 -0.050000 0.120000
        -0.000000 -0.050000 0.146667
        -0.017705 -0.050000 0.066667
        -0.008652 -0.050000 0.120000
        -0.008652 -0.050000 0.000000
        -0.000000 -0.050000 0.106667
        -0.000000 -0.050000 0.120000
        -0.017705 -0.050000 0.106667
        -0.025510 -0.050000 0.013333
        -0.000000 -0.050000 0.133333
        -0.000000 -0.050000 0.053333
        -0.017705 -0.050000 0.093333
        -0.000000 -0.050000 0.093333
        -0.017705 -0.050000 0.080000
        -0.017705 -0.050000 0.000000
        -0.017705 -0.050000 0.120000
        -0.008652 -0.050000 0.013333
        -0.050000 -0.050000 0.106667
        -0.050000 -0.050000 0.093333
        -0.035714 -0.050000 0.080000
        -0.035714 -0.050000 0.000000
        -0.035714 -0.050000 0.026667
        -0.050000 -0.050000 0.133333
        -0.035714 -0.050000 0.146667
        -0.050000 -0.050000 0.120000
        -0.035714 -0.050000 0.106667
        -0.035714 -0.050000 0.053333
        -0.050000 -0.050000 0.146667
        -0.050000 -0.050000 0.000000
        -0.050000 -0.050000 0.080000
        -0.050000 -0.050000 0.026667
        -0.035714 -0.050000 0.066667
        -0.035714 -0.050000 0.120000
        -0.035714 -0.050000 0.093333
        -0.035714 -0.050000 0.133333
        -0.035714 -0.050000 0.040000
        -0.050000 -0.050000 0.040000
        -0.050000 -0.050000 0.013333
        -0.050000 -0.050000 0.053333
        -0.050000 -0.050000 0.066667
        -0.035714 -0.050000 0.013333
        -0.008652 -0.050000 0.160000
        -0.050000 -0.050000 0.160000
        -0.035714 -0.050000 0.160000
        -0.025510 -0.050000 0.160000
        -0.000000 -0.050000 0.160000
        -0.017705 -0.050000 0.160000
        -0.035714 0.000000 0.000000
        -0.035714 -0.017705 0.000000
        -0.035714 -0.008652 0.000000
        -0.008652 -0.035714 0.000000
        -0.000000 -0.035714 0.000000
        -0.017705 -0.035714 0.000000
        -0.025510 -0.035714 0.000000
        -0.035714 -0.035714 0.000000
        -0.035714 -0.025510 0.000000
        -0.005616 0.000000 0.000000
        -0.015709 -0.015709 0.000000
        -0.004729 -0.004727 0.000000
        -0.005006 -0.002860 0.000000
        -0.007581 -0.018775 0.000000
        -0.009080 -0.009080 0.000000
        0.000000 -0.005616 0.000000
        -0.001909 -0.001909 0.000000
        -0.017705 -0.025510 0.000000
        -0.006885 -0.006885 0.000000
        0.000000 -0.002700 0.000000
        -0.011449 -0.005009 0.000000
        0.000000 -0.008360 0.000000
        -0.005009 -0.011449 0.000000
        0.000000 0.000000 0.000000
        -0.025510 -0.025510 0.000000
        -0.025510 0.000000 0.000000
        -0.025510 -0.017705 0.000000
        0.000000 -0.025510 0.000000
        -0.019685 0.000000 0.000000
        -0.025510 -0.008652 0.000000
        0.000000 -0.019685 0.000000
        -0.018775 -0.007581 0.000000
        -0.011921 0.000000 0.000000
        -0.008652 -0.025510 0.000000
        -0.002861 -0.005005 0.000000
        -0.003442 -0.007869 0.000000
        0.000000 -0.011921 0.000000
        -0.008360 0.000000 0.000000
        -0.007869 -0.003442 0.000000
        -0.002700 0.000000 0.000000
        -0.035714 0.000000 0.013333
        -0.035714 0.000000 0.026667
        -0.035714 0.000000 0.040000
        -0.035714 0.000000 0.106667
        -0.035714 0.000000 0.146667
        -0.035714 0.000000 0.053333
        -0.035714 0.000000 0.093333
        -0.035714 0.000000 0.120000
        -0.035714 0.000000 0.133333
        -0.035714 0.000000 0.066667
        -0.035714 0.000000 0.080000
        -0.019685 0.000000 0.013333
        0.000000 0.000000 0.128889
        -0.011921 0.000000 0.124444
        0.000000 0.000000 0.137778
        -0.005616 0.000000 0.004444
        -0.008360 0.000000 0.093333
        -0.008360 0.000000 0.053333
        0.000000 0.000000 0.124444
        -0.025510 0.000000 0.146667
        -0.011921 0.000000 0.040000
        -0.002700 0.000000 0.040000
        -0.002700 0.000000 0.155556
        -0.011921 0.000000 0.133333
        -0.015662 0.000000 0.008889
        -0.015662 0.000000 0.111111
        -0.019685 0.000000 0.093333
        -0.005616 0.000000 0.035556
        -0.005616 0.000000 0.080000
        -0.002700 0.000000 0.137778
        -0.008360 0.000000 0.048889
        -0.002700 0.000000 0.128889
        -0.002700 0.000000 0.022222
        -0.011921 0.000000 0.120000
        -0.011921 0.000000 0.071111
        0.000000 0.000000 0.151111
        -0.005616 0.000000 0.053333
        -0.005616 0.000000 0.115556
        -0.008360 0.000000 0.146667
        -0.011921 0.000000 0.155556
        -0.008360 0.000000 0.111111
        -0.005616 0.000000 0.084444
        -0.025510 0.000000 0.026667
        -0.008360 0.000000 0.137778
        -0.011921 0.000000 0.080000
        -0.015662 0.000000 0.102222
        -0.025510 0.000000 0.013333
        -0.008360 0.000000 0.066667
        -0.019685 0.000000 0.080000
        -0.005616 0.000000 0.120000
        -0.005616 0.000000 0.146667
        -0.002700 0.000000 0.062222
        -0.008360 0.000000 0.120000
        -0.011921 0.000000 0.088889
        -0.019685 0.000000 0.026667
        -0.019685 0.000000 0.120000
        0.000000 0.000000 0.088889
        -0.015662 0.000000 0.057778
        -0.002700 0.000000 0.057778
        -0.005616 0.000000 0.124444
        -0.011921 0.000000 0.102222
        -0.011921 0.000000 0.066667
        -0.025510 0.000000 0.106667
        -0.008360 0.000000 0.106667
        -0.011921 0.000000 0.013333
        -0.002700 0.000000 0.120000
        -0.015662 0.000000 0.035556
        -0.005616 0.000000 0.048889
        -0.011921 0.000000 0.115556
        -0.015662 0.000000 0.031111
        -0.011921 0.000000 0.062222
        -0.019685 0.000000 0.133333
        -0.008360 0.000000 0.013333
        -0.011921 0.000000 0.093333
        -0.005616 0.000000 0.093333
        -0.002700 0.000000 0.080000
        -0.008360 0.000000 0.128889
        -0.002700 0.000000 0.088889
        -0.002700 0.000000 0.071111
        0.000000 0.000000 0.057778
        -0.008360 0.000000 0.088889
        0.000000 0.000000 0.008889
        -0.005616 0.000000 0.031111
        0.000000 0.000000 0.102222
        -0.025510 0.000000 0.066667
        0.000000 0.000000 0.133333
        -0.025510 0.000000 0.093333
        -0.011921 0.000000 0.053333
        -0.011921 0.000000 0.097778
        -0.025510 0.000000 0.120000
        -0.011921 0.000000 0.142222
        0.000000 0.000000 0.022222
        -0.015662 0.000000 0.142222
        -0.005616 0.000000 0.102222
        -0.008360 0.000000 0.075556
        -0.015662 0.000000 0.088889
        -0.002700 0.000000 0.035556
        -0.011921 0.000000 0.084444
        0.000000 0.000000 0.040000
        -0.008360 0.000000 0.017778
        -0.008360 0.000000 0.155556
        -0.015662 0.000000 0.137778
        -0.005616 0.000000 0.040000
        -0.002700 0.000000 0.013333
        -0.015662 0.000000 0.022222
        -0.002700 0.000000 0.031111
        -0.015662 0.000000 0.155556
        -0.002700 0.000000 0.115556
        -0.015662 0.000000 0.151111
        0.000000 0.000000 0.048889
        -0.015662 0.000000 0.071111
        -0.005616 0.000000 0.111111
        -0.019685 0.000000 0.066667
        -0.008360 0.000000 0.084444
        -0.002700 0.000000 0.111111
        -0.005616 0.000000 0.066667
        -0.002700 0.000000 0.097778
        -0.002700 0.000000 0.004444
        -0.008360 0.000000 0.151111
        -0.025510 0.000000 0.053333
        -0.005616 0.000000 0.022222
        -0.015662 0.000000 0.097778
        0.000000 0.000000 0.071111
        0.000000 0.000000 0.017778
        0.000000 0.000000 0.013333
        -0.008360 0.000000 0.008889
        -0.002700 0.000000 0.017778
        -0.005616 0.000000 0.075556
        -0.011921 0.000000 0.031111
        -0.008360 0.000000 0.062222
        -0.008360 0.000000 0.057778
        -0.005616 0.000000 0.071111
        -0.011921 0.000000 0.017778
        -0.015662 0.000000 0.017778
        0.000000 0.000000 0.120000
        -0.002700 0.000000 0.142222
        -0.019685 0.000000 0.040000
        -0.008360 0.000000 0.133333
        -0.008360 0.000000 0.026667
        -0.008360 0.000000 0.022222
        -0.002700 0.000000 0.093333
        -0.011921 0.000000 0.111111
        0.000000 0.000000 0.080000
        -0.002700 0.000000 0.133333
        -0.011921 0.000000 0.106667
        -0.015662 0.000000 0.124444
        -0.015662 0.000000 0.004444
        -0.005616 0.000000 0.137778
        -0.011921 0.000000 0.075556
        -0.008360 0.000000 0.080000
        -0.025510 0.000000 0.080000
        -0.011921 0.000000 0.022222
        -0.005616 0.000000 0.088889
        -0.011921 0.000000 0.004444
        0.000000 0.000000 0.115556
        -0.015662 0.000000 0.128889
        -0.002700 0.000000 0.151111
        -0.019685 0.000000 0.106667
        -0.005616 0.000000 0.133333
        -0.008360 0.000000 0.044444
        -0.015662 0.000000 0.115556
        -0.019685 0.000000 0.053333
        -0.015662 0.000000 0.062222
        0.000000 0.000000 0.111111
        -0.005616 0.000000 0.057778
        -0.002700 0.000000 0.102222
        -0.008360 0.000000 0.071111
        -0.011921 0.000000 0.044444
        0.000000 0.000000 0.084444
        0.000000 0.000000 0.097778
        -0.008360 0.000000 0.040000
        -0.002700 0.000000 0.124444
        0.000000 0.000000 0.155556
        -0.025510 0.000000 0.133333
        -0.002700 0.000000 0.053333
        0.000000 0.000000 0.066667
        0.000000 0.000000 0.146667
        -0.011921 0.000000 0.026667
        -0.008360 0.000000 0.142222
        -0.011921 0.000000 0.008889
        -0.019685 0.000000 0.146667
        0.000000 0.000000 0.075556
        -0.015662 0.000000 0.044444
        -0.015662 0.000000 0.048889
        -0.005616 0.000000 0.155556
        0.000000 0.000000 0.026667
        0.000000 0.000000 0.142222
        0.000000 0.000000 0.093333
        -0.015662 0.000000 0.075556
        -0.005616 0.000000 0.044444
        -0.011921 0.000000 0.137778
        -0.008360 0.000000 0.097778
        0.000000 0.000000 0.062222
        -0.005616 0.000000 0.128889
        -0.002700 0.000000 0.106667
        -0.002700 0.000000 0.146667
        -0.011921 0.000000 0.035556
        0.000000 0.000000 0.053333
        -0.002700 0.000000 0.026667
        -0.005616 0.000000 0.097778
        -0.015662 0.000000 0.084444
        -0.008360 0.000000 0.102222
        -0.005616 0.000000 0.142222
        -0.005616 0.000000 0.026667
        -0.002700 0.000000 0.066667
        -0.005616 0.000000 0.151111
        -0.005616 0.000000 0.106667
        0.000000 0.000000 0.031111
        -0.002700 0.000000 0.075556
        -0.011921 0.000000 0.057778
        -0.008360 0.000000 0.124444
        0.000000 0.000000 0.106667
        -0.005616 0.000000 0.013333
        -0.011921 0.000000 0.151111
        -0.011921 0.000000 0.128889
        -0.025510 0.000000 0.040000
        -0.002700 0.000000 0.044444
        -0.008360 0.000000 0.115556
        -0.011921 0.000000 0.146667
        -0.008360 0.000000 0.031111
        0.000000 0.000000 0.035556
        0.000000 0.000000 0.004444
        -0.011921 0.000000 0.048889
        -0.002700 0.000000 0.008889
        -0.005616 0.000000 0.008889
        -0.005616 0.000000 0.062222
        0.000000 0.000000 0.044444
        -0.005616 0.000000 0.017778
        -0.008360 0.000000 0.035556
        -0.002700 0.000000 0.084444
        -0.008360 0.000000 0.004444
        -0.002700 0.000000 0.048889
        0.000000 0.000000 0.160000
        -0.002700 0.000000 0.160000
        -0.005616 0.000000 0.160000
        -0.019685 0.000000 0.160000
        -0.035714 0.000000 0.160000
        -0.025510 0.000000 0.160000
        -0.011921 0.000000 0.160000
        -0.008360 0.000000 0.160000
        -0.000000 -0.035714 0.120000
        -0.000000 -0.035714 0.106667
        -0.000000 -0.035714 0.146667
        -0.000000 -0.035714 0.040000
        -0.000000 -0.035714 0.080000
        -0.000000 -0.035714 0.133333
        -0.000000 -0.035714 0.026667
        -0.000000 -0.035714 0.093333
        -0.000000 -0.035714 0.066667
        -0.000000 -0.035714 0.013333
        -0.000000 -0.035714 0.053333
        0.000000 -0.015662 0.031111
        0.000000 -0.005616 0.031111
        0.000000 -0.002700 0.035556
        0.000000 -0.015662 0.044444
        0.000000 -0.015662 0.115556
        0.000000 -0.011921 0.142222
        0.000000 -0.002700 0.057778
        0.000000 -0.005616 0.097778
        0.000000 -0.019685 0.040000
        0.000000 -0.002700 0.106667
        0.000000 -0.015662 0.008889
        0.000000 -0.019685 0.093333
        0.000000 -0.005616 0.022222
        0.000000 -0.019685 0.120000
        0.000000 -0.011921 0.102222
        0.000000 -0.002700 0.146667
        0.000000 -0.008360 0.155556
        0.000000 -0.005616 0.017778
        0.000000 -0.011921 0.097778
        0.000000 -0.008360 0.031111
        0.000000 -0.011921 0.146667
        0.000000 -0.008360 0.128889
        0.000000 -0.008360 0.102222
        0.000000 -0.008360 0.026667
        0.000000 -0.008360 0.151111
        0.000000 -0.008360 0.093333
        0.000000 -0.011921 0.137778
        0.000000 -0.011921 0.044444
        0.000000 -0.019685 0.146667
        0.000000 -0.011921 0.124444
        0.000000 -0.002700 0.111111
        0.000000 -0.002700 0.137778
        0.000000 -0.002700 0.151111
        0.000000 -0.008360 0.088889
        0.000000 -0.025510 0.066667
        0.000000 -0.015662 0.071111
        0.000000 -0.025510 0.120000
        0.000000 -0.008360 0.048889
        0.000000 -0.008360 0.111111
        0.000000 -0.008360 0.053333
        0.000000 -0.005616 0.088889
        0.000000 -0.011921 0.008889
        0.000000 -0.008360 0.017778
        0.000000 -0.008360 0.137778
        0.000000 -0.011921 0.031111
        0.000000 -0.015662 0.035556
        0.000000 -0.011921 0.004444
        0.000000 -0.015662 0.057778
        0.000000 -0.011921 0.062222
        0.000000 -0.008360 0.022222
        0.000000 -0.002700 0.075556
        0.000000 -0.015662 0.128889
        0.000000 -0.015662 0.102222
        0.000000 -0.002700 0.048889
        0.000000 -0.005616 0.075556
        0.000000 -0.005616 0.115556
        0.000000 -0.005616 0.048889
        0.000000 -0.008360 0.084444
        0.000000 -0.019685 0.106667
        0.000000 -0.011921 0.133333
        0.000000 -0.002700 0.013333
        0.000000 -0.019685 0.053333
        0.000000 -0.015662 0.142222
        0.000000 -0.002700 0.080000
        0.000000 -0.005616 0.137778
        0.000000 -0.005616 0.026667
        0.000000 -0.002700 0.022222
        0.000000 -0.002700 0.071111
        0.000000 -0.005616 0.120000
        0.000000 -0.015662 0.084444
        0.000000 -0.002700 0.040000
        0.000000 -0.002700 0.008889
        0.000000 -0.011921 0.115556
        0.000000 -0.005616 0.133333
        0.000000 -0.008360 0.062222
        0.000000 -0.008360 0.004444
        0.000000 -0.015662 0.048889
        0.000000 -0.015662 0.062222
        0.000000 -0.025510 0.106667
        0.000000 -0.011921 0.022222
        0.000000 -0.015662 0.017778
        0.000000 -0.025510 0.026667
        0.000000 -0.005616 0.044444
        0.000000 -0.008360 0.124444
        0.000000 -0.002700 0.142222
        0.000000 -0.008360 0.115556
        0.000000 -0.011921 0.057778
        0.000000 -0.008360 0.075556
        0.000000 -0.005616 0.142222
        0.000000 -0.002700 0.102222
        0.000000 -0.002700 0.031111
        0.000000 -0.019685 0.066667
        0.000000 -0.015662 0.124444
        0.000000 -0.005616 0.057778
        0.000000 -0.005616 0.146667
        0.000000 -0.005616 0.124444
        0.000000 -0.011921 0.048889
        0.000000 -0.002700 0.026667
        0.000000 -0.019685 0.013333
        0.000000 -0.025510 0.093333
        0.000000 -0.019685 0.133333
        0.000000 -0.005616 0.093333
        0.000000 -0.015662 0.111111
        0.000000 -0.011921 0.071111
        0.000000 -0.011921 0.093333
        0.000000 -0.005616 0.066667
        0.000000 -0.008360 0.013333
        0.000000 -0.015662 0.155556
        0.000000 -0.015662 0.022222
        0.000000 -0.025510 0.053333
        0.000000 -0.015662 0.075556
        0.000000 -0.005616 0.111111
        0.000000 -0.011921 0.066667
        0.000000 -0.008360 0.066667
        0.000000 -0.011921 0.120000
        0.000000 -0.011921 0.088889
        0.000000 -0.002700 0.124444
        0.000000 -0.005616 0.053333
        0.000000 -0.015662 0.137778
        0.000000 -0.005616 0.128889
        0.000000 -0.025510 0.040000
        0.000000 -0.005616 0.008889
        0.000000 -0.002700 0.097778
        0.000000 -0.005616 0.035556
        0.000000 -0.002700 0.093333
        0.000000 -0.002700 0.088889
        0.000000 -0.015662 0.097778
        0.000000 -0.011921 0.026667
        0.000000 -0.011921 0.106667
        0.000000 -0.008360 0.008889
        0.000000 -0.005616 0.080000
        0.000000 -0.025510 0.146667
        0.000000 -0.008360 0.146667
        0.000000 -0.008360 0.071111
        0.000000 -0.008360 0.142222
        0.000000 -0.011921 0.128889
        0.000000 -0.005616 0.155556
        0.000000 -0.008360 0.106667
        0.000000 -0.011921 0.080000
        0.000000 -0.011921 0.075556
        0.000000 -0.002700 0.066667
        0.000000 -0.011921 0.013333
        0.000000 -0.002700 0.044444
        0.000000 -0.002700 0.128889
        0.000000 -0.002700 0.004444
        0.000000 -0.011921 0.084444
        0.000000 -0.005616 0.062222
        0.000000 -0.019685 0.080000
        0.000000 -0.011921 0.151111
        0.000000 -0.008360 0.035556
        0.000000 -0.008360 0.040000
        0.000000 -0.015662 0.004444
        0.000000 -0.025510 0.080000
        0.000000 -0.005616 0.013333
        0.000000 -0.015662 0.151111
        0.000000 -0.005616 0.071111
        0.000000 -0.025510 0.013333
        0.000000 -0.005616 0.106667
        0.000000 -0.002700 0.017778
        0.000000 -0.005616 0.084444
        0.000000 -0.002700 0.084444
        0.000000 -0.002700 0.053333
        0.000000 -0.002700 0.120000
        0.000000 -0.011921 0.017778
        0.000000 -0.005616 0.102222
        0.000000 -0.011921 0.040000
        0.000000 -0.008360 0.044444
        0.000000 -0.008360 0.097778
        0.000000 -0.011921 0.035556
        0.000000 -0.008360 0.057778
        0.000000 -0.002700 0.155556
        0.000000 -0.015662 0.088889
        0.000000 -0.002700 0.062222
        0.000000 -0.011921 0.053333
        0.000000 -0.005616 0.040000
        0.000000 -0.008360 0.133333
        0.000000 -0.002700 0.115556
        0.000000 -0.005616 0.004444
        0.000000 -0.011921 0.111111
        0.000000 -0.005616 0.151111
        0.000000 -0.011921 0.155556
        0.000000 -0.008360 0.080000
        0.000000 -0.025510 0.133333
        0.000000 -0.008360 0.120000
        0.000000 -0.002700 0.133333
        0.000000 -0.019685 0.026667
        0.000000 -0.005616 0.160000
        -0.000000 -0.035714 0.160000
        0.000000 -0.025510 0.160000
        0.000000 -0.011921 0.160000
        0.000000 -0.008360 0.160000
        0.000000 -0.019685 0.160000
        0.000000 -0.002700 0.160000
        -0.007581 -0.018775 0.160000
        -0.035714 -0.025510 0.160000
        -0.018775 -0.007581 0.160000
        -0.017705 -0.025510 0.160000
        -0.004729 -0.004727 0.160000
        -0.002861 -0.005005 0.160000
        -0.025510 -0.017705 0.160000
        -0.003442 -0.007869 0.160000
        -0.017705 -0.035714 0.160000
        -0.009080 -0.009080 0.160000
        -0.011449 -0.005009 0.160000
        -0.008652 -0.025510 0.160000
        -0.001909 -0.001909 0.160000
        -0.008652 -0.035714 0.160000
        -0.035714 -0.008652 0.160000
        -0.006885 -0.006885 0.160000
        -0.025510 -0.025510 0.160000
        -0.025510 -0.035714 0.160000
        -0.005009 -0.011449 0.160000
        -0.015709 -0.015709 0.160000
        -0.007869 -0.003442 0.160000
        -0.035714 -0.017705 0.160000
        -0.035714 -0.035714 0.160000
        -0.005006 -0.002860 0.160000
        -0.025510 -0.008652 0.160000
      </DataArray>
    </Points>
      <Cells>
        <DataArray type="Int32" Name="connectivity" format="ascii" RangeMin="0" RangeMax="875">
          1092 851 894 1081 304 993 873 421
          1092 851 993 304 1165 991 887 153
          894 873 421 1081 893 896 532 1179
          1081 421 304 1092 1174 352 512 1142
          421 873 993 304 251 982 994 531
          304 993 887 153 531 994 785 182
          873 421 532 896 982 251 517 997
          421 251 531 304 352 201 301 512
          1092 304 153 1165 1142 512 418 1198
          1179 532 421 1081 1038 233 352 1174
          496 339 345 134 575 579 97 203
          496 339 345 134 152 488 207 171
          496 575 579 339 463 77 122 129
          463 129 339 496 158 94 488 152
          339 579 97 345 963 928 907 846
          339 345 207 488 963 846 980 829
          345 134 203 97 326 462 570 285
          345 326 462 134 207 363 546 171
          134 496 575 203 521 463 77 447
          521 463 496 134 307 158 152 171
          575 579 97 203 412 475 537 272
          575 77 122 579 412 178 164 475
          579 928 907 97 475 917 813 537
          97 203 272 537 285 570 582 328
          203 575 412 272 447 77 178 118
          339 579 928 963 129 122 913 801
          345 97 285 326 846 907 793 984
          521 447 203 134 516 394 570 462
          283 973 908 239 370 890 909 236
          283 973 908 239 364 852 989 440
          283 364 852 973 258 329 875 968
          283 258 968 973 370 486 802 890
          908 239 440 989 947 520 580 898
          947 520 239 908 921 317 236 909
          239 283 364 440 426 245 87 110
          239 426 245 283 236 315 338 370
          364 852 989 440 566 797 998 402
          364 329 875 852 566 444 866 797
          989 898 580 440 998 966 538 402
          440 110 87 364 402 146 90 566
          283 258 329 364 245 107 257 87
          239 440 580 520 426 110 574 519
          1198 1142 512 418 1096 1150 581 367
          1142 512 581 1150 1174 352 578 1127
          512 418 153 304 301 330 182 531
          301 330 418 512 499 528 367 581
          418 1198 1165 153 764 745 749 746
          418 367 1096 1198 764 765 751 745
          153 1165 991 887 746 749 753 769
          418 153 182 330 764 746 742 741
          1166 1136 1192 1090 362 355 559 586
          1166 1090 1168 1159 362 586 451 180
          1125 1032 1192 1136 527 480 559 355
          1078 1054 1136 1166 109 404 355 362
          1090 1192 1032 1168 586 559 480 451
          165 459 291 219 382 450 160 504
          165 459 291 219 477 261 507 275
          165 477 261 459 172 199 414 136
          165 459 450 382 172 136 113 429
          459 261 507 291 136 414 571 485
          459 136 485 291 450 113 126 160
          291 219 275 507 229 91 331 318
          160 504 219 291 374 260 91 229
          219 165 477 275 1058 1077 1138 1060
          504 382 165 219 1187 1103 1077 1058
          477 261 507 275 455 238 543 557
          477 455 238 261 199 115 373 414
          261 414 571 507 238 373 561 543
          507 318 331 275 543 547 299 557
          275 1060 1138 477 557 1190 1114 455
          165 172 199 477 1077 1074 1182 1138
          291 507 318 229 485 571 157 377
          219 275 331 91 1058 1060 1194 1117
          293 346 274 474 430 235 311 484
          293 346 274 474 247 302 88 365
          293 247 302 346 432 502 256 128
          293 432 128 346 282 509 546 466
          293 167 551 346 282 525 161 466
          293 167 551 346 430 216 492 235
          346 302 88 274 237 120 278 298
          346 274 311 235 237 298 276 286
          274 474 365 88 51 36 54 40
          311 484 474 274 46 49 36 51
          474 293 247 365 1057 1034 1121 1203
          474 1057 1034 293 484 1099 1079 430
          247 302 88 365 549 95 506 224
          247 502 256 302 394 516 462 570
          247 394 570 302 400 467 582 446
          247 400 446 302 549 101 431 95
          302 95 506 88 120 349 124 278
          88 365 224 506 40 54 45 35
          365 247 549 224 1203 1121 1049 1152
          293 432 502 247 1034 1113 1072 1121
          346 128 256 302 144 294 359 81
          346 302 81 144 237 120 102 105
          274 88 278 298 51 40 29 52
          474 1057 1203 365 36 1010 1015 54
          169 449 803 838 253 144 825 930
          169 449 803 838 195 544 822 987
          169 195 544 449 161 281 542 466
          169 449 144 253 161 466 346 551
          449 544 822 803 363 207 980 783
          363 783 803 449 294 915 825 144
          838 169 195 987 911 116 354 810
          838 930 253 169 911 795 483 116
          195 544 822 987 138 442 819 807
          138 442 544 195 248 489 542 281
          207 980 822 544 488 829 819 442
          987 810 354 195 807 881 562 138
          169 116 354 195 161 319 357 281
          449 466 542 544 363 546 171 207
          893 896 532 1179 861 802 486 1087
          896 997 517 532 802 890 370 486
          532 517 251 421 233 368 201 352
          1179 532 233 1038 1087 486 170 1033
          336 388 537 272 323 356 328 582
          336 388 537 272 406 254 475 412
          336 406 254 388 491 314 270 322
          336 388 356 323 491 322 242 434
          388 537 475 254 948 813 917 972
          388 948 813 537 356 860 960 328
          272 412 406 336 118 178 332 300
          272 336 323 582 118 300 215 467
          406 254 475 412 332 413 164 178
          406 332 413 254 314 148 479 270
          254 475 164 413 972 917 799 905
          300 332 406 336 277 148 314 491
          388 254 972 948 322 270 820 808
          1038 1063 1127 1174 233 263 578 352
          1188 1043 1035 1039 206 583 361 222
          1188 206 222 1039 1046 175 527 1125
          1043 1158 1149 1035 583 556 397 361
          1188 1028 1185 1043 206 252 266 583
          1039 1035 1073 1147 222 361 273 190
          1110 1030 1178 1185 121 150 186 266
          1110 1185 1028 1143 121 266 252 417
          1030 1051 1132 1178 150 343 360 186
          853 981 1030 1110 935 964 150 121
          1185 1178 1158 1043 266 186 556 583
          502 256 128 432 516 462 546 509
          256 359 294 128 462 326 363 546
          432 509 516 502 1113 1050 1156 1072
          247 502 516 394 1121 1072 1156 1080
          302 256 462 570 81 359 326 285
          346 466 546 128 144 449 363 294
          293 282 509 432 1034 1135 1050 1113
          906 952 953 931 218 530 457 316
          906 931 889 985 218 316 185 226
          952 937 992 953 530 439 377 457
          931 316 457 953 857 157 377 992
          906 790 937 952 218 290 439 530
          218 290 790 906 469 538 966 836
          790 940 929 937 290 249 126 439
          171 207 544 542 152 488 442 489
          345 326 363 207 846 984 783 980
          546 466 542 171 509 282 80 307
          546 171 134 462 509 307 521 516
          161 281 542 466 525 143 80 282
          171 542 489 152 307 80 296 158
          167 525 161 551 216 403 319 492
          551 346 235 492 253 144 297 483
          293 167 525 282 1034 1025 1093 1135
          430 216 167 293 1079 1123 1025 1034
          525 161 319 403 143 281 357 208
          282 525 1093 1135 80 143 1106 1204
          167 216 403 525 1025 1123 1199 1093
          551 492 319 161 253 483 116 169
          448 191 508 132 385 154 548 441
          448 191 508 132 493 524 86 108
          448 385 154 191 198 184 194 231
          448 191 524 493 198 231 85 111
          191 154 548 508 523 145 419 487
          191 508 86 524 523 487 437 348
          508 132 441 548 936 817 885 901
          508 86 108 132 936 804 831 817
          132 448 385 441 541 511 372 515
          541 511 448 132 106 192 493 108
          385 154 548 441 184 194 117 288
          154 145 419 548 194 341 438 117
          548 441 288 117 901 885 974 848
          515 372 385 441 119 269 184 288
          511 372 385 448 420 269 184 198
          191 154 145 523 231 194 341 166
          508 548 901 936 487 419 897 864
          132 441 885 817 541 515 995 899
          360 1132 1076 309 343 1051 1197 376
          360 1132 1076 309 208 1059 1106 143
          360 208 1059 1132 186 556 1158 1178
          1076 309 143 1106 1089 296 80 1204
          1076 1089 296 309 1197 1183 505 376
          309 143 208 360 248 281 357 82
          309 248 82 360 376 138 562 343
          208 1059 1106 143 403 1199 1093 525
          403 1199 1059 208 397 1149 1158 556
          360 82 357 208 186 381 569 556
          309 248 281 143 296 489 542 80
          755 758 781 816 759 761 366 350
          816 350 366 781 812 497 395 824
          755 816 770 730 759 350 16 732
          758 916 794 781 761 205 396 366
          1073 273 190 1147 1079 430 480 1032
          1035 1149 1079 1073 361 397 430 273
          222 190 1147 1039 527 480 1032 1125
          850 123 378 922 883 292 133 811
          850 123 378 922 786 501 495 844
          850 123 501 786 823 425 340 843
          850 883 292 123 823 867 147 425
          123 378 495 501 526 535 211 268
          123 526 535 378 292 536 393 133
          378 495 844 922 460 100 910 847
          378 922 811 133 460 847 999 554
          786 501 495 844 961 200 223 969
          786 501 200 961 843 340 405 858
          501 495 223 200 268 211 303 212
          495 223 969 844 100 417 886 910
          123 526 268 501 425 213 255 340
          535 211 495 378 398 481 100 460
          931 827 932 882 316 490 433 125
          931 882 854 889 316 125 435 185
          827 979 840 932 490 135 106 433
          882 125 433 932 831 108 106 840
          931 316 490 827 857 157 135 979
          781 903 874 824 366 399 306 395
          902 921 874 903 230 317 306 399
          824 874 921 947 395 306 317 520
          781 366 399 903 834 220 230 902
          1053 1200 1115 1036 470 555 148 479
          1053 1036 946 805 470 479 965 926
          555 148 1115 1200 174 277 1153 1045
          1053 1191 1157 1200 470 427 313 555
          479 148 1115 1036 413 332 1109 1105
          950 789 407 210 841 943 102 81
          950 789 407 210 1005 1007 1238 1216
          789 1007 1238 407 774 1006 1228 2
          789 407 102 943 774 2 12 778
          407 210 1216 1238 349 95 1233 1220
          407 349 95 210 102 120 302 81
          210 1216 1005 950 379 558 876 878
          379 878 950 210 573 983 988 242
          242 988 950 210 356 860 862 344
          210 950 841 81 344 862 871 468
          1216 1224 1008 1005 558 494 809 876
          407 349 1220 1238 2 21 1235 1228
          379 558 1216 210 202 99 1233 95
          861 955 1118 1087 802 968 258 486
          229 374 160 291 377 439 126 485
          229 374 260 91 416 358 577 103
          229 377 439 374 416 457 530 358
          374 260 504 160 246 264 162 424
          374 160 126 439 246 424 249 290
          91 260 504 219 1117 1048 1187 1058
          91 260 1048 1117 103 577 1024 1097
          260 1048 1187 504 264 1186 1171 162
          229 91 331 318 416 103 137 375
          374 358 577 260 246 177 560 264
          424 162 504 160 539 337 382 450
          136 414 571 485 837 806 787 800
          136 485 126 113 837 800 929 959
          414 373 561 571 806 934 900 787
          571 507 543 561 157 318 547 135
          172 199 414 136 1001 944 806 837
          485 571 157 377 800 787 857 992
          275 1060 1190 557 331 1194 1107 299
          1138 1114 455 477 1182 1027 115 199
          455 557 1190 1114 269 420 1095 1167
          238 543 557 455 372 511 420 269
          299 1107 1190 557 390 1069 1095 420
          1114 1027 115 455 1167 1193 119 269
          164 413 905 799 1052 1105 956 784
          475 164 799 917 579 122 913 928
          254 413 905 972 270 479 965 820
          1150 1127 578 581 1062 1162 141 193
          746 153 182 742 769 887 785 739
          742 741 330 182 768 748 528 387
          741 764 418 330 748 765 367 528
          387 528 330 182 189 499 301 531
          742 182 785 739 768 387 1000 767
          918 958 572 437 814 818 384 454
          918 958 572 437 804 880 79 86
          958 818 384 572 880 882 125 79
          572 437 454 384 503 348 584 96
          572 79 86 437 503 534 524 348
          437 454 814 918 487 423 919 864
          487 864 918 437 508 936 804 86
          814 818 384 454 867 970 156 147
          920 183 384 818 854 435 125 882
          920 183 384 818 856 411 188 796
          818 384 188 796 970 156 401 865
          96 584 454 384 371 284 147 156
          454 147 867 814 423 292 883 919
          572 384 125 79 503 96 83 534
          487 423 454 437 523 464 584 348
          781 366 396 794 834 220 563 949
          366 396 563 220 262 482 380 155
          366 262 482 396 761 740 127 205
          396 563 949 794 205 335 923 916
          949 563 220 834 895 189 445 842
          834 220 445 842 902 230 456 869
          220 563 189 445 155 380 499 93
          563 189 895 949 335 387 1000 923
          366 262 155 220 399 295 533 230
          396 482 380 563 205 127 567 335
          156 147 867 970 401 425 823 865
          156 147 425 401 371 284 213 159
          401 425 823 865 188 340 843 796
          401 159 213 425 188 305 255 340
          156 371 159 401 384 96 305 188
          292 123 425 147 536 526 213 284
          260 577 1024 1048 264 560 1029 1186
          1103 382 504 1187 1195 337 162 1171
          91 1117 1194 331 103 1097 1082 137
          423 540 798 919 292 133 811 883
          423 540 798 919 487 419 897 864
          423 540 133 292 464 168 393 536
          423 464 168 540 487 523 145 419
          540 133 811 798 228 554 999 845
          228 845 798 540 438 978 897 419
          423 464 536 292 454 584 284 147
          168 393 133 540 585 221 554 228
          1100 131 181 1129 1148 84 422 1206
          1100 131 181 1129 1184 500 514 1101
          1100 1148 84 131 1070 1044 114 321
          1070 321 131 1100 1063 263 500 1184
          131 84 422 181 391 519 243 452
          131 181 514 500 391 452 295 533
          181 422 1206 1129 514 267 1119 1101
          1148 84 422 1206 1065 392 173 1021
          1148 1065 392 84 1044 1040 476 114
          84 519 243 422 392 574 415 173
          422 1206 1029 560 576 1102 1141 98
          422 1206 1029 560 173 1021 1066 333
          422 576 1102 1206 267 410 1177 1119
          321 114 84 131 315 426 519 391
          181 422 267 514 452 243 262 295
          854 920 183 435 779 780 13 0
          1182 1027 115 199 967 849 828 944
          1182 199 172 1074 967 944 1001 879
          1027 1193 119 115 849 962 821 828
          115 373 238 455 119 515 372 269
          199 115 373 414 944 828 934 806
          934 828 821 995 373 115 119 515
          934 995 899 900 373 515 541 561
          515 119 821 995 441 288 974 885
          215 300 336 323 334 277 491 434
          215 300 277 334 1026 1155 1153 1041
          1026 1155 300 215 1047 1064 118 467
          323 215 334 434 431 101 549 95
          582 467 215 323 446 400 101 431
          334 277 491 434 232 174 408 320
          334 277 174 232 1041 1153 1045 1169
          277 174 408 491 148 555 78 314
          491 408 320 434 322 209 573 242
          434 334 232 320 95 549 312 202
          215 334 549 101 1026 1041 1049 1083
          1155 1153 277 300 1109 1115 148 332
          323 434 242 356 431 95 210 344
          1038 233 263 1063 1033 170 321 1070
          1063 263 578 1127 1184 500 141 1162
          352 233 263 578 201 368 310 93
          233 170 321 263 368 338 315 310
          263 500 141 578 310 533 155 93
          578 352 201 93 581 512 301 499
          322 209 888 808 270 564 975 820
          322 209 888 808 242 573 983 988
          322 270 564 209 491 314 78 408
          209 564 975 888 89 163 954 870
          209 89 870 888 573 494 809 983
          948 388 322 808 860 356 242 988
          270 564 975 820 479 470 926 965
          479 470 564 270 148 555 78 314
          564 163 954 975 470 427 792 926
          408 78 564 209 149 473 163 89
          370 486 258 283 338 170 107 245
          338 170 486 370 368 233 532 517
          997 517 370 890 869 456 236 909
          258 329 875 968 1118 1111 977 955
          1087 1118 258 486 1033 1086 107 170
          501 268 212 200 340 255 568 405
          200 223 969 961 529 518 863 971
          200 961 858 405 529 971 830 353
          211 303 223 495 481 252 417 100
          417 886 969 223 121 935 863 518
          212 303 223 200 308 265 518 529
          825 915 925 841 144 294 359 81
          825 144 81 841 859 105 102 943
          783 984 925 915 363 326 359 294
          81 359 925 841 285 326 984 793
          1067 1062 1031 1172 112 193 522 498
          112 498 1172 1067 752 743 760 766
          193 522 1031 1062 141 267 1119 1162
          1067 1062 193 112 1096 1150 581 367
          1172 1031 522 498 760 1119 267 743
          144 825 927 297 253 930 795 483
          825 927 297 144 859 832 244 105
          297 483 795 927 510 116 911 914
          297 927 832 244 188 796 856 411
          297 927 796 188 550 815 891 428
          297 550 815 927 510 353 830 914
          144 297 235 346 105 244 286 237
          235 492 483 297 386 319 116 510
          247 394 467 400 1121 1080 1047 1139
          394 467 582 570 447 118 272 203
          570 582 446 302 285 328 468 81
          400 467 215 101 1139 1047 1026 1083
          328 468 446 582 356 344 431 323
          302 446 431 95 81 468 344 210
          247 400 101 549 1121 1139 1083 1049
          394 447 118 467 1080 1196 1064 1047
          997 982 251 517 869 842 445 456
          994 531 251 982 895 189 445 842
          201 368 517 251 93 310 456 445
          95 506 224 549 1233 1217 1225 1214
          1233 1217 506 95 1220 1230 124 349
          506 224 1225 1217 35 45 1227 1222
          224 1152 1049 549 1225 1209 1212 1214
          312 202 95 549 461 99 1233 1214
          88 506 124 278 40 35 34 29
          365 1203 1152 224 54 1015 1012 45
          318 375 137 331 547 409 465 299
          229 318 157 377 416 375 316 457
          1168 1032 480 451 1173 1120 369 472
          899 541 132 817 840 106 108 831
          840 106 541 899 979 135 561 900
          511 372 515 541 543 238 373 561
          1169 232 334 1041 1175 312 549 1049
          1169 232 312 1175 1201 287 461 1128
          1045 174 232 1169 1037 553 287 1201
          1175 312 549 1049 1128 461 1214 1212
          320 202 312 232 139 99 461 287
          228 585 1151 1084 554 221 1180 1181
          228 585 1151 1084 438 341 1075 1071
          228 585 341 438 540 168 145 419
          585 1151 1180 221 240 1202 1078 109
          341 1075 1151 585 166 1108 1202 240
          1084 1181 554 228 912 938 999 845
          1084 228 438 1071 912 845 978 951
          554 221 1180 1181 460 398 1061 1146
          133 393 221 554 378 535 398 460
          109 1078 1180 221 404 1054 1061 398
          938 999 554 1181 826 847 460 1146
          585 221 393 168 240 109 536 464
          320 573 242 434 202 379 210 95
          320 573 379 202 139 494 558 99
          320 139 494 573 408 149 89 209
          494 558 379 573 809 876 878 983
          216 1123 1199 403 430 1079 1149 397
          216 403 319 492 430 397 386 235
          889 854 435 185 775 779 0 7
          499 380 193 581 528 567 112 367
          499 380 193 581 93 155 141 578
          499 380 567 528 189 563 335 387
          380 193 141 155 482 522 267 262
          482 522 193 380 127 498 112 567
          93 310 533 155 445 456 230 220
          155 141 500 533 262 267 514 295
          499 93 445 189 301 201 251 531
          924 904 1183 1197 877 835 505 376
          924 1197 1051 933 877 376 343 884
          904 835 505 1183 788 941 94 1137
          192 511 541 106 547 543 561 135
          192 511 448 493 390 420 198 111
          192 547 543 511 390 299 557 420
          106 192 493 108 433 471 83 125
          106 135 547 192 433 490 409 471
          108 493 524 86 125 83 534 79
          192 390 111 493 471 217 279 83
          152 488 442 489 158 94 505 296
          829 819 442 488 941 835 505 94
          442 489 296 505 138 248 309 376
          866 875 977 990 444 329 1111 1023
          1109 1105 413 332 1085 1052 164 178
          413 479 965 905 1105 1036 946 956
          81 468 871 841 285 328 960 793
          344 862 871 468 356 860 960 328
          954 870 89 163 1004 1009 1234 1237
          870 89 1234 1009 809 494 1224 1008
          89 163 1237 1234 149 473 1218 1229
          163 1237 1004 954 427 1226 1003 792
          89 149 1229 1234 494 139 1223 1224
          163 427 1226 1237 473 313 1219 1218
          1000 387 182 785 895 189 531 994
          767 1000 923 762 768 387 335 750
          819 442 505 835 807 138 376 877
          829 488 94 941 963 339 129 801
          94 1137 788 941 129 1164 782 801
          505 1183 1137 94 296 1089 1116 158
          1188 1028 252 206 1046 1122 481 175
          583 206 252 266 308 212 303 265
          308 212 206 583 478 568 222 361
          206 175 481 252 212 268 211 303
          417 121 266 252 223 518 265 303
          266 265 308 583 186 381 569 556
          1028 1143 417 252 1122 1145 100 481
          1052 784 799 164 1205 855 913 122
          310 533 500 263 315 391 131 321
          310 315 391 533 456 236 317 230
          500 141 1162 1184 514 267 1119 1101
          907 97 537 813 793 285 328 960
          998 797 872 940 402 566 259 249
          797 566 259 872 866 444 436 791
          872 959 929 940 259 113 126 249
          940 998 402 249 790 966 538 290
          526 535 211 268 404 398 481 175
          526 404 398 535 536 109 221 393
          526 404 175 268 213 355 527 255
          218 177 375 316 530 358 416 457
          218 177 375 316 226 227 250 185
          218 177 358 530 290 246 374 439
          218 226 227 177 395 497 142 243
          395 243 177 218 179 415 214 469
          218 177 214 469 290 246 458 538
          177 358 416 375 560 577 103 137
          177 375 250 227 104 342 513 324
          560 137 375 177 98 327 342 104
          375 316 185 250 83 125 435 271
          318 157 316 375 547 135 490 409
          375 409 490 316 83 471 433 125
          315 236 317 391 426 239 520 519
          317 230 533 391 306 399 295 452
          310 315 236 456 368 338 370 517
          315 321 170 338 426 114 107 245
          1071 438 341 1075 1088 117 194 1176
          951 978 438 1071 892 848 117 1088
          166 1108 1075 341 231 1154 1176 194
          341 585 168 145 166 240 464 523
          289 976 833 351 562 881 810 354
          289 976 833 351 518 863 971 529
          289 562 881 976 150 343 884 964
          289 150 964 976 518 121 935 863
          833 351 354 810 914 510 116 911
          914 510 351 833 830 353 529 971
          351 289 562 354 569 381 82 357
          569 381 289 351 308 265 518 529
          562 138 807 881 343 376 877 884
          354 562 138 195 357 82 248 281
          289 150 343 562 381 186 360 82
          351 354 116 510 569 357 319 386
          420 390 1069 1095 198 111 1133 1134
          1098 1068 1107 1069 217 465 299 390
          268 212 568 255 175 206 222 527
          212 200 405 568 308 529 353 478
          382 429 172 165 1103 1163 1074 1077
          450 382 429 113 539 337 436 259
          429 172 136 113 986 1001 837 959
          429 172 1001 986 1163 1074 879 996
          113 429 986 959 259 436 791 872
          1103 1163 429 382 1195 1091 436 337
          450 113 259 539 160 126 249 424
          1171 1195 337 162 1170 1144 187 552
          208 357 319 403 556 569 386 397
          901 848 978 897 548 117 438 419
          1079 430 480 1032 1099 484 369 1120
          430 480 190 273 235 305 565 241
          235 305 480 430 311 196 369 484
          273 190 222 361 241 565 568 478
          430 273 241 235 397 361 478 386
          480 190 565 305 527 222 568 255
          1146 826 957 1145 460 847 910 100
          957 910 100 1145 939 886 417 1143
          1145 100 460 1146 1122 481 398 1061
          188 411 130 305 297 244 286 235
          188 411 130 305 384 183 176 96
          411 130 286 244 19 3 9 11
          183 176 130 411 13 1 3 19
          130 305 235 286 197 196 311 276
          130 197 196 305 176 140 389 96
          305 235 297 188 565 241 550 428
          255 340 188 305 568 405 428 565
          244 286 237 105 11 9 15 17
          235 241 550 297 386 478 353 510
          856 832 244 411 776 773 11 19
          130 286 276 197 3 9 60 55
          266 186 381 265 121 150 289 518
          308 583 556 569 478 361 397 386
          308 569 386 478 529 351 510 353
          1109 1155 1064 1085 332 300 118 178
          1085 1052 164 178 1094 1205 122 77
          77 447 1196 1094 463 521 1042 1140
          77 447 1196 1094 178 118 1064 1085
          394 1080 1196 447 516 1156 1042 521
          1094 1205 122 77 1140 1164 129 463
          1167 1193 119 269 1126 1161 288 184
          1143 1110 121 417 939 853 935 886
          243 395 497 142 262 366 350 204
          243 415 179 395 519 574 580 520
          519 520 395 243 391 317 306 452
          243 395 366 262 452 306 399 295
          395 218 226 497 824 906 985 812
          497 142 227 226 20 14 6 10
          350 204 142 497 16 8 14 20
          142 243 177 227 453 443 104 324
          142 453 443 243 204 225 151 262
          226 227 250 185 10 6 4 7
          243 422 560 177 443 576 98 104
          243 422 560 177 415 173 333 214
          395 218 906 824 179 469 836 839
          812 985 226 497 771 772 10 20
          142 227 324 453 14 6 57 69
          560 333 214 177 264 383 458 246
          262 267 422 243 151 410 576 443
          173 333 214 415 392 383 458 574
          173 392 383 333 1021 1065 1189 1066
          214 415 574 458 469 179 580 538
          1029 1066 333 560 1186 1189 383 264
          463 1140 1164 129 158 1116 1137 94
          463 521 1042 1140 158 307 1104 1116
          1164 1205 122 129 782 855 913 801
          262 267 522 482 740 743 498 127
          262 151 410 267 740 747 763 743
          348 524 85 234 503 534 92 280
          348 524 85 234 523 191 231 166
          524 534 92 85 493 83 279 111
          85 234 280 92 1124 1160 1131 1056
          85 231 166 234 1124 1154 1108 1160
          234 348 503 280 180 584 96 451
          166 523 348 234 240 464 584 180
          503 534 92 280 96 83 279 451
          92 1056 1131 280 279 1112 1168 451
          85 92 1056 1124 111 279 1112 1133
          234 280 1131 1160 180 451 1168 1159
          1070 1033 170 321 1044 1086 107 114
          1201 287 461 1128 1210 1232 1214 1212
          1201 1210 1232 287 1037 1211 1221 553
          287 1232 1214 461 139 1223 1233 99
          287 1232 1223 139 553 1221 1229 149
          1069 1133 1112 1098 390 111 279 217
          1112 1098 217 279 1082 1068 465 137
          279 217 471 83 137 465 409 375
          217 465 299 390 471 409 547 192
          1133 1134 198 111 1124 1154 231 85
          1112 1168 451 279 1055 1173 472 347
          1112 279 347 1055 1082 137 327 1130
          516 1156 1042 521 509 1050 1104 307
          125 435 271 83 384 183 176 96
          435 271 176 183 0 5 1 13
          185 250 271 435 7 4 5 0
          271 83 96 176 325 545 389 140
          250 375 83 271 513 342 545 325
          271 176 140 325 5 1 75 73
          83 279 451 96 545 347 472 389
          536 109 404 526 284 362 355 213
          464 240 109 536 584 180 362 284
          404 398 481 175 1054 1061 1122 1046
          866 990 868 791 444 1023 1091 436
          791 868 996 986 436 1091 1163 429
          945 892 1088 1161 974 848 117 288
          1088 117 288 1161 1176 194 184 1126
          1161 945 974 288 1193 962 821 119
          1167 269 420 1095 1126 184 198 1134
          1126 184 198 1134 1176 194 231 1154
          804 880 882 831 86 79 125 108
          139 494 558 99 1223 1224 1216 1233
          320 232 287 139 408 174 553 149
          478 353 405 568 241 550 428 565
          353 550 428 405 830 815 891 858
          405 428 188 340 858 891 796 843
          1097 103 137 1082 1024 577 560 1029
          137 1082 1194 331 465 1068 1107 299
          560 1029 1082 137 98 1141 1130 327
          1108 166 234 1160 1202 240 180 1159
          1202 240 180 1159 1078 109 362 1166
          553 1221 1229 149 313 1219 1218 473
          553 149 408 174 313 473 78 555
          1037 1211 1221 553 1157 1207 1219 313
          1023 1144 1022 1111 444 187 257 329
          1023 1091 1195 1144 444 436 337 187
          329 257 1022 1111 258 107 1086 1118
          187 257 1022 1144 552 476 1040 1170
          576 1102 1141 98 38 1016 1013 42
          410 1177 1102 576 22 1019 1016 38
          98 1141 1130 327 42 1013 1020 31
          576 98 104 443 38 42 47 33
          364 87 257 329 566 90 187 444
          1089 1116 158 296 1204 1104 307 80
          230 317 921 902 456 236 909 869
          90 566 402 146 539 259 249 424
          90 539 259 566 187 337 436 444
          402 146 424 249 538 458 246 290
          538 458 146 402 580 574 110 440
          146 90 539 424 552 187 337 162
          146 552 187 90 110 476 257 87
          146 552 162 424 458 383 264 246
          377 439 126 485 992 937 929 800
          78 473 163 564 555 313 427 470
          84 392 574 519 114 476 110 426
          392 383 458 574 476 552 146 110
          313 555 1200 1157 553 174 1045 1037
          1053 805 942 1191 470 926 792 427
          1191 427 313 1157 1213 1226 1219 1207
          227 250 513 324 6 4 70 57
          324 104 342 513 26 47 30 41
          453 443 104 324 37 33 47 26
          342 327 137 375 545 347 279 83
          250 271 325 513 4 5 73 70
          513 342 545 325 41 30 32 50
          104 98 327 342 47 42 31 30
          324 513 41 26 57 70 65 62
          744 750 761 740 567 335 205 127
          744 567 335 750 748 528 387 768
          750 335 205 761 762 923 916 758
          759 756 740 761 350 204 262 366
          740 744 567 127 743 752 112 498
          744 748 528 567 752 765 367 112
          1046 1125 1136 1054 175 527 355 404
          245 107 257 87 426 114 476 110
          1086 1022 257 107 1044 1040 476 114
          760 1119 1177 757 743 267 410 763
          757 1177 1019 734 763 410 22 733
          159 371 284 213 559 586 362 355
          159 305 96 371 559 480 451 586
          96 584 284 371 451 180 362 586
          213 255 305 159 355 527 480 559
          561 135 157 571 900 979 857 787
          884 343 1051 933 964 150 1030 981
          942 1002 1213 1191 792 1003 1226 427
          162 552 1170 1171 264 383 1189 1186
          1096 367 112 1067 751 765 752 766
          469 179 580 538 836 839 898 966
          179 580 898 839 395 520 947 824
          985 889 185 226 772 775 7 10
          105 237 120 102 17 15 18 12
          832 859 105 244 773 777 17 11
          286 237 298 276 9 15 74 60
          305 196 369 480 96 389 472 451
          369 1120 1099 484 25 1017 1011 49
          472 1173 1120 369 44 1014 1017 25
          484 1099 1057 474 49 1011 1010 36
          369 484 311 196 25 49 46 28
          224 1152 1209 1225 45 1012 1208 1227
          392 1065 1189 383 476 1040 1170 552
          276 311 274 298 27 46 51 52
          197 196 311 276 23 28 46 27
          237 120 278 298 15 18 61 74
          276 298 74 60 27 52 76 67
          142 453 225 204 14 69 56 8
          225 151 443 453 24 39 33 37
          453 324 26 37 69 57 62 71
          859 943 102 105 777 778 12 17
          120 349 124 278 18 21 66 61
          298 278 29 52 74 61 64 76
          349 1220 1230 124 21 1235 1215 66
          124 506 1217 1230 34 35 1222 1231
          124 1230 1231 34 66 1215 1236 63
          282 1135 1050 509 80 1204 1104 307
          410 576 443 151 22 38 33 39
          812 497 350 816 771 20 16 770
          759 350 16 732 756 204 8 731
          920 856 411 183 780 776 19 13
          1055 1173 472 347 1018 1014 44 48
          204 225 151 262 756 754 747 740
          151 39 22 410 747 735 733 763
          342 327 347 545 30 31 48 32
          1130 1055 347 327 1020 1018 48 31
          102 120 349 407 12 18 21 2
          545 347 472 389 32 48 44 43
          756 204 8 731 754 225 56 738
          389 472 369 196 43 44 25 28
          754 747 151 225 736 735 39 24
          754 225 56 738 736 24 72 737
          176 130 197 140 1 3 55 75
          140 389 196 197 53 43 28 23
          325 545 389 140 50 32 43 53
          140 197 23 53 75 55 58 59
          325 140 75 73 50 53 59 68
          225 453 37 24 56 69 71 72
          513 325 50 41 70 73 68 65
          197 276 60 55 23 27 67 58
          278 124 34 29 61 66 63 64
          770 771 20 16 644 605 591 602
          771 772 10 20 605 596 645 591
          20 16 8 14 591 602 622 618
          16 770 644 602 732 730 631 612
          38 22 1019 1016 668 699 665 671
          25 1017 1011 49 659 695 688 667
          44 1014 1017 25 669 677 695 659
          1010 36 49 1011 689 686 667 688
          46 28 25 49 690 694 659 667
          778 774 2 12 628 638 594 630
          1006 1228 2 774 649 651 594 638
          2 12 18 21 594 630 642 641
          12 17 777 778 630 611 633 628
          1013 42 38 1016 658 674 668 671
          3 9 60 55 637 635 627 608
          3 9 11 19 637 635 615 604
          9 15 74 60 635 619 634 627
          60 67 58 55 627 595 610 608
          55 75 1 3 608 588 636 637
          17 15 18 12 611 619 642 630
          17 11 9 15 611 615 635 619
          15 18 61 74 619 642 624 634
          35 45 1227 1222 675 672 724 729
          40 54 45 35 678 680 672 675
          1012 1208 1227 45 684 728 724 672
          1222 1231 34 35 729 727 661 675
          1019 22 733 734 665 699 687 682
          32 48 44 43 685 660 669 696
          30 31 48 32 663 653 660 685
          1018 1014 44 48 681 677 669 660
          44 25 28 43 669 659 694 696
          43 53 50 32 696 656 670 685
          735 697 687 733 39 679 699 22
          38 33 39 22 668 655 679 699
          24 736 735 39 691 652 697 679
          23 53 43 28 654 656 696 694
          47 42 31 30 673 674 653 663
          33 38 42 47 655 668 674 673
          1013 1020 31 42 658 693 653 674
          30 41 26 47 663 664 657 673
          732 731 8 16 612 616 622 602
          731 8 622 616 738 56 626 621
          37 33 47 26 676 655 673 657
          37 24 39 33 676 691 679 655
          26 62 71 37 657 718 704 676
          775 7 10 772 597 625 645 596
          10 20 14 6 645 591 618 587
          37 71 72 24 676 704 723 691
          7 4 5 0 625 600 607 590
          7 10 6 4 625 645 587 600
          4 5 73 70 600 607 629 632
          5 1 13 0 607 636 589 590
          0 7 775 779 590 625 597 601
          8 14 69 56 622 618 603 626
          34 29 40 35 661 662 678 675
          1231 1236 63 34 727 726 706 661
          13 0 779 780 589 590 601 598
          30 32 50 41 663 685 670 664
          41 65 62 26 664 709 718 657
          6 4 70 57 587 600 632 617
          70 65 62 57 632 599 614 617
          57 69 14 6 617 603 618 587
          46 49 36 51 690 667 686 698
          36 54 40 51 686 680 678 698
          51 52 27 46 698 683 666 690
          773 777 17 11 606 633 611 615
          11 19 776 773 615 604 639 606
          2 21 1235 1228 594 641 648 651
          21 1235 1215 66 641 648 647 643
          56 72 737 738 626 646 623 621
          5 1 75 73 607 636 588 629
          73 68 65 70 629 640 599 632
          29 52 51 40 662 683 698 678
          34 63 64 29 661 706 717 662
          57 62 71 69 617 614 592 603
          27 23 28 46 666 654 694 690
          13 1 3 19 589 636 637 604
          19 13 780 776 604 589 598 639
          18 21 66 61 642 641 643 624
          63 64 61 66 593 613 624 643
          31 1020 1018 48 653 693 681 660
          1015 1012 45 54 692 684 672 680
          1010 1015 54 36 689 692 680 686
          24 72 737 736 691 723 703 652
          69 71 72 56 603 592 646 626
          53 59 68 50 656 702 714 670
          52 76 67 27 683 715 708 666
          29 64 76 52 662 717 715 683
          27 67 58 23 666 708 716 654
          75 59 68 73 588 620 640 629
          61 64 76 74 624 613 609 634
          50 68 65 41 670 714 709 664
          23 58 59 53 654 716 702 656
          55 58 59 75 608 610 620 588
          1215 1236 63 66 647 650 593 643
          76 67 60 74 609 595 627 634
          72 646 623 737 723 720 711 703
          71 592 646 72 704 713 720 723
          62 614 592 71 718 719 713 704
          65 599 614 62 709 721 719 718
          68 640 599 65 714 722 721 709
          59 620 640 68 702 712 722 714
          1236 650 593 63 726 725 710 706
          64 613 609 76 717 705 707 715
          58 610 620 59 716 701 712 702
          67 595 610 58 708 700 701 716
          63 593 613 64 706 710 705 717
          76 609 595 67 715 707 700 708
        </DataArray>
        <DataArray type="Int32" Name="offsets" format="ascii" RangeMin="8" RangeMax="7008">
          8 16 24 32 40 48 
          56 64 72 80 88 96 
          104 112 120 128 136 144 
          152 160 168 176 184 192 
          200 208 216 224 232 240 
          248 256 264 272 280 288 
          296 304 312 320 328 336 
          344 352 360 368 376 384 
          392 400 408 416 424 432 
          440 448 456 464 472 480 
          488 496 504 512 520 528 
          536 544 552 560 568 576 
          584 592 600 608 616 624 
          632 640 648 656 664 672 
          680 688 696 704 712 720 
          728 736 744 752 760 768 
          776 784 792 800 808 816 
          824 832 840 848 856 864 
          872 880 888 896 904 912 
          920 928 936 944 952 960 
          968 976 984 992 1000 1008 
          1016 1024 1032 1040 1048 1056 
          1064 1072 1080 1088 1096 1104 
          1112 1120 1128 1136 1144 1152 
          1160 1168 1176 1184 1192 1200 
          1208 1216 1224 1232 1240 1248 
          1256 1264 1272 1280 1288 1296 
          1304 1312 1320 1328 1336 1344 
          1352 1360 1368 1376 1384 1392 
          1400 1408 1416 1424 1432 1440 
          1448 1456 1464 1472 1480 1488 
          1496 1504 1512 1520 1528 1536 
          1544 1552 1560 1568 1576 1584 
          1592 1600 1608 1616 1624 1632 
          1640 1648 1656 1664 1672 1680 
          1688 1696 1704 1712 1720 1728 
          1736 1744 1752 1760 1768 1776 
          1784 1792 1800 1808 1816 1824 
          1832 1840 1848 1856 1864 1872 
          1880 1888 1896 1904 1912 1920 
          1928 1936 1944 1952 1960 1968 
          1976 1984 1992 2000 2008 2016 
          2024 2032 2040 2048 2056 2064 
          2072 2080 2088 2096 2104 2112 
          2120 2128 2136 2144 2152 2160 
          2168 2176 2184 2192 2200 2208 
          2216 2224 2232 2240 2248 2256 
          2264 2272 2280 2288 2296 2304 
          2312 2320 2328 2336 2344 2352 
          2360 2368 2376 2384 2392 2400 
          2408 2416 2424 2432 2440 2448 
          2456 2464 2472 2480 2488 2496 
          2504 2512 2520 2528 2536 2544 
          2552 2560 2568 2576 2584 2592 
          2600 2608 2616 2624 2632 2640 
          2648 2656 2664 2672 2680 2688 
          2696 2704 2712 2720 2728 2736 
          2744 2752 2760 2768 2776 2784 
          2792 2800 2808 2816 2824 2832 
          2840 2848 2856 2864 2872 2880 
          2888 2896 2904 2912 2920 2928 
          2936 2944 2952 2960 2968 2976 
          2984 2992 3000 3008 3016 3024 
          3032 3040 3048 3056 3064 3072 
          3080 3088 3096 3104 3112 3120 
          3128 3136 3144 3152 3160 3168 
          3176 3184 3192 3200 3208 3216 
          3224 3232 3240 3248 3256 3264 
          3272 3280 3288 3296 3304 3312 
          3320 3328 3336 3344 3352 3360 
          3368 3376 3384 3392 3400 3408 
          3416 3424 3432 3440 3448 3456 
          3464 3472 3480 3488 3496 3504 
          3512 3520 3528 3536 3544 3552 
          3560 3568 3576 3584 3592 3600 
          3608 3616 3624 3632 3640 3648 
          3656 3664 3672 3680 3688 3696 
          3704 3712 3720 3728 3736 3744 
          3752 3760 3768 3776 3784 3792 
          3800 3808 3816 3824 3832 3840 
          3848 3856 3864 3872 3880 3888 
          3896 3904 3912 3920 3928 3936 
          3944 3952 3960 3968 3976 3984 
          3992 4000 4008 4016 4024 4032 
          4040 4048 4056 4064 4072 4080 
          4088 4096 4104 4112 4120 4128 
          4136 4144 4152 4160 4168 4176 
          4184 4192 4200 4208 4216 4224 
          4232 4240 4248 4256 4264 4272 
          4280 4288 4296 4304 4312 4320 
          4328 4336 4344 4352 4360 4368 
          4376 4384 4392 4400 4408 4416 
          4424 4432 4440 4448 4456 4464 
          4472 4480 4488 4496 4504 4512 
          4520 4528 4536 4544 4552 4560 
          4568 4576 4584 4592 4600 4608 
          4616 4624 4632 4640 4648 4656 
          4664 4672 4680 4688 4696 4704 
          4712 4720 4728 4736 4744 4752 
          4760 4768 4776 4784 4792 4800 
          4808 4816 4824 4832 4840 4848 
          4856 4864 4872 4880 4888 4896 
          4904 4912 4920 4928 4936 4944 
          4952 4960 4968 4976 4984 4992 
          5000 5008 5016 5024 5032 5040 
          5048 5056 5064 5072 5080 5088 
          5096 5104 5112 5120 5128 5136 
          5144 5152 5160 5168 5176 5184 
          5192 5200 5208 5216 5224 5232 
          5240 5248 5256 5264 5272 5280 
          5288 5296 5304 5312 5320 5328 
          5336 5344 5352 5360 5368 5376 
          5384 5392 5400 5408 5416 5424 
          5432 5440 5448 5456 5464 5472 
          5480 5488 5496 5504 5512 5520 
          5528 5536 5544 5552 5560 5568 
          5576 5584 5592 5600 5608 5616 
          5624 5632 5640 5648 5656 5664 
          5672 5680 5688 5696 5704 5712 
          5720 5728 5736 5744 5752 5760 
          5768 5776 5784 5792 5800 5808 
          5816 5824 5832 5840 5848 5856 
          5864 5872 5880 5888 5896 5904 
          5912 5920 5928 5936 5944 5952 
          5960 5968 5976 5984 5992 6000 
          6008 6016 6024 6032 6040 6048 
          6056 6064 6072 6080 6088 6096 
          6104 6112 6120 6128 6136 6144 
          6152 6160 6168 6176 6184 6192 
          6200 6208 6216 6224 6232 6240 
          6248 6256 6264 6272 6280 6288 
          6296 6304 6312 6320 6328 6336 
          6344 6352 6360 6368 6376 6384 
          6392 6400 6408 6416 6424 6432 
          6440 6448 6456 6464 6472 6480 
          6488 6496 6504 6512 6520 6528 
          6536 6544 6552 6560 6568 6576 
          6584 6592 6600 6608 6616 6624 
          6632 6640 6648 6656 6664 6672 
          6680 6688 6696 6704 6712 6720 
          6728 6736 6744 6752 6760 6768 
          6776 6784 6792 6800 6808 6816 
          6824 6832 6840 6848 6856 6864 
          6872 6880 6888 6896 6904 6912 
          6920 6928 6936 6944 6952 6960 
          6968 6976 6984 6992 7000 7008 
                  </DataArray>
        <DataArray type="UInt8" Name="types" format="ascii" RangeMin="12" RangeMax="12">
          12 12 12 12 12 12 
          12 12 12 12 12 12 
          12 12 12 12 12 12 
          12 12 12 12 12 12 
          12 12 12 12 12 12 
          12 12 12 12 12 12 
          12 12 12 12 12 12 
          12 12 12 12 12 12 
          12 12 12 12 12 12 
          12 12 12 12 12 12 
          12 12 12 12 12 12 
          12 12 12 12 12 12 
          12 12 12 12 12 12 
          12 12 12 12 12 12 
          12 12 12 12 12 12 
          12 12 12 12 12 12 
          12 12 12 12 12 12 
          12 12 12 12 12 12 
          12 12 12 12 12 12 
          12 12 12 12 12 12 
          12 12 12 12 12 12 
          12 12 12 12 12 12 
          12 12 12 12 12 12 
          12 12 12 12 12 12 
          12 12 12 12 12 12 
          12 12 12 12 12 12 
          12 12 12 12 12 12 
          12 12 12 12 12 12 
          12 12 12 12 12 12 
          12 12 12 12 12 12 
          12 12 12 12 12 12 
          12 12 12 12 12 12 
          12 12 12 12 12 12 
          12 12 12 12 12 12 
          12 12 12 12 12 12 
          12 12 12 12 12 12 
          12 12 12 12 12 12 
          12 12 12 12 12 12 
          12 12 12 12 12 12 
          12 12 12 12 12 12 
          12 12 12 12 12 12 
          12 12 12 12 12 12 
          12 12 12 12 12 12 
          12 12 12 12 12 12 
          12 12 12 12 12 12 
          12 12 12 12 12 12 
          12 12 12 12 12 12 
          12 12 12 12 12 12 
          12 12 12 12 12 12 
          12 12 12 12 12 12 
          12 12 12 12 12 12 
          12 12 12 12 12 12 
          12 12 12 12 12 12 
          12 12 12 12 12 12 
          12 12 12 12 12 12 
          12 12 12 12 12 12 
          12 12 12 12 12 12 
          12 12 12 12 12 12 
          12 12 12 12 12 12 
          12 12 12 12 12 12 
          12 12 12 12 12 12 
          12 12 12 12 12 12 
          12 12 12 12 12 12 
          12 12 12 12 12 12 
          12 12 12 12 12 12 
          12 12 12 12 12 12 
          12 12 12 12 12 12 
          12 12 12 12 12 12 
          12 12 12 12 12 12 
          12 12 12 12 12 12 
          12 12 12 12 12 12 
          12 12 12 12 12 12 
          12 12 12 12 12 12 
          12 12 12 12 12 12 
          12 12 12 12 12 12 
          12 12 12 12 12 12 
          12 12 12 12 12 12 
          12 12 12 12 12 12 
          12 12 12 12 12 12 
          12 12 12 12 12 12 
          12 12 12 12 12 12 
          12 12 12 12 12 12 
          12 12 12 12 12 12 
          12 12 12 12 12 12 
          12 12 12 12 12 12 
          12 12 12 12 12 12 
          12 12 12 12 12 12 
          12 12 12 12 12 12 
          12 12 12 12 12 12 
          12 12 12 12 12 12 
          12 12 12 12 12 12 
          12 12 12 12 12 12 
          12 12 12 12 12 12 
          12 12 12 12 12 12 
          12 12 12 12 12 12 
          12 12 12 12 12 12 
          12 12 12 12 12 12 
          12 12 12 12 12 12 
          12 12 12 12 12 12 
          12 12 12 12 12 12 
          12 12 12 12 12 12 
          12 12 12 12 12 12 
          12 12 12 12 12 12 
          12 12 12 12 12 12 
          12 12 12 12 12 12 
          12 12 12 12 12 12 
          12 12 12 12 12 12 
          12 12 12 12 12 12 
          12 12 12 12 12 12 
          12 12 12 12 12 12 
          12 12 12 12 12 12 
          12 12 12 12 12 12 
          12 12 12 12 12 12 
          12 12 12 12 12 12 
          12 12 12 12 12 12 
          12 12 12 12 12 12 
          12 12 12 12 12 12 
          12 12 12 12 12 12 
          12 12 12 12 12 12 
          12 12 12 12 12 12 
          12 12 12 12 12 12 
          12 12 12 12 12 12 
          12 12 12 12 12 12 
          12 12 12 12 12 12 
          12 12 12 12 12 12 
          12 12 12 12 12 12 
          12 12 12 12 12 12 
          12 12 12 12 12 12 
          12 12 12 12 12 12 
          12 12 12 12 12 12 
          12 12 12 12 12 12 
          12 12 12 12 12 12 
          12 12 12 12 12 12 
          12 12 12 12 12 12 
          12 12 12 12 12 12 
          12 12 12 12 12 12 
          12 12 12 12 12 12 
          12 12 12 12 12 12 
          12 12 12 12 12 12 
          12 12 12 12 12 12 
          12 12 12 12 12 12 
          12 12 12 12 12 12 
          12 12 12 12 12 12 
          12 12 12 12 12 12 
          12 12 12 12 12 12 
          12 12 12 12 12 12 
                  </DataArray>
      </Cells>
    </Piece>
  </UnstructuredGrid>
</VTKFile>
