# FeatFloWer certified run q2p1_dns_rundir_e2_l3_g3def (particle_force.log, every CFD step)
# case=E2 level=L3 D/h=23.918 dt=0.001 s; quarter-box benchSym mesh, FBM Q2/P1, serial PE HardContactAndFluid + lubrication add-on ON (kroupaDeficit, clamp c=2)
# columns: t_s, z_center_m, gap_m (=z_center-0.0075), h_over_d (=gap/0.015), u_z_mps, F_z_N (hydrodynamic force on the sphere, full-sphere value)
0.001000,1.27500000e-01,1.20000000e-01,8.000000,0.00000000e+00,0.00000000e+00
0.002000,1.27498642e-01,1.19998642e-01,7.999909,-1.35763393e-03,1.39361513e-03
0.003000,1.27496174e-01,1.19996174e-01,7.999745,-2.46882259e-03,1.93743355e-03
0.004000,1.27493147e-01,1.19993147e-01,7.999543,-3.02615899e-03,1.62064856e-03
0.005000,1.27489686e-01,1.19989686e-01,7.999312,-3.46091717e-03,1.24267393e-03
0.006000,1.27485620e-01,1.19985620e-01,7.999041,-4.06655286e-03,1.29445921e-03
0.007000,1.27480833e-01,1.19980833e-01,7.998722,-4.78716343e-03,1.55197861e-03
0.008000,1.27475388e-01,1.19975388e-01,7.998359,-5.44522751e-03,1.69686122e-03
0.009000,1.27469394e-01,1.19969394e-01,7.997960,-5.99309750e-03,1.66921182e-03
0.010000,1.27462896e-01,1.19962896e-01,7.997526,-6.49827536e-03,1.62381056e-03
0.011000,1.27455876e-01,1.19955876e-01,7.997058,-7.02056240e-03,1.64886469e-03
0.012000,1.27448322e-01,1.19948322e-01,7.996555,-7.55332935e-03,1.71612354e-03
0.013000,1.27440256e-01,1.19940256e-01,7.996017,-8.06597417e-03,1.75764458e-03
0.014000,1.27431707e-01,1.19931707e-01,7.995447,-8.54918765e-03,1.76747927e-03
0.015000,1.27422690e-01,1.19922690e-01,7.994846,-9.01702584e-03,1.77511655e-03
0.016000,1.27413210e-01,1.19913210e-01,7.994214,-9.48028361e-03,1.79744752e-03
0.017000,1.27403273e-01,1.19903273e-01,7.993552,-9.93708420e-03,1.81695812e-03
0.018000,1.27392890e-01,1.19892890e-01,7.992859,-1.03831007e-02,1.84347957e-03
0.019000,1.27382072e-01,1.19882072e-01,7.992138,-1.08180197e-02,1.86537227e-03
0.020000,1.27370831e-01,1.19870831e-01,7.991389,-1.12403571e-02,1.87732225e-03
0.021000,1.27359178e-01,1.19859178e-01,7.990612,-1.16533914e-02,1.88979844e-03
0.022000,1.27347118e-01,1.19847118e-01,7.989808,-1.20602949e-02,1.90882339e-03
0.023000,1.27334658e-01,1.19834658e-01,7.988977,-1.24597366e-02,1.91741047e-03
0.024000,1.27321806e-01,1.19821806e-01,7.988120,-1.28514118e-02,1.92786682e-03
0.025000,1.27308568e-01,1.19808568e-01,7.987238,-1.32384177e-02,1.94963668e-03
0.026000,1.27294950e-01,1.19794950e-01,7.986330,-1.36181399e-02,1.96765583e-03
0.027000,1.27280962e-01,1.19780962e-01,7.985397,-1.39875260e-02,1.98337953e-03
0.028000,1.27266614e-01,1.19766614e-01,7.984441,-1.43482138e-02,1.99456510e-03
0.029000,1.27251912e-01,1.19751912e-01,7.983461,-1.47017597e-02,1.99350583e-03
0.030000,1.27236861e-01,1.19736861e-01,7.982457,-1.50518193e-02,2.01092449e-03
0.031000,1.27221461e-01,1.19721461e-01,7.981431,-1.53991466e-02,2.02697395e-03
0.032000,1.27205723e-01,1.19705723e-01,7.980382,-1.57379151e-02,2.03717800e-03
0.033000,1.27189654e-01,1.19689654e-01,7.979310,-1.60696083e-02,2.04226865e-03
0.034000,1.27173257e-01,1.19673257e-01,7.978217,-1.63970501e-02,2.06038056e-03
0.035000,1.27156537e-01,1.19656537e-01,7.977102,-1.67196172e-02,2.07394301e-03
0.036000,1.27139503e-01,1.19639503e-01,7.975967,-1.70338377e-02,2.07711980e-03
0.037000,1.27122160e-01,1.19622160e-01,7.974811,-1.73430423e-02,2.08233560e-03
0.038000,1.27104510e-01,1.19604510e-01,7.973634,-1.76502812e-02,2.09876739e-03
0.039000,1.27086557e-01,1.19586557e-01,7.972437,-1.79529014e-02,2.12500137e-03
0.040000,1.27068312e-01,1.19568312e-01,7.971221,-1.82454860e-02,2.12847163e-03
0.041000,1.27049783e-01,1.19549783e-01,7.969986,-1.85288412e-02,2.12763880e-03
0.042000,1.27030972e-01,1.19530972e-01,7.968731,-1.88112041e-02,2.13813628e-03
0.043000,1.27011880e-01,1.19511880e-01,7.967459,-1.90919841e-02,2.15809310e-03
0.044000,1.26992514e-01,1.19492514e-01,7.966168,-1.93657874e-02,2.15665066e-03
0.045000,1.26972881e-01,1.19472881e-01,7.964859,-1.96332917e-02,2.15442952e-03
0.046000,1.26952979e-01,1.19452979e-01,7.963532,-1.99016625e-02,2.15704422e-03
0.047000,1.26932809e-01,1.19432809e-01,7.962187,-2.01703004e-02,2.16980087e-03
0.048000,1.26912373e-01,1.19412373e-01,7.960825,-2.04358237e-02,2.18784601e-03
0.049000,1.26891679e-01,1.19391679e-01,7.959445,-2.06939664e-02,2.18708509e-03
0.050000,1.26870732e-01,1.19370732e-01,7.958049,-2.09463174e-02,2.19190509e-03
0.051000,1.26849534e-01,1.19349534e-01,7.956636,-2.11980660e-02,2.17687608e-03
0.052000,1.26828083e-01,1.19328083e-01,7.955206,-2.14508893e-02,2.18598408e-03
0.053000,1.26806376e-01,1.19306376e-01,7.953758,-2.17070376e-02,2.20367676e-03
0.054000,1.26784419e-01,1.19284419e-01,7.952295,-2.19570661e-02,2.20420795e-03
0.055000,1.26762218e-01,1.19262218e-01,7.950815,-2.22011900e-02,2.19606304e-03
0.056000,1.26739772e-01,1.19239772e-01,7.949318,-2.24465799e-02,2.21847395e-03
0.057000,1.26717081e-01,1.19217081e-01,7.947805,-2.26906815e-02,2.22652118e-03
0.058000,1.26694155e-01,1.19194155e-01,7.946277,-2.29260000e-02,2.22876038e-03
0.059000,1.26670997e-01,1.19170997e-01,7.944733,-2.31582797e-02,2.22861982e-03
0.060000,1.26647607e-01,1.19147607e-01,7.943174,-2.33898489e-02,2.23853651e-03
0.061000,1.26623987e-01,1.19123987e-01,7.941599,-2.36197106e-02,2.24421162e-03
0.062000,1.26600142e-01,1.19100142e-01,7.940009,-2.38453119e-02,2.25810878e-03
0.063000,1.26576075e-01,1.19076075e-01,7.938405,-2.40665918e-02,2.25139479e-03
0.064000,1.26551791e-01,1.19051791e-01,7.936786,-2.42844950e-02,2.25931162e-03
0.065000,1.26527287e-01,1.19027287e-01,7.935152,-2.45032032e-02,2.28890525e-03
0.066000,1.26502573e-01,1.19002573e-01,7.933505,-2.47140781e-02,2.28551196e-03
0.067000,1.26477658e-01,1.18977658e-01,7.931844,-2.49158340e-02,2.28772500e-03
0.068000,1.26452539e-01,1.18952539e-01,7.930169,-2.51183130e-02,2.30533068e-03
0.069000,1.26427222e-01,1.18927222e-01,7.928481,-2.53169519e-02,2.28686906e-03
0.070000,1.26401709e-01,1.18901709e-01,7.926781,-2.55130735e-02,2.29530573e-03
0.071000,1.26375995e-01,1.18875995e-01,7.925066,-2.57137662e-02,2.29770059e-03
0.072000,1.26350084e-01,1.18850084e-01,7.923339,-2.59112647e-02,2.31142950e-03
0.073000,1.26323979e-01,1.18823979e-01,7.921599,-2.61055489e-02,2.31179307e-03
0.074000,1.26297683e-01,1.18797683e-01,7.919846,-2.62952600e-02,2.30405789e-03
0.075000,1.26271197e-01,1.18771197e-01,7.918080,-2.64862196e-02,2.28615964e-03
0.076000,1.26244514e-01,1.18744514e-01,7.916301,-2.66828847e-02,2.30702916e-03
0.077000,1.26217633e-01,1.18717633e-01,7.914509,-2.68817373e-02,2.30139996e-03
0.078000,1.26190558e-01,1.18690558e-01,7.912704,-2.70747314e-02,2.31331270e-03
0.079000,1.26163290e-01,1.18663290e-01,7.910886,-2.72674677e-02,2.31754540e-03
0.080000,1.26135835e-01,1.18635835e-01,7.909056,-2.74555431e-02,2.31788244e-03
0.081000,1.26108193e-01,1.18608193e-01,7.907213,-2.76421689e-02,2.31959866e-03
0.082000,1.26080364e-01,1.18580364e-01,7.905358,-2.78283804e-02,2.32650298e-03
0.083000,1.26052351e-01,1.18552351e-01,7.903490,-2.80128074e-02,2.34257227e-03
0.084000,1.26024159e-01,1.18524159e-01,7.901611,-2.81921252e-02,2.34041898e-03
0.085000,1.25995793e-01,1.18495793e-01,7.899720,-2.83665464e-02,2.34699382e-03
0.086000,1.25967252e-01,1.18467252e-01,7.897817,-2.85405121e-02,2.36209276e-03
0.087000,1.25938543e-01,1.18438543e-01,7.895903,-2.87096484e-02,2.36581422e-03
0.088000,1.25909669e-01,1.18409669e-01,7.893978,-2.88731679e-02,2.38297247e-03
0.089000,1.25880637e-01,1.18380637e-01,7.892042,-2.90324310e-02,2.37436226e-03
0.090000,1.25851449e-01,1.18351449e-01,7.890097,-2.91875817e-02,2.36620605e-03
0.091000,1.25822102e-01,1.18322102e-01,7.888140,-2.93470024e-02,2.35375444e-03
0.092000,1.25792591e-01,1.18292591e-01,7.886173,-2.95113037e-02,2.37868233e-03
0.093000,1.25762916e-01,1.18262916e-01,7.884194,-2.96752861e-02,2.37525657e-03
0.094000,1.25733084e-01,1.18233084e-01,7.882206,-2.98316876e-02,2.36684130e-03
0.095000,1.25703093e-01,1.18203093e-01,7.880206,-2.99907023e-02,2.35553156e-03
0.096000,1.25672939e-01,1.18172939e-01,7.878196,-3.01544807e-02,2.36381063e-03
0.097000,1.25642618e-01,1.18142618e-01,7.876175,-3.03205093e-02,2.36428931e-03
0.098000,1.25612135e-01,1.18112135e-01,7.874142,-3.04837343e-02,2.38429240e-03
0.099000,1.25581491e-01,1.18081491e-01,7.872099,-3.06432648e-02,2.37810265e-03
0.100000,1.25550694e-01,1.18050694e-01,7.870046,-3.07973205e-02,2.37726825e-03
0.101000,1.25519741e-01,1.18019741e-01,7.867983,-3.09535566e-02,2.38203524e-03
0.102000,1.25488631e-01,1.17988631e-01,7.865909,-3.11092238e-02,2.39216761e-03
0.103000,1.25457370e-01,1.17957370e-01,7.863825,-3.12615336e-02,2.39680932e-03
0.104000,1.25425960e-01,1.17925960e-01,7.861731,-3.14096949e-02,2.40276580e-03
0.105000,1.25394405e-01,1.17894405e-01,7.859627,-3.15552785e-02,2.41881185e-03
0.106000,1.25362709e-01,1.17862709e-01,7.857514,-3.16960684e-02,2.41596711e-03
0.107000,1.25330877e-01,1.17830877e-01,7.855392,-3.18320915e-02,2.43145726e-03
0.108000,1.25298910e-01,1.17798910e-01,7.853261,-3.19663097e-02,2.41933321e-03
0.109000,1.25266813e-01,1.17766813e-01,7.851121,-3.20975846e-02,2.40508099e-03
0.110000,1.25234577e-01,1.17734577e-01,7.848972,-3.22353616e-02,2.42492865e-03
0.111000,1.25202203e-01,1.17702203e-01,7.846814,-3.23743094e-02,2.41987747e-03
0.112000,1.25169696e-01,1.17669696e-01,7.844646,-3.25076322e-02,2.40810500e-03
0.113000,1.25137051e-01,1.17637051e-01,7.842470,-3.26446957e-02,2.40067501e-03
0.114000,1.25104264e-01,1.17604264e-01,7.840284,-3.27869394e-02,2.39482535e-03
0.115000,1.25071331e-01,1.17571331e-01,7.838089,-3.29326576e-02,2.41218787e-03
0.116000,1.25038254e-01,1.17538254e-01,7.835884,-3.30772266e-02,2.42260824e-03
0.117000,1.25005040e-01,1.17505040e-01,7.833669,-3.32142507e-02,2.41903570e-03
0.118000,1.24971691e-01,1.17471691e-01,7.831446,-3.33484844e-02,2.41559806e-03
0.119000,1.24938207e-01,1.17438207e-01,7.829214,-3.34844993e-02,2.42545585e-03
0.120000,1.24904587e-01,1.17404587e-01,7.826972,-3.36198999e-02,2.43477465e-03
0.121000,1.24870836e-01,1.17370836e-01,7.824722,-3.37504152e-02,2.44658481e-03
0.122000,1.24836961e-01,1.17336961e-01,7.822464,-3.38757815e-02,2.46295155e-03
0.123000,1.24802966e-01,1.17302966e-01,7.820198,-3.39943749e-02,2.45606231e-03
0.124000,1.24768857e-01,1.17268857e-01,7.817924,-3.41088115e-02,2.46221205e-03
0.125000,1.24734633e-01,1.17234633e-01,7.815642,-3.42244232e-02,2.45175364e-03
0.126000,1.24700293e-01,1.17200293e-01,7.813353,-3.43398646e-02,2.44568133e-03
0.127000,1.24665833e-01,1.17165833e-01,7.811056,-3.44598145e-02,2.45791482e-03
0.128000,1.24631254e-01,1.17131254e-01,7.808750,-3.45795953e-02,2.44714465e-03
0.129000,1.24596557e-01,1.17096557e-01,7.806437,-3.46972631e-02,2.42467686e-03
0.130000,1.24561734e-01,1.17061734e-01,7.804116,-3.48224411e-02,2.43031372e-03
0.131000,1.24526780e-01,1.17026780e-01,7.801785,-3.49540010e-02,2.44004072e-03
0.132000,1.24491698e-01,1.16991698e-01,7.799447,-3.50819896e-02,2.45306877e-03
0.133000,1.24456494e-01,1.16956494e-01,7.797100,-3.52044799e-02,2.44928157e-03
0.134000,1.24421170e-01,1.16921170e-01,7.794745,-3.53233612e-02,2.44290224e-03
0.135000,1.24385726e-01,1.16885726e-01,7.792382,-3.54446145e-02,2.45871808e-03
0.136000,1.24350160e-01,1.16850160e-01,7.790011,-3.55651660e-02,2.45973644e-03
0.137000,1.24314480e-01,1.16814480e-01,7.787632,-3.56803432e-02,2.46892927e-03
0.138000,1.24278687e-01,1.16778687e-01,7.785246,-3.57935603e-02,2.48380326e-03
0.139000,1.24242785e-01,1.16742785e-01,7.782852,-3.59011281e-02,2.49446075e-03
0.140000,1.24206784e-01,1.16706784e-01,7.780452,-3.60019263e-02,2.47672665e-03
0.141000,1.24170681e-01,1.16670681e-01,7.778045,-3.61023606e-02,2.47282021e-03
0.142000,1.24134472e-01,1.16634472e-01,7.775631,-3.62093098e-02,2.47555838e-03
0.143000,1.24098155e-01,1.16598155e-01,7.773210,-3.63170578e-02,2.48786433e-03
0.144000,1.24061733e-01,1.16561733e-01,7.770782,-3.64217303e-02,2.47340693e-03
0.145000,1.24025208e-01,1.16525208e-01,7.768347,-3.65249179e-02,2.44980736e-03
0.146000,1.23988571e-01,1.16488571e-01,7.765905,-3.66370270e-02,2.44373241e-03
0.147000,1.23951813e-01,1.16451813e-01,7.763454,-3.67579607e-02,2.46900981e-03
0.148000,1.23914937e-01,1.16414937e-01,7.760996,-3.68764196e-02,2.47752824e-03
0.149000,1.23877952e-01,1.16377952e-01,7.758530,-3.69850706e-02,2.47160010e-03
0.150000,1.23840860e-01,1.16340860e-01,7.756057,-3.70919723e-02,2.47376180e-03
0.151000,1.23803659e-01,1.16303659e-01,7.753577,-3.72004386e-02,2.47927290e-03
0.152000,1.23766352e-01,1.16266352e-01,7.751090,-3.73072205e-02,2.49707220e-03
0.153000,1.23728943e-01,1.16228943e-01,7.748596,-3.74090448e-02,2.51256938e-03
0.154000,1.23691441e-01,1.16191441e-01,7.746096,-3.75022830e-02,2.50946587e-03
0.155000,1.23653850e-01,1.16153850e-01,7.743590,-3.75909806e-02,2.50659185e-03
0.156000,1.23616169e-01,1.16116169e-01,7.741078,-3.76812056e-02,2.49401482e-03
0.157000,1.23578394e-01,1.16078394e-01,7.738560,-3.77745986e-02,2.49087060e-03
0.158000,1.23540521e-01,1.16040521e-01,7.736035,-3.78726781e-02,2.49936973e-03
0.159000,1.23502551e-01,1.16002551e-01,7.733503,-3.79702873e-02,2.49380359e-03
0.160000,1.23464485e-01,1.15964485e-01,7.730966,-3.80660895e-02,2.47393439e-03
0.161000,1.23426318e-01,1.15926318e-01,7.728421,-3.81672333e-02,2.46299370e-03
0.162000,1.23388041e-01,1.15888041e-01,7.725869,-3.82768373e-02,2.49748542e-03
0.163000,1.23349657e-01,1.15849657e-01,7.723310,-3.83839348e-02,2.50462654e-03
0.164000,1.23311178e-01,1.15811178e-01,7.720745,-3.84784420e-02,2.48770320e-03
0.165000,1.23272605e-01,1.15772605e-01,7.718174,-3.85735966e-02,2.49058609e-03
0.166000,1.23233931e-01,1.15733931e-01,7.715595,-3.86737992e-02,2.50055251e-03
0.167000,1.23195160e-01,1.15695160e-01,7.713011,-3.87712926e-02,2.51928532e-03
0.168000,1.23156298e-01,1.15656298e-01,7.710420,-3.88622003e-02,2.51976266e-03
0.169000,1.23117351e-01,1.15617351e-01,7.707823,-3.89468713e-02,2.54249814e-03
0.170000,1.23078323e-01,1.15578323e-01,7.705222,-3.90273651e-02,2.51628747e-03
0.171000,1.23039218e-01,1.15539218e-01,7.702615,-3.91050273e-02,2.50784133e-03
0.172000,1.23000025e-01,1.15500025e-01,7.700002,-3.91927910e-02,2.52534073e-03
0.173000,1.22960745e-01,1.15460745e-01,7.697383,-3.92802341e-02,2.50454763e-03
0.174000,1.22921380e-01,1.15421380e-01,7.694759,-3.93656071e-02,2.48441375e-03
0.175000,1.22881918e-01,1.15381918e-01,7.692128,-3.94613693e-02,2.48503842e-03
0.176000,1.22842355e-01,1.15342355e-01,7.689490,-3.95636333e-02,2.50690291e-03
0.177000,1.22802693e-01,1.15302693e-01,7.686846,-3.96618256e-02,2.50918618e-03
0.178000,1.22762940e-01,1.15262940e-01,7.684196,-3.97524336e-02,2.50867673e-03
0.179000,1.22723098e-01,1.15223098e-01,7.681540,-3.98423818e-02,2.51271855e-03
0.180000,1.22683166e-01,1.15183166e-01,7.678878,-3.99317825e-02,2.51993945e-03
0.181000,1.22643148e-01,1.15143148e-01,7.676210,-4.00185790e-02,2.52802175e-03
0.182000,1.22603046e-01,1.15103046e-01,7.673536,-4.01015747e-02,2.54340681e-03
0.183000,1.22562867e-01,1.15062867e-01,7.670858,-4.01791954e-02,2.56169530e-03
0.184000,1.22522618e-01,1.15022618e-01,7.668175,-4.02485293e-02,2.52923166e-03
0.185000,1.22482301e-01,1.14982301e-01,7.665487,-4.03175978e-02,2.52275915e-03
0.186000,1.22441902e-01,1.14941902e-01,7.662793,-4.03984724e-02,2.53271786e-03
0.187000,1.22401423e-01,1.14901423e-01,7.660095,-4.04797116e-02,2.52463218e-03
0.188000,1.22360863e-01,1.14860863e-01,7.657391,-4.05591101e-02,2.50358429e-03
0.189000,1.22320219e-01,1.14820219e-01,7.654681,-4.06448862e-02,2.49714037e-03
0.190000,1.22279480e-01,1.14779480e-01,7.651965,-4.07387142e-02,2.52722256e-03
0.191000,1.22238650e-01,1.14738650e-01,7.649243,-4.08293388e-02,2.52716731e-03
0.192000,1.22197740e-01,1.14697740e-01,7.646516,-4.09100937e-02,2.51547919e-03
0.193000,1.22156747e-01,1.14656747e-01,7.643783,-4.09929337e-02,2.52057924e-03
0.194000,1.22115669e-01,1.14615669e-01,7.641045,-4.10787104e-02,2.54087574e-03
0.195000,1.22074510e-01,1.14574510e-01,7.638301,-4.11592229e-02,2.54261163e-03
0.196000,1.22033277e-01,1.14533277e-01,7.635552,-4.12327628e-02,2.55874367e-03
0.197000,1.21991974e-01,1.14491974e-01,7.632798,-4.13028798e-02,2.56718117e-03
0.198000,1.21950608e-01,1.14450608e-01,7.630041,-4.13662067e-02,2.54116963e-03
0.199000,1.21909176e-01,1.14409176e-01,7.627278,-4.14313624e-02,2.52859958e-03
0.200000,1.21867669e-01,1.14367669e-01,7.624511,-4.15072837e-02,2.54340096e-03
0.201000,1.21826084e-01,1.14326084e-01,7.621739,-4.15847156e-02,2.53729390e-03
0.202000,1.21784426e-01,1.14284426e-01,7.618962,-4.16583665e-02,2.51483807e-03
0.203000,1.21742688e-01,1.14242688e-01,7.616179,-4.17379942e-02,2.51563763e-03
0.204000,1.21700863e-01,1.14200863e-01,7.613391,-4.18248553e-02,2.52854073e-03
0.205000,1.21658954e-01,1.14158954e-01,7.610597,-4.19091720e-02,2.53498548e-03
0.206000,1.21616966e-01,1.14116966e-01,7.607798,-4.19881114e-02,2.53646652e-03
0.207000,1.21574901e-01,1.14074901e-01,7.604993,-4.20646724e-02,2.53514394e-03
0.208000,1.21532760e-01,1.14032760e-01,7.602184,-4.21409809e-02,2.56136792e-03
0.209000,1.21490547e-01,1.13990547e-01,7.599370,-4.22130864e-02,2.56810534e-03
0.210000,1.21448272e-01,1.13948272e-01,7.596551,-4.22753880e-02,2.58627808e-03
0.211000,1.21405939e-01,1.13905939e-01,7.593729,-4.23322634e-02,2.55629547e-03
0.212000,1.21363551e-01,1.13863551e-01,7.590903,-4.23884726e-02,2.54185743e-03
0.213000,1.21321094e-01,1.13821094e-01,7.588073,-4.24570817e-02,2.54949554e-03
0.214000,1.21278565e-01,1.13778565e-01,7.585238,-4.25290819e-02,2.55438178e-03
0.215000,1.21235967e-01,1.13735967e-01,7.582398,-4.25977094e-02,2.52664376e-03
0.216000,1.21193297e-01,1.13693297e-01,7.579553,-4.26696375e-02,2.52921661e-03
0.217000,1.21150547e-01,1.13650547e-01,7.576703,-4.27502201e-02,2.53972417e-03
0.218000,1.21107719e-01,1.13607719e-01,7.573848,-4.28280996e-02,2.54700596e-03
0.219000,1.21064818e-01,1.13564818e-01,7.570988,-4.29012406e-02,2.55087520e-03
0.220000,1.21021847e-01,1.13521847e-01,7.568123,-4.29713058e-02,2.54092979e-03
0.221000,1.20978805e-01,1.13478805e-01,7.565254,-4.30418591e-02,2.56075491e-03
0.222000,1.20935693e-01,1.13435693e-01,7.562380,-4.31121728e-02,2.56984534e-03
0.223000,1.20892518e-01,1.13392518e-01,7.559501,-4.31743681e-02,2.60130250e-03
0.224000,1.20849290e-01,1.13349290e-01,7.556619,-4.32280151e-02,2.57451037e-03
0.225000,1.20806014e-01,1.13306014e-01,7.553734,-4.32760690e-02,2.55003384e-03
0.226000,1.20762677e-01,1.13262677e-01,7.550845,-4.33372502e-02,2.55472587e-03
0.227000,1.20719271e-01,1.13219271e-01,7.547951,-4.34056401e-02,2.55462067e-03
0.228000,1.20675799e-01,1.13175799e-01,7.545053,-4.34725077e-02,2.53866044e-03
0.229000,1.20632256e-01,1.13132256e-01,7.542150,-4.35422323e-02,2.53748455e-03
0.230000,1.20588639e-01,1.13088639e-01,7.539243,-4.36174063e-02,2.54668124e-03
0.231000,1.20544948e-01,1.13044948e-01,7.536330,-4.36913403e-02,2.54940710e-03
0.232000,1.20501186e-01,1.13001186e-01,7.533412,-4.37617718e-02,2.56051708e-03
0.233000,1.20457357e-01,1.12957357e-01,7.530490,-4.38293435e-02,2.56883400e-03
0.234000,1.20413465e-01,1.12913465e-01,7.527564,-4.38917957e-02,2.57297401e-03
0.235000,1.20369514e-01,1.12869514e-01,7.524634,-4.39507844e-02,2.59107241e-03
0.236000,1.20325509e-01,1.12825509e-01,7.521701,-4.40052130e-02,2.59909238e-03
0.237000,1.20281457e-01,1.12781457e-01,7.518764,-4.40522795e-02,2.57353664e-03
0.238000,1.20237355e-01,1.12737355e-01,7.515824,-4.41012314e-02,2.55677392e-03
0.239000,1.20193194e-01,1.12693194e-01,7.512880,-4.41615405e-02,2.56666529e-03
0.240000,1.20148968e-01,1.12648968e-01,7.509931,-4.42256055e-02,2.55621215e-03
0.241000,1.20104680e-01,1.12604680e-01,7.506979,-4.42882706e-02,2.53870226e-03
0.242000,1.20060322e-01,1.12560322e-01,7.504021,-4.43574651e-02,2.56094044e-03
0.243000,1.20015894e-01,1.12515894e-01,7.501060,-4.44284775e-02,2.56527406e-03
0.244000,1.19971403e-01,1.12471403e-01,7.498094,-4.44914203e-02,2.56107542e-03
0.245000,1.19926849e-01,1.12426849e-01,7.495123,-4.45536822e-02,2.55939329e-03
0.246000,1.19882231e-01,1.12382231e-01,7.492149,-4.46176206e-02,2.58613366e-03
0.247000,1.19837554e-01,1.12337554e-01,7.489170,-4.46773826e-02,2.58218321e-03
0.248000,1.19792825e-01,1.12292825e-01,7.486188,-4.47290613e-02,2.60609839e-03
0.249000,1.19748047e-01,1.12248047e-01,7.483203,-4.47778083e-02,2.57993667e-03
0.250000,1.19703224e-01,1.12203224e-01,7.480215,-4.48233275e-02,2.58100586e-03
0.251000,1.19658346e-01,1.12158346e-01,7.477223,-4.48772496e-02,2.59000431e-03
0.252000,1.19613417e-01,1.12113417e-01,7.474228,-4.49292293e-02,2.57056756e-03
0.253000,1.19568435e-01,1.12068435e-01,7.471229,-4.49816909e-02,2.54300704e-03
0.254000,1.19523390e-01,1.12023390e-01,7.468226,-4.50454096e-02,2.55241497e-03
0.255000,1.19478274e-01,1.11978274e-01,7.465218,-4.51165159e-02,2.56180523e-03
0.256000,1.19433091e-01,1.11933091e-01,7.462206,-4.51828719e-02,2.56850925e-03
0.257000,1.19387846e-01,1.11887846e-01,7.459190,-4.52449585e-02,2.57535727e-03
0.258000,1.19342542e-01,1.11842542e-01,7.456169,-4.53036324e-02,2.58598315e-03
0.259000,1.19297184e-01,1.11797184e-01,7.453146,-4.53581783e-02,2.58598718e-03
0.260000,1.19251775e-01,1.11751775e-01,7.450118,-4.54092337e-02,2.60771925e-03
0.261000,1.19206318e-01,1.11706318e-01,7.447088,-4.54564447e-02,2.60365533e-03
0.262000,1.19160821e-01,1.11660821e-01,7.444055,-4.54972373e-02,2.58365518e-03
0.263000,1.19115278e-01,1.11615278e-01,7.441019,-4.55429013e-02,2.60251120e-03
0.264000,1.19069686e-01,1.11569686e-01,7.437979,-4.55917992e-02,2.57410984e-03
0.265000,1.19024047e-01,1.11524047e-01,7.434936,-4.56395269e-02,2.55057174e-03
0.266000,1.18978346e-01,1.11478346e-01,7.431890,-4.57007446e-02,2.54941711e-03
0.267000,1.18932576e-01,1.11432576e-01,7.428838,-4.57698967e-02,2.58172612e-03
0.268000,1.18886742e-01,1.11386742e-01,7.425783,-4.58337144e-02,2.58653837e-03
0.269000,1.18840856e-01,1.11340856e-01,7.422724,-4.58860705e-02,2.58131374e-03
0.270000,1.18794919e-01,1.11294919e-01,7.419661,-4.59377700e-02,2.56221216e-03
0.271000,1.18748924e-01,1.11248924e-01,7.416595,-4.59945633e-02,2.59991080e-03
0.272000,1.18702873e-01,1.11202873e-01,7.413525,-4.60509632e-02,2.61322955e-03
0.273000,1.18656780e-01,1.11156780e-01,7.410452,-4.60926271e-02,2.62172594e-03
0.274000,1.18610652e-01,1.11110652e-01,7.407377,-4.61284144e-02,2.58679396e-03
0.275000,1.18564484e-01,1.11064484e-01,7.404299,-4.61675887e-02,2.60000487e-03
0.276000,1.18518269e-01,1.11018269e-01,7.401218,-4.62158990e-02,2.58576731e-03
0.277000,1.18472006e-01,1.10972006e-01,7.398134,-4.62623884e-02,2.56490960e-03
0.278000,1.18425689e-01,1.10925689e-01,7.395046,-4.63172420e-02,2.54965855e-03
0.279000,1.18379307e-01,1.10879307e-01,7.391954,-4.63816427e-02,2.57789163e-03
0.280000,1.18332861e-01,1.10832861e-01,7.388857,-4.64460592e-02,2.58277009e-03
0.281000,1.18286361e-01,1.10786361e-01,7.385757,-4.65003410e-02,2.58627937e-03
0.282000,1.18239808e-01,1.10739808e-01,7.382654,-4.65523999e-02,2.57976913e-03
0.283000,1.18193204e-01,1.10693204e-01,7.379547,-4.66044577e-02,2.60921666e-03
0.284000,1.18146551e-01,1.10646551e-01,7.376437,-4.66534460e-02,2.62581753e-03
0.285000,1.18099861e-01,1.10599861e-01,7.373324,-4.66898277e-02,2.62593202e-03
0.286000,1.18053140e-01,1.10553140e-01,7.370209,-4.67207371e-02,2.59228067e-03
0.287000,1.18006382e-01,1.10506382e-01,7.367092,-4.67575598e-02,2.59905926e-03
0.288000,1.17959578e-01,1.10459578e-01,7.363972,-4.68042354e-02,2.58696270e-03
0.289000,1.17912727e-01,1.10412727e-01,7.360848,-4.68508239e-02,2.57178849e-03
0.290000,1.17865823e-01,1.10365823e-01,7.357722,-4.69040685e-02,2.56129770e-03
0.291000,1.17818859e-01,1.10318859e-01,7.354591,-4.69641518e-02,2.58995062e-03
0.292000,1.17771837e-01,1.10271837e-01,7.351456,-4.70226134e-02,2.59845314e-03
0.293000,1.17724766e-01,1.10224766e-01,7.348318,-4.70701614e-02,2.59467178e-03
0.294000,1.17677651e-01,1.10177651e-01,7.345177,-4.71155857e-02,2.58499320e-03
0.295000,1.17630487e-01,1.10130487e-01,7.342032,-4.71639634e-02,2.60254438e-03
0.296000,1.17583274e-01,1.10083274e-01,7.338885,-4.72124160e-02,2.62872572e-03
0.297000,1.17536024e-01,1.10036024e-01,7.335735,-4.72504747e-02,2.62270900e-03
0.298000,1.17488743e-01,1.09988743e-01,7.332583,-4.72809990e-02,2.60188165e-03
0.299000,1.17441426e-01,1.09941426e-01,7.329428,-4.73171823e-02,2.61580227e-03
0.300000,1.17394068e-01,1.09894068e-01,7.326271,-4.73577440e-02,2.59117717e-03
0.301000,1.17346670e-01,1.09846670e-01,7.323111,-4.73980886e-02,2.56994199e-03
0.302000,1.17299220e-01,1.09799220e-01,7.319948,-4.74502756e-02,2.57554385e-03
0.303000,1.17251711e-01,1.09751711e-01,7.316781,-4.75084460e-02,2.58338872e-03
0.304000,1.17204148e-01,1.09704148e-01,7.313610,-4.75633894e-02,2.59664215e-03
0.305000,1.17156534e-01,1.09656534e-01,7.310436,-4.76134126e-02,2.59549010e-03
0.306000,1.17108875e-01,1.09608875e-01,7.307258,-4.76592870e-02,2.61504326e-03
0.307000,1.17061173e-01,1.09561173e-01,7.304078,-4.77020820e-02,2.62140278e-03
0.308000,1.17013436e-01,1.09513436e-01,7.300896,-4.77373308e-02,2.63981947e-03
0.309000,1.16965668e-01,1.09465668e-01,7.297711,-4.77672343e-02,2.61636996e-03
0.310000,1.16917873e-01,1.09417873e-01,7.294525,-4.77952362e-02,2.60208494e-03
0.311000,1.16870040e-01,1.09370040e-01,7.291336,-4.78334654e-02,2.59751693e-03
0.312000,1.16822163e-01,1.09322163e-01,7.288144,-4.78771939e-02,2.59733834e-03
0.313000,1.16774240e-01,1.09274240e-01,7.284949,-4.79224541e-02,2.57271469e-03
0.314000,1.16726268e-01,1.09226268e-01,7.281751,-4.79721274e-02,2.59728606e-03
0.315000,1.16678242e-01,1.09178242e-01,7.278549,-4.80255423e-02,2.59351871e-03
0.316000,1.16630171e-01,1.09130171e-01,7.275345,-4.80715539e-02,2.59820060e-03
0.317000,1.16582053e-01,1.09082053e-01,7.272137,-4.81179747e-02,2.59445195e-03
0.318000,1.16533889e-01,1.09033889e-01,7.268926,-4.81635209e-02,2.62626039e-03
0.319000,1.16485685e-01,1.08985685e-01,7.265712,-4.82046731e-02,2.61657641e-03
0.320000,1.16437448e-01,1.08937448e-01,7.262497,-4.82370916e-02,2.64684137e-03
0.321000,1.16389180e-01,1.08889180e-01,7.259279,-4.82673383e-02,2.61879960e-03
0.322000,1.16340888e-01,1.08840888e-01,7.256059,-4.82926045e-02,2.61559962e-03
0.323000,1.16292560e-01,1.08792560e-01,7.252837,-4.83276459e-02,2.59480814e-03
0.324000,1.16244193e-01,1.08744193e-01,7.249613,-4.83674149e-02,2.58128944e-03
0.325000,1.16195776e-01,1.08695776e-01,7.246385,-4.84164029e-02,2.58529508e-03
0.326000,1.16147307e-01,1.08647307e-01,7.243154,-4.84691222e-02,2.59539793e-03
0.327000,1.16098788e-01,1.08598788e-01,7.239919,-4.85187394e-02,2.60198859e-03
0.328000,1.16050224e-01,1.08550224e-01,7.236682,-4.85638732e-02,2.60345523e-03
0.329000,1.16001618e-01,1.08501618e-01,7.233441,-4.86065832e-02,2.62158844e-03
0.330000,1.15952972e-01,1.08452972e-01,7.230198,-4.86456048e-02,2.63332451e-03
0.331000,1.15904296e-01,1.08404296e-01,7.226953,-4.86765959e-02,2.65227270e-03
0.332000,1.15855595e-01,1.08355595e-01,7.223706,-4.87003819e-02,2.61937865e-03
0.333000,1.15806872e-01,1.08306872e-01,7.220458,-4.87237619e-02,2.61549902e-03
0.334000,1.15758113e-01,1.08258113e-01,7.217208,-4.87586309e-02,2.60470458e-03
0.335000,1.15709316e-01,1.08209316e-01,7.213954,-4.87966829e-02,2.60673614e-03
0.336000,1.15660478e-01,1.08160478e-01,7.210699,-4.88379208e-02,2.57653931e-03
0.337000,1.15611594e-01,1.08111594e-01,7.207440,-4.88838314e-02,2.61111948e-03
0.338000,1.15562661e-01,1.08062661e-01,7.204177,-4.89335439e-02,2.60826431e-03
0.339000,1.15513689e-01,1.08013689e-01,7.200913,-4.89724047e-02,2.60715666e-03
0.340000,1.15464676e-01,1.07964676e-01,7.197645,-4.90123991e-02,2.59391455e-03
0.341000,1.15415621e-01,1.07915621e-01,7.194375,-4.90550990e-02,2.63179979e-03
0.342000,1.15366526e-01,1.07866526e-01,7.191102,-4.90954482e-02,2.64649467e-03
0.343000,1.15317405e-01,1.07817405e-01,7.187827,-4.91207567e-02,2.64243760e-03
0.344000,1.15268263e-01,1.07768263e-01,7.184551,-4.91419566e-02,2.61561617e-03
0.345000,1.15219094e-01,1.07719094e-01,7.181273,-4.91692320e-02,2.63038499e-03
0.346000,1.15169891e-01,1.07669891e-01,7.177993,-4.92027043e-02,2.60925382e-03
0.347000,1.15120656e-01,1.07620656e-01,7.174710,-4.92350630e-02,2.58322693e-03
0.348000,1.15071377e-01,1.07571377e-01,7.171425,-4.92789641e-02,2.59410515e-03
0.349000,1.15022047e-01,1.07522047e-01,7.168136,-4.93294892e-02,2.60006824e-03
0.350000,1.14972672e-01,1.07472672e-01,7.164845,-4.93753871e-02,2.60965472e-03
0.351000,1.14923254e-01,1.07423254e-01,7.161550,-4.94176315e-02,2.61133517e-03
0.352000,1.14873798e-01,1.07373798e-01,7.158253,-4.94564303e-02,2.64408829e-03
0.353000,1.14824309e-01,1.07324309e-01,7.154954,-4.94888852e-02,2.62997756e-03
0.354000,1.14774796e-01,1.07274796e-01,7.151653,-4.95130789e-02,2.66259834e-03
0.355000,1.14725260e-01,1.07225260e-01,7.148351,-4.95361381e-02,2.62956976e-03
0.356000,1.14675706e-01,1.07175706e-01,7.145047,-4.95543248e-02,2.61833355e-03
0.357000,1.14626120e-01,1.07126120e-01,7.141741,-4.95853457e-02,2.61219400e-03
0.358000,1.14576499e-01,1.07076499e-01,7.138433,-4.96211424e-02,2.59465819e-03
0.359000,1.14526837e-01,1.07026837e-01,7.135122,-4.96620564e-02,2.60025972e-03
0.360000,1.14477129e-01,1.06977129e-01,7.131809,-4.97077389e-02,2.60850585e-03
0.361000,1.14427379e-01,1.06927379e-01,7.128492,-4.97501235e-02,2.61871937e-03
0.362000,1.14377591e-01,1.06877591e-01,7.125173,-4.97879938e-02,2.61319060e-03
0.363000,1.14327768e-01,1.06827768e-01,7.121851,-4.98234876e-02,2.63096353e-03
0.364000,1.14277910e-01,1.06777910e-01,7.118527,-4.98576541e-02,2.62854689e-03
0.365000,1.14228024e-01,1.06728024e-01,7.115202,-4.98864111e-02,2.67093761e-03
0.366000,1.14178115e-01,1.06678115e-01,7.111874,-4.99084654e-02,2.64187511e-03
0.367000,1.14128193e-01,1.06628193e-01,7.108546,-4.99217374e-02,2.61379100e-03
0.368000,1.14078244e-01,1.06578244e-01,7.105216,-4.99495203e-02,2.62267925e-03
0.369000,1.14028259e-01,1.06528259e-01,7.101884,-4.99849546e-02,2.60656141e-03
0.370000,1.13978239e-01,1.06478239e-01,7.098549,-5.00203202e-02,2.58352905e-03
0.371000,1.13928174e-01,1.06428174e-01,7.095212,-5.00650521e-02,2.60741331e-03
0.372000,1.13878060e-01,1.06378060e-01,7.091871,-5.01131245e-02,2.62037315e-03
0.373000,1.13827909e-01,1.06327909e-01,7.088527,-5.01510612e-02,2.62443479e-03
0.374000,1.13777725e-01,1.06277725e-01,7.085182,-5.01840234e-02,2.63587600e-03
0.375000,1.13727512e-01,1.06227512e-01,7.081834,-5.02136285e-02,2.64174571e-03
0.376000,1.13677273e-01,1.06177273e-01,7.078485,-5.02384381e-02,2.67067861e-03
0.377000,1.13627017e-01,1.06127017e-01,7.075134,-5.02562035e-02,2.63654210e-03
0.378000,1.13576747e-01,1.06076747e-01,7.071783,-5.02705036e-02,2.61819953e-03
0.379000,1.13526447e-01,1.06026447e-01,7.068430,-5.02992583e-02,2.61787334e-03
0.380000,1.13476113e-01,1.05976113e-01,7.065074,-5.03340947e-02,2.61604419e-03
0.381000,1.13425744e-01,1.05925744e-01,7.061716,-5.03693617e-02,2.59172914e-03
0.382000,1.13375334e-01,1.05875334e-01,7.058356,-5.04095292e-02,2.61866433e-03
0.383000,1.13324881e-01,1.05824881e-01,7.054992,-5.04529190e-02,2.63106051e-03
0.384000,1.13274396e-01,1.05774396e-01,7.051626,-5.04852707e-02,2.62712883e-03
0.385000,1.13223882e-01,1.05723882e-01,7.048259,-5.05142467e-02,2.62041259e-03
0.386000,1.13173336e-01,1.05673336e-01,7.044889,-5.05457015e-02,2.63810527e-03
0.387000,1.13122760e-01,1.05622760e-01,7.041517,-5.05762333e-02,2.67366704e-03
0.388000,1.13072165e-01,1.05572165e-01,7.038144,-5.05946658e-02,2.64360347e-03
0.389000,1.13021559e-01,1.05521559e-01,7.034771,-5.06067358e-02,2.62887877e-03
0.390000,1.12970927e-01,1.05470927e-01,7.031395,-5.06312829e-02,2.61980404e-03
0.391000,1.12920265e-01,1.05420265e-01,7.028018,-5.06622707e-02,2.61334647e-03
0.392000,1.12869568e-01,1.05369568e-01,7.024638,-5.06973806e-02,2.59488765e-03
0.393000,1.12818830e-01,1.05318830e-01,7.021255,-5.07378756e-02,2.61369033e-03
0.394000,1.12768049e-01,1.05268049e-01,7.017870,-5.07811077e-02,2.62991910e-03
0.395000,1.12717233e-01,1.05217233e-01,7.014482,-5.08152948e-02,2.63124791e-03
0.396000,1.12666389e-01,1.05166389e-01,7.011093,-5.08439171e-02,2.63798421e-03
0.397000,1.12615518e-01,1.05115518e-01,7.007701,-5.08709118e-02,2.64769594e-03
0.398000,1.12564625e-01,1.05064625e-01,7.004308,-5.08939768e-02,2.67867384e-03
0.399000,1.12513716e-01,1.05013716e-01,7.000914,-5.09083743e-02,2.64564160e-03
0.400000,1.12462798e-01,1.04962798e-01,6.997520,-5.09184395e-02,2.62495094e-03
0.401000,1.12411855e-01,1.04911855e-01,6.994124,-5.09430119e-02,2.62755228e-03
0.402000,1.12360881e-01,1.04860881e-01,6.990725,-5.09739194e-02,2.62132055e-03
0.403000,1.12309876e-01,1.04809876e-01,6.987325,-5.10050746e-02,2.59173337e-03
0.404000,1.12258832e-01,1.04758832e-01,6.983922,-5.10435085e-02,2.61874391e-03
0.405000,1.12207745e-01,1.04707745e-01,6.980516,-5.10868829e-02,2.63753772e-03
0.406000,1.12156627e-01,1.04656627e-01,6.977108,-5.11180630e-02,2.62719136e-03
0.407000,1.12105482e-01,1.04605482e-01,6.973699,-5.11449007e-02,2.64232054e-03
0.408000,1.12054310e-01,1.04554310e-01,6.970287,-5.11724608e-02,2.63619468e-03
0.409000,1.12003114e-01,1.04503114e-01,6.966874,-5.11961356e-02,2.68143028e-03
0.410000,1.11951900e-01,1.04451900e-01,6.963460,-5.12138227e-02,2.65080805e-03
0.411000,1.11900678e-01,1.04400678e-01,6.960045,-5.12220690e-02,2.63500297e-03
0.412000,1.11849435e-01,1.04349435e-01,6.956629,-5.12431671e-02,2.62652313e-03
0.413000,1.11798164e-01,1.04298164e-01,6.953211,-5.12709554e-02,2.60649022e-03
0.414000,1.11746859e-01,1.04246859e-01,6.949791,-5.13050711e-02,2.61466451e-03
0.415000,1.11695514e-01,1.04195514e-01,6.946368,-5.13443205e-02,2.61608104e-03
0.416000,1.11644134e-01,1.04144134e-01,6.942942,-5.13806348e-02,2.62475236e-03
0.417000,1.11592719e-01,1.04092719e-01,6.939515,-5.14149504e-02,2.63090319e-03
0.418000,1.11541273e-01,1.04041273e-01,6.936085,-5.14453306e-02,2.66070269e-03
0.419000,1.11489805e-01,1.03989805e-01,6.932654,-5.14684210e-02,2.65138266e-03
0.420000,1.11438322e-01,1.03938322e-01,6.929221,-5.14833729e-02,2.67523758e-03
0.421000,1.11386824e-01,1.03886824e-01,6.925788,-5.14971673e-02,2.64193791e-03
0.422000,1.11335315e-01,1.03835315e-01,6.922354,-5.15090159e-02,2.64681511e-03
0.423000,1.11283785e-01,1.03783785e-01,6.918919,-5.15309383e-02,2.63255406e-03
0.424000,1.11232231e-01,1.03732231e-01,6.915482,-5.15537807e-02,2.59919395e-03
0.425000,1.11180644e-01,1.03680644e-01,6.912043,-5.15872061e-02,2.62690307e-03
0.426000,1.11129017e-01,1.03629017e-01,6.908601,-5.16266874e-02,2.62445456e-03
0.427000,1.11077359e-01,1.03577359e-01,6.905157,-5.16575016e-02,2.63240282e-03
0.428000,1.11025672e-01,1.03525672e-01,6.901711,-5.16877144e-02,2.62447991e-03
0.429000,1.10973955e-01,1.03473955e-01,6.898264,-5.17167179e-02,2.66610089e-03
0.430000,1.10922214e-01,1.03422214e-01,6.894814,-5.17409632e-02,2.65588068e-03
0.431000,1.10870461e-01,1.03370461e-01,6.891364,-5.17533469e-02,2.66097599e-03
0.432000,1.10818692e-01,1.03318692e-01,6.887913,-5.17681860e-02,2.64475833e-03
0.433000,1.10766908e-01,1.03266908e-01,6.884461,-5.17842196e-02,2.65108991e-03
0.434000,1.10715104e-01,1.03215104e-01,6.881007,-5.18044597e-02,2.63395607e-03
0.435000,1.10663278e-01,1.03163278e-01,6.877552,-5.18256504e-02,2.59715067e-03
0.436000,1.10611419e-01,1.03111419e-01,6.874095,-5.18589766e-02,2.62635163e-03
0.437000,1.10559520e-01,1.03059520e-01,6.870635,-5.18992265e-02,2.62695643e-03
0.438000,1.10507590e-01,1.03007590e-01,6.867173,-5.19297794e-02,2.62988741e-03
0.439000,1.10455630e-01,1.02955630e-01,6.863709,-5.19596153e-02,2.63951034e-03
0.440000,1.10403644e-01,1.02903644e-01,6.860243,-5.19867869e-02,2.65116376e-03
0.441000,1.10351635e-01,1.02851635e-01,6.856776,-5.20087375e-02,2.69206745e-03
0.442000,1.10299615e-01,1.02799615e-01,6.853308,-5.20196275e-02,2.65742380e-03
0.443000,1.10247592e-01,1.02747592e-01,6.849839,-5.20232105e-02,2.64372807e-03
0.444000,1.10195552e-01,1.02695552e-01,6.846370,-5.20405929e-02,2.63460107e-03
0.445000,1.10143487e-01,1.02643487e-01,6.842899,-5.20640873e-02,2.62738489e-03
0.446000,1.10091396e-01,1.02591396e-01,6.839426,-5.20918551e-02,2.60017267e-03
0.447000,1.10039269e-01,1.02539269e-01,6.835951,-5.21268051e-02,2.63321018e-03
0.448000,1.09987104e-01,1.02487104e-01,6.832474,-5.21648496e-02,2.64655661e-03
0.449000,1.09934914e-01,1.02434914e-01,6.828994,-5.21896839e-02,2.63400551e-03
0.450000,1.09882702e-01,1.02382702e-01,6.825513,-5.22123546e-02,2.65392370e-03
0.451000,1.09830466e-01,1.02330466e-01,6.822031,-5.22356250e-02,2.64603277e-03
0.452000,1.09778213e-01,1.02278213e-01,6.818548,-5.22537493e-02,2.69032093e-03
0.453000,1.09725946e-01,1.02225946e-01,6.815063,-5.22666333e-02,2.66007412e-03
0.454000,1.09673676e-01,1.02173676e-01,6.811578,-5.22703212e-02,2.64893014e-03
0.455000,1.09621390e-01,1.02121390e-01,6.808093,-5.22859133e-02,2.63031983e-03
0.456000,1.09569081e-01,1.02069081e-01,6.804605,-5.23084563e-02,2.61243782e-03
0.457000,1.09516741e-01,1.02016741e-01,6.801116,-5.23402734e-02,2.62325688e-03
0.458000,1.09464365e-01,1.01964365e-01,6.797624,-5.23760500e-02,2.62796104e-03
0.459000,1.09411957e-01,1.01911957e-01,6.794130,-5.24074416e-02,2.63372463e-03
0.460000,1.09359521e-01,1.01859521e-01,6.790635,-5.24362690e-02,2.63593223e-03
0.461000,1.09307058e-01,1.01807058e-01,6.787137,-5.24628132e-02,2.67711940e-03
0.462000,1.09254577e-01,1.01754577e-01,6.783638,-5.24813489e-02,2.67571095e-03
0.463000,1.09202090e-01,1.01702090e-01,6.780139,-5.24866072e-02,2.66331435e-03
0.464000,1.09149596e-01,1.01649596e-01,6.776640,-5.24945202e-02,2.64663537e-03
0.465000,1.09097086e-01,1.01597086e-01,6.773139,-5.25094539e-02,2.64408651e-03
0.466000,1.09044556e-01,1.01544556e-01,6.769637,-5.25303161e-02,2.64527241e-03
0.467000,1.08992004e-01,1.01492004e-01,6.766134,-5.25518056e-02,2.60644231e-03
0.468000,1.08939425e-01,1.01439425e-01,6.762628,-5.25797723e-02,2.63191117e-03
0.469000,1.08886809e-01,1.01386809e-01,6.759121,-5.26159874e-02,2.64037906e-03
0.470000,1.08834166e-01,1.01334166e-01,6.755611,-5.26423408e-02,2.65035721e-03
0.471000,1.08781502e-01,1.01281502e-01,6.752100,-5.26641487e-02,2.64269106e-03
0.472000,1.08728818e-01,1.01228818e-01,6.748588,-5.26840353e-02,2.65449498e-03
0.473000,1.08676114e-01,1.01176114e-01,6.745074,-5.27043522e-02,2.69270104e-03
0.474000,1.08623400e-01,1.01123400e-01,6.741560,-5.27140361e-02,2.66939843e-03
0.475000,1.08570684e-01,1.01070684e-01,6.738046,-5.27152935e-02,2.64135896e-03
0.476000,1.08517955e-01,1.01017955e-01,6.734530,-5.27291622e-02,2.63872525e-03
0.477000,1.08465202e-01,1.00965202e-01,6.731013,-5.27527053e-02,2.62095250e-03
0.478000,1.08412422e-01,1.00912422e-01,6.727495,-5.27802562e-02,2.63039443e-03
0.479000,1.08359610e-01,1.00859610e-01,6.723974,-5.28119742e-02,2.62386089e-03
0.480000,1.08306768e-01,1.00806768e-01,6.720451,-5.28417468e-02,2.63784423e-03
0.481000,1.08253897e-01,1.00753897e-01,6.716926,-5.28711923e-02,2.64270974e-03
0.482000,1.08201002e-01,1.00701002e-01,6.713400,-5.28951850e-02,2.67732128e-03
0.483000,1.08148091e-01,1.00648091e-01,6.709873,-5.29114592e-02,2.67076709e-03
0.484000,1.08095173e-01,1.00595173e-01,6.706345,-5.29175254e-02,2.67553981e-03
0.485000,1.08042248e-01,1.00542248e-01,6.702817,-5.29249001e-02,2.65218373e-03
0.486000,1.07989313e-01,1.00489313e-01,6.699288,-5.29348377e-02,2.66156028e-03
0.487000,1.07936363e-01,1.00436363e-01,6.695758,-5.29507876e-02,2.63951341e-03
0.488000,1.07883395e-01,1.00383395e-01,6.692226,-5.29675569e-02,2.60286593e-03
0.489000,1.07830397e-01,1.00330397e-01,6.688693,-5.29980473e-02,2.63828027e-03
0.490000,1.07777363e-01,1.00277363e-01,6.685158,-5.30343108e-02,2.64107764e-03
0.491000,1.07724304e-01,1.00224304e-01,6.681620,-5.30584489e-02,2.65226299e-03
0.492000,1.07671225e-01,1.00171225e-01,6.678082,-5.30796904e-02,2.64709751e-03
0.493000,1.07618126e-01,1.00118126e-01,6.674542,-5.30981718e-02,2.65879282e-03
0.494000,1.07565010e-01,1.00065010e-01,6.671001,-5.31162815e-02,2.69593479e-03
0.495000,1.07511886e-01,1.00011886e-01,6.667459,-5.31239822e-02,2.67199426e-03
0.496000,1.07458762e-01,9.99587620e-02,6.663917,-5.31237185e-02,2.64284461e-03
0.497000,1.07405626e-01,9.99056260e-02,6.660375,-5.31364720e-02,2.63831757e-03
0.498000,1.07352466e-01,9.98524660e-02,6.656831,-5.31595992e-02,2.62832040e-03
0.499000,1.07299280e-01,9.97992800e-02,6.653285,-5.31859811e-02,2.63337669e-03
0.500000,1.07246066e-01,9.97460660e-02,6.649738,-5.32147520e-02,2.62691451e-03
0.501000,1.07192823e-01,9.96928230e-02,6.646188,-5.32430052e-02,2.64084385e-03
0.502000,1.07139552e-01,9.96395520e-02,6.642637,-5.32709173e-02,2.64601044e-03
0.503000,1.07086258e-01,9.95862580e-02,6.639084,-5.32933412e-02,2.68221420e-03
0.504000,1.07032951e-01,9.95329510e-02,6.635530,-5.33076661e-02,2.68268050e-03
0.505000,1.06979641e-01,9.94796410e-02,6.631976,-5.33100187e-02,2.67076817e-03
0.506000,1.06926326e-01,9.94263260e-02,6.628422,-5.33143247e-02,2.65242874e-03
0.507000,1.06873001e-01,9.93730010e-02,6.624867,-5.33257861e-02,2.65163201e-03
0.508000,1.06819657e-01,9.93196570e-02,6.621310,-5.33434112e-02,2.64350567e-03
0.509000,1.06766294e-01,9.92662940e-02,6.617753,-5.33627351e-02,2.61158863e-03
0.510000,1.06712904e-01,9.92129040e-02,6.614194,-5.33903719e-02,2.64809877e-03
0.511000,1.06659482e-01,9.91594820e-02,6.610632,-5.34220344e-02,2.64885265e-03
0.512000,1.06606040e-01,9.91060400e-02,6.607069,-5.34415731e-02,2.64586922e-03
0.513000,1.06552579e-01,9.90525790e-02,6.603505,-5.34613918e-02,2.65893196e-03
0.514000,1.06499099e-01,9.89990990e-02,6.599940,-5.34798803e-02,2.65993672e-03
0.515000,1.06445605e-01,9.89456050e-02,6.596374,-5.34939011e-02,2.69908162e-03
0.516000,1.06392105e-01,9.88921050e-02,6.592807,-5.35006695e-02,2.67010604e-03
0.517000,1.06338605e-01,9.88386050e-02,6.589240,-5.34997063e-02,2.66078054e-03
0.518000,1.06285095e-01,9.87850950e-02,6.585673,-5.35099081e-02,2.64158718e-03
0.519000,1.06231568e-01,9.87315680e-02,6.582105,-5.35265667e-02,2.61481691e-03
0.520000,1.06178014e-01,9.86780140e-02,6.578534,-5.35542628e-02,2.63564777e-03
0.521000,1.06124427e-01,9.86244270e-02,6.574962,-5.35870668e-02,2.63672360e-03
0.522000,1.06070814e-01,9.85708140e-02,6.571388,-5.36128395e-02,2.64794787e-03
0.523000,1.06017178e-01,9.85171780e-02,6.567812,-5.36362740e-02,2.64450466e-03
0.524000,1.05963521e-01,9.84635210e-02,6.564235,-5.36566311e-02,2.67708816e-03
0.525000,1.05909849e-01,9.84098490e-02,6.560657,-5.36723570e-02,2.70769479e-03
0.526000,1.05856177e-01,9.83561770e-02,6.557078,-5.36719695e-02,2.66454560e-03
0.527000,1.05802508e-01,9.83025080e-02,6.553501,-5.36691609e-02,2.65734627e-03
0.528000,1.05748826e-01,9.82488260e-02,6.549922,-5.36817962e-02,2.64324347e-03
0.529000,1.05695127e-01,9.81951270e-02,6.546342,-5.36992898e-02,2.64896864e-03
0.530000,1.05641406e-01,9.81414060e-02,6.542760,-5.37204025e-02,2.62539396e-03
0.531000,1.05587663e-01,9.80876630e-02,6.539178,-5.37438039e-02,2.63791741e-03
0.532000,1.05533890e-01,9.80338900e-02,6.535593,-5.37727329e-02,2.64571785e-03
0.533000,1.05480094e-01,9.79800940e-02,6.532006,-5.37961697e-02,2.65212572e-03
0.534000,1.05426278e-01,9.79262780e-02,6.528419,-5.38159115e-02,2.68517288e-03
0.535000,1.05372450e-01,9.78724500e-02,6.524830,-5.38277048e-02,2.65862940e-03
0.536000,1.05318617e-01,9.78186170e-02,6.521241,-5.38333389e-02,2.68442341e-03
0.537000,1.05264774e-01,9.77647740e-02,6.517652,-5.38431289e-02,2.66678913e-03
0.538000,1.05210926e-01,9.77109260e-02,6.514062,-5.38475661e-02,2.66815257e-03
0.539000,1.05157068e-01,9.76570680e-02,6.510471,-5.38575537e-02,2.64779616e-03
0.540000,1.05103198e-01,9.76031980e-02,6.506880,-5.38706932e-02,2.60910536e-03
0.541000,1.05049300e-01,9.75493000e-02,6.503287,-5.38973601e-02,2.64087236e-03
0.542000,1.04995369e-01,9.74953690e-02,6.499691,-5.39311160e-02,2.65108834e-03
0.543000,1.04941417e-01,9.74414170e-02,6.496094,-5.39526326e-02,2.66039785e-03
0.544000,1.04887447e-01,9.73874470e-02,6.492496,-5.39691479e-02,2.66664801e-03
0.545000,1.04833466e-01,9.73334660e-02,6.488898,-5.39815004e-02,2.67108899e-03
0.546000,1.04779475e-01,9.72794750e-02,6.485298,-5.39910150e-02,2.70082192e-03
0.547000,1.04725481e-01,9.72254810e-02,6.481699,-5.39938132e-02,2.66753406e-03
0.548000,1.04671488e-01,9.71714880e-02,6.478099,-5.39927332e-02,2.66699468e-03
0.549000,1.04617486e-01,9.71174860e-02,6.474499,-5.40026808e-02,2.65258409e-03
0.550000,1.04563470e-01,9.70634700e-02,6.470898,-5.40153539e-02,2.61607882e-03
0.551000,1.04509431e-01,9.70094310e-02,6.467295,-5.40392152e-02,2.64334674e-03
0.552000,1.04455361e-01,9.69553610e-02,6.463691,-5.40702434e-02,2.64274457e-03
0.553000,1.04401268e-01,9.69012680e-02,6.460085,-5.40924229e-02,2.65875452e-03
0.554000,1.04347157e-01,9.68471570e-02,6.456477,-5.41119689e-02,2.64721444e-03
0.555000,1.04293028e-01,9.67930280e-02,6.452869,-5.41282978e-02,2.66657762e-03
0.556000,1.04238883e-01,9.67388830e-02,6.449259,-5.41449924e-02,2.70464407e-03
0.557000,1.04184735e-01,9.66847350e-02,6.445649,-5.41485963e-02,2.67695476e-03
0.558000,1.04130590e-01,9.66305900e-02,6.442039,-5.41445951e-02,2.66604129e-03
0.559000,1.04076438e-01,9.65764380e-02,6.438429,-5.41516174e-02,2.65280519e-03
0.560000,1.04022274e-01,9.65222740e-02,6.434818,-5.41645646e-02,2.63418666e-03
0.561000,1.03968089e-01,9.64680890e-02,6.431206,-5.41851511e-02,2.63841829e-03
0.562000,1.03913878e-01,9.64138780e-02,6.427592,-5.42111039e-02,2.63241666e-03
0.563000,1.03859641e-01,9.63596410e-02,6.423976,-5.42367283e-02,2.65083247e-03
0.564000,1.03805380e-01,9.63053800e-02,6.420359,-5.42610671e-02,2.65574218e-03
0.565000,1.03751101e-01,9.62511010e-02,6.416740,-5.42784897e-02,2.69290293e-03
0.566000,1.03696814e-01,9.61968140e-02,6.413121,-5.42877284e-02,2.68628336e-03
0.567000,1.03642528e-01,9.61425280e-02,6.409502,-5.42859335e-02,2.67492037e-03
0.568000,1.03588239e-01,9.60882390e-02,6.405883,-5.42883220e-02,2.66913699e-03
0.569000,1.03533944e-01,9.60339440e-02,6.402263,-5.42954650e-02,2.65654101e-03
0.570000,1.03479637e-01,9.59796370e-02,6.398642,-5.43067348e-02,2.65193240e-03
0.571000,1.03425314e-01,9.59253140e-02,6.395021,-5.43229563e-02,2.61444068e-03
0.572000,1.03370967e-01,9.58709670e-02,6.391398,-5.43473214e-02,2.64811598e-03
0.573000,1.03316589e-01,9.58165890e-02,6.387773,-5.43780441e-02,2.66689867e-03
0.574000,1.03262194e-01,9.57621940e-02,6.384146,-5.43943859e-02,2.65590778e-03
0.575000,1.03207788e-01,9.57077880e-02,6.380519,-5.44065028e-02,2.67815276e-03
0.576000,1.03153370e-01,9.56533700e-02,6.376891,-5.44182955e-02,2.66201382e-03
0.577000,1.03098944e-01,9.55989440e-02,6.373263,-5.44256366e-02,2.69669227e-03
0.578000,1.03044512e-01,9.55445120e-02,6.369634,-5.44321455e-02,2.67269454e-03
0.579000,1.02990080e-01,9.54900800e-02,6.366005,-5.44315091e-02,2.67521119e-03
0.580000,1.02935642e-01,9.54356420e-02,6.362376,-5.44383090e-02,2.65842681e-03
0.581000,1.02881195e-01,9.53811950e-02,6.358746,-5.44472505e-02,2.60718828e-03
0.582000,1.02826724e-01,9.53267240e-02,6.355115,-5.44707651e-02,2.64059623e-03
0.583000,1.02772219e-01,9.52722190e-02,6.351481,-5.45051995e-02,2.65590824e-03
0.584000,1.02717693e-01,9.52176930e-02,6.347846,-5.45259544e-02,2.66493676e-03
0.585000,1.02663153e-01,9.51631530e-02,6.344210,-5.45400840e-02,2.66993893e-03
0.586000,1.02608602e-01,9.51086020e-02,6.340573,-5.45503640e-02,2.67646177e-03
0.587000,1.02554045e-01,9.50540450e-02,6.336936,-5.45578477e-02,2.70610084e-03
0.588000,1.02499487e-01,9.49994870e-02,6.333299,-5.45579478e-02,2.67191043e-03
0.589000,1.02444932e-01,9.49449320e-02,6.329662,-5.45543602e-02,2.66938915e-03
0.590000,1.02390370e-01,9.48903700e-02,6.326025,-5.45624472e-02,2.65414872e-03
0.591000,1.02335796e-01,9.48357960e-02,6.322386,-5.45740572e-02,2.62339129e-03
0.592000,1.02281200e-01,9.47812000e-02,6.318747,-5.45961116e-02,2.65075541e-03
0.593000,1.02226576e-01,9.47265760e-02,6.315105,-5.46234281e-02,2.65296061e-03
0.594000,1.02171935e-01,9.46719350e-02,6.311462,-5.46413678e-02,2.66079704e-03
0.595000,1.02117278e-01,9.46172780e-02,6.307819,-5.46571976e-02,2.65171844e-03
0.596000,1.02062606e-01,9.45626060e-02,6.304174,-5.46720592e-02,2.67692236e-03
0.597000,1.02007920e-01,9.45079200e-02,6.300528,-5.46854453e-02,2.71382952e-03
0.598000,1.01953236e-01,9.44532360e-02,6.296882,-5.46840274e-02,2.68246376e-03
0.599000,1.01898560e-01,9.43985600e-02,6.293237,-5.46760354e-02,2.66083264e-03
0.600000,1.01843878e-01,9.43438780e-02,6.289592,-5.46821696e-02,2.65090462e-03
0.601000,1.01789181e-01,9.42891810e-02,6.285945,-5.46971634e-02,2.62828559e-03
0.602000,1.01734461e-01,9.42344610e-02,6.282297,-5.47194176e-02,2.65036971e-03
0.603000,1.01679716e-01,9.41797160e-02,6.278648,-5.47451950e-02,2.64113890e-03
0.604000,1.01624951e-01,9.41249510e-02,6.274997,-5.47653520e-02,2.65797650e-03
0.605000,1.01570165e-01,9.40701650e-02,6.271344,-5.47855629e-02,2.66224142e-03
0.606000,1.01515366e-01,9.40153660e-02,6.267691,-5.47994899e-02,2.67788933e-03
0.607000,1.01460556e-01,9.39605560e-02,6.264037,-5.48092491e-02,2.71752024e-03
0.608000,1.01405750e-01,9.39057500e-02,6.260383,-5.48068611e-02,2.67892459e-03
0.609000,1.01350951e-01,9.38509510e-02,6.256730,-5.47982828e-02,2.66687416e-03
0.610000,1.01296147e-01,9.37961470e-02,6.253076,-5.48045109e-02,2.65543754e-03
0.611000,1.01241330e-01,9.37413300e-02,6.249422,-5.48167190e-02,2.64957574e-03
0.612000,1.01186496e-01,9.36864960e-02,6.245766,-5.48337197e-02,2.64674741e-03
0.613000,1.01131643e-01,9.36316430e-02,6.242110,-5.48531456e-02,2.64780227e-03
0.614000,1.01076770e-01,9.35767700e-02,6.238451,-5.48733138e-02,2.65658065e-03
0.615000,1.01021878e-01,9.35218780e-02,6.234792,-5.48915833e-02,2.64694520e-03
0.616000,1.00966970e-01,9.34669700e-02,6.231131,-5.49086737e-02,2.68455336e-03
0.617000,1.00912047e-01,9.34120470e-02,6.227470,-5.49222779e-02,2.70960006e-03
0.618000,1.00857128e-01,9.33571280e-02,6.223809,-5.49191019e-02,2.67438681e-03
0.619000,1.00802214e-01,9.33022140e-02,6.220148,-5.49139272e-02,2.67407624e-03
0.620000,1.00747294e-01,9.32472940e-02,6.216486,-5.49203720e-02,2.66338334e-03
0.621000,1.00692365e-01,9.31923650e-02,6.212824,-5.49288097e-02,2.65056487e-03
0.622000,1.00637422e-01,9.31374220e-02,6.209161,-5.49430259e-02,2.63808547e-03
0.623000,1.00582458e-01,9.30824580e-02,6.205497,-5.49636587e-02,2.63838861e-03
0.624000,1.00527470e-01,9.30274700e-02,6.201831,-5.49883364e-02,2.65722992e-03
0.625000,1.00472461e-01,9.29724610e-02,6.198164,-5.50095826e-02,2.66180507e-03
0.626000,1.00417437e-01,9.29174370e-02,6.194496,-5.50238319e-02,2.69967885e-03
0.627000,1.00362407e-01,9.28624070e-02,6.190827,-5.50298812e-02,2.69104758e-03
0.628000,1.00307382e-01,9.28073820e-02,6.187159,-5.50250185e-02,2.68063310e-03
0.629000,1.00252357e-01,9.27523570e-02,6.183490,-5.50248322e-02,2.67477343e-03
0.630000,1.00197328e-01,9.26973280e-02,6.179822,-5.50291023e-02,2.66164459e-03
0.631000,1.00142290e-01,9.26422900e-02,6.176153,-5.50376185e-02,2.65761544e-03
0.632000,1.00087239e-01,9.25872390e-02,6.172483,-5.50511589e-02,2.63331031e-03
0.633000,1.00032169e-01,9.25321690e-02,6.168811,-5.50703207e-02,2.64870309e-03
0.634000,9.99770741e-02,9.24770741e-02,6.165138,-5.50947426e-02,2.65806357e-03
0.635000,9.99219616e-02,9.24219616e-02,6.161464,-5.51124539e-02,2.66682851e-03
0.636000,9.98668361e-02,9.23668361e-02,6.157789,-5.51255412e-02,2.69288124e-03
0.637000,9.98117049e-02,9.23117049e-02,6.154114,-5.51311428e-02,2.67958157e-03
0.638000,9.97565744e-02,9.22565744e-02,6.150438,-5.51305401e-02,2.68764679e-03
0.639000,9.97014415e-02,9.22014415e-02,6.146763,-5.51328791e-02,2.68027897e-03
0.640000,9.96463076e-02,9.21463076e-02,6.143087,-5.51338722e-02,2.67242578e-03
0.641000,9.95911690e-02,9.20911690e-02,6.139411,-5.51386738e-02,2.65005249e-03
0.642000,9.95360189e-02,9.20360189e-02,6.135735,-5.51500109e-02,2.61883106e-03
0.643000,9.94808447e-02,9.19808447e-02,6.132056,-5.51742170e-02,2.65015196e-03
0.644000,9.94256416e-02,9.19256416e-02,6.128376,-5.52031378e-02,2.66883627e-03
0.645000,9.93704231e-02,9.18704231e-02,6.124695,-5.52184683e-02,2.66484453e-03
0.646000,9.93151947e-02,9.18151947e-02,6.121013,-5.52283685e-02,2.69694846e-03
0.647000,9.92599608e-02,9.17599608e-02,6.117331,-5.52339024e-02,2.68145288e-03
0.648000,9.92047292e-02,9.17047292e-02,6.113649,-5.52316332e-02,2.69663125e-03
0.649000,9.91494974e-02,9.16494974e-02,6.109966,-5.52317687e-02,2.67585740e-03
0.650000,9.90942669e-02,9.15942669e-02,6.106284,-5.52305931e-02,2.66684148e-03
0.651000,9.90390290e-02,9.15390290e-02,6.102602,-5.52378344e-02,2.65813304e-03
0.652000,9.89837794e-02,9.14837794e-02,6.098919,-5.52495765e-02,2.62177137e-03
0.653000,9.89285088e-02,9.14285088e-02,6.095234,-5.52706088e-02,2.66240700e-03
0.654000,9.88732124e-02,9.13732124e-02,6.091547,-5.52963969e-02,2.67580826e-03
0.655000,9.88179060e-02,9.13179060e-02,6.087860,-5.53064697e-02,2.65966413e-03
0.656000,9.87625910e-02,9.12625910e-02,6.084173,-5.53149963e-02,2.68514705e-03
0.657000,9.87072666e-02,9.12072666e-02,6.080484,-5.53243185e-02,2.66580473e-03
0.658000,9.86519380e-02,9.11519380e-02,6.076796,-5.53286922e-02,2.70388860e-03
0.659000,9.85966053e-02,9.10966053e-02,6.073107,-5.53326834e-02,2.68521757e-03
0.660000,9.85412778e-02,9.10412778e-02,6.069419,-5.53274692e-02,2.67421502e-03
0.661000,9.84859475e-02,9.09859475e-02,6.065730,-5.53303324e-02,2.64968311e-03
0.662000,9.84306063e-02,9.09306063e-02,6.062040,-5.53411473e-02,2.62150086e-03
0.663000,9.83752413e-02,9.08752413e-02,6.058349,-5.53650025e-02,2.66047201e-03
0.664000,9.83198501e-02,9.08198501e-02,6.054657,-5.53912216e-02,2.66362202e-03
0.665000,9.82644460e-02,9.07644460e-02,6.050963,-5.54040849e-02,2.66341849e-03
0.666000,9.82090301e-02,9.07090301e-02,6.047269,-5.54159497e-02,2.69463850e-03
0.667000,9.81536077e-02,9.06536077e-02,6.043574,-5.54223605e-02,2.68266068e-03
0.668000,9.80981871e-02,9.05981871e-02,6.039879,-5.54206362e-02,2.70756134e-03
0.669000,9.80427686e-02,9.05427686e-02,6.036185,-5.54184423e-02,2.67937535e-03
0.670000,9.79873556e-02,9.04873556e-02,6.032490,-5.54130550e-02,2.67456107e-03
0.671000,9.79319378e-02,9.04319378e-02,6.028796,-5.54177757e-02,2.65936489e-03
0.672000,9.78765110e-02,9.03765110e-02,6.025101,-5.54267648e-02,2.62002220e-03
0.673000,9.78210633e-02,9.03210633e-02,6.021404,-5.54477019e-02,2.66016329e-03
0.674000,9.77655889e-02,9.02655889e-02,6.017706,-5.54744611e-02,2.66379069e-03
0.675000,9.77101015e-02,9.02101015e-02,6.014007,-5.54873960e-02,2.66875973e-03
0.676000,9.76546032e-02,9.01546032e-02,6.010307,-5.54982609e-02,2.68285683e-03
0.677000,9.75990982e-02,9.00990982e-02,6.006607,-5.55050010e-02,2.67199939e-03
0.678000,9.75435892e-02,9.00435892e-02,6.002906,-5.55090313e-02,2.70827024e-03
0.679000,9.74880790e-02,8.99880790e-02,5.999205,-5.55102133e-02,2.68135984e-03
0.680000,9.74325747e-02,8.99325747e-02,5.995505,-5.55042423e-02,2.68299866e-03
0.681000,9.73770679e-02,8.98770679e-02,5.991805,-5.55068192e-02,2.66648673e-03
0.682000,9.73215561e-02,8.98215561e-02,5.988104,-5.55117778e-02,2.61323172e-03
0.683000,9.72660246e-02,8.97660246e-02,5.984402,-5.55315768e-02,2.65428467e-03
0.684000,9.72104629e-02,8.97104629e-02,5.980698,-5.55616057e-02,2.65790296e-03
0.685000,9.71548854e-02,8.96548854e-02,5.976992,-5.55775124e-02,2.67222996e-03
0.686000,9.70992957e-02,8.95992957e-02,5.973286,-5.55896973e-02,2.69267015e-03
0.687000,9.70437022e-02,8.95437022e-02,5.969580,-5.55935623e-02,2.68057520e-03
0.688000,9.69881093e-02,8.94881093e-02,5.965874,-5.55928532e-02,2.71193582e-03
0.689000,9.69325187e-02,8.94325187e-02,5.962168,-5.55905706e-02,2.67467832e-03
0.690000,9.68769342e-02,8.93769342e-02,5.958462,-5.55845773e-02,2.68044782e-03
0.691000,9.68213444e-02,8.93213444e-02,5.954756,-5.55897996e-02,2.66446041e-03
0.692000,9.67657484e-02,8.92657484e-02,5.951050,-5.55959543e-02,2.61933265e-03
0.693000,9.67101331e-02,8.92101331e-02,5.947342,-5.56153399e-02,2.66049575e-03
0.694000,9.66544908e-02,8.91544908e-02,5.943633,-5.56422668e-02,2.67059254e-03
0.695000,9.65988369e-02,8.90988369e-02,5.939922,-5.56538897e-02,2.66366907e-03
0.696000,9.65431735e-02,8.90431735e-02,5.936212,-5.56634209e-02,2.68687274e-03
0.697000,9.64875024e-02,8.89875024e-02,5.932500,-5.56711227e-02,2.66937998e-03
0.698000,9.64318281e-02,8.89318281e-02,5.928789,-5.56742974e-02,2.71111404e-03
0.699000,9.63761522e-02,8.88761522e-02,5.925077,-5.56758368e-02,2.68713160e-03
0.700000,9.63204843e-02,8.88204843e-02,5.921366,-5.56679111e-02,2.67883690e-03
0.701000,9.62648150e-02,8.87648150e-02,5.917654,-5.56693284e-02,2.65807208e-03
0.702000,9.62091379e-02,8.87091379e-02,5.913943,-5.56771419e-02,2.61899817e-03
0.703000,9.61534392e-02,8.86534392e-02,5.910229,-5.56986846e-02,2.66118998e-03
0.704000,9.60977136e-02,8.85977136e-02,5.906514,-5.57255986e-02,2.66283194e-03
0.705000,9.60419752e-02,8.85419752e-02,5.902798,-5.57383659e-02,2.66784867e-03
0.706000,9.59862255e-02,8.84862255e-02,5.899082,-5.57497067e-02,2.69803456e-03
0.707000,9.59304714e-02,8.84304714e-02,5.895365,-5.57540620e-02,2.68335447e-03
0.708000,9.58747203e-02,8.83747203e-02,5.891648,-5.57510997e-02,2.70774249e-03
0.709000,9.58189717e-02,8.83189717e-02,5.887931,-5.57486459e-02,2.68233309e-03
0.710000,9.57632290e-02,8.82632290e-02,5.884215,-5.57426761e-02,2.67280602e-03
0.711000,9.57074823e-02,8.82074823e-02,5.880499,-5.57467358e-02,2.65309249e-03
0.712000,9.56517249e-02,8.81517249e-02,5.876782,-5.57574105e-02,2.62613091e-03
0.713000,9.55959455e-02,8.80959455e-02,5.873063,-5.57793272e-02,2.66871309e-03
0.714000,9.55401430e-02,8.80401430e-02,5.869343,-5.58025684e-02,2.68010408e-03
0.715000,9.54843332e-02,8.79843332e-02,5.865622,-5.58098105e-02,2.66086262e-03
0.716000,9.54285165e-02,8.79285165e-02,5.861901,-5.58167144e-02,2.69133306e-03
0.717000,9.53726919e-02,8.78726919e-02,5.858179,-5.58245490e-02,2.66970124e-03
0.718000,9.53168657e-02,8.78168657e-02,5.854458,-5.58262021e-02,2.70614505e-03
0.719000,9.52610372e-02,8.77610372e-02,5.850736,-5.58285147e-02,2.68995159e-03
0.720000,9.52052155e-02,8.77052155e-02,5.847014,-5.58217222e-02,2.67723341e-03
0.721000,9.51493930e-02,8.76493930e-02,5.843293,-5.58224969e-02,2.65553183e-03
0.722000,9.50935617e-02,8.75935617e-02,5.839571,-5.58312862e-02,2.62058542e-03
0.723000,9.50377083e-02,8.75377083e-02,5.835847,-5.58533825e-02,2.65840427e-03
0.724000,9.49818280e-02,8.74818280e-02,5.832122,-5.58802679e-02,2.67711731e-03
0.725000,9.49259366e-02,8.74259366e-02,5.828396,-5.58914238e-02,2.66872480e-03
0.726000,9.48700387e-02,8.73700387e-02,5.824669,-5.58979182e-02,2.70101621e-03
0.727000,9.48141372e-02,8.73141372e-02,5.820942,-5.59014585e-02,2.69017772e-03
0.728000,9.47582409e-02,8.72582409e-02,5.817216,-5.58963104e-02,2.69937432e-03
0.729000,9.47023478e-02,8.72023478e-02,5.813490,-5.58930955e-02,2.68638251e-03
0.730000,9.46464587e-02,8.71464587e-02,5.809764,-5.58891578e-02,2.66989834e-03
0.731000,9.45905663e-02,8.70905663e-02,5.806038,-5.58924018e-02,2.65814961e-03
0.732000,9.45346631e-02,8.70346631e-02,5.802311,-5.59031371e-02,2.62567580e-03
0.733000,9.44787397e-02,8.69787397e-02,5.798583,-5.59234735e-02,2.66267582e-03
0.734000,9.44227917e-02,8.69227917e-02,5.794853,-5.59479318e-02,2.67468092e-03
0.735000,9.43668336e-02,8.68668336e-02,5.791122,-5.59581157e-02,2.67179300e-03
0.736000,9.43108687e-02,8.68108687e-02,5.787391,-5.59648677e-02,2.69550750e-03
0.737000,9.42549004e-02,8.67549004e-02,5.783660,-5.59683744e-02,2.68813278e-03
0.738000,9.41989350e-02,8.66989350e-02,5.779929,-5.59653971e-02,2.69303044e-03
0.739000,9.41429710e-02,8.66429710e-02,5.776198,-5.59639757e-02,2.68624241e-03
0.740000,9.40870088e-02,8.65870088e-02,5.772467,-5.59621462e-02,2.67141582e-03
0.741000,9.40310437e-02,8.65310437e-02,5.768736,-5.59651678e-02,2.66013530e-03
0.742000,9.39750686e-02,8.64750686e-02,5.765005,-5.59750537e-02,2.63195111e-03
0.743000,9.39190750e-02,8.64190750e-02,5.761272,-5.59936282e-02,2.65307355e-03
0.744000,9.38630573e-02,8.63630573e-02,5.757537,-5.60177236e-02,2.66601672e-03
0.745000,9.38070247e-02,8.63070247e-02,5.753802,-5.60325932e-02,2.67262253e-03
0.746000,9.37509826e-02,8.62509826e-02,5.750066,-5.60420439e-02,2.71200719e-03
0.747000,9.36949403e-02,8.61949403e-02,5.746329,-5.60423605e-02,2.69681596e-03
0.748000,9.36389078e-02,8.61389078e-02,5.742594,-5.60324289e-02,2.68725916e-03
0.749000,9.35828787e-02,8.60828787e-02,5.738859,-5.60291764e-02,2.68157574e-03
0.750000,9.35268486e-02,8.60268486e-02,5.735123,-5.60300675e-02,2.67274437e-03
0.751000,9.34708142e-02,8.59708142e-02,5.731388,-5.60343868e-02,2.66640935e-03
0.752000,9.34147715e-02,8.59147715e-02,5.727651,-5.60427268e-02,2.65311451e-03
0.753000,9.33587160e-02,8.58587160e-02,5.723914,-5.60554984e-02,2.64431092e-03
0.754000,9.33026418e-02,8.58026418e-02,5.720176,-5.60741929e-02,2.66402588e-03
0.755000,9.32465495e-02,8.57465495e-02,5.716437,-5.60922924e-02,2.66486509e-03
0.756000,9.31904457e-02,8.56904457e-02,5.712696,-5.61037688e-02,2.70392914e-03
0.757000,9.31343377e-02,8.56343377e-02,5.708956,-5.61080615e-02,2.71337955e-03
0.758000,9.30782398e-02,8.55782398e-02,5.705216,-5.60978538e-02,2.68482262e-03
0.759000,9.30221502e-02,8.55221502e-02,5.701477,-5.60895924e-02,2.68194710e-03
0.760000,9.29660590e-02,8.54660590e-02,5.697737,-5.60912180e-02,2.67436671e-03
0.761000,9.29099639e-02,8.54099639e-02,5.693998,-5.60951285e-02,2.65121540e-03
0.762000,9.28538583e-02,8.53538583e-02,5.690257,-5.61056226e-02,2.65188546e-03
0.763000,9.27977347e-02,8.52977347e-02,5.686516,-5.61236014e-02,2.65264889e-03
0.764000,9.27415934e-02,8.52415934e-02,5.682773,-5.61412251e-02,2.66507453e-03
0.765000,9.26854370e-02,8.51854370e-02,5.679029,-5.61564008e-02,2.66626441e-03
0.766000,9.26292698e-02,8.51292698e-02,5.675285,-5.61672853e-02,2.70098698e-03
0.767000,9.25730981e-02,8.50730981e-02,5.671540,-5.61716388e-02,2.72928352e-03
0.768000,9.25169385e-02,8.50169385e-02,5.667796,-5.61595849e-02,2.68883386e-03
0.769000,9.24607931e-02,8.49607931e-02,5.664053,-5.61453910e-02,2.67382205e-03
0.770000,9.24046460e-02,8.49046460e-02,5.660310,-5.61471361e-02,2.66098705e-03
0.771000,9.23484899e-02,8.48484899e-02,5.656566,-5.61560811e-02,2.65593400e-03
0.772000,9.22923198e-02,8.47923198e-02,5.652821,-5.61701348e-02,2.66810181e-03
0.773000,9.22361361e-02,8.47361361e-02,5.649076,-5.61836963e-02,2.65590401e-03
0.774000,9.21799407e-02,8.46799407e-02,5.645329,-5.61954187e-02,2.67069476e-03
0.775000,9.21237321e-02,8.46237321e-02,5.641582,-5.62085315e-02,2.66370245e-03
0.776000,9.20675141e-02,8.45675141e-02,5.637834,-5.62180233e-02,2.69104626e-03
0.777000,9.20112891e-02,8.45112891e-02,5.634086,-5.62249760e-02,2.73080491e-03
0.778000,9.19550732e-02,8.44550732e-02,5.630338,-5.62159178e-02,2.69747764e-03
0.779000,9.18988735e-02,8.43988735e-02,5.626592,-5.61996957e-02,2.67294209e-03
0.780000,9.18426748e-02,8.43426748e-02,5.622845,-5.61987577e-02,2.66129586e-03
0.781000,9.17864668e-02,8.42864668e-02,5.619098,-5.62079370e-02,2.63963601e-03
0.782000,9.17302421e-02,8.42302421e-02,5.615349,-5.62247714e-02,2.65942066e-03
0.783000,9.16739968e-02,8.41739968e-02,5.611600,-5.62452206e-02,2.66374934e-03
0.784000,9.16177384e-02,8.41177384e-02,5.607849,-5.62584067e-02,2.66646770e-03
0.785000,9.15614687e-02,8.40614687e-02,5.604098,-5.62696904e-02,2.67924648e-03
0.786000,9.15051909e-02,8.40051909e-02,5.600346,-5.62778217e-02,2.70024567e-03
0.787000,9.14489129e-02,8.39489129e-02,5.596594,-5.62780427e-02,2.72739575e-03
0.788000,9.13926463e-02,8.38926463e-02,5.592843,-5.62665661e-02,2.68368323e-03
0.789000,9.13363924e-02,8.38363924e-02,5.589093,-5.62539031e-02,2.68191169e-03
0.790000,9.12801365e-02,8.37801365e-02,5.585342,-5.62559091e-02,2.66821478e-03
0.791000,9.12238756e-02,8.37238756e-02,5.581592,-5.62609192e-02,2.63504828e-03
0.792000,9.11675993e-02,8.36675993e-02,5.577840,-5.62762926e-02,2.66801065e-03
0.793000,9.11113026e-02,8.36113026e-02,5.574087,-5.62967294e-02,2.66125736e-03
0.794000,9.10549950e-02,8.35549950e-02,5.570333,-5.63075351e-02,2.67636069e-03
0.795000,9.09986771e-02,8.34986771e-02,5.566578,-5.63178878e-02,2.68139587e-03
0.796000,9.09423547e-02,8.34423547e-02,5.562824,-5.63223899e-02,2.67889620e-03
0.797000,9.08860291e-02,8.33860291e-02,5.559069,-5.63256805e-02,2.72450709e-03
0.798000,9.08297073e-02,8.33297073e-02,5.555314,-5.63217262e-02,2.68924589e-03
0.799000,9.07733983e-02,8.32733983e-02,5.551560,-5.63090281e-02,2.68418818e-03
0.800000,9.07170895e-02,8.32170895e-02,5.547806,-5.63088048e-02,2.66314997e-03
0.801000,9.06607755e-02,8.31607755e-02,5.544052,-5.63139628e-02,2.62590819e-03
0.802000,9.06044429e-02,8.31044429e-02,5.540296,-5.63326160e-02,2.65844364e-03
0.803000,9.05480852e-02,8.30480852e-02,5.536539,-5.63577463e-02,2.66969321e-03
0.804000,9.04917150e-02,8.29917150e-02,5.532781,-5.63702021e-02,2.67565995e-03
0.805000,9.04353371e-02,8.29353371e-02,5.529022,-5.63779083e-02,2.68734604e-03
0.806000,9.03789555e-02,8.28789555e-02,5.525264,-5.63815884e-02,2.68964135e-03
0.807000,9.03225745e-02,8.28225745e-02,5.521505,-5.63810246e-02,2.72256489e-03
0.808000,9.02662006e-02,8.27662006e-02,5.517747,-5.63738849e-02,2.68483532e-03
0.809000,9.02098380e-02,8.27098380e-02,5.513989,-5.63626047e-02,2.67831948e-03
0.810000,9.01534731e-02,8.26534731e-02,5.510232,-5.63648676e-02,2.65717705e-03
0.811000,9.00971001e-02,8.25971001e-02,5.506473,-5.63730093e-02,2.63194448e-03
0.812000,9.00407075e-02,8.25407075e-02,5.502714,-5.63925566e-02,2.67232107e-03
0.813000,8.99842943e-02,8.24842943e-02,5.498953,-5.64132504e-02,2.68495999e-03
0.814000,8.99278758e-02,8.24278758e-02,5.495192,-5.64184490e-02,2.66594819e-03
0.815000,8.98714530e-02,8.23714530e-02,5.491430,-5.64228587e-02,2.69668584e-03
0.816000,8.98150249e-02,8.23150249e-02,5.487668,-5.64280766e-02,2.68370242e-03
0.817000,8.97585994e-02,8.22585994e-02,5.483907,-5.64254958e-02,2.70449175e-03
0.818000,8.97021759e-02,8.22021759e-02,5.480145,-5.64235025e-02,2.69764756e-03
0.819000,8.96457600e-02,8.21457600e-02,5.476384,-5.64158921e-02,2.67734540e-03
0.820000,8.95893459e-02,8.20893459e-02,5.472623,-5.64141196e-02,2.65655681e-03
0.821000,8.95329232e-02,8.20329232e-02,5.468862,-5.64226908e-02,2.62736282e-03
0.822000,8.94764799e-02,8.19764799e-02,5.465099,-5.64432520e-02,2.66043537e-03
0.823000,8.94200124e-02,8.19200124e-02,5.461334,-5.64675524e-02,2.67323933e-03
0.824000,8.93635337e-02,8.18635337e-02,5.457569,-5.64787270e-02,2.67717136e-03
0.825000,8.93070487e-02,8.18070487e-02,5.453803,-5.64850013e-02,2.71338152e-03
0.826000,8.92505651e-02,8.17505651e-02,5.450038,-5.64835809e-02,2.69905726e-03
0.827000,8.91940923e-02,8.16940923e-02,5.446273,-5.64728017e-02,2.69091256e-03
0.828000,8.91376241e-02,8.16376241e-02,5.442508,-5.64681670e-02,2.68554341e-03
0.829000,8.90811570e-02,8.15811570e-02,5.438744,-5.64671566e-02,2.67705833e-03
0.830000,8.90246875e-02,8.15246875e-02,5.434979,-5.64694101e-02,2.66595115e-03
0.831000,8.89682111e-02,8.14682111e-02,5.431214,-5.64764143e-02,2.65725132e-03
0.832000,8.89117225e-02,8.14117225e-02,5.427448,-5.64886048e-02,2.65430697e-03
0.833000,8.88552184e-02,8.13552184e-02,5.423681,-5.65041731e-02,2.67148176e-03
0.834000,8.87987007e-02,8.12987007e-02,5.419913,-5.65176712e-02,2.66426813e-03
0.835000,8.87421739e-02,8.12421739e-02,5.416145,-5.65268045e-02,2.69912179e-03
0.836000,8.86856417e-02,8.11856417e-02,5.412376,-5.65321434e-02,2.72266685e-03
0.837000,8.86291199e-02,8.11291199e-02,5.408608,-5.65218721e-02,2.69631460e-03
0.838000,8.85726113e-02,8.10726113e-02,5.404841,-5.65085284e-02,2.68375868e-03
0.839000,8.85161053e-02,8.10161053e-02,5.401074,-5.65060596e-02,2.66222944e-03
0.840000,8.84595938e-02,8.09595938e-02,5.397306,-5.65115215e-02,2.65290157e-03
0.841000,8.84030681e-02,8.09030681e-02,5.393538,-5.65257034e-02,2.66653209e-03
0.842000,8.83465275e-02,8.08465275e-02,5.389768,-5.65405384e-02,2.65481672e-03
0.843000,8.82899745e-02,8.07899745e-02,5.385998,-5.65529686e-02,2.67001038e-03
0.844000,8.82334080e-02,8.07334080e-02,5.382227,-5.65665595e-02,2.68201310e-03
0.845000,8.81768349e-02,8.06768349e-02,5.378456,-5.65730380e-02,2.70746239e-03
0.846000,8.81202639e-02,8.06202639e-02,5.374684,-5.65710742e-02,2.74079787e-03
0.847000,8.80637090e-02,8.05637090e-02,5.370914,-5.65548575e-02,2.67839596e-03
0.848000,8.80071703e-02,8.05071703e-02,5.367145,-5.65387280e-02,2.67620576e-03
0.849000,8.79506268e-02,8.04506268e-02,5.363375,-5.65434796e-02,2.67466264e-03
0.850000,8.78940776e-02,8.03940776e-02,5.359605,-5.65492233e-02,2.64161646e-03
0.851000,8.78375163e-02,8.03375163e-02,5.355834,-5.65613176e-02,2.66609303e-03
0.852000,8.77809363e-02,8.02809363e-02,5.352062,-5.65799364e-02,2.66815682e-03
0.853000,8.77243462e-02,8.02243462e-02,5.348290,-5.65901518e-02,2.68037510e-03
0.854000,8.76677487e-02,8.01677487e-02,5.344517,-5.65975287e-02,2.67215991e-03
0.855000,8.76111463e-02,8.01111463e-02,5.340743,-5.66023458e-02,2.68902298e-03
0.856000,8.75545394e-02,8.00545394e-02,5.336969,-5.66068787e-02,2.72634497e-03
0.857000,8.74979402e-02,7.99979402e-02,5.333196,-5.65992736e-02,2.69398990e-03
0.858000,8.74413550e-02,7.99413550e-02,5.329424,-5.65851331e-02,2.68432060e-03
0.859000,8.73847717e-02,7.98847717e-02,5.325651,-5.65833283e-02,2.66600199e-03
0.860000,8.73281838e-02,7.98281838e-02,5.321879,-5.65879385e-02,2.63266105e-03
0.861000,8.72715793e-02,7.97715793e-02,5.318105,-5.66044608e-02,2.66185730e-03
0.862000,8.72149525e-02,7.97149525e-02,5.314330,-5.66267698e-02,2.67066733e-03
0.863000,8.71583146e-02,7.96583146e-02,5.310554,-5.66379322e-02,2.67899142e-03
0.864000,8.71016699e-02,7.96016699e-02,5.306778,-5.66447294e-02,2.68905140e-03
0.865000,8.70450228e-02,7.95450228e-02,5.303002,-5.66470137e-02,2.69325449e-03
0.866000,8.69883776e-02,7.94883776e-02,5.299225,-5.66452510e-02,2.72389326e-03
0.867000,8.69317409e-02,7.94317409e-02,5.295449,-5.66366898e-02,2.68931478e-03
0.868000,8.68751167e-02,7.93751167e-02,5.291674,-5.66241811e-02,2.67715349e-03
0.869000,8.68184915e-02,7.93184915e-02,5.287899,-5.66251792e-02,2.65643376e-03
0.870000,8.67618577e-02,7.92618577e-02,5.284124,-5.66338352e-02,2.63478586e-03
0.871000,8.67052046e-02,7.92052046e-02,5.280347,-5.66531241e-02,2.67633707e-03
0.872000,8.66485324e-02,7.91485324e-02,5.276569,-5.66721746e-02,2.68678167e-03
0.873000,8.65918567e-02,7.90918567e-02,5.272790,-5.66757321e-02,2.66772378e-03
0.874000,8.65351774e-02,7.90351774e-02,5.269012,-5.66792296e-02,2.69672168e-03
0.875000,8.64784936e-02,7.89784936e-02,5.265233,-5.66838580e-02,2.68854802e-03
0.876000,8.64218132e-02,7.89218132e-02,5.261454,-5.66804085e-02,2.70591312e-03
0.877000,8.63651366e-02,7.88651366e-02,5.257676,-5.66765726e-02,2.69537227e-03
0.878000,8.63084677e-02,7.88084677e-02,5.253898,-5.66688977e-02,2.67660089e-03
0.879000,8.62517997e-02,7.87517997e-02,5.250120,-5.66680041e-02,2.66281242e-03
0.880000,8.61951240e-02,7.86951240e-02,5.246342,-5.66757136e-02,2.64053561e-03
0.881000,8.61384321e-02,7.86384321e-02,5.242562,-5.66918909e-02,2.65880110e-03
0.882000,8.60817200e-02,7.85817200e-02,5.238781,-5.67121541e-02,2.67566862e-03
0.883000,8.60249965e-02,7.85249965e-02,5.235000,-5.67234359e-02,2.67499316e-03
0.884000,8.59682672e-02,7.84682672e-02,5.231218,-5.67292976e-02,2.71292306e-03
0.885000,8.59115385e-02,7.84115385e-02,5.227436,-5.67286736e-02,2.71977878e-03
0.886000,8.58548242e-02,7.83548242e-02,5.223655,-5.67143805e-02,2.69792561e-03
0.887000,8.57981225e-02,7.82981225e-02,5.219875,-5.67017004e-02,2.67801891e-03
0.888000,8.57414227e-02,7.82414227e-02,5.216095,-5.66997175e-02,2.67301556e-03
0.889000,8.56847176e-02,7.81847176e-02,5.212315,-5.67051570e-02,2.66787305e-03
0.890000,8.56280044e-02,7.81280044e-02,5.208534,-5.67131491e-02,2.66038671e-03
0.891000,8.55712803e-02,7.80712803e-02,5.204752,-5.67241539e-02,2.66236032e-03
0.892000,8.55145430e-02,7.80145430e-02,5.200970,-5.67372684e-02,2.67312477e-03
0.893000,8.54577952e-02,7.79577952e-02,5.197186,-5.67478311e-02,2.66903245e-03
0.894000,8.54010396e-02,7.79010396e-02,5.193403,-5.67555823e-02,2.69579629e-03
0.895000,8.53442797e-02,7.78442797e-02,5.189619,-5.67599446e-02,2.73549287e-03
0.896000,8.52875312e-02,7.77875312e-02,5.185835,-5.67484973e-02,2.70139434e-03
0.897000,8.52308011e-02,7.77308011e-02,5.182053,-5.67300431e-02,2.68345028e-03
0.898000,8.51740752e-02,7.76740752e-02,5.178272,-5.67259605e-02,2.66471545e-03
0.899000,8.51173441e-02,7.76173441e-02,5.174490,-5.67310840e-02,2.64000612e-03
0.900000,8.50605973e-02,7.75605973e-02,5.170706,-5.67467300e-02,2.66094687e-03
0.901000,8.50038306e-02,7.75038306e-02,5.166922,-5.67667877e-02,2.67186425e-03
0.902000,8.49470525e-02,7.74470525e-02,5.163137,-5.67780375e-02,2.67592610e-03
0.903000,8.48902675e-02,7.73902675e-02,5.159351,-5.67849836e-02,2.68843148e-03
0.904000,8.48334792e-02,7.73334792e-02,5.155565,-5.67883843e-02,2.69754753e-03
0.905000,8.47766931e-02,7.72766931e-02,5.151780,-5.67860659e-02,2.72548168e-03
0.906000,8.47199173e-02,7.72199173e-02,5.147994,-5.67758139e-02,2.68736082e-03
0.907000,8.46631541e-02,7.71631541e-02,5.144210,-5.67631292e-02,2.68560825e-03
0.908000,8.46063909e-02,7.71063909e-02,5.140426,-5.67632738e-02,2.67216147e-03
0.909000,8.45496245e-02,7.70496245e-02,5.136642,-5.67663719e-02,2.63366493e-03
0.910000,8.44928438e-02,7.69928438e-02,5.132856,-5.67806938e-02,2.66435253e-03
0.911000,8.44360416e-02,7.69360416e-02,5.129069,-5.68022318e-02,2.68238170e-03
0.912000,8.43792311e-02,7.68792311e-02,5.125282,-5.68105032e-02,2.67905928e-03
0.913000,8.43224176e-02,7.68224176e-02,5.121495,-5.68134412e-02,2.68656638e-03
0.914000,8.42656015e-02,7.67656015e-02,5.117707,-5.68161427e-02,2.68067254e-03
0.915000,8.42087841e-02,7.67087841e-02,5.113919,-5.68174211e-02,2.71968597e-03
0.916000,8.41519703e-02,7.66519703e-02,5.110131,-5.68137360e-02,2.69880991e-03
0.917000,8.40951694e-02,7.65951694e-02,5.106345,-5.68009300e-02,2.68164990e-03
0.918000,8.40383714e-02,7.65383714e-02,5.102558,-5.67980145e-02,2.66031411e-03
0.919000,8.39815669e-02,7.64815669e-02,5.098771,-5.68045077e-02,2.62898125e-03
0.920000,8.39247433e-02,7.64247433e-02,5.094983,-5.68235487e-02,2.66604689e-03
0.921000,8.38678970e-02,7.63678970e-02,5.091193,-5.68463252e-02,2.67943553e-03
0.922000,8.38110424e-02,7.63110424e-02,5.087403,-5.68545612e-02,2.67965981e-03
0.923000,8.37541841e-02,7.62541841e-02,5.083612,-5.68583606e-02,2.71255382e-03
0.924000,8.36973278e-02,7.61973278e-02,5.079822,-5.68562693e-02,2.70202899e-03
0.925000,8.36404826e-02,7.61404826e-02,5.076032,-5.68452363e-02,2.69638895e-03
0.926000,8.35836439e-02,7.60836439e-02,5.072243,-5.68386572e-02,2.69002591e-03
0.927000,8.35268089e-02,7.60268089e-02,5.068454,-5.68350557e-02,2.67904375e-03
0.928000,8.34699734e-02,7.59699734e-02,5.064665,-5.68354859e-02,2.67089056e-03
0.929000,8.34131324e-02,7.59131324e-02,5.060875,-5.68409646e-02,2.65929850e-03
0.930000,8.33562812e-02,7.58562812e-02,5.057085,-5.68511709e-02,2.65395089e-03
0.931000,8.32994151e-02,7.57994151e-02,5.053294,-5.68661299e-02,2.67223132e-03
0.932000,8.32425355e-02,7.57425355e-02,5.049502,-5.68796124e-02,2.66872496e-03
0.933000,8.31856478e-02,7.56856478e-02,5.045710,-5.68877114e-02,2.70368892e-03
0.934000,8.31287570e-02,7.56287570e-02,5.041917,-5.68907789e-02,2.72978891e-03
0.935000,8.30718793e-02,7.55718793e-02,5.038125,-5.68777483e-02,2.70233717e-03
0.936000,8.30150183e-02,7.55150183e-02,5.034335,-5.68610005e-02,2.68036361e-03
0.937000,8.29581611e-02,7.54581611e-02,5.030544,-5.68571542e-02,2.66757075e-03
0.938000,8.29012983e-02,7.54012983e-02,5.026753,-5.68627865e-02,2.65563740e-03
0.939000,8.28444236e-02,7.53444236e-02,5.022962,-5.68747305e-02,2.66578150e-03
0.940000,8.27875348e-02,7.52875348e-02,5.019169,-5.68887997e-02,2.65482629e-03
0.941000,8.27306333e-02,7.52306333e-02,5.015376,-5.69014747e-02,2.67730192e-03
0.942000,8.26737195e-02,7.51737195e-02,5.011581,-5.69137730e-02,2.68417514e-03
0.943000,8.26168021e-02,7.51168021e-02,5.007787,-5.69174746e-02,2.70829535e-03
0.944000,8.25598874e-02,7.50598874e-02,5.003992,-5.69146535e-02,2.73414561e-03
0.945000,8.25029881e-02,7.50029881e-02,5.000199,-5.68993396e-02,2.68661913e-03
0.946000,8.24461041e-02,7.49461041e-02,4.996407,-5.68839406e-02,2.68444232e-03
0.947000,8.23892196e-02,7.48892196e-02,4.992615,-5.68845350e-02,2.67401853e-03
0.948000,8.23323319e-02,7.48323319e-02,4.988822,-5.68876876e-02,2.64078532e-03
0.949000,8.22754318e-02,7.47754318e-02,4.985029,-5.69001405e-02,2.67133127e-03
0.950000,8.22185137e-02,7.47185137e-02,4.981234,-5.69181059e-02,2.67161819e-03
0.951000,8.21615877e-02,7.46615877e-02,4.977439,-5.69259888e-02,2.67763412e-03
0.952000,8.21046550e-02,7.46046550e-02,4.973644,-5.69327137e-02,2.68767828e-03
0.953000,8.20477193e-02,7.45477193e-02,4.969848,-5.69356867e-02,2.68455680e-03
0.954000,8.19907834e-02,7.44907834e-02,4.966052,-5.69359130e-02,2.72642303e-03
0.955000,8.19338536e-02,7.44338536e-02,4.962257,-5.69297608e-02,2.69570207e-03
0.956000,8.18769383e-02,7.43769383e-02,4.958463,-5.69152919e-02,2.68707667e-03
0.957000,8.18200259e-02,7.43200259e-02,4.954668,-5.69124374e-02,2.66252532e-03
0.958000,8.17631091e-02,7.42631091e-02,4.950874,-5.69167573e-02,2.62475349e-03
0.959000,8.17061733e-02,7.42061733e-02,4.947078,-5.69358198e-02,2.67275089e-03
0.960000,8.16492145e-02,7.41492145e-02,4.943281,-5.69587992e-02,2.68189600e-03
0.961000,8.15922501e-02,7.40922501e-02,4.939483,-5.69643984e-02,2.67517336e-03
0.962000,8.15352819e-02,7.40352819e-02,4.935685,-5.69681831e-02,2.70579837e-03
0.963000,8.14783132e-02,7.39783132e-02,4.931888,-5.69687598e-02,2.70141427e-03
0.964000,8.14213531e-02,7.39213531e-02,4.928090,-5.69600542e-02,2.70655783e-03
0.965000,8.13644012e-02,7.38644012e-02,4.924293,-5.69518787e-02,2.69082581e-03
0.966000,8.13074564e-02,7.38074564e-02,4.920497,-5.69447961e-02,2.68379350e-03
0.967000,8.12505123e-02,7.37505123e-02,4.916701,-5.69441237e-02,2.66953523e-03
0.968000,8.11935640e-02,7.36935640e-02,4.912904,-5.69482822e-02,2.64850091e-03
0.969000,8.11366032e-02,7.36366032e-02,4.909107,-5.69608430e-02,2.65506611e-03
0.970000,8.10796240e-02,7.35796240e-02,4.905308,-5.69791509e-02,2.67466661e-03
0.971000,8.10226322e-02,7.35226322e-02,4.901509,-5.69918364e-02,2.67085827e-03
0.972000,8.09656334e-02,7.34656334e-02,4.897709,-5.69987584e-02,2.70626592e-03
0.973000,8.09086328e-02,7.34086328e-02,4.893909,-5.70006696e-02,2.72450371e-03
0.974000,8.08516450e-02,7.33516450e-02,4.890110,-5.69877273e-02,2.69882067e-03
0.975000,8.07946717e-02,7.32946717e-02,4.886311,-5.69733372e-02,2.68716783e-03
0.976000,8.07377023e-02,7.32377023e-02,4.882513,-5.69694424e-02,2.66652019e-03
0.977000,8.06807292e-02,7.31807292e-02,4.878715,-5.69730259e-02,2.65962485e-03
0.978000,8.06237446e-02,7.31237446e-02,4.874916,-5.69846098e-02,2.66678464e-03
0.979000,8.05667474e-02,7.30667474e-02,4.871116,-5.69971920e-02,2.65498030e-03
0.980000,8.05097379e-02,7.30097379e-02,4.867316,-5.70095104e-02,2.67825001e-03
0.981000,8.04527163e-02,7.29527163e-02,4.863514,-5.70215905e-02,2.68726064e-03
0.982000,8.03956919e-02,7.28956919e-02,4.859713,-5.70244350e-02,2.70907867e-03
0.983000,8.03386714e-02,7.28386714e-02,4.855911,-5.70204621e-02,2.73478516e-03
0.984000,8.02816666e-02,7.27816666e-02,4.852111,-5.70047778e-02,2.68756411e-03
0.985000,8.02246776e-02,7.27246776e-02,4.848312,-5.69890017e-02,2.68649728e-03
0.986000,8.01676887e-02,7.26676887e-02,4.844513,-5.69889224e-02,2.67416653e-03
0.987000,8.01106973e-02,7.26106973e-02,4.840713,-5.69913739e-02,2.64490670e-03
0.988000,8.00536943e-02,7.25536943e-02,4.836913,-5.70030493e-02,2.67191253e-03
0.989000,7.99966747e-02,7.24966747e-02,4.833112,-5.70195585e-02,2.66963978e-03
0.990000,7.99396471e-02,7.24396471e-02,4.829310,-5.70276004e-02,2.67781217e-03
0.991000,7.98826122e-02,7.23826122e-02,4.825507,-5.70349435e-02,2.68865926e-03
0.992000,7.98255745e-02,7.23255745e-02,4.821705,-5.70376845e-02,2.68570302e-03
0.993000,7.97685371e-02,7.22685371e-02,4.817902,-5.70373859e-02,2.72524852e-03
0.994000,7.97115061e-02,7.22115061e-02,4.814100,-5.70310651e-02,2.69298572e-03
0.995000,7.96544886e-02,7.21544886e-02,4.810299,-5.70174622e-02,2.68577960e-03
0.996000,7.95974729e-02,7.20974729e-02,4.806498,-5.70157292e-02,2.66308282e-03
0.997000,7.95404525e-02,7.20404525e-02,4.802697,-5.70203765e-02,2.63430121e-03
0.998000,7.94834149e-02,7.19834149e-02,4.798894,-5.70375674e-02,2.67276261e-03
0.999000,7.94263575e-02,7.19263575e-02,4.795091,-5.70574092e-02,2.68019118e-03
1.000000,7.93692942e-02,7.18692942e-02,4.791286,-5.70633061e-02,2.67412169e-03
1.001000,7.93122264e-02,7.18122264e-02,4.787482,-5.70678366e-02,2.71015302e-03
1.002000,7.92551584e-02,7.17551584e-02,4.783677,-5.70679886e-02,2.70804355e-03
1.003000,7.91981017e-02,7.16981017e-02,4.779873,-5.70566805e-02,2.70285206e-03
1.004000,7.91410547e-02,7.16410547e-02,4.776070,-5.70469832e-02,2.68920128e-03
1.005000,7.90840133e-02,7.15840133e-02,4.772268,-5.70414049e-02,2.68187375e-03
1.006000,7.90269717e-02,7.15269717e-02,4.768465,-5.70416055e-02,2.67208610e-03
1.007000,7.89699258e-02,7.14699258e-02,4.764662,-5.70459434e-02,2.65831977e-03
1.008000,7.89128698e-02,7.14128698e-02,4.760858,-5.70559301e-02,2.65526334e-03
1.009000,7.88557989e-02,7.13557989e-02,4.757053,-5.70709784e-02,2.67224947e-03
1.010000,7.87987148e-02,7.12987148e-02,4.753248,-5.70840267e-02,2.67049238e-03
1.011000,7.87416230e-02,7.12416230e-02,4.749442,-5.70918072e-02,2.70521417e-03
1.012000,7.86845290e-02,7.11845290e-02,4.745635,-5.70940246e-02,2.72859163e-03
1.013000,7.86274483e-02,7.11274483e-02,4.741830,-5.70807047e-02,2.70408012e-03
1.014000,7.85703843e-02,7.10703843e-02,4.738026,-5.70640420e-02,2.68245339e-03
1.015000,7.85133250e-02,7.10133250e-02,4.734222,-5.70592536e-02,2.66779598e-03
1.016000,7.84562608e-02,7.09562608e-02,4.730417,-5.70641598e-02,2.65313675e-03
1.017000,7.83991844e-02,7.08991844e-02,4.726612,-5.70764721e-02,2.66978171e-03
1.018000,7.83420937e-02,7.08420937e-02,4.722806,-5.70906551e-02,2.66600141e-03
1.019000,7.82849937e-02,7.07849937e-02,4.719000,-5.71000402e-02,2.67416022e-03
1.020000,7.82278845e-02,7.07278845e-02,4.715192,-5.71092241e-02,2.68401352e-03
1.021000,7.81707705e-02,7.06707705e-02,4.711385,-5.71139860e-02,2.70905851e-03
1.022000,7.81136594e-02,7.06136594e-02,4.707577,-5.71110830e-02,2.73187533e-03
1.023000,7.80565635e-02,7.05565635e-02,4.703771,-5.70959199e-02,2.68973125e-03
1.024000,7.79994827e-02,7.04994827e-02,4.699966,-5.70807162e-02,2.68633396e-03
1.025000,7.79424028e-02,7.04424028e-02,4.696160,-5.70799540e-02,2.67364684e-03
1.026000,7.78853202e-02,7.03853202e-02,4.692355,-5.70825511e-02,2.64125315e-03
1.027000,7.78282252e-02,7.03282252e-02,4.688548,-5.70950433e-02,2.66869682e-03
1.028000,7.77711119e-02,7.02711119e-02,4.684741,-5.71133210e-02,2.67612554e-03
1.029000,7.77139906e-02,7.02139906e-02,4.680933,-5.71212720e-02,2.68049442e-03
1.030000,7.76568646e-02,7.01568646e-02,4.677124,-5.71260108e-02,2.69138690e-03
1.031000,7.75997372e-02,7.00997372e-02,4.673316,-5.71273886e-02,2.68492165e-03
1.032000,7.75426109e-02,7.00426109e-02,4.669507,-5.71263324e-02,2.72217140e-03
1.033000,7.74854901e-02,6.99854901e-02,4.665699,-5.71208123e-02,2.70027909e-03
1.034000,7.74283831e-02,6.99283831e-02,4.661892,-5.71069302e-02,2.68434799e-03
1.035000,7.73712801e-02,6.98712801e-02,4.658085,-5.71030551e-02,2.66221952e-03
1.036000,7.73141717e-02,6.98141717e-02,4.654278,-5.71083252e-02,2.63426464e-03
1.037000,7.72570459e-02,6.97570459e-02,4.650470,-5.71258062e-02,2.66677912e-03
1.038000,7.71998992e-02,6.96998992e-02,4.646660,-5.71467181e-02,2.68011169e-03
1.039000,7.71427446e-02,6.96427446e-02,4.642850,-5.71545941e-02,2.68108837e-03
1.040000,7.70855867e-02,6.95855867e-02,4.639039,-5.71579187e-02,2.71847536e-03
1.041000,7.70284324e-02,6.95284324e-02,4.635229,-5.71543111e-02,2.70364449e-03
1.042000,7.69712914e-02,6.94712914e-02,4.631419,-5.71410477e-02,2.69626515e-03
1.043000,7.69141574e-02,6.94141574e-02,4.627610,-5.71339600e-02,2.69315967e-03
1.044000,7.68570275e-02,6.93570275e-02,4.623802,-5.71298449e-02,2.68489447e-03
1.045000,7.67998993e-02,6.92998993e-02,4.619993,-5.71282113e-02,2.66907011e-03
1.046000,7.67427672e-02,6.92427672e-02,4.616184,-5.71320905e-02,2.66177884e-03
1.047000,7.66856248e-02,6.91856248e-02,4.612375,-5.71424560e-02,2.66375578e-03
1.048000,7.66284699e-02,6.91284699e-02,4.608565,-5.71548665e-02,2.68108283e-03
1.049000,7.65713064e-02,6.90713064e-02,4.604754,-5.71635637e-02,2.66946310e-03
1.050000,7.65141377e-02,6.90141377e-02,4.600943,-5.71686252e-02,2.69848942e-03
1.051000,7.64569654e-02,6.89569654e-02,4.597131,-5.71723698e-02,2.73772056e-03
1.052000,7.63998057e-02,6.88998057e-02,4.593320,-5.71596441e-02,2.70738562e-03
1.053000,7.63426663e-02,6.88426663e-02,4.589511,-5.71393988e-02,2.68187179e-03
1.054000,7.62855327e-02,6.87855327e-02,4.585702,-5.71336277e-02,2.66923044e-03
1.055000,7.62283942e-02,6.87283942e-02,4.581893,-5.71384712e-02,2.64551635e-03
1.056000,7.61712426e-02,6.86712426e-02,4.578083,-5.71516599e-02,2.66476147e-03
1.057000,7.61140733e-02,6.86140733e-02,4.574272,-5.71692334e-02,2.67416663e-03
1.058000,7.60568945e-02,6.85568945e-02,4.570460,-5.71788233e-02,2.68148056e-03
1.059000,7.59997105e-02,6.84997105e-02,4.566647,-5.71840310e-02,2.69649749e-03
1.060000,7.59425263e-02,6.84425263e-02,4.562835,-5.71841812e-02,2.69487301e-03
1.061000,7.58853466e-02,6.83853466e-02,4.559023,-5.71796868e-02,2.73369883e-03
1.062000,7.58281777e-02,6.83281777e-02,4.555212,-5.71688600e-02,2.68732191e-03
1.063000,7.57710243e-02,6.82710243e-02,4.551402,-5.71534835e-02,2.68859264e-03
1.064000,7.57138712e-02,6.82138712e-02,4.547591,-5.71531132e-02,2.67764529e-03
1.065000,7.56567169e-02,6.81567169e-02,4.543781,-5.71542614e-02,2.62984822e-03
1.066000,7.55995494e-02,6.80995494e-02,4.539970,-5.71674573e-02,2.67363085e-03
1.067000,7.55423608e-02,6.80423608e-02,4.536157,-5.71886080e-02,2.68294620e-03
1.068000,7.54851671e-02,6.79851671e-02,4.532344,-5.71937325e-02,2.67674883e-03
1.069000,7.54279702e-02,6.79279702e-02,4.528531,-5.71968936e-02,2.70772831e-03
1.070000,7.53707736e-02,6.78707736e-02,4.524718,-5.71966117e-02,2.68653454e-03
1.071000,7.53135837e-02,6.78135837e-02,4.520906,-5.71899035e-02,2.70767483e-03
1.072000,7.52563973e-02,6.77563973e-02,4.517093,-5.71864172e-02,2.70242944e-03
1.073000,7.51992204e-02,6.76992204e-02,4.513281,-5.71769158e-02,2.68505231e-03
1.074000,7.51420481e-02,6.76420481e-02,4.509470,-5.71722100e-02,2.66458011e-03
1.075000,7.50848713e-02,6.75848713e-02,4.505658,-5.71768313e-02,2.64015928e-03
1.076000,7.50276788e-02,6.75276788e-02,4.501845,-5.71924946e-02,2.66071727e-03
1.077000,7.49704663e-02,6.74704663e-02,4.498031,-5.72125426e-02,2.68061261e-03
1.078000,7.49132440e-02,6.74132440e-02,4.494216,-5.72223208e-02,2.67781944e-03
1.079000,7.48560179e-02,6.73560179e-02,4.490401,-5.72260590e-02,2.71634814e-03
1.080000,7.47987940e-02,6.72987940e-02,4.486586,-5.72239011e-02,2.72688389e-03
1.081000,7.47415868e-02,6.72415868e-02,4.482772,-5.72072267e-02,2.69881528e-03
1.082000,7.46843947e-02,6.71843947e-02,4.478960,-5.71920559e-02,2.68455197e-03
1.083000,7.46272061e-02,6.71272061e-02,4.475147,-5.71886255e-02,2.67251524e-03
1.084000,7.45700141e-02,6.70700141e-02,4.471334,-5.71920079e-02,2.66530050e-03
1.085000,7.45128135e-02,6.70128135e-02,4.467521,-5.72006192e-02,2.67247674e-03
1.086000,7.44556031e-02,6.69556031e-02,4.463707,-5.72103310e-02,2.66193670e-03
1.087000,7.43983836e-02,6.68983836e-02,4.459892,-5.72195498e-02,2.68288212e-03
1.088000,7.43411550e-02,6.68411550e-02,4.456077,-5.72285261e-02,2.67370483e-03
1.089000,7.42839228e-02,6.67839228e-02,4.452262,-5.72322466e-02,2.70033243e-03
1.090000,7.42266885e-02,6.67266885e-02,4.448446,-5.72342723e-02,2.73500074e-03
1.091000,7.41694671e-02,6.66694671e-02,4.444631,-5.72214223e-02,2.70148250e-03
1.092000,7.41122640e-02,6.66122640e-02,4.440818,-5.72031141e-02,2.68783204e-03
1.093000,7.40550658e-02,6.65550658e-02,4.437004,-5.71982277e-02,2.67083866e-03
1.094000,7.39978649e-02,6.64978649e-02,4.433191,-5.72008294e-02,2.63954726e-03
1.095000,7.39406504e-02,6.64406504e-02,4.429377,-5.72145455e-02,2.67141608e-03
1.096000,7.38834175e-02,6.63834175e-02,4.425561,-5.72329025e-02,2.67312436e-03
1.097000,7.38261770e-02,6.63261770e-02,4.421745,-5.72404913e-02,2.68008843e-03
1.098000,7.37689307e-02,6.62689307e-02,4.417929,-5.72462875e-02,2.69274333e-03
1.099000,7.37116832e-02,6.62116832e-02,4.414112,-5.72475587e-02,2.69946689e-03
1.100000,7.36544397e-02,6.61544397e-02,4.410296,-5.72434849e-02,2.72965977e-03
1.101000,7.35972078e-02,6.60972078e-02,4.406481,-5.72318636e-02,2.69562588e-03
1.102000,7.35399915e-02,6.60399915e-02,4.402666,-5.72163451e-02,2.68091126e-03
1.103000,7.34827769e-02,6.59827769e-02,4.398852,-5.72146060e-02,2.66213484e-03
1.104000,7.34255558e-02,6.59255558e-02,4.395037,-5.72210198e-02,2.63685074e-03
1.105000,7.33683178e-02,6.58683178e-02,4.391221,-5.72380712e-02,2.67474022e-03
1.106000,7.33110610e-02,6.58110610e-02,4.387404,-5.72567260e-02,2.68587560e-03
1.107000,7.32538001e-02,6.57538001e-02,4.383587,-5.72609681e-02,2.68079012e-03
1.108000,7.31965376e-02,6.56965376e-02,4.379769,-5.72624525e-02,2.71229697e-03
1.109000,7.31392776e-02,6.56392776e-02,4.375952,-5.72600355e-02,2.69558280e-03
1.110000,7.30820274e-02,6.55820274e-02,4.372135,-5.72502268e-02,2.69861791e-03
1.111000,7.30247820e-02,6.55247820e-02,4.368319,-5.72453706e-02,2.69756893e-03
1.112000,7.29675423e-02,6.54675423e-02,4.364503,-5.72397031e-02,2.69196786e-03
1.113000,7.29103069e-02,6.54103069e-02,4.360687,-5.72353706e-02,2.66140142e-03
1.114000,7.28530686e-02,6.53530686e-02,4.356871,-5.72382829e-02,2.65696191e-03
1.115000,7.27958166e-02,6.52958166e-02,4.353054,-5.72520187e-02,2.65859202e-03
1.116000,7.27385497e-02,6.52385497e-02,4.349237,-5.72669243e-02,2.67662617e-03
1.117000,7.26812716e-02,6.51812716e-02,4.345418,-5.72781054e-02,2.68629891e-03
1.118000,7.26239899e-02,6.51239899e-02,4.341599,-5.72816533e-02,2.70401731e-03
1.119000,7.25667110e-02,6.50667110e-02,4.337781,-5.72788913e-02,2.74512863e-03
1.120000,7.25094480e-02,6.50094480e-02,4.333963,-5.72630401e-02,2.69403396e-03
1.121000,7.24522053e-02,6.49522053e-02,4.330147,-5.72427229e-02,2.68632749e-03
1.122000,7.23949647e-02,6.48949647e-02,4.326331,-5.72405488e-02,2.67606441e-03
1.123000,7.23377220e-02,6.48377220e-02,4.322515,-5.72427205e-02,2.64329808e-03
1.124000,7.22804679e-02,6.47804679e-02,4.318698,-5.72540571e-02,2.68003559e-03
1.125000,7.22231983e-02,6.47231983e-02,4.314880,-5.72696580e-02,2.67314009e-03
1.126000,7.21659239e-02,6.46659239e-02,4.311062,-5.72744132e-02,2.68184300e-03
1.127000,7.21086440e-02,6.46086440e-02,4.307243,-5.72798940e-02,2.68699252e-03
1.128000,7.20513624e-02,6.45513624e-02,4.303424,-5.72816060e-02,2.68856756e-03
1.129000,7.19940810e-02,6.44940810e-02,4.299605,-5.72813482e-02,2.73326027e-03
1.130000,7.19368084e-02,6.44368084e-02,4.295787,-5.72726698e-02,2.69556008e-03
1.131000,7.18795524e-02,6.43795524e-02,4.291970,-5.72559805e-02,2.68949402e-03
1.132000,7.18222996e-02,6.43222996e-02,4.288153,-5.72527452e-02,2.67926745e-03
1.133000,7.17650463e-02,6.42650463e-02,4.284336,-5.72533105e-02,2.62712194e-03
1.134000,7.17077799e-02,6.42077799e-02,4.280519,-5.72664558e-02,2.66820669e-03
1.135000,7.16504904e-02,6.41504904e-02,4.276699,-5.72894610e-02,2.68028354e-03
1.136000,7.15931936e-02,6.40931936e-02,4.272880,-5.72968377e-02,2.68041664e-03
1.137000,7.15358933e-02,6.40358933e-02,4.269060,-5.73002247e-02,2.71157368e-03
1.138000,7.14785953e-02,6.39785953e-02,4.265240,-5.72980582e-02,2.70231466e-03
1.139000,7.14213080e-02,6.39213080e-02,4.261421,-5.72872966e-02,2.70794607e-03
1.140000,7.13640294e-02,6.38640294e-02,4.257602,-5.72785800e-02,2.69330299e-03
1.141000,7.13067588e-02,6.38067588e-02,4.253784,-5.72706034e-02,2.68720542e-03
1.142000,7.12494903e-02,6.37494903e-02,4.249966,-5.72685140e-02,2.67321144e-03
1.143000,7.11922194e-02,6.36922194e-02,4.246148,-5.72709019e-02,2.65774436e-03
1.144000,7.11349388e-02,6.36349388e-02,4.242329,-5.72806208e-02,2.65686630e-03
1.145000,7.10776432e-02,6.35776432e-02,4.238510,-5.72955746e-02,2.67697731e-03
1.146000,7.10203359e-02,6.35203359e-02,4.234689,-5.73072604e-02,2.67243294e-03
1.147000,7.09630228e-02,6.34630228e-02,4.230868,-5.73131450e-02,2.70608528e-03
1.148000,7.09057082e-02,6.34057082e-02,4.227047,-5.73145710e-02,2.73105390e-03
1.149000,7.08484077e-02,6.33484077e-02,4.223227,-5.73005297e-02,2.70669143e-03
1.150000,7.07911251e-02,6.32911251e-02,4.219408,-5.72825966e-02,2.69235633e-03
1.151000,7.07338499e-02,6.32338499e-02,4.215590,-5.72751994e-02,2.66878664e-03
1.152000,7.06765732e-02,6.31765732e-02,4.211772,-5.72766781e-02,2.64989297e-03
1.153000,7.06192840e-02,6.31192840e-02,4.207952,-5.72892386e-02,2.66586647e-03
1.154000,7.05619788e-02,6.30619788e-02,4.204132,-5.73051794e-02,2.67416050e-03
1.155000,7.05046644e-02,6.30046644e-02,4.200311,-5.73144074e-02,2.67603099e-03
1.156000,7.04473438e-02,6.29473438e-02,4.196490,-5.73205809e-02,2.69389450e-03
1.157000,7.03900208e-02,6.28900208e-02,4.192668,-5.73229811e-02,2.70461340e-03
1.158000,7.03327032e-02,6.28327032e-02,4.188847,-5.73176191e-02,2.72933372e-03
1.159000,7.02753988e-02,6.27753988e-02,4.185027,-5.73043653e-02,2.69071358e-03
1.160000,7.02181090e-02,6.27181090e-02,4.181207,-5.72898226e-02,2.69150676e-03
1.161000,7.01608212e-02,6.26608212e-02,4.177388,-5.72878230e-02,2.67570867e-03
1.162000,7.01035328e-02,6.26035328e-02,4.173569,-5.72883567e-02,2.63679201e-03
1.163000,7.00462319e-02,6.25462319e-02,4.169749,-5.73009606e-02,2.67301222e-03
1.164000,6.99889119e-02,6.24889119e-02,4.165927,-5.73199403e-02,2.67940797e-03
1.165000,6.99315860e-02,6.24315860e-02,4.162106,-5.73258936e-02,2.67887707e-03
1.166000,6.98742562e-02,6.23742562e-02,4.158284,-5.73298404e-02,2.70265377e-03
1.167000,6.98169264e-02,6.23169264e-02,4.154462,-5.73297569e-02,2.68458477e-03
1.168000,6.97596014e-02,6.22596014e-02,4.150640,-5.73250601e-02,2.71468838e-03
1.169000,6.97022804e-02,6.22022804e-02,4.146819,-5.73209739e-02,2.70949357e-03
1.170000,6.96449725e-02,6.21449725e-02,4.142998,-5.73079199e-02,2.68477784e-03
1.171000,6.95876715e-02,6.20876715e-02,4.139178,-5.73009427e-02,2.66277245e-03
1.172000,6.95303656e-02,6.20303656e-02,4.135358,-5.73059738e-02,2.63561837e-03
1.173000,6.94730425e-02,6.19730425e-02,4.131536,-5.73230338e-02,2.66633027e-03
1.174000,6.94156990e-02,6.19156990e-02,4.127713,-5.73435805e-02,2.68555978e-03
1.175000,6.93583483e-02,6.18583483e-02,4.123890,-5.73506404e-02,2.68119438e-03
1.176000,6.93009962e-02,6.18009962e-02,4.120066,-5.73521571e-02,2.71461235e-03
1.177000,6.92436470e-02,6.17436470e-02,4.116243,-5.73491978e-02,2.72572071e-03
1.178000,6.91863137e-02,6.16863137e-02,4.112421,-5.73332991e-02,2.70110457e-03
1.179000,6.91289956e-02,6.16289956e-02,4.108600,-5.73181055e-02,2.68678957e-03
1.180000,6.90716820e-02,6.15716820e-02,4.104779,-5.73135275e-02,2.67451184e-03
1.181000,6.90143662e-02,6.15143662e-02,4.100958,-5.73158220e-02,2.66561536e-03
1.182000,6.89570425e-02,6.14570425e-02,4.097136,-5.73237219e-02,2.67155903e-03
1.183000,6.88997090e-02,6.13997090e-02,4.093314,-5.73334925e-02,2.65986502e-03
1.184000,6.88423656e-02,6.13423656e-02,4.089491,-5.73433791e-02,2.68670864e-03
1.185000,6.87850133e-02,6.12850133e-02,4.085668,-5.73523592e-02,2.67513220e-03
1.186000,6.87276587e-02,6.12276587e-02,4.081844,-5.73545705e-02,2.70082958e-03
1.187000,6.86703026e-02,6.11703026e-02,4.078020,-5.73560395e-02,2.73517938e-03
1.188000,6.86129597e-02,6.11129597e-02,4.074197,-5.73429947e-02,2.70047362e-03
1.189000,6.85556348e-02,6.10556348e-02,4.070376,-5.73248062e-02,2.68997250e-03
1.190000,6.84983150e-02,6.09983150e-02,4.066554,-5.73198726e-02,2.67149992e-03
1.191000,6.84409933e-02,6.09409933e-02,4.062733,-5.73216544e-02,2.64041082e-03
1.192000,6.83836583e-02,6.08836583e-02,4.058911,-5.73350006e-02,2.67000134e-03
1.193000,6.83263050e-02,6.08263050e-02,4.055087,-5.73533242e-02,2.67205659e-03
1.194000,6.82689434e-02,6.07689434e-02,4.051263,-5.73615664e-02,2.68395083e-03
1.195000,6.82115764e-02,6.07115764e-02,4.047438,-5.73670303e-02,2.70076125e-03
1.196000,6.81542108e-02,6.06542108e-02,4.043614,-5.73656152e-02,2.69614388e-03
1.197000,6.80968513e-02,6.05968513e-02,4.039790,-5.73594958e-02,2.72274484e-03
1.198000,6.80395011e-02,6.05395011e-02,4.035967,-5.73501887e-02,2.69658011e-03
1.199000,6.79821643e-02,6.04821643e-02,4.032144,-5.73367724e-02,2.68615079e-03
1.200000,6.79248305e-02,6.04248305e-02,4.028322,-5.73337933e-02,2.66518473e-03
1.201000,6.78674926e-02,6.03674926e-02,4.024500,-5.73379470e-02,2.63653160e-03
1.202000,6.78101385e-02,6.03101385e-02,4.020676,-5.73540533e-02,2.67227239e-03
1.203000,6.77527653e-02,6.02527653e-02,4.016851,-5.73732493e-02,2.68250383e-03
1.204000,6.76953864e-02,6.01953864e-02,4.013026,-5.73788981e-02,2.68212873e-03
1.205000,6.76380051e-02,6.01380051e-02,4.009200,-5.73812532e-02,2.71375612e-03
1.206000,6.75806270e-02,6.00806270e-02,4.005375,-5.73781384e-02,2.71095981e-03
1.207000,6.75232619e-02,6.00232619e-02,4.001551,-5.73651313e-02,2.68976817e-03
1.208000,6.74659051e-02,5.99659051e-02,3.997727,-5.73567900e-02,2.69841449e-03
1.209000,6.74085512e-02,5.99085512e-02,3.993903,-5.73538794e-02,2.68783734e-03
1.210000,6.73512012e-02,5.98512012e-02,3.990080,-5.73499996e-02,2.66392758e-03
1.211000,6.72938474e-02,5.97938474e-02,3.986256,-5.73538217e-02,2.65822473e-03
1.212000,6.72364809e-02,5.97364809e-02,3.982432,-5.73665047e-02,2.66095412e-03
1.213000,6.71791003e-02,5.96791003e-02,3.978607,-5.73805778e-02,2.67901048e-03
1.214000,6.71217097e-02,5.96217097e-02,3.974781,-5.73905615e-02,2.69129442e-03
1.215000,6.70643173e-02,5.95643173e-02,3.970954,-5.73924430e-02,2.71211373e-03
1.216000,6.70069307e-02,5.95069307e-02,3.967129,-5.73866085e-02,2.74457024e-03
1.217000,6.69495625e-02,5.94495625e-02,3.963304,-5.73681972e-02,2.68348090e-03
1.218000,6.68922125e-02,5.93922125e-02,3.959481,-5.73499296e-02,2.69343090e-03
1.219000,6.68348626e-02,5.93348626e-02,3.955658,-5.73499650e-02,2.67704965e-03
1.220000,6.67775130e-02,5.92775130e-02,3.951834,-5.73496297e-02,2.64764437e-03
1.221000,6.67201531e-02,5.92201531e-02,3.948010,-5.73598741e-02,2.67384918e-03
1.222000,6.66627779e-02,5.91627779e-02,3.944185,-5.73751417e-02,2.67217987e-03
1.223000,6.66053958e-02,5.91053958e-02,3.940360,-5.73820984e-02,2.68059301e-03
1.224000,6.65480077e-02,5.90480077e-02,3.936534,-5.73881155e-02,2.69130283e-03
1.225000,6.64906182e-02,5.89906182e-02,3.932708,-5.73894758e-02,2.68761849e-03
1.226000,6.64332303e-02,5.89332303e-02,3.928882,-5.73879703e-02,2.72715286e-03
1.227000,6.63758496e-02,5.88758496e-02,3.925057,-5.73806836e-02,2.70013088e-03
1.228000,6.63184844e-02,5.88184844e-02,3.921232,-5.73651917e-02,2.68764168e-03
1.229000,6.62611236e-02,5.87611236e-02,3.917408,-5.73607829e-02,2.66345234e-03
1.230000,6.62037589e-02,5.87037589e-02,3.913584,-5.73647533e-02,2.63392913e-03
1.231000,6.61463770e-02,5.86463770e-02,3.909758,-5.73818887e-02,2.67062744e-03
1.232000,6.60889747e-02,5.85889747e-02,3.905932,-5.74022302e-02,2.68306707e-03
1.233000,6.60315664e-02,5.85315664e-02,3.902104,-5.74083197e-02,2.68296634e-03
1.234000,6.59741561e-02,5.84741561e-02,3.898277,-5.74103417e-02,2.71995741e-03
1.235000,6.59167502e-02,5.84167502e-02,3.894450,-5.74058552e-02,2.70961747e-03
1.236000,6.58593592e-02,5.83593592e-02,3.890624,-5.73910489e-02,2.69531104e-03
1.237000,6.58019770e-02,5.83019770e-02,3.886798,-5.73821683e-02,2.69327316e-03
1.238000,6.57445987e-02,5.82445987e-02,3.882973,-5.73783465e-02,2.68926093e-03
1.239000,6.56872228e-02,5.81872228e-02,3.879148,-5.73759034e-02,2.66779522e-03
1.240000,6.56298442e-02,5.81298442e-02,3.875323,-5.73785741e-02,2.66248047e-03
1.241000,6.55724550e-02,5.80724550e-02,3.871497,-5.73892342e-02,2.66613889e-03
1.242000,6.55150540e-02,5.80150540e-02,3.867670,-5.74009928e-02,2.68181591e-03
1.243000,6.54576452e-02,5.79576452e-02,3.863843,-5.74087777e-02,2.67539797e-03
1.244000,6.54002326e-02,5.79002326e-02,3.860016,-5.74125489e-02,2.70301076e-03
1.245000,6.53428191e-02,5.78428191e-02,3.856188,-5.74135449e-02,2.74166256e-03
1.246000,6.52854205e-02,5.77854205e-02,3.852361,-5.73986372e-02,2.70167191e-03
1.247000,6.52280423e-02,5.77280423e-02,3.848536,-5.73781077e-02,2.68911239e-03
1.248000,6.51706694e-02,5.76706694e-02,3.844711,-5.73729326e-02,2.67238508e-03
1.249000,6.51132946e-02,5.76132946e-02,3.840886,-5.73748404e-02,2.64394294e-03
1.250000,6.50559073e-02,5.75559073e-02,3.837060,-5.73872713e-02,2.67554473e-03
1.251000,6.49985038e-02,5.74985038e-02,3.833234,-5.74034546e-02,2.67263896e-03
1.252000,6.49410941e-02,5.74410941e-02,3.829406,-5.74097733e-02,2.68086342e-03
1.253000,6.48836785e-02,5.73836785e-02,3.825579,-5.74155919e-02,2.69080574e-03
1.254000,6.48262615e-02,5.73262615e-02,3.821751,-5.74169512e-02,2.70028626e-03
1.255000,6.47688482e-02,5.72688482e-02,3.817923,-5.74133688e-02,2.73565891e-03
1.256000,6.47114477e-02,5.72114477e-02,3.814097,-5.74004176e-02,2.68769545e-03
1.257000,6.46540634e-02,5.71540634e-02,3.810271,-5.73843313e-02,2.68499906e-03
1.258000,6.45966789e-02,5.70966789e-02,3.806445,-5.73844738e-02,2.66587817e-03
1.259000,6.45392901e-02,5.70392901e-02,3.802619,-5.73888831e-02,2.64063390e-03
1.260000,6.44818860e-02,5.69818860e-02,3.798792,-5.74040361e-02,2.67837127e-03
1.261000,6.44244652e-02,5.69244652e-02,3.794964,-5.74208064e-02,2.68792789e-03
1.262000,6.43670417e-02,5.68670417e-02,3.791136,-5.74234931e-02,2.67920466e-03
1.263000,6.43096171e-02,5.68096171e-02,3.787308,-5.74245839e-02,2.70449486e-03
1.264000,6.42521931e-02,5.67521931e-02,3.783480,-5.74240672e-02,2.69749267e-03
1.265000,6.41947766e-02,5.66947766e-02,3.779652,-5.74164831e-02,2.70504281e-03
1.266000,6.41373667e-02,5.66373667e-02,3.775824,-5.74098635e-02,2.69801845e-03
1.267000,6.40799647e-02,5.65799647e-02,3.771998,-5.74020065e-02,2.69037202e-03
1.268000,6.40225669e-02,5.65225669e-02,3.768171,-5.73978086e-02,2.66395147e-03
1.269000,6.39651661e-02,5.64651661e-02,3.764344,-5.74007940e-02,2.65813510e-03
1.270000,6.39077526e-02,5.64077526e-02,3.760517,-5.74134849e-02,2.66145610e-03
1.271000,6.38503251e-02,5.63503251e-02,3.756688,-5.74274987e-02,2.67825022e-03
1.272000,6.37928877e-02,5.62928877e-02,3.752859,-5.74374520e-02,2.68710411e-03
1.273000,6.37354474e-02,5.62354474e-02,3.749030,-5.74403242e-02,2.71131669e-03
1.274000,6.36780113e-02,5.61780113e-02,3.745201,-5.74360069e-02,2.74467132e-03
1.275000,6.36205935e-02,5.61205935e-02,3.741373,-5.74178394e-02,2.69206544e-03
1.276000,6.35631955e-02,5.60631955e-02,3.737546,-5.73980205e-02,2.68639450e-03
1.277000,6.35057990e-02,5.60057990e-02,3.733720,-5.73964810e-02,2.67829809e-03
1.278000,6.34484008e-02,5.59484008e-02,3.729893,-5.73982357e-02,2.64694769e-03
1.279000,6.33909926e-02,5.58909926e-02,3.726066,-5.74081933e-02,2.67967201e-03
1.280000,6.33335699e-02,5.58335699e-02,3.722238,-5.74226600e-02,2.67043685e-03
1.281000,6.32761419e-02,5.57761419e-02,3.718409,-5.74280126e-02,2.68351855e-03
1.282000,6.32187078e-02,5.57187078e-02,3.714581,-5.74340849e-02,2.68951922e-03
1.283000,6.31612730e-02,5.56612730e-02,3.710752,-5.74347997e-02,2.68996825e-03
1.284000,6.31038396e-02,5.56038396e-02,3.706923,-5.74334645e-02,2.73207734e-03
1.285000,6.30464150e-02,5.55464150e-02,3.703094,-5.74245352e-02,2.69829745e-03
1.286000,6.29890073e-02,5.54890073e-02,3.699267,-5.74077503e-02,2.68730894e-03
1.287000,6.29316033e-02,5.54316033e-02,3.695440,-5.74040025e-02,2.66722110e-03
1.288000,6.28741959e-02,5.53741959e-02,3.691613,-5.74074157e-02,2.63322019e-03
1.289000,6.28167724e-02,5.53167724e-02,3.687785,-5.74234387e-02,2.67668218e-03
1.290000,6.27593295e-02,5.52593295e-02,3.683955,-5.74429424e-02,2.68390815e-03
1.291000,6.27018826e-02,5.52018826e-02,3.680126,-5.74468947e-02,2.67766096e-03
1.292000,6.26444330e-02,5.51444330e-02,3.676296,-5.74495786e-02,2.71603590e-03
1.293000,6.25869855e-02,5.50869855e-02,3.672466,-5.74475280e-02,2.70828124e-03
1.294000,6.25295512e-02,5.50295512e-02,3.668637,-5.74342458e-02,2.70365248e-03
1.295000,6.24721269e-02,5.49721269e-02,3.664808,-5.74243290e-02,2.69331407e-03
1.296000,6.24147091e-02,5.49147091e-02,3.660981,-5.74177605e-02,2.68350594e-03
1.297000,6.23572928e-02,5.48572928e-02,3.657153,-5.74163217e-02,2.67094878e-03
1.298000,6.22998725e-02,5.47998725e-02,3.653325,-5.74203247e-02,2.66625273e-03
1.299000,6.22424432e-02,5.47424432e-02,3.649496,-5.74292821e-02,2.66936422e-03
1.300000,6.21850040e-02,5.46850040e-02,3.645667,-5.74392315e-02,2.67440863e-03
1.301000,6.21275567e-02,5.46275567e-02,3.641837,-5.74472670e-02,2.67274736e-03
1.302000,6.20701028e-02,5.45701028e-02,3.638007,-5.74539396e-02,2.70499513e-03
1.303000,6.20126473e-02,5.45126473e-02,3.634176,-5.74554551e-02,2.73707293e-03
1.304000,6.19552066e-02,5.44552066e-02,3.630347,-5.74407074e-02,2.71051241e-03
1.305000,6.18977865e-02,5.43977865e-02,3.626519,-5.74201218e-02,2.68809110e-03
1.306000,6.18403743e-02,5.43403743e-02,3.622692,-5.74122241e-02,2.67290778e-03
1.307000,6.17829599e-02,5.42829599e-02,3.618864,-5.74143748e-02,2.64258721e-03
1.308000,6.17255330e-02,5.42255330e-02,3.615036,-5.74268738e-02,2.66933846e-03
1.309000,6.16680884e-02,5.41680884e-02,3.611206,-5.74445999e-02,2.67783249e-03
1.310000,6.16106364e-02,5.41106364e-02,3.607376,-5.74520383e-02,2.68178327e-03
1.311000,6.15531804e-02,5.40531804e-02,3.603545,-5.74559886e-02,2.69729712e-03
1.312000,6.14957245e-02,5.39957245e-02,3.599715,-5.74558979e-02,2.69900660e-03
1.313000,6.14382741e-02,5.39382741e-02,3.595885,-5.74504100e-02,2.73247731e-03
1.314000,6.13808356e-02,5.38808356e-02,3.592056,-5.74384417e-02,2.68834271e-03
1.315000,6.13234123e-02,5.38234123e-02,3.588227,-5.74232858e-02,2.69208829e-03
1.316000,6.12659904e-02,5.37659904e-02,3.584399,-5.74219620e-02,2.67556505e-03
1.317000,6.12085681e-02,5.37085681e-02,3.580571,-5.74223301e-02,2.63331686e-03
1.318000,6.11511325e-02,5.36511325e-02,3.576742,-5.74355958e-02,2.67716857e-03
1.319000,6.10936775e-02,5.35936775e-02,3.572912,-5.74549817e-02,2.69155714e-03
1.320000,6.10362201e-02,5.35362201e-02,3.569081,-5.74574216e-02,2.67671140e-03
1.321000,6.09787623e-02,5.34787623e-02,3.565251,-5.74577614e-02,2.70674646e-03
1.322000,6.09213046e-02,5.34213046e-02,3.561420,-5.74576654e-02,2.69863875e-03
1.323000,6.08638555e-02,5.33638555e-02,3.557590,-5.74491392e-02,2.70404444e-03
1.324000,6.08064132e-02,5.33064132e-02,3.553761,-5.74423197e-02,2.69945347e-03
1.325000,6.07489786e-02,5.32489786e-02,3.549932,-5.74345368e-02,2.68486724e-03
1.326000,6.06915478e-02,5.31915478e-02,3.546103,-5.74308411e-02,2.66837385e-03
1.327000,6.06341129e-02,5.31341129e-02,3.542274,-5.74348523e-02,2.66236361e-03
1.328000,6.05766676e-02,5.30766676e-02,3.538445,-5.74453431e-02,2.65657831e-03
1.329000,6.05192088e-02,5.30192088e-02,3.534614,-5.74588308e-02,2.67479068e-03
1.330000,6.04617378e-02,5.29617378e-02,3.530783,-5.74709978e-02,2.68921538e-03
1.331000,6.04042631e-02,5.29042631e-02,3.526951,-5.74746328e-02,2.70676112e-03
1.332000,6.03467927e-02,5.28467927e-02,3.523120,-5.74704277e-02,2.73376365e-03
1.333000,6.02893370e-02,5.27893370e-02,3.519289,-5.74556852e-02,2.70373782e-03
1.334000,6.02318996e-02,5.27318996e-02,3.515460,-5.74373844e-02,2.68841372e-03
1.335000,6.01744680e-02,5.26744680e-02,3.511631,-5.74316545e-02,2.67601122e-03
1.336000,6.01170348e-02,5.26170348e-02,3.507802,-5.74331504e-02,2.64950387e-03
1.337000,6.00595914e-02,5.25595914e-02,3.503973,-5.74434071e-02,2.67534222e-03
1.338000,6.00021336e-02,5.25021336e-02,3.500142,-5.74577999e-02,2.67846560e-03
1.339000,5.99446705e-02,5.24446705e-02,3.496311,-5.74631547e-02,2.68674285e-03
1.340000,5.98872045e-02,5.23872045e-02,3.492480,-5.74660200e-02,2.68914335e-03
1.341000,5.98297387e-02,5.23297387e-02,3.488649,-5.74657425e-02,2.68950551e-03
1.342000,5.97722741e-02,5.22722741e-02,3.484818,-5.74646125e-02,2.73481728e-03
1.343000,5.97148187e-02,5.22148187e-02,3.480988,-5.74553507e-02,2.69757148e-03
1.344000,5.96573810e-02,5.21573810e-02,3.477159,-5.74377943e-02,2.69295195e-03
1.345000,5.95999477e-02,5.20999477e-02,3.473330,-5.74332870e-02,2.68066205e-03
1.346000,5.95425152e-02,5.20425152e-02,3.469501,-5.74324701e-02,2.62751419e-03
1.347000,5.94850701e-02,5.19850701e-02,3.465671,-5.74450879e-02,2.66863054e-03
1.348000,5.94276022e-02,5.19276022e-02,3.461840,-5.74678894e-02,2.68248087e-03
1.349000,5.93701275e-02,5.18701275e-02,3.458009,-5.74747384e-02,2.68284032e-03
1.350000,5.93126505e-02,5.18126505e-02,3.454177,-5.74769751e-02,2.71536641e-03
1.351000,5.92551772e-02,5.17551772e-02,3.450345,-5.74733419e-02,2.70963525e-03
1.352000,5.91977171e-02,5.16977171e-02,3.446514,-5.74600402e-02,2.70437764e-03
1.353000,5.91402676e-02,5.16402676e-02,3.442685,-5.74495504e-02,2.69241651e-03
1.354000,5.90828247e-02,5.15828247e-02,3.438855,-5.74429025e-02,2.68195667e-03
1.355000,5.90253826e-02,5.15253826e-02,3.435026,-5.74420325e-02,2.67603014e-03
1.356000,5.89679370e-02,5.14679370e-02,3.431196,-5.74456457e-02,2.66808683e-03
1.357000,5.89104844e-02,5.14104844e-02,3.427366,-5.74526099e-02,2.65765078e-03
1.358000,5.88530204e-02,5.13530204e-02,3.423535,-5.74640284e-02,2.67670822e-03
1.359000,5.87955448e-02,5.12955448e-02,3.419703,-5.74755041e-02,2.67108850e-03
1.360000,5.87380631e-02,5.12380631e-02,3.415871,-5.74817148e-02,2.70690868e-03
1.361000,5.86805797e-02,5.11805797e-02,3.412039,-5.74834368e-02,2.73383871e-03
1.362000,5.86231111e-02,5.11231111e-02,3.408207,-5.74686326e-02,2.71309751e-03
1.363000,5.85656624e-02,5.10656624e-02,3.404377,-5.74486520e-02,2.69134317e-03
1.364000,5.85082231e-02,5.10082231e-02,3.400548,-5.74393301e-02,2.66924807e-03
1.365000,5.84507820e-02,5.09507820e-02,3.396719,-5.74410600e-02,2.64761122e-03
1.366000,5.83933281e-02,5.08933281e-02,3.392889,-5.74538725e-02,2.66748525e-03
1.367000,5.83358579e-02,5.08358579e-02,3.389057,-5.74702763e-02,2.67781233e-03
1.368000,5.82783795e-02,5.07783795e-02,3.385225,-5.74783270e-02,2.68436198e-03
1.369000,5.82208977e-02,5.07208977e-02,3.381393,-5.74818278e-02,2.69889364e-03
1.370000,5.81634171e-02,5.06634171e-02,3.377561,-5.74806080e-02,2.69957712e-03
1.371000,5.81059426e-02,5.06059426e-02,3.373730,-5.74744948e-02,2.73552279e-03
1.372000,5.80484808e-02,5.05484808e-02,3.369899,-5.74618006e-02,2.68961642e-03
1.373000,5.79910354e-02,5.04910354e-02,3.366069,-5.74454193e-02,2.69185033e-03
1.374000,5.79335917e-02,5.04335917e-02,3.362239,-5.74437193e-02,2.67943094e-03
1.375000,5.78761482e-02,5.03761482e-02,3.358410,-5.74434819e-02,2.63231137e-03
1.376000,5.78186925e-02,5.03186925e-02,3.354579,-5.74556557e-02,2.67409461e-03
1.377000,5.77612166e-02,5.02612166e-02,3.350748,-5.74759155e-02,2.69152025e-03
1.378000,5.77037373e-02,5.02037373e-02,3.346916,-5.74793714e-02,2.67761752e-03
1.379000,5.76462577e-02,5.01462577e-02,3.343084,-5.74795631e-02,2.70501027e-03
1.380000,5.75887782e-02,5.00887782e-02,3.339252,-5.74794765e-02,2.69805129e-03
1.381000,5.75313066e-02,5.00313066e-02,3.335420,-5.74716244e-02,2.70686620e-03
1.382000,5.74738421e-02,4.99738421e-02,3.331589,-5.74644989e-02,2.69956449e-03
1.383000,5.74163863e-02,4.99163863e-02,3.327759,-5.74557696e-02,2.68554292e-03
1.384000,5.73589344e-02,4.98589344e-02,3.323929,-5.74519179e-02,2.67067884e-03
1.385000,5.73014791e-02,4.98014791e-02,3.320099,-5.74552997e-02,2.65872543e-03
1.386000,5.72440134e-02,4.97440134e-02,3.316268,-5.74656768e-02,2.65489157e-03
1.387000,5.71865328e-02,4.96865328e-02,3.312436,-5.74806576e-02,2.67685800e-03
1.388000,5.71290398e-02,4.96290398e-02,3.308603,-5.74930130e-02,2.68111106e-03
1.389000,5.70715424e-02,4.95715424e-02,3.304769,-5.74974022e-02,2.71313211e-03
1.390000,5.70140476e-02,4.95140476e-02,3.300937,-5.74947321e-02,2.73711730e-03
1.391000,5.69565703e-02,4.94565703e-02,3.297105,-5.74773042e-02,2.70498275e-03
1.392000,5.68991126e-02,4.93991126e-02,3.293274,-5.74576819e-02,2.68347390e-03
1.393000,5.68416602e-02,4.93416602e-02,3.289444,-5.74524166e-02,2.67602835e-03
1.394000,5.67842047e-02,4.92842047e-02,3.285614,-5.74555319e-02,2.65344388e-03
1.395000,5.67267396e-02,4.92267396e-02,3.281783,-5.74650861e-02,2.67708526e-03
1.396000,5.66692617e-02,4.91692617e-02,3.277951,-5.74778768e-02,2.67570333e-03
1.397000,5.66117786e-02,4.91117786e-02,3.274119,-5.74831476e-02,2.68657525e-03
1.398000,5.65542916e-02,4.90542916e-02,3.270286,-5.74869497e-02,2.69002802e-03
1.399000,5.64968051e-02,4.89968051e-02,3.266454,-5.74865708e-02,2.69055647e-03
1.400000,5.64393201e-02,4.89393201e-02,3.262621,-5.74849644e-02,2.73678066e-03
1.401000,5.63818451e-02,4.88818451e-02,3.258790,-5.74750102e-02,2.69871132e-03
1.402000,5.63243885e-02,4.88243885e-02,3.254959,-5.74566075e-02,2.68992746e-03
1.403000,5.62669362e-02,4.87669362e-02,3.251129,-5.74522607e-02,2.68052026e-03
1.404000,5.62094837e-02,4.87094837e-02,3.247299,-5.74524621e-02,2.62839596e-03
1.405000,5.61520188e-02,4.86520188e-02,3.243468,-5.74649706e-02,2.66936893e-03
1.406000,5.60945314e-02,4.85945314e-02,3.239635,-5.74873519e-02,2.68237160e-03
1.407000,5.60370374e-02,4.85370374e-02,3.235802,-5.74939777e-02,2.68248507e-03
1.408000,5.59795411e-02,4.84795411e-02,3.231969,-5.74963132e-02,2.71224716e-03
1.409000,5.59220478e-02,4.84220478e-02,3.228137,-5.74933483e-02,2.70821424e-03
1.410000,5.58645665e-02,4.83645665e-02,3.224304,-5.74813222e-02,2.70749287e-03
1.411000,5.58070957e-02,4.83070957e-02,3.220473,-5.74707482e-02,2.69395936e-03
1.412000,5.57496329e-02,4.82496329e-02,3.216642,-5.74628044e-02,2.68236385e-03
1.413000,5.56921716e-02,4.81921716e-02,3.212811,-5.74613557e-02,2.67533516e-03
1.414000,5.56347066e-02,4.81347066e-02,3.208980,-5.74649580e-02,2.66702617e-03
1.415000,5.55772343e-02,4.80772343e-02,3.205149,-5.74723381e-02,2.65765331e-03
1.416000,5.55197502e-02,4.80197502e-02,3.201317,-5.74841044e-02,2.67768918e-03
1.417000,5.54622548e-02,4.79622548e-02,3.197484,-5.74954058e-02,2.67167483e-03
1.418000,5.54047536e-02,4.79047536e-02,3.193650,-5.75011907e-02,2.70686297e-03
1.419000,5.53472508e-02,4.78472508e-02,3.189817,-5.75027282e-02,2.73365350e-03
1.420000,5.52897629e-02,4.77897629e-02,3.185984,-5.74879718e-02,2.71322077e-03
1.421000,5.52322948e-02,4.77322948e-02,3.182153,-5.74680302e-02,2.69017952e-03
1.422000,5.51748360e-02,4.76748360e-02,3.178322,-5.74588737e-02,2.66994433e-03
1.423000,5.51173751e-02,4.76173751e-02,3.174492,-5.74608626e-02,2.64833425e-03
1.424000,5.50599018e-02,4.75599018e-02,3.170660,-5.74733185e-02,2.66771018e-03
1.425000,5.50024123e-02,4.75024123e-02,3.166827,-5.74894451e-02,2.67780177e-03
1.426000,5.49449149e-02,4.74449149e-02,3.162994,-5.74974238e-02,2.68434268e-03
1.427000,5.48874140e-02,4.73874140e-02,3.159161,-5.75009315e-02,2.69901384e-03
1.428000,5.48299143e-02,4.73299143e-02,3.155328,-5.74996967e-02,2.69971707e-03
1.429000,5.47724208e-02,4.72724208e-02,3.151495,-5.74935193e-02,2.73428479e-03
1.430000,5.47149398e-02,4.72149398e-02,3.147663,-5.74809981e-02,2.68896707e-03
1.431000,5.46574746e-02,4.71574746e-02,3.143832,-5.74651382e-02,2.69434326e-03
1.432000,5.46000114e-02,4.71000114e-02,3.140001,-5.74632106e-02,2.67973856e-03
1.433000,5.45425493e-02,4.70425493e-02,3.136170,-5.74621001e-02,2.63208216e-03
1.434000,5.44850751e-02,4.69850751e-02,3.132338,-5.74742134e-02,2.67375467e-03
1.435000,5.44275805e-02,4.69275805e-02,3.128505,-5.74946086e-02,2.69169525e-03
1.436000,5.43700823e-02,4.68700823e-02,3.124672,-5.74981452e-02,2.67797383e-03
1.437000,5.43125841e-02,4.68125841e-02,3.120839,-5.74982164e-02,2.70523342e-03
1.438000,5.42550862e-02,4.67550862e-02,3.117006,-5.74979734e-02,2.70024558e-03
1.439000,5.41975965e-02,4.66975965e-02,3.113173,-5.74896599e-02,2.70588697e-03
1.440000,5.41401145e-02,4.66401145e-02,3.109341,-5.74819869e-02,2.69892761e-03
1.441000,5.40826408e-02,4.65826408e-02,3.105509,-5.74736919e-02,2.68528791e-03
1.442000,5.40251707e-02,4.65251707e-02,3.101678,-5.74700945e-02,2.66988472e-03
1.443000,5.39676970e-02,4.64676970e-02,3.097846,-5.74737004e-02,2.66240778e-03
1.444000,5.39102133e-02,4.64102133e-02,3.094014,-5.74836872e-02,2.65541122e-03
1.445000,5.38527160e-02,4.63527160e-02,3.090181,-5.74973667e-02,2.67533693e-03
1.446000,5.37952061e-02,4.62952061e-02,3.086347,-5.75098204e-02,2.68114800e-03
1.447000,5.37376914e-02,4.62376914e-02,3.082513,-5.75147026e-02,2.71203814e-03
1.448000,5.36801792e-02,4.61801792e-02,3.078679,-5.75122138e-02,2.73742273e-03
1.449000,5.36226841e-02,4.61226841e-02,3.074846,-5.74950912e-02,2.70542378e-03
1.450000,5.35652088e-02,4.60652088e-02,3.071014,-5.74752906e-02,2.68150214e-03
1.451000,5.35077386e-02,4.60077386e-02,3.067183,-5.74702292e-02,2.67870891e-03
1.452000,5.34502651e-02,4.59502651e-02,3.063351,-5.74735180e-02,2.65257615e-03
1.453000,5.33927828e-02,4.58927828e-02,3.059519,-5.74823453e-02,2.67671416e-03
1.454000,5.33352873e-02,4.58352873e-02,3.055686,-5.74954866e-02,2.67772502e-03
1.455000,5.32777867e-02,4.57777867e-02,3.051852,-5.75005218e-02,2.68604720e-03
1.456000,5.32202830e-02,4.57202830e-02,3.048019,-5.75037533e-02,2.68943753e-03
1.457000,5.31627793e-02,4.56627793e-02,3.044185,-5.75036522e-02,2.69040006e-03
1.458000,5.31052771e-02,4.56052771e-02,3.040352,-5.75022674e-02,2.73510007e-03
1.459000,5.30477844e-02,4.55477844e-02,3.036519,-5.74926618e-02,2.69776993e-03
1.460000,5.29903094e-02,4.54903094e-02,3.032687,-5.74749775e-02,2.69183011e-03
1.461000,5.29328388e-02,4.54328388e-02,3.028856,-5.74706033e-02,2.66940933e-03
1.462000,5.28753667e-02,4.53753667e-02,3.025024,-5.74721448e-02,2.62969893e-03
1.463000,5.28178786e-02,4.53178786e-02,3.021192,-5.74880719e-02,2.67915875e-03
1.464000,5.27603703e-02,4.52603703e-02,3.017358,-5.75082940e-02,2.68424404e-03
1.465000,5.27028589e-02,4.52028589e-02,3.013524,-5.75113736e-02,2.67941610e-03
1.466000,5.26453453e-02,4.51453453e-02,3.009690,-5.75136368e-02,2.71328321e-03
1.467000,5.25878338e-02,4.50878338e-02,3.005856,-5.75114966e-02,2.71087592e-03
1.468000,5.25303352e-02,4.50303352e-02,3.002022,-5.74986596e-02,2.70631358e-03
1.469000,5.24728477e-02,4.49728477e-02,2.998190,-5.74874200e-02,2.69382650e-03
1.470000,5.24153678e-02,4.49153678e-02,2.994358,-5.74798869e-02,2.68118832e-03
1.471000,5.23578892e-02,4.48578892e-02,2.990526,-5.74786897e-02,2.67213695e-03
1.472000,5.23004059e-02,4.48004059e-02,2.986694,-5.74832437e-02,2.66813095e-03
1.473000,5.22429144e-02,4.47429144e-02,2.982861,-5.74914788e-02,2.66689252e-03
1.474000,5.21854132e-02,4.46854132e-02,2.979028,-5.75012484e-02,2.67675559e-03
1.475000,5.21279035e-02,4.46279035e-02,2.975194,-5.75096806e-02,2.67171792e-03
1.476000,5.20703877e-02,4.45703877e-02,2.971359,-5.75157645e-02,2.70386256e-03
1.477000,5.20128699e-02,4.45128699e-02,2.967525,-5.75178184e-02,2.73582283e-03
1.478000,5.19553663e-02,4.44553663e-02,2.963691,-5.75036638e-02,2.71460414e-03
1.479000,5.18978835e-02,4.43978835e-02,2.959859,-5.74827651e-02,2.69013717e-03
1.480000,5.18404103e-02,4.43404103e-02,2.956027,-5.74731617e-02,2.67421476e-03
1.481000,5.17829359e-02,4.42829359e-02,2.952196,-5.74744094e-02,2.64302669e-03
1.482000,5.17254495e-02,4.42254495e-02,2.948363,-5.74864014e-02,2.67011753e-03
1.483000,5.16679457e-02,4.41679457e-02,2.944530,-5.75038454e-02,2.67892822e-03
1.484000,5.16104348e-02,4.41104348e-02,2.940696,-5.75108343e-02,2.68287530e-03
1.485000,5.15529206e-02,4.40529206e-02,2.936861,-5.75142316e-02,2.69815853e-03
1.486000,5.14954070e-02,4.39954070e-02,2.933027,-5.75136299e-02,2.69983163e-03
1.487000,5.14378993e-02,4.39378993e-02,2.929193,-5.75077132e-02,2.73323411e-03
1.488000,5.13804039e-02,4.38804039e-02,2.925360,-5.74953401e-02,2.68933567e-03
1.489000,5.13229242e-02,4.38229242e-02,2.921528,-5.74797601e-02,2.69075921e-03
1.490000,5.12654458e-02,4.37654458e-02,2.917696,-5.74783452e-02,2.67240387e-03
1.491000,5.12079661e-02,4.37079661e-02,2.913864,-5.74797088e-02,2.63539914e-03
1.492000,5.11504725e-02,4.36504725e-02,2.910032,-5.74936444e-02,2.68067596e-03
1.493000,5.10929607e-02,4.35929607e-02,2.906197,-5.75117263e-02,2.69397628e-03
1.494000,5.10354482e-02,4.35354482e-02,2.902363,-5.75125865e-02,2.67638426e-03
1.495000,5.09779360e-02,4.34779360e-02,2.898529,-5.75121897e-02,2.70724360e-03
1.496000,5.09204239e-02,4.34204239e-02,2.894695,-5.75121132e-02,2.69927718e-03
1.497000,5.08629205e-02,4.33629205e-02,2.890861,-5.75033108e-02,2.70628925e-03
1.498000,5.08054247e-02,4.33054247e-02,2.887028,-5.74958847e-02,2.70048365e-03
1.499000,5.07479375e-02,4.32479375e-02,2.883196,-5.74871824e-02,2.68783551e-03
1.500000,5.06904549e-02,4.31904549e-02,2.879364,-5.74826234e-02,2.66556467e-03
1.501000,5.06329687e-02,4.31329687e-02,2.875531,-5.74861566e-02,2.66176732e-03
1.502000,5.05754710e-02,4.30754710e-02,2.871698,-5.74976754e-02,2.66295233e-03
1.503000,5.05179608e-02,4.30179608e-02,2.867864,-5.75102318e-02,2.67720885e-03
1.504000,5.04604409e-02,4.29604409e-02,2.864029,-5.75198778e-02,2.68846456e-03
1.505000,5.04029181e-02,4.29029181e-02,2.860195,-5.75228514e-02,2.70864109e-03
1.506000,5.03453995e-02,4.28453995e-02,2.856360,-5.75185604e-02,2.74650662e-03
1.507000,5.02878986e-02,4.27878986e-02,2.852527,-5.75009471e-02,2.69666827e-03
1.508000,5.02304188e-02,4.27304188e-02,2.848695,-5.74797115e-02,2.68896843e-03
1.509000,5.01729426e-02,4.26729426e-02,2.844863,-5.74762052e-02,2.67876967e-03
1.510000,5.01154656e-02,4.26154656e-02,2.841031,-5.74770312e-02,2.64518074e-03
1.511000,5.00579785e-02,4.25579785e-02,2.837199,-5.74871464e-02,2.68172617e-03
1.512000,5.00004766e-02,4.25004766e-02,2.833365,-5.75018301e-02,2.67262038e-03
1.513000,4.99429705e-02,4.24429705e-02,2.829531,-5.75061220e-02,2.68513659e-03
1.514000,4.98854593e-02,4.23854593e-02,2.825697,-5.75111910e-02,2.69048245e-03
1.515000,4.98279481e-02,4.23279481e-02,2.821863,-5.75112041e-02,2.69093769e-03
1.516000,4.97704387e-02,4.22704387e-02,2.818029,-5.75093811e-02,2.73325282e-03
1.517000,4.97129388e-02,4.22129388e-02,2.814196,-5.74999256e-02,2.69970243e-03
1.518000,4.96554563e-02,4.21554563e-02,2.810364,-5.74825062e-02,2.68616312e-03
1.519000,4.95979778e-02,4.20979778e-02,2.806532,-5.74784996e-02,2.66826581e-03
1.520000,4.95404957e-02,4.20404957e-02,2.802700,-5.74821043e-02,2.63720974e-03
1.521000,4.94829986e-02,4.19829986e-02,2.798867,-5.74970788e-02,2.67837009e-03
1.522000,4.94254836e-02,4.19254836e-02,2.795032,-5.75149737e-02,2.68446557e-03
1.523000,4.93679654e-02,4.18679654e-02,2.791198,-5.75182731e-02,2.67813788e-03
1.524000,4.93104447e-02,4.18104447e-02,2.787363,-5.75206896e-02,2.71675265e-03
1.525000,4.92529263e-02,4.17529263e-02,2.783528,-5.75183557e-02,2.71032207e-03
1.526000,4.91954218e-02,4.16954218e-02,2.779695,-5.75044772e-02,2.70484765e-03
1.527000,4.91379282e-02,4.16379282e-02,2.775862,-5.74936787e-02,2.69377852e-03
1.528000,4.90804415e-02,4.15804415e-02,2.772029,-5.74866356e-02,2.68577706e-03
1.529000,4.90229569e-02,4.15229569e-02,2.768197,-5.74846427e-02,2.67277059e-03
1.530000,4.89654693e-02,4.14654693e-02,2.764365,-5.74875776e-02,2.66593468e-03
1.531000,4.89079733e-02,4.14079733e-02,2.760532,-5.74959930e-02,2.66818089e-03
1.532000,4.88504671e-02,4.13504671e-02,2.756698,-5.75062561e-02,2.68453071e-03
1.533000,4.87929542e-02,4.12929542e-02,2.752864,-5.75128902e-02,2.67232639e-03
1.534000,4.87354379e-02,4.12354379e-02,2.749029,-5.75163130e-02,2.70523853e-03
1.535000,4.86779199e-02,4.11779199e-02,2.745195,-5.75179238e-02,2.74174289e-03
1.536000,4.86204177e-02,4.11204177e-02,2.741361,-5.75022703e-02,2.70824074e-03
1.537000,4.85629371e-02,4.10629371e-02,2.737529,-5.74805527e-02,2.68946457e-03
1.538000,4.85054640e-02,4.10054640e-02,2.733698,-5.74731581e-02,2.67382024e-03
1.539000,4.84479893e-02,4.09479893e-02,2.729866,-5.74746964e-02,2.64615567e-03
1.540000,4.83905030e-02,4.08905030e-02,2.726034,-5.74862647e-02,2.67806898e-03
1.541000,4.83330017e-02,4.08330017e-02,2.722200,-5.75012750e-02,2.66550882e-03
1.542000,4.82754937e-02,4.07754937e-02,2.718366,-5.75080255e-02,2.68462659e-03
1.543000,4.82179782e-02,4.07179782e-02,2.714532,-5.75155203e-02,2.70000425e-03
1.544000,4.81604642e-02,4.06604642e-02,2.710698,-5.75140171e-02,2.70115492e-03
1.545000,4.81029569e-02,4.06029569e-02,2.706864,-5.75072601e-02,2.73960476e-03
1.546000,4.80454636e-02,4.05454636e-02,2.703031,-5.74933259e-02,2.69034831e-03
1.547000,4.79879881e-02,4.04879881e-02,2.699199,-5.74754746e-02,2.68552412e-03
1.548000,4.79305134e-02,4.04305134e-02,2.695368,-5.74746529e-02,2.67052326e-03
1.549000,4.78730354e-02,4.03730354e-02,2.691536,-5.74780684e-02,2.63799892e-03
1.550000,4.78155432e-02,4.03155432e-02,2.687703,-5.74921619e-02,2.68070090e-03
1.551000,4.77580338e-02,4.02580338e-02,2.683869,-5.75093855e-02,2.69174529e-03
1.552000,4.77005232e-02,4.02005232e-02,2.680035,-5.75106321e-02,2.67994829e-03
1.553000,4.76430129e-02,4.01430129e-02,2.676201,-5.75103377e-02,2.70583572e-03
1.554000,4.75855035e-02,4.00855035e-02,2.672367,-5.75093397e-02,2.69883003e-03
1.555000,4.75280024e-02,4.00280024e-02,2.668533,-5.75010787e-02,2.70873581e-03
1.556000,4.74705091e-02,3.99705091e-02,2.664701,-5.74933668e-02,2.70136039e-03
1.557000,4.74130254e-02,3.99130254e-02,2.660868,-5.74837060e-02,2.69064571e-03
1.558000,4.73555470e-02,3.98555470e-02,2.657036,-5.74783621e-02,2.66409153e-03
1.559000,4.72980658e-02,3.97980658e-02,2.653204,-5.74812329e-02,2.66128290e-03
1.560000,4.72405724e-02,3.97405724e-02,2.649371,-5.74933212e-02,2.66265148e-03
1.561000,4.71830664e-02,3.96830664e-02,2.645538,-5.75060898e-02,2.67994895e-03
1.562000,4.71255510e-02,3.96255510e-02,2.641703,-5.75153502e-02,2.68857034e-03
1.563000,4.70680336e-02,3.95680336e-02,2.637869,-5.75174051e-02,2.71936452e-03
1.564000,4.70105224e-02,3.95105224e-02,2.634035,-5.75111831e-02,2.74429874e-03
1.565000,4.69530320e-02,3.94530320e-02,2.630202,-5.74904385e-02,2.68939525e-03
1.566000,4.68955608e-02,3.93955608e-02,2.626371,-5.74712141e-02,2.68620511e-03
1.567000,4.68380902e-02,3.93380902e-02,2.622539,-5.74705851e-02,2.68279981e-03
1.568000,4.67806186e-02,3.92806186e-02,2.618708,-5.74716059e-02,2.65223488e-03
1.569000,4.67231394e-02,3.92231394e-02,2.614876,-5.74791501e-02,2.67984967e-03
1.570000,4.66656476e-02,3.91656476e-02,2.611043,-5.74918490e-02,2.67204733e-03
1.571000,4.66081507e-02,3.91081507e-02,2.607210,-5.74968584e-02,2.68715189e-03
1.572000,4.65506490e-02,3.90506490e-02,2.603377,-5.75017593e-02,2.69014871e-03
1.573000,4.64931478e-02,3.89931478e-02,2.599543,-5.75011696e-02,2.68994368e-03
1.574000,4.64356482e-02,3.89356482e-02,2.595710,-5.74996319e-02,2.73628440e-03
1.575000,4.63781582e-02,3.88781582e-02,2.591877,-5.74899668e-02,2.70082133e-03
1.576000,4.63206868e-02,3.88206868e-02,2.588046,-5.74713539e-02,2.68989535e-03
1.577000,4.62632205e-02,3.87632205e-02,2.584215,-5.74663198e-02,2.66688280e-03
1.578000,4.62057516e-02,3.87057516e-02,2.580383,-5.74689434e-02,2.63530936e-03
1.579000,4.61482669e-02,3.86482669e-02,2.576551,-5.74847081e-02,2.67636028e-03
1.580000,4.60907633e-02,3.85907633e-02,2.572718,-5.75035826e-02,2.68323551e-03
1.581000,4.60332555e-02,3.85332555e-02,2.568884,-5.75077595e-02,2.68411295e-03
1.582000,4.59757460e-02,3.84757460e-02,2.565050,-5.75095234e-02,2.71621942e-03
1.583000,4.59182407e-02,3.84182407e-02,2.561216,-5.75053214e-02,2.70759267e-03
1.584000,4.58607486e-02,3.83607486e-02,2.557383,-5.74921007e-02,2.70405139e-03
1.585000,4.58032662e-02,3.83032662e-02,2.553551,-5.74823395e-02,2.69870936e-03
1.586000,4.57457916e-02,3.82457916e-02,2.549719,-5.74746859e-02,2.68778819e-03
1.587000,4.56883208e-02,3.81883208e-02,2.545888,-5.74707179e-02,2.67169260e-03
1.588000,4.56308477e-02,3.81308477e-02,2.542057,-5.74731830e-02,2.66673022e-03
1.589000,4.55733658e-02,3.80733658e-02,2.538224,-5.74818117e-02,2.66755430e-03
1.590000,4.55158739e-02,3.80158739e-02,2.534392,-5.74919244e-02,2.68480585e-03
1.591000,4.54583752e-02,3.79583752e-02,2.530558,-5.74987156e-02,2.67630984e-03
1.592000,4.54008739e-02,3.79008739e-02,2.526725,-5.75013437e-02,2.70313830e-03
1.593000,4.53433718e-02,3.78433718e-02,2.522891,-5.75020176e-02,2.74159764e-03
1.594000,4.52858848e-02,3.77858848e-02,2.519059,-5.74870795e-02,2.70731585e-03
1.595000,4.52284192e-02,3.77284192e-02,2.515228,-5.74655732e-02,2.69064802e-03
1.596000,4.51709609e-02,3.76709609e-02,2.511397,-5.74582731e-02,2.67544466e-03
1.597000,4.51135018e-02,3.76135018e-02,2.507567,-5.74591355e-02,2.64650717e-03
1.598000,4.50560317e-02,3.75560317e-02,2.503735,-5.74701081e-02,2.67809243e-03
1.599000,4.49985467e-02,3.74985467e-02,2.499903,-5.74849988e-02,2.67459080e-03
1.600000,4.49410565e-02,3.74410565e-02,2.496070,-5.74901356e-02,2.68310005e-03
1.601000,4.48835616e-02,3.73835616e-02,2.492237,-5.74949176e-02,2.69325844e-03
1.602000,4.48260665e-02,3.73260665e-02,2.488404,-5.74951087e-02,2.70225398e-03
1.603000,4.47685761e-02,3.72685761e-02,2.484572,-5.74903728e-02,2.73825635e-03
1.604000,4.47110998e-02,3.72110998e-02,2.480740,-5.74763161e-02,2.69220163e-03
1.605000,4.46536412e-02,3.71536412e-02,2.476909,-5.74585799e-02,2.68884523e-03
1.606000,4.45961847e-02,3.70961847e-02,2.473079,-5.74565623e-02,2.66871157e-03
1.607000,4.45387255e-02,3.70387255e-02,2.469248,-5.74592074e-02,2.63743036e-03
1.608000,4.44812515e-02,3.69812515e-02,2.465417,-5.74739964e-02,2.68163797e-03
1.609000,4.44237602e-02,3.69237602e-02,2.461584,-5.74912410e-02,2.68852741e-03
1.610000,4.43662675e-02,3.68662675e-02,2.457751,-5.74927489e-02,2.68446000e-03
1.611000,4.43087748e-02,3.68087748e-02,2.453918,-5.74927135e-02,2.70685652e-03
1.612000,4.42512847e-02,3.67512847e-02,2.450086,-5.74900532e-02,2.69837617e-03
1.613000,4.41938032e-02,3.66938032e-02,2.446254,-5.74815373e-02,2.70799493e-03
1.614000,4.41363291e-02,3.66363291e-02,2.442422,-5.74741055e-02,2.70416670e-03
1.615000,4.40788649e-02,3.65788649e-02,2.438591,-5.74641917e-02,2.69299461e-03
1.616000,4.40214074e-02,3.65214074e-02,2.434760,-5.74575108e-02,2.66335070e-03
1.617000,4.39639476e-02,3.64639476e-02,2.430930,-5.74597412e-02,2.66049128e-03
1.618000,4.39064754e-02,3.64064754e-02,2.427098,-5.74722128e-02,2.66312661e-03
1.619000,4.38489903e-02,3.63489903e-02,2.423266,-5.74851574e-02,2.68098988e-03
1.620000,4.37914962e-02,3.62914962e-02,2.419433,-5.74940776e-02,2.69116228e-03
1.621000,4.37340009e-02,3.62340009e-02,2.415600,-5.74953323e-02,2.70590169e-03
1.622000,4.36765102e-02,3.61765102e-02,2.411767,-5.74906398e-02,2.74771623e-03
1.623000,4.36190365e-02,3.61190365e-02,2.407936,-5.74737122e-02,2.69597583e-03
1.624000,4.35615843e-02,3.60615843e-02,2.404106,-5.74522019e-02,2.68852464e-03
1.625000,4.35041353e-02,3.60041353e-02,2.400276,-5.74490014e-02,2.68183767e-03
1.626000,4.34466859e-02,3.59466859e-02,2.396446,-5.74494306e-02,2.65124202e-03
1.627000,4.33892284e-02,3.58892284e-02,2.392615,-5.74574664e-02,2.68077024e-03
1.628000,4.33317581e-02,3.58317581e-02,2.388784,-5.74703285e-02,2.67643731e-03
1.629000,4.32742838e-02,3.57742838e-02,2.384952,-5.74742594e-02,2.68544969e-03
1.630000,4.32168058e-02,3.57168058e-02,2.381120,-5.74780195e-02,2.68841250e-03
1.631000,4.31593275e-02,3.56593275e-02,2.377288,-5.74782958e-02,2.69183906e-03
1.632000,4.31018505e-02,3.56018505e-02,2.373457,-5.74769932e-02,2.73575716e-03
1.633000,4.30443837e-02,3.55443837e-02,2.369626,-5.74667988e-02,2.70146270e-03
1.634000,4.29869355e-02,3.54869355e-02,2.365796,-5.74482457e-02,2.68967633e-03
1.635000,4.29294924e-02,3.54294924e-02,2.361966,-5.74430397e-02,2.66633715e-03
1.636000,4.28720466e-02,3.53720466e-02,2.358136,-5.74458317e-02,2.63611607e-03
1.637000,4.28145850e-02,3.53145850e-02,2.354306,-5.74616329e-02,2.67971003e-03
1.638000,4.27571053e-02,3.52571053e-02,2.350474,-5.74796501e-02,2.68418999e-03
1.639000,4.26996227e-02,3.51996227e-02,2.346642,-5.74825582e-02,2.68398603e-03
1.640000,4.26421387e-02,3.51421387e-02,2.342809,-5.74840310e-02,2.71685855e-03
1.641000,4.25846590e-02,3.50846590e-02,2.338977,-5.74797577e-02,2.70832585e-03
1.642000,4.25271928e-02,3.50271928e-02,2.335146,-5.74661975e-02,2.70509601e-03
1.643000,4.24697367e-02,3.49697367e-02,2.331316,-5.74560107e-02,2.69936532e-03
1.644000,4.24122888e-02,3.49122888e-02,2.327486,-5.74478980e-02,2.69008548e-03
1.645000,4.23548455e-02,3.48548455e-02,2.323656,-5.74433084e-02,2.67137420e-03
1.646000,4.22974005e-02,3.47974005e-02,2.319827,-5.74450754e-02,2.66651293e-03
1.647000,4.22399466e-02,3.47399466e-02,2.315996,-5.74538470e-02,2.66803125e-03
1.648000,4.21824827e-02,3.46824827e-02,2.312166,-5.74639467e-02,2.68567656e-03
1.649000,4.21250122e-02,3.46250122e-02,2.308334,-5.74704273e-02,2.67706506e-03
1.650000,4.20675396e-02,3.45675396e-02,2.304503,-5.74726359e-02,2.70059234e-03
1.651000,4.20100661e-02,3.45100661e-02,2.300671,-5.74735120e-02,2.74053841e-03
1.652000,4.19526065e-02,3.44526065e-02,2.296840,-5.74595974e-02,2.71036698e-03
1.653000,4.18951686e-02,3.43951686e-02,2.293011,-5.74378994e-02,2.69289569e-03
1.654000,4.18377394e-02,3.43377394e-02,2.289183,-5.74291997e-02,2.67586544e-03
1.655000,4.17803102e-02,3.42803102e-02,2.285354,-5.74292495e-02,2.64634843e-03
1.656000,4.17228700e-02,3.42228700e-02,2.281525,-5.74401121e-02,2.67854583e-03
1.657000,4.16654151e-02,3.41654151e-02,2.277694,-5.74549747e-02,2.67563400e-03
1.658000,4.16079553e-02,3.41079553e-02,2.273864,-5.74597781e-02,2.68405314e-03
1.659000,4.15504912e-02,3.40504912e-02,2.270033,-5.74640490e-02,2.69388352e-03
1.660000,4.14930274e-02,3.39930274e-02,2.266202,-5.74638165e-02,2.70336089e-03
1.661000,4.14355687e-02,3.39355687e-02,2.262371,-5.74586796e-02,2.74019368e-03
1.662000,4.13781248e-02,3.38781248e-02,2.258542,-5.74439168e-02,2.69244973e-03
1.663000,4.13206993e-02,3.38206993e-02,2.254713,-5.74255004e-02,2.68470384e-03
1.664000,4.12632752e-02,3.37632752e-02,2.250885,-5.74241337e-02,2.66923845e-03
1.665000,4.12058471e-02,3.37058471e-02,2.247056,-5.74280457e-02,2.64364010e-03
1.666000,4.11484056e-02,3.36484056e-02,2.243227,-5.74415636e-02,2.68183525e-03
1.667000,4.10909488e-02,3.35909488e-02,2.239397,-5.74567340e-02,2.69085238e-03
1.668000,4.10334911e-02,3.35334911e-02,2.235566,-5.74577659e-02,2.68389460e-03
1.669000,4.09760340e-02,3.34760340e-02,2.231736,-5.74570669e-02,2.70621132e-03
1.670000,4.09185793e-02,3.34185793e-02,2.227905,-5.74547064e-02,2.70000321e-03
1.671000,4.08611332e-02,3.33611332e-02,2.224076,-5.74461147e-02,2.70964410e-03
1.672000,4.08036953e-02,3.33036953e-02,2.220246,-5.74378569e-02,2.70499929e-03
1.673000,4.07462681e-02,3.32462681e-02,2.216418,-5.74272543e-02,2.69185754e-03
1.674000,4.06888476e-02,3.31888476e-02,2.212590,-5.74205010e-02,2.66399317e-03
1.675000,4.06314246e-02,3.31314246e-02,2.208762,-5.74229912e-02,2.66202320e-03
1.676000,4.05739896e-02,3.30739896e-02,2.204933,-5.74349809e-02,2.66413672e-03
1.677000,4.05165424e-02,3.30165424e-02,2.201103,-5.74472438e-02,2.68163507e-03
1.678000,4.04590866e-02,3.29590866e-02,2.197272,-5.74557181e-02,2.68987296e-03
1.679000,4.04016297e-02,3.29016297e-02,2.193442,-5.74569890e-02,2.70772063e-03
1.680000,4.03441773e-02,3.28441773e-02,2.189612,-5.74523983e-02,2.74483825e-03
1.681000,4.02867419e-02,3.27867419e-02,2.185783,-5.74353823e-02,2.69977412e-03
1.682000,4.02293277e-02,3.27293277e-02,2.181955,-5.74141454e-02,2.69188371e-03
1.683000,4.01719186e-02,3.26719186e-02,2.178128,-5.74091035e-02,2.68136553e-03
1.684000,4.01145101e-02,3.26145101e-02,2.174301,-5.74085130e-02,2.65126965e-03
1.685000,4.00570934e-02,3.25570934e-02,2.170473,-5.74166990e-02,2.68159106e-03
1.686000,3.99996640e-02,3.24996640e-02,2.166644,-5.74294069e-02,2.67212874e-03
1.687000,3.99422302e-02,3.24422302e-02,2.162815,-5.74338301e-02,2.68869591e-03
1.688000,3.98847917e-02,3.23847917e-02,2.158986,-5.74384311e-02,2.69250216e-03
1.689000,3.98273548e-02,3.23273548e-02,2.155157,-5.74369182e-02,2.69126524e-03
1.690000,3.97699205e-02,3.22699205e-02,2.151328,-5.74343739e-02,2.73862505e-03
1.691000,3.97124966e-02,3.22124966e-02,2.147500,-5.74238608e-02,2.70282559e-03
1.692000,3.96550925e-02,3.21550925e-02,2.143673,-5.74041248e-02,2.68641308e-03
1.693000,3.95976934e-02,3.20976934e-02,2.139846,-5.73990482e-02,2.66892509e-03
1.694000,3.95402910e-02,3.20402910e-02,2.136019,-5.74024543e-02,2.63920429e-03
1.695000,3.94828741e-02,3.19828741e-02,2.132192,-5.74168596e-02,2.68103782e-03
1.696000,3.94254405e-02,3.19254405e-02,2.128363,-5.74336277e-02,2.68676674e-03
1.697000,3.93680048e-02,3.18680048e-02,2.124534,-5.74356440e-02,2.67991110e-03
1.698000,3.93105678e-02,3.18105678e-02,2.120705,-5.74369912e-02,2.71816253e-03
1.699000,3.92531340e-02,3.17531340e-02,2.116876,-5.74338256e-02,2.71282462e-03
1.700000,3.91957150e-02,3.16957150e-02,2.113048,-5.74190416e-02,2.70720301e-03
1.701000,3.91383080e-02,3.16383080e-02,2.109221,-5.74070047e-02,2.69588177e-03
1.702000,3.90809092e-02,3.15809092e-02,2.105394,-5.73988161e-02,2.68818639e-03
1.703000,3.90235135e-02,3.15235135e-02,2.101568,-5.73957064e-02,2.67475245e-03
1.704000,3.89661160e-02,3.14661160e-02,2.097741,-5.73974996e-02,2.66869809e-03
1.705000,3.89087112e-02,3.14087112e-02,2.093914,-5.74047754e-02,2.67116321e-03
1.706000,3.88512976e-02,3.13512976e-02,2.090087,-5.74136036e-02,2.68270306e-03
1.707000,3.87938780e-02,3.12938780e-02,2.086259,-5.74195815e-02,2.67570077e-03
1.708000,3.87364550e-02,3.12364550e-02,2.082430,-5.74230078e-02,2.70606784e-03
1.709000,3.86790316e-02,3.11790316e-02,2.078602,-5.74233637e-02,2.73908942e-03
1.710000,3.86216237e-02,3.11216237e-02,2.074775,-5.74079071e-02,2.71511801e-03
1.711000,3.85642379e-02,3.10642379e-02,2.070949,-5.73858448e-02,2.69433754e-03
1.712000,3.85068625e-02,3.10068625e-02,2.067124,-5.73753299e-02,2.67592574e-03
1.713000,3.84494876e-02,3.09494876e-02,2.063299,-5.73748955e-02,2.64504800e-03
1.714000,3.83921017e-02,3.08921017e-02,2.059473,-5.73859682e-02,2.67257795e-03
1.715000,3.83346994e-02,3.08346994e-02,2.055647,-5.74023132e-02,2.68175447e-03
1.716000,3.82772914e-02,3.07772914e-02,2.051819,-5.74079942e-02,2.68586594e-03
1.717000,3.82198814e-02,3.07198814e-02,2.047992,-5.74099345e-02,2.70096792e-03
1.718000,3.81624736e-02,3.06624736e-02,2.044165,-5.74078539e-02,2.70261993e-03
1.719000,3.81050731e-02,3.06050731e-02,2.040338,-5.74005214e-02,2.73609402e-03
1.720000,3.80476863e-02,3.05476863e-02,2.036512,-5.73867268e-02,2.69153979e-03
1.721000,3.79903165e-02,3.04903165e-02,2.032688,-5.73698178e-02,2.69778091e-03
1.722000,3.79329501e-02,3.04329501e-02,2.028863,-5.73664374e-02,2.67638485e-03
1.723000,3.78755853e-02,3.03755853e-02,2.025039,-5.73647910e-02,2.63621804e-03
1.724000,3.78182080e-02,3.03182080e-02,2.021214,-5.73772744e-02,2.68406313e-03
1.725000,3.77608135e-02,3.02608135e-02,2.017388,-5.73944883e-02,2.69559327e-03
1.726000,3.77034196e-02,3.02034196e-02,2.013561,-5.73939502e-02,2.67942553e-03
1.727000,3.76460271e-02,3.01460271e-02,2.009735,-5.73924845e-02,2.70907018e-03
1.728000,3.75886360e-02,3.00886360e-02,2.005909,-5.73910862e-02,2.70360334e-03
1.729000,3.75312551e-02,3.00312551e-02,2.002084,-5.73809189e-02,2.70992262e-03
1.730000,3.74738837e-02,2.99738837e-02,1.998259,-5.73714295e-02,2.70277471e-03
1.731000,3.74165225e-02,2.99165225e-02,1.994435,-5.73611288e-02,2.68926442e-03
1.732000,3.73591670e-02,2.98591670e-02,1.990611,-5.73555647e-02,2.67448422e-03
1.733000,3.73018099e-02,2.98018099e-02,1.986787,-5.73570513e-02,2.66010906e-03
1.734000,3.72444440e-02,2.97444440e-02,1.982963,-5.73659340e-02,2.65992474e-03
1.735000,3.71870644e-02,2.96870644e-02,1.979138,-5.73795704e-02,2.68194622e-03
1.736000,3.71296750e-02,2.96296750e-02,1.975312,-5.73893730e-02,2.68517979e-03
1.737000,3.70722837e-02,2.95722837e-02,1.971486,-5.73913716e-02,2.71739480e-03
1.738000,3.70148970e-02,2.95148970e-02,1.967660,-5.73866114e-02,2.74040185e-03
1.739000,3.69575298e-02,2.94575298e-02,1.963835,-5.73672028e-02,2.70901888e-03
1.740000,3.69001841e-02,2.94001841e-02,1.960012,-5.73457880e-02,2.68728499e-03
1.741000,3.68428455e-02,2.93428455e-02,1.956190,-5.73385233e-02,2.67778933e-03
1.742000,3.67855055e-02,2.92855055e-02,1.952367,-5.73400755e-02,2.65809202e-03
1.743000,3.67281572e-02,2.92281572e-02,1.948544,-5.73482295e-02,2.68146200e-03
1.744000,3.66707985e-02,2.91707985e-02,1.944720,-5.73587196e-02,2.68044481e-03
1.745000,3.66134368e-02,2.91134368e-02,1.940896,-5.73617146e-02,2.69312471e-03
1.746000,3.65560740e-02,2.90560740e-02,1.937072,-5.73628014e-02,2.69340764e-03
1.747000,3.64987143e-02,2.89987143e-02,1.933248,-5.73596738e-02,2.69474400e-03
1.748000,3.64413581e-02,2.89413581e-02,1.929424,-5.73562170e-02,2.73915428e-03
1.749000,3.63840136e-02,2.88840136e-02,1.925601,-5.73444679e-02,2.70400592e-03
1.750000,3.63266893e-02,2.88266893e-02,1.921779,-5.73243493e-02,2.69472080e-03
1.751000,3.62693719e-02,2.87693719e-02,1.917958,-5.73174160e-02,2.68569647e-03
1.752000,3.62120567e-02,2.87120567e-02,1.914137,-5.73151279e-02,2.63306622e-03
1.753000,3.61547316e-02,2.86547316e-02,1.910315,-5.73251105e-02,2.67589743e-03
1.754000,3.60973868e-02,2.85973868e-02,1.906492,-5.73448036e-02,2.68068992e-03
1.755000,3.60400372e-02,2.85400372e-02,1.902669,-5.73495827e-02,2.68845175e-03
1.756000,3.59826858e-02,2.84826858e-02,1.898846,-5.73514153e-02,2.72472328e-03
1.757000,3.59253415e-02,2.84253415e-02,1.895023,-5.73442846e-02,2.70496825e-03
1.758000,3.58680128e-02,2.83680128e-02,1.891201,-5.73287352e-02,2.71339588e-03
1.759000,3.58106946e-02,2.83106946e-02,1.887380,-5.73181833e-02,2.70133118e-03
1.760000,3.57533876e-02,2.82533876e-02,1.883559,-5.73069972e-02,2.68558820e-03
1.761000,3.56960851e-02,2.81960851e-02,1.879739,-5.73025573e-02,2.68281614e-03
1.762000,3.56387813e-02,2.81387813e-02,1.875919,-5.73037778e-02,2.65777772e-03
1.763000,3.55814710e-02,2.80814710e-02,1.872098,-5.73103365e-02,2.66704909e-03
1.764000,3.55241475e-02,2.80241475e-02,1.868276,-5.73234787e-02,2.68414778e-03
1.765000,3.54668169e-02,2.79668169e-02,1.864454,-5.73305522e-02,2.68089277e-03
1.766000,3.54094843e-02,2.79094843e-02,1.860632,-5.73325859e-02,2.71532106e-03
1.767000,3.53521547e-02,2.78521547e-02,1.856810,-5.73296004e-02,2.73374271e-03
1.768000,3.52948427e-02,2.77948427e-02,1.852990,-5.73120504e-02,2.70840608e-03
1.769000,3.52375498e-02,2.77375498e-02,1.849170,-5.72929310e-02,2.69692411e-03
1.770000,3.51802656e-02,2.76802656e-02,1.845351,-5.72841629e-02,2.68073799e-03
1.771000,3.51229836e-02,2.76229836e-02,1.841532,-5.72820281e-02,2.66411288e-03
1.772000,3.50656954e-02,2.75656954e-02,1.837713,-5.72881489e-02,2.67460848e-03
1.773000,3.50083975e-02,2.75083975e-02,1.833893,-5.72978737e-02,2.67911818e-03
1.774000,3.49510942e-02,2.74510942e-02,1.830073,-5.73033541e-02,2.68093162e-03
1.775000,3.48937872e-02,2.73937872e-02,1.826252,-5.73070327e-02,2.69678705e-03
1.776000,3.48364798e-02,2.73364798e-02,1.822432,-5.73073119e-02,2.71563542e-03
1.777000,3.47791808e-02,2.72791808e-02,1.818612,-5.72990509e-02,2.73928414e-03
1.778000,3.47219004e-02,2.72219004e-02,1.814793,-5.72804177e-02,2.69831728e-03
1.779000,3.46646391e-02,2.71646391e-02,1.810976,-5.72612625e-02,2.69622035e-03
1.780000,3.46073832e-02,2.71073832e-02,1.807159,-5.72559322e-02,2.68336878e-03
1.781000,3.45501296e-02,2.70501296e-02,1.803342,-5.72535632e-02,2.64744550e-03
1.782000,3.44928679e-02,2.69928679e-02,1.799525,-5.72617676e-02,2.67535806e-03
1.783000,3.44355910e-02,2.69355910e-02,1.795706,-5.72768336e-02,2.69388510e-03
1.784000,3.43783116e-02,2.68783116e-02,1.791887,-5.72794564e-02,2.69023003e-03
1.785000,3.43210349e-02,2.68210349e-02,1.788069,-5.72766411e-02,2.70167832e-03
1.786000,3.42637619e-02,2.67637619e-02,1.784251,-5.72730016e-02,2.69386363e-03
1.787000,3.42064949e-02,2.67064949e-02,1.780433,-5.72669842e-02,2.72466168e-03
1.788000,3.41492368e-02,2.66492368e-02,1.776616,-5.72580871e-02,2.70947375e-03
1.789000,3.40919951e-02,2.65919951e-02,1.772800,-5.72417612e-02,2.69605295e-03
1.790000,3.40347623e-02,2.65347623e-02,1.768984,-5.72327966e-02,2.67415772e-03
1.791000,3.39775302e-02,2.64775302e-02,1.765169,-5.72321115e-02,2.64143721e-03
1.792000,3.39202858e-02,2.64202858e-02,1.761352,-5.72444033e-02,2.67453797e-03
1.793000,3.38630242e-02,2.63630242e-02,1.757535,-5.72615876e-02,2.68801911e-03
1.794000,3.38057587e-02,2.63057587e-02,1.753717,-5.72655171e-02,2.69327873e-03
1.795000,3.37484946e-02,2.62484946e-02,1.749900,-5.72640891e-02,2.72490213e-03
1.796000,3.36912392e-02,2.61912392e-02,1.746083,-5.72553415e-02,2.72541804e-03
1.797000,3.36340031e-02,2.61340031e-02,1.742267,-5.72361171e-02,2.70184671e-03
1.798000,3.35767822e-02,2.60767822e-02,1.738452,-5.72208915e-02,2.70170116e-03
1.799000,3.35195688e-02,2.60195688e-02,1.734638,-5.72134329e-02,2.69248552e-03
1.800000,3.34623611e-02,2.59623611e-02,1.730824,-5.72076518e-02,2.68087446e-03
1.801000,3.34051542e-02,2.59051542e-02,1.727010,-5.72069505e-02,2.67087480e-03
1.802000,3.33479424e-02,2.58479424e-02,1.723196,-5.72118308e-02,2.67435678e-03
1.803000,3.32907230e-02,2.57907230e-02,1.719382,-5.72193793e-02,2.68821257e-03
1.804000,3.32334997e-02,2.57334997e-02,1.715567,-5.72233341e-02,2.68413048e-03
1.805000,3.31762762e-02,2.56762762e-02,1.711752,-5.72234604e-02,2.71088472e-03
1.806000,3.31190560e-02,2.56190560e-02,1.707937,-5.72201960e-02,2.75190844e-03
1.807000,3.30618551e-02,2.55618551e-02,1.704124,-5.72008906e-02,2.70794682e-03
1.808000,3.30046792e-02,2.55046792e-02,1.700312,-5.71758865e-02,2.70077652e-03
1.809000,3.29475126e-02,2.54475126e-02,1.696501,-5.71665880e-02,2.67907855e-03
1.810000,3.28903491e-02,2.53903491e-02,1.692690,-5.71634814e-02,2.65086079e-03
1.811000,3.28331767e-02,2.53331767e-02,1.688878,-5.71724907e-02,2.68387204e-03
1.812000,3.27759917e-02,2.52759917e-02,1.685066,-5.71849295e-02,2.68160429e-03
1.813000,3.27188048e-02,2.52188048e-02,1.681254,-5.71869280e-02,2.68970159e-03
1.814000,3.26616166e-02,2.51616166e-02,1.677441,-5.71882393e-02,2.69929164e-03
1.815000,3.26044314e-02,2.51044314e-02,1.673629,-5.71851954e-02,2.70962575e-03
1.816000,3.25472542e-02,2.50472542e-02,1.669817,-5.71771745e-02,2.74849318e-03
1.817000,3.24900953e-02,2.49900953e-02,1.666006,-5.71588865e-02,2.69797274e-03
1.818000,3.24329585e-02,2.49329585e-02,1.662197,-5.71367678e-02,2.69385223e-03
1.819000,3.23758266e-02,2.48758266e-02,1.658388,-5.71319695e-02,2.68090451e-03
1.820000,3.23186958e-02,2.48186958e-02,1.654580,-5.71308140e-02,2.64149975e-03
1.821000,3.22615549e-02,2.47615549e-02,1.650770,-5.71408791e-02,2.68677326e-03
1.822000,3.22043990e-02,2.47043990e-02,1.646960,-5.71558791e-02,2.70176564e-03
1.823000,3.21472456e-02,2.46472456e-02,1.643150,-5.71533595e-02,2.68450348e-03
1.824000,3.20900967e-02,2.45900967e-02,1.639340,-5.71489687e-02,2.71349463e-03
1.825000,3.20329515e-02,2.45329515e-02,1.635530,-5.71451203e-02,2.70856914e-03
1.826000,3.19758189e-02,2.44758189e-02,1.631721,-5.71326218e-02,2.71466350e-03
1.827000,3.19186983e-02,2.44186983e-02,1.627913,-5.71206632e-02,2.70846568e-03
1.828000,3.18615905e-02,2.43615905e-02,1.624106,-5.71077991e-02,2.69472118e-03
1.829000,3.18044911e-02,2.43044911e-02,1.620299,-5.70994011e-02,2.67986375e-03
1.830000,3.17473929e-02,2.42473929e-02,1.616493,-5.70981443e-02,2.66471718e-03
1.831000,3.16902885e-02,2.41902885e-02,1.612686,-5.71044454e-02,2.66551149e-03
1.832000,3.16331729e-02,2.41331729e-02,1.608878,-5.71155804e-02,2.68642906e-03
1.833000,3.15760501e-02,2.40760501e-02,1.605070,-5.71227556e-02,2.69102606e-03
1.834000,3.15189279e-02,2.40189279e-02,1.601262,-5.71222481e-02,2.72416804e-03
1.835000,3.14618135e-02,2.39618135e-02,1.597454,-5.71143701e-02,2.74697713e-03
1.836000,3.14047219e-02,2.39047219e-02,1.593648,-5.70915743e-02,2.71183370e-03
1.837000,3.13476544e-02,2.38476544e-02,1.589844,-5.70675024e-02,2.69122969e-03
1.838000,3.12905958e-02,2.37905958e-02,1.586040,-5.70586156e-02,2.68406571e-03
1.839000,3.12335381e-02,2.37335381e-02,1.582236,-5.70577624e-02,2.67183068e-03
1.840000,3.11764766e-02,2.36764766e-02,1.578432,-5.70614256e-02,2.68626010e-03
1.841000,3.11194101e-02,2.36194101e-02,1.574627,-5.70665553e-02,2.68042018e-03
1.842000,3.10623421e-02,2.35623421e-02,1.570823,-5.70679789e-02,2.69298305e-03
1.843000,3.10052730e-02,2.35052730e-02,1.567018,-5.70690988e-02,2.68331121e-03
1.844000,3.09482052e-02,2.34482052e-02,1.563214,-5.70678032e-02,2.71414584e-03
1.845000,3.08911410e-02,2.33911410e-02,1.559409,-5.70642312e-02,2.74585577e-03
1.846000,3.08340960e-02,2.33340960e-02,1.555606,-5.70449251e-02,2.71274489e-03
1.847000,3.07770750e-02,2.32770750e-02,1.551805,-5.70210603e-02,2.70137785e-03
1.848000,3.07200649e-02,2.32200649e-02,1.548004,-5.70100797e-02,2.68321449e-03
1.849000,3.06630589e-02,2.31630589e-02,1.544204,-5.70060442e-02,2.65227387e-03
1.850000,3.06060454e-02,2.31060454e-02,1.540403,-5.70134454e-02,2.68213770e-03
1.851000,3.05490197e-02,2.30490197e-02,1.536601,-5.70257268e-02,2.68422506e-03
1.852000,3.04919919e-02,2.29919919e-02,1.532799,-5.70278314e-02,2.69634176e-03
1.853000,3.04349647e-02,2.29349647e-02,1.528998,-5.70271077e-02,2.70783789e-03
1.854000,3.03779444e-02,2.28779444e-02,1.525196,-5.70203718e-02,2.71039457e-03
1.855000,3.03209350e-02,2.28209350e-02,1.521396,-5.70094083e-02,2.74221847e-03
1.856000,3.02639430e-02,2.27639430e-02,1.517596,-5.69919774e-02,2.70941874e-03
1.857000,3.02069731e-02,2.27069731e-02,1.513798,-5.69698953e-02,2.69471719e-03
1.858000,3.01500119e-02,2.26500119e-02,1.510001,-5.69611849e-02,2.67684430e-03
1.859000,3.00930514e-02,2.25930514e-02,1.506203,-5.69604634e-02,2.64898369e-03
1.860000,3.00360809e-02,2.25360809e-02,1.502405,-5.69705385e-02,2.68863418e-03
1.861000,2.99790982e-02,2.24790982e-02,1.498607,-5.69827516e-02,2.70018114e-03
1.862000,2.99221183e-02,2.24221183e-02,1.494808,-5.69799010e-02,2.69525445e-03
1.863000,2.98651441e-02,2.23651441e-02,1.491010,-5.69741294e-02,2.71905099e-03
1.864000,2.98081784e-02,2.23081784e-02,1.487212,-5.69657676e-02,2.71000494e-03
1.865000,2.97512272e-02,2.22512272e-02,1.483415,-5.69511905e-02,2.71519246e-03
1.866000,2.96942885e-02,2.21942885e-02,1.479619,-5.69386668e-02,2.71310830e-03
1.867000,2.96373637e-02,2.21373637e-02,1.475824,-5.69248080e-02,2.69946522e-03
1.868000,2.95804496e-02,2.20804496e-02,1.472030,-5.69140463e-02,2.68094109e-03
1.869000,2.95235386e-02,2.20235386e-02,1.468236,-5.69110410e-02,2.67487922e-03
1.870000,2.94666234e-02,2.19666234e-02,1.464442,-5.69151912e-02,2.66744172e-03
1.871000,2.94097008e-02,2.19097008e-02,1.460647,-5.69226475e-02,2.68932114e-03
1.872000,2.93527721e-02,2.18527721e-02,1.456851,-5.69286773e-02,2.69353354e-03
1.873000,2.92958453e-02,2.17958453e-02,1.453056,-5.69267766e-02,2.72838947e-03
1.874000,2.92389280e-02,2.17389280e-02,1.449262,-5.69173287e-02,2.75118579e-03
1.875000,2.91820356e-02,2.16820356e-02,1.445469,-5.68924022e-02,2.71572390e-03
1.876000,2.91251693e-02,2.16251693e-02,1.441678,-5.68662601e-02,2.69798425e-03
1.877000,2.90683144e-02,2.15683144e-02,1.437888,-5.68549013e-02,2.68669960e-03
1.878000,2.90114631e-02,2.15114631e-02,1.434098,-5.68513641e-02,2.67442565e-03
1.879000,2.89546094e-02,2.14546094e-02,1.430307,-5.68537033e-02,2.68994068e-03
1.880000,2.88977520e-02,2.13977520e-02,1.426517,-5.68573299e-02,2.68209695e-03
1.881000,2.88408948e-02,2.13408948e-02,1.422726,-5.68572482e-02,2.69908263e-03
1.882000,2.87840380e-02,2.12840380e-02,1.418936,-5.68567388e-02,2.68759044e-03
1.883000,2.87271854e-02,2.12271854e-02,1.415146,-5.68526833e-02,2.71602406e-03
1.884000,2.86703380e-02,2.11703380e-02,1.411356,-5.68473738e-02,2.75174043e-03
1.885000,2.86135116e-02,2.11135116e-02,1.407567,-5.68264102e-02,2.71771350e-03
1.886000,2.85567118e-02,2.10567118e-02,1.403781,-5.67997341e-02,2.70658837e-03
1.887000,2.84999256e-02,2.09999256e-02,1.399995,-5.67862004e-02,2.68799815e-03
1.888000,2.84431460e-02,2.09431460e-02,1.396210,-5.67796078e-02,2.65555993e-03
1.889000,2.83863612e-02,2.08863612e-02,1.392424,-5.67848568e-02,2.68972750e-03
1.890000,2.83295665e-02,2.08295665e-02,1.388638,-5.67947168e-02,2.68826791e-03
1.891000,2.82727728e-02,2.07727728e-02,1.384852,-5.67936139e-02,2.69766505e-03
1.892000,2.82159815e-02,2.07159815e-02,1.381065,-5.67913285e-02,2.71214746e-03
1.893000,2.81591981e-02,2.06591981e-02,1.377280,-5.67833959e-02,2.71644780e-03
1.894000,2.81024282e-02,2.06024282e-02,1.373495,-5.67699466e-02,2.75060189e-03
1.895000,2.80456791e-02,2.05456791e-02,1.369712,-5.67490452e-02,2.70737449e-03
1.896000,2.79889546e-02,2.04889546e-02,1.365930,-5.67245714e-02,2.70394530e-03
1.897000,2.79322397e-02,2.04322397e-02,1.362149,-5.67149005e-02,2.68663740e-03
1.898000,2.78755302e-02,2.03755302e-02,1.358369,-5.67094165e-02,2.65048103e-03
1.899000,2.78188142e-02,2.03188142e-02,1.354588,-5.67160106e-02,2.69691491e-03
1.900000,2.77620880e-02,2.02620880e-02,1.350806,-5.67262676e-02,2.70985506e-03
1.901000,2.77053690e-02,2.02053690e-02,1.347025,-5.67189868e-02,2.69203284e-03
1.902000,2.76486584e-02,2.01486584e-02,1.343244,-5.67106078e-02,2.72171837e-03
1.903000,2.75919555e-02,2.00919555e-02,1.339464,-5.67028324e-02,2.71149430e-03
1.904000,2.75352684e-02,2.00352684e-02,1.335685,-5.66871158e-02,2.72726059e-03
1.905000,2.74785964e-02,1.99785964e-02,1.331906,-5.66719689e-02,2.72177898e-03
1.906000,2.74219438e-02,1.99219438e-02,1.328130,-5.66526134e-02,2.70525955e-03
1.907000,2.73653059e-02,1.98653059e-02,1.324354,-5.66379795e-02,2.68005426e-03
1.908000,2.73086726e-02,1.98086726e-02,1.320578,-5.66332281e-02,2.65752588e-03
1.909000,2.72520319e-02,1.97520319e-02,1.316802,-5.66407383e-02,2.68511759e-03
1.910000,2.71953811e-02,1.96953811e-02,1.313025,-5.66507680e-02,2.70423859e-03
1.911000,2.71387328e-02,1.96387328e-02,1.309249,-5.66483547e-02,2.70083025e-03
1.912000,2.70820925e-02,1.95820925e-02,1.305473,-5.66402646e-02,2.73448538e-03
1.913000,2.70254652e-02,1.95254652e-02,1.301698,-5.66273423e-02,2.73779596e-03
1.914000,2.69688624e-02,1.94688624e-02,1.297924,-5.66027817e-02,2.71386508e-03
1.915000,2.69122810e-02,1.94122810e-02,1.294152,-5.65813657e-02,2.71177797e-03
1.916000,2.68557128e-02,1.93557128e-02,1.290381,-5.65681781e-02,2.70799325e-03
1.917000,2.67991565e-02,1.92991565e-02,1.286610,-5.65563452e-02,2.68879851e-03
1.918000,2.67426073e-02,1.92426073e-02,1.282840,-5.65491497e-02,2.68505620e-03
1.919000,2.66860584e-02,1.91860584e-02,1.279071,-5.65489198e-02,2.68593300e-03
1.920000,2.66295087e-02,1.91295087e-02,1.275301,-5.65497638e-02,2.69649660e-03
1.921000,2.65729602e-02,1.90729602e-02,1.271531,-5.65484519e-02,2.68850223e-03
1.922000,2.65164151e-02,1.90164151e-02,1.267761,-5.65450844e-02,2.72479993e-03
1.923000,2.64598772e-02,1.89598772e-02,1.263992,-5.65379236e-02,2.75623533e-03
1.924000,2.64033639e-02,1.89033639e-02,1.260224,-5.65132830e-02,2.73128410e-03
1.925000,2.63468812e-02,1.88468812e-02,1.256459,-5.64827309e-02,2.71067076e-03
1.926000,2.62904172e-02,1.87904172e-02,1.252694,-5.64640185e-02,2.68882199e-03
1.927000,2.62339612e-02,1.87339612e-02,1.248931,-5.64559394e-02,2.67506174e-03
1.928000,2.61775038e-02,1.86775038e-02,1.245167,-5.64574692e-02,2.69449348e-03
1.929000,2.61210437e-02,1.86210437e-02,1.241403,-5.64600818e-02,2.68330941e-03
1.930000,2.60645854e-02,1.85645854e-02,1.237639,-5.64582905e-02,2.70579166e-03
1.931000,2.60081292e-02,1.85081292e-02,1.233875,-5.64561964e-02,2.70943589e-03
1.932000,2.59516831e-02,1.84516831e-02,1.230112,-5.64460744e-02,2.73446146e-03
1.933000,2.58952528e-02,1.83952528e-02,1.226350,-5.64303301e-02,2.76204860e-03
1.934000,2.58388513e-02,1.83388513e-02,1.222590,-5.64014885e-02,2.71122628e-03
1.935000,2.57824787e-02,1.82824787e-02,1.218832,-5.63725743e-02,2.71771858e-03
1.936000,2.57261195e-02,1.82261195e-02,1.215075,-5.63592028e-02,2.70194856e-03
1.937000,2.56697730e-02,1.81697730e-02,1.211318,-5.63464879e-02,2.66848525e-03
1.938000,2.56134282e-02,1.81134282e-02,1.207562,-5.63448697e-02,2.70109872e-03
1.939000,2.55570797e-02,1.80570797e-02,1.203805,-5.63484740e-02,2.69741774e-03
1.940000,2.55007377e-02,1.80007377e-02,1.200049,-5.63420185e-02,2.70839352e-03
1.941000,2.54444028e-02,1.79444028e-02,1.196294,-5.63348310e-02,2.71302668e-03
1.942000,2.53880796e-02,1.78880796e-02,1.192539,-5.63232195e-02,2.71304528e-03
1.943000,2.53317695e-02,1.78317695e-02,1.188785,-5.63100831e-02,2.75577856e-03
1.944000,2.52754801e-02,1.77754801e-02,1.185032,-5.62893837e-02,2.72472490e-03
1.945000,2.52192200e-02,1.77192200e-02,1.181281,-5.62601416e-02,2.71906967e-03
1.946000,2.51629779e-02,1.76629779e-02,1.177532,-5.62420980e-02,2.69841080e-03
1.947000,2.51067483e-02,1.76067483e-02,1.173783,-5.62295650e-02,2.66577160e-03
1.948000,2.50505188e-02,1.75505188e-02,1.170035,-5.62295885e-02,2.69550160e-03
1.949000,2.49942837e-02,1.74942837e-02,1.166286,-5.62350738e-02,2.69612599e-03
1.950000,2.49380530e-02,1.74380530e-02,1.162537,-5.62306849e-02,2.71130154e-03
1.951000,2.48818296e-02,1.73818296e-02,1.158789,-5.62234074e-02,2.72557841e-03
1.952000,2.48256210e-02,1.73256210e-02,1.155041,-5.62086212e-02,2.72799317e-03
1.953000,2.47694322e-02,1.72694322e-02,1.151295,-5.61887193e-02,2.76094055e-03
1.954000,2.47132700e-02,1.72132700e-02,1.147551,-5.61621980e-02,2.71288576e-03
1.955000,2.46571367e-02,1.71571367e-02,1.143809,-5.61333542e-02,2.72137970e-03
1.956000,2.46010179e-02,1.71010179e-02,1.140068,-5.61187903e-02,2.70116417e-03
1.957000,2.45449129e-02,1.70449129e-02,1.136328,-5.61050117e-02,2.66192624e-03
1.958000,2.44888081e-02,1.69888081e-02,1.132587,-5.61048110e-02,2.70966831e-03
1.959000,2.44326990e-02,1.69326990e-02,1.128847,-5.61090539e-02,2.71331759e-03
1.960000,2.43766021e-02,1.68766021e-02,1.125107,-5.60969724e-02,2.70405401e-03
1.961000,2.43205167e-02,1.68205167e-02,1.121368,-5.60853305e-02,2.73464035e-03
1.962000,2.42644454e-02,1.67644454e-02,1.117630,-5.60713220e-02,2.71625274e-03
1.963000,2.42083949e-02,1.67083949e-02,1.113893,-5.60505202e-02,2.74971006e-03
1.964000,2.41523650e-02,1.66523650e-02,1.110158,-5.60298406e-02,2.73156006e-03
1.965000,2.40963637e-02,1.65963637e-02,1.106424,-5.60013827e-02,2.72105835e-03
1.966000,2.40403829e-02,1.65403829e-02,1.102692,-5.59807427e-02,2.69502235e-03
1.967000,2.39844148e-02,1.64844148e-02,1.098961,-5.59681557e-02,2.66744426e-03
1.968000,2.39284458e-02,1.64284458e-02,1.095230,-5.59689963e-02,2.70996954e-03
1.969000,2.38724744e-02,1.63724744e-02,1.091498,-5.59713738e-02,2.71648507e-03
1.970000,2.38165158e-02,1.63165158e-02,1.087768,-5.59586331e-02,2.70781010e-03
1.971000,2.37605705e-02,1.62605705e-02,1.084038,-5.59452868e-02,2.74582386e-03
1.972000,2.37046424e-02,1.62046424e-02,1.080309,-5.59280671e-02,2.73164733e-03
1.973000,2.36487415e-02,1.61487415e-02,1.076583,-5.59008701e-02,2.74936752e-03
1.974000,2.35928663e-02,1.60928663e-02,1.072858,-5.58751952e-02,2.72543170e-03
1.975000,2.35370184e-02,1.60370184e-02,1.069135,-5.58479336e-02,2.71971844e-03
1.976000,2.34811889e-02,1.59811889e-02,1.065413,-5.58295431e-02,2.70709644e-03
1.977000,2.34253736e-02,1.59253736e-02,1.061692,-5.58152611e-02,2.67209144e-03
1.978000,2.33695623e-02,1.58695623e-02,1.057971,-5.58113145e-02,2.70820461e-03
1.979000,2.33137498e-02,1.58137498e-02,1.054250,-5.58124779e-02,2.72571785e-03
1.980000,2.32579511e-02,1.57579511e-02,1.050530,-5.57986842e-02,2.71392889e-03
1.981000,2.32021699e-02,1.57021699e-02,1.046811,-5.57812236e-02,2.74113423e-03
1.982000,2.31464071e-02,1.56464071e-02,1.043094,-5.57628237e-02,2.72803881e-03
1.983000,2.30906693e-02,1.55906693e-02,1.039378,-5.57378050e-02,2.74831962e-03
1.984000,2.30349558e-02,1.55349558e-02,1.035664,-5.57135005e-02,2.74076932e-03
1.985000,2.29792719e-02,1.54792719e-02,1.031951,-5.56838708e-02,2.72727802e-03
1.986000,2.29236128e-02,1.54236128e-02,1.028241,-5.56591064e-02,2.70240081e-03
1.987000,2.28679696e-02,1.53679696e-02,1.024531,-5.56431720e-02,2.67239605e-03
1.988000,2.28123289e-02,1.53123289e-02,1.020822,-5.56407137e-02,2.70698843e-03
1.989000,2.27566869e-02,1.52566869e-02,1.017112,-5.56419921e-02,2.72277001e-03
1.990000,2.27010578e-02,1.52010578e-02,1.013404,-5.56291191e-02,2.72046018e-03
1.991000,2.26454463e-02,1.51454463e-02,1.009696,-5.56114717e-02,2.75845221e-03
1.992000,2.25898585e-02,1.50898585e-02,1.005991,-5.55878643e-02,2.74246072e-03
1.993000,2.25343039e-02,1.50343039e-02,1.002287,-5.55546077e-02,2.74864570e-03
1.994000,2.24787783e-02,1.49787783e-02,0.998585,-5.55255093e-02,2.73756360e-03
1.995000,2.24232820e-02,1.49232820e-02,0.994885,-5.54963393e-02,2.72595704e-03
1.996000,2.23678091e-02,1.48678091e-02,0.991187,-5.54728613e-02,2.71300965e-03
1.997000,2.23123537e-02,1.48123537e-02,0.987490,-5.54554847e-02,2.67891684e-03
1.998000,2.22569053e-02,1.47569053e-02,0.983794,-5.54483892e-02,2.71557586e-03
1.999000,2.22014593e-02,1.47014593e-02,0.980097,-5.54460075e-02,2.73194211e-03
2.000000,2.21460306e-02,1.46460306e-02,0.976402,-5.54286922e-02,2.72274231e-03
2.001000,2.20906229e-02,1.45906229e-02,0.972708,-5.54076290e-02,2.74968255e-03
2.002000,2.20352381e-02,1.45352381e-02,0.969016,-5.53848229e-02,2.73662343e-03
2.003000,2.19798826e-02,1.44798826e-02,0.965326,-5.53554787e-02,2.75546832e-03
2.004000,2.19245555e-02,1.44245555e-02,0.961637,-5.53270908e-02,2.74872156e-03
2.005000,2.18692618e-02,1.43692618e-02,0.957951,-5.52937070e-02,2.73572286e-03
2.006000,2.18139970e-02,1.43139970e-02,0.954266,-5.52648376e-02,2.71106422e-03
2.007000,2.17587524e-02,1.42587524e-02,0.950583,-5.52445978e-02,2.68067538e-03
2.008000,2.17035146e-02,1.42035146e-02,0.946901,-5.52378302e-02,2.71543181e-03
2.009000,2.16482797e-02,1.41482797e-02,0.943219,-5.52348964e-02,2.73497668e-03
2.010000,2.15930626e-02,1.40930626e-02,0.939538,-5.52170919e-02,2.72813534e-03
2.011000,2.15378685e-02,1.40378685e-02,0.935858,-5.51940783e-02,2.76215725e-03
2.012000,2.14827012e-02,1.39827012e-02,0.932180,-5.51672951e-02,2.74382218e-03
2.013000,2.14275686e-02,1.39275686e-02,0.928505,-5.51325810e-02,2.76534225e-03
2.014000,2.13724686e-02,1.38724686e-02,0.924831,-5.51000828e-02,2.74273569e-03
2.015000,2.13174040e-02,1.38174040e-02,0.921160,-5.50645148e-02,2.73730747e-03
2.016000,2.12623667e-02,1.37623667e-02,0.917491,-5.50373310e-02,2.72026128e-03
2.017000,2.12073518e-02,1.37073518e-02,0.913823,-5.50149444e-02,2.69011029e-03
2.018000,2.11523483e-02,1.36523483e-02,0.910157,-5.50034879e-02,2.73094547e-03
2.019000,2.10973536e-02,1.35973536e-02,0.906490,-5.49947122e-02,2.74191060e-03
2.020000,2.10423830e-02,1.35423830e-02,0.902826,-5.49705865e-02,2.72560193e-03
2.021000,2.09874372e-02,1.34874372e-02,0.899162,-5.49457437e-02,2.75381913e-03
2.022000,2.09325160e-02,1.34325160e-02,0.895501,-5.49212670e-02,2.74021856e-03
2.023000,2.08776260e-02,1.33776260e-02,0.891842,-5.48899285e-02,2.77953161e-03
2.024000,2.08227699e-02,1.33227699e-02,0.888185,-5.48561046e-02,2.75031788e-03
2.025000,2.07679554e-02,1.32679554e-02,0.884530,-5.48145358e-02,2.75454165e-03
2.026000,2.07131736e-02,1.32131736e-02,0.880878,-5.47818142e-02,2.73675688e-03
2.027000,2.06584227e-02,1.31584227e-02,0.877228,-5.47508506e-02,2.68476697e-03
2.028000,2.06036878e-02,1.31036878e-02,0.873579,-5.47349216e-02,2.72066201e-03
2.029000,2.05489581e-02,1.30489581e-02,0.869931,-5.47297192e-02,2.73490069e-03
2.030000,2.04942479e-02,1.29942479e-02,0.866283,-5.47102104e-02,2.74586685e-03
2.031000,2.04395638e-02,1.29395638e-02,0.862638,-5.46840861e-02,2.75051448e-03
2.032000,2.03849103e-02,1.28849103e-02,0.858994,-5.46535386e-02,2.76052644e-03
2.033000,2.03302906e-02,1.28302906e-02,0.855353,-5.46196941e-02,2.79618169e-03
2.034000,2.02757143e-02,1.27757143e-02,0.851714,-5.45762564e-02,2.74778037e-03
2.035000,2.02211846e-02,1.27211846e-02,0.848079,-5.45296682e-02,2.75102406e-03
2.036000,2.01666862e-02,1.26666862e-02,0.844446,-5.44984020e-02,2.74039275e-03
2.037000,2.01122183e-02,1.26122183e-02,0.840815,-5.44679507e-02,2.70728121e-03
2.038000,2.00577714e-02,1.25577714e-02,0.837185,-5.44468462e-02,2.73947501e-03
2.039000,2.00033405e-02,1.25033405e-02,0.833556,-5.44309229e-02,2.73277568e-03
2.040000,1.99489349e-02,1.24489349e-02,0.829929,-5.44056114e-02,2.74499424e-03
2.041000,1.98945546e-02,1.23945546e-02,0.826304,-5.43803394e-02,2.73772223e-03
2.042000,1.98402022e-02,1.23402022e-02,0.822680,-5.43523405e-02,2.76334871e-03
2.043000,1.97858800e-02,1.22858800e-02,0.819059,-5.43221982e-02,2.80281603e-03
2.044000,1.97316034e-02,1.22316034e-02,0.815440,-5.42766604e-02,2.77194167e-03
2.045000,1.96773797e-02,1.21773797e-02,0.811825,-5.42236207e-02,2.74911370e-03
2.046000,1.96231950e-02,1.21231950e-02,0.808213,-5.41847574e-02,2.73997077e-03
2.047000,1.95690400e-02,1.20690400e-02,0.804603,-5.41550081e-02,2.72149820e-03
2.048000,1.95149084e-02,1.20149084e-02,0.800994,-5.41315281e-02,2.73810557e-03
2.049000,1.94607973e-02,1.19607973e-02,0.797386,-5.41111779e-02,2.73014550e-03
2.050000,1.94067105e-02,1.19067105e-02,0.793781,-5.40867813e-02,2.74342887e-03
2.051000,1.93526478e-02,1.18526478e-02,0.790177,-5.40626498e-02,2.74218335e-03
2.052000,1.92986135e-02,1.17986135e-02,0.786574,-5.40343762e-02,2.78586612e-03
2.053000,1.92446147e-02,1.17446147e-02,0.782974,-5.39987868e-02,2.81216884e-03
2.054000,1.91906705e-02,1.16906705e-02,0.779378,-5.39441999e-02,2.76084203e-03
2.055000,1.91367804e-02,1.16367804e-02,0.775785,-5.38900515e-02,2.75996879e-03
2.056000,1.90829275e-02,1.15829275e-02,0.772195,-5.38529139e-02,2.75200498e-03
2.057000,1.90291100e-02,1.15291100e-02,0.768607,-5.38174715e-02,2.75431288e-03
2.058000,1.89753258e-02,1.14753258e-02,0.765022,-5.37842364e-02,2.72691552e-03
2.059000,1.89215707e-02,1.14215707e-02,0.761438,-5.37550882e-02,2.73926923e-03
2.060000,1.88678380e-02,1.13678380e-02,0.757856,-5.37327531e-02,2.75327656e-03
2.061000,1.88141341e-02,1.13141341e-02,0.754276,-5.37038838e-02,2.75833628e-03
2.062000,1.87604646e-02,1.12604646e-02,0.750698,-5.36695196e-02,2.79258263e-03
2.063000,1.87068371e-02,1.12068371e-02,0.747122,-5.36274376e-02,2.76174212e-03
2.064000,1.86532576e-02,1.11532576e-02,0.743551,-5.35795624e-02,2.79798362e-03
2.065000,1.85997222e-02,1.10997222e-02,0.739981,-5.35354067e-02,2.77724579e-03
2.066000,1.85462391e-02,1.10462391e-02,0.736416,-5.34830161e-02,2.78758043e-03
2.067000,1.84928035e-02,1.09928035e-02,0.732854,-5.34356085e-02,2.75947510e-03
2.068000,1.84394138e-02,1.09394138e-02,0.729294,-5.33897770e-02,2.71701728e-03
2.069000,1.83860531e-02,1.08860531e-02,0.725737,-5.33606839e-02,2.75374261e-03
2.070000,1.83327140e-02,1.08327140e-02,0.722181,-5.33390400e-02,2.75038765e-03
2.071000,1.82794081e-02,1.07794081e-02,0.718627,-5.33059284e-02,2.77572538e-03
2.072000,1.82261387e-02,1.07261387e-02,0.715076,-5.32694378e-02,2.78480706e-03
2.073000,1.81729156e-02,1.06729156e-02,0.711528,-5.32230200e-02,2.79061211e-03
2.074000,1.81197430e-02,1.06197430e-02,0.707983,-5.31725931e-02,2.82174584e-03
2.075000,1.80666283e-02,1.05666283e-02,0.704442,-5.31147540e-02,2.77996941e-03
2.076000,1.80135742e-02,1.05135742e-02,0.700905,-5.30540779e-02,2.76652327e-03
2.077000,1.79605647e-02,1.04605647e-02,0.697371,-5.30094995e-02,2.77356701e-03
2.078000,1.79075966e-02,1.04075966e-02,0.693840,-5.29680915e-02,2.76081318e-03
2.079000,1.78546700e-02,1.03546700e-02,0.690311,-5.29266255e-02,2.76054222e-03
2.080000,1.78017806e-02,1.03017806e-02,0.686785,-5.28893961e-02,2.74967585e-03
2.081000,1.77489264e-02,1.02489264e-02,0.683262,-5.28541772e-02,2.76961165e-03
2.082000,1.76961074e-02,1.01961074e-02,0.679740,-5.28190015e-02,2.77164076e-03
2.083000,1.76433305e-02,1.01433305e-02,0.676222,-5.27769199e-02,2.80966454e-03
2.084000,1.75906031e-02,1.00906031e-02,0.672707,-5.27274477e-02,2.79267133e-03
2.085000,1.75379346e-02,1.00379346e-02,0.669196,-5.26684931e-02,2.80834756e-03
2.086000,1.74853222e-02,9.98532220e-03,0.665688,-5.26123471e-02,2.79464118e-03
2.087000,1.74327687e-02,9.93276870e-03,0.662185,-5.25534766e-02,2.80080703e-03
2.088000,1.73802707e-02,9.88027070e-03,0.658685,-5.24980171e-02,2.78652931e-03
2.089000,1.73278277e-02,9.82782770e-03,0.655189,-5.24430575e-02,2.73305683e-03
2.090000,1.72754254e-02,9.77542540e-03,0.651695,-5.24022430e-02,2.77214787e-03
2.091000,1.72230533e-02,9.72305330e-03,0.648204,-5.23720768e-02,2.77438427e-03
2.092000,1.71707247e-02,9.67072470e-03,0.644715,-5.23286770e-02,2.78480524e-03
2.093000,1.71184420e-02,9.61844200e-03,0.641229,-5.22826999e-02,2.79305852e-03
2.094000,1.70662101e-02,9.56621010e-03,0.637747,-5.22318410e-02,2.81288355e-03
2.095000,1.70140354e-02,9.51403540e-03,0.634269,-5.21747657e-02,2.83981980e-03
2.096000,1.69619289e-02,9.46192890e-03,0.630795,-5.21064162e-02,2.80499559e-03
2.097000,1.69098936e-02,9.40989360e-03,0.627326,-5.20353786e-02,2.79523171e-03
2.098000,1.68579161e-02,9.35791610e-03,0.623861,-5.19775046e-02,2.79430846e-03
2.099000,1.68059931e-02,9.30599310e-03,0.620400,-5.19230004e-02,2.79076030e-03
2.100000,1.67541236e-02,9.25412360e-03,0.616942,-5.18694268e-02,2.75588484e-03
2.101000,1.67023004e-02,9.20230040e-03,0.613487,-5.18231859e-02,2.78334564e-03
2.102000,1.66505169e-02,9.15051690e-03,0.610034,-5.17835424e-02,2.80641412e-03
2.103000,1.65987861e-02,9.09878610e-03,0.606586,-5.17308010e-02,2.79264427e-03
2.104000,1.65471132e-02,9.04711320e-03,0.603141,-5.16729186e-02,2.81254440e-03
2.105000,1.64954971e-02,8.99549710e-03,0.599700,-5.16160393e-02,2.80704320e-03
2.106000,1.64439436e-02,8.94394360e-03,0.596263,-5.15535974e-02,2.85355592e-03
2.107000,1.63924588e-02,8.89245880e-03,0.592831,-5.14847368e-02,2.82659367e-03
2.108000,1.63410534e-02,8.84105340e-03,0.589404,-5.14053688e-02,2.82197237e-03
2.109000,1.62897178e-02,8.78971780e-03,0.585981,-5.13356728e-02,2.79688296e-03
2.110000,1.62384458e-02,8.73844580e-03,0.582563,-5.12719313e-02,2.77590509e-03
2.111000,1.61872257e-02,8.68722570e-03,0.579148,-5.12201392e-02,2.79322901e-03
2.112000,1.61360535e-02,8.63605350e-03,0.575737,-5.11721730e-02,2.78541817e-03
2.113000,1.60849336e-02,8.58493360e-03,0.572329,-5.11198987e-02,2.80592078e-03
2.114000,1.60338671e-02,8.53386710e-03,0.568924,-5.10665639e-02,2.80854040e-03
2.115000,1.59828610e-02,8.48286100e-03,0.565524,-5.10060324e-02,2.85308392e-03
2.116000,1.59319243e-02,8.43192430e-03,0.562128,-5.09367637e-02,2.82727449e-03
2.117000,1.58810668e-02,8.38106680e-03,0.558738,-5.08574303e-02,2.86204867e-03
2.118000,1.58302864e-02,8.33028640e-03,0.555352,-5.07804236e-02,2.81934156e-03
2.119000,1.57795869e-02,8.27958690e-03,0.551972,-5.06995489e-02,2.83902157e-03
2.120000,1.57289576e-02,8.22895760e-03,0.548597,-5.06292196e-02,2.82278217e-03
2.121000,1.56784023e-02,8.17840230e-03,0.545227,-5.05552989e-02,2.78860781e-03
2.122000,1.56279096e-02,8.12790960e-03,0.541861,-5.04927548e-02,2.80972263e-03
2.123000,1.55774719e-02,8.07747190e-03,0.538498,-5.04377002e-02,2.80242617e-03
2.124000,1.55270949e-02,8.02709490e-03,0.535140,-5.03770014e-02,2.82527048e-03
2.125000,1.54767802e-02,7.97678020e-03,0.531785,-5.03146591e-02,2.82330570e-03
2.126000,1.54265351e-02,7.92653510e-03,0.528436,-5.02451619e-02,2.85853053e-03
2.127000,1.53763650e-02,7.87636500e-03,0.525091,-5.01700808e-02,2.82856768e-03
2.128000,1.53262763e-02,7.82627630e-03,0.521752,-5.00887299e-02,2.87467821e-03
2.129000,1.52762672e-02,7.77626720e-03,0.518418,-5.00090652e-02,2.85112173e-03
2.130000,1.52263488e-02,7.72634880e-03,0.515090,-4.99184228e-02,2.86650137e-03
2.131000,1.51765160e-02,7.67651600e-03,0.511768,-4.98327969e-02,2.82610583e-03
2.132000,1.51267667e-02,7.62676670e-03,0.508451,-4.97492637e-02,2.80130658e-03
2.133000,1.50770833e-02,7.57708330e-03,0.505139,-4.96833824e-02,2.82256458e-03
2.134000,1.50274614e-02,7.52746140e-03,0.501831,-4.96218863e-02,2.82290610e-03
2.135000,1.49779081e-02,7.47790810e-03,0.498527,-4.95533484e-02,2.84075343e-03
2.136000,1.49284266e-02,7.42842660e-03,0.495228,-4.94815423e-02,2.83859367e-03
2.137000,1.48790223e-02,7.37902230e-03,0.491935,-4.94042567e-02,2.86851550e-03
2.138000,1.48296999e-02,7.32969990e-03,0.488647,-4.93223891e-02,2.87428045e-03
2.139000,1.47804702e-02,7.28047020e-03,0.485365,-4.92296752e-02,2.89766831e-03
2.140000,1.47313393e-02,7.23133930e-03,0.482089,-4.91309322e-02,2.85897714e-03
2.141000,1.46823079e-02,7.18230790e-03,0.478821,-4.90313503e-02,2.84997649e-03
2.142000,1.46333619e-02,7.13336190e-03,0.475557,-4.89460669e-02,2.86721069e-03
2.143000,1.45845012e-02,7.08450120e-03,0.472300,-4.88606917e-02,2.84768787e-03
2.144000,1.45357281e-02,7.03572810e-03,0.469049,-4.87731090e-02,2.81359440e-03
2.145000,1.44870301e-02,6.98703010e-03,0.465802,-4.86979669e-02,2.84786153e-03
2.146000,1.44384022e-02,6.93840220e-03,0.462560,-4.86279618e-02,2.86293682e-03
2.147000,1.43898581e-02,6.88985810e-03,0.459324,-4.85440370e-02,2.87011736e-03
2.148000,1.43414042e-02,6.84140420e-03,0.456094,-4.84538915e-02,2.85361761e-03
2.149000,1.42930399e-02,6.79303990e-03,0.452869,-4.83643055e-02,2.87066005e-03
2.150000,1.42447628e-02,6.74476280e-03,0.449651,-4.82771246e-02,2.91903360e-03
2.151000,1.41965870e-02,6.69658700e-03,0.446439,-4.81757923e-02,2.88160293e-03
2.152000,1.41485218e-02,6.64852180e-03,0.443235,-4.80651927e-02,2.88513882e-03
2.153000,1.41005555e-02,6.60055550e-03,0.440037,-4.79662605e-02,2.89518903e-03
2.154000,1.40526912e-02,6.55269120e-03,0.436846,-4.78643899e-02,2.87924679e-03
2.155000,1.40049291e-02,6.50492910e-03,0.433662,-4.77620378e-02,2.83780561e-03
2.156000,1.39572569e-02,6.45725690e-03,0.430484,-4.76722498e-02,2.86258540e-03
2.157000,1.39096652e-02,6.40966520e-03,0.427311,-4.75916896e-02,2.86603189e-03
2.158000,1.38621628e-02,6.36216280e-03,0.424144,-4.75023820e-02,2.88477190e-03
2.159000,1.38147542e-02,6.31475420e-03,0.420984,-4.74086285e-02,2.87642201e-03
2.160000,1.37674440e-02,6.26744400e-03,0.417830,-4.73101971e-02,2.91165724e-03
2.161000,1.37202357e-02,6.22023570e-03,0.414682,-4.72082769e-02,2.91525091e-03
2.162000,1.36731415e-02,6.17314150e-03,0.411543,-4.70941495e-02,2.94619016e-03
2.163000,1.36261682e-02,6.12616820e-03,0.408411,-4.69733706e-02,2.90338330e-03
2.164000,1.35793182e-02,6.07931820e-03,0.405288,-4.68500007e-02,2.89222942e-03
2.165000,1.35325755e-02,6.03257550e-03,0.402172,-4.67426617e-02,2.89515762e-03
2.166000,1.34859370e-02,5.98593700e-03,0.399062,-4.66384679e-02,2.90125684e-03
2.167000,1.34394048e-02,5.93940480e-03,0.395960,-4.65322339e-02,2.87684692e-03
2.168000,1.33929765e-02,5.89297650e-03,0.392865,-4.64283135e-02,2.89442878e-03
2.169000,1.33466472e-02,5.84664720e-03,0.389776,-4.63293004e-02,2.89324370e-03
2.170000,1.33004225e-02,5.80042250e-03,0.386695,-4.62247228e-02,2.90126720e-03
2.171000,1.32543034e-02,5.75430340e-03,0.383620,-4.61191155e-02,2.90379356e-03
2.172000,1.32082929e-02,5.70829290e-03,0.380553,-4.60104265e-02,2.94012414e-03
2.173000,1.31623985e-02,5.66239850e-03,0.377493,-4.58944831e-02,2.92421332e-03
2.174000,1.31166290e-02,5.61662900e-03,0.374442,-4.57694218e-02,2.96852017e-03
2.175000,1.30709873e-02,5.57098730e-03,0.371399,-4.56417507e-02,2.94301571e-03
2.176000,1.30254832e-02,5.52548320e-03,0.368366,-4.55040387e-02,2.93056335e-03
2.177000,1.29801063e-02,5.48010630e-03,0.365340,-4.53769049e-02,2.92120611e-03
2.178000,1.29348508e-02,5.43485080e-03,0.362323,-4.52555153e-02,2.93069504e-03
2.179000,1.28897153e-02,5.38971530e-03,0.359314,-4.51355208e-02,2.89648834e-03
2.180000,1.28446968e-02,5.34469680e-03,0.356313,-4.50184590e-02,2.91721684e-03
2.181000,1.27997879e-02,5.29978790e-03,0.353319,-4.49089656e-02,2.90715330e-03
2.182000,1.27549934e-02,5.25499340e-03,0.350333,-4.47944443e-02,2.93460617e-03
2.183000,1.27103151e-02,5.21031510e-03,0.347354,-4.46783733e-02,2.93633370e-03
2.184000,1.26657621e-02,5.16576210e-03,0.344384,-4.45529808e-02,2.96785314e-03
2.185000,1.26213406e-02,5.12134060e-03,0.341423,-4.44214472e-02,2.97106731e-03
2.186000,1.25770616e-02,5.07706160e-03,0.338471,-4.42789937e-02,2.99065611e-03
2.187000,1.25329296e-02,5.03292960e-03,0.335529,-4.41320205e-02,2.94742705e-03
2.188000,1.24889434e-02,4.98894340e-03,0.332596,-4.39862587e-02,2.94237623e-03
2.189000,1.24450878e-02,4.94508780e-03,0.329673,-4.38555872e-02,2.98828764e-03
2.190000,1.24013693e-02,4.90136930e-03,0.326758,-4.37184554e-02,2.96449842e-03
2.191000,1.23577989e-02,4.85779890e-03,0.323853,-4.35704526e-02,2.93496568e-03
2.192000,1.23143634e-02,4.81436340e-03,0.320958,-4.34354850e-02,2.91759093e-03
2.193000,1.22710501e-02,4.77105010e-03,0.318070,-4.33132889e-02,2.95226999e-03
2.194000,1.22278594e-02,4.72785940e-03,0.315191,-4.31906664e-02,2.97166155e-03
2.195000,1.21848062e-02,4.68480620e-03,0.312320,-4.30532255e-02,2.96790558e-03
2.196000,1.21418961e-02,4.64189610e-03,0.309460,-4.29100804e-02,2.95623925e-03
2.197000,1.20991259e-02,4.59912590e-03,0.306608,-4.27702318e-02,2.98926267e-03
2.198000,1.20564975e-02,4.55649750e-03,0.303767,-4.26283749e-02,2.99213056e-03
2.199000,1.20140223e-02,4.51402230e-03,0.300935,-4.24751654e-02,3.01964006e-03
2.200000,1.19717062e-02,4.47170620e-03,0.298114,-4.23161492e-02,2.99348375e-03
2.201000,1.19295535e-02,4.42955350e-03,0.295304,-4.21527240e-02,2.99394322e-03
2.202000,1.18875557e-02,4.38755570e-03,0.292504,-4.19978077e-02,3.02174560e-03
2.203000,1.18457178e-02,4.34571780e-03,0.289715,-4.18378240e-02,2.98637639e-03
2.204000,1.18040429e-02,4.30404290e-03,0.286936,-4.16749641e-02,2.97313837e-03
2.205000,1.17625168e-02,4.26251680e-03,0.284168,-4.15260611e-02,2.94783234e-03
2.206000,1.17211308e-02,4.22113080e-03,0.281409,-4.13859807e-02,3.00591505e-03
2.207000,1.16798869e-02,4.17988690e-03,0.278659,-4.12439399e-02,2.99076486e-03
2.208000,1.16388014e-02,4.13880140e-03,0.275920,-4.10855030e-02,3.00386002e-03
2.209000,1.15978717e-02,4.09787170e-03,0.273191,-4.09297259e-02,2.99452652e-03
2.210000,1.15571004e-02,4.05710040e-03,0.270473,-4.07712987e-02,3.03084568e-03
2.211000,1.15164909e-02,4.01649090e-03,0.267766,-4.06095141e-02,3.03404281e-03
2.212000,1.14760556e-02,3.97605560e-03,0.265070,-4.04352364e-02,3.04598208e-03
2.213000,1.14357978e-02,3.93579780e-03,0.262387,-4.02577974e-02,3.05917453e-03
2.214000,1.13957237e-02,3.89572370e-03,0.259715,-4.00741044e-02,3.01444603e-03
2.215000,1.13558297e-02,3.85582970e-03,0.257055,-3.98939885e-02,3.02866198e-03
2.216000,1.13161037e-02,3.81610370e-03,0.254407,-3.97260483e-02,3.04209957e-03
2.217000,1.12765526e-02,3.77655260e-03,0.251770,-3.95510630e-02,3.04465155e-03
2.218000,1.12371814e-02,3.73718140e-03,0.249145,-3.93712133e-02,3.01262056e-03
2.219000,1.11979852e-02,3.69798520e-03,0.246532,-3.91961898e-02,2.99789544e-03
2.220000,1.11589509e-02,3.65895090e-03,0.243930,-3.90342897e-02,3.02173207e-03
2.221000,1.11200779e-02,3.62007790e-03,0.241339,-3.88730104e-02,3.04659365e-03
2.222000,1.10813784e-02,3.58137840e-03,0.238759,-3.86995063e-02,3.04939555e-03
2.223000,1.10428611e-02,3.54286110e-03,0.236191,-3.85173417e-02,3.03301991e-03
2.224000,1.10045239e-02,3.50452390e-03,0.233635,-3.83371529e-02,3.06037413e-03
2.225000,1.09663664e-02,3.46636640e-03,0.231091,-3.81575047e-02,3.06950435e-03
2.226000,1.09283991e-02,3.42839910e-03,0.228560,-3.79672584e-02,3.06279458e-03
2.227000,1.08906239e-02,3.39062390e-03,0.226042,-3.77752002e-02,3.10559920e-03
2.228000,1.08530462e-02,3.35304620e-03,0.223536,-3.75777760e-02,3.07966510e-03
2.229000,1.08156753e-02,3.31567530e-03,0.221045,-3.73708804e-02,3.06977983e-03
2.230000,1.07785010e-02,3.27850100e-03,0.218567,-3.71742499e-02,3.10287576e-03
2.231000,1.07415260e-02,3.24152600e-03,0.216102,-3.69750133e-02,3.07669585e-03
2.232000,1.07047565e-02,3.20475650e-03,0.213650,-3.67695372e-02,3.05770285e-03
2.233000,1.06681805e-02,3.16818050e-03,0.211212,-3.65760176e-02,3.04450863e-03
2.234000,1.06317894e-02,3.13178940e-03,0.208786,-3.63910688e-02,3.07371357e-03
2.235000,1.05955841e-02,3.09558410e-03,0.206372,-3.62052886e-02,3.08396690e-03
2.236000,1.05595760e-02,3.05957600e-03,0.203972,-3.60081040e-02,3.06733206e-03
2.237000,1.05237655e-02,3.02376550e-03,0.201584,-3.58104936e-02,3.08393503e-03
2.238000,1.04881501e-02,2.98815010e-03,0.199210,-3.56154104e-02,3.08495265e-03
2.239000,1.04527354e-02,2.95273540e-03,0.196849,-3.54146945e-02,3.11018349e-03
2.240000,1.04175262e-02,2.91752620e-03,0.194502,-3.52091826e-02,3.13204871e-03
2.241000,1.03825347e-02,2.88253470e-03,0.192169,-3.49915179e-02,3.12353572e-03
2.242000,1.03477665e-02,2.84776650e-03,0.189851,-3.47681778e-02,3.13168939e-03
2.243000,1.03132203e-02,2.81322030e-03,0.187548,-3.45461916e-02,3.11224806e-03
2.244000,1.02788954e-02,2.77889540e-03,0.185260,-3.43249656e-02,3.09311544e-03
2.245000,1.02447819e-02,2.74478190e-03,0.182985,-3.41135078e-02,3.13539933e-03
2.246000,1.02108810e-02,2.71088100e-03,0.180725,-3.39008560e-02,3.14456945e-03
2.247000,1.01772083e-02,2.67720830e-03,0.178481,-3.36726959e-02,3.12369155e-03
2.248000,1.01437631e-02,2.64376310e-03,0.176251,-3.34452162e-02,3.09596202e-03
2.249000,1.01105336e-02,2.61053360e-03,0.174036,-3.32294968e-02,3.09831692e-03
2.250000,1.00775111e-02,2.57751110e-03,0.171834,-3.30224678e-02,3.12232625e-03
2.251000,1.00447007e-02,2.54470070e-03,0.169647,-3.28104196e-02,3.12563139e-03
2.252000,1.00121108e-02,2.51211080e-03,0.167474,-3.25899018e-02,3.11677509e-03
2.253000,9.97974095e-03,2.47974095e-03,0.165316,-3.23698648e-02,3.13714266e-03
2.254000,9.94759181e-03,2.44759181e-03,0.163173,-3.21491345e-02,3.13781368e-03
2.255000,9.91567022e-03,2.41567022e-03,0.161045,-3.19215966e-02,3.12947676e-03
2.256000,9.88397490e-03,2.38397490e-03,0.158932,-3.16953126e-02,3.15461450e-03
2.257000,9.85250758e-03,2.35250758e-03,0.156834,-3.14673212e-02,3.16260910e-03
2.258000,9.82127792e-03,2.32127792e-03,0.154752,-3.12296604e-02,3.15209742e-03
2.259000,9.79028669e-03,2.29028669e-03,0.152686,-3.09912330e-02,3.19260925e-03
2.260000,9.75953760e-03,2.25953760e-03,0.150636,-3.07490937e-02,3.16401887e-03
2.261000,9.72903889e-03,2.22903889e-03,0.148603,-3.04987056e-02,3.16350610e-03
2.262000,9.69878109e-03,2.19878109e-03,0.146585,-3.02577977e-02,3.18169079e-03
2.263000,9.66876725e-03,2.16876725e-03,0.144584,-3.00138424e-02,3.20468942e-03
2.264000,9.63900740e-03,2.13900740e-03,0.142600,-2.97598480e-02,3.16446608e-03
2.265000,9.60950199e-03,2.10950199e-03,0.140633,-2.95054135e-02,3.16482187e-03
2.266000,9.58023786e-03,2.08023786e-03,0.138683,-2.92641260e-02,3.14971017e-03
2.267000,9.55121247e-03,2.05121247e-03,0.136747,-2.90253941e-02,3.13753978e-03
2.268000,9.52241869e-03,2.02241869e-03,0.134828,-2.87937772e-02,3.17361981e-03
2.269000,9.49385891e-03,1.99385891e-03,0.132924,-2.85597769e-02,3.16846337e-03
2.270000,9.46554408e-03,1.96554408e-03,0.131036,-2.83148393e-02,3.15562891e-03
2.271000,9.43747021e-03,1.93747021e-03,0.129165,-2.80738647e-02,3.16692180e-03
2.272000,9.40963510e-03,1.90963510e-03,0.127309,-2.78351082e-02,3.17980185e-03
2.273000,9.38204474e-03,1.88204474e-03,0.125470,-2.75903652e-02,3.18366092e-03
2.274000,9.35470403e-03,1.85470403e-03,0.123647,-2.73407097e-02,3.17864358e-03
2.275000,9.32761335e-03,1.82761335e-03,0.121841,-2.70906742e-02,3.20937129e-03
2.276000,9.30077650e-03,1.80077650e-03,0.120052,-2.68368526e-02,3.21140968e-03
2.277000,9.27420392e-03,1.77420392e-03,0.118280,-2.65725790e-02,3.20075062e-03
2.278000,9.24789440e-03,1.74789440e-03,0.116526,-2.63095210e-02,3.20152806e-03
2.279000,9.22184458e-03,1.72184458e-03,0.114790,-2.60498261e-02,3.20470579e-03
2.280000,9.19605526e-03,1.69605526e-03,0.113070,-2.57893139e-02,3.17227426e-03
2.281000,9.17052177e-03,1.67052177e-03,0.111368,-2.55334932e-02,3.16547194e-03
2.282000,9.14523224e-03,1.64523224e-03,0.109682,-2.52895265e-02,3.20131793e-03
2.283000,9.12019079e-03,1.62019079e-03,0.108013,-2.50414547e-02,3.20917863e-03
2.284000,9.09541057e-03,1.59541057e-03,0.106361,-2.47802206e-02,3.20316940e-03
2.285000,9.07089310e-03,1.57089310e-03,0.104726,-2.45174675e-02,3.19098955e-03
2.286000,9.04663426e-03,1.54663426e-03,0.103109,-2.42588418e-02,3.19854823e-03
2.287000,9.02263138e-03,1.52263138e-03,0.101509,-2.40028795e-02,3.17721472e-03
2.288000,8.99888317e-03,1.49888317e-03,0.099926,-2.37482075e-02,3.16478507e-03
2.289000,8.97538043e-03,1.47538043e-03,0.098359,-2.35027397e-02,3.17178654e-03
2.290000,8.95212031e-03,1.45212031e-03,0.096808,-2.32601158e-02,3.18789692e-03
2.291000,8.92910797e-03,1.42910797e-03,0.095274,-2.30123436e-02,3.17942647e-03
2.292000,8.90634719e-03,1.40634719e-03,0.093756,-2.27607785e-02,3.19454729e-03
2.293000,8.88383787e-03,1.38383787e-03,0.092256,-2.25093212e-02,3.20279863e-03
2.294000,8.86158643e-03,1.36158643e-03,0.090772,-2.22514389e-02,3.20791007e-03
2.295000,8.83959649e-03,1.33959649e-03,0.089306,-2.19899427e-02,3.18698903e-03
2.296000,8.81786602e-03,1.31786602e-03,0.087858,-2.17304676e-02,3.18554434e-03
2.297000,8.79638790e-03,1.29638790e-03,0.086426,-2.14781187e-02,3.19849691e-03
2.298000,8.77516395e-03,1.27516395e-03,0.085011,-2.12239538e-02,3.23063416e-03
2.299000,8.75420410e-03,1.25420410e-03,0.083614,-2.09598519e-02,3.22518384e-03
2.300000,8.73351798e-03,1.23351798e-03,0.082235,-2.06861189e-02,3.19461572e-03
2.301000,8.71311523e-03,1.21311523e-03,0.080874,-2.04027476e-02,3.17226792e-03
2.302000,8.69299830e-03,1.19299830e-03,0.079533,-2.01169332e-02,3.18289668e-03
2.303000,8.67317776e-03,1.17317776e-03,0.078212,-1.98205396e-02,3.15297017e-03
2.304000,8.65366740e-03,1.15366740e-03,0.076911,-1.95103570e-02,3.10271917e-03
2.305000,8.63446367e-03,1.13446367e-03,0.075631,-1.92037287e-02,3.05102953e-03
2.306000,8.61555570e-03,1.11555570e-03,0.074370,-1.89079732e-02,3.04431922e-03
2.307000,8.59693969e-03,1.09693969e-03,0.073129,-1.86160105e-02,3.02742125e-03
2.308000,8.57862434e-03,1.07862434e-03,0.071908,-1.83153504e-02,3.03358951e-03
2.309000,8.56061856e-03,1.06061856e-03,0.070708,-1.80057787e-02,3.03006467e-03
2.310000,8.54293652e-03,1.04293652e-03,0.069529,-1.76820361e-02,2.96141146e-03
2.311000,8.52557718e-03,1.02557718e-03,0.068372,-1.73593397e-02,2.92246833e-03
2.312000,8.50852301e-03,1.00852301e-03,0.067235,-1.70541778e-02,2.89492087e-03
2.313000,8.49176780e-03,9.91767800e-04,0.066118,-1.67552035e-02,2.90659750e-03
2.314000,8.47531553e-03,9.75315530e-04,0.065021,-1.64522698e-02,2.85211710e-03
2.315000,8.45917078e-03,9.59170780e-04,0.063945,-1.61447550e-02,2.81852926e-03
2.316000,8.44331975e-03,9.43319750e-04,0.062888,-1.58510248e-02,2.78163475e-03
2.317000,8.42775457e-03,9.27754570e-04,0.061850,-1.55651803e-02,2.76029619e-03
2.318000,8.41246864e-03,9.12468640e-04,0.060831,-1.52859337e-02,2.77809561e-03
2.319000,8.39746684e-03,8.97466840e-04,0.059831,-1.50018022e-02,2.74312267e-03
2.320000,8.38275695e-03,8.82756950e-04,0.058850,-1.47098848e-02,2.70582449e-03
2.321000,8.36832870e-03,8.68328700e-04,0.057889,-1.44282524e-02,2.68045443e-03
2.322000,8.35417282e-03,8.54172820e-04,0.056945,-1.41558769e-02,2.66224442e-03
2.323000,8.34028486e-03,8.40284860e-04,0.056019,-1.38879611e-02,2.65592035e-03
2.324000,8.32666435e-03,8.26664350e-04,0.055111,-1.36205103e-02,2.64692189e-03
2.325000,8.31331373e-03,8.13313730e-04,0.054221,-1.33506190e-02,2.63033430e-03
2.326000,8.30023275e-03,8.00232750e-04,0.053349,-1.30809861e-02,2.58233631e-03
2.327000,8.28741280e-03,7.87412800e-04,0.052494,-1.28199474e-02,2.55025500e-03
2.328000,8.27483771e-03,7.74837710e-04,0.051656,-1.25750847e-02,2.53767668e-03
2.329000,8.26249975e-03,7.62499750e-04,0.050833,-1.23379622e-02,2.51328773e-03
2.330000,8.25039517e-03,7.50395170e-04,0.050026,-1.21045846e-02,2.50109933e-03
2.331000,8.23851823e-03,7.38518230e-04,0.049235,-1.18769331e-02,2.50901916e-03
2.332000,8.22686081e-03,7.26860810e-04,0.048457,-1.16574197e-02,2.51930938e-03
2.333000,8.21542149e-03,7.15421490e-04,0.047695,-1.14393238e-02,2.50971051e-03
2.334000,8.20419621e-03,7.04196210e-04,0.046946,-1.12252758e-02,2.50259450e-03
2.335000,8.19317511e-03,6.93175110e-04,0.046212,-1.10211040e-02,2.47959997e-03
2.336000,8.18234662e-03,6.82346620e-04,0.045490,-1.08284916e-02,2.46545753e-03
2.337000,8.17169593e-03,6.71695930e-04,0.044780,-1.06506913e-02,2.48290578e-03
2.338000,8.16121688e-03,6.61216880e-04,0.044081,-1.04790450e-02,2.46694307e-03
2.339000,8.15090784e-03,6.50907840e-04,0.043394,-1.03090420e-02,2.45290658e-03
2.340000,8.14075685e-03,6.40756850e-04,0.042717,-1.01509943e-02,2.45963795e-03
2.341000,8.13075645e-03,6.30756450e-04,0.042050,-1.00003974e-02,2.47668122e-03
2.342000,8.12090781e-03,6.20907810e-04,0.041394,-9.84863833e-03,2.46870306e-03
2.343000,8.11121105e-03,6.11211050e-04,0.040747,-9.69675851e-03,2.45046937e-03
2.344000,8.10165652e-03,6.01656520e-04,0.040110,-9.55453055e-03,2.44539244e-03
2.345000,8.09223380e-03,5.92233800e-04,0.039482,-9.42271712e-03,2.43215924e-03
2.346000,8.08293556e-03,5.82935560e-04,0.038862,-9.29824320e-03,2.42388133e-03
2.347000,8.07375289e-03,5.73752890e-04,0.038250,-9.18267282e-03,2.42069783e-03
2.348000,8.06467958e-03,5.64679580e-04,0.037645,-9.07331148e-03,2.42129981e-03
2.349000,8.05571186e-03,5.55711860e-04,0.037047,-8.96771588e-03,2.40634691e-03
2.350000,8.04684461e-03,5.46844610e-04,0.036456,-8.86725604e-03,2.40611902e-03
2.351000,8.03807037e-03,5.38070370e-04,0.035871,-8.77423727e-03,2.43762046e-03
2.352000,8.02939208e-03,5.29392080e-04,0.035293,-8.67829105e-03,2.44794218e-03
2.353000,8.02081908e-03,5.20819080e-04,0.034721,-8.57299272e-03,2.45655069e-03
2.354000,8.01235343e-03,5.12353430e-04,0.034157,-8.46565557e-03,2.44941806e-03
2.355000,8.00399384e-03,5.03993840e-04,0.033600,-8.35959180e-03,2.46945422e-03
2.356000,7.99573871e-03,4.95738710e-04,0.033049,-8.25512382e-03,2.46912267e-03
2.357000,7.98759169e-03,4.87591690e-04,0.032506,-8.14702791e-03,2.47774541e-03
2.358000,7.97955131e-03,4.79551310e-04,0.031970,-8.04037114e-03,2.47505466e-03
2.359000,7.97161711e-03,4.71617110e-04,0.031441,-7.93420044e-03,2.48136074e-03
2.360000,7.96378654e-03,4.63786540e-04,0.030919,-7.83057227e-03,2.48621087e-03
2.361000,7.95605975e-03,4.56059750e-04,0.030404,-7.72679346e-03,2.47735468e-03
2.362000,7.94843405e-03,4.48434050e-04,0.029896,-7.62569423e-03,2.48363836e-03
2.363000,7.94090507e-03,4.40905070e-04,0.029394,-7.52898121e-03,2.49970877e-03
2.364000,7.93347506e-03,4.33475060e-04,0.028898,-7.43001196e-03,2.50411938e-03
2.365000,7.92614734e-03,4.26147340e-04,0.028410,-7.32772316e-03,2.50832024e-03
2.366000,7.91892137e-03,4.18921370e-04,0.027928,-7.22596687e-03,2.50712407e-03
2.367000,7.91179564e-03,4.11795640e-04,0.027453,-7.12572584e-03,2.50557080e-03
2.368000,7.90476690e-03,4.04766900e-04,0.026984,-7.02874831e-03,2.51522337e-03
2.369000,7.89783376e-03,3.97833760e-04,0.026522,-6.93313346e-03,2.51142863e-03
2.370000,7.89099619e-03,3.90996190e-04,0.026066,-6.83757755e-03,2.51707693e-03
2.371000,7.88425143e-03,3.84251430e-04,0.025617,-6.74475384e-03,2.53631728e-03
2.372000,7.87760220e-03,3.77602200e-04,0.025173,-6.64922978e-03,2.53534099e-03
2.373000,7.87105199e-03,3.71051990e-04,0.024737,-6.55021020e-03,2.54476321e-03
2.374000,7.86459953e-03,3.64599530e-04,0.024307,-6.45246166e-03,2.55746792e-03
2.375000,7.85824747e-03,3.58247470e-04,0.023883,-6.35205970e-03,2.57074157e-03
2.376000,7.85199954e-03,3.51999540e-04,0.023467,-6.24792558e-03,2.57385358e-03
2.377000,7.84585782e-03,3.45857820e-04,0.023057,-6.14172475e-03,2.58669983e-03
2.378000,7.83982273e-03,3.39822730e-04,0.022655,-6.03508482e-03,2.58290027e-03
2.379000,7.83389496e-03,3.33894960e-04,0.022260,-5.92777058e-03,2.59637554e-03
2.380000,7.82807282e-03,3.28072820e-04,0.021872,-5.82214862e-03,2.59673319e-03
2.381000,7.82235791e-03,3.22357910e-04,0.021491,-5.71490863e-03,2.59791975e-03
2.382000,7.81674776e-03,3.16747760e-04,0.021117,-5.61014574e-03,2.60603926e-03
2.383000,7.81124143e-03,3.11241430e-04,0.020749,-5.50633620e-03,2.62100585e-03
2.384000,7.80584137e-03,3.05841370e-04,0.020389,-5.40005836e-03,2.63291579e-03
2.385000,7.80055165e-03,3.00551650e-04,0.020037,-5.28971296e-03,2.65110910e-03
2.386000,7.79537635e-03,2.95376350e-04,0.019692,-5.17530155e-03,2.65933896e-03
2.387000,7.79031972e-03,2.90319720e-04,0.019355,-5.05663636e-03,2.65988831e-03
2.388000,7.78538138e-03,2.85381380e-04,0.019025,-4.93833795e-03,2.67059167e-03
2.389000,7.78056027e-03,2.80560270e-04,0.018704,-4.82110456e-03,2.66821433e-03
2.390000,7.77585636e-03,2.75856360e-04,0.018390,-4.70391352e-03,2.67968998e-03
2.391000,7.77126780e-03,2.71267800e-04,0.018085,-4.58856174e-03,2.67881866e-03
2.392000,7.76679510e-03,2.66795100e-04,0.017786,-4.47269684e-03,2.67803882e-03
2.393000,7.76243484e-03,2.62434840e-04,0.017496,-4.36026568e-03,2.68993986e-03
2.394000,7.75818587e-03,2.58185870e-04,0.017212,-4.24896545e-03,2.68834986e-03
2.395000,7.75404884e-03,2.54048840e-04,0.016937,-4.13703419e-03,2.68574243e-03
2.396000,7.75001986e-03,2.50019860e-04,0.016668,-4.02897874e-03,2.68520392e-03
2.397000,7.74609519e-03,2.46095190e-04,0.016406,-3.92466715e-03,2.68480427e-03
2.398000,7.74227187e-03,2.42271870e-04,0.016151,-3.82331614e-03,2.68400648e-03
2.399000,7.73854700e-03,2.38547000e-04,0.015903,-3.72487270e-03,2.68696927e-03
2.400000,7.73491826e-03,2.34918260e-04,0.015661,-3.62874068e-03,2.68722876e-03
2.401000,7.73138414e-03,2.31384140e-04,0.015426,-3.53412257e-03,2.68774237e-03
2.402000,7.72794234e-03,2.27942340e-04,0.015196,-3.44179980e-03,2.68338034e-03
2.403000,7.72458987e-03,2.24589870e-04,0.014973,-3.35247097e-03,2.69016228e-03
2.404000,7.72132417e-03,2.21324170e-04,0.014755,-3.26569820e-03,2.68739399e-03
2.405000,7.71814467e-03,2.18144670e-04,0.014543,-3.17949525e-03,2.68946433e-03
2.406000,7.71504861e-03,2.15048610e-04,0.014337,-3.09606857e-03,2.69716847e-03
2.407000,7.71203578e-03,2.12035780e-04,0.014136,-3.01282783e-03,2.69728441e-03
2.408000,7.70910650e-03,2.09106500e-04,0.013940,-2.92927311e-03,2.69676476e-03
2.409000,7.70625856e-03,2.06258560e-04,0.013751,-2.84794916e-03,2.70034380e-03
2.410000,7.70349026e-03,2.03490260e-04,0.013566,-2.76829521e-03,2.70115394e-03
2.411000,7.70080083e-03,2.00800830e-04,0.013387,-2.68943363e-03,2.70092849e-03
2.412000,7.69818842e-03,1.98188420e-04,0.013213,-2.61240776e-03,2.70878907e-03
2.413000,7.69565231e-03,1.95652310e-04,0.013043,-2.53610833e-03,2.71068502e-03
2.414000,7.69319335e-03,1.93193350e-04,0.012880,-2.45895734e-03,2.71155053e-03
2.415000,7.69081029e-03,1.90810290e-04,0.012721,-2.38306227e-03,2.71179452e-03
2.416000,7.68850146e-03,1.88501460e-04,0.012567,-2.30882700e-03,2.72026627e-03
2.417000,7.68626647e-03,1.86266470e-04,0.012418,-2.23499001e-03,2.72194805e-03
2.418000,7.68410639e-03,1.84106390e-04,0.012274,-2.16007866e-03,2.72285649e-03
2.419000,7.68201997e-03,1.82019970e-04,0.012135,-2.08642595e-03,2.72242191e-03
2.420000,7.68000549e-03,1.80005490e-04,0.012000,-2.01447773e-03,2.72150105e-03
2.421000,7.67806079e-03,1.78060790e-04,0.011871,-1.94470287e-03,2.72179266e-03
2.422000,7.67618380e-03,1.76183800e-04,0.011746,-1.87699143e-03,2.72337551e-03
2.423000,7.67437312e-03,1.74373120e-04,0.011625,-1.81067941e-03,2.72148002e-03
2.424000,7.67262720e-03,1.72627200e-04,0.011508,-1.74591640e-03,2.72204849e-03
2.425000,7.67094385e-03,1.70943850e-04,0.011396,-1.68335020e-03,2.72270131e-03
2.426000,7.66932173e-03,1.69321730e-04,0.011288,-1.62212090e-03,2.71975284e-03
2.427000,7.66775894e-03,1.67758940e-04,0.011184,-1.56278692e-03,2.72040299e-03
2.428000,7.66625311e-03,1.66253110e-04,0.011084,-1.50583094e-03,2.71763693e-03
2.429000,7.66480248e-03,1.64802480e-04,0.010987,-1.45062831e-03,2.71515075e-03
2.430000,7.66340431e-03,1.63404310e-04,0.010894,-1.39817779e-03,2.71182726e-03
2.431000,7.66205584e-03,1.62055840e-04,0.010804,-1.34846232e-03,2.70998237e-03
2.432000,7.66075442e-03,1.60754420e-04,0.010717,-1.30142375e-03,2.71006863e-03
2.433000,7.65949823e-03,1.59498230e-04,0.010633,-1.25618677e-03,2.70815572e-03
2.434000,7.65828580e-03,1.58285800e-04,0.010552,-1.21243104e-03,2.70879904e-03
2.435000,7.65711548e-03,1.57115480e-04,0.010474,-1.17031711e-03,2.70847603e-03
2.436000,7.65598633e-03,1.55986330e-04,0.010399,-1.12915100e-03,2.70856745e-03
2.437000,7.65489719e-03,1.54897190e-04,0.010326,-1.08914570e-03,2.70811512e-03
2.438000,7.65384696e-03,1.53846960e-04,0.010256,-1.05023205e-03,2.70791988e-03
2.439000,7.65283445e-03,1.52834450e-04,0.010189,-1.01251122e-03,2.70836820e-03
2.440000,7.65185869e-03,1.51858690e-04,0.010124,-9.75759050e-04,2.70713123e-03
2.441000,7.65091865e-03,1.50918650e-04,0.010061,-9.40034692e-04,2.70685322e-03
2.442000,7.65001297e-03,1.50012970e-04,0.010001,-9.05685235e-04,2.70515125e-03
2.443000,7.64914035e-03,1.49140350e-04,0.009943,-8.72613357e-04,2.70442741e-03
2.444000,7.64829928e-03,1.48299280e-04,0.009887,-8.41072742e-04,2.70348965e-03
2.445000,7.64748853e-03,1.47488530e-04,0.009833,-8.10747454e-04,2.70298160e-03
2.446000,7.64670693e-03,1.46706930e-04,0.009780,-7.81600222e-04,2.70270976e-03
2.447000,7.64595351e-03,1.45953510e-04,0.009730,-7.53422210e-04,2.70212307e-03
2.448000,7.64522734e-03,1.45227340e-04,0.009682,-7.26166824e-04,2.70079657e-03
2.449000,7.64452731e-03,1.44527310e-04,0.009635,-7.00038128e-04,2.69995396e-03
2.450000,7.64385215e-03,1.43852150e-04,0.009590,-6.75160041e-04,2.69945813e-03
2.451000,7.64320086e-03,1.43200860e-04,0.009547,-6.51285459e-04,2.69916687e-03
2.452000,7.64257262e-03,1.42572620e-04,0.009505,-6.28242069e-04,2.69898065e-03
2.453000,7.64196669e-03,1.41966690e-04,0.009464,-6.05924679e-04,2.69854434e-03
2.454000,7.64138237e-03,1.41382370e-04,0.009425,-5.84323833e-04,2.69803200e-03
2.455000,7.64081886e-03,1.40818860e-04,0.009388,-5.63513940e-04,2.69739554e-03
2.456000,7.64027533e-03,1.40275330e-04,0.009352,-5.43520072e-04,2.69692033e-03
2.457000,7.63975100e-03,1.39751000e-04,0.009317,-5.24332882e-04,2.69745057e-03
2.458000,7.63924530e-03,1.39245300e-04,0.009283,-5.05706598e-04,2.69700829e-03
2.459000,7.63875782e-03,1.38757820e-04,0.009251,-4.87472497e-04,2.69638845e-03
2.460000,7.63828786e-03,1.38287860e-04,0.009219,-4.69961997e-04,2.69589187e-03
2.461000,7.63783467e-03,1.37834670e-04,0.009189,-4.53191795e-04,2.69598485e-03
2.462000,7.63739767e-03,1.37397670e-04,0.009160,-4.37001628e-04,2.69562259e-03
2.463000,7.63697640e-03,1.36976400e-04,0.009132,-4.21266209e-04,2.69546018e-03
2.464000,7.63657032e-03,1.36570320e-04,0.009105,-4.06084870e-04,2.69506300e-03
2.465000,7.63617890e-03,1.36178900e-04,0.009079,-3.91419676e-04,2.69469200e-03
2.466000,7.63580157e-03,1.35801570e-04,0.009053,-3.77327754e-04,2.69468435e-03
2.467000,7.63543785e-03,1.35437850e-04,0.009029,-3.63723207e-04,2.69513335e-03
2.468000,7.63508745e-03,1.35087450e-04,0.009006,-3.50398462e-04,2.69413350e-03
2.469000,7.63475000e-03,1.34750000e-04,0.008983,-3.37449696e-04,2.69453128e-03
2.470000,7.63442491e-03,1.34424910e-04,0.008962,-3.25089812e-04,2.69412628e-03
2.471000,7.63411191e-03,1.34111910e-04,0.008941,-3.12994685e-04,2.69349217e-03
2.472000,7.63381046e-03,1.33810460e-04,0.008921,-3.01453643e-04,2.69317572e-03
2.473000,7.63351999e-03,1.33519990e-04,0.008901,-2.90470813e-04,2.69326249e-03
2.474000,7.63324013e-03,1.33240130e-04,0.008883,-2.79860591e-04,2.69315213e-03
2.475000,7.63297061e-03,1.32970610e-04,0.008865,-2.69518240e-04,2.69301029e-03
2.476000,7.63271110e-03,1.32711100e-04,0.008847,-2.59505253e-04,2.69268347e-03
2.477000,7.63246125e-03,1.32461250e-04,0.008831,-2.49854971e-04,2.69246616e-03
2.478000,7.63222065e-03,1.32220650e-04,0.008815,-2.40598245e-04,2.69235853e-03
2.479000,7.63198898e-03,1.31988980e-04,0.008799,-2.31670896e-04,2.69230213e-03
2.480000,7.63176596e-03,1.31765960e-04,0.008784,-2.23020432e-04,2.69219532e-03
2.481000,7.63155133e-03,1.31551330e-04,0.008770,-2.14631929e-04,2.69205575e-03
2.482000,7.63134481e-03,1.31344810e-04,0.008756,-2.06520326e-04,2.69191536e-03
2.483000,7.63114612e-03,1.31146120e-04,0.008743,-1.98689020e-04,2.69181074e-03
2.484000,7.63095499e-03,1.30954990e-04,0.008730,-1.91124809e-04,2.69172391e-03
2.485000,7.63077119e-03,1.30771190e-04,0.008718,-1.83806220e-04,2.69163889e-03
2.486000,7.63059447e-03,1.30594470e-04,0.008706,-1.76720852e-04,2.69154317e-03
2.487000,7.63042460e-03,1.30424600e-04,0.008695,-1.69863886e-04,2.69144797e-03
2.488000,7.63026137e-03,1.30261370e-04,0.008684,-1.63232701e-04,2.69135934e-03
2.489000,7.63010455e-03,1.30104550e-04,0.008674,-1.56820112e-04,2.69128029e-03
2.490000,7.62995393e-03,1.29953930e-04,0.008664,-1.50616670e-04,2.69120420e-03
2.491000,7.62980932e-03,1.29809320e-04,0.008654,-1.44613347e-04,2.69112881e-03
2.492000,7.62967052e-03,1.29670520e-04,0.008645,-1.38803857e-04,2.69105346e-03
2.493000,7.62953733e-03,1.29537330e-04,0.008636,-1.33182919e-04,2.69098120e-03
2.494000,7.62940959e-03,1.29409590e-04,0.008627,-1.27745073e-04,2.69091231e-03
2.495000,7.62928710e-03,1.29287100e-04,0.008619,-1.22483972e-04,2.69084654e-03
2.496000,7.62916971e-03,1.29169710e-04,0.008611,-1.17393396e-04,2.69078225e-03
2.497000,7.62905724e-03,1.29057240e-04,0.008604,-1.12467648e-04,2.69071947e-03
2.498000,7.62894954e-03,1.28949540e-04,0.008597,-1.07701693e-04,2.69065826e-03
2.499000,7.62884645e-03,1.28846450e-04,0.008590,-1.03090616e-04,2.69059919e-03
2.500000,7.62874782e-03,1.28747820e-04,0.008583,-9.86295064e-05,2.69054198e-03
2.501000,7.62865351e-03,1.28653510e-04,0.008577,-9.43134478e-05,2.69048647e-03
2.502000,7.62856337e-03,1.28563370e-04,0.008571,-9.01377713e-05,2.69043231e-03
2.503000,7.62847727e-03,1.28477270e-04,0.008565,-8.60980442e-05,2.69037957e-03
2.504000,7.62839508e-03,1.28395080e-04,0.008560,-8.21900441e-05,2.69032825e-03
2.505000,7.62831667e-03,1.28316670e-04,0.008554,-7.84096351e-05,2.69027839e-03
2.506000,7.62824192e-03,1.28241920e-04,0.008549,-7.47527895e-05,2.69022983e-03
2.507000,7.62817070e-03,1.28170700e-04,0.008545,-7.12155942e-05,2.69018252e-03
2.508000,7.62810291e-03,1.28102910e-04,0.008540,-6.77942976e-05,2.69013636e-03
2.509000,7.62803842e-03,1.28038420e-04,0.008536,-6.44852794e-05,2.69009137e-03
2.510000,7.62797714e-03,1.27977140e-04,0.008532,-6.12850419e-05,2.69004750e-03
2.511000,7.62791895e-03,1.27918950e-04,0.008528,-5.81901834e-05,2.69000472e-03
2.512000,7.62786375e-03,1.27863750e-04,0.008524,-5.51974116e-05,2.68996297e-03
2.513000,7.62781145e-03,1.27811450e-04,0.008521,-5.23035390e-05,2.68992221e-03
2.514000,7.62776194e-03,1.27761940e-04,0.008517,-4.95054886e-05,2.68988239e-03
2.515000,7.62771514e-03,1.27715140e-04,0.008514,-4.68002803e-05,2.68984352e-03
2.516000,7.62767096e-03,1.27670960e-04,0.008511,-4.41850287e-05,2.68980554e-03
2.517000,7.62762930e-03,1.27629300e-04,0.008509,-4.16569360e-05,2.68976842e-03
2.518000,7.62759009e-03,1.27590090e-04,0.008506,-3.92132943e-05,2.68973214e-03
2.519000,7.62755324e-03,1.27553240e-04,0.008504,-3.68514810e-05,2.68969666e-03
2.520000,7.62751867e-03,1.27518670e-04,0.008501,-3.45689576e-05,2.68966197e-03
2.521000,7.62748630e-03,1.27486300e-04,0.008499,-3.23632641e-05,2.68962803e-03
2.522000,7.62745607e-03,1.27456070e-04,0.008497,-3.02320176e-05,2.68959483e-03
2.523000,7.62742790e-03,1.27427900e-04,0.008495,-2.81729088e-05,2.68956233e-03
2.524000,7.62740172e-03,1.27401720e-04,0.008493,-2.61837008e-05,2.68953052e-03
2.525000,7.62737745e-03,1.27377450e-04,0.008492,-2.42622262e-05,2.68949938e-03
2.526000,7.62735505e-03,1.27355050e-04,0.008490,-2.24063851e-05,2.68946888e-03
2.527000,7.62733443e-03,1.27334430e-04,0.008489,-2.06141421e-05,2.68943900e-03
2.528000,7.62731555e-03,1.27315550e-04,0.008488,-1.88835251e-05,2.68940974e-03
2.529000,7.62729834e-03,1.27298340e-04,0.008487,-1.72126221e-05,2.68938106e-03
2.530000,7.62728274e-03,1.27282740e-04,0.008486,-1.55995808e-05,2.68935296e-03
2.531000,7.62726869e-03,1.27268690e-04,0.008485,-1.40426054e-05,2.68932541e-03
2.532000,7.62725615e-03,1.27256150e-04,0.008484,-1.25399554e-05,2.68929840e-03
2.533000,7.62724506e-03,1.27245060e-04,0.008483,-1.10899436e-05,2.68927192e-03
2.534000,7.62723537e-03,1.27235370e-04,0.008482,-9.69093441e-06,2.68924595e-03
2.535000,7.62722703e-03,1.27227030e-04,0.008482,-8.34134229e-06,2.68922047e-03
2.536000,7.62721999e-03,1.27219990e-04,0.008481,-7.03963023e-06,2.68919548e-03
2.537000,7.62721421e-03,1.27214210e-04,0.008481,-5.78430802e-06,2.68917096e-03
2.538000,7.62720963e-03,1.27209630e-04,0.008481,-4.57393098e-06,2.68914689e-03
2.539000,7.62720623e-03,1.27206230e-04,0.008480,-3.40709832e-06,2.68912327e-03
2.540000,7.62720394e-03,1.27203940e-04,0.008480,-2.28245198e-06,2.68910008e-03
2.541000,7.62720275e-03,1.27202750e-04,0.008480,-1.19867512e-06,2.68907732e-03
2.542000,7.62720259e-03,1.27202590e-04,0.008480,-1.54490977e-07,2.68905496e-03
2.543000,7.62720344e-03,1.27203440e-04,0.008480,8.51338492e-07,2.68903301e-03
2.544000,7.62720526e-03,1.27205260e-04,0.008480,1.82001373e-06,2.68901145e-03
2.545000,7.62720802e-03,1.27208020e-04,0.008481,2.75269880e-06,2.68899027e-03
2.546000,7.62721167e-03,1.27211670e-04,0.008481,3.65052247e-06,2.68896945e-03
2.547000,7.62721618e-03,1.27216180e-04,0.008481,4.51457932e-06,2.68894900e-03
2.548000,7.62722153e-03,1.27221530e-04,0.008481,5.34593077e-06,2.68892891e-03
2.549000,7.62722767e-03,1.27227670e-04,0.008482,6.14560613e-06,2.68890916e-03
2.550000,7.62723459e-03,1.27234590e-04,0.008482,6.91460353e-06,2.68888974e-03
2.551000,7.62724224e-03,1.27242240e-04,0.008483,7.65389096e-06,2.68887065e-03
2.552000,7.62725060e-03,1.27250600e-04,0.008483,8.36440708e-06,2.68885189e-03
2.553000,7.62725965e-03,1.27259650e-04,0.008484,9.04706221e-06,2.68883344e-03
2.554000,7.62726935e-03,1.27269350e-04,0.008485,9.70273913e-06,2.68881529e-03
2.555000,7.62727969e-03,1.27279690e-04,0.008485,1.03322939e-05,2.68879744e-03
2.556000,7.62729062e-03,1.27290620e-04,0.008486,1.09365569e-05,2.68877988e-03
2.557000,7.62730214e-03,1.27302140e-04,0.008487,1.15163331e-05,2.68876261e-03
2.558000,7.62731421e-03,1.27314210e-04,0.008488,1.20724033e-05,2.68874561e-03
2.559000,7.62732682e-03,1.27326820e-04,0.008488,1.26055249e-05,2.68872889e-03
2.560000,7.62733993e-03,1.27339930e-04,0.008489,1.31164320e-05,2.68871244e-03
2.561000,7.62735354e-03,1.27353540e-04,0.008490,1.36058368e-05,2.68869624e-03
2.562000,7.62736761e-03,1.27367610e-04,0.008491,1.40744300e-05,2.68868030e-03
2.563000,7.62738214e-03,1.27382140e-04,0.008492,1.45228811e-05,2.68866461e-03
2.564000,7.62739709e-03,1.27397090e-04,0.008493,1.49518398e-05,2.68864917e-03
2.565000,7.62741245e-03,1.27412450e-04,0.008494,1.53619358e-05,2.68863396e-03
2.566000,7.62742820e-03,1.27428200e-04,0.008495,1.57537798e-05,2.68861898e-03
2.567000,7.62744433e-03,1.27444330e-04,0.008496,1.61279642e-05,2.68860423e-03
2.568000,7.62746082e-03,1.27460820e-04,0.008497,1.64850632e-05,2.68858971e-03
2.569000,7.62747764e-03,1.27477640e-04,0.008499,1.68256338e-05,2.68857540e-03
2.570000,7.62749479e-03,1.27494790e-04,0.008500,1.71502162e-05,2.68856131e-03
2.571000,7.62751225e-03,1.27512250e-04,0.008501,1.74593339e-05,2.68854743e-03
2.572000,7.62753001e-03,1.27530010e-04,0.008502,1.77534948e-05,2.68853376e-03
2.573000,7.62754804e-03,1.27548040e-04,0.008503,1.80331913e-05,2.68852028e-03
2.574000,7.62756634e-03,1.27566340e-04,0.008504,1.82989008e-05,2.68850700e-03
2.575000,7.62758489e-03,1.27584890e-04,0.008506,1.85510863e-05,2.68849392e-03
2.576000,7.62760368e-03,1.27603680e-04,0.008507,1.87901967e-05,2.68848102e-03
2.577000,7.62762270e-03,1.27622700e-04,0.008508,1.90166671e-05,2.68846831e-03
2.578000,7.62764193e-03,1.27641930e-04,0.008509,1.92309196e-05,2.68845579e-03
2.579000,7.62766136e-03,1.27661360e-04,0.008511,1.94333633e-05,2.68844344e-03
2.580000,7.62768099e-03,1.27680990e-04,0.008512,1.96243948e-05,2.68843126e-03
2.581000,7.62770079e-03,1.27700790e-04,0.008513,1.98043987e-05,2.68841926e-03
2.582000,7.62772076e-03,1.27720760e-04,0.008515,1.99737477e-05,2.68840742e-03
2.583000,7.62774090e-03,1.27740900e-04,0.008516,2.01328034e-05,2.68839575e-03
2.584000,7.62776118e-03,1.27761180e-04,0.008517,2.02819161e-05,2.68838424e-03
2.585000,7.62778160e-03,1.27781600e-04,0.008519,2.04214253e-05,2.68837288e-03
2.586000,7.62780215e-03,1.27802150e-04,0.008520,2.05516604e-05,2.68836169e-03
2.587000,7.62782282e-03,1.27822820e-04,0.008522,2.06729406e-05,2.68835064e-03
2.588000,7.62784361e-03,1.27843610e-04,0.008523,2.07855750e-05,2.68833975e-03
2.589000,7.62786450e-03,1.27864500e-04,0.008524,2.08898637e-05,2.68832900e-03
2.590000,7.62788549e-03,1.27885490e-04,0.008526,2.09860971e-05,2.68831839e-03
2.591000,7.62790656e-03,1.27906560e-04,0.008527,2.10745571e-05,2.68830793e-03
2.592000,7.62792772e-03,1.27927720e-04,0.008529,2.11555165e-05,2.68829760e-03
2.593000,7.62794895e-03,1.27948950e-04,0.008530,2.12292399e-05,2.68828741e-03
2.594000,7.62797024e-03,1.27970240e-04,0.008531,2.12959837e-05,2.68827736e-03
2.595000,7.62799160e-03,1.27991600e-04,0.008533,2.13559964e-05,2.68826743e-03
2.596000,7.62801301e-03,1.28013010e-04,0.008534,2.14095186e-05,2.68825763e-03
2.597000,7.62803446e-03,1.28034460e-04,0.008536,2.14567838e-05,2.68824796e-03
2.598000,7.62805596e-03,1.28055960e-04,0.008537,2.14980180e-05,2.68823842e-03
2.599000,7.62807749e-03,1.28077490e-04,0.008538,2.15334401e-05,2.68822900e-03
2.600000,7.62809906e-03,1.28099060e-04,0.008540,2.15632623e-05,2.68821969e-03
2.601000,7.62812065e-03,1.28120650e-04,0.008541,2.15876903e-05,2.68821050e-03
2.602000,7.62814225e-03,1.28142250e-04,0.008543,2.16069231e-05,2.68820143e-03
2.603000,7.62816387e-03,1.28163870e-04,0.008544,2.16211538e-05,2.68819247e-03
2.604000,7.62818550e-03,1.28185500e-04,0.008546,2.16305691e-05,2.68818363e-03
2.605000,7.62820714e-03,1.28207140e-04,0.008547,2.16353501e-05,2.68817489e-03
2.606000,7.62822878e-03,1.28228780e-04,0.008549,2.16356721e-05,2.68816626e-03
2.607000,7.62825041e-03,1.28250410e-04,0.008550,2.16317049e-05,2.68815774e-03
2.608000,7.62827203e-03,1.28272030e-04,0.008551,2.16236130e-05,2.68814932e-03
2.609000,7.62829364e-03,1.28293640e-04,0.008553,2.16115556e-05,2.68814100e-03
2.610000,7.62831524e-03,1.28315240e-04,0.008554,2.15956869e-05,2.68813278e-03
2.611000,7.62833681e-03,1.28336810e-04,0.008556,2.15761563e-05,2.68812466e-03
2.612000,7.62835837e-03,1.28358370e-04,0.008557,2.15531082e-05,2.68811664e-03
2.613000,7.62837989e-03,1.28379890e-04,0.008559,2.15266827e-05,2.68810872e-03
2.614000,7.62840139e-03,1.28401390e-04,0.008560,2.14970154e-05,2.68810088e-03
2.615000,7.62842286e-03,1.28422860e-04,0.008562,2.14642372e-05,2.68809314e-03
2.616000,7.62844428e-03,1.28444280e-04,0.008563,2.14284754e-05,2.68808549e-03
2.617000,7.62846567e-03,1.28465670e-04,0.008564,2.13898526e-05,2.68807793e-03
2.618000,7.62848702e-03,1.28487020e-04,0.008566,2.13484880e-05,2.68807046e-03
2.619000,7.62850833e-03,1.28508330e-04,0.008567,2.13044965e-05,2.68806307e-03
2.620000,7.62852958e-03,1.28529580e-04,0.008569,2.12579896e-05,2.68805577e-03
2.621000,7.62855079e-03,1.28550790e-04,0.008570,2.12090751e-05,2.68804856e-03
2.622000,7.62857195e-03,1.28571950e-04,0.008571,2.11578572e-05,2.68804142e-03
2.623000,7.62859306e-03,1.28593060e-04,0.008573,2.11044369e-05,2.68803436e-03
2.624000,7.62861410e-03,1.28614100e-04,0.008574,2.10489117e-05,2.68802739e-03
2.625000,7.62863510e-03,1.28635100e-04,0.008576,2.09913761e-05,2.68802049e-03
2.626000,7.62865603e-03,1.28656030e-04,0.008577,2.09319213e-05,2.68801367e-03
2.627000,7.62867690e-03,1.28676900e-04,0.008578,2.08706356e-05,2.68800693e-03
2.628000,7.62869771e-03,1.28697710e-04,0.008580,2.08076045e-05,2.68800025e-03
2.629000,7.62871845e-03,1.28718450e-04,0.008581,2.07429106e-05,2.68799366e-03
2.630000,7.62873913e-03,1.28739130e-04,0.008583,2.06766336e-05,2.68798713e-03
2.631000,7.62875973e-03,1.28759730e-04,0.008584,2.06088507e-05,2.68798068e-03
2.632000,7.62878027e-03,1.28780270e-04,0.008585,2.05396365e-05,2.68797430e-03
2.633000,7.62880074e-03,1.28800740e-04,0.008587,2.04690632e-05,2.68796798e-03
2.634000,7.62882114e-03,1.28821140e-04,0.008588,2.03972003e-05,2.68796173e-03
2.635000,7.62884146e-03,1.28841460e-04,0.008589,2.03241153e-05,2.68795555e-03
2.636000,7.62886171e-03,1.28861710e-04,0.008591,2.02498733e-05,2.68794944e-03
2.637000,7.62888189e-03,1.28881890e-04,0.008592,2.01745370e-05,2.68794339e-03
2.638000,7.62890199e-03,1.28901990e-04,0.008593,2.00981671e-05,2.68793740e-03
2.639000,7.62892201e-03,1.28922010e-04,0.008595,2.00208224e-05,2.68793148e-03
2.640000,7.62894195e-03,1.28941950e-04,0.008596,1.99425594e-05,2.68792562e-03
2.641000,7.62896181e-03,1.28961810e-04,0.008597,1.98634328e-05,2.68791982e-03
2.642000,7.62898160e-03,1.28981600e-04,0.008599,1.97834954e-05,2.68791408e-03
2.643000,7.62900130e-03,1.29001300e-04,0.008600,1.97027983e-05,2.68790840e-03
2.644000,7.62902092e-03,1.29020920e-04,0.008601,1.96213904e-05,2.68790278e-03
2.645000,7.62904046e-03,1.29040460e-04,0.008603,1.95393195e-05,2.68789721e-03
2.646000,7.62905992e-03,1.29059920e-04,0.008604,1.94566311e-05,2.68789170e-03
2.647000,7.62907929e-03,1.29079290e-04,0.008605,1.93733695e-05,2.68788625e-03
2.648000,7.62909858e-03,1.29098580e-04,0.008607,1.92895774e-05,2.68788085e-03
2.649000,7.62911779e-03,1.29117790e-04,0.008608,1.92052958e-05,2.68787550e-03
2.650000,7.62913691e-03,1.29136910e-04,0.008609,1.91205644e-05,2.68787021e-03
2.651000,7.62915594e-03,1.29155940e-04,0.008610,1.90354214e-05,2.68786498e-03
2.652000,7.62917489e-03,1.29174890e-04,0.008612,1.89499035e-05,2.68785979e-03
2.653000,7.62919376e-03,1.29193760e-04,0.008613,1.88640463e-05,2.68785465e-03
2.654000,7.62921253e-03,1.29212530e-04,0.008614,1.87778841e-05,2.68784957e-03
2.655000,7.62923123e-03,1.29231230e-04,0.008615,1.86914496e-05,2.68784453e-03
2.656000,7.62924983e-03,1.29249830e-04,0.008617,1.86047747e-05,2.68783954e-03
2.657000,7.62926835e-03,1.29268350e-04,0.008618,1.85178899e-05,2.68783461e-03
2.658000,7.62928678e-03,1.29286780e-04,0.008619,1.84308246e-05,2.68782971e-03
2.659000,7.62930512e-03,1.29305120e-04,0.008620,1.83436072e-05,2.68782487e-03
2.660000,7.62932338e-03,1.29323380e-04,0.008622,1.82562647e-05,2.68782007e-03
2.661000,7.62934155e-03,1.29341550e-04,0.008623,1.81688235e-05,2.68781532e-03
2.662000,7.62935963e-03,1.29359630e-04,0.008624,1.80813088e-05,2.68781061e-03
2.663000,7.62937762e-03,1.29377620e-04,0.008625,1.79937447e-05,2.68780595e-03
2.664000,7.62939553e-03,1.29395530e-04,0.008626,1.79061545e-05,2.68780133e-03
2.665000,7.62941335e-03,1.29413350e-04,0.008628,1.78185607e-05,2.68779675e-03
2.666000,7.62943108e-03,1.29431080e-04,0.008629,1.77309846e-05,2.68779222e-03
2.667000,7.62944872e-03,1.29448720e-04,0.008630,1.76434470e-05,2.68778773e-03
2.668000,7.62946628e-03,1.29466280e-04,0.008631,1.75559677e-05,2.68778327e-03
2.669000,7.62948375e-03,1.29483750e-04,0.008632,1.74685656e-05,2.68777886e-03
2.670000,7.62950113e-03,1.29501130e-04,0.008633,1.73812590e-05,2.68777450e-03
2.671000,7.62951842e-03,1.29518420e-04,0.008635,1.72940655e-05,2.68777016e-03
2.672000,7.62953563e-03,1.29535630e-04,0.008636,1.72070017e-05,2.68776587e-03
2.673000,7.62955275e-03,1.29552750e-04,0.008637,1.71200837e-05,2.68776162e-03
2.674000,7.62956978e-03,1.29569780e-04,0.008638,1.70333269e-05,2.68775741e-03
2.675000,7.62958673e-03,1.29586730e-04,0.008639,1.69467461e-05,2.68775323e-03
2.676000,7.62960359e-03,1.29603590e-04,0.008640,1.68603554e-05,2.68774909e-03
2.677000,7.62962036e-03,1.29620360e-04,0.008641,1.67741681e-05,2.68774499e-03
2.678000,7.62963705e-03,1.29637050e-04,0.008642,1.66881973e-05,2.68774092e-03
2.679000,7.62965365e-03,1.29653650e-04,0.008644,1.66024552e-05,2.68773689e-03
2.680000,7.62967017e-03,1.29670170e-04,0.008645,1.65169536e-05,2.68773290e-03
2.681000,7.62968660e-03,1.29686600e-04,0.008646,1.64317037e-05,2.68772894e-03
2.682000,7.62970295e-03,1.29702950e-04,0.008647,1.63467162e-05,2.68772501e-03
2.683000,7.62971921e-03,1.29719210e-04,0.008648,1.62620014e-05,2.68772112e-03
2.684000,7.62973539e-03,1.29735390e-04,0.008649,1.61775688e-05,2.68771726e-03
2.685000,7.62975148e-03,1.29751480e-04,0.008650,1.60934279e-05,2.68771343e-03
2.686000,7.62976749e-03,1.29767490e-04,0.008651,1.60095874e-05,2.68770964e-03
2.687000,7.62978342e-03,1.29783420e-04,0.008652,1.59260556e-05,2.68770588e-03
2.688000,7.62979926e-03,1.29799260e-04,0.008653,1.58428404e-05,2.68770215e-03
2.689000,7.62981502e-03,1.29815020e-04,0.008654,1.57599495e-05,2.68769845e-03
2.690000,7.62983070e-03,1.29830700e-04,0.008655,1.56773900e-05,2.68769478e-03
2.691000,7.62984629e-03,1.29846290e-04,0.008656,1.55951685e-05,2.68769115e-03
2.692000,7.62986181e-03,1.29861810e-04,0.008657,1.55132915e-05,2.68768754e-03
2.693000,7.62987724e-03,1.29877240e-04,0.008658,1.54317649e-05,2.68768396e-03
2.694000,7.62989259e-03,1.29892590e-04,0.008660,1.53505946e-05,2.68768042e-03
2.695000,7.62990786e-03,1.29907860e-04,0.008661,1.52697858e-05,2.68767690e-03
2.696000,7.62992305e-03,1.29923050e-04,0.008662,1.51893437e-05,2.68767341e-03
2.697000,7.62993816e-03,1.29938160e-04,0.008663,1.51092728e-05,2.68766995e-03
2.698000,7.62995319e-03,1.29953190e-04,0.008664,1.50295776e-05,2.68766652e-03
2.699000,7.62996814e-03,1.29968140e-04,0.008665,1.49502624e-05,2.68766312e-03
2.700000,7.62998301e-03,1.29983010e-04,0.008666,1.48713308e-05,2.68765974e-03
