# FeatFloWer certified run q2p1_dns_rundir_e4_l3_dt0p5_sync (particle_force.log, every CFD step)
# case=E4 level=L3 D/h=23.918 dt=0.0005 s; quarter-box benchSym mesh, FBM Q2/P1, serial PE HardContactAndFluid, lubrication OFF
# columns: t_s, z_center_m, gap_m (=z_center-0.0075), h_over_d (=gap/0.015), u_z_mps, F_z_N (hydrodynamic force on the sphere, full-sphere value)
0.000500,1.27500000e-01,1.20000000e-01,8.000000,0.00000000e+00,0.00000000e+00
0.001000,1.27499650e-01,1.19999650e-01,7.999977,-7.00714286e-04,9.05515651e-04
0.001500,1.27498989e-01,1.19998989e-01,7.999933,-1.32136341e-03,1.45484466e-03
0.002000,1.27498117e-01,1.19998117e-01,7.999874,-1.74474874e-03,1.34540093e-03
0.002500,1.27497073e-01,1.19997073e-01,7.999805,-2.08760709e-03,1.02524956e-03
0.003000,1.27495834e-01,1.19995834e-01,7.999722,-2.47674452e-03,9.17671202e-04
0.003500,1.27494370e-01,1.19994370e-01,7.999625,-2.92796520e-03,1.04187673e-03
0.004000,1.27492677e-01,1.19992677e-01,7.999512,-3.38586889e-03,1.19210248e-03
0.004500,1.27490772e-01,1.19990772e-01,7.999385,-3.81009422e-03,1.23664264e-03
0.005000,1.27488670e-01,1.19988670e-01,7.999245,-4.20571314e-03,1.20311552e-03
0.005500,1.27486371e-01,1.19986371e-01,7.999091,-4.59698268e-03,1.17859929e-03
0.006000,1.27483873e-01,1.19983873e-01,7.998925,-4.99592534e-03,1.19393662e-03
0.006500,1.27481174e-01,1.19981174e-01,7.998745,-5.39753763e-03,1.23204402e-03
0.007000,1.27478278e-01,1.19978278e-01,7.998552,-5.79326199e-03,1.26367379e-03
0.007500,1.27475188e-01,1.19975188e-01,7.998346,-6.17993213e-03,1.26947910e-03
0.008000,1.27471907e-01,1.19971907e-01,7.998127,-6.56089513e-03,1.27402787e-03
0.008500,1.27468437e-01,1.19968437e-01,7.997896,-6.94050265e-03,1.28499311e-03
0.009000,1.27464778e-01,1.19964778e-01,7.997652,-7.31839370e-03,1.30166329e-03
0.009500,1.27460931e-01,1.19960931e-01,7.997395,-7.69301020e-03,1.31826877e-03
0.010000,1.27456900e-01,1.19956900e-01,7.997127,-8.06342108e-03,1.33338549e-03
0.010500,1.27452685e-01,1.19952685e-01,7.996846,-8.42976861e-03,1.34535429e-03
0.011000,1.27448288e-01,1.19948288e-01,7.996553,-8.79257559e-03,1.35176308e-03
0.011500,1.27443712e-01,1.19943712e-01,7.996247,-9.15285054e-03,1.35682277e-03
0.012000,1.27438956e-01,1.19938956e-01,7.995930,-9.51162574e-03,1.36865870e-03
0.012500,1.27434022e-01,1.19934022e-01,7.995601,-9.86852358e-03,1.37742941e-03
0.013000,1.27428911e-01,1.19928911e-01,7.995261,-1.02227024e-02,1.37952285e-03
0.013500,1.27423623e-01,1.19923623e-01,7.994908,-1.05752558e-02,1.39158717e-03
0.014000,1.27418160e-01,1.19918160e-01,7.994544,-1.09263988e-02,1.40163330e-03
0.014500,1.27412522e-01,1.19912522e-01,7.994168,-1.12746725e-02,1.41244340e-03
0.015000,1.27406712e-01,1.19906712e-01,7.993781,-1.16203407e-02,1.41815251e-03
0.015500,1.27400730e-01,1.19900730e-01,7.993382,-1.19637290e-02,1.42684291e-03
0.016000,1.27394578e-01,1.19894578e-01,7.992972,-1.23054114e-02,1.43875151e-03
0.016500,1.27388255e-01,1.19888255e-01,7.992550,-1.26446139e-02,1.44872214e-03
0.017000,1.27381765e-01,1.19881765e-01,7.992118,-1.29809792e-02,1.45673813e-03
0.017500,1.27375107e-01,1.19875107e-01,7.991674,-1.33149986e-02,1.45675002e-03
0.018000,1.27368284e-01,1.19868284e-01,7.991219,-1.36477006e-02,1.46442115e-03
0.018500,1.27361294e-01,1.19861294e-01,7.990753,-1.39797224e-02,1.47862448e-03
0.019000,1.27354139e-01,1.19854139e-01,7.990276,-1.43092286e-02,1.47961759e-03
0.019500,1.27346821e-01,1.19846821e-01,7.989788,-1.46363148e-02,1.48763458e-03
0.020000,1.27339340e-01,1.19839340e-01,7.989289,-1.49625290e-02,1.48791459e-03
0.020500,1.27331696e-01,1.19831696e-01,7.988780,-1.52874020e-02,1.49342884e-03
0.021000,1.27323890e-01,1.19823890e-01,7.988259,-1.56117415e-02,1.50158204e-03
0.021500,1.27315923e-01,1.19815923e-01,7.987728,-1.59344546e-02,1.50556150e-03
0.022000,1.27307795e-01,1.19807795e-01,7.987186,-1.62554770e-02,1.52007230e-03
0.022500,1.27299508e-01,1.19799508e-01,7.986634,-1.65745630e-02,1.53630292e-03
0.023000,1.27291063e-01,1.19791063e-01,7.986071,-1.68898310e-02,1.54485420e-03
0.023500,1.27282462e-01,1.19782462e-01,7.985497,-1.72016777e-02,1.54645802e-03
0.024000,1.27273706e-01,1.19773706e-01,7.984914,-1.75119785e-02,1.55297398e-03
0.024500,1.27264795e-01,1.19764795e-01,7.984320,-1.78214398e-02,1.55140749e-03
0.025000,1.27255730e-01,1.19755730e-01,7.983715,-1.81299696e-02,1.55565844e-03
0.025500,1.27246511e-01,1.19746511e-01,7.983101,-1.84383807e-02,1.56093560e-03
0.026000,1.27237138e-01,1.19737138e-01,7.982476,-1.87456273e-02,1.57281920e-03
0.026500,1.27227613e-01,1.19727613e-01,7.981841,-1.90509565e-02,1.58272011e-03
0.027000,1.27217936e-01,1.19717936e-01,7.981196,-1.93534589e-02,1.58855763e-03
0.027500,1.27208109e-01,1.19708109e-01,7.980541,-1.96538194e-02,1.58800789e-03
0.028000,1.27198133e-01,1.19698133e-01,7.979876,-1.99532699e-02,1.59182657e-03
0.028500,1.27188006e-01,1.19688006e-01,7.979200,-2.02524730e-02,1.60623270e-03
0.029000,1.27177732e-01,1.19677732e-01,7.978515,-2.05497753e-02,1.61893690e-03
0.029500,1.27167310e-01,1.19667310e-01,7.977821,-2.08435887e-02,1.62961708e-03
0.030000,1.27156743e-01,1.19656743e-01,7.977116,-2.11343717e-02,1.62015265e-03
0.030500,1.27146030e-01,1.19646030e-01,7.976402,-2.14242377e-02,1.61635952e-03
0.031000,1.27135172e-01,1.19635172e-01,7.975678,-2.17159933e-02,1.61423720e-03
0.031500,1.27124168e-01,1.19624168e-01,7.974945,-2.20085593e-02,1.62862158e-03
0.032000,1.27113018e-01,1.19613018e-01,7.974201,-2.23002020e-02,1.65208957e-03
0.032500,1.27101724e-01,1.19601724e-01,7.973448,-2.25874077e-02,1.66111281e-03
0.033000,1.27090289e-01,1.19590289e-01,7.972686,-2.28699619e-02,1.66909941e-03
0.033500,1.27078714e-01,1.19578714e-01,7.971914,-2.31503282e-02,1.66980623e-03
0.034000,1.27067000e-01,1.19567000e-01,7.971133,-2.34293206e-02,1.68409090e-03
0.034500,1.27055146e-01,1.19555146e-01,7.970343,-2.37069339e-02,1.68248326e-03
0.035000,1.27043155e-01,1.19543155e-01,7.969544,-2.39823437e-02,1.67796727e-03
0.035500,1.27031026e-01,1.19531026e-01,7.968735,-2.42584167e-02,1.69098354e-03
0.036000,1.27018759e-01,1.19518759e-01,7.967917,-2.45340805e-02,1.70134158e-03
0.036500,1.27006355e-01,1.19506355e-01,7.967090,-2.48066910e-02,1.71923446e-03
0.037000,1.26993817e-01,1.19493817e-01,7.966254,-2.50760185e-02,1.71331173e-03
0.037500,1.26981146e-01,1.19481146e-01,7.965410,-2.53429317e-02,1.69807921e-03
0.038000,1.26968340e-01,1.19468340e-01,7.964556,-2.56121642e-02,1.69911536e-03
0.038500,1.26955398e-01,1.19455398e-01,7.963693,-2.58838064e-02,1.70732011e-03
0.039000,1.26942321e-01,1.19442321e-01,7.962821,-2.61545530e-02,1.71566206e-03
0.039500,1.26929109e-01,1.19429109e-01,7.961941,-2.64232147e-02,1.72672312e-03
0.040000,1.26915764e-01,1.19415764e-01,7.961051,-2.66895286e-02,1.71474818e-03
0.040500,1.26902287e-01,1.19402287e-01,7.960152,-2.69550850e-02,1.72441837e-03
0.041000,1.26888676e-01,1.19388676e-01,7.959245,-2.72217527e-02,1.74224604e-03
0.041500,1.26874933e-01,1.19374933e-01,7.958329,-2.74852562e-02,1.72551647e-03
0.042000,1.26861060e-01,1.19361060e-01,7.957404,-2.77473115e-02,1.71993088e-03
0.042500,1.26847053e-01,1.19347053e-01,7.956470,-2.80126078e-02,1.71828678e-03
0.043000,1.26832914e-01,1.19332914e-01,7.955528,-2.82789667e-02,1.73589684e-03
0.043500,1.26818642e-01,1.19318642e-01,7.954576,-2.85440385e-02,1.73753538e-03
0.044000,1.26804239e-01,1.19304239e-01,7.953616,-2.88060736e-02,1.74887687e-03
0.044500,1.26789705e-01,1.19289705e-01,7.952647,-2.90668369e-02,1.73669303e-03
0.045000,1.26775042e-01,1.19275042e-01,7.951669,-2.93268152e-02,1.73119239e-03
0.045500,1.26760247e-01,1.19260247e-01,7.950683,-2.95892805e-02,1.72838891e-03
0.046000,1.26745321e-01,1.19245321e-01,7.949688,-2.98528969e-02,1.76561185e-03
0.046500,1.26730264e-01,1.19230264e-01,7.948684,-3.01136824e-02,1.77888310e-03
0.047000,1.26715080e-01,1.19215080e-01,7.947672,-3.03671822e-02,1.77052794e-03
0.047500,1.26699771e-01,1.19199771e-01,7.946651,-3.06192416e-02,1.75699589e-03
0.048000,1.26684334e-01,1.19184334e-01,7.945622,-3.08738694e-02,1.76190446e-03
0.048500,1.26668769e-01,1.19168769e-01,7.944585,-3.11302852e-02,1.77097826e-03
0.049000,1.26653076e-01,1.19153076e-01,7.943538,-3.13850928e-02,1.77570405e-03
0.049500,1.26637257e-01,1.19137257e-01,7.942484,-3.16379925e-02,1.78892757e-03
0.050000,1.26621313e-01,1.19121313e-01,7.941421,-3.18889469e-02,1.80448188e-03
0.050500,1.26605244e-01,1.19105244e-01,7.940350,-3.21363547e-02,1.79967975e-03
0.051000,1.26589054e-01,1.19089054e-01,7.939270,-3.23816329e-02,1.79865340e-03
0.051500,1.26572740e-01,1.19072740e-01,7.938183,-3.26277905e-02,1.77006569e-03
0.052000,1.26556301e-01,1.19056301e-01,7.937087,-3.28766442e-02,1.80282143e-03
0.052500,1.26539738e-01,1.19039738e-01,7.935983,-3.31272961e-02,1.82985136e-03
0.053000,1.26523053e-01,1.19023053e-01,7.934870,-3.33701792e-02,1.83741906e-03
0.053500,1.26506249e-01,1.19006249e-01,7.933750,-3.36079547e-02,1.83453964e-03
0.054000,1.26489326e-01,1.18989326e-01,7.932622,-3.38447421e-02,1.82530220e-03
0.054500,1.26472285e-01,1.18972285e-01,7.931486,-3.40828191e-02,1.83779293e-03
0.055000,1.26455124e-01,1.18955124e-01,7.930342,-3.43213086e-02,1.85341635e-03
0.055500,1.26437846e-01,1.18937846e-01,7.929190,-3.45563655e-02,1.85314781e-03
0.056000,1.26420452e-01,1.18920452e-01,7.928030,-3.47888807e-02,1.82709830e-03
0.056500,1.26402940e-01,1.18902940e-01,7.926863,-3.50237433e-02,1.84581638e-03
0.057000,1.26385309e-01,1.18885309e-01,7.925687,-3.52612284e-02,1.84448118e-03
0.057500,1.26367561e-01,1.18867561e-01,7.924504,-3.54957579e-02,1.86021983e-03
0.058000,1.26349697e-01,1.18849697e-01,7.923313,-3.57291150e-02,1.85400679e-03
0.058500,1.26331716e-01,1.18831716e-01,7.922114,-3.59604371e-02,1.86324549e-03
0.059000,1.26313620e-01,1.18813620e-01,7.920908,-3.61919625e-02,1.83531929e-03
0.059500,1.26295408e-01,1.18795408e-01,7.919694,-3.64244401e-02,1.81878510e-03
0.060000,1.26277077e-01,1.18777077e-01,7.918472,-3.66629653e-02,1.84418445e-03
0.060500,1.26258626e-01,1.18758626e-01,7.917242,-3.69019598e-02,1.85071841e-03
0.061000,1.26240058e-01,1.18740058e-01,7.916004,-3.71362058e-02,1.84660938e-03
0.061500,1.26221373e-01,1.18721373e-01,7.914758,-3.73697421e-02,1.83233721e-03
0.062000,1.26202570e-01,1.18702570e-01,7.913505,-3.76052151e-02,1.81616418e-03
0.062500,1.26183648e-01,1.18683648e-01,7.912243,-3.78444618e-02,1.85129560e-03
0.063000,1.26164606e-01,1.18664606e-01,7.910974,-3.80832579e-02,1.88449830e-03
0.063500,1.26145450e-01,1.18645450e-01,7.909697,-3.83133493e-02,1.86347963e-03
0.064000,1.26126180e-01,1.18626180e-01,7.908412,-3.85398471e-02,1.85166224e-03
0.064500,1.26106794e-01,1.18606794e-01,7.907120,-3.87708412e-02,1.85891757e-03
0.065000,1.26087293e-01,1.18587293e-01,7.905820,-3.90031343e-02,1.86585493e-03
0.065500,1.26067676e-01,1.18567676e-01,7.904512,-3.92336226e-02,1.89026418e-03
0.066000,1.26047946e-01,1.18547946e-01,7.903196,-3.94608135e-02,1.89553656e-03
0.066500,1.26028104e-01,1.18528104e-01,7.901874,-3.96835301e-02,1.87475675e-03
0.067000,1.26008150e-01,1.18508150e-01,7.900543,-3.99072182e-02,1.87337808e-03
0.067500,1.25988083e-01,1.18488083e-01,7.899206,-4.01344404e-02,1.90844865e-03
0.068000,1.25967904e-01,1.18467904e-01,7.897860,-4.03587881e-02,1.92746041e-03
0.068500,1.25947616e-01,1.18447616e-01,7.896508,-4.05756959e-02,1.93710129e-03
0.069000,1.25927221e-01,1.18427221e-01,7.895148,-4.07886294e-02,1.92032486e-03
0.069500,1.25906721e-01,1.18406721e-01,7.893781,-4.10014632e-02,1.93163042e-03
0.070000,1.25886113e-01,1.18386113e-01,7.892408,-4.12160521e-02,1.95525086e-03
0.070500,1.25865399e-01,1.18365399e-01,7.891027,-4.14266961e-02,1.92568809e-03
0.071000,1.25844581e-01,1.18344581e-01,7.889639,-4.16360754e-02,1.91645869e-03
0.071500,1.25823656e-01,1.18323656e-01,7.888244,-4.18511251e-02,1.92515538e-03
0.072000,1.25802622e-01,1.18302622e-01,7.886841,-4.20669214e-02,1.91993821e-03
0.072500,1.25781481e-01,1.18281481e-01,7.885432,-4.22817510e-02,1.95691729e-03
0.073000,1.25760234e-01,1.18260234e-01,7.884016,-4.24941676e-02,1.92865739e-03
0.073500,1.25738883e-01,1.18238883e-01,7.882592,-4.27030106e-02,1.89868111e-03
0.074000,1.25717423e-01,1.18217423e-01,7.881162,-4.29191447e-02,1.90984955e-03
0.074500,1.25695854e-01,1.18195854e-01,7.879724,-4.31392136e-02,1.92567925e-03
0.075000,1.25674176e-01,1.18174176e-01,7.878278,-4.33560488e-02,1.91301911e-03
0.075500,1.25652390e-01,1.18152390e-01,7.876826,-4.35714042e-02,1.90219656e-03
0.076000,1.25630495e-01,1.18130495e-01,7.875366,-4.37897953e-02,1.93749469e-03
0.076500,1.25608492e-01,1.18108492e-01,7.873899,-4.40068425e-02,1.95712461e-03
0.077000,1.25586383e-01,1.18086383e-01,7.872426,-4.42163579e-02,1.92992552e-03
0.077500,1.25564171e-01,1.18064171e-01,7.870945,-4.44250548e-02,1.92959446e-03
0.078000,1.25541852e-01,1.18041852e-01,7.869457,-4.46382473e-02,1.92436571e-03
0.078500,1.25519426e-01,1.18019426e-01,7.867962,-4.48519564e-02,1.94986890e-03
0.079000,1.25496894e-01,1.17996894e-01,7.866460,-4.50642692e-02,1.97793872e-03
0.079500,1.25474259e-01,1.17974259e-01,7.864951,-4.52699122e-02,1.95971533e-03
0.080000,1.25451522e-01,1.17951522e-01,7.863435,-4.54725573e-02,1.92632587e-03
0.080500,1.25428682e-01,1.17928682e-01,7.861912,-4.56811471e-02,1.96412393e-03
0.081000,1.25405736e-01,1.17905736e-01,7.860382,-4.58918776e-02,1.99205780e-03
0.081500,1.25382689e-01,1.17882689e-01,7.858846,-4.60939314e-02,1.99850444e-03
0.082000,1.25359543e-01,1.17859543e-01,7.857303,-4.62908283e-02,2.00475658e-03
0.082500,1.25336300e-01,1.17836300e-01,7.855753,-4.64861138e-02,2.00458814e-03
0.083000,1.25312960e-01,1.17812960e-01,7.854197,-4.66803876e-02,1.96613330e-03
0.083500,1.25289521e-01,1.17789521e-01,7.852635,-4.68780891e-02,1.98455177e-03
0.084000,1.25265981e-01,1.17765981e-01,7.851065,-4.70804767e-02,1.99406613e-03
0.084500,1.25242341e-01,1.17742341e-01,7.849489,-4.72789986e-02,1.99322521e-03
0.085000,1.25218603e-01,1.17718603e-01,7.847907,-4.74760325e-02,2.00911895e-03
0.085500,1.25194768e-01,1.17694768e-01,7.846318,-4.76717992e-02,1.95720783e-03
0.086000,1.25170833e-01,1.17670833e-01,7.844722,-4.78695459e-02,1.95471593e-03
0.086500,1.25146795e-01,1.17646795e-01,7.843120,-4.80760372e-02,1.96812903e-03
0.087000,1.25122654e-01,1.17622654e-01,7.841510,-4.82817517e-02,1.96723503e-03
0.087500,1.25098411e-01,1.17598411e-01,7.839894,-4.84853427e-02,1.94735838e-03
0.088000,1.25074066e-01,1.17574066e-01,7.838271,-4.86908380e-02,1.96897928e-03
0.088500,1.25049617e-01,1.17549617e-01,7.836641,-4.88976855e-02,1.98709918e-03
0.089000,1.25025067e-01,1.17525067e-01,7.835004,-4.90993805e-02,1.97362495e-03
0.089500,1.25000418e-01,1.17500418e-01,7.833361,-4.92992915e-02,1.97339857e-03
0.090000,1.24975667e-01,1.17475667e-01,7.831711,-4.95014351e-02,1.98268915e-03
0.090500,1.24950815e-01,1.17450815e-01,7.830054,-4.97027943e-02,2.01061293e-03
0.091000,1.24925865e-01,1.17425865e-01,7.828391,-4.99001590e-02,2.00742390e-03
0.091500,1.24900819e-01,1.17400819e-01,7.826721,-5.00932204e-02,1.98553860e-03
0.092000,1.24875674e-01,1.17375674e-01,7.825045,-5.02887405e-02,2.02277664e-03
0.092500,1.24850432e-01,1.17350432e-01,7.823362,-5.04845617e-02,2.04247342e-03
0.093000,1.24825096e-01,1.17325096e-01,7.821673,-5.06725267e-02,2.04544128e-03
0.093500,1.24799667e-01,1.17299667e-01,7.819978,-5.08569948e-02,2.05709131e-03
0.094000,1.24774147e-01,1.17274147e-01,7.818276,-5.10399455e-02,2.07463454e-03
0.094500,1.24748538e-01,1.17248538e-01,7.816569,-5.12194321e-02,2.02882301e-03
0.095000,1.24722838e-01,1.17222838e-01,7.814856,-5.14000885e-02,2.01356852e-03
0.095500,1.24697043e-01,1.17197043e-01,7.813136,-5.15896163e-02,2.02351671e-03
0.096000,1.24671152e-01,1.17171152e-01,7.811410,-5.17807695e-02,2.06981870e-03
0.096500,1.24645169e-01,1.17145169e-01,7.809678,-5.19661950e-02,2.03359362e-03
0.097000,1.24619096e-01,1.17119096e-01,7.807940,-5.21472204e-02,1.99489375e-03
0.097500,1.24592927e-01,1.17092927e-01,7.806195,-5.23376161e-02,2.00362955e-03
0.098000,1.24566660e-01,1.17066660e-01,7.804444,-5.25335941e-02,2.01283175e-03
0.098500,1.24540296e-01,1.17040296e-01,7.802686,-5.27273241e-02,2.00392919e-03
0.099000,1.24513836e-01,1.17013836e-01,7.800922,-5.29203301e-02,2.04293729e-03
0.099500,1.24487281e-01,1.16987281e-01,7.799152,-5.31113489e-02,2.04079356e-03
0.100000,1.24460633e-01,1.16960633e-01,7.797376,-5.32961518e-02,2.02459340e-03
0.100500,1.24433891e-01,1.16933891e-01,7.795593,-5.34827392e-02,2.01646511e-03
0.101000,1.24407055e-01,1.16907055e-01,7.793804,-5.36727054e-02,2.03886968e-03
0.101500,1.24380124e-01,1.16880124e-01,7.792008,-5.38620254e-02,2.06075931e-03
0.102000,1.24353101e-01,1.16853101e-01,7.790207,-5.40457309e-02,2.02159508e-03
0.102500,1.24325986e-01,1.16825986e-01,7.788399,-5.42293048e-02,2.04892625e-03
0.103000,1.24298778e-01,1.16798778e-01,7.786585,-5.44168932e-02,2.08603830e-03
0.103500,1.24271480e-01,1.16771480e-01,7.784765,-5.45967122e-02,2.09348533e-03
0.104000,1.24244095e-01,1.16744095e-01,7.782940,-5.47697787e-02,2.09432499e-03
0.104500,1.24216624e-01,1.16716624e-01,7.781108,-5.49415480e-02,2.09862795e-03
0.105000,1.24189067e-01,1.16689067e-01,7.779271,-5.51127990e-02,2.07399589e-03
0.105500,1.24161425e-01,1.16661425e-01,7.777428,-5.52855214e-02,2.06391684e-03
0.106000,1.24133693e-01,1.16633693e-01,7.775580,-5.54631797e-02,2.07416142e-03
0.106500,1.24105872e-01,1.16605872e-01,7.773725,-5.56415873e-02,2.10455783e-03
0.107000,1.24077965e-01,1.16577965e-01,7.771864,-5.58156250e-02,2.04954214e-03
0.107500,1.24049970e-01,1.16549970e-01,7.769998,-5.59895358e-02,2.04213191e-03
0.108000,1.24021883e-01,1.16521883e-01,7.768126,-5.61731358e-02,2.03480040e-03
0.108500,1.23993704e-01,1.16493704e-01,7.766247,-5.63586009e-02,2.02258602e-03
0.109000,1.23965431e-01,1.16465431e-01,7.764362,-5.65463499e-02,2.04775076e-03
0.109500,1.23937064e-01,1.16437064e-01,7.762471,-5.67338795e-02,2.06878833e-03
0.110000,1.23908606e-01,1.16408606e-01,7.760574,-5.69154168e-02,2.05868423e-03
0.110500,1.23880059e-01,1.16380059e-01,7.758671,-5.70943929e-02,2.06636191e-03
0.111000,1.23851422e-01,1.16351422e-01,7.756761,-5.72743493e-02,2.05976419e-03
0.111500,1.23822695e-01,1.16322695e-01,7.754846,-5.74536284e-02,2.07982597e-03
0.112000,1.23793879e-01,1.16293879e-01,7.752925,-5.76322170e-02,2.06379070e-03
0.112500,1.23764974e-01,1.16264974e-01,7.750998,-5.78089291e-02,2.10371751e-03
0.113000,1.23735982e-01,1.16235982e-01,7.749065,-5.79847441e-02,2.12632466e-03
0.113500,1.23706906e-01,1.16206906e-01,7.747127,-5.81520038e-02,2.11480194e-03
0.114000,1.23677748e-01,1.16177748e-01,7.745183,-5.83165701e-02,2.14495114e-03
0.114500,1.23648507e-01,1.16148507e-01,7.743234,-5.84803628e-02,2.12401234e-03
0.115000,1.23619187e-01,1.16119187e-01,7.741279,-5.86410561e-02,2.09760580e-03
0.115500,1.23589783e-01,1.16089783e-01,7.739319,-5.88075226e-02,2.11120945e-03
0.116000,1.23560295e-01,1.16060295e-01,7.737353,-5.89771225e-02,2.13603319e-03
0.116500,1.23530723e-01,1.16030723e-01,7.735382,-5.91422936e-02,2.08681011e-03
0.117000,1.23501070e-01,1.16001070e-01,7.733405,-5.93077407e-02,2.07198709e-03
0.117500,1.23471328e-01,1.15971328e-01,7.731422,-5.94825813e-02,2.08295608e-03
0.118000,1.23441499e-01,1.15941499e-01,7.729433,-5.96588860e-02,2.06989255e-03
0.118500,1.23411582e-01,1.15911582e-01,7.727439,-5.98345446e-02,2.09873536e-03
0.119000,1.23381577e-01,1.15881577e-01,7.725438,-6.00097981e-02,2.10626768e-03
0.119500,1.23351487e-01,1.15851487e-01,7.723432,-6.01796494e-02,2.09369071e-03
0.120000,1.23321312e-01,1.15821312e-01,7.721421,-6.03493759e-02,2.07836888e-03
0.120500,1.23291051e-01,1.15791051e-01,7.719403,-6.05225223e-02,2.11359304e-03
0.121000,1.23260703e-01,1.15760703e-01,7.717380,-6.06950703e-02,2.12645451e-03
0.121500,1.23230273e-01,1.15730273e-01,7.715352,-6.08606969e-02,2.09666547e-03
0.122000,1.23199760e-01,1.15699760e-01,7.713317,-6.10268455e-02,2.12712246e-03
0.122500,1.23169162e-01,1.15669162e-01,7.711277,-6.11951927e-02,2.15472411e-03
0.123000,1.23138484e-01,1.15638484e-01,7.709232,-6.13560981e-02,2.16762851e-03
0.123500,1.23107728e-01,1.15607728e-01,7.707182,-6.15113302e-02,2.18258498e-03
0.124000,1.23076897e-01,1.15576897e-01,7.705126,-6.16631208e-02,2.14182823e-03
0.124500,1.23045989e-01,1.15545989e-01,7.703066,-6.18160591e-02,2.12655918e-03
0.125000,1.23015000e-01,1.15515000e-01,7.701000,-6.19770400e-02,2.13697204e-03
0.125500,1.22983930e-01,1.15483930e-01,7.698929,-6.21396076e-02,2.13086165e-03
0.126000,1.22952780e-01,1.15452780e-01,7.696852,-6.23010055e-02,2.10280433e-03
0.126500,1.22921547e-01,1.15421547e-01,7.694770,-6.24658877e-02,2.10468123e-03
0.127000,1.22890229e-01,1.15390229e-01,7.692682,-6.26352111e-02,2.09772948e-03
0.127500,1.22858827e-01,1.15358827e-01,7.690588,-6.28048409e-02,2.09863583e-03
0.128000,1.22827339e-01,1.15327339e-01,7.688489,-6.29755322e-02,2.12309379e-03
0.128500,1.22795767e-01,1.15295767e-01,7.686384,-6.31439121e-02,2.11711574e-03
0.129000,1.22764113e-01,1.15264113e-01,7.684274,-6.33088044e-02,2.10696740e-03
0.129500,1.22732375e-01,1.15232375e-01,7.682158,-6.34755756e-02,2.13477344e-03
0.130000,1.22700554e-01,1.15200554e-01,7.680037,-6.36415546e-02,2.14240700e-03
0.130500,1.22668653e-01,1.15168653e-01,7.677910,-6.38022928e-02,2.14437164e-03
0.131000,1.22636672e-01,1.15136672e-01,7.675778,-6.39616037e-02,2.17842138e-03
0.131500,1.22604613e-01,1.15104613e-01,7.673641,-6.41175814e-02,2.18727502e-03
0.132000,1.22572480e-01,1.15072480e-01,7.671499,-6.42671850e-02,2.19701740e-03
0.132500,1.22540273e-01,1.15040273e-01,7.669352,-6.44144734e-02,2.18566052e-03
0.133000,1.22507992e-01,1.15007992e-01,7.667199,-6.45611662e-02,2.15918576e-03
0.133500,1.22475636e-01,1.14975636e-01,7.665042,-6.47120647e-02,2.15630296e-03
0.134000,1.22443202e-01,1.14943202e-01,7.662880,-6.48675655e-02,2.19386363e-03
0.134500,1.22410692e-01,1.14910692e-01,7.660713,-6.50202186e-02,2.15810914e-03
0.135000,1.22378107e-01,1.14878107e-01,7.658540,-6.51698653e-02,2.13108238e-03
0.135500,1.22345443e-01,1.14845443e-01,7.656363,-6.53277729e-02,2.11261445e-03
0.136000,1.22312697e-01,1.14812697e-01,7.654180,-6.54917514e-02,2.10156044e-03
0.136500,1.22279868e-01,1.14779868e-01,7.651991,-6.56597398e-02,2.17824286e-03
0.137000,1.22246956e-01,1.14746956e-01,7.649797,-6.58227632e-02,2.15369553e-03
0.137500,1.22213969e-01,1.14713969e-01,7.647598,-6.59753652e-02,2.15274519e-03
0.138000,1.22180902e-01,1.14680902e-01,7.645393,-6.61320821e-02,2.16294281e-03
0.138500,1.22147758e-01,1.14647758e-01,7.643184,-6.62880534e-02,2.17170954e-03
0.139000,1.22114538e-01,1.14614538e-01,7.640969,-6.64415750e-02,2.15769161e-03
0.139500,1.22081240e-01,1.14581240e-01,7.638749,-6.65948965e-02,2.19841906e-03
0.140000,1.22047867e-01,1.14547867e-01,7.636524,-6.67469188e-02,2.20060697e-03
0.140500,1.22014421e-01,1.14514421e-01,7.634295,-6.68920598e-02,2.21600500e-03
0.141000,1.21980903e-01,1.14480903e-01,7.632060,-6.70354801e-02,2.19920427e-03
0.141500,1.21947314e-01,1.14447314e-01,7.629821,-6.71778575e-02,2.19394498e-03
0.142000,1.21913652e-01,1.14413652e-01,7.627577,-6.73234586e-02,2.19827320e-03
0.142500,1.21879918e-01,1.14379918e-01,7.625328,-6.74695407e-02,2.22147447e-03
0.143000,1.21846111e-01,1.14346111e-01,7.623074,-6.76128606e-02,2.14437003e-03
0.143500,1.21812232e-01,1.14312232e-01,7.620815,-6.77591883e-02,2.13996923e-03
0.144000,1.21778272e-01,1.14278272e-01,7.618551,-6.79185661e-02,2.13961567e-03
0.144500,1.21744233e-01,1.14244233e-01,7.616282,-6.80786979e-02,2.15806989e-03
0.145000,1.21710114e-01,1.14210114e-01,7.614008,-6.82372560e-02,2.17255148e-03
0.145500,1.21675919e-01,1.14175919e-01,7.611728,-6.83915033e-02,2.15817067e-03
0.146000,1.21641646e-01,1.14141646e-01,7.609443,-6.85446442e-02,2.15941708e-03
0.146500,1.21607296e-01,1.14107296e-01,7.607153,-6.87000364e-02,2.20170310e-03
0.147000,1.21572870e-01,1.14072870e-01,7.604858,-6.88514849e-02,2.16210374e-03
0.147500,1.21538371e-01,1.14038371e-01,7.602558,-6.89994911e-02,2.21879651e-03
0.148000,1.21503796e-01,1.14003796e-01,7.600253,-6.91489871e-02,2.25024492e-03
0.148500,1.21469153e-01,1.13969153e-01,7.597944,-6.92863931e-02,2.24210101e-03
0.149000,1.21434443e-01,1.13934443e-01,7.595630,-6.94193551e-02,2.25358462e-03
0.149500,1.21399667e-01,1.13899667e-01,7.593311,-6.95526390e-02,2.20937369e-03
0.150000,1.21364823e-01,1.13864823e-01,7.590988,-6.96879463e-02,2.19340523e-03
0.150500,1.21329907e-01,1.13829907e-01,7.588660,-6.98319253e-02,2.23506954e-03
0.151000,1.21294920e-01,1.13794920e-01,7.586328,-6.99748425e-02,2.18789455e-03
0.151500,1.21259862e-01,1.13759862e-01,7.583991,-7.01150893e-02,2.16951703e-03
0.152000,1.21224730e-01,1.13724730e-01,7.581649,-7.02647075e-02,2.16654372e-03
0.152500,1.21189521e-01,1.13689521e-01,7.579301,-7.04176063e-02,2.19862540e-03
0.153000,1.21154237e-01,1.13654237e-01,7.576949,-7.05681567e-02,2.20694315e-03
0.153500,1.21118880e-01,1.13618880e-01,7.574592,-7.07127037e-02,2.18950168e-03
0.154000,1.21083452e-01,1.13583452e-01,7.572230,-7.08574269e-02,2.18968493e-03
0.154500,1.21047949e-01,1.13547949e-01,7.569863,-7.10049980e-02,2.21895045e-03
0.155000,1.21012374e-01,1.13512374e-01,7.567492,-7.11499514e-02,2.19131523e-03
0.155500,1.20976728e-01,1.13476728e-01,7.565115,-7.12925426e-02,2.23368738e-03
0.156000,1.20941010e-01,1.13441010e-01,7.562734,-7.14359252e-02,2.25616214e-03
0.156500,1.20905225e-01,1.13405225e-01,7.560348,-7.15703628e-02,2.27166778e-03
0.157000,1.20869375e-01,1.13369375e-01,7.557958,-7.16997388e-02,2.24275981e-03
0.157500,1.20833460e-01,1.13333460e-01,7.555564,-7.18291247e-02,2.23414757e-03
0.158000,1.20797478e-01,1.13297478e-01,7.553165,-7.19640191e-02,2.24554397e-03
0.158500,1.20761429e-01,1.13261429e-01,7.550762,-7.20993199e-02,2.23126864e-03
0.159000,1.20725312e-01,1.13225312e-01,7.548354,-7.22340116e-02,2.19971062e-03
0.159500,1.20689125e-01,1.13189125e-01,7.545942,-7.23738378e-02,2.19166944e-03
0.160000,1.20652865e-01,1.13152865e-01,7.543524,-7.25195570e-02,2.16528598e-03
0.160500,1.20616531e-01,1.13116531e-01,7.541102,-7.26689295e-02,2.21207957e-03
0.161000,1.20580121e-01,1.13080121e-01,7.538675,-7.28184968e-02,2.20680338e-03
0.161500,1.20543641e-01,1.13043641e-01,7.536243,-7.29608468e-02,2.20231339e-03
0.162000,1.20507089e-01,1.13007089e-01,7.533806,-7.31044602e-02,2.23261566e-03
0.162500,1.20470466e-01,1.12970466e-01,7.531364,-7.32461316e-02,2.21692307e-03
0.163000,1.20433774e-01,1.12933774e-01,7.528918,-7.33842147e-02,2.25143720e-03
0.163500,1.20397013e-01,1.12897013e-01,7.526468,-7.35218229e-02,2.28964598e-03
0.164000,1.20360187e-01,1.12860187e-01,7.524012,-7.36503852e-02,2.29252222e-03
0.164500,1.20323301e-01,1.12823301e-01,7.521553,-7.37724190e-02,2.29666623e-03
0.165000,1.20286354e-01,1.12786354e-01,7.519090,-7.38936141e-02,2.24539846e-03
0.165500,1.20249345e-01,1.12749345e-01,7.516623,-7.40186618e-02,2.23119736e-03
0.166000,1.20212268e-01,1.12712268e-01,7.514151,-7.41533837e-02,2.27233765e-03
0.166500,1.20175125e-01,1.12675125e-01,7.511675,-7.42867999e-02,2.22209101e-03
0.167000,1.20137916e-01,1.12637916e-01,7.509194,-7.44179034e-02,2.22229096e-03
0.167500,1.20100637e-01,1.12600637e-01,7.506709,-7.45572400e-02,2.19509356e-03
0.168000,1.20063288e-01,1.12563288e-01,7.504219,-7.46989486e-02,2.23782379e-03
0.168500,1.20025867e-01,1.12525867e-01,7.501724,-7.48413451e-02,2.22566315e-03
0.169000,1.19988378e-01,1.12488378e-01,7.499225,-7.49778001e-02,2.22643962e-03
0.169500,1.19950820e-01,1.12450820e-01,7.496721,-7.51161834e-02,2.26351851e-03
0.170000,1.19913195e-01,1.12413195e-01,7.494213,-7.52511607e-02,2.23640532e-03
0.170500,1.19875503e-01,1.12375503e-01,7.491700,-7.53824466e-02,2.27129452e-03
0.171000,1.19837746e-01,1.12337746e-01,7.489183,-7.55150999e-02,2.29368001e-03
0.171500,1.19799926e-01,1.12299926e-01,7.486662,-7.56400448e-02,2.31303813e-03
0.172000,1.19762046e-01,1.12262046e-01,7.484136,-7.57596022e-02,2.28708255e-03
0.172500,1.19724107e-01,1.12224107e-01,7.481607,-7.58782758e-02,2.27461418e-03
0.173000,1.19686106e-01,1.12186106e-01,7.479074,-7.60023140e-02,2.28455075e-03
0.173500,1.19648042e-01,1.12148042e-01,7.476536,-7.61275210e-02,2.26462214e-03
0.174000,1.19609916e-01,1.12109916e-01,7.473994,-7.62528584e-02,2.24077730e-03
0.174500,1.19571724e-01,1.12071724e-01,7.471448,-7.63835765e-02,2.22583227e-03
0.175000,1.19533464e-01,1.12033464e-01,7.468898,-7.65195317e-02,2.19524092e-03
0.175500,1.19495134e-01,1.11995134e-01,7.466342,-7.66606457e-02,2.25318238e-03
0.176000,1.19456733e-01,1.11956733e-01,7.463782,-7.68016600e-02,2.24139686e-03
0.176500,1.19418266e-01,1.11918266e-01,7.461218,-7.69342018e-02,2.25028600e-03
0.177000,1.19379732e-01,1.11879732e-01,7.458649,-7.70678930e-02,2.27450654e-03
0.177500,1.19341133e-01,1.11841133e-01,7.456076,-7.71979830e-02,2.26005600e-03
0.178000,1.19302470e-01,1.11802470e-01,7.453498,-7.73253735e-02,2.30671114e-03
0.178500,1.19263745e-01,1.11763745e-01,7.450916,-7.74510116e-02,2.31623920e-03
0.179000,1.19224961e-01,1.11724961e-01,7.448331,-7.75681461e-02,2.35713509e-03
0.179500,1.19186121e-01,1.11686121e-01,7.445741,-7.76801001e-02,2.31121605e-03
0.180000,1.19147226e-01,1.11647226e-01,7.443148,-7.77893988e-02,2.27971077e-03
0.180500,1.19108271e-01,1.11608271e-01,7.440551,-7.79090235e-02,2.29721136e-03
0.181000,1.19069255e-01,1.11569255e-01,7.437950,-7.80322741e-02,2.24690968e-03
0.181500,1.19030177e-01,1.11530177e-01,7.435345,-7.81570987e-02,2.25350803e-03
0.182000,1.18991032e-01,1.11491032e-01,7.432735,-7.82895997e-02,2.23429904e-03
0.182500,1.18951821e-01,1.11451821e-01,7.430121,-7.84227157e-02,2.27566968e-03
0.183000,1.18912543e-01,1.11412543e-01,7.427503,-7.85553280e-02,2.26331462e-03
0.183500,1.18873202e-01,1.11373202e-01,7.424880,-7.86822394e-02,2.27149628e-03
0.184000,1.18833797e-01,1.11333797e-01,7.422253,-7.88104561e-02,2.30475072e-03
0.184500,1.18794329e-01,1.11294329e-01,7.419622,-7.89343890e-02,2.25573904e-03
0.185000,1.18754801e-01,1.11254801e-01,7.416987,-7.90571948e-02,2.30179013e-03
0.185500,1.18715209e-01,1.11215209e-01,7.414347,-7.91839770e-02,2.32795722e-03
0.186000,1.18675558e-01,1.11175558e-01,7.411704,-7.93008835e-02,2.37822188e-03
0.186500,1.18635854e-01,1.11135854e-01,7.409057,-7.94090488e-02,2.31534199e-03
0.187000,1.18596097e-01,1.11096097e-01,7.406406,-7.95145201e-02,2.30403480e-03
0.187500,1.18556281e-01,1.11056281e-01,7.403752,-7.96313165e-02,2.33059116e-03
0.188000,1.18516407e-01,1.11016407e-01,7.401094,-7.97476215e-02,2.25309562e-03
0.188500,1.18476474e-01,1.10976474e-01,7.398432,-7.98664179e-02,2.25339378e-03
0.189000,1.18436475e-01,1.10936475e-01,7.395765,-7.99979133e-02,2.24259363e-03
0.189500,1.18396410e-01,1.10896410e-01,7.393094,-8.01303146e-02,2.28442818e-03
0.190000,1.18356279e-01,1.10856279e-01,7.390419,-8.02607905e-02,2.27308175e-03
0.190500,1.18316087e-01,1.10816087e-01,7.387739,-8.03854000e-02,2.28288883e-03
0.191000,1.18275831e-01,1.10775831e-01,7.385055,-8.05110056e-02,2.31618718e-03
0.191500,1.18235515e-01,1.10735515e-01,7.382368,-8.06320565e-02,2.27984698e-03
0.192000,1.18195140e-01,1.10695140e-01,7.379676,-8.07508528e-02,2.33739715e-03
0.192500,1.18154704e-01,1.10654704e-01,7.376980,-8.08705279e-02,2.34835663e-03
0.193000,1.18114215e-01,1.10614215e-01,7.374281,-8.09797838e-02,2.39393068e-03
0.193500,1.18073673e-01,1.10573673e-01,7.371578,-8.10832104e-02,2.33911717e-03
0.194000,1.18033081e-01,1.10533081e-01,7.368872,-8.11840000e-02,2.30657723e-03
0.194500,1.17992433e-01,1.10492433e-01,7.366162,-8.12966675e-02,2.33764250e-03
0.195000,1.17951727e-01,1.10451727e-01,7.363448,-8.14119316e-02,2.28089245e-03
0.195500,1.17910963e-01,1.10410963e-01,7.360731,-8.15271123e-02,2.26479838e-03
0.196000,1.17870137e-01,1.10370137e-01,7.358009,-8.16530349e-02,2.24449268e-03
0.196500,1.17829245e-01,1.10329245e-01,7.355283,-8.17833956e-02,2.31936030e-03
0.197000,1.17788290e-01,1.10288290e-01,7.352553,-8.19104709e-02,2.31190613e-03
0.197500,1.17747277e-01,1.10247277e-01,7.349818,-8.20259115e-02,2.30852247e-03
0.198000,1.17706205e-01,1.10206205e-01,7.347080,-8.21428753e-02,2.32033240e-03
0.198500,1.17665076e-01,1.10165076e-01,7.344338,-8.22593505e-02,2.31565696e-03
0.199000,1.17623888e-01,1.10123888e-01,7.341593,-8.23742998e-02,2.34984730e-03
0.199500,1.17582645e-01,1.10082645e-01,7.338843,-8.24869938e-02,2.38389267e-03
0.200000,1.17541349e-01,1.10041349e-01,7.336090,-8.25910632e-02,2.36124501e-03
0.200500,1.17500004e-01,1.10000004e-01,7.333334,-8.26915446e-02,2.34209141e-03
0.201000,1.17458605e-01,1.09958605e-01,7.330574,-8.27974384e-02,2.35533408e-03
0.201500,1.17417152e-01,1.09917152e-01,7.327810,-8.29053065e-02,2.30914325e-03
0.202000,1.17375645e-01,1.09875645e-01,7.325043,-8.30150842e-02,2.29231597e-03
0.202500,1.17334078e-01,1.09834078e-01,7.322272,-8.31339347e-02,2.28036643e-03
0.203000,1.17292449e-01,1.09792449e-01,7.319497,-8.32566049e-02,2.30809623e-03
0.203500,1.17250760e-01,1.09750760e-01,7.316717,-8.33787854e-02,2.29982138e-03
0.204000,1.17209011e-01,1.09709011e-01,7.313934,-8.34971442e-02,2.29476942e-03
0.204500,1.17167203e-01,1.09667203e-01,7.311147,-8.36173084e-02,2.34377652e-03
0.205000,1.17125336e-01,1.09625336e-01,7.308356,-8.37339691e-02,2.31316339e-03
0.205500,1.17083413e-01,1.09583413e-01,7.305561,-8.38452892e-02,2.37468651e-03
0.206000,1.17041435e-01,1.09541435e-01,7.302762,-8.39561963e-02,2.38268362e-03
0.206500,1.16999407e-01,1.09499407e-01,7.299960,-8.40562938e-02,2.41817311e-03
0.207000,1.16957331e-01,1.09457331e-01,7.297155,-8.41519402e-02,2.37299201e-03
0.207500,1.16915208e-01,1.09415208e-01,7.294347,-8.42457538e-02,2.32766205e-03
0.208000,1.16873033e-01,1.09373033e-01,7.291536,-8.43509945e-02,2.33297623e-03
0.208500,1.16830801e-01,1.09330801e-01,7.288720,-8.44632089e-02,2.33025992e-03
0.209000,1.16788514e-01,1.09288514e-01,7.285901,-8.45747908e-02,2.30529683e-03
0.209500,1.16746169e-01,1.09246169e-01,7.283078,-8.46890260e-02,2.32232511e-03
0.210000,1.16703766e-01,1.09203766e-01,7.280251,-8.48058547e-02,2.32603658e-03
0.210500,1.16661306e-01,1.09161306e-01,7.277420,-8.49195590e-02,2.33301778e-03
0.211000,1.16618790e-01,1.09118790e-01,7.274586,-8.50320366e-02,2.34898608e-03
0.211500,1.16576219e-01,1.09076219e-01,7.271748,-8.51419560e-02,2.31050278e-03
0.212000,1.16533593e-01,1.09033593e-01,7.268906,-8.52526559e-02,2.36392210e-03
0.212500,1.16490911e-01,1.08990911e-01,7.266061,-8.53649517e-02,2.38698287e-03
0.213000,1.16448177e-01,1.08948177e-01,7.263212,-8.54664367e-02,2.44272178e-03
0.213500,1.16405398e-01,1.08905398e-01,7.260360,-8.55592065e-02,2.39434431e-03
0.214000,1.16362574e-01,1.08862574e-01,7.257505,-8.56471011e-02,2.36232950e-03
0.214500,1.16319701e-01,1.08819701e-01,7.254647,-8.57457703e-02,2.34593996e-03
0.215000,1.16276776e-01,1.08776776e-01,7.251785,-8.58511458e-02,2.33254060e-03
0.215500,1.16233795e-01,1.08733795e-01,7.248920,-8.59603973e-02,2.31490062e-03
0.216000,1.16190759e-01,1.08690759e-01,7.246051,-8.60734089e-02,2.31422459e-03
0.216500,1.16147664e-01,1.08647664e-01,7.243178,-8.61893768e-02,2.32859540e-03
0.217000,1.16104512e-01,1.08604512e-01,7.240301,-8.63041850e-02,2.34128535e-03
0.217500,1.16061304e-01,1.08561304e-01,7.237420,-8.64155114e-02,2.34837701e-03
0.218000,1.16018042e-01,1.08518042e-01,7.234536,-8.65241270e-02,2.31945203e-03
0.218500,1.15974725e-01,1.08474725e-01,7.231648,-8.66341357e-02,2.40784745e-03
0.219000,1.15931355e-01,1.08431355e-01,7.228757,-8.67410781e-02,2.42009519e-03
0.219500,1.15887938e-01,1.08387938e-01,7.225863,-8.68324225e-02,2.45007441e-03
0.220000,1.15844479e-01,1.08344479e-01,7.222965,-8.69191049e-02,2.38931485e-03
0.220500,1.15800976e-01,1.08300976e-01,7.220065,-8.70062368e-02,2.35692489e-03
0.221000,1.15757423e-01,1.08257423e-01,7.217162,-8.71062098e-02,2.36098663e-03
0.221500,1.15713817e-01,1.08213817e-01,7.214254,-8.72111423e-02,2.35785893e-03
0.222000,1.15670159e-01,1.08170159e-01,7.211344,-8.73156844e-02,2.32738710e-03
0.222500,1.15626447e-01,1.08126447e-01,7.208430,-8.74234344e-02,2.35696137e-03
0.223000,1.15582681e-01,1.08082681e-01,7.205512,-8.75335732e-02,2.34326951e-03
0.223500,1.15538861e-01,1.08038861e-01,7.202591,-8.76400663e-02,2.35392162e-03
0.224000,1.15494987e-01,1.07994987e-01,7.199666,-8.77478658e-02,2.38128564e-03
0.224500,1.15451061e-01,1.07951061e-01,7.196737,-8.78514967e-02,2.35616309e-03
0.225000,1.15407085e-01,1.07907085e-01,7.193806,-8.79528555e-02,2.40192242e-03
0.225500,1.15363057e-01,1.07863057e-01,7.190870,-8.80542936e-02,2.43322688e-03
0.226000,1.15318985e-01,1.07818985e-01,7.187932,-8.81454498e-02,2.42535209e-03
0.226500,1.15274869e-01,1.07774869e-01,7.184991,-8.82321618e-02,2.40264654e-03
0.227000,1.15230708e-01,1.07730708e-01,7.182047,-8.83221745e-02,2.43100487e-03
0.227500,1.15186501e-01,1.07686501e-01,7.179100,-8.84134083e-02,2.35634199e-03
0.228000,1.15142248e-01,1.07642248e-01,7.176150,-8.85065870e-02,2.33650195e-03
0.228500,1.15097941e-01,1.07597941e-01,7.173196,-8.86137802e-02,2.30432596e-03
0.229000,1.15053577e-01,1.07553577e-01,7.170238,-8.87270762e-02,2.37941258e-03
0.229500,1.15009158e-01,1.07509158e-01,7.167277,-8.88390167e-02,2.37898992e-03
0.230000,1.14964688e-01,1.07464688e-01,7.164313,-8.89386647e-02,2.35848558e-03
0.230500,1.14920168e-01,1.07420168e-01,7.161345,-8.90401951e-02,2.35525689e-03
0.231000,1.14875595e-01,1.07375595e-01,7.158373,-8.91453780e-02,2.40563101e-03
0.231500,1.14830972e-01,1.07330972e-01,7.155398,-8.92466370e-02,2.44756422e-03
0.232000,1.14786304e-01,1.07286304e-01,7.152420,-8.93359165e-02,2.49238933e-03
0.232500,1.14741597e-01,1.07241597e-01,7.149440,-8.94143468e-02,2.42450365e-03
0.233000,1.14696851e-01,1.07196851e-01,7.146457,-8.94914190e-02,2.38116546e-03
0.233500,1.14652060e-01,1.07152060e-01,7.143471,-8.95834704e-02,2.38188071e-03
0.234000,1.14607218e-01,1.07107218e-01,7.140481,-8.96825750e-02,2.38082706e-03
0.234500,1.14562327e-01,1.07062327e-01,7.137488,-8.97816553e-02,2.34654154e-03
0.235000,1.14517385e-01,1.07017385e-01,7.134492,-8.98839401e-02,2.37578310e-03
0.235500,1.14472391e-01,1.06972391e-01,7.131493,-8.99892694e-02,2.37083011e-03
0.236000,1.14427346e-01,1.06927346e-01,7.128490,-9.00902349e-02,2.38386254e-03
0.236500,1.14382250e-01,1.06882250e-01,7.125483,-9.01908615e-02,2.40842202e-03
0.237000,1.14337107e-01,1.06837107e-01,7.122474,-9.02871764e-02,2.38780204e-03
0.237500,1.14291916e-01,1.06791916e-01,7.119461,-9.03812817e-02,2.42312711e-03
0.238000,1.14246678e-01,1.06746678e-01,7.116445,-9.04756496e-02,2.45929352e-03
0.238500,1.14201398e-01,1.06701398e-01,7.113427,-9.05610190e-02,2.43667908e-03
0.239000,1.14156076e-01,1.06656076e-01,7.110405,-9.06424491e-02,2.43508793e-03
0.239500,1.14110713e-01,1.06610713e-01,7.107381,-9.07277334e-02,2.45328952e-03
0.240000,1.14065307e-01,1.06565307e-01,7.104354,-9.08116697e-02,2.36548440e-03
0.240500,1.14019857e-01,1.06519857e-01,7.101324,-9.09003807e-02,2.34393606e-03
0.241000,1.13974354e-01,1.06474354e-01,7.098290,-9.10054153e-02,2.34137991e-03
0.241500,1.13928797e-01,1.06428797e-01,7.095253,-9.11142143e-02,2.39202671e-03
0.242000,1.13883187e-01,1.06383187e-01,7.092212,-9.12189549e-02,2.40318418e-03
0.242500,1.13837530e-01,1.06337530e-01,7.089169,-9.13143924e-02,2.41068392e-03
0.243000,1.13791826e-01,1.06291826e-01,7.086122,-9.14073346e-02,2.37733558e-03
0.243500,1.13746075e-01,1.06246075e-01,7.083072,-9.15019939e-02,2.44107721e-03
0.244000,1.13700277e-01,1.06200277e-01,7.080018,-9.15964933e-02,2.47877595e-03
0.244500,1.13654439e-01,1.06154439e-01,7.076963,-9.16771926e-02,2.49768905e-03
0.245000,1.13608564e-01,1.06108564e-01,7.073904,-9.17500291e-02,2.42846911e-03
0.245500,1.13562651e-01,1.06062651e-01,7.070843,-9.18258803e-02,2.43684490e-03
0.246000,1.13516694e-01,1.06016694e-01,7.067780,-9.19123574e-02,2.39717469e-03
0.246500,1.13470694e-01,1.05970694e-01,7.064713,-9.20009668e-02,2.38437329e-03
0.247000,1.13424645e-01,1.05924645e-01,7.061643,-9.20972222e-02,2.33874681e-03
0.247500,1.13378546e-01,1.05878546e-01,7.058570,-9.21996139e-02,2.41300810e-03
0.248000,1.13332394e-01,1.05832394e-01,7.055493,-9.23029317e-02,2.41830159e-03
0.248500,1.13286197e-01,1.05786197e-01,7.052413,-9.23935872e-02,2.43417451e-03
0.249000,1.13239956e-01,1.05739956e-01,7.049330,-9.24819700e-02,2.37964805e-03
0.249500,1.13193670e-01,1.05693670e-01,7.046245,-9.25725675e-02,2.45230387e-03
0.250000,1.13147337e-01,1.05647337e-01,7.043156,-9.26656945e-02,2.48260320e-03
0.250500,1.13100965e-01,1.05600965e-01,7.040064,-9.27442119e-02,2.49553547e-03
0.251000,1.13054557e-01,1.05554557e-01,7.036970,-9.28166103e-02,2.44736864e-03
0.251500,1.13008111e-01,1.05508111e-01,7.033874,-9.28911441e-02,2.47175464e-03
0.252000,1.12961626e-01,1.05461626e-01,7.030775,-9.29714311e-02,2.38694129e-03
0.252500,1.12915098e-01,1.05415098e-01,7.027673,-9.30552128e-02,2.38732217e-03
0.253000,1.12868521e-01,1.05368521e-01,7.024568,-9.31528879e-02,2.34384274e-03
0.253500,1.12821894e-01,1.05321894e-01,7.021460,-9.32543448e-02,2.40750632e-03
0.254000,1.12775216e-01,1.05275216e-01,7.018348,-9.33573123e-02,2.42367671e-03
0.254500,1.12728491e-01,1.05228491e-01,7.015233,-9.34483959e-02,2.42717992e-03
0.255000,1.12681723e-01,1.05181723e-01,7.012115,-9.35365146e-02,2.40281255e-03
0.255500,1.12634910e-01,1.05134910e-01,7.008994,-9.36262125e-02,2.46712997e-03
0.256000,1.12588053e-01,1.05088053e-01,7.005870,-9.37142248e-02,2.50994052e-03
0.256500,1.12541159e-01,1.05041159e-01,7.002744,-9.37878904e-02,2.51013536e-03
0.257000,1.12494232e-01,1.04994232e-01,6.999615,-9.38545090e-02,2.44525998e-03
0.257500,1.12447268e-01,1.04947268e-01,6.996485,-9.39268318e-02,2.47731718e-03
0.258000,1.12400265e-01,1.04900265e-01,6.993351,-9.40069732e-02,2.41690982e-03
0.258500,1.12353221e-01,1.04853221e-01,6.990215,-9.40871917e-02,2.37763344e-03
0.259000,1.12306131e-01,1.04806131e-01,6.987075,-9.41808024e-02,2.38994599e-03
0.259500,1.12258991e-01,1.04758991e-01,6.983933,-9.42797738e-02,2.42778187e-03
0.260000,1.12211804e-01,1.04711804e-01,6.980787,-9.43733781e-02,2.43623912e-03
0.260500,1.12164574e-01,1.04664574e-01,6.977638,-9.44600216e-02,2.46470667e-03
0.261000,1.12117303e-01,1.04617303e-01,6.974487,-9.45427592e-02,2.41662730e-03
0.261500,1.12069990e-01,1.04569990e-01,6.971333,-9.46250735e-02,2.45988420e-03
0.262000,1.12022635e-01,1.04522635e-01,6.968176,-9.47114580e-02,2.51449114e-03
0.262500,1.11975242e-01,1.04475242e-01,6.965016,-9.47859110e-02,2.47946603e-03
0.263000,1.11927814e-01,1.04427814e-01,6.961854,-9.48544941e-02,2.48023777e-03
0.263500,1.11880350e-01,1.04380350e-01,6.958690,-9.49287604e-02,2.49313997e-03
0.264000,1.11832849e-01,1.04332849e-01,6.955523,-9.50017591e-02,2.41516425e-03
0.264500,1.11785309e-01,1.04285309e-01,6.952354,-9.50795338e-02,2.37133158e-03
0.265000,1.11737722e-01,1.04237722e-01,6.949181,-9.51739883e-02,2.41728633e-03
0.265500,1.11690087e-01,1.04190087e-01,6.946006,-9.52715771e-02,2.41024522e-03
0.266000,1.11642405e-01,1.04142405e-01,6.942827,-9.53622424e-02,2.42747397e-03
0.266500,1.11594679e-01,1.04094679e-01,6.939645,-9.54525406e-02,2.44439426e-03
0.267000,1.11546910e-01,1.04046910e-01,6.936461,-9.55385136e-02,2.46252745e-03
0.267500,1.11499100e-01,1.03999100e-01,6.933273,-9.56201048e-02,2.50975881e-03
0.268000,1.11451253e-01,1.03951253e-01,6.930084,-9.56945423e-02,2.56166185e-03
0.268500,1.11403374e-01,1.03903374e-01,6.926892,-9.57566348e-02,2.49833391e-03
0.269000,1.11355466e-01,1.03855466e-01,6.923698,-9.58158038e-02,2.44797445e-03
0.269500,1.11307522e-01,1.03807522e-01,6.920501,-9.58898245e-02,2.45274826e-03
0.270000,1.11259536e-01,1.03759536e-01,6.917302,-9.59716925e-02,2.42718905e-03
0.270500,1.11211508e-01,1.03711508e-01,6.914101,-9.60550365e-02,2.39749118e-03
0.271000,1.11163436e-01,1.03663436e-01,6.910896,-9.61452035e-02,2.45136283e-03
0.271500,1.11115318e-01,1.03615318e-01,6.907688,-9.62354837e-02,2.45285731e-03
0.272000,1.11067159e-01,1.03567159e-01,6.904477,-9.63167857e-02,2.46802777e-03
0.272500,1.11018961e-01,1.03518961e-01,6.901264,-9.63965009e-02,2.41813786e-03
0.273000,1.10970722e-01,1.03470722e-01,6.898048,-9.64781362e-02,2.49501134e-03
0.273500,1.10922441e-01,1.03422441e-01,6.894829,-9.65611667e-02,2.53546983e-03
0.274000,1.10874128e-01,1.03374128e-01,6.891609,-9.66279967e-02,2.51632384e-03
0.274500,1.10825783e-01,1.03325783e-01,6.888386,-9.66898760e-02,2.48515386e-03
0.275000,1.10777404e-01,1.03277404e-01,6.885160,-9.67576553e-02,2.51272443e-03
0.275500,1.10728990e-01,1.03228990e-01,6.881933,-9.68281151e-02,2.43626385e-03
0.276000,1.10680539e-01,1.03180539e-01,6.878703,-9.69008082e-02,2.41433026e-03
0.276500,1.10632045e-01,1.03132045e-01,6.875470,-9.69879961e-02,2.42198523e-03
0.277000,1.10583506e-01,1.03083506e-01,6.872234,-9.70781088e-02,2.42686216e-03
0.277500,1.10534923e-01,1.03034923e-01,6.868995,-9.71665332e-02,2.45183656e-03
0.278000,1.10486297e-01,1.02986297e-01,6.865753,-9.72519486e-02,2.46817590e-03
0.278500,1.10437631e-01,1.02937631e-01,6.862509,-9.73318184e-02,2.47930466e-03
0.279000,1.10388927e-01,1.02888927e-01,6.859262,-9.74080210e-02,2.52588924e-03
0.279500,1.10340188e-01,1.02840188e-01,6.856013,-9.74782773e-02,2.57973852e-03
0.280000,1.10291420e-01,1.02791420e-01,6.852761,-9.75361227e-02,2.52345031e-03
0.280500,1.10242625e-01,1.02742625e-01,6.849508,-9.75901026e-02,2.46473940e-03
0.281000,1.10193796e-01,1.02693796e-01,6.846253,-9.76585167e-02,2.45529970e-03
0.281500,1.10144927e-01,1.02644927e-01,6.842995,-9.77374062e-02,2.44477468e-03
0.282000,1.10096017e-01,1.02596017e-01,6.839734,-9.78187763e-02,2.41449202e-03
0.282500,1.10047065e-01,1.02547065e-01,6.836471,-9.79045524e-02,2.46738599e-03
0.283000,1.09998070e-01,1.02498070e-01,6.833205,-9.79906242e-02,2.47674216e-03
0.283500,1.09949036e-01,1.02449036e-01,6.829936,-9.80671831e-02,2.49985552e-03
0.284000,1.09899966e-01,1.02399966e-01,6.826664,-9.81401621e-02,2.44304915e-03
0.284500,1.09850859e-01,1.02350859e-01,6.823391,-9.82143684e-02,2.49967048e-03
0.285000,1.09801713e-01,1.02301713e-01,6.820114,-9.82928964e-02,2.55497169e-03
0.285500,1.09752534e-01,1.02252534e-01,6.816836,-9.83572370e-02,2.52143399e-03
0.286000,1.09703326e-01,1.02203326e-01,6.813555,-9.84154621e-02,2.52060806e-03
0.286500,1.09654087e-01,1.02154087e-01,6.810272,-9.84792673e-02,2.51775529e-03
0.287000,1.09604815e-01,1.02104815e-01,6.806988,-9.85434605e-02,2.45598624e-03
0.287500,1.09555508e-01,1.02055508e-01,6.803701,-9.86135837e-02,2.41109319e-03
0.288000,1.09506159e-01,1.02006159e-01,6.800411,-9.86978192e-02,2.44506844e-03
0.288500,1.09456766e-01,1.01956766e-01,6.797118,-9.87864224e-02,2.44523798e-03
0.289000,1.09407331e-01,1.01907331e-01,6.793822,-9.88694317e-02,2.47160013e-03
0.289500,1.09357856e-01,1.01857856e-01,6.790524,-9.89500821e-02,2.47233673e-03
0.290000,1.09308343e-01,1.01808343e-01,6.787223,-9.90263386e-02,2.53899298e-03
0.290500,1.09258795e-01,1.01758795e-01,6.783920,-9.90965805e-02,2.56075925e-03
0.291000,1.09209218e-01,1.01709218e-01,6.780615,-9.91539523e-02,2.57542532e-03
0.291500,1.09159615e-01,1.01659615e-01,6.777308,-9.92064532e-02,2.50157379e-03
0.292000,1.09109983e-01,1.01609983e-01,6.773999,-9.92630756e-02,2.52903075e-03
0.292500,1.09060318e-01,1.01560318e-01,6.770688,-9.93293974e-02,2.47758625e-03
0.293000,1.09010620e-01,1.01510620e-01,6.767375,-9.93957592e-02,2.43566705e-03
0.293500,1.08960883e-01,1.01460883e-01,6.764059,-9.94742750e-02,2.46531998e-03
0.294000,1.08911105e-01,1.01411105e-01,6.760740,-9.95570524e-02,2.46096536e-03
0.294500,1.08861287e-01,1.01361287e-01,6.757419,-9.96353456e-02,2.49170174e-03
0.295000,1.08811431e-01,1.01311431e-01,6.754095,-9.97116362e-02,2.51119435e-03
0.295500,1.08761541e-01,1.01261541e-01,6.750769,-9.97811560e-02,2.51831985e-03
0.296000,1.08711617e-01,1.01211617e-01,6.747441,-9.98468451e-02,2.51487918e-03
0.296500,1.08661661e-01,1.01161661e-01,6.744111,-9.99116683e-02,2.58969023e-03
0.297000,1.08611676e-01,1.01111676e-01,6.740778,-9.99704417e-02,2.53998812e-03
0.297500,1.08561666e-01,1.01061666e-01,6.737444,-1.00021325e-01,2.54915654e-03
0.298000,1.08511626e-01,1.01011626e-01,6.734108,-1.00079560e-01,2.46034453e-03
0.298500,1.08461554e-01,1.00961554e-01,6.730770,-1.00144141e-01,2.44209228e-03
0.299000,1.08411441e-01,1.00911441e-01,6.727429,-1.00224920e-01,2.46293301e-03
0.299500,1.08361288e-01,1.00861288e-01,6.724086,-1.00306853e-01,2.46440034e-03
0.300000,1.08311095e-01,1.00811095e-01,6.720740,-1.00385235e-01,2.48093375e-03
0.300500,1.08260864e-01,1.00760864e-01,6.717391,-1.00461913e-01,2.49521036e-03
0.301000,1.08210597e-01,1.00710597e-01,6.714040,-1.00534615e-01,2.52719179e-03
0.301500,1.08160296e-01,1.00660296e-01,6.710686,-1.00602144e-01,2.56226090e-03
0.302000,1.08109965e-01,1.00609965e-01,6.707331,-1.00661321e-01,2.60365317e-03
0.302500,1.08059610e-01,1.00559610e-01,6.703974,-1.00711079e-01,2.53817233e-03
0.303000,1.08009230e-01,1.00509230e-01,6.700615,-1.00759831e-01,2.51811158e-03
0.303500,1.07958819e-01,1.00458819e-01,6.697255,-1.00821108e-01,2.48940163e-03
0.304000,1.07908375e-01,1.00408375e-01,6.693892,-1.00888218e-01,2.46553189e-03
0.304500,1.07857894e-01,1.00357894e-01,6.690526,-1.00962153e-01,2.48630944e-03
0.305000,1.07807375e-01,1.00307375e-01,6.687158,-1.01038171e-01,2.48481867e-03
0.305500,1.07756819e-01,1.00256819e-01,6.683788,-1.01110908e-01,2.49480531e-03
0.306000,1.07706228e-01,1.00206228e-01,6.680415,-1.01183007e-01,2.51965333e-03
0.306500,1.07655602e-01,1.00155602e-01,6.677040,-1.01251270e-01,2.52143814e-03
0.307000,1.07604945e-01,1.00104945e-01,6.673663,-1.01315294e-01,2.54386619e-03
0.307500,1.07554256e-01,1.00054256e-01,6.670284,-1.01377042e-01,2.60754867e-03
0.308000,1.07503541e-01,1.00003541e-01,6.666903,-1.01429477e-01,2.56002290e-03
0.308500,1.07452804e-01,9.99528040e-02,6.663520,-1.01475656e-01,2.56597864e-03
0.309000,1.07402039e-01,9.99020390e-02,6.660136,-1.01529113e-01,2.46740993e-03
0.309500,1.07351244e-01,9.98512440e-02,6.656750,-1.01590308e-01,2.45773760e-03
0.310000,1.07300410e-01,9.98004100e-02,6.653361,-1.01668543e-01,2.48066624e-03
0.310500,1.07249536e-01,9.97495360e-02,6.649969,-1.01746339e-01,2.48013347e-03
0.311000,1.07198626e-01,9.96986260e-02,6.646575,-1.01820418e-01,2.49453587e-03
0.311500,1.07147680e-01,9.96476800e-02,6.643179,-1.01893310e-01,2.50957117e-03
0.312000,1.07096698e-01,9.95966980e-02,6.639780,-1.01962508e-01,2.55086294e-03
0.312500,1.07045686e-01,9.95456860e-02,6.636379,-1.02025586e-01,2.56927719e-03
0.313000,1.06994645e-01,9.94946450e-02,6.632976,-1.02080256e-01,2.62274052e-03
0.313500,1.06943582e-01,9.94435820e-02,6.629572,-1.02127174e-01,2.54957793e-03
0.314000,1.06892496e-01,9.93924960e-02,6.626166,-1.02171783e-01,2.56969474e-03
0.314500,1.06841383e-01,9.93413830e-02,6.622759,-1.02226626e-01,2.49175421e-03
0.315000,1.06790240e-01,9.92902400e-02,6.619349,-1.02285058e-01,2.46457048e-03
0.315500,1.06739061e-01,9.92390610e-02,6.615937,-1.02358692e-01,2.49747851e-03
0.316000,1.06687844e-01,9.91878440e-02,6.612523,-1.02433880e-01,2.49382345e-03
0.316500,1.06636592e-01,9.91365920e-02,6.609106,-1.02503987e-01,2.52102786e-03
0.317000,1.06585306e-01,9.90853060e-02,6.605687,-1.02572289e-01,2.53305671e-03
0.317500,1.06533988e-01,9.90339880e-02,6.602266,-1.02635060e-01,2.54531085e-03
0.318000,1.06482641e-01,9.89826410e-02,6.598843,-1.02694773e-01,2.55654231e-03
0.318500,1.06431265e-01,9.89312650e-02,6.595418,-1.02751480e-01,2.59788484e-03
0.319000,1.06379864e-01,9.88798640e-02,6.591991,-1.02802687e-01,2.57761099e-03
0.319500,1.06328439e-01,9.88284390e-02,6.588563,-1.02848899e-01,2.58514639e-03
0.320000,1.06276990e-01,9.87769900e-02,6.585133,-1.02897773e-01,2.49581887e-03
0.320500,1.06225514e-01,9.87255140e-02,6.581701,-1.02953308e-01,2.44888368e-03
0.321000,1.06174000e-01,9.86740000e-02,6.578267,-1.03027661e-01,2.49005767e-03
0.321500,1.06122447e-01,9.86224470e-02,6.574830,-1.03106081e-01,2.48984135e-03
0.322000,1.06070858e-01,9.85708580e-02,6.571391,-1.03177759e-01,2.52232452e-03
0.322500,1.06019235e-01,9.85192350e-02,6.567949,-1.03246600e-01,2.50979899e-03
0.323000,1.05967579e-01,9.84675790e-02,6.564505,-1.03311215e-01,2.58797162e-03
0.323500,1.05915894e-01,9.84158940e-02,6.561060,-1.03370975e-01,2.62537815e-03
0.324000,1.05864186e-01,9.83641860e-02,6.557612,-1.03414590e-01,2.59504003e-03
0.324500,1.05812459e-01,9.83124590e-02,6.554164,-1.03454746e-01,2.57106042e-03
0.325000,1.05760708e-01,9.82607080e-02,6.550714,-1.03502004e-01,2.53591748e-03
0.325500,1.05708930e-01,9.82089300e-02,6.547262,-1.03556306e-01,2.50389953e-03
0.326000,1.05657120e-01,9.81571200e-02,6.543808,-1.03619210e-01,2.47760797e-03
0.326500,1.05605275e-01,9.81052750e-02,6.540352,-1.03689697e-01,2.52255446e-03
0.327000,1.05553395e-01,9.80533950e-02,6.536893,-1.03760527e-01,2.53806465e-03
0.327500,1.05501484e-01,9.80014840e-02,6.533432,-1.03822605e-01,2.56673947e-03
0.328000,1.05449544e-01,9.79495440e-02,6.529970,-1.03879600e-01,2.52359608e-03
0.328500,1.05397576e-01,9.78975760e-02,6.526505,-1.03935702e-01,2.55828330e-03
0.329000,1.05345578e-01,9.78455780e-02,6.523039,-1.03995821e-01,2.63069713e-03
0.329500,1.05293556e-01,9.77935560e-02,6.519570,-1.04043841e-01,2.61460339e-03
0.330000,1.05241515e-01,9.77415150e-02,6.516101,-1.04081393e-01,2.57930238e-03
0.330500,1.05189453e-01,9.76894530e-02,6.512630,-1.04124710e-01,2.52033661e-03
0.331000,1.05137364e-01,9.76373640e-02,6.509158,-1.04179037e-01,2.50045679e-03
0.331500,1.05085241e-01,9.75852410e-02,6.505683,-1.04244804e-01,2.47014601e-03
0.332000,1.05033083e-01,9.75330830e-02,6.502206,-1.04316516e-01,2.50895928e-03
0.332500,1.04980888e-01,9.74808880e-02,6.498726,-1.04389773e-01,2.54176002e-03
0.333000,1.04928661e-01,9.74286610e-02,6.495244,-1.04453756e-01,2.54657101e-03
0.333500,1.04876405e-01,9.73764050e-02,6.491760,-1.04511928e-01,2.57013668e-03
0.334000,1.04824122e-01,9.73241220e-02,6.488275,-1.04567227e-01,2.58947714e-03
0.334500,1.04771813e-01,9.72718130e-02,6.484788,-1.04616945e-01,2.64525744e-03
0.335000,1.04719484e-01,9.72194840e-02,6.481299,-1.04658556e-01,2.57997220e-03
0.335500,1.04667135e-01,9.71671350e-02,6.477809,-1.04696779e-01,2.59591815e-03
0.336000,1.04614763e-01,9.71147630e-02,6.474318,-1.04744313e-01,2.52906984e-03
0.336500,1.04562366e-01,9.70623660e-02,6.470824,-1.04795140e-01,2.47513709e-03
0.337000,1.04509935e-01,9.70099350e-02,6.467329,-1.04861712e-01,2.52427092e-03
0.337500,1.04457468e-01,9.69574680e-02,6.463831,-1.04932795e-01,2.52932969e-03
0.338000,1.04404971e-01,9.69049710e-02,6.460331,-1.04995364e-01,2.56137291e-03
0.338500,1.04352444e-01,9.68524440e-02,6.456830,-1.05054268e-01,2.52241131e-03
0.339000,1.04299888e-01,9.67998880e-02,6.453326,-1.05111355e-01,2.59269202e-03
0.339500,1.04247304e-01,9.67473040e-02,6.449820,-1.05168627e-01,2.63581176e-03
0.340000,1.04194698e-01,9.66946980e-02,6.446313,-1.05210545e-01,2.60182674e-03
0.340500,1.04142074e-01,9.66420740e-02,6.442805,-1.05248387e-01,2.59702649e-03
0.341000,1.04089428e-01,9.65894280e-02,6.439295,-1.05292234e-01,2.55664774e-03
0.341500,1.04036758e-01,9.65367580e-02,6.435784,-1.05340440e-01,2.51244703e-03
0.342000,1.03984058e-01,9.64840580e-02,6.432271,-1.05399184e-01,2.47660887e-03
0.342500,1.03931324e-01,9.64313240e-02,6.428755,-1.05468356e-01,2.53523575e-03
0.343000,1.03878555e-01,9.63785550e-02,6.425237,-1.05538228e-01,2.54587899e-03
0.343500,1.03825756e-01,9.63257560e-02,6.421717,-1.05597533e-01,2.56464462e-03
0.344000,1.03772930e-01,9.62729300e-02,6.418195,-1.05653430e-01,2.56290039e-03
0.344500,1.03720076e-01,9.62200760e-02,6.414672,-1.05706401e-01,2.61045597e-03
0.345000,1.03667199e-01,9.61671990e-02,6.411147,-1.05755453e-01,2.66809773e-03
0.345500,1.03614303e-01,9.61143030e-02,6.407620,-1.05791599e-01,2.60200239e-03
0.346000,1.03561391e-01,9.60613910e-02,6.404093,-1.05824124e-01,2.60263180e-03
0.346500,1.03508457e-01,9.60084570e-02,6.400564,-1.05867447e-01,2.52823261e-03
0.347000,1.03455498e-01,9.59554980e-02,6.397033,-1.05917245e-01,2.49958683e-03
0.347500,1.03402507e-01,9.59025070e-02,6.393500,-1.05981792e-01,2.54454943e-03
0.348000,1.03349484e-01,9.58494840e-02,6.389966,-1.06047068e-01,2.54328523e-03
0.348500,1.03296431e-01,9.57964310e-02,6.386429,-1.06105073e-01,2.55729254e-03
0.349000,1.03243350e-01,9.57433500e-02,6.382890,-1.06162046e-01,2.53343265e-03
0.349500,1.03190241e-01,9.56902410e-02,6.379349,-1.06218829e-01,2.60609942e-03
0.350000,1.03137104e-01,9.56371040e-02,6.375807,-1.06273105e-01,2.66137821e-03
0.350500,1.03083949e-01,9.55839490e-02,6.372263,-1.06310561e-01,2.60686223e-03
0.351000,1.03030777e-01,9.55307770e-02,6.368718,-1.06343760e-01,2.60654942e-03
0.351500,1.02977584e-01,9.54775840e-02,6.365172,-1.06385938e-01,2.56371246e-03
0.352000,1.02924368e-01,9.54243680e-02,6.361625,-1.06431956e-01,2.52498732e-03
0.352500,1.02871124e-01,9.53711240e-02,6.358075,-1.06488431e-01,2.47688399e-03
0.353000,1.02817846e-01,9.53178460e-02,6.354523,-1.06555519e-01,2.55273664e-03
0.353500,1.02764534e-01,9.52645340e-02,6.350969,-1.06623799e-01,2.55907250e-03
0.354000,1.02711195e-01,9.52111950e-02,6.347413,-1.06679063e-01,2.57546476e-03
0.354500,1.02657829e-01,9.51578290e-02,6.343855,-1.06731837e-01,2.57958356e-03
0.355000,1.02604438e-01,9.51044380e-02,6.340296,-1.06781556e-01,2.62494842e-03
0.355500,1.02551025e-01,9.50510250e-02,6.336735,-1.06826587e-01,2.69032657e-03
0.356000,1.02497596e-01,9.49975960e-02,6.333173,-1.06858388e-01,2.60434279e-03
0.356500,1.02444152e-01,9.49441520e-02,6.329610,-1.06887056e-01,2.61284356e-03
0.357000,1.02390688e-01,9.48906880e-02,6.326046,-1.06929092e-01,2.55081811e-03
0.357500,1.02337200e-01,9.48372000e-02,6.322480,-1.06975216e-01,2.50066352e-03
0.358000,1.02283682e-01,9.47836820e-02,6.318912,-1.07035959e-01,2.54680356e-03
0.358500,1.02230132e-01,9.47301320e-02,6.315342,-1.07100859e-01,2.57534116e-03
0.359000,1.02176554e-01,9.46765540e-02,6.311770,-1.07155659e-01,2.59092848e-03
0.359500,1.02122952e-01,9.46229520e-02,6.308197,-1.07204395e-01,2.54456625e-03
0.360000,1.02069324e-01,9.45693240e-02,6.304622,-1.07254670e-01,2.60574357e-03
0.360500,1.02015671e-01,9.45156710e-02,6.301045,-1.07307149e-01,2.66147158e-03
0.361000,1.01961998e-01,9.44619980e-02,6.297467,-1.07344655e-01,2.64008378e-03
0.361500,1.01908311e-01,9.44083110e-02,6.293887,-1.07374901e-01,2.61974740e-03
0.362000,1.01854606e-01,9.43546060e-02,6.290307,-1.07410457e-01,2.55789602e-03
0.362500,1.01800878e-01,9.43008780e-02,6.286725,-1.07454822e-01,2.52764161e-03
0.363000,1.01747122e-01,9.42471220e-02,6.283141,-1.07512018e-01,2.53092941e-03
0.363500,1.01693335e-01,9.41933350e-02,6.279556,-1.07573891e-01,2.53838503e-03
0.364000,1.01639518e-01,9.41395180e-02,6.275968,-1.07634565e-01,2.56729725e-03
0.364500,1.01585672e-01,9.40856720e-02,6.272378,-1.07691459e-01,2.56940954e-03
0.365000,1.01531801e-01,9.40318010e-02,6.268787,-1.07743418e-01,2.62525835e-03
0.365500,1.01477906e-01,9.39779060e-02,6.265194,-1.07790092e-01,2.65434348e-03
0.366000,1.01423993e-01,9.39239930e-02,6.261600,-1.07825024e-01,2.64990273e-03
0.366500,1.01370065e-01,9.38700650e-02,6.258004,-1.07855573e-01,2.61952386e-03
0.367000,1.01316120e-01,9.38161200e-02,6.254408,-1.07889536e-01,2.59182739e-03
0.367500,1.01262155e-01,9.37621550e-02,6.250810,-1.07930937e-01,2.55186003e-03
0.368000,1.01208165e-01,9.37081650e-02,6.247211,-1.07980420e-01,2.51200039e-03
0.368500,1.01154145e-01,9.36541450e-02,6.243610,-1.08039990e-01,2.57276377e-03
0.369000,1.01100094e-01,9.36000940e-02,6.240006,-1.08100733e-01,2.57845468e-03
0.369500,1.01046019e-01,9.35460190e-02,6.236401,-1.08150995e-01,2.60729097e-03
0.370000,1.00991920e-01,9.34919200e-02,6.232795,-1.08197772e-01,2.58810671e-03
0.370500,1.00937799e-01,9.34377990e-02,6.229187,-1.08241511e-01,2.61397371e-03
0.371000,1.00883656e-01,9.33836560e-02,6.225577,-1.08286113e-01,2.68652129e-03
0.371500,1.00829496e-01,9.33294960e-02,6.221966,-1.08320053e-01,2.63411238e-03
0.372000,1.00775323e-01,9.32753230e-02,6.218355,-1.08346713e-01,2.64155824e-03
0.372500,1.00721132e-01,9.32211320e-02,6.214742,-1.08381322e-01,2.55503306e-03
0.373000,1.00666921e-01,9.31669210e-02,6.211128,-1.08422358e-01,2.50568429e-03
0.373500,1.00612680e-01,9.31126800e-02,6.207512,-1.08481965e-01,2.57421373e-03
0.374000,1.00558408e-01,9.30584080e-02,6.203894,-1.08543617e-01,2.56414981e-03
0.374500,1.00504111e-01,9.30041110e-02,6.200274,-1.08594906e-01,2.59115478e-03
0.375000,1.00449788e-01,9.29497880e-02,6.196653,-1.08645459e-01,2.58293164e-03
0.375500,1.00395442e-01,9.28954420e-02,6.193029,-1.08692305e-01,2.65263457e-03
0.376000,1.00341075e-01,9.28410750e-02,6.189405,-1.08734338e-01,2.71335209e-03
0.376500,1.00286695e-01,9.27866950e-02,6.185780,-1.08759557e-01,2.63372271e-03
0.377000,1.00232304e-01,9.27323040e-02,6.182154,-1.08781846e-01,2.61005436e-03
0.377500,1.00177894e-01,9.26778940e-02,6.178526,-1.08819304e-01,2.56899645e-03
0.378000,1.00123462e-01,9.26234620e-02,6.174897,-1.08864279e-01,2.54059963e-03
0.378500,1.00069003e-01,9.25690030e-02,6.171267,-1.08918506e-01,2.57751883e-03
0.379000,1.00014516e-01,9.25145160e-02,6.167634,-1.08974132e-01,2.57096939e-03
0.379500,9.99600038e-02,9.24600038e-02,6.164000,-1.09024275e-01,2.59304283e-03
0.380000,9.99054670e-02,9.24054670e-02,6.160364,-1.09073542e-01,2.56695392e-03
0.380500,9.98509063e-02,9.23509063e-02,6.156727,-1.09121491e-01,2.63430588e-03
0.381000,9.97963224e-02,9.22963224e-02,6.153088,-1.09167768e-01,2.68624944e-03
0.381500,9.97417232e-02,9.22417232e-02,6.149448,-1.09198393e-01,2.66690241e-03
0.382000,9.96871121e-02,9.21871121e-02,6.145807,-1.09222199e-01,2.63441441e-03
0.382500,9.96324861e-02,9.21324861e-02,6.142166,-1.09252055e-01,2.57786938e-03
0.383000,9.95778399e-02,9.20778399e-02,6.138523,-1.09292245e-01,2.54834122e-03
0.383500,9.95231678e-02,9.20231678e-02,6.134878,-1.09344331e-01,2.56301781e-03
0.384000,9.94684678e-02,9.19684678e-02,6.131231,-1.09399968e-01,2.55155684e-03
0.384500,9.94137407e-02,9.19137407e-02,6.127583,-1.09454208e-01,2.58080816e-03
0.385000,9.93589868e-02,9.18589868e-02,6.123932,-1.09507744e-01,2.59083730e-03
0.385500,9.93042090e-02,9.18042090e-02,6.120281,-1.09555590e-01,2.65781144e-03
0.386000,9.92494111e-02,9.17494111e-02,6.116627,-1.09595867e-01,2.68580911e-03
0.386500,9.91945998e-02,9.16945998e-02,6.112973,-1.09622672e-01,2.66057315e-03
0.387000,9.91397762e-02,9.16397762e-02,6.109318,-1.09647110e-01,2.62527661e-03
0.387500,9.90849368e-02,9.15849368e-02,6.105662,-1.09678812e-01,2.61961761e-03
0.388000,9.90300784e-02,9.15300784e-02,6.102005,-1.09716812e-01,2.57785566e-03
0.388500,9.89751987e-02,9.14751987e-02,6.098347,-1.09759433e-01,2.54113442e-03
0.389000,9.89202926e-02,9.14202926e-02,6.094686,-1.09812158e-01,2.56917968e-03
0.389500,9.88653584e-02,9.13653584e-02,6.091024,-1.09868434e-01,2.59734919e-03
0.390000,9.88103996e-02,9.13103996e-02,6.087360,-1.09917613e-01,2.62749136e-03
0.390500,9.87554198e-02,9.12554198e-02,6.083695,-1.09959502e-01,2.63101905e-03
0.391000,9.87004217e-02,9.12004217e-02,6.080028,-1.09996130e-01,2.66725400e-03
0.391500,9.86454073e-02,9.11454073e-02,6.076360,-1.10028974e-01,2.64792887e-03
0.392000,9.85903785e-02,9.10903785e-02,6.072692,-1.10057577e-01,2.67409006e-03
0.392500,9.85353350e-02,9.10353350e-02,6.069022,-1.10087040e-01,2.62029089e-03
0.393000,9.84802765e-02,9.09802765e-02,6.065352,-1.10116964e-01,2.55996443e-03
0.393500,9.84251959e-02,9.09251959e-02,6.061680,-1.10161056e-01,2.51203443e-03
0.394000,9.83700863e-02,9.08700863e-02,6.058006,-1.10219293e-01,2.58189274e-03
0.394500,9.83149467e-02,9.08149467e-02,6.054330,-1.10279223e-01,2.61861395e-03
0.395000,9.82597845e-02,9.07597845e-02,6.050652,-1.10324435e-01,2.61105911e-03
0.395500,9.82046023e-02,9.07046023e-02,6.046973,-1.10364285e-01,2.64631143e-03
0.396000,9.81494012e-02,9.06494012e-02,6.043293,-1.10402258e-01,2.66125339e-03
0.396500,9.80941846e-02,9.05941846e-02,6.039612,-1.10433122e-01,2.69046160e-03
0.397000,9.80389552e-02,9.05389552e-02,6.035930,-1.10458949e-01,2.65751439e-03
0.397500,9.79837137e-02,9.04837137e-02,6.032248,-1.10482894e-01,2.62313891e-03
0.398000,9.79284561e-02,9.04284561e-02,6.028564,-1.10515288e-01,2.58380842e-03
0.398500,9.78731777e-02,9.03731777e-02,6.024879,-1.10556804e-01,2.53529018e-03
0.399000,9.78178731e-02,9.03178731e-02,6.021192,-1.10609069e-01,2.59775249e-03
0.399500,9.77625412e-02,9.02625412e-02,6.017503,-1.10663778e-01,2.62128089e-03
0.400000,9.77071882e-02,9.02071882e-02,6.013813,-1.10706150e-01,2.63330388e-03
0.400500,9.76518164e-02,9.01518164e-02,6.010121,-1.10743595e-01,2.62786429e-03
0.401000,9.75964266e-02,9.00964266e-02,6.006428,-1.10779547e-01,2.63791292e-03
0.401500,9.75410188e-02,9.00410188e-02,6.002735,-1.10815504e-01,2.68083091e-03
0.402000,9.74855958e-02,8.99855958e-02,5.999040,-1.10846015e-01,2.68571562e-03
0.402500,9.74301613e-02,8.99301613e-02,5.995344,-1.10869048e-01,2.64219152e-03
0.403000,9.73747138e-02,8.98747138e-02,5.991648,-1.10895126e-01,2.57393255e-03
0.403500,9.73192466e-02,8.98192466e-02,5.987950,-1.10934387e-01,2.52167030e-03
0.404000,9.72637518e-02,8.97637518e-02,5.984250,-1.10989478e-01,2.59080731e-03
0.404500,9.72082283e-02,8.97082283e-02,5.980549,-1.11047038e-01,2.61837421e-03
0.405000,9.71526829e-02,8.96526829e-02,5.976846,-1.11090807e-01,2.62363526e-03
0.405500,9.70971181e-02,8.95971181e-02,5.973141,-1.11129584e-01,2.64861562e-03
0.406000,9.70415355e-02,8.95415355e-02,5.969436,-1.11165289e-01,2.66655192e-03
0.406500,9.69859378e-02,8.94859378e-02,5.965729,-1.11195306e-01,2.71274891e-03
0.407000,9.69303287e-02,8.94303287e-02,5.962022,-1.11218293e-01,2.67257346e-03
0.407500,9.68747100e-02,8.93747100e-02,5.958314,-1.11237246e-01,2.63274298e-03
0.408000,9.68190769e-02,8.93190769e-02,5.954605,-1.11266318e-01,2.58168757e-03
0.408500,9.67634237e-02,8.92634237e-02,5.950895,-1.11306445e-01,2.54053005e-03
0.409000,9.67077444e-02,8.92077444e-02,5.947183,-1.11358595e-01,2.60609829e-03
0.409500,9.66520385e-02,8.91520385e-02,5.943469,-1.11411705e-01,2.63174463e-03
0.410000,9.65963126e-02,8.90963126e-02,5.939754,-1.11451781e-01,2.64303697e-03
0.410500,9.65405693e-02,8.90405693e-02,5.936038,-1.11486648e-01,2.63615042e-03
0.411000,9.64848092e-02,8.89848092e-02,5.932321,-1.11520269e-01,2.64392778e-03
0.411500,9.64290320e-02,8.89290320e-02,5.928602,-1.11554333e-01,2.68877176e-03
0.412000,9.63732404e-02,8.88732404e-02,5.924883,-1.11583155e-01,2.69380926e-03
0.412500,9.63174383e-02,8.88174383e-02,5.921163,-1.11604167e-01,2.64901960e-03
0.413000,9.62616242e-02,8.87616242e-02,5.917442,-1.11628313e-01,2.58187612e-03
0.413500,9.62057913e-02,8.87057913e-02,5.913719,-1.11665751e-01,2.53371415e-03
0.414000,9.61499321e-02,8.86499321e-02,5.909995,-1.11718472e-01,2.60214319e-03
0.414500,9.60940455e-02,8.85940455e-02,5.906270,-1.11773052e-01,2.63386082e-03
0.415000,9.60381387e-02,8.85381387e-02,5.902543,-1.11813590e-01,2.62426572e-03
0.415500,9.59822139e-02,8.84822139e-02,5.898814,-1.11849769e-01,2.66106483e-03
0.416000,9.59262717e-02,8.84262717e-02,5.895085,-1.11884269e-01,2.68302965e-03
0.416500,9.58703163e-02,8.83703163e-02,5.891354,-1.11910785e-01,2.70514708e-03
0.417000,9.58143505e-02,8.83143505e-02,5.887623,-1.11931738e-01,2.67536005e-03
0.417500,9.57583746e-02,8.82583746e-02,5.883892,-1.11951693e-01,2.63999750e-03
0.418000,9.57023848e-02,8.82023848e-02,5.880159,-1.11979666e-01,2.59355435e-03
0.418500,9.56463760e-02,8.81463760e-02,5.876425,-1.12017553e-01,2.54206641e-03
0.419000,9.55903422e-02,8.80903422e-02,5.872689,-1.12067618e-01,2.60931265e-03
0.419500,9.55342821e-02,8.80342821e-02,5.868952,-1.12120192e-01,2.64188967e-03
0.420000,9.54782027e-02,8.79782027e-02,5.865214,-1.12158843e-01,2.65320144e-03
0.420500,9.54221071e-02,8.79221071e-02,5.861474,-1.12191145e-01,2.65115014e-03
0.421000,9.53659962e-02,8.78659962e-02,5.857733,-1.12221771e-01,2.69381998e-03
0.421500,9.53098717e-02,8.78098717e-02,5.853991,-1.12248960e-01,2.67121602e-03
0.422000,9.52537362e-02,8.77537362e-02,5.850249,-1.12271142e-01,2.69515380e-03
0.422500,9.51975887e-02,8.76975887e-02,5.846506,-1.12294919e-01,2.63082719e-03
0.423000,9.51414285e-02,8.76414285e-02,5.842762,-1.12320452e-01,2.60261725e-03
0.423500,9.50852490e-02,8.75852490e-02,5.839017,-1.12359043e-01,2.54973258e-03
0.424000,9.50290455e-02,8.75290455e-02,5.835270,-1.12406942e-01,2.59152300e-03
0.424500,9.49728156e-02,8.74728156e-02,5.831521,-1.12459831e-01,2.63586531e-03
0.425000,9.49165646e-02,8.74165646e-02,5.827771,-1.12501936e-01,2.63933499e-03
0.425500,9.48602964e-02,8.73602964e-02,5.824020,-1.12536453e-01,2.69062899e-03
0.426000,9.48040134e-02,8.73040134e-02,5.820268,-1.12565865e-01,2.72187084e-03
0.426500,9.47477214e-02,8.72477214e-02,5.816515,-1.12584091e-01,2.68833858e-03
0.427000,9.46914213e-02,8.71914213e-02,5.812761,-1.12600153e-01,2.66001319e-03
0.427500,9.46351092e-02,8.71351092e-02,5.809007,-1.12624225e-01,2.65220975e-03
0.428000,9.45787824e-02,8.70787824e-02,5.805252,-1.12653638e-01,2.59696690e-03
0.428500,9.45224378e-02,8.70224378e-02,5.801496,-1.12689218e-01,2.61187116e-03
0.429000,9.44660715e-02,8.69660715e-02,5.797738,-1.12732550e-01,2.59347584e-03
0.429500,9.44096840e-02,8.69096840e-02,5.793979,-1.12775062e-01,2.63432929e-03
0.430000,9.43532755e-02,8.68532755e-02,5.790218,-1.12816983e-01,2.61537068e-03
0.430500,9.42968486e-02,8.67968486e-02,5.786457,-1.12853871e-01,2.68544929e-03
0.431000,9.42404047e-02,8.67404047e-02,5.782694,-1.12887676e-01,2.73548660e-03
0.431500,9.41839519e-02,8.66839519e-02,5.778930,-1.12905549e-01,2.70375567e-03
0.432000,9.41274929e-02,8.66274929e-02,5.775166,-1.12918011e-01,2.68054984e-03
0.432500,9.40710241e-02,8.65710241e-02,5.771402,-1.12937736e-01,2.59803696e-03
0.433000,9.40145398e-02,8.65145398e-02,5.767636,-1.12968567e-01,2.58987181e-03
0.433500,9.39580330e-02,8.64580330e-02,5.763869,-1.13013669e-01,2.62009251e-03
0.434000,9.39015042e-02,8.64015042e-02,5.760100,-1.13057440e-01,2.59215914e-03
0.434500,9.38449549e-02,8.63449549e-02,5.756330,-1.13098719e-01,2.62651023e-03
0.435000,9.37883841e-02,8.62883841e-02,5.752559,-1.13141547e-01,2.63845720e-03
0.435500,9.37317953e-02,8.62317953e-02,5.748786,-1.13177677e-01,2.72248458e-03
0.436000,9.36751931e-02,8.61751931e-02,5.745013,-1.13204417e-01,2.77914167e-03
0.436500,9.36185869e-02,8.61185869e-02,5.741239,-1.13212349e-01,2.68023928e-03
0.437000,9.35619770e-02,8.60619770e-02,5.737465,-1.13219722e-01,2.66288278e-03
0.437500,9.35053546e-02,8.60053546e-02,5.733690,-1.13244870e-01,2.61967917e-03
0.438000,9.34487162e-02,8.59487162e-02,5.729914,-1.13276689e-01,2.57160139e-03
0.438500,9.33920563e-02,8.58920563e-02,5.726137,-1.13319853e-01,2.62728994e-03
0.439000,9.33353733e-02,8.58353733e-02,5.722358,-1.13365987e-01,2.63379126e-03
0.439500,9.32786721e-02,8.57786721e-02,5.718578,-1.13402403e-01,2.67037633e-03
0.440000,9.32219549e-02,8.57219549e-02,5.714797,-1.13434516e-01,2.64716335e-03
0.440500,9.31652235e-02,8.56652235e-02,5.711015,-1.13462674e-01,2.66439259e-03
0.441000,9.31084770e-02,8.56084770e-02,5.707232,-1.13493120e-01,2.74382975e-03
0.441500,9.30517201e-02,8.55517201e-02,5.703448,-1.13513713e-01,2.69004613e-03
0.442000,9.29949571e-02,8.54949571e-02,5.699664,-1.13526018e-01,2.69970013e-03
0.442500,9.29381839e-02,8.54381839e-02,5.695879,-1.13546300e-01,2.60899288e-03
0.443000,9.28813974e-02,8.53813974e-02,5.692093,-1.13573018e-01,2.54253819e-03
0.443500,9.28245872e-02,8.53245872e-02,5.688306,-1.13620506e-01,2.61305217e-03
0.444000,9.27677508e-02,8.52677508e-02,5.684517,-1.13672672e-01,2.63197853e-03
0.444500,9.27108951e-02,8.52108951e-02,5.680726,-1.13711586e-01,2.65104446e-03
0.445000,9.26540222e-02,8.51540222e-02,5.676935,-1.13745706e-01,2.67662432e-03
0.445500,9.25971350e-02,8.50971350e-02,5.673142,-1.13774433e-01,2.69374683e-03
0.446000,9.25402363e-02,8.50402363e-02,5.669349,-1.13797446e-01,2.73229087e-03
0.446500,9.24833291e-02,8.49833291e-02,5.665555,-1.13814240e-01,2.69694185e-03
0.447000,9.24264152e-02,8.49264152e-02,5.661761,-1.13827829e-01,2.66394819e-03
0.447500,9.23694902e-02,8.48694902e-02,5.657966,-1.13850141e-01,2.61115452e-03
0.448000,9.23125489e-02,8.48125489e-02,5.654170,-1.13882538e-01,2.55623685e-03
0.448500,9.22555847e-02,8.47555847e-02,5.650372,-1.13928460e-01,2.62249997e-03
0.449000,9.21985959e-02,8.46985959e-02,5.646573,-1.13977542e-01,2.65931852e-03
0.449500,9.21415896e-02,8.46415896e-02,5.642773,-1.14012486e-01,2.67432274e-03
0.450000,9.20845696e-02,8.45845696e-02,5.638971,-1.14040059e-01,2.69990958e-03
0.450500,9.20275382e-02,8.45275382e-02,5.635169,-1.14062905e-01,2.70895808e-03
0.451000,9.19704978e-02,8.44704978e-02,5.631367,-1.14080749e-01,2.68397616e-03
0.451500,9.19134481e-02,8.44134481e-02,5.627563,-1.14099317e-01,2.70238822e-03
0.452000,9.18563879e-02,8.43563879e-02,5.623759,-1.14120358e-01,2.66602589e-03
0.452500,9.17993172e-02,8.42993172e-02,5.619954,-1.14141592e-01,2.60545216e-03
0.453000,9.17422301e-02,8.42422301e-02,5.616149,-1.14174152e-01,2.60658240e-03
0.453500,9.16851218e-02,8.41851218e-02,5.612341,-1.14216559e-01,2.60097884e-03
0.454000,9.16279922e-02,8.41279922e-02,5.608533,-1.14259276e-01,2.63261977e-03
0.454500,9.15708421e-02,8.40708421e-02,5.604723,-1.14300116e-01,2.64705124e-03
0.455000,9.15136749e-02,8.40136749e-02,5.600912,-1.14334483e-01,2.72435032e-03
0.455500,9.14564950e-02,8.39564950e-02,5.597100,-1.14359647e-01,2.77880558e-03
0.456000,9.13993114e-02,8.38993114e-02,5.593287,-1.14367302e-01,2.70807270e-03
0.456500,9.13421252e-02,8.38421252e-02,5.589475,-1.14372269e-01,2.68596825e-03
0.457000,9.12849298e-02,8.37849298e-02,5.585662,-1.14390806e-01,2.62928050e-03
0.457500,9.12277209e-02,8.37277209e-02,5.581848,-1.14417985e-01,2.58116645e-03
0.458000,9.11704915e-02,8.36704915e-02,5.578033,-1.14458726e-01,2.63935328e-03
0.458500,9.11132404e-02,8.36132404e-02,5.574216,-1.14502224e-01,2.64688739e-03
0.459000,9.10559726e-02,8.35559726e-02,5.570398,-1.14535500e-01,2.68265325e-03
0.459500,9.09986904e-02,8.34986904e-02,5.566579,-1.14564377e-01,2.65850444e-03
0.460000,9.09413957e-02,8.34413957e-02,5.562760,-1.14589516e-01,2.67816823e-03
0.460500,9.08840872e-02,8.33840872e-02,5.558939,-1.14616882e-01,2.75942955e-03
0.461000,9.08267703e-02,8.33267703e-02,5.555118,-1.14633834e-01,2.70121382e-03
0.461500,9.07694490e-02,8.32694490e-02,5.551297,-1.14642590e-01,2.70419246e-03
0.462000,9.07121187e-02,8.32121187e-02,5.547475,-1.14660641e-01,2.60944129e-03
0.462500,9.06547754e-02,8.31547754e-02,5.543652,-1.14686582e-01,2.55303582e-03
0.463000,9.05974089e-02,8.30974089e-02,5.539827,-1.14733068e-01,2.62383107e-03
0.463500,9.05400176e-02,8.30400176e-02,5.536001,-1.14782557e-01,2.66777951e-03
0.464000,9.04826093e-02,8.29826093e-02,5.532174,-1.14816535e-01,2.65761923e-03
0.464500,9.04251872e-02,8.29251872e-02,5.528346,-1.14844195e-01,2.68865755e-03
0.465000,9.03677519e-02,8.28677519e-02,5.524517,-1.14870779e-01,2.72132909e-03
0.465500,9.03103072e-02,8.28103072e-02,5.520687,-1.14889377e-01,2.72677849e-03
0.466000,9.02528561e-02,8.27528561e-02,5.516857,-1.14902129e-01,2.70150713e-03
0.466500,9.01953980e-02,8.26953980e-02,5.513027,-1.14916220e-01,2.68132329e-03
0.467000,9.01379299e-02,8.26379299e-02,5.509195,-1.14936246e-01,2.63211316e-03
0.467500,9.00804479e-02,8.25804479e-02,5.505363,-1.14963937e-01,2.62377052e-03
0.468000,9.00229477e-02,8.25229477e-02,5.501530,-1.15000446e-01,2.60787614e-03
0.468500,8.99654278e-02,8.24654278e-02,5.497695,-1.15039731e-01,2.65643038e-03
0.469000,8.99078891e-02,8.24078891e-02,5.493859,-1.15077332e-01,2.63990867e-03
0.469500,8.98503349e-02,8.23503349e-02,5.490022,-1.15108422e-01,2.70809241e-03
0.470000,8.97927668e-02,8.22927668e-02,5.486184,-1.15136195e-01,2.75997381e-03
0.470500,8.97351927e-02,8.22351927e-02,5.482346,-1.15148185e-01,2.75394422e-03
0.471000,8.96776166e-02,8.21776166e-02,5.478508,-1.15152189e-01,2.71096693e-03
0.471500,8.96200362e-02,8.21200362e-02,5.474669,-1.15160983e-01,2.61247005e-03
0.472000,8.95624434e-02,8.20624434e-02,5.470830,-1.15185543e-01,2.58192414e-03
0.472500,8.95048289e-02,8.20048289e-02,5.466989,-1.15228978e-01,2.63085489e-03
0.473000,8.94471923e-02,8.19471923e-02,5.463146,-1.15273102e-01,2.64383347e-03
0.473500,8.93895383e-02,8.18895383e-02,5.459303,-1.15308044e-01,2.68009108e-03
0.474000,8.93318695e-02,8.18318695e-02,5.455458,-1.15337649e-01,2.67539633e-03
0.474500,8.92741886e-02,8.17741886e-02,5.451613,-1.15361716e-01,2.71577612e-03
0.475000,8.92164971e-02,8.17164971e-02,5.447766,-1.15382983e-01,2.77305368e-03
0.475500,8.91588009e-02,8.16588009e-02,5.443920,-1.15392554e-01,2.68977517e-03
0.476000,8.91011008e-02,8.16011008e-02,5.440073,-1.15400084e-01,2.70268256e-03
0.476500,8.90433908e-02,8.15433908e-02,5.436226,-1.15420148e-01,2.63017525e-03
0.477000,8.89856685e-02,8.14856685e-02,5.432378,-1.15444503e-01,2.57695762e-03
0.477500,8.89279258e-02,8.14279258e-02,5.428528,-1.15485469e-01,2.64248126e-03
0.478000,8.88701611e-02,8.13701611e-02,5.424677,-1.15529381e-01,2.67616857e-03
0.478500,8.88123813e-02,8.13123813e-02,5.420825,-1.15559555e-01,2.68102795e-03
0.479000,8.87545894e-02,8.12545894e-02,5.416973,-1.15583768e-01,2.68741531e-03
0.479500,8.86967861e-02,8.11967861e-02,5.413119,-1.15606617e-01,2.72116084e-03
0.480000,8.86389734e-02,8.11389734e-02,5.409265,-1.15625434e-01,2.71793872e-03
0.480500,8.85811539e-02,8.10811539e-02,5.405410,-1.15638995e-01,2.73148895e-03
0.481000,8.85233279e-02,8.10233279e-02,5.401555,-1.15651887e-01,2.67873533e-03
0.481500,8.84654943e-02,8.09654943e-02,5.397700,-1.15667218e-01,2.61415881e-03
0.482000,8.84076459e-02,8.09076459e-02,5.393843,-1.15696922e-01,2.61998408e-03
0.482500,8.83497775e-02,8.08497775e-02,5.389985,-1.15736714e-01,2.61673335e-03
0.483000,8.82918896e-02,8.07918896e-02,5.386126,-1.15775837e-01,2.65334549e-03
0.483500,8.82339835e-02,8.07339835e-02,5.382266,-1.15812257e-01,2.67249561e-03
0.484000,8.81760630e-02,8.06760630e-02,5.378404,-1.15840972e-01,2.75415866e-03
0.484500,8.81181333e-02,8.06181333e-02,5.374542,-1.15859321e-01,2.80534198e-03
0.485000,8.80602035e-02,8.05602035e-02,5.370680,-1.15859735e-01,2.71041878e-03
0.485500,8.80022734e-02,8.05022734e-02,5.366818,-1.15860138e-01,2.70698242e-03
0.486000,8.79443352e-02,8.04443352e-02,5.362956,-1.15876431e-01,2.64202291e-03
0.486500,8.78863857e-02,8.03863857e-02,5.359092,-1.15899033e-01,2.59150622e-03
0.487000,8.78284173e-02,8.03284173e-02,5.355228,-1.15936768e-01,2.63906119e-03
0.487500,8.77704280e-02,8.02704280e-02,5.351362,-1.15978593e-01,2.67093500e-03
0.488000,8.77124231e-02,8.02124231e-02,5.347495,-1.16009791e-01,2.69140290e-03
0.488500,8.76544061e-02,8.01544061e-02,5.343627,-1.16033946e-01,2.67903035e-03
0.489000,8.75963782e-02,8.00963782e-02,5.339759,-1.16055833e-01,2.69310468e-03
0.489500,8.75383389e-02,8.00383389e-02,5.335889,-1.16078508e-01,2.73403870e-03
0.490000,8.74802913e-02,7.99802913e-02,5.332019,-1.16095252e-01,2.75111478e-03
0.490500,8.74222394e-02,7.99222394e-02,5.328149,-1.16103765e-01,2.68719402e-03
0.491000,8.73641819e-02,7.98641819e-02,5.324279,-1.16115125e-01,2.62638983e-03
0.491500,8.73061107e-02,7.98061107e-02,5.320407,-1.16142359e-01,2.58525381e-03
0.492000,8.72480191e-02,7.97480191e-02,5.316535,-1.16183213e-01,2.62009682e-03
0.492500,8.71899052e-02,7.96899052e-02,5.312660,-1.16227742e-01,2.67328679e-03
0.493000,8.71317743e-02,7.96317743e-02,5.308785,-1.16261847e-01,2.66688293e-03
0.493500,8.70736304e-02,7.95736304e-02,5.304909,-1.16287783e-01,2.73957974e-03
0.494000,8.70154762e-02,7.95154762e-02,5.301032,-1.16308343e-01,2.78337549e-03
0.494500,8.69573197e-02,7.94573197e-02,5.297155,-1.16313093e-01,2.74704554e-03
0.495000,8.68991627e-02,7.93991627e-02,5.293278,-1.16313864e-01,2.70675743e-03
0.495500,8.68410007e-02,7.93410007e-02,5.289400,-1.16324163e-01,2.64817962e-03
0.496000,8.67828275e-02,7.92828275e-02,5.285522,-1.16346257e-01,2.60408302e-03
0.496500,8.67246366e-02,7.92246366e-02,5.281642,-1.16381869e-01,2.67148536e-03
0.497000,8.66664272e-02,7.91664272e-02,5.277762,-1.16418762e-01,2.66420396e-03
0.497500,8.66082046e-02,7.91082046e-02,5.273880,-1.16445232e-01,2.70132292e-03
0.498000,8.65499698e-02,7.90499698e-02,5.269998,-1.16469614e-01,2.67267161e-03
0.498500,8.64917246e-02,7.89917246e-02,5.266115,-1.16490435e-01,2.69196631e-03
0.499000,8.64334675e-02,7.89334675e-02,5.262231,-1.16514255e-01,2.76717474e-03
0.499500,8.63752033e-02,7.88752033e-02,5.258347,-1.16528256e-01,2.75407052e-03
0.500000,8.63169378e-02,7.88169378e-02,5.254463,-1.16531066e-01,2.69007010e-03
0.500500,8.62586669e-02,7.87586669e-02,5.250578,-1.16541687e-01,2.61999405e-03
0.501000,8.62003824e-02,7.87003824e-02,5.246692,-1.16569013e-01,2.57457594e-03
0.501500,8.61420765e-02,7.86420765e-02,5.242805,-1.16611862e-01,2.64413968e-03
0.502000,8.60837485e-02,7.85837485e-02,5.238917,-1.16656019e-01,2.69147221e-03
0.502500,8.60254062e-02,7.85254062e-02,5.235027,-1.16684567e-01,2.68248281e-03
0.503000,8.59670531e-02,7.84670531e-02,5.231137,-1.16706138e-01,2.73411686e-03
0.503500,8.59086908e-02,7.84086908e-02,5.227246,-1.16724620e-01,2.77838294e-03
0.504000,8.58503255e-02,7.83503255e-02,5.223355,-1.16730708e-01,2.73924740e-03
0.504500,8.57919590e-02,7.82919590e-02,5.219464,-1.16732989e-01,2.70445408e-03
0.505000,8.57335866e-02,7.82335866e-02,5.215572,-1.16744772e-01,2.66981841e-03
0.505500,8.56752039e-02,7.81752039e-02,5.211680,-1.16765331e-01,2.62026162e-03
0.506000,8.56168060e-02,7.81168060e-02,5.207787,-1.16795959e-01,2.66114007e-03
0.506500,8.55583904e-02,7.80583904e-02,5.203893,-1.16831110e-01,2.66363580e-03
0.507000,8.54999607e-02,7.79999607e-02,5.199997,-1.16859328e-01,2.70700894e-03
0.507500,8.54415191e-02,7.79415191e-02,5.196101,-1.16883302e-01,2.68568558e-03
0.508000,8.53830681e-02,7.78830681e-02,5.192205,-1.16902038e-01,2.70328677e-03
0.508500,8.53246067e-02,7.78246067e-02,5.188307,-1.16922720e-01,2.77983167e-03
0.509000,8.52661398e-02,7.77661398e-02,5.184409,-1.16933743e-01,2.74144956e-03
0.509500,8.52076720e-02,7.77076720e-02,5.180511,-1.16935591e-01,2.69497098e-03
0.510000,8.51491981e-02,7.76491981e-02,5.176613,-1.16947851e-01,2.63135955e-03
0.510500,8.50907114e-02,7.75907114e-02,5.172714,-1.16973367e-01,2.58149060e-03
0.511000,8.50322046e-02,7.75322046e-02,5.168814,-1.17013739e-01,2.64872270e-03
0.511500,8.49736764e-02,7.74736764e-02,5.164912,-1.17056354e-01,2.68845667e-03
0.512000,8.49151342e-02,7.74151342e-02,5.161009,-1.17084417e-01,2.68702172e-03
0.512500,8.48565811e-02,7.73565811e-02,5.157105,-1.17106082e-01,2.73662743e-03
0.513000,8.47980193e-02,7.72980193e-02,5.153201,-1.17123596e-01,2.78631409e-03
0.513500,8.47394551e-02,7.72394551e-02,5.149297,-1.17128571e-01,2.74562002e-03
0.514000,8.46808906e-02,7.71808906e-02,5.145393,-1.17128986e-01,2.70378808e-03
0.514500,8.46223207e-02,7.71223207e-02,5.141488,-1.17139781e-01,2.67360336e-03
0.515000,8.45637406e-02,7.70637406e-02,5.137583,-1.17160115e-01,2.62589587e-03
0.515500,8.45051458e-02,7.70051458e-02,5.133676,-1.17189623e-01,2.66605456e-03
0.516000,8.44465341e-02,7.69465341e-02,5.129769,-1.17223415e-01,2.67134993e-03
0.516500,8.43879090e-02,7.68879090e-02,5.125861,-1.17250144e-01,2.70962904e-03
0.517000,8.43292727e-02,7.68292727e-02,5.121952,-1.17272619e-01,2.68562695e-03
0.517500,8.42706272e-02,7.67706272e-02,5.118042,-1.17290930e-01,2.70761262e-03
0.518000,8.42119716e-02,7.67119716e-02,5.114131,-1.17311239e-01,2.78102104e-03
0.518500,8.41533109e-02,7.66533109e-02,5.110221,-1.17321447e-01,2.75637099e-03
0.519000,8.40946500e-02,7.65946500e-02,5.106310,-1.17321780e-01,2.69583019e-03
0.519500,8.40359843e-02,7.65359843e-02,5.102399,-1.17331514e-01,2.62877890e-03
0.520000,8.39773057e-02,7.64773057e-02,5.098487,-1.17357117e-01,2.58769005e-03
0.520500,8.39186070e-02,7.64186070e-02,5.094574,-1.17397364e-01,2.65124285e-03
0.521000,8.38598877e-02,7.63598877e-02,5.090659,-1.17438739e-01,2.69863715e-03
0.521500,8.38011549e-02,7.63011549e-02,5.086744,-1.17465488e-01,2.67878549e-03
0.522000,8.37424118e-02,7.62424118e-02,5.082827,-1.17486209e-01,2.74944177e-03
0.522500,8.36836598e-02,7.61836598e-02,5.078911,-1.17503943e-01,2.79334293e-03
0.523000,8.36249067e-02,7.61249067e-02,5.074994,-1.17506192e-01,2.76464648e-03
0.523500,8.35661548e-02,7.60661548e-02,5.071077,-1.17503770e-01,2.70893885e-03
0.524000,8.35073994e-02,7.60073994e-02,5.067160,-1.17510986e-01,2.66385691e-03
0.524500,8.34486337e-02,7.59486337e-02,5.063242,-1.17531336e-01,2.62005332e-03
0.525000,8.33898522e-02,7.58898522e-02,5.059323,-1.17562961e-01,2.68326204e-03
0.525500,8.33310541e-02,7.58310541e-02,5.055404,-1.17596191e-01,2.68354125e-03
0.526000,8.32722446e-02,7.57722446e-02,5.051483,-1.17619016e-01,2.70232233e-03
0.526500,8.32134245e-02,7.57134245e-02,5.047562,-1.17640135e-01,2.68731178e-03
0.527000,8.31545948e-02,7.56545948e-02,5.043640,-1.17659497e-01,2.70608067e-03
0.527500,8.30957550e-02,7.55957550e-02,5.039717,-1.17679665e-01,2.76480440e-03
0.528000,8.30369092e-02,7.55369092e-02,5.035794,-1.17691558e-01,2.76820643e-03
0.528500,8.29780624e-02,7.54780624e-02,5.031871,-1.17693508e-01,2.70761129e-03
0.529000,8.29192123e-02,7.54192123e-02,5.027947,-1.17700256e-01,2.64934520e-03
0.529500,8.28603512e-02,7.53603512e-02,5.024023,-1.17722107e-01,2.60167561e-03
0.530000,8.28014724e-02,7.53014724e-02,5.020098,-1.17757740e-01,2.63804607e-03
0.530500,8.27425734e-02,7.52425734e-02,5.016172,-1.17797986e-01,2.69177420e-03
0.531000,8.26836596e-02,7.51836596e-02,5.012244,-1.17827508e-01,2.68350448e-03
0.531500,8.26247352e-02,7.51247352e-02,5.008316,-1.17848939e-01,2.76440412e-03
0.532000,8.25658029e-02,7.50658029e-02,5.004387,-1.17864575e-01,2.81637799e-03
0.532500,8.25068717e-02,7.50068717e-02,5.000458,-1.17862331e-01,2.74203236e-03
0.533000,8.24479426e-02,7.49479426e-02,4.996530,-1.17858126e-01,2.74998002e-03
0.533500,8.23890099e-02,7.48890099e-02,4.992601,-1.17865426e-01,2.67234468e-03
0.534000,8.23300708e-02,7.48300708e-02,4.988671,-1.17878286e-01,2.60904791e-03
0.534500,8.22711160e-02,7.47711160e-02,4.984741,-1.17909491e-01,2.65384880e-03
0.535000,8.22121425e-02,7.47121425e-02,4.980809,-1.17947128e-01,2.68284886e-03
0.535500,8.21531551e-02,7.46531551e-02,4.976877,-1.17974845e-01,2.71549654e-03
0.536000,8.20941576e-02,7.45941576e-02,4.972944,-1.17994912e-01,2.72839994e-03
0.536500,8.20351534e-02,7.45351534e-02,4.969010,-1.18008478e-01,2.74173870e-03
0.537000,8.19761440e-02,7.44761440e-02,4.965076,-1.18018746e-01,2.72862459e-03
0.537500,8.19171300e-02,7.44171300e-02,4.961142,-1.18027983e-01,2.75628853e-03
0.538000,8.18581115e-02,7.43581115e-02,4.957207,-1.18036927e-01,2.71171477e-03
0.538500,8.17990889e-02,7.42990889e-02,4.953273,-1.18045270e-01,2.64881491e-03
0.539000,8.17400556e-02,7.42400556e-02,4.949337,-1.18066494e-01,2.64464864e-03
0.539500,8.16810064e-02,7.41810064e-02,4.945400,-1.18098415e-01,2.63814501e-03
0.540000,8.16219406e-02,7.41219406e-02,4.941463,-1.18131595e-01,2.68363222e-03
0.540500,8.15628597e-02,7.40628597e-02,4.937524,-1.18161821e-01,2.70583869e-03
0.541000,8.15037684e-02,7.40037684e-02,4.933585,-1.18182614e-01,2.77808809e-03
0.541500,8.14446717e-02,7.39446717e-02,4.929645,-1.18193372e-01,2.81481508e-03
0.542000,8.13855772e-02,7.38855772e-02,4.925705,-1.18189019e-01,2.72353802e-03
0.542500,8.13264839e-02,7.38264839e-02,4.921766,-1.18186706e-01,2.73703107e-03
0.543000,8.12673848e-02,7.37673848e-02,4.917826,-1.18198188e-01,2.67346899e-03
0.543500,8.12082782e-02,7.37082782e-02,4.913885,-1.18213075e-01,2.60165596e-03
0.544000,8.11491559e-02,7.36491559e-02,4.909944,-1.18244749e-01,2.65983611e-03
0.544500,8.10900143e-02,7.35900143e-02,4.906001,-1.18283071e-01,2.69975497e-03
0.545000,8.10308602e-02,7.35308602e-02,4.902057,-1.18308309e-01,2.71675087e-03
0.545500,8.09716974e-02,7.34716974e-02,4.898113,-1.18325490e-01,2.74423057e-03
0.546000,8.09125287e-02,7.34125287e-02,4.894169,-1.18337450e-01,2.77197398e-03
0.546500,8.08533575e-02,7.33533575e-02,4.890224,-1.18342445e-01,2.75540872e-03
0.547000,8.07941853e-02,7.32941853e-02,4.886279,-1.18344349e-01,2.74057790e-03
0.547500,8.07350102e-02,7.32350102e-02,4.882334,-1.18350284e-01,2.66704085e-03
0.548000,8.06758276e-02,7.31758276e-02,4.878389,-1.18365157e-01,2.63320863e-03
0.548500,8.06166300e-02,7.31166300e-02,4.874442,-1.18395096e-01,2.66381441e-03
0.549000,8.05574161e-02,7.30574161e-02,4.870494,-1.18427885e-01,2.66930039e-03
0.549500,8.04981885e-02,7.29981885e-02,4.866546,-1.18455163e-01,2.70540804e-03
0.550000,8.04389493e-02,7.29389493e-02,4.862597,-1.18478348e-01,2.70602293e-03
0.550500,8.03797016e-02,7.28797016e-02,4.858647,-1.18495549e-01,2.74657356e-03
0.551000,8.03204470e-02,7.28204470e-02,4.854696,-1.18509064e-01,2.81199805e-03
0.551500,8.02611920e-02,7.27611920e-02,4.850746,-1.18510135e-01,2.75141034e-03
0.552000,8.02019391e-02,7.27019391e-02,4.846796,-1.18505820e-01,2.70112759e-03
0.552500,8.01426811e-02,7.26426811e-02,4.842845,-1.18515900e-01,2.65436505e-03
0.553000,8.00834119e-02,7.25834119e-02,4.838894,-1.18538371e-01,2.64335223e-03
0.553500,8.00241272e-02,7.25241272e-02,4.834942,-1.18569495e-01,2.65899039e-03
0.554000,7.99648267e-02,7.24648267e-02,4.830988,-1.18601045e-01,2.70810857e-03
0.554500,7.99055138e-02,7.24055138e-02,4.827034,-1.18625684e-01,2.68398002e-03
0.555000,7.98461916e-02,7.23461916e-02,4.823079,-1.18644391e-01,2.74408879e-03
0.555500,7.97868607e-02,7.22868607e-02,4.819124,-1.18661745e-01,2.83086951e-03
0.556000,7.97275300e-02,7.22275300e-02,4.815169,-1.18661555e-01,2.76707285e-03
0.556500,7.96682036e-02,7.21682036e-02,4.811214,-1.18652756e-01,2.75357064e-03
0.557000,7.96088758e-02,7.21088758e-02,4.807258,-1.18655628e-01,2.65309322e-03
0.557500,7.95495410e-02,7.20495410e-02,4.803303,-1.18669600e-01,2.59472923e-03
0.558000,7.94901884e-02,7.19901884e-02,4.799346,-1.18705232e-01,2.66973593e-03
0.558500,7.94308165e-02,7.19308165e-02,4.795388,-1.18743816e-01,2.68792508e-03
0.559000,7.93714322e-02,7.18714322e-02,4.791429,-1.18768475e-01,2.69795632e-03
0.559500,7.93120376e-02,7.18120376e-02,4.787469,-1.18789260e-01,2.74188987e-03
0.560000,7.92526353e-02,7.17526353e-02,4.783509,-1.18804513e-01,2.77698562e-03
0.560500,7.91932306e-02,7.16932306e-02,4.779549,-1.18809449e-01,2.76663192e-03
0.561000,7.91338258e-02,7.16338258e-02,4.775588,-1.18809538e-01,2.73668450e-03
0.561500,7.90744188e-02,7.15744188e-02,4.771628,-1.18813975e-01,2.71630088e-03
0.562000,7.90150063e-02,7.15150063e-02,4.767667,-1.18825131e-01,2.65515297e-03
0.562500,7.89555838e-02,7.14555838e-02,4.763706,-1.18845041e-01,2.67361286e-03
0.563000,7.88961471e-02,7.13961471e-02,4.759743,-1.18873360e-01,2.67923506e-03
0.563500,7.88366980e-02,7.13366980e-02,4.755780,-1.18898151e-01,2.72216565e-03
0.564000,7.87772389e-02,7.12772389e-02,4.751816,-1.18918223e-01,2.71123571e-03
0.564500,7.87177728e-02,7.12177728e-02,4.747852,-1.18932211e-01,2.72749368e-03
0.565000,7.86582995e-02,7.11582995e-02,4.743887,-1.18946557e-01,2.79760934e-03
0.565500,7.85988235e-02,7.10988235e-02,4.739922,-1.18952033e-01,2.76593353e-03
0.566000,7.85393491e-02,7.10393491e-02,4.735957,-1.18948797e-01,2.71057085e-03
0.566500,7.84798713e-02,7.09798713e-02,4.731991,-1.18955657e-01,2.64599033e-03
0.567000,7.84203826e-02,7.09203826e-02,4.728026,-1.18977318e-01,2.61342431e-03
0.567500,7.83608764e-02,7.08608764e-02,4.724058,-1.19012464e-01,2.66361576e-03
0.568000,7.83013521e-02,7.08013521e-02,4.720090,-1.19048519e-01,2.70687352e-03
0.568500,7.82418159e-02,7.07418159e-02,4.716121,-1.19072508e-01,2.69080725e-03
0.569000,7.81822705e-02,7.06822705e-02,4.712151,-1.19090813e-01,2.76106847e-03
0.569500,7.81227177e-02,7.06227177e-02,4.708181,-1.19105545e-01,2.84427636e-03
0.570000,7.80631670e-02,7.05631670e-02,4.704211,-1.19101382e-01,2.76068095e-03
0.570500,7.80036215e-02,7.05036215e-02,4.700241,-1.19090947e-01,2.75970827e-03
0.571000,7.79440744e-02,7.04440744e-02,4.696272,-1.19094325e-01,2.67872545e-03
0.571500,7.78845218e-02,7.03845218e-02,4.692301,-1.19105023e-01,2.61980698e-03
0.572000,7.78249547e-02,7.03249547e-02,4.688330,-1.19134229e-01,2.66487419e-03
0.572500,7.77653702e-02,7.02653702e-02,4.684358,-1.19169125e-01,2.69039249e-03
0.573000,7.77057730e-02,7.02057730e-02,4.680385,-1.19194364e-01,2.72816453e-03
0.573500,7.76461670e-02,7.01461670e-02,4.676411,-1.19212073e-01,2.73514390e-03
0.574000,7.75865555e-02,7.00865555e-02,4.672437,-1.19222962e-01,2.76719339e-03
0.574500,7.75269405e-02,7.00269405e-02,4.668463,-1.19229872e-01,2.75228095e-03
0.575000,7.74673241e-02,6.99673241e-02,4.664488,-1.19232837e-01,2.76254008e-03
0.575500,7.74077054e-02,6.99077054e-02,4.660514,-1.19237344e-01,2.70608673e-03
0.576000,7.73480829e-02,6.98480829e-02,4.656539,-1.19245158e-01,2.65123533e-03
0.576500,7.72884493e-02,6.97884493e-02,4.652563,-1.19267092e-01,2.66752613e-03
0.577000,7.72288010e-02,6.97288010e-02,4.648587,-1.19296592e-01,2.67476585e-03
0.577500,7.71691396e-02,6.96691396e-02,4.644609,-1.19322778e-01,2.71080091e-03
0.578000,7.71094673e-02,6.96094673e-02,4.640631,-1.19344588e-01,2.72166782e-03
0.578500,7.70497876e-02,6.95497876e-02,4.636653,-1.19359520e-01,2.76258832e-03
0.579000,7.69901031e-02,6.94901031e-02,4.632674,-1.19369050e-01,2.82203795e-03
0.579500,7.69304198e-02,6.94304198e-02,4.628695,-1.19366604e-01,2.75904294e-03
0.580000,7.68707398e-02,6.93707398e-02,4.624716,-1.19359965e-01,2.70981551e-03
0.580500,7.68110558e-02,6.93110558e-02,4.620737,-1.19368024e-01,2.65588339e-03
0.581000,7.67513613e-02,6.92513613e-02,4.616757,-1.19388934e-01,2.65218816e-03
0.581500,7.66916518e-02,6.91916518e-02,4.612777,-1.19419028e-01,2.66222110e-03
0.582000,7.66319274e-02,6.91319274e-02,4.608795,-1.19448841e-01,2.71892418e-03
0.582500,7.65721914e-02,6.90721914e-02,4.604813,-1.19471993e-01,2.69887093e-03
0.583000,7.65124476e-02,6.90124476e-02,4.600830,-1.19487607e-01,2.76101763e-03
0.583500,7.64526970e-02,6.89526970e-02,4.596846,-1.19501019e-01,2.83749928e-03
0.584000,7.63929483e-02,6.88929483e-02,4.592863,-1.19497463e-01,2.76992394e-03
0.584500,7.63332047e-02,6.88332047e-02,4.588880,-1.19487324e-01,2.75452423e-03
0.585000,7.62734598e-02,6.87734598e-02,4.584897,-1.19489643e-01,2.65720379e-03
0.585500,7.62137083e-02,6.87137083e-02,4.580914,-1.19503095e-01,2.60035836e-03
0.586000,7.61539395e-02,6.86539395e-02,4.576929,-1.19537554e-01,2.67350414e-03
0.586500,7.60941521e-02,6.85941521e-02,4.572943,-1.19574881e-01,2.71850766e-03
0.587000,7.60343540e-02,6.85343540e-02,4.568957,-1.19596217e-01,2.70126621e-03
0.587500,7.59745481e-02,6.84745481e-02,4.564970,-1.19611687e-01,2.76053762e-03
0.588000,7.59147357e-02,6.84147357e-02,4.560982,-1.19624748e-01,2.79321867e-03
0.588500,7.58549231e-02,6.83549231e-02,4.556995,-1.19625187e-01,2.78330299e-03
0.589000,7.57951126e-02,6.82951126e-02,4.553008,-1.19621136e-01,2.73778815e-03
0.589500,7.57353012e-02,6.82353012e-02,4.549020,-1.19622737e-01,2.69536152e-03
0.590000,7.56754834e-02,6.81754834e-02,4.545032,-1.19635564e-01,2.64463182e-03
0.590500,7.56156535e-02,6.81156535e-02,4.541044,-1.19659843e-01,2.68639641e-03
0.591000,7.55558091e-02,6.80558091e-02,4.537054,-1.19688759e-01,2.69243780e-03
0.591500,7.54959540e-02,6.79959540e-02,4.533064,-1.19710284e-01,2.72861893e-03
0.592000,7.54360902e-02,6.79360902e-02,4.529073,-1.19727617e-01,2.71558434e-03
0.592500,7.53762201e-02,6.78762201e-02,4.525081,-1.19740161e-01,2.73787450e-03
0.593000,7.53163437e-02,6.78163437e-02,4.521090,-1.19752875e-01,2.77830021e-03
0.593500,7.52564645e-02,6.77564645e-02,4.517098,-1.19758354e-01,2.80024073e-03
0.594000,7.51965869e-02,6.76965869e-02,4.513106,-1.19755255e-01,2.72163906e-03
0.594500,7.51367091e-02,6.76367091e-02,4.509114,-1.19755503e-01,2.66401340e-03
0.595000,7.50768222e-02,6.75768222e-02,4.505121,-1.19773753e-01,2.65328131e-03
0.595500,7.50169210e-02,6.75169210e-02,4.501128,-1.19802415e-01,2.65293466e-03
0.596000,7.49570046e-02,6.74570046e-02,4.497134,-1.19832870e-01,2.69797151e-03
0.596500,7.48970749e-02,6.73970749e-02,4.493138,-1.19859399e-01,2.72548894e-03
0.597000,7.48371368e-02,6.73371368e-02,4.489142,-1.19876100e-01,2.79586823e-03
0.597500,7.47771958e-02,6.72771958e-02,4.485146,-1.19882060e-01,2.82910527e-03
0.598000,7.47172590e-02,6.72172590e-02,4.481151,-1.19873524e-01,2.73658128e-03
0.598500,7.46573252e-02,6.71573252e-02,4.477155,-1.19867711e-01,2.74828402e-03
0.599000,7.45973872e-02,6.70973872e-02,4.473159,-1.19876056e-01,2.67315381e-03
0.599500,7.45374426e-02,6.70374426e-02,4.469163,-1.19889123e-01,2.61209430e-03
0.600000,7.44774826e-02,6.69774826e-02,4.465166,-1.19919926e-01,2.67717318e-03
0.600500,7.44175051e-02,6.69175051e-02,4.461167,-1.19955001e-01,2.73714969e-03
0.601000,7.43575181e-02,6.68575181e-02,4.457168,-1.19974086e-01,2.72170515e-03
0.601500,7.42975257e-02,6.67975257e-02,4.453168,-1.19984688e-01,2.75346365e-03
0.602000,7.42375282e-02,6.67375282e-02,4.449169,-1.19995018e-01,2.79520137e-03
0.602500,7.41775300e-02,6.66775300e-02,4.445169,-1.19996443e-01,2.78916469e-03
0.603000,7.41175342e-02,6.66175342e-02,4.441169,-1.19991548e-01,2.78295226e-03
0.603500,7.40575401e-02,6.65575401e-02,4.437169,-1.19988194e-01,2.67759975e-03
0.604000,7.39975426e-02,6.64975426e-02,4.433170,-1.19995175e-01,2.61334730e-03
0.604500,7.39375300e-02,6.64375300e-02,4.429169,-1.20025136e-01,2.67323967e-03
0.605000,7.38774998e-02,6.63774998e-02,4.425167,-1.20060353e-01,2.69560592e-03
0.605500,7.38174579e-02,6.63174579e-02,4.421164,-1.20083758e-01,2.71404624e-03
0.606000,7.37574070e-02,6.62574070e-02,4.417160,-1.20101859e-01,2.75296631e-03
0.606500,7.36973503e-02,6.61973503e-02,4.413157,-1.20113491e-01,2.79126039e-03
0.607000,7.36372926e-02,6.61372926e-02,4.409153,-1.20115346e-01,2.77896061e-03
0.607500,7.35772366e-02,6.60772366e-02,4.405149,-1.20112000e-01,2.74933541e-03
0.608000,7.35171799e-02,6.60171799e-02,4.401145,-1.20113294e-01,2.72354437e-03
0.608500,7.34571191e-02,6.59571191e-02,4.397141,-1.20121732e-01,2.66865836e-03
0.609000,7.33970494e-02,6.58970494e-02,4.393137,-1.20139259e-01,2.68369776e-03
0.609500,7.33369672e-02,6.58369672e-02,4.389131,-1.20164469e-01,2.69033592e-03
0.610000,7.32768739e-02,6.57768739e-02,4.385125,-1.20186622e-01,2.73890813e-03
0.610500,7.32167722e-02,6.57167722e-02,4.381118,-1.20203390e-01,2.71978881e-03
0.611000,7.31566653e-02,6.56566653e-02,4.377111,-1.20213873e-01,2.73885902e-03
0.611500,7.30965524e-02,6.55965524e-02,4.373103,-1.20225810e-01,2.78831782e-03
0.612000,7.30364372e-02,6.55364372e-02,4.369096,-1.20230241e-01,2.78830685e-03
0.612500,7.29763240e-02,6.54763240e-02,4.365088,-1.20226552e-01,2.72375698e-03
0.613000,7.29162097e-02,6.54162097e-02,4.361081,-1.20228573e-01,2.67980682e-03
0.613500,7.28560871e-02,6.53560871e-02,4.357072,-1.20245079e-01,2.66855209e-03
0.614000,7.27959522e-02,6.52959522e-02,4.353063,-1.20269797e-01,2.65983165e-03
0.614500,7.27358037e-02,6.52358037e-02,4.349054,-1.20297134e-01,2.70010556e-03
0.615000,7.26756425e-02,6.51756425e-02,4.345043,-1.20322343e-01,2.72818770e-03
0.615500,7.26154733e-02,6.51154733e-02,4.341032,-1.20338455e-01,2.79915994e-03
0.616000,7.25553014e-02,6.50553014e-02,4.337020,-1.20343680e-01,2.83625955e-03
0.616500,7.24951344e-02,6.49951344e-02,4.333009,-1.20333971e-01,2.74453754e-03
0.617000,7.24349713e-02,6.49349713e-02,4.328998,-1.20326280e-01,2.75283344e-03
0.617500,7.23748049e-02,6.48748049e-02,4.324987,-1.20332917e-01,2.67670456e-03
0.618000,7.23146324e-02,6.48146324e-02,4.320975,-1.20344922e-01,2.61724354e-03
0.618500,7.22544450e-02,6.47544450e-02,4.316963,-1.20374687e-01,2.68095544e-03
0.619000,7.21942408e-02,6.46942408e-02,4.312949,-1.20408581e-01,2.74080000e-03
0.619500,7.21340274e-02,6.46340274e-02,4.308935,-1.20426723e-01,2.71568594e-03
0.620000,7.20738088e-02,6.45738088e-02,4.304921,-1.20437258e-01,2.75868401e-03
0.620500,7.20135847e-02,6.45135847e-02,4.300906,-1.20448115e-01,2.80334941e-03
0.621000,7.19533607e-02,6.44533607e-02,4.296891,-1.20447962e-01,2.79699213e-03
0.621500,7.18931402e-02,6.43931402e-02,4.292876,-1.20441037e-01,2.79985620e-03
0.622000,7.18329228e-02,6.43329228e-02,4.288862,-1.20434903e-01,2.68323340e-03
0.622500,7.17727035e-02,6.42727035e-02,4.284847,-1.20438610e-01,2.60852861e-03
0.623000,7.17124694e-02,6.42124694e-02,4.280831,-1.20468073e-01,2.67800617e-03
0.623500,7.16522176e-02,6.41522176e-02,4.276815,-1.20503659e-01,2.71884187e-03
0.624000,7.15919555e-02,6.40919555e-02,4.272797,-1.20524226e-01,2.71428053e-03
0.624500,7.15316862e-02,6.40316862e-02,4.268779,-1.20538491e-01,2.76001841e-03
0.625000,7.14714115e-02,6.39714115e-02,4.264761,-1.20549461e-01,2.80128269e-03
0.625500,7.14111369e-02,6.39111369e-02,4.260742,-1.20549272e-01,2.78833717e-03
0.626000,7.13508651e-02,6.38508651e-02,4.256724,-1.20543452e-01,2.75684009e-03
0.626500,7.12905939e-02,6.37905939e-02,4.252706,-1.20542542e-01,2.71268426e-03
0.627000,7.12303185e-02,6.37303185e-02,4.248688,-1.20550709e-01,2.65428580e-03
0.627500,7.11700329e-02,6.36700329e-02,4.244669,-1.20571290e-01,2.69867725e-03
0.628000,7.11097341e-02,6.36097341e-02,4.240649,-1.20597535e-01,2.70935071e-03
0.628500,7.10494263e-02,6.35494263e-02,4.236628,-1.20615547e-01,2.73321705e-03
0.629000,7.09891115e-02,6.34891115e-02,4.232607,-1.20629696e-01,2.73110699e-03
0.629500,7.09287914e-02,6.34287914e-02,4.228586,-1.20640113e-01,2.74060491e-03
0.630000,7.08684664e-02,6.33684664e-02,4.224564,-1.20650036e-01,2.77814169e-03
0.630500,7.08081389e-02,6.33081389e-02,4.220543,-1.20655081e-01,2.80507599e-03
0.631000,7.07478131e-02,6.32478131e-02,4.216521,-1.20651580e-01,2.73375994e-03
0.631500,7.06874881e-02,6.31874881e-02,4.212499,-1.20649963e-01,2.66298386e-03
0.632000,7.06271549e-02,6.31271549e-02,4.208477,-1.20666314e-01,2.66717823e-03
0.632500,7.05668080e-02,6.30668080e-02,4.204454,-1.20693916e-01,2.66201617e-03
0.633000,7.05064473e-02,6.30064473e-02,4.200430,-1.20721286e-01,2.72148119e-03
0.633500,7.04460752e-02,6.29460752e-02,4.196405,-1.20744245e-01,2.75201514e-03
0.634000,7.03856978e-02,6.28856978e-02,4.192380,-1.20754740e-01,2.79383798e-03
0.634500,7.03253196e-02,6.28253196e-02,4.188355,-1.20756524e-01,2.84826239e-03
0.635000,7.02649463e-02,6.27649463e-02,4.184330,-1.20746627e-01,2.76371654e-03
0.635500,7.02045786e-02,6.27045786e-02,4.180305,-1.20735269e-01,2.71921507e-03
0.636000,7.01442078e-02,6.26442078e-02,4.176281,-1.20741729e-01,2.66937741e-03
0.636500,7.00838278e-02,6.25838278e-02,4.172255,-1.20759903e-01,2.66941348e-03
0.637000,7.00234347e-02,6.25234347e-02,4.168229,-1.20786258e-01,2.68403976e-03
0.637500,6.99630290e-02,6.24630290e-02,4.164202,-1.20811313e-01,2.72874887e-03
0.638000,6.99026140e-02,6.24026140e-02,4.160174,-1.20830014e-01,2.71412641e-03
0.638500,6.98421927e-02,6.23421927e-02,4.156146,-1.20842666e-01,2.76916024e-03
0.639000,6.97817663e-02,6.22817663e-02,4.152118,-1.20852852e-01,2.84896595e-03
0.639500,6.97213428e-02,6.22213428e-02,4.148090,-1.20846946e-01,2.78009574e-03
0.640000,6.96609258e-02,6.21609258e-02,4.144062,-1.20834024e-01,2.76993860e-03
0.640500,6.96005091e-02,6.21005091e-02,4.140034,-1.20833310e-01,2.68608082e-03
0.641000,6.95400883e-02,6.20400883e-02,4.136006,-1.20841678e-01,2.60519897e-03
0.641500,6.94796528e-02,6.19796528e-02,4.131977,-1.20870967e-01,2.67731818e-03
0.642000,6.94191992e-02,6.19191992e-02,4.127947,-1.20907162e-01,2.71857649e-03
0.642500,6.93587353e-02,6.18587353e-02,4.123916,-1.20927865e-01,2.72621147e-03
0.643000,6.92982647e-02,6.17982647e-02,4.119884,-1.20941119e-01,2.78671685e-03
0.643500,6.92377908e-02,6.17377908e-02,4.115853,-1.20947769e-01,2.82312235e-03
0.644000,6.91773202e-02,6.16773202e-02,4.111821,-1.20941265e-01,2.78108236e-03
0.644500,6.91168540e-02,6.16168540e-02,4.107790,-1.20932499e-01,2.77897195e-03
0.645000,6.90563885e-02,6.15563885e-02,4.103759,-1.20930824e-01,2.70812310e-03
0.645500,6.89959207e-02,6.14959207e-02,4.099728,-1.20935760e-01,2.64243231e-03
0.646000,6.89354416e-02,6.14354416e-02,4.095696,-1.20958138e-01,2.69474111e-03
0.646500,6.88749483e-02,6.13749483e-02,4.091663,-1.20986677e-01,2.71256732e-03
0.647000,6.88144457e-02,6.13144457e-02,4.087630,-1.21005051e-01,2.73447839e-03
0.647500,6.87539365e-02,6.12539365e-02,4.083596,-1.21018561e-01,2.75039093e-03
0.648000,6.86934229e-02,6.11934229e-02,4.079562,-1.21027065e-01,2.80898155e-03
0.648500,6.86329090e-02,6.11329090e-02,4.075527,-1.21027776e-01,2.79491643e-03
0.649000,6.85723990e-02,6.10723990e-02,4.071493,-1.21020110e-01,2.77339465e-03
0.649500,6.85118906e-02,6.10118906e-02,4.067459,-1.21016656e-01,2.69931565e-03
0.650000,6.84513790e-02,6.09513790e-02,4.063425,-1.21023286e-01,2.64886407e-03
0.650500,6.83908557e-02,6.08908557e-02,4.059390,-1.21046542e-01,2.71423027e-03
0.651000,6.83303196e-02,6.08303196e-02,4.055355,-1.21072302e-01,2.70204096e-03
0.651500,6.82697754e-02,6.07697754e-02,4.051318,-1.21088407e-01,2.71420633e-03
0.652000,6.82092227e-02,6.07092227e-02,4.047282,-1.21105437e-01,2.75257183e-03
0.652500,6.81486641e-02,6.06486641e-02,4.043244,-1.21117078e-01,2.78308601e-03
0.653000,6.80881043e-02,6.05881043e-02,4.039207,-1.21119720e-01,2.79773984e-03
0.653500,6.80275462e-02,6.05275462e-02,4.035170,-1.21116057e-01,2.76599321e-03
0.654000,6.79669898e-02,6.04669898e-02,4.031133,-1.21112793e-01,2.75601231e-03
0.654500,6.79064320e-02,6.04064320e-02,4.027095,-1.21115626e-01,2.67962536e-03
0.655000,6.78458686e-02,6.03458686e-02,4.023058,-1.21126852e-01,2.68901508e-03
0.655500,6.77852937e-02,6.02852937e-02,4.019020,-1.21149790e-01,2.68836562e-03
0.656000,6.77247081e-02,6.02247081e-02,4.014981,-1.21171244e-01,2.74265172e-03
0.656500,6.76641141e-02,6.01641141e-02,4.010941,-1.21188005e-01,2.73622915e-03
0.657000,6.76035159e-02,6.01035159e-02,4.006901,-1.21196420e-01,2.74969829e-03
0.657500,6.75429135e-02,6.00429135e-02,4.002861,-1.21204698e-01,2.80915616e-03
0.658000,6.74823108e-02,5.99823108e-02,3.998821,-1.21205507e-01,2.79335271e-03
0.658500,6.74217118e-02,5.99217118e-02,3.994781,-1.21197951e-01,2.72829882e-03
0.659000,6.73611124e-02,5.98611124e-02,3.990741,-1.21198741e-01,2.68756390e-03
0.659500,6.73005055e-02,5.98005055e-02,3.986700,-1.21213815e-01,2.67920359e-03
0.660000,6.72398874e-02,5.97398874e-02,3.982659,-1.21236318e-01,2.66955394e-03
0.660500,6.71792568e-02,5.96792568e-02,3.978617,-1.21261047e-01,2.70812937e-03
0.661000,6.71186149e-02,5.96186149e-02,3.974574,-1.21283949e-01,2.73539456e-03
0.661500,6.70579658e-02,5.95579658e-02,3.970531,-1.21298106e-01,2.80834231e-03
0.662000,6.69973151e-02,5.94973151e-02,3.966488,-1.21301336e-01,2.85429601e-03
0.662500,6.69366709e-02,5.94366709e-02,3.962445,-1.21288524e-01,2.74816372e-03
0.663000,6.68760321e-02,5.93760321e-02,3.958402,-1.21277551e-01,2.73403847e-03
0.663500,6.68153895e-02,5.93153895e-02,3.954359,-1.21285254e-01,2.69592745e-03
0.664000,6.67547401e-02,5.92547401e-02,3.950316,-1.21298646e-01,2.63892633e-03
0.664500,6.66940785e-02,5.91940785e-02,3.946272,-1.21323337e-01,2.69168195e-03
0.665000,6.66334021e-02,5.91334021e-02,3.942227,-1.21352723e-01,2.74701563e-03
0.665500,6.65727178e-02,5.90727178e-02,3.938181,-1.21368553e-01,2.71568485e-03
0.666000,6.65120288e-02,5.90120288e-02,3.934135,-1.21378068e-01,2.77082378e-03
0.666500,6.64513349e-02,5.89513349e-02,3.930089,-1.21387852e-01,2.86044298e-03
0.667000,6.63906446e-02,5.88906446e-02,3.926043,-1.21380657e-01,2.79305753e-03
0.667500,6.63299622e-02,5.88299622e-02,3.921997,-1.21364705e-01,2.77411972e-03
0.668000,6.62692815e-02,5.87692815e-02,3.917952,-1.21361492e-01,2.68731640e-03
0.668500,6.62085969e-02,5.87085969e-02,3.913906,-1.21369064e-01,2.61088595e-03
0.669000,6.61478981e-02,5.86478981e-02,3.909860,-1.21397648e-01,2.68738674e-03
0.669500,6.60871821e-02,5.85871821e-02,3.905812,-1.21432018e-01,2.72760644e-03
0.670000,6.60264570e-02,5.85264570e-02,3.901764,-1.21450270e-01,2.72507637e-03
0.670500,6.59657259e-02,5.84657259e-02,3.897715,-1.21462142e-01,2.79173550e-03
0.671000,6.59049916e-02,5.84049916e-02,3.893666,-1.21468534e-01,2.83020424e-03
0.671500,6.58442613e-02,5.83442613e-02,3.889617,-1.21460580e-01,2.78801994e-03
0.672000,6.57835363e-02,5.82835363e-02,3.885569,-1.21450038e-01,2.78432893e-03
0.672500,6.57228129e-02,5.82228129e-02,3.881521,-1.21446750e-01,2.71233009e-03
0.673000,6.56620877e-02,5.81620877e-02,3.877473,-1.21450434e-01,2.64575653e-03
0.673500,6.56013518e-02,5.81013518e-02,3.873423,-1.21471827e-01,2.69722141e-03
0.674000,6.55406020e-02,5.80406020e-02,3.869373,-1.21499602e-01,2.72308058e-03
0.674500,6.54798437e-02,5.79798437e-02,3.865323,-1.21516639e-01,2.74039118e-03
0.675000,6.54190797e-02,5.79190797e-02,3.861272,-1.21527899e-01,2.77989266e-03
0.675500,6.53583133e-02,5.78583133e-02,3.857221,-1.21532824e-01,2.79904495e-03
0.676000,6.52975485e-02,5.77975485e-02,3.853170,-1.21529570e-01,2.78462870e-03
0.676500,6.52367863e-02,5.77367863e-02,3.849119,-1.21524444e-01,2.77208577e-03
0.677000,6.51760249e-02,5.76760249e-02,3.845068,-1.21522796e-01,2.70204677e-03
0.677500,6.51152602e-02,5.76152602e-02,3.841017,-1.21529399e-01,2.65603552e-03
0.678000,6.50544844e-02,5.75544844e-02,3.836966,-1.21551572e-01,2.70964206e-03
0.678500,6.49936961e-02,5.74936961e-02,3.832913,-1.21576561e-01,2.69869843e-03
0.679000,6.49328993e-02,5.74328993e-02,3.828860,-1.21593714e-01,2.71948708e-03
0.679500,6.48720939e-02,5.73720939e-02,3.824806,-1.21610827e-01,2.77308212e-03
0.680000,6.48112840e-02,5.73112840e-02,3.820752,-1.21619786e-01,2.80240046e-03
0.680500,6.47504753e-02,5.72504753e-02,3.816698,-1.21617353e-01,2.79602154e-03
0.681000,6.46896700e-02,5.71896700e-02,3.812645,-1.21610670e-01,2.76376271e-03
0.681500,6.46288660e-02,5.71288660e-02,3.808591,-1.21607886e-01,2.73487267e-03
0.682000,6.45680596e-02,5.70680596e-02,3.804537,-1.21612954e-01,2.68361214e-03
0.682500,6.45072459e-02,5.70072459e-02,3.800483,-1.21627298e-01,2.69894425e-03
0.683000,6.44464215e-02,5.69464215e-02,3.796428,-1.21648704e-01,2.70666892e-03
0.683500,6.43855881e-02,5.68855881e-02,3.792373,-1.21666910e-01,2.75038578e-03
0.684000,6.43247481e-02,5.68247481e-02,3.788317,-1.21679981e-01,2.73496868e-03
0.684500,6.42639045e-02,5.67639045e-02,3.784260,-1.21687237e-01,2.75636507e-03
0.685000,6.42030569e-02,5.67030569e-02,3.780204,-1.21695133e-01,2.79441043e-03
0.685500,6.41422088e-02,5.66422088e-02,3.776147,-1.21696152e-01,2.81497385e-03
0.686000,6.40813643e-02,5.65813643e-02,3.772091,-1.21689104e-01,2.74063392e-03
0.686500,6.40205217e-02,5.65205217e-02,3.768035,-1.21685254e-01,2.66723770e-03
0.687000,6.39596716e-02,5.64596716e-02,3.763978,-1.21700100e-01,2.69384005e-03
0.687500,6.38988093e-02,5.63988093e-02,3.759921,-1.21724646e-01,2.68180667e-03
0.688000,6.38379363e-02,5.63379363e-02,3.755862,-1.21745888e-01,2.72876568e-03
0.688500,6.37770539e-02,5.62770539e-02,3.751804,-1.21764953e-01,2.75807189e-03
0.689000,6.37161670e-02,5.62161670e-02,3.747744,-1.21773717e-01,2.79381712e-03
0.689500,6.36552798e-02,5.61552798e-02,3.743685,-1.21774508e-01,2.84320436e-03
0.690000,6.35943972e-02,5.60943972e-02,3.739626,-1.21765062e-01,2.77447283e-03
0.690500,6.35335204e-02,5.60335204e-02,3.735568,-1.21753583e-01,2.72660097e-03
0.691000,6.34726416e-02,5.59726416e-02,3.731509,-1.21757624e-01,2.69634356e-03
0.691500,6.34117555e-02,5.59117555e-02,3.727450,-1.21772201e-01,2.70512494e-03
0.692000,6.33508600e-02,5.58508600e-02,3.723391,-1.21790970e-01,2.69361225e-03
0.692500,6.32899554e-02,5.57899554e-02,3.719330,-1.21809315e-01,2.73114718e-03
0.693000,6.32290423e-02,5.57290423e-02,3.715269,-1.21826231e-01,2.71503350e-03
0.693500,6.31681231e-02,5.56681231e-02,3.711208,-1.21838409e-01,2.77585663e-03
0.694000,6.31071991e-02,5.56071991e-02,3.707147,-1.21847855e-01,2.85797336e-03
0.694500,6.30462791e-02,5.55462791e-02,3.703085,-1.21840052e-01,2.78778799e-03
0.695000,6.29853666e-02,5.54853666e-02,3.699024,-1.21824972e-01,2.73063933e-03
0.695500,6.29244534e-02,5.54244534e-02,3.694964,-1.21826469e-01,2.67387080e-03
0.696000,6.28635322e-02,5.53635322e-02,3.690902,-1.21842369e-01,2.65428583e-03
0.696500,6.28025975e-02,5.53025975e-02,3.686840,-1.21869324e-01,2.68521896e-03
0.697000,6.27416492e-02,5.52416492e-02,3.682777,-1.21896759e-01,2.73055916e-03
0.697500,6.26806916e-02,5.51806916e-02,3.678713,-1.21915106e-01,2.73967060e-03
0.698000,6.26197290e-02,5.51197290e-02,3.674649,-1.21925202e-01,2.81584455e-03
0.698500,6.25587655e-02,5.50587655e-02,3.670584,-1.21927066e-01,2.86095544e-03
0.699000,6.24978093e-02,5.49978093e-02,3.666521,-1.21912434e-01,2.76475882e-03
0.699500,6.24368598e-02,5.49368598e-02,3.662457,-1.21898900e-01,2.77114457e-03
0.700000,6.23759095e-02,5.48759095e-02,3.658394,-1.21900597e-01,2.69136474e-03
0.700500,6.23149554e-02,5.48149554e-02,3.654330,-1.21908299e-01,2.62976024e-03
0.701000,6.22539881e-02,5.47539881e-02,3.650266,-1.21934550e-01,2.69696461e-03
0.701500,6.21930056e-02,5.46930056e-02,3.646200,-1.21964974e-01,2.75451488e-03
0.702000,6.21320160e-02,5.46320160e-02,3.642134,-1.21979274e-01,2.72641411e-03
0.702500,6.20710227e-02,5.45710227e-02,3.638068,-1.21986608e-01,2.77032135e-03
0.703000,6.20100253e-02,5.45100253e-02,3.634002,-1.21994674e-01,2.84272791e-03
0.703500,6.19490308e-02,5.44490308e-02,3.629935,-1.21989129e-01,2.80802714e-03
0.704000,6.18880434e-02,5.43880434e-02,3.625870,-1.21974762e-01,2.79500488e-03
0.704500,6.18270598e-02,5.43270598e-02,3.621804,-1.21967244e-01,2.69125464e-03
0.705000,6.17660742e-02,5.42660742e-02,3.617738,-1.21971039e-01,2.61660890e-03
0.705500,6.17050750e-02,5.42050750e-02,3.613672,-1.21998470e-01,2.69332247e-03
0.706000,6.16440593e-02,5.41440593e-02,3.609604,-1.22031376e-01,2.73377973e-03
0.706500,6.15830353e-02,5.40830353e-02,3.605536,-1.22048107e-01,2.73664871e-03
0.707000,6.15220063e-02,5.40220063e-02,3.601467,-1.22057941e-01,2.79532202e-03
0.707500,6.14609752e-02,5.39609752e-02,3.597398,-1.22062117e-01,2.83259256e-03
0.708000,6.13999485e-02,5.38999485e-02,3.593330,-1.22053362e-01,2.79113679e-03
0.708500,6.13389275e-02,5.38389275e-02,3.589262,-1.22042153e-01,2.78919717e-03
0.709000,6.12779085e-02,5.37779085e-02,3.585194,-1.22037922e-01,2.71905282e-03
0.709500,6.12168884e-02,5.37168884e-02,3.581126,-1.22040212e-01,2.64818840e-03
0.710000,6.11558583e-02,5.36558583e-02,3.577057,-1.22060287e-01,2.69935011e-03
0.710500,6.10948145e-02,5.35948145e-02,3.572988,-1.22087474e-01,2.73587815e-03
0.711000,6.10337630e-02,5.35337630e-02,3.568918,-1.22103030e-01,2.74721302e-03
0.711500,6.09727072e-02,5.34727072e-02,3.564847,-1.22111585e-01,2.77898299e-03
0.712000,6.09116495e-02,5.34116495e-02,3.560777,-1.22115471e-01,2.81376497e-03
0.712500,6.08505939e-02,5.33505939e-02,3.556706,-1.22111064e-01,2.78786730e-03
0.713000,6.07895423e-02,5.32895423e-02,3.552636,-1.22103235e-01,2.79040229e-03
0.713500,6.07284926e-02,5.32284926e-02,3.548566,-1.22099435e-01,2.71247285e-03
0.714000,6.06674416e-02,5.31674416e-02,3.544496,-1.22102109e-01,2.65145877e-03
0.714500,6.06063801e-02,5.31063801e-02,3.540425,-1.22122975e-01,2.69656340e-03
0.715000,6.05453051e-02,5.30453051e-02,3.536354,-1.22149871e-01,2.71832706e-03
0.715500,6.04842214e-02,5.29842214e-02,3.532281,-1.22167437e-01,2.72444023e-03
0.716000,6.04231310e-02,5.29231310e-02,3.528209,-1.22180888e-01,2.77947147e-03
0.716500,6.03620367e-02,5.28620367e-02,3.524136,-1.22188469e-01,2.80288133e-03
0.717000,6.03009443e-02,5.28009443e-02,3.520063,-1.22184945e-01,2.79971860e-03
0.717500,6.02398553e-02,5.27398553e-02,3.515990,-1.22177855e-01,2.77961528e-03
0.718000,6.01787688e-02,5.26787688e-02,3.511918,-1.22173063e-01,2.73852268e-03
0.718500,6.01176812e-02,5.26176812e-02,3.507845,-1.22175205e-01,2.66776733e-03
0.719000,6.00565860e-02,5.25565860e-02,3.503772,-1.22190351e-01,2.71655781e-03
0.719500,5.99954796e-02,5.24954796e-02,3.499699,-1.22212801e-01,2.72702322e-03
0.720000,5.99343665e-02,5.24343665e-02,3.495624,-1.22226315e-01,2.74553300e-03
0.720500,5.98732482e-02,5.23732482e-02,3.491550,-1.22236473e-01,2.75401519e-03
0.721000,5.98121268e-02,5.23121268e-02,3.487475,-1.22242842e-01,2.78858996e-03
0.721500,5.97510044e-02,5.22510044e-02,3.483400,-1.22244761e-01,2.78170730e-03
0.722000,5.96898836e-02,5.21898836e-02,3.479326,-1.22241611e-01,2.80148954e-03
0.722500,5.96287647e-02,5.21287647e-02,3.475251,-1.22237842e-01,2.73393598e-03
0.723000,5.95676463e-02,5.20676463e-02,3.471176,-1.22236798e-01,2.68081107e-03
0.723500,5.95065205e-02,5.20065205e-02,3.467101,-1.22251543e-01,2.68799762e-03
0.724000,5.94453833e-02,5.19453833e-02,3.463026,-1.22274377e-01,2.69368870e-03
0.724500,5.93842356e-02,5.18842356e-02,3.458949,-1.22295528e-01,2.74064888e-03
0.725000,5.93230798e-02,5.18230798e-02,3.454872,-1.22311592e-01,2.76495692e-03
0.725500,5.92619209e-02,5.17619209e-02,3.450795,-1.22317795e-01,2.79175052e-03
0.726000,5.92007621e-02,5.17007621e-02,3.446717,-1.22317638e-01,2.81834176e-03
0.726500,5.91396067e-02,5.16396067e-02,3.442640,-1.22310730e-01,2.78502365e-03
0.727000,5.90784555e-02,5.15784555e-02,3.438564,-1.22302401e-01,2.76996228e-03
0.727500,5.90173051e-02,5.15173051e-02,3.434487,-1.22300875e-01,2.68920321e-03
0.728000,5.89561506e-02,5.14561506e-02,3.430410,-1.22308963e-01,2.69807510e-03
0.728500,5.88949858e-02,5.13949858e-02,3.426332,-1.22329528e-01,2.71136656e-03
0.729000,5.88338121e-02,5.13338121e-02,3.422254,-1.22347461e-01,2.76005874e-03
0.729500,5.87726326e-02,5.12726326e-02,3.418176,-1.22358905e-01,2.74061578e-03
0.730000,5.87114506e-02,5.12114506e-02,3.414097,-1.22364074e-01,2.75680458e-03
0.730500,5.86502651e-02,5.11502651e-02,3.410018,-1.22371003e-01,2.80605297e-03
0.731000,5.85890796e-02,5.10890796e-02,3.405939,-1.22370920e-01,2.83862485e-03
0.731500,5.85278997e-02,5.10278997e-02,3.401860,-1.22359870e-01,2.73893954e-03
0.732000,5.84667236e-02,5.09667236e-02,3.397782,-1.22352286e-01,2.67373662e-03
0.732500,5.84055401e-02,5.09055401e-02,3.393703,-1.22366835e-01,2.68030900e-03
0.733000,5.83443444e-02,5.08443444e-02,3.389623,-1.22391511e-01,2.67832107e-03
0.733500,5.82831367e-02,5.07831367e-02,3.385542,-1.22415283e-01,2.73657149e-03
0.734000,5.82219196e-02,5.07219196e-02,3.381461,-1.22434230e-01,2.77613008e-03
0.734500,5.81606996e-02,5.06606996e-02,3.377380,-1.22440115e-01,2.80638735e-03
0.735000,5.80994812e-02,5.05994812e-02,3.373299,-1.22436829e-01,2.84840507e-03
0.735500,5.80382687e-02,5.05382687e-02,3.369218,-1.22424859e-01,2.77707025e-03
0.736000,5.79770626e-02,5.04770626e-02,3.365138,-1.22412297e-01,2.72827565e-03
0.736500,5.79158547e-02,5.04158547e-02,3.361057,-1.22415763e-01,2.70543205e-03
0.737000,5.78546401e-02,5.03546401e-02,3.356976,-1.22429262e-01,2.71246524e-03
0.737500,5.77934171e-02,5.02934171e-02,3.352894,-1.22445889e-01,2.70599602e-03
0.738000,5.77321862e-02,5.02321862e-02,3.348812,-1.22461934e-01,2.73911848e-03
0.738500,5.76709481e-02,5.01709481e-02,3.344730,-1.22476112e-01,2.73780614e-03
0.739000,5.76097056e-02,5.01097056e-02,3.340647,-1.22484967e-01,2.77280253e-03
0.739500,5.75484601e-02,5.00484601e-02,3.336564,-1.22490944e-01,2.84101178e-03
0.740000,5.74872176e-02,4.99872176e-02,3.332481,-1.22485143e-01,2.80519213e-03
0.740500,5.74259819e-02,4.99259819e-02,3.328399,-1.22471308e-01,2.74563425e-03
0.741000,5.73647476e-02,4.98647476e-02,3.324317,-1.22468622e-01,2.68949659e-03
0.741500,5.73035073e-02,4.98035073e-02,3.320234,-1.22480678e-01,2.68302929e-03
0.742000,5.72422560e-02,4.97422560e-02,3.316150,-1.22502525e-01,2.69065997e-03
0.742500,5.71809936e-02,4.96809936e-02,3.312066,-1.22524760e-01,2.72323583e-03
0.743000,5.71197222e-02,4.96197222e-02,3.307981,-1.22542860e-01,2.74883238e-03
0.743500,5.70584455e-02,4.95584455e-02,3.303896,-1.22553349e-01,2.81906015e-03
0.744000,5.69971688e-02,4.94971688e-02,3.299811,-1.22553425e-01,2.86549853e-03
0.744500,5.69358999e-02,4.94358999e-02,3.295727,-1.22537863e-01,2.76108391e-03
0.745000,5.68746379e-02,4.93746379e-02,3.291643,-1.22523907e-01,2.74322067e-03
0.745500,5.68133736e-02,4.93133736e-02,3.287558,-1.22528677e-01,2.70543094e-03
0.746000,5.67521037e-02,4.92521037e-02,3.283474,-1.22539721e-01,2.67969662e-03
0.746500,5.66908241e-02,4.91908241e-02,3.279388,-1.22559246e-01,2.69826116e-03
0.747000,5.66295334e-02,4.91295334e-02,3.275302,-1.22581356e-01,2.74634686e-03
0.747500,5.65682353e-02,4.90682353e-02,3.271216,-1.22596165e-01,2.73697019e-03
0.748000,5.65069334e-02,4.90069334e-02,3.267129,-1.22603907e-01,2.79590382e-03
0.748500,5.64456294e-02,4.89456294e-02,3.263042,-1.22607978e-01,2.85905062e-03
0.749000,5.63843310e-02,4.88843310e-02,3.258955,-1.22596789e-01,2.79449563e-03
0.749500,5.63230405e-02,4.88230405e-02,3.254869,-1.22580938e-01,2.77575987e-03
0.750000,5.62617519e-02,4.87617519e-02,3.250783,-1.22577344e-01,2.68437706e-03
0.750500,5.62004594e-02,4.87004594e-02,3.246697,-1.22584907e-01,2.62618859e-03
0.751000,5.61391531e-02,4.86391531e-02,3.242610,-1.22612620e-01,2.69315912e-03
0.751500,5.60778311e-02,4.85778311e-02,3.238522,-1.22643967e-01,2.74676742e-03
0.752000,5.60165013e-02,4.85165013e-02,3.234433,-1.22659577e-01,2.75761385e-03
0.752500,5.59551686e-02,4.84551686e-02,3.230345,-1.22665425e-01,2.80194667e-03
0.753000,5.58938358e-02,4.83938358e-02,3.226256,-1.22665572e-01,2.86969275e-03
0.753500,5.58325096e-02,4.83325096e-02,3.222167,-1.22652449e-01,2.78140026e-03
0.754000,5.57711916e-02,4.82711916e-02,3.218079,-1.22636008e-01,2.78586730e-03
0.754500,5.57098748e-02,4.82098748e-02,3.213992,-1.22633671e-01,2.71281068e-03
0.755000,5.56485562e-02,4.81485562e-02,3.209904,-1.22637060e-01,2.62941299e-03
0.755500,5.55872263e-02,4.80872263e-02,3.205815,-1.22659819e-01,2.69620800e-03
0.756000,5.55258811e-02,4.80258811e-02,3.201725,-1.22690367e-01,2.76079888e-03
0.756500,5.54645290e-02,4.79645290e-02,3.197635,-1.22704236e-01,2.73620889e-03
0.757000,5.54031742e-02,4.79031742e-02,3.193545,-1.22709672e-01,2.78763689e-03
0.757500,5.53418169e-02,4.78418169e-02,3.189454,-1.22714599e-01,2.87051146e-03
0.758000,5.52804650e-02,4.77804650e-02,3.185364,-1.22703754e-01,2.80420867e-03
0.758500,5.52191224e-02,4.77191224e-02,3.181275,-1.22685162e-01,2.78641581e-03
0.759000,5.51577829e-02,4.76577829e-02,3.177186,-1.22679031e-01,2.69996186e-03
0.759500,5.50964412e-02,4.75964412e-02,3.173096,-1.22683466e-01,2.62108013e-03
0.760000,5.50350867e-02,4.75350867e-02,3.169006,-1.22709072e-01,2.69776649e-03
0.760500,5.49737162e-02,4.74737162e-02,3.164914,-1.22740851e-01,2.74357163e-03
0.761000,5.49123382e-02,4.74123382e-02,3.160823,-1.22755986e-01,2.72456933e-03
0.761500,5.48509556e-02,4.73509556e-02,3.156730,-1.22765281e-01,2.80275684e-03
0.762000,5.47895702e-02,4.72895702e-02,3.152638,-1.22770782e-01,2.85742287e-03
0.762500,5.47281909e-02,4.72281909e-02,3.148546,-1.22758611e-01,2.79432015e-03
0.763000,5.46668194e-02,4.71668194e-02,3.144455,-1.22743043e-01,2.79829664e-03
0.763500,5.46054506e-02,4.71054506e-02,3.140363,-1.22737486e-01,2.72014121e-03
0.764000,5.45440815e-02,4.70440815e-02,3.136272,-1.22738185e-01,2.64628474e-03
0.764500,5.44827024e-02,4.69827024e-02,3.132180,-1.22758249e-01,2.70158924e-03
0.765000,5.44213096e-02,4.69213096e-02,3.128087,-1.22785551e-01,2.74117202e-03
0.765500,5.43599095e-02,4.68599095e-02,3.123994,-1.22800271e-01,2.76132078e-03
0.766000,5.42985061e-02,4.67985061e-02,3.119900,-1.22806710e-01,2.78948062e-03
0.766500,5.42371025e-02,4.67371025e-02,3.115807,-1.22807351e-01,2.82080397e-03
0.767000,5.41757022e-02,4.66757022e-02,3.111713,-1.22800597e-01,2.81184557e-03
0.767500,5.41143074e-02,4.66143074e-02,3.107620,-1.22789493e-01,2.81888169e-03
0.768000,5.40529178e-02,4.65529178e-02,3.103528,-1.22779237e-01,2.70570459e-03
0.768500,5.39915289e-02,4.64915289e-02,3.099435,-1.22777833e-01,2.62683906e-03
0.769000,5.39301279e-02,4.64301279e-02,3.095342,-1.22801987e-01,2.69408006e-03
0.769500,5.38687113e-02,4.63687113e-02,3.091247,-1.22833146e-01,2.74457008e-03
0.770000,5.38072869e-02,4.63072869e-02,3.087152,-1.22848799e-01,2.73545192e-03
0.770500,5.37458584e-02,4.62458584e-02,3.083057,-1.22856967e-01,2.79600689e-03
0.771000,5.36844278e-02,4.61844278e-02,3.078962,-1.22861278e-01,2.85026731e-03
0.771500,5.36230024e-02,4.61230024e-02,3.074867,-1.22850848e-01,2.80927887e-03
0.772000,5.35615848e-02,4.60615848e-02,3.070772,-1.22835133e-01,2.78525582e-03
0.772500,5.35001707e-02,4.60001707e-02,3.066678,-1.22828272e-01,2.72455767e-03
0.773000,5.34387553e-02,4.59387553e-02,3.062584,-1.22830722e-01,2.65893917e-03
0.773500,5.33773308e-02,4.58773308e-02,3.058489,-1.22848942e-01,2.71034888e-03
0.774000,5.33158941e-02,4.58158941e-02,3.054393,-1.22873391e-01,2.74360712e-03
0.774500,5.32544509e-02,4.57544509e-02,3.050297,-1.22886458e-01,2.75720160e-03
0.775000,5.31930045e-02,4.56930045e-02,3.046200,-1.22892861e-01,2.78351789e-03
0.775500,5.31315571e-02,4.56315571e-02,3.042104,-1.22894705e-01,2.81826186e-03
0.776000,5.30701126e-02,4.55701126e-02,3.038008,-1.22889156e-01,2.81432343e-03
0.776500,5.30086734e-02,4.55086734e-02,3.033912,-1.22878250e-01,2.80603709e-03
0.777000,5.29472391e-02,4.54472391e-02,3.029816,-1.22868723e-01,2.70483400e-03
0.777500,5.28858043e-02,4.53858043e-02,3.025720,-1.22869505e-01,2.64567058e-03
0.778000,5.28243583e-02,4.53243583e-02,3.021624,-1.22892137e-01,2.71001616e-03
0.778500,5.27628989e-02,4.52628989e-02,3.017527,-1.22918794e-01,2.73711269e-03
0.779000,5.27014326e-02,4.52014326e-02,3.013429,-1.22932489e-01,2.72697075e-03
0.779500,5.26399613e-02,4.51399613e-02,3.009331,-1.22942632e-01,2.79527953e-03
0.780000,5.25784871e-02,4.50784871e-02,3.005232,-1.22948400e-01,2.84932697e-03
0.780500,5.25170180e-02,4.50170180e-02,3.001135,-1.22938173e-01,2.80585337e-03
0.781000,5.24555566e-02,4.49555566e-02,2.997037,-1.22922915e-01,2.76480345e-03
0.781500,5.23940973e-02,4.48940973e-02,2.992940,-1.22918425e-01,2.73226832e-03
0.782000,5.23326356e-02,4.48326356e-02,2.988842,-1.22923552e-01,2.67591288e-03
0.782500,5.22711661e-02,4.47711661e-02,2.984744,-1.22939005e-01,2.70906678e-03
0.783000,5.22096857e-02,4.47096857e-02,2.980646,-1.22960780e-01,2.72259972e-03
0.783500,5.21481977e-02,4.46481977e-02,2.976547,-1.22975915e-01,2.75614092e-03
0.784000,5.20867048e-02,4.45867048e-02,2.972447,-1.22985861e-01,2.77394949e-03
0.784500,5.20252104e-02,4.45252104e-02,2.968347,-1.22988726e-01,2.82147552e-03
0.785000,5.19637182e-02,4.44637182e-02,2.964248,-1.22984463e-01,2.81336420e-03
0.785500,5.19022316e-02,4.44022316e-02,2.960149,-1.22973114e-01,2.81175784e-03
0.786000,5.18407500e-02,4.43407500e-02,2.956050,-1.22963239e-01,2.71509005e-03
0.786500,5.17792689e-02,4.42792689e-02,2.951951,-1.22962175e-01,2.65671340e-03
0.787000,5.17177779e-02,4.42177779e-02,2.947852,-1.22982146e-01,2.70624832e-03
0.787500,5.16562742e-02,4.41562742e-02,2.943752,-1.23007323e-01,2.71896850e-03
0.788000,5.15947626e-02,4.40947626e-02,2.939651,-1.23023242e-01,2.73265935e-03
0.788500,5.15332446e-02,4.40332446e-02,2.935550,-1.23035861e-01,2.79310712e-03
0.789000,5.14717242e-02,4.39717242e-02,2.931448,-1.23040887e-01,2.82908080e-03
0.789500,5.14102078e-02,4.39102078e-02,2.927347,-1.23032807e-01,2.82432020e-03
0.790000,5.13486982e-02,4.38486982e-02,2.923247,-1.23019240e-01,2.77435494e-03
0.790500,5.12871927e-02,4.37871927e-02,2.919146,-1.23010873e-01,2.72191124e-03
0.791000,5.12256851e-02,4.37256851e-02,2.915046,-1.23015348e-01,2.68226781e-03
0.791500,5.11641691e-02,4.36641691e-02,2.910945,-1.23031939e-01,2.72410546e-03
0.792000,5.11026434e-02,4.36026434e-02,2.906843,-1.23051341e-01,2.72904928e-03
0.792500,5.10411117e-02,4.35411117e-02,2.902741,-1.23063436e-01,2.75562193e-03
0.793000,5.09795755e-02,4.34795755e-02,2.898638,-1.23072370e-01,2.76449125e-03
0.793500,5.09180374e-02,4.34180374e-02,2.894536,-1.23076156e-01,2.80173492e-03
0.794000,5.08564998e-02,4.33564998e-02,2.890433,-1.23075192e-01,2.80455185e-03
0.794500,5.07949659e-02,4.32949659e-02,2.886331,-1.23067864e-01,2.81282811e-03
0.795000,5.07334362e-02,4.32334362e-02,2.882229,-1.23059341e-01,2.73111770e-03
0.795500,5.06719079e-02,4.31719079e-02,2.878127,-1.23056684e-01,2.66861389e-03
0.796000,5.06103714e-02,4.31103714e-02,2.874025,-1.23072971e-01,2.72279803e-03
0.796500,5.05488240e-02,4.30488240e-02,2.869922,-1.23094731e-01,2.70928002e-03
0.797000,5.04872697e-02,4.29872697e-02,2.865818,-1.23108788e-01,2.73259054e-03
0.797500,5.04257082e-02,4.29257082e-02,2.861714,-1.23123004e-01,2.78782764e-03
0.798000,5.03641439e-02,4.28641439e-02,2.857610,-1.23128509e-01,2.82685730e-03
0.798500,5.03025832e-02,4.28025832e-02,2.853506,-1.23121492e-01,2.80828222e-03
0.799000,5.02410283e-02,4.27410283e-02,2.849402,-1.23109708e-01,2.78879244e-03
0.799500,5.01794769e-02,4.26794769e-02,2.845298,-1.23102698e-01,2.73926266e-03
0.800000,5.01179253e-02,4.26179253e-02,2.841195,-1.23103268e-01,2.67849960e-03
0.800500,5.00563666e-02,4.25563666e-02,2.837091,-1.23117344e-01,2.73024123e-03
0.801000,4.99947982e-02,4.24947982e-02,2.832987,-1.23136822e-01,2.73813644e-03
0.801500,4.99332247e-02,4.24332247e-02,2.828882,-1.23147106e-01,2.75317322e-03
0.802000,4.98716473e-02,4.23716473e-02,2.824776,-1.23154764e-01,2.76874304e-03
0.802500,4.98100680e-02,4.23100680e-02,2.820671,-1.23158576e-01,2.80756414e-03
0.803000,4.97484898e-02,4.22484898e-02,2.816566,-1.23156398e-01,2.79192284e-03
0.803500,4.96869152e-02,4.21869152e-02,2.812461,-1.23149229e-01,2.80330416e-03
0.804000,4.96253434e-02,4.21253434e-02,2.808356,-1.23143623e-01,2.73763034e-03
0.804500,4.95637724e-02,4.20637724e-02,2.804251,-1.23141954e-01,2.67966109e-03
0.805000,4.95021943e-02,4.20021943e-02,2.800146,-1.23156194e-01,2.73257277e-03
0.805500,4.94406067e-02,4.19406067e-02,2.796040,-1.23175276e-01,2.71464346e-03
0.806000,4.93790130e-02,4.18790130e-02,2.791934,-1.23187254e-01,2.72991323e-03
0.806500,4.93174126e-02,4.18174126e-02,2.787828,-1.23200826e-01,2.77690504e-03
0.807000,4.92558088e-02,4.17558088e-02,2.783721,-1.23207736e-01,2.81996450e-03
0.807500,4.91942072e-02,4.16942072e-02,2.779614,-1.23203122e-01,2.81774882e-03
0.808000,4.91326114e-02,4.16326114e-02,2.775507,-1.23191634e-01,2.78226344e-03
0.808500,4.90710196e-02,4.15710196e-02,2.771401,-1.23183646e-01,2.74225829e-03
0.809000,4.90094271e-02,4.15094271e-02,2.767295,-1.23185023e-01,2.68667696e-03
0.809500,4.89478281e-02,4.14478281e-02,2.763189,-1.23197884e-01,2.72506477e-03
0.810000,4.88862199e-02,4.13862199e-02,2.759081,-1.23216477e-01,2.72909432e-03
0.810500,4.88246057e-02,4.13246057e-02,2.754974,-1.23228410e-01,2.75999530e-03
0.811000,4.87629872e-02,4.12629872e-02,2.750866,-1.23236950e-01,2.76338546e-03
0.811500,4.87013671e-02,4.12013671e-02,2.746758,-1.23240115e-01,2.79358570e-03
0.812000,4.86397471e-02,4.11397471e-02,2.742650,-1.23240054e-01,2.79462379e-03
0.812500,4.85781296e-02,4.10781296e-02,2.738542,-1.23234941e-01,2.81802327e-03
0.813000,4.85165158e-02,4.10165158e-02,2.734434,-1.23227590e-01,2.73833118e-03
0.813500,4.84549041e-02,4.09549041e-02,2.730327,-1.23223442e-01,2.68594420e-03
0.814000,4.83932856e-02,4.08932856e-02,2.726219,-1.23237012e-01,2.69932302e-03
0.814500,4.83316566e-02,4.08316566e-02,2.722110,-1.23258002e-01,2.72359617e-03
0.815000,4.82700193e-02,4.07700193e-02,2.718001,-1.23274648e-01,2.74905070e-03
0.815500,4.82083768e-02,4.07083768e-02,2.713892,-1.23285058e-01,2.78269392e-03
0.816000,4.81467326e-02,4.06467326e-02,2.709782,-1.23288313e-01,2.81275228e-03
0.816500,4.80850909e-02,4.05850909e-02,2.705673,-1.23283387e-01,2.81300295e-03
0.817000,4.80234542e-02,4.05234542e-02,2.701564,-1.23273502e-01,2.78613695e-03
0.817500,4.79618212e-02,4.04618212e-02,2.697455,-1.23265951e-01,2.75876390e-03
0.818000,4.79001886e-02,4.04001886e-02,2.693346,-1.23265233e-01,2.69345767e-03
0.818500,4.78385512e-02,4.03385512e-02,2.689237,-1.23274784e-01,2.71492463e-03
0.819000,4.77769046e-02,4.02769046e-02,2.685127,-1.23293160e-01,2.72212793e-03
0.819500,4.77152509e-02,4.02152509e-02,2.681017,-1.23307374e-01,2.76445360e-03
0.820000,4.76535926e-02,4.01535926e-02,2.676906,-1.23316663e-01,2.77519237e-03
0.820500,4.75919335e-02,4.00919335e-02,2.672796,-1.23318053e-01,2.79784726e-03
0.821000,4.75302757e-02,4.00302757e-02,2.668685,-1.23315676e-01,2.78307413e-03
0.821500,4.74686203e-02,3.99686203e-02,2.664575,-1.23310885e-01,2.81496208e-03
0.822000,4.74069674e-02,3.99069674e-02,2.660464,-1.23305700e-01,2.75305164e-03
0.822500,4.73453170e-02,3.98453170e-02,2.656354,-1.23300754e-01,2.69369193e-03
0.823000,4.72836614e-02,3.97836614e-02,2.652244,-1.23311221e-01,2.69671218e-03
0.823500,4.72219958e-02,3.97219958e-02,2.648133,-1.23331170e-01,2.69937532e-03
0.824000,4.71603207e-02,3.96603207e-02,2.644021,-1.23350387e-01,2.74989010e-03
0.824500,4.70986383e-02,3.95986383e-02,2.639909,-1.23364699e-01,2.79174883e-03
0.825000,4.70369548e-02,3.95369548e-02,2.635797,-1.23367016e-01,2.82214148e-03
0.825500,4.69752749e-02,3.94752749e-02,2.631685,-1.23359773e-01,2.81278600e-03
0.826000,4.69136007e-02,3.94136007e-02,2.627573,-1.23348365e-01,2.78557471e-03
0.826500,4.68519303e-02,3.93519303e-02,2.623462,-1.23340900e-01,2.76572911e-03
0.827000,4.67902604e-02,3.92902604e-02,2.619351,-1.23339658e-01,2.69982241e-03
0.827500,4.67285867e-02,3.92285867e-02,2.615239,-1.23347502e-01,2.70934537e-03
0.828000,4.66669040e-02,3.91669040e-02,2.611127,-1.23365327e-01,2.71729691e-03
0.828500,4.66052136e-02,3.91052136e-02,2.607014,-1.23380885e-01,2.76167392e-03
0.829000,4.65435180e-02,3.90435180e-02,2.602901,-1.23391213e-01,2.76930008e-03
0.829500,4.64818212e-02,3.89818212e-02,2.598788,-1.23393580e-01,2.79841738e-03
0.830000,4.64201251e-02,3.89201251e-02,2.594675,-1.23392120e-01,2.79242812e-03
0.830500,4.63584319e-02,3.88584319e-02,2.590562,-1.23386408e-01,2.82150375e-03
0.831000,4.62967424e-02,3.87967424e-02,2.586449,-1.23379109e-01,2.75535386e-03
0.831500,4.62350559e-02,3.87350559e-02,2.582337,-1.23372885e-01,2.69627800e-03
0.832000,4.61733646e-02,3.86733646e-02,2.578224,-1.23382746e-01,2.69575317e-03
0.832500,4.61116634e-02,3.86116634e-02,2.574111,-1.23402354e-01,2.69978658e-03
0.833000,4.60499525e-02,3.85499525e-02,2.569997,-1.23421692e-01,2.75037978e-03
0.833500,4.59882346e-02,3.84882346e-02,2.565882,-1.23435894e-01,2.78690720e-03
0.834000,4.59265153e-02,3.84265153e-02,2.561768,-1.23438559e-01,2.81637122e-03
0.834500,4.58647990e-02,3.83647990e-02,2.557653,-1.23432620e-01,2.82009464e-03
0.835000,4.58030882e-02,3.83030882e-02,2.553539,-1.23421514e-01,2.79257422e-03
0.835500,4.57413821e-02,3.82413821e-02,2.549425,-1.23412230e-01,2.76799899e-03
0.836000,4.56796773e-02,3.81796773e-02,2.545312,-1.23409638e-01,2.70167624e-03
0.836500,4.56179688e-02,3.81179688e-02,2.541198,-1.23416945e-01,2.70922641e-03
0.837000,4.55562516e-02,3.80562516e-02,2.537083,-1.23434476e-01,2.71810459e-03
0.837500,4.54945266e-02,3.79945266e-02,2.532968,-1.23449982e-01,2.76309287e-03
0.838000,4.54327966e-02,3.79327966e-02,2.528853,-1.23460052e-01,2.76835459e-03
0.838500,4.53710654e-02,3.78710654e-02,2.524738,-1.23462270e-01,2.79302800e-03
0.839000,4.53093347e-02,3.78093347e-02,2.520622,-1.23461441e-01,2.79651076e-03
0.839500,4.52476066e-02,3.77476066e-02,2.516507,-1.23456254e-01,2.82626580e-03
0.840000,4.51858827e-02,3.76858827e-02,2.512392,-1.23447863e-01,2.75773880e-03
0.840500,4.51241623e-02,3.76241623e-02,2.508277,-1.23440646e-01,2.69658972e-03
0.841000,4.50624373e-02,3.75624373e-02,2.504162,-1.23450088e-01,2.69595351e-03
0.841500,4.50007025e-02,3.75007025e-02,2.500047,-1.23469627e-01,2.70080724e-03
0.842000,4.49389581e-02,3.74389581e-02,2.495931,-1.23488842e-01,2.75173202e-03
0.842500,4.48772067e-02,3.73772067e-02,2.491814,-1.23502757e-01,2.78825823e-03
0.843000,4.48154541e-02,3.73154541e-02,2.487697,-1.23505080e-01,2.81737560e-03
0.843500,4.47537047e-02,3.72537047e-02,2.483580,-1.23498831e-01,2.82077200e-03
0.844000,4.46919610e-02,3.71919610e-02,2.479464,-1.23487500e-01,2.79318427e-03
0.844500,4.46302220e-02,3.71302220e-02,2.475348,-1.23478051e-01,2.76891117e-03
0.845000,4.45684843e-02,3.70684843e-02,2.471232,-1.23475278e-01,2.70270283e-03
0.845500,4.45067431e-02,3.70067431e-02,2.467116,-1.23482345e-01,2.70990726e-03
0.846000,4.44449933e-02,3.69449933e-02,2.463000,-1.23499647e-01,2.71932918e-03
0.846500,4.43832359e-02,3.68832359e-02,2.458882,-1.23514932e-01,2.76419207e-03
0.847000,4.43214735e-02,3.68214735e-02,2.454765,-1.23524704e-01,2.77165056e-03
0.847500,4.42597103e-02,3.67597103e-02,2.450647,-1.23526450e-01,2.80032025e-03
0.848000,4.41979481e-02,3.66979481e-02,2.446530,-1.23524436e-01,2.79433141e-03
0.848500,4.41361889e-02,3.66361889e-02,2.442413,-1.23518243e-01,2.82326558e-03
0.849000,4.40744337e-02,3.65744337e-02,2.438296,-1.23510476e-01,2.75727350e-03
0.849500,4.40126818e-02,3.65126818e-02,2.434179,-1.23503793e-01,2.69835644e-03
0.850000,4.39509252e-02,3.64509252e-02,2.430062,-1.23513155e-01,2.69773124e-03
0.850500,4.38891591e-02,3.63891591e-02,2.425944,-1.23532247e-01,2.70215393e-03
0.851000,4.38273836e-02,3.63273836e-02,2.421826,-1.23551051e-01,2.75217894e-03
0.851500,4.37656012e-02,3.62656012e-02,2.417707,-1.23564705e-01,2.79117716e-03
0.852000,4.37038179e-02,3.62038179e-02,2.413588,-1.23566697e-01,2.82178070e-03
0.852500,4.36420381e-02,3.61420381e-02,2.409469,-1.23559579e-01,2.81953663e-03
0.853000,4.35802643e-02,3.60802643e-02,2.405351,-1.23547634e-01,2.79159901e-03
0.853500,4.35184950e-02,3.60184950e-02,2.401233,-1.23538527e-01,2.76687230e-03
0.854000,4.34567269e-02,3.59567269e-02,2.397115,-1.23536195e-01,2.70170520e-03
0.854500,4.33949551e-02,3.58949551e-02,2.392997,-1.23543685e-01,2.71263474e-03
0.855000,4.33331746e-02,3.58331746e-02,2.388878,-1.23560909e-01,2.72126838e-03
0.855500,4.32713868e-02,3.57713868e-02,2.384759,-1.23575576e-01,2.77109491e-03
0.856000,4.32095946e-02,3.57095946e-02,2.380640,-1.23584419e-01,2.77569712e-03
0.856500,4.31478023e-02,3.56478023e-02,2.376520,-1.23584673e-01,2.80362782e-03
0.857000,4.30860114e-02,3.55860114e-02,2.372401,-1.23581702e-01,2.78996987e-03
0.857500,4.30242238e-02,3.55242238e-02,2.368282,-1.23575352e-01,2.82055929e-03
0.858000,4.29624395e-02,3.54624395e-02,2.364163,-1.23568540e-01,2.75654855e-03
0.858500,4.29006583e-02,3.54006583e-02,2.360044,-1.23562365e-01,2.69679111e-03
0.859000,4.28388723e-02,3.53388723e-02,2.355925,-1.23571985e-01,2.70219334e-03
0.859500,4.27770768e-02,3.52770768e-02,2.351805,-1.23590940e-01,2.70404500e-03
0.860000,4.27152724e-02,3.52152724e-02,2.347685,-1.23608844e-01,2.75451826e-03
0.860500,4.26534614e-02,3.51534614e-02,2.343564,-1.23621981e-01,2.79827782e-03
0.861000,4.25916499e-02,3.50916499e-02,2.339443,-1.23622960e-01,2.82445935e-03
0.861500,4.25298427e-02,3.50298427e-02,2.335323,-1.23614439e-01,2.81463728e-03
0.862000,4.24680415e-02,3.49680415e-02,2.331203,-1.23602488e-01,2.78869170e-03
0.862500,4.24062443e-02,3.49062443e-02,2.327083,-1.23594443e-01,2.76474384e-03
0.863000,4.23444479e-02,3.48444479e-02,2.322963,-1.23592776e-01,2.70054363e-03
0.863500,4.22826475e-02,3.47826475e-02,2.318843,-1.23600718e-01,2.72068713e-03
0.864000,4.22208388e-02,3.47208388e-02,2.314723,-1.23617422e-01,2.73234551e-03
0.864500,4.21590239e-02,3.46590239e-02,2.310602,-1.23629786e-01,2.76772461e-03
0.865000,4.20972054e-02,3.45972054e-02,2.306480,-1.23637109e-01,2.77628893e-03
0.865500,4.20353864e-02,3.45353864e-02,2.302359,-1.23637864e-01,2.80029648e-03
0.866000,4.19735689e-02,3.44735689e-02,2.298238,-1.23635090e-01,2.79886699e-03
0.866500,4.19117546e-02,3.44117546e-02,2.294117,-1.23628501e-01,2.81927613e-03
0.867000,4.18499445e-02,3.43499445e-02,2.289996,-1.23620341e-01,2.74962213e-03
0.867500,4.17881370e-02,3.42881370e-02,2.285876,-1.23614989e-01,2.69254863e-03
0.868000,4.17263239e-02,3.42263239e-02,2.281755,-1.23626122e-01,2.70374212e-03
0.868500,4.16645011e-02,3.41645011e-02,2.277633,-1.23645636e-01,2.72792284e-03
0.869000,4.16026705e-02,3.41026705e-02,2.273511,-1.23661174e-01,2.75444277e-03
0.869500,4.15408353e-02,3.40408353e-02,2.269389,-1.23670397e-01,2.78313768e-03
0.870000,4.14789989e-02,3.39789989e-02,2.265267,-1.23672728e-01,2.81875250e-03
0.870500,4.14171653e-02,3.39171653e-02,2.261144,-1.23667198e-01,2.82437917e-03
0.871000,4.13553377e-02,3.38553377e-02,2.257023,-1.23655322e-01,2.79428530e-03
0.871500,4.12935151e-02,3.37935151e-02,2.252901,-1.23645183e-01,2.75706677e-03
0.872000,4.12316934e-02,3.37316934e-02,2.248780,-1.23643276e-01,2.69291876e-03
0.872500,4.11698669e-02,3.36698669e-02,2.244658,-1.23653153e-01,2.72888716e-03
0.873000,4.11080317e-02,3.36080317e-02,2.240535,-1.23670384e-01,2.73422284e-03
0.873500,4.10461911e-02,3.35461911e-02,2.236413,-1.23681236e-01,2.76695048e-03
0.874000,4.09843469e-02,3.34843469e-02,2.232290,-1.23688318e-01,2.77709067e-03
0.874500,4.09225023e-02,3.34225023e-02,2.228167,-1.23689130e-01,2.81391219e-03
0.875000,4.08606598e-02,3.33606598e-02,2.224044,-1.23685020e-01,2.80369043e-03
0.875500,4.07988219e-02,3.32988219e-02,2.219921,-1.23675769e-01,2.81354785e-03
0.876000,4.07369883e-02,3.32369883e-02,2.215799,-1.23667324e-01,2.73867501e-03
0.876500,4.06751563e-02,3.31751563e-02,2.211677,-1.23663880e-01,2.68814103e-03
0.877000,4.06133177e-02,3.31133177e-02,2.207555,-1.23677200e-01,2.74277628e-03
0.877500,4.05514707e-02,3.30514707e-02,2.203431,-1.23693987e-01,2.72676459e-03
0.878000,4.04896191e-02,3.29896191e-02,2.199308,-1.23703218e-01,2.73629147e-03
0.878500,4.04277620e-02,3.29277620e-02,2.195184,-1.23714235e-01,2.79184807e-03
0.879000,4.03659026e-02,3.28659026e-02,2.191060,-1.23718777e-01,2.83612308e-03
0.879500,4.03040475e-02,3.28040475e-02,2.186937,-1.23710280e-01,2.81736274e-03
0.880000,4.02421994e-02,3.27421994e-02,2.182813,-1.23696172e-01,2.78218129e-03
0.880500,4.01803553e-02,3.26803553e-02,2.178690,-1.23688256e-01,2.75053600e-03
0.881000,4.01185108e-02,3.26185108e-02,2.174567,-1.23688914e-01,2.69283035e-03
0.881500,4.00566609e-02,3.25566609e-02,2.170444,-1.23699871e-01,2.74074345e-03
0.882000,3.99948028e-02,3.24948028e-02,2.166320,-1.23716068e-01,2.74390854e-03
0.882500,3.99329408e-02,3.24329408e-02,2.162196,-1.23724117e-01,2.75804889e-03
0.883000,3.98710756e-02,3.23710756e-02,2.158072,-1.23730396e-01,2.77582901e-03
0.883500,3.98092092e-02,3.23092092e-02,2.153947,-1.23732781e-01,2.81502284e-03
0.884000,3.97473448e-02,3.22473448e-02,2.149823,-1.23728780e-01,2.79989251e-03
0.884500,3.96854850e-02,3.21854850e-02,2.145699,-1.23719682e-01,2.82264057e-03
0.885000,3.96236294e-02,3.21236294e-02,2.141575,-1.23711057e-01,2.73610045e-03
0.885500,3.95617763e-02,3.20617763e-02,2.137452,-1.23706348e-01,2.68499294e-03
0.886000,3.94999161e-02,3.19999161e-02,2.133328,-1.23720369e-01,2.73544438e-03
0.886500,3.94380469e-02,3.19380469e-02,2.129203,-1.23738321e-01,2.71703079e-03
0.887000,3.93761721e-02,3.18761721e-02,2.125078,-1.23749616e-01,2.73898141e-03
0.887500,3.93142911e-02,3.18142911e-02,2.120953,-1.23761995e-01,2.79632356e-03
0.888000,3.92524083e-02,3.17524083e-02,2.116827,-1.23765698e-01,2.83356425e-03
0.888500,3.91905299e-02,3.16905299e-02,2.112702,-1.23756693e-01,2.81723684e-03
0.889000,3.91286584e-02,3.16286584e-02,2.108577,-1.23743017e-01,2.79794493e-03
0.889500,3.90667916e-02,3.15667916e-02,2.104453,-1.23733727e-01,2.74800118e-03
0.890000,3.90049255e-02,3.15049255e-02,2.100328,-1.23732021e-01,2.68649054e-03
0.890500,3.89430536e-02,3.14430536e-02,2.096204,-1.23743955e-01,2.73342819e-03
0.891000,3.88811726e-02,3.13811726e-02,2.092078,-1.23761839e-01,2.73603932e-03
0.891500,3.88192867e-02,3.13192867e-02,2.087952,-1.23771785e-01,2.76434050e-03
0.892000,3.87573973e-02,3.12573973e-02,2.083826,-1.23778800e-01,2.77764467e-03
0.892500,3.86955074e-02,3.11955074e-02,2.079700,-1.23779991e-01,2.81337769e-03
0.893000,3.86336194e-02,3.11336194e-02,2.075575,-1.23775838e-01,2.83575014e-03
0.893500,3.85717375e-02,3.10717375e-02,2.071449,-1.23763840e-01,2.81737626e-03
0.894000,3.85098626e-02,3.10098626e-02,2.067324,-1.23749792e-01,2.72945557e-03
0.894500,3.84479894e-02,3.09479894e-02,2.063199,-1.23746535e-01,2.67692689e-03
0.895000,3.83861082e-02,3.08861082e-02,2.059074,-1.23762360e-01,2.72227550e-03
0.895500,3.83242168e-02,3.08242168e-02,2.054948,-1.23782801e-01,2.73120152e-03
0.896000,3.82623193e-02,3.07623193e-02,2.050821,-1.23795006e-01,2.74560362e-03
0.896500,3.82004170e-02,3.07004170e-02,2.046694,-1.23804472e-01,2.80140802e-03
0.897000,3.81385137e-02,3.06385137e-02,2.042568,-1.23806638e-01,2.83925186e-03
0.897500,3.80766156e-02,3.05766156e-02,2.038441,-1.23796296e-01,2.83626523e-03
0.898000,3.80147256e-02,3.05147256e-02,2.034315,-1.23780003e-01,2.78498587e-03
0.898500,3.79528412e-02,3.04528412e-02,2.030189,-1.23768734e-01,2.73457265e-03
0.899000,3.78909560e-02,3.03909560e-02,2.026064,-1.23770344e-01,2.68970643e-03
0.899500,3.78290639e-02,3.03290639e-02,2.021938,-1.23784198e-01,2.72715590e-03
0.900000,3.77671629e-02,3.02671629e-02,2.017811,-1.23802109e-01,2.74013921e-03
0.900500,3.77052565e-02,3.02052565e-02,2.013684,-1.23812723e-01,2.76805446e-03
0.901000,3.76433471e-02,3.01433471e-02,2.009556,-1.23818736e-01,2.78405302e-03
0.901500,3.75814378e-02,3.00814378e-02,2.005429,-1.23818750e-01,2.83910697e-03
0.902000,3.75195321e-02,3.00195321e-02,2.001302,-1.23811270e-01,2.82397930e-03
0.902500,3.74576341e-02,2.99576341e-02,1.997176,-1.23796087e-01,2.82041500e-03
0.903000,3.73957422e-02,2.98957422e-02,1.993049,-1.23783704e-01,2.72807018e-03
0.903500,3.73338522e-02,2.98338522e-02,1.988923,-1.23780070e-01,2.66632078e-03
0.904000,3.72719537e-02,2.97719537e-02,1.984797,-1.23797061e-01,2.71470513e-03
0.904500,3.72100437e-02,2.97100437e-02,1.980670,-1.23819912e-01,2.72706184e-03
0.905000,3.71481269e-02,2.96481269e-02,1.976542,-1.23833727e-01,2.74640566e-03
0.905500,3.70862050e-02,2.95862050e-02,1.972414,-1.23843801e-01,2.81494675e-03
0.906000,3.70242826e-02,2.95242826e-02,1.968286,-1.23844639e-01,2.85392692e-03
0.906500,3.69623672e-02,2.94623672e-02,1.964158,-1.23830776e-01,2.82389050e-03
0.907000,3.69004607e-02,2.94004607e-02,1.960031,-1.23813167e-01,2.78320680e-03
0.907500,3.68385586e-02,2.93385586e-02,1.955904,-1.23804088e-01,2.74710576e-03
0.908000,3.67766562e-02,2.92766562e-02,1.951777,-1.23804881e-01,2.68858691e-03
0.908500,3.67147478e-02,2.92147478e-02,1.947650,-1.23816777e-01,2.71823585e-03
0.909000,3.66528300e-02,2.91528300e-02,1.943522,-1.23835660e-01,2.74522097e-03
0.909500,3.65909063e-02,2.90909063e-02,1.939394,-1.23847289e-01,2.76744849e-03
0.910000,3.65289801e-02,2.90289801e-02,1.935265,-1.23852522e-01,2.80832524e-03
0.910500,3.64670548e-02,2.89670548e-02,1.931137,-1.23850490e-01,2.84095797e-03
0.911000,3.64051354e-02,2.89051354e-02,1.927009,-1.23838860e-01,2.82142426e-03
0.911500,3.63432236e-02,2.88432236e-02,1.922882,-1.23823599e-01,2.80849852e-03
0.912000,3.62813172e-02,2.87813172e-02,1.918754,-1.23812689e-01,2.72252103e-03
0.912500,3.62194115e-02,2.87194115e-02,1.914627,-1.23811503e-01,2.66479661e-03
0.913000,3.61574967e-02,2.86574967e-02,1.910500,-1.23829539e-01,2.72429737e-03
0.913500,3.60955708e-02,2.85955708e-02,1.906371,-1.23851793e-01,2.75225972e-03
0.914000,3.60336399e-02,2.85336399e-02,1.902243,-1.23861804e-01,2.74101457e-03
0.914500,3.59717058e-02,2.84717058e-02,1.898114,-1.23868218e-01,2.80271194e-03
0.915000,3.59097703e-02,2.84097703e-02,1.893985,-1.23871023e-01,2.86452459e-03
0.915500,3.58478412e-02,2.83478412e-02,1.889856,-1.23858231e-01,2.82615802e-03
0.916000,3.57859218e-02,2.82859218e-02,1.885728,-1.23838682e-01,2.80379192e-03
0.916500,3.57240081e-02,2.82240081e-02,1.881601,-1.23827410e-01,2.73501247e-03
0.917000,3.56620952e-02,2.81620952e-02,1.877473,-1.23825893e-01,2.67213883e-03
0.917500,3.56001746e-02,2.81001746e-02,1.873345,-1.23841229e-01,2.72227989e-03
0.918000,3.55382433e-02,2.80382433e-02,1.869216,-1.23862455e-01,2.75559760e-03
0.918500,3.54763071e-02,2.79763071e-02,1.865087,-1.23872503e-01,2.76825909e-03
0.919000,3.54143691e-02,2.79143691e-02,1.860958,-1.23875959e-01,2.79810775e-03
0.919500,3.53524318e-02,2.78524318e-02,1.856829,-1.23874698e-01,2.82950952e-03
0.920000,3.52904989e-02,2.77904989e-02,1.852700,-1.23865758e-01,2.83952600e-03
0.920500,3.52285735e-02,2.77285735e-02,1.848572,-1.23850777e-01,2.82381497e-03
0.921000,3.51666557e-02,2.76666557e-02,1.844444,-1.23835539e-01,2.71757657e-03
0.921500,3.51047396e-02,2.76047396e-02,1.840316,-1.23832276e-01,2.64216955e-03
0.922000,3.50428130e-02,2.75428130e-02,1.836188,-1.23853124e-01,2.70997038e-03
0.922500,3.49808728e-02,2.74808728e-02,1.832058,-1.23880361e-01,2.75863422e-03
0.923000,3.49189268e-02,2.74189268e-02,1.827928,-1.23892161e-01,2.74722125e-03
0.923500,3.48569783e-02,2.73569783e-02,1.823799,-1.23896979e-01,2.80838199e-03
0.924000,3.47950291e-02,2.72950291e-02,1.819669,-1.23898263e-01,2.86290587e-03
0.924500,3.47330868e-02,2.72330868e-02,1.815539,-1.23884684e-01,2.81999153e-03
0.925000,3.46711538e-02,2.71711538e-02,1.811410,-1.23865946e-01,2.82634731e-03
0.925500,3.46092270e-02,2.71092270e-02,1.807282,-1.23853692e-01,2.73396167e-03
0.926000,3.45473027e-02,2.70473027e-02,1.803154,-1.23848564e-01,2.65797471e-03
0.926500,3.44853700e-02,2.69853700e-02,1.799025,-1.23865325e-01,2.71287562e-03
0.927000,3.44234252e-02,2.69234252e-02,1.794895,-1.23889709e-01,2.75756451e-03
0.927500,3.43614746e-02,2.68614746e-02,1.790765,-1.23901126e-01,2.77700863e-03
0.928000,3.42995229e-02,2.67995229e-02,1.786635,-1.23903486e-01,2.80316886e-03
0.928500,3.42375727e-02,2.67375727e-02,1.782505,-1.23900341e-01,2.83502522e-03
0.929000,3.41756277e-02,2.66756277e-02,1.778375,-1.23890082e-01,2.82570496e-03
0.929500,3.41136900e-02,2.66136900e-02,1.774246,-1.23875417e-01,2.83095647e-03
0.930000,3.40517590e-02,2.65517590e-02,1.770117,-1.23861818e-01,2.71855661e-03
0.930500,3.39898304e-02,2.64898304e-02,1.765989,-1.23857295e-01,2.64017823e-03
0.931000,3.39278913e-02,2.64278913e-02,1.761859,-1.23878159e-01,2.71460837e-03
0.931500,3.38659387e-02,2.63659387e-02,1.757729,-1.23905312e-01,2.75395697e-03
0.932000,3.38039803e-02,2.63039803e-02,1.753599,-1.23916764e-01,2.75776400e-03
0.932500,3.37420196e-02,2.62420196e-02,1.749468,-1.23921418e-01,2.81761310e-03
0.933000,3.36800595e-02,2.61800595e-02,1.745337,-1.23920155e-01,2.87075834e-03
0.933500,3.36181073e-02,2.61181073e-02,1.741207,-1.23904366e-01,2.80901536e-03
0.934000,3.35561647e-02,2.60561647e-02,1.737078,-1.23885308e-01,2.81342521e-03
0.934500,3.34942267e-02,2.59942267e-02,1.732948,-1.23876000e-01,2.73520163e-03
0.935000,3.34322902e-02,2.59322902e-02,1.728819,-1.23872884e-01,2.65971750e-03
0.935500,3.33703456e-02,2.58703456e-02,1.724690,-1.23889287e-01,2.71395468e-03
0.936000,3.33083889e-02,2.58083889e-02,1.720559,-1.23913289e-01,2.75390091e-03
0.936500,3.32464265e-02,2.57464265e-02,1.716428,-1.23924854e-01,2.76676078e-03
0.937000,3.31844621e-02,2.56844621e-02,1.712297,-1.23928721e-01,2.80556402e-03
0.937500,3.31224986e-02,2.56224986e-02,1.708167,-1.23927047e-01,2.86901647e-03
0.938000,3.30605419e-02,2.55605419e-02,1.704036,-1.23913390e-01,2.82457107e-03
0.938500,3.29985953e-02,2.54985953e-02,1.699906,-1.23893243e-01,2.81614696e-03
0.939000,3.29366547e-02,2.54366547e-02,1.695777,-1.23881140e-01,2.72361526e-03
0.939500,3.28747154e-02,2.53747154e-02,1.691648,-1.23878601e-01,2.63763963e-03
0.940000,3.28127660e-02,2.53127660e-02,1.687518,-1.23898859e-01,2.71174922e-03
0.940500,3.27508027e-02,2.52508027e-02,1.683387,-1.23926682e-01,2.76638893e-03
0.941000,3.26888339e-02,2.51888339e-02,1.679256,-1.23937504e-01,2.75306426e-03
0.941500,3.26268636e-02,2.51268636e-02,1.675124,-1.23940532e-01,2.81479753e-03
0.942000,3.25648935e-02,2.50648935e-02,1.670993,-1.23940290e-01,2.89872572e-03
0.942500,3.25029323e-02,2.50029323e-02,1.666862,-1.23922490e-01,2.81368137e-03
0.943000,3.24409830e-02,2.49409830e-02,1.662732,-1.23898427e-01,2.79946223e-03
0.943500,3.23790382e-02,2.48790382e-02,1.658603,-1.23889587e-01,2.73409007e-03
0.944000,3.23170938e-02,2.48170938e-02,1.654473,-1.23888862e-01,2.65912618e-03
0.944500,3.22551411e-02,2.47551411e-02,1.650343,-1.23905500e-01,2.71281710e-03
0.945000,3.21931762e-02,2.46931762e-02,1.646212,-1.23929700e-01,2.77683621e-03
0.945500,3.21312065e-02,2.46312065e-02,1.642080,-1.23939424e-01,2.75324464e-03
0.946000,3.20692361e-02,2.45692361e-02,1.637949,-1.23940720e-01,2.80633505e-03
0.946500,3.20072655e-02,2.45072655e-02,1.633818,-1.23941197e-01,2.89224625e-03
0.947000,3.19453029e-02,2.44453029e-02,1.629687,-1.23925359e-01,2.82213862e-03
0.947500,3.18833521e-02,2.43833521e-02,1.625557,-1.23901613e-01,2.80882994e-03
0.948000,3.18214068e-02,2.43214068e-02,1.621427,-1.23890556e-01,2.72081527e-03
0.948500,3.17594620e-02,2.42594620e-02,1.617297,-1.23889467e-01,2.63007428e-03
0.949000,3.16975066e-02,2.41975066e-02,1.613167,-1.23910853e-01,2.71001453e-03
0.949500,3.16355366e-02,2.41355366e-02,1.609036,-1.23940072e-01,2.77125932e-03
0.950000,3.15735612e-02,2.40735612e-02,1.604904,-1.23950748e-01,2.75354820e-03
0.950500,3.15115847e-02,2.40115847e-02,1.600772,-1.23952934e-01,2.84181545e-03
0.951000,3.14496096e-02,2.39496096e-02,1.596641,-1.23950223e-01,2.90139670e-03
0.951500,3.13876458e-02,2.38876458e-02,1.592510,-1.23927750e-01,2.80063162e-03
0.952000,3.13256936e-02,2.38256936e-02,1.588380,-1.23904403e-01,2.80016208e-03
0.952500,3.12637447e-02,2.37637447e-02,1.584250,-1.23897644e-01,2.71759473e-03
0.953000,3.12017956e-02,2.37017956e-02,1.580120,-1.23898263e-01,2.65766506e-03
0.953500,3.11398367e-02,2.36398367e-02,1.575989,-1.23917739e-01,2.72255771e-03
0.954000,3.10778661e-02,2.35778661e-02,1.571858,-1.23941317e-01,2.78254510e-03
0.954500,3.10158916e-02,2.35158916e-02,1.567726,-1.23948936e-01,2.76522955e-03
0.955000,3.09539175e-02,2.34539175e-02,1.563595,-1.23948236e-01,2.81261272e-03
0.955500,3.08919444e-02,2.33919444e-02,1.559463,-1.23946189e-01,2.88699727e-03
0.956000,3.08299795e-02,2.33299795e-02,1.555332,-1.23929785e-01,2.81557785e-03
0.956500,3.07680258e-02,2.32680258e-02,1.551202,-1.23907481e-01,2.80539990e-03
0.957000,3.07060769e-02,2.32060769e-02,1.547072,-1.23897804e-01,2.70959561e-03
0.957500,3.06441277e-02,2.31441277e-02,1.542942,-1.23898270e-01,2.65079256e-03
0.958000,3.05821679e-02,2.30821679e-02,1.538811,-1.23919667e-01,2.71291810e-03
0.958500,3.05201953e-02,2.30201953e-02,1.534680,-1.23945227e-01,2.77193135e-03
0.959000,3.04582176e-02,2.29582176e-02,1.530548,-1.23955367e-01,2.78069850e-03
0.959500,3.03962401e-02,2.28962401e-02,1.526416,-1.23955042e-01,2.85683828e-03
0.960000,3.03342668e-02,2.28342668e-02,1.522284,-1.23946545e-01,2.88445939e-03
0.960500,3.02723053e-02,2.27723053e-02,1.518154,-1.23923102e-01,2.78630096e-03
0.961000,3.02103533e-02,2.27103533e-02,1.514024,-1.23903804e-01,2.79515302e-03
0.961500,3.01484034e-02,2.26484034e-02,1.509894,-1.23899841e-01,2.73026729e-03
0.962000,3.00864533e-02,2.25864533e-02,1.505764,-1.23900161e-01,2.68359591e-03
0.962500,3.00244957e-02,2.25244957e-02,1.501633,-1.23915263e-01,2.71435423e-03
0.963000,2.99625281e-02,2.24625281e-02,1.497502,-1.23935310e-01,2.77847463e-03
0.963500,2.99005557e-02,2.24005557e-02,1.493370,-1.23944636e-01,2.76988544e-03
0.964000,2.98385836e-02,2.23385836e-02,1.489239,-1.23944192e-01,2.82181377e-03
0.964500,2.97766134e-02,2.22766134e-02,1.485108,-1.23940567e-01,2.88535516e-03
0.965000,2.97146520e-02,2.22146520e-02,1.480977,-1.23922797e-01,2.81294033e-03
0.965500,2.96527015e-02,2.21527015e-02,1.476847,-1.23900996e-01,2.77812908e-03
0.966000,2.95907544e-02,2.20907544e-02,1.472717,-1.23894164e-01,2.71573471e-03
0.966500,2.95288051e-02,2.20288051e-02,1.468587,-1.23898565e-01,2.68151509e-03
0.967000,2.94668470e-02,2.19668470e-02,1.464456,-1.23916237e-01,2.71722840e-03
0.967500,2.94048788e-02,2.19048788e-02,1.460325,-1.23936371e-01,2.76964591e-03
0.968000,2.93429058e-02,2.18429058e-02,1.456194,-1.23946005e-01,2.79438475e-03
0.968500,2.92809334e-02,2.17809334e-02,1.452062,-1.23944845e-01,2.84979808e-03
0.969000,2.92189660e-02,2.17189660e-02,1.447931,-1.23934723e-01,2.89701717e-03
0.969500,2.91570103e-02,2.16570103e-02,1.443801,-1.23911327e-01,2.79883995e-03
0.970000,2.90950659e-02,2.15950659e-02,1.439671,-1.23888857e-01,2.76213541e-03
0.970500,2.90331230e-02,2.15331230e-02,1.435542,-1.23885755e-01,2.72628612e-03
0.971000,2.89711771e-02,2.14711771e-02,1.431412,-1.23891849e-01,2.72594576e-03
0.971500,2.89092252e-02,2.14092252e-02,1.427282,-1.23903860e-01,2.74597708e-03
0.972000,2.88472681e-02,2.13472681e-02,1.423151,-1.23914156e-01,2.77818967e-03
0.972500,2.87853090e-02,2.12853090e-02,1.419021,-1.23918315e-01,2.75628897e-03
0.973000,2.87233494e-02,2.12233494e-02,1.414890,-1.23919120e-01,2.81031921e-03
0.973500,2.86613900e-02,2.11613900e-02,1.410759,-1.23918744e-01,2.89280280e-03
0.974000,2.85994389e-02,2.10994389e-02,1.406629,-1.23902203e-01,2.83064971e-03
0.974500,2.85375001e-02,2.10375001e-02,1.402500,-1.23877613e-01,2.77351475e-03
0.975000,2.84755660e-02,2.09755660e-02,1.398371,-1.23868281e-01,2.71897050e-03
0.975500,2.84136294e-02,2.09136294e-02,1.394242,-1.23873154e-01,2.71368464e-03
0.976000,2.83516857e-02,2.08516857e-02,1.390112,-1.23887450e-01,2.72047484e-03
0.976500,2.82897347e-02,2.07897347e-02,1.385982,-1.23902015e-01,2.75981172e-03
0.977000,2.82277787e-02,2.07277787e-02,1.381852,-1.23911986e-01,2.78503306e-03
0.977500,2.81658220e-02,2.06658220e-02,1.377721,-1.23913267e-01,2.84153212e-03
0.978000,2.81038693e-02,2.06038693e-02,1.373591,-1.23905412e-01,2.88852055e-03
0.978500,2.80419273e-02,2.05419273e-02,1.369462,-1.23884124e-01,2.82247272e-03
0.979000,2.79799968e-02,2.04799968e-02,1.365333,-1.23860960e-01,2.77064707e-03
0.979500,2.79180702e-02,2.04180702e-02,1.361205,-1.23853224e-01,2.73410517e-03
0.980000,2.78561416e-02,2.03561416e-02,1.357076,-1.23857229e-01,2.74378607e-03
0.980500,2.77942084e-02,2.02942084e-02,1.352947,-1.23866379e-01,2.73038660e-03
0.981000,2.77322708e-02,2.02322708e-02,1.348818,-1.23875124e-01,2.77408051e-03
0.981500,2.76703297e-02,2.01703297e-02,1.344689,-1.23882206e-01,2.77412065e-03
0.982000,2.76083887e-02,2.01083887e-02,1.340559,-1.23882109e-01,2.81070761e-03
0.982500,2.75464493e-02,2.00464493e-02,1.336430,-1.23878771e-01,2.87677179e-03
0.983000,2.74845175e-02,1.99845175e-02,1.332301,-1.23863584e-01,2.84098951e-03
0.983500,2.74225971e-02,1.99225971e-02,1.328173,-1.23840712e-01,2.77185908e-03
0.984000,2.73606822e-02,1.98606822e-02,1.324045,-1.23829828e-01,2.72785002e-03
0.984500,2.72987651e-02,1.97987651e-02,1.319918,-1.23834188e-01,2.72148733e-03
0.985000,2.72368419e-02,1.97368419e-02,1.315789,-1.23846336e-01,2.71539049e-03
0.985500,2.71749119e-02,1.96749119e-02,1.311661,-1.23860069e-01,2.76943270e-03
0.986000,2.71129769e-02,1.96129769e-02,1.307532,-1.23870024e-01,2.79993771e-03
0.986500,2.70510427e-02,1.95510427e-02,1.303403,-1.23868408e-01,2.84149581e-03
0.987000,2.69891136e-02,1.94891136e-02,1.299274,-1.23858108e-01,2.89128213e-03
0.987500,2.69271953e-02,1.94271953e-02,1.295146,-1.23836582e-01,2.81701819e-03
0.988000,2.68652886e-02,1.93652886e-02,1.291019,-1.23813447e-01,2.75975196e-03
0.988500,2.68033848e-02,1.93033848e-02,1.286892,-1.23807570e-01,2.73806976e-03
0.989000,2.67414783e-02,1.92414783e-02,1.282765,-1.23813014e-01,2.75458197e-03
0.989500,2.66795681e-02,1.91795681e-02,1.278638,-1.23820558e-01,2.73379653e-03
0.990000,2.66176544e-02,1.91176544e-02,1.274510,-1.23827229e-01,2.77767594e-03
0.990500,2.65557377e-02,1.90557377e-02,1.270383,-1.23833433e-01,2.79646840e-03
0.991000,2.64938223e-02,1.89938223e-02,1.266255,-1.23830770e-01,2.80824200e-03
0.991500,2.64319103e-02,1.89319103e-02,1.262127,-1.23823980e-01,2.86067669e-03
0.992000,2.63700050e-02,1.88700050e-02,1.258000,-1.23810621e-01,2.84222926e-03
0.992500,2.63081099e-02,1.88081099e-02,1.253874,-1.23790282e-01,2.77056684e-03
0.993000,2.62462202e-02,1.87462202e-02,1.249748,-1.23779309e-01,2.72587415e-03
0.993500,2.61843282e-02,1.86843282e-02,1.245622,-1.23784056e-01,2.73252899e-03
0.994000,2.61224304e-02,1.86224304e-02,1.241495,-1.23795552e-01,2.71672976e-03
0.994500,2.60605268e-02,1.85605268e-02,1.237368,-1.23807353e-01,2.77909679e-03
0.995000,2.59986186e-02,1.84986186e-02,1.233241,-1.23816234e-01,2.81179272e-03
0.995500,2.59367126e-02,1.84367126e-02,1.229114,-1.23811983e-01,2.84027002e-03
0.996000,2.58748127e-02,1.83748127e-02,1.224988,-1.23799845e-01,2.88178976e-03
0.996500,2.58129230e-02,1.83129230e-02,1.220862,-1.23779359e-01,2.83787661e-03
0.997000,2.57510451e-02,1.82510451e-02,1.216736,-1.23755939e-01,2.79147531e-03
0.997500,2.56891732e-02,1.81891732e-02,1.212612,-1.23743832e-01,2.71626490e-03
0.998000,2.56273002e-02,1.81273002e-02,1.208487,-1.23745994e-01,2.74065640e-03
0.998500,2.55654210e-02,1.80654210e-02,1.204361,-1.23758351e-01,2.73783077e-03
0.999000,2.55035375e-02,1.80035375e-02,1.200236,-1.23766951e-01,2.80545427e-03
0.999500,2.54416525e-02,1.79416525e-02,1.196110,-1.23770037e-01,2.79529297e-03
1.000000,2.53797710e-02,1.78797710e-02,1.191985,-1.23762916e-01,2.79952888e-03
1.000500,2.53178925e-02,1.78178925e-02,1.187860,-1.23757090e-01,2.85026490e-03
1.001000,2.52560195e-02,1.77560195e-02,1.183735,-1.23746082e-01,2.87555881e-03
1.001500,2.51941572e-02,1.76941572e-02,1.179610,-1.23724506e-01,2.78429615e-03
1.002000,2.51323038e-02,1.76323038e-02,1.175487,-1.23706846e-01,2.71570997e-03
1.002500,2.50704487e-02,1.75704487e-02,1.171363,-1.23710237e-01,2.74221665e-03
1.003000,2.50085874e-02,1.75085874e-02,1.167239,-1.23722546e-01,2.73921639e-03
1.003500,2.49467220e-02,1.74467220e-02,1.163115,-1.23730768e-01,2.78609684e-03
1.004000,2.48848543e-02,1.73848543e-02,1.158990,-1.23735337e-01,2.79755712e-03
1.004500,2.48229887e-02,1.73229887e-02,1.154866,-1.23731195e-01,2.83160025e-03
1.005000,2.47611277e-02,1.72611277e-02,1.150742,-1.23722161e-01,2.87990852e-03
1.005500,2.46992760e-02,1.71992760e-02,1.146618,-1.23703266e-01,2.84648534e-03
1.006000,2.46374363e-02,1.71374363e-02,1.142496,-1.23679393e-01,2.79488456e-03
1.006500,2.45756035e-02,1.70756035e-02,1.138374,-1.23665571e-01,2.71808422e-03
1.007000,2.45137700e-02,1.70137700e-02,1.134251,-1.23667013e-01,2.75498291e-03
1.007500,2.44519311e-02,1.69519311e-02,1.130129,-1.23677803e-01,2.77089171e-03
1.008000,2.43900906e-02,1.68900906e-02,1.126006,-1.23681128e-01,2.80878532e-03
1.008500,2.43282513e-02,1.68282513e-02,1.121883,-1.23678490e-01,2.78325679e-03
1.009000,2.42664154e-02,1.67664154e-02,1.117761,-1.23671887e-01,2.79882979e-03
1.009500,2.42045813e-02,1.67045813e-02,1.113639,-1.23668099e-01,2.85328496e-03
1.010000,2.41427529e-02,1.66427529e-02,1.109517,-1.23656939e-01,2.87839376e-03
1.010500,2.40809356e-02,1.65809356e-02,1.105396,-1.23634616e-01,2.80520215e-03
1.011000,2.40191282e-02,1.65191282e-02,1.101275,-1.23614642e-01,2.72703835e-03
1.011500,2.39573214e-02,1.64573214e-02,1.097155,-1.23613598e-01,2.73456680e-03
1.012000,2.38955091e-02,1.63955091e-02,1.093034,-1.23624724e-01,2.74638597e-03
1.012500,2.38336923e-02,1.63336923e-02,1.088913,-1.23633568e-01,2.79537897e-03
1.013000,2.37718742e-02,1.62718742e-02,1.084792,-1.23636139e-01,2.80525404e-03
1.013500,2.37100593e-02,1.62100593e-02,1.080671,-1.23629792e-01,2.84358438e-03
1.014000,2.36482501e-02,1.61482501e-02,1.076550,-1.23618435e-01,2.87831942e-03
1.014500,2.35864512e-02,1.60864512e-02,1.072430,-1.23597712e-01,2.84203309e-03
1.015000,2.35246640e-02,1.60246640e-02,1.068311,-1.23574494e-01,2.80700496e-03
1.015500,2.34628838e-02,1.59628838e-02,1.064192,-1.23560331e-01,2.74265071e-03
1.016000,2.34011050e-02,1.59011050e-02,1.060074,-1.23557611e-01,2.75514535e-03
1.016500,2.33393229e-02,1.58393229e-02,1.055955,-1.23564353e-01,2.76430909e-03
1.017000,2.32775387e-02,1.57775387e-02,1.051836,-1.23568233e-01,2.80995191e-03
1.017500,2.32157554e-02,1.57157554e-02,1.047717,-1.23566573e-01,2.79857696e-03
1.018000,2.31539762e-02,1.56539762e-02,1.043598,-1.23558424e-01,2.81539684e-03
1.018500,2.30922009e-02,1.55922009e-02,1.039480,-1.23550655e-01,2.85501147e-03
1.019000,2.30304326e-02,1.55304326e-02,1.035362,-1.23536622e-01,2.87721499e-03
1.019500,2.29686755e-02,1.54686755e-02,1.031245,-1.23514120e-01,2.81049433e-03
1.020000,2.29069286e-02,1.54069286e-02,1.027129,-1.23493872e-01,2.73517842e-03
1.020500,2.28451830e-02,1.53451830e-02,1.023012,-1.23491239e-01,2.74260753e-03
1.021000,2.27834328e-02,1.52834328e-02,1.018896,-1.23500317e-01,2.75265906e-03
1.021500,2.27216792e-02,1.52216792e-02,1.014779,-1.23507286e-01,2.80119773e-03
1.022000,2.26599250e-02,1.51599250e-02,1.010662,-1.23508313e-01,2.81704973e-03
1.022500,2.25981750e-02,1.50981750e-02,1.006545,-1.23499968e-01,2.84928056e-03
1.023000,2.25364320e-02,1.50364320e-02,1.002429,-1.23486169e-01,2.88421717e-03
1.023500,2.24747000e-02,1.49747000e-02,0.998313,-1.23463990e-01,2.84936294e-03
1.024000,2.24129804e-02,1.49129804e-02,0.994199,-1.23439155e-01,2.81857099e-03
1.024500,2.23512690e-02,1.48512690e-02,0.990085,-1.23422766e-01,2.74970343e-03
1.025000,2.22895602e-02,1.47895602e-02,0.985971,-1.23417523e-01,2.76094521e-03
1.025500,2.22278489e-02,1.47278489e-02,0.981857,-1.23422594e-01,2.77141430e-03
1.026000,2.21661365e-02,1.46661365e-02,0.977742,-1.23424894e-01,2.81857623e-03
1.026500,2.21044258e-02,1.46044258e-02,0.973628,-1.23421304e-01,2.80751757e-03
1.027000,2.20427204e-02,1.45427204e-02,0.969515,-1.23410948e-01,2.82395765e-03
1.027500,2.19810199e-02,1.44810199e-02,0.965401,-1.23400954e-01,2.86345218e-03
1.028000,2.19193275e-02,1.44193275e-02,0.961288,-1.23384769e-01,2.88607860e-03
1.028500,2.18576475e-02,1.43576475e-02,0.957177,-1.23360098e-01,2.81826874e-03
1.029000,2.17959786e-02,1.42959786e-02,0.953065,-1.23337706e-01,2.74433185e-03
1.029500,2.17343121e-02,1.42343121e-02,0.948954,-1.23332988e-01,2.75230993e-03
1.030000,2.16726423e-02,1.41726423e-02,0.944843,-1.23339705e-01,2.76236220e-03
1.030500,2.16109701e-02,1.41109701e-02,0.940731,-1.23344223e-01,2.81106226e-03
1.031000,2.15492988e-02,1.40492988e-02,0.936620,-1.23342784e-01,2.82707332e-03
1.031500,2.14876328e-02,1.39876328e-02,0.932509,-1.23331932e-01,2.86005940e-03
1.032000,2.14259750e-02,1.39259750e-02,0.928398,-1.23315535e-01,2.89429018e-03
1.032500,2.13643297e-02,1.38643297e-02,0.924289,-1.23290695e-01,2.85948041e-03
1.033000,2.13026980e-02,1.38026980e-02,0.920180,-1.23263312e-01,2.82616333e-03
1.033500,2.12410757e-02,1.37410757e-02,0.916072,-1.23244590e-01,2.76143675e-03
1.034000,2.11794572e-02,1.36794572e-02,0.911964,-1.23237063e-01,2.77298355e-03
1.034500,2.11178376e-02,1.36178376e-02,0.907856,-1.23239143e-01,2.78242063e-03
1.035000,2.10562184e-02,1.35562184e-02,0.903748,-1.23238493e-01,2.82907325e-03
1.035500,2.09946023e-02,1.34946023e-02,0.899640,-1.23232168e-01,2.81210131e-03
1.036000,2.09329924e-02,1.34329924e-02,0.895533,-1.23219682e-01,2.83448162e-03
1.036500,2.08713884e-02,1.33713884e-02,0.891426,-1.23208005e-01,2.87902368e-03
1.037000,2.08097941e-02,1.33097941e-02,0.887320,-1.23188715e-01,2.90093454e-03
1.037500,2.07482140e-02,1.32482140e-02,0.883214,-1.23160173e-01,2.81451935e-03
1.038000,2.06866462e-02,1.31866462e-02,0.879110,-1.23135674e-01,2.74584711e-03
1.038500,2.06250804e-02,1.31250804e-02,0.875005,-1.23131437e-01,2.77615563e-03
1.039000,2.05635125e-02,1.30635125e-02,0.870901,-1.23135797e-01,2.78604932e-03
1.039500,2.05019454e-02,1.30019454e-02,0.866796,-1.23134305e-01,2.82548852e-03
1.040000,2.04403815e-02,1.29403815e-02,0.862692,-1.23127701e-01,2.82579590e-03
1.040500,2.03788242e-02,1.28788242e-02,0.858588,-1.23114594e-01,2.86408016e-03
1.041000,2.03172752e-02,1.28172752e-02,0.854485,-1.23098051e-01,2.91520126e-03
1.041500,2.02557399e-02,1.27557399e-02,0.850383,-1.23070701e-01,2.88894131e-03
1.042000,2.01942212e-02,1.26942212e-02,0.846281,-1.23037279e-01,2.83375461e-03
1.042500,2.01327147e-02,1.26327147e-02,0.842181,-1.23013049e-01,2.75589963e-03
1.043000,2.00712123e-02,1.25712123e-02,0.838081,-1.23004764e-01,2.78784953e-03
1.043500,2.00097091e-02,1.25097091e-02,0.833981,-1.23006439e-01,2.78939868e-03
1.044000,1.99482077e-02,1.24482077e-02,0.829881,-1.23002731e-01,2.84665777e-03
1.044500,1.98867109e-02,1.23867109e-02,0.825781,-1.22993705e-01,2.83539792e-03
1.045000,1.98252228e-02,1.23252228e-02,0.821682,-1.22976273e-01,2.84180981e-03
1.045500,1.97637427e-02,1.22637427e-02,0.817583,-1.22960122e-01,2.90110202e-03
1.046000,1.97022739e-02,1.22022739e-02,0.813485,-1.22937676e-01,2.92162861e-03
1.046500,1.96408220e-02,1.21408220e-02,0.809388,-1.22903679e-01,2.83587538e-03
1.047000,1.95793851e-02,1.20793851e-02,0.805292,-1.22873894e-01,2.76508795e-03
1.047500,1.95179528e-02,1.20179528e-02,0.801197,-1.22864449e-01,2.77056240e-03
1.048000,1.94565198e-02,1.19565198e-02,0.797101,-1.22866143e-01,2.76663011e-03
1.048500,1.93950861e-02,1.18950861e-02,0.793006,-1.22867287e-01,2.82828183e-03
1.049000,1.93336543e-02,1.18336543e-02,0.788910,-1.22863625e-01,2.87653272e-03
1.049500,1.92722315e-02,1.17722315e-02,0.784815,-1.22845573e-01,2.90242973e-03
1.050000,1.92108229e-02,1.17108229e-02,0.780722,-1.22817308e-01,2.94752118e-03
1.050500,1.91494325e-02,1.16494325e-02,0.776629,-1.22780803e-01,2.87109436e-03
1.051000,1.90880606e-02,1.15880606e-02,0.772537,-1.22743652e-01,2.82308965e-03
1.051500,1.90266990e-02,1.15266990e-02,0.768447,-1.22723295e-01,2.80243467e-03
1.052000,1.89653427e-02,1.14653427e-02,0.764356,-1.22712647e-01,2.81024965e-03
1.052500,1.89039903e-02,1.14039903e-02,0.760266,-1.22704700e-01,2.80267731e-03
1.053000,1.88426423e-02,1.13426423e-02,0.756176,-1.22696139e-01,2.84722266e-03
1.053500,1.87812998e-02,1.12812998e-02,0.752087,-1.22684883e-01,2.83996873e-03
1.054000,1.87199663e-02,1.12199663e-02,0.747998,-1.22666954e-01,2.87398463e-03
1.054500,1.86586427e-02,1.11586427e-02,0.743910,-1.22647208e-01,2.95664464e-03
1.055000,1.85973355e-02,1.10973355e-02,0.739822,-1.22614568e-01,2.91825147e-03
1.055500,1.85360496e-02,1.10360496e-02,0.735737,-1.22571749e-01,2.84619811e-03
1.056000,1.84747788e-02,1.09747788e-02,0.731652,-1.22541605e-01,2.79394064e-03
1.056500,1.84135148e-02,1.09135148e-02,0.727568,-1.22527914e-01,2.78729161e-03
1.057000,1.83522531e-02,1.08522531e-02,0.723484,-1.22523392e-01,2.79718290e-03
1.057500,1.82909936e-02,1.07909936e-02,0.719400,-1.22519087e-01,2.83851832e-03
1.058000,1.82297388e-02,1.07297388e-02,0.715316,-1.22509502e-01,2.86364166e-03
1.058500,1.81684934e-02,1.06684934e-02,0.711233,-1.22490909e-01,2.93386114e-03
1.059000,1.81072624e-02,1.06072624e-02,0.707151,-1.22461982e-01,2.98928104e-03
1.059500,1.80460541e-02,1.05460541e-02,0.703070,-1.22416624e-01,2.88932138e-03
1.060000,1.79848686e-02,1.04848686e-02,0.698991,-1.22371004e-01,2.85492434e-03
1.060500,1.79236961e-02,1.04236961e-02,0.694913,-1.22344839e-01,2.81394318e-03
1.061000,1.78625322e-02,1.03625322e-02,0.690835,-1.22327946e-01,2.80676683e-03
1.061500,1.78013730e-02,1.03013730e-02,0.686758,-1.22318417e-01,2.81530745e-03
1.062000,1.77402183e-02,1.02402183e-02,0.682681,-1.22309311e-01,2.86408670e-03
1.062500,1.76790711e-02,1.01790711e-02,0.678605,-1.22294490e-01,2.86054509e-03
1.063000,1.76179351e-02,1.01179351e-02,0.674529,-1.22271972e-01,2.92467877e-03
1.063500,1.75568129e-02,1.00568129e-02,0.670454,-1.22244365e-01,2.99186902e-03
1.064000,1.74957128e-02,9.99571280e-03,0.666381,-1.22200286e-01,2.92081815e-03
1.064500,1.74346370e-02,9.93463700e-03,0.662309,-1.22151456e-01,2.90875052e-03
1.065000,1.73735793e-02,9.87357930e-03,0.658239,-1.22115360e-01,2.81420797e-03
1.065500,1.73125345e-02,9.81253450e-03,0.654169,-1.22089605e-01,2.75493764e-03
1.066000,1.72514922e-02,9.75149220e-03,0.650099,-1.22084616e-01,2.82767837e-03
1.066500,1.71904508e-02,9.69045080e-03,0.646030,-1.22082927e-01,2.88649849e-03
1.067000,1.71294187e-02,9.62941870e-03,0.641961,-1.22064093e-01,2.87077134e-03
1.067500,1.70684002e-02,9.56840020e-03,0.637893,-1.22036991e-01,2.95276690e-03
1.068000,1.70073976e-02,9.50739760e-03,0.633827,-1.22005221e-01,3.03178613e-03
1.068500,1.69464211e-02,9.44642110e-03,0.629761,-1.21953000e-01,2.93226461e-03
1.069000,1.68854728e-02,9.38547280e-03,0.625698,-1.21896603e-01,2.91921984e-03
1.069500,1.68245440e-02,9.32454400e-03,0.621636,-1.21857702e-01,2.86280893e-03
1.070000,1.67636310e-02,9.26363100e-03,0.617575,-1.21825931e-01,2.78571675e-03
1.070500,1.67027259e-02,9.20272590e-03,0.613515,-1.21810239e-01,2.84731679e-03
1.071000,1.66418250e-02,9.14182500e-03,0.609455,-1.21801760e-01,2.89258921e-03
1.071500,1.65809354e-02,9.08093540e-03,0.605396,-1.21779162e-01,2.91426625e-03
1.072000,1.65200618e-02,9.02006180e-03,0.601337,-1.21747214e-01,2.94714523e-03
1.072500,1.64592074e-02,8.95920740e-03,0.597280,-1.21708799e-01,2.98336421e-03
1.073000,1.63983765e-02,8.89837650e-03,0.593225,-1.21661783e-01,2.97719548e-03
1.073500,1.63375718e-02,8.83757180e-03,0.589171,-1.21609364e-01,2.98770219e-03
1.074000,1.62767933e-02,8.77679330e-03,0.585120,-1.21557030e-01,2.87239889e-03
1.074500,1.62160367e-02,8.71603670e-03,0.581069,-1.21513165e-01,2.78714087e-03
1.075000,1.61552889e-02,8.65528890e-03,0.577019,-1.21495773e-01,2.86101121e-03
1.075500,1.60945459e-02,8.59454590e-03,0.572970,-1.21485849e-01,2.92068683e-03
1.076000,1.60338167e-02,8.53381670e-03,0.568921,-1.21458518e-01,2.90697662e-03
1.076500,1.59731054e-02,8.47310540e-03,0.564874,-1.21422601e-01,2.97331356e-03
1.077000,1.59124138e-02,8.41241380e-03,0.560828,-1.21383069e-01,3.02383623e-03
1.077500,1.58517497e-02,8.35174970e-03,0.556783,-1.21328177e-01,2.98598862e-03
1.078000,1.57911156e-02,8.29111560e-03,0.552741,-1.21268336e-01,2.94563835e-03
1.078500,1.57305064e-02,8.23050640e-03,0.548700,-1.21218277e-01,2.91000629e-03
1.079000,1.56699174e-02,8.16991740e-03,0.544661,-1.21177994e-01,2.86461895e-03
1.079500,1.56093437e-02,8.10934370e-03,0.540623,-1.21147576e-01,2.90914938e-03
1.080000,1.55487833e-02,8.04878330e-03,0.536586,-1.21120673e-01,2.92145539e-03
1.080500,1.54882406e-02,7.98824060e-03,0.532549,-1.21085370e-01,2.94279066e-03
1.081000,1.54277176e-02,7.92771760e-03,0.528515,-1.21046159e-01,2.97032830e-03
1.081500,1.53672171e-02,7.86721710e-03,0.524481,-1.21001011e-01,2.99731195e-03
1.082000,1.53067426e-02,7.80674260e-03,0.520450,-1.20948954e-01,2.98902198e-03
1.082500,1.52462960e-02,7.74629600e-03,0.516420,-1.20893200e-01,3.02073546e-03
1.083000,1.51858780e-02,7.68587800e-03,0.512392,-1.20836003e-01,2.95943739e-03
1.083500,1.51254885e-02,7.62548850e-03,0.508366,-1.20779018e-01,2.90236865e-03
1.084000,1.50651199e-02,7.56511990e-03,0.504341,-1.20737145e-01,2.90537837e-03
1.084500,1.50047677e-02,7.50476770e-03,0.500318,-1.20704376e-01,2.91194737e-03
1.085000,1.49444324e-02,7.44443240e-03,0.496295,-1.20670533e-01,2.96813820e-03
1.085500,1.48841171e-02,7.38411710e-03,0.492274,-1.20630643e-01,2.98964581e-03
1.086000,1.48238273e-02,7.32382730e-03,0.488255,-1.20579624e-01,3.02579914e-03
1.086500,1.47635664e-02,7.26356640e-03,0.484238,-1.20521877e-01,3.08468795e-03
1.087000,1.47033399e-02,7.20333990e-03,0.480223,-1.20452986e-01,3.03276715e-03
1.087500,1.46431504e-02,7.14315040e-03,0.476210,-1.20379016e-01,2.97370867e-03
1.088000,1.45829910e-02,7.08299100e-03,0.472199,-1.20318793e-01,2.94670621e-03
1.088500,1.45228556e-02,7.02285560e-03,0.468190,-1.20270656e-01,2.95718456e-03
1.089000,1.44627426e-02,6.96274260e-03,0.464183,-1.20226027e-01,2.94883508e-03
1.089500,1.44026524e-02,6.90265240e-03,0.460177,-1.20180415e-01,2.98892293e-03
1.090000,1.43425861e-02,6.84258610e-03,0.456172,-1.20132630e-01,2.99189267e-03
1.090500,1.42825471e-02,6.78254710e-03,0.452170,-1.20077999e-01,3.05081788e-03
1.091000,1.42225383e-02,6.72253830e-03,0.448169,-1.20017671e-01,3.13142720e-03
1.091500,1.41625680e-02,6.66256800e-03,0.444171,-1.19940539e-01,3.06172841e-03
1.092000,1.41026398e-02,6.60263980e-03,0.440176,-1.19856333e-01,3.06695628e-03
1.092500,1.40427483e-02,6.54274830e-03,0.436183,-1.19783111e-01,2.96922375e-03
1.093000,1.39828894e-02,6.48288940e-03,0.432193,-1.19717671e-01,2.88524954e-03
1.093500,1.39230516e-02,6.42305160e-03,0.428203,-1.19675704e-01,2.98645955e-03
1.094000,1.38632323e-02,6.36323230e-03,0.424215,-1.19638578e-01,3.04213974e-03
1.094500,1.38034423e-02,6.30344230e-03,0.420229,-1.19579909e-01,3.04002843e-03
1.095000,1.37436862e-02,6.24368620e-03,0.416246,-1.19512284e-01,3.11832678e-03
1.095500,1.36839672e-02,6.18396720e-03,0.412264,-1.19438082e-01,3.16319402e-03
1.096000,1.36242936e-02,6.12429360e-03,0.408286,-1.19347056e-01,3.12106084e-03
1.096500,1.35646674e-02,6.06466740e-03,0.404311,-1.19252388e-01,3.07532622e-03
1.097000,1.35050831e-02,6.00508310e-03,0.400339,-1.19168682e-01,3.05200653e-03
1.097500,1.34455358e-02,5.94553580e-03,0.396369,-1.19094548e-01,2.99140693e-03
1.098000,1.33860210e-02,5.88602100e-03,0.392401,-1.19029601e-01,3.03497028e-03
1.098500,1.33265356e-02,5.82653560e-03,0.388436,-1.18970754e-01,3.06214567e-03
1.099000,1.32670845e-02,5.76708450e-03,0.384472,-1.18902350e-01,3.10280030e-03
1.099500,1.32076715e-02,5.70767150e-03,0.380511,-1.18825890e-01,3.12226486e-03
1.100000,1.31483010e-02,5.64830100e-03,0.376553,-1.18741032e-01,3.14563091e-03
1.100500,1.30889756e-02,5.58897560e-03,0.372598,-1.18650912e-01,3.14654360e-03
1.101000,1.30296971e-02,5.52969710e-03,0.368646,-1.18556875e-01,3.18832894e-03
1.101500,1.29704676e-02,5.47046760e-03,0.364698,-1.18458993e-01,3.12659128e-03
1.102000,1.29112878e-02,5.41128780e-03,0.360753,-1.18359708e-01,3.07158792e-03
1.102500,1.28521501e-02,5.35215010e-03,0.356810,-1.18275425e-01,3.07787669e-03
1.103000,1.27930502e-02,5.29305020e-03,0.352870,-1.18199618e-01,3.06835684e-03
1.103500,1.27339884e-02,5.23398840e-03,0.348933,-1.18123619e-01,3.12204909e-03
1.104000,1.26749662e-02,5.17496620e-03,0.344998,-1.18044437e-01,3.17641430e-03
1.104500,1.26159904e-02,5.11599040e-03,0.341066,-1.17951630e-01,3.25911428e-03
1.105000,1.25570691e-02,5.05706910e-03,0.337138,-1.17842585e-01,3.29603982e-03
1.105500,1.24982108e-02,4.99821080e-03,0.333214,-1.17716694e-01,3.18585052e-03
1.106000,1.24394135e-02,4.93941350e-03,0.329294,-1.17594483e-01,3.22025734e-03
1.106500,1.23806699e-02,4.88066990e-03,0.325378,-1.17487323e-01,3.17168746e-03
1.107000,1.23219805e-02,4.82198050e-03,0.321465,-1.17378809e-01,3.08827634e-03
1.107500,1.22633376e-02,4.76333760e-03,0.317556,-1.17285645e-01,3.14827905e-03
1.108000,1.22047372e-02,4.70473720e-03,0.313649,-1.17200872e-01,3.22506752e-03
1.108500,1.21461875e-02,4.64618750e-03,0.309746,-1.17099457e-01,3.23723550e-03
1.109000,1.20876953e-02,4.58769530e-03,0.305846,-1.16984356e-01,3.26142937e-03
1.109500,1.20292627e-02,4.52926270e-03,0.301951,-1.16865118e-01,3.29438299e-03
1.110000,1.19708932e-02,4.47089320e-03,0.298060,-1.16738994e-01,3.29869183e-03
1.110500,1.19125897e-02,4.41258970e-03,0.294173,-1.16607078e-01,3.34378258e-03
1.111000,1.18543545e-02,4.35435450e-03,0.290290,-1.16470467e-01,3.29044690e-03
1.111500,1.17961889e-02,4.29618890e-03,0.286413,-1.16331168e-01,3.22397181e-03
1.112000,1.17380856e-02,4.23808560e-03,0.282539,-1.16206504e-01,3.23549402e-03
1.112500,1.16800398e-02,4.18003980e-03,0.278669,-1.16091738e-01,3.21907374e-03
1.113000,1.16220515e-02,4.12205150e-03,0.274803,-1.15976531e-01,3.29102467e-03
1.113500,1.15641227e-02,4.06412270e-03,0.270942,-1.15857659e-01,3.36485126e-03
1.114000,1.15062624e-02,4.00626240e-03,0.267084,-1.15720444e-01,3.45535839e-03
1.114500,1.14484809e-02,3.94848090e-03,0.263232,-1.15563104e-01,3.48839474e-03
1.115000,1.13907869e-02,3.89078690e-03,0.259386,-1.15387981e-01,3.36934895e-03
1.115500,1.13331779e-02,3.83317790e-03,0.255545,-1.15217959e-01,3.40252013e-03
1.116000,1.12756456e-02,3.77564560e-03,0.251710,-1.15064552e-01,3.37429805e-03
1.116500,1.12181915e-02,3.71819150e-03,0.247879,-1.14908193e-01,3.31050026e-03
1.117000,1.11608105e-02,3.66081050e-03,0.244054,-1.14762110e-01,3.34020671e-03
1.117500,1.11034986e-02,3.60349860e-03,0.240233,-1.14623877e-01,3.40345487e-03
1.118000,1.10462610e-02,3.54626100e-03,0.236417,-1.14475172e-01,3.47788280e-03
1.118500,1.09891062e-02,3.48910620e-03,0.232607,-1.14309502e-01,3.50202699e-03
1.119000,1.09320415e-02,3.43204150e-03,0.228803,-1.14129474e-01,3.49887239e-03
1.119500,1.08750686e-02,3.37506860e-03,0.225005,-1.13945761e-01,3.56316478e-03
1.120000,1.08181902e-02,3.31819020e-03,0.221213,-1.13756882e-01,3.57131506e-03
1.120500,1.07614118e-02,3.26141180e-03,0.217427,-1.13556724e-01,3.56613000e-03
1.121000,1.07047340e-02,3.20473400e-03,0.213649,-1.13355687e-01,3.50420140e-03
1.121500,1.06481535e-02,3.14815350e-03,0.209877,-1.13160976e-01,3.41654068e-03
1.122000,1.05916614e-02,3.09166140e-03,0.206111,-1.12984186e-01,3.53003786e-03
1.122500,1.05352555e-02,3.03525550e-03,0.202350,-1.12811755e-01,3.62808087e-03
1.123000,1.04789495e-02,2.97894950e-03,0.198597,-1.12612018e-01,3.61220397e-03
1.123500,1.04227507e-02,2.92275070e-03,0.194850,-1.12397585e-01,3.71347166e-03
1.124000,1.03666623e-02,2.86666230e-03,0.191111,-1.12176805e-01,3.75694633e-03
1.124500,1.03106945e-02,2.81069450e-03,0.187380,-1.11935553e-01,3.74493775e-03
1.125000,1.02548504e-02,2.75485040e-03,0.183657,-1.11688223e-01,3.74792025e-03
1.125500,1.01991291e-02,2.69912910e-03,0.179942,-1.11442602e-01,3.73154152e-03
1.126000,1.01435301e-02,2.64353010e-03,0.176235,-1.11197939e-01,3.70371172e-03
1.126500,1.00880509e-02,2.58805090e-03,0.172537,-1.10958426e-01,3.65944208e-03
1.127000,1.00326872e-02,2.53268720e-03,0.168846,-1.10727397e-01,3.73468796e-03
1.127500,9.97743873e-03,2.47743873e-03,0.165163,-1.10496985e-01,3.86183506e-03
1.128000,9.92231724e-03,2.42231724e-03,0.161488,-1.10242974e-01,3.91150198e-03
1.128500,9.86733540e-03,2.36733540e-03,0.157822,-1.09963694e-01,3.94669506e-03
1.129000,9.81249882e-03,2.31249882e-03,0.154167,-1.09673146e-01,3.98409313e-03
1.129500,9.75781207e-03,2.25781207e-03,0.150521,-1.09373512e-01,3.99310837e-03
1.130000,9.70327860e-03,2.20327860e-03,0.146885,-1.09066940e-01,4.04160909e-03
1.130500,9.64890130e-03,2.14890130e-03,0.143260,-1.08754599e-01,4.09300904e-03
1.131000,9.59468642e-03,2.09468642e-03,0.139646,-1.08429750e-01,4.05159631e-03
1.131500,9.54063636e-03,2.04063636e-03,0.136042,-1.08100122e-01,3.93446611e-03
1.132000,9.48674254e-03,1.98674254e-03,0.132450,-1.07787650e-01,4.05127880e-03
1.132500,9.43300049e-03,1.93300049e-03,0.128867,-1.07484084e-01,4.17990250e-03
1.133000,9.37942551e-03,1.87942551e-03,0.125295,-1.07149964e-01,4.25370649e-03
1.133500,9.32603141e-03,1.82603141e-03,0.121735,-1.06788196e-01,4.36672404e-03
1.134000,9.27282926e-03,1.77282926e-03,0.118189,-1.06404317e-01,4.40697568e-03
1.134500,9.21983009e-03,1.71983009e-03,0.114655,-1.05998320e-01,4.46753697e-03
1.135000,9.16703992e-03,1.66703992e-03,0.111136,-1.05580359e-01,4.35152064e-03
1.135500,9.11445856e-03,1.61445856e-03,0.107631,-1.05162712e-01,4.52957843e-03
1.136000,9.06208437e-03,1.56208437e-03,0.104139,-1.04748371e-01,4.56050864e-03
1.136500,9.00993335e-03,1.50993335e-03,0.100662,-1.04302057e-01,4.47048952e-03
1.137000,8.95800403e-03,1.45800403e-03,0.097200,-1.03858624e-01,4.54964297e-03
1.137500,8.90629255e-03,1.40629255e-03,0.093753,-1.03422973e-01,4.64064175e-03
1.138000,8.85480941e-03,1.35480941e-03,0.090321,-1.02966280e-01,4.79811126e-03
1.138500,8.80356905e-03,1.30356905e-03,0.086905,-1.02480720e-01,4.90908664e-03
1.139000,8.75258930e-03,1.25258930e-03,0.083506,-1.01959490e-01,5.08970162e-03
1.139500,8.70188727e-03,1.20188727e-03,0.080126,-1.01404067e-01,5.15200082e-03
1.140000,8.65148053e-03,1.15148053e-03,0.076765,-1.00813477e-01,5.15885450e-03
1.140500,8.60137451e-03,1.10137451e-03,0.073425,-1.00212051e-01,5.09670530e-03
1.141000,8.55156701e-03,1.05156701e-03,0.070104,-9.96149954e-02,5.39538794e-03
1.141500,8.50206614e-03,1.00206614e-03,0.066804,-9.90017355e-02,5.44129434e-03
1.142000,8.45289845e-03,9.52898450e-04,0.063527,-9.83353706e-02,5.44415420e-03
1.142500,8.40406785e-03,9.04067850e-04,0.060271,-9.76612148e-02,5.62986494e-03
1.143000,8.35558276e-03,8.55582760e-04,0.057039,-9.69701689e-02,5.67091604e-03
1.143500,8.30746026e-03,8.07460260e-04,0.053831,-9.62449981e-02,5.92036981e-03
1.144000,8.25971475e-03,7.59714750e-04,0.050648,-9.54910300e-02,6.06038706e-03
1.144500,8.21237289e-03,7.12372890e-04,0.047492,-9.46837194e-02,6.42908754e-03
1.145000,8.16546248e-03,6.65462480e-04,0.044364,-9.38208166e-02,6.58179428e-03
1.145500,8.11902055e-03,6.19020550e-04,0.041268,-9.28838682e-02,6.69737580e-03
1.146000,8.07306473e-03,5.73064730e-04,0.038204,-9.19116246e-02,6.52235941e-03
1.146500,8.02759680e-03,5.27596800e-04,0.035173,-9.09358765e-02,6.66548465e-03
1.147000,7.98260869e-03,4.82608690e-04,0.032174,-8.99762124e-02,7.21378901e-03
1.147500,7.93813641e-03,4.38136410e-04,0.029209,-8.89445652e-02,7.80096404e-03
1.148000,7.89425092e-03,3.94250920e-04,0.026283,-8.77709647e-02,8.02984341e-03
1.148500,7.85101057e-03,3.51010570e-04,0.023401,-8.64807083e-02,8.55852286e-03
1.149000,7.80845751e-03,3.08457510e-04,0.020564,-8.51061227e-02,9.45109923e-03
1.149500,7.76667461e-03,2.66674610e-04,0.017778,-8.35658028e-02,1.06669146e-02
1.150000,7.72578890e-03,2.25788900e-04,0.015053,-8.17714136e-02,1.18134993e-02
1.150500,7.68595090e-03,1.85950900e-04,0.012397,-7.96759980e-02,1.30303586e-02
1.151000,7.64730855e-03,1.47308550e-04,0.009821,-7.72847107e-02,1.42850947e-02
1.151500,7.61001722e-03,1.10017220e-04,0.007334,-7.45826629e-02,1.54594205e-02
1.152000,7.57423184e-03,7.42318400e-05,0.004949,-7.15707449e-02,1.68592232e-02
1.152500,7.54011073e-03,4.01107300e-05,0.002674,-6.82422241e-02,1.80109748e-02
1.153000,7.50781973e-03,7.81973000e-06,0.000521,-6.45820080e-02,1.90208384e-02
1.153500,7.50000000e-03,0.00000000e+00,0.000000,-1.56394530e-02,-5.34371911e-02
1.154000,7.50000000e-03,0.00000000e+00,0.000000,-3.46944695e-18,-6.75990970e-02
1.154500,7.50000000e-03,0.00000000e+00,0.000000,-1.73472348e-18,-3.20726467e-02
1.155000,7.50000000e-03,0.00000000e+00,0.000000,-3.46944695e-18,3.36688784e-03
1.155500,7.50000000e-03,0.00000000e+00,0.000000,-8.67361738e-19,2.15309815e-02
1.156000,7.50087796e-03,8.77960000e-07,0.000059,1.75591063e-03,2.23558631e-02
1.156500,7.50416167e-03,4.16167000e-06,0.000277,6.56743687e-03,1.19364378e-02
1.157000,7.50945824e-03,9.45824000e-06,0.000631,1.05931354e-02,3.60097534e-03
1.157500,7.51554368e-03,1.55436800e-05,0.001036,1.21708696e-02,3.29296426e-03
1.158000,7.52171999e-03,2.17199900e-05,0.001448,1.23526244e-02,7.68100297e-03
1.158500,7.52815588e-03,2.81558800e-05,0.001877,1.28717892e-02,1.07461019e-02
1.159000,7.53534714e-03,3.53471400e-05,0.002356,1.43825171e-02,9.94540515e-03
1.159500,7.54351002e-03,4.35100200e-05,0.002901,1.63257600e-02,7.17717685e-03
1.160000,7.55245640e-03,5.24564000e-05,0.003497,1.78927574e-02,5.26714283e-03
1.160500,7.56187455e-03,6.18745500e-05,0.004125,1.88363070e-02,5.24899798e-03
1.161000,7.57160686e-03,7.16068600e-05,0.004774,1.94646102e-02,6.13597144e-03
1.161500,7.58169104e-03,8.16910400e-05,0.005446,2.01683597e-02,6.32680897e-03
1.162000,7.59220835e-03,9.22083500e-05,0.006147,2.10346305e-02,5.61068892e-03
1.162500,7.60314281e-03,1.03142810e-04,0.006876,2.18689194e-02,4.57818073e-03
1.163000,7.61438997e-03,1.14389970e-04,0.007626,2.24943223e-02,3.82883960e-03
1.163500,7.62583194e-03,1.25831940e-04,0.008389,2.28839233e-02,3.70474012e-03
1.164000,7.63740169e-03,1.37401690e-04,0.009160,2.31395041e-02,3.63036767e-03
1.164500,7.64908575e-03,1.49085750e-04,0.009939,2.33681308e-02,3.43747415e-03
1.165000,7.66086950e-03,1.60869500e-04,0.010725,2.35674895e-02,3.05974874e-03
1.165500,7.67272039e-03,1.72720390e-04,0.011515,2.37017754e-02,2.62480802e-03
1.166000,7.68458818e-03,1.84588180e-04,0.012306,2.37355787e-02,2.36172120e-03
1.166500,7.69642553e-03,1.96425530e-04,0.013095,2.36746995e-02,2.10156485e-03
1.167000,7.70819933e-03,2.08199330e-04,0.013880,2.35476167e-02,1.80679679e-03
1.167500,7.71987521e-03,2.19875210e-04,0.014658,2.33517509e-02,1.52647689e-03
1.168000,7.73141656e-03,2.31416560e-04,0.015428,2.30826964e-02,1.31106403e-03
1.168500,7.74279084e-03,2.42790840e-04,0.016186,2.27485645e-02,1.19841672e-03
1.169000,7.75397539e-03,2.53975390e-04,0.016932,2.23691001e-02,1.11210617e-03
1.169500,7.76495714e-03,2.64957140e-04,0.017664,2.19635066e-02,9.99038499e-04
1.170000,7.77572401e-03,2.75724010e-04,0.018382,2.15337428e-02,8.49933897e-04
1.170500,7.78626013e-03,2.86260130e-04,0.019084,2.10722288e-02,6.60803962e-04
1.171000,7.79654488e-03,2.96544880e-04,0.019770,2.05695079e-02,5.84604409e-04
1.171500,7.80655938e-03,3.06559380e-04,0.020437,2.00289930e-02,5.44186115e-04
1.172000,7.81629558e-03,3.16295580e-04,0.021086,1.94723917e-02,4.17478361e-04
1.172500,7.82574455e-03,3.25744550e-04,0.021716,1.88979500e-02,2.91922504e-04
1.173000,7.83489035e-03,3.34890350e-04,0.022326,1.82916004e-02,2.03935549e-04
1.173500,7.84371878e-03,3.43718780e-04,0.022915,1.76568539e-02,2.19749223e-04
1.174000,7.85222331e-03,3.52223310e-04,0.023482,1.70090574e-02,2.63610973e-04
1.174500,7.86040717e-03,3.60407170e-04,0.024027,1.63677359e-02,2.48992969e-04
1.175000,7.86827334e-03,3.68273340e-04,0.024552,1.57323244e-02,2.15140439e-04
1.175500,7.87581910e-03,3.75819100e-04,0.025055,1.50915192e-02,1.78864222e-04
1.176000,7.88304007e-03,3.83040070e-04,0.025536,1.44419476e-02,1.50090914e-04
1.176500,7.88993201e-03,3.89932010e-04,0.025995,1.37838751e-02,1.58227822e-04
1.177000,7.89649291e-03,3.96492910e-04,0.026433,1.31217973e-02,1.75446461e-04
1.177500,7.90272419e-03,4.02724190e-04,0.026848,1.24625781e-02,1.76682475e-04
1.178000,7.90862734e-03,4.08627340e-04,0.027242,1.18062956e-02,1.72546279e-04
1.178500,7.91420227e-03,4.14202270e-04,0.027613,1.11498503e-02,1.77285548e-04
1.179000,7.91944884e-03,4.19448840e-04,0.027963,1.04931449e-02,2.20697075e-04
1.179500,7.92436937e-03,4.24369370e-04,0.028291,9.84105615e-03,2.86582029e-04
1.180000,7.92897033e-03,4.28970330e-04,0.028598,9.20192139e-03,3.50361302e-04
1.180500,7.93325995e-03,4.33259950e-04,0.028884,8.57924476e-03,3.66078989e-04
1.181000,7.93724417e-03,4.37244170e-04,0.029150,7.96843091e-03,3.68757693e-04
1.181500,7.94092438e-03,4.40924380e-04,0.029395,7.36043487e-03,4.00802726e-04
1.182000,7.94430224e-03,4.44302240e-04,0.029620,6.75571210e-03,4.64953458e-04
1.182500,7.94738320e-03,4.47383200e-04,0.029826,6.16192353e-03,4.87029920e-04
1.183000,7.95017351e-03,4.50173510e-04,0.030012,5.58062098e-03,4.88186244e-04
1.183500,7.95267504e-03,4.52675040e-04,0.030178,5.00304579e-03,4.98314962e-04
1.184000,7.95488831e-03,4.54888310e-04,0.030326,4.42655606e-03,5.42208486e-04
1.184500,7.95681612e-03,4.56816120e-04,0.030454,3.85561057e-03,5.98128601e-04
1.185000,7.95846453e-03,4.58464530e-04,0.030564,3.29681716e-03,6.58553547e-04
1.185500,7.95984080e-03,4.59840800e-04,0.030656,2.75254898e-03,7.10151073e-04
1.186000,7.96095218e-03,4.60952180e-04,0.030730,2.22276525e-03,7.48025192e-04
1.186500,7.96180459e-03,4.61804590e-04,0.030787,1.70480304e-03,7.85860246e-04
1.187000,7.96240279e-03,4.62402790e-04,0.030827,1.19640538e-03,8.17794830e-04
1.187500,7.96275131e-03,4.62751310e-04,0.030850,6.97044169e-04,8.61368560e-04
1.188000,7.96285470e-03,4.62854700e-04,0.030857,2.06779614e-04,9.10883840e-04
1.188500,7.96271872e-03,4.62718720e-04,0.030848,-2.71951696e-04,9.55747687e-04
1.189000,7.96234943e-03,4.62349430e-04,0.030823,-7.38585392e-04,9.97991018e-04
1.189500,7.96175237e-03,4.61752370e-04,0.030783,-1.19411698e-03,1.04549615e-03
1.190000,7.96093312e-03,4.60933120e-04,0.030729,-1.63851152e-03,1.07860673e-03
1.190500,7.95989703e-03,4.59897030e-04,0.030660,-2.07217774e-03,1.11415553e-03
1.191000,7.95864840e-03,4.58648400e-04,0.030577,-2.49726375e-03,1.15283209e-03
1.191500,7.95719185e-03,4.57191850e-04,0.030479,-2.91309263e-03,1.19422939e-03
1.192000,7.95553240e-03,4.55532400e-04,0.030369,-3.31891020e-03,1.23738297e-03
1.192500,7.95367534e-03,4.53675340e-04,0.030245,-3.71411441e-03,1.27388736e-03
1.193000,7.95162584e-03,4.51625840e-04,0.030108,-4.09900478e-03,1.30636907e-03
1.193500,7.94938832e-03,4.49388320e-04,0.029959,-4.47502885e-03,1.35098963e-03
1.194000,7.94696743e-03,4.46967430e-04,0.029798,-4.84177385e-03,1.39025795e-03
1.194500,7.94436857e-03,4.44368570e-04,0.029625,-5.19771974e-03,1.44282290e-03
1.195000,7.94159729e-03,4.41597290e-04,0.029440,-5.54256971e-03,1.49043943e-03
1.195500,7.93866000e-03,4.38660000e-04,0.029244,-5.87457791e-03,1.53542391e-03
1.196000,7.93556261e-03,4.35562610e-04,0.029038,-6.19478961e-03,1.58706079e-03
1.196500,7.93231108e-03,4.32311080e-04,0.028821,-6.50304882e-03,1.62048625e-03
1.197000,7.92891115e-03,4.28911150e-04,0.028594,-6.79987341e-03,1.66413166e-03
1.197500,7.92536747e-03,4.25367470e-04,0.028358,-7.08735018e-03,1.70602034e-03
1.198000,7.92168549e-03,4.21685490e-04,0.028112,-7.36395628e-03,1.75006158e-03
1.198500,7.91787060e-03,4.17870600e-04,0.027858,-7.62978985e-03,1.80202234e-03
1.199000,7.91392870e-03,4.13928700e-04,0.027595,-7.88379718e-03,1.84699190e-03
1.199500,7.90986605e-03,4.09866050e-04,0.027324,-8.12529597e-03,1.88882833e-03
1.200000,7.90568819e-03,4.05688190e-04,0.027046,-8.35571128e-03,1.92829439e-03
1.200500,7.90140031e-03,4.01400310e-04,0.026760,-8.57576717e-03,1.98177444e-03
1.201000,7.89700800e-03,3.97008000e-04,0.026467,-8.78461376e-03,2.03699213e-03
1.201500,7.89251811e-03,3.92518110e-04,0.026168,-8.97979620e-03,2.08347451e-03
1.202000,7.88793721e-03,3.87937210e-04,0.025862,-9.16180155e-03,2.13467969e-03
1.202500,7.88327138e-03,3.83271380e-04,0.025551,-9.33164661e-03,2.19574117e-03
1.203000,7.87852754e-03,3.78527540e-04,0.025235,-9.48768438e-03,2.26008370e-03
1.203500,7.87371354e-03,3.73713540e-04,0.024914,-9.62800626e-03,2.31603482e-03
1.204000,7.86883713e-03,3.68837130e-04,0.024589,-9.75281546e-03,2.37623793e-03
1.204500,7.86390557e-03,3.63905570e-04,0.024260,-9.86311394e-03,2.44619692e-03
1.205000,7.85892690e-03,3.58926900e-04,0.023928,-9.95734088e-03,2.51417544e-03
1.205500,7.85390987e-03,3.53909870e-04,0.023594,-1.00340694e-02,2.56416843e-03
1.206000,7.84886226e-03,3.48862260e-04,0.023257,-1.00952150e-02,2.60939066e-03
1.206500,7.84379018e-03,3.43790180e-04,0.022919,-1.01441529e-02,2.67395708e-03
1.207000,7.83870021e-03,3.38700210e-04,0.022580,-1.01799560e-02,2.74307812e-03
1.207500,7.83360068e-03,3.33600680e-04,0.022240,-1.01990452e-02,2.82056195e-03
1.208000,7.82850072e-03,3.28500720e-04,0.021900,-1.01999331e-02,2.88017879e-03
1.208500,7.82340930e-03,3.23409300e-04,0.021561,-1.01828263e-02,2.93796468e-03
1.209000,7.81833389e-03,3.18333890e-04,0.021222,-1.01508205e-02,3.00343607e-03
1.209500,7.81328212e-03,3.13282120e-04,0.020885,-1.01035370e-02,3.07706200e-03
1.210000,7.80826263e-03,3.08262630e-04,0.020551,-1.00389926e-02,3.16725963e-03
1.210500,7.80328544e-03,3.03285440e-04,0.020219,-9.95438303e-03,3.23908937e-03
1.211000,7.79836113e-03,2.98361130e-04,0.019891,-9.84861121e-03,3.31690744e-03
1.211500,7.79349905e-03,2.93499050e-04,0.019567,-9.72416378e-03,3.38498280e-03
1.212000,7.78870859e-03,2.88708590e-04,0.019247,-9.58091886e-03,3.45903738e-03
1.212500,7.78399862e-03,2.83998620e-04,0.018933,-9.41994759e-03,3.52039235e-03
1.213000,7.77937792e-03,2.79377920e-04,0.018625,-9.24139104e-03,3.55573292e-03
1.213500,7.77485310e-03,2.74853100e-04,0.018324,-9.04963475e-03,3.62748213e-03
1.214000,7.77043024e-03,2.70430240e-04,0.018029,-8.84573125e-03,3.67637738e-03
1.214500,7.76611738e-03,2.66117380e-04,0.017741,-8.62572270e-03,3.73528684e-03
1.215000,7.76192114e-03,2.61921140e-04,0.017461,-8.39247645e-03,3.80195432e-03
1.215500,7.75784931e-03,2.57849310e-04,0.017190,-8.14366213e-03,3.85326574e-03
1.216000,7.75390962e-03,2.53909620e-04,0.016927,-7.87936358e-03,3.89965203e-03
1.216500,7.75010836e-03,2.50108360e-04,0.016674,-7.60253786e-03,3.93838226e-03
1.217000,7.74645102e-03,2.46451020e-04,0.016430,-7.31467066e-03,3.97768049e-03
1.217500,7.74294254e-03,2.42942540e-04,0.016196,-7.01696894e-03,4.01181014e-03
1.218000,7.73958764e-03,2.39587640e-04,0.015973,-6.70979644e-03,4.04560264e-03
1.218500,7.73639062e-03,2.36390620e-04,0.015759,-6.39403168e-03,4.07775833e-03
1.219000,7.73335568e-03,2.33355680e-04,0.015557,-6.06987475e-03,4.10011204e-03
1.219500,7.73048645e-03,2.30486450e-04,0.015366,-5.73846111e-03,4.12416289e-03
1.220000,7.72778583e-03,2.27785830e-04,0.015186,-5.40125026e-03,4.13803861e-03
1.220500,7.72525640e-03,2.25256400e-04,0.015017,-5.05886321e-03,4.15305065e-03
1.221000,7.72289996e-03,2.22899960e-04,0.014860,-4.71287030e-03,4.15961641e-03
1.221500,7.72071805e-03,2.20718050e-04,0.014715,-4.36383176e-03,4.16215293e-03
1.222000,7.71871130e-03,2.18711300e-04,0.014581,-4.01349079e-03,4.17340529e-03
1.222500,7.71688043e-03,2.16880430e-04,0.014459,-3.66173838e-03,4.17350119e-03
1.223000,7.71522637e-03,2.15226370e-04,0.014348,-3.30812977e-03,4.17186474e-03
1.223500,7.71374904e-03,2.13749040e-04,0.014250,-2.95465011e-03,4.16607900e-03
1.224000,7.71244807e-03,2.12448070e-04,0.014163,-2.60195074e-03,4.15617338e-03
1.224500,7.71132253e-03,2.11322530e-04,0.014088,-2.25107728e-03,4.14236744e-03
1.225000,7.71037100e-03,2.10371000e-04,0.014025,-1.90305111e-03,4.12485863e-03
1.225500,7.70959158e-03,2.09591580e-04,0.013973,-1.55884009e-03,4.10379198e-03
1.226000,7.70898190e-03,2.08981900e-04,0.013932,-1.21936685e-03,4.07961576e-03
1.226500,7.70853915e-03,2.08539150e-04,0.013903,-8.85490565e-04,4.05216428e-03
1.227000,7.70826015e-03,2.08260150e-04,0.013884,-5.58011438e-04,4.02362964e-03
1.227500,7.70814137e-03,2.08141370e-04,0.013876,-2.37563065e-04,3.99355387e-03
1.228000,7.70817914e-03,2.08179140e-04,0.013879,7.55404249e-05,3.96131384e-03
1.228500,7.70836956e-03,2.08369560e-04,0.013891,3.80854604e-04,3.92662471e-03
1.229000,7.70870847e-03,2.08708470e-04,0.013914,6.77807537e-04,3.89070083e-03
1.229500,7.70919141e-03,2.09191410e-04,0.013946,9.65887887e-04,3.85199310e-03
1.230000,7.70981373e-03,2.09813730e-04,0.013988,1.24464675e-03,3.81157135e-03
1.230500,7.71057047e-03,2.10570470e-04,0.014038,1.51347545e-03,3.76997298e-03
1.231000,7.71145647e-03,2.11456470e-04,0.014097,1.77198849e-03,3.72740476e-03
1.231500,7.71246642e-03,2.12466420e-04,0.014164,2.01990691e-03,3.68380508e-03
1.232000,7.71359491e-03,2.13594910e-04,0.014240,2.25698026e-03,3.63911904e-03
1.232500,7.71483638e-03,2.14836380e-04,0.014322,2.48294309e-03,3.59346231e-03
1.233000,7.71618515e-03,2.16185150e-04,0.014412,2.69753121e-03,3.54849186e-03
1.233500,7.71763547e-03,2.17635470e-04,0.014509,2.90064588e-03,3.51094856e-03
1.234000,7.71918200e-03,2.19182000e-04,0.014612,3.09305651e-03,3.46680486e-03
1.234500,7.72081970e-03,2.20819700e-04,0.014721,3.27539910e-03,3.42339466e-03
1.235000,7.72254303e-03,2.22543030e-04,0.014836,3.44665465e-03,3.38098083e-03
1.235500,7.72434654e-03,2.24346540e-04,0.014956,3.60703172e-03,3.33641950e-03
1.236000,7.72622479e-03,2.26224790e-04,0.015082,3.75650403e-03,3.29048133e-03
1.236500,7.72817209e-03,2.28172090e-04,0.015211,3.89459721e-03,3.25074082e-03
1.237000,7.73018291e-03,2.30182910e-04,0.015346,4.02163317e-03,3.20542073e-03
1.237500,7.73225198e-03,2.32251980e-04,0.015483,4.13813627e-03,3.15111636e-03
1.238000,7.73437317e-03,2.34373170e-04,0.015625,4.24239590e-03,3.10704767e-03
1.238500,7.73654010e-03,2.36540100e-04,0.015769,4.33384183e-03,3.06494867e-03
1.239000,7.73874726e-03,2.38747260e-04,0.015916,4.41432897e-03,3.02195899e-03
1.239500,7.74098931e-03,2.40989310e-04,0.016066,4.48410203e-03,2.97808229e-03
1.240000,7.74326078e-03,2.43260780e-04,0.016217,4.54293630e-03,2.93481619e-03
1.240500,7.74555615e-03,2.45556150e-04,0.016370,4.59074013e-03,2.89242185e-03
1.241000,7.74786999e-03,2.47869990e-04,0.016525,4.62769086e-03,2.84915161e-03
1.241500,7.75019692e-03,2.50196920e-04,0.016680,4.65385420e-03,2.81408167e-03
1.242000,7.75253183e-03,2.52531830e-04,0.016835,4.66981137e-03,2.78361300e-03
1.242500,7.75487049e-03,2.54870490e-04,0.016991,4.67731577e-03,2.74473160e-03
1.243000,7.75720867e-03,2.57208670e-04,0.017147,4.67637912e-03,2.69696465e-03
1.243500,7.75954109e-03,2.59541090e-04,0.017303,4.66483433e-03,2.66295350e-03
1.244000,7.76186231e-03,2.61862310e-04,0.017457,4.64243860e-03,2.63266841e-03
1.244500,7.76416820e-03,2.64168200e-04,0.017611,4.61178019e-03,2.62368750e-03
1.245000,7.76645588e-03,2.66455880e-04,0.017764,4.57535466e-03,2.60986826e-03
1.245500,7.76872400e-03,2.68724000e-04,0.017915,4.53623251e-03,2.57412855e-03
1.246000,7.77096984e-03,2.70969840e-04,0.018065,4.49168106e-03,2.54468871e-03
1.246500,7.77318916e-03,2.73189160e-04,0.018213,4.43865782e-03,2.52107902e-03
1.247000,7.77537852e-03,2.75378520e-04,0.018359,4.37871278e-03,2.49803569e-03
1.247500,7.77753495e-03,2.77534950e-04,0.018502,4.31285338e-03,2.46896822e-03
1.248000,7.77965527e-03,2.79655270e-04,0.018644,4.24063996e-03,2.42168583e-03
1.248500,7.78173500e-03,2.81735000e-04,0.018782,4.15947277e-03,2.38660046e-03
1.249000,7.78376872e-03,2.83768720e-04,0.018918,4.06743922e-03,2.35913246e-03
1.249500,7.78575233e-03,2.85752330e-04,0.019050,3.96721570e-03,2.34242753e-03
1.250000,7.78768283e-03,2.87682830e-04,0.019179,3.86100468e-03,2.32942066e-03
1.250500,7.78955828e-03,2.89558280e-04,0.019304,3.75090052e-03,2.32420533e-03
1.251000,7.79137738e-03,2.91377380e-04,0.019425,3.63819940e-03,2.30869606e-03
1.251500,7.79313902e-03,2.93139020e-04,0.019543,3.52327057e-03,2.29046090e-03
1.252000,7.79484111e-03,2.94841110e-04,0.019656,3.40418266e-03,2.27243130e-03
1.252500,7.79648136e-03,2.96481360e-04,0.019765,3.28050623e-03,2.26271083e-03
1.253000,7.79805787e-03,2.98057870e-04,0.019871,3.15300973e-03,2.25763432e-03
1.253500,7.79956960e-03,2.99569600e-04,0.019971,3.02346819e-03,2.24542632e-03
1.254000,7.80101561e-03,3.01015610e-04,0.020068,2.89201362e-03,2.24038249e-03
1.254500,7.80239466e-03,3.02394660e-04,0.020160,2.75810844e-03,2.23377233e-03
1.255000,7.80370606e-03,3.03706060e-04,0.020247,2.62279056e-03,2.22694506e-03
1.255500,7.80494895e-03,3.04948950e-04,0.020330,2.48578357e-03,2.21486719e-03
1.256000,7.80612224e-03,3.06122240e-04,0.020408,2.34658758e-03,2.21238698e-03
1.256500,7.80722484e-03,3.07224840e-04,0.020482,2.20518902e-03,2.21361780e-03
1.257000,7.80825658e-03,3.08256580e-04,0.020550,2.06349201e-03,2.21644106e-03
1.257500,7.80921771e-03,3.09217710e-04,0.020615,1.92224675e-03,2.21768725e-03
1.258000,7.81010850e-03,3.10108500e-04,0.020674,1.78157527e-03,2.21804714e-03
1.258500,7.81092907e-03,3.10929070e-04,0.020729,1.64114025e-03,2.19905622e-03
1.259000,7.81167861e-03,3.11678610e-04,0.020779,1.49908515e-03,2.19832754e-03
1.259500,7.81235553e-03,3.12355530e-04,0.020824,1.35384718e-03,2.20982511e-03
1.260000,7.81296029e-03,3.12960290e-04,0.020864,1.20950616e-03,2.22360090e-03
1.260500,7.81349442e-03,3.13494420e-04,0.020900,1.06827117e-03,2.22158599e-03
1.261000,7.81395898e-03,3.13958980e-04,0.020931,9.29120120e-04,2.20820323e-03
1.261500,7.81435321e-03,3.14353210e-04,0.020957,7.88454906e-04,2.19739387e-03
1.262000,7.81467553e-03,3.14675530e-04,0.020978,6.44636386e-04,2.19909624e-03
1.262500,7.81492512e-03,3.14925120e-04,0.020995,4.99193411e-04,2.21076451e-03
1.263000,7.81510265e-03,3.15102650e-04,0.021007,3.55061679e-04,2.22450583e-03
1.263500,7.81520968e-03,3.15209680e-04,0.021014,2.14060963e-04,2.23537327e-03
1.264000,7.81524782e-03,3.15247820e-04,0.021017,7.62775684e-05,2.24384899e-03
1.264500,7.81521834e-03,3.15218340e-04,0.021015,-5.89718926e-05,2.25282815e-03
1.265000,7.81512232e-03,3.15122320e-04,0.021008,-1.92035646e-04,2.26393893e-03
1.265500,7.81496100e-03,3.14961000e-04,0.020997,-3.22642545e-04,2.27660577e-03
1.266000,7.81473585e-03,3.14735850e-04,0.020982,-4.50304976e-04,2.28948614e-03
1.266500,7.81444847e-03,3.14448470e-04,0.020963,-5.74748543e-04,2.30200371e-03
1.267000,7.81410049e-03,3.14100490e-04,0.020940,-6.95970260e-04,2.31456227e-03
1.267500,7.81369347e-03,3.13693470e-04,0.020913,-8.14026078e-04,2.32777762e-03
1.268000,7.81322905e-03,3.13229050e-04,0.020882,-9.28851193e-04,2.34310021e-03
1.268500,7.81270897e-03,3.12708970e-04,0.020847,-1.04015143e-03,2.36147359e-03
1.269000,7.81213532e-03,3.12135320e-04,0.020809,-1.14731103e-03,2.38022882e-03
1.269500,7.81151042e-03,3.11510420e-04,0.020767,-1.24979525e-03,2.39801839e-03
1.270000,7.81083661e-03,3.10836610e-04,0.020722,-1.34762678e-03,2.41858458e-03
1.270500,7.81011625e-03,3.10116250e-04,0.020674,-1.44071867e-03,2.44331185e-03
1.271000,7.80935212e-03,3.09352120e-04,0.020623,-1.52824708e-03,2.46117608e-03
1.271500,7.80854705e-03,3.08547050e-04,0.020570,-1.61013554e-03,2.47696653e-03
1.272000,7.80770321e-03,3.07703210e-04,0.020514,-1.68769437e-03,2.49403212e-03
1.272500,7.80682263e-03,3.06822630e-04,0.020455,-1.76115137e-03,2.51356289e-03
1.273000,7.80590759e-03,3.05907590e-04,0.020394,-1.83007917e-03,2.53427420e-03
1.273500,7.80496061e-03,3.04960610e-04,0.020331,-1.89396859e-03,2.55396613e-03
1.274000,7.80398425e-03,3.03984250e-04,0.020266,-1.95271590e-03,2.57496202e-03
1.274500,7.80298106e-03,3.02981060e-04,0.020199,-2.00637321e-03,2.59503881e-03
1.275000,7.80195366e-03,3.01953660e-04,0.020130,-2.05480766e-03,2.61210016e-03
1.275500,7.80090444e-03,3.00904440e-04,0.020060,-2.09843680e-03,2.63025411e-03
1.276000,7.79983561e-03,2.99835610e-04,0.019989,-2.13765918e-03,2.64980288e-03
1.276500,7.79874953e-03,2.98749530e-04,0.019917,-2.17217205e-03,2.67275404e-03
1.277000,7.79764880e-03,2.97648800e-04,0.019843,-2.20144553e-03,2.69240088e-03
1.277500,7.79653620e-03,2.96536200e-04,0.019769,-2.22521311e-03,2.71067537e-03
1.278000,7.79541413e-03,2.95414130e-04,0.019694,-2.24413870e-03,2.72925978e-03
1.278500,7.79428492e-03,2.94284920e-04,0.019619,-2.25842026e-03,2.74767413e-03
1.279000,7.79315091e-03,2.93150910e-04,0.019543,-2.26802194e-03,2.76689675e-03
1.279500,7.79201446e-03,2.92014460e-04,0.019468,-2.27290020e-03,2.78467059e-03
1.280000,7.79087793e-03,2.90877930e-04,0.019392,-2.27305040e-03,2.80167134e-03
1.280500,7.78974354e-03,2.89743540e-04,0.019316,-2.26877880e-03,2.81567062e-03
1.281000,7.78861330e-03,2.88613300e-04,0.019241,-2.26047775e-03,2.82858075e-03
1.281500,7.78748893e-03,2.87488930e-04,0.019166,-2.24873641e-03,2.84633745e-03
1.282000,7.78637228e-03,2.86372280e-04,0.019091,-2.23330509e-03,2.86357948e-03
1.282500,7.78526556e-03,2.85265560e-04,0.019018,-2.21343346e-03,2.87841751e-03
1.283000,7.78417086e-03,2.84170860e-04,0.018945,-2.18941858e-03,2.88966675e-03
1.283500,7.78308987e-03,2.83089870e-04,0.018873,-2.16197254e-03,2.89955086e-03
1.284000,7.78202397e-03,2.82023970e-04,0.018802,-2.13180535e-03,2.91221737e-03
1.284500,7.78097452e-03,2.80974520e-04,0.018732,-2.09889514e-03,2.92591955e-03
1.285000,7.77994317e-03,2.79943170e-04,0.018663,-2.06269346e-03,2.93745011e-03
1.285500,7.77893156e-03,2.78931560e-04,0.018595,-2.02322225e-03,2.94733102e-03
1.286000,7.77794107e-03,2.77941070e-04,0.018529,-1.98098397e-03,2.96480554e-03
1.286500,7.77697328e-03,2.76973280e-04,0.018465,-1.93557809e-03,2.97682333e-03
1.287000,7.77603016e-03,2.76030160e-04,0.018402,-1.88624016e-03,2.98734594e-03
1.287500,7.77511316e-03,2.75113160e-04,0.018341,-1.83399841e-03,2.99798694e-03
1.288000,7.77422362e-03,2.74223620e-04,0.018282,-1.77908790e-03,3.00726943e-03
1.288500,7.77336281e-03,2.73362810e-04,0.018224,-1.72160931e-03,3.01574002e-03
1.289000,7.77253188e-03,2.72531880e-04,0.018169,-1.66185749e-03,3.02380582e-03
1.289500,7.77173188e-03,2.71731880e-04,0.018115,-1.60000157e-03,3.03165397e-03
1.290000,7.77096382e-03,2.70963820e-04,0.018064,-1.53612725e-03,3.03847893e-03
1.290500,7.77022864e-03,2.70228640e-04,0.018015,-1.47036075e-03,3.04423708e-03
1.291000,7.76952716e-03,2.69527160e-04,0.017968,-1.40296441e-03,3.04916808e-03
1.291500,7.76886006e-03,2.68860060e-04,0.017924,-1.33418655e-03,3.05355097e-03
1.292000,7.76822796e-03,2.68227960e-04,0.017882,-1.26421144e-03,3.06176294e-03
1.292500,7.76763156e-03,2.67631560e-04,0.017842,-1.19279053e-03,3.06527428e-03
1.293000,7.76707171e-03,2.67071710e-04,0.017805,-1.11971069e-03,3.06450483e-03
1.293500,7.76654865e-03,2.66548650e-04,0.017770,-1.04612229e-03,3.06619691e-03
1.294000,7.76606239e-03,2.66062390e-04,0.017737,-9.72510624e-04,3.06724580e-03
1.294500,7.76561313e-03,2.65613130e-04,0.017708,-8.98528367e-04,3.06825319e-03
1.295000,7.76520098e-03,2.65200980e-04,0.017680,-8.24284801e-04,3.06848330e-03
1.295500,7.76482606e-03,2.64826060e-04,0.017655,-7.49855468e-04,3.06819444e-03
1.296000,7.76448835e-03,2.64488350e-04,0.017633,-6.75413890e-04,3.06654535e-03
1.296500,7.76418777e-03,2.64187770e-04,0.017613,-6.01165556e-04,3.06437088e-03
1.297000,7.76392408e-03,2.63924080e-04,0.017595,-5.27380281e-04,3.06185050e-03
1.297500,7.76369699e-03,2.63696990e-04,0.017580,-4.54174920e-04,3.05908724e-03
1.298000,7.76350617e-03,2.63506170e-04,0.017567,-3.81627751e-04,3.05588842e-03
1.298500,7.76335127e-03,2.63351270e-04,0.017557,-3.09817167e-04,3.05210008e-03
1.299000,7.76323183e-03,2.63231830e-04,0.017549,-2.38866815e-04,3.04774018e-03
1.299500,7.76314737e-03,2.63147370e-04,0.017543,-1.68924038e-04,3.04284649e-03
1.300000,7.76309731e-03,2.63097310e-04,0.017540,-1.00129886e-04,3.03766656e-03
