# FeatFloWer certified run q2p1_dns_rundir_e4_l4 (particle_force.log, every CFD step)
# case=E4 level=L4 D/h=49.098 dt=0.001 s; quarter-box benchSym mesh, FBM Q2/P1, serial PE HardContactAndFluid, lubrication OFF
# columns: t_s, z_center_m, gap_m (=z_center-0.0075), h_over_d (=gap/0.015), u_z_mps, F_z_N (hydrodynamic force on the sphere, full-sphere value)
0.001000,1.27500000e-01,1.20000000e-01,8.000000,0.00000000e+00,0.00000000e+00
0.002000,1.27498599e-01,1.19998599e-01,7.999907,-1.40142857e-03,1.13704893e-03
0.003000,1.27495997e-01,1.19995997e-01,7.999733,-2.60178275e-03,1.63790228e-03
0.004000,1.27492657e-01,1.19992657e-01,7.999510,-3.34014272e-03,1.41102843e-03
0.005000,1.27488703e-01,1.19988703e-01,7.999247,-3.95413507e-03,1.06673334e-03
0.006000,1.27483999e-01,1.19983999e-01,7.998933,-4.70352092e-03,1.05007499e-03
0.007000,1.27478430e-01,1.19978430e-01,7.998562,-5.56892428e-03,1.24266153e-03
0.008000,1.27472024e-01,1.19972024e-01,7.998135,-6.40574170e-03,1.38089958e-03
0.009000,1.27464869e-01,1.19964869e-01,7.997658,-7.15486497e-03,1.38186563e-03
0.010000,1.27457011e-01,1.19957011e-01,7.997134,-7.85841797e-03,1.33594069e-03
0.011000,1.27448441e-01,1.19948441e-01,7.996563,-8.56977501e-03,1.33316427e-03
0.012000,1.27439145e-01,1.19939145e-01,7.995943,-9.29670546e-03,1.37711516e-03
0.013000,1.27429128e-01,1.19929128e-01,7.995275,-1.00167755e-02,1.42428783e-03
0.014000,1.27418414e-01,1.19918414e-01,7.994561,-1.07140695e-02,1.44149599e-03
0.015000,1.27407021e-01,1.19907021e-01,7.993801,-1.13928282e-02,1.44706181e-03
0.016000,1.27394956e-01,1.19894956e-01,7.992997,-1.20649512e-02,1.45594481e-03
0.017000,1.27382222e-01,1.19882222e-01,7.992148,-1.27336754e-02,1.47425192e-03
0.018000,1.27368826e-01,1.19868826e-01,7.991255,-1.33962449e-02,1.49837422e-03
0.019000,1.27354777e-01,1.19854777e-01,7.990318,-1.40485364e-02,1.51635550e-03
0.020000,1.27340088e-01,1.19840088e-01,7.989339,-1.46897259e-02,1.52477643e-03
0.021000,1.27324764e-01,1.19824764e-01,7.988318,-1.53235210e-02,1.53647969e-03
0.022000,1.27308812e-01,1.19808812e-01,7.987254,-1.59524809e-02,1.55618077e-03
0.023000,1.27292238e-01,1.19792238e-01,7.986149,-1.65741134e-02,1.57131409e-03
0.024000,1.27275051e-01,1.19775051e-01,7.985003,-1.71865996e-02,1.58443303e-03
0.025000,1.27257259e-01,1.19757259e-01,7.983817,-1.77917958e-02,1.60041646e-03
0.026000,1.27238869e-01,1.19738869e-01,7.982591,-1.83898571e-02,1.61358825e-03
0.027000,1.27219889e-01,1.19719889e-01,7.981326,-1.89803399e-02,1.62281597e-03
0.028000,1.27200324e-01,1.19700324e-01,7.980022,-1.95648651e-02,1.63139135e-03
0.029000,1.27180179e-01,1.19680179e-01,7.978679,-2.01448433e-02,1.63419260e-03
0.030000,1.27159458e-01,1.19659458e-01,7.977297,-2.07215098e-02,1.63919903e-03
0.031000,1.27138161e-01,1.19638161e-01,7.975877,-2.12963710e-02,1.65910510e-03
0.032000,1.27116295e-01,1.19616295e-01,7.974420,-2.18660679e-02,1.66273214e-03
0.033000,1.27093867e-01,1.19593867e-01,7.972924,-2.24285860e-02,1.67773547e-03
0.034000,1.27070880e-01,1.19570880e-01,7.971392,-2.29872597e-02,1.68751567e-03
0.035000,1.27047340e-01,1.19547340e-01,7.969823,-2.35392765e-02,1.69833424e-03
0.036000,1.27023254e-01,1.19523254e-01,7.968217,-2.40861683e-02,1.71120074e-03
0.037000,1.26998627e-01,1.19498627e-01,7.966575,-2.46272317e-02,1.72096617e-03
0.038000,1.26973465e-01,1.19473465e-01,7.964898,-2.51623427e-02,1.73660083e-03
0.039000,1.26947773e-01,1.19447773e-01,7.963185,-2.56914818e-02,1.74397026e-03
0.040000,1.26921559e-01,1.19421559e-01,7.961437,-2.62141830e-02,1.74974481e-03
0.041000,1.26894825e-01,1.19394825e-01,7.959655,-2.67334429e-02,1.74447688e-03
0.042000,1.26867574e-01,1.19367574e-01,7.957838,-2.72517378e-02,1.74932201e-03
0.043000,1.26839803e-01,1.19339803e-01,7.955987,-2.77709060e-02,1.76274040e-03
0.044000,1.26811517e-01,1.19311517e-01,7.954101,-2.82861101e-02,1.77227227e-03
0.045000,1.26782721e-01,1.19282721e-01,7.952181,-2.87952218e-02,1.77936326e-03
0.046000,1.26753421e-01,1.19253421e-01,7.950228,-2.92999492e-02,1.78899654e-03
0.047000,1.26723621e-01,1.19223621e-01,7.948241,-2.98006442e-02,1.80453818e-03
0.048000,1.26693325e-01,1.19193325e-01,7.946222,-3.02954271e-02,1.81917079e-03
0.049000,1.26662543e-01,1.19162543e-01,7.944170,-3.07825183e-02,1.82569291e-03
0.050000,1.26631279e-01,1.19131279e-01,7.942085,-3.12636506e-02,1.82151623e-03
0.051000,1.26599536e-01,1.19099536e-01,7.939969,-3.17433795e-02,1.81106250e-03
0.052000,1.26567310e-01,1.19067310e-01,7.937821,-3.22263287e-02,1.82110288e-03
0.053000,1.26534599e-01,1.19034599e-01,7.935640,-3.27109356e-02,1.83617084e-03
0.054000,1.26501409e-01,1.19001409e-01,7.933427,-3.31895804e-02,1.84663698e-03
0.055000,1.26467748e-01,1.18967748e-01,7.931183,-3.36614259e-02,1.85708597e-03
0.056000,1.26433620e-01,1.18933620e-01,7.928908,-3.41279864e-02,1.86863678e-03
0.057000,1.26399031e-01,1.18899031e-01,7.926602,-3.45890726e-02,1.88138373e-03
0.058000,1.26363986e-01,1.18863986e-01,7.924266,-3.50441112e-02,1.87653230e-03
0.059000,1.26328491e-01,1.18828491e-01,7.921899,-3.54958214e-02,1.86532185e-03
0.060000,1.26292540e-01,1.18792540e-01,7.919503,-3.59511074e-02,1.87044673e-03
0.061000,1.26256130e-01,1.18756130e-01,7.917075,-3.64091687e-02,1.88750609e-03
0.062000,1.26219268e-01,1.18719268e-01,7.914618,-3.68625303e-02,1.89295579e-03
0.063000,1.26181958e-01,1.18681958e-01,7.912131,-3.73093255e-02,1.90382272e-03
0.064000,1.26144206e-01,1.18644206e-01,7.909614,-3.77524093e-02,1.92416263e-03
0.065000,1.26106018e-01,1.18606018e-01,7.907068,-3.81883274e-02,1.92869226e-03
0.066000,1.26067401e-01,1.18567401e-01,7.904493,-3.86167645e-02,1.91970066e-03
0.067000,1.26028356e-01,1.18528356e-01,7.901890,-3.90453040e-02,1.90449669e-03
0.068000,1.25988876e-01,1.18488876e-01,7.899258,-3.94794852e-02,1.91169656e-03
0.069000,1.25948959e-01,1.18448959e-01,7.896597,-3.99173864e-02,1.93103994e-03
0.070000,1.25908609e-01,1.18408609e-01,7.893907,-4.03495024e-02,1.95076890e-03
0.071000,1.25867838e-01,1.18367838e-01,7.891189,-4.07717769e-02,1.96422630e-03
0.072000,1.25826652e-01,1.18326652e-01,7.888443,-4.11851923e-02,1.96324468e-03
0.073000,1.25785058e-01,1.18285058e-01,7.885671,-4.15943617e-02,1.94996793e-03
0.074000,1.25743052e-01,1.18243052e-01,7.882870,-4.20062013e-02,1.93955310e-03
0.075000,1.25700628e-01,1.18200628e-01,7.880042,-4.24242429e-02,1.95688649e-03
0.076000,1.25657785e-01,1.18157785e-01,7.877186,-4.28426397e-02,1.96524681e-03
0.077000,1.25614531e-01,1.18114531e-01,7.874302,-4.32538655e-02,1.98472610e-03
0.078000,1.25570872e-01,1.18070872e-01,7.871391,-4.36589010e-02,1.99994856e-03
0.079000,1.25526817e-01,1.18026817e-01,7.868454,-4.40548473e-02,1.99295359e-03
0.080000,1.25482370e-01,1.17982370e-01,7.865491,-4.44470313e-02,1.97659576e-03
0.081000,1.25437526e-01,1.17937526e-01,7.862502,-4.48444052e-02,1.96788227e-03
0.082000,1.25392277e-01,1.17892277e-01,7.859485,-4.52486921e-02,1.98983637e-03
0.083000,1.25346625e-01,1.17846625e-01,7.856442,-4.56519584e-02,2.01455295e-03
0.084000,1.25300582e-01,1.17800582e-01,7.853372,-4.60436437e-02,2.03576285e-03
0.085000,1.25254158e-01,1.17754158e-01,7.850277,-4.64234611e-02,2.02361771e-03
0.086000,1.25207360e-01,1.17707360e-01,7.847157,-4.67984605e-02,2.00024628e-03
0.087000,1.25160178e-01,1.17660178e-01,7.844012,-4.71815815e-02,1.99134380e-03
0.088000,1.25112604e-01,1.17612604e-01,7.840840,-4.75739524e-02,2.01412629e-03
0.089000,1.25064639e-01,1.17564639e-01,7.837643,-4.79652181e-02,2.04303242e-03
0.090000,1.25016295e-01,1.17516295e-01,7.834420,-4.83438900e-02,2.06371643e-03
0.091000,1.24967586e-01,1.17467586e-01,7.831172,-4.87094110e-02,2.04815360e-03
0.092000,1.24918515e-01,1.17418515e-01,7.827901,-4.90708912e-02,2.02030254e-03
0.093000,1.24869072e-01,1.17369072e-01,7.824605,-4.94424075e-02,2.01981227e-03
0.094000,1.24819249e-01,1.17319249e-01,7.821283,-4.98231573e-02,2.05312766e-03
0.095000,1.24769051e-01,1.17269051e-01,7.817937,-5.01981766e-02,2.06879793e-03
0.096000,1.24718491e-01,1.17218491e-01,7.814566,-5.05594835e-02,2.08391109e-03
0.097000,1.24667578e-01,1.17167578e-01,7.811172,-5.09129715e-02,2.05436996e-03
0.098000,1.24616312e-01,1.17116312e-01,7.807754,-5.12667201e-02,2.03304088e-03
0.099000,1.24564678e-01,1.17064678e-01,7.804312,-5.16339423e-02,2.05409380e-03
0.100000,1.24512673e-01,1.17012673e-01,7.800845,-5.20044463e-02,2.08196117e-03
0.101000,1.24460310e-01,1.16960310e-01,7.797354,-5.23631082e-02,2.10923591e-03
0.102000,1.24407602e-01,1.16907602e-01,7.793840,-5.27077947e-02,2.09125311e-03
0.103000,1.24354556e-01,1.16854556e-01,7.790304,-5.30467039e-02,2.06128853e-03
0.104000,1.24301159e-01,1.16801159e-01,7.786744,-5.33968178e-02,2.06260587e-03
0.105000,1.24247402e-01,1.16747402e-01,7.783160,-5.37565396e-02,2.09620721e-03
0.106000,1.24193293e-01,1.16693293e-01,7.779553,-5.41098867e-02,2.12467624e-03
0.107000,1.24138845e-01,1.16638845e-01,7.775923,-5.44471643e-02,2.10854778e-03
0.108000,1.24084067e-01,1.16584067e-01,7.772271,-5.47779442e-02,2.08560114e-03
0.109000,1.24028949e-01,1.16528949e-01,7.768597,-5.51180789e-02,2.08100572e-03
0.110000,1.23973483e-01,1.16473483e-01,7.764899,-5.54665623e-02,2.10183351e-03
0.111000,1.23917670e-01,1.16417670e-01,7.761178,-5.58128717e-02,2.14310553e-03
0.112000,1.23861525e-01,1.16361525e-01,7.757435,-5.61450424e-02,2.13238559e-03
0.113000,1.23805059e-01,1.16305059e-01,7.753671,-5.64655545e-02,2.10653349e-03
0.114000,1.23748265e-01,1.16248265e-01,7.749884,-5.67941588e-02,2.09244305e-03
0.115000,1.23691131e-01,1.16191131e-01,7.746075,-5.71337451e-02,2.12846076e-03
0.116000,1.23633660e-01,1.16133660e-01,7.742244,-5.74715896e-02,2.16078516e-03
0.117000,1.23575868e-01,1.16075868e-01,7.738391,-5.77918891e-02,2.14743220e-03
0.118000,1.23517764e-01,1.16017764e-01,7.734518,-5.81039341e-02,2.11022207e-03
0.119000,1.23459337e-01,1.15959337e-01,7.730622,-5.84269446e-02,2.11579912e-03
0.120000,1.23400576e-01,1.15900576e-01,7.726705,-5.87611892e-02,2.14420707e-03
0.121000,1.23341487e-01,1.15841487e-01,7.722766,-5.90885786e-02,2.18087660e-03
0.122000,1.23282087e-01,1.15782087e-01,7.718806,-5.94001539e-02,2.15902228e-03
0.123000,1.23222384e-01,1.15722384e-01,7.714826,-5.97035510e-02,2.11524766e-03
0.124000,1.23162362e-01,1.15662362e-01,7.710824,-6.00218664e-02,2.13890349e-03
0.125000,1.23102011e-01,1.15602011e-01,7.706801,-6.03503748e-02,2.17376440e-03
0.126000,1.23041346e-01,1.15541346e-01,7.702756,-6.06649495e-02,2.19534376e-03
0.127000,1.22980382e-01,1.15480382e-01,7.698692,-6.09642594e-02,2.15947433e-03
0.128000,1.22919119e-01,1.15419119e-01,7.694608,-6.12628253e-02,2.13741104e-03
0.129000,1.22857542e-01,1.15357542e-01,7.690503,-6.15770729e-02,2.15896262e-03
0.130000,1.22795647e-01,1.15295647e-01,7.686376,-6.18947553e-02,2.20722743e-03
0.131000,1.22733451e-01,1.15233451e-01,7.682230,-6.21968247e-02,2.19964117e-03
0.132000,1.22670966e-01,1.15170966e-01,7.678064,-6.24843848e-02,2.14866536e-03
0.133000,1.22608183e-01,1.15108183e-01,7.673879,-6.27834509e-02,2.16014259e-03
0.134000,1.22545086e-01,1.15045086e-01,7.669672,-6.30972285e-02,2.19843330e-03
0.135000,1.22481685e-01,1.14981685e-01,7.665446,-6.34004656e-02,2.22381855e-03
0.136000,1.22417998e-01,1.14917998e-01,7.661200,-6.36866383e-02,2.18348623e-03
0.137000,1.22354027e-01,1.14854027e-01,7.656935,-6.39716065e-02,2.16472751e-03
0.138000,1.22289754e-01,1.14789754e-01,7.652650,-6.42731376e-02,2.19037157e-03
0.139000,1.22225177e-01,1.14725177e-01,7.648345,-6.45762945e-02,2.23531827e-03
0.140000,1.22160314e-01,1.14660314e-01,7.644021,-6.48630813e-02,2.21049389e-03
0.141000,1.22095175e-01,1.14595175e-01,7.639678,-6.51394967e-02,2.17522098e-03
0.142000,1.22029745e-01,1.14529745e-01,7.635316,-6.54303025e-02,2.20073702e-03
0.143000,1.21964016e-01,1.14464016e-01,7.630934,-6.57281802e-02,2.23807873e-03
0.144000,1.21898005e-01,1.14398005e-01,7.626534,-6.60110746e-02,2.23137866e-03
0.145000,1.21831722e-01,1.14331722e-01,7.622115,-6.62828903e-02,2.18301670e-03
0.146000,1.21765157e-01,1.14265157e-01,7.617677,-6.65654586e-02,2.20143284e-03
0.147000,1.21698296e-01,1.14198296e-01,7.613220,-6.68606530e-02,2.24708861e-03
0.148000,1.21631155e-01,1.14131155e-01,7.608744,-6.71417256e-02,2.25307776e-03
0.149000,1.21563748e-01,1.14063748e-01,7.604250,-6.74067450e-02,2.20582818e-03
0.150000,1.21496070e-01,1.13996070e-01,7.599738,-6.76781531e-02,2.20429594e-03
0.151000,1.21428104e-01,1.13928104e-01,7.595207,-6.79653496e-02,2.24776889e-03
0.152000,1.21359859e-01,1.13859859e-01,7.590657,-6.82453616e-02,2.26274127e-03
0.153000,1.21291351e-01,1.13791351e-01,7.586090,-6.85084487e-02,2.22956668e-03
0.154000,1.21222578e-01,1.13722578e-01,7.581505,-6.87724852e-02,2.21300011e-03
0.155000,1.21153528e-01,1.13653528e-01,7.576902,-6.90503464e-02,2.24740220e-03
0.156000,1.21084200e-01,1.13584200e-01,7.572280,-6.93275646e-02,2.27662530e-03
0.157000,1.21014612e-01,1.13514612e-01,7.567641,-6.95883170e-02,2.24225644e-03
0.158000,1.20944766e-01,1.13444766e-01,7.562984,-6.98455497e-02,2.22347928e-03
0.159000,1.20874649e-01,1.13374649e-01,7.558310,-7.01173903e-02,2.26270169e-03
0.160000,1.20804260e-01,1.13304260e-01,7.553617,-7.03884615e-02,2.28329100e-03
0.161000,1.20733617e-01,1.13233617e-01,7.548908,-7.06430105e-02,2.24835910e-03
0.162000,1.20662720e-01,1.13162720e-01,7.544181,-7.08969749e-02,2.23579705e-03
0.163000,1.20591556e-01,1.13091556e-01,7.539437,-7.11646330e-02,2.27667583e-03
0.164000,1.20520127e-01,1.13020127e-01,7.534675,-7.14291877e-02,2.29525194e-03
0.165000,1.20448450e-01,1.12948450e-01,7.529897,-7.16770322e-02,2.25026645e-03
0.166000,1.20376523e-01,1.12876523e-01,7.525102,-7.19267312e-02,2.25450273e-03
0.167000,1.20304332e-01,1.12804332e-01,7.520289,-7.21904550e-02,2.29781876e-03
0.168000,1.20231887e-01,1.12731887e-01,7.515459,-7.24451276e-02,2.29313288e-03
0.169000,1.20159201e-01,1.12659201e-01,7.510613,-7.26864031e-02,2.24780928e-03
0.170000,1.20086264e-01,1.12586264e-01,7.505751,-7.29372326e-02,2.26685433e-03
0.171000,1.20013064e-01,1.12513064e-01,7.500871,-7.31995791e-02,2.31655105e-03
0.172000,1.19939617e-01,1.12439617e-01,7.495974,-7.34468827e-02,2.29815611e-03
0.173000,1.19865936e-01,1.12365936e-01,7.491062,-7.36811180e-02,2.26123909e-03
0.174000,1.19792008e-01,1.12292008e-01,7.486134,-7.39279228e-02,2.28434351e-03
0.175000,1.19717825e-01,1.12217825e-01,7.481188,-7.41827660e-02,2.32494759e-03
0.176000,1.19643402e-01,1.12143402e-01,7.476227,-7.44228410e-02,2.29737665e-03
0.177000,1.19568748e-01,1.12068748e-01,7.471250,-7.46544566e-02,2.26471704e-03
0.178000,1.19493847e-01,1.11993847e-01,7.466256,-7.49009024e-02,2.29631439e-03
0.179000,1.19418695e-01,1.11918695e-01,7.461246,-7.51524865e-02,2.33204230e-03
0.180000,1.19343307e-01,1.11843307e-01,7.456220,-7.53873754e-02,2.29686652e-03
0.181000,1.19267691e-01,1.11767691e-01,7.451179,-7.56167513e-02,2.28286225e-03
0.182000,1.19191830e-01,1.11691830e-01,7.446122,-7.58601558e-02,2.33402127e-03
0.183000,1.19115731e-01,1.11615731e-01,7.441049,-7.60991127e-02,2.32558234e-03
0.184000,1.19039408e-01,1.11539408e-01,7.435961,-7.63227605e-02,2.28739363e-03
0.185000,1.18962853e-01,1.11462853e-01,7.430857,-7.65559330e-02,2.30385181e-03
0.186000,1.18886054e-01,1.11386054e-01,7.425737,-7.67987369e-02,2.35367294e-03
0.187000,1.18809027e-01,1.11309027e-01,7.420602,-7.70273253e-02,2.32682628e-03
0.188000,1.18731782e-01,1.11231782e-01,7.415452,-7.72442992e-02,2.28117828e-03
0.189000,1.18654304e-01,1.11154304e-01,7.410287,-7.74781623e-02,2.32982665e-03
0.190000,1.18576586e-01,1.11076586e-01,7.405106,-7.77184140e-02,2.35606591e-03
0.191000,1.18498648e-01,1.10998648e-01,7.399910,-7.79380487e-02,2.30842203e-03
0.192000,1.18420490e-01,1.10920490e-01,7.394699,-7.81574914e-02,2.31293188e-03
0.193000,1.18342098e-01,1.10842098e-01,7.389473,-7.83917834e-02,2.36509131e-03
0.194000,1.18263483e-01,1.10763483e-01,7.384232,-7.86153706e-02,2.34601449e-03
0.195000,1.18184658e-01,1.10684658e-01,7.378977,-7.88252014e-02,2.30670630e-03
0.196000,1.18105609e-01,1.10605609e-01,7.373707,-7.90482484e-02,2.34091932e-03
0.197000,1.18026331e-01,1.10526331e-01,7.368422,-7.92781547e-02,2.36617319e-03
0.198000,1.17946839e-01,1.10446839e-01,7.363123,-7.94923591e-02,2.32961305e-03
0.199000,1.17867134e-01,1.10367134e-01,7.357809,-7.97047349e-02,2.32721978e-03
0.200000,1.17787205e-01,1.10287205e-01,7.352480,-7.99295409e-02,2.37913328e-03
0.201000,1.17707059e-01,1.10207059e-01,7.347137,-8.01459525e-02,2.36090014e-03
0.202000,1.17626710e-01,1.10126710e-01,7.341781,-8.03485393e-02,2.31701667e-03
0.203000,1.17546145e-01,1.10046145e-01,7.336410,-8.05648745e-02,2.35736938e-03
0.204000,1.17465357e-01,1.09965357e-01,7.331024,-8.07884857e-02,2.38305849e-03
0.205000,1.17384363e-01,1.09884363e-01,7.325624,-8.09943016e-02,2.33557458e-03
0.206000,1.17303162e-01,1.09803162e-01,7.320211,-8.12000779e-02,2.34138980e-03
0.207000,1.17221742e-01,1.09721742e-01,7.314783,-8.14204202e-02,2.39858819e-03
0.208000,1.17140113e-01,1.09640113e-01,7.309341,-8.16287378e-02,2.37108585e-03
0.209000,1.17058290e-01,1.09558290e-01,7.303886,-8.18231341e-02,2.32630771e-03
0.210000,1.16976256e-01,1.09476256e-01,7.298417,-8.20344810e-02,2.38738233e-03
0.211000,1.16894006e-01,1.09394006e-01,7.292934,-8.22497335e-02,2.38942653e-03
0.212000,1.16811561e-01,1.09311561e-01,7.287437,-8.24445666e-02,2.35312017e-03
0.213000,1.16728916e-01,1.09228916e-01,7.281928,-8.26451487e-02,2.36437205e-03
0.214000,1.16646061e-01,1.09146061e-01,7.276404,-8.28556646e-02,2.40477347e-03
0.215000,1.16563005e-01,1.09063005e-01,7.270867,-8.30553407e-02,2.36882379e-03
0.216000,1.16479757e-01,1.08979757e-01,7.265317,-8.32481057e-02,2.36050817e-03
0.217000,1.16396303e-01,1.08896303e-01,7.259754,-8.34541476e-02,2.41134665e-03
0.218000,1.16312649e-01,1.08812649e-01,7.254177,-8.36539303e-02,2.38956076e-03
0.219000,1.16228808e-01,1.08728808e-01,7.248587,-8.38408694e-02,2.34983862e-03
0.220000,1.16144766e-01,1.08644766e-01,7.242984,-8.40419878e-02,2.39613342e-03
0.221000,1.16060518e-01,1.08560518e-01,7.237368,-8.42479648e-02,2.41269646e-03
0.222000,1.15976082e-01,1.08476082e-01,7.231739,-8.44358089e-02,2.36980844e-03
0.223000,1.15891457e-01,1.08391457e-01,7.226097,-8.46257977e-02,2.39081071e-03
0.224000,1.15806630e-01,1.08306630e-01,7.220442,-8.48261575e-02,2.41516918e-03
0.225000,1.15721615e-01,1.08221615e-01,7.214774,-8.50153124e-02,2.37994631e-03
0.226000,1.15636412e-01,1.08136412e-01,7.209094,-8.52026964e-02,2.38004032e-03
0.227000,1.15551011e-01,1.08051011e-01,7.203401,-8.54016314e-02,2.44003435e-03
0.228000,1.15465421e-01,1.07965421e-01,7.197695,-8.55899264e-02,2.40643018e-03
0.229000,1.15379656e-01,1.07879656e-01,7.191977,-8.57644609e-02,2.36793070e-03
0.230000,1.15293700e-01,1.07793700e-01,7.186247,-8.59568397e-02,2.43084448e-03
0.231000,1.15207549e-01,1.07707549e-01,7.180503,-8.61507367e-02,2.41815567e-03
0.232000,1.15121223e-01,1.07621223e-01,7.174748,-8.63262157e-02,2.37856391e-03
0.233000,1.15034710e-01,1.07534710e-01,7.168981,-8.65128634e-02,2.42258607e-03
0.234000,1.14948005e-01,1.07448005e-01,7.163200,-8.67047287e-02,2.43343968e-03
0.235000,1.14861125e-01,1.07361125e-01,7.157408,-8.68802171e-02,2.38972551e-03
0.236000,1.14774065e-01,1.07274065e-01,7.151604,-8.70598714e-02,2.41622109e-03
0.237000,1.14686816e-01,1.07186816e-01,7.145788,-8.72491967e-02,2.44455150e-03
0.238000,1.14599391e-01,1.07099391e-01,7.139959,-8.74248105e-02,2.39867702e-03
0.239000,1.14511792e-01,1.07011792e-01,7.134119,-8.75992326e-02,2.41122182e-03
0.240000,1.14424005e-01,1.06924005e-01,7.128267,-8.77865021e-02,2.45666218e-03
0.241000,1.14336044e-01,1.06836044e-01,7.122403,-8.79616161e-02,2.41495813e-03
0.242000,1.14247914e-01,1.06747914e-01,7.116528,-8.81291817e-02,2.40981031e-03
0.243000,1.14159603e-01,1.06659603e-01,7.110640,-8.83113538e-02,2.46259047e-03
0.244000,1.14071117e-01,1.06571117e-01,7.104741,-8.84858830e-02,2.42331387e-03
0.245000,1.13982467e-01,1.06482467e-01,7.098831,-8.86500241e-02,2.40148315e-03
0.246000,1.13893636e-01,1.06393636e-01,7.092909,-8.88309246e-02,2.46872586e-03
0.247000,1.13804629e-01,1.06304629e-01,7.086975,-8.90071036e-02,2.44289745e-03
0.248000,1.13715463e-01,1.06215463e-01,7.081031,-8.91657666e-02,2.40405798e-03
0.249000,1.13626124e-01,1.06126124e-01,7.075075,-8.93397803e-02,2.46510308e-03
0.250000,1.13536608e-01,1.06036608e-01,7.069107,-8.95157543e-02,2.45006169e-03
0.251000,1.13446933e-01,1.05946933e-01,7.063129,-8.96743401e-02,2.40783986e-03
0.252000,1.13357088e-01,1.05857088e-01,7.057139,-8.98453322e-02,2.46405034e-03
0.253000,1.13267068e-01,1.05767068e-01,7.051138,-9.00202504e-02,2.45852354e-03
0.254000,1.13176890e-01,1.05676890e-01,7.045126,-9.01776855e-02,2.41740973e-03
0.255000,1.13086546e-01,1.05586546e-01,7.039103,-9.03442063e-02,2.47005551e-03
0.256000,1.12996031e-01,1.05496031e-01,7.033069,-9.05149196e-02,2.45933736e-03
0.257000,1.12905361e-01,1.05405361e-01,7.027024,-9.06702387e-02,2.43041258e-03
0.258000,1.12814527e-01,1.05314527e-01,7.020968,-9.08341928e-02,2.46383704e-03
0.259000,1.12723525e-01,1.05223525e-01,7.014902,-9.10017354e-02,2.47512979e-03
0.260000,1.12632369e-01,1.05132369e-01,7.008825,-9.11563040e-02,2.43177533e-03
0.261000,1.12541054e-01,1.05041054e-01,7.002737,-9.13148306e-02,2.46938688e-03
0.262000,1.12449573e-01,1.04949573e-01,6.996638,-9.14809443e-02,2.47965127e-03
0.263000,1.12357940e-01,1.04857940e-01,6.990529,-9.16328907e-02,2.44117095e-03
0.264000,1.12266152e-01,1.04766152e-01,6.984410,-9.17882709e-02,2.46319607e-03
0.265000,1.12174199e-01,1.04674199e-01,6.978280,-9.19523937e-02,2.49104050e-03
0.266000,1.12082095e-01,1.04582095e-01,6.972140,-9.21043591e-02,2.44389054e-03
0.267000,1.11989839e-01,1.04489839e-01,6.965989,-9.22555180e-02,2.47303368e-03
0.268000,1.11897422e-01,1.04397422e-01,6.959828,-9.24170080e-02,2.49217574e-03
0.269000,1.11804857e-01,1.04304857e-01,6.953657,-9.25655418e-02,2.44917552e-03
0.270000,1.11712141e-01,1.04212141e-01,6.947476,-9.27153933e-02,2.47034494e-03
0.271000,1.11619266e-01,1.04119266e-01,6.941284,-9.28756231e-02,2.50004189e-03
0.272000,1.11526242e-01,1.04026242e-01,6.935083,-9.30236489e-02,2.45570115e-03
0.273000,1.11433072e-01,1.03933072e-01,6.928871,-9.31697630e-02,2.48324979e-03
0.274000,1.11339747e-01,1.03839747e-01,6.922650,-9.33255676e-02,2.50054432e-03
0.275000,1.11246278e-01,1.03746278e-01,6.916419,-9.34692665e-02,2.45909845e-03
0.276000,1.11152663e-01,1.03652663e-01,6.910178,-9.36146148e-02,2.48328448e-03
0.277000,1.11058894e-01,1.03558894e-01,6.903926,-9.37692975e-02,2.50555861e-03
0.278000,1.10964982e-01,1.03464982e-01,6.897665,-9.39120983e-02,2.46118041e-03
0.279000,1.10870926e-01,1.03370926e-01,6.891395,-9.40554317e-02,2.50244171e-03
0.280000,1.10776720e-01,1.03276720e-01,6.885115,-9.42060429e-02,2.50064108e-03
0.281000,1.10682377e-01,1.03182377e-01,6.878825,-9.43434218e-02,2.46706308e-03
0.282000,1.10587889e-01,1.03087889e-01,6.872526,-9.44873299e-02,2.50712623e-03
0.283000,1.10493254e-01,1.02993254e-01,6.866217,-9.46351807e-02,2.50626462e-03
0.284000,1.10398484e-01,1.02898484e-01,6.859899,-9.47700267e-02,2.46403683e-03
0.285000,1.10303572e-01,1.02803572e-01,6.853571,-9.49126231e-02,2.52332584e-03
0.286000,1.10208513e-01,1.02708513e-01,6.847234,-9.50586031e-02,2.50852002e-03
0.287000,1.10113325e-01,1.02613325e-01,6.840888,-9.51877300e-02,2.46410102e-03
0.288000,1.10017996e-01,1.02517996e-01,6.834533,-9.53295743e-02,2.52635085e-03
0.289000,1.09922521e-01,1.02422521e-01,6.828168,-9.54749983e-02,2.51833288e-03
0.290000,1.09826919e-01,1.02326919e-01,6.821795,-9.56013964e-02,2.47177269e-03
0.291000,1.09731181e-01,1.02231181e-01,6.815412,-9.57386614e-02,2.53475122e-03
0.292000,1.09635300e-01,1.02135300e-01,6.809020,-9.58800804e-02,2.51019276e-03
0.293000,1.09539295e-01,1.02039295e-01,6.802620,-9.60051592e-02,2.47992376e-03
0.294000,1.09443152e-01,1.01943152e-01,6.796210,-9.61436561e-02,2.54067909e-03
0.295000,1.09346870e-01,1.01846870e-01,6.789791,-9.62813499e-02,2.51314707e-03
0.296000,1.09250466e-01,1.01750466e-01,6.783364,-9.64039595e-02,2.49309670e-03
0.297000,1.09153927e-01,1.01653927e-01,6.776928,-9.65391567e-02,2.54489684e-03
0.298000,1.09057255e-01,1.01557255e-01,6.770484,-9.66717784e-02,2.49958973e-03
0.299000,1.08960460e-01,1.01460460e-01,6.764031,-9.67954003e-02,2.49655449e-03
0.300000,1.08863526e-01,1.01363526e-01,6.757568,-9.69344384e-02,2.54942141e-03
0.301000,1.08766460e-01,1.01266460e-01,6.751097,-9.70651245e-02,2.50633294e-03
0.302000,1.08669274e-01,1.01169274e-01,6.744618,-9.71860679e-02,2.51543228e-03
0.303000,1.08571955e-01,1.01071955e-01,6.738130,-9.73195532e-02,2.54149258e-03
0.304000,1.08474509e-01,1.00974509e-01,6.731634,-9.74454416e-02,2.50538685e-03
0.305000,1.08376940e-01,1.00876940e-01,6.725129,-9.75691563e-02,2.52327903e-03
0.306000,1.08279239e-01,1.00779239e-01,6.718616,-9.77015646e-02,2.54678258e-03
0.307000,1.08181415e-01,1.00681415e-01,6.712094,-9.78239406e-02,2.50102775e-03
0.308000,1.08083468e-01,1.00583468e-01,6.705565,-9.79466888e-02,2.55201334e-03
0.309000,1.07985393e-01,1.00485393e-01,6.699026,-9.80754474e-02,2.54009999e-03
0.310000,1.07887203e-01,1.00387203e-01,6.692480,-9.81895683e-02,2.49870632e-03
0.311000,1.07788888e-01,1.00288888e-01,6.685926,-9.83149218e-02,2.56369055e-03
0.312000,1.07690446e-01,1.00190446e-01,6.679363,-9.84423778e-02,2.53944837e-03
0.313000,1.07591893e-01,1.00091893e-01,6.672793,-9.85527790e-02,2.51427612e-03
0.314000,1.07493217e-01,9.99932170e-02,6.666214,-9.86755930e-02,2.56873128e-03
0.315000,1.07394420e-01,9.98944200e-02,6.659628,-9.87970443e-02,2.52716405e-03
0.316000,1.07295512e-01,9.97955120e-02,6.653034,-9.89079624e-02,2.51559568e-03
0.317000,1.07196478e-01,9.96964780e-02,6.646432,-9.90345775e-02,2.56804287e-03
0.318000,1.07097322e-01,9.95973220e-02,6.639821,-9.91557171e-02,2.52837043e-03
0.319000,1.06998055e-01,9.94980550e-02,6.633204,-9.92666479e-02,2.53760567e-03
0.320000,1.06898666e-01,9.93986660e-02,6.626578,-9.93889746e-02,2.56781823e-03
0.321000,1.06799164e-01,9.92991640e-02,6.619944,-9.95029255e-02,2.52298055e-03
0.322000,1.06699549e-01,9.91995490e-02,6.613303,-9.96148833e-02,2.55733045e-03
0.323000,1.06599813e-01,9.90998130e-02,6.606654,-9.97354919e-02,2.55681896e-03
0.324000,1.06499968e-01,9.89999680e-02,6.599998,-9.98449101e-02,2.51720260e-03
0.325000,1.06400007e-01,9.89000070e-02,6.593334,-9.99615019e-02,2.58464059e-03
0.326000,1.06299928e-01,9.87999280e-02,6.586662,-1.00079179e-01,2.55640914e-03
0.327000,1.06199748e-01,9.86997480e-02,6.579983,-1.00179700e-01,2.52353462e-03
0.328000,1.06099453e-01,9.85994530e-02,6.573297,-1.00295307e-01,2.58451109e-03
0.329000,1.05999042e-01,9.84990420e-02,6.566603,-1.00410927e-01,2.54002893e-03
0.330000,1.05898527e-01,9.83985270e-02,6.559902,-1.00514388e-01,2.54981377e-03
0.331000,1.05797897e-01,9.82978970e-02,6.553193,-1.00630727e-01,2.58472031e-03
0.332000,1.05697159e-01,9.81971590e-02,6.546477,-1.00737679e-01,2.54054513e-03
0.333000,1.05596318e-01,9.80963180e-02,6.539755,-1.00840980e-01,2.56076285e-03
0.334000,1.05495363e-01,9.79953630e-02,6.533024,-1.00955213e-01,2.57245289e-03
0.335000,1.05394302e-01,9.78943020e-02,6.526287,-1.01060740e-01,2.53168067e-03
0.336000,1.05293132e-01,9.77931320e-02,6.519542,-1.01169637e-01,2.59562296e-03
0.337000,1.05191852e-01,9.76918520e-02,6.512790,-1.01280617e-01,2.57457051e-03
0.338000,1.05090477e-01,9.75904770e-02,6.506032,-1.01374320e-01,2.53730424e-03
0.339000,1.04988996e-01,9.74889960e-02,6.499266,-1.01481527e-01,2.59509059e-03
0.340000,1.04887405e-01,9.73874050e-02,6.492494,-1.01590754e-01,2.55154266e-03
0.341000,1.04785716e-01,9.72857160e-02,6.485714,-1.01688704e-01,2.56140193e-03
0.342000,1.04683917e-01,9.71839170e-02,6.478928,-1.01799213e-01,2.59396540e-03
0.343000,1.04582016e-01,9.70820160e-02,6.472134,-1.01900725e-01,2.55281287e-03
0.344000,1.04480018e-01,9.69800180e-02,6.465335,-1.01998820e-01,2.57777253e-03
0.345000,1.04377912e-01,9.68779120e-02,6.458527,-1.02106016e-01,2.58339778e-03
0.346000,1.04275708e-01,9.67757080e-02,6.451714,-1.02204021e-01,2.54697344e-03
0.347000,1.04173401e-01,9.66734010e-02,6.444893,-1.02306619e-01,2.61189243e-03
0.348000,1.04070991e-01,9.65709910e-02,6.438066,-1.02409699e-01,2.57612370e-03
0.349000,1.03968493e-01,9.64684930e-02,6.431233,-1.02497785e-01,2.55020570e-03
0.350000,1.03865891e-01,9.63658910e-02,6.424393,-1.02602200e-01,2.60952142e-03
0.351000,1.03763187e-01,9.62631870e-02,6.417546,-1.02704638e-01,2.56676117e-03
0.352000,1.03660391e-01,9.61603910e-02,6.410693,-1.02795158e-01,2.57991761e-03
0.353000,1.03557494e-01,9.60574940e-02,6.403833,-1.02897394e-01,2.59596324e-03
0.354000,1.03454502e-01,9.59545020e-02,6.396967,-1.02992472e-01,2.55252180e-03
0.355000,1.03351412e-01,9.58514120e-02,6.390094,-1.03089963e-01,2.61298597e-03
0.356000,1.03248221e-01,9.57482210e-02,6.383215,-1.03191028e-01,2.59375628e-03
0.357000,1.03144945e-01,9.56449450e-02,6.376330,-1.03275636e-01,2.56121434e-03
0.358000,1.03041573e-01,9.55415730e-02,6.369438,-1.03372314e-01,2.61627823e-03
0.359000,1.02938103e-01,9.54381030e-02,6.362540,-1.03469942e-01,2.56686960e-03
0.360000,1.02834544e-01,9.53345440e-02,6.355636,-1.03558223e-01,2.57660768e-03
0.361000,1.02730883e-01,9.52308830e-02,6.348726,-1.03661009e-01,2.61757314e-03
0.362000,1.02627130e-01,9.51271300e-02,6.341809,-1.03753352e-01,2.56865812e-03
0.363000,1.02523289e-01,9.50232890e-02,6.334886,-1.03840892e-01,2.61810119e-03
0.364000,1.02419353e-01,9.49193530e-02,6.327957,-1.03935753e-01,2.59578812e-03
0.365000,1.02315335e-01,9.48153350e-02,6.321022,-1.04018322e-01,2.56009464e-03
0.366000,1.02211221e-01,9.47112210e-02,6.314081,-1.04114531e-01,2.62805129e-03
0.367000,1.02107010e-01,9.46070100e-02,6.307134,-1.04210445e-01,2.58308967e-03
0.368000,1.02002718e-01,9.45027180e-02,6.300181,-1.04291991e-01,2.59073076e-03
0.369000,1.01898331e-01,9.43983310e-02,6.293222,-1.04386953e-01,2.62235324e-03
0.370000,1.01793857e-01,9.42938570e-02,6.286257,-1.04473813e-01,2.57447428e-03
0.371000,1.01689299e-01,9.41892990e-02,6.279287,-1.04558754e-01,2.62342146e-03
0.372000,1.01584648e-01,9.40846480e-02,6.272310,-1.04650764e-01,2.60492284e-03
0.373000,1.01479918e-01,9.39799180e-02,6.265328,-1.04729970e-01,2.57803518e-03
0.374000,1.01375098e-01,9.38750980e-02,6.258340,-1.04820007e-01,2.63359814e-03
0.375000,1.01270189e-01,9.37701890e-02,6.251346,-1.04909047e-01,2.58433760e-03
0.376000,1.01165200e-01,9.36652000e-02,6.244347,-1.04988552e-01,2.58976644e-03
0.377000,1.01060117e-01,9.35601170e-02,6.237341,-1.05083274e-01,2.63025544e-03
0.378000,1.00954948e-01,9.34549480e-02,6.230330,-1.05169053e-01,2.57945219e-03
0.379000,1.00849697e-01,9.33496970e-02,6.223313,-1.05250519e-01,2.64061895e-03
0.380000,1.00744360e-01,9.32443600e-02,6.216291,-1.05337853e-01,2.61083165e-03
0.381000,1.00638949e-01,9.31389490e-02,6.209263,-1.05410366e-01,2.57807471e-03
0.382000,1.00533451e-01,9.30334510e-02,6.202230,-1.05498455e-01,2.64431275e-03
0.383000,1.00427865e-01,9.29278650e-02,6.195191,-1.05585588e-01,2.59886027e-03
0.384000,1.00322206e-01,9.28222060e-02,6.188147,-1.05659006e-01,2.61083517e-03
0.385000,1.00216461e-01,9.27164610e-02,6.181097,-1.05745232e-01,2.61588498e-03
0.386000,1.00110634e-01,9.26106340e-02,6.174042,-1.05826634e-01,2.58498677e-03
0.387000,1.00004723e-01,9.25047230e-02,6.166982,-1.05911840e-01,2.65389312e-03
0.388000,9.98987275e-02,9.23987275e-02,6.159915,-1.05995009e-01,2.61520883e-03
0.389000,9.97926651e-02,9.22926651e-02,6.152844,-1.06062389e-01,2.59723533e-03
0.390000,9.96865194e-02,9.21865194e-02,6.145768,-1.06145652e-01,2.64073081e-03
0.391000,9.95802923e-02,9.20802923e-02,6.138686,-1.06227126e-01,2.59810495e-03
0.392000,9.94739905e-02,9.19739905e-02,6.131599,-1.06301853e-01,2.62959819e-03
0.393000,9.93676055e-02,9.18676055e-02,6.124507,-1.06385010e-01,2.63173325e-03
0.394000,9.92611480e-02,9.17611480e-02,6.117410,-1.06457447e-01,2.59340636e-03
0.395000,9.91546121e-02,9.16546121e-02,6.110307,-1.06535960e-01,2.65319726e-03
0.396000,9.90479956e-02,9.15479956e-02,6.103200,-1.06616487e-01,2.60380137e-03
0.397000,9.89413095e-02,9.14413095e-02,6.096087,-1.06686112e-01,2.60699618e-03
0.398000,9.88345381e-02,9.13345381e-02,6.088969,-1.06771395e-01,2.64687566e-03
0.399000,9.87276895e-02,9.12276895e-02,6.081846,-1.06848577e-01,2.59589293e-03
0.400000,9.86207678e-02,9.11207678e-02,6.074718,-1.06921677e-01,2.66171007e-03
0.401000,9.85137679e-02,9.10137679e-02,6.067585,-1.06999882e-01,2.62879986e-03
0.402000,9.84067056e-02,9.09067056e-02,6.060447,-1.07062292e-01,2.60331631e-03
0.403000,9.82995656e-02,9.07995656e-02,6.053304,-1.07140016e-01,2.65452185e-03
0.404000,9.81923486e-02,9.06923486e-02,6.046157,-1.07217054e-01,2.60757390e-03
0.405000,9.80850630e-02,9.05850630e-02,6.039004,-1.07285577e-01,2.64920891e-03
0.406000,9.79777008e-02,9.04777008e-02,6.031847,-1.07362156e-01,2.63798640e-03
0.407000,9.78702738e-02,9.03702738e-02,6.024685,-1.07427047e-01,2.60243708e-03
0.408000,9.77627719e-02,9.02627719e-02,6.017518,-1.07501909e-01,2.66235744e-03
0.409000,9.76551940e-02,9.01551940e-02,6.010346,-1.07577850e-01,2.61957165e-03
0.410000,9.75475523e-02,9.00475523e-02,6.003170,-1.07641679e-01,2.62883357e-03
0.411000,9.74398344e-02,8.99398344e-02,5.995989,-1.07717921e-01,2.64228051e-03
0.412000,9.73320457e-02,8.98320457e-02,5.988803,-1.07788744e-01,2.60606348e-03
0.413000,9.72241841e-02,8.97241841e-02,5.981612,-1.07861555e-01,2.67273533e-03
0.414000,9.71162497e-02,8.96162497e-02,5.974417,-1.07934469e-01,2.63427175e-03
0.415000,9.70082574e-02,8.95082574e-02,5.967217,-1.07992290e-01,2.62384154e-03
0.416000,9.69001928e-02,8.94001928e-02,5.960013,-1.08064588e-01,2.66033692e-03
0.417000,9.67920589e-02,8.92920589e-02,5.952804,-1.08133856e-01,2.61031225e-03
0.418000,9.66838589e-02,8.91838589e-02,5.945591,-1.08199986e-01,2.66801267e-03
0.419000,9.65755866e-02,8.90755866e-02,5.938372,-1.08272341e-01,2.64592449e-03
0.420000,9.64672569e-02,8.89672569e-02,5.931150,-1.08329652e-01,2.62032294e-03
0.421000,9.63588582e-02,8.88588582e-02,5.923924,-1.08398744e-01,2.66466899e-03
0.422000,9.62503898e-02,8.87503898e-02,5.916693,-1.08468403e-01,2.62130207e-03
0.423000,9.61418586e-02,8.86418586e-02,5.909457,-1.08531166e-01,2.65253435e-03
0.424000,9.60332560e-02,8.85332560e-02,5.902217,-1.08602649e-01,2.65459066e-03
0.425000,9.59245925e-02,8.84245925e-02,5.894973,-1.08663511e-01,2.62368912e-03
0.426000,9.58158633e-02,8.83158633e-02,5.887724,-1.08729162e-01,2.67907048e-03
0.427000,9.57070681e-02,8.82070681e-02,5.880471,-1.08795168e-01,2.62962669e-03
0.428000,9.55982164e-02,8.80982164e-02,5.873214,-1.08851730e-01,2.63348481e-03
0.429000,9.54892926e-02,8.79892926e-02,5.865953,-1.08923847e-01,2.65798823e-03
0.430000,9.53803022e-02,8.78803022e-02,5.858687,-1.08990364e-01,2.62340784e-03
0.431000,9.52712472e-02,8.77712472e-02,5.851416,-1.09054950e-01,2.69202593e-03
0.432000,9.51621285e-02,8.76621285e-02,5.844142,-1.09118757e-01,2.63194894e-03
0.433000,9.50529578e-02,8.75529578e-02,5.836864,-1.09170653e-01,2.62767876e-03
0.434000,9.49437148e-02,8.74437148e-02,5.829581,-1.09243035e-01,2.66968876e-03
0.435000,9.48344054e-02,8.73344054e-02,5.822294,-1.09309390e-01,2.62532891e-03
0.436000,9.47250356e-02,8.72250356e-02,5.815002,-1.09369792e-01,2.69480927e-03
0.437000,9.46156031e-02,8.71156031e-02,5.807707,-1.09432477e-01,2.64877751e-03
0.438000,9.45061227e-02,8.70061227e-02,5.800408,-1.09480483e-01,2.63192131e-03
0.439000,9.43965761e-02,8.68965761e-02,5.793105,-1.09546588e-01,2.67480774e-03
0.440000,9.42869654e-02,8.67869654e-02,5.785798,-1.09610644e-01,2.62361837e-03
0.441000,9.41772958e-02,8.66772958e-02,5.778486,-1.09669668e-01,2.69385913e-03
0.442000,9.40675627e-02,8.65675627e-02,5.771171,-1.09733082e-01,2.65624375e-03
0.443000,9.39577826e-02,8.64577826e-02,5.763852,-1.09780080e-01,2.63082154e-03
0.444000,9.38479387e-02,8.63479387e-02,5.756529,-1.09843927e-01,2.67933786e-03
0.445000,9.37380311e-02,8.62380311e-02,5.749202,-1.09907544e-01,2.63410422e-03
0.446000,9.36280679e-02,8.61280679e-02,5.741871,-1.09963226e-01,2.69333709e-03
0.447000,9.35180446e-02,8.60180446e-02,5.734536,-1.10023288e-01,2.65765461e-03
0.448000,9.34079744e-02,8.59079744e-02,5.727198,-1.10070208e-01,2.63215116e-03
0.449000,9.32978410e-02,8.57978410e-02,5.719856,-1.10133357e-01,2.68612412e-03
0.450000,9.31876457e-02,8.56876457e-02,5.712510,-1.10195336e-01,2.63929864e-03
0.451000,9.30773978e-02,8.55773978e-02,5.705160,-1.10247871e-01,2.69200935e-03
0.452000,9.29670914e-02,8.54670914e-02,5.697806,-1.10306463e-01,2.66516161e-03
0.453000,9.28567389e-02,8.53567389e-02,5.690449,-1.10352491e-01,2.62990014e-03
0.454000,9.27463253e-02,8.52463253e-02,5.683088,-1.10413572e-01,2.69139045e-03
0.455000,9.26358500e-02,8.51358500e-02,5.675723,-1.10475360e-01,2.64751281e-03
0.456000,9.25253252e-02,8.50253252e-02,5.668355,-1.10524713e-01,2.69028747e-03
0.457000,9.24147443e-02,8.49147443e-02,5.660983,-1.10580911e-01,2.66625435e-03
0.458000,9.23041170e-02,8.48041170e-02,5.653608,-1.10627312e-01,2.63119542e-03
0.459000,9.21934292e-02,8.46934292e-02,5.646229,-1.10687805e-01,2.69330969e-03
0.460000,9.20826804e-02,8.45826804e-02,5.638845,-1.10748828e-01,2.65106108e-03
0.461000,9.19718835e-02,8.44718835e-02,5.631459,-1.10796923e-01,2.69119215e-03
0.462000,9.18610317e-02,8.43610317e-02,5.624069,-1.10851796e-01,2.67099716e-03
0.463000,9.17501346e-02,8.42501346e-02,5.616676,-1.10897061e-01,2.63698821e-03
0.464000,9.16391796e-02,8.41391796e-02,5.609279,-1.10954972e-01,2.69373315e-03
0.465000,9.15281656e-02,8.40281656e-02,5.601878,-1.11014018e-01,2.65316944e-03
0.466000,9.14171040e-02,8.39171040e-02,5.594474,-1.11061600e-01,2.69307037e-03
0.467000,9.13059886e-02,8.38059886e-02,5.587066,-1.11115449e-01,2.67558966e-03
0.468000,9.11948293e-02,8.36948293e-02,5.579655,-1.11159285e-01,2.63997062e-03
0.469000,9.10836141e-02,8.35836141e-02,5.572241,-1.11215161e-01,2.69703651e-03
0.470000,9.09723415e-02,8.34723415e-02,5.564823,-1.11272642e-01,2.65617471e-03
0.471000,9.08610229e-02,8.33610229e-02,5.557402,-1.11318609e-01,2.69570071e-03
0.472000,9.07496519e-02,8.32496519e-02,5.549977,-1.11371006e-01,2.67735635e-03
0.473000,9.06382382e-02,8.31382382e-02,5.542549,-1.11413665e-01,2.64054081e-03
0.474000,9.05267693e-02,8.30267693e-02,5.535118,-1.11468860e-01,2.70184221e-03
0.475000,9.04152440e-02,8.29152440e-02,5.527683,-1.11525305e-01,2.65898511e-03
0.476000,9.03036748e-02,8.28036748e-02,5.520245,-1.11569196e-01,2.70109851e-03
0.477000,9.01920551e-02,8.26920551e-02,5.512804,-1.11619715e-01,2.67970150e-03
0.478000,9.00803949e-02,8.25803949e-02,5.505360,-1.11660187e-01,2.64384584e-03
0.479000,8.99686809e-02,8.24686809e-02,5.497912,-1.11714027e-01,2.70590994e-03
0.480000,8.98569122e-02,8.23569122e-02,5.490461,-1.11768667e-01,2.66179066e-03
0.481000,8.97451015e-02,8.22451015e-02,5.483007,-1.11810726e-01,2.70555386e-03
0.482000,8.96332420e-02,8.21332420e-02,5.475549,-1.11859536e-01,2.67715921e-03
0.483000,8.95213430e-02,8.20213430e-02,5.468090,-1.11898995e-01,2.64840840e-03
0.484000,8.94093901e-02,8.19093901e-02,5.460626,-1.11952863e-01,2.70823743e-03
0.485000,8.92973845e-02,8.17973845e-02,5.453159,-1.12005593e-01,2.66016876e-03
0.486000,8.91853374e-02,8.16853374e-02,5.445689,-1.12047175e-01,2.70876980e-03
0.487000,8.90732414e-02,8.15732414e-02,5.438216,-1.12095948e-01,2.67776228e-03
0.488000,8.89611072e-02,8.14611072e-02,5.430740,-1.12134244e-01,2.65437028e-03
0.489000,8.88489203e-02,8.13489203e-02,5.423261,-1.12186860e-01,2.70750668e-03
0.490000,8.87366825e-02,8.12366825e-02,5.415779,-1.12237761e-01,2.65758166e-03
0.491000,8.86244025e-02,8.11244025e-02,5.408294,-1.12280040e-01,2.71673218e-03
0.492000,8.85120742e-02,8.10120742e-02,5.400805,-1.12328255e-01,2.68281308e-03
0.493000,8.83997112e-02,8.08997112e-02,5.393314,-1.12363043e-01,2.65889200e-03
0.494000,8.82872980e-02,8.07872980e-02,5.385820,-1.12413200e-01,2.70676449e-03
0.495000,8.81748353e-02,8.06748353e-02,5.378322,-1.12462748e-01,2.65333851e-03
0.496000,8.80623292e-02,8.05623292e-02,5.370822,-1.12506021e-01,2.72328084e-03
0.497000,8.79497748e-02,8.04497748e-02,5.363318,-1.12554472e-01,2.68179209e-03
0.498000,8.78371875e-02,8.03371875e-02,5.355812,-1.12587289e-01,2.66776668e-03
0.499000,8.77245513e-02,8.02245513e-02,5.348303,-1.12636213e-01,2.70146246e-03
0.500000,8.76118675e-02,8.01118675e-02,5.340791,-1.12683783e-01,2.65534209e-03
0.501000,8.74991390e-02,7.99991390e-02,5.333276,-1.12728443e-01,2.72751799e-03
0.502000,8.73863635e-02,7.98863635e-02,5.325758,-1.12775487e-01,2.67440574e-03
0.503000,8.72735553e-02,7.97735553e-02,5.318237,-1.12808219e-01,2.67161068e-03
0.504000,8.71606964e-02,7.96606964e-02,5.310713,-1.12858888e-01,2.70338795e-03
0.505000,8.70477916e-02,7.95477916e-02,5.303186,-1.12904856e-01,2.66852580e-03
0.506000,8.69348450e-02,7.94348450e-02,5.295656,-1.12946552e-01,2.73122999e-03
0.507000,8.68218564e-02,7.93218564e-02,5.288124,-1.12988610e-01,2.67685351e-03
0.508000,8.67088367e-02,7.92088367e-02,5.280589,-1.13019690e-01,2.67674820e-03
0.509000,8.65957681e-02,7.90957681e-02,5.273051,-1.13068647e-01,2.70847382e-03
0.510000,8.64826561e-02,7.89826561e-02,5.265510,-1.13112028e-01,2.66787866e-03
0.511000,8.63695039e-02,7.88695039e-02,5.257967,-1.13152169e-01,2.73200017e-03
0.512000,8.62563096e-02,7.87563096e-02,5.250421,-1.13194302e-01,2.68194367e-03
0.513000,8.61430854e-02,7.86430854e-02,5.242872,-1.13224229e-01,2.69523562e-03
0.514000,8.60298171e-02,7.85298171e-02,5.235321,-1.13268245e-01,2.69420177e-03
0.515000,8.59165090e-02,7.84165090e-02,5.227767,-1.13308078e-01,2.67298953e-03
0.516000,8.58031570e-02,7.83031570e-02,5.220210,-1.13352002e-01,2.72575359e-03
0.517000,8.56897635e-02,7.81897635e-02,5.212651,-1.13393562e-01,2.67589751e-03
0.518000,8.55763369e-02,7.80763369e-02,5.205089,-1.13426610e-01,2.71177383e-03
0.519000,8.54628672e-02,7.79628672e-02,5.197524,-1.13469687e-01,2.69581107e-03
0.520000,8.53493634e-02,7.78493634e-02,5.189958,-1.13503804e-01,2.67558037e-03
0.521000,8.52358166e-02,7.77358166e-02,5.182388,-1.13546742e-01,2.72421424e-03
0.522000,8.51222289e-02,7.76222289e-02,5.174815,-1.13587723e-01,2.66388939e-03
0.523000,8.50086055e-02,7.75086055e-02,5.167240,-1.13623400e-01,2.72453071e-03
0.524000,8.48949373e-02,7.73949373e-02,5.159662,-1.13668164e-01,2.69220891e-03
0.525000,8.47812386e-02,7.72812386e-02,5.152083,-1.13698729e-01,2.68691722e-03
0.526000,8.46674978e-02,7.71674978e-02,5.144500,-1.13740845e-01,2.71244774e-03
0.527000,8.45537176e-02,7.70537176e-02,5.136915,-1.13780183e-01,2.66889061e-03
0.528000,8.44398987e-02,7.69398987e-02,5.129327,-1.13818840e-01,2.73707076e-03
0.529000,8.43260390e-02,7.68260390e-02,5.121736,-1.13859745e-01,2.68661971e-03
0.530000,8.42121518e-02,7.67121518e-02,5.114143,-1.13887179e-01,2.69135333e-03
0.531000,8.40982215e-02,7.65982215e-02,5.106548,-1.13930346e-01,2.71148455e-03
0.532000,8.39842531e-02,7.64842531e-02,5.098950,-1.13968398e-01,2.67453688e-03
0.533000,8.38702467e-02,7.63702467e-02,5.091350,-1.14006373e-01,2.73920037e-03
0.534000,8.37562017e-02,7.62562017e-02,5.083747,-1.14045046e-01,2.69031811e-03
0.535000,8.36421305e-02,7.61421305e-02,5.076142,-1.14071128e-01,2.71300142e-03
0.536000,8.35280213e-02,7.60280213e-02,5.068535,-1.14109252e-01,2.70108327e-03
0.537000,8.34138792e-02,7.59138792e-02,5.060925,-1.14142034e-01,2.67221503e-03
0.538000,8.32996954e-02,7.57996954e-02,5.053313,-1.14183835e-01,2.73918650e-03
0.539000,8.31854721e-02,7.56854721e-02,5.045698,-1.14223273e-01,2.68207293e-03
0.540000,8.30712213e-02,7.55712213e-02,5.038081,-1.14250818e-01,2.73131363e-03
0.541000,8.29569329e-02,7.54569329e-02,5.030462,-1.14288411e-01,2.70120304e-03
0.542000,8.28426177e-02,7.53426177e-02,5.022841,-1.14315158e-01,2.68216365e-03
0.543000,8.27282626e-02,7.52282626e-02,5.015218,-1.14355160e-01,2.72499822e-03
0.544000,8.26138687e-02,7.51138687e-02,5.007591,-1.14393841e-01,2.67077581e-03
0.545000,8.24994407e-02,7.49994407e-02,4.999963,-1.14428042e-01,2.74303773e-03
0.546000,8.23849734e-02,7.48849734e-02,4.992332,-1.14467272e-01,2.69079018e-03
0.547000,8.22704814e-02,7.47704814e-02,4.984699,-1.14492010e-01,2.69150950e-03
0.548000,8.21559476e-02,7.46559476e-02,4.977063,-1.14533780e-01,2.72075194e-03
0.549000,8.20413775e-02,7.45413775e-02,4.969425,-1.14570142e-01,2.69215392e-03
0.550000,8.19267755e-02,7.44267755e-02,4.961785,-1.14601957e-01,2.74606313e-03
0.551000,8.18121419e-02,7.43121419e-02,4.954143,-1.14633631e-01,2.69597504e-03
0.552000,8.16974855e-02,7.41974855e-02,4.946499,-1.14656459e-01,2.70590739e-03
0.553000,8.15827915e-02,7.40827915e-02,4.938853,-1.14693979e-01,2.70943492e-03
0.554000,8.14680639e-02,7.39680639e-02,4.931204,-1.14727614e-01,2.69173876e-03
0.555000,8.13533006e-02,7.38533006e-02,4.923553,-1.14763220e-01,2.74274531e-03
0.556000,8.12385050e-02,7.37385050e-02,4.915900,-1.14795617e-01,2.68243295e-03
0.557000,8.11236831e-02,7.36236831e-02,4.908246,-1.14821929e-01,2.73183745e-03
0.558000,8.10088238e-02,7.35088238e-02,4.900588,-1.14859311e-01,2.70332404e-03
0.559000,8.08939383e-02,7.33939383e-02,4.892929,-1.14885511e-01,2.69606902e-03
0.560000,8.07790159e-02,7.32790159e-02,4.885268,-1.14922358e-01,2.72639308e-03
0.561000,8.06640597e-02,7.31640597e-02,4.877604,-1.14956225e-01,2.68275945e-03
0.562000,8.05490718e-02,7.30490718e-02,4.869938,-1.14987849e-01,2.74866142e-03
0.563000,8.04340497e-02,7.29340497e-02,4.862270,-1.15022149e-01,2.69953706e-03
0.564000,8.03190062e-02,7.28190062e-02,4.854600,-1.15043493e-01,2.70570792e-03
0.565000,8.02039263e-02,7.27039263e-02,4.846928,-1.15079879e-01,2.72247025e-03
0.566000,8.00888150e-02,7.25888150e-02,4.839254,-1.15111275e-01,2.68585941e-03
0.567000,7.99736714e-02,7.24736714e-02,4.831578,-1.15143639e-01,2.74477429e-03
0.568000,7.98584938e-02,7.23584938e-02,4.823900,-1.15177608e-01,2.69500591e-03
0.569000,7.97432928e-02,7.22432928e-02,4.816220,-1.15201030e-01,2.73761663e-03
0.570000,7.96280595e-02,7.21280595e-02,4.808537,-1.15233262e-01,2.70869685e-03
0.571000,7.95128029e-02,7.20128029e-02,4.800854,-1.15256613e-01,2.69001069e-03
0.572000,7.93975101e-02,7.18975101e-02,4.793167,-1.15292767e-01,2.74066515e-03
0.573000,7.92821840e-02,7.17821840e-02,4.785479,-1.15326100e-01,2.68117108e-03
0.574000,7.91668307e-02,7.16668307e-02,4.777789,-1.15353318e-01,2.75199961e-03
0.575000,7.90514432e-02,7.15514432e-02,4.770096,-1.15387549e-01,2.70029681e-03
0.576000,7.89360355e-02,7.14360355e-02,4.762402,-1.15407663e-01,2.70015284e-03
0.577000,7.88205907e-02,7.13205907e-02,4.754706,-1.15444782e-01,2.73356359e-03
0.578000,7.87051147e-02,7.12051147e-02,4.747008,-1.15476039e-01,2.69636648e-03
0.579000,7.85896118e-02,7.10896118e-02,4.739307,-1.15502902e-01,2.75867373e-03
0.580000,7.84740808e-02,7.09740808e-02,4.731605,-1.15530963e-01,2.69734578e-03
0.581000,7.83585314e-02,7.08585314e-02,4.723902,-1.15549407e-01,2.72596210e-03
0.582000,7.82429485e-02,7.07429485e-02,4.716197,-1.15582931e-01,2.71826531e-03
0.583000,7.81273401e-02,7.06273401e-02,4.708489,-1.15608418e-01,2.70050274e-03
0.584000,7.80117005e-02,7.05117005e-02,4.700780,-1.15639573e-01,2.74779241e-03
0.585000,7.78960323e-02,7.03960323e-02,4.693069,-1.15668200e-01,2.68227121e-03
0.586000,7.77803394e-02,7.02803394e-02,4.685356,-1.15692883e-01,2.74851527e-03
0.587000,7.76646120e-02,7.01646120e-02,4.677641,-1.15727369e-01,2.70182384e-03
0.588000,7.75488637e-02,7.00488637e-02,4.669924,-1.15748357e-01,2.71267405e-03
0.589000,7.74330809e-02,6.99330809e-02,4.662205,-1.15782760e-01,2.72669776e-03
0.590000,7.73172698e-02,6.98172698e-02,4.654485,-1.15811120e-01,2.69596749e-03
0.591000,7.72014295e-02,6.97014295e-02,4.646762,-1.15840308e-01,2.76178229e-03
0.592000,7.70855615e-02,6.95855615e-02,4.639037,-1.15867950e-01,2.70146070e-03
0.593000,7.69696769e-02,6.94696769e-02,4.631312,-1.15884645e-01,2.73719645e-03
0.594000,7.68537621e-02,6.93537621e-02,4.623584,-1.15914831e-01,2.71752500e-03
0.595000,7.67378253e-02,6.92378253e-02,4.615855,-1.15936760e-01,2.69429580e-03
0.596000,7.66218560e-02,6.91218560e-02,4.608124,-1.15969256e-01,2.75426231e-03
0.597000,7.65058573e-02,6.90058573e-02,4.600390,-1.15998777e-01,2.68753280e-03
0.598000,7.63898369e-02,6.88898369e-02,4.592656,-1.16020405e-01,2.75468719e-03
0.599000,7.62737848e-02,6.87737848e-02,4.584919,-1.16052072e-01,2.70445535e-03
0.600000,7.61577142e-02,6.86577142e-02,4.577181,-1.16070567e-01,2.70829783e-03
0.601000,7.60416093e-02,6.85416093e-02,4.569441,-1.16104880e-01,2.74056527e-03
0.602000,7.59254771e-02,6.84254771e-02,4.561698,-1.16132224e-01,2.71018287e-03
0.603000,7.58093228e-02,6.83093228e-02,4.553955,-1.16154345e-01,2.75777434e-03
0.604000,7.56931447e-02,6.81931447e-02,4.546210,-1.16178027e-01,2.70021870e-03
0.605000,7.55769485e-02,6.80769485e-02,4.538463,-1.16196258e-01,2.73751107e-03
0.606000,7.54607217e-02,6.79607217e-02,4.530715,-1.16226796e-01,2.71997204e-03
0.607000,7.53444735e-02,6.78444735e-02,4.522965,-1.16248188e-01,2.70967278e-03
0.608000,7.52281963e-02,6.77281963e-02,4.515213,-1.16277162e-01,2.74587531e-03
0.609000,7.51118932e-02,6.76118932e-02,4.507460,-1.16303116e-01,2.68821799e-03
0.610000,7.49955658e-02,6.74955658e-02,4.499704,-1.16327377e-01,2.76078024e-03
0.611000,7.48792081e-02,6.73792081e-02,4.491947,-1.16357741e-01,2.71385412e-03
0.612000,7.47628355e-02,6.72628355e-02,4.484189,-1.16372574e-01,2.72298926e-03
0.613000,7.46464343e-02,6.71464343e-02,4.476429,-1.16401202e-01,2.73559045e-03
0.614000,7.45300097e-02,6.70300097e-02,4.468667,-1.16424601e-01,2.69891296e-03
0.615000,7.44135594e-02,6.69135594e-02,4.460904,-1.16450348e-01,2.75605368e-03
0.616000,7.42970813e-02,6.67970813e-02,4.453139,-1.16478036e-01,2.70403269e-03
0.617000,7.41805852e-02,6.66805852e-02,4.445372,-1.16496157e-01,2.75354464e-03
0.618000,7.40640626e-02,6.65640626e-02,4.437604,-1.16522608e-01,2.72081665e-03
0.619000,7.39475240e-02,6.64475240e-02,4.429835,-1.16538585e-01,2.70680771e-03
0.620000,7.38309562e-02,6.63309562e-02,4.422064,-1.16567788e-01,2.73835449e-03
0.621000,7.37143602e-02,6.62143602e-02,4.414291,-1.16596013e-01,2.70635376e-03
0.622000,7.35977407e-02,6.60977407e-02,4.406516,-1.16619537e-01,2.76812807e-03
0.623000,7.34810980e-02,6.59810980e-02,4.398740,-1.16642646e-01,2.71938602e-03
0.624000,7.33644439e-02,6.58644439e-02,4.390963,-1.16654086e-01,2.72625062e-03
0.625000,7.32477636e-02,6.57477636e-02,4.383184,-1.16680321e-01,2.72891711e-03
0.626000,7.31310598e-02,6.56310598e-02,4.375404,-1.16703830e-01,2.71420743e-03
0.627000,7.30143307e-02,6.55143307e-02,4.367622,-1.16729064e-01,2.75992716e-03
0.628000,7.28975797e-02,6.53975797e-02,4.359839,-1.16751044e-01,2.69238988e-03
0.629000,7.27808097e-02,6.52808097e-02,4.352054,-1.16769952e-01,2.76059421e-03
0.630000,7.26640107e-02,6.51640107e-02,4.344267,-1.16798979e-01,2.71012594e-03
0.631000,7.25471962e-02,6.50471962e-02,4.336480,-1.16814532e-01,2.72297728e-03
0.632000,7.24303518e-02,6.49303518e-02,4.328690,-1.16844386e-01,2.74535884e-03
0.633000,7.23134858e-02,6.48134858e-02,4.320899,-1.16866062e-01,2.70801844e-03
0.634000,7.21965988e-02,6.46965988e-02,4.313107,-1.16886991e-01,2.76211531e-03
0.635000,7.20796881e-02,6.45796881e-02,4.305313,-1.16910617e-01,2.70874670e-03
0.636000,7.19627622e-02,6.44627622e-02,4.297517,-1.16925914e-01,2.75432518e-03
0.637000,7.18458116e-02,6.43458116e-02,4.289721,-1.16950678e-01,2.72902433e-03
0.638000,7.17288466e-02,6.42288466e-02,4.281923,-1.16964947e-01,2.71017437e-03
0.639000,7.16118558e-02,6.41118558e-02,4.274124,-1.16990859e-01,2.74945223e-03
0.640000,7.14948397e-02,6.39948397e-02,4.266323,-1.17016016e-01,2.70287684e-03
0.641000,7.13778032e-02,6.38778032e-02,4.258520,-1.17036510e-01,2.76905589e-03
0.642000,7.12607426e-02,6.37607426e-02,4.250716,-1.17060597e-01,2.72409206e-03
0.643000,7.11436717e-02,6.36436717e-02,4.242911,-1.17070901e-01,2.73382503e-03
0.644000,7.10265775e-02,6.35265775e-02,4.235105,-1.17094250e-01,2.73340347e-03
0.645000,7.09094630e-02,6.34094630e-02,4.227298,-1.17114478e-01,2.71789451e-03
0.646000,7.07923254e-02,6.32923254e-02,4.219488,-1.17137587e-01,2.76414953e-03
0.647000,7.06751678e-02,6.31751678e-02,4.211678,-1.17157609e-01,2.69549935e-03
0.648000,7.05579932e-02,6.30579932e-02,4.203866,-1.17174580e-01,2.76379798e-03
0.649000,7.04407912e-02,6.29407912e-02,4.196053,-1.17202020e-01,2.71376517e-03
0.650000,7.03235753e-02,6.28235753e-02,4.188238,-1.17215877e-01,2.72788004e-03
0.651000,7.02063317e-02,6.27063317e-02,4.180422,-1.17243669e-01,2.75426428e-03
0.652000,7.00890695e-02,6.25890695e-02,4.172605,-1.17262160e-01,2.70705112e-03
0.653000,6.99717892e-02,6.24717892e-02,4.164786,-1.17280336e-01,2.76094615e-03
0.654000,6.98544847e-02,6.23544847e-02,4.156966,-1.17304486e-01,2.71145181e-03
0.655000,6.97371650e-02,6.22371650e-02,4.149144,-1.17319688e-01,2.76431173e-03
0.656000,6.96198232e-02,6.21198232e-02,4.141322,-1.17341798e-01,2.73088414e-03
0.657000,6.95024707e-02,6.20024707e-02,4.133498,-1.17352459e-01,2.71497144e-03
0.658000,6.93850938e-02,6.18850938e-02,4.125673,-1.17376912e-01,2.74629945e-03
0.659000,6.92676928e-02,6.17676928e-02,4.117846,-1.17401051e-01,2.71571021e-03
0.660000,6.91502725e-02,6.16502725e-02,4.110018,-1.17420310e-01,2.77339015e-03
0.661000,6.90328330e-02,6.15328330e-02,4.102189,-1.17439416e-01,2.72436929e-03
0.662000,6.89153848e-02,6.14153848e-02,4.094359,-1.17448247e-01,2.74135872e-03
0.663000,6.87979146e-02,6.12979146e-02,4.086528,-1.17470174e-01,2.73405635e-03
0.664000,6.86804268e-02,6.11804268e-02,4.078695,-1.17487812e-01,2.71844128e-03
0.665000,6.85629162e-02,6.10629162e-02,4.070861,-1.17510609e-01,2.76343876e-03
0.666000,6.84453856e-02,6.09453856e-02,4.063026,-1.17530578e-01,2.70094727e-03
0.667000,6.83278388e-02,6.08278388e-02,4.055189,-1.17546819e-01,2.77100463e-03
0.668000,6.82102676e-02,6.07102676e-02,4.047351,-1.17571195e-01,2.72469043e-03
0.669000,6.80926869e-02,6.05926869e-02,4.039512,-1.17580753e-01,2.73945791e-03
0.670000,6.79750839e-02,6.04750839e-02,4.031672,-1.17602910e-01,2.74135999e-03
0.671000,6.78574641e-02,6.03574641e-02,4.023831,-1.17619881e-01,2.71108576e-03
0.672000,6.77398225e-02,6.02398225e-02,4.015988,-1.17641581e-01,2.76962417e-03
0.673000,6.76221596e-02,6.01221596e-02,4.008144,-1.17662871e-01,2.70936166e-03
0.674000,6.75044840e-02,6.00044840e-02,4.000299,-1.17675593e-01,2.77620176e-03
0.675000,6.73867877e-02,5.98867877e-02,3.992453,-1.17696287e-01,2.71967447e-03
0.676000,6.72690827e-02,5.97690827e-02,3.984606,-1.17705025e-01,2.72127284e-03
0.677000,6.71513507e-02,5.96513507e-02,3.976757,-1.17732045e-01,2.76067276e-03
0.678000,6.70335991e-02,5.95335991e-02,3.968907,-1.17751573e-01,2.72392401e-03
0.679000,6.69158344e-02,5.94158344e-02,3.961056,-1.17764660e-01,2.76739588e-03
0.680000,6.67980523e-02,5.92980523e-02,3.953203,-1.17782128e-01,2.71317257e-03
0.681000,6.66802574e-02,5.91802574e-02,3.945350,-1.17794908e-01,2.75826078e-03
0.682000,6.65624399e-02,5.90624399e-02,3.937496,-1.17817523e-01,2.73463278e-03
0.683000,6.64446104e-02,5.89446104e-02,3.929641,-1.17829508e-01,2.72878509e-03
0.684000,6.63267601e-02,5.88267601e-02,3.921784,-1.17850287e-01,2.74759728e-03
0.685000,6.62088904e-02,5.87088904e-02,3.913926,-1.17869660e-01,2.71889113e-03
0.686000,6.60910025e-02,5.85910025e-02,3.906067,-1.17887931e-01,2.78123457e-03
0.687000,6.59730979e-02,5.84730979e-02,3.898207,-1.17904605e-01,2.71944677e-03
0.688000,6.58551862e-02,5.83551862e-02,3.890346,-1.17911730e-01,2.75764870e-03
0.689000,6.57372538e-02,5.82372538e-02,3.882484,-1.17932392e-01,2.73527096e-03
0.690000,6.56193093e-02,5.81193093e-02,3.874621,-1.17944466e-01,2.72005974e-03
0.691000,6.55013427e-02,5.80013427e-02,3.866756,-1.17966578e-01,2.76130112e-03
0.692000,6.53833563e-02,5.78833563e-02,3.858890,-1.17986393e-01,2.71240309e-03
0.693000,6.52653550e-02,5.77653550e-02,3.851024,-1.18001311e-01,2.78008895e-03
0.694000,6.51473347e-02,5.76473347e-02,3.843156,-1.18020318e-01,2.73401541e-03
0.695000,6.50293094e-02,5.75293094e-02,3.835287,-1.18025244e-01,2.74366948e-03
0.696000,6.49112659e-02,5.74112659e-02,3.827418,-1.18043594e-01,2.74160471e-03
0.697000,6.47932067e-02,5.72932067e-02,3.819547,-1.18059138e-01,2.72272429e-03
0.698000,6.46751280e-02,5.71751280e-02,3.811675,-1.18078699e-01,2.76876215e-03
0.699000,6.45570317e-02,5.70570317e-02,3.803802,-1.18096320e-01,2.70360385e-03
0.700000,6.44389214e-02,5.69389214e-02,3.795928,-1.18110343e-01,2.77564827e-03
0.701000,6.43207883e-02,5.68207883e-02,3.788053,-1.18133025e-01,2.73146382e-03
0.702000,6.42026485e-02,5.67026485e-02,3.780177,-1.18139861e-01,2.74551876e-03
0.703000,6.40844897e-02,5.65844897e-02,3.772299,-1.18158721e-01,2.74389052e-03
0.704000,6.39663165e-02,5.64663165e-02,3.764421,-1.18173254e-01,2.71685288e-03
0.705000,6.38481234e-02,5.63481234e-02,3.756542,-1.18193103e-01,2.77727972e-03
0.706000,6.37299122e-02,5.62299122e-02,3.748661,-1.18211146e-01,2.71383360e-03
0.707000,6.36116917e-02,5.61116917e-02,3.740779,-1.18220563e-01,2.77750044e-03
0.708000,6.34934521e-02,5.59934521e-02,3.732897,-1.18239558e-01,2.72731097e-03
0.709000,6.33752056e-02,5.58752056e-02,3.725014,-1.18246519e-01,2.73312244e-03
0.710000,6.32569367e-02,5.57569367e-02,3.717129,-1.18268936e-01,2.75914941e-03
0.711000,6.31386518e-02,5.56386518e-02,3.709243,-1.18284841e-01,2.72970564e-03
0.712000,6.30203544e-02,5.55203544e-02,3.701357,-1.18297406e-01,2.77591988e-03
0.713000,6.29020430e-02,5.54020430e-02,3.693470,-1.18311468e-01,2.71181062e-03
0.714000,6.27837213e-02,5.52837213e-02,3.685581,-1.18321690e-01,2.77030463e-03
0.715000,6.26653786e-02,5.51653786e-02,3.677692,-1.18342622e-01,2.72733473e-03
0.716000,6.25470267e-02,5.50470267e-02,3.669802,-1.18351942e-01,2.73946782e-03
0.717000,6.24286535e-02,5.49286535e-02,3.661910,-1.18373229e-01,2.76457880e-03
0.718000,6.23102674e-02,5.48102674e-02,3.654018,-1.18386090e-01,2.71744788e-03
0.719000,6.21918683e-02,5.46918683e-02,3.646125,-1.18399040e-01,2.77528849e-03
0.720000,6.20734511e-02,5.45734511e-02,3.638230,-1.18417239e-01,2.72195964e-03
0.721000,6.19550252e-02,5.44550252e-02,3.630335,-1.18425873e-01,2.77566018e-03
0.722000,6.18365827e-02,5.43365827e-02,3.622439,-1.18442525e-01,2.73459510e-03
0.723000,6.17181339e-02,5.42181339e-02,3.614542,-1.18448802e-01,2.72611103e-03
0.724000,6.15996638e-02,5.40996638e-02,3.606644,-1.18470067e-01,2.75665879e-03
0.725000,6.14811751e-02,5.39811751e-02,3.598745,-1.18488715e-01,2.73388103e-03
0.726000,6.13626738e-02,5.38626738e-02,3.590845,-1.18501360e-01,2.77888279e-03
0.727000,6.12441602e-02,5.37441602e-02,3.582944,-1.18513526e-01,2.72336790e-03
0.728000,6.11256395e-02,5.36256395e-02,3.575043,-1.18520731e-01,2.76200801e-03
0.729000,6.10071002e-02,5.35071002e-02,3.567140,-1.18539335e-01,2.73848034e-03
0.730000,6.08885508e-02,5.33885508e-02,3.559237,-1.18549409e-01,2.73407733e-03
0.731000,6.07699828e-02,5.32699828e-02,3.551332,-1.18567989e-01,2.75462565e-03
0.732000,6.06513984e-02,5.31513984e-02,3.543427,-1.18584380e-01,2.72575598e-03
0.733000,6.05327993e-02,5.30327993e-02,3.535520,-1.18599129e-01,2.78572709e-03
0.734000,6.04141865e-02,5.29141865e-02,3.527612,-1.18612754e-01,2.72791465e-03
0.735000,6.02955696e-02,5.27955696e-02,3.519705,-1.18616907e-01,2.76994328e-03
0.736000,6.01769370e-02,5.26769370e-02,3.511796,-1.18632614e-01,2.73880779e-03
0.737000,6.00582970e-02,5.25582970e-02,3.503886,-1.18640024e-01,2.72762196e-03
0.738000,5.99396373e-02,5.24396373e-02,3.495976,-1.18659638e-01,2.76029576e-03
0.739000,5.98209602e-02,5.23209602e-02,3.488064,-1.18677147e-01,2.73119218e-03
0.740000,5.97022711e-02,5.22022711e-02,3.480151,-1.18689072e-01,2.78688231e-03
0.741000,5.95835704e-02,5.20835704e-02,3.472238,-1.18700708e-01,2.72596731e-03
0.742000,5.94648656e-02,5.19648656e-02,3.464324,-1.18704826e-01,2.75957962e-03
0.743000,5.93461426e-02,5.18461426e-02,3.456410,-1.18723005e-01,2.74595563e-03
0.744000,5.92274100e-02,5.17274100e-02,3.448494,-1.18732555e-01,2.73283029e-03
0.745000,5.91086611e-02,5.16086611e-02,3.440577,-1.18748900e-01,2.75697215e-03
0.746000,5.89898958e-02,5.14898958e-02,3.432660,-1.18765286e-01,2.72164156e-03
0.747000,5.88711158e-02,5.13711158e-02,3.424741,-1.18779992e-01,2.78707421e-03
0.748000,5.87523211e-02,5.12523211e-02,3.416821,-1.18794730e-01,2.73307547e-03
0.749000,5.86335236e-02,5.11335236e-02,3.408902,-1.18797528e-01,2.76906791e-03
0.750000,5.85147119e-02,5.10147119e-02,3.400981,-1.18811695e-01,2.74391670e-03
0.751000,5.83958934e-02,5.08958934e-02,3.393060,-1.18818489e-01,2.72581412e-03
0.752000,5.82770566e-02,5.07770566e-02,3.385137,-1.18836744e-01,2.76572389e-03
0.753000,5.81582028e-02,5.06582028e-02,3.377214,-1.18853887e-01,2.72648652e-03
0.754000,5.80393379e-02,5.05393379e-02,3.369289,-1.18864862e-01,2.78729642e-03
0.755000,5.79204599e-02,5.04204599e-02,3.361364,-1.18877970e-01,2.73757909e-03
0.756000,5.78015800e-02,5.03015800e-02,3.353439,-1.18879898e-01,2.75802915e-03
0.757000,5.76826855e-02,5.01826855e-02,3.345512,-1.18894538e-01,2.74366689e-03
0.758000,5.75637805e-02,5.00637805e-02,3.337585,-1.18905002e-01,2.73610886e-03
0.759000,5.74448590e-02,4.99448590e-02,3.329657,-1.18921519e-01,2.76801931e-03
0.760000,5.73259241e-02,4.98259241e-02,3.321728,-1.18934875e-01,2.71997920e-03
0.761000,5.72069778e-02,4.97069778e-02,3.313799,-1.18946247e-01,2.78451974e-03
0.762000,5.70880159e-02,4.95880159e-02,3.305868,-1.18961982e-01,2.73962363e-03
0.763000,5.69690514e-02,4.94690514e-02,3.297937,-1.18964461e-01,2.76755297e-03
0.764000,5.68500747e-02,4.93500747e-02,3.290005,-1.18976745e-01,2.74090295e-03
0.765000,5.67310901e-02,4.92310901e-02,3.282073,-1.18984570e-01,2.72976594e-03
0.766000,5.66120870e-02,4.91120870e-02,3.274139,-1.19003117e-01,2.77222625e-03
0.767000,5.64930692e-02,4.89930692e-02,3.266205,-1.19017812e-01,2.72548650e-03
0.768000,5.63740423e-02,4.88740423e-02,3.258269,-1.19026828e-01,2.78698522e-03
0.769000,5.62550020e-02,4.87550020e-02,3.250333,-1.19040319e-01,2.74054582e-03
0.770000,5.61359602e-02,4.86359602e-02,3.242397,-1.19041825e-01,2.75943786e-03
0.771000,5.60169049e-02,4.85169049e-02,3.234460,-1.19055241e-01,2.74379914e-03
0.772000,5.58978397e-02,4.83978397e-02,3.226523,-1.19065219e-01,2.73960223e-03
0.773000,5.57787587e-02,4.82787587e-02,3.218584,-1.19081075e-01,2.77025113e-03
0.774000,5.56596658e-02,4.81596658e-02,3.210644,-1.19092889e-01,2.72042523e-03
0.775000,5.55405623e-02,4.80405623e-02,3.202704,-1.19103449e-01,2.78374934e-03
0.776000,5.54214431e-02,4.79214431e-02,3.194763,-1.19119174e-01,2.74108253e-03
0.777000,5.53023215e-02,4.78023215e-02,3.186821,-1.19121648e-01,2.76995337e-03
0.778000,5.51831885e-02,4.76831885e-02,3.178879,-1.19133029e-01,2.74313309e-03
0.779000,5.50640488e-02,4.75640488e-02,3.170937,-1.19139671e-01,2.73176996e-03
0.780000,5.49448917e-02,4.74448917e-02,3.162993,-1.19157131e-01,2.77357736e-03
0.781000,5.48257207e-02,4.73257207e-02,3.155048,-1.19170929e-01,2.72790825e-03
0.782000,5.47065417e-02,4.72065417e-02,3.147103,-1.19179073e-01,2.78885650e-03
0.783000,5.45873502e-02,4.70873502e-02,3.139157,-1.19191438e-01,2.73957857e-03
0.784000,5.44681577e-02,4.69681577e-02,3.131211,-1.19192500e-01,2.76098919e-03
0.785000,5.43489518e-02,4.68489518e-02,3.123263,-1.19205960e-01,2.74680155e-03
0.786000,5.42297369e-02,4.67297369e-02,3.115316,-1.19214897e-01,2.74013277e-03
0.787000,5.41105072e-02,4.66105072e-02,3.107367,-1.19229673e-01,2.76964126e-03
0.788000,5.39912658e-02,4.64912658e-02,3.099418,-1.19241421e-01,2.72438994e-03
0.789000,5.38720143e-02,4.63720143e-02,3.091468,-1.19251480e-01,2.78731880e-03
0.790000,5.37527490e-02,4.62527490e-02,3.083517,-1.19265272e-01,2.73710785e-03
0.791000,5.36334817e-02,4.61334817e-02,3.075565,-1.19267277e-01,2.77368172e-03
0.792000,5.35142024e-02,4.60142024e-02,3.067613,-1.19279303e-01,2.75181805e-03
0.793000,5.33949193e-02,4.58949193e-02,3.059661,-1.19283185e-01,2.73175921e-03
0.794000,5.32756215e-02,4.57756215e-02,3.051708,-1.19297794e-01,2.76577394e-03
0.795000,5.31563085e-02,4.56563085e-02,3.043754,-1.19312976e-01,2.73476283e-03
0.796000,5.30369860e-02,4.55369860e-02,3.035799,-1.19322471e-01,2.79262022e-03
0.797000,5.29176541e-02,4.54176541e-02,3.027844,-1.19331919e-01,2.73445814e-03
0.798000,5.27983214e-02,4.52983214e-02,3.019888,-1.19332651e-01,2.76557197e-03
0.799000,5.26789745e-02,4.51789745e-02,3.011932,-1.19346982e-01,2.75130131e-03
0.800000,5.25596208e-02,4.50596208e-02,3.003975,-1.19353618e-01,2.74063392e-03
0.801000,5.24402540e-02,4.49402540e-02,2.996017,-1.19366828e-01,2.76307120e-03
0.802000,5.23208744e-02,4.48208744e-02,2.988058,-1.19379573e-01,2.73075881e-03
0.803000,5.22014838e-02,4.47014838e-02,2.980099,-1.19390663e-01,2.79531870e-03
0.804000,5.20820828e-02,4.45820828e-02,2.972139,-1.19400949e-01,2.73441105e-03
0.805000,5.19626820e-02,4.44626820e-02,2.964179,-1.19400803e-01,2.77402213e-03
0.806000,5.18432684e-02,4.43432684e-02,2.956218,-1.19413655e-01,2.74705777e-03
0.807000,5.17238501e-02,4.42238501e-02,2.948257,-1.19418267e-01,2.73571940e-03
0.808000,5.16044164e-02,4.41044164e-02,2.940294,-1.19433739e-01,2.76795829e-03
0.809000,5.14849691e-02,4.39849691e-02,2.932331,-1.19447234e-01,2.74086160e-03
0.810000,5.13655142e-02,4.38655142e-02,2.924368,-1.19454933e-01,2.79088694e-03
0.811000,5.12460515e-02,4.37460515e-02,2.916403,-1.19462685e-01,2.73297579e-03
0.812000,5.11265873e-02,4.36265873e-02,2.908439,-1.19464248e-01,2.77155446e-03
0.813000,5.10071093e-02,4.35071093e-02,2.900474,-1.19478008e-01,2.74845542e-03
0.814000,5.08876261e-02,4.33876261e-02,2.892508,-1.19483183e-01,2.73953630e-03
0.815000,5.07681286e-02,4.32681286e-02,2.884542,-1.19497521e-01,2.76366217e-03
0.816000,5.06486180e-02,4.31486180e-02,2.876575,-1.19510522e-01,2.73057575e-03
0.817000,5.05290966e-02,4.30290966e-02,2.868606,-1.19521451e-01,2.78932363e-03
0.818000,5.04095637e-02,4.29095637e-02,2.860638,-1.19532857e-01,2.73563858e-03
0.819000,5.02900293e-02,4.27900293e-02,2.852669,-1.19534463e-01,2.78608153e-03
0.820000,5.01704845e-02,4.26704845e-02,2.844699,-1.19544779e-01,2.74712958e-03
0.821000,5.00509391e-02,4.25509391e-02,2.836729,-1.19545418e-01,2.73597149e-03
0.822000,4.99313782e-02,4.24313782e-02,2.828759,-1.19560822e-01,2.77181064e-03
0.823000,4.98118047e-02,4.23118047e-02,2.820787,-1.19573553e-01,2.74261414e-03
0.824000,4.96922250e-02,4.21922250e-02,2.812815,-1.19579677e-01,2.78938726e-03
0.825000,4.95726379e-02,4.20726379e-02,2.804843,-1.19587118e-01,2.72847479e-03
0.826000,4.94530479e-02,4.19530479e-02,2.796870,-1.19589970e-01,2.77919505e-03
0.827000,4.93334441e-02,4.18334441e-02,2.788896,-1.19603857e-01,2.74024444e-03
0.828000,4.92138361e-02,4.17138361e-02,2.780922,-1.19607974e-01,2.75298150e-03
0.829000,4.90942135e-02,4.15942135e-02,2.772948,-1.19622632e-01,2.77562530e-03
0.830000,4.89745844e-02,4.14745844e-02,2.764972,-1.19629102e-01,2.73073770e-03
0.831000,4.88549483e-02,4.13549483e-02,2.756997,-1.19636073e-01,2.78936920e-03
0.832000,4.87353009e-02,4.12353009e-02,2.749020,-1.19647417e-01,2.72507733e-03
0.833000,4.86156500e-02,4.11156500e-02,2.741043,-1.19650876e-01,2.79346938e-03
0.834000,4.84959866e-02,4.09959866e-02,2.733066,-1.19663355e-01,2.73836525e-03
0.835000,4.83763235e-02,4.08763235e-02,2.725088,-1.19663117e-01,2.74508828e-03
0.836000,4.82566437e-02,4.07566437e-02,2.717110,-1.19679787e-01,2.77470991e-03
0.837000,4.81369547e-02,4.06369547e-02,2.709130,-1.19689011e-01,2.74526258e-03
0.838000,4.80172610e-02,4.05172610e-02,2.701151,-1.19693714e-01,2.78461850e-03
0.839000,4.78975599e-02,4.03975599e-02,2.693171,-1.19701129e-01,2.72121817e-03
0.840000,4.77778531e-02,4.02778531e-02,2.685190,-1.19706830e-01,2.78779614e-03
0.841000,4.76581315e-02,4.01581315e-02,2.677209,-1.19721579e-01,2.74762407e-03
0.842000,4.75384099e-02,4.00384099e-02,2.669227,-1.19721567e-01,2.76064041e-03
0.843000,4.74186775e-02,3.99186775e-02,2.661245,-1.19732447e-01,2.76244270e-03
0.844000,4.72989387e-02,3.97989387e-02,2.653263,-1.19738732e-01,2.73494142e-03
0.845000,4.71791894e-02,3.96791894e-02,2.645279,-1.19749290e-01,2.79212691e-03
0.846000,4.70594307e-02,3.95594307e-02,2.637295,-1.19758766e-01,2.71955678e-03
0.847000,4.69396684e-02,3.94396684e-02,2.629311,-1.19762295e-01,2.79708844e-03
0.848000,4.68198924e-02,3.93198924e-02,2.621326,-1.19775947e-01,2.74906237e-03
0.849000,4.67001198e-02,3.92001198e-02,2.613341,-1.19772629e-01,2.75949023e-03
0.850000,4.65803366e-02,3.90803366e-02,2.605356,-1.19783239e-01,2.76156705e-03
0.851000,4.64605465e-02,3.89605465e-02,2.597370,-1.19790058e-01,2.74243751e-03
0.852000,4.63407469e-02,3.88407469e-02,2.589383,-1.19799577e-01,2.78810803e-03
0.853000,4.62209396e-02,3.87209396e-02,2.581396,-1.19807302e-01,2.72255953e-03
0.854000,4.61011280e-02,3.86011280e-02,2.573409,-1.19811620e-01,2.78682794e-03
0.855000,4.59813019e-02,3.84813019e-02,2.565420,-1.19826100e-01,2.75402703e-03
0.856000,4.58614766e-02,3.83614766e-02,2.557432,-1.19825274e-01,2.77176243e-03
0.857000,4.57416445e-02,3.82416445e-02,2.549443,-1.19832083e-01,2.75669227e-03
0.858000,4.56218088e-02,3.81218088e-02,2.541454,-1.19835733e-01,2.73310126e-03
0.859000,4.55019603e-02,3.80019603e-02,2.533464,-1.19848504e-01,2.78005899e-03
0.860000,4.53820996e-02,3.78820996e-02,2.525473,-1.19860719e-01,2.73391282e-03
0.861000,4.52622339e-02,3.77622339e-02,2.517482,-1.19865673e-01,2.79770637e-03
0.862000,4.51423594e-02,3.76423594e-02,2.509491,-1.19874501e-01,2.74691484e-03
0.863000,4.50224881e-02,3.75224881e-02,2.501499,-1.19871359e-01,2.77218716e-03
0.864000,4.49026076e-02,3.74026076e-02,2.493507,-1.19880430e-01,2.75445880e-03
0.865000,4.47827233e-02,3.72827233e-02,2.485515,-1.19884335e-01,2.74472780e-03
0.866000,4.46628275e-02,3.71628275e-02,2.477522,-1.19895784e-01,2.76901854e-03
0.867000,4.45429214e-02,3.70429214e-02,2.469528,-1.19906133e-01,2.73739691e-03
0.868000,4.44230073e-02,3.69230073e-02,2.461534,-1.19914096e-01,2.80121447e-03
0.869000,4.43030861e-02,3.68030861e-02,2.453539,-1.19921159e-01,2.74202793e-03
0.870000,4.41831684e-02,3.66831684e-02,2.445545,-1.19917730e-01,2.78124699e-03
0.871000,4.40632416e-02,3.65632416e-02,2.437549,-1.19926803e-01,2.75085811e-03
0.872000,4.39433132e-02,3.64433132e-02,2.429554,-1.19928370e-01,2.73704738e-03
0.873000,4.38233709e-02,3.63233709e-02,2.421558,-1.19942359e-01,2.77356351e-03
0.874000,4.37034164e-02,3.62034164e-02,2.413561,-1.19954427e-01,2.74997948e-03
0.875000,4.35834578e-02,3.60834578e-02,2.405564,-1.19958673e-01,2.79000535e-03
0.876000,4.34634942e-02,3.59634942e-02,2.397566,-1.19963586e-01,2.73581668e-03
0.877000,4.33435292e-02,3.58435292e-02,2.389569,-1.19964936e-01,2.78533327e-03
0.878000,4.32235539e-02,3.57235539e-02,2.381570,-1.19975326e-01,2.74445997e-03
0.879000,4.31035772e-02,3.56035772e-02,2.373572,-1.19976683e-01,2.75516525e-03
0.880000,4.29835877e-02,3.54835877e-02,2.365573,-1.19989569e-01,2.78114594e-03
0.881000,4.28635933e-02,3.53635933e-02,2.357573,-1.19994346e-01,2.73637556e-03
0.882000,4.27435948e-02,3.52435948e-02,2.349573,-1.19998507e-01,2.79419274e-03
0.883000,4.26235877e-02,3.51235877e-02,2.341573,-1.20007147e-01,2.72963107e-03
0.884000,4.25035794e-02,3.50035794e-02,2.333572,-1.20008216e-01,2.79574685e-03
0.885000,4.23835606e-02,3.48835606e-02,2.325571,-1.20018797e-01,2.74447175e-03
0.886000,4.22635439e-02,3.47635439e-02,2.317570,-1.20016731e-01,2.75427185e-03
0.887000,4.21435141e-02,3.46435141e-02,2.309568,-1.20029772e-01,2.77438647e-03
0.888000,4.20234781e-02,3.45234781e-02,2.301565,-1.20036037e-01,2.75028103e-03
0.889000,4.19034381e-02,3.44034381e-02,2.293563,-1.20039959e-01,2.79432697e-03
0.890000,4.17833941e-02,3.42833941e-02,2.285560,-1.20044009e-01,2.72108667e-03
0.891000,4.16633476e-02,3.41633476e-02,2.277557,-1.20046545e-01,2.79221731e-03
0.892000,4.15432870e-02,3.40432870e-02,2.269552,-1.20060555e-01,2.75035506e-03
0.893000,4.14232284e-02,3.39232284e-02,2.261549,-1.20058608e-01,2.77012308e-03
0.894000,4.13031615e-02,3.38031615e-02,2.253544,-1.20066914e-01,2.76799463e-03
0.895000,4.11830924e-02,3.36830924e-02,2.245539,-1.20069104e-01,2.73715448e-03
0.896000,4.10630150e-02,3.35630150e-02,2.237534,-1.20077446e-01,2.79371542e-03
0.897000,4.09429290e-02,3.34429290e-02,2.229529,-1.20085915e-01,2.73198990e-03
0.898000,4.08228423e-02,3.33228423e-02,2.221523,-1.20086724e-01,2.79728852e-03
0.899000,4.07027461e-02,3.32027461e-02,2.213516,-1.20096257e-01,2.75573687e-03
0.900000,4.05826544e-02,3.30826544e-02,2.205510,-1.20091693e-01,2.76565987e-03
0.901000,4.04625554e-02,3.29625554e-02,2.197504,-1.20099020e-01,2.75892076e-03
0.902000,4.03424511e-02,3.28424511e-02,2.189497,-1.20104280e-01,2.75172105e-03
0.903000,4.02223380e-02,3.27223380e-02,2.181489,-1.20113027e-01,2.78019776e-03
0.904000,4.01022189e-02,3.26022189e-02,2.173481,-1.20119102e-01,2.73118528e-03
0.905000,3.99820945e-02,3.24820945e-02,2.165473,-1.20124492e-01,2.79876444e-03
0.906000,3.98619604e-02,3.23619604e-02,2.157464,-1.20134029e-01,2.74720351e-03
0.907000,3.97418299e-02,3.22418299e-02,2.149455,-1.20130489e-01,2.78334826e-03
0.908000,3.96216924e-02,3.21216924e-02,2.141446,-1.20137491e-01,2.75743987e-03
0.909000,3.95015552e-02,3.20015552e-02,2.133437,-1.20137204e-01,2.74370838e-03
0.910000,3.93814074e-02,3.18814074e-02,2.125427,-1.20147853e-01,2.77676674e-03
0.911000,3.92612502e-02,3.17612502e-02,2.117417,-1.20157167e-01,2.74738139e-03
0.912000,3.91410894e-02,3.16410894e-02,2.109406,-1.20160820e-01,2.79968183e-03
0.913000,3.90209245e-02,3.15209245e-02,2.101395,-1.20164875e-01,2.74183660e-03
0.914000,3.89007625e-02,3.14007625e-02,2.093384,-1.20161983e-01,2.78393001e-03
0.915000,3.87805919e-02,3.12805919e-02,2.085373,-1.20170645e-01,2.75139137e-03
0.916000,3.86604207e-02,3.11604207e-02,2.077361,-1.20171236e-01,2.75856232e-03
0.917000,3.85402394e-02,3.10402394e-02,2.069349,-1.20181246e-01,2.78411946e-03
0.918000,3.84200550e-02,3.09200550e-02,2.061337,-1.20184381e-01,2.73856087e-03
0.919000,3.82998679e-02,3.07998679e-02,2.053325,-1.20187179e-01,2.79717543e-03
0.920000,3.81796733e-02,3.06796733e-02,2.045312,-1.20194574e-01,2.73425708e-03
0.921000,3.80594794e-02,3.05594794e-02,2.037299,-1.20193845e-01,2.79923360e-03
0.922000,3.79392772e-02,3.04392772e-02,2.029285,-1.20202290e-01,2.74698635e-03
0.923000,3.78190785e-02,3.03190785e-02,2.021272,-1.20198634e-01,2.75670267e-03
0.924000,3.76988681e-02,3.01988681e-02,2.013258,-1.20210419e-01,2.77881131e-03
0.925000,3.75786530e-02,3.00786530e-02,2.005244,-1.20215104e-01,2.75469246e-03
0.926000,3.74584362e-02,2.99584362e-02,1.997229,-1.20216793e-01,2.79734758e-03
0.927000,3.73382173e-02,2.98382173e-02,1.989214,-1.20218859e-01,2.72385102e-03
0.928000,3.72179974e-02,2.97179974e-02,1.981200,-1.20219914e-01,2.79714777e-03
0.929000,3.70977653e-02,2.95977653e-02,1.973184,-1.20232145e-01,2.75407146e-03
0.930000,3.69775374e-02,2.94775374e-02,1.965169,-1.20227922e-01,2.77473117e-03
0.931000,3.68573032e-02,2.93573032e-02,1.957154,-1.20234192e-01,2.76967495e-03
0.932000,3.67370686e-02,2.92370686e-02,1.949138,-1.20234571e-01,2.74046389e-03
0.933000,3.66168268e-02,2.91168268e-02,1.941122,-1.20241777e-01,2.79222913e-03
0.934000,3.64965774e-02,2.89965774e-02,1.933105,-1.20249421e-01,2.73788829e-03
0.935000,3.63763277e-02,2.88763277e-02,1.925089,-1.20249675e-01,2.80432982e-03
0.936000,3.62560717e-02,2.87560717e-02,1.917071,-1.20256026e-01,2.75935657e-03
0.937000,3.61358232e-02,2.86358232e-02,1.909055,-1.20248509e-01,2.77408176e-03
0.938000,3.60155700e-02,2.85155700e-02,1.901038,-1.20253159e-01,2.75946175e-03
0.939000,3.58953145e-02,2.83953145e-02,1.893021,-1.20255557e-01,2.75213799e-03
0.940000,3.57750504e-02,2.82750504e-02,1.885003,-1.20264052e-01,2.77816709e-03
0.941000,3.56547801e-02,2.81547801e-02,1.876985,-1.20270350e-01,2.74323315e-03
0.942000,3.55345058e-02,2.80345058e-02,1.868967,-1.20274277e-01,2.80800962e-03
0.943000,3.54142276e-02,2.79142276e-02,1.860949,-1.20278221e-01,2.74920328e-03
0.944000,3.52939563e-02,2.77939563e-02,1.852930,-1.20271292e-01,2.78864829e-03
0.945000,3.51736796e-02,2.76736796e-02,1.844912,-1.20276699e-01,2.75877419e-03
0.946000,3.50534051e-02,2.75534051e-02,1.836894,-1.20274436e-01,2.74447071e-03
0.947000,3.49331206e-02,2.74331206e-02,1.828875,-1.20284513e-01,2.78094337e-03
0.948000,3.48128278e-02,2.73128278e-02,1.820855,-1.20292837e-01,2.75793463e-03
0.949000,3.46925345e-02,2.71925345e-02,1.812836,-1.20293252e-01,2.80134202e-03
0.950000,3.45722410e-02,2.70722410e-02,1.804816,-1.20293548e-01,2.74185508e-03
0.951000,3.44519509e-02,2.69519509e-02,1.796797,-1.20290107e-01,2.79190351e-03
0.952000,3.43316535e-02,2.68316535e-02,1.788777,-1.20297353e-01,2.74964638e-03
0.953000,3.42113579e-02,2.67113579e-02,1.780757,-1.20295634e-01,2.76515494e-03
0.954000,3.40910528e-02,2.65910528e-02,1.772737,-1.20305051e-01,2.78684532e-03
0.955000,3.39707473e-02,2.64707473e-02,1.764716,-1.20305539e-01,2.74335845e-03
0.956000,3.38504407e-02,2.63504407e-02,1.756696,-1.20306594e-01,2.79647130e-03
0.957000,3.37301282e-02,2.62301282e-02,1.748675,-1.20312537e-01,2.73928449e-03
0.958000,3.36098170e-02,2.61098170e-02,1.740654,-1.20311151e-01,2.80709707e-03
0.959000,3.34895005e-02,2.59895005e-02,1.732633,-1.20316554e-01,2.75808414e-03
0.960000,3.33691921e-02,2.58691921e-02,1.724613,-1.20308354e-01,2.76823270e-03
0.961000,3.32488777e-02,2.57488777e-02,1.716592,-1.20314455e-01,2.77622933e-03
0.962000,3.31285619e-02,2.56285619e-02,1.708571,-1.20315809e-01,2.75759186e-03
0.963000,3.30082440e-02,2.55082440e-02,1.700550,-1.20317833e-01,2.79781769e-03
0.964000,3.28879252e-02,2.53879252e-02,1.692528,-1.20318865e-01,2.73295305e-03
0.965000,3.27676070e-02,2.52676070e-02,1.684507,-1.20318156e-01,2.79898214e-03
0.966000,3.26472799e-02,2.51472799e-02,1.676485,-1.20327073e-01,2.76593411e-03
0.967000,3.25269598e-02,2.50269598e-02,1.668464,-1.20320150e-01,2.78569007e-03
0.968000,3.24066392e-02,2.49066392e-02,1.660443,-1.20320586e-01,2.76471175e-03
0.969000,3.22863209e-02,2.47863209e-02,1.652421,-1.20318244e-01,2.75058716e-03
0.970000,3.21659957e-02,2.46659957e-02,1.644400,-1.20325289e-01,2.78919315e-03
0.971000,3.20456655e-02,2.45456655e-02,1.636378,-1.20330146e-01,2.74987860e-03
0.972000,3.19253362e-02,2.44253362e-02,1.628356,-1.20329276e-01,2.81153531e-03
0.973000,3.18050058e-02,2.43050058e-02,1.620334,-1.20330415e-01,2.75214953e-03
0.974000,3.16846840e-02,2.41846840e-02,1.612312,-1.20321807e-01,2.78620565e-03
0.975000,3.15643573e-02,2.40643573e-02,1.604290,-1.20326679e-01,2.76716591e-03
0.976000,3.14440336e-02,2.39440336e-02,1.596269,-1.20323733e-01,2.75847119e-03
0.977000,3.13237050e-02,2.38237050e-02,1.588247,-1.20328578e-01,2.78123088e-03
0.978000,3.12033728e-02,2.37033728e-02,1.580225,-1.20332254e-01,2.75331639e-03
0.979000,3.10830394e-02,2.35830394e-02,1.572203,-1.20333392e-01,2.80424199e-03
0.980000,3.09627047e-02,2.34627047e-02,1.564180,-1.20334691e-01,2.75436802e-03
0.981000,3.08423766e-02,2.33423766e-02,1.556158,-1.20328085e-01,2.80209259e-03
0.982000,3.07220472e-02,2.32220472e-02,1.548136,-1.20329419e-01,2.75607140e-03
0.983000,3.06017240e-02,2.31017240e-02,1.540115,-1.20323219e-01,2.75905076e-03
0.984000,3.04813924e-02,2.29813924e-02,1.532093,-1.20331605e-01,2.79320837e-03
0.985000,3.03610594e-02,2.28610594e-02,1.524071,-1.20332972e-01,2.76392371e-03
0.986000,3.02407311e-02,2.27407311e-02,1.516049,-1.20328300e-01,2.80562186e-03
0.987000,3.01204052e-02,2.26204052e-02,1.508027,-1.20325872e-01,2.73892882e-03
0.988000,3.00000837e-02,2.25000837e-02,1.500006,-1.20321543e-01,2.80389279e-03
0.989000,2.98797560e-02,2.23797560e-02,1.491984,-1.20327630e-01,2.76401506e-03
0.990000,2.97594366e-02,2.22594366e-02,1.483962,-1.20319433e-01,2.78178597e-03
0.991000,2.96391154e-02,2.21391154e-02,1.475941,-1.20321190e-01,2.78298355e-03
0.992000,2.95187985e-02,2.20187985e-02,1.467920,-1.20316898e-01,2.75317345e-03
0.993000,2.93984810e-02,2.18984810e-02,1.459899,-1.20317486e-01,2.80640491e-03
0.994000,2.92781626e-02,2.17781626e-02,1.451878,-1.20318450e-01,2.74466455e-03
0.995000,2.91578497e-02,2.16578497e-02,1.443857,-1.20312849e-01,2.81503731e-03
0.996000,2.90375347e-02,2.15375347e-02,1.435836,-1.20315081e-01,2.77040246e-03
0.997000,2.89172326e-02,2.14172326e-02,1.427816,-1.20302095e-01,2.78178520e-03
0.998000,2.87969308e-02,2.12969308e-02,1.419795,-1.20301754e-01,2.77683722e-03
0.999000,2.86766323e-02,2.11766323e-02,1.411775,-1.20298550e-01,2.76317344e-03
1.000000,2.85563329e-02,2.10563329e-02,1.403756,-1.20299387e-01,2.79653406e-03
1.001000,2.84360341e-02,2.09360341e-02,1.395736,-1.20298813e-01,2.74683900e-03
1.002000,2.83157380e-02,2.08157380e-02,1.387716,-1.20296070e-01,2.81671950e-03
1.003000,2.81954407e-02,2.06954407e-02,1.379696,-1.20297290e-01,2.76458785e-03
1.004000,2.80751559e-02,2.05751559e-02,1.371677,-1.20284779e-01,2.79792149e-03
1.005000,2.79548724e-02,2.04548724e-02,1.363658,-1.20283495e-01,2.77390057e-03
1.006000,2.78345969e-02,2.03345969e-02,1.355640,-1.20275511e-01,2.75975705e-03
1.007000,2.77143190e-02,2.02143190e-02,1.347621,-1.20277917e-01,2.79220683e-03
1.008000,2.75940398e-02,2.00940398e-02,1.339603,-1.20279229e-01,2.76327174e-03
1.009000,2.74737648e-02,1.99737648e-02,1.331584,-1.20275001e-01,2.81700794e-03
1.010000,2.73534940e-02,1.98534940e-02,1.323566,-1.20270774e-01,2.76115565e-03
1.011000,2.72332352e-02,1.97332352e-02,1.315549,-1.20258775e-01,2.80654690e-03
1.012000,2.71129781e-02,1.96129781e-02,1.307532,-1.20257093e-01,2.76769137e-03
1.013000,2.69927308e-02,1.94927308e-02,1.299515,-1.20247374e-01,2.77536861e-03
1.014000,2.68724817e-02,1.93724817e-02,1.291499,-1.20249058e-01,2.80280243e-03
1.015000,2.67522383e-02,1.92522383e-02,1.283483,-1.20243370e-01,2.75828369e-03
1.016000,2.66320018e-02,1.91320018e-02,1.275467,-1.20236545e-01,2.81730575e-03
1.017000,2.65117679e-02,1.90117679e-02,1.267451,-1.20233903e-01,2.75434307e-03
1.018000,2.63915449e-02,1.88915449e-02,1.259436,-1.20223011e-01,2.81937927e-03
1.019000,2.62713236e-02,1.87713236e-02,1.251422,-1.20221296e-01,2.76804477e-03
1.020000,2.61511163e-02,1.86511163e-02,1.243408,-1.20207301e-01,2.78025025e-03
1.021000,2.60309083e-02,1.85309083e-02,1.235394,-1.20208006e-01,2.79765546e-03
1.022000,2.59107066e-02,1.84107066e-02,1.227380,-1.20201625e-01,2.77517739e-03
1.023000,2.57905131e-02,1.82905131e-02,1.219368,-1.20193502e-01,2.82139848e-03
1.024000,2.56703285e-02,1.81703285e-02,1.211355,-1.20184588e-01,2.74621754e-03
1.025000,2.55501548e-02,1.80501548e-02,1.203344,-1.20173789e-01,2.81835429e-03
1.026000,2.54299798e-02,1.79299798e-02,1.195332,-1.20174925e-01,2.77883083e-03
1.027000,2.53098205e-02,1.78098205e-02,1.187321,-1.20159358e-01,2.80123748e-03
1.028000,2.51896677e-02,1.76896677e-02,1.179311,-1.20152810e-01,2.78924675e-03
1.029000,2.50695266e-02,1.75695266e-02,1.171302,-1.20141023e-01,2.76489540e-03
1.030000,2.49493892e-02,1.74493892e-02,1.163293,-1.20137480e-01,2.81528382e-03
1.031000,2.48292561e-02,1.73292561e-02,1.155284,-1.20133024e-01,2.76401429e-03
1.032000,2.47091351e-02,1.72091351e-02,1.147276,-1.20121086e-01,2.83167487e-03
1.033000,2.45890210e-02,1.70890210e-02,1.139268,-1.20114021e-01,2.78404902e-03
1.034000,2.44689279e-02,1.69689279e-02,1.131262,-1.20093157e-01,2.79953999e-03
1.035000,2.43488427e-02,1.68488427e-02,1.123256,-1.20085195e-01,2.78552183e-03
1.036000,2.42287681e-02,1.67287681e-02,1.115251,-1.20074625e-01,2.78077502e-03
1.037000,2.41086986e-02,1.66086986e-02,1.107247,-1.20069497e-01,2.80685088e-03
1.038000,2.39886372e-02,1.64886372e-02,1.099242,-1.20061317e-01,2.77150662e-03
1.039000,2.38685864e-02,1.63685864e-02,1.091239,-1.20050824e-01,2.83868901e-03
1.040000,2.37485464e-02,1.62485464e-02,1.083236,-1.20040058e-01,2.77657882e-03
1.041000,2.36285281e-02,1.61285281e-02,1.075235,-1.20018212e-01,2.82070014e-03
1.042000,2.35085192e-02,1.60085192e-02,1.067235,-1.20008961e-01,2.79006867e-03
1.043000,2.33885285e-02,1.58885285e-02,1.059235,-1.19990637e-01,2.77626865e-03
1.044000,2.32685437e-02,1.57685437e-02,1.051236,-1.19984813e-01,2.81321984e-03
1.045000,2.31485667e-02,1.56485667e-02,1.043238,-1.19976987e-01,2.78331688e-03
1.046000,2.30286044e-02,1.55286044e-02,1.035240,-1.19962314e-01,2.83407959e-03
1.047000,2.29086559e-02,1.54086559e-02,1.027244,-1.19948484e-01,2.78004535e-03
1.048000,2.27887284e-02,1.52887284e-02,1.019249,-1.19927539e-01,2.82840118e-03
1.049000,2.26688126e-02,1.51688126e-02,1.011254,-1.19915788e-01,2.78887290e-03
1.050000,2.25489175e-02,1.50489175e-02,1.003261,-1.19895146e-01,2.79741877e-03
1.051000,2.24290315e-02,1.49290315e-02,0.995269,-1.19885975e-01,2.82416517e-03
1.052000,2.23091622e-02,1.48091622e-02,0.987277,-1.19869267e-01,2.78047796e-03
1.053000,2.21893107e-02,1.46893107e-02,0.979287,-1.19851501e-01,2.84037287e-03
1.054000,2.20694732e-02,1.45694732e-02,0.971298,-1.19837491e-01,2.77876569e-03
1.055000,2.19496585e-02,1.44496585e-02,0.963311,-1.19814705e-01,2.84515587e-03
1.056000,2.18298581e-02,1.43298581e-02,0.955324,-1.19800411e-01,2.78937181e-03
1.057000,2.17100839e-02,1.42100839e-02,0.947339,-1.19774179e-01,2.79843754e-03
1.058000,2.15903193e-02,1.40903193e-02,0.939355,-1.19764663e-01,2.83181386e-03
1.059000,2.14705730e-02,1.39705730e-02,0.931372,-1.19746268e-01,2.80253868e-03
1.060000,2.13508509e-02,1.38508509e-02,0.923390,-1.19722089e-01,2.84351444e-03
1.061000,2.12311506e-02,1.37311506e-02,0.915410,-1.19700279e-01,2.77877370e-03
1.062000,2.11114742e-02,1.36114742e-02,0.907432,-1.19676459e-01,2.84617136e-03
1.063000,2.09918122e-02,1.34918122e-02,0.899454,-1.19661983e-01,2.80736081e-03
1.064000,2.08721800e-02,1.33721800e-02,0.891479,-1.19632236e-01,2.82150263e-03
1.065000,2.07525672e-02,1.32525672e-02,0.883504,-1.19612734e-01,2.82773684e-03
1.066000,2.06329797e-02,1.31329797e-02,0.875532,-1.19587486e-01,2.79602637e-03
1.067000,2.05134140e-02,1.30134140e-02,0.867561,-1.19565797e-01,2.85916521e-03
1.068000,2.03938706e-02,1.28938706e-02,0.859591,-1.19543357e-01,2.78874357e-03
1.069000,2.02743580e-02,1.27743580e-02,0.851624,-1.19512635e-01,2.86535446e-03
1.070000,2.01548665e-02,1.26548665e-02,0.843658,-1.19491493e-01,2.81481643e-03
1.071000,2.00354123e-02,1.25354123e-02,0.835694,-1.19454127e-01,2.82792048e-03
1.072000,1.99159813e-02,1.24159813e-02,0.827732,-1.19431042e-01,2.83758247e-03
1.073000,1.97965794e-02,1.22965794e-02,0.819772,-1.19401944e-01,2.81884694e-03
1.074000,1.96772064e-02,1.21772064e-02,0.811814,-1.19372987e-01,2.86630173e-03
1.075000,1.95578646e-02,1.20578646e-02,0.803858,-1.19341790e-01,2.79378763e-03
1.076000,1.94385567e-02,1.19385567e-02,0.795904,-1.19307832e-01,2.86838932e-03
1.077000,1.93192722e-02,1.18192722e-02,0.787951,-1.19284497e-01,2.82876566e-03
1.078000,1.92000286e-02,1.17000286e-02,0.780002,-1.19243668e-01,2.85137457e-03
1.079000,1.90808167e-02,1.15808167e-02,0.772054,-1.19211854e-01,2.84737433e-03
1.080000,1.89616434e-02,1.14616434e-02,0.764110,-1.19173322e-01,2.81853983e-03
1.081000,1.88425022e-02,1.13425022e-02,0.756167,-1.19141203e-01,2.87588920e-03
1.082000,1.87233938e-02,1.12233938e-02,0.748226,-1.19108412e-01,2.81184628e-03
1.083000,1.86043257e-02,1.11043257e-02,0.740288,-1.19068112e-01,2.89363604e-03
1.084000,1.84852913e-02,1.09852913e-02,0.732353,-1.19034381e-01,2.84531342e-03
1.085000,1.83663090e-02,1.08663090e-02,0.724421,-1.18982334e-01,2.85509058e-03
1.086000,1.82473645e-02,1.07473645e-02,0.716491,-1.18944428e-01,2.86101904e-03
1.087000,1.81284623e-02,1.06284623e-02,0.708564,-1.18902263e-01,2.84445773e-03
1.088000,1.80096012e-02,1.05096012e-02,0.700640,-1.18861080e-01,2.89104477e-03
1.089000,1.78907841e-02,1.03907841e-02,0.692719,-1.18817097e-01,2.82294565e-03
1.090000,1.77720142e-02,1.02720142e-02,0.684801,-1.18769857e-01,2.90075936e-03
1.091000,1.76532830e-02,1.01532830e-02,0.676886,-1.18731221e-01,2.86066793e-03
1.092000,1.75346089e-02,1.00346089e-02,0.668974,-1.18674119e-01,2.88121706e-03
1.093000,1.74159823e-02,9.91598230e-03,0.661065,-1.18626551e-01,2.88068394e-03
1.094000,1.72974100e-02,9.79741000e-03,0.653161,-1.18572328e-01,2.85436673e-03
1.095000,1.71788871e-02,9.67888710e-03,0.645259,-1.18522934e-01,2.91534653e-03
1.096000,1.70604157e-02,9.56041570e-03,0.637361,-1.18471399e-01,2.84600442e-03
1.097000,1.69420036e-02,9.44200360e-03,0.629467,-1.18412100e-01,2.92756667e-03
1.098000,1.68236424e-02,9.32364240e-03,0.621576,-1.18361151e-01,2.87874599e-03
1.099000,1.67053504e-02,9.20535040e-03,0.613690,-1.18292049e-01,2.89278189e-03
1.100000,1.65871139e-02,9.08711390e-03,0.605808,-1.18236498e-01,2.90843311e-03
1.101000,1.64689403e-02,8.96894030e-03,0.597929,-1.18173570e-01,2.88494116e-03
1.102000,1.63508307e-02,8.85083070e-03,0.590055,-1.18109656e-01,2.93562918e-03
1.103000,1.62327862e-02,8.73278620e-03,0.582186,-1.18044493e-01,2.87544065e-03
1.104000,1.61148128e-02,8.61481280e-03,0.574321,-1.17973328e-01,2.94642364e-03
1.105000,1.59969035e-02,8.49690350e-03,0.566460,-1.17909376e-01,2.89887851e-03
1.106000,1.58790729e-02,8.37907290e-03,0.558605,-1.17830521e-01,2.91899009e-03
1.107000,1.57613092e-02,8.26130920e-03,0.550754,-1.17763724e-01,2.95004251e-03
1.108000,1.56436244e-02,8.14362440e-03,0.542908,-1.17684830e-01,2.90662858e-03
1.109000,1.55260210e-02,8.02602100e-03,0.535068,-1.17603416e-01,2.96879629e-03
1.110000,1.54084957e-02,7.90849570e-03,0.527233,-1.17525266e-01,2.91627723e-03
1.111000,1.52910597e-02,7.79105970e-03,0.519404,-1.17435986e-01,2.97757659e-03
1.112000,1.51737066e-02,7.67370660e-03,0.511580,-1.17353115e-01,2.94939956e-03
1.113000,1.50564515e-02,7.55645150e-03,0.503763,-1.17255094e-01,2.93923223e-03
1.114000,1.49392834e-02,7.43928340e-03,0.495952,-1.17168125e-01,2.97808025e-03
1.115000,1.48222058e-02,7.32220580e-03,0.488147,-1.17077626e-01,2.95281937e-03
1.116000,1.47052269e-02,7.20522690e-03,0.480348,-1.16978835e-01,3.01595630e-03
1.117000,1.45883498e-02,7.08834980e-03,0.472557,-1.16877176e-01,2.97075473e-03
1.118000,1.44715870e-02,6.97158700e-03,0.464772,-1.16762774e-01,2.99519464e-03
1.119000,1.43549281e-02,6.85492810e-03,0.456995,-1.16658896e-01,2.99616996e-03
1.120000,1.42383813e-02,6.73838130e-03,0.449225,-1.16546818e-01,2.99073912e-03
1.121000,1.41219459e-02,6.62194590e-03,0.441463,-1.16435381e-01,3.04870083e-03
1.122000,1.40056304e-02,6.50563040e-03,0.433709,-1.16315478e-01,2.98096450e-03
1.123000,1.38894419e-02,6.38944190e-03,0.425963,-1.16188517e-01,3.05680747e-03
1.124000,1.37733715e-02,6.27337150e-03,0.418225,-1.16070390e-01,3.02280841e-03
1.125000,1.36574381e-02,6.15743810e-03,0.410496,-1.15933367e-01,3.04331868e-03
1.126000,1.35416343e-02,6.04163430e-03,0.402776,-1.15803883e-01,3.07381373e-03
1.127000,1.34259720e-02,5.92597200e-03,0.395065,-1.15662271e-01,3.04110967e-03
1.128000,1.33104556e-02,5.81045560e-03,0.387364,-1.15516427e-01,3.11465297e-03
1.129000,1.31950872e-02,5.69508720e-03,0.379672,-1.15368318e-01,3.06428183e-03
1.130000,1.30798823e-02,5.57988230e-03,0.371992,-1.15204964e-01,3.12256255e-03
1.131000,1.29648344e-02,5.46483440e-03,0.364322,-1.15047846e-01,3.11238979e-03
1.132000,1.28499610e-02,5.34996100e-03,0.356664,-1.14873387e-01,3.09673516e-03
1.133000,1.27352560e-02,5.23525600e-03,0.349017,-1.14705037e-01,3.17337515e-03
1.134000,1.26207277e-02,5.12072770e-03,0.341382,-1.14528276e-01,3.10975061e-03
1.135000,1.25063901e-02,5.00639010e-03,0.333759,-1.14337596e-01,3.19890923e-03
1.136000,1.23922381e-02,4.89223810e-03,0.326149,-1.14152044e-01,3.17336673e-03
1.137000,1.22782964e-02,4.77829640e-03,0.318553,-1.13941729e-01,3.17766021e-03
1.138000,1.21645573e-02,4.66455730e-03,0.310970,-1.13739043e-01,3.22560677e-03
1.139000,1.20510308e-02,4.55103080e-03,0.303402,-1.13526468e-01,3.19750351e-03
1.140000,1.19377277e-02,4.43772770e-03,0.295849,-1.13303116e-01,3.29130008e-03
1.141000,1.18246553e-02,4.32465530e-03,0.288310,-1.13072407e-01,3.24839714e-03
1.142000,1.17118368e-02,4.21183680e-03,0.280789,-1.12818480e-01,3.26974693e-03
1.143000,1.15992620e-02,4.09926200e-03,0.273284,-1.12574869e-01,3.32114809e-03
1.144000,1.14869468e-02,3.98694680e-03,0.265796,-1.12315155e-01,3.30818201e-03
1.145000,1.13749060e-02,3.87490600e-03,0.258327,-1.12040854e-01,3.39002774e-03
1.146000,1.12631496e-02,3.76314960e-03,0.250877,-1.11756338e-01,3.36171355e-03
1.147000,1.11516997e-02,3.65169970e-03,0.243447,-1.11449949e-01,3.39548539e-03
1.148000,1.10405528e-02,3.54055280e-03,0.236037,-1.11146887e-01,3.44964186e-03
1.149000,1.09297296e-02,3.42972960e-03,0.228649,-1.10823157e-01,3.43511846e-03
1.150000,1.08192454e-02,3.31924540e-03,0.221283,-1.10484209e-01,3.52114376e-03
1.151000,1.07091106e-02,3.20911060e-03,0.213941,-1.10134818e-01,3.50209572e-03
1.152000,1.05993501e-02,3.09935010e-03,0.206623,-1.09760544e-01,3.54453971e-03
1.153000,1.04899650e-02,2.98996500e-03,0.199331,-1.09385020e-01,3.61189097e-03
1.154000,1.03809814e-02,2.88098140e-03,0.192065,-1.08983646e-01,3.60676847e-03
1.155000,1.02724203e-02,2.77242030e-03,0.184828,-1.08561059e-01,3.72035051e-03
1.156000,1.01643003e-02,2.66430030e-03,0.177620,-1.08120068e-01,3.70468377e-03
1.157000,1.00566557e-02,2.55665570e-03,0.170444,-1.07644546e-01,3.75393017e-03
1.158000,9.94949026e-03,2.44949026e-03,0.163299,-1.07165460e-01,3.85724980e-03
1.159000,9.84283833e-03,2.34283833e-03,0.156189,-1.06651931e-01,3.83403860e-03
1.160000,9.73672976e-03,2.23672976e-03,0.149115,-1.06108574e-01,3.97363788e-03
1.161000,9.63118161e-03,2.13118161e-03,0.142079,-1.05548153e-01,4.01324385e-03
1.162000,9.52624672e-03,2.02624672e-03,0.135083,-1.04934882e-01,4.05073531e-03
1.163000,9.42194475e-03,1.92194475e-03,0.128130,-1.04301974e-01,4.18393769e-03
1.164000,9.31831155e-03,1.81831155e-03,0.121221,-1.03633198e-01,4.21902454e-03
1.165000,9.21539708e-03,1.71539708e-03,0.114360,-1.02914472e-01,4.33506004e-03
1.166000,9.11323338e-03,1.61323338e-03,0.107549,-1.02163703e-01,4.46369424e-03
1.167000,9.01188130e-03,1.51188130e-03,0.100792,-1.01352078e-01,4.50424103e-03
1.168000,8.91139026e-03,1.41139026e-03,0.094093,-1.00491038e-01,4.69621605e-03
1.169000,8.81180753e-03,1.31180753e-03,0.087454,-9.95827331e-02,4.82170338e-03
1.170000,8.71321834e-03,1.21321834e-03,0.080881,-9.85891897e-02,4.90191790e-03
1.171000,8.61567809e-03,1.11567809e-03,0.074379,-9.75402493e-02,5.13318678e-03
1.172000,8.51925402e-03,1.01925402e-03,0.067950,-9.64240680e-02,5.31681358e-03
1.173000,8.42405456e-03,9.24054560e-04,0.061604,-9.51994621e-02,5.51519996e-03
1.174000,8.33017509e-03,8.30175090e-04,0.055345,-9.38794681e-02,5.79016577e-03
1.175000,8.23772939e-03,7.37729390e-04,0.049182,-9.24456964e-02,6.06399334e-03
1.176000,8.14685620e-03,6.46856200e-04,0.043124,-9.08731984e-02,6.38083125e-03
1.177000,8.05770145e-03,5.57701450e-04,0.037180,-8.91547421e-02,6.75761134e-03
1.178000,7.97043585e-03,4.70435850e-04,0.031362,-8.72656022e-02,7.19304272e-03
1.179000,7.88526013e-03,3.85260130e-04,0.025684,-8.51757209e-02,7.65790602e-03
1.180000,7.80239950e-03,3.02399500e-04,0.020160,-8.28606315e-02,8.25968953e-03
1.181000,7.72211304e-03,2.22113040e-04,0.014808,-8.02864554e-02,9.01464299e-03
1.182000,7.64473190e-03,1.44731900e-04,0.009649,-7.73811394e-02,9.68665347e-03
1.183000,7.57062286e-03,7.06228600e-05,0.004708,-7.41090479e-02,1.04324397e-02
1.184000,7.50013848e-03,1.38480000e-07,0.000009,-7.04843742e-02,1.11455991e-02
1.185000,7.50000000e-03,0.00000000e+00,0.000000,-1.38482057e-04,-5.49218711e-02
1.186000,7.50000000e-03,0.00000000e+00,0.000000,-1.73472348e-18,-3.85355467e-02
1.187000,7.50000000e-03,0.00000000e+00,0.000000,-3.46944695e-18,-1.67133722e-02
1.188000,7.50000000e-03,0.00000000e+00,0.000000,-3.46944695e-18,5.65737292e-04
1.189000,7.50000000e-03,0.00000000e+00,0.000000,-8.67361738e-19,5.20538297e-03
1.190000,7.50000000e-03,0.00000000e+00,0.000000,-5.42101086e-20,4.51080973e-03
1.191000,7.50110578e-03,1.10578000e-06,0.000074,1.10578337e-03,7.93204083e-04
1.192000,7.50243182e-03,2.43182000e-06,0.000162,1.32604149e-03,-5.64683925e-04
1.193000,7.50251708e-03,2.51708000e-06,0.000168,8.52549638e-05,6.05667559e-04
1.194000,7.50112256e-03,1.12256000e-06,0.000075,-1.39451872e-03,2.46636729e-03
1.195000,7.50000000e-03,0.00000000e+00,0.000000,-1.12256111e-03,1.97837094e-03
1.196000,7.50000000e-03,0.00000000e+00,0.000000,-4.33680869e-19,4.53690621e-04
1.197000,7.50000000e-03,0.00000000e+00,0.000000,-1.08420217e-19,3.75635694e-04
1.198000,7.50000000e-03,0.00000000e+00,0.000000,-4.33680869e-19,7.37475957e-04
1.199000,7.50000000e-03,0.00000000e+00,0.000000,-2.16840434e-19,1.12558063e-03
1.200000,7.50000000e-03,0.00000000e+00,0.000000,-2.16840434e-19,1.35088260e-03
1.201000,7.50000000e-03,0.00000000e+00,0.000000,-2.16840434e-19,1.42918865e-03
1.202000,7.50000000e-03,0.00000000e+00,0.000000,-1.08420217e-19,1.45354204e-03
1.203000,7.50000000e-03,0.00000000e+00,0.000000,-1.08420217e-19,1.46991104e-03
1.204000,7.50000000e-03,0.00000000e+00,0.000000,-1.08420217e-19,1.50596110e-03
1.205000,7.50000000e-03,0.00000000e+00,0.000000,-1.08420217e-19,1.54913208e-03
1.206000,7.50000000e-03,0.00000000e+00,0.000000,-1.08420217e-19,1.59785899e-03
1.207000,7.50000000e-03,0.00000000e+00,0.000000,-1.08420217e-19,1.64116535e-03
1.208000,7.50000000e-03,0.00000000e+00,0.000000,-1.08420217e-19,1.68278745e-03
1.209000,7.50000000e-03,0.00000000e+00,0.000000,-1.08420217e-19,1.71939368e-03
1.210000,7.50000000e-03,0.00000000e+00,0.000000,-1.08420217e-19,1.75522847e-03
1.211000,7.50000000e-03,0.00000000e+00,0.000000,-1.08420217e-19,1.78799543e-03
1.212000,7.50000000e-03,0.00000000e+00,0.000000,-1.08420217e-19,1.82019913e-03
1.213000,7.50000000e-03,0.00000000e+00,0.000000,-1.08420217e-19,1.84996824e-03
1.214000,7.50000000e-03,0.00000000e+00,0.000000,-1.08420217e-19,1.87901603e-03
1.215000,7.50000000e-03,0.00000000e+00,0.000000,-1.08420217e-19,1.90607478e-03
1.216000,7.50000000e-03,0.00000000e+00,0.000000,-5.42101086e-20,1.93240434e-03
1.217000,7.50000000e-03,0.00000000e+00,0.000000,-5.42101086e-20,1.95711238e-03
1.218000,7.50000000e-03,0.00000000e+00,0.000000,-1.08420217e-19,1.98110053e-03
1.219000,7.50000000e-03,0.00000000e+00,0.000000,-1.08420217e-19,2.00372508e-03
1.220000,7.50000000e-03,0.00000000e+00,0.000000,-5.42101086e-20,2.02564854e-03
1.221000,7.50000000e-03,0.00000000e+00,0.000000,-1.08420217e-19,2.04641429e-03
1.222000,7.50000000e-03,0.00000000e+00,0.000000,-5.42101086e-20,2.06651988e-03
1.223000,7.50000000e-03,0.00000000e+00,0.000000,-1.08420217e-19,2.08563849e-03
1.224000,7.50000000e-03,0.00000000e+00,0.000000,-5.42101086e-20,2.10414443e-03
1.225000,7.50000000e-03,0.00000000e+00,0.000000,-5.42101086e-20,2.12180039e-03
1.226000,7.50000000e-03,0.00000000e+00,0.000000,-5.42101086e-20,2.13888991e-03
1.227000,7.50000000e-03,0.00000000e+00,0.000000,-5.42101086e-20,2.15524030e-03
1.228000,7.50000000e-03,0.00000000e+00,0.000000,-1.08420217e-19,2.17106892e-03
1.229000,7.50000000e-03,0.00000000e+00,0.000000,-5.42101086e-20,2.18625026e-03
1.230000,7.50000000e-03,0.00000000e+00,0.000000,-5.42101086e-20,2.20095249e-03
1.231000,7.50000000e-03,0.00000000e+00,0.000000,-5.42101086e-20,2.21508441e-03
1.232000,7.50000000e-03,0.00000000e+00,0.000000,-5.42101086e-20,2.22877711e-03
1.233000,7.50000000e-03,0.00000000e+00,0.000000,-5.42101086e-20,2.24196440e-03
1.234000,7.50000000e-03,0.00000000e+00,0.000000,-5.42101086e-20,2.25474928e-03
1.235000,7.50000000e-03,0.00000000e+00,0.000000,-5.42101086e-20,2.26708389e-03
1.236000,7.50000000e-03,0.00000000e+00,0.000000,-5.42101086e-20,2.27904975e-03
1.237000,7.50000000e-03,0.00000000e+00,0.000000,-5.42101086e-20,2.29061256e-03
1.238000,7.50000000e-03,0.00000000e+00,0.000000,-5.42101086e-20,2.30183731e-03
1.239000,7.50000000e-03,0.00000000e+00,0.000000,-5.42101086e-20,2.31269967e-03
1.240000,7.50000000e-03,0.00000000e+00,0.000000,-5.42101086e-20,2.32325184e-03
1.241000,7.50000000e-03,0.00000000e+00,0.000000,-5.42101086e-20,2.33347688e-03
1.242000,7.50000000e-03,0.00000000e+00,0.000000,-2.71050543e-20,2.34341699e-03
1.243000,7.50000000e-03,0.00000000e+00,0.000000,-2.71050543e-20,2.35306069e-03
1.244000,7.50000000e-03,0.00000000e+00,0.000000,-5.42101086e-20,2.36244233e-03
1.245000,7.50000000e-03,0.00000000e+00,0.000000,-5.42101086e-20,2.37155446e-03
1.246000,7.50000000e-03,0.00000000e+00,0.000000,-5.42101086e-20,2.38042525e-03
1.247000,7.50000000e-03,0.00000000e+00,0.000000,-5.42101086e-20,2.38905019e-03
1.248000,7.50000000e-03,0.00000000e+00,0.000000,-2.71050543e-20,2.39745254e-03
1.249000,7.50000000e-03,0.00000000e+00,0.000000,-2.71050543e-20,2.40562994e-03
1.250000,7.50000000e-03,0.00000000e+00,0.000000,-2.71050543e-20,2.41360174e-03
1.251000,7.50000000e-03,0.00000000e+00,0.000000,-5.42101086e-20,2.42136714e-03
1.252000,7.50000000e-03,0.00000000e+00,0.000000,-5.42101086e-20,2.42894234e-03
1.253000,7.50000000e-03,0.00000000e+00,0.000000,-2.71050543e-20,2.43632764e-03
1.254000,7.50000000e-03,0.00000000e+00,0.000000,-2.71050543e-20,2.44353671e-03
1.255000,7.50000000e-03,0.00000000e+00,0.000000,-2.71050543e-20,2.45057065e-03
1.256000,7.50000000e-03,0.00000000e+00,0.000000,-5.42101086e-20,2.45744105e-03
1.257000,7.50000000e-03,0.00000000e+00,0.000000,-2.71050543e-20,2.46414955e-03
1.258000,7.50000000e-03,0.00000000e+00,0.000000,-2.71050543e-20,2.47070604e-03
1.259000,7.50000000e-03,0.00000000e+00,0.000000,-2.71050543e-20,2.47711253e-03
1.260000,7.50000000e-03,0.00000000e+00,0.000000,-2.71050543e-20,2.48337753e-03
1.261000,7.50000000e-03,0.00000000e+00,0.000000,-2.71050543e-20,2.48950326e-03
1.262000,7.50000000e-03,0.00000000e+00,0.000000,-2.71050543e-20,2.49549708e-03
1.263000,7.50000000e-03,0.00000000e+00,0.000000,-2.71050543e-20,2.50136134e-03
1.264000,7.50000000e-03,0.00000000e+00,0.000000,-2.71050543e-20,2.50710246e-03
1.265000,7.50000000e-03,0.00000000e+00,0.000000,-2.71050543e-20,2.51272282e-03
1.266000,7.50000000e-03,0.00000000e+00,0.000000,-2.71050543e-20,2.51822803e-03
1.267000,7.50000000e-03,0.00000000e+00,0.000000,-2.71050543e-20,2.52362049e-03
1.268000,7.50000000e-03,0.00000000e+00,0.000000,-2.71050543e-20,2.52890515e-03
1.269000,7.50000000e-03,0.00000000e+00,0.000000,-2.71050543e-20,2.53408436e-03
1.270000,7.50000000e-03,0.00000000e+00,0.000000,-2.71050543e-20,2.53916248e-03
1.271000,7.50000000e-03,0.00000000e+00,0.000000,-2.71050543e-20,2.54414181e-03
1.272000,7.50000000e-03,0.00000000e+00,0.000000,-2.71050543e-20,2.54902625e-03
1.273000,7.50000000e-03,0.00000000e+00,0.000000,-2.71050543e-20,2.55381800e-03
1.274000,7.50000000e-03,0.00000000e+00,0.000000,-2.71050543e-20,2.55852054e-03
1.275000,7.50000000e-03,0.00000000e+00,0.000000,-2.71050543e-20,2.56313599e-03
1.276000,7.50000000e-03,0.00000000e+00,0.000000,-2.71050543e-20,2.56766746e-03
1.277000,7.50000000e-03,0.00000000e+00,0.000000,-2.71050543e-20,2.57211699e-03
1.278000,7.50000000e-03,0.00000000e+00,0.000000,-1.35525272e-20,2.57648738e-03
1.279000,7.50000000e-03,0.00000000e+00,0.000000,-1.35525272e-20,2.58078056e-03
1.280000,7.50000000e-03,0.00000000e+00,0.000000,-2.71050543e-20,2.58499907e-03
1.281000,7.50000000e-03,0.00000000e+00,0.000000,-1.35525272e-20,2.58914473e-03
1.282000,7.50000000e-03,0.00000000e+00,0.000000,-1.35525272e-20,2.59321987e-03
1.283000,7.50000000e-03,0.00000000e+00,0.000000,-1.35525272e-20,2.59722618e-03
1.284000,7.50000000e-03,0.00000000e+00,0.000000,-1.35525272e-20,2.60116580e-03
1.285000,7.50000000e-03,0.00000000e+00,0.000000,-1.35525272e-20,2.60504034e-03
1.286000,7.50000000e-03,0.00000000e+00,0.000000,-1.35525272e-20,2.60885173e-03
1.287000,7.50000000e-03,0.00000000e+00,0.000000,-1.35525272e-20,2.61260151e-03
1.288000,7.50000000e-03,0.00000000e+00,0.000000,-1.35525272e-20,2.61629144e-03
1.289000,7.50000000e-03,0.00000000e+00,0.000000,-1.35525272e-20,2.61992296e-03
1.290000,7.50000000e-03,0.00000000e+00,0.000000,-1.35525272e-20,2.62349771e-03
1.291000,7.50000000e-03,0.00000000e+00,0.000000,-1.35525272e-20,2.62701705e-03
1.292000,7.50000000e-03,0.00000000e+00,0.000000,-1.35525272e-20,2.63048246e-03
1.293000,7.50000000e-03,0.00000000e+00,0.000000,-1.35525272e-20,2.63389525e-03
1.294000,7.50000000e-03,0.00000000e+00,0.000000,-1.35525272e-20,2.63725678e-03
1.295000,7.50000000e-03,0.00000000e+00,0.000000,-1.35525272e-20,2.64056826e-03
1.296000,7.50000000e-03,0.00000000e+00,0.000000,-1.35525272e-20,2.64383099e-03
1.297000,7.50000000e-03,0.00000000e+00,0.000000,-1.35525272e-20,2.64704609e-03
1.298000,7.50000000e-03,0.00000000e+00,0.000000,-1.35525272e-20,2.65021476e-03
1.299000,7.50000000e-03,0.00000000e+00,0.000000,-1.35525272e-20,2.65333806e-03
1.300000,7.50000000e-03,0.00000000e+00,0.000000,-1.35525272e-20,2.65641711e-03
