# FeatFloWer certified run q2p1_dns_rundir_e1_l3 (particle_force.log, every CFD step)
# case=E1 level=L3 D/h=23.918 dt=0.001 s; quarter-box benchSym mesh, FBM Q2/P1, serial PE HardContactAndFluid, lubrication OFF
# columns: t_s, z_center_m, gap_m (=z_center-0.0075), h_over_d (=gap/0.015), u_z_mps, F_z_N (hydrodynamic force on the sphere, full-sphere value)
0.001000,1.27500000e-01,1.20000000e-01,8.000000,0.00000000e+00,0.00000000e+00
0.002000,1.27498686e-01,1.19998686e-01,7.999912,-1.31383929e-03,1.71813909e-03
0.003000,1.27496362e-01,1.19996362e-01,7.999757,-2.32384487e-03,2.11795549e-03
0.004000,1.27493663e-01,1.19993663e-01,7.999578,-2.69888481e-03,1.59990871e-03
0.005000,1.27490629e-01,1.19990629e-01,7.999375,-3.03422985e-03,1.24123262e-03
0.006000,1.27487026e-01,1.19987026e-01,7.999135,-3.60313706e-03,1.48086558e-03
0.007000,1.27482779e-01,1.19982779e-01,7.998852,-4.24746245e-03,1.78287324e-03
0.008000,1.27478019e-01,1.19978019e-01,7.998535,-4.75968211e-03,1.83931975e-03
0.009000,1.27472856e-01,1.19972856e-01,7.998190,-5.16273601e-03,1.74286452e-03
0.010000,1.27467292e-01,1.19967292e-01,7.997819,-5.56430905e-03,1.72557657e-03
0.011000,1.27461291e-01,1.19961291e-01,7.997419,-6.00061662e-03,1.80381048e-03
0.012000,1.27454862e-01,1.19954862e-01,7.996991,-6.42876701e-03,1.87970247e-03
0.013000,1.27448045e-01,1.19948045e-01,7.996536,-6.81780357e-03,1.89874219e-03
0.014000,1.27440866e-01,1.19940866e-01,7.996058,-7.17854910e-03,1.89112302e-03
0.015000,1.27433332e-01,1.19933332e-01,7.995555,-7.53438907e-03,1.90497467e-03
0.016000,1.27425441e-01,1.19925441e-01,7.995029,-7.89028177e-03,1.94270444e-03
0.017000,1.27417207e-01,1.19917207e-01,7.994480,-8.23495330e-03,1.95939868e-03
0.018000,1.27408642e-01,1.19908642e-01,7.993909,-8.56428162e-03,1.97797816e-03
0.019000,1.27399757e-01,1.19899757e-01,7.993317,-8.88484173e-03,1.98899036e-03
0.020000,1.27390560e-01,1.19890560e-01,7.992704,-9.19735268e-03,2.00652215e-03
0.021000,1.27381057e-01,1.19881057e-01,7.992070,-9.50314675e-03,2.02821992e-03
0.022000,1.27371258e-01,1.19871258e-01,7.991417,-9.79934611e-03,2.04279220e-03
0.023000,1.27361172e-01,1.19861172e-01,7.990745,-1.00858427e-02,2.04865226e-03
0.024000,1.27350805e-01,1.19850805e-01,7.990054,-1.03665172e-02,2.06840101e-03
0.025000,1.27340163e-01,1.19840163e-01,7.989344,-1.06417748e-02,2.07669500e-03
0.026000,1.27329254e-01,1.19829254e-01,7.988617,-1.09090799e-02,2.08199126e-03
0.027000,1.27318082e-01,1.19818082e-01,7.987872,-1.11727246e-02,2.09965907e-03
0.028000,1.27306650e-01,1.19806650e-01,7.987110,-1.14315056e-02,2.11115823e-03
0.029000,1.27294968e-01,1.19794968e-01,7.986331,-1.16824507e-02,2.12652627e-03
0.030000,1.27283041e-01,1.19783041e-01,7.985536,-1.19269016e-02,2.13301547e-03
0.031000,1.27270876e-01,1.19770876e-01,7.984725,-1.21651579e-02,2.14722256e-03
0.032000,1.27258477e-01,1.19758477e-01,7.983898,-1.23987707e-02,2.15195340e-03
0.033000,1.27245850e-01,1.19745850e-01,7.983057,-1.26268810e-02,2.15303307e-03
0.034000,1.27232997e-01,1.19732997e-01,7.982200,-1.28532468e-02,2.17414940e-03
0.035000,1.27219921e-01,1.19719921e-01,7.981328,-1.30755238e-02,2.18746434e-03
0.036000,1.27206633e-01,1.19706633e-01,7.980442,-1.32885112e-02,2.18749924e-03
0.037000,1.27193136e-01,1.19693136e-01,7.979542,-1.34971197e-02,2.18729377e-03
0.038000,1.27179430e-01,1.19679430e-01,7.978629,-1.37057531e-02,2.20310102e-03
0.039000,1.27165518e-01,1.19665518e-01,7.977701,-1.39116585e-02,2.22115284e-03
0.040000,1.27151409e-01,1.19651409e-01,7.976761,-1.41091804e-02,2.22420257e-03
0.041000,1.27137109e-01,1.19637109e-01,7.975807,-1.43002345e-02,2.22252747e-03
0.042000,1.27122618e-01,1.19622618e-01,7.974841,-1.44905833e-02,2.22813129e-03
0.043000,1.27107938e-01,1.19607938e-01,7.973863,-1.46804911e-02,2.23722036e-03
0.044000,1.27093071e-01,1.19593071e-01,7.972871,-1.48669514e-02,2.26793532e-03
0.045000,1.27078026e-01,1.19578026e-01,7.971868,-1.50449950e-02,2.25922059e-03
0.046000,1.27062811e-01,1.19562811e-01,7.970854,-1.52144925e-02,2.26190420e-03
0.047000,1.27047425e-01,1.19547425e-01,7.969828,-1.53863774e-02,2.26102268e-03
0.048000,1.27031867e-01,1.19531867e-01,7.968791,-1.55575369e-02,2.28060840e-03
0.049000,1.27016142e-01,1.19516142e-01,7.967743,-1.57255224e-02,2.29083846e-03
0.050000,1.27000256e-01,1.19500256e-01,7.966684,-1.58852666e-02,2.28590270e-03
0.051000,1.26984214e-01,1.19484214e-01,7.965614,-1.60425239e-02,2.29504178e-03
0.052000,1.26968014e-01,1.19468014e-01,7.964534,-1.61997861e-02,2.27536697e-03
0.053000,1.26951657e-01,1.19451657e-01,7.963444,-1.63575261e-02,2.30851510e-03
0.054000,1.26935141e-01,1.19435141e-01,7.962343,-1.65158657e-02,2.28930015e-03
0.055000,1.26918474e-01,1.19418474e-01,7.961232,-1.66667169e-02,2.32579739e-03
0.056000,1.26901657e-01,1.19401657e-01,7.960110,-1.68174245e-02,2.29936173e-03
0.057000,1.26884696e-01,1.19384696e-01,7.958980,-1.69608207e-02,2.32405070e-03
0.058000,1.26867587e-01,1.19367587e-01,7.957839,-1.71085328e-02,2.31670202e-03
0.059000,1.26850338e-01,1.19350338e-01,7.956689,-1.72494362e-02,2.31479140e-03
0.060000,1.26832945e-01,1.19332945e-01,7.955530,-1.73930909e-02,2.30488540e-03
0.061000,1.26815406e-01,1.19315406e-01,7.954360,-1.75391248e-02,2.32917316e-03
0.062000,1.26797722e-01,1.19297722e-01,7.953181,-1.76841170e-02,2.32838232e-03
0.063000,1.26779900e-01,1.19279900e-01,7.951993,-1.78212726e-02,2.32825192e-03
0.064000,1.26761942e-01,1.19261942e-01,7.950796,-1.79587110e-02,2.32206372e-03
0.065000,1.26743844e-01,1.19243844e-01,7.949590,-1.80972865e-02,2.33851704e-03
0.066000,1.26725609e-01,1.19225609e-01,7.948374,-1.82349847e-02,2.34661130e-03
0.067000,1.26707243e-01,1.19207243e-01,7.947150,-1.83658480e-02,2.35036927e-03
0.068000,1.26688750e-01,1.19188750e-01,7.945917,-1.84933885e-02,2.33888878e-03
0.069000,1.26670128e-01,1.19170128e-01,7.944675,-1.86217250e-02,2.34799184e-03
0.070000,1.26651376e-01,1.19151376e-01,7.943425,-1.87522221e-02,2.36348651e-03
0.071000,1.26632499e-01,1.19132499e-01,7.942167,-1.88769895e-02,2.35504806e-03
0.072000,1.26613501e-01,1.19113501e-01,7.940900,-1.89981605e-02,2.36973393e-03
0.073000,1.26594381e-01,1.19094381e-01,7.939625,-1.91195058e-02,2.36650518e-03
0.074000,1.26575145e-01,1.19075145e-01,7.938343,-1.92365991e-02,2.36858347e-03
0.075000,1.26555790e-01,1.19055790e-01,7.937053,-1.93543851e-02,2.36585355e-03
0.076000,1.26536318e-01,1.19036318e-01,7.935755,-1.94719714e-02,2.39716004e-03
0.077000,1.26516734e-01,1.19016734e-01,7.934449,-1.95849180e-02,2.38273238e-03
0.078000,1.26497043e-01,1.18997043e-01,7.933136,-1.96901345e-02,2.38857022e-03
0.079000,1.26477244e-01,1.18977244e-01,7.931816,-1.97990568e-02,2.39382217e-03
0.080000,1.26457339e-01,1.18957339e-01,7.930489,-1.99051332e-02,2.41144268e-03
0.081000,1.26437333e-01,1.18937333e-01,7.929156,-2.00063688e-02,2.39421552e-03
0.082000,1.26417228e-01,1.18917228e-01,7.927815,-2.01048640e-02,2.39451254e-03
0.083000,1.26397019e-01,1.18897019e-01,7.926468,-2.02089643e-02,2.39490787e-03
0.084000,1.26376706e-01,1.18876706e-01,7.925114,-2.03128971e-02,2.39975435e-03
0.085000,1.26356290e-01,1.18856290e-01,7.923753,-2.04158431e-02,2.41671639e-03
0.086000,1.26335776e-01,1.18835776e-01,7.922385,-2.05141978e-02,2.40891316e-03
0.087000,1.26315168e-01,1.18815168e-01,7.921011,-2.06083619e-02,2.41083128e-03
0.088000,1.26294463e-01,1.18794463e-01,7.919631,-2.07047495e-02,2.39081529e-03
0.089000,1.26273659e-01,1.18773659e-01,7.918244,-2.08040468e-02,2.39326327e-03
0.090000,1.26252749e-01,1.18752749e-01,7.916850,-2.09094847e-02,2.41862752e-03
0.091000,1.26231740e-01,1.18731740e-01,7.915449,-2.10096333e-02,2.40713560e-03
0.092000,1.26210636e-01,1.18710636e-01,7.914042,-2.11034841e-02,2.38825446e-03
0.093000,1.26189432e-01,1.18689432e-01,7.912629,-2.12044479e-02,2.41637282e-03
0.094000,1.26168125e-01,1.18668125e-01,7.911208,-2.13066401e-02,2.41723664e-03
0.095000,1.26146726e-01,1.18646726e-01,7.909782,-2.13994451e-02,2.42160676e-03
0.096000,1.26125235e-01,1.18625235e-01,7.908349,-2.14911937e-02,2.40148360e-03
0.097000,1.26103650e-01,1.18603650e-01,7.906910,-2.15850655e-02,2.42936561e-03
0.098000,1.26081969e-01,1.18581969e-01,7.905465,-2.16806155e-02,2.41844872e-03
0.099000,1.26060200e-01,1.18560200e-01,7.904013,-2.17689391e-02,2.42239660e-03
0.100000,1.26038340e-01,1.18538340e-01,7.902556,-2.18601499e-02,2.43511007e-03
0.101000,1.26016392e-01,1.18516392e-01,7.901093,-2.19478159e-02,2.43512533e-03
0.102000,1.25994361e-01,1.18494361e-01,7.899624,-2.20313039e-02,2.42262300e-03
0.103000,1.25972244e-01,1.18472244e-01,7.898150,-2.21169978e-02,2.45712199e-03
0.104000,1.25950043e-01,1.18450043e-01,7.896670,-2.22006969e-02,2.45258815e-03
0.105000,1.25927769e-01,1.18427769e-01,7.895185,-2.22738677e-02,2.43963670e-03
0.106000,1.25905418e-01,1.18405418e-01,7.893695,-2.23508179e-02,2.45134152e-03
0.107000,1.25882988e-01,1.18382988e-01,7.892199,-2.24299516e-02,2.45610870e-03
0.108000,1.25860484e-01,1.18360484e-01,7.890699,-2.25043983e-02,2.45487185e-03
0.109000,1.25837906e-01,1.18337906e-01,7.889194,-2.25774981e-02,2.43831196e-03
0.110000,1.25815253e-01,1.18315253e-01,7.887684,-2.26539325e-02,2.44800906e-03
0.111000,1.25792518e-01,1.18292518e-01,7.886168,-2.27340906e-02,2.45536156e-03
0.112000,1.25769709e-01,1.18269709e-01,7.884647,-2.28097638e-02,2.45900597e-03
0.113000,1.25746826e-01,1.18246826e-01,7.883122,-2.28823779e-02,2.45643837e-03
0.114000,1.25723872e-01,1.18223872e-01,7.881591,-2.29542492e-02,2.43265056e-03
0.115000,1.25700841e-01,1.18200841e-01,7.880056,-2.30311703e-02,2.43421205e-03
0.116000,1.25677725e-01,1.18177725e-01,7.878515,-2.31156275e-02,2.45439723e-03
0.117000,1.25654529e-01,1.18154529e-01,7.876969,-2.31960024e-02,2.44166527e-03
0.118000,1.25631257e-01,1.18131257e-01,7.875417,-2.32719997e-02,2.45395719e-03
0.119000,1.25607907e-01,1.18107907e-01,7.873860,-2.33500047e-02,2.45145889e-03
0.120000,1.25584483e-01,1.18084483e-01,7.872299,-2.34244146e-02,2.45854209e-03
0.121000,1.25560984e-01,1.18060984e-01,7.870732,-2.34983924e-02,2.44685871e-03
0.122000,1.25537412e-01,1.18037412e-01,7.869161,-2.35721101e-02,2.46660394e-03
0.123000,1.25513766e-01,1.18013766e-01,7.867584,-2.36461730e-02,2.45034010e-03
0.124000,1.25490050e-01,1.17990050e-01,7.866003,-2.37166274e-02,2.47090979e-03
0.125000,1.25466261e-01,1.17966261e-01,7.864417,-2.37887855e-02,2.46499417e-03
0.126000,1.25442406e-01,1.17942406e-01,7.862827,-2.38552344e-02,2.45957955e-03
0.127000,1.25418481e-01,1.17918481e-01,7.861232,-2.39245836e-02,2.48988982e-03
0.128000,1.25394491e-01,1.17894491e-01,7.859633,-2.39903509e-02,2.47807553e-03
0.129000,1.25370442e-01,1.17870442e-01,7.858029,-2.40482532e-02,2.47204328e-03
0.130000,1.25346331e-01,1.17846331e-01,7.856422,-2.41111021e-02,2.49371863e-03
0.131000,1.25322159e-01,1.17822159e-01,7.854811,-2.41720992e-02,2.48498142e-03
0.132000,1.25297932e-01,1.17797932e-01,7.853195,-2.42275227e-02,2.47802323e-03
0.133000,1.25273645e-01,1.17773645e-01,7.851576,-2.42870462e-02,2.47374574e-03
0.134000,1.25249295e-01,1.17749295e-01,7.849953,-2.43496113e-02,2.48467034e-03
0.135000,1.25224883e-01,1.17724883e-01,7.848326,-2.44116493e-02,2.48980961e-03
0.136000,1.25200414e-01,1.17700414e-01,7.846694,-2.44691907e-02,2.48767623e-03
0.137000,1.25175889e-01,1.17675889e-01,7.845059,-2.45254215e-02,2.46750979e-03
0.138000,1.25151303e-01,1.17651303e-01,7.843420,-2.45859191e-02,2.45684824e-03
0.139000,1.25126648e-01,1.17626648e-01,7.841777,-2.46549251e-02,2.48054168e-03
0.140000,1.25101925e-01,1.17601925e-01,7.840128,-2.47232426e-02,2.46892884e-03
0.141000,1.25077139e-01,1.17577139e-01,7.838476,-2.47858324e-02,2.48337025e-03
0.142000,1.25052289e-01,1.17552289e-01,7.836819,-2.48496823e-02,2.47371012e-03
0.143000,1.25027379e-01,1.17527379e-01,7.835159,-2.49104976e-02,2.48222993e-03
0.144000,1.25002406e-01,1.17502406e-01,7.833494,-2.49729789e-02,2.47539397e-03
0.145000,1.24977372e-01,1.17477372e-01,7.831825,-2.50338709e-02,2.48150391e-03
0.146000,1.24952276e-01,1.17452276e-01,7.830152,-2.50959276e-02,2.47838474e-03
0.147000,1.24927119e-01,1.17427119e-01,7.828475,-2.51565292e-02,2.49912916e-03
0.148000,1.24901905e-01,1.17401905e-01,7.826794,-2.52144868e-02,2.49660224e-03
0.149000,1.24876639e-01,1.17376639e-01,7.825109,-2.52660785e-02,2.47906121e-03
0.150000,1.24851317e-01,1.17351317e-01,7.823421,-2.53216019e-02,2.51491047e-03
0.151000,1.24825941e-01,1.17325941e-01,7.821729,-2.53765466e-02,2.49744767e-03
0.152000,1.24800518e-01,1.17300518e-01,7.820035,-2.54228060e-02,2.52107260e-03
0.153000,1.24775047e-01,1.17275047e-01,7.818336,-2.54706225e-02,2.49865452e-03
0.154000,1.24749533e-01,1.17249533e-01,7.816636,-2.55146447e-02,2.50870259e-03
0.155000,1.24723968e-01,1.17223968e-01,7.814931,-2.55642525e-02,2.48906194e-03
0.156000,1.24698354e-01,1.17198354e-01,7.813224,-2.56140335e-02,2.50497485e-03
0.157000,1.24672687e-01,1.17172687e-01,7.811512,-2.56674508e-02,2.50070142e-03
0.158000,1.24646970e-01,1.17146970e-01,7.809798,-2.57163978e-02,2.51560862e-03
0.159000,1.24621206e-01,1.17121206e-01,7.808080,-2.57641120e-02,2.48519086e-03
0.160000,1.24595394e-01,1.17095394e-01,7.806360,-2.58123096e-02,2.47864703e-03
0.161000,1.24569522e-01,1.17069522e-01,7.804635,-2.58716540e-02,2.49557482e-03
0.162000,1.24543592e-01,1.17043592e-01,7.802906,-2.59301539e-02,2.48900177e-03
0.163000,1.24517608e-01,1.17017608e-01,7.801174,-2.59842570e-02,2.49769999e-03
0.164000,1.24491569e-01,1.16991569e-01,7.799438,-2.60389805e-02,2.49426400e-03
0.165000,1.24465477e-01,1.16965477e-01,7.797698,-2.60914550e-02,2.50018065e-03
0.166000,1.24439333e-01,1.16939333e-01,7.795956,-2.61440117e-02,2.49306699e-03
0.167000,1.24413138e-01,1.16913138e-01,7.794209,-2.61958832e-02,2.50194192e-03
0.168000,1.24386889e-01,1.16886889e-01,7.792459,-2.62485215e-02,2.50144459e-03
0.169000,1.24360591e-01,1.16860591e-01,7.790706,-2.62983331e-02,2.51419003e-03
0.170000,1.24334245e-01,1.16834245e-01,7.788950,-2.63460542e-02,2.49941410e-03
0.171000,1.24307852e-01,1.16807852e-01,7.787190,-2.63922024e-02,2.52406551e-03
0.172000,1.24281414e-01,1.16781414e-01,7.785428,-2.64388439e-02,2.51516996e-03
0.173000,1.24254935e-01,1.16754935e-01,7.783662,-2.64789626e-02,2.51964772e-03
0.174000,1.24228413e-01,1.16728413e-01,7.781894,-2.65212109e-02,2.53743371e-03
0.175000,1.24201855e-01,1.16701855e-01,7.780124,-2.65588434e-02,2.51232977e-03
0.176000,1.24175260e-01,1.16675260e-01,7.778351,-2.65950740e-02,2.50657345e-03
0.177000,1.24148619e-01,1.16648619e-01,7.776575,-2.66405671e-02,2.51143597e-03
0.178000,1.24121932e-01,1.16621932e-01,7.774795,-2.66870908e-02,2.53369370e-03
0.179000,1.24095204e-01,1.16595204e-01,7.773014,-2.67280815e-02,2.52466615e-03
0.180000,1.24068440e-01,1.16568440e-01,7.771229,-2.67633589e-02,2.50040251e-03
0.181000,1.24041635e-01,1.16541635e-01,7.769442,-2.68058918e-02,2.48942293e-03
0.182000,1.24014776e-01,1.16514776e-01,7.767652,-2.68583348e-02,2.51808942e-03
0.183000,1.23987867e-01,1.16487867e-01,7.765858,-2.69093144e-02,2.49589118e-03
0.184000,1.23960912e-01,1.16460912e-01,7.764061,-2.69548050e-02,2.51634704e-03
0.185000,1.23933908e-01,1.16433908e-01,7.762261,-2.70039684e-02,2.51036479e-03
0.186000,1.23906861e-01,1.16406861e-01,7.760457,-2.70474717e-02,2.50639638e-03
0.187000,1.23879767e-01,1.16379767e-01,7.758651,-2.70936415e-02,2.51994160e-03
0.188000,1.23852628e-01,1.16352628e-01,7.756842,-2.71387192e-02,2.50819196e-03
0.189000,1.23825447e-01,1.16325447e-01,7.755030,-2.71814262e-02,2.51776688e-03
0.190000,1.23798221e-01,1.16298221e-01,7.753215,-2.72262988e-02,2.51979626e-03
0.191000,1.23770953e-01,1.16270953e-01,7.751397,-2.72676679e-02,2.51688011e-03
0.192000,1.23743644e-01,1.16243644e-01,7.749576,-2.73088863e-02,2.54686502e-03
0.193000,1.23716298e-01,1.16216298e-01,7.747753,-2.73457599e-02,2.52615284e-03
0.194000,1.23688922e-01,1.16188922e-01,7.745928,-2.73764487e-02,2.54839148e-03
0.195000,1.23661512e-01,1.16161512e-01,7.744101,-2.74100070e-02,2.52663264e-03
0.196000,1.23634072e-01,1.16134072e-01,7.742271,-2.74401097e-02,2.53691902e-03
0.197000,1.23606596e-01,1.16106596e-01,7.740440,-2.74755392e-02,2.51568061e-03
0.198000,1.23579085e-01,1.16079085e-01,7.738606,-2.75113463e-02,2.53552627e-03
0.199000,1.23551534e-01,1.16051534e-01,7.736769,-2.75506190e-02,2.52493737e-03
0.200000,1.23523949e-01,1.16023949e-01,7.734930,-2.75852465e-02,2.54105665e-03
0.201000,1.23496328e-01,1.15996328e-01,7.733089,-2.76205012e-02,2.50160012e-03
0.202000,1.23468671e-01,1.15968671e-01,7.731245,-2.76574394e-02,2.51510995e-03
0.203000,1.23440966e-01,1.15940966e-01,7.729398,-2.77049467e-02,2.51035602e-03
0.204000,1.23413217e-01,1.15913217e-01,7.727548,-2.77488578e-02,2.52310034e-03
0.205000,1.23385425e-01,1.15885425e-01,7.725695,-2.77920765e-02,2.52053903e-03
0.206000,1.23357594e-01,1.15857594e-01,7.723840,-2.78315627e-02,2.52268304e-03
0.207000,1.23329722e-01,1.15829722e-01,7.721981,-2.78715110e-02,2.51078063e-03
0.208000,1.23301809e-01,1.15801809e-01,7.720121,-2.79128599e-02,2.52538134e-03
0.209000,1.23273854e-01,1.15773854e-01,7.718257,-2.79555358e-02,2.52821305e-03
0.210000,1.23245861e-01,1.15745861e-01,7.716391,-2.79929159e-02,2.53128695e-03
0.211000,1.23217832e-01,1.15717832e-01,7.714522,-2.80288223e-02,2.53166943e-03
0.212000,1.23189768e-01,1.15689768e-01,7.712651,-2.80636517e-02,2.53790566e-03
0.213000,1.23161671e-01,1.15661671e-01,7.710778,-2.80972526e-02,2.53532873e-03
0.214000,1.23133542e-01,1.15633542e-01,7.708903,-2.81292611e-02,2.56634443e-03
0.215000,1.23105385e-01,1.15605385e-01,7.707026,-2.81566312e-02,2.53777334e-03
0.216000,1.23077206e-01,1.15577206e-01,7.705147,-2.81788677e-02,2.54642635e-03
0.217000,1.23048997e-01,1.15548997e-01,7.703266,-2.82089572e-02,2.52099323e-03
0.218000,1.23020757e-01,1.15520757e-01,7.701384,-2.82407025e-02,2.54327573e-03
0.219000,1.22992480e-01,1.15492480e-01,7.699499,-2.82768600e-02,2.54607190e-03
0.220000,1.22964175e-01,1.15464175e-01,7.697612,-2.83052051e-02,2.54952451e-03
0.221000,1.22935842e-01,1.15435842e-01,7.695723,-2.83320214e-02,2.50306830e-03
0.222000,1.22907477e-01,1.15407477e-01,7.693832,-2.83659190e-02,2.53001320e-03
0.223000,1.22879066e-01,1.15379066e-01,7.691938,-2.84103086e-02,2.50965563e-03
0.224000,1.22850617e-01,1.15350617e-01,7.690041,-2.84494492e-02,2.53800167e-03
0.225000,1.22822127e-01,1.15322127e-01,7.688142,-2.84902628e-02,2.53206193e-03
0.226000,1.22793604e-01,1.15293604e-01,7.686240,-2.85228175e-02,2.52340719e-03
0.227000,1.22765045e-01,1.15265045e-01,7.684336,-2.85588534e-02,2.53729669e-03
0.228000,1.22736450e-01,1.15236450e-01,7.682430,-2.85952754e-02,2.51625648e-03
0.229000,1.22707819e-01,1.15207819e-01,7.680521,-2.86308567e-02,2.54724033e-03
0.230000,1.22679151e-01,1.15179151e-01,7.678610,-2.86678687e-02,2.55152430e-03
0.231000,1.22650457e-01,1.15150457e-01,7.676697,-2.86939476e-02,2.53553869e-03
0.232000,1.22621735e-01,1.15121735e-01,7.674782,-2.87214464e-02,2.55045074e-03
0.233000,1.22592984e-01,1.15092984e-01,7.672866,-2.87515582e-02,2.55323054e-03
0.234000,1.22564208e-01,1.15064208e-01,7.670947,-2.87762810e-02,2.56786783e-03
0.235000,1.22535410e-01,1.15035410e-01,7.669027,-2.87975024e-02,2.54575262e-03
0.236000,1.22506592e-01,1.15006592e-01,7.667106,-2.88178276e-02,2.53382516e-03
0.237000,1.22477745e-01,1.14977745e-01,7.665183,-2.88475250e-02,2.54558181e-03
0.238000,1.22448866e-01,1.14948866e-01,7.663258,-2.88790604e-02,2.56257994e-03
0.239000,1.22419962e-01,1.14919962e-01,7.661331,-2.89037289e-02,2.54562365e-03
0.240000,1.22391036e-01,1.14891036e-01,7.659402,-2.89258135e-02,2.52337582e-03
0.241000,1.22362079e-01,1.14862079e-01,7.657472,-2.89574011e-02,2.52283539e-03
0.242000,1.22333082e-01,1.14833082e-01,7.655539,-2.89963908e-02,2.53650915e-03
0.243000,1.22304049e-01,1.14804049e-01,7.653603,-2.90331399e-02,2.54091358e-03
0.244000,1.22274985e-01,1.14774985e-01,7.651666,-2.90646194e-02,2.53020680e-03
0.245000,1.22245888e-01,1.14745888e-01,7.649726,-2.90965459e-02,2.53595612e-03
0.246000,1.22216757e-01,1.14716757e-01,7.647784,-2.91309719e-02,2.52990388e-03
0.247000,1.22187593e-01,1.14687593e-01,7.645840,-2.91645800e-02,2.54455037e-03
0.248000,1.22158395e-01,1.14658395e-01,7.643893,-2.91975857e-02,2.54014309e-03
0.249000,1.22129168e-01,1.14629168e-01,7.641945,-2.92265607e-02,2.54560376e-03
0.250000,1.22099912e-01,1.14599912e-01,7.639994,-2.92560174e-02,2.53700618e-03
0.251000,1.22070627e-01,1.14570627e-01,7.638042,-2.92852011e-02,2.56584816e-03
0.252000,1.22041315e-01,1.14541315e-01,7.636088,-2.93121080e-02,2.54737571e-03
0.253000,1.22011982e-01,1.14511982e-01,7.634132,-2.93328095e-02,2.57862349e-03
0.254000,1.21982628e-01,1.14482628e-01,7.632175,-2.93540517e-02,2.55243642e-03
0.255000,1.21953259e-01,1.14453259e-01,7.630217,-2.93696626e-02,2.55101375e-03
0.256000,1.21923864e-01,1.14423864e-01,7.628258,-2.93941253e-02,2.54541411e-03
0.257000,1.21894444e-01,1.14394444e-01,7.626296,-2.94200455e-02,2.57426808e-03
0.258000,1.21865002e-01,1.14365002e-01,7.624333,-2.94427021e-02,2.55020643e-03
0.259000,1.21835542e-01,1.14335542e-01,7.622369,-2.94601377e-02,2.53020362e-03
0.260000,1.21806053e-01,1.14306053e-01,7.620404,-2.94890128e-02,2.53525548e-03
0.261000,1.21776529e-01,1.14276529e-01,7.618435,-2.95235638e-02,2.53740121e-03
0.262000,1.21746973e-01,1.14246973e-01,7.616465,-2.95560762e-02,2.54339915e-03
0.263000,1.21717386e-01,1.14217386e-01,7.614492,-2.95868232e-02,2.53772835e-03
0.264000,1.21687769e-01,1.14187769e-01,7.612518,-2.96166033e-02,2.53978093e-03
0.265000,1.21658122e-01,1.14158122e-01,7.610541,-2.96478827e-02,2.54786786e-03
0.266000,1.21628445e-01,1.14128445e-01,7.608563,-2.96770580e-02,2.53787070e-03
0.267000,1.21598739e-01,1.14098739e-01,7.606583,-2.97053453e-02,2.55181293e-03
0.268000,1.21569005e-01,1.14069005e-01,7.604600,-2.97344503e-02,2.56336725e-03
0.269000,1.21539248e-01,1.14039248e-01,7.602617,-2.97569332e-02,2.54781091e-03
0.270000,1.21509469e-01,1.14009469e-01,7.600631,-2.97783724e-02,2.57035773e-03
0.271000,1.21479668e-01,1.13979668e-01,7.598645,-2.98009334e-02,2.56541156e-03
0.272000,1.21449852e-01,1.13949852e-01,7.596657,-2.98169644e-02,2.57566992e-03
0.273000,1.21420019e-01,1.13920019e-01,7.594668,-2.98328057e-02,2.55574886e-03
0.274000,1.21390170e-01,1.13890170e-01,7.592678,-2.98488008e-02,2.54790018e-03
0.275000,1.21360297e-01,1.13860297e-01,7.590686,-2.98727263e-02,2.55741470e-03
0.276000,1.21330400e-01,1.13830400e-01,7.588693,-2.98975468e-02,2.56110575e-03
0.277000,1.21300481e-01,1.13800481e-01,7.586699,-2.99185899e-02,2.57197603e-03
0.278000,1.21270545e-01,1.13770545e-01,7.584703,-2.99364985e-02,2.52819373e-03
0.279000,1.21240586e-01,1.13740586e-01,7.582706,-2.99585796e-02,2.54307149e-03
0.280000,1.21210594e-01,1.13710594e-01,7.580706,-2.99924084e-02,2.52631471e-03
0.281000,1.21180569e-01,1.13680569e-01,7.578705,-3.00243145e-02,2.55816174e-03
0.282000,1.21150513e-01,1.13650513e-01,7.576701,-3.00560919e-02,2.54766580e-03
0.283000,1.21120434e-01,1.13620434e-01,7.574696,-3.00792664e-02,2.55029616e-03
0.284000,1.21090328e-01,1.13590328e-01,7.572689,-3.01054227e-02,2.54376791e-03
0.285000,1.21060197e-01,1.13560197e-01,7.570680,-3.01318696e-02,2.54861469e-03
0.286000,1.21030037e-01,1.13530037e-01,7.568669,-3.01596035e-02,2.55685586e-03
0.287000,1.20999853e-01,1.13499853e-01,7.566657,-3.01842882e-02,2.56921410e-03
0.288000,1.20969649e-01,1.13469649e-01,7.564643,-3.02040809e-02,2.55613715e-03
0.289000,1.20939426e-01,1.13439426e-01,7.562628,-3.02221276e-02,2.56005621e-03
0.290000,1.20909183e-01,1.13409183e-01,7.560612,-3.02437758e-02,2.58628594e-03
0.291000,1.20878923e-01,1.13378923e-01,7.558595,-3.02594986e-02,2.56958827e-03
0.292000,1.20848654e-01,1.13348654e-01,7.556577,-3.02695599e-02,2.55789527e-03
0.293000,1.20818366e-01,1.13318366e-01,7.554558,-3.02871728e-02,2.55705426e-03
0.294000,1.20788058e-01,1.13288058e-01,7.552537,-3.03087745e-02,2.57081432e-03
0.295000,1.20757729e-01,1.13257729e-01,7.550515,-3.03282191e-02,2.56837341e-03
0.296000,1.20727386e-01,1.13227386e-01,7.548492,-3.03435764e-02,2.54993598e-03
0.297000,1.20697023e-01,1.13197023e-01,7.546468,-3.03629957e-02,2.53386010e-03
0.298000,1.20666632e-01,1.13166632e-01,7.544442,-3.03913130e-02,2.55209552e-03
0.299000,1.20636210e-01,1.13136210e-01,7.542414,-3.04216852e-02,2.55064716e-03
0.300000,1.20605764e-01,1.13105764e-01,7.540384,-3.04463247e-02,2.54655697e-03
0.301000,1.20575291e-01,1.13075291e-01,7.538353,-3.04721631e-02,2.55072058e-03
0.302000,1.20544793e-01,1.13044793e-01,7.536320,-3.04986086e-02,2.55580293e-03
0.303000,1.20514270e-01,1.13014270e-01,7.534285,-3.05227878e-02,2.54294940e-03
0.304000,1.20483722e-01,1.12983722e-01,7.532248,-3.05475710e-02,2.56646475e-03
0.305000,1.20453150e-01,1.12953150e-01,7.530210,-3.05724171e-02,2.56882268e-03
0.306000,1.20422561e-01,1.12922561e-01,7.528171,-3.05891233e-02,2.56432951e-03
0.307000,1.20391955e-01,1.12891955e-01,7.526130,-3.06058498e-02,2.57984072e-03
0.308000,1.20361334e-01,1.12861334e-01,7.524089,-3.06213089e-02,2.57087022e-03
0.309000,1.20330700e-01,1.12830700e-01,7.522047,-3.06332602e-02,2.57997991e-03
0.310000,1.20300054e-01,1.12800054e-01,7.520004,-3.06465467e-02,2.57140432e-03
0.311000,1.20269396e-01,1.12769396e-01,7.517960,-3.06583578e-02,2.55493679e-03
0.312000,1.20238720e-01,1.12738720e-01,7.515915,-3.06758974e-02,2.57039279e-03
0.313000,1.20208024e-01,1.12708024e-01,7.513868,-3.06961120e-02,2.56912267e-03
0.314000,1.20177312e-01,1.12677312e-01,7.511821,-3.07114752e-02,2.55907662e-03
0.315000,1.20146583e-01,1.12646583e-01,7.509772,-3.07290321e-02,2.53277240e-03
0.316000,1.20115829e-01,1.12615829e-01,7.507722,-3.07545398e-02,2.55742911e-03
0.317000,1.20085044e-01,1.12585044e-01,7.505670,-3.07843260e-02,2.54776838e-03
0.318000,1.20054236e-01,1.12554236e-01,7.503616,-3.08077229e-02,2.56163502e-03
0.319000,1.20023405e-01,1.12523405e-01,7.501560,-3.08318404e-02,2.55692094e-03
0.320000,1.19992552e-01,1.12492552e-01,7.499503,-3.08522375e-02,2.54960316e-03
0.321000,1.19961677e-01,1.12461677e-01,7.497445,-3.08754769e-02,2.55587832e-03
0.322000,1.19930777e-01,1.12430777e-01,7.495385,-3.09000098e-02,2.56258433e-03
0.323000,1.19899856e-01,1.12399856e-01,7.493324,-3.09212960e-02,2.57449218e-03
0.324000,1.19868917e-01,1.12368917e-01,7.491261,-3.09382741e-02,2.55914819e-03
0.325000,1.19837963e-01,1.12337963e-01,7.489198,-3.09540549e-02,2.57789863e-03
0.326000,1.19806992e-01,1.12306992e-01,7.487133,-3.09715590e-02,2.57703997e-03
0.327000,1.19776009e-01,1.12276009e-01,7.485067,-3.09830571e-02,2.59205702e-03
0.328000,1.19745016e-01,1.12245016e-01,7.483001,-3.09921816e-02,2.57076646e-03
0.329000,1.19714016e-01,1.12214016e-01,7.480934,-3.10001393e-02,2.55705495e-03
0.330000,1.19682999e-01,1.12182999e-01,7.478867,-3.10175138e-02,2.57318617e-03
0.331000,1.19651962e-01,1.12151962e-01,7.476797,-3.10365388e-02,2.58207162e-03
0.332000,1.19620914e-01,1.12120914e-01,7.474728,-3.10486947e-02,2.56062049e-03
0.333000,1.19589852e-01,1.12089852e-01,7.472657,-3.10617259e-02,2.53721770e-03
0.334000,1.19558766e-01,1.12058766e-01,7.470584,-3.10859405e-02,2.56447480e-03
0.335000,1.19527653e-01,1.12027653e-01,7.468510,-3.11130208e-02,2.54836825e-03
0.336000,1.19496519e-01,1.11996519e-01,7.466435,-3.11339978e-02,2.56545658e-03
0.337000,1.19465362e-01,1.11965362e-01,7.464357,-3.11572425e-02,2.55513184e-03
0.338000,1.19434185e-01,1.11934185e-01,7.462279,-3.11767009e-02,2.56194103e-03
0.339000,1.19402987e-01,1.11902987e-01,7.460199,-3.11983460e-02,2.55002001e-03
0.340000,1.19371767e-01,1.11871767e-01,7.458118,-3.12198630e-02,2.57433688e-03
0.341000,1.19340526e-01,1.11840526e-01,7.456035,-3.12409949e-02,2.57582511e-03
0.342000,1.19309272e-01,1.11809272e-01,7.453951,-3.12538775e-02,2.57193895e-03
0.343000,1.19278005e-01,1.11778005e-01,7.451867,-3.12669586e-02,2.58601471e-03
0.344000,1.19246726e-01,1.11746726e-01,7.449782,-3.12788269e-02,2.58283419e-03
0.345000,1.19215439e-01,1.11715439e-01,7.447696,-3.12866349e-02,2.57949524e-03
0.346000,1.19184143e-01,1.11684143e-01,7.445610,-3.12960779e-02,2.58261729e-03
0.347000,1.19152837e-01,1.11652837e-01,7.443522,-3.13060653e-02,2.55947525e-03
0.348000,1.19121518e-01,1.11621518e-01,7.441435,-3.13191198e-02,2.58367802e-03
0.349000,1.19090183e-01,1.11590183e-01,7.439346,-3.13354946e-02,2.57042673e-03
0.350000,1.19058836e-01,1.11558836e-01,7.437256,-3.13462641e-02,2.56737503e-03
0.351000,1.19027475e-01,1.11527475e-01,7.435165,-3.13619252e-02,2.54153586e-03
0.352000,1.18996091e-01,1.11496091e-01,7.433073,-3.13831579e-02,2.56014322e-03
0.353000,1.18964682e-01,1.11464682e-01,7.430979,-3.14095860e-02,2.56130688e-03
0.354000,1.18933252e-01,1.11433252e-01,7.428883,-3.14296975e-02,2.56299518e-03
0.355000,1.18901803e-01,1.11401803e-01,7.426787,-3.14491282e-02,2.56173963e-03
0.356000,1.18870335e-01,1.11370335e-01,7.424689,-3.14682265e-02,2.56311640e-03
0.357000,1.18838847e-01,1.11338847e-01,7.422590,-3.14874937e-02,2.55800928e-03
0.358000,1.18807340e-01,1.11307340e-01,7.420489,-3.15072118e-02,2.57072403e-03
0.359000,1.18775814e-01,1.11275814e-01,7.418388,-3.15263588e-02,2.58357509e-03
0.360000,1.18744275e-01,1.11244275e-01,7.416285,-3.15390575e-02,2.57173613e-03
0.361000,1.18712725e-01,1.11212725e-01,7.414182,-3.15496292e-02,2.56845082e-03
0.362000,1.18681160e-01,1.11181160e-01,7.412077,-3.15646701e-02,2.59862513e-03
0.363000,1.18649585e-01,1.11149585e-01,7.409972,-3.15754539e-02,2.58386016e-03
0.364000,1.18618006e-01,1.11118006e-01,7.407867,-3.15789390e-02,2.57534897e-03
0.365000,1.18586417e-01,1.11086417e-01,7.405761,-3.15887782e-02,2.56941748e-03
0.366000,1.18554815e-01,1.11054815e-01,7.403654,-3.16024616e-02,2.58598170e-03
0.367000,1.18523200e-01,1.11023200e-01,7.401547,-3.16151638e-02,2.58367401e-03
0.368000,1.18491577e-01,1.10991577e-01,7.399438,-3.16228341e-02,2.55100016e-03
0.369000,1.18459940e-01,1.10959940e-01,7.397329,-3.16370403e-02,2.55822460e-03
0.370000,1.18428279e-01,1.10928279e-01,7.395219,-3.16606996e-02,2.54363989e-03
0.371000,1.18396594e-01,1.10896594e-01,7.393106,-3.16845653e-02,2.57247757e-03
0.372000,1.18364886e-01,1.10864886e-01,7.390992,-3.17081213e-02,2.57323677e-03
0.373000,1.18333164e-01,1.10833164e-01,7.388878,-3.17220723e-02,2.55386453e-03
0.374000,1.18301425e-01,1.10801425e-01,7.386762,-3.17391997e-02,2.56199312e-03
0.375000,1.18269664e-01,1.10769664e-01,7.384644,-3.17612518e-02,2.57344162e-03
0.376000,1.18237885e-01,1.10737885e-01,7.382526,-3.17786098e-02,2.58488232e-03
0.377000,1.18206095e-01,1.10706095e-01,7.380406,-3.17901848e-02,2.57080379e-03
0.378000,1.18174294e-01,1.10674294e-01,7.378286,-3.18004922e-02,2.59642843e-03
0.379000,1.18142484e-01,1.10642484e-01,7.376166,-3.18108917e-02,2.58177085e-03
0.380000,1.18110668e-01,1.10610668e-01,7.374045,-3.18154677e-02,2.59415229e-03
0.381000,1.18078845e-01,1.10578845e-01,7.371923,-3.18226680e-02,2.57755667e-03
0.382000,1.18047017e-01,1.10547017e-01,7.369801,-3.18287367e-02,2.56974005e-03
0.383000,1.18015175e-01,1.10515175e-01,7.367678,-3.18416380e-02,2.58413698e-03
0.384000,1.17983320e-01,1.10483320e-01,7.365555,-3.18545605e-02,2.58020040e-03
0.385000,1.17951457e-01,1.10451457e-01,7.363430,-3.18634509e-02,2.57339653e-03
0.386000,1.17919582e-01,1.10419582e-01,7.361305,-3.18748374e-02,2.54287853e-03
0.387000,1.17887688e-01,1.10387688e-01,7.359179,-3.18938551e-02,2.56618962e-03
0.388000,1.17855770e-01,1.10355770e-01,7.357051,-3.19187730e-02,2.56404795e-03
0.389000,1.17823833e-01,1.10323833e-01,7.354922,-3.19364140e-02,2.57576406e-03
0.390000,1.17791880e-01,1.10291880e-01,7.352792,-3.19526865e-02,2.56329217e-03
0.391000,1.17759913e-01,1.10259913e-01,7.350661,-3.19673168e-02,2.56844634e-03
0.392000,1.17727928e-01,1.10227928e-01,7.348529,-3.19851315e-02,2.55862715e-03
0.393000,1.17695925e-01,1.10195925e-01,7.346395,-3.20029900e-02,2.57752742e-03
0.394000,1.17663904e-01,1.10163904e-01,7.344260,-3.20207309e-02,2.58931237e-03
0.395000,1.17631874e-01,1.10131874e-01,7.342125,-3.20301807e-02,2.57650225e-03
0.396000,1.17599836e-01,1.10099836e-01,7.339989,-3.20380254e-02,2.57421590e-03
0.397000,1.17567786e-01,1.10067786e-01,7.337852,-3.20504815e-02,2.61082005e-03
0.398000,1.17535728e-01,1.10035728e-01,7.335715,-3.20572154e-02,2.58377184e-03
0.399000,1.17503672e-01,1.10003672e-01,7.333578,-3.20567111e-02,2.57153019e-03
0.400000,1.17471604e-01,1.09971604e-01,7.331440,-3.20672547e-02,2.57718524e-03
0.401000,1.17439524e-01,1.09939524e-01,7.329302,-3.20808186e-02,2.59295739e-03
0.402000,1.17407434e-01,1.09907434e-01,7.327162,-3.20897361e-02,2.59099581e-03
0.403000,1.17375340e-01,1.09875340e-01,7.325023,-3.20938208e-02,2.53996189e-03
0.404000,1.17343232e-01,1.09843232e-01,7.322882,-3.21075744e-02,2.56719219e-03
0.405000,1.17311099e-01,1.09811099e-01,7.320740,-3.21332729e-02,2.55365210e-03
0.406000,1.17278947e-01,1.09778947e-01,7.318596,-3.21524231e-02,2.58166261e-03
0.407000,1.17246776e-01,1.09746776e-01,7.316452,-3.21710666e-02,2.57138948e-03
0.408000,1.17214593e-01,1.09714593e-01,7.314306,-3.21823278e-02,2.56394492e-03
0.409000,1.17182395e-01,1.09682395e-01,7.312160,-3.21982793e-02,2.56349442e-03
0.410000,1.17150178e-01,1.09650178e-01,7.310012,-3.22167553e-02,2.58002785e-03
0.411000,1.17117946e-01,1.09617946e-01,7.307863,-3.22324556e-02,2.58743718e-03
0.412000,1.17085704e-01,1.09585704e-01,7.305714,-3.22414158e-02,2.58392812e-03
0.413000,1.17053456e-01,1.09553456e-01,7.303564,-3.22485632e-02,2.59331143e-03
0.414000,1.17021201e-01,1.09521201e-01,7.301413,-3.22552037e-02,2.59877436e-03
0.415000,1.16988943e-01,1.09488943e-01,7.299263,-3.22577965e-02,2.58927217e-03
0.416000,1.16956683e-01,1.09456683e-01,7.297112,-3.22602755e-02,2.58112400e-03
0.417000,1.16924415e-01,1.09424415e-01,7.294961,-3.22673161e-02,2.57542459e-03
0.418000,1.16892137e-01,1.09392137e-01,7.292809,-3.22780406e-02,2.59429975e-03
0.419000,1.16859850e-01,1.09359850e-01,7.290657,-3.22872990e-02,2.58199098e-03
0.420000,1.16827557e-01,1.09327557e-01,7.288504,-3.22925352e-02,2.55329874e-03
0.421000,1.16795251e-01,1.09295251e-01,7.286350,-3.23068877e-02,2.56971467e-03
0.422000,1.16762923e-01,1.09262923e-01,7.284195,-3.23277601e-02,2.55363960e-03
0.423000,1.16730577e-01,1.09230577e-01,7.282038,-3.23460840e-02,2.57360084e-03
0.424000,1.16698211e-01,1.09198211e-01,7.279881,-3.23661573e-02,2.57615248e-03
0.425000,1.16665831e-01,1.09165831e-01,7.277722,-3.23792238e-02,2.56497931e-03
0.426000,1.16633438e-01,1.09133438e-01,7.275563,-3.23934281e-02,2.57259375e-03
0.427000,1.16601028e-01,1.09101028e-01,7.273402,-3.24099554e-02,2.57125536e-03
0.428000,1.16568604e-01,1.09068604e-01,7.271240,-3.24242186e-02,2.59071525e-03
0.429000,1.16536168e-01,1.09036168e-01,7.269078,-3.24354801e-02,2.57330198e-03
0.430000,1.16503725e-01,1.09003725e-01,7.266915,-3.24434301e-02,2.59860416e-03
0.431000,1.16471272e-01,1.08971272e-01,7.264751,-3.24526244e-02,2.59239328e-03
0.432000,1.16438818e-01,1.08938818e-01,7.262588,-3.24546074e-02,2.60634340e-03
0.433000,1.16406361e-01,1.08906361e-01,7.260424,-3.24561632e-02,2.58020791e-03
0.434000,1.16373904e-01,1.08873904e-01,7.258260,-3.24577594e-02,2.57376449e-03
0.435000,1.16341435e-01,1.08841435e-01,7.256096,-3.24690783e-02,2.59712006e-03
0.436000,1.16308956e-01,1.08808956e-01,7.253930,-3.24783832e-02,2.59255373e-03
0.437000,1.16276475e-01,1.08776475e-01,7.251765,-3.24808252e-02,2.55737323e-03
0.438000,1.16243984e-01,1.08743984e-01,7.249599,-3.24909882e-02,2.56496293e-03
0.439000,1.16211473e-01,1.08711473e-01,7.247432,-3.25113628e-02,2.55887424e-03
0.440000,1.16178943e-01,1.08678943e-01,7.245263,-3.25303216e-02,2.57820807e-03
0.441000,1.16146395e-01,1.08646395e-01,7.243093,-3.25478610e-02,2.57804301e-03
0.442000,1.16113836e-01,1.08613836e-01,7.240922,-3.25590801e-02,2.56726293e-03
0.443000,1.16081264e-01,1.08581264e-01,7.238751,-3.25722597e-02,2.56843134e-03
0.444000,1.16048675e-01,1.08548675e-01,7.236578,-3.25887730e-02,2.57623383e-03
0.445000,1.16016071e-01,1.08516071e-01,7.234405,-3.26035229e-02,2.59214954e-03
0.446000,1.15983458e-01,1.08483458e-01,7.232231,-3.26128958e-02,2.58094039e-03
0.447000,1.15950839e-01,1.08450839e-01,7.230056,-3.26190239e-02,2.60545472e-03
0.448000,1.15918215e-01,1.08418215e-01,7.227881,-3.26244982e-02,2.58760475e-03
0.449000,1.15885590e-01,1.08385590e-01,7.225706,-3.26250782e-02,2.60096128e-03
0.450000,1.15852961e-01,1.08352961e-01,7.223531,-3.26291584e-02,2.59572554e-03
0.451000,1.15820331e-01,1.08320331e-01,7.221355,-3.26297780e-02,2.56913204e-03
0.452000,1.15787694e-01,1.08287694e-01,7.219180,-3.26368199e-02,2.59728315e-03
0.453000,1.15755046e-01,1.08255046e-01,7.217003,-3.26476173e-02,2.58134223e-03
0.454000,1.15722394e-01,1.08222394e-01,7.214826,-3.26519884e-02,2.57847253e-03
0.455000,1.15689732e-01,1.08189732e-01,7.212649,-3.26621022e-02,2.55679481e-03
0.456000,1.15657055e-01,1.08157055e-01,7.210470,-3.26769920e-02,2.56397359e-03
0.457000,1.15624358e-01,1.08124358e-01,7.208291,-3.26977315e-02,2.57755072e-03
0.458000,1.15591644e-01,1.08091644e-01,7.206110,-3.27137125e-02,2.57634489e-03
0.459000,1.15558918e-01,1.08058918e-01,7.203928,-3.27254477e-02,2.57352433e-03
0.460000,1.15526180e-01,1.08026180e-01,7.201745,-3.27380778e-02,2.57009017e-03
0.461000,1.15493428e-01,1.07993428e-01,7.199562,-3.27522414e-02,2.57561347e-03
0.462000,1.15460662e-01,1.07960662e-01,7.197377,-3.27665562e-02,2.58794405e-03
0.463000,1.15427885e-01,1.07927885e-01,7.195192,-3.27768765e-02,2.58289880e-03
0.464000,1.15395101e-01,1.07895101e-01,7.193007,-3.27840394e-02,2.60138235e-03
0.465000,1.15362311e-01,1.07862311e-01,7.190821,-3.27895907e-02,2.58905324e-03
0.466000,1.15329520e-01,1.07829520e-01,7.188635,-3.27912520e-02,2.60969153e-03
0.467000,1.15296726e-01,1.07796726e-01,7.186448,-3.27933127e-02,2.59324714e-03
0.468000,1.15263935e-01,1.07763935e-01,7.184262,-3.27915034e-02,2.57451766e-03
0.469000,1.15231137e-01,1.07731137e-01,7.182076,-3.27984069e-02,2.59801727e-03
0.470000,1.15198329e-01,1.07698329e-01,7.179889,-3.28073057e-02,2.59184478e-03
0.471000,1.15165520e-01,1.07665520e-01,7.177701,-3.28095785e-02,2.56732678e-03
0.472000,1.15132701e-01,1.07632701e-01,7.175513,-3.28182141e-02,2.56606714e-03
0.473000,1.15099866e-01,1.07599866e-01,7.173324,-3.28351245e-02,2.56176266e-03
0.474000,1.15067013e-01,1.07567013e-01,7.171134,-3.28532099e-02,2.57962311e-03
0.475000,1.15034144e-01,1.07534144e-01,7.168943,-3.28695505e-02,2.58171166e-03
0.476000,1.15001264e-01,1.07501264e-01,7.166751,-3.28796561e-02,2.57161198e-03
0.477000,1.14968373e-01,1.07468373e-01,7.164558,-3.28908618e-02,2.57165578e-03
0.478000,1.14935468e-01,1.07435468e-01,7.162365,-3.29053766e-02,2.57875547e-03
0.479000,1.14902549e-01,1.07402549e-01,7.160170,-3.29186216e-02,2.59644065e-03
0.480000,1.14869623e-01,1.07369623e-01,7.157975,-3.29264075e-02,2.57955475e-03
0.481000,1.14836691e-01,1.07336691e-01,7.155779,-3.29313714e-02,2.61160156e-03
0.482000,1.14803755e-01,1.07303755e-01,7.153584,-3.29362137e-02,2.59497597e-03
0.483000,1.14770822e-01,1.07270822e-01,7.151388,-3.29334715e-02,2.60198597e-03
0.484000,1.14737887e-01,1.07237887e-01,7.149192,-3.29349497e-02,2.59111701e-03
0.485000,1.14704951e-01,1.07204951e-01,7.146997,-3.29360478e-02,2.57746425e-03
0.486000,1.14672007e-01,1.07172007e-01,7.144800,-3.29431297e-02,2.59433088e-03
0.487000,1.14639056e-01,1.07139056e-01,7.142604,-3.29517127e-02,2.59569041e-03
0.488000,1.14606101e-01,1.07106101e-01,7.140407,-3.29545161e-02,2.56280761e-03
0.489000,1.14573139e-01,1.07073139e-01,7.138209,-3.29626879e-02,2.57254106e-03
0.490000,1.14540159e-01,1.07040159e-01,7.136011,-3.29799377e-02,2.55731363e-03
0.491000,1.14507162e-01,1.07007162e-01,7.133811,-3.29966837e-02,2.58002162e-03
0.492000,1.14474147e-01,1.06974147e-01,7.131610,-3.30144149e-02,2.58261407e-03
0.493000,1.14441123e-01,1.06941123e-01,7.129408,-3.30242301e-02,2.57433495e-03
0.494000,1.14408089e-01,1.06908089e-01,7.127206,-3.30346579e-02,2.57399900e-03
0.495000,1.14375041e-01,1.06875041e-01,7.125003,-3.30478641e-02,2.57992689e-03
0.496000,1.14341981e-01,1.06841981e-01,7.122799,-3.30601323e-02,2.59608072e-03
0.497000,1.14308913e-01,1.06808913e-01,7.120594,-3.30675972e-02,2.58254502e-03
0.498000,1.14275841e-01,1.06775841e-01,7.118389,-3.30721505e-02,2.59654518e-03
0.499000,1.14242762e-01,1.06742762e-01,7.116184,-3.30786733e-02,2.61314777e-03
0.500000,1.14209685e-01,1.06709685e-01,7.113979,-3.30776624e-02,2.59782421e-03
0.501000,1.14176611e-01,1.06676611e-01,7.111774,-3.30739086e-02,2.58813994e-03
0.502000,1.14143534e-01,1.06643534e-01,7.109569,-3.30769000e-02,2.58420564e-03
0.503000,1.14110450e-01,1.06610450e-01,7.107363,-3.30837675e-02,2.59776067e-03
0.504000,1.14077360e-01,1.06577360e-01,7.105157,-3.30895300e-02,2.59969689e-03
0.505000,1.14044270e-01,1.06544270e-01,7.102951,-3.30904985e-02,2.56066556e-03
0.506000,1.14011172e-01,1.06511172e-01,7.100745,-3.30977333e-02,2.57612345e-03
0.507000,1.13978057e-01,1.06478057e-01,7.098537,-3.31150531e-02,2.55711724e-03
0.508000,1.13944926e-01,1.06444926e-01,7.096328,-3.31306573e-02,2.58263332e-03
0.509000,1.13911778e-01,1.06411778e-01,7.094119,-3.31479912e-02,2.58417332e-03
0.510000,1.13878622e-01,1.06378622e-01,7.091908,-3.31566728e-02,2.57444310e-03
0.511000,1.13845455e-01,1.06345455e-01,7.089697,-3.31665695e-02,2.57262204e-03
0.512000,1.13812275e-01,1.06312275e-01,7.087485,-3.31799836e-02,2.58584303e-03
0.513000,1.13779084e-01,1.06279084e-01,7.085272,-3.31916579e-02,2.60052167e-03
0.514000,1.13745887e-01,1.06245887e-01,7.083059,-3.31963945e-02,2.59326855e-03
0.515000,1.13712690e-01,1.06212690e-01,7.080846,-3.31975930e-02,2.59187270e-03
0.516000,1.13679488e-01,1.06179488e-01,7.078633,-3.32014203e-02,2.61373776e-03
0.517000,1.13646286e-01,1.06146286e-01,7.076419,-3.32018395e-02,2.59516473e-03
0.518000,1.13613088e-01,1.06113088e-01,7.074206,-3.31983623e-02,2.58308706e-03
0.519000,1.13579885e-01,1.06079885e-01,7.071992,-3.32031206e-02,2.59092816e-03
0.520000,1.13546674e-01,1.06046674e-01,7.069778,-3.32104588e-02,2.59193915e-03
0.521000,1.13513459e-01,1.06013459e-01,7.067564,-3.32150430e-02,2.60257223e-03
0.522000,1.13480242e-01,1.05980242e-01,7.065349,-3.32174149e-02,2.54725733e-03
0.523000,1.13447016e-01,1.05947016e-01,7.063134,-3.32260765e-02,2.57703807e-03
0.524000,1.13413768e-01,1.05913768e-01,7.060918,-3.32476380e-02,2.57965133e-03
0.525000,1.13380509e-01,1.05880509e-01,7.058701,-3.32589569e-02,2.58171277e-03
0.526000,1.13347240e-01,1.05847240e-01,7.056483,-3.32690530e-02,2.58034132e-03
0.527000,1.13313961e-01,1.05813961e-01,7.054264,-3.32787147e-02,2.57980489e-03
0.528000,1.13280673e-01,1.05780673e-01,7.052045,-3.32889216e-02,2.57708314e-03
0.529000,1.13247373e-01,1.05747373e-01,7.049825,-3.32997860e-02,2.58768794e-03
0.530000,1.13214063e-01,1.05714063e-01,7.047604,-3.33096690e-02,2.59305082e-03
0.531000,1.13180748e-01,1.05680748e-01,7.045383,-3.33151207e-02,2.59192161e-03
0.532000,1.13147429e-01,1.05647429e-01,7.043162,-3.33190110e-02,2.59754968e-03
0.533000,1.13114107e-01,1.05614107e-01,7.040940,-3.33222768e-02,2.62027733e-03
0.534000,1.13080787e-01,1.05580787e-01,7.038719,-3.33196751e-02,2.58847211e-03
0.535000,1.13047472e-01,1.05547472e-01,7.036498,-3.33152338e-02,2.57926497e-03
0.536000,1.13014149e-01,1.05514149e-01,7.034277,-3.33228659e-02,2.59953417e-03
0.537000,1.12980819e-01,1.05480819e-01,7.032055,-3.33299374e-02,2.60448370e-03
0.538000,1.12947490e-01,1.05447490e-01,7.029833,-3.33294769e-02,2.58292497e-03
0.539000,1.12914158e-01,1.05414158e-01,7.027611,-3.33312034e-02,2.56318669e-03
0.540000,1.12880815e-01,1.05380815e-01,7.025388,-3.33435005e-02,2.56867578e-03
0.541000,1.12847454e-01,1.05347454e-01,7.023164,-3.33613094e-02,2.58125802e-03
0.542000,1.12814078e-01,1.05314078e-01,7.020939,-3.33750904e-02,2.58795473e-03
0.543000,1.12780695e-01,1.05280695e-01,7.018713,-3.33835551e-02,2.57455706e-03
0.544000,1.12747303e-01,1.05247303e-01,7.016487,-3.33921897e-02,2.57821139e-03
0.545000,1.12713898e-01,1.05213898e-01,7.014260,-3.34045780e-02,2.58240822e-03
0.546000,1.12680483e-01,1.05180483e-01,7.012032,-3.34150241e-02,2.60152912e-03
0.547000,1.12647062e-01,1.05147062e-01,7.009804,-3.34207105e-02,2.58333989e-03
0.548000,1.12613639e-01,1.05113639e-01,7.007576,-3.34233339e-02,2.61638008e-03
0.549000,1.12580213e-01,1.05080213e-01,7.005348,-3.34260882e-02,2.60032100e-03
0.550000,1.12546792e-01,1.05046792e-01,7.003119,-3.34208314e-02,2.60387510e-03
0.551000,1.12513372e-01,1.05013372e-01,7.000891,-3.34202201e-02,2.60065279e-03
0.552000,1.12479953e-01,1.04979953e-01,6.998664,-3.34190115e-02,2.58311161e-03
0.553000,1.12446531e-01,1.04946531e-01,6.996435,-3.34219631e-02,2.59786723e-03
0.554000,1.12413103e-01,1.04913103e-01,6.994207,-3.34280661e-02,2.59525762e-03
0.555000,1.12379673e-01,1.04879673e-01,6.991978,-3.34297846e-02,2.57302710e-03
0.556000,1.12346237e-01,1.04846237e-01,6.989749,-3.34362913e-02,2.56965586e-03
0.557000,1.12312786e-01,1.04812786e-01,6.987519,-3.34506951e-02,2.56413060e-03
0.558000,1.12279319e-01,1.04779319e-01,6.985288,-3.34671831e-02,2.58437157e-03
0.559000,1.12245837e-01,1.04745837e-01,6.983056,-3.34819063e-02,2.59176412e-03
0.560000,1.12212348e-01,1.04712348e-01,6.980823,-3.34886748e-02,2.57271874e-03
0.561000,1.12178852e-01,1.04678852e-01,6.978590,-3.34963834e-02,2.58614607e-03
0.562000,1.12145344e-01,1.04645344e-01,6.976356,-3.35079723e-02,2.58173820e-03
0.563000,1.12111828e-01,1.04611828e-01,6.974122,-3.35159310e-02,2.60165566e-03
0.564000,1.12078306e-01,1.04578306e-01,6.971887,-3.35218151e-02,2.59343406e-03
0.565000,1.12044784e-01,1.04544784e-01,6.969652,-3.35226119e-02,2.58911218e-03
0.566000,1.12011257e-01,1.04511257e-01,6.967417,-3.35268731e-02,2.62318224e-03
0.567000,1.11977730e-01,1.04477730e-01,6.965182,-3.35265287e-02,2.59710987e-03
0.568000,1.11944211e-01,1.04444211e-01,6.962947,-3.35196058e-02,2.58200589e-03
0.569000,1.11910687e-01,1.04410687e-01,6.960712,-3.35239165e-02,2.59725853e-03
0.570000,1.11877156e-01,1.04377156e-01,6.958477,-3.35304903e-02,2.60264307e-03
0.571000,1.11843625e-01,1.04343625e-01,6.956242,-3.35311027e-02,2.60098080e-03
0.572000,1.11810095e-01,1.04310095e-01,6.954006,-3.35302406e-02,2.54963374e-03
0.573000,1.11776556e-01,1.04276556e-01,6.951770,-3.35390047e-02,2.57842937e-03
0.574000,1.11742996e-01,1.04242996e-01,6.949533,-3.35595397e-02,2.58315371e-03
0.575000,1.11709427e-01,1.04209427e-01,6.947295,-3.35697823e-02,2.58837243e-03
0.576000,1.11675849e-01,1.04175849e-01,6.945057,-3.35775505e-02,2.57361789e-03
0.577000,1.11642263e-01,1.04142263e-01,6.942818,-3.35862140e-02,2.58566478e-03
0.578000,1.11608665e-01,1.04108665e-01,6.940578,-3.35975927e-02,2.57725904e-03
0.579000,1.11575059e-01,1.04075059e-01,6.938337,-3.36065016e-02,2.60456119e-03
0.580000,1.11541445e-01,1.04041445e-01,6.936096,-3.36133429e-02,2.58017289e-03
0.581000,1.11507830e-01,1.04007830e-01,6.933855,-3.36155306e-02,2.62312951e-03
0.582000,1.11474212e-01,1.03974212e-01,6.931614,-3.36181313e-02,2.59949905e-03
0.583000,1.11440601e-01,1.03940601e-01,6.929373,-3.36108033e-02,2.61000208e-03
0.584000,1.11406991e-01,1.03906991e-01,6.927133,-3.36093785e-02,2.59897704e-03
0.585000,1.11373385e-01,1.03873385e-01,6.924892,-3.36064540e-02,2.57774655e-03
0.586000,1.11339774e-01,1.03839774e-01,6.922652,-3.36109046e-02,2.60794028e-03
0.587000,1.11306157e-01,1.03806157e-01,6.920410,-3.36169883e-02,2.59587134e-03
0.588000,1.11272542e-01,1.03772542e-01,6.918169,-3.36152901e-02,2.57313221e-03
0.589000,1.11238920e-01,1.03738920e-01,6.915928,-3.36215767e-02,2.57604215e-03
0.590000,1.11205285e-01,1.03705285e-01,6.913686,-3.36348166e-02,2.56642918e-03
0.591000,1.11171637e-01,1.03671637e-01,6.911442,-3.36488008e-02,2.58371862e-03
0.592000,1.11137974e-01,1.03637974e-01,6.909198,-3.36628846e-02,2.58952577e-03
0.593000,1.11104303e-01,1.03604303e-01,6.906954,-3.36702633e-02,2.58229957e-03
0.594000,1.11070626e-01,1.03570626e-01,6.904708,-3.36770128e-02,2.58317038e-03
0.595000,1.11036940e-01,1.03536940e-01,6.902463,-3.36859814e-02,2.58275477e-03
0.596000,1.11003246e-01,1.03503246e-01,6.900216,-3.36947376e-02,2.60269926e-03
0.597000,1.10969546e-01,1.03469546e-01,6.897970,-3.37001033e-02,2.59406851e-03
0.598000,1.10935845e-01,1.03435845e-01,6.895723,-3.37004452e-02,2.59611101e-03
0.599000,1.10902142e-01,1.03402142e-01,6.893476,-3.37032603e-02,2.61151581e-03
0.600000,1.10868439e-01,1.03368439e-01,6.891229,-3.37026805e-02,2.60592721e-03
0.601000,1.10834741e-01,1.03334741e-01,6.888983,-3.36980298e-02,2.58684247e-03
0.602000,1.10801043e-01,1.03301043e-01,6.886736,-3.36985895e-02,2.59913890e-03
0.603000,1.10767339e-01,1.03267339e-01,6.884489,-3.37032423e-02,2.60184972e-03
0.604000,1.10733636e-01,1.03233636e-01,6.882242,-3.37033774e-02,2.60260869e-03
0.605000,1.10699934e-01,1.03199934e-01,6.879996,-3.37024881e-02,2.55324102e-03
0.606000,1.10666223e-01,1.03166223e-01,6.877748,-3.37100796e-02,2.58533138e-03
0.607000,1.10632495e-01,1.03132495e-01,6.875500,-3.37282094e-02,2.58335102e-03
0.608000,1.10598759e-01,1.03098759e-01,6.873251,-3.37361504e-02,2.58435921e-03
0.609000,1.10565015e-01,1.03065015e-01,6.871001,-3.37445635e-02,2.57065668e-03
0.610000,1.10531259e-01,1.03031259e-01,6.868751,-3.37550686e-02,2.59147333e-03
0.611000,1.10497493e-01,1.02997493e-01,6.866500,-3.37663927e-02,2.58162910e-03
0.612000,1.10463720e-01,1.02963720e-01,6.864248,-3.37726211e-02,2.60502964e-03
0.613000,1.10429943e-01,1.02929943e-01,6.861996,-3.37779444e-02,2.58001288e-03
0.614000,1.10396163e-01,1.02896163e-01,6.859744,-3.37800065e-02,2.62687223e-03
0.615000,1.10362381e-01,1.02862381e-01,6.857492,-3.37819980e-02,2.59636274e-03
0.616000,1.10328607e-01,1.02828607e-01,6.855240,-3.37739954e-02,2.61210004e-03
0.617000,1.10294833e-01,1.02794833e-01,6.852989,-3.37732296e-02,2.60163681e-03
0.618000,1.10261064e-01,1.02761064e-01,6.850738,-3.37691457e-02,2.58270542e-03
0.619000,1.10227292e-01,1.02727292e-01,6.848486,-3.37718460e-02,2.60204720e-03
0.620000,1.10193515e-01,1.02693515e-01,6.846234,-3.37773432e-02,2.60195576e-03
0.621000,1.10159738e-01,1.02659738e-01,6.843983,-3.37765045e-02,2.57001951e-03
0.622000,1.10125957e-01,1.02625957e-01,6.841730,-3.37813433e-02,2.58026402e-03
0.623000,1.10092162e-01,1.02592162e-01,6.839477,-3.37948589e-02,2.56454124e-03
0.624000,1.10058354e-01,1.02558354e-01,6.837224,-3.38077904e-02,2.58837579e-03
0.625000,1.10024533e-01,1.02524533e-01,6.834969,-3.38216706e-02,2.59423910e-03
0.626000,1.09990706e-01,1.02490706e-01,6.832714,-3.38266864e-02,2.57646016e-03
0.627000,1.09956873e-01,1.02456873e-01,6.830458,-3.38329205e-02,2.58662519e-03
0.628000,1.09923030e-01,1.02423030e-01,6.828202,-3.38431960e-02,2.58593169e-03
0.629000,1.09889180e-01,1.02389180e-01,6.825945,-3.38502557e-02,2.61063605e-03
0.630000,1.09855327e-01,1.02355327e-01,6.823688,-3.38531746e-02,2.59197082e-03
0.631000,1.09821475e-01,1.02321475e-01,6.821432,-3.38512808e-02,2.58929121e-03
0.632000,1.09787619e-01,1.02287619e-01,6.819175,-3.38559909e-02,2.62645551e-03
0.633000,1.09753764e-01,1.02253764e-01,6.816918,-3.38550089e-02,2.60199931e-03
0.634000,1.09719918e-01,1.02219918e-01,6.814661,-3.38461464e-02,2.58374235e-03
0.635000,1.09686070e-01,1.02186070e-01,6.812405,-3.38485442e-02,2.60259704e-03
0.636000,1.09652216e-01,1.02152216e-01,6.810148,-3.38536037e-02,2.60289993e-03
0.637000,1.09618364e-01,1.02118364e-01,6.807891,-3.38524174e-02,2.59493322e-03
0.638000,1.09584511e-01,1.02084511e-01,6.805634,-3.38525404e-02,2.56885831e-03
0.639000,1.09550651e-01,1.02050651e-01,6.803377,-3.38598909e-02,2.57562101e-03
0.640000,1.09516777e-01,1.02016777e-01,6.801118,-3.38746089e-02,2.58641468e-03
0.641000,1.09482891e-01,1.01982891e-01,6.798859,-3.38851972e-02,2.58722327e-03
0.642000,1.09448999e-01,1.01948999e-01,6.796600,-3.38920977e-02,2.58312525e-03
0.643000,1.09415100e-01,1.01915100e-01,6.794340,-3.38994573e-02,2.58365754e-03
0.644000,1.09381192e-01,1.01881192e-01,6.792079,-3.39080686e-02,2.58491891e-03
0.645000,1.09347275e-01,1.01847275e-01,6.789818,-3.39162821e-02,2.60464112e-03
0.646000,1.09313355e-01,1.01813355e-01,6.787557,-3.39205937e-02,2.58786723e-03
0.647000,1.09279433e-01,1.01779433e-01,6.785296,-3.39213944e-02,2.62009899e-03
0.648000,1.09245511e-01,1.01745511e-01,6.783034,-3.39220042e-02,2.61117841e-03
0.649000,1.09211598e-01,1.01711598e-01,6.780773,-3.39136060e-02,2.60526052e-03
0.650000,1.09177689e-01,1.01677689e-01,6.778513,-3.39091840e-02,2.59687484e-03
0.651000,1.09143780e-01,1.01643780e-01,6.776252,-3.39081885e-02,2.58903749e-03
0.652000,1.09109869e-01,1.01609869e-01,6.773991,-3.39113329e-02,2.60191958e-03
0.653000,1.09075954e-01,1.01575954e-01,6.771730,-3.39147731e-02,2.60595950e-03
0.654000,1.09042041e-01,1.01542041e-01,6.769469,-3.39132683e-02,2.56441402e-03
0.655000,1.09008123e-01,1.01508123e-01,6.767208,-3.39177835e-02,2.57111799e-03
0.656000,1.08974189e-01,1.01474189e-01,6.764946,-3.39347574e-02,2.57418885e-03
0.657000,1.08940240e-01,1.01440240e-01,6.762683,-3.39489865e-02,2.59461035e-03
0.658000,1.08906281e-01,1.01406281e-01,6.760419,-3.39585958e-02,2.59350836e-03
0.659000,1.08872319e-01,1.01372319e-01,6.758155,-3.39616933e-02,2.58811403e-03
0.660000,1.08838353e-01,1.01338353e-01,6.755890,-3.39661065e-02,2.57100665e-03
0.661000,1.08804378e-01,1.01304378e-01,6.753625,-3.39753167e-02,2.59379317e-03
0.662000,1.08770392e-01,1.01270392e-01,6.751359,-3.39861156e-02,2.60322633e-03
0.663000,1.08736404e-01,1.01236404e-01,6.749094,-3.39877629e-02,2.59895759e-03
0.664000,1.08702417e-01,1.01202417e-01,6.746828,-3.39870671e-02,2.60170311e-03
0.665000,1.08668430e-01,1.01168430e-01,6.744562,-3.39872877e-02,2.62477861e-03
0.666000,1.08634447e-01,1.01134447e-01,6.742296,-3.39825260e-02,2.59458265e-03
0.667000,1.08600472e-01,1.01100472e-01,6.740031,-3.39755257e-02,2.58891886e-03
0.668000,1.08566492e-01,1.01066492e-01,6.737766,-3.39794439e-02,2.60641079e-03
0.669000,1.08532510e-01,1.01032510e-01,6.735501,-3.39821289e-02,2.60685477e-03
0.670000,1.08498531e-01,1.00998531e-01,6.733235,-3.39789907e-02,2.58607158e-03
0.671000,1.08464552e-01,1.00964552e-01,6.730970,-3.39793820e-02,2.56958897e-03
0.672000,1.08430562e-01,1.00930562e-01,6.728704,-3.39895136e-02,2.56716766e-03
0.673000,1.08396557e-01,1.00896557e-01,6.726437,-3.40054865e-02,2.59070910e-03
0.674000,1.08362539e-01,1.00862539e-01,6.724169,-3.40180916e-02,2.59801946e-03
0.675000,1.08328517e-01,1.00828517e-01,6.721901,-3.40216725e-02,2.58208501e-03
0.676000,1.08294491e-01,1.00794491e-01,6.719633,-3.40256705e-02,2.58101684e-03
0.677000,1.08260456e-01,1.00760456e-01,6.717364,-3.40350904e-02,2.59172297e-03
0.678000,1.08226413e-01,1.00726413e-01,6.715094,-3.40429679e-02,2.61118695e-03
0.679000,1.08192369e-01,1.00692369e-01,6.712825,-3.40438874e-02,2.59807964e-03
0.680000,1.08158328e-01,1.00658328e-01,6.710555,-3.40407324e-02,2.60451561e-03
0.681000,1.08124288e-01,1.00624288e-01,6.708286,-3.40407440e-02,2.61061229e-03
0.682000,1.08090250e-01,1.00590250e-01,6.706017,-3.40375638e-02,2.60729960e-03
0.683000,1.08056217e-01,1.00556217e-01,6.703748,-3.40329672e-02,2.59184540e-03
0.684000,1.08022185e-01,1.00522185e-01,6.701479,-3.40321913e-02,2.59975598e-03
0.685000,1.07988150e-01,1.00488150e-01,6.699210,-3.40350920e-02,2.59818801e-03
0.686000,1.07954114e-01,1.00454114e-01,6.696941,-3.40356720e-02,2.60505793e-03
0.687000,1.07920079e-01,1.00420079e-01,6.694672,-3.40355521e-02,2.55406865e-03
0.688000,1.07886037e-01,1.00386037e-01,6.692402,-3.40421929e-02,2.58684202e-03
0.689000,1.07851977e-01,1.00351977e-01,6.690132,-3.40597837e-02,2.58581511e-03
0.690000,1.07817910e-01,1.00317910e-01,6.687861,-3.40667929e-02,2.59214090e-03
0.691000,1.07783837e-01,1.00283837e-01,6.685589,-3.40730206e-02,2.58077964e-03
0.692000,1.07749758e-01,1.00249758e-01,6.683317,-3.40791800e-02,2.58617808e-03
0.693000,1.07715670e-01,1.00215670e-01,6.681045,-3.40881160e-02,2.58232047e-03
0.694000,1.07681574e-01,1.00181574e-01,6.678772,-3.40959612e-02,2.60233784e-03
0.695000,1.07647472e-01,1.00147472e-01,6.676498,-3.41015334e-02,2.59153403e-03
0.696000,1.07613370e-01,1.00113370e-01,6.674225,-3.41024422e-02,2.61782546e-03
0.697000,1.07579267e-01,1.00079267e-01,6.671951,-3.41022497e-02,2.61509715e-03
0.698000,1.07545174e-01,1.00045174e-01,6.669678,-3.40939053e-02,2.60553488e-03
0.699000,1.07511085e-01,1.00011085e-01,6.667406,-3.40881478e-02,2.59726294e-03
0.700000,1.07476998e-01,9.99769980e-02,6.665133,-3.40869935e-02,2.59624507e-03
0.701000,1.07442910e-01,9.99429100e-02,6.662861,-3.40887358e-02,2.60695090e-03
0.702000,1.07408821e-01,9.99088210e-02,6.660588,-3.40889193e-02,2.60676667e-03
0.703000,1.07374735e-01,9.98747350e-02,6.658316,-3.40856193e-02,2.56092863e-03
0.704000,1.07340645e-01,9.98406450e-02,6.656043,-3.40904858e-02,2.58374352e-03
0.705000,1.07306538e-01,9.98065380e-02,6.653769,-3.41063717e-02,2.57294766e-03
0.706000,1.07272422e-01,9.97724220e-02,6.651495,-3.41166739e-02,2.59377063e-03
0.707000,1.07238295e-01,9.97382950e-02,6.649220,-3.41268393e-02,2.58644407e-03
0.708000,1.07204163e-01,9.97041630e-02,6.646944,-3.41314618e-02,2.59685909e-03
0.709000,1.07170027e-01,9.96700270e-02,6.644668,-3.41366486e-02,2.57156415e-03
0.710000,1.07135884e-01,9.96358840e-02,6.642392,-3.41428881e-02,2.60049473e-03
0.711000,1.07101731e-01,9.96017310e-02,6.640115,-3.41523188e-02,2.59433566e-03
0.712000,1.07067578e-01,9.95675780e-02,6.637839,-3.41533375e-02,2.61688453e-03
0.713000,1.07033426e-01,9.95334260e-02,6.635562,-3.41523913e-02,2.61051660e-03
0.714000,1.06999281e-01,9.94992810e-02,6.633285,-3.41451659e-02,2.61547205e-03
0.715000,1.06965141e-01,9.94651410e-02,6.631009,-3.41391555e-02,2.60504481e-03
0.716000,1.06931008e-01,9.94310080e-02,6.628734,-3.41333615e-02,2.58558707e-03
0.717000,1.06896874e-01,9.93968740e-02,6.626458,-3.41344329e-02,2.61575087e-03
0.718000,1.06862737e-01,9.93627370e-02,6.624182,-3.41365604e-02,2.59868767e-03
0.719000,1.06828605e-01,9.93286050e-02,6.621907,-3.41317991e-02,2.57998962e-03
0.720000,1.06794469e-01,9.92944690e-02,6.619631,-3.41359482e-02,2.57412362e-03
0.721000,1.06760322e-01,9.92603220e-02,6.617355,-3.41472752e-02,2.57209525e-03
0.722000,1.06726161e-01,9.92261610e-02,6.615077,-3.41608875e-02,2.58325394e-03
0.723000,1.06691988e-01,9.91919880e-02,6.612799,-3.41731926e-02,2.60006250e-03
0.724000,1.06657809e-01,9.91578090e-02,6.610521,-3.41788607e-02,2.58134533e-03
0.725000,1.06623627e-01,9.91236270e-02,6.608242,-3.41823185e-02,2.58703505e-03
0.726000,1.06589436e-01,9.90894360e-02,6.605962,-3.41909171e-02,2.59190682e-03
0.727000,1.06555239e-01,9.90552390e-02,6.603683,-3.41967856e-02,2.61241035e-03
0.728000,1.06521042e-01,9.90210420e-02,6.601403,-3.41974283e-02,2.59157894e-03
0.729000,1.06486847e-01,9.89868470e-02,6.599123,-3.41950212e-02,2.59783671e-03
0.730000,1.06452648e-01,9.89526480e-02,6.596843,-3.41983488e-02,2.62947931e-03
0.731000,1.06418454e-01,9.89184540e-02,6.594564,-3.41940256e-02,2.60363498e-03
0.732000,1.06384270e-01,9.88842700e-02,6.592285,-3.41838808e-02,2.58460911e-03
0.733000,1.06350085e-01,9.88500850e-02,6.590006,-3.41855881e-02,2.60505848e-03
0.734000,1.06315895e-01,9.88158950e-02,6.587726,-3.41899276e-02,2.61128653e-03
0.735000,1.06281708e-01,9.87817080e-02,6.585447,-3.41864499e-02,2.59352286e-03
0.736000,1.06247524e-01,9.87475240e-02,6.583168,-3.41840681e-02,2.57005821e-03
0.737000,1.06213333e-01,9.87133330e-02,6.580889,-3.41916696e-02,2.57497802e-03
0.738000,1.06179127e-01,9.86791270e-02,6.578608,-3.42061072e-02,2.58840120e-03
0.739000,1.06144910e-01,9.86449100e-02,6.576327,-3.42165554e-02,2.59470079e-03
0.740000,1.06110688e-01,9.86106880e-02,6.574046,-3.42214811e-02,2.57833084e-03
0.741000,1.06076461e-01,9.85764610e-02,6.571764,-3.42272328e-02,2.58611146e-03
0.742000,1.06042224e-01,9.85422240e-02,6.569482,-3.42369848e-02,2.59279204e-03
0.743000,1.06007981e-01,9.85079810e-02,6.567199,-3.42430001e-02,2.61304514e-03
0.744000,1.05973738e-01,9.84737380e-02,6.564916,-3.42432398e-02,2.59564485e-03
0.745000,1.05939498e-01,9.84394980e-02,6.562633,-3.42399052e-02,2.61596656e-03
0.746000,1.05905259e-01,9.84052590e-02,6.560351,-3.42386914e-02,2.61296412e-03
0.747000,1.05871028e-01,9.83710280e-02,6.558069,-3.42313347e-02,2.60583814e-03
0.748000,1.05836802e-01,9.83368020e-02,6.555787,-3.42262241e-02,2.59403312e-03
0.749000,1.05802576e-01,9.83025760e-02,6.553505,-3.42255414e-02,2.59906595e-03
0.750000,1.05768348e-01,9.82683480e-02,6.551223,-3.42278456e-02,2.60274481e-03
0.751000,1.05734121e-01,9.82341210e-02,6.548941,-3.42278464e-02,2.60988356e-03
0.752000,1.05699895e-01,9.81998950e-02,6.546660,-3.42253766e-02,2.54924913e-03
0.753000,1.05665664e-01,9.81656640e-02,6.544378,-3.42312849e-02,2.58954663e-03
0.754000,1.05631414e-01,9.81314140e-02,6.542094,-3.42499802e-02,2.58769573e-03
0.755000,1.05597158e-01,9.80971580e-02,6.539811,-3.42557686e-02,2.59523049e-03
0.756000,1.05562897e-01,9.80628970e-02,6.537526,-3.42608323e-02,2.58246306e-03
0.757000,1.05528632e-01,9.80286320e-02,6.535242,-3.42656794e-02,2.58687113e-03
0.758000,1.05494358e-01,9.79943580e-02,6.532957,-3.42739399e-02,2.58156108e-03
0.759000,1.05460076e-01,9.79600760e-02,6.530672,-3.42816918e-02,2.60708318e-03
0.760000,1.05425789e-01,9.79257890e-02,6.528386,-3.42866742e-02,2.59185279e-03
0.761000,1.05391503e-01,9.78915030e-02,6.526100,-3.42859682e-02,2.61957130e-03
0.762000,1.05357218e-01,9.78572180e-02,6.523815,-3.42853623e-02,2.61433013e-03
0.763000,1.05322941e-01,9.78229410e-02,6.521529,-3.42765801e-02,2.60825168e-03
0.764000,1.05288671e-01,9.77886710e-02,6.519245,-3.42705941e-02,2.60053574e-03
0.765000,1.05254403e-01,9.77544030e-02,6.516960,-3.42679688e-02,2.59687025e-03
0.766000,1.05220134e-01,9.77201340e-02,6.514676,-3.42685258e-02,2.60734584e-03
0.767000,1.05185866e-01,9.76858660e-02,6.512391,-3.42684341e-02,2.60926899e-03
0.768000,1.05151601e-01,9.76516010e-02,6.510107,-3.42645619e-02,2.56592825e-03
0.769000,1.05117334e-01,9.76173340e-02,6.507822,-3.42677225e-02,2.57859766e-03
0.770000,1.05083051e-01,9.75830510e-02,6.505537,-3.42828764e-02,2.58021384e-03
0.771000,1.05048757e-01,9.75487570e-02,6.503250,-3.42935836e-02,2.59367917e-03
0.772000,1.05014456e-01,9.75144560e-02,6.500964,-3.43013789e-02,2.59137077e-03
0.773000,1.04980151e-01,9.74801510e-02,6.498677,-3.43051602e-02,2.59345537e-03
0.774000,1.04945841e-01,9.74458410e-02,6.496389,-3.43093309e-02,2.58010110e-03
0.775000,1.04911526e-01,9.74115260e-02,6.494102,-3.43151786e-02,2.60032550e-03
0.776000,1.04877204e-01,9.73772040e-02,6.491814,-3.43218356e-02,2.59205593e-03
0.777000,1.04842881e-01,9.73428810e-02,6.489525,-3.43233129e-02,2.62970396e-03
0.778000,1.04808560e-01,9.73085600e-02,6.487237,-3.43208485e-02,2.61135740e-03
0.779000,1.04774251e-01,9.72742510e-02,6.484950,-3.43092643e-02,2.61233233e-03
0.780000,1.04739947e-01,9.72399470e-02,6.482663,-3.43035330e-02,2.60253793e-03
0.781000,1.04705648e-01,9.72056480e-02,6.480377,-3.42992135e-02,2.58562093e-03
0.782000,1.04671347e-01,9.71713470e-02,6.478090,-3.43011022e-02,2.61512140e-03
0.783000,1.04637044e-01,9.71370440e-02,6.475803,-3.43033299e-02,2.60381578e-03
0.784000,1.04602746e-01,9.71027460e-02,6.473516,-3.42978684e-02,2.57574953e-03
0.785000,1.04568445e-01,9.70684450e-02,6.471230,-3.43010831e-02,2.57525423e-03
0.786000,1.04534131e-01,9.70341310e-02,6.468942,-3.43136028e-02,2.57218819e-03
0.787000,1.04499804e-01,9.69998040e-02,6.466654,-3.43268273e-02,2.59454009e-03
0.788000,1.04465467e-01,9.69654670e-02,6.464364,-3.43371061e-02,2.59901251e-03
0.789000,1.04431128e-01,9.69311280e-02,6.462075,-3.43392533e-02,2.58584180e-03
0.790000,1.04396786e-01,9.68967860e-02,6.459786,-3.43422608e-02,2.58014062e-03
0.791000,1.04362435e-01,9.68624350e-02,6.457496,-3.43506019e-02,2.59364919e-03
0.792000,1.04328077e-01,9.68280770e-02,6.455205,-3.43584265e-02,2.61014003e-03
0.793000,1.04293718e-01,9.67937180e-02,6.452915,-3.43588985e-02,2.59705088e-03
0.794000,1.04259362e-01,9.67593620e-02,6.450624,-3.43562693e-02,2.60833826e-03
0.795000,1.04225006e-01,9.67250060e-02,6.448334,-3.43559427e-02,2.62703468e-03
0.796000,1.04190657e-01,9.66906570e-02,6.446044,-3.43486030e-02,2.59946493e-03
0.797000,1.04156317e-01,9.66563170e-02,6.443754,-3.43399985e-02,2.59058818e-03
0.798000,1.04121975e-01,9.66219750e-02,6.441465,-3.43420180e-02,2.61138195e-03
0.799000,1.04087632e-01,9.65876320e-02,6.439175,-3.43432756e-02,2.60940424e-03
0.800000,1.04053294e-01,9.65532940e-02,6.436886,-3.43380540e-02,2.58519666e-03
0.801000,1.04018956e-01,9.65189560e-02,6.434597,-3.43377628e-02,2.57946823e-03
0.802000,1.03984609e-01,9.64846090e-02,6.432307,-3.43464347e-02,2.56922600e-03
0.803000,1.03950251e-01,9.64502510e-02,6.430017,-3.43587991e-02,2.59010544e-03
0.804000,1.03915880e-01,9.64158800e-02,6.427725,-3.43708349e-02,2.60082268e-03
0.805000,1.03881506e-01,9.63815060e-02,6.425434,-3.43741184e-02,2.58662908e-03
0.806000,1.03847129e-01,9.63471290e-02,6.423142,-3.43763922e-02,2.58219364e-03
0.807000,1.03812745e-01,9.63127450e-02,6.420850,-3.43841117e-02,2.59562071e-03
0.808000,1.03778354e-01,9.62783540e-02,6.418557,-3.43909134e-02,2.61811742e-03
0.809000,1.03743965e-01,9.62439650e-02,6.416264,-3.43893272e-02,2.60326084e-03
0.810000,1.03709582e-01,9.62095820e-02,6.413972,-3.43829800e-02,2.60193181e-03
0.811000,1.03675200e-01,9.61752000e-02,6.411680,-3.43817469e-02,2.62550262e-03
0.812000,1.03640823e-01,9.61408230e-02,6.409388,-3.43767820e-02,2.60371777e-03
0.813000,1.03606456e-01,9.61064560e-02,6.407097,-3.43679286e-02,2.58696768e-03
0.814000,1.03572086e-01,9.60720860e-02,6.404806,-3.43691917e-02,2.60745726e-03
0.815000,1.03537714e-01,9.60377140e-02,6.402514,-3.43723324e-02,2.60616777e-03
0.816000,1.03503345e-01,9.60033450e-02,6.400223,-3.43689720e-02,2.59822767e-03
0.817000,1.03468978e-01,9.59689780e-02,6.397932,-3.43674393e-02,2.56969651e-03
0.818000,1.03434604e-01,9.59346040e-02,6.395640,-3.43735596e-02,2.57534716e-03
0.819000,1.03400216e-01,9.59002160e-02,6.393348,-3.43880508e-02,2.59317699e-03
0.820000,1.03365818e-01,9.58658180e-02,6.391055,-3.43975332e-02,2.59375832e-03
0.821000,1.03331417e-01,9.58314170e-02,6.388761,-3.44010571e-02,2.58434510e-03
0.822000,1.03297011e-01,9.57970110e-02,6.386467,-3.44060548e-02,2.58996180e-03
0.823000,1.03262598e-01,9.57625980e-02,6.384173,-3.44131507e-02,2.58949734e-03
0.824000,1.03228180e-01,9.57281800e-02,6.381879,-3.44184841e-02,2.61058286e-03
0.825000,1.03193759e-01,9.56937590e-02,6.379584,-3.44202413e-02,2.59667170e-03
0.826000,1.03159342e-01,9.56593420e-02,6.377289,-3.44175338e-02,2.60658346e-03
0.827000,1.03124924e-01,9.56249240e-02,6.374995,-3.44176421e-02,2.62009584e-03
0.828000,1.03090512e-01,9.55905120e-02,6.372701,-3.44121057e-02,2.60885342e-03
0.829000,1.03056108e-01,9.55561080e-02,6.370407,-3.44041197e-02,2.59150252e-03
0.830000,1.03021705e-01,9.55217050e-02,6.368114,-3.44028942e-02,2.60697603e-03
0.831000,1.02987301e-01,9.54873010e-02,6.365820,-3.44046307e-02,2.61081837e-03
0.832000,1.02952900e-01,9.54529000e-02,6.363527,-3.44006060e-02,2.59439956e-03
0.833000,1.02918502e-01,9.54185020e-02,6.361233,-3.43982229e-02,2.57184849e-03
0.834000,1.02884096e-01,9.53840960e-02,6.358940,-3.44052199e-02,2.58316033e-03
0.835000,1.02849679e-01,9.53496790e-02,6.356645,-3.44176226e-02,2.59276760e-03
0.836000,1.02815254e-01,9.53152540e-02,6.354350,-3.44246114e-02,2.59125064e-03
0.837000,1.02780826e-01,9.52808260e-02,6.352055,-3.44287133e-02,2.58383170e-03
0.838000,1.02746391e-01,9.52463910e-02,6.349759,-3.44346254e-02,2.58831803e-03
0.839000,1.02711949e-01,9.52119490e-02,6.347463,-3.44421806e-02,2.59235052e-03
0.840000,1.02677501e-01,9.51775010e-02,6.345167,-3.44475493e-02,2.61181658e-03
0.841000,1.02643053e-01,9.51430530e-02,6.342870,-3.44481513e-02,2.59526842e-03
0.842000,1.02608608e-01,9.51086080e-02,6.340574,-3.44452867e-02,2.62052253e-03
0.843000,1.02574164e-01,9.50741640e-02,6.338278,-3.44433909e-02,2.61667856e-03
0.844000,1.02539730e-01,9.50397300e-02,6.335982,-3.44338810e-02,2.60921944e-03
0.845000,1.02505304e-01,9.50053040e-02,6.333687,-3.44269526e-02,2.58963132e-03
0.846000,1.02470878e-01,9.49708780e-02,6.331392,-3.44259378e-02,2.60094025e-03
0.847000,1.02436448e-01,9.49364480e-02,6.329097,-3.44293562e-02,2.60680406e-03
0.848000,1.02402020e-01,9.49020200e-02,6.326801,-3.44280236e-02,2.61234238e-03
0.849000,1.02367596e-01,9.48675960e-02,6.324506,-3.44237859e-02,2.55605487e-03
0.850000,1.02333169e-01,9.48331690e-02,6.322211,-3.44276831e-02,2.58821544e-03
0.851000,1.02298724e-01,9.47987240e-02,6.319915,-3.44443788e-02,2.59250199e-03
0.852000,1.02264275e-01,9.47642750e-02,6.317618,-3.44497544e-02,2.59121443e-03
0.853000,1.02229821e-01,9.47298210e-02,6.315321,-3.44539499e-02,2.58917449e-03
0.854000,1.02195362e-01,9.46953620e-02,6.313024,-3.44589290e-02,2.58738031e-03
0.855000,1.02160897e-01,9.46608970e-02,6.310726,-3.44648954e-02,2.58250749e-03
0.856000,1.02126425e-01,9.46264250e-02,6.308428,-3.44723126e-02,2.60629589e-03
0.857000,1.02091947e-01,9.45919470e-02,6.306130,-3.44771235e-02,2.59564941e-03
0.858000,1.02057471e-01,9.45574710e-02,6.303831,-3.44760047e-02,2.61834148e-03
0.859000,1.02022997e-01,9.45229970e-02,6.301533,-3.44743694e-02,2.62193383e-03
0.860000,1.01988532e-01,9.44885320e-02,6.299235,-3.44646465e-02,2.60748191e-03
0.861000,1.01954076e-01,9.44540760e-02,6.296938,-3.44562994e-02,2.60064198e-03
0.862000,1.01919622e-01,9.44196220e-02,6.294641,-3.44539082e-02,2.59782755e-03
0.863000,1.01885168e-01,9.43851680e-02,6.292345,-3.44542609e-02,2.60998690e-03
0.864000,1.01850715e-01,9.43507150e-02,6.290048,-3.44533878e-02,2.60832619e-03
0.865000,1.01816266e-01,9.43162660e-02,6.287751,-3.44488150e-02,2.56635098e-03
0.866000,1.01781813e-01,9.42818130e-02,6.285454,-3.44522104e-02,2.58316960e-03
0.867000,1.01747347e-01,9.42473470e-02,6.283156,-3.44664170e-02,2.58764582e-03
0.868000,1.01712873e-01,9.42128730e-02,6.280858,-3.44743085e-02,2.59084834e-03
0.869000,1.01678393e-01,9.41783930e-02,6.278560,-3.44801636e-02,2.59138134e-03
0.870000,1.01643908e-01,9.41439080e-02,6.276261,-3.44848727e-02,2.58748275e-03
0.871000,1.01609418e-01,9.41094180e-02,6.273961,-3.44900961e-02,2.58448559e-03
0.872000,1.01574920e-01,9.40749200e-02,6.271661,-3.44971300e-02,2.61070481e-03
0.873000,1.01540420e-01,9.40404200e-02,6.269361,-3.45005115e-02,2.59475649e-03
0.874000,1.01505922e-01,9.40059220e-02,6.267061,-3.44981026e-02,2.62386477e-03
0.875000,1.01471426e-01,9.39714260e-02,6.264762,-3.44957839e-02,2.61384982e-03
0.876000,1.01436940e-01,9.39369400e-02,6.262463,-3.44856766e-02,2.61172617e-03
0.877000,1.01402461e-01,9.39024610e-02,6.260164,-3.44792339e-02,2.60963234e-03
0.878000,1.01367987e-01,9.38679870e-02,6.257866,-3.44738589e-02,2.59025052e-03
0.879000,1.01333515e-01,9.38335150e-02,6.255568,-3.44725990e-02,2.60952866e-03
0.880000,1.01299040e-01,9.37990400e-02,6.253269,-3.44742953e-02,2.60448356e-03
0.881000,1.01264570e-01,9.37645700e-02,6.250971,-3.44705525e-02,2.57338202e-03
0.882000,1.01230096e-01,9.37300960e-02,6.248673,-3.44739666e-02,2.57447238e-03
0.883000,1.01195609e-01,9.36956090e-02,6.246374,-3.44874020e-02,2.58630072e-03
0.884000,1.01161110e-01,9.36611100e-02,6.244074,-3.44983877e-02,2.59413475e-03
0.885000,1.01126606e-01,9.36266060e-02,6.241774,-3.45041034e-02,2.59448834e-03
0.886000,1.01092099e-01,9.35920990e-02,6.239473,-3.45071837e-02,2.59185855e-03
0.887000,1.01057588e-01,9.35575880e-02,6.237173,-3.45106130e-02,2.58408172e-03
0.888000,1.01023072e-01,9.35230720e-02,6.234871,-3.45162812e-02,2.59739645e-03
0.889000,1.00988550e-01,9.34885500e-02,6.232570,-3.45221489e-02,2.59040360e-03
0.890000,1.00954025e-01,9.34540250e-02,6.230268,-3.45248804e-02,2.62210180e-03
0.891000,1.00919501e-01,9.34195010e-02,6.227967,-3.45243029e-02,2.61449559e-03
0.892000,1.00884986e-01,9.33849860e-02,6.225666,-3.45146604e-02,2.62174190e-03
0.893000,1.00850480e-01,9.33504800e-02,6.223365,-3.45062345e-02,2.60255402e-03
0.894000,1.00815981e-01,9.33159810e-02,6.221065,-3.44988219e-02,2.58769496e-03
0.895000,1.00781481e-01,9.32814810e-02,6.218765,-3.45003386e-02,2.61845748e-03
0.896000,1.00746979e-01,9.32469790e-02,6.216465,-3.45012952e-02,2.61286573e-03
0.897000,1.00712486e-01,9.32124860e-02,6.214166,-3.44931377e-02,2.57518944e-03
0.898000,1.00677993e-01,9.31779930e-02,6.211866,-3.44934793e-02,2.58250209e-03
0.899000,1.00643488e-01,9.31434880e-02,6.209566,-3.45049012e-02,2.57251418e-03
0.900000,1.00608972e-01,9.31089720e-02,6.207265,-3.45156878e-02,2.59244244e-03
0.901000,1.00574446e-01,9.30744460e-02,6.204963,-3.45262305e-02,2.60429792e-03
0.902000,1.00539918e-01,9.30399180e-02,6.202661,-3.45281319e-02,2.58988557e-03
0.903000,1.00505389e-01,9.30053890e-02,6.200359,-3.45286885e-02,2.57291708e-03
0.904000,1.00470852e-01,9.29708520e-02,6.198057,-3.45369789e-02,2.60382985e-03
0.905000,1.00436307e-01,9.29363070e-02,6.195754,-3.45453756e-02,2.60640152e-03
0.906000,1.00401763e-01,9.29017630e-02,6.193451,-3.45431652e-02,2.61815530e-03
0.907000,1.00367225e-01,9.28672250e-02,6.191148,-3.45380317e-02,2.61095507e-03
0.908000,1.00332695e-01,9.28326950e-02,6.188846,-3.45303114e-02,2.61536513e-03
0.909000,1.00298171e-01,9.27981710e-02,6.186545,-3.45241759e-02,2.61031660e-03
0.910000,1.00263653e-01,9.27636530e-02,6.184244,-3.45174848e-02,2.59096963e-03
0.911000,1.00229138e-01,9.27291380e-02,6.181943,-3.45158730e-02,2.61377414e-03
0.912000,1.00194621e-01,9.26946210e-02,6.179641,-3.45165824e-02,2.59824863e-03
0.913000,1.00160108e-01,9.26601080e-02,6.177341,-3.45125479e-02,2.58282056e-03
0.914000,1.00125592e-01,9.26255920e-02,6.175039,-3.45163405e-02,2.58387319e-03
0.915000,1.00091067e-01,9.25910670e-02,6.172738,-3.45250137e-02,2.57228756e-03
0.916000,1.00056532e-01,9.25565320e-02,6.170435,-3.45353901e-02,2.59253702e-03
0.917000,1.00021986e-01,9.25219860e-02,6.168132,-3.45459905e-02,2.59971736e-03
0.918000,9.99874371e-02,9.24874371e-02,6.165829,-3.45486708e-02,2.58299850e-03
0.919000,9.99528851e-02,9.24528851e-02,6.163526,-3.45519496e-02,2.59156594e-03
0.920000,9.99183259e-02,9.24183259e-02,6.161222,-3.45592041e-02,2.59264602e-03
0.921000,9.98837625e-02,9.23837625e-02,6.158918,-3.45634539e-02,2.61535737e-03
0.922000,9.98491991e-02,9.23491991e-02,6.156613,-3.45633327e-02,2.59239422e-03
0.923000,9.98146393e-02,9.23146393e-02,6.154309,-3.45598135e-02,2.61482885e-03
0.924000,9.97800794e-02,9.22800794e-02,6.152005,-3.45598685e-02,2.62737253e-03
0.925000,9.97455291e-02,9.22455291e-02,6.149702,-3.45503374e-02,2.60157202e-03
0.926000,9.97109879e-02,9.22109879e-02,6.147399,-3.45412493e-02,2.59085485e-03
0.927000,9.96764453e-02,9.21764453e-02,6.145096,-3.45425297e-02,2.61475794e-03
0.928000,9.96419022e-02,9.21419022e-02,6.142793,-3.45431027e-02,2.61211485e-03
0.929000,9.96073659e-02,9.21073659e-02,6.140491,-3.45362931e-02,2.57976919e-03
0.930000,9.95728299e-02,9.20728299e-02,6.138189,-3.45360714e-02,2.58567741e-03
0.931000,9.95382844e-02,9.20382844e-02,6.135886,-3.45454277e-02,2.57262746e-03
0.932000,9.95037293e-02,9.20037293e-02,6.133582,-3.45551514e-02,2.59060217e-03
0.933000,9.94691633e-02,9.19691633e-02,6.131278,-3.45659823e-02,2.59982230e-03
0.934000,9.94345940e-02,9.19345940e-02,6.128973,-3.45692796e-02,2.58659663e-03
0.935000,9.94000221e-02,9.19000221e-02,6.126668,-3.45718876e-02,2.59307448e-03
0.936000,9.93654444e-02,9.18654444e-02,6.124363,-3.45776936e-02,2.59300982e-03
0.937000,9.93308631e-02,9.18308631e-02,6.122058,-3.45813836e-02,2.61633306e-03
0.938000,9.92962821e-02,9.17962821e-02,6.119752,-3.45809704e-02,2.60238271e-03
0.939000,9.92617067e-02,9.17617067e-02,6.117447,-3.45753645e-02,2.61283865e-03
0.940000,9.92271342e-02,9.17271342e-02,6.115142,-3.45724911e-02,2.62039395e-03
0.941000,9.91925694e-02,9.16925694e-02,6.112838,-3.45648476e-02,2.60772723e-03
0.942000,9.91580124e-02,9.16580124e-02,6.110534,-3.45569629e-02,2.58652409e-03
0.943000,9.91234554e-02,9.16234554e-02,6.108230,-3.45569877e-02,2.61470864e-03
0.944000,9.90888964e-02,9.15888964e-02,6.105926,-3.45589918e-02,2.60381777e-03
0.945000,9.90543428e-02,9.15543428e-02,6.103623,-3.45536655e-02,2.59811062e-03
0.946000,9.90197898e-02,9.15197898e-02,6.101319,-3.45529253e-02,2.57139280e-03
0.947000,9.89852311e-02,9.14852311e-02,6.099015,-3.45587841e-02,2.57305261e-03
0.948000,9.89506579e-02,9.14506579e-02,6.096711,-3.45731239e-02,2.59337840e-03
0.949000,9.89160746e-02,9.14160746e-02,6.094405,-3.45833242e-02,2.60134084e-03
0.950000,9.88814892e-02,9.13814892e-02,6.092099,-3.45854412e-02,2.59065823e-03
0.951000,9.88469023e-02,9.13469023e-02,6.089793,-3.45868323e-02,2.58975633e-03
0.952000,9.88123105e-02,9.13123105e-02,6.087487,-3.45918911e-02,2.59037917e-03
0.953000,9.87777133e-02,9.12777133e-02,6.085181,-3.45971361e-02,2.61537445e-03
0.954000,9.87431156e-02,9.12431156e-02,6.082874,-3.45977564e-02,2.60080166e-03
0.955000,9.87085228e-02,9.12085228e-02,6.080568,-3.45927448e-02,2.60152097e-03
0.956000,9.86739304e-02,9.11739304e-02,6.078262,-3.45923920e-02,2.63060342e-03
0.957000,9.86393438e-02,9.11393438e-02,6.075956,-3.45866601e-02,2.60709658e-03
0.958000,9.86047682e-02,9.11047682e-02,6.073651,-3.45755339e-02,2.58548065e-03
0.959000,9.85701923e-02,9.10701923e-02,6.071346,-3.45759503e-02,2.60878536e-03
0.960000,9.85356129e-02,9.10356129e-02,6.069041,-3.45793446e-02,2.61557515e-03
0.961000,9.85010390e-02,9.10010390e-02,6.066736,-3.45738845e-02,2.59757315e-03
0.962000,9.84664697e-02,9.09664697e-02,6.064431,-3.45693780e-02,2.57004784e-03
0.963000,9.84318940e-02,9.09318940e-02,6.062126,-3.45756511e-02,2.57585461e-03
0.964000,9.83973041e-02,9.08973041e-02,6.059820,-3.45899371e-02,2.59409563e-03
0.965000,9.83627050e-02,9.08627050e-02,6.057514,-3.45990904e-02,2.60135541e-03
0.966000,9.83281040e-02,9.08281040e-02,6.055207,-3.46009692e-02,2.58692583e-03
0.967000,9.82935010e-02,9.07935010e-02,6.052900,-3.46030155e-02,2.58683623e-03
0.968000,9.82588912e-02,9.07588912e-02,6.050593,-3.46098166e-02,2.59640972e-03
0.969000,9.82242762e-02,9.07242762e-02,6.048285,-3.46149541e-02,2.61511162e-03
0.970000,9.81896626e-02,9.06896626e-02,6.045978,-3.46136403e-02,2.60361730e-03
0.971000,9.81550544e-02,9.06550544e-02,6.043670,-3.46082172e-02,2.60482899e-03
0.972000,9.81204480e-02,9.06204480e-02,6.041363,-3.46063547e-02,2.63231459e-03
0.973000,9.80858488e-02,9.05858488e-02,6.039057,-3.45992338e-02,2.60349057e-03
0.974000,9.80512606e-02,9.05512606e-02,6.036751,-3.45881833e-02,2.58933746e-03
0.975000,9.80166715e-02,9.05166715e-02,6.034445,-3.45891020e-02,2.60959571e-03
0.976000,9.79820804e-02,9.04820804e-02,6.032139,-3.45910863e-02,2.60805281e-03
0.977000,9.79474937e-02,9.04474937e-02,6.029833,-3.45866903e-02,2.59974507e-03
0.978000,9.79129095e-02,9.04129095e-02,6.027527,-3.45842701e-02,2.57140563e-03
0.979000,9.78783199e-02,9.03783199e-02,6.025221,-3.45895899e-02,2.57636789e-03
0.980000,9.78437165e-02,9.03437165e-02,6.022914,-3.46033392e-02,2.59509875e-03
0.981000,9.78091044e-02,9.03091044e-02,6.020607,-3.46121465e-02,2.59677233e-03
0.982000,9.77744899e-02,9.02744899e-02,6.018299,-3.46145064e-02,2.58687710e-03
0.983000,9.77398718e-02,9.02398718e-02,6.015991,-3.46180665e-02,2.59025354e-03
0.984000,9.77052475e-02,9.02052475e-02,6.013683,-3.46242792e-02,2.59259851e-03
0.985000,9.76706186e-02,9.01706186e-02,6.011375,-3.46289684e-02,2.61228134e-03
0.986000,9.76359892e-02,9.01359892e-02,6.009066,-3.46294068e-02,2.60272719e-03
0.987000,9.76013641e-02,9.01013641e-02,6.006758,-3.46250706e-02,2.60091807e-03
0.988000,9.75667399e-02,9.00667399e-02,6.004449,-3.46241920e-02,2.62757615e-03
0.989000,9.75321207e-02,9.00321207e-02,6.002141,-3.46191934e-02,2.60949638e-03
0.990000,9.74975121e-02,8.99975121e-02,5.999834,-3.46086371e-02,2.59037864e-03
0.991000,9.74629047e-02,8.99629047e-02,5.997527,-3.46073992e-02,2.61169129e-03
0.992000,9.74282960e-02,8.99282960e-02,5.995220,-3.46086710e-02,2.61152975e-03
0.993000,9.73936930e-02,8.98936930e-02,5.992913,-3.46029719e-02,2.59711241e-03
0.994000,9.73590931e-02,8.98590931e-02,5.990606,-3.45998754e-02,2.57442486e-03
0.995000,9.73244876e-02,8.98244876e-02,5.988299,-3.46055259e-02,2.57913578e-03
0.996000,9.72898698e-02,8.97898698e-02,5.985991,-3.46177942e-02,2.59162104e-03
0.997000,9.72552435e-02,8.97552435e-02,5.983683,-3.46263075e-02,2.59770220e-03
0.998000,9.72206139e-02,8.97206139e-02,5.981374,-3.46296450e-02,2.58713764e-03
0.999000,9.71859810e-02,8.96859810e-02,5.979065,-3.46328537e-02,2.58852870e-03
1.000000,9.71513417e-02,8.96513417e-02,5.976756,-3.46392859e-02,2.59361225e-03
1.001000,9.71166974e-02,8.96166974e-02,5.974446,-3.46443623e-02,2.61773232e-03
1.002000,9.70820539e-02,8.95820539e-02,5.972137,-3.46435038e-02,2.59853648e-03
1.003000,9.70474157e-02,8.95474157e-02,5.969828,-3.46381184e-02,2.61854899e-03
1.004000,9.70127802e-02,8.95127802e-02,5.967519,-3.46354983e-02,2.61273894e-03
1.005000,9.69781529e-02,8.94781529e-02,5.965210,-3.46273333e-02,2.61251381e-03
1.006000,9.69435318e-02,8.94435318e-02,5.962902,-3.46211161e-02,2.59436302e-03
1.007000,9.69089136e-02,8.94089136e-02,5.960594,-3.46181827e-02,2.60653424e-03
1.008000,9.68742946e-02,8.93742946e-02,5.958286,-3.46190579e-02,2.60376429e-03
1.009000,9.68396781e-02,8.93396781e-02,5.955979,-3.46164257e-02,2.60681780e-03
1.010000,9.68050640e-02,8.93050640e-02,5.953671,-3.46141632e-02,2.56971188e-03
1.011000,9.67704465e-02,8.92704465e-02,5.951363,-3.46174597e-02,2.58076272e-03
1.012000,9.67358155e-02,8.92358155e-02,5.949054,-3.46309881e-02,2.59045760e-03
1.013000,9.67011763e-02,8.92011763e-02,5.946745,-3.46391729e-02,2.59490499e-03
1.014000,9.66665330e-02,8.91665330e-02,5.944436,-3.46433872e-02,2.58885392e-03
1.015000,9.66318858e-02,8.91318858e-02,5.942126,-3.46472109e-02,2.58990914e-03
1.016000,9.65972329e-02,8.90972329e-02,5.939816,-3.46528354e-02,2.58932395e-03
1.017000,9.65625747e-02,8.90625747e-02,5.937505,-3.46582167e-02,2.61116238e-03
1.018000,9.65279148e-02,8.90279148e-02,5.935194,-3.46599284e-02,2.60199754e-03
1.019000,9.64932587e-02,8.89932587e-02,5.932884,-3.46560887e-02,2.61081540e-03
1.020000,9.64586050e-02,8.89586050e-02,5.930574,-3.46536995e-02,2.62238519e-03
1.021000,9.64239586e-02,8.89239586e-02,5.928264,-3.46463685e-02,2.60778461e-03
1.022000,9.63893208e-02,8.88893208e-02,5.925955,-3.46378197e-02,2.59462268e-03
1.023000,9.63546844e-02,8.88546844e-02,5.923646,-3.46363934e-02,2.60922183e-03
1.024000,9.63200477e-02,8.88200477e-02,5.921337,-3.46367081e-02,2.61089691e-03
1.025000,9.62854158e-02,8.87854158e-02,5.919028,-3.46319319e-02,2.60459239e-03
1.026000,9.62507880e-02,8.87507880e-02,5.916719,-3.46277206e-02,2.57044171e-03
1.027000,9.62161564e-02,8.87161564e-02,5.914410,-3.46316188e-02,2.57895666e-03
1.028000,9.61815112e-02,8.86815112e-02,5.912101,-3.46452269e-02,2.59330015e-03
1.029000,9.61468577e-02,8.86468577e-02,5.909791,-3.46535021e-02,2.59892155e-03
1.030000,9.61122016e-02,8.86122016e-02,5.907480,-3.46560726e-02,2.58583859e-03
1.031000,9.60775425e-02,8.85775425e-02,5.905169,-3.46591105e-02,2.58925781e-03
1.032000,9.60428767e-02,8.85428767e-02,5.902858,-3.46658404e-02,2.59163117e-03
1.033000,9.60082056e-02,8.85082056e-02,5.900547,-3.46710277e-02,2.61706923e-03
1.034000,9.59735347e-02,8.84735347e-02,5.898236,-3.46709370e-02,2.60055580e-03
1.035000,9.59388693e-02,8.84388693e-02,5.895925,-3.46654124e-02,2.62033918e-03
1.036000,9.59042075e-02,8.84042075e-02,5.893614,-3.46618126e-02,2.61541810e-03
1.037000,9.58695549e-02,8.83695549e-02,5.891304,-3.46525858e-02,2.60901699e-03
1.038000,9.58349088e-02,8.83349088e-02,5.888994,-3.46461071e-02,2.59740663e-03
1.039000,9.58002650e-02,8.83002650e-02,5.886684,-3.46437839e-02,2.60353679e-03
1.040000,9.57656208e-02,8.82656208e-02,5.884375,-3.46441896e-02,2.60619683e-03
1.041000,9.57309787e-02,8.82309787e-02,5.882065,-3.46421116e-02,2.61112576e-03
1.042000,9.56963404e-02,8.81963404e-02,5.879756,-3.46382885e-02,2.55856739e-03
1.043000,9.56616983e-02,8.81616983e-02,5.877447,-3.46421409e-02,2.58647227e-03
1.044000,9.56270400e-02,8.81270400e-02,5.875136,-3.46583197e-02,2.59156296e-03
1.045000,9.55923755e-02,8.80923755e-02,5.872825,-3.46644338e-02,2.59937260e-03
1.046000,9.55577080e-02,8.80577080e-02,5.870514,-3.46674951e-02,2.58570610e-03
1.047000,9.55230376e-02,8.80230376e-02,5.868203,-3.46704083e-02,2.58712692e-03
1.048000,9.54883601e-02,8.79883601e-02,5.865891,-3.46775585e-02,2.58852508e-03
1.049000,9.54536761e-02,8.79536761e-02,5.863578,-3.46839949e-02,2.61532672e-03
1.050000,9.54189908e-02,8.79189908e-02,5.861266,-3.46852325e-02,2.60147203e-03
1.051000,9.53843107e-02,8.78843107e-02,5.858954,-3.46801181e-02,2.60943122e-03
1.052000,9.53496326e-02,8.78496326e-02,5.856642,-3.46781463e-02,2.62471185e-03
1.053000,9.53149617e-02,8.78149617e-02,5.854331,-3.46708583e-02,2.60483168e-03
1.054000,9.52802996e-02,8.77802996e-02,5.852020,-3.46620676e-02,2.60227770e-03
1.055000,9.52456394e-02,8.77456394e-02,5.849709,-3.46602575e-02,2.60168843e-03
1.056000,9.52109800e-02,8.77109800e-02,5.847399,-3.46593903e-02,2.61363400e-03
1.057000,9.51763234e-02,8.76763234e-02,5.845088,-3.46566042e-02,2.60851897e-03
1.058000,9.51416726e-02,8.76416726e-02,5.842778,-3.46507995e-02,2.56327078e-03
1.059000,9.51070179e-02,8.76070179e-02,5.840468,-3.46546764e-02,2.58680975e-03
1.060000,9.50723487e-02,8.75723487e-02,5.838157,-3.46692508e-02,2.59163490e-03
1.061000,9.50376734e-02,8.75376734e-02,5.835845,-3.46752414e-02,2.59686120e-03
1.062000,9.50029947e-02,8.75029947e-02,5.833533,-3.46787231e-02,2.58701064e-03
1.063000,9.49683125e-02,8.74683125e-02,5.831221,-3.46822304e-02,2.58835208e-03
1.064000,9.49336237e-02,8.74336237e-02,5.828908,-3.46887355e-02,2.59355372e-03
1.065000,9.48989298e-02,8.73989298e-02,5.826595,-3.46938803e-02,2.61500861e-03
1.066000,9.48642363e-02,8.73642363e-02,5.824282,-3.46935227e-02,2.59738879e-03
1.067000,9.48295471e-02,8.73295471e-02,5.821970,-3.46892348e-02,2.62361687e-03
1.068000,9.47948610e-02,8.72948610e-02,5.819657,-3.46860954e-02,2.61833208e-03
1.069000,9.47601857e-02,8.72601857e-02,5.817346,-3.46752769e-02,2.60865734e-03
1.070000,9.47255178e-02,8.72255178e-02,5.815035,-3.46679049e-02,2.59652571e-03
1.071000,9.46908520e-02,8.71908520e-02,5.812723,-3.46658555e-02,2.60282162e-03
1.072000,9.46561853e-02,8.71561853e-02,5.810412,-3.46666770e-02,2.60749955e-03
1.073000,9.46215207e-02,8.71215207e-02,5.808101,-3.46646035e-02,2.61184357e-03
1.074000,9.45868605e-02,8.70868605e-02,5.805791,-3.46602256e-02,2.55591575e-03
1.075000,9.45521961e-02,8.70521961e-02,5.803480,-3.46643112e-02,2.59098777e-03
1.076000,9.45175156e-02,8.70175156e-02,5.801168,-3.46805623e-02,2.59167862e-03
1.077000,9.44828304e-02,8.69828304e-02,5.798855,-3.46851731e-02,2.59810839e-03
1.078000,9.44481420e-02,8.69481420e-02,5.796543,-3.46884199e-02,2.59024806e-03
1.079000,9.44134510e-02,8.69134510e-02,5.794230,-3.46909451e-02,2.58290568e-03
1.080000,9.43787537e-02,8.68787537e-02,5.791917,-3.46973501e-02,2.59116235e-03
1.081000,9.43440490e-02,8.68440490e-02,5.789603,-3.47047064e-02,2.61072382e-03
1.082000,9.43093431e-02,8.68093431e-02,5.787290,-3.47058919e-02,2.59918092e-03
1.083000,9.42746404e-02,8.67746404e-02,5.784976,-3.47026943e-02,2.61405461e-03
1.084000,9.42399397e-02,8.67399397e-02,5.782663,-3.47006573e-02,2.62837550e-03
1.085000,9.42052485e-02,8.67052485e-02,5.780350,-3.46912032e-02,2.60774453e-03
1.086000,9.41705678e-02,8.66705678e-02,5.778038,-3.46806941e-02,2.59678694e-03
1.087000,9.41358889e-02,8.66358889e-02,5.775726,-3.46788983e-02,2.60225503e-03
1.088000,9.41012092e-02,8.66012092e-02,5.773414,-3.46797342e-02,2.61439463e-03
1.089000,9.40665326e-02,8.65665326e-02,5.771102,-3.46766275e-02,2.61018626e-03
1.090000,9.40318623e-02,8.65318623e-02,5.768791,-3.46702782e-02,2.55819182e-03
1.091000,9.39971878e-02,8.64971878e-02,5.766479,-3.46745057e-02,2.58870299e-03
1.092000,9.39624974e-02,8.64624974e-02,5.764166,-3.46904133e-02,2.59384239e-03
1.093000,9.39278020e-02,8.64278020e-02,5.761853,-3.46953917e-02,2.59906965e-03
1.094000,9.38931042e-02,8.63931042e-02,5.759540,-3.46977579e-02,2.58560407e-03
1.095000,9.38584034e-02,8.63584034e-02,5.757227,-3.47007887e-02,2.58832038e-03
1.096000,9.38236957e-02,8.63236957e-02,5.754913,-3.47077614e-02,2.59231950e-03
1.097000,9.37889826e-02,8.62889826e-02,5.752599,-3.47131348e-02,2.61534749e-03
1.098000,9.37542694e-02,8.62542694e-02,5.750285,-3.47131226e-02,2.59787469e-03
1.099000,9.37195608e-02,8.62195608e-02,5.747971,-3.47086375e-02,2.62244750e-03
1.100000,9.36848552e-02,8.61848552e-02,5.745657,-3.47055453e-02,2.61884349e-03
1.101000,9.36501602e-02,8.61501602e-02,5.743344,-3.46950204e-02,2.61117596e-03
1.102000,9.36154732e-02,8.61154732e-02,5.741032,-3.46870350e-02,2.59323792e-03
1.103000,9.35807885e-02,8.60807885e-02,5.738719,-3.46847399e-02,2.60510299e-03
1.104000,9.35461022e-02,8.60461022e-02,5.736407,-3.46862377e-02,2.60642130e-03
1.105000,9.35114186e-02,8.60114186e-02,5.734095,-3.46836057e-02,2.61400286e-03
1.106000,9.34767394e-02,8.59767394e-02,5.731783,-3.46792001e-02,2.55208897e-03
1.107000,9.34420562e-02,8.59420562e-02,5.729470,-3.46832533e-02,2.59216027e-03
1.108000,9.34073556e-02,8.59073556e-02,5.727157,-3.47005538e-02,2.59279749e-03
1.109000,9.33726510e-02,8.58726510e-02,5.724843,-3.47045816e-02,2.59879782e-03
1.110000,9.33379437e-02,8.58379437e-02,5.722530,-3.47073390e-02,2.58718035e-03
1.111000,9.33032335e-02,8.58032335e-02,5.720216,-3.47101803e-02,2.59002476e-03
1.112000,9.32685172e-02,8.57685172e-02,5.717901,-3.47163339e-02,2.58563499e-03
1.113000,9.32337948e-02,8.57337948e-02,5.715586,-3.47223297e-02,2.61204587e-03
1.114000,9.31990697e-02,8.56990697e-02,5.713271,-3.47250966e-02,2.59821921e-03
1.115000,9.31643481e-02,8.56643481e-02,5.710957,-3.47216349e-02,2.61533074e-03
1.116000,9.31296284e-02,8.56296284e-02,5.708642,-3.47196881e-02,2.62505753e-03
1.117000,9.30949180e-02,8.55949180e-02,5.706328,-3.47104016e-02,2.60943721e-03
1.118000,9.30602173e-02,8.55602173e-02,5.704014,-3.47006829e-02,2.59737502e-03
1.119000,9.30255191e-02,8.55255191e-02,5.701701,-3.46982272e-02,2.60432348e-03
1.120000,9.29908206e-02,8.54908206e-02,5.699388,-3.46985041e-02,2.61366848e-03
1.121000,9.29561258e-02,8.54561258e-02,5.697075,-3.46948466e-02,2.61110173e-03
1.122000,9.29214372e-02,8.54214372e-02,5.694762,-3.46885739e-02,2.55677773e-03
1.123000,9.28867444e-02,8.53867444e-02,5.692450,-3.46927507e-02,2.58901971e-03
1.124000,9.28520354e-02,8.53520354e-02,5.690136,-3.47090667e-02,2.59463941e-03
1.125000,9.28173216e-02,8.53173216e-02,5.687821,-3.47138002e-02,2.59949176e-03
1.126000,9.27826057e-02,8.52826057e-02,5.685507,-3.47158300e-02,2.58502974e-03
1.127000,9.27478869e-02,8.52478869e-02,5.683192,-3.47188237e-02,2.59010000e-03
1.128000,9.27131612e-02,8.52131612e-02,5.680877,-3.47256703e-02,2.59110066e-03
1.129000,9.26784306e-02,8.51784306e-02,5.678562,-3.47306748e-02,2.61580895e-03
1.130000,9.26436996e-02,8.51436996e-02,5.676247,-3.47309813e-02,2.59782162e-03
1.131000,9.26089732e-02,8.51089732e-02,5.673932,-3.47263540e-02,2.62115737e-03
1.132000,9.25742497e-02,8.50742497e-02,5.671617,-3.47235074e-02,2.62024213e-03
1.133000,9.25395366e-02,8.50395366e-02,5.669302,-3.47131589e-02,2.61157494e-03
1.134000,9.25048319e-02,8.50048319e-02,5.666989,-3.47046436e-02,2.59305282e-03
1.135000,9.24701297e-02,8.49701297e-02,5.664675,-3.47022502e-02,2.60675199e-03
1.136000,9.24354262e-02,8.49354262e-02,5.662362,-3.47035172e-02,2.60461858e-03
1.137000,9.24007255e-02,8.49007255e-02,5.660048,-3.47006624e-02,2.61598481e-03
1.138000,9.23660290e-02,8.48660290e-02,5.657735,-3.46964983e-02,2.55107689e-03
1.139000,9.23313289e-02,8.48313289e-02,5.655422,-3.47000796e-02,2.59241504e-03
1.140000,9.22966112e-02,8.47966112e-02,5.653107,-3.47176674e-02,2.59308542e-03
1.141000,9.22618897e-02,8.47618897e-02,5.650793,-3.47215606e-02,2.59931438e-03
1.142000,9.22271656e-02,8.47271656e-02,5.648478,-3.47241322e-02,2.58723568e-03
1.143000,9.21924388e-02,8.46924388e-02,5.646163,-3.47267940e-02,2.59022567e-03
1.144000,9.21577059e-02,8.46577059e-02,5.643847,-3.47328939e-02,2.58582091e-03
1.145000,9.21229671e-02,8.46229671e-02,5.641531,-3.47387908e-02,2.61226118e-03
1.146000,9.20882256e-02,8.45882256e-02,5.639215,-3.47414586e-02,2.59777338e-03
1.147000,9.20534876e-02,8.45534876e-02,5.636899,-3.47380051e-02,2.61471306e-03
1.148000,9.20187513e-02,8.45187513e-02,5.634583,-3.47363139e-02,2.62606566e-03
1.149000,9.19840242e-02,8.44840242e-02,5.632268,-3.47270519e-02,2.61023268e-03
1.150000,9.19493074e-02,8.44493074e-02,5.629954,-3.47168615e-02,2.59737523e-03
1.151000,9.19145932e-02,8.44145932e-02,5.627640,-3.47141445e-02,2.60424512e-03
1.152000,9.18798788e-02,8.43798788e-02,5.625325,-3.47144353e-02,2.61380759e-03
1.153000,9.18451680e-02,8.43451680e-02,5.623011,-3.47107788e-02,2.61138209e-03
1.154000,9.18104636e-02,8.43104636e-02,5.620698,-3.47044109e-02,2.55702939e-03
1.155000,9.17757552e-02,8.42757552e-02,5.618384,-3.47084511e-02,2.58906023e-03
1.156000,9.17410305e-02,8.42410305e-02,5.616069,-3.47246773e-02,2.59468515e-03
1.157000,9.17063011e-02,8.42063011e-02,5.613753,-3.47293894e-02,2.59966447e-03
1.158000,9.16715697e-02,8.41715697e-02,5.611438,-3.47313737e-02,2.58523860e-03
1.159000,9.16368354e-02,8.41368354e-02,5.609122,-3.47342737e-02,2.59039013e-03
1.160000,9.16020944e-02,8.41020944e-02,5.606806,-3.47410004e-02,2.59123148e-03
1.161000,9.15673486e-02,8.40673486e-02,5.604490,-3.47458865e-02,2.61585472e-03
1.162000,9.15326024e-02,8.40326024e-02,5.602173,-3.47461419e-02,2.59765835e-03
1.163000,9.14978609e-02,8.39978609e-02,5.599857,-3.47415285e-02,2.62162659e-03
1.164000,9.14631222e-02,8.39631222e-02,5.597541,-3.47386525e-02,2.62047246e-03
1.165000,9.14283941e-02,8.39283941e-02,5.595226,-3.47281092e-02,2.61177585e-03
1.166000,9.13936746e-02,8.38936746e-02,5.592912,-3.47194827e-02,2.59317296e-03
1.167000,9.13589576e-02,8.38589576e-02,5.590597,-3.47170021e-02,2.60689124e-03
1.168000,9.13242394e-02,8.38242394e-02,5.588283,-3.47182050e-02,2.60475633e-03
1.169000,9.12895242e-02,8.37895242e-02,5.585968,-3.47152801e-02,2.61621000e-03
1.170000,9.12548131e-02,8.37548131e-02,5.583654,-3.47110309e-02,2.55119269e-03
1.171000,9.12200986e-02,8.37200986e-02,5.581340,-3.47145178e-02,2.59249901e-03
1.172000,9.11853666e-02,8.36853666e-02,5.579024,-3.47320528e-02,2.59315360e-03
1.173000,9.11506307e-02,8.36506307e-02,5.576709,-3.47359063e-02,2.59940377e-03
1.174000,9.11158922e-02,8.36158922e-02,5.574393,-3.47384397e-02,2.58740476e-03
1.175000,9.10811512e-02,8.35811512e-02,5.572077,-3.47410422e-02,2.59034286e-03
1.176000,9.10464041e-02,8.35464041e-02,5.569760,-3.47470659e-02,2.58590987e-03
1.177000,9.10116512e-02,8.35116512e-02,5.567443,-3.47529086e-02,2.61239397e-03
1.178000,9.09768957e-02,8.34768957e-02,5.565126,-3.47555237e-02,2.59853553e-03
1.179000,9.09421438e-02,8.34421438e-02,5.562810,-3.47518917e-02,2.61562997e-03
1.180000,9.09073940e-02,8.34073940e-02,5.560493,-3.47497881e-02,2.62537985e-03
1.181000,9.08726536e-02,8.33726536e-02,5.558177,-3.47403463e-02,2.60976071e-03
1.182000,9.08379232e-02,8.33379232e-02,5.555862,-3.47304646e-02,2.59859160e-03
1.183000,9.08031955e-02,8.33031955e-02,5.553546,-3.47276875e-02,2.60412180e-03
1.184000,9.07684679e-02,8.32684679e-02,5.551231,-3.47276006e-02,2.61360871e-03
1.185000,9.07337439e-02,8.32337439e-02,5.548916,-3.47240198e-02,2.61135592e-03
1.186000,9.06990262e-02,8.31990262e-02,5.546602,-3.47177218e-02,2.55726678e-03
1.187000,9.06643044e-02,8.31643044e-02,5.544287,-3.47217286e-02,2.58932855e-03
1.188000,9.06295666e-02,8.31295666e-02,5.541971,-3.47378294e-02,2.59475093e-03
1.189000,9.05948242e-02,8.30948242e-02,5.539655,-3.47424418e-02,2.59971329e-03
1.190000,9.05600798e-02,8.30600798e-02,5.537339,-3.47443958e-02,2.58536371e-03
1.191000,9.05253325e-02,8.30253325e-02,5.535022,-3.47472577e-02,2.59048991e-03
1.192000,9.04905786e-02,8.29905786e-02,5.532705,-3.47539256e-02,2.59133489e-03
1.193000,9.04558198e-02,8.29558198e-02,5.530388,-3.47587606e-02,2.61600113e-03
1.194000,9.04210609e-02,8.29210609e-02,5.528071,-3.47589562e-02,2.59814906e-03
1.195000,9.03863066e-02,8.28863066e-02,5.525754,-3.47542080e-02,2.62331705e-03
1.196000,9.03515558e-02,8.28515558e-02,5.523437,-3.47508719e-02,2.61799572e-03
1.197000,9.03168156e-02,8.28168156e-02,5.521121,-3.47402113e-02,2.61222326e-03
1.198000,9.02820832e-02,8.27820832e-02,5.518806,-3.47323192e-02,2.59552415e-03
1.199000,9.02473540e-02,8.27473540e-02,5.516490,-3.47292758e-02,2.60481034e-03
1.200000,9.02126239e-02,8.27126239e-02,5.514175,-3.47300745e-02,2.60595706e-03
1.201000,9.01778963e-02,8.26778963e-02,5.511860,-3.47276207e-02,2.61456517e-03
1.202000,9.01431730e-02,8.26431730e-02,5.509545,-3.47232681e-02,2.55300254e-03
1.203000,9.01084460e-02,8.26084460e-02,5.507230,-3.47269751e-02,2.59280119e-03
1.204000,9.00737022e-02,8.25737022e-02,5.504913,-3.47438622e-02,2.59307943e-03
1.205000,9.00389545e-02,8.25389545e-02,5.502597,-3.47476297e-02,2.59907133e-03
1.206000,9.00042043e-02,8.25042043e-02,5.500280,-3.47502462e-02,2.58896559e-03
1.207000,8.99694516e-02,8.24694516e-02,5.497963,-3.47526819e-02,2.58684142e-03
1.208000,8.99346928e-02,8.24346928e-02,5.495646,-3.47588122e-02,2.58900558e-03
1.209000,8.98999275e-02,8.23999275e-02,5.493328,-3.47652573e-02,2.61197223e-03
1.210000,8.98651606e-02,8.23651606e-02,5.491011,-3.47669303e-02,2.59918842e-03
1.211000,8.98303973e-02,8.23303973e-02,5.488693,-3.47633214e-02,2.61552546e-03
1.212000,8.97956363e-02,8.22956363e-02,5.486376,-3.47610219e-02,2.62686810e-03
1.213000,8.97608849e-02,8.22608849e-02,5.484059,-3.47513512e-02,2.60913737e-03
1.214000,8.97261438e-02,8.22261438e-02,5.481743,-3.47410909e-02,2.59812276e-03
1.215000,8.96914052e-02,8.21914052e-02,5.479427,-3.47386015e-02,2.60304864e-03
1.216000,8.96566664e-02,8.21566664e-02,5.477111,-3.47388583e-02,2.61460118e-03
1.217000,8.96219309e-02,8.21219309e-02,5.474795,-3.47354545e-02,2.61068935e-03
1.218000,8.95872020e-02,8.20872020e-02,5.472480,-3.47289484e-02,2.56054109e-03
1.219000,8.95524694e-02,8.20524694e-02,5.470165,-3.47325952e-02,2.58852738e-03
1.220000,8.95177216e-02,8.20177216e-02,5.467848,-3.47477623e-02,2.59377765e-03
1.221000,8.94829688e-02,8.19829688e-02,5.465531,-3.47528099e-02,2.59948351e-03
1.222000,8.94482137e-02,8.19482137e-02,5.463214,-3.47551242e-02,2.58695927e-03
1.223000,8.94134559e-02,8.19134559e-02,5.460897,-3.47577793e-02,2.58742129e-03
1.224000,8.93786914e-02,8.18786914e-02,5.458579,-3.47644659e-02,2.59422643e-03
1.225000,8.93439216e-02,8.18439216e-02,5.456261,-3.47697974e-02,2.61659932e-03
1.226000,8.93091527e-02,8.18091527e-02,5.453944,-3.47689376e-02,2.59791125e-03
1.227000,8.92743887e-02,8.17743887e-02,5.451626,-3.47640349e-02,2.62378182e-03
1.228000,8.92396280e-02,8.17396280e-02,5.449309,-3.47606948e-02,2.61954811e-03
1.229000,8.92048784e-02,8.17048784e-02,5.446992,-3.47496070e-02,2.60996575e-03
1.230000,8.91701367e-02,8.16701367e-02,5.444676,-3.47416043e-02,2.59621418e-03
1.231000,8.91353976e-02,8.16353976e-02,5.442360,-3.47391803e-02,2.60344562e-03
1.232000,8.91006576e-02,8.16006576e-02,5.440044,-3.47399937e-02,2.60829272e-03
1.233000,8.90659200e-02,8.15659200e-02,5.437728,-3.47375751e-02,2.61269392e-03
1.234000,8.90311872e-02,8.15311872e-02,5.435412,-3.47327863e-02,2.55649054e-03
1.235000,8.89964507e-02,8.14964507e-02,5.433097,-3.47364910e-02,2.59136783e-03
1.236000,8.89616982e-02,8.14616982e-02,5.430780,-3.47524861e-02,2.59231340e-03
1.237000,8.89269414e-02,8.14269414e-02,5.428463,-3.47568598e-02,2.59930690e-03
1.238000,8.88921817e-02,8.13921817e-02,5.426145,-3.47596862e-02,2.58761122e-03
1.239000,8.88574194e-02,8.13574194e-02,5.423828,-3.47622841e-02,2.58649874e-03
1.240000,8.88226505e-02,8.13226505e-02,5.421510,-3.47689197e-02,2.59123636e-03
1.241000,8.87878754e-02,8.12878754e-02,5.419192,-3.47750829e-02,2.61337560e-03
1.242000,8.87530996e-02,8.12530996e-02,5.416873,-3.47757751e-02,2.60080697e-03
1.243000,8.87183282e-02,8.12183282e-02,5.414555,-3.47714191e-02,2.61279662e-03
1.244000,8.86835591e-02,8.11835591e-02,5.412237,-3.47690706e-02,2.62757039e-03
1.245000,8.86487990e-02,8.11487990e-02,5.409920,-3.47601719e-02,2.60500898e-03
1.246000,8.86140486e-02,8.11140486e-02,5.407603,-3.47504110e-02,2.60222466e-03
1.247000,8.85793000e-02,8.10793000e-02,5.405287,-3.47485520e-02,2.60241830e-03
1.248000,8.85445524e-02,8.10445524e-02,5.402970,-3.47475732e-02,2.61488627e-03
1.249000,8.85098081e-02,8.10098081e-02,5.400654,-3.47443260e-02,2.60953037e-03
1.250000,8.84750702e-02,8.09750702e-02,5.398338,-3.47379312e-02,2.56338042e-03
1.251000,8.84403287e-02,8.09403287e-02,5.396022,-3.47414565e-02,2.58766375e-03
1.252000,8.84055729e-02,8.09055729e-02,5.393705,-3.47558439e-02,2.59269594e-03
1.253000,8.83708115e-02,8.08708115e-02,5.391387,-3.47613664e-02,2.59810368e-03
1.254000,8.83360472e-02,8.08360472e-02,5.389070,-3.47642799e-02,2.58566811e-03
1.255000,8.83012796e-02,8.08012796e-02,5.386752,-3.47676166e-02,2.59078370e-03
1.256000,8.82665055e-02,8.07665055e-02,5.384434,-3.47741326e-02,2.59395939e-03
1.257000,8.82317271e-02,8.07317271e-02,5.382115,-3.47784070e-02,2.61776855e-03
1.258000,8.81969496e-02,8.06969496e-02,5.379797,-3.47774281e-02,2.60075207e-03
1.259000,8.81621780e-02,8.06621780e-02,5.377479,-3.47716391e-02,2.62129091e-03
1.260000,8.81274102e-02,8.06274102e-02,5.375161,-3.47678065e-02,2.61678737e-03
1.261000,8.80926522e-02,8.05926522e-02,5.372843,-3.47580250e-02,2.60998752e-03
1.262000,8.80579012e-02,8.05579012e-02,5.370527,-3.47509251e-02,2.59829349e-03
1.263000,8.80231531e-02,8.05231531e-02,5.368210,-3.47481262e-02,2.60380387e-03
1.264000,8.79884049e-02,8.04884049e-02,5.365894,-3.47481934e-02,2.60753447e-03
1.265000,8.79536591e-02,8.04536591e-02,5.363577,-3.47457912e-02,2.61240585e-03
1.266000,8.79189178e-02,8.04189178e-02,5.361261,-3.47413024e-02,2.55905728e-03
1.267000,8.78841732e-02,8.03841732e-02,5.358945,-3.47446478e-02,2.59102764e-03
1.268000,8.78494133e-02,8.03494133e-02,5.356628,-3.47598601e-02,2.59145140e-03
1.269000,8.78146488e-02,8.03146488e-02,5.354310,-3.47644979e-02,2.59862464e-03
1.270000,8.77798811e-02,8.02798811e-02,5.351992,-3.47677281e-02,2.58645937e-03
1.271000,8.77451103e-02,8.02451103e-02,5.349674,-3.47707537e-02,2.58871947e-03
1.272000,8.77103330e-02,8.02103330e-02,5.347356,-3.47773749e-02,2.58965909e-03
1.273000,8.76755499e-02,8.01755499e-02,5.345037,-3.47830878e-02,2.61582426e-03
1.274000,8.76407660e-02,8.01407660e-02,5.342718,-3.47838650e-02,2.60217592e-03
1.275000,8.76059876e-02,8.01059876e-02,5.340399,-3.47784627e-02,2.61038305e-03
1.276000,8.75712115e-02,8.00712115e-02,5.338081,-3.47760914e-02,2.62560382e-03
1.277000,8.75364431e-02,8.00364431e-02,5.335763,-3.47683331e-02,2.60558580e-03
1.278000,8.75016840e-02,8.00016840e-02,5.333446,-3.47591161e-02,2.60311290e-03
1.279000,8.74669271e-02,7.99669271e-02,5.331128,-3.47569106e-02,2.60339489e-03
1.280000,8.74321716e-02,7.99321716e-02,5.328811,-3.47554674e-02,2.61348243e-03
1.281000,8.73974195e-02,7.98974195e-02,5.326495,-3.47521477e-02,2.60390420e-03
1.282000,8.73626723e-02,7.98626723e-02,5.324178,-3.47472089e-02,2.57247143e-03
1.283000,8.73279213e-02,7.98279213e-02,5.321861,-3.47509742e-02,2.57991353e-03
1.284000,8.72931576e-02,7.97931576e-02,5.319544,-3.47637465e-02,2.59537016e-03
1.285000,8.72583862e-02,7.97583862e-02,5.317226,-3.47713414e-02,2.59991057e-03
1.286000,8.72236132e-02,7.97236132e-02,5.314908,-3.47730571e-02,2.58571410e-03
1.287000,8.71888374e-02,7.96888374e-02,5.312589,-3.47757923e-02,2.59061360e-03
1.288000,8.71540550e-02,7.96540550e-02,5.310270,-3.47823233e-02,2.59260325e-03
1.289000,8.71192682e-02,7.96192682e-02,5.307951,-3.47868934e-02,2.61851849e-03
1.290000,8.70844819e-02,7.95844819e-02,5.305632,-3.47862272e-02,2.60118043e-03
1.291000,8.70497018e-02,7.95497018e-02,5.303313,-3.47801162e-02,2.62139848e-03
1.292000,8.70149257e-02,7.95149257e-02,5.300995,-3.47761239e-02,2.61682346e-03
1.293000,8.69801594e-02,7.94801594e-02,5.298677,-3.47663007e-02,2.60898264e-03
1.294000,8.69454000e-02,7.94454000e-02,5.296360,-3.47593666e-02,2.59634120e-03
1.295000,8.69106428e-02,7.94106428e-02,5.294043,-3.47572430e-02,2.60718574e-03
1.296000,8.68758854e-02,7.93758854e-02,5.291726,-3.47573533e-02,2.60678335e-03
1.297000,8.68411314e-02,7.93411314e-02,5.289409,-3.47539733e-02,2.60808629e-03
1.298000,8.68063810e-02,7.93063810e-02,5.287092,-3.47504950e-02,2.56628972e-03
1.299000,8.67716270e-02,7.92716270e-02,5.284775,-3.47539801e-02,2.58464058e-03
1.300000,8.67368590e-02,7.92368590e-02,5.282457,-3.47679466e-02,2.59430840e-03
1.301000,8.67020849e-02,7.92020849e-02,5.280139,-3.47741768e-02,2.59759443e-03
1.302000,8.66673082e-02,7.91673082e-02,5.277821,-3.47766508e-02,2.58610862e-03
1.303000,8.66325281e-02,7.91325281e-02,5.275502,-3.47800768e-02,2.59183291e-03
1.304000,8.65977419e-02,7.90977419e-02,5.273183,-3.47862627e-02,2.59060004e-03
1.305000,8.65629511e-02,7.90629511e-02,5.270863,-3.47907866e-02,2.61349060e-03
1.306000,8.65281594e-02,7.90281594e-02,5.268544,-3.47916674e-02,2.60235892e-03
1.307000,8.64933724e-02,7.89933724e-02,5.266225,-3.47869992e-02,2.61175156e-03
1.308000,8.64585881e-02,7.89585881e-02,5.263906,-3.47843258e-02,2.62619794e-03
1.309000,8.64238121e-02,7.89238121e-02,5.261587,-3.47760131e-02,2.60629411e-03
1.310000,8.63890456e-02,7.88890456e-02,5.259270,-3.47664757e-02,2.59623837e-03
1.311000,8.63542803e-02,7.88542803e-02,5.256952,-3.47652532e-02,2.60985603e-03
1.312000,8.63195154e-02,7.88195154e-02,5.254634,-3.47649251e-02,2.61267445e-03
1.313000,8.62847558e-02,7.87847558e-02,5.252317,-3.47596263e-02,2.60336784e-03
1.314000,8.62500007e-02,7.87500007e-02,5.250000,-3.47550477e-02,2.57605318e-03
1.315000,8.62152424e-02,7.87152424e-02,5.247683,-3.47583559e-02,2.57823535e-03
1.316000,8.61804721e-02,7.86804721e-02,5.245365,-3.47702486e-02,2.59255384e-03
1.317000,8.61456932e-02,7.86456932e-02,5.243046,-3.47788927e-02,2.60070746e-03
1.318000,8.61109119e-02,7.86109119e-02,5.240727,-3.47813924e-02,2.58373495e-03
1.319000,8.60761276e-02,7.85761276e-02,5.238409,-3.47842158e-02,2.59011248e-03
1.320000,8.60413361e-02,7.85413361e-02,5.236089,-3.47914854e-02,2.59810490e-03
1.321000,8.60065409e-02,7.85065409e-02,5.233769,-3.47952472e-02,2.61788622e-03
1.322000,8.59717480e-02,7.84717480e-02,5.231450,-3.47928861e-02,2.59994272e-03
1.323000,8.59369608e-02,7.84369608e-02,5.229131,-3.47872015e-02,2.62011611e-03
1.324000,8.59021770e-02,7.84021770e-02,5.226812,-3.47838425e-02,2.61547976e-03
1.325000,8.58674023e-02,7.83674023e-02,5.224493,-3.47746780e-02,2.61284243e-03
1.326000,8.58326348e-02,7.83326348e-02,5.222176,-3.47675027e-02,2.59559635e-03
1.327000,8.57978705e-02,7.82978705e-02,5.219858,-3.47642432e-02,2.60780464e-03
1.328000,8.57631061e-02,7.82631061e-02,5.217540,-3.47644887e-02,2.60552142e-03
1.329000,8.57283449e-02,7.82283449e-02,5.215223,-3.47611286e-02,2.60781805e-03
1.330000,8.56935868e-02,7.81935868e-02,5.212906,-3.47581121e-02,2.56985198e-03
1.331000,8.56588258e-02,7.81588258e-02,5.210588,-3.47610554e-02,2.58354806e-03
1.332000,8.56240517e-02,7.81240517e-02,5.208270,-3.47740452e-02,2.59158763e-03
1.333000,8.55892706e-02,7.80892706e-02,5.205951,-3.47811153e-02,2.59577385e-03
1.334000,8.55544858e-02,7.80544858e-02,5.203632,-3.47848049e-02,2.59418385e-03
1.335000,8.55196984e-02,7.80196984e-02,5.201313,-3.47874008e-02,2.58986733e-03
1.336000,8.54849071e-02,7.79849071e-02,5.198994,-3.47912822e-02,2.59034931e-03
1.337000,8.54501106e-02,7.79501106e-02,5.196674,-3.47964959e-02,2.61356267e-03
1.338000,8.54153132e-02,7.79153132e-02,5.194354,-3.47974464e-02,2.60225782e-03
1.339000,8.53805204e-02,7.78805204e-02,5.192035,-3.47927724e-02,2.60999200e-03
1.340000,8.53457300e-02,7.78457300e-02,5.189715,-3.47904433e-02,2.62510748e-03
1.341000,8.53109471e-02,7.78109471e-02,5.187396,-3.47829013e-02,2.61075098e-03
1.342000,8.52761741e-02,7.77761741e-02,5.185078,-3.47729339e-02,2.59279157e-03
1.343000,8.52414033e-02,7.77414033e-02,5.182760,-3.47708572e-02,2.61376216e-03
1.344000,8.52066323e-02,7.77066323e-02,5.180442,-3.47709703e-02,2.61158020e-03
1.345000,8.51718677e-02,7.76718677e-02,5.178125,-3.47645823e-02,2.60046227e-03
1.346000,8.51371068e-02,7.76371068e-02,5.175807,-3.47608768e-02,2.57545758e-03
1.347000,8.51023416e-02,7.76023416e-02,5.173489,-3.47652445e-02,2.57977183e-03
1.348000,8.50675645e-02,7.75675645e-02,5.171171,-3.47770612e-02,2.59321167e-03
1.349000,8.50327794e-02,7.75327794e-02,5.168852,-3.47850843e-02,2.59936908e-03
1.350000,8.49979918e-02,7.74979918e-02,5.166533,-3.47876047e-02,2.58733028e-03
1.351000,8.49632016e-02,7.74632016e-02,5.164213,-3.47902318e-02,2.59076685e-03
1.352000,8.49284054e-02,7.74284054e-02,5.161894,-3.47962050e-02,2.59799428e-03
1.353000,8.48936056e-02,7.73936056e-02,5.159574,-3.47997714e-02,2.61846927e-03
1.354000,8.48588083e-02,7.73588083e-02,5.157254,-3.47973435e-02,2.60401103e-03
1.355000,8.48240175e-02,7.73240175e-02,5.154935,-3.47907480e-02,2.61053660e-03
1.356000,8.47892298e-02,7.72892298e-02,5.152615,-3.47877469e-02,2.62441919e-03
1.357000,8.47544496e-02,7.72544496e-02,5.150297,-3.47801477e-02,2.60956913e-03
1.358000,8.47196790e-02,7.72196790e-02,5.147979,-3.47706153e-02,2.59249929e-03
1.359000,8.46849101e-02,7.71849101e-02,5.145661,-3.47689785e-02,2.61181002e-03
1.360000,8.46501405e-02,7.71501405e-02,5.143343,-3.47695328e-02,2.60582224e-03
1.361000,8.46153757e-02,7.71153757e-02,5.141025,-3.47648041e-02,2.60347375e-03
1.362000,8.45806133e-02,7.70806133e-02,5.138708,-3.47624571e-02,2.57194823e-03
1.363000,8.45458468e-02,7.70458468e-02,5.136390,-3.47664564e-02,2.58177009e-03
1.364000,8.45110677e-02,7.70110677e-02,5.134071,-3.47790722e-02,2.59377041e-03
1.365000,8.44762814e-02,7.69762814e-02,5.131752,-3.47863402e-02,2.59709074e-03
1.366000,8.44414923e-02,7.69414923e-02,5.129433,-3.47890800e-02,2.58847642e-03
1.367000,8.44067001e-02,7.69067001e-02,5.127113,-3.47922527e-02,2.59287153e-03
1.368000,8.43719026e-02,7.68719026e-02,5.124794,-3.47974773e-02,2.59396241e-03
1.369000,8.43371015e-02,7.68371015e-02,5.122473,-3.48010655e-02,2.61338143e-03
1.370000,8.43023007e-02,7.68023007e-02,5.120153,-3.48008614e-02,2.60376386e-03
1.371000,8.42675047e-02,7.67675047e-02,5.117834,-3.47959806e-02,2.60083638e-03
1.372000,8.42327099e-02,7.67327099e-02,5.115514,-3.47947760e-02,2.63253771e-03
1.373000,8.41979210e-02,7.66979210e-02,5.113195,-3.47889268e-02,2.60895300e-03
1.374000,8.41631441e-02,7.66631441e-02,5.110876,-3.47768372e-02,2.59177587e-03
1.375000,8.41283686e-02,7.66283686e-02,5.108558,-3.47755306e-02,2.61264010e-03
1.376000,8.40935924e-02,7.65935924e-02,5.106239,-3.47761757e-02,2.61577320e-03
1.377000,8.40588230e-02,7.65588230e-02,5.103922,-3.47694147e-02,2.59737562e-03
1.378000,8.40240581e-02,7.65240581e-02,5.101604,-3.47648781e-02,2.57484685e-03
1.379000,8.39892878e-02,7.64892878e-02,5.099286,-3.47703674e-02,2.57789463e-03
1.380000,8.39545050e-02,7.64545050e-02,5.096967,-3.47827166e-02,2.59431338e-03
1.381000,8.39197139e-02,7.64197139e-02,5.094648,-3.47911614e-02,2.60276405e-03
1.382000,8.38849212e-02,7.63849212e-02,5.092328,-3.47927196e-02,2.58678406e-03
1.383000,8.38501268e-02,7.63501268e-02,5.090008,-3.47943284e-02,2.59034946e-03
1.384000,8.38153263e-02,7.63153263e-02,5.087688,-3.48005547e-02,2.59842145e-03
1.385000,8.37805221e-02,7.62805221e-02,5.085368,-3.48041827e-02,2.61648294e-03
1.386000,8.37457201e-02,7.62457201e-02,5.083048,-3.48019657e-02,2.60485678e-03
1.387000,8.37109243e-02,7.62109243e-02,5.080728,-3.47958731e-02,2.60529801e-03
1.388000,8.36761307e-02,7.61761307e-02,5.078409,-3.47935206e-02,2.63479060e-03
1.389000,8.36413449e-02,7.61413449e-02,5.076090,-3.47858077e-02,2.60566584e-03
1.390000,8.36065714e-02,7.61065714e-02,5.073771,-3.47735595e-02,2.59133507e-03
1.391000,8.35717980e-02,7.60717980e-02,5.071453,-3.47734105e-02,2.61035878e-03
1.392000,8.35370234e-02,7.60370234e-02,5.069135,-3.47746038e-02,2.60859833e-03
1.393000,8.35022535e-02,7.60022535e-02,5.066817,-3.47698607e-02,2.60117181e-03
1.394000,8.34674865e-02,7.59674865e-02,5.064499,-3.47670091e-02,2.57340308e-03
1.395000,8.34327150e-02,7.59327150e-02,5.062181,-3.47715071e-02,2.57941423e-03
1.396000,8.33979309e-02,7.58979309e-02,5.059862,-3.47840617e-02,2.59374441e-03
1.397000,8.33631388e-02,7.58631388e-02,5.057543,-3.47921080e-02,2.60007134e-03
1.398000,8.33283445e-02,7.58283445e-02,5.055223,-3.47943293e-02,2.59060684e-03
1.399000,8.32935483e-02,7.57935483e-02,5.052903,-3.47961464e-02,2.59240939e-03
1.400000,8.32587476e-02,7.57587476e-02,5.050583,-3.48007530e-02,2.59147679e-03
1.401000,8.32239427e-02,7.57239427e-02,5.048263,-3.48049325e-02,2.61101860e-03
1.402000,8.31891367e-02,7.56891367e-02,5.045942,-3.48059626e-02,2.60462019e-03
1.403000,8.31543350e-02,7.56543350e-02,5.043622,-3.48017063e-02,2.60198045e-03
1.404000,8.31195350e-02,7.56195350e-02,5.041302,-3.48000182e-02,2.63602034e-03
1.405000,8.30847418e-02,7.55847418e-02,5.038983,-3.47931774e-02,2.60759892e-03
1.406000,8.30499616e-02,7.55499616e-02,5.036664,-3.47801835e-02,2.58809067e-03
1.407000,8.30151816e-02,7.55151816e-02,5.034345,-3.47799733e-02,2.61010839e-03
1.408000,8.29803994e-02,7.54803994e-02,5.032027,-3.47822764e-02,2.61796004e-03
1.409000,8.29456234e-02,7.54456234e-02,5.029708,-3.47759601e-02,2.59893061e-03
1.410000,8.29108530e-02,7.54108530e-02,5.027390,-3.47704303e-02,2.57196009e-03
1.411000,8.28760770e-02,7.53760770e-02,5.025072,-3.47759195e-02,2.57716104e-03
1.412000,8.28412877e-02,7.53412877e-02,5.022753,-3.47893465e-02,2.59604802e-03
1.413000,8.28064900e-02,7.53064900e-02,5.020433,-3.47977254e-02,2.60315010e-03
1.414000,8.27716913e-02,7.52716913e-02,5.018113,-3.47986457e-02,2.58832595e-03
1.415000,8.27368915e-02,7.52368915e-02,5.015793,-3.47998550e-02,2.58823519e-03
1.416000,8.27020855e-02,7.52020855e-02,5.013472,-3.48059489e-02,2.59682097e-03
1.417000,8.26672750e-02,7.51672750e-02,5.011152,-3.48105542e-02,2.62081117e-03
1.418000,8.26324669e-02,7.51324669e-02,5.008831,-3.48080975e-02,2.60766884e-03
1.419000,8.25976668e-02,7.50976668e-02,5.006511,-3.48000861e-02,2.60495579e-03
1.420000,8.25628699e-02,7.50628699e-02,5.004191,-3.47968706e-02,2.62903548e-03
1.421000,8.25280796e-02,7.50280796e-02,5.001872,-3.47902878e-02,2.60830948e-03
1.422000,8.24933002e-02,7.49933002e-02,4.999553,-3.47794622e-02,2.58842154e-03
1.423000,8.24585212e-02,7.49585212e-02,4.997235,-3.47789602e-02,2.61258431e-03
1.424000,8.24237405e-02,7.49237405e-02,4.994916,-3.47807167e-02,2.60812542e-03
1.425000,8.23889652e-02,7.48889652e-02,4.992598,-3.47753264e-02,2.60160226e-03
1.426000,8.23541926e-02,7.48541926e-02,4.990280,-3.47725540e-02,2.57335891e-03
1.427000,8.23194157e-02,7.48194157e-02,4.987961,-3.47769184e-02,2.57461239e-03
1.428000,8.22846254e-02,7.47846254e-02,4.985642,-3.47903367e-02,2.59702430e-03
1.429000,8.22498260e-02,7.47498260e-02,4.983322,-3.47993800e-02,2.60177353e-03
1.430000,8.22150258e-02,7.47150258e-02,4.981002,-3.48002231e-02,2.59115267e-03
1.431000,8.21802244e-02,7.46802244e-02,4.978682,-3.48013846e-02,2.59153085e-03
1.432000,8.21454184e-02,7.46454184e-02,4.976361,-3.48059673e-02,2.59303752e-03
1.433000,8.21106082e-02,7.46106082e-02,4.974041,-3.48101594e-02,2.61719995e-03
1.434000,8.20757987e-02,7.45757987e-02,4.971720,-3.48095838e-02,2.59899216e-03
1.435000,8.20409944e-02,7.45409944e-02,4.969400,-3.48042928e-02,2.60647645e-03
1.436000,8.20061907e-02,7.45061907e-02,4.967079,-3.48036579e-02,2.63201517e-03
1.437000,8.19713947e-02,7.44713947e-02,4.964760,-3.47960488e-02,2.61024471e-03
1.438000,8.19366108e-02,7.44366108e-02,4.962441,-3.47839024e-02,2.58550631e-03
1.439000,8.19018275e-02,7.44018275e-02,4.960122,-3.47832803e-02,2.61669868e-03
1.440000,8.18670422e-02,7.43670422e-02,4.957803,-3.47852667e-02,2.61348944e-03
1.441000,8.18322646e-02,7.43322646e-02,4.955484,-3.47775766e-02,2.59797433e-03
1.442000,8.17974909e-02,7.42974909e-02,4.953166,-3.47736841e-02,2.57310212e-03
1.443000,8.17627117e-02,7.42627117e-02,4.950847,-3.47792854e-02,2.57286987e-03
1.444000,8.17279186e-02,7.42279186e-02,4.948528,-3.47930962e-02,2.59505161e-03
1.445000,8.16931155e-02,7.41931155e-02,4.946208,-3.48030606e-02,2.60697892e-03
1.446000,8.16583119e-02,7.41583119e-02,4.943887,-3.48036311e-02,2.59185451e-03
1.447000,8.16235089e-02,7.41235089e-02,4.941567,-3.48029590e-02,2.58323288e-03
1.448000,8.15887001e-02,7.40887001e-02,4.939247,-3.48087786e-02,2.59923491e-03
1.449000,8.15538855e-02,7.40538855e-02,4.936926,-3.48145999e-02,2.61976576e-03
1.450000,8.15190740e-02,7.40190740e-02,4.934605,-3.48115352e-02,2.60616976e-03
1.451000,8.14842699e-02,7.39842699e-02,4.932285,-3.48041323e-02,2.60801640e-03
1.452000,8.14494690e-02,7.39494690e-02,4.929965,-3.48008678e-02,2.62341653e-03
1.453000,8.14146747e-02,7.39146747e-02,4.927645,-3.47942736e-02,2.61215042e-03
1.454000,8.13798901e-02,7.38798901e-02,4.925326,-3.47846140e-02,2.59017571e-03
1.455000,8.13451076e-02,7.38451076e-02,4.923007,-3.47825404e-02,2.61484618e-03
1.456000,8.13103243e-02,7.38103243e-02,4.920688,-3.47833209e-02,2.60432191e-03
1.457000,8.12755464e-02,7.37755464e-02,4.918370,-3.47778604e-02,2.59830576e-03
1.458000,8.12407695e-02,7.37407695e-02,4.916051,-3.47769200e-02,2.58028508e-03
1.459000,8.12059883e-02,7.37059883e-02,4.913733,-3.47811422e-02,2.57310237e-03
1.460000,8.11711958e-02,7.36711958e-02,4.911413,-3.47925529e-02,2.59339821e-03
1.461000,8.11363930e-02,7.36363930e-02,4.909093,-3.48027334e-02,2.60028190e-03
1.462000,8.11015880e-02,7.36015880e-02,4.906773,-3.48050311e-02,2.58900583e-03
1.463000,8.10667809e-02,7.35667809e-02,4.904452,-3.48070621e-02,2.59346996e-03
1.464000,8.10319689e-02,7.35319689e-02,4.902131,-3.48120070e-02,2.59782390e-03
1.465000,8.09971542e-02,7.34971542e-02,4.899810,-3.48147158e-02,2.61435091e-03
1.466000,8.09623412e-02,7.34623412e-02,4.897489,-3.48130721e-02,2.59654472e-03
1.467000,8.09275320e-02,7.34275320e-02,4.895169,-3.48091495e-02,2.60594451e-03
1.468000,8.08927226e-02,7.33927226e-02,4.892848,-3.48094125e-02,2.63427483e-03
1.469000,8.08579210e-02,7.33579210e-02,4.890528,-3.48015786e-02,2.60754389e-03
1.470000,8.08231318e-02,7.33231318e-02,4.888209,-3.47891676e-02,2.59307918e-03
1.471000,8.07883438e-02,7.32883438e-02,4.885890,-3.47880934e-02,2.61239986e-03
1.472000,8.07535554e-02,7.32535554e-02,4.883570,-3.47883529e-02,2.61328859e-03
1.473000,8.07187733e-02,7.32187733e-02,4.881252,-3.47821101e-02,2.58746157e-03
1.474000,8.06839931e-02,7.31839931e-02,4.878933,-3.47801427e-02,2.58604836e-03
1.475000,8.06492062e-02,7.31492062e-02,4.876614,-3.47869071e-02,2.57516713e-03
1.476000,8.06144102e-02,7.31144102e-02,4.874294,-3.47960599e-02,2.58410339e-03
1.477000,8.05796030e-02,7.30796030e-02,4.871974,-3.48072060e-02,2.61287444e-03
1.478000,8.05447926e-02,7.30447926e-02,4.869653,-3.48103294e-02,2.58583762e-03
1.479000,8.05099839e-02,7.30099839e-02,4.867332,-3.48087851e-02,2.58513286e-03
1.480000,8.04751676e-02,7.29751676e-02,4.865011,-3.48162448e-02,2.60330823e-03
1.481000,8.04403469e-02,7.29403469e-02,4.862690,-3.48207218e-02,2.61434425e-03
1.482000,8.04055296e-02,7.29055296e-02,4.860369,-3.48172781e-02,2.60792992e-03
1.483000,8.03707183e-02,7.28707183e-02,4.858048,-3.48113444e-02,2.61703210e-03
1.484000,8.03359124e-02,7.28359124e-02,4.855727,-3.48059076e-02,2.62153933e-03
1.485000,8.03011157e-02,7.28011157e-02,4.853408,-3.47966844e-02,2.60559786e-03
1.486000,8.02663269e-02,7.27663269e-02,4.851088,-3.47888001e-02,2.59425920e-03
1.487000,8.02315387e-02,7.27315387e-02,4.848769,-3.47881563e-02,2.61481169e-03
1.488000,8.01967511e-02,7.26967511e-02,4.846450,-3.47876018e-02,2.61003727e-03
1.489000,8.01619700e-02,7.26619700e-02,4.844131,-3.47811419e-02,2.58963311e-03
1.490000,8.01271901e-02,7.26271901e-02,4.841813,-3.47798582e-02,2.57979485e-03
1.491000,8.00924031e-02,7.25924031e-02,4.839494,-3.47870154e-02,2.57548722e-03
1.492000,8.00576049e-02,7.25576049e-02,4.837174,-3.47981653e-02,2.59430300e-03
1.493000,8.00227975e-02,7.25227975e-02,4.834853,-3.48074026e-02,2.60459127e-03
1.494000,7.99879889e-02,7.24879889e-02,4.832533,-3.48086411e-02,2.58976004e-03
1.495000,7.99531798e-02,7.24531798e-02,4.830212,-3.48091235e-02,2.58428755e-03
1.496000,7.99183643e-02,7.24183643e-02,4.827891,-3.48154444e-02,2.60191982e-03
1.497000,7.98835439e-02,7.23835439e-02,4.825570,-3.48204446e-02,2.61379544e-03
1.498000,7.98487263e-02,7.23487263e-02,4.823248,-3.48175540e-02,2.59731996e-03
1.499000,7.98139127e-02,7.23139127e-02,4.820928,-3.48136767e-02,2.61123222e-03
1.500000,7.97790999e-02,7.22790999e-02,4.818607,-3.48127500e-02,2.63393867e-03
1.501000,7.97442967e-02,7.22442967e-02,4.816286,-3.48032389e-02,2.61097034e-03
1.502000,7.97095063e-02,7.22095063e-02,4.813967,-3.47903324e-02,2.59169286e-03
1.503000,7.96747180e-02,7.21747180e-02,4.811648,-3.47883781e-02,2.61404328e-03
1.504000,7.96399291e-02,7.21399291e-02,4.809329,-3.47888023e-02,2.61489369e-03
1.505000,7.96051474e-02,7.21051474e-02,4.807010,-3.47817359e-02,2.57920344e-03
1.506000,7.95703667e-02,7.20703667e-02,4.804691,-3.47807017e-02,2.58604635e-03
1.507000,7.95355765e-02,7.20355765e-02,4.802372,-3.47901786e-02,2.57357782e-03
1.508000,7.95007769e-02,7.20007769e-02,4.800052,-3.47996131e-02,2.59645715e-03
1.509000,7.94659678e-02,7.19659678e-02,4.797731,-3.48090965e-02,2.60215248e-03
1.510000,7.94311578e-02,7.19311578e-02,4.795411,-3.48100588e-02,2.59015276e-03
1.511000,7.93963465e-02,7.18963465e-02,4.793090,-3.48112727e-02,2.57916068e-03
1.512000,7.93615281e-02,7.18615281e-02,4.790769,-3.48183713e-02,2.60893421e-03
1.513000,7.93267043e-02,7.18267043e-02,4.788447,-3.48238148e-02,2.60783939e-03
1.514000,7.92918846e-02,7.17918846e-02,4.786126,-3.48196738e-02,2.61426742e-03
1.515000,7.92570699e-02,7.17570699e-02,4.783805,-3.48147556e-02,2.61291078e-03
1.516000,7.92222619e-02,7.17222619e-02,4.781484,-3.48079663e-02,2.62189804e-03
1.517000,7.91874619e-02,7.16874619e-02,4.779164,-3.48000332e-02,2.61418958e-03
1.518000,7.91526714e-02,7.16526714e-02,4.776845,-3.47905117e-02,2.59132744e-03
1.519000,7.91178838e-02,7.16178838e-02,4.774526,-3.47875648e-02,2.61822059e-03
1.520000,7.90830964e-02,7.15830964e-02,4.772206,-3.47873703e-02,2.59796794e-03
1.521000,7.90483145e-02,7.15483145e-02,4.769888,-3.47819251e-02,2.58607221e-03
1.522000,7.90135293e-02,7.15135293e-02,4.767569,-3.47852349e-02,2.58583909e-03
1.523000,7.89787368e-02,7.14787368e-02,4.765249,-3.47924927e-02,2.57473462e-03
1.524000,7.89439350e-02,7.14439350e-02,4.762929,-3.48017906e-02,2.59443624e-03
1.525000,7.89091237e-02,7.14091237e-02,4.760608,-3.48112515e-02,2.60742559e-03
1.526000,7.88743118e-02,7.13743118e-02,4.758287,-3.48119450e-02,2.59310611e-03
1.527000,7.88395009e-02,7.13395009e-02,4.755967,-3.48109049e-02,2.57954137e-03
1.528000,7.88046839e-02,7.13046839e-02,4.753646,-3.48169663e-02,2.59776024e-03
1.529000,7.87698597e-02,7.12698597e-02,4.751324,-3.48242607e-02,2.60736945e-03
1.530000,7.87350358e-02,7.12350358e-02,4.749002,-3.48238725e-02,2.61047583e-03
1.531000,7.87002160e-02,7.12002160e-02,4.746681,-3.48197792e-02,2.61317237e-03
1.532000,7.86654018e-02,7.11654018e-02,4.744360,-3.48141888e-02,2.63017042e-03
1.533000,7.86305971e-02,7.11305971e-02,4.742040,-3.48047070e-02,2.60733303e-03
1.534000,7.85958034e-02,7.10958034e-02,4.739720,-3.47936812e-02,2.59170069e-03
1.535000,7.85610105e-02,7.10610105e-02,4.737401,-3.47929200e-02,2.61737331e-03
1.536000,7.85262178e-02,7.10262178e-02,4.735081,-3.47927528e-02,2.60854010e-03
1.537000,7.84914320e-02,7.09914320e-02,4.732762,-3.47857164e-02,2.58322660e-03
1.538000,7.84566460e-02,7.09566460e-02,4.730443,-3.47860573e-02,2.58638180e-03
1.539000,7.84218518e-02,7.09218518e-02,4.728123,-3.47941536e-02,2.57178194e-03
1.540000,7.83870480e-02,7.08870480e-02,4.725803,-3.48037955e-02,2.59461195e-03
1.541000,7.83522338e-02,7.08522338e-02,4.723482,-3.48141950e-02,2.60462897e-03
1.542000,7.83174185e-02,7.08174185e-02,4.721161,-3.48153254e-02,2.59606918e-03
1.543000,7.82826038e-02,7.07826038e-02,4.718840,-3.48146797e-02,2.57682486e-03
1.544000,7.82477836e-02,7.07477836e-02,4.716519,-3.48202483e-02,2.60443242e-03
1.545000,7.82129563e-02,7.07129563e-02,4.714197,-3.48272550e-02,2.60230491e-03
1.546000,7.81781308e-02,7.06781308e-02,4.711875,-3.48255712e-02,2.63244790e-03
1.547000,7.81433115e-02,7.06433115e-02,4.709554,-3.48192556e-02,2.61592996e-03
1.548000,7.81085055e-02,7.06085055e-02,4.707234,-3.48059616e-02,2.61462172e-03
1.549000,7.80737072e-02,7.05737072e-02,4.704914,-3.47983237e-02,2.60694515e-03
1.550000,7.80389147e-02,7.05389147e-02,4.702594,-3.47924730e-02,2.59102708e-03
1.551000,7.80041228e-02,7.05041228e-02,4.700275,-3.47919583e-02,2.61981850e-03
1.552000,7.79693312e-02,7.04693312e-02,4.697955,-3.47915799e-02,2.60836223e-03
1.553000,7.79345474e-02,7.04345474e-02,4.695636,-3.47837719e-02,2.57853098e-03
1.554000,7.78997624e-02,7.03997624e-02,4.693317,-3.47850016e-02,2.57491572e-03
1.555000,7.78649658e-02,7.03649658e-02,4.690998,-3.47966677e-02,2.58695613e-03
1.556000,7.78301584e-02,7.03301584e-02,4.688677,-3.48073918e-02,2.59491582e-03
1.557000,7.77953456e-02,7.02953456e-02,4.686356,-3.48127541e-02,2.60125215e-03
1.558000,7.77605312e-02,7.02605312e-02,4.684035,-3.48143819e-02,2.59417037e-03
1.559000,7.77257161e-02,7.02257161e-02,4.681714,-3.48151810e-02,2.58348119e-03
1.560000,7.76908959e-02,7.01908959e-02,4.679393,-3.48201961e-02,2.59797108e-03
1.561000,7.76560697e-02,7.01560697e-02,4.677071,-3.48261594e-02,2.60340992e-03
1.562000,7.76212433e-02,7.01212433e-02,4.674750,-3.48264021e-02,2.61739974e-03
1.563000,7.75864209e-02,7.00864209e-02,4.672428,-3.48223848e-02,2.61585492e-03
1.564000,7.75516069e-02,7.00516069e-02,4.670107,-3.48140461e-02,2.62381112e-03
1.565000,7.75168021e-02,7.00168021e-02,4.667787,-3.48048078e-02,2.60689831e-03
1.566000,7.74820061e-02,6.99820061e-02,4.665467,-3.47959474e-02,2.58979479e-03
1.567000,7.74472104e-02,6.99472104e-02,4.663147,-3.47956660e-02,2.61972230e-03
1.568000,7.74124147e-02,6.99124147e-02,4.660828,-3.47957094e-02,2.61300464e-03
1.569000,7.73776276e-02,6.98776276e-02,4.658509,-3.47871120e-02,2.57449414e-03
1.570000,7.73428401e-02,6.98428401e-02,4.656189,-3.47875309e-02,2.58200333e-03
1.571000,7.73080408e-02,6.98080408e-02,4.653869,-3.47992694e-02,2.58167087e-03
1.572000,7.72732322e-02,6.97732322e-02,4.651549,-3.48086005e-02,2.59811024e-03
1.573000,7.72384171e-02,6.97384171e-02,4.649228,-3.48151337e-02,2.59467748e-03
1.574000,7.72036002e-02,6.97036002e-02,4.646907,-3.48168750e-02,2.59926076e-03
1.575000,7.71687813e-02,6.96687813e-02,4.644585,-3.48189331e-02,2.58343380e-03
1.576000,7.71339590e-02,6.96339590e-02,4.642264,-3.48222849e-02,2.60377357e-03
1.577000,7.70991318e-02,6.95991318e-02,4.639942,-3.48272376e-02,2.59719640e-03
1.578000,7.70643051e-02,6.95643051e-02,4.637620,-3.48266735e-02,2.63346667e-03
1.579000,7.70294832e-02,6.95294832e-02,4.635299,-3.48218555e-02,2.61586169e-03
1.580000,7.69946750e-02,6.94946750e-02,4.632978,-3.48082390e-02,2.61048937e-03
1.581000,7.69598736e-02,6.94598736e-02,4.630658,-3.48013543e-02,2.61254500e-03
1.582000,7.69250778e-02,6.94250778e-02,4.628339,-3.47958704e-02,2.59346703e-03
1.583000,7.68902847e-02,6.93902847e-02,4.626019,-3.47930852e-02,2.61362735e-03
1.584000,7.68554917e-02,6.93554917e-02,4.623699,-3.47930003e-02,2.60823914e-03
1.585000,7.68207044e-02,6.93207044e-02,4.621380,-3.47872473e-02,2.57548341e-03
1.586000,7.67859154e-02,6.92859154e-02,4.619061,-3.47890564e-02,2.57605033e-03
1.587000,7.67511139e-02,6.92511139e-02,4.616741,-3.48015227e-02,2.58823592e-03
1.588000,7.67163022e-02,6.92163022e-02,4.614420,-3.48116479e-02,2.59785903e-03
1.589000,7.66814861e-02,6.91814861e-02,4.612099,-3.48160694e-02,2.59806119e-03
1.590000,7.66466688e-02,6.91466688e-02,4.609778,-3.48172949e-02,2.59199906e-03
1.591000,7.66118493e-02,6.91118493e-02,4.607457,-3.48195259e-02,2.58813584e-03
1.592000,7.65770249e-02,6.90770249e-02,4.605135,-3.48244310e-02,2.60162779e-03
1.593000,7.65421967e-02,6.90421967e-02,4.602813,-3.48282190e-02,2.59613081e-03
1.594000,7.65073681e-02,6.90073681e-02,4.600491,-3.48285480e-02,2.62665320e-03
1.595000,7.64725428e-02,6.89725428e-02,4.598170,-3.48252849e-02,2.60776564e-03
1.596000,7.64377275e-02,6.89377275e-02,4.595848,-3.48153377e-02,2.62501782e-03
1.597000,7.64029190e-02,6.89029190e-02,4.593528,-3.48085427e-02,2.60944380e-03
1.598000,7.63681201e-02,6.88681201e-02,4.591208,-3.47988359e-02,2.59734583e-03
1.599000,7.63333237e-02,6.88333237e-02,4.588888,-3.47963832e-02,2.61235407e-03
1.600000,7.62985285e-02,6.87985285e-02,4.586569,-3.47952496e-02,2.60788650e-03
1.601000,7.62637385e-02,6.87637385e-02,4.584249,-3.47899771e-02,2.57008487e-03
1.602000,7.62289457e-02,6.87289457e-02,4.581930,-3.47928567e-02,2.58986388e-03
1.603000,7.61941410e-02,6.86941410e-02,4.579609,-3.48046532e-02,2.58099813e-03
1.604000,7.61593295e-02,6.86593295e-02,4.577289,-3.48115217e-02,2.59734223e-03
1.605000,7.61245111e-02,6.86245111e-02,4.574967,-3.48184117e-02,2.59249120e-03
1.606000,7.60896903e-02,6.85896903e-02,4.572646,-3.48207918e-02,2.59436583e-03
1.607000,7.60548658e-02,6.85548658e-02,4.570324,-3.48244336e-02,2.58852658e-03
1.608000,7.60200373e-02,6.85200373e-02,4.568002,-3.48284923e-02,2.61141249e-03
1.609000,7.59852069e-02,6.84852069e-02,4.565680,-3.48304216e-02,2.59715603e-03
1.610000,7.59503796e-02,6.84503796e-02,4.563359,-3.48273559e-02,2.62695488e-03
1.611000,7.59155559e-02,6.84155559e-02,4.561037,-3.48237027e-02,2.61967763e-03
1.612000,7.58807443e-02,6.83807443e-02,4.558716,-3.48115500e-02,2.61754621e-03
1.613000,7.58459422e-02,6.83459422e-02,4.556396,-3.48021641e-02,2.60801316e-03
1.614000,7.58111470e-02,6.83111470e-02,4.554076,-3.47951641e-02,2.59028083e-03
1.615000,7.57763526e-02,6.82763526e-02,4.551757,-3.47944306e-02,2.61198892e-03
1.616000,7.57415569e-02,6.82415569e-02,4.549437,-3.47956819e-02,2.61056500e-03
1.617000,7.57067668e-02,6.82067668e-02,4.547118,-3.47900557e-02,2.57346125e-03
1.618000,7.56719754e-02,6.81719754e-02,4.544798,-3.47914585e-02,2.57342856e-03
1.619000,7.56371703e-02,6.81371703e-02,4.542478,-3.48050525e-02,2.59829465e-03
1.620000,7.56023561e-02,6.81023561e-02,4.540157,-3.48142600e-02,2.59550384e-03
1.621000,7.55675403e-02,6.80675403e-02,4.537836,-3.48157946e-02,2.59341354e-03
1.622000,7.55327216e-02,6.80327216e-02,4.535515,-3.48186154e-02,2.58365093e-03
1.623000,7.54978978e-02,6.79978978e-02,4.533193,-3.48238490e-02,2.59282801e-03
1.624000,7.54630671e-02,6.79630671e-02,4.530871,-3.48306661e-02,2.60806912e-03
1.625000,7.54282354e-02,6.79282354e-02,4.528549,-3.48317739e-02,2.59940942e-03
1.626000,7.53934059e-02,6.78934059e-02,4.526227,-3.48294078e-02,2.61853840e-03
1.627000,7.53585794e-02,6.78585794e-02,4.523905,-3.48265029e-02,2.62000901e-03
1.628000,7.53237624e-02,6.78237624e-02,4.521584,-3.48170557e-02,2.61697481e-03
1.629000,7.52889547e-02,6.77889547e-02,4.519264,-3.48076620e-02,2.60578430e-03
1.630000,7.52541535e-02,6.77541535e-02,4.516944,-3.48012438e-02,2.59759870e-03
1.631000,7.52193535e-02,6.77193535e-02,4.514624,-3.47999482e-02,2.61160784e-03
1.632000,7.51845547e-02,6.76845547e-02,4.512304,-3.47988636e-02,2.61377495e-03
1.633000,7.51497619e-02,6.76497619e-02,4.509984,-3.47927949e-02,2.56983866e-03
1.634000,7.51149681e-02,6.76149681e-02,4.507665,-3.47937841e-02,2.58423426e-03
1.635000,7.50801614e-02,6.75801614e-02,4.505344,-3.48066570e-02,2.58975052e-03
1.636000,7.50453476e-02,6.75453476e-02,4.503023,-3.48138266e-02,2.59934669e-03
1.637000,7.50105301e-02,6.75105301e-02,4.500702,-3.48174877e-02,2.58486571e-03
1.638000,7.49757096e-02,6.74757096e-02,4.498381,-3.48205580e-02,2.59628768e-03
1.639000,7.49408832e-02,6.74408832e-02,4.496059,-3.48263643e-02,2.58994274e-03
1.640000,7.49060537e-02,6.74060537e-02,4.493737,-3.48295414e-02,2.61459111e-03
1.641000,7.48712232e-02,6.73712232e-02,4.491415,-3.48304435e-02,2.59763651e-03
1.642000,7.48363970e-02,6.73363970e-02,4.489093,-3.48262490e-02,2.62591540e-03
1.643000,7.48015743e-02,6.73015743e-02,4.486772,-3.48226218e-02,2.61839259e-03
1.644000,7.47667633e-02,6.72667633e-02,4.484451,-3.48110377e-02,2.61169872e-03
1.645000,7.47319602e-02,6.72319602e-02,4.482131,-3.48031079e-02,2.60419096e-03
1.646000,7.46971615e-02,6.71971615e-02,4.479811,-3.47987042e-02,2.59839953e-03
1.647000,7.46623637e-02,6.71623637e-02,4.477491,-3.47977903e-02,2.60910633e-03
1.648000,7.46275668e-02,6.71275668e-02,4.475171,-3.47968850e-02,2.61274803e-03
1.649000,7.45927750e-02,6.70927750e-02,4.472852,-3.47918194e-02,2.56529026e-03
1.650000,7.45579810e-02,6.70579810e-02,4.470532,-3.47939503e-02,2.58520027e-03
1.651000,7.45231729e-02,6.70231729e-02,4.468212,-3.48081461e-02,2.59571136e-03
1.652000,7.44883590e-02,6.69883590e-02,4.465891,-3.48139443e-02,2.59762136e-03
1.653000,7.44535430e-02,6.69535430e-02,4.463570,-3.48159529e-02,2.59266651e-03
1.654000,7.44187248e-02,6.69187248e-02,4.461248,-3.48182103e-02,2.58454506e-03
1.655000,7.43839013e-02,6.68839013e-02,4.458927,-3.48235312e-02,2.58494472e-03
1.656000,7.43490698e-02,6.68490698e-02,4.456605,-3.48314487e-02,2.61263975e-03
1.657000,7.43142355e-02,6.68142355e-02,4.454282,-3.48343373e-02,2.59877577e-03
1.658000,7.42794049e-02,6.67794049e-02,4.451960,-3.48305821e-02,2.62279554e-03
1.659000,7.42445778e-02,6.67445778e-02,4.449639,-3.48271325e-02,2.62349949e-03
1.660000,7.42097621e-02,6.67097621e-02,4.447317,-3.48156699e-02,2.60971637e-03
1.661000,7.41749557e-02,6.66749557e-02,4.444997,-3.48064135e-02,2.60211429e-03
1.662000,7.41401526e-02,6.66401526e-02,4.442677,-3.48030281e-02,2.59916453e-03
1.663000,7.41053500e-02,6.66053500e-02,4.440357,-3.48026609e-02,2.61788615e-03
1.664000,7.40705500e-02,6.65705500e-02,4.438037,-3.47999517e-02,2.60799829e-03
1.665000,7.40357572e-02,6.65357572e-02,4.435717,-3.47928427e-02,2.56492465e-03
1.666000,7.40009606e-02,6.65009606e-02,4.433397,-3.47965981e-02,2.59057855e-03
1.667000,7.39661506e-02,6.64661506e-02,4.431077,-3.48099628e-02,2.59415941e-03
1.668000,7.39313364e-02,6.64313364e-02,4.428756,-3.48142693e-02,2.59521455e-03
1.669000,7.38965191e-02,6.63965191e-02,4.426435,-3.48172131e-02,2.59015239e-03
1.670000,7.38616984e-02,6.63616984e-02,4.424113,-3.48207056e-02,2.59197165e-03
1.671000,7.38268729e-02,6.63268729e-02,4.421792,-3.48255389e-02,2.59042611e-03
1.672000,7.37920429e-02,6.62920429e-02,4.419470,-3.48300480e-02,2.61161044e-03
1.673000,7.37572115e-02,6.62572115e-02,4.417147,-3.48313184e-02,2.59852369e-03
1.674000,7.37223836e-02,6.62223836e-02,4.414826,-3.48279459e-02,2.62734029e-03
1.675000,7.36875598e-02,6.61875598e-02,4.412504,-3.48237753e-02,2.62290652e-03
1.676000,7.36527489e-02,6.61527489e-02,4.410183,-3.48109251e-02,2.60929578e-03
1.677000,7.36179470e-02,6.61179470e-02,4.407863,-3.48019378e-02,2.59619098e-03
1.678000,7.35831472e-02,6.60831472e-02,4.405543,-3.47997379e-02,2.60010405e-03
1.679000,7.35483461e-02,6.60483461e-02,4.403223,-3.48011499e-02,2.61400032e-03
1.680000,7.35135472e-02,6.60135472e-02,4.400903,-3.47988194e-02,2.61326019e-03
1.681000,7.34787552e-02,6.59787552e-02,4.398584,-3.47920560e-02,2.55952221e-03
1.682000,7.34439602e-02,6.59439602e-02,4.396264,-3.47950386e-02,2.58676496e-03
1.683000,7.34091493e-02,6.59091493e-02,4.393943,-3.48108521e-02,2.59714754e-03
1.684000,7.33743334e-02,6.58743334e-02,4.391622,-3.48158825e-02,2.59654267e-03
1.685000,7.33395158e-02,6.58395158e-02,4.389301,-3.48176101e-02,2.59006567e-03
1.686000,7.33046951e-02,6.58046951e-02,4.386980,-3.48206818e-02,2.59065033e-03
1.687000,7.32698693e-02,6.57698693e-02,4.384658,-3.48257772e-02,2.58745448e-03
1.688000,7.32350381e-02,6.57350381e-02,4.382336,-3.48312457e-02,2.61232444e-03
1.689000,7.32002047e-02,6.57002047e-02,4.380014,-3.48333659e-02,2.59784640e-03
1.690000,7.31653749e-02,6.56653749e-02,4.377692,-3.48298786e-02,2.61589624e-03
1.691000,7.31305469e-02,6.56305469e-02,4.375370,-3.48279543e-02,2.62723688e-03
1.692000,7.30957288e-02,6.55957288e-02,4.373049,-3.48180966e-02,2.61074618e-03
1.693000,7.30609214e-02,6.55609214e-02,4.370728,-3.48074307e-02,2.59716416e-03
1.694000,7.30261168e-02,6.55261168e-02,4.368408,-3.48045824e-02,2.60275706e-03
1.695000,7.29913116e-02,6.54913116e-02,4.366087,-3.48052056e-02,2.61682141e-03
1.696000,7.29565101e-02,6.54565101e-02,4.363767,-3.48015049e-02,2.61331161e-03
1.697000,7.29217163e-02,6.54217163e-02,4.361448,-3.47938059e-02,2.56158974e-03
1.698000,7.28869199e-02,6.53869199e-02,4.359128,-3.47964061e-02,2.58628996e-03
1.699000,7.28521082e-02,6.53521082e-02,4.356807,-3.48116245e-02,2.59488311e-03
1.700000,7.28172910e-02,6.53172910e-02,4.354486,-3.48172114e-02,2.60035060e-03
1.701000,7.27824720e-02,6.52824720e-02,4.352165,-3.48190093e-02,2.58723771e-03
1.702000,7.27476507e-02,6.52476507e-02,4.349843,-3.48213304e-02,2.59093420e-03
1.703000,7.27128234e-02,6.52128234e-02,4.347522,-3.48273044e-02,2.59167537e-03
1.704000,7.26779915e-02,6.51779915e-02,4.345199,-3.48319333e-02,2.61625040e-03
1.705000,7.26431595e-02,6.51431595e-02,4.342877,-3.48319730e-02,2.59897041e-03
1.706000,7.26083325e-02,6.51083325e-02,4.340556,-3.48269976e-02,2.62566580e-03
1.707000,7.25735095e-02,6.50735095e-02,4.338234,-3.48229765e-02,2.61889258e-03
1.708000,7.25386981e-02,6.50386981e-02,4.335913,-3.48113859e-02,2.61136152e-03
1.709000,7.25038948e-02,6.50038948e-02,4.333593,-3.48033516e-02,2.59607489e-03
1.710000,7.24690943e-02,6.49690943e-02,4.331273,-3.48004939e-02,2.60427591e-03
1.711000,7.24342931e-02,6.49342931e-02,4.328953,-3.48012062e-02,2.60874504e-03
1.712000,7.23994946e-02,6.48994946e-02,4.326633,-3.47984349e-02,2.61265335e-03
1.713000,7.23647011e-02,6.48647011e-02,4.324313,-3.47935047e-02,2.56049736e-03
1.714000,7.23299046e-02,6.48299046e-02,4.321994,-3.47965142e-02,2.58881887e-03
1.715000,7.22950930e-02,6.47950930e-02,4.319673,-3.48116442e-02,2.59305445e-03
1.716000,7.22602763e-02,6.47602763e-02,4.317352,-3.48167239e-02,2.59955675e-03
1.717000,7.22254570e-02,6.47254570e-02,4.315030,-3.48192628e-02,2.58893814e-03
1.718000,7.21906354e-02,6.46906354e-02,4.312709,-3.48215439e-02,2.58676710e-03
1.719000,7.21558077e-02,6.46558077e-02,4.310387,-3.48276963e-02,2.59160291e-03
1.720000,7.21209740e-02,6.46209740e-02,4.308065,-3.48337066e-02,2.61427992e-03
1.721000,7.20861399e-02,6.45861399e-02,4.305743,-3.48341185e-02,2.60098149e-03
1.722000,7.20513105e-02,6.45513105e-02,4.303421,-3.48294347e-02,2.61301975e-03
1.723000,7.20164835e-02,6.45164835e-02,4.301099,-3.48269894e-02,2.62803418e-03
1.724000,7.19816656e-02,6.44816656e-02,4.298778,-3.48179354e-02,2.60558370e-03
1.725000,7.19468576e-02,6.44468576e-02,4.296457,-3.48079206e-02,2.60262965e-03
1.726000,7.19120518e-02,6.44120518e-02,4.294137,-3.48058012e-02,2.60288153e-03
1.727000,7.18772472e-02,6.43772472e-02,4.291816,-3.48046075e-02,2.61532797e-03
1.728000,7.18424461e-02,6.43424461e-02,4.289496,-3.48011300e-02,2.60996750e-03
1.729000,7.18076516e-02,6.43076516e-02,4.287177,-3.47945128e-02,2.56490707e-03
1.730000,7.17728540e-02,6.42728540e-02,4.284857,-3.47976246e-02,2.58408904e-03
1.731000,7.17380418e-02,6.42380418e-02,4.282536,-3.48121427e-02,2.59511819e-03
1.732000,7.17032234e-02,6.42032234e-02,4.280215,-3.48184109e-02,2.60025805e-03
1.733000,7.16684033e-02,6.41684033e-02,4.277894,-3.48201479e-02,2.58586850e-03
1.734000,7.16335805e-02,6.41335805e-02,4.275572,-3.48227416e-02,2.58978287e-03
1.735000,7.15987512e-02,6.40987512e-02,4.273250,-3.48293689e-02,2.59376200e-03
1.736000,7.15639171e-02,6.40639171e-02,4.270928,-3.48340069e-02,2.61944210e-03
1.737000,7.15290844e-02,6.40290844e-02,4.268606,-3.48327968e-02,2.60151809e-03
1.738000,7.14942580e-02,6.39942580e-02,4.266284,-3.48263227e-02,2.62143042e-03
1.739000,7.14594358e-02,6.39594358e-02,4.263962,-3.48222139e-02,2.61678622e-03
1.740000,7.14246234e-02,6.39246234e-02,4.261642,-3.48123868e-02,2.60999935e-03
1.741000,7.13898181e-02,6.38898181e-02,4.259321,-3.48052851e-02,2.59689150e-03
1.742000,7.13550154e-02,6.38550154e-02,4.257001,-3.48027303e-02,2.60749221e-03
1.743000,7.13202128e-02,6.38202128e-02,4.254681,-3.48026057e-02,2.60689975e-03
1.744000,7.12854137e-02,6.37854137e-02,4.252361,-3.47991045e-02,2.60880355e-03
1.745000,7.12506182e-02,6.37506182e-02,4.250041,-3.47954611e-02,2.56646152e-03
1.746000,7.12158196e-02,6.37158196e-02,4.247721,-3.47986802e-02,2.58482120e-03
1.747000,7.11810070e-02,6.36810070e-02,4.245400,-3.48125584e-02,2.59459252e-03
1.748000,7.11461883e-02,6.36461883e-02,4.243079,-3.48186791e-02,2.59795315e-03
1.749000,7.11113673e-02,6.36113673e-02,4.240758,-3.48209964e-02,2.58640628e-03
1.750000,7.10765431e-02,6.35765431e-02,4.238436,-3.48242519e-02,2.59211971e-03
1.751000,7.10417128e-02,6.35417128e-02,4.236114,-3.48302893e-02,2.59089673e-03
1.752000,7.10068781e-02,6.35068781e-02,4.233792,-3.48346665e-02,2.61381882e-03
1.753000,7.09720427e-02,6.34720427e-02,4.231470,-3.48353919e-02,2.60266391e-03
1.754000,7.09372122e-02,6.34372122e-02,4.229147,-3.48305620e-02,2.61249060e-03
1.755000,7.09023845e-02,6.34023845e-02,4.226826,-3.48276577e-02,2.62090038e-03
1.756000,7.08675645e-02,6.33675645e-02,4.224504,-3.48200390e-02,2.61246416e-03
1.757000,7.08327533e-02,6.33327533e-02,4.222184,-3.48111503e-02,2.59530414e-03
1.758000,7.07979453e-02,6.32979453e-02,4.219863,-3.48080668e-02,2.61117008e-03
1.759000,7.07631374e-02,6.32631374e-02,4.217542,-3.48078131e-02,2.61078651e-03
1.760000,7.07283350e-02,6.32283350e-02,4.215222,-3.48024166e-02,2.60537477e-03
1.761000,7.06935369e-02,6.31935369e-02,4.212902,-3.47981032e-02,2.57584782e-03
1.762000,7.06587361e-02,6.31587361e-02,4.210582,-3.48007885e-02,2.57902557e-03
1.763000,7.06239235e-02,6.31239235e-02,4.208262,-3.48126089e-02,2.59274304e-03
1.764000,7.05891026e-02,6.30891026e-02,4.205940,-3.48209600e-02,2.60014901e-03
1.765000,7.05542791e-02,6.30542791e-02,4.203619,-3.48234964e-02,2.59023572e-03
1.766000,7.05194537e-02,6.30194537e-02,4.201297,-3.48253536e-02,2.58922088e-03
1.767000,7.04846231e-02,6.29846231e-02,4.198975,-3.48306459e-02,2.59481159e-03
1.768000,7.04497878e-02,6.29497878e-02,4.196653,-3.48352829e-02,2.61940313e-03
1.769000,7.04149540e-02,6.29149540e-02,4.194330,-3.48337351e-02,2.60099662e-03
1.770000,7.03801267e-02,6.28801267e-02,4.192008,-3.48273660e-02,2.61657567e-03
1.771000,7.03453024e-02,6.28453024e-02,4.189687,-3.48242869e-02,2.61942585e-03
1.772000,7.03104868e-02,6.28104868e-02,4.187366,-3.48155874e-02,2.61313213e-03
1.773000,7.02756797e-02,6.27756797e-02,4.185045,-3.48070648e-02,2.59354900e-03
1.774000,7.02408757e-02,6.27408757e-02,4.182725,-3.48040723e-02,2.61274431e-03
1.775000,7.02060716e-02,6.27060716e-02,4.180405,-3.48041166e-02,2.60569004e-03
1.776000,7.01712725e-02,6.26712725e-02,4.178085,-3.47991044e-02,2.60357155e-03
1.777000,7.01364757e-02,6.26364757e-02,4.175765,-3.47967836e-02,2.57079221e-03
1.778000,7.01016747e-02,6.26016747e-02,4.173445,-3.48009551e-02,2.58483058e-03
1.779000,7.00668613e-02,6.25668613e-02,4.171124,-3.48134094e-02,2.59218224e-03
1.780000,7.00320413e-02,6.25320413e-02,4.168803,-3.48199532e-02,2.59724720e-03
1.781000,6.99972182e-02,6.24972182e-02,4.166481,-3.48231869e-02,2.58855459e-03
1.782000,6.99623919e-02,6.24623919e-02,4.164159,-3.48262944e-02,2.59160542e-03
1.783000,6.99275602e-02,6.24275602e-02,4.161837,-3.48317171e-02,2.59553311e-03
1.784000,6.98927247e-02,6.23927247e-02,4.159515,-3.48354434e-02,2.61461666e-03
1.785000,6.98578902e-02,6.23578902e-02,4.157193,-3.48345050e-02,2.60381509e-03
1.786000,6.98230610e-02,6.23230610e-02,4.154871,-3.48292095e-02,2.60075010e-03
1.787000,6.97882330e-02,6.22882330e-02,4.152549,-3.48280034e-02,2.63124338e-03
1.788000,6.97534106e-02,6.22534106e-02,4.150227,-3.48224114e-02,2.61037364e-03
1.789000,6.97186001e-02,6.22186001e-02,4.147907,-3.48104956e-02,2.59304898e-03
1.790000,6.96837916e-02,6.21837916e-02,4.145586,-3.48084974e-02,2.61297156e-03
1.791000,6.96489829e-02,6.21489829e-02,4.143266,-3.48086658e-02,2.61560237e-03
1.792000,6.96141811e-02,6.21141811e-02,4.140945,-3.48018260e-02,2.59761090e-03
1.793000,6.95793838e-02,6.20793838e-02,4.138626,-3.47973039e-02,2.57537720e-03
1.794000,6.95445812e-02,6.20445812e-02,4.136305,-3.48026222e-02,2.57836946e-03
1.795000,6.95097665e-02,6.20097665e-02,4.133984,-3.48147133e-02,2.59455051e-03
1.796000,6.94749435e-02,6.19749435e-02,4.131663,-3.48229602e-02,2.60301717e-03
1.797000,6.94401191e-02,6.19401191e-02,4.129341,-3.48243958e-02,2.58788478e-03
1.798000,6.94052934e-02,6.19052934e-02,4.127020,-3.48257268e-02,2.59007052e-03
1.799000,6.93704617e-02,6.18704617e-02,4.124697,-3.48316409e-02,2.59832643e-03
1.800000,6.93356264e-02,6.18356264e-02,4.122375,-3.48353773e-02,2.61682130e-03
1.801000,6.93007932e-02,6.18007932e-02,4.120053,-3.48331317e-02,2.60533529e-03
1.802000,6.92659664e-02,6.17659664e-02,4.117731,-3.48268433e-02,2.60559773e-03
1.803000,6.92311421e-02,6.17311421e-02,4.115409,-3.48242807e-02,2.63666802e-03
1.804000,6.91963260e-02,6.16963260e-02,4.113088,-3.48161374e-02,2.60562293e-03
1.805000,6.91615227e-02,6.16615227e-02,4.110768,-3.48032802e-02,2.58993954e-03
1.806000,6.91267193e-02,6.16267193e-02,4.108448,-3.48033920e-02,2.60964088e-03
1.807000,6.90919141e-02,6.15919141e-02,4.106128,-3.48051706e-02,2.61012772e-03
1.808000,6.90571137e-02,6.15571137e-02,4.103808,-3.48003928e-02,2.60153091e-03
1.809000,6.90223167e-02,6.15223167e-02,4.101488,-3.47969755e-02,2.57416892e-03
1.810000,6.89875155e-02,6.14875155e-02,4.099168,-3.48012201e-02,2.57621279e-03
1.811000,6.89527014e-02,6.14527014e-02,4.096847,-3.48140893e-02,2.59629775e-03
1.812000,6.89178787e-02,6.14178787e-02,4.094525,-3.48227355e-02,2.60071562e-03
1.813000,6.88830547e-02,6.13830547e-02,4.092204,-3.48240043e-02,2.59113549e-03
1.814000,6.88482292e-02,6.13482292e-02,4.089882,-3.48255163e-02,2.59098400e-03
1.815000,6.88133990e-02,6.13133990e-02,4.087560,-3.48302013e-02,2.59312292e-03
1.816000,6.87785644e-02,6.12785644e-02,4.085238,-3.48345579e-02,2.61669162e-03
1.817000,6.87437304e-02,6.12437304e-02,4.082915,-3.48340442e-02,2.60386562e-03
1.818000,6.87089023e-02,6.12089023e-02,4.080593,-3.48280582e-02,2.60053561e-03
1.819000,6.86740754e-02,6.11740754e-02,4.078272,-3.48268734e-02,2.63408380e-03
1.820000,6.86392546e-02,6.11392546e-02,4.075950,-3.48208496e-02,2.61046954e-03
1.821000,6.86044466e-02,6.11044466e-02,4.073630,-3.48079840e-02,2.58769621e-03
1.822000,6.85696397e-02,6.10696397e-02,4.071309,-3.48069009e-02,2.61319156e-03
1.823000,6.85348309e-02,6.10348309e-02,4.068989,-3.48087883e-02,2.61540080e-03
1.824000,6.85000290e-02,6.10000290e-02,4.066669,-3.48019120e-02,2.59932765e-03
1.825000,6.84652319e-02,6.09652319e-02,4.064349,-3.47971524e-02,2.57191047e-03
1.826000,6.84304293e-02,6.09304293e-02,4.062029,-3.48025200e-02,2.57644225e-03
1.827000,6.83956133e-02,6.08956133e-02,4.059708,-3.48160904e-02,2.59403662e-03
1.828000,6.83607882e-02,6.08607882e-02,4.057386,-3.48250611e-02,2.60717669e-03
1.829000,6.83259623e-02,6.08259623e-02,4.055064,-3.48259299e-02,2.58794756e-03
1.830000,6.82911364e-02,6.07911364e-02,4.052742,-3.48258837e-02,2.58604565e-03
1.831000,6.82563039e-02,6.07563039e-02,4.050420,-3.48324890e-02,2.59908068e-03
1.832000,6.82214665e-02,6.07214665e-02,4.048098,-3.48374139e-02,2.62137856e-03
1.833000,6.81866324e-02,6.06866324e-02,4.045775,-3.48341147e-02,2.60614714e-03
1.834000,6.81518062e-02,6.06518062e-02,4.043454,-3.48261860e-02,2.60785512e-03
1.835000,6.81169832e-02,6.06169832e-02,4.041132,-3.48229575e-02,2.62596753e-03
1.836000,6.80821672e-02,6.05821672e-02,4.038811,-3.48159652e-02,2.61078110e-03
1.837000,6.80473615e-02,6.05473615e-02,4.036491,-3.48057100e-02,2.58856703e-03
1.838000,6.80125572e-02,6.05125572e-02,4.034170,-3.48043705e-02,2.61612782e-03
1.839000,6.79777517e-02,6.04777517e-02,4.031850,-3.48054527e-02,2.60562300e-03
1.840000,6.79429524e-02,6.04429524e-02,4.029530,-3.47993412e-02,2.60038176e-03
1.841000,6.79081548e-02,6.04081548e-02,4.027210,-3.47976064e-02,2.57581298e-03
1.842000,6.78733528e-02,6.03733528e-02,4.024890,-3.48019377e-02,2.57425565e-03
1.843000,6.78385382e-02,6.03385382e-02,4.022569,-3.48146131e-02,2.59524618e-03
1.844000,6.78037141e-02,6.03037141e-02,4.020248,-3.48240880e-02,2.60172788e-03
1.845000,6.77688886e-02,6.02688886e-02,4.017926,-3.48255231e-02,2.59148916e-03
1.846000,6.77340620e-02,6.02340620e-02,4.015604,-3.48266401e-02,2.58947785e-03
1.847000,6.76992305e-02,6.01992305e-02,4.013282,-3.48314754e-02,2.59847012e-03
1.848000,6.76643951e-02,6.01643951e-02,4.010960,-3.48353810e-02,2.61544240e-03
1.849000,6.76295618e-02,6.01295618e-02,4.008637,-3.48333321e-02,2.59787093e-03
1.850000,6.75947330e-02,6.00947330e-02,4.006316,-3.48288165e-02,2.60570351e-03
1.851000,6.75599043e-02,6.00599043e-02,4.003994,-3.48286865e-02,2.63166340e-03
1.852000,6.75250829e-02,6.00250829e-02,4.001672,-3.48213935e-02,2.61250155e-03
1.853000,6.74902739e-02,5.99902739e-02,3.999352,-3.48089635e-02,2.59004564e-03
1.854000,6.74554671e-02,5.99554671e-02,3.997031,-3.48067975e-02,2.61368377e-03
1.855000,6.74206593e-02,5.99206593e-02,3.994711,-3.48078263e-02,2.61339698e-03
1.856000,6.73858582e-02,5.98858582e-02,3.992391,-3.48011427e-02,2.58800268e-03
1.857000,6.73510591e-02,5.98510591e-02,3.990071,-3.47990440e-02,2.58621205e-03
1.858000,6.73162535e-02,5.98162535e-02,3.987750,-3.48056017e-02,2.57569242e-03
1.859000,6.72814389e-02,5.97814389e-02,3.985429,-3.48146079e-02,2.58437281e-03
1.860000,6.72466134e-02,5.97466134e-02,3.983108,-3.48255338e-02,2.61259668e-03
1.861000,6.72117847e-02,5.97117847e-02,3.980786,-3.48286178e-02,2.58602612e-03
1.862000,6.71769576e-02,5.96769576e-02,3.978464,-3.48271315e-02,2.58548233e-03
1.863000,6.71421231e-02,5.96421231e-02,3.976142,-3.48344674e-02,2.60358866e-03
1.864000,6.71072844e-02,5.96072844e-02,3.973819,-3.48387801e-02,2.61444929e-03
1.865000,6.70724491e-02,5.95724491e-02,3.971497,-3.48352257e-02,2.60898816e-03
1.866000,6.70376201e-02,5.95376201e-02,3.969175,-3.48290704e-02,2.61622548e-03
1.867000,6.70027966e-02,5.95027966e-02,3.966853,-3.48234287e-02,2.62180301e-03
1.868000,6.69679822e-02,5.94679822e-02,3.964532,-3.48144238e-02,2.60576762e-03
1.869000,6.69331758e-02,5.94331758e-02,3.962212,-3.48064228e-02,2.59449181e-03
1.870000,6.68983701e-02,5.93983701e-02,3.959891,-3.48056822e-02,2.61519500e-03
1.871000,6.68635651e-02,5.93635651e-02,3.957571,-3.48049835e-02,2.60810867e-03
1.872000,6.68287664e-02,5.93287664e-02,3.955251,-3.47987388e-02,2.59078932e-03
1.873000,6.67939685e-02,5.92939685e-02,3.952931,-3.47978840e-02,2.58110480e-03
1.874000,6.67591641e-02,5.92591641e-02,3.950611,-3.48044298e-02,2.57645121e-03
1.875000,6.67243491e-02,5.92243491e-02,3.948290,-3.48149790e-02,2.59370154e-03
1.876000,6.66895251e-02,5.91895251e-02,3.945968,-3.48240060e-02,2.60469436e-03
1.877000,6.66546997e-02,5.91546997e-02,3.943647,-3.48254238e-02,2.59011723e-03
1.878000,6.66198739e-02,5.91198739e-02,3.941325,-3.48258092e-02,2.58466314e-03
1.879000,6.65850419e-02,5.90850419e-02,3.939003,-3.48319465e-02,2.60207366e-03
1.880000,6.65502051e-02,5.90502051e-02,3.936680,-3.48367961e-02,2.61395016e-03
1.881000,6.65153713e-02,5.90153713e-02,3.934358,-3.48338275e-02,2.59748387e-03
1.882000,6.64805414e-02,5.89805414e-02,3.932036,-3.48298705e-02,2.61142258e-03
1.883000,6.64457126e-02,5.89457126e-02,3.929714,-3.48288563e-02,2.63413367e-03
1.884000,6.64108933e-02,5.89108933e-02,3.927393,-3.48192482e-02,2.61120030e-03
1.885000,6.63760871e-02,5.88760871e-02,3.925072,-3.48062370e-02,2.59192407e-03
1.886000,6.63412829e-02,5.88412829e-02,3.922752,-3.48041663e-02,2.61452512e-03
1.887000,6.63064785e-02,5.88064785e-02,3.920432,-3.48044294e-02,2.61124543e-03
1.888000,6.62716806e-02,5.87716806e-02,3.918112,-3.47978499e-02,2.58113563e-03
1.889000,6.62368830e-02,5.87368830e-02,3.915792,-3.47976721e-02,2.58941251e-03
1.890000,6.62020770e-02,5.87020770e-02,3.913472,-3.48059192e-02,2.57251297e-03
1.891000,6.61672626e-02,5.86672626e-02,3.911151,-3.48144365e-02,2.59511592e-03
1.892000,6.61324381e-02,5.86324381e-02,3.908829,-3.48245068e-02,2.60221328e-03
1.893000,6.60976122e-02,5.85976122e-02,3.906507,-3.48258988e-02,2.59167187e-03
1.894000,6.60627854e-02,5.85627854e-02,3.904186,-3.48268241e-02,2.57924311e-03
1.895000,6.60279520e-02,5.85279520e-02,3.901863,-3.48334093e-02,2.60867670e-03
1.896000,6.59931131e-02,5.84931131e-02,3.899541,-3.48388712e-02,2.60782832e-03
1.897000,6.59582783e-02,5.84582783e-02,3.897219,-3.48348167e-02,2.61466711e-03
1.898000,6.59234484e-02,5.84234484e-02,3.894897,-3.48298315e-02,2.61459784e-03
1.899000,6.58886258e-02,5.83886258e-02,3.892575,-3.48226126e-02,2.62134431e-03
1.900000,6.58538116e-02,5.83538116e-02,3.890254,-3.48142234e-02,2.61357249e-03
1.901000,6.58190066e-02,5.83190066e-02,3.887934,-3.48049929e-02,2.59225227e-03
1.902000,6.57842045e-02,5.82842045e-02,3.885614,-3.48020850e-02,2.61551272e-03
1.903000,6.57494025e-02,5.82494025e-02,3.883294,-3.48020657e-02,2.60010620e-03
1.904000,6.57146053e-02,5.82146053e-02,3.880974,-3.47971317e-02,2.58490571e-03
1.905000,6.56798054e-02,5.81798054e-02,3.878654,-3.47999455e-02,2.58735977e-03
1.906000,6.56449981e-02,5.81449981e-02,3.876333,-3.48073174e-02,2.57526108e-03
1.907000,6.56101820e-02,5.81101820e-02,3.874012,-3.48160229e-02,2.59444636e-03
1.908000,6.55753567e-02,5.80753567e-02,3.871690,-3.48253091e-02,2.60503561e-03
1.909000,6.55405303e-02,5.80405303e-02,3.869369,-3.48264219e-02,2.59551878e-03
1.910000,6.55057046e-02,5.80057046e-02,3.867047,-3.48257401e-02,2.57958132e-03
1.911000,6.54708736e-02,5.79708736e-02,3.864725,-3.48310020e-02,2.59824260e-03
1.912000,6.54360354e-02,5.79360354e-02,3.862402,-3.48381980e-02,2.60691407e-03
1.913000,6.54011976e-02,5.79011976e-02,3.860080,-3.48377319e-02,2.61091516e-03
1.914000,6.53663639e-02,5.78663639e-02,3.857758,-3.48337105e-02,2.61757085e-03
1.915000,6.53315367e-02,5.78315367e-02,3.855436,-3.48271980e-02,2.62814000e-03
1.916000,6.52967201e-02,5.77967201e-02,3.853115,-3.48166307e-02,2.60602529e-03
1.917000,6.52619136e-02,5.77619136e-02,3.850794,-3.48065030e-02,2.59117149e-03
1.918000,6.52271073e-02,5.77271073e-02,3.848474,-3.48062649e-02,2.62121454e-03
1.919000,6.51923017e-02,5.76923017e-02,3.846153,-3.48055922e-02,2.61050760e-03
1.920000,6.51575048e-02,5.76575048e-02,3.843834,-3.47969463e-02,2.58045446e-03
1.921000,6.51227077e-02,5.76227077e-02,3.841514,-3.47971313e-02,2.58589172e-03
1.922000,6.50879014e-02,5.75879014e-02,3.839193,-3.48062246e-02,2.57378686e-03
1.923000,6.50530858e-02,5.75530858e-02,3.836872,-3.48156729e-02,2.59492699e-03
1.924000,6.50182604e-02,5.75182604e-02,3.834551,-3.48253583e-02,2.60363894e-03
1.925000,6.49834339e-02,5.74834339e-02,3.832229,-3.48265603e-02,2.59592306e-03
1.926000,6.49486076e-02,5.74486076e-02,3.829907,-3.48262656e-02,2.57679263e-03
1.927000,6.49137757e-02,5.74137757e-02,3.827585,-3.48318879e-02,2.60483431e-03
1.928000,6.48789369e-02,5.73789369e-02,3.825262,-3.48388341e-02,2.60436169e-03
1.929000,6.48441002e-02,5.73441002e-02,3.822940,-3.48366546e-02,2.63100880e-03
1.930000,6.48092703e-02,5.73092703e-02,3.820618,-3.48299180e-02,2.61501663e-03
1.931000,6.47744530e-02,5.72744530e-02,3.818297,-3.48172581e-02,2.61622583e-03
1.932000,6.47396434e-02,5.72396434e-02,3.815976,-3.48096365e-02,2.60733986e-03
1.933000,6.47048402e-02,5.72048402e-02,3.813656,-3.48031892e-02,2.59019394e-03
1.934000,6.46700375e-02,5.71700375e-02,3.811336,-3.48026922e-02,2.61842978e-03
1.935000,6.46352347e-02,5.71352347e-02,3.809016,-3.48028330e-02,2.61048711e-03
1.936000,6.46004396e-02,5.71004396e-02,3.806696,-3.47951053e-02,2.57652942e-03
1.937000,6.45656436e-02,5.70656436e-02,3.804376,-3.47959911e-02,2.57334633e-03
1.938000,6.45308350e-02,5.70308350e-02,3.802056,-3.48085921e-02,2.58876603e-03
1.939000,6.44960155e-02,5.69960155e-02,3.799734,-3.48195116e-02,2.59646361e-03
1.940000,6.44611915e-02,5.69611915e-02,3.797413,-3.48240058e-02,2.60061010e-03
1.941000,6.44263662e-02,5.69263662e-02,3.795091,-3.48252387e-02,2.59415591e-03
1.942000,6.43915400e-02,5.68915400e-02,3.792769,-3.48262513e-02,2.58375059e-03
1.943000,6.43567088e-02,5.68567088e-02,3.790447,-3.48312235e-02,2.59992248e-03
1.944000,6.43218720e-02,5.68218720e-02,3.788125,-3.48367532e-02,2.59458791e-03
1.945000,6.42870341e-02,5.67870341e-02,3.785802,-3.48379152e-02,2.62553950e-03
1.946000,6.42521987e-02,5.67521987e-02,3.783480,-3.48353556e-02,2.61585211e-03
1.947000,6.42173744e-02,5.67173744e-02,3.781158,-3.48243443e-02,2.62335057e-03
1.948000,6.41825592e-02,5.66825592e-02,3.778837,-3.48151883e-02,2.61230475e-03
1.949000,6.41477537e-02,5.66477537e-02,3.776517,-3.48055231e-02,2.58572789e-03
1.950000,6.41129495e-02,5.66129495e-02,3.774197,-3.48041854e-02,2.61948005e-03
1.951000,6.40781439e-02,5.65781439e-02,3.771876,-3.48056072e-02,2.61175473e-03
1.952000,6.40433466e-02,5.65433466e-02,3.769556,-3.47973104e-02,2.57745832e-03
1.953000,6.40085490e-02,5.65085490e-02,3.767237,-3.47976156e-02,2.58030923e-03
1.954000,6.39737403e-02,5.64737403e-02,3.764916,-3.48086802e-02,2.58130445e-03
1.955000,6.39389217e-02,5.64389217e-02,3.762595,-3.48186325e-02,2.59716211e-03
1.956000,6.39040962e-02,5.64040962e-02,3.760273,-3.48254537e-02,2.59689891e-03
1.957000,6.38692691e-02,5.63692691e-02,3.757951,-3.48271135e-02,2.59837821e-03
1.958000,6.38344405e-02,5.63344405e-02,3.755629,-3.48285982e-02,2.58444420e-03
1.959000,6.37996084e-02,5.62996084e-02,3.753307,-3.48320611e-02,2.60729875e-03
1.960000,6.37647724e-02,5.62647724e-02,3.750985,-3.48360586e-02,2.59646550e-03
1.961000,6.37299379e-02,5.62299379e-02,3.748663,-3.48344660e-02,2.63398186e-03
1.962000,6.36951081e-02,5.61951081e-02,3.746341,-3.48297970e-02,2.60669748e-03
1.963000,6.36602905e-02,5.61602905e-02,3.744019,-3.48176319e-02,2.61812218e-03
1.964000,6.36254781e-02,5.61254781e-02,3.741699,-3.48124070e-02,2.61098770e-03
1.965000,6.35906734e-02,5.60906734e-02,3.739378,-3.48046918e-02,2.59786873e-03
1.966000,6.35558717e-02,5.60558717e-02,3.737058,-3.48016396e-02,2.60906083e-03
1.967000,6.35210708e-02,5.60210708e-02,3.734738,-3.48009167e-02,2.60874873e-03
1.968000,6.34862742e-02,5.59862742e-02,3.732418,-3.47965733e-02,2.57243760e-03
1.969000,6.34514755e-02,5.59514755e-02,3.730098,-3.47987536e-02,2.57969855e-03
1.970000,6.34166639e-02,5.59166639e-02,3.727778,-3.48115751e-02,2.58908468e-03
1.971000,6.33818436e-02,5.58818436e-02,3.725456,-3.48203521e-02,2.59742990e-03
1.972000,6.33470190e-02,5.58470190e-02,3.723135,-3.48245707e-02,2.59574554e-03
1.973000,6.33121926e-02,5.58121926e-02,3.720813,-3.48263466e-02,2.58844955e-03
1.974000,6.32773627e-02,5.57773627e-02,3.718491,-3.48299658e-02,2.58997296e-03
1.975000,6.32425270e-02,5.57425270e-02,3.716168,-3.48357118e-02,2.60655896e-03
1.976000,6.32076889e-02,5.57076889e-02,3.713846,-3.48380244e-02,2.59530303e-03
1.977000,6.31728521e-02,5.56728521e-02,3.711523,-3.48368804e-02,2.62422803e-03
1.978000,6.31380177e-02,5.56380177e-02,3.709201,-3.48343179e-02,2.61422858e-03
1.979000,6.31031937e-02,5.56031937e-02,3.706880,-3.48240243e-02,2.62566979e-03
1.980000,6.30683787e-02,5.55683787e-02,3.704559,-3.48149915e-02,2.60687353e-03
1.981000,6.30335732e-02,5.55335732e-02,3.702238,-3.48055250e-02,2.59759878e-03
1.982000,6.29987693e-02,5.54987693e-02,3.699918,-3.48038717e-02,2.60779793e-03
1.983000,6.29639659e-02,5.54639659e-02,3.697598,-3.48034608e-02,2.61328254e-03
1.984000,6.29291671e-02,5.54291671e-02,3.695278,-3.47987304e-02,2.57225299e-03
1.985000,6.28943677e-02,5.53943677e-02,3.692958,-3.47994544e-02,2.58215920e-03
1.986000,6.28595558e-02,5.53595558e-02,3.690637,-3.48119013e-02,2.59118866e-03
1.987000,6.28247363e-02,5.53247363e-02,3.688316,-3.48194981e-02,2.59159382e-03
1.988000,6.27899122e-02,5.52899122e-02,3.685994,-3.48240579e-02,2.59228546e-03
1.989000,6.27550839e-02,5.52550839e-02,3.683672,-3.48283623e-02,2.59267299e-03
1.990000,6.27202515e-02,5.52202515e-02,3.681350,-3.48323710e-02,2.59089279e-03
1.991000,6.26854149e-02,5.51854149e-02,3.679028,-3.48365672e-02,2.61253965e-03
1.992000,6.26505774e-02,5.51505774e-02,3.676705,-3.48375201e-02,2.59992560e-03
1.993000,6.26157438e-02,5.51157438e-02,3.674383,-3.48335945e-02,2.62568633e-03
1.994000,6.25809146e-02,5.50809146e-02,3.672061,-3.48292560e-02,2.61402700e-03
1.995000,6.25460960e-02,5.50460960e-02,3.669740,-3.48185192e-02,2.61646432e-03
1.996000,6.25112849e-02,5.50112849e-02,3.667419,-3.48111804e-02,2.60480195e-03
1.997000,6.24764798e-02,5.49764798e-02,3.665099,-3.48051036e-02,2.59882477e-03
1.998000,6.24416758e-02,5.49416758e-02,3.662778,-3.48039138e-02,2.60568728e-03
1.999000,6.24068724e-02,5.49068724e-02,3.660458,-3.48034735e-02,2.61572677e-03
2.000000,6.23720734e-02,5.48720734e-02,3.658138,-3.47990040e-02,2.57222743e-03
2.001000,6.23372744e-02,5.48372744e-02,3.655818,-3.47989298e-02,2.57798663e-03
2.002000,6.23024623e-02,5.48024623e-02,3.653497,-3.48121230e-02,2.59433692e-03
2.003000,6.22676418e-02,5.47676418e-02,3.651176,-3.48205334e-02,2.59985217e-03
2.004000,6.22328192e-02,5.47328192e-02,3.648855,-3.48225988e-02,2.59084978e-03
2.005000,6.21979947e-02,5.46979947e-02,3.646533,-3.48244449e-02,2.58610548e-03
2.006000,6.21631646e-02,5.46631646e-02,3.644211,-3.48300865e-02,2.59126576e-03
2.007000,6.21283283e-02,5.46283283e-02,3.641889,-3.48363737e-02,2.61012433e-03
2.008000,6.20934906e-02,5.45934906e-02,3.639566,-3.48376312e-02,2.59887568e-03
2.009000,6.20586560e-02,5.45586560e-02,3.637244,-3.48346845e-02,2.62061753e-03
2.010000,6.20238244e-02,5.45238244e-02,3.634922,-3.48315872e-02,2.62243356e-03
2.011000,6.19890033e-02,5.44890033e-02,3.632600,-3.48210284e-02,2.61135899e-03
2.012000,6.19541915e-02,5.44541915e-02,3.630279,-3.48118316e-02,2.60507748e-03
2.013000,6.19193841e-02,5.44193841e-02,3.627959,-3.48073827e-02,2.60075075e-03
2.014000,6.18845784e-02,5.43845784e-02,3.625639,-3.48057618e-02,2.61411668e-03
2.015000,6.18497752e-02,5.43497752e-02,3.623318,-3.48031983e-02,2.60791994e-03
2.016000,6.18149778e-02,5.43149778e-02,3.620999,-3.47973411e-02,2.56803926e-03
2.017000,6.17801773e-02,5.42801773e-02,3.618678,-3.48005714e-02,2.58976497e-03
2.018000,6.17453642e-02,5.42453642e-02,3.616358,-3.48130572e-02,2.59379424e-03
2.019000,6.17105465e-02,5.42105465e-02,3.614036,-3.48176954e-02,2.59569125e-03
2.020000,6.16757258e-02,5.41757258e-02,3.611715,-3.48206748e-02,2.58873569e-03
2.021000,6.16409016e-02,5.41409016e-02,3.609393,-3.48242613e-02,2.59315783e-03
2.022000,6.16060722e-02,5.41060722e-02,3.607071,-3.48293500e-02,2.58737407e-03
2.023000,6.15712382e-02,5.40712382e-02,3.604749,-3.48340093e-02,2.61421130e-03
2.024000,6.15364024e-02,5.40364024e-02,3.602427,-3.48358222e-02,2.59832959e-03
2.025000,6.15015708e-02,5.40015708e-02,3.600105,-3.48316298e-02,2.62736309e-03
2.026000,6.14667432e-02,5.39667432e-02,3.597783,-3.48275190e-02,2.62349405e-03
2.027000,6.14319287e-02,5.39319287e-02,3.595462,-3.48145573e-02,2.60879487e-03
2.028000,6.13971232e-02,5.38971232e-02,3.593142,-3.48054657e-02,2.60001989e-03
2.029000,6.13623205e-02,5.38623205e-02,3.590821,-3.48027532e-02,2.59742048e-03
2.030000,6.13275171e-02,5.38275171e-02,3.588501,-3.48033823e-02,2.61368987e-03
2.031000,6.12927151e-02,5.37927151e-02,3.586181,-3.48019880e-02,2.61219647e-03
2.032000,6.12579196e-02,5.37579196e-02,3.583861,-3.47955147e-02,2.56181805e-03
2.033000,6.12231211e-02,5.37231211e-02,3.581541,-3.47984406e-02,2.58749333e-03
2.034000,6.11883078e-02,5.36883078e-02,3.579221,-3.48133713e-02,2.59709721e-03
2.035000,6.11534896e-02,5.36534896e-02,3.576899,-3.48181714e-02,2.59757770e-03
2.036000,6.11186699e-02,5.36186699e-02,3.574578,-3.48197325e-02,2.59018447e-03
2.037000,6.10838474e-02,5.35838474e-02,3.572256,-3.48224432e-02,2.59056750e-03
2.038000,6.10490199e-02,5.35490199e-02,3.569935,-3.48275143e-02,2.58640757e-03
2.039000,6.10141867e-02,5.35141867e-02,3.567612,-3.48331952e-02,2.60848736e-03
2.040000,6.09793504e-02,5.34793504e-02,3.565290,-3.48363377e-02,2.59944447e-03
2.041000,6.09445165e-02,5.34445165e-02,3.562968,-3.48338280e-02,2.61898606e-03
2.042000,6.09096857e-02,5.34096857e-02,3.560646,-3.48308324e-02,2.62809423e-03
2.043000,6.08748659e-02,5.33748659e-02,3.558324,-3.48198084e-02,2.60949118e-03
2.044000,6.08400568e-02,5.33400568e-02,3.556004,-3.48090828e-02,2.59988723e-03
2.045000,6.08052507e-02,5.33052507e-02,3.553683,-3.48061652e-02,2.59998266e-03
2.046000,6.07704443e-02,5.32704443e-02,3.551363,-3.48063847e-02,2.61847424e-03
2.047000,6.07356410e-02,5.32356410e-02,3.549043,-3.48033029e-02,2.61069657e-03
2.048000,6.07008454e-02,5.32008454e-02,3.546723,-3.47955235e-02,2.56329278e-03
2.049000,6.06660468e-02,5.31660468e-02,3.544403,-3.47986813e-02,2.58925543e-03
2.050000,6.06312339e-02,5.31312339e-02,3.542082,-3.48128160e-02,2.59468689e-03
2.051000,6.05964165e-02,5.30964165e-02,3.539761,-3.48174637e-02,2.59689219e-03
2.052000,6.05615965e-02,5.30615965e-02,3.537440,-3.48199376e-02,2.58811824e-03
2.053000,6.05267733e-02,5.30267733e-02,3.535118,-3.48232388e-02,2.59244597e-03
2.054000,6.04919446e-02,5.29919446e-02,3.532796,-3.48286563e-02,2.59226056e-03
2.055000,6.04571120e-02,5.29571120e-02,3.530474,-3.48326852e-02,2.61571481e-03
2.056000,6.04222793e-02,5.29222793e-02,3.528152,-3.48326274e-02,2.59795037e-03
2.057000,6.03874513e-02,5.28874513e-02,3.525830,-3.48280083e-02,2.62351279e-03
2.058000,6.03526266e-02,5.28526266e-02,3.523508,-3.48247029e-02,2.62158261e-03
2.059000,6.03178133e-02,5.28178133e-02,3.521188,-3.48133438e-02,2.61221876e-03
2.060000,6.02830090e-02,5.27830090e-02,3.518867,-3.48042744e-02,2.59249283e-03
2.061000,6.02482072e-02,5.27482072e-02,3.516547,-3.48017686e-02,2.60712118e-03
2.062000,6.02134041e-02,5.27134041e-02,3.514227,-3.48031542e-02,2.60809657e-03
2.063000,6.01786045e-02,5.26786045e-02,3.511907,-3.47995631e-02,2.61564535e-03
2.064000,6.01438102e-02,5.26438102e-02,3.509587,-3.47943168e-02,2.55815416e-03
2.065000,6.01090134e-02,5.26090134e-02,3.507268,-3.47967581e-02,2.58696741e-03
2.066000,6.00742005e-02,5.25742005e-02,3.504947,-3.48129850e-02,2.59499127e-03
2.067000,6.00393821e-02,5.25393821e-02,3.502625,-3.48183302e-02,2.60000487e-03
2.068000,6.00045620e-02,5.25045620e-02,3.500304,-3.48201538e-02,2.58997032e-03
2.069000,5.99697399e-02,5.24697399e-02,3.497983,-3.48221052e-02,2.59052848e-03
2.070000,5.99349126e-02,5.24349126e-02,3.495661,-3.48272535e-02,2.58660777e-03
2.071000,5.99000797e-02,5.24000797e-02,3.493339,-3.48329118e-02,2.61293860e-03
2.072000,5.98652445e-02,5.23652445e-02,3.491016,-3.48352014e-02,2.59967649e-03
2.073000,5.98304133e-02,5.23304133e-02,3.488694,-3.48311888e-02,2.61736166e-03
2.074000,5.97955849e-02,5.22955849e-02,3.486372,-3.48284043e-02,2.62709081e-03
2.075000,5.97607668e-02,5.22607668e-02,3.484051,-3.48180912e-02,2.60984911e-03
2.076000,5.97259592e-02,5.22259592e-02,3.481731,-3.48076319e-02,2.59860921e-03
2.077000,5.96911544e-02,5.21911544e-02,3.479410,-3.48048227e-02,2.60402656e-03
2.078000,5.96563496e-02,5.21563496e-02,3.477090,-3.48047468e-02,2.61527461e-03
2.079000,5.96215487e-02,5.21215487e-02,3.474770,-3.48009027e-02,2.61119977e-03
2.080000,5.95867546e-02,5.20867546e-02,3.472450,-3.47940852e-02,2.56470722e-03
2.081000,5.95519578e-02,5.20519578e-02,3.470131,-3.47968276e-02,2.58657874e-03
2.082000,5.95171468e-02,5.20171468e-02,3.467810,-3.48109711e-02,2.59397849e-03
2.083000,5.94823302e-02,5.19823302e-02,3.465489,-3.48166231e-02,2.60018502e-03
2.084000,5.94475115e-02,5.19475115e-02,3.463167,-3.48187474e-02,2.58666997e-03
2.085000,5.94126902e-02,5.19126902e-02,3.460846,-3.48212234e-02,2.58986999e-03
2.086000,5.93778627e-02,5.18778627e-02,3.458524,-3.48275720e-02,2.59432190e-03
2.087000,5.93430306e-02,5.18430306e-02,3.456202,-3.48320823e-02,2.61896030e-03
2.088000,5.93081998e-02,5.18081998e-02,3.453880,-3.48307736e-02,2.59927483e-03
2.089000,5.92733750e-02,5.17733750e-02,3.451558,-3.48248545e-02,2.62271317e-03
2.090000,5.92385537e-02,5.17385537e-02,3.449237,-3.48212555e-02,2.61875294e-03
2.091000,5.92037430e-02,5.17037430e-02,3.446916,-3.48106593e-02,2.61044634e-03
2.092000,5.91689402e-02,5.16689402e-02,3.444596,-3.48028327e-02,2.59842848e-03
2.093000,5.91341404e-02,5.16341404e-02,3.442276,-3.47998593e-02,2.60420130e-03
2.094000,5.90993405e-02,5.15993405e-02,3.439956,-3.47998119e-02,2.60839335e-03
2.095000,5.90645434e-02,5.15645434e-02,3.437636,-3.47971273e-02,2.61308756e-03
2.096000,5.90297512e-02,5.15297512e-02,3.435317,-3.47922359e-02,2.55983937e-03
2.097000,5.89949560e-02,5.14949560e-02,3.432997,-3.47952191e-02,2.58855389e-03
2.098000,5.89601453e-02,5.14601453e-02,3.430676,-3.48106120e-02,2.59386700e-03
2.099000,5.89253297e-02,5.14253297e-02,3.428355,-3.48156351e-02,2.60014207e-03
2.100000,5.88905119e-02,5.13905119e-02,3.426034,-3.48178036e-02,2.58708019e-03
2.101000,5.88556917e-02,5.13556917e-02,3.423713,-3.48202211e-02,2.59018831e-03
2.102000,5.88208653e-02,5.13208653e-02,3.421391,-3.48263786e-02,2.58897171e-03
2.103000,5.87860336e-02,5.12860336e-02,3.419069,-3.48317306e-02,2.61588513e-03
2.104000,5.87512009e-02,5.12512009e-02,3.416747,-3.48327228e-02,2.60297348e-03
2.105000,5.87163737e-02,5.12163737e-02,3.414425,-3.48271595e-02,2.61131707e-03
2.106000,5.86815493e-02,5.11815493e-02,3.412103,-3.48243611e-02,2.62598681e-03
2.107000,5.86467331e-02,5.11467331e-02,3.409782,-3.48162284e-02,2.60702107e-03
2.108000,5.86119265e-02,5.11119265e-02,3.407462,-3.48066318e-02,2.59860849e-03
2.109000,5.85771217e-02,5.10771217e-02,3.405141,-3.48047514e-02,2.60890469e-03
2.110000,5.85423179e-02,5.10423179e-02,3.402821,-3.48038132e-02,2.61323758e-03
2.111000,5.85075192e-02,5.10075192e-02,3.400501,-3.47987273e-02,2.60600808e-03
2.112000,5.84727257e-02,5.09727257e-02,3.398182,-3.47934968e-02,2.57253265e-03
2.113000,5.84379291e-02,5.09379291e-02,3.395862,-3.47965604e-02,2.58010017e-03
2.114000,5.84031198e-02,5.09031198e-02,3.393541,-3.48092796e-02,2.59356138e-03
2.115000,5.83683027e-02,5.08683027e-02,3.391220,-3.48171330e-02,2.60160740e-03
2.116000,5.83334836e-02,5.08334836e-02,3.388899,-3.48191428e-02,2.58347307e-03
2.117000,5.82986619e-02,5.07986619e-02,3.386577,-3.48217169e-02,2.59060713e-03
2.118000,5.82638329e-02,5.07638329e-02,3.384256,-3.48289851e-02,2.59769251e-03
2.119000,5.82290002e-02,5.07290002e-02,3.381933,-3.48326573e-02,2.61848235e-03
2.120000,5.81941699e-02,5.06941699e-02,3.379611,-3.48303262e-02,2.60110774e-03
2.121000,5.81593456e-02,5.06593456e-02,3.377290,-3.48242398e-02,2.62090972e-03
2.122000,5.81245253e-02,5.06245253e-02,3.374968,-3.48203578e-02,2.61631990e-03
2.123000,5.80897145e-02,5.05897145e-02,3.372648,-3.48107842e-02,2.61290965e-03
2.124000,5.80549112e-02,5.05549112e-02,3.370327,-3.48033210e-02,2.59617905e-03
2.125000,5.80201112e-02,5.05201112e-02,3.368007,-3.47999364e-02,2.60833288e-03
2.126000,5.79853113e-02,5.04853113e-02,3.365687,-3.47998971e-02,2.60620159e-03
2.127000,5.79505151e-02,5.04505151e-02,3.363368,-3.47962433e-02,2.60840927e-03
2.128000,5.79157222e-02,5.04157222e-02,3.361048,-3.47928989e-02,2.57021272e-03
2.129000,5.78809266e-02,5.03809266e-02,3.358728,-3.47955842e-02,2.58400121e-03
2.130000,5.78461182e-02,5.03461182e-02,3.356408,-3.48083754e-02,2.59210342e-03
2.131000,5.78113030e-02,5.03113030e-02,3.354087,-3.48152055e-02,2.59688588e-03
2.132000,5.77764845e-02,5.02764845e-02,3.351766,-3.48185290e-02,2.59228501e-03
2.133000,5.77416634e-02,5.02416634e-02,3.349444,-3.48210955e-02,2.59239617e-03
2.134000,5.77068383e-02,5.02068383e-02,3.347123,-3.48251533e-02,2.59046631e-03
2.135000,5.76720087e-02,5.01720087e-02,3.344801,-3.48295159e-02,2.61444291e-03
2.136000,5.76371785e-02,5.01371785e-02,3.342479,-3.48302722e-02,2.60177160e-03
2.137000,5.76023531e-02,5.01023531e-02,3.340157,-3.48253951e-02,2.60974087e-03
2.138000,5.75675298e-02,5.00675298e-02,3.337835,-3.48232702e-02,2.62451963e-03
2.139000,5.75327139e-02,5.00327139e-02,3.335514,-3.48159145e-02,2.61315152e-03
2.140000,5.74979082e-02,4.99979082e-02,3.333194,-3.48057157e-02,2.59300401e-03
2.141000,5.74631054e-02,4.99631054e-02,3.330874,-3.48028131e-02,2.61479779e-03
2.142000,5.74283027e-02,4.99283027e-02,3.328554,-3.48026733e-02,2.61309288e-03
2.143000,5.73935070e-02,4.98935070e-02,3.326234,-3.47956776e-02,2.59877986e-03
2.144000,5.73587152e-02,4.98587152e-02,3.323914,-3.47917729e-02,2.57643926e-03
2.145000,5.73239187e-02,4.98239187e-02,3.321595,-3.47965195e-02,2.58102589e-03
2.146000,5.72891109e-02,4.97891109e-02,3.319274,-3.48077920e-02,2.59379437e-03
2.147000,5.72542956e-02,4.97542956e-02,3.316953,-3.48153002e-02,2.59987399e-03
2.148000,5.72194781e-02,4.97194781e-02,3.314632,-3.48175400e-02,2.58805301e-03
2.149000,5.71846582e-02,4.96846582e-02,3.312311,-3.48198735e-02,2.58942019e-03
2.150000,5.71498324e-02,4.96498324e-02,3.309989,-3.48258474e-02,2.59962984e-03
2.151000,5.71150028e-02,4.96150028e-02,3.307667,-3.48295669e-02,2.61887248e-03
2.152000,5.70801763e-02,4.95801763e-02,3.305345,-3.48265305e-02,2.60527782e-03
2.153000,5.70453567e-02,4.95453567e-02,3.303024,-3.48195786e-02,2.60872596e-03
2.154000,5.70105402e-02,4.95105402e-02,3.300703,-3.48164816e-02,2.62620412e-03
2.155000,5.69757310e-02,4.94757310e-02,3.298382,-3.48091614e-02,2.60973447e-03
2.156000,5.69409320e-02,4.94409320e-02,3.296062,-3.47990136e-02,2.59373337e-03
2.157000,5.69061349e-02,4.94061349e-02,3.293742,-3.47971043e-02,2.61196347e-03
2.158000,5.68713377e-02,4.93713377e-02,3.291423,-3.47972262e-02,2.60943598e-03
2.159000,5.68365459e-02,4.93365459e-02,3.289103,-3.47918080e-02,2.60202171e-03
2.160000,5.68017574e-02,4.93017574e-02,3.286784,-3.47885310e-02,2.57266935e-03
2.161000,5.67669645e-02,4.92669645e-02,3.284464,-3.47928796e-02,2.57968697e-03
2.162000,5.67321589e-02,4.92321589e-02,3.282144,-3.48056270e-02,2.59479032e-03
2.163000,5.66973455e-02,4.91973455e-02,3.279823,-3.48133988e-02,2.60070872e-03
2.164000,5.66625303e-02,4.91625303e-02,3.277502,-3.48151638e-02,2.58942709e-03
2.165000,5.66277133e-02,4.91277133e-02,3.275181,-3.48169802e-02,2.59375430e-03
2.166000,5.65928916e-02,4.90928916e-02,3.272859,-3.48217364e-02,2.59276112e-03
2.167000,5.65580663e-02,4.90580663e-02,3.270538,-3.48252472e-02,2.61214075e-03
2.168000,5.65232407e-02,4.90232407e-02,3.268216,-3.48256570e-02,2.60345280e-03
2.169000,5.64884194e-02,4.89884194e-02,3.265895,-3.48212386e-02,2.60155450e-03
2.170000,5.64535994e-02,4.89535994e-02,3.263573,-3.48200092e-02,2.63955806e-03
2.171000,5.64187867e-02,4.89187867e-02,3.261252,-3.48126828e-02,2.60577551e-03
2.172000,5.63839879e-02,4.88839879e-02,3.258933,-3.47988494e-02,2.59090044e-03
2.173000,5.63491892e-02,4.88491892e-02,3.256613,-3.47987412e-02,2.61047856e-03
2.174000,5.63143891e-02,4.88143891e-02,3.254293,-3.48000561e-02,2.61754840e-03
2.175000,5.62795954e-02,4.87795954e-02,3.251973,-3.47936910e-02,2.59925457e-03
2.176000,5.62448072e-02,4.87448072e-02,3.249654,-3.47882391e-02,2.57280352e-03
2.177000,5.62100137e-02,4.87100137e-02,3.247334,-3.47934727e-02,2.57801299e-03
2.178000,5.61752072e-02,4.86752072e-02,3.245014,-3.48064720e-02,2.59593387e-03
2.179000,5.61403926e-02,4.86403926e-02,3.242693,-3.48145914e-02,2.60346431e-03
2.180000,5.61055771e-02,4.86055771e-02,3.240372,-3.48154936e-02,2.58892803e-03
2.181000,5.60707606e-02,4.85707606e-02,3.238051,-3.48164932e-02,2.58905759e-03
2.182000,5.60359384e-02,4.85359384e-02,3.235729,-3.48222439e-02,2.59817309e-03
2.183000,5.60011121e-02,4.85011121e-02,3.233407,-3.48263401e-02,2.61652667e-03
2.184000,5.59662879e-02,4.84662879e-02,3.231086,-3.48241969e-02,2.60894518e-03
2.185000,5.59314705e-02,4.84314705e-02,3.228765,-3.48173669e-02,2.60641915e-03
2.186000,5.58966570e-02,4.83966570e-02,3.226444,-3.48134735e-02,2.63062522e-03
2.187000,5.58618509e-02,4.83618509e-02,3.224123,-3.48061290e-02,2.60786622e-03
2.188000,5.58270560e-02,4.83270560e-02,3.221804,-3.47948596e-02,2.58840382e-03
2.189000,5.57922615e-02,4.82922615e-02,3.219484,-3.47945063e-02,2.61346771e-03
2.190000,5.57574654e-02,4.82574654e-02,3.217164,-3.47961125e-02,2.60913844e-03
2.191000,5.57226752e-02,4.82226752e-02,3.214845,-3.47902529e-02,2.60157198e-03
2.192000,5.56878880e-02,4.81878880e-02,3.212526,-3.47871532e-02,2.57370169e-03
2.193000,5.56530965e-02,4.81530965e-02,3.210206,-3.47914669e-02,2.57649860e-03
2.194000,5.56182921e-02,4.81182921e-02,3.207886,-3.48044391e-02,2.59589331e-03
2.195000,5.55834790e-02,4.80834790e-02,3.205565,-3.48130630e-02,2.60282905e-03
2.196000,5.55486650e-02,4.80486650e-02,3.203244,-3.48140908e-02,2.59033607e-03
2.197000,5.55138499e-02,4.80138499e-02,3.200923,-3.48150501e-02,2.59291817e-03
2.198000,5.54790302e-02,4.79790302e-02,3.198602,-3.48196557e-02,2.59347300e-03
2.199000,5.54442069e-02,4.79442069e-02,3.196280,-3.48233151e-02,2.61787628e-03
2.200000,5.54093845e-02,4.79093845e-02,3.193959,-3.48224769e-02,2.59919196e-03
2.201000,5.53745675e-02,4.78745675e-02,3.191638,-3.48169284e-02,2.60491485e-03
2.202000,5.53397510e-02,4.78397510e-02,3.189317,-3.48165041e-02,2.63380031e-03
2.203000,5.53049419e-02,4.78049419e-02,3.186996,-3.48090922e-02,2.61177599e-03
2.204000,5.52701458e-02,4.77701458e-02,3.184676,-3.47960886e-02,2.58594040e-03
2.205000,5.52353510e-02,4.77353510e-02,3.182357,-3.47948869e-02,2.61664089e-03
2.206000,5.52005542e-02,4.77005542e-02,3.180037,-3.47967410e-02,2.61385639e-03
2.207000,5.51657652e-02,4.76657652e-02,3.177718,-3.47890050e-02,2.59870062e-03
2.208000,5.51309803e-02,4.76309803e-02,3.175399,-3.47848636e-02,2.57203361e-03
2.209000,5.50961899e-02,4.75961899e-02,3.173079,-3.47904153e-02,2.57412768e-03
2.210000,5.50613856e-02,4.75613856e-02,3.170759,-3.48043545e-02,2.59582279e-03
2.211000,5.50265718e-02,4.75265718e-02,3.168438,-3.48137695e-02,2.60778156e-03
2.212000,5.49917579e-02,4.74917579e-02,3.166117,-3.48139447e-02,2.59218713e-03
2.213000,5.49569449e-02,4.74569449e-02,3.163796,-3.48129502e-02,2.58364397e-03
2.214000,5.49221263e-02,4.74221263e-02,3.161475,-3.48185879e-02,2.59971733e-03
2.215000,5.48873021e-02,4.73873021e-02,3.159153,-3.48241889e-02,2.62039313e-03
2.216000,5.48524813e-02,4.73524813e-02,3.156832,-3.48208548e-02,2.60670951e-03
2.217000,5.48176681e-02,4.73176681e-02,3.154511,-3.48131504e-02,2.60841746e-03
2.218000,5.47828585e-02,4.72828585e-02,3.152191,-3.48096378e-02,2.62393156e-03
2.219000,5.47480557e-02,4.72480557e-02,3.149870,-3.48028208e-02,2.61265039e-03
2.220000,5.47132628e-02,4.72132628e-02,3.147551,-3.47929036e-02,2.59067035e-03
2.221000,5.46784722e-02,4.71784722e-02,3.145231,-3.47905783e-02,2.61526443e-03
2.222000,5.46436811e-02,4.71436811e-02,3.142912,-3.47911224e-02,2.60479478e-03
2.223000,5.46088956e-02,4.71088956e-02,3.140593,-3.47854409e-02,2.59886038e-03
2.224000,5.45741114e-02,4.70741114e-02,3.138274,-3.47842472e-02,2.58074862e-03
2.225000,5.45393232e-02,4.70393232e-02,3.135955,-3.47882053e-02,2.57356559e-03
2.226000,5.45045238e-02,4.70045238e-02,3.133635,-3.47993818e-02,2.59387400e-03
2.227000,5.44697145e-02,4.69697145e-02,3.131314,-3.48093260e-02,2.60078687e-03
2.228000,5.44349031e-02,4.69349031e-02,3.128994,-3.48113782e-02,2.58945553e-03
2.229000,5.44000899e-02,4.69000899e-02,3.126673,-3.48131639e-02,2.59392705e-03
2.230000,5.43652720e-02,4.68652720e-02,3.124351,-3.48178802e-02,2.59823472e-03
2.231000,5.43304517e-02,4.68304517e-02,3.122030,-3.48203662e-02,2.61489459e-03
2.232000,5.42956332e-02,4.67956332e-02,3.119709,-3.48184915e-02,2.59707310e-03
2.233000,5.42608189e-02,4.67608189e-02,3.117388,-3.48142969e-02,2.60635811e-03
2.234000,5.42260046e-02,4.67260046e-02,3.115067,-3.48143132e-02,2.63458679e-03
2.235000,5.41911983e-02,4.66911983e-02,3.112747,-3.48062883e-02,2.60833920e-03
2.236000,5.41564046e-02,4.66564046e-02,3.110427,-3.47936342e-02,2.59367322e-03
2.237000,5.41216125e-02,4.66216125e-02,3.108108,-3.47921937e-02,2.61275929e-03
2.238000,5.40868203e-02,4.65868203e-02,3.105788,-3.47921947e-02,2.61423250e-03
2.239000,5.40520346e-02,4.65520346e-02,3.103469,-3.47856669e-02,2.58479738e-03
2.240000,5.40172507e-02,4.65172507e-02,3.101150,-3.47838606e-02,2.58947260e-03
2.241000,5.39824598e-02,4.64824598e-02,3.098831,-3.47908944e-02,2.57603470e-03
2.242000,5.39476611e-02,4.64476611e-02,3.096511,-3.47987692e-02,2.58450990e-03
2.243000,5.39128515e-02,4.64128515e-02,3.094190,-3.48095585e-02,2.61241424e-03
2.244000,5.38780389e-02,4.63780389e-02,3.091869,-3.48126298e-02,2.58961887e-03
2.245000,5.38432283e-02,4.63432283e-02,3.089549,-3.48105680e-02,2.58262072e-03
2.246000,5.38084111e-02,4.63084111e-02,3.087227,-3.48172301e-02,2.60534462e-03
2.247000,5.37735889e-02,4.62735889e-02,3.084906,-3.48221720e-02,2.61337787e-03
2.248000,5.37387707e-02,4.62387707e-02,3.082585,-3.48182304e-02,2.60959541e-03
2.249000,5.37039584e-02,4.62039584e-02,3.080264,-3.48123196e-02,2.61642888e-03
2.250000,5.36691519e-02,4.61691519e-02,3.077943,-3.48064424e-02,2.62273171e-03
2.251000,5.36343547e-02,4.61343547e-02,3.075624,-3.47972065e-02,2.60543762e-03
2.252000,5.35995658e-02,4.60995658e-02,3.073304,-3.47889590e-02,2.59515373e-03
2.253000,5.35647775e-02,4.60647775e-02,3.070985,-3.47882096e-02,2.61534630e-03
2.254000,5.35299903e-02,4.60299903e-02,3.068666,-3.47872668e-02,2.61245594e-03
2.255000,5.34952101e-02,4.59952101e-02,3.066347,-3.47802036e-02,2.58800655e-03
2.256000,5.34604317e-02,4.59604317e-02,3.064029,-3.47784132e-02,2.57898424e-03
2.257000,5.34256454e-02,4.59256454e-02,3.061710,-3.47862479e-02,2.57522047e-03
2.258000,5.33908477e-02,4.58908477e-02,3.059390,-3.47977112e-02,2.59717864e-03
2.259000,5.33560412e-02,4.58560412e-02,3.057069,-3.48065276e-02,2.60391324e-03
2.260000,5.33212342e-02,4.58212342e-02,3.054749,-3.48069416e-02,2.59055830e-03
2.261000,5.32864267e-02,4.57864267e-02,3.052428,-3.48075055e-02,2.58455338e-03
2.262000,5.32516132e-02,4.57516132e-02,3.050108,-3.48135173e-02,2.60014548e-03
2.263000,5.32167945e-02,4.57167945e-02,3.047786,-3.48187439e-02,2.61640672e-03
2.264000,5.31819785e-02,4.56819785e-02,3.045465,-3.48159742e-02,2.59809269e-03
2.265000,5.31471674e-02,4.56471674e-02,3.043144,-3.48111027e-02,2.61137640e-03
2.266000,5.31123575e-02,4.56123575e-02,3.040824,-3.48098968e-02,2.63396641e-03
2.267000,5.30775572e-02,4.55775572e-02,3.038504,-3.48003334e-02,2.61165524e-03
2.268000,5.30427699e-02,4.55427699e-02,3.036185,-3.47872967e-02,2.59246560e-03
2.269000,5.30079849e-02,4.55079849e-02,3.033866,-3.47849808e-02,2.61462054e-03
2.270000,5.29731998e-02,4.54731998e-02,3.031547,-3.47850491e-02,2.61347107e-03
2.271000,5.29384218e-02,4.54384218e-02,3.029228,-3.47780447e-02,2.57958556e-03
2.272000,5.29036444e-02,4.54036444e-02,3.026910,-3.47774101e-02,2.58833934e-03
2.273000,5.28688580e-02,4.53688580e-02,3.024591,-3.47863561e-02,2.57429713e-03
2.274000,5.28340631e-02,4.53340631e-02,3.022271,-3.47949103e-02,2.59641989e-03
2.275000,5.27992589e-02,4.52992589e-02,3.019951,-3.48041640e-02,2.60231898e-03
2.276000,5.27644538e-02,4.52644538e-02,3.017630,-3.48051092e-02,2.59089641e-03
2.277000,5.27296477e-02,4.52296477e-02,3.015310,-3.48061369e-02,2.57990134e-03
2.278000,5.26948348e-02,4.51948348e-02,3.012989,-3.48128603e-02,2.60943635e-03
2.279000,5.26600169e-02,4.51600169e-02,3.010668,-3.48179717e-02,2.60825324e-03
2.280000,5.26252033e-02,4.51252033e-02,3.008347,-3.48135926e-02,2.61476658e-03
2.281000,5.25903948e-02,4.50903948e-02,3.006026,-3.48084503e-02,2.61340822e-03
2.282000,5.25555934e-02,4.50555934e-02,3.003706,-3.48014090e-02,2.62242433e-03
2.283000,5.25208002e-02,4.50208002e-02,3.001387,-3.47932195e-02,2.61468912e-03
2.284000,5.24860168e-02,4.49860168e-02,2.999068,-3.47834369e-02,2.59184859e-03
2.285000,5.24512365e-02,4.49512365e-02,2.996749,-3.47802337e-02,2.61871706e-03
2.286000,5.24164567e-02,4.49164567e-02,2.994430,-3.47797803e-02,2.59850995e-03
2.287000,5.23816827e-02,4.48816827e-02,2.992112,-3.47740762e-02,2.58655752e-03
2.288000,5.23469055e-02,4.48469055e-02,2.989794,-3.47771222e-02,2.58635915e-03
2.289000,5.23121214e-02,4.48121214e-02,2.987475,-3.47841286e-02,2.57530846e-03
2.290000,5.22773283e-02,4.47773283e-02,2.985155,-3.47931543e-02,2.59504404e-03
2.291000,5.22425259e-02,4.47425259e-02,2.982835,-3.48023192e-02,2.60792760e-03
2.292000,5.22077232e-02,4.47077232e-02,2.980515,-3.48027243e-02,2.59357350e-03
2.293000,5.21729218e-02,4.46729218e-02,2.978195,-3.48014367e-02,2.57998383e-03
2.294000,5.21381145e-02,4.46381145e-02,2.975874,-3.48072663e-02,2.59831188e-03
2.295000,5.21033002e-02,4.46033002e-02,2.973553,-3.48143179e-02,2.60793710e-03
2.296000,5.20684866e-02,4.45684866e-02,2.971232,-3.48136481e-02,2.61098703e-03
2.297000,5.20336773e-02,4.45336773e-02,2.968912,-3.48092780e-02,2.61364312e-03
2.298000,5.19988738e-02,4.44988738e-02,2.966592,-3.48034365e-02,2.63067445e-03
2.299000,5.19640801e-02,4.44640801e-02,2.964272,-3.47937109e-02,2.60735810e-03
2.300000,5.19292976e-02,4.44292976e-02,2.961953,-3.47825152e-02,2.59244506e-03
2.301000,5.18945160e-02,4.43945160e-02,2.959634,-3.47816141e-02,2.61810317e-03
2.302000,5.18597349e-02,4.43597349e-02,2.957316,-3.47810734e-02,2.60899337e-03
2.303000,5.18249612e-02,4.43249612e-02,2.954997,-3.47737171e-02,2.58064101e-03
2.304000,5.17901868e-02,4.42901868e-02,2.952679,-3.47743664e-02,2.58833621e-03
2.305000,5.17554039e-02,4.42554039e-02,2.950360,-3.47829662e-02,2.57452901e-03
2.306000,5.17206124e-02,4.42206124e-02,2.948041,-3.47914805e-02,2.59557482e-03
2.307000,5.16858116e-02,4.41858116e-02,2.945721,-3.48008075e-02,2.60308593e-03
2.308000,5.16510097e-02,4.41510097e-02,2.943401,-3.48018945e-02,2.59732398e-03
2.309000,5.16162082e-02,4.41162082e-02,2.941081,-3.48015337e-02,2.57654189e-03
2.310000,5.15814014e-02,4.40814014e-02,2.938760,-3.48067403e-02,2.60535664e-03
2.311000,5.15465877e-02,4.40465877e-02,2.936439,-3.48136765e-02,2.60234797e-03
2.312000,5.15117761e-02,4.40117761e-02,2.934118,-3.48116815e-02,2.63311827e-03
2.313000,5.14769708e-02,4.39769708e-02,2.931798,-3.48052332e-02,2.61694119e-03
2.314000,5.14421793e-02,4.39421793e-02,2.929479,-3.47915403e-02,2.61308304e-03
2.315000,5.14073954e-02,4.39073954e-02,2.927160,-3.47838424e-02,2.60854544e-03
2.316000,5.13726172e-02,4.38726172e-02,2.924841,-3.47782140e-02,2.59167442e-03
2.317000,5.13378402e-02,4.38378402e-02,2.922523,-3.47770593e-02,2.62408941e-03
2.318000,5.13030645e-02,4.38030645e-02,2.920204,-3.47757130e-02,2.60536168e-03
2.319000,5.12682974e-02,4.37682974e-02,2.917886,-3.47670330e-02,2.58006390e-03
2.320000,5.12335284e-02,4.37335284e-02,2.915569,-3.47689770e-02,2.57471611e-03
2.321000,5.11987483e-02,4.36987483e-02,2.913250,-3.47801750e-02,2.58253946e-03
2.322000,5.11639565e-02,4.36639565e-02,2.910930,-3.47917457e-02,2.59849493e-03
2.323000,5.11291586e-02,4.36291586e-02,2.908611,-3.47979256e-02,2.60467795e-03
2.324000,5.10943608e-02,4.35943608e-02,2.906291,-3.47977721e-02,2.59477922e-03
2.325000,5.10595635e-02,4.35595635e-02,2.903971,-3.47973384e-02,2.58055929e-03
2.326000,5.10247608e-02,4.35247608e-02,2.901651,-3.48026703e-02,2.59940063e-03
2.327000,5.09899515e-02,4.34899515e-02,2.899330,-3.48093404e-02,2.60421836e-03
2.328000,5.09551425e-02,4.34551425e-02,2.897010,-3.48089707e-02,2.61925653e-03
2.329000,5.09203382e-02,4.34203382e-02,2.894689,-3.48043595e-02,2.61606348e-03
2.330000,5.08855428e-02,4.33855428e-02,2.892370,-3.47953741e-02,2.62532864e-03
2.331000,5.08507570e-02,4.33507570e-02,2.890050,-3.47857990e-02,2.60651232e-03
2.332000,5.08159805e-02,4.33159805e-02,2.887732,-3.47765085e-02,2.59063093e-03
2.333000,5.07812043e-02,4.32812043e-02,2.885414,-3.47762060e-02,2.62083221e-03
2.334000,5.07464285e-02,4.32464285e-02,2.883095,-3.47757784e-02,2.61587494e-03
2.335000,5.07116622e-02,4.32116622e-02,2.880777,-3.47663090e-02,2.57268213e-03
2.336000,5.06768961e-02,4.31768961e-02,2.878460,-3.47661057e-02,2.58151502e-03
2.337000,5.06421175e-02,4.31421175e-02,2.876141,-3.47785256e-02,2.58555563e-03
2.338000,5.06073302e-02,4.31073302e-02,2.873822,-3.47873301e-02,2.59688923e-03
2.339000,5.05725374e-02,4.30725374e-02,2.871502,-3.47928034e-02,2.59538762e-03
2.340000,5.05377426e-02,4.30377426e-02,2.869183,-3.47948201e-02,2.59926986e-03
2.341000,5.05029459e-02,4.30029459e-02,2.866863,-3.47966434e-02,2.58205683e-03
2.342000,5.04681457e-02,4.29681457e-02,2.864543,-3.48002357e-02,2.60518165e-03
2.343000,5.04333403e-02,4.29333403e-02,2.862223,-3.48053916e-02,2.60097766e-03
2.344000,5.03985366e-02,4.28985366e-02,2.859902,-3.48036964e-02,2.63232709e-03
2.345000,5.03637388e-02,4.28637388e-02,2.857583,-3.47978381e-02,2.61591448e-03
2.346000,5.03289542e-02,4.28289542e-02,2.855264,-3.47845866e-02,2.61404607e-03
2.347000,5.02941771e-02,4.27941771e-02,2.852945,-3.47770556e-02,2.61220251e-03
2.348000,5.02594067e-02,4.27594067e-02,2.850627,-3.47704642e-02,2.59007716e-03
2.349000,5.02246383e-02,4.27246383e-02,2.848309,-3.47683909e-02,2.61563657e-03
2.350000,5.01898692e-02,4.26898692e-02,2.845991,-3.47690640e-02,2.61049834e-03
2.351000,5.01551070e-02,4.26551070e-02,2.843674,-3.47622516e-02,2.57936822e-03
2.352000,5.01203443e-02,4.26203443e-02,2.841356,-3.47626317e-02,2.57351455e-03
2.353000,5.00855701e-02,4.25855701e-02,2.839038,-3.47742706e-02,2.59047332e-03
2.354000,5.00507852e-02,4.25507852e-02,2.836719,-3.47848330e-02,2.59608401e-03
2.355000,5.00159964e-02,4.25159964e-02,2.834400,-3.47888336e-02,2.60111619e-03
2.356000,4.99812063e-02,4.24812063e-02,2.832080,-3.47901017e-02,2.59235422e-03
2.357000,4.99464150e-02,4.24464150e-02,2.829761,-3.47912666e-02,2.58750759e-03
2.358000,4.99116189e-02,4.24116189e-02,2.827441,-3.47961662e-02,2.59975810e-03
2.359000,4.98768184e-02,4.23768184e-02,2.825121,-3.48004911e-02,2.59491922e-03
2.360000,4.98420167e-02,4.23420167e-02,2.822801,-3.48016485e-02,2.62483317e-03
2.361000,4.98072176e-02,4.23072176e-02,2.820481,-3.47991051e-02,2.61654747e-03
2.362000,4.97724294e-02,4.22724294e-02,2.818162,-3.47882027e-02,2.62270885e-03
2.363000,4.97376505e-02,4.22376505e-02,2.815843,-3.47789319e-02,2.61050237e-03
2.364000,4.97028807e-02,4.22028807e-02,2.813525,-3.47697962e-02,2.58988736e-03
2.365000,4.96681124e-02,4.21681124e-02,2.811207,-3.47683148e-02,2.61967001e-03
2.366000,4.96333440e-02,4.21333440e-02,2.808890,-3.47683369e-02,2.61089292e-03
2.367000,4.95985839e-02,4.20985839e-02,2.806572,-3.47601301e-02,2.57229494e-03
2.368000,4.95638223e-02,4.20638223e-02,2.804255,-3.47616315e-02,2.58712994e-03
2.369000,4.95290491e-02,4.20290491e-02,2.801937,-3.47731856e-02,2.58112789e-03
2.370000,4.94942682e-02,4.19942682e-02,2.799618,-3.47809291e-02,2.59898422e-03
2.371000,4.94594807e-02,4.19594807e-02,2.797299,-3.47874861e-02,2.59466004e-03
2.372000,4.94246917e-02,4.19246917e-02,2.794979,-3.47889434e-02,2.60037162e-03
2.373000,4.93899009e-02,4.18899009e-02,2.792660,-3.47908109e-02,2.58464510e-03
2.374000,4.93551073e-02,4.18551073e-02,2.790340,-3.47935836e-02,2.60828102e-03
2.375000,4.93203100e-02,4.18203100e-02,2.788021,-3.47973414e-02,2.59681143e-03
2.376000,4.92855146e-02,4.17855146e-02,2.785701,-3.47953651e-02,2.63435378e-03
2.377000,4.92507241e-02,4.17507241e-02,2.783382,-3.47905166e-02,2.60747932e-03
2.378000,4.92159460e-02,4.17159460e-02,2.781063,-3.47780911e-02,2.61858915e-03
2.379000,4.91811735e-02,4.16811735e-02,2.778745,-3.47725270e-02,2.61032888e-03
2.380000,4.91464087e-02,4.16464087e-02,2.776427,-3.47647749e-02,2.59919496e-03
2.381000,4.91116470e-02,4.16116470e-02,2.774110,-3.47617045e-02,2.61026626e-03
2.382000,4.90768867e-02,4.15768867e-02,2.771792,-3.47603329e-02,2.60854596e-03
2.383000,4.90421311e-02,4.15421311e-02,2.769475,-3.47556295e-02,2.57558070e-03
2.384000,4.90073737e-02,4.15073737e-02,2.767158,-3.47573206e-02,2.57901162e-03
2.385000,4.89726045e-02,4.14726045e-02,2.764840,-3.47692312e-02,2.58912374e-03
2.386000,4.89378263e-02,4.14378263e-02,2.762522,-3.47782269e-02,2.59792215e-03
2.387000,4.89030439e-02,4.14030439e-02,2.760203,-3.47823457e-02,2.59855142e-03
2.388000,4.88682605e-02,4.13682605e-02,2.757884,-3.47834637e-02,2.59292008e-03
2.389000,4.88334751e-02,4.13334751e-02,2.755565,-3.47853709e-02,2.58900697e-03
2.390000,4.87986853e-02,4.12986853e-02,2.753246,-3.47898195e-02,2.60249723e-03
2.391000,4.87638921e-02,4.12638921e-02,2.750926,-3.47931676e-02,2.59565709e-03
2.392000,4.87290988e-02,4.12290988e-02,2.748607,-3.47932949e-02,2.62839119e-03
2.393000,4.86943089e-02,4.11943089e-02,2.746287,-3.47898799e-02,2.60972456e-03
2.394000,4.86595299e-02,4.11595299e-02,2.743969,-3.47790156e-02,2.62520692e-03
2.395000,4.86247584e-02,4.11247584e-02,2.741651,-3.47715438e-02,2.60943682e-03
2.396000,4.85899966e-02,4.10899966e-02,2.739333,-3.47617761e-02,2.59813155e-03
2.397000,4.85552374e-02,4.10552374e-02,2.737016,-3.47591868e-02,2.61354173e-03
2.398000,4.85204798e-02,4.10204798e-02,2.734699,-3.47575851e-02,2.60863189e-03
2.399000,4.84857280e-02,4.09857280e-02,2.732382,-3.47517908e-02,2.57075766e-03
2.400000,4.84509737e-02,4.09509737e-02,2.730065,-3.47543066e-02,2.59131215e-03
2.401000,4.84162081e-02,4.09162081e-02,2.727747,-3.47656260e-02,2.58122933e-03
2.402000,4.83814361e-02,4.08814361e-02,2.725429,-3.47719780e-02,2.59793321e-03
2.403000,4.83466574e-02,4.08466574e-02,2.723110,-3.47786875e-02,2.59331166e-03
2.404000,4.83118767e-02,4.08118767e-02,2.720792,-3.47807285e-02,2.59525093e-03
2.405000,4.82770928e-02,4.07770928e-02,2.718473,-3.47839443e-02,2.58929754e-03
2.406000,4.82423052e-02,4.07423052e-02,2.716154,-3.47875760e-02,2.61207733e-03
2.407000,4.82075161e-02,4.07075161e-02,2.713834,-3.47891346e-02,2.59794026e-03
2.408000,4.81727303e-02,4.06727303e-02,2.711515,-3.47857119e-02,2.62774615e-03
2.409000,4.81379487e-02,4.06379487e-02,2.709197,-3.47816612e-02,2.61790608e-03
2.410000,4.81031791e-02,4.06031791e-02,2.706879,-3.47695619e-02,2.61738568e-03
2.411000,4.80684183e-02,4.05684183e-02,2.704561,-3.47607862e-02,2.61172715e-03
2.412000,4.80336652e-02,4.05336652e-02,2.702244,-3.47531821e-02,2.59199950e-03
2.413000,4.79989142e-02,4.04989142e-02,2.699928,-3.47509250e-02,2.61325481e-03
2.414000,4.79641628e-02,4.04641628e-02,2.697611,-3.47513879e-02,2.60939132e-03
2.415000,4.79294173e-02,4.04294173e-02,2.695294,-3.47455536e-02,2.57463827e-03
2.416000,4.78946702e-02,4.03946702e-02,2.692978,-3.47471337e-02,2.57538562e-03
2.417000,4.78599102e-02,4.03599102e-02,2.690661,-3.47599951e-02,2.59593752e-03
2.418000,4.78251412e-02,4.03251412e-02,2.688343,-3.47689766e-02,2.59533713e-03
2.419000,4.77903699e-02,4.02903699e-02,2.686025,-3.47713148e-02,2.59656805e-03
2.420000,4.77555962e-02,4.02555962e-02,2.683706,-3.47736325e-02,2.58632075e-03
2.421000,4.77208189e-02,4.02208189e-02,2.681388,-3.47773581e-02,2.59176723e-03
2.422000,4.76860354e-02,4.01860354e-02,2.679069,-3.47834859e-02,2.60828744e-03
2.423000,4.76512505e-02,4.01512505e-02,2.676750,-3.47849035e-02,2.59701422e-03
2.424000,4.76164676e-02,4.01164676e-02,2.674431,-3.47828893e-02,2.62180525e-03
2.425000,4.75816874e-02,4.00816874e-02,2.672112,-3.47801933e-02,2.62040177e-03
2.426000,4.75469178e-02,4.00469178e-02,2.669795,-3.47696037e-02,2.62611063e-03
2.427000,4.75121593e-02,4.00121593e-02,2.667477,-3.47584655e-02,2.60332275e-03
2.428000,4.74774099e-02,3.99774099e-02,2.665161,-3.47494822e-02,2.59655009e-03
2.429000,4.74426607e-02,3.99426607e-02,2.662844,-3.47491805e-02,2.61116680e-03
2.430000,4.74079122e-02,3.99079122e-02,2.660527,-3.47485182e-02,2.61565149e-03
2.431000,4.73731699e-02,3.98731699e-02,2.658211,-3.47422625e-02,2.57410001e-03
2.432000,4.73384280e-02,3.98384280e-02,2.655895,-3.47418819e-02,2.58086241e-03
2.433000,4.73036741e-02,3.98036741e-02,2.653578,-3.47539516e-02,2.59103069e-03
2.434000,4.72689121e-02,3.97689121e-02,2.651261,-3.47620022e-02,2.59485002e-03
2.435000,4.72341460e-02,3.97341460e-02,2.648943,-3.47660380e-02,2.59237828e-03
2.436000,4.71993768e-02,3.96993768e-02,2.646625,-3.47692566e-02,2.59254196e-03
2.437000,4.71646035e-02,3.96646035e-02,2.644307,-3.47732580e-02,2.59126172e-03
2.438000,4.71298261e-02,3.96298261e-02,2.641988,-3.47774320e-02,2.61342434e-03
2.439000,4.70950480e-02,3.95950480e-02,2.639670,-3.47781073e-02,2.59840004e-03
2.440000,4.70602738e-02,3.95602738e-02,2.637352,-3.47741609e-02,2.62726655e-03
2.441000,4.70255038e-02,3.95255038e-02,2.635034,-3.47700440e-02,2.61713009e-03
2.442000,4.69907455e-02,3.94907455e-02,2.632716,-3.47582394e-02,2.61986031e-03
2.443000,4.69559962e-02,3.94559962e-02,2.630400,-3.47492810e-02,2.60561011e-03
2.444000,4.69212543e-02,3.94212543e-02,2.628084,-3.47419460e-02,2.59482089e-03
2.445000,4.68865131e-02,3.93865131e-02,2.625768,-3.47411988e-02,2.60708888e-03
2.446000,4.68517713e-02,3.93517713e-02,2.623451,-3.47418256e-02,2.61714751e-03
2.447000,4.68170346e-02,3.93170346e-02,2.621136,-3.47366446e-02,2.57390529e-03
2.448000,4.67822988e-02,3.92822988e-02,2.618820,-3.47358071e-02,2.57629077e-03
2.449000,4.67475501e-02,3.92475501e-02,2.616503,-3.47487491e-02,2.59566103e-03
2.450000,4.67127926e-02,3.92127926e-02,2.614186,-3.47574823e-02,2.59915070e-03
2.451000,4.66780333e-02,3.91780333e-02,2.611869,-3.47592369e-02,2.59523616e-03
2.452000,4.66432728e-02,3.91432728e-02,2.609552,-3.47605377e-02,2.58419463e-03
2.453000,4.66085077e-02,3.91085077e-02,2.607234,-3.47650767e-02,2.59342620e-03
2.454000,4.65737361e-02,3.90737361e-02,2.604916,-3.47716093e-02,2.60823652e-03
2.455000,4.65389636e-02,3.90389636e-02,2.602598,-3.47724912e-02,2.60009151e-03
2.456000,4.65041937e-02,3.90041937e-02,2.600280,-3.47699494e-02,2.62202148e-03
2.457000,4.64694275e-02,3.89694275e-02,2.597962,-3.47662045e-02,2.61971271e-03
2.458000,4.64346718e-02,3.89346718e-02,2.595645,-3.47556658e-02,2.61630962e-03
2.459000,4.63999253e-02,3.88999253e-02,2.593328,-3.47464871e-02,2.61063649e-03
2.460000,4.63651859e-02,3.88651859e-02,2.591012,-3.47394293e-02,2.59563709e-03
2.461000,4.63304490e-02,3.88304490e-02,2.588697,-3.47368871e-02,2.61292221e-03
2.462000,4.62957128e-02,3.87957128e-02,2.586381,-3.47362142e-02,2.61487181e-03
2.463000,4.62609833e-02,3.87609833e-02,2.584066,-3.47295199e-02,2.57271960e-03
2.464000,4.62262536e-02,3.87262536e-02,2.581750,-3.47296395e-02,2.58333218e-03
2.465000,4.61915119e-02,3.86915119e-02,2.579434,-3.47417257e-02,2.59070514e-03
2.466000,4.61567629e-02,3.86567629e-02,2.577118,-3.47490228e-02,2.59896655e-03
2.467000,4.61220105e-02,3.86220105e-02,2.574801,-3.47524376e-02,2.58887857e-03
2.468000,4.60872555e-02,3.85872555e-02,2.572484,-3.47549231e-02,2.59517826e-03
2.469000,4.60524959e-02,3.85524959e-02,2.570166,-3.47596077e-02,2.59084463e-03
2.470000,4.60177329e-02,3.85177329e-02,2.567849,-3.47629896e-02,2.61469843e-03
2.471000,4.59829694e-02,3.84829694e-02,2.565531,-3.47635766e-02,2.59960880e-03
2.472000,4.59482104e-02,3.84482104e-02,2.563214,-3.47589980e-02,2.62638008e-03
2.473000,4.59134557e-02,3.84134557e-02,2.560897,-3.47546409e-02,2.61472241e-03
2.474000,4.58787122e-02,3.83787122e-02,2.558581,-3.47435532e-02,2.61622695e-03
2.475000,4.58439761e-02,3.83439761e-02,2.556265,-3.47360281e-02,2.61010946e-03
2.476000,4.58092470e-02,3.83092470e-02,2.553950,-3.47290906e-02,2.59554100e-03
2.477000,4.57745203e-02,3.82745203e-02,2.551635,-3.47267385e-02,2.60674211e-03
2.478000,4.57397931e-02,3.82397931e-02,2.549320,-3.47271900e-02,2.61638229e-03
2.479000,4.57050709e-02,3.82050709e-02,2.547005,-3.47222582e-02,2.56938341e-03
2.480000,4.56703484e-02,3.81703484e-02,2.544690,-3.47224717e-02,2.58286440e-03
2.481000,4.56356126e-02,3.81356126e-02,2.542374,-3.47357363e-02,2.59485723e-03
2.482000,4.56008702e-02,3.81008702e-02,2.540058,-3.47424528e-02,2.60043448e-03
2.483000,4.55661260e-02,3.80661260e-02,2.537742,-3.47442443e-02,2.59074116e-03
2.484000,4.55313800e-02,3.80313800e-02,2.535425,-3.47459184e-02,2.58736603e-03
2.485000,4.54966287e-02,3.79966287e-02,2.533109,-3.47513728e-02,2.59236515e-03
2.486000,4.54618716e-02,3.79618716e-02,2.530791,-3.47570515e-02,2.60909194e-03
2.487000,4.54271135e-02,3.79271135e-02,2.528474,-3.47581306e-02,2.60084989e-03
2.488000,4.53923583e-02,3.78923583e-02,2.526157,-3.47551738e-02,2.62214266e-03
2.489000,4.53576071e-02,3.78576071e-02,2.523840,-3.47511584e-02,2.62001010e-03
2.490000,4.53228666e-02,3.78228666e-02,2.521524,-3.47405273e-02,2.61311678e-03
2.491000,4.52881348e-02,3.77881348e-02,2.519209,-3.47318156e-02,2.61375502e-03
2.492000,4.52534095e-02,3.77534095e-02,2.516894,-3.47252548e-02,2.59576535e-03
2.493000,4.52186879e-02,3.77186879e-02,2.514579,-3.47216658e-02,2.61324598e-03
2.494000,4.51839670e-02,3.76839670e-02,2.512264,-3.47208935e-02,2.61210972e-03
2.495000,4.51492524e-02,3.76492524e-02,2.509950,-3.47145813e-02,2.57168319e-03
2.496000,4.51145366e-02,3.76145366e-02,2.507636,-3.47157913e-02,2.58778717e-03
2.497000,4.50798092e-02,3.75798092e-02,2.505321,-3.47274301e-02,2.59069735e-03
2.498000,4.50450759e-02,3.75450759e-02,2.503005,-3.47332654e-02,2.59912982e-03
2.499000,4.50103393e-02,3.75103393e-02,2.500689,-3.47366539e-02,2.58569883e-03
2.500000,4.49755996e-02,3.74755996e-02,2.498373,-3.47396481e-02,2.59781111e-03
2.501000,4.49408547e-02,3.74408547e-02,2.496057,-3.47449114e-02,2.59135574e-03
2.502000,4.49061074e-02,3.74061074e-02,2.493740,-3.47473383e-02,2.61228664e-03
2.503000,4.48713592e-02,3.73713592e-02,2.491424,-3.47481839e-02,2.60084068e-03
2.504000,4.48366150e-02,3.73366150e-02,2.489108,-3.47441795e-02,2.62807005e-03
2.505000,4.48018759e-02,3.73018759e-02,2.486792,-3.47391190e-02,2.61710490e-03
2.506000,4.47671488e-02,3.72671488e-02,2.484477,-3.47270550e-02,2.61364758e-03
2.507000,4.47324296e-02,3.72324296e-02,2.482162,-3.47192035e-02,2.61022595e-03
2.508000,4.46977165e-02,3.71977165e-02,2.479848,-3.47130925e-02,2.59556941e-03
2.509000,4.46630058e-02,3.71630058e-02,2.477534,-3.47106971e-02,2.60773953e-03
2.510000,4.46282949e-02,3.71282949e-02,2.475220,-3.47109630e-02,2.61603496e-03
2.511000,4.45935891e-02,3.70935891e-02,2.472906,-3.47057650e-02,2.56795980e-03
2.512000,4.45588828e-02,3.70588828e-02,2.470592,-3.47063443e-02,2.58584105e-03
2.513000,4.45241632e-02,3.70241632e-02,2.468278,-3.47195501e-02,2.59445134e-03
2.514000,4.44894379e-02,3.69894379e-02,2.465963,-3.47253608e-02,2.59956187e-03
2.515000,4.44547104e-02,3.69547104e-02,2.463647,-3.47274399e-02,2.58827117e-03
2.516000,4.44199806e-02,3.69199806e-02,2.461332,-3.47298374e-02,2.58955969e-03
2.517000,4.43852449e-02,3.68852449e-02,2.459016,-3.47357150e-02,2.59154936e-03
2.518000,4.43505040e-02,3.68505040e-02,2.456700,-3.47408176e-02,2.61090654e-03
2.519000,4.43157622e-02,3.68157622e-02,2.454384,-3.47418436e-02,2.59991855e-03
2.520000,4.42810237e-02,3.67810237e-02,2.452068,-3.47384556e-02,2.62246014e-03
2.521000,4.42462891e-02,3.67462891e-02,2.449753,-3.47346900e-02,2.62187945e-03
2.522000,4.42115654e-02,3.67115654e-02,2.447438,-3.47236240e-02,2.61307544e-03
2.523000,4.41768511e-02,3.66768511e-02,2.445123,-3.47143057e-02,2.60990598e-03
2.524000,4.41421427e-02,3.66421427e-02,2.442810,-3.47084392e-02,2.59885221e-03
2.525000,4.41074371e-02,3.66074371e-02,2.440496,-3.47055683e-02,2.61351728e-03
2.526000,4.40727334e-02,3.65727334e-02,2.438182,-3.47037343e-02,2.61223361e-03
2.527000,4.40380361e-02,3.65380361e-02,2.435869,-3.46973111e-02,2.57120230e-03
2.528000,4.40033375e-02,3.65033375e-02,2.433556,-3.46985654e-02,2.58801094e-03
2.529000,4.39686272e-02,3.64686272e-02,2.431242,-3.47103226e-02,2.59097319e-03
2.530000,4.39339112e-02,3.64339112e-02,2.428927,-3.47160357e-02,2.59944615e-03
2.531000,4.38991919e-02,3.63991919e-02,2.426613,-3.47192776e-02,2.58178522e-03
2.532000,4.38644690e-02,3.63644690e-02,2.424298,-3.47228600e-02,2.60011682e-03
2.533000,4.38297400e-02,3.63297400e-02,2.421983,-3.47290008e-02,2.59337743e-03
2.534000,4.37950097e-02,3.62950097e-02,2.419667,-3.47303130e-02,2.61264625e-03
2.535000,4.37602793e-02,3.62602793e-02,2.417352,-3.47304310e-02,2.60008174e-03
2.536000,4.37255528e-02,3.62255528e-02,2.415037,-3.47264428e-02,2.62806428e-03
2.537000,4.36908312e-02,3.61908312e-02,2.412722,-3.47216326e-02,2.61767229e-03
2.538000,4.36561217e-02,3.61561217e-02,2.410408,-3.47094701e-02,2.61416628e-03
2.539000,4.36214204e-02,3.61214204e-02,2.408095,-3.47013406e-02,2.61032315e-03
2.540000,4.35867253e-02,3.60867253e-02,2.405782,-3.46950420e-02,2.59558994e-03
2.541000,4.35520327e-02,3.60520327e-02,2.403469,-3.46926111e-02,2.60789814e-03
2.542000,4.35173399e-02,3.60173399e-02,2.401156,-3.46928421e-02,2.61631667e-03
2.543000,4.34826523e-02,3.59826523e-02,2.398843,-3.46875423e-02,2.56820138e-03
2.544000,4.34479644e-02,3.59479644e-02,2.396531,-3.46879863e-02,2.58597762e-03
2.545000,4.34132633e-02,3.59132633e-02,2.394218,-3.47010886e-02,2.59461052e-03
2.546000,4.33785564e-02,3.58785564e-02,2.391904,-3.47068263e-02,2.59978345e-03
2.547000,4.33438476e-02,3.58438476e-02,2.389590,-3.47088140e-02,2.58845785e-03
2.548000,4.33091365e-02,3.58091365e-02,2.387276,-3.47111057e-02,2.58923879e-03
2.549000,4.32744195e-02,3.57744195e-02,2.384961,-3.47169787e-02,2.59398380e-03
2.550000,4.32396978e-02,3.57396978e-02,2.382647,-3.47217562e-02,2.60691497e-03
2.551000,4.32049751e-02,3.57049751e-02,2.380332,-3.47226886e-02,2.60184530e-03
2.552000,4.31702548e-02,3.56702548e-02,2.378017,-3.47202707e-02,2.62334843e-03
2.553000,4.31355391e-02,3.56355391e-02,2.375703,-3.47157152e-02,2.62023170e-03
2.554000,4.31008345e-02,3.56008345e-02,2.373389,-3.47046489e-02,2.61535933e-03
2.555000,4.30661390e-02,3.55661390e-02,2.371076,-3.46954679e-02,2.61221590e-03
2.556000,4.30314506e-02,3.55314506e-02,2.368763,-3.46884428e-02,2.59624395e-03
2.557000,4.29967653e-02,3.54967653e-02,2.366451,-3.46852746e-02,2.61365437e-03
2.558000,4.29620810e-02,3.54620810e-02,2.364139,-3.46842729e-02,2.61369852e-03
2.559000,4.29274035e-02,3.54274035e-02,2.361827,-3.46775457e-02,2.57187389e-03
2.560000,4.28927253e-02,3.53927253e-02,2.359515,-3.46782001e-02,2.58627371e-03
2.561000,4.28580352e-02,3.53580352e-02,2.357202,-3.46900439e-02,2.59137350e-03
2.562000,4.28233390e-02,3.53233390e-02,2.354889,-3.46962567e-02,2.60035133e-03
2.563000,4.27886398e-02,3.52886398e-02,2.352576,-3.46992071e-02,2.58225928e-03
2.564000,4.27539373e-02,3.52539373e-02,2.350262,-3.47024084e-02,2.60000420e-03
2.565000,4.27192289e-02,3.52192289e-02,2.347949,-3.47084134e-02,2.59290733e-03
2.566000,4.26845191e-02,3.51845191e-02,2.345635,-3.47098458e-02,2.61346695e-03
2.567000,4.26498091e-02,3.51498091e-02,2.343321,-3.47099731e-02,2.59957469e-03
2.568000,4.26151033e-02,3.51151033e-02,2.341007,-3.47058050e-02,2.62851929e-03
2.569000,4.25804022e-02,3.50804022e-02,2.338693,-3.47010808e-02,2.61574355e-03
2.570000,4.25457131e-02,3.50457131e-02,2.336381,-3.46891100e-02,2.61718131e-03
2.571000,4.25110320e-02,3.50110320e-02,2.334069,-3.46810807e-02,2.60930935e-03
2.572000,4.24763581e-02,3.49763581e-02,2.331757,-3.46739712e-02,2.59656300e-03
2.573000,4.24416864e-02,3.49416864e-02,2.329446,-3.46717011e-02,2.60733380e-03
2.574000,4.24070147e-02,3.49070147e-02,2.327134,-3.46717124e-02,2.61703723e-03
2.575000,4.23723482e-02,3.48723482e-02,2.324823,-3.46664705e-02,2.57430317e-03
2.576000,4.23376826e-02,3.48376826e-02,2.322512,-3.46655989e-02,2.57748860e-03
2.577000,4.23030044e-02,3.48030044e-02,2.320200,-3.46781984e-02,2.59650855e-03
2.578000,4.22683180e-02,3.47683180e-02,2.317888,-3.46863884e-02,2.60142262e-03
2.579000,4.22336305e-02,3.47336305e-02,2.315575,-3.46874629e-02,2.59199054e-03
2.580000,4.21989419e-02,3.46989419e-02,2.313263,-3.46885915e-02,2.58820135e-03
2.581000,4.21642485e-02,3.46642485e-02,2.310950,-3.46934878e-02,2.59261174e-03
2.582000,4.21295496e-02,3.46295496e-02,2.308637,-3.46988486e-02,2.61091018e-03
2.583000,4.20948501e-02,3.45948501e-02,2.306323,-3.46995251e-02,2.59996007e-03
2.584000,4.20601540e-02,3.45601540e-02,2.304010,-3.46961286e-02,2.62110770e-03
2.585000,4.20254614e-02,3.45254614e-02,2.301697,-3.46925885e-02,2.61915196e-03
2.586000,4.19907789e-02,3.44907789e-02,2.299385,-3.46824490e-02,2.62503761e-03
2.587000,4.19561070e-02,3.44561070e-02,2.297074,-3.46719110e-02,2.60326601e-03
2.588000,4.19214437e-02,3.44214437e-02,2.294763,-3.46632902e-02,2.60115326e-03
2.589000,4.18867815e-02,3.43867815e-02,2.292452,-3.46621931e-02,2.61033324e-03
2.590000,4.18521214e-02,3.43521214e-02,2.290141,-3.46601664e-02,2.61700952e-03
2.591000,4.18174674e-02,3.43174674e-02,2.287831,-3.46539443e-02,2.57363595e-03
2.592000,4.17828142e-02,3.42828142e-02,2.285521,-3.46531998e-02,2.58241775e-03
2.593000,4.17481491e-02,3.42481491e-02,2.283210,-3.46651468e-02,2.59164430e-03
2.594000,4.17134765e-02,3.42134765e-02,2.280898,-3.46725781e-02,2.59520338e-03
2.595000,4.16788001e-02,3.41788001e-02,2.278587,-3.46763499e-02,2.59359543e-03
2.596000,4.16441209e-02,3.41441209e-02,2.276275,-3.46792372e-02,2.59453590e-03
2.597000,4.16094384e-02,3.41094384e-02,2.273963,-3.46824863e-02,2.58987052e-03
2.598000,4.15747522e-02,3.40747522e-02,2.271650,-3.46862515e-02,2.61480365e-03
2.599000,4.15400650e-02,3.40400650e-02,2.269338,-3.46871398e-02,2.59881422e-03
2.600000,4.15053824e-02,3.40053824e-02,2.267025,-3.46826671e-02,2.62837936e-03
2.601000,4.14707041e-02,3.39707041e-02,2.264714,-3.46782174e-02,2.62086905e-03
2.602000,4.14360387e-02,3.39360387e-02,2.262403,-3.46653862e-02,2.61947630e-03
2.603000,4.14013835e-02,3.39013835e-02,2.260092,-3.46552678e-02,2.60912661e-03
2.604000,4.13667360e-02,3.38667360e-02,2.257782,-3.46474370e-02,2.59311242e-03
2.605000,4.13320902e-02,3.38320902e-02,2.255473,-3.46458371e-02,2.61470348e-03
2.606000,4.12974445e-02,3.37974445e-02,2.253163,-3.46456784e-02,2.61094240e-03
2.607000,4.12628054e-02,3.37628054e-02,2.250854,-3.46390939e-02,2.57506194e-03
2.608000,4.12281653e-02,3.37281653e-02,2.248544,-3.46400897e-02,2.57608812e-03
2.609000,4.11935127e-02,3.36935127e-02,2.246234,-3.46526877e-02,2.59459546e-03
2.610000,4.11588510e-02,3.36588510e-02,2.243923,-3.46616759e-02,2.59788571e-03
2.611000,4.11241870e-02,3.36241870e-02,2.241612,-3.46640042e-02,2.59955856e-03
2.612000,4.10895220e-02,3.35895220e-02,2.239301,-3.46649561e-02,2.58791495e-03
2.613000,4.10548546e-02,3.35548546e-02,2.236990,-3.46674176e-02,2.59196467e-03
2.614000,4.10201816e-02,3.35201816e-02,2.234679,-3.46729869e-02,2.60886332e-03
2.615000,4.09855074e-02,3.34855074e-02,2.232367,-3.46742379e-02,2.59703395e-03
2.616000,4.09508353e-02,3.34508353e-02,2.230056,-3.46720310e-02,2.62761258e-03
2.617000,4.09161670e-02,3.34161670e-02,2.227744,-3.46683015e-02,2.61019650e-03
2.618000,4.08815094e-02,3.33815094e-02,2.225434,-3.46576094e-02,2.62757920e-03
2.619000,4.08468599e-02,3.33468599e-02,2.223124,-3.46495631e-02,2.61167565e-03
2.620000,4.08122213e-02,3.33122213e-02,2.220815,-3.46386204e-02,2.59811579e-03
2.621000,4.07775860e-02,3.32775860e-02,2.218506,-3.46352986e-02,2.61542443e-03
2.622000,4.07429526e-02,3.32429526e-02,2.216197,-3.46333692e-02,2.60980703e-03
2.623000,4.07083258e-02,3.32083258e-02,2.213888,-3.46267488e-02,2.57240091e-03
2.624000,4.06736972e-02,3.31736972e-02,2.211580,-3.46285880e-02,2.59137815e-03
2.625000,4.06390579e-02,3.31390579e-02,2.209271,-3.46393561e-02,2.58328063e-03
2.626000,4.06044126e-02,3.31044126e-02,2.206961,-3.46453237e-02,2.59937576e-03
2.627000,4.05697615e-02,3.30697615e-02,2.204651,-3.46511044e-02,2.59629801e-03
2.628000,4.05351093e-02,3.30351093e-02,2.202341,-3.46521435e-02,2.60145063e-03
2.629000,4.05004560e-02,3.30004560e-02,2.200030,-3.46532822e-02,2.58633670e-03
2.630000,4.04658006e-02,3.29658006e-02,2.197720,-3.46554015e-02,2.61024727e-03
2.631000,4.04311424e-02,3.29311424e-02,2.195409,-3.46582560e-02,2.59622665e-03
2.632000,4.03964866e-02,3.28964866e-02,2.193099,-3.46557374e-02,2.63856542e-03
2.633000,4.03618363e-02,3.28618363e-02,2.190789,-3.46503362e-02,2.60764095e-03
2.634000,4.03271998e-02,3.28271998e-02,2.188480,-3.46364989e-02,2.62018397e-03
2.635000,4.02925692e-02,3.27925692e-02,2.186171,-3.46305997e-02,2.61123684e-03
2.636000,4.02579470e-02,3.27579470e-02,2.183863,-3.46221633e-02,2.59888996e-03
2.637000,4.02233282e-02,3.27233282e-02,2.181555,-3.46188487e-02,2.61247800e-03
2.638000,4.01887110e-02,3.26887110e-02,2.179247,-3.46171861e-02,2.61271746e-03
2.639000,4.01541000e-02,3.26541000e-02,2.176940,-3.46110186e-02,2.57714805e-03
2.640000,4.01194889e-02,3.26194889e-02,2.174633,-3.46110625e-02,2.57904364e-03
2.641000,4.00848665e-02,3.25848665e-02,2.172324,-3.46224528e-02,2.58656236e-03
2.642000,4.00502346e-02,3.25502346e-02,2.170016,-3.46318909e-02,2.60226000e-03
2.643000,4.00155985e-02,3.25155985e-02,2.167707,-3.46360838e-02,2.60043055e-03
2.644000,3.99809631e-02,3.24809631e-02,2.165398,-3.46354449e-02,2.59714840e-03
2.645000,3.99463271e-02,3.24463271e-02,2.163088,-3.46359872e-02,2.58633242e-03
2.646000,3.99116876e-02,3.24116876e-02,2.160779,-3.46395201e-02,2.60253193e-03
2.647000,3.98770438e-02,3.23770438e-02,2.158470,-3.46437405e-02,2.59693599e-03
2.648000,3.98424002e-02,3.23424002e-02,2.156160,-3.46436302e-02,2.62670656e-03
2.649000,3.98077601e-02,3.23077601e-02,2.153851,-3.46400931e-02,2.61848935e-03
2.650000,3.97731319e-02,3.22731319e-02,2.151542,-3.46282321e-02,2.62520472e-03
2.651000,3.97385140e-02,3.22385140e-02,2.149234,-3.46178822e-02,2.61315465e-03
2.652000,3.97039065e-02,3.22039065e-02,2.146927,-3.46074578e-02,2.58919514e-03
2.653000,3.96693013e-02,3.21693013e-02,2.144620,-3.46052278e-02,2.62216257e-03
2.654000,3.96346962e-02,3.21346962e-02,2.142313,-3.46050365e-02,2.61560180e-03
2.655000,3.96001011e-02,3.21001011e-02,2.140007,-3.45951784e-02,2.57779199e-03
2.656000,3.95655069e-02,3.20655069e-02,2.137700,-3.45941612e-02,2.58304192e-03
2.657000,3.95309023e-02,3.20309023e-02,2.135393,-3.46046329e-02,2.58336967e-03
2.658000,3.94962890e-02,3.19962890e-02,2.133086,-3.46133225e-02,2.60063926e-03
2.659000,3.94616701e-02,3.19616701e-02,2.130778,-3.46188506e-02,2.60037394e-03
2.660000,3.94270514e-02,3.19270514e-02,2.128470,-3.46187539e-02,2.60020559e-03
2.661000,3.93924326e-02,3.18924326e-02,2.126162,-3.46187742e-02,2.58060386e-03
2.662000,3.93578103e-02,3.18578103e-02,2.123854,-3.46223161e-02,2.60825156e-03
2.663000,3.93231829e-02,3.18231829e-02,2.121546,-3.46274063e-02,2.60564261e-03
2.664000,3.92885590e-02,3.17885590e-02,2.119237,-3.46238780e-02,2.63341092e-03
2.665000,3.92539427e-02,3.17539427e-02,2.116930,-3.46162960e-02,2.61743257e-03
2.666000,3.92193403e-02,3.17193403e-02,2.114623,-3.46024200e-02,2.61715154e-03
2.667000,3.91847464e-02,3.16847464e-02,2.112316,-3.45938413e-02,2.61074025e-03
2.668000,3.91501599e-02,3.16501599e-02,2.110011,-3.45864886e-02,2.59323008e-03
2.669000,3.91155756e-02,3.16155756e-02,2.107705,-3.45843380e-02,2.62255659e-03
2.670000,3.90809928e-02,3.15809928e-02,2.105400,-3.45827519e-02,2.60971513e-03
2.671000,3.90464190e-02,3.15464190e-02,2.103095,-3.45738054e-02,2.58385108e-03
2.672000,3.90118454e-02,3.15118454e-02,2.100790,-3.45736500e-02,2.58004003e-03
2.673000,3.89772627e-02,3.14772627e-02,2.098484,-3.45826627e-02,2.57649683e-03
2.674000,3.89426692e-02,3.14426692e-02,2.096178,-3.45935535e-02,2.60319691e-03
2.675000,3.89080683e-02,3.14080683e-02,2.093871,-3.46008864e-02,2.60990549e-03
2.676000,3.88734700e-02,3.13734700e-02,2.091565,-3.45982643e-02,2.59541493e-03
2.677000,3.88388740e-02,3.13388740e-02,2.089258,-3.45960014e-02,2.58057231e-03
2.678000,3.88042729e-02,3.13042729e-02,2.086952,-3.46011222e-02,2.60125953e-03
2.679000,3.87696654e-02,3.12696654e-02,2.084644,-3.46074593e-02,2.61091929e-03
2.680000,3.87350601e-02,3.12350601e-02,2.082337,-3.46052941e-02,2.61361228e-03
2.681000,3.87004607e-02,3.12004607e-02,2.080031,-3.45994803e-02,2.61538803e-03
2.682000,3.86658682e-02,3.11658682e-02,2.077725,-3.45924681e-02,2.63296033e-03
2.683000,3.86312864e-02,3.11312864e-02,2.075419,-3.45817652e-02,2.61061805e-03
2.684000,3.85967172e-02,3.10967172e-02,2.073114,-3.45692423e-02,2.59601166e-03
2.685000,3.85621505e-02,3.10621505e-02,2.070810,-3.45666399e-02,2.61814859e-03
2.686000,3.85275856e-02,3.10275856e-02,2.068506,-3.45649198e-02,2.61075632e-03
2.687000,3.84930284e-02,3.09930284e-02,2.066202,-3.45572368e-02,2.58458559e-03
2.688000,3.84584718e-02,3.09584718e-02,2.063898,-3.45566096e-02,2.59491980e-03
2.689000,3.84239090e-02,3.09239090e-02,2.061594,-3.45627497e-02,2.57434901e-03
2.690000,3.83893399e-02,3.08893399e-02,2.059289,-3.45691337e-02,2.59690047e-03
2.691000,3.83547616e-02,3.08547616e-02,2.056984,-3.45782854e-02,2.60476219e-03
2.692000,3.83201830e-02,3.08201830e-02,2.054679,-3.45786406e-02,2.59403439e-03
2.693000,3.82856047e-02,3.07856047e-02,2.052374,-3.45783110e-02,2.58333087e-03
2.694000,3.82510213e-02,3.07510213e-02,2.050068,-3.45833974e-02,2.60875119e-03
2.695000,3.82164338e-02,3.07164338e-02,2.047762,-3.45875037e-02,2.61300611e-03
2.696000,3.81818512e-02,3.06818512e-02,2.045457,-3.45825091e-02,2.61507848e-03
2.697000,3.81472755e-02,3.06472755e-02,2.043152,-3.45757507e-02,2.61814176e-03
2.698000,3.81127077e-02,3.06127077e-02,2.040847,-3.45677700e-02,2.62611009e-03
2.699000,3.80781504e-02,3.05781504e-02,2.038543,-3.45573741e-02,2.61391366e-03
2.700000,3.80436038e-02,3.05436038e-02,2.036240,-3.45465181e-02,2.59670498e-03
2.701000,3.80090611e-02,3.05090611e-02,2.033937,-3.45427108e-02,2.61843501e-03
2.702000,3.79745204e-02,3.04745204e-02,2.031635,-3.45407123e-02,2.61094153e-03
2.703000,3.79399875e-02,3.04399875e-02,2.029333,-3.45329026e-02,2.58891634e-03
2.704000,3.79054561e-02,3.04054561e-02,2.027030,-3.45314487e-02,2.58489003e-03
2.705000,3.78709181e-02,3.03709181e-02,2.024728,-3.45379402e-02,2.57859146e-03
2.706000,3.78363713e-02,3.03363713e-02,2.022425,-3.45468678e-02,2.59702637e-03
2.707000,3.78018166e-02,3.03018166e-02,2.020121,-3.45546040e-02,2.60824423e-03
2.708000,3.77672623e-02,3.02672623e-02,2.017817,-3.45543021e-02,2.58594197e-03
2.709000,3.77327081e-02,3.02327081e-02,2.015514,-3.45542600e-02,2.59517325e-03
2.710000,3.76981482e-02,3.01981482e-02,2.013210,-3.45599099e-02,2.60290882e-03
2.711000,3.76635870e-02,3.01635870e-02,2.010906,-3.45611601e-02,2.61701733e-03
2.712000,3.76290296e-02,3.01290296e-02,2.008602,-3.45573749e-02,2.60194631e-03
2.713000,3.75944780e-02,3.00944780e-02,2.006299,-3.45516214e-02,2.61011971e-03
2.714000,3.75599286e-02,3.00599286e-02,2.003995,-3.45493721e-02,2.63500354e-03
2.715000,3.75253886e-02,3.00253886e-02,2.001693,-3.45400381e-02,2.61397572e-03
2.716000,3.74908624e-02,2.99908624e-02,1.999391,-3.45262504e-02,2.59212772e-03
2.717000,3.74563391e-02,2.99563391e-02,1.997089,-3.45232321e-02,2.61822458e-03
2.718000,3.74218164e-02,2.99218164e-02,1.994788,-3.45227741e-02,2.61627183e-03
2.719000,3.73873023e-02,2.98873023e-02,1.992487,-3.45140908e-02,2.59784101e-03
2.720000,3.73527930e-02,2.98527930e-02,1.990186,-3.45093082e-02,2.58092338e-03
2.721000,3.73182794e-02,2.98182794e-02,1.987885,-3.45135701e-02,2.57703617e-03
2.722000,3.72837553e-02,2.97837553e-02,1.985584,-3.45240755e-02,2.59717318e-03
2.723000,3.72492230e-02,2.97492230e-02,1.983282,-3.45322965e-02,2.60909798e-03
2.724000,3.72146912e-02,2.97146912e-02,1.980979,-3.45317954e-02,2.59459043e-03
2.725000,3.71801613e-02,2.96801613e-02,1.978677,-3.45299436e-02,2.58869589e-03
2.726000,3.71456274e-02,2.96456274e-02,1.976375,-3.45338986e-02,2.60157491e-03
2.727000,3.71110899e-02,2.96110899e-02,1.974073,-3.45375120e-02,2.62436141e-03
2.728000,3.70765570e-02,2.95765570e-02,1.971770,-3.45328662e-02,2.61040618e-03
2.729000,3.70420338e-02,2.95420338e-02,1.969469,-3.45232047e-02,2.61051154e-03
2.730000,3.70075157e-02,2.95075157e-02,1.967168,-3.45181078e-02,2.63228899e-03
2.731000,3.69730066e-02,2.94730066e-02,1.964867,-3.45091251e-02,2.61059347e-03
2.732000,3.69385097e-02,2.94385097e-02,1.962567,-3.44968270e-02,2.59160458e-03
2.733000,3.69040147e-02,2.94040147e-02,1.960268,-3.44950120e-02,2.61730151e-03
2.734000,3.68695198e-02,2.93695198e-02,1.957968,-3.44948891e-02,2.61240571e-03
2.735000,3.68350326e-02,2.93350326e-02,1.955669,-3.44871926e-02,2.60444245e-03
2.736000,3.68005501e-02,2.93005501e-02,1.953370,-3.44825123e-02,2.57734637e-03
2.737000,3.67660649e-02,2.92660649e-02,1.951071,-3.44852388e-02,2.58053851e-03
2.738000,3.67315686e-02,2.92315686e-02,1.948771,-3.44962995e-02,2.60045362e-03
2.739000,3.66970658e-02,2.91970658e-02,1.946471,-3.45027902e-02,2.60340018e-03
2.740000,3.66625636e-02,2.91625636e-02,1.944171,-3.45022194e-02,2.59364499e-03
2.741000,3.66280612e-02,2.91280612e-02,1.941871,-3.45024060e-02,2.59635695e-03
2.742000,3.65935559e-02,2.90935559e-02,1.939570,-3.45053167e-02,2.59668582e-03
2.743000,3.65590486e-02,2.90590486e-02,1.937270,-3.45072787e-02,2.61559716e-03
2.744000,3.65245428e-02,2.90245428e-02,1.934970,-3.45057883e-02,2.60844720e-03
2.745000,3.64900434e-02,2.89900434e-02,1.932670,-3.44993517e-02,2.60760767e-03
2.746000,3.64555480e-02,2.89555480e-02,1.930370,-3.44954116e-02,2.63552406e-03
2.747000,3.64210612e-02,2.89210612e-02,1.928071,-3.44868105e-02,2.61201000e-03
2.748000,3.63865880e-02,2.88865880e-02,1.925773,-3.44731995e-02,2.59524431e-03
2.749000,3.63521177e-02,2.88521177e-02,1.923475,-3.44702756e-02,2.61733381e-03
2.750000,3.63176488e-02,2.88176488e-02,1.921177,-3.44689516e-02,2.61820784e-03
2.751000,3.62831886e-02,2.87831886e-02,1.918879,-3.44602185e-02,2.60227066e-03
2.752000,3.62487346e-02,2.87487346e-02,1.916582,-3.44540167e-02,2.57955328e-03
2.753000,3.62142775e-02,2.87142775e-02,1.914285,-3.44570662e-02,2.58436117e-03
2.754000,3.61798108e-02,2.86798108e-02,1.911987,-3.44667262e-02,2.59750402e-03
2.755000,3.61453383e-02,2.86453383e-02,1.909689,-3.44724830e-02,2.60306453e-03
2.756000,3.61108653e-02,2.86108653e-02,1.907391,-3.44729403e-02,2.58835663e-03
2.757000,3.60763912e-02,2.85763912e-02,1.905093,-3.44741723e-02,2.59424959e-03
2.758000,3.60419120e-02,2.85419120e-02,1.902794,-3.44791925e-02,2.60288801e-03
2.759000,3.60074312e-02,2.85074312e-02,1.900495,-3.44807497e-02,2.62097076e-03
2.760000,3.59729550e-02,2.84729550e-02,1.898197,-3.44762722e-02,2.60514226e-03
2.761000,3.59384863e-02,2.84384863e-02,1.895899,-3.44686552e-02,2.62458953e-03
2.762000,3.59040235e-02,2.84040235e-02,1.893602,-3.44627975e-02,2.62271438e-03
2.763000,3.58695726e-02,2.83695726e-02,1.891305,-3.44508846e-02,2.61426024e-03
2.764000,3.58351315e-02,2.83351315e-02,1.889009,-3.44410825e-02,2.60258150e-03
2.765000,3.58006954e-02,2.83006954e-02,1.886713,-3.44361221e-02,2.60826293e-03
2.766000,3.57662614e-02,2.82662614e-02,1.884417,-3.44339926e-02,2.61198453e-03
2.767000,3.57318321e-02,2.82318321e-02,1.882122,-3.44293390e-02,2.61486999e-03
2.768000,3.56974091e-02,2.81974091e-02,1.879827,-3.44229529e-02,2.56464378e-03
2.769000,3.56629846e-02,2.81629846e-02,1.877532,-3.44245012e-02,2.59695670e-03
2.770000,3.56285478e-02,2.81285478e-02,1.875237,-3.44368303e-02,2.59646069e-03
2.771000,3.55941092e-02,2.80941092e-02,1.872941,-3.44386351e-02,2.60225514e-03
2.772000,3.55596696e-02,2.80596696e-02,1.870645,-3.44395781e-02,2.59483803e-03
2.773000,3.55252296e-02,2.80252296e-02,1.868349,-3.44399298e-02,2.59248911e-03
2.774000,3.54907865e-02,2.79907865e-02,1.866052,-3.44431327e-02,2.59393053e-03
2.775000,3.54563397e-02,2.79563397e-02,1.863756,-3.44468521e-02,2.61610968e-03
2.776000,3.54218935e-02,2.79218935e-02,1.861460,-3.44461761e-02,2.60322647e-03
2.777000,3.53874530e-02,2.78874530e-02,1.859164,-3.44404943e-02,2.61932459e-03
2.778000,3.53530168e-02,2.78530168e-02,1.856868,-3.44361968e-02,2.63213802e-03
2.779000,3.53185925e-02,2.78185925e-02,1.854573,-3.44243465e-02,2.61532821e-03
2.780000,3.52841812e-02,2.77841812e-02,1.852279,-3.44112607e-02,2.60191981e-03
2.781000,3.52497751e-02,2.77497751e-02,1.849985,-3.44060666e-02,2.60708073e-03
2.782000,3.52153708e-02,2.77153708e-02,1.847691,-3.44043634e-02,2.62332695e-03
2.783000,3.51809727e-02,2.76809727e-02,1.845398,-3.43980923e-02,2.61426003e-03
2.784000,3.51465846e-02,2.76465846e-02,1.843106,-3.43880891e-02,2.56738788e-03
2.785000,3.51121952e-02,2.76121952e-02,1.840813,-3.43893524e-02,2.59428286e-03
2.786000,3.50777940e-02,2.75777940e-02,1.838520,-3.44012532e-02,2.59939588e-03
2.787000,3.50433906e-02,2.75433906e-02,1.836226,-3.44034170e-02,2.60145561e-03
2.788000,3.50089870e-02,2.75089870e-02,1.833932,-3.44035375e-02,2.59209555e-03
2.789000,3.49745824e-02,2.74745824e-02,1.831639,-3.44046367e-02,2.59686658e-03
2.790000,3.49401744e-02,2.74401744e-02,1.829345,-3.44079662e-02,2.59314822e-03
2.791000,3.49057640e-02,2.74057640e-02,1.827051,-3.44103863e-02,2.61702599e-03
2.792000,3.48713542e-02,2.73713542e-02,1.824757,-3.44098051e-02,2.60708032e-03
2.793000,3.48369511e-02,2.73369511e-02,1.822463,-3.44031409e-02,2.63081879e-03
2.794000,3.48025555e-02,2.73025555e-02,1.820170,-3.43955451e-02,2.61660454e-03
2.795000,3.47681729e-02,2.72681729e-02,1.817878,-3.43826669e-02,2.62042150e-03
2.796000,3.47337991e-02,2.72337991e-02,1.815587,-3.43737818e-02,2.61174162e-03
2.797000,3.46994339e-02,2.71994339e-02,1.813296,-3.43651782e-02,2.60113614e-03
2.798000,3.46650726e-02,2.71650726e-02,1.811005,-3.43613006e-02,2.61443035e-03
2.799000,3.46307141e-02,2.71307141e-02,1.808714,-3.43585550e-02,2.61720688e-03
2.800000,3.45963631e-02,2.70963631e-02,1.806424,-3.43509525e-02,2.57772817e-03
2.801000,3.45620137e-02,2.70620137e-02,1.804134,-3.43494194e-02,2.58112457e-03
2.802000,3.45276534e-02,2.70276534e-02,1.801844,-3.43602512e-02,2.59560284e-03
2.803000,3.44932860e-02,2.69932860e-02,1.799552,-3.43674072e-02,2.60233972e-03
2.804000,3.44589174e-02,2.69589174e-02,1.797261,-3.43686170e-02,2.60353872e-03
2.805000,3.44245500e-02,2.69245500e-02,1.794970,-3.43674022e-02,2.59637365e-03
2.806000,3.43901829e-02,2.68901829e-02,1.792679,-3.43670608e-02,2.59369887e-03
2.807000,3.43558134e-02,2.68558134e-02,1.790388,-3.43695454e-02,2.60441775e-03
2.808000,3.43214424e-02,2.68214424e-02,1.788096,-3.43710130e-02,2.59929151e-03
2.809000,3.42870725e-02,2.67870725e-02,1.785805,-3.43698669e-02,2.62919941e-03
2.810000,3.42527074e-02,2.67527074e-02,1.783514,-3.43651154e-02,2.62189593e-03
2.811000,3.42183556e-02,2.67183556e-02,1.781224,-3.43518333e-02,2.62953772e-03
2.812000,3.41840160e-02,2.66840160e-02,1.778934,-3.43395984e-02,2.61057014e-03
2.813000,3.41496878e-02,2.66496878e-02,1.776646,-3.43282080e-02,2.59566635e-03
2.814000,3.41153621e-02,2.66153621e-02,1.774357,-3.43256824e-02,2.62652954e-03
2.815000,3.40810395e-02,2.65810395e-02,1.772069,-3.43225936e-02,2.61812406e-03
2.816000,3.40467286e-02,2.65467286e-02,1.769782,-3.43108553e-02,2.58443932e-03
2.817000,3.40124208e-02,2.65124208e-02,1.767495,-3.43078342e-02,2.59094521e-03
2.818000,3.39781061e-02,2.64781061e-02,1.765207,-3.43147253e-02,2.57932149e-03
2.819000,3.39437845e-02,2.64437845e-02,1.762919,-3.43215352e-02,2.60161636e-03
2.820000,3.39094563e-02,2.64094563e-02,1.760630,-3.43282199e-02,2.61073752e-03
2.821000,3.38751303e-02,2.63751303e-02,1.758342,-3.43259697e-02,2.59643956e-03
2.822000,3.38408071e-02,2.63408071e-02,1.756054,-3.43232524e-02,2.58262997e-03
2.823000,3.38064794e-02,2.63064794e-02,1.753765,-3.43276729e-02,2.60970241e-03
2.824000,3.37721476e-02,2.62721476e-02,1.751477,-3.43318411e-02,2.61700745e-03
2.825000,3.37378218e-02,2.62378218e-02,1.749188,-3.43258266e-02,2.61865162e-03
2.826000,3.37035046e-02,2.62035046e-02,1.746900,-3.43171222e-02,2.62104585e-03
2.827000,3.36691972e-02,2.61691972e-02,1.744613,-3.43074544e-02,2.62729998e-03
2.828000,3.36349013e-02,2.61349013e-02,1.742327,-3.42958944e-02,2.60937978e-03
2.829000,3.36006158e-02,2.61006158e-02,1.740041,-3.42854494e-02,2.60109967e-03
2.830000,3.35663335e-02,2.60663335e-02,1.737756,-3.42823539e-02,2.62305940e-03
2.831000,3.35320554e-02,2.60320554e-02,1.735470,-3.42780944e-02,2.60945190e-03
2.832000,3.34977864e-02,2.59977864e-02,1.733186,-3.42690293e-02,2.60171011e-03
2.833000,3.34635206e-02,2.59635206e-02,1.730901,-3.42658022e-02,2.58623129e-03
2.834000,3.34292527e-02,2.59292527e-02,1.728617,-3.42678549e-02,2.57912568e-03
2.835000,3.33949765e-02,2.58949765e-02,1.726332,-3.42762475e-02,2.59903226e-03
2.836000,3.33606930e-02,2.58606930e-02,1.724046,-3.42834535e-02,2.60725398e-03
2.837000,3.33264103e-02,2.58264103e-02,1.721761,-3.42826680e-02,2.59861895e-03
2.838000,3.32921296e-02,2.57921296e-02,1.719475,-3.42807094e-02,2.59797958e-03
2.839000,3.32578479e-02,2.57578479e-02,1.717190,-3.42816997e-02,2.59732840e-03
2.840000,3.32235649e-02,2.57235649e-02,1.714904,-3.42830151e-02,2.61682784e-03
2.841000,3.31892838e-02,2.56892838e-02,1.712619,-3.42810961e-02,2.61142042e-03
2.842000,3.31550101e-02,2.56550101e-02,1.710334,-3.42737294e-02,2.61125665e-03
2.843000,3.31207419e-02,2.56207419e-02,1.708049,-3.42681676e-02,2.64050059e-03
2.844000,3.30864844e-02,2.55864844e-02,1.705766,-3.42574881e-02,2.61061645e-03
2.845000,3.30522419e-02,2.55522419e-02,1.703483,-3.42424892e-02,2.59657609e-03
2.846000,3.30180022e-02,2.55180022e-02,1.701200,-3.42397875e-02,2.62070193e-03
2.847000,3.29837647e-02,2.54837647e-02,1.698918,-3.42374305e-02,2.62134203e-03
2.848000,3.29495377e-02,2.54495377e-02,1.696636,-3.42270370e-02,2.60428118e-03
2.849000,3.29153182e-02,2.54153182e-02,1.694355,-3.42194503e-02,2.58154864e-03
2.850000,3.28810967e-02,2.53810967e-02,1.692073,-3.42214867e-02,2.58663603e-03
2.851000,3.28468667e-02,2.53468667e-02,1.689791,-3.42300891e-02,2.60024415e-03
2.852000,3.28126320e-02,2.53126320e-02,1.687509,-3.42346143e-02,2.60554070e-03
2.853000,3.27783983e-02,2.52783983e-02,1.685227,-3.42337337e-02,2.59061241e-03
2.854000,3.27441646e-02,2.52441646e-02,1.682944,-3.42337536e-02,2.59608026e-03
2.855000,3.27099268e-02,2.52099268e-02,1.680662,-3.42377092e-02,2.60480472e-03
2.856000,3.26756885e-02,2.51756885e-02,1.678379,-3.42383263e-02,2.62421463e-03
2.857000,3.26414559e-02,2.51414559e-02,1.676097,-3.42326457e-02,2.60629354e-03
2.858000,3.26072321e-02,2.51072321e-02,1.673815,-3.42237597e-02,2.62816418e-03
2.859000,3.25730152e-02,2.50730152e-02,1.671534,-3.42168918e-02,2.62610202e-03
2.860000,3.25388120e-02,2.50388120e-02,1.669254,-3.42032058e-02,2.61788248e-03
2.861000,3.25046204e-02,2.50046204e-02,1.666975,-3.41916506e-02,2.60148527e-03
2.862000,3.24704347e-02,2.49704347e-02,1.664696,-3.41856946e-02,2.61299907e-03
2.863000,3.24362516e-02,2.49362516e-02,1.662417,-3.41830875e-02,2.61260083e-03
2.864000,3.24020748e-02,2.49020748e-02,1.660138,-3.41767695e-02,2.62154569e-03
2.865000,3.23679058e-02,2.48679058e-02,1.657860,-3.41690005e-02,2.56727521e-03
2.866000,3.23337379e-02,2.48337379e-02,1.655583,-3.41678911e-02,2.59569817e-03
2.867000,3.22995583e-02,2.47995583e-02,1.653304,-3.41795785e-02,2.60289362e-03
2.868000,3.22653777e-02,2.47653777e-02,1.651025,-3.41806590e-02,2.60439353e-03
2.869000,3.22311986e-02,2.47311986e-02,1.648747,-3.41791112e-02,2.59611241e-03
2.870000,3.21970200e-02,2.46970200e-02,1.646468,-3.41785352e-02,2.59403443e-03
2.871000,3.21628390e-02,2.46628390e-02,1.644189,-3.41810464e-02,2.59349705e-03
2.872000,3.21286547e-02,2.46286547e-02,1.641910,-3.41843350e-02,2.61631605e-03
2.873000,3.20944709e-02,2.45944709e-02,1.639631,-3.41837648e-02,2.60869959e-03
2.874000,3.20602938e-02,2.45602938e-02,1.637353,-3.41770473e-02,2.62676539e-03
2.875000,3.20261242e-02,2.45261242e-02,1.635075,-3.41696365e-02,2.62179810e-03
2.876000,3.19919670e-02,2.44919670e-02,1.632798,-3.41571711e-02,2.63405972e-03
2.877000,3.19578229e-02,2.44578229e-02,1.630522,-3.41441686e-02,2.61220623e-03
2.878000,3.19236919e-02,2.44236919e-02,1.628246,-3.41310038e-02,2.60187649e-03
2.879000,3.18895650e-02,2.43895650e-02,1.625971,-3.41268427e-02,2.62199897e-03
2.880000,3.18554425e-02,2.43554425e-02,1.623696,-3.41225156e-02,2.61587166e-03
2.881000,3.18213298e-02,2.43213298e-02,1.621422,-3.41126635e-02,2.58500119e-03
2.882000,3.17872196e-02,2.42872196e-02,1.619148,-3.41102828e-02,2.59942425e-03
2.883000,3.17531041e-02,2.42531041e-02,1.616874,-3.41154899e-02,2.57582627e-03
2.884000,3.17189839e-02,2.42189839e-02,1.614599,-3.41201333e-02,2.60687869e-03
2.885000,3.16848569e-02,2.41848569e-02,1.612324,-3.41270353e-02,2.60648765e-03
2.886000,3.16507331e-02,2.41507331e-02,1.610049,-3.41238084e-02,2.60550097e-03
2.887000,3.16166122e-02,2.41166122e-02,1.607774,-3.41208844e-02,2.58091329e-03
2.888000,3.15824896e-02,2.40824896e-02,1.605499,-3.41226326e-02,2.61449390e-03
2.889000,3.15483631e-02,2.40483631e-02,1.603224,-3.41265173e-02,2.61556022e-03
2.890000,3.15142439e-02,2.40142439e-02,1.600950,-3.41191850e-02,2.62402157e-03
2.891000,3.14801339e-02,2.39801339e-02,1.598676,-3.41100063e-02,2.62038567e-03
2.892000,3.14460352e-02,2.39460352e-02,1.596402,-3.40986917e-02,2.62946593e-03
2.893000,3.14119482e-02,2.39119482e-02,1.594130,-3.40869655e-02,2.61083492e-03
2.894000,3.13778727e-02,2.38778727e-02,1.591858,-3.40755519e-02,2.60382652e-03
2.895000,3.13438012e-02,2.38438012e-02,1.589587,-3.40714963e-02,2.62263966e-03
2.896000,3.13097347e-02,2.38097347e-02,1.587316,-3.40664154e-02,2.61300187e-03
2.897000,3.12756779e-02,2.37756779e-02,1.585045,-3.40568604e-02,2.60483613e-03
2.898000,3.12416260e-02,2.37416260e-02,1.582775,-3.40519147e-02,2.58614208e-03
2.899000,3.12075730e-02,2.37075730e-02,1.580505,-3.40529565e-02,2.58162619e-03
2.900000,3.11735121e-02,2.36735121e-02,1.578234,-3.40609362e-02,2.60360594e-03
2.901000,3.11394456e-02,2.36394456e-02,1.575963,-3.40665122e-02,2.61010019e-03
2.902000,3.11053818e-02,2.36053818e-02,1.573692,-3.40637213e-02,2.59888708e-03
2.903000,3.10713211e-02,2.35713211e-02,1.571421,-3.40607805e-02,2.59984159e-03
2.904000,3.10372597e-02,2.35372597e-02,1.569151,-3.40613535e-02,2.60028737e-03
2.905000,3.10031982e-02,2.35031982e-02,1.566880,-3.40615341e-02,2.62023116e-03
2.906000,3.09691401e-02,2.34691401e-02,1.564609,-3.40580415e-02,2.61347649e-03
2.907000,3.09350909e-02,2.34350909e-02,1.562339,-3.40491936e-02,2.60986392e-03
2.908000,3.09010477e-02,2.34010477e-02,1.560070,-3.40432028e-02,2.63582083e-03
2.909000,3.08670139e-02,2.33670139e-02,1.557801,-3.40338083e-02,2.62038715e-03
2.910000,3.08329953e-02,2.33329953e-02,1.555533,-3.40186184e-02,2.60412979e-03
2.911000,3.07989839e-02,2.32989839e-02,1.553266,-3.40113721e-02,2.61744374e-03
2.912000,3.07649768e-02,2.32649768e-02,1.550998,-3.40071105e-02,2.62054096e-03
2.913000,3.07309789e-02,2.32309789e-02,1.548732,-3.39979287e-02,2.61594601e-03
2.914000,3.06969904e-02,2.31969904e-02,1.546466,-3.39885423e-02,2.57540037e-03
2.915000,3.06630025e-02,2.31630025e-02,1.544200,-3.39878350e-02,2.59763206e-03
2.916000,3.06290060e-02,2.31290060e-02,1.541934,-3.39965121e-02,2.60163287e-03
2.917000,3.05950088e-02,2.30950088e-02,1.539667,-3.39971804e-02,2.60746645e-03
2.918000,3.05610133e-02,2.30610133e-02,1.537401,-3.39955033e-02,2.59567216e-03
2.919000,3.05270193e-02,2.30270193e-02,1.535135,-3.39939959e-02,2.60107283e-03
2.920000,3.04930239e-02,2.29930239e-02,1.532868,-3.39954070e-02,2.60081435e-03
2.921000,3.04590288e-02,2.29590288e-02,1.530602,-3.39950901e-02,2.61958224e-03
2.922000,3.04250373e-02,2.29250373e-02,1.528336,-3.39915392e-02,2.60867591e-03
2.923000,3.03910535e-02,2.28910535e-02,1.526070,-3.39837533e-02,2.63580306e-03
2.924000,3.03570788e-02,2.28570788e-02,1.523805,-3.39747520e-02,2.62453194e-03
2.925000,3.03231200e-02,2.28231200e-02,1.521541,-3.39588350e-02,2.62287224e-03
2.926000,3.02891730e-02,2.27891730e-02,1.519278,-3.39469131e-02,2.61653323e-03
2.927000,3.02552364e-02,2.27552364e-02,1.517016,-3.39366572e-02,2.60523432e-03
2.928000,3.02213059e-02,2.27213059e-02,1.514754,-3.39304813e-02,2.62254121e-03
2.929000,3.01873809e-02,2.26873809e-02,1.512492,-3.39249555e-02,2.61752967e-03
2.930000,3.01534663e-02,2.26534663e-02,1.510231,-3.39146322e-02,2.58276012e-03
2.931000,3.01195542e-02,2.26195542e-02,1.507970,-3.39121033e-02,2.58925569e-03
2.932000,3.00856344e-02,2.25856344e-02,1.505709,-3.39198446e-02,2.58841985e-03
2.933000,3.00517088e-02,2.25517088e-02,1.503447,-3.39256004e-02,2.61090758e-03
2.934000,3.00177811e-02,2.25177811e-02,1.501185,-3.39276541e-02,2.61172388e-03
2.935000,2.99838589e-02,2.24838589e-02,1.498924,-3.39221780e-02,2.60341692e-03
2.936000,2.99499410e-02,2.24499410e-02,1.496663,-3.39179029e-02,2.58597333e-03
2.937000,2.99160216e-02,2.24160216e-02,1.494401,-3.39194407e-02,2.61031996e-03
2.938000,2.98820992e-02,2.23820992e-02,1.492140,-3.39224017e-02,2.62160108e-03
2.939000,2.98481838e-02,2.23481838e-02,1.489879,-3.39153720e-02,2.61311632e-03
2.940000,2.98142777e-02,2.23142777e-02,1.487619,-3.39061378e-02,2.61954169e-03
2.941000,2.97803791e-02,2.22803791e-02,1.485359,-3.38985540e-02,2.64227346e-03
2.942000,2.97464943e-02,2.22464943e-02,1.483100,-3.38848400e-02,2.61150666e-03
2.943000,2.97126252e-02,2.22126252e-02,1.480842,-3.38691014e-02,2.60538722e-03
2.944000,2.96787606e-02,2.21787606e-02,1.478584,-3.38645492e-02,2.62384477e-03
2.945000,2.96449019e-02,2.21449019e-02,1.476327,-3.38587427e-02,2.62301388e-03
2.946000,2.96110549e-02,2.21110549e-02,1.474070,-3.38470214e-02,2.60704067e-03
2.947000,2.95772165e-02,2.20772165e-02,1.471814,-3.38383977e-02,2.58223027e-03
2.948000,2.95433771e-02,2.20433771e-02,1.469558,-3.38394073e-02,2.58819686e-03
2.949000,2.95095296e-02,2.20095296e-02,1.467302,-3.38475098e-02,2.60691729e-03
2.950000,2.94756792e-02,2.19756792e-02,1.465045,-3.38503423e-02,2.61269207e-03
2.951000,2.94418332e-02,2.19418332e-02,1.462789,-3.38460056e-02,2.59676819e-03
2.952000,2.94079906e-02,2.19079906e-02,1.460533,-3.38425882e-02,2.59807298e-03
2.953000,2.93741465e-02,2.18741465e-02,1.458276,-3.38441698e-02,2.60715175e-03
2.954000,2.93403027e-02,2.18403027e-02,1.456020,-3.38437174e-02,2.62769324e-03
2.955000,2.93064661e-02,2.18064661e-02,1.453764,-3.38366509e-02,2.61303697e-03
2.956000,2.92726407e-02,2.17726407e-02,1.451509,-3.38254300e-02,2.63093765e-03
2.957000,2.92388248e-02,2.17388248e-02,1.449255,-3.38158569e-02,2.62801538e-03
2.958000,2.92050239e-02,2.17050239e-02,1.447002,-3.38009218e-02,2.62153828e-03
2.959000,2.91712358e-02,2.16712358e-02,1.444749,-3.37880917e-02,2.60527506e-03
2.960000,2.91374555e-02,2.16374555e-02,1.442497,-3.37802648e-02,2.61483465e-03
2.961000,2.91036794e-02,2.16036794e-02,1.440245,-3.37760885e-02,2.62098070e-03
2.962000,2.90699117e-02,2.15699117e-02,1.437994,-3.37676858e-02,2.62630725e-03
2.963000,2.90361554e-02,2.15361554e-02,1.435744,-3.37563228e-02,2.57044737e-03
2.964000,2.90024023e-02,2.15024023e-02,1.433493,-3.37530885e-02,2.59839121e-03
2.965000,2.89686391e-02,2.14686391e-02,1.431243,-3.37632580e-02,2.60499367e-03
2.966000,2.89348760e-02,2.14348760e-02,1.428992,-3.37630827e-02,2.61092302e-03
2.967000,2.89011163e-02,2.14011163e-02,1.426741,-3.37596905e-02,2.59828979e-03
2.968000,2.88673597e-02,2.13673597e-02,1.424491,-3.37565851e-02,2.59943897e-03
2.969000,2.88336023e-02,2.13336023e-02,1.422240,-3.37574254e-02,2.60244834e-03
2.970000,2.87998449e-02,2.12998449e-02,1.419990,-3.37573562e-02,2.61961971e-03
2.971000,2.87660917e-02,2.12660917e-02,1.417739,-3.37532620e-02,2.60224978e-03
2.972000,2.87323451e-02,2.12323451e-02,1.415490,-3.37466002e-02,2.62737561e-03
2.973000,2.86986039e-02,2.11986039e-02,1.413240,-3.37411997e-02,2.62889445e-03
2.974000,2.86648766e-02,2.11648766e-02,1.410992,-3.37272789e-02,2.63897199e-03
2.975000,2.86311655e-02,2.11311655e-02,1.408744,-3.37110772e-02,2.61939896e-03
2.976000,2.85974705e-02,2.10974705e-02,1.406498,-3.36950272e-02,2.60291379e-03
2.977000,2.85637822e-02,2.10637822e-02,1.404252,-3.36883204e-02,2.62927956e-03
2.978000,2.85300998e-02,2.10300998e-02,1.402007,-3.36823652e-02,2.62414330e-03
2.979000,2.84964311e-02,2.09964311e-02,1.399762,-3.36686593e-02,2.59064433e-03
2.980000,2.84627686e-02,2.09627686e-02,1.397518,-3.36625642e-02,2.59977161e-03
2.981000,2.84291027e-02,2.09291027e-02,1.395274,-3.36658565e-02,2.58473309e-03
2.982000,2.83954339e-02,2.08954339e-02,1.393029,-3.36688108e-02,2.60779092e-03
2.983000,2.83617613e-02,2.08617613e-02,1.390784,-3.36726264e-02,2.61354549e-03
2.984000,2.83280934e-02,2.08280934e-02,1.388540,-3.36678518e-02,2.60069290e-03
2.985000,2.82944300e-02,2.07944300e-02,1.386295,-3.36634601e-02,2.60144543e-03
2.986000,2.82607668e-02,2.07607668e-02,1.384051,-3.36631564e-02,2.60889821e-03
2.987000,2.82271055e-02,2.07271055e-02,1.381807,-3.36612876e-02,2.62629755e-03
2.988000,2.81934516e-02,2.06934516e-02,1.379563,-3.36538943e-02,2.61809204e-03
2.989000,2.81598094e-02,2.06598094e-02,1.377321,-3.36422378e-02,2.62857714e-03
2.990000,2.81261780e-02,2.06261780e-02,1.375079,-3.36314220e-02,2.63068498e-03
2.991000,2.80925612e-02,2.05925612e-02,1.372837,-3.36167900e-02,2.62327789e-03
2.992000,2.80589584e-02,2.05589584e-02,1.370597,-3.36027756e-02,2.61132056e-03
2.993000,2.80253651e-02,2.05253651e-02,1.368358,-3.35933083e-02,2.61677973e-03
2.994000,2.79917783e-02,2.04917783e-02,1.366119,-3.35868026e-02,2.61693071e-03
2.995000,2.79581998e-02,2.04581998e-02,1.363880,-3.35784773e-02,2.62825681e-03
2.996000,2.79246317e-02,2.04246317e-02,1.361642,-3.35680996e-02,2.57446853e-03
2.997000,2.78910682e-02,2.03910682e-02,1.359405,-3.35635140e-02,2.60094139e-03
2.998000,2.78574963e-02,2.03574963e-02,1.357166,-3.35719119e-02,2.60585726e-03
2.999000,2.78239256e-02,2.03239256e-02,1.354928,-3.35707464e-02,2.61206722e-03
3.000000,2.77903587e-02,2.02903587e-02,1.352691,-3.35668682e-02,2.60109937e-03
3.001000,2.77567958e-02,2.02567958e-02,1.350453,-3.35628902e-02,2.60082294e-03
3.002000,2.77232332e-02,2.02232332e-02,1.348216,-3.35625631e-02,2.60340299e-03
3.003000,2.76896714e-02,2.01896714e-02,1.345978,-3.35618705e-02,2.61958753e-03
3.004000,2.76561139e-02,2.01561139e-02,1.343741,-3.35574685e-02,2.60573448e-03
3.005000,2.76225637e-02,2.01225637e-02,1.341504,-3.35502010e-02,2.63030150e-03
3.006000,2.75890206e-02,2.00890206e-02,1.339268,-3.35431387e-02,2.62575413e-03
3.007000,2.75554917e-02,2.00554917e-02,1.337033,-3.35288123e-02,2.64449532e-03
3.008000,2.75219791e-02,2.00219791e-02,1.334799,-3.35126652e-02,2.61907337e-03
3.009000,2.74884842e-02,1.99884842e-02,1.332566,-3.34948588e-02,2.60505717e-03
3.010000,2.74549963e-02,1.99549963e-02,1.330333,-3.34878800e-02,2.62477927e-03
3.011000,2.74215143e-02,1.99215143e-02,1.328101,-3.34820166e-02,2.62775417e-03
3.012000,2.73880452e-02,1.98880452e-02,1.325870,-3.34691501e-02,2.60819921e-03
3.013000,2.73545864e-02,1.98545864e-02,1.323639,-3.34587648e-02,2.58994195e-03
3.014000,2.73211284e-02,1.98211284e-02,1.321409,-3.34580301e-02,2.58757642e-03
3.015000,2.72876647e-02,1.97876647e-02,1.319178,-3.34637097e-02,2.61393191e-03
3.016000,2.72541992e-02,1.97541992e-02,1.316947,-3.34655056e-02,2.61486974e-03
3.017000,2.72207407e-02,1.97207407e-02,1.314716,-3.34584800e-02,2.60122929e-03
3.018000,2.71872871e-02,1.96872871e-02,1.312486,-3.34535586e-02,2.60326236e-03
3.019000,2.71538344e-02,1.96538344e-02,1.310256,-3.34527574e-02,2.60865507e-03
3.020000,2.71203840e-02,1.96203840e-02,1.308026,-3.34503349e-02,2.63193808e-03
3.021000,2.70869420e-02,1.95869420e-02,1.305796,-3.34420240e-02,2.61363400e-03
3.022000,2.70535127e-02,1.95535127e-02,1.303568,-3.34293035e-02,2.63406043e-03
3.023000,2.70200937e-02,1.95200937e-02,1.301340,-3.34189821e-02,2.63627843e-03
3.024000,2.69866922e-02,1.94866922e-02,1.299113,-3.34015601e-02,2.62758214e-03
3.025000,2.69533072e-02,1.94533072e-02,1.296887,-3.33849476e-02,2.61476790e-03
3.026000,2.69199338e-02,1.94199338e-02,1.294662,-3.33734571e-02,2.61309712e-03
3.027000,2.68865673e-02,1.93865673e-02,1.292438,-3.33664705e-02,2.62308507e-03
3.028000,2.68532090e-02,1.93532090e-02,1.290214,-3.33582663e-02,2.63050055e-03
3.029000,2.68198635e-02,1.93198635e-02,1.287991,-3.33454706e-02,2.58693856e-03
3.030000,2.67865256e-02,1.92865256e-02,1.285768,-3.33379429e-02,2.59241820e-03
3.031000,2.67531818e-02,1.92531818e-02,1.283545,-3.33437527e-02,2.59580278e-03
3.032000,2.67198347e-02,1.92198347e-02,1.281322,-3.33471643e-02,2.61845939e-03
3.033000,2.66864892e-02,1.91864892e-02,1.279099,-3.33454579e-02,2.61783447e-03
3.034000,2.66531528e-02,1.91531528e-02,1.276877,-3.33364211e-02,2.60522226e-03
3.035000,2.66198230e-02,1.91198230e-02,1.274655,-3.33298200e-02,2.59459506e-03
3.036000,2.65864937e-02,1.90864937e-02,1.272433,-3.33292401e-02,2.61794880e-03
3.037000,2.65531657e-02,1.90531657e-02,1.270211,-3.33280206e-02,2.62926320e-03
3.038000,2.65198486e-02,1.90198486e-02,1.267990,-3.33171305e-02,2.61866329e-03
3.039000,2.64865442e-02,1.89865442e-02,1.265770,-3.33043991e-02,2.61389378e-03
3.040000,2.64532482e-02,1.89532482e-02,1.263550,-3.32959923e-02,2.65310738e-03
3.041000,2.64199660e-02,1.89199660e-02,1.261331,-3.32822173e-02,2.62146422e-03
3.042000,2.63867048e-02,1.88867048e-02,1.259114,-3.32611598e-02,2.60619725e-03
3.043000,2.63534516e-02,1.88534516e-02,1.256897,-3.32531941e-02,2.62628060e-03
3.044000,2.63202049e-02,1.88202049e-02,1.254680,-3.32466909e-02,2.63212036e-03
3.045000,2.62869724e-02,1.87869724e-02,1.252465,-3.32325592e-02,2.61226034e-03
3.046000,2.62537524e-02,1.87537524e-02,1.250250,-3.32200218e-02,2.59078953e-03
3.047000,2.62205346e-02,1.87205346e-02,1.248036,-3.32178035e-02,2.60545111e-03
3.048000,2.61873145e-02,1.86873145e-02,1.245821,-3.32200438e-02,2.60938126e-03
3.049000,2.61540977e-02,1.86540977e-02,1.243607,-3.32167741e-02,2.61160620e-03
3.050000,2.61208859e-02,1.86208859e-02,1.241392,-3.32118201e-02,2.59496679e-03
3.051000,2.60876768e-02,1.85876768e-02,1.239178,-3.32090780e-02,2.61756885e-03
3.052000,2.60544690e-02,1.85544690e-02,1.236965,-3.32078035e-02,2.60644472e-03
3.053000,2.60212680e-02,1.85212680e-02,1.234751,-3.32010734e-02,2.63057389e-03
3.054000,2.59880742e-02,1.84880742e-02,1.232538,-3.31937297e-02,2.60533057e-03
3.055000,2.59548913e-02,1.84548913e-02,1.230326,-3.31829255e-02,2.65026982e-03
3.056000,2.59217188e-02,1.84217188e-02,1.228115,-3.31724647e-02,2.63208867e-03
3.057000,2.58885684e-02,1.83885684e-02,1.225905,-3.31504602e-02,2.63391263e-03
3.058000,2.58554343e-02,1.83554343e-02,1.223696,-3.31341042e-02,2.62102643e-03
3.059000,2.58223149e-02,1.83223149e-02,1.221488,-3.31194279e-02,2.61176505e-03
3.060000,2.57892042e-02,1.82892042e-02,1.219280,-3.31106215e-02,2.63116011e-03
3.061000,2.57561028e-02,1.82561028e-02,1.217074,-3.31014268e-02,2.62309007e-03
3.062000,2.57230155e-02,1.82230155e-02,1.214868,-3.30872895e-02,2.61565360e-03
3.063000,2.56899384e-02,1.81899384e-02,1.212663,-3.30771177e-02,2.59025072e-03
3.064000,2.56568645e-02,1.81568645e-02,1.210458,-3.30738803e-02,2.59825667e-03
3.065000,2.56237869e-02,1.81237869e-02,1.208252,-3.30775698e-02,2.61504873e-03
3.066000,2.55907113e-02,1.80907113e-02,1.206047,-3.30756606e-02,2.61249424e-03
3.067000,2.55576426e-02,1.80576426e-02,1.203843,-3.30686883e-02,2.60909410e-03
3.068000,2.55245794e-02,1.80245794e-02,1.201639,-3.30631563e-02,2.60485373e-03
3.069000,2.54915200e-02,1.79915200e-02,1.199435,-3.30594908e-02,2.61011903e-03
3.070000,2.54584637e-02,1.79584637e-02,1.197231,-3.30562867e-02,2.62588531e-03
3.071000,2.54254151e-02,1.79254151e-02,1.195028,-3.30485654e-02,2.61591135e-03
3.072000,2.53923777e-02,1.78923777e-02,1.192825,-3.30374300e-02,2.64071339e-03
3.073000,2.53593525e-02,1.78593525e-02,1.190624,-3.30251842e-02,2.63232933e-03
3.074000,2.53263462e-02,1.78263462e-02,1.188423,-3.30062756e-02,2.64219700e-03
3.075000,2.52933578e-02,1.77933578e-02,1.186224,-3.29883756e-02,2.62098553e-03
3.076000,2.52603868e-02,1.77603868e-02,1.184026,-3.29709858e-02,2.61294309e-03
3.077000,2.52274249e-02,1.77274249e-02,1.181828,-3.29619845e-02,2.63877288e-03
3.078000,2.51944738e-02,1.76944738e-02,1.179632,-3.29510567e-02,2.62856700e-03
3.079000,2.51615404e-02,1.76615404e-02,1.177436,-3.29334507e-02,2.59495034e-03
3.080000,2.51286152e-02,1.76286152e-02,1.175241,-3.29251413e-02,2.60887781e-03
3.081000,2.50956898e-02,1.75956898e-02,1.173046,-3.29254092e-02,2.59224731e-03
3.082000,2.50627658e-02,1.75627658e-02,1.170851,-3.29240440e-02,2.61566710e-03
3.083000,2.50298418e-02,1.75298418e-02,1.168656,-3.29239990e-02,2.61924392e-03
3.084000,2.49969261e-02,1.74969261e-02,1.166462,-3.29156301e-02,2.60707131e-03
3.085000,2.49640179e-02,1.74640179e-02,1.164268,-3.29082390e-02,2.60783492e-03
3.086000,2.49311132e-02,1.74311132e-02,1.162074,-3.29047106e-02,2.61533010e-03
3.087000,2.48982136e-02,1.73982136e-02,1.159881,-3.28996060e-02,2.63631127e-03
3.088000,2.48653252e-02,1.73653252e-02,1.157688,-3.28883296e-02,2.61969751e-03
3.089000,2.48324521e-02,1.73324521e-02,1.155497,-3.28731005e-02,2.63923466e-03
3.090000,2.47995923e-02,1.72995923e-02,1.153306,-3.28598728e-02,2.64163841e-03
3.091000,2.47667525e-02,1.72667525e-02,1.151117,-3.28398037e-02,2.63311243e-03
3.092000,2.47339320e-02,1.72339320e-02,1.148929,-3.28204529e-02,2.62054194e-03
3.093000,2.47011259e-02,1.72011259e-02,1.146742,-3.28061251e-02,2.61610121e-03
3.094000,2.46683292e-02,1.71683292e-02,1.144555,-3.27967110e-02,2.63757628e-03
3.095000,2.46355442e-02,1.71355442e-02,1.142370,-3.27849576e-02,2.62549075e-03
3.096000,2.46027759e-02,1.71027759e-02,1.140185,-3.27682886e-02,2.60233686e-03
3.097000,2.45700163e-02,1.70700163e-02,1.138001,-3.27596833e-02,2.60100124e-03
3.098000,2.45372573e-02,1.70372573e-02,1.135817,-3.27589182e-02,2.59608258e-03
3.099000,2.45044979e-02,1.70044979e-02,1.133633,-3.27594616e-02,2.61227788e-03
3.100000,2.44717391e-02,1.69717391e-02,1.131449,-3.27587564e-02,2.62429103e-03
3.101000,2.44389885e-02,1.69389885e-02,1.129266,-3.27506080e-02,2.61128680e-03
3.102000,2.44062477e-02,1.69062477e-02,1.127083,-3.27408139e-02,2.61151109e-03
3.103000,2.43735124e-02,1.68735124e-02,1.124901,-3.27352510e-02,2.61344243e-03
3.104000,2.43407832e-02,1.68407832e-02,1.122719,-3.27292729e-02,2.63023207e-03
3.105000,2.43080635e-02,1.68080635e-02,1.120538,-3.27196914e-02,2.62629655e-03
3.106000,2.42753582e-02,1.67753582e-02,1.118357,-3.27052919e-02,2.62996224e-03
3.107000,2.42426666e-02,1.67426666e-02,1.116178,-3.26915367e-02,2.64635934e-03
3.108000,2.42099930e-02,1.67099930e-02,1.114000,-3.26736780e-02,2.63433135e-03
3.109000,2.41773404e-02,1.66773404e-02,1.111823,-3.26525612e-02,2.62665994e-03
3.110000,2.41447037e-02,1.66447037e-02,1.109647,-3.26367512e-02,2.62251409e-03
3.111000,2.41120795e-02,1.66120795e-02,1.107472,-3.26241937e-02,2.63698371e-03
3.112000,2.40794690e-02,1.65794690e-02,1.105298,-3.26104390e-02,2.63027417e-03
3.113000,2.40468759e-02,1.65468759e-02,1.103125,-3.25931188e-02,2.60347124e-03
3.114000,2.40142932e-02,1.65142932e-02,1.100953,-3.25827419e-02,2.60916981e-03
3.115000,2.39817130e-02,1.64817130e-02,1.098781,-3.25801598e-02,2.59236145e-03
3.116000,2.39491343e-02,1.64491343e-02,1.096609,-3.25786785e-02,2.60866760e-03
3.117000,2.39165545e-02,1.64165545e-02,1.094437,-3.25798338e-02,2.63357055e-03
3.118000,2.38839833e-02,1.63839833e-02,1.092266,-3.25712301e-02,2.61120190e-03
3.119000,2.38514249e-02,1.63514249e-02,1.090095,-3.25584035e-02,2.61155014e-03
3.120000,2.38188720e-02,1.63188720e-02,1.087925,-3.25528616e-02,2.61456120e-03
3.121000,2.37863253e-02,1.62863253e-02,1.085755,-3.25466728e-02,2.64031055e-03
3.122000,2.37537904e-02,1.62537904e-02,1.083586,-3.25349416e-02,2.62365864e-03
3.123000,2.37212727e-02,1.62212727e-02,1.081418,-3.25176987e-02,2.64322364e-03
3.124000,2.36887702e-02,1.61887702e-02,1.079251,-3.25024647e-02,2.64497336e-03
3.125000,2.36562897e-02,1.61562897e-02,1.077086,-3.24804958e-02,2.63622173e-03
3.126000,2.36238302e-02,1.61238302e-02,1.074922,-3.24594999e-02,2.62343127e-03
3.127000,2.35913866e-02,1.60913866e-02,1.072759,-3.24436400e-02,2.62088169e-03
3.128000,2.35589542e-02,1.60589542e-02,1.070597,-3.24324316e-02,2.64157504e-03
3.129000,2.35265358e-02,1.60265358e-02,1.068436,-3.24184011e-02,2.62859617e-03
3.130000,2.34941359e-02,1.59941359e-02,1.066276,-3.23998697e-02,2.59950210e-03
3.131000,2.34617451e-02,1.59617451e-02,1.064116,-3.23907458e-02,2.61351431e-03
3.132000,2.34293564e-02,1.59293564e-02,1.061957,-3.23886989e-02,2.59849117e-03
3.133000,2.33969717e-02,1.58969717e-02,1.059798,-3.23847069e-02,2.62092689e-03
3.134000,2.33645900e-02,1.58645900e-02,1.057639,-3.23816812e-02,2.62030253e-03
3.135000,2.33322187e-02,1.58322187e-02,1.055481,-3.23713976e-02,2.61212230e-03
3.136000,2.32998559e-02,1.57998559e-02,1.053324,-3.23627657e-02,2.61804371e-03
3.137000,2.32675001e-02,1.57675001e-02,1.051167,-3.23557732e-02,2.61494987e-03
3.138000,2.32351527e-02,1.57351527e-02,1.049010,-3.23473831e-02,2.63420582e-03
3.139000,2.32028161e-02,1.57028161e-02,1.046854,-3.23366038e-02,2.62135913e-03
3.140000,2.31704944e-02,1.56704944e-02,1.044700,-3.23217724e-02,2.64421651e-03
3.141000,2.31381872e-02,1.56381872e-02,1.042546,-3.23071180e-02,2.63801663e-03
3.142000,2.31059012e-02,1.56059012e-02,1.040393,-3.22860533e-02,2.65140024e-03
3.143000,2.30736365e-02,1.55736365e-02,1.038242,-3.22646579e-02,2.62614280e-03
3.144000,2.30413932e-02,1.55413932e-02,1.036093,-3.22433337e-02,2.62042886e-03
3.145000,2.30091619e-02,1.55091619e-02,1.033944,-3.22313148e-02,2.64169765e-03
3.146000,2.29769445e-02,1.54769445e-02,1.031796,-3.22174114e-02,2.63624054e-03
3.147000,2.29447470e-02,1.54447470e-02,1.029650,-3.21974879e-02,2.61706151e-03
3.148000,2.29125642e-02,1.54125642e-02,1.027504,-3.21827483e-02,2.60162711e-03
3.149000,2.28803872e-02,1.53803872e-02,1.025359,-3.21770367e-02,2.60663288e-03
3.150000,2.28482117e-02,1.53482117e-02,1.023214,-3.21755089e-02,2.62413205e-03
3.151000,2.28160424e-02,1.53160424e-02,1.021069,-3.21692425e-02,2.62424185e-03
3.152000,2.27838852e-02,1.52838852e-02,1.018926,-3.21572097e-02,2.61188086e-03
3.153000,2.27517379e-02,1.52517379e-02,1.016783,-3.21473267e-02,2.61602527e-03
3.154000,2.27195971e-02,1.52195971e-02,1.014640,-3.21407704e-02,2.62028745e-03
3.155000,2.26874650e-02,1.51874650e-02,1.012498,-3.21320993e-02,2.63691054e-03
3.156000,2.26553459e-02,1.51553459e-02,1.010356,-3.21190888e-02,2.61732324e-03
3.157000,2.26232419e-02,1.51232419e-02,1.008216,-3.21040829e-02,2.66094905e-03
3.158000,2.25911541e-02,1.50911541e-02,1.006077,-3.20877950e-02,2.63341139e-03
3.159000,2.25590920e-02,1.50590920e-02,1.003939,-3.20620494e-02,2.64877528e-03
3.160000,2.25270494e-02,1.50270494e-02,1.001803,-3.20426307e-02,2.62663066e-03
3.161000,2.24950273e-02,1.49950273e-02,0.999668,-3.20220822e-02,2.62200950e-03
3.162000,2.24630177e-02,1.49630177e-02,0.997535,-3.20096236e-02,2.64262156e-03
3.163000,2.24310226e-02,1.49310226e-02,0.995402,-3.19950377e-02,2.63555592e-03
3.164000,2.23990477e-02,1.48990477e-02,0.993270,-3.19749319e-02,2.62296685e-03
3.165000,2.23670883e-02,1.48670883e-02,0.991139,-3.19593728e-02,2.59679672e-03
3.166000,2.23351358e-02,1.48351358e-02,0.989009,-3.19525760e-02,2.62418208e-03
3.167000,2.23031862e-02,1.48031862e-02,0.986879,-3.19495312e-02,2.62260729e-03
3.168000,2.22712485e-02,1.47712485e-02,0.984750,-3.19377710e-02,2.61757790e-03
3.169000,2.22393210e-02,1.47393210e-02,0.982621,-3.19274174e-02,2.61671756e-03
3.170000,2.22074022e-02,1.47074022e-02,0.980493,-3.19188677e-02,2.62876560e-03
3.171000,2.21754937e-02,1.46754937e-02,0.978366,-3.19084699e-02,2.61316042e-03
3.172000,2.21435968e-02,1.46435968e-02,0.976240,-3.18968751e-02,2.63083549e-03
3.173000,2.21117096e-02,1.46117096e-02,0.974114,-3.18872795e-02,2.64018101e-03
3.174000,2.20798393e-02,1.45798393e-02,0.971989,-3.18702265e-02,2.63192831e-03
3.175000,2.20479878e-02,1.45479878e-02,0.969866,-3.18515638e-02,2.62526635e-03
3.176000,2.20161510e-02,1.45161510e-02,0.967743,-3.18367894e-02,2.65873092e-03
3.177000,2.19843327e-02,1.44843327e-02,0.965622,-3.18182851e-02,2.64082475e-03
3.178000,2.19525407e-02,1.44525407e-02,0.963503,-3.17919570e-02,2.63323666e-03
3.179000,2.19207679e-02,1.44207679e-02,0.961385,-3.17728515e-02,2.63037856e-03
3.180000,2.18890111e-02,1.43890111e-02,0.959267,-3.17567434e-02,2.64561669e-03
3.181000,2.18572723e-02,1.43572723e-02,0.957151,-3.17388792e-02,2.63974592e-03
3.182000,2.18255552e-02,1.43255552e-02,0.955037,-3.17170488e-02,2.60921019e-03
3.183000,2.17938527e-02,1.42938527e-02,0.952924,-3.17025464e-02,2.61789935e-03
3.184000,2.17621561e-02,1.42621561e-02,0.950810,-3.16965358e-02,2.60165587e-03
3.185000,2.17304656e-02,1.42304656e-02,0.948698,-3.16905440e-02,2.62981226e-03
3.186000,2.16987807e-02,1.41987807e-02,0.946585,-3.16849076e-02,2.63015871e-03
3.187000,2.16671107e-02,1.41671107e-02,0.944474,-3.16699631e-02,2.61128902e-03
3.188000,2.16354525e-02,1.41354525e-02,0.942364,-3.16582416e-02,2.62203437e-03
3.189000,2.16038017e-02,1.41038017e-02,0.940253,-3.16508170e-02,2.63121997e-03
3.190000,2.15721634e-02,1.40721634e-02,0.938144,-3.16382391e-02,2.63880186e-03
3.191000,2.15405421e-02,1.40405421e-02,0.936036,-3.16213038e-02,2.63011850e-03
3.192000,2.15089387e-02,1.40089387e-02,0.933929,-3.16034140e-02,2.65468224e-03
3.193000,2.14773547e-02,1.39773547e-02,0.931824,-3.15840321e-02,2.65066631e-03
3.194000,2.14457974e-02,1.39457974e-02,0.929720,-3.15572933e-02,2.64778309e-03
3.195000,2.14142650e-02,1.39142650e-02,0.927618,-3.15323833e-02,2.63076669e-03
3.196000,2.13827536e-02,1.38827536e-02,0.925517,-3.15114293e-02,2.62496164e-03
3.197000,2.13512565e-02,1.38512565e-02,0.923417,-3.14970903e-02,2.64953298e-03
3.198000,2.13197762e-02,1.38197762e-02,0.921318,-3.14803126e-02,2.63831426e-03
3.199000,2.12883187e-02,1.37883187e-02,0.919221,-3.14574492e-02,2.62982031e-03
3.200000,2.12568789e-02,1.37568789e-02,0.917125,-3.14397723e-02,2.60324642e-03
3.201000,2.12254493e-02,1.37254493e-02,0.915030,-3.14295842e-02,2.62580775e-03
3.202000,2.11940252e-02,1.36940252e-02,0.912935,-3.14241337e-02,2.61899085e-03
3.203000,2.11626127e-02,1.36626127e-02,0.910841,-3.14124791e-02,2.62890954e-03
3.204000,2.11312114e-02,1.36312114e-02,0.908747,-3.14013094e-02,2.62724466e-03
3.205000,2.10998242e-02,1.35998242e-02,0.906655,-3.13871766e-02,2.61958707e-03
3.206000,2.10684493e-02,1.35684493e-02,0.904563,-3.13749447e-02,2.62297514e-03
3.207000,2.10370847e-02,1.35370847e-02,0.902472,-3.13646285e-02,2.63276575e-03
3.208000,2.10057332e-02,1.35057332e-02,0.900382,-3.13514683e-02,2.64134130e-03
3.209000,2.09743996e-02,1.34743996e-02,0.898293,-3.13335763e-02,2.63966024e-03
3.210000,2.09430865e-02,1.34430865e-02,0.896206,-3.13131651e-02,2.63888656e-03
3.211000,2.09117930e-02,1.34117930e-02,0.894120,-3.12934429e-02,2.66003420e-03
3.212000,2.08805228e-02,1.33805228e-02,0.892035,-3.12702350e-02,2.64805115e-03
3.213000,2.08492806e-02,1.33492806e-02,0.889952,-3.12422010e-02,2.64565404e-03
3.214000,2.08180621e-02,1.33180621e-02,0.887871,-3.12185264e-02,2.62327975e-03
3.215000,2.07868625e-02,1.32868625e-02,0.885791,-3.11995956e-02,2.65280874e-03
3.216000,2.07556797e-02,1.32556797e-02,0.883712,-3.11827909e-02,2.64218641e-03
3.217000,2.07245215e-02,1.32245215e-02,0.881635,-3.11581670e-02,2.62910831e-03
3.218000,2.06933822e-02,1.31933822e-02,0.879559,-3.11393443e-02,2.61061178e-03
3.219000,2.06622541e-02,1.31622541e-02,0.877484,-3.11280876e-02,2.62067939e-03
3.220000,2.06311329e-02,1.31311329e-02,0.875409,-3.11211250e-02,2.63172365e-03
3.221000,2.06000240e-02,1.31000240e-02,0.873335,-3.11089031e-02,2.62839257e-03
3.222000,2.05689304e-02,1.30689304e-02,0.871262,-3.10936431e-02,2.61663833e-03
3.223000,2.05378488e-02,1.30378488e-02,0.869190,-3.10815557e-02,2.63874106e-03
3.224000,2.05067794e-02,1.30067794e-02,0.867119,-3.10694199e-02,2.61770317e-03
3.225000,2.04757257e-02,1.29757257e-02,0.865048,-3.10537456e-02,2.63981211e-03
3.226000,2.04446846e-02,1.29446846e-02,0.862979,-3.10410707e-02,2.64750605e-03
3.227000,2.04136648e-02,1.29136648e-02,0.860911,-3.10197743e-02,2.64928616e-03
3.228000,2.03826692e-02,1.28826692e-02,0.858845,-3.09956364e-02,2.64024322e-03
3.229000,2.03516967e-02,1.28516967e-02,0.856780,-3.09725129e-02,2.66144356e-03
3.230000,2.03207481e-02,1.28207481e-02,0.854717,-3.09486103e-02,2.64800976e-03
3.231000,2.02898280e-02,1.27898280e-02,0.852655,-3.09201208e-02,2.64243762e-03
3.232000,2.02589309e-02,1.27589309e-02,0.850595,-3.08970285e-02,2.62913300e-03
3.233000,2.02280528e-02,1.27280528e-02,0.848537,-3.08781189e-02,2.65515721e-03
3.234000,2.01971938e-02,1.26971938e-02,0.846480,-3.08589767e-02,2.64218120e-03
3.235000,2.01663603e-02,1.26663603e-02,0.844424,-3.08335824e-02,2.62574422e-03
3.236000,2.01355449e-02,1.26355449e-02,0.842370,-3.08153563e-02,2.61798017e-03
3.237000,2.01047410e-02,1.26047410e-02,0.840316,-3.08039014e-02,2.61804176e-03
3.238000,2.00739460e-02,1.25739460e-02,0.838263,-3.07949854e-02,2.63606664e-03
3.239000,2.00431631e-02,1.25431631e-02,0.836211,-3.07828617e-02,2.63417345e-03
3.240000,2.00123980e-02,1.25123980e-02,0.834160,-3.07651531e-02,2.62352863e-03
3.241000,1.99816480e-02,1.24816480e-02,0.832110,-3.07499487e-02,2.63390572e-03
3.242000,1.99509116e-02,1.24509116e-02,0.830061,-3.07364051e-02,2.62612750e-03
3.243000,1.99201908e-02,1.24201908e-02,0.828013,-3.07208290e-02,2.63776725e-03
3.244000,1.98894851e-02,1.23894851e-02,0.825966,-3.07057491e-02,2.64661715e-03
3.245000,1.98587998e-02,1.23587998e-02,0.823920,-3.06852815e-02,2.64662059e-03
3.246000,1.98281379e-02,1.23281379e-02,0.821876,-3.06619068e-02,2.63976921e-03
3.247000,1.97974981e-02,1.22974981e-02,0.819833,-3.06397426e-02,2.66871219e-03
3.248000,1.97668834e-02,1.22668834e-02,0.817792,-3.06147103e-02,2.65225682e-03
3.249000,1.97363003e-02,1.22363003e-02,0.815753,-3.05830826e-02,2.64920014e-03
3.250000,1.97057429e-02,1.22057429e-02,0.813716,-3.05573996e-02,2.63447533e-03
3.251000,1.96752076e-02,1.21752076e-02,0.811681,-3.05353244e-02,2.65697416e-03
3.252000,1.96446935e-02,1.21446935e-02,0.809646,-3.05141064e-02,2.64718170e-03
3.253000,1.96142063e-02,1.21142063e-02,0.807614,-3.04872311e-02,2.63072309e-03
3.254000,1.95837398e-02,1.20837398e-02,0.805583,-3.04664823e-02,2.62097139e-03
3.255000,1.95532869e-02,1.20532869e-02,0.803552,-3.04528633e-02,2.62610393e-03
3.256000,1.95228454e-02,1.20228454e-02,0.801523,-3.04415392e-02,2.63752972e-03
3.257000,1.94924189e-02,1.19924189e-02,0.799495,-3.04265090e-02,2.62845338e-03
3.258000,1.94620096e-02,1.19620096e-02,0.797467,-3.04093315e-02,2.62996862e-03
3.259000,1.94316147e-02,1.19316147e-02,0.795441,-3.03948668e-02,2.63958986e-03
3.260000,1.94012365e-02,1.19012365e-02,0.793416,-3.03782030e-02,2.62231694e-03
3.261000,1.93708750e-02,1.18708750e-02,0.791392,-3.03614341e-02,2.64785122e-03
3.262000,1.93405292e-02,1.18405292e-02,0.789369,-3.03458223e-02,2.64784207e-03
3.263000,1.93102074e-02,1.18102074e-02,0.787347,-3.03218264e-02,2.65167868e-03
3.264000,1.92799102e-02,1.17799102e-02,0.785327,-3.02971550e-02,2.65964558e-03
3.265000,1.92496404e-02,1.17496404e-02,0.783309,-3.02698147e-02,2.65125486e-03
3.266000,1.92193991e-02,1.17193991e-02,0.781293,-3.02413418e-02,2.66176739e-03
3.267000,1.91891853e-02,1.16891853e-02,0.779279,-3.02137655e-02,2.64862690e-03
3.268000,1.91590003e-02,1.16590003e-02,0.777267,-3.01850605e-02,2.63436487e-03
3.269000,1.91288371e-02,1.16288371e-02,0.775256,-3.01631931e-02,2.65666536e-03
3.270000,1.90986950e-02,1.15986950e-02,0.773246,-3.01420659e-02,2.65100589e-03
3.271000,1.90685804e-02,1.15685804e-02,0.771239,-3.01146158e-02,2.65047285e-03
3.272000,1.90384913e-02,1.15384913e-02,0.769233,-3.00891186e-02,2.61009628e-03
3.273000,1.90084203e-02,1.15084203e-02,0.767228,-3.00709366e-02,2.63113848e-03
3.274000,1.89783580e-02,1.14783580e-02,0.765224,-3.00622937e-02,2.62245401e-03
3.275000,1.89483098e-02,1.14483098e-02,0.763221,-3.00482761e-02,2.64530224e-03
3.276000,1.89182767e-02,1.14182767e-02,0.761218,-3.00330701e-02,2.64127950e-03
3.277000,1.88882656e-02,1.13882656e-02,0.759218,-3.00110718e-02,2.62725608e-03
3.278000,1.88582727e-02,1.13582727e-02,0.757218,-2.99928745e-02,2.63835497e-03
3.279000,1.88282954e-02,1.13282954e-02,0.755220,-2.99773200e-02,2.63936464e-03
3.280000,1.87983375e-02,1.12983375e-02,0.753223,-2.99579419e-02,2.64866961e-03
3.281000,1.87684009e-02,1.12684009e-02,0.751227,-2.99365867e-02,2.63746896e-03
3.282000,1.87384867e-02,1.12384867e-02,0.749232,-2.99141563e-02,2.66375498e-03
3.283000,1.87085960e-02,1.12085960e-02,0.747240,-2.98907561e-02,2.64924952e-03
3.284000,1.86787347e-02,1.11787347e-02,0.745249,-2.98612882e-02,2.68025215e-03
3.285000,1.86489036e-02,1.11489036e-02,0.743260,-2.98311016e-02,2.65080417e-03
3.286000,1.86191077e-02,1.11191077e-02,0.741274,-2.97959409e-02,2.64762307e-03
3.287000,1.85893366e-02,1.10893366e-02,0.739289,-2.97710139e-02,2.64955463e-03
3.288000,1.85595898e-02,1.10595898e-02,0.737306,-2.97467900e-02,2.67676849e-03
3.289000,1.85298727e-02,1.10298727e-02,0.735325,-2.97171193e-02,2.65110003e-03
3.290000,1.85001897e-02,1.10001897e-02,0.733346,-2.96830504e-02,2.62336241e-03
3.291000,1.84705274e-02,1.09705274e-02,0.731368,-2.96623164e-02,2.63197417e-03
3.292000,1.84408782e-02,1.09408782e-02,0.729392,-2.96491690e-02,2.63435801e-03
3.293000,1.84112454e-02,1.09112454e-02,0.727416,-2.96327718e-02,2.64799691e-03
3.294000,1.83816322e-02,1.08816322e-02,0.725442,-2.96131799e-02,2.63287412e-03
3.295000,1.83520405e-02,1.08520405e-02,0.723469,-2.95917830e-02,2.63599458e-03
3.296000,1.83224657e-02,1.08224657e-02,0.721498,-2.95748008e-02,2.64371905e-03
3.297000,1.82929102e-02,1.07929102e-02,0.719527,-2.95554279e-02,2.63690484e-03
3.298000,1.82633755e-02,1.07633755e-02,0.717558,-2.95347231e-02,2.64832385e-03
3.299000,1.82338613e-02,1.07338613e-02,0.715591,-2.95142369e-02,2.65853382e-03
3.300000,1.82043731e-02,1.07043731e-02,0.713625,-2.94881950e-02,2.65030615e-03
3.301000,1.81749128e-02,1.06749128e-02,0.711661,-2.94602550e-02,2.67095203e-03
3.302000,1.81454815e-02,1.06454815e-02,0.709699,-2.94313661e-02,2.65904241e-03
3.303000,1.81160837e-02,1.06160837e-02,0.707739,-2.93978028e-02,2.67203741e-03
3.304000,1.80867178e-02,1.05867178e-02,0.705781,-2.93658528e-02,2.65034678e-03
3.305000,1.80573843e-02,1.05573843e-02,0.703826,-2.93334708e-02,2.64405040e-03
3.306000,1.80280750e-02,1.05280750e-02,0.701872,-2.93093258e-02,2.65696511e-03
3.307000,1.79987900e-02,1.04987900e-02,0.699919,-2.92849648e-02,2.66503709e-03
3.308000,1.79695351e-02,1.04695351e-02,0.697969,-2.92549350e-02,2.65989332e-03
3.309000,1.79403119e-02,1.04403119e-02,0.696021,-2.92231638e-02,2.62752439e-03
3.310000,1.79111131e-02,1.04111131e-02,0.694074,-2.91988060e-02,2.63771906e-03
3.311000,1.78819299e-02,1.03819299e-02,0.692129,-2.91832758e-02,2.62969627e-03
3.312000,1.78527640e-02,1.03527640e-02,0.690184,-2.91658163e-02,2.65090095e-03
3.313000,1.78236168e-02,1.03236168e-02,0.688241,-2.91472418e-02,2.64631489e-03
3.314000,1.77944943e-02,1.02944943e-02,0.686300,-2.91225143e-02,2.64028109e-03
3.315000,1.77653939e-02,1.02653939e-02,0.684360,-2.91003600e-02,2.63861355e-03
3.316000,1.77363134e-02,1.02363134e-02,0.682421,-2.90804821e-02,2.64448296e-03
3.317000,1.77072533e-02,1.02072533e-02,0.680484,-2.90601140e-02,2.65014860e-03
3.318000,1.76782165e-02,1.01782165e-02,0.678548,-2.90368163e-02,2.65713201e-03
3.319000,1.76492061e-02,1.01492061e-02,0.676614,-2.90104231e-02,2.65300250e-03
3.320000,1.76202236e-02,1.01202236e-02,0.674682,-2.89824666e-02,2.66593783e-03
3.321000,1.75912700e-02,1.00912700e-02,0.672751,-2.89535788e-02,2.65967817e-03
3.322000,1.75623485e-02,1.00623485e-02,0.670823,-2.89215499e-02,2.68680480e-03
3.323000,1.75334617e-02,1.00334617e-02,0.668897,-2.88867797e-02,2.65204872e-03
3.324000,1.75046125e-02,1.00046125e-02,0.666974,-2.88492469e-02,2.64771860e-03
3.325000,1.74757886e-02,9.97578860e-03,0.665053,-2.88238942e-02,2.66557645e-03
3.326000,1.74469918e-02,9.94699180e-03,0.663133,-2.87968057e-02,2.67568557e-03
3.327000,1.74182297e-02,9.91822970e-03,0.661215,-2.87620647e-02,2.66364940e-03
3.328000,1.73895036e-02,9.88950360e-03,0.659300,-2.87261322e-02,2.62907304e-03
3.329000,1.73608033e-02,9.86080330e-03,0.657387,-2.87002670e-02,2.64207542e-03
3.330000,1.73321198e-02,9.83211980e-03,0.655475,-2.86834578e-02,2.64101468e-03
3.331000,1.73034573e-02,9.80345730e-03,0.653564,-2.86625661e-02,2.65212656e-03
3.332000,1.72748172e-02,9.77481720e-03,0.651654,-2.86400577e-02,2.64532312e-03
3.333000,1.72462021e-02,9.74620210e-03,0.649747,-2.86151031e-02,2.64314623e-03
3.334000,1.72176093e-02,9.71760930e-03,0.647841,-2.85927678e-02,2.64465064e-03
3.335000,1.71890385e-02,9.68903850e-03,0.645936,-2.85708814e-02,2.65150651e-03
3.336000,1.71604912e-02,9.66049120e-03,0.644033,-2.85472886e-02,2.65467583e-03
3.337000,1.71319703e-02,9.63197030e-03,0.642131,-2.85208837e-02,2.65377398e-03
3.338000,1.71034767e-02,9.60347670e-03,0.640232,-2.84935974e-02,2.65517201e-03
3.339000,1.70750103e-02,9.57501030e-03,0.638334,-2.84663601e-02,2.68250306e-03
3.340000,1.70465765e-02,9.54657650e-03,0.636438,-2.84338305e-02,2.66007419e-03
3.341000,1.70181802e-02,9.51818020e-03,0.634545,-2.83962913e-02,2.68203035e-03
3.342000,1.69898180e-02,9.48981800e-03,0.632655,-2.83622353e-02,2.67138362e-03
3.343000,1.69614951e-02,9.46149510e-03,0.630766,-2.83228513e-02,2.66033267e-03
3.344000,1.69332062e-02,9.43320620e-03,0.628880,-2.82889182e-02,2.64403147e-03
3.345000,1.69049447e-02,9.40494470e-03,0.626996,-2.82614970e-02,2.67692596e-03
3.346000,1.68767111e-02,9.37671110e-03,0.625114,-2.82336123e-02,2.66663244e-03
3.347000,1.68485144e-02,9.34851440e-03,0.623234,-2.81967449e-02,2.66558031e-03
3.348000,1.68203509e-02,9.32035090e-03,0.621357,-2.81634441e-02,2.62895867e-03
3.349000,1.67922139e-02,9.29221390e-03,0.619481,-2.81369650e-02,2.65292881e-03
3.350000,1.67640957e-02,9.26409570e-03,0.617606,-2.81182741e-02,2.63203710e-03
3.351000,1.67360003e-02,9.23600030e-03,0.615733,-2.80954055e-02,2.66416530e-03
3.352000,1.67079266e-02,9.20792660e-03,0.613862,-2.80737166e-02,2.65066952e-03
3.353000,1.66798827e-02,9.17988270e-03,0.611992,-2.80438628e-02,2.65074156e-03
3.354000,1.66518643e-02,9.15186430e-03,0.610124,-2.80184286e-02,2.65673787e-03
3.355000,1.66238724e-02,9.12387240e-03,0.608258,-2.79919103e-02,2.64615140e-03
3.356000,1.65959071e-02,9.09590710e-03,0.606394,-2.79652948e-02,2.65825103e-03
3.357000,1.65679670e-02,9.06796700e-03,0.604531,-2.79400164e-02,2.66465636e-03
3.358000,1.65400574e-02,9.04005740e-03,0.602670,-2.79096315e-02,2.65890972e-03
3.359000,1.65121792e-02,9.01217920e-03,0.600812,-2.78781593e-02,2.67299967e-03
3.360000,1.64843332e-02,8.98433320e-03,0.598956,-2.78460828e-02,2.66167340e-03
3.361000,1.64565218e-02,8.95652180e-03,0.597101,-2.78113818e-02,2.69250083e-03
3.362000,1.64287468e-02,8.92874680e-03,0.595250,-2.77749490e-02,2.67329866e-03
3.363000,1.64010150e-02,8.90101500e-03,0.593401,-2.77317877e-02,2.66568633e-03
3.364000,1.63733188e-02,8.87331880e-03,0.591555,-2.76962789e-02,2.66251746e-03
3.365000,1.63456549e-02,8.84565490e-03,0.589710,-2.76638304e-02,2.67931554e-03
3.366000,1.63180255e-02,8.81802550e-03,0.587868,-2.76294521e-02,2.67079090e-03
3.367000,1.62904344e-02,8.79043440e-03,0.586029,-2.75910646e-02,2.65253312e-03
3.368000,1.62628757e-02,8.76287570e-03,0.584192,-2.75587053e-02,2.64407642e-03
3.369000,1.62353419e-02,8.73534190e-03,0.582356,-2.75338377e-02,2.65748939e-03
3.370000,1.62078325e-02,8.70783250e-03,0.580522,-2.75093754e-02,2.64279440e-03
3.371000,1.61803494e-02,8.68034940e-03,0.578690,-2.74831068e-02,2.66644804e-03
3.372000,1.61528919e-02,8.65289190e-03,0.576859,-2.74574813e-02,2.65832010e-03
3.373000,1.61254664e-02,8.62546640e-03,0.575031,-2.74255249e-02,2.64932050e-03
3.374000,1.60980686e-02,8.59806860e-03,0.573205,-2.73978294e-02,2.66531101e-03
3.375000,1.60706983e-02,8.57069830e-03,0.571380,-2.73702617e-02,2.64569013e-03
3.376000,1.60433574e-02,8.54335740e-03,0.569557,-2.73409123e-02,2.67243682e-03
3.377000,1.60160441e-02,8.51604410e-03,0.567736,-2.73132767e-02,2.67022554e-03
3.378000,1.59887669e-02,8.48876690e-03,0.565918,-2.72772482e-02,2.66412366e-03
3.379000,1.59615238e-02,8.46152380e-03,0.564102,-2.72430250e-02,2.68481219e-03
3.380000,1.59343167e-02,8.43431670e-03,0.562288,-2.72071472e-02,2.66760500e-03
3.381000,1.59071492e-02,8.40714920e-03,0.560477,-2.71675178e-02,2.69372912e-03
3.382000,1.58800203e-02,8.38002030e-03,0.558668,-2.71289198e-02,2.68273059e-03
3.383000,1.58529366e-02,8.35293660e-03,0.556862,-2.70836873e-02,2.67163888e-03
3.384000,1.58258925e-02,8.32589250e-03,0.555060,-2.70440282e-02,2.64717392e-03
3.385000,1.57988802e-02,8.29888020e-03,0.553259,-2.70123382e-02,2.68223721e-03
3.386000,1.57718977e-02,8.27189770e-03,0.551460,-2.69824823e-02,2.67996635e-03
3.387000,1.57449562e-02,8.24495620e-03,0.549664,-2.69415126e-02,2.68345924e-03
3.388000,1.57180555e-02,8.21805550e-03,0.547870,-2.69006711e-02,2.64182125e-03
3.389000,1.56911895e-02,8.19118950e-03,0.546079,-2.68660456e-02,2.65135175e-03
3.390000,1.56643461e-02,8.16434610e-03,0.544290,-2.68434094e-02,2.65340808e-03
3.391000,1.56375288e-02,8.13752880e-03,0.542502,-2.68172795e-02,2.66298069e-03
3.392000,1.56107400e-02,8.11074000e-03,0.540716,-2.67887815e-02,2.66499106e-03
3.393000,1.55839832e-02,8.08398320e-03,0.538932,-2.67567842e-02,2.65657521e-03
3.394000,1.55572576e-02,8.05725760e-03,0.537151,-2.67256149e-02,2.65346041e-03
3.395000,1.55305599e-02,8.03055990e-03,0.535371,-2.66977603e-02,2.66150044e-03
3.396000,1.55038903e-02,8.00389030e-03,0.533593,-2.66695069e-02,2.66628948e-03
3.397000,1.54772526e-02,7.97725260e-03,0.531817,-2.66377661e-02,2.67193101e-03
3.398000,1.54506491e-02,7.95064910e-03,0.530043,-2.66034549e-02,2.66736312e-03
3.399000,1.54240810e-02,7.92408100e-03,0.528272,-2.65680987e-02,2.67376461e-03
3.400000,1.53975479e-02,7.89754790e-03,0.526503,-2.65331106e-02,2.67684581e-03
3.401000,1.53710524e-02,7.87105240e-03,0.524737,-2.64954753e-02,2.67960139e-03
3.402000,1.53445961e-02,7.84459610e-03,0.522973,-2.64563408e-02,2.69943385e-03
3.403000,1.53181833e-02,7.81818330e-03,0.521212,-2.64127942e-02,2.68105816e-03
3.404000,1.52918173e-02,7.79181730e-03,0.519454,-2.63659839e-02,2.67502391e-03
3.405000,1.52654910e-02,7.76549100e-03,0.517699,-2.63262755e-02,2.67014562e-03
3.406000,1.52392016e-02,7.73920160e-03,0.515947,-2.62894115e-02,2.68669794e-03
3.407000,1.52129504e-02,7.71295040e-03,0.514197,-2.62512225e-02,2.68520649e-03
3.408000,1.51867426e-02,7.68674260e-03,0.512450,-2.62078612e-02,2.67828185e-03
3.409000,1.51605763e-02,7.66057630e-03,0.510705,-2.61662143e-02,2.64479238e-03
3.410000,1.51344436e-02,7.63444360e-03,0.508963,-2.61327637e-02,2.66830625e-03
3.411000,1.51083374e-02,7.60833740e-03,0.507222,-2.61061535e-02,2.65790678e-03
3.412000,1.50822638e-02,7.58226380e-03,0.505484,-2.60736600e-02,2.66516149e-03
3.413000,1.50562205e-02,7.55622050e-03,0.503748,-2.60432989e-02,2.67035765e-03
3.414000,1.50302108e-02,7.53021080e-03,0.502014,-2.60096363e-02,2.66704972e-03
3.415000,1.50042360e-02,7.50423600e-03,0.500282,-2.59748523e-02,2.65598863e-03
3.416000,1.49782929e-02,7.47829290e-03,0.498553,-2.59431106e-02,2.67232257e-03
3.417000,1.49523808e-02,7.45238080e-03,0.496825,-2.59121131e-02,2.66523471e-03
3.418000,1.49265037e-02,7.42650370e-03,0.495100,-2.58770047e-02,2.67616608e-03
3.419000,1.49006615e-02,7.40066150e-03,0.493377,-2.58422910e-02,2.67835591e-03
3.420000,1.48748579e-02,7.37485790e-03,0.491657,-2.58036000e-02,2.67668443e-03
3.421000,1.48490934e-02,7.34909340e-03,0.489940,-2.57644854e-02,2.69494507e-03
3.422000,1.48233707e-02,7.32337070e-03,0.488225,-2.57226905e-02,2.67648416e-03
3.423000,1.47976925e-02,7.29769250e-03,0.486513,-2.56781632e-02,2.70476020e-03
3.424000,1.47720578e-02,7.27205780e-03,0.484804,-2.56346984e-02,2.68936263e-03
3.425000,1.47464731e-02,7.24647310e-03,0.483098,-2.55846703e-02,2.67636236e-03
3.426000,1.47209312e-02,7.22093120e-03,0.481395,-2.55419978e-02,2.66640106e-03
3.427000,1.46954258e-02,7.19542580e-03,0.479695,-2.55053565e-02,2.68949968e-03
3.428000,1.46699579e-02,7.16995790e-03,0.477997,-2.54679018e-02,2.69794523e-03
3.429000,1.46445365e-02,7.14453650e-03,0.476302,-2.54213677e-02,2.68267310e-03
3.430000,1.46191618e-02,7.11916180e-03,0.474611,-2.53747606e-02,2.66204490e-03
3.431000,1.45938249e-02,7.09382490e-03,0.472922,-2.53368170e-02,2.65543460e-03
3.432000,1.45685181e-02,7.06851810e-03,0.471235,-2.53068170e-02,2.67473518e-03
3.433000,1.45432426e-02,7.04324260e-03,0.469550,-2.52755748e-02,2.66184372e-03
3.434000,1.45180023e-02,7.01800230e-03,0.467867,-2.52402737e-02,2.67748238e-03
3.435000,1.44927958e-02,6.99279580e-03,0.466186,-2.52064408e-02,2.66609693e-03
3.436000,1.44676264e-02,6.96762640e-03,0.464508,-2.51694854e-02,2.66736396e-03
3.437000,1.44424903e-02,6.94249030e-03,0.462833,-2.51360451e-02,2.66781978e-03
3.438000,1.44173882e-02,6.91738820e-03,0.461159,-2.51021080e-02,2.68466988e-03
3.439000,1.43923232e-02,6.89232320e-03,0.459488,-2.50650415e-02,2.67255288e-03
3.440000,1.43672986e-02,6.86729860e-03,0.457820,-2.50245839e-02,2.67672414e-03
3.441000,1.43423112e-02,6.84231120e-03,0.456154,-2.49873681e-02,2.67617131e-03
3.442000,1.43173623e-02,6.81736230e-03,0.454491,-2.49488801e-02,2.68781702e-03
3.443000,1.42924538e-02,6.79245380e-03,0.452830,-2.49085143e-02,2.69076683e-03
3.444000,1.42675900e-02,6.76759000e-03,0.451173,-2.48638022e-02,2.67795492e-03
3.445000,1.42427696e-02,6.74276960e-03,0.449518,-2.48203870e-02,2.71140484e-03
3.446000,1.42179944e-02,6.71799440e-03,0.447866,-2.47752642e-02,2.69929822e-03
3.447000,1.41932731e-02,6.69327310e-03,0.446218,-2.47212968e-02,2.68497938e-03
3.448000,1.41685992e-02,6.66859920e-03,0.444573,-2.46738376e-02,2.67197199e-03
3.449000,1.41439658e-02,6.64396580e-03,0.442931,-2.46333811e-02,2.70019117e-03
3.450000,1.41193736e-02,6.61937360e-03,0.441292,-2.45922062e-02,2.70279710e-03
3.451000,1.40948323e-02,6.59483230e-03,0.439655,-2.45413028e-02,2.69096377e-03
3.452000,1.40703407e-02,6.57034070e-03,0.438023,-2.44916362e-02,2.65986486e-03
3.453000,1.40458893e-02,6.54588930e-03,0.436393,-2.44513554e-02,2.67305253e-03
3.454000,1.40214704e-02,6.52147040e-03,0.434765,-2.44189557e-02,2.68490006e-03
3.455000,1.39970903e-02,6.49709030e-03,0.433139,-2.43801300e-02,2.66915698e-03
3.456000,1.39727501e-02,6.47275010e-03,0.431517,-2.43401974e-02,2.66756541e-03
3.457000,1.39484443e-02,6.44844430e-03,0.429896,-2.43057164e-02,2.67247668e-03
3.458000,1.39241735e-02,6.42417350e-03,0.428278,-2.42708897e-02,2.69187935e-03
3.459000,1.38999424e-02,6.39994240e-03,0.426663,-2.42310189e-02,2.66319929e-03
3.460000,1.38757526e-02,6.37575260e-03,0.425050,-2.41898477e-02,2.68972005e-03
3.461000,1.38515992e-02,6.35159920e-03,0.423440,-2.41534055e-02,2.66717933e-03
3.462000,1.38274869e-02,6.32748690e-03,0.421832,-2.41122396e-02,2.69641285e-03
3.463000,1.38034136e-02,6.30341360e-03,0.420228,-2.40733068e-02,2.67503683e-03
3.464000,1.37793851e-02,6.27938510e-03,0.418626,-2.40285534e-02,2.69440689e-03
3.465000,1.37553977e-02,6.25539770e-03,0.417027,-2.39873949e-02,2.70237988e-03
3.466000,1.37314592e-02,6.23145920e-03,0.415431,-2.39384649e-02,2.70019666e-03
3.467000,1.37075719e-02,6.20757190e-03,0.413838,-2.38873026e-02,2.68397502e-03
3.468000,1.36837322e-02,6.18373220e-03,0.412249,-2.38397259e-02,2.70596724e-03
3.469000,1.36599386e-02,6.15993860e-03,0.410663,-2.37935876e-02,2.70564556e-03
3.470000,1.36361983e-02,6.13619830e-03,0.409080,-2.37402836e-02,2.68631136e-03
3.471000,1.36125078e-02,6.11250780e-03,0.407501,-2.36905042e-02,2.68017745e-03
3.472000,1.35888597e-02,6.08885970e-03,0.405924,-2.36481592e-02,2.69859188e-03
3.473000,1.35652551e-02,6.06525510e-03,0.404350,-2.36045723e-02,2.69811844e-03
3.474000,1.35417001e-02,6.04170010e-03,0.402780,-2.35550215e-02,2.69717430e-03
3.475000,1.35181943e-02,6.01819430e-03,0.401213,-2.35057932e-02,2.67872010e-03
3.476000,1.34947341e-02,5.99473410e-03,0.399649,-2.34601384e-02,2.67962065e-03
3.477000,1.34713138e-02,5.97131380e-03,0.398088,-2.34203850e-02,2.68044248e-03
3.478000,1.34479336e-02,5.94793360e-03,0.396529,-2.33801904e-02,2.67985976e-03
3.479000,1.34245937e-02,5.92459370e-03,0.394973,-2.33398291e-02,2.66307329e-03
3.480000,1.34012911e-02,5.90129110e-03,0.393419,-2.33026275e-02,2.68871227e-03
3.481000,1.33780247e-02,5.87802470e-03,0.391868,-2.32664050e-02,2.68903312e-03
3.482000,1.33548030e-02,5.85480300e-03,0.390320,-2.32217055e-02,2.67423613e-03
3.483000,1.33316235e-02,5.83162350e-03,0.388775,-2.31795173e-02,2.67754890e-03
3.484000,1.33084819e-02,5.80848190e-03,0.387232,-2.31416028e-02,2.68899992e-03
3.485000,1.32853813e-02,5.78538130e-03,0.385692,-2.31005754e-02,2.68382093e-03
3.486000,1.32623246e-02,5.76232460e-03,0.384155,-2.30567031e-02,2.68848924e-03
3.487000,1.32393109e-02,5.73931090e-03,0.382621,-2.30137062e-02,2.68603823e-03
3.488000,1.32163413e-02,5.71634130e-03,0.381089,-2.29696095e-02,2.69102427e-03
3.489000,1.31934158e-02,5.69341580e-03,0.379561,-2.29254361e-02,2.71236682e-03
3.490000,1.31705400e-02,5.67054000e-03,0.378036,-2.28758510e-02,2.70032908e-03
3.491000,1.31477186e-02,5.64771860e-03,0.376515,-2.28213854e-02,2.69112314e-03
3.492000,1.31249461e-02,5.62494610e-03,0.374996,-2.27725012e-02,2.71263494e-03
3.493000,1.31022233e-02,5.60222330e-03,0.373482,-2.27228362e-02,2.71031717e-03
3.494000,1.30795568e-02,5.57955680e-03,0.371970,-2.26665163e-02,2.68584866e-03
3.495000,1.30569415e-02,5.55694150e-03,0.370463,-2.26152845e-02,2.69554420e-03
3.496000,1.30343711e-02,5.53437110e-03,0.368958,-2.25703740e-02,2.70793945e-03
3.497000,1.30118510e-02,5.51185100e-03,0.367457,-2.25200874e-02,2.71393133e-03
3.498000,1.29893863e-02,5.48938630e-03,0.365959,-2.24646705e-02,2.69854037e-03
3.499000,1.29669763e-02,5.46697630e-03,0.364465,-2.24100074e-02,2.69054009e-03
3.500000,1.29446145e-02,5.44461450e-03,0.362974,-2.23618137e-02,2.68252586e-03
3.501000,1.29222969e-02,5.42229690e-03,0.361486,-2.23176646e-02,2.68156170e-03
3.502000,1.29000205e-02,5.40002050e-03,0.360001,-2.22763181e-02,2.68916006e-03
3.503000,1.28777866e-02,5.37778660e-03,0.358519,-2.22339445e-02,2.67237689e-03
3.504000,1.28555945e-02,5.35559450e-03,0.357040,-2.21920434e-02,2.69889063e-03
3.505000,1.28334436e-02,5.33344360e-03,0.355563,-2.21509654e-02,2.69497523e-03
3.506000,1.28113417e-02,5.31134170e-03,0.354089,-2.21018724e-02,2.68570679e-03
3.507000,1.27892860e-02,5.28928600e-03,0.352619,-2.20557043e-02,2.66893407e-03
3.508000,1.27672705e-02,5.26727050e-03,0.351151,-2.20155461e-02,2.70279175e-03
3.509000,1.27452955e-02,5.24529550e-03,0.349686,-2.19749090e-02,2.68864129e-03
3.510000,1.27233699e-02,5.22336990e-03,0.348225,-2.19256549e-02,2.70344534e-03
3.511000,1.27014915e-02,5.20149150e-03,0.346766,-2.18784300e-02,2.68537018e-03
3.512000,1.26796619e-02,5.17966190e-03,0.345311,-2.18295397e-02,2.69787682e-03
3.513000,1.26578775e-02,5.15787750e-03,0.343859,-2.17843739e-02,2.69566696e-03
3.514000,1.26361421e-02,5.13614210e-03,0.342409,-2.17354915e-02,2.72616678e-03
3.515000,1.26144601e-02,5.11446010e-03,0.340964,-2.16819412e-02,2.70910170e-03
3.516000,1.25928387e-02,5.09283870e-03,0.339523,-2.16213922e-02,2.69433884e-03
3.517000,1.25712697e-02,5.07126970e-03,0.338085,-2.15690583e-02,2.71313471e-03
3.518000,1.25497514e-02,5.04975140e-03,0.336650,-2.15182488e-02,2.71608169e-03
3.519000,1.25282907e-02,5.02829070e-03,0.335219,-2.14607454e-02,2.69932953e-03
3.520000,1.25068854e-02,5.00688540e-03,0.333792,-2.14052365e-02,2.68757029e-03
3.521000,1.24855281e-02,4.98552810e-03,0.332369,-2.13573088e-02,2.69969591e-03
3.522000,1.24642170e-02,4.96421700e-03,0.330948,-2.13110987e-02,2.71732491e-03
3.523000,1.24429592e-02,4.94295920e-03,0.329531,-2.12577890e-02,2.70866726e-03
3.524000,1.24217590e-02,4.92175900e-03,0.328117,-2.12002206e-02,2.69765032e-03
3.525000,1.24006116e-02,4.90061160e-03,0.326707,-2.11474437e-02,2.68803205e-03
3.526000,1.23795116e-02,4.87951160e-03,0.325301,-2.10999858e-02,2.68723905e-03
3.527000,1.23584558e-02,4.85845580e-03,0.323897,-2.10558269e-02,2.69861823e-03
3.528000,1.23374458e-02,4.83744580e-03,0.322496,-2.10099162e-02,2.68431684e-03
3.529000,1.23164830e-02,4.81648300e-03,0.321099,-2.09627975e-02,2.67649270e-03
3.530000,1.22955613e-02,4.79556130e-03,0.319704,-2.09217591e-02,2.69751419e-03
3.531000,1.22746817e-02,4.77468170e-03,0.318312,-2.08795729e-02,2.70291071e-03
3.532000,1.22538522e-02,4.75385220e-03,0.316923,-2.08295286e-02,2.68890076e-03
3.533000,1.22330720e-02,4.73307200e-03,0.315538,-2.07801896e-02,2.68159615e-03
3.534000,1.22123353e-02,4.71233530e-03,0.314156,-2.07367433e-02,2.70063960e-03
3.535000,1.21916429e-02,4.69164290e-03,0.312776,-2.06923283e-02,2.69661393e-03
3.536000,1.21710006e-02,4.67100060e-03,0.311400,-2.06423711e-02,2.70371639e-03
3.537000,1.21504081e-02,4.65040810e-03,0.310027,-2.05924800e-02,2.69292702e-03
3.538000,1.21298659e-02,4.62986590e-03,0.308658,-2.05421643e-02,2.69144627e-03
3.539000,1.21093703e-02,4.60937030e-03,0.307291,-2.04956539e-02,2.70480318e-03
3.540000,1.20889230e-02,4.58892300e-03,0.305928,-2.04472678e-02,2.72088303e-03
3.541000,1.20685313e-02,4.56853130e-03,0.304569,-2.03916514e-02,2.70340960e-03
3.542000,1.20481975e-02,4.54819750e-03,0.303213,-2.03338443e-02,2.70005741e-03
3.543000,1.20279151e-02,4.52791510e-03,0.301861,-2.02823684e-02,2.71440856e-03
3.544000,1.20076857e-02,4.50768570e-03,0.300512,-2.02294556e-02,2.73585027e-03
3.545000,1.19875176e-02,4.48751760e-03,0.299168,-2.01680380e-02,2.71038389e-03
3.546000,1.19674135e-02,4.46741350e-03,0.297828,-2.01040820e-02,2.68608218e-03
3.547000,1.19473608e-02,4.44736080e-03,0.296491,-2.00527870e-02,2.70955283e-03
3.548000,1.19273554e-02,4.42735540e-03,0.295157,-2.00053226e-02,2.71327942e-03
3.549000,1.19074059e-02,4.40740590e-03,0.293827,-1.99494910e-02,2.72848428e-03
3.550000,1.18875162e-02,4.38751620e-03,0.292501,-1.98897468e-02,2.71502212e-03
3.551000,1.18676888e-02,4.36768880e-03,0.291179,-1.98273897e-02,2.69637649e-03
3.552000,1.18479161e-02,4.34791610e-03,0.289861,-1.97727511e-02,2.69343222e-03
3.553000,1.18281913e-02,4.32819130e-03,0.288546,-1.97247566e-02,2.69485160e-03
3.554000,1.18085138e-02,4.30851380e-03,0.287234,-1.96774780e-02,2.71114794e-03
3.555000,1.17888870e-02,4.28888700e-03,0.285926,-1.96268515e-02,2.69228975e-03
3.556000,1.17693128e-02,4.26931280e-03,0.284621,-1.95742079e-02,2.68027069e-03
3.557000,1.17497829e-02,4.24978290e-03,0.283319,-1.95298830e-02,2.69067079e-03
3.558000,1.17302952e-02,4.23029520e-03,0.282020,-1.94876662e-02,2.70915075e-03
3.559000,1.17108565e-02,4.21085650e-03,0.280724,-1.94387660e-02,2.71078258e-03
3.560000,1.16914729e-02,4.19147290e-03,0.279432,-1.93835080e-02,2.67876752e-03
3.561000,1.16721396e-02,4.17213960e-03,0.278143,-1.93333756e-02,2.69589235e-03
3.562000,1.16528488e-02,4.15284880e-03,0.276857,-1.92907291e-02,2.71679186e-03
3.563000,1.16336101e-02,4.13361010e-03,0.275574,-1.92387628e-02,2.69768050e-03
3.564000,1.16144268e-02,4.11442680e-03,0.274295,-1.91833123e-02,2.70467048e-03
3.565000,1.15952939e-02,4.09529390e-03,0.273020,-1.91329022e-02,2.69783626e-03
3.566000,1.15762125e-02,4.07621250e-03,0.271748,-1.90814050e-02,2.70213910e-03
3.567000,1.15571811e-02,4.05718110e-03,0.270479,-1.90313914e-02,2.71247580e-03
3.568000,1.15382029e-02,4.03820290e-03,0.269214,-1.89781367e-02,2.73201681e-03
3.569000,1.15192849e-02,4.01928490e-03,0.267952,-1.89180318e-02,2.71077314e-03
3.570000,1.15004296e-02,4.00042960e-03,0.266695,-1.88552659e-02,2.70933434e-03
3.571000,1.14816299e-02,3.98162990e-03,0.265442,-1.87997312e-02,2.70601313e-03
3.572000,1.14628846e-02,3.96288460e-03,0.264192,-1.87452564e-02,2.73072259e-03
3.573000,1.14441971e-02,3.94419710e-03,0.262946,-1.86875027e-02,2.72118404e-03
3.574000,1.14255738e-02,3.92557380e-03,0.261705,-1.86233208e-02,2.71022064e-03
3.575000,1.14070096e-02,3.90700960e-03,0.260467,-1.85642103e-02,2.69474479e-03
3.576000,1.13884982e-02,3.88849820e-03,0.259233,-1.85114371e-02,2.70189285e-03
3.577000,1.13700357e-02,3.87003570e-03,0.258002,-1.84624823e-02,2.71911081e-03
3.578000,1.13516276e-02,3.85162760e-03,0.256775,-1.84081352e-02,2.72646359e-03
3.579000,1.13332807e-02,3.83328070e-03,0.255552,-1.83468332e-02,2.71394916e-03
3.580000,1.13149954e-02,3.81499540e-03,0.254333,-1.82853295e-02,2.70481140e-03
3.581000,1.12967658e-02,3.79676580e-03,0.253118,-1.82295516e-02,2.69861970e-03
3.582000,1.12785880e-02,3.77858800e-03,0.251906,-1.81778696e-02,2.70695633e-03
3.583000,1.12604612e-02,3.76046120e-03,0.250697,-1.81267468e-02,2.69816067e-03
3.584000,1.12423868e-02,3.74238680e-03,0.249492,-1.80744416e-02,2.69650545e-03
3.585000,1.12243615e-02,3.72436150e-03,0.248291,-1.80253177e-02,2.69373262e-03
3.586000,1.12063842e-02,3.70638420e-03,0.247092,-1.79772277e-02,2.68865308e-03
3.587000,1.11884533e-02,3.68845330e-03,0.245897,-1.79309466e-02,2.71106907e-03
3.588000,1.11705709e-02,3.67057090e-03,0.244705,-1.78823698e-02,2.70402934e-03
3.589000,1.11527432e-02,3.65274320e-03,0.243516,-1.78276760e-02,2.69902274e-03
3.590000,1.11349671e-02,3.63496710e-03,0.242331,-1.77761796e-02,2.68730712e-03
3.591000,1.11172387e-02,3.61723870e-03,0.241149,-1.77283992e-02,2.70233377e-03
3.592000,1.10995569e-02,3.59955690e-03,0.239970,-1.76818091e-02,2.71544443e-03
3.593000,1.10819289e-02,3.58192890e-03,0.238795,-1.76279655e-02,2.70022397e-03
3.594000,1.10643564e-02,3.56435640e-03,0.237624,-1.75725078e-02,2.70648550e-03
3.595000,1.10468354e-02,3.54683540e-03,0.236456,-1.75209414e-02,2.70535179e-03
3.596000,1.10293679e-02,3.52936790e-03,0.235291,-1.74675191e-02,2.69883792e-03
3.597000,1.10119523e-02,3.51195230e-03,0.234130,-1.74156211e-02,2.70743938e-03
3.598000,1.09945880e-02,3.49458800e-03,0.232973,-1.73643412e-02,2.71381558e-03
3.599000,1.09772789e-02,3.47727890e-03,0.231819,-1.73091090e-02,2.72438802e-03
3.600000,1.09600289e-02,3.46002890e-03,0.230669,-1.72499130e-02,2.70933347e-03
3.601000,1.09428390e-02,3.44283900e-03,0.229523,-1.71899072e-02,2.70906619e-03
3.602000,1.09257041e-02,3.42570410e-03,0.228380,-1.71348927e-02,2.71677183e-03
3.603000,1.09086255e-02,3.40862550e-03,0.227242,-1.70786034e-02,2.73642837e-03
3.604000,1.08916092e-02,3.39160920e-03,0.226107,-1.70163074e-02,2.72589469e-03
3.605000,1.08746598e-02,3.37465980e-03,0.224977,-1.69494186e-02,2.70859559e-03
3.606000,1.08577708e-02,3.35777080e-03,0.223851,-1.68890485e-02,2.68995394e-03
3.607000,1.08409331e-02,3.34093310e-03,0.222729,-1.68376561e-02,2.72830056e-03
3.608000,1.08241475e-02,3.32414750e-03,0.221610,-1.67856048e-02,2.71316378e-03
3.609000,1.08074239e-02,3.30742390e-03,0.220495,-1.67236367e-02,2.72804283e-03
3.610000,1.07907599e-02,3.29075990e-03,0.219384,-1.66640085e-02,2.71826738e-03
3.611000,1.07741586e-02,3.27415860e-03,0.218277,-1.66012225e-02,2.72255598e-03
3.612000,1.07576177e-02,3.25761770e-03,0.217175,-1.65408885e-02,2.70464152e-03
3.613000,1.07411354e-02,3.24113540e-03,0.216076,-1.64823140e-02,2.70328101e-03
3.614000,1.07247056e-02,3.22470560e-03,0.214980,-1.64298636e-02,2.70275169e-03
3.615000,1.07083276e-02,3.20832760e-03,0.213889,-1.63779535e-02,2.71257853e-03
3.616000,1.06920031e-02,3.19200310e-03,0.212800,-1.63244795e-02,2.70727623e-03
3.617000,1.06757344e-02,3.17573440e-03,0.211716,-1.62687158e-02,2.69708117e-03
3.618000,1.06595179e-02,3.15951790e-03,0.210635,-1.62164964e-02,2.68438970e-03
3.619000,1.06433481e-02,3.14334810e-03,0.209557,-1.61698696e-02,2.70192488e-03
3.620000,1.06272237e-02,3.12722370e-03,0.208482,-1.61243099e-02,2.71398920e-03
3.621000,1.06111529e-02,3.11115290e-03,0.207410,-1.60708580e-02,2.71945998e-03
3.622000,1.05951404e-02,3.09514040e-03,0.206343,-1.60124765e-02,2.69913018e-03
3.623000,1.05791845e-02,3.07918450e-03,0.205279,-1.59558934e-02,2.67963496e-03
3.624000,1.05632751e-02,3.06327510e-03,0.204218,-1.59094345e-02,2.70754774e-03
3.625000,1.05474106e-02,3.04741060e-03,0.203161,-1.58644420e-02,2.72098837e-03
3.626000,1.05316027e-02,3.03160270e-03,0.202107,-1.58079057e-02,2.70776981e-03
3.627000,1.05158534e-02,3.01585340e-03,0.201057,-1.57492929e-02,2.69694626e-03
3.628000,1.05001565e-02,3.00015650e-03,0.200010,-1.56969352e-02,2.71194197e-03
3.629000,1.04845110e-02,2.98451100e-03,0.198967,-1.56454804e-02,2.70389787e-03
3.630000,1.04689205e-02,2.96892050e-03,0.197928,-1.55905232e-02,2.69983772e-03
3.631000,1.04533816e-02,2.95338160e-03,0.196892,-1.55389258e-02,2.71576943e-03
3.632000,1.04378957e-02,2.93789570e-03,0.195860,-1.54858445e-02,2.72646377e-03
3.633000,1.04224701e-02,2.92247010e-03,0.194831,-1.54256399e-02,2.72840077e-03
3.634000,1.04071085e-02,2.90710850e-03,0.193807,-1.53615805e-02,2.70885971e-03
3.635000,1.03918082e-02,2.89180820e-03,0.192787,-1.53003406e-02,2.71658781e-03
3.636000,1.03765640e-02,2.87656400e-03,0.191771,-1.52441516e-02,2.70183851e-03
3.637000,1.03613760e-02,2.86137600e-03,0.190758,-1.51880328e-02,2.72300001e-03
3.638000,1.03462430e-02,2.84624300e-03,0.189750,-1.51330158e-02,2.73184131e-03
3.639000,1.03311735e-02,2.83117350e-03,0.188745,-1.50694855e-02,2.71934262e-03
3.640000,1.03161682e-02,2.81616820e-03,0.187745,-1.50052619e-02,2.70741698e-03
3.641000,1.03012210e-02,2.80122100e-03,0.186748,-1.49472519e-02,2.68949819e-03
3.642000,1.02863246e-02,2.78632460e-03,0.185755,-1.48963273e-02,2.71441775e-03
3.643000,1.02714778e-02,2.77147780e-03,0.184765,-1.48468807e-02,2.70036907e-03
3.644000,1.02566860e-02,2.75668600e-03,0.183779,-1.47917345e-02,2.72905669e-03
3.645000,1.02419499e-02,2.74194990e-03,0.182797,-1.47361290e-02,2.71790721e-03
3.646000,1.02272768e-02,2.72727680e-03,0.181818,-1.46730737e-02,2.71999721e-03
3.647000,1.02126635e-02,2.71266350e-03,0.180844,-1.46133105e-02,2.70934335e-03
3.648000,1.01981088e-02,2.69810880e-03,0.179874,-1.45547449e-02,2.69854111e-03
3.649000,1.01836072e-02,2.68360720e-03,0.178907,-1.45015884e-02,2.70465150e-03
3.650000,1.01691563e-02,2.66915630e-03,0.177944,-1.44508990e-02,2.70681381e-03
3.651000,1.01547585e-02,2.65475850e-03,0.176984,-1.43978205e-02,2.70817952e-03
3.652000,1.01404147e-02,2.64041470e-03,0.176028,-1.43437904e-02,2.70207394e-03
3.653000,1.01261243e-02,2.62612430e-03,0.175075,-1.42903914e-02,2.70032233e-03
3.654000,1.01118850e-02,2.61188500e-03,0.174126,-1.42393073e-02,2.68995096e-03
3.655000,1.00976943e-02,2.59769430e-03,0.173180,-1.41906326e-02,2.69046635e-03
3.656000,1.00835491e-02,2.58354910e-03,0.172237,-1.41452728e-02,2.70141941e-03
3.657000,1.00694513e-02,2.56945130e-03,0.171297,-1.40978069e-02,2.71713942e-03
3.658000,1.00554073e-02,2.55540730e-03,0.170360,-1.40439639e-02,2.70101485e-03
3.659000,1.00414195e-02,2.54141950e-03,0.169428,-1.39878096e-02,2.69457850e-03
3.660000,1.00274814e-02,2.52748140e-03,0.168499,-1.39380891e-02,2.68758215e-03
3.661000,1.00135897e-02,2.51358970e-03,0.167573,-1.38917196e-02,2.70992887e-03
3.662000,9.99974598e-03,2.49974598e-03,0.166650,-1.38436961e-02,2.70871997e-03
3.663000,9.98595743e-03,2.48595743e-03,0.165730,-1.37885473e-02,2.71904617e-03
3.664000,9.97222546e-03,2.47222546e-03,0.164815,-1.37319695e-02,2.69569731e-03
3.665000,9.95854933e-03,2.45854933e-03,0.163903,-1.36761294e-02,2.70126980e-03
3.666000,9.94492236e-03,2.44492236e-03,0.162995,-1.36269720e-02,2.71081421e-03
3.667000,9.93134807e-03,2.43134807e-03,0.162090,-1.35742967e-02,2.70401125e-03
3.668000,9.91782838e-03,2.41782838e-03,0.161189,-1.35196898e-02,2.70160406e-03
3.669000,9.90436063e-03,2.40436063e-03,0.160291,-1.34677429e-02,2.70325788e-03
3.670000,9.89094434e-03,2.39094434e-03,0.159396,-1.34162940e-02,2.71110951e-03
3.671000,9.87758143e-03,2.37758143e-03,0.158505,-1.33629135e-02,2.72500019e-03
3.672000,9.86427693e-03,2.36427693e-03,0.157618,-1.33044981e-02,2.72151524e-03
3.673000,9.85103479e-03,2.35103479e-03,0.156736,-1.32421370e-02,2.70254837e-03
3.674000,9.83785052e-03,2.33785052e-03,0.155857,-1.31842744e-02,2.70490511e-03
3.675000,9.82471829e-03,2.32471829e-03,0.154981,-1.31322242e-02,2.70432464e-03
3.676000,9.81163879e-03,2.31163879e-03,0.154109,-1.30795026e-02,2.72170869e-03
3.677000,9.79861489e-03,2.29861489e-03,0.153241,-1.30238974e-02,2.73474867e-03
3.678000,9.78565461e-03,2.28565461e-03,0.152377,-1.29602771e-02,2.71850336e-03
3.679000,9.77275937e-03,2.27275937e-03,0.151517,-1.28952470e-02,2.70731197e-03
3.680000,9.75992184e-03,2.25992184e-03,0.150661,-1.28375313e-02,2.69597412e-03
3.681000,9.74713634e-03,2.24713634e-03,0.149809,-1.27854959e-02,2.69539605e-03
3.682000,9.73439905e-03,2.23439905e-03,0.148960,-1.27372863e-02,2.72868295e-03
3.683000,9.72171567e-03,2.22171567e-03,0.148114,-1.26833801e-02,2.70357078e-03
3.684000,9.70909269e-03,2.20909269e-03,0.147273,-1.26229828e-02,2.70262814e-03
3.685000,9.69652169e-03,2.19652169e-03,0.146435,-1.25709994e-02,2.71318937e-03
3.686000,9.68400423e-03,2.18400423e-03,0.145600,-1.25174579e-02,2.72230655e-03
3.687000,9.67154540e-03,2.17154540e-03,0.144770,-1.24588358e-02,2.73030061e-03
3.688000,9.65914959e-03,2.15914959e-03,0.143943,-1.23958057e-02,2.70541142e-03
3.689000,9.64681504e-03,2.14681504e-03,0.143121,-1.23345516e-02,2.69771502e-03
3.690000,9.63453221e-03,2.13453221e-03,0.142302,-1.22828326e-02,2.70028027e-03
3.691000,9.62229902e-03,2.12229902e-03,0.141487,-1.22331875e-02,2.70322873e-03
3.692000,9.61011684e-03,2.11011684e-03,0.140674,-1.21821785e-02,2.71275810e-03
3.693000,9.59798833e-03,2.09798833e-03,0.139866,-1.21285161e-02,2.70293365e-03
3.694000,9.58591486e-03,2.08591486e-03,0.139061,-1.20734614e-02,2.69603165e-03
3.695000,9.57389201e-03,2.07389201e-03,0.138259,-1.20228538e-02,2.69375506e-03
3.696000,9.56191710e-03,2.06191710e-03,0.137461,-1.19749155e-02,2.68648155e-03
3.697000,9.54998808e-03,2.04998808e-03,0.136666,-1.19290110e-02,2.68853724e-03
3.698000,9.53810295e-03,2.03810295e-03,0.135874,-1.18851318e-02,2.69037492e-03
3.699000,9.52626270e-03,2.02626270e-03,0.135084,-1.18402525e-02,2.70241159e-03
3.700000,9.51447006e-03,2.01447006e-03,0.134298,-1.17926411e-02,2.71106194e-03
3.701000,9.50273051e-03,2.00273051e-03,0.133515,-1.17395470e-02,2.69435230e-03
3.702000,9.49104395e-03,1.99104395e-03,0.132736,-1.16865669e-02,2.68944934e-03
3.703000,9.47940400e-03,1.97940400e-03,0.131960,-1.16399415e-02,2.68905081e-03
3.704000,9.46780901e-03,1.96780901e-03,0.131187,-1.15949968e-02,2.68604838e-03
3.705000,9.45625829e-03,1.95625829e-03,0.130417,-1.15507139e-02,2.69864510e-03
3.706000,9.44475310e-03,1.94475310e-03,0.129650,-1.15051895e-02,2.69974233e-03
3.707000,9.43329777e-03,1.93329777e-03,0.128887,-1.14553341e-02,2.70731682e-03
3.708000,9.42189399e-03,1.92189399e-03,0.128126,-1.14037789e-02,2.70315061e-03
3.709000,9.41054352e-03,1.91054352e-03,0.127370,-1.13504728e-02,2.69420480e-03
3.710000,9.39924340e-03,1.89924340e-03,0.126616,-1.13001170e-02,2.69469342e-03
3.711000,9.38799079e-03,1.88799079e-03,0.125866,-1.12526127e-02,2.70247743e-03
3.712000,9.37678722e-03,1.87678722e-03,0.125119,-1.12035714e-02,2.69564933e-03
3.713000,9.36563404e-03,1.86563404e-03,0.124376,-1.11531812e-02,2.68700907e-03
3.714000,9.35452747e-03,1.85452747e-03,0.123635,-1.11065614e-02,2.70316619e-03
3.715000,9.34346755e-03,1.84346755e-03,0.122898,-1.10599220e-02,2.70217321e-03
3.716000,9.33245940e-03,1.83245940e-03,0.122164,-1.10081519e-02,2.72237645e-03
3.717000,9.32150626e-03,1.82150626e-03,0.121434,-1.09531352e-02,2.70801620e-03
3.718000,9.31061224e-03,1.81061224e-03,0.120707,-1.08940229e-02,2.70675014e-03
3.719000,9.29977239e-03,1.79977239e-03,0.119985,-1.08398507e-02,2.70269872e-03
3.720000,9.28898558e-03,1.78898558e-03,0.119266,-1.07868106e-02,2.70102229e-03
3.721000,9.27825018e-03,1.77825018e-03,0.118550,-1.07353976e-02,2.70372616e-03
3.722000,9.26756613e-03,1.76756613e-03,0.117838,-1.06840570e-02,2.69148073e-03
3.723000,9.25693213e-03,1.75693213e-03,0.117129,-1.06339939e-02,2.70166106e-03
3.724000,9.24634598e-03,1.74634598e-03,0.116423,-1.05861521e-02,2.71380783e-03
3.725000,9.23581316e-03,1.73581316e-03,0.115721,-1.05328188e-02,2.70802610e-03
3.726000,9.22533664e-03,1.72533664e-03,0.115022,-1.04765189e-02,2.70324976e-03
3.727000,9.21491368e-03,1.71491368e-03,0.114328,-1.04229624e-02,2.69161618e-03
3.728000,9.20454065e-03,1.70454065e-03,0.113636,-1.03730317e-02,2.68964767e-03
3.729000,9.19421338e-03,1.69421338e-03,0.112948,-1.03272699e-02,2.68245229e-03
3.730000,9.18392995e-03,1.68392995e-03,0.112262,-1.02834269e-02,2.69134903e-03
3.731000,9.17368958e-03,1.67368958e-03,0.111579,-1.02403737e-02,2.68745316e-03
3.732000,9.16349449e-03,1.66349449e-03,0.110900,-1.01950876e-02,2.67558345e-03
3.733000,9.15334131e-03,1.65334131e-03,0.110223,-1.01531801e-02,2.69520479e-03
3.734000,9.14322961e-03,1.64322961e-03,0.109549,-1.01117009e-02,2.70726967e-03
3.735000,9.13316797e-03,1.63316797e-03,0.108878,-1.00616442e-02,2.69857569e-03
3.736000,9.12315880e-03,1.62315880e-03,0.108211,-1.00091627e-02,2.69151464e-03
3.737000,9.11319802e-03,1.61319802e-03,0.107547,-9.96078502e-03,2.70614966e-03
3.738000,9.10328588e-03,1.60328588e-03,0.106886,-9.91213830e-03,2.69947716e-03
3.739000,9.09342601e-03,1.59342601e-03,0.106228,-9.85986517e-03,2.69739534e-03
3.740000,9.08361586e-03,1.58361586e-03,0.105574,-9.81015155e-03,2.68732488e-03
3.741000,9.07385296e-03,1.57385296e-03,0.104924,-9.76290247e-03,2.69117468e-03
3.742000,9.06413468e-03,1.56413468e-03,0.104276,-9.71827989e-03,2.68440615e-03
3.743000,9.05446109e-03,1.55446109e-03,0.103631,-9.67358991e-03,2.69747490e-03
3.744000,9.04483228e-03,1.54483228e-03,0.102989,-9.62881176e-03,2.69390473e-03
3.745000,9.03525191e-03,1.53525191e-03,0.102350,-9.58037298e-03,2.68278243e-03
3.746000,9.02571683e-03,1.52571683e-03,0.101714,-9.53507355e-03,2.68505662e-03
3.747000,9.01622381e-03,1.51622381e-03,0.101082,-9.49302469e-03,2.68766007e-03
3.748000,9.00677404e-03,1.50677404e-03,0.100452,-9.44976855e-03,2.67401704e-03
3.749000,8.99736597e-03,1.49736597e-03,0.099824,-9.40807003e-03,2.68027212e-03
3.750000,8.98799622e-03,1.48799622e-03,0.099200,-9.36974594e-03,2.67709981e-03
3.751000,8.97866629e-03,1.47866629e-03,0.098578,-9.32992857e-03,2.67787847e-03
3.752000,8.96937528e-03,1.46937528e-03,0.097958,-9.29101534e-03,2.69300180e-03
3.753000,8.96012611e-03,1.46012611e-03,0.097342,-9.24917199e-03,2.69754850e-03
3.754000,8.95092455e-03,1.45092455e-03,0.096728,-9.20155789e-03,2.67772430e-03
3.755000,8.94176859e-03,1.44176859e-03,0.096118,-9.15595626e-03,2.67921911e-03
3.756000,8.93265199e-03,1.43265199e-03,0.095510,-9.11660087e-03,2.68376574e-03
3.757000,8.92357604e-03,1.42357604e-03,0.094905,-9.07595053e-03,2.68508399e-03
3.758000,8.91454247e-03,1.41454247e-03,0.094303,-9.03357389e-03,2.68033451e-03
3.759000,8.90555086e-03,1.40555086e-03,0.093703,-8.99160421e-03,2.69320421e-03
3.760000,8.89660194e-03,1.39660194e-03,0.093107,-8.94891847e-03,2.70148200e-03
3.761000,8.88770140e-03,1.38770140e-03,0.092513,-8.90054229e-03,2.69348736e-03
3.762000,8.87885054e-03,1.37885054e-03,0.091923,-8.85086133e-03,2.68839480e-03
3.763000,8.87004583e-03,1.37004583e-03,0.091336,-8.80470649e-03,2.69593555e-03
3.764000,8.86128694e-03,1.36128694e-03,0.090752,-8.75889062e-03,2.68908999e-03
3.765000,8.85257514e-03,1.35257514e-03,0.090172,-8.71180881e-03,2.68637528e-03
3.766000,8.84390768e-03,1.34390768e-03,0.089594,-8.66745526e-03,2.68636545e-03
3.767000,8.83528368e-03,1.33528368e-03,0.089019,-8.62399500e-03,2.68843600e-03
3.768000,8.82670351e-03,1.32670351e-03,0.088447,-8.58017181e-03,2.69291819e-03
3.769000,8.81816864e-03,1.31816864e-03,0.087878,-8.53487600e-03,2.67953690e-03
3.770000,8.80967816e-03,1.30967816e-03,0.087312,-8.49047450e-03,2.68625245e-03
3.771000,8.80122888e-03,1.30122888e-03,0.086749,-8.44928005e-03,2.67914743e-03
3.772000,8.79282175e-03,1.29282175e-03,0.086188,-8.40713656e-03,2.69126090e-03
3.773000,8.78445656e-03,1.28445656e-03,0.085630,-8.36518433e-03,2.69775559e-03
3.774000,8.77613846e-03,1.27613846e-03,0.085076,-8.31810534e-03,2.71063297e-03
3.775000,8.76787184e-03,1.26787184e-03,0.084525,-8.26661618e-03,2.69915223e-03
3.776000,8.75965891e-03,1.25965891e-03,0.083977,-8.21292813e-03,2.69404075e-03
3.777000,8.75149500e-03,1.25149500e-03,0.083433,-8.16391443e-03,2.69103079e-03
3.778000,8.74337789e-03,1.24337789e-03,0.082892,-8.11711170e-03,2.68468010e-03
3.779000,8.73530547e-03,1.23530547e-03,0.082354,-8.07242054e-03,2.67901344e-03
3.780000,8.72727465e-03,1.22727465e-03,0.081818,-8.03081712e-03,2.68890130e-03
3.781000,8.71928532e-03,1.21928532e-03,0.081286,-7.98932616e-03,2.68366042e-03
3.782000,8.71133981e-03,1.21133981e-03,0.080756,-7.94551467e-03,2.68440175e-03
3.783000,8.70343651e-03,1.20343651e-03,0.080229,-7.90329327e-03,2.69199921e-03
3.784000,8.69557703e-03,1.19557703e-03,0.079705,-7.85948488e-03,2.68576942e-03
3.785000,8.68776275e-03,1.18776275e-03,0.079184,-7.81428303e-03,2.70040605e-03
3.786000,8.67999421e-03,1.17999421e-03,0.078666,-7.76853882e-03,2.68765150e-03
3.787000,8.67227396e-03,1.17227396e-03,0.078152,-7.72024322e-03,2.68353601e-03
3.788000,8.66459710e-03,1.16459710e-03,0.077640,-7.67686419e-03,2.68266093e-03
3.789000,8.65696211e-03,1.15696211e-03,0.077131,-7.63499149e-03,2.68251469e-03
3.790000,8.64936868e-03,1.14936868e-03,0.076625,-7.59343204e-03,2.66767773e-03
3.791000,8.64181413e-03,1.14181413e-03,0.076121,-7.55454437e-03,2.66135813e-03
3.792000,8.63429249e-03,1.13429249e-03,0.075619,-7.52164692e-03,2.67585298e-03
3.793000,8.62680422e-03,1.12680422e-03,0.075120,-7.48826168e-03,2.69125639e-03
3.794000,8.61935683e-03,1.11935683e-03,0.074624,-7.44739219e-03,2.67445556e-03
3.795000,8.61195240e-03,1.11195240e-03,0.074130,-7.40443504e-03,2.65484244e-03
3.796000,8.60458193e-03,1.10458193e-03,0.073639,-7.37046388e-03,2.65888272e-03
3.797000,8.59723971e-03,1.09723971e-03,0.073149,-7.34221949e-03,2.67801783e-03
3.798000,8.58993045e-03,1.08993045e-03,0.072662,-7.30926439e-03,2.68861678e-03
3.799000,8.58266230e-03,1.08266230e-03,0.072177,-7.26815071e-03,2.67566393e-03
3.800000,8.57543645e-03,1.07543645e-03,0.071696,-7.22584675e-03,2.68644734e-03
3.801000,8.56825056e-03,1.06825056e-03,0.071217,-7.18588978e-03,2.68600816e-03
3.802000,8.56110809e-03,1.06110809e-03,0.070741,-7.14246903e-03,2.69853593e-03
3.803000,8.55401112e-03,1.05401112e-03,0.070267,-7.09697713e-03,2.68430482e-03
3.804000,8.54696123e-03,1.04696123e-03,0.069797,-7.04988753e-03,2.67901421e-03
3.805000,8.53995282e-03,1.03995282e-03,0.069330,-7.00840722e-03,2.67109815e-03
3.806000,8.53298276e-03,1.03298276e-03,0.068866,-6.97006430e-03,2.67302498e-03
3.807000,8.52604878e-03,1.02604878e-03,0.068403,-6.93398039e-03,2.67831750e-03
3.808000,8.51915245e-03,1.01915245e-03,0.067943,-6.89632775e-03,2.67240917e-03
3.809000,8.51229447e-03,1.01229447e-03,0.067486,-6.85798180e-03,2.66598169e-03
3.810000,8.50547175e-03,1.00547175e-03,0.067031,-6.82271286e-03,2.66814570e-03
3.811000,8.49868258e-03,9.98682580e-04,0.066579,-6.78917212e-03,2.67770269e-03
3.812000,8.49192935e-03,9.91929350e-04,0.066129,-6.75323063e-03,2.68350606e-03
3.813000,8.48521623e-03,9.85216230e-04,0.065681,-6.71312423e-03,2.66959908e-03
3.814000,8.47854266e-03,9.78542660e-04,0.065236,-6.67357121e-03,2.65774008e-03
3.815000,8.47190197e-03,9.71901970e-04,0.064793,-6.64068258e-03,2.66907207e-03
3.816000,8.46529229e-03,9.65292290e-04,0.064353,-6.60968469e-03,2.66519198e-03
3.817000,8.45871664e-03,9.58716640e-04,0.063914,-6.57565135e-03,2.66307625e-03
3.818000,8.45217337e-03,9.52173370e-04,0.063478,-6.54326644e-03,2.65236041e-03
3.819000,8.44565990e-03,9.45659900e-04,0.063044,-6.51347134e-03,2.65549181e-03
3.820000,8.43917326e-03,9.39173260e-04,0.062612,-6.48664173e-03,2.65958633e-03
3.821000,8.43271520e-03,9.32715200e-04,0.062181,-6.45805965e-03,2.65341977e-03
3.822000,8.42628597e-03,9.26285970e-04,0.061752,-6.42922336e-03,2.66135494e-03
3.823000,8.41988496e-03,9.19884960e-04,0.061326,-6.40100901e-03,2.66698479e-03
3.824000,8.41351577e-03,9.13515770e-04,0.060901,-6.36919306e-03,2.67071881e-03
3.825000,8.40718090e-03,9.07180900e-04,0.060479,-6.33486786e-03,2.66907238e-03
3.826000,8.40088130e-03,9.00881300e-04,0.060059,-6.29960750e-03,2.66955522e-03
3.827000,8.39461649e-03,8.94616490e-04,0.059641,-6.26480247e-03,2.65746695e-03
3.828000,8.38838452e-03,8.88384520e-04,0.059226,-6.23197655e-03,2.66952460e-03
3.829000,8.38218353e-03,8.82183530e-04,0.058812,-6.20098834e-03,2.66020104e-03
3.830000,8.37601584e-03,8.76015840e-04,0.058401,-6.16768897e-03,2.65926780e-03
3.831000,8.36987822e-03,8.69878220e-04,0.057992,-6.13761664e-03,2.66405062e-03
3.832000,8.36377122e-03,8.63771220e-04,0.057585,-6.10700501e-03,2.66513528e-03
3.833000,8.35769659e-03,8.57696590e-04,0.057180,-6.07463082e-03,2.65879601e-03
3.834000,8.35165357e-03,8.51653570e-04,0.056777,-6.04302144e-03,2.67068713e-03
3.835000,8.34564218e-03,8.45642180e-04,0.056376,-6.01139116e-03,2.66758485e-03
3.836000,8.33966577e-03,8.39665770e-04,0.055978,-5.97640426e-03,2.66883337e-03
3.837000,8.33372356e-03,8.33723560e-04,0.055582,-5.94221541e-03,2.66791242e-03
3.838000,8.32781578e-03,8.27815780e-04,0.055188,-5.90777939e-03,2.66638420e-03
3.839000,8.32194186e-03,8.21941860e-04,0.054796,-5.87391607e-03,2.66949361e-03
3.840000,8.31610186e-03,8.16101860e-04,0.054407,-5.84000477e-03,2.67397579e-03
3.841000,8.31029758e-03,8.10297580e-04,0.054020,-5.80427968e-03,2.66157380e-03
3.842000,8.30452830e-03,8.04528300e-04,0.053635,-5.76927572e-03,2.65711042e-03
3.843000,8.29878917e-03,7.98789170e-04,0.053253,-5.73913406e-03,2.65633763e-03
3.844000,8.29307857e-03,7.93078570e-04,0.052872,-5.71059491e-03,2.65423466e-03
3.845000,8.28739589e-03,7.87395890e-04,0.052493,-5.68268143e-03,2.65682083e-03
3.846000,8.28174089e-03,7.81740890e-04,0.052116,-5.65500126e-03,2.65647893e-03
3.847000,8.27611436e-03,7.76114360e-04,0.051741,-5.62653222e-03,2.65683757e-03
3.848000,8.27051624e-03,7.70516240e-04,0.051368,-5.59811204e-03,2.66015066e-03
3.849000,8.26494726e-03,7.64947260e-04,0.050996,-5.56898820e-03,2.64973016e-03
3.850000,8.25940664e-03,7.59406640e-04,0.050627,-5.54061904e-03,2.65025022e-03
3.851000,8.25389106e-03,7.53891060e-04,0.050259,-5.51558015e-03,2.65139007e-03
3.852000,8.24840089e-03,7.48400890e-04,0.049893,-5.49016891e-03,2.65579036e-03
3.853000,8.24293728e-03,7.42937280e-04,0.049529,-5.46360517e-03,2.67035568e-03
3.854000,8.23750426e-03,7.37504260e-04,0.049167,-5.43302061e-03,2.66820099e-03
3.855000,8.23210623e-03,7.32106230e-04,0.048807,-5.39803361e-03,2.66031802e-03
3.856000,8.22674108e-03,7.26741080e-04,0.048449,-5.36514825e-03,2.67626786e-03
3.857000,8.22140905e-03,7.21409050e-04,0.048094,-5.33203123e-03,2.67768045e-03
3.858000,8.21611562e-03,7.16115620e-04,0.047741,-5.29342624e-03,2.66806028e-03
3.859000,8.21085956e-03,7.10859560e-04,0.047391,-5.25605856e-03,2.66264707e-03
3.860000,8.20563676e-03,7.05636760e-04,0.047042,-5.22280754e-03,2.66914993e-03
3.861000,8.20044657e-03,7.00446570e-04,0.046696,-5.19018435e-03,2.66100528e-03
3.862000,8.19528971e-03,6.95289710e-04,0.046353,-5.15686582e-03,2.65677102e-03
3.863000,8.19016274e-03,6.90162740e-04,0.046011,-5.12697089e-03,2.65301943e-03
3.864000,8.18506361e-03,6.85063610e-04,0.045671,-5.09912998e-03,2.65036809e-03
3.865000,8.17999062e-03,6.79990620e-04,0.045333,-5.07299001e-03,2.65096985e-03
3.866000,8.17494300e-03,6.74943000e-04,0.044996,-5.04761436e-03,2.64435686e-03
3.867000,8.16991979e-03,6.69919790e-04,0.044661,-5.02321052e-03,2.65807305e-03
3.868000,8.16492124e-03,6.64921240e-04,0.044328,-4.99855294e-03,2.65099471e-03
3.869000,8.15995060e-03,6.59950600e-04,0.043997,-4.97064247e-03,2.65109040e-03
3.870000,8.15500556e-03,6.55005560e-04,0.043667,-4.94503972e-03,2.64513525e-03
3.871000,8.15008510e-03,6.50085100e-04,0.043339,-4.92045864e-03,2.65202772e-03
3.872000,8.14518848e-03,6.45188480e-04,0.043013,-4.89661446e-03,2.65579410e-03
3.873000,8.14031864e-03,6.40318640e-04,0.042688,-4.86984066e-03,2.65227206e-03
3.874000,8.13547619e-03,6.35476190e-04,0.042365,-4.84245275e-03,2.65493407e-03
3.875000,8.13066044e-03,6.30660440e-04,0.042044,-4.81575078e-03,2.65736647e-03
3.876000,8.12587269e-03,6.25872690e-04,0.041725,-4.78774443e-03,2.65009751e-03
3.877000,8.12111247e-03,6.21112470e-04,0.041407,-4.76022468e-03,2.64504281e-03
3.878000,8.11637648e-03,6.16376480e-04,0.041092,-4.73598602e-03,2.64664704e-03
3.879000,8.11166336e-03,6.11663360e-04,0.040778,-4.71312372e-03,2.64727819e-03
3.880000,8.10697374e-03,6.06973740e-04,0.040465,-4.68962295e-03,2.64668003e-03
3.881000,8.10230772e-03,6.02307720e-04,0.040154,-4.66602068e-03,2.64580157e-03
3.882000,8.09766495e-03,5.97664950e-04,0.039844,-4.64277020e-03,2.63671218e-03
3.883000,8.09304353e-03,5.93043530e-04,0.039536,-4.62141558e-03,2.63243372e-03
3.884000,8.08843973e-03,5.88439730e-04,0.039229,-4.60380265e-03,2.62990640e-03
3.885000,8.08385169e-03,5.83851690e-04,0.038923,-4.58804175e-03,2.63347297e-03
3.886000,8.07927921e-03,5.79279210e-04,0.038619,-4.57248016e-03,2.63089933e-03
3.887000,8.07472300e-03,5.74723000e-04,0.038315,-4.55620237e-03,2.63096533e-03
3.888000,8.07018224e-03,5.70182240e-04,0.038012,-4.54075814e-03,2.63204393e-03
3.889000,8.06565714e-03,5.65657140e-04,0.037710,-4.52510149e-03,2.63041234e-03
3.890000,8.06114776e-03,5.61147760e-04,0.037410,-4.50937914e-03,2.62325923e-03
3.891000,8.05665231e-03,5.56652310e-04,0.037110,-4.49545757e-03,2.62305477e-03
3.892000,8.05216839e-03,5.52168390e-04,0.036811,-4.48392135e-03,2.62285359e-03
3.893000,8.04769590e-03,5.47695900e-04,0.036513,-4.47248786e-03,2.63165152e-03
3.894000,8.04323633e-03,5.43236330e-04,0.036216,-4.45956461e-03,2.63670408e-03
3.895000,8.03879347e-03,5.38793470e-04,0.035920,-4.44285851e-03,2.65005817e-03
3.896000,8.03437134e-03,5.34371340e-04,0.035625,-4.42213155e-03,2.64706737e-03
3.897000,8.02997379e-03,5.29973790e-04,0.035332,-4.39754780e-03,2.64392650e-03
3.898000,8.02559929e-03,5.25599290e-04,0.035040,-4.37450169e-03,2.65524184e-03
3.899000,8.02124881e-03,5.21248810e-04,0.034750,-4.35048611e-03,2.65714367e-03
3.900000,8.01692639e-03,5.16926390e-04,0.034462,-4.32241808e-03,2.65898464e-03
3.901000,8.01263299e-03,5.12632990e-04,0.034176,-4.29339990e-03,2.65143838e-03
3.902000,8.00836788e-03,5.08367880e-04,0.033891,-4.26511160e-03,2.64982227e-03
3.903000,8.00412829e-03,5.04128290e-04,0.033609,-4.23958739e-03,2.66585673e-03
3.904000,7.99991653e-03,4.99916530e-04,0.033328,-4.21175843e-03,2.66004534e-03
3.905000,7.99573684e-03,4.95736840e-04,0.033049,-4.17969118e-03,2.65731817e-03
3.906000,7.99158683e-03,4.91586830e-04,0.032772,-4.15001475e-03,2.66354590e-03
3.907000,7.98746669e-03,4.87466690e-04,0.032498,-4.12013266e-03,2.65382212e-03
3.908000,7.98337677e-03,4.83376770e-04,0.032225,-4.08992483e-03,2.65433817e-03
3.909000,7.97931395e-03,4.79313950e-04,0.031954,-4.06281918e-03,2.65200519e-03
3.910000,7.97527799e-03,4.75277990e-04,0.031685,-4.03595662e-03,2.65224486e-03
3.911000,7.97126817e-03,4.71268170e-04,0.031418,-4.00981785e-03,2.65526447e-03
3.912000,7.96728511e-03,4.67285110e-04,0.031152,-3.98306639e-03,2.65676986e-03
3.913000,7.96333005e-03,4.63330050e-04,0.030889,-3.95505704e-03,2.65190153e-03
3.914000,7.95940264e-03,4.59402640e-04,0.030627,-3.92741420e-03,2.64472776e-03
3.915000,7.95550000e-03,4.55500000e-04,0.030367,-3.90263879e-03,2.64329402e-03
3.916000,7.95161953e-03,4.51619530e-04,0.030108,-3.88047290e-03,2.64284947e-03
3.917000,7.94776067e-03,4.47760670e-04,0.029851,-3.85885648e-03,2.65414698e-03
3.918000,7.94392528e-03,4.43925280e-04,0.029595,-3.83538822e-03,2.66850802e-03
3.919000,7.94011961e-03,4.40119610e-04,0.029341,-3.80567011e-03,2.66206918e-03
3.920000,7.93634724e-03,4.36347240e-04,0.029090,-3.77237425e-03,2.65774508e-03
3.921000,7.93260528e-03,4.32605280e-04,0.028840,-3.74195767e-03,2.65236809e-03
3.922000,7.92889137e-03,4.28891370e-04,0.028593,-3.71391204e-03,2.65542357e-03
3.923000,7.92520427e-03,4.25204270e-04,0.028347,-3.68709198e-03,2.65790784e-03
3.924000,7.92154545e-03,4.21545450e-04,0.028103,-3.65882913e-03,2.65423523e-03
3.925000,7.91791505e-03,4.17915050e-04,0.027861,-3.63039987e-03,2.65615257e-03
3.926000,7.91431221e-03,4.14312210e-04,0.027621,-3.60283769e-03,2.65440600e-03
3.927000,7.91073725e-03,4.10737250e-04,0.027382,-3.57495469e-03,2.65016542e-03
3.928000,7.90718886e-03,4.07188860e-04,0.027146,-3.54839519e-03,2.64870996e-03
3.929000,7.90366537e-03,4.03665370e-04,0.026911,-3.52348574e-03,2.65327801e-03
3.930000,7.90016713e-03,4.00167130e-04,0.026678,-3.49824648e-03,2.64941935e-03
3.931000,7.89669494e-03,3.96694940e-04,0.026446,-3.47218937e-03,2.64534359e-03
3.932000,7.89324682e-03,3.93246820e-04,0.026216,-3.44812024e-03,2.64535771e-03
3.933000,7.88982143e-03,3.89821430e-04,0.025988,-3.42538716e-03,2.65042388e-03
3.934000,7.88641968e-03,3.86419680e-04,0.025761,-3.40175355e-03,2.65617564e-03
3.935000,7.88304424e-03,3.83044240e-04,0.025536,-3.37543900e-03,2.66062496e-03
3.936000,7.87969779e-03,3.79697790e-04,0.025313,-3.34644867e-03,2.65375955e-03
3.937000,7.87638058e-03,3.76380580e-04,0.025092,-3.31721119e-03,2.65181988e-03
3.938000,7.87309001e-03,3.73090010e-04,0.024873,-3.29057142e-03,2.65309543e-03
3.939000,7.86982566e-03,3.69825660e-04,0.024655,-3.26434310e-03,2.66311599e-03
3.940000,7.86658974e-03,3.66589740e-04,0.024439,-3.23592385e-03,2.66409548e-03
3.941000,7.86338570e-03,3.63385700e-04,0.024226,-3.20404048e-03,2.66594407e-03
3.942000,7.86021419e-03,3.60214190e-04,0.024014,-3.17150853e-03,2.66180696e-03
3.943000,7.85707509e-03,3.57075090e-04,0.023805,-3.13910108e-03,2.66677947e-03
3.944000,7.85396792e-03,3.53967920e-04,0.023598,-3.10717298e-03,2.66707611e-03
3.945000,7.85089436e-03,3.50894360e-04,0.023393,-3.07355938e-03,2.66592645e-03
3.946000,7.84785430e-03,3.47854300e-04,0.023190,-3.04005167e-03,2.67294907e-03
3.947000,7.84484862e-03,3.44848620e-04,0.022990,-3.00567965e-03,2.66847005e-03
3.948000,7.84187883e-03,3.41878830e-04,0.022792,-2.96979336e-03,2.66486734e-03
3.949000,7.83894282e-03,3.38942820e-04,0.022596,-2.93601514e-03,2.66240317e-03
3.950000,7.83603896e-03,3.36038960e-04,0.022403,-2.90385587e-03,2.66915910e-03
3.951000,7.83316765e-03,3.33167650e-04,0.022211,-2.87131116e-03,2.67002022e-03
3.952000,7.83033125e-03,3.30331250e-04,0.022022,-2.83639542e-03,2.66412897e-03
3.953000,7.82752901e-03,3.27529010e-04,0.021835,-2.80223868e-03,2.65905622e-03
3.954000,7.82475810e-03,3.24758100e-04,0.021651,-2.77091377e-03,2.65848186e-03
3.955000,7.82201674e-03,3.22016740e-04,0.021468,-2.74135640e-03,2.65908951e-03
3.956000,7.81930486e-03,3.19304860e-04,0.021287,-2.71188020e-03,2.66436496e-03
3.957000,7.81662359e-03,3.16623590e-04,0.021108,-2.68127153e-03,2.66029391e-03
3.958000,7.81397394e-03,3.13973940e-04,0.020932,-2.64965025e-03,2.65612126e-03
3.959000,7.81135384e-03,3.11353840e-04,0.020757,-2.62010385e-03,2.66516921e-03
3.960000,7.80876351e-03,3.08763510e-04,0.020584,-2.59032778e-03,2.67213905e-03
3.961000,7.80620716e-03,3.06207160e-04,0.020414,-2.55634769e-03,2.66853679e-03
3.962000,7.80368645e-03,3.03686450e-04,0.020246,-2.52071562e-03,2.66515122e-03
3.963000,7.80119958e-03,3.01199580e-04,0.020080,-2.48686528e-03,2.66480067e-03
3.964000,7.79874539e-03,2.98745390e-04,0.019916,-2.45418881e-03,2.67810636e-03
3.965000,7.79632612e-03,2.96326120e-04,0.019755,-2.41927450e-03,2.67619146e-03
3.966000,7.79394579e-03,2.93945790e-04,0.019596,-2.38032904e-03,2.67524060e-03
3.967000,7.79160361e-03,2.91603610e-04,0.019440,-2.34218060e-03,2.66925572e-03
3.968000,7.78929821e-03,2.89298210e-04,0.019287,-2.30540280e-03,2.66676313e-03
3.969000,7.78702718e-03,2.87027180e-04,0.019135,-2.27103131e-03,2.67304111e-03
3.970000,7.78479081e-03,2.84790810e-04,0.018986,-2.23636823e-03,2.66977948e-03
3.971000,7.78259059e-03,2.82590590e-04,0.018839,-2.20022015e-03,2.66437171e-03
3.972000,7.78042449e-03,2.80424490e-04,0.018695,-2.16609955e-03,2.65967684e-03
3.973000,7.77828990e-03,2.78289900e-04,0.018553,-2.13458517e-03,2.66624527e-03
3.974000,7.77618645e-03,2.76186450e-04,0.018412,-2.10345111e-03,2.66358436e-03
3.975000,7.77411582e-03,2.74115820e-04,0.018274,-2.07063042e-03,2.65966713e-03
3.976000,7.77207644e-03,2.72076440e-04,0.018138,-2.03937634e-03,2.65718386e-03
3.977000,7.77006660e-03,2.70066600e-04,0.018004,-2.00984787e-03,2.65589106e-03
3.978000,7.76808523e-03,2.68085230e-04,0.017872,-1.98136356e-03,2.65536900e-03
3.979000,7.76613184e-03,2.66131840e-04,0.017742,-1.95339615e-03,2.65332774e-03
3.980000,7.76420588e-03,2.64205880e-04,0.017614,-1.92596117e-03,2.65718492e-03
3.981000,7.76230736e-03,2.62307360e-04,0.017487,-1.89851446e-03,2.65765851e-03
3.982000,7.76043764e-03,2.60437640e-04,0.017363,-1.86971725e-03,2.65458696e-03
3.983000,7.75859634e-03,2.58596340e-04,0.017240,-1.84130768e-03,2.65157817e-03
3.984000,7.75678190e-03,2.56781900e-04,0.017119,-1.81443892e-03,2.65011426e-03
3.985000,7.75499308e-03,2.54993080e-04,0.017000,-1.78881717e-03,2.64947584e-03
3.986000,7.75322929e-03,2.53229290e-04,0.016882,-1.76378909e-03,2.64824045e-03
3.987000,7.75149010e-03,2.51490100e-04,0.016766,-1.73918914e-03,2.64742363e-03
3.988000,7.74977496e-03,2.49774960e-04,0.016652,-1.71513935e-03,2.64616952e-03
3.989000,7.74808338e-03,2.48083380e-04,0.016539,-1.69157960e-03,2.64410582e-03
3.990000,7.74641459e-03,2.46414590e-04,0.016428,-1.66879665e-03,2.64479877e-03
3.991000,7.74476802e-03,2.44768020e-04,0.016318,-1.64656892e-03,2.64474241e-03
3.992000,7.74314389e-03,2.43143890e-04,0.016210,-1.62412358e-03,2.64375362e-03
3.993000,7.74154202e-03,2.41542020e-04,0.016103,-1.60187160e-03,2.64335556e-03
3.994000,7.73996201e-03,2.39962010e-04,0.015997,-1.58001475e-03,2.64323918e-03
3.995000,7.73840370e-03,2.38403700e-04,0.015894,-1.55830921e-03,2.64203333e-03
3.996000,7.73686684e-03,2.36866840e-04,0.015791,-1.53685513e-03,2.64099142e-03
3.997000,7.73535086e-03,2.35350860e-04,0.015690,-1.51598131e-03,2.64027487e-03
3.998000,7.73385529e-03,2.33855290e-04,0.015590,-1.49557639e-03,2.64081103e-03
3.999000,7.73237997e-03,2.32379970e-04,0.015492,-1.47531199e-03,2.63899072e-03
4.000000,7.73092478e-03,2.30924780e-04,0.015395,-1.45519340e-03,2.63771550e-03
4.001000,7.72948888e-03,2.29488880e-04,0.015299,-1.43589813e-03,2.63659848e-03
4.002000,7.72807166e-03,2.28071660e-04,0.015205,-1.41721920e-03,2.63586496e-03
4.003000,7.72667263e-03,2.26672630e-04,0.015112,-1.39903684e-03,2.63765517e-03
4.004000,7.72529185e-03,2.25291850e-04,0.015019,-1.38077879e-03,2.63905121e-03
4.005000,7.72393016e-03,2.23930160e-04,0.014929,-1.36168593e-03,2.63711229e-03
4.006000,7.72258768e-03,2.22587680e-04,0.014839,-1.34247747e-03,2.63504504e-03
4.007000,7.72126341e-03,2.21263410e-04,0.014751,-1.32427136e-03,2.63403850e-03
4.008000,7.71995649e-03,2.19956490e-04,0.014664,-1.30692215e-03,2.63604765e-03
4.009000,7.71866694e-03,2.18666940e-04,0.014578,-1.28954821e-03,2.63516773e-03
4.010000,7.71739527e-03,2.17395270e-04,0.014493,-1.27167004e-03,2.63319534e-03
4.011000,7.71614084e-03,2.16140840e-04,0.014409,-1.25442965e-03,2.63746104e-03
4.012000,7.71490376e-03,2.14903760e-04,0.014327,-1.23708267e-03,2.63719755e-03
4.013000,7.71368538e-03,2.13685380e-04,0.014246,-1.21838137e-03,2.63626809e-03
4.014000,7.71248545e-03,2.12485450e-04,0.014166,-1.19993097e-03,2.63544707e-03
4.015000,7.71130352e-03,2.11303520e-04,0.014087,-1.18193101e-03,2.63524643e-03
4.016000,7.71013928e-03,2.10139280e-04,0.014009,-1.16423617e-03,2.63481685e-03
4.017000,7.70899260e-03,2.08992600e-04,0.013933,-1.14668318e-03,2.63410204e-03
4.018000,7.70786320e-03,2.07863200e-04,0.013858,-1.12939767e-03,2.63315339e-03
4.019000,7.70675068e-03,2.06750680e-04,0.013783,-1.11251469e-03,2.63229642e-03
4.020000,7.70565459e-03,2.05654590e-04,0.013710,-1.09609480e-03,2.63360992e-03
4.021000,7.70457487e-03,2.04574870e-04,0.013638,-1.07972407e-03,2.63278309e-03
4.022000,7.70351180e-03,2.03511800e-04,0.013567,-1.06306818e-03,2.63201898e-03
4.023000,7.70246498e-03,2.02464980e-04,0.013498,-1.04681896e-03,2.63127851e-03
4.024000,7.70143403e-03,2.01434030e-04,0.013429,-1.03095163e-03,2.63068527e-03
4.025000,7.70041859e-03,2.00418590e-04,0.013361,-1.01543239e-03,2.63023836e-03
4.026000,7.69941841e-03,1.99418410e-04,0.013295,-1.00018701e-03,2.63441453e-03
4.027000,7.69843406e-03,1.98434060e-04,0.013229,-9.84349893e-04,2.63322859e-03
4.028000,7.69746671e-03,1.97466710e-04,0.013164,-9.67350980e-04,2.63140837e-03
4.029000,7.69651564e-03,1.96515640e-04,0.013101,-9.51063434e-04,2.63055275e-03
4.030000,7.69558012e-03,1.95580120e-04,0.013039,-9.35524981e-04,2.63113204e-03
4.031000,7.69465995e-03,1.94659950e-04,0.012977,-9.20165085e-04,2.63143648e-03
4.032000,7.69375539e-03,1.93755390e-04,0.012917,-9.04561103e-04,2.63019140e-03
4.033000,7.69286631e-03,1.92866310e-04,0.012858,-8.89077318e-04,2.62861799e-03
4.034000,7.69199203e-03,1.91992030e-04,0.012799,-8.74280676e-04,2.62768869e-03
4.035000,7.69113187e-03,1.91131870e-04,0.012742,-8.60165101e-04,2.62726505e-03
4.036000,7.69028544e-03,1.90285440e-04,0.012686,-8.46429639e-04,2.62972251e-03
4.037000,7.68945304e-03,1.89453040e-04,0.012630,-8.32398733e-04,2.62804383e-03
4.038000,7.68863518e-03,1.88635180e-04,0.012576,-8.17857614e-04,2.63019121e-03
4.039000,7.68783169e-03,1.87831690e-04,0.012522,-8.03488059e-04,2.62917917e-03
4.040000,7.68704310e-03,1.87043100e-04,0.012470,-7.88592242e-04,2.62890391e-03
4.041000,7.68626903e-03,1.86269030e-04,0.012418,-7.74077471e-04,2.62831497e-03
4.042000,7.68550927e-03,1.85509270e-04,0.012367,-7.59757244e-04,2.62807346e-03
4.043000,7.68476359e-03,1.84763590e-04,0.012318,-7.45673144e-04,2.62864807e-03
4.044000,7.68403203e-03,1.84032030e-04,0.012269,-7.31566746e-04,2.62768305e-03
4.045000,7.68331459e-03,1.83314590e-04,0.012221,-7.17442289e-04,2.62626051e-03
4.046000,7.68261070e-03,1.82610700e-04,0.012174,-7.03886322e-04,2.62597352e-03
4.047000,7.68191985e-03,1.81919850e-04,0.012128,-6.90848290e-04,2.62523568e-03
4.048000,7.68124182e-03,1.81241820e-04,0.012083,-6.78034989e-04,2.62442157e-03
4.049000,7.68057621e-03,1.80576210e-04,0.012038,-6.65607972e-04,2.62350626e-03
4.050000,7.67992260e-03,1.79922600e-04,0.011995,-6.53610180e-04,2.62348947e-03
4.051000,7.67928068e-03,1.79280680e-04,0.011952,-6.41915960e-04,2.62258469e-03
4.052000,7.67865029e-03,1.78650290e-04,0.011910,-6.30387256e-04,2.62161074e-03
4.053000,7.67803097e-03,1.78030970e-04,0.011869,-6.19327926e-04,2.62080568e-03
4.054000,7.67742224e-03,1.77422240e-04,0.011828,-6.08730820e-04,2.62034362e-03
4.055000,7.67682376e-03,1.76823760e-04,0.011788,-5.98479818e-04,2.61987027e-03
4.056000,7.67623529e-03,1.76235290e-04,0.011749,-5.88464270e-04,2.62127441e-03
4.057000,7.67565694e-03,1.75656940e-04,0.011710,-5.78355871e-04,2.62014657e-03
4.058000,7.67508895e-03,1.75088950e-04,0.011673,-5.67985780e-04,2.61888700e-03
4.059000,7.67453074e-03,1.74530740e-04,0.011635,-5.58208829e-04,2.61815522e-03
4.060000,7.67398177e-03,1.73981770e-04,0.011599,-5.48974945e-04,2.61804108e-03
4.061000,7.67344176e-03,1.73441760e-04,0.011563,-5.40001574e-04,2.61888302e-03
4.062000,7.67291085e-03,1.72910850e-04,0.011527,-5.30916800e-04,2.61805156e-03
4.063000,7.67238915e-03,1.72389150e-04,0.011493,-5.21702555e-04,2.61764549e-03
4.064000,7.67187631e-03,1.71876310e-04,0.011458,-5.12833183e-04,2.61679372e-03
4.065000,7.67137206e-03,1.71372060e-04,0.011425,-5.04247798e-04,2.61756801e-03
4.066000,7.67087626e-03,1.70876260e-04,0.011392,-4.95805222e-04,2.61694020e-03
4.067000,7.67038904e-03,1.70389040e-04,0.011359,-4.87219378e-04,2.61615274e-03
4.068000,7.66991006e-03,1.69910060e-04,0.011327,-4.78978971e-04,2.61539607e-03
4.069000,7.66943893e-03,1.69438930e-04,0.011296,-4.71130986e-04,2.61508802e-03
4.070000,7.66897534e-03,1.68975340e-04,0.011265,-4.63585977e-04,2.61485224e-03
4.071000,7.66851916e-03,1.68519160e-04,0.011235,-4.56183831e-04,2.61445163e-03
4.072000,7.66807023e-03,1.68070230e-04,0.011205,-4.48929962e-04,2.61424823e-03
4.073000,7.66762839e-03,1.67628390e-04,0.011175,-4.41843626e-04,2.61532739e-03
4.074000,7.66719375e-03,1.67193750e-04,0.011146,-4.34633254e-04,2.61422732e-03
4.075000,7.66676649e-03,1.66766490e-04,0.011118,-4.27263006e-04,2.61299850e-03
4.076000,7.66634602e-03,1.66346020e-04,0.011090,-4.20471339e-04,2.61250409e-03
4.077000,7.66593185e-03,1.65931850e-04,0.011062,-4.14170667e-04,2.61252223e-03
4.078000,7.66552382e-03,1.65523820e-04,0.011035,-4.08029158e-04,2.61245753e-03
4.079000,7.66512193e-03,1.65121930e-04,0.011008,-4.01893133e-04,2.61208043e-03
4.080000,7.66472608e-03,1.64726080e-04,0.010982,-3.95845044e-04,2.61163350e-03
4.081000,7.66433608e-03,1.64336080e-04,0.010956,-3.89999834e-04,2.61135543e-03
4.082000,7.66395173e-03,1.63951730e-04,0.010930,-3.84350576e-04,2.61122719e-03
4.083000,7.66357292e-03,1.63572920e-04,0.010905,-3.78815318e-04,2.61109646e-03
4.084000,7.66319957e-03,1.63199570e-04,0.010880,-3.73345293e-04,2.61089354e-03
4.085000,7.66283162e-03,1.62831620e-04,0.010855,-3.67954087e-04,2.61062637e-03
4.086000,7.66246894e-03,1.62468940e-04,0.010831,-3.62676769e-04,2.61048343e-03
4.087000,7.66211143e-03,1.62111430e-04,0.010807,-3.57512471e-04,2.61040048e-03
4.088000,7.66175902e-03,1.61759020e-04,0.010784,-3.52409785e-04,2.61030540e-03
4.089000,7.66141167e-03,1.61411670e-04,0.010761,-3.47351155e-04,2.61006934e-03
4.090000,7.66106930e-03,1.61069300e-04,0.010738,-3.42365495e-04,2.60993788e-03
4.091000,7.66073182e-03,1.60731820e-04,0.010715,-3.37480609e-04,2.60976165e-03
4.092000,7.66039915e-03,1.60399150e-04,0.010693,-3.32670059e-04,2.60960586e-03
4.093000,7.66007120e-03,1.60071200e-04,0.010671,-3.27944936e-04,2.60946374e-03
4.094000,7.65974791e-03,1.59747910e-04,0.010650,-3.23296110e-04,2.60932956e-03
4.095000,7.65942919e-03,1.59429190e-04,0.010629,-3.18717688e-04,2.60917795e-03
4.096000,7.65911498e-03,1.59114980e-04,0.010608,-3.14210141e-04,2.61028562e-03
4.097000,7.65880542e-03,1.58805420e-04,0.010587,-3.09556503e-04,2.61047521e-03
4.098000,7.65850092e-03,1.58500920e-04,0.010567,-3.04505565e-04,2.61048545e-03
4.099000,7.65820153e-03,1.58201530e-04,0.010547,-2.99390552e-04,2.61040123e-03
4.100000,7.65790724e-03,1.57907240e-04,0.010527,-2.94287070e-04,2.61035874e-03
4.101000,7.65761802e-03,1.57618020e-04,0.010508,-2.89218762e-04,2.61032507e-03
4.102000,7.65733385e-03,1.57333850e-04,0.010489,-2.84170364e-04,2.61030876e-03
4.103000,7.65705472e-03,1.57054720e-04,0.010470,-2.79135907e-04,2.61003689e-03
4.104000,7.65678056e-03,1.56780560e-04,0.010452,-2.74154884e-04,2.60978661e-03
4.105000,7.65651125e-03,1.56511250e-04,0.010434,-2.69307404e-04,2.60955263e-03
4.106000,7.65624667e-03,1.56246670e-04,0.010416,-2.64583496e-04,2.60938774e-03
4.107000,7.65598670e-03,1.55986700e-04,0.010399,-2.59965589e-04,2.60916618e-03
4.108000,7.65573126e-03,1.55731260e-04,0.010382,-2.55441015e-04,2.60891702e-03
4.109000,7.65548023e-03,1.55480230e-04,0.010365,-2.51033266e-04,2.60867171e-03
4.110000,7.65523348e-03,1.55233480e-04,0.010349,-2.46750726e-04,2.60845914e-03
4.111000,7.65499089e-03,1.54990890e-04,0.010333,-2.42586340e-04,2.60826516e-03
4.112000,7.65475237e-03,1.54752370e-04,0.010317,-2.38526069e-04,2.60816315e-03
4.113000,7.65451782e-03,1.54517820e-04,0.010301,-2.34547543e-04,2.60793424e-03
4.114000,7.65428718e-03,1.54287180e-04,0.010286,-2.30642997e-04,2.60778545e-03
4.115000,7.65406034e-03,1.54060340e-04,0.010271,-2.26839942e-04,2.60756262e-03
4.116000,7.65383721e-03,1.53837210e-04,0.010256,-2.23125156e-04,2.60736957e-03
4.117000,7.65361769e-03,1.53617690e-04,0.010241,-2.19517692e-04,2.60755857e-03
4.118000,7.65340175e-03,1.53401750e-04,0.010227,-2.15940205e-04,2.60759534e-03
4.119000,7.65318946e-03,1.53189460e-04,0.010213,-2.12294147e-04,2.60707806e-03
4.120000,7.65298073e-03,1.52980730e-04,0.010199,-2.08727487e-04,2.60668600e-03
4.121000,7.65277533e-03,1.52775330e-04,0.010185,-2.05400042e-04,2.60658315e-03
4.122000,7.65257311e-03,1.52573110e-04,0.010172,-2.02219542e-04,2.60657709e-03
4.123000,7.65237404e-03,1.52374040e-04,0.010158,-1.99073891e-04,2.60646904e-03
4.124000,7.65217809e-03,1.52178090e-04,0.010145,-1.95949339e-04,2.60626837e-03
4.125000,7.65198519e-03,1.51985190e-04,0.010132,-1.92895756e-04,2.60609333e-03
4.126000,7.65179525e-03,1.51795250e-04,0.010120,-1.89939029e-04,2.60601095e-03
4.127000,7.65160820e-03,1.51608200e-04,0.010107,-1.87054355e-04,2.60599819e-03
4.128000,7.65142400e-03,1.51424000e-04,0.010095,-1.84198994e-04,2.60588412e-03
4.129000,7.65124263e-03,1.51242630e-04,0.010083,-1.81367997e-04,2.60572364e-03
4.130000,7.65106403e-03,1.51064030e-04,0.010071,-1.78602840e-04,2.60566086e-03
4.131000,7.65088813e-03,1.50888130e-04,0.010059,-1.75901488e-04,2.60555839e-03
4.132000,7.65071489e-03,1.50714890e-04,0.010048,-1.73238875e-04,2.60545687e-03
4.133000,7.65054426e-03,1.50544260e-04,0.010036,-1.70627868e-04,2.60536184e-03
4.134000,7.65037619e-03,1.50376190e-04,0.010025,-1.68067007e-04,2.60527651e-03
4.135000,7.65021064e-03,1.50210640e-04,0.010014,-1.65552445e-04,2.60519553e-03
4.136000,7.65004756e-03,1.50047560e-04,0.010003,-1.63080227e-04,2.60506439e-03
4.137000,7.64988690e-03,1.49886900e-04,0.009992,-1.60657794e-04,2.60500120e-03
4.138000,7.64972861e-03,1.49728610e-04,0.009982,-1.58289605e-04,2.60498169e-03
4.139000,7.64957267e-03,1.49572670e-04,0.009972,-1.55945620e-04,2.60489376e-03
4.140000,7.64941905e-03,1.49419050e-04,0.009961,-1.53623590e-04,2.60480443e-03
4.141000,7.64926770e-03,1.49267700e-04,0.009951,-1.51346235e-04,2.60472333e-03
4.142000,7.64911859e-03,1.49118590e-04,0.009941,-1.49112557e-04,2.60466632e-03
4.143000,7.64897167e-03,1.48971670e-04,0.009931,-1.46915595e-04,2.60460731e-03
4.144000,7.64882692e-03,1.48826920e-04,0.009922,-1.44747793e-04,2.60453967e-03
4.145000,7.64868431e-03,1.48684310e-04,0.009912,-1.42611332e-04,2.60446743e-03
4.146000,7.64854380e-03,1.48543800e-04,0.009903,-1.40509860e-04,2.60439935e-03
4.147000,7.64840536e-03,1.48405360e-04,0.009894,-1.38444149e-04,2.60433747e-03
4.148000,7.64826895e-03,1.48268950e-04,0.009885,-1.36411741e-04,2.60427640e-03
4.149000,7.64813454e-03,1.48134540e-04,0.009876,-1.34410456e-04,2.60421439e-03
4.150000,7.64800210e-03,1.48002100e-04,0.009867,-1.32440191e-04,2.60415122e-03
4.151000,7.64787159e-03,1.47871590e-04,0.009858,-1.30501462e-04,2.60409021e-03
4.152000,7.64774300e-03,1.47743000e-04,0.009850,-1.28594268e-04,2.60403091e-03
4.153000,7.64761628e-03,1.47616280e-04,0.009841,-1.26717598e-04,2.60397324e-03
4.154000,7.64749141e-03,1.47491410e-04,0.009833,-1.24870603e-04,2.60389558e-03
4.155000,7.64736836e-03,1.47368360e-04,0.009825,-1.23056280e-04,2.60390083e-03
4.156000,7.64724709e-03,1.47247090e-04,0.009816,-1.21266534e-04,2.60380827e-03
4.157000,7.64712760e-03,1.47127600e-04,0.009809,-1.19491433e-04,2.60374598e-03
4.158000,7.64700984e-03,1.47009840e-04,0.009801,-1.17757744e-04,2.60368142e-03
4.159000,7.64689378e-03,1.46893780e-04,0.009793,-1.16055926e-04,2.60364368e-03
4.160000,7.64677940e-03,1.46779400e-04,0.009785,-1.14381984e-04,2.60357852e-03
4.161000,7.64666667e-03,1.46666670e-04,0.009778,-1.12731961e-04,2.60358375e-03
4.162000,7.64655557e-03,1.46555570e-04,0.009770,-1.11102414e-04,2.60348758e-03
4.163000,7.64644608e-03,1.46446080e-04,0.009763,-1.09488155e-04,2.60343226e-03
4.164000,7.64633816e-03,1.46338160e-04,0.009756,-1.07915264e-04,2.60337981e-03
4.165000,7.64623179e-03,1.46231790e-04,0.009749,-1.06369813e-04,2.60335095e-03
4.166000,7.64612695e-03,1.46126950e-04,0.009742,-1.04846692e-04,2.60330281e-03
4.167000,7.64602361e-03,1.46023610e-04,0.009735,-1.03341563e-04,2.60325162e-03
4.168000,7.64592174e-03,1.45921740e-04,0.009728,-1.01861295e-04,2.60319838e-03
4.169000,7.64582134e-03,1.45821340e-04,0.009721,-1.00407254e-04,2.60315554e-03
4.170000,7.64572236e-03,1.45722360e-04,0.009715,-9.89782753e-05,2.60311447e-03
4.171000,7.64562479e-03,1.45624790e-04,0.009708,-9.75706280e-05,2.60307514e-03
4.172000,7.64552861e-03,1.45528610e-04,0.009702,-9.61834223e-05,2.60303278e-03
4.173000,7.64543379e-03,1.45433790e-04,0.009696,-9.48166262e-05,2.60298874e-03
4.174000,7.64534032e-03,1.45340320e-04,0.009689,-9.34715280e-05,2.60294524e-03
4.175000,7.64524817e-03,1.45248170e-04,0.009683,-9.21485852e-05,2.60290479e-03
4.176000,7.64515732e-03,1.45157320e-04,0.009677,-9.08470822e-05,2.60286605e-03
4.177000,7.64506776e-03,1.45067760e-04,0.009671,-8.95657135e-05,2.60282758e-03
4.178000,7.64497945e-03,1.44979450e-04,0.009665,-8.83038713e-05,2.60278885e-03
4.179000,7.64489239e-03,1.44892390e-04,0.009659,-8.70615148e-05,2.60275066e-03
4.180000,7.64480655e-03,1.44806550e-04,0.009654,-8.58386308e-05,2.60271356e-03
4.181000,7.64472192e-03,1.44721920e-04,0.009648,-8.46348496e-05,2.60267738e-03
4.182000,7.64463847e-03,1.44638470e-04,0.009643,-8.34496507e-05,2.60264173e-03
4.183000,7.64455618e-03,1.44556180e-04,0.009637,-8.22826361e-05,2.60260644e-03
4.184000,7.64447505e-03,1.44475050e-04,0.009632,-8.11335691e-05,2.60257170e-03
4.185000,7.64439505e-03,1.44395050e-04,0.009626,-8.00022363e-05,2.60253760e-03
4.186000,7.64431616e-03,1.44316160e-04,0.009621,-7.88883435e-05,2.60250417e-03
4.187000,7.64423837e-03,1.44238370e-04,0.009616,-7.77915595e-05,2.60247126e-03
4.188000,7.64416166e-03,1.44161660e-04,0.009611,-7.67115760e-05,2.60243884e-03
4.189000,7.64408601e-03,1.44086010e-04,0.009606,-7.56481359e-05,2.60240691e-03
4.190000,7.64401141e-03,1.44011410e-04,0.009601,-7.46009894e-05,2.60237553e-03
4.191000,7.64393784e-03,1.43937840e-04,0.009596,-7.35698780e-05,2.60234466e-03
4.192000,7.64386528e-03,1.43865280e-04,0.009591,-7.25545297e-05,2.60231431e-03
4.193000,7.64379373e-03,1.43793730e-04,0.009586,-7.15546852e-05,2.60228442e-03
4.194000,7.64372316e-03,1.43723160e-04,0.009582,-7.05700961e-05,2.60225501e-03
4.195000,7.64365356e-03,1.43653560e-04,0.009577,-6.96005248e-05,2.60222606e-03
4.196000,7.64358491e-03,1.43584910e-04,0.009572,-6.86457306e-05,2.60219760e-03
4.197000,7.64351721e-03,1.43517210e-04,0.009568,-6.77054760e-05,2.60216958e-03
4.198000,7.64345043e-03,1.43450430e-04,0.009563,-6.67795257e-05,2.60214201e-03
4.199000,7.64338456e-03,1.43384560e-04,0.009559,-6.58676530e-05,2.60211487e-03
4.200000,7.64331959e-03,1.43319590e-04,0.009555,-6.49696340e-05,2.60208816e-03
4.201000,7.64325551e-03,1.43255510e-04,0.009550,-6.40852496e-05,2.60206188e-03
4.202000,7.64319229e-03,1.43192290e-04,0.009546,-6.32142819e-05,2.60203602e-03
4.203000,7.64312993e-03,1.43129930e-04,0.009542,-6.23565180e-05,2.60201057e-03
4.204000,7.64306842e-03,1.43068420e-04,0.009538,-6.15117479e-05,2.60198552e-03
4.205000,7.64300774e-03,1.43007740e-04,0.009534,-6.06797667e-05,2.60196087e-03
4.206000,7.64294788e-03,1.42947880e-04,0.009530,-5.98603714e-05,2.60196386e-03
4.207000,7.64288883e-03,1.42888830e-04,0.009526,-5.90485435e-05,2.60191698e-03
4.208000,7.64283059e-03,1.42830590e-04,0.009522,-5.82440232e-05,2.60190417e-03
4.209000,7.64277313e-03,1.42773130e-04,0.009518,-5.74571656e-05,2.60186005e-03
4.210000,7.64271645e-03,1.42716450e-04,0.009514,-5.66823169e-05,2.60183279e-03
4.211000,7.64266052e-03,1.42660520e-04,0.009511,-5.59267788e-05,2.60181587e-03
4.212000,7.64260534e-03,1.42605340e-04,0.009507,-5.51831849e-05,2.60180287e-03
4.213000,7.64255089e-03,1.42550890e-04,0.009503,-5.44474458e-05,2.60177943e-03
4.214000,7.64249717e-03,1.42497170e-04,0.009500,-5.37201225e-05,2.60175330e-03
4.215000,7.64244417e-03,1.42444170e-04,0.009496,-5.30051166e-05,2.60172991e-03
4.216000,7.64239186e-03,1.42391860e-04,0.009493,-5.23028287e-05,2.60171112e-03
4.217000,7.64234025e-03,1.42340250e-04,0.009489,-5.16115451e-05,2.60169272e-03
4.218000,7.64228932e-03,1.42289320e-04,0.009486,-5.09296858e-05,2.60168944e-03
4.219000,7.64223907e-03,1.42239070e-04,0.009483,-5.02544509e-05,2.60166190e-03
4.220000,7.64218948e-03,1.42189480e-04,0.009479,-4.95851636e-05,2.60163407e-03
4.221000,7.64214055e-03,1.42140550e-04,0.009476,-4.89298419e-05,2.60161124e-03
4.222000,7.64209227e-03,1.42092270e-04,0.009473,-4.82876968e-05,2.60159498e-03
4.223000,7.64204461e-03,1.42044610e-04,0.009470,-4.76559242e-05,2.60157830e-03
4.224000,7.64199758e-03,1.41997580e-04,0.009467,-4.70324411e-05,2.60155916e-03
4.225000,7.64195116e-03,1.41951160e-04,0.009463,-4.64178217e-05,2.60153901e-03
4.226000,7.64190535e-03,1.41905350e-04,0.009460,-4.58130521e-05,2.60152063e-03
4.227000,7.64186013e-03,1.41860130e-04,0.009457,-4.52181497e-05,2.60150383e-03
4.228000,7.64181550e-03,1.41815500e-04,0.009454,-4.46322534e-05,2.60148740e-03
4.229000,7.64177144e-03,1.41771440e-04,0.009451,-4.40547796e-05,2.60148319e-03
4.230000,7.64172796e-03,1.41727960e-04,0.009449,-4.34834479e-05,2.60146108e-03
4.231000,7.64168504e-03,1.41685040e-04,0.009446,-4.29174092e-05,2.60143699e-03
4.232000,7.64164268e-03,1.41642680e-04,0.009443,-4.23628908e-05,2.60141868e-03
4.233000,7.64160086e-03,1.41600860e-04,0.009440,-4.18195225e-05,2.60140538e-03
4.234000,7.64155957e-03,1.41559570e-04,0.009437,-4.12845196e-05,2.60139159e-03
4.235000,7.64151882e-03,1.41518820e-04,0.009435,-4.07563238e-05,2.60137535e-03
4.236000,7.64147858e-03,1.41478580e-04,0.009432,-4.02355293e-05,2.60135841e-03
4.237000,7.64143886e-03,1.41438860e-04,0.009429,-3.97230623e-05,2.60134295e-03
4.238000,7.64139964e-03,1.41399640e-04,0.009427,-3.92188914e-05,2.60132891e-03
4.239000,7.64136092e-03,1.41360920e-04,0.009424,-3.87222803e-05,2.60131506e-03
4.240000,7.64132269e-03,1.41322690e-04,0.009422,-3.82327298e-05,2.60130076e-03
4.241000,7.64128494e-03,1.41284940e-04,0.009419,-3.77502570e-05,2.60128638e-03
4.242000,7.64124766e-03,1.41247660e-04,0.009417,-3.72750260e-05,2.60127247e-03
4.243000,7.64121085e-03,1.41210850e-04,0.009414,-3.68069775e-05,2.60125909e-03
4.244000,7.64117451e-03,1.41174510e-04,0.009412,-3.63458630e-05,2.60124594e-03
4.245000,7.64113862e-03,1.41138620e-04,0.009409,-3.58914684e-05,2.60123283e-03
4.246000,7.64110317e-03,1.41103170e-04,0.009407,-3.54437101e-05,2.60121983e-03
4.247000,7.64106817e-03,1.41068170e-04,0.009405,-3.50025551e-05,2.60120708e-03
4.248000,7.64103360e-03,1.41033600e-04,0.009402,-3.45679233e-05,2.60119461e-03
4.249000,7.64099946e-03,1.40999460e-04,0.009400,-3.41396852e-05,2.60118233e-03
4.250000,7.64096574e-03,1.40965740e-04,0.009398,-3.37177144e-05,2.60117021e-03
4.251000,7.64093244e-03,1.40932440e-04,0.009395,-3.33019176e-05,2.60115825e-03
4.252000,7.64089955e-03,1.40899550e-04,0.009393,-3.28922179e-05,2.60114647e-03
4.253000,7.64086706e-03,1.40867060e-04,0.009391,-3.24885300e-05,2.60113489e-03
4.254000,7.64083497e-03,1.40834970e-04,0.009389,-3.20907563e-05,2.60112350e-03
4.255000,7.64080327e-03,1.40803270e-04,0.009387,-3.16987997e-05,2.60111227e-03
4.256000,7.64077196e-03,1.40771960e-04,0.009385,-3.13125715e-05,2.60110120e-03
4.257000,7.64074103e-03,1.40741030e-04,0.009383,-3.09319893e-05,2.60109030e-03
4.258000,7.64071047e-03,1.40710470e-04,0.009381,-3.05569694e-05,2.60107957e-03
4.259000,7.64068028e-03,1.40680280e-04,0.009379,-3.01874266e-05,2.60106901e-03
4.260000,7.64065046e-03,1.40650460e-04,0.009377,-2.98232756e-05,2.60105860e-03
4.261000,7.64062100e-03,1.40621000e-04,0.009375,-2.94644346e-05,2.60104835e-03
4.262000,7.64059188e-03,1.40591880e-04,0.009373,-2.91108239e-05,2.60103825e-03
4.263000,7.64056312e-03,1.40563120e-04,0.009371,-2.87623649e-05,2.60102831e-03
4.264000,7.64053470e-03,1.40534700e-04,0.009369,-2.84189793e-05,2.60101852e-03
4.265000,7.64050662e-03,1.40506620e-04,0.009367,-2.80805896e-05,2.60100888e-03
4.266000,7.64047888e-03,1.40478880e-04,0.009365,-2.77471199e-05,2.60099939e-03
4.267000,7.64045146e-03,1.40451460e-04,0.009363,-2.74184959e-05,2.60099003e-03
4.268000,7.64042436e-03,1.40424360e-04,0.009362,-2.70946441e-05,2.60098082e-03
4.269000,7.64039759e-03,1.40397590e-04,0.009360,-2.67754923e-05,2.60097175e-03
4.270000,7.64037113e-03,1.40371130e-04,0.009358,-2.64609690e-05,2.60096282e-03
4.271000,7.64034497e-03,1.40344970e-04,0.009356,-2.61510040e-05,2.60095402e-03
4.272000,7.64031913e-03,1.40319130e-04,0.009355,-2.58455283e-05,2.60094536e-03
4.273000,7.64029358e-03,1.40293580e-04,0.009353,-2.55444740e-05,2.60093683e-03
4.274000,7.64026834e-03,1.40268340e-04,0.009351,-2.52477739e-05,2.60092842e-03
4.275000,7.64024338e-03,1.40243380e-04,0.009350,-2.49553622e-05,2.60092015e-03
4.276000,7.64021871e-03,1.40218710e-04,0.009348,-2.46671740e-05,2.60091200e-03
4.277000,7.64019433e-03,1.40194330e-04,0.009346,-2.43831452e-05,2.60090397e-03
4.278000,7.64017023e-03,1.40170230e-04,0.009345,-2.41032130e-05,2.60089606e-03
4.279000,7.64014640e-03,1.40146400e-04,0.009343,-2.38273154e-05,2.60088828e-03
4.280000,7.64012285e-03,1.40122850e-04,0.009342,-2.35553914e-05,2.60088061e-03
4.281000,7.64009956e-03,1.40099560e-04,0.009340,-2.32873810e-05,2.60152932e-03
4.282000,7.64007665e-03,1.40076650e-04,0.009338,-2.29071718e-05,2.60125619e-03
4.283000,7.64005429e-03,1.40054290e-04,0.009337,-2.23622162e-05,2.60087080e-03
4.284000,7.64003231e-03,1.40032310e-04,0.009335,-2.19751126e-05,2.60077491e-03
4.285000,7.64001058e-03,1.40010580e-04,0.009334,-2.17315327e-05,2.60089003e-03
4.286000,7.63998908e-03,1.39989080e-04,0.009333,-2.14990851e-05,2.60095717e-03
4.287000,7.63996787e-03,1.39967870e-04,0.009331,-2.12169571e-05,2.60088188e-03
4.288000,7.63994694e-03,1.39946940e-04,0.009330,-2.09260950e-05,2.60077286e-03
4.289000,7.63992626e-03,1.39926260e-04,0.009328,-2.06792390e-05,2.60073120e-03
4.290000,7.63990579e-03,1.39905790e-04,0.009327,-2.04755540e-05,2.60075062e-03
4.291000,7.63988550e-03,1.39885500e-04,0.009326,-2.02821170e-05,2.60076537e-03
4.292000,7.63986542e-03,1.39865420e-04,0.009324,-2.00796926e-05,2.60074716e-03
4.293000,7.63984555e-03,1.39845550e-04,0.009323,-1.98756463e-05,2.60071728e-03
4.294000,7.63982586e-03,1.39825860e-04,0.009322,-1.96828640e-05,2.60070314e-03
4.295000,7.63980636e-03,1.39806360e-04,0.009320,-1.95023958e-05,2.60070551e-03
4.296000,7.63978704e-03,1.39787040e-04,0.009319,-1.93261518e-05,2.60070887e-03
4.297000,7.63976789e-03,1.39767890e-04,0.009318,-1.91485352e-05,2.60070438e-03
4.298000,7.63974892e-03,1.39748920e-04,0.009317,-1.89706085e-05,2.60069622e-03
4.299000,7.63973012e-03,1.39730120e-04,0.009315,-1.87955980e-05,2.60069135e-03
4.300000,7.63971150e-03,1.39711500e-04,0.009314,-1.86241293e-05,2.60069071e-03
