# FeatFloWer certified run q2p1_dns_rundir_e3_l3 (particle_force.log, every CFD step)
# case=E3 level=L3 D/h=23.918 dt=0.001 s; quarter-box benchSym mesh, FBM Q2/P1, serial PE HardContactAndFluid, lubrication OFF
# columns: t_s, z_center_m, gap_m (=z_center-0.0075), h_over_d (=gap/0.015), u_z_mps, F_z_N (hydrodynamic force on the sphere, full-sphere value)
0.001000,1.27500000e-01,1.20000000e-01,8.000000,0.00000000e+00,0.00000000e+00
0.002000,1.27498616e-01,1.19998616e-01,7.999908,-1.38391071e-03,1.15593808e-03
0.003000,1.27496053e-01,1.19996053e-01,7.999737,-2.56340670e-03,1.74552122e-03
0.004000,1.27492794e-01,1.19992794e-01,7.999520,-3.25901413e-03,1.55006197e-03
0.005000,1.27488998e-01,1.19988998e-01,7.999267,-3.79555842e-03,1.19016580e-03
0.006000,1.27484538e-01,1.19984538e-01,7.998969,-4.45993807e-03,1.14308631e-03
0.007000,1.27479287e-01,1.19979287e-01,7.998619,-5.25083849e-03,1.34265778e-03
0.008000,1.27473265e-01,1.19973265e-01,7.998218,-6.02190853e-03,1.50811306e-03
0.009000,1.27466567e-01,1.19966567e-01,7.997771,-6.69817740e-03,1.52899693e-03
0.010000,1.27459251e-01,1.19959251e-01,7.997283,-7.31641520e-03,1.48546592e-03
0.011000,1.27451315e-01,1.19951315e-01,7.996754,-7.93549239e-03,1.48177165e-03
0.012000,1.27442746e-01,1.19942746e-01,7.996183,-8.56951912e-03,1.52395237e-03
0.013000,1.27433549e-01,1.19933549e-01,7.995570,-9.19729991e-03,1.57145812e-03
0.014000,1.27423746e-01,1.19923746e-01,7.994916,-9.80282705e-03,1.59301787e-03
0.015000,1.27413357e-01,1.19913357e-01,7.994224,-1.03889400e-02,1.60200354e-03
0.016000,1.27402390e-01,1.19902390e-01,7.993493,-1.09663834e-02,1.61161948e-03
0.017000,1.27390851e-01,1.19890851e-01,7.992723,-1.15391753e-02,1.63746313e-03
0.018000,1.27378747e-01,1.19878747e-01,7.991916,-1.21042390e-02,1.66592647e-03
0.019000,1.27366091e-01,1.19866091e-01,7.991073,-1.26557818e-02,1.67528617e-03
0.020000,1.27352895e-01,1.19852895e-01,7.990193,-1.31963217e-02,1.68837027e-03
0.021000,1.27339163e-01,1.19839163e-01,7.989278,-1.37314740e-02,1.70074221e-03
0.022000,1.27324903e-01,1.19824903e-01,7.988327,-1.42601414e-02,1.71243873e-03
0.023000,1.27310121e-01,1.19810121e-01,7.987341,-1.47826772e-02,1.73064426e-03
0.024000,1.27294822e-01,1.19794822e-01,7.986321,-1.52981524e-02,1.75494639e-03
0.025000,1.27279019e-01,1.19779019e-01,7.985268,-1.58033509e-02,1.77613211e-03
0.026000,1.27262722e-01,1.19762722e-01,7.984181,-1.62968219e-02,1.77754598e-03
0.027000,1.27245939e-01,1.19745939e-01,7.983063,-1.67830851e-02,1.78147007e-03
0.028000,1.27228671e-01,1.19728671e-01,7.981911,-1.72681900e-02,1.80177161e-03
0.029000,1.27210923e-01,1.19710923e-01,7.980728,-1.77484162e-02,1.81590195e-03
0.030000,1.27192703e-01,1.19692703e-01,7.979514,-1.82194762e-02,1.82783445e-03
0.031000,1.27174019e-01,1.19674019e-01,7.978268,-1.86837854e-02,1.84412806e-03
0.032000,1.27154878e-01,1.19654878e-01,7.976992,-1.91412945e-02,1.85611864e-03
0.033000,1.27135287e-01,1.19635287e-01,7.975686,-1.95913321e-02,1.85638609e-03
0.034000,1.27115249e-01,1.19615249e-01,7.974350,-2.00373846e-02,1.87599343e-03
0.035000,1.27094769e-01,1.19594769e-01,7.972985,-2.04798818e-02,1.89850291e-03
0.036000,1.27073857e-01,1.19573857e-01,7.971590,-2.09119592e-02,1.90779143e-03
0.037000,1.27052522e-01,1.19552522e-01,7.970168,-2.13350016e-02,1.91705125e-03
0.038000,1.27030769e-01,1.19530769e-01,7.968718,-2.17533559e-02,1.92576992e-03
0.039000,1.27008602e-01,1.19508602e-01,7.967240,-2.21671275e-02,1.94611859e-03
0.040000,1.26986028e-01,1.19486028e-01,7.965735,-2.25744372e-02,1.94188677e-03
0.041000,1.26963052e-01,1.19463052e-01,7.964203,-2.29758125e-02,1.94107976e-03
0.042000,1.26939673e-01,1.19439673e-01,7.962645,-2.33787202e-02,1.94882460e-03
0.043000,1.26915892e-01,1.19415892e-01,7.961059,-2.37805235e-02,1.96161269e-03
0.044000,1.26891715e-01,1.19391715e-01,7.959448,-2.41775217e-02,1.98429757e-03
0.045000,1.26867149e-01,1.19367149e-01,7.957810,-2.45663086e-02,1.97478658e-03
0.046000,1.26842199e-01,1.19342199e-01,7.956147,-2.49493274e-02,1.96038261e-03
0.047000,1.26816861e-01,1.19316861e-01,7.954457,-2.53380169e-02,1.97264812e-03
0.048000,1.26791132e-01,1.19291132e-01,7.952742,-2.57292679e-02,1.99297666e-03
0.049000,1.26765019e-01,1.19265019e-01,7.951001,-2.61128958e-02,1.98721979e-03
0.050000,1.26738528e-01,1.19238528e-01,7.949235,-2.64908655e-02,2.00693680e-03
0.051000,1.26711661e-01,1.19211661e-01,7.947444,-2.68672392e-02,2.01552841e-03
0.052000,1.26684425e-01,1.19184425e-01,7.945628,-2.72356181e-02,2.01789451e-03
0.053000,1.26656825e-01,1.19156825e-01,7.943788,-2.76007571e-02,2.02064832e-03
0.054000,1.26628860e-01,1.19128860e-01,7.941924,-2.79646320e-02,2.03236013e-03
0.055000,1.26600534e-01,1.19100534e-01,7.940036,-2.83255314e-02,2.04648185e-03
0.056000,1.26571854e-01,1.19071854e-01,7.938124,-2.86800871e-02,2.03999649e-03
0.057000,1.26542823e-01,1.19042823e-01,7.936188,-2.90311520e-02,2.06309219e-03
0.058000,1.26513443e-01,1.19013443e-01,7.934230,-2.93802626e-02,2.08075894e-03
0.059000,1.26483724e-01,1.18983724e-01,7.932248,-2.97186640e-02,2.08157103e-03
0.060000,1.26453673e-01,1.18953673e-01,7.930245,-3.00511197e-02,2.10629132e-03
0.061000,1.26423294e-01,1.18923294e-01,7.928220,-3.03789373e-02,2.08236320e-03
0.062000,1.26392591e-01,1.18892591e-01,7.926173,-3.07028678e-02,2.08723686e-03
0.063000,1.26361558e-01,1.18861558e-01,7.924104,-3.10337947e-02,2.10078944e-03
0.064000,1.26330197e-01,1.18830197e-01,7.922013,-3.13607245e-02,2.11964455e-03
0.065000,1.26298517e-01,1.18798517e-01,7.919901,-3.16798691e-02,2.09472618e-03
0.066000,1.26266520e-01,1.18766520e-01,7.917768,-3.19972279e-02,2.09299198e-03
0.067000,1.26234197e-01,1.18734197e-01,7.915613,-3.23230769e-02,2.09266329e-03
0.068000,1.26201547e-01,1.18701547e-01,7.913436,-3.26495536e-02,2.08514875e-03
0.069000,1.26168570e-01,1.18668570e-01,7.911238,-3.29774672e-02,2.12563365e-03
0.070000,1.26135269e-01,1.18635269e-01,7.909018,-3.33006893e-02,2.12173664e-03
0.071000,1.26101658e-01,1.18601658e-01,7.906777,-3.36113047e-02,2.12728212e-03
0.072000,1.26067735e-01,1.18567735e-01,7.904516,-3.39222193e-02,2.12782128e-03
0.073000,1.26033504e-01,1.18533504e-01,7.902234,-3.42312173e-02,2.13936003e-03
0.074000,1.25998966e-01,1.18498966e-01,7.899931,-3.45379977e-02,2.15397186e-03
0.075000,1.25964128e-01,1.18464128e-01,7.897609,-3.48384048e-02,2.17054297e-03
0.076000,1.25928997e-01,1.18428997e-01,7.895266,-3.51310826e-02,2.17453594e-03
0.077000,1.25893579e-01,1.18393579e-01,7.892905,-3.54176122e-02,2.19811084e-03
0.078000,1.25857880e-01,1.18357880e-01,7.890525,-3.56986614e-02,2.17495443e-03
0.079000,1.25821904e-01,1.18321904e-01,7.888127,-3.59760632e-02,2.17083619e-03
0.080000,1.25785643e-01,1.18285643e-01,7.885710,-3.62617983e-02,2.18968461e-03
0.081000,1.25749097e-01,1.18249097e-01,7.883273,-3.65455526e-02,2.17410088e-03
0.082000,1.25712271e-01,1.18212271e-01,7.880818,-3.68258727e-02,2.17215921e-03
0.083000,1.25675160e-01,1.18175160e-01,7.878344,-3.71116541e-02,2.16345770e-03
0.084000,1.25637760e-01,1.18137760e-01,7.875851,-3.73996119e-02,2.17394640e-03
0.085000,1.25600071e-01,1.18100071e-01,7.873338,-3.76885726e-02,2.19596320e-03
0.086000,1.25562101e-01,1.18062101e-01,7.870807,-3.79701952e-02,2.19364905e-03
0.087000,1.25523856e-01,1.18023856e-01,7.868257,-3.82449965e-02,2.19098118e-03
0.088000,1.25485335e-01,1.17985335e-01,7.865689,-3.85210295e-02,2.20452657e-03
0.089000,1.25446540e-01,1.17946540e-01,7.863103,-3.87955433e-02,2.21078703e-03
0.090000,1.25407475e-01,1.17907475e-01,7.860498,-3.90645015e-02,2.22840786e-03
0.091000,1.25368147e-01,1.17868147e-01,7.857876,-3.93282877e-02,2.24144575e-03
0.092000,1.25328563e-01,1.17828563e-01,7.855238,-3.95839813e-02,2.26036971e-03
0.093000,1.25288731e-01,1.17788731e-01,7.852582,-3.98320465e-02,2.23641559e-03
0.094000,1.25248653e-01,1.17748653e-01,7.849910,-4.00781329e-02,2.22325195e-03
0.095000,1.25208318e-01,1.17708318e-01,7.847221,-4.03344140e-02,2.23174888e-03
0.096000,1.25167725e-01,1.17667725e-01,7.844515,-4.05935157e-02,2.22855756e-03
0.097000,1.25126874e-01,1.17626874e-01,7.841792,-4.08503912e-02,2.22206817e-03
0.098000,1.25085765e-01,1.17585765e-01,7.839051,-4.11094623e-02,2.21053835e-03
0.099000,1.25044392e-01,1.17544392e-01,7.836293,-4.13727036e-02,2.23787399e-03
0.100000,1.25002757e-01,1.17502757e-01,7.833517,-4.16348974e-02,2.24269481e-03
0.101000,1.24960870e-01,1.17460870e-01,7.830725,-4.18872613e-02,2.24619881e-03
0.102000,1.24918733e-01,1.17418733e-01,7.827916,-4.21374223e-02,2.25115396e-03
0.103000,1.24876347e-01,1.17376347e-01,7.825090,-4.23855563e-02,2.27336079e-03
0.104000,1.24833719e-01,1.17333719e-01,7.822248,-4.26281359e-02,2.29043807e-03
0.105000,1.24790858e-01,1.17290858e-01,7.819391,-4.28604026e-02,2.29843005e-03
0.106000,1.24747773e-01,1.17247773e-01,7.816518,-4.30856475e-02,2.28172846e-03
0.107000,1.24704462e-01,1.17204462e-01,7.813631,-4.33112212e-02,2.27965474e-03
0.108000,1.24660919e-01,1.17160919e-01,7.810728,-4.35426467e-02,2.29383297e-03
0.109000,1.24617147e-01,1.17117147e-01,7.807810,-4.37722460e-02,2.26687038e-03
0.110000,1.24573145e-01,1.17073145e-01,7.804876,-4.40019569e-02,2.25648776e-03
0.111000,1.24528902e-01,1.17028902e-01,7.801927,-4.42423588e-02,2.25825477e-03
0.112000,1.24484417e-01,1.16984417e-01,7.798961,-4.44858581e-02,2.28234575e-03
0.113000,1.24439692e-01,1.16939692e-01,7.795979,-4.47245168e-02,2.28889246e-03
0.114000,1.24394738e-01,1.16894738e-01,7.792983,-4.49541060e-02,2.29162753e-03
0.115000,1.24349557e-01,1.16849557e-01,7.789970,-4.51810614e-02,2.27627439e-03
0.116000,1.24304147e-01,1.16804147e-01,7.786943,-4.54098337e-02,2.31676686e-03
0.117000,1.24258511e-01,1.16758511e-01,7.783901,-4.56364875e-02,2.33168008e-03
0.118000,1.24212663e-01,1.16712663e-01,7.780844,-4.58472057e-02,2.33886390e-03
0.119000,1.24166612e-01,1.16666612e-01,7.777774,-4.60517559e-02,2.31395168e-03
0.120000,1.24120353e-01,1.16620353e-01,7.774690,-4.62583522e-02,2.32343596e-03
0.121000,1.24073882e-01,1.16573882e-01,7.771592,-4.64714529e-02,2.29902405e-03
0.122000,1.24027196e-01,1.16527196e-01,7.768480,-4.66857558e-02,2.29390333e-03
0.123000,1.23980287e-01,1.16480287e-01,7.765352,-4.69089814e-02,2.27356113e-03
0.124000,1.23933150e-01,1.16433150e-01,7.762210,-4.71374861e-02,2.31072092e-03
0.125000,1.23885783e-01,1.16385783e-01,7.759052,-4.73661001e-02,2.31873422e-03
0.126000,1.23838202e-01,1.16338202e-01,7.755880,-4.75810933e-02,2.32548637e-03
0.127000,1.23790410e-01,1.16290410e-01,7.752694,-4.77922607e-02,2.31758490e-03
0.128000,1.23742407e-01,1.16242407e-01,7.749494,-4.80026079e-02,2.34744054e-03
0.129000,1.23694197e-01,1.16194197e-01,7.746280,-4.82102704e-02,2.36950946e-03
0.130000,1.23645793e-01,1.16145793e-01,7.743053,-4.84042253e-02,2.36292987e-03
0.131000,1.23597201e-01,1.16097201e-01,7.739813,-4.85920959e-02,2.35428900e-03
0.132000,1.23548417e-01,1.16048417e-01,7.736561,-4.87836554e-02,2.35745649e-03
0.133000,1.23499440e-01,1.15999440e-01,7.733296,-4.89774925e-02,2.32069132e-03
0.134000,1.23450263e-01,1.15950263e-01,7.730018,-4.91767909e-02,2.30303978e-03
0.135000,1.23400872e-01,1.15900872e-01,7.726725,-4.93912850e-02,2.33378218e-03
0.136000,1.23351266e-01,1.15851266e-01,7.723418,-4.96061397e-02,2.34487724e-03
0.137000,1.23301457e-01,1.15801457e-01,7.720097,-4.98089361e-02,2.34527224e-03
0.138000,1.23251449e-01,1.15751449e-01,7.716763,-5.00080189e-02,2.34920336e-03
0.139000,1.23201242e-01,1.15701242e-01,7.713416,-5.02062767e-02,2.36787120e-03
0.140000,1.23150842e-01,1.15650842e-01,7.710056,-5.03999424e-02,2.37115942e-03
0.141000,1.23100255e-01,1.15600255e-01,7.706684,-5.05868957e-02,2.39864668e-03
0.142000,1.23049488e-01,1.15549488e-01,7.703299,-5.07679083e-02,2.37825650e-03
0.143000,1.22998544e-01,1.15498544e-01,7.699903,-5.09434995e-02,2.38566247e-03
0.144000,1.22947420e-01,1.15447420e-01,7.696495,-5.11244774e-02,2.34648172e-03
0.145000,1.22896110e-01,1.15396110e-01,7.693074,-5.13099518e-02,2.32820971e-03
0.146000,1.22844598e-01,1.15344598e-01,7.689640,-5.15115250e-02,2.34996484e-03
0.147000,1.22792883e-01,1.15292883e-01,7.686192,-5.17152518e-02,2.36362262e-03
0.148000,1.22740973e-01,1.15240973e-01,7.682732,-5.19094186e-02,2.36786583e-03
0.149000,1.22688875e-01,1.15188875e-01,7.679258,-5.20983497e-02,2.36123917e-03
0.150000,1.22636588e-01,1.15136588e-01,7.675773,-5.22870591e-02,2.41198193e-03
0.151000,1.22584119e-01,1.15084119e-01,7.672275,-5.24689714e-02,2.41938351e-03
0.152000,1.22531486e-01,1.15031486e-01,7.668766,-5.26329103e-02,2.41080498e-03
0.153000,1.22478690e-01,1.14978690e-01,7.665246,-5.27959353e-02,2.40274833e-03
0.154000,1.22425727e-01,1.14925727e-01,7.661715,-5.29632024e-02,2.38475888e-03
0.155000,1.22372591e-01,1.14872591e-01,7.658173,-5.31362967e-02,2.36932807e-03
0.156000,1.22319273e-01,1.14819273e-01,7.654618,-5.33180277e-02,2.34975653e-03
0.157000,1.22265764e-01,1.14765764e-01,7.651051,-5.35082874e-02,2.39234206e-03
0.158000,1.22212067e-01,1.14712067e-01,7.647471,-5.36974440e-02,2.38961350e-03
0.159000,1.22158194e-01,1.14658194e-01,7.643880,-5.38730973e-02,2.40292295e-03
0.160000,1.22104147e-01,1.14604147e-01,7.640276,-5.40472931e-02,2.40158250e-03
0.161000,1.22049929e-01,1.14549929e-01,7.636662,-5.42173550e-02,2.41514237e-03
0.162000,1.21995544e-01,1.14495544e-01,7.633036,-5.43854591e-02,2.45821689e-03
0.163000,1.21941002e-01,1.14441002e-01,7.629400,-5.45414928e-02,2.42036117e-03
0.164000,1.21886312e-01,1.14386312e-01,7.625754,-5.46900744e-02,2.42030649e-03
0.165000,1.21831461e-01,1.14331461e-01,7.622097,-5.48510982e-02,2.38437379e-03
0.166000,1.21776443e-01,1.14276443e-01,7.618430,-5.50184942e-02,2.36318903e-03
0.167000,1.21721241e-01,1.14221241e-01,7.614749,-5.52014373e-02,2.40185651e-03
0.168000,1.21665857e-01,1.14165857e-01,7.611057,-5.53844999e-02,2.40064005e-03
0.169000,1.21610302e-01,1.14110302e-01,7.607353,-5.55550786e-02,2.41933145e-03
0.170000,1.21554579e-01,1.14054579e-01,7.603639,-5.57227515e-02,2.42201515e-03
0.171000,1.21498695e-01,1.13998695e-01,7.599913,-5.58838112e-02,2.44178552e-03
0.172000,1.21442655e-01,1.13942655e-01,7.596177,-5.60404935e-02,2.47243571e-03
0.173000,1.21386469e-01,1.13886469e-01,7.592431,-5.61852626e-02,2.43391169e-03
0.174000,1.21330142e-01,1.13830142e-01,7.588676,-5.63267784e-02,2.43707190e-03
0.175000,1.21273662e-01,1.13773662e-01,7.584911,-5.64803872e-02,2.40636950e-03
0.176000,1.21217024e-01,1.13717024e-01,7.581135,-5.66383874e-02,2.38357277e-03
0.177000,1.21160213e-01,1.13660213e-01,7.577348,-5.68105022e-02,2.41414985e-03
0.178000,1.21103228e-01,1.13603228e-01,7.573549,-5.69846965e-02,2.42918448e-03
0.179000,1.21046082e-01,1.13546082e-01,7.569739,-5.71461902e-02,2.43766037e-03
0.180000,1.20988781e-01,1.13488781e-01,7.565919,-5.73012474e-02,2.43915070e-03
0.181000,1.20931328e-01,1.13431328e-01,7.562089,-5.74532574e-02,2.44206653e-03
0.182000,1.20873724e-01,1.13373724e-01,7.558248,-5.76042624e-02,2.46970503e-03
0.183000,1.20815974e-01,1.13315974e-01,7.554398,-5.77494222e-02,2.46786901e-03
0.184000,1.20758088e-01,1.13258088e-01,7.550539,-5.78858297e-02,2.44532885e-03
0.185000,1.20700061e-01,1.13200061e-01,7.546671,-5.80268263e-02,2.41347752e-03
0.186000,1.20641881e-01,1.13141881e-01,7.542792,-5.81808579e-02,2.38931927e-03
0.187000,1.20583531e-01,1.13083531e-01,7.538902,-5.83496220e-02,2.42766575e-03
0.188000,1.20525011e-01,1.13025011e-01,7.535001,-5.85195390e-02,2.44583967e-03
0.189000,1.20466338e-01,1.12966338e-01,7.531089,-5.86736485e-02,2.44130186e-03
0.190000,1.20407515e-01,1.12907515e-01,7.527168,-5.88225920e-02,2.48381029e-03
0.191000,1.20348550e-01,1.12848550e-01,7.523237,-5.89655085e-02,2.50488701e-03
0.192000,1.20289459e-01,1.12789459e-01,7.519297,-5.90907375e-02,2.47847133e-03
0.193000,1.20230245e-01,1.12730245e-01,7.515350,-5.92137159e-02,2.47143884e-03
0.194000,1.20170899e-01,1.12670899e-01,7.511393,-5.93466132e-02,2.43687924e-03
0.195000,1.20111411e-01,1.12611411e-01,7.507427,-5.94879315e-02,2.41684904e-03
0.196000,1.20051767e-01,1.12551767e-01,7.503451,-5.96441419e-02,2.44808835e-03
0.197000,1.19991965e-01,1.12491965e-01,7.499464,-5.98014062e-02,2.45161442e-03
0.198000,1.19932017e-01,1.12432017e-01,7.495468,-5.99477874e-02,2.46448098e-03
0.199000,1.19871927e-01,1.12371927e-01,7.491462,-6.00907354e-02,2.48090566e-03
0.200000,1.19811700e-01,1.12311700e-01,7.487447,-6.02265532e-02,2.49026061e-03
0.201000,1.19751345e-01,1.12251345e-01,7.483423,-6.03553226e-02,2.48285595e-03
0.202000,1.19690862e-01,1.12190862e-01,7.479391,-6.04823292e-02,2.48676854e-03
0.203000,1.19630251e-01,1.12130251e-01,7.475350,-6.06110756e-02,2.46372372e-03
0.204000,1.19569509e-01,1.12069509e-01,7.471301,-6.07426123e-02,2.44262531e-03
0.205000,1.19508623e-01,1.12008623e-01,7.467242,-6.08854483e-02,2.44173580e-03
0.206000,1.19447588e-01,1.11947588e-01,7.463173,-6.10353706e-02,2.45237312e-03
0.207000,1.19386404e-01,1.11886404e-01,7.459094,-6.11837040e-02,2.48081839e-03
0.208000,1.19325081e-01,1.11825081e-01,7.455005,-6.13235137e-02,2.48639521e-03
0.209000,1.19263628e-01,1.11763628e-01,7.450909,-6.14529953e-02,2.50110184e-03
0.210000,1.19202050e-01,1.11702050e-01,7.446803,-6.15780447e-02,2.51555595e-03
0.211000,1.19140354e-01,1.11640354e-01,7.442690,-6.16957082e-02,2.49722993e-03
0.212000,1.19078542e-01,1.11578542e-01,7.438569,-6.18118655e-02,2.48334855e-03
0.213000,1.19016606e-01,1.11516606e-01,7.434440,-6.19364961e-02,2.45800111e-03
0.214000,1.18954535e-01,1.11454535e-01,7.430302,-6.20701680e-02,2.45947671e-03
0.215000,1.18892324e-01,1.11392324e-01,7.426155,-6.22119034e-02,2.46601056e-03
0.216000,1.18829972e-01,1.11329972e-01,7.421998,-6.23519987e-02,2.49381903e-03
0.217000,1.18767486e-01,1.11267486e-01,7.417832,-6.24850306e-02,2.49583287e-03
0.218000,1.18704878e-01,1.11204878e-01,7.413659,-6.26085737e-02,2.50432361e-03
0.219000,1.18642148e-01,1.11142148e-01,7.409477,-6.27299539e-02,2.51486559e-03
0.220000,1.18579301e-01,1.11079301e-01,7.405287,-6.28466814e-02,2.51889322e-03
0.221000,1.18516342e-01,1.11016342e-01,7.401089,-6.29592345e-02,2.47558585e-03
0.222000,1.18453264e-01,1.10953264e-01,7.396884,-6.30781233e-02,2.45704772e-03
0.223000,1.18390049e-01,1.10890049e-01,7.392670,-6.32145132e-02,2.48296847e-03
0.224000,1.18326697e-01,1.10826697e-01,7.388446,-6.33524074e-02,2.47677588e-03
0.225000,1.18263214e-01,1.10763214e-01,7.384214,-6.34828840e-02,2.49347232e-03
0.226000,1.18199602e-01,1.10699602e-01,7.379973,-6.36124417e-02,2.52892377e-03
0.227000,1.18135871e-01,1.10635871e-01,7.375725,-6.37302469e-02,2.53868816e-03
0.228000,1.18072037e-01,1.10572037e-01,7.371469,-6.38346826e-02,2.52973807e-03
0.229000,1.18008099e-01,1.10508099e-01,7.367207,-6.39374942e-02,2.52924540e-03
0.230000,1.17944056e-01,1.10444056e-01,7.362937,-6.40433323e-02,2.48455323e-03
0.231000,1.17879899e-01,1.10379899e-01,7.358660,-6.41572355e-02,2.44971742e-03
0.232000,1.17815607e-01,1.10315607e-01,7.354374,-6.42919766e-02,2.48828605e-03
0.233000,1.17751175e-01,1.10251175e-01,7.350078,-6.44313379e-02,2.50829476e-03
0.234000,1.17686621e-01,1.10186621e-01,7.345775,-6.45544944e-02,2.49458418e-03
0.235000,1.17621947e-01,1.10121947e-01,7.341463,-6.46735042e-02,2.54124905e-03
0.236000,1.17557159e-01,1.10057159e-01,7.337144,-6.47887647e-02,2.57187894e-03
0.237000,1.17492275e-01,1.09992275e-01,7.332818,-6.48832831e-02,2.52739105e-03
0.238000,1.17427300e-01,1.09927300e-01,7.328487,-6.49756094e-02,2.50819323e-03
0.239000,1.17362214e-01,1.09862214e-01,7.324148,-6.50859412e-02,2.48796438e-03
0.240000,1.17297008e-01,1.09797008e-01,7.319801,-6.52061550e-02,2.47867868e-03
0.241000,1.17231673e-01,1.09731673e-01,7.315445,-6.53346544e-02,2.49535063e-03
0.242000,1.17166210e-01,1.09666210e-01,7.311081,-6.54632550e-02,2.52462723e-03
0.243000,1.17100628e-01,1.09600628e-01,7.306709,-6.55812031e-02,2.53698913e-03
0.244000,1.17034941e-01,1.09534941e-01,7.302329,-6.56873503e-02,2.55010169e-03
0.245000,1.16969154e-01,1.09469154e-01,7.297944,-6.57871189e-02,2.54837092e-03
0.246000,1.16903271e-01,1.09403271e-01,7.293551,-6.58828871e-02,2.54036018e-03
0.247000,1.16837290e-01,1.09337290e-01,7.289153,-6.59806404e-02,2.51186228e-03
0.248000,1.16771204e-01,1.09271204e-01,7.284747,-6.60860640e-02,2.47663945e-03
0.249000,1.16704997e-01,1.09204997e-01,7.280333,-6.62070756e-02,2.50692393e-03
0.250000,1.16638663e-01,1.09138663e-01,7.275911,-6.63342993e-02,2.52354699e-03
0.251000,1.16572214e-01,1.09072214e-01,7.271481,-6.64486377e-02,2.51521958e-03
0.252000,1.16505655e-01,1.09005655e-01,7.267044,-6.65589893e-02,2.56012488e-03
0.253000,1.16438991e-01,1.08938991e-01,7.262599,-6.66641348e-02,2.59119841e-03
0.254000,1.16372242e-01,1.08872242e-01,7.258149,-6.67490377e-02,2.55473073e-03
0.255000,1.16305412e-01,1.08805412e-01,7.253694,-6.68301845e-02,2.51142217e-03
0.256000,1.16238481e-01,1.08738481e-01,7.249232,-6.69309665e-02,2.49586900e-03
0.257000,1.16171432e-01,1.08671432e-01,7.244762,-6.70487220e-02,2.50470389e-03
0.258000,1.16104262e-01,1.08604262e-01,7.240284,-6.71700231e-02,2.52255228e-03
0.259000,1.16036977e-01,1.08536977e-01,7.235798,-6.72852664e-02,2.52920844e-03
0.260000,1.15969584e-01,1.08469584e-01,7.231306,-6.73934710e-02,2.57260268e-03
0.261000,1.15902092e-01,1.08402092e-01,7.226806,-6.74918158e-02,2.59305287e-03
0.262000,1.15834520e-01,1.08334520e-01,7.222301,-6.75722929e-02,2.55317664e-03
0.263000,1.15766866e-01,1.08266866e-01,7.217791,-6.76531054e-02,2.54782073e-03
0.264000,1.15699118e-01,1.08199118e-01,7.213275,-6.77479611e-02,2.51177148e-03
0.265000,1.15631267e-01,1.08131267e-01,7.208751,-6.78509507e-02,2.51533349e-03
0.266000,1.15563302e-01,1.08063302e-01,7.204220,-6.79651494e-02,2.52761868e-03
0.267000,1.15495226e-01,1.07995226e-01,7.199682,-6.80760059e-02,2.54803983e-03
0.268000,1.15427047e-01,1.07927047e-01,7.195136,-6.81792164e-02,2.56171658e-03
0.269000,1.15358774e-01,1.07858774e-01,7.190585,-6.82733018e-02,2.58053585e-03
0.270000,1.15290414e-01,1.07790414e-01,7.186028,-6.83595675e-02,2.58010248e-03
0.271000,1.15221975e-01,1.07721975e-01,7.181465,-6.84397294e-02,2.57197351e-03
0.272000,1.15153453e-01,1.07653453e-01,7.176897,-6.85214710e-02,2.50907833e-03
0.273000,1.15084836e-01,1.07584836e-01,7.172322,-6.86170047e-02,2.48497704e-03
0.274000,1.15016099e-01,1.07516099e-01,7.167740,-6.87374561e-02,2.52400812e-03
0.275000,1.14947240e-01,1.07447240e-01,7.163149,-6.88589206e-02,2.56353493e-03
0.276000,1.14878279e-01,1.07378279e-01,7.158552,-6.89605767e-02,2.57760321e-03
0.277000,1.14809232e-01,1.07309232e-01,7.153949,-6.90467639e-02,2.59198502e-03
0.278000,1.14740107e-01,1.07240107e-01,7.149340,-6.91257876e-02,2.58055880e-03
0.279000,1.14670904e-01,1.07170904e-01,7.144727,-6.92021086e-02,2.58784061e-03
0.280000,1.14601624e-01,1.07101624e-01,7.140108,-6.92808945e-02,2.53615949e-03
0.281000,1.14532257e-01,1.07032257e-01,7.135484,-6.93664282e-02,2.49443121e-03
0.282000,1.14462781e-01,1.06962781e-01,7.130852,-6.94763139e-02,2.53449107e-03
0.283000,1.14393188e-01,1.06893188e-01,7.126213,-6.95928197e-02,2.57641678e-03
0.284000,1.14323499e-01,1.06823499e-01,7.121567,-6.96887551e-02,2.57281232e-03
0.285000,1.14253728e-01,1.06753728e-01,7.116915,-6.97715589e-02,2.59081086e-03
0.286000,1.14183875e-01,1.06683875e-01,7.112258,-6.98523636e-02,2.58729767e-03
0.287000,1.14113947e-01,1.06613947e-01,7.107596,-6.99278786e-02,2.59956137e-03
0.288000,1.14043945e-01,1.06543945e-01,7.102930,-7.00023786e-02,2.54363724e-03
0.289000,1.13973862e-01,1.06473862e-01,7.098257,-7.00827407e-02,2.49404206e-03
0.290000,1.13903672e-01,1.06403672e-01,7.093578,-7.01902394e-02,2.52807199e-03
0.291000,1.13833364e-01,1.06333364e-01,7.088891,-7.03080081e-02,2.57729066e-03
0.292000,1.13762958e-01,1.06262958e-01,7.084197,-7.04058971e-02,2.59700763e-03
0.293000,1.13692474e-01,1.06192474e-01,7.079498,-7.04841352e-02,2.61241993e-03
0.294000,1.13621921e-01,1.06121921e-01,7.074795,-7.05531725e-02,2.59455657e-03
0.295000,1.13551301e-01,1.06051301e-01,7.070087,-7.06203071e-02,2.59094946e-03
0.296000,1.13480607e-01,1.05980607e-01,7.065374,-7.06939461e-02,2.54036408e-03
0.297000,1.13409829e-01,1.05909829e-01,7.060655,-7.07777153e-02,2.53237100e-03
0.298000,1.13338949e-01,1.05838949e-01,7.055930,-7.08795109e-02,2.55081563e-03
0.299000,1.13267969e-01,1.05767969e-01,7.051198,-7.09806698e-02,2.57884215e-03
0.300000,1.13196898e-01,1.05696898e-01,7.046460,-7.10708151e-02,2.60337717e-03
0.301000,1.13125750e-01,1.05625750e-01,7.041717,-7.11474173e-02,2.60977333e-03
0.302000,1.13054536e-01,1.05554536e-01,7.036969,-7.12148308e-02,2.58920768e-03
0.303000,1.12983252e-01,1.05483252e-01,7.032217,-7.12837804e-02,2.57836268e-03
0.304000,1.12911890e-01,1.05411890e-01,7.027459,-7.13614020e-02,2.54764327e-03
0.305000,1.12840442e-01,1.05340442e-01,7.022696,-7.14480176e-02,2.54244404e-03
0.306000,1.12768897e-01,1.05268897e-01,7.017926,-7.15456413e-02,2.56290448e-03
0.307000,1.12697255e-01,1.05197255e-01,7.013150,-7.16413543e-02,2.56688295e-03
0.308000,1.12625526e-01,1.05125526e-01,7.008368,-7.17296443e-02,2.61559863e-03
0.309000,1.12553718e-01,1.05053718e-01,7.003581,-7.18080129e-02,2.64513349e-03
0.310000,1.12481853e-01,1.04981853e-01,6.998790,-7.18651595e-02,2.59846834e-03
0.311000,1.12409932e-01,1.04909932e-01,6.993995,-7.19208588e-02,2.56986064e-03
0.312000,1.12337935e-01,1.04837935e-01,6.989196,-7.19969425e-02,2.53301664e-03
0.313000,1.12265846e-01,1.04765846e-01,6.984390,-7.20889368e-02,2.56414069e-03
0.314000,1.12193658e-01,1.04693658e-01,6.979577,-7.21875273e-02,2.57984320e-03
0.315000,1.12121385e-01,1.04621385e-01,6.974759,-7.22731194e-02,2.57678211e-03
0.316000,1.12049031e-01,1.04549031e-01,6.969935,-7.23540959e-02,2.61315619e-03
0.317000,1.11976602e-01,1.04476602e-01,6.965107,-7.24296454e-02,2.62419179e-03
0.318000,1.11904110e-01,1.04404110e-01,6.960274,-7.24912975e-02,2.62087583e-03
0.319000,1.11831560e-01,1.04331560e-01,6.955437,-7.25499117e-02,2.57330493e-03
0.320000,1.11758942e-01,1.04258942e-01,6.950596,-7.26180274e-02,2.51530117e-03
0.321000,1.11686230e-01,1.04186230e-01,6.945749,-7.27120234e-02,2.55937635e-03
0.322000,1.11613413e-01,1.04113413e-01,6.940894,-7.28172744e-02,2.60384684e-03
0.323000,1.11540513e-01,1.04040513e-01,6.936034,-7.29001865e-02,2.62366040e-03
0.324000,1.11467548e-01,1.03967548e-01,6.931170,-7.29649899e-02,2.64644570e-03
0.325000,1.11394529e-01,1.03894529e-01,6.926302,-7.30192569e-02,2.60935446e-03
0.326000,1.11321456e-01,1.03821456e-01,6.921430,-7.30726001e-02,2.61014593e-03
0.327000,1.11248318e-01,1.03748318e-01,6.916555,-7.31379846e-02,2.57437601e-03
0.328000,1.11175109e-01,1.03675109e-01,6.911674,-7.32094347e-02,2.56097484e-03
0.329000,1.11101814e-01,1.03601814e-01,6.906788,-7.32950021e-02,2.57749439e-03
0.330000,1.11028431e-01,1.03528431e-01,6.901895,-7.33820492e-02,2.59178003e-03
0.331000,1.10954970e-01,1.03454970e-01,6.896998,-7.34611449e-02,2.62210605e-03
0.332000,1.10881440e-01,1.03381440e-01,6.892096,-7.35301861e-02,2.65210716e-03
0.333000,1.10807856e-01,1.03307856e-01,6.887190,-7.35839624e-02,2.62525456e-03
0.334000,1.10734224e-01,1.03234224e-01,6.882282,-7.36326346e-02,2.57425032e-03
0.335000,1.10660524e-01,1.03160524e-01,6.877368,-7.36991450e-02,2.53684899e-03
0.336000,1.10586735e-01,1.03086735e-01,6.872449,-7.37890200e-02,2.56923092e-03
0.337000,1.10512850e-01,1.03012850e-01,6.867523,-7.38854518e-02,2.59568853e-03
0.338000,1.10438883e-01,1.02938883e-01,6.862592,-7.39665701e-02,2.62240629e-03
0.339000,1.10364849e-01,1.02864849e-01,6.857657,-7.40342746e-02,2.65526140e-03
0.340000,1.10290762e-01,1.02790762e-01,6.852717,-7.40873945e-02,2.64461568e-03
0.341000,1.10216630e-01,1.02716630e-01,6.847775,-7.41316070e-02,2.62908675e-03
0.342000,1.10142448e-01,1.02642448e-01,6.842830,-7.41820617e-02,2.56859251e-03
0.343000,1.10068200e-01,1.02568200e-01,6.837880,-7.42483141e-02,2.56674674e-03
0.344000,1.09993865e-01,1.02493865e-01,6.832924,-7.43347601e-02,2.58431058e-03
0.345000,1.09919446e-01,1.02419446e-01,6.827963,-7.44187064e-02,2.60923914e-03
0.346000,1.09844954e-01,1.02344954e-01,6.822997,-7.44924760e-02,2.63146355e-03
0.347000,1.09770400e-01,1.02270400e-01,6.818027,-7.45541287e-02,2.66029157e-03
0.348000,1.09695796e-01,1.02195796e-01,6.813053,-7.46033845e-02,2.63431465e-03
0.349000,1.09621148e-01,1.02121148e-01,6.808077,-7.46477666e-02,2.58106619e-03
0.350000,1.09546438e-01,1.02046438e-01,6.803096,-7.47100962e-02,2.54587608e-03
0.351000,1.09471642e-01,1.01971642e-01,6.798109,-7.47961365e-02,2.58027191e-03
0.352000,1.09396755e-01,1.01896755e-01,6.793117,-7.48876511e-02,2.61204040e-03
0.353000,1.09321792e-01,1.01821792e-01,6.788119,-7.49622518e-02,2.64047079e-03
0.354000,1.09246771e-01,1.01746771e-01,6.783118,-7.50213916e-02,2.66150443e-03
0.355000,1.09171703e-01,1.01671703e-01,6.778114,-7.50674749e-02,2.63534314e-03
0.356000,1.09096592e-01,1.01596592e-01,6.773106,-7.51112767e-02,2.62116878e-03
0.357000,1.09021426e-01,1.01521426e-01,6.768095,-7.51661769e-02,2.58639725e-03
0.358000,1.08946194e-01,1.01446194e-01,6.763080,-7.52318811e-02,2.59694599e-03
0.359000,1.08870887e-01,1.01370887e-01,6.758059,-7.53071394e-02,2.60148140e-03
0.360000,1.08795509e-01,1.01295509e-01,6.753034,-7.53781313e-02,2.58785828e-03
0.361000,1.08720059e-01,1.01220059e-01,6.748004,-7.54500428e-02,2.64693472e-03
0.362000,1.08644543e-01,1.01144543e-01,6.742970,-7.55159813e-02,2.66466723e-03
0.363000,1.08568983e-01,1.01068983e-01,6.737932,-7.55593824e-02,2.66134985e-03
0.364000,1.08493386e-01,1.00993386e-01,6.732892,-7.55975465e-02,2.60042033e-03
0.365000,1.08417738e-01,1.00917738e-01,6.727849,-7.56475749e-02,2.54487545e-03
0.366000,1.08342011e-01,1.00842011e-01,6.722801,-7.57274359e-02,2.57920355e-03
0.367000,1.08266191e-01,1.00766191e-01,6.717746,-7.58194681e-02,2.62781486e-03
0.368000,1.08190300e-01,1.00690300e-01,6.712687,-7.58916301e-02,2.67178149e-03
0.369000,1.08114360e-01,1.00614360e-01,6.707624,-7.59400524e-02,2.69199593e-03
0.370000,1.08038389e-01,1.00538389e-01,6.702559,-7.59704607e-02,2.63380859e-03
0.371000,1.07962385e-01,1.00462385e-01,6.697492,-7.60045200e-02,2.60188916e-03
0.372000,1.07886321e-01,1.00386321e-01,6.692421,-7.60633335e-02,2.57361505e-03
0.373000,1.07810184e-01,1.00310184e-01,6.687346,-7.61376299e-02,2.59790118e-03
0.374000,1.07733967e-01,1.00233967e-01,6.682264,-7.62169171e-02,2.63158324e-03
0.375000,1.07657685e-01,1.00157685e-01,6.677179,-7.62822721e-02,2.63566673e-03
0.376000,1.07581349e-01,1.00081349e-01,6.672090,-7.63358433e-02,2.67493319e-03
0.377000,1.07504968e-01,1.00004968e-01,6.666998,-7.63811296e-02,2.65559797e-03
0.378000,1.07428551e-01,9.99285510e-02,6.661903,-7.64169394e-02,2.63040244e-03
0.379000,1.07352087e-01,9.98520870e-02,6.656806,-7.64635547e-02,2.59366826e-03
0.380000,1.07275562e-01,9.97755620e-02,6.651704,-7.65249407e-02,2.59535496e-03
0.381000,1.07198964e-01,9.96989640e-02,6.646598,-7.65980924e-02,2.59862495e-03
0.382000,1.07122294e-01,9.96222940e-02,6.641486,-7.66701119e-02,2.62186726e-03
0.383000,1.07045557e-01,9.95455570e-02,6.636370,-7.67369474e-02,2.67055534e-03
0.384000,1.06968770e-01,9.94687700e-02,6.631251,-7.67875398e-02,2.68118323e-03
0.385000,1.06891949e-01,9.93919490e-02,6.626130,-7.68202629e-02,2.67751041e-03
0.386000,1.06815099e-01,9.93150990e-02,6.621007,-7.68501451e-02,2.59629834e-03
0.387000,1.06738204e-01,9.92382040e-02,6.615880,-7.68955950e-02,2.58332191e-03
0.388000,1.06661234e-01,9.91612340e-02,6.610749,-7.69700109e-02,2.60304487e-03
0.389000,1.06584188e-01,9.90841880e-02,6.605613,-7.70452006e-02,2.63304813e-03
0.390000,1.06507080e-01,9.90070800e-02,6.600472,-7.71086073e-02,2.67055237e-03
0.391000,1.06429924e-01,9.89299240e-02,6.595328,-7.71555283e-02,2.67502503e-03
0.392000,1.06352735e-01,9.88527350e-02,6.590182,-7.71893414e-02,2.66151641e-03
0.393000,1.06275511e-01,9.87755110e-02,6.585034,-7.72240744e-02,2.61215269e-03
0.394000,1.06198239e-01,9.86982390e-02,6.579883,-7.72719733e-02,2.56040109e-03
0.395000,1.06120894e-01,9.86208940e-02,6.574726,-7.73452357e-02,2.59601034e-03
0.396000,1.06043464e-01,9.85434640e-02,6.569564,-7.74291969e-02,2.64570252e-03
0.397000,1.05965972e-01,9.84659720e-02,6.564398,-7.74926761e-02,2.69005491e-03
0.398000,1.05888440e-01,9.83884400e-02,6.559229,-7.75319924e-02,2.70310240e-03
0.399000,1.05810885e-01,9.83108850e-02,6.554059,-7.75544353e-02,2.65483060e-03
0.400000,1.05733304e-01,9.82333040e-02,6.548887,-7.75811297e-02,2.60433345e-03
0.401000,1.05655672e-01,9.81556720e-02,6.543711,-7.76326070e-02,2.57643259e-03
0.402000,1.05577966e-01,9.80779660e-02,6.538531,-7.77056023e-02,2.61703028e-03
0.403000,1.05500185e-01,9.80001850e-02,6.533346,-7.77805815e-02,2.66299913e-03
0.404000,1.05422351e-01,9.79223510e-02,6.528157,-7.78340987e-02,2.66620637e-03
0.405000,1.05344479e-01,9.78444790e-02,6.522965,-7.78719518e-02,2.69170694e-03
0.406000,1.05266575e-01,9.77665750e-02,6.517772,-7.79042422e-02,2.65684837e-03
0.407000,1.05188641e-01,9.76886410e-02,6.512576,-7.79343221e-02,2.63346501e-03
0.408000,1.05110661e-01,9.76106610e-02,6.507377,-7.79799852e-02,2.58951286e-03
0.409000,1.05032620e-01,9.75326200e-02,6.502175,-7.80411002e-02,2.60538355e-03
0.410000,1.04954506e-01,9.74545060e-02,6.496967,-7.81138432e-02,2.63043497e-03
0.411000,1.04876329e-01,9.73763290e-02,6.491755,-7.81769439e-02,2.67481181e-03
0.412000,1.04798105e-01,9.72981050e-02,6.486540,-7.82239698e-02,2.71099635e-03
0.413000,1.04719855e-01,9.72198550e-02,6.481324,-7.82500229e-02,2.66183807e-03
0.414000,1.04641582e-01,9.71415820e-02,6.476105,-7.82728856e-02,2.64349054e-03
0.415000,1.04563267e-01,9.70632670e-02,6.470884,-7.83151371e-02,2.60247188e-03
0.416000,1.04484896e-01,9.69848960e-02,6.465660,-7.83706679e-02,2.61940573e-03
0.417000,1.04406459e-01,9.69064590e-02,6.460431,-7.84366752e-02,2.64340466e-03
0.418000,1.04327967e-01,9.68279670e-02,6.455198,-7.84928773e-02,2.65231988e-03
0.419000,1.04249427e-01,9.67494270e-02,6.449962,-7.85396213e-02,2.68817919e-03
0.420000,1.04170850e-01,9.66708500e-02,6.444723,-7.85770960e-02,2.68696399e-03
0.421000,1.04092247e-01,9.65922470e-02,6.439483,-7.86030089e-02,2.65664234e-03
0.422000,1.04013612e-01,9.65136120e-02,6.434241,-7.86346829e-02,2.61200686e-03
0.423000,1.03934928e-01,9.64349280e-02,6.428995,-7.86842083e-02,2.60687036e-03
0.424000,1.03856179e-01,9.63561790e-02,6.423745,-7.87493010e-02,2.61827971e-03
0.425000,1.03777365e-01,9.62773650e-02,6.418491,-7.88140630e-02,2.66665058e-03
0.426000,1.03698498e-01,9.61984980e-02,6.413233,-7.88665241e-02,2.70968626e-03
0.427000,1.03619603e-01,9.61196030e-02,6.407974,-7.88954892e-02,2.68918931e-03
0.428000,1.03540689e-01,9.60406890e-02,6.402713,-7.89139453e-02,2.65590117e-03
0.429000,1.03461744e-01,9.59617440e-02,6.397450,-7.89450196e-02,2.61982304e-03
0.430000,1.03382750e-01,9.58827500e-02,6.392183,-7.89934062e-02,2.61711699e-03
0.431000,1.03303696e-01,9.58036960e-02,6.386913,-7.90541199e-02,2.63845860e-03
0.432000,1.03224584e-01,9.57245840e-02,6.381639,-7.91119483e-02,2.65113332e-03
0.433000,1.03145424e-01,9.56454240e-02,6.376362,-7.91605264e-02,2.69645270e-03
0.434000,1.03066227e-01,9.55662270e-02,6.371082,-7.91969278e-02,2.70451333e-03
0.435000,1.02987010e-01,9.54870100e-02,6.365801,-7.92170201e-02,2.66216390e-03
0.436000,1.02907768e-01,9.54077680e-02,6.360518,-7.92419543e-02,2.61485444e-03
0.437000,1.02828479e-01,9.53284790e-02,6.355232,-7.92891627e-02,2.61216861e-03
0.438000,1.02749126e-01,9.52491260e-02,6.349942,-7.93523833e-02,2.62851649e-03
0.439000,1.02669713e-01,9.51697130e-02,6.344648,-7.94135950e-02,2.66662830e-03
0.440000,1.02590250e-01,9.50902500e-02,6.339350,-7.94626981e-02,2.70661932e-03
0.441000,1.02510758e-01,9.50107580e-02,6.334051,-7.94922128e-02,2.70267490e-03
0.442000,1.02431248e-01,9.49312480e-02,6.328750,-7.95092914e-02,2.66511835e-03
0.443000,1.02351714e-01,9.48517140e-02,6.323448,-7.95343068e-02,2.62501285e-03
0.444000,1.02272135e-01,9.47721350e-02,6.318142,-7.95787486e-02,2.62065367e-03
0.445000,1.02192498e-01,9.46924980e-02,6.312833,-7.96371325e-02,2.64312112e-03
0.446000,1.02112805e-01,9.46128050e-02,6.307520,-7.96929749e-02,2.65619567e-03
0.447000,1.02033066e-01,9.45330660e-02,6.302204,-7.97391266e-02,2.71041584e-03
0.448000,1.01953295e-01,9.44532950e-02,6.296886,-7.97713962e-02,2.70520518e-03
0.449000,1.01873508e-01,9.43735080e-02,6.291567,-7.97867805e-02,2.66620574e-03
0.450000,1.01793697e-01,9.42936970e-02,6.286246,-7.98107726e-02,2.61705567e-03
0.451000,1.01713841e-01,9.42138410e-02,6.280923,-7.98562644e-02,2.61585233e-03
0.452000,1.01633923e-01,9.41339230e-02,6.275595,-7.99181107e-02,2.63464157e-03
0.453000,1.01553946e-01,9.40539460e-02,6.270263,-7.99770294e-02,2.67962743e-03
0.454000,1.01473924e-01,9.39739240e-02,6.264928,-8.00218222e-02,2.71577647e-03
0.455000,1.01393878e-01,9.38938780e-02,6.259592,-8.00454485e-02,2.69985776e-03
0.456000,1.01313818e-01,9.38138180e-02,6.254255,-8.00600179e-02,2.67093650e-03
0.457000,1.01233734e-01,9.37337340e-02,6.248916,-8.00849297e-02,2.62407177e-03
0.458000,1.01153606e-01,9.36536060e-02,6.243574,-8.01276271e-02,2.63054302e-03
0.459000,1.01073421e-01,9.35734210e-02,6.238228,-8.01845712e-02,2.65449035e-03
0.460000,1.00993186e-01,9.34931860e-02,6.232879,-8.02351553e-02,2.67245588e-03
0.461000,1.00912911e-01,9.34129110e-02,6.227527,-8.02746977e-02,2.71614242e-03
0.462000,1.00832611e-01,9.33326110e-02,6.222174,-8.03006145e-02,2.69710122e-03
0.463000,1.00752295e-01,9.32522950e-02,6.216820,-8.03155512e-02,2.66711626e-03
0.464000,1.00671953e-01,9.31719530e-02,6.211464,-8.03420438e-02,2.61323854e-03
0.465000,1.00591565e-01,9.30915650e-02,6.206104,-8.03879116e-02,2.62362531e-03
0.466000,1.00511116e-01,9.30111160e-02,6.200741,-8.04496369e-02,2.65308394e-03
0.467000,1.00430613e-01,9.29306130e-02,6.195374,-8.05027415e-02,2.70042777e-03
0.468000,1.00350075e-01,9.28500750e-02,6.190005,-8.05377993e-02,2.73611504e-03
0.469000,1.00269524e-01,9.27695240e-02,6.184635,-8.05509978e-02,2.68209371e-03
0.470000,1.00188962e-01,9.26889620e-02,6.179264,-8.05620291e-02,2.67149935e-03
0.471000,1.00108369e-01,9.26083690e-02,6.173891,-8.05926753e-02,2.61732732e-03
0.472000,1.00027733e-01,9.25277330e-02,6.168516,-8.06363805e-02,2.63020144e-03
0.473000,9.99470375e-02,9.24470375e-02,6.163136,-8.06956001e-02,2.68035177e-03
0.474000,9.98662958e-02,9.23662958e-02,6.157753,-8.07417230e-02,2.69264513e-03
0.475000,9.97855266e-02,9.22855266e-02,6.152368,-8.07692019e-02,2.73440307e-03
0.476000,9.97047413e-02,9.22047413e-02,6.146983,-8.07852590e-02,2.68996832e-03
0.477000,9.96239459e-02,9.21239459e-02,6.141596,-8.07954600e-02,2.63996936e-03
0.478000,9.95431168e-02,9.20431168e-02,6.136208,-8.08290958e-02,2.59872760e-03
0.479000,9.94622303e-02,9.19622303e-02,6.130815,-8.08864452e-02,2.64231582e-03
0.480000,9.93812807e-02,9.18812807e-02,6.125419,-8.09496308e-02,2.67681164e-03
0.481000,9.93002883e-02,9.18002883e-02,6.120019,-8.09924013e-02,2.71772239e-03
0.482000,9.92192717e-02,9.17192717e-02,6.114618,-8.10166081e-02,2.74205601e-03
0.483000,9.91382486e-02,9.16382486e-02,6.109217,-8.10230762e-02,2.67906712e-03
0.484000,9.90572159e-02,9.15572159e-02,6.103814,-8.10326916e-02,2.64701184e-03
0.485000,9.89761472e-02,9.14761472e-02,6.098410,-8.10686621e-02,2.61294246e-03
0.486000,9.88950261e-02,9.13950261e-02,6.093002,-8.11211849e-02,2.65626730e-03
0.487000,9.88138488e-02,9.13138488e-02,6.087590,-8.11772350e-02,2.68339357e-03
0.488000,9.87326346e-02,9.12326346e-02,6.082176,-8.12142596e-02,2.70671267e-03
0.489000,9.86513963e-02,9.11513963e-02,6.076760,-8.12382519e-02,2.71262164e-03
0.490000,9.85701428e-02,9.10701428e-02,6.071343,-8.12535408e-02,2.70120786e-03
0.491000,9.84888739e-02,9.09888739e-02,6.065925,-8.12689076e-02,2.66020266e-03
0.492000,9.84075786e-02,9.09075786e-02,6.060505,-8.12952741e-02,2.62110734e-03
0.493000,9.83262366e-02,9.08262366e-02,6.055082,-8.13420209e-02,2.63766725e-03
0.494000,9.82448379e-02,9.07448379e-02,6.049656,-8.13986788e-02,2.64981825e-03
0.495000,9.81633901e-02,9.06633901e-02,6.044226,-8.14477493e-02,2.73495951e-03
0.496000,9.80819124e-02,9.05819124e-02,6.038794,-8.14777731e-02,2.73526152e-03
0.497000,9.80004326e-02,9.05004326e-02,6.033362,-8.14797817e-02,2.71800503e-03
0.498000,9.79189478e-02,9.04189478e-02,6.027930,-8.14847428e-02,2.64100749e-03
0.499000,9.78374389e-02,9.03374389e-02,6.022496,-8.15089874e-02,2.62639060e-03
0.500000,9.77558778e-02,9.02558778e-02,6.017059,-8.15611039e-02,2.64752520e-03
0.501000,9.76742635e-02,9.01742635e-02,6.011618,-8.16142834e-02,2.67264469e-03
0.502000,9.75926074e-02,9.00926074e-02,6.006174,-8.16560798e-02,2.72524242e-03
0.503000,9.75109271e-02,9.00109271e-02,6.000728,-8.16803254e-02,2.73835318e-03
0.504000,9.74292421e-02,8.99292421e-02,5.995283,-8.16849785e-02,2.68923754e-03
0.505000,9.73475481e-02,8.98475481e-02,5.989837,-8.16940115e-02,2.63434513e-03
0.506000,9.72658192e-02,8.97658192e-02,5.984388,-8.17288819e-02,2.62937487e-03
0.507000,9.71840365e-02,8.96840365e-02,5.978936,-8.17826587e-02,2.65230400e-03
0.508000,9.71022025e-02,8.96022025e-02,5.973480,-8.18340130e-02,2.70077430e-03
0.509000,9.70203333e-02,8.95203333e-02,5.968022,-8.18692656e-02,2.75998271e-03
0.510000,9.69384551e-02,8.94384551e-02,5.962564,-8.18781296e-02,2.70429705e-03
0.511000,9.68565777e-02,8.93565777e-02,5.957105,-8.18773960e-02,2.68425018e-03
0.512000,9.67746792e-02,8.92746792e-02,5.951645,-8.18984954e-02,2.62722046e-03
0.513000,9.66927430e-02,8.91927430e-02,5.946183,-8.19362636e-02,2.63740347e-03
0.514000,9.66107520e-02,8.91107520e-02,5.940717,-8.19909605e-02,2.69370618e-03
0.515000,9.65287197e-02,8.90287197e-02,5.935248,-8.20323566e-02,2.72063887e-03
0.516000,9.64466692e-02,8.89466692e-02,5.929778,-8.20504993e-02,2.74080274e-03
0.517000,9.63646129e-02,8.88646129e-02,5.924308,-8.20562312e-02,2.70349451e-03
0.518000,9.62825510e-02,8.87825510e-02,5.918837,-8.20619385e-02,2.65209785e-03
0.519000,9.62004620e-02,8.87004620e-02,5.913364,-8.20889873e-02,2.60442190e-03
0.520000,9.61183207e-02,8.86183207e-02,5.907888,-8.21413465e-02,2.65167787e-03
0.521000,9.60361196e-02,8.85361196e-02,5.902408,-8.22010065e-02,2.68634094e-03
0.522000,9.59538806e-02,8.84538806e-02,5.896925,-8.22390171e-02,2.74856337e-03
0.523000,9.58716260e-02,8.83716260e-02,5.891442,-8.22546406e-02,2.73877471e-03
0.524000,9.57893744e-02,8.82893744e-02,5.885958,-8.22515602e-02,2.69527056e-03
0.525000,9.57071150e-02,8.82071150e-02,5.880474,-8.22593879e-02,2.64826072e-03
0.526000,9.56248252e-02,8.81248252e-02,5.874988,-8.22898161e-02,2.65294620e-03
0.527000,9.55424904e-02,8.80424904e-02,5.869499,-8.23348545e-02,2.66073175e-03
0.528000,9.54601134e-02,8.79601134e-02,5.864008,-8.23769773e-02,2.66905141e-03
0.529000,9.53776983e-02,8.78776983e-02,5.858513,-8.24150720e-02,2.71489889e-03
0.530000,9.52952560e-02,8.77952560e-02,5.853017,-8.24423267e-02,2.74429811e-03
0.531000,9.52128067e-02,8.77128067e-02,5.847520,-8.24493256e-02,2.73264835e-03
0.532000,9.51303579e-02,8.76303579e-02,5.842024,-8.24487294e-02,2.64048607e-03
0.533000,9.50478897e-02,8.75478897e-02,5.836526,-8.24682571e-02,2.62509350e-03
0.534000,9.49653689e-02,8.74653689e-02,5.831025,-8.25207742e-02,2.65491895e-03
0.535000,9.48827958e-02,8.73827958e-02,5.825520,-8.25730722e-02,2.71102435e-03
0.536000,9.48001902e-02,8.73001902e-02,5.820013,-8.26056534e-02,2.76784908e-03
0.537000,9.47175804e-02,8.72175804e-02,5.814505,-8.26097600e-02,2.71435821e-03
0.538000,9.46349758e-02,8.71349758e-02,5.808998,-8.26046637e-02,2.68864732e-03
0.539000,9.45523541e-02,8.70523541e-02,5.803490,-8.26216814e-02,2.63352561e-03
0.540000,9.44696972e-02,8.69696972e-02,5.797980,-8.26568905e-02,2.64163646e-03
0.541000,9.43869884e-02,8.68869884e-02,5.792466,-8.27087681e-02,2.69988593e-03
0.542000,9.43042407e-02,8.68042407e-02,5.786949,-8.27476812e-02,2.72785152e-03
0.543000,9.42214782e-02,8.67214782e-02,5.781432,-8.27625190e-02,2.74892034e-03
0.544000,9.41387138e-02,8.66387138e-02,5.775914,-8.27644466e-02,2.70892242e-03
0.545000,9.40559472e-02,8.65559472e-02,5.770396,-8.27665281e-02,2.66001561e-03
0.546000,9.39731569e-02,8.64731569e-02,5.764877,-8.27903941e-02,2.61639587e-03
0.547000,9.38903188e-02,8.63903188e-02,5.759355,-8.28380355e-02,2.65949319e-03
0.548000,9.38074264e-02,8.63074264e-02,5.753828,-8.28923810e-02,2.68742458e-03
0.549000,9.37244988e-02,8.62244988e-02,5.748300,-8.29276334e-02,2.75072900e-03
0.550000,9.36415563e-02,8.61415563e-02,5.742770,-8.29425179e-02,2.73645740e-03
0.551000,9.35586171e-02,8.60586171e-02,5.737241,-8.29391362e-02,2.73130019e-03
0.552000,9.34756758e-02,8.59756758e-02,5.731712,-8.29413534e-02,2.65357443e-03
0.553000,9.33927168e-02,8.58927168e-02,5.726181,-8.29590093e-02,2.64400793e-03
0.554000,9.33097129e-02,8.58097129e-02,5.720648,-8.30038832e-02,2.66286580e-03
0.555000,9.32266643e-02,8.57266643e-02,5.715111,-8.30485641e-02,2.69668653e-03
0.556000,9.31435833e-02,8.56435833e-02,5.709572,-8.30810710e-02,2.74647116e-03
0.557000,9.30604896e-02,8.55604896e-02,5.704033,-8.30936667e-02,2.73723467e-03
0.558000,9.29773981e-02,8.54773981e-02,5.698493,-8.30915459e-02,2.69288295e-03
0.559000,9.28942978e-02,8.53942978e-02,5.692953,-8.31003015e-02,2.63694425e-03
0.560000,9.28111642e-02,8.53111642e-02,5.687411,-8.31335151e-02,2.64421950e-03
0.561000,9.27279804e-02,8.52279804e-02,5.681865,-8.31838132e-02,2.68093169e-03
0.562000,9.26447552e-02,8.51447552e-02,5.676317,-8.32252298e-02,2.73754427e-03
0.563000,9.25615106e-02,8.50615106e-02,5.670767,-8.32445783e-02,2.77656874e-03
0.564000,9.24782722e-02,8.49782722e-02,5.665218,-8.32384334e-02,2.71597414e-03
0.565000,9.23950420e-02,8.48950420e-02,5.659669,-8.32301877e-02,2.66548583e-03
0.566000,9.23117912e-02,8.48117912e-02,5.654119,-8.32507705e-02,2.61543473e-03
0.567000,9.22284944e-02,8.47284944e-02,5.648566,-8.32967854e-02,2.67561429e-03
0.568000,9.21451458e-02,8.46451458e-02,5.643010,-8.33485957e-02,2.70772637e-03
0.569000,9.20617709e-02,8.45617709e-02,5.637451,-8.33749635e-02,2.73337698e-03
0.570000,9.19783846e-02,8.44783846e-02,5.631892,-8.33862492e-02,2.72499972e-03
0.571000,9.18949940e-02,8.43949940e-02,5.626333,-8.33905923e-02,2.73718710e-03
0.572000,9.18115985e-02,8.43115985e-02,5.620773,-8.33955313e-02,2.65723756e-03
0.573000,9.17281879e-02,8.42281879e-02,5.615213,-8.34106061e-02,2.64001037e-03
0.574000,9.16447329e-02,8.41447329e-02,5.609649,-8.34549839e-02,2.66235338e-03
0.575000,9.15612318e-02,8.40612318e-02,5.604082,-8.35010682e-02,2.69930359e-03
0.576000,9.14776986e-02,8.39776986e-02,5.598513,-8.35332806e-02,2.76049250e-03
0.577000,9.13941560e-02,8.38941560e-02,5.592944,-8.35425374e-02,2.74045295e-03
0.578000,9.13106208e-02,8.38106208e-02,5.587375,-8.35352426e-02,2.70176471e-03
0.579000,9.12270794e-02,8.37270794e-02,5.581805,-8.35413706e-02,2.64695267e-03
0.580000,9.11435095e-02,8.36435095e-02,5.576234,-8.35698974e-02,2.65477783e-03
0.581000,9.10598945e-02,8.35598945e-02,5.570660,-8.36150415e-02,2.70422460e-03
0.582000,9.09762456e-02,8.34762456e-02,5.565083,-8.36488715e-02,2.72600521e-03
0.583000,9.08925830e-02,8.33925830e-02,5.559506,-8.36626108e-02,2.76285216e-03
0.584000,9.08089203e-02,8.33089203e-02,5.553928,-8.36626811e-02,2.72555373e-03
0.585000,9.07252631e-02,8.32252631e-02,5.548351,-8.36572461e-02,2.66837915e-03
0.586000,9.06415889e-02,8.31415889e-02,5.542773,-8.36741712e-02,2.62685383e-03
0.587000,9.05578717e-02,8.30578717e-02,5.537191,-8.37172165e-02,2.66345446e-03
0.588000,9.04741043e-02,8.29741043e-02,5.531607,-8.37674270e-02,2.69387738e-03
0.589000,9.03903040e-02,8.28903040e-02,5.526020,-8.38002373e-02,2.75978089e-03
0.590000,9.03064926e-02,8.28064926e-02,5.520433,-8.38114019e-02,2.74606645e-03
0.591000,9.02226893e-02,8.27226893e-02,5.514846,-8.38033482e-02,2.73569149e-03
0.592000,9.01388876e-02,8.26388876e-02,5.509259,-8.38016331e-02,2.66759372e-03
0.593000,9.00550723e-02,8.25550723e-02,5.503671,-8.38153677e-02,2.65800804e-03
0.594000,8.99712191e-02,8.24712191e-02,5.498081,-8.38531617e-02,2.67295675e-03
0.595000,8.98873276e-02,8.23873276e-02,5.492489,-8.38914602e-02,2.70454726e-03
0.596000,8.98034084e-02,8.23034084e-02,5.486894,-8.39192630e-02,2.76180374e-03
0.597000,8.97194818e-02,8.22194818e-02,5.481299,-8.39265658e-02,2.73537350e-03
0.598000,8.96355621e-02,8.21355621e-02,5.475704,-8.39197386e-02,2.69795728e-03
0.599000,8.95516339e-02,8.20516339e-02,5.470109,-8.39282081e-02,2.63952449e-03
0.600000,8.94676746e-02,8.19676746e-02,5.464512,-8.39592989e-02,2.64941016e-03
0.601000,8.93836667e-02,8.18836667e-02,5.458911,-8.40078317e-02,2.69633490e-03
0.602000,8.92996219e-02,8.17996219e-02,5.453308,-8.40448198e-02,2.75252683e-03
0.603000,8.92155655e-02,8.17155655e-02,5.447704,-8.40564602e-02,2.77542541e-03
0.604000,8.91315199e-02,8.16315199e-02,5.442101,-8.40455969e-02,2.70998194e-03
0.605000,8.90474811e-02,8.15474811e-02,5.436499,-8.40387864e-02,2.67652823e-03
0.606000,8.89634217e-02,8.14634217e-02,5.430895,-8.40593844e-02,2.66319777e-03
0.607000,8.88793284e-02,8.13793284e-02,5.425289,-8.40933264e-02,2.67560385e-03
0.608000,8.87951989e-02,8.12951989e-02,5.419680,-8.41294525e-02,2.68442991e-03
0.609000,8.87110390e-02,8.12110390e-02,5.414069,-8.41599434e-02,2.73485747e-03
0.610000,8.86268603e-02,8.11268603e-02,5.408457,-8.41786182e-02,2.76845036e-03
0.611000,8.85426856e-02,8.10426856e-02,5.402846,-8.41747913e-02,2.72569701e-03
0.612000,8.84585181e-02,8.09585181e-02,5.397235,-8.41674924e-02,2.65831531e-03
0.613000,8.83743319e-02,8.08743319e-02,5.391622,-8.41861501e-02,2.64427462e-03
0.614000,8.82901025e-02,8.07901025e-02,5.386007,-8.42294199e-02,2.67532808e-03
0.615000,8.82058307e-02,8.07058307e-02,5.380389,-8.42718094e-02,2.74678531e-03
0.616000,8.81215393e-02,8.06215393e-02,5.374769,-8.42913640e-02,2.79042276e-03
0.617000,8.80372596e-02,8.05372596e-02,5.369151,-8.42797343e-02,2.72145800e-03
0.618000,8.79529936e-02,8.04529936e-02,5.363533,-8.42659690e-02,2.67041964e-03
0.619000,8.78687097e-02,8.03687097e-02,5.357914,-8.42838783e-02,2.63005683e-03
0.620000,8.77843841e-02,8.02843841e-02,5.352292,-8.43256871e-02,2.68905334e-03
0.621000,8.77000137e-02,8.02000137e-02,5.346668,-8.43703187e-02,2.72262824e-03
0.622000,8.76156241e-02,8.01156241e-02,5.341042,-8.43896377e-02,2.73801352e-03
0.623000,8.75312289e-02,8.00312289e-02,5.335415,-8.43952095e-02,2.73016499e-03
0.624000,8.74468318e-02,7.99468318e-02,5.329789,-8.43971164e-02,2.75246301e-03
0.625000,8.73624341e-02,7.98624341e-02,5.324162,-8.43976578e-02,2.67637006e-03
0.626000,8.72780298e-02,7.97780298e-02,5.318535,-8.44043323e-02,2.66008313e-03
0.627000,8.71935909e-02,7.96935909e-02,5.312906,-8.44388771e-02,2.66516409e-03
0.628000,8.71091130e-02,7.96091130e-02,5.307274,-8.44778722e-02,2.71379105e-03
0.629000,8.70246064e-02,7.95246064e-02,5.301640,-8.45065995e-02,2.77102984e-03
0.630000,8.69400972e-02,7.94400972e-02,5.296006,-8.45092350e-02,2.74124604e-03
0.631000,8.68555989e-02,7.93555989e-02,5.290373,-8.44983393e-02,2.71934036e-03
0.632000,8.67710978e-02,7.92710978e-02,5.284740,-8.45010989e-02,2.64417675e-03
0.633000,8.66865734e-02,7.91865734e-02,5.279105,-8.45243444e-02,2.66606567e-03
0.634000,8.66020050e-02,7.91020050e-02,5.273467,-8.45684040e-02,2.70886673e-03
0.635000,8.65174073e-02,7.90174073e-02,5.267827,-8.45977060e-02,2.73901804e-03
0.636000,8.64327997e-02,7.89327997e-02,5.262187,-8.46076197e-02,2.76159805e-03
0.637000,8.63481960e-02,7.88481960e-02,5.256546,-8.46036381e-02,2.73669732e-03
0.638000,8.62635994e-02,7.87635994e-02,5.250907,-8.45966444e-02,2.67036905e-03
0.639000,8.61789898e-02,7.86789898e-02,5.245266,-8.46095578e-02,2.65680756e-03
0.640000,8.60943432e-02,7.85943432e-02,5.239623,-8.46466527e-02,2.67890381e-03
0.641000,8.60096589e-02,7.85096589e-02,5.233977,-8.46842938e-02,2.70510987e-03
0.642000,8.59249489e-02,7.84249489e-02,5.228330,-8.47100440e-02,2.76314726e-03
0.643000,8.58402319e-02,7.83402319e-02,5.222682,-8.47169244e-02,2.75579759e-03
0.644000,8.57555259e-02,7.82555259e-02,5.217035,-8.47060442e-02,2.71891993e-03
0.645000,8.56708218e-02,7.81708218e-02,5.211388,-8.47040992e-02,2.65883109e-03
0.646000,8.55860969e-02,7.80860969e-02,5.205740,-8.47248913e-02,2.66405251e-03
0.647000,8.55013324e-02,7.80013324e-02,5.200089,-8.47644942e-02,2.71723862e-03
0.648000,8.54165394e-02,7.79165394e-02,5.194436,-8.47929769e-02,2.74579281e-03
0.649000,8.53317405e-02,7.78317405e-02,5.188783,-8.47989431e-02,2.77011748e-03
0.650000,8.52469493e-02,7.77469493e-02,5.183130,-8.47912300e-02,2.73194185e-03
0.651000,8.51621670e-02,7.76621670e-02,5.177478,-8.47822793e-02,2.67610525e-03
0.652000,8.50773712e-02,7.75773712e-02,5.171825,-8.47957401e-02,2.65413875e-03
0.653000,8.49925398e-02,7.74925398e-02,5.166169,-8.48314231e-02,2.68069655e-03
0.654000,8.49076702e-02,7.74076702e-02,5.160511,-8.48696237e-02,2.68763450e-03
0.655000,8.48227723e-02,7.73227723e-02,5.154851,-8.48978754e-02,2.75684840e-03
0.656000,8.47378607e-02,7.72378607e-02,5.149191,-8.49116089e-02,2.77681761e-03
0.657000,8.46529616e-02,7.71529616e-02,5.143531,-8.48990802e-02,2.73401325e-03
0.658000,8.45680741e-02,7.70680741e-02,5.137872,-8.48875628e-02,2.66626761e-03
0.659000,8.44831720e-02,7.69831720e-02,5.132211,-8.49020830e-02,2.66276394e-03
0.660000,8.43982325e-02,7.68982325e-02,5.126549,-8.49394715e-02,2.70798243e-03
0.661000,8.43132625e-02,7.68132625e-02,5.120884,-8.49700142e-02,2.73084883e-03
0.662000,8.42282808e-02,7.67282808e-02,5.115219,-8.49816629e-02,2.78280108e-03
0.663000,8.41433042e-02,7.66433042e-02,5.109554,-8.49766147e-02,2.74355867e-03
0.664000,8.40583428e-02,7.65583428e-02,5.103890,-8.49614442e-02,2.67924629e-03
0.665000,8.39733722e-02,7.64733722e-02,5.098225,-8.49705345e-02,2.63544020e-03
0.666000,8.38883637e-02,7.63883637e-02,5.092558,-8.50084925e-02,2.66957877e-03
0.667000,8.38033089e-02,7.63033089e-02,5.086887,-8.50548000e-02,2.70908419e-03
0.668000,8.37182260e-02,7.62182260e-02,5.081215,-8.50829099e-02,2.77561480e-03
0.669000,8.36331398e-02,7.61331398e-02,5.075543,-8.50862803e-02,2.76785340e-03
0.670000,8.35480706e-02,7.60480706e-02,5.069871,-8.50691737e-02,2.74524725e-03
0.671000,8.34630120e-02,7.59630120e-02,5.064201,-8.50586136e-02,2.66896883e-03
0.672000,8.33779430e-02,7.58779430e-02,5.058530,-8.50689667e-02,2.66298390e-03
0.673000,8.32928376e-02,7.57928376e-02,5.052856,-8.51054292e-02,2.69666142e-03
0.674000,8.32076997e-02,7.57076997e-02,5.047180,-8.51379017e-02,2.73399908e-03
0.675000,8.31225470e-02,7.56225470e-02,5.041503,-8.51527113e-02,2.77835947e-03
0.676000,8.30373995e-02,7.55373995e-02,5.035827,-8.51474140e-02,2.74218394e-03
0.677000,8.29522656e-02,7.54522656e-02,5.030151,-8.51339453e-02,2.68685485e-03
0.678000,8.28671235e-02,7.53671235e-02,5.024475,-8.51421415e-02,2.63270727e-03
0.679000,8.27819454e-02,7.52819454e-02,5.018796,-8.51780840e-02,2.68185379e-03
0.680000,8.26967223e-02,7.51967223e-02,5.013115,-8.52231184e-02,2.71153583e-03
0.681000,8.26114755e-02,7.51114755e-02,5.007432,-8.52467634e-02,2.77421096e-03
0.682000,8.25262259e-02,7.50262259e-02,5.001748,-8.52495770e-02,2.76110194e-03
0.683000,8.24409918e-02,7.49409918e-02,4.996066,-8.52341253e-02,2.74727069e-03
0.684000,8.23557664e-02,7.48557664e-02,4.990384,-8.52254247e-02,2.67212595e-03
0.685000,8.22705318e-02,7.47705318e-02,4.984702,-8.52345550e-02,2.66649984e-03
0.686000,8.21852624e-02,7.46852624e-02,4.979017,-8.52693589e-02,2.69744335e-03
0.687000,8.20999619e-02,7.45999619e-02,4.973331,-8.53005384e-02,2.73116714e-03
0.688000,8.20146463e-02,7.45146463e-02,4.967643,-8.53155920e-02,2.77509436e-03
0.689000,8.19293345e-02,7.44293345e-02,4.961956,-8.53118021e-02,2.75220550e-03
0.690000,8.18440369e-02,7.43440369e-02,4.956269,-8.52976335e-02,2.69545794e-03
0.691000,8.17587359e-02,7.42587359e-02,4.950582,-8.53010172e-02,2.63325283e-03
0.692000,8.16734018e-02,7.41734018e-02,4.944893,-8.53340378e-02,2.67540973e-03
0.693000,8.15880218e-02,7.40880218e-02,4.939201,-8.53800326e-02,2.71604365e-03
0.694000,8.15026168e-02,7.40026168e-02,4.933508,-8.54049968e-02,2.78052038e-03
0.695000,8.14172116e-02,7.39172116e-02,4.927814,-8.54052141e-02,2.76120937e-03
0.696000,8.13318239e-02,7.38318239e-02,4.922122,-8.53876713e-02,2.74873779e-03
0.697000,8.12464452e-02,7.37464452e-02,4.916430,-8.53786760e-02,2.67448082e-03
0.698000,8.11610583e-02,7.36610583e-02,4.910737,-8.53869081e-02,2.66884426e-03
0.699000,8.10756378e-02,7.35756378e-02,4.905043,-8.54205240e-02,2.69875857e-03
0.700000,8.09901871e-02,7.34901871e-02,4.899346,-8.54507010e-02,2.72797436e-03
0.701000,8.09047212e-02,7.34047212e-02,4.893648,-8.54658873e-02,2.77882819e-03
0.702000,8.08192587e-02,7.33192587e-02,4.887951,-8.54624857e-02,2.75701054e-03
0.703000,8.07338125e-02,7.32338125e-02,4.882254,-8.54462411e-02,2.69612105e-03
0.704000,8.06483646e-02,7.31483646e-02,4.876558,-8.54479294e-02,2.62907624e-03
0.705000,8.05628831e-02,7.30628831e-02,4.870859,-8.54814709e-02,2.67261948e-03
0.706000,8.04773538e-02,7.29773538e-02,4.865157,-8.55293308e-02,2.72220196e-03
0.707000,8.03917996e-02,7.28917996e-02,4.859453,-8.55541223e-02,2.78573667e-03
0.708000,8.03062482e-02,7.28062482e-02,4.853750,-8.55513947e-02,2.76308756e-03
0.709000,8.02207164e-02,7.27207164e-02,4.848048,-8.55318067e-02,2.74923286e-03
0.710000,8.01351943e-02,7.26351943e-02,4.842346,-8.55221070e-02,2.67485518e-03
0.711000,8.00496642e-02,7.25496642e-02,4.836644,-8.55301102e-02,2.66988199e-03
0.712000,7.99641008e-02,7.24641008e-02,4.830940,-8.55634197e-02,2.70003525e-03
0.713000,7.98785078e-02,7.23785078e-02,4.825234,-8.55930301e-02,2.73122003e-03
0.714000,7.97929005e-02,7.22929005e-02,4.819527,-8.56072231e-02,2.77861499e-03
0.715000,7.97072977e-02,7.22072977e-02,4.813820,-8.56027933e-02,2.75505919e-03
0.716000,7.96217108e-02,7.21217108e-02,4.808114,-8.55869639e-02,2.69679509e-03
0.717000,7.95361216e-02,7.20361216e-02,4.802408,-8.55891739e-02,2.63496257e-03
0.718000,7.94505002e-02,7.19505002e-02,4.796700,-8.56214530e-02,2.67804807e-03
0.719000,7.93648337e-02,7.18648337e-02,4.790989,-8.56664197e-02,2.71788292e-03
0.720000,7.92791435e-02,7.17791435e-02,4.785276,-8.56901922e-02,2.78205874e-03
0.721000,7.91934540e-02,7.16934540e-02,4.779564,-8.56895335e-02,2.76707560e-03
0.722000,7.91077836e-02,7.16077836e-02,4.773852,-8.56704481e-02,2.75069524e-03
0.723000,7.90221244e-02,7.15221244e-02,4.768142,-8.56591800e-02,2.67442469e-03
0.724000,7.89364576e-02,7.14364576e-02,4.762431,-8.56667792e-02,2.66925827e-03
0.725000,7.88507573e-02,7.13507573e-02,4.756717,-8.57003403e-02,2.70475414e-03
0.726000,7.87650279e-02,7.12650279e-02,4.751002,-8.57293211e-02,2.74271783e-03
0.727000,7.86792880e-02,7.11792880e-02,4.745286,-8.57399311e-02,2.77909516e-03
0.728000,7.85935564e-02,7.10935564e-02,4.739570,-8.57316403e-02,2.74865556e-03
0.729000,7.85078396e-02,7.10078396e-02,4.733856,-8.57167856e-02,2.69404187e-03
0.730000,7.84221180e-02,7.09221180e-02,4.728141,-8.57215855e-02,2.63869009e-03
0.731000,7.83363639e-02,7.08363639e-02,4.722424,-8.57541097e-02,2.68490254e-03
0.732000,7.82505673e-02,7.07505673e-02,4.716704,-8.57966401e-02,2.71769893e-03
0.733000,7.81647491e-02,7.06647491e-02,4.710983,-8.58181939e-02,2.77734340e-03
0.734000,7.80789306e-02,7.05789306e-02,4.705262,-8.58184295e-02,2.76561651e-03
0.735000,7.79931295e-02,7.04931295e-02,4.699542,-8.58011507e-02,2.75631644e-03
0.736000,7.79073401e-02,7.04073401e-02,4.693823,-8.57893678e-02,2.68065331e-03
0.737000,7.78215461e-02,7.03215461e-02,4.688103,-8.57940194e-02,2.67048523e-03
0.738000,7.77357208e-02,7.02357208e-02,4.682381,-8.58253180e-02,2.70385840e-03
0.739000,7.76498667e-02,7.01498667e-02,4.676658,-8.58540543e-02,2.74489766e-03
0.740000,7.75640021e-02,7.00640021e-02,4.670933,-8.58645729e-02,2.79609729e-03
0.741000,7.74781496e-02,6.99781496e-02,4.665210,-8.58525596e-02,2.75672973e-03
0.742000,7.73923189e-02,6.98923189e-02,4.659488,-8.58306933e-02,2.68387229e-03
0.743000,7.73064843e-02,6.98064843e-02,4.653766,-8.58346399e-02,2.63805490e-03
0.744000,7.72206136e-02,6.97206136e-02,4.648041,-8.58706163e-02,2.68637875e-03
0.745000,7.71347005e-02,6.96347005e-02,4.642313,-8.59130942e-02,2.70518480e-03
0.746000,7.70487642e-02,6.95487642e-02,4.636584,-8.59363763e-02,2.77963210e-03
0.747000,7.69628238e-02,6.94628238e-02,4.630855,-8.59403170e-02,2.78101343e-03
0.748000,7.68769043e-02,6.93769043e-02,4.625127,-8.59195637e-02,2.73860386e-03
0.749000,7.67909984e-02,6.92909984e-02,4.619400,-8.59058566e-02,2.67718535e-03
0.750000,7.67050815e-02,6.92050815e-02,4.613672,-8.59169385e-02,2.67241957e-03
0.751000,7.66191325e-02,6.91191325e-02,4.607942,-8.59490339e-02,2.71350321e-03
0.752000,7.65331570e-02,6.90331570e-02,4.602210,-8.59754293e-02,2.74387135e-03
0.753000,7.64471741e-02,6.89471741e-02,4.596478,-8.59829620e-02,2.78943014e-03
0.754000,7.63612016e-02,6.88612016e-02,4.590747,-8.59724648e-02,2.74911888e-03
0.755000,7.62752475e-02,6.87752475e-02,4.585017,-8.59541339e-02,2.69013029e-03
0.756000,7.61892880e-02,6.86892880e-02,4.579286,-8.59594734e-02,2.66176198e-03
0.757000,7.61032988e-02,6.86032988e-02,4.573553,-8.59892022e-02,2.68102168e-03
0.758000,7.60172739e-02,6.85172739e-02,4.567818,-8.60248417e-02,2.71076568e-03
0.759000,7.59312251e-02,6.84312251e-02,4.562082,-8.60488962e-02,2.77160369e-03
0.760000,7.58451726e-02,6.83451726e-02,4.556345,-8.60524238e-02,2.78219421e-03
0.761000,7.57591385e-02,6.82591385e-02,4.550609,-8.60340984e-02,2.73578456e-03
0.762000,7.56731180e-02,6.81731180e-02,4.544875,-8.60205020e-02,2.66896181e-03
0.763000,7.55870841e-02,6.80870841e-02,4.539139,-8.60339641e-02,2.67041085e-03
0.764000,7.55010149e-02,6.80010149e-02,4.533401,-8.60691155e-02,2.72726289e-03
0.765000,7.54149212e-02,6.79149212e-02,4.527661,-8.60937373e-02,2.75705658e-03
0.766000,7.53288268e-02,6.78288268e-02,4.521922,-8.60944195e-02,2.78902183e-03
0.767000,7.52427471e-02,6.77427471e-02,4.516183,-8.60796642e-02,2.74290862e-03
0.768000,7.51566846e-02,6.76566846e-02,4.510446,-8.60625657e-02,2.69210642e-03
0.769000,7.50706150e-02,6.75706150e-02,4.504708,-8.60695952e-02,2.66675502e-03
0.770000,7.49845172e-02,6.74845172e-02,4.498968,-8.60977921e-02,2.68566762e-03
0.771000,7.48983862e-02,6.73983862e-02,4.493226,-8.61309702e-02,2.71551240e-03
0.772000,7.48122335e-02,6.73122335e-02,4.487482,-8.61526595e-02,2.77791885e-03
0.773000,7.47260800e-02,6.72260800e-02,4.481739,-8.61535114e-02,2.77163136e-03
0.774000,7.46399451e-02,6.71399451e-02,4.475996,-8.61349800e-02,2.73887991e-03
0.775000,7.45538207e-02,6.70538207e-02,4.470255,-8.61243052e-02,2.66440885e-03
0.776000,7.44676832e-02,6.69676832e-02,4.464512,-8.61375558e-02,2.66744754e-03
0.777000,7.43815085e-02,6.68815085e-02,4.458767,-8.61747265e-02,2.72437611e-03
0.778000,7.42953076e-02,6.67953076e-02,4.453021,-8.62008321e-02,2.75869194e-03
0.779000,7.42091055e-02,6.67091055e-02,4.447274,-8.62021731e-02,2.77854241e-03
0.780000,7.41229167e-02,6.66229167e-02,4.441528,-8.61887339e-02,2.76086133e-03
0.781000,7.40367448e-02,6.65367448e-02,4.435783,-8.61719022e-02,2.67817506e-03
0.782000,7.39505693e-02,6.64505693e-02,4.430038,-8.61754994e-02,2.66096131e-03
0.783000,7.38643600e-02,6.63643600e-02,4.424291,-8.62092961e-02,2.68715290e-03
0.784000,7.37781159e-02,6.62781159e-02,4.418541,-8.62441144e-02,2.74473203e-03
0.785000,7.36918558e-02,6.61918558e-02,4.412790,-8.62601487e-02,2.79261918e-03
0.786000,7.36056070e-02,6.61056070e-02,4.407040,-8.62488048e-02,2.75131062e-03
0.787000,7.35193779e-02,6.60193779e-02,4.401292,-8.62290391e-02,2.72621927e-03
0.788000,7.34331506e-02,6.59331506e-02,4.395543,-8.62272768e-02,2.65761907e-03
0.789000,7.33469048e-02,6.58469048e-02,4.389794,-8.62458861e-02,2.68670754e-03
0.790000,7.32606229e-02,6.57606229e-02,4.384042,-8.62818807e-02,2.72837410e-03
0.791000,7.31743219e-02,6.56743219e-02,4.378288,-8.63009540e-02,2.76368434e-03
0.792000,7.30880218e-02,6.55880218e-02,4.372535,-8.63000992e-02,2.75898355e-03
0.793000,7.30017333e-02,6.55017333e-02,4.366782,-8.62884792e-02,2.77108964e-03
0.794000,7.29154571e-02,6.54154571e-02,4.361030,-8.62762622e-02,2.68976303e-03
0.795000,7.28291826e-02,6.53291826e-02,4.355279,-8.62744511e-02,2.66940264e-03
0.796000,7.27428797e-02,6.52428797e-02,4.349525,-8.63029493e-02,2.68310564e-03
0.797000,7.26565440e-02,6.51565440e-02,4.343770,-8.63357110e-02,2.74184147e-03
0.798000,7.25701904e-02,6.50701904e-02,4.338013,-8.63535857e-02,2.80328359e-03
0.799000,7.24838491e-02,6.49838491e-02,4.332257,-8.63413052e-02,2.75859672e-03
0.800000,7.23975323e-02,6.48975323e-02,4.326502,-8.63167487e-02,2.70268592e-03
0.801000,7.23112156e-02,6.48112156e-02,4.320748,-8.63167551e-02,2.64781966e-03
0.802000,7.22248708e-02,6.47248708e-02,4.314991,-8.63448261e-02,2.69689762e-03
0.803000,7.21384885e-02,6.46384885e-02,4.309233,-8.63822370e-02,2.73412452e-03
0.804000,7.20520916e-02,6.45520916e-02,4.303473,-8.63969468e-02,2.76342969e-03
0.805000,7.19656973e-02,6.44656973e-02,4.297713,-8.63942484e-02,2.77812468e-03
0.806000,7.18793180e-02,6.43793180e-02,4.291955,-8.63793272e-02,2.75869797e-03
0.807000,7.17929550e-02,6.42929550e-02,4.286197,-8.63630153e-02,2.67095648e-03
0.808000,7.17065864e-02,6.42065864e-02,4.280439,-8.63685995e-02,2.66479652e-03
0.809000,7.16201823e-02,6.41201823e-02,4.274679,-8.64040887e-02,2.70435018e-03
0.810000,7.15337477e-02,6.40337477e-02,4.268917,-8.64346062e-02,2.76668021e-03
0.811000,7.14473066e-02,6.39473066e-02,4.263154,-8.64411114e-02,2.80810639e-03
0.812000,7.13608868e-02,6.38608868e-02,4.257392,-8.64198207e-02,2.74017078e-03
0.813000,7.12744898e-02,6.37744898e-02,4.251633,-8.63969387e-02,2.69555081e-03
0.814000,7.11880856e-02,6.36880856e-02,4.245872,-8.64042583e-02,2.68151292e-03
0.815000,7.11016568e-02,6.36016568e-02,4.240110,-8.64287142e-02,2.70102963e-03
0.816000,7.10152025e-02,6.35152025e-02,4.234347,-8.64543290e-02,2.70590340e-03
0.817000,7.09287298e-02,6.34287298e-02,4.228582,-8.64726724e-02,2.75361482e-03
0.818000,7.08422489e-02,6.33422489e-02,4.222817,-8.64809779e-02,2.79005332e-03
0.819000,7.07557817e-02,6.32557817e-02,4.217052,-8.64671706e-02,2.74373159e-03
0.820000,7.06693321e-02,6.31693321e-02,4.211289,-8.64495878e-02,2.67251437e-03
0.821000,7.05828723e-02,6.30828723e-02,4.205525,-8.64598117e-02,2.66273982e-03
0.822000,7.04963771e-02,6.29963771e-02,4.199758,-8.64951529e-02,2.71736473e-03
0.823000,7.04098531e-02,6.29098531e-02,4.193990,-8.65240444e-02,2.77619825e-03
0.824000,7.03233285e-02,6.28233285e-02,4.188222,-8.65245923e-02,2.80652497e-03
0.825000,7.02368280e-02,6.27368280e-02,4.182455,-8.65004554e-02,2.73827392e-03
0.826000,7.01503496e-02,6.26503496e-02,4.176690,-8.64784282e-02,2.68597035e-03
0.827000,7.00638616e-02,6.25638616e-02,4.170924,-8.64880649e-02,2.68193345e-03
0.828000,6.99773460e-02,6.24773460e-02,4.165156,-8.65155928e-02,2.70056883e-03
0.829000,6.98908048e-02,6.23908048e-02,4.159387,-8.65411510e-02,2.72684035e-03
0.830000,6.98042489e-02,6.23042489e-02,4.153617,-8.65559433e-02,2.79188726e-03
0.831000,6.97176983e-02,6.22176983e-02,4.147847,-8.65506048e-02,2.76578694e-03
0.832000,6.96311697e-02,6.21311697e-02,4.142078,-8.65285194e-02,2.72172292e-03
0.833000,6.95446469e-02,6.20446469e-02,4.136310,-8.65227980e-02,2.64934738e-03
0.834000,6.94581026e-02,6.19581026e-02,4.130540,-8.65443467e-02,2.67889661e-03
0.835000,6.93715182e-02,6.18715182e-02,4.124768,-8.65844392e-02,2.72289522e-03
0.836000,6.92849111e-02,6.17849111e-02,4.118994,-8.66070466e-02,2.79572750e-03
0.837000,6.91983088e-02,6.16983088e-02,4.113221,-8.66023246e-02,2.77734650e-03
0.838000,6.91117319e-02,6.16117319e-02,4.107449,-8.65769339e-02,2.76100950e-03
0.839000,6.90251714e-02,6.15251714e-02,4.101678,-8.65604688e-02,2.69026632e-03
0.840000,6.89386095e-02,6.14386095e-02,4.095907,-8.65618791e-02,2.67521020e-03
0.841000,6.88520203e-02,6.13520203e-02,4.090135,-8.65891851e-02,2.70420703e-03
0.842000,6.87654040e-02,6.12654040e-02,4.084360,-8.66163080e-02,2.74218744e-03
0.843000,6.86787768e-02,6.11787768e-02,4.078585,-8.66271914e-02,2.79251704e-03
0.844000,6.85921601e-02,6.10921601e-02,4.072811,-8.66167013e-02,2.76414348e-03
0.845000,6.85055654e-02,6.10055654e-02,4.067038,-8.65946998e-02,2.70802191e-03
0.846000,6.84189735e-02,6.09189735e-02,4.061265,-8.65919410e-02,2.64561532e-03
0.847000,6.83323548e-02,6.08323548e-02,4.055490,-8.66186493e-02,2.68847080e-03
0.848000,6.82456966e-02,6.07456966e-02,4.049713,-8.66582743e-02,2.71287076e-03
0.849000,6.81590170e-02,6.06590170e-02,4.043934,-8.66795101e-02,2.78835439e-03
0.850000,6.80723377e-02,6.05723377e-02,4.038156,-8.66793842e-02,2.78990675e-03
0.851000,6.79856835e-02,6.04856835e-02,4.032379,-8.66541938e-02,2.74443229e-03
0.852000,6.78990469e-02,6.03990469e-02,4.026603,-8.66365352e-02,2.67767144e-03
0.853000,6.78124013e-02,6.03124013e-02,4.020827,-8.66456170e-02,2.68061145e-03
0.854000,6.77257252e-02,6.02257252e-02,4.015048,-8.66761042e-02,2.73083336e-03
0.855000,6.76390285e-02,6.01390285e-02,4.009269,-8.66967446e-02,2.76458286e-03
0.856000,6.75523335e-02,6.00523335e-02,4.003489,-8.66949232e-02,2.79611375e-03
0.857000,6.74656571e-02,5.99656571e-02,3.997710,-8.66764421e-02,2.74863932e-03
0.858000,6.73790011e-02,5.98790011e-02,3.991933,-8.66560010e-02,2.69771559e-03
0.859000,6.72923409e-02,5.97923409e-02,3.986156,-8.66601566e-02,2.67292450e-03
0.860000,6.72056555e-02,5.97056555e-02,3.980377,-8.66854203e-02,2.69185064e-03
0.861000,6.71189400e-02,5.96189400e-02,3.974596,-8.67154789e-02,2.71939229e-03
0.862000,6.70322056e-02,5.95322056e-02,3.968814,-8.67344515e-02,2.79169308e-03
0.863000,6.69454740e-02,5.94454740e-02,3.963032,-8.67315934e-02,2.77258403e-03
0.864000,6.68587656e-02,5.93587656e-02,3.957251,-8.67083698e-02,2.73472978e-03
0.865000,6.67720675e-02,5.92720675e-02,3.951471,-8.66981160e-02,2.66789784e-03
0.866000,6.66853554e-02,5.91853554e-02,3.945690,-8.67121127e-02,2.68639196e-03
0.867000,6.65986106e-02,5.90986106e-02,3.939907,-8.67447874e-02,2.72715113e-03
0.868000,6.65118464e-02,5.90118464e-02,3.934123,-8.67641806e-02,2.75972987e-03
0.869000,6.64250820e-02,5.89250820e-02,3.928339,-8.67644267e-02,2.77342669e-03
0.870000,6.63383305e-02,5.88383305e-02,3.922555,-8.67515513e-02,2.78396849e-03
0.871000,6.62515981e-02,5.87515981e-02,3.916773,-8.67323135e-02,2.69017042e-03
0.872000,6.61648719e-02,5.86648719e-02,3.910991,-8.67262007e-02,2.67114534e-03
0.873000,6.60781177e-02,5.85781177e-02,3.905208,-8.67542570e-02,2.68260798e-03
0.874000,6.59913311e-02,5.84913311e-02,3.899422,-8.67865344e-02,2.74162256e-03
0.875000,6.59045265e-02,5.84045265e-02,3.893635,-8.68046112e-02,2.81283745e-03
0.876000,6.58177358e-02,5.83177358e-02,3.887849,-8.67907132e-02,2.76604709e-03
0.877000,6.57309741e-02,5.82309741e-02,3.882065,-8.67617014e-02,2.70624427e-03
0.878000,6.56442155e-02,5.81442155e-02,3.876281,-8.67586319e-02,2.64666208e-03
0.879000,6.55574298e-02,5.80574298e-02,3.870495,-8.67857388e-02,2.70239784e-03
0.880000,6.54706072e-02,5.79706072e-02,3.864707,-8.68225573e-02,2.72786725e-03
0.881000,6.53837706e-02,5.78837706e-02,3.858918,-8.68365673e-02,2.76886617e-03
0.882000,6.52969357e-02,5.77969357e-02,3.853129,-8.68349625e-02,2.78616022e-03
0.883000,6.52101188e-02,5.77101188e-02,3.847341,-8.68168348e-02,2.75110697e-03
0.884000,6.51233196e-02,5.76233196e-02,3.841555,-8.67992263e-02,2.68040462e-03
0.885000,6.50365140e-02,5.75365140e-02,3.835768,-8.68056328e-02,2.67173863e-03
0.886000,6.49496772e-02,5.74496772e-02,3.829978,-8.68367914e-02,2.70782953e-03
0.887000,6.48628128e-02,5.73628128e-02,3.824188,-8.68644137e-02,2.77813869e-03
0.888000,6.47759450e-02,5.72759450e-02,3.818396,-8.68677499e-02,2.80815305e-03
0.889000,6.46891023e-02,5.71891023e-02,3.812607,-8.68426879e-02,2.74207344e-03
0.890000,6.46022829e-02,5.71022829e-02,3.806819,-8.68194540e-02,2.70167519e-03
0.891000,6.45154578e-02,5.70154578e-02,3.801031,-8.68250657e-02,2.69004837e-03
0.892000,6.44286118e-02,5.69286118e-02,3.795241,-8.68460009e-02,2.70226568e-03
0.893000,6.43417432e-02,5.68417432e-02,3.789450,-8.68685940e-02,2.71307557e-03
0.894000,6.42548579e-02,5.67548579e-02,3.783657,-8.68852631e-02,2.77977989e-03
0.895000,6.41679714e-02,5.66679714e-02,3.777865,-8.68865862e-02,2.77810010e-03
0.896000,6.40811051e-02,5.65811051e-02,3.772074,-8.68662997e-02,2.73251964e-03
0.897000,6.39942504e-02,5.64942504e-02,3.766283,-8.68546252e-02,2.66140780e-03
0.898000,6.39073799e-02,5.64073799e-02,3.760492,-8.68704953e-02,2.67816430e-03
0.899000,6.38204732e-02,5.63204732e-02,3.754698,-8.69067565e-02,2.71945723e-03
0.900000,6.37335430e-02,5.62335430e-02,3.748903,-8.69302124e-02,2.79675507e-03
0.901000,6.36466165e-02,5.61466165e-02,3.743108,-8.69264377e-02,2.78604623e-03
0.902000,6.35597174e-02,5.60597174e-02,3.737314,-8.68991711e-02,2.76706923e-03
0.903000,6.34728386e-02,5.59728386e-02,3.731523,-8.68787773e-02,2.68998394e-03
0.904000,6.33859603e-02,5.58859603e-02,3.725731,-8.68782475e-02,2.67996040e-03
0.905000,6.32990555e-02,5.57990555e-02,3.719937,-8.69048062e-02,2.70608158e-03
0.906000,6.32121255e-02,5.57121255e-02,3.714142,-8.69300375e-02,2.73857866e-03
0.907000,6.31251846e-02,5.56251846e-02,3.708346,-8.69409435e-02,2.78976725e-03
0.908000,6.30382524e-02,5.55382524e-02,3.702550,-8.69321248e-02,2.76736587e-03
0.909000,6.29513420e-02,5.54513420e-02,3.696756,-8.69104565e-02,2.71211801e-03
0.910000,6.28644361e-02,5.53644361e-02,3.690962,-8.69059151e-02,2.65565139e-03
0.911000,6.27775066e-02,5.52775066e-02,3.685167,-8.69295034e-02,2.68141816e-03
0.912000,6.26905395e-02,5.51905395e-02,3.679369,-8.69670796e-02,2.71274131e-03
0.913000,6.26035488e-02,5.51035488e-02,3.673570,-8.69906545e-02,2.79242953e-03
0.914000,6.25165590e-02,5.50165590e-02,3.667771,-8.69898504e-02,2.79625700e-03
0.915000,6.24295968e-02,5.49295968e-02,3.661973,-8.69621987e-02,2.74634172e-03
0.916000,6.23426547e-02,5.48426547e-02,3.656177,-8.69421169e-02,2.67648040e-03
0.917000,6.22557039e-02,5.47557039e-02,3.650380,-8.69507823e-02,2.68102287e-03
0.918000,6.21687223e-02,5.46687223e-02,3.644581,-8.69815879e-02,2.73853076e-03
0.919000,6.20817216e-02,5.45817216e-02,3.638781,-8.70007320e-02,2.76563596e-03
0.920000,6.19947254e-02,5.44947254e-02,3.632982,-8.69961964e-02,2.79170819e-03
0.921000,6.19077472e-02,5.44077472e-02,3.627183,-8.69781485e-02,2.75632699e-03
0.922000,6.18207894e-02,5.43207894e-02,3.621386,-8.69577948e-02,2.68449896e-03
0.923000,6.17338276e-02,5.42338276e-02,3.615589,-8.69617629e-02,2.67565210e-03
0.924000,6.16468368e-02,5.41468368e-02,3.609789,-8.69908848e-02,2.69967209e-03
0.925000,6.15598181e-02,5.40598181e-02,3.603988,-8.70186645e-02,2.74099228e-03
0.926000,6.14727869e-02,5.39727869e-02,3.598186,-8.70312487e-02,2.78327875e-03
0.927000,6.13857641e-02,5.38857641e-02,3.592384,-8.70227847e-02,2.76536549e-03
0.928000,6.12987605e-02,5.37987605e-02,3.586584,-8.70036011e-02,2.74286270e-03
0.929000,6.12117662e-02,5.37117662e-02,3.580784,-8.69942798e-02,2.66680881e-03
0.930000,6.11247604e-02,5.36247604e-02,3.574984,-8.70057980e-02,2.68955852e-03
0.931000,6.10377221e-02,5.35377221e-02,3.569181,-8.70382704e-02,2.73113076e-03
0.932000,6.09506662e-02,5.34506662e-02,3.563378,-8.70559199e-02,2.77106619e-03
0.933000,6.08636133e-02,5.33636133e-02,3.557574,-8.70528544e-02,2.76576340e-03
0.934000,6.07765757e-02,5.32765757e-02,3.551772,-8.70376111e-02,2.77757561e-03
0.935000,6.06895537e-02,5.31895537e-02,3.545970,-8.70220205e-02,2.68995447e-03
0.936000,6.06025357e-02,5.31025357e-02,3.540169,-8.70180455e-02,2.67307079e-03
0.937000,6.05154898e-02,5.30154898e-02,3.534366,-8.70458322e-02,2.69483531e-03
0.938000,6.04284145e-02,5.29284145e-02,3.528561,-8.70753150e-02,2.76477393e-03
0.939000,6.03413292e-02,5.28413292e-02,3.522755,-8.70852821e-02,2.82613125e-03
0.940000,6.02542678e-02,5.27542678e-02,3.516951,-8.70614299e-02,2.75656270e-03
0.941000,6.01672381e-02,5.26672381e-02,3.511149,-8.70297295e-02,2.70147436e-03
0.942000,6.00802075e-02,5.25802075e-02,3.505347,-8.70306183e-02,2.67972637e-03
0.943000,5.99931540e-02,5.24931540e-02,3.499544,-8.70534447e-02,2.70001094e-03
0.944000,5.99060742e-02,5.24060742e-02,3.493738,-8.70798264e-02,2.71373501e-03
0.945000,5.98189771e-02,5.23189771e-02,3.487932,-8.70971194e-02,2.76423579e-03
0.946000,5.97318761e-02,5.22318761e-02,3.482125,-8.71009748e-02,2.79701958e-03
0.947000,5.96447936e-02,5.21447936e-02,3.476320,-8.70824474e-02,2.74574691e-03
0.948000,5.95577314e-02,5.20577314e-02,3.470515,-8.70622204e-02,2.67503578e-03
0.949000,5.94706601e-02,5.19706601e-02,3.464711,-8.70713366e-02,2.66607056e-03
0.950000,5.93835548e-02,5.18835548e-02,3.458904,-8.71052607e-02,2.72043171e-03
0.951000,5.92964223e-02,5.17964223e-02,3.453095,-8.71325160e-02,2.78307287e-03
0.952000,5.92092915e-02,5.17092915e-02,3.447286,-8.71308409e-02,2.80971095e-03
0.953000,5.91221876e-02,5.16221876e-02,3.441479,-8.71038829e-02,2.74950454e-03
0.954000,5.90351088e-02,5.15351088e-02,3.435674,-8.70788233e-02,2.68974277e-03
0.955000,5.89480247e-02,5.14480247e-02,3.429868,-8.70841047e-02,2.68963933e-03
0.956000,5.88609156e-02,5.13609156e-02,3.424061,-8.71090310e-02,2.71134518e-03
0.957000,5.87737855e-02,5.12737855e-02,3.418252,-8.71301528e-02,2.73613809e-03
0.958000,5.86866457e-02,5.11866457e-02,3.412443,-8.71397617e-02,2.79425429e-03
0.959000,5.85995148e-02,5.10995148e-02,3.406634,-8.71309511e-02,2.76759783e-03
0.960000,5.85124070e-02,5.10124070e-02,3.400827,-8.71077681e-02,2.71616938e-03
0.961000,5.84253046e-02,5.09253046e-02,3.395020,-8.71024341e-02,2.65228140e-03
0.962000,5.83381793e-02,5.08381793e-02,3.389212,-8.71252878e-02,2.69623908e-03
0.963000,5.82510179e-02,5.07510179e-02,3.383401,-8.71613499e-02,2.72712771e-03
0.964000,5.81638404e-02,5.06638404e-02,3.377589,-8.71775133e-02,2.79345850e-03
0.965000,5.80766686e-02,5.05766686e-02,3.371778,-8.71718026e-02,2.79515085e-03
0.966000,5.79895246e-02,5.04895246e-02,3.365968,-8.71440085e-02,2.75715454e-03
0.967000,5.79024022e-02,5.04024022e-02,3.360160,-8.71223779e-02,2.68442275e-03
0.968000,5.78152761e-02,5.03152761e-02,3.354352,-8.71260876e-02,2.67730411e-03
0.969000,5.77281212e-02,5.02281212e-02,3.348541,-8.71549424e-02,2.72410264e-03
0.970000,5.76409433e-02,5.01409433e-02,3.342730,-8.71778593e-02,2.77142661e-03
0.971000,5.75537663e-02,5.00537663e-02,3.336918,-8.71770381e-02,2.79831917e-03
0.972000,5.74666104e-02,4.99666104e-02,3.331107,-8.71559194e-02,2.75724157e-03
0.973000,5.73794771e-02,4.98794771e-02,3.325298,-8.71332329e-02,2.70353476e-03
0.974000,5.72923436e-02,4.97923436e-02,3.319490,-8.71335343e-02,2.67559106e-03
0.975000,5.72051872e-02,4.97051872e-02,3.313679,-8.71564154e-02,2.69435732e-03
0.976000,5.71180020e-02,4.96180020e-02,3.307867,-8.71851550e-02,2.72330564e-03
0.977000,5.70307994e-02,4.95307994e-02,3.302053,-8.72026123e-02,2.79554668e-03
0.978000,5.69436016e-02,4.94436016e-02,3.296240,-8.71977875e-02,2.77680015e-03
0.979000,5.68564291e-02,4.93564291e-02,3.290429,-8.71725527e-02,2.75011130e-03
0.980000,5.67692709e-02,4.92692709e-02,3.284618,-8.71581943e-02,2.66602806e-03
0.981000,5.66821034e-02,4.91821034e-02,3.278807,-8.71674700e-02,2.68819003e-03
0.982000,5.65949030e-02,4.90949030e-02,3.272994,-8.72004409e-02,2.73023436e-03
0.983000,5.65076843e-02,4.90076843e-02,3.267179,-8.72186983e-02,2.77268230e-03
0.984000,5.64204686e-02,4.89204686e-02,3.261365,-8.72156413e-02,2.76999075e-03
0.985000,5.63332695e-02,4.88332695e-02,3.255551,-8.71991198e-02,2.78016241e-03
0.986000,5.62460878e-02,4.87460878e-02,3.249739,-8.71816834e-02,2.69157400e-03
0.987000,5.61589113e-02,4.86589113e-02,3.243927,-8.71765724e-02,2.67339356e-03
0.988000,5.60717075e-02,4.85717075e-02,3.238114,-8.72037702e-02,2.69595739e-03
0.989000,5.59844745e-02,4.84844745e-02,3.232298,-8.72329485e-02,2.76127536e-03
0.990000,5.58972314e-02,4.83972314e-02,3.226482,-8.72431658e-02,2.83037881e-03
0.991000,5.58100117e-02,4.83100117e-02,3.220667,-8.72197115e-02,2.76077382e-03
0.992000,5.57228258e-02,4.82228258e-02,3.214855,-8.71858715e-02,2.70383654e-03
0.993000,5.56356408e-02,4.81356408e-02,3.209043,-8.71849595e-02,2.68092093e-03
0.994000,5.55484340e-02,4.80484340e-02,3.203229,-8.72067989e-02,2.70266567e-03
0.995000,5.54612017e-02,4.79612017e-02,3.197413,-8.72323189e-02,2.71187317e-03
0.996000,5.53739526e-02,4.78739526e-02,3.191597,-8.72490693e-02,2.76561343e-03
0.997000,5.52866994e-02,4.77866994e-02,3.185780,-8.72532924e-02,2.79818688e-03
0.998000,5.51994653e-02,4.76994653e-02,3.179964,-8.72341062e-02,2.74722628e-03
0.999000,5.51122520e-02,4.76122520e-02,3.174150,-8.72132343e-02,2.67699542e-03
1.000000,5.50250305e-02,4.75250305e-02,3.168335,-8.72215180e-02,2.66674589e-03
1.001000,5.49377758e-02,4.74377758e-02,3.162518,-8.72546792e-02,2.72240117e-03
1.002000,5.48504945e-02,4.73504945e-02,3.156700,-8.72813644e-02,2.78470688e-03
1.003000,5.47632157e-02,4.72632157e-02,3.150881,-8.72787536e-02,2.80506781e-03
1.004000,5.46759636e-02,4.71759636e-02,3.145064,-8.72520800e-02,2.75181415e-03
1.005000,5.45887355e-02,4.70887355e-02,3.139249,-8.72281369e-02,2.69410960e-03
1.006000,5.45015036e-02,4.70015036e-02,3.133434,-8.72318875e-02,2.69822039e-03
1.007000,5.44142497e-02,4.69142497e-02,3.127617,-8.72538622e-02,2.71106109e-03
1.008000,5.43269775e-02,4.68269775e-02,3.121799,-8.72722161e-02,2.73775342e-03
1.009000,5.42396959e-02,4.67396959e-02,3.115980,-8.72816327e-02,2.79841158e-03
1.010000,5.41524243e-02,4.66524243e-02,3.110162,-8.72715564e-02,2.77451415e-03
1.011000,5.40651785e-02,4.65651785e-02,3.104345,-8.72457850e-02,2.71193660e-03
1.012000,5.39779396e-02,4.64779396e-02,3.098529,-8.72389281e-02,2.65006828e-03
1.013000,5.38906761e-02,4.63906761e-02,3.092712,-8.72635633e-02,2.69543097e-03
1.014000,5.38033756e-02,4.63033756e-02,3.086892,-8.73004951e-02,2.72539958e-03
1.015000,5.37160583e-02,4.62160583e-02,3.081071,-8.73172295e-02,2.79579329e-03
1.016000,5.36287467e-02,4.61287467e-02,3.075250,-8.73116734e-02,2.79321790e-03
1.017000,5.35414632e-02,4.60414632e-02,3.069431,-8.72834544e-02,2.74778325e-03
1.018000,5.34541991e-02,4.59541991e-02,3.063613,-8.72641158e-02,2.68289817e-03
1.019000,5.33669279e-02,4.58669279e-02,3.057795,-8.72711728e-02,2.68616050e-03
1.020000,5.32796290e-02,4.57796290e-02,3.051975,-8.72989622e-02,2.73797413e-03
1.021000,5.31923124e-02,4.56923124e-02,3.046154,-8.73165174e-02,2.76938012e-03
1.022000,5.31050009e-02,4.56050009e-02,3.040333,-8.73115026e-02,2.79246406e-03
1.023000,5.30177088e-02,4.55177088e-02,3.034514,-8.72920913e-02,2.76082783e-03
1.024000,5.29304381e-02,4.54304381e-02,3.028696,-8.72706935e-02,2.68934819e-03
1.025000,5.28431658e-02,4.53431658e-02,3.022878,-8.72723259e-02,2.67904883e-03
1.026000,5.27558666e-02,4.52558666e-02,3.017058,-8.72992546e-02,2.69979452e-03
1.027000,5.26685407e-02,4.51685407e-02,3.011236,-8.73258971e-02,2.74360827e-03
1.028000,5.25812027e-02,4.50812027e-02,3.005414,-8.73379784e-02,2.80321710e-03
1.029000,5.24938776e-02,4.49938776e-02,2.999592,-8.73251295e-02,2.76375582e-03
1.030000,5.24065779e-02,4.49065779e-02,2.993772,-8.72996825e-02,2.73099896e-03
1.031000,5.23192849e-02,4.48192849e-02,2.987952,-8.72929878e-02,2.66552941e-03
1.032000,5.22319763e-02,4.47319763e-02,2.982132,-8.73086285e-02,2.69574866e-03
1.033000,5.21446358e-02,4.46446358e-02,2.976309,-8.73404264e-02,2.74370755e-03
1.034000,5.20572820e-02,4.45572820e-02,2.970485,-8.73538189e-02,2.77350255e-03
1.035000,5.19699358e-02,4.44699358e-02,2.964662,-8.73461921e-02,2.77064887e-03
1.036000,5.18826065e-02,4.43826065e-02,2.958840,-8.73292848e-02,2.77702321e-03
1.037000,5.17952944e-02,4.42952944e-02,2.953020,-8.73121874e-02,2.69126451e-03
1.038000,5.17079862e-02,4.42079862e-02,2.947199,-8.73081621e-02,2.67266489e-03
1.039000,5.16206506e-02,4.41206506e-02,2.941377,-8.73355904e-02,2.70527338e-03
1.040000,5.15332872e-02,4.40332872e-02,2.935552,-8.73633606e-02,2.77479370e-03
1.041000,5.14459191e-02,4.39459191e-02,2.929728,-8.73681278e-02,2.81848887e-03
1.042000,5.13585768e-02,4.38585768e-02,2.923905,-8.73423365e-02,2.75312368e-03
1.043000,5.12712630e-02,4.37712630e-02,2.918084,-8.73137541e-02,2.70393445e-03
1.044000,5.11839477e-02,4.36839477e-02,2.912263,-8.73153372e-02,2.68933176e-03
1.045000,5.10966120e-02,4.35966120e-02,2.906441,-8.73356571e-02,2.70749785e-03
1.046000,5.10092545e-02,4.35092545e-02,2.900617,-8.73575603e-02,2.72016699e-03
1.047000,5.09218832e-02,4.34218832e-02,2.894792,-8.73712571e-02,2.78672963e-03
1.048000,5.08345142e-02,4.33345142e-02,2.888968,-8.73690223e-02,2.78300610e-03
1.049000,5.07471686e-02,4.32471686e-02,2.883145,-8.73455857e-02,2.73964380e-03
1.050000,5.06598376e-02,4.31598376e-02,2.877323,-8.73310402e-02,2.66292533e-03
1.051000,5.05724933e-02,4.30724933e-02,2.871500,-8.73443023e-02,2.68187573e-03
1.052000,5.04851138e-02,4.29851138e-02,2.865674,-8.73794088e-02,2.72518474e-03
1.053000,5.03977132e-02,4.28977132e-02,2.859848,-8.74006329e-02,2.80077579e-03
1.054000,5.03103189e-02,4.28103189e-02,2.854021,-8.73942663e-02,2.78875936e-03
1.055000,5.02229538e-02,4.27229538e-02,2.848197,-8.73651994e-02,2.76805914e-03
1.056000,5.01356100e-02,4.26356100e-02,2.842374,-8.73437395e-02,2.68992246e-03
1.057000,5.00482671e-02,4.25482671e-02,2.836551,-8.73428954e-02,2.68250722e-03
1.058000,4.99608981e-02,4.24608981e-02,2.830727,-8.73690239e-02,2.72189407e-03
1.059000,4.98735075e-02,4.23735075e-02,2.824901,-8.73906226e-02,2.75366518e-03
1.060000,4.97861138e-02,4.22861138e-02,2.819074,-8.73936676e-02,2.81149253e-03
1.061000,4.96987377e-02,4.21987377e-02,2.813249,-8.73760525e-02,2.76811982e-03
1.062000,4.96113906e-02,4.21113906e-02,2.807426,-8.73471159e-02,2.70222731e-03
1.063000,4.95240466e-02,4.20240466e-02,2.801603,-8.73440760e-02,2.66550735e-03
1.064000,4.94366774e-02,4.19366774e-02,2.795778,-8.73691696e-02,2.69429770e-03
1.065000,4.93492762e-02,4.18492762e-02,2.789952,-8.74012314e-02,2.72608480e-03
1.066000,4.92618579e-02,4.17618579e-02,2.784124,-8.74182168e-02,2.78941602e-03
1.067000,4.91744444e-02,4.16744444e-02,2.778296,-8.74135634e-02,2.78936946e-03
1.068000,4.90870563e-02,4.15870563e-02,2.772470,-8.73881194e-02,2.74102682e-03
1.069000,4.89996850e-02,4.14996850e-02,2.766646,-8.73712394e-02,2.68352240e-03
1.070000,4.89123046e-02,4.14123046e-02,2.760820,-8.73804050e-02,2.68254748e-03
1.071000,4.88248960e-02,4.13248960e-02,2.754993,-8.74086282e-02,2.73597362e-03
1.072000,4.87374683e-02,4.12374683e-02,2.749165,-8.74277239e-02,2.76693606e-03
1.073000,4.86500445e-02,4.11500445e-02,2.743336,-8.74237982e-02,2.78421315e-03
1.074000,4.85626378e-02,4.10626378e-02,2.737509,-8.74066487e-02,2.78456964e-03
1.075000,4.84752541e-02,4.09752541e-02,2.731684,-8.73837622e-02,2.69368732e-03
1.076000,4.83878772e-02,4.08878772e-02,2.725858,-8.73768300e-02,2.68343801e-03
1.077000,4.83004757e-02,4.08004757e-02,2.720032,-8.74015575e-02,2.69276102e-03
1.078000,4.82130477e-02,4.07130477e-02,2.714203,-8.74280023e-02,2.74755632e-03
1.079000,4.81256060e-02,4.06256060e-02,2.708374,-8.74416954e-02,2.81540436e-03
1.080000,4.80381806e-02,4.05381806e-02,2.702545,-8.74253947e-02,2.76973300e-03
1.081000,4.79507857e-02,4.04507857e-02,2.696719,-8.73948882e-02,2.72209768e-03
1.082000,4.78633979e-02,4.03633979e-02,2.690893,-8.73878046e-02,2.67336412e-03
1.083000,4.77759929e-02,4.02759929e-02,2.685066,-8.74049831e-02,2.70058255e-03
1.084000,4.76885595e-02,4.01885595e-02,2.679237,-8.74333532e-02,2.71817398e-03
1.085000,4.76011099e-02,4.01011099e-02,2.673407,-8.74496735e-02,2.77028369e-03
1.086000,4.75136589e-02,4.00136589e-02,2.667577,-8.74510015e-02,2.81196840e-03
1.087000,4.74262310e-02,3.99262310e-02,2.661749,-8.74278444e-02,2.75344397e-03
1.088000,4.73388297e-02,3.98388297e-02,2.655922,-8.74013468e-02,2.67120121e-03
1.089000,4.72514211e-02,3.97514211e-02,2.650095,-8.74086133e-02,2.66997118e-03
1.090000,4.71639780e-02,3.96639780e-02,2.644265,-8.74431070e-02,2.73420788e-03
1.091000,4.70765113e-02,3.95765113e-02,2.638434,-8.74666451e-02,2.78626721e-03
1.092000,4.69890514e-02,3.94890514e-02,2.632603,-8.74598808e-02,2.81033626e-03
1.093000,4.69016197e-02,3.94016197e-02,2.626775,-8.74317631e-02,2.75037427e-03
1.094000,4.68142133e-02,3.93142133e-02,2.620948,-8.74063444e-02,2.69272289e-03
1.095000,4.67268025e-02,3.92268025e-02,2.615120,-8.74108131e-02,2.68992690e-03
1.096000,4.66393678e-02,3.91393678e-02,2.609291,-8.74347098e-02,2.71621786e-03
1.097000,4.65519129e-02,3.90519129e-02,2.603461,-8.74548755e-02,2.74068819e-03
1.098000,4.64644508e-02,3.89644508e-02,2.597630,-8.74620796e-02,2.79744638e-03
1.099000,4.63769996e-02,3.88769996e-02,2.591800,-8.74512101e-02,2.77319614e-03
1.100000,4.62895736e-02,3.87895736e-02,2.585972,-8.74259889e-02,2.72200704e-03
1.101000,4.62021559e-02,3.87021559e-02,2.580144,-8.74177839e-02,2.65210109e-03
1.102000,4.61147171e-02,3.86147171e-02,2.574314,-8.74387524e-02,2.69572168e-03
1.103000,4.60272421e-02,3.85272421e-02,2.568483,-8.74749651e-02,2.73147154e-03
1.104000,4.59397516e-02,3.84397516e-02,2.562650,-8.74905303e-02,2.79789187e-03
1.105000,4.58522690e-02,3.83522690e-02,2.556818,-8.74826090e-02,2.79492722e-03
1.106000,4.57648156e-02,3.82648156e-02,2.550988,-8.74533985e-02,2.75521960e-03
1.107000,4.56773834e-02,3.81773834e-02,2.545159,-8.74321835e-02,2.68526438e-03
1.108000,4.55899470e-02,3.80899470e-02,2.539330,-8.74363799e-02,2.68535170e-03
1.109000,4.55024835e-02,3.80024835e-02,2.533499,-8.74635352e-02,2.73936613e-03
1.110000,4.54150024e-02,3.79150024e-02,2.527667,-8.74811099e-02,2.76999900e-03
1.111000,4.53275269e-02,3.78275269e-02,2.521835,-8.74755284e-02,2.79871097e-03
1.112000,4.52400721e-02,3.77400721e-02,2.516005,-8.74548093e-02,2.76341712e-03
1.113000,4.51526412e-02,3.76526412e-02,2.510176,-8.74309020e-02,2.68996134e-03
1.114000,4.50652096e-02,3.75652096e-02,2.504347,-8.74315756e-02,2.68052704e-03
1.115000,4.49777515e-02,3.74777515e-02,2.498517,-8.74580415e-02,2.70151881e-03
1.116000,4.48902676e-02,3.73902676e-02,2.492685,-8.74838936e-02,2.74600766e-03
1.117000,4.48027727e-02,3.73027727e-02,2.486852,-8.74949843e-02,2.80441371e-03
1.118000,4.47152915e-02,3.72152915e-02,2.481019,-8.74811358e-02,2.76698997e-03
1.119000,4.46278368e-02,3.71278368e-02,2.475189,-8.74547238e-02,2.73602516e-03
1.120000,4.45403907e-02,3.70403907e-02,2.469359,-8.74460782e-02,2.66725054e-03
1.121000,4.44529310e-02,3.69529310e-02,2.463529,-8.74597638e-02,2.70624901e-03
1.122000,4.43654418e-02,3.68654418e-02,2.457696,-8.74891397e-02,2.74257858e-03
1.123000,4.42779425e-02,3.67779425e-02,2.451863,-8.74992833e-02,2.77150687e-03
1.124000,4.41904502e-02,3.66904502e-02,2.446030,-8.74923802e-02,2.77114450e-03
1.125000,4.41029741e-02,3.66029741e-02,2.440198,-8.74760407e-02,2.78004182e-03
1.126000,4.40155159e-02,3.65155159e-02,2.434368,-8.74582467e-02,2.69101672e-03
1.127000,4.39280626e-02,3.64280626e-02,2.428538,-8.74532739e-02,2.67687823e-03
1.128000,4.38405826e-02,3.63405826e-02,2.422706,-8.74800384e-02,2.71006728e-03
1.129000,4.37530770e-02,3.62530770e-02,2.416872,-8.75055772e-02,2.77684345e-03
1.130000,4.36655686e-02,3.61655686e-02,2.411038,-8.75084075e-02,2.82044702e-03
1.131000,4.35780870e-02,3.60780870e-02,2.405206,-8.74815967e-02,2.75513528e-03
1.132000,4.34906350e-02,3.59906350e-02,2.399376,-8.74520156e-02,2.71093217e-03
1.133000,4.34031833e-02,3.59031833e-02,2.393546,-8.74517006e-02,2.69591649e-03
1.134000,4.33157147e-02,3.58157147e-02,2.387714,-8.74685579e-02,2.70905334e-03
1.135000,4.32282267e-02,3.57282267e-02,2.381882,-8.74880235e-02,2.72300576e-03
1.136000,4.31407260e-02,3.56407260e-02,2.376048,-8.75007074e-02,2.78282685e-03
1.137000,4.30532277e-02,3.55532277e-02,2.370215,-8.74982305e-02,2.78388505e-03
1.138000,4.29657518e-02,3.54657518e-02,2.364383,-8.74759202e-02,2.74673717e-03
1.139000,4.28782920e-02,3.53782920e-02,2.358553,-8.74598317e-02,2.66248398e-03
1.140000,4.27908211e-02,3.52908211e-02,2.352721,-8.74708423e-02,2.68200592e-03
1.141000,4.27033151e-02,3.52033151e-02,2.346888,-8.75060706e-02,2.72862125e-03
1.142000,4.26157884e-02,3.51157884e-02,2.341053,-8.75266443e-02,2.80560758e-03
1.143000,4.25282701e-02,3.50282701e-02,2.335218,-8.75182946e-02,2.79181165e-03
1.144000,4.24407830e-02,3.49407830e-02,2.329386,-8.74871011e-02,2.77101008e-03
1.145000,4.23533189e-02,3.48533189e-02,2.323555,-8.74641170e-02,2.68845735e-03
1.146000,4.22658564e-02,3.47658564e-02,2.317724,-8.74625629e-02,2.69016762e-03
1.147000,4.21783685e-02,3.46783685e-02,2.311891,-8.74878179e-02,2.73057899e-03
1.148000,4.20908632e-02,3.45908632e-02,2.306058,-8.75053649e-02,2.75741316e-03
1.149000,4.20033583e-02,3.45033583e-02,2.300224,-8.75048949e-02,2.80793219e-03
1.150000,4.19158716e-02,3.44158716e-02,2.294391,-8.74866785e-02,2.76612672e-03
1.151000,4.18284123e-02,3.43284123e-02,2.288561,-8.74592636e-02,2.70680302e-03
1.152000,4.17409563e-02,3.42409563e-02,2.282730,-8.74560691e-02,2.67789671e-03
1.153000,4.16534788e-02,3.41534788e-02,2.276899,-8.74774691e-02,2.69394065e-03
1.154000,4.15659733e-02,3.40659733e-02,2.271065,-8.75055252e-02,2.73049133e-03
1.155000,4.14784514e-02,3.39784514e-02,2.265230,-8.75218486e-02,2.80060356e-03
1.156000,4.13909377e-02,3.38909377e-02,2.259396,-8.75137696e-02,2.79030994e-03
1.157000,4.13034532e-02,3.38034532e-02,2.253564,-8.74844851e-02,2.74690725e-03
1.158000,4.12159869e-02,3.37159869e-02,2.247732,-8.74662564e-02,2.67464386e-03
1.159000,4.11285119e-02,3.36285119e-02,2.241901,-8.74750608e-02,2.69360177e-03
1.160000,4.10410076e-02,3.35410076e-02,2.236067,-8.75042451e-02,2.73672631e-03
1.161000,4.09534880e-02,3.34534880e-02,2.230233,-8.75195772e-02,2.77695375e-03
1.162000,4.08659744e-02,3.33659744e-02,2.224398,-8.75136328e-02,2.77830032e-03
1.163000,4.07784802e-02,3.32784802e-02,2.218565,-8.74942390e-02,2.78607794e-03
1.164000,4.06910071e-02,3.31910071e-02,2.212734,-8.74730276e-02,2.69709091e-03
1.165000,4.06035421e-02,3.31035421e-02,2.206903,-8.74649982e-02,2.67803104e-03
1.166000,4.05160526e-02,3.30160526e-02,2.201070,-8.74895641e-02,2.70077307e-03
1.167000,4.04285362e-02,3.29285362e-02,2.195236,-8.75163678e-02,2.77123788e-03
1.168000,4.03410130e-02,3.28410130e-02,2.189401,-8.75232418e-02,2.83319691e-03
1.169000,4.02535169e-02,3.27535169e-02,2.183568,-8.74960173e-02,2.76211962e-03
1.170000,4.01660559e-02,3.26660559e-02,2.177737,-8.74610138e-02,2.70757710e-03
1.171000,4.00785969e-02,3.25785969e-02,2.171906,-8.74589983e-02,2.68995553e-03
1.172000,3.99911189e-02,3.24911189e-02,2.166075,-8.74780116e-02,2.70331040e-03
1.173000,3.99036185e-02,3.24036185e-02,2.160241,-8.75004505e-02,2.71747909e-03
1.174000,3.98161025e-02,3.23161025e-02,2.154407,-8.75159978e-02,2.77099809e-03
1.175000,3.97285850e-02,3.22285850e-02,2.148572,-8.75174277e-02,2.80175268e-03
1.176000,3.96410892e-02,3.21410892e-02,2.142739,-8.74958425e-02,2.75617306e-03
1.177000,3.95536170e-02,3.20536170e-02,2.136908,-8.74722173e-02,2.67663561e-03
1.178000,3.94661394e-02,3.19661394e-02,2.131076,-8.74776264e-02,2.67324577e-03
1.179000,3.93786296e-02,3.18786296e-02,2.125242,-8.75097563e-02,2.72630274e-03
1.180000,3.92910960e-02,3.17910960e-02,2.119406,-8.75336170e-02,2.79429168e-03
1.181000,3.92035680e-02,3.17035680e-02,2.113571,-8.75280298e-02,2.80471753e-03
1.182000,3.91160697e-02,3.16160697e-02,2.107738,-8.74982704e-02,2.78165132e-03
1.183000,3.90286005e-02,3.15286005e-02,2.101907,-8.74691659e-02,2.69890404e-03
1.184000,3.89411382e-02,3.14411382e-02,2.096076,-8.74622697e-02,2.68384496e-03
1.185000,3.88536530e-02,3.13536530e-02,2.090244,-8.74852120e-02,2.71247691e-03
1.186000,3.87661450e-02,3.12661450e-02,2.084410,-8.75080366e-02,2.75141721e-03
1.187000,3.86786304e-02,3.11786304e-02,2.078575,-8.75145719e-02,2.81274624e-03
1.188000,3.85911330e-02,3.10911330e-02,2.072742,-8.74974733e-02,2.78416534e-03
1.189000,3.85036677e-02,3.10036677e-02,2.066911,-8.74652876e-02,2.71055932e-03
1.190000,3.84162122e-02,3.09162122e-02,2.061081,-8.74555046e-02,2.65465023e-03
1.191000,3.83287324e-02,3.08287324e-02,2.055249,-8.74797818e-02,2.70274331e-03
1.192000,3.82412185e-02,3.07412185e-02,2.049415,-8.75139158e-02,2.72362793e-03
1.193000,3.81536899e-02,3.06536899e-02,2.043579,-8.75285620e-02,2.79635516e-03
1.194000,3.80661664e-02,3.05661664e-02,2.037744,-8.75234884e-02,2.80178671e-03
1.195000,3.79786728e-02,3.04786728e-02,2.031912,-8.74935695e-02,2.75170849e-03
1.196000,3.78912021e-02,3.03912021e-02,2.026080,-8.74707227e-02,2.68660522e-03
1.197000,3.78037263e-02,3.03037263e-02,2.020248,-8.74758350e-02,2.68077737e-03
1.198000,3.77162229e-02,3.02162229e-02,2.014415,-8.75033589e-02,2.73855558e-03
1.199000,3.76287003e-02,3.01287003e-02,2.008580,-8.75225792e-02,2.77643775e-03
1.200000,3.75411842e-02,3.00411842e-02,2.002746,-8.75161253e-02,2.79205485e-03
1.201000,3.74536898e-02,2.99536898e-02,1.996913,-8.74944686e-02,2.78230301e-03
1.202000,3.73662203e-02,2.98662203e-02,1.991081,-8.74694076e-02,2.69157677e-03
1.203000,3.72787568e-02,2.97787568e-02,1.985250,-8.74635931e-02,2.69330949e-03
1.204000,3.71912695e-02,2.96912695e-02,1.979418,-8.74872680e-02,2.70049925e-03
1.205000,3.71037604e-02,2.96037604e-02,1.973584,-8.75091025e-02,2.75083171e-03
1.206000,3.70162407e-02,2.95162407e-02,1.967749,-8.75196750e-02,2.82035769e-03
1.207000,3.69287393e-02,2.94287393e-02,1.961916,-8.75014227e-02,2.77526322e-03
1.208000,3.68412710e-02,2.93412710e-02,1.956085,-8.74683114e-02,2.72132164e-03
1.209000,3.67538114e-02,2.92538114e-02,1.950254,-8.74595489e-02,2.67351562e-03
1.210000,3.66663345e-02,2.91663345e-02,1.944422,-8.74769555e-02,2.70257887e-03
1.211000,3.65788295e-02,2.90788295e-02,1.938589,-8.75049228e-02,2.72493569e-03
1.212000,3.64913102e-02,2.89913102e-02,1.932754,-8.75193917e-02,2.77585676e-03
1.213000,3.64037926e-02,2.89037926e-02,1.926920,-8.75175135e-02,2.81136417e-03
1.214000,3.63163000e-02,2.88163000e-02,1.921087,-8.74926330e-02,2.76003951e-03
1.215000,3.62288348e-02,2.87288348e-02,1.915256,-8.74651675e-02,2.68097206e-03
1.216000,3.61413663e-02,2.86413663e-02,1.909424,-8.74685400e-02,2.67712208e-03
1.217000,3.60538677e-02,2.85538677e-02,1.903591,-8.74985603e-02,2.73223082e-03
1.218000,3.59663476e-02,2.84663476e-02,1.897757,-8.75200996e-02,2.79291909e-03
1.219000,3.58788348e-02,2.83788348e-02,1.891922,-8.75128083e-02,2.81675148e-03
1.220000,3.57913535e-02,2.82913535e-02,1.886090,-8.74813715e-02,2.75704943e-03
1.221000,3.57039008e-02,2.82039008e-02,1.880260,-8.74526655e-02,2.69837557e-03
1.222000,3.56164469e-02,2.81164469e-02,1.874430,-8.74539424e-02,2.69499608e-03
1.223000,3.55289718e-02,2.80289718e-02,1.868598,-8.74750863e-02,2.72099994e-03
1.224000,3.54414790e-02,2.79414790e-02,1.862765,-8.74927415e-02,2.74636508e-03
1.225000,3.53539817e-02,2.78539817e-02,1.856932,-8.74973712e-02,2.80285865e-03
1.226000,3.52664980e-02,2.77664980e-02,1.851100,-8.74836803e-02,2.77567645e-03
1.227000,3.51790417e-02,2.76790417e-02,1.845269,-8.74562429e-02,2.72699500e-03
1.228000,3.50915954e-02,2.75915954e-02,1.839440,-8.74463413e-02,2.65869395e-03
1.229000,3.50041309e-02,2.75041309e-02,1.833609,-8.74645058e-02,2.70256274e-03
1.230000,3.49166335e-02,2.74166335e-02,1.827776,-8.74973436e-02,2.73776330e-03
1.231000,3.48291240e-02,2.73291240e-02,1.821942,-8.75095494e-02,2.80211997e-03
1.232000,3.47416252e-02,2.72416252e-02,1.816108,-8.74988141e-02,2.80162479e-03
1.233000,3.46541581e-02,2.71541581e-02,1.810277,-8.74670307e-02,2.75693403e-03
1.234000,3.45667148e-02,2.70667148e-02,1.804448,-8.74433129e-02,2.69120812e-03
1.235000,3.44792689e-02,2.69792689e-02,1.798618,-8.74458951e-02,2.69237708e-03
1.236000,3.43917991e-02,2.68917991e-02,1.792787,-8.74698560e-02,2.74475889e-03
1.237000,3.43043149e-02,2.68043149e-02,1.786954,-8.74841699e-02,2.77614431e-03
1.238000,3.42168392e-02,2.67168392e-02,1.781123,-8.74757306e-02,2.80447968e-03
1.239000,3.41293872e-02,2.66293872e-02,1.775292,-8.74519731e-02,2.76886789e-03
1.240000,3.40419620e-02,2.65419620e-02,1.769464,-8.74252074e-02,2.69565674e-03
1.241000,3.39545389e-02,2.64545389e-02,1.763636,-8.74230837e-02,2.68611822e-03
1.242000,3.38670922e-02,2.63670922e-02,1.757806,-8.74466904e-02,2.70675532e-03
1.243000,3.37796224e-02,2.62796224e-02,1.751975,-8.74697803e-02,2.75196371e-03
1.244000,3.36921443e-02,2.61921443e-02,1.746143,-8.74780980e-02,2.81124955e-03
1.245000,3.36046833e-02,2.61046833e-02,1.740312,-8.74610846e-02,2.77274272e-03
1.246000,3.35172519e-02,2.60172519e-02,1.734483,-8.74314103e-02,2.74203520e-03
1.247000,3.34298320e-02,2.59298320e-02,1.728655,-8.74198126e-02,2.67183378e-03
1.248000,3.33424013e-02,2.58424013e-02,1.722827,-8.74307140e-02,2.71724735e-03
1.249000,3.32549447e-02,2.57549447e-02,1.716996,-8.74566396e-02,2.74926826e-03
1.250000,3.31674827e-02,2.56674827e-02,1.711166,-8.74619883e-02,2.77639063e-03
1.251000,3.30800307e-02,2.55800307e-02,1.705335,-8.74520245e-02,2.77667158e-03
1.252000,3.29925976e-02,2.54925976e-02,1.699507,-8.74331037e-02,2.78728316e-03
1.253000,3.29051854e-02,2.54051854e-02,1.693679,-8.74122140e-02,2.70189808e-03
1.254000,3.28177824e-02,2.53177824e-02,1.687852,-8.74029388e-02,2.68356020e-03
1.255000,3.27303575e-02,2.52303575e-02,1.682024,-8.74249481e-02,2.71376544e-03
1.256000,3.26429098e-02,2.51429098e-02,1.676194,-8.74476384e-02,2.78240498e-03
1.257000,3.25554616e-02,2.50554616e-02,1.670364,-8.74482707e-02,2.82621414e-03
1.258000,3.24680429e-02,2.49680429e-02,1.664536,-8.74186136e-02,2.76259866e-03
1.259000,3.23806571e-02,2.48806571e-02,1.658710,-8.73858186e-02,2.71929223e-03
1.260000,3.22932756e-02,2.47932756e-02,1.652885,-8.73815741e-02,2.70429882e-03
1.261000,3.22058814e-02,2.47058814e-02,1.647059,-8.73942036e-02,2.71563952e-03
1.262000,3.21184716e-02,2.46184716e-02,1.641231,-8.74097516e-02,2.72457243e-03
1.263000,3.20310516e-02,2.45310516e-02,1.635403,-8.74199955e-02,2.79303229e-03
1.264000,3.19436364e-02,2.44436364e-02,1.629576,-8.74151993e-02,2.79402308e-03
1.265000,3.18562487e-02,2.43562487e-02,1.623750,-8.73877446e-02,2.75808934e-03
1.266000,3.17688823e-02,2.42688823e-02,1.617925,-8.73663191e-02,2.67107689e-03
1.267000,3.16815103e-02,2.41815103e-02,1.612101,-8.73720819e-02,2.68929320e-03
1.268000,3.15941071e-02,2.40941071e-02,1.606274,-8.74031995e-02,2.73224955e-03
1.269000,3.15066863e-02,2.40066863e-02,1.600446,-8.74207383e-02,2.81428078e-03
1.270000,3.14192767e-02,2.39192767e-02,1.594618,-8.74096633e-02,2.79921433e-03
1.271000,3.13319023e-02,2.38319023e-02,1.588793,-8.73743123e-02,2.78057982e-03
1.272000,3.12445551e-02,2.37445551e-02,1.582970,-8.73472047e-02,2.69992409e-03
1.273000,3.11572147e-02,2.36572147e-02,1.577148,-8.73404800e-02,2.70017746e-03
1.274000,3.10698545e-02,2.35698545e-02,1.571324,-8.73601990e-02,2.73093024e-03
1.275000,3.09824801e-02,2.34824801e-02,1.565499,-8.73743966e-02,2.77058922e-03
1.276000,3.08951086e-02,2.33951086e-02,1.559674,-8.73714812e-02,2.82083392e-03
1.277000,3.08077619e-02,2.33077619e-02,1.553851,-8.73466560e-02,2.77634843e-03
1.278000,3.07204487e-02,2.32204487e-02,1.548030,-8.73131965e-02,2.71289767e-03
1.279000,3.06331432e-02,2.31331432e-02,1.542210,-8.73055672e-02,2.68423735e-03
1.280000,3.05458193e-02,2.30458193e-02,1.536388,-8.73238443e-02,2.70915795e-03
1.281000,3.04584722e-02,2.29584722e-02,1.530565,-8.73471270e-02,2.73577235e-03
1.282000,3.03711147e-02,2.28711147e-02,1.524741,-8.73575190e-02,2.79964777e-03
1.283000,3.02837668e-02,2.27837668e-02,1.518918,-8.73478747e-02,2.80058461e-03
1.284000,3.01964497e-02,2.26964497e-02,1.513097,-8.73170871e-02,2.76995574e-03
1.285000,3.01091583e-02,2.26091583e-02,1.507277,-8.72914082e-02,2.69037364e-03
1.286000,3.00218684e-02,2.25218684e-02,1.501458,-8.72898615e-02,2.68823684e-03
1.287000,2.99345536e-02,2.24345536e-02,1.495637,-8.73148286e-02,2.74577752e-03
1.288000,2.98472233e-02,2.23472233e-02,1.489815,-8.73303220e-02,2.78610253e-03
1.289000,2.97599035e-02,2.22599035e-02,1.483994,-8.73197872e-02,2.79764094e-03
1.290000,2.96726095e-02,2.21726095e-02,1.478174,-8.72939686e-02,2.79697317e-03
1.291000,2.95853451e-02,2.20853451e-02,1.472356,-8.72644788e-02,2.70801379e-03
1.292000,2.94980941e-02,2.19980941e-02,1.466540,-8.72509397e-02,2.69576118e-03
1.293000,2.94108253e-02,2.19108253e-02,1.460722,-8.72687829e-02,2.70672292e-03
1.294000,2.93235366e-02,2.18235366e-02,1.454902,-8.72887116e-02,2.76116880e-03
1.295000,2.92362412e-02,2.17362412e-02,1.449083,-8.72954122e-02,2.82936216e-03
1.296000,2.91489690e-02,2.16489690e-02,1.443265,-8.72721726e-02,2.78483390e-03
1.297000,2.90617346e-02,2.15617346e-02,1.437449,-8.72344117e-02,2.73751814e-03
1.298000,2.89745150e-02,2.14745150e-02,1.431634,-8.72196418e-02,2.67621026e-03
1.299000,2.88872837e-02,2.13872837e-02,1.425819,-8.72312528e-02,2.71868021e-03
1.300000,2.88000282e-02,2.13000282e-02,1.420002,-8.72554878e-02,2.73663340e-03
1.301000,2.87127656e-02,2.12127656e-02,1.414184,-8.72626002e-02,2.78453937e-03
1.302000,2.86255103e-02,2.11255103e-02,1.408367,-8.72553449e-02,2.82068641e-03
1.303000,2.85382843e-02,2.10382843e-02,1.402552,-8.72259643e-02,2.77288957e-03
1.304000,2.84510912e-02,2.09510912e-02,1.396739,-8.71931649e-02,2.69127151e-03
1.305000,2.83639007e-02,2.08639007e-02,1.390927,-8.71904959e-02,2.68786234e-03
1.306000,2.82766854e-02,2.07766854e-02,1.385112,-8.72152343e-02,2.74347500e-03
1.307000,2.81894542e-02,2.06894542e-02,1.379297,-8.72312580e-02,2.80029056e-03
1.308000,2.81022352e-02,2.06022352e-02,1.373482,-8.72189703e-02,2.83484508e-03
1.309000,2.80150533e-02,2.05150533e-02,1.367670,-8.71819131e-02,2.76452475e-03
1.310000,2.79279074e-02,2.04279074e-02,1.361860,-8.71459429e-02,2.71067841e-03
1.311000,2.78407648e-02,2.03407648e-02,1.356051,-8.71425892e-02,2.70610818e-03
1.312000,2.77536070e-02,2.02536070e-02,1.350240,-8.71577275e-02,2.72474192e-03
1.313000,2.76664360e-02,2.01664360e-02,1.344429,-8.71710717e-02,2.76560009e-03
1.314000,2.75792649e-02,2.00792649e-02,1.338618,-8.71710709e-02,2.81479885e-03
1.315000,2.74921159e-02,1.99921159e-02,1.332808,-8.71489514e-02,2.78298498e-03
1.316000,2.74049996e-02,1.99049996e-02,1.327000,-8.71163003e-02,2.73579372e-03
1.317000,2.73178972e-02,1.98178972e-02,1.321193,-8.71024426e-02,2.68007630e-03
1.318000,2.72307833e-02,1.97307833e-02,1.315386,-8.71139361e-02,2.71376290e-03
1.319000,2.71436455e-02,1.96436455e-02,1.309576,-8.71377711e-02,2.75221914e-03
1.320000,2.70565018e-02,1.95565018e-02,1.303767,-8.71437422e-02,2.81749480e-03
1.321000,2.69693762e-02,1.94693762e-02,1.297958,-8.71255405e-02,2.80202700e-03
1.322000,2.68822876e-02,1.93822876e-02,1.292153,-8.70886366e-02,2.79260722e-03
1.323000,2.67952291e-02,1.92952291e-02,1.286349,-8.70584784e-02,2.71494960e-03
1.324000,2.67081840e-02,1.92081840e-02,1.280546,-8.70451466e-02,2.70319277e-03
1.325000,2.66211246e-02,1.91211246e-02,1.274742,-8.70593978e-02,2.74333015e-03
1.326000,2.65340541e-02,1.90340541e-02,1.268937,-8.70704123e-02,2.77922545e-03
1.327000,2.64469922e-02,1.89469922e-02,1.263133,-8.70618974e-02,2.82737176e-03
1.328000,2.63599592e-02,1.88599592e-02,1.257331,-8.70330798e-02,2.78525539e-03
1.329000,2.62729633e-02,1.87729633e-02,1.251531,-8.69958980e-02,2.72600487e-03
1.330000,2.61859802e-02,1.86859802e-02,1.245732,-8.69830257e-02,2.69698053e-03
1.331000,2.60989855e-02,1.85989855e-02,1.239932,-8.69947447e-02,2.71257675e-03
1.332000,2.60119723e-02,1.85119723e-02,1.234131,-8.70132378e-02,2.74968368e-03
1.333000,2.59249522e-02,1.84249522e-02,1.228330,-8.70200469e-02,2.82109896e-03
1.334000,2.58379502e-02,1.83379502e-02,1.222530,-8.70020405e-02,2.81203503e-03
1.335000,2.57509880e-02,1.82509880e-02,1.216733,-8.69621832e-02,2.77344013e-03
1.336000,2.56640559e-02,1.81640559e-02,1.210937,-8.69321276e-02,2.69950215e-03
1.337000,2.55771280e-02,1.80771280e-02,1.205142,-8.69278223e-02,2.70238075e-03
1.338000,2.54901807e-02,1.79901807e-02,1.199345,-8.69472903e-02,2.76052556e-03
1.339000,2.54032252e-02,1.79032252e-02,1.193548,-8.69555306e-02,2.79872103e-03
1.340000,2.53162873e-02,1.78162873e-02,1.187752,-8.69379209e-02,2.80915245e-03
1.341000,2.52293814e-02,1.77293814e-02,1.181959,-8.69059225e-02,2.80902758e-03
1.342000,2.51425109e-02,1.76425109e-02,1.176167,-8.68705204e-02,2.71884918e-03
1.343000,2.50556597e-02,1.75556597e-02,1.170377,-8.68511063e-02,2.71073639e-03
1.344000,2.49687970e-02,1.74687970e-02,1.164586,-8.68627429e-02,2.71927649e-03
1.345000,2.48819215e-02,1.73819215e-02,1.158795,-8.68755335e-02,2.77368293e-03
1.346000,2.47950456e-02,1.72950456e-02,1.153003,-8.68758983e-02,2.84622616e-03
1.347000,2.47082000e-02,1.72082000e-02,1.147213,-8.68455668e-02,2.80199207e-03
1.348000,2.46214008e-02,1.71214008e-02,1.141427,-8.67992332e-02,2.74253525e-03
1.349000,2.45346228e-02,1.70346228e-02,1.135642,-8.67779411e-02,2.67988112e-03
1.350000,2.44478356e-02,1.69478356e-02,1.129856,-8.67872552e-02,2.73399342e-03
1.351000,2.43610280e-02,1.68610280e-02,1.124069,-8.68075767e-02,2.77382688e-03
1.352000,2.42742249e-02,1.67742249e-02,1.118282,-8.68030828e-02,2.80411614e-03
1.353000,2.41874448e-02,1.66874448e-02,1.112496,-8.67801506e-02,2.81910402e-03
1.354000,2.41007001e-02,1.66007001e-02,1.106713,-8.67446206e-02,2.79335994e-03
1.355000,2.40139914e-02,1.65139914e-02,1.100933,-8.67087209e-02,2.71801642e-03
1.356000,2.39272968e-02,1.64272968e-02,1.095153,-8.66945996e-02,2.70496273e-03
1.357000,2.38405893e-02,1.63405893e-02,1.089373,-8.67075306e-02,2.74235661e-03
1.358000,2.37538712e-02,1.62538712e-02,1.083591,-8.67181359e-02,2.80999062e-03
1.359000,2.36671667e-02,1.61671667e-02,1.077811,-8.67045003e-02,2.85107834e-03
1.360000,2.35805053e-02,1.60805053e-02,1.072034,-8.66613867e-02,2.78645683e-03
1.361000,2.34938891e-02,1.59938891e-02,1.066259,-8.66162069e-02,2.73956413e-03
1.362000,2.34072885e-02,1.59072885e-02,1.060486,-8.66005422e-02,2.72661114e-03
1.363000,2.33206860e-02,1.58206860e-02,1.054712,-8.66025683e-02,2.73557922e-03
1.364000,2.32340787e-02,1.57340787e-02,1.048939,-8.66072625e-02,2.75388037e-03
1.365000,2.31474729e-02,1.56474729e-02,1.043165,-8.66057751e-02,2.81945735e-03
1.366000,2.30608862e-02,1.55608862e-02,1.037392,-8.65866808e-02,2.82900396e-03
1.367000,2.29743419e-02,1.54743419e-02,1.031623,-8.65443618e-02,2.78452340e-03
1.368000,2.28878351e-02,1.53878351e-02,1.025856,-8.65067734e-02,2.70992264e-03
1.369000,2.28013381e-02,1.53013381e-02,1.020089,-8.64969854e-02,2.71083049e-03
1.370000,2.27148266e-02,1.52148266e-02,1.014322,-8.65115369e-02,2.76428980e-03
1.371000,2.26283102e-02,1.51283102e-02,1.008554,-8.65163366e-02,2.82617204e-03
1.372000,2.25418176e-02,1.50418176e-02,1.002788,-8.64926362e-02,2.85101030e-03
1.373000,2.24553734e-02,1.49553734e-02,0.997025,-8.64442205e-02,2.79859438e-03
1.374000,2.23689765e-02,1.48689765e-02,0.991265,-8.63969166e-02,2.73637438e-03
1.375000,2.22825986e-02,1.47825986e-02,0.985507,-8.63778298e-02,2.73025532e-03
1.376000,2.21962184e-02,1.46962184e-02,0.979748,-8.63802591e-02,2.75352936e-03
1.377000,2.21098378e-02,1.46098378e-02,0.973989,-8.63805822e-02,2.78936584e-03
1.378000,2.20234709e-02,1.45234709e-02,0.968231,-8.63669245e-02,2.84473536e-03
1.379000,2.19371392e-02,1.44371392e-02,0.962476,-8.63317061e-02,2.80915422e-03
1.380000,2.18508546e-02,1.43508546e-02,0.956724,-8.62845956e-02,2.77085049e-03
1.381000,2.17645986e-02,1.42645986e-02,0.950973,-8.62559441e-02,2.70528453e-03
1.382000,2.16783472e-02,1.41783472e-02,0.945223,-8.62514667e-02,2.74226032e-03
1.383000,2.15920852e-02,1.40920852e-02,0.939472,-8.62619834e-02,2.77652124e-03
1.384000,2.15058309e-02,1.40058309e-02,0.933722,-8.62542980e-02,2.84990175e-03
1.385000,2.14196085e-02,1.39196085e-02,0.927974,-8.62223844e-02,2.83370336e-03
1.386000,2.13334393e-02,1.38334393e-02,0.922229,-8.61692359e-02,2.82123775e-03
1.387000,2.12473156e-02,1.37473156e-02,0.916488,-8.61236117e-02,2.74770137e-03
1.388000,2.11612206e-02,1.36612206e-02,0.910748,-8.60950854e-02,2.73637199e-03
1.389000,2.10751278e-02,1.35751278e-02,0.905009,-8.60927131e-02,2.76567859e-03
1.390000,2.09890390e-02,1.34890390e-02,0.899269,-8.60888790e-02,2.80400545e-03
1.391000,2.09029703e-02,1.34029703e-02,0.893531,-8.60686424e-02,2.85231980e-03
1.392000,2.08169431e-02,1.33169431e-02,0.887796,-8.60272749e-02,2.82933501e-03
1.393000,2.07309689e-02,1.32309689e-02,0.882065,-8.59741048e-02,2.76978437e-03
1.394000,2.06450299e-02,1.31450299e-02,0.876335,-8.59390142e-02,2.70808293e-03
1.395000,2.05590955e-02,1.30590955e-02,0.870606,-8.59343921e-02,2.75536713e-03
1.396000,2.04731539e-02,1.29731539e-02,0.864877,-8.59416719e-02,2.79042222e-03
1.397000,2.03872266e-02,1.28872266e-02,0.859148,-8.59272239e-02,2.85756113e-03
1.398000,2.03013373e-02,1.28013373e-02,0.853422,-8.58893904e-02,2.84585585e-03
1.399000,2.02155057e-02,1.27155057e-02,0.847700,-8.58315775e-02,2.83627273e-03
1.400000,2.01297264e-02,1.26297264e-02,0.841982,-8.57793034e-02,2.75914362e-03
1.401000,2.00439826e-02,1.25439826e-02,0.836266,-8.57438160e-02,2.74952927e-03
1.402000,1.99582472e-02,1.24582472e-02,0.830550,-8.57353592e-02,2.78377480e-03
1.403000,1.98725232e-02,1.23725232e-02,0.824835,-8.57240039e-02,2.82880636e-03
1.404000,1.97868298e-02,1.22868298e-02,0.819122,-8.56934385e-02,2.88218315e-03
1.405000,1.97011911e-02,1.22011911e-02,0.813413,-8.56386450e-02,2.83916389e-03
1.406000,1.96156172e-02,1.21156172e-02,0.807708,-8.55739292e-02,2.77299474e-03
1.407000,1.95300821e-02,1.20300821e-02,0.802005,-8.55350429e-02,2.72365670e-03
1.408000,1.94445555e-02,1.19445555e-02,0.796304,-8.55266124e-02,2.76075467e-03
1.409000,1.93590277e-02,1.18590277e-02,0.790602,-8.55278249e-02,2.80479741e-03
1.410000,1.92735186e-02,1.17735186e-02,0.784901,-8.55090654e-02,2.87608705e-03
1.411000,1.91880554e-02,1.16880554e-02,0.779204,-8.54632348e-02,2.87701722e-03
1.412000,1.91026616e-02,1.16026616e-02,0.773511,-8.53938272e-02,2.84238990e-03
1.413000,1.90173313e-02,1.15173313e-02,0.767822,-8.53302375e-02,2.76418707e-03
1.414000,1.89320395e-02,1.14320395e-02,0.762136,-8.52918492e-02,2.76013950e-03
1.415000,1.88467596e-02,1.13467596e-02,0.756451,-8.52798597e-02,2.80238677e-03
1.416000,1.87614979e-02,1.12614979e-02,0.750767,-8.52617285e-02,2.84888235e-03
1.417000,1.86762764e-02,1.11762764e-02,0.745085,-8.52215005e-02,2.89502193e-03
1.418000,1.85911186e-02,1.10911186e-02,0.739408,-8.51578434e-02,2.85743621e-03
1.419000,1.85060329e-02,1.10060329e-02,0.733736,-8.50856799e-02,2.79298991e-03
1.420000,1.84209956e-02,1.09209956e-02,0.728066,-8.50372567e-02,2.73358256e-03
1.421000,1.83359751e-02,1.08359751e-02,0.722398,-8.50205043e-02,2.78546001e-03
1.422000,1.82509610e-02,1.07509610e-02,0.716731,-8.50140881e-02,2.82434228e-03
1.423000,1.81659773e-02,1.06659773e-02,0.711065,-8.49837587e-02,2.89376132e-03
1.424000,1.80810489e-02,1.05810489e-02,0.705403,-8.49283838e-02,2.88091405e-03
1.425000,1.79961964e-02,1.04961964e-02,0.699746,-8.48524825e-02,2.86618940e-03
1.426000,1.79114130e-02,1.04114130e-02,0.694094,-8.47834044e-02,2.79128549e-03
1.427000,1.78266806e-02,1.03266806e-02,0.688445,-8.47324080e-02,2.78534923e-03
1.428000,1.77419735e-02,1.02419735e-02,0.682798,-8.47070609e-02,2.82037855e-03
1.429000,1.76572961e-02,1.01572961e-02,0.677153,-8.46774688e-02,2.85441149e-03
1.430000,1.75726657e-02,1.00726657e-02,0.671511,-8.46303542e-02,2.90923852e-03
1.431000,1.74881033e-02,9.98810330e-03,0.665874,-8.45623672e-02,2.87609142e-03
1.432000,1.74036211e-02,9.90362110e-03,0.660241,-8.44822358e-02,2.83096455e-03
1.433000,1.73192001e-02,9.81920010e-03,0.654613,-8.44209706e-02,2.76761010e-03
1.434000,1.72348144e-02,9.73481440e-03,0.648988,-8.43857293e-02,2.80443814e-03
1.435000,1.71504496e-02,9.65044960e-03,0.643363,-8.43647819e-02,2.85069825e-03
1.436000,1.70661261e-02,9.56612610e-03,0.637742,-8.43235590e-02,2.91919216e-03
1.437000,1.69818710e-02,9.48187100e-03,0.632125,-8.42550313e-02,2.92104243e-03
1.438000,1.68977073e-02,9.39770730e-03,0.626514,-8.41636819e-02,2.88199101e-03
1.439000,1.68136287e-02,9.31362870e-03,0.620909,-8.40786307e-02,2.82376635e-03
1.440000,1.67296120e-02,9.22961200e-03,0.615307,-8.40167009e-02,2.81868182e-03
1.441000,1.66456372e-02,9.14563720e-03,0.609709,-8.39747921e-02,2.84134217e-03
1.442000,1.65617067e-02,9.06170670e-03,0.604114,-8.39305459e-02,2.86324679e-03
1.443000,1.64778317e-02,8.97783170e-03,0.598522,-8.38749842e-02,2.92123627e-03
1.444000,1.63940297e-02,8.89402970e-03,0.592935,-8.38019738e-02,2.92594716e-03
1.445000,1.63103206e-02,8.81032060e-03,0.587355,-8.37090858e-02,2.88405246e-03
1.446000,1.62266986e-02,8.72669860e-03,0.581780,-8.36220592e-02,2.82151682e-03
1.447000,1.61431387e-02,8.64313870e-03,0.576209,-8.35598502e-02,2.82697944e-03
1.448000,1.60596215e-02,8.55962150e-03,0.570641,-8.35172129e-02,2.87378845e-03
1.449000,1.59761570e-02,8.47615700e-03,0.565077,-8.34645039e-02,2.93618246e-03
1.450000,1.58927716e-02,8.39277160e-03,0.559518,-8.33853884e-02,2.97670628e-03
1.451000,1.58094930e-02,8.30949300e-03,0.553966,-8.32786156e-02,2.91162680e-03
1.452000,1.57263230e-02,8.22632300e-03,0.548422,-8.31700428e-02,2.87291179e-03
1.453000,1.56432333e-02,8.14323330e-03,0.542882,-8.30896893e-02,2.81843632e-03
1.454000,1.55602016e-02,8.06020160e-03,0.537347,-8.30316839e-02,2.88125863e-03
1.455000,1.54772211e-02,7.97722110e-03,0.531815,-8.29804595e-02,2.92156642e-03
1.456000,1.53943197e-02,7.89431970e-03,0.526288,-8.29014754e-02,2.94854874e-03
1.457000,1.53115152e-02,7.81151520e-03,0.520768,-8.28044821e-02,2.94575312e-03
1.458000,1.52288160e-02,7.72881600e-03,0.515254,-8.26991218e-02,2.97030782e-03
1.459000,1.51462257e-02,7.64622570e-03,0.509748,-8.25903374e-02,2.88512767e-03
1.460000,1.50637372e-02,7.56373720e-03,0.504249,-8.24885520e-02,2.86678209e-03
1.461000,1.49813192e-02,7.48131920e-03,0.498755,-8.24179852e-02,2.89721165e-03
1.462000,1.48989711e-02,7.39897110e-03,0.493265,-8.23480623e-02,2.92789600e-03
1.463000,1.48167084e-02,7.31670840e-03,0.487781,-8.22627196e-02,2.98021213e-03
1.464000,1.47345503e-02,7.23455030e-03,0.482303,-8.21580483e-02,3.00791252e-03
1.465000,1.46525190e-02,7.15251900e-03,0.476835,-8.20312970e-02,2.96498918e-03
1.466000,1.45706160e-02,7.07061600e-03,0.471374,-8.19030391e-02,2.90994484e-03
1.467000,1.44888174e-02,6.98881740e-03,0.465921,-8.17986117e-02,2.91184223e-03
1.468000,1.44071055e-02,6.90710550e-03,0.460474,-8.17119263e-02,2.93838303e-03
1.469000,1.43254855e-02,6.82548550e-03,0.455032,-8.16199242e-02,2.97662219e-03
1.470000,1.42439731e-02,6.74397310e-03,0.449598,-8.15124436e-02,3.03936246e-03
1.471000,1.41625918e-02,6.66259180e-03,0.444173,-8.13813098e-02,3.00286222e-03
1.472000,1.40813558e-02,6.58135580e-03,0.438757,-8.12360258e-02,2.97957711e-03
1.473000,1.40002489e-02,6.50024890e-03,0.433350,-8.11068467e-02,2.92624490e-03
1.474000,1.39192542e-02,6.41925420e-03,0.427950,-8.09947460e-02,2.94007967e-03
1.475000,1.38383565e-02,6.33835650e-03,0.422557,-8.08977139e-02,2.98425179e-03
1.476000,1.37575681e-02,6.25756810e-03,0.417171,-8.07883268e-02,3.04499390e-03
1.477000,1.36769144e-02,6.17691440e-03,0.411794,-8.06536915e-02,3.09666546e-03
1.478000,1.35964245e-02,6.09642450e-03,0.406428,-8.04899699e-02,3.02847318e-03
1.479000,1.35161031e-02,6.01610310e-03,0.401074,-8.03213377e-02,2.99794741e-03
1.480000,1.34359226e-02,5.93592260e-03,0.395728,-8.01804991e-02,2.96064839e-03
1.481000,1.33558664e-02,5.85586640e-03,0.390391,-8.00562814e-02,2.99054385e-03
1.482000,1.32759273e-02,5.77592730e-03,0.385062,-7.99390266e-02,3.05465356e-03
1.483000,1.31961267e-02,5.69612670e-03,0.379742,-7.98006166e-02,3.09370090e-03
1.484000,1.31164925e-02,5.61649250e-03,0.374433,-7.96342470e-02,3.12181950e-03
1.485000,1.30370424e-02,5.53704240e-03,0.369136,-7.94500812e-02,3.07279083e-03
1.486000,1.29577770e-02,5.45777700e-03,0.363852,-7.92653509e-02,3.03800243e-03
1.487000,1.28786742e-02,5.37867420e-03,0.358578,-7.91028744e-02,2.99830472e-03
1.488000,1.27997153e-02,5.29971530e-03,0.353314,-7.89588429e-02,3.03931324e-03
1.489000,1.27208947e-02,5.22089470e-03,0.348060,-7.88205969e-02,3.10292167e-03
1.490000,1.26422371e-02,5.14223710e-03,0.342816,-7.86576347e-02,3.15259416e-03
1.491000,1.25637721e-02,5.06377210e-03,0.337585,-7.84649984e-02,3.19512633e-03
1.492000,1.24855236e-02,4.98552360e-03,0.332368,-7.82485277e-02,3.12071651e-03
1.493000,1.24074923e-02,4.90749230e-03,0.327166,-7.80312473e-02,3.11371587e-03
1.494000,1.23296527e-02,4.82965270e-03,0.321977,-7.78396421e-02,3.08017641e-03
1.495000,1.22519964e-02,4.75199640e-03,0.316800,-7.76562672e-02,3.10086223e-03
1.496000,1.21745162e-02,4.67451620e-03,0.311634,-7.74802490e-02,3.15505485e-03
1.497000,1.20972283e-02,4.59722830e-03,0.306482,-7.72878540e-02,3.19596107e-03
1.498000,1.20201579e-02,4.52015790e-03,0.301344,-7.70704275e-02,3.23570018e-03
1.499000,1.19433253e-02,4.44332530e-03,0.296222,-7.68325394e-02,3.20315793e-03
1.500000,1.18667380e-02,4.36673800e-03,0.291116,-7.65873550e-02,3.19839267e-03
1.501000,1.17903843e-02,4.29038430e-03,0.286026,-7.63537008e-02,3.16938678e-03
1.502000,1.17142575e-02,4.21425750e-03,0.280951,-7.61267408e-02,3.17621710e-03
1.503000,1.16383494e-02,4.13834940e-03,0.275890,-7.59080990e-02,3.21001770e-03
1.504000,1.15626682e-02,4.06266820e-03,0.270845,-7.56812367e-02,3.24840837e-03
1.505000,1.14872317e-02,3.98723170e-03,0.265815,-7.54364849e-02,3.30214685e-03
1.506000,1.14120621e-02,3.91206210e-03,0.260804,-7.51696219e-02,3.31355618e-03
1.507000,1.13371790e-02,3.83717900e-03,0.255812,-7.48830928e-02,3.34186219e-03
1.508000,1.12625912e-02,3.76259120e-03,0.250839,-7.45878111e-02,3.26928220e-03
1.509000,1.11882951e-02,3.68829510e-03,0.245886,-7.42960683e-02,3.25977104e-03
1.510000,1.11142653e-02,3.61426530e-03,0.240951,-7.40298437e-02,3.27956688e-03
1.511000,1.10405020e-02,3.54050200e-03,0.236033,-7.37632421e-02,3.33132871e-03
1.512000,1.09670210e-02,3.46702100e-03,0.231135,-7.34809857e-02,3.39877828e-03
1.513000,1.08938512e-02,3.39385120e-03,0.226257,-7.31698023e-02,3.45688723e-03
1.514000,1.08210251e-02,3.32102510e-03,0.221402,-7.28261915e-02,3.41267189e-03
1.515000,1.07485537e-02,3.24855370e-03,0.216570,-7.24713158e-02,3.39096326e-03
1.516000,1.06764189e-02,3.17641890e-03,0.211761,-7.21348001e-02,3.36530990e-03
1.517000,1.06046090e-02,3.10460900e-03,0.206974,-7.18099503e-02,3.40532872e-03
1.518000,1.05331225e-02,3.03312250e-03,0.202208,-7.14864485e-02,3.45344295e-03
1.519000,1.04619812e-02,2.96198120e-03,0.197465,-7.11412955e-02,3.48022528e-03
1.520000,1.03912056e-02,2.89120560e-03,0.192747,-7.07756050e-02,3.56519011e-03
1.521000,1.03208195e-02,2.82081950e-03,0.188055,-7.03860936e-02,3.59264441e-03
1.522000,1.02508557e-02,2.75085570e-03,0.183390,-6.99638235e-02,3.54863856e-03
1.523000,1.01813154e-02,2.68131540e-03,0.178754,-6.95403190e-02,3.55218267e-03
1.524000,1.01121848e-02,2.61218480e-03,0.174146,-6.91306399e-02,3.53266456e-03
1.525000,1.00434615e-02,2.54346150e-03,0.169564,-6.87232484e-02,3.58007839e-03
1.526000,9.97514763e-03,2.47514763e-03,0.165010,-6.83138824e-02,3.62490995e-03
1.527000,9.90726661e-03,2.40726661e-03,0.160484,-6.78810169e-02,3.65301483e-03
1.528000,9.83983816e-03,2.33983816e-03,0.155989,-6.74284581e-02,3.73309746e-03
1.529000,9.77288565e-03,2.27288565e-03,0.151526,-6.69525076e-02,3.79669370e-03
1.530000,9.70644664e-03,2.20644664e-03,0.147096,-6.64390104e-02,3.76537329e-03
1.531000,9.64053647e-03,2.14053647e-03,0.142702,-6.59101659e-02,3.78161784e-03
1.532000,9.57514774e-03,2.07514774e-03,0.138343,-6.53887348e-02,3.76810460e-03
1.533000,9.51028338e-03,2.01028338e-03,0.134019,-6.48643584e-02,3.79855724e-03
1.534000,9.44594434e-03,1.94594434e-03,0.129730,-6.43390348e-02,3.82003467e-03
1.535000,9.38214443e-03,1.88214443e-03,0.125476,-6.37999121e-02,3.90393721e-03
1.536000,9.31890553e-03,1.81890553e-03,0.121260,-6.32388986e-02,3.99980004e-03
1.537000,9.25627216e-03,1.75627216e-03,0.117085,-6.26333780e-02,4.02923506e-03
1.538000,9.19428099e-03,1.69428099e-03,0.112952,-6.19911693e-02,4.01699741e-03
1.539000,9.13293953e-03,1.63293953e-03,0.108863,-6.13414578e-02,4.05730696e-03
1.540000,9.07225089e-03,1.57225089e-03,0.104817,-6.06886371e-02,4.10346207e-03
1.541000,9.01223648e-03,1.51223648e-03,0.100816,-6.00144161e-02,4.09617688e-03
1.542000,8.95291015e-03,1.45291015e-03,0.096861,-5.93263253e-02,4.12394261e-03
1.543000,8.89427443e-03,1.39427443e-03,0.092952,-5.86357171e-02,4.19065448e-03
1.544000,8.83635024e-03,1.33635024e-03,0.089090,-5.79241930e-02,4.28089022e-03
1.545000,8.77917544e-03,1.27917544e-03,0.085278,-5.71748024e-02,4.37044144e-03
1.546000,8.72279550e-03,1.22279550e-03,0.081520,-5.63799410e-02,4.41577253e-03
1.547000,8.66724784e-03,1.16724784e-03,0.077817,-5.55476534e-02,4.49535455e-03
1.548000,8.61256144e-03,1.11256144e-03,0.074171,-5.46864051e-02,4.46526949e-03
1.549000,8.55875710e-03,1.05875710e-03,0.070584,-5.38043411e-02,4.60910257e-03
1.550000,8.50585037e-03,1.00585037e-03,0.067057,-5.29067222e-02,4.59744632e-03
1.551000,8.45388645e-03,9.53886450e-04,0.063592,-5.19639277e-02,4.57488582e-03
1.552000,8.40285750e-03,9.02857500e-04,0.060190,-5.10289508e-02,4.66278834e-03
1.553000,8.35277166e-03,8.52771660e-04,0.056851,-5.00858385e-02,4.72306161e-03
1.554000,8.30366846e-03,8.03668460e-04,0.053578,-4.91031991e-02,4.81909882e-03
1.555000,8.25558468e-03,7.55584680e-04,0.050372,-4.80837820e-02,4.85611487e-03
1.556000,8.20855840e-03,7.08558400e-04,0.047237,-4.70262789e-02,5.02242733e-03
1.557000,8.16263119e-03,6.62631190e-04,0.044175,-4.59272087e-02,5.06202528e-03
1.558000,8.11786467e-03,6.17864670e-04,0.041191,-4.47665165e-02,5.09588007e-03
1.559000,8.07427784e-03,5.74277840e-04,0.038285,-4.35868329e-02,5.00588188e-03
1.560000,8.03186589e-03,5.31865890e-04,0.035458,-4.24119461e-02,5.07429871e-03
1.561000,7.99061138e-03,4.90611380e-04,0.032707,-4.12545173e-02,5.22933437e-03
1.562000,7.95056417e-03,4.50564170e-04,0.030038,-4.00472030e-02,5.28685958e-03
1.563000,7.91178537e-03,4.11785370e-04,0.027452,-3.87788000e-02,5.32040824e-03
1.564000,7.87429980e-03,3.74299800e-04,0.024953,-3.74855722e-02,5.30966814e-03
1.565000,7.83811658e-03,3.38116580e-04,0.022541,-3.61832258e-02,5.38863540e-03
1.566000,7.80324613e-03,3.03246130e-04,0.020216,-3.48704421e-02,5.52177891e-03
1.567000,7.76973795e-03,2.69737950e-04,0.017983,-3.35081794e-02,5.74349852e-03
1.568000,7.73767497e-03,2.37674970e-04,0.015845,-3.20629818e-02,5.86538925e-03
1.569000,7.70715156e-03,2.07151560e-04,0.013810,-3.05234131e-02,5.92084649e-03
1.570000,7.67821755e-03,1.78217550e-04,0.011881,-2.89340067e-02,6.01675615e-03
1.571000,7.65090813e-03,1.50908130e-04,0.010061,-2.73094267e-02,6.14194440e-03
1.572000,7.62527691e-03,1.25276910e-04,0.008352,-2.56312105e-02,6.15798023e-03
1.573000,7.60136787e-03,1.01367870e-04,0.006758,-2.39090448e-02,6.19768224e-03
1.574000,7.57919328e-03,7.91932800e-05,0.005280,-2.21745918e-02,6.26036497e-03
1.575000,7.55877726e-03,5.87772600e-05,0.003918,-2.04160153e-02,6.22847631e-03
1.576000,7.54013477e-03,4.01347700e-05,0.002676,-1.86424921e-02,6.17108175e-03
1.577000,7.52324518e-03,2.32451800e-05,0.001550,-1.68895911e-02,6.08273363e-03
1.578000,7.50807402e-03,8.07402000e-06,0.000538,-1.51711628e-02,6.00429699e-03
1.579000,7.50000000e-03,0.00000000e+00,0.000000,-8.07401668e-03,2.54995951e-04
1.580000,7.50000000e-03,0.00000000e+00,0.000000,-1.73472348e-18,-5.92410665e-03
1.581000,7.50000000e-03,0.00000000e+00,0.000000,-4.33680869e-19,-2.27965232e-03
1.582000,7.50000000e-03,0.00000000e+00,0.000000,-8.67361738e-19,1.81867770e-03
1.583000,7.50000000e-03,0.00000000e+00,0.000000,-2.16840434e-19,4.25907133e-03
1.584000,7.50000000e-03,0.00000000e+00,0.000000,-6.77626358e-21,4.93262579e-03
1.585000,7.50088711e-03,8.87110000e-07,0.000059,8.87111786e-04,3.89386971e-03
1.586000,7.50269885e-03,2.69885000e-06,0.000180,1.81173653e-03,2.76199118e-03
1.587000,7.50489391e-03,4.89391000e-06,0.000326,2.19505817e-03,2.59506135e-03
1.588000,7.50707104e-03,7.07104000e-06,0.000471,2.17713428e-03,3.13459186e-03
1.589000,7.50927084e-03,9.27084000e-06,0.000618,2.19979808e-03,3.56994489e-03
1.590000,7.51174748e-03,1.17474800e-05,0.000783,2.47663910e-03,3.50386102e-03
1.591000,7.51463225e-03,1.46322500e-05,0.000975,2.88477037e-03,3.16125386e-03
1.592000,7.51784286e-03,1.78428600e-05,0.001190,3.21061246e-03,2.92283694e-03
1.593000,7.52122464e-03,2.12246400e-05,0.001415,3.38177586e-03,2.91712081e-03
1.594000,7.52469827e-03,2.46982700e-05,0.001647,3.47362875e-03,3.02670982e-03
1.595000,7.52828125e-03,2.82812500e-05,0.001885,3.58298396e-03,3.06525153e-03
1.596000,7.53201639e-03,3.20163900e-05,0.002134,3.73514552e-03,2.98671759e-03
1.597000,7.53590247e-03,3.59024700e-05,0.002393,3.88607690e-03,2.87888053e-03
1.598000,7.53989462e-03,3.98946200e-05,0.002660,3.99214678e-03,2.81606857e-03
1.599000,7.54394631e-03,4.39463100e-05,0.002930,4.05169376e-03,2.80150563e-03
1.600000,7.54803435e-03,4.80343500e-05,0.003202,4.08803706e-03,2.79076785e-03
1.601000,7.55215205e-03,5.21520500e-05,0.003477,4.11769882e-03,2.76409871e-03
1.602000,7.55629117e-03,5.62911700e-05,0.003753,4.13911800e-03,2.73012960e-03
1.603000,7.56043694e-03,6.04369400e-05,0.004029,4.14577157e-03,2.68537735e-03
1.604000,7.56457029e-03,6.45702900e-05,0.004305,4.13335524e-03,2.65100000e-03
1.605000,7.56867046e-03,6.86704600e-05,0.004578,4.10016235e-03,2.63202277e-03
1.606000,7.57272278e-03,7.27227800e-05,0.004848,4.05232352e-03,2.61738737e-03
1.607000,7.57671844e-03,7.67184400e-05,0.005115,3.99566417e-03,2.59981265e-03
1.608000,7.58064953e-03,8.06495300e-05,0.005377,3.93109045e-03,2.58094352e-03
1.609000,7.58450694e-03,8.45069400e-05,0.005634,3.85740813e-03,2.55406675e-03
1.610000,7.58827972e-03,8.82797200e-05,0.005885,3.77277605e-03,2.52472245e-03
1.611000,7.59195385e-03,9.19538500e-05,0.006130,3.67412802e-03,2.52122102e-03
1.612000,7.59551907e-03,9.55190700e-05,0.006368,3.56522370e-03,2.52798922e-03
1.613000,7.59897544e-03,9.89754400e-05,0.006598,3.45636633e-03,2.51807563e-03
1.614000,7.60232341e-03,1.02323410e-04,0.006822,3.34797864e-03,2.50332276e-03
1.615000,7.60555714e-03,1.05557140e-04,0.007037,3.23372629e-03,2.48321182e-03
1.616000,7.60866821e-03,1.08668210e-04,0.007245,3.11107249e-03,2.47042433e-03
1.617000,7.61164777e-03,1.11647770e-04,0.007443,2.97955263e-03,2.46489111e-03
1.618000,7.61449062e-03,1.14490620e-04,0.007633,2.84285467e-03,2.47528253e-03
1.619000,7.61719680e-03,1.17196800e-04,0.007813,2.70617714e-03,2.49881447e-03
1.620000,7.61977387e-03,1.19773870e-04,0.007985,2.57707366e-03,2.48947501e-03
1.621000,7.62222792e-03,1.22227920e-04,0.008149,2.45404684e-03,2.47357835e-03
1.622000,7.62455306e-03,1.24553060e-04,0.008304,2.32514166e-03,2.47137450e-03
1.623000,7.62674369e-03,1.26743690e-04,0.008450,2.19062605e-03,2.48176128e-03
1.624000,7.62880091e-03,1.28800910e-04,0.008587,2.05722345e-03,2.49574660e-03
1.625000,7.63073061e-03,1.30730610e-04,0.008715,1.92970517e-03,2.50614331e-03
1.626000,7.63253923e-03,1.32539230e-04,0.008836,1.80861842e-03,2.51236591e-03
1.627000,7.63423128e-03,1.34231280e-04,0.008949,1.69204650e-03,2.51904471e-03
1.628000,7.63580998e-03,1.35809980e-04,0.009054,1.57869925e-03,2.52600552e-03
1.629000,7.63727875e-03,1.37278750e-04,0.009152,1.46877636e-03,2.53583102e-03
1.630000,7.63864163e-03,1.38641630e-04,0.009243,1.36287703e-03,2.54750634e-03
1.631000,7.63990390e-03,1.39903900e-04,0.009327,1.26226919e-03,2.55884833e-03
1.632000,7.64107140e-03,1.41071400e-04,0.009405,1.16750141e-03,2.56763672e-03
1.633000,7.64214942e-03,1.42149420e-04,0.009477,1.07801263e-03,2.57446547e-03
1.634000,7.64314203e-03,1.43142030e-04,0.009543,9.92617684e-04,2.58232745e-03
1.635000,7.64405289e-03,1.44052890e-04,0.009604,9.10855703e-04,2.59161145e-03
1.636000,7.64488621e-03,1.44886210e-04,0.009659,8.33317486e-04,2.60092947e-03
1.637000,7.64564668e-03,1.45646680e-04,0.009710,7.60476061e-04,2.60953403e-03
1.638000,7.64633890e-03,1.46338900e-04,0.009756,6.92216432e-04,2.61730091e-03
1.639000,7.64696705e-03,1.46967050e-04,0.009798,6.28156156e-04,2.62322017e-03
1.640000,7.64753475e-03,1.47534750e-04,0.009836,5.67693396e-04,2.62985877e-03
1.641000,7.64804510e-03,1.48045100e-04,0.009870,5.10348571e-04,2.63897899e-03
1.642000,7.64850189e-03,1.48501890e-04,0.009900,4.56796770e-04,2.64769870e-03
1.643000,7.64890968e-03,1.48909680e-04,0.009927,4.07782167e-04,2.65482413e-03
1.644000,7.64927257e-03,1.49272570e-04,0.009952,3.62891302e-04,2.66078184e-03
1.645000,7.64959396e-03,1.49593960e-04,0.009973,3.21394089e-04,2.66657439e-03
1.646000,7.64987684e-03,1.49876840e-04,0.009992,2.82877827e-04,2.67269278e-03
1.647000,7.65012418e-03,1.50124180e-04,0.010008,2.47345893e-04,2.67884993e-03
1.648000,7.65033910e-03,1.50339100e-04,0.010023,2.14912152e-04,2.68387207e-03
1.649000,7.65052449e-03,1.50524490e-04,0.010035,1.85388620e-04,2.68951744e-03
1.650000,7.65068300e-03,1.50683000e-04,0.010046,1.58512754e-04,2.69468386e-03
1.651000,7.65081740e-03,1.50817400e-04,0.010054,1.34404538e-04,2.69927429e-03
1.652000,7.65093021e-03,1.50930210e-04,0.010062,1.12804817e-04,2.70346223e-03
1.653000,7.65102366e-03,1.51023660e-04,0.010068,9.34532518e-05,2.70750469e-03
1.654000,7.65109985e-03,1.51099850e-04,0.010073,7.61919341e-05,2.71144293e-03
1.655000,7.65116081e-03,1.51160810e-04,0.010077,6.09546540e-05,2.71508726e-03
1.656000,7.65120846e-03,1.51208460e-04,0.010081,4.76552095e-05,2.71862875e-03
1.657000,7.65124464e-03,1.51244640e-04,0.010083,3.61788915e-05,2.72183868e-03
1.658000,7.65127107e-03,1.51271070e-04,0.010085,2.64332905e-05,2.72472036e-03
1.659000,7.65128933e-03,1.51289330e-04,0.010086,1.82514716e-05,2.72739056e-03
1.660000,7.65130081e-03,1.51300810e-04,0.010087,1.14882334e-05,2.72992606e-03
1.661000,7.65130686e-03,1.51306860e-04,0.010087,6.05030379e-06,2.73231740e-03
1.662000,7.65130873e-03,1.51308730e-04,0.010087,1.86795374e-06,2.73451787e-03
1.663000,7.65130759e-03,1.51307590e-04,0.010087,-1.13991518e-06,2.73650844e-03
1.664000,7.65130452e-03,1.51304520e-04,0.010087,-3.07310869e-06,2.73831095e-03
1.665000,7.65130049e-03,1.51300490e-04,0.010087,-4.03381684e-06,2.73995922e-03
1.666000,7.65129637e-03,1.51296370e-04,0.010086,-4.11107445e-06,2.74147044e-03
1.667000,7.65129300e-03,1.51293000e-04,0.010086,-3.37977275e-06,2.74284339e-03
1.668000,7.65129109e-03,1.51291090e-04,0.010086,-1.90937333e-06,2.74407390e-03
1.669000,7.65129132e-03,1.51291320e-04,0.010086,2.29524699e-07,2.74516676e-03
1.670000,7.65129428e-03,1.51294280e-04,0.010086,2.96580191e-06,2.74613434e-03
1.671000,7.65130051e-03,1.51300510e-04,0.010087,6.23209532e-06,2.74698870e-03
1.672000,7.65131048e-03,1.51310480e-04,0.010087,9.96724058e-06,2.74773697e-03
1.673000,7.65132460e-03,1.51324600e-04,0.010088,1.41152953e-05,2.74838289e-03
1.674000,7.65134322e-03,1.51343220e-04,0.010090,1.86233155e-05,2.74893069e-03
1.675000,7.65136666e-03,1.51366660e-04,0.010091,2.34403374e-05,2.74938677e-03
1.676000,7.65139518e-03,1.51395180e-04,0.010093,2.85179191e-05,2.74975853e-03
1.677000,7.65142899e-03,1.51428990e-04,0.010095,3.38110263e-05,2.75005253e-03
1.678000,7.65146827e-03,1.51468270e-04,0.010098,3.92782137e-05,2.75027400e-03
1.679000,7.65151315e-03,1.51513150e-04,0.010101,4.48811200e-05,2.75042755e-03
1.680000,7.65156373e-03,1.51563730e-04,0.010104,5.05839154e-05,2.75051337e-03
1.681000,7.65162008e-03,1.51620080e-04,0.010108,5.63523156e-05,2.75049649e-03
1.682000,7.65168223e-03,1.51682230e-04,0.010112,6.21459141e-05,2.75058365e-03
1.683000,7.65175018e-03,1.51750180e-04,0.010117,6.79493820e-05,2.75055945e-03
1.684000,7.65182396e-03,1.51823960e-04,0.010122,7.37771946e-05,2.75040041e-03
1.685000,7.65190353e-03,1.51903530e-04,0.010127,7.95689355e-05,2.75017677e-03
1.686000,7.65198879e-03,1.51988790e-04,0.010133,8.52688990e-05,2.74964606e-03
1.687000,7.65207960e-03,1.52079600e-04,0.010139,9.08015645e-05,2.74955790e-03
1.688000,7.65217574e-03,1.52175740e-04,0.010145,9.61443482e-05,2.74917697e-03
1.689000,7.65227713e-03,1.52277130e-04,0.010152,1.01390815e-04,2.74908552e-03
1.690000,7.65238363e-03,1.52383630e-04,0.010159,1.06496004e-04,2.74890774e-03
1.691000,7.65249517e-03,1.52495170e-04,0.010166,1.11539720e-04,2.74861609e-03
1.692000,7.65261164e-03,1.52611640e-04,0.010174,1.16473476e-04,2.74823799e-03
1.693000,7.65273288e-03,1.52732880e-04,0.010182,1.21244588e-04,2.74786736e-03
1.694000,7.65285871e-03,1.52858710e-04,0.010191,1.25825987e-04,2.74752240e-03
1.695000,7.65298894e-03,1.52988940e-04,0.010199,1.30224664e-04,2.74718727e-03
1.696000,7.65312339e-03,1.53123390e-04,0.010208,1.34450785e-04,2.74682620e-03
1.697000,7.65326189e-03,1.53261890e-04,0.010217,1.38502994e-04,2.74643774e-03
1.698000,7.65340426e-03,1.53404260e-04,0.010227,1.42367928e-04,2.74603676e-03
1.699000,7.65355029e-03,1.53550290e-04,0.010237,1.46034377e-04,2.74564146e-03
1.700000,7.65369979e-03,1.53699790e-04,0.010247,1.49499233e-04,2.74529070e-03
1.701000,7.65385256e-03,1.53852560e-04,0.010257,1.52772238e-04,2.74501458e-03
1.702000,7.65400844e-03,1.54008440e-04,0.010267,1.55881220e-04,2.74473332e-03
1.703000,7.65416729e-03,1.54167290e-04,0.010278,1.58849782e-04,2.74436192e-03
1.704000,7.65432895e-03,1.54328950e-04,0.010289,1.61660295e-04,2.74392231e-03
1.705000,7.65449323e-03,1.54493230e-04,0.010300,1.64271095e-04,2.74348995e-03
1.706000,7.65465989e-03,1.54659890e-04,0.010311,1.66661064e-04,2.74308602e-03
1.707000,7.65482872e-03,1.54828720e-04,0.010322,1.68837607e-04,2.74271157e-03
1.708000,7.65499954e-03,1.54999540e-04,0.010333,1.70815275e-04,2.74235582e-03
1.709000,7.65517215e-03,1.55172150e-04,0.010345,1.72607060e-04,2.74198345e-03
1.710000,7.65534636e-03,1.55346360e-04,0.010356,1.74216161e-04,2.74161005e-03
1.711000,7.65552200e-03,1.55522000e-04,0.010368,1.75636939e-04,2.74125459e-03
1.712000,7.65569887e-03,1.55698870e-04,0.010380,1.76872227e-04,2.74092031e-03
1.713000,7.65587680e-03,1.55876800e-04,0.010392,1.77931662e-04,2.74060008e-03
1.714000,7.65605563e-03,1.56055630e-04,0.010404,1.78824685e-04,2.74028697e-03
1.715000,7.65623519e-03,1.56235190e-04,0.010416,1.79557170e-04,2.73998092e-03
1.716000,7.65641532e-03,1.56415320e-04,0.010428,1.80132704e-04,2.73969847e-03
1.717000,7.65659588e-03,1.56595880e-04,0.010440,1.80557779e-04,2.73941918e-03
1.718000,7.65677672e-03,1.56776720e-04,0.010452,1.80840705e-04,2.73914144e-03
1.719000,7.65695770e-03,1.56957700e-04,0.010464,1.80982792e-04,2.73888130e-03
1.720000,7.65713869e-03,1.57138690e-04,0.010476,1.80987664e-04,2.73864990e-03
1.721000,7.65731955e-03,1.57319550e-04,0.010488,1.80866181e-04,2.73842214e-03
1.722000,7.65750018e-03,1.57500180e-04,0.010500,1.80628425e-04,2.73818297e-03
1.723000,7.65768045e-03,1.57680450e-04,0.010512,1.80273575e-04,2.73795454e-03
1.724000,7.65786025e-03,1.57860250e-04,0.010524,1.79799781e-04,2.73775759e-03
1.725000,7.65803947e-03,1.58039470e-04,0.010536,1.79216140e-04,2.73758973e-03
1.726000,7.65821801e-03,1.58218010e-04,0.010548,1.78538134e-04,2.73742820e-03
1.727000,7.65839579e-03,1.58395790e-04,0.010560,1.77776436e-04,2.73726514e-03
1.728000,7.65857272e-03,1.58572720e-04,0.010572,1.76932854e-04,2.73710491e-03
1.729000,7.65874873e-03,1.58748730e-04,0.010583,1.76007383e-04,2.73695796e-03
1.730000,7.65892373e-03,1.58923730e-04,0.010595,1.75003304e-04,2.73682718e-03
1.731000,7.65909766e-03,1.59097660e-04,0.010607,1.73927840e-04,2.73670918e-03
1.732000,7.65927045e-03,1.59270450e-04,0.010618,1.72788559e-04,2.73659895e-03
1.733000,7.65944204e-03,1.59442040e-04,0.010629,1.71591030e-04,2.73105666e-03
1.734000,7.65961141e-03,1.59611410e-04,0.010641,1.69377207e-04,2.71897661e-03
1.735000,7.65977462e-03,1.59774620e-04,0.010652,1.63206993e-04,2.70988911e-03
1.736000,7.65992608e-03,1.59926080e-04,0.010662,1.51462487e-04,2.70785462e-03
1.737000,7.66006246e-03,1.60062460e-04,0.010671,1.36373733e-04,2.70945244e-03
1.738000,7.66018336e-03,1.60183360e-04,0.010679,1.20899378e-04,2.71094970e-03
1.739000,7.66028957e-03,1.60289570e-04,0.010686,1.06214545e-04,2.71093452e-03
1.740000,7.66038159e-03,1.60381590e-04,0.010692,9.20187494e-05,2.71032624e-03
1.741000,7.66045930e-03,1.60459300e-04,0.010697,7.77104005e-05,2.71053866e-03
1.742000,7.66052254e-03,1.60522540e-04,0.010702,6.32398463e-05,2.71187674e-03
1.743000,7.66057162e-03,1.60571620e-04,0.010705,4.90756795e-05,2.71360718e-03
1.744000,7.66060727e-03,1.60607270e-04,0.010707,3.56569689e-05,2.71502774e-03
1.745000,7.66063033e-03,1.60630330e-04,0.010709,2.30577708e-05,2.71606104e-03
1.746000,7.66064144e-03,1.60641440e-04,0.010709,1.11078323e-05,2.71705937e-03
1.747000,7.66064111e-03,1.60641110e-04,0.010709,-3.26210001e-07,2.71829017e-03
1.748000,7.66062990e-03,1.60629900e-04,0.010709,-1.12147341e-05,2.71971150e-03
1.749000,7.66060845e-03,1.60608450e-04,0.010707,-2.14476993e-05,2.72112352e-03
1.750000,7.66057749e-03,1.60577490e-04,0.010705,-3.09641779e-05,2.72240541e-03
1.751000,7.66053769e-03,1.60537690e-04,0.010703,-3.97902383e-05,2.72358808e-03
1.752000,7.66048971e-03,1.60489710e-04,0.010699,-4.79861646e-05,2.72475866e-03
1.753000,7.66043412e-03,1.60434120e-04,0.010696,-5.55866825e-05,2.72595430e-03
1.754000,7.66037153e-03,1.60371530e-04,0.010691,-6.25913289e-05,2.72714418e-03
1.755000,7.66030254e-03,1.60302540e-04,0.010687,-6.89928910e-05,2.72828269e-03
1.756000,7.66022774e-03,1.60227740e-04,0.010682,-7.48023481e-05,2.72935474e-03
1.757000,7.66014769e-03,1.60147690e-04,0.010677,-8.00483202e-05,2.73037599e-03
1.758000,7.66006293e-03,1.60062930e-04,0.010671,-8.47616167e-05,2.73146942e-03
1.759000,7.65997398e-03,1.59973980e-04,0.010665,-8.89461591e-05,2.73248820e-03
1.760000,7.65988139e-03,1.59881390e-04,0.010659,-9.25914441e-05,2.73323022e-03
1.761000,7.65978562e-03,1.59785620e-04,0.010652,-9.57709268e-05,2.73396676e-03
1.762000,7.65968704e-03,1.59687040e-04,0.010646,-9.85764696e-05,2.73483721e-03
1.763000,7.65958605e-03,1.59586050e-04,0.010639,-1.00986193e-04,2.73571506e-03
1.764000,7.65948310e-03,1.59483100e-04,0.010632,-1.02954810e-04,2.73649714e-03
1.765000,7.65937860e-03,1.59378600e-04,0.010625,-1.04496828e-04,2.73716324e-03
1.766000,7.65927294e-03,1.59272940e-04,0.010618,-1.05664205e-04,2.73703873e-03
1.767000,7.65916630e-03,1.59166300e-04,0.010611,-1.06634845e-04,2.74044702e-03
1.768000,7.65905926e-03,1.59059260e-04,0.010604,-1.07043657e-04,2.74400404e-03
1.769000,7.65895356e-03,1.58953560e-04,0.010597,-1.05704114e-04,2.74602621e-03
1.770000,7.65885072e-03,1.58850720e-04,0.010590,-1.02838793e-04,2.74650784e-03
1.771000,7.65875149e-03,1.58751490e-04,0.010583,-9.92241912e-05,2.74662288e-03
1.772000,7.65865606e-03,1.58656060e-04,0.010577,-9.54310717e-05,2.74713761e-03
1.773000,7.65856455e-03,1.58564550e-04,0.010571,-9.15091491e-05,2.74799157e-03
1.774000,7.65847729e-03,1.58477290e-04,0.010565,-8.72671681e-05,2.74869685e-03
1.775000,7.65839467e-03,1.58394670e-04,0.010560,-8.26200113e-05,2.74900762e-03
1.776000,7.65831698e-03,1.58316980e-04,0.010554,-7.76862752e-05,2.74905270e-03
1.777000,7.65824434e-03,1.58244340e-04,0.010550,-7.26425066e-05,2.74908756e-03
1.778000,7.65817676e-03,1.58176760e-04,0.010545,-6.75777682e-05,2.74921181e-03
1.779000,7.65811428e-03,1.58114280e-04,0.010541,-6.24796082e-05,2.74935115e-03
1.780000,7.65805696e-03,1.58056960e-04,0.010537,-5.73160010e-05,2.74939878e-03
1.781000,7.65800487e-03,1.58004870e-04,0.010534,-5.20982089e-05,2.74933360e-03
1.782000,7.65795799e-03,1.57957990e-04,0.010531,-4.68763008e-05,2.74920896e-03
1.783000,7.65791629e-03,1.57916290e-04,0.010528,-4.16978397e-05,2.74907907e-03
1.784000,7.65787971e-03,1.57879710e-04,0.010525,-3.65832826e-05,2.74895227e-03
1.785000,7.65784817e-03,1.57848170e-04,0.010523,-3.15338087e-05,2.74880560e-03
1.786000,7.65782162e-03,1.57821620e-04,0.010521,-2.65519147e-05,2.74862124e-03
1.787000,7.65779997e-03,1.57799970e-04,0.010520,-2.16507906e-05,2.74840373e-03
1.788000,7.65778312e-03,1.57783120e-04,0.010519,-1.68486785e-05,2.74816927e-03
1.789000,7.65777096e-03,1.57770960e-04,0.010518,-1.21594607e-05,2.74792859e-03
1.790000,7.65776337e-03,1.57763370e-04,0.010518,-7.58980390e-06,2.74768134e-03
1.791000,7.65776023e-03,1.57760230e-04,0.010517,-3.14291397e-06,2.74742284e-03
1.792000,7.65776141e-03,1.57761410e-04,0.010517,1.17706371e-06,2.74715185e-03
1.793000,7.65776677e-03,1.57766770e-04,0.010518,5.36422454e-06,2.74687194e-03
1.794000,7.65777618e-03,1.57776180e-04,0.010518,9.41288698e-06,2.74658778e-03
1.795000,7.65778950e-03,1.57789500e-04,0.010519,1.33193735e-05,2.74630179e-03
1.796000,7.65780659e-03,1.57806590e-04,0.010520,1.70819645e-05,2.74601403e-03
1.797000,7.65782729e-03,1.57827290e-04,0.010522,2.06997445e-05,2.74572428e-03
1.798000,7.65785146e-03,1.57851460e-04,0.010523,2.41717820e-05,2.74543335e-03
1.799000,7.65787895e-03,1.57878950e-04,0.010525,2.74972125e-05,2.74514291e-03
1.800000,7.65790963e-03,1.57909630e-04,0.010527,3.06757355e-05,2.74485445e-03
