# FeatFloWer certified run q2p1_dns_rundir_e1_l3_dt0p5_sync (particle_force.log, every CFD step)
# case=E1 level=L3 D/h=23.918 dt=0.0005 s; quarter-box benchSym mesh, FBM Q2/P1, serial PE HardContactAndFluid, lubrication OFF
# columns: t_s, z_center_m, gap_m (=z_center-0.0075), h_over_d (=gap/0.015), u_z_mps, F_z_N (hydrodynamic force on the sphere, full-sphere value)
0.000500,1.27500000e-01,1.20000000e-01,8.000000,0.00000000e+00,0.00000000e+00
0.001000,1.27499672e-01,1.19999672e-01,7.999978,-6.56919643e-04,1.29140682e-03
0.001500,1.27499072e-01,1.19999072e-01,7.999938,-1.19965385e-03,1.83328019e-03
0.002000,1.27498331e-01,1.19998331e-01,7.999889,-1.48241728e-03,1.55437622e-03
0.002500,1.27497480e-01,1.19997480e-01,7.999832,-1.70086157e-03,1.18913732e-03
0.003000,1.27496481e-01,1.19996481e-01,7.999765,-1.99739818e-03,1.21194513e-03
0.003500,1.27495305e-01,1.19995305e-01,7.999687,-2.35189310e-03,1.45183487e-03
0.004000,1.27493965e-01,1.19993965e-01,7.999598,-2.68143190e-03,1.60068938e-03
0.004500,1.27492486e-01,1.19992486e-01,7.999499,-2.95841738e-03,1.58702998e-03
0.005000,1.27490879e-01,1.19990879e-01,7.999392,-3.21216760e-03,1.53935226e-03
0.005500,1.27489143e-01,1.19989143e-01,7.999276,-3.47237642e-03,1.55183806e-03
0.006000,1.27487274e-01,1.19987274e-01,7.999152,-3.73931029e-03,1.61216067e-03
0.006500,1.27485274e-01,1.19985274e-01,7.999018,-3.99886022e-03,1.66068172e-03
0.007000,1.27483152e-01,1.19983152e-01,7.998877,-4.24421452e-03,1.67709119e-03
0.007500,1.27480912e-01,1.19980912e-01,7.998727,-4.48015038e-03,1.68310528e-03
0.008000,1.27478556e-01,1.19978556e-01,7.998570,-4.71285992e-03,1.70333323e-03
0.008500,1.27476084e-01,1.19976084e-01,7.998406,-4.94279336e-03,1.72448332e-03
0.009000,1.27473500e-01,1.19973500e-01,7.998233,-5.16753515e-03,1.74384780e-03
0.009500,1.27470807e-01,1.19970807e-01,7.998054,-5.38709173e-03,1.76368825e-03
0.010000,1.27468006e-01,1.19968006e-01,7.997867,-5.60171424e-03,1.77964985e-03
0.010500,1.27465100e-01,1.19965100e-01,7.997673,-5.81166748e-03,1.79444334e-03
0.011000,1.27462091e-01,1.19962091e-01,7.997473,-6.01769168e-03,1.81071604e-03
0.011500,1.27458981e-01,1.19958981e-01,7.997265,-6.21984785e-03,1.82462439e-03
0.012000,1.27455772e-01,1.19955772e-01,7.997051,-6.41810216e-03,1.84282633e-03
0.012500,1.27452466e-01,1.19952466e-01,7.996831,-6.61246321e-03,1.85775963e-03
0.013000,1.27449065e-01,1.19949065e-01,7.996604,-6.80251497e-03,1.86773429e-03
0.013500,1.27445570e-01,1.19945570e-01,7.996371,-6.98923261e-03,1.87498950e-03
0.014000,1.27441983e-01,1.19941983e-01,7.996132,-7.17367084e-03,1.88593703e-03
0.014500,1.27438305e-01,1.19938305e-01,7.995887,-7.35594974e-03,1.90151945e-03
0.015000,1.27434538e-01,1.19934538e-01,7.995636,-7.53505318e-03,1.91100463e-03
0.015500,1.27430682e-01,1.19930682e-01,7.995379,-7.71075919e-03,1.91479120e-03
0.016000,1.27426740e-01,1.19926740e-01,7.995116,-7.88457286e-03,1.92641193e-03
0.016500,1.27422712e-01,1.19922712e-01,7.994847,-8.05673726e-03,1.93946422e-03
0.017000,1.27418599e-01,1.19918599e-01,7.994573,-8.22583936e-03,1.95202187e-03
0.017500,1.27414403e-01,1.19914403e-01,7.994294,-8.39168784e-03,1.95233793e-03
0.018000,1.27410125e-01,1.19910125e-01,7.994008,-8.55544632e-03,1.96494517e-03
0.018500,1.27405766e-01,1.19905766e-01,7.993718,-8.71803817e-03,1.97109500e-03
0.019000,1.27401327e-01,1.19901327e-01,7.993422,-8.87801606e-03,1.98266044e-03
0.019500,1.27396809e-01,1.19896809e-01,7.993121,-9.03596148e-03,1.99189306e-03
0.020000,1.27392214e-01,1.19892214e-01,7.992814,-9.19119143e-03,2.00244446e-03
0.020500,1.27387542e-01,1.19887542e-01,7.992503,-9.34397237e-03,2.01129729e-03
0.021000,1.27382795e-01,1.19882795e-01,7.992186,-9.49423793e-03,2.01681591e-03
0.021500,1.27377973e-01,1.19877973e-01,7.991865,-9.64256183e-03,2.02703892e-03
0.022000,1.27373079e-01,1.19873079e-01,7.991539,-9.78907562e-03,2.02626386e-03
0.022500,1.27368112e-01,1.19868112e-01,7.991207,-9.93397925e-03,2.03116977e-03
0.023000,1.27363073e-01,1.19863073e-01,7.990872,-1.00785764e-02,2.04963689e-03
0.023500,1.27357962e-01,1.19857962e-01,7.990531,-1.02207350e-02,2.05302294e-03
0.024000,1.27352782e-01,1.19852782e-01,7.990185,-1.03595619e-02,2.05599052e-03
0.024500,1.27347534e-01,1.19847534e-01,7.989836,-1.04975703e-02,2.06331201e-03
0.025000,1.27342216e-01,1.19842216e-01,7.989481,-1.06344441e-02,2.06649391e-03
0.025500,1.27336831e-01,1.19836831e-01,7.989122,-1.07698343e-02,2.07140217e-03
0.026000,1.27331379e-01,1.19831379e-01,7.988759,-1.09042680e-02,2.07828157e-03
0.026500,1.27325861e-01,1.19825861e-01,7.988391,-1.10372875e-02,2.08261846e-03
0.027000,1.27320276e-01,1.19820276e-01,7.988018,-1.11687939e-02,2.08694223e-03
0.027500,1.27314627e-01,1.19814627e-01,7.987642,-1.12992058e-02,2.09755703e-03
0.028000,1.27308913e-01,1.19808913e-01,7.987261,-1.14279691e-02,2.10165322e-03
0.028500,1.27303135e-01,1.19803135e-01,7.986876,-1.15546273e-02,2.11594042e-03
0.029000,1.27297296e-01,1.19797296e-01,7.986486,-1.16793495e-02,2.11963670e-03
0.029500,1.27291395e-01,1.19791395e-01,7.986093,-1.18013989e-02,2.12519828e-03
0.030000,1.27285434e-01,1.19785434e-01,7.985696,-1.19223495e-02,2.12472383e-03
0.030500,1.27279413e-01,1.19779413e-01,7.985294,-1.20424289e-02,2.13923213e-03
0.031000,1.27273332e-01,1.19773332e-01,7.984889,-1.21613033e-02,2.13611298e-03
0.031500,1.27267193e-01,1.19767193e-01,7.984480,-1.22780712e-02,2.13970619e-03
0.032000,1.27260995e-01,1.19760995e-01,7.984066,-1.23950336e-02,2.14261590e-03
0.032500,1.27254740e-01,1.19754740e-01,7.983649,-1.25111486e-02,2.14988496e-03
0.033000,1.27248427e-01,1.19748427e-01,7.983228,-1.26261431e-02,2.15217528e-03
0.033500,1.27242057e-01,1.19742057e-01,7.982804,-1.27397415e-02,2.16257156e-03
0.034000,1.27235631e-01,1.19735631e-01,7.982375,-1.28520445e-02,2.16350950e-03
0.034500,1.27229150e-01,1.19729150e-01,7.981943,-1.29625575e-02,2.17201706e-03
0.035000,1.27222614e-01,1.19722614e-01,7.981508,-1.30721642e-02,2.16777055e-03
0.035500,1.27216023e-01,1.19716023e-01,7.981068,-1.31807494e-02,2.18003003e-03
0.036000,1.27209379e-01,1.19709379e-01,7.980625,-1.32889480e-02,2.18196224e-03
0.036500,1.27202681e-01,1.19702681e-01,7.980179,-1.33949625e-02,2.18471188e-03
0.037000,1.27195931e-01,1.19695931e-01,7.979729,-1.35004167e-02,2.18771876e-03
0.037500,1.27189128e-01,1.19689128e-01,7.979275,-1.36051535e-02,2.19442926e-03
0.038000,1.27182274e-01,1.19682274e-01,7.978818,-1.37088032e-02,2.20288019e-03
0.038500,1.27175369e-01,1.19675369e-01,7.978358,-1.38106038e-02,2.20762639e-03
0.039000,1.27168413e-01,1.19668413e-01,7.977894,-1.39105970e-02,2.21259026e-03
0.039500,1.27161409e-01,1.19661409e-01,7.977427,-1.40093720e-02,2.21019865e-03
0.040000,1.27154355e-01,1.19654355e-01,7.976957,-1.41075433e-02,2.20782320e-03
0.040500,1.27147252e-01,1.19647252e-01,7.976483,-1.42063173e-02,2.21668241e-03
0.041000,1.27140099e-01,1.19640099e-01,7.976007,-1.43046981e-02,2.21898896e-03
0.041500,1.27132899e-01,1.19632899e-01,7.975527,-1.44014202e-02,2.21606706e-03
0.042000,1.27125650e-01,1.19625650e-01,7.975043,-1.44980219e-02,2.22307749e-03
0.042500,1.27118352e-01,1.19618352e-01,7.974557,-1.45944836e-02,2.23191966e-03
0.043000,1.27111008e-01,1.19611008e-01,7.974067,-1.46890122e-02,2.24779449e-03
0.043500,1.27103618e-01,1.19603618e-01,7.973575,-1.47806853e-02,2.24394046e-03
0.044000,1.27096183e-01,1.19596183e-01,7.973079,-1.48700924e-02,2.24904870e-03
0.044500,1.27088703e-01,1.19588703e-01,7.972580,-1.49596806e-02,2.25127755e-03
0.045000,1.27081179e-01,1.19581179e-01,7.972079,-1.50482330e-02,2.25740899e-03
0.045500,1.27073611e-01,1.19573611e-01,7.971574,-1.51358773e-02,2.25546352e-03
0.046000,1.27065999e-01,1.19565999e-01,7.971067,-1.52226867e-02,2.26505504e-03
0.046500,1.27058345e-01,1.19558345e-01,7.970556,-1.53089675e-02,2.26506547e-03
0.047000,1.27050648e-01,1.19550648e-01,7.970043,-1.53936724e-02,2.25929704e-03
0.047500,1.27042909e-01,1.19542909e-01,7.969527,-1.54788857e-02,2.26417558e-03
0.048000,1.27035126e-01,1.19535126e-01,7.969008,-1.55646148e-02,2.27057894e-03
0.048500,1.27027302e-01,1.19527302e-01,7.968487,-1.56489766e-02,2.27983215e-03
0.049000,1.27019436e-01,1.19519436e-01,7.967962,-1.57314688e-02,2.28270446e-03
0.049500,1.27011530e-01,1.19511530e-01,7.967435,-1.58121875e-02,2.28764588e-03
0.050000,1.27003584e-01,1.19503584e-01,7.966906,-1.58919977e-02,2.28530533e-03
0.050500,1.26995598e-01,1.19495598e-01,7.966373,-1.59712034e-02,2.28919298e-03
0.051000,1.26987573e-01,1.19487573e-01,7.965838,-1.60504497e-02,2.28675097e-03
0.051500,1.26979508e-01,1.19479508e-01,7.965301,-1.61292736e-02,2.27534954e-03
0.052000,1.26971404e-01,1.19471404e-01,7.964760,-1.62095065e-02,2.28270468e-03
0.052500,1.26963258e-01,1.19463258e-01,7.964217,-1.62909614e-02,2.29570278e-03
0.053000,1.26955073e-01,1.19455073e-01,7.963672,-1.63700591e-02,2.29639634e-03
0.053500,1.26946850e-01,1.19446850e-01,7.963123,-1.64469612e-02,2.29052925e-03
0.054000,1.26938588e-01,1.19438588e-01,7.962573,-1.65242681e-02,2.29268245e-03
0.054500,1.26930286e-01,1.19430286e-01,7.962019,-1.66023481e-02,2.30791636e-03
0.055000,1.26921947e-01,1.19421947e-01,7.961463,-1.66787275e-02,2.31125254e-03
0.055500,1.26913571e-01,1.19413571e-01,7.960905,-1.67523104e-02,2.29645165e-03
0.056000,1.26905158e-01,1.19405158e-01,7.960344,-1.68266542e-02,2.29893979e-03
0.056500,1.26896706e-01,1.19396706e-01,7.959780,-1.69032084e-02,2.31801875e-03
0.057000,1.26888217e-01,1.19388217e-01,7.959214,-1.69776671e-02,2.32214332e-03
0.057500,1.26879693e-01,1.19379693e-01,7.958646,-1.70486282e-02,2.31689253e-03
0.058000,1.26871133e-01,1.19371133e-01,7.958076,-1.71193762e-02,2.30590241e-03
0.058500,1.26862537e-01,1.19362537e-01,7.957502,-1.71919582e-02,2.30333972e-03
0.059000,1.26853904e-01,1.19353904e-01,7.956927,-1.72665715e-02,2.30913946e-03
0.059500,1.26845233e-01,1.19345233e-01,7.956349,-1.73410928e-02,2.30866542e-03
0.060000,1.26836526e-01,1.19336526e-01,7.955768,-1.74147036e-02,2.31647978e-03
0.060500,1.26827782e-01,1.19327782e-01,7.955185,-1.74877013e-02,2.32060038e-03
0.061000,1.26819003e-01,1.19319003e-01,7.954600,-1.75590515e-02,2.31763711e-03
0.061500,1.26810188e-01,1.19310188e-01,7.954013,-1.76299871e-02,2.31499331e-03
0.062000,1.26801337e-01,1.19301337e-01,7.953422,-1.77016431e-02,2.32506776e-03
0.062500,1.26792450e-01,1.19292450e-01,7.952830,-1.77728424e-02,2.32667295e-03
0.063000,1.26783529e-01,1.19283529e-01,7.952235,-1.78422454e-02,2.32136860e-03
0.063500,1.26774573e-01,1.19274573e-01,7.951638,-1.79118539e-02,2.32139101e-03
0.064000,1.26765582e-01,1.19265582e-01,7.951039,-1.79823315e-02,2.32011640e-03
0.064500,1.26756556e-01,1.19256556e-01,7.950437,-1.80529180e-02,2.32403416e-03
0.065000,1.26747494e-01,1.19247494e-01,7.949833,-1.81233674e-02,2.34216639e-03
0.065500,1.26738398e-01,1.19238398e-01,7.949227,-1.81915703e-02,2.34600348e-03
0.066000,1.26729270e-01,1.19229270e-01,7.948618,-1.82564565e-02,2.34035147e-03
0.066500,1.26720109e-01,1.19220109e-01,7.948007,-1.83212123e-02,2.34194757e-03
0.067000,1.26710916e-01,1.19210916e-01,7.947394,-1.83867551e-02,2.34204576e-03
0.067500,1.26701690e-01,1.19201690e-01,7.946779,-1.84520271e-02,2.33828444e-03
0.068000,1.26692431e-01,1.19192431e-01,7.946162,-1.85176156e-02,2.33775312e-03
0.068500,1.26683139e-01,1.19183139e-01,7.945543,-1.85838686e-02,2.34712476e-03
0.069000,1.26673815e-01,1.19173815e-01,7.944921,-1.86493803e-02,2.35700120e-03
0.069500,1.26664458e-01,1.19164458e-01,7.944297,-1.87124799e-02,2.34550862e-03
0.070000,1.26655071e-01,1.19155071e-01,7.943671,-1.87749738e-02,2.34852298e-03
0.070500,1.26645651e-01,1.19145651e-01,7.943043,-1.88390884e-02,2.35161524e-03
0.071000,1.26636200e-01,1.19136200e-01,7.942413,-1.89024345e-02,2.35724741e-03
0.071500,1.26626718e-01,1.19126718e-01,7.941781,-1.89647749e-02,2.36639355e-03
0.072000,1.26617205e-01,1.19117205e-01,7.941147,-1.90253818e-02,2.36813933e-03
0.072500,1.26607663e-01,1.19107663e-01,7.940511,-1.90843324e-02,2.36484366e-03
0.073000,1.26598091e-01,1.19098091e-01,7.939873,-1.91432878e-02,2.36139824e-03
0.073500,1.26588490e-01,1.19088490e-01,7.939233,-1.92030889e-02,2.36741041e-03
0.074000,1.26578858e-01,1.19078858e-01,7.938591,-1.92629243e-02,2.35848974e-03
0.074500,1.26569197e-01,1.19069197e-01,7.937946,-1.93225612e-02,2.35876136e-03
0.075000,1.26559505e-01,1.19059505e-01,7.937300,-1.93836388e-02,2.37359478e-03
0.075500,1.26549783e-01,1.19049783e-01,7.936652,-1.94433604e-02,2.38784181e-03
0.076000,1.26540034e-01,1.19040034e-01,7.936002,-1.94993864e-02,2.38377960e-03
0.076500,1.26530257e-01,1.19030257e-01,7.935350,-1.95534322e-02,2.39004403e-03
0.077000,1.26520453e-01,1.19020453e-01,7.934697,-1.96075911e-02,2.37969783e-03
0.077500,1.26510622e-01,1.19010622e-01,7.934041,-1.96616361e-02,2.38103622e-03
0.078000,1.26500764e-01,1.19000764e-01,7.933384,-1.97172618e-02,2.38762628e-03
0.078500,1.26490878e-01,1.18990878e-01,7.932725,-1.97720849e-02,2.38221874e-03
0.079000,1.26480965e-01,1.18980965e-01,7.932064,-1.98263041e-02,2.39251135e-03
0.079500,1.26471024e-01,1.18971024e-01,7.931402,-1.98805012e-02,2.40339884e-03
0.080000,1.26461058e-01,1.18961058e-01,7.930737,-1.99320454e-02,2.39657216e-03
0.080500,1.26451067e-01,1.18951067e-01,7.930071,-1.99824055e-02,2.39588204e-03
0.081000,1.26441050e-01,1.18941050e-01,7.929403,-2.00339476e-02,2.40300166e-03
0.081500,1.26431008e-01,1.18931008e-01,7.928734,-2.00849735e-02,2.39151306e-03
0.082000,1.26420940e-01,1.18920940e-01,7.928063,-2.01358461e-02,2.37866981e-03
0.082500,1.26410845e-01,1.18910845e-01,7.927390,-2.01897408e-02,2.39706315e-03
0.083000,1.26400723e-01,1.18900723e-01,7.926715,-2.02441182e-02,2.41013010e-03
0.083500,1.26390576e-01,1.18890576e-01,7.926038,-2.02943198e-02,2.39258128e-03
0.084000,1.26380404e-01,1.18880404e-01,7.925360,-2.03439274e-02,2.39270239e-03
0.084500,1.26370205e-01,1.18870205e-01,7.924680,-2.03964060e-02,2.40335217e-03
0.085000,1.26359981e-01,1.18859981e-01,7.923999,-2.04479230e-02,2.40386342e-03
0.085500,1.26349733e-01,1.18849733e-01,7.923316,-2.04976460e-02,2.40328844e-03
0.086000,1.26339459e-01,1.18839459e-01,7.922631,-2.05473360e-02,2.41521804e-03
0.086500,1.26329161e-01,1.18829161e-01,7.921944,-2.05960655e-02,2.41015375e-03
0.087000,1.26318839e-01,1.18818839e-01,7.921256,-2.06432839e-02,2.39191839e-03
0.087500,1.26308493e-01,1.18808493e-01,7.920566,-2.06929463e-02,2.38865703e-03
0.088000,1.26298120e-01,1.18798120e-01,7.919875,-2.07458914e-02,2.39530993e-03
0.088500,1.26287721e-01,1.18787721e-01,7.919181,-2.07987837e-02,2.39770314e-03
0.089000,1.26277295e-01,1.18777295e-01,7.918486,-2.08503721e-02,2.40685777e-03
0.089500,1.26266845e-01,1.18766845e-01,7.917790,-2.09007580e-02,2.41092328e-03
0.090000,1.26256370e-01,1.18756370e-01,7.917091,-2.09492811e-02,2.39711608e-03
0.090500,1.26245871e-01,1.18745871e-01,7.916391,-2.09983576e-02,2.39598201e-03
0.091000,1.26235346e-01,1.18735346e-01,7.915690,-2.10498015e-02,2.40387716e-03
0.091500,1.26224796e-01,1.18724796e-01,7.914986,-2.11007335e-02,2.39990578e-03
0.092000,1.26214221e-01,1.18714221e-01,7.914281,-2.11507203e-02,2.39071330e-03
0.092500,1.26203619e-01,1.18703619e-01,7.913575,-2.12021720e-02,2.39401253e-03
0.093000,1.26192992e-01,1.18692992e-01,7.912866,-2.12548415e-02,2.40693597e-03
0.093500,1.26182339e-01,1.18682339e-01,7.912156,-2.13058265e-02,2.41996177e-03
0.094000,1.26171662e-01,1.18671662e-01,7.911444,-2.13535376e-02,2.41251489e-03
0.094500,1.26160962e-01,1.18660962e-01,7.910731,-2.13997683e-02,2.41324695e-03
0.095000,1.26150239e-01,1.18650239e-01,7.910016,-2.14471571e-02,2.40749286e-03
0.095500,1.26139491e-01,1.18639491e-01,7.909299,-2.14949344e-02,2.40805222e-03
0.096000,1.26128720e-01,1.18628720e-01,7.908581,-2.15436071e-02,2.41422146e-03
0.096500,1.26117924e-01,1.18617924e-01,7.907862,-2.15916425e-02,2.42291258e-03
0.097000,1.26107105e-01,1.18607105e-01,7.907140,-2.16378965e-02,2.41526932e-03
0.097500,1.26096263e-01,1.18596263e-01,7.906418,-2.16833990e-02,2.41779781e-03
0.098000,1.26085398e-01,1.18585398e-01,7.905693,-2.17299331e-02,2.40864913e-03
0.098500,1.26074510e-01,1.18574510e-01,7.904967,-2.17768609e-02,2.42282951e-03
0.099000,1.26063598e-01,1.18563598e-01,7.904240,-2.18240372e-02,2.43370114e-03
0.099500,1.26052664e-01,1.18552664e-01,7.903511,-2.18679237e-02,2.43755613e-03
0.100000,1.26041709e-01,1.18541709e-01,7.902781,-2.19096841e-02,2.42395432e-03
0.100500,1.26030733e-01,1.18530733e-01,7.902049,-2.19520142e-02,2.41730385e-03
0.101000,1.26019734e-01,1.18519734e-01,7.901316,-2.19971658e-02,2.41269024e-03
0.101500,1.26008712e-01,1.18508712e-01,7.900581,-2.20438174e-02,2.42991362e-03
0.102000,1.25997668e-01,1.18497668e-01,7.899845,-2.20897038e-02,2.44408630e-03
0.102500,1.25986602e-01,1.18486602e-01,7.899107,-2.21315087e-02,2.44925642e-03
0.103000,1.25975517e-01,1.18475517e-01,7.898368,-2.21705293e-02,2.44574158e-03
0.103500,1.25964412e-01,1.18464412e-01,7.897627,-2.22090117e-02,2.43784943e-03
0.104000,1.25953288e-01,1.18453288e-01,7.896886,-2.22487690e-02,2.44512504e-03
0.104500,1.25942143e-01,1.18442143e-01,7.896143,-2.22891791e-02,2.44731275e-03
0.105000,1.25930979e-01,1.18430979e-01,7.895399,-2.23282009e-02,2.43835972e-03
0.105500,1.25919795e-01,1.18419795e-01,7.894653,-2.23676552e-02,2.44971937e-03
0.106000,1.25908591e-01,1.18408591e-01,7.893906,-2.24075752e-02,2.45832868e-03
0.106500,1.25897369e-01,1.18397369e-01,7.893158,-2.24448686e-02,2.45967626e-03
0.107000,1.25886129e-01,1.18386129e-01,7.892409,-2.24806291e-02,2.45415890e-03
0.107500,1.25874870e-01,1.18374870e-01,7.891658,-2.25166562e-02,2.44446784e-03
0.108000,1.25863593e-01,1.18363593e-01,7.890906,-2.25544462e-02,2.43275035e-03
0.108500,1.25852296e-01,1.18352296e-01,7.890153,-2.25948636e-02,2.44689879e-03
0.109000,1.25840978e-01,1.18340978e-01,7.889399,-2.26359541e-02,2.44766535e-03
0.109500,1.25829640e-01,1.18329640e-01,7.888643,-2.26746535e-02,2.44320612e-03
0.110000,1.25818283e-01,1.18318283e-01,7.887886,-2.27136213e-02,2.45733773e-03
0.110500,1.25806907e-01,1.18306907e-01,7.887127,-2.27520719e-02,2.45001917e-03
0.111000,1.25795513e-01,1.18295513e-01,7.886368,-2.27888490e-02,2.44458694e-03
0.111500,1.25784099e-01,1.18284099e-01,7.885607,-2.28273083e-02,2.45471960e-03
0.112000,1.25772666e-01,1.18272666e-01,7.884844,-2.28657636e-02,2.46275832e-03
0.112500,1.25761216e-01,1.18261216e-01,7.884081,-2.29018443e-02,2.44491992e-03
0.113000,1.25749746e-01,1.18249746e-01,7.883316,-2.29381822e-02,2.43307074e-03
0.113500,1.25738257e-01,1.18238257e-01,7.882550,-2.29784970e-02,2.43792658e-03
0.114000,1.25726747e-01,1.18226747e-01,7.881783,-2.30203282e-02,2.44473805e-03
0.114500,1.25715217e-01,1.18215217e-01,7.881014,-2.30607597e-02,2.44989113e-03
0.115000,1.25703667e-01,1.18203667e-01,7.880244,-2.30996172e-02,2.44660420e-03
0.115500,1.25692098e-01,1.18192098e-01,7.879473,-2.31379191e-02,2.44375693e-03
0.116000,1.25680509e-01,1.18180509e-01,7.878701,-2.31770124e-02,2.44904735e-03
0.116500,1.25668901e-01,1.18168901e-01,7.877927,-2.32161056e-02,2.43737839e-03
0.117000,1.25657274e-01,1.18157274e-01,7.877152,-2.32553618e-02,2.43381300e-03
0.117500,1.25645625e-01,1.18145625e-01,7.876375,-2.32968493e-02,2.43426428e-03
0.118000,1.25633956e-01,1.18133956e-01,7.875597,-2.33388824e-02,2.45909171e-03
0.118500,1.25622266e-01,1.18122266e-01,7.874818,-2.33786462e-02,2.46503655e-03
0.119000,1.25610560e-01,1.18110560e-01,7.874037,-2.34138075e-02,2.45392201e-03
0.119500,1.25598835e-01,1.18098835e-01,7.873256,-2.34489754e-02,2.45044526e-03
0.120000,1.25587092e-01,1.18087092e-01,7.872473,-2.34862758e-02,2.44002239e-03
0.120500,1.25575329e-01,1.18075329e-01,7.871689,-2.35250686e-02,2.45363658e-03
0.121000,1.25563547e-01,1.18063547e-01,7.870903,-2.35643692e-02,2.46052665e-03
0.121500,1.25551747e-01,1.18051747e-01,7.870116,-2.36008251e-02,2.45230143e-03
0.122000,1.25539928e-01,1.18039928e-01,7.869329,-2.36368768e-02,2.45652796e-03
0.122500,1.25528091e-01,1.18028091e-01,7.868539,-2.36739054e-02,2.45322008e-03
0.123000,1.25516236e-01,1.18016236e-01,7.867749,-2.37105325e-02,2.46292997e-03
0.123500,1.25504363e-01,1.18004363e-01,7.866958,-2.37468442e-02,2.47263682e-03
0.124000,1.25492472e-01,1.17992472e-01,7.866165,-2.37807032e-02,2.46277886e-03
0.124500,1.25480565e-01,1.17980565e-01,7.865371,-2.38138400e-02,2.45851067e-03
0.125000,1.25468641e-01,1.17968641e-01,7.864576,-2.38489728e-02,2.45750118e-03
0.125500,1.25456699e-01,1.17956699e-01,7.863780,-2.38848958e-02,2.45651803e-03
0.126000,1.25444738e-01,1.17944738e-01,7.862983,-2.39210715e-02,2.47244509e-03
0.126500,1.25432760e-01,1.17932760e-01,7.862184,-2.39560004e-02,2.47982648e-03
0.127000,1.25420766e-01,1.17920766e-01,7.861384,-2.39876612e-02,2.47971883e-03
0.127500,1.25408757e-01,1.17908757e-01,7.860584,-2.40181195e-02,2.47309579e-03
0.128000,1.25396733e-01,1.17896733e-01,7.859782,-2.40491811e-02,2.47334617e-03
0.128500,1.25384692e-01,1.17884692e-01,7.858979,-2.40813081e-02,2.47506519e-03
0.129000,1.25372635e-01,1.17872635e-01,7.858176,-2.41132420e-02,2.47439929e-03
0.129500,1.25360563e-01,1.17860563e-01,7.857371,-2.41449525e-02,2.48514865e-03
0.130000,1.25348475e-01,1.17848475e-01,7.856565,-2.41758219e-02,2.48968974e-03
0.130500,1.25336373e-01,1.17836373e-01,7.855758,-2.42045246e-02,2.48659984e-03
0.131000,1.25324256e-01,1.17824256e-01,7.854950,-2.42327549e-02,2.48280587e-03
0.131500,1.25312125e-01,1.17812125e-01,7.854142,-2.42618280e-02,2.46383838e-03
0.132000,1.25299979e-01,1.17799979e-01,7.853332,-2.42932012e-02,2.47592600e-03
0.132500,1.25287815e-01,1.17787815e-01,7.852521,-2.43266202e-02,2.49130413e-03
0.133000,1.25275637e-01,1.17775637e-01,7.851709,-2.43566946e-02,2.47188518e-03
0.133500,1.25263444e-01,1.17763444e-01,7.850896,-2.43859609e-02,2.48470874e-03
0.134000,1.25251235e-01,1.17751235e-01,7.850082,-2.44172820e-02,2.48230622e-03
0.134500,1.25239012e-01,1.17739012e-01,7.849267,-2.44467098e-02,2.47913257e-03
0.135000,1.25226774e-01,1.17726774e-01,7.848452,-2.44768127e-02,2.49634226e-03
0.135500,1.25214521e-01,1.17714521e-01,7.847635,-2.45059152e-02,2.48701968e-03
0.136000,1.25202254e-01,1.17702254e-01,7.846817,-2.45330159e-02,2.46689018e-03
0.136500,1.25189972e-01,1.17689972e-01,7.845998,-2.45634273e-02,2.46240573e-03
0.137000,1.25177674e-01,1.17677674e-01,7.845178,-2.45975407e-02,2.46399744e-03
0.137500,1.25165358e-01,1.17665358e-01,7.844357,-2.46322497e-02,2.47677001e-03
0.138000,1.25153025e-01,1.17653025e-01,7.843535,-2.46655680e-02,2.48113804e-03
0.138500,1.25140677e-01,1.17640677e-01,7.842712,-2.46964027e-02,2.47379785e-03
0.139000,1.25128313e-01,1.17628313e-01,7.841888,-2.47271691e-02,2.46580245e-03
0.139500,1.25115933e-01,1.17615933e-01,7.841062,-2.47598479e-02,2.46407674e-03
0.140000,1.25103536e-01,1.17603536e-01,7.840236,-2.47939921e-02,2.45650595e-03
0.140500,1.25091122e-01,1.17591122e-01,7.839408,-2.48290891e-02,2.46560056e-03
0.141000,1.25078689e-01,1.17578689e-01,7.838579,-2.48646251e-02,2.48033256e-03
0.141500,1.25066241e-01,1.17566241e-01,7.837749,-2.48973651e-02,2.48533142e-03
0.142000,1.25053777e-01,1.17553777e-01,7.836918,-2.49272441e-02,2.48273072e-03
0.142500,1.25041299e-01,1.17541299e-01,7.836087,-2.49565321e-02,2.47417517e-03
0.143000,1.25028805e-01,1.17528805e-01,7.835254,-2.49870037e-02,2.46327356e-03
0.143500,1.25016295e-01,1.17516295e-01,7.834420,-2.50198440e-02,2.47779412e-03
0.144000,1.25003769e-01,1.17503769e-01,7.833585,-2.50531906e-02,2.48561858e-03
0.144500,1.24991227e-01,1.17491227e-01,7.832748,-2.50834610e-02,2.48526406e-03
0.145000,1.24978671e-01,1.17478671e-01,7.831911,-2.51124779e-02,2.47341754e-03
0.145500,1.24966099e-01,1.17466099e-01,7.831073,-2.51426005e-02,2.47430802e-03
0.146000,1.24953512e-01,1.17453512e-01,7.830234,-2.51745896e-02,2.49271184e-03
0.146500,1.24940910e-01,1.17440910e-01,7.829394,-2.52048052e-02,2.49709093e-03
0.147000,1.24928294e-01,1.17428294e-01,7.828553,-2.52316116e-02,2.48117481e-03
0.147500,1.24915664e-01,1.17415664e-01,7.827711,-2.52591062e-02,2.47518599e-03
0.148000,1.24903019e-01,1.17403019e-01,7.826868,-2.52897439e-02,2.48136227e-03
0.148500,1.24890359e-01,1.17390359e-01,7.826024,-2.53208189e-02,2.49129249e-03
0.149000,1.24877684e-01,1.17377684e-01,7.825179,-2.53500017e-02,2.50824429e-03
0.149500,1.24864996e-01,1.17364996e-01,7.824333,-2.53760550e-02,2.50804925e-03
0.150000,1.24852296e-01,1.17352296e-01,7.823486,-2.53993419e-02,2.49747434e-03
0.150500,1.24839585e-01,1.17339585e-01,7.822639,-2.54235959e-02,2.50112370e-03
0.151000,1.24826860e-01,1.17326860e-01,7.821791,-2.54492637e-02,2.49730962e-03
0.151500,1.24814123e-01,1.17314123e-01,7.820942,-2.54746694e-02,2.50478484e-03
0.152000,1.24801373e-01,1.17301373e-01,7.820092,-2.55000406e-02,2.51014717e-03
0.152500,1.24788611e-01,1.17288611e-01,7.819241,-2.55237101e-02,2.51394710e-03
0.153000,1.24775838e-01,1.17275838e-01,7.818389,-2.55461630e-02,2.50935161e-03
0.153500,1.24763053e-01,1.17263053e-01,7.817537,-2.55683984e-02,2.49881515e-03
0.154000,1.24750257e-01,1.17250257e-01,7.816684,-2.55923199e-02,2.48552633e-03
0.154500,1.24737448e-01,1.17237448e-01,7.815830,-2.56191466e-02,2.50328825e-03
0.155000,1.24724624e-01,1.17224624e-01,7.814975,-2.56465850e-02,2.50091805e-03
0.155500,1.24711789e-01,1.17211789e-01,7.814119,-2.56713163e-02,2.49750331e-03
0.156000,1.24698940e-01,1.17198940e-01,7.813263,-2.56967387e-02,2.50991576e-03
0.156500,1.24686080e-01,1.17186080e-01,7.812405,-2.57216243e-02,2.49324769e-03
0.157000,1.24673207e-01,1.17173207e-01,7.811547,-2.57459455e-02,2.50521877e-03
0.157500,1.24660321e-01,1.17160321e-01,7.810688,-2.57719453e-02,2.51169789e-03
0.158000,1.24647423e-01,1.17147423e-01,7.809828,-2.57954064e-02,2.49557885e-03
0.158500,1.24634513e-01,1.17134513e-01,7.808968,-2.58192288e-02,2.48373582e-03
0.159000,1.24621590e-01,1.17121590e-01,7.808106,-2.58467453e-02,2.48283558e-03
0.159500,1.24608652e-01,1.17108652e-01,7.807243,-2.58762861e-02,2.49059150e-03
0.160000,1.24595699e-01,1.17095699e-01,7.806380,-2.59052889e-02,2.49580336e-03
0.160500,1.24582733e-01,1.17082733e-01,7.805516,-2.59325573e-02,2.49485283e-03
0.161000,1.24569753e-01,1.17069753e-01,7.804650,-2.59590540e-02,2.49673516e-03
0.161500,1.24556761e-01,1.17056761e-01,7.803784,-2.59855402e-02,2.48121779e-03
0.162000,1.24543754e-01,1.17043754e-01,7.802917,-2.60130895e-02,2.47579251e-03
0.162500,1.24530732e-01,1.17030732e-01,7.802049,-2.60436665e-02,2.48807214e-03
0.163000,1.24517695e-01,1.17017695e-01,7.801180,-2.60740486e-02,2.50595879e-03
0.163500,1.24504645e-01,1.17004645e-01,7.800310,-2.61008328e-02,2.50388988e-03
0.164000,1.24491582e-01,1.16991582e-01,7.799439,-2.61248628e-02,2.49474679e-03
0.164500,1.24478507e-01,1.16978507e-01,7.798567,-2.61500409e-02,2.48991267e-03
0.165000,1.24465419e-01,1.16965419e-01,7.797695,-2.61771478e-02,2.48783178e-03
0.165500,1.24452316e-01,1.16952316e-01,7.796821,-2.62052326e-02,2.50189828e-03
0.166000,1.24439200e-01,1.16939200e-01,7.795947,-2.62324153e-02,2.50017572e-03
0.166500,1.24426071e-01,1.16926071e-01,7.795071,-2.62574404e-02,2.49902471e-03
0.167000,1.24412930e-01,1.16912930e-01,7.794195,-2.62828502e-02,2.49357074e-03
0.167500,1.24399775e-01,1.16899775e-01,7.793318,-2.63089312e-02,2.50764329e-03
0.168000,1.24386608e-01,1.16886608e-01,7.792441,-2.63346636e-02,2.51650291e-03
0.168500,1.24373429e-01,1.16873429e-01,7.791562,-2.63573017e-02,2.50473964e-03
0.169000,1.24360240e-01,1.16860240e-01,7.790683,-2.63795251e-02,2.49521763e-03
0.169500,1.24347037e-01,1.16847037e-01,7.789802,-2.64045221e-02,2.48889425e-03
0.170000,1.24333821e-01,1.16833821e-01,7.788921,-2.64316418e-02,2.50717604e-03
0.170500,1.24320592e-01,1.16820592e-01,7.788039,-2.64581833e-02,2.52768641e-03
0.171000,1.24307352e-01,1.16807352e-01,7.787157,-2.64799094e-02,2.53005610e-03
0.171500,1.24294103e-01,1.16794103e-01,7.786274,-2.64980579e-02,2.50763894e-03
0.172000,1.24280844e-01,1.16780844e-01,7.785390,-2.65177995e-02,2.50996454e-03
0.172500,1.24267574e-01,1.16767574e-01,7.784505,-2.65410164e-02,2.50607717e-03
0.173000,1.24254292e-01,1.16754292e-01,7.783619,-2.65641953e-02,2.52968430e-03
0.173500,1.24240999e-01,1.16740999e-01,7.782733,-2.65859251e-02,2.53324979e-03
0.174000,1.24227697e-01,1.16727697e-01,7.781846,-2.66034632e-02,2.52503060e-03
0.174500,1.24214387e-01,1.16714387e-01,7.780959,-2.66211425e-02,2.51894303e-03
0.175000,1.24201066e-01,1.16701066e-01,7.780071,-2.66407098e-02,2.50049473e-03
0.175500,1.24187735e-01,1.16687735e-01,7.779182,-2.66629079e-02,2.51337898e-03
0.176000,1.24174391e-01,1.16674391e-01,7.778293,-2.66869961e-02,2.52520471e-03
0.176500,1.24161037e-01,1.16661037e-01,7.777402,-2.67079230e-02,2.50985984e-03
0.177000,1.24147673e-01,1.16647673e-01,7.776512,-2.67282648e-02,2.52188156e-03
0.177500,1.24134298e-01,1.16634298e-01,7.775620,-2.67500634e-02,2.51830415e-03
0.178000,1.24120913e-01,1.16620913e-01,7.774728,-2.67702042e-02,2.52212809e-03
0.178500,1.24107518e-01,1.16607518e-01,7.773835,-2.67905944e-02,2.52790945e-03
0.179000,1.24094113e-01,1.16594113e-01,7.772941,-2.68098455e-02,2.50746740e-03
0.179500,1.24080698e-01,1.16580698e-01,7.772047,-2.68299547e-02,2.49467179e-03
0.180000,1.24067271e-01,1.16567271e-01,7.771151,-2.68545520e-02,2.49850638e-03
0.180500,1.24053830e-01,1.16553830e-01,7.770255,-2.68809114e-02,2.51212975e-03
0.181000,1.24040377e-01,1.16540377e-01,7.769358,-2.69054366e-02,2.51151556e-03
0.181500,1.24026914e-01,1.16526914e-01,7.768461,-2.69277790e-02,2.50720668e-03
0.182000,1.24013438e-01,1.16513438e-01,7.767563,-2.69506033e-02,2.50666025e-03
0.182500,1.23999951e-01,1.16499951e-01,7.766663,-2.69741834e-02,2.49426851e-03
0.183000,1.23986452e-01,1.16486452e-01,7.765763,-2.69989489e-02,2.48874601e-03
0.183500,1.23972939e-01,1.16472939e-01,7.764863,-2.70262375e-02,2.50181166e-03
0.184000,1.23959412e-01,1.16459412e-01,7.763961,-2.70532777e-02,2.52063460e-03
0.184500,1.23945874e-01,1.16445874e-01,7.763058,-2.70765082e-02,2.52136318e-03
0.185000,1.23932325e-01,1.16432325e-01,7.762155,-2.70965833e-02,2.50603660e-03
0.185500,1.23918766e-01,1.16418766e-01,7.761251,-2.71178940e-02,2.49415325e-03
0.186000,1.23905195e-01,1.16405195e-01,7.760346,-2.71427721e-02,2.50559716e-03
0.186500,1.23891611e-01,1.16391611e-01,7.759441,-2.71685897e-02,2.51681352e-03
0.187000,1.23878015e-01,1.16378015e-01,7.758534,-2.71915363e-02,2.51173432e-03
0.187500,1.23864408e-01,1.16364408e-01,7.757627,-2.72130903e-02,2.50517122e-03
0.188000,1.23850790e-01,1.16350790e-01,7.756719,-2.72360586e-02,2.51053323e-03
0.188500,1.23837161e-01,1.16337161e-01,7.755811,-2.72596305e-02,2.52496443e-03
0.189000,1.23823520e-01,1.16323520e-01,7.754901,-2.72810460e-02,2.52279680e-03
0.189500,1.23809870e-01,1.16309870e-01,7.753991,-2.73002833e-02,2.51265244e-03
0.190000,1.23796210e-01,1.16296210e-01,7.753081,-2.73207736e-02,2.50210143e-03
0.190500,1.23782538e-01,1.16282538e-01,7.752169,-2.73438626e-02,2.52002540e-03
0.191000,1.23768854e-01,1.16268854e-01,7.751257,-2.73670993e-02,2.53144197e-03
0.191500,1.23755161e-01,1.16255161e-01,7.750344,-2.73863833e-02,2.54203059e-03
0.192000,1.23741459e-01,1.16241459e-01,7.749431,-2.74028564e-02,2.53044434e-03
0.192500,1.23727750e-01,1.16227750e-01,7.748517,-2.74186152e-02,2.53079416e-03
0.193000,1.23714032e-01,1.16214032e-01,7.747602,-2.74362456e-02,2.52305555e-03
0.193500,1.23700305e-01,1.16200305e-01,7.746687,-2.74545028e-02,2.53297344e-03
0.194000,1.23686568e-01,1.16186568e-01,7.745771,-2.74731538e-02,2.54726985e-03
0.194500,1.23672824e-01,1.16172824e-01,7.744855,-2.74889122e-02,2.54379566e-03
0.195000,1.23659072e-01,1.16159072e-01,7.743938,-2.75026302e-02,2.53714289e-03
0.195500,1.23645314e-01,1.16145314e-01,7.743021,-2.75175068e-02,2.51759786e-03
0.196000,1.23631546e-01,1.16131546e-01,7.742103,-2.75352041e-02,2.52336382e-03
0.196500,1.23617768e-01,1.16117768e-01,7.741185,-2.75556010e-02,2.52596743e-03
0.197000,1.23603981e-01,1.16103981e-01,7.740265,-2.75748209e-02,2.52113589e-03
0.197500,1.23590184e-01,1.16090184e-01,7.739346,-2.75940404e-02,2.54284921e-03
0.198000,1.23576378e-01,1.16076378e-01,7.738425,-2.76121334e-02,2.52398418e-03
0.198500,1.23562564e-01,1.16062564e-01,7.737504,-2.76283290e-02,2.52914356e-03
0.199000,1.23548740e-01,1.16048740e-01,7.736583,-2.76471662e-02,2.53725552e-03
0.199500,1.23534908e-01,1.16034908e-01,7.735661,-2.76644389e-02,2.52112897e-03
0.200000,1.23521067e-01,1.16021067e-01,7.734738,-2.76818055e-02,2.50960934e-03
0.200500,1.23507215e-01,1.16007215e-01,7.733814,-2.77028387e-02,2.50667257e-03
0.201000,1.23493352e-01,1.15993352e-01,7.732890,-2.77260232e-02,2.51752971e-03
0.201500,1.23479478e-01,1.15979478e-01,7.731965,-2.77487299e-02,2.52198592e-03
0.202000,1.23465593e-01,1.15965593e-01,7.731040,-2.77692599e-02,2.51632356e-03
0.202500,1.23451699e-01,1.15951699e-01,7.730113,-2.77895587e-02,2.50940581e-03
0.203000,1.23437793e-01,1.15937793e-01,7.729186,-2.78113990e-02,2.50379922e-03
0.203500,1.23423876e-01,1.15923876e-01,7.728258,-2.78348710e-02,2.50495645e-03
0.204000,1.23409946e-01,1.15909946e-01,7.727330,-2.78591613e-02,2.52854044e-03
0.204500,1.23396005e-01,1.15896005e-01,7.726400,-2.78811763e-02,2.53217174e-03
0.205000,1.23382056e-01,1.15882056e-01,7.725470,-2.78989975e-02,2.52094349e-03
0.205500,1.23368097e-01,1.15868097e-01,7.724540,-2.79172153e-02,2.51488585e-03
0.206000,1.23354128e-01,1.15854128e-01,7.723609,-2.79378124e-02,2.51403864e-03
0.206500,1.23340149e-01,1.15840149e-01,7.722677,-2.79594792e-02,2.51987530e-03
0.207000,1.23326158e-01,1.15826158e-01,7.721744,-2.79807690e-02,2.52582066e-03
0.207500,1.23312158e-01,1.15812158e-01,7.720811,-2.80005746e-02,2.51973777e-03
0.208000,1.23298148e-01,1.15798148e-01,7.719877,-2.80199419e-02,2.52321960e-03
0.208500,1.23284128e-01,1.15784128e-01,7.718942,-2.80400002e-02,2.53337517e-03
0.209000,1.23270099e-01,1.15770099e-01,7.718007,-2.80585887e-02,2.53227280e-03
0.209500,1.23256061e-01,1.15756061e-01,7.717071,-2.80756071e-02,2.52704315e-03
0.210000,1.23242014e-01,1.15742014e-01,7.716134,-2.80932690e-02,2.51109319e-03
0.210500,1.23227958e-01,1.15727958e-01,7.715197,-2.81131998e-02,2.51802609e-03
0.211000,1.23213890e-01,1.15713890e-01,7.714259,-2.81351368e-02,2.54621936e-03
0.211500,1.23199813e-01,1.15699813e-01,7.713321,-2.81534425e-02,2.55203610e-03
0.212000,1.23185730e-01,1.15685730e-01,7.712382,-2.81666044e-02,2.54059872e-03
0.212500,1.23171640e-01,1.15671640e-01,7.711443,-2.81798223e-02,2.53477607e-03
0.213000,1.23157542e-01,1.15657542e-01,7.710503,-2.81954332e-02,2.52903716e-03
0.213500,1.23143436e-01,1.15643436e-01,7.709562,-2.82125077e-02,2.55118150e-03
0.214000,1.23129322e-01,1.15629322e-01,7.708621,-2.82285666e-02,2.55656708e-03
0.214500,1.23115202e-01,1.15615202e-01,7.707680,-2.82405130e-02,2.54899954e-03
0.215000,1.23101076e-01,1.15601076e-01,7.706738,-2.82522441e-02,2.54089106e-03
0.215500,1.23086943e-01,1.15586943e-01,7.705796,-2.82659349e-02,2.51972657e-03
0.216000,1.23072801e-01,1.15572801e-01,7.704853,-2.82828285e-02,2.53452822e-03
0.216500,1.23058650e-01,1.15558650e-01,7.703910,-2.83018886e-02,2.54866559e-03
0.217000,1.23044492e-01,1.15544492e-01,7.702966,-2.83172683e-02,2.53954234e-03
0.217500,1.23030326e-01,1.15530326e-01,7.702022,-2.83311331e-02,2.54567392e-03
0.218000,1.23016153e-01,1.15516153e-01,7.701077,-2.83459539e-02,2.53432289e-03
0.218500,1.23001973e-01,1.15501973e-01,7.700132,-2.83607715e-02,2.55301752e-03
0.219000,1.22987785e-01,1.15487785e-01,7.699186,-2.83758001e-02,2.53793590e-03
0.219500,1.22973590e-01,1.15473590e-01,7.698239,-2.83890923e-02,2.52853320e-03
0.220000,1.22959387e-01,1.15459387e-01,7.697292,-2.84056925e-02,2.50586736e-03
0.220500,1.22945174e-01,1.15445174e-01,7.696345,-2.84258408e-02,2.52541272e-03
0.221000,1.22930950e-01,1.15430950e-01,7.695397,-2.84479827e-02,2.53176455e-03
0.221500,1.22916717e-01,1.15416717e-01,7.694448,-2.84663536e-02,2.53646883e-03
0.222000,1.22902476e-01,1.15402476e-01,7.693498,-2.84832654e-02,2.52478866e-03
0.222500,1.22888225e-01,1.15388225e-01,7.692548,-2.85004376e-02,2.51404552e-03
0.223000,1.22873965e-01,1.15373965e-01,7.691598,-2.85204776e-02,2.50541726e-03
0.223500,1.22859694e-01,1.15359694e-01,7.690646,-2.85430447e-02,2.52241683e-03
0.224000,1.22845411e-01,1.15345411e-01,7.689694,-2.85655254e-02,2.54009773e-03
0.224500,1.22831119e-01,1.15331119e-01,7.688741,-2.85836514e-02,2.54084365e-03
0.225000,1.22816820e-01,1.15316820e-01,7.687788,-2.85988081e-02,2.52627615e-03
0.225500,1.22802512e-01,1.15302512e-01,7.686834,-2.86151304e-02,2.50927872e-03
0.226000,1.22788194e-01,1.15288194e-01,7.685880,-2.86353476e-02,2.52203982e-03
0.226500,1.22773866e-01,1.15273866e-01,7.684924,-2.86572276e-02,2.54107402e-03
0.227000,1.22759528e-01,1.15259528e-01,7.683969,-2.86753292e-02,2.53650981e-03
0.227500,1.22745183e-01,1.15245183e-01,7.683012,-2.86907088e-02,2.52535149e-03
0.228000,1.22730829e-01,1.15230829e-01,7.682055,-2.87078244e-02,2.53522004e-03
0.228500,1.22716466e-01,1.15216466e-01,7.681098,-2.87258998e-02,2.54178969e-03
0.229000,1.22702095e-01,1.15202095e-01,7.680140,-2.87417738e-02,2.53362872e-03
0.229500,1.22687716e-01,1.15187716e-01,7.679181,-2.87572906e-02,2.52509360e-03
0.230000,1.22673329e-01,1.15173329e-01,7.678222,-2.87749022e-02,2.52878874e-03
0.230500,1.22658932e-01,1.15158932e-01,7.677262,-2.87935885e-02,2.55211782e-03
0.231000,1.22644527e-01,1.15144527e-01,7.676302,-2.88096054e-02,2.56418115e-03
0.231500,1.22630117e-01,1.15130117e-01,7.675341,-2.88207248e-02,2.55060425e-03
0.232000,1.22615701e-01,1.15115701e-01,7.674380,-2.88310638e-02,2.54856198e-03
0.232500,1.22601280e-01,1.15101280e-01,7.673419,-2.88438128e-02,2.53727584e-03
0.233000,1.22586851e-01,1.15086851e-01,7.672457,-2.88578950e-02,2.55731868e-03
0.233500,1.22572415e-01,1.15072415e-01,7.671494,-2.88720584e-02,2.56427246e-03
0.234000,1.22557973e-01,1.15057973e-01,7.670532,-2.88823157e-02,2.56083582e-03
0.234500,1.22543528e-01,1.15043528e-01,7.669569,-2.88917350e-02,2.55358096e-03
0.235000,1.22529076e-01,1.15029076e-01,7.668605,-2.89023601e-02,2.53139269e-03
0.235500,1.22514618e-01,1.15014618e-01,7.667641,-2.89161384e-02,2.54316113e-03
0.236000,1.22500152e-01,1.15000152e-01,7.666677,-2.89325196e-02,2.54523857e-03
0.236500,1.22485679e-01,1.14985679e-01,7.665712,-2.89467847e-02,2.55157360e-03
0.237000,1.22471199e-01,1.14971199e-01,7.664747,-2.89601485e-02,2.54770522e-03
0.237500,1.22456712e-01,1.14956712e-01,7.663781,-2.89728141e-02,2.53913057e-03
0.238000,1.22442219e-01,1.14942219e-01,7.662815,-2.89868730e-02,2.55662271e-03
0.238500,1.22427718e-01,1.14927718e-01,7.661848,-2.90007933e-02,2.53991085e-03
0.239000,1.22413212e-01,1.14913212e-01,7.660881,-2.90133190e-02,2.52840789e-03
0.239500,1.22398697e-01,1.14898697e-01,7.659913,-2.90296059e-02,2.52563985e-03
0.240000,1.22384173e-01,1.14884173e-01,7.658945,-2.90480265e-02,2.53263626e-03
0.240500,1.22369640e-01,1.14869640e-01,7.657976,-2.90662830e-02,2.53955036e-03
0.241000,1.22355098e-01,1.14855098e-01,7.657007,-2.90827792e-02,2.53365750e-03
0.241500,1.22340549e-01,1.14840549e-01,7.656037,-2.90986612e-02,2.52634974e-03
0.242000,1.22325991e-01,1.14825991e-01,7.655066,-2.91161570e-02,2.51988732e-03
0.242500,1.22311423e-01,1.14811423e-01,7.654095,-2.91354241e-02,2.52175309e-03
0.243000,1.22296845e-01,1.14796845e-01,7.653123,-2.91555875e-02,2.54741675e-03
0.243500,1.22282259e-01,1.14782259e-01,7.652151,-2.91731753e-02,2.54666167e-03
0.244000,1.22267665e-01,1.14767665e-01,7.651178,-2.91866157e-02,2.54093132e-03
0.244500,1.22253065e-01,1.14753065e-01,7.650204,-2.92006868e-02,2.52520225e-03
0.245000,1.22238457e-01,1.14738457e-01,7.649230,-2.92170896e-02,2.53043330e-03
0.245500,1.22223839e-01,1.14723839e-01,7.648256,-2.92356128e-02,2.54196633e-03
0.246000,1.22209213e-01,1.14709213e-01,7.647281,-2.92522572e-02,2.53583741e-03
0.246500,1.22194579e-01,1.14694579e-01,7.646305,-2.92675497e-02,2.53494284e-03
0.247000,1.22179937e-01,1.14679937e-01,7.645329,-2.92839277e-02,2.54611694e-03
0.247500,1.22165287e-01,1.14665287e-01,7.644352,-2.92994646e-02,2.55601770e-03
0.248000,1.22150631e-01,1.14650631e-01,7.643375,-2.93122912e-02,2.54346147e-03
0.248500,1.22135969e-01,1.14635969e-01,7.642398,-2.93246022e-02,2.52861225e-03
0.249000,1.22121299e-01,1.14621299e-01,7.641420,-2.93402881e-02,2.53152421e-03
0.249500,1.22106620e-01,1.14606620e-01,7.640441,-2.93581548e-02,2.55075818e-03
0.250000,1.22091933e-01,1.14591933e-01,7.639462,-2.93738427e-02,2.56841466e-03
0.250500,1.22077240e-01,1.14577240e-01,7.638483,-2.93848110e-02,2.56192507e-03
0.251000,1.22062543e-01,1.14562543e-01,7.637503,-2.93934538e-02,2.54916419e-03
0.251500,1.22047841e-01,1.14547841e-01,7.636523,-2.94042906e-02,2.54238200e-03
0.252000,1.22033132e-01,1.14533132e-01,7.635542,-2.94178225e-02,2.56331912e-03
0.252500,1.22018417e-01,1.14518417e-01,7.634561,-2.94306168e-02,2.57186935e-03
0.253000,1.22003697e-01,1.14503697e-01,7.633580,-2.94392171e-02,2.56419929e-03
0.253500,1.21988974e-01,1.14488974e-01,7.632598,-2.94470916e-02,2.55185270e-03
0.254000,1.21974245e-01,1.14474245e-01,7.631616,-2.94573172e-02,2.53242374e-03
0.254500,1.21959510e-01,1.14459510e-01,7.630634,-2.94712881e-02,2.55959581e-03
0.255000,1.21944767e-01,1.14444767e-01,7.629651,-2.94860469e-02,2.55777681e-03
0.255500,1.21930018e-01,1.14430018e-01,7.628668,-2.94965046e-02,2.55674068e-03
0.256000,1.21915265e-01,1.14415265e-01,7.627684,-2.95073527e-02,2.55330240e-03
0.256500,1.21900505e-01,1.14400505e-01,7.626700,-2.95186749e-02,2.55633227e-03
0.257000,1.21885740e-01,1.14385740e-01,7.625716,-2.95302938e-02,2.56478871e-03
0.257500,1.21870970e-01,1.14370970e-01,7.624731,-2.95406674e-02,2.54267200e-03
0.258000,1.21856194e-01,1.14356194e-01,7.623746,-2.95516080e-02,2.53436096e-03
0.258500,1.21841411e-01,1.14341411e-01,7.622761,-2.95669152e-02,2.52994199e-03
0.259000,1.21826619e-01,1.14326619e-01,7.621775,-2.95839778e-02,2.54491191e-03
0.259500,1.21811818e-01,1.14311818e-01,7.620788,-2.96004424e-02,2.54631377e-03
0.260000,1.21797011e-01,1.14297011e-01,7.619801,-2.96143249e-02,2.53785758e-03
0.260500,1.21782197e-01,1.14282197e-01,7.618813,-2.96287249e-02,2.52885278e-03
0.261000,1.21767374e-01,1.14267374e-01,7.617825,-2.96453097e-02,2.52022763e-03
0.261500,1.21752542e-01,1.14252542e-01,7.616836,-2.96641357e-02,2.53374433e-03
0.262000,1.21737701e-01,1.14237701e-01,7.615847,-2.96831830e-02,2.55364187e-03
0.262500,1.21722851e-01,1.14222851e-01,7.614857,-2.96982513e-02,2.55686103e-03
0.263000,1.21707997e-01,1.14207997e-01,7.613866,-2.97097677e-02,2.53774384e-03
0.263500,1.21693135e-01,1.14193135e-01,7.612876,-2.97224458e-02,2.52521180e-03
0.264000,1.21678266e-01,1.14178266e-01,7.611884,-2.97393712e-02,2.53528645e-03
0.264500,1.21663387e-01,1.14163387e-01,7.610892,-2.97574636e-02,2.55148684e-03
0.265000,1.21648501e-01,1.14148501e-01,7.609900,-2.97724693e-02,2.54893774e-03
0.265500,1.21633608e-01,1.14133608e-01,7.608907,-2.97850401e-02,2.53852194e-03
0.266000,1.21618709e-01,1.14118709e-01,7.607914,-2.97989505e-02,2.54835827e-03
0.266500,1.21603802e-01,1.14103802e-01,7.606920,-2.98137015e-02,2.55489854e-03
0.267000,1.21588889e-01,1.14088889e-01,7.605926,-2.98262590e-02,2.54738579e-03
0.267500,1.21573969e-01,1.14073969e-01,7.604931,-2.98384069e-02,2.53490972e-03
0.268000,1.21559043e-01,1.14059043e-01,7.603936,-2.98528915e-02,2.54997309e-03
0.268500,1.21544109e-01,1.14044109e-01,7.602941,-2.98680929e-02,2.56708599e-03
0.269000,1.21529169e-01,1.14029169e-01,7.601945,-2.98793076e-02,2.57578866e-03
0.269500,1.21514226e-01,1.14014226e-01,7.600948,-2.98869428e-02,2.56084469e-03
0.270000,1.21499279e-01,1.13999279e-01,7.599952,-2.98944703e-02,2.55603956e-03
0.270500,1.21484326e-01,1.13984326e-01,7.598955,-2.99048766e-02,2.55085568e-03
0.271000,1.21469368e-01,1.13969368e-01,7.597958,-2.99165302e-02,2.56948803e-03
0.271500,1.21454404e-01,1.13954404e-01,7.596960,-2.99273877e-02,2.57992896e-03
0.272000,1.21439437e-01,1.13939437e-01,7.595962,-2.99342624e-02,2.57928853e-03
0.272500,1.21424467e-01,1.13924467e-01,7.594964,-2.99394792e-02,2.55268723e-03
0.273000,1.21409494e-01,1.13909494e-01,7.593966,-2.99471532e-02,2.54703310e-03
0.273500,1.21394514e-01,1.13894514e-01,7.592968,-2.99596954e-02,2.55232495e-03
0.274000,1.21379528e-01,1.13879528e-01,7.591969,-2.99726981e-02,2.55423971e-03
0.274500,1.21364535e-01,1.13864535e-01,7.590969,-2.99846625e-02,2.56954286e-03
0.275000,1.21349538e-01,1.13849538e-01,7.589969,-2.99949594e-02,2.55315972e-03
0.275500,1.21334536e-01,1.13834536e-01,7.588969,-3.00041920e-02,2.56856252e-03
0.276000,1.21319528e-01,1.13819528e-01,7.587969,-3.00147529e-02,2.55103797e-03
0.276500,1.21304516e-01,1.13804516e-01,7.586968,-3.00243341e-02,2.53649288e-03
0.277000,1.21289497e-01,1.13789497e-01,7.585966,-3.00380790e-02,2.53986723e-03
0.277500,1.21274470e-01,1.13774470e-01,7.584965,-3.00539140e-02,2.54678937e-03
0.278000,1.21259436e-01,1.13759436e-01,7.583962,-3.00685828e-02,2.55156966e-03
0.278500,1.21244395e-01,1.13744395e-01,7.582960,-3.00816923e-02,2.54278575e-03
0.279000,1.21229348e-01,1.13729348e-01,7.581957,-3.00947935e-02,2.53783130e-03
0.279500,1.21214293e-01,1.13714293e-01,7.580953,-3.01097751e-02,2.53144125e-03
0.280000,1.21199230e-01,1.13699230e-01,7.579949,-3.01261353e-02,2.53107163e-03
0.280500,1.21184158e-01,1.13684158e-01,7.578944,-3.01435775e-02,2.56043108e-03
0.281000,1.21169079e-01,1.13669079e-01,7.577939,-3.01584844e-02,2.56528283e-03
0.281500,1.21153995e-01,1.13653995e-01,7.576933,-3.01681413e-02,2.54849382e-03
0.282000,1.21138905e-01,1.13638905e-01,7.575927,-3.01784860e-02,2.53186051e-03
0.282500,1.21123809e-01,1.13623809e-01,7.574921,-3.01930583e-02,2.54058610e-03
0.283000,1.21108704e-01,1.13608704e-01,7.573914,-3.02095904e-02,2.55205489e-03
0.283500,1.21093592e-01,1.13593592e-01,7.572906,-3.02236756e-02,2.55574134e-03
0.284000,1.21078474e-01,1.13578474e-01,7.571898,-3.02355516e-02,2.54736491e-03
0.284500,1.21063351e-01,1.13563351e-01,7.570890,-3.02475629e-02,2.55693685e-03
0.285000,1.21048221e-01,1.13548221e-01,7.569881,-3.02601033e-02,2.55816328e-03
0.285500,1.21033085e-01,1.13533085e-01,7.568872,-3.02709635e-02,2.55524546e-03
0.286000,1.21017944e-01,1.13517944e-01,7.567863,-3.02818803e-02,2.53626264e-03
0.286500,1.21002797e-01,1.13502797e-01,7.566853,-3.02949546e-02,2.54778453e-03
0.287000,1.20987642e-01,1.13487642e-01,7.565843,-3.03101274e-02,2.57520779e-03
0.287500,1.20972481e-01,1.13472481e-01,7.564832,-3.03209834e-02,2.58214433e-03
0.288000,1.20957318e-01,1.13457318e-01,7.563821,-3.03267229e-02,2.56136444e-03
0.288500,1.20942151e-01,1.13442151e-01,7.562810,-3.03331608e-02,2.55521996e-03
0.289000,1.20926979e-01,1.13426979e-01,7.561799,-3.03435542e-02,2.55758566e-03
0.289500,1.20911802e-01,1.13411802e-01,7.560787,-3.03547474e-02,2.58571351e-03
0.290000,1.20896620e-01,1.13396620e-01,7.559775,-3.03630651e-02,2.58339296e-03
0.290500,1.20881437e-01,1.13381437e-01,7.558762,-3.03669691e-02,2.56889228e-03
0.291000,1.20866251e-01,1.13366251e-01,7.557750,-3.03725364e-02,2.54513990e-03
0.291500,1.20851059e-01,1.13351059e-01,7.556737,-3.03825849e-02,2.55384335e-03
0.292000,1.20835862e-01,1.13335862e-01,7.555724,-3.03957642e-02,2.57289980e-03
0.292500,1.20820659e-01,1.13320659e-01,7.554711,-3.04058294e-02,2.56858251e-03
0.293000,1.20805452e-01,1.13305452e-01,7.553697,-3.04131471e-02,2.57005034e-03
0.293500,1.20790242e-01,1.13290242e-01,7.552683,-3.04210439e-02,2.56423145e-03
0.294000,1.20775027e-01,1.13275027e-01,7.551668,-3.04292142e-02,2.57274782e-03
0.294500,1.20759808e-01,1.13259808e-01,7.550654,-3.04375870e-02,2.55178686e-03
0.295000,1.20744585e-01,1.13244585e-01,7.549639,-3.04464147e-02,2.54492374e-03
0.295500,1.20729355e-01,1.13229355e-01,7.548624,-3.04592912e-02,2.54178094e-03
0.296000,1.20714118e-01,1.13214118e-01,7.547608,-3.04735726e-02,2.55415334e-03
0.296500,1.20698875e-01,1.13198875e-01,7.546592,-3.04872760e-02,2.55198279e-03
0.297000,1.20683625e-01,1.13183625e-01,7.545575,-3.04991398e-02,2.55007844e-03
0.297500,1.20668370e-01,1.13168370e-01,7.544558,-3.05115283e-02,2.54210312e-03
0.298000,1.20653107e-01,1.13153107e-01,7.543540,-3.05249347e-02,2.52806663e-03
0.298500,1.20637837e-01,1.13137837e-01,7.542522,-3.05408918e-02,2.54574148e-03
0.299000,1.20622558e-01,1.13122558e-01,7.541504,-3.05575911e-02,2.56106856e-03
0.299500,1.20607273e-01,1.13107273e-01,7.540485,-3.05700327e-02,2.56108219e-03
0.300000,1.20591983e-01,1.13091983e-01,7.539466,-3.05799564e-02,2.54628921e-03
0.300500,1.20576687e-01,1.13076687e-01,7.538446,-3.05911858e-02,2.53631951e-03
0.301000,1.20561384e-01,1.13061384e-01,7.537426,-3.06057258e-02,2.54972483e-03
0.301500,1.20546074e-01,1.13046074e-01,7.536405,-3.06207176e-02,2.55530192e-03
0.302000,1.20530757e-01,1.13030757e-01,7.535384,-3.06330151e-02,2.54960251e-03
0.302500,1.20515435e-01,1.13015435e-01,7.534362,-3.06449007e-02,2.55622016e-03
0.303000,1.20500106e-01,1.13000106e-01,7.533340,-3.06571370e-02,2.57300557e-03
0.303500,1.20484773e-01,1.12984773e-01,7.532318,-3.06668026e-02,2.55882975e-03
0.304000,1.20469436e-01,1.12969436e-01,7.531296,-3.06749652e-02,2.54180034e-03
0.304500,1.20454092e-01,1.12954092e-01,7.530273,-3.06869614e-02,2.55113519e-03
0.305000,1.20438742e-01,1.12938742e-01,7.529249,-3.07009285e-02,2.56849636e-03
0.305500,1.20423386e-01,1.12923386e-01,7.528226,-3.07118277e-02,2.58684966e-03
0.306000,1.20408027e-01,1.12908027e-01,7.527202,-3.07182533e-02,2.57361985e-03
0.306500,1.20392665e-01,1.12892665e-01,7.526178,-3.07228349e-02,2.57280066e-03
0.307000,1.20377300e-01,1.12877300e-01,7.525153,-3.07296614e-02,2.55715349e-03
0.307500,1.20361931e-01,1.12861931e-01,7.524129,-3.07380060e-02,2.57549208e-03
0.308000,1.20346558e-01,1.12846558e-01,7.523104,-3.07472984e-02,2.58293879e-03
0.308500,1.20331181e-01,1.12831181e-01,7.522079,-3.07529210e-02,2.58677293e-03
0.309000,1.20315803e-01,1.12815803e-01,7.521054,-3.07569818e-02,2.57128935e-03
0.309500,1.20300422e-01,1.12800422e-01,7.520028,-3.07617821e-02,2.55231054e-03
0.310000,1.20285036e-01,1.12785036e-01,7.519002,-3.07708030e-02,2.56565538e-03
0.310500,1.20269646e-01,1.12769646e-01,7.517976,-3.07817604e-02,2.55983482e-03
0.311000,1.20254250e-01,1.12754250e-01,7.516950,-3.07910412e-02,2.58091487e-03
0.311500,1.20238850e-01,1.12738850e-01,7.515923,-3.07994138e-02,2.56348441e-03
0.312000,1.20223447e-01,1.12723447e-01,7.514896,-3.08058661e-02,2.57833057e-03
0.312500,1.20208040e-01,1.12708040e-01,7.513869,-3.08138680e-02,2.55973079e-03
0.313000,1.20192630e-01,1.12692630e-01,7.512842,-3.08210766e-02,2.54393610e-03
0.313500,1.20177214e-01,1.12677214e-01,7.511814,-3.08327359e-02,2.54839121e-03
0.314000,1.20161790e-01,1.12661790e-01,7.510786,-3.08465950e-02,2.55503477e-03
0.314500,1.20146361e-01,1.12646361e-01,7.509757,-3.08591350e-02,2.56066563e-03
0.315000,1.20130926e-01,1.12630926e-01,7.508728,-3.08700863e-02,2.55420413e-03
0.315500,1.20115485e-01,1.12615485e-01,7.507699,-3.08806843e-02,2.54163365e-03
0.316000,1.20100039e-01,1.12600039e-01,7.506669,-3.08934547e-02,2.53816658e-03
0.316500,1.20084584e-01,1.12584584e-01,7.505639,-3.09085959e-02,2.55173894e-03
0.317000,1.20069123e-01,1.12569123e-01,7.504608,-3.09231064e-02,2.57036643e-03
0.317500,1.20053656e-01,1.12553656e-01,7.503577,-3.09337411e-02,2.56255286e-03
0.318000,1.20038185e-01,1.12538185e-01,7.502546,-3.09420079e-02,2.55352523e-03
0.318500,1.20022709e-01,1.12522709e-01,7.501514,-3.09523560e-02,2.54088140e-03
0.319000,1.20007226e-01,1.12507226e-01,7.500482,-3.09653045e-02,2.55108815e-03
0.319500,1.19991736e-01,1.12491736e-01,7.499449,-3.09794267e-02,2.56008697e-03
0.320000,1.19976241e-01,1.12476241e-01,7.498416,-3.09910772e-02,2.55476498e-03
0.320500,1.19960740e-01,1.12460740e-01,7.497383,-3.10017206e-02,2.56706449e-03
0.321000,1.19945234e-01,1.12445234e-01,7.496349,-3.10121503e-02,2.57329488e-03
0.321500,1.19929724e-01,1.12429724e-01,7.495315,-3.10200096e-02,2.56131848e-03
0.322000,1.19914210e-01,1.12414210e-01,7.494281,-3.10279047e-02,2.54635855e-03
0.322500,1.19898690e-01,1.12398690e-01,7.493246,-3.10390891e-02,2.54941909e-03
0.323000,1.19883164e-01,1.12383164e-01,7.492211,-3.10524595e-02,2.57498975e-03
0.323500,1.19867633e-01,1.12367633e-01,7.491176,-3.10630664e-02,2.58617393e-03
0.324000,1.19852098e-01,1.12352098e-01,7.490140,-3.10684855e-02,2.57626261e-03
0.324500,1.19836562e-01,1.12336562e-01,7.489104,-3.10729444e-02,2.57134013e-03
0.325000,1.19821022e-01,1.12321022e-01,7.488068,-3.10794660e-02,2.56002722e-03
0.325500,1.19805478e-01,1.12305478e-01,7.487032,-3.10877963e-02,2.58321246e-03
0.326000,1.19789930e-01,1.12289930e-01,7.485995,-3.10959342e-02,2.59388106e-03
0.326500,1.19774381e-01,1.12274381e-01,7.484959,-3.10993216e-02,2.58654401e-03
0.327000,1.19758830e-01,1.12258830e-01,7.483922,-3.11016058e-02,2.56229851e-03
0.327500,1.19743276e-01,1.12243276e-01,7.482885,-3.11072387e-02,2.56174686e-03
0.328000,1.19727718e-01,1.12227718e-01,7.481848,-3.11169016e-02,2.57299430e-03
0.328500,1.19712155e-01,1.12212155e-01,7.480810,-3.11256606e-02,2.57085101e-03
0.329000,1.19696589e-01,1.12196589e-01,7.479773,-3.11327622e-02,2.58074745e-03
0.329500,1.19681019e-01,1.12181019e-01,7.478735,-3.11393407e-02,2.56865136e-03
0.330000,1.19665446e-01,1.12165446e-01,7.477696,-3.11453636e-02,2.58388610e-03
0.330500,1.19649870e-01,1.12149870e-01,7.476658,-3.11520258e-02,2.56051896e-03
0.331000,1.19634291e-01,1.12134291e-01,7.475619,-3.11582524e-02,2.55302318e-03
0.331500,1.19618707e-01,1.12118707e-01,7.474580,-3.11689789e-02,2.54862770e-03
0.332000,1.19603116e-01,1.12103116e-01,7.473541,-3.11813249e-02,2.56129335e-03
0.332500,1.19587519e-01,1.12087519e-01,7.472501,-3.11932727e-02,2.56086064e-03
0.333000,1.19571918e-01,1.12071918e-01,7.471461,-3.12031791e-02,2.55811304e-03
0.333500,1.19556311e-01,1.12056311e-01,7.470421,-3.12133994e-02,2.54960861e-03
0.334000,1.19540699e-01,1.12040699e-01,7.469380,-3.12248228e-02,2.53433102e-03
0.334500,1.19525079e-01,1.12025079e-01,7.468339,-3.12389936e-02,2.55680049e-03
0.335000,1.19509452e-01,1.12009452e-01,7.467297,-3.12536863e-02,2.56750741e-03
0.335500,1.19493820e-01,1.11993820e-01,7.466255,-3.12637427e-02,2.56493636e-03
0.336000,1.19478184e-01,1.11978184e-01,7.465212,-3.12722683e-02,2.55360367e-03
0.336500,1.19462543e-01,1.11962543e-01,7.464170,-3.12822180e-02,2.54852830e-03
0.337000,1.19446896e-01,1.11946896e-01,7.463126,-3.12944775e-02,2.56151234e-03
0.337500,1.19431243e-01,1.11931243e-01,7.462083,-3.13064223e-02,2.55798053e-03
0.338000,1.19415584e-01,1.11915584e-01,7.461039,-3.13165473e-02,2.55813671e-03
0.338500,1.19399921e-01,1.11899921e-01,7.459995,-3.13272384e-02,2.56726910e-03
0.339000,1.19384252e-01,1.11884252e-01,7.458950,-3.13370965e-02,2.57431512e-03
0.339500,1.19368580e-01,1.11868580e-01,7.457905,-3.13448319e-02,2.55995448e-03
0.340000,1.19352903e-01,1.11852903e-01,7.456860,-3.13526801e-02,2.55205628e-03
0.340500,1.19337222e-01,1.11837222e-01,7.455815,-3.13635847e-02,2.56823405e-03
0.341000,1.19321534e-01,1.11821534e-01,7.454769,-3.13743559e-02,2.58364790e-03
0.341500,1.19305844e-01,1.11805844e-01,7.453723,-3.13811076e-02,2.59038647e-03
0.342000,1.19290152e-01,1.11790152e-01,7.452677,-3.13847325e-02,2.57609886e-03
0.342500,1.19274457e-01,1.11774457e-01,7.451630,-3.13885142e-02,2.57478380e-03
0.343000,1.19258760e-01,1.11758760e-01,7.450584,-3.13947582e-02,2.57673983e-03
0.343500,1.19243059e-01,1.11743059e-01,7.449537,-3.14010453e-02,2.59264751e-03
0.344000,1.19227357e-01,1.11727357e-01,7.448490,-3.14056046e-02,2.59244026e-03
0.344500,1.19211653e-01,1.11711653e-01,7.447444,-3.14075701e-02,2.58358121e-03
0.345000,1.19195948e-01,1.11695948e-01,7.446397,-3.14103529e-02,2.55629461e-03
0.345500,1.19180239e-01,1.11680239e-01,7.445349,-3.14170031e-02,2.57294416e-03
0.346000,1.19164526e-01,1.11664526e-01,7.444302,-3.14266619e-02,2.57056041e-03
0.346500,1.19148809e-01,1.11648809e-01,7.443254,-3.14337974e-02,2.58047358e-03
0.347000,1.19133089e-01,1.11633089e-01,7.442206,-3.14404478e-02,2.57150322e-03
0.347500,1.19117366e-01,1.11617366e-01,7.441158,-3.14462636e-02,2.57578173e-03
0.348000,1.19101639e-01,1.11601639e-01,7.440109,-3.14531741e-02,2.58282783e-03
0.348500,1.19085910e-01,1.11585910e-01,7.439061,-3.14587590e-02,2.56212246e-03
0.349000,1.19070177e-01,1.11570177e-01,7.438012,-3.14650176e-02,2.54445769e-03
0.349500,1.19054439e-01,1.11554439e-01,7.436963,-3.14762381e-02,2.55387233e-03
0.350000,1.19038694e-01,1.11538694e-01,7.435913,-3.14895269e-02,2.56605295e-03
0.350500,1.19022944e-01,1.11522944e-01,7.434863,-3.15001927e-02,2.56188659e-03
0.351000,1.19007189e-01,1.11507189e-01,7.433813,-3.15092267e-02,2.55549480e-03
0.351500,1.18991430e-01,1.11491430e-01,7.432762,-3.15195101e-02,2.54348226e-03
0.352000,1.18975664e-01,1.11475664e-01,7.431711,-3.15319051e-02,2.55097892e-03
0.352500,1.18959891e-01,1.11459891e-01,7.430659,-3.15456099e-02,2.57576349e-03
0.353000,1.18944113e-01,1.11444113e-01,7.429608,-3.15558922e-02,2.57402154e-03
0.353500,1.18928332e-01,1.11428332e-01,7.428555,-3.15622588e-02,2.56154598e-03
0.354000,1.18912547e-01,1.11412547e-01,7.427503,-3.15700144e-02,2.54648844e-03
0.354500,1.18896756e-01,1.11396756e-01,7.426450,-3.15811500e-02,2.55751054e-03
0.355000,1.18880959e-01,1.11380959e-01,7.425397,-3.15937837e-02,2.56425838e-03
0.355500,1.18865157e-01,1.11365157e-01,7.424344,-3.16040107e-02,2.56003132e-03
0.356000,1.18849351e-01,1.11349351e-01,7.423290,-3.16135035e-02,2.57377238e-03
0.356500,1.18833539e-01,1.11333539e-01,7.422236,-3.16224754e-02,2.57964692e-03
0.357000,1.18817725e-01,1.11317725e-01,7.421182,-3.16286715e-02,2.56788715e-03
0.357500,1.18801908e-01,1.11301908e-01,7.420127,-3.16349427e-02,2.54890754e-03
0.358000,1.18786085e-01,1.11286085e-01,7.419072,-3.16448232e-02,2.55493182e-03
0.358500,1.18770257e-01,1.11270257e-01,7.418017,-3.16572876e-02,2.58491147e-03
0.359000,1.18754424e-01,1.11254424e-01,7.416962,-3.16661119e-02,2.59517401e-03
0.359500,1.18738589e-01,1.11238589e-01,7.415906,-3.16691060e-02,2.57995069e-03
0.360000,1.18722753e-01,1.11222753e-01,7.414850,-3.16717610e-02,2.57519592e-03
0.360500,1.18706914e-01,1.11206914e-01,7.413794,-3.16773361e-02,2.56917531e-03
0.361000,1.18691072e-01,1.11191072e-01,7.412738,-3.16842243e-02,2.59302858e-03
0.361500,1.18675227e-01,1.11175227e-01,7.411682,-3.16899921e-02,2.59895294e-03
0.362000,1.18659382e-01,1.11159382e-01,7.410625,-3.16913191e-02,2.58703012e-03
0.362500,1.18643535e-01,1.11143535e-01,7.409569,-3.16927276e-02,2.56017056e-03
0.363000,1.18627686e-01,1.11127686e-01,7.408512,-3.16984688e-02,2.56707281e-03
0.363500,1.18611832e-01,1.11111832e-01,7.407455,-3.17080102e-02,2.58525922e-03
0.364000,1.18595975e-01,1.11095975e-01,7.406398,-3.17148102e-02,2.58383540e-03
0.364500,1.18580115e-01,1.11080115e-01,7.405341,-3.17187497e-02,2.58357373e-03
0.365000,1.18564254e-01,1.11064254e-01,7.404284,-3.17229462e-02,2.58260600e-03
0.365500,1.18548390e-01,1.11048390e-01,7.403226,-3.17272712e-02,2.58591313e-03
0.366000,1.18532524e-01,1.11032524e-01,7.402168,-3.17314627e-02,2.55872965e-03
0.366500,1.18516656e-01,1.11016656e-01,7.401110,-3.17375146e-02,2.54409659e-03
0.367000,1.18500781e-01,1.11000781e-01,7.400052,-3.17493242e-02,2.55772201e-03
0.367500,1.18484900e-01,1.10984900e-01,7.398993,-3.17623319e-02,2.57260240e-03
0.368000,1.18469014e-01,1.10969014e-01,7.397934,-3.17717864e-02,2.56652369e-03
0.368500,1.18453124e-01,1.10953124e-01,7.396875,-3.17793350e-02,2.55996240e-03
0.369000,1.18437230e-01,1.10937230e-01,7.395815,-3.17884619e-02,2.53910320e-03
0.369500,1.18421330e-01,1.10921330e-01,7.394755,-3.18005105e-02,2.55009235e-03
0.370000,1.18405422e-01,1.10905422e-01,7.393695,-3.18150128e-02,2.56982570e-03
0.370500,1.18389509e-01,1.10889509e-01,7.392634,-3.18259657e-02,2.58553996e-03
0.371000,1.18373593e-01,1.10873593e-01,7.391573,-3.18322888e-02,2.56498272e-03
0.371500,1.18357674e-01,1.10857674e-01,7.390512,-3.18378492e-02,2.54434755e-03
0.372000,1.18341750e-01,1.10841750e-01,7.389450,-3.18486098e-02,2.56097557e-03
0.372500,1.18325819e-01,1.10825819e-01,7.388388,-3.18612885e-02,2.56827854e-03
0.373000,1.18309884e-01,1.10809884e-01,7.387326,-3.18705912e-02,2.56258816e-03
0.373500,1.18293944e-01,1.10793944e-01,7.386263,-3.18791977e-02,2.57069256e-03
0.374000,1.18278000e-01,1.10778000e-01,7.385200,-3.18880221e-02,2.58383766e-03
0.374500,1.18262053e-01,1.10762053e-01,7.384137,-3.18943534e-02,2.57139272e-03
0.375000,1.18246103e-01,1.10746103e-01,7.383074,-3.18996265e-02,2.55067306e-03
0.375500,1.18230149e-01,1.10730149e-01,7.382010,-3.19087752e-02,2.56423916e-03
0.376000,1.18214189e-01,1.10714189e-01,7.380946,-3.19201267e-02,2.58518344e-03
0.376500,1.18198225e-01,1.10698225e-01,7.379882,-3.19273987e-02,2.60191668e-03
0.377000,1.18182260e-01,1.10682260e-01,7.378817,-3.19297520e-02,2.58305856e-03
0.377500,1.18166295e-01,1.10666295e-01,7.377753,-3.19310249e-02,2.58254908e-03
0.378000,1.18150327e-01,1.10650327e-01,7.376688,-3.19354395e-02,2.57757233e-03
0.378500,1.18134357e-01,1.10634357e-01,7.375624,-3.19403779e-02,2.59716161e-03
0.379000,1.18118385e-01,1.10618385e-01,7.374559,-3.19444013e-02,2.60194269e-03
0.379500,1.18102412e-01,1.10602412e-01,7.373494,-3.19447854e-02,2.59280822e-03
0.380000,1.18086440e-01,1.10586440e-01,7.372429,-3.19451920e-02,2.56528465e-03
0.380500,1.18070465e-01,1.10570465e-01,7.371364,-3.19495321e-02,2.57289322e-03
0.381000,1.18054486e-01,1.10554486e-01,7.370299,-3.19577192e-02,2.57606380e-03
0.381500,1.18038504e-01,1.10538504e-01,7.369234,-3.19643764e-02,2.58602564e-03
0.382000,1.18022519e-01,1.10522519e-01,7.368168,-3.19696323e-02,2.57879764e-03
0.382500,1.18006532e-01,1.10506532e-01,7.367102,-3.19738914e-02,2.58095913e-03
0.383000,1.17990543e-01,1.10490543e-01,7.366036,-3.19791463e-02,2.58801691e-03
0.383500,1.17974551e-01,1.10474551e-01,7.364970,-3.19834222e-02,2.56987589e-03
0.384000,1.17958557e-01,1.10458557e-01,7.363904,-3.19881432e-02,2.54864905e-03
0.384500,1.17942558e-01,1.10442558e-01,7.362837,-3.19977199e-02,2.55682040e-03
0.385000,1.17926553e-01,1.10426553e-01,7.361770,-3.20100597e-02,2.57196469e-03
0.385500,1.17910543e-01,1.10410543e-01,7.360703,-3.20197187e-02,2.56791722e-03
0.386000,1.17894529e-01,1.10394529e-01,7.359635,-3.20272488e-02,2.55906688e-03
0.386500,1.17878511e-01,1.10378511e-01,7.358567,-3.20362260e-02,2.54773585e-03
0.387000,1.17862488e-01,1.10362488e-01,7.357499,-3.20476585e-02,2.56547060e-03
0.387500,1.17846458e-01,1.10346458e-01,7.356431,-3.20593834e-02,2.57811264e-03
0.388000,1.17830424e-01,1.10330424e-01,7.355362,-3.20670784e-02,2.57243433e-03
0.388500,1.17814388e-01,1.10314388e-01,7.354293,-3.20731995e-02,2.56357743e-03
0.389000,1.17798347e-01,1.10298347e-01,7.353223,-3.20810362e-02,2.55965839e-03
0.389500,1.17782302e-01,1.10282302e-01,7.352153,-3.20906737e-02,2.56466292e-03
0.390000,1.17766252e-01,1.10266252e-01,7.351083,-3.21005123e-02,2.56899513e-03
0.390500,1.17750197e-01,1.10250197e-01,7.350013,-3.21091461e-02,2.56402382e-03
0.391000,1.17734138e-01,1.10234138e-01,7.348943,-3.21175080e-02,2.57939869e-03
0.391500,1.17718076e-01,1.10218076e-01,7.347872,-3.21253269e-02,2.58069344e-03
0.392000,1.17702010e-01,1.10202010e-01,7.346801,-3.21305066e-02,2.57110568e-03
0.392500,1.17685942e-01,1.10185942e-01,7.345729,-3.21363214e-02,2.55702447e-03
0.393000,1.17669870e-01,1.10169870e-01,7.344658,-3.21449556e-02,2.56612938e-03
0.393500,1.17653792e-01,1.10153792e-01,7.343586,-3.21550971e-02,2.59873342e-03
0.394000,1.17637712e-01,1.10137712e-01,7.342514,-3.21608606e-02,2.59925628e-03
0.394500,1.17621631e-01,1.10121631e-01,7.341442,-3.21612240e-02,2.58088265e-03
0.395000,1.17605550e-01,1.10105550e-01,7.340370,-3.21631262e-02,2.57284567e-03
0.395500,1.17589465e-01,1.10089465e-01,7.339298,-3.21687561e-02,2.58992007e-03
0.396000,1.17573378e-01,1.10073378e-01,7.338225,-3.21741961e-02,2.60305098e-03
0.396500,1.17557290e-01,1.10057290e-01,7.337153,-3.21756712e-02,2.59429277e-03
0.397000,1.17541202e-01,1.10041202e-01,7.336080,-3.21757646e-02,2.57575247e-03
0.397500,1.17525113e-01,1.10025113e-01,7.335008,-3.21789354e-02,2.56379931e-03
0.398000,1.17509020e-01,1.10009020e-01,7.333935,-3.21862076e-02,2.59158990e-03
0.398500,1.17492923e-01,1.09992923e-01,7.332862,-3.21929854e-02,2.57987006e-03
0.399000,1.17476825e-01,1.09976825e-01,7.331788,-3.21962360e-02,2.59341135e-03
0.399500,1.17460725e-01,1.09960725e-01,7.330715,-3.22002137e-02,2.57962704e-03
0.400000,1.17444623e-01,1.09944623e-01,7.329642,-3.22031867e-02,2.59503738e-03
0.400500,1.17428520e-01,1.09928520e-01,7.328568,-3.22070606e-02,2.57102422e-03
0.401000,1.17412415e-01,1.09912415e-01,7.327494,-3.22105273e-02,2.56248201e-03
0.401500,1.17396305e-01,1.09896305e-01,7.326420,-3.22186923e-02,2.56007916e-03
0.402000,1.17380191e-01,1.09880191e-01,7.325346,-3.22284726e-02,2.57830858e-03
0.402500,1.17364073e-01,1.09864073e-01,7.324272,-3.22370355e-02,2.57205182e-03
0.403000,1.17347951e-01,1.09847951e-01,7.323197,-3.22431583e-02,2.56262358e-03
0.403500,1.17331825e-01,1.09831825e-01,7.322122,-3.22511421e-02,2.54982034e-03
0.404000,1.17315695e-01,1.09815695e-01,7.321046,-3.22618062e-02,2.54884928e-03
0.404500,1.17299557e-01,1.09799557e-01,7.319970,-3.22746585e-02,2.56967372e-03
0.405000,1.17283414e-01,1.09783414e-01,7.318894,-3.22858290e-02,2.58048734e-03
0.405500,1.17267268e-01,1.09767268e-01,7.317818,-3.22926238e-02,2.57740261e-03
0.406000,1.17251119e-01,1.09751119e-01,7.316741,-3.22979157e-02,2.55582829e-03
0.406500,1.17234966e-01,1.09734966e-01,7.315664,-3.23056217e-02,2.55778044e-03
0.407000,1.17218808e-01,1.09718808e-01,7.314587,-3.23166978e-02,2.57419612e-03
0.407500,1.17202645e-01,1.09702645e-01,7.313510,-3.23260018e-02,2.57537511e-03
0.408000,1.17186479e-01,1.09686479e-01,7.312432,-3.23325061e-02,2.56901650e-03
0.408500,1.17170309e-01,1.09670309e-01,7.311354,-3.23393789e-02,2.58121315e-03
0.409000,1.17154136e-01,1.09654136e-01,7.310276,-3.23462175e-02,2.57633031e-03
0.409500,1.17137960e-01,1.09637960e-01,7.309197,-3.23514850e-02,2.56482111e-03
0.410000,1.17121781e-01,1.09621781e-01,7.308119,-3.23585719e-02,2.56755437e-03
0.410500,1.17105597e-01,1.09605597e-01,7.307040,-3.23673071e-02,2.58047107e-03
0.411000,1.17089410e-01,1.09589410e-01,7.305961,-3.23744514e-02,2.60688697e-03
0.411500,1.17073221e-01,1.09573221e-01,7.304881,-3.23771390e-02,2.59050687e-03
0.412000,1.17057033e-01,1.09557033e-01,7.303802,-3.23769372e-02,2.58907985e-03
0.412500,1.17040843e-01,1.09540843e-01,7.302723,-3.23795513e-02,2.57841513e-03
0.413000,1.17024651e-01,1.09524651e-01,7.301643,-3.23833427e-02,2.59215738e-03
0.413500,1.17008458e-01,1.09508458e-01,7.300564,-3.23876703e-02,2.60973363e-03
0.414000,1.16992263e-01,1.09492263e-01,7.299484,-3.23881872e-02,2.60086696e-03
0.414500,1.16976070e-01,1.09476070e-01,7.298405,-3.23866019e-02,2.57296141e-03
0.415000,1.16959876e-01,1.09459876e-01,7.297325,-3.23889400e-02,2.57408289e-03
0.415500,1.16943678e-01,1.09443678e-01,7.296245,-3.23957612e-02,2.57910888e-03
0.416000,1.16927477e-01,1.09427477e-01,7.295165,-3.24019539e-02,2.59054196e-03
0.416500,1.16911274e-01,1.09411274e-01,7.294085,-3.24063104e-02,2.58460681e-03
0.417000,1.16895069e-01,1.09395069e-01,7.293005,-3.24093142e-02,2.58567377e-03
0.417500,1.16878862e-01,1.09378862e-01,7.291924,-3.24131983e-02,2.58711180e-03
0.418000,1.16862654e-01,1.09362654e-01,7.290844,-3.24167801e-02,2.57586831e-03
0.418500,1.16846443e-01,1.09346443e-01,7.289763,-3.24211199e-02,2.55589882e-03
0.419000,1.16830229e-01,1.09330229e-01,7.288682,-3.24290716e-02,2.56145763e-03
0.419500,1.16814009e-01,1.09314009e-01,7.287601,-3.24398109e-02,2.57521094e-03
0.420000,1.16797785e-01,1.09297785e-01,7.286519,-3.24484214e-02,2.56978676e-03
0.420500,1.16781557e-01,1.09281557e-01,7.285437,-3.24552531e-02,2.56249001e-03
0.421000,1.16765325e-01,1.09265325e-01,7.284355,-3.24636207e-02,2.55303510e-03
0.421500,1.16749088e-01,1.09249088e-01,7.283273,-3.24740225e-02,2.56963738e-03
0.422000,1.16732846e-01,1.09232846e-01,7.282190,-3.24845088e-02,2.58280473e-03
0.422500,1.16716601e-01,1.09216601e-01,7.281107,-3.24911047e-02,2.57337212e-03
0.423000,1.16700352e-01,1.09200352e-01,7.280023,-3.24963724e-02,2.56678166e-03
0.423500,1.16684100e-01,1.09184100e-01,7.278940,-3.25037718e-02,2.56515955e-03
0.424000,1.16667844e-01,1.09167844e-01,7.277856,-3.25123968e-02,2.57351767e-03
0.424500,1.16651584e-01,1.09151584e-01,7.276772,-3.25205491e-02,2.57345084e-03
0.425000,1.16635320e-01,1.09135320e-01,7.275688,-3.25273349e-02,2.56761027e-03
0.425500,1.16619053e-01,1.09119053e-01,7.274604,-3.25346481e-02,2.58272052e-03
0.426000,1.16602782e-01,1.09102782e-01,7.273519,-3.25415843e-02,2.58180240e-03
0.426500,1.16586509e-01,1.09086509e-01,7.272434,-3.25461204e-02,2.57734398e-03
0.427000,1.16570234e-01,1.09070234e-01,7.271349,-3.25512015e-02,2.56112599e-03
0.427500,1.16553954e-01,1.09053954e-01,7.270264,-3.25584488e-02,2.57706703e-03
0.428000,1.16537671e-01,1.09037671e-01,7.269178,-3.25669496e-02,2.60309595e-03
0.428500,1.16521386e-01,1.09021386e-01,7.268092,-3.25705314e-02,2.59630101e-03
0.429000,1.16505100e-01,1.09005100e-01,7.267007,-3.25704398e-02,2.58327928e-03
0.429500,1.16488814e-01,1.08988814e-01,7.265921,-3.25726153e-02,2.57816552e-03
0.430000,1.16472525e-01,1.08972525e-01,7.264835,-3.25773813e-02,2.59554081e-03
0.430500,1.16456235e-01,1.08956235e-01,7.263749,-3.25814507e-02,2.60987250e-03
0.431000,1.16439944e-01,1.08939944e-01,7.262663,-3.25813997e-02,2.59982502e-03
0.431500,1.16423654e-01,1.08923654e-01,7.261577,-3.25798838e-02,2.57357091e-03
0.432000,1.16407363e-01,1.08907363e-01,7.260491,-3.25823391e-02,2.56916826e-03
0.432500,1.16391068e-01,1.08891068e-01,7.259405,-3.25894948e-02,2.59245874e-03
0.433000,1.16374770e-01,1.08874770e-01,7.258318,-3.25953141e-02,2.59324325e-03
0.433500,1.16358472e-01,1.08858472e-01,7.257231,-3.25972396e-02,2.59273979e-03
0.434000,1.16342172e-01,1.08842172e-01,7.256145,-3.25990807e-02,2.58976999e-03
0.434500,1.16325872e-01,1.08825872e-01,7.255058,-3.26012672e-02,2.59429157e-03
0.435000,1.16309570e-01,1.08809570e-01,7.253971,-3.26035415e-02,2.56443914e-03
0.435500,1.16293266e-01,1.08793266e-01,7.252884,-3.26077128e-02,2.54944730e-03
0.436000,1.16276957e-01,1.08776957e-01,7.251797,-3.26181117e-02,2.57163255e-03
0.436500,1.16260642e-01,1.08760642e-01,7.250709,-3.26290108e-02,2.58232507e-03
0.437000,1.16244325e-01,1.08744325e-01,7.249622,-3.26353215e-02,2.57279188e-03
0.437500,1.16228004e-01,1.08728004e-01,7.248534,-3.26407193e-02,2.56512204e-03
0.438000,1.16211680e-01,1.08711680e-01,7.247445,-3.26483607e-02,2.54579930e-03
0.438500,1.16195351e-01,1.08695351e-01,7.246357,-3.26589700e-02,2.56630404e-03
0.439000,1.16179015e-01,1.08679015e-01,7.245268,-3.26709393e-02,2.58294798e-03
0.439500,1.16162676e-01,1.08662676e-01,7.244178,-3.26780698e-02,2.58334613e-03
0.440000,1.16146335e-01,1.08646335e-01,7.243089,-3.26824322e-02,2.56568846e-03
0.440500,1.16129991e-01,1.08629991e-01,7.241999,-3.26882904e-02,2.56032903e-03
0.441000,1.16113642e-01,1.08613642e-01,7.240909,-3.26975220e-02,2.57398269e-03
0.441500,1.16097289e-01,1.08597289e-01,7.239819,-3.27064264e-02,2.57599401e-03
0.442000,1.16080932e-01,1.08580932e-01,7.238729,-3.27129110e-02,2.56892497e-03
0.442500,1.16064573e-01,1.08564573e-01,7.237638,-3.27196903e-02,2.58175668e-03
0.443000,1.16048209e-01,1.08548209e-01,7.236547,-3.27264958e-02,2.58469819e-03
0.443500,1.16031844e-01,1.08531844e-01,7.235456,-3.27309342e-02,2.57362584e-03
0.444000,1.16015476e-01,1.08515476e-01,7.234365,-3.27358686e-02,2.57159292e-03
0.444500,1.15999105e-01,1.08499105e-01,7.233274,-3.27428009e-02,2.57883250e-03
0.445000,1.15982730e-01,1.08482730e-01,7.232182,-3.27494269e-02,2.60644220e-03
0.445500,1.15966354e-01,1.08466354e-01,7.231090,-3.27524228e-02,2.59771590e-03
0.446000,1.15949978e-01,1.08449978e-01,7.229999,-3.27516566e-02,2.59358190e-03
0.446500,1.15933601e-01,1.08433601e-01,7.228907,-3.27526889e-02,2.58083486e-03
0.447000,1.15917224e-01,1.08417224e-01,7.227815,-3.27555271e-02,2.59171454e-03
0.447500,1.15900844e-01,1.08400844e-01,7.226723,-3.27594965e-02,2.61488853e-03
0.448000,1.15884464e-01,1.08384464e-01,7.225631,-3.27596303e-02,2.60737169e-03
0.448500,1.15868086e-01,1.08368086e-01,7.224539,-3.27566234e-02,2.58172469e-03
0.449000,1.15851707e-01,1.08351707e-01,7.223447,-3.27571185e-02,2.57119469e-03
0.449500,1.15835326e-01,1.08335326e-01,7.222355,-3.27627561e-02,2.58332557e-03
0.450000,1.15818941e-01,1.08318941e-01,7.221263,-3.27690502e-02,2.59304268e-03
0.450500,1.15802555e-01,1.08302555e-01,7.220170,-3.27724932e-02,2.59343671e-03
0.451000,1.15786168e-01,1.08286168e-01,7.219078,-3.27743057e-02,2.58777763e-03
0.451500,1.15769780e-01,1.08269780e-01,7.217985,-3.27765538e-02,2.59485155e-03
0.452000,1.15753390e-01,1.08253390e-01,7.216893,-3.27791058e-02,2.56905325e-03
0.452500,1.15736999e-01,1.08236999e-01,7.215800,-3.27827772e-02,2.55946804e-03
0.453000,1.15720603e-01,1.08220603e-01,7.214707,-3.27915324e-02,2.56849571e-03
0.453500,1.15704202e-01,1.08204202e-01,7.213613,-3.28010634e-02,2.57942747e-03
0.454000,1.15687798e-01,1.08187798e-01,7.212520,-3.28081454e-02,2.57275650e-03
0.454500,1.15671391e-01,1.08171391e-01,7.211426,-3.28140221e-02,2.56373627e-03
0.455000,1.15654980e-01,1.08154980e-01,7.210332,-3.28217918e-02,2.55584583e-03
0.455500,1.15638565e-01,1.08138565e-01,7.209238,-3.28317404e-02,2.57389703e-03
0.456000,1.15622144e-01,1.08122144e-01,7.208143,-3.28413886e-02,2.58662972e-03
0.456500,1.15605720e-01,1.08105720e-01,7.207048,-3.28469468e-02,2.57651130e-03
0.457000,1.15589295e-01,1.08089295e-01,7.205953,-3.28513089e-02,2.56961707e-03
0.457500,1.15572866e-01,1.08072866e-01,7.204858,-3.28579420e-02,2.56830637e-03
0.458000,1.15556433e-01,1.08056433e-01,7.203762,-3.28658232e-02,2.57408753e-03
0.458500,1.15539996e-01,1.08039996e-01,7.202666,-3.28734084e-02,2.57960174e-03
0.459000,1.15523556e-01,1.08023556e-01,7.201570,-3.28795568e-02,2.57278316e-03
0.459500,1.15507114e-01,1.08007114e-01,7.200474,-3.28854025e-02,2.58555987e-03
0.460000,1.15490668e-01,1.07990668e-01,7.199378,-3.28912382e-02,2.58374130e-03
0.460500,1.15474221e-01,1.07974221e-01,7.198281,-3.28951367e-02,2.58005999e-03
0.461000,1.15457771e-01,1.07957771e-01,7.197185,-3.28996593e-02,2.56821347e-03
0.461500,1.15441318e-01,1.07941318e-01,7.196088,-3.29058339e-02,2.57864733e-03
0.462000,1.15424861e-01,1.07924861e-01,7.194991,-3.29130312e-02,2.60410280e-03
0.462500,1.15408403e-01,1.07908403e-01,7.193894,-3.29162644e-02,2.59791842e-03
0.463000,1.15391945e-01,1.07891945e-01,7.192796,-3.29158645e-02,2.59094252e-03
0.463500,1.15375487e-01,1.07875487e-01,7.191699,-3.29170968e-02,2.58092485e-03
0.464000,1.15359026e-01,1.07859026e-01,7.190602,-3.29203605e-02,2.60526390e-03
0.464500,1.15342565e-01,1.07842565e-01,7.189504,-3.29231170e-02,2.61551440e-03
0.465000,1.15326104e-01,1.07826104e-01,7.188407,-3.29209706e-02,2.59147740e-03
0.465500,1.15309645e-01,1.07809645e-01,7.187310,-3.29192663e-02,2.57149552e-03
0.466000,1.15293183e-01,1.07793183e-01,7.186212,-3.29232759e-02,2.58544435e-03
0.466500,1.15276719e-01,1.07776719e-01,7.185115,-3.29293332e-02,2.59392810e-03
0.467000,1.15260252e-01,1.07760252e-01,7.184017,-3.29323500e-02,2.59488739e-03
0.467500,1.15243785e-01,1.07743785e-01,7.182919,-3.29338888e-02,2.59283312e-03
0.468000,1.15227318e-01,1.07727318e-01,7.181821,-3.29354517e-02,2.60024860e-03
0.468500,1.15210849e-01,1.07710849e-01,7.180723,-3.29366963e-02,2.58585102e-03
0.469000,1.15194380e-01,1.07694380e-01,7.179625,-3.29379963e-02,2.56723061e-03
0.469500,1.15177909e-01,1.07677909e-01,7.178527,-3.29433068e-02,2.56186371e-03
0.470000,1.15161433e-01,1.07661433e-01,7.177429,-3.29521495e-02,2.57708733e-03
0.470500,1.15144952e-01,1.07644952e-01,7.176330,-3.29605274e-02,2.58194123e-03
0.471000,1.15128469e-01,1.07628469e-01,7.175231,-3.29659763e-02,2.57586698e-03
0.471500,1.15111984e-01,1.07611984e-01,7.174132,-3.29711652e-02,2.56410786e-03
0.472000,1.15095495e-01,1.07595495e-01,7.173033,-3.29783913e-02,2.55302678e-03
0.472500,1.15079000e-01,1.07579000e-01,7.171933,-3.29885282e-02,2.57741778e-03
0.473000,1.15062501e-01,1.07562501e-01,7.170833,-3.29983279e-02,2.58065261e-03
0.473500,1.15045999e-01,1.07545999e-01,7.169733,-3.30038365e-02,2.58359002e-03
0.474000,1.15029495e-01,1.07529495e-01,7.168633,-3.30085542e-02,2.56407992e-03
0.474500,1.15012988e-01,1.07512988e-01,7.167533,-3.30145146e-02,2.56496262e-03
0.475000,1.14996476e-01,1.07496476e-01,7.166432,-3.30236006e-02,2.58013707e-03
0.475500,1.14979960e-01,1.07479960e-01,7.165331,-3.30312000e-02,2.58089309e-03
0.476000,1.14963442e-01,1.07463442e-01,7.164229,-3.30362408e-02,2.57458319e-03
0.476500,1.14946921e-01,1.07446921e-01,7.163128,-3.30417153e-02,2.59075574e-03
0.477000,1.14930398e-01,1.07430398e-01,7.162027,-3.30467961e-02,2.58273647e-03
0.477500,1.14913873e-01,1.07413873e-01,7.160925,-3.30499302e-02,2.56946244e-03
0.478000,1.14897345e-01,1.07397345e-01,7.159823,-3.30555548e-02,2.57559393e-03
0.478500,1.14880814e-01,1.07380814e-01,7.158721,-3.30628170e-02,2.58968749e-03
0.479000,1.14864280e-01,1.07364280e-01,7.157619,-3.30678262e-02,2.61091263e-03
0.479500,1.14847746e-01,1.07347746e-01,7.156516,-3.30686444e-02,2.59930887e-03
0.480000,1.14831212e-01,1.07331212e-01,7.155414,-3.30670033e-02,2.59064831e-03
0.480500,1.14814678e-01,1.07314678e-01,7.154312,-3.30680334e-02,2.59230011e-03
0.481000,1.14798143e-01,1.07298143e-01,7.153210,-3.30703396e-02,2.60781104e-03
0.481500,1.14781607e-01,1.07281607e-01,7.152107,-3.30710030e-02,2.60815829e-03
0.482000,1.14765073e-01,1.07265073e-01,7.151005,-3.30690888e-02,2.59999134e-03
0.482500,1.14748539e-01,1.07248539e-01,7.149903,-3.30678396e-02,2.57590286e-03
0.483000,1.14732004e-01,1.07232004e-01,7.148800,-3.30700614e-02,2.58558110e-03
0.483500,1.14715466e-01,1.07215466e-01,7.147698,-3.30753829e-02,2.58283275e-03
0.484000,1.14698926e-01,1.07198926e-01,7.146595,-3.30793583e-02,2.60208012e-03
0.484500,1.14682385e-01,1.07182385e-01,7.145492,-3.30820831e-02,2.58664491e-03
0.485000,1.14665844e-01,1.07165844e-01,7.144390,-3.30830121e-02,2.60085577e-03
0.485500,1.14649301e-01,1.07149301e-01,7.143287,-3.30852191e-02,2.58214585e-03
0.486000,1.14632758e-01,1.07132758e-01,7.142184,-3.30867470e-02,2.57221910e-03
0.486500,1.14616212e-01,1.07116212e-01,7.141081,-3.30922248e-02,2.56959394e-03
0.487000,1.14599662e-01,1.07099662e-01,7.139977,-3.30995649e-02,2.57806432e-03
0.487500,1.14583109e-01,1.07083109e-01,7.138874,-3.31065870e-02,2.58079677e-03
0.488000,1.14566553e-01,1.07066553e-01,7.137770,-3.31119767e-02,2.56949429e-03
0.488500,1.14549994e-01,1.07049994e-01,7.136666,-3.31179170e-02,2.55736370e-03
0.489000,1.14533430e-01,1.07033430e-01,7.135562,-3.31267859e-02,2.55807758e-03
0.489500,1.14516862e-01,1.07016862e-01,7.134457,-3.31375836e-02,2.58644130e-03
0.490000,1.14500289e-01,1.07000289e-01,7.133353,-3.31457561e-02,2.59368452e-03
0.490500,1.14483714e-01,1.06983714e-01,7.132248,-3.31486307e-02,2.57845050e-03
0.491000,1.14467139e-01,1.06967139e-01,7.131143,-3.31516628e-02,2.56086454e-03
0.491500,1.14450559e-01,1.06950559e-01,7.130037,-3.31587515e-02,2.57071968e-03
0.492000,1.14433975e-01,1.06933975e-01,7.128932,-3.31678565e-02,2.58081621e-03
0.492500,1.14417388e-01,1.06917388e-01,7.127826,-3.31744505e-02,2.58319947e-03
0.493000,1.14400798e-01,1.06900798e-01,7.126720,-3.31791758e-02,2.58414641e-03
0.493500,1.14384207e-01,1.06884207e-01,7.125614,-3.31834261e-02,2.58846890e-03
0.494000,1.14367613e-01,1.06867613e-01,7.124508,-3.31871386e-02,2.57982480e-03
0.494500,1.14351018e-01,1.06851018e-01,7.123401,-3.31909057e-02,2.56796511e-03
0.495000,1.14334419e-01,1.06834419e-01,7.122295,-3.31971409e-02,2.57586565e-03
0.495500,1.14317817e-01,1.06817817e-01,7.121188,-3.32046249e-02,2.60932538e-03
0.496000,1.14301213e-01,1.06801213e-01,7.120081,-3.32078531e-02,2.60459294e-03
0.496500,1.14284610e-01,1.06784610e-01,7.118974,-3.32060054e-02,2.59298121e-03
0.497000,1.14268007e-01,1.06768007e-01,7.117867,-3.32059615e-02,2.58182266e-03
0.497500,1.14251403e-01,1.06751403e-01,7.116760,-3.32088110e-02,2.59825477e-03
0.498000,1.14234797e-01,1.06734797e-01,7.115653,-3.32120399e-02,2.61497641e-03
0.498500,1.14218191e-01,1.06718191e-01,7.114546,-3.32110920e-02,2.60983238e-03
0.499000,1.14201587e-01,1.06701587e-01,7.113439,-3.32078531e-02,2.58235858e-03
0.499500,1.14184983e-01,1.06684983e-01,7.112332,-3.32078881e-02,2.57390234e-03
0.500000,1.14168377e-01,1.06668377e-01,7.111225,-3.32131823e-02,2.59748712e-03
0.500500,1.14151768e-01,1.06651768e-01,7.110118,-3.32177796e-02,2.59891665e-03
0.501000,1.14135158e-01,1.06635158e-01,7.109011,-3.32183777e-02,2.60000141e-03
0.501500,1.14118549e-01,1.06618549e-01,7.107903,-3.32186452e-02,2.59706325e-03
0.502000,1.14101940e-01,1.06601940e-01,7.106796,-3.32189944e-02,2.59737465e-03
0.502500,1.14085330e-01,1.06585330e-01,7.105689,-3.32197985e-02,2.57554351e-03
0.503000,1.14068718e-01,1.06568718e-01,7.104581,-3.32224817e-02,2.55628296e-03
0.503500,1.14052103e-01,1.06552103e-01,7.103474,-3.32304528e-02,2.57560341e-03
0.504000,1.14035483e-01,1.06535483e-01,7.102366,-3.32398783e-02,2.58570092e-03
0.504500,1.14018861e-01,1.06518861e-01,7.101257,-3.32452385e-02,2.58019537e-03
0.505000,1.14002236e-01,1.06502236e-01,7.100149,-3.32494273e-02,2.56708937e-03
0.505500,1.13985608e-01,1.06485608e-01,7.099041,-3.32556790e-02,2.55146009e-03
0.506000,1.13968975e-01,1.06468975e-01,7.097932,-3.32654648e-02,2.57677826e-03
0.506500,1.13952338e-01,1.06452338e-01,7.096823,-3.32755784e-02,2.58674244e-03
0.507000,1.13935697e-01,1.06435697e-01,7.095713,-3.32806535e-02,2.58506109e-03
0.507500,1.13919055e-01,1.06419055e-01,7.094604,-3.32842411e-02,2.57105187e-03
0.508000,1.13902410e-01,1.06402410e-01,7.093494,-3.32893435e-02,2.56503096e-03
0.508500,1.13885762e-01,1.06385762e-01,7.092384,-3.32972786e-02,2.58273861e-03
0.509000,1.13869110e-01,1.06369110e-01,7.091274,-3.33046368e-02,2.58182967e-03
0.509500,1.13852455e-01,1.06352455e-01,7.090164,-3.33091676e-02,2.57821176e-03
0.510000,1.13835798e-01,1.06335798e-01,7.089053,-3.33141675e-02,2.59370211e-03
0.510500,1.13819139e-01,1.06319139e-01,7.087943,-3.33183919e-02,2.58551454e-03
0.511000,1.13802478e-01,1.06302478e-01,7.086832,-3.33207965e-02,2.57414744e-03
0.511500,1.13785815e-01,1.06285815e-01,7.085721,-3.33255507e-02,2.57808425e-03
0.512000,1.13769150e-01,1.06269150e-01,7.084610,-3.33318234e-02,2.58899556e-03
0.512500,1.13752481e-01,1.06252481e-01,7.083499,-3.33364849e-02,2.61788088e-03
0.513000,1.13735813e-01,1.06235813e-01,7.082388,-3.33368006e-02,2.60034806e-03
0.513500,1.13719146e-01,1.06219146e-01,7.081276,-3.33339234e-02,2.59501991e-03
0.514000,1.13702479e-01,1.06202479e-01,7.080165,-3.33343963e-02,2.59225279e-03
0.514500,1.13685811e-01,1.06185811e-01,7.079054,-3.33359888e-02,2.60981637e-03
0.515000,1.13669143e-01,1.06169143e-01,7.077943,-3.33364827e-02,2.61082712e-03
0.515500,1.13652476e-01,1.06152476e-01,7.076832,-3.33340031e-02,2.60083655e-03
0.516000,1.13635809e-01,1.06135809e-01,7.075721,-3.33322410e-02,2.57806251e-03
0.516500,1.13619142e-01,1.06119142e-01,7.074609,-3.33341330e-02,2.58866588e-03
0.517000,1.13602473e-01,1.06102473e-01,7.073498,-3.33388272e-02,2.58513574e-03
0.517500,1.13585802e-01,1.06085802e-01,7.072387,-3.33420924e-02,2.60654447e-03
0.518000,1.13569130e-01,1.06069130e-01,7.071275,-3.33440443e-02,2.59335710e-03
0.518500,1.13552458e-01,1.06052458e-01,7.070164,-3.33436467e-02,2.60171424e-03
0.519000,1.13535786e-01,1.06035786e-01,7.069052,-3.33446757e-02,2.58199448e-03
0.519500,1.13519113e-01,1.06019113e-01,7.067941,-3.33460759e-02,2.57318045e-03
0.520000,1.13502437e-01,1.06002437e-01,7.066829,-3.33514936e-02,2.57322416e-03
0.520500,1.13485758e-01,1.05985758e-01,7.065717,-3.33583548e-02,2.57516949e-03
0.521000,1.13469075e-01,1.05969075e-01,7.064605,-3.33650368e-02,2.58065083e-03
0.521500,1.13452390e-01,1.05952390e-01,7.063493,-3.33709148e-02,2.57493597e-03
0.522000,1.13435702e-01,1.05935702e-01,7.062380,-3.33763979e-02,2.56255340e-03
0.522500,1.13419010e-01,1.05919010e-01,7.061267,-3.33839143e-02,2.57532144e-03
0.523000,1.13402313e-01,1.05902313e-01,7.060154,-3.33923351e-02,2.58895131e-03
0.523500,1.13385615e-01,1.05885615e-01,7.059041,-3.33974542e-02,2.58626410e-03
0.524000,1.13368914e-01,1.05868914e-01,7.057928,-3.34005727e-02,2.57780149e-03
0.524500,1.13352212e-01,1.05852212e-01,7.056814,-3.34048807e-02,2.57052528e-03
0.525000,1.13335506e-01,1.05835506e-01,7.055700,-3.34112217e-02,2.57841582e-03
0.525500,1.13318797e-01,1.05818797e-01,7.054586,-3.34180599e-02,2.58295108e-03
0.526000,1.13302086e-01,1.05802086e-01,7.053472,-3.34232013e-02,2.57790418e-03
0.526500,1.13285372e-01,1.05785372e-01,7.052358,-3.34280443e-02,2.59110811e-03
0.527000,1.13268655e-01,1.05768655e-01,7.051244,-3.34325486e-02,2.58894486e-03
0.527500,1.13251938e-01,1.05751938e-01,7.050129,-3.34350759e-02,2.58462537e-03
0.528000,1.13235219e-01,1.05735219e-01,7.049015,-3.34383404e-02,2.57347418e-03
0.528500,1.13218497e-01,1.05718497e-01,7.047900,-3.34433001e-02,2.58297044e-03
0.529000,1.13201772e-01,1.05701772e-01,7.046785,-3.34492513e-02,2.60817341e-03
0.529500,1.13185047e-01,1.05685047e-01,7.045670,-3.34514147e-02,2.60176113e-03
0.530000,1.13168322e-01,1.05668322e-01,7.044555,-3.34500066e-02,2.59699380e-03
0.530500,1.13151597e-01,1.05651597e-01,7.043440,-3.34500729e-02,2.58670974e-03
0.531000,1.13134871e-01,1.05634871e-01,7.042325,-3.34518314e-02,2.61072630e-03
0.531500,1.13118144e-01,1.05618144e-01,7.041210,-3.34531551e-02,2.61274182e-03
0.532000,1.13101419e-01,1.05601419e-01,7.040095,-3.34503568e-02,2.60287053e-03
0.532500,1.13084695e-01,1.05584695e-01,7.038980,-3.34481004e-02,2.57304324e-03
0.533000,1.13067970e-01,1.05567970e-01,7.037865,-3.34501023e-02,2.59654897e-03
0.533500,1.13051242e-01,1.05551242e-01,7.036749,-3.34549236e-02,2.59486097e-03
0.534000,1.13034514e-01,1.05534514e-01,7.035634,-3.34560344e-02,2.60665690e-03
0.534500,1.13017786e-01,1.05517786e-01,7.034519,-3.34563794e-02,2.59639465e-03
0.535000,1.13001058e-01,1.05501058e-01,7.033404,-3.34556948e-02,2.59988130e-03
0.535500,1.12984330e-01,1.05484330e-01,7.032289,-3.34563870e-02,2.58187430e-03
0.536000,1.12967601e-01,1.05467601e-01,7.031173,-3.34580989e-02,2.57479716e-03
0.536500,1.12950869e-01,1.05450869e-01,7.030058,-3.34633934e-02,2.57600110e-03
0.537000,1.12934135e-01,1.05434135e-01,7.028942,-3.34697436e-02,2.58761225e-03
0.537500,1.12917397e-01,1.05417397e-01,7.027826,-3.34748695e-02,2.58508177e-03
0.538000,1.12900658e-01,1.05400658e-01,7.026711,-3.34783124e-02,2.56748679e-03
0.538500,1.12883916e-01,1.05383916e-01,7.025594,-3.34837266e-02,2.55934856e-03
0.539000,1.12867170e-01,1.05367170e-01,7.024478,-3.34927496e-02,2.56482878e-03
0.539500,1.12850418e-01,1.05350418e-01,7.023361,-3.35026244e-02,2.58340654e-03
0.540000,1.12833664e-01,1.05333664e-01,7.022244,-3.35099567e-02,2.59719181e-03
0.540500,1.12816907e-01,1.05316907e-01,7.021127,-3.35130195e-02,2.58021696e-03
0.541000,1.12800149e-01,1.05300149e-01,7.020010,-3.35153195e-02,2.55968718e-03
0.541500,1.12783388e-01,1.05283388e-01,7.018893,-3.35222222e-02,2.57850972e-03
0.542000,1.12766623e-01,1.05266623e-01,7.017775,-3.35308318e-02,2.58454461e-03
0.542500,1.12749855e-01,1.05249855e-01,7.016657,-3.35358169e-02,2.58208248e-03
0.543000,1.12733085e-01,1.05233085e-01,7.015539,-3.35400288e-02,2.58365380e-03
0.543500,1.12716313e-01,1.05216313e-01,7.014421,-3.35445060e-02,2.59236522e-03
0.544000,1.12699539e-01,1.05199539e-01,7.013303,-3.35479549e-02,2.58175742e-03
0.544500,1.12682763e-01,1.05182763e-01,7.012184,-3.35509113e-02,2.58187943e-03
0.545000,1.12665985e-01,1.05165985e-01,7.011066,-3.35555988e-02,2.58563763e-03
0.545500,1.12649205e-01,1.05149205e-01,7.009947,-3.35599340e-02,2.61184281e-03
0.546000,1.12632425e-01,1.05132425e-01,7.008828,-3.35613350e-02,2.60428313e-03
0.546500,1.12615645e-01,1.05115645e-01,7.007710,-3.35591013e-02,2.60139071e-03
0.547000,1.12598866e-01,1.05098866e-01,7.006591,-3.35583648e-02,2.58757195e-03
0.547500,1.12582086e-01,1.05082086e-01,7.005472,-3.35593250e-02,2.60879614e-03
0.548000,1.12565306e-01,1.05065306e-01,7.004354,-3.35606777e-02,2.61912663e-03
0.548500,1.12548527e-01,1.05048527e-01,7.003235,-3.35576319e-02,2.60513118e-03
0.549000,1.12531750e-01,1.05031750e-01,7.002117,-3.35541272e-02,2.58562289e-03
0.549500,1.12514973e-01,1.05014973e-01,7.000998,-3.35546455e-02,2.58631281e-03
0.550000,1.12498194e-01,1.04998194e-01,6.999880,-3.35583063e-02,2.59062342e-03
0.550500,1.12481413e-01,1.04981413e-01,6.998761,-3.35614726e-02,2.60331712e-03
0.551000,1.12464632e-01,1.04964632e-01,6.997642,-3.35628088e-02,2.59367478e-03
0.551500,1.12447850e-01,1.04947850e-01,6.996523,-3.35629131e-02,2.60446046e-03
0.552000,1.12431068e-01,1.04931068e-01,6.995405,-3.35636470e-02,2.59090206e-03
0.552500,1.12414286e-01,1.04914286e-01,6.994286,-3.35638087e-02,2.57301610e-03
0.553000,1.12397502e-01,1.04897502e-01,6.993167,-3.35677783e-02,2.57044137e-03
0.553500,1.12380715e-01,1.04880715e-01,6.992048,-3.35749125e-02,2.58425298e-03
0.554000,1.12363924e-01,1.04863924e-01,6.990928,-3.35812484e-02,2.58763021e-03
0.554500,1.12347132e-01,1.04847132e-01,6.989809,-3.35850176e-02,2.58064430e-03
0.555000,1.12330337e-01,1.04830337e-01,6.988689,-3.35888499e-02,2.56408244e-03
0.555500,1.12313540e-01,1.04813540e-01,6.987569,-3.35952938e-02,2.55716246e-03
0.556000,1.12296737e-01,1.04796737e-01,6.986449,-3.36050691e-02,2.58925248e-03
0.556500,1.12279931e-01,1.04779931e-01,6.985329,-3.36131434e-02,2.60074172e-03
0.557000,1.12263123e-01,1.04763123e-01,6.984208,-3.36149323e-02,2.58312179e-03
0.557500,1.12246315e-01,1.04746315e-01,6.983088,-3.36163926e-02,2.56463093e-03
0.558000,1.12229504e-01,1.04729504e-01,6.981967,-3.36223812e-02,2.57547394e-03
0.558500,1.12212689e-01,1.04712689e-01,6.980846,-3.36304474e-02,2.58829706e-03
0.559000,1.12195871e-01,1.04695871e-01,6.979725,-3.36355992e-02,2.58331687e-03
0.559500,1.12179051e-01,1.04679051e-01,6.978603,-3.36390857e-02,2.58442890e-03
0.560000,1.12162230e-01,1.04662230e-01,6.977482,-3.36432917e-02,2.59399383e-03
0.560500,1.12145406e-01,1.04645406e-01,6.976360,-3.36464694e-02,2.58594554e-03
0.561000,1.12128582e-01,1.04628582e-01,6.975239,-3.36487881e-02,2.57172898e-03
0.561500,1.12111755e-01,1.04611755e-01,6.974117,-3.36536854e-02,2.58515787e-03
0.562000,1.12094925e-01,1.04594925e-01,6.972995,-3.36597297e-02,2.61650598e-03
0.562500,1.12078095e-01,1.04578095e-01,6.971873,-3.36607972e-02,2.60408090e-03
0.563000,1.12061266e-01,1.04561266e-01,6.970751,-3.36578157e-02,2.59346922e-03
0.563500,1.12044437e-01,1.04544437e-01,6.969629,-3.36578127e-02,2.58552283e-03
0.564000,1.12027607e-01,1.04527607e-01,6.968507,-3.36602549e-02,2.60684752e-03
0.564500,1.12010776e-01,1.04510776e-01,6.967385,-3.36621164e-02,2.62112130e-03
0.565000,1.11993946e-01,1.04493946e-01,6.966263,-3.36592142e-02,2.60711808e-03
0.565500,1.11977119e-01,1.04477119e-01,6.965141,-3.36552063e-02,2.58118157e-03
0.566000,1.11960291e-01,1.04460291e-01,6.964019,-3.36557911e-02,2.58817895e-03
0.566500,1.11943461e-01,1.04443461e-01,6.962897,-3.36600161e-02,2.59845247e-03
0.567000,1.11926630e-01,1.04426630e-01,6.961775,-3.36621838e-02,2.60219179e-03
0.567500,1.11909799e-01,1.04409799e-01,6.960653,-3.36623338e-02,2.60133157e-03
0.568000,1.11892968e-01,1.04392968e-01,6.959531,-3.36619459e-02,2.60788929e-03
0.568500,1.11876137e-01,1.04376137e-01,6.958409,-3.36611194e-02,2.59417448e-03
0.569000,1.11859307e-01,1.04359307e-01,6.957287,-3.36604287e-02,2.57069921e-03
0.569500,1.11842475e-01,1.04342475e-01,6.956165,-3.36640658e-02,2.56453586e-03
0.570000,1.11825639e-01,1.04325639e-01,6.955043,-3.36721026e-02,2.58968539e-03
0.570500,1.11808799e-01,1.04308799e-01,6.953920,-3.36789278e-02,2.59171578e-03
0.571000,1.11791959e-01,1.04291959e-01,6.952797,-3.36814438e-02,2.57850916e-03
0.571500,1.11775116e-01,1.04275116e-01,6.951674,-3.36847940e-02,2.56117024e-03
0.572000,1.11758270e-01,1.04258270e-01,6.950551,-3.36918460e-02,2.56191908e-03
0.572500,1.11741419e-01,1.04241419e-01,6.949428,-3.37016790e-02,2.58238382e-03
0.573000,1.11724565e-01,1.04224565e-01,6.948304,-3.37095795e-02,2.60244335e-03
0.573500,1.11707708e-01,1.04207708e-01,6.947181,-3.37123458e-02,2.58175481e-03
0.574000,1.11690852e-01,1.04190852e-01,6.946057,-3.37136476e-02,2.56195076e-03
0.574500,1.11673992e-01,1.04173992e-01,6.944933,-3.37200976e-02,2.58088826e-03
0.575000,1.11657127e-01,1.04157127e-01,6.943808,-3.37281251e-02,2.59155913e-03
0.575500,1.11640261e-01,1.04140261e-01,6.942684,-3.37320995e-02,2.58263213e-03
0.576000,1.11623394e-01,1.04123394e-01,6.941560,-3.37351109e-02,2.57902846e-03
0.576500,1.11606524e-01,1.04106524e-01,6.940435,-3.37399068e-02,2.59420484e-03
0.577000,1.11589652e-01,1.04089652e-01,6.939310,-3.37439527e-02,2.58396848e-03
0.577500,1.11572779e-01,1.04072779e-01,6.938185,-3.37464115e-02,2.58009344e-03
0.578000,1.11555903e-01,1.04055903e-01,6.937060,-3.37508938e-02,2.58803292e-03
0.578500,1.11539026e-01,1.04039026e-01,6.935935,-3.37553105e-02,2.61612980e-03
0.579000,1.11522148e-01,1.04022148e-01,6.934810,-3.37559391e-02,2.60649228e-03
0.579500,1.11505271e-01,1.04005271e-01,6.933685,-3.37528061e-02,2.60276928e-03
0.580000,1.11488395e-01,1.03988395e-01,6.932560,-3.37515849e-02,2.58854458e-03
0.580500,1.11471519e-01,1.03971519e-01,6.931435,-3.37522328e-02,2.60777666e-03
0.581000,1.11454643e-01,1.03954643e-01,6.930310,-3.37535159e-02,2.62162983e-03
0.581500,1.11437767e-01,1.03937767e-01,6.929184,-3.37504162e-02,2.60883931e-03
0.582000,1.11420894e-01,1.03920894e-01,6.928060,-3.37461725e-02,2.58871342e-03
0.582500,1.11404021e-01,1.03904021e-01,6.926935,-3.37458087e-02,2.58726853e-03
0.583000,1.11387147e-01,1.03887147e-01,6.925810,-3.37488775e-02,2.59172375e-03
0.583500,1.11370271e-01,1.03870271e-01,6.924685,-3.37517896e-02,2.60499508e-03
0.584000,1.11353395e-01,1.03853395e-01,6.923560,-3.37527967e-02,2.59586221e-03
0.584500,1.11336518e-01,1.03836518e-01,6.922435,-3.37524320e-02,2.60632545e-03
0.585000,1.11319642e-01,1.03819642e-01,6.921309,-3.37526419e-02,2.59248833e-03
0.585500,1.11302766e-01,1.03802766e-01,6.920184,-3.37523571e-02,2.57601755e-03
0.586000,1.11285888e-01,1.03785888e-01,6.919059,-3.37558008e-02,2.57373950e-03
0.586500,1.11269007e-01,1.03769007e-01,6.917934,-3.37621506e-02,2.58488412e-03
0.587000,1.11252123e-01,1.03752123e-01,6.916808,-3.37678890e-02,2.58690652e-03
0.587500,1.11235237e-01,1.03735237e-01,6.915682,-3.37716186e-02,2.58249958e-03
0.588000,1.11218349e-01,1.03718349e-01,6.914557,-3.37754057e-02,2.56766072e-03
0.588500,1.11201459e-01,1.03701459e-01,6.913431,-3.37812286e-02,2.55842687e-03
0.589000,1.11184564e-01,1.03684564e-01,6.912304,-3.37903045e-02,2.59002006e-03
0.589500,1.11167665e-01,1.03667665e-01,6.911178,-3.37981033e-02,2.60160812e-03
0.590000,1.11150765e-01,1.03650765e-01,6.910051,-3.37996896e-02,2.58538758e-03
0.590500,1.11133864e-01,1.03633864e-01,6.908924,-3.38008073e-02,2.56660908e-03
0.591000,1.11116961e-01,1.03616961e-01,6.907797,-3.38062489e-02,2.57555996e-03
0.591500,1.11100054e-01,1.03600054e-01,6.906670,-3.38139826e-02,2.58636478e-03
0.592000,1.11083145e-01,1.03583145e-01,6.905543,-3.38192912e-02,2.58866769e-03
0.592500,1.11066233e-01,1.03566233e-01,6.904416,-3.38226219e-02,2.59180360e-03
0.593000,1.11049321e-01,1.03549321e-01,6.903288,-3.38252972e-02,2.59247537e-03
0.593500,1.11032407e-01,1.03532407e-01,6.902160,-3.38273981e-02,2.58685860e-03
0.594000,1.11015492e-01,1.03515492e-01,6.901033,-3.38298854e-02,2.57539521e-03
0.594500,1.10998575e-01,1.03498575e-01,6.899905,-3.38343086e-02,2.58913222e-03
0.595000,1.10981655e-01,1.03481655e-01,6.898777,-3.38393995e-02,2.61293672e-03
0.595500,1.10964735e-01,1.03464735e-01,6.897649,-3.38401299e-02,2.60690316e-03
0.596000,1.10947816e-01,1.03447816e-01,6.896521,-3.38374850e-02,2.59717122e-03
0.596500,1.10930898e-01,1.03430898e-01,6.895393,-3.38366913e-02,2.58822414e-03
0.597000,1.10913979e-01,1.03413979e-01,6.894265,-3.38382867e-02,2.61329363e-03
0.597500,1.10897059e-01,1.03397059e-01,6.893137,-3.38391347e-02,2.62009268e-03
0.598000,1.10880142e-01,1.03380142e-01,6.892009,-3.38352649e-02,2.60596379e-03
0.598500,1.10863226e-01,1.03363226e-01,6.890882,-3.38315280e-02,2.57760771e-03
0.599000,1.10846310e-01,1.03346310e-01,6.889754,-3.38326183e-02,2.59827702e-03
0.599500,1.10829391e-01,1.03329391e-01,6.888626,-3.38365373e-02,2.59613217e-03
0.600000,1.10812473e-01,1.03312473e-01,6.887498,-3.38372520e-02,2.61057721e-03
0.600500,1.10795554e-01,1.03295554e-01,6.886370,-3.38370416e-02,2.60114431e-03
0.601000,1.10778637e-01,1.03278637e-01,6.885242,-3.38352933e-02,2.60341856e-03
0.601500,1.10761719e-01,1.03261719e-01,6.884115,-3.38348928e-02,2.58478542e-03
0.602000,1.10744801e-01,1.03244801e-01,6.882987,-3.38357664e-02,2.57861661e-03
0.602500,1.10727881e-01,1.03227881e-01,6.881859,-3.38402452e-02,2.57856970e-03
0.603000,1.10710958e-01,1.03210958e-01,6.880731,-3.38457411e-02,2.59065536e-03
0.603500,1.10694033e-01,1.03194033e-01,6.879602,-3.38501761e-02,2.58932293e-03
0.604000,1.10677107e-01,1.03177107e-01,6.878474,-3.38527443e-02,2.57044972e-03
0.604500,1.10660178e-01,1.03160178e-01,6.877345,-3.38572001e-02,2.55872693e-03
0.605000,1.10643245e-01,1.03143245e-01,6.876216,-3.38657916e-02,2.56649925e-03
0.605500,1.10626307e-01,1.03126307e-01,6.875087,-3.38756207e-02,2.59568260e-03
0.606000,1.10609367e-01,1.03109367e-01,6.873958,-3.38815933e-02,2.59985500e-03
0.606500,1.10592425e-01,1.03092425e-01,6.872828,-3.38824048e-02,2.58024669e-03
0.607000,1.10575483e-01,1.03075483e-01,6.871699,-3.38842649e-02,2.56421234e-03
0.607500,1.10558538e-01,1.03058538e-01,6.870569,-3.38907626e-02,2.58218915e-03
0.608000,1.10541589e-01,1.03041589e-01,6.869439,-3.38983037e-02,2.58667517e-03
0.608500,1.10524638e-01,1.03024638e-01,6.868309,-3.39024963e-02,2.58288358e-03
0.609000,1.10507684e-01,1.03007684e-01,6.867179,-3.39062874e-02,2.59095940e-03
0.609500,1.10490729e-01,1.02990729e-01,6.866049,-3.39099872e-02,2.59377652e-03
0.610000,1.10473773e-01,1.02973773e-01,6.864918,-3.39121117e-02,2.58454237e-03
0.610500,1.10456816e-01,1.02956816e-01,6.863788,-3.39145901e-02,2.58463670e-03
0.611000,1.10439857e-01,1.02939857e-01,6.862657,-3.39185765e-02,2.58613264e-03
0.611500,1.10422896e-01,1.02922896e-01,6.861526,-3.39224151e-02,2.61916353e-03
0.612000,1.10405934e-01,1.02905934e-01,6.860396,-3.39230876e-02,2.60624793e-03
0.612500,1.10388974e-01,1.02888974e-01,6.859265,-3.39194780e-02,2.60508578e-03
0.613000,1.10372015e-01,1.02872015e-01,6.858134,-3.39180921e-02,2.58831270e-03
0.613500,1.10355056e-01,1.02855056e-01,6.857004,-3.39183801e-02,2.61836401e-03
0.614000,1.10338097e-01,1.02838097e-01,6.855873,-3.39187652e-02,2.62038149e-03
0.614500,1.10321140e-01,1.02821140e-01,6.854743,-3.39140373e-02,2.61010357e-03
0.615000,1.10304185e-01,1.02804185e-01,6.853612,-3.39098869e-02,2.58163440e-03
0.615500,1.10287230e-01,1.02787230e-01,6.852482,-3.39099414e-02,2.59146796e-03
0.616000,1.10270273e-01,1.02770273e-01,6.851352,-3.39138013e-02,2.59027856e-03
0.616500,1.10253315e-01,1.02753315e-01,6.850221,-3.39161516e-02,2.61144077e-03
0.617000,1.10236356e-01,1.02736356e-01,6.849090,-3.39168261e-02,2.59493121e-03
0.617500,1.10219399e-01,1.02719399e-01,6.847960,-3.39154853e-02,2.60827339e-03
0.618000,1.10202441e-01,1.02702441e-01,6.846829,-3.39156758e-02,2.58843941e-03
0.618500,1.10185483e-01,1.02685483e-01,6.845699,-3.39154292e-02,2.57854193e-03
0.619000,1.10168523e-01,1.02668523e-01,6.844568,-3.39193145e-02,2.57806843e-03
0.619500,1.10151561e-01,1.02651561e-01,6.843437,-3.39248670e-02,2.57777263e-03
0.620000,1.10134596e-01,1.02634596e-01,6.842306,-3.39305234e-02,2.58456366e-03
0.620500,1.10117628e-01,1.02617628e-01,6.841175,-3.39356279e-02,2.58297304e-03
0.621000,1.10100658e-01,1.02600658e-01,6.840044,-3.39397579e-02,2.56568596e-03
0.621500,1.10083685e-01,1.02583685e-01,6.838912,-3.39456776e-02,2.58156969e-03
0.622000,1.10066709e-01,1.02566709e-01,6.837781,-3.39530315e-02,2.59370072e-03
0.622500,1.10049730e-01,1.02549730e-01,6.836649,-3.39567046e-02,2.58748382e-03
0.623000,1.10032751e-01,1.02532751e-01,6.835517,-3.39589354e-02,2.57964962e-03
0.623500,1.10015769e-01,1.02515769e-01,6.834385,-3.39628797e-02,2.57936711e-03
0.624000,1.09998785e-01,1.02498785e-01,6.833252,-3.39681355e-02,2.58504885e-03
0.624500,1.09981799e-01,1.02481799e-01,6.832120,-3.39729352e-02,2.58844224e-03
0.625000,1.09964811e-01,1.02464811e-01,6.830987,-3.39765020e-02,2.58576018e-03
0.625500,1.09947821e-01,1.02447821e-01,6.829855,-3.39797487e-02,2.59791903e-03
0.626000,1.09930830e-01,1.02430830e-01,6.828722,-3.39823607e-02,2.58964196e-03
0.626500,1.09913838e-01,1.02413838e-01,6.827589,-3.39837079e-02,2.58469779e-03
0.627000,1.09896844e-01,1.02396844e-01,6.826456,-3.39868515e-02,2.57872105e-03
0.627500,1.09879849e-01,1.02379849e-01,6.825323,-3.39913355e-02,2.59535869e-03
0.628000,1.09862851e-01,1.02362851e-01,6.824190,-3.39953297e-02,2.62105760e-03
0.628500,1.09845854e-01,1.02345854e-01,6.823057,-3.39943197e-02,2.60198817e-03
0.629000,1.09828858e-01,1.02328858e-01,6.821924,-3.39907758e-02,2.59291547e-03
0.629500,1.09811863e-01,1.02311863e-01,6.820791,-3.39911654e-02,2.60312461e-03
0.630000,1.09794867e-01,1.02294867e-01,6.819658,-3.39921422e-02,2.61766851e-03
0.630500,1.09777872e-01,1.02277872e-01,6.818525,-3.39901566e-02,2.61004626e-03
0.631000,1.09760878e-01,1.02260878e-01,6.817392,-3.39864568e-02,2.59551054e-03
0.631500,1.09743886e-01,1.02243886e-01,6.816259,-3.39852938e-02,2.59101592e-03
0.632000,1.09726892e-01,1.02226892e-01,6.815126,-3.39869150e-02,2.60110014e-03
0.632500,1.09709898e-01,1.02209898e-01,6.813993,-3.39883827e-02,2.59817739e-03
0.633000,1.09692904e-01,1.02192904e-01,6.812860,-3.39884530e-02,2.60478400e-03
0.633500,1.09675910e-01,1.02175910e-01,6.811727,-3.39884190e-02,2.60352092e-03
0.634000,1.09658916e-01,1.02158916e-01,6.810594,-3.39874118e-02,2.61093860e-03
0.634500,1.09641923e-01,1.02141923e-01,6.809462,-3.39859562e-02,2.57781118e-03
0.635000,1.09624930e-01,1.02124930e-01,6.808329,-3.39862116e-02,2.56454969e-03
0.635500,1.09607933e-01,1.02107933e-01,6.807196,-3.39930794e-02,2.58343088e-03
0.636000,1.09590933e-01,1.02090933e-01,6.806062,-3.40004554e-02,2.59358771e-03
0.636500,1.09573931e-01,1.02073931e-01,6.804929,-3.40038328e-02,2.58717998e-03
0.637000,1.09556928e-01,1.02056928e-01,6.803795,-3.40061090e-02,2.57380572e-03
0.637500,1.09539923e-01,1.02039923e-01,6.802662,-3.40106200e-02,2.55965998e-03
0.638000,1.09522914e-01,1.02022914e-01,6.801528,-3.40185778e-02,2.58725049e-03
0.638500,1.09505900e-01,1.02005900e-01,6.800393,-3.40264190e-02,2.58898716e-03
0.639000,1.09488886e-01,1.01988886e-01,6.799259,-3.40295760e-02,2.59394793e-03
0.639500,1.09471870e-01,1.01971870e-01,6.798125,-3.40320093e-02,2.57259061e-03
0.640000,1.09454852e-01,1.01954852e-01,6.796990,-3.40355163e-02,2.57325512e-03
0.640500,1.09437831e-01,1.01937831e-01,6.795855,-3.40424716e-02,2.59145861e-03
0.641000,1.09420807e-01,1.01920807e-01,6.794720,-3.40477083e-02,2.58421699e-03
0.641500,1.09403781e-01,1.01903781e-01,6.793585,-3.40505961e-02,2.58562125e-03
0.642000,1.09386754e-01,1.01886754e-01,6.792450,-3.40545488e-02,2.60351933e-03
0.642500,1.09369726e-01,1.01869726e-01,6.791315,-3.40566885e-02,2.59115923e-03
0.643000,1.09352697e-01,1.01852697e-01,6.790180,-3.40569820e-02,2.57182208e-03
0.643500,1.09335667e-01,1.01835667e-01,6.789044,-3.40610149e-02,2.59060328e-03
0.644000,1.09318634e-01,1.01818634e-01,6.787909,-3.40665625e-02,2.61326545e-03
0.644500,1.09301600e-01,1.01801600e-01,6.786773,-3.40670223e-02,2.61506568e-03
0.645000,1.09284568e-01,1.01784568e-01,6.785638,-3.40636016e-02,2.60837988e-03
0.645500,1.09267538e-01,1.01767538e-01,6.784503,-3.40604765e-02,2.58993728e-03
0.646000,1.09250508e-01,1.01750508e-01,6.783367,-3.40600799e-02,2.60281683e-03
0.646500,1.09233477e-01,1.01733477e-01,6.782232,-3.40615730e-02,2.61999852e-03
0.647000,1.09216447e-01,1.01716447e-01,6.781096,-3.40594319e-02,2.62038262e-03
0.647500,1.09199420e-01,1.01699420e-01,6.779961,-3.40544355e-02,2.59666609e-03
0.648000,1.09182394e-01,1.01682394e-01,6.778826,-3.40514730e-02,2.58754797e-03
0.648500,1.09165368e-01,1.01665368e-01,6.777691,-3.40532112e-02,2.59214861e-03
0.649000,1.09148340e-01,1.01648340e-01,6.776556,-3.40560398e-02,2.60461778e-03
0.649500,1.09131311e-01,1.01631311e-01,6.775421,-3.40570105e-02,2.60136940e-03
0.650000,1.09114283e-01,1.01614283e-01,6.774286,-3.40562209e-02,2.61125803e-03
0.650500,1.09097256e-01,1.01597256e-01,6.773150,-3.40550903e-02,2.59206594e-03
0.651000,1.09080229e-01,1.01580229e-01,6.772015,-3.40540329e-02,2.57733624e-03
0.651500,1.09063200e-01,1.01563200e-01,6.770880,-3.40574293e-02,2.57942995e-03
0.652000,1.09046168e-01,1.01546168e-01,6.769745,-3.40630594e-02,2.58850548e-03
0.652500,1.09029135e-01,1.01529135e-01,6.768609,-3.40675432e-02,2.59052309e-03
0.653000,1.09012099e-01,1.01512099e-01,6.767473,-3.40703584e-02,2.57901163e-03
0.653500,1.08995063e-01,1.01495063e-01,6.766338,-3.40738601e-02,2.56857976e-03
0.654000,1.08978022e-01,1.01478022e-01,6.765201,-3.40801744e-02,2.56596777e-03
0.654500,1.08960978e-01,1.01460978e-01,6.764065,-3.40884326e-02,2.59437889e-03
0.655000,1.08943931e-01,1.01443931e-01,6.762929,-3.40946077e-02,2.60258337e-03
0.655500,1.08926883e-01,1.01426883e-01,6.761792,-3.40953921e-02,2.58647917e-03
0.656000,1.08909835e-01,1.01409835e-01,6.760656,-3.40962531e-02,2.56831963e-03
0.656500,1.08892784e-01,1.01392784e-01,6.759519,-3.41013642e-02,2.58064862e-03
0.657000,1.08875730e-01,1.01375730e-01,6.758382,-3.41083671e-02,2.58722558e-03
0.657500,1.08858674e-01,1.01358674e-01,6.757245,-3.41127639e-02,2.58898326e-03
0.658000,1.08841616e-01,1.01341616e-01,6.756108,-3.41159254e-02,2.59957786e-03
0.658500,1.08824557e-01,1.01324557e-01,6.754970,-3.41178615e-02,2.59472737e-03
0.659000,1.08807498e-01,1.01307498e-01,6.753833,-3.41184867e-02,2.58850262e-03
0.659500,1.08790438e-01,1.01290438e-01,6.752696,-3.41204588e-02,2.57929414e-03
0.660000,1.08773375e-01,1.01273375e-01,6.751558,-3.41242673e-02,2.58920992e-03
0.660500,1.08756311e-01,1.01256311e-01,6.750421,-3.41287111e-02,2.61373436e-03
0.661000,1.08739246e-01,1.01239246e-01,6.749283,-3.41293583e-02,2.60867506e-03
0.661500,1.08722183e-01,1.01222183e-01,6.748146,-3.41264257e-02,2.60289093e-03
0.662000,1.08705121e-01,1.01205121e-01,6.747008,-3.41248353e-02,2.59055369e-03
0.662500,1.08688058e-01,1.01188058e-01,6.745871,-3.41252855e-02,2.62038995e-03
0.663000,1.08670996e-01,1.01170996e-01,6.744733,-3.41251235e-02,2.61879885e-03
0.663500,1.08653935e-01,1.01153935e-01,6.743596,-3.41202029e-02,2.60499749e-03
0.664000,1.08636877e-01,1.01136877e-01,6.742458,-3.41167638e-02,2.58000304e-03
0.664500,1.08619818e-01,1.01119818e-01,6.741321,-3.41178010e-02,2.60217851e-03
0.665000,1.08602758e-01,1.01102758e-01,6.740184,-3.41209818e-02,2.59792067e-03
0.665500,1.08585697e-01,1.01085697e-01,6.739046,-3.41208976e-02,2.61348525e-03
0.666000,1.08568637e-01,1.01068637e-01,6.737909,-3.41201364e-02,2.60652053e-03
0.666500,1.08551578e-01,1.01051578e-01,6.736772,-3.41174352e-02,2.60942954e-03
0.667000,1.08534521e-01,1.01034521e-01,6.735635,-3.41156205e-02,2.58266000e-03
0.667500,1.08517463e-01,1.01017463e-01,6.734498,-3.41156950e-02,2.57232148e-03
0.668000,1.08500402e-01,1.01000402e-01,6.733360,-3.41210794e-02,2.58112783e-03
0.668500,1.08483339e-01,1.00983339e-01,6.732223,-3.41273828e-02,2.59122320e-03
0.669000,1.08466273e-01,1.00966273e-01,6.731085,-3.41313475e-02,2.58546647e-03
0.669500,1.08449206e-01,1.00949206e-01,6.729947,-3.41341635e-02,2.57949982e-03
0.670000,1.08432137e-01,1.00932137e-01,6.728809,-3.41384523e-02,2.55970069e-03
0.670500,1.08415064e-01,1.00915064e-01,6.727671,-3.41454716e-02,2.58809420e-03
0.671000,1.08397987e-01,1.00897987e-01,6.726532,-3.41532314e-02,2.59044644e-03
0.671500,1.08380909e-01,1.00880909e-01,6.725394,-3.41561209e-02,2.59161012e-03
0.672000,1.08363830e-01,1.00863830e-01,6.724255,-3.41585212e-02,2.57929710e-03
0.672500,1.08346749e-01,1.00846749e-01,6.723117,-3.41618191e-02,2.57373562e-03
0.673000,1.08329665e-01,1.00829665e-01,6.721978,-3.41676307e-02,2.59026160e-03
0.673500,1.08312579e-01,1.00812579e-01,6.720839,-3.41728943e-02,2.58732680e-03
0.674000,1.08295491e-01,1.00795491e-01,6.719699,-3.41757037e-02,2.58758919e-03
0.674500,1.08278401e-01,1.00778401e-01,6.718560,-3.41789718e-02,2.60181500e-03
0.675000,1.08261311e-01,1.00761311e-01,6.717421,-3.41809390e-02,2.59134756e-03
0.675500,1.08244220e-01,1.00744220e-01,6.716281,-3.41814957e-02,2.57421417e-03
0.676000,1.08227127e-01,1.00727127e-01,6.715142,-3.41852862e-02,2.59188668e-03
0.676500,1.08210032e-01,1.00710032e-01,6.714002,-3.41903275e-02,2.60941793e-03
0.677000,1.08192937e-01,1.00692937e-01,6.712862,-3.41909168e-02,2.61919801e-03
0.677500,1.08175843e-01,1.00675843e-01,6.711723,-3.41877625e-02,2.61214320e-03
0.678000,1.08158751e-01,1.00658751e-01,6.710583,-3.41836261e-02,2.59532111e-03
0.678500,1.08141660e-01,1.00641660e-01,6.709444,-3.41821355e-02,2.60171378e-03
0.679000,1.08124569e-01,1.00624569e-01,6.708305,-3.41828420e-02,2.61686299e-03
0.679500,1.08107478e-01,1.00607478e-01,6.707165,-3.41811593e-02,2.62373077e-03
0.680000,1.08090390e-01,1.00590390e-01,6.706026,-3.41763817e-02,2.60124181e-03
0.680500,1.08073304e-01,1.00573304e-01,6.704887,-3.41724649e-02,2.58494432e-03
0.681000,1.08056217e-01,1.00556217e-01,6.703748,-3.41736819e-02,2.59359529e-03
0.681500,1.08039128e-01,1.00539128e-01,6.702609,-3.41768102e-02,2.60558499e-03
0.682000,1.08022040e-01,1.00522040e-01,6.701469,-3.41774578e-02,2.60555352e-03
0.682500,1.08004952e-01,1.00504952e-01,6.700330,-3.41761394e-02,2.60908162e-03
0.683000,1.07987864e-01,1.00487864e-01,6.699191,-3.41745142e-02,2.59928028e-03
0.683500,1.07970778e-01,1.00470778e-01,6.698052,-3.41731762e-02,2.57849456e-03
0.684000,1.07953690e-01,1.00453690e-01,6.696913,-3.41752856e-02,2.57157229e-03
0.684500,1.07936599e-01,1.00436599e-01,6.695773,-3.41814203e-02,2.58601561e-03
0.685000,1.07919506e-01,1.00419506e-01,6.694634,-3.41874145e-02,2.59487781e-03
0.685500,1.07902411e-01,1.00402411e-01,6.693494,-3.41902535e-02,2.58788662e-03
0.686000,1.07885314e-01,1.00385314e-01,6.692354,-3.41922554e-02,2.56953537e-03
0.686500,1.07868216e-01,1.00368216e-01,6.691214,-3.41970279e-02,2.56152424e-03
0.687000,1.07851113e-01,1.00351113e-01,6.690074,-3.42055221e-02,2.59407415e-03
0.687500,1.07834007e-01,1.00334007e-01,6.688934,-3.42124538e-02,2.60556904e-03
0.688000,1.07816900e-01,1.00316900e-01,6.687793,-3.42130242e-02,2.58887093e-03
0.688500,1.07799794e-01,1.00299794e-01,6.686653,-3.42131834e-02,2.56987607e-03
0.689000,1.07782685e-01,1.00282685e-01,6.685512,-3.42177642e-02,2.57635070e-03
0.689500,1.07765573e-01,1.00265573e-01,6.684372,-3.42248915e-02,2.59253980e-03
0.690000,1.07748458e-01,1.00248458e-01,6.683231,-3.42295243e-02,2.58805727e-03
0.690500,1.07731342e-01,1.00231342e-01,6.682089,-3.42318950e-02,2.60272938e-03
0.691000,1.07714225e-01,1.00214225e-01,6.680948,-3.42337044e-02,2.59638557e-03
0.691500,1.07697108e-01,1.00197108e-01,6.679807,-3.42336656e-02,2.58778711e-03
0.692000,1.07679990e-01,1.00179990e-01,6.678666,-3.42354287e-02,2.57847228e-03
0.692500,1.07662871e-01,1.00162871e-01,6.677525,-3.42394273e-02,2.59115819e-03
0.693000,1.07645749e-01,1.00145749e-01,6.676383,-3.42438338e-02,2.61638860e-03
0.693500,1.07628627e-01,1.00128627e-01,6.675242,-3.42439263e-02,2.60874366e-03
0.694000,1.07611507e-01,1.00111507e-01,6.674100,-3.42405518e-02,2.60306151e-03
0.694500,1.07594387e-01,1.00094387e-01,6.672959,-3.42389351e-02,2.59126955e-03
0.695000,1.07577267e-01,1.00077267e-01,6.671818,-3.42392940e-02,2.62166750e-03
0.695500,1.07560148e-01,1.00060148e-01,6.670677,-3.42389015e-02,2.61996647e-03
0.696000,1.07543031e-01,1.00043031e-01,6.669535,-3.42336678e-02,2.60588766e-03
0.696500,1.07525916e-01,1.00025916e-01,6.668394,-3.42299583e-02,2.58078900e-03
0.697000,1.07508801e-01,1.00008801e-01,6.667253,-3.42307799e-02,2.60310213e-03
0.697500,1.07491684e-01,9.99916840e-02,6.666112,-3.42337499e-02,2.59889384e-03
0.698000,1.07474567e-01,9.99745670e-02,6.664971,-3.42334280e-02,2.61447323e-03
0.698500,1.07457451e-01,9.99574510e-02,6.663830,-3.42324197e-02,2.60744198e-03
0.699000,1.07440336e-01,9.99403360e-02,6.662689,-3.42294748e-02,2.61031255e-03
0.699500,1.07423223e-01,9.99232230e-02,6.661548,-3.42274306e-02,2.58353857e-03
0.700000,1.07406109e-01,9.99061090e-02,6.660407,-3.42272825e-02,2.57325276e-03
0.700500,1.07388993e-01,9.98889930e-02,6.659266,-3.42324402e-02,2.58206713e-03
0.701000,1.07371873e-01,9.98718730e-02,6.658125,-3.42385077e-02,2.59213029e-03
0.701500,1.07354752e-01,9.98547520e-02,6.656983,-3.42422379e-02,2.58634592e-03
0.702000,1.07337630e-01,9.98376300e-02,6.655842,-3.42448272e-02,2.58021905e-03
0.702500,1.07320505e-01,9.98205050e-02,6.654700,-3.42489080e-02,2.56049821e-03
0.703000,1.07303378e-01,9.98033780e-02,6.653559,-3.42557387e-02,2.58920527e-03
0.703500,1.07286246e-01,9.97862460e-02,6.652416,-3.42632693e-02,2.59142143e-03
0.704000,1.07269113e-01,9.97691130e-02,6.651274,-3.42658901e-02,2.59299714e-03
0.704500,1.07251979e-01,9.97519790e-02,6.650132,-3.42680077e-02,2.57989640e-03
0.705000,1.07234843e-01,9.97348430e-02,6.648990,-3.42710249e-02,2.57377016e-03
0.705500,1.07217705e-01,9.97177050e-02,6.647847,-3.42767350e-02,2.59333422e-03
0.706000,1.07200564e-01,9.97005640e-02,6.646704,-3.42817213e-02,2.58511676e-03
0.706500,1.07183422e-01,9.96834220e-02,6.645561,-3.42842215e-02,2.58957743e-03
0.707000,1.07166278e-01,9.96662780e-02,6.644419,-3.42876767e-02,2.60364082e-03
0.707500,1.07149134e-01,9.96491340e-02,6.643276,-3.42891560e-02,2.59322361e-03
0.708000,1.07131989e-01,9.96319890e-02,6.642133,-3.42892470e-02,2.57441324e-03
0.708500,1.07114843e-01,9.96148430e-02,6.640990,-3.42927118e-02,2.59400921e-03
0.709000,1.07097694e-01,9.95976940e-02,6.639846,-3.42975328e-02,2.61365873e-03
0.709500,1.07080545e-01,9.95805450e-02,6.638703,-3.42973986e-02,2.61991009e-03
0.710000,1.07063399e-01,9.95633990e-02,6.637560,-3.42934850e-02,2.60693234e-03
0.710500,1.07046254e-01,9.95462540e-02,6.636417,-3.42896923e-02,2.59210421e-03
0.711000,1.07029109e-01,9.95291090e-02,6.635274,-3.42893419e-02,2.60468965e-03
0.711500,1.07011964e-01,9.95119640e-02,6.634131,-3.42903135e-02,2.62235671e-03
0.712000,1.06994820e-01,9.94948200e-02,6.632988,-3.42876564e-02,2.62511959e-03
0.712500,1.06977679e-01,9.94776790e-02,6.631845,-3.42818539e-02,2.59849499e-03
0.713000,1.06960540e-01,9.94605400e-02,6.630703,-3.42779518e-02,2.58879141e-03
0.713500,1.06943400e-01,9.94434000e-02,6.629560,-3.42792798e-02,2.59241746e-03
0.714000,1.06926260e-01,9.94262600e-02,6.628417,-3.42818804e-02,2.60697196e-03
0.714500,1.06909118e-01,9.94091180e-02,6.627275,-3.42825988e-02,2.60351513e-03
0.715000,1.06891978e-01,9.93919780e-02,6.626132,-3.42812329e-02,2.61339424e-03
0.715500,1.06874838e-01,9.93748380e-02,6.624989,-3.42795611e-02,2.59407051e-03
0.716000,1.06857699e-01,9.93576990e-02,6.623847,-3.42779757e-02,2.57682853e-03
0.716500,1.06840558e-01,9.93405580e-02,6.622704,-3.42810878e-02,2.58300905e-03
0.717000,1.06823415e-01,9.93234150e-02,6.621561,-3.42864848e-02,2.59067171e-03
0.717500,1.06806270e-01,9.93062700e-02,6.620418,-3.42901894e-02,2.59243717e-03
0.718000,1.06789124e-01,9.92891240e-02,6.619275,-3.42924796e-02,2.57976808e-03
0.718500,1.06771976e-01,9.92719760e-02,6.618132,-3.42956001e-02,2.56821336e-03
0.719000,1.06754825e-01,9.92548250e-02,6.616988,-3.43018226e-02,2.56541274e-03
0.719500,1.06737670e-01,9.92376700e-02,6.615845,-3.43101901e-02,2.60384689e-03
0.720000,1.06720512e-01,9.92205120e-02,6.614701,-3.43156191e-02,2.60200577e-03
0.720500,1.06703355e-01,9.92033550e-02,6.613557,-3.43148998e-02,2.58639162e-03
0.721000,1.06686197e-01,9.91861970e-02,6.612413,-3.43158634e-02,2.57502194e-03
0.721500,1.06669037e-01,9.91690370e-02,6.611269,-3.43203963e-02,2.58267242e-03
0.722000,1.06651873e-01,9.91518730e-02,6.610125,-3.43261197e-02,2.59223843e-03
0.722500,1.06634709e-01,9.91347090e-02,6.608981,-3.43297410e-02,2.58742732e-03
0.723000,1.06617543e-01,9.91175430e-02,6.607836,-3.43322169e-02,2.59924662e-03
0.723500,1.06600375e-01,9.91003750e-02,6.606692,-3.43344378e-02,2.59581993e-03
0.724000,1.06583208e-01,9.90832080e-02,6.605547,-3.43350208e-02,2.58934723e-03
0.724500,1.06566039e-01,9.90660390e-02,6.604403,-3.43367388e-02,2.58058128e-03
0.725000,1.06548869e-01,9.90488690e-02,6.603258,-3.43402948e-02,2.59792949e-03
0.725500,1.06531697e-01,9.90316970e-02,6.602113,-3.43437563e-02,2.61627337e-03
0.726000,1.06514526e-01,9.90145260e-02,6.600968,-3.43427471e-02,2.60896688e-03
0.726500,1.06497356e-01,9.89973560e-02,6.599824,-3.43393718e-02,2.59883322e-03
0.727000,1.06480187e-01,9.89801870e-02,6.598679,-3.43380922e-02,2.60520628e-03
0.727500,1.06463018e-01,9.89630180e-02,6.597535,-3.43379132e-02,2.61897586e-03
0.728000,1.06445851e-01,9.89458510e-02,6.596390,-3.43354702e-02,2.61664031e-03
0.728500,1.06428685e-01,9.89286850e-02,6.595246,-3.43309726e-02,2.59822552e-03
0.729000,1.06411521e-01,9.89115210e-02,6.594101,-3.43284868e-02,2.58788931e-03
0.729500,1.06394356e-01,9.88943560e-02,6.592957,-3.43299387e-02,2.60696162e-03
0.730000,1.06377190e-01,9.88771900e-02,6.591813,-3.43314015e-02,2.60389603e-03
0.730500,1.06360025e-01,9.88600250e-02,6.590668,-3.43300036e-02,2.60959636e-03
0.731000,1.06342861e-01,9.88428610e-02,6.589524,-3.43286051e-02,2.60463221e-03
0.731500,1.06325698e-01,9.88256980e-02,6.588380,-3.43267094e-02,2.61318845e-03
0.732000,1.06308535e-01,9.88085350e-02,6.587236,-3.43248724e-02,2.58222657e-03
0.732500,1.06291373e-01,9.87913730e-02,6.586092,-3.43243680e-02,2.56720051e-03
0.733000,1.06274208e-01,9.87742080e-02,6.584947,-3.43302763e-02,2.58552921e-03
0.733500,1.06257039e-01,9.87570390e-02,6.583803,-3.43370315e-02,2.59746700e-03
0.734000,1.06239869e-01,9.87398690e-02,6.582658,-3.43397214e-02,2.59025410e-03
0.734500,1.06222699e-01,9.87226990e-02,6.581513,-3.43410887e-02,2.57668521e-03
0.735000,1.06205526e-01,9.87055260e-02,6.580368,-3.43448403e-02,2.56220066e-03
0.735500,1.06188350e-01,9.86883500e-02,6.579223,-3.43521007e-02,2.58643066e-03
0.736000,1.06171171e-01,9.86711710e-02,6.578078,-3.43595971e-02,2.59513369e-03
0.736500,1.06153989e-01,9.86539890e-02,6.576933,-3.43623453e-02,2.59713658e-03
0.737000,1.06136808e-01,9.86368080e-02,6.575787,-3.43634873e-02,2.57183012e-03
0.737500,1.06119624e-01,9.86196240e-02,6.574642,-3.43665380e-02,2.57819844e-03
0.738000,1.06102438e-01,9.86024380e-02,6.573496,-3.43731811e-02,2.59242673e-03
0.738500,1.06085249e-01,9.85852490e-02,6.572350,-3.43775204e-02,2.58412725e-03
0.739000,1.06068059e-01,9.85680590e-02,6.571204,-3.43802571e-02,2.59539545e-03
0.739500,1.06050867e-01,9.85508670e-02,6.570058,-3.43833604e-02,2.60344089e-03
0.740000,1.06033675e-01,9.85336750e-02,6.568912,-3.43839020e-02,2.59038380e-03
0.740500,1.06016483e-01,9.85164830e-02,6.567766,-3.43842770e-02,2.58726301e-03
0.741000,1.05999290e-01,9.84992900e-02,6.566619,-3.43870719e-02,2.59286875e-03
0.741500,1.05982095e-01,9.84820950e-02,6.565473,-3.43898837e-02,2.61961072e-03
0.742000,1.05964900e-01,9.84649000e-02,6.564327,-3.43894105e-02,2.61221618e-03
0.742500,1.05947707e-01,9.84477070e-02,6.563180,-3.43851998e-02,2.60991229e-03
0.743000,1.05930516e-01,9.84305160e-02,6.562034,-3.43824071e-02,2.59388969e-03
0.743500,1.05913325e-01,9.84133250e-02,6.560888,-3.43814094e-02,2.61137170e-03
0.744000,1.05896135e-01,9.83961350e-02,6.559742,-3.43814970e-02,2.62733001e-03
0.744500,1.05878946e-01,9.83789460e-02,6.558596,-3.43773029e-02,2.61939280e-03
0.745000,1.05861760e-01,9.83617600e-02,6.557451,-3.43711901e-02,2.58612482e-03
0.745500,1.05844576e-01,9.83445760e-02,6.556305,-3.43693222e-02,2.59541346e-03
0.746000,1.05827390e-01,9.83273900e-02,6.555159,-3.43720959e-02,2.59296456e-03
0.746500,1.05810203e-01,9.83102030e-02,6.554014,-3.43735608e-02,2.61788546e-03
0.747000,1.05793016e-01,9.82930160e-02,6.552868,-3.43732244e-02,2.60048191e-03
0.747500,1.05775831e-01,9.82758310e-02,6.551722,-3.43703346e-02,2.61018831e-03
0.748000,1.05758646e-01,9.82586460e-02,6.550576,-3.43694443e-02,2.59143400e-03
0.748500,1.05741462e-01,9.82414620e-02,6.549431,-3.43686185e-02,2.58272932e-03
0.749000,1.05724276e-01,9.82242760e-02,6.548285,-3.43716418e-02,2.58206050e-03
0.749500,1.05707088e-01,9.82070880e-02,6.547139,-3.43761537e-02,2.58203854e-03
0.750000,1.05689898e-01,9.81898980e-02,6.545993,-3.43807774e-02,2.58834182e-03
0.750500,1.05672705e-01,9.81727050e-02,6.544847,-3.43848473e-02,2.58653816e-03
0.751000,1.05655511e-01,9.81555110e-02,6.543701,-3.43880417e-02,2.56902065e-03
0.751500,1.05638315e-01,9.81383150e-02,6.542554,-3.43930811e-02,2.58476269e-03
0.752000,1.05621115e-01,9.81211150e-02,6.541408,-3.43996052e-02,2.59865859e-03
0.752500,1.05603914e-01,9.81039140e-02,6.540261,-3.44023156e-02,2.59135495e-03
0.753000,1.05586712e-01,9.80867120e-02,6.539114,-3.44033899e-02,2.58428307e-03
0.753500,1.05569509e-01,9.80695090e-02,6.537967,-3.44062889e-02,2.58096184e-03
0.754000,1.05552304e-01,9.80523040e-02,6.536820,-3.44106428e-02,2.58865628e-03
0.754500,1.05535096e-01,9.80350960e-02,6.535673,-3.44148618e-02,2.59138957e-03
0.755000,1.05517888e-01,9.80178880e-02,6.534526,-3.44175755e-02,2.59525768e-03
0.755500,1.05500678e-01,9.80006780e-02,6.533379,-3.44194985e-02,2.60252269e-03
0.756000,1.05483468e-01,9.79834680e-02,6.532231,-3.44201439e-02,2.59322257e-03
0.756500,1.05466258e-01,9.79662580e-02,6.531084,-3.44204186e-02,2.57493386e-03
0.757000,1.05449046e-01,9.79490460e-02,6.529936,-3.44238375e-02,2.58754868e-03
0.757500,1.05431831e-01,9.79318310e-02,6.528789,-3.44291442e-02,2.61580230e-03
0.758000,1.05414616e-01,9.79146160e-02,6.527641,-3.44298813e-02,2.62051109e-03
0.758500,1.05397403e-01,9.78974030e-02,6.526494,-3.44255626e-02,2.60031207e-03
0.759000,1.05380192e-01,9.78801920e-02,6.525346,-3.44222567e-02,2.59170427e-03
0.759500,1.05362981e-01,9.78629810e-02,6.524199,-3.44230286e-02,2.60805776e-03
0.760000,1.05345769e-01,9.78457690e-02,6.523051,-3.44237681e-02,2.62386763e-03
0.760500,1.05328559e-01,9.78285590e-02,6.521904,-3.44204243e-02,2.62166902e-03
0.761000,1.05311351e-01,9.78113510e-02,6.520757,-3.44146788e-02,2.59313295e-03
0.761500,1.05294145e-01,9.77941450e-02,6.519610,-3.44118175e-02,2.59060299e-03
0.762000,1.05276938e-01,9.77769380e-02,6.518463,-3.44138657e-02,2.60404231e-03
0.762500,1.05259731e-01,9.77597310e-02,6.517315,-3.44151411e-02,2.60855164e-03
0.763000,1.05242524e-01,9.77425240e-02,6.516168,-3.44138109e-02,2.60956570e-03
0.763500,1.05225318e-01,9.77253180e-02,6.515021,-3.44116506e-02,2.61479809e-03
0.764000,1.05208114e-01,9.77081140e-02,6.513874,-3.44088611e-02,2.59335600e-03
0.764500,1.05190910e-01,9.76909100e-02,6.512727,-3.44071083e-02,2.57789956e-03
0.765000,1.05173705e-01,9.76737050e-02,6.511580,-3.44102432e-02,2.58257426e-03
0.765500,1.05156497e-01,9.76564970e-02,6.510433,-3.44155027e-02,2.58721279e-03
0.766000,1.05139287e-01,9.76392870e-02,6.509286,-3.44195845e-02,2.59689044e-03
0.766500,1.05122076e-01,9.76220760e-02,6.508138,-3.44220489e-02,2.58445549e-03
0.767000,1.05104864e-01,9.76048640e-02,6.506991,-3.44240237e-02,2.56574320e-03
0.767500,1.05087650e-01,9.75876500e-02,6.505843,-3.44296949e-02,2.56925666e-03
0.768000,1.05070430e-01,9.75704300e-02,6.504695,-3.44381282e-02,2.59806097e-03
0.768500,1.05053209e-01,9.75532090e-02,6.503547,-3.44434376e-02,2.60393945e-03
0.769000,1.05035987e-01,9.75359870e-02,6.502399,-3.44434974e-02,2.58578759e-03
0.769500,1.05018765e-01,9.75187650e-02,6.501251,-3.44441969e-02,2.57206970e-03
0.770000,1.05001540e-01,9.75015400e-02,6.500103,-3.44490900e-02,2.58814910e-03
0.770500,1.04984313e-01,9.74843130e-02,6.498954,-3.44548139e-02,2.59316363e-03
0.771000,1.04967084e-01,9.74670840e-02,6.497806,-3.44574541e-02,2.58532578e-03
0.771500,1.04949854e-01,9.74498540e-02,6.496657,-3.44599639e-02,2.59427108e-03
0.772000,1.04932623e-01,9.74326230e-02,6.495508,-3.44629698e-02,2.59876501e-03
0.772500,1.04915391e-01,9.74153910e-02,6.494359,-3.44641094e-02,2.58641134e-03
0.773000,1.04898158e-01,9.73981580e-02,6.493211,-3.44656034e-02,2.58905516e-03
0.773500,1.04880923e-01,9.73809230e-02,6.492062,-3.44688923e-02,2.59989453e-03
0.774000,1.04863688e-01,9.73636880e-02,6.490913,-3.44707885e-02,2.62708919e-03
0.774500,1.04846454e-01,9.73464540e-02,6.489764,-3.44685004e-02,2.60990366e-03
0.775000,1.04829222e-01,9.73292220e-02,6.488615,-3.44632662e-02,2.60444079e-03
0.775500,1.04811992e-01,9.73119920e-02,6.487466,-3.44613370e-02,2.60354694e-03
0.776000,1.04794761e-01,9.72947610e-02,6.486317,-3.44603839e-02,2.62031013e-03
0.776500,1.04777532e-01,9.72775320e-02,6.485169,-3.44580953e-02,2.61868565e-03
0.777000,1.04760306e-01,9.72603060e-02,6.484020,-3.44531978e-02,2.60821328e-03
0.777500,1.04743081e-01,9.72430810e-02,6.482872,-3.44494930e-02,2.59670964e-03
0.778000,1.04725857e-01,9.72258570e-02,6.481724,-3.44485249e-02,2.59630645e-03
0.778500,1.04708632e-01,9.72086320e-02,6.480575,-3.44494816e-02,2.60214188e-03
0.779000,1.04691407e-01,9.71914070e-02,6.479427,-3.44499884e-02,2.61031516e-03
0.779500,1.04674183e-01,9.71741830e-02,6.478279,-3.44488143e-02,2.60080675e-03
0.780000,1.04656959e-01,9.71569590e-02,6.477131,-3.44471389e-02,2.60872815e-03
0.780500,1.04639736e-01,9.71397360e-02,6.475982,-3.44463244e-02,2.58930188e-03
0.781000,1.04622513e-01,9.71225130e-02,6.474834,-3.44459268e-02,2.57367782e-03
0.781500,1.04605288e-01,9.71052880e-02,6.473686,-3.44501006e-02,2.58078988e-03
0.782000,1.04588060e-01,9.70880600e-02,6.472537,-3.44562112e-02,2.59301916e-03
0.782500,1.04570830e-01,9.70708300e-02,6.471389,-3.44600726e-02,2.59081553e-03
0.783000,1.04553599e-01,9.70535990e-02,6.470240,-3.44621207e-02,2.57650124e-03
0.783500,1.04536366e-01,9.70363660e-02,6.469091,-3.44657963e-02,2.56512900e-03
0.784000,1.04519129e-01,9.70191290e-02,6.467942,-3.44728280e-02,2.59545186e-03
0.784500,1.04501890e-01,9.70018900e-02,6.466793,-3.44790460e-02,2.60728599e-03
0.785000,1.04484650e-01,9.69846500e-02,6.465643,-3.44792383e-02,2.59082410e-03
0.785500,1.04467411e-01,9.69674110e-02,6.464494,-3.44789429e-02,2.57285878e-03
0.786000,1.04450169e-01,9.69501690e-02,6.463345,-3.44829392e-02,2.58170547e-03
0.786500,1.04432925e-01,9.69329250e-02,6.462195,-3.44891033e-02,2.59381933e-03
0.787000,1.04415678e-01,9.69156780e-02,6.461045,-3.44927436e-02,2.58854055e-03
0.787500,1.04398431e-01,9.68984310e-02,6.459895,-3.44948615e-02,2.60375907e-03
0.788000,1.04381183e-01,9.68811830e-02,6.458746,-3.44965006e-02,2.60010584e-03
0.788500,1.04363935e-01,9.68639350e-02,6.457596,-3.44959636e-02,2.59095935e-03
0.789000,1.04346686e-01,9.68466860e-02,6.456446,-3.44968354e-02,2.58079579e-03
0.789500,1.04329436e-01,9.68294360e-02,6.455296,-3.45001076e-02,2.59299902e-03
0.790000,1.04312184e-01,9.68121840e-02,6.454146,-3.45039699e-02,2.61844397e-03
0.790500,1.04294932e-01,9.67949320e-02,6.452995,-3.45035784e-02,2.61109714e-03
0.791000,1.04277683e-01,9.67776830e-02,6.451846,-3.44996583e-02,2.60545120e-03
0.791500,1.04260434e-01,9.67604340e-02,6.450696,-3.44974438e-02,2.59609207e-03
0.792000,1.04243185e-01,9.67431850e-02,6.449546,-3.44969839e-02,2.62298850e-03
0.792500,1.04225937e-01,9.67259370e-02,6.448396,-3.44956827e-02,2.62121400e-03
0.793000,1.04208692e-01,9.67086920e-02,6.447246,-3.44901218e-02,2.60397238e-03
0.793500,1.04191449e-01,9.66914490e-02,6.446097,-3.44863768e-02,2.58476727e-03
0.794000,1.04174206e-01,9.66742060e-02,6.444947,-3.44871611e-02,2.60787741e-03
0.794500,1.04156961e-01,9.66569610e-02,6.443797,-3.44890556e-02,2.60452991e-03
0.795000,1.04139717e-01,9.66397170e-02,6.442648,-3.44874513e-02,2.61426880e-03
0.795500,1.04122475e-01,9.66224750e-02,6.441498,-3.44855355e-02,2.60769614e-03
0.796000,1.04105233e-01,9.66052330e-02,6.440349,-3.44826017e-02,2.61327035e-03
0.796500,1.04087993e-01,9.65879930e-02,6.439200,-3.44802543e-02,2.58404198e-03
0.797000,1.04070753e-01,9.65707530e-02,6.438050,-3.44795759e-02,2.56835695e-03
0.797500,1.04053511e-01,9.65535110e-02,6.436901,-3.44850839e-02,2.58707188e-03
0.798000,1.04036265e-01,9.65362650e-02,6.435751,-3.44915128e-02,2.59877977e-03
0.798500,1.04019018e-01,9.65190180e-02,6.434601,-3.44938333e-02,2.59199512e-03
0.799000,1.04001771e-01,9.65017710e-02,6.433451,-3.44948311e-02,2.57824435e-03
0.799500,1.03984522e-01,9.64845220e-02,6.432301,-3.44981589e-02,2.56364851e-03
0.800000,1.03967269e-01,9.64672690e-02,6.431151,-3.45050353e-02,2.59153031e-03
0.800500,1.03950013e-01,9.64500130e-02,6.430001,-3.45118431e-02,2.59382290e-03
0.801000,1.03932756e-01,9.64327560e-02,6.428850,-3.45138697e-02,2.59813905e-03
0.801500,1.03915499e-01,9.64154990e-02,6.427700,-3.45151383e-02,2.57647036e-03
0.802000,1.03898240e-01,9.63982400e-02,6.426549,-3.45176141e-02,2.58464377e-03
0.802500,1.03880978e-01,9.63809780e-02,6.425399,-3.45229254e-02,2.58908740e-03
0.803000,1.03863715e-01,9.63637150e-02,6.424248,-3.45265016e-02,2.58212448e-03
0.803500,1.03846450e-01,9.63464500e-02,6.423097,-3.45299638e-02,2.59673457e-03
0.804000,1.03829184e-01,9.63291840e-02,6.421946,-3.45332775e-02,2.60600452e-03
0.804500,1.03811917e-01,9.63119170e-02,6.420794,-3.45333725e-02,2.58991676e-03
0.805000,1.03794650e-01,9.62946500e-02,6.419643,-3.45333678e-02,2.58765469e-03
0.805500,1.03777382e-01,9.62773820e-02,6.418492,-3.45362048e-02,2.59482853e-03
0.806000,1.03760113e-01,9.62601130e-02,6.417341,-3.45387790e-02,2.62138683e-03
0.806500,1.03742844e-01,9.62428440e-02,6.416190,-3.45378269e-02,2.61348818e-03
0.807000,1.03725577e-01,9.62255770e-02,6.415038,-3.45332121e-02,2.61098419e-03
0.807500,1.03708312e-01,9.62083120e-02,6.413887,-3.45301158e-02,2.59493315e-03
0.808000,1.03691048e-01,9.61910480e-02,6.412737,-3.45288498e-02,2.61269737e-03
0.808500,1.03673783e-01,9.61737830e-02,6.411586,-3.45286489e-02,2.62871426e-03
0.809000,1.03656521e-01,9.61565210e-02,6.410435,-3.45241147e-02,2.62067030e-03
0.809500,1.03639263e-01,9.61392630e-02,6.409284,-3.45176616e-02,2.58789248e-03
0.810000,1.03622005e-01,9.61220050e-02,6.408134,-3.45154277e-02,2.59638572e-03
0.810500,1.03604746e-01,9.61047460e-02,6.406983,-3.45178251e-02,2.59389358e-03
0.811000,1.03587486e-01,9.60874860e-02,6.405832,-3.45190483e-02,2.61666439e-03
0.811500,1.03570227e-01,9.60702270e-02,6.404682,-3.45186672e-02,2.60112278e-03
0.812000,1.03552969e-01,9.60529690e-02,6.403531,-3.45159213e-02,2.61401721e-03
0.812500,1.03535712e-01,9.60357120e-02,6.402381,-3.45145872e-02,2.59343077e-03
0.813000,1.03518455e-01,9.60184550e-02,6.401230,-3.45129561e-02,2.58274889e-03
0.813500,1.03501198e-01,9.60011980e-02,6.400080,-3.45156498e-02,2.58203190e-03
0.814000,1.03483937e-01,9.59839370e-02,6.398929,-3.45201610e-02,2.58749090e-03
0.814500,1.03466675e-01,9.59666750e-02,6.397778,-3.45243073e-02,2.58869727e-03
0.815000,1.03449412e-01,9.59494120e-02,6.396627,-3.45274505e-02,2.58266864e-03
0.815500,1.03432146e-01,9.59321460e-02,6.395476,-3.45309286e-02,2.57144944e-03
0.816000,1.03414878e-01,9.59148780e-02,6.394325,-3.45363887e-02,2.59480711e-03
0.816500,1.03397607e-01,9.58976070e-02,6.393174,-3.45416258e-02,2.59695657e-03
0.817000,1.03380336e-01,9.58803360e-02,6.392022,-3.45428373e-02,2.59096409e-03
0.817500,1.03363064e-01,9.58630640e-02,6.390871,-3.45442257e-02,2.58367435e-03
0.818000,1.03345790e-01,9.58457900e-02,6.389719,-3.45472427e-02,2.58007207e-03
0.818500,1.03328514e-01,9.58285140e-02,6.388568,-3.45517753e-02,2.59393043e-03
0.819000,1.03311236e-01,9.58112360e-02,6.387416,-3.45556740e-02,2.58730765e-03
0.819500,1.03293957e-01,9.57939570e-02,6.386264,-3.45578826e-02,2.59825321e-03
0.820000,1.03276677e-01,9.57766770e-02,6.385112,-3.45602109e-02,2.60543244e-03
0.820500,1.03259397e-01,9.57593970e-02,6.383960,-3.45601072e-02,2.59481398e-03
0.821000,1.03242117e-01,9.57421170e-02,6.382808,-3.45597634e-02,2.57513325e-03
0.821500,1.03224836e-01,9.57248360e-02,6.381656,-3.45629034e-02,2.58696356e-03
0.822000,1.03207552e-01,9.57075520e-02,6.380503,-3.45682291e-02,2.62101291e-03
0.822500,1.03190267e-01,9.56902670e-02,6.379351,-3.45686015e-02,2.61705704e-03
0.823000,1.03172985e-01,9.56729850e-02,6.378199,-3.45637326e-02,2.60476592e-03
0.823500,1.03155705e-01,9.56557050e-02,6.377047,-3.45606000e-02,2.59308468e-03
0.824000,1.03138425e-01,9.56384250e-02,6.375895,-3.45605186e-02,2.61316124e-03
0.824500,1.03121145e-01,9.56211450e-02,6.374743,-3.45605802e-02,2.62881750e-03
0.825000,1.03103867e-01,9.56038670e-02,6.373591,-3.45559607e-02,2.61324115e-03
0.825500,1.03086592e-01,9.55865920e-02,6.372439,-3.45501476e-02,2.58844316e-03
0.826000,1.03069317e-01,9.55693170e-02,6.371288,-3.45490848e-02,2.60435481e-03
0.826500,1.03052042e-01,9.55520420e-02,6.370136,-3.45506872e-02,2.60406881e-03
0.827000,1.03034767e-01,9.55347670e-02,6.368984,-3.45497021e-02,2.61484435e-03
0.827500,1.03017493e-01,9.55174930e-02,6.367833,-3.45478112e-02,2.60844855e-03
0.828000,1.03000221e-01,9.55002210e-02,6.366681,-3.45447163e-02,2.60955576e-03
0.828500,1.02982949e-01,9.54829490e-02,6.365530,-3.45425738e-02,2.59092103e-03
0.829000,1.02965678e-01,9.54656780e-02,6.364379,-3.45418972e-02,2.58288277e-03
0.829500,1.02948406e-01,9.54484060e-02,6.363227,-3.45449912e-02,2.58175740e-03
0.830000,1.02931131e-01,9.54311310e-02,6.362075,-3.45495047e-02,2.59087955e-03
0.830500,1.02913854e-01,9.54138540e-02,6.360924,-3.45533964e-02,2.59494353e-03
0.831000,1.02896577e-01,9.53965770e-02,6.359772,-3.45554309e-02,2.58331165e-03
0.831500,1.02879298e-01,9.53792980e-02,6.358620,-3.45578265e-02,2.56432270e-03
0.832000,1.02862016e-01,9.53620160e-02,6.357468,-3.45638111e-02,2.58172036e-03
0.832500,1.02844730e-01,9.53447300e-02,6.356315,-3.45713756e-02,2.59772647e-03
0.833000,1.02827443e-01,9.53274430e-02,6.355163,-3.45746680e-02,2.59695326e-03
0.833500,1.02810155e-01,9.53101550e-02,6.354010,-3.45754004e-02,2.58347200e-03
0.834000,1.02792866e-01,9.52928660e-02,6.352858,-3.45774518e-02,2.57901897e-03
0.834500,1.02775575e-01,9.52755750e-02,6.351705,-3.45821107e-02,2.59335567e-03
0.835000,1.02758282e-01,9.52582820e-02,6.350552,-3.45862332e-02,2.59071346e-03
0.835500,1.02740988e-01,9.52409880e-02,6.349399,-3.45882350e-02,2.58873588e-03
0.836000,1.02723693e-01,9.52236930e-02,6.348246,-3.45908456e-02,2.60539861e-03
0.836500,1.02706397e-01,9.52063970e-02,6.347093,-3.45923077e-02,2.59715844e-03
0.837000,1.02689101e-01,9.51891010e-02,6.345940,-3.45917621e-02,2.57505868e-03
0.837500,1.02671803e-01,9.51718030e-02,6.344787,-3.45945238e-02,2.59415306e-03
0.838000,1.02654504e-01,9.51545040e-02,6.343634,-3.45992260e-02,2.61440008e-03
0.838500,1.02637204e-01,9.51372040e-02,6.342480,-3.45990026e-02,2.62301194e-03
0.839000,1.02619907e-01,9.51199070e-02,6.341327,-3.45946930e-02,2.61388693e-03
0.839500,1.02602612e-01,9.51026120e-02,6.340174,-3.45897761e-02,2.59944583e-03
0.840000,1.02585318e-01,9.50853180e-02,6.339021,-3.45876345e-02,2.60265425e-03
0.840500,1.02568024e-01,9.50680240e-02,6.337868,-3.45875805e-02,2.63139166e-03
0.841000,1.02550732e-01,9.50507320e-02,6.336715,-3.45844588e-02,2.62545359e-03
0.841500,1.02533444e-01,9.50334440e-02,6.335563,-3.45771432e-02,2.59950206e-03
0.842000,1.02516157e-01,9.50161570e-02,6.334410,-3.45730972e-02,2.58895980e-03
0.842500,1.02498870e-01,9.49988700e-02,6.333258,-3.45742449e-02,2.59647639e-03
0.843000,1.02481582e-01,9.49815820e-02,6.332105,-3.45764590e-02,2.61150938e-03
0.843500,1.02464294e-01,9.49642940e-02,6.330953,-3.45761097e-02,2.60719607e-03
0.844000,1.02447007e-01,9.49470070e-02,6.329800,-3.45736732e-02,2.61301679e-03
0.844500,1.02429721e-01,9.49297210e-02,6.328648,-3.45714304e-02,2.59539783e-03
0.845000,1.02412436e-01,9.49124360e-02,6.327496,-3.45697896e-02,2.58258629e-03
0.845500,1.02395150e-01,9.48951500e-02,6.326343,-3.45721747e-02,2.59015299e-03
0.846000,1.02377862e-01,9.48778620e-02,6.325191,-3.45759945e-02,2.58588692e-03
0.846500,1.02360573e-01,9.48605730e-02,6.324038,-3.45789491e-02,2.59380954e-03
0.847000,1.02343282e-01,9.48432820e-02,6.322885,-3.45819036e-02,2.58416634e-03
0.847500,1.02325990e-01,9.48259900e-02,6.321733,-3.45844099e-02,2.57041836e-03
0.848000,1.02308695e-01,9.48086950e-02,6.320580,-3.45897152e-02,2.58266816e-03
0.848500,1.02291397e-01,9.47913970e-02,6.319426,-3.45961949e-02,2.60062838e-03
0.849000,1.02274097e-01,9.47740970e-02,6.318273,-3.45990751e-02,2.59595665e-03
0.849500,1.02256797e-01,9.47567970e-02,6.317120,-3.45994191e-02,2.58691662e-03
0.850000,1.02239497e-01,9.47394970e-02,6.315966,-3.46013296e-02,2.58129616e-03
0.850500,1.02222194e-01,9.47221940e-02,6.314813,-3.46052215e-02,2.58391970e-03
0.851000,1.02204889e-01,9.47048890e-02,6.313659,-3.46098043e-02,2.59533556e-03
0.851500,1.02187583e-01,9.46875830e-02,6.312506,-3.46129470e-02,2.59376583e-03
0.852000,1.02170276e-01,9.46702760e-02,6.311352,-3.46143539e-02,2.60578611e-03
0.852500,1.02152968e-01,9.46529680e-02,6.310198,-3.46149557e-02,2.59514817e-03
0.853000,1.02135661e-01,9.46356610e-02,6.309044,-3.46145243e-02,2.58057179e-03
0.853500,1.02118352e-01,9.46183520e-02,6.307890,-3.46171285e-02,2.58211147e-03
0.854000,1.02101041e-01,9.46010410e-02,6.306736,-3.46219902e-02,2.61147537e-03
0.854500,1.02083729e-01,9.45837290e-02,6.305582,-3.46240027e-02,2.62723264e-03
0.855000,1.02066419e-01,9.45664190e-02,6.304428,-3.46198002e-02,2.60846790e-03
0.855500,1.02049112e-01,9.45491120e-02,6.303274,-3.46146694e-02,2.59569878e-03
0.856000,1.02031805e-01,9.45318050e-02,6.302120,-3.46137489e-02,2.61268088e-03
0.856500,1.02014498e-01,9.45144980e-02,6.300967,-3.46134237e-02,2.61866602e-03
0.857000,1.01997193e-01,9.44971930e-02,6.299813,-3.46097807e-02,2.61968367e-03
0.857500,1.01979891e-01,9.44798910e-02,6.298659,-3.46050649e-02,2.59817575e-03
0.858000,1.01962590e-01,9.44625900e-02,6.297506,-3.46020837e-02,2.58952909e-03
0.858500,1.01945288e-01,9.44452880e-02,6.296353,-3.46033988e-02,2.60905304e-03
0.859000,1.01927986e-01,9.44279860e-02,6.295199,-3.46044075e-02,2.61073143e-03
0.859500,1.01910685e-01,9.44106850e-02,6.294046,-3.46020617e-02,2.61223696e-03
0.860000,1.01893385e-01,9.43933850e-02,6.292892,-3.45993073e-02,2.61453382e-03
0.860500,1.01876087e-01,9.43760870e-02,6.291739,-3.45961025e-02,2.59484192e-03
0.861000,1.01858790e-01,9.43587900e-02,6.290586,-3.45942618e-02,2.58038851e-03
0.861500,1.01841492e-01,9.43414920e-02,6.289433,-3.45969325e-02,2.58006408e-03
0.862000,1.01824191e-01,9.43241910e-02,6.288279,-3.46020053e-02,2.60151148e-03
0.862500,1.01806888e-01,9.43068880e-02,6.287126,-3.46052350e-02,2.59879593e-03
0.863000,1.01789585e-01,9.42895850e-02,6.285972,-3.46051830e-02,2.57774417e-03
0.863500,1.01772282e-01,9.42722820e-02,6.284819,-3.46074383e-02,2.56550244e-03
0.864000,1.01754975e-01,9.42549750e-02,6.283665,-3.46142328e-02,2.57181449e-03
0.864500,1.01737663e-01,9.42376630e-02,6.282511,-3.46224794e-02,2.60158798e-03
0.865000,1.01720350e-01,9.42203500e-02,6.281357,-3.46270570e-02,2.60705898e-03
0.865500,1.01703037e-01,9.42030370e-02,6.280202,-3.46262618e-02,2.58733420e-03
0.866000,1.01685724e-01,9.41857240e-02,6.279048,-3.46263123e-02,2.57055484e-03
0.866500,1.01668408e-01,9.41684080e-02,6.277894,-3.46310854e-02,2.58949301e-03
0.867000,1.01651090e-01,9.41510900e-02,6.276739,-3.46369392e-02,2.59531553e-03
0.867500,1.01633770e-01,9.41337700e-02,6.275585,-3.46391685e-02,2.58748178e-03
0.868000,1.01616449e-01,9.41164490e-02,6.274430,-3.46411343e-02,2.59554733e-03
0.868500,1.01599128e-01,9.40991280e-02,6.273275,-3.46436733e-02,2.59984450e-03
0.869000,1.01581805e-01,9.40818050e-02,6.272120,-3.46445079e-02,2.59071337e-03
0.869500,1.01564483e-01,9.40644830e-02,6.270966,-3.46454443e-02,2.59095123e-03
0.870000,1.01547159e-01,9.40471590e-02,6.269811,-3.46478590e-02,2.59864713e-03
0.870500,1.01529834e-01,9.40298340e-02,6.268656,-3.46495542e-02,2.62800121e-03
0.871000,1.01512510e-01,9.40125100e-02,6.267501,-3.46473903e-02,2.62271794e-03
0.871500,1.01495190e-01,9.39951900e-02,6.266346,-3.46408733e-02,2.60208881e-03
0.872000,1.01477871e-01,9.39778710e-02,6.265191,-3.46370478e-02,2.60145085e-03
0.872500,1.01460553e-01,9.39605530e-02,6.264037,-3.46366663e-02,2.61976119e-03
0.873000,1.01443236e-01,9.39432360e-02,6.262882,-3.46347705e-02,2.62198100e-03
0.873500,1.01425921e-01,9.39259210e-02,6.261728,-3.46296717e-02,2.61035292e-03
0.874000,1.01408608e-01,9.39086080e-02,6.260574,-3.46252366e-02,2.59572012e-03
0.874500,1.01391296e-01,9.38912960e-02,6.259420,-3.46240047e-02,2.59635916e-03
0.875000,1.01373984e-01,9.38739840e-02,6.258266,-3.46251191e-02,2.60438007e-03
0.875500,1.01356671e-01,9.38566710e-02,6.257111,-3.46254194e-02,2.61018475e-03
0.876000,1.01339359e-01,9.38393590e-02,6.255957,-3.46238894e-02,2.60909166e-03
0.876500,1.01322048e-01,9.38220480e-02,6.254803,-3.46215028e-02,2.60936580e-03
0.877000,1.01304738e-01,9.38047380e-02,6.253649,-3.46192715e-02,2.58429915e-03
0.877500,1.01287429e-01,9.37874290e-02,6.252495,-3.46192115e-02,2.57304291e-03
0.878000,1.01270117e-01,9.37701170e-02,6.251341,-3.46242630e-02,2.58806329e-03
0.878500,1.01252802e-01,9.37528020e-02,6.250187,-3.46298347e-02,2.60120758e-03
0.879000,1.01235486e-01,9.37354860e-02,6.249032,-3.46317777e-02,2.59099503e-03
0.879500,1.01218170e-01,9.37181700e-02,6.247878,-3.46324654e-02,2.57396193e-03
0.880000,1.01200852e-01,9.37008520e-02,6.246723,-3.46363360e-02,2.56396536e-03
0.880500,1.01183530e-01,9.36835300e-02,6.245569,-3.46438876e-02,2.59762092e-03
0.881000,1.01166205e-01,9.36662050e-02,6.244414,-3.46501048e-02,2.60886398e-03
0.881500,1.01148880e-01,9.36488800e-02,6.243259,-3.46498014e-02,2.59280836e-03
0.882000,1.01131555e-01,9.36315550e-02,6.242104,-3.46490715e-02,2.57959291e-03
0.882500,1.01114229e-01,9.36142290e-02,6.240949,-3.46521465e-02,2.58208516e-03
0.883000,1.01096900e-01,9.35969000e-02,6.239793,-3.46571713e-02,2.59397195e-03
0.883500,1.01079570e-01,9.35795700e-02,6.238638,-3.46607357e-02,2.59043539e-03
0.884000,1.01062239e-01,9.35622390e-02,6.237483,-3.46626610e-02,2.60311139e-03
0.884500,1.01044907e-01,9.35449070e-02,6.236327,-3.46640462e-02,2.59869351e-03
0.885000,1.01027575e-01,9.35275750e-02,6.235172,-3.46637405e-02,2.59172890e-03
0.885500,1.01010242e-01,9.35102420e-02,6.234016,-3.46647761e-02,2.58298666e-03
0.886000,1.00992909e-01,9.34929090e-02,6.232861,-3.46677283e-02,2.60078414e-03
0.886500,1.00975573e-01,9.34755730e-02,6.231705,-3.46705424e-02,2.61921164e-03
0.887000,1.00958239e-01,9.34582390e-02,6.230549,-3.46688047e-02,2.61174425e-03
0.887500,1.00940907e-01,9.34409070e-02,6.229394,-3.46647013e-02,2.60287831e-03
0.888000,1.00923575e-01,9.34235750e-02,6.228238,-3.46626080e-02,2.60738387e-03
0.888500,1.00906244e-01,9.34062440e-02,6.227083,-3.46615722e-02,2.62416816e-03
0.889000,1.00888915e-01,9.33889150e-02,6.225928,-3.46583125e-02,2.61705836e-03
0.889500,1.00871589e-01,9.33715890e-02,6.224773,-3.46529254e-02,2.60074377e-03
0.890000,1.00854264e-01,9.33542640e-02,6.223618,-3.46501482e-02,2.59825805e-03
0.890500,1.00836939e-01,9.33369390e-02,6.222463,-3.46502698e-02,2.60700225e-03
0.891000,1.00819614e-01,9.33196140e-02,6.221308,-3.46500264e-02,2.60820634e-03
0.891500,1.00802290e-01,9.33022900e-02,6.220153,-3.46482407e-02,2.61168823e-03
0.892000,1.00784967e-01,9.32849670e-02,6.218998,-3.46459494e-02,2.61013671e-03
0.892500,1.00767645e-01,9.32676450e-02,6.217843,-3.46432236e-02,2.60714284e-03
0.893000,1.00750324e-01,9.32503240e-02,6.216688,-3.46410172e-02,2.58409328e-03
0.893500,1.00733004e-01,9.32330040e-02,6.215534,-3.46413405e-02,2.57475873e-03
0.894000,1.00715681e-01,9.32156810e-02,6.214379,-3.46462740e-02,2.59160006e-03
0.894500,1.00698355e-01,9.31983550e-02,6.213224,-3.46512513e-02,2.59789998e-03
0.895000,1.00681029e-01,9.31810290e-02,6.212069,-3.46529060e-02,2.58876970e-03
0.895500,1.00663701e-01,9.31637010e-02,6.210913,-3.46543335e-02,2.57160803e-03
0.896000,1.00646372e-01,9.31463720e-02,6.209758,-3.46587778e-02,2.57022136e-03
0.896500,1.00629039e-01,9.31290390e-02,6.208603,-3.46661627e-02,2.59035475e-03
0.897000,1.00611703e-01,9.31117030e-02,6.207447,-3.46719951e-02,2.61019469e-03
0.897500,1.00594367e-01,9.30943670e-02,6.206291,-3.46727672e-02,2.59095528e-03
0.898000,1.00577031e-01,9.30770310e-02,6.205135,-3.46719826e-02,2.57180388e-03
0.898500,1.00559692e-01,9.30596920e-02,6.203979,-3.46760506e-02,2.58591503e-03
0.899000,1.00542351e-01,9.30423510e-02,6.202823,-3.46820157e-02,2.59192894e-03
0.899500,1.00525009e-01,9.30250090e-02,6.201667,-3.46851320e-02,2.59034282e-03
0.900000,1.00507665e-01,9.30076650e-02,6.200511,-3.46874009e-02,2.60047010e-03
0.900500,1.00490321e-01,9.29903210e-02,6.199355,-3.46890348e-02,2.60023729e-03
0.901000,1.00472976e-01,9.29729760e-02,6.198198,-3.46890264e-02,2.59051113e-03
0.901500,1.00455631e-01,9.29556310e-02,6.197042,-3.46899161e-02,2.58700376e-03
0.902000,1.00438285e-01,9.29382850e-02,6.195886,-3.46927131e-02,2.60177076e-03
0.902500,1.00420937e-01,9.29209370e-02,6.194729,-3.46947803e-02,2.62610988e-03
0.903000,1.00403591e-01,9.29035910e-02,6.193573,-3.46922707e-02,2.61215175e-03
0.903500,1.00386248e-01,9.28862480e-02,6.192417,-3.46869985e-02,2.60753833e-03
0.904000,1.00368906e-01,9.28689060e-02,6.191260,-3.46844263e-02,2.60591479e-03
0.904500,1.00351564e-01,9.28515640e-02,6.190104,-3.46827552e-02,2.62256006e-03
0.905000,1.00334224e-01,9.28342240e-02,6.188948,-3.46798789e-02,2.62194585e-03
0.905500,1.00316887e-01,9.28168870e-02,6.187792,-3.46743236e-02,2.60963996e-03
0.906000,1.00299552e-01,9.27995520e-02,6.186637,-3.46699573e-02,2.59864871e-03
0.906500,1.00282218e-01,9.27822180e-02,6.185481,-3.46685836e-02,2.60026779e-03
0.907000,1.00264883e-01,9.27648830e-02,6.184326,-3.46688715e-02,2.60179289e-03
0.907500,1.00247549e-01,9.27475490e-02,6.183170,-3.46687587e-02,2.61230616e-03
0.908000,1.00230215e-01,9.27302150e-02,6.182014,-3.46674659e-02,2.60654741e-03
0.908500,1.00212883e-01,9.27128830e-02,6.180859,-3.46649560e-02,2.61338972e-03
0.909000,1.00195551e-01,9.26955510e-02,6.179703,-3.46627866e-02,2.59246909e-03
0.909500,1.00178221e-01,9.26782210e-02,6.178548,-3.46613435e-02,2.57367420e-03
0.910000,1.00160888e-01,9.26608880e-02,6.177393,-3.46649976e-02,2.58227862e-03
0.910500,1.00143553e-01,9.26435530e-02,6.176237,-3.46709771e-02,2.59181757e-03
0.911000,1.00126215e-01,9.26262150e-02,6.175081,-3.46747003e-02,2.59315430e-03
0.911500,1.00108877e-01,9.26088770e-02,6.173925,-3.46767389e-02,2.57884064e-03
0.912000,1.00091537e-01,9.25915370e-02,6.172769,-3.46798237e-02,2.56713097e-03
0.912500,1.00074194e-01,9.25741940e-02,6.171613,-3.46862942e-02,2.59702542e-03
0.913000,1.00056848e-01,9.25568480e-02,6.170457,-3.46920442e-02,2.60816386e-03
0.913500,1.00039502e-01,9.25395020e-02,6.169300,-3.46919006e-02,2.59299094e-03
0.914000,1.00022156e-01,9.25221560e-02,6.168144,-3.46912695e-02,2.57463702e-03
0.914500,1.00004809e-01,9.25048090e-02,6.166987,-3.46947527e-02,2.58348759e-03
0.915000,9.99874588e-02,9.24874588e-02,6.165831,-3.47004672e-02,2.59189609e-03
0.915500,9.99701068e-02,9.24701068e-02,6.164674,-3.47039849e-02,2.59563872e-03
0.916000,9.99527539e-02,9.24527539e-02,6.163517,-3.47057910e-02,2.60248559e-03
0.916500,9.99354007e-02,9.24354007e-02,6.162360,-3.47063771e-02,2.59967302e-03
0.917000,9.99180477e-02,9.24180477e-02,6.161203,-3.47060876e-02,2.59037234e-03
0.917500,9.99006941e-02,9.24006941e-02,6.160046,-3.47070823e-02,2.58399918e-03
0.918000,9.98833391e-02,9.23833391e-02,6.158889,-3.47101677e-02,2.59805938e-03
0.918500,9.98659825e-02,9.23659825e-02,6.157732,-3.47130565e-02,2.62118557e-03
0.919000,9.98486267e-02,9.23486267e-02,6.156575,-3.47115916e-02,2.61067338e-03
0.919500,9.98312731e-02,9.23312731e-02,6.155418,-3.47072588e-02,2.60389954e-03
0.920000,9.98139205e-02,9.23139205e-02,6.154261,-3.47052511e-02,2.60918967e-03
0.920500,9.97965685e-02,9.22965685e-02,6.153105,-3.47038879e-02,2.62204526e-03
0.921000,9.97792183e-02,9.22792183e-02,6.151948,-3.47005194e-02,2.61962025e-03
0.921500,9.97618707e-02,9.22618707e-02,6.150791,-3.46952543e-02,2.60168495e-03
0.922000,9.97445247e-02,9.22445247e-02,6.149635,-3.46919732e-02,2.59779222e-03
0.922500,9.97271787e-02,9.22271787e-02,6.148479,-3.46919815e-02,2.60773391e-03
0.923000,9.97098328e-02,9.22098328e-02,6.147322,-3.46917499e-02,2.60528725e-03
0.923500,9.96924878e-02,9.21924878e-02,6.146166,-3.46901022e-02,2.61416187e-03
0.924000,9.96751437e-02,9.21751437e-02,6.145010,-3.46880715e-02,2.61421983e-03
0.924500,9.96578014e-02,9.21578014e-02,6.143853,-3.46845784e-02,2.61238159e-03
0.925000,9.96404608e-02,9.21404608e-02,6.142697,-3.46812384e-02,2.58603288e-03
0.925500,9.96231205e-02,9.21231205e-02,6.141541,-3.46805299e-02,2.57086613e-03
0.926000,9.96057778e-02,9.21057778e-02,6.140385,-3.46854891e-02,2.58923929e-03
0.926500,9.95884321e-02,9.20884321e-02,6.139229,-3.46913143e-02,2.59590650e-03
0.927000,9.95710854e-02,9.20710854e-02,6.138072,-3.46935329e-02,2.58925378e-03
0.927500,9.95537378e-02,9.20537378e-02,6.136916,-3.46952450e-02,2.57447732e-03
0.928000,9.95363881e-02,9.20363881e-02,6.135759,-3.46993561e-02,2.57173513e-03
0.928500,9.95190350e-02,9.20190350e-02,6.134602,-3.47061359e-02,2.58975201e-03
0.929000,9.95016791e-02,9.20016791e-02,6.133445,-3.47117731e-02,2.61016843e-03
0.929500,9.94843228e-02,9.19843228e-02,6.132288,-3.47126465e-02,2.59161205e-03
0.930000,9.94669669e-02,9.19669669e-02,6.131131,-3.47118082e-02,2.57101600e-03
0.930500,9.94496090e-02,9.19496090e-02,6.129974,-3.47158380e-02,2.58746049e-03
0.931000,9.94322481e-02,9.19322481e-02,6.128817,-3.47217958e-02,2.59100964e-03
0.931500,9.94148857e-02,9.19148857e-02,6.127659,-3.47247396e-02,2.59294561e-03
0.932000,9.93975222e-02,9.18975222e-02,6.126501,-3.47269293e-02,2.59937170e-03
0.932500,9.93801581e-02,9.18801581e-02,6.125344,-3.47282330e-02,2.60101145e-03
0.933000,9.93627940e-02,9.18627940e-02,6.124186,-3.47283364e-02,2.59043539e-03
0.933500,9.93454294e-02,9.18454294e-02,6.123029,-3.47291058e-02,2.59155524e-03
0.934000,9.93280636e-02,9.18280636e-02,6.121871,-3.47315127e-02,2.59415946e-03
0.934500,9.93106969e-02,9.18106969e-02,6.120713,-3.47335056e-02,2.62646360e-03
0.935000,9.92933308e-02,9.17933308e-02,6.119555,-3.47322144e-02,2.61196183e-03
0.935500,9.92759673e-02,9.17759673e-02,6.118398,-3.47269010e-02,2.61065538e-03
0.936000,9.92586053e-02,9.17586053e-02,6.117240,-3.47240843e-02,2.60785514e-03
0.936500,9.92412444e-02,9.17412444e-02,6.116083,-3.47217298e-02,2.62187233e-03
0.937000,9.92238851e-02,9.17238851e-02,6.114926,-3.47185957e-02,2.62151467e-03
0.937500,9.92065285e-02,9.17065285e-02,6.113769,-3.47131915e-02,2.61026761e-03
0.938000,9.91891741e-02,9.16891741e-02,6.112612,-3.47088405e-02,2.59128036e-03
0.938500,9.91718201e-02,9.16718201e-02,6.111455,-3.47080152e-02,2.60287377e-03
0.939000,9.91544655e-02,9.16544655e-02,6.110298,-3.47092827e-02,2.60402802e-03
0.939500,9.91371112e-02,9.16371112e-02,6.109141,-3.47085443e-02,2.61449879e-03
0.940000,9.91197578e-02,9.16197578e-02,6.107984,-3.47066906e-02,2.60673151e-03
0.940500,9.91024059e-02,9.16024059e-02,6.106827,-3.47038044e-02,2.61492633e-03
0.941000,9.90850552e-02,9.15850552e-02,6.105670,-3.47014689e-02,2.59400379e-03
0.941500,9.90677054e-02,9.15677054e-02,6.104514,-3.46996378e-02,2.57350878e-03
0.942000,9.90503539e-02,9.15503539e-02,6.103357,-3.47030545e-02,2.58113605e-03
0.942500,9.90329993e-02,9.15329993e-02,6.102200,-3.47091622e-02,2.59299383e-03
0.943000,9.90156428e-02,9.15156428e-02,6.101043,-3.47129690e-02,2.59590925e-03
0.943500,9.89982855e-02,9.14982855e-02,6.099886,-3.47145709e-02,2.57834123e-03
0.944000,9.89809269e-02,9.14809269e-02,6.098728,-3.47172474e-02,2.56664440e-03
0.944500,9.89635650e-02,9.14635650e-02,6.097571,-3.47238429e-02,2.59710400e-03
0.945000,9.89462001e-02,9.14462001e-02,6.096413,-3.47296660e-02,2.60940699e-03
0.945500,9.89288354e-02,9.14288354e-02,6.095256,-3.47293995e-02,2.59305413e-03
0.946000,9.89114712e-02,9.14114712e-02,6.094098,-3.47285586e-02,2.57495098e-03
0.946500,9.88941052e-02,9.13941052e-02,6.092940,-3.47320037e-02,2.58371283e-03
0.947000,9.88767363e-02,9.13767363e-02,6.091782,-3.47376468e-02,2.59158258e-03
0.947500,9.88593658e-02,9.13593658e-02,6.090624,-3.47411553e-02,2.59653236e-03
0.948000,9.88419943e-02,9.13419943e-02,6.089466,-3.47429338e-02,2.60309093e-03
0.948500,9.88246226e-02,9.13246226e-02,6.088308,-3.47433196e-02,2.60001438e-03
0.949000,9.88072512e-02,9.13072512e-02,6.087150,-3.47429005e-02,2.59324461e-03
0.949500,9.87898794e-02,9.12898794e-02,6.085992,-3.47435852e-02,2.58506751e-03
0.950000,9.87725063e-02,9.12725063e-02,6.084834,-3.47461045e-02,2.59534870e-03
0.950500,9.87551318e-02,9.12551318e-02,6.083675,-3.47490575e-02,2.62013883e-03
0.951000,9.87377577e-02,9.12377577e-02,6.082517,-3.47481303e-02,2.61190649e-03
0.951500,9.87203858e-02,9.12203858e-02,6.081359,-3.47438604e-02,2.60544979e-03
0.952000,9.87030151e-02,9.12030151e-02,6.080201,-3.47415131e-02,2.60944109e-03
0.952500,9.86856451e-02,9.11856451e-02,6.079043,-3.47398731e-02,2.62164469e-03
0.953000,9.86682769e-02,9.11682769e-02,6.077885,-3.47364987e-02,2.61962888e-03
0.953500,9.86509112e-02,9.11509112e-02,6.076727,-3.47312987e-02,2.60217351e-03
0.954000,9.86335472e-02,9.11335472e-02,6.075570,-3.47279730e-02,2.59672343e-03
0.954500,9.86161832e-02,9.11161832e-02,6.074412,-3.47279955e-02,2.60879085e-03
0.955000,9.85988193e-02,9.10988193e-02,6.073255,-3.47278460e-02,2.60481984e-03
0.955500,9.85814563e-02,9.10814563e-02,6.072097,-3.47260660e-02,2.61581329e-03
0.956000,9.85640943e-02,9.10640943e-02,6.070940,-3.47239661e-02,2.61430829e-03
0.956500,9.85467342e-02,9.10467342e-02,6.069782,-3.47201940e-02,2.61258028e-03
0.957000,9.85293758e-02,9.10293758e-02,6.068625,-3.47168219e-02,2.58641709e-03
0.957500,9.85120178e-02,9.10120178e-02,6.067468,-3.47160468e-02,2.57128358e-03
0.958000,9.84946573e-02,9.09946573e-02,6.066310,-3.47209060e-02,2.58957579e-03
0.958500,9.84772940e-02,9.09772940e-02,6.065153,-3.47266329e-02,2.59618010e-03
0.959000,9.84599296e-02,9.09599296e-02,6.063995,-3.47287721e-02,2.58949213e-03
0.959500,9.84425644e-02,9.09425644e-02,6.062838,-3.47304182e-02,2.57488586e-03
0.960000,9.84251972e-02,9.09251972e-02,6.061680,-3.47344539e-02,2.57198311e-03
0.960500,9.84078266e-02,9.09078266e-02,6.060522,-3.47411448e-02,2.59067978e-03
0.961000,9.83904533e-02,9.08904533e-02,6.059364,-3.47466592e-02,2.61025117e-03
0.961500,9.83730796e-02,9.08730796e-02,6.058205,-3.47473730e-02,2.59164809e-03
0.962000,9.83557063e-02,9.08557063e-02,6.057047,-3.47465179e-02,2.57126063e-03
0.962500,9.83383311e-02,9.08383311e-02,6.055889,-3.47505201e-02,2.58780296e-03
0.963000,9.83209529e-02,9.08209529e-02,6.054730,-3.47564075e-02,2.59164508e-03
0.963500,9.83035732e-02,9.08035732e-02,6.053572,-3.47592388e-02,2.59295452e-03
0.964000,9.82861926e-02,9.07861926e-02,6.052413,-3.47613234e-02,2.59949686e-03
0.964500,9.82688113e-02,9.07688113e-02,6.051254,-3.47626146e-02,2.60125261e-03
0.965000,9.82514299e-02,9.07514299e-02,6.050095,-3.47626762e-02,2.58955285e-03
0.965500,9.82340482e-02,9.07340482e-02,6.048937,-3.47634839e-02,2.59182113e-03
0.966000,9.82166652e-02,9.07166652e-02,6.047778,-3.47660123e-02,2.59554093e-03
0.966500,9.81992813e-02,9.06992813e-02,6.046619,-3.47678393e-02,2.62730311e-03
0.967000,9.81818981e-02,9.06818981e-02,6.045460,-3.47662471e-02,2.61178202e-03
0.967500,9.81645177e-02,9.06645177e-02,6.044301,-3.47608117e-02,2.60998939e-03
0.968000,9.81471387e-02,9.06471387e-02,6.043143,-3.47580835e-02,2.60841797e-03
0.968500,9.81297608e-02,9.06297608e-02,6.041984,-3.47557886e-02,2.62267521e-03
0.969000,9.81123846e-02,9.06123846e-02,6.040826,-3.47524911e-02,2.62190372e-03
0.969500,9.80950111e-02,9.05950111e-02,6.039667,-3.47469206e-02,2.61033944e-03
0.970000,9.80776398e-02,9.05776398e-02,6.038509,-3.47424994e-02,2.59370093e-03
0.970500,9.80602691e-02,9.05602691e-02,6.037351,-3.47414482e-02,2.60240843e-03
0.971000,9.80428979e-02,9.05428979e-02,6.036193,-3.47423594e-02,2.60598945e-03
0.971500,9.80255272e-02,9.05255272e-02,6.035035,-3.47415240e-02,2.61449339e-03
0.972000,9.80081575e-02,9.05081575e-02,6.033877,-3.47393487e-02,2.60648491e-03
0.972500,9.79907893e-02,9.04907893e-02,6.032719,-3.47364851e-02,2.61492828e-03
0.973000,9.79734222e-02,9.04734222e-02,6.031561,-3.47341900e-02,2.59299499e-03
0.973500,9.79560559e-02,9.04560559e-02,6.030404,-3.47324478e-02,2.57324738e-03
0.974000,9.79386879e-02,9.04386879e-02,6.029246,-3.47360532e-02,2.58274769e-03
0.974500,9.79213169e-02,9.04213169e-02,6.028088,-3.47420614e-02,2.59273420e-03
0.975000,9.79039441e-02,9.04039441e-02,6.026930,-3.47456265e-02,2.59400150e-03
0.975500,9.78865704e-02,9.03865704e-02,6.025771,-3.47474397e-02,2.57941243e-03
0.976000,9.78691952e-02,9.03691952e-02,6.024613,-3.47503347e-02,2.56758514e-03
0.976500,9.78518168e-02,9.03518168e-02,6.023454,-3.47566712e-02,2.59760006e-03
0.977000,9.78344357e-02,9.03344357e-02,6.022296,-3.47622959e-02,2.60880187e-03
0.977500,9.78170547e-02,9.03170547e-02,6.021137,-3.47620014e-02,2.59359907e-03
0.978000,9.77996741e-02,9.02996741e-02,6.019978,-3.47612118e-02,2.57520156e-03
0.978500,9.77822918e-02,9.02822918e-02,6.018819,-3.47645453e-02,2.58405288e-03
0.979000,9.77649068e-02,9.02649068e-02,6.017660,-3.47701171e-02,2.59675718e-03
0.979500,9.77475202e-02,9.02475202e-02,6.016501,-3.47731122e-02,2.59070210e-03
0.980000,9.77301329e-02,9.02301329e-02,6.015342,-3.47745565e-02,2.60567887e-03
0.980500,9.77127451e-02,9.02127451e-02,6.014183,-3.47756709e-02,2.59895287e-03
0.981000,9.76953576e-02,9.01953576e-02,6.013024,-3.47749207e-02,2.59324817e-03
0.981500,9.76779697e-02,9.01779697e-02,6.011865,-3.47757793e-02,2.58224104e-03
0.982000,9.76605805e-02,9.01605805e-02,6.010705,-3.47785480e-02,2.60290608e-03
0.982500,9.76431898e-02,9.01431898e-02,6.009546,-3.47812969e-02,2.62094597e-03
0.983000,9.76258003e-02,9.01258003e-02,6.008387,-3.47790574e-02,2.61147035e-03
0.983500,9.76084129e-02,9.01084129e-02,6.007228,-3.47746934e-02,2.60276206e-03
0.984000,9.75910266e-02,9.00910266e-02,6.006068,-3.47726554e-02,2.60927724e-03
0.984500,9.75736409e-02,9.00736409e-02,6.004909,-3.47714713e-02,2.62489892e-03
0.985000,9.75562570e-02,9.00562570e-02,6.003750,-3.47678361e-02,2.61963159e-03
0.985500,9.75388759e-02,9.00388759e-02,6.002592,-3.47621014e-02,2.60104408e-03
0.986000,9.75214965e-02,9.00214965e-02,6.001433,-3.47588751e-02,2.59757825e-03
0.986500,9.75041170e-02,9.00041170e-02,6.000274,-3.47590075e-02,2.60817056e-03
0.987000,9.74867376e-02,8.99867376e-02,5.999116,-3.47587725e-02,2.60618500e-03
0.987500,9.74693591e-02,8.99693591e-02,5.997957,-3.47569737e-02,2.61506972e-03
0.988000,9.74519817e-02,8.99519817e-02,5.996799,-3.47547153e-02,2.61241395e-03
0.988500,9.74346061e-02,8.99346061e-02,5.995640,-3.47512328e-02,2.60828014e-03
0.989000,9.74172318e-02,8.99172318e-02,5.994482,-3.47485520e-02,2.58444733e-03
0.989500,9.73998575e-02,8.98998575e-02,5.993324,-3.47486572e-02,2.57636472e-03
0.990000,9.73824808e-02,8.98824808e-02,5.992165,-3.47533906e-02,2.59342083e-03
0.990500,9.73651019e-02,8.98651019e-02,5.991007,-3.47579431e-02,2.59784251e-03
0.991000,9.73477222e-02,8.98477222e-02,5.989848,-3.47593040e-02,2.58950872e-03
0.991500,9.73303419e-02,8.98303419e-02,5.988689,-3.47606756e-02,2.57250361e-03
0.992000,9.73129594e-02,8.98129594e-02,5.987531,-3.47649193e-02,2.57136586e-03
0.992500,9.72955734e-02,8.97955734e-02,5.986372,-3.47720559e-02,2.59130289e-03
0.993000,9.72781846e-02,8.97781846e-02,5.985212,-3.47776166e-02,2.61100786e-03
0.993500,9.72607955e-02,8.97607955e-02,5.984053,-3.47781611e-02,2.59172751e-03
0.994000,9.72434069e-02,8.97434069e-02,5.982894,-3.47771747e-02,2.57265522e-03
0.994500,9.72260164e-02,8.97260164e-02,5.981734,-3.47810406e-02,2.58660580e-03
0.995000,9.72086230e-02,8.97086230e-02,5.980575,-3.47868049e-02,2.59274328e-03
0.995500,9.71912281e-02,8.96912281e-02,5.979415,-3.47897357e-02,2.59193087e-03
0.996000,9.71738322e-02,8.96738322e-02,5.978255,-3.47917304e-02,2.60104726e-03
0.996500,9.71564357e-02,8.96564357e-02,5.977096,-3.47930526e-02,2.60104760e-03
0.997000,9.71390393e-02,8.96390393e-02,5.975936,-3.47928777e-02,2.59121621e-03
0.997500,9.71216425e-02,8.96216425e-02,5.974776,-3.47935721e-02,2.58903176e-03
0.998000,9.71042445e-02,8.96042445e-02,5.973616,-3.47960739e-02,2.60217068e-03
0.998500,9.70868456e-02,8.95868456e-02,5.972456,-3.47977728e-02,2.62587224e-03
0.999000,9.70694480e-02,8.95694480e-02,5.971297,-3.47952185e-02,2.61530910e-03
0.999500,9.70520531e-02,8.95520531e-02,5.970137,-3.47897061e-02,2.60951408e-03
1.000000,9.70346599e-02,8.95346599e-02,5.968977,-3.47864408e-02,2.60519727e-03
1.000500,9.70172676e-02,8.95172676e-02,5.967818,-3.47845087e-02,2.62363591e-03
1.001000,9.69998768e-02,8.94998768e-02,5.966658,-3.47816551e-02,2.62189340e-03
1.001500,9.69824888e-02,8.94824888e-02,5.965499,-3.47759278e-02,2.61072696e-03
1.002000,9.69651031e-02,8.94651031e-02,5.964340,-3.47714740e-02,2.59947240e-03
1.002500,9.69477182e-02,8.94477182e-02,5.963181,-3.47698489e-02,2.59919499e-03
1.003000,9.69303331e-02,8.94303331e-02,5.962022,-3.47700964e-02,2.60454767e-03
1.003500,9.69129482e-02,8.94129482e-02,5.960863,-3.47699163e-02,2.61151346e-03
1.004000,9.68955641e-02,8.93955641e-02,5.959704,-3.47682412e-02,2.60522857e-03
1.004500,9.68781811e-02,8.93781811e-02,5.958545,-3.47659780e-02,2.61293337e-03
1.005000,9.68607990e-02,8.93607990e-02,5.957387,-3.47640656e-02,2.58844640e-03
1.005500,9.68434175e-02,8.93434175e-02,5.956228,-3.47630531e-02,2.57579410e-03
1.006000,9.68260339e-02,8.93260339e-02,5.955069,-3.47671803e-02,2.58777683e-03
1.006500,9.68086478e-02,8.93086478e-02,5.953910,-3.47723256e-02,2.59758785e-03
1.007000,9.67912604e-02,8.92912604e-02,5.952751,-3.47746357e-02,2.59352656e-03
1.007500,9.67738726e-02,8.92738726e-02,5.951592,-3.47756939e-02,2.57710025e-03
1.008000,9.67564832e-02,8.92564832e-02,5.950432,-3.47788714e-02,2.56600808e-03
1.008500,9.67390903e-02,8.92390903e-02,5.949273,-3.47857270e-02,2.59818014e-03
1.009000,9.67216945e-02,8.92216945e-02,5.948113,-3.47915593e-02,2.60944156e-03
1.009500,9.67042990e-02,8.92042990e-02,5.946953,-3.47911131e-02,2.59394372e-03
1.010000,9.66869039e-02,8.91869039e-02,5.945794,-3.47901879e-02,2.58110940e-03
1.010500,9.66695074e-02,8.91695074e-02,5.944634,-3.47929424e-02,2.58341135e-03
1.011000,9.66521086e-02,8.91521086e-02,5.943474,-3.47976009e-02,2.59513100e-03
1.011500,9.66347082e-02,8.91347082e-02,5.942314,-3.48008451e-02,2.59147879e-03
1.012000,9.66173069e-02,8.91173069e-02,5.941154,-3.48024878e-02,2.60423119e-03
1.012500,9.65999051e-02,8.90999051e-02,5.939994,-3.48036026e-02,2.59986511e-03
1.013000,9.65825036e-02,8.90825036e-02,5.938834,-3.48030095e-02,2.59290349e-03
1.013500,9.65651017e-02,8.90651017e-02,5.937673,-3.48037488e-02,2.58544049e-03
1.014000,9.65476986e-02,8.90476986e-02,5.936513,-3.48062912e-02,2.60125644e-03
1.014500,9.65302943e-02,8.90302943e-02,5.935353,-3.48086606e-02,2.62389399e-03
1.015000,9.65128910e-02,8.90128910e-02,5.934193,-3.48064313e-02,2.61109732e-03
1.015500,9.64954902e-02,8.89954902e-02,5.933033,-3.48016162e-02,2.60214813e-03
1.016000,9.64780904e-02,8.89780904e-02,5.931873,-3.47996937e-02,2.61305831e-03
1.016500,9.64606913e-02,8.89606913e-02,5.930713,-3.47982761e-02,2.62290815e-03
1.017000,9.64432942e-02,8.89432942e-02,5.929553,-3.47941960e-02,2.61726640e-03
1.017500,9.64258997e-02,8.89258997e-02,5.928393,-3.47889974e-02,2.60148647e-03
1.018000,9.64085066e-02,8.89085066e-02,5.927234,-3.47861204e-02,2.59751673e-03
1.018500,9.63911135e-02,8.88911135e-02,5.926074,-3.47861856e-02,2.60847229e-03
1.019000,9.63737205e-02,8.88737205e-02,5.924915,-3.47859340e-02,2.60885131e-03
1.019500,9.63563286e-02,8.88563286e-02,5.923755,-3.47838498e-02,2.61236889e-03
1.020000,9.63389379e-02,8.88389379e-02,5.922596,-3.47813924e-02,2.61506428e-03
1.020500,9.63215489e-02,8.88215489e-02,5.921437,-3.47781191e-02,2.60713054e-03
1.021000,9.63041613e-02,8.88041613e-02,5.920277,-3.47751047e-02,2.58271799e-03
1.021500,9.62867735e-02,8.87867735e-02,5.919118,-3.47755516e-02,2.57213444e-03
1.022000,9.62693831e-02,8.87693831e-02,5.917959,-3.47809430e-02,2.59799183e-03
1.022500,9.62519902e-02,8.87519902e-02,5.916799,-3.47857860e-02,2.60165357e-03
1.023000,9.62345971e-02,8.87345971e-02,5.915640,-3.47860593e-02,2.58671668e-03
1.023500,9.62172036e-02,8.87172036e-02,5.914480,-3.47870520e-02,2.56947809e-03
1.024000,9.61998076e-02,8.86998076e-02,5.913321,-3.47920217e-02,2.56998922e-03
1.024500,9.61824077e-02,8.86824077e-02,5.912161,-3.47997768e-02,2.59707732e-03
1.025000,9.61650052e-02,8.86650052e-02,5.911000,-3.48050530e-02,2.61049025e-03
1.025500,9.61476028e-02,8.86476028e-02,5.909840,-3.48046951e-02,2.59105108e-03
1.026000,9.61302009e-02,8.86302009e-02,5.908680,-3.48038535e-02,2.57295084e-03
1.026500,9.61127970e-02,8.86127970e-02,5.907520,-3.48078043e-02,2.58986863e-03
1.027000,9.60953904e-02,8.85953904e-02,5.906359,-3.48132315e-02,2.59604936e-03
1.027500,9.60779827e-02,8.85779827e-02,5.905199,-3.48153342e-02,2.58837941e-03
1.028000,9.60605742e-02,8.85605742e-02,5.904038,-3.48171001e-02,2.59903002e-03
1.028500,9.60431646e-02,8.85431646e-02,5.902878,-3.48191838e-02,2.60118766e-03
1.029000,9.60257549e-02,8.85257549e-02,5.901717,-3.48193278e-02,2.59138711e-03
1.029500,9.60083449e-02,8.85083449e-02,5.900556,-3.48199840e-02,2.59178544e-03
1.030000,9.59909338e-02,8.84909338e-02,5.899396,-3.48222144e-02,2.60040357e-03
1.030500,9.59735220e-02,8.84735220e-02,5.898235,-3.48236173e-02,2.62966680e-03
1.031000,9.59561115e-02,8.84561115e-02,5.897074,-3.48210176e-02,2.61330840e-03
1.031500,9.59387040e-02,8.84387040e-02,5.895914,-3.48150591e-02,2.60768559e-03
1.032000,9.59212978e-02,8.84212978e-02,5.894753,-3.48122840e-02,2.61310692e-03
1.032500,9.59038929e-02,8.84038929e-02,5.893593,-3.48099527e-02,2.61972805e-03
1.033000,9.58864898e-02,8.83864898e-02,5.892433,-3.48061459e-02,2.62050467e-03
1.033500,9.58690892e-02,8.83690892e-02,5.891273,-3.48011831e-02,2.60884232e-03
1.034000,9.58516906e-02,8.83516906e-02,5.890113,-3.47971239e-02,2.59551410e-03
1.034500,9.58342925e-02,8.83342925e-02,5.888953,-3.47961583e-02,2.60012594e-03
1.035000,9.58168941e-02,8.83168941e-02,5.887793,-3.47969735e-02,2.60925486e-03
1.035500,9.57994959e-02,8.82994959e-02,5.886633,-3.47962243e-02,2.60948162e-03
1.036000,9.57820990e-02,8.82820990e-02,5.885473,-3.47939559e-02,2.61616622e-03
1.036500,9.57647034e-02,8.82647034e-02,5.884314,-3.47910593e-02,2.60304370e-03
1.037000,9.57473093e-02,8.82473093e-02,5.883154,-3.47882252e-02,2.58507800e-03
1.037500,9.57299148e-02,8.82299148e-02,5.881994,-3.47891346e-02,2.58089232e-03
1.038000,9.57125181e-02,8.82125181e-02,5.880835,-3.47933641e-02,2.59326666e-03
1.038500,9.56951195e-02,8.81951195e-02,5.879675,-3.47971868e-02,2.59745969e-03
1.039000,9.56777202e-02,8.81777202e-02,5.878515,-3.47986068e-02,2.58544750e-03
1.039500,9.56603200e-02,8.81603200e-02,5.877355,-3.48004003e-02,2.57214724e-03
1.040000,9.56429173e-02,8.81429173e-02,5.876194,-3.48053424e-02,2.57242828e-03
1.040500,9.56255111e-02,8.81255111e-02,5.875034,-3.48124436e-02,2.60651065e-03
1.041000,9.56081028e-02,8.81081028e-02,5.873874,-3.48164852e-02,2.60500651e-03
1.041500,9.55906953e-02,8.80906953e-02,5.872713,-3.48150631e-02,2.59012557e-03
1.042000,9.55732877e-02,8.80732877e-02,5.871553,-3.48152038e-02,2.57959190e-03
1.042500,9.55558784e-02,8.80558784e-02,5.870392,-3.48187195e-02,2.58401032e-03
1.043000,9.55384666e-02,8.80384666e-02,5.869231,-3.48235742e-02,2.59776667e-03
1.043500,9.55210533e-02,8.80210533e-02,5.868070,-3.48264870e-02,2.59680425e-03
1.044000,9.55036397e-02,8.80036397e-02,5.866909,-3.48272260e-02,2.60617382e-03
1.044500,9.54862261e-02,8.79862261e-02,5.865748,-3.48272946e-02,2.59519918e-03
1.045000,9.54688127e-02,8.79688127e-02,5.864588,-3.48267950e-02,2.58696857e-03
1.045500,9.54513983e-02,8.79513983e-02,5.863427,-3.48288253e-02,2.58541961e-03
1.046000,9.54339821e-02,8.79339821e-02,5.862265,-3.48323440e-02,2.61003826e-03
1.046500,9.54165651e-02,8.79165651e-02,5.861104,-3.48339404e-02,2.62769070e-03
1.047000,9.53991501e-02,8.78991501e-02,5.859943,-3.48299334e-02,2.60659404e-03
1.047500,9.53817377e-02,8.78817377e-02,5.858783,-3.48248930e-02,2.59901162e-03
1.048000,9.53643257e-02,8.78643257e-02,5.857622,-3.48239873e-02,2.61463956e-03
1.048500,9.53469142e-02,8.78469142e-02,5.856461,-3.48229449e-02,2.62097443e-03
1.049000,9.53295048e-02,8.78295048e-02,5.855300,-3.48187762e-02,2.62425080e-03
1.049500,9.53120982e-02,8.78120982e-02,5.854140,-3.48132775e-02,2.59912019e-03
1.050000,9.52946935e-02,8.77946935e-02,5.852980,-3.48094629e-02,2.59008872e-03
1.050500,9.52772882e-02,8.77772882e-02,5.851819,-3.48105734e-02,2.61063024e-03
1.051000,9.52598825e-02,8.77598825e-02,5.850659,-3.48113507e-02,2.61256403e-03
1.051500,9.52424782e-02,8.77424782e-02,5.849499,-3.48085839e-02,2.61306791e-03
1.052000,9.52250755e-02,8.77250755e-02,5.848338,-3.48054551e-02,2.61656647e-03
1.052500,9.52076745e-02,8.77076745e-02,5.847178,-3.48019342e-02,2.59495587e-03
1.053000,9.51902746e-02,8.76902746e-02,5.846018,-3.47997496e-02,2.58496657e-03
1.053500,9.51728737e-02,8.76728737e-02,5.844858,-3.48019968e-02,2.58701251e-03
1.054000,9.51554708e-02,8.76554708e-02,5.843698,-3.48057035e-02,2.60001966e-03
1.054500,9.51380668e-02,8.76380668e-02,5.842538,-3.48079241e-02,2.59835917e-03
1.055000,9.51206628e-02,8.76206628e-02,5.841378,-3.48081557e-02,2.57745585e-03
1.055500,9.51032575e-02,8.76032575e-02,5.840217,-3.48105082e-02,2.56387352e-03
1.056000,9.50858488e-02,8.75858488e-02,5.839057,-3.48174941e-02,2.57958302e-03
1.056500,9.50684361e-02,8.75684361e-02,5.837896,-3.48253213e-02,2.60387738e-03
1.057000,9.50510219e-02,8.75510219e-02,5.836735,-3.48284208e-02,2.60326304e-03
1.057500,9.50336081e-02,8.75336081e-02,5.835574,-3.48275853e-02,2.58494628e-03
1.058000,9.50161939e-02,8.75161939e-02,5.834413,-3.48284703e-02,2.57725288e-03
1.058500,9.49987773e-02,8.74987773e-02,5.833252,-3.48330432e-02,2.59461011e-03
1.059000,9.49813587e-02,8.74813587e-02,5.832091,-3.48373447e-02,2.59486025e-03
1.059500,9.49639393e-02,8.74639393e-02,5.830929,-3.48387740e-02,2.59017152e-03
1.060000,9.49465190e-02,8.74465190e-02,5.829768,-3.48405767e-02,2.60435359e-03
1.060500,9.49290980e-02,8.74290980e-02,5.828607,-3.48418954e-02,2.59937914e-03
1.061000,9.49116774e-02,8.74116774e-02,5.827445,-3.48413251e-02,2.58114612e-03
1.061500,9.48942558e-02,8.73942558e-02,5.826284,-3.48431838e-02,2.59080900e-03
1.062000,9.48768322e-02,8.73768322e-02,5.825122,-3.48471822e-02,2.61755665e-03
1.062500,9.48594086e-02,8.73594086e-02,5.823961,-3.48472288e-02,2.62631772e-03
1.063000,9.48419875e-02,8.73419875e-02,5.822799,-3.48421085e-02,2.61687200e-03
1.063500,9.48245693e-02,8.73245693e-02,5.821638,-3.48363849e-02,2.60099426e-03
1.064000,9.48071525e-02,8.73071525e-02,5.820477,-3.48336162e-02,2.60429678e-03
1.064500,9.47897359e-02,8.72897359e-02,5.819316,-3.48331627e-02,2.62461973e-03
1.065000,9.47723208e-02,8.72723208e-02,5.818155,-3.48303700e-02,2.62882322e-03
1.065500,9.47549088e-02,8.72549088e-02,5.816994,-3.48238685e-02,2.60554762e-03
1.066000,9.47374995e-02,8.72374995e-02,5.815833,-3.48187347e-02,2.59417682e-03
1.066500,9.47200902e-02,8.72200902e-02,5.814673,-3.48184283e-02,2.59786576e-03
1.067000,9.47026804e-02,8.72026804e-02,5.813512,-3.48196629e-02,2.61505584e-03
1.067500,9.46852710e-02,8.71852710e-02,5.812351,-3.48187719e-02,2.61071576e-03
1.068000,9.46678633e-02,8.71678633e-02,5.811191,-3.48154419e-02,2.61208792e-03
1.068500,9.46504570e-02,8.71504570e-02,5.810030,-3.48127032e-02,2.59642614e-03
1.069000,9.46330514e-02,8.71330514e-02,5.808870,-3.48111239e-02,2.58736012e-03
1.069500,9.46156449e-02,8.71156449e-02,5.807710,-3.48129181e-02,2.58886898e-03
1.070000,9.45982369e-02,8.70982369e-02,5.806549,-3.48160676e-02,2.58363795e-03
1.070500,9.45808272e-02,8.70808272e-02,5.805388,-3.48194318e-02,2.59602758e-03
1.071000,9.45634159e-02,8.70634159e-02,5.804228,-3.48225596e-02,2.58918070e-03
1.071500,9.45460038e-02,8.70460038e-02,5.803067,-3.48242582e-02,2.57089716e-03
1.072000,9.45285894e-02,8.70285894e-02,5.801906,-3.48286978e-02,2.58296699e-03
1.072500,9.45111719e-02,8.70111719e-02,5.800745,-3.48350725e-02,2.60289040e-03
1.073000,9.44937530e-02,8.69937530e-02,5.799584,-3.48377036e-02,2.59717832e-03
1.073500,9.44763343e-02,8.69763343e-02,5.798422,-3.48375682e-02,2.58860335e-03
1.074000,9.44589147e-02,8.69589147e-02,5.797261,-3.48391289e-02,2.58502908e-03
1.074500,9.44414935e-02,8.69414935e-02,5.796100,-3.48424138e-02,2.59089258e-03
1.075000,9.44240706e-02,8.69240706e-02,5.794938,-3.48457671e-02,2.59386092e-03
1.075500,9.44066467e-02,8.69066467e-02,5.793776,-3.48478951e-02,2.59901025e-03
1.076000,9.43892221e-02,8.68892221e-02,5.792615,-3.48490805e-02,2.60654753e-03
1.076500,9.43717977e-02,8.68717977e-02,5.791453,-3.48487538e-02,2.59682644e-03
1.077000,9.43543737e-02,8.68543737e-02,5.790292,-3.48480489e-02,2.57814214e-03
1.077500,9.43369484e-02,8.68369484e-02,5.789130,-3.48505924e-02,2.59015775e-03
1.078000,9.43195208e-02,8.68195208e-02,5.787968,-3.48551416e-02,2.62265259e-03
1.078500,9.43020934e-02,8.68020934e-02,5.786806,-3.48548446e-02,2.62334154e-03
1.079000,9.42846688e-02,8.67846688e-02,5.785645,-3.48491507e-02,2.60423529e-03
1.079500,9.42672463e-02,8.67672463e-02,5.784483,-3.48450331e-02,2.59146543e-03
1.080000,9.42498237e-02,8.67498237e-02,5.783322,-3.48451820e-02,2.61615789e-03
1.080500,9.42324011e-02,8.67324011e-02,5.782160,-3.48452445e-02,2.63164415e-03
1.081000,9.42149812e-02,8.67149812e-02,5.780999,-3.48398830e-02,2.61658594e-03
1.081500,9.41975645e-02,8.66975645e-02,5.779838,-3.48333100e-02,2.59083461e-03
1.082000,9.41801488e-02,8.66801488e-02,5.778677,-3.48314866e-02,2.60597122e-03
1.082500,9.41627325e-02,8.66627325e-02,5.777516,-3.48325533e-02,2.60551861e-03
1.083000,9.41453169e-02,8.66453169e-02,5.776354,-3.48311746e-02,2.61994658e-03
1.083500,9.41279026e-02,8.66279026e-02,5.775194,-3.48285944e-02,2.61004814e-03
1.084000,9.41104904e-02,8.66104904e-02,5.774033,-3.48245203e-02,2.61117552e-03
1.084500,9.40930794e-02,8.65930794e-02,5.772872,-3.48219719e-02,2.59350612e-03
1.085000,9.40756690e-02,8.65756690e-02,5.771711,-3.48208007e-02,2.58427392e-03
1.085500,9.40582573e-02,8.65582573e-02,5.770550,-3.48233473e-02,2.58342009e-03
1.086000,9.40408436e-02,8.65408436e-02,5.769390,-3.48274853e-02,2.59416302e-03
1.086500,9.40234281e-02,8.65234281e-02,5.768229,-3.48308137e-02,2.59354964e-03
1.087000,9.40060119e-02,8.65060119e-02,5.767067,-3.48324322e-02,2.58831021e-03
1.087500,9.39885946e-02,8.64885946e-02,5.765906,-3.48346148e-02,2.56594364e-03
1.088000,9.39711748e-02,8.64711748e-02,5.764745,-3.48396353e-02,2.58598715e-03
1.088500,9.39537515e-02,8.64537515e-02,5.763583,-3.48465563e-02,2.59901783e-03
1.089000,9.39363270e-02,8.64363270e-02,5.762422,-3.48490339e-02,2.59940738e-03
1.089500,9.39189023e-02,8.64189023e-02,5.761260,-3.48493373e-02,2.58593289e-03
1.090000,9.39014770e-02,8.64014770e-02,5.760098,-3.48507681e-02,2.57801366e-03
1.090500,9.38840494e-02,8.63840494e-02,5.758937,-3.48551118e-02,2.59761430e-03
1.091000,9.38666199e-02,8.63666199e-02,5.757775,-3.48590228e-02,2.59002691e-03
1.091500,9.38491897e-02,8.63491897e-02,5.756613,-3.48603861e-02,2.59446749e-03
1.092000,9.38317584e-02,8.63317584e-02,5.755451,-3.48626026e-02,2.60896222e-03
1.092500,9.38143270e-02,8.63143270e-02,5.754288,-3.48628084e-02,2.59771207e-03
1.093000,9.37968962e-02,8.62968962e-02,5.753126,-3.48616287e-02,2.57888099e-03
1.093500,9.37794642e-02,8.62794642e-02,5.751964,-3.48639615e-02,2.59750165e-03
1.094000,9.37620303e-02,8.62620303e-02,5.750802,-3.48677400e-02,2.62451497e-03
1.094500,9.37445973e-02,8.62445973e-02,5.749640,-3.48660724e-02,2.61866592e-03
1.095000,9.37271670e-02,8.62271670e-02,5.748478,-3.48604861e-02,2.61409265e-03
1.095500,9.37097389e-02,8.62097389e-02,5.747316,-3.48562647e-02,2.59630979e-03
1.096000,9.36923117e-02,8.61923117e-02,5.746154,-3.48543666e-02,2.61746645e-03
1.096500,9.36748850e-02,8.61748850e-02,5.744992,-3.48535179e-02,2.63538560e-03
1.097000,9.36574612e-02,8.61574612e-02,5.743831,-3.48476107e-02,2.62014640e-03
1.097500,9.36400411e-02,8.61400411e-02,5.742669,-3.48401085e-02,2.59128385e-03
1.098000,9.36226223e-02,8.61226223e-02,5.741508,-3.48376607e-02,2.59712341e-03
1.098500,9.36052026e-02,8.61052026e-02,5.740347,-3.48394360e-02,2.59782494e-03
1.099000,9.35877825e-02,8.60877825e-02,5.739185,-3.48401904e-02,2.61919202e-03
1.099500,9.35703630e-02,8.60703630e-02,5.738024,-3.48389404e-02,2.60400890e-03
1.100000,9.35529452e-02,8.60529452e-02,5.736863,-3.48355241e-02,2.61631443e-03
1.100500,9.35355285e-02,8.60355285e-02,5.735702,-3.48335130e-02,2.59607295e-03
1.101000,9.35181128e-02,8.60181128e-02,5.734541,-3.48312710e-02,2.58538367e-03
1.101500,9.35006962e-02,8.60006962e-02,5.733380,-3.48332980e-02,2.58476046e-03
1.102000,9.34832776e-02,8.59832776e-02,5.732219,-3.48371353e-02,2.59010501e-03
1.102500,9.34658573e-02,8.59658573e-02,5.731057,-3.48406024e-02,2.59061653e-03
1.103000,9.34484358e-02,8.59484358e-02,5.729896,-3.48431466e-02,2.58605657e-03
1.103500,9.34310127e-02,8.59310127e-02,5.728734,-3.48460100e-02,2.57374853e-03
1.104000,9.34135874e-02,8.59135874e-02,5.727572,-3.48507105e-02,2.59637497e-03
1.104500,9.33961597e-02,8.58961597e-02,5.726411,-3.48554314e-02,2.60030701e-03
1.105000,9.33787316e-02,8.58787316e-02,5.725249,-3.48560892e-02,2.59806583e-03
1.105500,9.33613035e-02,8.58613035e-02,5.724087,-3.48562996e-02,2.58174721e-03
1.106000,9.33438743e-02,8.58438743e-02,5.722925,-3.48583208e-02,2.58182432e-03
1.106500,9.33264428e-02,8.58264428e-02,5.721763,-3.48630148e-02,2.59314104e-03
1.107000,9.33090095e-02,8.58090095e-02,5.720601,-3.48666956e-02,2.59088520e-03
1.107500,9.32915751e-02,8.57915751e-02,5.719438,-3.48687175e-02,2.60387968e-03
1.108000,9.32741401e-02,8.57741401e-02,5.718276,-3.48699609e-02,2.60720619e-03
1.108500,9.32567057e-02,8.57567057e-02,5.717114,-3.48687764e-02,2.59563698e-03
1.109000,9.32392717e-02,8.57392717e-02,5.715951,-3.48680686e-02,2.57610614e-03
1.109500,9.32218362e-02,8.57218362e-02,5.714789,-3.48709874e-02,2.60029087e-03
1.110000,9.32043987e-02,8.57043987e-02,5.713627,-3.48749750e-02,2.62425804e-03
1.110500,9.31869623e-02,8.56869623e-02,5.712464,-3.48728721e-02,2.61732163e-03
1.111000,9.31695286e-02,8.56695286e-02,5.711302,-3.48674469e-02,2.60511599e-03
1.111500,9.31520964e-02,8.56520964e-02,5.710140,-3.48642399e-02,2.59678149e-03
1.112000,9.31346646e-02,8.56346646e-02,5.708978,-3.48637741e-02,2.62498822e-03
1.112500,9.31172335e-02,8.56172335e-02,5.707816,-3.48621829e-02,2.62585460e-03
1.113000,9.30998055e-02,8.55998055e-02,5.706654,-3.48558833e-02,2.61267242e-03
1.113500,9.30823802e-02,8.55823802e-02,5.705492,-3.48506070e-02,2.58644672e-03
1.114000,9.30649553e-02,8.55649553e-02,5.704330,-3.48498142e-02,2.60950842e-03
1.114500,9.30475297e-02,8.55475297e-02,5.703169,-3.48512887e-02,2.60295623e-03
1.115000,9.30301049e-02,8.55301049e-02,5.702007,-3.48495557e-02,2.61882830e-03
1.115500,9.30126811e-02,8.55126811e-02,5.700845,-3.48474952e-02,2.61310094e-03
1.116000,9.29952595e-02,8.54952595e-02,5.699684,-3.48433348e-02,2.61685998e-03
1.116500,9.29778396e-02,8.54778396e-02,5.698523,-3.48397825e-02,2.58834811e-03
1.117000,9.29604205e-02,8.54604205e-02,5.697361,-3.48381339e-02,2.57392462e-03
1.117500,9.29429993e-02,8.54429993e-02,5.696200,-3.48424426e-02,2.58559796e-03
1.118000,9.29255753e-02,8.54255753e-02,5.695038,-3.48480875e-02,2.60138437e-03
1.118500,9.29081500e-02,8.54081500e-02,5.693877,-3.48504197e-02,2.59325722e-03
1.119000,9.28907246e-02,8.53907246e-02,5.692715,-3.48508783e-02,2.58299170e-03
1.119500,9.28732978e-02,8.53732978e-02,5.691553,-3.48535791e-02,2.56733913e-03
1.120000,9.28558681e-02,8.53558681e-02,5.690391,-3.48593496e-02,2.59437031e-03
1.120500,9.28384355e-02,8.53384355e-02,5.689229,-3.48653002e-02,2.59623260e-03
1.121000,9.28210022e-02,8.53210022e-02,5.688067,-3.48666475e-02,2.60018941e-03
1.121500,9.28035685e-02,8.53035685e-02,5.686905,-3.48673391e-02,2.57607053e-03
1.122000,9.27861337e-02,8.52861337e-02,5.685742,-3.48695135e-02,2.58336291e-03
1.122500,9.27686962e-02,8.52686962e-02,5.684580,-3.48750037e-02,2.59820387e-03
1.123000,9.27512572e-02,8.52512572e-02,5.683417,-3.48779842e-02,2.59210561e-03
1.123500,9.27338177e-02,8.52338177e-02,5.682255,-3.48790668e-02,2.59879324e-03
1.124000,9.27163774e-02,8.52163774e-02,5.681092,-3.48805596e-02,2.60425672e-03
1.124500,9.26989372e-02,8.51989372e-02,5.679929,-3.48804711e-02,2.59292470e-03
1.125000,9.26814970e-02,8.51814970e-02,5.678766,-3.48804874e-02,2.59214316e-03
1.125500,9.26640557e-02,8.51640557e-02,5.677604,-3.48824336e-02,2.59490080e-03
1.126000,9.26466136e-02,8.51466136e-02,5.676441,-3.48842644e-02,2.62449874e-03
1.126500,9.26291721e-02,8.51291721e-02,5.675278,-3.48830253e-02,2.61533428e-03
1.127000,9.26117332e-02,8.51117332e-02,5.674116,-3.48777362e-02,2.61571419e-03
1.127500,9.25942963e-02,8.50942963e-02,5.672953,-3.48739185e-02,2.59943981e-03
1.128000,9.25768605e-02,8.50768605e-02,5.671791,-3.48714774e-02,2.62533258e-03
1.128500,9.25594258e-02,8.50594258e-02,5.670628,-3.48694192e-02,2.62634701e-03
1.129000,9.25419943e-02,8.50419943e-02,5.669466,-3.48630195e-02,2.61530061e-03
1.129500,9.25245656e-02,8.50245656e-02,5.668304,-3.48574300e-02,2.59014769e-03
1.130000,9.25071377e-02,8.50071377e-02,5.667143,-3.48558784e-02,2.60191400e-03
1.130500,9.24897089e-02,8.49897089e-02,5.665981,-3.48574167e-02,2.60196726e-03
1.131000,9.24722804e-02,8.49722804e-02,5.664819,-3.48570182e-02,2.61836136e-03
1.131500,9.24548529e-02,8.49548529e-02,5.663657,-3.48551614e-02,2.60456221e-03
1.132000,9.24374269e-02,8.49374269e-02,5.662495,-3.48518326e-02,2.61733602e-03
1.132500,9.24200021e-02,8.49200021e-02,5.661333,-3.48496403e-02,2.58838422e-03
1.133000,9.24025782e-02,8.49025782e-02,5.660172,-3.48479104e-02,2.57873793e-03
1.133500,9.23851523e-02,8.48851523e-02,5.659010,-3.48517875e-02,2.58576892e-03
1.134000,9.23677240e-02,8.48677240e-02,5.657848,-3.48566269e-02,2.59927347e-03
1.134500,9.23502944e-02,8.48502944e-02,5.656686,-3.48591177e-02,2.59657445e-03
1.135000,9.23328646e-02,8.48328646e-02,5.655524,-3.48596296e-02,2.58030788e-03
1.135500,9.23154336e-02,8.48154336e-02,5.654362,-3.48620230e-02,2.56629896e-03
1.136000,9.22979994e-02,8.47979994e-02,5.653200,-3.48683262e-02,2.59766493e-03
1.136500,9.22805623e-02,8.47805623e-02,5.652037,-3.48741563e-02,2.61164590e-03
1.137000,9.22631255e-02,8.47631255e-02,5.650875,-3.48735997e-02,2.59527462e-03
1.137500,9.22456894e-02,8.47456894e-02,5.649713,-3.48721949e-02,2.57539794e-03
1.138000,9.22282518e-02,8.47282518e-02,5.648550,-3.48752359e-02,2.58469166e-03
1.138500,9.22108115e-02,8.47108115e-02,5.647387,-3.48807190e-02,2.59705777e-03
1.139000,9.21933697e-02,8.46933697e-02,5.646225,-3.48835826e-02,2.59203023e-03
1.139500,9.21759272e-02,8.46759272e-02,5.645062,-3.48848602e-02,2.60819838e-03
1.140000,9.21584845e-02,8.46584845e-02,5.643899,-3.48855337e-02,2.60218407e-03
1.140500,9.21410424e-02,8.46410424e-02,5.642736,-3.48840840e-02,2.59322434e-03
1.141000,9.21236002e-02,8.46236002e-02,5.641573,-3.48844142e-02,2.58475060e-03
1.141500,9.21061567e-02,8.46061567e-02,5.640410,-3.48869649e-02,2.59669919e-03
1.142000,9.20887118e-02,8.45887118e-02,5.639247,-3.48898505e-02,2.62155263e-03
1.142500,9.20712675e-02,8.45712675e-02,5.638084,-3.48885766e-02,2.61397329e-03
1.143000,9.20538256e-02,8.45538256e-02,5.636922,-3.48838917e-02,2.60757615e-03
1.143500,9.20363851e-02,8.45363851e-02,5.635759,-3.48810170e-02,2.60854838e-03
1.144000,9.20189455e-02,8.45189455e-02,5.634596,-3.48791069e-02,2.62247413e-03
1.144500,9.20015076e-02,8.45015076e-02,5.633434,-3.48758057e-02,2.62077058e-03
1.145000,9.19840724e-02,8.44840724e-02,5.632271,-3.48703685e-02,2.60368718e-03
1.145500,9.19666391e-02,8.44666391e-02,5.631109,-3.48667215e-02,2.59934331e-03
1.146000,9.19492059e-02,8.44492059e-02,5.629947,-3.48662638e-02,2.61002520e-03
1.146500,9.19317731e-02,8.44317731e-02,5.628785,-3.48655750e-02,2.60596869e-03
1.147000,9.19143414e-02,8.44143414e-02,5.627623,-3.48634907e-02,2.61501511e-03
1.147500,9.18969108e-02,8.43969108e-02,5.626461,-3.48612727e-02,2.61635160e-03
1.148000,9.18794820e-02,8.43794820e-02,5.625299,-3.48574510e-02,2.61186337e-03
1.148500,9.18620551e-02,8.43620551e-02,5.624137,-3.48538067e-02,2.58462373e-03
1.149000,9.18446285e-02,8.43446285e-02,5.622975,-3.48533080e-02,2.57233413e-03
1.149500,9.18271993e-02,8.43271993e-02,5.621813,-3.48583688e-02,2.59133323e-03
1.150000,9.18097674e-02,8.43097674e-02,5.620651,-3.48637678e-02,2.59981078e-03
1.150500,9.17923348e-02,8.42923348e-02,5.619489,-3.48652974e-02,2.59115160e-03
1.151000,9.17749017e-02,8.42749017e-02,5.618327,-3.48662005e-02,2.57499607e-03
1.151500,9.17574667e-02,8.42574667e-02,5.617164,-3.48699540e-02,2.57197711e-03
1.152000,9.17400284e-02,8.42400284e-02,5.616002,-3.48766274e-02,2.59185344e-03
1.152500,9.17225874e-02,8.42225874e-02,5.614839,-3.48820390e-02,2.61184650e-03
1.153000,9.17051461e-02,8.42051461e-02,5.613676,-3.48824189e-02,2.59244588e-03
1.153500,9.16877055e-02,8.41877055e-02,5.612514,-3.48812313e-02,2.57281103e-03
1.154000,9.16702630e-02,8.41702630e-02,5.611351,-3.48849655e-02,2.58857187e-03
1.154500,9.16528178e-02,8.41528178e-02,5.610188,-3.48905303e-02,2.59586631e-03
1.155000,9.16353713e-02,8.41353713e-02,5.609025,-3.48928621e-02,2.59160521e-03
1.155500,9.16179242e-02,8.41179242e-02,5.607862,-3.48943729e-02,2.60047582e-03
1.156000,9.16004763e-02,8.41004763e-02,5.606698,-3.48957990e-02,2.60167505e-03
1.156500,9.15830284e-02,8.40830284e-02,5.605535,-3.48956625e-02,2.59247759e-03
1.157000,9.15655804e-02,8.40655804e-02,5.604372,-3.48961423e-02,2.59016714e-03
1.157500,9.15481312e-02,8.40481312e-02,5.603209,-3.48983367e-02,2.60282705e-03
1.158000,9.15306813e-02,8.40306813e-02,5.602045,-3.48997910e-02,2.62902278e-03
1.158500,9.15132329e-02,8.40132329e-02,5.600882,-3.48968504e-02,2.61505998e-03
1.159000,9.14957875e-02,8.39957875e-02,5.599719,-3.48908427e-02,2.60917541e-03
1.159500,9.14783436e-02,8.39783436e-02,5.598556,-3.48876482e-02,2.60853918e-03
1.160000,9.14609009e-02,8.39609009e-02,5.597393,-3.48854762e-02,2.62300116e-03
1.160500,9.14434598e-02,8.39434598e-02,5.596231,-3.48821300e-02,2.62247076e-03
1.161000,9.14260216e-02,8.39260216e-02,5.595068,-3.48764559e-02,2.61138645e-03
1.161500,9.14085857e-02,8.39085857e-02,5.593906,-3.48718490e-02,2.59827977e-03
1.162000,9.13911506e-02,8.38911506e-02,5.592743,-3.48702211e-02,2.59943213e-03
1.162500,9.13737152e-02,8.38737152e-02,5.591581,-3.48706435e-02,2.60679179e-03
1.163000,9.13562801e-02,8.38562801e-02,5.590419,-3.48702259e-02,2.61196325e-03
1.163500,9.13388461e-02,8.38388461e-02,5.589256,-3.48681426e-02,2.61111109e-03
1.164000,9.13214134e-02,8.38214134e-02,5.588094,-3.48652854e-02,2.60473679e-03
1.164500,9.13039818e-02,8.38039818e-02,5.586932,-3.48631318e-02,2.58197793e-03
1.165000,9.12865498e-02,8.37865498e-02,5.585770,-3.48640372e-02,2.58442574e-03
1.165500,9.12691156e-02,8.37691156e-02,5.584608,-3.48684633e-02,2.59633480e-03
1.166000,9.12516799e-02,8.37516799e-02,5.583445,-3.48714345e-02,2.59771650e-03
1.166500,9.12342437e-02,8.37342437e-02,5.582283,-3.48723280e-02,2.58635119e-03
1.167000,9.12168067e-02,8.37168067e-02,5.581120,-3.48739995e-02,2.57367785e-03
1.167500,9.11993674e-02,8.36993674e-02,5.579958,-3.48786578e-02,2.56949621e-03
1.168000,9.11819245e-02,8.36819245e-02,5.578795,-3.48857670e-02,2.60862786e-03
1.168500,9.11644795e-02,8.36644795e-02,5.577632,-3.48901028e-02,2.60702696e-03
1.169000,9.11470354e-02,8.36470354e-02,5.576469,-3.48881544e-02,2.59151435e-03
1.169500,9.11295915e-02,8.36295915e-02,5.575306,-3.48878406e-02,2.57987287e-03
1.170000,9.11121459e-02,8.36121459e-02,5.574143,-3.48911033e-02,2.58974547e-03
1.170500,9.10946982e-02,8.35946982e-02,5.572980,-3.48954048e-02,2.59650740e-03
1.171000,9.10772495e-02,8.35772495e-02,5.571817,-3.48974872e-02,2.59441549e-03
1.171500,9.10598001e-02,8.35598001e-02,5.570653,-3.48986442e-02,2.60593984e-03
1.172000,9.10423506e-02,8.35423506e-02,5.569490,-3.48991257e-02,2.59715184e-03
1.172500,9.10249013e-02,8.35249013e-02,5.568327,-3.48984919e-02,2.58490276e-03
1.173000,9.10074511e-02,8.35074511e-02,5.567163,-3.49003842e-02,2.58540651e-03
1.173500,9.09899990e-02,8.34899990e-02,5.566000,-3.49042433e-02,2.61345265e-03
1.174000,9.09725462e-02,8.34725462e-02,5.564836,-3.49055399e-02,2.62910749e-03
1.174500,9.09550958e-02,8.34550958e-02,5.563673,-3.49008470e-02,2.61083500e-03
1.175000,9.09376482e-02,8.34376482e-02,5.562510,-3.48951990e-02,2.59767385e-03
1.175500,9.09202014e-02,8.34202014e-02,5.561347,-3.48937152e-02,2.61373305e-03
1.176000,9.09027549e-02,8.34027549e-02,5.560184,-3.48929726e-02,2.62214136e-03
1.176500,9.08853104e-02,8.33853104e-02,5.559021,-3.48888496e-02,2.62501111e-03
1.177000,9.08678689e-02,8.33678689e-02,5.557858,-3.48830920e-02,2.59982977e-03
1.177500,9.08504294e-02,8.33504294e-02,5.556695,-3.48790898e-02,2.59040844e-03
1.178000,9.08329893e-02,8.33329893e-02,5.555533,-3.48800555e-02,2.61106955e-03
1.178500,9.08155490e-02,8.33155490e-02,5.554370,-3.48807415e-02,2.61316600e-03
1.179000,9.07981100e-02,8.32981100e-02,5.553207,-3.48778494e-02,2.61379770e-03
1.179500,9.07806728e-02,8.32806728e-02,5.552045,-3.48745572e-02,2.61724266e-03
1.180000,9.07632373e-02,8.32632373e-02,5.550882,-3.48708566e-02,2.59617097e-03
1.180500,9.07458031e-02,8.32458031e-02,5.549720,-3.48684535e-02,2.58404323e-03
1.181000,9.07283678e-02,8.32283678e-02,5.548558,-3.48705829e-02,2.58816050e-03
1.181500,9.07109306e-02,8.32109306e-02,5.547395,-3.48743397e-02,2.59014030e-03
1.182000,9.06934920e-02,8.31934920e-02,5.546233,-3.48772453e-02,2.60032543e-03
1.182500,9.06760526e-02,8.31760526e-02,5.545070,-3.48789253e-02,2.58685953e-03
1.183000,9.06586125e-02,8.31586125e-02,5.543908,-3.48801234e-02,2.56647160e-03
1.183500,9.06411698e-02,8.31411698e-02,5.542745,-3.48853355e-02,2.58220504e-03
1.184000,9.06237236e-02,8.31237236e-02,5.541582,-3.48925042e-02,2.60110140e-03
1.184500,9.06062759e-02,8.31062759e-02,5.540418,-3.48954186e-02,2.60257671e-03
1.185000,9.05888283e-02,8.30888283e-02,5.539255,-3.48950997e-02,2.58606360e-03
1.185500,9.05713803e-02,8.30713803e-02,5.538092,-3.48959985e-02,2.57855545e-03
1.186000,9.05539302e-02,8.30539302e-02,5.536929,-3.49002728e-02,2.59585095e-03
1.186500,9.05364781e-02,8.30364781e-02,5.535765,-3.49042507e-02,2.59522392e-03
1.187000,9.05190253e-02,8.30190253e-02,5.534602,-3.49054441e-02,2.59048539e-03
1.187500,9.05015718e-02,8.30015718e-02,5.533438,-3.49071593e-02,2.60799905e-03
1.188000,9.04841177e-02,8.29841177e-02,5.532275,-3.49081041e-02,2.59917526e-03
1.188500,9.04666642e-02,8.29666642e-02,5.531111,-3.49069533e-02,2.58222087e-03
1.189000,9.04492098e-02,8.29492098e-02,5.529947,-3.49087505e-02,2.59963098e-03
1.189500,9.04317540e-02,8.29317540e-02,5.528784,-3.49117923e-02,2.61612020e-03
1.190000,9.04142987e-02,8.29142987e-02,5.527620,-3.49105172e-02,2.62512378e-03
1.190500,9.03968458e-02,8.28968458e-02,5.526456,-3.49057385e-02,2.61175041e-03
1.191000,9.03793955e-02,8.28793955e-02,5.525293,-3.49006637e-02,2.59806264e-03
1.191500,9.03619460e-02,8.28619460e-02,5.524130,-3.48989952e-02,2.61011573e-03
1.192000,9.03444967e-02,8.28444967e-02,5.522966,-3.48985087e-02,2.63572465e-03
1.192500,9.03270499e-02,8.28270499e-02,5.521803,-3.48937785e-02,2.62191296e-03
1.193000,9.03096068e-02,8.28096068e-02,5.520640,-3.48860645e-02,2.59918080e-03
1.193500,9.02921655e-02,8.27921655e-02,5.519478,-3.48826284e-02,2.59720994e-03
1.194000,9.02747240e-02,8.27747240e-02,5.518315,-3.48830993e-02,2.60012580e-03
1.194500,9.02572821e-02,8.27572821e-02,5.517152,-3.48836360e-02,2.61818052e-03
1.195000,9.02398411e-02,8.27398411e-02,5.515989,-3.48820976e-02,2.60907977e-03
1.195500,9.02224019e-02,8.27224019e-02,5.514827,-3.48783991e-02,2.61098141e-03
1.196000,9.02049639e-02,8.27049639e-02,5.513664,-3.48760269e-02,2.59699023e-03
1.196500,9.01875266e-02,8.26875266e-02,5.512502,-3.48745795e-02,2.58746343e-03
1.197000,9.01700884e-02,8.26700884e-02,5.511339,-3.48762719e-02,2.58591549e-03
1.197500,9.01526486e-02,8.26526486e-02,5.510177,-3.48796656e-02,2.58767140e-03
1.198000,9.01352070e-02,8.26352070e-02,5.509014,-3.48831582e-02,2.59319800e-03
1.198500,9.01177641e-02,8.26177641e-02,5.507851,-3.48858738e-02,2.58797974e-03
1.199000,9.01003200e-02,8.26003200e-02,5.506688,-3.48881432e-02,2.57363056e-03
1.199500,9.00828738e-02,8.25828738e-02,5.505525,-3.48925383e-02,2.58935531e-03
1.200000,9.00654248e-02,8.25654248e-02,5.504362,-3.48978993e-02,2.60347568e-03
1.200500,9.00479751e-02,8.25479751e-02,5.503198,-3.48994297e-02,2.59503628e-03
1.201000,9.00305254e-02,8.25305254e-02,5.502035,-3.48993875e-02,2.58806430e-03
1.201500,9.00130747e-02,8.25130747e-02,5.500872,-3.49013477e-02,2.58254513e-03
1.202000,8.99956223e-02,8.24956223e-02,5.499708,-3.49049407e-02,2.59641756e-03
1.202500,8.99781682e-02,8.24781682e-02,5.498545,-3.49082134e-02,2.59022159e-03
1.203000,8.99607133e-02,8.24607133e-02,5.497381,-3.49097560e-02,2.60148646e-03
1.203500,8.99432576e-02,8.24432576e-02,5.496217,-3.49113199e-02,2.60846933e-03
1.204000,8.99258024e-02,8.24258024e-02,5.495053,-3.49104167e-02,2.59763831e-03
1.204500,8.99083477e-02,8.24083477e-02,5.493890,-3.49093245e-02,2.57793972e-03
1.205000,8.98908919e-02,8.23908919e-02,5.492726,-3.49117526e-02,2.58980979e-03
1.205500,8.98734337e-02,8.23734337e-02,5.491562,-3.49163658e-02,2.62394943e-03
1.206000,8.98559757e-02,8.23559757e-02,5.490398,-3.49160112e-02,2.62093654e-03
1.206500,8.98385205e-02,8.23385205e-02,5.489235,-3.49103171e-02,2.60711641e-03
1.207000,8.98210673e-02,8.23210673e-02,5.488071,-3.49063396e-02,2.59831690e-03
1.207500,8.98036146e-02,8.23036146e-02,5.486908,-3.49054096e-02,2.62359986e-03
1.208000,8.97861628e-02,8.22861628e-02,5.485744,-3.49036890e-02,2.63241072e-03
1.208500,8.97687143e-02,8.22687143e-02,5.484581,-3.48970377e-02,2.60815948e-03
1.209000,8.97512687e-02,8.22512687e-02,5.483418,-3.48910839e-02,2.58448570e-03
1.209500,8.97338231e-02,8.22338231e-02,5.482255,-3.48912055e-02,2.61081749e-03
1.210000,8.97163767e-02,8.22163767e-02,5.481092,-3.48928863e-02,2.60560491e-03
1.210500,8.96989313e-02,8.21989313e-02,5.479929,-3.48907042e-02,2.61925293e-03
1.211000,8.96814873e-02,8.21814873e-02,5.478766,-3.48881712e-02,2.60553345e-03
1.211500,8.96640450e-02,8.21640450e-02,5.477603,-3.48846102e-02,2.61829977e-03
1.212000,8.96466039e-02,8.21466039e-02,5.476440,-3.48821732e-02,2.59373638e-03
1.212500,8.96291640e-02,8.21291640e-02,5.475278,-3.48798118e-02,2.58387900e-03
1.213000,8.96117228e-02,8.21117228e-02,5.474115,-3.48823554e-02,2.58445825e-03
1.213500,8.95942795e-02,8.20942795e-02,5.472952,-3.48864665e-02,2.59439207e-03
1.214000,8.95768347e-02,8.20768347e-02,5.471789,-3.48896042e-02,2.59155460e-03
1.214500,8.95593891e-02,8.20593891e-02,5.470626,-3.48913615e-02,2.58687192e-03
1.215000,8.95419421e-02,8.20419421e-02,5.469463,-3.48939988e-02,2.56807585e-03
1.215500,8.95244925e-02,8.20244925e-02,5.468299,-3.48990670e-02,2.59108060e-03
1.216000,8.95070399e-02,8.20070399e-02,5.467136,-3.49051875e-02,2.59870054e-03
1.216500,8.94895865e-02,8.19895865e-02,5.465972,-3.49068568e-02,2.60267591e-03
1.217000,8.94721330e-02,8.19721330e-02,5.464809,-3.49069233e-02,2.57979807e-03
1.217500,8.94546789e-02,8.19546789e-02,5.463645,-3.49083598e-02,2.58534539e-03
1.218000,8.94372223e-02,8.19372223e-02,5.462481,-3.49130626e-02,2.59846537e-03
1.218500,8.94197645e-02,8.19197645e-02,5.461318,-3.49156944e-02,2.58871927e-03
1.219000,8.94023060e-02,8.19023060e-02,5.460154,-3.49170336e-02,2.59425521e-03
1.219500,8.93848462e-02,8.18848462e-02,5.458990,-3.49194836e-02,2.60707742e-03
1.220000,8.93673863e-02,8.18673863e-02,5.457826,-3.49198909e-02,2.59394918e-03
1.220500,8.93499266e-02,8.18499266e-02,5.456662,-3.49193534e-02,2.59239446e-03
1.221000,8.93324661e-02,8.18324661e-02,5.455498,-3.49211092e-02,2.59852436e-03
1.221500,8.93150048e-02,8.18150048e-02,5.454334,-3.49225783e-02,2.62406818e-03
1.222000,8.92975444e-02,8.17975444e-02,5.453170,-3.49207822e-02,2.61602669e-03
1.222500,8.92800866e-02,8.17800866e-02,5.452006,-3.49155027e-02,2.61411342e-03
1.223000,8.92626308e-02,8.17626308e-02,5.450842,-3.49117128e-02,2.60291416e-03
1.223500,8.92451762e-02,8.17451762e-02,5.449678,-3.49092274e-02,2.62182256e-03
1.224000,8.92277227e-02,8.17277227e-02,5.448515,-3.49069090e-02,2.62767409e-03
1.224500,8.92102722e-02,8.17102722e-02,5.447351,-3.49009684e-02,2.61948136e-03
1.225000,8.91928248e-02,8.16928248e-02,5.446188,-3.48947913e-02,2.59086710e-03
1.225500,8.91753786e-02,8.16753786e-02,5.445025,-3.48924895e-02,2.59893861e-03
1.226000,8.91579315e-02,8.16579315e-02,5.443862,-3.48941728e-02,2.59843517e-03
1.226500,8.91404842e-02,8.16404842e-02,5.442699,-3.48945752e-02,2.62085357e-03
1.227000,8.91230377e-02,8.16230377e-02,5.441536,-3.48930780e-02,2.60720937e-03
1.227500,8.91055931e-02,8.16055931e-02,5.440373,-3.48891059e-02,2.61800135e-03
1.228000,8.90881499e-02,8.15881499e-02,5.439210,-3.48864202e-02,2.59121149e-03
1.228500,8.90707077e-02,8.15707077e-02,5.438047,-3.48843310e-02,2.57814614e-03
1.229000,8.90532638e-02,8.15532638e-02,5.436884,-3.48877962e-02,2.58458416e-03
1.229500,8.90358174e-02,8.15358174e-02,5.435721,-3.48928375e-02,2.59869342e-03
1.230000,8.90183696e-02,8.15183696e-02,5.434558,-3.48955741e-02,2.59758167e-03
1.230500,8.90009216e-02,8.15009216e-02,5.433395,-3.48960922e-02,2.58300504e-03
1.231000,8.89834725e-02,8.14834725e-02,5.432231,-3.48980817e-02,2.57007747e-03
1.231500,8.89660207e-02,8.14660207e-02,5.431068,-3.49036079e-02,2.59601798e-03
1.232000,8.89485663e-02,8.14485663e-02,5.429904,-3.49089632e-02,2.60243928e-03
1.232500,8.89311115e-02,8.14311115e-02,5.428741,-3.49094911e-02,2.59877610e-03
1.233000,8.89136569e-02,8.14136569e-02,5.427577,-3.49092885e-02,2.57691465e-03
1.233500,8.88962011e-02,8.13962011e-02,5.426413,-3.49116204e-02,2.58781105e-03
1.234000,8.88787428e-02,8.13787428e-02,5.425250,-3.49165786e-02,2.59245450e-03
1.234500,8.88612831e-02,8.13612831e-02,5.424086,-3.49193370e-02,2.59616201e-03
1.235000,8.88438226e-02,8.13438226e-02,5.422922,-3.49210051e-02,2.60365968e-03
1.235500,8.88263619e-02,8.13263619e-02,5.421757,-3.49214015e-02,2.60531730e-03
1.236000,8.88089017e-02,8.13089017e-02,5.420593,-3.49204201e-02,2.59414551e-03
1.236500,8.87914416e-02,8.12914416e-02,5.419429,-3.49201544e-02,2.58426248e-03
1.237000,8.87739803e-02,8.12739803e-02,5.418265,-3.49225969e-02,2.59641482e-03
1.237500,8.87565175e-02,8.12565175e-02,5.417101,-3.49255879e-02,2.62391908e-03
1.238000,8.87390554e-02,8.12390554e-02,5.415937,-3.49241514e-02,2.61397145e-03
1.238500,8.87215959e-02,8.12215959e-02,5.414773,-3.49190781e-02,2.60787391e-03
1.239000,8.87041378e-02,8.12041378e-02,5.413609,-3.49161774e-02,2.60595877e-03
1.239500,8.86866806e-02,8.11866806e-02,5.412445,-3.49144473e-02,2.62402132e-03
1.240000,8.86692249e-02,8.11692249e-02,5.411282,-3.49114345e-02,2.62240824e-03
1.240500,8.86517721e-02,8.11517721e-02,5.410118,-3.49055985e-02,2.60457384e-03
1.241000,8.86343213e-02,8.11343213e-02,5.408955,-3.49016042e-02,2.59246378e-03
1.241500,8.86168705e-02,8.11168705e-02,5.407791,-3.49016092e-02,2.61238156e-03
1.242000,8.85994195e-02,8.10994195e-02,5.406628,-3.49018416e-02,2.60846284e-03
1.242500,8.85819700e-02,8.10819700e-02,5.405465,-3.48991499e-02,2.61460353e-03
1.243000,8.85645217e-02,8.10645217e-02,5.404301,-3.48965587e-02,2.61403571e-03
1.243500,8.85470752e-02,8.10470752e-02,5.403138,-3.48930094e-02,2.61627161e-03
1.244000,8.85296305e-02,8.10296305e-02,5.401975,-3.48893556e-02,2.58995812e-03
1.244500,8.85121867e-02,8.10121867e-02,5.400812,-3.48876613e-02,2.57181663e-03
1.245000,8.84947407e-02,8.09947407e-02,5.399649,-3.48918920e-02,2.58959249e-03
1.245500,8.84772920e-02,8.09772920e-02,5.398486,-3.48975298e-02,2.59864634e-03
1.246000,8.84598422e-02,8.09598422e-02,5.397323,-3.48994482e-02,2.59152025e-03
1.246500,8.84423920e-02,8.09423920e-02,5.396159,-3.49005100e-02,2.57660262e-03
1.247000,8.84249400e-02,8.09249400e-02,5.394996,-3.49040609e-02,2.57318329e-03
1.247500,8.84074848e-02,8.09074848e-02,5.393832,-3.49103638e-02,2.59211793e-03
1.248000,8.83900270e-02,8.08900270e-02,5.392668,-3.49155540e-02,2.61184956e-03
1.248500,8.83725691e-02,8.08725691e-02,5.391505,-3.49158902e-02,2.59321048e-03
1.249000,8.83551117e-02,8.08551117e-02,5.390341,-3.49146345e-02,2.57266426e-03
1.249500,8.83376526e-02,8.08376526e-02,5.389177,-3.49182561e-02,2.58899222e-03
1.250000,8.83201907e-02,8.08201907e-02,5.388013,-3.49238079e-02,2.59385974e-03
1.250500,8.83027276e-02,8.08027276e-02,5.386849,-3.49262481e-02,2.59269646e-03
1.251000,8.82852636e-02,8.07852636e-02,5.385684,-3.49279918e-02,2.60258378e-03
1.251500,8.82677991e-02,8.07677991e-02,5.384520,-3.49290524e-02,2.60221702e-03
1.252000,8.82503348e-02,8.07503348e-02,5.383356,-3.49285218e-02,2.59251779e-03
1.252500,8.82328703e-02,8.07328703e-02,5.382191,-3.49289091e-02,2.58972353e-03
1.253000,8.82154048e-02,8.07154048e-02,5.381027,-3.49311360e-02,2.60357108e-03
1.253500,8.81979385e-02,8.06979385e-02,5.379863,-3.49325975e-02,2.62720052e-03
1.254000,8.81804736e-02,8.06804736e-02,5.378698,-3.49296958e-02,2.61652722e-03
1.254500,8.81630117e-02,8.06630117e-02,5.377534,-3.49238576e-02,2.61060688e-03
1.255000,8.81455515e-02,8.06455515e-02,5.376370,-3.49202956e-02,2.60771326e-03
1.255500,8.81280926e-02,8.06280926e-02,5.375206,-3.49179616e-02,2.62365585e-03
1.256000,8.81106352e-02,8.06106352e-02,5.374042,-3.49146931e-02,2.62234211e-03
1.256500,8.80931808e-02,8.05931808e-02,5.372879,-3.49089229e-02,2.61240111e-03
1.257000,8.80757286e-02,8.05757286e-02,5.371715,-3.49042473e-02,2.60094743e-03
1.257500,8.80582775e-02,8.05582775e-02,5.370552,-3.49022169e-02,2.60037821e-03
1.258000,8.80408265e-02,8.05408265e-02,5.369388,-3.49021176e-02,2.60503257e-03
1.258500,8.80233756e-02,8.05233756e-02,5.368225,-3.49017003e-02,2.61160918e-03
1.259000,8.80059257e-02,8.05059257e-02,5.367062,-3.48999371e-02,2.61179928e-03
1.259500,8.79884771e-02,8.04884771e-02,5.365898,-3.48970772e-02,2.61243882e-03
1.260000,8.79710300e-02,8.04710300e-02,5.364735,-3.48941296e-02,2.58671061e-03
1.260500,8.79535834e-02,8.04535834e-02,5.363572,-3.48933518e-02,2.57477627e-03
1.261000,8.79361344e-02,8.04361344e-02,5.362409,-3.48978540e-02,2.59422731e-03
1.261500,8.79186831e-02,8.04186831e-02,5.361246,-3.49025961e-02,2.59931235e-03
1.262000,8.79012313e-02,8.04012313e-02,5.360082,-3.49036945e-02,2.58948189e-03
1.262500,8.78837789e-02,8.03837789e-02,5.358919,-3.49048272e-02,2.57527294e-03
1.263000,8.78663245e-02,8.03663245e-02,5.357755,-3.49088304e-02,2.56820713e-03
1.263500,8.78488666e-02,8.03488666e-02,5.356591,-3.49157916e-02,2.60736789e-03
1.264000,8.78314063e-02,8.03314063e-02,5.355427,-3.49204505e-02,2.60934078e-03
1.264500,8.78139471e-02,8.03139471e-02,5.354263,-3.49185044e-02,2.59209547e-03
1.265000,8.77964882e-02,8.02964882e-02,5.353099,-3.49177592e-02,2.57876164e-03
1.265500,8.77790277e-02,8.02790277e-02,5.351935,-3.49210248e-02,2.58943335e-03
1.266000,8.77615649e-02,8.02615649e-02,5.350771,-3.49255363e-02,2.59687785e-03
1.266500,8.77441011e-02,8.02441011e-02,5.349607,-3.49276372e-02,2.59498265e-03
1.267000,8.77266368e-02,8.02266368e-02,5.348442,-3.49286832e-02,2.60621463e-03
1.267500,8.77091723e-02,8.02091723e-02,5.347278,-3.49290474e-02,2.59725603e-03
1.268000,8.76917081e-02,8.01917081e-02,5.346114,-3.49283592e-02,2.59207084e-03
1.268500,8.76742433e-02,8.01742433e-02,5.344950,-3.49296006e-02,2.58655203e-03
1.269000,8.76567772e-02,8.01567772e-02,5.343785,-3.49321814e-02,2.60693268e-03
1.269500,8.76393102e-02,8.01393102e-02,5.342621,-3.49338664e-02,2.62752343e-03
1.270000,8.76218451e-02,8.01218451e-02,5.341456,-3.49303841e-02,2.61243014e-03
1.270500,8.76043826e-02,8.01043826e-02,5.340292,-3.49248552e-02,2.59956893e-03
1.271000,8.75869212e-02,8.00869212e-02,5.339128,-3.49229419e-02,2.61376814e-03
1.271500,8.75694602e-02,8.00694602e-02,5.337964,-3.49218851e-02,2.62140950e-03
1.272000,8.75520013e-02,8.00520013e-02,5.336800,-3.49178209e-02,2.62477051e-03
1.272500,8.75345452e-02,8.00345452e-02,5.335636,-3.49122049e-02,2.60024671e-03
1.273000,8.75170911e-02,8.00170911e-02,5.334473,-3.49082053e-02,2.59092429e-03
1.273500,8.74996366e-02,7.99996366e-02,5.333309,-3.49090569e-02,2.61133679e-03
1.274000,8.74821818e-02,7.99821818e-02,5.332145,-3.49096346e-02,2.61325081e-03
1.274500,8.74647284e-02,7.99647284e-02,5.330982,-3.49066911e-02,2.61389939e-03
1.275000,8.74472767e-02,7.99472767e-02,5.329818,-3.49033759e-02,2.61749643e-03
1.275500,8.74298269e-02,7.99298269e-02,5.328655,-3.48996362e-02,2.59582758e-03
1.276000,8.74123783e-02,7.99123783e-02,5.327492,-3.48972218e-02,2.58668069e-03
1.276500,8.73949287e-02,7.98949287e-02,5.326329,-3.48991744e-02,2.58723980e-03
1.277000,8.73774774e-02,7.98774774e-02,5.325165,-3.49025795e-02,2.60039548e-03
1.277500,8.73600251e-02,7.98600251e-02,5.324002,-3.49047296e-02,2.59937862e-03
1.278000,8.73425726e-02,7.98425726e-02,5.322838,-3.49048093e-02,2.57847292e-03
1.278500,8.73251192e-02,7.98251192e-02,5.321675,-3.49069044e-02,2.56479255e-03
1.279000,8.73076624e-02,7.98076624e-02,5.320511,-3.49136421e-02,2.58442173e-03
1.279500,8.72902019e-02,7.97902019e-02,5.319347,-3.49208906e-02,2.60330530e-03
1.280000,8.72727403e-02,7.97727403e-02,5.318183,-3.49232461e-02,2.60100195e-03
1.280500,8.72552790e-02,7.97552790e-02,5.317019,-3.49227045e-02,2.58534673e-03
1.281000,8.72378170e-02,7.97378170e-02,5.315854,-3.49239253e-02,2.58037972e-03
1.281500,8.72203529e-02,7.97203529e-02,5.314690,-3.49281560e-02,2.59574935e-03
1.282000,8.72028870e-02,7.97028870e-02,5.313526,-3.49318434e-02,2.59504011e-03
1.282500,8.71854205e-02,7.96854205e-02,5.312361,-3.49330696e-02,2.59050928e-03
1.283000,8.71679530e-02,7.96679530e-02,5.311197,-3.49348129e-02,2.60828364e-03
1.283500,8.71504852e-02,7.96504852e-02,5.310032,-3.49357287e-02,2.59788035e-03
1.284000,8.71330179e-02,7.96330179e-02,5.308868,-3.49346456e-02,2.58122294e-03
1.284500,8.71155495e-02,7.96155495e-02,5.307703,-3.49367436e-02,2.60241386e-03
1.285000,8.70980796e-02,7.95980796e-02,5.306539,-3.49397032e-02,2.61667897e-03
1.285500,8.70806107e-02,7.95806107e-02,5.305374,-3.49379218e-02,2.62514476e-03
1.286000,8.70631442e-02,7.95631442e-02,5.304210,-3.49330495e-02,2.61514339e-03
1.286500,8.70456803e-02,7.95456803e-02,5.303045,-3.49276713e-02,2.59945717e-03
1.287000,8.70282177e-02,7.95282177e-02,5.301881,-3.49253223e-02,2.60720940e-03
1.287500,8.70107552e-02,7.95107552e-02,5.300717,-3.49248637e-02,2.63527860e-03
1.288000,8.69932949e-02,7.94932949e-02,5.299553,-3.49206503e-02,2.62229128e-03
1.288500,8.69758384e-02,7.94758384e-02,5.298389,-3.49129760e-02,2.59989521e-03
1.289000,8.69583837e-02,7.94583837e-02,5.297226,-3.49094146e-02,2.59904693e-03
1.289500,8.69409289e-02,7.94409289e-02,5.296062,-3.49096058e-02,2.59962144e-03
1.290000,8.69234740e-02,7.94234740e-02,5.294898,-3.49098855e-02,2.61747380e-03
1.290500,8.69060197e-02,7.94060197e-02,5.293735,-3.49084923e-02,2.60903923e-03
1.291000,8.68885673e-02,7.93885673e-02,5.292571,-3.49049135e-02,2.61147130e-03
1.291500,8.68711160e-02,7.93711160e-02,5.291408,-3.49025046e-02,2.59959944e-03
1.292000,8.68536656e-02,7.93536656e-02,5.290244,-3.49007461e-02,2.58657887e-03
1.292500,8.68362146e-02,7.93362146e-02,5.289081,-3.49020883e-02,2.58490283e-03
1.293000,8.68187617e-02,7.93187617e-02,5.287917,-3.49057167e-02,2.58771503e-03
1.293500,8.68013070e-02,7.93013070e-02,5.286754,-3.49093717e-02,2.59387198e-03
1.294000,8.67838510e-02,7.92838510e-02,5.285590,-3.49120206e-02,2.58893148e-03
1.294500,8.67663940e-02,7.92663940e-02,5.284426,-3.49140952e-02,2.57347183e-03
1.295000,8.67489348e-02,7.92489348e-02,5.283262,-3.49183481e-02,2.58986687e-03
1.295500,8.67314730e-02,7.92314730e-02,5.282098,-3.49236899e-02,2.60298851e-03
1.296000,8.67140104e-02,7.92140104e-02,5.280934,-3.49251793e-02,2.59558323e-03
1.296500,8.66965478e-02,7.91965478e-02,5.279770,-3.49251688e-02,2.58831453e-03
1.297000,8.66790843e-02,7.91790843e-02,5.278606,-3.49270170e-02,2.58210749e-03
1.297500,8.66616190e-02,7.91616190e-02,5.277441,-3.49306076e-02,2.59583264e-03
1.298000,8.66441520e-02,7.91441520e-02,5.276277,-3.49340039e-02,2.59047589e-03
1.298500,8.66266842e-02,7.91266842e-02,5.275112,-3.49356201e-02,2.60159314e-03
1.299000,8.66092156e-02,7.91092156e-02,5.273948,-3.49371328e-02,2.60868142e-03
1.299500,8.65917475e-02,7.90917475e-02,5.272783,-3.49361934e-02,2.59852123e-03
1.300000,8.65742800e-02,7.90742800e-02,5.271619,-3.49349883e-02,2.57727532e-03
1.300500,8.65568113e-02,7.90568113e-02,5.270454,-3.49373301e-02,2.58908297e-03
1.301000,8.65393403e-02,7.90393403e-02,5.269289,-3.49421167e-02,2.63048960e-03
1.301500,8.65218696e-02,7.90218696e-02,5.268125,-3.49413032e-02,2.62010574e-03
1.302000,8.65044023e-02,7.90044023e-02,5.266960,-3.49346085e-02,2.60548885e-03
1.302500,8.64869369e-02,7.89869369e-02,5.265796,-3.49309114e-02,2.59599000e-03
1.303000,8.64694716e-02,7.89694716e-02,5.264631,-3.49304544e-02,2.62235302e-03
1.303500,8.64520070e-02,7.89520070e-02,5.263467,-3.49292261e-02,2.63028710e-03
1.304000,8.64345455e-02,7.89345455e-02,5.262303,-3.49229674e-02,2.61632439e-03
1.304500,8.64170872e-02,7.89170872e-02,5.261139,-3.49166403e-02,2.58742219e-03
1.305000,8.63996296e-02,7.88996296e-02,5.259975,-3.49151616e-02,2.60693441e-03
1.305500,8.63821713e-02,7.88821713e-02,5.258811,-3.49167035e-02,2.60320881e-03
1.306000,8.63647136e-02,7.88647136e-02,5.257648,-3.49153708e-02,2.62021023e-03
1.306500,8.63472570e-02,7.88472570e-02,5.256484,-3.49131467e-02,2.61094838e-03
1.307000,8.63298026e-02,7.88298026e-02,5.255320,-3.49089497e-02,2.61722049e-03
1.307500,8.63123497e-02,7.88123497e-02,5.254157,-3.49057190e-02,2.59145001e-03
1.308000,8.62948978e-02,7.87948978e-02,5.252993,-3.49037369e-02,2.57947940e-03
1.308500,8.62774443e-02,7.87774443e-02,5.251830,-3.49070450e-02,2.58747114e-03
1.309000,8.62599885e-02,7.87599885e-02,5.250666,-3.49116122e-02,2.59755872e-03
1.309500,8.62425315e-02,7.87425315e-02,5.249502,-3.49139751e-02,2.59041558e-03
1.310000,8.62250739e-02,7.87250739e-02,5.248338,-3.49153131e-02,2.58544474e-03
1.310500,8.62076147e-02,7.87076147e-02,5.247174,-3.49182637e-02,2.56852537e-03
1.311000,8.61901530e-02,7.86901530e-02,5.246010,-3.49235264e-02,2.59606133e-03
1.311500,8.61726884e-02,7.86726884e-02,5.244846,-3.49291328e-02,2.59579143e-03
1.312000,8.61552233e-02,7.86552233e-02,5.243682,-3.49302414e-02,2.60156669e-03
1.312500,8.61377578e-02,7.86377578e-02,5.242517,-3.49308836e-02,2.58045920e-03
1.313000,8.61202916e-02,7.86202916e-02,5.241353,-3.49324439e-02,2.59353063e-03
1.313500,8.61028235e-02,7.86028235e-02,5.240188,-3.49363144e-02,2.59962802e-03
1.314000,8.60853547e-02,7.85853547e-02,5.239024,-3.49374993e-02,2.58330273e-03
1.314500,8.60678851e-02,7.85678851e-02,5.237859,-3.49391265e-02,2.59150378e-03
1.315000,8.60504138e-02,7.85504138e-02,5.236694,-3.49427092e-02,2.60788309e-03
1.315500,8.60329420e-02,7.85329420e-02,5.235529,-3.49434971e-02,2.59776384e-03
1.316000,8.60154708e-02,7.85154708e-02,5.234365,-3.49424900e-02,2.59311307e-03
1.316500,8.59979990e-02,7.84979990e-02,5.233200,-3.49435559e-02,2.59490153e-03
1.317000,8.59805264e-02,7.84805264e-02,5.232035,-3.49452273e-02,2.62327161e-03
1.317500,8.59630544e-02,7.84630544e-02,5.230870,-3.49440966e-02,2.61626536e-03
1.318000,8.59455849e-02,7.84455849e-02,5.229706,-3.49389267e-02,2.61593181e-03
1.318500,8.59281174e-02,7.84281174e-02,5.228541,-3.49349369e-02,2.60308609e-03
1.319000,8.59106514e-02,7.84106514e-02,5.227377,-3.49321376e-02,2.62450060e-03
1.319500,8.58931866e-02,7.83931866e-02,5.226212,-3.49295542e-02,2.62610354e-03
1.320000,8.58757249e-02,7.83757249e-02,5.225048,-3.49233127e-02,2.61826665e-03
1.320500,8.58582662e-02,7.83582662e-02,5.223884,-3.49175009e-02,2.59087082e-03
1.321000,8.58408085e-02,7.83408085e-02,5.222721,-3.49153983e-02,2.59967231e-03
1.321500,8.58233500e-02,7.83233500e-02,5.221557,-3.49170161e-02,2.60171026e-03
1.322000,8.58058915e-02,7.83058915e-02,5.220393,-3.49170084e-02,2.61932571e-03
1.322500,8.57884339e-02,7.82884339e-02,5.219229,-3.49151085e-02,2.60560632e-03
1.323000,8.57709781e-02,7.82709781e-02,5.218065,-3.49115291e-02,2.61768347e-03
1.323500,8.57535236e-02,7.82535236e-02,5.216902,-3.49091346e-02,2.58975379e-03
1.324000,8.57360700e-02,7.82360700e-02,5.215738,-3.49072266e-02,2.58017897e-03
1.324500,8.57186146e-02,7.82186146e-02,5.214574,-3.49107514e-02,2.58626249e-03
1.325000,8.57011569e-02,7.82011569e-02,5.213410,-3.49153105e-02,2.59782005e-03
1.325500,8.56836980e-02,7.81836980e-02,5.212247,-3.49178488e-02,2.59691904e-03
1.326000,8.56662387e-02,7.81662387e-02,5.211083,-3.49185689e-02,2.58596495e-03
1.326500,8.56487785e-02,7.81487785e-02,5.209919,-3.49204055e-02,2.56781171e-03
1.327000,8.56313157e-02,7.81313157e-02,5.208754,-3.49256459e-02,2.59568587e-03
1.327500,8.56138500e-02,7.81138500e-02,5.207590,-3.49314027e-02,2.60855023e-03
1.328000,8.55963843e-02,7.80963843e-02,5.206426,-3.49314448e-02,2.59608118e-03
1.328500,8.55789190e-02,7.80789190e-02,5.205261,-3.49304770e-02,2.57698167e-03
1.329000,8.55614524e-02,7.80614524e-02,5.204097,-3.49332455e-02,2.58565040e-03
1.329500,8.55439832e-02,7.80439832e-02,5.202932,-3.49383838e-02,2.59529145e-03
1.330000,8.55265126e-02,7.80265126e-02,5.201768,-3.49412461e-02,2.59812420e-03
1.330500,8.55090415e-02,7.80090415e-02,5.200603,-3.49422749e-02,2.60313423e-03
1.331000,8.54915703e-02,7.79915703e-02,5.199438,-3.49423955e-02,2.60251342e-03
1.331500,8.54740994e-02,7.79740994e-02,5.198273,-3.49417483e-02,2.59317365e-03
1.332000,8.54566284e-02,7.79566284e-02,5.197109,-3.49420289e-02,2.58664220e-03
1.332500,8.54391562e-02,7.79391562e-02,5.195944,-3.49444206e-02,2.59692315e-03
1.333000,8.54216827e-02,7.79216827e-02,5.194779,-3.49469759e-02,2.62180865e-03
1.333500,8.54042099e-02,7.79042099e-02,5.193614,-3.49456425e-02,2.61326272e-03
1.334000,8.53867394e-02,7.78867394e-02,5.192449,-3.49409784e-02,2.60654189e-03
1.334500,8.53692702e-02,7.78692702e-02,5.191285,-3.49383119e-02,2.61091712e-03
1.335000,8.53518020e-02,7.78518020e-02,5.190120,-3.49363621e-02,2.62341887e-03
1.335500,8.53343357e-02,7.78343357e-02,5.188956,-3.49325884e-02,2.62120455e-03
1.336000,8.53168723e-02,7.78168723e-02,5.187791,-3.49269577e-02,2.60359414e-03
1.336500,8.52994106e-02,7.77994106e-02,5.186627,-3.49232477e-02,2.60120359e-03
1.337000,8.52819493e-02,7.77819493e-02,5.185463,-3.49226408e-02,2.60969057e-03
1.337500,8.52644885e-02,7.77644885e-02,5.184299,-3.49216760e-02,2.60599569e-03
1.338000,8.52470287e-02,7.77470287e-02,5.183135,-3.49196444e-02,2.61582254e-03
1.338500,8.52295700e-02,7.77295700e-02,5.181971,-3.49173505e-02,2.61411939e-03
1.339000,8.52121132e-02,7.77121132e-02,5.180808,-3.49135936e-02,2.61006675e-03
1.339500,8.51946579e-02,7.76946579e-02,5.179644,-3.49104747e-02,2.58583726e-03
1.340000,8.51772029e-02,7.76772029e-02,5.178480,-3.49101637e-02,2.57668668e-03
1.340500,8.51597455e-02,7.76597455e-02,5.177316,-3.49146404e-02,2.59397117e-03
1.341000,8.51422860e-02,7.76422860e-02,5.176152,-3.49190914e-02,2.60265483e-03
1.341500,8.51248260e-02,7.76248260e-02,5.174988,-3.49199363e-02,2.59001113e-03
1.342000,8.51073658e-02,7.76073658e-02,5.173824,-3.49204733e-02,2.57327098e-03
1.342500,8.50899035e-02,7.75899035e-02,5.172660,-3.49245667e-02,2.57181756e-03
1.343000,8.50724377e-02,7.75724377e-02,5.171496,-3.49315374e-02,2.59260997e-03
1.343500,8.50549693e-02,7.75549693e-02,5.170331,-3.49369083e-02,2.61154030e-03
1.344000,8.50375007e-02,7.75375007e-02,5.169167,-3.49371911e-02,2.59397456e-03
1.344500,8.50200327e-02,7.75200327e-02,5.168002,-3.49359186e-02,2.57653378e-03
1.345000,8.50025632e-02,7.75025632e-02,5.166838,-3.49390726e-02,2.58822430e-03
1.345500,8.49850912e-02,7.74850912e-02,5.165673,-3.49440568e-02,2.59654380e-03
1.346000,8.49676180e-02,7.74676180e-02,5.164508,-3.49463858e-02,2.59031033e-03
1.346500,8.49501440e-02,7.74501440e-02,5.163343,-3.49478998e-02,2.59996066e-03
1.347000,8.49326692e-02,7.74326692e-02,5.162178,-3.49495841e-02,2.60302189e-03
1.347500,8.49151945e-02,7.74151945e-02,5.161013,-3.49494131e-02,2.59292369e-03
1.348000,8.48977197e-02,7.73977197e-02,5.159848,-3.49496323e-02,2.59299190e-03
1.348500,8.48802440e-02,7.73802440e-02,5.158683,-3.49515037e-02,2.60122315e-03
1.349000,8.48627676e-02,7.73627676e-02,5.157518,-3.49526360e-02,2.63082358e-03
1.349500,8.48452927e-02,7.73452927e-02,5.156353,-3.49497995e-02,2.61453699e-03
1.350000,8.48278210e-02,7.73278210e-02,5.155188,-3.49435424e-02,2.60891873e-03
1.350500,8.48103507e-02,7.73103507e-02,5.154023,-3.49404564e-02,2.61451613e-03
1.351000,8.47928818e-02,7.72928818e-02,5.152859,-3.49377981e-02,2.62112318e-03
1.351500,8.47754150e-02,7.72754150e-02,5.151694,-3.49336365e-02,2.62102292e-03
1.352000,8.47579508e-02,7.72579508e-02,5.150530,-3.49283988e-02,2.60979241e-03
1.352500,8.47404887e-02,7.72404887e-02,5.149366,-3.49241705e-02,2.59611854e-03
1.353000,8.47230272e-02,7.72230272e-02,5.148202,-3.49229955e-02,2.60136668e-03
1.353500,8.47055654e-02,7.72055654e-02,5.147038,-3.49236017e-02,2.61081758e-03
1.354000,8.46881042e-02,7.71881042e-02,5.145874,-3.49225105e-02,2.60884668e-03
1.354500,8.46706442e-02,7.71706442e-02,5.144710,-3.49200417e-02,2.61856909e-03
1.355000,8.46531856e-02,7.71531856e-02,5.143546,-3.49170369e-02,2.60277925e-03
1.355500,8.46357287e-02,7.71357287e-02,5.142382,-3.49138317e-02,2.58526321e-03
1.356000,8.46182713e-02,7.71182713e-02,5.141218,-3.49147680e-02,2.58651663e-03
1.356500,8.46008121e-02,7.71008121e-02,5.140054,-3.49184698e-02,2.59363653e-03
1.357000,8.45833514e-02,7.70833514e-02,5.138890,-3.49213363e-02,2.59833169e-03
1.357500,8.45658901e-02,7.70658901e-02,5.137726,-3.49226184e-02,2.58461318e-03
1.358000,8.45484280e-02,7.70484280e-02,5.136562,-3.49243426e-02,2.57196495e-03
1.358500,8.45309632e-02,7.70309632e-02,5.135398,-3.49294378e-02,2.57764058e-03
1.359000,8.45134952e-02,7.70134952e-02,5.134233,-3.49361081e-02,2.60737318e-03
1.359500,8.44960256e-02,7.69960256e-02,5.133068,-3.49392174e-02,2.60268779e-03
1.360000,8.44785566e-02,7.69785566e-02,5.131904,-3.49378588e-02,2.59152515e-03
1.360500,8.44610875e-02,7.69610875e-02,5.130739,-3.49382565e-02,2.58153889e-03
1.361000,8.44436168e-02,7.69436168e-02,5.129574,-3.49413702e-02,2.58785681e-03
1.361500,8.44261441e-02,7.69261441e-02,5.128410,-3.49455650e-02,2.59789864e-03
1.362000,8.44086701e-02,7.69086701e-02,5.127245,-3.49478345e-02,2.59659625e-03
1.362500,8.43911958e-02,7.68911958e-02,5.126080,-3.49485703e-02,2.60841770e-03
1.363000,8.43737216e-02,7.68737216e-02,5.124915,-3.49484746e-02,2.59783580e-03
1.363500,8.43562479e-02,7.68562479e-02,5.123750,-3.49473735e-02,2.58278677e-03
1.364000,8.43387733e-02,7.68387733e-02,5.122585,-3.49493405e-02,2.58537258e-03
1.364500,8.43212965e-02,7.68212965e-02,5.121420,-3.49535501e-02,2.61726587e-03
1.365000,8.43038192e-02,7.68038192e-02,5.120255,-3.49545152e-02,2.62758666e-03
1.365500,8.42863446e-02,7.67863446e-02,5.119090,-3.49493305e-02,2.60867214e-03
1.366000,8.42688725e-02,7.67688725e-02,5.117925,-3.49441235e-02,2.59721199e-03
1.366500,8.42514010e-02,7.67514010e-02,5.116760,-3.49430357e-02,2.61006232e-03
1.367000,8.42339296e-02,7.67339296e-02,5.115595,-3.49426935e-02,2.63166005e-03
1.367500,8.42164605e-02,7.67164605e-02,5.114431,-3.49383316e-02,2.62228685e-03
1.368000,8.41989948e-02,7.66989948e-02,5.113266,-3.49312519e-02,2.59531543e-03
1.368500,8.41815308e-02,7.66815308e-02,5.112102,-3.49280961e-02,2.59935035e-03
1.369000,8.41640663e-02,7.66640663e-02,5.110938,-3.49290125e-02,2.60784370e-03
1.369500,8.41466020e-02,7.66466020e-02,5.109773,-3.49285154e-02,2.62026874e-03
1.370000,8.41291393e-02,7.66291393e-02,5.108609,-3.49255250e-02,2.61368053e-03
1.370500,8.41116787e-02,7.66116787e-02,5.107445,-3.49210768e-02,2.61233797e-03
1.371000,8.40942198e-02,7.65942198e-02,5.106281,-3.49178291e-02,2.59320934e-03
1.371500,8.40767616e-02,7.65767616e-02,5.105117,-3.49164933e-02,2.58583259e-03
1.372000,8.40593021e-02,7.65593021e-02,5.103953,-3.49189508e-02,2.58544801e-03
1.372500,8.40418408e-02,7.65418408e-02,5.102789,-3.49226536e-02,2.59443845e-03
1.373000,8.40243779e-02,7.65243779e-02,5.101625,-3.49256246e-02,2.59587173e-03
1.373500,8.40069145e-02,7.65069145e-02,5.100461,-3.49269926e-02,2.58674874e-03
1.374000,8.39894500e-02,7.64894500e-02,5.099297,-3.49289318e-02,2.56831657e-03
1.374500,8.39719830e-02,7.64719830e-02,5.098132,-3.49339990e-02,2.58525868e-03
1.375000,8.39545127e-02,7.64545127e-02,5.096968,-3.49405947e-02,2.60146021e-03
1.375500,8.39370412e-02,7.64370412e-02,5.095803,-3.49429760e-02,2.59994637e-03
1.376000,8.39195698e-02,7.64195698e-02,5.094638,-3.49428307e-02,2.58665977e-03
1.376500,8.39020977e-02,7.64020977e-02,5.093473,-3.49441087e-02,2.57936281e-03
1.377000,8.38846236e-02,7.63846236e-02,5.092308,-3.49482137e-02,2.59749307e-03
1.377500,8.38671477e-02,7.63671477e-02,5.091143,-3.49519139e-02,2.59108205e-03
1.378000,8.38496711e-02,7.63496711e-02,5.089978,-3.49532038e-02,2.59570624e-03
1.378500,8.38321935e-02,7.63321935e-02,5.088813,-3.49551376e-02,2.61000613e-03
1.379000,8.38147160e-02,7.63147160e-02,5.087648,-3.49550476e-02,2.59866248e-03
1.379500,8.37972392e-02,7.62972392e-02,5.086483,-3.49536125e-02,2.57975786e-03
1.380000,8.37797613e-02,7.62797613e-02,5.085317,-3.49557117e-02,2.59863681e-03
1.380500,8.37622817e-02,7.62622817e-02,5.084152,-3.49592458e-02,2.62169009e-03
1.381000,8.37448029e-02,7.62448029e-02,5.082987,-3.49576416e-02,2.62079047e-03
1.381500,8.37273267e-02,7.62273267e-02,5.081822,-3.49523313e-02,2.61657690e-03
1.382000,8.37098529e-02,7.62098529e-02,5.080657,-3.49475414e-02,2.59939971e-03
1.382500,8.36923805e-02,7.61923805e-02,5.079492,-3.49449621e-02,2.61833473e-03
1.383000,8.36749087e-02,7.61749087e-02,5.078327,-3.49435293e-02,2.63391691e-03
1.383500,8.36574399e-02,7.61574399e-02,5.077163,-3.49376094e-02,2.62175588e-03
1.384000,8.36399748e-02,7.61399748e-02,5.075998,-3.49302060e-02,2.59314383e-03
1.384500,8.36225111e-02,7.61225111e-02,5.074834,-3.49273295e-02,2.59777103e-03
1.385000,8.36050467e-02,7.61050467e-02,5.073670,-3.49287421e-02,2.59899618e-03
1.385500,8.35875821e-02,7.60875821e-02,5.072505,-3.49292866e-02,2.61845608e-03
1.386000,8.35701181e-02,7.60701181e-02,5.071341,-3.49279093e-02,2.60468322e-03
1.386500,8.35526559e-02,7.60526559e-02,5.070177,-3.49245543e-02,2.61727116e-03
1.387000,8.35351947e-02,7.60351947e-02,5.069013,-3.49223479e-02,2.59706686e-03
1.387500,8.35177348e-02,7.60177348e-02,5.067849,-3.49198609e-02,2.58439694e-03
1.388000,8.35002739e-02,7.60002739e-02,5.066685,-3.49218119e-02,2.58421243e-03
1.388500,8.34828109e-02,7.59828109e-02,5.065521,-3.49258597e-02,2.59340558e-03
1.389000,8.34653464e-02,7.59653464e-02,5.064356,-3.49291249e-02,2.59170054e-03
1.389500,8.34478808e-02,7.59478808e-02,5.063192,-3.49310313e-02,2.58842047e-03
1.390000,8.34304141e-02,7.59304141e-02,5.062028,-3.49335077e-02,2.57289850e-03
1.390500,8.34129451e-02,7.59129451e-02,5.060863,-3.49378952e-02,2.59618516e-03
1.391000,8.33954738e-02,7.58954738e-02,5.059698,-3.49427725e-02,2.60166346e-03
1.391500,8.33780021e-02,7.58780021e-02,5.058533,-3.49433415e-02,2.59912622e-03
1.392000,8.33605305e-02,7.58605305e-02,5.057369,-3.49432354e-02,2.58254058e-03
1.392500,8.33430580e-02,7.58430580e-02,5.056204,-3.49450123e-02,2.58223542e-03
1.393000,8.33255832e-02,7.58255832e-02,5.055039,-3.49495397e-02,2.59824804e-03
1.393500,8.33081068e-02,7.58081068e-02,5.053874,-3.49527014e-02,2.59133535e-03
1.394000,8.32906299e-02,7.57906299e-02,5.052709,-3.49538450e-02,2.59866361e-03
1.394500,8.32731522e-02,7.57731522e-02,5.051543,-3.49554756e-02,2.60701201e-03
1.395000,8.32556746e-02,7.57556746e-02,5.050378,-3.49551648e-02,2.60041468e-03
1.395500,8.32381976e-02,7.57381976e-02,5.049213,-3.49540664e-02,2.58365605e-03
1.396000,8.32207198e-02,7.57207198e-02,5.048048,-3.49555332e-02,2.59700883e-03
1.396500,8.32032405e-02,7.57032405e-02,5.046883,-3.49585712e-02,2.62187052e-03
1.397000,8.31857619e-02,7.56857619e-02,5.045717,-3.49572183e-02,2.61709727e-03
1.397500,8.31682858e-02,7.56682858e-02,5.044552,-3.49522050e-02,2.60712423e-03
1.398000,8.31508114e-02,7.56508114e-02,5.043387,-3.49488573e-02,2.59682247e-03
1.398500,8.31333373e-02,7.56333373e-02,5.042222,-3.49480581e-02,2.62626089e-03
1.399000,8.31158642e-02,7.56158642e-02,5.041058,-3.49463476e-02,2.62703434e-03
1.399500,8.30983943e-02,7.55983943e-02,5.039893,-3.49397348e-02,2.61271445e-03
1.400000,8.30809272e-02,7.55809272e-02,5.038728,-3.49342610e-02,2.58680261e-03
1.400500,8.30634605e-02,7.55634605e-02,5.037564,-3.49334298e-02,2.60879298e-03
1.401000,8.30459930e-02,7.55459930e-02,5.036400,-3.49349092e-02,2.60794114e-03
1.401500,8.30285266e-02,7.55285266e-02,5.035235,-3.49328529e-02,2.61897073e-03
1.402000,8.30110616e-02,7.55110616e-02,5.034071,-3.49299612e-02,2.61204778e-03
1.402500,8.29935987e-02,7.54935987e-02,5.032907,-3.49258706e-02,2.61664386e-03
1.403000,8.29761374e-02,7.54761374e-02,5.031742,-3.49225103e-02,2.58594091e-03
1.403500,8.29586769e-02,7.54586769e-02,5.030578,-3.49211101e-02,2.57512626e-03
1.404000,8.29412140e-02,7.54412140e-02,5.029414,-3.49257077e-02,2.59085803e-03
1.404500,8.29237487e-02,7.54237487e-02,5.028250,-3.49306902e-02,2.60107210e-03
1.405000,8.29062826e-02,7.54062826e-02,5.027086,-3.49321863e-02,2.59481371e-03
1.405500,8.28888163e-02,7.53888163e-02,5.025921,-3.49325586e-02,2.58183152e-03
1.406000,8.28713487e-02,7.53713487e-02,5.024757,-3.49351064e-02,2.56819797e-03
1.406500,8.28538782e-02,7.53538782e-02,5.023592,-3.49409914e-02,2.59135825e-03
1.407000,8.28364047e-02,7.53364047e-02,5.022427,-3.49470673e-02,2.60292230e-03
1.407500,8.28189305e-02,7.53189305e-02,5.021262,-3.49483177e-02,2.60033491e-03
1.408000,8.28014566e-02,7.53014566e-02,5.020097,-3.49478980e-02,2.57584758e-03
1.408500,8.27839816e-02,7.52839816e-02,5.018932,-3.49500682e-02,2.58488584e-03
1.409000,8.27665038e-02,7.52665038e-02,5.017767,-3.49554603e-02,2.59260390e-03
1.409500,8.27490245e-02,7.52490245e-02,5.016602,-3.49586859e-02,2.59654216e-03
1.410000,8.27315443e-02,7.52315443e-02,5.015436,-3.49602958e-02,2.60442924e-03
1.410500,8.27140641e-02,7.52140641e-02,5.014271,-3.49605617e-02,2.60347771e-03
1.411000,8.26965842e-02,7.51965842e-02,5.013106,-3.49596166e-02,2.59013295e-03
1.411500,8.26791042e-02,7.51791042e-02,5.011940,-3.49600077e-02,2.59318027e-03
1.412000,8.26616231e-02,7.51616231e-02,5.010775,-3.49623207e-02,2.59677175e-03
1.412500,8.26441412e-02,7.51441412e-02,5.009609,-3.49638157e-02,2.62897477e-03
1.413000,8.26266602e-02,7.51266602e-02,5.008444,-3.49618736e-02,2.61367938e-03
1.413500,8.26091822e-02,7.51091822e-02,5.007279,-3.49559959e-02,2.61215703e-03
1.414000,8.25917059e-02,7.50917059e-02,5.006114,-3.49527645e-02,2.60959934e-03
1.414500,8.25742309e-02,7.50742309e-02,5.004949,-3.49500091e-02,2.62388227e-03
1.415000,8.25567577e-02,7.50567577e-02,5.003784,-3.49464109e-02,2.62346342e-03
1.415500,8.25392874e-02,7.50392874e-02,5.002619,-3.49405044e-02,2.61205254e-03
1.416000,8.25218196e-02,7.50218196e-02,5.001455,-3.49356755e-02,2.59830383e-03
1.416500,8.25043526e-02,7.50043526e-02,5.000290,-3.49339361e-02,2.60392800e-03
1.417000,8.24868856e-02,7.49868856e-02,4.999126,-3.49339570e-02,2.60485944e-03
1.417500,8.24694191e-02,7.49694191e-02,4.997961,-3.49329721e-02,2.61531854e-03
1.418000,8.24519537e-02,7.49519537e-02,4.996797,-3.49309094e-02,2.60504044e-03
1.418500,8.24344897e-02,7.49344897e-02,4.995633,-3.49280380e-02,2.61446240e-03
1.419000,8.24170266e-02,7.49170266e-02,4.994468,-3.49260213e-02,2.59084025e-03
1.419500,8.23995644e-02,7.48995644e-02,4.993304,-3.49245461e-02,2.57779132e-03
1.420000,8.23821003e-02,7.48821003e-02,4.992140,-3.49281036e-02,2.58808650e-03
1.420500,8.23646339e-02,7.48646339e-02,4.990976,-3.49328935e-02,2.59865191e-03
1.421000,8.23471663e-02,7.48471663e-02,4.989811,-3.49350587e-02,2.59489003e-03
1.421500,8.23296984e-02,7.48296984e-02,4.988647,-3.49358216e-02,2.57871892e-03
1.422000,8.23122291e-02,7.48122291e-02,4.987482,-3.49386321e-02,2.56733257e-03
1.422500,8.22947566e-02,7.47947566e-02,4.986317,-3.49451048e-02,2.59942187e-03
1.423000,8.22772813e-02,7.47772813e-02,4.985152,-3.49506098e-02,2.61063871e-03
1.423500,8.22598063e-02,7.47598063e-02,4.983987,-3.49498538e-02,2.59522150e-03
1.424000,8.22423320e-02,7.47423320e-02,4.982822,-3.49486191e-02,2.58242065e-03
1.424500,8.22248565e-02,7.47248565e-02,4.981657,-3.49510478e-02,2.58468770e-03
1.425000,8.22073788e-02,7.47073788e-02,4.980492,-3.49553781e-02,2.59639461e-03
1.425500,8.21898997e-02,7.46898997e-02,4.979327,-3.49583010e-02,2.59250301e-03
1.426000,8.21724198e-02,7.46724198e-02,4.978161,-3.49596457e-02,2.60525267e-03
1.426500,8.21549396e-02,7.46549396e-02,4.976996,-3.49605020e-02,2.60166123e-03
1.427000,8.21374598e-02,7.46374598e-02,4.975831,-3.49595823e-02,2.59411492e-03
1.427500,8.21199798e-02,7.46199798e-02,4.974665,-3.49599196e-02,2.58664188e-03
1.428000,8.21024988e-02,7.46024988e-02,4.973500,-3.49621568e-02,2.60241892e-03
1.428500,8.20850166e-02,7.45850166e-02,4.972334,-3.49642261e-02,2.62929591e-03
1.429000,8.20675360e-02,7.45675360e-02,4.971169,-3.49613283e-02,2.61061554e-03
1.429500,8.20500581e-02,7.45500581e-02,4.970004,-3.49556688e-02,2.60139577e-03
1.430000,8.20325812e-02,7.45325812e-02,4.968839,-3.49538920e-02,2.61756205e-03
1.430500,8.20151051e-02,7.45151051e-02,4.967674,-3.49521997e-02,2.62313454e-03
1.431000,8.19976314e-02,7.44976314e-02,4.966509,-3.49473600e-02,2.61774041e-03
1.431500,8.19801604e-02,7.44801604e-02,4.965344,-3.49420823e-02,2.60133492e-03
1.432000,8.19626908e-02,7.44626908e-02,4.964179,-3.49391409e-02,2.59468809e-03
1.432500,8.19452211e-02,7.44452211e-02,4.963015,-3.49394811e-02,2.61225341e-03
1.433000,8.19277514e-02,7.44277514e-02,4.961850,-3.49393596e-02,2.61303773e-03
1.433500,8.19102832e-02,7.44102832e-02,4.960686,-3.49362844e-02,2.61367902e-03
1.434000,8.18928167e-02,7.43928167e-02,4.959521,-3.49330238e-02,2.61844002e-03
1.434500,8.18753521e-02,7.43753521e-02,4.958357,-3.49292368e-02,2.59681951e-03
1.435000,8.18578888e-02,7.43578888e-02,4.957193,-3.49265798e-02,2.58534841e-03
1.435500,8.18404246e-02,7.43404246e-02,4.956028,-3.49284872e-02,2.58585041e-03
1.436000,8.18229585e-02,7.43229585e-02,4.954864,-3.49322340e-02,2.60179579e-03
1.436500,8.18054912e-02,7.43054912e-02,4.953699,-3.49344884e-02,2.60013240e-03
1.437000,8.17880241e-02,7.42880241e-02,4.952535,-3.49342715e-02,2.57936396e-03
1.437500,8.17705560e-02,7.42705560e-02,4.951370,-3.49361641e-02,2.56578967e-03
1.438000,8.17530847e-02,7.42530847e-02,4.950206,-3.49426673e-02,2.57873842e-03
1.438500,8.17356095e-02,7.42356095e-02,4.949041,-3.49502545e-02,2.60476946e-03
1.439000,8.17181328e-02,7.42181328e-02,4.947876,-3.49534138e-02,2.60452157e-03
1.439500,8.17006567e-02,7.42006567e-02,4.946710,-3.49523206e-02,2.58658246e-03
1.440000,8.16831802e-02,7.41831802e-02,4.945545,-3.49528542e-02,2.57884807e-03
1.440500,8.16657017e-02,7.41657017e-02,4.944380,-3.49570174e-02,2.59077765e-03
1.441000,8.16482210e-02,7.41482210e-02,4.943215,-3.49613959e-02,2.59694762e-03
1.441500,8.16307394e-02,7.41307394e-02,4.942049,-3.49632698e-02,2.59298142e-03
1.442000,8.16132572e-02,7.41132572e-02,4.940884,-3.49644814e-02,2.60612343e-03
1.442500,8.15957746e-02,7.40957746e-02,4.939718,-3.49651822e-02,2.59977624e-03
1.443000,8.15782924e-02,7.40782924e-02,4.938553,-3.49642862e-02,2.58163237e-03
1.443500,8.15608094e-02,7.40608094e-02,4.937387,-3.49660367e-02,2.59631087e-03
1.444000,8.15433247e-02,7.40433247e-02,4.936222,-3.49694687e-02,2.61694623e-03
1.444500,8.15258403e-02,7.40258403e-02,4.935056,-3.49686658e-02,2.62694037e-03
1.445000,8.15083585e-02,7.40083585e-02,4.933891,-3.49635908e-02,2.61509888e-03
1.445500,8.14908796e-02,7.39908796e-02,4.932725,-3.49579216e-02,2.60058312e-03
1.446000,8.14734018e-02,7.39734018e-02,4.931560,-3.49554805e-02,2.60787275e-03
1.446500,8.14559245e-02,7.39559245e-02,4.930395,-3.49547783e-02,2.62781757e-03
1.447000,8.14384489e-02,7.39384489e-02,4.929230,-3.49511157e-02,2.62854940e-03
1.447500,8.14209768e-02,7.39209768e-02,4.928065,-3.49441132e-02,2.60481278e-03
1.448000,8.14035073e-02,7.39035073e-02,4.926900,-3.49390894e-02,2.59505526e-03
1.448500,8.13860379e-02,7.38860379e-02,4.925736,-3.49388260e-02,2.59939769e-03
1.449000,8.13685680e-02,7.38685680e-02,4.924571,-3.49397809e-02,2.61853337e-03
1.449500,8.13510988e-02,7.38510988e-02,4.923407,-3.49383308e-02,2.61063077e-03
1.450000,8.13336316e-02,7.38336316e-02,4.922242,-3.49344373e-02,2.61193082e-03
1.450500,8.13161657e-02,7.38161657e-02,4.921078,-3.49317264e-02,2.59733502e-03
1.451000,8.12987007e-02,7.37987007e-02,4.919913,-3.49300927e-02,2.58848485e-03
1.451500,8.12812349e-02,7.37812349e-02,4.918749,-3.49316381e-02,2.58755956e-03
1.452000,8.12637675e-02,7.37637675e-02,4.917584,-3.49347187e-02,2.58670772e-03
1.452500,8.12462985e-02,7.37462985e-02,4.916420,-3.49380265e-02,2.59324783e-03
1.453000,8.12288281e-02,7.37288281e-02,4.915255,-3.49408960e-02,2.58886560e-03
1.453500,8.12113565e-02,7.37113565e-02,4.914090,-3.49430789e-02,2.57427078e-03
1.454000,8.11938829e-02,7.36938829e-02,4.912926,-3.49472720e-02,2.58972481e-03
1.454500,8.11764066e-02,7.36764066e-02,4.911760,-3.49524952e-02,2.60372313e-03
1.455000,8.11589297e-02,7.36589297e-02,4.910595,-3.49539429e-02,2.59538881e-03
1.455500,8.11414528e-02,7.36414528e-02,4.909430,-3.49538290e-02,2.58852776e-03
1.456000,8.11239749e-02,7.36239749e-02,4.908265,-3.49556903e-02,2.58299349e-03
1.456500,8.11064953e-02,7.36064953e-02,4.907100,-3.49591675e-02,2.59684670e-03
1.457000,8.10890142e-02,7.35890142e-02,4.905934,-3.49623287e-02,2.59061960e-03
1.457500,8.10715323e-02,7.35715323e-02,4.904769,-3.49637656e-02,2.60186148e-03
1.458000,8.10540497e-02,7.35540497e-02,4.903603,-3.49652311e-02,2.60885143e-03
1.458500,8.10365675e-02,7.35365675e-02,4.902438,-3.49642325e-02,2.59781837e-03
1.459000,8.10190860e-02,7.35190860e-02,4.901272,-3.49630616e-02,2.57830291e-03
1.459500,8.10016033e-02,7.35016033e-02,4.900107,-3.49654280e-02,2.58996865e-03
1.460000,8.09841183e-02,7.34841183e-02,4.898941,-3.49699675e-02,2.62766118e-03
1.460500,8.09666337e-02,7.34666337e-02,4.897776,-3.49692587e-02,2.62114036e-03
1.461000,8.09491522e-02,7.34491522e-02,4.896610,-3.49629370e-02,2.60564870e-03
1.461500,8.09316727e-02,7.34316727e-02,4.895445,-3.49590559e-02,2.59243568e-03
1.462000,8.09141932e-02,7.34141932e-02,4.894280,-3.49588869e-02,2.62500407e-03
1.462500,8.08967142e-02,7.33967142e-02,4.893114,-3.49580079e-02,2.63413226e-03
1.463000,8.08792388e-02,7.33792388e-02,4.891949,-3.49509738e-02,2.61390252e-03
1.463500,8.08617666e-02,7.33617666e-02,4.890784,-3.49442295e-02,2.58411023e-03
1.464000,8.08442949e-02,7.33442949e-02,4.889620,-3.49434412e-02,2.60940003e-03
1.464500,8.08268223e-02,7.33268223e-02,4.888455,-3.49453090e-02,2.60510060e-03
1.465000,8.08093506e-02,7.33093506e-02,4.887290,-3.49434042e-02,2.62076528e-03
1.465500,8.07918802e-02,7.32918802e-02,4.886125,-3.49408203e-02,2.61046054e-03
1.466000,8.07744119e-02,7.32744119e-02,4.884961,-3.49365753e-02,2.61703691e-03
1.466500,8.07569451e-02,7.32569451e-02,4.883796,-3.49334409e-02,2.59190972e-03
1.467000,8.07394794e-02,7.32394794e-02,4.882632,-3.49314484e-02,2.58007471e-03
1.467500,8.07220121e-02,7.32220121e-02,4.881467,-3.49346284e-02,2.58775644e-03
1.468000,8.07045426e-02,7.32045426e-02,4.880303,-3.49390726e-02,2.59759882e-03
1.468500,8.06870719e-02,7.31870719e-02,4.879138,-3.49413851e-02,2.59050610e-03
1.469000,8.06696005e-02,7.31696005e-02,4.877973,-3.49427085e-02,2.58566701e-03
1.469500,8.06521277e-02,7.31521277e-02,4.876809,-3.49456245e-02,2.56879611e-03
1.470000,8.06346523e-02,7.31346523e-02,4.875643,-3.49508269e-02,2.59625884e-03
1.470500,8.06171741e-02,7.31171741e-02,4.874478,-3.49563713e-02,2.59593454e-03
1.471000,8.05996954e-02,7.30996954e-02,4.873313,-3.49574348e-02,2.60173340e-03
1.471500,8.05822164e-02,7.30822164e-02,4.872148,-3.49580388e-02,2.58062510e-03
1.472000,8.05647366e-02,7.30647366e-02,4.870982,-3.49595570e-02,2.58392914e-03
1.472500,8.05472545e-02,7.30472545e-02,4.869817,-3.49642492e-02,2.59580937e-03
1.473000,8.05297708e-02,7.30297708e-02,4.868651,-3.49673484e-02,2.58726399e-03
1.473500,8.05122862e-02,7.30122862e-02,4.867486,-3.49692524e-02,2.60045499e-03
1.474000,8.04948005e-02,7.29948005e-02,4.866320,-3.49713932e-02,2.60882301e-03
1.474500,8.04773152e-02,7.29773152e-02,4.865154,-3.49706281e-02,2.59529930e-03
1.475000,8.04598303e-02,7.29598303e-02,4.863989,-3.49696847e-02,2.59173663e-03
1.475500,8.04423447e-02,7.29423447e-02,4.862823,-3.49712769e-02,2.59612491e-03
1.476000,8.04248581e-02,7.29248581e-02,4.861657,-3.49730662e-02,2.62493205e-03
1.476500,8.04073724e-02,7.29073724e-02,4.860491,-3.49715877e-02,2.61686025e-03
1.477000,8.03898893e-02,7.28898893e-02,4.859326,-3.49660927e-02,2.61570386e-03
1.477500,8.03724083e-02,7.28724083e-02,4.858161,-3.49620253e-02,2.59724613e-03
1.478000,8.03549284e-02,7.28549284e-02,4.856995,-3.49597798e-02,2.62724109e-03
1.478500,8.03374494e-02,7.28374494e-02,4.855830,-3.49579131e-02,2.62877753e-03
1.479000,8.03199740e-02,7.28199740e-02,4.854665,-3.49509851e-02,2.61880456e-03
1.479500,8.03025016e-02,7.28025016e-02,4.853500,-3.49446867e-02,2.59084233e-03
1.480000,8.02850304e-02,7.27850304e-02,4.852335,-3.49424982e-02,2.59931254e-03
1.480500,8.02675583e-02,7.27675583e-02,4.851171,-3.49441525e-02,2.60215587e-03
1.481000,8.02500862e-02,7.27500862e-02,4.850006,-3.49441645e-02,2.61987375e-03
1.481500,8.02326151e-02,7.27326151e-02,4.848841,-3.49421430e-02,2.60603165e-03
1.482000,8.02151459e-02,7.27151459e-02,4.847676,-3.49384360e-02,2.61782819e-03
1.482500,8.01976779e-02,7.26976779e-02,4.846512,-3.49359589e-02,2.58860423e-03
1.483000,8.01802109e-02,7.26802109e-02,4.845347,-3.49341287e-02,2.57904859e-03
1.483500,8.01627419e-02,7.26627419e-02,4.844183,-3.49379422e-02,2.58647594e-03
1.484000,8.01452706e-02,7.26452706e-02,4.843018,-3.49426681e-02,2.60036843e-03
1.484500,8.01277981e-02,7.26277981e-02,4.841853,-3.49449460e-02,2.59728976e-03
1.485000,8.01103255e-02,7.26103255e-02,4.840688,-3.49452148e-02,2.58092023e-03
1.485500,8.00928518e-02,7.25928518e-02,4.839523,-3.49474366e-02,2.56688907e-03
1.486000,8.00753750e-02,7.25753750e-02,4.838358,-3.49535870e-02,2.59838135e-03
1.486500,8.00578953e-02,7.25578953e-02,4.837193,-3.49592569e-02,2.61239565e-03
1.487000,8.00404161e-02,7.25404161e-02,4.836028,-3.49585164e-02,2.59630878e-03
1.487500,8.00229376e-02,7.25229376e-02,4.834863,-3.49568970e-02,2.57606102e-03
1.488000,8.00054578e-02,7.25054578e-02,4.833697,-3.49597096e-02,2.58238955e-03
1.488500,7.99879751e-02,7.24879751e-02,4.832532,-3.49652873e-02,2.59861086e-03
1.489000,7.99704909e-02,7.24704909e-02,4.831366,-3.49683917e-02,2.59433434e-03
1.489500,7.99530063e-02,7.24530063e-02,4.830200,-3.49692104e-02,2.60801035e-03
1.490000,7.99355216e-02,7.24355216e-02,4.829035,-3.49695222e-02,2.60088558e-03
1.490500,7.99180375e-02,7.24180375e-02,4.827869,-3.49682183e-02,2.59301208e-03
1.491000,7.99005531e-02,7.24005531e-02,4.826704,-3.49687805e-02,2.58529731e-03
1.491500,7.98830674e-02,7.23830674e-02,4.825538,-3.49713176e-02,2.60214096e-03
1.492000,7.98655806e-02,7.23655806e-02,4.824372,-3.49736324e-02,2.62332906e-03
1.492500,7.98480950e-02,7.23480950e-02,4.823206,-3.49713078e-02,2.61180920e-03
1.493000,7.98306117e-02,7.23306117e-02,4.822041,-3.49665225e-02,2.60682117e-03
1.493500,7.98131297e-02,7.23131297e-02,4.820875,-3.49640700e-02,2.61076554e-03
1.494000,7.97956486e-02,7.22956486e-02,4.819710,-3.49620877e-02,2.62592569e-03
1.494500,7.97781696e-02,7.22781696e-02,4.818545,-3.49581173e-02,2.62078563e-03
1.495000,7.97606935e-02,7.22606935e-02,4.817380,-3.49521120e-02,2.60272258e-03
1.495500,7.97432192e-02,7.22432192e-02,4.816215,-3.49485478e-02,2.60076286e-03
1.496000,7.97257452e-02,7.22257452e-02,4.815050,-3.49481230e-02,2.60958928e-03
1.496500,7.97082715e-02,7.22082715e-02,4.813885,-3.49472396e-02,2.61088971e-03
1.497000,7.96907991e-02,7.21907991e-02,4.812720,-3.49447918e-02,2.61429411e-03
1.497500,7.96733282e-02,7.21733282e-02,4.811555,-3.49418295e-02,2.61263205e-03
1.498000,7.96558590e-02,7.21558590e-02,4.810391,-3.49384551e-02,2.60579372e-03
1.498500,7.96383910e-02,7.21383910e-02,4.809226,-3.49359582e-02,2.58503902e-03
1.499000,7.96209228e-02,7.21209228e-02,4.808062,-3.49364194e-02,2.57787113e-03
1.499500,7.96034524e-02,7.21034524e-02,4.806897,-3.49409225e-02,2.59637506e-03
1.500000,7.95859799e-02,7.20859799e-02,4.805732,-3.49449664e-02,2.60467998e-03
1.500500,7.95685073e-02,7.20685073e-02,4.804567,-3.49452376e-02,2.58965247e-03
1.501000,7.95510345e-02,7.20510345e-02,4.803402,-3.49454738e-02,2.57261156e-03
1.501500,7.95335597e-02,7.20335597e-02,4.802237,-3.49496843e-02,2.57406372e-03
1.502000,7.95160814e-02,7.20160814e-02,4.801072,-3.49565647e-02,2.59263035e-03
1.502500,7.94986006e-02,7.19986006e-02,4.799907,-3.49615649e-02,2.60965203e-03
1.503000,7.94811196e-02,7.19811196e-02,4.798741,-3.49620114e-02,2.59187917e-03
1.503500,7.94636390e-02,7.19636390e-02,4.797576,-3.49612342e-02,2.57824448e-03
1.504000,7.94461567e-02,7.19461567e-02,4.796410,-3.49645810e-02,2.59137810e-03
1.504500,7.94286722e-02,7.19286722e-02,4.795245,-3.49690055e-02,2.59660608e-03
1.505000,7.94111868e-02,7.19111868e-02,4.794079,-3.49708111e-02,2.58961276e-03
1.505500,7.93937006e-02,7.18937006e-02,4.792913,-3.49723766e-02,2.60150924e-03
1.506000,7.93762136e-02,7.18762136e-02,4.791748,-3.49740385e-02,2.60197675e-03
1.506500,7.93587267e-02,7.18587267e-02,4.790582,-3.49737056e-02,2.58637147e-03
1.507000,7.93412394e-02,7.18412394e-02,4.789416,-3.49746757e-02,2.59240673e-03
1.507500,7.93237506e-02,7.18237506e-02,4.788250,-3.49776748e-02,2.60882553e-03
1.508000,7.93062614e-02,7.18062614e-02,4.787084,-3.49782310e-02,2.63174428e-03
1.508500,7.92887744e-02,7.17887744e-02,4.785918,-3.49740647e-02,2.62382373e-03
1.509000,7.92712910e-02,7.17712910e-02,4.784753,-3.49668353e-02,2.60333129e-03
1.509500,7.92538096e-02,7.17538096e-02,4.783587,-3.49627184e-02,2.60940211e-03
1.510000,7.92363289e-02,7.17363289e-02,4.782422,-3.49614298e-02,2.62022862e-03
1.510500,7.92188498e-02,7.17188498e-02,4.781257,-3.49581870e-02,2.63027607e-03
1.511000,7.92013737e-02,7.17013737e-02,4.780092,-3.49522780e-02,2.60833208e-03
1.511500,7.91839003e-02,7.16839003e-02,4.778927,-3.49466595e-02,2.59245869e-03
1.512000,7.91664273e-02,7.16664273e-02,4.777762,-3.49460478e-02,2.59993620e-03
1.512500,7.91489536e-02,7.16489536e-02,4.776597,-3.49473815e-02,2.61168870e-03
1.513000,7.91314804e-02,7.16314804e-02,4.775432,-3.49464482e-02,2.60934666e-03
1.513500,7.91140085e-02,7.16140085e-02,4.774267,-3.49437921e-02,2.61807975e-03
1.514000,7.90965381e-02,7.15965381e-02,4.773103,-3.49407485e-02,2.59980448e-03
1.514500,7.90790692e-02,7.15790692e-02,4.771938,-3.49378866e-02,2.58713881e-03
1.515000,7.90615996e-02,7.15615996e-02,4.770773,-3.49391456e-02,2.59107305e-03
1.515500,7.90441286e-02,7.15441286e-02,4.769609,-3.49421366e-02,2.58364252e-03
1.516000,7.90266560e-02,7.15266560e-02,4.768444,-3.49451385e-02,2.59798460e-03
1.516500,7.90091819e-02,7.15091819e-02,4.767279,-3.49480924e-02,2.59067052e-03
1.517000,7.89917073e-02,7.14917073e-02,4.766114,-3.49493380e-02,2.57354706e-03
1.517500,7.89742306e-02,7.14742306e-02,4.764949,-3.49532986e-02,2.58181674e-03
1.518000,7.89567510e-02,7.14567510e-02,4.763783,-3.49593399e-02,2.60443262e-03
1.518500,7.89392699e-02,7.14392699e-02,4.762618,-3.49620235e-02,2.59933605e-03
1.519000,7.89217892e-02,7.14217892e-02,4.761453,-3.49614440e-02,2.58941460e-03
1.519500,7.89043079e-02,7.14043079e-02,4.760287,-3.49625787e-02,2.58522970e-03
1.520000,7.88868251e-02,7.13868251e-02,4.759122,-3.49657126e-02,2.59141554e-03
1.520500,7.88693406e-02,7.13693406e-02,4.757956,-3.49689868e-02,2.59745211e-03
1.521000,7.88518552e-02,7.13518552e-02,4.756790,-3.49707114e-02,2.59522050e-03
1.521500,7.88343694e-02,7.13343694e-02,4.755625,-3.49716421e-02,2.60960608e-03
1.522000,7.88168836e-02,7.13168836e-02,4.754459,-3.49716673e-02,2.59808866e-03
1.522500,7.87993984e-02,7.12993984e-02,4.753293,-3.49703486e-02,2.58010443e-03
1.523000,7.87819121e-02,7.12819121e-02,4.752127,-3.49725114e-02,2.59128023e-03
1.523500,7.87644238e-02,7.12644238e-02,4.750962,-3.49766391e-02,2.62292566e-03
1.524000,7.87469358e-02,7.12469358e-02,4.749796,-3.49761336e-02,2.62430313e-03
1.524500,7.87294506e-02,7.12294506e-02,4.748630,-3.49703099e-02,2.60541801e-03
1.525000,7.87119676e-02,7.12119676e-02,4.747465,-3.49659298e-02,2.59258606e-03
1.525500,7.86944847e-02,7.11944847e-02,4.746299,-3.49657854e-02,2.61716098e-03
1.526000,7.86770020e-02,7.11770020e-02,4.745133,-3.49655751e-02,2.63436068e-03
1.526500,7.86595220e-02,7.11595220e-02,4.743968,-3.49598087e-02,2.61697833e-03
1.527000,7.86420457e-02,7.11420457e-02,4.742803,-3.49527550e-02,2.59112351e-03
1.527500,7.86245702e-02,7.11245702e-02,4.741638,-3.49508416e-02,2.60676008e-03
1.528000,7.86070944e-02,7.11070944e-02,4.740473,-3.49517912e-02,2.60676205e-03
1.528500,7.85896193e-02,7.10896193e-02,4.739308,-3.49501729e-02,2.62114187e-03
1.529000,7.85721456e-02,7.10721456e-02,4.738143,-3.49472829e-02,2.61103920e-03
1.529500,7.85546742e-02,7.10546742e-02,4.736978,-3.49429249e-02,2.61204920e-03
1.530000,7.85372041e-02,7.10372041e-02,4.735814,-3.49401365e-02,2.59316937e-03
1.530500,7.85197347e-02,7.10197347e-02,4.734649,-3.49388516e-02,2.58571028e-03
1.531000,7.85022640e-02,7.10022640e-02,4.733484,-3.49413265e-02,2.58700574e-03
1.531500,7.84847915e-02,7.09847915e-02,4.732319,-3.49449116e-02,2.59296936e-03
1.532000,7.84673177e-02,7.09673177e-02,4.731155,-3.49477567e-02,2.59224194e-03
1.532500,7.84498428e-02,7.09498428e-02,4.729990,-3.49496869e-02,2.58867569e-03
1.533000,7.84323668e-02,7.09323668e-02,4.728824,-3.49520518e-02,2.56733031e-03
1.533500,7.84148884e-02,7.09148884e-02,4.727659,-3.49568897e-02,2.59466646e-03
1.534000,7.83974069e-02,7.08974069e-02,4.726494,-3.49628156e-02,2.59650723e-03
1.534500,7.83799249e-02,7.08799249e-02,4.725328,-3.49640900e-02,2.60115722e-03
1.535000,7.83624426e-02,7.08624426e-02,4.724163,-3.49646509e-02,2.58494024e-03
1.535500,7.83449596e-02,7.08449596e-02,4.722997,-3.49658822e-02,2.57836654e-03
1.536000,7.83274745e-02,7.08274745e-02,4.721832,-3.49703577e-02,2.59493954e-03
1.536500,7.83099872e-02,7.08099872e-02,4.720666,-3.49744472e-02,2.59119727e-03
1.537000,7.82924992e-02,7.07924992e-02,4.719500,-3.49761462e-02,2.59838411e-03
1.537500,7.82750103e-02,7.07750103e-02,4.718334,-3.49778243e-02,2.61419547e-03
1.538000,7.82575218e-02,7.07575218e-02,4.717168,-3.49769242e-02,2.59645710e-03
1.538500,7.82400343e-02,7.07400343e-02,4.716002,-3.49749962e-02,2.57703393e-03
1.539000,7.82225454e-02,7.07225454e-02,4.714836,-3.49776983e-02,2.60150329e-03
1.539500,7.82050547e-02,7.07050547e-02,4.713670,-3.49814263e-02,2.62880060e-03
1.540000,7.81875654e-02,7.06875654e-02,4.712504,-3.49787226e-02,2.61959231e-03
1.540500,7.81700792e-02,7.06700792e-02,4.711339,-3.49723507e-02,2.61326277e-03
1.541000,7.81525952e-02,7.06525952e-02,4.710173,-3.49680506e-02,2.59717930e-03
1.541500,7.81351121e-02,7.06351121e-02,4.709007,-3.49662119e-02,2.61977228e-03
1.542000,7.81176296e-02,7.06176296e-02,4.707842,-3.49650165e-02,2.63180236e-03
1.542500,7.81001500e-02,7.06001500e-02,4.706677,-3.49590475e-02,2.62332493e-03
1.543000,7.80826741e-02,7.05826741e-02,4.705512,-3.49518527e-02,2.59148062e-03
1.543500,7.80651997e-02,7.05651997e-02,4.704347,-3.49488655e-02,2.60006874e-03
1.544000,7.80477245e-02,7.05477245e-02,4.703182,-3.49503481e-02,2.59790987e-03
1.544500,7.80302492e-02,7.05302492e-02,4.702017,-3.49506114e-02,2.61984654e-03
1.545000,7.80127745e-02,7.05127745e-02,4.700852,-3.49492895e-02,2.60837484e-03
1.545500,7.79953019e-02,7.04953019e-02,4.699687,-3.49453798e-02,2.61920669e-03
1.546000,7.79778307e-02,7.04778307e-02,4.698522,-3.49423960e-02,2.59179968e-03
1.546500,7.79603606e-02,7.04603606e-02,4.697357,-3.49400569e-02,2.57827385e-03
1.547000,7.79428889e-02,7.04428889e-02,4.696193,-3.49434142e-02,2.58486480e-03
1.547500,7.79254147e-02,7.04254147e-02,4.695028,-3.49484098e-02,2.59925406e-03
1.548000,7.79079392e-02,7.04079392e-02,4.693863,-3.49510508e-02,2.59820605e-03
1.548500,7.78904635e-02,7.03904635e-02,4.692698,-3.49514216e-02,2.58348911e-03
1.549000,7.78729868e-02,7.03729868e-02,4.691532,-3.49532658e-02,2.57043886e-03
1.549500,7.78555075e-02,7.03555075e-02,4.690367,-3.49586805e-02,2.59653356e-03
1.550000,7.78380255e-02,7.03380255e-02,4.689202,-3.49639309e-02,2.60430189e-03
1.550500,7.78205434e-02,7.03205434e-02,4.688036,-3.49642094e-02,2.59789436e-03
1.551000,7.78030615e-02,7.03030615e-02,4.686871,-3.49637789e-02,2.57738939e-03
1.551500,7.77855784e-02,7.02855784e-02,4.685705,-3.49662136e-02,2.58914318e-03
1.552000,7.77680930e-02,7.02680930e-02,4.684540,-3.49709761e-02,2.59386971e-03
1.552500,7.77506063e-02,7.02506063e-02,4.683374,-3.49733906e-02,2.59566735e-03
1.553000,7.77331188e-02,7.02331188e-02,4.682208,-3.49748701e-02,2.60308539e-03
1.553500,7.77156311e-02,7.02156311e-02,4.681042,-3.49753985e-02,2.60558549e-03
1.554000,7.76981439e-02,7.01981439e-02,4.679876,-3.49744877e-02,2.59506748e-03
1.554500,7.76806568e-02,7.01806568e-02,4.678710,-3.49740963e-02,2.58500947e-03
1.555000,7.76631687e-02,7.01631687e-02,4.677545,-3.49763215e-02,2.59674989e-03
1.555500,7.76456791e-02,7.01456791e-02,4.676379,-3.49791601e-02,2.62354798e-03
1.556000,7.76281902e-02,7.01281902e-02,4.675213,-3.49777014e-02,2.61392131e-03
1.556500,7.76107039e-02,7.01107039e-02,4.674047,-3.49726935e-02,2.60916736e-03
1.557000,7.75932190e-02,7.00932190e-02,4.672881,-3.49696866e-02,2.60394665e-03
1.557500,7.75757351e-02,7.00757351e-02,4.671716,-3.49679221e-02,2.62527305e-03
1.558000,7.75582525e-02,7.00582525e-02,4.670550,-3.49651291e-02,2.62380664e-03
1.558500,7.75407730e-02,7.00407730e-02,4.669385,-3.49589638e-02,2.60527393e-03
1.559000,7.75232957e-02,7.00232957e-02,4.668220,-3.49546780e-02,2.59257731e-03
1.559500,7.75058184e-02,7.00058184e-02,4.667055,-3.49545580e-02,2.61261355e-03
1.560000,7.74883410e-02,6.99883410e-02,4.665889,-3.49547513e-02,2.60895752e-03
1.560500,7.74708651e-02,6.99708651e-02,4.664724,-3.49519777e-02,2.61521426e-03
1.561000,7.74533904e-02,6.99533904e-02,4.663559,-3.49492513e-02,2.61454647e-03
1.561500,7.74359177e-02,6.99359177e-02,4.662395,-3.49455566e-02,2.61666782e-03
1.562000,7.74184468e-02,6.99184468e-02,4.661230,-3.49417839e-02,2.59034981e-03
1.562500,7.74009768e-02,6.99009768e-02,4.660065,-3.49399899e-02,2.57146118e-03
1.563000,7.73835047e-02,6.98835047e-02,4.658900,-3.49441876e-02,2.58942070e-03
1.563500,7.73660297e-02,6.98660297e-02,4.657735,-3.49498990e-02,2.59995622e-03
1.564000,7.73485539e-02,6.98485539e-02,4.656570,-3.49517298e-02,2.59139840e-03
1.564500,7.73310776e-02,6.98310776e-02,4.655405,-3.49525873e-02,2.57790885e-03
1.565000,7.73135995e-02,6.98135995e-02,4.654240,-3.49560427e-02,2.57349536e-03
1.565500,7.72961185e-02,6.97961185e-02,4.653075,-3.49621035e-02,2.59243977e-03
1.566000,7.72786349e-02,6.97786349e-02,4.651909,-3.49672140e-02,2.61224728e-03
1.566500,7.72611512e-02,6.97611512e-02,4.650743,-3.49674622e-02,2.59373122e-03
1.567000,7.72436681e-02,6.97436681e-02,4.649578,-3.49660951e-02,2.57462248e-03
1.567500,7.72261834e-02,6.97261834e-02,4.648412,-3.49694581e-02,2.58837054e-03
1.568000,7.72086960e-02,6.97086960e-02,4.647246,-3.49747433e-02,2.59425496e-03
1.568500,7.71912074e-02,6.96912074e-02,4.646080,-3.49772506e-02,2.59349257e-03
1.569000,7.71737180e-02,6.96737180e-02,4.644915,-3.49788591e-02,2.60263833e-03
1.569500,7.71562281e-02,6.96562281e-02,4.643749,-3.49797841e-02,2.60263734e-03
1.570000,7.71387385e-02,6.96387385e-02,4.642583,-3.49792074e-02,2.59276645e-03
1.570500,7.71212487e-02,6.96212487e-02,4.641417,-3.49795036e-02,2.59058936e-03
1.571000,7.71037579e-02,6.96037579e-02,4.640251,-3.49816132e-02,2.60372608e-03
1.571500,7.70862664e-02,6.95862664e-02,4.639084,-3.49829188e-02,2.62999590e-03
1.572000,7.70687766e-02,6.95687766e-02,4.637918,-3.49797444e-02,2.62130806e-03
1.572500,7.70512901e-02,6.95512901e-02,4.636753,-3.49730246e-02,2.60758455e-03
1.573000,7.70338056e-02,6.95338056e-02,4.635587,-3.49689447e-02,2.60675519e-03
1.573500,7.70163220e-02,6.95163220e-02,4.634421,-3.49671917e-02,2.62318305e-03
1.574000,7.69988399e-02,6.94988399e-02,4.633256,-3.49641223e-02,2.62405326e-03
1.574500,7.69813608e-02,6.94813608e-02,4.632091,-3.49582785e-02,2.61267796e-03
1.575000,7.69638841e-02,6.94638841e-02,4.630926,-3.49532975e-02,2.59930691e-03
1.575500,7.69464085e-02,6.94464085e-02,4.629761,-3.49513667e-02,2.59951545e-03
1.576000,7.69289326e-02,6.94289326e-02,4.628596,-3.49516130e-02,2.60735890e-03
1.576500,7.69114571e-02,6.94114571e-02,4.627430,-3.49511316e-02,2.61319645e-03
1.577000,7.68939827e-02,6.93939827e-02,4.626266,-3.49488462e-02,2.61579283e-03
1.577500,7.68765100e-02,6.93765100e-02,4.625101,-3.49453725e-02,2.60324856e-03
1.578000,7.68590387e-02,6.93590387e-02,4.623936,-3.49425817e-02,2.58222035e-03
1.578500,7.68415668e-02,6.93415668e-02,4.622771,-3.49437101e-02,2.58660557e-03
1.579000,7.68240929e-02,6.93240929e-02,4.621606,-3.49479037e-02,2.59614756e-03
1.579500,7.68066176e-02,6.93066176e-02,4.620441,-3.49505335e-02,2.59899454e-03
1.580000,7.67891419e-02,6.92891419e-02,4.619276,-3.49513447e-02,2.58568112e-03
1.580500,7.67716655e-02,6.92716655e-02,4.618111,-3.49528656e-02,2.57345857e-03
1.581000,7.67541867e-02,6.92541867e-02,4.616946,-3.49576533e-02,2.57828185e-03
1.581500,7.67367047e-02,6.92367047e-02,4.615780,-3.49640217e-02,2.60608528e-03
1.582000,7.67192211e-02,6.92192211e-02,4.614615,-3.49671396e-02,2.60311930e-03
1.582500,7.67017381e-02,6.92017381e-02,4.613449,-3.49659543e-02,2.59218340e-03
1.583000,7.66842550e-02,6.91842550e-02,4.612284,-3.49662229e-02,2.58157283e-03
1.583500,7.66667704e-02,6.91667704e-02,4.611118,-3.49692255e-02,2.58591513e-03
1.584000,7.66492836e-02,6.91492836e-02,4.609952,-3.49735865e-02,2.59863636e-03
1.584500,7.66317955e-02,6.91317955e-02,4.608786,-3.49761096e-02,2.59777623e-03
1.585000,7.66143072e-02,6.91143072e-02,4.607620,-3.49766199e-02,2.60900355e-03
1.585500,7.65968191e-02,6.90968191e-02,4.606455,-3.49762787e-02,2.59783326e-03
1.586000,7.65793316e-02,6.90793316e-02,4.605289,-3.49750815e-02,2.58146763e-03
1.586500,7.65618430e-02,6.90618430e-02,4.604123,-3.49771657e-02,2.58614527e-03
1.587000,7.65443522e-02,6.90443522e-02,4.602957,-3.49815236e-02,2.61770518e-03
1.587500,7.65268610e-02,6.90268610e-02,4.601791,-3.49823228e-02,2.62916243e-03
1.588000,7.65093726e-02,6.90093726e-02,4.600625,-3.49769267e-02,2.60938590e-03
1.588500,7.64918869e-02,6.89918869e-02,4.599459,-3.49713978e-02,2.59730246e-03
1.589000,7.64744018e-02,6.89744018e-02,4.598293,-3.49701848e-02,2.61187427e-03
1.589500,7.64569170e-02,6.89569170e-02,4.597128,-3.49696676e-02,2.63410799e-03
1.590000,7.64394346e-02,6.89394346e-02,4.595962,-3.49647917e-02,2.62341664e-03
1.590500,7.64219560e-02,6.89219560e-02,4.594797,-3.49572101e-02,2.59525561e-03
1.591000,7.64044790e-02,6.89044790e-02,4.593632,-3.49538741e-02,2.59714338e-03
1.591500,7.63870015e-02,6.88870015e-02,4.592467,-3.49549955e-02,2.60739778e-03
1.592000,7.63695241e-02,6.88695241e-02,4.591302,-3.49549002e-02,2.61807777e-03
1.592500,7.63520480e-02,6.88520480e-02,4.590137,-3.49521767e-02,2.61617466e-03
1.593000,7.63345741e-02,6.88345741e-02,4.588972,-3.49478678e-02,2.61374319e-03
1.593500,7.63171020e-02,6.88171020e-02,4.587807,-3.49440863e-02,2.59403941e-03
1.594000,7.62996308e-02,6.87996308e-02,4.586642,-3.49424464e-02,2.58543139e-03
1.594500,7.62821584e-02,6.87821584e-02,4.585477,-3.49448030e-02,2.58612083e-03
1.595000,7.62646841e-02,6.87646841e-02,4.584312,-3.49485122e-02,2.59353738e-03
1.595500,7.62472084e-02,6.87472084e-02,4.583147,-3.49514524e-02,2.59838773e-03
1.596000,7.62297320e-02,6.87297320e-02,4.581982,-3.49527459e-02,2.58653428e-03
1.596500,7.62122549e-02,6.87122549e-02,4.580817,-3.49542910e-02,2.56705123e-03
1.597000,7.61947751e-02,6.86947751e-02,4.579652,-3.49595052e-02,2.58497240e-03
1.597500,7.61772920e-02,6.86772920e-02,4.578486,-3.49663341e-02,2.60206635e-03
1.598000,7.61598076e-02,6.86598076e-02,4.577321,-3.49687087e-02,2.60048079e-03
1.598500,7.61423234e-02,6.86423234e-02,4.576155,-3.49684166e-02,2.58682983e-03
1.599000,7.61248386e-02,6.86248386e-02,4.574989,-3.49695919e-02,2.57990486e-03
1.599500,7.61073518e-02,6.86073518e-02,4.573823,-3.49736210e-02,2.59654795e-03
1.600000,7.60898631e-02,6.85898631e-02,4.572658,-3.49773158e-02,2.59175771e-03
1.600500,7.60723738e-02,6.85723738e-02,4.571492,-3.49787011e-02,2.59704344e-03
1.601000,7.60548836e-02,6.85548836e-02,4.570326,-3.49804057e-02,2.60970764e-03
1.601500,7.60373935e-02,6.85373935e-02,4.569160,-3.49801226e-02,2.59857256e-03
1.602000,7.60199042e-02,6.85199042e-02,4.567994,-3.49787444e-02,2.57987732e-03
1.602500,7.60024137e-02,6.85024137e-02,4.566828,-3.49808478e-02,2.59903556e-03
1.603000,7.59849216e-02,6.84849216e-02,4.565661,-3.49843271e-02,2.62198727e-03
1.603500,7.59674302e-02,6.84674302e-02,4.564495,-3.49826310e-02,2.61936542e-03
1.604000,7.59499415e-02,6.84499415e-02,4.563329,-3.49773980e-02,2.61752139e-03
1.604500,7.59324552e-02,6.84324552e-02,4.562164,-3.49727586e-02,2.60251445e-03
1.605000,7.59149703e-02,6.84149703e-02,4.560998,-3.49697488e-02,2.61830405e-03
1.605500,7.58974864e-02,6.83974864e-02,4.559832,-3.49678072e-02,2.63342871e-03
1.606000,7.58800054e-02,6.83800054e-02,4.558667,-3.49619355e-02,2.62042369e-03
1.606500,7.58625281e-02,6.83625281e-02,4.557502,-3.49547301e-02,2.59330218e-03
1.607000,7.58450520e-02,6.83450520e-02,4.556337,-3.49520583e-02,2.59818277e-03
1.607500,7.58275753e-02,6.83275753e-02,4.555172,-3.49534086e-02,2.59863954e-03
1.608000,7.58100984e-02,6.83100984e-02,4.554007,-3.49539170e-02,2.61993253e-03
1.608500,7.57926221e-02,6.82926221e-02,4.552841,-3.49524677e-02,2.60491438e-03
1.609000,7.57751477e-02,6.82751477e-02,4.551677,-3.49488498e-02,2.61740294e-03
1.609500,7.57576744e-02,6.82576744e-02,4.550512,-3.49465938e-02,2.59712685e-03
1.610000,7.57402024e-02,6.82402024e-02,4.549347,-3.49440799e-02,2.58645027e-03
1.610500,7.57227295e-02,6.82227295e-02,4.548182,-3.49458394e-02,2.58573059e-03
1.611000,7.57052547e-02,6.82052547e-02,4.547017,-3.49494158e-02,2.59109103e-03
1.611500,7.56877784e-02,6.81877784e-02,4.545852,-3.49526364e-02,2.59157580e-03
1.612000,7.56703010e-02,6.81703010e-02,4.544687,-3.49549339e-02,2.58702976e-03
1.612500,7.56528222e-02,6.81528222e-02,4.543521,-3.49575538e-02,2.57469370e-03
1.613000,7.56353412e-02,6.81353412e-02,4.542356,-3.49620108e-02,2.59703931e-03
1.613500,7.56178579e-02,6.81178579e-02,4.541191,-3.49665178e-02,2.60191341e-03
1.614000,7.56003745e-02,6.81003745e-02,4.540025,-3.49669245e-02,2.59900148e-03
1.614500,7.55828911e-02,6.80828911e-02,4.538859,-3.49667883e-02,2.58267998e-03
1.615000,7.55654068e-02,6.80654068e-02,4.537694,-3.49685735e-02,2.58796774e-03
1.615500,7.55479205e-02,6.80479205e-02,4.536528,-3.49725711e-02,2.59673641e-03
1.616000,7.55304330e-02,6.80304330e-02,4.535362,-3.49749252e-02,2.58925273e-03
1.616500,7.55129448e-02,6.80129448e-02,4.534196,-3.49765011e-02,2.59805774e-03
1.617000,7.54954555e-02,6.79954555e-02,4.533030,-3.49785273e-02,2.60787485e-03
1.617500,7.54779664e-02,6.79779664e-02,4.531864,-3.49782397e-02,2.60120985e-03
1.618000,7.54604779e-02,6.79604779e-02,4.530699,-3.49769293e-02,2.58376184e-03
1.618500,7.54429888e-02,6.79429888e-02,4.529533,-3.49782562e-02,2.59680310e-03
1.619000,7.54254982e-02,6.79254982e-02,4.528367,-3.49812950e-02,2.62190325e-03
1.619500,7.54080082e-02,6.79080082e-02,4.527201,-3.49799730e-02,2.61742675e-03
1.620000,7.53905207e-02,6.78905207e-02,4.526035,-3.49749252e-02,2.60745227e-03
1.620500,7.53730350e-02,6.78730350e-02,4.524869,-3.49714943e-02,2.59956734e-03
1.621000,7.53555498e-02,6.78555498e-02,4.523703,-3.49703986e-02,2.62708404e-03
1.621500,7.53380657e-02,6.78380657e-02,4.522538,-3.49681646e-02,2.62554021e-03
1.622000,7.53205849e-02,6.78205849e-02,4.521372,-3.49615487e-02,2.61192702e-03
1.622500,7.53031067e-02,6.78031067e-02,4.520207,-3.49563899e-02,2.58713921e-03
1.623000,7.52856289e-02,6.77856289e-02,4.519042,-3.49556583e-02,2.60944856e-03
1.623500,7.52681504e-02,6.77681504e-02,4.517877,-3.49570244e-02,2.60790473e-03
1.624000,7.52506729e-02,6.77506729e-02,4.516712,-3.49548637e-02,2.61919046e-03
1.624500,7.52331970e-02,6.77331970e-02,4.515546,-3.49519586e-02,2.61330215e-03
1.625000,7.52157231e-02,6.77157231e-02,4.514382,-3.49477209e-02,2.61644362e-03
1.625500,7.51982510e-02,6.76982510e-02,4.513217,-3.49441724e-02,2.58566857e-03
1.626000,7.51807796e-02,6.76807796e-02,4.512052,-3.49428291e-02,2.57520390e-03
1.626500,7.51633059e-02,6.76633059e-02,4.510887,-3.49474646e-02,2.59122262e-03
1.627000,7.51458297e-02,6.76458297e-02,4.509722,-3.49524021e-02,2.60135891e-03
1.627500,7.51283528e-02,6.76283528e-02,4.508557,-3.49538130e-02,2.59496212e-03
1.628000,7.51108757e-02,6.76108757e-02,4.507392,-3.49541250e-02,2.58351569e-03
1.628500,7.50933974e-02,6.75933974e-02,4.506226,-3.49564995e-02,2.56590053e-03
1.629000,7.50759163e-02,6.75759163e-02,4.505061,-3.49623111e-02,2.58933045e-03
1.629500,7.50584318e-02,6.75584318e-02,4.503895,-3.49689436e-02,2.61300710e-03
1.630000,7.50409470e-02,6.75409470e-02,4.502730,-3.49696353e-02,2.59750186e-03
1.630500,7.50234631e-02,6.75234631e-02,4.501564,-3.49678100e-02,2.57217222e-03
1.631000,7.50059777e-02,6.75059777e-02,4.500399,-3.49707705e-02,2.58901772e-03
1.631500,7.49884895e-02,6.74884895e-02,4.499233,-3.49764008e-02,2.59230924e-03
1.632000,7.49710000e-02,6.74710000e-02,4.498067,-3.49789739e-02,2.59536344e-03
1.632500,7.49535096e-02,6.74535096e-02,4.496901,-3.49807364e-02,2.60370610e-03
1.633000,7.49360190e-02,6.74360190e-02,4.495735,-3.49812598e-02,2.60310772e-03
1.633500,7.49185288e-02,6.74185288e-02,4.494569,-3.49804662e-02,2.59050395e-03
1.634000,7.49010383e-02,6.74010383e-02,4.493403,-3.49808852e-02,2.59333073e-03
1.634500,7.48835468e-02,6.73835468e-02,4.492236,-3.49831240e-02,2.59677140e-03
1.635000,7.48660545e-02,6.73660545e-02,4.491070,-3.49845943e-02,2.62942454e-03
1.635500,7.48485632e-02,6.73485632e-02,4.489904,-3.49826125e-02,2.61359904e-03
1.636000,7.48310748e-02,6.73310748e-02,4.488738,-3.49766681e-02,2.61356314e-03
1.636500,7.48135882e-02,6.73135882e-02,4.487573,-3.49733255e-02,2.60918460e-03
1.637000,7.47961030e-02,6.72961030e-02,4.486407,-3.49703759e-02,2.62360191e-03
1.637500,7.47786196e-02,6.72786196e-02,4.485241,-3.49668706e-02,2.62348021e-03
1.638000,7.47611391e-02,6.72611391e-02,4.484076,-3.49610086e-02,2.61233354e-03
1.638500,7.47436610e-02,6.72436610e-02,4.482911,-3.49561522e-02,2.60159982e-03
1.639000,7.47261839e-02,6.72261839e-02,4.481746,-3.49540752e-02,2.60262168e-03
1.639500,7.47087071e-02,6.72087071e-02,4.480580,-3.49536704e-02,2.60435844e-03
1.640000,7.46912306e-02,6.71912306e-02,4.479415,-3.49529442e-02,2.61481109e-03
1.640500,7.46737551e-02,6.71737551e-02,4.478250,-3.49510087e-02,2.60543524e-03
1.641000,7.46562810e-02,6.71562810e-02,4.477085,-3.49481857e-02,2.61486897e-03
1.641500,7.46388080e-02,6.71388080e-02,4.475921,-3.49460682e-02,2.59101674e-03
1.642000,7.46213357e-02,6.71213357e-02,4.474756,-3.49445106e-02,2.57678960e-03
1.642500,7.46038617e-02,6.71038617e-02,4.473591,-3.49481277e-02,2.58712724e-03
1.643000,7.45863851e-02,6.70863851e-02,4.472426,-3.49531670e-02,2.60067119e-03
1.643500,7.45689074e-02,6.70689074e-02,4.471260,-3.49553111e-02,2.59556877e-03
1.644000,7.45514296e-02,6.70514296e-02,4.470095,-3.49556825e-02,2.57872722e-03
1.644500,7.45339504e-02,6.70339504e-02,4.468930,-3.49583807e-02,2.56797536e-03
1.645000,7.45164680e-02,6.70164680e-02,4.467765,-3.49647952e-02,2.59919039e-03
1.645500,7.44989829e-02,6.69989829e-02,4.466599,-3.49702152e-02,2.61072565e-03
1.646000,7.44814982e-02,6.69814982e-02,4.465433,-3.49694895e-02,2.59557571e-03
1.646500,7.44640141e-02,6.69640141e-02,4.464268,-3.49682092e-02,2.58073710e-03
1.647000,7.44465287e-02,6.69465287e-02,4.463102,-3.49707286e-02,2.58805205e-03
1.647500,7.44290412e-02,6.69290412e-02,4.461936,-3.49750379e-02,2.59603090e-03
1.648000,7.44115525e-02,6.69115525e-02,4.460770,-3.49774405e-02,2.59372394e-03
1.648500,7.43940631e-02,6.68940631e-02,4.459604,-3.49787369e-02,2.60626867e-03
1.649000,7.43765734e-02,6.68765734e-02,4.458438,-3.49793029e-02,2.60020475e-03
1.649500,7.43590843e-02,6.68590843e-02,4.457272,-3.49783452e-02,2.59349964e-03
1.650000,7.43415948e-02,6.68415948e-02,4.456106,-3.49789760e-02,2.58663561e-03
1.650500,7.43241041e-02,6.68241041e-02,4.454940,-3.49813148e-02,2.60538350e-03
1.651000,7.43066126e-02,6.68066126e-02,4.453774,-3.49831231e-02,2.62863140e-03
1.651500,7.42891227e-02,6.67891227e-02,4.452608,-3.49797972e-02,2.61390864e-03
1.652000,7.42716357e-02,6.67716357e-02,4.451442,-3.49739556e-02,2.59974715e-03
1.652500,7.42541498e-02,6.67541498e-02,4.450277,-3.49717838e-02,2.61614723e-03
1.653000,7.42366645e-02,6.67366645e-02,4.449111,-3.49704873e-02,2.62116644e-03
1.653500,7.42191815e-02,6.67191815e-02,4.447945,-3.49660540e-02,2.62471306e-03
1.654000,7.42017013e-02,6.67017013e-02,4.446780,-3.49604829e-02,2.60033759e-03
1.654500,7.41842230e-02,6.66842230e-02,4.445615,-3.49564847e-02,2.59174153e-03
1.655000,7.41667444e-02,6.66667444e-02,4.444450,-3.49572492e-02,2.61190950e-03
1.655500,7.41492656e-02,6.66492656e-02,4.443284,-3.49576420e-02,2.61371815e-03
1.656000,7.41317883e-02,6.66317883e-02,4.442119,-3.49545632e-02,2.61423583e-03
1.656500,7.41143127e-02,6.66143127e-02,4.440954,-3.49511415e-02,2.61889996e-03
1.657000,7.40968391e-02,6.65968391e-02,4.439789,-3.49472225e-02,2.59733237e-03
1.657500,7.40793669e-02,6.65793669e-02,4.438624,-3.49444446e-02,2.58471469e-03
1.658000,7.40618937e-02,6.65618937e-02,4.437460,-3.49463239e-02,2.58808188e-03
1.658500,7.40444187e-02,6.65444187e-02,4.436295,-3.49499773e-02,2.60143026e-03
1.659000,7.40269428e-02,6.65269428e-02,4.435130,-3.49518976e-02,2.59974053e-03
1.659500,7.40094669e-02,6.65094669e-02,4.433964,-3.49517754e-02,2.57870912e-03
1.660000,7.39919900e-02,6.64919900e-02,4.432799,-3.49537903e-02,2.56499951e-03
1.660500,7.39745098e-02,6.64745098e-02,4.431634,-3.49604708e-02,2.58483450e-03
1.661000,7.39570260e-02,6.64570260e-02,4.430468,-3.49676488e-02,2.60378888e-03
1.661500,7.39395410e-02,6.64395410e-02,4.429303,-3.49698938e-02,2.60267661e-03
1.662000,7.39220564e-02,6.64220564e-02,4.428137,-3.49691247e-02,2.58544953e-03
1.662500,7.39045714e-02,6.64045714e-02,4.426971,-3.49700615e-02,2.57999676e-03
1.663000,7.38870843e-02,6.63870843e-02,4.425806,-3.49743092e-02,2.59574146e-03
1.663500,7.38695952e-02,6.63695952e-02,4.424640,-3.49780601e-02,2.59585819e-03
1.664000,7.38521056e-02,6.63521056e-02,4.423474,-3.49792153e-02,2.59089569e-03
1.664500,7.38346152e-02,6.63346152e-02,4.422308,-3.49807901e-02,2.60862825e-03
1.665000,7.38171244e-02,6.63171244e-02,4.421142,-3.49816120e-02,2.59809973e-03
1.665500,7.37996342e-02,6.62996342e-02,4.419976,-3.49804529e-02,2.58171430e-03
1.666000,7.37821430e-02,6.62821430e-02,4.418810,-3.49824714e-02,2.60162619e-03
1.666500,7.37646503e-02,6.62646503e-02,4.417643,-3.49854200e-02,2.61807235e-03
1.667000,7.37471584e-02,6.62471584e-02,4.416477,-3.49836448e-02,2.62529698e-03
1.667500,7.37296692e-02,6.62296692e-02,4.415311,-3.49785301e-02,2.61507165e-03
1.668000,7.37121826e-02,6.62121826e-02,4.414146,-3.49731333e-02,2.59804307e-03
1.668500,7.36946971e-02,6.61946971e-02,4.412980,-3.49709211e-02,2.61349535e-03
1.669000,7.36772121e-02,6.61772121e-02,4.411814,-3.49701389e-02,2.63354644e-03
1.669500,7.36597295e-02,6.61597295e-02,4.410649,-3.49650465e-02,2.62114689e-03
1.670000,7.36422507e-02,6.61422507e-02,4.409483,-3.49577578e-02,2.59929102e-03
1.670500,7.36247734e-02,6.61247734e-02,4.408318,-3.49544377e-02,2.60012209e-03
1.671000,7.36072961e-02,6.61072961e-02,4.407153,-3.49546331e-02,2.60040893e-03
1.671500,7.35898188e-02,6.60898188e-02,4.405988,-3.49546666e-02,2.61773339e-03
1.672000,7.35723422e-02,6.60723422e-02,4.404823,-3.49531212e-02,2.60900797e-03
1.672500,7.35548675e-02,6.60548675e-02,4.403658,-3.49495025e-02,2.61169079e-03
1.673000,7.35373939e-02,6.60373939e-02,4.402493,-3.49470793e-02,2.59846010e-03
1.673500,7.35199213e-02,6.60199213e-02,4.401328,-3.49453855e-02,2.58723191e-03
1.674000,7.35024478e-02,6.60024478e-02,4.400163,-3.49468570e-02,2.58637724e-03
1.674500,7.34849727e-02,6.59849727e-02,4.398998,-3.49502479e-02,2.58674668e-03
1.675000,7.34674958e-02,6.59674958e-02,4.397833,-3.49537464e-02,2.59300888e-03
1.675500,7.34500175e-02,6.59500175e-02,4.396668,-3.49566306e-02,2.58948950e-03
1.676000,7.34325381e-02,6.59325381e-02,4.395503,-3.49587976e-02,2.57416343e-03
1.676500,7.34150567e-02,6.59150567e-02,4.394337,-3.49628977e-02,2.59799804e-03
1.677000,7.33975730e-02,6.58975730e-02,4.393172,-3.49674070e-02,2.59978278e-03
1.677500,7.33800890e-02,6.58800890e-02,4.392006,-3.49678446e-02,2.59885434e-03
1.678000,7.33626050e-02,6.58626050e-02,4.390840,-3.49680713e-02,2.58502189e-03
1.678500,7.33451202e-02,6.58451202e-02,4.389675,-3.49696735e-02,2.58135329e-03
1.679000,7.33276332e-02,6.58276332e-02,4.388509,-3.49738715e-02,2.59598796e-03
1.679500,7.33101445e-02,6.58101445e-02,4.387343,-3.49773779e-02,2.59191499e-03
1.680000,7.32926551e-02,6.57926551e-02,4.386177,-3.49788413e-02,2.60091762e-03
1.680500,7.32751650e-02,6.57751650e-02,4.385011,-3.49801775e-02,2.61115613e-03
1.681000,7.32576755e-02,6.57576755e-02,4.383845,-3.49791301e-02,2.59797547e-03
1.681500,7.32401867e-02,6.57401867e-02,4.382679,-3.49775669e-02,2.57671767e-03
1.682000,7.32226967e-02,6.57226967e-02,4.381513,-3.49800477e-02,2.59384673e-03
1.682500,7.32052044e-02,6.57052044e-02,4.380347,-3.49845046e-02,2.62839497e-03
1.683000,7.31877129e-02,6.56877129e-02,4.379181,-3.49830941e-02,2.61937384e-03
1.683500,7.31702245e-02,6.56702245e-02,4.378015,-3.49768081e-02,2.60687403e-03
1.684000,7.31527379e-02,6.56527379e-02,4.376849,-3.49731087e-02,2.59685983e-03
1.684500,7.31352517e-02,6.56352517e-02,4.375683,-3.49723473e-02,2.62343192e-03
1.685000,7.31177663e-02,6.56177663e-02,4.374518,-3.49708808e-02,2.62778384e-03
1.685500,7.31002840e-02,6.56002840e-02,4.373352,-3.49646662e-02,2.61618518e-03
1.686000,7.30828046e-02,6.55828046e-02,4.372187,-3.49587625e-02,2.58874667e-03
1.686500,7.30653260e-02,6.55653260e-02,4.371022,-3.49571895e-02,2.60867336e-03
1.687000,7.30478468e-02,6.55478468e-02,4.369856,-3.49583602e-02,2.60273405e-03
1.687500,7.30303684e-02,6.55303684e-02,4.368691,-3.49567840e-02,2.61991035e-03
1.688000,7.30128911e-02,6.55128911e-02,4.367526,-3.49546643e-02,2.61501422e-03
1.688500,7.29954160e-02,6.54954160e-02,4.366361,-3.49501570e-02,2.61801035e-03
1.689000,7.29779429e-02,6.54779429e-02,4.365196,-3.49461888e-02,2.58902517e-03
1.689500,7.29604708e-02,6.54604708e-02,4.364031,-3.49442915e-02,2.57860616e-03
1.690000,7.29429967e-02,6.54429967e-02,4.362866,-3.49480750e-02,2.58803574e-03
1.690500,7.29255203e-02,6.54255203e-02,4.361701,-3.49527356e-02,2.59843695e-03
1.691000,7.29080429e-02,6.54080429e-02,4.360536,-3.49549282e-02,2.59486167e-03
1.691500,7.28905650e-02,6.53905650e-02,4.359371,-3.49557289e-02,2.58368282e-03
1.692000,7.28730860e-02,6.53730860e-02,4.358206,-3.49581051e-02,2.56992598e-03
1.692500,7.28556042e-02,6.53556042e-02,4.357040,-3.49635334e-02,2.59414239e-03
1.693000,7.28381197e-02,6.53381197e-02,4.355875,-3.49690794e-02,2.59604970e-03
1.693500,7.28206344e-02,6.53206344e-02,4.354709,-3.49704802e-02,2.60070057e-03
1.694000,7.28031488e-02,6.53031488e-02,4.353543,-3.49711567e-02,2.57719084e-03
1.694500,7.27856623e-02,6.52856623e-02,4.352377,-3.49731481e-02,2.59416643e-03
1.695000,7.27681735e-02,6.52681735e-02,4.351212,-3.49774991e-02,2.60058449e-03
1.695500,7.27506843e-02,6.52506843e-02,4.350046,-3.49784951e-02,2.59059972e-03
1.696000,7.27331946e-02,6.52331946e-02,4.348880,-3.49793200e-02,2.59185025e-03
1.696500,7.27157038e-02,6.52157038e-02,4.347714,-3.49816739e-02,2.60544237e-03
1.697000,7.26982125e-02,6.51982125e-02,4.346547,-3.49826206e-02,2.59531952e-03
1.697500,7.26807213e-02,6.51807213e-02,4.345381,-3.49822305e-02,2.59305410e-03
1.698000,7.26632295e-02,6.51632295e-02,4.344215,-3.49837030e-02,2.59666889e-03
1.698500,7.26457369e-02,6.51457369e-02,4.343049,-3.49852278e-02,2.62619674e-03
1.699000,7.26282451e-02,6.51282451e-02,4.341883,-3.49835482e-02,2.61494783e-03
1.699500,7.26107561e-02,6.51107561e-02,4.340717,-3.49780145e-02,2.61499572e-03
1.700000,7.25932689e-02,6.50932689e-02,4.339551,-3.49743238e-02,2.60585222e-03
1.700500,7.25757832e-02,6.50757832e-02,4.338386,-3.49714337e-02,2.62429791e-03
1.701000,7.25582990e-02,6.50582990e-02,4.337220,-3.49684140e-02,2.62486570e-03
1.701500,7.25408179e-02,6.50408179e-02,4.336055,-3.49623152e-02,2.61308907e-03
1.702000,7.25233393e-02,6.50233393e-02,4.334889,-3.49571645e-02,2.59056090e-03
1.702500,7.25058613e-02,6.50058613e-02,4.333724,-3.49559394e-02,2.60560636e-03
1.703000,7.24883828e-02,6.49883828e-02,4.332559,-3.49570834e-02,2.60399931e-03
1.703500,7.24709048e-02,6.49709048e-02,4.331394,-3.49558989e-02,2.61736547e-03
1.704000,7.24534279e-02,6.49534279e-02,4.330229,-3.49537965e-02,2.60995671e-03
1.704500,7.24359528e-02,6.49359528e-02,4.329064,-3.49501543e-02,2.61702118e-03
1.705000,7.24184793e-02,6.49184793e-02,4.327899,-3.49471040e-02,2.59705551e-03
1.705500,7.24010070e-02,6.49010070e-02,4.326734,-3.49446591e-02,2.57540478e-03
1.706000,7.23835333e-02,6.48835333e-02,4.325569,-3.49474070e-02,2.58377458e-03
1.706500,7.23660568e-02,6.48660568e-02,4.324404,-3.49529701e-02,2.59411679e-03
1.707000,7.23485786e-02,6.48485786e-02,4.323239,-3.49562444e-02,2.59616769e-03
1.707500,7.23310998e-02,6.48310998e-02,4.322073,-3.49576390e-02,2.58170152e-03
1.708000,7.23136198e-02,6.48136198e-02,4.320908,-3.49599759e-02,2.56949450e-03
1.708500,7.22961370e-02,6.47961370e-02,4.319742,-3.49657677e-02,2.59932054e-03
1.709000,7.22786515e-02,6.47786515e-02,4.318577,-3.49709267e-02,2.61050521e-03
1.709500,7.22611664e-02,6.47611664e-02,4.317411,-3.49701991e-02,2.59538042e-03
1.710000,7.22436819e-02,6.47436819e-02,4.316245,-3.49689723e-02,2.57756151e-03
1.710500,7.22261960e-02,6.47261960e-02,4.315080,-3.49718046e-02,2.58574227e-03
1.711000,7.22087076e-02,6.47087076e-02,4.313914,-3.49768395e-02,2.59908504e-03
1.711500,7.21912179e-02,6.46912179e-02,4.312748,-3.49793514e-02,2.59280916e-03
1.712000,7.21737278e-02,6.46737278e-02,4.311582,-3.49802271e-02,2.60639083e-03
1.712500,7.21562373e-02,6.46562373e-02,4.310416,-3.49809326e-02,2.60078948e-03
1.713000,7.21387474e-02,6.46387474e-02,4.309250,-3.49799031e-02,2.59487170e-03
1.713500,7.21212572e-02,6.46212572e-02,4.308084,-3.49803166e-02,2.58577466e-03
1.714000,7.21037660e-02,6.46037660e-02,4.306918,-3.49825062e-02,2.60369682e-03
1.714500,7.20862737e-02,6.45862737e-02,4.305752,-3.49846050e-02,2.62558299e-03
1.715000,7.20687828e-02,6.45687828e-02,4.304586,-3.49818256e-02,2.61296039e-03
1.715500,7.20512945e-02,6.45512945e-02,4.303420,-3.49765685e-02,2.60363644e-03
1.716000,7.20338074e-02,6.45338074e-02,4.302254,-3.49742085e-02,2.61461343e-03
1.716500,7.20163212e-02,6.45163212e-02,4.301088,-3.49724089e-02,2.62449129e-03
1.717000,7.19988372e-02,6.44988372e-02,4.299922,-3.49679335e-02,2.61885478e-03
1.717500,7.19813560e-02,6.44813560e-02,4.298757,-3.49623344e-02,2.60301715e-03
1.718000,7.19638765e-02,6.44638765e-02,4.297592,-3.49590613e-02,2.60057132e-03
1.718500,7.19463972e-02,6.44463972e-02,4.296426,-3.49586051e-02,2.60954665e-03
1.719000,7.19289183e-02,6.44289183e-02,4.295261,-3.49577569e-02,2.60995982e-03
1.719500,7.19114406e-02,6.44114406e-02,4.294096,-3.49553983e-02,2.61494318e-03
1.720000,7.18939643e-02,6.43939643e-02,4.292931,-3.49525313e-02,2.61837641e-03
1.720500,7.18764901e-02,6.43764901e-02,4.291766,-3.49485424e-02,2.60738787e-03
1.721000,7.18590176e-02,6.43590176e-02,4.290601,-3.49449613e-02,2.58532755e-03
1.721500,7.18415450e-02,6.43415450e-02,4.289436,-3.49451352e-02,2.57373492e-03
1.722000,7.18240701e-02,6.43240701e-02,4.288271,-3.49499566e-02,2.60175281e-03
1.722500,7.18065929e-02,6.43065929e-02,4.287106,-3.49542043e-02,2.60345499e-03
1.723000,7.17891161e-02,6.42891161e-02,4.285941,-3.49537007e-02,2.58292229e-03
1.723500,7.17716387e-02,6.42716387e-02,4.284776,-3.49547331e-02,2.56751723e-03
1.724000,7.17541585e-02,6.42541585e-02,4.283611,-3.49604992e-02,2.57435355e-03
1.724500,7.17366744e-02,6.42366744e-02,4.282445,-3.49681905e-02,2.60381207e-03
1.725000,7.17191883e-02,6.42191883e-02,4.281279,-3.49721545e-02,2.60841210e-03
1.725500,7.17017029e-02,6.42017029e-02,4.280114,-3.49708744e-02,2.58929080e-03
1.726000,7.16842176e-02,6.41842176e-02,4.278948,-3.49705297e-02,2.57577828e-03
1.726500,7.16667303e-02,6.41667303e-02,4.277782,-3.49745196e-02,2.58592832e-03
1.727000,7.16492404e-02,6.41492404e-02,4.276616,-3.49798309e-02,2.59840257e-03
1.727500,7.16317492e-02,6.41317492e-02,4.275450,-3.49823726e-02,2.59589884e-03
1.728000,7.16142577e-02,6.41142577e-02,4.274284,-3.49830872e-02,2.60701567e-03
1.728500,7.15967661e-02,6.40967661e-02,4.273118,-3.49832301e-02,2.59905666e-03
1.729000,7.15792750e-02,6.40792750e-02,4.271952,-3.49822512e-02,2.58553888e-03
1.729500,7.15617831e-02,6.40617831e-02,4.270786,-3.49837744e-02,2.59355659e-03
1.730000,7.15442897e-02,6.40442897e-02,4.269619,-3.49868085e-02,2.61204301e-03
1.730500,7.15267962e-02,6.40267962e-02,4.268453,-3.49868914e-02,2.62888281e-03
1.731000,7.15093050e-02,6.40093050e-02,4.267287,-3.49824498e-02,2.62123626e-03
1.731500,7.14918170e-02,6.39918170e-02,4.266121,-3.49759191e-02,2.60198338e-03
1.732000,7.14743309e-02,6.39743309e-02,4.264955,-3.49723463e-02,2.60631202e-03
1.732500,7.14568451e-02,6.39568451e-02,4.263790,-3.49715522e-02,2.62521601e-03
1.733000,7.14393609e-02,6.39393609e-02,4.262624,-3.49683758e-02,2.63088993e-03
1.733500,7.14218801e-02,6.39218801e-02,4.261459,-3.49615936e-02,2.60674490e-03
1.734000,7.14044021e-02,6.39044021e-02,4.260293,-3.49560146e-02,2.59487732e-03
1.734500,7.13869244e-02,6.38869244e-02,4.259128,-3.49554497e-02,2.59794971e-03
1.735000,7.13694461e-02,6.38694461e-02,4.257963,-3.49565619e-02,2.61674416e-03
1.735500,7.13519683e-02,6.38519683e-02,4.256798,-3.49555078e-02,2.61255196e-03
1.736000,7.13344925e-02,6.38344925e-02,4.255633,-3.49517381e-02,2.61282219e-03
1.736500,7.13170182e-02,6.38170182e-02,4.254468,-3.49486330e-02,2.59726847e-03
1.737000,7.12995447e-02,6.37995447e-02,4.253303,-3.49468587e-02,2.58847937e-03
1.737500,7.12820705e-02,6.37820705e-02,4.252138,-3.49484157e-02,2.59017792e-03
1.738000,7.12645949e-02,6.37645949e-02,4.250973,-3.49512656e-02,2.58876967e-03
1.738500,7.12471179e-02,6.37471179e-02,4.249808,-3.49539612e-02,2.59508989e-03
1.739000,7.12296397e-02,6.37296397e-02,4.248643,-3.49563291e-02,2.58600041e-03
1.739500,7.12121605e-02,6.37121605e-02,4.247477,-3.49584630e-02,2.57234656e-03
1.740000,7.11946789e-02,6.36946789e-02,4.246312,-3.49632966e-02,2.59067942e-03
1.740500,7.11771945e-02,6.36771945e-02,4.245146,-3.49687514e-02,2.60396117e-03
1.741000,7.11597095e-02,6.36597095e-02,4.243981,-3.49700213e-02,2.59554715e-03
1.741500,7.11422245e-02,6.36422245e-02,4.242815,-3.49698543e-02,2.58821096e-03
1.742000,7.11247387e-02,6.36247387e-02,4.241649,-3.49717176e-02,2.58384799e-03
1.742500,7.11072511e-02,6.36072511e-02,4.240483,-3.49751713e-02,2.59421001e-03
1.743000,7.10897619e-02,6.35897619e-02,4.239317,-3.49784253e-02,2.59211576e-03
1.743500,7.10722718e-02,6.35722718e-02,4.238151,-3.49801629e-02,2.60340507e-03
1.744000,7.10547812e-02,6.35547812e-02,4.236985,-3.49812462e-02,2.60895580e-03
1.744500,7.10372912e-02,6.35372912e-02,4.235819,-3.49799849e-02,2.59781786e-03
1.745000,7.10198018e-02,6.35198018e-02,4.234653,-3.49787969e-02,2.57831238e-03
1.745500,7.10023112e-02,6.35023112e-02,4.233487,-3.49811626e-02,2.59050542e-03
1.746000,7.09848184e-02,6.34848184e-02,4.232321,-3.49856531e-02,2.62468467e-03
1.746500,7.09673258e-02,6.34673258e-02,4.231155,-3.49851193e-02,2.62059611e-03
1.747000,7.09498362e-02,6.34498362e-02,4.229989,-3.49793345e-02,2.60811421e-03
1.747500,7.09323485e-02,6.34323485e-02,4.228823,-3.49753247e-02,2.59701728e-03
1.748000,7.09148613e-02,6.34148613e-02,4.227657,-3.49743458e-02,2.62502933e-03
1.748500,7.08973750e-02,6.33973750e-02,4.226492,-3.49727122e-02,2.63459291e-03
1.749000,7.08798922e-02,6.33798922e-02,4.225326,-3.49656332e-02,2.61116440e-03
1.749500,7.08624126e-02,6.33624126e-02,4.224161,-3.49590554e-02,2.58635029e-03
1.750000,7.08449334e-02,6.33449334e-02,4.222996,-3.49585187e-02,2.60739436e-03
1.750500,7.08274533e-02,6.33274533e-02,4.221830,-3.49601960e-02,2.60803730e-03
1.751000,7.08099741e-02,6.33099741e-02,4.220665,-3.49583609e-02,2.61811077e-03
1.751500,7.07924963e-02,6.32924963e-02,4.219500,-3.49555295e-02,2.60650006e-03
1.752000,7.07750203e-02,6.32750203e-02,4.218335,-3.49520705e-02,2.61860435e-03
1.752500,7.07575456e-02,6.32575456e-02,4.217170,-3.49494479e-02,2.59432877e-03
1.753000,7.07400721e-02,6.32400721e-02,4.216005,-3.49469841e-02,2.58321850e-03
1.753500,7.07225973e-02,6.32225973e-02,4.214840,-3.49494889e-02,2.58633088e-03
1.754000,7.07051206e-02,6.32051206e-02,4.213675,-3.49535429e-02,2.59542291e-03
1.754500,7.06876424e-02,6.31876424e-02,4.212509,-3.49562819e-02,2.59160038e-03
1.755000,7.06701635e-02,6.31701635e-02,4.211344,-3.49578659e-02,2.58812912e-03
1.755500,7.06526833e-02,6.31526833e-02,4.210179,-3.49603845e-02,2.56877168e-03
1.756000,7.06352007e-02,6.31352007e-02,4.209013,-3.49651847e-02,2.59194206e-03
1.756500,7.06177151e-02,6.31177151e-02,4.207848,-3.49711148e-02,2.59860557e-03
1.757000,7.06002288e-02,6.31002288e-02,4.206682,-3.49726510e-02,2.60288653e-03
1.757500,7.05827425e-02,6.30827425e-02,4.205516,-3.49727145e-02,2.58037048e-03
1.758000,7.05652554e-02,6.30652554e-02,4.204350,-3.49740658e-02,2.58108483e-03
1.758500,7.05477659e-02,6.30477659e-02,4.203184,-3.49790513e-02,2.60247493e-03
1.759000,7.05302749e-02,6.30302749e-02,4.202018,-3.49820282e-02,2.59091384e-03
1.759500,7.05127836e-02,6.30127836e-02,4.200852,-3.49825149e-02,2.59467943e-03
1.760000,7.04952913e-02,6.29952913e-02,4.199686,-3.49845671e-02,2.60666206e-03
1.760500,7.04777989e-02,6.29777989e-02,4.198520,-3.49849414e-02,2.59628906e-03
1.761000,7.04603067e-02,6.29603067e-02,4.197354,-3.49842653e-02,2.59373174e-03
1.761500,7.04428140e-02,6.29428140e-02,4.196188,-3.49855186e-02,2.59780386e-03
1.762000,7.04253206e-02,6.29253206e-02,4.195021,-3.49868318e-02,2.62379562e-03
1.762500,7.04078280e-02,6.29078280e-02,4.193855,-3.49851782e-02,2.61650756e-03
1.763000,7.03903380e-02,6.28903380e-02,4.192689,-3.49799009e-02,2.61490767e-03
1.763500,7.03728500e-02,6.28728500e-02,4.191523,-3.49759618e-02,2.59777194e-03
1.764000,7.03553631e-02,6.28553631e-02,4.190358,-3.49738006e-02,2.62762061e-03
1.764500,7.03378772e-02,6.28378772e-02,4.189192,-3.49718140e-02,2.62920069e-03
1.765000,7.03203948e-02,6.28203948e-02,4.188026,-3.49647863e-02,2.61898079e-03
1.765500,7.03029156e-02,6.28029156e-02,4.186861,-3.49584028e-02,2.59019242e-03
1.766000,7.02854375e-02,6.27854375e-02,4.185696,-3.49562429e-02,2.59941763e-03
1.766500,7.02679585e-02,6.27679585e-02,4.184531,-3.49579946e-02,2.60234384e-03
1.767000,7.02504795e-02,6.27504795e-02,4.183365,-3.49579727e-02,2.62019130e-03
1.767500,7.02330016e-02,6.27330016e-02,4.182200,-3.49558922e-02,2.60611560e-03
1.768000,7.02155255e-02,6.27155255e-02,4.181035,-3.49521256e-02,2.61784794e-03
1.768500,7.01980507e-02,6.26980507e-02,4.179870,-3.49496330e-02,2.58993643e-03
1.769000,7.01805769e-02,6.26805769e-02,4.178705,-3.49476818e-02,2.58057153e-03
1.769500,7.01631013e-02,6.26631013e-02,4.177540,-3.49511419e-02,2.58670976e-03
1.770000,7.01456235e-02,6.26456235e-02,4.176375,-3.49555970e-02,2.59819447e-03
1.770500,7.01281445e-02,6.26281445e-02,4.175210,-3.49580287e-02,2.59721481e-03
1.771000,7.01106652e-02,6.26106652e-02,4.174044,-3.49586612e-02,2.58624465e-03
1.771500,7.00931849e-02,6.25931849e-02,4.172879,-3.49604245e-02,2.56681433e-03
1.772000,7.00757021e-02,6.25757021e-02,4.171713,-3.49657072e-02,2.59478703e-03
1.772500,7.00582162e-02,6.25582162e-02,4.170548,-3.49717072e-02,2.61134265e-03
1.773000,7.00407304e-02,6.25407304e-02,4.169382,-3.49716500e-02,2.59682393e-03
1.773500,7.00232453e-02,6.25232453e-02,4.168216,-3.49701580e-02,2.57708898e-03
1.774000,7.00057589e-02,6.25057589e-02,4.167051,-3.49727950e-02,2.58539813e-03
1.774500,6.99882700e-02,6.24882700e-02,4.165885,-3.49779380e-02,2.59301549e-03
1.775000,6.99707794e-02,6.24707794e-02,4.164719,-3.49810430e-02,2.59847174e-03
1.775500,6.99532882e-02,6.24532882e-02,4.163553,-3.49824148e-02,2.60619224e-03
1.776000,6.99357971e-02,6.24357971e-02,4.162386,-3.49822079e-02,2.60348553e-03
1.776500,6.99183066e-02,6.24183066e-02,4.161220,-3.49809726e-02,2.59288894e-03
1.777000,6.99008161e-02,6.24008161e-02,4.160054,-3.49811188e-02,2.58634427e-03
1.777500,6.98833243e-02,6.23833243e-02,4.158888,-3.49835836e-02,2.59737793e-03
1.778000,6.98658312e-02,6.23658312e-02,4.157722,-3.49861475e-02,2.62397159e-03
1.778500,6.98483389e-02,6.23483389e-02,4.156556,-3.49845483e-02,2.61291707e-03
1.779000,6.98308492e-02,6.23308492e-02,4.155390,-3.49795596e-02,2.60700429e-03
1.779500,6.98133607e-02,6.23133607e-02,4.154224,-3.49769089e-02,2.61065286e-03
1.780000,6.97958733e-02,6.22958733e-02,4.153058,-3.49749065e-02,2.62571724e-03
1.780500,6.97783878e-02,6.22783878e-02,4.151893,-3.49709731e-02,2.62090563e-03
1.781000,6.97609053e-02,6.22609053e-02,4.150727,-3.49649914e-02,2.60307656e-03
1.781500,6.97434246e-02,6.22434246e-02,4.149562,-3.49613762e-02,2.60096222e-03
1.782000,6.97259442e-02,6.22259442e-02,4.148396,-3.49608756e-02,2.60966854e-03
1.782500,6.97084642e-02,6.22084642e-02,4.147231,-3.49599525e-02,2.61092027e-03
1.783000,6.96909854e-02,6.21909854e-02,4.146066,-3.49574890e-02,2.61439211e-03
1.783500,6.96735082e-02,6.21735082e-02,4.144901,-3.49545130e-02,2.61278471e-03
1.784000,6.96560326e-02,6.21560326e-02,4.143736,-3.49511090e-02,2.60967630e-03
1.784500,6.96385585e-02,6.21385585e-02,4.142571,-3.49482438e-02,2.58616575e-03
1.785000,6.96210845e-02,6.21210845e-02,4.141406,-3.49479678e-02,2.57554532e-03
1.785500,6.96036083e-02,6.21036083e-02,4.140241,-3.49524915e-02,2.59473226e-03
1.786000,6.95861297e-02,6.20861297e-02,4.139075,-3.49570626e-02,2.60532160e-03
1.786500,6.95686510e-02,6.20686510e-02,4.137910,-3.49575468e-02,2.59002457e-03
1.787000,6.95511721e-02,6.20511721e-02,4.136745,-3.49576447e-02,2.57275150e-03
1.787500,6.95336912e-02,6.20336912e-02,4.135579,-3.49617817e-02,2.57382742e-03
1.788000,6.95162069e-02,6.20162069e-02,4.134414,-3.49686600e-02,2.59198707e-03
1.788500,6.94987200e-02,6.19987200e-02,4.133248,-3.49737560e-02,2.61131464e-03
1.789000,6.94812330e-02,6.19812330e-02,4.132082,-3.49741610e-02,2.59398792e-03
1.789500,6.94637465e-02,6.19637465e-02,4.130916,-3.49729244e-02,2.57585841e-03
1.790000,6.94462584e-02,6.19462584e-02,4.129751,-3.49761359e-02,2.59095865e-03
1.790500,6.94287679e-02,6.19287679e-02,4.128585,-3.49809893e-02,2.59675653e-03
1.791000,6.94112765e-02,6.19112765e-02,4.127418,-3.49828505e-02,2.58953155e-03
1.791500,6.93937843e-02,6.18937843e-02,4.126252,-3.49843984e-02,2.60201784e-03
1.792000,6.93762913e-02,6.18762913e-02,4.125086,-3.49860287e-02,2.60227319e-03
1.792500,6.93587985e-02,6.18587985e-02,4.123920,-3.49855861e-02,2.59220339e-03
1.793000,6.93413055e-02,6.18413055e-02,4.122754,-3.49859919e-02,2.59283739e-03
1.793500,6.93238115e-02,6.18238115e-02,4.121587,-3.49879952e-02,2.60314927e-03
1.794000,6.93063170e-02,6.18063170e-02,4.120421,-3.49889826e-02,2.63071403e-03
1.794500,6.92888241e-02,6.17888241e-02,4.119255,-3.49858395e-02,2.61419778e-03
1.795000,6.92713343e-02,6.17713343e-02,4.118089,-3.49796304e-02,2.60923937e-03
1.795500,6.92538460e-02,6.17538460e-02,4.116923,-3.49765718e-02,2.61415302e-03
1.796000,6.92363591e-02,6.17363591e-02,4.115757,-3.49738929e-02,2.62072598e-03
1.796500,6.92188741e-02,6.17188741e-02,4.114592,-3.49698260e-02,2.62838834e-03
1.797000,6.92013921e-02,6.17013921e-02,4.113426,-3.49640023e-02,2.60747015e-03
1.797500,6.91839128e-02,6.16839128e-02,4.112261,-3.49587699e-02,2.59326236e-03
1.798000,6.91664336e-02,6.16664336e-02,4.111096,-3.49582287e-02,2.60102084e-03
1.798500,6.91489540e-02,6.16489540e-02,4.109930,-3.49593346e-02,2.61201787e-03
1.799000,6.91314749e-02,6.16314749e-02,4.108765,-3.49581940e-02,2.60915523e-03
1.799500,6.91139971e-02,6.16139971e-02,4.107600,-3.49555008e-02,2.61800936e-03
1.800000,6.90965209e-02,6.15965209e-02,4.106435,-3.49524948e-02,2.59956666e-03
1.800500,6.90790460e-02,6.15790460e-02,4.105270,-3.49496656e-02,2.58973566e-03
1.801000,6.90615707e-02,6.15615707e-02,4.104105,-3.49507340e-02,2.58985737e-03
1.801500,6.90440940e-02,6.15440940e-02,4.102940,-3.49534060e-02,2.59115145e-03
1.802000,6.90266160e-02,6.15266160e-02,4.101774,-3.49559436e-02,2.59741035e-03
1.802500,6.90091371e-02,6.15091371e-02,4.100609,-3.49577153e-02,2.58397547e-03
1.803000,6.89916573e-02,6.14916573e-02,4.099444,-3.49596471e-02,2.57247130e-03
1.803500,6.89741749e-02,6.14741749e-02,4.098278,-3.49648023e-02,2.57936785e-03
1.804000,6.89566893e-02,6.14566893e-02,4.097113,-3.49712367e-02,2.60759391e-03
1.804500,6.89392023e-02,6.14392023e-02,4.095947,-3.49740429e-02,2.60087678e-03
1.805000,6.89217159e-02,6.14217159e-02,4.094781,-3.49728081e-02,2.58905551e-03
1.805500,6.89042290e-02,6.14042290e-02,4.093615,-3.49737216e-02,2.58433419e-03
1.806000,6.88867405e-02,6.13867405e-02,4.092449,-3.49769936e-02,2.59137204e-03
1.806500,6.88692503e-02,6.13692503e-02,4.091283,-3.49804187e-02,2.59800633e-03
1.807000,6.88517593e-02,6.13517593e-02,4.090117,-3.49821015e-02,2.59564028e-03
1.807500,6.88342678e-02,6.13342678e-02,4.088951,-3.49829040e-02,2.60931045e-03
1.808000,6.88167764e-02,6.13167764e-02,4.087785,-3.49828864e-02,2.59828838e-03
1.808500,6.87992856e-02,6.12992856e-02,4.086619,-3.49815986e-02,2.58025225e-03
1.809000,6.87817937e-02,6.12817937e-02,4.085453,-3.49837155e-02,2.59146736e-03
1.809500,6.87642998e-02,6.12642998e-02,4.084287,-3.49878024e-02,2.62303671e-03
1.810000,6.87468062e-02,6.12468062e-02,4.083120,-3.49872564e-02,2.62440543e-03
1.810500,6.87293155e-02,6.12293155e-02,4.081954,-3.49814054e-02,2.60558597e-03
1.811000,6.87118270e-02,6.12118270e-02,4.080788,-3.49769936e-02,2.59276381e-03
1.811500,6.86943386e-02,6.11943386e-02,4.079623,-3.49768059e-02,2.61731993e-03
1.812000,6.86768503e-02,6.11768503e-02,4.078457,-3.49765524e-02,2.63281494e-03
1.812500,6.86593648e-02,6.11593648e-02,4.077291,-3.49708966e-02,2.61761181e-03
1.813000,6.86418828e-02,6.11418828e-02,4.076126,-3.49640407e-02,2.59201194e-03
1.813500,6.86244019e-02,6.11244019e-02,4.074960,-3.49619447e-02,2.60718108e-03
1.814000,6.86069205e-02,6.11069205e-02,4.073795,-3.49627111e-02,2.60671305e-03
1.814500,6.85894400e-02,6.10894400e-02,4.072629,-3.49610281e-02,2.62106334e-03
1.815000,6.85719609e-02,6.10719609e-02,4.071464,-3.49581531e-02,2.61115149e-03
1.815500,6.85544840e-02,6.10544840e-02,4.070299,-3.49537980e-02,2.61229367e-03
1.816000,6.85370085e-02,6.10370085e-02,4.069134,-3.49509696e-02,2.59331925e-03
1.816500,6.85195337e-02,6.10195337e-02,4.067969,-3.49496313e-02,2.58582507e-03
1.817000,6.85020577e-02,6.10020577e-02,4.066804,-3.49520714e-02,2.58671805e-03
1.817500,6.84845798e-02,6.09845798e-02,4.065639,-3.49556631e-02,2.59224469e-03
1.818000,6.84671005e-02,6.09671005e-02,4.064473,-3.49586196e-02,2.59348761e-03
1.818500,6.84496203e-02,6.09496203e-02,4.063308,-3.49605586e-02,2.58857012e-03
1.819000,6.84321389e-02,6.09321389e-02,4.062143,-3.49627283e-02,2.56786449e-03
1.819500,6.84146551e-02,6.09146551e-02,4.060977,-3.49675363e-02,2.59451918e-03
1.820000,6.83971684e-02,6.08971684e-02,4.059811,-3.49733875e-02,2.59669835e-03
1.820500,6.83796811e-02,6.08796811e-02,4.058645,-3.49746692e-02,2.60124349e-03
1.821000,6.83621935e-02,6.08621935e-02,4.057480,-3.49751911e-02,2.58522849e-03
1.821500,6.83447053e-02,6.08447053e-02,4.056314,-3.49763827e-02,2.57823649e-03
1.822000,6.83272149e-02,6.08272149e-02,4.055148,-3.49808223e-02,2.59919321e-03
1.822500,6.83097226e-02,6.08097226e-02,4.053982,-3.49845571e-02,2.59164019e-03
1.823000,6.82922299e-02,6.07922299e-02,4.052815,-3.49855185e-02,2.59653438e-03
1.823500,6.82747362e-02,6.07747362e-02,4.051649,-3.49872874e-02,2.61226096e-03
1.824000,6.82572428e-02,6.07572428e-02,4.050483,-3.49868621e-02,2.59612835e-03
1.824500,6.82397501e-02,6.07397501e-02,4.049317,-3.49852808e-02,2.57832532e-03
1.825000,6.82222562e-02,6.07222562e-02,4.048150,-3.49879227e-02,2.60293958e-03
1.825500,6.82047605e-02,6.07047605e-02,4.046984,-3.49913117e-02,2.62909584e-03
1.826000,6.81872664e-02,6.06872664e-02,4.045818,-3.49883461e-02,2.61791026e-03
1.826500,6.81697753e-02,6.06697753e-02,4.044652,-3.49820744e-02,2.61307585e-03
1.827000,6.81522863e-02,6.06522863e-02,4.043486,-3.49780670e-02,2.59622790e-03
1.827500,6.81347981e-02,6.06347981e-02,4.042320,-3.49763431e-02,2.62427004e-03
1.828000,6.81173107e-02,6.06173107e-02,4.041154,-3.49749062e-02,2.63083264e-03
1.828500,6.80998265e-02,6.05998265e-02,4.039988,-3.49682844e-02,2.62188449e-03
1.829000,6.80823458e-02,6.05823458e-02,4.038823,-3.49613762e-02,2.59081493e-03
1.829500,6.80648665e-02,6.05648665e-02,4.037658,-3.49586844e-02,2.59889346e-03
1.830000,6.80473863e-02,6.05473863e-02,4.036492,-3.49603803e-02,2.59922204e-03
1.830500,6.80299059e-02,6.05299059e-02,4.035327,-3.49607205e-02,2.62096676e-03
1.831000,6.80124264e-02,6.05124264e-02,4.034162,-3.49590841e-02,2.60811594e-03
1.831500,6.79949489e-02,6.04949489e-02,4.032997,-3.49550133e-02,2.61864693e-03
1.832000,6.79774728e-02,6.04774728e-02,4.031832,-3.49521216e-02,2.59257412e-03
1.832500,6.79599979e-02,6.04599979e-02,4.030667,-3.49498059e-02,2.57944187e-03
1.833000,6.79425215e-02,6.04425215e-02,4.029501,-3.49529327e-02,2.58360459e-03
1.833500,6.79250425e-02,6.04250425e-02,4.028336,-3.49578479e-02,2.59907594e-03
1.834000,6.79075622e-02,6.04075622e-02,4.027171,-3.49607116e-02,2.59820520e-03
1.834500,6.78900816e-02,6.03900816e-02,4.026005,-3.49611118e-02,2.58386478e-03
1.835000,6.78726002e-02,6.03726002e-02,4.024840,-3.49629229e-02,2.57050802e-03
1.835500,6.78551160e-02,6.03551160e-02,4.023674,-3.49682698e-02,2.59639922e-03
1.836000,6.78376293e-02,6.03376293e-02,4.022509,-3.49735207e-02,2.60283733e-03
1.836500,6.78201423e-02,6.03201423e-02,4.021343,-3.49739508e-02,2.59930986e-03
1.837000,6.78026555e-02,6.03026555e-02,4.020177,-3.49736356e-02,2.57743809e-03
1.837500,6.77851676e-02,6.02851676e-02,4.019011,-3.49758336e-02,2.58299777e-03
1.838000,6.77676770e-02,6.02676770e-02,4.017845,-3.49811315e-02,2.59485226e-03
1.838500,6.77501848e-02,6.02501848e-02,4.016679,-3.49844682e-02,2.59905193e-03
1.839000,6.77326920e-02,6.02326920e-02,4.015513,-3.49854871e-02,2.60492801e-03
1.839500,6.77151994e-02,6.02151994e-02,4.014347,-3.49852967e-02,2.60509347e-03
1.840000,6.76977073e-02,6.01977073e-02,4.013180,-3.49841269e-02,2.59406417e-03
1.840500,6.76802153e-02,6.01802153e-02,4.012014,-3.49839051e-02,2.58582276e-03
1.841000,6.76627222e-02,6.01627222e-02,4.010848,-3.49862230e-02,2.59696388e-03
1.841500,6.76452278e-02,6.01452278e-02,4.009682,-3.49889092e-02,2.62274131e-03
1.842000,6.76277340e-02,6.01277340e-02,4.008516,-3.49874867e-02,2.61483958e-03
1.842500,6.76102428e-02,6.01102428e-02,4.007350,-3.49825300e-02,2.60902401e-03
1.843000,6.75927531e-02,6.00927531e-02,4.006184,-3.49793851e-02,2.60677962e-03
1.843500,6.75752644e-02,6.00752644e-02,4.005018,-3.49773935e-02,2.62441261e-03
1.844000,6.75577773e-02,6.00577773e-02,4.003852,-3.49742114e-02,2.62272439e-03
1.844500,6.75402931e-02,6.00402931e-02,4.002686,-3.49682832e-02,2.60508584e-03
1.845000,6.75228110e-02,6.00228110e-02,4.001521,-3.49641917e-02,2.59343812e-03
1.845500,6.75053290e-02,6.00053290e-02,4.000355,-3.49640265e-02,2.61228433e-03
1.846000,6.74878470e-02,5.99878470e-02,3.999190,-3.49641075e-02,2.60903072e-03
1.846500,6.74703663e-02,5.99703663e-02,3.998024,-3.49613816e-02,2.61873633e-03
1.847000,6.74528871e-02,5.99528871e-02,3.996859,-3.49583317e-02,2.61543490e-03
1.847500,6.74354101e-02,5.99354101e-02,3.995694,-3.49539800e-02,2.61380269e-03
1.848000,6.74179350e-02,5.99179350e-02,3.994529,-3.49503148e-02,2.58811998e-03
1.848500,6.74004604e-02,5.99004604e-02,3.993364,-3.49491884e-02,2.57204646e-03
1.849000,6.73829835e-02,5.98829835e-02,3.992199,-3.49537006e-02,2.59053728e-03
1.849500,6.73655039e-02,5.98655039e-02,3.991034,-3.49592172e-02,2.60057353e-03
1.850000,6.73480235e-02,5.98480235e-02,3.989868,-3.49608100e-02,2.59101549e-03
1.850500,6.73305427e-02,5.98305427e-02,3.988703,-3.49616000e-02,2.57745762e-03
1.851000,6.73130601e-02,5.98130601e-02,3.987537,-3.49651582e-02,2.57349485e-03
1.851500,6.72955745e-02,5.97955745e-02,3.986372,-3.49712931e-02,2.59267327e-03
1.852000,6.72780863e-02,5.97780863e-02,3.985206,-3.49763830e-02,2.61235883e-03
1.852500,6.72605980e-02,5.97605980e-02,3.984040,-3.49765831e-02,2.59371299e-03
1.853000,6.72431104e-02,5.97431104e-02,3.982874,-3.49751993e-02,2.57670981e-03
1.853500,6.72256212e-02,5.97256212e-02,3.981708,-3.49783807e-02,2.58770652e-03
1.854000,6.72081295e-02,5.97081295e-02,3.980542,-3.49833818e-02,2.59814072e-03
1.854500,6.71906367e-02,5.96906367e-02,3.979376,-3.49856546e-02,2.59084540e-03
1.855000,6.71731433e-02,5.96731433e-02,3.978210,-3.49868591e-02,2.60064044e-03
1.855500,6.71556491e-02,5.96556491e-02,3.977043,-3.49883954e-02,2.60236256e-03
1.856000,6.71381550e-02,5.96381550e-02,3.975877,-3.49881711e-02,2.59351230e-03
1.856500,6.71206608e-02,5.96206608e-02,3.974711,-3.49884465e-02,2.59331450e-03
1.857000,6.71031657e-02,5.96031657e-02,3.973544,-3.49901926e-02,2.60184709e-03
1.857500,6.70856701e-02,5.95856701e-02,3.972378,-3.49912169e-02,2.63096906e-03
1.858000,6.70681759e-02,5.95681759e-02,3.971212,-3.49882650e-02,2.61476774e-03
1.858500,6.70506849e-02,5.95506849e-02,3.970046,-3.49819636e-02,2.60923347e-03
1.859000,6.70331955e-02,5.95331955e-02,3.968880,-3.49788119e-02,2.61204375e-03
1.859500,6.70157074e-02,5.95157074e-02,3.967714,-3.49763206e-02,2.62273663e-03
1.860000,6.69982212e-02,5.94982212e-02,3.966548,-3.49724222e-02,2.62225304e-03
1.860500,6.69807378e-02,5.94807378e-02,3.965383,-3.49668108e-02,2.61164496e-03
1.861000,6.69632566e-02,5.94632566e-02,3.964217,-3.49622168e-02,2.59796208e-03
1.861500,6.69457764e-02,5.94457764e-02,3.963052,-3.49605745e-02,2.59962264e-03
1.862000,6.69282958e-02,5.94282958e-02,3.961886,-3.49610323e-02,2.60953138e-03
1.862500,6.69108157e-02,5.94108157e-02,3.960721,-3.49603412e-02,2.61207237e-03
1.863000,6.68933368e-02,5.93933368e-02,3.959556,-3.49577983e-02,2.61801523e-03
1.863500,6.68758596e-02,5.93758596e-02,3.958391,-3.49543128e-02,2.60056967e-03
1.864000,6.68583839e-02,5.93583839e-02,3.957226,-3.49513939e-02,2.58228663e-03
1.864500,6.68409074e-02,5.93409074e-02,3.956060,-3.49529563e-02,2.58875281e-03
1.865000,6.68234290e-02,5.93234290e-02,3.954895,-3.49569491e-02,2.59634919e-03
1.865500,6.68059494e-02,5.93059494e-02,3.953730,-3.49592085e-02,2.59896013e-03
1.866000,6.67884694e-02,5.92884694e-02,3.952565,-3.49599897e-02,2.58498012e-03
1.866500,6.67709886e-02,5.92709886e-02,3.951399,-3.49615782e-02,2.57275657e-03
1.867000,6.67535053e-02,5.92535053e-02,3.950234,-3.49665432e-02,2.57706480e-03
1.867500,6.67360187e-02,5.92360187e-02,3.949068,-3.49731344e-02,2.60790852e-03
1.868000,6.67185306e-02,5.92185306e-02,3.947902,-3.49762909e-02,2.60309857e-03
1.868500,6.67010432e-02,5.92010432e-02,3.946736,-3.49748081e-02,2.59092511e-03
1.869000,6.66835556e-02,5.91835556e-02,3.945570,-3.49751914e-02,2.58283715e-03
1.869500,6.66660665e-02,5.91660665e-02,3.944404,-3.49782888e-02,2.58614629e-03
1.870000,6.66485752e-02,5.91485752e-02,3.943238,-3.49824217e-02,2.59885729e-03
1.870500,6.66310828e-02,5.91310828e-02,3.942072,-3.49848873e-02,2.59754496e-03
1.871000,6.66135901e-02,5.91135901e-02,3.940906,-3.49853818e-02,2.60909796e-03
1.871500,6.65960976e-02,5.90960976e-02,3.939740,-3.49850702e-02,2.59798556e-03
1.872000,6.65786056e-02,5.90786056e-02,3.938574,-3.49838441e-02,2.58119249e-03
1.872500,6.65611127e-02,5.90611127e-02,3.937408,-3.49859275e-02,2.58423896e-03
1.873000,6.65436174e-02,5.90436174e-02,3.936241,-3.49904992e-02,2.62057155e-03
1.873500,6.65261218e-02,5.90261218e-02,3.935075,-3.49913580e-02,2.62855850e-03
1.874000,6.65086290e-02,5.90086290e-02,3.933909,-3.49855446e-02,2.60773396e-03
1.874500,6.64911389e-02,5.89911389e-02,3.932743,-3.49802610e-02,2.59607857e-03
1.875000,6.64736491e-02,5.89736491e-02,3.931577,-3.49794275e-02,2.61184472e-03
1.875500,6.64561596e-02,5.89561596e-02,3.930411,-3.49791138e-02,2.63244523e-03
1.876000,6.64386724e-02,5.89386724e-02,3.929245,-3.49743898e-02,2.62282482e-03
1.876500,6.64211888e-02,5.89211888e-02,3.928079,-3.49671336e-02,2.59522090e-03
1.877000,6.64037069e-02,5.89037069e-02,3.926914,-3.49638978e-02,2.59969153e-03
1.877500,6.63862245e-02,5.88862245e-02,3.925748,-3.49647996e-02,2.60826422e-03
1.878000,6.63687424e-02,5.88687424e-02,3.924583,-3.49642093e-02,2.62080719e-03
1.878500,6.63512618e-02,5.88512618e-02,3.923417,-3.49611022e-02,2.61403277e-03
1.879000,6.63337835e-02,5.88337835e-02,3.922252,-3.49565344e-02,2.61265509e-03
1.879500,6.63163069e-02,5.88163069e-02,3.921087,-3.49532009e-02,2.59350850e-03
1.880000,6.62988311e-02,5.87988311e-02,3.919922,-3.49517865e-02,2.58618883e-03
1.880500,6.62813540e-02,5.87813540e-02,3.918757,-3.49541634e-02,2.58581961e-03
1.881000,6.62638751e-02,5.87638751e-02,3.917592,-3.49577748e-02,2.59477090e-03
1.881500,6.62463948e-02,5.87463948e-02,3.916426,-3.49606554e-02,2.59618405e-03
1.882000,6.62289138e-02,5.87289138e-02,3.915261,-3.49619412e-02,2.58706847e-03
1.882500,6.62114319e-02,5.87114319e-02,3.914095,-3.49638009e-02,2.56794576e-03
1.883000,6.61939475e-02,5.86939475e-02,3.912930,-3.49688483e-02,2.58548724e-03
1.883500,6.61764597e-02,5.86764597e-02,3.911764,-3.49754848e-02,2.60261089e-03
1.884000,6.61589709e-02,5.86589709e-02,3.910598,-3.49777268e-02,2.60042373e-03
1.884500,6.61414822e-02,5.86414822e-02,3.909432,-3.49773503e-02,2.58683765e-03
1.885000,6.61239929e-02,5.86239929e-02,3.908266,-3.49785342e-02,2.57888227e-03
1.885500,6.61065016e-02,5.86065016e-02,3.907100,-3.49826525e-02,2.59898929e-03
1.886000,6.60890084e-02,5.85890084e-02,3.905934,-3.49862993e-02,2.59142307e-03
1.886500,6.60715148e-02,5.85715148e-02,3.904768,-3.49873133e-02,2.59567365e-03
1.887000,6.60540202e-02,5.85540202e-02,3.903601,-3.49891940e-02,2.61001039e-03
1.887500,6.60365256e-02,5.85365256e-02,3.902435,-3.49891090e-02,2.59877382e-03
1.888000,6.60190318e-02,5.85190318e-02,3.901269,-3.49876634e-02,2.58005110e-03
1.888500,6.60015369e-02,5.85015369e-02,3.900102,-3.49897183e-02,2.59872805e-03
1.889000,6.59840403e-02,5.84840403e-02,3.898936,-3.49931963e-02,2.62620704e-03
1.889500,6.59665448e-02,5.84665448e-02,3.897770,-3.49911776e-02,2.62105297e-03
1.890000,6.59490522e-02,5.84490522e-02,3.896603,-3.49851025e-02,2.61416408e-03
1.890500,6.59315620e-02,5.84315620e-02,3.895437,-3.49804827e-02,2.59688394e-03
1.891000,6.59140727e-02,5.84140727e-02,3.894272,-3.49785221e-02,2.61844559e-03
1.891500,6.58965840e-02,5.83965840e-02,3.893106,-3.49774926e-02,2.63431490e-03
1.892000,6.58790982e-02,5.83790982e-02,3.891940,-3.49715193e-02,2.62338538e-03
1.892500,6.58616162e-02,5.83616162e-02,3.890774,-3.49639065e-02,2.59134511e-03
1.893000,6.58441358e-02,5.83441358e-02,3.889609,-3.49609215e-02,2.60021851e-03
1.893500,6.58266546e-02,5.83266546e-02,3.888444,-3.49624131e-02,2.59857222e-03
1.894000,6.58091733e-02,5.83091733e-02,3.887278,-3.49625931e-02,2.62030582e-03
1.894500,6.57916927e-02,5.82916927e-02,3.886113,-3.49611219e-02,2.60659463e-03
1.895000,6.57742141e-02,5.82742141e-02,3.884948,-3.49572941e-02,2.61692550e-03
1.895500,6.57567367e-02,5.82567367e-02,3.883782,-3.49548044e-02,2.59640558e-03
1.896000,6.57392605e-02,5.82392605e-02,3.882617,-3.49524327e-02,2.58067928e-03
1.896500,6.57217830e-02,5.82217830e-02,3.881452,-3.49548209e-02,2.58351681e-03
1.897000,6.57043033e-02,5.82043033e-02,3.880287,-3.49595407e-02,2.59849107e-03
1.897500,6.56868220e-02,5.81868220e-02,3.879121,-3.49624705e-02,2.59244269e-03
1.898000,6.56693403e-02,5.81693403e-02,3.877956,-3.49634762e-02,2.58704235e-03
1.898500,6.56518573e-02,5.81518573e-02,3.876790,-3.49659526e-02,2.57224039e-03
1.899000,6.56343720e-02,5.81343720e-02,3.875625,-3.49706246e-02,2.59808459e-03
1.899500,6.56168843e-02,5.81168843e-02,3.874459,-3.49754420e-02,2.60305815e-03
1.900000,6.55993965e-02,5.80993965e-02,3.873293,-3.49755758e-02,2.59842663e-03
1.900500,6.55819088e-02,5.80819088e-02,3.872127,-3.49753025e-02,2.58051621e-03
1.901000,6.55644202e-02,5.80644202e-02,3.870961,-3.49773733e-02,2.58538163e-03
1.901500,6.55469292e-02,5.80469292e-02,3.869795,-3.49819550e-02,2.59448668e-03
1.902000,6.55294367e-02,5.80294367e-02,3.868629,-3.49849326e-02,2.59284879e-03
1.902500,6.55119434e-02,5.80119434e-02,3.867463,-3.49865600e-02,2.60349441e-03
1.903000,6.54944497e-02,5.79944497e-02,3.866297,-3.49875150e-02,2.60620098e-03
1.903500,6.54769564e-02,5.79769564e-02,3.865130,-3.49864826e-02,2.59883901e-03
1.904000,6.54594636e-02,5.79594636e-02,3.863964,-3.49856567e-02,2.58351021e-03
1.904500,6.54419699e-02,5.79419699e-02,3.862798,-3.49873951e-02,2.59605777e-03
1.905000,6.54244746e-02,5.79244746e-02,3.861632,-3.49905411e-02,2.62294353e-03
1.905500,6.54069800e-02,5.79069800e-02,3.860465,-3.49892496e-02,2.61513668e-03
1.906000,6.53894879e-02,5.78894879e-02,3.859299,-3.49842334e-02,2.61057590e-03
1.906500,6.53719974e-02,5.78719974e-02,3.858133,-3.49809024e-02,2.60001821e-03
1.907000,6.53545078e-02,5.78545078e-02,3.856967,-3.49792539e-02,2.62724307e-03
1.907500,6.53370194e-02,5.78370194e-02,3.855801,-3.49769318e-02,2.62563034e-03
1.908000,6.53195342e-02,5.78195342e-02,3.854636,-3.49702818e-02,2.60812985e-03
1.908500,6.53020515e-02,5.78020515e-02,3.853470,-3.49654440e-02,2.58883458e-03
1.909000,6.52845689e-02,5.77845689e-02,3.852305,-3.49651860e-02,2.61210515e-03
1.909500,6.52670859e-02,5.77670859e-02,3.851139,-3.49660388e-02,2.60863545e-03
1.910000,6.52496042e-02,5.77496042e-02,3.849974,-3.49633772e-02,2.61790860e-03
1.910500,6.52321240e-02,5.77321240e-02,3.848808,-3.49604655e-02,2.61275542e-03
1.911000,6.52146457e-02,5.77146457e-02,3.847643,-3.49564866e-02,2.61747443e-03
1.911500,6.51971692e-02,5.76971692e-02,3.846478,-3.49529367e-02,2.58737993e-03
1.912000,6.51796936e-02,5.76796936e-02,3.845313,-3.49512729e-02,2.57137069e-03
1.912500,6.51622156e-02,5.76622156e-02,3.844148,-3.49559663e-02,2.59028026e-03
1.913000,6.51447348e-02,5.76447348e-02,3.842982,-3.49616166e-02,2.60416205e-03
1.913500,6.51272534e-02,5.76272534e-02,3.841817,-3.49629344e-02,2.59656283e-03
1.914000,6.51097720e-02,5.76097720e-02,3.840651,-3.49626445e-02,2.57738454e-03
1.914500,6.50922894e-02,5.75922894e-02,3.839486,-3.49652983e-02,2.56810872e-03
1.915000,6.50748034e-02,5.75748034e-02,3.838320,-3.49719215e-02,2.59267392e-03
1.915500,6.50573145e-02,5.75573145e-02,3.837154,-3.49778957e-02,2.61447856e-03
1.916000,6.50398255e-02,5.75398255e-02,3.835988,-3.49779083e-02,2.59490031e-03
1.916500,6.50223375e-02,5.75223375e-02,3.834823,-3.49760714e-02,2.57279304e-03
1.917000,6.50048478e-02,5.75048478e-02,3.833657,-3.49794042e-02,2.58904336e-03
1.917500,6.49873553e-02,5.74873553e-02,3.832490,-3.49849303e-02,2.59512841e-03
1.918000,6.49698617e-02,5.74698617e-02,3.831324,-3.49872499e-02,2.59258399e-03
1.918500,6.49523673e-02,5.74523673e-02,3.830158,-3.49887953e-02,2.60332548e-03
1.919000,6.49348724e-02,5.74348724e-02,3.828991,-3.49898087e-02,2.60269145e-03
1.919500,6.49173778e-02,5.74173778e-02,3.827825,-3.49891144e-02,2.59314299e-03
1.920000,6.48998831e-02,5.73998831e-02,3.826659,-3.49893684e-02,2.58960055e-03
1.920500,6.48823874e-02,5.73823874e-02,3.825492,-3.49915036e-02,2.60437072e-03
1.921000,6.48648909e-02,5.73648909e-02,3.824326,-3.49929146e-02,2.62859509e-03
1.921500,6.48473961e-02,5.73473961e-02,3.823160,-3.49897582e-02,2.61646221e-03
1.922000,6.48299042e-02,5.73299042e-02,3.821994,-3.49836968e-02,2.61086853e-03
1.922500,6.48124141e-02,5.73124141e-02,3.820828,-3.49801224e-02,2.60832653e-03
1.923000,6.47949253e-02,5.72949253e-02,3.819662,-3.49776912e-02,2.62501976e-03
1.923500,6.47774382e-02,5.72774382e-02,3.818496,-3.49742014e-02,2.62299546e-03
1.924000,6.47599541e-02,5.72599541e-02,3.817330,-3.49681494e-02,2.61209212e-03
1.924500,6.47424724e-02,5.72424724e-02,3.816165,-3.49633939e-02,2.60128233e-03
1.925000,6.47249917e-02,5.72249917e-02,3.814999,-3.49613846e-02,2.60103420e-03
1.925500,6.47075112e-02,5.72075112e-02,3.813834,-3.49611723e-02,2.60574063e-03
1.926000,6.46900309e-02,5.71900309e-02,3.812669,-3.49605847e-02,2.61210066e-03
1.926500,6.46725515e-02,5.71725515e-02,3.811503,-3.49586618e-02,2.61221115e-03
1.927000,6.46550737e-02,5.71550737e-02,3.810338,-3.49556848e-02,2.60705347e-03
1.927500,6.46375971e-02,5.71375971e-02,3.809173,-3.49531457e-02,2.58536038e-03
1.928000,6.46201204e-02,5.71201204e-02,3.808008,-3.49533716e-02,2.58214937e-03
1.928500,6.46026417e-02,5.71026417e-02,3.806843,-3.49574436e-02,2.59638165e-03
1.929000,6.45851613e-02,5.70851613e-02,3.805677,-3.49607844e-02,2.59859561e-03
1.929500,6.45676805e-02,5.70676805e-02,3.804512,-3.49615925e-02,2.58788881e-03
1.930000,6.45501990e-02,5.70501990e-02,3.803347,-3.49629837e-02,2.57454918e-03
1.930500,6.45327154e-02,5.70327154e-02,3.802181,-3.49673125e-02,2.57005775e-03
1.931000,6.45152283e-02,5.70152283e-02,3.801015,-3.49742289e-02,2.60918151e-03
1.931500,6.44977390e-02,5.69977390e-02,3.799849,-3.49784236e-02,2.60778344e-03
1.932000,6.44802509e-02,5.69802509e-02,3.798683,-3.49763174e-02,2.59240410e-03
1.932500,6.44627630e-02,5.69627630e-02,3.797518,-3.49758006e-02,2.58072385e-03
1.933000,6.44452736e-02,5.69452736e-02,3.796352,-3.49788420e-02,2.58787689e-03
1.933500,6.44277820e-02,5.69277820e-02,3.795185,-3.49831690e-02,2.59830783e-03
1.934000,6.44102893e-02,5.69102893e-02,3.794019,-3.49853990e-02,2.59685551e-03
1.934500,6.43927963e-02,5.68927963e-02,3.792853,-3.49860446e-02,2.60693506e-03
1.935000,6.43753032e-02,5.68753032e-02,3.791687,-3.49860375e-02,2.59742819e-03
1.935500,6.43578106e-02,5.68578106e-02,3.790521,-3.49852158e-02,2.58545994e-03
1.936000,6.43403171e-02,5.68403171e-02,3.789354,-3.49870135e-02,2.58632339e-03
1.936500,6.43228218e-02,5.68228218e-02,3.788188,-3.49907001e-02,2.61603634e-03
1.937000,6.43053260e-02,5.68053260e-02,3.787022,-3.49916177e-02,2.62936408e-03
1.937500,6.42878327e-02,5.67878327e-02,3.785856,-3.49864777e-02,2.61088086e-03
1.938000,6.42703423e-02,5.67703423e-02,3.784689,-3.49807836e-02,2.59745661e-03
1.938500,6.42528527e-02,5.67528527e-02,3.783524,-3.49793115e-02,2.61322111e-03
1.939000,6.42353634e-02,5.67353634e-02,3.782358,-3.49786498e-02,2.62906955e-03
1.939500,6.42178764e-02,5.67178764e-02,3.781192,-3.49739982e-02,2.62448082e-03
1.940000,6.42003928e-02,5.67003928e-02,3.780026,-3.49671499e-02,2.59842227e-03
1.940500,6.41829111e-02,5.66829111e-02,3.778861,-3.49633592e-02,2.59582167e-03
1.941000,6.41654291e-02,5.66654291e-02,3.777695,-3.49640775e-02,2.60793272e-03
1.941500,6.41479470e-02,5.66479470e-02,3.776530,-3.49641519e-02,2.61479323e-03
1.942000,6.41304662e-02,5.66304662e-02,3.775364,-3.49616310e-02,2.61827102e-03
1.942500,6.41129873e-02,5.66129873e-02,3.774199,-3.49576760e-02,2.61555469e-03
1.943000,6.40955106e-02,5.65955106e-02,3.773034,-3.49533902e-02,2.59469871e-03
1.943500,6.40780349e-02,5.65780349e-02,3.771869,-3.49513944e-02,2.58697459e-03
1.944000,6.40605582e-02,5.65605582e-02,3.770704,-3.49535064e-02,2.58849159e-03
1.944500,6.40430798e-02,5.65430798e-02,3.769539,-3.49567525e-02,2.59027925e-03
1.945000,6.40256000e-02,5.65256000e-02,3.768373,-3.49595915e-02,2.60044991e-03
1.945500,6.40081194e-02,5.65081194e-02,3.767208,-3.49612377e-02,2.58697905e-03
1.946000,6.39906382e-02,5.64906382e-02,3.766043,-3.49624048e-02,2.56691397e-03
1.946500,6.39731544e-02,5.64731544e-02,3.764877,-3.49675581e-02,2.58409689e-03
1.947000,6.39556672e-02,5.64556672e-02,3.763711,-3.49744869e-02,2.60165696e-03
1.947500,6.39381787e-02,5.64381787e-02,3.762545,-3.49770416e-02,2.60049037e-03
1.948000,6.39206902e-02,5.64206902e-02,3.761379,-3.49768158e-02,2.58740361e-03
1.948500,6.39032013e-02,5.64032013e-02,3.760213,-3.49779388e-02,2.58232510e-03
1.949000,6.38857104e-02,5.63857104e-02,3.759047,-3.49816598e-02,2.59644410e-03
1.949500,6.38682180e-02,5.63682180e-02,3.757881,-3.49849662e-02,2.59400399e-03
1.950000,6.38507249e-02,5.63507249e-02,3.756715,-3.49861700e-02,2.59344751e-03
1.950500,6.38332310e-02,5.63332310e-02,3.755549,-3.49878237e-02,2.60811818e-03
1.951000,6.38157368e-02,5.63157368e-02,3.754382,-3.49882716e-02,2.59968304e-03
1.951500,6.37982433e-02,5.62982433e-02,3.753216,-3.49870563e-02,2.58102688e-03
1.952000,6.37807489e-02,5.62807489e-02,3.752050,-3.49888756e-02,2.59919169e-03
1.952500,6.37632528e-02,5.62632528e-02,3.750884,-3.49921523e-02,2.62075052e-03
1.953000,6.37457575e-02,5.62457575e-02,3.749717,-3.49905400e-02,2.62169357e-03
1.953500,6.37282649e-02,5.62282649e-02,3.748551,-3.49853042e-02,2.61556397e-03
1.954000,6.37107746e-02,5.62107746e-02,3.747385,-3.49804555e-02,2.60160826e-03
1.954500,6.36932857e-02,5.61932857e-02,3.746219,-3.49778473e-02,2.61892308e-03
1.955000,6.36757977e-02,5.61757977e-02,3.745053,-3.49759998e-02,2.63431483e-03
1.955500,6.36583127e-02,5.61583127e-02,3.743888,-3.49699481e-02,2.62131474e-03
1.956000,6.36408315e-02,5.61408315e-02,3.742722,-3.49625184e-02,2.59385158e-03
1.956500,6.36233517e-02,5.61233517e-02,3.741557,-3.49596518e-02,2.59844625e-03
1.957000,6.36058712e-02,5.61058712e-02,3.740391,-3.49608885e-02,2.59843057e-03
1.957500,6.35883905e-02,5.60883905e-02,3.739226,-3.49613721e-02,2.61990213e-03
1.958000,6.35709105e-02,5.60709105e-02,3.738061,-3.49599598e-02,2.60683043e-03
1.958500,6.35534325e-02,5.60534325e-02,3.736896,-3.49561775e-02,2.61562267e-03
1.959000,6.35359556e-02,5.60359556e-02,3.735730,-3.49537643e-02,2.59660145e-03
1.959500,6.35184798e-02,5.60184798e-02,3.734565,-3.49515891e-02,2.58654152e-03
1.960000,6.35010031e-02,5.60010031e-02,3.733400,-3.49534269e-02,2.58626733e-03
1.960500,6.34835246e-02,5.59835246e-02,3.732235,-3.49569408e-02,2.59123220e-03
1.961000,6.34660446e-02,5.59660446e-02,3.731070,-3.49600608e-02,2.59215336e-03
1.961500,6.34485634e-02,5.59485634e-02,3.729904,-3.49622841e-02,2.58596010e-03
1.962000,6.34310810e-02,5.59310810e-02,3.728739,-3.49649037e-02,2.57464217e-03
1.962500,6.34135962e-02,5.59135962e-02,3.727573,-3.49695410e-02,2.59849459e-03
1.963000,6.33961092e-02,5.58961092e-02,3.726407,-3.49739277e-02,2.60158173e-03
1.963500,6.33786222e-02,5.58786222e-02,3.725241,-3.49741248e-02,2.59911155e-03
1.964000,6.33611352e-02,5.58611352e-02,3.724076,-3.49740333e-02,2.58248228e-03
1.964500,6.33436472e-02,5.58436472e-02,3.722910,-3.49758179e-02,2.58556610e-03
1.965000,6.33261572e-02,5.58261572e-02,3.721744,-3.49800603e-02,2.59429224e-03
1.965500,6.33086657e-02,5.58086657e-02,3.720578,-3.49830249e-02,2.59054472e-03
1.966000,6.32911733e-02,5.57911733e-02,3.719412,-3.49848879e-02,2.60286985e-03
1.966500,6.32736801e-02,5.57736801e-02,3.718245,-3.49862765e-02,2.60734751e-03
1.967000,6.32561875e-02,5.57561875e-02,3.717079,-3.49852453e-02,2.59872575e-03
1.967500,6.32386954e-02,5.57386954e-02,3.715913,-3.49842412e-02,2.58402848e-03
1.968000,6.32212024e-02,5.57212024e-02,3.714747,-3.49859523e-02,2.59830442e-03
1.968500,6.32037080e-02,5.57037080e-02,3.713581,-3.49888146e-02,2.62269117e-03
1.969000,6.31862144e-02,5.56862144e-02,3.712414,-3.49871764e-02,2.61744156e-03
1.969500,6.31687234e-02,5.56687234e-02,3.711248,-3.49819979e-02,2.60723219e-03
1.970000,6.31512341e-02,5.56512341e-02,3.710082,-3.49785841e-02,2.59972030e-03
1.970500,6.31337454e-02,5.56337454e-02,3.708916,-3.49775110e-02,2.62746594e-03
1.971000,6.31162578e-02,5.56162578e-02,3.707751,-3.49752181e-02,2.62586563e-03
1.971500,6.30987735e-02,5.55987735e-02,3.706585,-3.49685107e-02,2.61206745e-03
1.972000,6.30812919e-02,5.55812919e-02,3.705419,-3.49632861e-02,2.58722892e-03
1.972500,6.30638106e-02,5.55638106e-02,3.704254,-3.49625235e-02,2.60962646e-03
1.973000,6.30463287e-02,5.55463287e-02,3.703089,-3.49638591e-02,2.60719218e-03
1.973500,6.30288478e-02,5.55288478e-02,3.701923,-3.49617322e-02,2.61955459e-03
1.974000,6.30113683e-02,5.55113683e-02,3.700758,-3.49589119e-02,2.61397079e-03
1.974500,6.29938911e-02,5.54938911e-02,3.699593,-3.49545553e-02,2.61683042e-03
1.975000,6.29764156e-02,5.54764156e-02,3.698428,-3.49508628e-02,2.58697654e-03
1.975500,6.29589410e-02,5.54589410e-02,3.697263,-3.49493403e-02,2.57637272e-03
1.976000,6.29414641e-02,5.54414641e-02,3.696098,-3.49536577e-02,2.58940159e-03
1.976500,6.29239848e-02,5.54239848e-02,3.694932,-3.49585643e-02,2.60111154e-03
1.977000,6.29065047e-02,5.54065047e-02,3.693767,-3.49602961e-02,2.59538345e-03
1.977500,6.28890244e-02,5.53890244e-02,3.692602,-3.49606115e-02,2.58410211e-03
1.978000,6.28715430e-02,5.53715430e-02,3.691436,-3.49628650e-02,2.56500730e-03
1.978500,6.28540586e-02,5.53540586e-02,3.690271,-3.49686593e-02,2.58864492e-03
1.979000,6.28365709e-02,5.53365709e-02,3.689105,-3.49754991e-02,2.60702884e-03
1.979500,6.28190825e-02,5.53190825e-02,3.687939,-3.49768319e-02,2.60186225e-03
1.980000,6.28015947e-02,5.53015947e-02,3.686773,-3.49756028e-02,2.57609453e-03
1.980500,6.27841059e-02,5.52841059e-02,3.685607,-3.49775004e-02,2.58901278e-03
1.981000,6.27666147e-02,5.52666147e-02,3.684441,-3.49824870e-02,2.59095653e-03
1.981500,6.27491221e-02,5.52491221e-02,3.683275,-3.49851806e-02,2.59500097e-03
1.982000,6.27316285e-02,5.52316285e-02,3.682109,-3.49871973e-02,2.60450667e-03
1.982500,6.27141346e-02,5.52141346e-02,3.680942,-3.49877094e-02,2.60388878e-03
1.983000,6.26966413e-02,5.51966413e-02,3.679776,-3.49867153e-02,2.59072306e-03
1.983500,6.26791478e-02,5.51791478e-02,3.678610,-3.49869867e-02,2.59317823e-03
1.984000,6.26616532e-02,5.51616532e-02,3.677444,-3.49892029e-02,2.59681359e-03
1.984500,6.26441578e-02,5.51441578e-02,3.676277,-3.49906946e-02,2.62927414e-03
1.985000,6.26266635e-02,5.51266635e-02,3.675111,-3.49887191e-02,2.61412041e-03
1.985500,6.26091721e-02,5.51091721e-02,3.673945,-3.49827533e-02,2.61254323e-03
1.986000,6.25916824e-02,5.50916824e-02,3.672779,-3.49794153e-02,2.60991584e-03
1.986500,6.25741941e-02,5.50741941e-02,3.671613,-3.49765685e-02,2.62420790e-03
1.987000,6.25567077e-02,5.50567077e-02,3.670447,-3.49728895e-02,2.62382954e-03
1.987500,6.25392242e-02,5.50392242e-02,3.669282,-3.49668972e-02,2.61240498e-03
1.988000,6.25217432e-02,5.50217432e-02,3.668116,-3.49619770e-02,2.60168841e-03
1.988500,6.25042633e-02,5.50042633e-02,3.666951,-3.49598805e-02,2.60306070e-03
1.989000,6.24867836e-02,5.49867836e-02,3.665786,-3.49594223e-02,2.60419645e-03
1.989500,6.24693042e-02,5.49693042e-02,3.664620,-3.49586384e-02,2.61468731e-03
1.990000,6.24518259e-02,5.49518259e-02,3.663455,-3.49567404e-02,2.60592866e-03
1.990500,6.24343489e-02,5.49343489e-02,3.662290,-3.49538941e-02,2.61509847e-03
1.991000,6.24168731e-02,5.49168731e-02,3.661125,-3.49516753e-02,2.59124098e-03
1.991500,6.23993981e-02,5.48993981e-02,3.659960,-3.49500602e-02,2.57689286e-03
1.992000,6.23819212e-02,5.48819212e-02,3.658795,-3.49536314e-02,2.58722952e-03
1.992500,6.23644419e-02,5.48644419e-02,3.657629,-3.49586446e-02,2.60083308e-03
1.993000,6.23469615e-02,5.48469615e-02,3.656464,-3.49607577e-02,2.59576444e-03
1.993500,6.23294810e-02,5.48294810e-02,3.655299,-3.49610851e-02,2.57888911e-03
1.994000,6.23119991e-02,5.48119991e-02,3.654133,-3.49637369e-02,2.56722444e-03
1.994500,6.22945140e-02,5.47945140e-02,3.652968,-3.49701912e-02,2.59981653e-03
1.995000,6.22770262e-02,5.47770262e-02,3.651802,-3.49756792e-02,2.61123416e-03
1.995500,6.22595388e-02,5.47595388e-02,3.650636,-3.49748057e-02,2.59503820e-03
1.996000,6.22420521e-02,5.47420521e-02,3.649470,-3.49734894e-02,2.58131668e-03
1.996500,6.22245640e-02,5.47245640e-02,3.648304,-3.49760458e-02,2.58689639e-03
1.997000,6.22070738e-02,5.47070738e-02,3.647138,-3.49803621e-02,2.59693974e-03
1.997500,6.21895824e-02,5.46895824e-02,3.645972,-3.49828741e-02,2.59279958e-03
1.998000,6.21720904e-02,5.46720904e-02,3.644806,-3.49841030e-02,2.60520711e-03
1.998500,6.21545979e-02,5.46545979e-02,3.643640,-3.49849147e-02,2.60210024e-03
1.999000,6.21371059e-02,5.46371059e-02,3.642474,-3.49839637e-02,2.59464706e-03
1.999500,6.21196138e-02,5.46196138e-02,3.641308,-3.49841818e-02,2.58717278e-03
2.000000,6.21021207e-02,5.46021207e-02,3.640141,-3.49862847e-02,2.60281934e-03
2.000500,6.20846266e-02,5.45846266e-02,3.638975,-3.49882315e-02,2.62967690e-03
2.001000,6.20671340e-02,5.45671340e-02,3.637809,-3.49852342e-02,2.61505534e-03
2.001500,6.20496444e-02,5.45496444e-02,3.636643,-3.49791196e-02,2.60047717e-03
2.002000,6.20321560e-02,5.45321560e-02,3.635477,-3.49766949e-02,2.61605371e-03
2.002500,6.20146684e-02,5.45146684e-02,3.634311,-3.49752868e-02,2.62192333e-03
2.003000,6.19971830e-02,5.44971830e-02,3.633146,-3.49708019e-02,2.62165634e-03
2.003500,6.19797003e-02,5.44797003e-02,3.631980,-3.49653769e-02,2.60139430e-03
2.004000,6.19622194e-02,5.44622194e-02,3.630815,-3.49617872e-02,2.59310201e-03
2.004500,6.19447383e-02,5.44447383e-02,3.629649,-3.49622578e-02,2.61260956e-03
2.005000,6.19272571e-02,5.44272571e-02,3.628484,-3.49623653e-02,2.61354728e-03
2.005500,6.19097775e-02,5.44097775e-02,3.627318,-3.49591866e-02,2.61422114e-03
2.006000,6.18922996e-02,5.43922996e-02,3.626153,-3.49557943e-02,2.61919702e-03
2.006500,6.18748237e-02,5.43748237e-02,3.624988,-3.49518515e-02,2.59834678e-03
2.007000,6.18573492e-02,5.43573492e-02,3.623823,-3.49489351e-02,2.58346104e-03
2.007500,6.18398738e-02,5.43398738e-02,3.622658,-3.49507586e-02,2.58896207e-03
2.008000,6.18223966e-02,5.43223966e-02,3.621493,-3.49545401e-02,2.60179264e-03
2.008500,6.18049184e-02,5.43049184e-02,3.620328,-3.49562838e-02,2.59997608e-03
2.009000,6.17874404e-02,5.42874404e-02,3.619163,-3.49560813e-02,2.57873493e-03
2.009500,6.17699614e-02,5.42699614e-02,3.617997,-3.49580552e-02,2.56510884e-03
2.010000,6.17524790e-02,5.42524790e-02,3.616832,-3.49647219e-02,2.58505320e-03
2.010500,6.17349931e-02,5.42349931e-02,3.615666,-3.49718626e-02,2.60399049e-03
2.011000,6.17175060e-02,5.42175060e-02,3.614500,-3.49740538e-02,2.60281748e-03
2.011500,6.17000194e-02,5.42000194e-02,3.613335,-3.49732392e-02,2.58570017e-03
2.012000,6.16825324e-02,5.41825324e-02,3.612169,-3.49741306e-02,2.57950724e-03
2.012500,6.16650432e-02,5.41650432e-02,3.611003,-3.49783804e-02,2.59591860e-03
2.013000,6.16475521e-02,5.41475521e-02,3.609837,-3.49821961e-02,2.59638357e-03
2.013500,6.16300604e-02,5.41300604e-02,3.608671,-3.49832758e-02,2.59116210e-03
2.014000,6.16125681e-02,5.41125681e-02,3.607505,-3.49847408e-02,2.60874383e-03
2.014500,6.15950753e-02,5.40950753e-02,3.606338,-3.49855086e-02,2.59876681e-03
2.015000,6.15775832e-02,5.40775832e-02,3.605172,-3.49842716e-02,2.58144760e-03
2.015500,6.15600901e-02,5.40600901e-02,3.604006,-3.49862042e-02,2.60251892e-03
2.016000,6.15425955e-02,5.40425955e-02,3.602840,-3.49891176e-02,2.61724968e-03
2.016500,6.15251019e-02,5.40251019e-02,3.601673,-3.49872685e-02,2.62582389e-03
2.017000,6.15076108e-02,5.40076108e-02,3.600507,-3.49822424e-02,2.61414008e-03
2.017500,6.14901223e-02,5.39901223e-02,3.599341,-3.49768413e-02,2.59860255e-03
2.018000,6.14726350e-02,5.39726350e-02,3.598176,-3.49747327e-02,2.61206119e-03
2.018500,6.14551480e-02,5.39551480e-02,3.597010,-3.49739855e-02,2.63490801e-03
2.019000,6.14376635e-02,5.39376635e-02,3.595844,-3.49690081e-02,2.62192998e-03
2.019500,6.14201828e-02,5.39201828e-02,3.594679,-3.49614266e-02,2.59955974e-03
2.020000,6.14027038e-02,5.39027038e-02,3.593514,-3.49579542e-02,2.60002375e-03
2.020500,6.13852247e-02,5.38852247e-02,3.592348,-3.49581141e-02,2.60049805e-03
2.021000,6.13677457e-02,5.38677457e-02,3.591183,-3.49581559e-02,2.61806887e-03
2.021500,6.13502674e-02,5.38502674e-02,3.590018,-3.49565662e-02,2.60931182e-03
2.022000,6.13327909e-02,5.38327909e-02,3.588853,-3.49528655e-02,2.61189652e-03
2.022500,6.13153157e-02,5.38153157e-02,3.587688,-3.49503743e-02,2.59859320e-03
2.023000,6.12978414e-02,5.37978414e-02,3.586523,-3.49486349e-02,2.58739743e-03
2.023500,6.12803664e-02,5.37803664e-02,3.585358,-3.49500699e-02,2.58603276e-03
2.024000,6.12628897e-02,5.37628897e-02,3.584193,-3.49534641e-02,2.58716317e-03
2.024500,6.12454112e-02,5.37454112e-02,3.583027,-3.49569823e-02,2.59337834e-03
2.025000,6.12279313e-02,5.37279313e-02,3.581862,-3.49597654e-02,2.59063833e-03
2.025500,6.12104504e-02,5.37104504e-02,3.580697,-3.49617702e-02,2.57420255e-03
2.026000,6.11929676e-02,5.36929676e-02,3.579531,-3.49656782e-02,2.59756839e-03
2.026500,6.11754825e-02,5.36754825e-02,3.578366,-3.49702191e-02,2.59981197e-03
2.027000,6.11579971e-02,5.36579971e-02,3.577200,-3.49707247e-02,2.59515366e-03
2.027500,6.11405115e-02,5.36405115e-02,3.576034,-3.49712738e-02,2.58751646e-03
2.028000,6.11230248e-02,5.36230248e-02,3.574868,-3.49732631e-02,2.58581791e-03
2.028500,6.11055365e-02,5.36055365e-02,3.573702,-3.49766567e-02,2.59549134e-03
2.029000,6.10880468e-02,5.35880468e-02,3.572536,-3.49794739e-02,2.59017772e-03
2.029500,6.10705562e-02,5.35705562e-02,3.571370,-3.49811724e-02,2.60030254e-03
2.030000,6.10530647e-02,5.35530647e-02,3.570204,-3.49828483e-02,2.61074853e-03
2.030500,6.10355738e-02,5.35355738e-02,3.569038,-3.49819380e-02,2.59941612e-03
2.031000,6.10180836e-02,5.35180836e-02,3.567872,-3.49803143e-02,2.57731792e-03
2.031500,6.10005924e-02,5.35005924e-02,3.566706,-3.49825054e-02,2.59376679e-03
2.032000,6.09830989e-02,5.34830989e-02,3.565540,-3.49868709e-02,2.62820596e-03
2.032500,6.09656062e-02,5.34656062e-02,3.564374,-3.49854902e-02,2.61953677e-03
2.033000,6.09481166e-02,5.34481166e-02,3.563208,-3.49792208e-02,2.60719028e-03
2.033500,6.09306288e-02,5.34306288e-02,3.562042,-3.49754667e-02,2.59706799e-03
2.034000,6.09131415e-02,5.34131415e-02,3.560876,-3.49746350e-02,2.62355327e-03
2.034500,6.08956550e-02,5.33956550e-02,3.559710,-3.49731236e-02,2.62790007e-03
2.035000,6.08781715e-02,5.33781715e-02,3.558545,-3.49668788e-02,2.61505445e-03
2.035500,6.08606910e-02,5.33606910e-02,3.557379,-3.49610560e-02,2.58792520e-03
2.036000,6.08432111e-02,5.33432111e-02,3.556214,-3.49597413e-02,2.61074629e-03
2.036500,6.08257307e-02,5.33257307e-02,3.555049,-3.49608636e-02,2.60332046e-03
2.037000,6.08082512e-02,5.33082512e-02,3.553883,-3.49588951e-02,2.61984841e-03
2.037500,6.07907729e-02,5.32907729e-02,3.552718,-3.49566846e-02,2.61471257e-03
2.038000,6.07732968e-02,5.32732968e-02,3.551553,-3.49522142e-02,2.61819181e-03
2.038500,6.07558227e-02,5.32558227e-02,3.550388,-3.49482795e-02,2.58942147e-03
2.039000,6.07383495e-02,5.32383495e-02,3.549223,-3.49463173e-02,2.57895067e-03
2.039500,6.07208745e-02,5.32208745e-02,3.548058,-3.49500053e-02,2.58819732e-03
2.040000,6.07033972e-02,5.32033972e-02,3.546893,-3.49545950e-02,2.59852706e-03
2.040500,6.06859188e-02,5.31859188e-02,3.545728,-3.49567531e-02,2.59292853e-03
2.041000,6.06684400e-02,5.31684400e-02,3.544563,-3.49577099e-02,2.58474108e-03
2.041500,6.06509598e-02,5.31509598e-02,3.543397,-3.49603100e-02,2.57109622e-03
2.042000,6.06334771e-02,5.31334771e-02,3.542232,-3.49654610e-02,2.59461201e-03
2.042500,6.06159917e-02,5.31159917e-02,3.541066,-3.49707734e-02,2.59596440e-03
2.043000,6.05985056e-02,5.30985056e-02,3.539900,-3.49721047e-02,2.60068452e-03
2.043500,6.05810192e-02,5.30810192e-02,3.538735,-3.49727965e-02,2.57743110e-03
2.044000,6.05635319e-02,5.30635319e-02,3.537569,-3.49747694e-02,2.59448343e-03
2.044500,6.05460423e-02,5.30460423e-02,3.536403,-3.49790528e-02,2.60083539e-03
2.045000,6.05285523e-02,5.30285523e-02,3.535237,-3.49799746e-02,2.59073582e-03
2.045500,6.05110620e-02,5.30110620e-02,3.534071,-3.49807462e-02,2.59195941e-03
2.046000,6.04935704e-02,5.29935704e-02,3.532905,-3.49830681e-02,2.60561220e-03
2.046500,6.04760785e-02,5.29760785e-02,3.531739,-3.49839820e-02,2.59550668e-03
2.047000,6.04585867e-02,5.29585867e-02,3.530572,-3.49835474e-02,2.59322975e-03
2.047500,6.04410942e-02,5.29410942e-02,3.529406,-3.49849736e-02,2.59682950e-03
2.048000,6.04236010e-02,5.29236010e-02,3.528240,-3.49864554e-02,2.62634611e-03
2.048500,6.04061086e-02,5.29061086e-02,3.527074,-3.49847362e-02,2.61509060e-03
2.049000,6.03886190e-02,5.28886190e-02,3.525908,-3.49791654e-02,2.61515847e-03
2.049500,6.03711313e-02,5.28711313e-02,3.524742,-3.49754368e-02,2.60476842e-03
2.050000,6.03536450e-02,5.28536450e-02,3.523576,-3.49726158e-02,2.62496554e-03
2.050500,6.03361601e-02,5.28361601e-02,3.522411,-3.49697150e-02,2.62555597e-03
2.051000,6.03186784e-02,5.28186784e-02,3.521245,-3.49634456e-02,2.61344063e-03
2.051500,6.03011993e-02,5.28011993e-02,3.520080,-3.49581504e-02,2.59056880e-03
2.052000,6.02837209e-02,5.27837209e-02,3.518915,-3.49568670e-02,2.60562786e-03
2.052500,6.02662419e-02,5.27662419e-02,3.517749,-3.49580078e-02,2.60726434e-03
2.053000,6.02487636e-02,5.27487636e-02,3.516584,-3.49565310e-02,2.61608400e-03
2.053500,6.02312866e-02,5.27312866e-02,3.515419,-3.49540058e-02,2.60865050e-03
2.054000,6.02138113e-02,5.27138113e-02,3.514254,-3.49506895e-02,2.61621313e-03
2.054500,6.01963373e-02,5.26963373e-02,3.513089,-3.49479252e-02,2.59825475e-03
2.055000,6.01788646e-02,5.26788646e-02,3.511924,-3.49455069e-02,2.57622994e-03
2.055500,6.01613906e-02,5.26613906e-02,3.510759,-3.49479849e-02,2.58373293e-03
2.056000,6.01439139e-02,5.26439139e-02,3.509594,-3.49534162e-02,2.59439794e-03
2.056500,6.01264355e-02,5.26264355e-02,3.508429,-3.49566724e-02,2.59630105e-03
2.057000,6.01089565e-02,5.26089565e-02,3.507264,-3.49580091e-02,2.58127774e-03
2.057500,6.00914763e-02,5.25914763e-02,3.506098,-3.49603616e-02,2.56968018e-03
2.058000,6.00739932e-02,5.25739932e-02,3.504933,-3.49662065e-02,2.59957701e-03
2.058500,6.00565076e-02,5.25565076e-02,3.503767,-3.49713124e-02,2.61070335e-03
2.059000,6.00390223e-02,5.25390223e-02,3.502601,-3.49705252e-02,2.59546646e-03
2.059500,6.00215377e-02,5.25215377e-02,3.501436,-3.49692582e-02,2.57765694e-03
2.060000,6.00040517e-02,5.25040517e-02,3.500270,-3.49720679e-02,2.58589277e-03
2.060500,5.99865631e-02,5.24865631e-02,3.499104,-3.49770739e-02,2.59925611e-03
2.061000,5.99690733e-02,5.24690733e-02,3.497938,-3.49795459e-02,2.59299422e-03
2.061500,5.99515832e-02,5.24515832e-02,3.496772,-3.49803772e-02,2.60654926e-03
2.062000,5.99340926e-02,5.24340926e-02,3.495606,-3.49810383e-02,2.60092693e-03
2.062500,5.99166027e-02,5.24166027e-02,3.494440,-3.49799706e-02,2.59502689e-03
2.063000,5.98991125e-02,5.23991125e-02,3.493274,-3.49803478e-02,2.58594748e-03
2.063500,5.98816212e-02,5.23816212e-02,3.492108,-3.49824967e-02,2.60387733e-03
2.064000,5.98641290e-02,5.23641290e-02,3.490942,-3.49845511e-02,2.62576785e-03
2.064500,5.98466381e-02,5.23466381e-02,3.489776,-3.49817257e-02,2.61313288e-03
2.065000,5.98291499e-02,5.23291499e-02,3.488610,-3.49764230e-02,2.60382144e-03
2.065500,5.98116629e-02,5.23116629e-02,3.487444,-3.49740183e-02,2.61481174e-03
2.066000,5.97941768e-02,5.22941768e-02,3.486278,-3.49721709e-02,2.62468599e-03
2.066500,5.97766930e-02,5.22766930e-02,3.485113,-3.49676457e-02,2.61904053e-03
2.067000,5.97592120e-02,5.22592120e-02,3.483947,-3.49619982e-02,2.60319381e-03
2.067500,5.97417326e-02,5.22417326e-02,3.482782,-3.49586789e-02,2.60002778e-03
2.068000,5.97242535e-02,5.22242535e-02,3.481617,-3.49582417e-02,2.60997574e-03
2.068500,5.97067748e-02,5.22067748e-02,3.480452,-3.49574449e-02,2.61042128e-03
2.069000,5.96892973e-02,5.21892973e-02,3.479286,-3.49549750e-02,2.61518920e-03
2.069500,5.96718213e-02,5.21718213e-02,3.478121,-3.49520105e-02,2.61844031e-03
2.070000,5.96543473e-02,5.21543473e-02,3.476956,-3.49479755e-02,2.60748922e-03
2.070500,5.96368751e-02,5.21368751e-02,3.475792,-3.49443750e-02,2.58550632e-03
2.071000,5.96194029e-02,5.21194029e-02,3.474627,-3.49445165e-02,2.57396052e-03
2.071500,5.96019282e-02,5.21019282e-02,3.473462,-3.49492886e-02,2.60193803e-03
2.072000,5.95844515e-02,5.20844515e-02,3.472297,-3.49534828e-02,2.60361166e-03
2.072500,5.95669750e-02,5.20669750e-02,3.471132,-3.49529349e-02,2.58307787e-03
2.073000,5.95494980e-02,5.20494980e-02,3.469967,-3.49539279e-02,2.56769066e-03
2.073500,5.95320182e-02,5.20320182e-02,3.468801,-3.49596531e-02,2.57657153e-03
2.074000,5.95145347e-02,5.20145347e-02,3.467636,-3.49671198e-02,2.60327983e-03
2.074500,5.94970493e-02,5.19970493e-02,3.466470,-3.49707666e-02,2.60764459e-03
2.075000,5.94795644e-02,5.19795644e-02,3.465304,-3.49696418e-02,2.58915386e-03
2.075500,5.94620797e-02,5.19620797e-02,3.464139,-3.49694353e-02,2.57619828e-03
2.076000,5.94445930e-02,5.19445930e-02,3.462973,-3.49734105e-02,2.58629734e-03
2.076500,5.94271037e-02,5.19271037e-02,3.461807,-3.49786203e-02,2.59853393e-03
2.077000,5.94096132e-02,5.19096132e-02,3.460641,-3.49810897e-02,2.59591538e-03
2.077500,5.93921223e-02,5.18921223e-02,3.459475,-3.49817813e-02,2.60711569e-03
2.078000,5.93746313e-02,5.18746313e-02,3.458309,-3.49819126e-02,2.59923952e-03
2.078500,5.93571409e-02,5.18571409e-02,3.457143,-3.49809011e-02,2.58572845e-03
2.079000,5.93396497e-02,5.18396497e-02,3.455977,-3.49823776e-02,2.59372129e-03
2.079500,5.93221570e-02,5.18221570e-02,3.454810,-3.49853659e-02,2.61217550e-03
2.080000,5.93046643e-02,5.18046643e-02,3.453644,-3.49854101e-02,2.62903136e-03
2.080500,5.92871738e-02,5.17871738e-02,3.452478,-3.49809336e-02,2.62140038e-03
2.081000,5.92696866e-02,5.17696866e-02,3.451312,-3.49743639e-02,2.60216220e-03
2.081500,5.92522013e-02,5.17522013e-02,3.450147,-3.49707484e-02,2.60650425e-03
2.082000,5.92347163e-02,5.17347163e-02,3.448981,-3.49699079e-02,2.62869224e-03
2.082500,5.92172331e-02,5.17172331e-02,3.447816,-3.49663927e-02,2.62997934e-03
2.083000,5.91997536e-02,5.16997536e-02,3.446650,-3.49591201e-02,2.60541796e-03
2.083500,5.91822767e-02,5.16822767e-02,3.445485,-3.49538080e-02,2.59491502e-03
2.084000,5.91647999e-02,5.16647999e-02,3.444320,-3.49534576e-02,2.59818530e-03
2.084500,5.91473227e-02,5.16473227e-02,3.443155,-3.49545428e-02,2.61526717e-03
2.085000,5.91298459e-02,5.16298459e-02,3.441990,-3.49535806e-02,2.61353069e-03
2.085500,5.91123709e-02,5.16123709e-02,3.440825,-3.49499670e-02,2.61371906e-03
2.086000,5.90948976e-02,5.15948976e-02,3.439660,-3.49466218e-02,2.59762879e-03
2.086500,5.90774252e-02,5.15774252e-02,3.438495,-3.49446684e-02,2.58842853e-03
2.087000,5.90599522e-02,5.15599522e-02,3.437330,-3.49461706e-02,2.59016339e-03
2.087500,5.90424776e-02,5.15424776e-02,3.436165,-3.49490302e-02,2.58897777e-03
2.088000,5.90250018e-02,5.15250018e-02,3.435000,-3.49517098e-02,2.59540879e-03
2.088500,5.90075248e-02,5.15075248e-02,3.433835,-3.49540154e-02,2.58619679e-03
2.089000,5.89900467e-02,5.14900467e-02,3.432670,-3.49560795e-02,2.57244358e-03
2.089500,5.89725663e-02,5.14725663e-02,3.431504,-3.49608723e-02,2.59079882e-03
2.090000,5.89550831e-02,5.14550831e-02,3.430339,-3.49663006e-02,2.60414660e-03
2.090500,5.89375994e-02,5.14375994e-02,3.429173,-3.49675345e-02,2.59575609e-03
2.091000,5.89201157e-02,5.14201157e-02,3.428008,-3.49673186e-02,2.58838014e-03
2.091500,5.89026312e-02,5.14026312e-02,3.426842,-3.49691326e-02,2.58543177e-03
2.092000,5.88851449e-02,5.13851449e-02,3.425676,-3.49724185e-02,2.59380669e-03
2.092500,5.88676572e-02,5.13676572e-02,3.424510,-3.49754481e-02,2.59120636e-03
2.093000,5.88501686e-02,5.13501686e-02,3.423345,-3.49773323e-02,2.60344308e-03
2.093500,5.88326793e-02,5.13326793e-02,3.422179,-3.49785616e-02,2.60949500e-03
2.094000,5.88151907e-02,5.13151907e-02,3.421013,-3.49772464e-02,2.59820662e-03
2.094500,5.87977027e-02,5.12977027e-02,3.419847,-3.49759355e-02,2.57835889e-03
2.095000,5.87802136e-02,5.12802136e-02,3.418681,-3.49782332e-02,2.59051614e-03
2.095500,5.87627222e-02,5.12627222e-02,3.417515,-3.49827151e-02,2.62480611e-03
2.096000,5.87452311e-02,5.12452311e-02,3.416349,-3.49821688e-02,2.62083218e-03
2.096500,5.87277430e-02,5.12277430e-02,3.415183,-3.49763432e-02,2.60833249e-03
2.097000,5.87102568e-02,5.12102568e-02,3.414017,-3.49722754e-02,2.59905289e-03
2.097500,5.86927713e-02,5.11927713e-02,3.412851,-3.49710806e-02,2.62436153e-03
2.098000,5.86752867e-02,5.11752867e-02,3.411686,-3.49691718e-02,2.63363959e-03
2.098500,5.86578055e-02,5.11578055e-02,3.410520,-3.49622868e-02,2.61158471e-03
2.099000,5.86403276e-02,5.11403276e-02,3.409355,-3.49558283e-02,2.58640466e-03
2.099500,5.86228500e-02,5.11228500e-02,3.408190,-3.49552178e-02,2.60719220e-03
2.100000,5.86053716e-02,5.11053716e-02,3.407025,-3.49569041e-02,2.60888383e-03
2.100500,5.85878941e-02,5.10878941e-02,3.405860,-3.49550273e-02,2.62022756e-03
2.101000,5.85704181e-02,5.10704181e-02,3.404695,-3.49518697e-02,2.60687990e-03
2.101500,5.85529441e-02,5.10529441e-02,3.403530,-3.49480296e-02,2.61673665e-03
2.102000,5.85354714e-02,5.10354714e-02,3.402365,-3.49455097e-02,2.59402252e-03
2.102500,5.85179997e-02,5.10179997e-02,3.401200,-3.49433797e-02,2.58477794e-03
2.103000,5.85005268e-02,5.10005268e-02,3.400035,-3.49457969e-02,2.58562463e-03
2.103500,5.84830519e-02,5.09830519e-02,3.398870,-3.49496572e-02,2.59497060e-03
2.104000,5.84655757e-02,5.09655757e-02,3.397705,-3.49525522e-02,2.59293349e-03
2.104500,5.84480986e-02,5.09480986e-02,3.396540,-3.49540926e-02,2.58877120e-03
2.105000,5.84306204e-02,5.09306204e-02,3.395375,-3.49563355e-02,2.56748391e-03
2.105500,5.84131399e-02,5.09131399e-02,3.394209,-3.49611442e-02,2.59161199e-03
2.106000,5.83956562e-02,5.08956562e-02,3.393044,-3.49673149e-02,2.59931390e-03
2.106500,5.83781718e-02,5.08781718e-02,3.391878,-3.49688427e-02,2.60380511e-03
2.107000,5.83606874e-02,5.08606874e-02,3.390712,-3.49687086e-02,2.58039305e-03
2.107500,5.83432025e-02,5.08432025e-02,3.389547,-3.49699071e-02,2.58587927e-03
2.108000,5.83257153e-02,5.08257153e-02,3.388381,-3.49744650e-02,2.60060706e-03
2.108500,5.83082268e-02,5.08082268e-02,3.387215,-3.49768198e-02,2.58891137e-03
2.109000,5.82907380e-02,5.07907380e-02,3.386049,-3.49777903e-02,2.59423656e-03
2.109500,5.82732478e-02,5.07732478e-02,3.384883,-3.49802104e-02,2.60754198e-03
2.110000,5.82557576e-02,5.07557576e-02,3.383717,-3.49805797e-02,2.59696505e-03
2.110500,5.82382677e-02,5.07382677e-02,3.382551,-3.49796993e-02,2.59375708e-03
2.111000,5.82207773e-02,5.07207773e-02,3.381385,-3.49808394e-02,2.59757679e-03
2.111500,5.82032862e-02,5.07032862e-02,3.380219,-3.49821685e-02,2.62379514e-03
2.112000,5.81857959e-02,5.06857959e-02,3.379053,-3.49805522e-02,2.61675618e-03
2.112500,5.81683083e-02,5.06683083e-02,3.377887,-3.49752530e-02,2.61516792e-03
2.113000,5.81508227e-02,5.06508227e-02,3.376722,-3.49712501e-02,2.59789498e-03
2.113500,5.81333382e-02,5.06333382e-02,3.375556,-3.49690352e-02,2.62769869e-03
2.114000,5.81158546e-02,5.06158546e-02,3.374390,-3.49670215e-02,2.62932316e-03
2.114500,5.80983747e-02,5.05983747e-02,3.373225,-3.49599702e-02,2.61915686e-03
2.115000,5.80808979e-02,5.05808979e-02,3.372060,-3.49535510e-02,2.59035501e-03
2.115500,5.80634222e-02,5.05634222e-02,3.370895,-3.49513478e-02,2.59960052e-03
2.116000,5.80459457e-02,5.05459457e-02,3.369730,-3.49530566e-02,2.60252911e-03
2.116500,5.80284692e-02,5.05284692e-02,3.368565,-3.49529883e-02,2.62035386e-03
2.117000,5.80109938e-02,5.05109938e-02,3.367400,-3.49508630e-02,2.60629041e-03
2.117500,5.79935202e-02,5.04935202e-02,3.366235,-3.49470543e-02,2.61802845e-03
2.118000,5.79760480e-02,5.04760480e-02,3.365070,-3.49445170e-02,2.59100598e-03
2.118500,5.79585768e-02,5.04585768e-02,3.363905,-3.49424416e-02,2.58159517e-03
2.119000,5.79411039e-02,5.04411039e-02,3.362740,-3.49456355e-02,2.58537401e-03
2.119500,5.79236289e-02,5.04236289e-02,3.361575,-3.49500407e-02,2.59817080e-03
2.120000,5.79061526e-02,5.04061526e-02,3.360410,-3.49526938e-02,2.59748155e-03
2.120500,5.78886759e-02,5.03886759e-02,3.359245,-3.49533066e-02,2.58373551e-03
2.121000,5.78711983e-02,5.03711983e-02,3.358080,-3.49552480e-02,2.56958567e-03
2.121500,5.78537179e-02,5.03537179e-02,3.356915,-3.49606977e-02,2.59761479e-03
2.122000,5.78362349e-02,5.03362349e-02,3.355749,-3.49659925e-02,2.60701400e-03
2.122500,5.78187520e-02,5.03187520e-02,3.354583,-3.49658537e-02,2.59694085e-03
2.123000,5.78012695e-02,5.03012695e-02,3.353418,-3.49650622e-02,2.57824406e-03
2.123500,5.77837857e-02,5.02837857e-02,3.352252,-3.49675779e-02,2.58665167e-03
2.124000,5.77662995e-02,5.02662995e-02,3.351087,-3.49724204e-02,2.59571632e-03
2.124500,5.77488119e-02,5.02488119e-02,3.349921,-3.49750807e-02,2.59830480e-03
2.125000,5.77313239e-02,5.02313239e-02,3.348755,-3.49760238e-02,2.60383556e-03
2.125500,5.77138359e-02,5.02138359e-02,3.347589,-3.49760527e-02,2.60322132e-03
2.126000,5.76963483e-02,5.01963483e-02,3.346423,-3.49752278e-02,2.59375319e-03
2.126500,5.76788606e-02,5.01788606e-02,3.345257,-3.49753409e-02,2.58710604e-03
2.127000,5.76613718e-02,5.01613718e-02,3.344091,-3.49775964e-02,2.59740343e-03
2.127500,5.76438818e-02,5.01438818e-02,3.342925,-3.49800330e-02,2.62235338e-03
2.128000,5.76263925e-02,5.01263925e-02,3.341760,-3.49785726e-02,2.61381895e-03
2.128500,5.76089056e-02,5.01089056e-02,3.340594,-3.49737699e-02,2.60707643e-03
2.129000,5.75914202e-02,5.00914202e-02,3.339428,-3.49709648e-02,2.61144835e-03
2.129500,5.75739357e-02,5.00739357e-02,3.338262,-3.49688802e-02,2.62394620e-03
2.130000,5.75564532e-02,5.00564532e-02,3.337097,-3.49649727e-02,2.62175706e-03
2.130500,5.75389736e-02,5.00389736e-02,3.335932,-3.49592065e-02,2.60412952e-03
2.131000,5.75214959e-02,5.00214959e-02,3.334766,-3.49553585e-02,2.60013410e-03
2.131500,5.75040186e-02,5.00040186e-02,3.333601,-3.49547582e-02,2.61092066e-03
2.132000,5.74865416e-02,4.99865416e-02,3.332436,-3.49538603e-02,2.60913149e-03
2.132500,5.74690660e-02,4.99690660e-02,3.331271,-3.49513494e-02,2.61561819e-03
2.133000,5.74515917e-02,4.99515917e-02,3.330106,-3.49485587e-02,2.61362411e-03
2.133500,5.74341192e-02,4.99341192e-02,3.328941,-3.49448792e-02,2.61019009e-03
2.134000,5.74166483e-02,4.99166483e-02,3.327777,-3.49418307e-02,2.58667379e-03
2.134500,5.73991776e-02,4.98991776e-02,3.326612,-3.49414254e-02,2.57750309e-03
2.135000,5.73817048e-02,4.98817048e-02,3.325447,-3.49456926e-02,2.59444637e-03
2.135500,5.73642298e-02,4.98642298e-02,3.324282,-3.49499675e-02,2.60294561e-03
2.136000,5.73467544e-02,4.98467544e-02,3.323117,-3.49507087e-02,2.59040095e-03
2.136500,5.73292789e-02,4.98292789e-02,3.321952,-3.49511635e-02,2.57384609e-03
2.137000,5.73118013e-02,4.98118013e-02,3.320787,-3.49551420e-02,2.57350450e-03
2.137500,5.72943203e-02,4.97943203e-02,3.319621,-3.49618691e-02,2.59250072e-03
2.138000,5.72768369e-02,4.97768369e-02,3.318456,-3.49669726e-02,2.61158508e-03
2.138500,5.72593532e-02,4.97593532e-02,3.317290,-3.49672694e-02,2.59387546e-03
2.139000,5.72418702e-02,4.97418702e-02,3.316125,-3.49659983e-02,2.57625974e-03
2.139500,5.72243856e-02,4.97243856e-02,3.314959,-3.49691928e-02,2.59097991e-03
2.140000,5.72068986e-02,4.97068986e-02,3.313793,-3.49739784e-02,2.59606856e-03
2.140500,5.71894107e-02,4.96894107e-02,3.312627,-3.49758969e-02,2.59004924e-03
2.141000,5.71719219e-02,4.96719219e-02,3.311461,-3.49775121e-02,2.60148461e-03
2.141500,5.71544324e-02,4.96544324e-02,3.310295,-3.49791045e-02,2.60317180e-03
2.142000,5.71369430e-02,4.96369430e-02,3.309130,-3.49786700e-02,2.59285762e-03
2.142500,5.71194536e-02,4.96194536e-02,3.307964,-3.49788704e-02,2.59314541e-03
2.143000,5.71019632e-02,4.96019632e-02,3.306798,-3.49807390e-02,2.60320229e-03
2.143500,5.70844724e-02,4.95844724e-02,3.305631,-3.49816712e-02,2.63086418e-03
2.144000,5.70669832e-02,4.95669832e-02,3.304466,-3.49785061e-02,2.61449698e-03
2.144500,5.70494970e-02,4.95494970e-02,3.303300,-3.49722458e-02,2.60910667e-03
2.145000,5.70320125e-02,4.95320125e-02,3.302134,-3.49691498e-02,2.61450511e-03
2.145500,5.70145292e-02,4.95145292e-02,3.300969,-3.49664616e-02,2.62109574e-03
2.146000,5.69970481e-02,4.94970481e-02,3.299803,-3.49623042e-02,2.62536898e-03
2.146500,5.69795697e-02,4.94795697e-02,3.298638,-3.49566868e-02,2.60888015e-03
2.147000,5.69620938e-02,4.94620938e-02,3.297473,-3.49518255e-02,2.59502437e-03
2.147500,5.69446184e-02,4.94446184e-02,3.296308,-3.49508970e-02,2.60164076e-03
2.148000,5.69271425e-02,4.94271425e-02,3.295143,-3.49516587e-02,2.61171697e-03
2.148500,5.69096673e-02,4.94096673e-02,3.293978,-3.49504430e-02,2.60906864e-03
2.149000,5.68921934e-02,4.93921934e-02,3.292813,-3.49478068e-02,2.61944352e-03
2.149500,5.68747211e-02,4.93747211e-02,3.291648,-3.49446882e-02,2.60024608e-03
2.150000,5.68572503e-02,4.93572503e-02,3.290483,-3.49415634e-02,2.58745380e-03
2.150500,5.68397789e-02,4.93397789e-02,3.289319,-3.49427221e-02,2.59132279e-03
2.151000,5.68223061e-02,4.93223061e-02,3.288154,-3.49456392e-02,2.59268249e-03
2.151500,5.68048322e-02,4.93048322e-02,3.286989,-3.49478008e-02,2.59719850e-03
2.152000,5.67873575e-02,4.92873575e-02,3.285824,-3.49493398e-02,2.58383111e-03
2.152500,5.67698819e-02,4.92698819e-02,3.284659,-3.49513192e-02,2.57251747e-03
2.153000,5.67524036e-02,4.92524036e-02,3.283494,-3.49564940e-02,2.57983966e-03
2.153500,5.67349222e-02,4.92349222e-02,3.282328,-3.49628791e-02,2.60795261e-03
2.154000,5.67174394e-02,4.92174394e-02,3.281163,-3.49655761e-02,2.60205890e-03
2.154500,5.66999573e-02,4.91999573e-02,3.279997,-3.49641779e-02,2.58995449e-03
2.155000,5.66824749e-02,4.91824749e-02,3.278832,-3.49648178e-02,2.58357277e-03
2.155500,5.66649909e-02,4.91649909e-02,3.277666,-3.49680095e-02,2.59100377e-03
2.156000,5.66475051e-02,4.91475051e-02,3.276500,-3.49715921e-02,2.59838076e-03
2.156500,5.66300185e-02,4.91300185e-02,3.275335,-3.49733023e-02,2.59569809e-03
2.157000,5.66125314e-02,4.91125314e-02,3.274169,-3.49740383e-02,2.60838426e-03
2.157500,5.65950444e-02,4.90950444e-02,3.273003,-3.49740931e-02,2.59876406e-03
2.158000,5.65775579e-02,4.90775579e-02,3.271837,-3.49729153e-02,2.58145134e-03
2.158500,5.65600705e-02,4.90600705e-02,3.270671,-3.49748480e-02,2.59204021e-03
2.159000,5.65425812e-02,4.90425812e-02,3.269505,-3.49786874e-02,2.62247094e-03
2.159500,5.65250921e-02,4.90250921e-02,3.268339,-3.49780973e-02,2.62517786e-03
2.160000,5.65076060e-02,4.90076060e-02,3.267174,-3.49722709e-02,2.60781279e-03
2.160500,5.64901222e-02,4.89901222e-02,3.266008,-3.49675354e-02,2.59268449e-03
2.161000,5.64726387e-02,4.89726387e-02,3.264843,-3.49669891e-02,2.61470704e-03
2.161500,5.64551552e-02,4.89551552e-02,3.263677,-3.49669796e-02,2.63325324e-03
2.162000,5.64376744e-02,4.89376744e-02,3.262512,-3.49617141e-02,2.61877497e-03
2.162500,5.64201970e-02,4.89201970e-02,3.261346,-3.49546833e-02,2.59266866e-03
2.163000,5.64027209e-02,4.89027209e-02,3.260181,-3.49523383e-02,2.60747782e-03
2.163500,5.63852444e-02,4.88852444e-02,3.259016,-3.49529707e-02,2.60710324e-03
2.164000,5.63677688e-02,4.88677688e-02,3.257851,-3.49512044e-02,2.61854083e-03
2.164500,5.63502945e-02,4.88502945e-02,3.256686,-3.49484884e-02,2.61239846e-03
2.165000,5.63328223e-02,4.88328223e-02,3.255521,-3.49444373e-02,2.61332167e-03
2.165500,5.63153517e-02,4.88153517e-02,3.254357,-3.49413132e-02,2.59520620e-03
2.166000,5.62978818e-02,4.87978818e-02,3.253192,-3.49396393e-02,2.58524243e-03
2.166500,5.62804109e-02,4.87804109e-02,3.252027,-3.49418210e-02,2.58416970e-03
2.167000,5.62629381e-02,4.87629381e-02,3.250863,-3.49457337e-02,2.59447013e-03
2.167500,5.62454636e-02,4.87454636e-02,3.249698,-3.49489119e-02,2.59388518e-03
2.168000,5.62279884e-02,4.87279884e-02,3.248533,-3.49504503e-02,2.59090946e-03
2.168500,5.62105122e-02,4.87105122e-02,3.247367,-3.49523479e-02,2.56705476e-03
2.169000,5.61930338e-02,4.86930338e-02,3.246202,-3.49568434e-02,2.58839348e-03
2.169500,5.61755521e-02,4.86755521e-02,3.245037,-3.49633692e-02,2.59898153e-03
2.170000,5.61580694e-02,4.86580694e-02,3.243871,-3.49654548e-02,2.60210341e-03
2.170500,5.61405866e-02,4.86405866e-02,3.242706,-3.49655258e-02,2.58723779e-03
2.171000,5.61231034e-02,4.86231034e-02,3.241540,-3.49663986e-02,2.57871163e-03
2.171500,5.61056182e-02,4.86056182e-02,3.240375,-3.49704662e-02,2.59874352e-03
2.172000,5.60881311e-02,4.85881311e-02,3.239209,-3.49741628e-02,2.59177374e-03
2.172500,5.60706435e-02,4.85706435e-02,3.238043,-3.49751862e-02,2.59589209e-03
2.173000,5.60531550e-02,4.85531550e-02,3.236877,-3.49769899e-02,2.61217955e-03
2.173500,5.60356667e-02,4.85356667e-02,3.235711,-3.49766773e-02,2.59826064e-03
2.174000,5.60181792e-02,4.85181792e-02,3.234545,-3.49749208e-02,2.57858002e-03
2.174500,5.60006906e-02,4.85006906e-02,3.233379,-3.49771901e-02,2.60056474e-03
2.175000,5.59832002e-02,4.84832002e-02,3.232213,-3.49807472e-02,2.63048322e-03
2.175500,5.59657112e-02,4.84657112e-02,3.231047,-3.49780489e-02,2.61843651e-03
2.176000,5.59482255e-02,4.84482255e-02,3.229882,-3.49715029e-02,2.61370412e-03
2.176500,5.59307418e-02,4.84307418e-02,3.228716,-3.49673535e-02,2.59627178e-03
2.177000,5.59132590e-02,4.84132590e-02,3.227551,-3.49655225e-02,2.61764920e-03
2.177500,5.58957767e-02,4.83957767e-02,3.226385,-3.49646639e-02,2.63465418e-03
2.178000,5.58782973e-02,4.83782973e-02,3.225220,-3.49587914e-02,2.62536860e-03
2.178500,5.58608218e-02,4.83608218e-02,3.224055,-3.49509475e-02,2.59261002e-03
2.179000,5.58433481e-02,4.83433481e-02,3.222890,-3.49475250e-02,2.59823312e-03
2.179500,5.58258736e-02,4.83258736e-02,3.221725,-3.49489844e-02,2.59790930e-03
2.180000,5.58083988e-02,4.83083988e-02,3.220560,-3.49495491e-02,2.62055802e-03
2.180500,5.57909247e-02,4.82909247e-02,3.219395,-3.49481644e-02,2.60930546e-03
2.181000,5.57734527e-02,4.82734527e-02,3.218230,-3.49440556e-02,2.61943742e-03
2.181500,5.57559822e-02,4.82559822e-02,3.217065,-3.49408986e-02,2.59268958e-03
2.182000,5.57385130e-02,4.82385130e-02,3.215901,-3.49384430e-02,2.58241827e-03
2.182500,5.57210424e-02,4.82210424e-02,3.214736,-3.49412877e-02,2.58488886e-03
2.183000,5.57035696e-02,4.82035696e-02,3.213571,-3.49456006e-02,2.59590856e-03
2.183500,5.56860953e-02,4.81860953e-02,3.212406,-3.49485334e-02,2.59468491e-03
2.184000,5.56686204e-02,4.81686204e-02,3.211241,-3.49497649e-02,2.58596584e-03
2.184500,5.56511444e-02,4.81511444e-02,3.210076,-3.49519683e-02,2.57217270e-03
2.185000,5.56336660e-02,4.81336660e-02,3.208911,-3.49568230e-02,2.59733642e-03
2.185500,5.56161852e-02,4.81161852e-02,3.207746,-3.49617177e-02,2.60394183e-03
2.186000,5.55987042e-02,4.80987042e-02,3.206580,-3.49618963e-02,2.59773053e-03
2.186500,5.55812234e-02,4.80812234e-02,3.205415,-3.49615394e-02,2.57779533e-03
2.187000,5.55637415e-02,4.80637415e-02,3.204249,-3.49639651e-02,2.58498816e-03
2.187500,5.55462569e-02,4.80462569e-02,3.203084,-3.49690283e-02,2.60010908e-03
2.188000,5.55287712e-02,4.80287712e-02,3.201918,-3.49715734e-02,2.59749247e-03
2.188500,5.55112852e-02,4.80112852e-02,3.200752,-3.49718670e-02,2.60038015e-03
2.189000,5.54937991e-02,4.79937991e-02,3.199587,-3.49723348e-02,2.60185406e-03
2.189500,5.54763130e-02,4.79763130e-02,3.198421,-3.49721982e-02,2.59719476e-03
2.190000,5.54588268e-02,4.79588268e-02,3.197255,-3.49722315e-02,2.58531632e-03
2.190500,5.54413398e-02,4.79413398e-02,3.196089,-3.49740802e-02,2.59798405e-03
2.191000,5.54238514e-02,4.79238514e-02,3.194923,-3.49767593e-02,2.62253718e-03
2.191500,5.54063638e-02,4.79063638e-02,3.193758,-3.49751873e-02,2.61439101e-03
2.192000,5.53888787e-02,4.78888787e-02,3.192592,-3.49703038e-02,2.61021533e-03
2.192500,5.53713951e-02,4.78713951e-02,3.191426,-3.49671272e-02,2.59791495e-03
2.193000,5.53539123e-02,4.78539123e-02,3.190261,-3.49657239e-02,2.62854937e-03
2.193500,5.53364304e-02,4.78364304e-02,3.189095,-3.49636316e-02,2.62684485e-03
2.194000,5.53189521e-02,4.78189521e-02,3.187930,-3.49566597e-02,2.60830190e-03
2.194500,5.53014763e-02,4.78014763e-02,3.186765,-3.49516073e-02,2.58856275e-03
2.195000,5.52840006e-02,4.77840006e-02,3.185600,-3.49513450e-02,2.61169886e-03
2.195500,5.52665245e-02,4.77665245e-02,3.184435,-3.49522784e-02,2.60916785e-03
2.196000,5.52490497e-02,4.77490497e-02,3.183270,-3.49496365e-02,2.61801240e-03
2.196500,5.52315764e-02,4.77315764e-02,3.182105,-3.49466281e-02,2.61150641e-03
2.197000,5.52141050e-02,4.77141050e-02,3.180940,-3.49427427e-02,2.61816180e-03
2.197500,5.51966353e-02,4.76966353e-02,3.179776,-3.49393371e-02,2.59240729e-03
2.198000,5.51791668e-02,4.76791668e-02,3.178611,-3.49371159e-02,2.57100546e-03
2.198500,5.51616963e-02,4.76616963e-02,3.177446,-3.49410160e-02,2.59107707e-03
2.199000,5.51442229e-02,4.76442229e-02,3.176282,-3.49466558e-02,2.59979471e-03
2.199500,5.51267488e-02,4.76267488e-02,3.175117,-3.49482289e-02,2.59465585e-03
2.200000,5.51092744e-02,4.76092744e-02,3.173952,-3.49488249e-02,2.57819996e-03
2.200500,5.50917985e-02,4.75917985e-02,3.172787,-3.49517197e-02,2.57228190e-03
2.201000,5.50743196e-02,4.75743196e-02,3.171621,-3.49578400e-02,2.59237759e-03
2.201500,5.50568380e-02,4.75568380e-02,3.170456,-3.49631552e-02,2.61287531e-03
2.202000,5.50393564e-02,4.75393564e-02,3.169290,-3.49633581e-02,2.59446769e-03
2.202500,5.50218755e-02,4.75218755e-02,3.168125,-3.49618228e-02,2.57343115e-03
2.203000,5.50043929e-02,4.75043929e-02,3.166960,-3.49651702e-02,2.58971555e-03
2.203500,5.49869076e-02,4.74869076e-02,3.165794,-3.49705320e-02,2.59530848e-03
2.204000,5.49694212e-02,4.74694212e-02,3.164628,-3.49727253e-02,2.59246084e-03
2.204500,5.49519341e-02,4.74519341e-02,3.163462,-3.49742521e-02,2.60332747e-03
2.205000,5.49344465e-02,4.74344465e-02,3.162296,-3.49752855e-02,2.60287031e-03
2.205500,5.49169592e-02,4.74169592e-02,3.161131,-3.49745751e-02,2.59338870e-03
2.206000,5.48994718e-02,4.73994718e-02,3.159965,-3.49747780e-02,2.59087330e-03
2.206500,5.48819834e-02,4.73819834e-02,3.158799,-3.49767604e-02,2.60399827e-03
2.207000,5.48644944e-02,4.73644944e-02,3.157633,-3.49779952e-02,2.62764913e-03
2.207500,5.48470069e-02,4.73470069e-02,3.156467,-3.49749837e-02,2.61711537e-03
2.208000,5.48295224e-02,4.73295224e-02,3.155301,-3.49690199e-02,2.61135822e-03
2.208500,5.48120398e-02,4.73120398e-02,3.154136,-3.49652948e-02,2.60845407e-03
2.209000,5.47945584e-02,4.72945584e-02,3.152971,-3.49627719e-02,2.62431896e-03
2.209500,5.47770787e-02,4.72770787e-02,3.151805,-3.49593232e-02,2.62347109e-03
2.210000,5.47596020e-02,4.72596020e-02,3.150640,-3.49533442e-02,2.61286109e-03
2.210500,5.47421278e-02,4.72421278e-02,3.149475,-3.49484427e-02,2.60142086e-03
2.211000,5.47246547e-02,4.72246547e-02,3.148310,-3.49462949e-02,2.60099316e-03
2.211500,5.47071816e-02,4.72071816e-02,3.147145,-3.49460634e-02,2.60575013e-03
2.212000,5.46897089e-02,4.71897089e-02,3.145981,-3.49454817e-02,2.61231552e-03
2.212500,5.46722371e-02,4.71722371e-02,3.144816,-3.49435382e-02,2.61263086e-03
2.213000,5.46547669e-02,4.71547669e-02,3.143651,-3.49404888e-02,2.60991735e-03
2.213500,5.46372981e-02,4.71372981e-02,3.142487,-3.49376276e-02,2.58689824e-03
2.214000,5.46198295e-02,4.71198295e-02,3.141322,-3.49372473e-02,2.57850805e-03
2.214500,5.46023588e-02,4.71023588e-02,3.140157,-3.49413887e-02,2.59392240e-03
2.215000,5.45848860e-02,4.70848860e-02,3.138992,-3.49455449e-02,2.60137328e-03
2.215500,5.45674127e-02,4.70674127e-02,3.137828,-3.49465112e-02,2.58927244e-03
2.216000,5.45499391e-02,4.70499391e-02,3.136663,-3.49473239e-02,2.57404443e-03
2.216500,5.45324633e-02,4.70324633e-02,3.135498,-3.49514702e-02,2.56930116e-03
2.217000,5.45149841e-02,4.70149841e-02,3.134332,-3.49585364e-02,2.60908619e-03
2.217500,5.44975026e-02,4.69975026e-02,3.133167,-3.49628637e-02,2.60828402e-03
2.218000,5.44800223e-02,4.69800223e-02,3.132001,-3.49607289e-02,2.59276030e-03
2.218500,5.44625422e-02,4.69625422e-02,3.130836,-3.49600985e-02,2.58080546e-03
2.219000,5.44450607e-02,4.69450607e-02,3.129671,-3.49630742e-02,2.58520659e-03
2.219500,5.44275769e-02,4.69275769e-02,3.128505,-3.49676238e-02,2.59942574e-03
2.220000,5.44100918e-02,4.69100918e-02,3.127339,-3.49701935e-02,2.59870448e-03
2.220500,5.43926065e-02,4.68926065e-02,3.126174,-3.49704920e-02,2.60798783e-03
2.221000,5.43751215e-02,4.68751215e-02,3.125008,-3.49700882e-02,2.59677764e-03
2.221500,5.43576369e-02,4.68576369e-02,3.123842,-3.49691512e-02,2.58496082e-03
2.222000,5.43401514e-02,4.68401514e-02,3.122677,-3.49710998e-02,2.58660203e-03
2.222500,5.43226639e-02,4.68226639e-02,3.121511,-3.49748437e-02,2.61657351e-03
2.223000,5.43051761e-02,4.68051761e-02,3.120345,-3.49756680e-02,2.62965183e-03
2.223500,5.42876909e-02,4.67876909e-02,3.119179,-3.49704145e-02,2.60847764e-03
2.224000,5.42702085e-02,4.67702085e-02,3.118014,-3.49648856e-02,2.59847637e-03
2.224500,5.42527266e-02,4.67527266e-02,3.116848,-3.49637179e-02,2.61411494e-03
2.225000,5.42352452e-02,4.67352452e-02,3.115683,-3.49628098e-02,2.62496492e-03
2.225500,5.42177660e-02,4.67177660e-02,3.114518,-3.49583743e-02,2.62636136e-03
2.226000,5.42002900e-02,4.67002900e-02,3.113353,-3.49520338e-02,2.60083566e-03
2.226500,5.41828161e-02,4.66828161e-02,3.112188,-3.49477209e-02,2.59679674e-03
2.227000,5.41653421e-02,4.66653421e-02,3.111023,-3.49479566e-02,2.60759897e-03
2.227500,5.41478682e-02,4.66478682e-02,3.109858,-3.49479004e-02,2.61449594e-03
2.228000,5.41303955e-02,4.66303955e-02,3.108693,-3.49454606e-02,2.61858760e-03
2.228500,5.41129247e-02,4.66129247e-02,3.107528,-3.49415265e-02,2.61613151e-03
2.229000,5.40954561e-02,4.65954561e-02,3.106364,-3.49371376e-02,2.59504143e-03
2.229500,5.40779886e-02,4.65779886e-02,3.105199,-3.49350169e-02,2.58610268e-03
2.230000,5.40605200e-02,4.65605200e-02,3.104035,-3.49371496e-02,2.58730617e-03
2.230500,5.40430497e-02,4.65430497e-02,3.102870,-3.49406438e-02,2.59237539e-03
2.231000,5.40255780e-02,4.65255780e-02,3.101705,-3.49434921e-02,2.60071845e-03
2.231500,5.40081056e-02,4.65081056e-02,3.100540,-3.49447703e-02,2.58731053e-03
2.232000,5.39906327e-02,4.64906327e-02,3.099376,-3.49458640e-02,2.56656262e-03
2.232500,5.39731572e-02,4.64731572e-02,3.098210,-3.49509940e-02,2.58238149e-03
2.233000,5.39556781e-02,4.64556781e-02,3.097045,-3.49581322e-02,2.60257085e-03
2.233500,5.39381977e-02,4.64381977e-02,3.095880,-3.49608877e-02,2.60186544e-03
2.234000,5.39207175e-02,4.64207175e-02,3.094715,-3.49603903e-02,2.58778961e-03
2.234500,5.39032368e-02,4.64032368e-02,3.093549,-3.49612533e-02,2.58224779e-03
2.235000,5.38857544e-02,4.63857544e-02,3.092384,-3.49649177e-02,2.59631623e-03
2.235500,5.38682703e-02,4.63682703e-02,3.091218,-3.49682482e-02,2.59434326e-03
2.236000,5.38507855e-02,4.63507855e-02,3.090052,-3.49694430e-02,2.59382322e-03
2.236500,5.38333000e-02,4.63333000e-02,3.088887,-3.49710077e-02,2.60840511e-03
2.237000,5.38158143e-02,4.63158143e-02,3.087721,-3.49713686e-02,2.59979970e-03
2.237500,5.37983293e-02,4.62983293e-02,3.086555,-3.49700958e-02,2.58118360e-03
2.238000,5.37808434e-02,4.62808434e-02,3.085390,-3.49718821e-02,2.59941005e-03
2.238500,5.37633558e-02,4.62633558e-02,3.084224,-3.49751138e-02,2.62010988e-03
2.239000,5.37458690e-02,4.62458690e-02,3.083058,-3.49735223e-02,2.62438821e-03
2.239500,5.37283850e-02,4.62283850e-02,3.081892,-3.49681534e-02,2.61370904e-03
2.240000,5.37109034e-02,4.62109034e-02,3.080727,-3.49630263e-02,2.59925006e-03
2.240500,5.36934230e-02,4.61934230e-02,3.079562,-3.49609312e-02,2.61972119e-03
2.241000,5.36759433e-02,4.61759433e-02,3.078396,-3.49594003e-02,2.63624544e-03
2.241500,5.36584668e-02,4.61584668e-02,3.077231,-3.49530469e-02,2.62306782e-03
2.242000,5.36409942e-02,4.61409942e-02,3.076066,-3.49451452e-02,2.59466104e-03
2.242500,5.36235232e-02,4.61235232e-02,3.074902,-3.49419191e-02,2.59692300e-03
2.243000,5.36060516e-02,4.61060516e-02,3.073737,-3.49431575e-02,2.59894623e-03
2.243500,5.35885797e-02,4.60885797e-02,3.072572,-3.49438457e-02,2.62196653e-03
2.244000,5.35711086e-02,4.60711086e-02,3.071407,-3.49421662e-02,2.60836920e-03
2.244500,5.35536397e-02,4.60536397e-02,3.070243,-3.49379088e-02,2.61292910e-03
2.245000,5.35361719e-02,4.60361719e-02,3.069078,-3.49354811e-02,2.59581452e-03
2.245500,5.35187050e-02,4.60187050e-02,3.067914,-3.49338178e-02,2.58767566e-03
2.246000,5.35012372e-02,4.60012372e-02,3.066749,-3.49356845e-02,2.58874278e-03
2.246500,5.34837678e-02,4.59837678e-02,3.065585,-3.49387934e-02,2.58964324e-03
2.247000,5.34662970e-02,4.59662970e-02,3.064420,-3.49416474e-02,2.59166640e-03
2.247500,5.34488249e-02,4.59488249e-02,3.063255,-3.49441746e-02,2.58589635e-03
2.248000,5.34313514e-02,4.59313514e-02,3.062090,-3.49468798e-02,2.57546910e-03
2.248500,5.34138757e-02,4.59138757e-02,3.060925,-3.49514544e-02,2.59931311e-03
2.249000,5.33963979e-02,4.58963979e-02,3.059760,-3.49556330e-02,2.60099158e-03
2.249500,5.33789200e-02,4.58789200e-02,3.058595,-3.49557479e-02,2.59904452e-03
2.250000,5.33614421e-02,4.58614421e-02,3.057429,-3.49557593e-02,2.58255439e-03
2.250500,5.33439634e-02,4.58439634e-02,3.056264,-3.49575484e-02,2.58327787e-03
2.251000,5.33264824e-02,4.58264824e-02,3.055099,-3.49619814e-02,2.59453185e-03
2.251500,5.33089997e-02,4.58089997e-02,3.053933,-3.49653005e-02,2.59219635e-03
2.252000,5.32915162e-02,4.57915162e-02,3.052768,-3.49669781e-02,2.60498358e-03
2.252500,5.32740323e-02,4.57740323e-02,3.051602,-3.49679086e-02,2.60838484e-03
2.253000,5.32565491e-02,4.57565491e-02,3.050437,-3.49664386e-02,2.59684274e-03
2.253500,5.32390664e-02,4.57390664e-02,3.049271,-3.49654306e-02,2.57741712e-03
2.254000,5.32215823e-02,4.57215823e-02,3.048105,-3.49680356e-02,2.60161438e-03
2.254500,5.32040965e-02,4.57040965e-02,3.046940,-3.49716908e-02,2.62549796e-03
2.255000,5.31866119e-02,4.56866119e-02,3.045774,-3.49692609e-02,2.61853206e-03
2.255500,5.31691301e-02,4.56691301e-02,3.044609,-3.49635251e-02,2.60633734e-03
2.256000,5.31516501e-02,4.56516501e-02,3.043443,-3.49600114e-02,2.59735728e-03
2.256500,5.31341704e-02,4.56341704e-02,3.042278,-3.49592941e-02,2.62754945e-03
2.257000,5.31166918e-02,4.56166918e-02,3.041113,-3.49573819e-02,2.62744802e-03
2.257500,5.30992165e-02,4.55992165e-02,3.039948,-3.49505208e-02,2.61331999e-03
2.258000,5.30817440e-02,4.55817440e-02,3.038783,-3.49449256e-02,2.58735721e-03
2.258500,5.30642721e-02,4.55642721e-02,3.037618,-3.49439460e-02,2.60932729e-03
2.259000,5.30467994e-02,4.55467994e-02,3.036453,-3.49452870e-02,2.60521067e-03
2.259500,5.30293277e-02,4.55293277e-02,3.035289,-3.49433844e-02,2.62130872e-03
2.260000,5.30118574e-02,4.55118574e-02,3.034124,-3.49407344e-02,2.61424561e-03
2.260500,5.29943893e-02,4.54943893e-02,3.032959,-3.49360655e-02,2.61764319e-03
2.261000,5.29769232e-02,4.54769232e-02,3.031795,-3.49322560e-02,2.58834302e-03
2.261500,5.29594580e-02,4.54594580e-02,3.030631,-3.49304792e-02,2.57595732e-03
2.262000,5.29419907e-02,4.54419907e-02,3.029466,-3.49346090e-02,2.58837127e-03
2.262500,5.29245208e-02,4.54245208e-02,3.028301,-3.49396749e-02,2.60205020e-03
2.263000,5.29070501e-02,4.54070501e-02,3.027137,-3.49414928e-02,2.59608751e-03
2.263500,5.28895793e-02,4.53895793e-02,3.025972,-3.49415918e-02,2.58305286e-03
2.264000,5.28721074e-02,4.53721074e-02,3.024807,-3.49438225e-02,2.56562601e-03
2.264500,5.28546325e-02,4.53546325e-02,3.023642,-3.49497344e-02,2.58953477e-03
2.265000,5.28371543e-02,4.53371543e-02,3.022477,-3.49563939e-02,2.60341277e-03
2.265500,5.28196753e-02,4.53196753e-02,3.021312,-3.49579003e-02,2.60416869e-03
2.266000,5.28021968e-02,4.53021968e-02,3.020146,-3.49570610e-02,2.57880145e-03
2.266500,5.27847176e-02,4.52847176e-02,3.018981,-3.49583406e-02,2.58422990e-03
2.267000,5.27672360e-02,4.52672360e-02,3.017816,-3.49633056e-02,2.59221481e-03
2.267500,5.27497527e-02,4.52497527e-02,3.016650,-3.49666733e-02,2.59652398e-03
2.268000,5.27322685e-02,4.52322685e-02,3.015485,-3.49683488e-02,2.60263482e-03
2.268500,5.27147841e-02,4.52147841e-02,3.014319,-3.49687763e-02,2.60707407e-03
2.269000,5.26973002e-02,4.51973002e-02,3.013153,-3.49678079e-02,2.59209437e-03
2.269500,5.26798165e-02,4.51798165e-02,3.011988,-3.49674350e-02,2.59381427e-03
2.270000,5.26623318e-02,4.51623318e-02,3.010822,-3.49693698e-02,2.59634658e-03
2.270500,5.26448464e-02,4.51448464e-02,3.009656,-3.49707983e-02,2.62955490e-03
2.271000,5.26273620e-02,4.51273620e-02,3.008491,-3.49688747e-02,2.61563361e-03
2.271500,5.26098806e-02,4.51098806e-02,3.007325,-3.49627290e-02,2.61372525e-03
2.272000,5.25924011e-02,4.50924011e-02,3.006160,-3.49590380e-02,2.60903628e-03
2.272500,5.25749230e-02,4.50749230e-02,3.004995,-3.49560749e-02,2.62395371e-03
2.273000,5.25574467e-02,4.50574467e-02,3.003830,-3.49525628e-02,2.62411850e-03
2.273500,5.25399735e-02,4.50399735e-02,3.002665,-3.49465866e-02,2.61313618e-03
2.274000,5.25225027e-02,4.50225027e-02,3.001500,-3.49415544e-02,2.59599832e-03
2.274500,5.25050328e-02,4.50050328e-02,3.000336,-3.49398409e-02,2.60440263e-03
2.275000,5.24875627e-02,4.49875627e-02,2.999171,-3.49401985e-02,2.60792649e-03
2.275500,5.24700932e-02,4.49700932e-02,2.998006,-3.49388644e-02,2.61665056e-03
2.276000,5.24526251e-02,4.49526251e-02,2.996842,-3.49361803e-02,2.60873799e-03
2.276500,5.24351588e-02,4.49351588e-02,2.995677,-3.49327632e-02,2.61708304e-03
2.277000,5.24176938e-02,4.49176938e-02,2.994513,-3.49299076e-02,2.59508133e-03
2.277500,5.24002300e-02,4.49002300e-02,2.993349,-3.49276271e-02,2.57346433e-03
2.278000,5.23827646e-02,4.48827646e-02,2.992184,-3.49308708e-02,2.58264231e-03
2.278500,5.23652961e-02,4.48652961e-02,2.991020,-3.49368526e-02,2.59835961e-03
2.279000,5.23478262e-02,4.48478262e-02,2.989855,-3.49399376e-02,2.59877460e-03
2.279500,5.23303560e-02,4.48303560e-02,2.988690,-3.49404051e-02,2.58006168e-03
2.280000,5.23128847e-02,4.48128847e-02,2.987526,-3.49424589e-02,2.56785293e-03
2.280500,5.22954104e-02,4.47954104e-02,2.986361,-3.49486651e-02,2.59948103e-03
2.281000,5.22779334e-02,4.47779334e-02,2.985196,-3.49540795e-02,2.61159571e-03
2.281500,5.22604567e-02,4.47604567e-02,2.984030,-3.49532291e-02,2.59537620e-03
2.282000,5.22429808e-02,4.47429808e-02,2.982865,-3.49518236e-02,2.58001896e-03
2.282500,5.22255036e-02,4.47255036e-02,2.981700,-3.49544393e-02,2.58622592e-03
2.283000,5.22080241e-02,4.47080241e-02,2.980535,-3.49590279e-02,2.59876060e-03
2.283500,5.21905433e-02,4.46905433e-02,2.979370,-3.49614890e-02,2.59346668e-03
2.284000,5.21730622e-02,4.46730622e-02,2.978204,-3.49623600e-02,2.60573862e-03
2.284500,5.21555807e-02,4.46555807e-02,2.977039,-3.49630151e-02,2.60125164e-03
2.285000,5.21380996e-02,4.46380996e-02,2.975873,-3.49620518e-02,2.59149722e-03
2.285500,5.21206183e-02,4.46206183e-02,2.974708,-3.49626878e-02,2.58708214e-03
2.286000,5.21031356e-02,4.46031356e-02,2.973542,-3.49653159e-02,2.60671377e-03
2.286500,5.20856522e-02,4.45856522e-02,2.972377,-3.49669332e-02,2.63071457e-03
2.287000,5.20681706e-02,4.45681706e-02,2.971211,-3.49632048e-02,2.61038700e-03
2.287500,5.20506919e-02,4.45506919e-02,2.970046,-3.49573325e-02,2.60117408e-03
2.288000,5.20332141e-02,4.45332141e-02,2.968881,-3.49556128e-02,2.61641404e-03
2.288500,5.20157371e-02,4.45157371e-02,2.967716,-3.49540584e-02,2.62513508e-03
2.289000,5.19982624e-02,4.44982624e-02,2.966551,-3.49492304e-02,2.61921772e-03
2.289500,5.19807907e-02,4.44807907e-02,2.965386,-3.49434935e-02,2.60290622e-03
2.290000,5.19633206e-02,4.44633206e-02,2.964221,-3.49401706e-02,2.59882868e-03
2.290500,5.19458507e-02,4.44458507e-02,2.963057,-3.49398866e-02,2.61008854e-03
2.291000,5.19283810e-02,4.44283810e-02,2.961892,-3.49392767e-02,2.61196608e-03
2.291500,5.19109127e-02,4.44109127e-02,2.960728,-3.49366517e-02,2.61629378e-03
2.292000,5.18934460e-02,4.43934460e-02,2.959563,-3.49333358e-02,2.61835244e-03
2.292500,5.18759815e-02,4.43759815e-02,2.958399,-3.49291273e-02,2.59898710e-03
2.293000,5.18585183e-02,4.43585183e-02,2.957235,-3.49262930e-02,2.58260601e-03
2.293500,5.18410543e-02,4.43410543e-02,2.956070,-3.49280870e-02,2.58582687e-03
2.294000,5.18235881e-02,4.43235881e-02,2.954906,-3.49322861e-02,2.59855671e-03
2.294500,5.18061207e-02,4.43061207e-02,2.953741,-3.49348308e-02,2.60210900e-03
2.295000,5.17886532e-02,4.42886532e-02,2.952577,-3.49349710e-02,2.58502193e-03
2.295500,5.17711852e-02,4.42711852e-02,2.951412,-3.49360388e-02,2.56885158e-03
2.296000,5.17537146e-02,4.42537146e-02,2.950248,-3.49413421e-02,2.57666300e-03
2.296500,5.17362402e-02,4.42362402e-02,2.949083,-3.49486101e-02,2.60385098e-03
2.297000,5.17187642e-02,4.42187642e-02,2.947918,-3.49521914e-02,2.60631478e-03
2.297500,5.17012886e-02,4.42012886e-02,2.946753,-3.49510904e-02,2.58868608e-03
2.298000,5.16838130e-02,4.41838130e-02,2.945588,-3.49511436e-02,2.57909022e-03
2.298500,5.16663356e-02,4.41663356e-02,2.944422,-3.49549400e-02,2.58707760e-03
2.299000,5.16488558e-02,4.41488558e-02,2.943257,-3.49596058e-02,2.59855034e-03
2.299500,5.16313748e-02,4.41313748e-02,2.942092,-3.49619457e-02,2.59564441e-03
2.300000,5.16138935e-02,4.41138935e-02,2.940926,-3.49626585e-02,2.60746954e-03
2.300500,5.15964121e-02,4.40964121e-02,2.939761,-3.49628030e-02,2.59981623e-03
2.301000,5.15789312e-02,4.40789312e-02,2.938595,-3.49616824e-02,2.58137869e-03
2.301500,5.15614495e-02,4.40614495e-02,2.937430,-3.49634488e-02,2.59288546e-03
2.302000,5.15439659e-02,4.40439659e-02,2.936264,-3.49672254e-02,2.61840556e-03
2.302500,5.15264825e-02,4.40264825e-02,2.935099,-3.49668559e-02,2.62977784e-03
2.303000,5.15090018e-02,4.40090018e-02,2.933933,-3.49612904e-02,2.62077901e-03
2.303500,5.14915245e-02,4.39915245e-02,2.932768,-3.49546531e-02,2.60047243e-03
2.304000,5.14740488e-02,4.39740488e-02,2.931603,-3.49512890e-02,2.60585012e-03
2.304500,5.14565734e-02,4.39565734e-02,2.930438,-3.49507839e-02,2.63254408e-03
2.305000,5.14390999e-02,4.39390999e-02,2.929273,-3.49470354e-02,2.62858254e-03
2.305500,5.14216303e-02,4.39216303e-02,2.928109,-3.49392539e-02,2.60416620e-03
2.306000,5.14041632e-02,4.39041632e-02,2.926944,-3.49342818e-02,2.59487496e-03
2.306500,5.13866961e-02,4.38866961e-02,2.925780,-3.49341405e-02,2.60022362e-03
2.307000,5.13692286e-02,4.38692286e-02,2.924615,-3.49350520e-02,2.61755048e-03
2.307500,5.13517618e-02,4.38517618e-02,2.923451,-3.49335532e-02,2.61225204e-03
2.308000,5.13342969e-02,4.38342969e-02,2.922286,-3.49296777e-02,2.61333193e-03
2.308500,5.13168337e-02,4.38168337e-02,2.921122,-3.49265768e-02,2.59779840e-03
2.309000,5.12993713e-02,4.37993713e-02,2.919958,-3.49246719e-02,2.58823997e-03
2.309500,5.12819082e-02,4.37819082e-02,2.918794,-3.49261630e-02,2.58948153e-03
2.310000,5.12644437e-02,4.37644437e-02,2.917630,-3.49291138e-02,2.58689410e-03
2.310500,5.12469776e-02,4.37469776e-02,2.916465,-3.49320896e-02,2.59448603e-03
2.311000,5.12295102e-02,4.37295102e-02,2.915301,-3.49348189e-02,2.58911129e-03
2.311500,5.12120418e-02,4.37120418e-02,2.914136,-3.49367769e-02,2.57561767e-03
2.312000,5.11945714e-02,4.36945714e-02,2.912971,-3.49408105e-02,2.59119308e-03
2.312500,5.11770986e-02,4.36770986e-02,2.911807,-3.49456826e-02,2.60345032e-03
2.313000,5.11596251e-02,4.36596251e-02,2.910642,-3.49469134e-02,2.59572613e-03
2.313500,5.11421517e-02,4.36421517e-02,2.909477,-3.49468145e-02,2.58920207e-03
2.314000,5.11246774e-02,4.36246774e-02,2.908312,-3.49485608e-02,2.58483932e-03
2.314500,5.11072016e-02,4.36072016e-02,2.907147,-3.49517641e-02,2.59475493e-03
2.315000,5.10897242e-02,4.35897242e-02,2.905982,-3.49548071e-02,2.59242539e-03
2.315500,5.10722459e-02,4.35722459e-02,2.904816,-3.49564278e-02,2.60379341e-03
2.316000,5.10547672e-02,4.35547672e-02,2.903651,-3.49574259e-02,2.60951730e-03
2.316500,5.10372892e-02,4.35372892e-02,2.902486,-3.49560512e-02,2.59838077e-03
2.317000,5.10198119e-02,4.35198119e-02,2.901321,-3.49547213e-02,2.57879886e-03
2.317500,5.10023334e-02,4.35023334e-02,2.900156,-3.49569515e-02,2.59095872e-03
2.318000,5.09848527e-02,4.34848527e-02,2.898990,-3.49613220e-02,2.62516787e-03
2.318500,5.09673724e-02,4.34673724e-02,2.897825,-3.49606711e-02,2.62110713e-03
2.319000,5.09498950e-02,4.34498950e-02,2.896660,-3.49547617e-02,2.60861340e-03
2.319500,5.09324197e-02,4.34324197e-02,2.895495,-3.49506239e-02,2.60000312e-03
2.320000,5.09149450e-02,4.34149450e-02,2.894330,-3.49492990e-02,2.62439330e-03
2.320500,5.08974714e-02,4.33974714e-02,2.893165,-3.49472313e-02,2.63386150e-03
2.321000,5.08800013e-02,4.33800013e-02,2.892000,-3.49403215e-02,2.60891565e-03
2.321500,5.08625342e-02,4.33625342e-02,2.890836,-3.49340626e-02,2.58563241e-03
2.322000,5.08450672e-02,4.33450672e-02,2.889671,-3.49339587e-02,2.61118108e-03
2.322500,5.08275995e-02,4.33275995e-02,2.888507,-3.49354190e-02,2.60736973e-03
2.323000,5.08101330e-02,4.33101330e-02,2.887342,-3.49330211e-02,2.62007481e-03
2.323500,5.07926680e-02,4.32926680e-02,2.886178,-3.49301256e-02,2.60654758e-03
2.324000,5.07752048e-02,4.32752048e-02,2.885014,-3.49263400e-02,2.61921290e-03
2.324500,5.07577430e-02,4.32577430e-02,2.883850,-3.49236558e-02,2.59484294e-03
2.325000,5.07402824e-02,4.32402824e-02,2.882685,-3.49210466e-02,2.58296698e-03
2.325500,5.07228207e-02,4.32228207e-02,2.881521,-3.49234892e-02,2.58483821e-03
2.326000,5.07053568e-02,4.32053568e-02,2.880357,-3.49277164e-02,2.59742239e-03
2.326500,5.06878916e-02,4.31878916e-02,2.879193,-3.49305237e-02,2.59330281e-03
2.327000,5.06704258e-02,4.31704258e-02,2.878028,-3.49316289e-02,2.58755946e-03
2.327500,5.06529588e-02,4.31529588e-02,2.876864,-3.49339183e-02,2.56885524e-03
2.328000,5.06354894e-02,4.31354894e-02,2.875699,-3.49388047e-02,2.59216191e-03
2.328500,5.06180171e-02,4.31180171e-02,2.874534,-3.49447016e-02,2.60003457e-03
2.329000,5.06005440e-02,4.31005440e-02,2.873370,-3.49460754e-02,2.60390033e-03
2.329500,5.05830711e-02,4.30830711e-02,2.872205,-3.49458145e-02,2.58077126e-03
2.330000,5.05655976e-02,4.30655976e-02,2.871040,-3.49469640e-02,2.58628686e-03
2.330500,5.05481219e-02,4.30481219e-02,2.869875,-3.49514237e-02,2.59720246e-03
2.331000,5.05306449e-02,4.30306449e-02,2.868710,-3.49540126e-02,2.58896500e-03
2.331500,5.05131671e-02,4.30131671e-02,2.867544,-3.49555374e-02,2.59832750e-03
2.332000,5.04956883e-02,4.29956883e-02,2.866379,-3.49575870e-02,2.60897945e-03
2.332500,5.04782098e-02,4.29782098e-02,2.865214,-3.49571574e-02,2.59545593e-03
2.333000,5.04607317e-02,4.29607317e-02,2.864049,-3.49561744e-02,2.59363002e-03
2.333500,5.04432529e-02,4.29432529e-02,2.862884,-3.49575735e-02,2.59854994e-03
2.334000,5.04257735e-02,4.29257735e-02,2.861718,-3.49588375e-02,2.62488764e-03
2.334500,5.04082950e-02,4.29082950e-02,2.860553,-3.49569648e-02,2.61729538e-03
2.335000,5.03908193e-02,4.28908193e-02,2.859388,-3.49514385e-02,2.61533209e-03
2.335500,5.03733456e-02,4.28733456e-02,2.858223,-3.49473325e-02,2.60390167e-03
2.336000,5.03558733e-02,4.28558733e-02,2.857058,-3.49445596e-02,2.62583918e-03
2.336500,5.03384025e-02,4.28384025e-02,2.855894,-3.49417240e-02,2.62739103e-03
2.337000,5.03209349e-02,4.28209349e-02,2.854729,-3.49351488e-02,2.61905868e-03
2.337500,5.03034704e-02,4.28034704e-02,2.853565,-3.49290556e-02,2.59151694e-03
2.338000,5.02860070e-02,4.27860070e-02,2.852400,-3.49267658e-02,2.60041379e-03
2.338500,5.02685429e-02,4.27685429e-02,2.851236,-3.49282119e-02,2.60096407e-03
2.339000,5.02510788e-02,4.27510788e-02,2.850072,-3.49281484e-02,2.62118638e-03
2.339500,5.02336157e-02,4.27336157e-02,2.848908,-3.49262065e-02,2.60747058e-03
2.340000,5.02161546e-02,4.27161546e-02,2.847744,-3.49221567e-02,2.61876332e-03
2.340500,5.01986949e-02,4.26986949e-02,2.846580,-3.49193607e-02,2.59152751e-03
2.341000,5.01812364e-02,4.26812364e-02,2.845416,-3.49171185e-02,2.58108126e-03
2.341500,5.01637762e-02,4.26637762e-02,2.844252,-3.49202722e-02,2.58607990e-03
2.342000,5.01463139e-02,4.26463139e-02,2.843088,-3.49246993e-02,2.59857358e-03
2.342500,5.01288503e-02,4.26288503e-02,2.841923,-3.49272010e-02,2.59806358e-03
2.343000,5.01113864e-02,4.26113864e-02,2.840759,-3.49276961e-02,2.58399893e-03
2.343500,5.00939217e-02,4.25939217e-02,2.839595,-3.49295186e-02,2.56911618e-03
2.344000,5.00764542e-02,4.25764542e-02,2.838430,-3.49349666e-02,2.59364704e-03
2.344500,5.00589839e-02,4.25589839e-02,2.837266,-3.49406894e-02,2.60937231e-03
2.345000,5.00415134e-02,4.25415134e-02,2.836101,-3.49409936e-02,2.60102606e-03
2.345500,5.00240436e-02,4.25240436e-02,2.834936,-3.49394536e-02,2.57969065e-03
2.346000,5.00065730e-02,4.25065730e-02,2.833772,-3.49411706e-02,2.58507812e-03
2.346500,4.99891001e-02,4.24891001e-02,2.832607,-3.49459146e-02,2.59264494e-03
2.347000,4.99716255e-02,4.24716255e-02,2.831442,-3.49491050e-02,2.59843817e-03
2.347500,4.99541503e-02,4.24541503e-02,2.830277,-3.49505405e-02,2.60667562e-03
2.348000,4.99366751e-02,4.24366751e-02,2.829112,-3.49502965e-02,2.60563052e-03
2.348500,4.99192007e-02,4.24192007e-02,2.827947,-3.49487921e-02,2.59410570e-03
2.349000,4.99017265e-02,4.24017265e-02,2.826782,-3.49484785e-02,2.58672867e-03
2.349500,4.98842511e-02,4.23842511e-02,2.825617,-3.49507095e-02,2.59682388e-03
2.350000,4.98667745e-02,4.23667745e-02,2.824452,-3.49532593e-02,2.62380474e-03
2.350500,4.98492986e-02,4.23492986e-02,2.823287,-3.49517658e-02,2.61555499e-03
2.351000,4.98318253e-02,4.23318253e-02,2.822122,-3.49465712e-02,2.60918243e-03
2.351500,4.98143537e-02,4.23143537e-02,2.820957,-3.49432948e-02,2.60986230e-03
2.352000,4.97968832e-02,4.22968832e-02,2.819792,-3.49410046e-02,2.62361494e-03
2.352500,4.97794145e-02,4.22794145e-02,2.818628,-3.49373869e-02,2.62217766e-03
2.353000,4.97619487e-02,4.22619487e-02,2.817463,-3.49316379e-02,2.60529806e-03
2.353500,4.97444849e-02,4.22444849e-02,2.816299,-3.49276174e-02,2.60085895e-03
2.354000,4.97270215e-02,4.22270215e-02,2.815135,-3.49267612e-02,2.61142695e-03
2.354500,4.97095586e-02,4.22095586e-02,2.813971,-3.49256995e-02,2.60730889e-03
2.355000,4.96920970e-02,4.21920970e-02,2.812806,-3.49232666e-02,2.61648333e-03
2.355500,4.96746366e-02,4.21746366e-02,2.811642,-3.49206987e-02,2.61645970e-03
2.356000,4.96571783e-02,4.21571783e-02,2.810479,-3.49166264e-02,2.61301165e-03
2.356500,4.96397219e-02,4.21397219e-02,2.809315,-3.49128628e-02,2.58747344e-03
2.357000,4.96222659e-02,4.21222659e-02,2.808151,-3.49119235e-02,2.57426422e-03
2.357500,4.96048078e-02,4.21048078e-02,2.806987,-3.49163457e-02,2.59248244e-03
2.358000,4.95873471e-02,4.20873471e-02,2.805823,-3.49213262e-02,2.60300568e-03
2.358500,4.95698859e-02,4.20698859e-02,2.804659,-3.49223846e-02,2.59302065e-03
2.359000,4.95524246e-02,4.20524246e-02,2.803495,-3.49225978e-02,2.57462542e-03
2.359500,4.95349616e-02,4.20349616e-02,2.802331,-3.49260772e-02,2.57249921e-03
2.360000,4.95174952e-02,4.20174952e-02,2.801166,-3.49327652e-02,2.59331269e-03
2.360500,4.95000262e-02,4.20000262e-02,2.800002,-3.49379621e-02,2.61358767e-03
2.361000,4.94825572e-02,4.19825572e-02,2.798837,-3.49379485e-02,2.59381739e-03
2.361500,4.94650891e-02,4.19650891e-02,2.797673,-3.49363537e-02,2.57799714e-03
2.362000,4.94476194e-02,4.19476194e-02,2.796508,-3.49394041e-02,2.58857997e-03
2.362500,4.94301473e-02,4.19301473e-02,2.795343,-3.49441166e-02,2.59801220e-03
2.363000,4.94126742e-02,4.19126742e-02,2.794178,-3.49462573e-02,2.59122270e-03
2.363500,4.93952004e-02,4.18952004e-02,2.793013,-3.49474496e-02,2.60110334e-03
2.364000,4.93777260e-02,4.18777260e-02,2.791848,-3.49488830e-02,2.60308013e-03
2.364500,4.93602517e-02,4.18602517e-02,2.790683,-3.49485192e-02,2.59405026e-03
2.365000,4.93427774e-02,4.18427774e-02,2.789518,-3.49486292e-02,2.59387081e-03
2.365500,4.93253023e-02,4.18253023e-02,2.788353,-3.49502379e-02,2.60238942e-03
2.366000,4.93078268e-02,4.18078268e-02,2.787188,-3.49511228e-02,2.63155797e-03
2.366500,4.92903527e-02,4.17903527e-02,2.786024,-3.49480298e-02,2.62627212e-03
2.367000,4.92728824e-02,4.17728824e-02,2.784859,-3.49406145e-02,2.60531887e-03
2.367500,4.92554145e-02,4.17554145e-02,2.783694,-3.49359199e-02,2.60766849e-03
2.368000,4.92379472e-02,4.17379472e-02,2.782530,-3.49344581e-02,2.62249754e-03
2.368500,4.92204816e-02,4.17204816e-02,2.781365,-3.49312994e-02,2.62422650e-03
2.369000,4.92030188e-02,4.17030188e-02,2.780201,-3.49255528e-02,2.61321055e-03
2.369500,4.91855586e-02,4.16855586e-02,2.779037,-3.49204963e-02,2.59800476e-03
2.370000,4.91680993e-02,4.16680993e-02,2.777873,-3.49185931e-02,2.59933334e-03
2.370500,4.91506397e-02,4.16506397e-02,2.776709,-3.49190694e-02,2.60995404e-03
2.371000,4.91331805e-02,4.16331805e-02,2.775545,-3.49183885e-02,2.61451146e-03
2.371500,4.91157228e-02,4.16157228e-02,2.774382,-3.49155606e-02,2.61663829e-03
2.372000,4.90982669e-02,4.15982669e-02,2.773218,-3.49117963e-02,2.60131575e-03
2.372500,4.90808123e-02,4.15808123e-02,2.772054,-3.49090375e-02,2.58379592e-03
2.373000,4.90633572e-02,4.15633572e-02,2.770890,-3.49103439e-02,2.58877501e-03
2.373500,4.90459001e-02,4.15459001e-02,2.769727,-3.49140870e-02,2.59666231e-03
2.374000,4.90284420e-02,4.15284420e-02,2.768563,-3.49163150e-02,2.59904126e-03
2.374500,4.90109835e-02,4.15109835e-02,2.767399,-3.49170376e-02,2.58590450e-03
2.375000,4.89935242e-02,4.14935242e-02,2.766235,-3.49185311e-02,2.57420358e-03
2.375500,4.89760626e-02,4.14760626e-02,2.765071,-3.49232163e-02,2.58274266e-03
2.376000,4.89585980e-02,4.14585980e-02,2.763907,-3.49290678e-02,2.60540387e-03
2.376500,4.89411323e-02,4.14411323e-02,2.762742,-3.49315135e-02,2.60209103e-03
2.377000,4.89236670e-02,4.14236670e-02,2.761578,-3.49305310e-02,2.59224344e-03
2.377500,4.89062015e-02,4.14062015e-02,2.760413,-3.49309632e-02,2.58274782e-03
2.378000,4.88887346e-02,4.13887346e-02,2.759249,-3.49338520e-02,2.58699419e-03
2.378500,4.88712657e-02,4.13712657e-02,2.758084,-3.49379247e-02,2.59925440e-03
2.379000,4.88537955e-02,4.13537955e-02,2.756920,-3.49402160e-02,2.59808698e-03
2.379500,4.88363252e-02,4.13363252e-02,2.755755,-3.49405973e-02,2.60952304e-03
2.380000,4.88188552e-02,4.13188552e-02,2.754590,-3.49401591e-02,2.59851164e-03
2.380500,4.88013858e-02,4.13013858e-02,2.753426,-3.49388166e-02,2.58219452e-03
2.381000,4.87839154e-02,4.12839154e-02,2.752261,-3.49407251e-02,2.58712128e-03
2.381500,4.87664430e-02,4.12664430e-02,2.751096,-3.49448774e-02,2.61822077e-03
2.382000,4.87489702e-02,4.12489702e-02,2.749931,-3.49454708e-02,2.62965102e-03
2.382500,4.87315002e-02,4.12315002e-02,2.748767,-3.49399468e-02,2.60997208e-03
2.383000,4.87140331e-02,4.12140331e-02,2.747602,-3.49342859e-02,2.59798307e-03
2.383500,4.86965666e-02,4.11965666e-02,2.746438,-3.49329164e-02,2.61254789e-03
2.384000,4.86791005e-02,4.11791005e-02,2.745273,-3.49322279e-02,2.63480093e-03
2.384500,4.86616369e-02,4.11616369e-02,2.744109,-3.49271801e-02,2.62408234e-03
2.385000,4.86441772e-02,4.11441772e-02,2.742945,-3.49194259e-02,2.59586687e-03
2.385500,4.86267193e-02,4.11267193e-02,2.741781,-3.49159265e-02,2.59784788e-03
2.386000,4.86092608e-02,4.11092608e-02,2.740617,-3.49168852e-02,2.60809614e-03
2.386500,4.85918025e-02,4.10918025e-02,2.739454,-3.49166125e-02,2.61537516e-03
2.387000,4.85743455e-02,4.10743455e-02,2.738290,-3.49140133e-02,2.61846535e-03
2.387500,4.85568905e-02,4.10568905e-02,2.737126,-3.49099456e-02,2.61596585e-03
2.388000,4.85394377e-02,4.10394377e-02,2.735963,-3.49055915e-02,2.59514387e-03
2.388500,4.85219860e-02,4.10219860e-02,2.734799,-3.49034889e-02,2.58562772e-03
2.389000,4.85045332e-02,4.10045332e-02,2.733636,-3.49056468e-02,2.58652929e-03
2.389500,4.84870785e-02,4.09870785e-02,2.732472,-3.49092876e-02,2.59441648e-03
2.390000,4.84696225e-02,4.09696225e-02,2.731308,-3.49120830e-02,2.59908813e-03
2.390500,4.84521659e-02,4.09521659e-02,2.730144,-3.49131702e-02,2.58781042e-03
2.391000,4.84347087e-02,4.09347087e-02,2.728981,-3.49144875e-02,2.56787957e-03
2.391500,4.84172490e-02,4.09172490e-02,2.727817,-3.49194189e-02,2.58545823e-03
2.392000,4.83997859e-02,4.08997859e-02,2.726652,-3.49260688e-02,2.60233668e-03
2.392500,4.83823217e-02,4.08823217e-02,2.725488,-3.49283398e-02,2.60123493e-03
2.393000,4.83648578e-02,4.08648578e-02,2.724324,-3.49279366e-02,2.58771343e-03
2.393500,4.83473933e-02,4.08473933e-02,2.723160,-3.49289099e-02,2.58187064e-03
2.394000,4.83299270e-02,4.08299270e-02,2.721995,-3.49326201e-02,2.59713320e-03
2.394500,4.83124590e-02,4.08124590e-02,2.720831,-3.49359403e-02,2.59361512e-03
2.395000,4.82949905e-02,4.07949905e-02,2.719666,-3.49370653e-02,2.59662074e-03
2.395500,4.82775213e-02,4.07775213e-02,2.718501,-3.49385023e-02,2.60920426e-03
2.396000,4.82600521e-02,4.07600521e-02,2.717337,-3.49383331e-02,2.59944933e-03
2.396500,4.82425836e-02,4.07425836e-02,2.716172,-3.49369601e-02,2.58107544e-03
2.397000,4.82251142e-02,4.07251142e-02,2.715008,-3.49388135e-02,2.59992865e-03
2.397500,4.82076432e-02,4.07076432e-02,2.713843,-3.49420171e-02,2.62175014e-03
2.398000,4.81901731e-02,4.06901731e-02,2.712678,-3.49401954e-02,2.62243159e-03
2.398500,4.81727057e-02,4.06727057e-02,2.711514,-3.49347302e-02,2.61605556e-03
2.399000,4.81552409e-02,4.06552409e-02,2.710349,-3.49297169e-02,2.60208059e-03
2.399500,4.81377774e-02,4.06377774e-02,2.709185,-3.49269862e-02,2.61956482e-03
2.400000,4.81203149e-02,4.06203149e-02,2.708021,-3.49250043e-02,2.63501944e-03
2.400500,4.81028555e-02,4.06028555e-02,2.706857,-3.49187850e-02,2.62320500e-03
2.401000,4.80854000e-02,4.05854000e-02,2.705693,-3.49110724e-02,2.59544987e-03
2.401500,4.80679461e-02,4.05679461e-02,2.704530,-3.49077540e-02,2.59778040e-03
2.402000,4.80504917e-02,4.05504917e-02,2.703366,-3.49087872e-02,2.59927999e-03
2.402500,4.80330370e-02,4.05330370e-02,2.702202,-3.49093050e-02,2.61982321e-03
2.403000,4.80155831e-02,4.05155831e-02,2.701039,-3.49077602e-02,2.60807301e-03
2.403500,4.79981312e-02,4.04981312e-02,2.699875,-3.49038810e-02,2.61593183e-03
2.404000,4.79806806e-02,4.04806806e-02,2.698712,-3.49012364e-02,2.59708812e-03
2.404500,4.79632311e-02,4.04632311e-02,2.697549,-3.48989675e-02,2.58767092e-03
2.405000,4.79457808e-02,4.04457808e-02,2.696385,-3.49006255e-02,2.58856138e-03
2.405500,4.79283289e-02,4.04283289e-02,2.695222,-3.49037511e-02,2.59012603e-03
2.406000,4.79108756e-02,4.04108756e-02,2.694058,-3.49065922e-02,2.59244149e-03
2.406500,4.78934211e-02,4.03934211e-02,2.692895,-3.49089716e-02,2.58673938e-03
2.407000,4.78759654e-02,4.03759654e-02,2.691731,-3.49114750e-02,2.57557716e-03
2.407500,4.78585074e-02,4.03585074e-02,2.690567,-3.49159017e-02,2.59972116e-03
2.408000,4.78410474e-02,4.03410474e-02,2.689403,-3.49200264e-02,2.60144676e-03
2.408500,4.78235874e-02,4.03235874e-02,2.688239,-3.49200340e-02,2.59984229e-03
2.409000,4.78061275e-02,4.03061275e-02,2.687075,-3.49199001e-02,2.58343071e-03
2.409500,4.77886667e-02,4.02886667e-02,2.685911,-3.49214808e-02,2.58571415e-03
2.410000,4.77712039e-02,4.02712039e-02,2.684747,-3.49255545e-02,2.59653035e-03
2.410500,4.77537398e-02,4.02537398e-02,2.683583,-3.49282968e-02,2.59200976e-03
2.411000,4.77362750e-02,4.02362750e-02,2.682418,-3.49296628e-02,2.60251546e-03
2.411500,4.77188095e-02,4.02188095e-02,2.681254,-3.49308421e-02,2.60842526e-03
2.412000,4.77013447e-02,4.02013447e-02,2.680090,-3.49297738e-02,2.59800215e-03
2.412500,4.76838803e-02,4.01838803e-02,2.678925,-3.49286567e-02,2.58291680e-03
2.413000,4.76664150e-02,4.01664150e-02,2.677761,-3.49305850e-02,2.59984710e-03
2.413500,4.76489483e-02,4.01489483e-02,2.676597,-3.49334934e-02,2.62376872e-03
2.414000,4.76314825e-02,4.01314825e-02,2.675432,-3.49315066e-02,2.61818031e-03
2.414500,4.76140195e-02,4.01140195e-02,2.674268,-3.49260858e-02,2.60753567e-03
2.415000,4.75965582e-02,4.00965582e-02,2.673104,-3.49225239e-02,2.60020154e-03
2.415500,4.75790976e-02,4.00790976e-02,2.671940,-3.49213584e-02,2.62774552e-03
2.416000,4.75616381e-02,4.00616381e-02,2.670776,-3.49189618e-02,2.62603618e-03
2.416500,4.75441820e-02,4.00441820e-02,2.669612,-3.49121934e-02,2.61329609e-03
2.417000,4.75267286e-02,4.00267286e-02,2.668449,-3.49068321e-02,2.58817572e-03
2.417500,4.75092757e-02,4.00092757e-02,2.667285,-3.49057840e-02,2.61124483e-03
2.418000,4.74918223e-02,3.99918223e-02,2.666121,-3.49068211e-02,2.60444173e-03
2.418500,4.74743699e-02,3.99743699e-02,2.664958,-3.49046716e-02,2.62101608e-03
2.419000,4.74569188e-02,3.99569188e-02,2.663795,-3.49021737e-02,2.61482302e-03
2.419500,4.74394701e-02,3.99394701e-02,2.662631,-3.48975018e-02,2.61846295e-03
2.420000,4.74220233e-02,3.99220233e-02,2.661468,-3.48935250e-02,2.58991171e-03
2.420500,4.74045776e-02,3.99045776e-02,2.660305,-3.48914750e-02,2.57765341e-03
2.421000,4.73871300e-02,3.98871300e-02,2.659142,-3.48951971e-02,2.58814182e-03
2.421500,4.73696800e-02,3.98696800e-02,2.657979,-3.49000048e-02,2.60105217e-03
2.422000,4.73522290e-02,3.98522290e-02,2.656815,-3.49019487e-02,2.59622909e-03
2.422500,4.73347779e-02,3.98347779e-02,2.655652,-3.49021991e-02,2.58410921e-03
2.423000,4.73173258e-02,3.98173258e-02,2.654488,-3.49043131e-02,2.57023786e-03
2.423500,4.72998709e-02,3.97998709e-02,2.653325,-3.49096437e-02,2.59500898e-03
2.424000,4.72824134e-02,3.97824134e-02,2.652161,-3.49150619e-02,2.59707219e-03
2.424500,4.72649553e-02,3.97649553e-02,2.650997,-3.49162301e-02,2.60161978e-03
2.425000,4.72474970e-02,3.97474970e-02,2.649833,-3.49166573e-02,2.57789973e-03
2.425500,4.72300377e-02,3.97300377e-02,2.648669,-3.49184352e-02,2.59479756e-03
2.426000,4.72125764e-02,3.97125764e-02,2.647505,-3.49226139e-02,2.59656013e-03
2.426500,4.71951145e-02,3.96951145e-02,2.646341,-3.49238620e-02,2.59203638e-03
2.427000,4.71776519e-02,3.96776519e-02,2.645177,-3.49252208e-02,2.59636306e-03
2.427500,4.71601884e-02,3.96601884e-02,2.644013,-3.49269397e-02,2.60733733e-03
2.428000,4.71427249e-02,3.96427249e-02,2.642848,-3.49269779e-02,2.59506584e-03
2.428500,4.71252618e-02,3.96252618e-02,2.641684,-3.49262991e-02,2.59298368e-03
2.429000,4.71077979e-02,3.96077979e-02,2.640520,-3.49278194e-02,2.59769133e-03
2.429500,4.70903332e-02,3.95903332e-02,2.639356,-3.49292654e-02,2.62766424e-03
2.430000,4.70728696e-02,3.95728696e-02,2.638191,-3.49272881e-02,2.61602836e-03
2.430500,4.70554089e-02,3.95554089e-02,2.637027,-3.49214180e-02,2.61567108e-03
2.431000,4.70379501e-02,3.95379501e-02,2.635863,-3.49174901e-02,2.60522160e-03
2.431500,4.70204929e-02,3.95204929e-02,2.634700,-3.49145448e-02,2.62569752e-03
2.432000,4.70030371e-02,3.95030371e-02,2.633536,-3.49115049e-02,2.62640152e-03
2.432500,4.69855846e-02,3.94855846e-02,2.632372,-3.49050405e-02,2.61418037e-03
2.433000,4.69681348e-02,3.94681348e-02,2.631209,-3.48995411e-02,2.59118729e-03
2.433500,4.69506858e-02,3.94506858e-02,2.630046,-3.48980815e-02,2.60624667e-03
2.434000,4.69332363e-02,3.94332363e-02,2.628882,-3.48990660e-02,2.60489681e-03
2.434500,4.69157874e-02,3.94157874e-02,2.627719,-3.48976970e-02,2.61839236e-03
2.435000,4.68983397e-02,3.93983397e-02,2.626556,-3.48953564e-02,2.60866496e-03
2.435500,4.68808939e-02,3.93808939e-02,2.625393,-3.48916598e-02,2.61839379e-03
2.436000,4.68634495e-02,3.93634495e-02,2.624230,-3.48887003e-02,2.59683308e-03
2.436500,4.68460065e-02,3.93460065e-02,2.623067,-3.48860496e-02,2.57672866e-03
2.437000,4.68285622e-02,3.93285622e-02,2.621904,-3.48887170e-02,2.58515296e-03
2.437500,4.68111152e-02,3.93111152e-02,2.620741,-3.48939408e-02,2.59728465e-03
2.438000,4.67936668e-02,3.92936668e-02,2.619578,-3.48967086e-02,2.59895697e-03
2.438500,4.67762182e-02,3.92762182e-02,2.618415,-3.48973365e-02,2.58048304e-03
2.439000,4.67587685e-02,3.92587685e-02,2.617251,-3.48993231e-02,2.56947688e-03
2.439500,4.67413159e-02,3.92413159e-02,2.616088,-3.49053165e-02,2.60053669e-03
2.440000,4.67238607e-02,3.92238607e-02,2.614924,-3.49103709e-02,2.61226443e-03
2.440500,4.67064060e-02,3.92064060e-02,2.613760,-3.49092881e-02,2.59606966e-03
2.441000,4.66889522e-02,3.91889522e-02,2.612597,-3.49077114e-02,2.57754535e-03
2.441500,4.66714970e-02,3.91714970e-02,2.611433,-3.49104319e-02,2.58658259e-03
2.442000,4.66540393e-02,3.91540393e-02,2.610269,-3.49153952e-02,2.59523061e-03
2.442500,4.66365802e-02,3.91365802e-02,2.609105,-3.49181099e-02,2.59892034e-03
2.443000,4.66191207e-02,3.91191207e-02,2.607941,-3.49190783e-02,2.60568030e-03
2.443500,4.66016612e-02,3.91016612e-02,2.606777,-3.49188430e-02,2.60200241e-03
2.444000,4.65842023e-02,3.90842023e-02,2.605613,-3.49178229e-02,2.59459932e-03
2.444500,4.65667433e-02,3.90667433e-02,2.604450,-3.49180614e-02,2.58525013e-03
2.445000,4.65492831e-02,3.90492831e-02,2.603286,-3.49203421e-02,2.60620128e-03
2.445500,4.65318220e-02,3.90318220e-02,2.602121,-3.49223055e-02,2.62389103e-03
2.446000,4.65143623e-02,3.90143623e-02,2.600957,-3.49192645e-02,2.61462628e-03
2.446500,4.64969053e-02,3.89969053e-02,2.599794,-3.49141379e-02,2.60603321e-03
2.447000,4.64794496e-02,3.89794496e-02,2.598630,-3.49112924e-02,2.61090503e-03
2.447500,4.64619949e-02,3.89619949e-02,2.597466,-3.49094272e-02,2.62894291e-03
2.448000,4.64445423e-02,3.89445423e-02,2.596303,-3.49051672e-02,2.62155061e-03
2.448500,4.64270930e-02,3.89270930e-02,2.595140,-3.48985987e-02,2.60298848e-03
2.449000,4.64096456e-02,3.89096456e-02,2.593976,-3.48948854e-02,2.60136106e-03
2.449500,4.63921984e-02,3.88921984e-02,2.592813,-3.48943641e-02,2.61072386e-03
2.450000,4.63747518e-02,3.88747518e-02,2.591650,-3.48932821e-02,2.61129306e-03
2.450500,4.63573065e-02,3.88573065e-02,2.590487,-3.48906124e-02,2.61499688e-03
2.451000,4.63398627e-02,3.88398627e-02,2.589324,-3.48875217e-02,2.61470586e-03
2.451500,4.63224208e-02,3.88224208e-02,2.588161,-3.48838485e-02,2.61056994e-03
2.452000,4.63049805e-02,3.88049805e-02,2.586999,-3.48805888e-02,2.58643353e-03
2.452500,4.62875404e-02,3.87875404e-02,2.585836,-3.48801424e-02,2.57608226e-03
2.453000,4.62700981e-02,3.87700981e-02,2.584673,-3.48845747e-02,2.60050361e-03
2.453500,4.62526538e-02,3.87526538e-02,2.583510,-3.48885473e-02,2.60390404e-03
2.454000,4.62352097e-02,3.87352097e-02,2.582347,-3.48882091e-02,2.59007643e-03
2.454500,4.62177655e-02,3.87177655e-02,2.581184,-3.48885352e-02,2.57331189e-03
2.455000,4.62003192e-02,3.87003192e-02,2.580021,-3.48926142e-02,2.57535964e-03
2.455500,4.61828695e-02,3.86828695e-02,2.578858,-3.48992650e-02,2.59321129e-03
2.456000,4.61654175e-02,3.86654175e-02,2.577695,-3.49040011e-02,2.61218272e-03
2.456500,4.61479655e-02,3.86479655e-02,2.576531,-3.49041284e-02,2.59462694e-03
2.457000,4.61305141e-02,3.86305141e-02,2.575368,-3.49026927e-02,2.57671202e-03
2.457500,4.61130613e-02,3.86130613e-02,2.574204,-3.49057238e-02,2.59162072e-03
2.458000,4.60956061e-02,3.85956061e-02,2.573040,-3.49103785e-02,2.59806911e-03
2.458500,4.60781501e-02,3.85781501e-02,2.571877,-3.49120149e-02,2.59031319e-03
2.459000,4.60606934e-02,3.85606934e-02,2.570713,-3.49132782e-02,2.60165438e-03
2.459500,4.60432360e-02,3.85432360e-02,2.569549,-3.49148123e-02,2.60372078e-03
2.460000,4.60257789e-02,3.85257789e-02,2.568385,-3.49143013e-02,2.59376430e-03
2.460500,4.60083217e-02,3.85083217e-02,2.567221,-3.49143314e-02,2.59407726e-03
2.461000,4.59908637e-02,3.84908637e-02,2.566058,-3.49159688e-02,2.60397837e-03
2.461500,4.59734054e-02,3.84734054e-02,2.564894,-3.49166793e-02,2.63154814e-03
2.462000,4.59559487e-02,3.84559487e-02,2.563730,-3.49133263e-02,2.62609143e-03
2.462500,4.59384957e-02,3.84384957e-02,2.562566,-3.49059286e-02,2.60534332e-03
2.463000,4.59210451e-02,3.84210451e-02,2.561403,-3.49012614e-02,2.61066702e-03
2.463500,4.59035954e-02,3.84035954e-02,2.560240,-3.48995305e-02,2.62124591e-03
2.464000,4.58861474e-02,3.83861474e-02,2.559076,-3.48959901e-02,2.62693048e-03
2.464500,4.58687023e-02,3.83687023e-02,2.557913,-3.48902099e-02,2.61047472e-03
2.465000,4.58512598e-02,3.83512598e-02,2.556751,-3.48849513e-02,2.59529640e-03
2.465500,4.58338179e-02,3.83338179e-02,2.555588,-3.48837369e-02,2.60163414e-03
2.466000,4.58163757e-02,3.83163757e-02,2.554425,-3.48844545e-02,2.61218664e-03
2.466500,4.57989341e-02,3.82989341e-02,2.553262,-3.48831983e-02,2.61003102e-03
2.467000,4.57814939e-02,3.82814939e-02,2.552100,-3.48803999e-02,2.62039074e-03
2.467500,4.57640554e-02,3.82640554e-02,2.550937,-3.48770396e-02,2.60089463e-03
2.468000,4.57466185e-02,3.82466185e-02,2.549775,-3.48737019e-02,2.58596854e-03
2.468500,4.57291811e-02,3.82291811e-02,2.548612,-3.48748853e-02,2.59071768e-03
2.469000,4.57117420e-02,3.82117420e-02,2.547449,-3.48780999e-02,2.59564463e-03
2.469500,4.56943020e-02,3.81943020e-02,2.546287,-3.48800989e-02,2.59903123e-03
2.470000,4.56768615e-02,3.81768615e-02,2.545124,-3.48809895e-02,2.58507790e-03
2.470500,4.56594202e-02,3.81594202e-02,2.543961,-3.48825577e-02,2.57335399e-03
2.471000,4.56419765e-02,3.81419765e-02,2.542798,-3.48874537e-02,2.58334704e-03
2.471500,4.56245298e-02,3.81245298e-02,2.541635,-3.48933914e-02,2.60731325e-03
2.472000,4.56070820e-02,3.81070820e-02,2.540472,-3.48955690e-02,2.60191115e-03
2.472500,4.55896348e-02,3.80896348e-02,2.539309,-3.48942888e-02,2.59205089e-03
2.473000,4.55721875e-02,3.80721875e-02,2.538146,-3.48947676e-02,2.58337915e-03
2.473500,4.55547386e-02,3.80547386e-02,2.536983,-3.48976322e-02,2.58965541e-03
2.474000,4.55372880e-02,3.80372880e-02,2.535819,-3.49013659e-02,2.59909870e-03
2.474500,4.55198363e-02,3.80198363e-02,2.534656,-3.49032339e-02,2.59750764e-03
2.475000,4.55023845e-02,3.80023845e-02,2.533492,-3.49036920e-02,2.60950076e-03
2.475500,4.54849328e-02,3.79849328e-02,2.532329,-3.49033510e-02,2.59909638e-03
2.476000,4.54674818e-02,3.79674818e-02,2.531165,-3.49019605e-02,2.58763506e-03
2.476500,4.54500302e-02,3.79500302e-02,2.530002,-3.49032919e-02,2.58711623e-03
2.477000,4.54325769e-02,3.79325769e-02,2.528838,-3.49065512e-02,2.61509336e-03
2.477500,4.54151232e-02,3.79151232e-02,2.527675,-3.49074220e-02,2.62857854e-03
2.478000,4.53976720e-02,3.78976720e-02,2.526511,-3.49025064e-02,2.61095333e-03
2.478500,4.53802235e-02,3.78802235e-02,2.525348,-3.48969348e-02,2.59844850e-03
2.479000,4.53627758e-02,3.78627758e-02,2.524185,-3.48953631e-02,2.61127528e-03
2.479500,4.53453285e-02,3.78453285e-02,2.523022,-3.48947106e-02,2.63425641e-03
2.480000,4.53278835e-02,3.78278835e-02,2.521859,-3.48899199e-02,2.62310098e-03
2.480500,4.53104423e-02,3.78104423e-02,2.520696,-3.48823419e-02,2.59585505e-03
2.481000,4.52930028e-02,3.77930028e-02,2.519534,-3.48790047e-02,2.60047277e-03
2.481500,4.52755630e-02,3.77755630e-02,2.518371,-3.48797333e-02,2.60923435e-03
2.482000,4.52581235e-02,3.77581235e-02,2.517208,-3.48789289e-02,2.61832033e-03
2.482500,4.52406855e-02,3.77406855e-02,2.516046,-3.48758824e-02,2.61655959e-03
2.483000,4.52232498e-02,3.77232498e-02,2.514883,-3.48714996e-02,2.61531528e-03
2.483500,4.52058160e-02,3.77058160e-02,2.513721,-3.48675159e-02,2.59558447e-03
2.484000,4.51883833e-02,3.76883833e-02,2.512559,-3.48654812e-02,2.58669479e-03
2.484500,4.51709496e-02,3.76709496e-02,2.511397,-3.48674724e-02,2.58712486e-03
2.485000,4.51535141e-02,3.76535141e-02,2.510234,-3.48708853e-02,2.59992088e-03
2.485500,4.51360776e-02,3.76360776e-02,2.509072,-3.48730962e-02,2.59873349e-03
2.486000,4.51186409e-02,3.76186409e-02,2.507909,-3.48733109e-02,2.58371075e-03
2.486500,4.51012034e-02,3.76012034e-02,2.506747,-3.48750489e-02,2.56693277e-03
2.487000,4.50837630e-02,3.75837630e-02,2.505584,-3.48807372e-02,2.58689609e-03
2.487500,4.50663193e-02,3.75663193e-02,2.504421,-3.48874155e-02,2.60423714e-03
2.488000,4.50488747e-02,3.75488747e-02,2.503258,-3.48892823e-02,2.60140830e-03
2.488500,4.50314304e-02,3.75314304e-02,2.502095,-3.48885517e-02,2.58723444e-03
2.489000,4.50139856e-02,3.75139856e-02,2.500932,-3.48895389e-02,2.58179708e-03
2.489500,4.49965390e-02,3.74965390e-02,2.499769,-3.48933343e-02,2.59767617e-03
2.490000,4.49790907e-02,3.74790907e-02,2.498606,-3.48966186e-02,2.59191614e-03
2.490500,4.49616418e-02,3.74616418e-02,2.497443,-3.48978047e-02,2.59636373e-03
2.491000,4.49441920e-02,3.74441920e-02,2.496279,-3.48995433e-02,2.61135655e-03
2.491500,4.49267424e-02,3.74267424e-02,2.495116,-3.48992260e-02,2.60049280e-03
2.492000,4.49092937e-02,3.74092937e-02,2.493953,-3.48974073e-02,2.58120734e-03
2.492500,4.48918441e-02,3.73918441e-02,2.492790,-3.48990778e-02,2.59991443e-03
2.493000,4.48743930e-02,3.73743930e-02,2.491626,-3.49022609e-02,2.62128249e-03
2.493500,4.48569428e-02,3.73569428e-02,2.490463,-3.49004829e-02,2.62555430e-03
2.494000,4.48394953e-02,3.73394953e-02,2.489300,-3.48948184e-02,2.61456314e-03
2.494500,4.48220506e-02,3.73220506e-02,2.488137,-3.48894243e-02,2.60117806e-03
2.495000,4.48046071e-02,3.73046071e-02,2.486974,-3.48870184e-02,2.61767275e-03
2.495500,4.47871644e-02,3.72871644e-02,2.485811,-3.48853521e-02,2.63563616e-03
2.496000,4.47697248e-02,3.72697248e-02,2.484648,-3.48793889e-02,2.62561792e-03
2.496500,4.47522891e-02,3.72522891e-02,2.483486,-3.48713618e-02,2.59666265e-03
2.497000,4.47348553e-02,3.72348553e-02,2.482324,-3.48675399e-02,2.59779830e-03
2.497500,4.47174211e-02,3.72174211e-02,2.481161,-3.48683723e-02,2.59996411e-03
2.498000,4.46999867e-02,3.71999867e-02,2.479999,-3.48688268e-02,2.62368450e-03
2.498500,4.46825533e-02,3.71825533e-02,2.478837,-3.48668282e-02,2.60915170e-03
2.499000,4.46651222e-02,3.71651222e-02,2.477675,-3.48622196e-02,2.61270946e-03
2.499500,4.46476923e-02,3.71476923e-02,2.476513,-3.48596827e-02,2.59663241e-03
2.500000,4.46302633e-02,3.71302633e-02,2.475351,-3.48579832e-02,2.58881571e-03
2.500500,4.46128335e-02,3.71128335e-02,2.474189,-3.48596148e-02,2.58933730e-03
2.501000,4.45954023e-02,3.70954023e-02,2.473027,-3.48624839e-02,2.59078110e-03
2.501500,4.45779697e-02,3.70779697e-02,2.471865,-3.48651396e-02,2.59257628e-03
2.502000,4.45605360e-02,3.70605360e-02,2.470702,-3.48673996e-02,2.58685024e-03
2.502500,4.45431011e-02,3.70431011e-02,2.469540,-3.48698710e-02,2.57660216e-03
2.503000,4.45256640e-02,3.70256640e-02,2.468378,-3.48741888e-02,2.59999521e-03
2.503500,4.45082249e-02,3.70082249e-02,2.467215,-3.48781211e-02,2.60154159e-03
2.504000,4.44907859e-02,3.69907859e-02,2.466052,-3.48780753e-02,2.59924843e-03
2.504500,4.44733469e-02,3.69733469e-02,2.464890,-3.48779783e-02,2.58601913e-03
2.505000,4.44559072e-02,3.69559072e-02,2.463727,-3.48794276e-02,2.58202837e-03
2.505500,4.44384655e-02,3.69384655e-02,2.462564,-3.48834021e-02,2.59766334e-03
2.506000,4.44210222e-02,3.69210222e-02,2.461401,-3.48866495e-02,2.59311266e-03
2.506500,4.44035783e-02,3.69035783e-02,2.460239,-3.48877319e-02,2.60199242e-03
2.507000,4.43861339e-02,3.68861339e-02,2.459076,-3.48887764e-02,2.61213960e-03
2.507500,4.43686902e-02,3.68686902e-02,2.457913,-3.48874656e-02,2.59905667e-03
2.508000,4.43512474e-02,3.68512474e-02,2.456750,-3.48856453e-02,2.57791881e-03
2.508500,4.43338034e-02,3.68338034e-02,2.455587,-3.48878424e-02,2.59511958e-03
2.509000,4.43163574e-02,3.68163574e-02,2.454424,-3.48919895e-02,2.62956921e-03
2.509500,4.42989123e-02,3.67989123e-02,2.453261,-3.48902661e-02,2.62049037e-03
2.510000,4.42814705e-02,3.67814705e-02,2.452098,-3.48836886e-02,2.60799349e-03
2.510500,4.42640306e-02,3.67640306e-02,2.450935,-3.48797069e-02,2.59794457e-03
2.511000,4.42465913e-02,3.67465913e-02,2.449773,-3.48786657e-02,2.62269335e-03
2.511500,4.42291527e-02,3.67291527e-02,2.448610,-3.48770864e-02,2.63091651e-03
2.512000,4.42117174e-02,3.67117174e-02,2.447448,-3.48707161e-02,2.61833729e-03
2.512500,4.41942853e-02,3.66942853e-02,2.446286,-3.48641078e-02,2.59102194e-03
2.513000,4.41768543e-02,3.66768543e-02,2.445124,-3.48619802e-02,2.60772060e-03
2.513500,4.41594229e-02,3.66594229e-02,2.443962,-3.48628615e-02,2.60356508e-03
2.514000,4.41419922e-02,3.66419922e-02,2.442799,-3.48613682e-02,2.62149921e-03
2.514500,4.41245627e-02,3.66245627e-02,2.441638,-3.48589716e-02,2.61287436e-03
2.515000,4.41071355e-02,3.66071355e-02,2.440476,-3.48543926e-02,2.62000117e-03
2.515500,4.40897102e-02,3.65897102e-02,2.439314,-3.48505998e-02,2.59204265e-03
2.516000,4.40722862e-02,3.65722862e-02,2.438152,-3.48481088e-02,2.58059714e-03
2.516500,4.40548606e-02,3.65548606e-02,2.436991,-3.48512207e-02,2.58896630e-03
2.517000,4.40374328e-02,3.65374328e-02,2.435829,-3.48554721e-02,2.59928345e-03
2.517500,4.40200041e-02,3.65200041e-02,2.434667,-3.48574370e-02,2.59200289e-03
2.518000,4.40025749e-02,3.65025749e-02,2.433505,-3.48583515e-02,2.58690462e-03
2.518500,4.39851445e-02,3.64851445e-02,2.432343,-3.48609123e-02,2.56997432e-03
2.519000,4.39677116e-02,3.64677116e-02,2.431181,-3.48658072e-02,2.59771176e-03
2.519500,4.39502761e-02,3.64502761e-02,2.430018,-3.48710297e-02,2.59784022e-03
2.520000,4.39328402e-02,3.64328402e-02,2.428856,-3.48716861e-02,2.60293187e-03
2.520500,4.39154043e-02,3.64154043e-02,2.427694,-3.48718713e-02,2.58172847e-03
2.521000,4.38979677e-02,3.63979677e-02,2.426531,-3.48730951e-02,2.58517256e-03
2.521500,4.38805290e-02,3.63805290e-02,2.425369,-3.48774962e-02,2.60512960e-03
2.522000,4.38630892e-02,3.63630892e-02,2.424206,-3.48795671e-02,2.58958975e-03
2.522500,4.38456493e-02,3.63456493e-02,2.423043,-3.48797350e-02,2.59444617e-03
2.523000,4.38282083e-02,3.63282083e-02,2.421881,-3.48820252e-02,2.60794669e-03
2.523500,4.38107672e-02,3.63107672e-02,2.420718,-3.48823243e-02,2.59816096e-03
2.524000,4.37933265e-02,3.62933265e-02,2.419555,-3.48812717e-02,2.59519315e-03
2.524500,4.37758855e-02,3.62758855e-02,2.418392,-3.48820884e-02,2.59886845e-03
2.525000,4.37584440e-02,3.62584440e-02,2.417230,-3.48830675e-02,2.62379137e-03
2.525500,4.37410033e-02,3.62410033e-02,2.416067,-3.48812394e-02,2.61749740e-03
2.526000,4.37235654e-02,3.62235654e-02,2.414904,-3.48758753e-02,2.61723582e-03
2.526500,4.37061296e-02,3.62061296e-02,2.413742,-3.48715679e-02,2.59930213e-03
2.527000,4.36886952e-02,3.61886952e-02,2.412580,-3.48688890e-02,2.62875205e-03
2.527500,4.36712619e-02,3.61712619e-02,2.411417,-3.48665511e-02,2.63024393e-03
2.528000,4.36538323e-02,3.61538323e-02,2.410255,-3.48592454e-02,2.62025840e-03
2.528500,4.36364060e-02,3.61364060e-02,2.409094,-3.48525776e-02,2.59156492e-03
2.529000,4.36189809e-02,3.61189809e-02,2.407932,-3.48500865e-02,2.60083605e-03
2.529500,4.36015552e-02,3.61015552e-02,2.406770,-3.48514874e-02,2.60367084e-03
2.530000,4.35841296e-02,3.60841296e-02,2.405609,-3.48511153e-02,2.62145019e-03
2.530500,4.35667053e-02,3.60667053e-02,2.404447,-3.48487056e-02,2.60741908e-03
2.531000,4.35492830e-02,3.60492830e-02,2.403286,-3.48446171e-02,2.61919344e-03
2.531500,4.35318621e-02,3.60318621e-02,2.402124,-3.48417915e-02,2.59340290e-03
2.532000,4.35144424e-02,3.60144424e-02,2.400963,-3.48393128e-02,2.58454645e-03
2.532500,4.34970215e-02,3.59970215e-02,2.399801,-3.48418522e-02,2.58592982e-03
2.533000,4.34795986e-02,3.59795986e-02,2.398640,-3.48457236e-02,2.59721717e-03
2.533500,4.34621744e-02,3.59621744e-02,2.397478,-3.48483698e-02,2.59836384e-03
2.534000,4.34447499e-02,3.59447499e-02,2.396317,-3.48490611e-02,2.58544126e-03
2.534500,4.34273246e-02,3.59273246e-02,2.395155,-3.48507068e-02,2.57295920e-03
2.535000,4.34098968e-02,3.59098968e-02,2.393993,-3.48555781e-02,2.59684077e-03
2.535500,4.33924666e-02,3.58924666e-02,2.392831,-3.48603874e-02,2.60262233e-03
2.536000,4.33750362e-02,3.58750362e-02,2.391669,-3.48607641e-02,2.60161938e-03
2.536500,4.33576061e-02,3.58576061e-02,2.390507,-3.48602800e-02,2.58193656e-03
2.537000,4.33401752e-02,3.58401752e-02,2.389345,-3.48617010e-02,2.58481752e-03
2.537500,4.33227422e-02,3.58227422e-02,2.388183,-3.48660993e-02,2.59663608e-03
2.538000,4.33053077e-02,3.58053077e-02,2.387021,-3.48689795e-02,2.60004928e-03
2.538500,4.32878729e-02,3.57878729e-02,2.385858,-3.48696172e-02,2.60372236e-03
2.539000,4.32704382e-02,3.57704382e-02,2.384696,-3.48693697e-02,2.60613735e-03
2.539500,4.32530040e-02,3.57530040e-02,2.383534,-3.48683056e-02,2.59588569e-03
2.540000,4.32355701e-02,3.57355701e-02,2.382371,-3.48677513e-02,2.58744883e-03
2.540500,4.32181353e-02,3.57181353e-02,2.381209,-3.48696263e-02,2.59785391e-03
2.541000,4.32006994e-02,3.57006994e-02,2.380047,-3.48719668e-02,2.62276114e-03
2.541500,4.31832642e-02,3.56832642e-02,2.378884,-3.48703964e-02,2.61703365e-03
2.542000,4.31658315e-02,3.56658315e-02,2.377722,-3.48652425e-02,2.61074594e-03
2.542500,4.31484007e-02,3.56484007e-02,2.376560,-3.48615850e-02,2.60815649e-03
2.543000,4.31309711e-02,3.56309711e-02,2.375398,-3.48591890e-02,2.62550001e-03
2.543500,4.31135433e-02,3.56135433e-02,2.374236,-3.48556846e-02,2.62403367e-03
2.544000,4.30961186e-02,3.55961186e-02,2.373075,-3.48494620e-02,2.60651556e-03
2.544500,4.30786961e-02,3.55786961e-02,2.371913,-3.48450291e-02,2.59047685e-03
2.545000,4.30612736e-02,3.55612736e-02,2.370752,-3.48448910e-02,2.61587401e-03
2.545500,4.30438510e-02,3.55438510e-02,2.369590,-3.48451409e-02,2.61032377e-03
2.546000,4.30264302e-02,3.55264302e-02,2.368429,-3.48417111e-02,2.61805202e-03
2.546500,4.30090109e-02,3.55090109e-02,2.367267,-3.48385095e-02,2.61409090e-03
2.547000,4.29915937e-02,3.54915937e-02,2.366106,-3.48343890e-02,2.61849791e-03
2.547500,4.29741785e-02,3.54741785e-02,2.364945,-3.48305293e-02,2.59297353e-03
2.548000,4.29567644e-02,3.54567644e-02,2.363784,-3.48282028e-02,2.57395394e-03
2.548500,4.29393485e-02,3.54393485e-02,2.362623,-3.48317493e-02,2.59151806e-03
2.549000,4.29219301e-02,3.54219301e-02,2.361462,-3.48368660e-02,2.60019090e-03
2.549500,4.29045109e-02,3.54045109e-02,2.360301,-3.48383316e-02,2.59545187e-03
2.550000,4.28870915e-02,3.53870915e-02,2.359139,-3.48387921e-02,2.57938416e-03
2.550500,4.28696708e-02,3.53696708e-02,2.357978,-3.48414515e-02,2.57365381e-03
2.551000,4.28522471e-02,3.53522471e-02,2.356816,-3.48472560e-02,2.59364976e-03
2.551500,4.28348210e-02,3.53348210e-02,2.355655,-3.48522335e-02,2.61392867e-03
2.552000,4.28173950e-02,3.53173950e-02,2.354493,-3.48521344e-02,2.59549590e-03
2.552500,4.27999698e-02,3.52999698e-02,2.353331,-3.48503352e-02,2.57449561e-03
2.553000,4.27825431e-02,3.52825431e-02,2.352170,-3.48534196e-02,2.59089796e-03
2.553500,4.27651138e-02,3.52651138e-02,2.351008,-3.48585021e-02,2.59659231e-03
2.554000,4.27476836e-02,3.52476836e-02,2.349846,-3.48603877e-02,2.59370581e-03
2.554500,4.27302528e-02,3.52302528e-02,2.348684,-3.48615936e-02,2.60447681e-03
2.555000,4.27128217e-02,3.52128217e-02,2.347521,-3.48623210e-02,2.60398649e-03
2.555500,4.26953910e-02,3.51953910e-02,2.346359,-3.48613231e-02,2.59345214e-03
2.556000,4.26779604e-02,3.51779604e-02,2.345197,-3.48613372e-02,2.59284768e-03
2.556500,4.26605288e-02,3.51605288e-02,2.344035,-3.48631345e-02,2.60511531e-03
2.557000,4.26430968e-02,3.51430968e-02,2.342873,-3.48639464e-02,2.62962677e-03
2.557500,4.26256665e-02,3.51256665e-02,2.341711,-3.48605766e-02,2.61780189e-03
2.558000,4.26082394e-02,3.51082394e-02,2.340549,-3.48542273e-02,2.61243905e-03
2.558500,4.25908143e-02,3.50908143e-02,2.339388,-3.48502940e-02,2.60840069e-03
2.559000,4.25733905e-02,3.50733905e-02,2.338226,-3.48475983e-02,2.62655583e-03
2.559500,4.25559685e-02,3.50559685e-02,2.337065,-3.48439605e-02,2.62550904e-03
2.560000,4.25385498e-02,3.50385498e-02,2.335903,-3.48374341e-02,2.61341569e-03
2.560500,4.25211337e-02,3.50211337e-02,2.334742,-3.48321488e-02,2.60254724e-03
2.561000,4.25037188e-02,3.50037188e-02,2.333581,-3.48298104e-02,2.60228438e-03
2.561500,4.24863041e-02,3.49863041e-02,2.332420,-3.48292798e-02,2.60818268e-03
2.562000,4.24688900e-02,3.49688900e-02,2.331259,-3.48282709e-02,2.61610407e-03
2.562500,4.24514772e-02,3.49514772e-02,2.330098,-3.48255931e-02,2.60675077e-03
2.563000,4.24340660e-02,3.49340660e-02,2.328938,-3.48224415e-02,2.61568867e-03
2.563500,4.24166560e-02,3.49166560e-02,2.327777,-3.48200355e-02,2.59257633e-03
2.564000,4.23992469e-02,3.48992469e-02,2.326616,-3.48182054e-02,2.57850592e-03
2.564500,4.23818362e-02,3.48818362e-02,2.325456,-3.48214146e-02,2.58882133e-03
2.565000,4.23644232e-02,3.48644232e-02,2.324295,-3.48260223e-02,2.60208725e-03
2.565500,4.23470093e-02,3.48470093e-02,2.323134,-3.48277630e-02,2.59701394e-03
2.566000,4.23295954e-02,3.48295954e-02,2.321973,-3.48277741e-02,2.58024554e-03
2.566500,4.23121803e-02,3.48121803e-02,2.320812,-3.48301008e-02,2.56860902e-03
2.567000,4.22947622e-02,3.47947622e-02,2.319651,-3.48362099e-02,2.60129152e-03
2.567500,4.22773416e-02,3.47773416e-02,2.318489,-3.48413401e-02,2.61258400e-03
2.568000,4.22599215e-02,3.47599215e-02,2.317328,-3.48401050e-02,2.59705185e-03
2.568500,4.22425023e-02,3.47425023e-02,2.316167,-3.48383890e-02,2.58418355e-03
2.569000,4.22250821e-02,3.47250821e-02,2.315005,-3.48403613e-02,2.58640237e-03
2.569500,4.22076600e-02,3.47076600e-02,2.313844,-3.48442505e-02,2.59825038e-03
2.570000,4.21902366e-02,3.46902366e-02,2.312682,-3.48467278e-02,2.59454247e-03
2.570500,4.21728129e-02,3.46728129e-02,2.311521,-3.48475874e-02,2.60727400e-03
2.571000,4.21553889e-02,3.46553889e-02,2.310359,-3.48479301e-02,2.60287763e-03
2.571500,4.21379656e-02,3.46379656e-02,2.309198,-3.48465709e-02,2.59591605e-03
2.572000,4.21205423e-02,3.46205423e-02,2.308036,-3.48465492e-02,2.58857175e-03
2.572500,4.21031182e-02,3.46031182e-02,2.306875,-3.48483200e-02,2.60441442e-03
2.573000,4.20856932e-02,3.45856932e-02,2.305713,-3.48498960e-02,2.63117069e-03
2.573500,4.20682700e-02,3.45682700e-02,2.304551,-3.48465048e-02,2.61228706e-03
2.574000,4.20508498e-02,3.45508498e-02,2.303390,-3.48403896e-02,2.60315255e-03
2.574500,4.20334307e-02,3.45334307e-02,2.302229,-3.48381830e-02,2.61552349e-03
2.575000,4.20160125e-02,3.45160125e-02,2.301067,-3.48363824e-02,2.62664694e-03
2.575500,4.19985967e-02,3.44985967e-02,2.299906,-3.48315670e-02,2.62086197e-03
2.576000,4.19811840e-02,3.44811840e-02,2.298746,-3.48254365e-02,2.60435377e-03
2.576500,4.19637731e-02,3.44637731e-02,2.297585,-3.48217155e-02,2.59996382e-03
2.577000,4.19463626e-02,3.44463626e-02,2.296424,-3.48210935e-02,2.61117614e-03
2.577500,4.19289525e-02,3.44289525e-02,2.295263,-3.48202010e-02,2.61302560e-03
2.578000,4.19115438e-02,3.44115438e-02,2.294103,-3.48173038e-02,2.61707296e-03
2.578500,4.18941370e-02,3.43941370e-02,2.292942,-3.48137450e-02,2.61747312e-03
2.579000,4.18767322e-02,3.43767322e-02,2.291782,-3.48094863e-02,2.60570905e-03
2.579500,4.18593291e-02,3.43593291e-02,2.290622,-3.48062020e-02,2.58521180e-03
2.580000,4.18419258e-02,3.43419258e-02,2.289462,-3.48066618e-02,2.57907553e-03
2.580500,4.18245203e-02,3.43245203e-02,2.288301,-3.48110300e-02,2.60243330e-03
2.581000,4.18071131e-02,3.43071131e-02,2.287141,-3.48143405e-02,2.60529018e-03
2.581500,4.17897063e-02,3.42897063e-02,2.285980,-3.48135629e-02,2.58561751e-03
2.582000,4.17722993e-02,3.42722993e-02,2.284820,-3.48140556e-02,2.57086354e-03
2.582500,4.17548897e-02,3.42548897e-02,2.283659,-3.48190833e-02,2.57494441e-03
2.583000,4.17374767e-02,3.42374767e-02,2.282498,-3.48261728e-02,2.60552886e-03
2.583500,4.17200617e-02,3.42200617e-02,2.281337,-3.48298880e-02,2.61083423e-03
2.584000,4.17026477e-02,3.42026477e-02,2.280177,-3.48281119e-02,2.59072371e-03
2.584500,4.16852340e-02,3.41852340e-02,2.279016,-3.48272428e-02,2.57767668e-03
2.585000,4.16678186e-02,3.41678186e-02,2.277855,-3.48308295e-02,2.59409107e-03
2.585500,4.16504011e-02,3.41504011e-02,2.276693,-3.48351074e-02,2.59909690e-03
2.586000,4.16329829e-02,3.41329829e-02,2.275532,-3.48362472e-02,2.59233485e-03
2.586500,4.16155644e-02,3.41155644e-02,2.274371,-3.48371630e-02,2.60319156e-03
2.587000,4.15981453e-02,3.40981453e-02,2.273210,-3.48382292e-02,2.60324501e-03
2.587500,4.15807265e-02,3.40807265e-02,2.272048,-3.48375079e-02,2.59090619e-03
2.588000,4.15633076e-02,3.40633076e-02,2.270887,-3.48378688e-02,2.59477963e-03
2.588500,4.15458876e-02,3.40458876e-02,2.269726,-3.48399134e-02,2.60806712e-03
2.589000,4.15284675e-02,3.40284675e-02,2.268565,-3.48401471e-02,2.63301318e-03
2.589500,4.15110495e-02,3.40110495e-02,2.267403,-3.48359931e-02,2.61519479e-03
2.590000,4.14936349e-02,3.39936349e-02,2.266242,-3.48293183e-02,2.61030930e-03
2.590500,4.14762219e-02,3.39762219e-02,2.265081,-3.48260014e-02,2.61612228e-03
2.591000,4.14588104e-02,3.39588104e-02,2.263921,-3.48229727e-02,2.62303976e-03
2.591500,4.14414012e-02,3.39414012e-02,2.262760,-3.48183779e-02,2.63042973e-03
2.592000,4.14239952e-02,3.39239952e-02,2.261600,-3.48119937e-02,2.60891566e-03
2.592500,4.14065921e-02,3.39065921e-02,2.260439,-3.48062983e-02,2.59494394e-03
2.593000,4.13891894e-02,3.38891894e-02,2.259279,-3.48053711e-02,2.60281033e-03
2.593500,4.13717863e-02,3.38717863e-02,2.258119,-3.48060425e-02,2.61391699e-03
2.594000,4.13543841e-02,3.38543841e-02,2.256959,-3.48044403e-02,2.61111922e-03
2.594500,4.13369835e-02,3.38369835e-02,2.255799,-3.48012615e-02,2.62098328e-03
2.595000,4.13195847e-02,3.38195847e-02,2.254639,-3.47976701e-02,2.60173152e-03
2.595500,4.13021876e-02,3.38021876e-02,2.253479,-3.47941611e-02,2.58576472e-03
2.596000,4.12847900e-02,3.37847900e-02,2.252319,-3.47952251e-02,2.59242083e-03
2.596500,4.12673908e-02,3.37673908e-02,2.251159,-3.47983226e-02,2.59674147e-03
2.597000,4.12499908e-02,3.37499908e-02,2.249999,-3.47999449e-02,2.59994483e-03
2.597500,4.12325905e-02,3.37325905e-02,2.248839,-3.48005746e-02,2.58574188e-03
2.598000,4.12151896e-02,3.37151896e-02,2.247679,-3.48019341e-02,2.57416826e-03
2.598500,4.11977863e-02,3.36977863e-02,2.246519,-3.48066491e-02,2.58026918e-03
2.599000,4.11803799e-02,3.36803799e-02,2.245359,-3.48127252e-02,2.60986040e-03
2.599500,4.11629723e-02,3.36629723e-02,2.244198,-3.48151830e-02,2.60461637e-03
2.600000,4.11455657e-02,3.36455657e-02,2.243038,-3.48132454e-02,2.59225890e-03
2.600500,4.11281590e-02,3.36281590e-02,2.241877,-3.48132615e-02,2.58469168e-03
2.601000,4.11107511e-02,3.36107511e-02,2.240717,-3.48159760e-02,2.58813035e-03
2.601500,4.10933412e-02,3.35933412e-02,2.239556,-3.48196289e-02,2.60085196e-03
2.602000,4.10759305e-02,3.35759305e-02,2.238395,-3.48215924e-02,2.59931485e-03
2.602500,4.10585196e-02,3.35585196e-02,2.237235,-3.48216028e-02,2.60919880e-03
2.603000,4.10411092e-02,3.35411092e-02,2.236074,-3.48209917e-02,2.59849797e-03
2.603500,4.10236993e-02,3.35236993e-02,2.234913,-3.48197037e-02,2.58504203e-03
2.604000,4.10062886e-02,3.35062886e-02,2.233753,-3.48213626e-02,2.58923341e-03
2.604500,4.09888762e-02,3.34888762e-02,2.232592,-3.48248605e-02,2.61962934e-03
2.605000,4.09714637e-02,3.34714637e-02,2.231431,-3.48249826e-02,2.63061633e-03
2.605500,4.09540541e-02,3.34540541e-02,2.230270,-3.48191419e-02,2.61112947e-03
2.606000,4.09366475e-02,3.34366475e-02,2.229110,-3.48132202e-02,2.59942434e-03
2.606500,4.09192418e-02,3.34192418e-02,2.227949,-3.48115333e-02,2.61491719e-03
2.607000,4.09018366e-02,3.34018366e-02,2.226789,-3.48103985e-02,2.62690951e-03
2.607500,4.08844337e-02,3.33844337e-02,2.225629,-3.48056594e-02,2.62815848e-03
2.608000,4.08670343e-02,3.33670343e-02,2.224469,-3.47988406e-02,2.60243269e-03
2.608500,4.08496373e-02,3.33496373e-02,2.223309,-3.47940914e-02,2.59810887e-03
2.609000,4.08322403e-02,3.33322403e-02,2.222149,-3.47939489e-02,2.61014865e-03
2.609500,4.08148436e-02,3.33148436e-02,2.220990,-3.47934518e-02,2.61489785e-03
2.610000,4.07974483e-02,3.32974483e-02,2.219830,-3.47905578e-02,2.61836495e-03
2.610500,4.07800550e-02,3.32800550e-02,2.218670,-3.47865773e-02,2.61890810e-03
2.611000,4.07626640e-02,3.32626640e-02,2.217511,-3.47819796e-02,2.59798589e-03
2.611500,4.07452744e-02,3.32452744e-02,2.216352,-3.47791425e-02,2.58877965e-03
2.612000,4.07278841e-02,3.32278841e-02,2.215192,-3.47805551e-02,2.58997223e-03
2.612500,4.07104925e-02,3.32104925e-02,2.214033,-3.47833739e-02,2.59206448e-03
2.613000,4.06930996e-02,3.31930996e-02,2.212873,-3.47858119e-02,2.60257380e-03
2.613500,4.06757061e-02,3.31757061e-02,2.211714,-3.47869771e-02,2.58906798e-03
2.614000,4.06583123e-02,3.31583123e-02,2.210554,-3.47876108e-02,2.56884436e-03
2.614500,4.06409161e-02,3.31409161e-02,2.209394,-3.47922504e-02,2.58159048e-03
2.615000,4.06235166e-02,3.31235166e-02,2.208234,-3.47990839e-02,2.60520964e-03
2.615500,4.06061157e-02,3.31061157e-02,2.207074,-3.48017359e-02,2.60692987e-03
2.616000,4.05887155e-02,3.30887155e-02,2.205914,-3.48003575e-02,2.58910162e-03
2.616500,4.05713154e-02,3.30713154e-02,2.204754,-3.48002729e-02,2.58216719e-03
2.617000,4.05539135e-02,3.30539135e-02,2.203594,-3.48037290e-02,2.59709033e-03
2.617500,4.05365100e-02,3.30365100e-02,2.202434,-3.48070042e-02,2.59785425e-03
2.618000,4.05191062e-02,3.30191062e-02,2.201274,-3.48077615e-02,2.59322704e-03
2.618500,4.05017018e-02,3.30017018e-02,2.200113,-3.48088024e-02,2.60787558e-03
2.619000,4.04842971e-02,3.29842971e-02,2.198953,-3.48093079e-02,2.60180964e-03
2.619500,4.04668931e-02,3.29668931e-02,2.197793,-3.48079444e-02,2.58240059e-03
2.620000,4.04494885e-02,3.29494885e-02,2.196633,-3.48092931e-02,2.60050832e-03
2.620500,4.04320824e-02,3.29320824e-02,2.195472,-3.48122278e-02,2.62118389e-03
2.621000,4.04146772e-02,3.29146772e-02,2.194312,-3.48103610e-02,2.62873928e-03
2.621500,4.03972750e-02,3.28972750e-02,2.193152,-3.48044311e-02,2.61608364e-03
2.622000,4.03798758e-02,3.28798758e-02,2.191992,-3.47983795e-02,2.60264842e-03
2.622500,4.03624780e-02,3.28624780e-02,2.190832,-3.47955940e-02,2.61051818e-03
2.623000,4.03450808e-02,3.28450808e-02,2.189672,-3.47943188e-02,2.63092064e-03
2.623500,4.03276859e-02,3.28276859e-02,2.188512,-3.47899474e-02,2.63052023e-03
2.624000,4.03102947e-02,3.28102947e-02,2.187353,-3.47822611e-02,2.60664885e-03
2.624500,4.02929064e-02,3.27929064e-02,2.186194,-3.47767513e-02,2.59717203e-03
2.625000,4.02755184e-02,3.27755184e-02,2.185035,-3.47759992e-02,2.60176784e-03
2.625500,4.02581302e-02,3.27581302e-02,2.183875,-3.47763970e-02,2.61892524e-03
2.626000,4.02407429e-02,3.27407429e-02,2.182716,-3.47745231e-02,2.61399543e-03
2.626500,4.02233578e-02,3.27233578e-02,2.181557,-3.47702677e-02,2.61516371e-03
2.627000,4.02059744e-02,3.27059744e-02,2.180398,-3.47667185e-02,2.59950612e-03
2.627500,4.01885922e-02,3.26885922e-02,2.179239,-3.47643619e-02,2.59096373e-03
2.628000,4.01712096e-02,3.26712096e-02,2.178081,-3.47653317e-02,2.59241346e-03
2.628500,4.01538258e-02,3.26538258e-02,2.176922,-3.47675760e-02,2.58693945e-03
2.629000,4.01364407e-02,3.26364407e-02,2.175763,-3.47700663e-02,2.59917592e-03
2.629500,4.01190545e-02,3.26190545e-02,2.174604,-3.47723735e-02,2.59240832e-03
2.630000,4.01016679e-02,3.26016679e-02,2.173445,-3.47732698e-02,2.57439023e-03
2.630500,4.00842795e-02,3.25842795e-02,2.172285,-3.47768706e-02,2.59036926e-03
2.631000,4.00668885e-02,3.25668885e-02,2.171126,-3.47820171e-02,2.60469876e-03
2.631500,4.00494968e-02,3.25494968e-02,2.169966,-3.47832728e-02,2.59853975e-03
2.632000,4.00321055e-02,3.25321055e-02,2.168807,-3.47827201e-02,2.59131665e-03
2.632500,4.00147136e-02,3.25147136e-02,2.167648,-3.47838174e-02,2.58898693e-03
2.633000,3.99973204e-02,3.24973204e-02,2.166488,-3.47863067e-02,2.59476639e-03
2.633500,3.99799261e-02,3.24799261e-02,2.165328,-3.47886676e-02,2.59715492e-03
2.634000,3.99625311e-02,3.24625311e-02,2.164169,-3.47898683e-02,2.59917393e-03
2.634500,3.99451359e-02,3.24451359e-02,2.163009,-3.47904982e-02,2.61097745e-03
2.635000,3.99277410e-02,3.24277410e-02,2.161849,-3.47897530e-02,2.60131551e-03
2.635500,3.99103471e-02,3.24103471e-02,2.160690,-3.47879238e-02,2.58190948e-03
2.636000,3.98929524e-02,3.23929524e-02,2.159530,-3.47893971e-02,2.59392465e-03
2.636500,3.98755559e-02,3.23755559e-02,2.158370,-3.47929946e-02,2.62497158e-03
2.637000,3.98581599e-02,3.23581599e-02,2.157211,-3.47918739e-02,2.62684660e-03
2.637500,3.98407672e-02,3.23407672e-02,2.156051,-3.47854894e-02,2.60772540e-03
2.638000,3.98233769e-02,3.23233769e-02,2.154892,-3.47804876e-02,2.59565695e-03
2.638500,3.98059871e-02,3.23059871e-02,2.153732,-3.47796928e-02,2.61773415e-03
2.639000,3.97885976e-02,3.22885976e-02,2.152573,-3.47789276e-02,2.63555952e-03
2.639500,3.97712111e-02,3.22712111e-02,2.151414,-3.47729611e-02,2.62047099e-03
2.640000,3.97538284e-02,3.22538284e-02,2.150255,-3.47654016e-02,2.59450200e-03
2.640500,3.97364471e-02,3.22364471e-02,2.149096,-3.47626160e-02,2.60728887e-03
2.641000,3.97190657e-02,3.22190657e-02,2.147938,-3.47629640e-02,2.61068799e-03
2.641500,3.97016852e-02,3.22016852e-02,2.146779,-3.47609119e-02,2.62180331e-03
2.642000,3.96843065e-02,3.21843065e-02,2.145620,-3.47573187e-02,2.61497084e-03
2.642500,3.96669303e-02,3.21669303e-02,2.144462,-3.47525044e-02,2.61502944e-03
2.643000,3.96495559e-02,3.21495559e-02,2.143304,-3.47488069e-02,2.59624658e-03
2.643500,3.96321825e-02,3.21321825e-02,2.142146,-3.47467606e-02,2.58871282e-03
2.644000,3.96148083e-02,3.21148083e-02,2.140987,-3.47484646e-02,2.58793009e-03
2.644500,3.95974325e-02,3.20974325e-02,2.139829,-3.47514750e-02,2.59680890e-03
2.645000,3.95800556e-02,3.20800556e-02,2.138670,-3.47538289e-02,2.59837216e-03
2.645500,3.95626783e-02,3.20626783e-02,2.137512,-3.47545865e-02,2.58933172e-03
2.646000,3.95453004e-02,3.20453004e-02,2.136353,-3.47558868e-02,2.57093618e-03
2.646500,3.95279202e-02,3.20279202e-02,2.135195,-3.47602982e-02,2.58785258e-03
2.647000,3.95105371e-02,3.20105371e-02,2.134036,-3.47662344e-02,2.60416112e-03
2.647500,3.94931531e-02,3.19931531e-02,2.132877,-3.47679509e-02,2.60255251e-03
2.648000,3.94757696e-02,3.19757696e-02,2.131718,-3.47671317e-02,2.58916863e-03
2.648500,3.94583857e-02,3.19583857e-02,2.130559,-3.47677599e-02,2.58368332e-03
2.649000,3.94410002e-02,3.19410002e-02,2.129400,-3.47710710e-02,2.59896554e-03
2.649500,3.94236132e-02,3.19236132e-02,2.128241,-3.47739315e-02,2.59550318e-03
2.650000,3.94062259e-02,3.19062259e-02,2.127082,-3.47745887e-02,2.59674539e-03
2.650500,3.93888380e-02,3.18888380e-02,2.125923,-3.47757046e-02,2.61142160e-03
2.651000,3.93714504e-02,3.18714504e-02,2.124763,-3.47753188e-02,2.60170848e-03
2.651500,3.93540637e-02,3.18540637e-02,2.123604,-3.47733820e-02,2.58306446e-03
2.652000,3.93366763e-02,3.18366763e-02,2.122445,-3.47746886e-02,2.60164865e-03
2.652500,3.93192876e-02,3.18192876e-02,2.121286,-3.47774135e-02,2.62248403e-03
2.653000,3.93019000e-02,3.18019000e-02,2.120127,-3.47752444e-02,2.62820849e-03
2.653500,3.92845154e-02,3.17845154e-02,2.118968,-3.47691479e-02,2.61719158e-03
2.654000,3.92671339e-02,3.17671339e-02,2.117809,-3.47630855e-02,2.59884797e-03
2.654500,3.92497537e-02,3.17497537e-02,2.116650,-3.47604541e-02,2.61671047e-03
2.655000,3.92323740e-02,3.17323740e-02,2.115492,-3.47592555e-02,2.63693408e-03
2.655500,3.92149974e-02,3.17149974e-02,2.114333,-3.47533355e-02,2.62394405e-03
2.656000,3.91976248e-02,3.16976248e-02,2.113175,-3.47452433e-02,2.60142774e-03
2.656500,3.91802541e-02,3.16802541e-02,2.112017,-3.47412750e-02,2.60202788e-03
2.657000,3.91628836e-02,3.16628836e-02,2.110859,-3.47409509e-02,2.60166864e-03
2.657500,3.91455134e-02,3.16455134e-02,2.109701,-3.47405601e-02,2.62202864e-03
2.658000,3.91281442e-02,3.16281442e-02,2.108543,-3.47384281e-02,2.61175330e-03
2.658500,3.91107772e-02,3.16107772e-02,2.107385,-3.47338613e-02,2.61443148e-03
2.659000,3.90934118e-02,3.15934118e-02,2.106227,-3.47307450e-02,2.60205299e-03
2.659500,3.90760477e-02,3.15760477e-02,2.105070,-3.47282835e-02,2.58980335e-03
2.660000,3.90586832e-02,3.15586832e-02,2.103912,-3.47289377e-02,2.58800275e-03
2.660500,3.90413174e-02,3.15413174e-02,2.102754,-3.47317625e-02,2.59069362e-03
2.661000,3.90239500e-02,3.15239500e-02,2.101597,-3.47346452e-02,2.59667467e-03
2.661500,3.90065818e-02,3.15065818e-02,2.100439,-3.47365571e-02,2.59154135e-03
2.662000,3.89892128e-02,3.14892128e-02,2.099281,-3.47379407e-02,2.57656705e-03
2.662500,3.89718420e-02,3.14718420e-02,2.098123,-3.47414914e-02,2.59224758e-03
2.663000,3.89544690e-02,3.14544690e-02,2.096965,-3.47461144e-02,2.60662957e-03
2.663500,3.89370955e-02,3.14370955e-02,2.095806,-3.47468910e-02,2.59826150e-03
2.664000,3.89197225e-02,3.14197225e-02,2.094648,-3.47460458e-02,2.59121003e-03
2.664500,3.89023489e-02,3.14023489e-02,2.093490,-3.47471982e-02,2.58663532e-03
2.665000,3.88849740e-02,3.13849740e-02,2.092332,-3.47499130e-02,2.59678411e-03
2.665500,3.88675977e-02,3.13675977e-02,2.091173,-3.47524816e-02,2.59476462e-03
2.666000,3.88502209e-02,3.13502209e-02,2.090015,-3.47535623e-02,2.60599382e-03
2.666500,3.88328439e-02,3.13328439e-02,2.088856,-3.47539817e-02,2.61159056e-03
2.667000,3.88154679e-02,3.13154679e-02,2.087698,-3.47520624e-02,2.60034409e-03
2.667500,3.87980928e-02,3.12980928e-02,2.086540,-3.47502184e-02,2.58091650e-03
2.668000,3.87807168e-02,3.12807168e-02,2.085381,-3.47519390e-02,2.59326098e-03
2.668500,3.87633390e-02,3.12633390e-02,2.084223,-3.47557582e-02,2.62705309e-03
2.669000,3.87459617e-02,3.12459617e-02,2.083064,-3.47545625e-02,2.62563977e-03
2.669500,3.87285877e-02,3.12285877e-02,2.081906,-3.47479429e-02,2.60820678e-03
2.670000,3.87112162e-02,3.12112162e-02,2.080748,-3.47430967e-02,2.59655708e-03
2.670500,3.86938451e-02,3.11938451e-02,2.079590,-3.47421433e-02,2.62012378e-03
2.671000,3.86764746e-02,3.11764746e-02,2.078432,-3.47410190e-02,2.63696765e-03
2.671500,3.86591073e-02,3.11591073e-02,2.077274,-3.47345356e-02,2.61844954e-03
2.672000,3.86417438e-02,3.11417438e-02,2.076116,-3.47269236e-02,2.59290591e-03
2.672500,3.86243815e-02,3.11243815e-02,2.074959,-3.47246111e-02,2.61160320e-03
2.673000,3.86070191e-02,3.11070191e-02,2.073801,-3.47248397e-02,2.60943033e-03
2.673500,3.85896580e-02,3.10896580e-02,2.072644,-3.47221903e-02,2.62472753e-03
2.674000,3.85722988e-02,3.10722988e-02,2.071487,-3.47185451e-02,2.61351188e-03
2.674500,3.85549421e-02,3.10549421e-02,2.070329,-3.47133797e-02,2.61510128e-03
2.675000,3.85375871e-02,3.10375871e-02,2.069172,-3.47099154e-02,2.59729251e-03
2.675500,3.85202332e-02,3.10202332e-02,2.068016,-3.47077647e-02,2.58846390e-03
2.676000,3.85028786e-02,3.10028786e-02,2.066859,-3.47093191e-02,2.58753121e-03
2.676500,3.84855224e-02,3.09855224e-02,2.065701,-3.47124056e-02,2.59811315e-03
2.677000,3.84681650e-02,3.09681650e-02,2.064544,-3.47147096e-02,2.59897642e-03
2.677500,3.84508074e-02,3.09508074e-02,2.063387,-3.47151997e-02,2.59062200e-03
2.678000,3.84334493e-02,3.09334493e-02,2.062230,-3.47162867e-02,2.56966491e-03
2.678500,3.84160890e-02,3.09160890e-02,2.061073,-3.47205985e-02,2.58774036e-03
2.679000,3.83987256e-02,3.08987256e-02,2.059915,-3.47267535e-02,2.60551804e-03
2.679500,3.83813614e-02,3.08813614e-02,2.058757,-3.47283684e-02,2.60346944e-03
2.680000,3.83639978e-02,3.08639978e-02,2.057600,-3.47272453e-02,2.58955450e-03
2.680500,3.83466339e-02,3.08466339e-02,2.056442,-3.47276889e-02,2.58204433e-03
2.681000,3.83292684e-02,3.08292684e-02,2.055285,-3.47310815e-02,2.60056513e-03
2.681500,3.83119014e-02,3.08119014e-02,2.054127,-3.47340697e-02,2.59482009e-03
2.682000,3.82945341e-02,3.07945341e-02,2.052969,-3.47345246e-02,2.59948128e-03
2.682500,3.82771663e-02,3.07771663e-02,2.051811,-3.47355108e-02,2.61221868e-03
2.683000,3.82597990e-02,3.07597990e-02,2.050653,-3.47346053e-02,2.60132168e-03
2.683500,3.82424328e-02,3.07424328e-02,2.049496,-3.47325717e-02,2.58297797e-03
2.684000,3.82250658e-02,3.07250658e-02,2.048338,-3.47339495e-02,2.60229170e-03
2.684500,3.82076975e-02,3.07076975e-02,2.047180,-3.47366317e-02,2.62417337e-03
2.685000,3.81903304e-02,3.06903304e-02,2.046022,-3.47342077e-02,2.62473313e-03
2.685500,3.81729663e-02,3.06729663e-02,2.044864,-3.47281411e-02,2.61825333e-03
2.686000,3.81556050e-02,3.06556050e-02,2.043707,-3.47225555e-02,2.60280300e-03
2.686500,3.81382453e-02,3.06382453e-02,2.042550,-3.47194001e-02,2.61996264e-03
2.687000,3.81208867e-02,3.06208867e-02,2.041392,-3.47172644e-02,2.63712004e-03
2.687500,3.81035313e-02,3.06035313e-02,2.040235,-3.47107940e-02,2.62369090e-03
2.688000,3.80861799e-02,3.05861799e-02,2.039079,-3.47026936e-02,2.59901882e-03
2.688500,3.80688304e-02,3.05688304e-02,2.037922,-3.46989799e-02,2.60293061e-03
2.689000,3.80514810e-02,3.05514810e-02,2.036765,-3.46989716e-02,2.60062535e-03
2.689500,3.80341317e-02,3.05341317e-02,2.035609,-3.46985248e-02,2.62508338e-03
2.690000,3.80167835e-02,3.05167835e-02,2.034452,-3.46962939e-02,2.61200208e-03
2.690500,3.79994379e-02,3.04994379e-02,2.033296,-3.46912036e-02,2.61449314e-03
2.691000,3.79820939e-02,3.04820939e-02,2.032140,-3.46880410e-02,2.60026856e-03
2.691500,3.79647511e-02,3.04647511e-02,2.030983,-3.46857271e-02,2.59066347e-03
2.692000,3.79474078e-02,3.04474078e-02,2.029827,-3.46865982e-02,2.58979873e-03
2.692500,3.79300632e-02,3.04300632e-02,2.028671,-3.46891231e-02,2.59160801e-03
2.693000,3.79127174e-02,3.04127174e-02,2.027514,-3.46916299e-02,2.59668863e-03
2.693500,3.78953707e-02,3.03953707e-02,2.026358,-3.46933905e-02,2.59185465e-03
2.694000,3.78780233e-02,3.03780233e-02,2.025202,-3.46947441e-02,2.57692496e-03
2.694500,3.78606742e-02,3.03606742e-02,2.024045,-3.46982117e-02,2.59288988e-03
2.695000,3.78433229e-02,3.03433229e-02,2.022888,-3.47027191e-02,2.60721010e-03
2.695500,3.78259712e-02,3.03259712e-02,2.021731,-3.47033389e-02,2.59870228e-03
2.696000,3.78086200e-02,3.03086200e-02,2.020575,-3.47023594e-02,2.59162365e-03
2.696500,3.77912683e-02,3.02912683e-02,2.019418,-3.47034028e-02,2.58711612e-03
2.697000,3.77739153e-02,3.02739153e-02,2.018261,-3.47060072e-02,2.59727687e-03
2.697500,3.77565611e-02,3.02565611e-02,2.017104,-3.47084533e-02,2.59530198e-03
2.698000,3.77392064e-02,3.02392064e-02,2.015947,-3.47094056e-02,2.60651385e-03
2.698500,3.77218515e-02,3.02218515e-02,2.014790,-3.47096908e-02,2.61207211e-03
2.699000,3.77044977e-02,3.02044977e-02,2.013633,-3.47076435e-02,2.60078754e-03
2.699500,3.76871449e-02,3.01871449e-02,2.012476,-3.47056813e-02,2.58142185e-03
2.700000,3.76697912e-02,3.01697912e-02,2.011319,-3.47072843e-02,2.59380338e-03
2.700500,3.76524357e-02,3.01524357e-02,2.010162,-3.47109726e-02,2.62757283e-03
2.701000,3.76350809e-02,3.01350809e-02,2.009005,-3.47096419e-02,2.62843954e-03
2.701500,3.76177296e-02,3.01177296e-02,2.007849,-3.47026893e-02,2.60836828e-03
2.702000,3.76003809e-02,3.01003809e-02,2.006692,-3.46973692e-02,2.59774440e-03
2.702500,3.75830327e-02,3.00830327e-02,2.005536,-3.46962842e-02,2.61928196e-03
2.703000,3.75656852e-02,3.00656852e-02,2.004379,-3.46950394e-02,2.63672493e-03
2.703500,3.75483409e-02,3.00483409e-02,2.003223,-3.46887157e-02,2.62036516e-03
2.704000,3.75310004e-02,3.00310004e-02,2.002067,-3.46809742e-02,2.59460077e-03
2.704500,3.75136613e-02,3.00136613e-02,2.000911,-3.46781972e-02,2.61057656e-03
2.705000,3.74963222e-02,2.99963222e-02,1.999755,-3.46782383e-02,2.60991848e-03
2.705500,3.74789843e-02,2.99789843e-02,1.998599,-3.46757143e-02,2.62260193e-03
2.706000,3.74616482e-02,2.99616482e-02,1.997443,-3.46721769e-02,2.61540269e-03
2.706500,3.74443146e-02,2.99443146e-02,1.996288,-3.46671933e-02,2.61634738e-03
2.707000,3.74269830e-02,2.99269830e-02,1.995132,-3.46633084e-02,2.59816333e-03
2.707500,3.74096525e-02,2.99096525e-02,1.993977,-3.46608761e-02,2.58841041e-03
2.708000,3.73923214e-02,2.98923214e-02,1.992821,-3.46622922e-02,2.58761515e-03
2.708500,3.73749887e-02,2.98749887e-02,1.991666,-3.46653801e-02,2.59871593e-03
2.709000,3.73576549e-02,2.98576549e-02,1.990510,-3.46676170e-02,2.59981143e-03
2.709500,3.73403209e-02,2.98403209e-02,1.989355,-3.46679343e-02,2.59020062e-03
2.710000,3.73229865e-02,2.98229865e-02,1.988199,-3.46689214e-02,2.57154712e-03
2.710500,3.73056499e-02,2.98056499e-02,1.987043,-3.46731360e-02,2.58870187e-03
2.711000,3.72883104e-02,2.97883104e-02,1.985887,-3.46788969e-02,2.60529155e-03
2.711500,3.72709703e-02,2.97709703e-02,1.984731,-3.46803740e-02,2.60362820e-03
2.712000,3.72536306e-02,2.97536306e-02,1.983575,-3.46792740e-02,2.59006892e-03
2.712500,3.72362908e-02,2.97362908e-02,1.982419,-3.46796460e-02,2.58455743e-03
2.713000,3.72189494e-02,2.97189494e-02,1.981263,-3.46827319e-02,2.59991219e-03
2.713500,3.72016067e-02,2.97016067e-02,1.980107,-3.46853652e-02,2.59891419e-03
2.714000,3.71842640e-02,2.96842640e-02,1.978951,-3.46855653e-02,2.59685337e-03
2.714500,3.71669209e-02,2.96669209e-02,1.977795,-3.46861116e-02,2.61100303e-03
2.715000,3.71495780e-02,2.96495780e-02,1.976639,-3.46857451e-02,2.60117676e-03
2.715500,3.71322361e-02,2.96322361e-02,1.975482,-3.46839240e-02,2.58497165e-03
2.716000,3.71148935e-02,2.96148935e-02,1.974326,-3.46851493e-02,2.60446297e-03
2.716500,3.70975498e-02,2.95975498e-02,1.973170,-3.46873122e-02,2.62286522e-03
2.717000,3.70802075e-02,2.95802075e-02,1.972014,-3.46846473e-02,2.62809867e-03
2.717500,3.70628683e-02,2.95628683e-02,1.970858,-3.46784979e-02,2.61806621e-03
2.718000,3.70455321e-02,2.95455321e-02,1.969702,-3.46723762e-02,2.60025147e-03
2.718500,3.70281973e-02,2.95281973e-02,1.968546,-3.46694771e-02,2.61584487e-03
2.719000,3.70108633e-02,2.95108633e-02,1.967391,-3.46681245e-02,2.63904815e-03
2.719500,3.69935322e-02,2.94935322e-02,1.966235,-3.46621598e-02,2.62561469e-03
2.720000,3.69762054e-02,2.94762054e-02,1.965080,-3.46535727e-02,2.60262141e-03
2.720500,3.69588808e-02,2.94588808e-02,1.963925,-3.46492245e-02,2.60007827e-03
2.721000,3.69415564e-02,2.94415564e-02,1.962770,-3.46488768e-02,2.60521693e-03
2.721500,3.69242321e-02,2.94242321e-02,1.961615,-3.46484924e-02,2.62294469e-03
2.722000,3.69069093e-02,2.94069093e-02,1.960461,-3.46456967e-02,2.61349576e-03
2.722500,3.68895889e-02,2.93895889e-02,1.959306,-3.46408255e-02,2.61492595e-03
2.723000,3.68722702e-02,2.93722702e-02,1.958151,-3.46373793e-02,2.59967709e-03
2.723500,3.68549526e-02,2.93549526e-02,1.956997,-3.46350467e-02,2.59305398e-03
2.724000,3.68376347e-02,2.93376347e-02,1.955842,-3.46358036e-02,2.59284884e-03
2.724500,3.68203159e-02,2.93203159e-02,1.954688,-3.46376662e-02,2.59000938e-03
2.725000,3.68029960e-02,2.93029960e-02,1.953533,-3.46398135e-02,2.59870685e-03
2.725500,3.67856752e-02,2.92856752e-02,1.952378,-3.46416581e-02,2.59278720e-03
2.726000,3.67683539e-02,2.92683539e-02,1.951224,-3.46425979e-02,2.57796981e-03
2.726500,3.67510310e-02,2.92510310e-02,1.950069,-3.46458199e-02,2.59278404e-03
2.727000,3.67337059e-02,2.92337059e-02,1.948914,-3.46501652e-02,2.60589909e-03
2.727500,3.67163804e-02,2.92163804e-02,1.947759,-3.46509183e-02,2.59936475e-03
2.728000,3.66990554e-02,2.91990554e-02,1.946604,-3.46500955e-02,2.59156205e-03
2.728500,3.66817299e-02,2.91817299e-02,1.945449,-3.46510356e-02,2.59136078e-03
2.729000,3.66644032e-02,2.91644032e-02,1.944294,-3.46532747e-02,2.59693317e-03
2.729500,3.66470757e-02,2.91470757e-02,1.943138,-3.46550543e-02,2.59857641e-03
2.730000,3.66297478e-02,2.91297478e-02,1.941983,-3.46557734e-02,2.60024259e-03
2.730500,3.66124198e-02,2.91124198e-02,1.940828,-3.46560755e-02,2.61266772e-03
2.731000,3.65950923e-02,2.90950923e-02,1.939673,-3.46550053e-02,2.60256115e-03
2.731500,3.65777659e-02,2.90777659e-02,1.938518,-3.46527884e-02,2.58384204e-03
2.732000,3.65604389e-02,2.90604389e-02,1.937363,-3.46538863e-02,2.59566161e-03
2.732500,3.65431104e-02,2.90431104e-02,1.936207,-3.46570128e-02,2.62326050e-03
2.733000,3.65257825e-02,2.90257825e-02,1.935052,-3.46557583e-02,2.62912346e-03
2.733500,3.65084578e-02,2.90084578e-02,1.933897,-3.46494534e-02,2.60858235e-03
2.734000,3.64911358e-02,2.89911358e-02,1.932742,-3.46440019e-02,2.60012995e-03
2.734500,3.64738145e-02,2.89738145e-02,1.931588,-3.46426709e-02,2.61629725e-03
2.735000,3.64564938e-02,2.89564938e-02,1.930433,-3.46412983e-02,2.63970128e-03
2.735500,3.64391762e-02,2.89391762e-02,1.929278,-3.46352015e-02,2.62495946e-03
2.736000,3.64218629e-02,2.89218629e-02,1.928124,-3.46265651e-02,2.59675797e-03
2.736500,3.64045515e-02,2.89045515e-02,1.926970,-3.46228429e-02,2.60343294e-03
2.737000,3.63872399e-02,2.88872399e-02,1.925816,-3.46231615e-02,2.61225179e-03
2.737500,3.63699291e-02,2.88699291e-02,1.924662,-3.46216042e-02,2.61856882e-03
2.738000,3.63526201e-02,2.88526201e-02,1.923508,-3.46180402e-02,2.62122150e-03
2.738500,3.63353135e-02,2.88353135e-02,1.922354,-3.46132044e-02,2.61912545e-03
2.739000,3.63180095e-02,2.88180095e-02,1.921201,-3.46081183e-02,2.59850807e-03
2.739500,3.63007069e-02,2.88007069e-02,1.920047,-3.46051994e-02,2.59090737e-03
2.740000,3.62834037e-02,2.87834037e-02,1.918894,-3.46063381e-02,2.59240572e-03
2.740500,3.62660994e-02,2.87660994e-02,1.917740,-3.46085924e-02,2.59410675e-03
2.741000,3.62487942e-02,2.87487942e-02,1.916586,-3.46104502e-02,2.60406843e-03
2.741500,3.62314886e-02,2.87314886e-02,1.915433,-3.46111479e-02,2.59113825e-03
2.742000,3.62141829e-02,2.87141829e-02,1.914279,-3.46113531e-02,2.57112004e-03
2.742500,3.61968752e-02,2.86968752e-02,1.913125,-3.46154515e-02,2.58687176e-03
2.743000,3.61795645e-02,2.86795645e-02,1.911971,-3.46214444e-02,2.60578042e-03
2.743500,3.61622529e-02,2.86622529e-02,1.910817,-3.46231787e-02,2.60695272e-03
2.744000,3.61449420e-02,2.86449420e-02,1.909663,-3.46217045e-02,2.59061378e-03
2.744500,3.61276313e-02,2.86276313e-02,1.908509,-3.46214825e-02,2.58337662e-03
2.745000,3.61103190e-02,2.86103190e-02,1.907355,-3.46245833e-02,2.59602002e-03
2.745500,3.60930051e-02,2.85930051e-02,1.906200,-3.46277546e-02,2.60110175e-03
2.746000,3.60756909e-02,2.85756909e-02,1.905046,-3.46284005e-02,2.59675993e-03
2.746500,3.60583766e-02,2.85583766e-02,1.903892,-3.46285957e-02,2.61004515e-03
2.747000,3.60410625e-02,2.85410625e-02,1.902737,-3.46283293e-02,2.60391128e-03
2.747500,3.60237492e-02,2.85237492e-02,1.901583,-3.46264237e-02,2.58632182e-03
2.748000,3.60064357e-02,2.85064357e-02,1.900429,-3.46270806e-02,2.59642774e-03
2.748500,3.59891208e-02,2.84891208e-02,1.899275,-3.46297322e-02,2.62063793e-03
2.749000,3.59718065e-02,2.84718065e-02,1.898120,-3.46285837e-02,2.63359262e-03
2.749500,3.59544954e-02,2.84544954e-02,1.896966,-3.46223143e-02,2.62476556e-03
2.750000,3.59371880e-02,2.84371880e-02,1.895813,-3.46146981e-02,2.60470176e-03
2.750500,3.59198829e-02,2.84198829e-02,1.894659,-3.46103054e-02,2.61283244e-03
2.751000,3.59025786e-02,2.84025786e-02,1.893505,-3.46084884e-02,2.63184758e-03
2.751500,3.58852768e-02,2.83852768e-02,1.892352,-3.46036550e-02,2.63328302e-03
2.752000,3.58679790e-02,2.83679790e-02,1.891199,-3.45955723e-02,2.60977721e-03
2.752500,3.58506844e-02,2.83506844e-02,1.890046,-3.45893322e-02,2.59500972e-03
2.753000,3.58333902e-02,2.83333902e-02,1.888893,-3.45882576e-02,2.60479650e-03
2.753500,3.58160959e-02,2.83160959e-02,1.887740,-3.45887427e-02,2.61683198e-03
2.754000,3.57988026e-02,2.82988026e-02,1.886587,-3.45865565e-02,2.61402574e-03
2.754500,3.57815113e-02,2.82815113e-02,1.885434,-3.45826422e-02,2.62317388e-03
2.755000,3.57642221e-02,2.82642221e-02,1.884281,-3.45783797e-02,2.60385960e-03
2.755500,3.57469349e-02,2.82469349e-02,1.883129,-3.45743229e-02,2.58687709e-03
2.756000,3.57296474e-02,2.82296474e-02,1.881976,-3.45749391e-02,2.59317784e-03
2.756500,3.57123585e-02,2.82123585e-02,1.880824,-3.45777869e-02,2.60061445e-03
2.757000,3.56950691e-02,2.81950691e-02,1.879671,-3.45789426e-02,2.60216039e-03
2.757500,3.56777797e-02,2.81777797e-02,1.878519,-3.45787404e-02,2.58933075e-03
2.758000,3.56604900e-02,2.81604900e-02,1.877366,-3.45794187e-02,2.57773163e-03
2.758500,3.56431984e-02,2.81431984e-02,1.876213,-3.45832294e-02,2.58286757e-03
2.759000,3.56259041e-02,2.81259041e-02,1.875060,-3.45884905e-02,2.61124325e-03
2.759500,3.56086089e-02,2.81086089e-02,1.873907,-3.45903994e-02,2.60845623e-03
2.760000,3.55913150e-02,2.80913150e-02,1.872754,-3.45878952e-02,2.59464378e-03
2.760500,3.55740215e-02,2.80740215e-02,1.871601,-3.45870700e-02,2.58568694e-03
2.761000,3.55567268e-02,2.80567268e-02,1.870448,-3.45893048e-02,2.59548496e-03
2.761500,3.55394307e-02,2.80394307e-02,1.869295,-3.45921440e-02,2.60159608e-03
2.762000,3.55221343e-02,2.80221343e-02,1.868142,-3.45928340e-02,2.59696156e-03
2.762500,3.55048378e-02,2.80048378e-02,1.866989,-3.45929303e-02,2.61121943e-03
2.763000,3.54875416e-02,2.79875416e-02,1.865836,-3.45925269e-02,2.60274375e-03
2.763500,3.54702463e-02,2.79702463e-02,1.864683,-3.45905317e-02,2.59359976e-03
2.764000,3.54529509e-02,2.79529509e-02,1.863530,-3.45907368e-02,2.59068638e-03
2.764500,3.54356546e-02,2.79356546e-02,1.862377,-3.45927010e-02,2.61144284e-03
2.765000,3.54183579e-02,2.79183579e-02,1.861224,-3.45933083e-02,2.63491553e-03
2.765500,3.54010637e-02,2.79010637e-02,1.860071,-3.45884318e-02,2.61787205e-03
2.766000,3.53837731e-02,2.78837731e-02,1.858918,-3.45812079e-02,2.60317738e-03
2.766500,3.53664841e-02,2.78664841e-02,1.857766,-3.45780820e-02,2.61845982e-03
2.767000,3.53491961e-02,2.78491961e-02,1.856613,-3.45760177e-02,2.62898935e-03
2.767500,3.53319108e-02,2.78319108e-02,1.855461,-3.45705130e-02,2.62386700e-03
2.768000,3.53146290e-02,2.78146290e-02,1.854309,-3.45637321e-02,2.60700799e-03
2.768500,3.52973493e-02,2.77973493e-02,1.853157,-3.45592831e-02,2.60295776e-03
2.769000,3.52800703e-02,2.77800703e-02,1.852005,-3.45579605e-02,2.61416081e-03
2.769500,3.52627922e-02,2.77627922e-02,1.850853,-3.45563125e-02,2.61485997e-03
2.770000,3.52455158e-02,2.77455158e-02,1.849701,-3.45527630e-02,2.61859815e-03
2.770500,3.52282414e-02,2.77282414e-02,1.848549,-3.45487681e-02,2.62123215e-03
2.771000,3.52109694e-02,2.77109694e-02,1.847398,-3.45439265e-02,2.60907719e-03
2.771500,3.51936996e-02,2.76936996e-02,1.846247,-3.45397272e-02,2.58830102e-03
2.772000,3.51764299e-02,2.76764299e-02,1.845095,-3.45393608e-02,2.58195021e-03
2.772500,3.51591584e-02,2.76591584e-02,1.843944,-3.45429675e-02,2.60567083e-03
2.773000,3.51418857e-02,2.76418857e-02,1.842792,-3.45455197e-02,2.60692289e-03
2.773500,3.51246136e-02,2.76246136e-02,1.841641,-3.45440661e-02,2.59282148e-03
2.774000,3.51073418e-02,2.76073418e-02,1.840489,-3.45436538e-02,2.57698759e-03
2.774500,3.50900683e-02,2.75900683e-02,1.839338,-3.45469570e-02,2.57726187e-03
2.775000,3.50727919e-02,2.75727919e-02,1.838186,-3.45528360e-02,2.59882763e-03
2.775500,3.50555135e-02,2.75555135e-02,1.837034,-3.45567632e-02,2.61775652e-03
2.776000,3.50382358e-02,2.75382358e-02,1.835882,-3.45554754e-02,2.59702492e-03
2.776500,3.50209593e-02,2.75209593e-02,1.834731,-3.45529124e-02,2.57729786e-03
2.777000,3.50036816e-02,2.75036816e-02,1.833579,-3.45554980e-02,2.59370783e-03
2.777500,3.49864016e-02,2.74864016e-02,1.832427,-3.45598719e-02,2.59956600e-03
2.778000,3.49691211e-02,2.74691211e-02,1.831275,-3.45610332e-02,2.59853566e-03
2.778500,3.49518405e-02,2.74518405e-02,1.830123,-3.45613237e-02,2.60676839e-03
2.779000,3.49345599e-02,2.74345599e-02,1.828971,-3.45610554e-02,2.60694199e-03
2.779500,3.49172802e-02,2.74172802e-02,1.827819,-3.45594199e-02,2.59739467e-03
2.780000,3.49000009e-02,2.74000009e-02,1.826667,-3.45586000e-02,2.59455726e-03
2.780500,3.48827211e-02,2.73827211e-02,1.825515,-3.45595988e-02,2.60935515e-03
2.781000,3.48654412e-02,2.73654412e-02,1.824363,-3.45597551e-02,2.63323845e-03
2.781500,3.48481636e-02,2.73481636e-02,1.823211,-3.45553697e-02,2.61591598e-03
2.782000,3.48308893e-02,2.73308893e-02,1.822059,-3.45485941e-02,2.61667965e-03
2.782500,3.48136170e-02,2.73136170e-02,1.820908,-3.45445955e-02,2.61441941e-03
2.783000,3.47963466e-02,2.72963466e-02,1.819756,-3.45406714e-02,2.62988745e-03
2.783500,3.47790788e-02,2.72790788e-02,1.818605,-3.45357507e-02,2.62857098e-03
2.784000,3.47618146e-02,2.72618146e-02,1.817454,-3.45284064e-02,2.61661667e-03
2.784500,3.47445534e-02,2.72445534e-02,1.816304,-3.45223354e-02,2.60295524e-03
2.785000,3.47272937e-02,2.72272937e-02,1.815153,-3.45194352e-02,2.60913495e-03
2.785500,3.47100346e-02,2.72100346e-02,1.814002,-3.45182319e-02,2.61044640e-03
2.786000,3.46927766e-02,2.71927766e-02,1.812852,-3.45158980e-02,2.61800813e-03
2.786500,3.46755203e-02,2.71755203e-02,1.811701,-3.45126800e-02,2.61334722e-03
2.787000,3.46582659e-02,2.71582659e-02,1.810551,-3.45086325e-02,2.62127529e-03
2.787500,3.46410136e-02,2.71410136e-02,1.809401,-3.45046494e-02,2.60292991e-03
2.788000,3.46237631e-02,2.71237631e-02,1.808251,-3.45009865e-02,2.57885311e-03
2.788500,3.46065119e-02,2.71065119e-02,1.807101,-3.45024649e-02,2.58751377e-03
2.789000,3.45892583e-02,2.70892583e-02,1.805951,-3.45071311e-02,2.60097728e-03
2.789500,3.45720037e-02,2.70720037e-02,1.804800,-3.45091847e-02,2.60540001e-03
2.790000,3.45547494e-02,2.70547494e-02,1.803650,-3.45086365e-02,2.58479462e-03
2.790500,3.45374948e-02,2.70374948e-02,1.802500,-3.45091840e-02,2.57088842e-03
2.791000,3.45202377e-02,2.70202377e-02,1.801349,-3.45143446e-02,2.60453983e-03
2.791500,3.45029783e-02,2.70029783e-02,1.800199,-3.45188132e-02,2.61769413e-03
2.792000,3.44857200e-02,2.69857200e-02,1.799048,-3.45165929e-02,2.60130707e-03
2.792500,3.44684631e-02,2.69684631e-02,1.797898,-3.45136616e-02,2.58068696e-03
2.793000,3.44512055e-02,2.69512055e-02,1.796747,-3.45152443e-02,2.58995656e-03
2.793500,3.44339458e-02,2.69339458e-02,1.795596,-3.45193934e-02,2.60121482e-03
2.794000,3.44166853e-02,2.69166853e-02,1.794446,-3.45210249e-02,2.60393725e-03
2.794500,3.43994250e-02,2.68994250e-02,1.793295,-3.45205670e-02,2.60662005e-03
2.795000,3.43821653e-02,2.68821653e-02,1.792144,-3.45194249e-02,2.60920342e-03
2.795500,3.43649065e-02,2.68649065e-02,1.790994,-3.45176138e-02,2.59961665e-03
2.796000,3.43476484e-02,2.68476484e-02,1.789843,-3.45162261e-02,2.58783502e-03
2.796500,3.43303896e-02,2.68303896e-02,1.788693,-3.45174544e-02,2.60402180e-03
2.797000,3.43131301e-02,2.68131301e-02,1.787542,-3.45191861e-02,2.62822740e-03
2.797500,3.42958720e-02,2.67958720e-02,1.786391,-3.45161196e-02,2.61960671e-03
2.798000,3.42786171e-02,2.67786171e-02,1.785241,-3.45098405e-02,2.61439244e-03
2.798500,3.42613644e-02,2.67613644e-02,1.784091,-3.45054381e-02,2.60495873e-03
2.799000,3.42441130e-02,2.67441130e-02,1.782941,-3.45027260e-02,2.63295679e-03
2.799500,3.42268634e-02,2.67268634e-02,1.781791,-3.44990875e-02,2.63072055e-03
2.800000,3.42096179e-02,2.67096179e-02,1.780641,-3.44910491e-02,2.61692827e-03
2.800500,3.41923756e-02,2.66923756e-02,1.779492,-3.44845975e-02,2.59236219e-03
2.801000,3.41751343e-02,2.66751343e-02,1.778342,-3.44825828e-02,2.61518371e-03
2.801500,3.41578930e-02,2.66578930e-02,1.777193,-3.44825842e-02,2.61032960e-03
2.802000,3.41406534e-02,2.66406534e-02,1.776044,-3.44792673e-02,2.62599567e-03
2.802500,3.41234157e-02,2.66234157e-02,1.774894,-3.44753623e-02,2.61913818e-03
2.803000,3.41061810e-02,2.66061810e-02,1.773745,-3.44694912e-02,2.62268125e-03
2.803500,3.40889488e-02,2.65889488e-02,1.772597,-3.44644328e-02,2.59436154e-03
2.804000,3.40717181e-02,2.65717181e-02,1.771448,-3.44612966e-02,2.58446490e-03
2.804500,3.40544863e-02,2.65544863e-02,1.770299,-3.44636858e-02,2.59394012e-03
2.805000,3.40372528e-02,2.65372528e-02,1.769150,-3.44668623e-02,2.60361718e-03
2.805500,3.40200190e-02,2.65200190e-02,1.768001,-3.44676273e-02,2.59580375e-03
2.806000,3.40027853e-02,2.65027853e-02,1.766852,-3.44674941e-02,2.59062748e-03
2.806500,3.39855507e-02,2.64855507e-02,1.765703,-3.44691016e-02,2.57396249e-03
2.807000,3.39683142e-02,2.64683142e-02,1.764554,-3.44730325e-02,2.59906748e-03
2.807500,3.39510755e-02,2.64510755e-02,1.763405,-3.44774803e-02,2.60518742e-03
2.808000,3.39338368e-02,2.64338368e-02,1.762256,-3.44772644e-02,2.60751620e-03
2.808500,3.39165989e-02,2.64165989e-02,1.761107,-3.44758378e-02,2.58510629e-03
2.809000,3.38993609e-02,2.63993609e-02,1.759957,-3.44760102e-02,2.59113899e-03
2.809500,3.38821213e-02,2.63821213e-02,1.758808,-3.44793290e-02,2.60325729e-03
2.810000,3.38648810e-02,2.63648810e-02,1.757659,-3.44805858e-02,2.59630630e-03
2.810500,3.38476407e-02,2.63476407e-02,1.756509,-3.44804672e-02,2.59992554e-03
2.811000,3.38304001e-02,2.63304001e-02,1.755360,-3.44811701e-02,2.61834535e-03
2.811500,3.38131603e-02,2.63131603e-02,1.754211,-3.44796499e-02,2.60213785e-03
2.812000,3.37959220e-02,2.62959220e-02,1.753061,-3.44765382e-02,2.58399488e-03
2.812500,3.37786832e-02,2.62786832e-02,1.751912,-3.44776920e-02,2.60616852e-03
2.813000,3.37614433e-02,2.62614433e-02,1.750763,-3.44798645e-02,2.63625163e-03
2.813500,3.37442054e-02,2.62442054e-02,1.749614,-3.44757359e-02,2.62367132e-03
2.814000,3.37269715e-02,2.62269715e-02,1.748465,-3.44677799e-02,2.61725506e-03
2.814500,3.37097403e-02,2.62097403e-02,1.747316,-3.44624569e-02,2.60403880e-03
2.815000,3.36925106e-02,2.61925106e-02,1.746167,-3.44593561e-02,2.62397869e-03
2.815500,3.36752823e-02,2.61752823e-02,1.745019,-3.44566624e-02,2.64267623e-03
2.816000,3.36580578e-02,2.61580578e-02,1.743871,-3.44490413e-02,2.62757135e-03
2.816500,3.36408379e-02,2.61408379e-02,1.742723,-3.44396854e-02,2.59893868e-03
2.817000,3.36236202e-02,2.61236202e-02,1.741575,-3.44353415e-02,2.60289824e-03
2.817500,3.36064026e-02,2.61064026e-02,1.740427,-3.44353492e-02,2.60500773e-03
2.818000,3.35891853e-02,2.60891853e-02,1.739279,-3.44345203e-02,2.62857948e-03
2.818500,3.35719697e-02,2.60719697e-02,1.738131,-3.44312607e-02,2.61356045e-03
2.819000,3.35547569e-02,2.60547569e-02,1.736984,-3.44254585e-02,2.61703842e-03
2.819500,3.35375460e-02,2.60375460e-02,1.735836,-3.44218149e-02,2.60262367e-03
2.820000,3.35203366e-02,2.60203366e-02,1.734689,-3.44188748e-02,2.59359693e-03
2.820500,3.35031271e-02,2.60031271e-02,1.733542,-3.44190999e-02,2.59255566e-03
2.821000,3.34859166e-02,2.59859166e-02,1.732394,-3.44208992e-02,2.59428964e-03
2.821500,3.34687052e-02,2.59687052e-02,1.731247,-3.44227163e-02,2.59926293e-03
2.822000,3.34514933e-02,2.59514933e-02,1.730100,-3.44238089e-02,2.59397752e-03
2.822500,3.34342811e-02,2.59342811e-02,1.728952,-3.44245521e-02,2.58039154e-03
2.823000,3.34170674e-02,2.59170674e-02,1.727804,-3.44273645e-02,2.59667532e-03
2.823500,3.33998519e-02,2.58998519e-02,1.726657,-3.44309681e-02,2.60897521e-03
2.824000,3.33826365e-02,2.58826365e-02,1.725509,-3.44308101e-02,2.60106890e-03
2.824500,3.33654218e-02,2.58654218e-02,1.724361,-3.44293316e-02,2.59424592e-03
2.825000,3.33482069e-02,2.58482069e-02,1.723214,-3.44297545e-02,2.59305492e-03
2.825500,3.33309912e-02,2.58309912e-02,1.722066,-3.44314032e-02,2.59904579e-03
2.826000,3.33137749e-02,2.58137749e-02,1.720918,-3.44327177e-02,2.60115497e-03
2.826500,3.32965585e-02,2.57965585e-02,1.719771,-3.44328620e-02,2.60263685e-03
2.827000,3.32793422e-02,2.57793422e-02,1.718623,-3.44325289e-02,2.61488256e-03
2.827500,3.32621268e-02,2.57621268e-02,1.717475,-3.44308697e-02,2.60502317e-03
2.828000,3.32449127e-02,2.57449127e-02,1.716328,-3.44280715e-02,2.58503186e-03
2.828500,3.32276984e-02,2.57276984e-02,1.715180,-3.44286598e-02,2.59097151e-03
2.829000,3.32104824e-02,2.57104824e-02,1.714032,-3.44320057e-02,2.62592201e-03
2.829500,3.31932667e-02,2.56932667e-02,1.712884,-3.44312860e-02,2.63560182e-03
2.830000,3.31760548e-02,2.56760548e-02,1.711737,-3.44239712e-02,2.61462653e-03
2.830500,3.31588463e-02,2.56588463e-02,1.710590,-3.44169216e-02,2.60272361e-03
2.831000,3.31416391e-02,2.56416391e-02,1.709443,-3.44143687e-02,2.61876680e-03
2.831500,3.31244329e-02,2.56244329e-02,1.708296,-3.44123518e-02,2.63163453e-03
2.832000,3.31072297e-02,2.56072297e-02,1.707149,-3.44065628e-02,2.63257767e-03
2.832500,3.30900304e-02,2.55900304e-02,1.706002,-3.43985774e-02,2.60621894e-03
2.833000,3.30728340e-02,2.55728340e-02,1.704856,-3.43927677e-02,2.59657201e-03
2.833500,3.30556379e-02,2.55556379e-02,1.703709,-3.43921394e-02,2.61803986e-03
2.834000,3.30384423e-02,2.55384423e-02,1.702563,-3.43911969e-02,2.62039188e-03
2.834500,3.30212491e-02,2.55212491e-02,1.701417,-3.43865213e-02,2.62139813e-03
2.835000,3.30040584e-02,2.55040584e-02,1.700271,-3.43813705e-02,2.62539858e-03
2.835500,3.29868705e-02,2.54868705e-02,1.699125,-3.43757008e-02,2.60701263e-03
2.836000,3.29696850e-02,2.54696850e-02,1.697979,-3.43709998e-02,2.59255071e-03
2.836500,3.29524997e-02,2.54524997e-02,1.696833,-3.43705967e-02,2.58476390e-03
2.837000,3.29353131e-02,2.54353131e-02,1.695688,-3.43732568e-02,2.60895714e-03
2.837500,3.29181256e-02,2.54181256e-02,1.694542,-3.43750564e-02,2.60841783e-03
2.838000,3.29009391e-02,2.54009391e-02,1.693396,-3.43729310e-02,2.58819287e-03
2.838500,3.28837528e-02,2.53837528e-02,1.692250,-3.43726824e-02,2.57737780e-03
2.839000,3.28665644e-02,2.53665644e-02,1.691104,-3.43767112e-02,2.58149860e-03
2.839500,3.28493733e-02,2.53493733e-02,1.689958,-3.43821515e-02,2.60310302e-03
2.840000,3.28321808e-02,2.53321808e-02,1.688812,-3.43850049e-02,2.61789637e-03
2.840500,3.28149893e-02,2.53149893e-02,1.687666,-3.43830027e-02,2.59834925e-03
2.841000,3.27977992e-02,2.52977992e-02,1.686520,-3.43802997e-02,2.58135728e-03
2.841500,3.27806080e-02,2.52806080e-02,1.685374,-3.43823089e-02,2.59639485e-03
2.842000,3.27634151e-02,2.52634151e-02,1.684228,-3.43857786e-02,2.60452114e-03
2.842500,3.27462221e-02,2.52462221e-02,1.683081,-3.43860606e-02,2.59755357e-03
2.843000,3.27290293e-02,2.52290293e-02,1.681935,-3.43856242e-02,2.60574662e-03
2.843500,3.27118365e-02,2.52118365e-02,1.680789,-3.43856075e-02,2.60873731e-03
2.844000,3.26946445e-02,2.51946445e-02,1.679643,-3.43839811e-02,2.59971406e-03
2.844500,3.26774532e-02,2.51774532e-02,1.678497,-3.43826613e-02,2.59684088e-03
2.845000,3.26602616e-02,2.51602616e-02,1.677351,-3.43830773e-02,2.61065915e-03
2.845500,3.26430703e-02,2.51430703e-02,1.676205,-3.43827433e-02,2.63469939e-03
2.846000,3.26258812e-02,2.51258812e-02,1.675059,-3.43780146e-02,2.61751702e-03
2.846500,3.26086958e-02,2.51086958e-02,1.673913,-3.43708576e-02,2.61852584e-03
2.847000,3.25915126e-02,2.50915126e-02,1.672768,-3.43664329e-02,2.61620702e-03
2.847500,3.25743316e-02,2.50743316e-02,1.671622,-3.43620475e-02,2.63168909e-03
2.848000,3.25571532e-02,2.50571532e-02,1.670477,-3.43566740e-02,2.63030543e-03
2.848500,3.25399788e-02,2.50399788e-02,1.669332,-3.43488805e-02,2.61832026e-03
2.849000,3.25228076e-02,2.50228076e-02,1.668187,-3.43423740e-02,2.59900620e-03
2.849500,3.25056378e-02,2.50056378e-02,1.667043,-3.43395432e-02,2.61151167e-03
2.850000,3.24884685e-02,2.49884685e-02,1.665898,-3.43387783e-02,2.61000330e-03
2.850500,3.24713004e-02,2.49713004e-02,1.664753,-3.43360932e-02,2.62364344e-03
2.851000,3.24541342e-02,2.49541342e-02,1.663609,-3.43324498e-02,2.61469451e-03
2.851500,3.24369705e-02,2.49369705e-02,1.662465,-3.43273578e-02,2.62428763e-03
2.852000,3.24198091e-02,2.49198091e-02,1.661321,-3.43228871e-02,2.59620191e-03
2.852500,3.24026494e-02,2.49026494e-02,1.660177,-3.43193244e-02,2.58659260e-03
2.853000,3.23854888e-02,2.48854888e-02,1.659033,-3.43212233e-02,2.59423352e-03
2.853500,3.23683268e-02,2.48683268e-02,1.657888,-3.43240245e-02,2.60495772e-03
2.854000,3.23511645e-02,2.48511645e-02,1.656744,-3.43246227e-02,2.60381275e-03
2.854500,3.23340027e-02,2.48340027e-02,1.655600,-3.43235612e-02,2.58973620e-03
2.855000,3.23168407e-02,2.48168407e-02,1.654456,-3.43239324e-02,2.57777060e-03
2.855500,3.22996769e-02,2.47996769e-02,1.653312,-3.43276730e-02,2.60423024e-03
2.856000,3.22825114e-02,2.47825114e-02,1.652167,-3.43310389e-02,2.61115718e-03
2.856500,3.22653466e-02,2.47653466e-02,1.651023,-3.43294475e-02,2.60432159e-03
2.857000,3.22481830e-02,2.47481830e-02,1.649879,-3.43273230e-02,2.58508576e-03
2.857500,3.22310190e-02,2.47310190e-02,1.648735,-3.43280218e-02,2.59819989e-03
2.858000,3.22138536e-02,2.47138536e-02,1.647590,-3.43307197e-02,2.60519155e-03
2.858500,3.21966883e-02,2.46966883e-02,1.646446,-3.43306460e-02,2.59489928e-03
2.859000,3.21795231e-02,2.46795231e-02,1.645302,-3.43303342e-02,2.60347242e-03
2.859500,3.21623576e-02,2.46623576e-02,1.644157,-3.43309545e-02,2.61427028e-03
2.860000,3.21451930e-02,2.46451930e-02,1.643013,-3.43292122e-02,2.60491611e-03
2.860500,3.21280298e-02,2.46280298e-02,1.641869,-3.43265240e-02,2.59182885e-03
2.861000,3.21108665e-02,2.46108665e-02,1.640724,-3.43265289e-02,2.60599329e-03
2.861500,3.20937028e-02,2.45937028e-02,1.639580,-3.43274305e-02,2.62927345e-03
2.862000,3.20765408e-02,2.45765408e-02,1.638436,-3.43239477e-02,2.62387489e-03
2.862500,3.20593823e-02,2.45593823e-02,1.637292,-3.43171195e-02,2.61413859e-03
2.863000,3.20422262e-02,2.45422262e-02,1.636148,-3.43120387e-02,2.60461645e-03
2.863500,3.20250715e-02,2.45250715e-02,1.635005,-3.43093985e-02,2.63050295e-03
2.864000,3.20079185e-02,2.45079185e-02,1.633861,-3.43060332e-02,2.63741908e-03
2.864500,3.19907696e-02,2.44907696e-02,1.632718,-3.42978055e-02,2.62217688e-03
2.865000,3.19736247e-02,2.44736247e-02,1.631575,-3.42897898e-02,2.59314211e-03
2.865500,3.19564813e-02,2.44564813e-02,1.630432,-3.42868443e-02,2.61624919e-03
2.866000,3.19393380e-02,2.44393380e-02,1.629289,-3.42866234e-02,2.61570050e-03
2.866500,3.19221967e-02,2.44221967e-02,1.628146,-3.42826567e-02,2.62931533e-03
2.867000,3.19050579e-02,2.44050579e-02,1.627004,-3.42775762e-02,2.61467790e-03
2.867500,3.18879221e-02,2.43879221e-02,1.625861,-3.42715543e-02,2.62024087e-03
2.868000,3.18707884e-02,2.43707884e-02,1.624719,-3.42674441e-02,2.60164259e-03
2.868500,3.18536563e-02,2.43536563e-02,1.623577,-3.42640649e-02,2.59324136e-03
2.869000,3.18365241e-02,2.43365241e-02,1.622435,-3.42644825e-02,2.59167763e-03
2.869500,3.18193909e-02,2.43193909e-02,1.621293,-3.42664179e-02,2.60246084e-03
2.870000,3.18022571e-02,2.43022571e-02,1.620150,-3.42676566e-02,2.60333207e-03
2.870500,3.17851235e-02,2.42851235e-02,1.619008,-3.42670476e-02,2.59404546e-03
2.871000,3.17679900e-02,2.42679900e-02,1.617866,-3.42671167e-02,2.57589676e-03
2.871500,3.17508548e-02,2.42508548e-02,1.616724,-3.42703154e-02,2.59287375e-03
2.872000,3.17337173e-02,2.42337173e-02,1.615581,-3.42749931e-02,2.60902566e-03
2.872500,3.17165796e-02,2.42165796e-02,1.614439,-3.42754550e-02,2.60750827e-03
2.873000,3.16994429e-02,2.41994429e-02,1.613296,-3.42733988e-02,2.59367532e-03
2.873500,3.16823065e-02,2.41823065e-02,1.612154,-3.42728148e-02,2.58934872e-03
2.874000,3.16651690e-02,2.41651690e-02,1.611011,-3.42748848e-02,2.60461832e-03
2.874500,3.16480309e-02,2.41480309e-02,1.609869,-3.42763152e-02,2.60316338e-03
2.875000,3.16308932e-02,2.41308932e-02,1.608726,-3.42753669e-02,2.59767916e-03
2.875500,3.16137556e-02,2.41137556e-02,1.607584,-3.42751424e-02,2.61294196e-03
2.876000,3.15966184e-02,2.40966184e-02,1.606441,-3.42744689e-02,2.60810029e-03
2.876500,3.15794825e-02,2.40794825e-02,1.605299,-3.42717172e-02,2.59733518e-03
2.877000,3.15623472e-02,2.40623472e-02,1.604156,-3.42707124e-02,2.60010286e-03
2.877500,3.15452116e-02,2.40452116e-02,1.603014,-3.42712306e-02,2.61422347e-03
2.878000,3.15280765e-02,2.40280765e-02,1.601872,-3.42700458e-02,2.63742595e-03
2.878500,3.15109443e-02,2.40109443e-02,1.600730,-3.42644908e-02,2.63120240e-03
2.879000,3.14938165e-02,2.39938165e-02,1.599588,-3.42556759e-02,2.61132563e-03
2.879500,3.14766916e-02,2.39766916e-02,1.598446,-3.42496406e-02,2.61745325e-03
2.880000,3.14595685e-02,2.39595685e-02,1.597305,-3.42463274e-02,2.62834605e-03
2.880500,3.14424480e-02,2.39424480e-02,1.596163,-3.42410448e-02,2.63112698e-03
2.881000,3.14253311e-02,2.39253311e-02,1.595022,-3.42337276e-02,2.61978769e-03
2.881500,3.14082176e-02,2.39082176e-02,1.593881,-3.42269565e-02,2.60533168e-03
2.882000,3.13911060e-02,2.38911060e-02,1.592740,-3.42233255e-02,2.60633992e-03
2.882500,3.13739950e-02,2.38739950e-02,1.591600,-3.42219791e-02,2.61655740e-03
2.883000,3.13568852e-02,2.38568852e-02,1.590459,-3.42195638e-02,2.62129996e-03
2.883500,3.13397777e-02,2.38397777e-02,1.589319,-3.42150513e-02,2.61561601e-03
2.884000,3.13226725e-02,2.38226725e-02,1.588178,-3.42102627e-02,2.62090604e-03
2.884500,3.13055696e-02,2.38055696e-02,1.587038,-3.42059396e-02,2.59875828e-03
2.885000,3.12884682e-02,2.37884682e-02,1.585898,-3.42027062e-02,2.58658720e-03
2.885500,3.12713661e-02,2.37713661e-02,1.584758,-3.42041858e-02,2.59798507e-03
2.886000,3.12542628e-02,2.37542628e-02,1.583618,-3.42066561e-02,2.60215851e-03
2.886500,3.12371593e-02,2.37371593e-02,1.582477,-3.42068859e-02,2.60173671e-03
2.887000,3.12200561e-02,2.37200561e-02,1.581337,-3.42064676e-02,2.58825597e-03
2.887500,3.12029524e-02,2.37029524e-02,1.580197,-3.42073105e-02,2.57800121e-03
2.888000,3.11858468e-02,2.36858468e-02,1.579056,-3.42112738e-02,2.60832755e-03
2.888500,3.11687397e-02,2.36687397e-02,1.577916,-3.42142396e-02,2.61953022e-03
2.889000,3.11516341e-02,2.36516341e-02,1.576776,-3.42112350e-02,2.60226021e-03
2.889500,3.11345301e-02,2.36345301e-02,1.575635,-3.42079179e-02,2.58393345e-03
2.890000,3.11174256e-02,2.36174256e-02,1.574495,-3.42090570e-02,2.59422189e-03
2.890500,3.11003194e-02,2.36003194e-02,1.573355,-3.42122959e-02,2.60474195e-03
2.891000,3.10832130e-02,2.35832130e-02,1.572214,-3.42129151e-02,2.60670546e-03
2.891500,3.10661072e-02,2.35661072e-02,1.571074,-3.42116333e-02,2.60930471e-03
2.892000,3.10490023e-02,2.35490023e-02,1.569933,-3.42097992e-02,2.61231195e-03
2.892500,3.10318986e-02,2.35318986e-02,1.568793,-3.42072724e-02,2.60294265e-03
2.893000,3.10147961e-02,2.35147961e-02,1.567653,-3.42050802e-02,2.59152346e-03
2.893500,3.09976934e-02,2.34976934e-02,1.566513,-3.42054362e-02,2.60750780e-03
2.894000,3.09805902e-02,2.34805902e-02,1.565373,-3.42062540e-02,2.63137422e-03
2.894500,3.09634891e-02,2.34634891e-02,1.564233,-3.42023368e-02,2.62370384e-03
2.895000,3.09463915e-02,2.34463915e-02,1.563093,-3.41951788e-02,2.61601100e-03
2.895500,3.09292965e-02,2.34292965e-02,1.561953,-3.41899605e-02,2.60509228e-03
2.896000,3.09122030e-02,2.34122030e-02,1.560814,-3.41869708e-02,2.63414538e-03
2.896500,3.08951114e-02,2.33951114e-02,1.559674,-3.41832052e-02,2.63664449e-03
2.897000,3.08780242e-02,2.33780242e-02,1.558535,-3.41744479e-02,2.62311751e-03
2.897500,3.08609410e-02,2.33609410e-02,1.557396,-3.41664763e-02,2.59634324e-03
2.898000,3.08438594e-02,2.33438594e-02,1.556257,-3.41630933e-02,2.61769130e-03
2.898500,3.08267783e-02,2.33267783e-02,1.555119,-3.41622192e-02,2.61145693e-03
2.899000,3.08096991e-02,2.33096991e-02,1.553980,-3.41583909e-02,2.62874433e-03
2.899500,3.07926221e-02,2.32926221e-02,1.552841,-3.41540577e-02,2.61567991e-03
2.900000,3.07755481e-02,2.32755481e-02,1.551703,-3.41480410e-02,2.62794064e-03
2.900500,3.07584765e-02,2.32584765e-02,1.550565,-3.41430855e-02,2.60202592e-03
2.901000,3.07414073e-02,2.32414073e-02,1.549427,-3.41384080e-02,2.59341106e-03
2.901500,3.07243379e-02,2.32243379e-02,1.548289,-3.41387476e-02,2.59412379e-03
2.902000,3.07072677e-02,2.32072677e-02,1.547151,-3.41404389e-02,2.60130381e-03
2.902500,3.06901970e-02,2.31901970e-02,1.546013,-3.41413782e-02,2.60247591e-03
2.903000,3.06731265e-02,2.31731265e-02,1.544875,-3.41410349e-02,2.60026379e-03
2.903500,3.06560562e-02,2.31560562e-02,1.543737,-3.41406948e-02,2.57644050e-03
2.904000,3.06389847e-02,2.31389847e-02,1.542599,-3.41428243e-02,2.59354561e-03
2.904500,3.06219111e-02,2.31219111e-02,1.541461,-3.41473534e-02,2.60989289e-03
2.905000,3.06048373e-02,2.31048373e-02,1.540322,-3.41476282e-02,2.60937924e-03
2.905500,3.05877646e-02,2.30877646e-02,1.539184,-3.41452641e-02,2.59545544e-03
2.906000,3.05706925e-02,2.30706925e-02,1.538046,-3.41442155e-02,2.59080879e-03
2.906500,3.05536196e-02,2.30536196e-02,1.536908,-3.41458642e-02,2.60519657e-03
2.907000,3.05365461e-02,2.30365461e-02,1.535770,-3.41470037e-02,2.60480851e-03
2.907500,3.05194732e-02,2.30194732e-02,1.534632,-3.41458149e-02,2.59950834e-03
2.908000,3.05024006e-02,2.30024006e-02,1.533493,-3.41451585e-02,2.61437301e-03
2.908500,3.04853286e-02,2.29853286e-02,1.532355,-3.41440581e-02,2.60920686e-03
2.909000,3.04682581e-02,2.29682581e-02,1.531217,-3.41409736e-02,2.59564977e-03
2.909500,3.04511881e-02,2.29511881e-02,1.530079,-3.41399362e-02,2.60207537e-03
2.910000,3.04341178e-02,2.29341178e-02,1.528941,-3.41405567e-02,2.61830160e-03
2.910500,3.04170485e-02,2.29170485e-02,1.527803,-3.41386874e-02,2.63907070e-03
2.911000,3.03999823e-02,2.28999823e-02,1.526665,-3.41323173e-02,2.62083249e-03
2.911500,3.03829203e-02,2.28829203e-02,1.525528,-3.41241493e-02,2.61633208e-03
2.912000,3.03658606e-02,2.28658606e-02,1.524391,-3.41193741e-02,2.62444484e-03
2.912500,3.03488033e-02,2.28488033e-02,1.523254,-3.41146206e-02,2.63175474e-03
2.913000,3.03317493e-02,2.28317493e-02,1.522117,-3.41078885e-02,2.63050141e-03
2.913500,3.03146993e-02,2.28146993e-02,1.520980,-3.41000670e-02,2.61969464e-03
2.914000,3.02976526e-02,2.27976526e-02,1.519844,-3.40934067e-02,2.61012824e-03
2.914500,3.02806079e-02,2.27806079e-02,1.518707,-3.40893669e-02,2.61007241e-03
2.915000,3.02635644e-02,2.27635644e-02,1.517571,-3.40869029e-02,2.61516568e-03
2.915500,3.02465224e-02,2.27465224e-02,1.516435,-3.40839977e-02,2.62207602e-03
2.916000,3.02294826e-02,2.27294826e-02,1.515299,-3.40796452e-02,2.61625236e-03
2.916500,3.02124453e-02,2.27124453e-02,1.514163,-3.40746728e-02,2.62502626e-03
2.917000,3.01954103e-02,2.26954103e-02,1.513027,-3.40698810e-02,2.60323834e-03
2.917500,3.01783776e-02,2.26783776e-02,1.511892,-3.40655748e-02,2.58603346e-03
2.918000,3.01613444e-02,2.26613444e-02,1.510756,-3.40663677e-02,2.59615580e-03
2.918500,3.01443098e-02,2.26443098e-02,1.509621,-3.40690908e-02,2.60434908e-03
2.919000,3.01272751e-02,2.26272751e-02,1.508485,-3.40694272e-02,2.60753811e-03
2.919500,3.01102410e-02,2.26102410e-02,1.507349,-3.40681362e-02,2.58996860e-03
2.920000,3.00932071e-02,2.25932071e-02,1.506214,-3.40678751e-02,2.57675015e-03
2.920500,3.00761713e-02,2.25761713e-02,1.505078,-3.40716678e-02,2.60646994e-03
2.921000,3.00591338e-02,2.25591338e-02,1.503942,-3.40750032e-02,2.61589214e-03
2.921500,3.00420975e-02,2.25420975e-02,1.502807,-3.40726254e-02,2.60908477e-03
2.922000,3.00250628e-02,2.25250628e-02,1.501671,-3.40693022e-02,2.58508956e-03
2.922500,3.00080282e-02,2.25080282e-02,1.500535,-3.40692185e-02,2.59578608e-03
2.923000,2.99909921e-02,2.24909921e-02,1.499399,-3.40721292e-02,2.61013361e-03
2.923500,2.99739561e-02,2.24739561e-02,1.498264,-3.40720149e-02,2.60421249e-03
2.924000,2.99569211e-02,2.24569211e-02,1.497128,-3.40700681e-02,2.60476223e-03
2.924500,2.99398866e-02,2.24398866e-02,1.495992,-3.40690451e-02,2.61442472e-03
2.925000,2.99228530e-02,2.24228530e-02,1.494857,-3.40670774e-02,2.60804209e-03
2.925500,2.99058210e-02,2.24058210e-02,1.493721,-3.40640874e-02,2.59216236e-03
2.926000,2.98887892e-02,2.23887892e-02,1.492586,-3.40635495e-02,2.61109547e-03
2.926500,2.98717572e-02,2.23717572e-02,1.491450,-3.40639452e-02,2.63393526e-03
2.927000,2.98547276e-02,2.23547276e-02,1.490315,-3.40592124e-02,2.62455692e-03
2.927500,2.98377019e-02,2.23377019e-02,1.489180,-3.40515584e-02,2.61456933e-03
2.928000,2.98206787e-02,2.23206787e-02,1.488045,-3.40463275e-02,2.60522914e-03
2.928500,2.98036569e-02,2.23036569e-02,1.486910,-3.40435624e-02,2.63588780e-03
2.929000,2.97866371e-02,2.22866371e-02,1.485776,-3.40396203e-02,2.64581831e-03
2.929500,2.97696222e-02,2.22696222e-02,1.484641,-3.40297658e-02,2.62203525e-03
2.930000,2.97526120e-02,2.22526120e-02,1.483507,-3.40203834e-02,2.59525991e-03
2.930500,2.97356034e-02,2.22356034e-02,1.482374,-3.40172739e-02,2.61694475e-03
2.931000,2.97185951e-02,2.22185951e-02,1.481240,-3.40166437e-02,2.61794100e-03
2.931500,2.97015889e-02,2.22015889e-02,1.480106,-3.40123647e-02,2.63008932e-03
2.932000,2.96845855e-02,2.21845855e-02,1.478972,-3.40068479e-02,2.62151618e-03
2.932500,2.96675854e-02,2.21675854e-02,1.477839,-3.40000942e-02,2.62236430e-03
2.933000,2.96505881e-02,2.21505881e-02,1.476706,-3.39946734e-02,2.60396534e-03
2.933500,2.96335927e-02,2.21335927e-02,1.475573,-3.39907401e-02,2.59838728e-03
2.934000,2.96165975e-02,2.21165975e-02,1.474440,-3.39903213e-02,2.59891618e-03
2.934500,2.95996022e-02,2.20996022e-02,1.473307,-3.39907717e-02,2.61025826e-03
2.935000,2.95826071e-02,2.20826071e-02,1.472174,-3.39901323e-02,2.60848796e-03
2.935500,2.95656132e-02,2.20656132e-02,1.471041,-3.39877871e-02,2.58882726e-03
2.936000,2.95486195e-02,2.20486195e-02,1.469908,-3.39874709e-02,2.57654052e-03
2.936500,2.95316237e-02,2.20316237e-02,1.468775,-3.39914695e-02,2.58777975e-03
2.937000,2.95146255e-02,2.20146255e-02,1.467642,-3.39964920e-02,2.61664124e-03
2.937500,2.94976269e-02,2.19976269e-02,1.466508,-3.39971169e-02,2.61766201e-03
2.938000,2.94806305e-02,2.19806305e-02,1.465375,-3.39929124e-02,2.59765543e-03
2.938500,2.94636353e-02,2.19636353e-02,1.464242,-3.39903092e-02,2.58550255e-03
2.939000,2.94466393e-02,2.19466393e-02,1.463109,-3.39920657e-02,2.60163173e-03
2.939500,2.94296421e-02,2.19296421e-02,1.461976,-3.39943918e-02,2.60961547e-03
2.940000,2.94126454e-02,2.19126454e-02,1.460843,-3.39933634e-02,2.60110060e-03
2.940500,2.93956495e-02,2.18956495e-02,1.459710,-3.39917768e-02,2.60878715e-03
2.941000,2.93786541e-02,2.18786541e-02,1.458577,-3.39909089e-02,2.61233331e-03
2.941500,2.93616598e-02,2.18616598e-02,1.457444,-3.39884652e-02,2.60380053e-03
2.942000,2.93446667e-02,2.18446667e-02,1.456311,-3.39861936e-02,2.60113230e-03
2.942500,2.93276740e-02,2.18276740e-02,1.455178,-3.39855591e-02,2.61264143e-03
2.943000,2.93106818e-02,2.18106818e-02,1.454045,-3.39843452e-02,2.63856024e-03
2.943500,2.92936923e-02,2.17936923e-02,1.452913,-3.39789496e-02,2.62352864e-03
2.944000,2.92767070e-02,2.17767070e-02,1.451780,-3.39706271e-02,2.62262557e-03
2.944500,2.92597246e-02,2.17597246e-02,1.450648,-3.39648527e-02,2.61481528e-03
2.945000,2.92427446e-02,2.17427446e-02,1.449516,-3.39599171e-02,2.63727900e-03
2.945500,2.92257675e-02,2.17257675e-02,1.448384,-3.39542779e-02,2.63659747e-03
2.946000,2.92087950e-02,2.17087950e-02,1.447253,-3.39450102e-02,2.62775147e-03
2.946500,2.91918266e-02,2.16918266e-02,1.446122,-3.39366366e-02,2.60224521e-03
2.947000,2.91748607e-02,2.16748607e-02,1.444991,-3.39319708e-02,2.61050617e-03
2.947500,2.91578953e-02,2.16578953e-02,1.443860,-3.39307628e-02,2.60913917e-03
2.948000,2.91409311e-02,2.16409311e-02,1.442729,-3.39283193e-02,2.63217615e-03
2.948500,2.91239691e-02,2.16239691e-02,1.441598,-3.39240633e-02,2.61904740e-03
2.949000,2.91070105e-02,2.16070105e-02,1.440467,-3.39171853e-02,2.62799672e-03
2.949500,2.90900547e-02,2.15900547e-02,1.439337,-3.39116718e-02,2.60409281e-03
2.950000,2.90731013e-02,2.15731013e-02,1.438207,-3.39068024e-02,2.59535389e-03
2.950500,2.90561479e-02,2.15561479e-02,1.437077,-3.39066309e-02,2.59604351e-03
2.951000,2.90391940e-02,2.15391940e-02,1.435946,-3.39078333e-02,2.60527958e-03
2.951500,2.90222400e-02,2.15222400e-02,1.434816,-3.39081059e-02,2.60296252e-03
2.952000,2.90052864e-02,2.15052864e-02,1.433686,-3.39070667e-02,2.59607406e-03
2.952500,2.89883329e-02,2.14883329e-02,1.432556,-3.39070171e-02,2.58535893e-03
2.953000,2.89713784e-02,2.14713784e-02,1.431425,-3.39090461e-02,2.60248635e-03
2.953500,2.89544227e-02,2.14544227e-02,1.430295,-3.39113201e-02,2.61606640e-03
2.954000,2.89374680e-02,2.14374680e-02,1.429165,-3.39095810e-02,2.60603624e-03
2.954500,2.89205147e-02,2.14205147e-02,1.428034,-3.39064987e-02,2.59901396e-03
2.955000,2.89035619e-02,2.14035619e-02,1.426904,-3.39056845e-02,2.59799716e-03
2.955500,2.88866088e-02,2.13866088e-02,1.425774,-3.39061132e-02,2.60463957e-03
2.956000,2.88696558e-02,2.13696558e-02,1.424644,-3.39061215e-02,2.60680034e-03
2.956500,2.88527033e-02,2.13527033e-02,1.423514,-3.39048481e-02,2.60787774e-03
2.957000,2.88357518e-02,2.13357518e-02,1.422383,-3.39031246e-02,2.61839068e-03
2.957500,2.88188016e-02,2.13188016e-02,1.421253,-3.39002947e-02,2.60810141e-03
2.958000,2.88018533e-02,2.13018533e-02,1.420124,-3.38966482e-02,2.59876961e-03
2.958500,2.87849055e-02,2.12849055e-02,1.418994,-3.38955164e-02,2.59831623e-03
2.959000,2.87679576e-02,2.12679576e-02,1.417864,-3.38959570e-02,2.62116674e-03
2.959500,2.87510103e-02,2.12510103e-02,1.416734,-3.38944517e-02,2.64126997e-03
2.960000,2.87340666e-02,2.12340666e-02,1.415604,-3.38874166e-02,2.61925285e-03
2.960500,2.87171271e-02,2.12171271e-02,1.414475,-3.38790272e-02,2.61085845e-03
2.961000,2.87001896e-02,2.12001896e-02,1.413346,-3.38749953e-02,2.62570941e-03
2.961500,2.86832541e-02,2.11832541e-02,1.412217,-3.38710288e-02,2.63802569e-03
2.962000,2.86663223e-02,2.11663223e-02,1.411088,-3.38635346e-02,2.62939893e-03
2.962500,2.86493949e-02,2.11493949e-02,1.409960,-3.38547808e-02,2.61417878e-03
2.963000,2.86324705e-02,2.11324705e-02,1.408831,-3.38487893e-02,2.61275833e-03
2.963500,2.86155478e-02,2.11155478e-02,1.407703,-3.38454227e-02,2.62159971e-03
2.964000,2.85986271e-02,2.10986271e-02,1.406575,-3.38415076e-02,2.61693846e-03
2.964500,2.85817088e-02,2.10817088e-02,1.405447,-3.38365528e-02,2.62511278e-03
2.965000,2.85647930e-02,2.10647930e-02,1.404320,-3.38316406e-02,2.62384175e-03
2.965500,2.85478802e-02,2.10478802e-02,1.403192,-3.38254985e-02,2.63061017e-03
2.966000,2.85309707e-02,2.10309707e-02,1.402065,-3.38189667e-02,2.59675972e-03
2.966500,2.85140636e-02,2.10140636e-02,1.400938,-3.38143165e-02,2.58545479e-03
2.967000,2.84971555e-02,2.09971555e-02,1.399810,-3.38162244e-02,2.60439822e-03
2.967500,2.84802463e-02,2.09802463e-02,1.398683,-3.38183137e-02,2.61321768e-03
2.968000,2.84633381e-02,2.09633381e-02,1.397556,-3.38165125e-02,2.60680725e-03
2.968500,2.84464312e-02,2.09464312e-02,1.396429,-3.38138298e-02,2.59329497e-03
2.969000,2.84295245e-02,2.09295245e-02,1.395302,-3.38133946e-02,2.57767086e-03
2.969500,2.84126162e-02,2.09126162e-02,1.394174,-3.38165597e-02,2.60776374e-03
2.970000,2.83957064e-02,2.08957064e-02,1.393047,-3.38196296e-02,2.61222710e-03
2.970500,2.83787977e-02,2.08787977e-02,1.391920,-3.38173633e-02,2.61382759e-03
2.971000,2.83618906e-02,2.08618906e-02,1.390793,-3.38142226e-02,2.59066591e-03
2.971500,2.83449841e-02,2.08449841e-02,1.389666,-3.38128670e-02,2.59302728e-03
2.972000,2.83280766e-02,2.08280766e-02,1.388538,-3.38151060e-02,2.61191344e-03
2.972500,2.83111689e-02,2.08111689e-02,1.387411,-3.38152873e-02,2.60590555e-03
2.973000,2.82942625e-02,2.07942625e-02,1.386284,-3.38128986e-02,2.60605451e-03
2.973500,2.82773567e-02,2.07773567e-02,1.385157,-3.38114833e-02,2.62112121e-03
2.974000,2.82604524e-02,2.07604524e-02,1.384030,-3.38087113e-02,2.61001246e-03
2.974500,2.82435502e-02,2.07435502e-02,1.382903,-3.38044474e-02,2.59338850e-03
2.975000,2.82266484e-02,2.07266484e-02,1.381777,-3.38034776e-02,2.61350811e-03
2.975500,2.82097467e-02,2.07097467e-02,1.380650,-3.38034586e-02,2.63060633e-03
2.976000,2.81928474e-02,2.06928474e-02,1.379523,-3.37986240e-02,2.63507486e-03
2.976500,2.81759521e-02,2.06759521e-02,1.378397,-3.37905866e-02,2.62925002e-03
2.977000,2.81590609e-02,2.06590609e-02,1.377271,-3.37823305e-02,2.61464487e-03
2.977500,2.81421728e-02,2.06421728e-02,1.376145,-3.37763223e-02,2.62207147e-03
2.978000,2.81252867e-02,2.06252867e-02,1.375019,-3.37720556e-02,2.63612411e-03
2.978500,2.81084041e-02,2.06084041e-02,1.373894,-3.37653270e-02,2.63934144e-03
2.979000,2.80915261e-02,2.05915261e-02,1.372768,-3.37560063e-02,2.62184629e-03
2.979500,2.80746522e-02,2.05746522e-02,1.371643,-3.37477042e-02,2.60710971e-03
2.980000,2.80577804e-02,2.05577804e-02,1.370519,-3.37435780e-02,2.61183217e-03
2.980500,2.80409097e-02,2.05409097e-02,1.369394,-3.37414541e-02,2.62215858e-03
2.981000,2.80240409e-02,2.05240409e-02,1.368269,-3.37376416e-02,2.62639409e-03
2.981500,2.80071750e-02,2.05071750e-02,1.367145,-3.37317590e-02,2.62051776e-03
2.982000,2.79903122e-02,2.04903122e-02,1.366021,-3.37257004e-02,2.62721995e-03
2.982500,2.79734521e-02,2.04734521e-02,1.364897,-3.37200142e-02,2.60940492e-03
2.983000,2.79565947e-02,2.04565947e-02,1.363773,-3.37148026e-02,2.58932547e-03
2.983500,2.79397376e-02,2.04397376e-02,1.362649,-3.37142918e-02,2.59560449e-03
2.984000,2.79228793e-02,2.04228793e-02,1.361525,-3.37165230e-02,2.60870253e-03
2.984500,2.79060211e-02,2.04060211e-02,1.360401,-3.37165650e-02,2.61155908e-03
2.985000,2.78891640e-02,2.03891640e-02,1.359278,-3.37142037e-02,2.59621923e-03
2.985500,2.78723076e-02,2.03723076e-02,1.358154,-3.37127296e-02,2.58315353e-03
2.986000,2.78554501e-02,2.03554501e-02,1.357030,-3.37149297e-02,2.60924786e-03
2.986500,2.78385916e-02,2.03385916e-02,1.355906,-3.37169681e-02,2.61736537e-03
2.987000,2.78217346e-02,2.03217346e-02,1.354782,-3.37140038e-02,2.61063836e-03
2.987500,2.78048795e-02,2.03048795e-02,1.353659,-3.37103013e-02,2.59426814e-03
2.988000,2.77880249e-02,2.02880249e-02,1.352535,-3.37091510e-02,2.59453333e-03
2.988500,2.77711696e-02,2.02711696e-02,1.351411,-3.37106653e-02,2.60743235e-03
2.989000,2.77543141e-02,2.02543141e-02,1.350288,-3.37109955e-02,2.60555551e-03
2.989500,2.77374594e-02,2.02374594e-02,1.349164,-3.37093735e-02,2.61679660e-03
2.990000,2.77206059e-02,2.02206059e-02,1.348040,-3.37070658e-02,2.62163403e-03
2.990500,2.77037546e-02,2.02037546e-02,1.346917,-3.37024846e-02,2.60938239e-03
2.991000,2.76869055e-02,2.01869055e-02,1.345794,-3.36981922e-02,2.59144394e-03
2.991500,2.76700568e-02,2.01700568e-02,1.344670,-3.36974978e-02,2.60465211e-03
2.992000,2.76532075e-02,2.01532075e-02,1.343547,-3.36985812e-02,2.63797872e-03
2.992500,2.76363602e-02,2.01363602e-02,1.342424,-3.36945489e-02,2.63893253e-03
2.993000,2.76195177e-02,2.01195177e-02,1.341301,-3.36849599e-02,2.61576974e-03
2.993500,2.76026791e-02,2.01026791e-02,1.340179,-3.36772622e-02,2.60841994e-03
2.994000,2.75858421e-02,2.00858421e-02,1.339056,-3.36740179e-02,2.62844954e-03
2.994500,2.75690070e-02,2.00690070e-02,1.337934,-3.36702095e-02,2.64030236e-03
2.995000,2.75521760e-02,2.00521760e-02,1.336812,-3.36620641e-02,2.63966779e-03
2.995500,2.75353499e-02,2.00353499e-02,1.335690,-3.36520285e-02,2.61229249e-03
2.996000,2.75185277e-02,2.00185277e-02,1.334569,-3.36445176e-02,2.60528564e-03
2.996500,2.75017066e-02,2.00017066e-02,1.333447,-3.36421214e-02,2.62643178e-03
2.997000,2.74848871e-02,1.99848871e-02,1.332326,-3.36390061e-02,2.62590860e-03
2.997500,2.74680709e-02,1.99680709e-02,1.331205,-3.36324647e-02,2.62955960e-03
2.998000,2.74512580e-02,1.99512580e-02,1.330084,-3.36256864e-02,2.62719332e-03
2.998500,2.74344488e-02,1.99344488e-02,1.328963,-3.36185178e-02,2.62196291e-03
2.999000,2.74176427e-02,1.99176427e-02,1.327843,-3.36122002e-02,2.60233498e-03
2.999500,2.74008384e-02,1.99008384e-02,1.326723,-3.36084770e-02,2.59052817e-03
3.000000,2.73840339e-02,1.98840339e-02,1.325602,-3.36090208e-02,2.60529519e-03
3.000500,2.73672288e-02,1.98672288e-02,1.324482,-3.36101977e-02,2.61398370e-03
3.001000,2.73504247e-02,1.98504247e-02,1.323362,-3.36081814e-02,2.60814509e-03
3.001500,2.73336221e-02,1.98336221e-02,1.322241,-3.36052548e-02,2.59527060e-03
3.002000,2.73168199e-02,1.98168199e-02,1.321121,-3.36044252e-02,2.58323533e-03
3.002500,2.73000165e-02,1.98000165e-02,1.320001,-3.36067738e-02,2.61008859e-03
3.003000,2.72832122e-02,1.97832122e-02,1.318881,-3.36087244e-02,2.61087366e-03
3.003500,2.72664091e-02,1.97664091e-02,1.317761,-3.36061960e-02,2.61483392e-03
3.004000,2.72496075e-02,1.97496075e-02,1.316640,-3.36031886e-02,2.59344704e-03
3.004500,2.72328067e-02,1.97328067e-02,1.315520,-3.36014219e-02,2.59485857e-03
3.005000,2.72160052e-02,1.97160052e-02,1.314400,-3.36030423e-02,2.61001411e-03
3.005500,2.71992037e-02,1.96992037e-02,1.313280,-3.36030908e-02,2.60730156e-03
3.006000,2.71824032e-02,1.96824032e-02,1.312160,-3.36008905e-02,2.61136435e-03
3.006500,2.71656038e-02,1.96656038e-02,1.311040,-3.35987764e-02,2.62415701e-03
3.007000,2.71488064e-02,1.96488064e-02,1.309920,-3.35948641e-02,2.61122942e-03
3.007500,2.71320114e-02,1.96320114e-02,1.308801,-3.35899942e-02,2.59467965e-03
3.008000,2.71152171e-02,1.96152171e-02,1.307681,-3.35887104e-02,2.61585747e-03
3.008500,2.70984229e-02,1.95984229e-02,1.306562,-3.35882716e-02,2.63323420e-03
3.009000,2.70816315e-02,1.95816315e-02,1.305442,-3.35828189e-02,2.63700244e-03
3.009500,2.70648444e-02,1.95648444e-02,1.304323,-3.35741795e-02,2.63039209e-03
3.010000,2.70480617e-02,1.95480617e-02,1.303204,-3.35655059e-02,2.61767493e-03
3.010500,2.70312822e-02,1.95312822e-02,1.302085,-3.35590422e-02,2.62418540e-03
3.011000,2.70145051e-02,1.95145051e-02,1.300967,-3.35540911e-02,2.63857235e-03
3.011500,2.69977317e-02,1.94977317e-02,1.299849,-3.35467989e-02,2.63784119e-03
3.012000,2.69809631e-02,1.94809631e-02,1.298731,-3.35372088e-02,2.62606418e-03
3.012500,2.69641987e-02,1.94641987e-02,1.297613,-3.35287802e-02,2.61265713e-03
3.013000,2.69474370e-02,1.94474370e-02,1.296496,-3.35234708e-02,2.61433105e-03
3.013500,2.69306769e-02,1.94306769e-02,1.295378,-3.35202150e-02,2.62300879e-03
3.014000,2.69139189e-02,1.94139189e-02,1.294261,-3.35159170e-02,2.63057097e-03
3.014500,2.68971642e-02,1.93971642e-02,1.293144,-3.35095255e-02,2.62084498e-03
3.015000,2.68804128e-02,1.93804128e-02,1.292028,-3.35027521e-02,2.63034460e-03
3.015500,2.68636644e-02,1.93636644e-02,1.290911,-3.34967359e-02,2.60511740e-03
3.016000,2.68469187e-02,1.93469187e-02,1.289795,-3.34913903e-02,2.59260345e-03
3.016500,2.68301731e-02,1.93301731e-02,1.288678,-3.34912937e-02,2.60025985e-03
3.017000,2.68134268e-02,1.93134268e-02,1.287562,-3.34925750e-02,2.61450095e-03
3.017500,2.67966811e-02,1.92966811e-02,1.286445,-3.34913399e-02,2.61234564e-03
3.018000,2.67799371e-02,1.92799371e-02,1.285329,-3.34879569e-02,2.59770232e-03
3.018500,2.67631940e-02,1.92631940e-02,1.284213,-3.34862225e-02,2.58381280e-03
3.019000,2.67464500e-02,1.92464500e-02,1.283097,-3.34881208e-02,2.61080812e-03
3.019500,2.67297050e-02,1.92297050e-02,1.281980,-3.34899129e-02,2.62033516e-03
3.020000,2.67129618e-02,1.92129618e-02,1.280864,-3.34864298e-02,2.61456043e-03
3.020500,2.66962208e-02,1.91962208e-02,1.279748,-3.34818929e-02,2.59868859e-03
3.021000,2.66794810e-02,1.91794810e-02,1.278632,-3.34797077e-02,2.59549298e-03
3.021500,2.66627408e-02,1.91627408e-02,1.277516,-3.34804112e-02,2.60858999e-03
3.022000,2.66460005e-02,1.91460005e-02,1.276400,-3.34804815e-02,2.61517056e-03
3.022500,2.66292616e-02,1.91292616e-02,1.275284,-3.34778193e-02,2.61311817e-03
3.023000,2.66125245e-02,1.91125245e-02,1.274168,-3.34742580e-02,2.62071176e-03
3.023500,2.65957893e-02,1.90957893e-02,1.273053,-3.34703623e-02,2.61286026e-03
3.024000,2.65790564e-02,1.90790564e-02,1.271937,-3.34659139e-02,2.59691925e-03
3.024500,2.65623243e-02,1.90623243e-02,1.270822,-3.34641643e-02,2.60047847e-03
3.025000,2.65455919e-02,1.90455919e-02,1.269706,-3.34647176e-02,2.63309396e-03
3.025500,2.65288610e-02,1.90288610e-02,1.268591,-3.34618026e-02,2.64637846e-03
3.026000,2.65121348e-02,1.90121348e-02,1.267476,-3.34523573e-02,2.62154902e-03
3.026500,2.64954134e-02,1.89954134e-02,1.266361,-3.34429260e-02,2.61318231e-03
3.027000,2.64786942e-02,1.89786942e-02,1.265246,-3.34383116e-02,2.62755042e-03
3.027500,2.64619773e-02,1.89619773e-02,1.264132,-3.34338007e-02,2.64593553e-03
3.028000,2.64452647e-02,1.89452647e-02,1.263018,-3.34253048e-02,2.63701327e-03
3.028500,2.64285574e-02,1.89285574e-02,1.261904,-3.34145789e-02,2.61611645e-03
3.029000,2.64118538e-02,1.89118538e-02,1.260790,-3.34071657e-02,2.60677777e-03
3.029500,2.63951518e-02,1.88951518e-02,1.259677,-3.34040097e-02,2.62982625e-03
3.030000,2.63784516e-02,1.88784516e-02,1.258563,-3.34003493e-02,2.62459234e-03
3.030500,2.63617549e-02,1.88617549e-02,1.257450,-3.33933669e-02,2.63297922e-03
3.031000,2.63450617e-02,1.88450617e-02,1.256337,-3.33865023e-02,2.62715350e-03
3.031500,2.63283723e-02,1.88283723e-02,1.255225,-3.33787757e-02,2.63315320e-03
3.032000,2.63116866e-02,1.88116866e-02,1.254112,-3.33714752e-02,2.60605971e-03
3.032500,2.62950038e-02,1.87950038e-02,1.253000,-3.33655852e-02,2.59394268e-03
3.033000,2.62783212e-02,1.87783212e-02,1.251888,-3.33652154e-02,2.60235542e-03
3.033500,2.62616381e-02,1.87616381e-02,1.250776,-3.33660915e-02,2.61647279e-03
3.034000,2.62449559e-02,1.87449559e-02,1.249664,-3.33643380e-02,2.60979009e-03
3.034500,2.62282755e-02,1.87282755e-02,1.248552,-3.33608571e-02,2.60414576e-03
3.035000,2.62115960e-02,1.87115960e-02,1.247440,-3.33589726e-02,2.58304640e-03
3.035500,2.61949161e-02,1.86949161e-02,1.246328,-3.33598806e-02,2.60191095e-03
3.036000,2.61782348e-02,1.86782348e-02,1.245216,-3.33625853e-02,2.61956817e-03
3.036500,2.61615545e-02,1.86615545e-02,1.244104,-3.33606310e-02,2.61832178e-03
3.037000,2.61448765e-02,1.86448765e-02,1.242992,-3.33558875e-02,2.60229862e-03
3.037500,2.61282002e-02,1.86282002e-02,1.241880,-3.33527654e-02,2.59658066e-03
3.038000,2.61115238e-02,1.86115238e-02,1.240768,-3.33527800e-02,2.60480935e-03
3.038500,2.60948473e-02,1.85948473e-02,1.239656,-3.33530059e-02,2.61633551e-03
3.039000,2.60781718e-02,1.85781718e-02,1.238545,-3.33508616e-02,2.60877705e-03
3.039500,2.60614981e-02,1.85614981e-02,1.237433,-3.33474928e-02,2.61598215e-03
3.040000,2.60448257e-02,1.85448257e-02,1.236322,-3.33447281e-02,2.61852378e-03
3.040500,2.60281554e-02,1.85281554e-02,1.235210,-3.33405556e-02,2.60964034e-03
3.041000,2.60114871e-02,1.85114871e-02,1.234099,-3.33367512e-02,2.60784701e-03
3.041500,2.59948198e-02,1.84948198e-02,1.232988,-3.33345641e-02,2.61766731e-03
3.042000,2.59781539e-02,1.84781539e-02,1.231877,-3.33318031e-02,2.64609351e-03
3.042500,2.59614914e-02,1.84614914e-02,1.230766,-3.33249162e-02,2.63096985e-03
3.043000,2.59448341e-02,1.84448341e-02,1.229656,-3.33146986e-02,2.62986141e-03
3.043500,2.59281805e-02,1.84281805e-02,1.228545,-3.33070626e-02,2.61670067e-03
3.044000,2.59115302e-02,1.84115302e-02,1.227435,-3.33007721e-02,2.64242147e-03
3.044500,2.58948830e-02,1.83948830e-02,1.226326,-3.32943686e-02,2.64756867e-03
3.045000,2.58782413e-02,1.83782413e-02,1.225216,-3.32832864e-02,2.63700522e-03
3.045500,2.58616052e-02,1.83616052e-02,1.224107,-3.32722930e-02,2.60653631e-03
3.046000,2.58449723e-02,1.83449723e-02,1.222998,-3.32657283e-02,2.61820749e-03
3.046500,2.58283408e-02,1.83283408e-02,1.221889,-3.32631348e-02,2.61560269e-03
3.047000,2.58117113e-02,1.83117113e-02,1.220781,-3.32588551e-02,2.64211531e-03
3.047500,2.57950850e-02,1.82950850e-02,1.219672,-3.32526589e-02,2.62602623e-03
3.048000,2.57784632e-02,1.82784632e-02,1.218564,-3.32435318e-02,2.62825216e-03
3.048500,2.57618448e-02,1.82618448e-02,1.217456,-3.32368498e-02,2.61160340e-03
3.049000,2.57452292e-02,1.82452292e-02,1.216349,-3.32312743e-02,2.61062991e-03
3.049500,2.57286149e-02,1.82286149e-02,1.215241,-3.32285188e-02,2.61068155e-03
3.050000,2.57120019e-02,1.82120019e-02,1.214133,-3.32259185e-02,2.60500530e-03
3.050500,2.56953900e-02,1.81953900e-02,1.213026,-3.32238117e-02,2.61105769e-03
3.051000,2.56787790e-02,1.81787790e-02,1.211919,-3.32221018e-02,2.60653807e-03
3.051500,2.56621691e-02,1.81621691e-02,1.210811,-3.32197976e-02,2.59797619e-03
3.052000,2.56455596e-02,1.81455596e-02,1.209704,-3.32189927e-02,2.58931616e-03
3.052500,2.56289494e-02,1.81289494e-02,1.208597,-3.32203594e-02,2.61859180e-03
3.053000,2.56123391e-02,1.81123391e-02,1.207489,-3.32205596e-02,2.62776453e-03
3.053500,2.55957316e-02,1.80957316e-02,1.206382,-3.32151415e-02,2.61147515e-03
3.054000,2.55791267e-02,1.80791267e-02,1.205275,-3.32096574e-02,2.59352953e-03
3.054500,2.55625225e-02,1.80625225e-02,1.204168,-3.32084350e-02,2.60168129e-03
3.055000,2.55459178e-02,1.80459178e-02,1.203061,-3.32094385e-02,2.61405912e-03
3.055500,2.55293138e-02,1.80293138e-02,1.201954,-3.32080091e-02,2.61348631e-03
3.056000,2.55127115e-02,1.80127115e-02,1.200847,-3.32045977e-02,2.61893266e-03
3.056500,2.54961111e-02,1.79961111e-02,1.199741,-3.32007989e-02,2.62363661e-03
3.057000,2.54795133e-02,1.79795133e-02,1.198634,-3.31956898e-02,2.61276079e-03
3.057500,2.54629179e-02,1.79629179e-02,1.197528,-3.31907699e-02,2.59900269e-03
3.058000,2.54463234e-02,1.79463234e-02,1.196422,-3.31888524e-02,2.61049707e-03
3.058500,2.54297294e-02,1.79297294e-02,1.195315,-3.31881777e-02,2.64346186e-03
3.059000,2.54131380e-02,1.79131380e-02,1.194209,-3.31827009e-02,2.64052356e-03
3.059500,2.53965520e-02,1.78965520e-02,1.193103,-3.31720707e-02,2.62383422e-03
3.060000,2.53799703e-02,1.78799703e-02,1.191998,-3.31633988e-02,2.61111508e-03
3.060500,2.53633910e-02,1.78633910e-02,1.190893,-3.31585920e-02,2.63342405e-03
3.061000,2.53468140e-02,1.78468140e-02,1.189788,-3.31539012e-02,2.64533681e-03
3.061500,2.53302418e-02,1.78302418e-02,1.188683,-3.31444938e-02,2.64606725e-03
3.062000,2.53136752e-02,1.78136752e-02,1.187578,-3.31330656e-02,2.61812722e-03
3.062500,2.52971132e-02,1.77971132e-02,1.186474,-3.31239879e-02,2.61180285e-03
3.063000,2.52805532e-02,1.77805532e-02,1.185370,-3.31200574e-02,2.62934272e-03
3.063500,2.52639954e-02,1.77639954e-02,1.184266,-3.31156146e-02,2.63288089e-03
3.064000,2.52474414e-02,1.77474414e-02,1.183163,-3.31079787e-02,2.63561166e-03
3.064500,2.52308917e-02,1.77308917e-02,1.182059,-3.30995203e-02,2.63119506e-03
3.065000,2.52143462e-02,1.77143462e-02,1.180956,-3.30910041e-02,2.63197964e-03
3.065500,2.51978046e-02,1.76978046e-02,1.179854,-3.30831437e-02,2.60237822e-03
3.066000,2.51812657e-02,1.76812657e-02,1.178751,-3.30777719e-02,2.59112125e-03
3.066500,2.51647266e-02,1.76647266e-02,1.177648,-3.30782561e-02,2.61339132e-03
3.067000,2.51481873e-02,1.76481873e-02,1.176546,-3.30786198e-02,2.62229955e-03
3.067500,2.51316500e-02,1.76316500e-02,1.175443,-3.30745388e-02,2.60930927e-03
3.068000,2.51151149e-02,1.76151149e-02,1.174341,-3.30701437e-02,2.60041068e-03
3.068500,2.50985806e-02,1.75985806e-02,1.173239,-3.30686684e-02,2.58761841e-03
3.069000,2.50820457e-02,1.75820457e-02,1.172136,-3.30697855e-02,2.61217302e-03
3.069500,2.50655103e-02,1.75655103e-02,1.171034,-3.30708320e-02,2.62136310e-03
3.070000,2.50489768e-02,1.75489768e-02,1.169932,-3.30670339e-02,2.61759150e-03
3.070500,2.50324457e-02,1.75324457e-02,1.168830,-3.30620602e-02,2.60389780e-03
3.071000,2.50159163e-02,1.75159163e-02,1.167728,-3.30589166e-02,2.60036877e-03
3.071500,2.49993871e-02,1.74993871e-02,1.166626,-3.30583337e-02,2.60938997e-03
3.072000,2.49828583e-02,1.74828583e-02,1.165524,-3.30575326e-02,2.61940411e-03
3.072500,2.49663312e-02,1.74663312e-02,1.164422,-3.30543647e-02,2.61260094e-03
3.073000,2.49498061e-02,1.74498061e-02,1.163320,-3.30501540e-02,2.61773765e-03
3.073500,2.49332828e-02,1.74332828e-02,1.162219,-3.30466062e-02,2.62080872e-03
3.074000,2.49167618e-02,1.74167618e-02,1.161117,-3.30419433e-02,2.61261453e-03
3.074500,2.49002431e-02,1.74002431e-02,1.160016,-3.30375007e-02,2.61122176e-03
3.075000,2.48837258e-02,1.73837258e-02,1.158915,-3.30345268e-02,2.62088434e-03
3.075500,2.48672103e-02,1.73672103e-02,1.157814,-3.30309273e-02,2.64896013e-03
3.076000,2.48506987e-02,1.73506987e-02,1.156713,-3.30232586e-02,2.63376717e-03
3.076500,2.48341925e-02,1.73341925e-02,1.155613,-3.30123230e-02,2.63280822e-03
3.077000,2.48176906e-02,1.73176906e-02,1.154513,-3.30039671e-02,2.61964048e-03
3.077500,2.48011921e-02,1.73011921e-02,1.153413,-3.29969328e-02,2.64568682e-03
3.078000,2.47846972e-02,1.72846972e-02,1.152313,-3.29897578e-02,2.65070943e-03
3.078500,2.47682083e-02,1.72682083e-02,1.151214,-3.29778617e-02,2.63998146e-03
3.079000,2.47517252e-02,1.72517252e-02,1.150115,-3.29660894e-02,2.60862716e-03
3.079500,2.47352458e-02,1.72352458e-02,1.149016,-3.29588511e-02,2.62372263e-03
3.080000,2.47187681e-02,1.72187681e-02,1.147918,-3.29554266e-02,2.61902243e-03
3.080500,2.47022931e-02,1.72022931e-02,1.146820,-3.29499390e-02,2.64247207e-03
3.081000,2.46858216e-02,1.71858216e-02,1.145721,-3.29431497e-02,2.62868155e-03
3.081500,2.46693547e-02,1.71693547e-02,1.144624,-3.29337292e-02,2.63318855e-03
3.082000,2.46528916e-02,1.71528916e-02,1.143526,-3.29261747e-02,2.61576633e-03
3.082500,2.46364319e-02,1.71364319e-02,1.142429,-3.29194205e-02,2.60608866e-03
3.083000,2.46199737e-02,1.71199737e-02,1.141332,-3.29163829e-02,2.60840478e-03
3.083500,2.46035163e-02,1.71035163e-02,1.140234,-3.29147297e-02,2.61409238e-03
3.084000,2.45870602e-02,1.70870602e-02,1.139137,-3.29121933e-02,2.61816766e-03
3.084500,2.45706061e-02,1.70706061e-02,1.138040,-3.29083625e-02,2.61042521e-03
3.085000,2.45541538e-02,1.70541538e-02,1.136944,-3.29045472e-02,2.59840137e-03
3.085500,2.45377022e-02,1.70377022e-02,1.135847,-3.29030664e-02,2.59043675e-03
3.086000,2.45212501e-02,1.70212501e-02,1.134750,-3.29042642e-02,2.62094599e-03
3.086500,2.45047981e-02,1.70047981e-02,1.133653,-3.29040722e-02,2.62834545e-03
3.087000,2.44883490e-02,1.69883490e-02,1.132557,-3.28982162e-02,2.61970764e-03
3.087500,2.44719030e-02,1.69719030e-02,1.131460,-3.28919088e-02,2.59984840e-03
3.088000,2.44554586e-02,1.69554586e-02,1.130364,-3.28887758e-02,2.60238581e-03
3.088500,2.44390143e-02,1.69390143e-02,1.129268,-3.28886794e-02,2.61619387e-03
3.089000,2.44225708e-02,1.69225708e-02,1.128171,-3.28869455e-02,2.61516020e-03
3.089500,2.44061293e-02,1.69061293e-02,1.127075,-3.28830356e-02,2.62472999e-03
3.090000,2.43896901e-02,1.68896901e-02,1.125979,-3.28784493e-02,2.62939654e-03
3.090500,2.43732541e-02,1.68732541e-02,1.124884,-3.28718790e-02,2.61673513e-03
3.091000,2.43568213e-02,1.68568213e-02,1.123788,-3.28656619e-02,2.59766329e-03
3.091500,2.43403897e-02,1.68403897e-02,1.122693,-3.28632102e-02,2.60551514e-03
3.092000,2.43239581e-02,1.68239581e-02,1.121597,-3.28631959e-02,2.64150446e-03
3.092500,2.43075287e-02,1.68075287e-02,1.120502,-3.28587102e-02,2.65425862e-03
3.093000,2.42911052e-02,1.67911052e-02,1.119407,-3.28471871e-02,2.62721699e-03
3.093500,2.42746872e-02,1.67746872e-02,1.118312,-3.28359606e-02,2.61816775e-03
3.094000,2.42582722e-02,1.67582722e-02,1.117218,-3.28299747e-02,2.63058007e-03
3.094500,2.42418600e-02,1.67418600e-02,1.116124,-3.28243773e-02,2.64957716e-03
3.095000,2.42254525e-02,1.67254525e-02,1.115030,-3.28150620e-02,2.64643868e-03
3.095500,2.42090510e-02,1.67090510e-02,1.113937,-3.28029047e-02,2.62803277e-03
3.096000,2.41926546e-02,1.66926546e-02,1.112844,-3.27928902e-02,2.60976638e-03
3.096500,2.41762608e-02,1.66762608e-02,1.111751,-3.27875131e-02,2.63488341e-03
3.097000,2.41598694e-02,1.66598694e-02,1.110658,-3.27829148e-02,2.62624509e-03
3.097500,2.41434819e-02,1.66434819e-02,1.109565,-3.27749558e-02,2.64146605e-03
3.098000,2.41270983e-02,1.66270983e-02,1.108473,-3.27670695e-02,2.62855841e-03
3.098500,2.41107194e-02,1.66107194e-02,1.107381,-3.27578251e-02,2.64135435e-03
3.099000,2.40943446e-02,1.65943446e-02,1.106290,-3.27495687e-02,2.61614538e-03
3.099500,2.40779739e-02,1.65779739e-02,1.105198,-3.27414402e-02,2.61013784e-03
3.100000,2.40616049e-02,1.65616049e-02,1.104107,-3.27379823e-02,2.60871468e-03
3.100500,2.40452371e-02,1.65452371e-02,1.103016,-3.27356368e-02,2.61468946e-03
3.101000,2.40288706e-02,1.65288706e-02,1.101925,-3.27329967e-02,2.62158195e-03
3.101500,2.40125062e-02,1.65125062e-02,1.100834,-3.27287660e-02,2.61272275e-03
3.102000,2.39961441e-02,1.64961441e-02,1.099743,-3.27241869e-02,2.59752171e-03
3.102500,2.39797829e-02,1.64797829e-02,1.098652,-3.27224066e-02,2.59591135e-03
3.103000,2.39634213e-02,1.64634213e-02,1.097561,-3.27232647e-02,2.61589185e-03
3.103500,2.39470600e-02,1.64470600e-02,1.096471,-3.27226207e-02,2.63484055e-03
3.104000,2.39307015e-02,1.64307015e-02,1.095380,-3.27170203e-02,2.61777460e-03
3.104500,2.39143466e-02,1.64143466e-02,1.094290,-3.27098173e-02,2.59272756e-03
3.105000,2.38979928e-02,1.63979928e-02,1.093200,-3.27076313e-02,2.60916915e-03
3.105500,2.38816387e-02,1.63816387e-02,1.092109,-3.27081045e-02,2.62229343e-03
3.106000,2.38652864e-02,1.63652864e-02,1.091019,-3.27047174e-02,2.61450077e-03
3.106500,2.38489364e-02,1.63489364e-02,1.089929,-3.26998642e-02,2.61705691e-03
3.107000,2.38325884e-02,1.63325884e-02,1.088839,-3.26960646e-02,2.63152257e-03
3.107500,2.38162431e-02,1.63162431e-02,1.087750,-3.26905663e-02,2.61907797e-03
3.108000,2.37999012e-02,1.62999012e-02,1.086660,-3.26837929e-02,2.60457880e-03
3.108500,2.37835610e-02,1.62835610e-02,1.085571,-3.26803450e-02,2.61858087e-03
3.109000,2.37672220e-02,1.62672220e-02,1.084481,-3.26780400e-02,2.64024286e-03
3.109500,2.37508863e-02,1.62508863e-02,1.083392,-3.26715203e-02,2.65186326e-03
3.110000,2.37345560e-02,1.62345560e-02,1.082304,-3.26604161e-02,2.64309985e-03
3.110500,2.37182320e-02,1.62182320e-02,1.081215,-3.26481786e-02,2.62491849e-03
3.111000,2.37019125e-02,1.62019125e-02,1.080127,-3.26389878e-02,2.62546234e-03
3.111500,2.36855961e-02,1.61855961e-02,1.079040,-3.26327343e-02,2.64915235e-03
3.112000,2.36692839e-02,1.61692839e-02,1.077952,-3.26242969e-02,2.65021924e-03
3.112500,2.36529780e-02,1.61529780e-02,1.076865,-3.26118751e-02,2.63796941e-03
3.113000,2.36366778e-02,1.61366778e-02,1.075779,-3.26003612e-02,2.61264672e-03
3.113500,2.36203813e-02,1.61203813e-02,1.074692,-3.25930978e-02,2.62563722e-03
3.114000,2.36040869e-02,1.61040869e-02,1.073606,-3.25888440e-02,2.62274975e-03
3.114500,2.35877955e-02,1.60877955e-02,1.072520,-3.25827124e-02,2.64463658e-03
3.115000,2.35715079e-02,1.60715079e-02,1.071434,-3.25751197e-02,2.62786929e-03
3.115500,2.35552252e-02,1.60552252e-02,1.070348,-3.25654156e-02,2.64075090e-03
3.116000,2.35389466e-02,1.60389466e-02,1.069263,-3.25573258e-02,2.61905964e-03
3.116500,2.35226721e-02,1.60226721e-02,1.068178,-3.25490387e-02,2.61776010e-03
3.117000,2.35063998e-02,1.60063998e-02,1.067093,-3.25444283e-02,2.61558977e-03
3.117500,2.34901297e-02,1.59901297e-02,1.066009,-3.25402233e-02,2.61166246e-03
3.118000,2.34738614e-02,1.59738614e-02,1.064924,-3.25367218e-02,2.61713846e-03
3.118500,2.34575947e-02,1.59575947e-02,1.063840,-3.25333811e-02,2.61798871e-03
3.119000,2.34413301e-02,1.59413301e-02,1.062755,-3.25290660e-02,2.60329044e-03
3.119500,2.34250672e-02,1.59250672e-02,1.061671,-3.25259109e-02,2.59371411e-03
3.120000,2.34088042e-02,1.59088042e-02,1.060587,-3.25260161e-02,2.62473372e-03
3.120500,2.33925417e-02,1.58925417e-02,1.059503,-3.25249511e-02,2.63166874e-03
3.121000,2.33762826e-02,1.58762826e-02,1.058419,-3.25181792e-02,2.62101419e-03
3.121500,2.33600270e-02,1.58600270e-02,1.057335,-3.25112106e-02,2.60040144e-03
3.122000,2.33437731e-02,1.58437731e-02,1.056252,-3.25078142e-02,2.61046195e-03
3.122500,2.33275196e-02,1.58275196e-02,1.055168,-3.25069129e-02,2.62222536e-03
3.123000,2.33112680e-02,1.58112680e-02,1.054085,-3.25033196e-02,2.61792890e-03
3.123500,2.32950189e-02,1.57950189e-02,1.053001,-3.24981744e-02,2.62437013e-03
3.124000,2.32787723e-02,1.57787723e-02,1.051918,-3.24931653e-02,2.63215493e-03
3.124500,2.32625291e-02,1.57625291e-02,1.050835,-3.24864101e-02,2.62213025e-03
3.125000,2.32462895e-02,1.57462895e-02,1.049753,-3.24792630e-02,2.60407031e-03
3.125500,2.32300518e-02,1.57300518e-02,1.048670,-3.24753589e-02,2.60891069e-03
3.126000,2.32138148e-02,1.57138148e-02,1.047588,-3.24739924e-02,2.63947672e-03
3.126500,2.31975802e-02,1.56975802e-02,1.046505,-3.24691284e-02,2.65361783e-03
3.127000,2.31813512e-02,1.56813512e-02,1.045423,-3.24579949e-02,2.63309678e-03
3.127500,2.31651281e-02,1.56651281e-02,1.044342,-3.24463538e-02,2.62400526e-03
3.128000,2.31489086e-02,1.56489086e-02,1.043261,-3.24388862e-02,2.62732166e-03
3.128500,2.31326923e-02,1.56326923e-02,1.042179,-3.24326183e-02,2.65627053e-03
3.129000,2.31164807e-02,1.56164807e-02,1.041099,-3.24232462e-02,2.65256934e-03
3.129500,2.31002760e-02,1.56002760e-02,1.040018,-3.24094477e-02,2.63501396e-03
3.130000,2.30840771e-02,1.55840771e-02,1.038938,-3.23978093e-02,2.60695546e-03
3.130500,2.30678813e-02,1.55678813e-02,1.037859,-3.23915344e-02,2.64007604e-03
3.131000,2.30516878e-02,1.55516878e-02,1.036779,-3.23869385e-02,2.63208183e-03
3.131500,2.30354990e-02,1.55354990e-02,1.035700,-3.23776108e-02,2.64828806e-03
3.132000,2.30193149e-02,1.55193149e-02,1.034621,-3.23681628e-02,2.63630483e-03
3.132500,2.30031364e-02,1.55031364e-02,1.033542,-3.23571132e-02,2.64070722e-03
3.133000,2.29869626e-02,1.54869626e-02,1.032464,-3.23476421e-02,2.61988822e-03
3.133500,2.29707929e-02,1.54707929e-02,1.031386,-3.23392889e-02,2.60459658e-03
3.134000,2.29546251e-02,1.54546251e-02,1.030308,-3.23357064e-02,2.61345487e-03
3.134500,2.29384581e-02,1.54384581e-02,1.029231,-3.23338517e-02,2.62757252e-03
3.135000,2.29222935e-02,1.54222935e-02,1.028153,-3.23292940e-02,2.62371746e-03
3.135500,2.29061321e-02,1.54061321e-02,1.027075,-3.23227591e-02,2.61546331e-03
3.136000,2.28899733e-02,1.53899733e-02,1.025998,-3.23175869e-02,2.60573184e-03
3.136500,2.28738160e-02,1.53738160e-02,1.024921,-3.23146307e-02,2.59564378e-03
3.137000,2.28576589e-02,1.53576589e-02,1.023844,-3.23141643e-02,2.62072384e-03
3.137500,2.28415023e-02,1.53415023e-02,1.022767,-3.23131370e-02,2.62793643e-03
3.138000,2.28253487e-02,1.53253487e-02,1.021690,-3.23073536e-02,2.62284962e-03
3.138500,2.28091983e-02,1.53091983e-02,1.020613,-3.23008356e-02,2.61092612e-03
3.139000,2.27930502e-02,1.52930502e-02,1.019537,-3.22962071e-02,2.60756106e-03
3.139500,2.27769032e-02,1.52769032e-02,1.018460,-3.22938342e-02,2.62046325e-03
3.140000,2.27607578e-02,1.52607578e-02,1.017384,-3.22908729e-02,2.62589032e-03
3.140500,2.27446151e-02,1.52446151e-02,1.016308,-3.22853132e-02,2.61725483e-03
3.141000,2.27284753e-02,1.52284753e-02,1.015232,-3.22796259e-02,2.62397952e-03
3.141500,2.27123379e-02,1.52123379e-02,1.014156,-3.22747620e-02,2.62840999e-03
3.142000,2.26962037e-02,1.51962037e-02,1.013080,-3.22684021e-02,2.61925627e-03
3.142500,2.26800727e-02,1.51800727e-02,1.012005,-3.22621241e-02,2.62085666e-03
3.143000,2.26639441e-02,1.51639441e-02,1.010930,-3.22572076e-02,2.62655873e-03
3.143500,2.26478183e-02,1.51478183e-02,1.009855,-3.22515242e-02,2.65307072e-03
3.144000,2.26316970e-02,1.51316970e-02,1.008780,-3.22425603e-02,2.64319605e-03
3.144500,2.26155820e-02,1.51155820e-02,1.007705,-3.22301161e-02,2.64037976e-03
3.145000,2.25994722e-02,1.50994722e-02,1.006631,-3.22195423e-02,2.62390777e-03
3.145500,2.25833668e-02,1.50833668e-02,1.005558,-3.22108875e-02,2.64460967e-03
3.146000,2.25672652e-02,1.50672652e-02,1.004484,-3.22031070e-02,2.66120124e-03
3.146500,2.25511700e-02,1.50511700e-02,1.003411,-3.21904601e-02,2.65241909e-03
3.147000,2.25350820e-02,1.50350820e-02,1.002339,-3.21758652e-02,2.62562134e-03
3.147500,2.25189995e-02,1.50189995e-02,1.001267,-3.21650819e-02,2.61853346e-03
3.148000,2.25029198e-02,1.50029198e-02,1.000195,-3.21593257e-02,2.62964027e-03
3.148500,2.24868430e-02,1.49868430e-02,0.999123,-3.21537513e-02,2.63862083e-03
3.149000,2.24707702e-02,1.49707702e-02,0.998051,-3.21455591e-02,2.64123583e-03
3.149500,2.24547024e-02,1.49547024e-02,0.996980,-3.21356609e-02,2.63107041e-03
3.150000,2.24386392e-02,1.49386392e-02,0.995909,-3.21262322e-02,2.64488068e-03
3.150500,2.24225806e-02,1.49225806e-02,0.994839,-3.21172516e-02,2.62081065e-03
3.151000,2.24065266e-02,1.49065266e-02,0.993768,-3.21081315e-02,2.61385832e-03
3.151500,2.23904748e-02,1.48904748e-02,0.992698,-3.21035786e-02,2.61305146e-03
3.152000,2.23744246e-02,1.48744246e-02,0.991628,-3.21002387e-02,2.61953394e-03
3.152500,2.23583764e-02,1.48583764e-02,0.990558,-3.20964581e-02,2.62448989e-03
3.153000,2.23423308e-02,1.48423308e-02,0.989489,-3.20911748e-02,2.61518400e-03
3.153500,2.23262879e-02,1.48262879e-02,0.988419,-3.20859005e-02,2.60192012e-03
3.154000,2.23102462e-02,1.48102462e-02,0.987350,-3.20833271e-02,2.60949757e-03
3.154500,2.22942051e-02,1.47942051e-02,0.986280,-3.20822618e-02,2.63159519e-03
3.155000,2.22781661e-02,1.47781661e-02,0.985211,-3.20779983e-02,2.63663325e-03
3.155500,2.22621313e-02,1.47621313e-02,0.984142,-3.20696608e-02,2.61989898e-03
3.156000,2.22461003e-02,1.47461003e-02,0.983073,-3.20619756e-02,2.60376578e-03
3.156500,2.22300710e-02,1.47300710e-02,0.982005,-3.20584648e-02,2.61895035e-03
3.157000,2.22140429e-02,1.47140429e-02,0.980936,-3.20562605e-02,2.62642443e-03
3.157500,2.21980175e-02,1.46980175e-02,0.979868,-3.20509020e-02,2.61925330e-03
3.158000,2.21819950e-02,1.46819950e-02,0.978800,-3.20449503e-02,2.62835019e-03
3.158500,2.21659753e-02,1.46659753e-02,0.977732,-3.20393718e-02,2.63668048e-03
3.159000,2.21499595e-02,1.46499595e-02,0.976664,-3.20315629e-02,2.62520657e-03
3.159500,2.21339478e-02,1.46339478e-02,0.975597,-3.20234007e-02,2.60655208e-03
3.160000,2.21179384e-02,1.46179384e-02,0.974529,-3.20187719e-02,2.61290852e-03
3.160500,2.21019301e-02,1.46019301e-02,0.973462,-3.20166444e-02,2.64834307e-03
3.161000,2.20859249e-02,1.45859249e-02,0.972395,-3.20103400e-02,2.66215203e-03
3.161500,2.20699264e-02,1.45699264e-02,0.971328,-3.19969960e-02,2.63502852e-03
3.162000,2.20539345e-02,1.45539345e-02,0.970262,-3.19837826e-02,2.62453756e-03
3.162500,2.20379466e-02,1.45379466e-02,0.969196,-3.19759508e-02,2.63057108e-03
3.163000,2.20219619e-02,1.45219619e-02,0.968131,-3.19693082e-02,2.66229855e-03
3.163500,2.20059825e-02,1.45059825e-02,0.967066,-3.19588695e-02,2.65799702e-03
3.164000,2.19900107e-02,1.44900107e-02,0.966001,-3.19436013e-02,2.63900437e-03
3.164500,2.19740453e-02,1.44740453e-02,0.964936,-3.19307187e-02,2.61061691e-03
3.165000,2.19580836e-02,1.44580836e-02,0.963872,-3.19234649e-02,2.64688477e-03
3.165500,2.19421248e-02,1.44421248e-02,0.962808,-3.19176657e-02,2.63787318e-03
3.166000,2.19261714e-02,1.44261714e-02,0.961745,-3.19067079e-02,2.64047240e-03
3.166500,2.19102229e-02,1.44102229e-02,0.960682,-3.18970000e-02,2.64011850e-03
3.167000,2.18942794e-02,1.43942794e-02,0.959619,-3.18868966e-02,2.64879985e-03
3.167500,2.18783414e-02,1.43783414e-02,0.958556,-3.18760837e-02,2.63719627e-03
3.168000,2.18624090e-02,1.43624090e-02,0.957494,-3.18648712e-02,2.62105485e-03
3.168500,2.18464805e-02,1.43464805e-02,0.956432,-3.18569914e-02,2.60385551e-03
3.169000,2.18305538e-02,1.43305538e-02,0.955370,-3.18532829e-02,2.62341881e-03
3.169500,2.18146285e-02,1.43146285e-02,0.954309,-3.18506688e-02,2.62965454e-03
3.170000,2.17987064e-02,1.42987064e-02,0.953247,-3.18442909e-02,2.62153089e-03
3.170500,2.17827876e-02,1.42827876e-02,0.952186,-3.18376074e-02,2.61288472e-03
3.171000,2.17668710e-02,1.42668710e-02,0.951125,-3.18330223e-02,2.59867764e-03
3.171500,2.17509555e-02,1.42509555e-02,0.950064,-3.18311132e-02,2.61899766e-03
3.172000,2.17350406e-02,1.42350406e-02,0.949003,-3.18297403e-02,2.63624492e-03
3.172500,2.17191289e-02,1.42191289e-02,0.947942,-3.18235057e-02,2.63455628e-03
3.173000,2.17032216e-02,1.42032216e-02,0.946881,-3.18145883e-02,2.61727032e-03
3.173500,2.16873178e-02,1.41873178e-02,0.945821,-3.18074766e-02,2.60759761e-03
3.174000,2.16714158e-02,1.41714158e-02,0.944761,-3.18040586e-02,2.62335495e-03
3.174500,2.16555154e-02,1.41555154e-02,0.943701,-3.18008357e-02,2.62481073e-03
3.175000,2.16396179e-02,1.41396179e-02,0.942641,-3.17948966e-02,2.62575859e-03
3.175500,2.16237236e-02,1.41237236e-02,0.941582,-3.17886347e-02,2.62700577e-03
3.176000,2.16078326e-02,1.41078326e-02,0.940522,-3.17821068e-02,2.63998011e-03
3.176500,2.15919454e-02,1.40919454e-02,0.939463,-3.17742270e-02,2.62283541e-03
3.177000,2.15760626e-02,1.40760626e-02,0.938404,-3.17657325e-02,2.61472263e-03
3.177500,2.15601822e-02,1.40601822e-02,0.937345,-3.17607708e-02,2.63552711e-03
3.178000,2.15443045e-02,1.40443045e-02,0.936287,-3.17553016e-02,2.64706515e-03
3.178500,2.15284318e-02,1.40284318e-02,0.935229,-3.17453961e-02,2.65457415e-03
3.179000,2.15125654e-02,1.40125654e-02,0.934171,-3.17329319e-02,2.65073293e-03
3.179500,2.14967056e-02,1.39967056e-02,0.933114,-3.17195744e-02,2.63437721e-03
3.180000,2.14808514e-02,1.39808514e-02,0.932057,-3.17082937e-02,2.63538109e-03
3.180500,2.14650016e-02,1.39650016e-02,0.931000,-3.16996101e-02,2.65766302e-03
3.181000,2.14491572e-02,1.39491572e-02,0.929944,-3.16887914e-02,2.65900339e-03
3.181500,2.14333201e-02,1.39333201e-02,0.928888,-3.16741954e-02,2.64861040e-03
3.182000,2.14174900e-02,1.39174900e-02,0.927833,-3.16602982e-02,2.61953085e-03
3.182500,2.14016647e-02,1.39016647e-02,0.926778,-3.16506789e-02,2.63534933e-03
3.183000,2.13858424e-02,1.38858424e-02,0.925723,-3.16444359e-02,2.63103851e-03
3.183500,2.13700245e-02,1.38700245e-02,0.924668,-3.16359766e-02,2.64993232e-03
3.184000,2.13542112e-02,1.38542112e-02,0.923614,-3.16265546e-02,2.63718916e-03
3.184500,2.13384036e-02,1.38384036e-02,0.922560,-3.16151568e-02,2.64900051e-03
3.185000,2.13226012e-02,1.38226012e-02,0.921507,-3.16048072e-02,2.63949951e-03
3.185500,2.13068045e-02,1.38068045e-02,0.920454,-3.15933581e-02,2.62839134e-03
3.186000,2.12910123e-02,1.37910123e-02,0.919401,-3.15844514e-02,2.60941728e-03
3.186500,2.12752228e-02,1.37752228e-02,0.918348,-3.15790463e-02,2.61991989e-03
3.187000,2.12594349e-02,1.37594349e-02,0.917296,-3.15758284e-02,2.62816977e-03
3.187500,2.12436498e-02,1.37436498e-02,0.916243,-3.15701563e-02,2.62449828e-03
3.188000,2.12278680e-02,1.37278680e-02,0.915191,-3.15634543e-02,2.61636748e-03
3.188500,2.12120890e-02,1.37120890e-02,0.914139,-3.15580740e-02,2.60790684e-03
3.189000,2.11963116e-02,1.36963116e-02,0.913087,-3.15547769e-02,2.62480637e-03
3.189500,2.11805359e-02,1.36805359e-02,0.912036,-3.15513749e-02,2.63833729e-03
3.190000,2.11647639e-02,1.36647639e-02,0.910984,-3.15440015e-02,2.63124236e-03
3.190500,2.11489964e-02,1.36489964e-02,0.909933,-3.15350335e-02,2.62254733e-03
3.191000,2.11332324e-02,1.36332324e-02,0.908882,-3.15279993e-02,2.60783162e-03
3.191500,2.11174706e-02,1.36174706e-02,0.907831,-3.15236942e-02,2.62584413e-03
3.192000,2.11017105e-02,1.36017105e-02,0.906781,-3.15202127e-02,2.63273282e-03
3.192500,2.10859539e-02,1.35859539e-02,0.905730,-3.15131644e-02,2.62375072e-03
3.193000,2.10702010e-02,1.35702010e-02,0.904680,-3.15057792e-02,2.62836054e-03
3.193500,2.10544513e-02,1.35544513e-02,0.903630,-3.14994612e-02,2.64355279e-03
3.194000,2.10387057e-02,1.35387057e-02,0.902580,-3.14910430e-02,2.63084076e-03
3.194500,2.10229651e-02,1.35229651e-02,0.901531,-3.14812541e-02,2.61209048e-03
3.195000,2.10072275e-02,1.35072275e-02,0.900482,-3.14752105e-02,2.61700373e-03
3.195500,2.09914916e-02,1.34914916e-02,0.899433,-3.14718114e-02,2.65090976e-03
3.196000,2.09757593e-02,1.34757593e-02,0.898384,-3.14646076e-02,2.65911446e-03
3.196500,2.09600337e-02,1.34600337e-02,0.897336,-3.14511107e-02,2.64211558e-03
3.197000,2.09443149e-02,1.34443149e-02,0.896288,-3.14377695e-02,2.63681512e-03
3.197500,2.09286010e-02,1.34286010e-02,0.895240,-3.14276884e-02,2.63458111e-03
3.198000,2.09128917e-02,1.34128917e-02,0.894193,-3.14186751e-02,2.66150374e-03
3.198500,2.08971879e-02,1.33971879e-02,0.893146,-3.14076483e-02,2.66361267e-03
3.199000,2.08814918e-02,1.33814918e-02,0.892099,-3.13920140e-02,2.64826460e-03
3.199500,2.08658031e-02,1.33658031e-02,0.891054,-3.13773905e-02,2.62093192e-03
3.200000,2.08501193e-02,1.33501193e-02,0.890008,-3.13677041e-02,2.63196536e-03
3.200500,2.08344385e-02,1.33344385e-02,0.888963,-3.13615302e-02,2.65181597e-03
3.201000,2.08187626e-02,1.33187626e-02,0.887918,-3.13517895e-02,2.64939457e-03
3.201500,2.08030931e-02,1.33030931e-02,0.886873,-3.13390032e-02,2.64930534e-03
3.202000,2.07874298e-02,1.32874298e-02,0.885829,-3.13266224e-02,2.64287535e-03
3.202500,2.07717724e-02,1.32717724e-02,0.884785,-3.13148248e-02,2.65126076e-03
3.203000,2.07561207e-02,1.32561207e-02,0.883741,-3.13033416e-02,2.62537218e-03
3.203500,2.07404744e-02,1.32404744e-02,0.882698,-3.12927705e-02,2.61915818e-03
3.204000,2.07248309e-02,1.32248309e-02,0.881655,-3.12870000e-02,2.62023913e-03
3.204500,2.07091898e-02,1.32091898e-02,0.880613,-3.12821543e-02,2.63204500e-03
3.205000,2.06935517e-02,1.31935517e-02,0.879570,-3.12760872e-02,2.63610935e-03
3.205500,2.06779179e-02,1.31779179e-02,0.878528,-3.12677221e-02,2.62259051e-03
3.206000,2.06622879e-02,1.31622879e-02,0.877486,-3.12598849e-02,2.60871388e-03
3.206500,2.06466602e-02,1.31466602e-02,0.876444,-3.12554947e-02,2.61098163e-03
3.207000,2.06310336e-02,1.31310336e-02,0.875402,-3.12531825e-02,2.63197402e-03
3.207500,2.06154093e-02,1.31154093e-02,0.874361,-3.12486418e-02,2.63652555e-03
3.208000,2.05997891e-02,1.30997891e-02,0.873319,-3.12402516e-02,2.63546627e-03
3.208500,2.05841735e-02,1.30841735e-02,0.872278,-3.12312077e-02,2.61407282e-03
3.209000,2.05685614e-02,1.30685614e-02,0.871237,-3.12242292e-02,2.61717659e-03
3.209500,2.05529512e-02,1.30529512e-02,0.870197,-3.12204894e-02,2.63476836e-03
3.210000,2.05373438e-02,1.30373438e-02,0.869156,-3.12146843e-02,2.63783034e-03
3.210500,2.05217410e-02,1.30217410e-02,0.868116,-3.12057199e-02,2.62745471e-03
3.211000,2.05061424e-02,1.30061424e-02,0.867076,-3.11971701e-02,2.63134756e-03
3.211500,2.04905474e-02,1.29905474e-02,0.866036,-3.11899798e-02,2.63702371e-03
3.212000,2.04749566e-02,1.29749566e-02,0.864997,-3.11816484e-02,2.62908308e-03
3.212500,2.04593700e-02,1.29593700e-02,0.863958,-3.11730870e-02,2.62876442e-03
3.213000,2.04437871e-02,1.29437871e-02,0.862919,-3.11658578e-02,2.64090455e-03
3.213500,2.04282083e-02,1.29282083e-02,0.861881,-3.11576074e-02,2.66316598e-03
3.214000,2.04126356e-02,1.29126356e-02,0.860842,-3.11453952e-02,2.64903946e-03
3.214500,2.03970702e-02,1.28970702e-02,0.859805,-3.11307765e-02,2.64793278e-03
3.215000,2.03815109e-02,1.28815109e-02,0.858767,-3.11185754e-02,2.64150148e-03
3.215500,2.03659574e-02,1.28659574e-02,0.857730,-3.11071247e-02,2.65105770e-03
3.216000,2.03504094e-02,1.28504094e-02,0.856694,-3.10958851e-02,2.66290274e-03
3.216500,2.03348684e-02,1.28348684e-02,0.855658,-3.10820289e-02,2.65693887e-03
3.217000,2.03193350e-02,1.28193350e-02,0.854622,-3.10667550e-02,2.64946982e-03
3.217500,2.03038085e-02,1.28038085e-02,0.853587,-3.10531208e-02,2.62708315e-03
3.218000,2.02882871e-02,1.27882871e-02,0.852552,-3.10426926e-02,2.64308685e-03
3.218500,2.02727699e-02,1.27727699e-02,0.851518,-3.10345253e-02,2.63520916e-03
3.219000,2.02572577e-02,1.27572577e-02,0.850484,-3.10244267e-02,2.65985852e-03
3.219500,2.02417509e-02,1.27417509e-02,0.849450,-3.10134421e-02,2.64393474e-03
3.220000,2.02262510e-02,1.27262510e-02,0.848417,-3.09998180e-02,2.65338859e-03
3.220500,2.02107570e-02,1.27107570e-02,0.847384,-3.09879727e-02,2.64160225e-03
3.221000,2.01952692e-02,1.26952692e-02,0.846351,-3.09756171e-02,2.63058916e-03
3.221500,2.01797861e-02,1.26797861e-02,0.845319,-3.09661708e-02,2.61622642e-03
3.222000,2.01643062e-02,1.26643062e-02,0.844287,-3.09598028e-02,2.62851495e-03
3.222500,2.01488289e-02,1.26488289e-02,0.843255,-3.09547068e-02,2.63390971e-03
3.223000,2.01333553e-02,1.26333553e-02,0.842224,-3.09471158e-02,2.62873717e-03
3.223500,2.01178858e-02,1.26178858e-02,0.841192,-3.09390964e-02,2.62125505e-03
3.224000,2.01024195e-02,1.26024195e-02,0.840161,-3.09325879e-02,2.61544987e-03
3.224500,2.00869556e-02,1.25869556e-02,0.839130,-3.09278213e-02,2.62524413e-03
3.225000,2.00714940e-02,1.25714940e-02,0.838100,-3.09231420e-02,2.64182123e-03
3.225500,2.00560363e-02,1.25560363e-02,0.837069,-3.09153886e-02,2.64296548e-03
3.226000,2.00405839e-02,1.25405839e-02,0.836039,-3.09048120e-02,2.62687436e-03
3.226500,2.00251362e-02,1.25251362e-02,0.835009,-3.08954702e-02,2.61181378e-03
3.227000,2.00096911e-02,1.25096911e-02,0.833979,-3.08901024e-02,2.63157275e-03
3.227500,1.99942484e-02,1.24942484e-02,0.832950,-3.08854606e-02,2.64036378e-03
3.228000,1.99788100e-02,1.24788100e-02,0.831921,-3.08767969e-02,2.63103648e-03
3.228500,1.99633762e-02,1.24633762e-02,0.830892,-3.08675143e-02,2.63106321e-03
3.229000,1.99479464e-02,1.24479464e-02,0.829863,-3.08597610e-02,2.64702336e-03
3.229500,1.99325211e-02,1.24325211e-02,0.828835,-3.08505922e-02,2.63640982e-03
3.230000,1.99171012e-02,1.24171012e-02,0.827807,-3.08397410e-02,2.63047127e-03
3.230500,1.99016856e-02,1.24016856e-02,0.826779,-3.08311577e-02,2.62372500e-03
3.231000,1.98862735e-02,1.23862735e-02,0.825752,-3.08241460e-02,2.64333195e-03
3.231500,1.98708653e-02,1.23708653e-02,0.824724,-3.08165085e-02,2.66358051e-03
3.232000,1.98554634e-02,1.23554634e-02,0.823698,-3.08038611e-02,2.65451154e-03
3.232500,1.98400690e-02,1.23400690e-02,0.822671,-3.07886905e-02,2.64197618e-03
3.233000,1.98246809e-02,1.23246809e-02,0.821645,-3.07761175e-02,2.63234022e-03
3.233500,1.98092977e-02,1.23092977e-02,0.820620,-3.07664549e-02,2.65739123e-03
3.234000,1.97939196e-02,1.22939196e-02,0.819595,-3.07561597e-02,2.66939104e-03
3.234500,1.97785493e-02,1.22785493e-02,0.818570,-3.07406898e-02,2.65835081e-03
3.235000,1.97631872e-02,1.22631872e-02,0.817546,-3.07242256e-02,2.64089560e-03
3.235500,1.97478316e-02,1.22478316e-02,0.816522,-3.07111178e-02,2.62737694e-03
3.236000,1.97324806e-02,1.22324806e-02,0.815499,-3.07020715e-02,2.66030701e-03
3.236500,1.97171344e-02,1.22171344e-02,0.814476,-3.06923334e-02,2.64543754e-03
3.237000,1.97017952e-02,1.22017952e-02,0.813453,-3.06785027e-02,2.66018419e-03
3.237500,1.96864623e-02,1.21864623e-02,0.812431,-3.06658097e-02,2.64844273e-03
3.238000,1.96711364e-02,1.21711364e-02,0.811409,-3.06517335e-02,2.65936137e-03
3.238500,1.96558171e-02,1.21558171e-02,0.810388,-3.06386199e-02,2.64417628e-03
3.239000,1.96405046e-02,1.21405046e-02,0.809367,-3.06250559e-02,2.63133777e-03
3.239500,1.96251970e-02,1.21251970e-02,0.808346,-3.06151207e-02,2.61595681e-03
3.240000,1.96098927e-02,1.21098927e-02,0.807326,-3.06086537e-02,2.63565144e-03
3.240500,1.95945912e-02,1.20945912e-02,0.806306,-3.06029709e-02,2.63999455e-03
3.241000,1.95792944e-02,1.20792944e-02,0.805286,-3.05936701e-02,2.63261429e-03
3.241500,1.95640022e-02,1.20640022e-02,0.804267,-3.05843086e-02,2.62591185e-03
3.242000,1.95487138e-02,1.20487138e-02,0.803248,-3.05767517e-02,2.61019661e-03
3.242500,1.95334280e-02,1.20334280e-02,0.802229,-3.05716850e-02,2.62328543e-03
3.243000,1.95181440e-02,1.20181440e-02,0.801210,-3.05680414e-02,2.64313952e-03
3.243500,1.95028637e-02,1.20028637e-02,0.800191,-3.05604931e-02,2.65339576e-03
3.244000,1.94875893e-02,1.19875893e-02,0.799173,-3.05487778e-02,2.63281764e-03
3.244500,1.94723207e-02,1.19723207e-02,0.798155,-3.05371978e-02,2.61317960e-03
3.245000,1.94570554e-02,1.19570554e-02,0.797137,-3.05307333e-02,2.62328647e-03
3.245500,1.94417921e-02,1.19417921e-02,0.796119,-3.05265999e-02,2.64411837e-03
3.246000,1.94265326e-02,1.19265326e-02,0.795102,-3.05189649e-02,2.64551054e-03
3.246500,1.94112787e-02,1.19112787e-02,0.794085,-3.05077860e-02,2.63090755e-03
3.247000,1.93960298e-02,1.18960298e-02,0.793069,-3.04976697e-02,2.63629987e-03
3.247500,1.93807851e-02,1.18807851e-02,0.792052,-3.04894746e-02,2.64342934e-03
3.248000,1.93655452e-02,1.18655452e-02,0.791036,-3.04797636e-02,2.63588427e-03
3.248500,1.93503105e-02,1.18503105e-02,0.790021,-3.04695490e-02,2.63694855e-03
3.249000,1.93350802e-02,1.18350802e-02,0.789005,-3.04604793e-02,2.64094495e-03
3.249500,1.93198548e-02,1.18198548e-02,0.787990,-3.04508814e-02,2.66110730e-03
3.250000,1.93046354e-02,1.18046354e-02,0.786976,-3.04388446e-02,2.66263717e-03
3.250500,1.92894237e-02,1.17894237e-02,0.785962,-3.04233617e-02,2.66063196e-03
3.251000,1.92742198e-02,1.17742198e-02,0.784948,-3.04078049e-02,2.64623170e-03
3.251500,1.92590228e-02,1.17590228e-02,0.783935,-3.03938506e-02,2.64716811e-03
3.252000,1.92438318e-02,1.17438318e-02,0.782922,-3.03821782e-02,2.66966029e-03
3.252500,1.92286476e-02,1.17286476e-02,0.781910,-3.03683632e-02,2.67033153e-03
3.253000,1.92134722e-02,1.17134722e-02,0.780898,-3.03507955e-02,2.66235659e-03
3.253500,1.91983053e-02,1.16983053e-02,0.779887,-3.03338228e-02,2.63314867e-03
3.254000,1.91831449e-02,1.16831449e-02,0.778876,-3.03207421e-02,2.63831927e-03
3.254500,1.91679889e-02,1.16679889e-02,0.777866,-3.03120004e-02,2.64623170e-03
3.255000,1.91528380e-02,1.16528380e-02,0.776856,-3.03017100e-02,2.65646936e-03
3.255500,1.91376934e-02,1.16376934e-02,0.775846,-3.02892151e-02,2.65487923e-03
3.256000,1.91225558e-02,1.16225558e-02,0.774837,-3.02751798e-02,2.64216652e-03
3.256500,1.91074246e-02,1.16074246e-02,0.773828,-3.02625296e-02,2.65817070e-03
3.257000,1.90922993e-02,1.15922993e-02,0.772820,-3.02505518e-02,2.64281669e-03
3.257500,1.90771806e-02,1.15771806e-02,0.771812,-3.02373036e-02,2.63738911e-03
3.258000,1.90620671e-02,1.15620671e-02,0.770804,-3.02270566e-02,2.63419072e-03
3.258500,1.90469581e-02,1.15469581e-02,0.769797,-3.02179836e-02,2.63668093e-03
3.259000,1.90318535e-02,1.15318535e-02,0.768790,-3.02092157e-02,2.62951426e-03
3.259500,1.90167532e-02,1.15167532e-02,0.767784,-3.02006725e-02,2.63906471e-03
3.260000,1.90016570e-02,1.15016570e-02,0.766777,-3.01924617e-02,2.62862961e-03
3.260500,1.89865651e-02,1.14865651e-02,0.765771,-3.01836052e-02,2.61827729e-03
3.261000,1.89714765e-02,1.14714765e-02,0.764765,-3.01773777e-02,2.63331633e-03
3.261500,1.89563907e-02,1.14563907e-02,0.763759,-3.01715203e-02,2.65189058e-03
3.262000,1.89413099e-02,1.14413099e-02,0.762754,-3.01615511e-02,2.64245989e-03
3.262500,1.89262352e-02,1.14262352e-02,0.761749,-3.01493657e-02,2.63292458e-03
3.263000,1.89111655e-02,1.14111655e-02,0.760744,-3.01395721e-02,2.61893335e-03
3.263500,1.88960992e-02,1.13960992e-02,0.759740,-3.01325812e-02,2.64111302e-03
3.264000,1.88810362e-02,1.13810362e-02,0.758736,-3.01259268e-02,2.64453088e-03
3.264500,1.88659785e-02,1.13659785e-02,0.757732,-3.01153280e-02,2.63741660e-03
3.265000,1.88509261e-02,1.13509261e-02,0.756728,-3.01047971e-02,2.63858861e-03
3.265500,1.88358785e-02,1.13358785e-02,0.755725,-3.00953307e-02,2.65282570e-03
3.266000,1.88208363e-02,1.13208363e-02,0.754722,-3.00844131e-02,2.64184036e-03
3.266500,1.88058002e-02,1.13058002e-02,0.753720,-3.00721290e-02,2.63667926e-03
3.267000,1.87907691e-02,1.12907691e-02,0.752718,-3.00621050e-02,2.63042053e-03
3.267500,1.87757424e-02,1.12757424e-02,0.751716,-3.00534820e-02,2.65054508e-03
3.268000,1.87607204e-02,1.12607204e-02,0.750715,-3.00441072e-02,2.67024732e-03
3.268500,1.87457055e-02,1.12457055e-02,0.749714,-3.00296858e-02,2.65861633e-03
3.269000,1.87306990e-02,1.12306990e-02,0.748713,-3.00130576e-02,2.64425878e-03
3.269500,1.87156992e-02,1.12156992e-02,0.747713,-2.99996088e-02,2.64843609e-03
3.270000,1.87007051e-02,1.12007051e-02,0.746714,-2.99881482e-02,2.66008322e-03
3.270500,1.86857176e-02,1.11857176e-02,0.745715,-2.99749718e-02,2.67315700e-03
3.271000,1.86707383e-02,1.11707383e-02,0.744716,-2.99587269e-02,2.66740333e-03
3.271500,1.86557678e-02,1.11557678e-02,0.743718,-2.99408439e-02,2.65394780e-03
3.272000,1.86408053e-02,1.11408053e-02,0.742720,-2.99250955e-02,2.62880239e-03
3.272500,1.86258484e-02,1.11258484e-02,0.741723,-2.99137799e-02,2.66063643e-03
3.273000,1.86108965e-02,1.11108965e-02,0.740726,-2.99037786e-02,2.65836377e-03
3.273500,1.85959521e-02,1.10959521e-02,0.739730,-2.98887509e-02,2.65759985e-03
3.274000,1.85810150e-02,1.10810150e-02,0.738734,-2.98741639e-02,2.65909915e-03
3.274500,1.85660853e-02,1.10660853e-02,0.737739,-2.98595697e-02,2.65517904e-03
3.275000,1.85511627e-02,1.10511627e-02,0.736744,-2.98450760e-02,2.66572030e-03
3.275500,1.85362476e-02,1.10362476e-02,0.735750,-2.98302940e-02,2.63915912e-03
3.276000,1.85213395e-02,1.10213395e-02,0.734756,-2.98161295e-02,2.63291218e-03
3.276500,1.85064361e-02,1.10064361e-02,0.733762,-2.98068789e-02,2.63454038e-03
3.277000,1.84915368e-02,1.09915368e-02,0.732769,-2.97985102e-02,2.65370541e-03
3.277500,1.84766427e-02,1.09766427e-02,0.731776,-2.97881795e-02,2.63605528e-03
3.278000,1.84617546e-02,1.09617546e-02,0.730784,-2.97762624e-02,2.63598217e-03
3.278500,1.84468710e-02,1.09468710e-02,0.729791,-2.97672501e-02,2.62971466e-03
3.279000,1.84319916e-02,1.09319916e-02,0.728799,-2.97588039e-02,2.61837201e-03
3.279500,1.84171154e-02,1.09171154e-02,0.727808,-2.97523898e-02,2.63699531e-03
3.280000,1.84022423e-02,1.09022423e-02,0.726816,-2.97461916e-02,2.65489328e-03
3.280500,1.83873746e-02,1.08873746e-02,0.725825,-2.97353528e-02,2.65228565e-03
3.281000,1.83725137e-02,1.08725137e-02,0.724834,-2.97218056e-02,2.63677996e-03
3.281500,1.83576587e-02,1.08576587e-02,0.723844,-2.97100575e-02,2.61752151e-03
3.282000,1.83428074e-02,1.08428074e-02,0.722854,-2.97025584e-02,2.63756084e-03
3.282500,1.83279592e-02,1.08279592e-02,0.721864,-2.96964499e-02,2.65291911e-03
3.283000,1.83131163e-02,1.08131163e-02,0.720874,-2.96856928e-02,2.64913321e-03
3.283500,1.82982799e-02,1.07982799e-02,0.719885,-2.96727484e-02,2.63566878e-03
3.284000,1.82834491e-02,1.07834491e-02,0.718897,-2.96616163e-02,2.64260423e-03
3.284500,1.82686231e-02,1.07686231e-02,0.717908,-2.96520819e-02,2.65072886e-03
3.285000,1.82538028e-02,1.07538028e-02,0.716920,-2.96406903e-02,2.64305955e-03
3.285500,1.82389884e-02,1.07389884e-02,0.715933,-2.96286426e-02,2.64148663e-03
3.286000,1.82241794e-02,1.07241794e-02,0.714945,-2.96179934e-02,2.65126284e-03
3.286500,1.82093761e-02,1.07093761e-02,0.713958,-2.96067381e-02,2.66594112e-03
3.287000,1.81945798e-02,1.06945798e-02,0.712972,-2.95925796e-02,2.67030666e-03
3.287500,1.81797920e-02,1.06797920e-02,0.711986,-2.95756248e-02,2.65692869e-03
3.288000,1.81650124e-02,1.06650124e-02,0.711001,-2.95591361e-02,2.65474505e-03
3.288500,1.81502399e-02,1.06502399e-02,0.710016,-2.95450371e-02,2.65066316e-03
3.289000,1.81354740e-02,1.06354740e-02,0.709032,-2.95316577e-02,2.66956985e-03
3.289500,1.81207154e-02,1.06207154e-02,0.708048,-2.95172768e-02,2.68489375e-03
3.290000,1.81059662e-02,1.06059662e-02,0.707064,-2.94984364e-02,2.67378771e-03
3.290500,1.80912272e-02,1.05912272e-02,0.706082,-2.94780617e-02,2.64629785e-03
3.291000,1.80764962e-02,1.05764962e-02,0.705100,-2.94619413e-02,2.64438289e-03
3.291500,1.80617709e-02,1.05617709e-02,0.704118,-2.94505042e-02,2.65077610e-03
3.292000,1.80470515e-02,1.05470515e-02,0.703137,-2.94388163e-02,2.64919282e-03
3.292500,1.80323384e-02,1.05323384e-02,0.702156,-2.94262187e-02,2.67463560e-03
3.293000,1.80176326e-02,1.05176326e-02,0.701176,-2.94116313e-02,2.65703560e-03
3.293500,1.80029354e-02,1.05029354e-02,0.700196,-2.93944222e-02,2.66673226e-03
3.294000,1.79882458e-02,1.04882458e-02,0.699216,-2.93792459e-02,2.65340816e-03
3.294500,1.79735639e-02,1.04735639e-02,0.698238,-2.93636553e-02,2.64736441e-03
3.295000,1.79588886e-02,1.04588886e-02,0.697259,-2.93507871e-02,2.63224443e-03
3.295500,1.79442184e-02,1.04442184e-02,0.696281,-2.93402482e-02,2.64198222e-03
3.296000,1.79295528e-02,1.04295528e-02,0.695304,-2.93313311e-02,2.64086530e-03
3.296500,1.79148923e-02,1.04148923e-02,0.694326,-2.93209137e-02,2.64692279e-03
3.297000,1.79002372e-02,1.04002372e-02,0.693349,-2.93101442e-02,2.64189371e-03
3.297500,1.78855878e-02,1.03855878e-02,0.692373,-2.92988246e-02,2.62998281e-03
3.298000,1.78709431e-02,1.03709431e-02,0.691396,-2.92893840e-02,2.62328890e-03
3.298500,1.78563019e-02,1.03563019e-02,0.690420,-2.92824911e-02,2.65328828e-03
3.299000,1.78416649e-02,1.03416649e-02,0.689444,-2.92740449e-02,2.65999011e-03
3.299500,1.78270348e-02,1.03270348e-02,0.688469,-2.92600800e-02,2.64240208e-03
3.300000,1.78124115e-02,1.03124115e-02,0.687494,-2.92465697e-02,2.63676841e-03
3.300500,1.77977933e-02,1.02977933e-02,0.686520,-2.92364457e-02,2.64028679e-03
3.301000,1.77831798e-02,1.02831798e-02,0.685545,-2.92269356e-02,2.64598152e-03
3.301500,1.77685717e-02,1.02685717e-02,0.684571,-2.92163443e-02,2.65020563e-03
3.302000,1.77539695e-02,1.02539695e-02,0.683598,-2.92044443e-02,2.64197191e-03
3.302500,1.77393732e-02,1.02393732e-02,0.682625,-2.91925788e-02,2.64605173e-03
3.303000,1.77247823e-02,1.02247823e-02,0.681652,-2.91817045e-02,2.66125105e-03
3.303500,1.77101979e-02,1.02101979e-02,0.680680,-2.91688164e-02,2.64945125e-03
3.304000,1.76956207e-02,1.01956207e-02,0.679708,-2.91544758e-02,2.64379494e-03
3.304500,1.76810494e-02,1.01810494e-02,0.678737,-2.91425730e-02,2.63330135e-03
3.305000,1.76664831e-02,1.01664831e-02,0.677766,-2.91325267e-02,2.66100548e-03
3.305500,1.76519222e-02,1.01519222e-02,0.676795,-2.91217541e-02,2.67415026e-03
3.306000,1.76373696e-02,1.01373696e-02,0.675825,-2.91052699e-02,2.67046052e-03
3.306500,1.76228261e-02,1.01228261e-02,0.674855,-2.90869535e-02,2.65093830e-03
3.307000,1.76082906e-02,1.01082906e-02,0.673886,-2.90709691e-02,2.65248643e-03
3.307500,1.75937616e-02,1.00937616e-02,0.672917,-2.90580536e-02,2.65525015e-03
3.308000,1.75792393e-02,1.00792393e-02,0.671949,-2.90446395e-02,2.68693484e-03
3.308500,1.75647253e-02,1.00647253e-02,0.670982,-2.90279700e-02,2.68239950e-03
3.309000,1.75502221e-02,1.00502221e-02,0.670015,-2.90064986e-02,2.66901741e-03
3.309500,1.75357286e-02,1.00357286e-02,0.669049,-2.89869552e-02,2.64091524e-03
3.310000,1.75212425e-02,1.00212425e-02,0.668083,-2.89720941e-02,2.65175620e-03
3.310500,1.75067621e-02,1.00067621e-02,0.667117,-2.89608890e-02,2.67072203e-03
3.311000,1.74922890e-02,9.99228900e-03,0.666153,-2.89462267e-02,2.65533505e-03
3.311500,1.74778241e-02,9.97782410e-03,0.665188,-2.89298107e-02,2.67878616e-03
3.312000,1.74633671e-02,9.96336710e-03,0.664224,-2.89138477e-02,2.66590507e-03
3.312500,1.74489196e-02,9.94891960e-03,0.663261,-2.88951729e-02,2.67123805e-03
3.313000,1.74344805e-02,9.93448050e-03,0.662299,-2.88781417e-02,2.65512602e-03
3.313500,1.74200497e-02,9.92004970e-03,0.661337,-2.88616594e-02,2.63735482e-03
3.314000,1.74056250e-02,9.90562500e-03,0.660375,-2.88493941e-02,2.63441132e-03
3.314500,1.73912048e-02,9.89120480e-03,0.659414,-2.88403072e-02,2.65583143e-03
3.315000,1.73767899e-02,9.87678990e-03,0.658453,-2.88298098e-02,2.66344164e-03
3.315500,1.73623823e-02,9.86238230e-03,0.657492,-2.88151221e-02,2.65184637e-03
3.316000,1.73479822e-02,9.84798220e-03,0.656532,-2.88002100e-02,2.63108164e-03
3.316500,1.73335877e-02,9.83358770e-03,0.655573,-2.87890379e-02,2.63190308e-03
3.317000,1.73191971e-02,9.81919710e-03,0.654613,-2.87812030e-02,2.63012875e-03
3.317500,1.73048104e-02,9.80481040e-03,0.653654,-2.87733900e-02,2.64661595e-03
3.318000,1.72904282e-02,9.79042820e-03,0.652695,-2.87644106e-02,2.66527369e-03
3.318500,1.72760527e-02,9.77605270e-03,0.651737,-2.87510741e-02,2.65847416e-03
3.319000,1.72616850e-02,9.76168500e-03,0.650779,-2.87352752e-02,2.64369444e-03
3.319500,1.72473241e-02,9.74732410e-03,0.649822,-2.87218996e-02,2.62304543e-03
3.320000,1.72329677e-02,9.73296770e-03,0.648865,-2.87127767e-02,2.64034888e-03
3.320500,1.72186149e-02,9.71861490e-03,0.647908,-2.87055145e-02,2.66290765e-03
3.321000,1.72042682e-02,9.70426820e-03,0.646951,-2.86934164e-02,2.66258844e-03
3.321500,1.71899294e-02,9.68992940e-03,0.645995,-2.86776422e-02,2.64286996e-03
3.322000,1.71755976e-02,9.67559760e-03,0.645040,-2.86636639e-02,2.65222272e-03
3.322500,1.71612715e-02,9.66127150e-03,0.644085,-2.86520965e-02,2.65755432e-03
3.323000,1.71469523e-02,9.64695230e-03,0.643130,-2.86385220e-02,2.64845304e-03
3.323500,1.71326398e-02,9.63263980e-03,0.642176,-2.86248767e-02,2.64535126e-03
3.324000,1.71183333e-02,9.61833330e-03,0.641222,-2.86130001e-02,2.65253232e-03
3.324500,1.71040328e-02,9.60403280e-03,0.640269,-2.86009979e-02,2.67175605e-03
3.325000,1.70897398e-02,9.58973980e-03,0.639316,-2.85861168e-02,2.68037081e-03
3.325500,1.70754561e-02,9.57545610e-03,0.638364,-2.85673173e-02,2.66916259e-03
3.326000,1.70611821e-02,9.56118210e-03,0.637412,-2.85480942e-02,2.66949125e-03
3.326500,1.70469167e-02,9.54691670e-03,0.636461,-2.85306825e-02,2.65559383e-03
3.327000,1.70326595e-02,9.53265950e-03,0.635511,-2.85144457e-02,2.67416650e-03
3.327500,1.70184101e-02,9.51841010e-03,0.634561,-2.84988487e-02,2.68525752e-03
3.328000,1.70041705e-02,9.50417050e-03,0.633611,-2.84792214e-02,2.68106583e-03
3.328500,1.69899414e-02,9.48994140e-03,0.632663,-2.84581434e-02,2.67373332e-03
3.329000,1.69757222e-02,9.47572220e-03,0.631715,-2.84384020e-02,2.64720426e-03
3.329500,1.69615111e-02,9.46151110e-03,0.630767,-2.84222104e-02,2.65485698e-03
3.330000,1.69473062e-02,9.44730620e-03,0.629820,-2.84096984e-02,2.66372409e-03
3.330500,1.69331087e-02,9.43310870e-03,0.628874,-2.83951457e-02,2.66281036e-03
3.331000,1.69189191e-02,9.41891910e-03,0.627928,-2.83792178e-02,2.67569902e-03
3.331500,1.69047379e-02,9.40473790e-03,0.626983,-2.83623004e-02,2.66083463e-03
3.332000,1.68905656e-02,9.39056560e-03,0.626038,-2.83445808e-02,2.67618453e-03
3.332500,1.68764017e-02,9.37640170e-03,0.625093,-2.83279448e-02,2.66318644e-03
3.333000,1.68622467e-02,9.36224670e-03,0.624150,-2.83099375e-02,2.65675129e-03
3.333500,1.68480994e-02,9.34809940e-03,0.623207,-2.82946336e-02,2.63940417e-03
3.334000,1.68339584e-02,9.33395840e-03,0.622264,-2.82819203e-02,2.64975996e-03
3.334500,1.68198228e-02,9.31982280e-03,0.621322,-2.82711398e-02,2.65462204e-03
3.335000,1.68056937e-02,9.30569370e-03,0.620380,-2.82582289e-02,2.65715949e-03
3.335500,1.67915716e-02,9.29157160e-03,0.619438,-2.82442953e-02,2.64981755e-03
3.336000,1.67774563e-02,9.27745630e-03,0.618497,-2.82305941e-02,2.63750868e-03
3.336500,1.67633467e-02,9.26334670e-03,0.617556,-2.82191869e-02,2.63199671e-03
3.337000,1.67492415e-02,9.24924150e-03,0.616616,-2.82102883e-02,2.65076929e-03
3.337500,1.67351412e-02,9.23514120e-03,0.615676,-2.82006350e-02,2.67189750e-03
3.338000,1.67210482e-02,9.22104820e-03,0.614737,-2.81860308e-02,2.65909923e-03
3.338500,1.67069637e-02,9.20696370e-03,0.613798,-2.81690889e-02,2.64957564e-03
3.339000,1.66928861e-02,9.19288610e-03,0.612859,-2.81550907e-02,2.63249306e-03
3.339500,1.66788140e-02,9.17881400e-03,0.611921,-2.81441667e-02,2.64949413e-03
3.340000,1.66647468e-02,9.16474680e-03,0.610983,-2.81345446e-02,2.66149257e-03
3.340500,1.66506862e-02,9.15068620e-03,0.610046,-2.81210698e-02,2.66637632e-03
3.341000,1.66366336e-02,9.13663360e-03,0.609109,-2.81051931e-02,2.64921271e-03
3.341500,1.66225886e-02,9.12258860e-03,0.608173,-2.80900319e-02,2.65898261e-03
3.342000,1.66085502e-02,9.10855020e-03,0.607237,-2.80768253e-02,2.66566050e-03
3.342500,1.65945195e-02,9.09451950e-03,0.606301,-2.80614240e-02,2.65582737e-03
3.343000,1.65804966e-02,9.08049660e-03,0.605366,-2.80457956e-02,2.64693603e-03
3.343500,1.65664803e-02,9.06648030e-03,0.604432,-2.80325680e-02,2.64784751e-03
3.344000,1.65524699e-02,9.05246990e-03,0.603498,-2.80207198e-02,2.66895946e-03
3.344500,1.65384665e-02,9.03846650e-03,0.602564,-2.80068552e-02,2.68720079e-03
3.345000,1.65244726e-02,9.02447260e-03,0.601632,-2.79879110e-02,2.67561433e-03
3.345500,1.65104891e-02,9.01048910e-03,0.600699,-2.79669960e-02,2.65471864e-03
3.346000,1.64965142e-02,8.99651420e-03,0.599768,-2.79498310e-02,2.66222961e-03
3.346500,1.64825464e-02,8.98254640e-03,0.598836,-2.79354333e-02,2.66318303e-03
3.347000,1.64685866e-02,8.96858660e-03,0.597906,-2.79197178e-02,2.69484926e-03
3.347500,1.64546361e-02,8.95463610e-03,0.596976,-2.79010459e-02,2.68298605e-03
3.348000,1.64406969e-02,8.94069690e-03,0.596046,-2.78782231e-02,2.68281070e-03
3.348500,1.64267683e-02,8.92676830e-03,0.595118,-2.78573638e-02,2.65476501e-03
3.349000,1.64128488e-02,8.91284880e-03,0.594190,-2.78390131e-02,2.64941164e-03
3.349500,1.63989359e-02,8.89893590e-03,0.593262,-2.78257410e-02,2.68487185e-03
3.350000,1.63850308e-02,8.88503080e-03,0.592335,-2.78102126e-02,2.66691883e-03
3.350500,1.63711356e-02,8.87113560e-03,0.591409,-2.77904489e-02,2.67628766e-03
3.351000,1.63572492e-02,8.85724920e-03,0.590483,-2.77728047e-02,2.67269068e-03
3.351500,1.63433722e-02,8.84337220e-03,0.589558,-2.77539401e-02,2.67489802e-03
3.352000,1.63295044e-02,8.82950440e-03,0.588634,-2.77354711e-02,2.67960174e-03
3.352500,1.63156463e-02,8.81564630e-03,0.587710,-2.77162236e-02,2.65980062e-03
3.353000,1.63017974e-02,8.80179740e-03,0.586786,-2.76979546e-02,2.64959228e-03
3.353500,1.62879554e-02,8.78795540e-03,0.585864,-2.76838397e-02,2.64875193e-03
3.354000,1.62741197e-02,8.77411970e-03,0.584941,-2.76714754e-02,2.66296915e-03
3.354500,1.62602907e-02,8.76029070e-03,0.584019,-2.76579920e-02,2.66267873e-03
3.355000,1.62464696e-02,8.74646960e-03,0.583098,-2.76421997e-02,2.65326920e-03
3.355500,1.62326560e-02,8.73265600e-03,0.582177,-2.76272870e-02,2.64998962e-03
3.356000,1.62188489e-02,8.71884890e-03,0.581257,-2.76142095e-02,2.64211036e-03
3.356500,1.62050477e-02,8.70504770e-03,0.580337,-2.76023672e-02,2.64072524e-03
3.357000,1.61912517e-02,8.69125170e-03,0.579417,-2.75919412e-02,2.66217470e-03
3.357500,1.61774618e-02,8.67746180e-03,0.578497,-2.75798460e-02,2.67054459e-03
3.358000,1.61636800e-02,8.66368000e-03,0.577579,-2.75634887e-02,2.66388550e-03
3.358500,1.61499069e-02,8.64990690e-03,0.576660,-2.75463457e-02,2.65125933e-03
3.359000,1.61361412e-02,8.63614120e-03,0.575743,-2.75314127e-02,2.63496605e-03
3.359500,1.61223812e-02,8.62238120e-03,0.574825,-2.75199935e-02,2.65062421e-03
3.360000,1.61086262e-02,8.60862620e-03,0.573908,-2.75098654e-02,2.67214523e-03
3.360500,1.60948786e-02,8.59487860e-03,0.572992,-2.74952632e-02,2.67219713e-03
3.361000,1.60811400e-02,8.58114000e-03,0.572076,-2.74771225e-02,2.65257868e-03
3.361500,1.60674097e-02,8.56740970e-03,0.571161,-2.74607080e-02,2.65561341e-03
3.362000,1.60536861e-02,8.55368610e-03,0.570246,-2.74472466e-02,2.67093530e-03
3.362500,1.60399701e-02,8.53997010e-03,0.569331,-2.74319321e-02,2.66293724e-03
3.363000,1.60262627e-02,8.52626270e-03,0.568418,-2.74148088e-02,2.65521906e-03
3.363500,1.60125628e-02,8.51256280e-03,0.567504,-2.73996813e-02,2.65980179e-03
3.364000,1.59988701e-02,8.49887010e-03,0.566591,-2.73854160e-02,2.67361307e-03
3.364500,1.59851855e-02,8.48518550e-03,0.565679,-2.73691770e-02,2.68571474e-03
3.365000,1.59715107e-02,8.47151070e-03,0.564767,-2.73496001e-02,2.68067825e-03
3.365500,1.59578465e-02,8.45784650e-03,0.563856,-2.73284813e-02,2.67527705e-03
3.366000,1.59441922e-02,8.44419220e-03,0.562946,-2.73086671e-02,2.67315223e-03
3.366500,1.59305472e-02,8.43054720e-03,0.562036,-2.72899277e-02,2.66635858e-03
3.367000,1.59169111e-02,8.41691110e-03,0.561127,-2.72721378e-02,2.68463748e-03
3.367500,1.59032842e-02,8.40328420e-03,0.560219,-2.72538474e-02,2.69004966e-03
3.368000,1.58896682e-02,8.38966820e-03,0.559311,-2.72320769e-02,2.68866554e-03
3.368500,1.58760634e-02,8.37606340e-03,0.558404,-2.72095400e-02,2.68115424e-03
3.369000,1.58624695e-02,8.36246950e-03,0.557498,-2.71878946e-02,2.65659120e-03
3.369500,1.58488846e-02,8.34888460e-03,0.556592,-2.71696544e-02,2.67008420e-03
3.370000,1.58353075e-02,8.33530750e-03,0.555687,-2.71542546e-02,2.67019019e-03
3.370500,1.58217392e-02,8.32173920e-03,0.554783,-2.71366298e-02,2.67015941e-03
3.371000,1.58081797e-02,8.30817970e-03,0.553879,-2.71189903e-02,2.68425561e-03
3.371500,1.57946296e-02,8.29462960e-03,0.552975,-2.71001095e-02,2.67220610e-03
3.372000,1.57810897e-02,8.28108970e-03,0.552073,-2.70799794e-02,2.68828357e-03
3.372500,1.57675594e-02,8.26755940e-03,0.551171,-2.70604064e-02,2.67307169e-03
3.373000,1.57540397e-02,8.25403970e-03,0.550269,-2.70395383e-02,2.65372783e-03
3.373500,1.57405282e-02,8.24052820e-03,0.549369,-2.70228785e-02,2.65869906e-03
3.374000,1.57270238e-02,8.22702380e-03,0.548468,-2.70089556e-02,2.66299025e-03
3.374500,1.57135268e-02,8.21352680e-03,0.547568,-2.69938369e-02,2.66665676e-03
3.375000,1.57000380e-02,8.20003800e-03,0.546669,-2.69776894e-02,2.65592603e-03
3.375500,1.56865571e-02,8.18655710e-03,0.545770,-2.69618886e-02,2.65483808e-03
3.376000,1.56730831e-02,8.17308310e-03,0.544872,-2.69479461e-02,2.65175309e-03
3.376500,1.56596159e-02,8.15961590e-03,0.543974,-2.69344551e-02,2.65356179e-03
3.377000,1.56461552e-02,8.14615520e-03,0.543077,-2.69213106e-02,2.64678205e-03
3.377500,1.56327010e-02,8.13270100e-03,0.542180,-2.69084687e-02,2.67402598e-03
3.378000,1.56192538e-02,8.11925380e-03,0.541284,-2.68943311e-02,2.67333382e-03
3.378500,1.56058159e-02,8.10581590e-03,0.540388,-2.68757811e-02,2.65997460e-03
3.379000,1.55923866e-02,8.09238660e-03,0.539492,-2.68585259e-02,2.65565569e-03
3.379500,1.55789647e-02,8.07896470e-03,0.538598,-2.68438463e-02,2.64857503e-03
3.380000,1.55655495e-02,8.06554950e-03,0.537703,-2.68305020e-02,2.66143720e-03
3.380500,1.55521409e-02,8.05214090e-03,0.536809,-2.68171830e-02,2.67130010e-03
3.381000,1.55387404e-02,8.03874040e-03,0.535916,-2.68008800e-02,2.67368924e-03
3.381500,1.55253491e-02,8.02534910e-03,0.535023,-2.67827462e-02,2.65967097e-03
3.382000,1.55119663e-02,8.01196630e-03,0.534131,-2.67654595e-02,2.66609280e-03
3.382500,1.54985914e-02,7.99859140e-03,0.533239,-2.67499069e-02,2.67670483e-03
3.383000,1.54852252e-02,7.98522520e-03,0.532348,-2.67323615e-02,2.66590173e-03
3.383500,1.54718682e-02,7.97186820e-03,0.531458,-2.67140287e-02,2.66094481e-03
3.384000,1.54585192e-02,7.95851920e-03,0.530568,-2.66979082e-02,2.65486243e-03
3.384500,1.54451777e-02,7.94517770e-03,0.529679,-2.66831394e-02,2.67489151e-03
3.385000,1.54318439e-02,7.93184390e-03,0.528790,-2.66675984e-02,2.69210970e-03
3.385500,1.54185202e-02,7.91852020e-03,0.527901,-2.66472461e-02,2.69206187e-03
3.386000,1.54052082e-02,7.90520820e-03,0.527014,-2.66240707e-02,2.66708324e-03
3.386500,1.53919067e-02,7.89190670e-03,0.526127,-2.66031117e-02,2.67234322e-03
3.387000,1.53786138e-02,7.87861380e-03,0.525241,-2.65857893e-02,2.66591646e-03
3.387500,1.53653297e-02,7.86532970e-03,0.524355,-2.65681714e-02,2.69319139e-03
3.388000,1.53520551e-02,7.85205510e-03,0.523470,-2.65491972e-02,2.69865134e-03
3.388500,1.53387924e-02,7.83879240e-03,0.522586,-2.65252615e-02,2.69313936e-03
3.389000,1.53255420e-02,7.82554200e-03,0.521703,-2.65009166e-02,2.67973596e-03
3.389500,1.53123027e-02,7.81230270e-03,0.520820,-2.64786620e-02,2.65744035e-03
3.390000,1.52990724e-02,7.79907240e-03,0.519938,-2.64605796e-02,2.67665759e-03
3.390500,1.52858501e-02,7.78585010e-03,0.519057,-2.64444592e-02,2.69256498e-03
3.391000,1.52726382e-02,7.77263820e-03,0.518176,-2.64237766e-02,2.67277118e-03
3.391500,1.52594371e-02,7.75943710e-03,0.517296,-2.64022321e-02,2.68122374e-03
3.392000,1.52462455e-02,7.74624550e-03,0.516416,-2.63831905e-02,2.68392154e-03
3.392500,1.52330643e-02,7.73306430e-03,0.515538,-2.63625223e-02,2.68727288e-03
3.393000,1.52198937e-02,7.71989370e-03,0.514660,-2.63411149e-02,2.69023391e-03
3.393500,1.52067343e-02,7.70673430e-03,0.513782,-2.63188953e-02,2.66655588e-03
3.394000,1.51935851e-02,7.69358510e-03,0.512906,-2.62982831e-02,2.65275721e-03
3.394500,1.51804437e-02,7.68044370e-03,0.512030,-2.62827791e-02,2.66110197e-03
3.395000,1.51673093e-02,7.66730930e-03,0.511154,-2.62688031e-02,2.67749026e-03
3.395500,1.51541833e-02,7.65418330e-03,0.510279,-2.62520078e-02,2.67728257e-03
3.396000,1.51410671e-02,7.64106710e-03,0.509404,-2.62325397e-02,2.66737803e-03
3.396500,1.51279601e-02,7.62796010e-03,0.508531,-2.62139816e-02,2.65716562e-03
3.397000,1.51148611e-02,7.61486110e-03,0.507657,-2.61979527e-02,2.65451089e-03
3.397500,1.51017692e-02,7.60176920e-03,0.506785,-2.61838356e-02,2.64837398e-03
3.398000,1.50886838e-02,7.58868380e-03,0.505912,-2.61706970e-02,2.65894326e-03
3.398500,1.50756050e-02,7.57560500e-03,0.505040,-2.61576317e-02,2.67985749e-03
3.399000,1.50625345e-02,7.56253450e-03,0.504169,-2.61409815e-02,2.67455869e-03
3.399500,1.50494738e-02,7.54947380e-03,0.503298,-2.61213656e-02,2.66669356e-03
3.400000,1.50364222e-02,7.53642220e-03,0.502428,-2.61033152e-02,2.65976749e-03
3.400500,1.50233786e-02,7.52337860e-03,0.501559,-2.60871687e-02,2.65146374e-03
3.401000,1.50103421e-02,7.51034210e-03,0.500689,-2.60728938e-02,2.66363961e-03
3.401500,1.49973127e-02,7.49731270e-03,0.499821,-2.60589058e-02,2.68123928e-03
3.402000,1.49842920e-02,7.48429200e-03,0.498953,-2.60413623e-02,2.68226166e-03
3.402500,1.49712816e-02,7.47128160e-03,0.498085,-2.60208384e-02,2.66320420e-03
3.403000,1.49582807e-02,7.45828070e-03,0.497219,-2.60018316e-02,2.66528688e-03
3.403500,1.49452878e-02,7.44528780e-03,0.496353,-2.59857701e-02,2.68264127e-03
3.404000,1.49323039e-02,7.43230390e-03,0.495487,-2.59678322e-02,2.67306905e-03
3.404500,1.49193299e-02,7.41932990e-03,0.494622,-2.59478909e-02,2.66249507e-03
3.405000,1.49063647e-02,7.40636470e-03,0.493758,-2.59304563e-02,2.65952404e-03
3.405500,1.48934072e-02,7.39340720e-03,0.492894,-2.59150208e-02,2.69106615e-03
3.406000,1.48804586e-02,7.38045860e-03,0.492031,-2.58972842e-02,2.68852944e-03
3.406500,1.48675213e-02,7.36752130e-03,0.491168,-2.58745925e-02,2.69349474e-03
3.407000,1.48545953e-02,7.35459530e-03,0.490306,-2.58518782e-02,2.68583513e-03
3.407500,1.48416808e-02,7.34168080e-03,0.489445,-2.58290259e-02,2.68420550e-03
3.408000,1.48287770e-02,7.32877700e-03,0.488585,-2.58075755e-02,2.68411109e-03
3.408500,1.48158838e-02,7.31588380e-03,0.487726,-2.57864010e-02,2.67348631e-03
3.409000,1.48030007e-02,7.30300070e-03,0.486867,-2.57661814e-02,2.69972271e-03
3.409500,1.47901280e-02,7.29012800e-03,0.486009,-2.57453867e-02,2.70008759e-03
3.410000,1.47772679e-02,7.27726790e-03,0.485151,-2.57202515e-02,2.69682679e-03
3.410500,1.47644202e-02,7.26442020e-03,0.484295,-2.56953447e-02,2.68905556e-03
3.411000,1.47515844e-02,7.25158440e-03,0.483439,-2.56716605e-02,2.66598003e-03
3.411500,1.47387588e-02,7.23875880e-03,0.482584,-2.56512927e-02,2.67718258e-03
3.412000,1.47259419e-02,7.22594190e-03,0.481729,-2.56337236e-02,2.68365705e-03
3.412500,1.47131350e-02,7.21313500e-03,0.480876,-2.56137425e-02,2.67679693e-03
3.413000,1.47003384e-02,7.20033840e-03,0.480023,-2.55933047e-02,2.70151921e-03
3.413500,1.46875525e-02,7.18755250e-03,0.479170,-2.55718075e-02,2.68179205e-03
3.414000,1.46747785e-02,7.17477850e-03,0.478319,-2.55479950e-02,2.68648347e-03
3.414500,1.46620150e-02,7.16201500e-03,0.477468,-2.55270071e-02,2.69056035e-03
3.415000,1.46492625e-02,7.14926250e-03,0.476617,-2.55048883e-02,2.67329211e-03
3.415500,1.46365207e-02,7.13652070e-03,0.475768,-2.54836269e-02,2.66455844e-03
3.416000,1.46237877e-02,7.12378770e-03,0.474919,-2.54659732e-02,2.66818549e-03
3.416500,1.46110630e-02,7.11106300e-03,0.474071,-2.54494331e-02,2.67870548e-03
3.417000,1.45983473e-02,7.09834730e-03,0.473223,-2.54313671e-02,2.67259447e-03
3.417500,1.45856413e-02,7.08564130e-03,0.472376,-2.54121140e-02,2.67059987e-03
3.418000,1.45729442e-02,7.07294420e-03,0.471530,-2.53940408e-02,2.67228245e-03
3.418500,1.45602562e-02,7.06025620e-03,0.470684,-2.53761463e-02,2.65757980e-03
3.419000,1.45475765e-02,7.04757650e-03,0.469838,-2.53592756e-02,2.66031865e-03
3.419500,1.45349042e-02,7.03490420e-03,0.468994,-2.53445769e-02,2.65811968e-03
3.420000,1.45222394e-02,7.02223940e-03,0.468149,-2.53296229e-02,2.68707288e-03
3.420500,1.45095832e-02,7.00958320e-03,0.467306,-2.53124700e-02,2.68604280e-03
3.421000,1.44969379e-02,6.99693790e-03,0.466463,-2.52906539e-02,2.67115937e-03
3.421500,1.44843027e-02,6.98430270e-03,0.465620,-2.52703229e-02,2.66614262e-03
3.422000,1.44716763e-02,6.97167630e-03,0.464778,-2.52528794e-02,2.65916631e-03
3.422500,1.44590578e-02,6.95905780e-03,0.463937,-2.52368766e-02,2.67810961e-03
3.423000,1.44464477e-02,6.94644770e-03,0.463097,-2.52203443e-02,2.67691270e-03
3.423500,1.44338473e-02,6.93384730e-03,0.462256,-2.52008073e-02,2.67009040e-03
3.424000,1.44212562e-02,6.92125620e-03,0.461417,-2.51820700e-02,2.67161768e-03
3.424500,1.44086741e-02,6.90867410e-03,0.460578,-2.51643180e-02,2.67853347e-03
3.425000,1.43961012e-02,6.89610120e-03,0.459740,-2.51457036e-02,2.68520912e-03
3.425500,1.43835385e-02,6.88353850e-03,0.458903,-2.51253634e-02,2.67915412e-03
3.426000,1.43709863e-02,6.87098630e-03,0.458066,-2.51044624e-02,2.67281257e-03
3.426500,1.43584437e-02,6.85844370e-03,0.457230,-2.50851164e-02,2.66714914e-03
3.427000,1.43459101e-02,6.84591010e-03,0.456394,-2.50673125e-02,2.67112183e-03
3.427500,1.43333850e-02,6.83338500e-03,0.455559,-2.50500872e-02,2.69640416e-03
3.428000,1.43208701e-02,6.82087010e-03,0.454725,-2.50299742e-02,2.69852548e-03
3.428500,1.43083673e-02,6.80836730e-03,0.453891,-2.50055221e-02,2.69403309e-03
3.429000,1.42958767e-02,6.79587670e-03,0.453058,-2.49811188e-02,2.67882496e-03
3.429500,1.42833973e-02,6.78339730e-03,0.452226,-2.49587980e-02,2.68394716e-03
3.430000,1.42709281e-02,6.77092810e-03,0.451395,-2.49385215e-02,2.68256149e-03
3.430500,1.42584693e-02,6.75846930e-03,0.450565,-2.49175264e-02,2.69689682e-03
3.431000,1.42460216e-02,6.74602160e-03,0.449735,-2.48954913e-02,2.70740811e-03
3.431500,1.42335865e-02,6.73358650e-03,0.448906,-2.48701729e-02,2.69545155e-03
3.432000,1.42211644e-02,6.72116440e-03,0.448078,-2.48441856e-02,2.69670190e-03
3.432500,1.42087544e-02,6.70875440e-03,0.447250,-2.48200512e-02,2.68480236e-03
3.433000,1.41963560e-02,6.69635600e-03,0.446424,-2.47967636e-02,2.66730966e-03
3.433500,1.41839675e-02,6.68396750e-03,0.445598,-2.47769766e-02,2.69251392e-03
3.434000,1.41715886e-02,6.67158860e-03,0.444773,-2.47578336e-02,2.70231485e-03
3.434500,1.41592217e-02,6.65922170e-03,0.443948,-2.47336852e-02,2.68304012e-03
3.435000,1.41468669e-02,6.64686690e-03,0.443124,-2.47096317e-02,2.69741771e-03
3.435500,1.41345232e-02,6.63452320e-03,0.442302,-2.46874720e-02,2.69483123e-03
3.436000,1.41221916e-02,6.62219160e-03,0.441479,-2.46631800e-02,2.69674091e-03
3.436500,1.41098720e-02,6.60987200e-03,0.440658,-2.46391440e-02,2.70052367e-03
3.437000,1.40975648e-02,6.59756480e-03,0.439838,-2.46144599e-02,2.67555240e-03
3.437500,1.40852691e-02,6.58526910e-03,0.439018,-2.45913626e-02,2.67254739e-03
3.438000,1.40729828e-02,6.57298280e-03,0.438199,-2.45726314e-02,2.67114850e-03
3.438500,1.40607055e-02,6.56070550e-03,0.437380,-2.45545174e-02,2.68390777e-03
3.439000,1.40484378e-02,6.54843780e-03,0.436563,-2.45355049e-02,2.68908708e-03
3.439500,1.40361808e-02,6.53618080e-03,0.435745,-2.45139393e-02,2.67622903e-03
3.440000,1.40239345e-02,6.52393450e-03,0.434929,-2.44926602e-02,2.67058755e-03
3.440500,1.40116975e-02,6.51169750e-03,0.434113,-2.44739912e-02,2.67148017e-03
3.441000,1.39994694e-02,6.49946940e-03,0.433298,-2.44561697e-02,2.66953927e-03
3.441500,1.39872502e-02,6.48725020e-03,0.432483,-2.44383732e-02,2.66064036e-03
3.442000,1.39750394e-02,6.47503940e-03,0.431669,-2.44216823e-02,2.67204481e-03
3.442500,1.39628366e-02,6.46283660e-03,0.430856,-2.44054442e-02,2.69049564e-03
3.443000,1.39506438e-02,6.45064380e-03,0.430043,-2.43857021e-02,2.68247592e-03
3.443500,1.39384620e-02,6.43846200e-03,0.429231,-2.43636393e-02,2.67883441e-03
3.444000,1.39262904e-02,6.42629040e-03,0.428419,-2.43432153e-02,2.67233091e-03
3.444500,1.39141284e-02,6.41412840e-03,0.427609,-2.43239644e-02,2.66159313e-03
3.445000,1.39019750e-02,6.40197500e-03,0.426798,-2.43067308e-02,2.67625676e-03
3.445500,1.38898300e-02,6.38983000e-03,0.425989,-2.42899639e-02,2.68390637e-03
3.446000,1.38776950e-02,6.37769500e-03,0.425180,-2.42701127e-02,2.68805938e-03
3.446500,1.38655707e-02,6.36557070e-03,0.424371,-2.42486382e-02,2.67819544e-03
3.447000,1.38534570e-02,6.35345700e-03,0.423564,-2.42273539e-02,2.67971652e-03
3.447500,1.38413532e-02,6.34135320e-03,0.422757,-2.42075549e-02,2.68670228e-03
3.448000,1.38292598e-02,6.32925980e-03,0.421951,-2.41868884e-02,2.68974564e-03
3.448500,1.38171774e-02,6.31717740e-03,0.421145,-2.41648057e-02,2.67595176e-03
3.449000,1.38051056e-02,6.30510560e-03,0.420340,-2.41434429e-02,2.67563643e-03
3.449500,1.37930435e-02,6.29304350e-03,0.419536,-2.41243731e-02,2.68322208e-03
3.450000,1.37809911e-02,6.28099110e-03,0.418733,-2.41046843e-02,2.70024188e-03
3.450500,1.37689500e-02,6.26895000e-03,0.417930,-2.40822450e-02,2.69689559e-03
3.451000,1.37569213e-02,6.25692130e-03,0.417128,-2.40573068e-02,2.70271678e-03
3.451500,1.37449051e-02,6.24490510e-03,0.416327,-2.40324033e-02,2.69638727e-03
3.452000,1.37329016e-02,6.23290160e-03,0.415527,-2.40071037e-02,2.68821065e-03
3.452500,1.37209098e-02,6.22090980e-03,0.414727,-2.39835664e-02,2.69908893e-03
3.453000,1.37089296e-02,6.20892960e-03,0.413929,-2.39604099e-02,2.68958913e-03
3.453500,1.36969614e-02,6.19696140e-03,0.413131,-2.39363070e-02,2.70194089e-03
3.454000,1.36850051e-02,6.18500510e-03,0.412334,-2.39126720e-02,2.71436998e-03
3.454500,1.36730622e-02,6.17306220e-03,0.411537,-2.38859097e-02,2.71341704e-03
3.455000,1.36611336e-02,6.16113360e-03,0.410742,-2.38571908e-02,2.70024197e-03
3.455500,1.36492187e-02,6.14921870e-03,0.409948,-2.38297932e-02,2.68474128e-03
3.456000,1.36373157e-02,6.13731570e-03,0.409154,-2.38059297e-02,2.67702856e-03
3.456500,1.36254230e-02,6.12542300e-03,0.408362,-2.37852934e-02,2.70014375e-03
3.457000,1.36135411e-02,6.11354110e-03,0.407569,-2.37638798e-02,2.69212283e-03
3.457500,1.36016714e-02,6.10167140e-03,0.406778,-2.37393797e-02,2.68581165e-03
3.458000,1.35898130e-02,6.08981300e-03,0.405988,-2.37167548e-02,2.70539123e-03
3.458500,1.35779663e-02,6.07796630e-03,0.405198,-2.36934350e-02,2.69574427e-03
3.459000,1.35661324e-02,6.06613240e-03,0.404409,-2.36677530e-02,2.68815293e-03
3.459500,1.35543103e-02,6.05431030e-03,0.403621,-2.36443264e-02,2.70407261e-03
3.460000,1.35424999e-02,6.04249990e-03,0.402833,-2.36207387e-02,2.68919302e-03
3.460500,1.35307020e-02,6.03070200e-03,0.402047,-2.35958525e-02,2.67536216e-03
3.461000,1.35189147e-02,6.01891470e-03,0.401261,-2.35746326e-02,2.69031893e-03
3.461500,1.35071375e-02,6.00713750e-03,0.400476,-2.35543613e-02,2.68730314e-03
3.462000,1.34953715e-02,5.99537150e-03,0.399691,-2.35319007e-02,2.68382282e-03
3.462500,1.34836164e-02,5.98361640e-03,0.398908,-2.35102430e-02,2.68188160e-03
3.463000,1.34718718e-02,5.97187180e-03,0.398125,-2.34893285e-02,2.68177342e-03
3.463500,1.34601374e-02,5.96013740e-03,0.397342,-2.34687423e-02,2.68344186e-03
3.464000,1.34484134e-02,5.94841340e-03,0.396561,-2.34480263e-02,2.67100311e-03
3.464500,1.34366993e-02,5.93669930e-03,0.395780,-2.34281362e-02,2.67123045e-03
3.465000,1.34249942e-02,5.92499420e-03,0.395000,-2.34102685e-02,2.66871479e-03
3.465500,1.34132979e-02,5.91329790e-03,0.394220,-2.33925859e-02,2.69514229e-03
3.466000,1.34016114e-02,5.90161140e-03,0.393441,-2.33729798e-02,2.70024068e-03
3.466500,1.33899371e-02,5.88993710e-03,0.392662,-2.33485832e-02,2.68634768e-03
3.467000,1.33782748e-02,5.87827480e-03,0.391885,-2.33245778e-02,2.67874256e-03
3.467500,1.33666230e-02,5.86662300e-03,0.391108,-2.33035262e-02,2.66837696e-03
3.468000,1.33549807e-02,5.85498070e-03,0.390332,-2.32846400e-02,2.67280280e-03
3.468500,1.33433472e-02,5.84334720e-03,0.389556,-2.32670645e-02,2.68690431e-03
3.469000,1.33317234e-02,5.83172340e-03,0.388782,-2.32475154e-02,2.69603599e-03
3.469500,1.33201110e-02,5.82011100e-03,0.388007,-2.32248434e-02,2.68868574e-03
3.470000,1.33085103e-02,5.80851030e-03,0.387234,-2.32013217e-02,2.67496380e-03
3.470500,1.32969202e-02,5.79692020e-03,0.386461,-2.31802203e-02,2.68673647e-03
3.471000,1.32853401e-02,5.78534010e-03,0.385689,-2.31603312e-02,2.69785250e-03
3.471500,1.32737713e-02,5.77377130e-03,0.384918,-2.31375261e-02,2.69348776e-03
3.472000,1.32622147e-02,5.76221470e-03,0.384148,-2.31132816e-02,2.68281216e-03
3.472500,1.32506693e-02,5.75066930e-03,0.383378,-2.30906977e-02,2.68437618e-03
3.473000,1.32391345e-02,5.73913450e-03,0.382609,-2.30697286e-02,2.67171050e-03
3.473500,1.32276096e-02,5.72760960e-03,0.381841,-2.30496225e-02,2.69176109e-03
3.474000,1.32160947e-02,5.71609470e-03,0.381073,-2.30298233e-02,2.71301042e-03
3.474500,1.32045923e-02,5.70459230e-03,0.380306,-2.30048529e-02,2.71234444e-03
3.475000,1.31931041e-02,5.69310410e-03,0.379540,-2.29764520e-02,2.70049579e-03
3.475500,1.31816295e-02,5.68162950e-03,0.378775,-2.29492082e-02,2.68354896e-03
3.476000,1.31701668e-02,5.67016680e-03,0.378011,-2.29254084e-02,2.69795320e-03
3.476500,1.31587152e-02,5.65871520e-03,0.377248,-2.29031178e-02,2.69411567e-03
3.477000,1.31472758e-02,5.64727580e-03,0.376485,-2.28788012e-02,2.70713502e-03
3.477500,1.31358488e-02,5.63584880e-03,0.375723,-2.28539636e-02,2.71798442e-03
3.478000,1.31244358e-02,5.62443580e-03,0.374962,-2.28260288e-02,2.70089534e-03
3.478500,1.31130369e-02,5.61303690e-03,0.374202,-2.27978235e-02,2.71001989e-03
3.479000,1.31016511e-02,5.60165110e-03,0.373443,-2.27716176e-02,2.70223167e-03
3.479500,1.30902788e-02,5.59027880e-03,0.372685,-2.27446019e-02,2.68159314e-03
3.480000,1.30789185e-02,5.57891850e-03,0.371928,-2.27206900e-02,2.68875574e-03
3.480500,1.30675687e-02,5.56756870e-03,0.371171,-2.26995338e-02,2.72411228e-03
3.481000,1.30562316e-02,5.55623160e-03,0.370415,-2.26740752e-02,2.69943903e-03
3.481500,1.30449091e-02,5.54490910e-03,0.369661,-2.26449925e-02,2.69565089e-03
3.482000,1.30335990e-02,5.53359900e-03,0.368907,-2.26202962e-02,2.71137819e-03
3.482500,1.30223016e-02,5.52230160e-03,0.368153,-2.25948313e-02,2.70711088e-03
3.483000,1.30110180e-02,5.51101800e-03,0.367401,-2.25671612e-02,2.70482961e-03
3.483500,1.29997478e-02,5.49974780e-03,0.366650,-2.25403935e-02,2.71082668e-03
3.484000,1.29884911e-02,5.48849110e-03,0.365899,-2.25134702e-02,2.68867358e-03
3.484500,1.29772473e-02,5.47724730e-03,0.365150,-2.24875209e-02,2.68199887e-03
3.485000,1.29660144e-02,5.46601440e-03,0.364401,-2.24657995e-02,2.69138603e-03
3.485500,1.29547922e-02,5.45479220e-03,0.363653,-2.24443440e-02,2.68781547e-03
3.486000,1.29435814e-02,5.44358140e-03,0.362905,-2.24216629e-02,2.69969452e-03
3.486500,1.29323822e-02,5.43238220e-03,0.362159,-2.23985177e-02,2.69038878e-03
3.487000,1.29211950e-02,5.42119500e-03,0.361413,-2.23742447e-02,2.67900985e-03
3.487500,1.29100188e-02,5.41001880e-03,0.360668,-2.23525059e-02,2.68597980e-03
3.488000,1.28988528e-02,5.39885280e-03,0.359924,-2.23320194e-02,2.68590996e-03
3.488500,1.28876976e-02,5.38769760e-03,0.359180,-2.23103945e-02,2.67999468e-03
3.489000,1.28765529e-02,5.37655290e-03,0.358437,-2.22893040e-02,2.67204008e-03
3.489500,1.28654180e-02,5.36541800e-03,0.357695,-2.22698883e-02,2.68460218e-03
3.490000,1.28542926e-02,5.35429260e-03,0.356953,-2.22506680e-02,2.70194090e-03
3.490500,1.28431787e-02,5.34317870e-03,0.356212,-2.22278519e-02,2.69863075e-03
3.491000,1.28320775e-02,5.33207750e-03,0.355472,-2.22024813e-02,2.69465248e-03
3.491500,1.28209885e-02,5.32098850e-03,0.354733,-2.21780060e-02,2.68125068e-03
3.492000,1.28099108e-02,5.30991080e-03,0.353994,-2.21553689e-02,2.67725523e-03
3.492500,1.27988431e-02,5.29884310e-03,0.353256,-2.21352858e-02,2.68109302e-03
3.493000,1.27877854e-02,5.28778540e-03,0.352519,-2.21155194e-02,2.68652499e-03
3.493500,1.27767381e-02,5.27673810e-03,0.351783,-2.20946426e-02,2.70468913e-03
3.494000,1.27657024e-02,5.26570240e-03,0.351047,-2.20712677e-02,2.69411740e-03
3.494500,1.27546795e-02,5.25467950e-03,0.350312,-2.20458449e-02,2.68729321e-03
3.495000,1.27436681e-02,5.24366810e-03,0.349578,-2.20227614e-02,2.69099685e-03
3.495500,1.27326679e-02,5.23266790e-03,0.348845,-2.20004710e-02,2.69638544e-03
3.496000,1.27216793e-02,5.22167930e-03,0.348112,-2.19770960e-02,2.70521616e-03
3.496500,1.27107033e-02,5.21070330e-03,0.347380,-2.19520554e-02,2.69160319e-03
3.497000,1.26997399e-02,5.19973990e-03,0.346649,-2.19267683e-02,2.68316099e-03
3.497500,1.26887877e-02,5.18878770e-03,0.345919,-2.19044631e-02,2.68868878e-03
3.498000,1.26778462e-02,5.17784620e-03,0.345190,-2.18830553e-02,2.69717710e-03
3.498500,1.26669162e-02,5.16691620e-03,0.344461,-2.18599893e-02,2.71899038e-03
3.499000,1.26559994e-02,5.15599940e-03,0.343733,-2.18336008e-02,2.71145723e-03
3.499500,1.26450972e-02,5.14509720e-03,0.343006,-2.18042964e-02,2.71031210e-03
3.500000,1.26342091e-02,5.13420910e-03,0.342281,-2.17763303e-02,2.69976606e-03
3.500500,1.26233343e-02,5.12333430e-03,0.341556,-2.17494847e-02,2.70007195e-03
3.501000,1.26124721e-02,5.11247210e-03,0.340831,-2.17243438e-02,2.71458167e-03
3.501500,1.26016232e-02,5.10162320e-03,0.340108,-2.16978697e-02,2.69956704e-03
3.502000,1.25907880e-02,5.09078800e-03,0.339386,-2.16703406e-02,2.70731893e-03
3.502500,1.25799657e-02,5.07996570e-03,0.338664,-2.16445915e-02,2.71591578e-03
3.503000,1.25691573e-02,5.06915730e-03,0.337944,-2.16168095e-02,2.71402329e-03
3.503500,1.25583634e-02,5.05836340e-03,0.337224,-2.15877831e-02,2.72073135e-03
3.504000,1.25475842e-02,5.04758420e-03,0.336506,-2.15584743e-02,2.71281393e-03
3.504500,1.25368198e-02,5.03681980e-03,0.335788,-2.15287641e-02,2.69530004e-03
3.505000,1.25260689e-02,5.02606890e-03,0.335071,-2.15019026e-02,2.68808347e-03
3.505500,1.25153296e-02,5.01532960e-03,0.334355,-2.14785550e-02,2.70766057e-03
3.506000,1.25046023e-02,5.00460230e-03,0.333640,-2.14546615e-02,2.70200918e-03
3.506500,1.24938882e-02,4.99388820e-03,0.332926,-2.14280530e-02,2.69180308e-03
3.507000,1.24831866e-02,4.98318660e-03,0.332212,-2.14032748e-02,2.71039726e-03
3.507500,1.24724973e-02,4.97249730e-03,0.331500,-2.13785285e-02,2.70713273e-03
3.508000,1.24618218e-02,4.96182180e-03,0.330788,-2.13510176e-02,2.71072263e-03
3.508500,1.24511600e-02,4.95116000e-03,0.330077,-2.13237253e-02,2.71114125e-03
3.509000,1.24405121e-02,4.94051210e-03,0.329367,-2.12958065e-02,2.71116631e-03
3.509500,1.24298782e-02,4.92987820e-03,0.328659,-2.12678167e-02,2.69094175e-03
3.510000,1.24192574e-02,4.91925740e-03,0.327950,-2.12416111e-02,2.69005344e-03
3.510500,1.24086480e-02,4.90864800e-03,0.327243,-2.12188050e-02,2.70190710e-03
3.511000,1.23980504e-02,4.89805040e-03,0.326537,-2.11950967e-02,2.69059995e-03
3.511500,1.23874652e-02,4.88746520e-03,0.325831,-2.11704417e-02,2.70068738e-03
3.512000,1.23768918e-02,4.87689180e-03,0.325126,-2.11467515e-02,2.69304060e-03
3.512500,1.23663308e-02,4.86633080e-03,0.324422,-2.11220810e-02,2.68562616e-03
3.513000,1.23557811e-02,4.85578110e-03,0.323719,-2.10993218e-02,2.69368825e-03
3.513500,1.23452426e-02,4.84524260e-03,0.323016,-2.10770672e-02,2.69180347e-03
3.514000,1.23347157e-02,4.83471570e-03,0.322314,-2.10536554e-02,2.68860760e-03
3.514500,1.23242003e-02,4.82420030e-03,0.321613,-2.10308357e-02,2.68382405e-03
3.515000,1.23136958e-02,4.81369580e-03,0.320913,-2.10089637e-02,2.67920513e-03
3.515500,1.23032017e-02,4.80320170e-03,0.320213,-2.09882856e-02,2.70582045e-03
3.516000,1.22927187e-02,4.79271870e-03,0.319515,-2.09660126e-02,2.71318850e-03
3.516500,1.22822493e-02,4.78224930e-03,0.318817,-2.09387178e-02,2.69168369e-03
3.517000,1.22717933e-02,4.77179330e-03,0.318120,-2.09121145e-02,2.68340392e-03
3.517500,1.22613484e-02,4.76134840e-03,0.317423,-2.08897745e-02,2.68918615e-03
3.518000,1.22509142e-02,4.75091420e-03,0.316728,-2.08682829e-02,2.69030096e-03
3.518500,1.22404914e-02,4.74049140e-03,0.316033,-2.08457433e-02,2.70016109e-03
3.519000,1.22300803e-02,4.73008030e-03,0.315339,-2.08221487e-02,2.70086822e-03
3.519500,1.22196819e-02,4.71968190e-03,0.314645,-2.07968725e-02,2.69222100e-03
3.520000,1.22092957e-02,4.70929570e-03,0.313953,-2.07722448e-02,2.69202786e-03
3.520500,1.21989212e-02,4.69892120e-03,0.313261,-2.07490541e-02,2.69329711e-03
3.521000,1.21885583e-02,4.68855830e-03,0.312571,-2.07257828e-02,2.70355560e-03
3.521500,1.21782076e-02,4.67820760e-03,0.311881,-2.07013962e-02,2.70644452e-03
3.522000,1.21678701e-02,4.66787010e-03,0.311191,-2.06750695e-02,2.70764992e-03
3.522500,1.21575460e-02,4.65754600e-03,0.310503,-2.06481619e-02,2.69394059e-03
3.523000,1.21472349e-02,4.64723490e-03,0.309816,-2.06222685e-02,2.68901721e-03
3.523500,1.21369353e-02,4.63693530e-03,0.309129,-2.05990616e-02,2.68559554e-03
3.524000,1.21266469e-02,4.62664690e-03,0.308443,-2.05769658e-02,2.69204111e-03
3.524500,1.21163694e-02,4.61636940e-03,0.307758,-2.05548618e-02,2.71322969e-03
3.525000,1.21061045e-02,4.60610450e-03,0.307074,-2.05298260e-02,2.71871934e-03
3.525500,1.20958541e-02,4.59585410e-03,0.306390,-2.05008255e-02,2.71151680e-03
3.526000,1.20856183e-02,4.58561830e-03,0.305708,-2.04715603e-02,2.71576380e-03
3.526500,1.20753968e-02,4.57539680e-03,0.305026,-2.04431024e-02,2.70160923e-03
3.527000,1.20651892e-02,4.56518920e-03,0.304346,-2.04151986e-02,2.69809997e-03
3.527500,1.20549942e-02,4.55499420e-03,0.303666,-2.03899294e-02,2.70892729e-03
3.528000,1.20448121e-02,4.54481210e-03,0.302987,-2.03642791e-02,2.70147330e-03
3.528500,1.20346433e-02,4.53464330e-03,0.302310,-2.03375099e-02,2.71870795e-03
3.529000,1.20244881e-02,4.52448810e-03,0.301633,-2.03104409e-02,2.72800580e-03
3.529500,1.20143482e-02,4.51434820e-03,0.300957,-2.02797197e-02,2.71148635e-03
3.530000,1.20042238e-02,4.50422380e-03,0.300282,-2.02489323e-02,2.72080783e-03
3.530500,1.19941138e-02,4.49411380e-03,0.299608,-2.02200334e-02,2.71274596e-03
3.531000,1.19840186e-02,4.48401860e-03,0.298935,-2.01903166e-02,2.69891547e-03
3.531500,1.19739370e-02,4.47393700e-03,0.298262,-2.01631466e-02,2.69062859e-03
3.532000,1.19638675e-02,4.46386750e-03,0.297591,-2.01389803e-02,2.72126266e-03
3.532500,1.19538108e-02,4.45381080e-03,0.296921,-2.01134661e-02,2.72846554e-03
3.533000,1.19437697e-02,4.44376970e-03,0.296251,-2.00822848e-02,2.69877417e-03
3.533500,1.19337434e-02,4.43374340e-03,0.295583,-2.00525459e-02,2.70443003e-03
3.534000,1.19237298e-02,4.42372980e-03,0.294915,-2.00271826e-02,2.72113707e-03
3.534500,1.19137301e-02,4.41373010e-03,0.294249,-1.99994132e-02,2.72277092e-03
3.535000,1.19037457e-02,4.40374570e-03,0.293583,-1.99687560e-02,2.71292076e-03
3.535500,1.18937764e-02,4.39377640e-03,0.292918,-1.99387014e-02,2.72746041e-03
3.536000,1.18838219e-02,4.38382190e-03,0.292255,-1.99089787e-02,2.71134197e-03
3.536500,1.18738827e-02,4.37388270e-03,0.291592,-1.98782937e-02,2.69361868e-03
3.537000,1.18639568e-02,4.36395680e-03,0.290930,-1.98518225e-02,2.68543615e-03
3.537500,1.18540423e-02,4.35404230e-03,0.290269,-1.98289851e-02,2.70274514e-03
3.538000,1.18441393e-02,4.34413930e-03,0.289609,-1.98059609e-02,2.70417539e-03
3.538500,1.18342494e-02,4.33424940e-03,0.288950,-1.97799680e-02,2.70976746e-03
3.539000,1.18243727e-02,4.32437270e-03,0.288292,-1.97532458e-02,2.70974297e-03
3.539500,1.18145099e-02,4.31450990e-03,0.287634,-1.97256075e-02,2.69075204e-03
3.540000,1.18046601e-02,4.30466010e-03,0.286977,-1.96996523e-02,2.69616857e-03
3.540500,1.17948219e-02,4.29482190e-03,0.286321,-1.96763367e-02,2.69672022e-03
3.541000,1.17849959e-02,4.28499590e-03,0.285666,-1.96520829e-02,2.69041213e-03
3.541500,1.17751817e-02,4.27518170e-03,0.285012,-1.96282962e-02,2.68875039e-03
3.542000,1.17653789e-02,4.26537890e-03,0.284359,-1.96056923e-02,2.68382723e-03
3.542500,1.17555870e-02,4.25558700e-03,0.283706,-1.95837966e-02,2.69547369e-03
3.543000,1.17458062e-02,4.24580620e-03,0.283054,-1.95616796e-02,2.71704364e-03
3.543500,1.17360383e-02,4.23603830e-03,0.282403,-1.95357428e-02,2.71105905e-03
3.544000,1.17262849e-02,4.22628490e-03,0.281752,-1.95067934e-02,2.68835013e-03
3.544500,1.17165445e-02,4.21654450e-03,0.281103,-1.94808345e-02,2.69620018e-03
3.545000,1.17068155e-02,4.20681550e-03,0.280454,-1.94579105e-02,2.69915175e-03
3.545500,1.16970988e-02,4.19709880e-03,0.279807,-1.94334365e-02,2.69368470e-03
3.546000,1.16873943e-02,4.18739430e-03,0.279160,-1.94089612e-02,2.69461415e-03
3.546500,1.16777017e-02,4.17770170e-03,0.278513,-1.93853014e-02,2.69302105e-03
3.547000,1.16680209e-02,4.16802090e-03,0.277868,-1.93616299e-02,2.70144131e-03
3.547500,1.16583521e-02,4.15835210e-03,0.277223,-1.93374755e-02,2.71077855e-03
3.548000,1.16486966e-02,4.14869660e-03,0.276580,-1.93111129e-02,2.71278906e-03
3.548500,1.16390550e-02,4.13905500e-03,0.275937,-1.92830392e-02,2.69789916e-03
3.549000,1.16294271e-02,4.12942710e-03,0.275295,-1.92559519e-02,2.69369108e-03
3.549500,1.16198112e-02,4.11981120e-03,0.274654,-1.92316817e-02,2.70669060e-03
3.550000,1.16102077e-02,4.11020770e-03,0.274014,-1.92069531e-02,2.71255926e-03
3.550500,1.16006180e-02,4.10061800e-03,0.273375,-1.91795711e-02,2.70344085e-03
3.551000,1.15910419e-02,4.09104190e-03,0.272736,-1.91520315e-02,2.69049759e-03
3.551500,1.15814784e-02,4.08147840e-03,0.272099,-1.91271337e-02,2.69091376e-03
3.552000,1.15719262e-02,4.07192620e-03,0.271462,-1.91043245e-02,2.71148354e-03
3.552500,1.15623864e-02,4.06238640e-03,0.270826,-1.90796282e-02,2.71675353e-03
3.553000,1.15528609e-02,4.05286090e-03,0.270191,-1.90510882e-02,2.72256831e-03
3.553500,1.15433503e-02,4.04335030e-03,0.269557,-1.90211687e-02,2.72101470e-03
3.554000,1.15338551e-02,4.03385510e-03,0.268924,-1.89904318e-02,2.71709470e-03
3.554500,1.15243749e-02,4.02437490e-03,0.268292,-1.89602965e-02,2.71149664e-03
3.555000,1.15149093e-02,4.01490930e-03,0.267661,-1.89312999e-02,2.70527177e-03
3.555500,1.15054574e-02,4.00545740e-03,0.267030,-1.89037730e-02,2.72709302e-03
3.556000,1.14960197e-02,3.99601970e-03,0.266401,-1.88753388e-02,2.71558952e-03
3.556500,1.14865975e-02,3.98659750e-03,0.265773,-1.88443386e-02,2.70582313e-03
3.557000,1.14771895e-02,3.97718950e-03,0.265146,-1.88160908e-02,2.71802566e-03
3.557500,1.14677953e-02,3.96779530e-03,0.264520,-1.87883678e-02,2.73634711e-03
3.558000,1.14584168e-02,3.95841680e-03,0.263894,-1.87570211e-02,2.71721090e-03
3.558500,1.14490546e-02,3.94905460e-03,0.263270,-1.87243579e-02,2.72439785e-03
3.559000,1.14397075e-02,3.93970750e-03,0.262647,-1.86942015e-02,2.71935521e-03
3.559500,1.14303759e-02,3.93037590e-03,0.262025,-1.86633109e-02,2.71155315e-03
3.560000,1.14210589e-02,3.92105890e-03,0.261404,-1.86339381e-02,2.69486433e-03
3.560500,1.14117552e-02,3.91175520e-03,0.260784,-1.86073221e-02,2.70250490e-03
3.561000,1.14024638e-02,3.90246380e-03,0.260164,-1.85827710e-02,2.72308021e-03
3.561500,1.13931863e-02,3.89318630e-03,0.259546,-1.85551459e-02,2.70759028e-03
3.562000,1.13839235e-02,3.88392350e-03,0.258928,-1.85255119e-02,2.69489504e-03
3.562500,1.13746737e-02,3.87467370e-03,0.258312,-1.84995439e-02,2.71431307e-03
3.563000,1.13654368e-02,3.86543680e-03,0.257696,-1.84739437e-02,2.72538180e-03
3.563500,1.13562147e-02,3.85621470e-03,0.257081,-1.84441761e-02,2.71370133e-03
3.564000,1.13470079e-02,3.84700790e-03,0.256467,-1.84136238e-02,2.71143902e-03
3.564500,1.13378153e-02,3.83781530e-03,0.255854,-1.83851896e-02,2.72868261e-03
3.565000,1.13286375e-02,3.82863750e-03,0.255243,-1.83556021e-02,2.71840413e-03
3.565500,1.13194754e-02,3.81947540e-03,0.254632,-1.83240920e-02,2.69581761e-03
3.566000,1.13103273e-02,3.81032730e-03,0.254022,-1.82962667e-02,2.69103329e-03
3.566500,1.13011910e-02,3.80119100e-03,0.253413,-1.82725734e-02,2.71684388e-03
3.567000,1.12920673e-02,3.79206730e-03,0.252804,-1.82473835e-02,2.70709764e-03
3.567500,1.12829579e-02,3.78295790e-03,0.252197,-1.82188170e-02,2.70424241e-03
3.568000,1.12738619e-02,3.77386190e-03,0.251591,-1.81921035e-02,2.70610245e-03
3.568500,1.12647790e-02,3.76477900e-03,0.250985,-1.81656943e-02,2.69856584e-03
3.569000,1.12557092e-02,3.75570920e-03,0.250381,-1.81396460e-02,2.69525998e-03
3.569500,1.12466516e-02,3.74665160e-03,0.249777,-1.81151277e-02,2.70438636e-03
3.570000,1.12376065e-02,3.73760650e-03,0.249174,-1.80903452e-02,2.70327543e-03
3.570500,1.12285744e-02,3.72857440e-03,0.248572,-1.80641624e-02,2.69369877e-03
3.571000,1.12195549e-02,3.71955490e-03,0.247970,-1.80390087e-02,2.69610108e-03
3.571500,1.12105473e-02,3.71054730e-03,0.247370,-1.80152152e-02,2.69071963e-03
3.572000,1.12015515e-02,3.70155150e-03,0.246770,-1.79915030e-02,2.69104949e-03
3.572500,1.11925672e-02,3.69256720e-03,0.246171,-1.79686453e-02,2.71745352e-03
3.573000,1.11835955e-02,3.68359550e-03,0.245573,-1.79433989e-02,2.71414130e-03
3.573500,1.11746384e-02,3.67463840e-03,0.244976,-1.79141095e-02,2.70159558e-03
3.574000,1.11656952e-02,3.66569520e-03,0.244380,-1.78864734e-02,2.69977412e-03
3.574500,1.11567647e-02,3.65676470e-03,0.243784,-1.78610584e-02,2.70222642e-03
3.575000,1.11478468e-02,3.64784680e-03,0.243190,-1.78357256e-02,2.69744466e-03
3.575500,1.11389416e-02,3.63894160e-03,0.242596,-1.78104130e-02,2.69227580e-03
3.576000,1.11300484e-02,3.63004840e-03,0.242003,-1.77863426e-02,2.70870902e-03
3.576500,1.11211676e-02,3.62116760e-03,0.241411,-1.77616680e-02,2.70057370e-03
3.577000,1.11123001e-02,3.61230010e-03,0.240820,-1.77350142e-02,2.70617981e-03
3.577500,1.11034455e-02,3.60344550e-03,0.240230,-1.77092006e-02,2.70167485e-03
3.578000,1.10946040e-02,3.59460400e-03,0.239640,-1.76828648e-02,2.71612391e-03
3.578500,1.10857761e-02,3.58577610e-03,0.239052,-1.76559911e-02,2.69777038e-03
3.579000,1.10769619e-02,3.57696190e-03,0.238464,-1.76283676e-02,2.70689106e-03
3.579500,1.10681604e-02,3.56816040e-03,0.237877,-1.76029515e-02,2.70596194e-03
3.580000,1.10593723e-02,3.55937230e-03,0.237291,-1.75761198e-02,2.71651164e-03
3.580500,1.10505981e-02,3.55059810e-03,0.236707,-1.75485079e-02,2.70403877e-03
3.581000,1.10418379e-02,3.54183790e-03,0.236123,-1.75202664e-02,2.69969626e-03
3.581500,1.10330907e-02,3.53309070e-03,0.235539,-1.74944571e-02,2.70666203e-03
3.582000,1.10243563e-02,3.52435630e-03,0.234957,-1.74687450e-02,2.69306822e-03
3.582500,1.10156348e-02,3.51563480e-03,0.234376,-1.74430910e-02,2.70105041e-03
3.583000,1.10069253e-02,3.50692530e-03,0.233795,-1.74189634e-02,2.71109005e-03
3.583500,1.09982290e-02,3.49822900e-03,0.233215,-1.73926373e-02,2.73269664e-03
3.584000,1.09895476e-02,3.48954760e-03,0.232637,-1.73627523e-02,2.72175228e-03
3.584500,1.09808825e-02,3.48088250e-03,0.232059,-1.73302870e-02,2.71572901e-03
3.585000,1.09722324e-02,3.47223240e-03,0.231482,-1.73001514e-02,2.71561070e-03
3.585500,1.09635969e-02,3.46359690e-03,0.230906,-1.72710153e-02,2.70895124e-03
3.586000,1.09549757e-02,3.45497570e-03,0.230332,-1.72424874e-02,2.70761696e-03
3.586500,1.09463681e-02,3.44636810e-03,0.229758,-1.72151711e-02,2.72054662e-03
3.587000,1.09377746e-02,3.43777460e-03,0.229185,-1.71869307e-02,2.71200760e-03
3.587500,1.09291959e-02,3.42919590e-03,0.228613,-1.71573221e-02,2.70856916e-03
3.588000,1.09206312e-02,3.42063120e-03,0.228042,-1.71294197e-02,2.72233709e-03
3.588500,1.09120808e-02,3.41208080e-03,0.227472,-1.71008646e-02,2.73966004e-03
3.589000,1.09035465e-02,3.40354650e-03,0.226903,-1.70685170e-02,2.71799199e-03
3.589500,1.08950289e-02,3.39502890e-03,0.226335,-1.70352407e-02,2.72749583e-03
3.590000,1.08865266e-02,3.38652660e-03,0.225768,-1.70046821e-02,2.71655371e-03
3.590500,1.08780398e-02,3.37803980e-03,0.225203,-1.69735305e-02,2.71406628e-03
3.591000,1.08695676e-02,3.36956760e-03,0.224638,-1.69443955e-02,2.69838448e-03
3.591500,1.08611091e-02,3.36110910e-03,0.224074,-1.69170556e-02,2.71094539e-03
3.592000,1.08526635e-02,3.35266350e-03,0.223511,-1.68911801e-02,2.72127439e-03
3.592500,1.08442323e-02,3.34423230e-03,0.222949,-1.68623288e-02,2.73351106e-03
3.593000,1.08358170e-02,3.33581700e-03,0.222388,-1.68306994e-02,2.70619101e-03
3.593500,1.08274172e-02,3.32741720e-03,0.221828,-1.67994762e-02,2.70014818e-03
3.594000,1.08190306e-02,3.31903060e-03,0.221269,-1.67732735e-02,2.71841019e-03
3.594500,1.08106574e-02,3.31065740e-03,0.220710,-1.67464484e-02,2.73595112e-03
3.595000,1.08022998e-02,3.30229980e-03,0.220153,-1.67150736e-02,2.72694966e-03
3.595500,1.07939590e-02,3.29395900e-03,0.219597,-1.66816143e-02,2.72082869e-03
3.596000,1.07856340e-02,3.28563400e-03,0.219042,-1.66501743e-02,2.73078078e-03
3.596500,1.07773245e-02,3.27732450e-03,0.218488,-1.66188595e-02,2.71943844e-03
3.597000,1.07690311e-02,3.26903110e-03,0.217935,-1.65869134e-02,2.71022813e-03
3.597500,1.07607522e-02,3.26075220e-03,0.217383,-1.65576441e-02,2.70175933e-03
3.598000,1.07524869e-02,3.25248690e-03,0.216832,-1.65306360e-02,2.69914724e-03
3.598500,1.07442343e-02,3.24423430e-03,0.216282,-1.65052496e-02,2.71160935e-03
3.599000,1.07359947e-02,3.23599470e-03,0.215733,-1.64791901e-02,2.70642003e-03
3.599500,1.07277689e-02,3.22776890e-03,0.215185,-1.64515432e-02,2.71052521e-03
3.600000,1.07195567e-02,3.21955670e-03,0.214637,-1.64243853e-02,2.71806330e-03
3.600500,1.07113588e-02,3.21135880e-03,0.214091,-1.63958869e-02,2.70747438e-03
3.601000,1.07031753e-02,3.20317530e-03,0.213545,-1.63670869e-02,2.69720422e-03
3.601500,1.06950048e-02,3.19500480e-03,0.213000,-1.63409338e-02,2.70887253e-03
3.602000,1.06868471e-02,3.18684710e-03,0.212456,-1.63154354e-02,2.70165322e-03
3.602500,1.06787027e-02,3.17870270e-03,0.211914,-1.62886593e-02,2.70066604e-03
3.603000,1.06705712e-02,3.17057120e-03,0.211371,-1.62631560e-02,2.69771078e-03
3.603500,1.06624521e-02,3.16245210e-03,0.210830,-1.62380761e-02,2.69533060e-03
3.604000,1.06543453e-02,3.15434530e-03,0.210290,-1.62136919e-02,2.68880690e-03
3.604500,1.06462501e-02,3.14625010e-03,0.209750,-1.61902754e-02,2.69943022e-03
3.605000,1.06381666e-02,3.13816660e-03,0.209211,-1.61669908e-02,2.70296886e-03
3.605500,1.06300958e-02,3.13009580e-03,0.208673,-1.61416488e-02,2.72272623e-03
3.606000,1.06220388e-02,3.12203880e-03,0.208136,-1.61139789e-02,2.71237595e-03
3.606500,1.06139968e-02,3.11399680e-03,0.207600,-1.60839799e-02,2.71077347e-03
3.607000,1.06059689e-02,3.10596890e-03,0.207065,-1.60558221e-02,2.69792371e-03
3.607500,1.05979544e-02,3.09795440e-03,0.206530,-1.60290636e-02,2.69433958e-03
3.608000,1.05899520e-02,3.08995200e-03,0.205997,-1.60047321e-02,2.70178199e-03
3.608500,1.05819619e-02,3.08196190e-03,0.205464,-1.59803310e-02,2.69803260e-03
3.609000,1.05739843e-02,3.07398430e-03,0.204932,-1.59550394e-02,2.70754957e-03
3.609500,1.05660196e-02,3.06601960e-03,0.204401,-1.59295220e-02,2.69879201e-03
3.610000,1.05580680e-02,3.05806800e-03,0.203871,-1.59032161e-02,2.70300802e-03
3.610500,1.05501290e-02,3.05012900e-03,0.203342,-1.58779755e-02,2.71240150e-03
3.611000,1.05422034e-02,3.04220340e-03,0.202814,-1.58512121e-02,2.71562819e-03
3.611500,1.05342921e-02,3.03429210e-03,0.202286,-1.58226209e-02,2.70937674e-03
3.612000,1.05263951e-02,3.02639510e-03,0.201760,-1.57940525e-02,2.70719726e-03
3.612500,1.05185117e-02,3.01851170e-03,0.201234,-1.57667035e-02,2.70115173e-03
3.613000,1.05106416e-02,3.01064160e-03,0.200709,-1.57402468e-02,2.70842303e-03
3.613500,1.05027845e-02,3.00278450e-03,0.200186,-1.57141399e-02,2.71934671e-03
3.614000,1.04949416e-02,2.99494160e-03,0.199663,-1.56858732e-02,2.70838771e-03
3.614500,1.04871132e-02,2.98711320e-03,0.199141,-1.56567817e-02,2.69788302e-03
3.615000,1.04792980e-02,2.97929800e-03,0.198620,-1.56304186e-02,2.69732361e-03
3.615500,1.04714951e-02,2.97149510e-03,0.198100,-1.56058299e-02,2.70327559e-03
3.616000,1.04637046e-02,2.96370460e-03,0.197580,-1.55808068e-02,2.71164049e-03
3.616500,1.04559276e-02,2.95592760e-03,0.197062,-1.55540667e-02,2.71956162e-03
3.617000,1.04481650e-02,2.94816500e-03,0.196544,-1.55252527e-02,2.73407270e-03
3.617500,1.04404181e-02,2.94041810e-03,0.196028,-1.54938549e-02,2.71665816e-03
3.618000,1.04326873e-02,2.93268730e-03,0.195512,-1.54616140e-02,2.71529066e-03
3.618500,1.04249711e-02,2.92497110e-03,0.194998,-1.54323536e-02,2.72121949e-03
3.619000,1.04172697e-02,2.91726970e-03,0.194485,-1.54027936e-02,2.72009060e-03
3.619500,1.04095835e-02,2.90958350e-03,0.193972,-1.53723598e-02,2.72023116e-03
3.620000,1.04019125e-02,2.90191250e-03,0.193461,-1.53420990e-02,2.71641256e-03
3.620500,1.03942564e-02,2.89425640e-03,0.192950,-1.53121527e-02,2.72438681e-03
3.621000,1.03866153e-02,2.88661530e-03,0.192441,-1.52821284e-02,2.71292278e-03
3.621500,1.03789894e-02,2.87898940e-03,0.191933,-1.52518083e-02,2.70636863e-03
3.622000,1.03713774e-02,2.87137740e-03,0.191425,-1.52239503e-02,2.71067736e-03
3.622500,1.03637790e-02,2.86377900e-03,0.190919,-1.51967874e-02,2.72321529e-03
3.623000,1.03561951e-02,2.85619510e-03,0.190413,-1.51678085e-02,2.74206585e-03
3.623500,1.03486276e-02,2.84862760e-03,0.189909,-1.51351039e-02,2.72131159e-03
3.624000,1.03410770e-02,2.84107700e-03,0.189405,-1.51011391e-02,2.72436956e-03
3.624500,1.03335419e-02,2.83354190e-03,0.188903,-1.50703118e-02,2.71396847e-03
3.625000,1.03260219e-02,2.82602190e-03,0.188401,-1.50399021e-02,2.71425661e-03
3.625500,1.03185163e-02,2.81851630e-03,0.187901,-1.50111749e-02,2.71357769e-03
3.626000,1.03110251e-02,2.81102510e-03,0.187402,-1.49824603e-02,2.70247771e-03
3.626500,1.03035477e-02,2.80354770e-03,0.186903,-1.49548387e-02,2.70458406e-03
3.627000,1.02960832e-02,2.79608320e-03,0.186406,-1.49288536e-02,2.71378161e-03
3.627500,1.02886324e-02,2.78863240e-03,0.185909,-1.49017093e-02,2.71417631e-03
3.628000,1.02811959e-02,2.78119590e-03,0.185413,-1.48730198e-02,2.70163784e-03
3.628500,1.02737732e-02,2.77377320e-03,0.184918,-1.48453742e-02,2.69394187e-03
3.629000,1.02663630e-02,2.76636300e-03,0.184424,-1.48204679e-02,2.71596905e-03
3.629500,1.02589655e-02,2.75896550e-03,0.183931,-1.47948778e-02,2.72770847e-03
3.630000,1.02515832e-02,2.75158320e-03,0.183439,-1.47646326e-02,2.71485061e-03
3.630500,1.02442164e-02,2.74421640e-03,0.182948,-1.47335966e-02,2.71377154e-03
3.631000,1.02368640e-02,2.73686400e-03,0.182458,-1.47047674e-02,2.70970100e-03
3.631500,1.02295258e-02,2.72952580e-03,0.181968,-1.46764753e-02,2.72489606e-03
3.632000,1.02222020e-02,2.72220200e-03,0.181480,-1.46475080e-02,2.72415736e-03
3.632500,1.02148940e-02,2.71489400e-03,0.180993,-1.46161110e-02,2.71435715e-03
3.633000,1.02076011e-02,2.70760110e-03,0.180507,-1.45857017e-02,2.69845632e-03
3.633500,1.02003220e-02,2.70032200e-03,0.180021,-1.45583077e-02,2.69723412e-03
3.634000,1.01930552e-02,2.69305520e-03,0.179537,-1.45336328e-02,2.71049917e-03
3.634500,1.01858012e-02,2.68580120e-03,0.179053,-1.45079856e-02,2.71634409e-03
3.635000,1.01785613e-02,2.67856130e-03,0.178571,-1.44796435e-02,2.70535730e-03
3.635500,1.01713357e-02,2.67133570e-03,0.178089,-1.44513130e-02,2.70462091e-03
3.636000,1.01641233e-02,2.66412330e-03,0.177608,-1.44248517e-02,2.71348829e-03
3.636500,1.01569244e-02,2.65692440e-03,0.177128,-1.43977274e-02,2.70738838e-03
3.637000,1.01497395e-02,2.64973950e-03,0.176649,-1.43696862e-02,2.70051384e-03
3.637500,1.01425679e-02,2.64256790e-03,0.176171,-1.43432546e-02,2.69867972e-03
3.638000,1.01354089e-02,2.63540890e-03,0.175694,-1.43181140e-02,2.70388324e-03
3.638500,1.01282625e-02,2.62826250e-03,0.175218,-1.42928145e-02,2.70291827e-03
3.639000,1.01211291e-02,2.62112910e-03,0.174742,-1.42667458e-02,2.69773125e-03
3.639500,1.01140084e-02,2.61400840e-03,0.174267,-1.42412942e-02,2.69770955e-03
3.640000,1.01069001e-02,2.60690010e-03,0.173793,-1.42166963e-02,2.70284908e-03
3.640500,1.00998043e-02,2.59980430e-03,0.173320,-1.41916476e-02,2.69003667e-03
3.641000,1.00927208e-02,2.59272080e-03,0.172848,-1.41668877e-02,2.68884080e-03
3.641500,1.00856487e-02,2.58564870e-03,0.172377,-1.41443375e-02,2.70328379e-03
3.642000,1.00785883e-02,2.57858830e-03,0.171906,-1.41207066e-02,2.72172438e-03
3.642500,1.00715418e-02,2.57154180e-03,0.171436,-1.40930735e-02,2.71505861e-03
3.643000,1.00645103e-02,2.56451030e-03,0.170967,-1.40630018e-02,2.69608722e-03
3.643500,1.00574924e-02,2.55749240e-03,0.170499,-1.40357020e-02,2.70035065e-03
3.644000,1.00504868e-02,2.55048680e-03,0.170032,-1.40111406e-02,2.69435938e-03
3.644500,1.00434936e-02,2.54349360e-03,0.169566,-1.39864088e-02,2.70359885e-03
3.645000,1.00365127e-02,2.53651270e-03,0.169101,-1.39618438e-02,2.70395992e-03
3.645500,1.00295448e-02,2.52954480e-03,0.168636,-1.39357298e-02,2.69726470e-03
3.646000,1.00225898e-02,2.52258980e-03,0.168173,-1.39101484e-02,2.68934370e-03
3.646500,1.00156466e-02,2.51564660e-03,0.167710,-1.38863668e-02,2.71444182e-03
3.647000,1.00087158e-02,2.50871580e-03,0.167248,-1.38616667e-02,2.71906184e-03
3.647500,1.00017995e-02,2.50179950e-03,0.166787,-1.38324369e-02,2.70000175e-03
3.648000,9.99489747e-03,2.49489747e-03,0.166326,-1.38041336e-02,2.70169528e-03
3.648500,9.98800807e-03,2.48800807e-03,0.165867,-1.37788105e-02,2.70242198e-03
3.649000,9.98113149e-03,2.48113149e-03,0.165409,-1.37531450e-02,2.71520732e-03
3.649500,9.97426838e-03,2.47426838e-03,0.164951,-1.37262297e-02,2.70347926e-03
3.650000,9.96741925e-03,2.46741925e-03,0.164495,-1.36982519e-02,2.70322778e-03
3.650500,9.96058314e-03,2.46058314e-03,0.164039,-1.36722222e-02,2.70666136e-03
3.651000,9.95376018e-03,2.45376018e-03,0.163584,-1.36459303e-02,2.71117328e-03
3.651500,9.94695084e-03,2.44695084e-03,0.163130,-1.36186755e-02,2.71493491e-03
3.652000,9.94015567e-03,2.44015567e-03,0.162677,-1.35903473e-02,2.70109631e-03
3.652500,9.93337435e-03,2.43337435e-03,0.162225,-1.35626249e-02,2.70240459e-03
3.653000,9.92660582e-03,2.42660582e-03,0.161774,-1.35370593e-02,2.70151532e-03
3.653500,9.91985015e-03,2.41985015e-03,0.161323,-1.35113575e-02,2.70426359e-03
3.654000,9.91310737e-03,2.41310737e-03,0.160874,-1.34855587e-02,2.69535850e-03
3.654500,9.90637732e-03,2.40637732e-03,0.160425,-1.34600961e-02,2.70663664e-03
3.655000,9.89965977e-03,2.39965977e-03,0.159977,-1.34350984e-02,2.70842800e-03
3.655500,9.89295572e-03,2.39295572e-03,0.159530,-1.34080905e-02,2.72929354e-03
3.656000,9.88626625e-03,2.38626625e-03,0.159084,-1.33789435e-02,2.72350523e-03
3.656500,9.87959281e-03,2.37959281e-03,0.158640,-1.33468820e-02,2.71342672e-03
3.657000,9.87293448e-03,2.37293448e-03,0.158196,-1.33166621e-02,2.71438968e-03
3.657500,9.86629047e-03,2.36629047e-03,0.157753,-1.32880120e-02,2.70940183e-03
3.658000,9.85966065e-03,2.35966065e-03,0.157311,-1.32596448e-02,2.71571234e-03
3.658500,9.85304488e-03,2.35304488e-03,0.156870,-1.32315387e-02,2.71169093e-03
3.659000,9.84644351e-03,2.34644351e-03,0.156430,-1.32027520e-02,2.70576925e-03
3.659500,9.83985593e-03,2.33985593e-03,0.155990,-1.31751492e-02,2.71661508e-03
3.660000,9.83328215e-03,2.33328215e-03,0.155552,-1.31475597e-02,2.71008464e-03
3.660500,9.82672277e-03,2.32672277e-03,0.155115,-1.31187668e-02,2.70953341e-03
3.661000,9.82017722e-03,2.32017722e-03,0.154678,-1.30910949e-02,2.70467674e-03
3.661500,9.81364525e-03,2.31364525e-03,0.154243,-1.30639429e-02,2.71861421e-03
3.662000,9.80712707e-03,2.30712707e-03,0.153808,-1.30363562e-02,2.71563925e-03
3.662500,9.80062370e-03,2.30062370e-03,0.153375,-1.30067438e-02,2.73397284e-03
3.663000,9.79413570e-03,2.29413570e-03,0.152942,-1.29759989e-02,2.71727769e-03
3.663500,9.78766384e-03,2.28766384e-03,0.152511,-1.29437196e-02,2.71258306e-03
3.664000,9.78120654e-03,2.28120654e-03,0.152080,-1.29145969e-02,2.71892201e-03
3.664500,9.77476370e-03,2.27476370e-03,0.151651,-1.28856847e-02,2.72115747e-03
3.665000,9.76833593e-03,2.26833593e-03,0.151222,-1.28555338e-02,2.71186057e-03
3.665500,9.76192301e-03,2.26192301e-03,0.150795,-1.28258379e-02,2.69503378e-03
3.666000,9.75552343e-03,2.25552343e-03,0.150368,-1.27991565e-02,2.69350010e-03
3.666500,9.74913575e-03,2.24913575e-03,0.149942,-1.27753737e-02,2.70835581e-03
3.667000,9.74276048e-03,2.24276048e-03,0.149517,-1.27505293e-02,2.71896940e-03
3.667500,9.73639933e-03,2.23639933e-03,0.149093,-1.27223069e-02,2.72765955e-03
3.668000,9.73005354e-03,2.23005354e-03,0.148670,-1.26915734e-02,2.70679211e-03
3.668500,9.72372291e-03,2.22372291e-03,0.148248,-1.26612580e-02,2.69049856e-03
3.669000,9.71740501e-03,2.21740501e-03,0.147827,-1.26358098e-02,2.69728124e-03
3.669500,9.71109879e-03,2.21109879e-03,0.147407,-1.26124374e-02,2.71651393e-03
3.670000,9.70480567e-03,2.20480567e-03,0.146987,-1.25862508e-02,2.72194974e-03
3.670500,9.69852745e-03,2.19852745e-03,0.146568,-1.25564253e-02,2.72208242e-03
3.671000,9.69226460e-03,2.19226460e-03,0.146151,-1.25256955e-02,2.71942199e-03
3.671500,9.68601702e-03,2.18601702e-03,0.145734,-1.24951792e-02,2.72222786e-03
3.672000,9.67978459e-03,2.17978459e-03,0.145319,-1.24648516e-02,2.71367903e-03
3.672500,9.67356718e-03,2.17356718e-03,0.144904,-1.24348191e-02,2.72630398e-03
3.673000,9.66736464e-03,2.16736464e-03,0.144491,-1.24050742e-02,2.71810937e-03
3.673500,9.66117765e-03,2.16117765e-03,0.144079,-1.23739807e-02,2.70898091e-03
3.674000,9.65500513e-03,2.15500513e-03,0.143667,-1.23450399e-02,2.69888977e-03
3.674500,9.64884589e-03,2.14884589e-03,0.143256,-1.23184904e-02,2.70358325e-03
3.675000,9.64269930e-03,2.14269930e-03,0.142847,-1.22931829e-02,2.69928408e-03
3.675500,9.63656555e-03,2.13656555e-03,0.142438,-1.22674848e-02,2.70390543e-03
3.676000,9.63044451e-03,2.13044451e-03,0.142030,-1.22420841e-02,2.70538899e-03
3.676500,9.62433661e-03,2.12433661e-03,0.141622,-1.22157933e-02,2.69970364e-03
3.677000,9.61824173e-03,2.11824173e-03,0.141216,-1.21897617e-02,2.70467983e-03
3.677500,9.61215962e-03,2.11215962e-03,0.140811,-1.21642236e-02,2.71356902e-03
3.678000,9.60609108e-03,2.10609108e-03,0.140406,-1.21370824e-02,2.71112608e-03
3.678500,9.60003673e-03,2.10003673e-03,0.140002,-1.21086975e-02,2.70120818e-03
3.679000,9.59399594e-03,2.09399594e-03,0.139600,-1.20815907e-02,2.69420696e-03
3.679500,9.58796757e-03,2.08796757e-03,0.139198,-1.20567316e-02,2.69144028e-03
3.680000,9.58195094e-03,2.08195094e-03,0.138797,-1.20332667e-02,2.70968904e-03
3.680500,9.57594662e-03,2.07594662e-03,0.138396,-1.20086426e-02,2.69930131e-03
3.681000,9.56995565e-03,2.06995565e-03,0.137997,-1.19819404e-02,2.69609125e-03
3.681500,9.56397703e-03,2.06397703e-03,0.137598,-1.19572278e-02,2.68621494e-03
3.682000,9.55801007e-03,2.05801007e-03,0.137201,-1.19339155e-02,2.69126229e-03
3.682500,9.55205419e-03,2.05205419e-03,0.136804,-1.19117787e-02,2.69250368e-03
3.683000,9.54610983e-03,2.04610983e-03,0.136407,-1.18887034e-02,2.68761663e-03
3.683500,9.54017691e-03,2.04017691e-03,0.136012,-1.18658563e-02,2.68161159e-03
3.684000,9.53425473e-03,2.03425473e-03,0.135617,-1.18443427e-02,2.69520598e-03
3.684500,9.52834343e-03,2.02834343e-03,0.135223,-1.18226131e-02,2.70091468e-03
3.685000,9.52244435e-03,2.02244435e-03,0.134830,-1.17981465e-02,2.71747119e-03
3.685500,9.51655871e-03,2.01655871e-03,0.134437,-1.17712785e-02,2.70202265e-03
3.686000,9.51068719e-03,2.01068719e-03,0.134046,-1.17430578e-02,2.69572684e-03
3.686500,9.50482822e-03,2.00482822e-03,0.133655,-1.17179305e-02,2.68820452e-03
3.687000,9.49898097e-03,1.99898097e-03,0.133265,-1.16945022e-02,2.70583716e-03
3.687500,9.49314559e-03,1.99314559e-03,0.132876,-1.16707500e-02,2.69491276e-03
3.688000,9.48732306e-03,1.98732306e-03,0.132488,-1.16450683e-02,2.69248045e-03
3.688500,9.48151236e-03,1.98151236e-03,0.132101,-1.16213956e-02,2.69515836e-03
3.689000,9.47571342e-03,1.97571342e-03,0.131714,-1.15978855e-02,2.69472831e-03
3.689500,9.46992643e-03,1.96992643e-03,0.131328,-1.15739737e-02,2.68589186e-03
3.690000,9.46415098e-03,1.96415098e-03,0.130943,-1.15509138e-02,2.70258250e-03
3.690500,9.45838706e-03,1.95838706e-03,0.130559,-1.15278291e-02,2.69933798e-03
3.691000,9.45263592e-03,1.95263592e-03,0.130176,-1.15022906e-02,2.70267413e-03
3.691500,9.44689742e-03,1.94689742e-03,0.129793,-1.14769899e-02,2.69050801e-03
3.692000,9.44117131e-03,1.94117131e-03,0.129411,-1.14522171e-02,2.70151494e-03
3.692500,9.43545708e-03,1.93545708e-03,0.129030,-1.14284689e-02,2.70886236e-03
3.693000,9.42975595e-03,1.92975595e-03,0.128650,-1.14022635e-02,2.71560258e-03
3.693500,9.42406882e-03,1.92406882e-03,0.128271,-1.13742557e-02,2.69989670e-03
3.694000,9.41839555e-03,1.91839555e-03,0.127893,-1.13465298e-02,2.69114811e-03
3.694500,9.41273448e-03,1.91273448e-03,0.127516,-1.13221565e-02,2.69361218e-03
3.695000,9.40708497e-03,1.90708497e-03,0.127139,-1.12990019e-02,2.69426519e-03
3.695500,9.40144728e-03,1.90144728e-03,0.126763,-1.12753849e-02,2.69872733e-03
3.696000,9.39582165e-03,1.89582165e-03,0.126388,-1.12512661e-02,2.69847852e-03
3.696500,9.39020843e-03,1.89020843e-03,0.126014,-1.12264367e-02,2.70670563e-03
3.697000,9.38460797e-03,1.88460797e-03,0.125641,-1.12009206e-02,2.69730139e-03
3.697500,9.37902053e-03,1.87902053e-03,0.125268,-1.11748852e-02,2.69239910e-03
3.698000,9.37344511e-03,1.87344511e-03,0.124896,-1.11508274e-02,2.68745036e-03
3.698500,9.36788111e-03,1.86788111e-03,0.124525,-1.11280122e-02,2.69157487e-03
3.699000,9.36232829e-03,1.86232829e-03,0.124155,-1.11056449e-02,2.69508573e-03
3.699500,9.35678714e-03,1.85678714e-03,0.123786,-1.10822899e-02,2.69031491e-03
3.700000,9.35125775e-03,1.85125775e-03,0.123417,-1.10587803e-02,2.70486862e-03
3.700500,9.34574037e-03,1.84574037e-03,0.123049,-1.10347672e-02,2.71569794e-03
3.701000,9.34023666e-03,1.84023666e-03,0.122682,-1.10074067e-02,2.71235168e-03
3.701500,9.33474738e-03,1.83474738e-03,0.122316,-1.09785639e-02,2.71754337e-03
3.702000,9.32927248e-03,1.82927248e-03,0.121951,-1.09498115e-02,2.70791285e-03
3.702500,9.32381195e-03,1.82381195e-03,0.121587,-1.09210582e-02,2.70552397e-03
3.703000,9.31836490e-03,1.81836490e-03,0.121224,-1.08940974e-02,2.71249804e-03
3.703500,9.31293144e-03,1.81293144e-03,0.120862,-1.08669123e-02,2.71198997e-03
3.704000,9.30751213e-03,1.80751213e-03,0.120501,-1.08386269e-02,2.71039583e-03
3.704500,9.30210685e-03,1.80210685e-03,0.120140,-1.08105659e-02,2.70392825e-03
3.705000,9.29671518e-03,1.79671518e-03,0.119781,-1.07833385e-02,2.69992484e-03
3.705500,9.29133641e-03,1.79133641e-03,0.119422,-1.07575272e-02,2.70492502e-03
3.706000,9.28597045e-03,1.78597045e-03,0.119065,-1.07319311e-02,2.70028955e-03
3.706500,9.28061749e-03,1.78061749e-03,0.118708,-1.07059238e-02,2.71557502e-03
3.707000,9.27527782e-03,1.77527782e-03,0.118352,-1.06793261e-02,2.70278313e-03
3.707500,9.26995215e-03,1.76995215e-03,0.117997,-1.06513495e-02,2.69737131e-03
3.708000,9.26463917e-03,1.76463917e-03,0.117643,-1.06259520e-02,2.69111928e-03
3.708500,9.25933817e-03,1.75933817e-03,0.117289,-1.06019959e-02,2.71019218e-03
3.709000,9.25404948e-03,1.75404948e-03,0.116937,-1.05773800e-02,2.71108138e-03
3.709500,9.24877471e-03,1.74877471e-03,0.116585,-1.05495536e-02,2.71520361e-03
3.710000,9.24351410e-03,1.74351410e-03,0.116234,-1.05212167e-02,2.71324572e-03
3.710500,9.23826791e-03,1.73826791e-03,0.115885,-1.04923760e-02,2.70042317e-03
3.711000,9.23303542e-03,1.73303542e-03,0.115536,-1.04649905e-02,2.70701380e-03
3.711500,9.22781585e-03,1.72781585e-03,0.115188,-1.04391279e-02,2.70879665e-03
3.712000,9.22260984e-03,1.72260984e-03,0.114841,-1.04120254e-02,2.70061980e-03
3.712500,9.21741716e-03,1.71741716e-03,0.114494,-1.03853532e-02,2.70044220e-03
3.713000,9.21223714e-03,1.71223714e-03,0.114149,-1.03600394e-02,2.70154869e-03
3.713500,9.20706981e-03,1.70706981e-03,0.113805,-1.03346568e-02,2.69022277e-03
3.714000,9.20191477e-03,1.70191477e-03,0.113461,-1.03100941e-02,2.68523019e-03
3.714500,9.19677085e-03,1.69677085e-03,0.113118,-1.02878325e-02,2.68307711e-03
3.715000,9.19163756e-03,1.69163756e-03,0.112776,-1.02665812e-02,2.68816911e-03
3.715500,9.18651494e-03,1.68651494e-03,0.112434,-1.02452331e-02,2.69441110e-03
3.716000,9.18140369e-03,1.68140369e-03,0.112094,-1.02224971e-02,2.69476070e-03
3.716500,9.17630434e-03,1.67630434e-03,0.111754,-1.01987051e-02,2.68676500e-03
3.717000,9.17121656e-03,1.67121656e-03,0.111414,-1.01755627e-02,2.67844280e-03
3.717500,9.16613933e-03,1.66613933e-03,0.111076,-1.01544691e-02,2.67691878e-03
3.718000,9.16107189e-03,1.66107189e-03,0.110738,-1.01348768e-02,2.67945825e-03
3.718500,9.15601423e-03,1.65601423e-03,0.110401,-1.01153102e-02,2.69897320e-03
3.719000,9.15096743e-03,1.65096743e-03,0.110064,-1.00936011e-02,2.69754889e-03
3.719500,9.14593303e-03,1.64593303e-03,0.109729,-1.00688135e-02,2.70267486e-03
3.720000,9.14091112e-03,1.64091112e-03,0.109394,-1.00438065e-02,2.69042089e-03
3.720500,9.13590160e-03,1.63590160e-03,0.109060,-1.00190413e-02,2.69763742e-03
3.721000,9.13090378e-03,1.63090378e-03,0.108727,-9.99565017e-03,2.70443823e-03
3.721500,9.12591854e-03,1.62591854e-03,0.108395,-9.97047273e-03,2.69830711e-03
3.722000,9.12094618e-03,1.62094618e-03,0.108063,-9.94472065e-03,2.69364141e-03
3.722500,9.11598599e-03,1.61598599e-03,0.107732,-9.92038789e-03,2.71264827e-03
3.723000,9.11103842e-03,1.61103842e-03,0.107403,-9.89514070e-03,2.70409415e-03
3.723500,9.10610465e-03,1.60610465e-03,0.107074,-9.86752878e-03,2.69959234e-03
3.724000,9.10118379e-03,1.60118379e-03,0.106746,-9.84171957e-03,2.69456971e-03
3.724500,9.09627524e-03,1.59627524e-03,0.106418,-9.81709368e-03,2.68322434e-03
3.725000,9.09137810e-03,1.59137810e-03,0.106092,-9.79429570e-03,2.69038262e-03
3.725500,9.08649173e-03,1.58649173e-03,0.105766,-9.77272778e-03,2.69094451e-03
3.726000,9.08161677e-03,1.58161677e-03,0.105441,-9.74993474e-03,2.69647208e-03
3.726500,9.07675349e-03,1.57675349e-03,0.105117,-9.72656068e-03,2.70204771e-03
3.727000,9.07190259e-03,1.57190259e-03,0.104794,-9.70178597e-03,2.68616213e-03
3.727500,9.06706384e-03,1.56706384e-03,0.104471,-9.67750028e-03,2.68028305e-03
3.728000,9.06223567e-03,1.56223567e-03,0.104149,-9.65634296e-03,2.69419364e-03
3.728500,9.05741821e-03,1.55741821e-03,0.103828,-9.63492105e-03,2.69721286e-03
3.729000,9.05261274e-03,1.55261274e-03,0.103508,-9.61094797e-03,2.70447224e-03
3.729500,9.04781982e-03,1.54781982e-03,0.103188,-9.58583724e-03,2.69512027e-03
3.730000,9.04303964e-03,1.54303964e-03,0.102869,-9.56036135e-03,2.68130663e-03
3.730500,9.03827082e-03,1.53827082e-03,0.102551,-9.53764253e-03,2.68531418e-03
3.731000,9.03351240e-03,1.53351240e-03,0.102234,-9.51683766e-03,2.68481904e-03
3.731500,9.02876469e-03,1.52876469e-03,0.101918,-9.49541850e-03,2.69407673e-03
3.732000,9.02402806e-03,1.52402806e-03,0.101602,-9.47326209e-03,2.68826777e-03
3.732500,9.01930301e-03,1.51930301e-03,0.101287,-9.45009912e-03,2.68051478e-03
3.733000,9.01458872e-03,1.51458872e-03,0.100973,-9.42857554e-03,2.68513200e-03
3.733500,9.00988476e-03,1.50988476e-03,0.100659,-9.40791681e-03,2.67921297e-03
3.734000,9.00519125e-03,1.50519125e-03,0.100346,-9.38702326e-03,2.67303262e-03
3.734500,9.00050743e-03,1.50050743e-03,0.100034,-9.36764811e-03,2.68181054e-03
3.735000,8.99583317e-03,1.49583317e-03,0.099722,-9.34851169e-03,2.69608778e-03
3.735500,8.99116983e-03,1.49116983e-03,0.099411,-9.32667148e-03,2.68189373e-03
3.736000,8.98651796e-03,1.48651796e-03,0.099101,-9.30374187e-03,2.67016815e-03
3.736500,8.98187587e-03,1.48187587e-03,0.098792,-9.28417980e-03,2.67713109e-03
3.737000,8.97724291e-03,1.47724291e-03,0.098483,-9.26592750e-03,2.68372070e-03
3.737500,8.97261993e-03,1.47261993e-03,0.098175,-9.24594918e-03,2.69237801e-03
3.738000,8.96800787e-03,1.46800787e-03,0.097867,-9.22412333e-03,2.70133059e-03
3.738500,8.96340783e-03,1.46340783e-03,0.097561,-9.20008429e-03,2.69129614e-03
3.739000,8.95882010e-03,1.45882010e-03,0.097255,-9.17546242e-03,2.69334426e-03
3.739500,8.95424395e-03,1.45424395e-03,0.096950,-9.15230719e-03,2.68128569e-03
3.740000,8.94967900e-03,1.44967900e-03,0.096645,-9.12988185e-03,2.67607643e-03
3.740500,8.94512406e-03,1.44512406e-03,0.096342,-9.10989721e-03,2.69198231e-03
3.741000,8.94057938e-03,1.44057938e-03,0.096039,-9.08936159e-03,2.68579517e-03
3.741500,8.93604599e-03,1.43604599e-03,0.095736,-9.06676117e-03,2.67691102e-03
3.742000,8.93152301e-03,1.43152301e-03,0.095435,-9.04596225e-03,2.68483341e-03
3.742500,8.92701005e-03,1.42701005e-03,0.095134,-9.02592168e-03,2.68681360e-03
3.743000,8.92250785e-03,1.42250785e-03,0.094834,-9.00440511e-03,2.68819438e-03
3.743500,8.91801663e-03,1.41801663e-03,0.094534,-8.98244129e-03,2.68799553e-03
3.744000,8.91353650e-03,1.41353650e-03,0.094236,-8.96026832e-03,2.67941233e-03
3.744500,8.90906705e-03,1.40906705e-03,0.093938,-8.93888693e-03,2.70177429e-03
3.745000,8.90460858e-03,1.40460858e-03,0.093641,-8.91693773e-03,2.70151792e-03
3.745500,8.90016291e-03,1.40016291e-03,0.093344,-8.89133919e-03,2.68870568e-03
3.746000,8.89572946e-03,1.39572946e-03,0.093049,-8.86691560e-03,2.69345712e-03
3.746500,8.89130737e-03,1.39130737e-03,0.092754,-8.84417576e-03,2.68821937e-03
3.747000,8.88689681e-03,1.38689681e-03,0.092460,-8.82111882e-03,2.69948277e-03
3.747500,8.88249785e-03,1.38249785e-03,0.092167,-8.79792605e-03,2.69373706e-03
3.748000,8.87811115e-03,1.37811115e-03,0.091874,-8.77339178e-03,2.69006966e-03
3.748500,8.87373609e-03,1.37373609e-03,0.091582,-8.75012527e-03,2.70484314e-03
3.749000,8.86937301e-03,1.36937301e-03,0.091292,-8.72615470e-03,2.69635325e-03
3.749500,8.86502276e-03,1.36502276e-03,0.091002,-8.70050890e-03,2.68640804e-03
3.750000,8.86068419e-03,1.36068419e-03,0.090712,-8.67713654e-03,2.68653246e-03
3.750500,8.85635649e-03,1.35635649e-03,0.090424,-8.65538627e-03,2.68816322e-03
3.751000,8.85203976e-03,1.35203976e-03,0.090136,-8.63347137e-03,2.68921091e-03
3.751500,8.84773416e-03,1.34773416e-03,0.089849,-8.61119605e-03,2.68759118e-03
3.752000,8.84343971e-03,1.34343971e-03,0.089563,-8.58889191e-03,2.68706473e-03
3.752500,8.83915626e-03,1.33915626e-03,0.089277,-8.56690029e-03,2.68204710e-03
3.753000,8.83488354e-03,1.33488354e-03,0.088992,-8.54543877e-03,2.69486082e-03
3.753500,8.83062171e-03,1.33062171e-03,0.088708,-8.52366821e-03,2.68886954e-03
3.754000,8.82637155e-03,1.32637155e-03,0.088425,-8.50032328e-03,2.69661267e-03
3.754500,8.82213291e-03,1.32213291e-03,0.088142,-8.47727751e-03,2.68384070e-03
3.755000,8.81790587e-03,1.31790587e-03,0.087860,-8.45408956e-03,2.67854862e-03
3.755500,8.81368913e-03,1.31368913e-03,0.087579,-8.43346679e-03,2.68348409e-03
3.756000,8.80948249e-03,1.30948249e-03,0.087299,-8.41327663e-03,2.69439210e-03
3.756500,8.80528684e-03,1.30528684e-03,0.087019,-8.39131154e-03,2.69024624e-03
3.757000,8.80110288e-03,1.30110288e-03,0.086740,-8.36792185e-03,2.67684535e-03
3.757500,8.79692968e-03,1.29692968e-03,0.086462,-8.34639784e-03,2.69470805e-03
3.758000,8.79276693e-03,1.29276693e-03,0.086184,-8.32549494e-03,2.69606174e-03
3.758500,8.78861616e-03,1.28861616e-03,0.085908,-8.30153917e-03,2.69515892e-03
3.759000,8.78447744e-03,1.28447744e-03,0.085632,-8.27744094e-03,2.69868921e-03
3.759500,8.78035085e-03,1.28035085e-03,0.085357,-8.25317881e-03,2.70817501e-03
3.760000,8.77623710e-03,1.27623710e-03,0.085082,-8.22749825e-03,2.70718292e-03
3.760500,8.77213693e-03,1.27213693e-03,0.084809,-8.20034777e-03,2.69385574e-03
3.761000,8.76804966e-03,1.26804966e-03,0.084537,-8.17453858e-03,2.69621060e-03
3.761500,8.76397430e-03,1.26397430e-03,0.084265,-8.15070960e-03,2.69849065e-03
3.762000,8.75991116e-03,1.25991116e-03,0.083994,-8.12629233e-03,2.69747067e-03
3.762500,8.75586036e-03,1.25586036e-03,0.083724,-8.10159085e-03,2.68796865e-03
3.763000,8.75182141e-03,1.25182141e-03,0.083455,-8.07789702e-03,2.69383845e-03
3.763500,8.74779379e-03,1.24779379e-03,0.083186,-8.05524449e-03,2.68620622e-03
3.764000,8.74377764e-03,1.24377764e-03,0.082919,-8.03230293e-03,2.68559828e-03
3.764500,8.73977231e-03,1.23977231e-03,0.082651,-8.01066839e-03,2.67839458e-03
3.765000,8.73577742e-03,1.23577742e-03,0.082385,-7.98977063e-03,2.67906684e-03
3.765500,8.73179242e-03,1.23179242e-03,0.082119,-7.96999633e-03,2.67499540e-03
3.766000,8.72781719e-03,1.22781719e-03,0.081854,-7.95047163e-03,2.69828492e-03
3.766500,8.72385241e-03,1.22385241e-03,0.081590,-7.92955625e-03,2.69368554e-03
3.767000,8.71989980e-03,1.21989980e-03,0.081327,-7.90522323e-03,2.68221316e-03
3.767500,8.71595847e-03,1.21595847e-03,0.081064,-7.88265984e-03,2.68396638e-03
3.768000,8.71202755e-03,1.21202755e-03,0.080802,-7.86182529e-03,2.68166641e-03
3.768500,8.70810710e-03,1.20810710e-03,0.080540,-7.84090620e-03,2.68620048e-03
3.769000,8.70419712e-03,1.20419712e-03,0.080280,-7.81996389e-03,2.68367924e-03
3.769500,8.70029787e-03,1.20029787e-03,0.080020,-7.79849997e-03,2.69584038e-03
3.770000,8.69640968e-03,1.19640968e-03,0.079761,-7.77637478e-03,2.68761334e-03
3.770500,8.69253319e-03,1.19253319e-03,0.079502,-7.75298008e-03,2.70282321e-03
3.771000,8.68866840e-03,1.18866840e-03,0.079245,-7.72959146e-03,2.69647707e-03
3.771500,8.68481626e-03,1.18481626e-03,0.078988,-7.70426639e-03,2.68672145e-03
3.772000,8.68097584e-03,1.18097584e-03,0.078732,-7.68084600e-03,2.67788646e-03
3.772500,8.67714594e-03,1.17714594e-03,0.078476,-7.65980873e-03,2.68443407e-03
3.773000,8.67332611e-03,1.17332611e-03,0.078222,-7.63964330e-03,2.69035382e-03
3.773500,8.66951717e-03,1.16951717e-03,0.077968,-7.61787928e-03,2.69165776e-03
3.774000,8.66571966e-03,1.16571966e-03,0.077715,-7.59502790e-03,2.68637847e-03
3.774500,8.66193345e-03,1.16193345e-03,0.077462,-7.57242920e-03,2.68028758e-03
3.775000,8.65815783e-03,1.15815783e-03,0.077211,-7.55123594e-03,2.67846603e-03
3.775500,8.65439223e-03,1.15439223e-03,0.076959,-7.53120392e-03,2.67276945e-03
3.776000,8.65063624e-03,1.15063624e-03,0.076709,-7.51197470e-03,2.66916065e-03
3.776500,8.64688924e-03,1.14688924e-03,0.076459,-7.49399999e-03,2.66703570e-03
3.777000,8.64315084e-03,1.14315084e-03,0.076210,-7.47680575e-03,2.66466534e-03
3.777500,8.63942075e-03,1.13942075e-03,0.075961,-7.46017004e-03,2.67532851e-03
3.778000,8.63569926e-03,1.13569926e-03,0.075713,-7.44298072e-03,2.66867830e-03
3.778500,8.63198695e-03,1.13198695e-03,0.075466,-7.42462844e-03,2.67369377e-03
3.779000,8.62828348e-03,1.12828348e-03,0.075219,-7.40692471e-03,2.67963805e-03
3.779500,8.62458955e-03,1.12458955e-03,0.074973,-7.38787181e-03,2.68627766e-03
3.780000,8.62090592e-03,1.12090592e-03,0.074727,-7.36725575e-03,2.67134027e-03
3.780500,8.61723248e-03,1.11723248e-03,0.074482,-7.34687016e-03,2.66099902e-03
3.781000,8.61356756e-03,1.11356756e-03,0.074238,-7.32985178e-03,2.66055311e-03
3.781500,8.60991027e-03,1.10991027e-03,0.073994,-7.31457093e-03,2.66251106e-03
3.782000,8.60626068e-03,1.10626068e-03,0.073751,-7.29919019e-03,2.66126743e-03
3.782500,8.60261888e-03,1.10261888e-03,0.073508,-7.28359789e-03,2.66971872e-03
3.783000,8.59898515e-03,1.09898515e-03,0.073266,-7.26746255e-03,2.67948016e-03
3.783500,8.59536061e-03,1.09536061e-03,0.073024,-7.24907635e-03,2.67296688e-03
3.784000,8.59174578e-03,1.09174578e-03,0.072783,-7.22966314e-03,2.68374973e-03
3.784500,8.58814060e-03,1.08814060e-03,0.072543,-7.21036605e-03,2.68369731e-03
3.785000,8.58454594e-03,1.08454594e-03,0.072303,-7.18930297e-03,2.67118509e-03
3.785500,8.58096127e-03,1.08096127e-03,0.072064,-7.16935482e-03,2.68895905e-03
3.786000,8.57738632e-03,1.07738632e-03,0.071826,-7.14988971e-03,2.68271062e-03
3.786500,8.57382229e-03,1.07382229e-03,0.071588,-7.12805846e-03,2.69691853e-03
3.787000,8.57026929e-03,1.07026929e-03,0.071351,-7.10599700e-03,2.68551752e-03
3.787500,8.56672799e-03,1.06672799e-03,0.071115,-7.08261056e-03,2.68107138e-03
3.788000,8.56319724e-03,1.06319724e-03,0.070880,-7.06148938e-03,2.69840937e-03
3.788500,8.55967746e-03,1.05967746e-03,0.070645,-7.03956527e-03,2.70118254e-03
3.789000,8.55617019e-03,1.05617019e-03,0.070411,-7.01454893e-03,2.68885111e-03
3.789500,8.55267510e-03,1.05267510e-03,0.070178,-6.99016756e-03,2.67741948e-03
3.790000,8.54919069e-03,1.04919069e-03,0.069946,-6.96882188e-03,2.68000520e-03
3.790500,8.54571613e-03,1.04571613e-03,0.069714,-6.94912473e-03,2.68300936e-03
3.791000,8.54225176e-03,1.04225176e-03,0.069483,-6.92873736e-03,2.67753062e-03
3.791500,8.53879759e-03,1.03879759e-03,0.069253,-6.90834110e-03,2.68317165e-03
3.792000,8.53535342e-03,1.03535342e-03,0.069024,-6.88834573e-03,2.67749377e-03
3.792500,8.53191945e-03,1.03191945e-03,0.068795,-6.86792608e-03,2.67180953e-03
3.793000,8.52849498e-03,1.02849498e-03,0.068566,-6.84894139e-03,2.67479415e-03
3.793500,8.52507967e-03,1.02507967e-03,0.068339,-6.83062619e-03,2.67517573e-03
3.794000,8.52167378e-03,1.02167378e-03,0.068112,-6.81178716e-03,2.67684264e-03
3.794500,8.51827741e-03,1.01827741e-03,0.067885,-6.79273808e-03,2.66856528e-03
3.795000,8.51489033e-03,1.01489033e-03,0.067659,-6.77414716e-03,2.66408188e-03
3.795500,8.51151168e-03,1.01151168e-03,0.067434,-6.75731186e-03,2.66731320e-03
3.796000,8.50814121e-03,1.00814121e-03,0.067209,-6.74092706e-03,2.66433129e-03
3.796500,8.50477908e-03,1.00477908e-03,0.066985,-6.72427532e-03,2.67221365e-03
3.797000,8.50142537e-03,1.00142537e-03,0.066762,-6.70741627e-03,2.67177354e-03
3.797500,8.49808072e-03,9.98080720e-04,0.066539,-6.68930179e-03,2.68043853e-03
3.798000,8.49474547e-03,9.94745470e-04,0.066316,-6.67049343e-03,2.68910370e-03
3.798500,8.49142072e-03,9.91420720e-04,0.066095,-6.64949605e-03,2.68324188e-03
3.799000,8.48810693e-03,9.88106930e-04,0.065874,-6.62759407e-03,2.66946957e-03
3.799500,8.48480299e-03,9.84802990e-04,0.065654,-6.60787239e-03,2.66591731e-03
3.800000,8.48150763e-03,9.81507630e-04,0.065434,-6.59072632e-03,2.66980933e-03
3.800500,8.47822072e-03,9.78220720e-04,0.065215,-6.57381942e-03,2.66951023e-03
3.801000,8.47494257e-03,9.74942570e-04,0.064996,-6.55629988e-03,2.67779167e-03
3.801500,8.47167352e-03,9.71673520e-04,0.064778,-6.53809720e-03,2.67115909e-03
3.802000,8.46841396e-03,9.68413960e-04,0.064561,-6.51912110e-03,2.66406618e-03
3.802500,8.46516303e-03,9.65163030e-04,0.064344,-6.50186127e-03,2.65808201e-03
3.803000,8.46191988e-03,9.61919880e-04,0.064128,-6.48629527e-03,2.66070844e-03
3.803500,8.45868414e-03,9.58684140e-04,0.063912,-6.47147968e-03,2.66497858e-03
3.804000,8.45545621e-03,9.55456210e-04,0.063697,-6.45585525e-03,2.65898178e-03
3.804500,8.45223618e-03,9.52236180e-04,0.063482,-6.44005987e-03,2.65310408e-03
3.805000,8.44902330e-03,9.49023300e-04,0.063268,-6.42576890e-03,2.64973478e-03
3.805500,8.44581693e-03,9.45816930e-04,0.063054,-6.41274102e-03,2.66137144e-03
3.806000,8.44261731e-03,9.42617310e-04,0.062841,-6.39923749e-03,2.66249679e-03
3.806500,8.43942545e-03,9.39425450e-04,0.062628,-6.38372363e-03,2.66328191e-03
3.807000,8.43624147e-03,9.36241470e-04,0.062416,-6.36795556e-03,2.65674412e-03
3.807500,8.43306515e-03,9.33065150e-04,0.062204,-6.35263663e-03,2.65326736e-03
3.808000,8.42989580e-03,9.29895800e-04,0.061993,-6.33869867e-03,2.65286004e-03
3.808500,8.42673312e-03,9.26733120e-04,0.061782,-6.32536764e-03,2.66652986e-03
3.809000,8.42357767e-03,9.23577670e-04,0.061572,-6.31089481e-03,2.66601792e-03
3.809500,8.42043056e-03,9.20430560e-04,0.061362,-6.29422256e-03,2.67182115e-03
3.810000,8.41729200e-03,9.17292000e-04,0.061153,-6.27712126e-03,2.66157888e-03
3.810500,8.41416201e-03,9.14162010e-04,0.060944,-6.25997265e-03,2.66910198e-03
3.811000,8.41104009e-03,9.11040090e-04,0.060736,-6.24384070e-03,2.67598146e-03
3.811500,8.40792716e-03,9.07927160e-04,0.060528,-6.22586512e-03,2.66902521e-03
3.812000,8.40482347e-03,9.04823470e-04,0.060322,-6.20737494e-03,2.66056387e-03
3.812500,8.40172808e-03,9.01728080e-04,0.060115,-6.19077519e-03,2.66941446e-03
3.813000,8.39864069e-03,8.98640690e-04,0.059909,-6.17478228e-03,2.66491649e-03
3.813500,8.39556183e-03,8.95561830e-04,0.059704,-6.15773375e-03,2.66050050e-03
3.814000,8.39249092e-03,8.92490920e-04,0.059499,-6.14181427e-03,2.66272261e-03
3.814500,8.38942771e-03,8.89427710e-04,0.059295,-6.12642346e-03,2.67329099e-03
3.815000,8.38637284e-03,8.86372840e-04,0.059092,-6.10973331e-03,2.66429727e-03
3.815500,8.38332679e-03,8.83326790e-04,0.058888,-6.09210298e-03,2.65497593e-03
3.816000,8.38028840e-03,8.80288400e-04,0.058686,-6.07677366e-03,2.65123094e-03
3.816500,8.37725675e-03,8.77256750e-04,0.058484,-6.06330611e-03,2.66053289e-03
3.817000,8.37423193e-03,8.74231930e-04,0.058282,-6.04963105e-03,2.65761970e-03
3.817500,8.37121459e-03,8.71214590e-04,0.058081,-6.03468611e-03,2.65297855e-03
3.818000,8.36820428e-03,8.68204280e-04,0.057880,-6.02062991e-03,2.66955845e-03
3.818500,8.36520134e-03,8.65201340e-04,0.057680,-6.00586984e-03,2.67082721e-03
3.819000,8.36220720e-03,8.62207200e-04,0.057480,-5.98827504e-03,2.66352834e-03
3.819500,8.35922164e-03,8.59221640e-04,0.057281,-5.97111727e-03,2.65718293e-03
3.820000,8.35624379e-03,8.56243790e-04,0.057083,-5.95571908e-03,2.65629270e-03
3.820500,8.35327306e-03,8.53273060e-04,0.056885,-5.94144156e-03,2.66975013e-03
3.821000,8.35031000e-03,8.50310000e-04,0.056687,-5.92612033e-03,2.67455398e-03
3.821500,8.34735592e-03,8.47355920e-04,0.056490,-5.90816454e-03,2.67012566e-03
3.822000,8.34441102e-03,8.44411020e-04,0.056294,-5.88981147e-03,2.66216222e-03
3.822500,8.34147457e-03,8.41474570e-04,0.056098,-5.87288968e-03,2.66762651e-03
3.823000,8.33854618e-03,8.38546180e-04,0.055903,-5.85679240e-03,2.66447016e-03
3.823500,8.33562614e-03,8.35626140e-04,0.055708,-5.84007693e-03,2.65961360e-03
3.824000,8.33271398e-03,8.32713980e-04,0.055514,-5.82430917e-03,2.67414367e-03
3.824500,8.32980996e-03,8.29809960e-04,0.055321,-5.80805415e-03,2.66705758e-03
3.825000,8.32691494e-03,8.26914940e-04,0.055128,-5.79003973e-03,2.66646045e-03
3.825500,8.32402831e-03,8.24028310e-04,0.054935,-5.77324170e-03,2.66382807e-03
3.826000,8.32114993e-03,8.21149930e-04,0.054743,-5.75677447e-03,2.65949713e-03
3.826500,8.31827937e-03,8.18279370e-04,0.054552,-5.74112244e-03,2.67759072e-03
3.827000,8.31541708e-03,8.15417080e-04,0.054361,-5.72458176e-03,2.67256903e-03
3.827500,8.31256432e-03,8.12564320e-04,0.054171,-5.70551399e-03,2.66317542e-03
3.828000,8.30972027e-03,8.09720270e-04,0.053981,-5.68810140e-03,2.65491380e-03
3.828500,8.30688379e-03,8.06883790e-04,0.053792,-5.67296180e-03,2.65679247e-03
3.829000,8.30405428e-03,8.04054280e-04,0.053604,-5.65901270e-03,2.65576760e-03
3.829500,8.30123186e-03,8.01231860e-04,0.053415,-5.64484574e-03,2.65994835e-03
3.830000,8.29841662e-03,7.98416620e-04,0.053228,-5.63047740e-03,2.65576374e-03
3.830500,8.29560872e-03,7.95608720e-04,0.053041,-5.61579255e-03,2.65227254e-03
3.831000,8.29280767e-03,7.92807670e-04,0.052854,-5.60210354e-03,2.64920417e-03
3.831500,8.29001304e-03,7.90013040e-04,0.052668,-5.58925912e-03,2.65350918e-03
3.832000,8.28722477e-03,7.87224770e-04,0.052482,-5.57653789e-03,2.65519529e-03
3.832500,8.28444329e-03,7.84443290e-04,0.052296,-5.56296067e-03,2.65065895e-03
3.833000,8.28166854e-03,7.81668540e-04,0.052111,-5.54950767e-03,2.65374585e-03
3.833500,8.27890027e-03,7.78900270e-04,0.051927,-5.53652664e-03,2.64968281e-03
3.834000,8.27613858e-03,7.76138580e-04,0.051743,-5.52339796e-03,2.65571480e-03
3.834500,8.27338337e-03,7.73383370e-04,0.051559,-5.51040312e-03,2.65301755e-03
3.835000,8.27063505e-03,7.70635050e-04,0.051376,-5.49665627e-03,2.65918925e-03
3.835500,8.26789364e-03,7.67893640e-04,0.051193,-5.48280663e-03,2.65601440e-03
3.836000,8.26515953e-03,7.65159530e-04,0.051011,-5.46822428e-03,2.65226145e-03
3.836500,8.26243228e-03,7.62432280e-04,0.050829,-5.45449509e-03,2.65017515e-03
3.837000,8.25971150e-03,7.59711500e-04,0.050647,-5.44156663e-03,2.65389146e-03
3.837500,8.25699717e-03,7.56997170e-04,0.050466,-5.42865216e-03,2.65068743e-03
3.838000,8.25428947e-03,7.54289470e-04,0.050286,-5.41541074e-03,2.65695783e-03
3.838500,8.25158840e-03,7.51588400e-04,0.050106,-5.40214103e-03,2.65149895e-03
3.839000,8.24889424e-03,7.48894240e-04,0.049926,-5.38832434e-03,2.65576705e-03
3.839500,8.24620672e-03,7.46206720e-04,0.049747,-5.37502666e-03,2.65003364e-03
3.840000,8.24352595e-03,7.43525950e-04,0.049568,-5.36153507e-03,2.67634435e-03
3.840500,8.24085263e-03,7.40852630e-04,0.049390,-5.34665856e-03,2.66848943e-03
3.841000,8.23818855e-03,7.38188550e-04,0.049213,-5.32815617e-03,2.67312994e-03
3.841500,8.23553328e-03,7.35533280e-04,0.049036,-5.31053331e-03,2.66769479e-03
3.842000,8.23288697e-03,7.32886970e-04,0.048859,-5.29262901e-03,2.66228117e-03
3.842500,8.23024892e-03,7.30248920e-04,0.048683,-5.27609588e-03,2.67731636e-03
3.843000,8.22761936e-03,7.27619360e-04,0.048508,-5.25912229e-03,2.68570375e-03
3.843500,8.22499989e-03,7.24999890e-04,0.048333,-5.23893821e-03,2.68434809e-03
3.844000,8.22239114e-03,7.22391140e-04,0.048159,-5.21749673e-03,2.67493182e-03
3.844500,8.21979258e-03,7.19792580e-04,0.047986,-5.19711043e-03,2.66569967e-03
3.845000,8.21720304e-03,7.17203040e-04,0.047814,-5.17908666e-03,2.66230299e-03
3.845500,8.21462160e-03,7.14621600e-04,0.047641,-5.16287921e-03,2.67129132e-03
3.846000,8.21204838e-03,7.12048380e-04,0.047470,-5.14643477e-03,2.66951116e-03
3.846500,8.20948405e-03,7.09484050e-04,0.047299,-5.12867179e-03,2.67403189e-03
3.847000,8.20692865e-03,7.06928650e-04,0.047129,-5.11080140e-03,2.66872278e-03
3.847500,8.20438232e-03,7.04382320e-04,0.046959,-5.09265810e-03,2.66359970e-03
3.848000,8.20184440e-03,7.01844400e-04,0.046790,-5.07583957e-03,2.65935926e-03
3.848500,8.19931428e-03,6.99314280e-04,0.046621,-5.06023723e-03,2.65661990e-03
3.849000,8.19679149e-03,6.96791490e-04,0.046453,-5.04557342e-03,2.66020784e-03
3.849500,8.19427597e-03,6.94275970e-04,0.046285,-5.03104218e-03,2.65517963e-03
3.850000,8.19176779e-03,6.91767790e-04,0.046118,-5.01636638e-03,2.65190534e-03
3.850500,8.18926639e-03,6.89266390e-04,0.045951,-5.00280575e-03,2.65247577e-03
3.851000,8.18677152e-03,6.86771520e-04,0.045785,-4.98973234e-03,2.65172392e-03
3.851500,8.18428320e-03,6.84283200e-04,0.045619,-4.97663175e-03,2.64773258e-03
3.852000,8.18180120e-03,6.81801200e-04,0.045453,-4.96400753e-03,2.64368639e-03
3.852500,8.17932500e-03,6.79325000e-04,0.045288,-4.95239648e-03,2.65088563e-03
3.853000,8.17685460e-03,6.76854600e-04,0.045124,-4.94081329e-03,2.64562807e-03
3.853500,8.17439034e-03,6.74390340e-04,0.044959,-4.92851280e-03,2.64027111e-03
3.854000,8.17193156e-03,6.71931560e-04,0.044795,-4.91754930e-03,2.66411025e-03
3.854500,8.16947889e-03,6.69478890e-04,0.044632,-4.90535761e-03,2.65997577e-03
3.855000,8.16703408e-03,6.67034080e-04,0.044469,-4.88961692e-03,2.65673240e-03
3.855500,8.16459666e-03,6.64596660e-04,0.044306,-4.87484192e-03,2.65068952e-03
3.856000,8.16216609e-03,6.62166090e-04,0.044144,-4.86113382e-03,2.64920399e-03
3.856500,8.15974181e-03,6.59741810e-04,0.043983,-4.84854935e-03,2.65352064e-03
3.857000,8.15732390e-03,6.57323900e-04,0.043822,-4.83582714e-03,2.65209769e-03
3.857500,8.15491264e-03,6.54912640e-04,0.043661,-4.82252193e-03,2.64735809e-03
3.858000,8.15250771e-03,6.52507710e-04,0.043501,-4.80986944e-03,2.64596065e-03
3.858500,8.15010865e-03,6.50108650e-04,0.043341,-4.79811879e-03,2.65319447e-03
3.859000,8.14771567e-03,6.47715670e-04,0.043181,-4.78595801e-03,2.66030247e-03
3.859500,8.14532968e-03,6.45329680e-04,0.043022,-4.77198089e-03,2.65518951e-03
3.860000,8.14295103e-03,6.42951030e-04,0.042863,-4.75728866e-03,2.65090192e-03
3.860500,8.14057912e-03,6.40579120e-04,0.042705,-4.74381514e-03,2.64448755e-03
3.861000,8.13821332e-03,6.38213320e-04,0.042548,-4.73161282e-03,2.65572200e-03
3.861500,8.13585358e-03,6.35853580e-04,0.042390,-4.71947044e-03,2.65594666e-03
3.862000,8.13350085e-03,6.33500850e-04,0.042233,-4.70546342e-03,2.65618314e-03
3.862500,8.13115515e-03,6.31155150e-04,0.042077,-4.69139860e-03,2.65263378e-03
3.863000,8.12881635e-03,6.28816350e-04,0.041921,-4.67760878e-03,2.64781219e-03
3.863500,8.12648393e-03,6.26483930e-04,0.041766,-4.66482811e-03,2.64350081e-03
3.864000,8.12415732e-03,6.24157320e-04,0.041610,-4.65322040e-03,2.64354376e-03
3.864500,8.12183616e-03,6.21836160e-04,0.041456,-4.64231684e-03,2.64348441e-03
3.865000,8.11952046e-03,6.19520460e-04,0.041301,-4.63141149e-03,2.65211573e-03
3.865500,8.11721058e-03,6.17210580e-04,0.041147,-4.61975270e-03,2.64693198e-03
3.866000,8.11490702e-03,6.14907020e-04,0.040994,-4.60713492e-03,2.64856552e-03
3.866500,8.11260940e-03,6.12609400e-04,0.040841,-4.59522393e-03,2.64651481e-03
3.867000,8.11031779e-03,6.10317790e-04,0.040688,-4.58322601e-03,2.64293769e-03
3.867500,8.10803185e-03,6.08031850e-04,0.040535,-4.57188113e-03,2.64492423e-03
3.868000,8.10575138e-03,6.05751380e-04,0.040383,-4.56094798e-03,2.64109375e-03
3.868500,8.10347636e-03,6.03476360e-04,0.040232,-4.55002732e-03,2.63659263e-03
3.869000,8.10120630e-03,6.01206300e-04,0.040080,-4.54013364e-03,2.64250095e-03
3.869500,8.09894107e-03,5.98941070e-04,0.039929,-4.53045667e-03,2.63951460e-03
3.870000,8.09668103e-03,5.96681030e-04,0.039779,-4.52007355e-03,2.63507139e-03
3.870500,8.09442574e-03,5.94425740e-04,0.039628,-4.51057369e-03,2.63099268e-03
3.871000,8.09217466e-03,5.92174660e-04,0.039478,-4.50216407e-03,2.62991843e-03
3.871500,8.08992740e-03,5.89927400e-04,0.039328,-4.49451919e-03,2.62921075e-03
3.872000,8.08768384e-03,5.87683840e-04,0.039179,-4.48711328e-03,2.62810427e-03
3.872500,8.08544388e-03,5.85443880e-04,0.039030,-4.47992141e-03,2.62867578e-03
3.873000,8.08320745e-03,5.83207450e-04,0.038880,-4.47286070e-03,2.62886408e-03
3.873500,8.08097461e-03,5.80974610e-04,0.038732,-4.46568950e-03,2.62621852e-03
3.874000,8.07874525e-03,5.78745250e-04,0.038583,-4.45872130e-03,2.62682837e-03
3.874500,8.07651918e-03,5.76519180e-04,0.038435,-4.45213359e-03,2.62834779e-03
3.875000,8.07429653e-03,5.74296530e-04,0.038286,-4.44531140e-03,2.62476325e-03
3.875500,8.07207725e-03,5.72077250e-04,0.038138,-4.43855664e-03,2.63153898e-03
3.876000,8.06986135e-03,5.69861350e-04,0.037991,-4.43179139e-03,2.63057320e-03
3.876500,8.06764935e-03,5.67649350e-04,0.037843,-4.42399891e-03,2.62885853e-03
3.877000,8.06544109e-03,5.65441090e-04,0.037696,-4.41651663e-03,2.62422143e-03
3.877500,8.06323623e-03,5.63236230e-04,0.037549,-4.40972592e-03,2.62278866e-03
3.878000,8.06103432e-03,5.61034320e-04,0.037402,-4.40382334e-03,2.62235071e-03
3.878500,8.05883522e-03,5.58835220e-04,0.037256,-4.39819475e-03,2.62361278e-03
3.879000,8.05663896e-03,5.56638960e-04,0.037109,-4.39252649e-03,2.62181102e-03
3.879500,8.05444555e-03,5.54445550e-04,0.036963,-4.38681030e-03,2.62097167e-03
3.880000,8.05225482e-03,5.52254820e-04,0.036817,-4.38146418e-03,2.61906437e-03
3.880500,8.05006661e-03,5.50066610e-04,0.036671,-4.37642453e-03,2.61763068e-03
3.881000,8.04788070e-03,5.47880700e-04,0.036525,-4.37182485e-03,2.62869449e-03
3.881500,8.04569746e-03,5.45697460e-04,0.036380,-4.36648233e-03,2.62672199e-03
3.882000,8.04351771e-03,5.43517710e-04,0.036235,-4.35949745e-03,2.62708126e-03
3.882500,8.04134130e-03,5.41341300e-04,0.036089,-4.35280471e-03,2.64660194e-03
3.883000,8.03916914e-03,5.39169140e-04,0.035945,-4.34432697e-03,2.64219586e-03
3.883500,8.03700262e-03,5.37002620e-04,0.035800,-4.33303337e-03,2.64721522e-03
3.884000,8.03484161e-03,5.34841610e-04,0.035656,-4.32201947e-03,2.65184818e-03
3.884500,8.03268673e-03,5.32686730e-04,0.035512,-4.30977171e-03,2.65292108e-03
3.885000,8.03053839e-03,5.30538390e-04,0.035369,-4.29666832e-03,2.64551582e-03
3.885500,8.02839637e-03,5.28396370e-04,0.035226,-4.28404352e-03,2.64565200e-03
3.886000,8.02626006e-03,5.26260060e-04,0.035084,-4.27262267e-03,2.66452682e-03
3.886500,8.02413031e-03,5.24130310e-04,0.034942,-4.25951057e-03,2.66103259e-03
3.887000,8.02200850e-03,5.22008500e-04,0.034801,-4.24360804e-03,2.66735706e-03
3.887500,8.01989464e-03,5.19894640e-04,0.034660,-4.22772008e-03,2.66932303e-03
3.888000,8.01778933e-03,5.17789330e-04,0.034519,-4.21061976e-03,2.66957805e-03
3.888500,8.01569275e-03,5.15692750e-04,0.034380,-4.19317407e-03,2.66425291e-03
3.889000,8.01360467e-03,5.13604670e-04,0.034240,-4.17615735e-03,2.66180905e-03
3.889500,8.01152455e-03,5.11524550e-04,0.034102,-4.16023114e-03,2.65906725e-03
3.890000,8.00945208e-03,5.09452080e-04,0.033963,-4.14494866e-03,2.65865346e-03
3.890500,8.00738700e-03,5.07387000e-04,0.033826,-4.13015299e-03,2.66964048e-03
3.891000,8.00532977e-03,5.05329770e-04,0.033689,-4.11445380e-03,2.67240905e-03
3.891500,8.00328142e-03,5.03281420e-04,0.033552,-4.09670566e-03,2.67737592e-03
3.892000,8.00124239e-03,5.01242390e-04,0.033416,-4.07806374e-03,2.66913909e-03
3.892500,7.99921272e-03,4.99212720e-04,0.033281,-4.05933452e-03,2.66418131e-03
3.893000,7.99719152e-03,4.97191520e-04,0.033146,-4.04239621e-03,2.66221225e-03
3.893500,7.99517830e-03,4.95178300e-04,0.033012,-4.02644610e-03,2.67460230e-03
3.894000,7.99317344e-03,4.93173440e-04,0.032878,-4.00972381e-03,2.67019573e-03
3.894500,7.99117776e-03,4.91177760e-04,0.032745,-3.99135661e-03,2.68049892e-03
3.895000,7.98919136e-03,4.89191360e-04,0.032613,-3.97280200e-03,2.67473074e-03
3.895500,7.98721483e-03,4.87214830e-04,0.032481,-3.95306555e-03,2.67049275e-03
3.896000,7.98524750e-03,4.85247500e-04,0.032350,-3.93465099e-03,2.66934748e-03
3.896500,7.98328898e-03,4.83288980e-04,0.032219,-3.91703361e-03,2.68266343e-03
3.897000,7.98133977e-03,4.81339770e-04,0.032089,-3.89842690e-03,2.68184834e-03
3.897500,7.97940092e-03,4.79400920e-04,0.031960,-3.87770568e-03,2.67662893e-03
3.898000,7.97747213e-03,4.77472130e-04,0.031831,-3.85757981e-03,2.67176467e-03
3.898500,7.97555276e-03,4.75552760e-04,0.031704,-3.83874110e-03,2.67301205e-03
3.899000,7.97364246e-03,4.73642460e-04,0.031576,-3.82059084e-03,2.68590079e-03
3.899500,7.97174191e-03,4.71741910e-04,0.031449,-3.80109613e-03,2.68351950e-03
3.900000,7.96985207e-03,4.69852070e-04,0.031323,-3.77969555e-03,2.68004501e-03
3.900500,7.96797257e-03,4.67972570e-04,0.031198,-3.75899321e-03,2.68284410e-03
3.901000,7.96610326e-03,4.66103260e-04,0.031074,-3.73861391e-03,2.68894110e-03
3.901500,7.96424464e-03,4.64244640e-04,0.030950,-3.71723589e-03,2.68604049e-03
3.902000,7.96239709e-03,4.62397090e-04,0.030826,-3.69511317e-03,2.68213072e-03
3.902500,7.96056018e-03,4.60560180e-04,0.030704,-3.67381244e-03,2.67896761e-03
3.903000,7.95873347e-03,4.58733470e-04,0.030582,-3.65343341e-03,2.68060650e-03
3.903500,7.95691675e-03,4.56916750e-04,0.030461,-3.63342888e-03,2.68000716e-03
3.904000,7.95511015e-03,4.55110150e-04,0.030341,-3.61320822e-03,2.67964461e-03
3.904500,7.95331359e-03,4.53313590e-04,0.030221,-3.59311804e-03,2.67658195e-03
3.905000,7.95152691e-03,4.51526910e-04,0.030102,-3.57335818e-03,2.67669301e-03
3.905500,7.94974986e-03,4.49749860e-04,0.029983,-3.55409142e-03,2.68262623e-03
3.906000,7.94798272e-03,4.47982720e-04,0.029866,-3.53428181e-03,2.68844592e-03
3.906500,7.94622623e-03,4.46226230e-04,0.029748,-3.51298335e-03,2.69771478e-03
3.907000,7.94448128e-03,4.44481280e-04,0.029632,-3.48990970e-03,2.70264593e-03
3.907500,7.94274884e-03,4.42748840e-04,0.029517,-3.46487803e-03,2.70949145e-03
3.908000,7.94102962e-03,4.41029620e-04,0.029402,-3.43843135e-03,2.70865091e-03
3.908500,7.93932415e-03,4.39324150e-04,0.029288,-3.41093490e-03,2.71496459e-03
3.909000,7.93763264e-03,4.37632640e-04,0.029176,-3.38301823e-03,2.71353292e-03
3.909500,7.93595555e-03,4.35955550e-04,0.029064,-3.35419139e-03,2.71326729e-03
3.910000,7.93429274e-03,4.34292740e-04,0.028953,-3.32562313e-03,2.71013633e-03
3.910500,7.93264405e-03,4.32644050e-04,0.028843,-3.29737532e-03,2.70762643e-03
3.911000,7.93100912e-03,4.31009120e-04,0.028734,-3.26986356e-03,2.70883257e-03
3.911500,7.92938779e-03,4.29387790e-04,0.028626,-3.24265731e-03,2.71088949e-03
3.912000,7.92778025e-03,4.27780250e-04,0.028519,-3.21507112e-03,2.71316954e-03
3.912500,7.92618678e-03,4.26186780e-04,0.028412,-3.18694557e-03,2.71036455e-03
3.913000,7.92460743e-03,4.24607430e-04,0.028307,-3.15869364e-03,2.70764840e-03
3.913500,7.92304186e-03,4.23041860e-04,0.028203,-3.13114246e-03,2.70602296e-03
3.914000,7.92148977e-03,4.21489770e-04,0.028099,-3.10418102e-03,2.70541820e-03
3.914500,7.91995100e-03,4.19951000e-04,0.027997,-3.07753996e-03,2.70471153e-03
3.915000,7.91842547e-03,4.18425470e-04,0.027895,-3.05106069e-03,2.70978023e-03
3.915500,7.91691335e-03,4.16913350e-04,0.027794,-3.02424929e-03,2.70694517e-03
3.916000,7.91541492e-03,4.15414920e-04,0.027694,-2.99685624e-03,2.70287871e-03
3.916500,7.91392977e-03,4.13929770e-04,0.027595,-2.97028829e-03,2.70335380e-03
3.917000,7.91245760e-03,4.12457600e-04,0.027497,-2.94434607e-03,2.70214864e-03
3.917500,7.91099839e-03,4.10998390e-04,0.027400,-2.91843240e-03,2.70103152e-03
3.918000,7.90955198e-03,4.09551980e-04,0.027303,-2.89281540e-03,2.69937248e-03
3.918500,7.90811821e-03,4.08118210e-04,0.027208,-2.86752853e-03,2.70048319e-03
3.919000,7.90669701e-03,4.06697010e-04,0.027113,-2.84241588e-03,2.69816645e-03
3.919500,7.90528834e-03,4.05288340e-04,0.027019,-2.81732569e-03,2.69560185e-03
3.920000,7.90389192e-03,4.03891920e-04,0.026926,-2.79284269e-03,2.70530110e-03
3.920500,7.90250796e-03,4.02507960e-04,0.026834,-2.76792320e-03,2.70582848e-03
3.921000,7.90113728e-03,4.01137280e-04,0.026742,-2.74136440e-03,2.70439114e-03
3.921500,7.89977985e-03,3.99779850e-04,0.026652,-2.71484609e-03,2.70276645e-03
3.922000,7.89843550e-03,3.98435500e-04,0.026562,-2.68870745e-03,2.70257761e-03
3.922500,7.89710407e-03,3.97104070e-04,0.026474,-2.66285230e-03,2.70277892e-03
3.923000,7.89578557e-03,3.95785570e-04,0.026386,-2.63701036e-03,2.70256164e-03
3.923500,7.89447999e-03,3.94479990e-04,0.026299,-2.61115457e-03,2.70136541e-03
3.924000,7.89318727e-03,3.93187270e-04,0.026212,-2.58544023e-03,2.70157742e-03
3.924500,7.89190732e-03,3.91907320e-04,0.026127,-2.55990358e-03,2.70178777e-03
3.925000,7.89064016e-03,3.90640160e-04,0.026043,-2.53431351e-03,2.70458476e-03
3.925500,7.88938594e-03,3.89385940e-04,0.025959,-2.50844159e-03,2.70237072e-03
3.926000,7.88814479e-03,3.88144790e-04,0.025876,-2.48230615e-03,2.70085297e-03
3.926500,7.88691646e-03,3.86916460e-04,0.025794,-2.45666847e-03,2.70411145e-03
3.927000,7.88570096e-03,3.85700960e-04,0.025713,-2.43099191e-03,2.70297150e-03
3.927500,7.88449852e-03,3.84498520e-04,0.025633,-2.40488107e-03,2.71215038e-03
3.928000,7.88330945e-03,3.83309450e-04,0.025554,-2.37814582e-03,2.71233891e-03
3.928500,7.88213450e-03,3.82134500e-04,0.025476,-2.34988667e-03,2.71196924e-03
3.929000,7.88097369e-03,3.80973690e-04,0.025398,-2.32162925e-03,2.71109719e-03
3.929500,7.87982693e-03,3.79826930e-04,0.025322,-2.29350963e-03,2.71109900e-03
3.930000,7.87869417e-03,3.78694170e-04,0.025246,-2.26553305e-03,2.71082576e-03
3.930500,7.87757538e-03,3.77575380e-04,0.025172,-2.23758033e-03,2.71013320e-03
3.931000,7.87647051e-03,3.76470510e-04,0.025098,-2.20973372e-03,2.70879216e-03
3.931500,7.87537945e-03,3.75379450e-04,0.025025,-2.18211941e-03,2.70718754e-03
3.932000,7.87430202e-03,3.74302020e-04,0.024953,-2.15486718e-03,2.70587969e-03
3.932500,7.87323802e-03,3.73238020e-04,0.024883,-2.12799408e-03,2.70476239e-03
3.933000,7.87218730e-03,3.72187300e-04,0.024812,-2.10143453e-03,2.70735916e-03
3.933500,7.87114989e-03,3.71149890e-04,0.024743,-2.07482885e-03,2.71103014e-03
3.934000,7.87012615e-03,3.70126150e-04,0.024675,-2.04747217e-03,2.70899682e-03
3.934500,7.86911631e-03,3.69116310e-04,0.024608,-2.01969248e-03,2.70964200e-03
3.935000,7.86812021e-03,3.68120210e-04,0.024541,-1.99218962e-03,2.70854277e-03
3.935500,7.86713787e-03,3.67137870e-04,0.024476,-1.96467802e-03,2.70764140e-03
3.936000,7.86616916e-03,3.66169160e-04,0.024411,-1.93742661e-03,2.71276692e-03
3.936500,7.86521422e-03,3.65214220e-04,0.024348,-1.90987002e-03,2.71220472e-03
3.937000,7.86427346e-03,3.64273460e-04,0.024285,-1.88152149e-03,2.70865005e-03
3.937500,7.86334667e-03,3.63346670e-04,0.024223,-1.85357958e-03,2.70510365e-03
3.938000,7.86243341e-03,3.62433410e-04,0.024162,-1.82653495e-03,2.70348086e-03
3.938500,7.86153330e-03,3.61533300e-04,0.024102,-1.80021615e-03,2.70285837e-03
3.939000,7.86064619e-03,3.60646190e-04,0.024043,-1.77421886e-03,2.70178965e-03
3.939500,7.85977198e-03,3.59771980e-04,0.023985,-1.74841828e-03,2.70075048e-03
3.940000,7.85891054e-03,3.58910540e-04,0.023927,-1.72288508e-03,2.70371599e-03
3.940500,7.85806191e-03,3.58061910e-04,0.023871,-1.69726031e-03,2.70043438e-03
3.941000,7.85722619e-03,3.57226190e-04,0.023815,-1.67143873e-03,2.69713294e-03
3.941500,7.85640296e-03,3.56402960e-04,0.023760,-1.64644794e-03,2.69847817e-03
3.942000,7.85559202e-03,3.55592020e-04,0.023706,-1.62188032e-03,2.69581511e-03
3.942500,7.85479336e-03,3.54793360e-04,0.023653,-1.59732727e-03,2.69268627e-03
3.943000,7.85400661e-03,3.54006610e-04,0.023600,-1.57348817e-03,2.69046580e-03
3.943500,7.85323143e-03,3.53231430e-04,0.023549,-1.55035917e-03,2.68876597e-03
3.944000,7.85246756e-03,3.52467560e-04,0.023498,-1.52774510e-03,2.68898995e-03
3.944500,7.85171487e-03,3.51714870e-04,0.023448,-1.50539034e-03,2.68693258e-03
3.945000,7.85097328e-03,3.50973280e-04,0.023398,-1.48318071e-03,2.68463559e-03
3.945500,7.85024252e-03,3.50242520e-04,0.023350,-1.46151202e-03,2.68246270e-03
3.946000,7.84952231e-03,3.49522310e-04,0.023301,-1.44041264e-03,2.68104789e-03
3.946500,7.84881242e-03,3.48812420e-04,0.023254,-1.41979516e-03,2.68047343e-03
3.947000,7.84811269e-03,3.48112690e-04,0.023208,-1.39946080e-03,2.68683948e-03
3.947500,7.84742336e-03,3.47423360e-04,0.023162,-1.37865788e-03,2.68725840e-03
3.948000,7.84674497e-03,3.46744970e-04,0.023116,-1.35677257e-03,2.68832784e-03
3.948500,7.84607761e-03,3.46077610e-04,0.023072,-1.33472391e-03,2.68738930e-03
3.949000,7.84542132e-03,3.45421320e-04,0.023028,-1.31258263e-03,2.68673139e-03
3.949500,7.84477599e-03,3.44775990e-04,0.022985,-1.29065363e-03,2.68619088e-03
3.950000,7.84414155e-03,3.44141550e-04,0.022943,-1.26888046e-03,2.68571306e-03
3.950500,7.84351793e-03,3.43517930e-04,0.022901,-1.24723830e-03,2.68474827e-03
3.951000,7.84290505e-03,3.42905050e-04,0.022860,-1.22575990e-03,2.68350118e-03
3.951500,7.84230278e-03,3.42302780e-04,0.022820,-1.20455019e-03,2.68214625e-03
3.952000,7.84171094e-03,3.41710940e-04,0.022781,-1.18366507e-03,2.68091292e-03
3.952500,7.84112939e-03,3.41129390e-04,0.022742,-1.16311149e-03,2.67967520e-03
3.953000,7.84055795e-03,3.40557950e-04,0.022704,-1.14286986e-03,2.67849887e-03
3.953500,7.83999649e-03,3.39996490e-04,0.022666,-1.12293550e-03,2.67712833e-03
3.954000,7.83944483e-03,3.39444830e-04,0.022630,-1.10331547e-03,2.67585843e-03
3.954500,7.83890281e-03,3.38902810e-04,0.022594,-1.08403278e-03,2.67446371e-03
3.955000,7.83837027e-03,3.38370270e-04,0.022558,-1.06508194e-03,2.67303996e-03
3.955500,7.83784703e-03,3.37847030e-04,0.022523,-1.04648601e-03,2.67175037e-03
3.956000,7.83733291e-03,3.37332910e-04,0.022489,-1.02823790e-03,2.67050953e-03
3.956500,7.83682775e-03,3.36827750e-04,0.022455,-1.01031126e-03,2.66950659e-03
3.957000,7.83633141e-03,3.36331410e-04,0.022422,-9.92677055e-04,2.67048823e-03
3.957500,7.83584385e-03,3.35843850e-04,0.022390,-9.75120743e-04,2.66877304e-03
3.958000,7.83536508e-03,3.35365080e-04,0.022358,-9.57554897e-04,2.66662609e-03
3.958500,7.83489485e-03,3.34894850e-04,0.022326,-9.40460529e-04,2.66486341e-03
3.959000,7.83443291e-03,3.34432910e-04,0.022296,-9.23874561e-04,2.66462236e-03
3.959500,7.83397911e-03,3.33979110e-04,0.022265,-9.07599351e-04,2.66452691e-03
3.960000,7.83353342e-03,3.33533420e-04,0.022236,-8.91372164e-04,2.66229517e-03
3.960500,7.83309574e-03,3.33095740e-04,0.022206,-8.75357979e-04,2.65996043e-03
3.961000,7.83266579e-03,3.32665790e-04,0.022178,-8.59916699e-04,2.65847424e-03
3.961500,7.83224329e-03,3.32243290e-04,0.022150,-8.44990209e-04,2.65765337e-03
3.962000,7.83182810e-03,3.31828100e-04,0.022122,-8.30380343e-04,2.65681043e-03
3.962500,7.83142011e-03,3.31420110e-04,0.022095,-8.15979802e-04,2.65560009e-03
3.963000,7.83101920e-03,3.31019200e-04,0.022068,-8.01824696e-04,2.65420936e-03
3.963500,7.83062520e-03,3.30625200e-04,0.022042,-7.87991305e-04,2.65291887e-03
3.964000,7.83023795e-03,3.30237950e-04,0.022016,-7.74500387e-04,2.65182586e-03
3.964500,7.82985729e-03,3.29857290e-04,0.021990,-7.61318019e-04,2.65095260e-03
3.965000,7.82948310e-03,3.29483100e-04,0.021966,-7.48392346e-04,2.65002497e-03
3.965500,7.82911525e-03,3.29115250e-04,0.021941,-7.35692089e-04,2.64892226e-03
3.966000,7.82875363e-03,3.28753630e-04,0.021917,-7.23241655e-04,2.64773257e-03
3.966500,7.82839809e-03,3.28398090e-04,0.021893,-7.11077486e-04,2.64681305e-03
3.967000,7.82804850e-03,3.28048500e-04,0.021870,-6.99189977e-04,2.64613625e-03
3.967500,7.82770474e-03,3.27704740e-04,0.021847,-6.87513303e-04,2.64529987e-03
3.968000,7.82736673e-03,3.27366730e-04,0.021824,-6.76021717e-04,2.64407136e-03
3.968500,7.82703434e-03,3.27034340e-04,0.021802,-6.64776095e-04,2.64303362e-03
3.969000,7.82670743e-03,3.26707430e-04,0.021780,-6.53823959e-04,2.64219392e-03
3.969500,7.82638587e-03,3.26385870e-04,0.021759,-6.43116474e-04,2.64145572e-03
3.970000,7.82606957e-03,3.26069570e-04,0.021738,-6.32612145e-04,2.64065240e-03
3.970500,7.82575842e-03,3.25758420e-04,0.021717,-6.22300063e-04,2.63978449e-03
3.971000,7.82545232e-03,3.25452320e-04,0.021697,-6.12196632e-04,2.63892324e-03
3.971500,7.82515116e-03,3.25151160e-04,0.021677,-6.02311870e-04,2.63830200e-03
3.972000,7.82485485e-03,3.24854850e-04,0.021657,-5.92623462e-04,2.63757192e-03
3.972500,7.82456330e-03,3.24563300e-04,0.021638,-5.83101620e-04,2.63696677e-03
3.973000,7.82427642e-03,3.24276420e-04,0.021618,-5.73753169e-04,2.63617397e-03
3.973500,7.82399413e-03,3.23994130e-04,0.021600,-5.64574187e-04,2.63536159e-03
3.974000,7.82371634e-03,3.23716340e-04,0.021581,-5.55597219e-04,2.63467335e-03
3.974500,7.82344293e-03,3.23442930e-04,0.021563,-5.46814503e-04,2.63393912e-03
3.975000,7.82317382e-03,3.23173820e-04,0.021545,-5.38209721e-04,2.63325628e-03
3.975500,7.82290893e-03,3.22908930e-04,0.021527,-5.29785881e-04,2.63258443e-03
3.976000,7.82264816e-03,3.22648160e-04,0.021510,-5.21533574e-04,2.63188152e-03
3.976500,7.82239144e-03,3.22391440e-04,0.021493,-5.13453739e-04,2.63121757e-03
3.977000,7.82213866e-03,3.22138660e-04,0.021476,-5.05548034e-04,2.63059144e-03
3.977500,7.82188976e-03,3.21889760e-04,0.021459,-4.97806717e-04,2.62998393e-03
3.978000,7.82164465e-03,3.21644650e-04,0.021443,-4.90221931e-04,2.62938396e-03
3.978500,7.82140325e-03,3.21403250e-04,0.021427,-4.82789952e-04,2.62877509e-03
3.979000,7.82116550e-03,3.21165500e-04,0.021411,-4.75510329e-04,2.62830185e-03
3.979500,7.82093131e-03,3.20931310e-04,0.021395,-4.68372531e-04,2.62844445e-03
3.980000,7.82070066e-03,3.20700660e-04,0.021380,-4.61299833e-04,2.62867604e-03
3.980500,7.82047357e-03,3.20473570e-04,0.021365,-4.54183242e-04,2.62779076e-03
3.981000,7.82025002e-03,3.20250020e-04,0.021350,-4.47106899e-04,2.62688929e-03
3.981500,7.82002989e-03,3.20029890e-04,0.021335,-4.40255632e-04,2.62619491e-03
3.982000,7.81981308e-03,3.19813080e-04,0.021321,-4.33613790e-04,2.62575197e-03
3.982500,7.81959952e-03,3.19599520e-04,0.021307,-4.27125135e-04,2.62530386e-03
3.983000,7.81938915e-03,3.19389150e-04,0.021293,-4.20748836e-04,2.62473967e-03
3.983500,7.81918190e-03,3.19181900e-04,0.021279,-4.14496005e-04,2.62415727e-03
3.984000,7.81897770e-03,3.18977700e-04,0.021265,-4.08387313e-04,2.62357692e-03
3.984500,7.81877649e-03,3.18776490e-04,0.021252,-4.02425570e-04,2.62306468e-03
3.985000,7.81857819e-03,3.18578190e-04,0.021239,-3.96604417e-04,2.62258745e-03
3.985500,7.81838273e-03,3.18382730e-04,0.021226,-3.90909574e-04,2.62206316e-03
3.986000,7.81819006e-03,3.18190060e-04,0.021213,-3.85339454e-04,2.62157481e-03
3.986500,7.81800012e-03,3.18000120e-04,0.021200,-3.79898606e-04,2.62110394e-03
3.987000,7.81781283e-03,3.17812830e-04,0.021188,-3.74579581e-04,2.62065798e-03
3.987500,7.81762814e-03,3.17628140e-04,0.021175,-3.69377309e-04,2.62021999e-03
3.988000,7.81744599e-03,3.17445990e-04,0.021163,-3.64286993e-04,2.61979053e-03
3.988500,7.81726634e-03,3.17266340e-04,0.021151,-3.59306571e-04,2.61937081e-03
3.989000,7.81708912e-03,3.17089120e-04,0.021139,-3.54433781e-04,2.61896530e-03
3.989500,7.81691429e-03,3.16914290e-04,0.021128,-3.49665768e-04,2.61857311e-03
3.990000,7.81674179e-03,3.16741790e-04,0.021116,-3.44999020e-04,2.61819192e-03
3.990500,7.81657158e-03,3.16571580e-04,0.021105,-3.40430377e-04,2.61781967e-03
3.991000,7.81640360e-03,3.16403600e-04,0.021094,-3.35957241e-04,2.61745640e-03
3.991500,7.81623781e-03,3.16237810e-04,0.021083,-3.31577352e-04,2.61710282e-03
3.992000,7.81607416e-03,3.16074160e-04,0.021072,-3.27288378e-04,2.61678066e-03
3.992500,7.81591262e-03,3.15912620e-04,0.021061,-3.23085950e-04,2.61650432e-03
3.993000,7.81575314e-03,3.15753140e-04,0.021050,-3.18960856e-04,2.61610254e-03
3.993500,7.81559568e-03,3.15595680e-04,0.021040,-3.14916665e-04,2.61576677e-03
3.994000,7.81544020e-03,3.15440200e-04,0.021029,-3.10968137e-04,2.61545367e-03
3.994500,7.81528665e-03,3.15286650e-04,0.021019,-3.07102430e-04,2.61519677e-03
3.995000,7.81513499e-03,3.15134990e-04,0.021009,-3.03310852e-04,2.61496353e-03
3.995500,7.81498520e-03,3.14985200e-04,0.020999,-2.99582081e-04,2.61459615e-03
3.996000,7.81483724e-03,3.14837240e-04,0.020989,-2.95924093e-04,2.61428675e-03
3.996500,7.81469106e-03,3.14691060e-04,0.020979,-2.92353789e-04,2.61400795e-03
3.997000,7.81454663e-03,3.14546630e-04,0.020970,-2.88858942e-04,2.61376818e-03
3.997500,7.81440392e-03,3.14403920e-04,0.020960,-2.85431077e-04,2.61351629e-03
3.998000,7.81426288e-03,3.14262880e-04,0.020951,-2.82064856e-04,2.61325479e-03
3.998500,7.81412350e-03,3.14123500e-04,0.020942,-2.78763119e-04,2.61299222e-03
3.999000,7.81398574e-03,3.13985740e-04,0.020932,-2.75527537e-04,2.61274555e-03
3.999500,7.81384956e-03,3.13849560e-04,0.020923,-2.72356882e-04,2.61251238e-03
4.000000,7.81371494e-03,3.13714940e-04,0.020914,-2.69247349e-04,2.61228566e-03
4.000500,7.81358184e-03,3.13581840e-04,0.020905,-2.66196151e-04,2.61254332e-03
4.001000,7.81345026e-03,3.13450260e-04,0.020897,-2.63159400e-04,2.61175575e-03
4.001500,7.81332018e-03,3.13320180e-04,0.020888,-2.60149976e-04,2.61094997e-03
4.002000,7.81319151e-03,3.13191510e-04,0.020879,-2.57341123e-04,2.61295548e-03
4.002500,7.81306427e-03,3.13064270e-04,0.020871,-2.54487259e-04,2.61403040e-03
4.003000,7.81293867e-03,3.12938670e-04,0.020863,-2.51209031e-04,2.61491886e-03
4.003500,7.81281483e-03,3.12814830e-04,0.020854,-2.47675737e-04,2.61513790e-03
4.004000,7.81269284e-03,3.12692840e-04,0.020846,-2.43977182e-04,2.61508409e-03
4.004500,7.81257272e-03,3.12572720e-04,0.020838,-2.40247418e-04,2.61506295e-03
4.005000,7.81245445e-03,3.12454450e-04,0.020830,-2.36528360e-04,2.61512784e-03
4.005500,7.81233805e-03,3.12338050e-04,0.020823,-2.32807035e-04,2.61512666e-03
4.006000,7.81222351e-03,3.12223510e-04,0.020815,-2.29075160e-04,2.61498362e-03
4.006500,7.81211083e-03,3.12110830e-04,0.020807,-2.25356125e-04,2.61474029e-03
4.007000,7.81199999e-03,3.11999990e-04,0.020800,-2.21682093e-04,2.61449185e-03
4.007500,7.81189096e-03,3.11890960e-04,0.020793,-2.18069985e-04,2.61427376e-03
4.008000,7.81178370e-03,3.11783700e-04,0.020786,-2.14517957e-04,2.61406483e-03
4.008500,7.81167819e-03,3.11678190e-04,0.020779,-2.11020213e-04,2.61382765e-03
4.009000,7.81157440e-03,3.11574400e-04,0.020772,-2.07577749e-04,2.61360613e-03
4.009500,7.81147230e-03,3.11472300e-04,0.020765,-2.04193819e-04,2.61331957e-03
4.010000,7.81137187e-03,3.11371870e-04,0.020758,-2.00871600e-04,2.61305354e-03
4.010500,7.81127306e-03,3.11273060e-04,0.020752,-1.97619960e-04,2.61279891e-03
4.011000,7.81117584e-03,3.11175840e-04,0.020745,-1.94434518e-04,2.61256359e-03
4.011500,7.81108018e-03,3.11080180e-04,0.020739,-1.91311695e-04,2.61233030e-03
4.012000,7.81098606e-03,3.10986060e-04,0.020732,-1.88248140e-04,2.61211877e-03
4.012500,7.81089344e-03,3.10893440e-04,0.020726,-1.85241596e-04,2.61436374e-03
4.013000,7.81080240e-03,3.10802400e-04,0.020720,-1.82071289e-04,2.61359115e-03
4.013500,7.81071310e-03,3.10713100e-04,0.020714,-1.78600653e-04,2.61254771e-03
4.014000,7.81062543e-03,3.10625430e-04,0.020708,-1.75349142e-04,2.61185920e-03
4.014500,7.81053926e-03,3.10539260e-04,0.020703,-1.72329850e-04,2.61182717e-03
4.015000,7.81045455e-03,3.10454550e-04,0.020697,-1.69426449e-04,2.61500571e-03
4.015500,7.81037143e-03,3.10371430e-04,0.020691,-1.66247262e-04,2.61736912e-03
4.016000,7.81029026e-03,3.10290260e-04,0.020686,-1.62337164e-04,2.61528945e-03
4.016500,7.81021114e-03,3.10211140e-04,0.020681,-1.58222860e-04,2.61319730e-03
4.017000,7.81013383e-03,3.10133830e-04,0.020676,-1.54635039e-04,2.61265449e-03
4.017500,7.81005811e-03,3.10058110e-04,0.020671,-1.51438760e-04,2.61318614e-03
4.018000,7.80998397e-03,3.09983970e-04,0.020666,-1.48284607e-04,2.61346517e-03
4.018500,7.80991146e-03,3.09911460e-04,0.020661,-1.45018481e-04,2.61299032e-03
4.019000,7.80984058e-03,3.09840580e-04,0.020656,-1.41748523e-04,2.61219458e-03
4.019500,7.80977127e-03,3.09771270e-04,0.020651,-1.38626896e-04,2.61166875e-03
4.020000,7.80970343e-03,3.09703430e-04,0.020647,-1.35682430e-04,2.61151295e-03
4.020500,7.80963701e-03,3.09637010e-04,0.020642,-1.32838086e-04,2.61145174e-03
4.021000,7.80957200e-03,3.09572000e-04,0.020638,-1.30024736e-04,2.61124302e-03
4.021500,7.80950838e-03,3.09508380e-04,0.020634,-1.27239892e-04,2.61090012e-03
4.022000,7.80944612e-03,3.09446120e-04,0.020630,-1.24519642e-04,2.61056855e-03
4.022500,7.80938517e-03,3.09385170e-04,0.020626,-1.21885015e-04,2.61033348e-03
4.023000,7.80932551e-03,3.09325510e-04,0.020622,-1.19325619e-04,2.61015973e-03
4.023500,7.80926710e-03,3.09267100e-04,0.020618,-1.16820185e-04,2.60997537e-03
4.024000,7.80920992e-03,3.09209920e-04,0.020614,-1.14359584e-04,2.60975398e-03
4.024500,7.80915395e-03,3.09153950e-04,0.020610,-1.11948831e-04,2.60952137e-03
4.025000,7.80909915e-03,3.09099150e-04,0.020607,-1.09595000e-04,2.60930830e-03
4.025500,7.80904550e-03,3.09045500e-04,0.020603,-1.07298205e-04,2.60911896e-03
4.026000,7.80899297e-03,3.08992970e-04,0.020600,-1.05053139e-04,2.60893725e-03
4.026500,7.80894155e-03,3.08941550e-04,0.020596,-1.02855231e-04,2.60875053e-03
4.027000,7.80889119e-03,3.08891190e-04,0.020593,-1.00703671e-04,2.60855995e-03
4.027500,7.80884189e-03,3.08841890e-04,0.020589,-9.85996221e-05,2.60837365e-03
4.028000,7.80879362e-03,3.08793620e-04,0.020586,-9.65433401e-05,2.60819588e-03
4.028500,7.80874636e-03,3.08746360e-04,0.020583,-9.45333681e-05,2.60802447e-03
4.029000,7.80870007e-03,3.08700070e-04,0.020580,-9.25677435e-05,2.60785545e-03
4.029500,7.80865475e-03,3.08654750e-04,0.020577,-9.06452099e-05,2.60768755e-03
4.030000,7.80861037e-03,3.08610370e-04,0.020574,-8.87652764e-05,2.60752222e-03
4.030500,7.80856690e-03,3.08566900e-04,0.020571,-8.69275319e-05,2.60736112e-03
4.031000,7.80852434e-03,3.08524340e-04,0.020568,-8.51311794e-05,2.60720435e-03
4.031500,7.80848265e-03,3.08482650e-04,0.020566,-8.33751433e-05,2.60705098e-03
4.032000,7.80844182e-03,3.08441820e-04,0.020563,-8.16584106e-05,2.60690033e-03
4.032500,7.80840183e-03,3.08401830e-04,0.020560,-7.99801824e-05,2.60675245e-03
4.033000,7.80836266e-03,3.08362660e-04,0.020558,-7.83397682e-05,2.60660777e-03
4.033500,7.80832429e-03,3.08324290e-04,0.020555,-7.67364293e-05,2.60646645e-03
4.034000,7.80828671e-03,3.08286710e-04,0.020552,-7.51693436e-05,2.60632834e-03
4.034500,7.80824989e-03,3.08249890e-04,0.020550,-7.36376746e-05,2.60619317e-03
4.035000,7.80821382e-03,3.08213820e-04,0.020548,-7.21406366e-05,2.60606084e-03
4.035500,7.80817848e-03,3.08178480e-04,0.020545,-7.06774952e-05,2.60593139e-03
4.036000,7.80814386e-03,3.08143860e-04,0.020543,-6.92475295e-05,2.60580486e-03
4.036500,7.80810993e-03,3.08109930e-04,0.020541,-6.78500079e-05,2.60568121e-03
4.037000,7.80807669e-03,3.08076690e-04,0.020538,-6.64841960e-05,2.60556034e-03
4.037500,7.80804411e-03,3.08044110e-04,0.020536,-6.51493753e-05,2.60544217e-03
4.038000,7.80801219e-03,3.08012190e-04,0.020534,-6.38448511e-05,2.60532665e-03
4.038500,7.80798091e-03,3.07980910e-04,0.020532,-6.25699463e-05,2.60521375e-03
4.039000,7.80795025e-03,3.07950250e-04,0.020530,-6.13239927e-05,2.60510345e-03
4.039500,7.80792019e-03,3.07920190e-04,0.020528,-6.01063301e-05,2.60499567e-03
4.040000,7.80789073e-03,3.07890730e-04,0.020526,-5.89163100e-05,2.60489037e-03
4.040500,7.80786186e-03,3.07861860e-04,0.020524,-5.77532988e-05,2.60478747e-03
4.041000,7.80783355e-03,3.07833550e-04,0.020522,-5.66166779e-05,2.60468695e-03
4.041500,7.80780580e-03,3.07805800e-04,0.020520,-5.55058413e-05,2.60458874e-03
4.042000,7.80777859e-03,3.07778590e-04,0.020519,-5.44201947e-05,2.60449282e-03
4.042500,7.80775191e-03,3.07751910e-04,0.020517,-5.33591553e-05,2.60439911e-03
4.043000,7.80772575e-03,3.07725750e-04,0.020515,-5.23221530e-05,2.60430758e-03
4.043500,7.80770009e-03,3.07700090e-04,0.020513,-5.13086309e-05,2.60421818e-03
4.044000,7.80767493e-03,3.07674930e-04,0.020512,-5.03180440e-05,2.60413085e-03
4.044500,7.80765026e-03,3.07650260e-04,0.020510,-4.93498597e-05,2.60404556e-03
4.045000,7.80762606e-03,3.07626060e-04,0.020508,-4.84035565e-05,2.60396225e-03
4.045500,7.80760232e-03,3.07602320e-04,0.020507,-4.74786247e-05,2.60388089e-03
4.046000,7.80757903e-03,3.07579030e-04,0.020505,-4.65745662e-05,2.60380143e-03
4.046500,7.80755618e-03,3.07556180e-04,0.020504,-4.56908943e-05,2.60372382e-03
4.047000,7.80753377e-03,3.07533770e-04,0.020502,-4.48271332e-05,2.60364802e-03
4.047500,7.80751178e-03,3.07511780e-04,0.020501,-4.39828183e-05,2.60357399e-03
4.048000,7.80749020e-03,3.07490200e-04,0.020499,-4.31574952e-05,2.60350169e-03
4.048500,7.80746902e-03,3.07469020e-04,0.020498,-4.23507203e-05,2.60343109e-03
4.049000,7.80744824e-03,3.07448240e-04,0.020497,-4.15620602e-05,2.60336213e-03
4.049500,7.80742785e-03,3.07427850e-04,0.020495,-4.07910917e-05,2.60329478e-03
4.050000,7.80740783e-03,3.07407830e-04,0.020494,-4.00374012e-05,2.60322901e-03
4.050500,7.80738818e-03,3.07388180e-04,0.020493,-3.93005849e-05,2.60316478e-03
4.051000,7.80736889e-03,3.07368890e-04,0.020491,-3.85802486e-05,2.60310204e-03
4.051500,7.80734995e-03,3.07349950e-04,0.020490,-3.78760071e-05,2.60304077e-03
4.052000,7.80733136e-03,3.07331360e-04,0.020489,-3.71874844e-05,2.60298093e-03
4.052500,7.80731310e-03,3.07313100e-04,0.020488,-3.65143133e-05,2.60292249e-03
4.053000,7.80729517e-03,3.07295170e-04,0.020486,-3.58561354e-05,2.60286542e-03
4.053500,7.80727756e-03,3.07277560e-04,0.020485,-3.52126005e-05,2.60280967e-03
4.054000,7.80726027e-03,3.07260270e-04,0.020484,-3.45833670e-05,2.60275523e-03
4.054500,7.80724329e-03,3.07243290e-04,0.020483,-3.39681011e-05,2.60270205e-03
4.055000,7.80722661e-03,3.07226610e-04,0.020482,-3.33664772e-05,2.60265012e-03
4.055500,7.80721022e-03,3.07210220e-04,0.020481,-3.27781771e-05,2.60259939e-03
4.056000,7.80719412e-03,3.07194120e-04,0.020480,-3.22028904e-05,2.60254985e-03
4.056500,7.80717830e-03,3.07178300e-04,0.020479,-3.16403140e-05,2.60250145e-03
4.057000,7.80716275e-03,3.07162750e-04,0.020478,-3.10901520e-05,2.60245419e-03
4.057500,7.80714747e-03,3.07147470e-04,0.020476,-3.05521155e-05,2.60240802e-03
4.058000,7.80713246e-03,3.07132460e-04,0.020475,-3.00259225e-05,2.60236293e-03
4.058500,7.80711771e-03,3.07117710e-04,0.020475,-2.95112979e-05,2.60231888e-03
4.059000,7.80710320e-03,3.07103200e-04,0.020474,-2.90079727e-05,2.60227585e-03
4.059500,7.80708894e-03,3.07088940e-04,0.020473,-2.85156848e-05,2.60223383e-03
4.060000,7.80707493e-03,3.07074930e-04,0.020472,-2.80341780e-05,2.60219277e-03
4.060500,7.80706115e-03,3.07061150e-04,0.020471,-2.75632024e-05,2.60215267e-03
4.061000,7.80704759e-03,3.07047590e-04,0.020470,-2.71025140e-05,2.60211350e-03
4.061500,7.80703427e-03,3.07034270e-04,0.020469,-2.66518745e-05,2.60207523e-03
4.062000,7.80702116e-03,3.07021160e-04,0.020468,-2.62110515e-05,2.60203784e-03
4.062500,7.80700827e-03,3.07008270e-04,0.020467,-2.57798180e-05,2.60200132e-03
4.063000,7.80699559e-03,3.06995590e-04,0.020466,-2.53579523e-05,2.60196564e-03
4.063500,7.80698312e-03,3.06983120e-04,0.020466,-2.49452383e-05,2.60193079e-03
4.064000,7.80697085e-03,3.06970850e-04,0.020465,-2.45414648e-05,2.60189674e-03
4.064500,7.80695878e-03,3.06958780e-04,0.020464,-2.41464257e-05,2.60186347e-03
4.065000,7.80694690e-03,3.06946900e-04,0.020463,-2.37599198e-05,2.60183096e-03
4.065500,7.80693521e-03,3.06935210e-04,0.020462,-2.33817507e-05,2.60179921e-03
4.066000,7.80692370e-03,3.06923700e-04,0.020462,-2.30117268e-05,2.60176818e-03
4.066500,7.80691238e-03,3.06912380e-04,0.020461,-2.26496608e-05,2.60173787e-03
4.067000,7.80690123e-03,3.06901230e-04,0.020460,-2.22953700e-05,2.60170825e-03
4.067500,7.80689025e-03,3.06890250e-04,0.020459,-2.19486762e-05,2.60167930e-03
4.068000,7.80687945e-03,3.06879450e-04,0.020459,-2.16094052e-05,2.60165103e-03
4.068500,7.80686881e-03,3.06868810e-04,0.020458,-2.12773871e-05,2.60162339e-03
4.069000,7.80685833e-03,3.06858330e-04,0.020457,-2.09524560e-05,2.60159639e-03
4.069500,7.80684802e-03,3.06848020e-04,0.020457,-2.06344500e-05,2.60157000e-03
4.070000,7.80683785e-03,3.06837850e-04,0.020456,-2.03232108e-05,2.60154422e-03
4.070500,7.80682785e-03,3.06827850e-04,0.020455,-2.00185842e-05,2.60149299e-03
4.071000,7.80681798e-03,3.06817980e-04,0.020455,-1.97227214e-05,2.60148989e-03
4.071500,7.80680827e-03,3.06808270e-04,0.020454,-1.94355447e-05,2.60147110e-03
4.072000,7.80679869e-03,3.06798690e-04,0.020453,-1.91505382e-05,2.60142134e-03
4.072500,7.80678925e-03,3.06789250e-04,0.020453,-1.88730176e-05,2.60141193e-03
4.073000,7.80677995e-03,3.06779950e-04,0.020452,-1.86044995e-05,2.60139454e-03
4.073500,7.80677078e-03,3.06770780e-04,0.020451,-1.83390643e-05,2.60137484e-03
4.074000,7.80676174e-03,3.06761740e-04,0.020451,-1.80782262e-05,2.60134945e-03
4.074500,7.80675283e-03,3.06752830e-04,0.020450,-1.78228679e-05,2.60132825e-03
4.075000,7.80674405e-03,3.06744050e-04,0.020450,-1.75735533e-05,2.60130917e-03
4.075500,7.80673538e-03,3.06735380e-04,0.020449,-1.73294077e-05,2.60129208e-03
4.076000,7.80672684e-03,3.06726840e-04,0.020448,-1.70899060e-05,2.60127348e-03
4.076500,7.80671841e-03,3.06718410e-04,0.020448,-1.68548555e-05,2.60125446e-03
4.077000,7.80671010e-03,3.06710100e-04,0.020447,-1.66245416e-05,2.60123552e-03
4.077500,7.80670190e-03,3.06701900e-04,0.020447,-1.63990244e-05,2.60121790e-03
4.078000,7.80669381e-03,3.06693810e-04,0.020446,-1.61781748e-05,2.60120094e-03
4.078500,7.80668583e-03,3.06685830e-04,0.020446,-1.59617185e-05,2.60118430e-03
4.079000,7.80667795e-03,3.06677950e-04,0.020445,-1.57495184e-05,2.60116757e-03
4.079500,7.80667018e-03,3.06670180e-04,0.020445,-1.55415302e-05,2.60115109e-03
4.080000,7.80666251e-03,3.06662510e-04,0.020444,-1.53377467e-05,2.60113503e-03
4.080500,7.80665494e-03,3.06654940e-04,0.020444,-1.51380897e-05,2.60111948e-03
4.081000,7.80664747e-03,3.06647470e-04,0.020443,-1.49424456e-05,2.60110426e-03
4.081500,7.80664010e-03,3.06640100e-04,0.020443,-1.47507007e-05,2.60108929e-03
4.082000,7.80663282e-03,3.06632820e-04,0.020442,-1.45627787e-05,2.60107455e-03
4.082500,7.80662563e-03,3.06625630e-04,0.020442,-1.43786174e-05,2.60106013e-03
4.083000,7.80661853e-03,3.06618530e-04,0.020441,-1.41981511e-05,2.60104604e-03
4.083500,7.80661152e-03,3.06611520e-04,0.020441,-1.40212989e-05,2.60103227e-03
4.084000,7.80660459e-03,3.06604590e-04,0.020440,-1.38479780e-05,2.60101877e-03
4.084500,7.80659775e-03,3.06597750e-04,0.020440,-1.36781118e-05,2.60100554e-03
4.085000,7.80659100e-03,3.06591000e-04,0.020439,-1.35116320e-05,2.60099257e-03
4.085500,7.80658432e-03,3.06584320e-04,0.020439,-1.33484719e-05,2.60097988e-03
4.086000,7.80657773e-03,3.06577730e-04,0.020439,-1.31885631e-05,2.60096746e-03
4.086500,7.80657121e-03,3.06571210e-04,0.020438,-1.30318356e-05,2.60095531e-03
4.087000,7.80656477e-03,3.06564770e-04,0.020438,-1.28782217e-05,2.60094341e-03
4.087500,7.80655841e-03,3.06558410e-04,0.020437,-1.27276563e-05,2.60093175e-03
4.088000,7.80655212e-03,3.06552120e-04,0.020437,-1.25800764e-05,2.60092033e-03
4.088500,7.80654590e-03,3.06545900e-04,0.020436,-1.24354201e-05,2.60090916e-03
4.089000,7.80653976e-03,3.06539760e-04,0.020436,-1.22936255e-05,2.60089823e-03
4.089500,7.80653368e-03,3.06533680e-04,0.020436,-1.21546322e-05,2.60088752e-03
4.090000,7.80652767e-03,3.06527670e-04,0.020435,-1.20183810e-05,2.60087704e-03
4.090500,7.80652173e-03,3.06521730e-04,0.020435,-1.18848143e-05,2.60086678e-03
4.091000,7.80651585e-03,3.06515850e-04,0.020434,-1.17538758e-05,2.60085674e-03
4.091500,7.80651004e-03,3.06510040e-04,0.020434,-1.16255100e-05,2.60084691e-03
4.092000,7.80650429e-03,3.06504290e-04,0.020434,-1.14996626e-05,2.60083729e-03
4.092500,7.80649860e-03,3.06498600e-04,0.020433,-1.13762804e-05,2.60082787e-03
4.093000,7.80649297e-03,3.06492970e-04,0.020433,-1.12553113e-05,2.60081864e-03
4.093500,7.80648740e-03,3.06487400e-04,0.020432,-1.11367045e-05,2.60080962e-03
4.094000,7.80648189e-03,3.06481890e-04,0.020432,-1.10204102e-05,2.60080078e-03
4.094500,7.80647644e-03,3.06476440e-04,0.020432,-1.09063795e-05,2.60079213e-03
4.095000,7.80647104e-03,3.06471040e-04,0.020431,-1.07945646e-05,2.60078366e-03
4.095500,7.80646570e-03,3.06465700e-04,0.020431,-1.06849188e-05,2.60077537e-03
4.096000,7.80646041e-03,3.06460410e-04,0.020431,-1.05773963e-05,2.60076726e-03
4.096500,7.80645518e-03,3.06455180e-04,0.020430,-1.04719525e-05,2.60075932e-03
4.097000,7.80644999e-03,3.06449990e-04,0.020430,-1.03685434e-05,2.60075154e-03
4.097500,7.80644486e-03,3.06444860e-04,0.020430,-1.02671263e-05,2.60074393e-03
4.098000,7.80643977e-03,3.06439770e-04,0.020429,-1.01676591e-05,2.60073647e-03
4.098500,7.80643474e-03,3.06434740e-04,0.020429,-1.00701010e-05,2.60072918e-03
4.099000,7.80642975e-03,3.06429750e-04,0.020429,-9.97441176e-06,2.60072204e-03
4.099500,7.80642481e-03,3.06424810e-04,0.020428,-9.88055216e-06,2.60071504e-03
4.100000,7.80641992e-03,3.06419920e-04,0.020428,-9.78848379e-06,2.60070820e-03
4.100500,7.80641507e-03,3.06415070e-04,0.020428,-9.69816911e-06,2.60070149e-03
4.101000,7.80641026e-03,3.06410260e-04,0.020427,-9.60957139e-06,2.60069493e-03
4.101500,7.80640550e-03,3.06405500e-04,0.020427,-9.52265470e-06,2.60068850e-03
4.102000,7.80640078e-03,3.06400780e-04,0.020427,-9.43738390e-06,2.60068221e-03
4.102500,7.80639611e-03,3.06396110e-04,0.020426,-9.35372462e-06,2.60067605e-03
4.103000,7.80639147e-03,3.06391470e-04,0.020426,-9.27164325e-06,2.60067002e-03
4.103500,7.80638687e-03,3.06386870e-04,0.020426,-9.19110691e-06,2.60066411e-03
4.104000,7.80638232e-03,3.06382320e-04,0.020425,-9.11208344e-06,2.60065833e-03
4.104500,7.80637780e-03,3.06377800e-04,0.020425,-9.03454139e-06,2.60065266e-03
4.105000,7.80637332e-03,3.06373320e-04,0.020425,-8.95845001e-06,2.60064712e-03
4.105500,7.80636888e-03,3.06368880e-04,0.020425,-8.88377921e-06,2.60064168e-03
4.106000,7.80636447e-03,3.06364470e-04,0.020424,-8.81049958e-06,2.60063636e-03
4.106500,7.80636011e-03,3.06360110e-04,0.020424,-8.73858233e-06,2.60063115e-03
4.107000,7.80635577e-03,3.06355770e-04,0.020424,-8.66799932e-06,2.60062605e-03
4.107500,7.80635147e-03,3.06351470e-04,0.020423,-8.59872303e-06,2.60062105e-03
4.108000,7.80634721e-03,3.06347210e-04,0.020423,-8.53072654e-06,2.60061616e-03
4.108500,7.80634297e-03,3.06342970e-04,0.020423,-8.46398350e-06,2.60061136e-03
4.109000,7.80633878e-03,3.06338780e-04,0.020423,-8.39846818e-06,2.60060667e-03
4.109500,7.80633461e-03,3.06334610e-04,0.020422,-8.33415537e-06,2.60060207e-03
4.110000,7.80633047e-03,3.06330470e-04,0.020422,-8.27102045e-06,2.60059756e-03
4.110500,7.80632637e-03,3.06326370e-04,0.020422,-8.20903929e-06,2.60059315e-03
4.111000,7.80632229e-03,3.06322290e-04,0.020421,-8.14818835e-06,2.60058882e-03
4.111500,7.80631825e-03,3.06318250e-04,0.020421,-8.08844454e-06,2.60058459e-03
4.112000,7.80631424e-03,3.06314240e-04,0.020421,-8.02978533e-06,2.60058044e-03
4.112500,7.80631025e-03,3.06310250e-04,0.020421,-7.97218864e-06,2.60056546e-03
4.113000,7.80630629e-03,3.06306290e-04,0.020420,-7.91659771e-06,2.60057336e-03
4.113500,7.80630236e-03,3.06302360e-04,0.020420,-7.86276777e-06,2.60057581e-03
4.114000,7.80629846e-03,3.06298460e-04,0.020420,-7.80742418e-06,2.60056797e-03
4.114500,7.80629458e-03,3.06294580e-04,0.020420,-7.75237179e-06,2.60055809e-03
4.115000,7.80629073e-03,3.06290730e-04,0.020419,-7.69948025e-06,2.60055273e-03
4.115500,7.80628691e-03,3.06286910e-04,0.020419,-7.64868436e-06,2.60055176e-03
4.116000,7.80628311e-03,3.06283110e-04,0.020419,-7.59885447e-06,2.60055081e-03
4.116500,7.80627933e-03,3.06279330e-04,0.020419,-7.54926762e-06,2.60054744e-03
4.117000,7.80627558e-03,3.06275580e-04,0.020418,-7.50013499e-06,2.60054261e-03
4.117500,7.80627186e-03,3.06271860e-04,0.020418,-7.45198229e-06,2.60053835e-03
4.118000,7.80626815e-03,3.06268150e-04,0.020418,-7.40499999e-06,2.60053542e-03
4.118500,7.80626447e-03,3.06264470e-04,0.020418,-7.35897558e-06,2.60053303e-03
4.119000,7.80626082e-03,3.06260820e-04,0.020417,-7.31364357e-06,2.60053030e-03
4.119500,7.80625718e-03,3.06257180e-04,0.020417,-7.26894594e-06,2.60052706e-03
4.120000,7.80625357e-03,3.06253570e-04,0.020417,-7.22498445e-06,2.60052378e-03
4.120500,7.80624998e-03,3.06249980e-04,0.020417,-7.18184434e-06,2.60052083e-03
4.121000,7.80624641e-03,3.06246410e-04,0.020416,-7.13950272e-06,2.60051816e-03
4.121500,7.80624286e-03,3.06242860e-04,0.020416,-7.09788266e-06,2.60051552e-03
4.122000,7.80623933e-03,3.06239330e-04,0.020416,-7.05693381e-06,2.60051281e-03
4.122500,7.80623582e-03,3.06235820e-04,0.020416,-7.01665785e-06,2.60051006e-03
4.123000,7.80623233e-03,3.06232330e-04,0.020415,-6.97707137e-06,2.60050739e-03
4.123500,7.80622887e-03,3.06228870e-04,0.020415,-6.93817227e-06,2.60050484e-03
4.124000,7.80622542e-03,3.06225420e-04,0.020415,-6.89993636e-06,2.60050236e-03
4.124500,7.80622198e-03,3.06221980e-04,0.020415,-6.86233833e-06,2.60049991e-03
4.125000,7.80621857e-03,3.06218570e-04,0.020415,-6.82536422e-06,2.60049747e-03
4.125500,7.80621518e-03,3.06215180e-04,0.020414,-6.78900914e-06,2.60049507e-03
4.126000,7.80621180e-03,3.06211800e-04,0.020414,-6.75326664e-06,2.60049273e-03
4.126500,7.80620844e-03,3.06208440e-04,0.020414,-6.71812486e-06,2.60049045e-03
4.127000,7.80620510e-03,3.06205100e-04,0.020414,-6.68356910e-06,2.60048820e-03
4.127500,7.80620178e-03,3.06201780e-04,0.020413,-6.64958670e-06,2.60048599e-03
4.128000,7.80619847e-03,3.06198470e-04,0.020413,-6.61616785e-06,2.60048382e-03
4.128500,7.80619518e-03,3.06195180e-04,0.020413,-6.58330375e-06,2.60048169e-03
4.129000,7.80619190e-03,3.06191900e-04,0.020413,-6.55098458e-06,2.60046898e-03
4.129500,7.80618864e-03,3.06188640e-04,0.020413,-6.52013881e-06,2.60047790e-03
4.130000,7.80618539e-03,3.06185390e-04,0.020412,-6.49059115e-06,2.60048316e-03
4.130500,7.80618216e-03,3.06182160e-04,0.020412,-6.45911414e-06,2.60047707e-03
4.131000,7.80617895e-03,3.06178950e-04,0.020412,-6.42731262e-06,2.60046912e-03
4.131500,7.80617575e-03,3.06175750e-04,0.020412,-6.39721376e-06,2.60046522e-03
4.132000,7.80617257e-03,3.06172570e-04,0.020412,-6.36876556e-06,2.60046601e-03
4.132500,7.80616940e-03,3.06169400e-04,0.020411,-6.34088818e-06,2.60046676e-03
4.133000,7.80616624e-03,3.06166240e-04,0.020411,-6.31281484e-06,2.60046516e-03
4.133500,7.80616310e-03,3.06163100e-04,0.020411,-6.28475989e-06,2.60046192e-03
4.134000,7.80615997e-03,3.06159970e-04,0.020411,-6.25725307e-06,2.60045922e-03
4.134500,7.80615686e-03,3.06156860e-04,0.020410,-6.23051669e-06,2.60045780e-03
4.135000,7.80615375e-03,3.06153750e-04,0.020410,-6.20434951e-06,2.60045694e-03
4.135500,7.80615066e-03,3.06150660e-04,0.020410,-6.17849293e-06,2.60045569e-03
4.136000,7.80614759e-03,3.06147590e-04,0.020410,-6.15288759e-06,2.60045392e-03
4.136500,7.80614452e-03,3.06144520e-04,0.020410,-6.12764312e-06,2.60045206e-03
4.137000,7.80614147e-03,3.06141470e-04,0.020409,-6.10285471e-06,2.60045048e-03
4.137500,7.80613843e-03,3.06138430e-04,0.020409,-6.07851099e-06,2.60044917e-03
4.138000,7.80613541e-03,3.06135410e-04,0.020409,-6.05454199e-06,2.60044787e-03
4.138500,7.80613239e-03,3.06132390e-04,0.020409,-6.03090329e-06,2.60044646e-03
4.139000,7.80612939e-03,3.06129390e-04,0.020409,-6.00760224e-06,2.60044499e-03
4.139500,7.80612639e-03,3.06126390e-04,0.020408,-5.98466294e-06,2.60044357e-03
4.140000,7.80612341e-03,3.06123410e-04,0.020408,-5.96209081e-06,2.60044225e-03
4.140500,7.80612044e-03,3.06120440e-04,0.020408,-5.93986878e-06,2.60044097e-03
4.141000,7.80611748e-03,3.06117480e-04,0.020408,-5.91797766e-06,2.60043969e-03
4.141500,7.80611454e-03,3.06114540e-04,0.020408,-5.89640951e-06,2.60043840e-03
4.142000,7.80611160e-03,3.06111600e-04,0.020407,-5.87516550e-06,2.60043713e-03
4.142500,7.80610867e-03,3.06108670e-04,0.020407,-5.85424547e-06,2.60043589e-03
4.143000,7.80610575e-03,3.06105750e-04,0.020407,-5.83364361e-06,2.60043469e-03
4.143500,7.80610285e-03,3.06102850e-04,0.020407,-5.81335102e-06,2.60043351e-03
4.144000,7.80609995e-03,3.06099950e-04,0.020407,-5.79336062e-06,2.60043233e-03
4.144500,7.80609706e-03,3.06097060e-04,0.020406,-5.77366806e-06,2.60043118e-03
4.145000,7.80609419e-03,3.06094190e-04,0.020406,-5.75426998e-06,2.60043004e-03
4.145500,7.80609132e-03,3.06091320e-04,0.020406,-5.73516190e-06,2.60042893e-03
4.146000,7.80608846e-03,3.06088460e-04,0.020406,-5.71633828e-06,2.60042784e-03
4.146500,7.80608561e-03,3.06085610e-04,0.020406,-5.69779352e-06,2.60042677e-03
4.147000,7.80608277e-03,3.06082770e-04,0.020406,-5.67952278e-06,2.60042571e-03
4.147500,7.80607994e-03,3.06079940e-04,0.020405,-5.66152171e-06,2.60042467e-03
4.148000,7.80607712e-03,3.06077120e-04,0.020405,-5.64378595e-06,2.60042365e-03
4.148500,7.80607431e-03,3.06074310e-04,0.020405,-5.62631090e-06,2.60042265e-03
4.149000,7.80607150e-03,3.06071500e-04,0.020405,-5.60909184e-06,2.60042167e-03
4.149500,7.80606871e-03,3.06068710e-04,0.020405,-5.59212426e-06,2.60042070e-03
4.150000,7.80606592e-03,3.06065920e-04,0.020404,-5.57540383e-06,2.60041975e-03
4.150500,7.80606314e-03,3.06063140e-04,0.020404,-5.55892634e-06,2.60041882e-03
4.151000,7.80606037e-03,3.06060370e-04,0.020404,-5.54268759e-06,2.60041790e-03
4.151500,7.80605760e-03,3.06057600e-04,0.020404,-5.52668336e-06,2.60041700e-03
4.152000,7.80605485e-03,3.06054850e-04,0.020404,-5.51090953e-06,2.60041611e-03
4.152500,7.80605210e-03,3.06052100e-04,0.020403,-5.49536205e-06,2.60041524e-03
4.153000,7.80604936e-03,3.06049360e-04,0.020403,-5.48003698e-06,2.60041439e-03
4.153500,7.80604663e-03,3.06046630e-04,0.020403,-5.46493042e-06,2.60041355e-03
4.154000,7.80604390e-03,3.06043900e-04,0.020403,-5.45003853e-06,2.60041272e-03
4.154500,7.80604119e-03,3.06041190e-04,0.020403,-5.43535752e-06,2.60041191e-03
4.155000,7.80603848e-03,3.06038480e-04,0.020403,-5.42088367e-06,2.60041111e-03
4.155500,7.80603577e-03,3.06035770e-04,0.020402,-5.40661333e-06,2.60041033e-03
4.156000,7.80603308e-03,3.06033080e-04,0.020402,-5.39254292e-06,2.60040956e-03
4.156500,7.80603039e-03,3.06030390e-04,0.020402,-5.37866890e-06,2.60040881e-03
4.157000,7.80602770e-03,3.06027700e-04,0.020402,-5.36498782e-06,2.60040807e-03
4.157500,7.80602503e-03,3.06025030e-04,0.020402,-5.35149624e-06,2.60040734e-03
4.158000,7.80602236e-03,3.06022360e-04,0.020401,-5.33819083e-06,2.60040662e-03
4.158500,7.80601970e-03,3.06019700e-04,0.020401,-5.32506830e-06,2.60040592e-03
4.159000,7.80601704e-03,3.06017040e-04,0.020401,-5.31212540e-06,2.60040523e-03
4.159500,7.80601439e-03,3.06014390e-04,0.020401,-5.29935896e-06,2.60040455e-03
4.160000,7.80601175e-03,3.06011750e-04,0.020401,-5.28676585e-06,2.60040389e-03
4.160500,7.80600911e-03,3.06009110e-04,0.020401,-5.27434301e-06,2.60040323e-03
4.161000,7.80600648e-03,3.06006480e-04,0.020400,-5.26208743e-06,2.60040259e-03
4.161500,7.80600385e-03,3.06003850e-04,0.020400,-5.24999614e-06,2.60040196e-03
4.162000,7.80600124e-03,3.06001240e-04,0.020400,-5.23806624e-06,2.60040134e-03
4.162500,7.80599862e-03,3.05998620e-04,0.020400,-5.22629486e-06,2.60040073e-03
4.163000,7.80599601e-03,3.05996010e-04,0.020400,-5.21467922e-06,2.60040013e-03
4.163500,7.80599341e-03,3.05993410e-04,0.020400,-5.20321654e-06,2.60039954e-03
4.164000,7.80599082e-03,3.05990820e-04,0.020399,-5.19190413e-06,2.60039896e-03
4.164500,7.80598823e-03,3.05988230e-04,0.020399,-5.18073934e-06,2.60039840e-03
4.165000,7.80598564e-03,3.05985640e-04,0.020399,-5.16971954e-06,2.60039784e-03
4.165500,7.80598306e-03,3.05983060e-04,0.020399,-5.15884218e-06,2.60039729e-03
4.166000,7.80598049e-03,3.05980490e-04,0.020399,-5.14810475e-06,2.60039675e-03
4.166500,7.80597792e-03,3.05977920e-04,0.020399,-5.13750477e-06,2.60039623e-03
4.167000,7.80597536e-03,3.05975360e-04,0.020398,-5.12703983e-06,2.60039571e-03
4.167500,7.80597280e-03,3.05972800e-04,0.020398,-5.11670753e-06,2.60039520e-03
4.168000,7.80597024e-03,3.05970240e-04,0.020398,-5.10650554e-06,2.60039470e-03
4.168500,7.80596770e-03,3.05967700e-04,0.020398,-5.09643156e-06,2.60039420e-03
4.169000,7.80596515e-03,3.05965150e-04,0.020398,-5.08648335e-06,2.60039372e-03
4.169500,7.80596261e-03,3.05962610e-04,0.020398,-5.07665869e-06,2.60039325e-03
4.170000,7.80596008e-03,3.05960080e-04,0.020397,-5.06695540e-06,2.60039278e-03
4.170500,7.80595755e-03,3.05957550e-04,0.020397,-5.05737135e-06,2.60039232e-03
4.171000,7.80595503e-03,3.05955030e-04,0.020397,-5.04790445e-06,2.60039187e-03
4.171500,7.80595251e-03,3.05952510e-04,0.020397,-5.03855265e-06,2.60039143e-03
4.172000,7.80594999e-03,3.05949990e-04,0.020397,-5.02931391e-06,2.60039099e-03
4.172500,7.80594748e-03,3.05947480e-04,0.020396,-5.02018627e-06,2.60039057e-03
4.173000,7.80594498e-03,3.05944980e-04,0.020396,-5.01116778e-06,2.60039015e-03
4.173500,7.80594248e-03,3.05942480e-04,0.020396,-5.00225652e-06,2.60038973e-03
4.174000,7.80593998e-03,3.05939980e-04,0.020396,-4.99345062e-06,2.60038933e-03
4.174500,7.80593749e-03,3.05937490e-04,0.020396,-4.98474824e-06,2.60038893e-03
4.175000,7.80593500e-03,3.05935000e-04,0.020396,-4.97614757e-06,2.60038854e-03
4.175500,7.80593252e-03,3.05932520e-04,0.020396,-4.96764684e-06,2.60038816e-03
4.176000,7.80593004e-03,3.05930040e-04,0.020395,-4.95924430e-06,2.60038778e-03
4.176500,7.80592756e-03,3.05927560e-04,0.020395,-4.95093825e-06,2.60038741e-03
4.177000,7.80592509e-03,3.05925090e-04,0.020395,-4.94272700e-06,2.60038704e-03
4.177500,7.80592262e-03,3.05922620e-04,0.020395,-4.93460891e-06,2.60038668e-03
4.178000,7.80592016e-03,3.05920160e-04,0.020395,-4.92658236e-06,2.60038633e-03
4.178500,7.80591770e-03,3.05917700e-04,0.020395,-4.91864575e-06,2.60038599e-03
4.179000,7.80591525e-03,3.05915250e-04,0.020394,-4.91079753e-06,2.60038565e-03
4.179500,7.80591279e-03,3.05912790e-04,0.020394,-4.90303617e-06,2.60038531e-03
4.180000,7.80591035e-03,3.05910350e-04,0.020394,-4.89536016e-06,2.60038498e-03
4.180500,7.80590790e-03,3.05907900e-04,0.020394,-4.88776803e-06,2.60038466e-03
4.181000,7.80590546e-03,3.05905460e-04,0.020394,-4.88025832e-06,2.60038434e-03
4.181500,7.80590303e-03,3.05903030e-04,0.020394,-4.87282962e-06,2.60038403e-03
4.182000,7.80590059e-03,3.05900590e-04,0.020393,-4.86548053e-06,2.60038373e-03
4.182500,7.80589816e-03,3.05898160e-04,0.020393,-4.85820967e-06,2.60038343e-03
4.183000,7.80589574e-03,3.05895740e-04,0.020393,-4.85101570e-06,2.60038313e-03
4.183500,7.80589332e-03,3.05893320e-04,0.020393,-4.84389729e-06,2.60038284e-03
4.184000,7.80589090e-03,3.05890900e-04,0.020393,-4.83685315e-06,2.60038255e-03
4.184500,7.80588848e-03,3.05888480e-04,0.020393,-4.82988201e-06,2.60038227e-03
4.185000,7.80588607e-03,3.05886070e-04,0.020392,-4.82298260e-06,2.60038200e-03
4.185500,7.80588366e-03,3.05883660e-04,0.020392,-4.81615371e-06,2.60038173e-03
4.186000,7.80588126e-03,3.05881260e-04,0.020392,-4.80939413e-06,2.60038146e-03
4.186500,7.80587886e-03,3.05878860e-04,0.020392,-4.80270267e-06,2.60038120e-03
4.187000,7.80587646e-03,3.05876460e-04,0.020392,-4.79607817e-06,2.60038094e-03
4.187500,7.80587406e-03,3.05874060e-04,0.020392,-4.78951948e-06,2.60038069e-03
4.188000,7.80587167e-03,3.05871670e-04,0.020391,-4.78302549e-06,2.60038044e-03
4.188500,7.80586928e-03,3.05869280e-04,0.020391,-4.77659510e-06,2.60038019e-03
4.189000,7.80586690e-03,3.05866900e-04,0.020391,-4.77022722e-06,2.60037995e-03
4.189500,7.80586452e-03,3.05864520e-04,0.020391,-4.76392080e-06,2.60037971e-03
4.190000,7.80586214e-03,3.05862140e-04,0.020391,-4.75767479e-06,2.60037948e-03
4.190500,7.80585976e-03,3.05859760e-04,0.020391,-4.75148817e-06,2.60037925e-03
4.191000,7.80585739e-03,3.05857390e-04,0.020390,-4.74535993e-06,2.60037903e-03
4.191500,7.80585502e-03,3.05855020e-04,0.020390,-4.73928910e-06,2.60037881e-03
4.192000,7.80585265e-03,3.05852650e-04,0.020390,-4.73327469e-06,2.60037859e-03
4.192500,7.80585029e-03,3.05850290e-04,0.020390,-4.72731576e-06,2.60037838e-03
4.193000,7.80584793e-03,3.05847930e-04,0.020390,-4.72141138e-06,2.60037817e-03
4.193500,7.80584557e-03,3.05845570e-04,0.020390,-4.71556062e-06,2.60037796e-03
4.194000,7.80584322e-03,3.05843220e-04,0.020390,-4.70976260e-06,2.60037776e-03
4.194500,7.80584087e-03,3.05840870e-04,0.020389,-4.70401642e-06,2.60037756e-03
4.195000,7.80583852e-03,3.05838520e-04,0.020389,-4.69832122e-06,2.60037736e-03
4.195500,7.80583617e-03,3.05836170e-04,0.020389,-4.69267615e-06,2.60037717e-03
4.196000,7.80583383e-03,3.05833830e-04,0.020389,-4.68708036e-06,2.60037698e-03
4.196500,7.80583149e-03,3.05831490e-04,0.020389,-4.68153304e-06,2.60037679e-03
4.197000,7.80582915e-03,3.05829150e-04,0.020389,-4.67603339e-06,2.60037661e-03
4.197500,7.80582681e-03,3.05826810e-04,0.020388,-4.67058060e-06,2.60037643e-03
4.198000,7.80582448e-03,3.05824480e-04,0.020388,-4.66517390e-06,2.60037625e-03
4.198500,7.80582215e-03,3.05822150e-04,0.020388,-4.65981253e-06,2.60037608e-03
4.199000,7.80581982e-03,3.05819820e-04,0.020388,-4.65449574e-06,2.60037591e-03
4.199500,7.80581750e-03,3.05817500e-04,0.020388,-4.64922279e-06,2.60037574e-03
4.200000,7.80581518e-03,3.05815180e-04,0.020388,-4.64399295e-06,2.60037557e-03
4.200500,7.80581286e-03,3.05812860e-04,0.020388,-4.63880553e-06,2.60037541e-03
4.201000,7.80581054e-03,3.05810540e-04,0.020387,-4.63365982e-06,2.60037525e-03
4.201500,7.80580823e-03,3.05808230e-04,0.020387,-4.62855513e-06,2.60037509e-03
4.202000,7.80580591e-03,3.05805910e-04,0.020387,-4.62349080e-06,2.60037493e-03
4.202500,7.80580360e-03,3.05803600e-04,0.020387,-4.61846617e-06,2.60037478e-03
4.203000,7.80580130e-03,3.05801300e-04,0.020387,-4.61348058e-06,2.60037463e-03
4.203500,7.80579899e-03,3.05798990e-04,0.020387,-4.60853340e-06,2.60037448e-03
4.204000,7.80579669e-03,3.05796690e-04,0.020386,-4.60362401e-06,2.60037434e-03
4.204500,7.80579439e-03,3.05794390e-04,0.020386,-4.59875179e-06,2.60037419e-03
4.205000,7.80579209e-03,3.05792090e-04,0.020386,-4.59391614e-06,2.60037405e-03
4.205500,7.80578980e-03,3.05789800e-04,0.020386,-4.58911647e-06,2.60037391e-03
4.206000,7.80578751e-03,3.05787510e-04,0.020386,-4.58435219e-06,2.60037378e-03
4.206500,7.80578522e-03,3.05785220e-04,0.020386,-4.57962275e-06,2.60037364e-03
4.207000,7.80578293e-03,3.05782930e-04,0.020386,-4.57492757e-06,2.60037351e-03
4.207500,7.80578065e-03,3.05780650e-04,0.020385,-4.57026610e-06,2.60037338e-03
4.208000,7.80577836e-03,3.05778360e-04,0.020385,-4.56563782e-06,2.60037325e-03
4.208500,7.80577608e-03,3.05776080e-04,0.020385,-4.56104218e-06,2.60037313e-03
4.209000,7.80577380e-03,3.05773800e-04,0.020385,-4.55647867e-06,2.60037300e-03
4.209500,7.80577153e-03,3.05771530e-04,0.020385,-4.55194677e-06,2.60037288e-03
4.210000,7.80576925e-03,3.05769250e-04,0.020385,-4.54744599e-06,2.60037276e-03
4.210500,7.80576698e-03,3.05766980e-04,0.020384,-4.54297583e-06,2.60037264e-03
4.211000,7.80576471e-03,3.05764710e-04,0.020384,-4.53853580e-06,2.60037253e-03
4.211500,7.80576245e-03,3.05762450e-04,0.020384,-4.53412544e-06,2.60037241e-03
4.212000,7.80576018e-03,3.05760180e-04,0.020384,-4.52974427e-06,2.60037230e-03
4.212500,7.80575792e-03,3.05757920e-04,0.020384,-4.52539183e-06,2.60037219e-03
4.213000,7.80575566e-03,3.05755660e-04,0.020384,-4.52106769e-06,2.60037208e-03
4.213500,7.80575340e-03,3.05753400e-04,0.020384,-4.51677139e-06,2.60037197e-03
4.214000,7.80575114e-03,3.05751140e-04,0.020383,-4.51250249e-06,2.60037187e-03
4.214500,7.80574889e-03,3.05748890e-04,0.020383,-4.50826059e-06,2.60037176e-03
4.215000,7.80574664e-03,3.05746640e-04,0.020383,-4.50404525e-06,2.60037166e-03
4.215500,7.80574439e-03,3.05744390e-04,0.020383,-4.49985607e-06,2.60037156e-03
4.216000,7.80574214e-03,3.05742140e-04,0.020383,-4.49569264e-06,2.60037146e-03
4.216500,7.80573989e-03,3.05739890e-04,0.020383,-4.49155457e-06,2.60037136e-03
4.217000,7.80573765e-03,3.05737650e-04,0.020383,-4.48744147e-06,2.60037127e-03
4.217500,7.80573541e-03,3.05735410e-04,0.020382,-4.48335295e-06,2.60037117e-03
4.218000,7.80573317e-03,3.05733170e-04,0.020382,-4.47928865e-06,2.60037108e-03
4.218500,7.80573093e-03,3.05730930e-04,0.020382,-4.47524819e-06,2.60037099e-03
4.219000,7.80572870e-03,3.05728700e-04,0.020382,-4.47123122e-06,2.60037089e-03
4.219500,7.80572646e-03,3.05726460e-04,0.020382,-4.46723737e-06,2.60037081e-03
4.220000,7.80572423e-03,3.05724230e-04,0.020382,-4.46326631e-06,2.60037072e-03
4.220500,7.80572200e-03,3.05722000e-04,0.020381,-4.45931768e-06,2.60037063e-03
4.221000,7.80571977e-03,3.05719770e-04,0.020381,-4.45539116e-06,2.60037055e-03
4.221500,7.80571755e-03,3.05717550e-04,0.020381,-4.45148641e-06,2.60037046e-03
4.222000,7.80571532e-03,3.05715320e-04,0.020381,-4.44760311e-06,2.60037038e-03
4.222500,7.80571310e-03,3.05713100e-04,0.020381,-4.44374094e-06,2.60037030e-03
4.223000,7.80571088e-03,3.05710880e-04,0.020381,-4.43989960e-06,2.60037022e-03
4.223500,7.80570866e-03,3.05708660e-04,0.020381,-4.43607877e-06,2.60037014e-03
4.224000,7.80570645e-03,3.05706450e-04,0.020380,-4.43227815e-06,2.60037006e-03
4.224500,7.80570423e-03,3.05704230e-04,0.020380,-4.42849745e-06,2.60036998e-03
4.225000,7.80570202e-03,3.05702020e-04,0.020380,-4.42473638e-06,2.60036991e-03
4.225500,7.80569981e-03,3.05699810e-04,0.020380,-4.42099465e-06,2.60036983e-03
4.226000,7.80569760e-03,3.05697600e-04,0.020380,-4.41727198e-06,2.60036976e-03
4.226500,7.80569540e-03,3.05695400e-04,0.020380,-4.41356811e-06,2.60036969e-03
4.227000,7.80569319e-03,3.05693190e-04,0.020380,-4.40988276e-06,2.60036961e-03
4.227500,7.80569099e-03,3.05690990e-04,0.020379,-4.40621567e-06,2.60036954e-03
4.228000,7.80568879e-03,3.05688790e-04,0.020379,-4.40256657e-06,2.60036947e-03
4.228500,7.80568659e-03,3.05686590e-04,0.020379,-4.39893522e-06,2.60036940e-03
4.229000,7.80568439e-03,3.05684390e-04,0.020379,-4.39532135e-06,2.60036934e-03
4.229500,7.80568219e-03,3.05682190e-04,0.020379,-4.39172474e-06,2.60036927e-03
4.230000,7.80568000e-03,3.05680000e-04,0.020379,-4.38814513e-06,2.60036920e-03
4.230500,7.80567781e-03,3.05677810e-04,0.020379,-4.38458229e-06,2.60036914e-03
4.231000,7.80567562e-03,3.05675620e-04,0.020378,-4.38103599e-06,2.60036908e-03
4.231500,7.80567343e-03,3.05673430e-04,0.020378,-4.37750600e-06,2.60036901e-03
4.232000,7.80567124e-03,3.05671240e-04,0.020378,-4.37399209e-06,2.60036895e-03
4.232500,7.80566906e-03,3.05669060e-04,0.020378,-4.37049405e-06,2.60036889e-03
4.233000,7.80566687e-03,3.05666870e-04,0.020378,-4.36701166e-06,2.60036883e-03
4.233500,7.80566469e-03,3.05664690e-04,0.020378,-4.36354471e-06,2.60036877e-03
4.234000,7.80566251e-03,3.05662510e-04,0.020378,-4.36009299e-06,2.60036871e-03
4.234500,7.80566033e-03,3.05660330e-04,0.020377,-4.35665629e-06,2.60036865e-03
4.235000,7.80565815e-03,3.05658150e-04,0.020377,-4.35323442e-06,2.60036859e-03
4.235500,7.80565598e-03,3.05655980e-04,0.020377,-4.34982718e-06,2.60036854e-03
4.236000,7.80565381e-03,3.05653810e-04,0.020377,-4.34643438e-06,2.60036848e-03
4.236500,7.80565164e-03,3.05651640e-04,0.020377,-4.34305583e-06,2.60036843e-03
4.237000,7.80564947e-03,3.05649470e-04,0.020377,-4.33969133e-06,2.60036837e-03
4.237500,7.80564730e-03,3.05647300e-04,0.020376,-4.33634072e-06,2.60036832e-03
4.238000,7.80564513e-03,3.05645130e-04,0.020376,-4.33300380e-06,2.60036827e-03
4.238500,7.80564297e-03,3.05642970e-04,0.020376,-4.32968041e-06,2.60036821e-03
4.239000,7.80564080e-03,3.05640800e-04,0.020376,-4.32637037e-06,2.60036816e-03
4.239500,7.80563864e-03,3.05638640e-04,0.020376,-4.32307351e-06,2.60036811e-03
4.240000,7.80563648e-03,3.05636480e-04,0.020376,-4.31978967e-06,2.60036806e-03
4.240500,7.80563432e-03,3.05634320e-04,0.020376,-4.31651868e-06,2.60036801e-03
4.241000,7.80563217e-03,3.05632170e-04,0.020375,-4.31326039e-06,2.60036796e-03
4.241500,7.80563001e-03,3.05630010e-04,0.020375,-4.31001463e-06,2.60036791e-03
4.242000,7.80562786e-03,3.05627860e-04,0.020375,-4.30678124e-06,2.60036786e-03
4.242500,7.80562571e-03,3.05625710e-04,0.020375,-4.30356009e-06,2.60036782e-03
4.243000,7.80562356e-03,3.05623560e-04,0.020375,-4.30035102e-06,2.60036777e-03
4.243500,7.80562141e-03,3.05621410e-04,0.020375,-4.29715389e-06,2.60036772e-03
4.244000,7.80561926e-03,3.05619260e-04,0.020375,-4.29396855e-06,2.60036768e-03
4.244500,7.80561712e-03,3.05617120e-04,0.020374,-4.29079486e-06,2.60036763e-03
4.245000,7.80561497e-03,3.05614970e-04,0.020374,-4.28763268e-06,2.60036759e-03
4.245500,7.80561283e-03,3.05612830e-04,0.020374,-4.28448188e-06,2.60036754e-03
4.246000,7.80561069e-03,3.05610690e-04,0.020374,-4.28134233e-06,2.60036750e-03
4.246500,7.80560855e-03,3.05608550e-04,0.020374,-4.27821389e-06,2.60036746e-03
4.247000,7.80560641e-03,3.05606410e-04,0.020374,-4.27509644e-06,2.60036741e-03
4.247500,7.80560428e-03,3.05604280e-04,0.020374,-4.27198985e-06,2.60036737e-03
4.248000,7.80560214e-03,3.05602140e-04,0.020373,-4.26889400e-06,2.60036733e-03
4.248500,7.80560001e-03,3.05600010e-04,0.020373,-4.26580877e-06,2.60036729e-03
4.249000,7.80559788e-03,3.05597880e-04,0.020373,-4.26273404e-06,2.60036725e-03
4.249500,7.80559575e-03,3.05595750e-04,0.020373,-4.25966969e-06,2.60036721e-03
4.250000,7.80559362e-03,3.05593620e-04,0.020373,-4.25661561e-06,2.60036717e-03
4.250500,7.80559149e-03,3.05591490e-04,0.020373,-4.25357169e-06,2.60036713e-03
4.251000,7.80558937e-03,3.05589370e-04,0.020373,-4.25053781e-06,2.60036709e-03
4.251500,7.80558724e-03,3.05587240e-04,0.020372,-4.24751387e-06,2.60036705e-03
4.252000,7.80558512e-03,3.05585120e-04,0.020372,-4.24449977e-06,2.60036701e-03
4.252500,7.80558300e-03,3.05583000e-04,0.020372,-4.24149539e-06,2.60036697e-03
4.253000,7.80558088e-03,3.05580880e-04,0.020372,-4.23850064e-06,2.60036694e-03
4.253500,7.80557876e-03,3.05578760e-04,0.020372,-4.23551542e-06,2.60036690e-03
4.254000,7.80557665e-03,3.05576650e-04,0.020372,-4.23253963e-06,2.60036686e-03
4.254500,7.80557453e-03,3.05574530e-04,0.020372,-4.22957316e-06,2.60036683e-03
4.255000,7.80557242e-03,3.05572420e-04,0.020371,-4.22661594e-06,2.60036679e-03
4.255500,7.80557031e-03,3.05570310e-04,0.020371,-4.22366786e-06,2.60036675e-03
4.256000,7.80556820e-03,3.05568200e-04,0.020371,-4.22072884e-06,2.60036672e-03
4.256500,7.80556609e-03,3.05566090e-04,0.020371,-4.21779878e-06,2.60036668e-03
4.257000,7.80556398e-03,3.05563980e-04,0.020371,-4.21487760e-06,2.60036665e-03
4.257500,7.80556187e-03,3.05561870e-04,0.020371,-4.21196521e-06,2.60036662e-03
4.258000,7.80555977e-03,3.05559770e-04,0.020371,-4.20906153e-06,2.60036658e-03
4.258500,7.80555767e-03,3.05557670e-04,0.020371,-4.20616647e-06,2.60036655e-03
4.259000,7.80555556e-03,3.05555560e-04,0.020370,-4.20327995e-06,2.60036652e-03
4.259500,7.80555346e-03,3.05553460e-04,0.020370,-4.20040190e-06,2.60036648e-03
4.260000,7.80555137e-03,3.05551370e-04,0.020370,-4.19753223e-06,2.60036645e-03
4.260500,7.80554927e-03,3.05549270e-04,0.020370,-4.19467088e-06,2.60036642e-03
4.261000,7.80554717e-03,3.05547170e-04,0.020370,-4.19181775e-06,2.60036638e-03
4.261500,7.80554508e-03,3.05545080e-04,0.020370,-4.18897279e-06,2.60036635e-03
4.262000,7.80554299e-03,3.05542990e-04,0.020370,-4.18613591e-06,2.60036632e-03
4.262500,7.80554089e-03,3.05540890e-04,0.020369,-4.18330705e-06,2.60036629e-03
4.263000,7.80553880e-03,3.05538800e-04,0.020369,-4.18048613e-06,2.60036626e-03
4.263500,7.80553671e-03,3.05536710e-04,0.020369,-4.17767309e-06,2.60036623e-03
4.264000,7.80553463e-03,3.05534630e-04,0.020369,-4.17486787e-06,2.60036620e-03
4.264500,7.80553254e-03,3.05532540e-04,0.020369,-4.17207039e-06,2.60036617e-03
4.265000,7.80553046e-03,3.05530460e-04,0.020369,-4.16928058e-06,2.60036614e-03
4.265500,7.80552837e-03,3.05528370e-04,0.020369,-4.16649840e-06,2.60036611e-03
4.266000,7.80552629e-03,3.05526290e-04,0.020368,-4.16372377e-06,2.60036608e-03
4.266500,7.80552421e-03,3.05524210e-04,0.020368,-4.16095664e-06,2.60036605e-03
4.267000,7.80552213e-03,3.05522130e-04,0.020368,-4.15819694e-06,2.60036602e-03
4.267500,7.80552005e-03,3.05520050e-04,0.020368,-4.15544461e-06,2.60036599e-03
4.268000,7.80551798e-03,3.05517980e-04,0.020368,-4.15269960e-06,2.60036596e-03
4.268500,7.80551590e-03,3.05515900e-04,0.020368,-4.14996186e-06,2.60036593e-03
4.269000,7.80551383e-03,3.05513830e-04,0.020368,-4.14723132e-06,2.60036591e-03
4.269500,7.80551176e-03,3.05511760e-04,0.020367,-4.14450793e-06,2.60036588e-03
4.270000,7.80550969e-03,3.05509690e-04,0.020367,-4.14179164e-06,2.60036585e-03
4.270500,7.80550762e-03,3.05507620e-04,0.020367,-4.13908240e-06,2.60036582e-03
4.271000,7.80550555e-03,3.05505550e-04,0.020367,-4.13638015e-06,2.60036580e-03
4.271500,7.80550348e-03,3.05503480e-04,0.020367,-4.13368484e-06,2.60036577e-03
4.272000,7.80550142e-03,3.05501420e-04,0.020367,-4.13099643e-06,2.60036574e-03
4.272500,7.80549935e-03,3.05499350e-04,0.020367,-4.12831487e-06,2.60036571e-03
4.273000,7.80549729e-03,3.05497290e-04,0.020366,-4.12564010e-06,2.60036569e-03
4.273500,7.80549523e-03,3.05495230e-04,0.020366,-4.12297209e-06,2.60036566e-03
4.274000,7.80549317e-03,3.05493170e-04,0.020366,-4.12031078e-06,2.60036564e-03
4.274500,7.80549111e-03,3.05491110e-04,0.020366,-4.11765613e-06,2.60036561e-03
4.275000,7.80548905e-03,3.05489050e-04,0.020366,-4.11500811e-06,2.60036558e-03
4.275500,7.80548699e-03,3.05486990e-04,0.020366,-4.11236665e-06,2.60036556e-03
4.276000,7.80548494e-03,3.05484940e-04,0.020366,-4.10973173e-06,2.60036553e-03
4.276500,7.80548289e-03,3.05482890e-04,0.020366,-4.10710329e-06,2.60036551e-03
4.277000,7.80548083e-03,3.05480830e-04,0.020365,-4.10448131e-06,2.60036548e-03
4.277500,7.80547878e-03,3.05478780e-04,0.020365,-4.10186573e-06,2.60036546e-03
4.278000,7.80547673e-03,3.05476730e-04,0.020365,-4.09925653e-06,2.60036543e-03
4.278500,7.80547468e-03,3.05474680e-04,0.020365,-4.09665366e-06,2.60036541e-03
4.279000,7.80547264e-03,3.05472640e-04,0.020365,-4.09405707e-06,2.60036538e-03
4.279500,7.80547059e-03,3.05470590e-04,0.020365,-4.09146675e-06,2.60036536e-03
4.280000,7.80546855e-03,3.05468550e-04,0.020365,-4.08888264e-06,2.60036533e-03
4.280500,7.80546650e-03,3.05466500e-04,0.020364,-4.08630472e-06,2.60036531e-03
4.281000,7.80546446e-03,3.05464460e-04,0.020364,-4.08373295e-06,2.60036528e-03
4.281500,7.80546242e-03,3.05462420e-04,0.020364,-4.08116729e-06,2.60036526e-03
4.282000,7.80546038e-03,3.05460380e-04,0.020364,-4.07860771e-06,2.60036524e-03
4.282500,7.80545834e-03,3.05458340e-04,0.020364,-4.07605418e-06,2.60036521e-03
4.283000,7.80545631e-03,3.05456310e-04,0.020364,-4.07350667e-06,2.60036519e-03
4.283500,7.80545427e-03,3.05454270e-04,0.020364,-4.07096513e-06,2.60036517e-03
4.284000,7.80545224e-03,3.05452240e-04,0.020363,-4.06842955e-06,2.60036514e-03
4.284500,7.80545021e-03,3.05450210e-04,0.020363,-4.06589989e-06,2.60036512e-03
4.285000,7.80544817e-03,3.05448170e-04,0.020363,-4.06337612e-06,2.60036510e-03
4.285500,7.80544614e-03,3.05446140e-04,0.020363,-4.06085821e-06,2.60036507e-03
4.286000,7.80544411e-03,3.05444110e-04,0.020363,-4.05834613e-06,2.60036505e-03
4.286500,7.80544209e-03,3.05442090e-04,0.020363,-4.05583986e-06,2.60036503e-03
4.287000,7.80544006e-03,3.05440060e-04,0.020363,-4.05333936e-06,2.60036500e-03
4.287500,7.80543803e-03,3.05438030e-04,0.020363,-4.05084461e-06,2.60036498e-03
4.288000,7.80543601e-03,3.05436010e-04,0.020362,-4.04835558e-06,2.60036496e-03
4.288500,7.80543399e-03,3.05433990e-04,0.020362,-4.04587224e-06,2.60036494e-03
4.289000,7.80543197e-03,3.05431970e-04,0.020362,-4.04339457e-06,2.60036492e-03
4.289500,7.80542994e-03,3.05429940e-04,0.020362,-4.04092254e-06,2.60036489e-03
4.290000,7.80542793e-03,3.05427930e-04,0.020362,-4.03845613e-06,2.60036487e-03
4.290500,7.80542591e-03,3.05425910e-04,0.020362,-4.03599532e-06,2.60036485e-03
4.291000,7.80542389e-03,3.05423890e-04,0.020362,-4.03354007e-06,2.60036483e-03
4.291500,7.80542188e-03,3.05421880e-04,0.020361,-4.03109037e-06,2.60036481e-03
4.292000,7.80541986e-03,3.05419860e-04,0.020361,-4.02864618e-06,2.60036478e-03
4.292500,7.80541785e-03,3.05417850e-04,0.020361,-4.02620750e-06,2.60036476e-03
4.293000,7.80541584e-03,3.05415840e-04,0.020361,-4.02377429e-06,2.60036474e-03
4.293500,7.80541383e-03,3.05413830e-04,0.020361,-4.02134654e-06,2.60036472e-03
4.294000,7.80541182e-03,3.05411820e-04,0.020361,-4.01892422e-06,2.60036470e-03
4.294500,7.80540981e-03,3.05409810e-04,0.020361,-4.01650730e-06,2.60036468e-03
4.295000,7.80540780e-03,3.05407800e-04,0.020361,-4.01409578e-06,2.60036465e-03
4.295500,7.80540579e-03,3.05405790e-04,0.020360,-4.01168963e-06,2.60036463e-03
4.296000,7.80540379e-03,3.05403790e-04,0.020360,-4.00928883e-06,2.60036461e-03
4.296500,7.80540179e-03,3.05401790e-04,0.020360,-4.00689335e-06,2.60036459e-03
4.297000,7.80539978e-03,3.05399780e-04,0.020360,-4.00450319e-06,2.60036457e-03
4.297500,7.80539778e-03,3.05397780e-04,0.020360,-4.00211831e-06,2.60036455e-03
4.298000,7.80539578e-03,3.05395780e-04,0.020360,-3.99973871e-06,2.60036453e-03
4.298500,7.80539378e-03,3.05393780e-04,0.020360,-3.99736436e-06,2.60036451e-03
4.299000,7.80539179e-03,3.05391790e-04,0.020359,-3.99499524e-06,2.60036449e-03
4.299500,7.80538979e-03,3.05389790e-04,0.020359,-3.99263134e-06,2.60036447e-03
4.300000,7.80538780e-03,3.05387800e-04,0.020359,-3.99027264e-06,2.60036445e-03
