# FeatFloWer certified run q2p1_dns_rundir_e1_l4 (particle_force.log, every CFD step)
# case=E1 level=L4 D/h=49.098 dt=0.001 s; quarter-box benchSym mesh, FBM Q2/P1, serial PE HardContactAndFluid, lubrication OFF
# columns: t_s, z_center_m, gap_m (=z_center-0.0075), h_over_d (=gap/0.015), u_z_mps, F_z_N (hydrodynamic force on the sphere, full-sphere value)
0.001000,1.27500000e-01,1.20000000e-01,8.000000,0.00000000e+00,0.00000000e+00
0.002000,1.27498686e-01,1.19998686e-01,7.999912,-1.31383929e-03,2.29553703e-03
0.003000,1.27496464e-01,1.19996464e-01,7.999764,-2.22173850e-03,1.99208937e-03
0.004000,1.27494035e-01,1.19994035e-01,7.999602,-2.42941034e-03,1.19755926e-03
0.005000,1.27491158e-01,1.19991158e-01,7.999411,-2.87724270e-03,1.18751010e-03
0.006000,1.27487570e-01,1.19987570e-01,7.999171,-3.58778771e-03,1.82626526e-03
0.007000,1.27483381e-01,1.19983381e-01,7.998892,-4.18867631e-03,1.84469794e-03
0.008000,1.27478805e-01,1.19978805e-01,7.998587,-4.57652854e-03,1.68683893e-03
0.009000,1.27473819e-01,1.19973819e-01,7.998255,-4.98624281e-03,1.64268202e-03
0.010000,1.27468363e-01,1.19968363e-01,7.997891,-5.45560899e-03,1.83733471e-03
0.011000,1.27462458e-01,1.19962458e-01,7.997497,-5.90505481e-03,1.87381532e-03
0.012000,1.27456174e-01,1.19956174e-01,7.997078,-6.28412259e-03,1.85352845e-03
0.013000,1.27449519e-01,1.19949519e-01,7.996635,-6.65479709e-03,1.84516729e-03
0.014000,1.27442485e-01,1.19942485e-01,7.996166,-7.03361269e-03,1.91155657e-03
0.015000,1.27435082e-01,1.19935082e-01,7.995672,-7.40343401e-03,1.93731444e-03
0.016000,1.27427335e-01,1.19927335e-01,7.995156,-7.74689711e-03,1.95589521e-03
0.017000,1.27419256e-01,1.19919256e-01,7.994617,-8.07861513e-03,1.95714503e-03
0.018000,1.27410852e-01,1.19910852e-01,7.994057,-8.40400994e-03,1.98702986e-03
0.019000,1.27402129e-01,1.19902129e-01,7.993475,-8.72370949e-03,2.00301548e-03
0.020000,1.27393098e-01,1.19893098e-01,7.992873,-9.03076753e-03,2.02671611e-03
0.021000,1.27383770e-01,1.19883770e-01,7.992251,-9.32838447e-03,2.02554409e-03
0.022000,1.27374151e-01,1.19874151e-01,7.991610,-9.61842502e-03,2.04730811e-03
0.023000,1.27364246e-01,1.19864246e-01,7.990950,-9.90500176e-03,2.06609347e-03
0.024000,1.27354065e-01,1.19854065e-01,7.990271,-1.01811089e-02,2.07914209e-03
0.025000,1.27343616e-01,1.19843616e-01,7.989574,-1.04487391e-02,2.08539895e-03
0.026000,1.27332905e-01,1.19832905e-01,7.988860,-1.07109775e-02,2.10308513e-03
0.027000,1.27321937e-01,1.19821937e-01,7.988129,-1.09680335e-02,2.10568235e-03
0.028000,1.27310718e-01,1.19810718e-01,7.987381,-1.12188218e-02,2.13280401e-03
0.029000,1.27299254e-01,1.19799254e-01,7.986617,-1.14639609e-02,2.13480324e-03
0.030000,1.27287555e-01,1.19787555e-01,7.985837,-1.16998393e-02,2.15326856e-03
0.031000,1.27275623e-01,1.19775623e-01,7.985042,-1.19317958e-02,2.14500109e-03
0.032000,1.27263464e-01,1.19763464e-01,7.984231,-1.21591500e-02,2.18067880e-03
0.033000,1.27251081e-01,1.19751081e-01,7.983405,-1.23829102e-02,2.17771410e-03
0.034000,1.27238485e-01,1.19738485e-01,7.982566,-1.25954775e-02,2.18304746e-03
0.035000,1.27225677e-01,1.19725677e-01,7.981712,-1.28080754e-02,2.19561044e-03
0.036000,1.27212661e-01,1.19712661e-01,7.980844,-1.30167000e-02,2.20369805e-03
0.037000,1.27199441e-01,1.19699441e-01,7.979963,-1.32197686e-02,2.21098652e-03
0.038000,1.27186022e-01,1.19686022e-01,7.979068,-1.34188922e-02,2.21507520e-03
0.039000,1.27172407e-01,1.19672407e-01,7.978160,-1.36148992e-02,2.21918245e-03
0.040000,1.27158598e-01,1.19658598e-01,7.977240,-1.38088370e-02,2.21283778e-03
0.041000,1.27144596e-01,1.19644596e-01,7.976306,-1.40025479e-02,2.24868456e-03
0.042000,1.27130404e-01,1.19630404e-01,7.975360,-1.41920034e-02,2.22800071e-03
0.043000,1.27116030e-01,1.19616030e-01,7.974402,-1.43733440e-02,2.24480795e-03
0.044000,1.27101472e-01,1.19601472e-01,7.973431,-1.45585054e-02,2.23778438e-03
0.045000,1.27086732e-01,1.19586732e-01,7.972449,-1.47393890e-02,2.25980679e-03
0.046000,1.27071814e-01,1.19571814e-01,7.971454,-1.49186848e-02,2.26753214e-03
0.047000,1.27056724e-01,1.19556724e-01,7.970448,-1.50893820e-02,2.26864880e-03
0.048000,1.27041467e-01,1.19541467e-01,7.969431,-1.52573446e-02,2.26169533e-03
0.049000,1.27026041e-01,1.19526041e-01,7.968403,-1.54261702e-02,2.29601048e-03
0.050000,1.27010450e-01,1.19510450e-01,7.967363,-1.55912111e-02,2.28858818e-03
0.051000,1.26994703e-01,1.19494703e-01,7.966314,-1.57462949e-02,2.28231248e-03
0.052000,1.26978798e-01,1.19478798e-01,7.965253,-1.59049261e-02,2.30892708e-03
0.053000,1.26962737e-01,1.19462737e-01,7.964182,-1.60609119e-02,2.31039867e-03
0.054000,1.26946529e-01,1.19446529e-01,7.963102,-1.62078968e-02,2.30924364e-03
0.055000,1.26930175e-01,1.19430175e-01,7.962012,-1.63546026e-02,2.31302636e-03
0.056000,1.26913674e-01,1.19413674e-01,7.960912,-1.65010189e-02,2.31234524e-03
0.057000,1.26897028e-01,1.19397028e-01,7.959802,-1.66463133e-02,2.32978332e-03
0.058000,1.26880239e-01,1.19380239e-01,7.958683,-1.67887477e-02,2.29923616e-03
0.059000,1.26863308e-01,1.19363308e-01,7.957554,-1.69308570e-02,2.33994214e-03
0.060000,1.26846232e-01,1.19346232e-01,7.956415,-1.70758002e-02,2.32153126e-03
0.061000,1.26829022e-01,1.19329022e-01,7.955268,-1.72106306e-02,2.33598269e-03
0.062000,1.26811673e-01,1.19311673e-01,7.954112,-1.73489518e-02,2.31546965e-03
0.063000,1.26794186e-01,1.19294186e-01,7.952946,-1.74861545e-02,2.35455085e-03
0.064000,1.26776563e-01,1.19276563e-01,7.951771,-1.76231829e-02,2.34090599e-03
0.065000,1.26758813e-01,1.19258813e-01,7.950588,-1.77497894e-02,2.33906861e-03
0.066000,1.26740932e-01,1.19240932e-01,7.949395,-1.78812020e-02,2.35846966e-03
0.067000,1.26722922e-01,1.19222922e-01,7.948195,-1.80097871e-02,2.36204401e-03
0.068000,1.26704791e-01,1.19204791e-01,7.946986,-1.81313686e-02,2.36720769e-03
0.069000,1.26686540e-01,1.19186540e-01,7.945769,-1.82508631e-02,2.36052339e-03
0.070000,1.26668170e-01,1.19168170e-01,7.944545,-1.83698438e-02,2.38261374e-03
0.071000,1.26649683e-01,1.19149683e-01,7.943312,-1.84871132e-02,2.36945955e-03
0.072000,1.26631084e-01,1.19131084e-01,7.942072,-1.85994541e-02,2.38107296e-03
0.073000,1.26612370e-01,1.19112370e-01,7.940825,-1.87140612e-02,2.35970454e-03
0.074000,1.26593541e-01,1.19093541e-01,7.939569,-1.88286332e-02,2.37580029e-03
0.075000,1.26574594e-01,1.19074594e-01,7.938306,-1.89473764e-02,2.37736837e-03
0.076000,1.26555533e-01,1.19055533e-01,7.937036,-1.90605563e-02,2.37276961e-03
0.077000,1.26536359e-01,1.19036359e-01,7.935757,-1.91740345e-02,2.37410295e-03
0.078000,1.26517070e-01,1.19017070e-01,7.934471,-1.92887871e-02,2.39198492e-03
0.079000,1.26497670e-01,1.18997670e-01,7.933178,-1.93999397e-02,2.39019903e-03
0.080000,1.26478165e-01,1.18978165e-01,7.931878,-1.95055354e-02,2.38413085e-03
0.081000,1.26458552e-01,1.18958552e-01,7.930570,-1.96127906e-02,2.40308186e-03
0.082000,1.26438833e-01,1.18938833e-01,7.929256,-1.97186875e-02,2.39627613e-03
0.083000,1.26419014e-01,1.18919014e-01,7.927934,-1.98195641e-02,2.41421988e-03
0.084000,1.26399094e-01,1.18899094e-01,7.926606,-1.99195026e-02,2.40554960e-03
0.085000,1.26379079e-01,1.18879079e-01,7.925272,-2.00150814e-02,2.40898378e-03
0.086000,1.26358966e-01,1.18858966e-01,7.923931,-2.01129004e-02,2.41182246e-03
0.087000,1.26338757e-01,1.18838757e-01,7.922584,-2.02090895e-02,2.41002257e-03
0.088000,1.26318453e-01,1.18818453e-01,7.921230,-2.03046646e-02,2.39761889e-03
0.089000,1.26298050e-01,1.18798050e-01,7.919870,-2.04030243e-02,2.41331541e-03
0.090000,1.26277547e-01,1.18777547e-01,7.918503,-2.05026818e-02,2.41761118e-03
0.091000,1.26256950e-01,1.18756950e-01,7.917130,-2.05964247e-02,2.40247343e-03
0.092000,1.26236259e-01,1.18736259e-01,7.915751,-2.06914337e-02,2.41833588e-03
0.093000,1.26215470e-01,1.18715470e-01,7.914365,-2.07886091e-02,2.41486817e-03
0.094000,1.26194589e-01,1.18694589e-01,7.912973,-2.08811883e-02,2.42767268e-03
0.095000,1.26173617e-01,1.18673617e-01,7.911574,-2.09726419e-02,2.42727947e-03
0.096000,1.26152557e-01,1.18652557e-01,7.910170,-2.10599599e-02,2.42978510e-03
0.097000,1.26131410e-01,1.18631410e-01,7.908761,-2.11469640e-02,2.44114220e-03
0.098000,1.26110179e-01,1.18610179e-01,7.907345,-2.12311368e-02,2.44390328e-03
0.099000,1.26088867e-01,1.18588867e-01,7.905924,-2.13110914e-02,2.43564176e-03
0.100000,1.26067476e-01,1.18567476e-01,7.904498,-2.13916003e-02,2.43960815e-03
0.101000,1.26046002e-01,1.18546002e-01,7.903067,-2.14741209e-02,2.41001560e-03
0.102000,1.26024441e-01,1.18524441e-01,7.901629,-2.15605721e-02,2.45378484e-03
0.103000,1.26002792e-01,1.18502792e-01,7.900186,-2.16490018e-02,2.42002264e-03
0.104000,1.25981063e-01,1.18481063e-01,7.898738,-2.17290274e-02,2.43666125e-03
0.105000,1.25959246e-01,1.18459246e-01,7.897283,-2.18171988e-02,2.43745467e-03
0.106000,1.25937346e-01,1.18437346e-01,7.895823,-2.18997654e-02,2.44801300e-03
0.107000,1.25915366e-01,1.18415366e-01,7.894358,-2.19802044e-02,2.44161001e-03
0.108000,1.25893308e-01,1.18393308e-01,7.892887,-2.20583081e-02,2.45434761e-03
0.109000,1.25871171e-01,1.18371171e-01,7.891411,-2.21362622e-02,2.44690117e-03
0.110000,1.25848960e-01,1.18348960e-01,7.889931,-2.22113499e-02,2.46237869e-03
0.111000,1.25826674e-01,1.18326674e-01,7.888445,-2.22861460e-02,2.46074176e-03
0.112000,1.25804318e-01,1.18304318e-01,7.886955,-2.23561486e-02,2.45565164e-03
0.113000,1.25781890e-01,1.18281890e-01,7.885459,-2.24275890e-02,2.45166784e-03
0.114000,1.25759389e-01,1.18259389e-01,7.883959,-2.25014054e-02,2.44207296e-03
0.115000,1.25736811e-01,1.18236811e-01,7.882454,-2.25782270e-02,2.46182169e-03
0.116000,1.25714156e-01,1.18214156e-01,7.880944,-2.26547073e-02,2.45523680e-03
0.117000,1.25691430e-01,1.18191430e-01,7.879429,-2.27258664e-02,2.44670100e-03
0.118000,1.25668629e-01,1.18168629e-01,7.877909,-2.28006974e-02,2.45946329e-03
0.119000,1.25645753e-01,1.18145753e-01,7.876384,-2.28760749e-02,2.45364901e-03
0.120000,1.25622805e-01,1.18122805e-01,7.874854,-2.29482892e-02,2.48297536e-03
0.121000,1.25599788e-01,1.18099788e-01,7.873319,-2.30172270e-02,2.45480592e-03
0.122000,1.25576706e-01,1.18076706e-01,7.871780,-2.30815150e-02,2.49269663e-03
0.123000,1.25553558e-01,1.18053558e-01,7.870237,-2.31483538e-02,2.46632710e-03
0.124000,1.25530350e-01,1.18030350e-01,7.868690,-2.32074118e-02,2.48225979e-03
0.125000,1.25507078e-01,1.18007078e-01,7.867139,-2.32723125e-02,2.46918726e-03
0.126000,1.25483744e-01,1.17983744e-01,7.865583,-2.33342923e-02,2.45923133e-03
0.127000,1.25460341e-01,1.17960341e-01,7.864023,-2.34023260e-02,2.46308309e-03
0.128000,1.25436869e-01,1.17936869e-01,7.862458,-2.34729482e-02,2.46777385e-03
0.129000,1.25413327e-01,1.17913327e-01,7.860888,-2.35414759e-02,2.46766990e-03
0.130000,1.25389719e-01,1.17889719e-01,7.859315,-2.36084815e-02,2.48082858e-03
0.131000,1.25366045e-01,1.17866045e-01,7.857736,-2.36731943e-02,2.46322088e-03
0.132000,1.25342309e-01,1.17842309e-01,7.856154,-2.37366992e-02,2.49976398e-03
0.133000,1.25318509e-01,1.17818509e-01,7.854567,-2.37995246e-02,2.46236137e-03
0.134000,1.25294652e-01,1.17794652e-01,7.852977,-2.38569629e-02,2.50531250e-03
0.135000,1.25270733e-01,1.17770733e-01,7.851382,-2.39190894e-02,2.48239680e-03
0.136000,1.25246762e-01,1.17746762e-01,7.849784,-2.39711624e-02,2.48942456e-03
0.137000,1.25222732e-01,1.17722732e-01,7.848182,-2.40295185e-02,2.47375689e-03
0.138000,1.25198644e-01,1.17698644e-01,7.846576,-2.40883373e-02,2.47173281e-03
0.139000,1.25174491e-01,1.17674491e-01,7.844966,-2.41526594e-02,2.49105235e-03
0.140000,1.25150277e-01,1.17650277e-01,7.843352,-2.42142299e-02,2.47544246e-03
0.141000,1.25126005e-01,1.17626005e-01,7.841734,-2.42722160e-02,2.48007856e-03
0.142000,1.25101670e-01,1.17601670e-01,7.840111,-2.43345088e-02,2.48547294e-03
0.143000,1.25077276e-01,1.17577276e-01,7.838485,-2.43943250e-02,2.48613286e-03
0.144000,1.25052824e-01,1.17552824e-01,7.836855,-2.44522530e-02,2.50115998e-03
0.145000,1.25028317e-01,1.17528317e-01,7.835221,-2.45073069e-02,2.50416940e-03
0.146000,1.25003760e-01,1.17503760e-01,7.833584,-2.45568934e-02,2.48907080e-03
0.147000,1.24979152e-01,1.17479152e-01,7.831943,-2.46081617e-02,2.51131086e-03
0.148000,1.24954491e-01,1.17454491e-01,7.830299,-2.46604556e-02,2.49882164e-03
0.149000,1.24929783e-01,1.17429783e-01,7.828652,-2.47076541e-02,2.46871704e-03
0.150000,1.24905019e-01,1.17405019e-01,7.827001,-2.47642780e-02,2.49300772e-03
0.151000,1.24880193e-01,1.17380193e-01,7.825346,-2.48264931e-02,2.48679576e-03
0.152000,1.24855311e-01,1.17355311e-01,7.823687,-2.48818293e-02,2.49120817e-03
0.153000,1.24830372e-01,1.17330372e-01,7.822025,-2.49384253e-02,2.50129384e-03
0.154000,1.24805381e-01,1.17305381e-01,7.820359,-2.49917887e-02,2.48855553e-03
0.155000,1.24780336e-01,1.17280336e-01,7.818689,-2.50440924e-02,2.51395791e-03
0.156000,1.24755240e-01,1.17255240e-01,7.817016,-2.50960875e-02,2.49630234e-03
0.157000,1.24730098e-01,1.17230098e-01,7.815340,-2.51428622e-02,2.51628129e-03
0.158000,1.24704906e-01,1.17204906e-01,7.813660,-2.51919022e-02,2.50762727e-03
0.159000,1.24679670e-01,1.17179670e-01,7.811978,-2.52359112e-02,2.51328657e-03
0.160000,1.24654388e-01,1.17154388e-01,7.810293,-2.52817616e-02,2.47194336e-03
0.161000,1.24629055e-01,1.17129055e-01,7.808604,-2.53330644e-02,2.51063738e-03
0.162000,1.24603664e-01,1.17103664e-01,7.806911,-2.53911023e-02,2.49676111e-03
0.163000,1.24578225e-01,1.17078225e-01,7.805215,-2.54388864e-02,2.49879923e-03
0.164000,1.24552734e-01,1.17052734e-01,7.803516,-2.54908673e-02,2.50035923e-03
0.165000,1.24527192e-01,1.17027192e-01,7.801813,-2.55419029e-02,2.50106620e-03
0.166000,1.24501600e-01,1.17001600e-01,7.800107,-2.55923012e-02,2.52134318e-03
0.167000,1.24475961e-01,1.16975961e-01,7.798397,-2.56388816e-02,2.51426074e-03
0.168000,1.24450281e-01,1.16950281e-01,7.796685,-2.56800551e-02,2.52082118e-03
0.169000,1.24424559e-01,1.16924559e-01,7.794971,-2.57223945e-02,2.51846496e-03
0.170000,1.24398796e-01,1.16898796e-01,7.793253,-2.57629960e-02,2.51666674e-03
0.171000,1.24372991e-01,1.16872991e-01,7.791533,-2.58046893e-02,2.48797697e-03
0.172000,1.24347139e-01,1.16847139e-01,7.789809,-2.58520467e-02,2.50551586e-03
0.173000,1.24321233e-01,1.16821233e-01,7.788082,-2.59057246e-02,2.50743570e-03
0.174000,1.24295280e-01,1.16795280e-01,7.786352,-2.59533030e-02,2.50808154e-03
0.175000,1.24269280e-01,1.16769280e-01,7.784619,-2.60001367e-02,2.50971159e-03
0.176000,1.24243233e-01,1.16743233e-01,7.782882,-2.60464700e-02,2.51317403e-03
0.177000,1.24217141e-01,1.16717141e-01,7.781143,-2.60916557e-02,2.52362220e-03
0.178000,1.24191008e-01,1.16691008e-01,7.779401,-2.61338567e-02,2.52323948e-03
0.179000,1.24164835e-01,1.16664835e-01,7.777656,-2.61726940e-02,2.52474498e-03
0.180000,1.24138624e-01,1.16638624e-01,7.775908,-2.62113907e-02,2.51971749e-03
0.181000,1.24112373e-01,1.16612373e-01,7.774158,-2.62504821e-02,2.51641074e-03
0.182000,1.24086081e-01,1.16586081e-01,7.772405,-2.62918093e-02,2.49845938e-03
0.183000,1.24059744e-01,1.16559744e-01,7.770650,-2.63373971e-02,2.52753808e-03
0.184000,1.24033360e-01,1.16533360e-01,7.768891,-2.63837380e-02,2.50534246e-03
0.185000,1.24006936e-01,1.16506936e-01,7.767129,-2.64244542e-02,2.51619391e-03
0.186000,1.23980465e-01,1.16480465e-01,7.765364,-2.64705408e-02,2.51038998e-03
0.187000,1.23953951e-01,1.16453951e-01,7.763597,-2.65140899e-02,2.53687107e-03
0.188000,1.23927396e-01,1.16427396e-01,7.761826,-2.65548623e-02,2.52391061e-03
0.189000,1.23900807e-01,1.16400807e-01,7.760054,-2.65892297e-02,2.53257189e-03
0.190000,1.23874181e-01,1.16374181e-01,7.758279,-2.66263220e-02,2.53004866e-03
0.191000,1.23847520e-01,1.16347520e-01,7.756501,-2.66610159e-02,2.53650659e-03
0.192000,1.23820824e-01,1.16320824e-01,7.754722,-2.66953965e-02,2.49747843e-03
0.193000,1.23794090e-01,1.16294090e-01,7.752939,-2.67345579e-02,2.52081677e-03
0.194000,1.23767307e-01,1.16267307e-01,7.751154,-2.67824097e-02,2.51452599e-03
0.195000,1.23740484e-01,1.16240484e-01,7.749366,-2.68237092e-02,2.52419622e-03
0.196000,1.23713618e-01,1.16213618e-01,7.747575,-2.68653646e-02,2.52274036e-03
0.197000,1.23686714e-01,1.16186714e-01,7.745781,-2.69041017e-02,2.52467550e-03
0.198000,1.23659771e-01,1.16159771e-01,7.743985,-2.69429746e-02,2.53238528e-03
0.199000,1.23632791e-01,1.16132791e-01,7.742186,-2.69798486e-02,2.53912369e-03
0.200000,1.23605778e-01,1.16105778e-01,7.740385,-2.70129991e-02,2.53823110e-03
0.201000,1.23578734e-01,1.16078734e-01,7.738582,-2.70440943e-02,2.53120927e-03
0.202000,1.23551657e-01,1.16051657e-01,7.736777,-2.70767245e-02,2.51941334e-03
0.203000,1.23524544e-01,1.16024544e-01,7.734970,-2.71137467e-02,2.51693421e-03
0.204000,1.23497389e-01,1.15997389e-01,7.733159,-2.71550812e-02,2.53807436e-03
0.205000,1.23470195e-01,1.15970195e-01,7.731346,-2.71934916e-02,2.51098077e-03
0.206000,1.23442965e-01,1.15942965e-01,7.729531,-2.72297504e-02,2.53042661e-03
0.207000,1.23415694e-01,1.15915694e-01,7.727713,-2.72714683e-02,2.52300060e-03
0.208000,1.23388386e-01,1.15888386e-01,7.725892,-2.73081132e-02,2.54208622e-03
0.209000,1.23361042e-01,1.15861042e-01,7.724069,-2.73438218e-02,2.54753898e-03
0.210000,1.23333670e-01,1.15833670e-01,7.722245,-2.73722981e-02,2.53293084e-03
0.211000,1.23306268e-01,1.15806268e-01,7.720418,-2.74015670e-02,2.54790969e-03
0.212000,1.23278835e-01,1.15778835e-01,7.718589,-2.74329845e-02,2.52475380e-03
0.213000,1.23251372e-01,1.15751372e-01,7.716758,-2.74635776e-02,2.52331213e-03
0.214000,1.23223869e-01,1.15723869e-01,7.714925,-2.75020305e-02,2.51836428e-03
0.215000,1.23196328e-01,1.15696328e-01,7.713089,-2.75418317e-02,2.53563643e-03
0.216000,1.23168747e-01,1.15668747e-01,7.711250,-2.75802035e-02,2.53703975e-03
0.217000,1.23141135e-01,1.15641135e-01,7.709409,-2.76126547e-02,2.52008453e-03
0.218000,1.23113487e-01,1.15613487e-01,7.707566,-2.76476434e-02,2.55107171e-03
0.219000,1.23085804e-01,1.15585804e-01,7.705720,-2.76827207e-02,2.53992187e-03
0.220000,1.23058095e-01,1.15558095e-01,7.703873,-2.77095931e-02,2.54775547e-03
0.221000,1.23030356e-01,1.15530356e-01,7.702024,-2.77387419e-02,2.54849274e-03
0.222000,1.23002591e-01,1.15502591e-01,7.700173,-2.77651877e-02,2.53510291e-03
0.223000,1.22974797e-01,1.15474797e-01,7.698320,-2.77937593e-02,2.51086944e-03
0.224000,1.22946966e-01,1.15446966e-01,7.696464,-2.78310136e-02,2.54828326e-03
0.225000,1.22919097e-01,1.15419097e-01,7.694606,-2.78696104e-02,2.52755115e-03
0.226000,1.22891197e-01,1.15391197e-01,7.692746,-2.78995861e-02,2.53905188e-03
0.227000,1.22863263e-01,1.15363263e-01,7.690884,-2.79343369e-02,2.51970123e-03
0.228000,1.22835294e-01,1.15335294e-01,7.689020,-2.79687325e-02,2.56254569e-03
0.229000,1.22807292e-01,1.15307292e-01,7.687153,-2.80019066e-02,2.54170921e-03
0.230000,1.22779267e-01,1.15279267e-01,7.685284,-2.80246947e-02,2.55420102e-03
0.231000,1.22751215e-01,1.15251215e-01,7.683414,-2.80521168e-02,2.54754661e-03
0.232000,1.22723139e-01,1.15223139e-01,7.681543,-2.80766131e-02,2.54077231e-03
0.233000,1.22695034e-01,1.15195034e-01,7.679669,-2.81044927e-02,2.52635969e-03
0.234000,1.22666897e-01,1.15166897e-01,7.677793,-2.81371459e-02,2.52450838e-03
0.235000,1.22638722e-01,1.15138722e-01,7.675915,-2.81748598e-02,2.54539793e-03
0.236000,1.22610513e-01,1.15110513e-01,7.674034,-2.82094875e-02,2.54631843e-03
0.237000,1.22582275e-01,1.15082275e-01,7.672152,-2.82370921e-02,2.52911166e-03
0.238000,1.22554008e-01,1.15054008e-01,7.670267,-2.82674372e-02,2.54739282e-03
0.239000,1.22525708e-01,1.15025708e-01,7.668381,-2.83002004e-02,2.56472448e-03
0.240000,1.22497384e-01,1.14997384e-01,7.666492,-2.83238949e-02,2.54904159e-03
0.241000,1.22469039e-01,1.14969039e-01,7.664603,-2.83446708e-02,2.55227935e-03
0.242000,1.22440669e-01,1.14940669e-01,7.662711,-2.83700246e-02,2.53191529e-03
0.243000,1.22412271e-01,1.14912271e-01,7.660818,-2.83979162e-02,2.53303070e-03
0.244000,1.22383839e-01,1.14883839e-01,7.658923,-2.84322985e-02,2.55124229e-03
0.245000,1.22355376e-01,1.14855376e-01,7.657025,-2.84630939e-02,2.52881169e-03
0.246000,1.22326884e-01,1.14826884e-01,7.655126,-2.84918749e-02,2.54640989e-03
0.247000,1.22298359e-01,1.14798359e-01,7.653224,-2.85249105e-02,2.54396984e-03
0.248000,1.22269807e-01,1.14769807e-01,7.651320,-2.85525980e-02,2.55463736e-03
0.249000,1.22241227e-01,1.14741227e-01,7.649415,-2.85792005e-02,2.56212254e-03
0.250000,1.22212626e-01,1.14712626e-01,7.647508,-2.86009759e-02,2.55772047e-03
0.251000,1.22184005e-01,1.14684005e-01,7.645600,-2.86210715e-02,2.55580229e-03
0.252000,1.22155362e-01,1.14655362e-01,7.643691,-2.86429521e-02,2.52551961e-03
0.253000,1.22126692e-01,1.14626692e-01,7.641779,-2.86708177e-02,2.53961811e-03
0.254000,1.22097985e-01,1.14597985e-01,7.639866,-2.87061355e-02,2.54359896e-03
0.255000,1.22069249e-01,1.14569249e-01,7.637950,-2.87361191e-02,2.55076762e-03
0.256000,1.22040486e-01,1.14540486e-01,7.636032,-2.87635277e-02,2.54541525e-03
0.257000,1.22011696e-01,1.14511696e-01,7.634113,-2.87895285e-02,2.55459043e-03
0.258000,1.21982881e-01,1.14482881e-01,7.632192,-2.88156646e-02,2.54636027e-03
0.259000,1.21954040e-01,1.14454040e-01,7.630269,-2.88402428e-02,2.56531364e-03
0.260000,1.21925176e-01,1.14425176e-01,7.628345,-2.88641722e-02,2.56138874e-03
0.261000,1.21896294e-01,1.14396294e-01,7.626420,-2.88825711e-02,2.55469705e-03
0.262000,1.21867390e-01,1.14367390e-01,7.624493,-2.89034424e-02,2.52122333e-03
0.263000,1.21838458e-01,1.14338458e-01,7.622564,-2.89324308e-02,2.56125490e-03
0.264000,1.21809492e-01,1.14309492e-01,7.620633,-2.89653333e-02,2.53801079e-03
0.265000,1.21780503e-01,1.14280503e-01,7.618700,-2.89891993e-02,2.55520416e-03
0.266000,1.21751486e-01,1.14251486e-01,7.616766,-2.90176586e-02,2.52980365e-03
0.267000,1.21722441e-01,1.14222441e-01,7.614829,-2.90449631e-02,2.57439503e-03
0.268000,1.21693368e-01,1.14193368e-01,7.612891,-2.90727240e-02,2.56394873e-03
0.269000,1.21664280e-01,1.14164280e-01,7.610952,-2.90876877e-02,2.55631175e-03
0.270000,1.21635173e-01,1.14135173e-01,7.609012,-2.91074327e-02,2.56979166e-03
0.271000,1.21606045e-01,1.14106045e-01,7.607070,-2.91273021e-02,2.53470804e-03
0.272000,1.21576896e-01,1.14076896e-01,7.605126,-2.91489485e-02,2.54657945e-03
0.273000,1.21547716e-01,1.14047716e-01,7.603181,-2.91800176e-02,2.54032699e-03
0.274000,1.21518508e-01,1.14018508e-01,7.601234,-2.92082937e-02,2.55896718e-03
0.275000,1.21489273e-01,1.13989273e-01,7.599285,-2.92353268e-02,2.55309107e-03
0.276000,1.21460016e-01,1.13960016e-01,7.597334,-2.92572774e-02,2.54643070e-03
0.277000,1.21430733e-01,1.13930733e-01,7.595382,-2.92823355e-02,2.56519240e-03
0.278000,1.21401427e-01,1.13901427e-01,7.593428,-2.93062633e-02,2.57096425e-03
0.279000,1.21372104e-01,1.13872104e-01,7.591474,-2.93230087e-02,2.56213718e-03
0.280000,1.21342765e-01,1.13842765e-01,7.589518,-2.93394195e-02,2.56140496e-03
0.281000,1.21313406e-01,1.13813406e-01,7.587560,-2.93588588e-02,2.52564196e-03
0.282000,1.21284021e-01,1.13784021e-01,7.585601,-2.93848628e-02,2.56794402e-03
0.283000,1.21254606e-01,1.13754606e-01,7.583640,-2.94151313e-02,2.54025428e-03
0.284000,1.21225169e-01,1.13725169e-01,7.581678,-2.94364037e-02,2.56316866e-03
0.285000,1.21195707e-01,1.13695707e-01,7.579714,-2.94627178e-02,2.53295511e-03
0.286000,1.21166220e-01,1.13666220e-01,7.577748,-2.94868493e-02,2.57899503e-03
0.287000,1.21136707e-01,1.13636707e-01,7.575780,-2.95127618e-02,2.56888676e-03
0.288000,1.21107182e-01,1.13607182e-01,7.573812,-2.95253416e-02,2.56711167e-03
0.289000,1.21077640e-01,1.13577640e-01,7.571843,-2.95415550e-02,2.56868195e-03
0.290000,1.21048082e-01,1.13548082e-01,7.569872,-2.95580737e-02,2.53800935e-03
0.291000,1.21018502e-01,1.13518502e-01,7.567900,-2.95795008e-02,2.55197805e-03
0.292000,1.20988894e-01,1.13488894e-01,7.565926,-2.96085311e-02,2.54777152e-03
0.293000,1.20959260e-01,1.13459260e-01,7.563951,-2.96337177e-02,2.55953891e-03
0.294000,1.20929602e-01,1.13429602e-01,7.561973,-2.96582048e-02,2.56245785e-03
0.295000,1.20899924e-01,1.13399924e-01,7.559995,-2.96783112e-02,2.56086016e-03
0.296000,1.20870226e-01,1.13370226e-01,7.558015,-2.96977415e-02,2.55366601e-03
0.297000,1.20840507e-01,1.13340507e-01,7.556034,-2.97189687e-02,2.57492603e-03
0.298000,1.20810768e-01,1.13310768e-01,7.554051,-2.97387989e-02,2.57503447e-03
0.299000,1.20781017e-01,1.13281017e-01,7.552068,-2.97516279e-02,2.56041678e-03
0.300000,1.20751250e-01,1.13251250e-01,7.550083,-2.97670063e-02,2.52546160e-03
0.301000,1.20721456e-01,1.13221456e-01,7.548097,-2.97933667e-02,2.57070237e-03
0.302000,1.20691633e-01,1.13191633e-01,7.546109,-2.98232066e-02,2.55115715e-03
0.303000,1.20661791e-01,1.13161791e-01,7.544119,-2.98416452e-02,2.55888645e-03
0.304000,1.20631926e-01,1.13131926e-01,7.542128,-2.98651358e-02,2.55425354e-03
0.305000,1.20602039e-01,1.13102039e-01,7.540136,-2.98869073e-02,2.57312892e-03
0.306000,1.20572132e-01,1.13072132e-01,7.538142,-2.99068624e-02,2.57759305e-03
0.307000,1.20542213e-01,1.13042213e-01,7.536148,-2.99198291e-02,2.57155157e-03
0.308000,1.20512280e-01,1.13012280e-01,7.534152,-2.99323981e-02,2.56731205e-03
0.309000,1.20482332e-01,1.12982332e-01,7.532155,-2.99477009e-02,2.53879014e-03
0.310000,1.20452363e-01,1.12952363e-01,7.530158,-2.99694399e-02,2.55672938e-03
0.311000,1.20422366e-01,1.12922366e-01,7.528158,-2.99973735e-02,2.55071568e-03
0.312000,1.20392345e-01,1.12892345e-01,7.526156,-3.00204790e-02,2.57821681e-03
0.313000,1.20362304e-01,1.12862304e-01,7.524154,-3.00406963e-02,2.53672314e-03
0.314000,1.20332245e-01,1.12832245e-01,7.522150,-3.00592194e-02,2.58482631e-03
0.315000,1.20302162e-01,1.12802162e-01,7.520144,-3.00828633e-02,2.56790972e-03
0.316000,1.20272069e-01,1.12772069e-01,7.518138,-3.00937008e-02,2.58026803e-03
0.317000,1.20241961e-01,1.12741961e-01,7.516131,-3.01079085e-02,2.56733872e-03
0.318000,1.20211840e-01,1.12711840e-01,7.514123,-3.01203440e-02,2.54057654e-03
0.319000,1.20181699e-01,1.12681699e-01,7.512113,-3.01417583e-02,2.55606927e-03
0.320000,1.20151529e-01,1.12651529e-01,7.510102,-3.01692219e-02,2.57052115e-03
0.321000,1.20121340e-01,1.12621340e-01,7.508089,-3.01890419e-02,2.55459163e-03
0.322000,1.20091134e-01,1.12591134e-01,7.506076,-3.02069326e-02,2.55980654e-03
0.323000,1.20060904e-01,1.12560904e-01,7.504060,-3.02291326e-02,2.57380945e-03
0.324000,1.20030657e-01,1.12530657e-01,7.502044,-3.02471436e-02,2.57006734e-03
0.325000,1.20000396e-01,1.12500396e-01,7.500026,-3.02612177e-02,2.57942570e-03
0.326000,1.19970121e-01,1.12470121e-01,7.498008,-3.02748658e-02,2.57418557e-03
0.327000,1.19939835e-01,1.12439835e-01,7.495989,-3.02863671e-02,2.55155051e-03
0.328000,1.19909531e-01,1.12409531e-01,7.493969,-3.03035922e-02,2.55734403e-03
0.329000,1.19879204e-01,1.12379204e-01,7.491947,-3.03272264e-02,2.55277011e-03
0.330000,1.19848854e-01,1.12348854e-01,7.489924,-3.03497668e-02,2.56778726e-03
0.331000,1.19818483e-01,1.12318483e-01,7.487899,-3.03711537e-02,2.57056694e-03
0.332000,1.19788096e-01,1.12288096e-01,7.485873,-3.03871172e-02,2.56816433e-03
0.333000,1.19757693e-01,1.12257693e-01,7.483846,-3.04025926e-02,2.56012474e-03
0.334000,1.19727273e-01,1.12227273e-01,7.481818,-3.04202789e-02,2.58775443e-03
0.335000,1.19696837e-01,1.12196837e-01,7.479789,-3.04357194e-02,2.57466641e-03
0.336000,1.19666393e-01,1.12166393e-01,7.477760,-3.04444005e-02,2.56526194e-03
0.337000,1.19635934e-01,1.12135934e-01,7.475729,-3.04590429e-02,2.54433202e-03
0.338000,1.19605453e-01,1.12105453e-01,7.473697,-3.04804751e-02,2.57161626e-03
0.339000,1.19574949e-01,1.12074949e-01,7.471663,-3.05039561e-02,2.55099690e-03
0.340000,1.19544427e-01,1.12044427e-01,7.469628,-3.05221228e-02,2.57717006e-03
0.341000,1.19513885e-01,1.12013885e-01,7.467592,-3.05424328e-02,2.56156516e-03
0.342000,1.19483328e-01,1.11983328e-01,7.465555,-3.05569067e-02,2.58286496e-03
0.343000,1.19452755e-01,1.11952755e-01,7.463517,-3.05727389e-02,2.57507961e-03
0.344000,1.19422172e-01,1.11922172e-01,7.461478,-3.05829526e-02,2.58232717e-03
0.345000,1.19391578e-01,1.11891578e-01,7.459439,-3.05944415e-02,2.57072391e-03
0.346000,1.19360972e-01,1.11860972e-01,7.457398,-3.06056021e-02,2.54320483e-03
0.347000,1.19330347e-01,1.11830347e-01,7.455356,-3.06254398e-02,2.55539134e-03
0.348000,1.19299695e-01,1.11799695e-01,7.453313,-3.06521602e-02,2.56925271e-03
0.349000,1.19269022e-01,1.11769022e-01,7.451268,-3.06724271e-02,2.58057028e-03
0.350000,1.19238336e-01,1.11738336e-01,7.449222,-3.06861404e-02,2.55645682e-03
0.351000,1.19207636e-01,1.11707636e-01,7.447176,-3.07004009e-02,2.58016397e-03
0.352000,1.19176917e-01,1.11676917e-01,7.445128,-3.07183884e-02,2.58072937e-03
0.353000,1.19146189e-01,1.11646189e-01,7.443079,-3.07284901e-02,2.58467627e-03
0.354000,1.19115451e-01,1.11615451e-01,7.441030,-3.07377081e-02,2.56475795e-03
0.355000,1.19084702e-01,1.11584702e-01,7.438980,-3.07491522e-02,2.54652692e-03
0.356000,1.19053932e-01,1.11553932e-01,7.436929,-3.07703618e-02,2.57345844e-03
0.357000,1.19023139e-01,1.11523139e-01,7.434876,-3.07927962e-02,2.55892892e-03
0.358000,1.18992330e-01,1.11492330e-01,7.432822,-3.08089552e-02,2.56912871e-03
0.359000,1.18961502e-01,1.11461502e-01,7.430767,-3.08280823e-02,2.56794735e-03
0.360000,1.18930658e-01,1.11430658e-01,7.428711,-3.08440685e-02,2.58442946e-03
0.361000,1.18899800e-01,1.11399800e-01,7.426653,-3.08575279e-02,2.58590160e-03
0.362000,1.18868935e-01,1.11368935e-01,7.424596,-3.08653141e-02,2.58028268e-03
0.363000,1.18838061e-01,1.11338061e-01,7.422537,-3.08736105e-02,2.57395016e-03
0.364000,1.18807176e-01,1.11307176e-01,7.420478,-3.08848720e-02,2.54395517e-03
0.365000,1.18776273e-01,1.11276273e-01,7.418418,-3.09035175e-02,2.56207480e-03
0.366000,1.18745344e-01,1.11245344e-01,7.416356,-3.09288095e-02,2.57044763e-03
0.367000,1.18714397e-01,1.11214397e-01,7.414293,-3.09466702e-02,2.57782503e-03
0.368000,1.18683437e-01,1.11183437e-01,7.412229,-3.09604765e-02,2.56464315e-03
0.369000,1.18652463e-01,1.11152463e-01,7.410164,-3.09741910e-02,2.58054204e-03
0.370000,1.18621473e-01,1.11121473e-01,7.408098,-3.09894230e-02,2.58317481e-03
0.371000,1.18590474e-01,1.11090474e-01,7.406032,-3.09989681e-02,2.58819467e-03
0.372000,1.18559468e-01,1.11059468e-01,7.403965,-3.10067608e-02,2.56719781e-03
0.373000,1.18528451e-01,1.11028451e-01,7.401897,-3.10166180e-02,2.54838733e-03
0.374000,1.18497414e-01,1.10997414e-01,7.399828,-3.10366973e-02,2.57544106e-03
0.375000,1.18466356e-01,1.10966356e-01,7.397757,-3.10581701e-02,2.56037464e-03
0.376000,1.18435283e-01,1.10935283e-01,7.395686,-3.10734223e-02,2.57628531e-03
0.377000,1.18404192e-01,1.10904192e-01,7.393613,-3.10908090e-02,2.56581741e-03
0.378000,1.18373087e-01,1.10873087e-01,7.391539,-3.11048215e-02,2.59844965e-03
0.379000,1.18341971e-01,1.10841971e-01,7.389465,-3.11165012e-02,2.57148887e-03
0.380000,1.18310848e-01,1.10810848e-01,7.387390,-3.11222317e-02,2.59064353e-03
0.381000,1.18279715e-01,1.10779715e-01,7.385314,-3.11334292e-02,2.57381805e-03
0.382000,1.18248574e-01,1.10748574e-01,7.383238,-3.11413114e-02,2.55328895e-03
0.383000,1.18217415e-01,1.10717415e-01,7.381161,-3.11583497e-02,2.55532745e-03
0.384000,1.18186233e-01,1.10686233e-01,7.379082,-3.11817696e-02,2.57825772e-03
0.385000,1.18155033e-01,1.10655033e-01,7.377002,-3.12004651e-02,2.58464671e-03
0.386000,1.18123822e-01,1.10623822e-01,7.374921,-3.12105000e-02,2.57233439e-03
0.387000,1.18092602e-01,1.10592602e-01,7.372840,-3.12206141e-02,2.57470373e-03
0.388000,1.18061367e-01,1.10561367e-01,7.370758,-3.12343527e-02,2.58507021e-03
0.389000,1.18030122e-01,1.10530122e-01,7.368675,-3.12454800e-02,2.59053779e-03
0.390000,1.17998870e-01,1.10498870e-01,7.366591,-3.12522359e-02,2.56914318e-03
0.391000,1.17967609e-01,1.10467609e-01,7.364507,-3.12609795e-02,2.55525595e-03
0.392000,1.17936330e-01,1.10436330e-01,7.362422,-3.12792053e-02,2.57403704e-03
0.393000,1.17905031e-01,1.10405031e-01,7.360335,-3.12986706e-02,2.56728479e-03
0.394000,1.17873718e-01,1.10373718e-01,7.358248,-3.13131620e-02,2.57993235e-03
0.395000,1.17842390e-01,1.10342390e-01,7.356159,-3.13276343e-02,2.57242007e-03
0.396000,1.17811051e-01,1.10311051e-01,7.354070,-3.13392815e-02,2.58543256e-03
0.397000,1.17779700e-01,1.10279700e-01,7.351980,-3.13510946e-02,2.59057787e-03
0.398000,1.17748342e-01,1.10248342e-01,7.349889,-3.13577244e-02,2.58563011e-03
0.399000,1.17716978e-01,1.10216978e-01,7.347799,-3.13635394e-02,2.56107027e-03
0.400000,1.17685603e-01,1.10185603e-01,7.345707,-3.13753224e-02,2.56468231e-03
0.401000,1.17654209e-01,1.10154209e-01,7.343614,-3.13945325e-02,2.56500999e-03
0.402000,1.17622796e-01,1.10122796e-01,7.341520,-3.14124984e-02,2.58253139e-03
0.403000,1.17591369e-01,1.10091369e-01,7.339425,-3.14272582e-02,2.57054600e-03
0.404000,1.17559930e-01,1.10059930e-01,7.337329,-3.14383832e-02,2.58852137e-03
0.405000,1.17528480e-01,1.10028480e-01,7.335232,-3.14502656e-02,2.57620973e-03
0.406000,1.17497022e-01,1.09997022e-01,7.333135,-3.14584219e-02,2.58861773e-03
0.407000,1.17465553e-01,1.09965553e-01,7.331037,-3.14684272e-02,2.59173375e-03
0.408000,1.17434080e-01,1.09934080e-01,7.328939,-3.14738066e-02,2.55528170e-03
0.409000,1.17402595e-01,1.09902595e-01,7.326840,-3.14846087e-02,2.56051083e-03
0.410000,1.17371088e-01,1.09871088e-01,7.324739,-3.15064575e-02,2.58272233e-03
0.411000,1.17339566e-01,1.09839566e-01,7.322638,-3.15226611e-02,2.57728647e-03
0.412000,1.17308033e-01,1.09808033e-01,7.320536,-3.15325315e-02,2.56179089e-03
0.413000,1.17276486e-01,1.09776486e-01,7.318432,-3.15469272e-02,2.59039729e-03
0.414000,1.17244925e-01,1.09744925e-01,7.316328,-3.15613532e-02,2.59220932e-03
0.415000,1.17213359e-01,1.09713359e-01,7.314224,-3.15660640e-02,2.59697563e-03
0.416000,1.17181790e-01,1.09681790e-01,7.312119,-3.15693369e-02,2.57634638e-03
0.417000,1.17150215e-01,1.09650215e-01,7.310014,-3.15746924e-02,2.56507583e-03
0.418000,1.17118626e-01,1.09618626e-01,7.307908,-3.15888160e-02,2.56147647e-03
0.419000,1.17087019e-01,1.09587019e-01,7.305801,-3.16072775e-02,2.56747271e-03
0.420000,1.17055393e-01,1.09555393e-01,7.303693,-3.16258608e-02,2.59373898e-03
0.421000,1.17023755e-01,1.09523755e-01,7.301584,-3.16378298e-02,2.56419495e-03
0.422000,1.16992109e-01,1.09492109e-01,7.299474,-3.16463972e-02,2.58634837e-03
0.423000,1.16960448e-01,1.09460448e-01,7.297363,-3.16607497e-02,2.59187955e-03
0.424000,1.16928781e-01,1.09428781e-01,7.295252,-3.16668486e-02,2.59704823e-03
0.425000,1.16897111e-01,1.09397111e-01,7.293141,-3.16702169e-02,2.57376899e-03
0.426000,1.16865435e-01,1.09365435e-01,7.291029,-3.16760044e-02,2.55107124e-03
0.427000,1.16833741e-01,1.09333741e-01,7.288916,-3.16934510e-02,2.58378368e-03
0.428000,1.16802029e-01,1.09302029e-01,7.286802,-3.17125670e-02,2.57125692e-03
0.429000,1.16770306e-01,1.09270306e-01,7.284687,-3.17231550e-02,2.57455958e-03
0.430000,1.16738568e-01,1.09238568e-01,7.282571,-3.17372730e-02,2.57431406e-03
0.431000,1.16706818e-01,1.09206818e-01,7.280455,-3.17503497e-02,2.60531128e-03
0.432000,1.16675060e-01,1.09175060e-01,7.278337,-3.17580255e-02,2.58051895e-03
0.433000,1.16643300e-01,1.09143300e-01,7.276220,-3.17599057e-02,2.59245195e-03
0.434000,1.16611532e-01,1.09111532e-01,7.274102,-3.17678178e-02,2.57610404e-03
0.435000,1.16579758e-01,1.09079758e-01,7.271984,-3.17747018e-02,2.56191294e-03
0.436000,1.16547968e-01,1.09047968e-01,7.269865,-3.17894643e-02,2.56431075e-03
0.437000,1.16516160e-01,1.09016160e-01,7.267744,-3.18084634e-02,2.58579186e-03
0.438000,1.16484337e-01,1.08984337e-01,7.265622,-3.18228763e-02,2.58603021e-03
0.439000,1.16452507e-01,1.08952507e-01,7.263500,-3.18301923e-02,2.57727692e-03
0.440000,1.16420668e-01,1.08920668e-01,7.261378,-3.18389779e-02,2.58028811e-03
0.441000,1.16388818e-01,1.08888818e-01,7.259255,-3.18501058e-02,2.59963070e-03
0.442000,1.16356961e-01,1.08856961e-01,7.257131,-3.18568242e-02,2.58658025e-03
0.443000,1.16325101e-01,1.08825101e-01,7.255007,-3.18594981e-02,2.57207314e-03
0.444000,1.16293232e-01,1.08793232e-01,7.252882,-3.18690233e-02,2.55673601e-03
0.445000,1.16261346e-01,1.08761346e-01,7.250756,-3.18860251e-02,2.58653513e-03
0.446000,1.16229443e-01,1.08729443e-01,7.248630,-3.19027942e-02,2.58085372e-03
0.447000,1.16197533e-01,1.08697533e-01,7.246502,-3.19107815e-02,2.56951286e-03
0.448000,1.16165610e-01,1.08665610e-01,7.244374,-3.19226402e-02,2.58857266e-03
0.449000,1.16133675e-01,1.08633675e-01,7.242245,-3.19348528e-02,2.59756885e-03
0.450000,1.16101736e-01,1.08601736e-01,7.240116,-3.19392151e-02,2.59939993e-03
0.451000,1.16069796e-01,1.08569796e-01,7.237986,-3.19402991e-02,2.58507261e-03
0.452000,1.16037852e-01,1.08537852e-01,7.235857,-3.19433153e-02,2.55980797e-03
0.453000,1.16005897e-01,1.08505897e-01,7.233726,-3.19555047e-02,2.56860499e-03
0.454000,1.15973922e-01,1.08473922e-01,7.231595,-3.19744356e-02,2.56994586e-03
0.455000,1.15941932e-01,1.08441932e-01,7.229462,-3.19902404e-02,2.59655046e-03
0.456000,1.15909931e-01,1.08409931e-01,7.227329,-3.20009001e-02,2.57176645e-03
0.457000,1.15877924e-01,1.08377924e-01,7.225195,-3.20072052e-02,2.58965427e-03
0.458000,1.15845906e-01,1.08345906e-01,7.223060,-3.20184864e-02,2.59411690e-03
0.459000,1.15813882e-01,1.08313882e-01,7.220925,-3.20231039e-02,2.60244766e-03
0.460000,1.15781858e-01,1.08281858e-01,7.218791,-3.20247826e-02,2.57081022e-03
0.461000,1.15749828e-01,1.08249828e-01,7.216655,-3.20293201e-02,2.55998513e-03
0.462000,1.15717782e-01,1.08217782e-01,7.214519,-3.20461621e-02,2.58832122e-03
0.463000,1.15685721e-01,1.08185721e-01,7.212381,-3.20615483e-02,2.56389445e-03
0.464000,1.15653649e-01,1.08153649e-01,7.210243,-3.20719481e-02,2.59098849e-03
0.465000,1.15621563e-01,1.08121563e-01,7.208104,-3.20855787e-02,2.58073992e-03
0.466000,1.15589471e-01,1.08089471e-01,7.205965,-3.20921236e-02,2.58941104e-03
0.467000,1.15557370e-01,1.08057370e-01,7.203825,-3.21005008e-02,2.59946524e-03
0.468000,1.15525266e-01,1.08025266e-01,7.201684,-3.21042524e-02,2.59208663e-03
0.469000,1.15493160e-01,1.07993160e-01,7.199544,-3.21060069e-02,2.56559531e-03
0.470000,1.15461045e-01,1.07961045e-01,7.197403,-3.21148693e-02,2.56898332e-03
0.471000,1.15428914e-01,1.07928914e-01,7.195261,-3.21318327e-02,2.57001152e-03
0.472000,1.15396766e-01,1.07896766e-01,7.193118,-3.21475016e-02,2.59908490e-03
0.473000,1.15364608e-01,1.07864608e-01,7.190974,-3.21576915e-02,2.56956261e-03
0.474000,1.15332445e-01,1.07832445e-01,7.188830,-3.21635540e-02,2.59072151e-03
0.475000,1.15300269e-01,1.07800269e-01,7.186685,-3.21753703e-02,2.59287528e-03
0.476000,1.15268090e-01,1.07768090e-01,7.184539,-3.21798569e-02,2.60417181e-03
0.477000,1.15235908e-01,1.07735908e-01,7.182394,-3.21816384e-02,2.58514344e-03
0.478000,1.15203725e-01,1.07703725e-01,7.180248,-3.21830750e-02,2.55791585e-03
0.479000,1.15171529e-01,1.07671529e-01,7.178102,-3.21955757e-02,2.58454254e-03
0.480000,1.15139317e-01,1.07639317e-01,7.175954,-3.22123097e-02,2.56925026e-03
0.481000,1.15107094e-01,1.07607094e-01,7.173806,-3.22230033e-02,2.58886488e-03
0.482000,1.15074859e-01,1.07574859e-01,7.171657,-3.22352505e-02,2.57507650e-03
0.483000,1.15042615e-01,1.07542615e-01,7.169508,-3.22434944e-02,2.59887429e-03
0.484000,1.15010363e-01,1.07510363e-01,7.167358,-3.22520581e-02,2.60051244e-03
0.485000,1.14978111e-01,1.07478111e-01,7.165207,-3.22525166e-02,2.59318300e-03
0.486000,1.14945857e-01,1.07445857e-01,7.163057,-3.22537333e-02,2.58364602e-03
0.487000,1.14913598e-01,1.07413598e-01,7.160907,-3.22590436e-02,2.55684905e-03
0.488000,1.14881326e-01,1.07381326e-01,7.158755,-3.22722246e-02,2.57517717e-03
0.489000,1.14849035e-01,1.07349035e-01,7.156602,-3.22909651e-02,2.59112852e-03
0.490000,1.14816734e-01,1.07316734e-01,7.154449,-3.23008656e-02,2.58689062e-03
0.491000,1.14784428e-01,1.07284428e-01,7.152295,-3.23062768e-02,2.58281140e-03
0.492000,1.14752114e-01,1.07252114e-01,7.150141,-3.23138012e-02,2.58751072e-03
0.493000,1.14719792e-01,1.07219792e-01,7.147986,-3.23218342e-02,2.60099947e-03
0.494000,1.14687466e-01,1.07187466e-01,7.145831,-3.23259386e-02,2.59723499e-03
0.495000,1.14655140e-01,1.07155140e-01,7.143676,-3.23262787e-02,2.56278295e-03
0.496000,1.14622806e-01,1.07122806e-01,7.141520,-3.23339476e-02,2.57059696e-03
0.497000,1.14590454e-01,1.07090454e-01,7.139364,-3.23515493e-02,2.58626954e-03
0.498000,1.14558090e-01,1.07058090e-01,7.137206,-3.23638132e-02,2.58663113e-03
0.499000,1.14525719e-01,1.07025719e-01,7.135048,-3.23708661e-02,2.56600893e-03
0.500000,1.14493338e-01,1.06993338e-01,7.132889,-3.23814470e-02,2.60099995e-03
0.501000,1.14460945e-01,1.06960945e-01,7.130730,-3.23926128e-02,2.60363537e-03
0.502000,1.14428554e-01,1.06928554e-01,7.128570,-3.23918210e-02,2.60190440e-03
0.503000,1.14396163e-01,1.06896163e-01,7.126411,-3.23904697e-02,2.58235913e-03
0.504000,1.14363770e-01,1.06863770e-01,7.124251,-3.23931433e-02,2.55963129e-03
0.505000,1.14331364e-01,1.06831364e-01,7.122091,-3.24062550e-02,2.57166460e-03
0.506000,1.14298939e-01,1.06798939e-01,7.119929,-3.24247029e-02,2.58790114e-03
0.507000,1.14266503e-01,1.06766503e-01,7.117767,-3.24363277e-02,2.59515710e-03
0.508000,1.14234061e-01,1.06734061e-01,7.115604,-3.24413370e-02,2.58356606e-03
0.509000,1.14201615e-01,1.06701615e-01,7.113441,-3.24460131e-02,2.57974584e-03
0.510000,1.14169160e-01,1.06669160e-01,7.111277,-3.24551714e-02,2.60471504e-03
0.511000,1.14136699e-01,1.06636699e-01,7.109113,-3.24611688e-02,2.60144856e-03
0.512000,1.14104239e-01,1.06604239e-01,7.106949,-3.24595436e-02,2.56872805e-03
0.513000,1.14071775e-01,1.06571775e-01,7.104785,-3.24647774e-02,2.56910104e-03
0.514000,1.14039294e-01,1.06539294e-01,7.102620,-3.24806911e-02,2.58633081e-03
0.515000,1.14006801e-01,1.06506801e-01,7.100453,-3.24934355e-02,2.58894050e-03
0.516000,1.13974301e-01,1.06474301e-01,7.098287,-3.25000598e-02,2.57335575e-03
0.517000,1.13941792e-01,1.06441792e-01,7.096119,-3.25085831e-02,2.59679327e-03
0.518000,1.13909274e-01,1.06409274e-01,7.093952,-3.25180800e-02,2.59931088e-03
0.519000,1.13876754e-01,1.06376754e-01,7.091784,-3.25194345e-02,2.61181793e-03
0.520000,1.13844237e-01,1.06344237e-01,7.089616,-3.25177503e-02,2.58649728e-03
0.521000,1.13811720e-01,1.06311720e-01,7.087448,-3.25164364e-02,2.56125923e-03
0.522000,1.13779192e-01,1.06279192e-01,7.085279,-3.25279012e-02,2.56973529e-03
0.523000,1.13746646e-01,1.06246646e-01,7.083110,-3.25461557e-02,2.59072742e-03
0.524000,1.13714088e-01,1.06214088e-01,7.080939,-3.25579142e-02,2.59111687e-03
0.525000,1.13681526e-01,1.06181526e-01,7.078768,-3.25627098e-02,2.58246008e-03
0.526000,1.13648957e-01,1.06148957e-01,7.076597,-3.25689083e-02,2.59859045e-03
0.527000,1.13616382e-01,1.06116382e-01,7.074425,-3.25750974e-02,2.59141446e-03
0.528000,1.13583804e-01,1.06083804e-01,7.072254,-3.25772580e-02,2.60402665e-03
0.529000,1.13551225e-01,1.06051225e-01,7.070082,-3.25795450e-02,2.57373994e-03
0.530000,1.13518642e-01,1.06018642e-01,7.067909,-3.25830458e-02,2.57404520e-03
0.531000,1.13486045e-01,1.05986045e-01,7.065736,-3.25964393e-02,2.58474079e-03
0.532000,1.13453437e-01,1.05953437e-01,7.063562,-3.26078411e-02,2.58023163e-03
0.533000,1.13420821e-01,1.05920821e-01,7.061388,-3.26165277e-02,2.58769438e-03
0.534000,1.13388196e-01,1.05888196e-01,7.059213,-3.26253755e-02,2.59031882e-03
0.535000,1.13355564e-01,1.05855564e-01,7.057038,-3.26313083e-02,2.60613001e-03
0.536000,1.13322931e-01,1.05822931e-01,7.054862,-3.26335831e-02,2.60146823e-03
0.537000,1.13290299e-01,1.05790299e-01,7.052687,-3.26314897e-02,2.59910438e-03
0.538000,1.13257668e-01,1.05757668e-01,7.050511,-3.26313454e-02,2.55572650e-03
0.539000,1.13225028e-01,1.05725028e-01,7.048335,-3.26396482e-02,2.57778334e-03
0.540000,1.13192370e-01,1.05692370e-01,7.046158,-3.26582965e-02,2.58471154e-03
0.541000,1.13159701e-01,1.05659701e-01,7.043980,-3.26684758e-02,2.59210127e-03
0.542000,1.13127026e-01,1.05627026e-01,7.041802,-3.26750730e-02,2.58283989e-03
0.543000,1.13094345e-01,1.05594345e-01,7.039623,-3.26808811e-02,2.60594392e-03
0.544000,1.13061660e-01,1.05561660e-01,7.037444,-3.26856451e-02,2.58483911e-03
0.545000,1.13028973e-01,1.05528973e-01,7.035265,-3.26865535e-02,2.60914747e-03
0.546000,1.12996283e-01,1.05496283e-01,7.033086,-3.26900943e-02,2.57652328e-03
0.547000,1.12963592e-01,1.05463592e-01,7.030906,-3.26914212e-02,2.57267431e-03
0.548000,1.12930888e-01,1.05430888e-01,7.028726,-3.27041430e-02,2.58619211e-03
0.549000,1.12898172e-01,1.05398172e-01,7.026545,-3.27157384e-02,2.58209236e-03
0.550000,1.12865448e-01,1.05365448e-01,7.024363,-3.27236193e-02,2.58931765e-03
0.551000,1.12832717e-01,1.05332717e-01,7.022181,-3.27315689e-02,2.58963747e-03
0.552000,1.12799980e-01,1.05299980e-01,7.019999,-3.27370891e-02,2.60794299e-03
0.553000,1.12767240e-01,1.05267240e-01,7.017816,-3.27392671e-02,2.60240971e-03
0.554000,1.12734504e-01,1.05234504e-01,7.015634,-3.27364118e-02,2.60062357e-03
0.555000,1.12701768e-01,1.05201768e-01,7.013451,-3.27356896e-02,2.55502094e-03
0.556000,1.12669025e-01,1.05169025e-01,7.011268,-3.27436183e-02,2.58079010e-03
0.557000,1.12636263e-01,1.05136263e-01,7.009084,-3.27619666e-02,2.58599831e-03
0.558000,1.12603492e-01,1.05103492e-01,7.006899,-3.27709309e-02,2.59365492e-03
0.559000,1.12570715e-01,1.05070715e-01,7.004714,-3.27768307e-02,2.58437770e-03
0.560000,1.12537933e-01,1.05037933e-01,7.002529,-3.27818566e-02,2.60580175e-03
0.561000,1.12505147e-01,1.05005147e-01,7.000343,-3.27861407e-02,2.58874078e-03
0.562000,1.12472360e-01,1.04972360e-01,6.998157,-3.27864058e-02,2.60808311e-03
0.563000,1.12439572e-01,1.04939572e-01,6.995971,-3.27888535e-02,2.57318388e-03
0.564000,1.12406780e-01,1.04906780e-01,6.993785,-3.27911205e-02,2.57830482e-03
0.565000,1.12373977e-01,1.04873977e-01,6.991598,-3.28039433e-02,2.58234858e-03
0.566000,1.12341162e-01,1.04841162e-01,6.989411,-3.28143692e-02,2.59085940e-03
0.567000,1.12308340e-01,1.04808340e-01,6.987223,-3.28219621e-02,2.58319047e-03
0.568000,1.12275512e-01,1.04775512e-01,6.985034,-3.28281160e-02,2.59576543e-03
0.569000,1.12242677e-01,1.04742677e-01,6.982845,-3.28345648e-02,2.60258483e-03
0.570000,1.12209842e-01,1.04709842e-01,6.980656,-3.28356778e-02,2.61394907e-03
0.571000,1.12177009e-01,1.04677009e-01,6.978467,-3.28325416e-02,2.59222176e-03
0.572000,1.12144180e-01,1.04644180e-01,6.976279,-3.28295154e-02,2.56209369e-03
0.573000,1.12111341e-01,1.04611341e-01,6.974089,-3.28389527e-02,2.56952820e-03
0.574000,1.12078484e-01,1.04578484e-01,6.971899,-3.28569697e-02,2.59715921e-03
0.575000,1.12045616e-01,1.04545616e-01,6.969708,-3.28676589e-02,2.59573462e-03
0.576000,1.12012747e-01,1.04512747e-01,6.967516,-3.28695256e-02,2.58711295e-03
0.577000,1.11979873e-01,1.04479873e-01,6.965325,-3.28733848e-02,2.59154111e-03
0.578000,1.11946994e-01,1.04446994e-01,6.963133,-3.28792924e-02,2.60272447e-03
0.579000,1.11914112e-01,1.04414112e-01,6.960941,-3.28817680e-02,2.60662326e-03
0.580000,1.11881232e-01,1.04381232e-01,6.958749,-3.28798815e-02,2.57169783e-03
0.581000,1.11848349e-01,1.04348349e-01,6.956557,-3.28828906e-02,2.57581990e-03
0.582000,1.11815453e-01,1.04315453e-01,6.954364,-3.28966409e-02,2.59027361e-03
0.583000,1.11782546e-01,1.04282546e-01,6.952170,-3.29064815e-02,2.59251426e-03
0.584000,1.11749635e-01,1.04249635e-01,6.949976,-3.29111790e-02,2.57104076e-03
0.585000,1.11716716e-01,1.04216716e-01,6.947781,-3.29189380e-02,2.60754646e-03
0.586000,1.11683789e-01,1.04183789e-01,6.945586,-3.29272935e-02,2.60574248e-03
0.587000,1.11650865e-01,1.04150865e-01,6.943391,-3.29239791e-02,2.61371623e-03
0.588000,1.11617945e-01,1.04117945e-01,6.941196,-3.29198471e-02,2.58331213e-03
0.589000,1.11585027e-01,1.04085027e-01,6.939002,-3.29184729e-02,2.56693286e-03
0.590000,1.11552097e-01,1.04052097e-01,6.936806,-3.29299805e-02,2.57315177e-03
0.591000,1.11519151e-01,1.04019151e-01,6.934610,-3.29457675e-02,2.59577945e-03
0.592000,1.11486195e-01,1.03986195e-01,6.932413,-3.29555106e-02,2.60183273e-03
0.593000,1.11453239e-01,1.03953239e-01,6.930216,-3.29567521e-02,2.58934352e-03
0.594000,1.11420280e-01,1.03920280e-01,6.928019,-3.29582141e-02,2.58445747e-03
0.595000,1.11387316e-01,1.03887316e-01,6.925821,-3.29646418e-02,2.60982451e-03
0.596000,1.11354348e-01,1.03854348e-01,6.923623,-3.29681883e-02,2.60604511e-03
0.597000,1.11321383e-01,1.03821383e-01,6.921426,-3.29640722e-02,2.56865335e-03
0.598000,1.11288416e-01,1.03788416e-01,6.919228,-3.29678096e-02,2.57574612e-03
0.599000,1.11255433e-01,1.03755433e-01,6.917029,-3.29825728e-02,2.58875684e-03
0.600000,1.11222440e-01,1.03722440e-01,6.914829,-3.29927058e-02,2.59650124e-03
0.601000,1.11189443e-01,1.03689443e-01,6.912630,-3.29971964e-02,2.57377654e-03
0.602000,1.11156440e-01,1.03656440e-01,6.910429,-3.30031622e-02,2.60695075e-03
0.603000,1.11123429e-01,1.03623429e-01,6.908229,-3.30107246e-02,2.60927070e-03
0.604000,1.11090422e-01,1.03590422e-01,6.906028,-3.30069819e-02,2.60818674e-03
0.605000,1.11057420e-01,1.03557420e-01,6.903828,-3.30026690e-02,2.58172991e-03
0.606000,1.11024416e-01,1.03524416e-01,6.901628,-3.30033906e-02,2.56703700e-03
0.607000,1.10991401e-01,1.03491401e-01,6.899427,-3.30153994e-02,2.58318834e-03
0.608000,1.10958371e-01,1.03458371e-01,6.897225,-3.30293773e-02,2.59676872e-03
0.609000,1.10925336e-01,1.03425336e-01,6.895022,-3.30356494e-02,2.59179217e-03
0.610000,1.10892297e-01,1.03392297e-01,6.892820,-3.30383415e-02,2.59715743e-03
0.611000,1.10859256e-01,1.03359256e-01,6.890617,-3.30417192e-02,2.59109464e-03
0.612000,1.10826211e-01,1.03326211e-01,6.888414,-3.30444070e-02,2.60917739e-03
0.613000,1.10793165e-01,1.03293165e-01,6.886211,-3.30458881e-02,2.60051580e-03
0.614000,1.10760123e-01,1.03260123e-01,6.884008,-3.30429624e-02,2.56878265e-03
0.615000,1.10727074e-01,1.03227074e-01,6.881805,-3.30484928e-02,2.58722017e-03
0.616000,1.10694013e-01,1.03194013e-01,6.879601,-3.30611845e-02,2.57547322e-03
0.617000,1.10660943e-01,1.03160943e-01,6.877396,-3.30698983e-02,2.59743717e-03
0.618000,1.10627864e-01,1.03127864e-01,6.875191,-3.30785859e-02,2.58547781e-03
0.619000,1.10594782e-01,1.03094782e-01,6.872985,-3.30821751e-02,2.61855370e-03
0.620000,1.10561698e-01,1.03061698e-01,6.870780,-3.30838428e-02,2.58788099e-03
0.621000,1.10528618e-01,1.03028618e-01,6.868575,-3.30800721e-02,2.61063748e-03
0.622000,1.10495536e-01,1.02995536e-01,6.866369,-3.30823505e-02,2.57633583e-03
0.623000,1.10462453e-01,1.02962453e-01,6.864164,-3.30832211e-02,2.58272542e-03
0.624000,1.10429358e-01,1.02929358e-01,6.861957,-3.30942271e-02,2.56889575e-03
0.625000,1.10396253e-01,1.02896253e-01,6.859750,-3.31055802e-02,2.61222487e-03
0.626000,1.10363139e-01,1.02863139e-01,6.857543,-3.31138129e-02,2.57550070e-03
0.627000,1.10330025e-01,1.02830025e-01,6.855335,-3.31143099e-02,2.60497002e-03
0.628000,1.10296903e-01,1.02796903e-01,6.853127,-3.31216564e-02,2.59748308e-03
0.629000,1.10263782e-01,1.02763782e-01,6.850919,-3.31206487e-02,2.61954352e-03
0.630000,1.10230664e-01,1.02730664e-01,6.848711,-3.31181987e-02,2.58204264e-03
0.631000,1.10197549e-01,1.02697549e-01,6.846503,-3.31151353e-02,2.57248205e-03
0.632000,1.10164423e-01,1.02664423e-01,6.844295,-3.31260784e-02,2.59123534e-03
0.633000,1.10131286e-01,1.02631286e-01,6.842086,-3.31368451e-02,2.57815573e-03
0.634000,1.10098142e-01,1.02598142e-01,6.839876,-3.31437659e-02,2.60039800e-03
0.635000,1.10064991e-01,1.02564991e-01,6.837666,-3.31510489e-02,2.59068284e-03
0.636000,1.10031839e-01,1.02531839e-01,6.835456,-3.31527453e-02,2.60184321e-03
0.637000,1.09998683e-01,1.02498683e-01,6.833246,-3.31556587e-02,2.60719466e-03
0.638000,1.09965529e-01,1.02465529e-01,6.831035,-3.31539605e-02,2.60566664e-03
0.639000,1.09932378e-01,1.02432378e-01,6.828825,-3.31507750e-02,2.56987900e-03
0.640000,1.09899224e-01,1.02399224e-01,6.826615,-3.31544200e-02,2.57454613e-03
0.641000,1.09866055e-01,1.02366055e-01,6.824404,-3.31689929e-02,2.58353800e-03
0.642000,1.09832874e-01,1.02332874e-01,6.822192,-3.31804428e-02,2.61323137e-03
0.643000,1.09799691e-01,1.02299691e-01,6.819979,-3.31836888e-02,2.57324894e-03
0.644000,1.09766506e-01,1.02266506e-01,6.817767,-3.31842535e-02,2.60479794e-03
0.645000,1.09733314e-01,1.02233314e-01,6.815554,-3.31923699e-02,2.60618653e-03
0.646000,1.09700124e-01,1.02200124e-01,6.813342,-3.31898796e-02,2.61465851e-03
0.647000,1.09666939e-01,1.02166939e-01,6.811129,-3.31854351e-02,2.57602680e-03
0.648000,1.09633754e-01,1.02133754e-01,6.808917,-3.31850399e-02,2.57666834e-03
0.649000,1.09600557e-01,1.02100557e-01,6.806704,-3.31972184e-02,2.59032026e-03
0.650000,1.09567350e-01,1.02067350e-01,6.804490,-3.32067721e-02,2.58701233e-03
0.651000,1.09534137e-01,1.02034137e-01,6.802276,-3.32124272e-02,2.59151910e-03
0.652000,1.09500919e-01,1.02000919e-01,6.800061,-3.32183718e-02,2.60009286e-03
0.653000,1.09467698e-01,1.01967698e-01,6.797847,-3.32213200e-02,2.60292002e-03
0.654000,1.09434477e-01,1.01934477e-01,6.795632,-3.32209526e-02,2.60938788e-03
0.655000,1.09401258e-01,1.01901258e-01,6.793417,-3.32185129e-02,2.60561682e-03
0.656000,1.09368044e-01,1.01868044e-01,6.791203,-3.32146160e-02,2.56065481e-03
0.657000,1.09334824e-01,1.01834824e-01,6.788988,-3.32199085e-02,2.57940277e-03
0.658000,1.09301587e-01,1.01801587e-01,6.786772,-3.32366519e-02,2.59108884e-03
0.659000,1.09268342e-01,1.01768342e-01,6.784556,-3.32451716e-02,2.60277672e-03
0.660000,1.09235094e-01,1.01735094e-01,6.782340,-3.32477866e-02,2.59049384e-03
0.661000,1.09201845e-01,1.01701845e-01,6.780123,-3.32487352e-02,2.59569300e-03
0.662000,1.09168592e-01,1.01668592e-01,6.777906,-3.32527982e-02,2.60383265e-03
0.663000,1.09135339e-01,1.01635339e-01,6.775689,-3.32537144e-02,2.60984713e-03
0.664000,1.09102088e-01,1.01602088e-01,6.773473,-3.32508937e-02,2.57660865e-03
0.665000,1.09068836e-01,1.01568836e-01,6.771256,-3.32519757e-02,2.57904108e-03
0.666000,1.09035572e-01,1.01535572e-01,6.769038,-3.32635436e-02,2.59074959e-03
0.667000,1.09002300e-01,1.01502300e-01,6.766820,-3.32722421e-02,2.59474182e-03
0.668000,1.08969024e-01,1.01469024e-01,6.764602,-3.32763893e-02,2.57808823e-03
0.669000,1.08935742e-01,1.01435742e-01,6.762383,-3.32821705e-02,2.60969562e-03
0.670000,1.08902454e-01,1.01402454e-01,6.760164,-3.32878315e-02,2.60974098e-03
0.671000,1.08869171e-01,1.01369171e-01,6.757945,-3.32831042e-02,2.61292785e-03
0.672000,1.08835893e-01,1.01335893e-01,6.755726,-3.32777984e-02,2.58317313e-03
0.673000,1.08802616e-01,1.01302616e-01,6.753508,-3.32767078e-02,2.57147799e-03
0.674000,1.08769329e-01,1.01269329e-01,6.751289,-3.32874572e-02,2.58305192e-03
0.675000,1.08736029e-01,1.01236029e-01,6.749069,-3.33000008e-02,2.59979204e-03
0.676000,1.08702723e-01,1.01202723e-01,6.746848,-3.33057830e-02,2.59433709e-03
0.677000,1.08669416e-01,1.01169416e-01,6.744628,-3.33070322e-02,2.59978623e-03
0.678000,1.08636107e-01,1.01136107e-01,6.742407,-3.33091092e-02,2.59246526e-03
0.679000,1.08602796e-01,1.01102796e-01,6.740186,-3.33106913e-02,2.61595923e-03
0.680000,1.08569486e-01,1.01069486e-01,6.737966,-3.33105230e-02,2.60251328e-03
0.681000,1.08536180e-01,1.01036180e-01,6.735745,-3.33050168e-02,2.56514695e-03
0.682000,1.08502870e-01,1.01002870e-01,6.733525,-3.33105342e-02,2.59247819e-03
0.683000,1.08469546e-01,1.00969546e-01,6.731303,-3.33234900e-02,2.58408325e-03
0.684000,1.08436218e-01,1.00936218e-01,6.729081,-3.33289544e-02,2.59242308e-03
0.685000,1.08402882e-01,1.00902882e-01,6.726859,-3.33357011e-02,2.59500713e-03
0.686000,1.08369543e-01,1.00869543e-01,6.724636,-3.33392518e-02,2.60921967e-03
0.687000,1.08336203e-01,1.00836203e-01,6.722414,-3.33394406e-02,2.60079482e-03
0.688000,1.08302867e-01,1.00802867e-01,6.720191,-3.33364516e-02,2.61011544e-03
0.689000,1.08269532e-01,1.00769532e-01,6.717969,-3.33345812e-02,2.57281356e-03
0.690000,1.08236196e-01,1.00736196e-01,6.715746,-3.33362462e-02,2.58020730e-03
0.691000,1.08202847e-01,1.00702847e-01,6.713523,-3.33488542e-02,2.58327167e-03
0.692000,1.08169489e-01,1.00669489e-01,6.711299,-3.33584920e-02,2.60992033e-03
0.693000,1.08136126e-01,1.00636126e-01,6.709075,-3.33624110e-02,2.57465175e-03
0.694000,1.08102762e-01,1.00602762e-01,6.706851,-3.33638150e-02,2.60825109e-03
0.695000,1.08069391e-01,1.00569391e-01,6.704626,-3.33708601e-02,2.60538532e-03
0.696000,1.08036024e-01,1.00536024e-01,6.702402,-3.33673774e-02,2.61821211e-03
0.697000,1.08002661e-01,1.00502661e-01,6.700177,-3.33625676e-02,2.58047666e-03
0.698000,1.07969301e-01,1.00469301e-01,6.697953,-3.33602184e-02,2.57169101e-03
0.699000,1.07935929e-01,1.00435929e-01,6.695729,-3.33718157e-02,2.60109972e-03
0.700000,1.07902548e-01,1.00402548e-01,6.693503,-3.33810978e-02,2.58108876e-03
0.701000,1.07869164e-01,1.00369164e-01,6.691278,-3.33842603e-02,2.59636465e-03
0.702000,1.07835773e-01,1.00335773e-01,6.689052,-3.33912934e-02,2.60218564e-03
0.703000,1.07802381e-01,1.00302381e-01,6.686825,-3.33922802e-02,2.60198204e-03
0.704000,1.07768989e-01,1.00268989e-01,6.684599,-3.33913913e-02,2.61033546e-03
0.705000,1.07735600e-01,1.00235600e-01,6.682373,-3.33890921e-02,2.60717887e-03
0.706000,1.07702215e-01,1.00202215e-01,6.680148,-3.33846078e-02,2.56607970e-03
0.707000,1.07668827e-01,1.00168827e-01,6.677922,-3.33884280e-02,2.57806692e-03
0.708000,1.07635423e-01,1.00135423e-01,6.675695,-3.34036260e-02,2.59363460e-03
0.709000,1.07602011e-01,1.00102011e-01,6.673467,-3.34121342e-02,2.60156188e-03
0.710000,1.07568597e-01,1.00068597e-01,6.671240,-3.34141279e-02,2.59697230e-03
0.711000,1.07535183e-01,1.00035183e-01,6.669012,-3.34143298e-02,2.59406162e-03
0.712000,1.07501766e-01,1.00001766e-01,6.666784,-3.34165538e-02,2.60549848e-03
0.713000,1.07468349e-01,9.99683490e-02,6.664557,-3.34177111e-02,2.61172079e-03
0.714000,1.07434934e-01,9.99349340e-02,6.662329,-3.34140121e-02,2.57948317e-03
0.715000,1.07401521e-01,9.99015210e-02,6.660101,-3.34139704e-02,2.57865926e-03
0.716000,1.07368096e-01,9.98680960e-02,6.657873,-3.34246617e-02,2.59219213e-03
0.717000,1.07334663e-01,9.98346630e-02,6.655644,-3.34332305e-02,2.59476386e-03
0.718000,1.07301226e-01,9.98012260e-02,6.653415,-3.34369001e-02,2.58293226e-03
0.719000,1.07267784e-01,9.97677840e-02,6.651186,-3.34418175e-02,2.60857984e-03
0.720000,1.07234338e-01,9.97343380e-02,6.648956,-3.34460849e-02,2.61495184e-03
0.721000,1.07200897e-01,9.97008970e-02,6.646726,-3.34408026e-02,2.60771404e-03
0.722000,1.07167462e-01,9.96674620e-02,6.644497,-3.34347075e-02,2.58905161e-03
0.723000,1.07134028e-01,9.96340280e-02,6.642269,-3.34342896e-02,2.56959001e-03
0.724000,1.07100585e-01,9.96005850e-02,6.640039,-3.34434423e-02,2.58439107e-03
0.725000,1.07067128e-01,9.95671280e-02,6.637809,-3.34563691e-02,2.60299845e-03
0.726000,1.07033667e-01,9.95336670e-02,6.635578,-3.34611445e-02,2.59096784e-03
0.727000,1.07000205e-01,9.95002050e-02,6.633347,-3.34619364e-02,2.60170278e-03
0.728000,1.06966740e-01,9.94667400e-02,6.631116,-3.34647811e-02,2.60010728e-03
0.729000,1.06933276e-01,9.94332760e-02,6.628885,-3.34643823e-02,2.61626028e-03
0.730000,1.06899814e-01,9.93998140e-02,6.626654,-3.34616511e-02,2.59882315e-03
0.731000,1.06866358e-01,9.93663580e-02,6.624424,-3.34566985e-02,2.56689490e-03
0.732000,1.06832895e-01,9.93328950e-02,6.622193,-3.34631187e-02,2.59513855e-03
0.733000,1.06799419e-01,9.92994190e-02,6.619961,-3.34750300e-02,2.58114104e-03
0.734000,1.06765939e-01,9.92659390e-02,6.617729,-3.34801410e-02,2.60330303e-03
0.735000,1.06732453e-01,9.92324530e-02,6.615497,-3.34859299e-02,2.59187506e-03
0.736000,1.06698967e-01,9.91989670e-02,6.613264,-3.34864614e-02,2.60237782e-03
0.737000,1.06665478e-01,9.91654780e-02,6.611032,-3.34888887e-02,2.61293980e-03
0.738000,1.06631992e-01,9.91319920e-02,6.608799,-3.34859990e-02,2.60864109e-03
0.739000,1.06598512e-01,9.90985120e-02,6.606567,-3.34804007e-02,2.57229334e-03
0.740000,1.06565029e-01,9.90650290e-02,6.604335,-3.34826419e-02,2.57732879e-03
0.741000,1.06531533e-01,9.90315330e-02,6.602102,-3.34959298e-02,2.58422341e-03
0.742000,1.06498027e-01,9.89980270e-02,6.599868,-3.35063447e-02,2.61607803e-03
0.743000,1.06464518e-01,9.89645180e-02,6.597635,-3.35088622e-02,2.58258929e-03
0.744000,1.06431011e-01,9.89310110e-02,6.595401,-3.35068403e-02,2.60449898e-03
0.745000,1.06397499e-01,9.88974990e-02,6.593167,-3.35119420e-02,2.60445325e-03
0.746000,1.06363989e-01,9.88639890e-02,6.590933,-3.35098564e-02,2.61791246e-03
0.747000,1.06330484e-01,9.88304840e-02,6.588699,-3.35054057e-02,2.57900671e-03
0.748000,1.06296980e-01,9.87969800e-02,6.586465,-3.35034149e-02,2.57819425e-03
0.749000,1.06263466e-01,9.87634660e-02,6.584231,-3.35143449e-02,2.59755479e-03
0.750000,1.06229944e-01,9.87299440e-02,6.581996,-3.35221181e-02,2.58939225e-03
0.751000,1.06196419e-01,9.86964190e-02,6.579761,-3.35249765e-02,2.59181155e-03
0.752000,1.06162889e-01,9.86628890e-02,6.577526,-3.35300877e-02,2.60129821e-03
0.753000,1.06129356e-01,9.86293560e-02,6.575290,-3.35327267e-02,2.61466872e-03
0.754000,1.06095826e-01,9.85958260e-02,6.573055,-3.35298858e-02,2.61245235e-03
0.755000,1.06062303e-01,9.85623030e-02,6.570820,-3.35230458e-02,2.59716809e-03
0.756000,1.06028784e-01,9.85287840e-02,6.568586,-3.35196365e-02,2.56670938e-03
0.757000,1.05995257e-01,9.84952570e-02,6.566350,-3.35266330e-02,2.57871947e-03
0.758000,1.05961715e-01,9.84617150e-02,6.564114,-3.35415088e-02,2.60386655e-03
0.759000,1.05928167e-01,9.84281670e-02,6.561878,-3.35479934e-02,2.60593722e-03
0.760000,1.05894622e-01,9.83946220e-02,6.559641,-3.35458530e-02,2.59059588e-03
0.761000,1.05861076e-01,9.83610760e-02,6.557405,-3.35457456e-02,2.59786584e-03
0.762000,1.05827526e-01,9.83275260e-02,6.555168,-3.35493909e-02,2.60772123e-03
0.763000,1.05793978e-01,9.82939780e-02,6.552932,-3.35489058e-02,2.61770310e-03
0.764000,1.05760434e-01,9.82604340e-02,6.550696,-3.35434189e-02,2.56383818e-03
0.765000,1.05726890e-01,9.82268900e-02,6.548459,-3.35441792e-02,2.59332332e-03
0.766000,1.05693333e-01,9.81933330e-02,6.546222,-3.35574154e-02,2.57877108e-03
0.767000,1.05659769e-01,9.81597690e-02,6.543985,-3.35635417e-02,2.60410979e-03
0.768000,1.05626199e-01,9.81261990e-02,6.541747,-3.35699662e-02,2.58895463e-03
0.769000,1.05592628e-01,9.80926280e-02,6.539509,-3.35707492e-02,2.62111249e-03
0.770000,1.05559057e-01,9.80590570e-02,6.537270,-3.35708226e-02,2.59470302e-03
0.771000,1.05525492e-01,9.80254920e-02,6.535033,-3.35650051e-02,2.61535469e-03
0.772000,1.05491928e-01,9.79919280e-02,6.532795,-3.35642088e-02,2.57505876e-03
0.773000,1.05458364e-01,9.79583640e-02,6.530558,-3.35637561e-02,2.58236864e-03
0.774000,1.05424789e-01,9.79247890e-02,6.528319,-3.35752446e-02,2.58321085e-03
0.775000,1.05391205e-01,9.78912050e-02,6.526080,-3.35841834e-02,2.61322386e-03
0.776000,1.05357618e-01,9.78576180e-02,6.523841,-3.35875381e-02,2.57716267e-03
0.777000,1.05324030e-01,9.78240300e-02,6.521602,-3.35874132e-02,2.60989273e-03
0.778000,1.05290437e-01,9.77904370e-02,6.519362,-3.35933433e-02,2.60729350e-03
0.779000,1.05256848e-01,9.77568480e-02,6.517123,-3.35889841e-02,2.62203185e-03
0.780000,1.05223265e-01,9.77232650e-02,6.514884,-3.35828721e-02,2.57898912e-03
0.781000,1.05189685e-01,9.76896850e-02,6.512646,-3.35795315e-02,2.57652934e-03
0.782000,1.05156095e-01,9.76560950e-02,6.510406,-3.35907617e-02,2.59729636e-03
0.783000,1.05122495e-01,9.76224950e-02,6.508166,-3.35991274e-02,2.58845969e-03
0.784000,1.05088893e-01,9.75888930e-02,6.505926,-3.36022355e-02,2.59573563e-03
0.785000,1.05055286e-01,9.75552860e-02,6.503686,-3.36069591e-02,2.60085662e-03
0.786000,1.05021678e-01,9.75216780e-02,6.501445,-3.36083875e-02,2.60997404e-03
0.787000,1.04988071e-01,9.74880710e-02,6.499205,-3.36065218e-02,2.61660425e-03
0.788000,1.04954471e-01,9.74544710e-02,6.496965,-3.36004894e-02,2.60133084e-03
0.789000,1.04920876e-01,9.74208760e-02,6.494725,-3.35949804e-02,2.56812150e-03
0.790000,1.04887276e-01,9.73872760e-02,6.492485,-3.36003601e-02,2.57694954e-03
0.791000,1.04853660e-01,9.73536600e-02,6.490244,-3.36150851e-02,2.59797643e-03
0.792000,1.04820037e-01,9.73200370e-02,6.488002,-3.36231925e-02,2.61038238e-03
0.793000,1.04786415e-01,9.72864150e-02,6.485761,-3.36222005e-02,2.59510926e-03
0.794000,1.04752795e-01,9.72527950e-02,6.483520,-3.36198351e-02,2.59147729e-03
0.795000,1.04719172e-01,9.72191720e-02,6.481278,-3.36231279e-02,2.61153951e-03
0.796000,1.04685548e-01,9.71855480e-02,6.479037,-3.36240657e-02,2.61966362e-03
0.797000,1.04651931e-01,9.71519310e-02,6.476795,-3.36169781e-02,2.56798516e-03
0.798000,1.04618315e-01,9.71183150e-02,6.474554,-3.36163612e-02,2.58470420e-03
0.799000,1.04584685e-01,9.70846850e-02,6.472312,-3.36297597e-02,2.58607559e-03
0.800000,1.04551048e-01,9.70510480e-02,6.470070,-3.36374248e-02,2.60496664e-03
0.801000,1.04517406e-01,9.70174060e-02,6.467827,-3.36412990e-02,2.58842908e-03
0.802000,1.04483764e-01,9.69837640e-02,6.465584,-3.36418935e-02,2.61931856e-03
0.803000,1.04450122e-01,9.69501220e-02,6.463341,-3.36424567e-02,2.59491568e-03
0.804000,1.04416485e-01,9.69164850e-02,6.461099,-3.36371907e-02,2.61766375e-03
0.805000,1.04382849e-01,9.68828490e-02,6.458857,-3.36359163e-02,2.57792485e-03
0.806000,1.04349215e-01,9.68492150e-02,6.456614,-3.36341985e-02,2.58398229e-03
0.807000,1.04315570e-01,9.68155700e-02,6.454371,-3.36444603e-02,2.58026547e-03
0.808000,1.04281917e-01,9.67819170e-02,6.452128,-3.36533900e-02,2.61558834e-03
0.809000,1.04248259e-01,9.67482590e-02,6.449884,-3.36572939e-02,2.57577291e-03
0.810000,1.04214603e-01,9.67146030e-02,6.447640,-3.36566382e-02,2.61144392e-03
0.811000,1.04180940e-01,9.66809400e-02,6.445396,-3.36627504e-02,2.60918054e-03
0.812000,1.04147282e-01,9.66472820e-02,6.443152,-3.36575481e-02,2.61800970e-03
0.813000,1.04113631e-01,9.66136310e-02,6.440909,-3.36515277e-02,2.58413715e-03
0.814000,1.04079982e-01,9.65799820e-02,6.438665,-3.36485976e-02,2.57618938e-03
0.815000,1.04046324e-01,9.65463240e-02,6.436422,-3.36581973e-02,2.60080393e-03
0.816000,1.04012658e-01,9.65126580e-02,6.434177,-3.36660543e-02,2.58582364e-03
0.817000,1.03978990e-01,9.64789900e-02,6.431933,-3.36684767e-02,2.59792610e-03
0.818000,1.03945316e-01,9.64453160e-02,6.429688,-3.36736786e-02,2.60305333e-03
0.819000,1.03911642e-01,9.64116420e-02,6.427443,-3.36739992e-02,2.60651417e-03
0.820000,1.03877970e-01,9.63779700e-02,6.425198,-3.36720239e-02,2.61462722e-03
0.821000,1.03844302e-01,9.63443020e-02,6.422953,-3.36674773e-02,2.60953452e-03
0.822000,1.03810641e-01,9.63106410e-02,6.420709,-3.36611669e-02,2.56728170e-03
0.823000,1.03776977e-01,9.62769770e-02,6.418465,-3.36640009e-02,2.57534635e-03
0.824000,1.03743298e-01,9.62432980e-02,6.416220,-3.36792852e-02,2.59660402e-03
0.825000,1.03709610e-01,9.62096100e-02,6.413974,-3.36881618e-02,2.61413110e-03
0.826000,1.03675923e-01,9.61759230e-02,6.411728,-3.36869576e-02,2.59315381e-03
0.827000,1.03642239e-01,9.61422390e-02,6.409483,-3.36837069e-02,2.59392544e-03
0.828000,1.03608552e-01,9.61085520e-02,6.407237,-3.36872089e-02,2.60953190e-03
0.829000,1.03574864e-01,9.60748640e-02,6.404991,-3.36876977e-02,2.62133107e-03
0.830000,1.03541183e-01,9.60411830e-02,6.402746,-3.36809746e-02,2.56856885e-03
0.831000,1.03507504e-01,9.60075040e-02,6.400500,-3.36797068e-02,2.58563635e-03
0.832000,1.03473811e-01,9.59738110e-02,6.398254,-3.36927488e-02,2.58620893e-03
0.833000,1.03440111e-01,9.59401110e-02,6.396007,-3.37000843e-02,2.60722290e-03
0.834000,1.03406407e-01,9.59064070e-02,6.393760,-3.37035156e-02,2.58720369e-03
0.835000,1.03372704e-01,9.58727040e-02,6.391514,-3.37035858e-02,2.62037059e-03
0.836000,1.03338999e-01,9.58389990e-02,6.389267,-3.37043655e-02,2.59496928e-03
0.837000,1.03305301e-01,9.58053010e-02,6.387020,-3.36987445e-02,2.61910173e-03
0.838000,1.03271603e-01,9.57716030e-02,6.384774,-3.36971982e-02,2.57907981e-03
0.839000,1.03237909e-01,9.57379090e-02,6.382527,-3.36948038e-02,2.58256850e-03
0.840000,1.03204204e-01,9.57042040e-02,6.380280,-3.37049363e-02,2.58186840e-03
0.841000,1.03170490e-01,9.56704900e-02,6.378033,-3.37140469e-02,2.61768465e-03
0.842000,1.03136773e-01,9.56367730e-02,6.375785,-3.37170537e-02,2.57407968e-03
0.843000,1.03103057e-01,9.56030570e-02,6.373537,-3.37160090e-02,2.61303046e-03
0.844000,1.03069334e-01,9.55693340e-02,6.371289,-3.37223967e-02,2.60965126e-03
0.845000,1.03035618e-01,9.55356180e-02,6.369041,-3.37165901e-02,2.61982789e-03
0.846000,1.03001907e-01,9.55019070e-02,6.366794,-3.37100935e-02,2.58367799e-03
0.847000,1.02968201e-01,9.54682010e-02,6.364547,-3.37066476e-02,2.57551466e-03
0.848000,1.02934484e-01,9.54344840e-02,6.362299,-3.37165173e-02,2.60061598e-03
0.849000,1.02900760e-01,9.54007600e-02,6.360051,-3.37246292e-02,2.58861740e-03
0.850000,1.02867033e-01,9.53670330e-02,6.357802,-3.37266192e-02,2.59668474e-03
0.851000,1.02833302e-01,9.53333020e-02,6.355553,-3.37311232e-02,2.60169752e-03
0.852000,1.02799570e-01,9.52995700e-02,6.353305,-3.37320912e-02,2.61128484e-03
0.853000,1.02765840e-01,9.52658400e-02,6.351056,-3.37297175e-02,2.61734159e-03
0.854000,1.02732117e-01,9.52321170e-02,6.348808,-3.37231242e-02,2.60259170e-03
0.855000,1.02698400e-01,9.51984000e-02,6.346560,-3.37171501e-02,2.56760543e-03
0.856000,1.02664678e-01,9.51646780e-02,6.344312,-3.37222070e-02,2.57906987e-03
0.857000,1.02630941e-01,9.51309410e-02,6.342063,-3.37367265e-02,2.59960614e-03
0.858000,1.02597197e-01,9.50971970e-02,6.339813,-3.37438494e-02,2.61166251e-03
0.859000,1.02563455e-01,9.50634550e-02,6.337564,-3.37420958e-02,2.59527858e-03
0.860000,1.02529716e-01,9.50297160e-02,6.335314,-3.37392800e-02,2.59334130e-03
0.861000,1.02495973e-01,9.49959730e-02,6.333065,-3.37421876e-02,2.61436824e-03
0.862000,1.02462231e-01,9.49622310e-02,6.330815,-3.37420130e-02,2.61750065e-03
0.863000,1.02428497e-01,9.49284970e-02,6.328566,-3.37343789e-02,2.57146746e-03
0.864000,1.02394763e-01,9.48947630e-02,6.326318,-3.37338565e-02,2.58698795e-03
0.865000,1.02361018e-01,9.48610180e-02,6.324068,-3.37457075e-02,2.58322452e-03
0.866000,1.02327264e-01,9.48272640e-02,6.321818,-3.37531268e-02,2.60557941e-03
0.867000,1.02293507e-01,9.47935070e-02,6.319567,-3.37578289e-02,2.59064658e-03
0.868000,1.02259749e-01,9.47597490e-02,6.317317,-3.37578300e-02,2.62286256e-03
0.869000,1.02225992e-01,9.47259920e-02,6.315066,-3.37570383e-02,2.59597429e-03
0.870000,1.02192241e-01,9.46922410e-02,6.312816,-3.37504212e-02,2.62058437e-03
0.871000,1.02158493e-01,9.46584930e-02,6.310566,-3.37482826e-02,2.57265874e-03
0.872000,1.02124746e-01,9.46247460e-02,6.308316,-3.37465369e-02,2.58456667e-03
0.873000,1.02090988e-01,9.45909880e-02,6.306066,-3.37584248e-02,2.58637119e-03
0.874000,1.02057222e-01,9.45572220e-02,6.303815,-3.37660829e-02,2.61252777e-03
0.875000,1.02023453e-01,9.45234530e-02,6.301564,-3.37685228e-02,2.58126092e-03
0.876000,1.01989686e-01,9.44896860e-02,6.299312,-3.37679017e-02,2.60958856e-03
0.877000,1.01955913e-01,9.44559130e-02,6.297061,-3.37725397e-02,2.61242432e-03
0.878000,1.01922146e-01,9.44221460e-02,6.294810,-3.37673731e-02,2.61842106e-03
0.879000,1.01888385e-01,9.43883850e-02,6.292559,-3.37602146e-02,2.58172451e-03
0.880000,1.01854628e-01,9.43546280e-02,6.290309,-3.37575761e-02,2.57931048e-03
0.881000,1.01820860e-01,9.43208600e-02,6.288057,-3.37674162e-02,2.59904551e-03
0.882000,1.01787086e-01,9.42870860e-02,6.285806,-3.37745592e-02,2.59170733e-03
0.883000,1.01753309e-01,9.42533090e-02,6.283554,-3.37765185e-02,2.59585596e-03
0.884000,1.01719529e-01,9.42195290e-02,6.281302,-3.37801542e-02,2.59904595e-03
0.885000,1.01685747e-01,9.41857470e-02,6.279050,-3.37818634e-02,2.61656635e-03
0.886000,1.01651968e-01,9.41519680e-02,6.276798,-3.37794266e-02,2.61786288e-03
0.887000,1.01618197e-01,9.41181970e-02,6.274546,-3.37710065e-02,2.59714835e-03
0.888000,1.01584431e-01,9.40844310e-02,6.272295,-3.37658238e-02,2.57075165e-03
0.889000,1.01550659e-01,9.40506590e-02,6.270044,-3.37721120e-02,2.57796422e-03
0.890000,1.01516873e-01,9.40168730e-02,6.267792,-3.37857938e-02,2.60809206e-03
0.891000,1.01483081e-01,9.39830810e-02,6.265539,-3.37917791e-02,2.60809783e-03
0.892000,1.01449293e-01,9.39492930e-02,6.263286,-3.37878690e-02,2.59189092e-03
0.893000,1.01415507e-01,9.39155070e-02,6.261034,-3.37868230e-02,2.60303240e-03
0.894000,1.01381718e-01,9.38817180e-02,6.258781,-3.37891293e-02,2.61288055e-03
0.895000,1.01347931e-01,9.38479310e-02,6.256529,-3.37860351e-02,2.61141282e-03
0.896000,1.01314152e-01,9.38141520e-02,6.254277,-3.37799662e-02,2.56893027e-03
0.897000,1.01280370e-01,9.37803700e-02,6.252025,-3.37818918e-02,2.59392465e-03
0.898000,1.01246576e-01,9.37465760e-02,6.249772,-3.37933493e-02,2.58865593e-03
0.899000,1.01212779e-01,9.37127790e-02,6.247519,-3.37975301e-02,2.60095395e-03
0.900000,1.01178977e-01,9.36789770e-02,6.245265,-3.38012664e-02,2.59539067e-03
0.901000,1.01145176e-01,9.36451760e-02,6.243012,-3.38019476e-02,2.60774397e-03
0.902000,1.01111373e-01,9.36113730e-02,6.240758,-3.38022714e-02,2.61543438e-03
0.903000,1.01077576e-01,9.35775760e-02,6.238505,-3.37971782e-02,2.60801050e-03
0.904000,1.01043785e-01,9.35437850e-02,6.236252,-3.37908722e-02,2.57811496e-03
0.905000,1.01009993e-01,9.35099930e-02,6.234000,-3.37922910e-02,2.57870128e-03
0.906000,1.00976190e-01,9.34761900e-02,6.231746,-3.38034243e-02,2.58718296e-03
0.907000,1.00942377e-01,9.34423770e-02,6.229492,-3.38128651e-02,2.62037966e-03
0.908000,1.00908563e-01,9.34085630e-02,6.227238,-3.38136499e-02,2.58449722e-03
0.909000,1.00874753e-01,9.33747530e-02,6.224984,-3.38098778e-02,2.60608278e-03
0.910000,1.00840939e-01,9.33409390e-02,6.222729,-3.38140730e-02,2.60682496e-03
0.911000,1.00807128e-01,9.33071280e-02,6.220475,-3.38110478e-02,2.62149511e-03
0.912000,1.00773323e-01,9.32733230e-02,6.218222,-3.38051847e-02,2.57760554e-03
0.913000,1.00739521e-01,9.32395210e-02,6.215968,-3.38022650e-02,2.58075322e-03
0.914000,1.00705707e-01,9.32057070e-02,6.213714,-3.38132027e-02,2.59592712e-03
0.915000,1.00671887e-01,9.31718870e-02,6.211459,-3.38204233e-02,2.60356795e-03
0.916000,1.00638066e-01,9.31380660e-02,6.209204,-3.38213094e-02,2.58261518e-03
0.917000,1.00604242e-01,9.31042420e-02,6.206949,-3.38233913e-02,2.60847778e-03
0.918000,1.00570414e-01,9.30704140e-02,6.204694,-3.38277810e-02,2.61960784e-03
0.919000,1.00536593e-01,9.30365930e-02,6.202440,-3.38217088e-02,2.61585667e-03
0.920000,1.00502780e-01,9.30027800e-02,6.200185,-3.38126447e-02,2.58931235e-03
0.921000,1.00468971e-01,9.29689710e-02,6.197931,-3.38095065e-02,2.57535751e-03
0.922000,1.00435153e-01,9.29351530e-02,6.195677,-3.38175537e-02,2.58682847e-03
0.923000,1.00401325e-01,9.29013250e-02,6.193422,-3.38281553e-02,2.60661473e-03
0.924000,1.00367493e-01,9.28674930e-02,6.191166,-3.38314908e-02,2.59449540e-03
0.925000,1.00333663e-01,9.28336630e-02,6.188911,-3.38304712e-02,2.60542218e-03
0.926000,1.00299831e-01,9.27998310e-02,6.186655,-3.38314996e-02,2.60037047e-03
0.927000,1.00266002e-01,9.27660020e-02,6.184400,-3.38298328e-02,2.62457219e-03
0.928000,1.00232176e-01,9.27321760e-02,6.182145,-3.38255453e-02,2.59736325e-03
0.929000,1.00198358e-01,9.26983580e-02,6.179891,-3.38181211e-02,2.57000019e-03
0.930000,1.00164533e-01,9.26645330e-02,6.177636,-3.38244716e-02,2.60151622e-03
0.931000,1.00130699e-01,9.26306990e-02,6.175380,-3.38342353e-02,2.57871744e-03
0.932000,1.00096862e-01,9.25968620e-02,6.173124,-3.38376804e-02,2.61257924e-03
0.933000,1.00063019e-01,9.25630190e-02,6.170868,-3.38426249e-02,2.59514282e-03
0.934000,1.00029179e-01,9.25291790e-02,6.168612,-3.38395320e-02,2.60708829e-03
0.935000,9.99953393e-02,9.24953393e-02,6.166356,-3.38400531e-02,2.60694357e-03
0.936000,9.99615026e-02,9.24615026e-02,6.164100,-3.38366768e-02,2.62044774e-03
0.937000,9.99276717e-02,9.24276717e-02,6.161845,-3.38309599e-02,2.57398992e-03
0.938000,9.98938426e-02,9.23938426e-02,6.159590,-3.38290236e-02,2.57493614e-03
0.939000,9.98600005e-02,9.23600005e-02,6.157333,-3.38421774e-02,2.59207468e-03
0.940000,9.98261485e-02,9.23261485e-02,6.155077,-3.38519897e-02,2.60906585e-03
0.941000,9.97922953e-02,9.22922953e-02,6.152820,-3.38531687e-02,2.60146284e-03
0.942000,9.97584452e-02,9.22584452e-02,6.150563,-3.38501121e-02,2.60210804e-03
0.943000,9.97245958e-02,9.22245958e-02,6.148306,-3.38494383e-02,2.60312458e-03
0.944000,9.96907474e-02,9.21907474e-02,6.146050,-3.38483729e-02,2.61901449e-03
0.945000,9.96569032e-02,9.21569032e-02,6.143794,-3.38441637e-02,2.58035486e-03
0.946000,9.96230617e-02,9.21230617e-02,6.141537,-3.38415725e-02,2.58514964e-03
0.947000,9.95892108e-02,9.20892108e-02,6.139281,-3.38508298e-02,2.59327397e-03
0.948000,9.95553537e-02,9.20553537e-02,6.137024,-3.38570758e-02,2.60193741e-03
0.949000,9.95214946e-02,9.20214946e-02,6.134766,-3.38591215e-02,2.58430530e-03
0.950000,9.94876332e-02,9.19876332e-02,6.132509,-3.38614401e-02,2.61639077e-03
0.951000,9.94537693e-02,9.19537693e-02,6.130251,-3.38638754e-02,2.61569716e-03
0.952000,9.94199134e-02,9.19199134e-02,6.127994,-3.38558960e-02,2.60966346e-03
0.953000,9.93860642e-02,9.18860642e-02,6.125738,-3.38492114e-02,2.58326085e-03
0.954000,9.93522150e-02,9.18522150e-02,6.123481,-3.38491773e-02,2.58664899e-03
0.955000,9.93183578e-02,9.18183578e-02,6.121224,-3.38572151e-02,2.58533388e-03
0.956000,9.92844934e-02,9.17844934e-02,6.118966,-3.38643728e-02,2.61178171e-03
0.957000,9.92506262e-02,9.17506262e-02,6.116708,-3.38672853e-02,2.58103500e-03
0.958000,9.92167592e-02,9.17167592e-02,6.114451,-3.38669492e-02,2.61390820e-03
0.959000,9.91828883e-02,9.16828883e-02,6.112193,-3.38708976e-02,2.60684300e-03
0.960000,9.91490230e-02,9.16490230e-02,6.109935,-3.38652992e-02,2.62067576e-03
0.961000,9.91151634e-02,9.16151634e-02,6.107678,-3.38595750e-02,2.59158757e-03
0.962000,9.90813090e-02,9.15813090e-02,6.105421,-3.38544519e-02,2.57623492e-03
0.963000,9.90474474e-02,9.15474474e-02,6.103163,-3.38615967e-02,2.59851214e-03
0.964000,9.90135775e-02,9.15135775e-02,6.100905,-3.38698440e-02,2.58899057e-03
0.965000,9.89797051e-02,9.14797051e-02,6.098647,-3.38724590e-02,2.60008322e-03
0.966000,9.89458288e-02,9.14458288e-02,6.096389,-3.38762394e-02,2.60678489e-03
0.967000,9.89119536e-02,9.14119536e-02,6.094130,-3.38751917e-02,2.60440950e-03
0.968000,9.88780813e-02,9.13780813e-02,6.091872,-3.38723631e-02,2.61665531e-03
0.969000,9.88442131e-02,9.13442131e-02,6.089614,-3.38681491e-02,2.61258621e-03
0.970000,9.88103525e-02,9.13103525e-02,6.087357,-3.38606329e-02,2.56841692e-03
0.971000,9.87764902e-02,9.12764902e-02,6.085099,-3.38622640e-02,2.57720782e-03
0.972000,9.87426134e-02,9.12426134e-02,6.082841,-3.38768463e-02,2.59925391e-03
0.973000,9.87087287e-02,9.12087287e-02,6.080582,-3.38846430e-02,2.61471217e-03
0.974000,9.86748463e-02,9.11748463e-02,6.078323,-3.38824658e-02,2.59761112e-03
0.975000,9.86409680e-02,9.11409680e-02,6.076065,-3.38782359e-02,2.59088639e-03
0.976000,9.86070872e-02,9.11070872e-02,6.073806,-3.38808116e-02,2.61675886e-03
0.977000,9.85732062e-02,9.10732062e-02,6.071547,-3.38810204e-02,2.61970774e-03
0.978000,9.85393340e-02,9.10393340e-02,6.069289,-3.38722109e-02,2.57002728e-03
0.979000,9.85054628e-02,9.10054628e-02,6.067031,-3.38712184e-02,2.59052480e-03
0.980000,9.84715799e-02,9.09715799e-02,6.064772,-3.38829169e-02,2.58437607e-03
0.981000,9.84376909e-02,9.09376909e-02,6.062513,-3.38889710e-02,2.60508378e-03
0.982000,9.84037975e-02,9.09037975e-02,6.060253,-3.38933826e-02,2.59606649e-03
0.983000,9.83699049e-02,9.08699049e-02,6.057994,-3.38925880e-02,2.61840437e-03
0.984000,9.83360141e-02,9.08360141e-02,6.055734,-3.38908047e-02,2.59965468e-03
0.985000,9.83021291e-02,9.08021291e-02,6.053475,-3.38850009e-02,2.61904766e-03
0.986000,9.82682472e-02,9.07682472e-02,6.051216,-3.38819254e-02,2.57598293e-03
0.987000,9.82343671e-02,9.07343671e-02,6.048958,-3.38800965e-02,2.58690358e-03
0.988000,9.82004766e-02,9.07004766e-02,6.046698,-3.38904794e-02,2.58223251e-03
0.989000,9.81665785e-02,9.06665785e-02,6.044439,-3.38981019e-02,2.62004948e-03
0.990000,9.81326779e-02,9.06326779e-02,6.042179,-3.39005709e-02,2.57994546e-03
0.991000,9.80987802e-02,9.05987802e-02,6.039919,-3.38977122e-02,2.61389753e-03
0.992000,9.80648782e-02,9.05648782e-02,6.037659,-3.39020203e-02,2.60795476e-03
0.993000,9.80309820e-02,9.05309820e-02,6.035399,-3.38962288e-02,2.61893081e-03
0.994000,9.79970915e-02,9.04970915e-02,6.033139,-3.38904481e-02,2.58165492e-03
0.995000,9.79632039e-02,9.04632039e-02,6.030880,-3.38876545e-02,2.58360254e-03
0.996000,9.79293071e-02,9.04293071e-02,6.028620,-3.38967585e-02,2.60146456e-03
0.997000,9.78954051e-02,9.03954051e-02,6.026360,-3.39020641e-02,2.59449412e-03
0.998000,9.78615023e-02,9.03615023e-02,6.024100,-3.39027362e-02,2.58907700e-03
0.999000,9.78275957e-02,9.03275957e-02,6.021840,-3.39066554e-02,2.60745478e-03
1.000000,9.77936866e-02,9.02936866e-02,6.019579,-3.39091039e-02,2.61904288e-03
1.001000,9.77597831e-02,9.02597831e-02,6.017319,-3.39034675e-02,2.61757904e-03
1.002000,9.77258888e-02,9.02258888e-02,6.015059,-3.38942843e-02,2.59246672e-03
1.003000,9.76919988e-02,9.01919988e-02,6.012800,-3.38900227e-02,2.57612736e-03
1.004000,9.76581019e-02,9.01581019e-02,6.010540,-3.38968978e-02,2.58295494e-03
1.005000,9.76241940e-02,9.01241940e-02,6.008280,-3.39079316e-02,2.60915885e-03
1.006000,9.75902819e-02,9.00902819e-02,6.006019,-3.39120893e-02,2.59718297e-03
1.007000,9.75563721e-02,9.00563721e-02,6.003758,-3.39097590e-02,2.60640629e-03
1.008000,9.75224624e-02,9.00224624e-02,6.001497,-3.39097307e-02,2.59713634e-03
1.009000,9.74885541e-02,8.99885541e-02,5.999237,-3.39083126e-02,2.62513584e-03
1.010000,9.74546491e-02,8.99546491e-02,5.996977,-3.39049875e-02,2.60038276e-03
1.011000,9.74207522e-02,8.99207522e-02,5.994717,-3.38968443e-02,2.57128088e-03
1.012000,9.73868503e-02,8.98868503e-02,5.992457,-3.39019767e-02,2.60025736e-03
1.013000,9.73529387e-02,8.98529387e-02,5.990196,-3.39115424e-02,2.57898983e-03
1.014000,9.73190234e-02,8.98190234e-02,5.987935,-3.39153527e-02,2.61475200e-03
1.015000,9.72851035e-02,8.97851035e-02,5.985674,-3.39198235e-02,2.59530275e-03
1.016000,9.72511876e-02,8.97511876e-02,5.983413,-3.39159888e-02,2.60802367e-03
1.017000,9.72172713e-02,8.97172713e-02,5.981151,-3.39162920e-02,2.60618493e-03
1.018000,9.71833585e-02,8.96833585e-02,5.978891,-3.39127426e-02,2.62249503e-03
1.019000,9.71494516e-02,8.96494516e-02,5.976630,-3.39069128e-02,2.57367102e-03
1.020000,9.71155472e-02,8.96155472e-02,5.974370,-3.39043605e-02,2.57627098e-03
1.021000,9.70816299e-02,8.95816299e-02,5.972109,-3.39173830e-02,2.59385290e-03
1.022000,9.70477034e-02,8.95477034e-02,5.969847,-3.39264425e-02,2.60991329e-03
1.023000,9.70137765e-02,8.95137765e-02,5.967585,-3.39268877e-02,2.60197784e-03
1.024000,9.69798531e-02,8.94798531e-02,5.965324,-3.39234617e-02,2.60022982e-03
1.025000,9.69459301e-02,8.94459301e-02,5.963062,-3.39229509e-02,2.60690019e-03
1.026000,9.69120083e-02,8.94120083e-02,5.960801,-3.39218346e-02,2.61833369e-03
1.027000,9.68780918e-02,8.93780918e-02,5.958539,-3.39165058e-02,2.58114864e-03
1.028000,9.68441778e-02,8.93441778e-02,5.956279,-3.39139979e-02,2.58216984e-03
1.029000,9.68102543e-02,8.93102543e-02,5.954017,-3.39235215e-02,2.59582237e-03
1.030000,9.67763240e-02,8.92763240e-02,5.951755,-3.39302953e-02,2.60287186e-03
1.031000,9.67423926e-02,8.92423926e-02,5.949493,-3.39313389e-02,2.58764382e-03
1.032000,9.67084599e-02,8.92084599e-02,5.947231,-3.39327603e-02,2.61720108e-03
1.033000,9.66745259e-02,8.91745259e-02,5.944968,-3.39339558e-02,2.60965485e-03
1.034000,9.66405991e-02,8.91405991e-02,5.942707,-3.39267788e-02,2.61676556e-03
1.035000,9.66066783e-02,8.91066783e-02,5.940445,-3.39208227e-02,2.57864141e-03
1.036000,9.65727590e-02,8.90727590e-02,5.938184,-3.39192731e-02,2.58765022e-03
1.037000,9.65388304e-02,8.90388304e-02,5.935922,-3.39286509e-02,2.58040866e-03
1.038000,9.65048940e-02,8.90048940e-02,5.933660,-3.39363507e-02,2.62184917e-03
1.039000,9.64709549e-02,8.89709549e-02,5.931397,-3.39391005e-02,2.57557734e-03
1.040000,9.64370185e-02,8.89370185e-02,5.929135,-3.39364232e-02,2.61305455e-03
1.041000,9.64030762e-02,8.89030762e-02,5.926872,-3.39423148e-02,2.61210409e-03
1.042000,9.63691401e-02,8.88691401e-02,5.924609,-3.39360665e-02,2.62180268e-03
1.043000,9.63352117e-02,8.88352117e-02,5.922347,-3.39284152e-02,2.58541846e-03
1.044000,9.63012877e-02,8.88012877e-02,5.920086,-3.39240129e-02,2.57924910e-03
1.045000,9.62673551e-02,8.87673551e-02,5.917824,-3.39326507e-02,2.60033616e-03
1.046000,9.62334155e-02,8.87334155e-02,5.915561,-3.39395856e-02,2.58958669e-03
1.047000,9.61994740e-02,8.86994740e-02,5.913298,-3.39414961e-02,2.60077002e-03
1.048000,9.61655290e-02,8.86655290e-02,5.911035,-3.39449593e-02,2.60008124e-03
1.049000,9.61315841e-02,8.86315841e-02,5.908772,-3.39448714e-02,2.61597089e-03
1.050000,9.60976419e-02,8.85976419e-02,5.906509,-3.39421999e-02,2.62174861e-03
1.051000,9.60637086e-02,8.85637086e-02,5.904247,-3.39332883e-02,2.59843173e-03
1.052000,9.60297820e-02,8.85297820e-02,5.901985,-3.39266025e-02,2.56927066e-03
1.053000,9.59958493e-02,8.84958493e-02,5.899723,-3.39327311e-02,2.58350546e-03
1.054000,9.59619034e-02,8.84619034e-02,5.897460,-3.39459194e-02,2.60536572e-03
1.055000,9.59279528e-02,8.84279528e-02,5.895197,-3.39505670e-02,2.61075673e-03
1.056000,9.58940057e-02,8.83940057e-02,5.892934,-3.39470821e-02,2.59348630e-03
1.057000,9.58600609e-02,8.83600609e-02,5.890671,-3.39448807e-02,2.60368686e-03
1.058000,9.58261143e-02,8.83261143e-02,5.888408,-3.39465474e-02,2.61463960e-03
1.059000,9.57921714e-02,8.82921714e-02,5.886145,-3.39429271e-02,2.61398616e-03
1.060000,9.57582356e-02,8.82582356e-02,5.883882,-3.39358254e-02,2.56967384e-03
1.061000,9.57242988e-02,8.82242988e-02,5.881620,-3.39367744e-02,2.59410734e-03
1.062000,9.56903508e-02,8.81903508e-02,5.879357,-3.39479555e-02,2.59108100e-03
1.063000,9.56563992e-02,8.81563992e-02,5.877093,-3.39516474e-02,2.60393851e-03
1.064000,9.56224451e-02,8.81224451e-02,5.874830,-3.39540595e-02,2.59530125e-03
1.065000,9.55884914e-02,8.80884914e-02,5.872566,-3.39537764e-02,2.60811085e-03
1.066000,9.55545373e-02,8.80545373e-02,5.870302,-3.39540646e-02,2.61674146e-03
1.067000,9.55205887e-02,8.80205887e-02,5.868039,-3.39486198e-02,2.61285286e-03
1.068000,9.54866476e-02,8.79866476e-02,5.865777,-3.39410282e-02,2.57586223e-03
1.069000,9.54527064e-02,8.79527064e-02,5.863514,-3.39412551e-02,2.58097190e-03
1.070000,9.54187537e-02,8.79187537e-02,5.861250,-3.39527266e-02,2.58756051e-03
1.071000,9.53847923e-02,8.78847923e-02,5.858986,-3.39613549e-02,2.61722538e-03
1.072000,9.53508297e-02,8.78508297e-02,5.856722,-3.39625736e-02,2.59270609e-03
1.073000,9.53168713e-02,8.78168713e-02,5.854458,-3.39583858e-02,2.61147647e-03
1.074000,9.52829124e-02,8.77829124e-02,5.852194,-3.39589312e-02,2.59893201e-03
1.075000,9.52489569e-02,8.77489569e-02,5.849930,-3.39555304e-02,2.62243191e-03
1.076000,9.52150048e-02,8.77150048e-02,5.847667,-3.39520938e-02,2.58131039e-03
1.077000,9.51810566e-02,8.76810566e-02,5.845404,-3.39482113e-02,2.58396069e-03
1.078000,9.51470992e-02,8.76470992e-02,5.843140,-3.39573651e-02,2.59758837e-03
1.079000,9.51131360e-02,8.76131360e-02,5.840876,-3.39632385e-02,2.60017084e-03
1.080000,9.50791718e-02,8.75791718e-02,5.838611,-3.39641798e-02,2.58357816e-03
1.081000,9.50452046e-02,8.75452046e-02,5.836347,-3.39672071e-02,2.61657495e-03
1.082000,9.50112347e-02,8.75112347e-02,5.834082,-3.39698486e-02,2.62193747e-03
1.083000,9.49772740e-02,8.74772740e-02,5.831818,-3.39607052e-02,2.61013284e-03
1.084000,9.49433221e-02,8.74433221e-02,5.829555,-3.39518882e-02,2.58590053e-03
1.085000,9.49093709e-02,8.74093709e-02,5.827291,-3.39512332e-02,2.58254309e-03
1.086000,9.48754118e-02,8.73754118e-02,5.825027,-3.39591301e-02,2.58751029e-03
1.087000,9.48414445e-02,8.73414445e-02,5.822763,-3.39672514e-02,2.61082850e-03
1.088000,9.48074749e-02,8.73074749e-02,5.820498,-3.39696177e-02,2.58795103e-03
1.089000,9.47735065e-02,8.72735065e-02,5.818234,-3.39683716e-02,2.60894111e-03
1.090000,9.47395356e-02,8.72395356e-02,5.815969,-3.39709270e-02,2.61005934e-03
1.091000,9.47055692e-02,8.72055692e-02,5.813705,-3.39663911e-02,2.62136165e-03
1.092000,9.46716097e-02,8.71716097e-02,5.811441,-3.39594894e-02,2.59180270e-03
1.093000,9.46376556e-02,8.71376556e-02,5.809177,-3.39541029e-02,2.57729482e-03
1.094000,9.46036946e-02,8.71036946e-02,5.806913,-3.39609896e-02,2.59729358e-03
1.095000,9.45697255e-02,8.70697255e-02,5.804648,-3.39691044e-02,2.59231536e-03
1.096000,9.45357540e-02,8.70357540e-02,5.802384,-3.39715316e-02,2.60133908e-03
1.097000,9.45017800e-02,8.70017800e-02,5.800119,-3.39739980e-02,2.60653672e-03
1.098000,9.44678074e-02,8.69678074e-02,5.797854,-3.39725817e-02,2.60437899e-03
1.099000,9.44338376e-02,8.69338376e-02,5.795589,-3.39698400e-02,2.61835160e-03
1.100000,9.43998723e-02,8.68998723e-02,5.793325,-3.39653361e-02,2.61370832e-03
1.101000,9.43659152e-02,8.68659152e-02,5.791061,-3.39570644e-02,2.56930960e-03
1.102000,9.43319570e-02,8.68319570e-02,5.788797,-3.39581691e-02,2.57742303e-03
1.103000,9.42979846e-02,8.67979846e-02,5.786532,-3.39724202e-02,2.60031700e-03
1.104000,9.42640046e-02,8.67640046e-02,5.784267,-3.39799582e-02,2.61526048e-03
1.105000,9.42300273e-02,8.67300273e-02,5.782002,-3.39773349e-02,2.59798099e-03
1.106000,9.41960544e-02,8.66960544e-02,5.779737,-3.39728596e-02,2.59424473e-03
1.107000,9.41620797e-02,8.66620797e-02,5.777472,-3.39747198e-02,2.61484749e-03
1.108000,9.41281056e-02,8.66281056e-02,5.775207,-3.39741638e-02,2.62170958e-03
1.109000,9.40941399e-02,8.65941399e-02,5.772943,-3.39656280e-02,2.56803554e-03
1.110000,9.40601756e-02,8.65601756e-02,5.770678,-3.39643302e-02,2.59406018e-03
1.111000,9.40261995e-02,8.65261995e-02,5.768413,-3.39760577e-02,2.58509084e-03
1.112000,9.39922187e-02,8.64922187e-02,5.766148,-3.39808243e-02,2.60632566e-03
1.113000,9.39582339e-02,8.64582339e-02,5.763882,-3.39847816e-02,2.59685141e-03
1.114000,9.39242505e-02,8.64242505e-02,5.761617,-3.39834403e-02,2.61475976e-03
1.115000,9.38902685e-02,8.63902685e-02,5.759351,-3.39820437e-02,2.60718067e-03
1.116000,9.38562923e-02,8.63562923e-02,5.757086,-3.39761060e-02,2.61477416e-03
1.117000,9.38223210e-02,8.63223210e-02,5.754821,-3.39713146e-02,2.58146178e-03
1.118000,9.37883511e-02,8.62883511e-02,5.752557,-3.39699202e-02,2.57881084e-03
1.119000,9.37543712e-02,8.62543712e-02,5.750291,-3.39799350e-02,2.58726915e-03
1.120000,9.37203819e-02,8.62203819e-02,5.748025,-3.39893245e-02,2.62285926e-03
1.121000,9.36863922e-02,8.61863922e-02,5.745759,-3.39896426e-02,2.58457773e-03
1.122000,9.36524072e-02,8.61524072e-02,5.743494,-3.39850420e-02,2.60851920e-03
1.123000,9.36184184e-02,8.61184184e-02,5.741228,-3.39887798e-02,2.60740461e-03
1.124000,9.35844335e-02,8.60844335e-02,5.738962,-3.39848519e-02,2.62294674e-03
1.125000,9.35504550e-02,8.60504550e-02,5.736697,-3.39785417e-02,2.57987030e-03
1.126000,9.35164803e-02,8.60164803e-02,5.734432,-3.39747448e-02,2.58057658e-03
1.127000,9.34824953e-02,8.59824953e-02,5.732166,-3.39849700e-02,2.60030934e-03
1.128000,9.34485038e-02,8.59485038e-02,5.729900,-3.39914736e-02,2.60395799e-03
1.129000,9.34145130e-02,8.59145130e-02,5.727634,-3.39908516e-02,2.58043886e-03
1.130000,9.33805198e-02,8.58805198e-02,5.725368,-3.39931903e-02,2.61675048e-03
1.131000,9.33465229e-02,8.58465229e-02,5.723102,-3.39968318e-02,2.61802065e-03
1.132000,9.33125346e-02,8.58125346e-02,5.720836,-3.39883234e-02,2.61783032e-03
1.133000,9.32785552e-02,8.57785552e-02,5.718570,-3.39794315e-02,2.58928615e-03
1.134000,9.32445795e-02,8.57445795e-02,5.716305,-3.39756498e-02,2.57643052e-03
1.135000,9.32105960e-02,8.57105960e-02,5.714040,-3.39835158e-02,2.58616331e-03
1.136000,9.31766021e-02,8.56766021e-02,5.711773,-3.39938827e-02,2.61342703e-03
1.137000,9.31426059e-02,8.56426059e-02,5.709507,-3.39962319e-02,2.59164834e-03
1.138000,9.31086124e-02,8.56086124e-02,5.707241,-3.39934786e-02,2.60431253e-03
1.139000,9.30746168e-02,8.55746168e-02,5.704974,-3.39956382e-02,2.60860850e-03
1.140000,9.30406239e-02,8.55406239e-02,5.702708,-3.39928790e-02,2.62466913e-03
1.141000,9.30066380e-02,8.55066380e-02,5.700443,-3.39858688e-02,2.59286907e-03
1.142000,9.29726588e-02,8.54726588e-02,5.698177,-3.39792076e-02,2.57720811e-03
1.143000,9.29386731e-02,8.54386731e-02,5.695912,-3.39857594e-02,2.59863401e-03
1.144000,9.29046794e-02,8.54046794e-02,5.693645,-3.39936656e-02,2.58829486e-03
1.145000,9.28706830e-02,8.53706830e-02,5.691379,-3.39963636e-02,2.60540019e-03
1.146000,9.28366836e-02,8.53366836e-02,5.689112,-3.39994322e-02,2.60221716e-03
1.147000,9.28026862e-02,8.53026862e-02,5.686846,-3.39974461e-02,2.60913952e-03
1.148000,9.27686909e-02,8.52686909e-02,5.684579,-3.39952811e-02,2.61427437e-03
1.149000,9.27347009e-02,8.52347009e-02,5.682313,-3.39899348e-02,2.61479999e-03
1.150000,9.27007181e-02,8.52007181e-02,5.680048,-3.39828091e-02,2.56768974e-03
1.151000,9.26667343e-02,8.51667343e-02,5.677782,-3.39838417e-02,2.58054561e-03
1.152000,9.26327362e-02,8.51327362e-02,5.675516,-3.39980726e-02,2.59974847e-03
1.153000,9.25987315e-02,8.50987315e-02,5.673249,-3.40046856e-02,2.61628723e-03
1.154000,9.25647295e-02,8.50647295e-02,5.670982,-3.40020674e-02,2.59412391e-03
1.155000,9.25307315e-02,8.50307315e-02,5.668715,-3.39979370e-02,2.59794243e-03
1.156000,9.24967311e-02,8.49967311e-02,5.666449,-3.40004101e-02,2.61285134e-03
1.157000,9.24627321e-02,8.49627321e-02,5.664182,-3.39989927e-02,2.62290581e-03
1.158000,9.24287412e-02,8.49287412e-02,5.661916,-3.39909009e-02,2.57254433e-03
1.159000,9.23947528e-02,8.48947528e-02,5.659650,-3.39884129e-02,2.58825680e-03
1.160000,9.23607531e-02,8.48607531e-02,5.657384,-3.39996859e-02,2.58610261e-03
1.161000,9.23267469e-02,8.48267469e-02,5.655116,-3.40061796e-02,2.60808293e-03
1.162000,9.22927375e-02,8.47927375e-02,5.652849,-3.40094937e-02,2.59580835e-03
1.163000,9.22587297e-02,8.47587297e-02,5.650582,-3.40077599e-02,2.61898509e-03
1.164000,9.22247237e-02,8.47247237e-02,5.648315,-3.40059586e-02,2.60145481e-03
1.165000,9.21907241e-02,8.46907241e-02,5.646048,-3.39996458e-02,2.62047375e-03
1.166000,9.21567284e-02,8.46567284e-02,5.643782,-3.39957269e-02,2.57806805e-03
1.167000,9.21227353e-02,8.46227353e-02,5.641516,-3.39930609e-02,2.58495878e-03
1.168000,9.20887322e-02,8.45887322e-02,5.639249,-3.40031030e-02,2.58310646e-03
1.169000,9.20547210e-02,8.45547210e-02,5.636981,-3.40112096e-02,2.62242380e-03
1.170000,9.20207080e-02,8.45207080e-02,5.634714,-3.40129717e-02,2.58411493e-03
1.171000,9.19866994e-02,8.44866994e-02,5.632447,-3.40085959e-02,2.61213161e-03
1.172000,9.19526876e-02,8.44526876e-02,5.630179,-3.40118469e-02,2.60694146e-03
1.173000,9.19186808e-02,8.44186808e-02,5.627912,-3.40068147e-02,2.62358968e-03
1.174000,9.18846802e-02,8.43846802e-02,5.625645,-3.40005428e-02,2.57861363e-03
1.175000,9.18506835e-02,8.43506835e-02,5.623379,-3.39967570e-02,2.58349607e-03
1.176000,9.18166766e-02,8.43166766e-02,5.621112,-3.40068786e-02,2.59700206e-03
1.177000,9.17826636e-02,8.42826636e-02,5.618844,-3.40130083e-02,2.60710185e-03
1.178000,9.17486507e-02,8.42486507e-02,5.616577,-3.40129164e-02,2.57989060e-03
1.179000,9.17146363e-02,8.42146363e-02,5.614309,-3.40143196e-02,2.61187531e-03
1.180000,9.16806173e-02,8.41806173e-02,5.612041,-3.40190033e-02,2.62276951e-03
1.181000,9.16466061e-02,8.41466061e-02,5.609774,-3.40112562e-02,2.61690955e-03
1.182000,9.16126051e-02,8.41126051e-02,5.607507,-3.40009675e-02,2.58950940e-03
1.183000,9.15786077e-02,8.40786077e-02,5.605241,-3.39974487e-02,2.57706500e-03
1.184000,9.15446025e-02,8.40446025e-02,5.602974,-3.40051292e-02,2.58634710e-03
1.185000,9.15105873e-02,8.40105873e-02,5.600706,-3.40152552e-02,2.61180143e-03
1.186000,9.14765694e-02,8.39765694e-02,5.598438,-3.40178315e-02,2.59249360e-03
1.187000,9.14425540e-02,8.39425540e-02,5.596170,-3.40154626e-02,2.60627693e-03
1.188000,9.14085370e-02,8.39085370e-02,5.593902,-3.40169973e-02,2.60614137e-03
1.189000,9.13745230e-02,8.38745230e-02,5.591635,-3.40140292e-02,2.62799319e-03
1.190000,9.13405157e-02,8.38405157e-02,5.589368,-3.40072415e-02,2.59024412e-03
1.191000,9.13065158e-02,8.38065158e-02,5.587101,-3.39999528e-02,2.57850242e-03
1.192000,9.12725086e-02,8.37725086e-02,5.584834,-3.40071378e-02,2.59760978e-03
1.193000,9.12384938e-02,8.37384938e-02,5.582566,-3.40148000e-02,2.58937977e-03
1.194000,9.12044762e-02,8.37044762e-02,5.580298,-3.40176425e-02,2.60612074e-03
1.195000,9.11704560e-02,8.36704560e-02,5.578030,-3.40202274e-02,2.60035911e-03
1.196000,9.11364376e-02,8.36364376e-02,5.575763,-3.40183332e-02,2.61385900e-03
1.197000,9.11024217e-02,8.36024217e-02,5.573495,-3.40159439e-02,2.61049200e-03
1.198000,9.10684120e-02,8.35684120e-02,5.571227,-3.40097164e-02,2.61590595e-03
1.199000,9.10344083e-02,8.35344083e-02,5.568961,-3.40036374e-02,2.56822666e-03
1.200000,9.10004041e-02,8.35004041e-02,5.566694,-3.40042118e-02,2.58217468e-03
1.201000,9.09663861e-02,8.34663861e-02,5.564426,-3.40179783e-02,2.59862175e-03
1.202000,9.09323619e-02,8.34323619e-02,5.562157,-3.40242556e-02,2.61330925e-03
1.203000,9.08983393e-02,8.33983393e-02,5.559889,-3.40225340e-02,2.59920646e-03
1.204000,9.08643209e-02,8.33643209e-02,5.557621,-3.40184829e-02,2.59492020e-03
1.205000,9.08303010e-02,8.33303010e-02,5.555353,-3.40198212e-02,2.61462915e-03
1.206000,9.07962820e-02,8.32962820e-02,5.553085,-3.40190819e-02,2.62415455e-03
1.207000,9.07622718e-02,8.32622718e-02,5.550818,-3.40101855e-02,2.57153322e-03
1.208000,9.07282643e-02,8.32282643e-02,5.548551,-3.40074662e-02,2.58701455e-03
1.209000,9.06942450e-02,8.31942450e-02,5.546283,-3.40192909e-02,2.58901635e-03
1.210000,9.06602193e-02,8.31602193e-02,5.544015,-3.40256773e-02,2.60722732e-03
1.211000,9.06261912e-02,8.31261912e-02,5.541746,-3.40281859e-02,2.59595577e-03
1.212000,9.05921644e-02,8.30921644e-02,5.539478,-3.40267069e-02,2.61888304e-03
1.213000,9.05581396e-02,8.30581396e-02,5.537209,-3.40248753e-02,2.60199773e-03
1.214000,9.05241211e-02,8.30241211e-02,5.534941,-3.40185000e-02,2.62066226e-03
1.215000,9.04901067e-02,8.29901067e-02,5.532674,-3.40143694e-02,2.57679512e-03
1.216000,9.04560948e-02,8.29560948e-02,5.530406,-3.40118666e-02,2.58728517e-03
1.217000,9.04220729e-02,8.29220729e-02,5.528138,-3.40219154e-02,2.58128457e-03
1.218000,9.03880433e-02,8.28880433e-02,5.525870,-3.40295801e-02,2.62365646e-03
1.219000,9.03540116e-02,8.28540116e-02,5.523601,-3.40317226e-02,2.58371359e-03
1.220000,9.03199846e-02,8.28199846e-02,5.521332,-3.40270130e-02,2.61284140e-03
1.221000,9.02859543e-02,8.27859543e-02,5.519064,-3.40302703e-02,2.60586602e-03
1.222000,9.02519291e-02,8.27519291e-02,5.516795,-3.40251951e-02,2.62395755e-03
1.223000,9.02179099e-02,8.27179099e-02,5.514527,-3.40192114e-02,2.57935144e-03
1.224000,9.01838948e-02,8.26838948e-02,5.512260,-3.40151743e-02,2.58336007e-03
1.225000,9.01498697e-02,8.26498697e-02,5.509991,-3.40250776e-02,2.59789143e-03
1.226000,9.01158386e-02,8.26158386e-02,5.507723,-3.40310947e-02,2.60592470e-03
1.227000,9.00818077e-02,8.25818077e-02,5.505454,-3.40309189e-02,2.58097509e-03
1.228000,9.00477751e-02,8.25477751e-02,5.503185,-3.40325169e-02,2.61407861e-03
1.229000,9.00137387e-02,8.25137387e-02,5.500916,-3.40364548e-02,2.62005710e-03
1.230000,8.99797102e-02,8.24797102e-02,5.498647,-3.40284637e-02,2.61858947e-03
1.231000,8.99456915e-02,8.24456915e-02,5.496379,-3.40187688e-02,2.58952716e-03
1.232000,8.99116768e-02,8.24116768e-02,5.494112,-3.40146952e-02,2.57597724e-03
1.233000,8.98776542e-02,8.23776542e-02,5.491844,-3.40225622e-02,2.58654204e-03
1.234000,8.98436212e-02,8.23436212e-02,5.489575,-3.40330110e-02,2.61309261e-03
1.235000,8.98095859e-02,8.23095859e-02,5.487306,-3.40352949e-02,2.59415318e-03
1.236000,8.97755537e-02,8.22755537e-02,5.485037,-3.40322085e-02,2.60332344e-03
1.237000,8.97415200e-02,8.22415200e-02,5.482768,-3.40337204e-02,2.60859580e-03
1.238000,8.97074887e-02,8.22074887e-02,5.480499,-3.40312883e-02,2.62660759e-03
1.239000,8.96734647e-02,8.21734647e-02,5.478231,-3.40239395e-02,2.59209564e-03
1.240000,8.96394480e-02,8.21394480e-02,5.475963,-3.40167784e-02,2.57857634e-03
1.241000,8.96054246e-02,8.21054246e-02,5.473695,-3.40233423e-02,2.59814958e-03
1.242000,8.95713937e-02,8.20713937e-02,5.471426,-3.40308848e-02,2.58921569e-03
1.243000,8.95373602e-02,8.20373602e-02,5.469157,-3.40335790e-02,2.60536015e-03
1.244000,8.95033238e-02,8.20033238e-02,5.466888,-3.40363523e-02,2.60300229e-03
1.245000,8.94692896e-02,8.19692896e-02,5.464619,-3.40342405e-02,2.60922138e-03
1.246000,8.94352578e-02,8.19352578e-02,5.462351,-3.40318032e-02,2.61474319e-03
1.247000,8.94012314e-02,8.19012314e-02,5.460082,-3.40263470e-02,2.61522342e-03
1.248000,8.93672124e-02,8.18672124e-02,5.457814,-3.40189925e-02,2.56867090e-03
1.249000,8.93331927e-02,8.18331927e-02,5.455546,-3.40197125e-02,2.58014742e-03
1.250000,8.92991590e-02,8.17991590e-02,5.453277,-3.40336916e-02,2.60029434e-03
1.251000,8.92651187e-02,8.17651187e-02,5.451008,-3.40403389e-02,2.61580173e-03
1.252000,8.92310810e-02,8.17310810e-02,5.448739,-3.40376273e-02,2.59662240e-03
1.253000,8.91970478e-02,8.16970478e-02,5.446470,-3.40332145e-02,2.59608481e-03
1.254000,8.91630126e-02,8.16630126e-02,5.444201,-3.40351956e-02,2.61575247e-03
1.255000,8.91289788e-02,8.16289788e-02,5.441932,-3.40338752e-02,2.62122662e-03
1.256000,8.90949536e-02,8.15949536e-02,5.439664,-3.40251276e-02,2.57348387e-03
1.257000,8.90609306e-02,8.15609306e-02,5.437395,-3.40230249e-02,2.58842468e-03
1.258000,8.90268966e-02,8.15268966e-02,5.435126,-3.40339596e-02,2.58755545e-03
1.259000,8.89928565e-02,8.14928565e-02,5.432857,-3.40401413e-02,2.60584033e-03
1.260000,8.89588131e-02,8.14588131e-02,5.430588,-3.40433749e-02,2.59935256e-03
1.261000,8.89247714e-02,8.14247714e-02,5.428318,-3.40417508e-02,2.61457779e-03
1.262000,8.88907318e-02,8.13907318e-02,5.426049,-3.40395649e-02,2.60683273e-03
1.263000,8.88566981e-02,8.13566981e-02,5.423780,-3.40337485e-02,2.61692392e-03
1.264000,8.88226694e-02,8.13226694e-02,5.421511,-3.40286912e-02,2.58103001e-03
1.265000,8.87886427e-02,8.12886427e-02,5.419243,-3.40266672e-02,2.58082536e-03
1.266000,8.87546062e-02,8.12546062e-02,5.416974,-3.40364674e-02,2.58618923e-03
1.267000,8.87205609e-02,8.12205609e-02,5.414704,-3.40453864e-02,2.62394332e-03
1.268000,8.86865150e-02,8.11865150e-02,5.412434,-3.40458674e-02,2.58458880e-03
1.269000,8.86524741e-02,8.11524741e-02,5.410165,-3.40409088e-02,2.60897966e-03
1.270000,8.86184295e-02,8.11184295e-02,5.407895,-3.40445615e-02,2.60831162e-03
1.271000,8.85843892e-02,8.10843892e-02,5.405626,-3.40403221e-02,2.62373215e-03
1.272000,8.85503556e-02,8.10503556e-02,5.403357,-3.40335751e-02,2.57915139e-03
1.273000,8.85163260e-02,8.10163260e-02,5.401088,-3.40296474e-02,2.58199686e-03
1.274000,8.84822861e-02,8.09822861e-02,5.398819,-3.40398575e-02,2.60058394e-03
1.275000,8.84482403e-02,8.09482403e-02,5.396549,-3.40458462e-02,2.60620402e-03
1.276000,8.84141955e-02,8.09141955e-02,5.394280,-3.40447367e-02,2.57670916e-03
1.277000,8.83801485e-02,8.08801485e-02,5.392010,-3.40469974e-02,2.62072359e-03
1.278000,8.83460974e-02,8.08460974e-02,5.389740,-3.40511612e-02,2.61691209e-03
1.279000,8.83120558e-02,8.08120558e-02,5.387470,-3.40415439e-02,2.61887345e-03
1.280000,8.82780230e-02,8.07780230e-02,5.385202,-3.40328316e-02,2.58844298e-03
1.281000,8.82439941e-02,8.07439941e-02,5.382933,-3.40288565e-02,2.57756647e-03
1.282000,8.82099573e-02,8.07099573e-02,5.380664,-3.40367985e-02,2.58662731e-03
1.283000,8.81759106e-02,8.06759106e-02,5.378394,-3.40467103e-02,2.61469116e-03
1.284000,8.81418620e-02,8.06418620e-02,5.376124,-3.40486836e-02,2.59047200e-03
1.285000,8.81078162e-02,8.06078162e-02,5.373854,-3.40457231e-02,2.60628845e-03
1.286000,8.80737683e-02,8.05737683e-02,5.371585,-3.40479197e-02,2.61023575e-03
1.287000,8.80397241e-02,8.05397241e-02,5.369315,-3.40442238e-02,2.62419660e-03
1.288000,8.80056873e-02,8.05056873e-02,5.367046,-3.40367628e-02,2.59221836e-03
1.289000,8.79716570e-02,8.04716570e-02,5.364777,-3.40303718e-02,2.58040130e-03
1.290000,8.79376204e-02,8.04376204e-02,5.362508,-3.40365726e-02,2.59618942e-03
1.291000,8.79035765e-02,8.04035765e-02,5.360238,-3.40438624e-02,2.58980029e-03
1.292000,8.78695294e-02,8.03695294e-02,5.357969,-3.40470970e-02,2.60691040e-03
1.293000,8.78354800e-02,8.03354800e-02,5.355699,-3.40494042e-02,2.60531978e-03
1.294000,8.78014336e-02,8.03014336e-02,5.353429,-3.40463734e-02,2.60504297e-03
1.295000,8.77673897e-02,8.02673897e-02,5.351159,-3.40439139e-02,2.61664329e-03
1.296000,8.77333502e-02,8.02333502e-02,5.348890,-3.40394940e-02,2.61685152e-03
1.297000,8.76993190e-02,8.01993190e-02,5.346621,-3.40312275e-02,2.56927489e-03
1.298000,8.76652877e-02,8.01652877e-02,5.344353,-3.40313061e-02,2.57785062e-03
1.299000,8.76312422e-02,8.01312422e-02,5.342083,-3.40454930e-02,2.60021822e-03
1.300000,8.75971893e-02,8.00971893e-02,5.339813,-3.40529080e-02,2.61697192e-03
1.301000,8.75631393e-02,8.00631393e-02,5.337543,-3.40500145e-02,2.59941180e-03
1.302000,8.75290946e-02,8.00290946e-02,5.335273,-3.40447241e-02,2.59438528e-03
1.303000,8.74950485e-02,7.99950485e-02,5.333003,-3.40460896e-02,2.61330018e-03
1.304000,8.74610027e-02,7.99610027e-02,5.330734,-3.40457610e-02,2.62478573e-03
1.305000,8.74269655e-02,7.99269655e-02,5.328464,-3.40371894e-02,2.56758243e-03
1.306000,8.73929306e-02,7.98929306e-02,5.326195,-3.40349615e-02,2.59517660e-03
1.307000,8.73588839e-02,7.98588839e-02,5.323926,-3.40466403e-02,2.58693842e-03
1.308000,8.73248332e-02,7.98248332e-02,5.321656,-3.40507136e-02,2.60417368e-03
1.309000,8.72907788e-02,7.97907788e-02,5.319385,-3.40544446e-02,2.60058723e-03
1.310000,8.72567256e-02,7.97567256e-02,5.317115,-3.40531495e-02,2.61313664e-03
1.311000,8.72226748e-02,7.97226748e-02,5.314845,-3.40508130e-02,2.61108375e-03
1.312000,8.71886301e-02,7.96886301e-02,5.312575,-3.40447182e-02,2.61391398e-03
1.313000,8.71545913e-02,7.96545913e-02,5.310306,-3.40387970e-02,2.57913600e-03
1.314000,8.71205532e-02,7.96205532e-02,5.308037,-3.40380965e-02,2.58318563e-03
1.315000,8.70865051e-02,7.95865051e-02,5.305767,-3.40481014e-02,2.58471751e-03
1.316000,8.70524486e-02,7.95524486e-02,5.303497,-3.40565054e-02,2.62220484e-03
1.317000,8.70183908e-02,7.95183908e-02,5.301226,-3.40577772e-02,2.59132573e-03
1.318000,8.69843386e-02,7.94843386e-02,5.298956,-3.40521982e-02,2.61076317e-03
1.319000,8.69502853e-02,7.94502853e-02,5.296686,-3.40533230e-02,2.60038822e-03
1.320000,8.69162354e-02,7.94162354e-02,5.294416,-3.40498990e-02,2.62397371e-03
1.321000,8.68821897e-02,7.93821897e-02,5.292146,-3.40457115e-02,2.58116197e-03
1.322000,8.68481483e-02,7.93481483e-02,5.289877,-3.40413489e-02,2.58389991e-03
1.323000,8.68140978e-02,7.93140978e-02,5.287607,-3.40505622e-02,2.60002663e-03
1.324000,8.67800417e-02,7.92800417e-02,5.285336,-3.40560244e-02,2.60124183e-03
1.325000,8.67459858e-02,7.92459858e-02,5.283066,-3.40559755e-02,2.58363715e-03
1.326000,8.67119271e-02,7.92119271e-02,5.280795,-3.40586407e-02,2.61707307e-03
1.327000,8.66778659e-02,7.91778659e-02,5.278524,-3.40611747e-02,2.62317398e-03
1.328000,8.66438143e-02,7.91438143e-02,5.276254,-3.40516490e-02,2.61156461e-03
1.329000,8.66097721e-02,7.91097721e-02,5.273985,-3.40421727e-02,2.58437212e-03
1.330000,8.65757308e-02,7.90757308e-02,5.271715,-3.40413178e-02,2.58521279e-03
1.331000,8.65416816e-02,7.90416816e-02,5.269445,-3.40492446e-02,2.58788605e-03
1.332000,8.65076251e-02,7.90076251e-02,5.267175,-3.40564226e-02,2.61329928e-03
1.333000,8.64735669e-02,7.89735669e-02,5.264904,-3.40582286e-02,2.58542489e-03
1.334000,8.64395103e-02,7.89395103e-02,5.262634,-3.40566178e-02,2.61274188e-03
1.335000,8.64054510e-02,7.89054510e-02,5.260363,-3.40593307e-02,2.60959923e-03
1.336000,8.63713973e-02,7.88713973e-02,5.258093,-3.40536280e-02,2.62149207e-03
1.337000,8.63373505e-02,7.88373505e-02,5.255823,-3.40468543e-02,2.59370900e-03
1.338000,8.63033094e-02,7.88033094e-02,5.253554,-3.40410879e-02,2.57694859e-03
1.339000,8.62692620e-02,7.87692620e-02,5.251284,-3.40474098e-02,2.60073487e-03
1.340000,8.62352069e-02,7.87352069e-02,5.249014,-3.40550297e-02,2.58986460e-03
1.341000,8.62011502e-02,7.87011502e-02,5.246743,-3.40567601e-02,2.60297816e-03
1.342000,8.61670904e-02,7.86670904e-02,5.244473,-3.40597415e-02,2.60573141e-03
1.343000,8.61330325e-02,7.86330325e-02,5.242202,-3.40579293e-02,2.60815624e-03
1.344000,8.60989777e-02,7.85989777e-02,5.239932,-3.40547842e-02,2.62327730e-03
1.345000,8.60649296e-02,7.85649296e-02,5.237662,-3.40481686e-02,2.60533531e-03
1.346000,8.60308898e-02,7.85308898e-02,5.235393,-3.40397600e-02,2.57004127e-03
1.347000,8.59968463e-02,7.84968463e-02,5.233123,-3.40434851e-02,2.57851920e-03
1.348000,8.59627890e-02,7.84627890e-02,5.230853,-3.40573020e-02,2.60889382e-03
1.349000,8.59287261e-02,7.84287261e-02,5.228582,-3.40629633e-02,2.61213519e-03
1.350000,8.58946680e-02,7.83946680e-02,5.226311,-3.40580759e-02,2.59454252e-03
1.351000,8.58606127e-02,7.83606127e-02,5.224041,-3.40552351e-02,2.60256756e-03
1.352000,8.58265560e-02,7.83265560e-02,5.221770,-3.40567528e-02,2.61203311e-03
1.353000,8.57925020e-02,7.82925020e-02,5.219500,-3.40539611e-02,2.62121825e-03
1.354000,8.57584556e-02,7.82584556e-02,5.217230,-3.40464365e-02,2.56766455e-03
1.355000,8.57244102e-02,7.82244102e-02,5.214961,-3.40453657e-02,2.59485772e-03
1.356000,8.56903532e-02,7.81903532e-02,5.212690,-3.40570739e-02,2.59129353e-03
1.357000,8.56562927e-02,7.81562927e-02,5.210420,-3.40604818e-02,2.60678301e-03
1.358000,8.56222304e-02,7.81222304e-02,5.208149,-3.40623211e-02,2.59556881e-03
1.359000,8.55881693e-02,7.80881693e-02,5.205878,-3.40610565e-02,2.60961026e-03
1.360000,8.55541083e-02,7.80541083e-02,5.203607,-3.40609917e-02,2.61607151e-03
1.361000,8.55200531e-02,7.80200531e-02,5.201337,-3.40551729e-02,2.61593758e-03
1.362000,8.54860059e-02,7.79860059e-02,5.199067,-3.40472559e-02,2.57382051e-03
1.363000,8.54519590e-02,7.79519590e-02,5.196797,-3.40468307e-02,2.58434440e-03
1.364000,8.54179007e-02,7.79179007e-02,5.194527,-3.40583764e-02,2.58730826e-03
1.365000,8.53838347e-02,7.78838347e-02,5.192256,-3.40659418e-02,2.61657056e-03
1.366000,8.53497674e-02,7.78497674e-02,5.189984,-3.40673590e-02,2.59525003e-03
1.367000,8.53157044e-02,7.78157044e-02,5.187714,-3.40629364e-02,2.61514295e-03
1.368000,8.52816424e-02,7.77816424e-02,5.185443,-3.40619980e-02,2.59561029e-03
1.369000,8.52475845e-02,7.77475845e-02,5.183172,-3.40579805e-02,2.62737630e-03
1.370000,8.52135297e-02,7.77135297e-02,5.180902,-3.40547604e-02,2.57761392e-03
1.371000,8.51794798e-02,7.76794798e-02,5.178632,-3.40499078e-02,2.59016310e-03
1.372000,8.51454206e-02,7.76454206e-02,5.176361,-3.40591787e-02,2.59354998e-03
1.373000,8.51113569e-02,7.76113569e-02,5.174090,-3.40637293e-02,2.60392392e-03
1.374000,8.50772915e-02,7.75772915e-02,5.171819,-3.40653332e-02,2.58561184e-03
1.375000,8.50432248e-02,7.75432248e-02,5.169548,-3.40667683e-02,2.61810524e-03
1.376000,8.50091563e-02,7.75091563e-02,5.167277,-3.40684713e-02,2.61740232e-03
1.377000,8.49750967e-02,7.74750967e-02,5.165006,-3.40596273e-02,2.61212890e-03
1.378000,8.49410447e-02,7.74410447e-02,5.162736,-3.40519467e-02,2.58388897e-03
1.379000,8.49069937e-02,7.74069937e-02,5.160466,-3.40509919e-02,2.58869000e-03
1.380000,8.48729353e-02,7.73729353e-02,5.158196,-3.40584625e-02,2.58055354e-03
1.381000,8.48388695e-02,7.73388695e-02,5.155925,-3.40657952e-02,2.62155446e-03
1.382000,8.48048009e-02,7.73048009e-02,5.153653,-3.40685495e-02,2.57943927e-03
1.383000,8.47707356e-02,7.72707356e-02,5.151382,-3.40652860e-02,2.61375321e-03
1.384000,8.47366659e-02,7.72366659e-02,5.149111,-3.40697858e-02,2.61263899e-03
1.385000,8.47026026e-02,7.72026026e-02,5.146840,-3.40632135e-02,2.62190794e-03
1.386000,8.46685473e-02,7.71685473e-02,5.144570,-3.40553679e-02,2.58688556e-03
1.387000,8.46344966e-02,7.71344966e-02,5.142300,-3.40506716e-02,2.57962465e-03
1.388000,8.46004378e-02,7.71004378e-02,5.140029,-3.40587611e-02,2.60265653e-03
1.389000,8.45663727e-02,7.70663727e-02,5.137758,-3.40651624e-02,2.58951541e-03
1.390000,8.45323064e-02,7.70323064e-02,5.135487,-3.40663234e-02,2.60323961e-03
1.391000,8.44982370e-02,7.69982370e-02,5.133216,-3.40693733e-02,2.59973192e-03
1.392000,8.44641684e-02,7.69641684e-02,5.130945,-3.40685362e-02,2.61864486e-03
1.393000,8.44301029e-02,7.69301029e-02,5.128674,-3.40655065e-02,2.62065908e-03
1.394000,8.43960470e-02,7.68960470e-02,5.126403,-3.40559094e-02,2.59943946e-03
1.395000,8.43619976e-02,7.68619976e-02,5.124133,-3.40494032e-02,2.57366046e-03
1.396000,8.43279432e-02,7.68279432e-02,5.121863,-3.40544246e-02,2.57995715e-03
1.397000,8.42938764e-02,7.67938764e-02,5.119592,-3.40667987e-02,2.61114293e-03
1.398000,8.42598048e-02,7.67598048e-02,5.117320,-3.40715900e-02,2.60758824e-03
1.399000,8.42257380e-02,7.67257380e-02,5.115049,-3.40667680e-02,2.59742960e-03
1.400000,8.41916731e-02,7.66916731e-02,5.112778,-3.40649099e-02,2.60416788e-03
1.401000,8.41576079e-02,7.66576079e-02,5.110507,-3.40651965e-02,2.62089554e-03
1.402000,8.41235476e-02,7.66235476e-02,5.108237,-3.40603120e-02,2.60875547e-03
1.403000,8.40894955e-02,7.65894955e-02,5.105966,-3.40520807e-02,2.56861023e-03
1.404000,8.40554406e-02,7.65554406e-02,5.103696,-3.40549356e-02,2.60053681e-03
1.405000,8.40213753e-02,7.65213753e-02,5.101425,-3.40653290e-02,2.58562008e-03
1.406000,8.39873074e-02,7.64873074e-02,5.099154,-3.40678751e-02,2.61137849e-03
1.407000,8.39532366e-02,7.64532366e-02,5.096882,-3.40707650e-02,2.59519385e-03
1.408000,8.39191686e-02,7.64191686e-02,5.094611,-3.40680574e-02,2.61029137e-03
1.409000,8.38851006e-02,7.63851006e-02,5.092340,-3.40679954e-02,2.61145286e-03
1.410000,8.38510378e-02,7.63510378e-02,5.090069,-3.40627697e-02,2.62132171e-03
1.411000,8.38169824e-02,7.63169824e-02,5.087799,-3.40554173e-02,2.57513928e-03
1.412000,8.37829294e-02,7.62829294e-02,5.085529,-3.40529907e-02,2.57675740e-03
1.413000,8.37488640e-02,7.62488640e-02,5.083258,-3.40654450e-02,2.59490279e-03
1.414000,8.37147898e-02,7.62147898e-02,5.080986,-3.40741590e-02,2.61102873e-03
1.415000,8.36807157e-02,7.61807157e-02,5.078714,-3.40740621e-02,2.60485180e-03
1.416000,8.36466460e-02,7.61466460e-02,5.076443,-3.40697616e-02,2.60018072e-03
1.417000,8.36125777e-02,7.61125777e-02,5.074172,-3.40683157e-02,2.60797634e-03
1.418000,8.35785106e-02,7.60785106e-02,5.071901,-3.40670252e-02,2.61990986e-03
1.419000,8.35444496e-02,7.60444496e-02,5.069630,-3.40610643e-02,2.58253995e-03
1.420000,8.35103918e-02,7.60103918e-02,5.067359,-3.40577926e-02,2.58442604e-03
1.421000,8.34763253e-02,7.59763253e-02,5.065088,-3.40664603e-02,2.59564342e-03
1.422000,8.34422528e-02,7.59422528e-02,5.062817,-3.40725249e-02,2.60661591e-03
1.423000,8.34081798e-02,7.59081798e-02,5.060545,-3.40729651e-02,2.58731652e-03
1.424000,8.33741066e-02,7.58741066e-02,5.058274,-3.40732147e-02,2.62184749e-03
1.425000,8.33400329e-02,7.58400329e-02,5.056002,-3.40736961e-02,2.60513303e-03
1.426000,8.33059671e-02,7.58059671e-02,5.053731,-3.40657928e-02,2.61948505e-03
1.427000,8.32719063e-02,7.57719063e-02,5.051460,-3.40608408e-02,2.57756364e-03
1.428000,8.32378477e-02,7.57378477e-02,5.049190,-3.40585886e-02,2.58998710e-03
1.429000,8.32037798e-02,7.57037798e-02,5.046919,-3.40679072e-02,2.58445622e-03
1.430000,8.31697057e-02,7.56697057e-02,5.044647,-3.40741238e-02,2.62191226e-03
1.431000,8.31356301e-02,7.56356301e-02,5.042375,-3.40755331e-02,2.57550453e-03
1.432000,8.31015573e-02,7.56015573e-02,5.040104,-3.40728479e-02,2.61698075e-03
1.433000,8.30674792e-02,7.55674792e-02,5.037832,-3.40780692e-02,2.61202813e-03
1.434000,8.30334087e-02,7.55334087e-02,5.035561,-3.40705449e-02,2.62471904e-03
1.435000,8.29993463e-02,7.54993463e-02,5.033290,-3.40624028e-02,2.58056202e-03
1.436000,8.29652884e-02,7.54652884e-02,5.031019,-3.40579015e-02,2.58340350e-03
1.437000,8.29312210e-02,7.54312210e-02,5.028748,-3.40673996e-02,2.60287382e-03
1.438000,8.28971485e-02,7.53971485e-02,5.026477,-3.40725214e-02,2.59317712e-03
1.439000,8.28630755e-02,7.53630755e-02,5.024205,-3.40729636e-02,2.59655422e-03
1.440000,8.28289995e-02,7.53289995e-02,5.021933,-3.40759931e-02,2.60561343e-03
1.441000,8.27949232e-02,7.52949232e-02,5.019662,-3.40763115e-02,2.62034128e-03
1.442000,8.27608521e-02,7.52608521e-02,5.017390,-3.40710503e-02,2.61743080e-03
1.443000,8.27267907e-02,7.52267907e-02,5.015119,-3.40614669e-02,2.59916566e-03
1.444000,8.26927346e-02,7.51927346e-02,5.012849,-3.40560693e-02,2.57307873e-03
1.445000,8.26586733e-02,7.51586733e-02,5.010578,-3.40612835e-02,2.58378041e-03
1.446000,8.26246001e-02,7.51246001e-02,5.008307,-3.40731725e-02,2.61282647e-03
1.447000,8.25905237e-02,7.50905237e-02,5.006035,-3.40764105e-02,2.60065544e-03
1.448000,8.25564515e-02,7.50564515e-02,5.003763,-3.40722616e-02,2.60380684e-03
1.449000,8.25223799e-02,7.50223799e-02,5.001492,-3.40715526e-02,2.60022783e-03
1.450000,8.24883095e-02,7.49883095e-02,4.999221,-3.40704416e-02,2.62801497e-03
1.451000,8.24542439e-02,7.49542439e-02,4.996950,-3.40655920e-02,2.60055264e-03
1.452000,8.24201874e-02,7.49201874e-02,4.994679,-3.40564732e-02,2.57063208e-03
1.453000,8.23861257e-02,7.48861257e-02,4.992408,-3.40616645e-02,2.60069169e-03
1.454000,8.23520544e-02,7.48520544e-02,4.990137,-3.40713665e-02,2.58476651e-03
1.455000,8.23179804e-02,7.48179804e-02,4.987865,-3.40740127e-02,2.61368830e-03
1.456000,8.22839036e-02,7.47839036e-02,4.985594,-3.40767744e-02,2.59496136e-03
1.457000,8.22498302e-02,7.47498302e-02,4.983322,-3.40733494e-02,2.61485627e-03
1.458000,8.22157577e-02,7.47157577e-02,4.981051,-3.40725565e-02,2.60377954e-03
1.459000,8.21816905e-02,7.46816905e-02,4.978779,-3.40671885e-02,2.62275212e-03
1.460000,8.21476284e-02,7.46476284e-02,4.976509,-3.40621032e-02,2.57566539e-03
1.461000,8.21135693e-02,7.46135693e-02,4.974238,-3.40591138e-02,2.57600213e-03
1.462000,8.20794978e-02,7.45794978e-02,4.971967,-3.40715289e-02,2.59996223e-03
1.463000,8.20454182e-02,7.45454182e-02,4.969695,-3.40795962e-02,2.61258659e-03
1.464000,8.20113406e-02,7.45113406e-02,4.967423,-3.40775623e-02,2.60188494e-03
1.465000,8.19772673e-02,7.44772673e-02,4.965151,-3.40732748e-02,2.59279393e-03
1.466000,8.19431932e-02,7.44431932e-02,4.962880,-3.40741095e-02,2.62039761e-03
1.467000,8.19091202e-02,7.44091202e-02,4.960608,-3.40730484e-02,2.61711549e-03
1.468000,8.18750567e-02,7.43750567e-02,4.958337,-3.40635023e-02,2.57720067e-03
1.469000,8.18409946e-02,7.43409946e-02,4.956066,-3.40620925e-02,2.58458265e-03
1.470000,8.18069221e-02,7.43069221e-02,4.953795,-3.40724860e-02,2.59421341e-03
1.471000,8.17728433e-02,7.42728433e-02,4.951523,-3.40787520e-02,2.60460857e-03
1.472000,8.17387633e-02,7.42387633e-02,4.949251,-3.40800169e-02,2.59298325e-03
1.473000,8.17046834e-02,7.42046834e-02,4.946979,-3.40799236e-02,2.62496692e-03
1.474000,8.16706054e-02,7.41706054e-02,4.944707,-3.40779924e-02,2.59802702e-03
1.475000,8.16365351e-02,7.41365351e-02,4.942436,-3.40703212e-02,2.62575320e-03
1.476000,8.16024685e-02,7.41024685e-02,4.940165,-3.40665944e-02,2.57326800e-03
1.477000,8.15684054e-02,7.40684054e-02,4.937894,-3.40630434e-02,2.59101277e-03
1.478000,8.15343318e-02,7.40343318e-02,4.935622,-3.40735913e-02,2.58185708e-03
1.479000,8.15002519e-02,7.40002519e-02,4.933350,-3.40799307e-02,2.62294253e-03
1.480000,8.14661699e-02,7.39661699e-02,4.931078,-3.40820114e-02,2.58011598e-03
1.481000,8.14320917e-02,7.39320917e-02,4.928806,-3.40781724e-02,2.61657458e-03
1.482000,8.13980098e-02,7.38980098e-02,4.926534,-3.40819510e-02,2.60701269e-03
1.483000,8.13639343e-02,7.38639343e-02,4.924262,-3.40754470e-02,2.62295797e-03
1.484000,8.13298651e-02,7.38298651e-02,4.921991,-3.40692635e-02,2.58255203e-03
1.485000,8.12958001e-02,7.37958001e-02,4.919720,-3.40649887e-02,2.58378644e-03
1.486000,8.12617263e-02,7.37617263e-02,4.917448,-3.40737655e-02,2.59767535e-03
1.487000,8.12276466e-02,7.37276466e-02,4.915176,-3.40796808e-02,2.60425108e-03
1.488000,8.11935668e-02,7.36935668e-02,4.912904,-3.40798719e-02,2.58596071e-03
1.489000,8.11594856e-02,7.36594856e-02,4.910632,-3.40811379e-02,2.60985536e-03
1.490000,8.11254014e-02,7.36254014e-02,4.908360,-3.40841853e-02,2.62391460e-03
1.491000,8.10913245e-02,7.35913245e-02,4.906088,-3.40768990e-02,2.61455750e-03
1.492000,8.10572579e-02,7.35572579e-02,4.903817,-3.40666502e-02,2.59434541e-03
1.493000,8.10231948e-02,7.35231948e-02,4.901546,-3.40630487e-02,2.57508067e-03
1.494000,8.09891253e-02,7.34891253e-02,4.899275,-3.40694919e-02,2.58778373e-03
1.495000,8.09550453e-02,7.34550453e-02,4.897003,-3.40800155e-02,2.61100863e-03
1.496000,8.09209631e-02,7.34209631e-02,4.894731,-3.40822602e-02,2.59455233e-03
1.497000,8.08868833e-02,7.33868833e-02,4.892459,-3.40797876e-02,2.60581998e-03
1.498000,8.08528026e-02,7.33528026e-02,4.890187,-3.40807270e-02,2.60720174e-03
1.499000,8.08187248e-02,7.33187248e-02,4.887915,-3.40777215e-02,2.62838941e-03
1.500000,8.07846543e-02,7.32846543e-02,4.885644,-3.40705154e-02,2.59110467e-03
1.501000,8.07505914e-02,7.32505914e-02,4.883373,-3.40629444e-02,2.57948868e-03
1.502000,8.07165217e-02,7.32165217e-02,4.881101,-3.40696724e-02,2.59820891e-03
1.503000,8.06824448e-02,7.31824448e-02,4.878830,-3.40769048e-02,2.58951295e-03
1.504000,8.06483653e-02,7.31483653e-02,4.876558,-3.40795270e-02,2.60601520e-03
1.505000,8.06142832e-02,7.31142832e-02,4.874286,-3.40820868e-02,2.60385157e-03
1.506000,8.05802036e-02,7.30802036e-02,4.872014,-3.40796096e-02,2.60948081e-03
1.507000,8.05461267e-02,7.30461267e-02,4.869742,-3.40768476e-02,2.61434680e-03
1.508000,8.05120554e-02,7.30120554e-02,4.867470,-3.40713763e-02,2.61678593e-03
1.509000,8.04779915e-02,7.29779915e-02,4.865199,-3.40638756e-02,2.57027588e-03
1.510000,8.04439277e-02,7.29439277e-02,4.862929,-3.40637987e-02,2.57841735e-03
1.511000,8.04098501e-02,7.29098501e-02,4.860657,-3.40775566e-02,2.60052754e-03
1.512000,8.03757654e-02,7.28757654e-02,4.858384,-3.40847308e-02,2.61801825e-03
1.513000,8.03416838e-02,7.28416838e-02,4.856112,-3.40815507e-02,2.59780398e-03
1.514000,8.03076076e-02,7.28076076e-02,4.853841,-3.40762010e-02,2.59472887e-03
1.515000,8.02735296e-02,7.27735296e-02,4.851569,-3.40780338e-02,2.61568410e-03
1.516000,8.02394524e-02,7.27394524e-02,4.849297,-3.40771708e-02,2.62312174e-03
1.517000,8.02053843e-02,7.27053843e-02,4.847026,-3.40681105e-02,2.56999358e-03
1.518000,8.01713183e-02,7.26713183e-02,4.844755,-3.40660027e-02,2.59331862e-03
1.519000,8.01372411e-02,7.26372411e-02,4.842483,-3.40772182e-02,2.58642340e-03
1.520000,8.01031591e-02,7.26031591e-02,4.840211,-3.40819928e-02,2.60746127e-03
1.521000,8.00690738e-02,7.25690738e-02,4.837938,-3.40853116e-02,2.59814204e-03
1.522000,8.00349904e-02,7.25349904e-02,4.835666,-3.40833692e-02,2.61377429e-03
1.523000,8.00009087e-02,7.25009087e-02,4.833394,-3.40817230e-02,2.60969054e-03
1.524000,7.99668330e-02,7.24668330e-02,4.831122,-3.40756651e-02,2.61517996e-03
1.525000,7.99327631e-02,7.24327631e-02,4.828851,-3.40699776e-02,2.58003238e-03
1.526000,7.98986944e-02,7.23986944e-02,4.826580,-3.40687027e-02,2.58278263e-03
1.527000,7.98646159e-02,7.23646159e-02,4.824308,-3.40784845e-02,2.58650328e-03
1.528000,7.98305292e-02,7.23305292e-02,4.822035,-3.40867052e-02,2.62089188e-03
1.529000,7.97964415e-02,7.22964415e-02,4.819763,-3.40876226e-02,2.59088223e-03
1.530000,7.97623590e-02,7.22623590e-02,4.817491,-3.40825532e-02,2.61012235e-03
1.531000,7.97282751e-02,7.22282751e-02,4.815218,-3.40839371e-02,2.60307504e-03
1.532000,7.96941948e-02,7.21941948e-02,4.812946,-3.40802484e-02,2.62394457e-03
1.533000,7.96601196e-02,7.21601196e-02,4.810675,-3.40751836e-02,2.57911541e-03
1.534000,7.96260484e-02,7.21260484e-02,4.808403,-3.40711925e-02,2.58471979e-03
1.535000,7.95919675e-02,7.20919675e-02,4.806131,-3.40809329e-02,2.60195442e-03
1.536000,7.95578817e-02,7.20578817e-02,4.803859,-3.40857849e-02,2.60085359e-03
1.537000,7.95237965e-02,7.20237965e-02,4.801586,-3.40851716e-02,2.58333497e-03
1.538000,7.94897085e-02,7.19897085e-02,4.799314,-3.40880177e-02,2.61729349e-03
1.539000,7.94556179e-02,7.19556179e-02,4.797041,-3.40906120e-02,2.62405165e-03
1.540000,7.94215371e-02,7.19215371e-02,4.794769,-3.40808588e-02,2.61194620e-03
1.541000,7.93874660e-02,7.18874660e-02,4.792498,-3.40710267e-02,2.58423541e-03
1.542000,7.93533960e-02,7.18533960e-02,4.790226,-3.40700706e-02,2.58534837e-03
1.543000,7.93193179e-02,7.18193179e-02,4.787955,-3.40780184e-02,2.58860082e-03
1.544000,7.92852329e-02,7.17852329e-02,4.785682,-3.40850254e-02,2.61294150e-03
1.545000,7.92511463e-02,7.17511463e-02,4.783410,-3.40866600e-02,2.58694810e-03
1.546000,7.92170614e-02,7.17170614e-02,4.781137,-3.40848973e-02,2.61244559e-03
1.547000,7.91829742e-02,7.16829742e-02,4.778865,-3.40871623e-02,2.60994350e-03
1.548000,7.91488927e-02,7.16488927e-02,4.776593,-3.40814961e-02,2.62212333e-03
1.549000,7.91148182e-02,7.16148182e-02,4.774321,-3.40744976e-02,2.59226884e-03
1.550000,7.90807494e-02,7.15807494e-02,4.772050,-3.40687786e-02,2.57883583e-03
1.551000,7.90466742e-02,7.15466742e-02,4.769778,-3.40752397e-02,2.60072223e-03
1.552000,7.90125919e-02,7.15125919e-02,4.767506,-3.40822421e-02,2.59039142e-03
1.553000,7.89785081e-02,7.14785081e-02,4.765234,-3.40838835e-02,2.60272225e-03
1.554000,7.89444213e-02,7.14444213e-02,4.762961,-3.40867371e-02,2.60388863e-03
1.555000,7.89103360e-02,7.14103360e-02,4.760689,-3.40853349e-02,2.61207489e-03
1.556000,7.88762539e-02,7.13762539e-02,4.758417,-3.40821019e-02,2.62189030e-03
1.557000,7.88421794e-02,7.13421794e-02,4.756145,-3.40744447e-02,2.60515133e-03
1.558000,7.88081129e-02,7.13081129e-02,4.753874,-3.40665241e-02,2.57047075e-03
1.559000,7.87740427e-02,7.12740427e-02,4.751603,-3.40702337e-02,2.57963657e-03
1.560000,7.87399590e-02,7.12399590e-02,4.749331,-3.40837120e-02,2.60910711e-03
1.561000,7.87058700e-02,7.12058700e-02,4.747058,-3.40889686e-02,2.61251495e-03
1.562000,7.86717861e-02,7.11717861e-02,4.744786,-3.40839440e-02,2.59435191e-03
1.563000,7.86377050e-02,7.11377050e-02,4.742514,-3.40810122e-02,2.60385390e-03
1.564000,7.86036227e-02,7.11036227e-02,4.740242,-3.40823650e-02,2.61645621e-03
1.565000,7.85695443e-02,7.10695443e-02,4.737970,-3.40783687e-02,2.61642039e-03
1.566000,7.85354741e-02,7.10354741e-02,4.735698,-3.40702399e-02,2.56744356e-03
1.567000,7.85014033e-02,7.10014033e-02,4.733427,-3.40707839e-02,2.59773261e-03
1.568000,7.84673212e-02,7.09673212e-02,4.731155,-3.40820563e-02,2.58897427e-03
1.569000,7.84332363e-02,7.09332363e-02,4.728882,-3.40849301e-02,2.60736107e-03
1.570000,7.83991489e-02,7.08991489e-02,4.726610,-3.40874289e-02,2.59575337e-03
1.571000,7.83650629e-02,7.08650629e-02,4.724338,-3.40859418e-02,2.60934978e-03
1.572000,7.83309771e-02,7.08309771e-02,4.722065,-3.40858625e-02,2.61666129e-03
1.573000,7.82968970e-02,7.07968970e-02,4.719793,-3.40800250e-02,2.61711295e-03
1.574000,7.82628253e-02,7.07628253e-02,4.717522,-3.40717063e-02,2.57649921e-03
1.575000,7.82287549e-02,7.07287549e-02,4.715250,-3.40704215e-02,2.57834543e-03
1.576000,7.81946728e-02,7.06946728e-02,4.712978,-3.40821483e-02,2.59214105e-03
1.577000,7.81605819e-02,7.06605819e-02,4.710705,-3.40908292e-02,2.61410720e-03
1.578000,7.81264908e-02,7.06264908e-02,4.708433,-3.40910949e-02,2.59682555e-03
1.579000,7.80924036e-02,7.05924036e-02,4.706160,-3.40872027e-02,2.61337043e-03
1.580000,7.80583176e-02,7.05583176e-02,4.703888,-3.40860603e-02,2.59796816e-03
1.581000,7.80242354e-02,7.05242354e-02,4.701616,-3.40822080e-02,2.62386841e-03
1.582000,7.79901565e-02,7.04901565e-02,4.699344,-3.40788338e-02,2.58064905e-03
1.583000,7.79560819e-02,7.04560819e-02,4.697072,-3.40745965e-02,2.58829457e-03
1.584000,7.79219987e-02,7.04219987e-02,4.694800,-3.40832011e-02,2.59311278e-03
1.585000,7.78879103e-02,7.03879103e-02,4.692527,-3.40884427e-02,2.60518140e-03
1.586000,7.78538203e-02,7.03538203e-02,4.690255,-3.40899677e-02,2.58892601e-03
1.587000,7.78197299e-02,7.03197299e-02,4.687982,-3.40904038e-02,2.61870690e-03
1.588000,7.77856390e-02,7.02856390e-02,4.685709,-3.40909120e-02,2.61169327e-03
1.589000,7.77515561e-02,7.02515561e-02,4.683437,-3.40828800e-02,2.61710880e-03
1.590000,7.77174799e-02,7.02174799e-02,4.681165,-3.40761937e-02,2.58028009e-03
1.591000,7.76834057e-02,7.01834057e-02,4.678894,-3.40742416e-02,2.58935720e-03
1.592000,7.76493229e-02,7.01493229e-02,4.676622,-3.40827794e-02,2.58236150e-03
1.593000,7.76152333e-02,7.01152333e-02,4.674349,-3.40895733e-02,2.62119192e-03
1.594000,7.75811415e-02,7.00811415e-02,4.672076,-3.40917979e-02,2.57855857e-03
1.595000,7.75470527e-02,7.00470527e-02,4.669804,-3.40888093e-02,2.61634629e-03
1.596000,7.75129596e-02,7.00129596e-02,4.667531,-3.40931397e-02,2.60974270e-03
1.597000,7.74788734e-02,6.99788734e-02,4.665258,-3.40862279e-02,2.62714526e-03
1.598000,7.74447950e-02,6.99447950e-02,4.662986,-3.40784074e-02,2.58209999e-03
1.599000,7.74107221e-02,6.99107221e-02,4.660715,-3.40728373e-02,2.58345420e-03
1.600000,7.73766403e-02,6.98766403e-02,4.658443,-3.40818213e-02,2.59850959e-03
1.601000,7.73425526e-02,6.98425526e-02,4.656170,-3.40876982e-02,2.59675919e-03
1.602000,7.73084637e-02,6.98084637e-02,4.653898,-3.40889402e-02,2.59780307e-03
1.603000,7.72743731e-02,6.97743731e-02,4.651625,-3.40905725e-02,2.60325413e-03
1.604000,7.72402822e-02,6.97402822e-02,4.649352,-3.40908980e-02,2.62024369e-03
1.605000,7.72061958e-02,6.97061958e-02,4.647080,-3.40864289e-02,2.61971524e-03
1.606000,7.71721193e-02,6.96721193e-02,4.644808,-3.40764735e-02,2.59787770e-03
1.607000,7.71380487e-02,6.96380487e-02,4.642537,-3.40705535e-02,2.57455457e-03
1.608000,7.71039728e-02,6.96039728e-02,4.640265,-3.40759297e-02,2.58244687e-03
1.609000,7.70698852e-02,6.95698852e-02,4.637992,-3.40875699e-02,2.61108442e-03
1.610000,7.70357937e-02,6.95357937e-02,4.635720,-3.40915538e-02,2.60458809e-03
1.611000,7.70017064e-02,6.95017064e-02,4.633447,-3.40872816e-02,2.60300614e-03
1.612000,7.69676210e-02,6.94676210e-02,4.631175,-3.40854227e-02,2.59885847e-03
1.613000,7.69335362e-02,6.94335362e-02,4.628902,-3.40848167e-02,2.62386133e-03
1.614000,7.68994550e-02,6.93994550e-02,4.626630,-3.40811514e-02,2.60961288e-03
1.615000,7.68653832e-02,6.93653832e-02,4.624359,-3.40717945e-02,2.56799958e-03
1.616000,7.68313087e-02,6.93313087e-02,4.622087,-3.40744759e-02,2.60172410e-03
1.617000,7.67972239e-02,6.92972239e-02,4.619815,-3.40848598e-02,2.57937091e-03
1.618000,7.67631358e-02,6.92631358e-02,4.617542,-3.40881211e-02,2.61885416e-03
1.619000,7.67290440e-02,6.92290440e-02,4.615270,-3.40917413e-02,2.59469078e-03
1.620000,7.66949574e-02,6.91949574e-02,4.612997,-3.40866676e-02,2.61180385e-03
1.621000,7.66608709e-02,6.91608709e-02,4.610725,-3.40865033e-02,2.60341042e-03
1.622000,7.66267886e-02,6.91267886e-02,4.608453,-3.40822031e-02,2.62743790e-03
1.623000,7.65927122e-02,6.90927122e-02,4.606181,-3.40764104e-02,2.57356295e-03
1.624000,7.65586400e-02,6.90586400e-02,4.603909,-3.40722539e-02,2.57610623e-03
1.625000,7.65245546e-02,6.90245546e-02,4.601637,-3.40853410e-02,2.59875372e-03
1.626000,7.64904611e-02,6.89904611e-02,4.599364,-3.40935879e-02,2.61279949e-03
1.627000,7.64563691e-02,6.89563691e-02,4.597091,-3.40919132e-02,2.60292201e-03
1.628000,7.64222818e-02,6.89222818e-02,4.594819,-3.40873724e-02,2.59371137e-03
1.629000,7.63881941e-02,6.88881941e-02,4.592546,-3.40877043e-02,2.61936496e-03
1.630000,7.63541075e-02,6.88541075e-02,4.590274,-3.40865245e-02,2.61631188e-03
1.631000,7.63200301e-02,6.88200301e-02,4.588002,-3.40774596e-02,2.57900284e-03
1.632000,7.62859541e-02,6.87859541e-02,4.585730,-3.40759951e-02,2.58440823e-03
1.633000,7.62518683e-02,6.87518683e-02,4.583458,-3.40858276e-02,2.59424804e-03
1.634000,7.62177761e-02,6.87177761e-02,4.581185,-3.40921447e-02,2.60636119e-03
1.635000,7.61836830e-02,6.86836830e-02,4.578912,-3.40930883e-02,2.59196758e-03
1.636000,7.61495904e-02,6.86495904e-02,4.576639,-3.40925991e-02,2.62471919e-03
1.637000,7.61154994e-02,6.86154994e-02,4.574367,-3.40910452e-02,2.59825441e-03
1.638000,7.60814160e-02,6.85814160e-02,4.572094,-3.40834151e-02,2.62622183e-03
1.639000,7.60473364e-02,6.85473364e-02,4.569822,-3.40795308e-02,2.57306294e-03
1.640000,7.60132606e-02,6.85132606e-02,4.567551,-3.40758621e-02,2.59029010e-03
1.641000,7.59791740e-02,6.84791740e-02,4.565278,-3.40866052e-02,2.58512451e-03
1.642000,7.59450814e-02,6.84450814e-02,4.563005,-3.40926041e-02,2.61972135e-03
1.643000,7.59109872e-02,6.84109872e-02,4.560732,-3.40941813e-02,2.58095568e-03
1.644000,7.58768959e-02,6.83768959e-02,4.558460,-3.40912518e-02,2.61783337e-03
1.645000,7.58428014e-02,6.83428014e-02,4.556187,-3.40945320e-02,2.60718735e-03
1.646000,7.58087138e-02,6.83087138e-02,4.553914,-3.40875837e-02,2.62204522e-03
1.647000,7.57746323e-02,6.82746323e-02,4.551642,-3.40815042e-02,2.58280943e-03
1.648000,7.57405548e-02,6.82405548e-02,4.549370,-3.40774837e-02,2.58323731e-03
1.649000,7.57064686e-02,6.82064686e-02,4.547098,-3.40862730e-02,2.60276078e-03
1.650000,7.56723771e-02,6.81723771e-02,4.544825,-3.40914694e-02,2.59904896e-03
1.651000,7.56382862e-02,6.81382862e-02,4.542552,-3.40909103e-02,2.58884319e-03
1.652000,7.56041928e-02,6.81041928e-02,4.540280,-3.40933750e-02,2.60889296e-03
1.653000,7.55700972e-02,6.80700972e-02,4.538006,-3.40956459e-02,2.62571113e-03
1.654000,7.55360088e-02,6.80360088e-02,4.535734,-3.40883581e-02,2.61291502e-03
1.655000,7.55019310e-02,6.80019310e-02,4.533462,-3.40778097e-02,2.59433015e-03
1.656000,7.54678562e-02,6.79678562e-02,4.531190,-3.40747503e-02,2.57651585e-03
1.657000,7.54337753e-02,6.79337753e-02,4.528918,-3.40809447e-02,2.58803243e-03
1.658000,7.53996843e-02,6.78996843e-02,4.526646,-3.40909530e-02,2.60960968e-03
1.659000,7.53655910e-02,6.78655910e-02,4.524373,-3.40933634e-02,2.59571157e-03
1.660000,7.53314998e-02,6.78314998e-02,4.522100,-3.40911453e-02,2.60692505e-03
1.661000,7.52974083e-02,6.77974083e-02,4.519827,-3.40915085e-02,2.60628063e-03
1.662000,7.52633200e-02,6.77633200e-02,4.517555,-3.40883030e-02,2.62800754e-03
1.663000,7.52292386e-02,6.77292386e-02,4.515283,-3.40814669e-02,2.59172511e-03
1.664000,7.51951646e-02,6.76951646e-02,4.513011,-3.40739116e-02,2.57952479e-03
1.665000,7.51610842e-02,6.76610842e-02,4.510739,-3.40804294e-02,2.59737524e-03
1.666000,7.51269964e-02,6.76269964e-02,4.508466,-3.40877974e-02,2.59113742e-03
1.667000,7.50929060e-02,6.75929060e-02,4.506194,-3.40904061e-02,2.60498955e-03
1.668000,7.50588134e-02,6.75588134e-02,4.503921,-3.40926138e-02,2.60377218e-03
1.669000,7.50247229e-02,6.75247229e-02,4.501648,-3.40904875e-02,2.61002325e-03
1.670000,7.49906352e-02,6.74906352e-02,4.499376,-3.40876556e-02,2.61430259e-03
1.671000,7.49565532e-02,6.74565532e-02,4.497104,-3.40820140e-02,2.61631708e-03
1.672000,7.49224786e-02,6.74224786e-02,4.494832,-3.40746108e-02,2.57058386e-03
1.673000,7.48884040e-02,6.73884040e-02,4.492560,-3.40746334e-02,2.57829294e-03
1.674000,7.48543157e-02,6.73543157e-02,4.490288,-3.40883121e-02,2.60051092e-03
1.675000,7.48202201e-02,6.73202201e-02,4.488015,-3.40955302e-02,2.61793536e-03
1.676000,7.47861278e-02,6.72861278e-02,4.485742,-3.40923701e-02,2.59793248e-03
1.677000,7.47520408e-02,6.72520408e-02,4.483469,-3.40870250e-02,2.59483286e-03
1.678000,7.47179520e-02,6.72179520e-02,4.481197,-3.40887971e-02,2.61561617e-03
1.679000,7.46838640e-02,6.71838640e-02,4.478924,-3.40879120e-02,2.62316212e-03
1.680000,7.46497852e-02,6.71497852e-02,4.476652,-3.40788669e-02,2.57023596e-03
1.681000,7.46157085e-02,6.71157085e-02,4.474381,-3.40767030e-02,2.59336937e-03
1.682000,7.45816206e-02,6.70816206e-02,4.472108,-3.40878299e-02,2.58690546e-03
1.683000,7.45475281e-02,6.70475281e-02,4.469835,-3.40925026e-02,2.60647554e-03
1.684000,7.45134323e-02,6.70134323e-02,4.467562,-3.40958374e-02,2.59925880e-03
1.685000,7.44793383e-02,6.69793383e-02,4.465289,-3.40940212e-02,2.61422807e-03
1.686000,7.44452464e-02,6.69452464e-02,4.463016,-3.40919280e-02,2.60971631e-03
1.687000,7.44111606e-02,6.69111606e-02,4.460744,-3.40857165e-02,2.61561866e-03
1.688000,7.43770807e-02,6.68770807e-02,4.458472,-3.40799430e-02,2.57891865e-03
1.689000,7.43430020e-02,6.68430020e-02,4.456200,-3.40787210e-02,2.58383719e-03
1.690000,7.43089133e-02,6.68089133e-02,4.453928,-3.40886821e-02,2.58598302e-03
1.691000,7.42748166e-02,6.67748166e-02,4.451654,-3.40966484e-02,2.62166943e-03
1.692000,7.42407190e-02,6.67407190e-02,4.449381,-3.40975992e-02,2.59099083e-03
1.693000,7.42066268e-02,6.67066268e-02,4.447108,-3.40922552e-02,2.61127780e-03
1.694000,7.41725334e-02,6.66725334e-02,4.444836,-3.40933991e-02,2.60131625e-03
1.695000,7.41384437e-02,6.66384437e-02,4.442563,-3.40896420e-02,2.62365889e-03
1.696000,7.41043585e-02,6.66043585e-02,4.440291,-3.40852053e-02,2.58158819e-03
1.697000,7.40702777e-02,6.65702777e-02,4.438019,-3.40808707e-02,2.58398568e-03
1.698000,7.40361877e-02,6.65361877e-02,4.435746,-3.40899288e-02,2.60135537e-03
1.699000,7.40020926e-02,6.65020926e-02,4.433473,-3.40951279e-02,2.60045403e-03
1.700000,7.39679978e-02,6.64679978e-02,4.431200,-3.40947820e-02,2.58489814e-03
1.701000,7.39339004e-02,6.64339004e-02,4.428927,-3.40974829e-02,2.61758339e-03
1.702000,7.38998008e-02,6.63998008e-02,4.426653,-3.40995126e-02,2.62401907e-03
1.703000,7.38657112e-02,6.63657112e-02,4.424381,-3.40896699e-02,2.61193399e-03
1.704000,7.38316313e-02,6.63316313e-02,4.422109,-3.40798507e-02,2.58163962e-03
1.705000,7.37975520e-02,6.62975520e-02,4.419837,-3.40793576e-02,2.58810370e-03
1.706000,7.37634643e-02,6.62634643e-02,4.417564,-3.40876706e-02,2.58942346e-03
1.707000,7.37293707e-02,6.62293707e-02,4.415291,-3.40936273e-02,2.61286443e-03
1.708000,7.36952757e-02,6.61952757e-02,4.413018,-3.40950053e-02,2.58387683e-03
1.709000,7.36611818e-02,6.61611818e-02,4.410745,-3.40938111e-02,2.61554551e-03
1.710000,7.36270853e-02,6.61270853e-02,4.408472,-3.40965366e-02,2.60910937e-03
1.711000,7.35929953e-02,6.60929953e-02,4.406200,-3.40899998e-02,2.62268215e-03
1.712000,7.35589121e-02,6.60589121e-02,4.403927,-3.40831765e-02,2.59161702e-03
1.713000,7.35248347e-02,6.60248347e-02,4.401656,-3.40773892e-02,2.57771188e-03
1.714000,7.34907505e-02,6.59907505e-02,4.399383,-3.40842631e-02,2.60188110e-03
1.715000,7.34566591e-02,6.59566591e-02,4.397111,-3.40914296e-02,2.59135959e-03
1.716000,7.34225665e-02,6.59225665e-02,4.394838,-3.40925193e-02,2.60130046e-03
1.717000,7.33884712e-02,6.58884712e-02,4.392565,-3.40953064e-02,2.60390226e-03
1.718000,7.33543769e-02,6.58543769e-02,4.390292,-3.40943686e-02,2.61315985e-03
1.719000,7.33202859e-02,6.58202859e-02,4.388019,-3.40909394e-02,2.62332782e-03
1.720000,7.32862032e-02,6.57862032e-02,4.385747,-3.40826716e-02,2.60213833e-03
1.721000,7.32521284e-02,6.57521284e-02,4.383475,-3.40748117e-02,2.57039338e-03
1.722000,7.32180489e-02,6.57180489e-02,4.381203,-3.40795245e-02,2.58278048e-03
1.723000,7.31839564e-02,6.56839564e-02,4.378930,-3.40924723e-02,2.60745083e-03
1.724000,7.31498594e-02,6.56498594e-02,4.376657,-3.40969893e-02,2.61161153e-03
1.725000,7.31157668e-02,6.56157668e-02,4.374384,-3.40926684e-02,2.59485165e-03
1.726000,7.30816768e-02,6.55816768e-02,4.372112,-3.40899449e-02,2.60504394e-03
1.727000,7.30475859e-02,6.55475859e-02,4.369839,-3.40909231e-02,2.61749044e-03
1.728000,7.30134996e-02,6.55134996e-02,4.367567,-3.40863531e-02,2.61607750e-03
1.729000,7.29794216e-02,6.54794216e-02,4.365295,-3.40779453e-02,2.56463878e-03
1.730000,7.29453425e-02,6.54453425e-02,4.363023,-3.40790978e-02,2.60215404e-03
1.731000,7.29112520e-02,6.54112520e-02,4.360750,-3.40905095e-02,2.58549534e-03
1.732000,7.28771595e-02,6.53771595e-02,4.358477,-3.40925465e-02,2.60915353e-03
1.733000,7.28430636e-02,6.53430636e-02,4.356204,-3.40958708e-02,2.59695251e-03
1.734000,7.28089700e-02,6.53089700e-02,4.353931,-3.40935830e-02,2.61031000e-03
1.735000,7.27748771e-02,6.52748771e-02,4.351658,-3.40929401e-02,2.60977570e-03
1.736000,7.27407891e-02,6.52407891e-02,4.349386,-3.40880048e-02,2.62286920e-03
1.737000,7.27067081e-02,6.52067081e-02,4.347114,-3.40809296e-02,2.57658528e-03
1.738000,7.26726304e-02,6.51726304e-02,4.344842,-3.40777391e-02,2.57659514e-03
1.739000,7.26385406e-02,6.51385406e-02,4.342569,-3.40897472e-02,2.59269584e-03
1.740000,7.26044417e-02,6.51044417e-02,4.340296,-3.40989048e-02,2.61385629e-03
1.741000,7.25703427e-02,6.50703427e-02,4.338023,-3.40990327e-02,2.60137447e-03
1.742000,7.25362483e-02,6.50362483e-02,4.335750,-3.40944184e-02,2.60617976e-03
1.743000,7.25021552e-02,6.50021552e-02,4.333477,-3.40930537e-02,2.60350715e-03
1.744000,7.24680647e-02,6.49680647e-02,4.331204,-3.40905834e-02,2.62293930e-03
1.745000,7.24339791e-02,6.49339791e-02,4.328932,-3.40855545e-02,2.58152640e-03
1.746000,7.23998976e-02,6.48998976e-02,4.326660,-3.40814671e-02,2.58359819e-03
1.747000,7.23658070e-02,6.48658070e-02,4.324387,-3.40906141e-02,2.59762896e-03
1.748000,7.23317104e-02,6.48317104e-02,4.322114,-3.40965994e-02,2.60603079e-03
1.749000,7.22976139e-02,6.47976139e-02,4.319841,-3.40964910e-02,2.58733411e-03
1.750000,7.22635170e-02,6.47635170e-02,4.317568,-3.40969297e-02,2.61820081e-03
1.751000,7.22294189e-02,6.47294189e-02,4.315295,-3.40980502e-02,2.61184699e-03
1.752000,7.21953288e-02,6.46953288e-02,4.313022,-3.40901572e-02,2.61902109e-03
1.753000,7.21612457e-02,6.46612457e-02,4.310750,-3.40830822e-02,2.57568799e-03
1.754000,7.21271644e-02,6.46271644e-02,4.308478,-3.40813142e-02,2.59192340e-03
1.755000,7.20930735e-02,6.45930735e-02,4.306205,-3.40909063e-02,2.58455725e-03
1.756000,7.20589770e-02,6.45589770e-02,4.303932,-3.40964691e-02,2.62232827e-03
1.757000,7.20248792e-02,6.45248792e-02,4.301659,-3.40977717e-02,2.57425952e-03
1.758000,7.19907841e-02,6.44907841e-02,4.299386,-3.40951701e-02,2.61882592e-03
1.759000,7.19566836e-02,6.44566836e-02,4.297112,-3.41004739e-02,2.61210681e-03
1.760000,7.19225913e-02,6.44225913e-02,4.294839,-3.40923297e-02,2.62488799e-03
1.761000,7.18885071e-02,6.43885071e-02,4.292567,-3.40841319e-02,2.58013915e-03
1.762000,7.18544275e-02,6.43544275e-02,4.290295,-3.40796499e-02,2.58547729e-03
1.763000,7.18203386e-02,6.43203386e-02,4.288023,-3.40889201e-02,2.60058569e-03
1.764000,7.17862448e-02,6.42862448e-02,4.285750,-3.40937655e-02,2.59449107e-03
1.765000,7.17521501e-02,6.42521501e-02,4.283477,-3.40947268e-02,2.59721383e-03
1.766000,7.17180529e-02,6.42180529e-02,4.281204,-3.40972081e-02,2.60584386e-03
1.767000,7.16839556e-02,6.41839556e-02,4.278930,-3.40972691e-02,2.62027227e-03
1.768000,7.16498637e-02,6.41498637e-02,4.276658,-3.40919445e-02,2.61748324e-03
1.769000,7.16157813e-02,6.41157813e-02,4.274385,-3.40823745e-02,2.59911463e-03
1.770000,7.15817043e-02,6.40817043e-02,4.272114,-3.40769687e-02,2.57369201e-03
1.771000,7.15476222e-02,6.40476222e-02,4.269841,-3.40820912e-02,2.58332979e-03
1.772000,7.15135284e-02,6.40135284e-02,4.267569,-3.40938585e-02,2.61298937e-03
1.773000,7.14794311e-02,6.39794311e-02,4.265295,-3.40972157e-02,2.60135626e-03
1.774000,7.14453383e-02,6.39453383e-02,4.263023,-3.40928894e-02,2.60396503e-03
1.775000,7.14112463e-02,6.39112463e-02,4.260750,-3.40919222e-02,2.60023056e-03
1.776000,7.13771556e-02,6.38771556e-02,4.258477,-3.40907587e-02,2.62818556e-03
1.777000,7.13430697e-02,6.38430697e-02,4.256205,-3.40858781e-02,2.60074584e-03
1.778000,7.13089930e-02,6.38089930e-02,4.253933,-3.40766691e-02,2.57092751e-03
1.779000,7.12749113e-02,6.37749113e-02,4.251661,-3.40817447e-02,2.60069984e-03
1.780000,7.12408199e-02,6.37408199e-02,4.249388,-3.40913483e-02,2.58607527e-03
1.781000,7.12067262e-02,6.37067262e-02,4.247115,-3.40937603e-02,2.61245986e-03
1.782000,7.11726299e-02,6.36726299e-02,4.244842,-3.40963094e-02,2.59513688e-03
1.783000,7.11385366e-02,6.36385366e-02,4.242569,-3.40932568e-02,2.61563410e-03
1.784000,7.11044443e-02,6.36044443e-02,4.240296,-3.40922687e-02,2.60455437e-03
1.785000,7.10703578e-02,6.35703578e-02,4.238024,-3.40865083e-02,2.62275190e-03
1.786000,7.10362767e-02,6.35362767e-02,4.235752,-3.40811686e-02,2.57446414e-03
1.787000,7.10021983e-02,6.35021983e-02,4.233480,-3.40783917e-02,2.57612976e-03
1.788000,7.09681071e-02,6.34681071e-02,4.231207,-3.40911787e-02,2.60084206e-03
1.789000,7.09340080e-02,6.34340080e-02,4.228934,-3.40990485e-02,2.61307940e-03
1.790000,7.08999114e-02,6.33999114e-02,4.226661,-3.40966385e-02,2.60130763e-03
1.791000,7.08658191e-02,6.33658191e-02,4.224388,-3.40922912e-02,2.59419311e-03
1.792000,7.08317260e-02,6.33317260e-02,4.222115,-3.40930681e-02,2.61789603e-03
1.793000,7.07976341e-02,6.32976341e-02,4.219842,-3.40919899e-02,2.61986029e-03
1.794000,7.07635513e-02,6.32635513e-02,4.217570,-3.40827799e-02,2.57351950e-03
1.795000,7.07294702e-02,6.32294702e-02,4.215298,-3.40811197e-02,2.58940156e-03
1.796000,7.06953783e-02,6.31953783e-02,4.213025,-3.40918700e-02,2.58989890e-03
1.797000,7.06612810e-02,6.31612810e-02,4.210752,-3.40973163e-02,2.60648312e-03
1.798000,7.06271813e-02,6.31271813e-02,4.208479,-3.40996667e-02,2.59365603e-03
1.799000,7.05930825e-02,6.30930825e-02,4.206206,-3.40988388e-02,2.62587345e-03
1.800000,7.05589859e-02,6.30589859e-02,4.203932,-3.40965263e-02,2.59905951e-03
1.801000,7.05248976e-02,6.30248976e-02,4.201660,-3.40883748e-02,2.62111800e-03
1.802000,7.04908124e-02,6.29908124e-02,4.199387,-3.40851286e-02,2.57673376e-03
1.803000,7.04567300e-02,6.29567300e-02,4.197115,-3.40824870e-02,2.59168258e-03
1.804000,7.04226382e-02,6.29226382e-02,4.194843,-3.40917782e-02,2.58129621e-03
1.805000,7.03885402e-02,6.28885402e-02,4.192569,-3.40979968e-02,2.62416308e-03
1.806000,7.03544401e-02,6.28544401e-02,4.190296,-3.41000459e-02,2.57975755e-03
1.807000,7.03203443e-02,6.28203443e-02,4.188023,-3.40958694e-02,2.61871835e-03
1.808000,7.02862449e-02,6.27862449e-02,4.185750,-3.40993867e-02,2.60561698e-03
1.809000,7.02521524e-02,6.27521524e-02,4.183477,-3.40924254e-02,2.62498121e-03
1.810000,7.02180661e-02,6.27180661e-02,4.181204,-3.40863425e-02,2.57856848e-03
1.811000,7.01839840e-02,6.26839840e-02,4.178932,-3.40821077e-02,2.58517195e-03
1.812000,7.01498921e-02,6.26498921e-02,4.176659,-3.40919477e-02,2.59844153e-03
1.813000,7.01157948e-02,6.26157948e-02,4.174386,-3.40972725e-02,2.60658695e-03
1.814000,7.00816980e-02,6.25816980e-02,4.172113,-3.40967989e-02,2.58126632e-03
1.815000,7.00475999e-02,6.25475999e-02,4.169840,-3.40981280e-02,2.61561913e-03
1.816000,7.00134982e-02,6.25134982e-02,4.167567,-3.41016978e-02,2.62043419e-03
1.817000,6.99794050e-02,6.24794050e-02,4.165294,-3.40931341e-02,2.61815348e-03
1.818000,6.99453216e-02,6.24453216e-02,4.163021,-3.40833924e-02,2.59110634e-03
1.819000,6.99112424e-02,6.24112424e-02,4.160749,-3.40791827e-02,2.57677726e-03
1.820000,6.98771561e-02,6.23771561e-02,4.158477,-3.40863896e-02,2.58683506e-03
1.821000,6.98430595e-02,6.23430595e-02,4.156204,-3.40965238e-02,2.61481193e-03
1.822000,6.98089611e-02,6.23089611e-02,4.153931,-3.40984075e-02,2.59294110e-03
1.823000,6.97748662e-02,6.22748662e-02,4.151658,-3.40949708e-02,2.60431942e-03
1.824000,6.97407694e-02,6.22407694e-02,4.149385,-3.40967046e-02,2.61045892e-03
1.825000,6.97066758e-02,6.22066758e-02,4.147112,-3.40936160e-02,2.62552423e-03
1.826000,6.96725900e-02,6.21725900e-02,4.144839,-3.40858469e-02,2.59336725e-03
1.827000,6.96385112e-02,6.21385112e-02,4.142567,-3.40788167e-02,2.57859552e-03
1.828000,6.96044262e-02,6.21044262e-02,4.140295,-3.40849596e-02,2.59778281e-03
1.829000,6.95703336e-02,6.20703336e-02,4.138022,-3.40925606e-02,2.59008313e-03
1.830000,6.95362384e-02,6.20362384e-02,4.135749,-3.40952219e-02,2.60712376e-03
1.831000,6.95021410e-02,6.20021410e-02,4.133476,-3.40973984e-02,2.60516718e-03
1.832000,6.94680467e-02,6.19680467e-02,4.131203,-3.40943246e-02,2.60617357e-03
1.833000,6.94339550e-02,6.19339550e-02,4.128930,-3.40917153e-02,2.61676213e-03
1.834000,6.93998681e-02,6.18998681e-02,4.126658,-3.40869031e-02,2.61767896e-03
1.835000,6.93657896e-02,6.18657896e-02,4.124386,-3.40784512e-02,2.56967338e-03
1.836000,6.93317114e-02,6.18317114e-02,4.122114,-3.40781876e-02,2.57747113e-03
1.837000,6.92976191e-02,6.17976191e-02,4.119841,-3.40923107e-02,2.60042820e-03
1.838000,6.92635193e-02,6.17635193e-02,4.117568,-3.40998132e-02,2.61866211e-03
1.839000,6.92294228e-02,6.17294228e-02,4.115295,-3.40965518e-02,2.59841027e-03
1.840000,6.91953319e-02,6.16953319e-02,4.113022,-3.40908835e-02,2.59663436e-03
1.841000,6.91612397e-02,6.16612397e-02,4.110749,-3.40921802e-02,2.61105289e-03
1.842000,6.91271482e-02,6.16271482e-02,4.108477,-3.40915104e-02,2.62738446e-03
1.843000,6.90930650e-02,6.15930650e-02,4.106204,-3.40832173e-02,2.56735360e-03
1.844000,6.90589848e-02,6.15589848e-02,4.103932,-3.40801764e-02,2.59487143e-03
1.845000,6.90248928e-02,6.15248928e-02,4.101660,-3.40919843e-02,2.59018937e-03
1.846000,6.89907972e-02,6.14907972e-02,4.099386,-3.40955829e-02,2.60324905e-03
1.847000,6.89566988e-02,6.14566988e-02,4.097113,-3.40984098e-02,2.60174683e-03
1.848000,6.89226016e-02,6.14226016e-02,4.094840,-3.40972133e-02,2.60874529e-03
1.849000,6.88885063e-02,6.13885063e-02,4.092567,-3.40952725e-02,2.61734667e-03
1.850000,6.88544168e-02,6.13544168e-02,4.090294,-3.40895123e-02,2.61196990e-03
1.851000,6.88203349e-02,6.13203349e-02,4.088022,-3.40818781e-02,2.57992084e-03
1.852000,6.87862533e-02,6.12862533e-02,4.085750,-3.40816772e-02,2.58291137e-03
1.853000,6.87521618e-02,6.12521618e-02,4.083477,-3.40914729e-02,2.58605169e-03
1.854000,6.87180621e-02,6.12180621e-02,4.081204,-3.40997311e-02,2.61972990e-03
1.855000,6.86839611e-02,6.11839611e-02,4.078931,-3.41010023e-02,2.59413178e-03
1.856000,6.86498653e-02,6.11498653e-02,4.076658,-3.40957399e-02,2.61393752e-03
1.857000,6.86157699e-02,6.11157699e-02,4.074385,-3.40953819e-02,2.59708868e-03
1.858000,6.85816784e-02,6.10816784e-02,4.072112,-3.40914989e-02,2.62721766e-03
1.859000,6.85475906e-02,6.10475906e-02,4.069839,-3.40878213e-02,2.57982937e-03
1.860000,6.85135080e-02,6.10135080e-02,4.067567,-3.40826290e-02,2.58520209e-03
1.861000,6.84794159e-02,6.09794159e-02,4.065294,-3.40920496e-02,2.60222248e-03
1.862000,6.84453192e-02,6.09453192e-02,4.063021,-3.40966959e-02,2.59605350e-03
1.863000,6.84112224e-02,6.09112224e-02,4.060748,-3.40968433e-02,2.58957157e-03
1.864000,6.83771222e-02,6.08771222e-02,4.058475,-3.41001630e-02,2.61670946e-03
1.865000,6.83430214e-02,6.08430214e-02,4.056201,-3.41008124e-02,2.62234918e-03
1.866000,6.83089299e-02,6.08089299e-02,4.053929,-3.40915520e-02,2.60929655e-03
1.867000,6.82748471e-02,6.07748471e-02,4.051656,-3.40827476e-02,2.58432386e-03
1.868000,6.82407645e-02,6.07407645e-02,4.049384,-3.40826461e-02,2.58935522e-03
1.869000,6.82066746e-02,6.07066746e-02,4.047112,-3.40898562e-02,2.58629426e-03
1.870000,6.81725787e-02,6.06725787e-02,4.044839,-3.40959553e-02,2.61627803e-03
1.871000,6.81384809e-02,6.06384809e-02,4.042565,-3.40977573e-02,2.58051834e-03
1.872000,6.81043849e-02,6.06043849e-02,4.040292,-3.40960359e-02,2.61671495e-03
1.873000,6.80702852e-02,6.05702852e-02,4.038019,-3.40996575e-02,2.61116629e-03
1.874000,6.80361928e-02,6.05361928e-02,4.035746,-3.40923729e-02,2.62273528e-03
1.875000,6.80021080e-02,6.05021080e-02,4.033474,-3.40848647e-02,2.58535158e-03
1.876000,6.79680278e-02,6.04680278e-02,4.031202,-3.40801679e-02,2.58189051e-03
1.877000,6.79339395e-02,6.04339395e-02,4.028929,-3.40883606e-02,2.60202540e-03
1.878000,6.78998453e-02,6.03998453e-02,4.026656,-3.40941293e-02,2.59009379e-03
1.879000,6.78657499e-02,6.03657499e-02,4.024383,-3.40953954e-02,2.60282025e-03
1.880000,6.78316516e-02,6.03316516e-02,4.022110,-3.40983294e-02,2.60031332e-03
1.881000,6.77975541e-02,6.02975541e-02,4.019837,-3.40975272e-02,2.61907666e-03
1.882000,6.77634598e-02,6.02634598e-02,4.017564,-3.40942303e-02,2.62155067e-03
1.883000,6.77293755e-02,6.02293755e-02,4.015292,-3.40843337e-02,2.59849022e-03
1.884000,6.76952978e-02,6.01952978e-02,4.013020,-3.40777025e-02,2.57400304e-03
1.885000,6.76612148e-02,6.01612148e-02,4.010748,-3.40829751e-02,2.58067225e-03
1.886000,6.76271197e-02,6.01271197e-02,4.008475,-3.40951102e-02,2.61218292e-03
1.887000,6.75930202e-02,6.00930202e-02,4.006201,-3.40994827e-02,2.60651247e-03
1.888000,6.75589257e-02,6.00589257e-02,4.003928,-3.40945095e-02,2.59769148e-03
1.889000,6.75248328e-02,6.00248328e-02,4.001656,-3.40929584e-02,2.60404109e-03
1.890000,6.74907396e-02,5.99907396e-02,3.999383,-3.40931813e-02,2.62199857e-03
1.891000,6.74566514e-02,5.99566514e-02,3.997110,-3.40881434e-02,2.60877295e-03
1.892000,6.74225719e-02,5.99225719e-02,3.994838,-3.40795468e-02,2.56942615e-03
1.893000,6.73884896e-02,5.98884896e-02,3.992566,-3.40822517e-02,2.59984143e-03
1.894000,6.73543971e-02,5.98543971e-02,3.990293,-3.40925001e-02,2.58581945e-03
1.895000,6.73203019e-02,5.98203019e-02,3.988020,-3.40952393e-02,2.61199873e-03
1.896000,6.72862040e-02,5.97862040e-02,3.985747,-3.40979540e-02,2.59555865e-03
1.897000,6.72521090e-02,5.97521090e-02,3.983474,-3.40949783e-02,2.60974207e-03
1.898000,6.72180141e-02,5.97180141e-02,3.981201,-3.40948935e-02,2.61248745e-03
1.899000,6.71839244e-02,5.96839244e-02,3.978928,-3.40896653e-02,2.61968495e-03
1.900000,6.71498422e-02,5.96498422e-02,3.976656,-3.40822626e-02,2.57612685e-03
1.901000,6.71157620e-02,5.96157620e-02,3.974384,-3.40801989e-02,2.57666129e-03
1.902000,6.70816696e-02,5.95816696e-02,3.972111,-3.40923458e-02,2.59684235e-03
1.903000,6.70475689e-02,5.95475689e-02,3.969838,-3.41007484e-02,2.61079220e-03
1.904000,6.70134688e-02,5.95134688e-02,3.967565,-3.41000564e-02,2.60401810e-03
1.905000,6.69793728e-02,5.94793728e-02,3.965292,-3.40959809e-02,2.59958337e-03
1.906000,6.69452779e-02,5.94452779e-02,3.963019,-3.40949145e-02,2.61245132e-03
1.907000,6.69111849e-02,5.94111849e-02,3.960746,-3.40930288e-02,2.61827393e-03
1.908000,6.68770990e-02,5.93770990e-02,3.958473,-3.40858875e-02,2.57773504e-03
1.909000,6.68430150e-02,5.93430150e-02,3.956201,-3.40840029e-02,2.58979598e-03
1.910000,6.68089217e-02,5.93089217e-02,3.953928,-3.40932989e-02,2.59251449e-03
1.911000,6.67748235e-02,5.92748235e-02,3.951655,-3.40981532e-02,2.60758753e-03
1.912000,6.67407241e-02,5.92407241e-02,3.949382,-3.40994493e-02,2.59037041e-03
1.913000,6.67066253e-02,5.92066253e-02,3.947108,-3.40988397e-02,2.62260054e-03
1.914000,6.66725271e-02,5.91725271e-02,3.944835,-3.40981850e-02,2.60058139e-03
1.915000,6.66384362e-02,5.91384362e-02,3.942562,-3.40908393e-02,2.62155456e-03
1.916000,6.66043492e-02,5.91043492e-02,3.940290,-3.40870161e-02,2.58266367e-03
1.917000,6.65702660e-02,5.90702660e-02,3.938018,-3.40831824e-02,2.58440417e-03
1.918000,6.65361742e-02,5.90361742e-02,3.935745,-3.40918133e-02,2.58715254e-03
1.919000,6.65020748e-02,5.90020748e-02,3.933472,-3.40993866e-02,2.61799614e-03
1.920000,6.64679742e-02,5.89679742e-02,3.931198,-3.41006029e-02,2.58393053e-03
1.921000,6.64338765e-02,5.89338765e-02,3.928925,-3.40977139e-02,2.61280070e-03
1.922000,6.63997756e-02,5.88997756e-02,3.926652,-3.41009071e-02,2.61566522e-03
1.923000,6.63656815e-02,5.88656815e-02,3.924379,-3.40941124e-02,2.62053125e-03
1.924000,6.63315960e-02,5.88315960e-02,3.922106,-3.40855164e-02,2.58006280e-03
1.925000,6.62975135e-02,5.87975135e-02,3.919834,-3.40824787e-02,2.58618509e-03
1.926000,6.62634218e-02,5.87634218e-02,3.917561,-3.40916489e-02,2.60350018e-03
1.927000,6.62293261e-02,5.87293261e-02,3.915288,-3.40957464e-02,2.59468015e-03
1.928000,6.61952304e-02,5.86952304e-02,3.913015,-3.40957170e-02,2.59308802e-03
1.929000,6.61611315e-02,5.86611315e-02,3.910742,-3.40988659e-02,2.60858387e-03
1.930000,6.61270317e-02,5.86270317e-02,3.908469,-3.40997974e-02,2.61981751e-03
1.931000,6.60929381e-02,5.85929381e-02,3.906196,-3.40936532e-02,2.61924391e-03
1.932000,6.60588541e-02,5.85588541e-02,3.903924,-3.40839212e-02,2.59384164e-03
1.933000,6.60247753e-02,5.85247753e-02,3.901652,-3.40788697e-02,2.57708210e-03
1.934000,6.59906902e-02,5.84906902e-02,3.899379,-3.40851244e-02,2.58589622e-03
1.935000,6.59565948e-02,5.84565948e-02,3.897106,-3.40953246e-02,2.61156845e-03
1.936000,6.59224967e-02,5.84224967e-02,3.894833,-3.40980901e-02,2.59466886e-03
1.937000,6.58884013e-02,5.83884013e-02,3.892560,-3.40954131e-02,2.60822919e-03
1.938000,6.58543054e-02,5.83543054e-02,3.890287,-3.40958881e-02,2.60287566e-03
1.939000,6.58202126e-02,5.83202126e-02,3.888014,-3.40928564e-02,2.62907674e-03
1.940000,6.57861256e-02,5.82861256e-02,3.885742,-3.40869496e-02,2.59475508e-03
1.941000,6.57520471e-02,5.82520471e-02,3.883470,-3.40785073e-02,2.57489744e-03
1.942000,6.57179623e-02,5.82179623e-02,3.881197,-3.40848483e-02,2.60085497e-03
1.943000,6.56838692e-02,5.81838692e-02,3.878925,-3.40931206e-02,2.58595617e-03
1.944000,6.56497737e-02,5.81497737e-02,3.876652,-3.40955028e-02,2.61185739e-03
1.945000,6.56156755e-02,5.81156755e-02,3.874378,-3.40981976e-02,2.59591671e-03
1.946000,6.55815802e-02,5.80815802e-02,3.872105,-3.40952049e-02,2.61866933e-03
1.947000,6.55474868e-02,5.80474868e-02,3.869832,-3.40934239e-02,2.60476152e-03
1.948000,6.55134002e-02,5.80134002e-02,3.867560,-3.40866301e-02,2.62379727e-03
1.949000,6.54793192e-02,5.79793192e-02,3.865288,-3.40810375e-02,2.56598630e-03
1.950000,6.54452397e-02,5.79452397e-02,3.863016,-3.40794165e-02,2.58413467e-03
1.951000,6.54111462e-02,5.79111462e-02,3.860743,-3.40935721e-02,2.59641293e-03
1.952000,6.53770466e-02,5.78770466e-02,3.858470,-3.40995963e-02,2.61557105e-03
1.953000,6.53429484e-02,5.78429484e-02,3.856197,-3.40982002e-02,2.59937318e-03
1.954000,6.53088550e-02,5.78088550e-02,3.853924,-3.40933767e-02,2.59654756e-03
1.955000,6.52747606e-02,5.77747606e-02,3.851651,-3.40943726e-02,2.61371603e-03
1.956000,6.52406674e-02,5.77406674e-02,3.849378,-3.40932603e-02,2.62578338e-03
1.957000,6.52065830e-02,5.77065830e-02,3.847106,-3.40843757e-02,2.57183128e-03
1.958000,6.51725019e-02,5.76725019e-02,3.844833,-3.40810688e-02,2.58807771e-03
1.959000,6.51384093e-02,5.76384093e-02,3.842561,-3.40926076e-02,2.58836288e-03
1.960000,6.51043106e-02,5.76043106e-02,3.840287,-3.40987604e-02,2.60876883e-03
1.961000,6.50702093e-02,5.75702093e-02,3.838014,-3.41012110e-02,2.59822151e-03
1.962000,6.50361105e-02,5.75361105e-02,3.835741,-3.40988251e-02,2.61517387e-03
1.963000,6.50020136e-02,5.75020136e-02,3.833468,-3.40969053e-02,2.60736433e-03
1.964000,6.49679228e-02,5.74679228e-02,3.831195,-3.40907991e-02,2.61867144e-03
1.965000,6.49338376e-02,5.74338376e-02,3.828923,-3.40852581e-02,2.57998876e-03
1.966000,6.48997547e-02,5.73997547e-02,3.826650,-3.40828444e-02,2.58221724e-03
1.967000,6.48656620e-02,5.73656620e-02,3.824377,-3.40927405e-02,2.58653381e-03
1.968000,6.48315608e-02,5.73315608e-02,3.822104,-3.41011414e-02,2.62498150e-03
1.969000,6.47974595e-02,5.72974595e-02,3.819831,-3.41013256e-02,2.58495764e-03
1.970000,6.47633635e-02,5.72633635e-02,3.817558,-3.40959608e-02,2.61060342e-03
1.971000,6.47292643e-02,5.72292643e-02,3.815284,-3.40992053e-02,2.60767645e-03
1.972000,6.46951698e-02,5.71951698e-02,3.813011,-3.40945449e-02,2.62519930e-03
1.973000,6.46610820e-02,5.71610820e-02,3.810739,-3.40877471e-02,2.57445719e-03
1.974000,6.46269979e-02,5.71269979e-02,3.808467,-3.40841677e-02,2.58837495e-03
1.975000,6.45929031e-02,5.70929031e-02,3.806194,-3.40947915e-02,2.60009435e-03
1.976000,6.45588043e-02,5.70588043e-02,3.803920,-3.40987721e-02,2.60733557e-03
1.977000,6.45247067e-02,5.70247067e-02,3.801647,-3.40976233e-02,2.57491759e-03
1.978000,6.44906069e-02,5.69906069e-02,3.799374,-3.40998292e-02,2.62213004e-03
1.979000,6.44565025e-02,5.69565025e-02,3.797100,-3.41043326e-02,2.62018620e-03
1.980000,6.44224089e-02,5.69224089e-02,3.794827,-3.40936745e-02,2.61798347e-03
1.981000,6.43883248e-02,5.68883248e-02,3.792555,-3.40840443e-02,2.58453701e-03
1.982000,6.43542438e-02,5.68542438e-02,3.790283,-3.40810522e-02,2.58245042e-03
1.983000,6.43201543e-02,5.68201543e-02,3.788010,-3.40894134e-02,2.58874800e-03
1.984000,6.42860570e-02,5.67860570e-02,3.785737,-3.40973461e-02,2.61416926e-03
1.985000,6.42519583e-02,5.67519583e-02,3.783464,-3.40987152e-02,2.58727299e-03
1.986000,6.42178618e-02,5.67178618e-02,3.781191,-3.40964919e-02,2.61187696e-03
1.987000,6.41837630e-02,5.66837630e-02,3.778918,-3.40987508e-02,2.60934230e-03
1.988000,6.41496697e-02,5.66496697e-02,3.776645,-3.40933775e-02,2.62376629e-03
1.989000,6.41155834e-02,5.66155834e-02,3.774372,-3.40862860e-02,2.59366615e-03
1.990000,6.40815036e-02,5.65815036e-02,3.772100,-3.40797803e-02,2.57824360e-03
1.991000,6.40474177e-02,5.65474177e-02,3.769828,-3.40858873e-02,2.59909275e-03
1.992000,6.40133243e-02,5.65133243e-02,3.767555,-3.40933723e-02,2.59107048e-03
1.993000,6.39792289e-02,5.64792289e-02,3.765282,-3.40954288e-02,2.60331049e-03
1.994000,6.39451310e-02,5.64451310e-02,3.763009,-3.40979554e-02,2.60789746e-03
1.995000,6.39110353e-02,5.64110353e-02,3.760736,-3.40956510e-02,2.60653766e-03
1.996000,6.38769432e-02,5.63769432e-02,3.758463,-3.40920807e-02,2.62341576e-03
1.997000,6.38428572e-02,5.63428572e-02,3.756190,-3.40859722e-02,2.60730553e-03
1.998000,6.38087801e-02,5.63087801e-02,3.753919,-3.40771697e-02,2.56941561e-03
1.999000,6.37746997e-02,5.62746997e-02,3.751647,-3.40803584e-02,2.57865703e-03
2.000000,6.37406054e-02,5.62406054e-02,3.749374,-3.40943565e-02,2.60979256e-03
2.001000,6.37065055e-02,5.62065055e-02,3.747100,-3.40998136e-02,2.61234161e-03
2.002000,6.36724110e-02,5.61724110e-02,3.744827,-3.40945945e-02,2.59519657e-03
2.003000,6.36383194e-02,5.61383194e-02,3.742555,-3.40915702e-02,2.60150412e-03
2.004000,6.36042263e-02,5.61042263e-02,3.740282,-3.40930612e-02,2.61400225e-03
2.005000,6.35701361e-02,5.60701361e-02,3.738009,-3.40902705e-02,2.62148565e-03
2.006000,6.35360540e-02,5.60360540e-02,3.735737,-3.40820519e-02,2.56786395e-03
2.007000,6.35019731e-02,5.60019731e-02,3.733465,-3.40808580e-02,2.59522256e-03
2.008000,6.34678807e-02,5.59678807e-02,3.731192,-3.40924362e-02,2.59078721e-03
2.009000,6.34337849e-02,5.59337849e-02,3.728919,-3.40958138e-02,2.60650505e-03
2.010000,6.33996870e-02,5.58996870e-02,3.726646,-3.40978686e-02,2.59658027e-03
2.011000,6.33655905e-02,5.58655905e-02,3.724373,-3.40965164e-02,2.61037642e-03
2.012000,6.33314945e-02,5.58314945e-02,3.722100,-3.40959840e-02,2.61656325e-03
2.013000,6.32974047e-02,5.57974047e-02,3.719827,-3.40898266e-02,2.61613516e-03
2.014000,6.32633230e-02,5.57633230e-02,3.717555,-3.40817131e-02,2.57613617e-03
2.015000,6.32292422e-02,5.57292422e-02,3.715283,-3.40808135e-02,2.58113185e-03
2.016000,6.31951500e-02,5.56951500e-02,3.713010,-3.40921668e-02,2.59015726e-03
2.017000,6.31610497e-02,5.56610497e-02,3.710737,-3.41002834e-02,2.61463866e-03
2.018000,6.31269486e-02,5.56269486e-02,3.708463,-3.41011067e-02,2.59789513e-03
2.019000,6.30928518e-02,5.55928518e-02,3.706190,-3.40968508e-02,2.61481070e-03
2.020000,6.30587567e-02,5.55587567e-02,3.703917,-3.40951024e-02,2.59683144e-03
2.021000,6.30246657e-02,5.55246657e-02,3.701644,-3.40909781e-02,2.62441005e-03
2.022000,6.29905778e-02,5.54905778e-02,3.699372,-3.40878815e-02,2.58084369e-03
2.023000,6.29564944e-02,5.54564944e-02,3.697100,-3.40834319e-02,2.58793935e-03
2.024000,6.29224023e-02,5.54224023e-02,3.694827,-3.40920354e-02,2.59597451e-03
2.025000,6.28883054e-02,5.53883054e-02,3.692554,-3.40968876e-02,2.60380734e-03
2.026000,6.28542077e-02,5.53542077e-02,3.690281,-3.40977157e-02,2.58801999e-03
2.027000,6.28201090e-02,5.53201090e-02,3.688007,-3.40987633e-02,2.61838540e-03
2.028000,6.27860093e-02,5.52860093e-02,3.685734,-3.40996259e-02,2.61578920e-03
2.029000,6.27519184e-02,5.52519184e-02,3.683461,-3.40909752e-02,2.61579427e-03
2.030000,6.27178352e-02,5.52178352e-02,3.681189,-3.40831762e-02,2.58062706e-03
2.031000,6.26837536e-02,5.51837536e-02,3.678917,-3.40815944e-02,2.58852750e-03
2.032000,6.26496634e-02,5.51496634e-02,3.676644,-3.40901650e-02,2.58394983e-03
2.033000,6.26155665e-02,5.51155665e-02,3.674371,-3.40969505e-02,2.62157887e-03
2.034000,6.25814679e-02,5.50814679e-02,3.672098,-3.40985851e-02,2.57914134e-03
2.035000,6.25473725e-02,5.50473725e-02,3.669825,-3.40953663e-02,2.61418254e-03
2.036000,6.25132726e-02,5.50132726e-02,3.667552,-3.40998880e-02,2.61228048e-03
2.037000,6.24791794e-02,5.49791794e-02,3.665279,-3.40932380e-02,2.62633107e-03
2.038000,6.24450947e-02,5.49450947e-02,3.663006,-3.40847280e-02,2.58267295e-03
2.039000,6.24110153e-02,5.49110153e-02,3.660734,-3.40793240e-02,2.58284818e-03
2.040000,6.23769271e-02,5.48769271e-02,3.658462,-3.40882270e-02,2.59887066e-03
2.041000,6.23428329e-02,5.48428329e-02,3.656189,-3.40942391e-02,2.59654661e-03
2.042000,6.23087375e-02,5.48087375e-02,3.653916,-3.40954001e-02,2.59916480e-03
2.043000,6.22746406e-02,5.47746406e-02,3.651643,-3.40968614e-02,2.60162821e-03
2.044000,6.22405436e-02,5.47405436e-02,3.649370,-3.40970272e-02,2.62017397e-03
2.045000,6.22064505e-02,5.47064505e-02,3.647097,-3.40931044e-02,2.61988782e-03
2.046000,6.21723673e-02,5.46723673e-02,3.644824,-3.40831414e-02,2.59908404e-03
2.047000,6.21382904e-02,5.46382904e-02,3.642553,-3.40769514e-02,2.57336801e-03
2.048000,6.21042083e-02,5.46042083e-02,3.640281,-3.40821412e-02,2.58257938e-03
2.049000,6.20701141e-02,5.45701141e-02,3.638008,-3.40941476e-02,2.61097201e-03
2.050000,6.20360160e-02,5.45360160e-02,3.635734,-3.40981080e-02,2.60654907e-03
2.051000,6.20019225e-02,5.45019225e-02,3.633462,-3.40935259e-02,2.60151441e-03
2.052000,6.19678312e-02,5.44678312e-02,3.631189,-3.40912867e-02,2.59864387e-03
2.053000,6.19337400e-02,5.44337400e-02,3.628916,-3.40912086e-02,2.62455690e-03
2.054000,6.18996525e-02,5.43996525e-02,3.626644,-3.40874908e-02,2.60888844e-03
2.055000,6.18655745e-02,5.43655745e-02,3.624372,-3.40780336e-02,2.56941255e-03
2.056000,6.18314938e-02,5.43314938e-02,3.622100,-3.40807030e-02,2.60186185e-03
2.057000,6.17974032e-02,5.42974032e-02,3.619827,-3.40905986e-02,2.57941847e-03
2.058000,6.17633093e-02,5.42633093e-02,3.617554,-3.40938062e-02,2.61830473e-03
2.059000,6.17292118e-02,5.42292118e-02,3.615281,-3.40975079e-02,2.59553734e-03
2.060000,6.16951194e-02,5.41951194e-02,3.613008,-3.40924649e-02,2.61146626e-03
2.061000,6.16610273e-02,5.41610273e-02,3.610735,-3.40920823e-02,2.60384910e-03
2.062000,6.16269395e-02,5.41269395e-02,3.608463,-3.40878154e-02,2.62782106e-03
2.063000,6.15928577e-02,5.40928577e-02,3.606191,-3.40818109e-02,2.57305986e-03
2.064000,6.15587800e-02,5.40587800e-02,3.603919,-3.40776175e-02,2.57714306e-03
2.065000,6.15246894e-02,5.40246894e-02,3.601646,-3.40906865e-02,2.59866658e-03
2.066000,6.14905908e-02,5.39905908e-02,3.599373,-3.40986083e-02,2.61196872e-03
2.067000,6.14564936e-02,5.39564936e-02,3.597100,-3.40971091e-02,2.60286481e-03
2.068000,6.14224008e-02,5.39224008e-02,3.594827,-3.40928512e-02,2.59696603e-03
2.069000,6.13883082e-02,5.38883082e-02,3.592554,-3.40926264e-02,2.61664824e-03
2.070000,6.13542173e-02,5.38542173e-02,3.590281,-3.40908581e-02,2.61713651e-03
2.071000,6.13201348e-02,5.38201348e-02,3.588009,-3.40825396e-02,2.57960863e-03
2.072000,6.12860541e-02,5.37860541e-02,3.585737,-3.40806972e-02,2.58534620e-03
2.073000,6.12519639e-02,5.37519639e-02,3.583464,-3.40901648e-02,2.59325352e-03
2.074000,6.12178676e-02,5.37178676e-02,3.581191,-3.40963498e-02,2.60639605e-03
2.075000,6.11837699e-02,5.36837699e-02,3.578918,-3.40976138e-02,2.59277318e-03
2.076000,6.11496730e-02,5.36496730e-02,3.576645,-3.40969707e-02,2.62487423e-03
2.077000,6.11155778e-02,5.36155778e-02,3.574372,-3.40951248e-02,2.59836963e-03
2.078000,6.10814904e-02,5.35814904e-02,3.572099,-3.40874235e-02,2.62615651e-03
2.079000,6.10474069e-02,5.35474069e-02,3.569827,-3.40835129e-02,2.57342762e-03
2.080000,6.10133271e-02,5.35133271e-02,3.567555,-3.40798011e-02,2.59039149e-03
2.081000,6.09792367e-02,5.34792367e-02,3.565282,-3.40904065e-02,2.58593876e-03
2.082000,6.09451405e-02,5.34451405e-02,3.563009,-3.40962281e-02,2.61952103e-03
2.083000,6.09110429e-02,5.34110429e-02,3.560736,-3.40975734e-02,2.58141040e-03
2.084000,6.08769483e-02,5.33769483e-02,3.558463,-3.40946292e-02,2.61793070e-03
2.085000,6.08428505e-02,5.33428505e-02,3.556190,-3.40977429e-02,2.60752032e-03
2.086000,6.08087598e-02,5.33087598e-02,3.553917,-3.40907037e-02,2.62225296e-03
2.087000,6.07746753e-02,5.32746753e-02,3.551645,-3.40844782e-02,2.58286271e-03
2.088000,6.07405950e-02,5.32405950e-02,3.549373,-3.40803800e-02,2.58350997e-03
2.089000,6.07065059e-02,5.32065059e-02,3.547100,-3.40891036e-02,2.60298957e-03
2.090000,6.06724117e-02,5.31724117e-02,3.544827,-3.40941700e-02,2.59870592e-03
2.091000,6.06383181e-02,5.31383181e-02,3.542555,-3.40935964e-02,2.58932947e-03
2.092000,6.06042220e-02,5.31042220e-02,3.540281,-3.40960878e-02,2.60954001e-03
2.093000,6.05701239e-02,5.30701239e-02,3.538008,-3.40980846e-02,2.62519660e-03
2.094000,6.05360333e-02,5.30360333e-02,3.535736,-3.40906752e-02,2.61307718e-03
2.095000,6.05019530e-02,5.30019530e-02,3.533464,-3.40802671e-02,2.59430089e-03
2.096000,6.04678758e-02,5.29678758e-02,3.531192,-3.40771597e-02,2.57707637e-03
2.097000,6.04337926e-02,5.29337926e-02,3.528920,-3.40832646e-02,2.58778037e-03
2.098000,6.03996994e-02,5.28996994e-02,3.526647,-3.40931334e-02,2.60975849e-03
2.099000,6.03656038e-02,5.28656038e-02,3.524374,-3.40956002e-02,2.59568685e-03
2.100000,6.03315105e-02,5.28315105e-02,3.522101,-3.40933376e-02,2.60769846e-03
2.101000,6.02974169e-02,5.27974169e-02,3.519828,-3.40935721e-02,2.60565037e-03
2.102000,6.02633267e-02,5.27633267e-02,3.517555,-3.40902241e-02,2.62836419e-03
2.103000,6.02292432e-02,5.27292432e-02,3.515283,-3.40835319e-02,2.59173077e-03
2.104000,6.01951673e-02,5.26951673e-02,3.513011,-3.40758585e-02,2.57989048e-03
2.105000,6.01610850e-02,5.26610850e-02,3.510739,-3.40823098e-02,2.59726340e-03
2.106000,6.01269954e-02,5.26269954e-02,3.508466,-3.40895774e-02,2.59134831e-03
2.107000,6.00929032e-02,5.25929032e-02,3.506194,-3.40921856e-02,2.60513343e-03
2.108000,6.00588089e-02,5.25588089e-02,3.503921,-3.40942986e-02,2.60397680e-03
2.109000,6.00247168e-02,5.25247168e-02,3.501648,-3.40920889e-02,2.61015653e-03
2.110000,5.99906277e-02,5.24906277e-02,3.499375,-3.40891662e-02,2.61447882e-03
2.111000,5.99565442e-02,5.24565442e-02,3.497103,-3.40834496e-02,2.61651791e-03
2.112000,5.99224683e-02,5.24224683e-02,3.494831,-3.40759530e-02,2.57074119e-03
2.113000,5.98883924e-02,5.23883924e-02,3.492559,-3.40758818e-02,2.57845823e-03
2.114000,5.98543029e-02,5.23543029e-02,3.490287,-3.40894797e-02,2.60070787e-03
2.115000,5.98202063e-02,5.23202063e-02,3.488014,-3.40966086e-02,2.61815190e-03
2.116000,5.97861130e-02,5.22861130e-02,3.485741,-3.40933456e-02,2.59804904e-03
2.117000,5.97520250e-02,5.22520250e-02,3.483468,-3.40879087e-02,2.59493718e-03
2.118000,5.97179354e-02,5.22179354e-02,3.481196,-3.40896242e-02,2.61582732e-03
2.119000,5.96838468e-02,5.21838468e-02,3.478923,-3.40886674e-02,2.62340021e-03
2.120000,5.96497672e-02,5.21497672e-02,3.476651,-3.40795109e-02,2.57036736e-03
2.121000,5.96156900e-02,5.21156900e-02,3.474379,-3.40772455e-02,2.59353240e-03
2.122000,5.95816017e-02,5.20816017e-02,3.472107,-3.40883005e-02,2.58707333e-03
2.123000,5.95475088e-02,5.20475088e-02,3.469834,-3.40928899e-02,2.60665128e-03
2.124000,5.95134127e-02,5.20134127e-02,3.467561,-3.40961385e-02,2.59944073e-03
2.125000,5.94793184e-02,5.19793184e-02,3.465288,-3.40942324e-02,2.61457797e-03
2.126000,5.94452264e-02,5.19452264e-02,3.463015,-3.40920176e-02,2.60976583e-03
2.127000,5.94111407e-02,5.19111407e-02,3.460743,-3.40856824e-02,2.61591285e-03
2.128000,5.93770609e-02,5.18770609e-02,3.458471,-3.40798406e-02,2.57905231e-03
2.129000,5.93429824e-02,5.18429824e-02,3.456199,-3.40784984e-02,2.58399073e-03
2.130000,5.93088940e-02,5.18088940e-02,3.453926,-3.40883884e-02,2.58633716e-03
2.131000,5.92747978e-02,5.17747978e-02,3.451653,-3.40962417e-02,2.62190070e-03
2.132000,5.92407007e-02,5.17407007e-02,3.449380,-3.40970353e-02,2.59108494e-03
2.133000,5.92066091e-02,5.17066091e-02,3.447107,-3.40915987e-02,2.61155020e-03
2.134000,5.91725165e-02,5.16725165e-02,3.444834,-3.40926635e-02,2.60161623e-03
2.135000,5.91384277e-02,5.16384277e-02,3.442562,-3.40887639e-02,2.62389118e-03
2.136000,5.91043435e-02,5.16043435e-02,3.440290,-3.40841876e-02,2.58172869e-03
2.137000,5.90702638e-02,5.15702638e-02,3.438018,-3.40797519e-02,2.58416061e-03
2.138000,5.90361750e-02,5.15361750e-02,3.435745,-3.40887329e-02,2.60161938e-03
2.139000,5.90020812e-02,5.15020812e-02,3.433472,-3.40938279e-02,2.60064972e-03
2.140000,5.89679878e-02,5.14679878e-02,3.431199,-3.40933606e-02,2.58508848e-03
2.141000,5.89338919e-02,5.14338919e-02,3.428926,-3.40959636e-02,2.61774112e-03
2.142000,5.88997940e-02,5.13997940e-02,3.426653,-3.40979029e-02,2.62414562e-03
2.143000,5.88657060e-02,5.13657060e-02,3.424380,-3.40879860e-02,2.61207448e-03
2.144000,5.88316279e-02,5.13316279e-02,3.422109,-3.40781004e-02,2.58180647e-03
2.145000,5.87975504e-02,5.12975504e-02,3.419837,-3.40775317e-02,2.58823297e-03
2.146000,5.87634646e-02,5.12634646e-02,3.417564,-3.40857671e-02,2.58949810e-03
2.147000,5.87293729e-02,5.12293729e-02,3.415292,-3.40916681e-02,2.61287671e-03
2.148000,5.86952799e-02,5.11952799e-02,3.413019,-3.40930194e-02,2.58411324e-03
2.149000,5.86611881e-02,5.11611881e-02,3.410746,-3.40917794e-02,2.61567427e-03
2.150000,5.86270937e-02,5.11270937e-02,3.408473,-3.40944044e-02,2.60917971e-03
2.151000,5.85930059e-02,5.10930059e-02,3.406200,-3.40878129e-02,2.62273870e-03
2.152000,5.85589250e-02,5.10589250e-02,3.403928,-3.40809565e-02,2.59176949e-03
2.153000,5.85248498e-02,5.10248498e-02,3.401657,-3.40751237e-02,2.57783523e-03
2.154000,5.84907679e-02,5.09907679e-02,3.399385,-3.40819257e-02,2.60199506e-03
2.155000,5.84566789e-02,5.09566789e-02,3.397112,-3.40890316e-02,2.59147351e-03
2.156000,5.84225888e-02,5.09225888e-02,3.394839,-3.40900636e-02,2.60144926e-03
2.157000,5.83884960e-02,5.08884960e-02,3.392566,-3.40927870e-02,2.60405348e-03
2.158000,5.83544042e-02,5.08544042e-02,3.390294,-3.40917737e-02,2.61332261e-03
2.159000,5.83203160e-02,5.08203160e-02,3.388021,-3.40882659e-02,2.62348739e-03
2.160000,5.82862361e-02,5.07862361e-02,3.385749,-3.40799166e-02,2.60230640e-03
2.161000,5.82521641e-02,5.07521641e-02,3.383478,-3.40719745e-02,2.57055703e-03
2.162000,5.82180875e-02,5.07180875e-02,3.381206,-3.40766032e-02,2.58242329e-03
2.163000,5.81839979e-02,5.06839979e-02,3.378933,-3.40895604e-02,2.60807427e-03
2.164000,5.81499038e-02,5.06499038e-02,3.376660,-3.40940844e-02,2.61192965e-03
2.165000,5.81158143e-02,5.06158143e-02,3.374388,-3.40895025e-02,2.59491332e-03
2.166000,5.80817277e-02,5.05817277e-02,3.372115,-3.40866636e-02,2.60516271e-03
2.167000,5.80476401e-02,5.05476401e-02,3.369843,-3.40876006e-02,2.61772820e-03
2.168000,5.80135571e-02,5.05135571e-02,3.367570,-3.40829495e-02,2.61562213e-03
2.169000,5.79794826e-02,5.04794826e-02,3.365299,-3.40745441e-02,2.56605922e-03
2.170000,5.79454070e-02,5.04454070e-02,3.363027,-3.40755951e-02,2.60114780e-03
2.171000,5.79113203e-02,5.04113203e-02,3.360755,-3.40867182e-02,2.58677531e-03
2.172000,5.78772314e-02,5.03772314e-02,3.358482,-3.40888593e-02,2.60884972e-03
2.173000,5.78431396e-02,5.03431396e-02,3.356209,-3.40918170e-02,2.59713382e-03
2.174000,5.78090500e-02,5.03090500e-02,3.353937,-3.40895969e-02,2.61001505e-03
2.175000,5.77749611e-02,5.02749611e-02,3.351664,-3.40889466e-02,2.61071283e-03
2.176000,5.77408771e-02,5.02408771e-02,3.349392,-3.40839425e-02,2.62265900e-03
2.177000,5.77068005e-02,5.02068005e-02,3.347120,-3.40765967e-02,2.57690933e-03
2.178000,5.76727271e-02,5.01727271e-02,3.344848,-3.40734179e-02,2.57681705e-03
2.179000,5.76386418e-02,5.01386418e-02,3.342576,-3.40852803e-02,2.59218301e-03
2.180000,5.76045474e-02,5.01045474e-02,3.340303,-3.40944557e-02,2.61527494e-03
2.181000,5.75704529e-02,5.00704529e-02,3.338030,-3.40945011e-02,2.60070033e-03
2.182000,5.75363633e-02,5.00363633e-02,3.335758,-3.40895402e-02,2.60723105e-03
2.183000,5.75022751e-02,5.00022751e-02,3.333485,-3.40882109e-02,2.60200084e-03
2.184000,5.74681894e-02,4.99681894e-02,3.331213,-3.40856618e-02,2.62422341e-03
2.185000,5.74341085e-02,4.99341085e-02,3.328941,-3.40809004e-02,2.58291662e-03
2.186000,5.74000324e-02,4.99000324e-02,3.326669,-3.40761456e-02,2.58236591e-03
2.187000,5.73659473e-02,4.98659473e-02,3.324396,-3.40850538e-02,2.59783402e-03
2.188000,5.73318559e-02,4.98318559e-02,3.322124,-3.40914076e-02,2.60470107e-03
2.189000,5.72977645e-02,4.97977645e-02,3.319851,-3.40914670e-02,2.59070383e-03
2.190000,5.72636727e-02,4.97636727e-02,3.317578,-3.40917465e-02,2.61900427e-03
2.191000,5.72295811e-02,4.97295811e-02,3.315305,-3.40916182e-02,2.60978727e-03
2.192000,5.71954973e-02,4.96954973e-02,3.313033,-3.40838256e-02,2.61797623e-03
2.193000,5.71614197e-02,4.96614197e-02,3.310761,-3.40776119e-02,2.58207973e-03
2.194000,5.71273446e-02,4.96273446e-02,3.308490,-3.40750567e-02,2.58728473e-03
2.195000,5.70932612e-02,4.95932612e-02,3.306217,-3.40833699e-02,2.58497861e-03
2.196000,5.70591709e-02,4.95591709e-02,3.303945,-3.40903816e-02,2.62214244e-03
2.197000,5.70250793e-02,4.95250793e-02,3.301672,-3.40915787e-02,2.57721043e-03
2.198000,5.69909908e-02,4.94909908e-02,3.299399,-3.40885163e-02,2.61677288e-03
2.199000,5.69568976e-02,4.94568976e-02,3.297127,-3.40932140e-02,2.61187015e-03
2.200000,5.69228118e-02,4.94228118e-02,3.294854,-3.40857859e-02,2.62637575e-03
2.201000,5.68887344e-02,4.93887344e-02,3.292582,-3.40774028e-02,2.58018018e-03
2.202000,5.68546619e-02,4.93546619e-02,3.290311,-3.40724249e-02,2.58541205e-03
2.203000,5.68205802e-02,4.93205802e-02,3.288039,-3.40816932e-02,2.59954758e-03
2.204000,5.67864935e-02,4.92864935e-02,3.285766,-3.40867435e-02,2.59605545e-03
2.205000,5.67524057e-02,4.92524057e-02,3.283494,-3.40877691e-02,2.59694143e-03
2.206000,5.67183159e-02,4.92183159e-02,3.281221,-3.40897849e-02,2.60584974e-03
2.207000,5.66842260e-02,4.91842260e-02,3.278948,-3.40899343e-02,2.61925260e-03
2.208000,5.66501412e-02,4.91501412e-02,3.276676,-3.40847880e-02,2.61974312e-03
2.209000,5.66160661e-02,4.91160661e-02,3.274404,-3.40751533e-02,2.59796574e-03
2.210000,5.65819969e-02,4.90819969e-02,3.272133,-3.40692085e-02,2.57353205e-03
2.211000,5.65479221e-02,4.90479221e-02,3.269861,-3.40747366e-02,2.58329786e-03
2.212000,5.65138356e-02,4.90138356e-02,3.267589,-3.40865621e-02,2.61355402e-03
2.213000,5.64797457e-02,4.89797457e-02,3.265316,-3.40898299e-02,2.60199778e-03
2.214000,5.64456605e-02,4.89456605e-02,3.263044,-3.40852047e-02,2.60419578e-03
2.215000,5.64115765e-02,4.89115765e-02,3.260772,-3.40839860e-02,2.59954071e-03
2.216000,5.63774937e-02,4.88774937e-02,3.258500,-3.40828687e-02,2.62712801e-03
2.217000,5.63434153e-02,4.88434153e-02,3.256228,-3.40784017e-02,2.60414270e-03
2.218000,5.63093463e-02,4.88093463e-02,3.253956,-3.40689393e-02,2.56962058e-03
2.219000,5.62752732e-02,4.87752732e-02,3.251685,-3.40731305e-02,2.60309086e-03
2.220000,5.62411905e-02,4.87411905e-02,3.249413,-3.40827404e-02,2.58100629e-03
2.221000,5.62071052e-02,4.87071052e-02,3.247140,-3.40852636e-02,2.61738824e-03
2.222000,5.61730166e-02,4.86730166e-02,3.244868,-3.40886059e-02,2.59386810e-03
2.223000,5.61389324e-02,4.86389324e-02,3.242595,-3.40841592e-02,2.61388880e-03
2.224000,5.61048485e-02,4.86048485e-02,3.240323,-3.40838963e-02,2.60656997e-03
2.225000,5.60707702e-02,4.85707702e-02,3.238051,-3.40783527e-02,2.62034337e-03
2.226000,5.60366974e-02,4.85366974e-02,3.235780,-3.40727769e-02,2.57884194e-03
2.227000,5.60026274e-02,4.85026274e-02,3.233508,-3.40700169e-02,2.57463232e-03
2.228000,5.59685458e-02,4.84685458e-02,3.231236,-3.40816309e-02,2.60074076e-03
2.229000,5.59344557e-02,4.84344557e-02,3.228964,-3.40900105e-02,2.61208203e-03
2.230000,5.59003679e-02,4.84003679e-02,3.226691,-3.40878101e-02,2.60285584e-03
2.231000,5.58662844e-02,4.83662844e-02,3.224419,-3.40835166e-02,2.59296291e-03
2.232000,5.58322004e-02,4.83322004e-02,3.222147,-3.40840025e-02,2.62077018e-03
2.233000,5.57981176e-02,4.82981176e-02,3.219875,-3.40828201e-02,2.61714906e-03
2.234000,5.57640445e-02,4.82640445e-02,3.217603,-3.40731457e-02,2.57823438e-03
2.235000,5.57299729e-02,4.82299729e-02,3.215332,-3.40715421e-02,2.58487757e-03
2.236000,5.56958914e-02,4.81958914e-02,3.213059,-3.40815439e-02,2.59459423e-03
2.237000,5.56618037e-02,4.81618037e-02,3.210787,-3.40876457e-02,2.60508090e-03
2.238000,5.56277150e-02,4.81277150e-02,3.208514,-3.40887020e-02,2.59376379e-03
2.239000,5.55936267e-02,4.80936267e-02,3.206242,-3.40883156e-02,2.62532542e-03
2.240000,5.55595406e-02,4.80595406e-02,3.203969,-3.40860646e-02,2.59838784e-03
2.241000,5.55254624e-02,4.80254624e-02,3.201697,-3.40782119e-02,2.62637531e-03
2.242000,5.54913882e-02,4.79913882e-02,3.199426,-3.40742566e-02,2.57378739e-03
2.243000,5.54573178e-02,4.79573178e-02,3.197155,-3.40704094e-02,2.59156253e-03
2.244000,5.54232371e-02,4.79232371e-02,3.194882,-3.40806895e-02,2.58244115e-03
2.245000,5.53891503e-02,4.78891503e-02,3.192610,-3.40867450e-02,2.62318179e-03
2.246000,5.53550617e-02,4.78550617e-02,3.190337,-3.40885916e-02,2.58072184e-03
2.247000,5.53209772e-02,4.78209772e-02,3.188065,-3.40845669e-02,2.61724087e-03
2.248000,5.52868891e-02,4.77868891e-02,3.185793,-3.40880288e-02,2.60746222e-03
2.249000,5.52528079e-02,4.77528079e-02,3.183521,-3.40812264e-02,2.62336899e-03
2.250000,5.52187331e-02,4.77187331e-02,3.181249,-3.40748226e-02,2.58322149e-03
2.251000,5.51846628e-02,4.76846628e-02,3.178978,-3.40702944e-02,2.58410058e-03
2.252000,5.51505840e-02,4.76505840e-02,3.176706,-3.40787958e-02,2.59816160e-03
2.253000,5.51164995e-02,4.76164995e-02,3.174433,-3.40845220e-02,2.60476599e-03
2.254000,5.50824150e-02,4.75824150e-02,3.172161,-3.40844623e-02,2.58622462e-03
2.255000,5.50483295e-02,4.75483295e-02,3.169889,-3.40855126e-02,2.61031350e-03
2.256000,5.50142411e-02,4.75142411e-02,3.167616,-3.40883922e-02,2.62428810e-03
2.257000,5.49801602e-02,4.74801602e-02,3.165344,-3.40808895e-02,2.61506757e-03
2.258000,5.49460898e-02,4.74460898e-02,3.163073,-3.40704278e-02,2.59468025e-03
2.259000,5.49120232e-02,4.74120232e-02,3.160802,-3.40665996e-02,2.57555249e-03
2.260000,5.48779503e-02,4.73779503e-02,3.158530,-3.40728494e-02,2.58816831e-03
2.261000,5.48438672e-02,4.73438672e-02,3.156258,-3.40831500e-02,2.61132608e-03
2.262000,5.48097820e-02,4.73097820e-02,3.153985,-3.40852123e-02,2.59499951e-03
2.263000,5.47756994e-02,4.72756994e-02,3.151713,-3.40825564e-02,2.60628761e-03
2.264000,5.47416162e-02,4.72416162e-02,3.149441,-3.40832661e-02,2.60868601e-03
2.265000,5.47075363e-02,4.72075363e-02,3.147169,-3.40798446e-02,2.62643060e-03
2.266000,5.46734638e-02,4.71734638e-02,3.144898,-3.40724975e-02,2.59280246e-03
2.267000,5.46393985e-02,4.71393985e-02,3.142627,-3.40652695e-02,2.57955421e-03
2.268000,5.46053271e-02,4.71053271e-02,3.140355,-3.40714283e-02,2.59896495e-03
2.269000,5.45712486e-02,4.70712486e-02,3.138083,-3.40785055e-02,2.58903226e-03
2.270000,5.45371677e-02,4.70371677e-02,3.135811,-3.40809644e-02,2.60686981e-03
2.271000,5.45030841e-02,4.70030841e-02,3.133539,-3.40835310e-02,2.60437369e-03
2.272000,5.44690034e-02,4.69690034e-02,3.131267,-3.40806808e-02,2.60920511e-03
2.273000,5.44349256e-02,4.69349256e-02,3.128995,-3.40777960e-02,2.61487276e-03
2.274000,5.44008533e-02,4.69008533e-02,3.126724,-3.40723223e-02,2.61711911e-03
2.275000,5.43667887e-02,4.68667887e-02,3.124453,-3.40645900e-02,2.57088066e-03
2.276000,5.43327244e-02,4.68327244e-02,3.122182,-3.40642967e-02,2.57796160e-03
2.277000,5.42986465e-02,4.67986465e-02,3.119910,-3.40779366e-02,2.60121803e-03
2.278000,5.42645614e-02,4.67645614e-02,3.117637,-3.40851384e-02,2.61781607e-03
2.279000,5.42304796e-02,4.67304796e-02,3.115365,-3.40817672e-02,2.59911454e-03
2.280000,5.41964033e-02,4.66964033e-02,3.113094,-3.40762522e-02,2.59440960e-03
2.281000,5.41623256e-02,4.66623256e-02,3.110822,-3.40777110e-02,2.61607854e-03
2.282000,5.41282487e-02,4.66282487e-02,3.108550,-3.40768831e-02,2.62353325e-03
2.283000,5.40941811e-02,4.65941811e-02,3.106279,-3.40676205e-02,2.57040093e-03
2.284000,5.40601158e-02,4.65601158e-02,3.104008,-3.40653056e-02,2.59371723e-03
2.285000,5.40260395e-02,4.65260395e-02,3.101736,-3.40763168e-02,2.58719378e-03
2.286000,5.39919587e-02,4.64919587e-02,3.099464,-3.40808242e-02,2.60678783e-03
2.287000,5.39578747e-02,4.64578747e-02,3.097192,-3.40840091e-02,2.59953404e-03
2.288000,5.39237926e-02,4.64237926e-02,3.094920,-3.40820417e-02,2.61457299e-03
2.289000,5.38897128e-02,4.63897128e-02,3.092648,-3.40797971e-02,2.61006272e-03
2.290000,5.38556394e-02,4.63556394e-02,3.090376,-3.40734111e-02,2.61551823e-03
2.291000,5.38215719e-02,4.63215719e-02,3.088105,-3.40675415e-02,2.57965058e-03
2.292000,5.37875057e-02,4.62875057e-02,3.085834,-3.40662231e-02,2.58446278e-03
2.293000,5.37534298e-02,4.62534298e-02,3.083562,-3.40758332e-02,2.58618265e-03
2.294000,5.37193463e-02,4.62193463e-02,3.081290,-3.40835587e-02,2.62188569e-03
2.295000,5.36852619e-02,4.61852619e-02,3.079017,-3.40844058e-02,2.59140900e-03
2.296000,5.36511829e-02,4.61511829e-02,3.076746,-3.40789168e-02,2.61111179e-03
2.297000,5.36171030e-02,4.61171030e-02,3.074474,-3.40799527e-02,2.60228359e-03
2.298000,5.35830269e-02,4.60830269e-02,3.072202,-3.40760790e-02,2.62564411e-03
2.299000,5.35489559e-02,4.60489559e-02,3.069930,-3.40709736e-02,2.57921317e-03
2.300000,5.35148895e-02,4.60148895e-02,3.067659,-3.40664071e-02,2.58520208e-03
2.301000,5.34808135e-02,4.59808135e-02,3.065388,-3.40760301e-02,2.60226489e-03
2.302000,5.34467328e-02,4.59467328e-02,3.063116,-3.40806688e-02,2.60150523e-03
2.303000,5.34126530e-02,4.59126530e-02,3.060844,-3.40798383e-02,2.58388370e-03
2.304000,5.33785706e-02,4.58785706e-02,3.058571,-3.40823733e-02,2.61768419e-03
2.305000,5.33444859e-02,4.58444859e-02,3.056299,-3.40847184e-02,2.62452580e-03
2.306000,5.33104111e-02,4.58104111e-02,3.054027,-3.40747529e-02,2.61246287e-03
2.307000,5.32763465e-02,4.57763465e-02,3.051756,-3.40646738e-02,2.58471691e-03
2.308000,5.32422830e-02,4.57422830e-02,3.049486,-3.40634629e-02,2.58576253e-03
2.309000,5.32082118e-02,4.57082118e-02,3.047214,-3.40711793e-02,2.58903837e-03
2.310000,5.31741339e-02,4.56741339e-02,3.044942,-3.40779730e-02,2.61341477e-03
2.311000,5.31400545e-02,4.56400545e-02,3.042670,-3.40793801e-02,2.58707226e-03
2.312000,5.31059770e-02,4.56059770e-02,3.040398,-3.40774401e-02,2.61319971e-03
2.313000,5.30718975e-02,4.55718975e-02,3.038127,-3.40795309e-02,2.61047958e-03
2.314000,5.30378240e-02,4.55378240e-02,3.035855,-3.40735222e-02,2.62184334e-03
2.315000,5.30037576e-02,4.55037576e-02,3.033584,-3.40663972e-02,2.59396153e-03
2.316000,5.29696971e-02,4.54696971e-02,3.031313,-3.40604708e-02,2.57841788e-03
2.317000,5.29356307e-02,4.54356307e-02,3.029042,-3.40664500e-02,2.60126697e-03
2.318000,5.29015572e-02,4.54015572e-02,3.026770,-3.40734932e-02,2.59034440e-03
2.319000,5.28674822e-02,4.53674822e-02,3.024499,-3.40749641e-02,2.60436296e-03
2.320000,5.28334047e-02,4.53334047e-02,3.022227,-3.40775430e-02,2.60410705e-03
2.321000,5.27993291e-02,4.52993291e-02,3.019955,-3.40755633e-02,2.61104895e-03
2.322000,5.27652567e-02,4.52652567e-02,3.017684,-3.40724400e-02,2.62254523e-03
2.323000,5.27311917e-02,4.52311917e-02,3.015413,-3.40650040e-02,2.60668234e-03
2.324000,5.26971351e-02,4.51971351e-02,3.013142,-3.40565975e-02,2.57013488e-03
2.325000,5.26630752e-02,4.51630752e-02,3.010872,-3.40598637e-02,2.57970199e-03
2.326000,5.26290018e-02,4.51290018e-02,3.008600,-3.40734407e-02,2.60957275e-03
2.327000,5.25949232e-02,4.50949232e-02,3.006328,-3.40785935e-02,2.61333213e-03
2.328000,5.25608499e-02,4.50608499e-02,3.004057,-3.40732715e-02,2.59390126e-03
2.329000,5.25267797e-02,4.50267797e-02,3.001785,-3.40701509e-02,2.60415072e-03
2.330000,5.24927081e-02,4.49927081e-02,2.999514,-3.40715993e-02,2.61629362e-03
2.331000,5.24586406e-02,4.49586406e-02,2.997243,-3.40675342e-02,2.61770945e-03
2.332000,5.24245814e-02,4.49245814e-02,2.994972,-3.40592309e-02,2.56788979e-03
2.333000,5.23905221e-02,4.48905221e-02,2.992701,-3.40592726e-02,2.59701832e-03
2.334000,5.23564516e-02,4.48564516e-02,2.990430,-3.40705248e-02,2.59188842e-03
2.335000,5.23223785e-02,4.48223785e-02,2.988159,-3.40731179e-02,2.60651994e-03
2.336000,5.22883037e-02,4.47883037e-02,2.985887,-3.40748083e-02,2.59641671e-03
2.337000,5.22542302e-02,4.47542302e-02,2.983615,-3.40734802e-02,2.60896653e-03
2.338000,5.22201569e-02,4.47201569e-02,2.981344,-3.40732508e-02,2.61855660e-03
2.339000,5.21860897e-02,4.46860897e-02,2.979073,-3.40672040e-02,2.61633407e-03
2.340000,5.21520313e-02,4.46520313e-02,2.976802,-3.40584006e-02,2.57674816e-03
2.341000,5.21179740e-02,4.46179740e-02,2.974532,-3.40573276e-02,2.57908268e-03
2.342000,5.20839051e-02,4.45839051e-02,2.972260,-3.40688422e-02,2.59230041e-03
2.343000,5.20498279e-02,4.45498279e-02,2.969989,-3.40772528e-02,2.61439774e-03
2.344000,5.20157505e-02,4.45157505e-02,2.967717,-3.40774148e-02,2.59843890e-03
2.345000,5.19816773e-02,4.44816773e-02,2.965445,-3.40731419e-02,2.61405739e-03
2.346000,5.19476060e-02,4.44476060e-02,2.963174,-3.40713481e-02,2.59763512e-03
2.347000,5.19135387e-02,4.44135387e-02,2.960903,-3.40673291e-02,2.62492683e-03
2.348000,5.18794748e-02,4.43794748e-02,2.958632,-3.40638772e-02,2.58100041e-03
2.349000,5.18454156e-02,4.43454156e-02,2.956361,-3.40592302e-02,2.58791534e-03
2.350000,5.18113478e-02,4.43113478e-02,2.954090,-3.40677864e-02,2.59655626e-03
2.351000,5.17772752e-02,4.42772752e-02,2.951818,-3.40725436e-02,2.60394012e-03
2.352000,5.17432021e-02,4.42432021e-02,2.949547,-3.40731572e-02,2.58830468e-03
2.353000,5.17091280e-02,4.42091280e-02,2.947275,-3.40741109e-02,2.61889932e-03
2.354000,5.16750532e-02,4.41750532e-02,2.945004,-3.40747891e-02,2.61581094e-03
2.355000,5.16409872e-02,4.41409872e-02,2.942732,-3.40659657e-02,2.61626876e-03
2.356000,5.16069291e-02,4.41069291e-02,2.940462,-3.40580757e-02,2.58059510e-03
2.357000,5.15728728e-02,4.40728728e-02,2.938192,-3.40563437e-02,2.58990915e-03
2.358000,5.15388081e-02,4.40388081e-02,2.935921,-3.40646805e-02,2.58232308e-03
2.359000,5.15047368e-02,4.40047368e-02,2.933649,-3.40712999e-02,2.62350004e-03
2.360000,5.14706637e-02,4.39706637e-02,2.931378,-3.40731290e-02,2.57780229e-03
2.361000,5.14365942e-02,4.39365942e-02,2.929106,-3.40695160e-02,2.61542111e-03
2.362000,5.14025199e-02,4.39025199e-02,2.926835,-3.40742585e-02,2.61311814e-03
2.363000,5.13684528e-02,4.38684528e-02,2.924564,-3.40670536e-02,2.62608618e-03
2.364000,5.13343945e-02,4.38343945e-02,2.922293,-3.40583118e-02,2.58317116e-03
2.365000,5.13003416e-02,4.38003416e-02,2.920023,-3.40529001e-02,2.58309916e-03
2.366000,5.12662800e-02,4.37662800e-02,2.917752,-3.40615951e-02,2.59870206e-03
2.367000,5.12322125e-02,4.37322125e-02,2.915481,-3.40675546e-02,2.59657588e-03
2.368000,5.11981437e-02,4.36981437e-02,2.913210,-3.40687658e-02,2.60163565e-03
2.369000,5.11640739e-02,4.36640739e-02,2.910938,-3.40697805e-02,2.59910542e-03
2.370000,5.11300044e-02,4.36300044e-02,2.908667,-3.40695810e-02,2.61994040e-03
2.371000,5.10959378e-02,4.35959378e-02,2.906396,-3.40665280e-02,2.62050267e-03
2.372000,5.10618813e-02,4.35618813e-02,2.904125,-3.40565330e-02,2.60233200e-03
2.373000,5.10278317e-02,4.35278317e-02,2.901855,-3.40495667e-02,2.57135032e-03
2.374000,5.09937777e-02,4.34937777e-02,2.899585,-3.40540467e-02,2.58415909e-03
2.375000,5.09597112e-02,4.34597112e-02,2.897314,-3.40664364e-02,2.60818300e-03
2.376000,5.09256409e-02,4.34256409e-02,2.895043,-3.40703711e-02,2.61295443e-03
2.377000,5.08915753e-02,4.33915753e-02,2.892772,-3.40655723e-02,2.59638520e-03
2.378000,5.08575132e-02,4.33575132e-02,2.890501,-3.40621365e-02,2.60153731e-03
2.379000,5.08234499e-02,4.33234499e-02,2.888230,-3.40632313e-02,2.62305458e-03
2.380000,5.07893911e-02,4.32893911e-02,2.885959,-3.40588289e-02,2.61267511e-03
2.381000,5.07553419e-02,4.32553419e-02,2.883689,-3.40491954e-02,2.56720110e-03
2.382000,5.07212909e-02,4.32212909e-02,2.881419,-3.40510123e-02,2.60076884e-03
2.383000,5.06872291e-02,4.31872291e-02,2.879149,-3.40618274e-02,2.58384807e-03
2.384000,5.06531645e-02,4.31531645e-02,2.876878,-3.40646106e-02,2.61629623e-03
2.385000,5.06190972e-02,4.31190972e-02,2.874606,-3.40672128e-02,2.59642795e-03
2.386000,5.05850346e-02,4.30850346e-02,2.872336,-3.40626720e-02,2.60711776e-03
2.387000,5.05509718e-02,4.30509718e-02,2.870065,-3.40627658e-02,2.61304742e-03
2.388000,5.05169135e-02,4.30169135e-02,2.867794,-3.40583004e-02,2.62203924e-03
2.389000,5.04828632e-02,4.29828632e-02,2.865524,-3.40502975e-02,2.57441516e-03
2.390000,5.04488154e-02,4.29488154e-02,2.863254,-3.40477633e-02,2.57895321e-03
2.391000,5.04147554e-02,4.29147554e-02,2.860984,-3.40600671e-02,2.59614658e-03
2.392000,5.03806875e-02,4.28806875e-02,2.858713,-3.40678400e-02,2.61157392e-03
2.393000,5.03466203e-02,4.28466203e-02,2.856441,-3.40672383e-02,2.60429425e-03
2.394000,5.03125574e-02,4.28125574e-02,2.854170,-3.40628573e-02,2.60113691e-03
2.395000,5.02784960e-02,4.27784960e-02,2.851900,-3.40614254e-02,2.61184690e-03
2.396000,5.02444369e-02,4.27444369e-02,2.849629,-3.40591364e-02,2.61952916e-03
2.397000,5.02103849e-02,4.27103849e-02,2.847359,-3.40519717e-02,2.57760917e-03
2.398000,5.01763352e-02,4.26763352e-02,2.845089,-3.40496970e-02,2.58981612e-03
2.399000,5.01422762e-02,4.26422762e-02,2.842818,-3.40590308e-02,2.59326757e-03
2.400000,5.01082124e-02,4.26082124e-02,2.840547,-3.40637454e-02,2.60826005e-03
2.401000,5.00741478e-02,4.25741478e-02,2.838277,-3.40646751e-02,2.59047719e-03
2.402000,5.00400839e-02,4.25400839e-02,2.836006,-3.40638258e-02,2.62217215e-03
2.403000,5.00060207e-02,4.25060207e-02,2.833735,-3.40632118e-02,2.60321660e-03
2.404000,4.99719652e-02,4.24719652e-02,2.831464,-3.40555408e-02,2.62096676e-03
2.405000,4.99379142e-02,4.24379142e-02,2.829194,-3.40509561e-02,2.58081785e-03
2.406000,4.99038666e-02,4.24038666e-02,2.826924,-3.40476419e-02,2.58778578e-03
2.407000,4.98698103e-02,4.23698103e-02,2.824654,-3.40562810e-02,2.58709175e-03
2.408000,4.98357475e-02,4.23357475e-02,2.822383,-3.40627544e-02,2.61858314e-03
2.409000,4.98016837e-02,4.23016837e-02,2.820112,-3.40638869e-02,2.58209058e-03
2.410000,4.97676225e-02,4.22676225e-02,2.817842,-3.40611304e-02,2.61586599e-03
2.411000,4.97335581e-02,4.22335581e-02,2.815571,-3.40643859e-02,2.61392450e-03
2.412000,4.96995013e-02,4.21995013e-02,2.813300,-3.40568923e-02,2.62221152e-03
2.413000,4.96654527e-02,4.21654527e-02,2.811030,-3.40485709e-02,2.58284224e-03
2.414000,4.96314082e-02,4.21314082e-02,2.808761,-3.40444899e-02,2.58400918e-03
2.415000,4.95973551e-02,4.20973551e-02,2.806490,-3.40531320e-02,2.60455603e-03
2.416000,4.95632973e-02,4.20632973e-02,2.804220,-3.40577573e-02,2.59473656e-03
2.417000,4.95292399e-02,4.20292399e-02,2.801949,-3.40573713e-02,2.59588692e-03
2.418000,4.94951799e-02,4.19951799e-02,2.799679,-3.40600067e-02,2.60659724e-03
2.419000,4.94611196e-02,4.19611196e-02,2.797408,-3.40603703e-02,2.62103338e-03
2.420000,4.94270649e-02,4.19270649e-02,2.795138,-3.40546636e-02,2.61799715e-03
2.421000,4.93930201e-02,4.18930201e-02,2.792868,-3.40447527e-02,2.60102433e-03
2.422000,4.93589813e-02,4.18589813e-02,2.790599,-3.40388405e-02,2.57357647e-03
2.423000,4.93249379e-02,4.18249379e-02,2.788329,-3.40433562e-02,2.58551104e-03
2.424000,4.92908832e-02,4.17908832e-02,2.786059,-3.40547758e-02,2.61040961e-03
2.425000,4.92568253e-02,4.17568253e-02,2.783788,-3.40578728e-02,2.60250931e-03
2.426000,4.92227711e-02,4.17227711e-02,2.781518,-3.40541898e-02,2.60511821e-03
2.427000,4.91887185e-02,4.16887185e-02,2.779248,-3.40526400e-02,2.60055978e-03
2.428000,4.91546674e-02,4.16546674e-02,2.776978,-3.40510396e-02,2.62853755e-03
2.429000,4.91206214e-02,4.16206214e-02,2.774708,-3.40459886e-02,2.60056270e-03
2.430000,4.90865847e-02,4.15865847e-02,2.772439,-3.40366964e-02,2.57233334e-03
2.431000,4.90525432e-02,4.15525432e-02,2.770170,-3.40415836e-02,2.59952336e-03
2.432000,4.90184922e-02,4.15184922e-02,2.767899,-3.40509335e-02,2.58853936e-03
2.433000,4.89844389e-02,4.14844389e-02,2.765629,-3.40532961e-02,2.61269999e-03
2.434000,4.89503839e-02,4.14503839e-02,2.763359,-3.40549935e-02,2.59543066e-03
2.435000,4.89163321e-02,4.14163321e-02,2.761089,-3.40518102e-02,2.61622837e-03
2.436000,4.88822815e-02,4.13822815e-02,2.758819,-3.40506204e-02,2.60472474e-03
2.437000,4.88482369e-02,4.13482369e-02,2.756549,-3.40446347e-02,2.62229258e-03
2.438000,4.88141975e-02,4.13141975e-02,2.754280,-3.40393203e-02,2.57725164e-03
2.439000,4.87801613e-02,4.12801613e-02,2.752011,-3.40362013e-02,2.57636534e-03
2.440000,4.87461133e-02,4.12461133e-02,2.749741,-3.40480312e-02,2.60077327e-03
2.441000,4.87120575e-02,4.12120575e-02,2.747471,-3.40558358e-02,2.61333173e-03
2.442000,4.86780041e-02,4.11780041e-02,2.745200,-3.40534037e-02,2.60229809e-03
2.443000,4.86439553e-02,4.11439553e-02,2.742930,-3.40487984e-02,2.59375460e-03
2.444000,4.86099059e-02,4.11099059e-02,2.740660,-3.40493276e-02,2.62068620e-03
2.445000,4.85758580e-02,4.10758580e-02,2.738391,-3.40479000e-02,2.61813925e-03
2.446000,4.85418200e-02,4.10418200e-02,2.736121,-3.40380780e-02,2.57826296e-03
2.447000,4.85077838e-02,4.10077838e-02,2.733852,-3.40361442e-02,2.58487170e-03
2.448000,4.84737377e-02,4.09737377e-02,2.731583,-3.40461377e-02,2.59488510e-03
2.449000,4.84396855e-02,4.09396855e-02,2.729312,-3.40521900e-02,2.60742787e-03
2.450000,4.84056328e-02,4.09056328e-02,2.727042,-3.40527357e-02,2.59175356e-03
2.451000,4.83715808e-02,4.08715808e-02,2.724772,-3.40519340e-02,2.62636866e-03
2.452000,4.83375307e-02,4.08375307e-02,2.722502,-3.40501587e-02,2.59874775e-03
2.453000,4.83034888e-02,4.08034888e-02,2.720233,-3.40418997e-02,2.62753026e-03
2.454000,4.82694511e-02,4.07694511e-02,2.717963,-3.40376220e-02,2.57305604e-03
2.455000,4.82354176e-02,4.07354176e-02,2.715695,-3.40335249e-02,2.59117825e-03
2.456000,4.82013735e-02,4.07013735e-02,2.713425,-3.40441131e-02,2.58583296e-03
2.457000,4.81673238e-02,4.06673238e-02,2.711155,-3.40496950e-02,2.62065088e-03
2.458000,4.81332729e-02,4.06332729e-02,2.708885,-3.40508753e-02,2.58138647e-03
2.459000,4.80992254e-02,4.05992254e-02,2.706615,-3.40475642e-02,2.61796312e-03
2.460000,4.80651747e-02,4.05651747e-02,2.704345,-3.40506801e-02,2.60885342e-03
2.461000,4.80311313e-02,4.05311313e-02,2.702075,-3.40433945e-02,2.62288544e-03
2.462000,4.79970947e-02,4.04970947e-02,2.699806,-3.40366193e-02,2.58230283e-03
2.463000,4.79630623e-02,4.04630623e-02,2.697537,-3.40324124e-02,2.58625953e-03
2.464000,4.79290214e-02,4.04290214e-02,2.695268,-3.40408337e-02,2.60371661e-03
2.465000,4.78949766e-02,4.03949766e-02,2.692998,-3.40448685e-02,2.59785758e-03
2.466000,4.78609324e-02,4.03609324e-02,2.690729,-3.40442062e-02,2.59001989e-03
2.467000,4.78268855e-02,4.03268855e-02,2.688459,-3.40468541e-02,2.61119502e-03
2.468000,4.77928372e-02,4.02928372e-02,2.686189,-3.40483314e-02,2.62302121e-03
2.469000,4.77587964e-02,4.02587964e-02,2.683920,-3.40407632e-02,2.61799702e-03
2.470000,4.77247662e-02,4.02247662e-02,2.681651,-3.40301996e-02,2.59041387e-03
2.471000,4.76907400e-02,4.01907400e-02,2.679383,-3.40261637e-02,2.58057143e-03
2.472000,4.76567071e-02,4.01567071e-02,2.677114,-3.40329271e-02,2.58877607e-03
2.473000,4.76226657e-02,4.01226657e-02,2.674844,-3.40414720e-02,2.61013808e-03
2.474000,4.75886221e-02,4.00886221e-02,2.672575,-3.40435447e-02,2.59506966e-03
2.475000,4.75545808e-02,4.00545808e-02,2.670305,-3.40412666e-02,2.60887857e-03
2.476000,4.75205393e-02,4.00205393e-02,2.668036,-3.40414951e-02,2.60434613e-03
2.477000,4.74865014e-02,3.99865014e-02,2.665767,-3.40379901e-02,2.63302177e-03
2.478000,4.74524705e-02,3.99524705e-02,2.663498,-3.40309027e-02,2.59069063e-03
2.479000,4.74184486e-02,3.99184486e-02,2.661230,-3.40218836e-02,2.57785705e-03
2.480000,4.73844195e-02,3.98844195e-02,2.658961,-3.40290361e-02,2.60097391e-03
2.481000,4.73503832e-02,3.98503832e-02,2.656692,-3.40363154e-02,2.58801600e-03
2.482000,4.73163449e-02,3.98163449e-02,2.654423,-3.40382942e-02,2.61110643e-03
2.483000,4.72823045e-02,3.97823045e-02,2.652154,-3.40404453e-02,2.59717980e-03
2.484000,4.72482670e-02,3.97482670e-02,2.649884,-3.40374759e-02,2.61891526e-03
2.485000,4.72142318e-02,3.97142318e-02,2.647615,-3.40352366e-02,2.60637986e-03
2.486000,4.71802037e-02,3.96802037e-02,2.645347,-3.40280758e-02,2.62380367e-03
2.487000,4.71461817e-02,3.96461817e-02,2.643079,-3.40219506e-02,2.56696597e-03
2.488000,4.71121616e-02,3.96121616e-02,2.640811,-3.40201542e-02,2.58498652e-03
2.489000,4.70781277e-02,3.95781277e-02,2.638542,-3.40338375e-02,2.59740160e-03
2.490000,4.70440883e-02,3.95440883e-02,2.636273,-3.40394071e-02,2.61565237e-03
2.491000,4.70100507e-02,3.95100507e-02,2.634003,-3.40376720e-02,2.59958735e-03
2.492000,4.69760179e-02,3.94760179e-02,2.631735,-3.40327839e-02,2.59568591e-03
2.493000,4.69419840e-02,3.94419840e-02,2.629466,-3.40338617e-02,2.61909491e-03
2.494000,4.69079519e-02,3.94079519e-02,2.627197,-3.40320813e-02,2.62348844e-03
2.495000,4.68739301e-02,3.93739301e-02,2.624929,-3.40218360e-02,2.57222461e-03
2.496000,4.68399109e-02,3.93399109e-02,2.622661,-3.40192132e-02,2.58881858e-03
2.497000,4.68058804e-02,3.93058804e-02,2.620392,-3.40304918e-02,2.59245329e-03
2.498000,4.67718447e-02,3.92718447e-02,2.618123,-3.40356780e-02,2.60627203e-03
2.499000,4.67378075e-02,3.92378075e-02,2.615854,-3.40372267e-02,2.59493455e-03
2.500000,4.67037713e-02,3.92037713e-02,2.613585,-3.40362421e-02,2.62552564e-03
2.501000,4.66697377e-02,3.91697377e-02,2.611316,-3.40335712e-02,2.60109870e-03
2.502000,4.66357125e-02,3.91357125e-02,2.609048,-3.40251733e-02,2.62048984e-03
2.503000,4.66016911e-02,3.91016911e-02,2.606779,-3.40213685e-02,2.57840149e-03
2.504000,4.65676725e-02,3.90676725e-02,2.604512,-3.40186383e-02,2.59076772e-03
2.505000,4.65336450e-02,3.90336450e-02,2.602243,-3.40275436e-02,2.58345433e-03
2.506000,4.64996113e-02,3.89996113e-02,2.599974,-3.40336810e-02,2.62340496e-03
2.507000,4.64655761e-02,3.89655761e-02,2.597705,-3.40351553e-02,2.58248656e-03
2.508000,4.64315454e-02,3.89315454e-02,2.595436,-3.40307453e-02,2.61803427e-03
2.509000,4.63975119e-02,3.88975119e-02,2.593167,-3.40334873e-02,2.60707723e-03
2.510000,4.63634854e-02,3.88634854e-02,2.590899,-3.40264924e-02,2.62475094e-03
2.511000,4.63294654e-02,3.88294654e-02,2.588631,-3.40199707e-02,2.58077077e-03
2.512000,4.62954500e-02,3.87954500e-02,2.586363,-3.40154220e-02,2.58648587e-03
2.513000,4.62614257e-02,3.87614257e-02,2.584095,-3.40243064e-02,2.59612170e-03
2.514000,4.62273961e-02,3.87273961e-02,2.581826,-3.40296100e-02,2.60888804e-03
2.515000,4.61933666e-02,3.86933666e-02,2.579558,-3.40294913e-02,2.58507455e-03
2.516000,4.61593372e-02,3.86593372e-02,2.577289,-3.40293912e-02,2.61054391e-03
2.517000,4.61253046e-02,3.86253046e-02,2.575020,-3.40326078e-02,2.62511578e-03
2.518000,4.60912797e-02,3.85912797e-02,2.572752,-3.40248830e-02,2.61722591e-03
2.519000,4.60572659e-02,3.85572659e-02,2.570484,-3.40137679e-02,2.59428084e-03
2.520000,4.60232566e-02,3.85232566e-02,2.568217,-3.40093014e-02,2.57622126e-03
2.521000,4.59892411e-02,3.84892411e-02,2.565949,-3.40155641e-02,2.58923630e-03
2.522000,4.59552156e-02,3.84552156e-02,2.563681,-3.40254563e-02,2.61175204e-03
2.523000,4.59211885e-02,3.84211885e-02,2.561413,-3.40270925e-02,2.59612153e-03
2.524000,4.58871644e-02,3.83871644e-02,2.559144,-3.40240982e-02,2.60782077e-03
2.525000,4.58531403e-02,3.83531403e-02,2.556876,-3.40241684e-02,2.60686604e-03
2.526000,4.58191197e-02,3.83191197e-02,2.554608,-3.40205652e-02,2.63122437e-03
2.527000,4.57851067e-02,3.82851067e-02,2.552340,-3.40129680e-02,2.59075430e-03
2.528000,4.57511022e-02,3.82511022e-02,2.550073,-3.40045279e-02,2.58014424e-03
2.529000,4.57170909e-02,3.82170909e-02,2.547806,-3.40112551e-02,2.59923591e-03
2.530000,4.56830729e-02,3.81830729e-02,2.545538,-3.40180905e-02,2.59114901e-03
2.531000,4.56490528e-02,3.81490528e-02,2.543270,-3.40200861e-02,2.60812904e-03
2.532000,4.56150310e-02,3.81150310e-02,2.541002,-3.40217348e-02,2.59918753e-03
2.533000,4.55810116e-02,3.80810116e-02,2.538734,-3.40193882e-02,2.61867934e-03
2.534000,4.55469951e-02,3.80469951e-02,2.536466,-3.40165313e-02,2.60994482e-03
2.535000,4.55129863e-02,3.80129863e-02,2.534199,-3.40088175e-02,2.61791855e-03
2.536000,4.54789837e-02,3.79789837e-02,2.531932,-3.40025622e-02,2.57023738e-03
2.537000,4.54449816e-02,3.79449816e-02,2.529665,-3.40021201e-02,2.58484502e-03
2.538000,4.54109669e-02,3.79109669e-02,2.527398,-3.40147540e-02,2.59857757e-03
2.539000,4.53769467e-02,3.78769467e-02,2.525130,-3.40201621e-02,2.61517825e-03
2.540000,4.53429286e-02,3.78429286e-02,2.522862,-3.40181246e-02,2.60066327e-03
2.541000,4.53089154e-02,3.78089154e-02,2.520594,-3.40132020e-02,2.59745937e-03
2.542000,4.52749018e-02,3.77749018e-02,2.518327,-3.40136129e-02,2.61540662e-03
2.543000,4.52408899e-02,3.77408899e-02,2.516059,-3.40119022e-02,2.62574834e-03
2.544000,4.52068874e-02,3.77068874e-02,2.513792,-3.40024686e-02,2.57301964e-03
2.545000,4.51728884e-02,3.76728884e-02,2.511526,-3.39989631e-02,2.58932928e-03
2.546000,4.51388785e-02,3.76388785e-02,2.509259,-3.40098903e-02,2.58980011e-03
2.547000,4.51048632e-02,3.76048632e-02,2.506991,-3.40153779e-02,2.60870582e-03
2.548000,4.50708458e-02,3.75708458e-02,2.504723,-3.40173676e-02,2.59558062e-03
2.549000,4.50368303e-02,3.75368303e-02,2.502455,-3.40154694e-02,2.62504560e-03
2.550000,4.50028177e-02,3.75028177e-02,2.500188,-3.40126712e-02,2.60041353e-03
2.551000,4.49688131e-02,3.74688131e-02,2.497921,-3.40045521e-02,2.62186290e-03
2.552000,4.49348124e-02,3.74348124e-02,2.495654,-3.40007296e-02,2.57810164e-03
2.553000,4.49008148e-02,3.74008148e-02,2.493388,-3.39976014e-02,2.59162105e-03
2.554000,4.48668083e-02,3.73668083e-02,2.491121,-3.40064543e-02,2.58106849e-03
2.555000,4.48327956e-02,3.73327956e-02,2.488853,-3.40127333e-02,2.62599218e-03
2.556000,4.47987810e-02,3.72987810e-02,2.486585,-3.40145337e-02,2.58277942e-03
2.557000,4.47647718e-02,3.72647718e-02,2.484318,-3.40092222e-02,2.61804605e-03
2.558000,4.47307600e-02,3.72307600e-02,2.482051,-3.40118659e-02,2.60651023e-03
2.559000,4.46967550e-02,3.71967550e-02,2.479784,-3.40049675e-02,2.62571714e-03
2.560000,4.46627565e-02,3.71627565e-02,2.477517,-3.39984611e-02,2.58060228e-03
2.561000,4.46287629e-02,3.71287629e-02,2.475251,-3.39936249e-02,2.58688285e-03
2.562000,4.45947604e-02,3.70947604e-02,2.472984,-3.40024945e-02,2.59609842e-03
2.563000,4.45607527e-02,3.70607527e-02,2.470717,-3.40076717e-02,2.60923917e-03
2.564000,4.45267452e-02,3.70267452e-02,2.468450,-3.40074987e-02,2.58523377e-03
2.565000,4.44927380e-02,3.69927380e-02,2.466183,-3.40072551e-02,2.61087565e-03
2.566000,4.44587276e-02,3.69587276e-02,2.463915,-3.40103607e-02,2.62509094e-03
2.567000,4.44247251e-02,3.69247251e-02,2.461648,-3.40025314e-02,2.61712843e-03
2.568000,4.43907337e-02,3.68907337e-02,2.459382,-3.39914416e-02,2.59402916e-03
2.569000,4.43567466e-02,3.68567466e-02,2.457116,-3.39870517e-02,2.57786840e-03
2.570000,4.43227535e-02,3.68227535e-02,2.454850,-3.39931057e-02,2.58952317e-03
2.571000,4.42887511e-02,3.67887511e-02,2.452583,-3.40024062e-02,2.61106197e-03
2.572000,4.42547470e-02,3.67547470e-02,2.450316,-3.40040702e-02,2.59692028e-03
2.573000,4.42207459e-02,3.67207459e-02,2.448050,-3.40011614e-02,2.60742238e-03
2.574000,4.41867448e-02,3.66867448e-02,2.445783,-3.40010397e-02,2.60692925e-03
2.575000,4.41527473e-02,3.66527473e-02,2.443516,-3.39975561e-02,2.63212156e-03
2.576000,4.41187575e-02,3.66187575e-02,2.441251,-3.39897796e-02,2.59239249e-03
2.577000,4.40847767e-02,3.65847767e-02,2.438985,-3.39807551e-02,2.57783377e-03
2.578000,4.40507894e-02,3.65507894e-02,2.436719,-3.39873528e-02,2.60167128e-03
2.579000,4.40167949e-02,3.65167949e-02,2.434453,-3.39945164e-02,2.58882404e-03
2.580000,4.39827987e-02,3.64827987e-02,2.432187,-3.39961233e-02,2.61162185e-03
2.581000,4.39488008e-02,3.64488008e-02,2.429920,-3.39979179e-02,2.59751399e-03
2.582000,4.39148061e-02,3.64148061e-02,2.427654,-3.39947202e-02,2.62024973e-03
2.583000,4.38808140e-02,3.63808140e-02,2.425388,-3.39921351e-02,2.60643343e-03
2.584000,4.38468294e-02,3.63468294e-02,2.423122,-3.39845266e-02,2.62449181e-03
2.585000,4.38128512e-02,3.63128512e-02,2.420857,-3.39782621e-02,2.56716577e-03
2.586000,4.37788750e-02,3.62788750e-02,2.418592,-3.39762044e-02,2.58636482e-03
2.587000,4.37448854e-02,3.62448854e-02,2.416326,-3.39895783e-02,2.59763060e-03
2.588000,4.37108907e-02,3.62108907e-02,2.414059,-3.39946548e-02,2.61602256e-03
2.589000,4.36768980e-02,3.61768980e-02,2.411793,-3.39927789e-02,2.59988755e-03
2.590000,4.36429102e-02,3.61429102e-02,2.409527,-3.39877162e-02,2.59694242e-03
2.591000,4.36089218e-02,3.61089218e-02,2.407261,-3.39884733e-02,2.62047163e-03
2.592000,4.35749357e-02,3.60749357e-02,2.404996,-3.39860367e-02,2.62128812e-03
2.593000,4.35409600e-02,3.60409600e-02,2.402731,-3.39757284e-02,2.57430232e-03
2.594000,4.35069865e-02,3.60069865e-02,2.400466,-3.39734608e-02,2.58872829e-03
2.595000,4.34730025e-02,3.59730025e-02,2.398200,-3.39840730e-02,2.59372224e-03
2.596000,4.34390134e-02,3.59390134e-02,2.395934,-3.39890644e-02,2.60577343e-03
2.597000,4.34050231e-02,3.59050231e-02,2.393668,-3.39902846e-02,2.59615193e-03
2.598000,4.33710339e-02,3.58710339e-02,2.391402,-3.39892485e-02,2.62598192e-03
2.599000,4.33370478e-02,3.58370478e-02,2.389137,-3.39860970e-02,2.60084834e-03
2.600000,4.33030702e-02,3.58030702e-02,2.386871,-3.39775936e-02,2.62429414e-03
2.601000,4.32690970e-02,3.57690970e-02,2.384606,-3.39731983e-02,2.57576298e-03
2.602000,4.32351273e-02,3.57351273e-02,2.382342,-3.39696852e-02,2.59260966e-03
2.603000,4.32011482e-02,3.57011482e-02,2.380077,-3.39791314e-02,2.58331532e-03
2.604000,4.31671635e-02,3.56671635e-02,2.377811,-3.39846884e-02,2.62387577e-03
2.605000,4.31331774e-02,3.56331774e-02,2.375545,-3.39861252e-02,2.58064527e-03
2.606000,4.30991955e-02,3.55991955e-02,2.373280,-3.39818861e-02,2.61973584e-03
2.607000,4.30652105e-02,3.55652105e-02,2.371014,-3.39849319e-02,2.60784964e-03
2.608000,4.30312333e-02,3.55312333e-02,2.368749,-3.39772416e-02,2.62454462e-03
2.609000,4.29972628e-02,3.54972628e-02,2.366484,-3.39705027e-02,2.58330652e-03
2.610000,4.29632972e-02,3.54632972e-02,2.364220,-3.39655734e-02,2.58605400e-03
2.611000,4.29293235e-02,3.54293235e-02,2.361955,-3.39737014e-02,2.60552214e-03
2.612000,4.28953460e-02,3.53953460e-02,2.359690,-3.39774844e-02,2.59754579e-03
2.613000,4.28613697e-02,3.53613697e-02,2.357425,-3.39762843e-02,2.59161430e-03
2.614000,4.28273910e-02,3.53273910e-02,2.355159,-3.39787526e-02,2.61082668e-03
2.615000,4.27934112e-02,3.52934112e-02,2.352894,-3.39797715e-02,2.62306380e-03
2.616000,4.27594389e-02,3.52594389e-02,2.350629,-3.39723167e-02,2.62000354e-03
2.617000,4.27254775e-02,3.52254775e-02,2.348365,-3.39613842e-02,2.59466243e-03
2.618000,4.26915216e-02,3.51915216e-02,2.346101,-3.39559381e-02,2.57839678e-03
2.619000,4.26575599e-02,3.51575599e-02,2.343837,-3.39616908e-02,2.58802903e-03
2.620000,4.26235888e-02,3.51235888e-02,2.341573,-3.39710819e-02,2.61161269e-03
2.621000,4.25896157e-02,3.50896157e-02,2.339308,-3.39731393e-02,2.59852577e-03
2.622000,4.25556459e-02,3.50556459e-02,2.337043,-3.39697656e-02,2.60851769e-03
2.623000,4.25216770e-02,3.50216770e-02,2.334778,-3.39689230e-02,2.60373504e-03
2.624000,4.24877113e-02,3.49877113e-02,2.332514,-3.39656446e-02,2.62841512e-03
2.625000,4.24537518e-02,3.49537518e-02,2.330250,-3.39595725e-02,2.59980184e-03
2.626000,4.24198013e-02,3.49198013e-02,2.327987,-3.39504550e-02,2.57473484e-03
2.627000,4.23858461e-02,3.48858461e-02,2.325723,-3.39551674e-02,2.60103012e-03
2.628000,4.23518827e-02,3.48518827e-02,2.323459,-3.39634621e-02,2.58944146e-03
2.629000,4.23179175e-02,3.48179175e-02,2.321195,-3.39651704e-02,2.61301599e-03
2.630000,4.22839510e-02,3.47839510e-02,2.318930,-3.39665157e-02,2.59737156e-03
2.631000,4.22499881e-02,3.47499881e-02,2.316666,-3.39628853e-02,2.61619677e-03
2.632000,4.22160270e-02,3.47160270e-02,2.314402,-3.39610637e-02,2.60748994e-03
2.633000,4.21820724e-02,3.46820724e-02,2.312138,-3.39545994e-02,2.62200188e-03
2.634000,4.21481240e-02,3.46481240e-02,2.309875,-3.39484282e-02,2.57957559e-03
2.635000,4.21141790e-02,3.46141790e-02,2.307612,-3.39449937e-02,2.57697427e-03
2.636000,4.20802231e-02,3.45802231e-02,2.305348,-3.39559527e-02,2.60238852e-03
2.637000,4.20462598e-02,3.45462598e-02,2.303084,-3.39632718e-02,2.61085666e-03
2.638000,4.20122991e-02,3.45122991e-02,2.300820,-3.39607469e-02,2.60682424e-03
2.639000,4.19783429e-02,3.44783429e-02,2.298556,-3.39561540e-02,2.59512915e-03
2.640000,4.19443879e-02,3.44443879e-02,2.296293,-3.39549537e-02,2.62151873e-03
2.641000,4.19104350e-02,3.44104350e-02,2.294029,-3.39529274e-02,2.61796740e-03
2.642000,4.18764922e-02,3.43764922e-02,2.291766,-3.39428624e-02,2.57928290e-03
2.643000,4.18425514e-02,3.43425514e-02,2.289503,-3.39408047e-02,2.58911834e-03
2.644000,4.18086016e-02,3.43086016e-02,2.287240,-3.39497122e-02,2.59404051e-03
2.645000,4.17746471e-02,3.42746471e-02,2.284976,-3.39545192e-02,2.61093602e-03
2.646000,4.17406924e-02,3.42406924e-02,2.282713,-3.39547220e-02,2.59176272e-03
2.647000,4.17067396e-02,3.42067396e-02,2.280449,-3.39527665e-02,2.62245496e-03
2.648000,4.16727879e-02,3.41727879e-02,2.278186,-3.39516803e-02,2.60413629e-03
2.649000,4.16388442e-02,3.41388442e-02,2.275923,-3.39437537e-02,2.62220891e-03
2.650000,4.16049055e-02,3.41049055e-02,2.273660,-3.39386473e-02,2.58268624e-03
2.651000,4.15709710e-02,3.40709710e-02,2.271398,-3.39345948e-02,2.58804856e-03
2.652000,4.15370284e-02,3.40370284e-02,2.269135,-3.39425738e-02,2.58726289e-03
2.653000,4.15030794e-02,3.40030794e-02,2.266872,-3.39489307e-02,2.62257637e-03
2.654000,4.14691301e-02,3.39691301e-02,2.264609,-3.39493008e-02,2.57967022e-03
2.655000,4.14351845e-02,3.39351845e-02,2.262346,-3.39456609e-02,2.61785383e-03
2.656000,4.14012351e-02,3.39012351e-02,2.260082,-3.39493597e-02,2.61287858e-03
2.657000,4.13672937e-02,3.38672937e-02,2.257820,-3.39413982e-02,2.62844384e-03
2.658000,4.13333614e-02,3.38333614e-02,2.255557,-3.39323182e-02,2.58183382e-03
2.659000,4.12994350e-02,3.37994350e-02,2.253296,-3.39263687e-02,2.58591997e-03
2.660000,4.12655000e-02,3.37655000e-02,2.251033,-3.39350041e-02,2.60076273e-03
2.661000,4.12315604e-02,3.37315604e-02,2.248771,-3.39396728e-02,2.59856199e-03
2.662000,4.11976205e-02,3.36976205e-02,2.246508,-3.39398560e-02,2.59957886e-03
2.663000,4.11636799e-02,3.36636799e-02,2.244245,-3.39405822e-02,2.60389903e-03
2.664000,4.11297397e-02,3.36297397e-02,2.241983,-3.39402104e-02,2.62074387e-03
2.665000,4.10958043e-02,3.35958043e-02,2.239720,-3.39354410e-02,2.62160458e-03
2.666000,4.10618793e-02,3.35618793e-02,2.237459,-3.39249874e-02,2.60282733e-03
2.667000,4.10279617e-02,3.35279617e-02,2.235197,-3.39175715e-02,2.57465188e-03
2.668000,4.09940404e-02,3.34940404e-02,2.232936,-3.39213050e-02,2.58407113e-03
2.669000,4.09601078e-02,3.34601078e-02,2.230674,-3.39326260e-02,2.61126798e-03
2.670000,4.09261717e-02,3.34261717e-02,2.228411,-3.39360441e-02,2.61130729e-03
2.671000,4.08922412e-02,3.33922412e-02,2.226149,-3.39305234e-02,2.59889055e-03
2.672000,4.08583140e-02,3.33583140e-02,2.223888,-3.39271855e-02,2.60381592e-03
2.673000,4.08243870e-02,3.33243870e-02,2.221626,-3.39270545e-02,2.62536140e-03
2.674000,4.07904655e-02,3.32904655e-02,2.219364,-3.39214959e-02,2.61088597e-03
2.675000,4.07565541e-02,3.32565541e-02,2.217104,-3.39114212e-02,2.57056979e-03
2.676000,4.07226408e-02,3.32226408e-02,2.214843,-3.39132299e-02,2.60067144e-03
2.677000,4.06887179e-02,3.31887179e-02,2.212581,-3.39229559e-02,2.59184807e-03
2.678000,4.06547935e-02,3.31547935e-02,2.210320,-3.39243564e-02,2.60925660e-03
2.679000,4.06208679e-02,3.31208679e-02,2.208058,-3.39255761e-02,2.59909818e-03
2.680000,4.05869451e-02,3.30869451e-02,2.205796,-3.39228750e-02,2.61069971e-03
2.681000,4.05530236e-02,3.30530236e-02,2.203535,-3.39214585e-02,2.61564493e-03
2.682000,4.05191083e-02,3.30191083e-02,2.201274,-3.39153574e-02,2.62173937e-03
2.683000,4.04852017e-02,3.29852017e-02,2.199013,-3.39065544e-02,2.57776251e-03
2.684000,4.04512982e-02,3.29512982e-02,2.196753,-3.39035268e-02,2.58139063e-03
2.685000,4.04173839e-02,3.29173839e-02,2.194492,-3.39143002e-02,2.59322466e-03
2.686000,4.03834621e-02,3.28834621e-02,2.192231,-3.39217894e-02,2.61672573e-03
2.687000,4.03495408e-02,3.28495408e-02,2.189969,-3.39212362e-02,2.60038812e-03
2.688000,4.03156250e-02,3.28156250e-02,2.187708,-3.39158540e-02,2.61589141e-03
2.689000,4.02817119e-02,3.27817119e-02,2.185447,-3.39130958e-02,2.59814707e-03
2.690000,4.02478035e-02,3.27478035e-02,2.183187,-3.39083839e-02,2.62922241e-03
2.691000,4.02138995e-02,3.27138995e-02,2.180927,-3.39040042e-02,2.58046299e-03
2.692000,4.01800015e-02,3.26800015e-02,2.178667,-3.38980415e-02,2.59017054e-03
2.693000,4.01460951e-02,3.26460951e-02,2.176406,-3.39063754e-02,2.59962800e-03
2.694000,4.01121852e-02,3.26121852e-02,2.174146,-3.39098488e-02,2.60149297e-03
2.695000,4.00782754e-02,3.25782754e-02,2.171885,-3.39098863e-02,2.59019818e-03
2.696000,4.00443640e-02,3.25443640e-02,2.169624,-3.39113088e-02,2.61958356e-03
2.697000,4.00104528e-02,3.25104528e-02,2.167364,-3.39112442e-02,2.62277999e-03
2.698000,3.99765518e-02,3.24765518e-02,2.165103,-3.39009637e-02,2.61346514e-03
2.699000,3.99426606e-02,3.24426606e-02,2.162844,-3.38912807e-02,2.58629114e-03
2.700000,3.99087711e-02,3.24087711e-02,2.160585,-3.38894622e-02,2.58963522e-03
2.701000,3.98748751e-02,3.23748751e-02,2.158325,-3.38959768e-02,2.59034703e-03
2.702000,3.98409739e-02,3.23409739e-02,2.156065,-3.39012672e-02,2.61459313e-03
2.703000,3.98070718e-02,3.23070718e-02,2.153805,-3.39020362e-02,2.58847751e-03
2.704000,3.97731724e-02,3.22731724e-02,2.151545,-3.38994606e-02,2.61465929e-03
2.705000,3.97392715e-02,3.22392715e-02,2.149285,-3.39008319e-02,2.61251242e-03
2.706000,3.97053775e-02,3.22053775e-02,2.147025,-3.38939843e-02,2.62481663e-03
2.707000,3.96714919e-02,3.21714919e-02,2.144766,-3.38856659e-02,2.59454635e-03
2.708000,3.96376132e-02,3.21376132e-02,2.142508,-3.38786596e-02,2.58189923e-03
2.709000,3.96037294e-02,3.21037294e-02,2.140249,-3.38838311e-02,2.59894928e-03
2.710000,3.95698392e-02,3.20698392e-02,2.137989,-3.38901409e-02,2.59661254e-03
2.711000,3.95359480e-02,3.20359480e-02,2.135730,-3.38912644e-02,2.60321005e-03
2.712000,3.95020560e-02,3.20020560e-02,2.133470,-3.38919887e-02,2.61179772e-03
2.713000,3.94681670e-02,3.19681670e-02,2.131211,-3.38890276e-02,2.60631485e-03
2.714000,3.94342827e-02,3.19342827e-02,2.128952,-3.38842158e-02,2.62022773e-03
2.715000,3.94004040e-02,3.19004040e-02,2.126694,-3.38787443e-02,2.61924505e-03
2.716000,3.93665351e-02,3.18665351e-02,2.124436,-3.38688773e-02,2.57193443e-03
2.717000,3.93326674e-02,3.18326674e-02,2.122178,-3.38676995e-02,2.57930291e-03
2.718000,3.92987867e-02,3.17987867e-02,2.119919,-3.38807561e-02,2.60392483e-03
2.719000,3.92648996e-02,3.17648996e-02,2.117660,-3.38870387e-02,2.61981124e-03
2.720000,3.92310172e-02,3.17310172e-02,2.115401,-3.38824258e-02,2.60022685e-03
2.721000,3.91971411e-02,3.16971411e-02,2.113143,-3.38760588e-02,2.59656950e-03
2.722000,3.91632644e-02,3.16632644e-02,2.110884,-3.38767704e-02,2.61928286e-03
2.723000,3.91293897e-02,3.16293897e-02,2.108626,-3.38746665e-02,2.62350776e-03
2.724000,3.90955254e-02,3.15955254e-02,2.106368,-3.38643561e-02,2.57791418e-03
2.725000,3.90616646e-02,3.15616646e-02,2.104111,-3.38607209e-02,2.59044133e-03
2.726000,3.90277948e-02,3.15277948e-02,2.101853,-3.38698440e-02,2.59082338e-03
2.727000,3.89939200e-02,3.14939200e-02,2.099595,-3.38747854e-02,2.60906734e-03
2.728000,3.89600436e-02,3.14600436e-02,2.097336,-3.38763751e-02,2.59744290e-03
2.729000,3.89261696e-02,3.14261696e-02,2.095078,-3.38740289e-02,2.62830239e-03
2.730000,3.88922996e-02,3.13922996e-02,2.092820,-3.38700432e-02,2.60046728e-03
2.731000,3.88584387e-02,3.13584387e-02,2.090563,-3.38608450e-02,2.62333455e-03
2.732000,3.88245820e-02,3.13245820e-02,2.088305,-3.38567446e-02,2.58016109e-03
2.733000,3.87907292e-02,3.12907292e-02,2.086049,-3.38527689e-02,2.59313129e-03
2.734000,3.87568685e-02,3.12568685e-02,2.083791,-3.38606784e-02,2.58485617e-03
2.735000,3.87230027e-02,3.12230027e-02,2.081534,-3.38657916e-02,2.62281564e-03
2.736000,3.86891358e-02,3.11891358e-02,2.079276,-3.38669098e-02,2.58512263e-03
2.737000,3.86552736e-02,3.11552736e-02,2.077018,-3.38622272e-02,2.61794900e-03
2.738000,3.86214095e-02,3.11214095e-02,2.074761,-3.38641185e-02,2.61393046e-03
2.739000,3.85875535e-02,3.10875535e-02,2.072504,-3.38559397e-02,2.62329679e-03
2.740000,3.85537061e-02,3.10537061e-02,2.070247,-3.38474244e-02,2.58464744e-03
2.741000,3.85198634e-02,3.10198634e-02,2.067991,-3.38426678e-02,2.58844764e-03
2.742000,3.84860135e-02,3.09860135e-02,2.065734,-3.38499321e-02,2.60534477e-03
2.743000,3.84521605e-02,3.09521605e-02,2.063477,-3.38529604e-02,2.59747028e-03
2.744000,3.84183087e-02,3.09183087e-02,2.061221,-3.38518319e-02,2.59714907e-03
2.745000,3.83844554e-02,3.08844554e-02,2.058964,-3.38533462e-02,2.60932711e-03
2.746000,3.83506026e-02,3.08506026e-02,2.056707,-3.38528126e-02,2.62400054e-03
2.747000,3.83167569e-02,3.08167569e-02,2.054450,-3.38456846e-02,2.62053191e-03
2.748000,3.82829225e-02,3.07829225e-02,2.052195,-3.38343511e-02,2.60108802e-03
2.749000,3.82490949e-02,3.07490949e-02,2.049940,-3.38275951e-02,2.57661017e-03
2.750000,3.82152634e-02,3.07152634e-02,2.047684,-3.38315535e-02,2.58669288e-03
2.751000,3.81814216e-02,3.06814216e-02,2.045428,-3.38417677e-02,2.61207197e-03
2.752000,3.81475774e-02,3.06475774e-02,2.043172,-3.38441826e-02,2.61109086e-03
2.753000,3.81137390e-02,3.06137390e-02,2.040916,-3.38384361e-02,2.60200231e-03
2.754000,3.80799044e-02,3.05799044e-02,2.038660,-3.38346191e-02,2.60220353e-03
2.755000,3.80460706e-02,3.05460706e-02,2.036405,-3.38337513e-02,2.62670469e-03
2.756000,3.80122421e-02,3.05122421e-02,2.034149,-3.38284846e-02,2.61219057e-03
2.757000,3.79784244e-02,3.04784244e-02,2.031895,-3.38177381e-02,2.57168555e-03
2.758000,3.79446055e-02,3.04446055e-02,2.029640,-3.38189210e-02,2.60084740e-03
2.759000,3.79107772e-02,3.04107772e-02,2.027385,-3.38282495e-02,2.59132947e-03
2.760000,3.78769475e-02,3.03769475e-02,2.025130,-3.38296839e-02,2.61207700e-03
2.761000,3.78431170e-02,3.03431170e-02,2.022874,-3.38305752e-02,2.59973539e-03
2.762000,3.78092901e-02,3.03092901e-02,2.020619,-3.38268352e-02,2.61141794e-03
2.763000,3.77754650e-02,3.02754650e-02,2.018364,-3.38250824e-02,2.61617991e-03
2.764000,3.77416464e-02,3.02416464e-02,2.016110,-3.38186508e-02,2.62265484e-03
2.765000,3.77078369e-02,3.02078369e-02,2.013856,-3.38095102e-02,2.57654534e-03
2.766000,3.76740305e-02,3.01740305e-02,2.011602,-3.38063972e-02,2.58629765e-03
2.767000,3.76402138e-02,3.01402138e-02,2.009348,-3.38167026e-02,2.59081116e-03
2.768000,3.76063908e-02,3.01063908e-02,2.007093,-3.38230070e-02,2.62056074e-03
2.769000,3.75725682e-02,3.00725682e-02,2.004838,-3.38225683e-02,2.59843412e-03
2.770000,3.75387519e-02,3.00387519e-02,2.002583,-3.38162721e-02,2.61716051e-03
2.771000,3.75049380e-02,3.00049380e-02,2.000329,-3.38139312e-02,2.59990345e-03
2.772000,3.74711295e-02,2.99711295e-02,1.998075,-3.38084919e-02,2.62803254e-03
2.773000,3.74373258e-02,2.99373258e-02,1.995822,-3.38037459e-02,2.58474411e-03
2.774000,3.74035284e-02,2.99035284e-02,1.993569,-3.37974168e-02,2.58859202e-03
2.775000,3.73697237e-02,2.98697237e-02,1.991315,-3.38046239e-02,2.60194993e-03
2.776000,3.73359155e-02,2.98359155e-02,1.989061,-3.38082051e-02,2.60516228e-03
2.777000,3.73021087e-02,2.98021087e-02,1.986807,-3.38068312e-02,2.58630629e-03
2.778000,3.72683010e-02,2.97683010e-02,1.984553,-3.38077369e-02,2.62077170e-03
2.779000,3.72344922e-02,2.97344922e-02,1.982299,-3.38087403e-02,2.62331653e-03
2.780000,3.72006942e-02,2.97006942e-02,1.980046,-3.37979747e-02,2.62042832e-03
2.781000,3.71669074e-02,2.96669074e-02,1.977794,-3.37868841e-02,2.59104876e-03
2.782000,3.71331254e-02,2.96331254e-02,1.975542,-3.37819375e-02,2.58267815e-03
2.783000,3.70993373e-02,2.95993373e-02,1.973289,-3.37881199e-02,2.59080336e-03
2.784000,3.70655417e-02,2.95655417e-02,1.971036,-3.37956144e-02,2.61710619e-03
2.785000,3.70317459e-02,2.95317459e-02,1.968783,-3.37957891e-02,2.59521110e-03
2.786000,3.69979547e-02,2.94979547e-02,1.966530,-3.37911975e-02,2.60916822e-03
2.787000,3.69641634e-02,2.94641634e-02,1.964278,-3.37913283e-02,2.61145812e-03
2.788000,3.69303769e-02,2.94303769e-02,1.962025,-3.37864706e-02,2.63215773e-03
2.789000,3.68965997e-02,2.93965997e-02,1.959773,-3.37772003e-02,2.59315321e-03
2.790000,3.68628317e-02,2.93628317e-02,1.957522,-3.37680294e-02,2.58150092e-03
2.791000,3.68290579e-02,2.93290579e-02,1.955271,-3.37737288e-02,2.60514926e-03
2.792000,3.67952789e-02,2.92952789e-02,1.953019,-3.37790730e-02,2.58875638e-03
2.793000,3.67614993e-02,2.92614993e-02,1.950767,-3.37795496e-02,2.61493260e-03
2.794000,3.67277185e-02,2.92277185e-02,1.948515,-3.37807810e-02,2.59924121e-03
2.795000,3.66939423e-02,2.91939423e-02,1.946263,-3.37761905e-02,2.62171128e-03
2.796000,3.66601696e-02,2.91601696e-02,1.944011,-3.37727798e-02,2.60631522e-03
2.797000,3.66264049e-02,2.91264049e-02,1.941760,-3.37647121e-02,2.62364679e-03
2.798000,3.65926462e-02,2.90926462e-02,1.939510,-3.37586359e-02,2.58169219e-03
2.799000,3.65588919e-02,2.90588919e-02,1.937259,-3.37542869e-02,2.58106562e-03
2.800000,3.65251281e-02,2.90251281e-02,1.935009,-3.37638272e-02,2.60230935e-03
2.801000,3.64913583e-02,2.89913583e-02,1.932757,-3.37698166e-02,2.61149705e-03
2.802000,3.64575911e-02,2.89575911e-02,1.930506,-3.37672045e-02,2.60814947e-03
2.803000,3.64238289e-02,2.89238289e-02,1.928255,-3.37621670e-02,2.60388361e-03
2.804000,3.63900699e-02,2.88900699e-02,1.926005,-3.37589832e-02,2.61578072e-03
2.805000,3.63563148e-02,2.88563148e-02,1.923754,-3.37550966e-02,2.61799888e-03
2.806000,3.63225679e-02,2.88225679e-02,1.921505,-3.37469105e-02,2.58982225e-03
2.807000,3.62888249e-02,2.87888249e-02,1.919255,-3.37429787e-02,2.58545096e-03
2.808000,3.62550759e-02,2.87550759e-02,1.917005,-3.37490735e-02,2.60248007e-03
2.809000,3.62213223e-02,2.87213223e-02,1.914755,-3.37535925e-02,2.60764316e-03
2.810000,3.61875707e-02,2.86875707e-02,1.912505,-3.37516058e-02,2.59232921e-03
2.811000,3.61538200e-02,2.86538200e-02,1.910255,-3.37506316e-02,2.62087161e-03
2.812000,3.61200704e-02,2.86200704e-02,1.908005,-3.37496393e-02,2.61857098e-03
2.813000,3.60863307e-02,2.85863307e-02,1.905755,-3.37396801e-02,2.61731195e-03
2.814000,3.60526000e-02,2.85526000e-02,1.903507,-3.37306992e-02,2.58906511e-03
2.815000,3.60188729e-02,2.85188729e-02,1.901258,-3.37271268e-02,2.59200000e-03
2.816000,3.59851406e-02,2.84851406e-02,1.899009,-3.37323121e-02,2.59071849e-03
2.817000,3.59514038e-02,2.84514038e-02,1.896760,-3.37367602e-02,2.61709250e-03
2.818000,3.59176669e-02,2.84176669e-02,1.894511,-3.37369652e-02,2.58784685e-03
2.819000,3.58839332e-02,2.83839332e-02,1.892262,-3.37336804e-02,2.61892756e-03
2.820000,3.58501987e-02,2.83501987e-02,1.890013,-3.37345040e-02,2.61237523e-03
2.821000,3.58164724e-02,2.83164724e-02,1.887765,-3.37262789e-02,2.62615223e-03
2.822000,3.57827546e-02,2.82827546e-02,1.885517,-3.37177694e-02,2.59817547e-03
2.823000,3.57490449e-02,2.82490449e-02,1.883270,-3.37096827e-02,2.58248267e-03
2.824000,3.57153314e-02,2.82153314e-02,1.881022,-3.37135591e-02,2.60172480e-03
2.825000,3.56816122e-02,2.81816122e-02,1.878774,-3.37191865e-02,2.59557624e-03
2.826000,3.56478926e-02,2.81478926e-02,1.876526,-3.37195818e-02,2.61010867e-03
2.827000,3.56141732e-02,2.81141732e-02,1.874278,-3.37194264e-02,2.60831124e-03
2.828000,3.55804584e-02,2.80804584e-02,1.872031,-3.37148163e-02,2.61050943e-03
2.829000,3.55467480e-02,2.80467480e-02,1.869783,-3.37104077e-02,2.62180361e-03
2.830000,3.55130447e-02,2.80130447e-02,1.867536,-3.37032800e-02,2.61825974e-03
2.831000,3.54793516e-02,2.79793516e-02,1.865290,-3.36930697e-02,2.57407322e-03
2.832000,3.54456598e-02,2.79456598e-02,1.863044,-3.36918373e-02,2.58780463e-03
2.833000,3.54119571e-02,2.79119571e-02,1.860797,-3.37026880e-02,2.60216458e-03
2.834000,3.53782506e-02,2.78782506e-02,1.858550,-3.37064898e-02,2.61601984e-03
2.835000,3.53445475e-02,2.78445475e-02,1.856303,-3.37031255e-02,2.60530712e-03
2.836000,3.53108504e-02,2.78108504e-02,1.854057,-3.36971053e-02,2.59718581e-03
2.837000,3.52771543e-02,2.77771543e-02,1.851810,-3.36960394e-02,2.62685363e-03
2.838000,3.52434619e-02,2.77434619e-02,1.849564,-3.36923943e-02,2.62058297e-03
2.839000,3.52097818e-02,2.77097818e-02,1.847319,-3.36801147e-02,2.58044406e-03
2.840000,3.51761048e-02,2.76761048e-02,1.845074,-3.36769927e-02,2.58965652e-03
2.841000,3.51424194e-02,2.76424194e-02,1.842828,-3.36854237e-02,2.60044459e-03
2.842000,3.51087305e-02,2.76087305e-02,1.840582,-3.36889215e-02,2.61291736e-03
2.843000,3.50750438e-02,2.75750438e-02,1.838336,-3.36866706e-02,2.59185898e-03
2.844000,3.50413598e-02,2.75413598e-02,1.836091,-3.36840474e-02,2.62227872e-03
2.845000,3.50076768e-02,2.75076768e-02,1.833845,-3.36829608e-02,2.61533331e-03
2.846000,3.49740037e-02,2.74740037e-02,1.831600,-3.36731120e-02,2.62197888e-03
2.847000,3.49403393e-02,2.74403393e-02,1.829356,-3.36643690e-02,2.58737311e-03
2.848000,3.49066798e-02,2.74066798e-02,1.827112,-3.36595632e-02,2.59095255e-03
2.849000,3.48730143e-02,2.73730143e-02,1.824868,-3.36654895e-02,2.58611530e-03
2.850000,3.48393432e-02,2.73393432e-02,1.822623,-3.36710956e-02,2.62711932e-03
2.851000,3.48056721e-02,2.73056721e-02,1.820378,-3.36710392e-02,2.58494093e-03
2.852000,3.47720072e-02,2.72720072e-02,1.818134,-3.36649753e-02,2.61974362e-03
2.853000,3.47383406e-02,2.72383406e-02,1.815889,-3.36666089e-02,2.61241984e-03
2.854000,3.47046824e-02,2.72046824e-02,1.813645,-3.36581079e-02,2.62916652e-03
2.855000,3.46710334e-02,2.71710334e-02,1.811402,-3.36490507e-02,2.59753014e-03
2.856000,3.46373933e-02,2.71373933e-02,1.809160,-3.36400882e-02,2.58495055e-03
2.857000,3.46037496e-02,2.71037496e-02,1.806917,-3.36437401e-02,2.59913691e-03
2.858000,3.45701006e-02,2.70701006e-02,1.804673,-3.36490146e-02,2.60037482e-03
2.859000,3.45364511e-02,2.70364511e-02,1.802430,-3.36494112e-02,2.60456698e-03
2.860000,3.45028025e-02,2.70028025e-02,1.800187,-3.36486600e-02,2.61507623e-03
2.861000,3.44691578e-02,2.69691578e-02,1.797944,-3.36446735e-02,2.60880861e-03
2.862000,3.44355195e-02,2.69355195e-02,1.795701,-3.36383440e-02,2.62267586e-03
2.863000,3.44018878e-02,2.69018878e-02,1.793459,-3.36316205e-02,2.61780386e-03
2.864000,3.43682666e-02,2.68682666e-02,1.791218,-3.36212045e-02,2.57600905e-03
2.865000,3.43346469e-02,2.68346469e-02,1.788976,-3.36197794e-02,2.58810778e-03
2.866000,3.43010169e-02,2.68010169e-02,1.786734,-3.36299408e-02,2.60354640e-03
2.867000,3.42673835e-02,2.67673835e-02,1.784492,-3.36333987e-02,2.61515970e-03
2.868000,3.42337538e-02,2.67337538e-02,1.782250,-3.36297326e-02,2.60704240e-03
2.869000,3.42001301e-02,2.67001301e-02,1.780009,-3.36236880e-02,2.59593304e-03
2.870000,3.41665078e-02,2.66665078e-02,1.777767,-3.36222738e-02,2.62915121e-03
2.871000,3.41328892e-02,2.66328892e-02,1.775526,-3.36186338e-02,2.62135919e-03
2.872000,3.40992837e-02,2.65992837e-02,1.773286,-3.36054625e-02,2.57931465e-03
2.873000,3.40656814e-02,2.65656814e-02,1.771045,-3.36022852e-02,2.59153155e-03
2.874000,3.40320707e-02,2.65320707e-02,1.768805,-3.36107556e-02,2.60275148e-03
2.875000,3.39984575e-02,2.64984575e-02,1.766564,-3.36132296e-02,2.61199389e-03
2.876000,3.39648471e-02,2.64648471e-02,1.764323,-3.36103844e-02,2.59239498e-03
2.877000,3.39312391e-02,2.64312391e-02,1.762083,-3.36079697e-02,2.62227855e-03
2.878000,3.38976324e-02,2.63976324e-02,1.759842,-3.36067071e-02,2.61929048e-03
2.879000,3.38640362e-02,2.63640362e-02,1.757602,-3.35961586e-02,2.62133129e-03
2.880000,3.38304500e-02,2.63304500e-02,1.755363,-3.35862306e-02,2.58873809e-03
2.881000,3.37968686e-02,2.62968686e-02,1.753125,-3.35813960e-02,2.59321697e-03
2.882000,3.37632821e-02,2.62632821e-02,1.750885,-3.35864735e-02,2.59154510e-03
2.883000,3.37296918e-02,2.62296918e-02,1.748646,-3.35903758e-02,2.61840805e-03
2.884000,3.36961017e-02,2.61961017e-02,1.746407,-3.35900767e-02,2.59258361e-03
2.885000,3.36625162e-02,2.61625162e-02,1.744168,-3.35855221e-02,2.61748046e-03
2.886000,3.36289311e-02,2.61289311e-02,1.741929,-3.35850460e-02,2.61392520e-03
2.887000,3.35953541e-02,2.60953541e-02,1.739690,-3.35770221e-02,2.62940010e-03
2.888000,3.35617867e-02,2.60617867e-02,1.737452,-3.35674292e-02,2.59627537e-03
2.889000,3.35282281e-02,2.60282281e-02,1.735215,-3.35586119e-02,2.58776158e-03
2.890000,3.34946659e-02,2.59946659e-02,1.732978,-3.35621787e-02,2.60270456e-03
2.891000,3.34611000e-02,2.59611000e-02,1.730740,-3.35658992e-02,2.59418189e-03
2.892000,3.34275338e-02,2.59275338e-02,1.728502,-3.35662193e-02,2.61394821e-03
2.893000,3.33939679e-02,2.58939679e-02,1.726265,-3.35658429e-02,2.60306843e-03
2.894000,3.33604070e-02,2.58604070e-02,1.724027,-3.35608989e-02,2.62276334e-03
2.895000,3.33268510e-02,2.58268510e-02,1.721790,-3.35560452e-02,2.61005130e-03
2.896000,3.32933040e-02,2.57933040e-02,1.719554,-3.35469713e-02,2.62483796e-03
2.897000,3.32597645e-02,2.57597645e-02,1.717318,-3.35394575e-02,2.58412431e-03
2.898000,3.32262303e-02,2.57262303e-02,1.715082,-3.35342872e-02,2.58440534e-03
2.899000,3.31926878e-02,2.56926878e-02,1.712846,-3.35424382e-02,2.60197430e-03
2.900000,3.31591404e-02,2.56591404e-02,1.710609,-3.35473900e-02,2.61427912e-03
2.901000,3.31255960e-02,2.56255960e-02,1.708373,-3.35443960e-02,2.60815471e-03
2.902000,3.30920576e-02,2.55920576e-02,1.706137,-3.35384438e-02,2.61113080e-03
2.903000,3.30585236e-02,2.55585236e-02,1.703902,-3.35339768e-02,2.61113766e-03
2.904000,3.30249951e-02,2.55249951e-02,1.701666,-3.35285311e-02,2.62622331e-03
2.905000,3.29914747e-02,2.54914747e-02,1.699432,-3.35204155e-02,2.58714449e-03
2.906000,3.29579604e-02,2.54579604e-02,1.697197,-3.35142562e-02,2.59303662e-03
2.907000,3.29244405e-02,2.54244405e-02,1.694963,-3.35198889e-02,2.60582409e-03
2.908000,3.28909192e-02,2.53909192e-02,1.692728,-3.35213253e-02,2.60352050e-03
2.909000,3.28574002e-02,2.53574002e-02,1.690493,-3.35189695e-02,2.59278578e-03
2.910000,3.28238810e-02,2.53238810e-02,1.688259,-3.35192685e-02,2.62345135e-03
2.911000,3.27903633e-02,2.52903633e-02,1.686024,-3.35176701e-02,2.62467600e-03
2.912000,3.27568575e-02,2.52568575e-02,1.683791,-3.35057841e-02,2.62200149e-03
2.913000,3.27233635e-02,2.52233635e-02,1.681558,-3.34939688e-02,2.59800035e-03
2.914000,3.26898763e-02,2.51898763e-02,1.679325,-3.34872763e-02,2.58256826e-03
2.915000,3.26563851e-02,2.51563851e-02,1.677092,-3.34911950e-02,2.59575705e-03
2.916000,3.26228872e-02,2.51228872e-02,1.674859,-3.34978496e-02,2.61489921e-03
2.917000,3.25893904e-02,2.50893904e-02,1.672626,-3.34967877e-02,2.60181078e-03
2.918000,3.25558987e-02,2.50558987e-02,1.670393,-3.34917538e-02,2.61386692e-03
2.919000,3.25224098e-02,2.50224098e-02,1.668161,-3.34888864e-02,2.61165941e-03
2.920000,3.24889273e-02,2.49889273e-02,1.665928,-3.34824499e-02,2.62757263e-03
2.921000,3.24554534e-02,2.49554534e-02,1.663697,-3.34739243e-02,2.61036227e-03
2.922000,3.24219902e-02,2.49219902e-02,1.661466,-3.34632160e-02,2.57880532e-03
2.923000,3.23885265e-02,2.48885265e-02,1.659235,-3.34637404e-02,2.60639020e-03
2.924000,3.23550567e-02,2.48550567e-02,1.657004,-3.34697504e-02,2.59311168e-03
2.925000,3.23215877e-02,2.48215877e-02,1.654773,-3.34690493e-02,2.61447275e-03
2.926000,3.22881187e-02,2.47881187e-02,1.652541,-3.34689317e-02,2.60392092e-03
2.927000,3.22546551e-02,2.47546551e-02,1.650310,-3.34636647e-02,2.61388713e-03
2.928000,3.22211950e-02,2.47211950e-02,1.648080,-3.34601006e-02,2.62453223e-03
2.929000,3.21877436e-02,2.46877436e-02,1.645850,-3.34513811e-02,2.62030786e-03
2.930000,3.21543037e-02,2.46543037e-02,1.643620,-3.34399125e-02,2.58422610e-03
2.931000,3.21208674e-02,2.46208674e-02,1.641391,-3.34362120e-02,2.58876393e-03
2.932000,3.20874239e-02,2.45874239e-02,1.639162,-3.34435588e-02,2.59625160e-03
2.933000,3.20539758e-02,2.45539758e-02,1.636932,-3.34480912e-02,2.62895153e-03
2.934000,3.20205314e-02,2.45205314e-02,1.634702,-3.34443819e-02,2.59253722e-03
2.935000,3.19870950e-02,2.44870950e-02,1.632473,-3.34363729e-02,2.61705150e-03
2.936000,3.19536591e-02,2.44536591e-02,1.630244,-3.34359879e-02,2.61666360e-03
2.937000,3.19202314e-02,2.44202314e-02,1.628015,-3.34276206e-02,2.62864654e-03
2.938000,3.18868142e-02,2.43868142e-02,1.625788,-3.34172616e-02,2.59108342e-03
2.939000,3.18534046e-02,2.43534046e-02,1.623560,-3.34096099e-02,2.59136656e-03
2.940000,3.18199903e-02,2.43199903e-02,1.621333,-3.34142444e-02,2.60828360e-03
2.941000,3.17865745e-02,2.42865745e-02,1.619105,-3.34157944e-02,2.59981346e-03
2.942000,3.17531612e-02,2.42531612e-02,1.616877,-3.34132863e-02,2.60594414e-03
2.943000,3.17197488e-02,2.42197488e-02,1.614650,-3.34124759e-02,2.61084584e-03
2.944000,3.16863400e-02,2.41863400e-02,1.612423,-3.34087852e-02,2.62488217e-03
2.945000,3.16529390e-02,2.41529390e-02,1.610196,-3.34010026e-02,2.62816803e-03
2.946000,3.16195509e-02,2.41195509e-02,1.607970,-3.33880291e-02,2.60604698e-03
2.947000,3.15861731e-02,2.40861731e-02,1.605745,-3.33778884e-02,2.58011750e-03
2.948000,3.15527935e-02,2.40527935e-02,1.603520,-3.33795979e-02,2.59147732e-03
2.949000,3.15194056e-02,2.40194056e-02,1.601294,-3.33878142e-02,2.61131185e-03
2.950000,3.14860169e-02,2.39860169e-02,1.599068,-3.33887923e-02,2.61876147e-03
2.951000,3.14526349e-02,2.39526349e-02,1.596842,-3.33819390e-02,2.60710611e-03
2.952000,3.14192602e-02,2.39192602e-02,1.594617,-3.33747002e-02,2.60429322e-03
2.953000,3.13858884e-02,2.38858884e-02,1.592393,-3.33717867e-02,2.62324507e-03
2.954000,3.13525220e-02,2.38525220e-02,1.590168,-3.33664456e-02,2.62769543e-03
2.955000,3.13191679e-02,2.38191679e-02,1.587945,-3.33540933e-02,2.58146553e-03
2.956000,3.12858194e-02,2.37858194e-02,1.585721,-3.33484548e-02,2.59587031e-03
2.957000,3.12524640e-02,2.37524640e-02,1.583498,-3.33554515e-02,2.59869470e-03
2.958000,3.12191068e-02,2.37191068e-02,1.581274,-3.33572180e-02,2.61737576e-03
2.959000,3.11857520e-02,2.36857520e-02,1.579050,-3.33547534e-02,2.59742740e-03
2.960000,3.11524023e-02,2.36524023e-02,1.576827,-3.33496814e-02,2.62602474e-03
2.961000,3.11190562e-02,2.36190562e-02,1.574604,-3.33461035e-02,2.61522863e-03
2.962000,3.10857212e-02,2.35857212e-02,1.572381,-3.33350430e-02,2.62637838e-03
2.963000,3.10523956e-02,2.35523956e-02,1.570160,-3.33255564e-02,2.59279705e-03
2.964000,3.10190773e-02,2.35190773e-02,1.567938,-3.33183466e-02,2.59434888e-03
2.965000,3.09857554e-02,2.34857554e-02,1.565717,-3.33218909e-02,2.59393691e-03
2.966000,3.09524304e-02,2.34524304e-02,1.563495,-3.33249984e-02,2.62048859e-03
2.967000,3.09191068e-02,2.34191068e-02,1.561274,-3.33235459e-02,2.59778157e-03
2.968000,3.08857895e-02,2.33857895e-02,1.559053,-3.33173889e-02,2.61733189e-03
2.969000,3.08524742e-02,2.33524742e-02,1.556832,-3.33152319e-02,2.61556050e-03
2.970000,3.08191673e-02,2.33191673e-02,1.554611,-3.33069676e-02,2.63532437e-03
2.971000,3.07858715e-02,2.32858715e-02,1.552391,-3.32957900e-02,2.59834321e-03
2.972000,3.07525868e-02,2.32525868e-02,1.550172,-3.32846614e-02,2.58731820e-03
2.973000,3.07192992e-02,2.32192992e-02,1.547953,-3.32876276e-02,2.60590721e-03
2.974000,3.06860083e-02,2.31860083e-02,1.545734,-3.32909273e-02,2.59748861e-03
2.975000,3.06527186e-02,2.31527186e-02,1.543515,-3.32896108e-02,2.61794518e-03
2.976000,3.06194312e-02,2.31194312e-02,1.541295,-3.32874417e-02,2.60610259e-03
2.977000,3.05861505e-02,2.30861505e-02,1.539077,-3.32806484e-02,2.61744813e-03
2.978000,3.05528748e-02,2.30528748e-02,1.536858,-3.32757382e-02,2.61932167e-03
2.979000,3.05196080e-02,2.30196080e-02,1.534641,-3.32667706e-02,2.62973964e-03
2.980000,3.04863527e-02,2.29863527e-02,1.532424,-3.32553454e-02,2.58077358e-03
2.981000,3.04531035e-02,2.29531035e-02,1.530207,-3.32491578e-02,2.59358141e-03
2.982000,3.04198468e-02,2.29198468e-02,1.527990,-3.32567866e-02,2.59433907e-03
2.983000,3.03865867e-02,2.28865867e-02,1.525772,-3.32600751e-02,2.63227482e-03
2.984000,3.03533303e-02,2.28533303e-02,1.523555,-3.32564062e-02,2.59643919e-03
2.985000,3.03200837e-02,2.28200837e-02,1.521339,-3.32466158e-02,2.61669996e-03
2.986000,3.02868386e-02,2.27868386e-02,1.519123,-3.32450114e-02,2.61854254e-03
2.987000,3.02536022e-02,2.27536022e-02,1.516907,-3.32364273e-02,2.63097443e-03
2.988000,3.02203772e-02,2.27203772e-02,1.514692,-3.32250396e-02,2.59426844e-03
2.989000,3.01871611e-02,2.26871611e-02,1.512477,-3.32160602e-02,2.59082107e-03
2.990000,3.01539414e-02,2.26539414e-02,1.510263,-3.32197451e-02,2.61054206e-03
2.991000,3.01207203e-02,2.26207203e-02,1.508048,-3.32210748e-02,2.60184670e-03
2.992000,3.00875028e-02,2.25875028e-02,1.505834,-3.32174655e-02,2.60950619e-03
2.993000,3.00542875e-02,2.25542875e-02,1.503619,-3.32153574e-02,2.61039070e-03
2.994000,3.00210769e-02,2.25210769e-02,1.501405,-3.32105774e-02,2.62867644e-03
2.995000,2.99878746e-02,2.24878746e-02,1.499192,-3.32022732e-02,2.62722211e-03
2.996000,2.99546864e-02,2.24546864e-02,1.496979,-3.31882210e-02,2.61384239e-03
2.997000,2.99215094e-02,2.24215094e-02,1.494767,-3.31770124e-02,2.58063215e-03
2.998000,2.98883333e-02,2.23883333e-02,1.492556,-3.31760708e-02,2.59156819e-03
2.999000,2.98551492e-02,2.23551492e-02,1.490343,-3.31841020e-02,2.61246756e-03
3.000000,2.98219644e-02,2.23219644e-02,1.488131,-3.31848458e-02,2.62012309e-03
3.001000,2.97887870e-02,2.22887870e-02,1.485919,-3.31773722e-02,2.60885492e-03
3.002000,2.97556176e-02,2.22556176e-02,1.483708,-3.31693770e-02,2.60170069e-03
3.003000,2.97224513e-02,2.22224513e-02,1.481497,-3.31663476e-02,2.63328962e-03
3.004000,2.96892912e-02,2.21892912e-02,1.479286,-3.31600816e-02,2.62207377e-03
3.005000,2.96561458e-02,2.21561458e-02,1.477076,-3.31454247e-02,2.58794302e-03
3.006000,2.96230053e-02,2.21230053e-02,1.474867,-3.31404869e-02,2.59542503e-03
3.007000,2.95898598e-02,2.20898598e-02,1.472657,-3.31454351e-02,2.61133820e-03
3.008000,2.95567147e-02,2.20567147e-02,1.470448,-3.31451120e-02,2.60986742e-03
3.009000,2.95235749e-02,2.20235749e-02,1.468238,-3.31398229e-02,2.59499889e-03
3.010000,2.94904373e-02,2.19904373e-02,1.466029,-3.31376461e-02,2.62521829e-03
3.011000,2.94573023e-02,2.19573023e-02,1.463820,-3.31350084e-02,2.62778500e-03
3.012000,2.94241803e-02,2.19241803e-02,1.461612,-3.31219923e-02,2.62964091e-03
3.013000,2.93910725e-02,2.18910725e-02,1.459405,-3.31078051e-02,2.59782836e-03
3.014000,2.93579738e-02,2.18579738e-02,1.457198,-3.30986340e-02,2.58813182e-03
3.015000,2.93248722e-02,2.18248722e-02,1.454991,-3.31016254e-02,2.60100304e-03
3.016000,2.92917667e-02,2.17917667e-02,1.452784,-3.31055251e-02,2.61618491e-03
3.017000,2.92586642e-02,2.17586642e-02,1.450578,-3.31025131e-02,2.61026555e-03
3.018000,2.92255686e-02,2.17255686e-02,1.448371,-3.30955618e-02,2.61699317e-03
3.019000,2.91924792e-02,2.16924792e-02,1.446165,-3.30893648e-02,2.60918524e-03
3.020000,2.91593969e-02,2.16593969e-02,1.443960,-3.30823391e-02,2.63075824e-03
3.021000,2.91263228e-02,2.16263228e-02,1.441755,-3.30740627e-02,2.61633394e-03
3.022000,2.90932616e-02,2.15932616e-02,1.439551,-3.30612522e-02,2.59025908e-03
3.023000,2.90602038e-02,2.15602038e-02,1.437347,-3.30577899e-02,2.60547074e-03
3.024000,2.90271436e-02,2.15271436e-02,1.435143,-3.30602010e-02,2.59580927e-03
3.025000,2.89940843e-02,2.14940843e-02,1.432939,-3.30593248e-02,2.61384525e-03
3.026000,2.89610258e-02,2.14610258e-02,1.430735,-3.30584322e-02,2.60557312e-03
3.027000,2.89279728e-02,2.14279728e-02,1.428532,-3.30530791e-02,2.63845233e-03
3.028000,2.88949281e-02,2.13949281e-02,1.426329,-3.30446284e-02,2.60759993e-03
3.029000,2.88618973e-02,2.13618973e-02,1.424126,-3.30308355e-02,2.62829625e-03
3.030000,2.88288738e-02,2.13288738e-02,1.421925,-3.30235152e-02,2.59560153e-03
3.031000,2.87958586e-02,2.12958586e-02,1.419724,-3.30151795e-02,2.60225853e-03
3.032000,2.87628422e-02,2.12628422e-02,1.417523,-3.30164041e-02,2.58884033e-03
3.033000,2.87298244e-02,2.12298244e-02,1.415322,-3.30178152e-02,2.62931416e-03
3.034000,2.86968079e-02,2.11968079e-02,1.413121,-3.30164758e-02,2.59708148e-03
3.035000,2.86638004e-02,2.11638004e-02,1.410920,-3.30075441e-02,2.62206715e-03
3.036000,2.86307956e-02,2.11307956e-02,1.408720,-3.30047797e-02,2.61743660e-03
3.037000,2.85978009e-02,2.10978009e-02,1.406520,-3.29946285e-02,2.63710245e-03
3.038000,2.85648184e-02,2.10648184e-02,1.404321,-3.29825204e-02,2.60486108e-03
3.039000,2.85318488e-02,2.10318488e-02,1.402123,-3.29696552e-02,2.58834611e-03
3.040000,2.84988785e-02,2.09988785e-02,1.399925,-3.29702990e-02,2.61255050e-03
3.041000,2.84659064e-02,2.09659064e-02,1.397727,-3.29720864e-02,2.59656149e-03
3.042000,2.84329376e-02,2.09329376e-02,1.395529,-3.29687521e-02,2.61974838e-03
3.043000,2.83999711e-02,2.08999711e-02,1.393331,-3.29665685e-02,2.60850704e-03
3.044000,2.83670123e-02,2.08670123e-02,1.391134,-3.29587579e-02,2.61927659e-03
3.045000,2.83340596e-02,2.08340596e-02,1.388937,-3.29527347e-02,2.63113476e-03
3.046000,2.83011185e-02,2.08011185e-02,1.386741,-3.29410775e-02,2.62008642e-03
3.047000,2.82681910e-02,2.07681910e-02,1.384546,-3.29274798e-02,2.59419909e-03
3.048000,2.82352689e-02,2.07352689e-02,1.382351,-3.29220884e-02,2.59661645e-03
3.049000,2.82023442e-02,2.07023442e-02,1.380156,-3.29247713e-02,2.60157951e-03
3.050000,2.81694184e-02,2.06694184e-02,1.377961,-3.29257826e-02,2.62718611e-03
3.051000,2.81364977e-02,2.06364977e-02,1.375767,-3.29206357e-02,2.59332078e-03
3.052000,2.81035847e-02,2.06035847e-02,1.373572,-3.29130680e-02,2.62536924e-03
3.053000,2.80706737e-02,2.05706737e-02,1.371378,-3.29109547e-02,2.62593108e-03
3.054000,2.80377755e-02,2.05377755e-02,1.369185,-3.28982169e-02,2.63031995e-03
3.055000,2.80048910e-02,2.05048910e-02,1.366993,-3.28845184e-02,2.60599111e-03
3.056000,2.79720173e-02,2.04720173e-02,1.364801,-3.28736809e-02,2.58875841e-03
3.057000,2.79391434e-02,2.04391434e-02,1.362610,-3.28738807e-02,2.61665700e-03
3.058000,2.79062686e-02,2.04062686e-02,1.360418,-3.28748064e-02,2.59770008e-03
3.059000,2.78733987e-02,2.03733987e-02,1.358227,-3.28699222e-02,2.62115797e-03
3.060000,2.78405316e-02,2.03405316e-02,1.356035,-3.28671154e-02,2.61005713e-03
3.061000,2.78076730e-02,2.03076730e-02,1.353845,-3.28585678e-02,2.62282733e-03
3.062000,2.77748216e-02,2.02748216e-02,1.351655,-3.28514075e-02,2.62452578e-03
3.063000,2.77419818e-02,2.02419818e-02,1.349465,-3.28397530e-02,2.63084154e-03
3.064000,2.77091554e-02,2.02091554e-02,1.347277,-3.28264238e-02,2.58611049e-03
3.065000,2.76763365e-02,2.01763365e-02,1.345089,-3.28189307e-02,2.59656576e-03
3.066000,2.76435122e-02,2.01435122e-02,1.342901,-3.28242789e-02,2.60249852e-03
3.067000,2.76106871e-02,2.01106871e-02,1.340712,-3.28251444e-02,2.63406015e-03
3.068000,2.75778686e-02,2.00778686e-02,1.338525,-3.28184801e-02,2.59467595e-03
3.069000,2.75450602e-02,2.00450602e-02,1.336337,-3.28084152e-02,2.62409639e-03
3.070000,2.75122541e-02,2.00122541e-02,1.334150,-3.28060819e-02,2.62653478e-03
3.071000,2.74794604e-02,1.99794604e-02,1.331964,-3.27936554e-02,2.63545419e-03
3.072000,2.74466816e-02,1.99466816e-02,1.329779,-3.27788507e-02,2.59963490e-03
3.073000,2.74139141e-02,1.99139141e-02,1.327594,-3.27674510e-02,2.59102747e-03
3.074000,2.73811448e-02,1.98811448e-02,1.325410,-3.27693371e-02,2.61782803e-03
3.075000,2.73483755e-02,1.98483755e-02,1.323225,-3.27693105e-02,2.60388967e-03
3.076000,2.73156125e-02,1.98156125e-02,1.321041,-3.27629471e-02,2.61248800e-03
3.077000,2.72828529e-02,1.97828529e-02,1.318857,-3.27596408e-02,2.61696449e-03
3.078000,2.72501002e-02,1.97501002e-02,1.316673,-3.27527190e-02,2.62837027e-03
3.079000,2.72173579e-02,1.97173579e-02,1.314491,-3.27423101e-02,2.62069082e-03
3.080000,2.71846284e-02,1.96846284e-02,1.312309,-3.27295134e-02,2.63074916e-03
3.081000,2.71519109e-02,1.96519109e-02,1.310127,-3.27174600e-02,2.59474598e-03
3.082000,2.71192024e-02,1.96192024e-02,1.307947,-3.27084700e-02,2.59208790e-03
3.083000,2.70864907e-02,1.95864907e-02,1.305766,-3.27117741e-02,2.60343700e-03
3.084000,2.70537767e-02,1.95537767e-02,1.303585,-3.27139442e-02,2.63385845e-03
3.085000,2.70210697e-02,1.95210697e-02,1.301405,-3.27070074e-02,2.60346245e-03
3.086000,2.69883742e-02,1.94883742e-02,1.299225,-3.26954549e-02,2.62134049e-03
3.087000,2.69556835e-02,1.94556835e-02,1.297046,-3.26907234e-02,2.62712422e-03
3.088000,2.69230044e-02,1.94230044e-02,1.294867,-3.26790977e-02,2.63405533e-03
3.089000,2.68903401e-02,1.93903401e-02,1.292689,-3.26643469e-02,2.60480765e-03
3.090000,2.68576876e-02,1.93576876e-02,1.290513,-3.26524918e-02,2.58923898e-03
3.091000,2.68250346e-02,1.93250346e-02,1.288336,-3.26529953e-02,2.61904018e-03
3.092000,2.67923812e-02,1.92923812e-02,1.286159,-3.26533418e-02,2.60254578e-03
3.093000,2.67597344e-02,1.92597344e-02,1.283982,-3.26468180e-02,2.61733614e-03
3.094000,2.67270913e-02,1.92270913e-02,1.281806,-3.26430956e-02,2.61708522e-03
3.095000,2.66944568e-02,1.91944568e-02,1.279630,-3.26345603e-02,2.62938905e-03
3.096000,2.66618328e-02,1.91618328e-02,1.277456,-3.26239316e-02,2.61950319e-03
3.097000,2.66292218e-02,1.91292218e-02,1.275281,-3.26110103e-02,2.63396302e-03
3.098000,2.65966231e-02,1.90966231e-02,1.273108,-3.25987786e-02,2.59454265e-03
3.099000,2.65640343e-02,1.90640343e-02,1.270936,-3.25887691e-02,2.59582148e-03
3.100000,2.65314428e-02,1.90314428e-02,1.268763,-3.25914798e-02,2.60245287e-03
3.101000,2.64988502e-02,1.89988502e-02,1.266590,-3.25925977e-02,2.63353158e-03
3.102000,2.64662642e-02,1.89662642e-02,1.264418,-3.25860419e-02,2.60416160e-03
3.103000,2.64336897e-02,1.89336897e-02,1.262246,-3.25744732e-02,2.62340380e-03
3.104000,2.64011205e-02,1.89011205e-02,1.260075,-3.25691472e-02,2.62709232e-03
3.105000,2.63685637e-02,1.88685637e-02,1.257904,-3.25568495e-02,2.63702151e-03
3.106000,2.63360221e-02,1.88360221e-02,1.255735,-3.25415846e-02,2.60502110e-03
3.107000,2.63034934e-02,1.88034934e-02,1.253566,-3.25287176e-02,2.59125486e-03
3.108000,2.62709646e-02,1.87709646e-02,1.251398,-3.25287946e-02,2.61881326e-03
3.109000,2.62384361e-02,1.87384361e-02,1.249229,-3.25285191e-02,2.60583075e-03
3.110000,2.62059146e-02,1.87059146e-02,1.247061,-3.25214889e-02,2.61897618e-03
3.111000,2.61733982e-02,1.86733982e-02,1.244893,-3.25163977e-02,2.61515515e-03
3.112000,2.61408905e-02,1.86408905e-02,1.242726,-3.25076651e-02,2.62636313e-03
3.113000,2.61083923e-02,1.86083923e-02,1.240559,-3.24982053e-02,2.62806058e-03
3.114000,2.60759076e-02,1.85759076e-02,1.238394,-3.24847645e-02,2.63181208e-03
3.115000,2.60434375e-02,1.85434375e-02,1.236229,-3.24701028e-02,2.59198793e-03
3.116000,2.60109762e-02,1.85109762e-02,1.234065,-3.24612515e-02,2.59846328e-03
3.117000,2.59785119e-02,1.84785119e-02,1.231901,-3.24643340e-02,2.61070363e-03
3.118000,2.59460487e-02,1.84460487e-02,1.229737,-3.24631253e-02,2.63086558e-03
3.119000,2.59135944e-02,1.84135944e-02,1.227573,-3.24543313e-02,2.59946580e-03
3.120000,2.58811499e-02,1.83811499e-02,1.225410,-3.24444685e-02,2.62727886e-03
3.121000,2.58487099e-02,1.83487099e-02,1.223247,-3.24399994e-02,2.63070426e-03
3.122000,2.58162842e-02,1.83162842e-02,1.221086,-3.24257903e-02,2.63414215e-03
3.123000,2.57838743e-02,1.82838743e-02,1.218925,-3.24098484e-02,2.61170458e-03
3.124000,2.57514776e-02,1.82514776e-02,1.216765,-3.23967452e-02,2.59247224e-03
3.125000,2.57190831e-02,1.82190831e-02,1.214606,-3.23944119e-02,2.61826262e-03
3.126000,2.56866893e-02,1.81866893e-02,1.212446,-3.23938340e-02,2.60292786e-03
3.127000,2.56543018e-02,1.81543018e-02,1.210287,-3.23874980e-02,2.62603279e-03
3.128000,2.56219197e-02,1.81219197e-02,1.208128,-3.23821122e-02,2.61319977e-03
3.129000,2.55895483e-02,1.80895483e-02,1.205970,-3.23714079e-02,2.62535628e-03
3.130000,2.55571855e-02,1.80571855e-02,1.203812,-3.23627683e-02,2.63367434e-03
3.131000,2.55248369e-02,1.80248369e-02,1.201656,-3.23486655e-02,2.62765965e-03
3.132000,2.54925040e-02,1.79925040e-02,1.199500,-3.23328944e-02,2.59964512e-03
3.133000,2.54601799e-02,1.79601799e-02,1.197345,-3.23240528e-02,2.60273535e-03
3.134000,2.54278561e-02,1.79278561e-02,1.195190,-3.23238651e-02,2.60839295e-03
3.135000,2.53955344e-02,1.78955344e-02,1.193036,-3.23216620e-02,2.63057975e-03
3.136000,2.53632207e-02,1.78632207e-02,1.190881,-3.23136774e-02,2.60182267e-03
3.137000,2.53309172e-02,1.78309172e-02,1.188728,-3.23034916e-02,2.63081297e-03
3.138000,2.52986196e-02,1.77986196e-02,1.186575,-3.22976235e-02,2.62186905e-03
3.139000,2.52663358e-02,1.77663358e-02,1.184422,-3.22838163e-02,2.64563059e-03
3.140000,2.52340670e-02,1.77340670e-02,1.182271,-3.22687443e-02,2.61175466e-03
3.141000,2.52018152e-02,1.77018152e-02,1.180121,-3.22518593e-02,2.59475263e-03
3.142000,2.51695661e-02,1.76695661e-02,1.177971,-3.22491063e-02,2.61923832e-03
3.143000,2.51373185e-02,1.76373185e-02,1.175821,-3.22476069e-02,2.60944064e-03
3.144000,2.51050787e-02,1.76050787e-02,1.173672,-3.22397987e-02,2.61443325e-03
3.145000,2.50728443e-02,1.75728443e-02,1.171523,-3.22343254e-02,2.61313372e-03
3.146000,2.50406169e-02,1.75406169e-02,1.169374,-3.22274422e-02,2.64302525e-03
3.147000,2.50084012e-02,1.75084012e-02,1.167227,-3.22156998e-02,2.62132606e-03
3.148000,2.49762032e-02,1.74762032e-02,1.165080,-3.21979778e-02,2.63226979e-03
3.149000,2.49440178e-02,1.74440178e-02,1.162935,-3.21854469e-02,2.61211141e-03
3.150000,2.49118449e-02,1.74118449e-02,1.160790,-3.21728867e-02,2.60304880e-03
3.151000,2.48796763e-02,1.73796763e-02,1.158645,-3.21685494e-02,2.60234407e-03
3.152000,2.48475090e-02,1.73475090e-02,1.156501,-3.21673130e-02,2.62354726e-03
3.153000,2.48153465e-02,1.73153465e-02,1.154356,-3.21625586e-02,2.62022554e-03
3.154000,2.47831950e-02,1.72831950e-02,1.152213,-3.21514281e-02,2.62577278e-03
3.155000,2.47510546e-02,1.72510546e-02,1.150070,-3.21404075e-02,2.61942957e-03
3.156000,2.47189259e-02,1.72189259e-02,1.147928,-3.21286869e-02,2.63285277e-03
3.157000,2.46868093e-02,1.71868093e-02,1.145787,-3.21166757e-02,2.63313401e-03
3.158000,2.46547091e-02,1.71547091e-02,1.143647,-3.21002064e-02,2.59728445e-03
3.159000,2.46226191e-02,1.71226191e-02,1.141508,-3.20899844e-02,2.60714257e-03
3.160000,2.45905293e-02,1.70905293e-02,1.139369,-3.20897926e-02,2.61777220e-03
3.161000,2.45584448e-02,1.70584448e-02,1.137230,-3.20844835e-02,2.62210891e-03
3.162000,2.45263699e-02,1.70263699e-02,1.135091,-3.20749165e-02,2.60079991e-03
3.163000,2.44943022e-02,1.69943022e-02,1.132953,-3.20676936e-02,2.63724473e-03
3.164000,2.44622412e-02,1.69622412e-02,1.130816,-3.20610240e-02,2.63492172e-03
3.165000,2.44301984e-02,1.69301984e-02,1.128680,-3.20427962e-02,2.64186283e-03
3.166000,2.43981743e-02,1.68981743e-02,1.126545,-3.20241039e-02,2.61260391e-03
3.167000,2.43661660e-02,1.68661660e-02,1.124411,-3.20083061e-02,2.59747302e-03
3.168000,2.43341612e-02,1.68341612e-02,1.122277,-3.20047931e-02,2.60686762e-03
3.169000,2.43021566e-02,1.68021566e-02,1.120144,-3.20045879e-02,2.62637377e-03
3.170000,2.42701587e-02,1.67701587e-02,1.118011,-3.19978481e-02,2.61828451e-03
3.171000,2.42381726e-02,1.67381726e-02,1.115878,-3.19861325e-02,2.61721584e-03
3.172000,2.42061953e-02,1.67061953e-02,1.113746,-3.19772626e-02,2.63487465e-03
3.173000,2.41742297e-02,1.66742297e-02,1.111615,-3.19656209e-02,2.62127910e-03
3.174000,2.41422791e-02,1.66422791e-02,1.109485,-3.19505841e-02,2.64277620e-03
3.175000,2.41103429e-02,1.66103429e-02,1.107356,-3.19362106e-02,2.61205403e-03
3.176000,2.40784227e-02,1.65784227e-02,1.105228,-3.19202101e-02,2.60230667e-03
3.177000,2.40465067e-02,1.65465067e-02,1.103100,-3.19160229e-02,2.61652145e-03
3.178000,2.40145942e-02,1.65145942e-02,1.100973,-3.19125232e-02,2.61541999e-03
3.179000,2.39826896e-02,1.64826896e-02,1.098846,-3.19045499e-02,2.62316572e-03
3.180000,2.39507940e-02,1.64507940e-02,1.096720,-3.18955685e-02,2.62236260e-03
3.181000,2.39189099e-02,1.64189099e-02,1.094594,-3.18841854e-02,2.63246772e-03
3.182000,2.38870386e-02,1.63870386e-02,1.092469,-3.18712791e-02,2.63265978e-03
3.183000,2.38551836e-02,1.63551836e-02,1.090346,-3.18550201e-02,2.63764093e-03
3.184000,2.38233457e-02,1.63233457e-02,1.088223,-3.18378172e-02,2.59672720e-03
3.185000,2.37915195e-02,1.62915195e-02,1.086101,-3.18262136e-02,2.60776298e-03
3.186000,2.37596934e-02,1.62596934e-02,1.083980,-3.18260951e-02,2.61916934e-03
3.187000,2.37278731e-02,1.62278731e-02,1.081858,-3.18203351e-02,2.63240349e-03
3.188000,2.36960646e-02,1.61960646e-02,1.079738,-3.18084889e-02,2.60344679e-03
3.189000,2.36642672e-02,1.61642672e-02,1.077618,-3.17974170e-02,2.63765162e-03
3.190000,2.36324774e-02,1.61324774e-02,1.075498,-3.17898062e-02,2.62761513e-03
3.191000,2.36007046e-02,1.61007046e-02,1.073380,-3.17727369e-02,2.64607201e-03
3.192000,2.35689490e-02,1.60689490e-02,1.071263,-3.17556998e-02,2.62096528e-03
3.193000,2.35372119e-02,1.60372119e-02,1.069147,-3.17370410e-02,2.59841624e-03
3.194000,2.35054813e-02,1.60054813e-02,1.067032,-3.17306152e-02,2.62478940e-03
3.195000,2.34737544e-02,1.59737544e-02,1.064917,-3.17269310e-02,2.60881984e-03
3.196000,2.34420370e-02,1.59420370e-02,1.062802,-3.17174096e-02,2.62865065e-03
3.197000,2.34103273e-02,1.59103273e-02,1.060688,-3.17096259e-02,2.61063084e-03
3.198000,2.33786288e-02,1.58786288e-02,1.058575,-3.16985161e-02,2.63842706e-03
3.199000,2.33469404e-02,1.58469404e-02,1.056463,-3.16884088e-02,2.64065692e-03
3.200000,2.33152716e-02,1.58152716e-02,1.054351,-3.16687785e-02,2.63515802e-03
3.201000,2.32836222e-02,1.57836222e-02,1.052241,-3.16493883e-02,2.62287897e-03
3.202000,2.32519883e-02,1.57519883e-02,1.050133,-3.16339754e-02,2.59664993e-03
3.203000,2.32203610e-02,1.57203610e-02,1.048024,-3.16272335e-02,2.61443178e-03
3.204000,2.31887351e-02,1.56887351e-02,1.045916,-3.16259610e-02,2.62253371e-03
3.205000,2.31571176e-02,1.56571176e-02,1.043808,-3.16174160e-02,2.63159330e-03
3.206000,2.31255130e-02,1.56255130e-02,1.041701,-3.16046081e-02,2.61901217e-03
3.207000,2.30939220e-02,1.55939220e-02,1.039595,-3.15910498e-02,2.63340934e-03
3.208000,2.30623429e-02,1.55623429e-02,1.037490,-3.15790772e-02,2.62680699e-03
3.209000,2.30307794e-02,1.55307794e-02,1.035385,-3.15635440e-02,2.64524252e-03
3.210000,2.29992325e-02,1.54992325e-02,1.033282,-3.15469190e-02,2.61729658e-03
3.211000,2.29677033e-02,1.54677033e-02,1.031180,-3.15291814e-02,2.60474096e-03
3.212000,2.29361804e-02,1.54361804e-02,1.029079,-3.15228420e-02,2.62058890e-03
3.213000,2.29046626e-02,1.54046626e-02,1.026978,-3.15178235e-02,2.61921363e-03
3.214000,2.28731548e-02,1.53731548e-02,1.024877,-3.15078436e-02,2.62671028e-03
3.215000,2.28416578e-02,1.53416578e-02,1.022777,-3.14969895e-02,2.62591123e-03
3.216000,2.28101740e-02,1.53101740e-02,1.020678,-3.14838148e-02,2.63225515e-03
3.217000,2.27787042e-02,1.52787042e-02,1.018580,-3.14697807e-02,2.64138031e-03
3.218000,2.27472521e-02,1.52472521e-02,1.016483,-3.14520494e-02,2.63333201e-03
3.219000,2.27158194e-02,1.52158194e-02,1.014388,-3.14327445e-02,2.60977429e-03
3.220000,2.26843991e-02,1.51843991e-02,1.012293,-3.14202487e-02,2.61369592e-03
3.221000,2.26529843e-02,1.51529843e-02,1.010199,-3.14147962e-02,2.61058505e-03
3.222000,2.26215757e-02,1.51215757e-02,1.008105,-3.14086058e-02,2.63695414e-03
3.223000,2.25901770e-02,1.50901770e-02,1.006012,-3.13987740e-02,2.61958937e-03
3.224000,2.25587936e-02,1.50587936e-02,1.003920,-3.13833530e-02,2.63819909e-03
3.225000,2.25274233e-02,1.50274233e-02,1.001828,-3.13703439e-02,2.62415910e-03
3.226000,2.24960696e-02,1.49960696e-02,0.999738,-3.13537060e-02,2.64160751e-03
3.227000,2.24647310e-02,1.49647310e-02,0.997649,-3.13385934e-02,2.63820307e-03
3.228000,2.24334126e-02,1.49334126e-02,0.995561,-3.13183525e-02,2.60404647e-03
3.229000,2.24021073e-02,1.49021073e-02,0.993474,-3.13052699e-02,2.61472864e-03
3.230000,2.23708058e-02,1.48708058e-02,0.991387,-3.13015158e-02,2.62843627e-03
3.231000,2.23395140e-02,1.48395140e-02,0.989301,-3.12918295e-02,2.62721115e-03
3.232000,2.23082361e-02,1.48082361e-02,0.987216,-3.12778581e-02,2.61165287e-03
3.233000,2.22769691e-02,1.47769691e-02,0.985131,-3.12670403e-02,2.63947068e-03
3.234000,2.22457127e-02,1.47457127e-02,0.983048,-3.12564128e-02,2.64130918e-03
3.235000,2.22144764e-02,1.47144764e-02,0.980965,-3.12363244e-02,2.64344128e-03
3.236000,2.21832611e-02,1.46832611e-02,0.978884,-3.12152552e-02,2.62839810e-03
3.237000,2.21520650e-02,1.46520650e-02,0.976804,-3.11961460e-02,2.61092580e-03
3.238000,2.21208799e-02,1.46208799e-02,0.974725,-3.11850669e-02,2.61470318e-03
3.239000,2.20897008e-02,1.45897008e-02,0.972647,-3.11790581e-02,2.61779414e-03
3.240000,2.20585296e-02,1.45585296e-02,0.970569,-3.11712621e-02,2.64126648e-03
3.241000,2.20273713e-02,1.45273713e-02,0.968491,-3.11583001e-02,2.60739418e-03
3.242000,2.19962277e-02,1.44962277e-02,0.966415,-3.11436195e-02,2.64465083e-03
3.243000,2.19650942e-02,1.44650942e-02,0.964340,-3.11334745e-02,2.63307062e-03
3.244000,2.19339810e-02,1.44339810e-02,0.962265,-3.11131418e-02,2.65157550e-03
3.245000,2.19028877e-02,1.44028877e-02,0.960193,-3.10933398e-02,2.62318561e-03
3.246000,2.18718152e-02,1.43718152e-02,0.958121,-3.10724810e-02,2.60925421e-03
3.247000,2.18407518e-02,1.43407518e-02,0.956050,-3.10634094e-02,2.62711636e-03
3.248000,2.18096960e-02,1.43096960e-02,0.953980,-3.10557544e-02,2.61882695e-03
3.249000,2.17786524e-02,1.42786524e-02,0.951910,-3.10436991e-02,2.62892939e-03
3.250000,2.17476198e-02,1.42476198e-02,0.949841,-3.10325796e-02,2.61525453e-03
3.251000,2.17165992e-02,1.42165992e-02,0.947773,-3.10205606e-02,2.64645421e-03
3.252000,2.16855917e-02,1.41855917e-02,0.945706,-3.10075153e-02,2.63998347e-03
3.253000,2.16546063e-02,1.41546063e-02,0.943640,-3.09853679e-02,2.64767182e-03
3.254000,2.16236423e-02,1.41236423e-02,0.941576,-3.09639859e-02,2.63134807e-03
3.255000,2.15926994e-02,1.40926994e-02,0.939513,-3.09429657e-02,2.60617952e-03
3.256000,2.15617676e-02,1.40617676e-02,0.937451,-3.09317572e-02,2.62037131e-03
3.257000,2.15308413e-02,1.40308413e-02,0.935389,-3.09263047e-02,2.62087585e-03
3.258000,2.14999252e-02,1.39999252e-02,0.933328,-3.09161022e-02,2.64310658e-03
3.259000,2.14690234e-02,1.39690234e-02,0.931268,-3.09018028e-02,2.61348415e-03
3.260000,2.14381380e-02,1.39381380e-02,0.929209,-3.08854409e-02,2.64116685e-03
3.261000,2.14072641e-02,1.39072641e-02,0.927151,-3.08739120e-02,2.64240385e-03
3.262000,2.13764110e-02,1.38764110e-02,0.925094,-3.08530730e-02,2.64805306e-03
3.263000,2.13455802e-02,1.38455802e-02,0.923039,-3.08308287e-02,2.62511918e-03
3.264000,2.13147694e-02,1.38147694e-02,0.920985,-3.08107848e-02,2.60834958e-03
3.265000,2.12839681e-02,1.37839681e-02,0.918931,-3.08012382e-02,2.63375724e-03
3.266000,2.12531754e-02,1.37531754e-02,0.916878,-3.07927059e-02,2.61922324e-03
3.267000,2.12223970e-02,1.37223970e-02,0.914826,-3.07783995e-02,2.63455696e-03
3.268000,2.11916309e-02,1.36916309e-02,0.912775,-3.07661548e-02,2.61452877e-03
3.269000,2.11608785e-02,1.36608785e-02,0.910725,-3.07524159e-02,2.64845722e-03
3.270000,2.11301392e-02,1.36301392e-02,0.908676,-3.07392548e-02,2.64375289e-03
3.271000,2.10994234e-02,1.35994234e-02,0.906628,-3.07157829e-02,2.64949203e-03
3.272000,2.10687306e-02,1.35687306e-02,0.904582,-3.06928412e-02,2.63525993e-03
3.273000,2.10380600e-02,1.35380600e-02,0.902537,-3.06705314e-02,2.60823387e-03
3.274000,2.10074024e-02,1.35074024e-02,0.900493,-3.06576748e-02,2.62436489e-03
3.275000,2.09767515e-02,1.34767515e-02,0.898450,-3.06508415e-02,2.62053709e-03
3.276000,2.09461121e-02,1.34461121e-02,0.896407,-3.06393874e-02,2.64552151e-03
3.277000,2.09154874e-02,1.34154874e-02,0.894366,-3.06247722e-02,2.61511056e-03
3.278000,2.08848800e-02,1.33848800e-02,0.892325,-3.06073295e-02,2.64322036e-03
3.279000,2.08542851e-02,1.33542851e-02,0.890286,-3.05949034e-02,2.64325002e-03
3.280000,2.08237119e-02,1.33237119e-02,0.888247,-3.05732403e-02,2.65504847e-03
3.281000,2.07931624e-02,1.32931624e-02,0.886211,-3.05494811e-02,2.62546352e-03
3.282000,2.07626353e-02,1.32626353e-02,0.884176,-3.05270789e-02,2.61835276e-03
3.283000,2.07321197e-02,1.32321197e-02,0.882141,-3.05156502e-02,2.62543304e-03
3.284000,2.07016144e-02,1.32016144e-02,0.880108,-3.05053048e-02,2.63245383e-03
3.285000,2.06711230e-02,1.31711230e-02,0.878075,-3.04913925e-02,2.62857376e-03
3.286000,2.06406471e-02,1.31406471e-02,0.876043,-3.04758607e-02,2.62166333e-03
3.287000,2.06101843e-02,1.31101843e-02,0.874012,-3.04628252e-02,2.64930794e-03
3.288000,2.05797371e-02,1.30797371e-02,0.871982,-3.04471705e-02,2.64673514e-03
3.289000,2.05493142e-02,1.30493142e-02,0.869954,-3.04228919e-02,2.64782796e-03
3.290000,2.05189150e-02,1.30189150e-02,0.867928,-3.03992650e-02,2.63894311e-03
3.291000,2.04885381e-02,1.29885381e-02,0.865903,-3.03768503e-02,2.61614152e-03
3.292000,2.04581767e-02,1.29581767e-02,0.863878,-3.03613858e-02,2.62144412e-03
3.293000,2.04278243e-02,1.29278243e-02,0.861855,-3.03524720e-02,2.63485598e-03
3.294000,2.03974848e-02,1.28974848e-02,0.859832,-3.03394450e-02,2.63683139e-03
3.295000,2.03671632e-02,1.28671632e-02,0.857811,-3.03216640e-02,2.62664952e-03
3.296000,2.03368581e-02,1.28368581e-02,0.855791,-3.03050348e-02,2.64697642e-03
3.297000,2.03065700e-02,1.28065700e-02,0.853771,-3.02881548e-02,2.63948328e-03
3.298000,2.02763040e-02,1.27763040e-02,0.851754,-3.02659243e-02,2.64749170e-03
3.299000,2.02460593e-02,1.27460593e-02,0.849737,-3.02447385e-02,2.63990397e-03
3.300000,2.02158370e-02,1.27158370e-02,0.847722,-3.02222644e-02,2.63035951e-03
3.301000,2.01856331e-02,1.26856331e-02,0.845709,-3.02039700e-02,2.61724650e-03
3.302000,2.01554419e-02,1.26554419e-02,0.843696,-3.01911291e-02,2.63893090e-03
3.303000,2.01252632e-02,1.26252632e-02,0.841684,-3.01787600e-02,2.62659477e-03
3.304000,2.00951017e-02,1.25951017e-02,0.839673,-3.01614510e-02,2.63463577e-03
3.305000,2.00649550e-02,1.25649550e-02,0.837664,-3.01467714e-02,2.64117679e-03
3.306000,2.00348267e-02,1.25348267e-02,0.835655,-3.01282942e-02,2.64293074e-03
3.307000,2.00047193e-02,1.25047193e-02,0.833648,-3.01073588e-02,2.65384042e-03
3.308000,1.99746354e-02,1.24746354e-02,0.831642,-3.00839180e-02,2.64503691e-03
3.309000,1.99445769e-02,1.24445769e-02,0.829638,-3.00584512e-02,2.63252218e-03
3.310000,1.99145388e-02,1.24145388e-02,0.827636,-3.00380887e-02,2.62140029e-03
3.311000,1.98845150e-02,1.23845150e-02,0.825634,-3.00238029e-02,2.62331803e-03
3.312000,1.98545022e-02,1.23545022e-02,0.823633,-3.00128307e-02,2.63522168e-03
3.313000,1.98245031e-02,1.23245031e-02,0.821634,-2.99991235e-02,2.64701882e-03
3.314000,1.97945237e-02,1.22945237e-02,0.819635,-2.99794209e-02,2.63020811e-03
3.315000,1.97645649e-02,1.22645649e-02,0.817638,-2.99588167e-02,2.64472332e-03
3.316000,1.97346237e-02,1.22346237e-02,0.815642,-2.99411665e-02,2.64964329e-03
3.317000,1.97047058e-02,1.22047058e-02,0.813647,-2.99178793e-02,2.65262156e-03
3.318000,1.96748134e-02,1.21748134e-02,0.811654,-2.98924496e-02,2.64165649e-03
3.319000,1.96449454e-02,1.21449454e-02,0.809663,-2.98679808e-02,2.60853601e-03
3.320000,1.96150924e-02,1.21150924e-02,0.807673,-2.98529702e-02,2.64444588e-03
3.321000,1.95852499e-02,1.20852499e-02,0.805683,-2.98424865e-02,2.62854706e-03
3.322000,1.95554269e-02,1.20554269e-02,0.803695,-2.98230210e-02,2.63957470e-03
3.323000,1.95256201e-02,1.20256201e-02,0.801708,-2.98068268e-02,2.62531779e-03
3.324000,1.94958305e-02,1.19958305e-02,0.799722,-2.97895322e-02,2.65491282e-03
3.325000,1.94660589e-02,1.19660589e-02,0.797737,-2.97716861e-02,2.65140498e-03
3.326000,1.94363141e-02,1.19363141e-02,0.795754,-2.97447410e-02,2.65743690e-03
3.327000,1.94065962e-02,1.19065962e-02,0.793773,-2.97178812e-02,2.64143523e-03
3.328000,1.93769044e-02,1.18769044e-02,0.791794,-2.96918701e-02,2.62295508e-03
3.329000,1.93472300e-02,1.18472300e-02,0.789815,-2.96743823e-02,2.62670139e-03
3.330000,1.93175677e-02,1.18175677e-02,0.787838,-2.96623011e-02,2.64062364e-03
3.331000,1.92879212e-02,1.17879212e-02,0.785861,-2.96465275e-02,2.64171898e-03
3.332000,1.92582952e-02,1.17582952e-02,0.783886,-2.96259880e-02,2.63449624e-03
3.333000,1.92286888e-02,1.17286888e-02,0.781913,-2.96063661e-02,2.65200930e-03
3.334000,1.91991028e-02,1.16991028e-02,0.779940,-2.95860191e-02,2.63955654e-03
3.335000,1.91695407e-02,1.16695407e-02,0.777969,-2.95621228e-02,2.65779458e-03
3.336000,1.91400016e-02,1.16400016e-02,0.776000,-2.95390910e-02,2.64657076e-03
3.337000,1.91104895e-02,1.16104895e-02,0.774033,-2.95120543e-02,2.64011380e-03
3.338000,1.90809997e-02,1.15809997e-02,0.772067,-2.94898455e-02,2.62136167e-03
3.339000,1.90515266e-02,1.15515266e-02,0.770102,-2.94730734e-02,2.64354815e-03
3.340000,1.90220681e-02,1.15220681e-02,0.768138,-2.94585363e-02,2.62756241e-03
3.341000,1.89926285e-02,1.14926285e-02,0.766175,-2.94395398e-02,2.64624942e-03
3.342000,1.89632060e-02,1.14632060e-02,0.764214,-2.94224887e-02,2.63988582e-03
3.343000,1.89338056e-02,1.14338056e-02,0.762254,-2.94004257e-02,2.64990073e-03
3.344000,1.89044269e-02,1.14044269e-02,0.760295,-2.93786817e-02,2.66282429e-03
3.345000,1.88750756e-02,1.13750756e-02,0.758338,-2.93513632e-02,2.65010164e-03
3.346000,1.88457535e-02,1.13457535e-02,0.756384,-2.93220503e-02,2.64974621e-03
3.347000,1.88164565e-02,1.13164565e-02,0.754430,-2.92969785e-02,2.62037649e-03
3.348000,1.87871793e-02,1.12871793e-02,0.752479,-2.92772172e-02,2.63826496e-03
3.349000,1.87579154e-02,1.12579154e-02,0.750528,-2.92639380e-02,2.63269169e-03
3.350000,1.87286696e-02,1.12286696e-02,0.748578,-2.92457695e-02,2.65451762e-03
3.351000,1.86994440e-02,1.11994440e-02,0.746630,-2.92255716e-02,2.62456973e-03
3.352000,1.86702405e-02,1.11702405e-02,0.744683,-2.92035018e-02,2.66530682e-03
3.353000,1.86410565e-02,1.11410565e-02,0.742737,-2.91840634e-02,2.64207614e-03
3.354000,1.86119011e-02,1.11119011e-02,0.740793,-2.91553544e-02,2.66199365e-03
3.355000,1.85827704e-02,1.10827704e-02,0.738851,-2.91307525e-02,2.64345507e-03
3.356000,1.85536675e-02,1.10536675e-02,0.736911,-2.91028878e-02,2.64349240e-03
3.357000,1.85245864e-02,1.10245864e-02,0.734972,-2.90811048e-02,2.62731334e-03
3.358000,1.84955242e-02,1.09955242e-02,0.733035,-2.90621706e-02,2.64923155e-03
3.359000,1.84664795e-02,1.09664795e-02,0.731099,-2.90446739e-02,2.62912410e-03
3.360000,1.84374560e-02,1.09374560e-02,0.729164,-2.90235347e-02,2.64713751e-03
3.361000,1.84084502e-02,1.09084502e-02,0.727230,-2.90058136e-02,2.64475416e-03
3.362000,1.83794676e-02,1.08794676e-02,0.725298,-2.89825981e-02,2.65387979e-03
3.363000,1.83505090e-02,1.08505090e-02,0.723367,-2.89585515e-02,2.66392429e-03
3.364000,1.83215793e-02,1.08215793e-02,0.721439,-2.89297317e-02,2.65573198e-03
3.365000,1.82926802e-02,1.07926802e-02,0.719512,-2.88990619e-02,2.65233688e-03
3.366000,1.82638085e-02,1.07638085e-02,0.717587,-2.88716829e-02,2.62572794e-03
3.367000,1.82349584e-02,1.07349584e-02,0.715664,-2.88501245e-02,2.64026729e-03
3.368000,1.82061237e-02,1.07061237e-02,0.713742,-2.88347336e-02,2.63915894e-03
3.369000,1.81773089e-02,1.06773089e-02,0.711821,-2.88147639e-02,2.65295652e-03
3.370000,1.81485162e-02,1.06485162e-02,0.709901,-2.87927182e-02,2.63451141e-03
3.371000,1.81197468e-02,1.06197468e-02,0.707983,-2.87694029e-02,2.66163644e-03
3.372000,1.80909995e-02,1.05909995e-02,0.706067,-2.87473486e-02,2.64445158e-03
3.373000,1.80622800e-02,1.05622800e-02,0.704152,-2.87194249e-02,2.66577094e-03
3.374000,1.80335867e-02,1.05335867e-02,0.702239,-2.86933749e-02,2.65733783e-03
3.375000,1.80049248e-02,1.05049248e-02,0.700328,-2.86618147e-02,2.64754279e-03
3.376000,1.79762901e-02,1.04762901e-02,0.698419,-2.86347561e-02,2.62085660e-03
3.377000,1.79476745e-02,1.04476745e-02,0.696512,-2.86156335e-02,2.65681968e-03
3.378000,1.79190755e-02,1.04190755e-02,0.694605,-2.85989154e-02,2.63890047e-03
3.379000,1.78905020e-02,1.03905020e-02,0.692700,-2.85735553e-02,2.64566327e-03
3.380000,1.78619491e-02,1.03619491e-02,0.690797,-2.85528842e-02,2.63628983e-03
3.381000,1.78334174e-02,1.03334174e-02,0.688894,-2.85316497e-02,2.66618975e-03
3.382000,1.78049092e-02,1.03049092e-02,0.686994,-2.85082061e-02,2.66304657e-03
3.383000,1.77764337e-02,1.02764337e-02,0.685096,-2.84754987e-02,2.65170518e-03
3.384000,1.77479879e-02,1.02479879e-02,0.683199,-2.84458293e-02,2.66589562e-03
3.385000,1.77195705e-02,1.02195705e-02,0.681305,-2.84173750e-02,2.63261928e-03
3.386000,1.76911804e-02,1.01911804e-02,0.679412,-2.83901450e-02,2.64754918e-03
3.387000,1.76628092e-02,1.01628092e-02,0.677521,-2.83712032e-02,2.63262835e-03
3.388000,1.76344592e-02,1.01344592e-02,0.675631,-2.83499969e-02,2.65063433e-03
3.389000,1.76061287e-02,1.01061287e-02,0.673742,-2.83305065e-02,2.65038091e-03
3.390000,1.75778235e-02,1.00778235e-02,0.671855,-2.83051476e-02,2.64921550e-03
3.391000,1.75495435e-02,1.00495435e-02,0.669970,-2.82800780e-02,2.65637923e-03
3.392000,1.75212893e-02,1.00212893e-02,0.668086,-2.82541243e-02,2.66491974e-03
3.393000,1.74930650e-02,9.99306500e-03,0.666204,-2.82243076e-02,2.66398999e-03
3.394000,1.74648732e-02,9.96487320e-03,0.664325,-2.81918505e-02,2.65519122e-03
3.395000,1.74367119e-02,9.93671190e-03,0.662447,-2.81612547e-02,2.62743897e-03
3.396000,1.74085735e-02,9.90857350e-03,0.660572,-2.81384563e-02,2.65150943e-03
3.397000,1.73804530e-02,9.88045300e-03,0.658697,-2.81205155e-02,2.65523866e-03
3.398000,1.73523589e-02,9.85235890e-03,0.656824,-2.80940101e-02,2.63534686e-03
3.399000,1.73242891e-02,9.82428910e-03,0.654953,-2.80697976e-02,2.65016543e-03
3.400000,1.72962396e-02,9.79623960e-03,0.653083,-2.80494975e-02,2.65525904e-03
3.401000,1.72682162e-02,9.76821620e-03,0.651214,-2.80234299e-02,2.66100432e-03
3.402000,1.72402215e-02,9.74022150e-03,0.649348,-2.79946735e-02,2.67083572e-03
3.403000,1.72122593e-02,9.71225930e-03,0.647484,-2.79622917e-02,2.66005031e-03
3.404000,1.71843307e-02,9.68433070e-03,0.645622,-2.79285884e-02,2.66376999e-03
3.405000,1.71564329e-02,9.65643290e-03,0.643762,-2.78977694e-02,2.63144794e-03
3.406000,1.71285614e-02,9.62856140e-03,0.641904,-2.78714446e-02,2.64959191e-03
3.407000,1.71007089e-02,9.60070890e-03,0.640047,-2.78525263e-02,2.64379710e-03
3.408000,1.70728802e-02,9.57288020e-03,0.638192,-2.78286740e-02,2.65594253e-03
3.409000,1.70450757e-02,9.54507570e-03,0.636338,-2.78045770e-02,2.65333318e-03
3.410000,1.70172987e-02,9.51729870e-03,0.634487,-2.77769527e-02,2.65313344e-03
3.411000,1.69895485e-02,9.48954850e-03,0.632637,-2.77502206e-02,2.65932295e-03
3.412000,1.69618260e-02,9.46182600e-03,0.630788,-2.77224597e-02,2.67579291e-03
3.413000,1.69341363e-02,9.43413630e-03,0.628942,-2.76897534e-02,2.65963742e-03
3.414000,1.69064818e-02,9.40648180e-03,0.627099,-2.76544951e-02,2.65909672e-03
3.415000,1.68788572e-02,9.37885720e-03,0.625257,-2.76246381e-02,2.63206016e-03
3.416000,1.68512574e-02,9.35125740e-03,0.623417,-2.75997399e-02,2.65958180e-03
3.417000,1.68236786e-02,9.32367860e-03,0.621579,-2.75788539e-02,2.65096266e-03
3.418000,1.67961281e-02,9.29612810e-03,0.619742,-2.75504536e-02,2.64920173e-03
3.419000,1.67686029e-02,9.26860290e-03,0.617907,-2.75251953e-02,2.64948221e-03
3.420000,1.67411024e-02,9.24110240e-03,0.616073,-2.75004658e-02,2.66017326e-03
3.421000,1.67136287e-02,9.21362870e-03,0.614242,-2.74737536e-02,2.66416679e-03
3.422000,1.66861859e-02,9.18618590e-03,0.612412,-2.74428240e-02,2.67237261e-03
3.423000,1.66587767e-02,9.15877670e-03,0.610585,-2.74091319e-02,2.66930583e-03
3.424000,1.66314034e-02,9.13140340e-03,0.608760,-2.73732871e-02,2.66358552e-03
3.425000,1.66040640e-02,9.10406400e-03,0.606938,-2.73394611e-02,2.63725670e-03
3.426000,1.65767518e-02,9.07675180e-03,0.605117,-2.73121696e-02,2.65716899e-03
3.427000,1.65494618e-02,9.04946180e-03,0.603297,-2.72900037e-02,2.64748557e-03
3.428000,1.65221988e-02,9.02219880e-03,0.601480,-2.72630107e-02,2.65325781e-03
3.429000,1.64949606e-02,8.99496060e-03,0.599664,-2.72381771e-02,2.65842185e-03
3.430000,1.64677501e-02,8.96775010e-03,0.597850,-2.72105347e-02,2.65742161e-03
3.431000,1.64405687e-02,8.94056870e-03,0.596038,-2.71813731e-02,2.66434968e-03
3.432000,1.64134174e-02,8.91341740e-03,0.594228,-2.71513149e-02,2.67451522e-03
3.433000,1.63863002e-02,8.88630020e-03,0.592420,-2.71171838e-02,2.66593040e-03
3.434000,1.63592190e-02,8.85921900e-03,0.590615,-2.70812322e-02,2.66760782e-03
3.435000,1.63321712e-02,8.83217120e-03,0.588811,-2.70478035e-02,2.64884194e-03
3.436000,1.63051540e-02,8.80515400e-03,0.587010,-2.70171423e-02,2.65106830e-03
3.437000,1.62781618e-02,8.77816180e-03,0.585211,-2.69922505e-02,2.66029129e-03
3.438000,1.62511968e-02,8.75119680e-03,0.583413,-2.69649965e-02,2.65299680e-03
3.439000,1.62242608e-02,8.72426080e-03,0.581617,-2.69360035e-02,2.65146429e-03
3.440000,1.61973511e-02,8.69735110e-03,0.579823,-2.69096771e-02,2.65747616e-03
3.441000,1.61704683e-02,8.67046830e-03,0.578031,-2.68827909e-02,2.67695271e-03
3.442000,1.61436178e-02,8.64361780e-03,0.576241,-2.68504860e-02,2.66782360e-03
3.443000,1.61168044e-02,8.61680440e-03,0.574454,-2.68133992e-02,2.67356408e-03
3.444000,1.60900261e-02,8.59002610e-03,0.572668,-2.67782954e-02,2.66981778e-03
3.445000,1.60632842e-02,8.56328420e-03,0.570886,-2.67419688e-02,2.67095561e-03
3.446000,1.60365775e-02,8.53657750e-03,0.569105,-2.67066713e-02,2.63537336e-03
3.447000,1.60099002e-02,8.50990020e-03,0.567327,-2.66772925e-02,2.66086730e-03
3.448000,1.59832451e-02,8.48324510e-03,0.565550,-2.66550911e-02,2.65131398e-03
3.449000,1.59566189e-02,8.45661890e-03,0.563775,-2.66262065e-02,2.67221059e-03
3.450000,1.59300221e-02,8.43002210e-03,0.562001,-2.65967640e-02,2.64715982e-03
3.451000,1.59034573e-02,8.40345730e-03,0.560230,-2.65648887e-02,2.67304146e-03
3.452000,1.58769206e-02,8.37692060e-03,0.558461,-2.65366636e-02,2.66461487e-03
3.453000,1.58504192e-02,8.35041920e-03,0.556695,-2.65014287e-02,2.68117560e-03
3.454000,1.58239531e-02,8.32395310e-03,0.554930,-2.64660327e-02,2.67177438e-03
3.455000,1.57975263e-02,8.29752630e-03,0.553168,-2.64268603e-02,2.66828159e-03
3.456000,1.57711349e-02,8.27113490e-03,0.551409,-2.63913931e-02,2.64212864e-03
3.457000,1.57447732e-02,8.24477320e-03,0.549652,-2.63616979e-02,2.66822340e-03
3.458000,1.57184372e-02,8.21843720e-03,0.547896,-2.63359771e-02,2.65844101e-03
3.459000,1.56921338e-02,8.19213380e-03,0.546142,-2.63034163e-02,2.65620538e-03
3.460000,1.56658593e-02,8.16585930e-03,0.544391,-2.62744636e-02,2.65858997e-03
3.461000,1.56396135e-02,8.13961350e-03,0.542641,-2.62458234e-02,2.66502154e-03
3.462000,1.56133982e-02,8.11339820e-03,0.540893,-2.62152626e-02,2.67910832e-03
3.463000,1.55872181e-02,8.08721810e-03,0.539148,-2.61800986e-02,2.67047582e-03
3.464000,1.55610763e-02,8.06107630e-03,0.537405,-2.61418348e-02,2.68186722e-03
3.465000,1.55349719e-02,8.03497190e-03,0.535665,-2.61043916e-02,2.67451707e-03
3.466000,1.55089074e-02,8.00890740e-03,0.533927,-2.60645072e-02,2.67314459e-03
3.467000,1.54828801e-02,7.98288010e-03,0.532192,-2.60272793e-02,2.64283703e-03
3.468000,1.54568843e-02,7.95688430e-03,0.530459,-2.59958617e-02,2.66623388e-03
3.469000,1.54309140e-02,7.93091400e-03,0.528728,-2.59702601e-02,2.65650969e-03
3.470000,1.54049753e-02,7.90497530e-03,0.526998,-2.59386942e-02,2.66657758e-03
3.471000,1.53790668e-02,7.87906680e-03,0.525271,-2.59085415e-02,2.66249532e-03
3.472000,1.53531910e-02,7.85319100e-03,0.523546,-2.58758043e-02,2.67218394e-03
3.473000,1.53273483e-02,7.82734830e-03,0.521823,-2.58426944e-02,2.67409865e-03
3.474000,1.53015422e-02,7.80154220e-03,0.520103,-2.58060640e-02,2.67888408e-03
3.475000,1.52757742e-02,7.77577420e-03,0.518385,-2.57679586e-02,2.67545672e-03
3.476000,1.52500454e-02,7.75004540e-03,0.516670,-2.57288877e-02,2.67324626e-03
3.477000,1.52243540e-02,7.72435400e-03,0.514957,-2.56913332e-02,2.66638761e-03
3.478000,1.51986983e-02,7.69869830e-03,0.513247,-2.56557176e-02,2.65213700e-03
3.479000,1.51730734e-02,7.67307340e-03,0.511538,-2.56248745e-02,2.67826496e-03
3.480000,1.51474793e-02,7.64747930e-03,0.509832,-2.55940910e-02,2.65515778e-03
3.481000,1.51219205e-02,7.62192050e-03,0.508128,-2.55588131e-02,2.66405510e-03
3.482000,1.50963910e-02,7.59639100e-03,0.506426,-2.55295504e-02,2.66780915e-03
3.483000,1.50708943e-02,7.57089430e-03,0.504726,-2.54967019e-02,2.67371079e-03
3.484000,1.50454327e-02,7.54543270e-03,0.503029,-2.54615769e-02,2.68104364e-03
3.485000,1.50200095e-02,7.52000950e-03,0.501334,-2.54232169e-02,2.68087656e-03
3.486000,1.49946270e-02,7.49462700e-03,0.499642,-2.53824783e-02,2.68255889e-03
3.487000,1.49692855e-02,7.46928550e-03,0.497952,-2.53414971e-02,2.67719905e-03
3.488000,1.49439846e-02,7.44398460e-03,0.496266,-2.53009111e-02,2.66026181e-03
3.489000,1.49187195e-02,7.41871950e-03,0.494581,-2.52650806e-02,2.66636052e-03
3.490000,1.48934858e-02,7.39348580e-03,0.492899,-2.52337341e-02,2.66219377e-03
3.491000,1.48682847e-02,7.36828470e-03,0.491219,-2.52011214e-02,2.66618406e-03
3.492000,1.48431155e-02,7.34311550e-03,0.489541,-2.51691716e-02,2.67032999e-03
3.493000,1.48179803e-02,7.31798030e-03,0.487865,-2.51351781e-02,2.66715456e-03
3.494000,1.47928799e-02,7.29287990e-03,0.486192,-2.51003846e-02,2.67857671e-03
3.495000,1.47678153e-02,7.26781530e-03,0.484521,-2.50646141e-02,2.68056245e-03
3.496000,1.47427906e-02,7.24279060e-03,0.482853,-2.50247412e-02,2.68076363e-03
3.497000,1.47178064e-02,7.21780640e-03,0.481187,-2.49841806e-02,2.68598212e-03
3.498000,1.46928638e-02,7.19286380e-03,0.479524,-2.49426310e-02,2.67482539e-03
3.499000,1.46679624e-02,7.16796240e-03,0.477864,-2.49013406e-02,2.66928940e-03
3.500000,1.46430977e-02,7.14309770e-03,0.476207,-2.48646932e-02,2.65904182e-03
3.501000,1.46182661e-02,7.11826610e-03,0.474551,-2.48316761e-02,2.68184446e-03
3.502000,1.45934681e-02,7.09346810e-03,0.472898,-2.47979921e-02,2.66011776e-03
3.503000,1.45687074e-02,7.06870740e-03,0.471247,-2.47606614e-02,2.67052802e-03
3.504000,1.45439788e-02,7.04397880e-03,0.469599,-2.47286252e-02,2.66962692e-03
3.505000,1.45192854e-02,7.01928540e-03,0.467952,-2.46933294e-02,2.68171549e-03
3.506000,1.44946293e-02,6.99462930e-03,0.466309,-2.46561919e-02,2.68264057e-03
3.507000,1.44700143e-02,6.97001430e-03,0.464668,-2.46149206e-02,2.68906910e-03
3.508000,1.44454421e-02,6.94544210e-03,0.463029,-2.45722088e-02,2.67888766e-03
3.509000,1.44209129e-02,6.92091290e-03,0.461394,-2.45291862e-02,2.68839333e-03
3.510000,1.43964251e-02,6.89642510e-03,0.459762,-2.44878264e-02,2.68177022e-03
3.511000,1.43719806e-02,6.87198060e-03,0.458132,-2.44445160e-02,2.65812099e-03
3.512000,1.43475730e-02,6.84757300e-03,0.456505,-2.44075628e-02,2.67157209e-03
3.513000,1.43231970e-02,6.82319700e-03,0.454880,-2.43759977e-02,2.67009430e-03
3.514000,1.42988568e-02,6.79885680e-03,0.453257,-2.43402764e-02,2.67008740e-03
3.515000,1.42745517e-02,6.77455170e-03,0.451637,-2.43050417e-02,2.67962265e-03
3.516000,1.42502836e-02,6.75028360e-03,0.450019,-2.42681230e-02,2.67352137e-03
3.517000,1.42260544e-02,6.72605440e-03,0.448404,-2.42291517e-02,2.69386953e-03
3.518000,1.42018659e-02,6.70186590e-03,0.446791,-2.41885859e-02,2.67438781e-03
3.519000,1.41777211e-02,6.67772110e-03,0.445181,-2.41447825e-02,2.69422824e-03
3.520000,1.41536172e-02,6.65361720e-03,0.443574,-2.41038686e-02,2.68241666e-03
3.521000,1.41295587e-02,6.62955870e-03,0.441971,-2.40585277e-02,2.68810148e-03
3.522000,1.41055426e-02,6.60554260e-03,0.440370,-2.40160605e-02,2.65703676e-03
3.523000,1.40815654e-02,6.58156540e-03,0.438771,-2.39772197e-02,2.68234018e-03
3.524000,1.40576213e-02,6.55762130e-03,0.437175,-2.39441065e-02,2.67379133e-03
3.525000,1.40337171e-02,6.53371710e-03,0.435581,-2.39041950e-02,2.67862918e-03
3.526000,1.40098509e-02,6.50985090e-03,0.433990,-2.38662356e-02,2.66388804e-03
3.527000,1.39860216e-02,6.48602160e-03,0.432401,-2.38292942e-02,2.68661315e-03
3.528000,1.39622284e-02,6.46222840e-03,0.430815,-2.37931752e-02,2.68132848e-03
3.529000,1.39384779e-02,6.43847790e-03,0.429232,-2.37505276e-02,2.69114398e-03
3.530000,1.39147700e-02,6.41477000e-03,0.427651,-2.37078797e-02,2.69145312e-03
3.531000,1.38911080e-02,6.39110800e-03,0.426074,-2.36619537e-02,2.68457112e-03
3.532000,1.38674909e-02,6.36749090e-03,0.424499,-2.36171431e-02,2.69334654e-03
3.533000,1.38439178e-02,6.34391780e-03,0.422928,-2.35730408e-02,2.69075207e-03
3.534000,1.38203913e-02,6.32039130e-03,0.421359,-2.35265154e-02,2.65915054e-03
3.535000,1.37969049e-02,6.29690490e-03,0.419794,-2.34864303e-02,2.68068762e-03
3.536000,1.37734520e-02,6.27345200e-03,0.418230,-2.34529152e-02,2.66972195e-03
3.537000,1.37500377e-02,6.25003770e-03,0.416669,-2.34142660e-02,2.67727500e-03
3.538000,1.37266598e-02,6.22665980e-03,0.415111,-2.33778825e-02,2.68139957e-03
3.539000,1.37033215e-02,6.20332150e-03,0.413555,-2.33382891e-02,2.67885846e-03
3.540000,1.36800238e-02,6.18002380e-03,0.412002,-2.32977904e-02,2.69798492e-03
3.541000,1.36567690e-02,6.15676900e-03,0.410451,-2.32547440e-02,2.67738867e-03
3.542000,1.36335600e-02,6.13356000e-03,0.408904,-2.32090584e-02,2.70194913e-03
3.543000,1.36103942e-02,6.11039420e-03,0.407360,-2.31657937e-02,2.68953884e-03
3.544000,1.35872775e-02,6.08727750e-03,0.405819,-2.31166576e-02,2.68977060e-03
3.545000,1.35642059e-02,6.06420590e-03,0.404280,-2.30715562e-02,2.68576911e-03
3.546000,1.35411789e-02,6.04117890e-03,0.402745,-2.30270863e-02,2.66936931e-03
3.547000,1.35181920e-02,6.01819200e-03,0.401213,-2.29868307e-02,2.68402885e-03
3.548000,1.34952427e-02,5.99524270e-03,0.399683,-2.29493687e-02,2.68071698e-03
3.549000,1.34723350e-02,5.97233500e-03,0.398156,-2.29076779e-02,2.67035136e-03
3.550000,1.34494661e-02,5.94946610e-03,0.396631,-2.28689078e-02,2.68334014e-03
3.551000,1.34266348e-02,5.92663480e-03,0.395109,-2.28312450e-02,2.68096425e-03
3.552000,1.34038451e-02,5.90384510e-03,0.393590,-2.27897367e-02,2.69766599e-03
3.553000,1.33810990e-02,5.88109900e-03,0.392073,-2.27460551e-02,2.68741486e-03
3.554000,1.33584003e-02,5.85840030e-03,0.390560,-2.26987013e-02,2.70482349e-03
3.555000,1.33357487e-02,5.83574870e-03,0.389050,-2.26516355e-02,2.68511949e-03
3.556000,1.33131464e-02,5.81314640e-03,0.387543,-2.26023369e-02,2.70303833e-03
3.557000,1.32905900e-02,5.79059000e-03,0.386039,-2.25563406e-02,2.68926251e-03
3.558000,1.32680831e-02,5.76808310e-03,0.384539,-2.25068957e-02,2.66598560e-03
3.559000,1.32456170e-02,5.74561700e-03,0.383041,-2.24660912e-02,2.69121978e-03
3.560000,1.32231886e-02,5.72318860e-03,0.381546,-2.24284687e-02,2.67288419e-03
3.561000,1.32008028e-02,5.70080280e-03,0.380054,-2.23858015e-02,2.68679560e-03
3.562000,1.31784561e-02,5.67845610e-03,0.378564,-2.23466958e-02,2.68476880e-03
3.563000,1.31561527e-02,5.65615270e-03,0.377077,-2.23033799e-02,2.68160845e-03
3.564000,1.31338914e-02,5.63389140e-03,0.375593,-2.22612884e-02,2.69494137e-03
3.565000,1.31116735e-02,5.61167350e-03,0.374112,-2.22178771e-02,2.69576771e-03
3.566000,1.30895036e-02,5.58950360e-03,0.372634,-2.21699409e-02,2.69151232e-03
3.567000,1.30673811e-02,5.56738110e-03,0.371159,-2.21224859e-02,2.69877534e-03
3.568000,1.30453060e-02,5.54530600e-03,0.369687,-2.20751440e-02,2.69151808e-03
3.569000,1.30232793e-02,5.52327930e-03,0.368219,-2.20267002e-02,2.70083648e-03
3.570000,1.30013003e-02,5.50130030e-03,0.366753,-2.19789919e-02,2.68355733e-03
3.571000,1.29793690e-02,5.47936900e-03,0.365291,-2.19312790e-02,2.67635578e-03
3.572000,1.29574785e-02,5.45747850e-03,0.363832,-2.18905143e-02,2.69529085e-03
3.573000,1.29356297e-02,5.43562970e-03,0.362375,-2.18487662e-02,2.68005520e-03
3.574000,1.29138262e-02,5.41382620e-03,0.360922,-2.18034938e-02,2.68036984e-03
3.575000,1.28920630e-02,5.39206300e-03,0.359471,-2.17631694e-02,2.68529140e-03
3.576000,1.28703412e-02,5.37034120e-03,0.358023,-2.17218714e-02,2.68760070e-03
3.577000,1.28486626e-02,5.34866260e-03,0.356578,-2.16785486e-02,2.70387934e-03
3.578000,1.28270310e-02,5.32703100e-03,0.355135,-2.16315888e-02,2.69306678e-03
3.579000,1.28054498e-02,5.30544980e-03,0.353697,-2.15811949e-02,2.70557176e-03
3.580000,1.27839177e-02,5.28391770e-03,0.352261,-2.15321406e-02,2.68991603e-03
3.581000,1.27624359e-02,5.26243590e-03,0.350829,-2.14817481e-02,2.70620904e-03
3.582000,1.27410023e-02,5.24100230e-03,0.349400,-2.14336158e-02,2.69751397e-03
3.583000,1.27196207e-02,5.21962070e-03,0.347975,-2.13816704e-02,2.67902882e-03
3.584000,1.26982848e-02,5.19828480e-03,0.346552,-2.13358494e-02,2.69239107e-03
3.585000,1.26769911e-02,5.17699110e-03,0.345133,-2.12937363e-02,2.68250726e-03
3.586000,1.26557421e-02,5.15574210e-03,0.343716,-2.12489826e-02,2.68954028e-03
3.587000,1.26345359e-02,5.13453590e-03,0.342302,-2.12062312e-02,2.68350546e-03
3.588000,1.26133736e-02,5.11337360e-03,0.340892,-2.11622373e-02,2.69400169e-03
3.589000,1.25922553e-02,5.09225530e-03,0.339484,-2.11183691e-02,2.68702825e-03
3.590000,1.25711830e-02,5.07118300e-03,0.338079,-2.10722870e-02,2.70697574e-03
3.591000,1.25501580e-02,5.05015800e-03,0.336677,-2.10249676e-02,2.69347774e-03
3.592000,1.25291845e-02,5.02918450e-03,0.335279,-2.09734842e-02,2.70559010e-03
3.593000,1.25082602e-02,5.00826020e-03,0.333884,-2.09242917e-02,2.69326345e-03
3.594000,1.24873869e-02,4.98738690e-03,0.332492,-2.08733011e-02,2.70647422e-03
3.595000,1.24665629e-02,4.96656290e-03,0.331104,-2.08240227e-02,2.69762026e-03
3.596000,1.24457909e-02,4.94579090e-03,0.329719,-2.07719714e-02,2.68962467e-03
3.597000,1.24250667e-02,4.92506670e-03,0.328338,-2.07242417e-02,2.68134493e-03
3.598000,1.24043861e-02,4.90438610e-03,0.326959,-2.06806021e-02,2.69726395e-03
3.599000,1.23837492e-02,4.88374920e-03,0.325583,-2.06368666e-02,2.68997484e-03
3.600000,1.23631600e-02,4.86316000e-03,0.324211,-2.05891921e-02,2.68325228e-03
3.601000,1.23426149e-02,4.84261490e-03,0.322841,-2.05451002e-02,2.69086550e-03
3.602000,1.23221131e-02,4.82211310e-03,0.321474,-2.05018698e-02,2.69629020e-03
3.603000,1.23016579e-02,4.80165790e-03,0.320111,-2.04551798e-02,2.69952297e-03
3.604000,1.22812517e-02,4.78125170e-03,0.318750,-2.04061366e-02,2.70421441e-03
3.605000,1.22608965e-02,4.76089650e-03,0.317393,-2.03552020e-02,2.70171821e-03
3.606000,1.22405934e-02,4.74059340e-03,0.316040,-2.03031682e-02,2.70376602e-03
3.607000,1.22203418e-02,4.72034180e-03,0.314689,-2.02515920e-02,2.70636308e-03
3.608000,1.22001429e-02,4.70014290e-03,0.313343,-2.01988840e-02,2.70572414e-03
3.609000,1.21799975e-02,4.67999750e-03,0.312000,-2.01454360e-02,2.70125344e-03
3.610000,1.21599045e-02,4.65990450e-03,0.310660,-2.00929886e-02,2.67799677e-03
3.611000,1.21398583e-02,4.63985830e-03,0.309324,-2.00461220e-02,2.70110741e-03
3.612000,1.21198555e-02,4.61985550e-03,0.307990,-2.00028064e-02,2.68852704e-03
3.613000,1.20999014e-02,4.59990140e-03,0.306660,-1.99541256e-02,2.69227766e-03
3.614000,1.20799925e-02,4.57999250e-03,0.305333,-1.99089132e-02,2.68923069e-03
3.615000,1.20601295e-02,4.56012950e-03,0.304009,-1.98630078e-02,2.69929666e-03
3.616000,1.20403132e-02,4.54031320e-03,0.302688,-1.98163231e-02,2.69056881e-03
3.617000,1.20205453e-02,4.52054530e-03,0.301370,-1.97678759e-02,2.71127779e-03
3.618000,1.20008267e-02,4.50082670e-03,0.300055,-1.97186330e-02,2.70397449e-03
3.619000,1.19811628e-02,4.48116280e-03,0.298744,-1.96638804e-02,2.69987939e-03
3.620000,1.19615505e-02,4.46155050e-03,0.297437,-1.96122505e-02,2.70725356e-03
3.621000,1.19419899e-02,4.44198990e-03,0.296133,-1.95606614e-02,2.70770632e-03
3.622000,1.19224833e-02,4.42248330e-03,0.294832,-1.95065705e-02,2.70747621e-03
3.623000,1.19030309e-02,4.40303090e-03,0.293535,-1.94523716e-02,2.69891132e-03
3.624000,1.18836312e-02,4.38363120e-03,0.292242,-1.93997629e-02,2.68082059e-03
3.625000,1.18642780e-02,4.36427800e-03,0.290952,-1.93531662e-02,2.70058092e-03
3.626000,1.18449690e-02,4.34496900e-03,0.289665,-1.93090163e-02,2.70157882e-03
3.627000,1.18257108e-02,4.32571080e-03,0.288381,-1.92582004e-02,2.69072457e-03
3.628000,1.18065018e-02,4.30650180e-03,0.287100,-1.92089762e-02,2.68670232e-03
3.629000,1.17873378e-02,4.28733780e-03,0.285823,-1.91640280e-02,2.69567316e-03
3.630000,1.17682190e-02,4.26821900e-03,0.284548,-1.91188144e-02,2.70317330e-03
3.631000,1.17491496e-02,4.24914960e-03,0.283277,-1.90693283e-02,2.69927628e-03
3.632000,1.17301316e-02,4.23013160e-03,0.282009,-1.90180681e-02,2.71037379e-03
3.633000,1.17111654e-02,4.21116540e-03,0.280744,-1.89661254e-02,2.69614079e-03
3.634000,1.16922524e-02,4.19225240e-03,0.279483,-1.89130550e-02,2.72387781e-03
3.635000,1.16733926e-02,4.17339260e-03,0.278226,-1.88597540e-02,2.69914828e-03
3.636000,1.16545909e-02,4.15459090e-03,0.276973,-1.88017168e-02,2.71008950e-03
3.637000,1.16358410e-02,4.13584100e-03,0.275723,-1.87498664e-02,2.70336727e-03
3.638000,1.16171454e-02,4.11714540e-03,0.274476,-1.86956114e-02,2.70639806e-03
3.639000,1.15985024e-02,4.09850240e-03,0.273233,-1.86430282e-02,2.68811874e-03
3.640000,1.15799097e-02,4.07990970e-03,0.271994,-1.85926821e-02,2.70343808e-03
3.641000,1.15613641e-02,4.06136410e-03,0.270758,-1.85456302e-02,2.69263141e-03
3.642000,1.15428686e-02,4.04286860e-03,0.269525,-1.84954582e-02,2.69253777e-03
3.643000,1.15244198e-02,4.02441980e-03,0.268295,-1.84488518e-02,2.69781737e-03
3.644000,1.15060184e-02,4.00601840e-03,0.267068,-1.84013425e-02,2.70116767e-03
3.645000,1.14876669e-02,3.98766690e-03,0.265844,-1.83515069e-02,2.69603645e-03
3.646000,1.14693655e-02,3.96936550e-03,0.264624,-1.83014784e-02,2.71114153e-03
3.647000,1.14511150e-02,3.95111500e-03,0.263408,-1.82504639e-02,2.71110482e-03
3.648000,1.14329205e-02,3.93292050e-03,0.262195,-1.81944951e-02,2.69348112e-03
3.649000,1.14147788e-02,3.91477880e-03,0.260985,-1.81416550e-02,2.72339559e-03
3.650000,1.13966895e-02,3.89668950e-03,0.259779,-1.80893127e-02,2.69897309e-03
3.651000,1.13786581e-02,3.87865810e-03,0.258577,-1.80314649e-02,2.70967750e-03
3.652000,1.13606783e-02,3.86067830e-03,0.257379,-1.79797449e-02,2.70224468e-03
3.653000,1.13427525e-02,3.84275250e-03,0.256184,-1.79258237e-02,2.71174826e-03
3.654000,1.13248798e-02,3.82487980e-03,0.254992,-1.78726631e-02,2.68329782e-03
3.655000,1.13070584e-02,3.80705840e-03,0.253804,-1.78214124e-02,2.70701714e-03
3.656000,1.12892831e-02,3.78928310e-03,0.252619,-1.77753108e-02,2.70053939e-03
3.657000,1.12715605e-02,3.77156050e-03,0.251437,-1.77225649e-02,2.69671712e-03
3.658000,1.12538879e-02,3.75388790e-03,0.250259,-1.76726224e-02,2.69115158e-03
3.659000,1.12362630e-02,3.73626300e-03,0.249084,-1.76249193e-02,2.70480393e-03
3.660000,1.12186864e-02,3.71868640e-03,0.247912,-1.75766298e-02,2.69889739e-03
3.661000,1.12011615e-02,3.70116150e-03,0.246744,-1.75249012e-02,2.70491135e-03
3.662000,1.11836874e-02,3.68368740e-03,0.245579,-1.74740489e-02,2.71038952e-03
3.663000,1.11662672e-02,3.66626720e-03,0.244418,-1.74202527e-02,2.70787034e-03
3.664000,1.11489021e-02,3.64890210e-03,0.243260,-1.73651029e-02,2.71265227e-03
3.665000,1.11315921e-02,3.63159210e-03,0.242106,-1.73099348e-02,2.70927182e-03
3.666000,1.11143383e-02,3.61433830e-03,0.240956,-1.72537940e-02,2.71376035e-03
3.667000,1.10971404e-02,3.59714040e-03,0.239809,-1.71979697e-02,2.70553593e-03
3.668000,1.10799982e-02,3.57999820e-03,0.238667,-1.71421257e-02,2.70788938e-03
3.669000,1.10629097e-02,3.56290970e-03,0.237527,-1.70885666e-02,2.70979209e-03
3.670000,1.10458758e-02,3.54587580e-03,0.236392,-1.70338980e-02,2.69125210e-03
3.671000,1.10288939e-02,3.52889390e-03,0.235260,-1.69818832e-02,2.70733932e-03
3.672000,1.10119608e-02,3.51196080e-03,0.234131,-1.69331123e-02,2.69479643e-03
3.673000,1.09950795e-02,3.49507950e-03,0.233005,-1.68812762e-02,2.69722353e-03
3.674000,1.09782464e-02,3.47824640e-03,0.231883,-1.68331302e-02,2.69888805e-03
3.675000,1.09614625e-02,3.46146250e-03,0.230764,-1.67838927e-02,2.70634871e-03
3.676000,1.09447297e-02,3.44472970e-03,0.229649,-1.67327892e-02,2.69863060e-03
3.677000,1.09280491e-02,3.42804910e-03,0.228537,-1.66806005e-02,2.69920924e-03
3.678000,1.09114183e-02,3.41141830e-03,0.227428,-1.66308441e-02,2.71585903e-03
3.679000,1.08948403e-02,3.39484030e-03,0.226323,-1.65779533e-02,2.71628824e-03
3.680000,1.08783208e-02,3.37832080e-03,0.225221,-1.65195187e-02,2.69330764e-03
3.681000,1.08618558e-02,3.36185580e-03,0.224124,-1.64650069e-02,2.72580750e-03
3.682000,1.08454435e-02,3.34544350e-03,0.223030,-1.64122951e-02,2.70080798e-03
3.683000,1.08290901e-02,3.32909010e-03,0.221939,-1.63533307e-02,2.71625273e-03
3.684000,1.08127903e-02,3.31279030e-03,0.220853,-1.62998453e-02,2.70860919e-03
3.685000,1.07965477e-02,3.29654770e-03,0.219770,-1.62426392e-02,2.70703465e-03
3.686000,1.07803594e-02,3.28035940e-03,0.218691,-1.61882219e-02,2.69695442e-03
3.687000,1.07642233e-02,3.26422330e-03,0.217615,-1.61361043e-02,2.70214981e-03
3.688000,1.07481370e-02,3.24813700e-03,0.216542,-1.60863784e-02,2.70609191e-03
3.689000,1.07321027e-02,3.23210270e-03,0.215474,-1.60342491e-02,2.69849100e-03
3.690000,1.07161205e-02,3.21612050e-03,0.214408,-1.59821693e-02,2.69550336e-03
3.691000,1.07001874e-02,3.20018740e-03,0.213346,-1.59331142e-02,2.70047100e-03
3.692000,1.06843033e-02,3.18430330e-03,0.212287,-1.58841617e-02,2.70614588e-03
3.693000,1.06684707e-02,3.16847070e-03,0.211231,-1.58325742e-02,2.69623380e-03
3.694000,1.06526898e-02,3.15268980e-03,0.210179,-1.57808759e-02,2.70374421e-03
3.695000,1.06369587e-02,3.13695870e-03,0.209131,-1.57311047e-02,2.71200505e-03
3.696000,1.06212813e-02,3.12128130e-03,0.208085,-1.56774062e-02,2.71287740e-03
3.697000,1.06056605e-02,3.10566050e-03,0.207044,-1.56208404e-02,2.70159114e-03
3.698000,1.05900945e-02,3.09009450e-03,0.206006,-1.55659839e-02,2.71857129e-03
3.699000,1.05745826e-02,3.07458260e-03,0.204972,-1.55118313e-02,2.71260127e-03
3.700000,1.05591295e-02,3.05912950e-03,0.203942,-1.54531579e-02,2.71122486e-03
3.701000,1.05437328e-02,3.04373280e-03,0.202916,-1.53966885e-02,2.70624853e-03
3.702000,1.05283913e-02,3.02839130e-03,0.201893,-1.53415512e-02,2.70844269e-03
3.703000,1.05131036e-02,3.01310360e-03,0.200874,-1.52876601e-02,2.71266346e-03
3.704000,1.04978713e-02,2.99787130e-03,0.199858,-1.52323021e-02,2.69819287e-03
3.705000,1.04826932e-02,2.98269320e-03,0.198846,-1.51781168e-02,2.70691960e-03
3.706000,1.04675660e-02,2.96756600e-03,0.197838,-1.51271407e-02,2.69953210e-03
3.707000,1.04524914e-02,2.95249140e-03,0.196833,-1.50746050e-02,2.69805608e-03
3.708000,1.04374667e-02,2.93746670e-03,0.195831,-1.50247565e-02,2.69547279e-03
3.709000,1.04224908e-02,2.92249080e-03,0.194833,-1.49758496e-02,2.70432171e-03
3.710000,1.04075646e-02,2.90756460e-03,0.193838,-1.49262262e-02,2.70445602e-03
3.711000,1.03926909e-02,2.89269090e-03,0.192846,-1.48736729e-02,2.69709061e-03
3.712000,1.03778685e-02,2.87786850e-03,0.191858,-1.48223781e-02,2.69912698e-03
3.713000,1.03630954e-02,2.86309540e-03,0.190873,-1.47731420e-02,2.72039636e-03
3.714000,1.03483759e-02,2.84837590e-03,0.189892,-1.47194759e-02,2.70900708e-03
3.715000,1.03337151e-02,2.83371510e-03,0.188914,-1.46608387e-02,2.70678905e-03
3.716000,1.03191088e-02,2.81910880e-03,0.187941,-1.46063341e-02,2.70157556e-03
3.717000,1.03045553e-02,2.80455530e-03,0.186970,-1.45534799e-02,2.72447902e-03
3.718000,1.02900570e-02,2.79005700e-03,0.186004,-1.44982877e-02,2.70232436e-03
3.719000,1.02756175e-02,2.77561750e-03,0.185041,-1.44394915e-02,2.70867954e-03
3.720000,1.02612306e-02,2.76123060e-03,0.184082,-1.43868473e-02,2.70543314e-03
3.721000,1.02468980e-02,2.74689800e-03,0.183127,-1.43326901e-02,2.70956755e-03
3.722000,1.02326191e-02,2.73261910e-03,0.182175,-1.42788679e-02,2.71220859e-03
3.723000,1.02183959e-02,2.71839590e-03,0.181226,-1.42232209e-02,2.69058790e-03
3.724000,1.02042253e-02,2.70422530e-03,0.180282,-1.41705299e-02,2.70590899e-03
3.725000,1.01901031e-02,2.69010310e-03,0.179340,-1.41222300e-02,2.70236174e-03
3.726000,1.01760336e-02,2.67603360e-03,0.178402,-1.40695259e-02,2.70053089e-03
3.727000,1.01620153e-02,2.66201530e-03,0.177468,-1.40183104e-02,2.69227268e-03
3.728000,1.01480461e-02,2.64804610e-03,0.176536,-1.39691566e-02,2.70120648e-03
3.729000,1.01341250e-02,2.63412500e-03,0.175608,-1.39211351e-02,2.70623873e-03
3.730000,1.01202557e-02,2.62025570e-03,0.174684,-1.38692897e-02,2.69061033e-03
3.731000,1.01064371e-02,2.60643710e-03,0.173762,-1.38185553e-02,2.70285654e-03
3.732000,1.00926663e-02,2.59266630e-03,0.172844,-1.37707879e-02,2.70717599e-03
3.733000,1.00789481e-02,2.57894810e-03,0.171930,-1.37182348e-02,2.71077303e-03
3.734000,1.00652845e-02,2.56528450e-03,0.171019,-1.36636271e-02,2.70938029e-03
3.735000,1.00516764e-02,2.55167640e-03,0.170112,-1.36080843e-02,2.70029682e-03
3.736000,1.00381218e-02,2.53812180e-03,0.169208,-1.35546053e-02,2.71657862e-03
3.737000,1.00246206e-02,2.52462060e-03,0.168308,-1.35012301e-02,2.71309896e-03
3.738000,1.00111774e-02,2.51117740e-03,0.167412,-1.34431231e-02,2.70726042e-03
3.739000,9.99779025e-03,2.49779025e-03,0.166519,-1.33871913e-02,2.70189179e-03
3.740000,9.98445612e-03,2.48445612e-03,0.165630,-1.33341264e-02,2.70962190e-03
3.741000,9.97117467e-03,2.47117467e-03,0.164745,-1.32814577e-02,2.70415576e-03
3.742000,9.95794745e-03,2.45794745e-03,0.163863,-1.32272169e-02,2.71351702e-03
3.743000,9.94477433e-03,2.44477433e-03,0.162985,-1.31731158e-02,2.69576578e-03
3.744000,9.93165525e-03,2.43165525e-03,0.162110,-1.31190794e-02,2.70222894e-03
3.745000,9.91858552e-03,2.41858552e-03,0.161239,-1.30697299e-02,2.69666124e-03
3.746000,9.90556628e-03,2.40556628e-03,0.160371,-1.30192424e-02,2.69927970e-03
3.747000,9.89259616e-03,2.39259616e-03,0.159506,-1.29701203e-02,2.69517823e-03
3.748000,9.87967530e-03,2.37967530e-03,0.158645,-1.29208636e-02,2.69556795e-03
3.749000,9.86680241e-03,2.36680241e-03,0.157787,-1.28728849e-02,2.69968412e-03
3.750000,9.85397836e-03,2.35397836e-03,0.156932,-1.28240504e-02,2.70041064e-03
3.751000,9.84120463e-03,2.34120463e-03,0.156080,-1.27737356e-02,2.69652300e-03
3.752000,9.82848076e-03,2.32848076e-03,0.155232,-1.27238697e-02,2.69550698e-03
3.753000,9.81580530e-03,2.31580530e-03,0.154387,-1.26754602e-02,2.70639636e-03
3.754000,9.80317984e-03,2.30317984e-03,0.153545,-1.26254587e-02,2.70688099e-03
3.755000,9.79060804e-03,2.29060804e-03,0.152707,-1.25717952e-02,2.71186438e-03
3.756000,9.77809095e-03,2.27809095e-03,0.151873,-1.25170914e-02,2.69931649e-03
3.757000,9.76562798e-03,2.26562798e-03,0.151042,-1.24629699e-02,2.70180372e-03
3.758000,9.75321545e-03,2.25321545e-03,0.150214,-1.24125294e-02,2.71459358e-03
3.759000,9.74085644e-03,2.24085644e-03,0.149390,-1.23590104e-02,2.70488976e-03
3.760000,9.72855343e-03,2.22855343e-03,0.148570,-1.23030070e-02,2.70170746e-03
3.761000,9.71630268e-03,2.21630268e-03,0.147754,-1.22507533e-02,2.70068757e-03
3.762000,9.70410296e-03,2.20410296e-03,0.146940,-1.21997250e-02,2.70859131e-03
3.763000,9.69195532e-03,2.19195532e-03,0.146130,-1.21476340e-02,2.70014873e-03
3.764000,9.67986088e-03,2.17986088e-03,0.145324,-1.20944402e-02,2.71002125e-03
3.765000,9.66781861e-03,2.16781861e-03,0.144521,-1.20422733e-02,2.68989971e-03
3.766000,9.65582819e-03,2.15582819e-03,0.143722,-1.19904223e-02,2.69687970e-03
3.767000,9.64388424e-03,2.14388424e-03,0.142926,-1.19439453e-02,2.69877335e-03
3.768000,9.63198940e-03,2.13198940e-03,0.142133,-1.18948410e-02,2.70104128e-03
3.769000,9.62014469e-03,2.12014469e-03,0.141343,-1.18447138e-02,2.69058389e-03
3.770000,9.60834900e-03,2.10834900e-03,0.140557,-1.17956910e-02,2.68995063e-03
3.771000,9.59659878e-03,2.09659878e-03,0.139773,-1.17502146e-02,2.69382815e-03
3.772000,9.58489452e-03,2.08489452e-03,0.138993,-1.17042604e-02,2.70267196e-03
3.773000,9.57323905e-03,2.07323905e-03,0.138216,-1.16554689e-02,2.69371984e-03
3.774000,9.56163370e-03,2.06163370e-03,0.137442,-1.16053560e-02,2.69088482e-03
3.775000,9.55007501e-03,2.05007501e-03,0.136672,-1.15586845e-02,2.69228872e-03
3.776000,9.53856232e-03,2.03856232e-03,0.135904,-1.15126958e-02,2.70591262e-03
3.777000,9.52709848e-03,2.02709848e-03,0.135140,-1.14638367e-02,2.70054999e-03
3.778000,9.51568703e-03,2.01568703e-03,0.134379,-1.14114518e-02,2.70127350e-03
3.779000,9.50432633e-03,2.00432633e-03,0.133622,-1.13607000e-02,2.70484239e-03
3.780000,9.49301725e-03,1.99301725e-03,0.132868,-1.13090795e-02,2.69468297e-03
3.781000,9.48175916e-03,1.98175916e-03,0.132117,-1.12580835e-02,2.71273239e-03
3.782000,9.47055193e-03,1.97055193e-03,0.131370,-1.12072322e-02,2.70271444e-03
3.783000,9.45939971e-03,1.95939971e-03,0.130627,-1.11522247e-02,2.69839130e-03
3.784000,9.44829844e-03,1.94829844e-03,0.129887,-1.11012718e-02,2.69646568e-03
3.785000,9.43724636e-03,1.93724636e-03,0.129150,-1.10520792e-02,2.70342740e-03
3.786000,9.42624407e-03,1.92624407e-03,0.128416,-1.10022878e-02,2.69877610e-03
3.787000,9.41529304e-03,1.91529304e-03,0.127686,-1.09510327e-02,2.69554536e-03
3.788000,9.40439116e-03,1.90439116e-03,0.126959,-1.09018765e-02,2.69688930e-03
3.789000,9.39353762e-03,1.89353762e-03,0.126236,-1.08535436e-02,2.70033748e-03
3.790000,9.38273346e-03,1.88273346e-03,0.125516,-1.08041596e-02,2.69185514e-03
3.791000,9.37197831e-03,1.87197831e-03,0.124799,-1.07551431e-02,2.69911967e-03
3.792000,9.36127069e-03,1.86127069e-03,0.124085,-1.07076278e-02,2.68737139e-03
3.793000,9.35061088e-03,1.85061088e-03,0.123374,-1.06598042e-02,2.68863312e-03
3.794000,9.33999527e-03,1.83999527e-03,0.122666,-1.06156158e-02,2.69107521e-03
3.795000,9.32942468e-03,1.82942468e-03,0.121962,-1.05705811e-02,2.68699220e-03
3.796000,9.31889922e-03,1.81889922e-03,0.121260,-1.05254665e-02,2.68954343e-03
3.797000,9.30841798e-03,1.80841798e-03,0.120561,-1.04812416e-02,2.69285999e-03
3.798000,9.29798238e-03,1.79798238e-03,0.119865,-1.04355924e-02,2.69048228e-03
3.799000,9.28759311e-03,1.78759311e-03,0.119173,-1.03892745e-02,2.68769972e-03
3.800000,9.27724888e-03,1.77724888e-03,0.118483,-1.03442295e-02,2.68957768e-03
3.801000,9.26694911e-03,1.76694911e-03,0.117797,-1.02997662e-02,2.69802092e-03
3.802000,9.25669592e-03,1.75669592e-03,0.117113,-1.02531931e-02,2.70116253e-03
3.803000,9.24649263e-03,1.74649263e-03,0.116433,-1.02032915e-02,2.69451395e-03
3.804000,9.23633909e-03,1.73633909e-03,0.115756,-1.01535339e-02,2.69758249e-03
3.805000,9.22623368e-03,1.72623368e-03,0.115082,-1.01054172e-02,2.69743817e-03
3.806000,9.21617736e-03,1.71617736e-03,0.114412,-1.00563182e-02,2.69282714e-03
3.807000,9.20616928e-03,1.70616928e-03,0.113745,-1.00080821e-02,2.70007682e-03
3.808000,9.19620920e-03,1.69620920e-03,0.113081,-9.96007821e-03,2.69734051e-03
3.809000,9.18629902e-03,1.68629902e-03,0.112420,-9.91017734e-03,2.69506712e-03
3.810000,9.17643744e-03,1.67643744e-03,0.111762,-9.86157714e-03,2.69180132e-03
3.811000,9.16662314e-03,1.66662314e-03,0.111108,-9.81430108e-03,2.68960118e-03
3.812000,9.15685466e-03,1.65685466e-03,0.110457,-9.76848662e-03,2.69399017e-03
3.813000,9.14713204e-03,1.64713204e-03,0.109809,-9.72261858e-03,2.69678946e-03
3.814000,9.13745722e-03,1.63745722e-03,0.109164,-9.67481411e-03,2.68943881e-03
3.815000,9.12782983e-03,1.62782983e-03,0.108522,-9.62739018e-03,2.69288125e-03
3.816000,9.11824806e-03,1.61824806e-03,0.107883,-9.58177157e-03,2.69158814e-03
3.817000,9.10871281e-03,1.60871281e-03,0.107248,-9.53525107e-03,2.68586698e-03
3.818000,9.09922264e-03,1.59922264e-03,0.106615,-9.49016698e-03,2.68787206e-03
3.819000,9.08977604e-03,1.58977604e-03,0.105985,-9.44660723e-03,2.69042624e-03
3.820000,9.08037410e-03,1.58037410e-03,0.105358,-9.40193730e-03,2.68653342e-03
3.821000,9.07101698e-03,1.57101698e-03,0.104734,-9.35711694e-03,2.67880101e-03
3.822000,9.06170204e-03,1.56170204e-03,0.104113,-9.31494243e-03,2.68573133e-03
3.823000,9.05242796e-03,1.55242796e-03,0.103495,-9.27408181e-03,2.67955017e-03
3.824000,9.04319592e-03,1.54319592e-03,0.102880,-9.23203824e-03,2.68478763e-03
3.825000,9.03400482e-03,1.53400482e-03,0.102267,-9.19109847e-03,2.69083077e-03
3.826000,9.02485745e-03,1.52485745e-03,0.101657,-9.14736997e-03,2.68477513e-03
3.827000,9.01575472e-03,1.51575472e-03,0.101050,-9.10272769e-03,2.67748368e-03
3.828000,9.00669336e-03,1.50669336e-03,0.100446,-9.06136359e-03,2.68408883e-03
3.829000,8.99767213e-03,1.49767213e-03,0.099845,-9.02122605e-03,2.68467851e-03
3.830000,8.98869332e-03,1.48869332e-03,0.099246,-8.97881501e-03,2.69077471e-03
3.831000,8.97975819e-03,1.47975819e-03,0.098651,-8.93513227e-03,2.68646801e-03
3.832000,8.97086798e-03,1.47086798e-03,0.098058,-8.89020903e-03,2.68832215e-03
3.833000,8.96202161e-03,1.46202161e-03,0.097468,-8.84637230e-03,2.68704552e-03
3.834000,8.95321945e-03,1.45321945e-03,0.096881,-8.80215239e-03,2.69533184e-03
3.835000,8.94446257e-03,1.44446257e-03,0.096298,-8.75688641e-03,2.68247381e-03
3.836000,8.93575139e-03,1.43575139e-03,0.095717,-8.71117287e-03,2.68466558e-03
3.837000,8.92708210e-03,1.42708210e-03,0.095139,-8.66929451e-03,2.69436793e-03
3.838000,8.91845712e-03,1.41845712e-03,0.094564,-8.62498059e-03,2.69200707e-03
3.839000,8.90987922e-03,1.40987922e-03,0.093992,-8.57789777e-03,2.68510792e-03
3.840000,8.90134641e-03,1.40134641e-03,0.093423,-8.53281032e-03,2.68397941e-03
3.841000,8.89285622e-03,1.39285622e-03,0.092857,-8.49018823e-03,2.68017777e-03
3.842000,8.88440761e-03,1.38440761e-03,0.092294,-8.44860903e-03,2.69019162e-03
3.843000,8.87600111e-03,1.37600111e-03,0.091733,-8.40650751e-03,2.68217959e-03
3.844000,8.86763857e-03,1.36763857e-03,0.091176,-8.36253413e-03,2.68335393e-03
3.845000,8.85931759e-03,1.35931759e-03,0.090621,-8.32098435e-03,2.68191820e-03
3.846000,8.85103829e-03,1.35103829e-03,0.090069,-8.27930279e-03,2.68386641e-03
3.847000,8.84280054e-03,1.34280054e-03,0.089520,-8.23774823e-03,2.68878216e-03
3.848000,8.83460585e-03,1.33460585e-03,0.088974,-8.19468455e-03,2.67985972e-03
3.849000,8.82645427e-03,1.32645427e-03,0.088430,-8.15158430e-03,2.67758737e-03
3.850000,8.81834245e-03,1.31834245e-03,0.087889,-8.11181615e-03,2.68424656e-03
3.851000,8.81027084e-03,1.31027084e-03,0.087351,-8.07161667e-03,2.67678579e-03
3.852000,8.80224029e-03,1.30224029e-03,0.086816,-8.03054957e-03,2.67559141e-03
3.853000,8.79424814e-03,1.29424814e-03,0.086283,-7.99214391e-03,2.67321589e-03
3.854000,8.78629359e-03,1.28629359e-03,0.085753,-7.95455059e-03,2.67561728e-03
3.855000,8.77837628e-03,1.27837628e-03,0.085225,-7.91731276e-03,2.67000748e-03
3.856000,8.77049600e-03,1.27049600e-03,0.084700,-7.88027831e-03,2.67785453e-03
3.857000,8.76265230e-03,1.26265230e-03,0.084177,-7.84369854e-03,2.67527981e-03
3.858000,8.75484730e-03,1.25484730e-03,0.083656,-7.80499699e-03,2.67778886e-03
3.859000,8.74708061e-03,1.24708061e-03,0.083139,-7.76669733e-03,2.67386410e-03
3.860000,8.73935234e-03,1.23935234e-03,0.082623,-7.72826770e-03,2.67504716e-03
3.861000,8.73166142e-03,1.23166142e-03,0.082111,-7.69091781e-03,2.67343591e-03
3.862000,8.72400796e-03,1.22400796e-03,0.081601,-7.65346432e-03,2.67389770e-03
3.863000,8.71639150e-03,1.21639150e-03,0.081093,-7.61645832e-03,2.67638298e-03
3.864000,8.70881264e-03,1.20881264e-03,0.080588,-7.57886118e-03,2.68493838e-03
3.865000,8.70127370e-03,1.20127370e-03,0.080085,-7.53893490e-03,2.68260484e-03
3.866000,8.69377709e-03,1.19377709e-03,0.079585,-7.49661156e-03,2.67656437e-03
3.867000,8.68632097e-03,1.18632097e-03,0.079088,-7.45612278e-03,2.68219603e-03
3.868000,8.67890435e-03,1.17890435e-03,0.078594,-7.41662188e-03,2.68435729e-03
3.869000,8.67152946e-03,1.17152946e-03,0.078102,-7.37488927e-03,2.68047102e-03
3.870000,8.66419632e-03,1.16419632e-03,0.077613,-7.33313411e-03,2.67594778e-03
3.871000,8.65690287e-03,1.15690287e-03,0.077127,-7.29345514e-03,2.67729952e-03
3.872000,8.64964785e-03,1.14964785e-03,0.076643,-7.25502264e-03,2.68641822e-03
3.873000,8.64243331e-03,1.14243331e-03,0.076162,-7.21453366e-03,2.67740752e-03
3.874000,8.63526067e-03,1.13526067e-03,0.075684,-7.17264341e-03,2.67560598e-03
3.875000,8.62812664e-03,1.12812664e-03,0.075208,-7.13403099e-03,2.67599734e-03
3.876000,8.62103070e-03,1.12103070e-03,0.074735,-7.09594101e-03,2.67418551e-03
3.877000,8.61397265e-03,1.11397265e-03,0.074265,-7.05804291e-03,2.66905476e-03
3.878000,8.60695101e-03,1.10695101e-03,0.073797,-7.02164715e-03,2.67685967e-03
3.879000,8.59996545e-03,1.09996545e-03,0.073331,-6.98555620e-03,2.67271498e-03
3.880000,8.59301782e-03,1.09301782e-03,0.072868,-6.94763494e-03,2.67270200e-03
3.881000,8.58610674e-03,1.08610674e-03,0.072407,-6.91107716e-03,2.67333095e-03
3.882000,8.57923233e-03,1.07923233e-03,0.071949,-6.87441241e-03,2.67648765e-03
3.883000,8.57239534e-03,1.07239534e-03,0.071493,-6.83698288e-03,2.67438184e-03
3.884000,8.56559645e-03,1.06559645e-03,0.071040,-6.79888903e-03,2.67375458e-03
3.885000,8.55883486e-03,1.05883486e-03,0.070589,-6.76159768e-03,2.66978174e-03
3.886000,8.55210964e-03,1.05210964e-03,0.070141,-6.72521489e-03,2.66862398e-03
3.887000,8.54541930e-03,1.04541930e-03,0.069695,-6.69034158e-03,2.66847868e-03
3.888000,8.53876343e-03,1.03876343e-03,0.069251,-6.65587419e-03,2.67431636e-03
3.889000,8.53214300e-03,1.03214300e-03,0.068810,-6.62042219e-03,2.66528912e-03
3.890000,8.52555835e-03,1.02555835e-03,0.068371,-6.58464937e-03,2.66420409e-03
3.891000,8.51900632e-03,1.01900632e-03,0.067934,-6.55203310e-03,2.66294302e-03
3.892000,8.51248632e-03,1.01248632e-03,0.067499,-6.51999619e-03,2.66771140e-03
3.893000,8.50599879e-03,1.00599879e-03,0.067067,-6.48753019e-03,2.66338644e-03
3.894000,8.49954453e-03,9.99544530e-04,0.066636,-6.45426301e-03,2.66012657e-03
3.895000,8.49312154e-03,9.93121540e-04,0.066208,-6.42299268e-03,2.66163414e-03
3.896000,8.48672901e-03,9.86729010e-04,0.065782,-6.39252634e-03,2.66884699e-03
3.897000,8.48036872e-03,9.80368720e-04,0.065358,-6.36028939e-03,2.66940315e-03
3.898000,8.47404314e-03,9.74043140e-04,0.064936,-6.32558527e-03,2.66379866e-03
3.899000,8.46775145e-03,9.67751450e-04,0.064517,-6.29168959e-03,2.66359552e-03
3.900000,8.46149178e-03,9.61491780e-04,0.064099,-6.25967044e-03,2.66457666e-03
3.901000,8.45526423e-03,9.55264230e-04,0.063684,-6.22754449e-03,2.66504179e-03
3.902000,8.44906922e-03,9.49069220e-04,0.063271,-6.19501408e-03,2.66342366e-03
3.903000,8.44290660e-03,9.42906600e-04,0.062860,-6.16261705e-03,2.66190314e-03
3.904000,8.43677558e-03,9.36775580e-04,0.062452,-6.13102033e-03,2.66447942e-03
3.905000,8.43067611e-03,9.30676110e-04,0.062045,-6.09946739e-03,2.67118230e-03
3.906000,8.42461023e-03,9.24610230e-04,0.061641,-6.06588302e-03,2.66613151e-03
3.907000,8.41857924e-03,9.18579240e-04,0.061239,-6.03099051e-03,2.66560361e-03
3.908000,8.41258139e-03,9.12581390e-04,0.060839,-5.99785010e-03,2.66475843e-03
3.909000,8.40661636e-03,9.06616360e-04,0.060441,-5.96503252e-03,2.66875562e-03
3.910000,8.40068457e-03,9.00684570e-04,0.060046,-5.93178566e-03,2.66986298e-03
3.911000,8.39478754e-03,8.94787540e-04,0.059653,-5.89703024e-03,2.66463751e-03
3.912000,8.38892471e-03,8.88924710e-04,0.059262,-5.86283521e-03,2.66252552e-03
3.913000,8.38309398e-03,8.83093980e-04,0.058873,-5.83072978e-03,2.66185220e-03
3.914000,8.37729454e-03,8.77294540e-04,0.058486,-5.79943704e-03,2.66329792e-03
3.915000,8.37152643e-03,8.71526430e-04,0.058102,-5.76810976e-03,2.66876579e-03
3.916000,8.36579109e-03,8.65791090e-04,0.057719,-5.73534075e-03,2.66483008e-03
3.917000,8.36008962e-03,8.60089620e-04,0.057339,-5.70147200e-03,2.66472127e-03
3.918000,8.35442070e-03,8.54420700e-04,0.056961,-5.66891503e-03,2.65997779e-03
3.919000,8.34878347e-03,8.48783470e-04,0.056586,-5.63723263e-03,2.66281641e-03
3.920000,8.34317686e-03,8.43176860e-04,0.056212,-5.60660609e-03,2.65686953e-03
3.921000,8.33760077e-03,8.37600770e-04,0.055840,-5.57609893e-03,2.65638044e-03
3.922000,8.33205313e-03,8.32053130e-04,0.055470,-5.54763132e-03,2.65801569e-03
3.923000,8.32653410e-03,8.26534100e-04,0.055102,-5.51903515e-03,2.66183763e-03
3.924000,8.32104487e-03,8.21044870e-04,0.054736,-5.48922607e-03,2.65765079e-03
3.925000,8.31558597e-03,8.15585970e-04,0.054372,-5.45890221e-03,2.65548258e-03
3.926000,8.31015563e-03,8.10155630e-04,0.054010,-5.43033679e-03,2.65845398e-03
3.927000,8.30475368e-03,8.04753680e-04,0.053650,-5.40195798e-03,2.65422084e-03
3.928000,8.29938032e-03,7.99380320e-04,0.053292,-5.37335191e-03,2.66440731e-03
3.929000,8.29403599e-03,7.94035990e-04,0.052936,-5.34433470e-03,2.65797817e-03
3.930000,8.28872288e-03,7.88722880e-04,0.052582,-5.31310902e-03,2.66601314e-03
3.931000,8.28344031e-03,7.83440310e-04,0.052229,-5.28257388e-03,2.65914918e-03
3.932000,8.27818969e-03,7.78189690e-04,0.051879,-5.25061374e-03,2.65779100e-03
3.933000,8.27296854e-03,7.72968540e-04,0.051531,-5.22114801e-03,2.65668961e-03
3.934000,8.26777622e-03,7.67776220e-04,0.051185,-5.19232309e-03,2.65698488e-03
3.935000,8.26261241e-03,7.62612410e-04,0.050841,-5.16380768e-03,2.65999089e-03
3.936000,8.25747775e-03,7.57477750e-04,0.050499,-5.13466371e-03,2.65299093e-03
3.937000,8.25237198e-03,7.52371980e-04,0.050158,-5.10577039e-03,2.64959507e-03
3.938000,8.24729220e-03,7.47292200e-04,0.049819,-5.07977648e-03,2.65263052e-03
3.939000,8.24223784e-03,7.42237840e-04,0.049483,-5.05436103e-03,2.65150094e-03
3.940000,8.23720969e-03,7.37209690e-04,0.049147,-5.02814845e-03,2.64892509e-03
3.941000,8.23220693e-03,7.32206930e-04,0.048814,-5.00276236e-03,2.64807638e-03
3.942000,8.22722856e-03,7.27228560e-04,0.048482,-4.97837229e-03,2.65078745e-03
3.943000,8.22227478e-03,7.22274780e-04,0.048152,-4.95378154e-03,2.65034114e-03
3.944000,8.21734640e-03,7.17346400e-04,0.047823,-4.92837934e-03,2.65206383e-03
3.945000,8.21244358e-03,7.12443580e-04,0.047496,-4.90281909e-03,2.65249709e-03
3.946000,8.20756696e-03,7.07566960e-04,0.047171,-4.87661647e-03,2.65260529e-03
3.947000,8.20271671e-03,7.02716710e-04,0.046848,-4.85025242e-03,2.65518078e-03
3.948000,8.19789331e-03,6.97893310e-04,0.046526,-4.82339739e-03,2.65293403e-03
3.949000,8.19309722e-03,6.93097220e-04,0.046206,-4.79609384e-03,2.65149410e-03
3.950000,8.18832744e-03,6.88327440e-04,0.045888,-4.76978280e-03,2.65399257e-03
3.951000,8.18358393e-03,6.83583930e-04,0.045572,-4.74350282e-03,2.65701417e-03
3.952000,8.17886807e-03,6.78868070e-04,0.045258,-4.71586797e-03,2.65292704e-03
3.953000,8.17418010e-03,6.74180100e-04,0.044945,-4.68796355e-03,2.64969293e-03
3.954000,8.16951813e-03,6.69518130e-04,0.044635,-4.66197332e-03,2.65248362e-03
3.955000,8.16488158e-03,6.64881580e-04,0.044325,-4.63655171e-03,2.65380862e-03
3.956000,8.16027160e-03,6.60271600e-04,0.044018,-4.60997929e-03,2.65325029e-03
3.957000,8.15568853e-03,6.55688530e-04,0.043713,-4.58307045e-03,2.65739348e-03
3.958000,8.15113291e-03,6.51132910e-04,0.043409,-4.55561231e-03,2.65462028e-03
3.959000,8.14660563e-03,6.46605630e-04,0.043107,-4.52728388e-03,2.65519362e-03
3.960000,8.14210587e-03,6.42105870e-04,0.042807,-4.49976483e-03,2.65669316e-03
3.961000,8.13763407e-03,6.37634070e-04,0.042509,-4.47179230e-03,2.65386533e-03
3.962000,8.13319025e-03,6.33190250e-04,0.042213,-4.44382737e-03,2.65562010e-03
3.963000,8.12877377e-03,6.28773770e-04,0.041918,-4.41648084e-03,2.65773964e-03
3.964000,8.12438558e-03,6.24385580e-04,0.041626,-4.38818319e-03,2.65519030e-03
3.965000,8.12002594e-03,6.20025940e-04,0.041335,-4.35964028e-03,2.65695387e-03
3.966000,8.11569432e-03,6.15694320e-04,0.041046,-4.33162274e-03,2.65435866e-03
3.967000,8.11139083e-03,6.11390830e-04,0.040759,-4.30348496e-03,2.65215377e-03
3.968000,8.10711425e-03,6.07114250e-04,0.040474,-4.27658939e-03,2.65090510e-03
3.969000,8.10286361e-03,6.02863610e-04,0.040191,-4.25063875e-03,2.65016201e-03
3.970000,8.09863838e-03,5.98638380e-04,0.039909,-4.22522960e-03,2.64895679e-03
3.971000,8.09443810e-03,5.94438100e-04,0.039629,-4.20027762e-03,2.65123385e-03
3.972000,8.09026278e-03,5.90262780e-04,0.039351,-4.17531878e-03,2.65138662e-03
3.973000,8.08611320e-03,5.86113200e-04,0.039074,-4.14958511e-03,2.64874515e-03
3.974000,8.08198893e-03,5.81988930e-04,0.038799,-4.12426838e-03,2.64804616e-03
3.975000,8.07788898e-03,5.77888980e-04,0.038526,-4.09994275e-03,2.64920102e-03
3.976000,8.07381334e-03,5.73813340e-04,0.038254,-4.07564246e-03,2.64698517e-03
3.977000,8.06976199e-03,5.69761990e-04,0.037984,-4.05135474e-03,2.64340581e-03
3.978000,8.06573356e-03,5.65733560e-04,0.037716,-4.02842772e-03,2.64420020e-03
3.979000,8.06172702e-03,5.61727020e-04,0.037448,-4.00653573e-03,2.64247120e-03
3.980000,8.05774233e-03,5.57742330e-04,0.037183,-3.98468860e-03,2.64281892e-03
3.981000,8.05377899e-03,5.53778990e-04,0.036919,-3.96334782e-03,2.64503441e-03
3.982000,8.04983749e-03,5.49837490e-04,0.036656,-3.94150105e-03,2.64669217e-03
3.983000,8.04591885e-03,5.45918850e-04,0.036395,-3.91863352e-03,2.64497630e-03
3.984000,8.04202333e-03,5.42023330e-04,0.036135,-3.89552500e-03,2.64438129e-03
3.985000,8.03815024e-03,5.38150240e-04,0.035877,-3.87308522e-03,2.64282331e-03
3.986000,8.03429913e-03,5.34299130e-04,0.035620,-3.85111635e-03,2.64888111e-03
3.987000,8.03047054e-03,5.30470540e-04,0.035365,-3.82858789e-03,2.64658755e-03
3.988000,8.02666606e-03,5.26666060e-04,0.035111,-3.80447556e-03,2.64295267e-03
3.989000,8.02288430e-03,5.22884300e-04,0.034859,-3.78175925e-03,2.64665303e-03
3.990000,8.01912472e-03,5.19124720e-04,0.034608,-3.75958232e-03,2.64872416e-03
3.991000,8.01538890e-03,5.15388900e-04,0.034359,-3.73582388e-03,2.64461912e-03
3.992000,8.01167679e-03,5.11676790e-04,0.034112,-3.71211118e-03,2.64908787e-03
3.993000,8.00798783e-03,5.07987830e-04,0.033866,-3.68895639e-03,2.64539202e-03
3.994000,8.00432284e-03,5.04322840e-04,0.033622,-3.66498757e-03,2.64236348e-03
3.995000,8.00068007e-03,5.00680070e-04,0.033379,-3.64276808e-03,2.64208102e-03
3.996000,7.99705848e-03,4.97058480e-04,0.033137,-3.62159316e-03,2.63878093e-03
3.997000,7.99345739e-03,4.93457390e-04,0.032897,-3.60109459e-03,2.63985234e-03
3.998000,7.98987590e-03,4.89875900e-04,0.032658,-3.58149034e-03,2.63990749e-03
3.999000,7.98631437e-03,4.86314370e-04,0.032421,-3.56152448e-03,2.64324048e-03
4.000000,7.98277342e-03,4.82773420e-04,0.032185,-3.54095111e-03,2.63939011e-03
4.001000,7.97925346e-03,4.79253460e-04,0.031950,-3.51996403e-03,2.63743460e-03
4.002000,7.97575287e-03,4.75752870e-04,0.031717,-3.50058727e-03,2.63525461e-03
4.003000,7.97227063e-03,4.72270630e-04,0.031485,-3.48223824e-03,2.63653075e-03
4.004000,7.96880625e-03,4.68806250e-04,0.031254,-3.46437948e-03,2.63737336e-03
4.005000,7.96536030e-03,4.65360300e-04,0.031024,-3.44595261e-03,2.63274232e-03
4.006000,7.96193223e-03,4.61932230e-04,0.030795,-3.42806797e-03,2.63304215e-03
4.007000,7.95852058e-03,4.58520580e-04,0.030568,-3.41165120e-03,2.63462319e-03
4.008000,7.95512572e-03,4.55125720e-04,0.030342,-3.39485638e-03,2.63566503e-03
4.009000,7.95174836e-03,4.51748360e-04,0.030117,-3.37735808e-03,2.63345598e-03
4.010000,7.94838846e-03,4.48388460e-04,0.029893,-3.35990827e-03,2.63315117e-03
4.011000,7.94504522e-03,4.45045220e-04,0.029670,-3.34323785e-03,2.63346713e-03
4.012000,7.94171861e-03,4.41718610e-04,0.029448,-3.32661166e-03,2.63386947e-03
4.013000,7.93840880e-03,4.38408800e-04,0.029227,-3.30981055e-03,2.63294436e-03
4.014000,7.93511576e-03,4.35115760e-04,0.029008,-3.29304091e-03,2.63348582e-03
4.015000,7.93183928e-03,4.31839280e-04,0.028789,-3.27647933e-03,2.64001013e-03
4.016000,7.92858069e-03,4.28580690e-04,0.028572,-3.25858618e-03,2.63937003e-03
4.017000,7.92534203e-03,4.25342030e-04,0.028356,-3.23866354e-03,2.63916138e-03
4.018000,7.92212304e-03,4.22123040e-04,0.028142,-3.21898802e-03,2.63907384e-03
4.019000,7.91892364e-03,4.18923640e-04,0.027928,-3.19939650e-03,2.63735262e-03
4.020000,7.91574350e-03,4.15743500e-04,0.027716,-3.18013811e-03,2.63996735e-03
4.021000,7.91258252e-03,4.12582520e-04,0.027506,-3.16098261e-03,2.63915727e-03
4.022000,7.90944141e-03,4.09441410e-04,0.027296,-3.14111165e-03,2.63670601e-03
4.023000,7.90631947e-03,4.06319470e-04,0.027088,-3.12194021e-03,2.63821295e-03
4.024000,7.90321616e-03,4.03216160e-04,0.026881,-3.10330731e-03,2.63663598e-03
4.025000,7.90013170e-03,4.00131700e-04,0.026675,-3.08445838e-03,2.63477813e-03
4.026000,7.89706525e-03,3.97065250e-04,0.026471,-3.06645589e-03,2.63329701e-03
4.027000,7.89401592e-03,3.94015920e-04,0.026268,-3.04932547e-03,2.63415192e-03
4.028000,7.89098339e-03,3.90983390e-04,0.026066,-3.03253028e-03,2.63370874e-03
4.029000,7.88796786e-03,3.87967860e-04,0.025865,-3.01553271e-03,2.63322418e-03
4.030000,7.88496909e-03,3.84969090e-04,0.025665,-2.99876637e-03,2.63316948e-03
4.031000,7.88198692e-03,3.81986920e-04,0.025466,-2.98216883e-03,2.63218927e-03
4.032000,7.87902116e-03,3.79021160e-04,0.025268,-2.96576260e-03,2.63232827e-03
4.033000,7.87607151e-03,3.76071510e-04,0.025071,-2.94965371e-03,2.63495142e-03
4.034000,7.87313847e-03,3.73138470e-04,0.024876,-2.93303529e-03,2.63479034e-03
4.035000,7.87022289e-03,3.70222890e-04,0.024682,-2.91558388e-03,2.63319724e-03
4.036000,7.86732442e-03,3.67324420e-04,0.024488,-2.89846709e-03,2.63323189e-03
4.037000,7.86444255e-03,3.64442550e-04,0.024296,-2.88186737e-03,2.63367531e-03
4.038000,7.86157738e-03,3.61577380e-04,0.024105,-2.86517785e-03,2.63191874e-03
4.039000,7.85872872e-03,3.58728720e-04,0.023915,-2.84865335e-03,2.63075288e-03
4.040000,7.85589581e-03,3.55895810e-04,0.023726,-2.83291189e-03,2.63319134e-03
4.041000,7.85307869e-03,3.53078690e-04,0.023539,-2.81712210e-03,2.63393316e-03
4.042000,7.85027829e-03,3.50278290e-04,0.023352,-2.80040031e-03,2.63237397e-03
4.043000,7.84749458e-03,3.47494580e-04,0.023166,-2.78371062e-03,2.63121623e-03
4.044000,7.84472684e-03,3.44726840e-04,0.022982,-2.76773772e-03,2.63312296e-03
4.045000,7.84197503e-03,3.41975030e-04,0.022798,-2.75180785e-03,2.63324168e-03
4.046000,7.83923980e-03,3.39239800e-04,0.022616,-2.73523080e-03,2.63134469e-03
4.047000,7.83652085e-03,3.36520850e-04,0.022435,-2.71895021e-03,2.62894242e-03
4.048000,7.83381713e-03,3.33817130e-04,0.022254,-2.70371744e-03,2.62773569e-03
4.049000,7.83112765e-03,3.31127650e-04,0.022075,-2.68948701e-03,2.62796022e-03
4.050000,7.82845203e-03,3.28452030e-04,0.021897,-2.67561318e-03,2.62625855e-03
4.051000,7.82579007e-03,3.25790070e-04,0.021719,-2.66196653e-03,2.62563734e-03
4.052000,7.82314108e-03,3.23141080e-04,0.021543,-2.64898859e-03,2.62565451e-03
4.053000,7.82050487e-03,3.20504870e-04,0.021367,-2.63621163e-03,2.62481507e-03
4.054000,7.81788129e-03,3.17881290e-04,0.021192,-2.62357748e-03,2.62763773e-03
4.055000,7.81527057e-03,3.15270570e-04,0.021018,-2.61071985e-03,2.63101226e-03
4.056000,7.81267423e-03,3.12674230e-04,0.020845,-2.59633848e-03,2.63052240e-03
4.057000,7.81009330e-03,3.10093300e-04,0.020673,-2.58093548e-03,2.62828783e-03
4.058000,7.80752721e-03,3.07527210e-04,0.020502,-2.56608852e-03,2.62718582e-03
4.059000,7.80497504e-03,3.04975040e-04,0.020332,-2.55217030e-03,2.62939684e-03
4.060000,7.80243681e-03,3.02436810e-04,0.020162,-2.53822300e-03,2.62738864e-03
4.061000,7.79991291e-03,2.99912910e-04,0.019994,-2.52390471e-03,2.62909445e-03
4.062000,7.79740297e-03,2.97402970e-04,0.019827,-2.50994428e-03,2.62826152e-03
4.063000,7.79490739e-03,2.94907390e-04,0.019660,-2.49557093e-03,2.62509883e-03
4.064000,7.79242536e-03,2.92425360e-04,0.019495,-2.48203041e-03,2.62426101e-03
4.065000,7.78995569e-03,2.89955690e-04,0.019330,-2.46967673e-03,2.62458058e-03
4.066000,7.78749815e-03,2.87498150e-04,0.019167,-2.45754169e-03,2.62453620e-03
4.067000,7.78505284e-03,2.85052840e-04,0.019004,-2.44530954e-03,2.62368440e-03
4.068000,7.78261959e-03,2.82619590e-04,0.018841,-2.43324261e-03,2.62299039e-03
4.069000,7.78019802e-03,2.80198020e-04,0.018680,-2.42157814e-03,2.62302595e-03
4.070000,7.77778788e-03,2.77787880e-04,0.018519,-2.41013531e-03,2.62364620e-03
4.071000,7.77538931e-03,2.75389310e-04,0.018359,-2.39857111e-03,2.62736541e-03
4.072000,7.77300316e-03,2.73003160e-04,0.018200,-2.38614552e-03,2.62868268e-03
4.073000,7.77063090e-03,2.70630900e-04,0.018042,-2.37226554e-03,2.62501140e-03
4.074000,7.76827230e-03,2.68272300e-04,0.017885,-2.35860217e-03,2.62455069e-03
4.075000,7.76592607e-03,2.65926070e-04,0.017728,-2.34622597e-03,2.62450756e-03
4.076000,7.76359206e-03,2.63592060e-04,0.017573,-2.33400870e-03,2.62455471e-03
4.077000,7.76127026e-03,2.61270260e-04,0.017418,-2.32179727e-03,2.62317027e-03
4.078000,7.75896045e-03,2.58960450e-04,0.017264,-2.30981517e-03,2.62610760e-03
4.079000,7.75666268e-03,2.56662680e-04,0.017111,-2.29776830e-03,2.62308601e-03
4.080000,7.75437739e-03,2.54377390e-04,0.016958,-2.28529111e-03,2.62280744e-03
4.081000,7.75210353e-03,2.52103530e-04,0.016807,-2.27385552e-03,2.62141309e-03
4.082000,7.74984078e-03,2.49840780e-04,0.016656,-2.26275798e-03,2.62236715e-03
4.083000,7.74758883e-03,2.47588830e-04,0.016506,-2.25194966e-03,2.62713695e-03
4.084000,7.74534884e-03,2.45348840e-04,0.016357,-2.23998453e-03,2.62589025e-03
4.085000,7.74312217e-03,2.43122170e-04,0.016208,-2.22667338e-03,2.62561130e-03
4.086000,7.74090835e-03,2.40908350e-04,0.016061,-2.21382100e-03,2.62490357e-03
4.087000,7.73870716e-03,2.38707160e-04,0.015914,-2.20118539e-03,2.62633108e-03
4.088000,7.73651863e-03,2.36518630e-04,0.015768,-2.18852977e-03,2.62825248e-03
4.089000,7.73434357e-03,2.34343570e-04,0.015623,-2.17506555e-03,2.62993123e-03
4.090000,7.73218289e-03,2.32182890e-04,0.015479,-2.16067344e-03,2.62990129e-03
4.091000,7.73003716e-03,2.30037160e-04,0.015336,-2.14573531e-03,2.62579596e-03
4.092000,7.72790562e-03,2.27905620e-04,0.015194,-2.13153299e-03,2.62578808e-03
4.093000,7.72578694e-03,2.25786940e-04,0.015052,-2.11868031e-03,2.62586753e-03
4.094000,7.72368113e-03,2.23681130e-04,0.014912,-2.10581617e-03,2.62533531e-03
4.095000,7.72158811e-03,2.21588110e-04,0.014773,-2.09302006e-03,2.62406527e-03
4.096000,7.71950748e-03,2.19507480e-04,0.014634,-2.08062333e-03,2.62057493e-03
4.097000,7.71743822e-03,2.17438220e-04,0.014496,-2.06926093e-03,2.62249716e-03
4.098000,7.71537952e-03,2.15379520e-04,0.014359,-2.05870488e-03,2.62259784e-03
4.099000,7.71333202e-03,2.13332020e-04,0.014222,-2.04749974e-03,2.62178999e-03
4.100000,7.71129561e-03,2.11295610e-04,0.014086,-2.03640439e-03,2.62071835e-03
4.101000,7.70926985e-03,2.09269850e-04,0.013951,-2.02576386e-03,2.62172064e-03
4.102000,7.70725455e-03,2.07254550e-04,0.013817,-2.01529804e-03,2.62079613e-03
4.103000,7.70524989e-03,2.05249890e-04,0.013683,-2.00466653e-03,2.61953015e-03
4.104000,7.70325532e-03,2.03255320e-04,0.013550,-1.99456252e-03,2.61945804e-03
4.105000,7.70127044e-03,2.01270440e-04,0.013418,-1.98488702e-03,2.61833804e-03
4.106000,7.69929500e-03,1.99295000e-04,0.013286,-1.97543327e-03,2.61853337e-03
4.107000,7.69732869e-03,1.97328690e-04,0.013155,-1.96631281e-03,2.61658819e-03
4.108000,7.69537122e-03,1.95371220e-04,0.013025,-1.95747217e-03,2.61674046e-03
4.109000,7.69342197e-03,1.93421970e-04,0.012895,-1.94924344e-03,2.61638108e-03
4.110000,7.69148095e-03,1.91480950e-04,0.012765,-1.94102825e-03,2.62004796e-03
4.111000,7.68954866e-03,1.89548660e-04,0.012637,-1.93228264e-03,2.61738550e-03
4.112000,7.68762586e-03,1.87625860e-04,0.012508,-1.92280359e-03,2.61578084e-03
4.113000,7.68571138e-03,1.85711380e-04,0.012381,-1.91448271e-03,2.61654923e-03
4.114000,7.68380482e-03,1.83804820e-04,0.012254,-1.90655293e-03,2.61667110e-03
4.115000,7.68190648e-03,1.81906480e-04,0.012127,-1.89834926e-03,2.61787624e-03
4.116000,7.68001658e-03,1.80016580e-04,0.012001,-1.88989245e-03,2.61763324e-03
4.117000,7.67813550e-03,1.78135500e-04,0.011876,-1.88108282e-03,2.61703688e-03
4.118000,7.67626304e-03,1.76263040e-04,0.011751,-1.87245846e-03,2.61767224e-03
4.119000,7.67439912e-03,1.74399120e-04,0.011627,-1.86391759e-03,2.61915840e-03
4.120000,7.67254422e-03,1.72544220e-04,0.011503,-1.85490525e-03,2.61995525e-03
4.121000,7.67069895e-03,1.70698950e-04,0.011380,-1.84526392e-03,2.62027098e-03
4.122000,7.66886365e-03,1.68863650e-04,0.011258,-1.83530505e-03,2.61829340e-03
4.123000,7.66703806e-03,1.67038060e-04,0.011136,-1.82559221e-03,2.62084769e-03
4.124000,7.66522198e-03,1.65221980e-04,0.011015,-1.81607714e-03,2.62198851e-03
4.125000,7.66341646e-03,1.63416460e-04,0.010894,-1.80552146e-03,2.62124898e-03
4.126000,7.66162174e-03,1.61621740e-04,0.010775,-1.79472190e-03,2.62116074e-03
4.127000,7.65983756e-03,1.59837560e-04,0.010656,-1.78418082e-03,2.62070542e-03
4.128000,7.65806381e-03,1.58063810e-04,0.010538,-1.77374923e-03,2.62113685e-03
4.129000,7.65630042e-03,1.56300420e-04,0.010420,-1.76339088e-03,2.62224889e-03
4.130000,7.65454772e-03,1.54547720e-04,0.010303,-1.75269419e-03,2.62196293e-03
4.131000,7.65280604e-03,1.52806040e-04,0.010187,-1.74168286e-03,2.62220399e-03
4.132000,7.65107532e-03,1.51075320e-04,0.010072,-1.73072282e-03,2.62223512e-03
4.133000,7.64935564e-03,1.49355640e-04,0.009957,-1.71967810e-03,2.62278985e-03
4.134000,7.64764711e-03,1.47647110e-04,0.009843,-1.70852506e-03,2.62269710e-03
4.135000,7.64594991e-03,1.45949910e-04,0.009730,-1.69720624e-03,2.62430599e-03
4.136000,7.64426427e-03,1.44264270e-04,0.009618,-1.68563337e-03,2.62277543e-03
4.137000,7.64259047e-03,1.42590470e-04,0.009506,-1.67380278e-03,2.62247863e-03
4.138000,7.64092794e-03,1.40927940e-04,0.009395,-1.66252733e-03,2.62244784e-03
4.139000,7.63927659e-03,1.39276590e-04,0.009285,-1.65135480e-03,2.62216535e-03
4.140000,7.63763635e-03,1.37636350e-04,0.009176,-1.64024234e-03,2.62117926e-03
4.141000,7.63600695e-03,1.36006950e-04,0.009067,-1.62939703e-03,2.62102076e-03
4.142000,7.63438805e-03,1.34388050e-04,0.008959,-1.61890359e-03,2.62393977e-03
4.143000,7.63278010e-03,1.32780100e-04,0.008852,-1.60794602e-03,2.62224241e-03
4.144000,7.63118377e-03,1.31183770e-04,0.008746,-1.59632996e-03,2.62031246e-03
4.145000,7.62959816e-03,1.29598160e-04,0.008640,-1.58561262e-03,2.62205883e-03
4.146000,7.62802294e-03,1.28022940e-04,0.008535,-1.57522029e-03,2.62115630e-03
4.147000,7.62645852e-03,1.26458520e-04,0.008431,-1.56441402e-03,2.62036199e-03
4.148000,7.62490448e-03,1.24904480e-04,0.008327,-1.55404462e-03,2.61942869e-03
4.149000,7.62336038e-03,1.23360380e-04,0.008224,-1.54410113e-03,2.61961645e-03
4.150000,7.62182595e-03,1.21825950e-04,0.008122,-1.53443094e-03,2.61801024e-03
4.151000,7.62030096e-03,1.20300960e-04,0.008020,-1.52498314e-03,2.61710356e-03
4.152000,7.61878474e-03,1.18784740e-04,0.007919,-1.51622317e-03,2.61870941e-03
4.153000,7.61727726e-03,1.17277260e-04,0.007818,-1.50747699e-03,2.61777853e-03
4.154000,7.61577889e-03,1.15778890e-04,0.007719,-1.49836804e-03,2.61817775e-03
4.155000,7.61428940e-03,1.14289400e-04,0.007619,-1.48949422e-03,2.61646559e-03
4.156000,7.61280861e-03,1.12808610e-04,0.007521,-1.48079205e-03,2.61757602e-03
4.157000,7.61133615e-03,1.11336150e-04,0.007422,-1.47245583e-03,2.61873142e-03
4.158000,7.60987260e-03,1.09872600e-04,0.007325,-1.46355059e-03,2.61721998e-03
4.159000,7.60841807e-03,1.08418070e-04,0.007228,-1.45453319e-03,2.61723610e-03
4.160000,7.60697206e-03,1.06972060e-04,0.007131,-1.44600932e-03,2.61757216e-03
4.161000,7.60553464e-03,1.05534640e-04,0.007036,-1.43742072e-03,2.61793901e-03
4.162000,7.60410598e-03,1.04105980e-04,0.006940,-1.42865689e-03,2.61818184e-03
4.163000,7.60268625e-03,1.02686250e-04,0.006846,-1.41972963e-03,2.61750781e-03
4.164000,7.60127541e-03,1.01275410e-04,0.006752,-1.41084182e-03,2.61769170e-03
4.165000,7.59987327e-03,9.98732700e-05,0.006658,-1.40214285e-03,2.61841066e-03
4.166000,7.59848001e-03,9.84800100e-05,0.006565,-1.39325635e-03,2.61721423e-03
4.167000,7.59709567e-03,9.70956700e-05,0.006473,-1.38434530e-03,2.61796930e-03
4.168000,7.59571997e-03,9.57199700e-05,0.006381,-1.37569366e-03,2.61711914e-03
4.169000,7.59435303e-03,9.43530300e-05,0.006290,-1.36694438e-03,2.61657872e-03
4.170000,7.59299446e-03,9.29944600e-05,0.006200,-1.35856988e-03,2.61743988e-03
4.171000,7.59164424e-03,9.16442400e-05,0.006110,-1.35022057e-03,2.61718061e-03
4.172000,7.59030260e-03,9.03026000e-05,0.006020,-1.34163429e-03,2.61860169e-03
4.173000,7.58896972e-03,8.89697200e-05,0.005931,-1.33288186e-03,2.61800051e-03
4.174000,7.58764595e-03,8.76459500e-05,0.005843,-1.32376903e-03,2.61715918e-03
4.175000,7.58633095e-03,8.63309500e-05,0.005755,-1.31500243e-03,2.61751203e-03
4.176000,7.58502450e-03,8.50245000e-05,0.005668,-1.30644973e-03,2.61980111e-03
4.177000,7.58372712e-03,8.37271200e-05,0.005582,-1.29737634e-03,2.61840461e-03
4.178000,7.58243933e-03,8.24393300e-05,0.005496,-1.28779815e-03,2.61743232e-03
4.179000,7.58116048e-03,8.11604800e-05,0.005411,-1.27885053e-03,2.61681068e-03
4.180000,7.57989014e-03,7.98901400e-05,0.005326,-1.27033215e-03,2.61790065e-03
4.181000,7.57862832e-03,7.86283200e-05,0.005242,-1.26182518e-03,2.61856328e-03
4.182000,7.57737547e-03,7.73754700e-05,0.005158,-1.25284307e-03,2.61768517e-03
4.183000,7.57613168e-03,7.61316800e-05,0.005075,-1.24379862e-03,2.61746877e-03
4.184000,7.57489660e-03,7.48966000e-05,0.004993,-1.23508083e-03,2.61735694e-03
4.185000,7.57367014e-03,7.36701400e-05,0.004911,-1.22645388e-03,2.61722000e-03
4.186000,7.57245225e-03,7.24522500e-05,0.004830,-1.21788787e-03,2.61835660e-03
4.187000,7.57124309e-03,7.12430900e-05,0.004750,-1.20916584e-03,2.61692873e-03
4.188000,7.57004276e-03,7.00427600e-05,0.004670,-1.20032304e-03,2.61582522e-03
4.189000,7.56885062e-03,6.88506200e-05,0.004590,-1.19214432e-03,2.61618570e-03
4.190000,7.56766636e-03,6.76663600e-05,0.004511,-1.18426426e-03,2.61725158e-03
4.191000,7.56649028e-03,6.64902800e-05,0.004433,-1.17607732e-03,2.61596987e-03
4.192000,7.56532251e-03,6.53225100e-05,0.004355,-1.16776699e-03,2.61591044e-03
4.193000,7.56416262e-03,6.41626200e-05,0.004278,-1.15988810e-03,2.61639292e-03
4.194000,7.56301068e-03,6.30106800e-05,0.004201,-1.15194341e-03,2.61577576e-03
4.195000,7.56186673e-03,6.18667300e-05,0.004124,-1.14394940e-03,2.61424036e-03
4.196000,7.56073030e-03,6.07303000e-05,0.004049,-1.13642959e-03,2.61617853e-03
4.197000,7.55960123e-03,5.96012300e-05,0.003973,-1.12907128e-03,2.61547479e-03
4.198000,7.55848003e-03,5.84800300e-05,0.003899,-1.12120091e-03,2.61472422e-03
4.199000,7.55736633e-03,5.73663300e-05,0.003824,-1.11369438e-03,2.61351532e-03
4.200000,7.55625969e-03,5.62596900e-05,0.003751,-1.10664813e-03,2.61432107e-03
4.201000,7.55515983e-03,5.51598300e-05,0.003677,-1.09985642e-03,2.61433417e-03
4.202000,7.55406703e-03,5.40670300e-05,0.003604,-1.09279776e-03,2.61428295e-03
4.203000,7.55298129e-03,5.29812900e-05,0.003532,-1.08574386e-03,2.61298833e-03
4.204000,7.55190235e-03,5.19023500e-05,0.003460,-1.07893572e-03,2.61347746e-03
4.205000,7.55082989e-03,5.08298900e-05,0.003389,-1.07246626e-03,2.61344987e-03
4.206000,7.54976405e-03,4.97640500e-05,0.003318,-1.06584104e-03,2.61397955e-03
4.207000,7.54870491e-03,4.87049100e-05,0.003247,-1.05913122e-03,2.61302292e-03
4.208000,7.54765250e-03,4.76525000e-05,0.003177,-1.05241660e-03,2.61269883e-03
4.209000,7.54660642e-03,4.66064200e-05,0.003107,-1.04607347e-03,2.61308825e-03
4.210000,7.54556666e-03,4.55666600e-05,0.003038,-1.03976791e-03,2.61295230e-03
4.211000,7.54453330e-03,4.45333000e-05,0.002969,-1.03335851e-03,2.61316787e-03
4.212000,7.54350634e-03,4.35063400e-05,0.002900,-1.02695563e-03,2.61272721e-03
4.213000,7.54248578e-03,4.24857800e-05,0.002832,-1.02055987e-03,2.61282508e-03
4.214000,7.54147149e-03,4.14714900e-05,0.002765,-1.01429153e-03,2.61326884e-03
4.215000,7.54046358e-03,4.04635800e-05,0.002698,-1.00791258e-03,2.61434808e-03
4.216000,7.53946238e-03,3.94623800e-05,0.002631,-1.00119703e-03,2.61433061e-03
4.217000,7.53846825e-03,3.84682500e-05,0.002565,-9.94130141e-04,2.61403903e-03
4.218000,7.53748113e-03,3.74811300e-05,0.002499,-9.87120546e-04,2.61491242e-03
4.219000,7.53650108e-03,3.65010800e-05,0.002433,-9.80052262e-04,2.61484030e-03
4.220000,7.53552837e-03,3.55283700e-05,0.002369,-9.72709896e-04,2.61457219e-03
4.221000,7.53456293e-03,3.45629300e-05,0.002304,-9.65438630e-04,2.61463578e-03
4.222000,7.53360469e-03,3.36046900e-05,0.002240,-9.58244169e-04,2.61458859e-03
4.223000,7.53265365e-03,3.26536500e-05,0.002177,-9.51037169e-04,2.61466730e-03
4.224000,7.53170982e-03,3.17098200e-05,0.002114,-9.43831749e-04,2.61389968e-03
4.225000,7.53077308e-03,3.07730800e-05,0.002052,-9.36736225e-04,2.61367557e-03
4.226000,7.52984315e-03,2.98431500e-05,0.001990,-9.29932428e-04,2.61371630e-03
4.227000,7.52891995e-03,2.89199500e-05,0.001928,-9.23195029e-04,2.61440587e-03
4.228000,7.52800363e-03,2.80036300e-05,0.001867,-9.16322311e-04,2.61335427e-03
4.229000,7.52709422e-03,2.70942200e-05,0.001806,-9.09409094e-04,2.61330852e-03
4.230000,7.52619137e-03,2.61913700e-05,0.001746,-9.02849327e-04,2.61390422e-03
4.231000,7.52529517e-03,2.52951700e-05,0.001686,-8.96199241e-04,2.61350566e-03
4.232000,7.52440575e-03,2.44057500e-05,0.001627,-8.89424002e-04,2.61237722e-03
4.233000,7.52352277e-03,2.35227700e-05,0.001568,-8.82979208e-04,2.61267299e-03
4.234000,7.52264592e-03,2.26459200e-05,0.001510,-8.76852705e-04,2.61294299e-03
4.235000,7.52177534e-03,2.17753400e-05,0.001452,-8.70581320e-04,2.61301710e-03
4.236000,7.52091113e-03,2.09111300e-05,0.001394,-8.64208157e-04,2.61281552e-03
4.237000,7.52005328e-03,2.00532800e-05,0.001337,-8.57846302e-04,2.61237881e-03
4.238000,7.51920165e-03,1.92016500e-05,0.001280,-8.51627878e-04,2.61284915e-03
4.239000,7.51835618e-03,1.83561800e-05,0.001224,-8.45469701e-04,2.61304892e-03
4.240000,7.51751706e-03,1.75170600e-05,0.001168,-8.39121730e-04,2.61257927e-03
4.241000,7.51668427e-03,1.66842700e-05,0.001112,-8.32791206e-04,2.61198662e-03
4.242000,7.51585755e-03,1.58575500e-05,0.001057,-8.26719725e-04,2.61263524e-03
4.243000,7.51503682e-03,1.50368200e-05,0.001002,-8.20728178e-04,2.61255724e-03
4.244000,7.51422229e-03,1.42222900e-05,0.000948,-8.14537405e-04,2.61209823e-03
4.245000,7.51341383e-03,1.34138300e-05,0.000894,-8.08453420e-04,2.61205311e-03
4.246000,7.51261130e-03,1.26113000e-05,0.000841,-8.02528160e-04,2.61207186e-03
4.247000,7.51181469e-03,1.18146900e-05,0.000788,-7.96614402e-04,2.61177104e-03
4.248000,7.51102394e-03,1.10239400e-05,0.000735,-7.90747686e-04,2.61151022e-03
4.249000,7.51023892e-03,1.02389200e-05,0.000683,-7.85025886e-04,2.61115807e-03
4.250000,7.50945946e-03,9.45946000e-06,0.000631,-7.79452015e-04,2.61084994e-03
4.251000,7.50868542e-03,8.68542000e-06,0.000579,-7.74048283e-04,2.61056729e-03
4.252000,7.50791662e-03,7.91662000e-06,0.000528,-7.68795729e-04,2.61092837e-03
4.253000,7.50715305e-03,7.15305000e-06,0.000477,-7.63572149e-04,2.61096917e-03
4.254000,7.50639483e-03,6.39483000e-06,0.000426,-7.58222771e-04,2.61117745e-03
4.255000,7.50564200e-03,5.64200000e-06,0.000376,-7.52823164e-04,2.61082866e-03
4.256000,7.50489459e-03,4.89459000e-06,0.000326,-7.47416833e-04,2.61072660e-03
4.257000,7.50415244e-03,4.15244000e-06,0.000277,-7.42143099e-04,2.61062886e-03
4.258000,7.50341552e-03,3.41552000e-06,0.000228,-7.36920167e-04,2.61063498e-03
4.259000,7.50268379e-03,2.68379000e-06,0.000179,-7.31728251e-04,2.61106444e-03
4.260000,7.50195734e-03,1.95734000e-06,0.000130,-7.26458380e-04,2.61083400e-03
4.261000,7.50123625e-03,1.23625000e-06,0.000082,-7.21088219e-04,2.61027036e-03
4.262000,7.50052035e-03,5.20350000e-07,0.000035,-7.15893412e-04,2.61095490e-03
4.263000,7.50000000e-03,0.00000000e+00,0.000000,-5.20353489e-04,2.20029094e-03
4.264000,7.50000000e-03,0.00000000e+00,0.000000,-1.08420217e-19,1.32379184e-03
4.265000,7.50000000e-03,0.00000000e+00,0.000000,-5.42101086e-20,1.90619425e-03
4.266000,7.50000000e-03,0.00000000e+00,0.000000,-1.08420217e-19,1.89467032e-03
4.267000,7.50000000e-03,0.00000000e+00,0.000000,-1.08420217e-19,2.08308968e-03
4.268000,7.50000000e-03,0.00000000e+00,0.000000,-5.42101086e-20,1.93661494e-03
4.269000,7.50000000e-03,0.00000000e+00,0.000000,-5.42101086e-20,1.98069425e-03
4.270000,7.50000000e-03,0.00000000e+00,0.000000,-5.42101086e-20,1.86348185e-03
4.271000,7.50000000e-03,0.00000000e+00,0.000000,-5.42101086e-20,1.90410300e-03
4.272000,7.50000000e-03,0.00000000e+00,0.000000,-1.08420217e-19,1.82864455e-03
4.273000,7.50000000e-03,0.00000000e+00,0.000000,-5.42101086e-20,1.86231028e-03
4.274000,7.50000000e-03,0.00000000e+00,0.000000,-1.08420217e-19,1.80311284e-03
4.275000,7.50000000e-03,0.00000000e+00,0.000000,-5.42101086e-20,1.82559721e-03
4.276000,7.50000000e-03,0.00000000e+00,0.000000,-1.08420217e-19,1.77638075e-03
4.277000,7.50000000e-03,0.00000000e+00,0.000000,-5.42101086e-20,1.79201766e-03
4.278000,7.50000000e-03,0.00000000e+00,0.000000,-5.42101086e-20,1.75138210e-03
4.279000,7.50000000e-03,0.00000000e+00,0.000000,-1.08420217e-19,1.76274003e-03
4.280000,7.50000000e-03,0.00000000e+00,0.000000,-5.42101086e-20,1.72879794e-03
4.281000,7.50000000e-03,0.00000000e+00,0.000000,-1.08420217e-19,1.73696700e-03
4.282000,7.50000000e-03,0.00000000e+00,0.000000,-5.42101086e-20,1.70818707e-03
4.283000,7.50000000e-03,0.00000000e+00,0.000000,-1.08420217e-19,1.71395579e-03
4.284000,7.50000000e-03,0.00000000e+00,0.000000,-1.08420217e-19,1.68930381e-03
4.285000,7.50000000e-03,0.00000000e+00,0.000000,-1.08420217e-19,1.69328169e-03
4.286000,7.50000000e-03,0.00000000e+00,0.000000,-1.08420217e-19,1.67199336e-03
4.287000,7.50000000e-03,0.00000000e+00,0.000000,-1.08420217e-19,1.67461877e-03
4.288000,7.50000000e-03,0.00000000e+00,0.000000,-1.08420217e-19,1.65610023e-03
4.289000,7.50000000e-03,0.00000000e+00,0.000000,-1.08420217e-19,1.65769461e-03
4.290000,7.50000000e-03,0.00000000e+00,0.000000,-1.08420217e-19,1.64148136e-03
4.291000,7.50000000e-03,0.00000000e+00,0.000000,-1.08420217e-19,1.64228747e-03
4.292000,7.50000000e-03,0.00000000e+00,0.000000,-1.08420217e-19,1.62801175e-03
4.293000,7.50000000e-03,0.00000000e+00,0.000000,-5.42101086e-20,1.62821501e-03
4.294000,7.50000000e-03,0.00000000e+00,0.000000,-1.08420217e-19,1.61558131e-03
4.295000,7.50000000e-03,0.00000000e+00,0.000000,-1.08420217e-19,1.61532451e-03
4.296000,7.50000000e-03,0.00000000e+00,0.000000,-1.08420217e-19,1.60409260e-03
4.297000,7.50000000e-03,0.00000000e+00,0.000000,-1.08420217e-19,1.60348661e-03
4.298000,7.50000000e-03,0.00000000e+00,0.000000,-1.08420217e-19,1.59345926e-03
4.299000,7.50000000e-03,0.00000000e+00,0.000000,-1.08420217e-19,1.59259074e-03
4.300000,7.50000000e-03,0.00000000e+00,0.000000,-1.08420217e-19,1.58360457e-03
