# FeatFloWer certified run q2p1_dns_rundir_e4_l3 (particle_force.log, every CFD step)
# case=E4 level=L3 D/h=23.918 dt=0.001 s; quarter-box benchSym mesh, FBM Q2/P1, serial PE HardContactAndFluid, lubrication OFF
# columns: t_s, z_center_m, gap_m (=z_center-0.0075), h_over_d (=gap/0.015), u_z_mps, F_z_N (hydrodynamic force on the sphere, full-sphere value)
0.001000,1.27500000e-01,1.20000000e-01,8.000000,0.00000000e+00,0.00000000e+00
0.002000,1.27498599e-01,1.19998599e-01,7.999907,-1.40142857e-03,1.00328287e-03
0.003000,1.27495973e-01,1.19995973e-01,7.999732,-2.62543778e-03,1.58464317e-03
0.004000,1.27492556e-01,1.19992556e-01,7.999504,-3.41714681e-03,1.45093651e-03
0.005000,1.27488514e-01,1.19988514e-01,7.999234,-4.04157294e-03,1.11349403e-03
0.006000,1.27483745e-01,1.19983745e-01,7.998916,-4.76958328e-03,1.02138272e-03
0.007000,1.27478120e-01,1.19978120e-01,7.998541,-5.62470363e-03,1.17563393e-03
0.008000,1.27471637e-01,1.19971637e-01,7.998109,-6.48279711e-03,1.33613677e-03
0.009000,1.27464375e-01,1.19964375e-01,7.997625,-7.26184905e-03,1.37777343e-03
0.010000,1.27456395e-01,1.19956395e-01,7.997093,-7.98082648e-03,1.34456684e-03
0.011000,1.27447703e-01,1.19947703e-01,7.996514,-8.69200202e-03,1.32537446e-03
0.012000,1.27438285e-01,1.19938285e-01,7.995886,-9.41747706e-03,1.34918037e-03
0.013000,1.27428140e-01,1.19928140e-01,7.995209,-1.01450454e-02,1.38335791e-03
0.014000,1.27417281e-01,1.19917281e-01,7.994485,-1.08587515e-02,1.41117184e-03
0.015000,1.27405725e-01,1.19905725e-01,7.993715,-1.15563147e-02,1.42619544e-03
0.016000,1.27393483e-01,1.19893483e-01,7.992899,-1.22420866e-02,1.44074237e-03
0.017000,1.27380563e-01,1.19880563e-01,7.992038,-1.29203520e-02,1.45859689e-03
0.018000,1.27366972e-01,1.19866972e-01,7.991131,-1.35906827e-02,1.46779882e-03
0.019000,1.27352718e-01,1.19852718e-01,7.990181,-1.42535224e-02,1.48142848e-03
0.020000,1.27337807e-01,1.19837807e-01,7.989187,-1.49109298e-02,1.49338105e-03
0.021000,1.27322246e-01,1.19822246e-01,7.988150,-1.55617474e-02,1.50366572e-03
0.022000,1.27306039e-01,1.19806039e-01,7.987069,-1.62068208e-02,1.52230039e-03
0.023000,1.27289194e-01,1.19789194e-01,7.985946,-1.68452212e-02,1.54671976e-03
0.024000,1.27271721e-01,1.19771721e-01,7.984781,-1.74731835e-02,1.55737423e-03
0.025000,1.27253629e-01,1.19753629e-01,7.983575,-1.80912419e-02,1.56229526e-03
0.026000,1.27234924e-01,1.19734924e-01,7.982328,-1.87049310e-02,1.56855884e-03
0.027000,1.27215608e-01,1.19715608e-01,7.981041,-1.93158963e-02,1.58902289e-03
0.028000,1.27195687e-01,1.19695687e-01,7.979712,-1.99211858e-02,1.59972309e-03
0.029000,1.27175169e-01,1.19675169e-01,7.978345,-2.05178623e-02,1.61908016e-03
0.030000,1.27154062e-01,1.19654062e-01,7.976937,-2.11076016e-02,1.62919563e-03
0.031000,1.27132373e-01,1.19632373e-01,7.975492,-2.16891950e-02,1.62082569e-03
0.032000,1.27110104e-01,1.19610104e-01,7.974007,-2.22689465e-02,1.64730006e-03
0.033000,1.27087257e-01,1.19587257e-01,7.972484,-2.28467650e-02,1.67495146e-03
0.034000,1.27063846e-01,1.19563846e-01,7.970923,-2.34109991e-02,1.69062773e-03
0.035000,1.27039883e-01,1.19539883e-01,7.969326,-2.39633800e-02,1.68585147e-03
0.036000,1.27015371e-01,1.19515371e-01,7.967691,-2.45114571e-02,1.69843195e-03
0.037000,1.26990312e-01,1.19490312e-01,7.966021,-2.50588781e-02,1.71376346e-03
0.038000,1.26964713e-01,1.19464713e-01,7.964314,-2.55994563e-02,1.71436770e-03
0.039000,1.26938578e-01,1.19438578e-01,7.962572,-2.61348926e-02,1.71085376e-03
0.040000,1.26911907e-01,1.19411907e-01,7.960794,-2.66707517e-02,1.71655222e-03
0.041000,1.26884700e-01,1.19384700e-01,7.958980,-2.72067573e-02,1.74607976e-03
0.042000,1.26856965e-01,1.19356965e-01,7.957131,-2.77356697e-02,1.73258207e-03
0.043000,1.26828707e-01,1.19328707e-01,7.955247,-2.82572718e-02,1.72755694e-03
0.044000,1.26799923e-01,1.19299923e-01,7.953328,-2.87841953e-02,1.73220837e-03
0.045000,1.26770611e-01,1.19270611e-01,7.951374,-2.93119467e-02,1.73837425e-03
0.046000,1.26740774e-01,1.19240774e-01,7.949385,-2.98370800e-02,1.76484217e-03
0.047000,1.26710419e-01,1.19210419e-01,7.947361,-3.03555079e-02,1.77699236e-03
0.048000,1.26679556e-01,1.19179556e-01,7.945304,-3.08630946e-02,1.76935863e-03
0.049000,1.26648188e-01,1.19148188e-01,7.943213,-3.13680410e-02,1.77554660e-03
0.050000,1.26616313e-01,1.19116313e-01,7.941088,-3.18744002e-02,1.79875344e-03
0.051000,1.26583938e-01,1.19083938e-01,7.938929,-3.23746232e-02,1.80153078e-03
0.052000,1.26551072e-01,1.19051072e-01,7.936738,-3.28667337e-02,1.80634485e-03
0.053000,1.26517715e-01,1.19017715e-01,7.934514,-3.33570807e-02,1.82978228e-03
0.054000,1.26483873e-01,1.18983873e-01,7.932258,-3.38417020e-02,1.83981890e-03
0.055000,1.26449556e-01,1.18949556e-01,7.929970,-3.43168513e-02,1.86385144e-03
0.056000,1.26414772e-01,1.18914772e-01,7.927651,-3.47844545e-02,1.83964571e-03
0.057000,1.26379523e-01,1.18879523e-01,7.925302,-3.52484456e-02,1.84370975e-03
0.058000,1.26343804e-01,1.18843804e-01,7.922920,-3.57196675e-02,1.86446389e-03
0.059000,1.26307618e-01,1.18807618e-01,7.920508,-3.61858846e-02,1.84763284e-03
0.060000,1.26270969e-01,1.18770969e-01,7.918065,-3.66482622e-02,1.84448052e-03
0.061000,1.26233853e-01,1.18733853e-01,7.915590,-3.71167247e-02,1.83900262e-03
0.062000,1.26196265e-01,1.18696265e-01,7.913084,-3.75871912e-02,1.83881047e-03
0.063000,1.26158206e-01,1.18658206e-01,7.910547,-3.80594907e-02,1.87104390e-03
0.064000,1.26119680e-01,1.18619680e-01,7.907979,-3.85261532e-02,1.88208781e-03
0.065000,1.26080700e-01,1.18580700e-01,7.905380,-3.89802768e-02,1.87514887e-03
0.066000,1.26041268e-01,1.18541268e-01,7.902751,-3.94320004e-02,1.88833975e-03
0.067000,1.26001384e-01,1.18501384e-01,7.900092,-3.98836703e-02,1.89519353e-03
0.068000,1.25961054e-01,1.18461054e-01,7.897404,-4.03297960e-02,1.92298388e-03
0.069000,1.25920285e-01,1.18420285e-01,7.894686,-4.07687564e-02,1.94350150e-03
0.070000,1.25879090e-01,1.18379090e-01,7.891939,-4.11949618e-02,1.95438909e-03
0.071000,1.25837478e-01,1.18337478e-01,7.889165,-4.16125035e-02,1.92355144e-03
0.072000,1.25795446e-01,1.18295446e-01,7.886363,-4.20319229e-02,1.92218918e-03
0.073000,1.25752984e-01,1.18252984e-01,7.883532,-4.24617107e-02,1.92457634e-03
0.074000,1.25710093e-01,1.18210093e-01,7.880673,-4.28915238e-02,1.92827964e-03
0.075000,1.25666773e-01,1.18166773e-01,7.877785,-4.33198980e-02,1.91902121e-03
0.076000,1.25623024e-01,1.18123024e-01,7.874868,-4.37486932e-02,1.93272768e-03
0.077000,1.25578846e-01,1.18078846e-01,7.871923,-4.41781052e-02,1.93258136e-03
0.078000,1.25534243e-01,1.18034243e-01,7.868950,-4.46030417e-02,1.93919963e-03
0.079000,1.25489216e-01,1.17989216e-01,7.865948,-4.50268558e-02,1.96663891e-03
0.080000,1.25443772e-01,1.17943772e-01,7.862918,-4.54436441e-02,1.96781393e-03
0.081000,1.25397921e-01,1.17897921e-01,7.859861,-4.58512132e-02,1.98720581e-03
0.082000,1.25351666e-01,1.17851666e-01,7.856778,-4.62549670e-02,2.00396386e-03
0.083000,1.25305017e-01,1.17805017e-01,7.853668,-4.66493889e-02,1.99000446e-03
0.084000,1.25257976e-01,1.17757976e-01,7.850532,-4.70407757e-02,1.99899432e-03
0.085000,1.25210541e-01,1.17710541e-01,7.847369,-4.74351572e-02,2.00376049e-03
0.086000,1.25162715e-01,1.17662715e-01,7.844181,-4.78257435e-02,1.96827127e-03
0.087000,1.25114494e-01,1.17614494e-01,7.840966,-4.82210404e-02,1.95145115e-03
0.088000,1.25065863e-01,1.17565863e-01,7.837724,-4.86309669e-02,1.97380693e-03
0.089000,1.25016821e-01,1.17516821e-01,7.834455,-4.90424640e-02,1.99154552e-03
0.090000,1.24967377e-01,1.17467377e-01,7.831158,-4.94434822e-02,1.99748808e-03
0.091000,1.24917540e-01,1.17417540e-01,7.827836,-4.98376240e-02,2.00569877e-03
0.092000,1.24867311e-01,1.17367311e-01,7.824487,-5.02283622e-02,2.03577327e-03
0.093000,1.24816700e-01,1.17316700e-01,7.821113,-5.06110855e-02,2.04545709e-03
0.094000,1.24765718e-01,1.17265718e-01,7.817715,-5.09822195e-02,2.06902391e-03
0.095000,1.24714372e-01,1.17214372e-01,7.814291,-5.13460056e-02,2.03820234e-03
0.096000,1.24662664e-01,1.17162664e-01,7.810844,-5.17075024e-02,2.05005436e-03
0.097000,1.24610587e-01,1.17110587e-01,7.807372,-5.20770257e-02,2.01356208e-03
0.098000,1.24558138e-01,1.17058138e-01,7.803876,-5.24491098e-02,2.00219390e-03
0.099000,1.24505303e-01,1.17005303e-01,7.800354,-5.28351888e-02,2.02952380e-03
0.100000,1.24452083e-01,1.16952083e-01,7.796806,-5.32201683e-02,2.04339260e-03
0.101000,1.24398489e-01,1.16898489e-01,7.793233,-5.35937198e-02,2.05644884e-03
0.102000,1.24344529e-01,1.16844529e-01,7.789635,-5.39604076e-02,2.03395556e-03
0.103000,1.24290202e-01,1.16790202e-01,7.786013,-5.43267853e-02,2.07254217e-03
0.104000,1.24235508e-01,1.16735508e-01,7.782367,-5.46937265e-02,2.10376272e-03
0.105000,1.24180466e-01,1.16680466e-01,7.778698,-5.50424743e-02,2.10502188e-03
0.106000,1.24125085e-01,1.16625085e-01,7.775006,-5.53807462e-02,2.08864289e-03
0.107000,1.24069364e-01,1.16569364e-01,7.771291,-5.57215009e-02,2.03926612e-03
0.108000,1.24013287e-01,1.16513287e-01,7.767552,-5.60763665e-02,2.04028703e-03
0.109000,1.23956840e-01,1.16456840e-01,7.763789,-5.64472676e-02,2.05530218e-03
0.110000,1.23900025e-01,1.16400025e-01,7.760002,-5.68151781e-02,2.06178697e-03
0.111000,1.23842848e-01,1.16342848e-01,7.756190,-5.71770107e-02,2.08679658e-03
0.112000,1.23785316e-01,1.16285316e-01,7.752354,-5.75322909e-02,2.08286497e-03
0.113000,1.23727435e-01,1.16227435e-01,7.748496,-5.78800529e-02,2.12932727e-03
0.114000,1.23669215e-01,1.16169215e-01,7.744614,-5.82208897e-02,2.16060837e-03
0.115000,1.23610674e-01,1.16110674e-01,7.740712,-5.85409359e-02,2.11533912e-03
0.116000,1.23551815e-01,1.16051815e-01,7.736788,-5.88587143e-02,2.11716729e-03
0.117000,1.23492624e-01,1.15992624e-01,7.732842,-5.91910365e-02,2.07848600e-03
0.118000,1.23433094e-01,1.15933094e-01,7.728873,-5.95295986e-02,2.05559474e-03
0.119000,1.23373209e-01,1.15873209e-01,7.724881,-5.98849123e-02,2.10019983e-03
0.120000,1.23312970e-01,1.15812970e-01,7.720865,-6.02398559e-02,2.11776031e-03
0.121000,1.23252392e-01,1.15752392e-01,7.716826,-6.05770452e-02,2.13226571e-03
0.122000,1.23191487e-01,1.15691487e-01,7.712766,-6.09059022e-02,2.14086083e-03
0.123000,1.23130258e-01,1.15630258e-01,7.708684,-6.12284755e-02,2.15835829e-03
0.124000,1.23068713e-01,1.15568713e-01,7.704581,-6.15451318e-02,2.16141357e-03
0.125000,1.23006857e-01,1.15506857e-01,7.700457,-6.18555014e-02,2.16226735e-03
0.126000,1.22944693e-01,1.15444693e-01,7.696313,-6.21647166e-02,2.10779554e-03
0.127000,1.22882209e-01,1.15382209e-01,7.692147,-6.24832841e-02,2.07444638e-03
0.128000,1.22819384e-01,1.15319384e-01,7.687959,-6.28256385e-02,2.11481287e-03
0.129000,1.22756212e-01,1.15256212e-01,7.683747,-6.31718068e-02,2.13504100e-03
0.130000,1.22692711e-01,1.15192711e-01,7.679514,-6.35011410e-02,2.14952003e-03
0.131000,1.22628890e-01,1.15128890e-01,7.675259,-6.38212716e-02,2.18483886e-03
0.132000,1.22564759e-01,1.15064759e-01,7.670984,-6.41304013e-02,2.22533946e-03
0.133000,1.22500338e-01,1.15000338e-01,7.666689,-6.44207697e-02,2.17457080e-03
0.134000,1.22435632e-01,1.14935632e-01,7.662375,-6.47068149e-02,2.17695083e-03
0.135000,1.22370623e-01,1.14870623e-01,7.658042,-6.50091125e-02,2.12425453e-03
0.136000,1.22305303e-01,1.14805303e-01,7.653687,-6.53199471e-02,2.12117585e-03
0.137000,1.22239654e-01,1.14739654e-01,7.649310,-6.56486325e-02,2.15470453e-03
0.138000,1.22173682e-01,1.14673682e-01,7.644912,-6.59723998e-02,2.18304499e-03
0.139000,1.22107401e-01,1.14607401e-01,7.640493,-6.62801440e-02,2.17942793e-03
0.140000,1.22040822e-01,1.14540822e-01,7.636055,-6.65792205e-02,2.19874247e-03
0.141000,1.21973946e-01,1.14473946e-01,7.631596,-6.68760693e-02,2.20682241e-03
0.142000,1.21906781e-01,1.14406781e-01,7.627119,-6.71651460e-02,2.22065937e-03
0.143000,1.21839332e-01,1.14339332e-01,7.622622,-6.74491223e-02,2.17254978e-03
0.144000,1.21771595e-01,1.14271595e-01,7.618106,-6.77370620e-02,2.13007900e-03
0.145000,1.21703546e-01,1.14203546e-01,7.613570,-6.80483120e-02,2.15845080e-03
0.146000,1.21635178e-01,1.14135178e-01,7.609012,-6.83684929e-02,2.18466380e-03
0.147000,1.21566503e-01,1.14066503e-01,7.604434,-6.86747205e-02,2.19830978e-03
0.148000,1.21497533e-01,1.13997533e-01,7.599836,-6.89699263e-02,2.24911593e-03
0.149000,1.21428282e-01,1.13928282e-01,7.595219,-6.92516660e-02,2.26147312e-03
0.150000,1.21358767e-01,1.13858767e-01,7.590584,-6.95145350e-02,2.22103327e-03
0.151000,1.21288987e-01,1.13788987e-01,7.585932,-6.97804971e-02,2.18258584e-03
0.152000,1.21218920e-01,1.13718920e-01,7.581261,-7.00665392e-02,2.16840386e-03
0.153000,1.21148552e-01,1.13648552e-01,7.576570,-7.03677159e-02,2.19719094e-03
0.154000,1.21077884e-01,1.13577884e-01,7.571859,-7.06684595e-02,2.21608183e-03
0.155000,1.21006927e-01,1.13506927e-01,7.567128,-7.09564084e-02,2.21585891e-03
0.156000,1.20935689e-01,1.13435689e-01,7.562379,-7.12381927e-02,2.24881309e-03
0.157000,1.20864175e-01,1.13364175e-01,7.557612,-7.15142226e-02,2.26213412e-03
0.158000,1.20792398e-01,1.13292398e-01,7.552827,-7.17770741e-02,2.27017943e-03
0.159000,1.20720364e-01,1.13220364e-01,7.548024,-7.20341282e-02,2.21528700e-03
0.160000,1.20648066e-01,1.13148066e-01,7.543204,-7.22982471e-02,2.15369349e-03
0.161000,1.20575474e-01,1.13075474e-01,7.538365,-7.25912856e-02,2.20264362e-03
0.162000,1.20502578e-01,1.13002578e-01,7.533505,-7.28958961e-02,2.25168371e-03
0.163000,1.20429403e-01,1.12929403e-01,7.528627,-7.31757585e-02,2.27100893e-03
0.164000,1.20355967e-01,1.12855967e-01,7.523731,-7.34360979e-02,2.30408014e-03
0.165000,1.20282282e-01,1.12782282e-01,7.518819,-7.36842423e-02,2.27360846e-03
0.166000,1.20208355e-01,1.12708355e-01,7.513890,-7.39269142e-02,2.25103406e-03
0.167000,1.20134172e-01,1.12634172e-01,7.508945,-7.41835856e-02,2.21683156e-03
0.168000,1.20059718e-01,1.12559718e-01,7.503981,-7.44537190e-02,2.23088755e-03
0.169000,1.19984986e-01,1.12484986e-01,7.498999,-7.47325994e-02,2.24233291e-03
0.170000,1.19909981e-01,1.12409981e-01,7.493999,-7.50048396e-02,2.23975502e-03
0.171000,1.19834707e-01,1.12334707e-01,7.488980,-7.52737768e-02,2.29804028e-03
0.172000,1.19759174e-01,1.12259174e-01,7.483945,-7.55332536e-02,2.31396272e-03
0.173000,1.19683403e-01,1.12183403e-01,7.478894,-7.57707729e-02,2.30850191e-03
0.174000,1.19607399e-01,1.12107399e-01,7.473827,-7.60040287e-02,2.24549212e-03
0.175000,1.19531149e-01,1.12031149e-01,7.468743,-7.62502205e-02,2.19070785e-03
0.176000,1.19454622e-01,1.11954622e-01,7.463641,-7.65267937e-02,2.22999013e-03
0.177000,1.19377807e-01,1.11877807e-01,7.458520,-7.68144122e-02,2.28811849e-03
0.178000,1.19300729e-01,1.11800729e-01,7.453382,-7.70788504e-02,2.32717264e-03
0.179000,1.19223411e-01,1.11723411e-01,7.448227,-7.73172922e-02,2.36095348e-03
0.180000,1.19145874e-01,1.11645874e-01,7.443058,-7.75369342e-02,2.31021673e-03
0.181000,1.19068120e-01,1.11568120e-01,7.437875,-7.77544543e-02,2.24603758e-03
0.182000,1.18990120e-01,1.11490120e-01,7.432675,-7.79999865e-02,2.22335965e-03
0.183000,1.18911849e-01,1.11411849e-01,7.427457,-7.82706064e-02,2.26326769e-03
0.184000,1.18833308e-01,1.11333308e-01,7.422221,-7.85416168e-02,2.32095975e-03
0.185000,1.18754518e-01,1.11254518e-01,7.416968,-7.87893186e-02,2.32439837e-03
0.186000,1.18675501e-01,1.11175501e-01,7.411700,-7.90174654e-02,2.36063062e-03
0.187000,1.18596263e-01,1.11096263e-01,7.406418,-7.92380756e-02,2.32384406e-03
0.188000,1.18516810e-01,1.11016810e-01,7.401121,-7.94532919e-02,2.26381661e-03
0.189000,1.18437118e-01,1.10937118e-01,7.395808,-7.96912047e-02,2.23700063e-03
0.190000,1.18357165e-01,1.10857165e-01,7.390478,-7.99535734e-02,2.27075894e-03
0.191000,1.18276946e-01,1.10776946e-01,7.385130,-8.02187792e-02,2.32483241e-03
0.192000,1.18196483e-01,1.10696483e-01,7.379766,-8.04633359e-02,2.35609330e-03
0.193000,1.18115798e-01,1.10615798e-01,7.374387,-8.06846060e-02,2.39015316e-03
0.194000,1.18034908e-01,1.10534908e-01,7.368994,-8.08895864e-02,2.33987663e-03
0.195000,1.17953816e-01,1.10453816e-01,7.363588,-8.10922718e-02,2.27897559e-03
0.196000,1.17872494e-01,1.10372494e-01,7.358166,-8.13222386e-02,2.24948153e-03
0.197000,1.17790917e-01,1.10290917e-01,7.352728,-8.15774218e-02,2.29620634e-03
0.198000,1.17709082e-01,1.10209082e-01,7.347272,-8.18340285e-02,2.34495592e-03
0.199000,1.17627016e-01,1.10127016e-01,7.341801,-8.20666693e-02,2.36252460e-03
0.200000,1.17544736e-01,1.10044736e-01,7.336316,-8.22801932e-02,2.37985232e-03
0.201000,1.17462251e-01,1.09962251e-01,7.330817,-8.24848831e-02,2.36408953e-03
0.202000,1.17379564e-01,1.09879564e-01,7.325304,-8.26866697e-02,2.31071109e-03
0.203000,1.17296661e-01,1.09796661e-01,7.319777,-8.29030725e-02,2.27235254e-03
0.204000,1.17213517e-01,1.09713517e-01,7.314234,-8.31437888e-02,2.29151826e-03
0.205000,1.17130124e-01,1.09630124e-01,7.308675,-8.33937134e-02,2.31826188e-03
0.206000,1.17046491e-01,1.09546491e-01,7.303099,-8.36326144e-02,2.40219143e-03
0.207000,1.16962643e-01,1.09462643e-01,7.297510,-8.38478904e-02,2.41808216e-03
0.208000,1.16878610e-01,1.09378610e-01,7.291907,-8.40327925e-02,2.38311615e-03
0.209000,1.16794392e-01,1.09294392e-01,7.286293,-8.42186593e-02,2.30166868e-03
0.210000,1.16709961e-01,1.09209961e-01,7.280664,-8.44304124e-02,2.29900083e-03
0.211000,1.16625292e-01,1.09125292e-01,7.275019,-8.46693860e-02,2.33734149e-03
0.212000,1.16540389e-01,1.09040389e-01,7.269359,-8.49024556e-02,2.37685941e-03
0.213000,1.16455273e-01,1.08955273e-01,7.263685,-8.51159452e-02,2.43324408e-03
0.214000,1.16369967e-01,1.08869967e-01,7.257998,-8.53064855e-02,2.39851067e-03
0.215000,1.16284482e-01,1.08784482e-01,7.252299,-8.54846505e-02,2.33429140e-03
0.216000,1.16198797e-01,1.08698797e-01,7.246586,-8.56855790e-02,2.27652540e-03
0.217000,1.16112879e-01,1.08612879e-01,7.240859,-8.59178132e-02,2.32696763e-03
0.218000,1.16026719e-01,1.08526719e-01,7.235115,-8.61600986e-02,2.36361692e-03
0.219000,1.15940339e-01,1.08440339e-01,7.229356,-8.63793369e-02,2.43255226e-03
0.220000,1.15853765e-01,1.08353765e-01,7.223584,-8.65743487e-02,2.44373615e-03
0.221000,1.15767020e-01,1.08267020e-01,7.217801,-8.67447432e-02,2.40155947e-03
0.222000,1.15680101e-01,1.08180101e-01,7.212007,-8.69189233e-02,2.32345680e-03
0.223000,1.15592981e-01,1.08092981e-01,7.206199,-8.71207665e-02,2.31944887e-03
0.224000,1.15505632e-01,1.08005632e-01,7.200375,-8.73489685e-02,2.37271279e-03
0.225000,1.15418063e-01,1.07918063e-01,7.194538,-8.75690676e-02,2.42270064e-03
0.226000,1.15330300e-01,1.07830300e-01,7.188687,-8.77628342e-02,2.46453501e-03
0.227000,1.15242367e-01,1.07742367e-01,7.182824,-8.79327862e-02,2.41108401e-03
0.228000,1.15154268e-01,1.07654268e-01,7.176951,-8.80984513e-02,2.33511728e-03
0.229000,1.15065973e-01,1.07565973e-01,7.171065,-8.82951044e-02,2.32692150e-03
0.230000,1.14977455e-01,1.07477455e-01,7.165164,-8.85181555e-02,2.35188871e-03
0.231000,1.14888716e-01,1.07388716e-01,7.159248,-8.87394830e-02,2.40883467e-03
0.232000,1.14799773e-01,1.07299773e-01,7.153318,-8.89425406e-02,2.48240589e-03
0.233000,1.14710659e-01,1.07210659e-01,7.147377,-8.91138861e-02,2.44319291e-03
0.234000,1.14621391e-01,1.07121391e-01,7.141426,-8.92680041e-02,2.37574747e-03
0.235000,1.14531944e-01,1.07031944e-01,7.135463,-8.94469271e-02,2.33165701e-03
0.236000,1.14442289e-01,1.06942289e-01,7.129486,-8.96557972e-02,2.36969028e-03
0.237000,1.14352416e-01,1.06852416e-01,7.123494,-8.98724215e-02,2.38942043e-03
0.238000,1.14262343e-01,1.06762343e-01,7.117490,-9.00730660e-02,2.45449455e-03
0.239000,1.14172087e-01,1.06672087e-01,7.111472,-9.02557232e-02,2.47501263e-03
0.240000,1.14081674e-01,1.06581674e-01,7.105445,-9.04133807e-02,2.41888666e-03
0.241000,1.13991100e-01,1.06491100e-01,7.099407,-9.05742251e-02,2.33820858e-03
0.242000,1.13900332e-01,1.06400332e-01,7.093355,-9.07677690e-02,2.35770338e-03
0.243000,1.13809348e-01,1.06309348e-01,7.087290,-9.09843614e-02,2.40381116e-03
0.244000,1.13718161e-01,1.06218161e-01,7.081211,-9.11863978e-02,2.48375071e-03
0.245000,1.13626802e-01,1.06126802e-01,7.075120,-9.13591552e-02,2.49874947e-03
0.246000,1.13535299e-01,1.06035299e-01,7.069020,-9.15030070e-02,2.44194164e-03
0.247000,1.13443647e-01,1.05943647e-01,7.062910,-9.16519787e-02,2.36612889e-03
0.248000,1.13351814e-01,1.05851814e-01,7.056788,-9.18330137e-02,2.37085907e-03
0.249000,1.13259776e-01,1.05759776e-01,7.050652,-9.20381102e-02,2.42470881e-03
0.250000,1.13167544e-01,1.05667544e-01,7.044503,-9.22321305e-02,2.47255020e-03
0.251000,1.13075144e-01,1.05575144e-01,7.038343,-9.24000056e-02,2.49390023e-03
0.252000,1.12982595e-01,1.05482595e-01,7.032173,-9.25483933e-02,2.45629846e-03
0.253000,1.12889899e-01,1.05389899e-01,7.025993,-9.26964188e-02,2.36930584e-03
0.254000,1.12797027e-01,1.05297027e-01,7.019802,-9.28721769e-02,2.36950996e-03
0.255000,1.12703950e-01,1.05203950e-01,7.013597,-9.30764686e-02,2.41833330e-03
0.256000,1.12610678e-01,1.05110678e-01,7.007379,-9.32720595e-02,2.50304175e-03
0.257000,1.12517242e-01,1.05017242e-01,7.001149,-9.34366362e-02,2.51680439e-03
0.258000,1.12423671e-01,1.04923671e-01,6.994911,-9.35709597e-02,2.46564512e-03
0.259000,1.12329961e-01,1.04829961e-01,6.988664,-9.37098103e-02,2.38345723e-03
0.260000,1.12236081e-01,1.04736081e-01,6.982405,-9.38799963e-02,2.39088054e-03
0.261000,1.12142005e-01,1.04642005e-01,6.976134,-9.40758614e-02,2.44736391e-03
0.262000,1.12047746e-01,1.04547746e-01,6.969850,-9.42593000e-02,2.48935883e-03
0.263000,1.11953329e-01,1.04453329e-01,6.963555,-9.44167624e-02,2.52156446e-03
0.264000,1.11858774e-01,1.04358774e-01,6.957252,-9.45547378e-02,2.46746108e-03
0.265000,1.11764083e-01,1.04264083e-01,6.950939,-9.46917039e-02,2.37172719e-03
0.266000,1.11669219e-01,1.04169219e-01,6.944615,-9.48633679e-02,2.39973530e-03
0.267000,1.11574158e-01,1.04074158e-01,6.938277,-9.50615194e-02,2.43280389e-03
0.268000,1.11478913e-01,1.03978913e-01,6.931928,-9.52446248e-02,2.54071678e-03
0.269000,1.11383515e-01,1.03883515e-01,6.925568,-9.53977868e-02,2.53510862e-03
0.270000,1.11287999e-01,1.03787999e-01,6.919200,-9.55165004e-02,2.47309418e-03
0.271000,1.11192351e-01,1.03692351e-01,6.912823,-9.56480223e-02,2.42179395e-03
0.272000,1.11096542e-01,1.03596542e-01,6.906436,-9.58089825e-02,2.42205802e-03
0.273000,1.11000555e-01,1.03500555e-01,6.900037,-9.59867438e-02,2.46604217e-03
0.274000,1.10904398e-01,1.03404398e-01,6.893627,-9.61566403e-02,2.54451527e-03
0.275000,1.10808100e-01,1.03308100e-01,6.887207,-9.62982146e-02,2.53749208e-03
0.276000,1.10711685e-01,1.03211685e-01,6.880779,-9.64152592e-02,2.46350205e-03
0.277000,1.10615137e-01,1.03115137e-01,6.874342,-9.65476946e-02,2.40009474e-03
0.278000,1.10518422e-01,1.03018422e-01,6.867895,-9.67156423e-02,2.41644747e-03
0.279000,1.10421520e-01,1.02921520e-01,6.861435,-9.69015221e-02,2.50954273e-03
0.280000,1.10324454e-01,1.02824454e-01,6.854964,-9.70655686e-02,2.59475427e-03
0.281000,1.10227271e-01,1.02727271e-01,6.848485,-9.71839725e-02,2.54368206e-03
0.282000,1.10129987e-01,1.02629987e-01,6.841999,-9.72834232e-02,2.42824598e-03
0.283000,1.10032567e-01,1.02532567e-01,6.835504,-9.74200603e-02,2.39879389e-03
0.284000,1.09934967e-01,1.02434967e-01,6.828998,-9.75998167e-02,2.46823284e-03
0.285000,1.09837190e-01,1.02337190e-01,6.822479,-9.77769661e-02,2.53524404e-03
0.286000,1.09739271e-01,1.02239271e-01,6.815951,-9.79194605e-02,2.55822116e-03
0.287000,1.09641235e-01,1.02141235e-01,6.809416,-9.80358842e-02,2.50706893e-03
0.288000,1.09543081e-01,1.02043081e-01,6.802872,-9.81538075e-02,2.40596848e-03
0.289000,1.09444775e-01,1.01944775e-01,6.796318,-9.83064085e-02,2.42648799e-03
0.290000,1.09346286e-01,1.01846286e-01,6.789752,-9.84885837e-02,2.48561506e-03
0.291000,1.09247633e-01,1.01747633e-01,6.783176,-9.86535641e-02,2.58975742e-03
0.292000,1.09148852e-01,1.01648852e-01,6.776590,-9.87807098e-02,2.56963399e-03
0.293000,1.09049975e-01,1.01549975e-01,6.769998,-9.88772122e-02,2.49435346e-03
0.294000,1.08950981e-01,1.01450981e-01,6.763399,-9.89936360e-02,2.44405543e-03
0.295000,1.08851837e-01,1.01351837e-01,6.756789,-9.91436777e-02,2.45650140e-03
0.296000,1.08752529e-01,1.01252529e-01,6.750169,-9.93080371e-02,2.52777246e-03
0.297000,1.08653074e-01,1.01153074e-01,6.743538,-9.94557055e-02,2.58138017e-03
0.298000,1.08553503e-01,1.01053503e-01,6.736900,-9.95704876e-02,2.57826403e-03
0.299000,1.08453835e-01,1.00953835e-01,6.730256,-9.96682151e-02,2.44293269e-03
0.300000,1.08354044e-01,1.00854044e-01,6.723603,-9.97908978e-02,2.41711726e-03
0.301000,1.08254081e-01,1.00754081e-01,6.716939,-9.99625906e-02,2.47494598e-03
0.302000,1.08153949e-01,1.00653949e-01,6.710263,-1.00132535e-01,2.57245752e-03
0.303000,1.08053683e-01,1.00553683e-01,6.703579,-1.00266244e-01,2.59433894e-03
0.304000,1.07953319e-01,1.00453319e-01,6.696888,-1.00364059e-01,2.53056354e-03
0.305000,1.07852853e-01,1.00352853e-01,6.690190,-1.00465966e-01,2.47772046e-03
0.306000,1.07752254e-01,1.00252254e-01,6.683484,-1.00598163e-01,2.45798424e-03
0.307000,1.07651503e-01,1.00151503e-01,6.676767,-1.00751204e-01,2.52464906e-03
0.308000,1.07550604e-01,1.00050604e-01,6.670040,-1.00898938e-01,2.62169060e-03
0.309000,1.07449597e-01,9.99495970e-02,6.663306,-1.01007617e-01,2.60480385e-03
0.310000,1.07348509e-01,9.98485090e-02,6.656567,-1.01087413e-01,2.45841562e-03
0.311000,1.07247311e-01,9.97473110e-02,6.649821,-1.01198641e-01,2.41683296e-03
0.312000,1.07145945e-01,9.96459450e-02,6.643063,-1.01365299e-01,2.48407565e-03
0.313000,1.07044412e-01,9.95444120e-02,6.636294,-1.01533723e-01,2.59209954e-03
0.314000,1.06942751e-01,9.94427510e-02,6.629517,-1.01660960e-01,2.61435523e-03
0.315000,1.06841002e-01,9.93410020e-02,6.622733,-1.01748785e-01,2.54828020e-03
0.316000,1.06739161e-01,9.92391610e-02,6.615944,-1.01840985e-01,2.48704010e-03
0.317000,1.06637195e-01,9.91371950e-02,6.609146,-1.01965715e-01,2.47954119e-03
0.318000,1.06535083e-01,9.90350830e-02,6.602339,-1.02111883e-01,2.53715637e-03
0.319000,1.06432833e-01,9.89328330e-02,6.595522,-1.02250326e-01,2.61521307e-03
0.320000,1.06330477e-01,9.88304770e-02,6.588698,-1.02356043e-01,2.61742533e-03
0.321000,1.06228041e-01,9.87280410e-02,6.581869,-1.02435734e-01,2.47326342e-03
0.322000,1.06125501e-01,9.86255010e-02,6.575033,-1.02540192e-01,2.44326584e-03
0.323000,1.06022804e-01,9.85228040e-02,6.568187,-1.02697300e-01,2.48326820e-03
0.324000,1.05919946e-01,9.84199460e-02,6.561330,-1.02857185e-01,2.63266328e-03
0.325000,1.05816969e-01,9.83169690e-02,6.554465,-1.02977514e-01,2.63977795e-03
0.326000,1.05713921e-01,9.82139210e-02,6.547595,-1.03047521e-01,2.55489782e-03
0.327000,1.05610791e-01,9.81107910e-02,6.540719,-1.03130202e-01,2.49275479e-03
0.328000,1.05507539e-01,9.80075390e-02,6.533836,-1.03251748e-01,2.50042150e-03
0.329000,1.05404147e-01,9.79041470e-02,6.526943,-1.03392347e-01,2.55689847e-03
0.330000,1.05300627e-01,9.78006270e-02,6.520042,-1.03520441e-01,2.61563912e-03
0.331000,1.05197007e-01,9.76970070e-02,6.513134,-1.03619599e-01,2.58581749e-03
0.332000,1.05093302e-01,9.75933020e-02,6.506220,-1.03704740e-01,2.46715935e-03
0.333000,1.04989482e-01,9.74894820e-02,6.499299,-1.03820658e-01,2.48928851e-03
0.334000,1.04885510e-01,9.73855100e-02,6.492367,-1.03971631e-01,2.56154198e-03
0.335000,1.04781407e-01,9.72814070e-02,6.485427,-1.04102560e-01,2.68054648e-03
0.336000,1.04677219e-01,9.71772190e-02,6.478481,-1.04188716e-01,2.62216480e-03
0.337000,1.04572973e-01,9.70729730e-02,6.471532,-1.04246112e-01,2.51267289e-03
0.338000,1.04468631e-01,9.69686310e-02,6.464575,-1.04342044e-01,2.46930470e-03
0.339000,1.04364149e-01,9.68641490e-02,6.457610,-1.04481605e-01,2.53529433e-03
0.340000,1.04259525e-01,9.67595250e-02,6.450635,-1.04623738e-01,2.61729683e-03
0.341000,1.04154796e-01,9.66547960e-02,6.443653,-1.04729698e-01,2.64269216e-03
0.342000,1.04049991e-01,9.65499910e-02,6.436666,-1.04804237e-01,2.57025631e-03
0.343000,1.03945108e-01,9.64451080e-02,6.429674,-1.04883245e-01,2.51064801e-03
0.344000,1.03840112e-01,9.63401120e-02,6.422674,-1.04996583e-01,2.50309696e-03
0.345000,1.03734981e-01,9.62349810e-02,6.415665,-1.05130832e-01,2.59912382e-03
0.346000,1.03629730e-01,9.61297300e-02,6.408649,-1.05250580e-01,2.64902500e-03
0.347000,1.03524400e-01,9.60244000e-02,6.401627,-1.05329967e-01,2.60904253e-03
0.348000,1.03419000e-01,9.59190000e-02,6.394600,-1.05400036e-01,2.51200155e-03
0.349000,1.03313500e-01,9.58135000e-02,6.387567,-1.05500397e-01,2.51225407e-03
0.350000,1.03207867e-01,9.57078670e-02,6.380524,-1.05632582e-01,2.57483871e-03
0.351000,1.03102114e-01,9.56021140e-02,6.373474,-1.05753618e-01,2.65844461e-03
0.352000,1.02996274e-01,9.54962740e-02,6.366418,-1.05839314e-01,2.65521340e-03
0.353000,1.02890376e-01,9.53903760e-02,6.359358,-1.05898125e-01,2.50674002e-03
0.354000,1.02784392e-01,9.52843920e-02,6.352293,-1.05984253e-01,2.48606210e-03
0.355000,1.02678269e-01,9.51782690e-02,6.345218,-1.06122798e-01,2.53730642e-03
0.356000,1.02572010e-01,9.50720100e-02,6.338134,-1.06259073e-01,2.68177569e-03
0.357000,1.02465657e-01,9.49656570e-02,6.331044,-1.06352970e-01,2.65578648e-03
0.358000,1.02359253e-01,9.48592530e-02,6.323950,-1.06404017e-01,2.56901391e-03
0.359000,1.02252774e-01,9.47527740e-02,6.316852,-1.06478944e-01,2.50206222e-03
0.360000,1.02146180e-01,9.46461800e-02,6.309745,-1.06594208e-01,2.54349043e-03
0.361000,1.02039456e-01,9.45394560e-02,6.302630,-1.06724134e-01,2.61756987e-03
0.362000,1.01932628e-01,9.44326280e-02,6.295509,-1.06827355e-01,2.66791575e-03
0.363000,1.01825731e-01,9.43257310e-02,6.288382,-1.06897343e-01,2.60792456e-03
0.364000,1.01718770e-01,9.42187700e-02,6.281251,-1.06961406e-01,2.53168527e-03
0.365000,1.01611711e-01,9.41117110e-02,6.274114,-1.07058653e-01,2.53470022e-03
0.366000,1.01504531e-01,9.40045310e-02,6.266969,-1.07180405e-01,2.61993395e-03
0.367000,1.01397244e-01,9.38972440e-02,6.259816,-1.07286094e-01,2.66116570e-03
0.368000,1.01289888e-01,9.37898880e-02,6.252659,-1.07356499e-01,2.62294196e-03
0.369000,1.01182468e-01,9.36824680e-02,6.245498,-1.07420123e-01,2.55905241e-03
0.370000,1.01074960e-01,9.35749600e-02,6.238331,-1.07507599e-01,2.53335312e-03
0.371000,1.00967340e-01,9.34673400e-02,6.231156,-1.07620601e-01,2.59803731e-03
0.372000,1.00859609e-01,9.33596090e-02,6.223974,-1.07730604e-01,2.65317440e-03
0.373000,1.00751799e-01,9.32517990e-02,6.216787,-1.07809614e-01,2.64263082e-03
0.374000,1.00643927e-01,9.31439270e-02,6.209595,-1.07872381e-01,2.51924334e-03
0.375000,1.00535967e-01,9.30359670e-02,6.202398,-1.07960430e-01,2.53939439e-03
0.376000,1.00427881e-01,9.29278810e-02,6.195192,-1.08085438e-01,2.62064623e-03
0.377000,1.00319692e-01,9.28196920e-02,6.187979,-1.08189459e-01,2.70710650e-03
0.378000,1.00211440e-01,9.27114400e-02,6.180763,-1.08251507e-01,2.66600332e-03
0.379000,1.00103148e-01,9.26031480e-02,6.173543,-1.08292428e-01,2.52784928e-03
0.380000,9.99947764e-02,9.24947764e-02,6.166318,-1.08371280e-01,2.53201213e-03
0.381000,9.98862817e-02,9.23862817e-02,6.159085,-1.08494767e-01,2.59209188e-03
0.382000,9.97776754e-02,9.22776754e-02,6.151845,-1.08606262e-01,2.70728163e-03
0.383000,9.96689978e-02,9.21689978e-02,6.144600,-1.08677656e-01,2.70251434e-03
0.384000,9.95602857e-02,9.20602857e-02,6.137352,-1.08712064e-01,2.53324404e-03
0.385000,9.94515077e-02,9.19515077e-02,6.130101,-1.08777970e-01,2.50824281e-03
0.386000,9.93426038e-02,9.18426038e-02,6.122840,-1.08903889e-01,2.57006280e-03
0.387000,9.92335768e-02,9.17335768e-02,6.115572,-1.09027086e-01,2.73339308e-03
0.388000,9.91244757e-02,9.16244757e-02,6.108298,-1.09101098e-01,2.69309727e-03
0.389000,9.90153471e-02,9.15153471e-02,6.101023,-1.09128595e-01,2.57322858e-03
0.390000,9.89061565e-02,9.14061565e-02,6.093744,-1.09190523e-01,2.52450540e-03
0.391000,9.87968561e-02,9.12968561e-02,6.086457,-1.09300435e-01,2.55098770e-03
0.392000,9.86874344e-02,9.11874344e-02,6.079162,-1.09421664e-01,2.70147738e-03
0.393000,9.85779269e-02,9.10779269e-02,6.071862,-1.09507584e-01,2.71669392e-03
0.394000,9.84683855e-02,9.09683855e-02,6.064559,-1.09541390e-01,2.59467826e-03
0.395000,9.83587937e-02,9.08587937e-02,6.057253,-1.09591776e-01,2.51315842e-03
0.396000,9.82490970e-02,9.07490970e-02,6.049940,-1.09696649e-01,2.55792084e-03
0.397000,9.81392767e-02,9.06392767e-02,6.042618,-1.09820379e-01,2.69471354e-03
0.398000,9.80293714e-02,9.05293714e-02,6.035291,-1.09905218e-01,2.71065038e-03
0.399000,9.79194291e-02,9.04194291e-02,6.027962,-1.09942314e-01,2.62782039e-03
0.400000,9.78094403e-02,9.03094403e-02,6.020629,-1.09988824e-01,2.54770778e-03
0.401000,9.76993636e-02,9.01993636e-02,6.013291,-1.10076704e-01,2.57938320e-03
0.402000,9.75891783e-02,9.00891783e-02,6.005945,-1.10185292e-01,2.66992041e-03
0.403000,9.74789108e-02,8.99789108e-02,5.998594,-1.10267467e-01,2.71824778e-03
0.404000,9.73685995e-02,8.98685995e-02,5.991240,-1.10311362e-01,2.61312639e-03
0.405000,9.72582415e-02,8.97582415e-02,5.983883,-1.10357975e-01,2.54658131e-03
0.406000,9.71477906e-02,8.96477906e-02,5.976519,-1.10450879e-01,2.56462113e-03
0.407000,9.70372282e-02,8.95372282e-02,5.969149,-1.10562448e-01,2.68261492e-03
0.408000,9.69265809e-02,8.94265809e-02,5.961772,-1.10647226e-01,2.71425940e-03
0.409000,9.68158933e-02,8.93158933e-02,5.954393,-1.10687657e-01,2.63953272e-03
0.410000,9.67051624e-02,8.92051624e-02,5.947011,-1.10730910e-01,2.57593887e-03
0.411000,9.65943524e-02,8.90943524e-02,5.939623,-1.10809951e-01,2.58510932e-03
0.412000,9.64834442e-02,8.89834442e-02,5.932230,-1.10908255e-01,2.64439482e-03
0.413000,9.63724511e-02,8.88724511e-02,5.924830,-1.10993063e-01,2.71474168e-03
0.414000,9.62614052e-02,8.87614052e-02,5.917427,-1.11045961e-01,2.64134898e-03
0.415000,9.61503164e-02,8.86503164e-02,5.910021,-1.11088735e-01,2.57388062e-03
0.416000,9.60391489e-02,8.85391489e-02,5.902610,-1.11167543e-01,2.57206951e-03
0.417000,9.59278800e-02,8.84278800e-02,5.895192,-1.11268829e-01,2.66574284e-03
0.418000,9.58165259e-02,8.83165259e-02,5.887768,-1.11354145e-01,2.72183544e-03
0.419000,9.57051271e-02,8.82051271e-02,5.880342,-1.11398777e-01,2.65776727e-03
0.420000,9.55936908e-02,8.80936908e-02,5.872913,-1.11436318e-01,2.58700260e-03
0.421000,9.54821834e-02,8.79821834e-02,5.865479,-1.11507413e-01,2.59173100e-03
0.422000,9.53705825e-02,8.78705825e-02,5.858039,-1.11600913e-01,2.66467801e-03
0.423000,9.52589025e-02,8.77589025e-02,5.850594,-1.11679960e-01,2.71952826e-03
0.424000,9.51471772e-02,8.76471772e-02,5.843145,-1.11725350e-01,2.63891105e-03
0.425000,9.50354102e-02,8.75354102e-02,5.835694,-1.11766983e-01,2.57338761e-03
0.426000,9.49235635e-02,8.74235635e-02,5.828238,-1.11846679e-01,2.58071631e-03
0.427000,9.48116169e-02,8.73116169e-02,5.820774,-1.11946597e-01,2.69993176e-03
0.428000,9.46995939e-02,8.71995939e-02,5.813306,-1.12023027e-01,2.73804937e-03
0.429000,9.45875403e-02,8.70875403e-02,5.805836,-1.12053565e-01,2.64510772e-03
0.430000,9.44754523e-02,8.69754523e-02,5.798363,-1.12088019e-01,2.57518470e-03
0.431000,9.43632869e-02,8.68632869e-02,5.790886,-1.12165362e-01,2.60177055e-03
0.432000,9.42510260e-02,8.67510260e-02,5.783402,-1.12260967e-01,2.68998990e-03
0.433000,9.41386937e-02,8.66386937e-02,5.775913,-1.12332241e-01,2.73501991e-03
0.434000,9.40263271e-02,8.65263271e-02,5.768422,-1.12366579e-01,2.64707531e-03
0.435000,9.39139255e-02,8.64139255e-02,5.760928,-1.12401680e-01,2.55503209e-03
0.436000,9.38014435e-02,8.63014435e-02,5.753430,-1.12481941e-01,2.57166112e-03
0.437000,9.36888540e-02,8.61888540e-02,5.745924,-1.12589489e-01,2.74938561e-03
0.438000,9.35761939e-02,8.60761939e-02,5.738413,-1.12660147e-01,2.73984591e-03
0.439000,9.34635198e-02,8.59635198e-02,5.730901,-1.12674126e-01,2.64609090e-03
0.440000,9.33508120e-02,8.58508120e-02,5.723387,-1.12707816e-01,2.57417427e-03
0.441000,9.32380269e-02,8.57380269e-02,5.715868,-1.12785015e-01,2.58940762e-03
0.442000,9.31251438e-02,8.56251438e-02,5.708343,-1.12883138e-01,2.73120672e-03
0.443000,9.30121926e-02,8.55121926e-02,5.700813,-1.12951183e-01,2.76610774e-03
0.444000,9.28992261e-02,8.53992261e-02,5.693282,-1.12966487e-01,2.61838960e-03
0.445000,9.27862297e-02,8.52862297e-02,5.685749,-1.12996452e-01,2.54970887e-03
0.446000,9.26731426e-02,8.51731426e-02,5.678210,-1.13087075e-01,2.60851258e-03
0.447000,9.25599527e-02,8.50599527e-02,5.670664,-1.13189854e-01,2.78302925e-03
0.448000,9.24467103e-02,8.49467103e-02,5.663114,-1.13242461e-01,2.76769115e-03
0.449000,9.23334698e-02,8.48334698e-02,5.655565,-1.13240466e-01,2.60103698e-03
0.450000,9.22201968e-02,8.47201968e-02,5.648013,-1.13272979e-01,2.56546530e-03
0.451000,9.21068303e-02,8.46068303e-02,5.640455,-1.13366514e-01,2.62640967e-03
0.452000,9.19933694e-02,8.44933694e-02,5.632891,-1.13460954e-01,2.75966855e-03
0.453000,9.18798576e-02,8.43798576e-02,5.625324,-1.13511814e-01,2.75927998e-03
0.454000,9.17663386e-02,8.42663386e-02,5.617756,-1.13518978e-01,2.57564814e-03
0.455000,9.16527798e-02,8.41527798e-02,5.610185,-1.13558743e-01,2.56650301e-03
0.456000,9.15391194e-02,8.40391194e-02,5.602608,-1.13660433e-01,2.66861103e-03
0.457000,9.14253723e-02,8.39253723e-02,5.595025,-1.13747070e-01,2.76164663e-03
0.458000,9.13115886e-02,8.38115886e-02,5.587439,-1.13783720e-01,2.72210586e-03
0.459000,9.11977918e-02,8.36977918e-02,5.579853,-1.13796809e-01,2.60633057e-03
0.460000,9.10839484e-02,8.35839484e-02,5.572263,-1.13843357e-01,2.60082169e-03
0.461000,9.09700195e-02,8.34700195e-02,5.564668,-1.13928901e-01,2.67720110e-03
0.462000,9.08560168e-02,8.33560168e-02,5.557068,-1.14002748e-01,2.74575934e-03
0.463000,9.07419774e-02,8.32419774e-02,5.549465,-1.14039386e-01,2.70604556e-03
0.464000,9.06279169e-02,8.31279169e-02,5.541861,-1.14060533e-01,2.60641061e-03
0.465000,9.05138045e-02,8.30138045e-02,5.534254,-1.14112341e-01,2.59053860e-03
0.466000,9.03996049e-02,8.28996049e-02,5.526640,-1.14199677e-01,2.70212213e-03
0.467000,9.02853324e-02,8.27853324e-02,5.519022,-1.14272494e-01,2.74610825e-03
0.468000,9.01710315e-02,8.26710315e-02,5.511402,-1.14300887e-01,2.70413202e-03
0.469000,9.00567092e-02,8.25567092e-02,5.503781,-1.14322257e-01,2.63385374e-03
0.470000,8.99423394e-02,8.24423394e-02,5.496156,-1.14369840e-01,2.62260103e-03
0.471000,8.98278969e-02,8.23278969e-02,5.488526,-1.14442494e-01,2.66572568e-03
0.472000,8.97133857e-02,8.22133857e-02,5.480892,-1.14511218e-01,2.72771839e-03
0.473000,8.95988309e-02,8.20988309e-02,5.473255,-1.14554815e-01,2.68461013e-03
0.474000,8.94842452e-02,8.19842452e-02,5.465616,-1.14585677e-01,2.62126392e-03
0.475000,8.93696033e-02,8.18696033e-02,5.457974,-1.14641898e-01,2.60977103e-03
0.476000,8.92548823e-02,8.17548823e-02,5.450325,-1.14720956e-01,2.72753041e-03
0.477000,8.91400994e-02,8.16400994e-02,5.442673,-1.14782963e-01,2.74906977e-03
0.478000,8.90252969e-02,8.15252969e-02,5.435020,-1.14802488e-01,2.67694817e-03
0.479000,8.89104692e-02,8.14104692e-02,5.427365,-1.14827692e-01,2.59765291e-03
0.480000,8.87955786e-02,8.12955786e-02,5.419705,-1.14890605e-01,2.61078135e-03
0.481000,8.86806013e-02,8.11806013e-02,5.412040,-1.14977238e-01,2.75391885e-03
0.482000,8.85655671e-02,8.10655671e-02,5.404371,-1.15034247e-01,2.78962152e-03
0.483000,8.84505292e-02,8.09505292e-02,5.396702,-1.15037934e-01,2.63375100e-03
0.484000,8.83354717e-02,8.08354717e-02,5.389031,-1.15057460e-01,2.57891995e-03
0.485000,8.82203338e-02,8.07203338e-02,5.381356,-1.15137872e-01,2.64718081e-03
0.486000,8.81051096e-02,8.06051096e-02,5.373674,-1.15224221e-01,2.79549528e-03
0.487000,8.79898477e-02,8.04898477e-02,5.365990,-1.15261923e-01,2.76754350e-03
0.488000,8.78745918e-02,8.03745918e-02,5.358306,-1.15255860e-01,2.60241707e-03
0.489000,8.77593036e-02,8.02593036e-02,5.350620,-1.15288178e-01,2.60388877e-03
0.490000,8.76439292e-02,8.01439292e-02,5.342929,-1.15374465e-01,2.67812206e-03
0.491000,8.75284820e-02,8.00284820e-02,5.335232,-1.15447141e-01,2.74867199e-03
0.492000,8.74129991e-02,7.99129991e-02,5.327533,-1.15482963e-01,2.74210365e-03
0.493000,8.72975023e-02,7.97975023e-02,5.319833,-1.15496776e-01,2.63728200e-03
0.494000,8.71819710e-02,7.96819710e-02,5.312131,-1.15531283e-01,2.60181790e-03
0.495000,8.70663645e-02,7.95663645e-02,5.304424,-1.15606486e-01,2.71283835e-03
0.496000,8.69506908e-02,7.94506908e-02,5.296713,-1.15673704e-01,2.76026475e-03
0.497000,8.68349948e-02,7.93349948e-02,5.289000,-1.15696073e-01,2.72205539e-03
0.498000,8.67192851e-02,7.92192851e-02,5.281286,-1.15709625e-01,2.64542843e-03
0.499000,8.66035359e-02,7.91035359e-02,5.273569,-1.15749275e-01,2.63285776e-03
0.500000,8.64877195e-02,7.89877195e-02,5.265848,-1.15816314e-01,2.68574968e-03
0.501000,8.63718414e-02,7.88718414e-02,5.258123,-1.15878128e-01,2.75876252e-03
0.502000,8.62559318e-02,7.87559318e-02,5.250395,-1.15909660e-01,2.68727863e-03
0.503000,8.61400019e-02,7.86400019e-02,5.242667,-1.15929854e-01,2.61410218e-03
0.504000,8.60240154e-02,7.85240154e-02,5.234934,-1.15986465e-01,2.61786419e-03
0.505000,8.59079490e-02,7.84079490e-02,5.227197,-1.16066444e-01,2.77851898e-03
0.506000,8.57918322e-02,7.82918322e-02,5.219455,-1.16116776e-01,2.77493597e-03
0.507000,8.56757172e-02,7.81757172e-02,5.211714,-1.16114981e-01,2.66065164e-03
0.508000,8.55595827e-02,7.80595827e-02,5.203972,-1.16134573e-01,2.61535011e-03
0.509000,8.54433829e-02,7.79433829e-02,5.196226,-1.16199708e-01,2.66363263e-03
0.510000,8.53271118e-02,7.78271118e-02,5.188474,-1.16271183e-01,2.78224588e-03
0.511000,8.52108059e-02,7.77108059e-02,5.180720,-1.16305826e-01,2.77852072e-03
0.512000,8.50945038e-02,7.75945038e-02,5.172967,-1.16302173e-01,2.60500905e-03
0.513000,8.49781733e-02,7.74781733e-02,5.165212,-1.16330427e-01,2.60093332e-03
0.514000,8.48617570e-02,7.73617570e-02,5.157450,-1.16416386e-01,2.70955908e-03
0.515000,8.47452725e-02,7.72452725e-02,5.149685,-1.16484473e-01,2.78144680e-03
0.516000,8.46287683e-02,7.71287683e-02,5.141918,-1.16504174e-01,2.74922830e-03
0.517000,8.45122623e-02,7.70122623e-02,5.134151,-1.16505964e-01,2.65829234e-03
0.518000,8.43957279e-02,7.68957279e-02,5.126382,-1.16534416e-01,2.62968161e-03
0.519000,8.42791301e-02,7.67791301e-02,5.118609,-1.16597791e-01,2.69044189e-03
0.520000,8.41624703e-02,7.66624703e-02,5.110831,-1.16659819e-01,2.75723185e-03
0.521000,8.40457802e-02,7.65457802e-02,5.103052,-1.16690080e-01,2.73354629e-03
0.522000,8.39290776e-02,7.64290776e-02,5.095272,-1.16702595e-01,2.64054049e-03
0.523000,8.38123383e-02,7.63123383e-02,5.087489,-1.16739336e-01,2.61680742e-03
0.524000,8.36955275e-02,7.61955275e-02,5.079702,-1.16810819e-01,2.73446092e-03
0.525000,8.35786582e-02,7.60786582e-02,5.071911,-1.16869290e-01,2.77552734e-03
0.526000,8.34617763e-02,7.59617763e-02,5.064118,-1.16881859e-01,2.70647653e-03
0.527000,8.33448832e-02,7.58448832e-02,5.056326,-1.16893153e-01,2.62855802e-03
0.528000,8.32279423e-02,7.57279423e-02,5.048529,-1.16940903e-01,2.64591003e-03
0.529000,8.31109311e-02,7.56109311e-02,5.040729,-1.17011174e-01,2.78872313e-03
0.530000,8.29938806e-02,7.54938806e-02,5.032925,-1.17050492e-01,2.80220857e-03
0.531000,8.28768401e-02,7.53768401e-02,5.025123,-1.17040523e-01,2.61778827e-03
0.532000,8.27597814e-02,7.52597814e-02,5.017319,-1.17058738e-01,2.61206344e-03
0.533000,8.26426428e-02,7.51426428e-02,5.009510,-1.17138531e-01,2.70440881e-03
0.534000,8.25254389e-02,7.50254389e-02,5.001696,-1.17203875e-01,2.78295588e-03
0.535000,8.24082139e-02,7.49082139e-02,4.993881,-1.17225000e-01,2.76502576e-03
0.536000,8.22909904e-02,7.47909904e-02,4.986066,-1.17223501e-01,2.67096893e-03
0.537000,8.21737459e-02,7.46737459e-02,4.978250,-1.17244522e-01,2.63755952e-03
0.538000,8.20564436e-02,7.45564436e-02,4.970430,-1.17302342e-01,2.69533645e-03
0.539000,8.19390827e-02,7.44390827e-02,4.962606,-1.17360916e-01,2.76400359e-03
0.540000,8.18216943e-02,7.43216943e-02,4.954780,-1.17388373e-01,2.73824857e-03
0.541000,8.17042965e-02,7.42042965e-02,4.946953,-1.17397833e-01,2.64330943e-03
0.542000,8.15868639e-02,7.40868639e-02,4.939124,-1.17432540e-01,2.62619812e-03
0.543000,8.14693625e-02,7.39693625e-02,4.931291,-1.17501452e-01,2.76050075e-03
0.544000,8.13518102e-02,7.38518102e-02,4.923454,-1.17552234e-01,2.78975694e-03
0.545000,8.12342565e-02,7.37342565e-02,4.915617,-1.17553736e-01,2.69439844e-03
0.546000,8.11166940e-02,7.36166940e-02,4.907780,-1.17562492e-01,2.63354806e-03
0.547000,8.09990807e-02,7.34990807e-02,4.899939,-1.17613326e-01,2.67483415e-03
0.548000,8.08814038e-02,7.33814038e-02,4.892094,-1.17676844e-01,2.79038538e-03
0.549000,8.07636975e-02,7.32636975e-02,4.884247,-1.17706368e-01,2.76995787e-03
0.550000,8.06459959e-02,7.31459959e-02,4.876400,-1.17701556e-01,2.62077182e-03
0.551000,8.05282661e-02,7.30282661e-02,4.868551,-1.17729835e-01,2.63506361e-03
0.552000,8.04104615e-02,7.29104615e-02,4.860697,-1.17804582e-01,2.73419864e-03
0.553000,8.02926044e-02,7.27926044e-02,4.852840,-1.17857103e-01,2.80535055e-03
0.554000,8.01747399e-02,7.26747399e-02,4.844983,-1.17864485e-01,2.74322438e-03
0.555000,8.00568804e-02,7.25568804e-02,4.837125,-1.17859486e-01,2.67057152e-03
0.556000,7.99389927e-02,7.24389927e-02,4.829266,-1.17887738e-01,2.64909482e-03
0.557000,7.98210490e-02,7.23210490e-02,4.821403,-1.17943648e-01,2.69600931e-03
0.558000,7.97030507e-02,7.22030507e-02,4.813537,-1.17998315e-01,2.78567365e-03
0.559000,7.95850290e-02,7.20850290e-02,4.805669,-1.18021719e-01,2.72314586e-03
0.560000,7.94670023e-02,7.19670023e-02,4.797800,-1.18026732e-01,2.62874987e-03
0.561000,7.93489333e-02,7.18489333e-02,4.789929,-1.18068974e-01,2.64465732e-03
0.562000,7.92307939e-02,7.17307939e-02,4.782053,-1.18139404e-01,2.82890520e-03
0.563000,7.91126219e-02,7.16126219e-02,4.774175,-1.18172027e-01,2.81777337e-03
0.564000,7.89944758e-02,7.14944758e-02,4.766298,-1.18146109e-01,2.65239514e-03
0.565000,7.88763227e-02,7.13763227e-02,4.758422,-1.18153092e-01,2.61317945e-03
0.566000,7.87581013e-02,7.12581013e-02,4.750540,-1.18221323e-01,2.69710821e-03
0.567000,7.86398137e-02,7.11398137e-02,4.742654,-1.18287591e-01,2.78218352e-03
0.568000,7.85215025e-02,7.10215025e-02,4.734767,-1.18311251e-01,2.77857398e-03
0.569000,7.84031949e-02,7.09031949e-02,4.726880,-1.18307609e-01,2.67606049e-03
0.570000,7.82848716e-02,7.07848716e-02,4.718991,-1.18323281e-01,2.63415709e-03
0.571000,7.81664916e-02,7.06664916e-02,4.711099,-1.18380030e-01,2.72458334e-03
0.572000,7.80480570e-02,7.05480570e-02,4.703204,-1.18434550e-01,2.77353103e-03
0.573000,7.79296063e-02,7.04296063e-02,4.695307,-1.18450716e-01,2.73672109e-03
0.574000,7.78111490e-02,7.03111490e-02,4.687410,-1.18457317e-01,2.66568901e-03
0.575000,7.76926604e-02,7.01926604e-02,4.679511,-1.18488568e-01,2.65297416e-03
0.576000,7.75741150e-02,7.00741150e-02,4.671608,-1.18545396e-01,2.77298461e-03
0.577000,7.74555299e-02,6.99555299e-02,4.663702,-1.18585177e-01,2.81290132e-03
0.578000,7.73369514e-02,6.98369514e-02,4.655797,-1.18578486e-01,2.67106423e-03
0.579000,7.72183676e-02,6.97183676e-02,4.647891,-1.18583767e-01,2.63009227e-03
0.580000,7.70997247e-02,6.95997247e-02,4.639982,-1.18642876e-01,2.69472829e-03
0.581000,7.69810207e-02,6.94810207e-02,4.632068,-1.18704010e-01,2.80577729e-03
0.582000,7.68622964e-02,6.93622964e-02,4.624153,-1.18724280e-01,2.79178706e-03
0.583000,7.67435859e-02,6.92435859e-02,4.616239,-1.18710553e-01,2.68547978e-03
0.584000,7.66248657e-02,6.91248657e-02,4.608324,-1.18720219e-01,2.64715582e-03
0.585000,7.65060941e-02,6.90060941e-02,4.600406,-1.18771576e-01,2.71033173e-03
0.586000,7.63872697e-02,6.88872697e-02,4.592485,-1.18824347e-01,2.78166844e-03
0.587000,7.62684260e-02,6.87684260e-02,4.584562,-1.18843756e-01,2.75630576e-03
0.588000,7.61495818e-02,6.86495818e-02,4.576639,-1.18844221e-01,2.65761148e-03
0.589000,7.60307113e-02,6.85307113e-02,4.568714,-1.18870468e-01,2.63530674e-03
0.590000,7.59117782e-02,6.84117782e-02,4.560785,-1.18933073e-01,2.79473867e-03
0.591000,7.57928034e-02,6.82928034e-02,4.552854,-1.18974809e-01,2.79444584e-03
0.592000,7.56738392e-02,6.81738392e-02,4.544923,-1.18964237e-01,2.69023900e-03
0.593000,7.55548670e-02,6.80548670e-02,4.536991,-1.18972189e-01,2.64426593e-03
0.594000,7.54358445e-02,6.79358445e-02,4.529056,-1.19022494e-01,2.69183421e-03
0.595000,7.53167650e-02,6.78167650e-02,4.521118,-1.19079485e-01,2.79390317e-03
0.596000,7.51976622e-02,6.76976622e-02,4.513177,-1.19102805e-01,2.77710377e-03
0.597000,7.50785666e-02,6.75785666e-02,4.505238,-1.19095574e-01,2.68300255e-03
0.598000,7.49594561e-02,6.74594561e-02,4.497297,-1.19110501e-01,2.64070353e-03
0.599000,7.48402923e-02,6.73402923e-02,4.489353,-1.19163813e-01,2.74771744e-03
0.600000,7.47210802e-02,6.72210802e-02,4.481405,-1.19212091e-01,2.79242747e-03
0.601000,7.46018629e-02,6.71018629e-02,4.473458,-1.19217319e-01,2.75936348e-03
0.602000,7.44826492e-02,6.69826492e-02,4.465510,-1.19213710e-01,2.67092421e-03
0.603000,7.43634126e-02,6.68634126e-02,4.457561,-1.19236599e-01,2.66108083e-03
0.604000,7.42441223e-02,6.67441223e-02,4.449608,-1.19290274e-01,2.77259590e-03
0.605000,7.41247949e-02,6.66247949e-02,4.441653,-1.19327461e-01,2.81816187e-03
0.606000,7.40054749e-02,6.65054749e-02,4.433698,-1.19319967e-01,2.67796552e-03
0.607000,7.38861526e-02,6.63861526e-02,4.425744,-1.19322301e-01,2.63699999e-03
0.608000,7.37667747e-02,6.62667747e-02,4.417785,-1.19377922e-01,2.70342442e-03
0.609000,7.36473394e-02,6.61473394e-02,4.409823,-1.19435250e-01,2.81270617e-03
0.610000,7.35278880e-02,6.60278880e-02,4.401859,-1.19451437e-01,2.79047964e-03
0.611000,7.34084523e-02,6.59084523e-02,4.393897,-1.19435666e-01,2.69657597e-03
0.612000,7.32890085e-02,6.57890085e-02,4.385934,-1.19443800e-01,2.66131684e-03
0.613000,7.31695195e-02,6.56695195e-02,4.377968,-1.19489009e-01,2.71626426e-03
0.614000,7.30499834e-02,6.55499834e-02,4.369999,-1.19536080e-01,2.78240751e-03
0.615000,7.29304300e-02,6.54304300e-02,4.362029,-1.19553409e-01,2.74123416e-03
0.616000,7.28108737e-02,6.53108737e-02,4.354058,-1.19556297e-01,2.66376037e-03
0.617000,7.26912873e-02,6.51912873e-02,4.346086,-1.19586407e-01,2.65489933e-03
0.618000,7.25716438e-02,6.50716438e-02,4.338110,-1.19643527e-01,2.80743351e-03
0.619000,7.24519672e-02,6.49519672e-02,4.330131,-1.19676584e-01,2.82329200e-03
0.620000,7.23323105e-02,6.48323105e-02,4.322154,-1.19656742e-01,2.69124238e-03
0.621000,7.22126554e-02,6.47126554e-02,4.314177,-1.19655043e-01,2.65500360e-03
0.622000,7.20929523e-02,6.45929523e-02,4.306197,-1.19703119e-01,2.70904526e-03
0.623000,7.19731988e-02,6.44731988e-02,4.298213,-1.19753541e-01,2.78105417e-03
0.624000,7.18534253e-02,6.43534253e-02,4.290228,-1.19773480e-01,2.78314300e-03
0.625000,7.17336559e-02,6.42336559e-02,4.282244,-1.19769401e-01,2.69111863e-03
0.626000,7.16138750e-02,6.41138750e-02,4.274258,-1.19780909e-01,2.66490686e-03
0.627000,7.14940477e-02,6.39940477e-02,4.266270,-1.19827275e-01,2.73932414e-03
0.628000,7.13741786e-02,6.38741786e-02,4.258279,-1.19869090e-01,2.79993086e-03
0.629000,7.12543029e-02,6.37543029e-02,4.250287,-1.19875747e-01,2.73882873e-03
0.630000,7.11344296e-02,6.36344296e-02,4.242295,-1.19873305e-01,2.66238017e-03
0.631000,7.10145251e-02,6.35145251e-02,4.234302,-1.19904449e-01,2.66389407e-03
0.632000,7.08945647e-02,6.33945647e-02,4.226304,-1.19960432e-01,2.82974289e-03
0.633000,7.07745781e-02,6.32745781e-02,4.218305,-1.19986590e-01,2.83634136e-03
0.634000,7.06546210e-02,6.31546210e-02,4.210308,-1.19957113e-01,2.64664117e-03
0.635000,7.05346620e-02,6.30346620e-02,4.202311,-1.19959016e-01,2.63494355e-03
0.636000,7.04146367e-02,6.29146367e-02,4.194309,-1.20025287e-01,2.73877762e-03
0.637000,7.02945596e-02,6.27945596e-02,4.186304,-1.20077039e-01,2.82144326e-03
0.638000,7.01744796e-02,6.26744796e-02,4.178299,-1.20080071e-01,2.77663328e-03
0.639000,7.00544157e-02,6.25544157e-02,4.170294,-1.20063879e-01,2.69680810e-03
0.640000,6.99343392e-02,6.24343392e-02,4.162289,-1.20076519e-01,2.66828681e-03
0.641000,6.98142187e-02,6.23142187e-02,4.154281,-1.20120419e-01,2.74160084e-03
0.642000,6.96940580e-02,6.21940580e-02,4.146271,-1.20160721e-01,2.80838356e-03
0.643000,6.95738929e-02,6.20738929e-02,4.138260,-1.20165135e-01,2.72363514e-03
0.644000,6.94537303e-02,6.19537303e-02,4.130249,-1.20162604e-01,2.64446706e-03
0.645000,6.93335284e-02,6.18335284e-02,4.122235,-1.20201906e-01,2.70262851e-03
0.646000,6.92132715e-02,6.17132715e-02,4.114218,-1.20256922e-01,2.84747771e-03
0.647000,6.90930042e-02,6.15930042e-02,4.106200,-1.20267223e-01,2.79770140e-03
0.648000,6.89727655e-02,6.14727655e-02,4.098184,-1.20238755e-01,2.66815144e-03
0.649000,6.88525159e-02,6.13525159e-02,4.090168,-1.20249544e-01,2.66009393e-03
0.650000,6.87322116e-02,6.12322116e-02,4.082147,-1.20304303e-01,2.73169585e-03
0.651000,6.86118626e-02,6.11118626e-02,4.074124,-1.20349047e-01,2.81591982e-03
0.652000,6.84915072e-02,6.09915072e-02,4.066100,-1.20355382e-01,2.77346945e-03
0.653000,6.83711656e-02,6.08711656e-02,4.058078,-1.20341564e-01,2.67005555e-03
0.654000,6.82508057e-02,6.07508057e-02,4.050054,-1.20359974e-01,2.65317967e-03
0.655000,6.81303903e-02,6.06303903e-02,4.042026,-1.20415331e-01,2.80654917e-03
0.656000,6.80099412e-02,6.05099412e-02,4.033996,-1.20449109e-01,2.81290485e-03
0.657000,6.78895098e-02,6.03895098e-02,4.025967,-1.20431394e-01,2.70705391e-03
0.658000,6.77690795e-02,6.02690795e-02,4.017939,-1.20430310e-01,2.66339494e-03
0.659000,6.76486078e-02,6.01486078e-02,4.009907,-1.20471710e-01,2.72315112e-03
0.660000,6.75280909e-02,6.00280909e-02,4.001873,-1.20516881e-01,2.79463607e-03
0.661000,6.74075611e-02,5.99075611e-02,3.993837,-1.20529786e-01,2.78979419e-03
0.662000,6.72870411e-02,5.97870411e-02,3.985803,-1.20520070e-01,2.69451241e-03
0.663000,6.71665123e-02,5.96665123e-02,3.977767,-1.20528794e-01,2.67481778e-03
0.664000,6.70459400e-02,5.95459400e-02,3.969729,-1.20572293e-01,2.74284603e-03
0.665000,6.69253298e-02,5.94253298e-02,3.961689,-1.20610230e-01,2.81031557e-03
0.666000,6.68047159e-02,5.93047159e-02,3.953648,-1.20613894e-01,2.75868406e-03
0.667000,6.66841113e-02,5.91841113e-02,3.945607,-1.20604530e-01,2.67370682e-03
0.668000,6.65634842e-02,5.90634842e-02,3.937566,-1.20627150e-01,2.67535414e-03
0.669000,6.64428068e-02,5.89428068e-02,3.929520,-1.20677387e-01,2.82264795e-03
0.670000,6.63221058e-02,5.88221058e-02,3.921474,-1.20701036e-01,2.81688500e-03
0.671000,6.62014284e-02,5.87014284e-02,3.913429,-1.20677330e-01,2.65304367e-03
0.672000,6.60807439e-02,5.85807439e-02,3.905383,-1.20684490e-01,2.65661606e-03
0.673000,6.59599991e-02,5.84599991e-02,3.897333,-1.20744826e-01,2.75126838e-03
0.674000,6.58392119e-02,5.83392119e-02,3.889281,-1.20787252e-01,2.82488400e-03
0.675000,6.57184263e-02,5.82184263e-02,3.881228,-1.20785573e-01,2.78188760e-03
0.676000,6.55976590e-02,5.80976590e-02,3.873177,-1.20767322e-01,2.69330929e-03
0.677000,6.54768801e-02,5.79768801e-02,3.865125,-1.20778855e-01,2.67585006e-03
0.678000,6.53560575e-02,5.78560575e-02,3.857070,-1.20822567e-01,2.78204028e-03
0.679000,6.52352043e-02,5.77352043e-02,3.849014,-1.20853233e-01,2.83188922e-03
0.680000,6.51143641e-02,5.76143641e-02,3.840958,-1.20840210e-01,2.69828518e-03
0.681000,6.49935297e-02,5.74935297e-02,3.832902,-1.20834442e-01,2.64635780e-03
0.682000,6.48726479e-02,5.73726479e-02,3.824843,-1.20881735e-01,2.73294556e-03
0.683000,6.47517172e-02,5.72517172e-02,3.816781,-1.20930769e-01,2.81598110e-03
0.684000,6.46307805e-02,5.71307805e-02,3.808719,-1.20936683e-01,2.80778581e-03
0.685000,6.45098637e-02,5.70098637e-02,3.800658,-1.20916775e-01,2.70774232e-03
0.686000,6.43889464e-02,5.68889464e-02,3.792596,-1.20917251e-01,2.68199096e-03
0.687000,6.42679913e-02,5.67679913e-02,3.784533,-1.20955136e-01,2.71675043e-03
0.688000,6.41469960e-02,5.66469960e-02,3.776466,-1.20995332e-01,2.81877031e-03
0.689000,6.40259899e-02,5.65259899e-02,3.768399,-1.21006071e-01,2.75445264e-03
0.690000,6.39049952e-02,5.64049952e-02,3.760333,-1.20994679e-01,2.65728836e-03
0.691000,6.37839736e-02,5.62839736e-02,3.752265,-1.21021593e-01,2.68128224e-03
0.692000,6.36628975e-02,5.61628975e-02,3.744193,-1.21076173e-01,2.85333036e-03
0.693000,6.35418050e-02,5.60418050e-02,3.736120,-1.21092449e-01,2.80857574e-03
0.694000,6.34207449e-02,5.59207449e-02,3.728050,-1.21060136e-01,2.68680267e-03
0.695000,6.32996808e-02,5.57996808e-02,3.719979,-1.21064055e-01,2.67359863e-03
0.696000,6.31785705e-02,5.56785705e-02,3.711905,-1.21110301e-01,2.74692929e-03
0.697000,6.30574226e-02,5.55574226e-02,3.703828,-1.21147916e-01,2.81846200e-03
0.698000,6.29362738e-02,5.54362738e-02,3.695752,-1.21148799e-01,2.77994210e-03
0.699000,6.28151408e-02,5.53151408e-02,3.687676,-1.21133001e-01,2.67187610e-03
0.700000,6.26939918e-02,5.51939918e-02,3.679599,-1.21148963e-01,2.65731326e-03
0.701000,6.25727888e-02,5.50727888e-02,3.671519,-1.21202992e-01,2.81824232e-03
0.702000,6.24515555e-02,5.49515555e-02,3.663437,-1.21233344e-01,2.83988305e-03
0.703000,6.23303485e-02,5.48303485e-02,3.655357,-1.21207018e-01,2.70711090e-03
0.704000,6.22091514e-02,5.47091514e-02,3.647277,-1.21197064e-01,2.65531944e-03
0.705000,6.20879115e-02,5.45879115e-02,3.639194,-1.21239873e-01,2.72709884e-03
0.706000,6.19666245e-02,5.44666245e-02,3.631108,-1.21286998e-01,2.82902615e-03
0.707000,6.18453320e-02,5.43453320e-02,3.623022,-1.21292525e-01,2.79091237e-03
0.708000,6.17240607e-02,5.42240607e-02,3.614937,-1.21271318e-01,2.70735046e-03
0.709000,6.16027833e-02,5.41027833e-02,3.606852,-1.21277404e-01,2.66247175e-03
0.710000,6.14814644e-02,5.39814644e-02,3.598764,-1.21318870e-01,2.76331153e-03
0.711000,6.13601072e-02,5.38601072e-02,3.590674,-1.21357242e-01,2.81028701e-03
0.712000,6.12387530e-02,5.37387530e-02,3.582584,-1.21354190e-01,2.74982360e-03
0.713000,6.11174066e-02,5.36174066e-02,3.574494,-1.21346403e-01,2.68763540e-03
0.714000,6.09960371e-02,5.34960371e-02,3.566402,-1.21369470e-01,2.70323660e-03
0.715000,6.08746269e-02,5.33746269e-02,3.558308,-1.21410202e-01,2.80776699e-03
0.716000,6.07531996e-02,5.32531996e-02,3.550213,-1.21427325e-01,2.79399603e-03
0.717000,6.06317870e-02,5.31317870e-02,3.542119,-1.21412554e-01,2.70523358e-03
0.718000,6.05103690e-02,5.30103690e-02,3.534025,-1.21418002e-01,2.67243120e-03
0.719000,6.03889106e-02,5.28889106e-02,3.525927,-1.21458401e-01,2.76333964e-03
0.720000,6.02674171e-02,5.27674171e-02,3.517828,-1.21493498e-01,2.81109478e-03
0.721000,6.01459269e-02,5.26459269e-02,3.509728,-1.21490294e-01,2.76421210e-03
0.722000,6.00244472e-02,5.25244472e-02,3.501630,-1.21479697e-01,2.67791195e-03
0.723000,5.99029474e-02,5.24029474e-02,3.493530,-1.21499758e-01,2.68321085e-03
0.724000,5.97814002e-02,5.22814002e-02,3.485427,-1.21547224e-01,2.84010665e-03
0.725000,5.96598350e-02,5.21598350e-02,3.477322,-1.21565205e-01,2.84960950e-03
0.726000,5.95383050e-02,5.20383050e-02,3.469220,-1.21529978e-01,2.65919629e-03
0.727000,5.94167797e-02,5.19167797e-02,3.461119,-1.21525304e-01,2.65045738e-03
0.728000,5.92951950e-02,5.17951950e-02,3.453013,-1.21584708e-01,2.75301880e-03
0.729000,5.91735661e-02,5.16735661e-02,3.444904,-1.21628847e-01,2.83505163e-03
0.730000,5.90519413e-02,5.15519413e-02,3.436796,-1.21624795e-01,2.79343283e-03
0.731000,5.89303402e-02,5.14303402e-02,3.428689,-1.21601163e-01,2.70022051e-03
0.732000,5.88087325e-02,5.13087325e-02,3.420582,-1.21607683e-01,2.67855814e-03
0.733000,5.86870838e-02,5.11870838e-02,3.412472,-1.21648645e-01,2.78978390e-03
0.734000,5.85654068e-02,5.10654068e-02,3.404360,-1.21677053e-01,2.83979865e-03
0.735000,5.84437467e-02,5.09437467e-02,3.396250,-1.21660089e-01,2.70112503e-03
0.736000,5.83220955e-02,5.08220955e-02,3.388140,-1.21651221e-01,2.66484428e-03
0.737000,5.82004012e-02,5.07004012e-02,3.380027,-1.21694312e-01,2.74177416e-03
0.738000,5.80786655e-02,5.05786655e-02,3.371911,-1.21735713e-01,2.81676114e-03
0.739000,5.79569269e-02,5.04569269e-02,3.363795,-1.21738590e-01,2.79944829e-03
0.740000,5.78352070e-02,5.03352070e-02,3.355680,-1.21719901e-01,2.72758846e-03
0.741000,5.77134874e-02,5.02134874e-02,3.347566,-1.21719605e-01,2.68921743e-03
0.742000,5.75917377e-02,5.00917377e-02,3.339449,-1.21749695e-01,2.75141104e-03
0.743000,5.74699563e-02,4.99699563e-02,3.331330,-1.21781388e-01,2.82464252e-03
0.744000,5.73481766e-02,4.98481766e-02,3.323212,-1.21779705e-01,2.73258566e-03
0.745000,5.72264063e-02,4.97264063e-02,3.315094,-1.21770252e-01,2.66998619e-03
0.746000,5.71046042e-02,4.96046042e-02,3.306974,-1.21802101e-01,2.71644654e-03
0.747000,5.69827579e-02,4.94827579e-02,3.298851,-1.21846293e-01,2.83622960e-03
0.748000,5.68609039e-02,4.93609039e-02,3.290727,-1.21854044e-01,2.81756301e-03
0.749000,5.67390781e-02,4.92390781e-02,3.282605,-1.21825758e-01,2.72076052e-03
0.750000,5.66172574e-02,4.91172574e-02,3.274484,-1.21820721e-01,2.68258544e-03
0.751000,5.64954032e-02,4.89954032e-02,3.266360,-1.21854225e-01,2.73416746e-03
0.752000,5.63735120e-02,4.88735120e-02,3.258234,-1.21891146e-01,2.82136785e-03
0.753000,5.62516163e-02,4.87516163e-02,3.250108,-1.21895706e-01,2.76681236e-03
0.754000,5.61297351e-02,4.86297351e-02,3.241982,-1.21881275e-01,2.67394411e-03
0.755000,5.60078339e-02,4.85078339e-02,3.233856,-1.21901184e-01,2.68996843e-03
0.756000,5.58858851e-02,4.83858851e-02,3.225726,-1.21948758e-01,2.85485979e-03
0.757000,5.57639232e-02,4.82639232e-02,3.217595,-1.21961911e-01,2.81935174e-03
0.758000,5.56419960e-02,4.81419960e-02,3.209466,-1.21927190e-01,2.68771709e-03
0.759000,5.55200686e-02,4.80200686e-02,3.201338,-1.21927408e-01,2.68275653e-03
0.760000,5.53980969e-02,4.78980969e-02,3.193206,-1.21971735e-01,2.75640198e-03
0.761000,5.52760922e-02,4.77760922e-02,3.185073,-1.22004667e-01,2.82575036e-03
0.762000,5.51540911e-02,4.76540911e-02,3.176939,-1.22001150e-01,2.77911963e-03
0.763000,5.50321079e-02,4.75321079e-02,3.168807,-1.21983103e-01,2.68005459e-03
0.764000,5.49101101e-02,4.74101101e-02,3.160674,-1.21997890e-01,2.66367727e-03
0.765000,5.47880619e-02,4.72880619e-02,3.152537,-1.22048107e-01,2.84652944e-03
0.766000,5.46659906e-02,4.71659906e-02,3.144399,-1.22071367e-01,2.86074067e-03
0.767000,5.45439585e-02,4.70439585e-02,3.136264,-1.22032063e-01,2.69710703e-03
0.768000,5.44219415e-02,4.69219415e-02,3.128129,-1.22017028e-01,2.66561715e-03
0.769000,5.42998802e-02,4.67998802e-02,3.119992,-1.22061302e-01,2.75066154e-03
0.770000,5.41777793e-02,4.66777793e-02,3.111852,-1.22100878e-01,2.84406719e-03
0.771000,5.40556833e-02,4.65556833e-02,3.103712,-1.22096007e-01,2.78746382e-03
0.772000,5.39336128e-02,4.64336128e-02,3.095574,-1.22070469e-01,2.69001838e-03
0.773000,5.38115321e-02,4.63115321e-02,3.087435,-1.22080753e-01,2.66200008e-03
0.774000,5.36894041e-02,4.61894041e-02,3.079294,-1.22127995e-01,2.81918747e-03
0.775000,5.35672474e-02,4.60672474e-02,3.071150,-1.22156641e-01,2.83377435e-03
0.776000,5.34451164e-02,4.59451164e-02,3.063008,-1.22131085e-01,2.72676625e-03
0.777000,5.33229967e-02,4.58229967e-02,3.054866,-1.22119661e-01,2.67779770e-03
0.778000,5.32008447e-02,4.57008447e-02,3.046723,-1.22152040e-01,2.73462868e-03
0.779000,5.30786542e-02,4.55786542e-02,3.038577,-1.22190451e-01,2.81793068e-03
0.780000,5.29564587e-02,4.54564587e-02,3.030431,-1.22195467e-01,2.79864835e-03
0.781000,5.28342822e-02,4.53342822e-02,3.022285,-1.22176536e-01,2.72477863e-03
0.782000,5.27121052e-02,4.52121052e-02,3.014140,-1.22177000e-01,2.67699487e-03
0.783000,5.25898950e-02,4.50898950e-02,3.005993,-1.22210174e-01,2.77267982e-03
0.784000,5.24676529e-02,4.49676529e-02,2.997844,-1.22242120e-01,2.82149262e-03
0.785000,5.23454189e-02,4.48454189e-02,2.989695,-1.22234009e-01,2.75283767e-03
0.786000,5.22231969e-02,4.47231969e-02,2.981546,-1.22222009e-01,2.69132070e-03
0.787000,5.21009535e-02,4.46009535e-02,2.973397,-1.22243434e-01,2.72146549e-03
0.788000,5.19786737e-02,4.44786737e-02,2.965245,-1.22279732e-01,2.80495448e-03
0.789000,5.18563824e-02,4.43563824e-02,2.957092,-1.22291366e-01,2.82159114e-03
0.790000,5.17341097e-02,4.42341097e-02,2.948941,-1.22272638e-01,2.71849758e-03
0.791000,5.16118430e-02,4.41118430e-02,2.940790,-1.22266678e-01,2.68824995e-03
0.792000,5.14895431e-02,4.39895431e-02,2.932636,-1.22299925e-01,2.75320678e-03
0.793000,5.13672115e-02,4.38672115e-02,2.924481,-1.22331618e-01,2.83317638e-03
0.794000,5.12448837e-02,4.37448837e-02,2.916326,-1.22327837e-01,2.76162504e-03
0.795000,5.11225732e-02,4.36225732e-02,2.908172,-1.22310445e-01,2.68639781e-03
0.796000,5.10002434e-02,4.35002434e-02,2.900016,-1.22329855e-01,2.72045213e-03
0.797000,5.08778754e-02,4.33778754e-02,2.891858,-1.22367949e-01,2.82850364e-03
0.798000,5.07554997e-02,4.32554997e-02,2.883700,-1.22375751e-01,2.81178830e-03
0.799000,5.06331486e-02,4.31331486e-02,2.875543,-1.22351023e-01,2.71060305e-03
0.800000,5.05107990e-02,4.30107990e-02,2.867387,-1.22349679e-01,2.67589158e-03
0.801000,5.03884113e-02,4.28884113e-02,2.859227,-1.22387703e-01,2.76904630e-03
0.802000,5.02659906e-02,4.27659906e-02,2.851066,-1.22420654e-01,2.82746926e-03
0.803000,5.01435779e-02,4.26435779e-02,2.842905,-1.22412680e-01,2.76725012e-03
0.804000,5.00211818e-02,4.25211818e-02,2.834745,-1.22396168e-01,2.68497530e-03
0.805000,4.98987678e-02,4.23987678e-02,2.826585,-1.22413983e-01,2.69557581e-03
0.806000,4.97763108e-02,4.22763108e-02,2.818421,-1.22456943e-01,2.84542259e-03
0.807000,4.96538409e-02,4.21538409e-02,2.810256,-1.22469923e-01,2.82994197e-03
0.808000,4.95314045e-02,4.20314045e-02,2.802094,-1.22436428e-01,2.68817630e-03
0.809000,4.94089714e-02,4.19089714e-02,2.793931,-1.22433088e-01,2.67137002e-03
0.810000,4.92864921e-02,4.17864921e-02,2.785766,-1.22479277e-01,2.78443972e-03
0.811000,4.91639811e-02,4.16639811e-02,2.777599,-1.22510990e-01,2.82811997e-03
0.812000,4.90414833e-02,4.15414833e-02,2.769432,-1.22497846e-01,2.77786561e-03
0.813000,4.89190040e-02,4.14190040e-02,2.761267,-1.22479243e-01,2.69382100e-03
0.814000,4.87965120e-02,4.12965120e-02,2.753101,-1.22492007e-01,2.67755001e-03
0.815000,4.86739768e-02,4.11739768e-02,2.744932,-1.22535250e-01,2.85436743e-03
0.816000,4.85514242e-02,4.10514242e-02,2.736762,-1.22552568e-01,2.86434606e-03
0.817000,4.84289142e-02,4.09289142e-02,2.728594,-1.22510052e-01,2.67394873e-03
0.818000,4.83064162e-02,4.08064162e-02,2.720428,-1.22497928e-01,2.65975467e-03
0.819000,4.81838654e-02,4.06838654e-02,2.712258,-1.22550844e-01,2.75835624e-03
0.820000,4.80612744e-02,4.05612744e-02,2.704085,-1.22590985e-01,2.84058568e-03
0.821000,4.79386902e-02,4.04386902e-02,2.695913,-1.22584202e-01,2.80398679e-03
0.822000,4.78161333e-02,4.03161333e-02,2.687742,-1.22556886e-01,2.70851071e-03
0.823000,4.76935748e-02,4.01935748e-02,2.679572,-1.22558474e-01,2.68929653e-03
0.824000,4.75709800e-02,4.00709800e-02,2.671399,-1.22594815e-01,2.80373807e-03
0.825000,4.74483628e-02,3.99483628e-02,2.663224,-1.22617228e-01,2.86807115e-03
0.826000,4.73257721e-02,3.98257721e-02,2.655051,-1.22590681e-01,2.69509131e-03
0.827000,4.72031985e-02,3.97031985e-02,2.646880,-1.22573595e-01,2.66945291e-03
0.828000,4.70805807e-02,3.95805807e-02,2.638705,-1.22617853e-01,2.75855272e-03
0.829000,4.69579259e-02,3.94579259e-02,2.630528,-1.22654774e-01,2.84785911e-03
0.830000,4.68352793e-02,3.93352793e-02,2.622352,-1.22646640e-01,2.80299646e-03
0.831000,4.67126621e-02,3.92126621e-02,2.614177,-1.22617111e-01,2.71334610e-03
0.832000,4.65900440e-02,3.90900440e-02,2.606003,-1.22618169e-01,2.68184788e-03
0.833000,4.64673897e-02,3.89673897e-02,2.597826,-1.22654239e-01,2.79793624e-03
0.834000,4.63447096e-02,3.88447096e-02,2.589647,-1.22680125e-01,2.84906671e-03
0.835000,4.62220508e-02,3.87220508e-02,2.581470,-1.22658843e-01,2.71420285e-03
0.836000,4.60994062e-02,3.85994062e-02,2.573294,-1.22644619e-01,2.67216247e-03
0.837000,4.59767240e-02,3.84767240e-02,2.565115,-1.22682121e-01,2.74886681e-03
0.838000,4.58540042e-02,3.83540042e-02,2.556934,-1.22719865e-01,2.84481507e-03
0.839000,4.57312887e-02,3.82312887e-02,2.548753,-1.22715451e-01,2.80118004e-03
0.840000,4.56086015e-02,3.81086015e-02,2.540573,-1.22687242e-01,2.72482286e-03
0.841000,4.54859146e-02,3.79859146e-02,2.532394,-1.22686867e-01,2.69377125e-03
0.842000,4.53631975e-02,3.78631975e-02,2.524213,-1.22717060e-01,2.77120651e-03
0.843000,4.52404538e-02,3.77404538e-02,2.516030,-1.22743757e-01,2.84038335e-03
0.844000,4.51177210e-02,3.76177210e-02,2.507848,-1.22732789e-01,2.72763929e-03
0.845000,4.49950020e-02,3.74950020e-02,2.499667,-1.22719041e-01,2.68464087e-03
0.846000,4.48722520e-02,3.73722520e-02,2.491483,-1.22749923e-01,2.74995307e-03
0.847000,4.47494687e-02,3.72494687e-02,2.483298,-1.22783377e-01,2.82930821e-03
0.848000,4.46266873e-02,3.71266873e-02,2.475112,-1.22781348e-01,2.81327775e-03
0.849000,4.45039312e-02,3.70039312e-02,2.466929,-1.22756093e-01,2.72374146e-03
0.850000,4.43811793e-02,3.68811793e-02,2.458745,-1.22751936e-01,2.70070311e-03
0.851000,4.42583980e-02,3.67583980e-02,2.450560,-1.22781258e-01,2.76723287e-03
0.852000,4.41355916e-02,3.66355916e-02,2.442373,-1.22806381e-01,2.83729770e-03
0.853000,4.40127944e-02,3.65127944e-02,2.434186,-1.22797265e-01,2.74645340e-03
0.854000,4.38900132e-02,3.63900132e-02,2.426001,-1.22781202e-01,2.67524798e-03
0.855000,4.37672056e-02,3.62672056e-02,2.417814,-1.22807567e-01,2.72745777e-03
0.856000,4.36443575e-02,3.61443575e-02,2.409624,-1.22848084e-01,2.83849552e-03
0.857000,4.35215057e-02,3.60215057e-02,2.401434,-1.22851818e-01,2.84062781e-03
0.858000,4.33986870e-02,3.58986870e-02,2.393246,-1.22818709e-01,2.73031682e-03
0.859000,4.32758826e-02,3.57758826e-02,2.385059,-1.22804407e-01,2.69565591e-03
0.860000,4.31530501e-02,3.56530501e-02,2.376870,-1.22832462e-01,2.73460719e-03
0.861000,4.30301851e-02,3.55301851e-02,2.368679,-1.22865012e-01,2.83919222e-03
0.862000,4.29073188e-02,3.54073188e-02,2.360488,-1.22866275e-01,2.76489028e-03
0.863000,4.27844725e-02,3.52844725e-02,2.352298,-1.22846331e-01,2.68273509e-03
0.864000,4.26616072e-02,3.51616072e-02,2.344107,-1.22865316e-01,2.71970261e-03
0.865000,4.25387024e-02,3.50387024e-02,2.335913,-1.22904745e-01,2.84788277e-03
0.866000,4.24157931e-02,3.49157931e-02,2.327720,-1.22909367e-01,2.83068647e-03
0.867000,4.22929181e-02,3.47929181e-02,2.319528,-1.22874933e-01,2.74346755e-03
0.868000,4.21700566e-02,3.46700566e-02,2.311337,-1.22861570e-01,2.70069924e-03
0.869000,4.20471722e-02,3.45471722e-02,2.303145,-1.22884414e-01,2.73317169e-03
0.870000,4.19242566e-02,3.44242566e-02,2.294950,-1.22915562e-01,2.84218711e-03
0.871000,4.18013398e-02,3.43013398e-02,2.286756,-1.22916767e-01,2.76583802e-03
0.872000,4.16784442e-02,3.41784442e-02,2.278563,-1.22895671e-01,2.67312391e-03
0.873000,4.15555281e-02,3.40555281e-02,2.270369,-1.22916045e-01,2.72863915e-03
0.874000,4.14325711e-02,3.39325711e-02,2.262171,-1.22957050e-01,2.86566891e-03
0.875000,4.13096155e-02,3.38096155e-02,2.253974,-1.22955591e-01,2.81607242e-03
0.876000,4.11866976e-02,3.36866976e-02,2.245780,-1.22917901e-01,2.73474602e-03
0.877000,4.10637867e-02,3.35637867e-02,2.237586,-1.22910880e-01,2.69805986e-03
0.878000,4.09408496e-02,3.34408496e-02,2.229390,-1.22937055e-01,2.74678742e-03
0.879000,4.08178830e-02,3.33178830e-02,2.221192,-1.22966662e-01,2.83111254e-03
0.880000,4.06949176e-02,3.31949176e-02,2.212995,-1.22965353e-01,2.77901240e-03
0.881000,4.05719721e-02,3.30719721e-02,2.204798,-1.22945565e-01,2.68084558e-03
0.882000,4.04490118e-02,3.29490118e-02,2.196601,-1.22960247e-01,2.72032107e-03
0.883000,4.03260116e-02,3.28260116e-02,2.188401,-1.23000187e-01,2.85978473e-03
0.884000,4.02030091e-02,3.27030091e-02,2.180201,-1.23002501e-01,2.82542753e-03
0.885000,4.00800440e-02,3.25800440e-02,2.172003,-1.22965088e-01,2.73182483e-03
0.886000,3.99570885e-02,3.24570885e-02,2.163806,-1.22955511e-01,2.69289287e-03
0.887000,3.98341050e-02,3.23341050e-02,2.155607,-1.22983559e-01,2.75250392e-03
0.888000,3.97110911e-02,3.22110911e-02,2.147406,-1.23013852e-01,2.82782198e-03
0.889000,3.95880799e-02,3.20880799e-02,2.139205,-1.23011248e-01,2.76943189e-03
0.890000,3.94650856e-02,3.19650856e-02,2.131006,-1.22994235e-01,2.69503890e-03
0.891000,3.93420761e-02,3.18420761e-02,2.122805,-1.23009553e-01,2.70964998e-03
0.892000,3.92190294e-02,3.17190294e-02,2.114602,-1.23046719e-01,2.87466954e-03
0.893000,3.90959795e-02,3.15959795e-02,2.106399,-1.23049905e-01,2.82699888e-03
0.894000,3.89729721e-02,3.14729721e-02,2.098198,-1.23007326e-01,2.71287341e-03
0.895000,3.88499715e-02,3.13499715e-02,2.089998,-1.23000584e-01,2.69777811e-03
0.896000,3.87269376e-02,3.12269376e-02,2.081796,-1.23033993e-01,2.76250279e-03
0.897000,3.86038766e-02,3.11038766e-02,2.073592,-1.23060913e-01,2.82635041e-03
0.898000,3.84808214e-02,3.09808214e-02,2.065388,-1.23055286e-01,2.77734603e-03
0.899000,3.83577840e-02,3.08577840e-02,2.057186,-1.23037356e-01,2.68804149e-03
0.900000,3.82347327e-02,3.07347327e-02,2.048982,-1.23051313e-01,2.70503245e-03
0.901000,3.81116411e-02,3.06116411e-02,2.040776,-1.23091593e-01,2.86845682e-03
0.902000,3.79885437e-02,3.04885437e-02,2.032570,-1.23097394e-01,2.84504739e-03
0.903000,3.78654900e-02,3.03654900e-02,2.024366,-1.23053664e-01,2.69735344e-03
0.904000,3.77424463e-02,3.02424463e-02,2.016163,-1.23043739e-01,2.69444428e-03
0.905000,3.76193635e-02,3.01193635e-02,2.007958,-1.23082834e-01,2.76869513e-03
0.906000,3.74962537e-02,2.99962537e-02,1.999750,-1.23109754e-01,2.83710655e-03
0.907000,3.73731535e-02,2.98731535e-02,1.991544,-1.23100191e-01,2.78520112e-03
0.908000,3.72500762e-02,2.97500762e-02,1.983338,-1.23077340e-01,2.69130063e-03
0.909000,3.71269880e-02,2.96269880e-02,1.975133,-1.23088140e-01,2.69626622e-03
0.910000,3.70038591e-02,2.95038591e-02,1.966924,-1.23128901e-01,2.87338725e-03
0.911000,3.68807224e-02,2.93807224e-02,1.958715,-1.23136709e-01,2.86440355e-03
0.912000,3.67576345e-02,2.92576345e-02,1.950509,-1.23087937e-01,2.68668221e-03
0.913000,3.66345609e-02,2.91345609e-02,1.942304,-1.23073542e-01,2.68359036e-03
0.914000,3.65114429e-02,2.90114429e-02,1.934096,-1.23118061e-01,2.77332999e-03
0.915000,3.63882952e-02,2.88882952e-02,1.925886,-1.23147726e-01,2.84745757e-03
0.916000,3.62651603e-02,2.87651603e-02,1.917677,-1.23134811e-01,2.78879944e-03
0.917000,3.61420524e-02,2.86420524e-02,1.909470,-1.23107924e-01,2.69260826e-03
0.918000,3.60189351e-02,2.85189351e-02,1.901262,-1.23117311e-01,2.67652924e-03
0.919000,3.58957740e-02,2.83957740e-02,1.893052,-1.23161132e-01,2.88053808e-03
0.920000,3.57725998e-02,2.82725998e-02,1.884840,-1.23174158e-01,2.87553736e-03
0.921000,3.56494788e-02,2.81494788e-02,1.876632,-1.23121068e-01,2.69216233e-03
0.922000,3.55263767e-02,2.80263767e-02,1.868425,-1.23102048e-01,2.68295154e-03
0.923000,3.54032318e-02,2.79032318e-02,1.860215,-1.23144880e-01,2.76405206e-03
0.924000,3.52800554e-02,2.77800554e-02,1.852004,-1.23176396e-01,2.85124628e-03
0.925000,3.51568896e-02,2.76568896e-02,1.843793,-1.23165857e-01,2.81138325e-03
0.926000,3.50337558e-02,2.75337558e-02,1.835584,-1.23133732e-01,2.69274448e-03
0.927000,3.49106202e-02,2.74106202e-02,1.827375,-1.23135679e-01,2.66997280e-03
0.928000,3.47874395e-02,2.72874395e-02,1.819163,-1.23180615e-01,2.87115248e-03
0.929000,3.46642421e-02,2.71642421e-02,1.810949,-1.23197453e-01,2.87307046e-03
0.930000,3.45410942e-02,2.70410942e-02,1.802740,-1.23147882e-01,2.70437435e-03
0.931000,3.44179667e-02,2.69179667e-02,1.794531,-1.23127513e-01,2.69061076e-03
0.932000,3.42948017e-02,2.67948017e-02,1.786320,-1.23164980e-01,2.75952392e-03
0.933000,3.41716069e-02,2.66716069e-02,1.778107,-1.23194781e-01,2.85100805e-03
0.934000,3.40484212e-02,2.65484212e-02,1.769895,-1.23185771e-01,2.80346982e-03
0.935000,3.39252660e-02,2.64252660e-02,1.761684,-1.23155124e-01,2.70119799e-03
0.936000,3.38021079e-02,2.63021079e-02,1.753474,-1.23158174e-01,2.67636806e-03
0.937000,3.36789087e-02,2.61789087e-02,1.745261,-1.23199203e-01,2.86887682e-03
0.938000,3.35556943e-02,2.60556943e-02,1.737046,-1.23214344e-01,2.87461152e-03
0.939000,3.34325291e-02,2.59325291e-02,1.728835,-1.23165247e-01,2.70945100e-03
0.940000,3.33093856e-02,2.58093856e-02,1.720626,-1.23143474e-01,2.67915688e-03
0.941000,3.31862043e-02,2.56862043e-02,1.712414,-1.23181300e-01,2.76615200e-03
0.942000,3.30629906e-02,2.55629906e-02,1.704199,-1.23213690e-01,2.85743540e-03
0.943000,3.29397892e-02,2.54397892e-02,1.695986,-1.23201367e-01,2.80232491e-03
0.944000,3.28166204e-02,2.53166204e-02,1.687775,-1.23168812e-01,2.70645259e-03
0.945000,3.26934491e-02,2.51934491e-02,1.679563,-1.23171309e-01,2.68446642e-03
0.946000,3.25702399e-02,2.50702399e-02,1.671349,-1.23209180e-01,2.84209234e-03
0.947000,3.24470135e-02,2.49470135e-02,1.663134,-1.23226397e-01,2.88107709e-03
0.948000,3.23238286e-02,2.48238286e-02,1.654922,-1.23184954e-01,2.72437069e-03
0.949000,3.22006702e-02,2.47006702e-02,1.646711,-1.23158419e-01,2.68795333e-03
0.950000,3.20774804e-02,2.45774804e-02,1.638499,-1.23189789e-01,2.76683942e-03
0.951000,3.19542612e-02,2.44542612e-02,1.630284,-1.23219169e-01,2.85797148e-03
0.952000,3.18310547e-02,2.43310547e-02,1.622070,-1.23206526e-01,2.80330567e-03
0.953000,3.17078811e-02,2.42078811e-02,1.613859,-1.23173620e-01,2.70543412e-03
0.954000,3.15847051e-02,2.40847051e-02,1.605647,-1.23175976e-01,2.67892133e-03
0.955000,3.14614899e-02,2.39614899e-02,1.597433,-1.23215162e-01,2.84895614e-03
0.956000,3.13382569e-02,2.38382569e-02,1.589217,-1.23232987e-01,2.88893897e-03
0.957000,3.12150690e-02,2.37150690e-02,1.581005,-1.23187899e-01,2.73042346e-03
0.958000,3.10919113e-02,2.35919113e-02,1.572794,-1.23157712e-01,2.69105018e-03
0.959000,3.09687248e-02,2.34687248e-02,1.564582,-1.23186546e-01,2.76311888e-03
0.960000,3.08455092e-02,2.33455092e-02,1.556367,-1.23215567e-01,2.86553118e-03
0.961000,3.07223064e-02,2.32223064e-02,1.548154,-1.23202809e-01,2.80828959e-03
0.962000,3.05991399e-02,2.30991399e-02,1.539943,-1.23166539e-01,2.70915458e-03
0.963000,3.04759733e-02,2.29759733e-02,1.531732,-1.23166600e-01,2.68208539e-03
0.964000,3.03527693e-02,2.28527693e-02,1.523518,-1.23204005e-01,2.84334492e-03
0.965000,3.02295475e-02,2.27295475e-02,1.515303,-1.23221783e-01,2.87336646e-03
0.966000,3.01063662e-02,2.26063662e-02,1.507091,-1.23181291e-01,2.74384370e-03
0.967000,2.99832123e-02,2.24832123e-02,1.498881,-1.23153845e-01,2.70306018e-03
0.968000,2.98600362e-02,2.23600362e-02,1.490669,-1.23176149e-01,2.76564311e-03
0.969000,2.97368354e-02,2.22368354e-02,1.482456,-1.23200779e-01,2.85596805e-03
0.970000,2.96136465e-02,2.21136465e-02,1.474243,-1.23188883e-01,2.80643734e-03
0.971000,2.94904905e-02,2.19904905e-02,1.466033,-1.23156081e-01,2.72108324e-03
0.972000,2.93673358e-02,2.18673358e-02,1.457822,-1.23154641e-01,2.69007142e-03
0.973000,2.92441491e-02,2.17441491e-02,1.449610,-1.23186716e-01,2.84672397e-03
0.974000,2.91209478e-02,2.16209478e-02,1.441397,-1.23201273e-01,2.85159244e-03
0.975000,2.89977843e-02,2.14977843e-02,1.433186,-1.23163523e-01,2.74950757e-03
0.976000,2.88746421e-02,2.13746421e-02,1.424976,-1.23142226e-01,2.71147503e-03
0.977000,2.87514809e-02,2.12514809e-02,1.416765,-1.23161181e-01,2.77825303e-03
0.978000,2.86283001e-02,2.11283001e-02,1.408553,-1.23180818e-01,2.84505213e-03
0.979000,2.85051334e-02,2.10051334e-02,1.400342,-1.23166711e-01,2.81384966e-03
0.980000,2.83819972e-02,2.08819972e-02,1.392133,-1.23136184e-01,2.72406538e-03
0.981000,2.82588654e-02,2.07588654e-02,1.383924,-1.23131782e-01,2.69612880e-03
0.982000,2.81357036e-02,2.06357036e-02,1.375714,-1.23161806e-01,2.82891833e-03
0.983000,2.80125261e-02,2.05125261e-02,1.367502,-1.23177523e-01,2.86335092e-03
0.984000,2.78893825e-02,2.03893825e-02,1.359292,-1.23143541e-01,2.75948066e-03
0.985000,2.77662659e-02,2.02662659e-02,1.351084,-1.23116619e-01,2.70554295e-03
0.986000,2.76431326e-02,2.01431326e-02,1.342876,-1.23133348e-01,2.76578025e-03
0.987000,2.75199754e-02,2.00199754e-02,1.334665,-1.23157138e-01,2.86001873e-03
0.988000,2.73968309e-02,1.98968309e-02,1.326455,-1.23144481e-01,2.82223712e-03
0.989000,2.72737234e-02,1.97737234e-02,1.318248,-1.23107555e-01,2.73685821e-03
0.990000,2.71506253e-02,1.96506253e-02,1.310042,-1.23098136e-01,2.69969854e-03
0.991000,2.70275019e-02,1.95275019e-02,1.301833,-1.23123328e-01,2.82308698e-03
0.992000,2.69043630e-02,1.94043630e-02,1.293624,-1.23138904e-01,2.86051289e-03
0.993000,2.67812557e-02,1.92812557e-02,1.285417,-1.23107339e-01,2.77224551e-03
0.994000,2.66581766e-02,1.91581766e-02,1.277212,-1.23079091e-01,2.71787792e-03
0.995000,2.65350871e-02,1.90350871e-02,1.269006,-1.23089447e-01,2.76262141e-03
0.996000,2.64119774e-02,1.89119774e-02,1.260798,-1.23109745e-01,2.84630304e-03
0.997000,2.62888768e-02,1.87888768e-02,1.252592,-1.23100550e-01,2.83199391e-03
0.998000,2.61658104e-02,1.86658104e-02,1.244387,-1.23066404e-01,2.76138759e-03
0.999000,2.60427610e-02,1.85427610e-02,1.236184,-1.23049443e-01,2.70943159e-03
1.000000,2.59196961e-02,1.84196961e-02,1.227980,-1.23064858e-01,2.81537827e-03
1.001000,2.57966175e-02,1.82966175e-02,1.219775,-1.23078600e-01,2.86309256e-03
1.002000,2.56735684e-02,1.81735684e-02,1.211571,-1.23049111e-01,2.77232400e-03
1.003000,2.55505484e-02,1.80505484e-02,1.203370,-1.23020002e-01,2.72653115e-03
1.004000,2.54275196e-02,1.79275196e-02,1.195168,-1.23028801e-01,2.77745391e-03
1.005000,2.53044760e-02,1.78044760e-02,1.186965,-1.23043635e-01,2.84482155e-03
1.006000,2.51814462e-02,1.76814462e-02,1.178763,-1.23029831e-01,2.82907542e-03
1.007000,2.50584495e-02,1.75584495e-02,1.170563,-1.22996687e-01,2.77225674e-03
1.008000,2.49354707e-02,1.74354707e-02,1.162365,-1.22978762e-01,2.72121462e-03
1.009000,2.48124822e-02,1.73124822e-02,1.154165,-1.22988524e-01,2.80723319e-03
1.010000,2.46894824e-02,1.71894824e-02,1.145965,-1.22999837e-01,2.85771601e-03
1.011000,2.45665084e-02,1.70665084e-02,1.137767,-1.22973973e-01,2.79156528e-03
1.012000,2.44435652e-02,1.69435652e-02,1.129571,-1.22943228e-01,2.73507618e-03
1.013000,2.43206210e-02,1.68206210e-02,1.121375,-1.22944197e-01,2.77682800e-03
1.014000,2.41976646e-02,1.66976646e-02,1.113178,-1.22956335e-01,2.83901269e-03
1.015000,2.40747209e-02,1.65747209e-02,1.104981,-1.22943764e-01,2.84945949e-03
1.016000,2.39518119e-02,1.64518119e-02,1.096787,-1.22908923e-01,2.75789422e-03
1.017000,2.38289251e-02,1.63289251e-02,1.088595,-1.22886844e-01,2.73326446e-03
1.018000,2.37060259e-02,1.62060259e-02,1.080402,-1.22899191e-01,2.81114290e-03
1.019000,2.35831200e-02,1.60831200e-02,1.072208,-1.22905856e-01,2.86830435e-03
1.020000,2.34602432e-02,1.59602432e-02,1.064016,-1.22876835e-01,2.80840520e-03
1.021000,2.33374036e-02,1.58374036e-02,1.055827,-1.22839635e-01,2.74087139e-03
1.022000,2.32145695e-02,1.57145695e-02,1.047638,-1.22834049e-01,2.76261899e-03
1.023000,2.30917227e-02,1.55917227e-02,1.039448,-1.22846796e-01,2.85746256e-03
1.024000,2.29688871e-02,1.54688871e-02,1.031259,-1.22835628e-01,2.86759036e-03
1.025000,2.28460956e-02,1.53460956e-02,1.023073,-1.22791522e-01,2.77240649e-03
1.026000,2.27233347e-02,1.52233347e-02,1.014889,-1.22760922e-01,2.74166147e-03
1.027000,2.26005676e-02,1.51005676e-02,1.006705,-1.22767019e-01,2.80542794e-03
1.028000,2.24777957e-02,1.49777957e-02,0.998520,-1.22771936e-01,2.88450142e-03
1.029000,2.23550538e-02,1.48550538e-02,0.990337,-1.22741928e-01,2.81426963e-03
1.030000,2.22323554e-02,1.47323554e-02,0.982157,-1.22698371e-01,2.74246910e-03
1.031000,2.21096648e-02,1.46096648e-02,0.973978,-1.22690577e-01,2.77307518e-03
1.032000,2.19869639e-02,1.44869639e-02,0.965798,-1.22700950e-01,2.88281777e-03
1.033000,2.18642820e-02,1.43642820e-02,0.957619,-1.22681865e-01,2.86240823e-03
1.034000,2.17416517e-02,1.42416517e-02,0.949443,-1.22630348e-01,2.77160788e-03
1.035000,2.16190501e-02,1.41190501e-02,0.941270,-1.22601591e-01,2.74324010e-03
1.036000,2.14964424e-02,1.39964424e-02,0.933096,-1.22607671e-01,2.82929893e-03
1.037000,2.13738346e-02,1.38738346e-02,0.924922,-1.22607849e-01,2.88821076e-03
1.038000,2.12512652e-02,1.37512652e-02,0.916751,-1.22569345e-01,2.84017841e-03
1.039000,2.11287452e-02,1.36287452e-02,0.908583,-1.22519988e-01,2.75106341e-03
1.040000,2.10062431e-02,1.35062431e-02,0.900416,-1.22502165e-01,2.75620542e-03
1.041000,2.08837304e-02,1.33837304e-02,0.892249,-1.22512699e-01,2.91080852e-03
1.042000,2.07612361e-02,1.32612361e-02,0.884082,-1.22494205e-01,2.89238641e-03
1.043000,2.06388080e-02,1.31388080e-02,0.875921,-1.22428194e-01,2.75165696e-03
1.044000,2.05164148e-02,1.30164148e-02,0.867761,-1.22393120e-01,2.74184156e-03
1.045000,2.03940088e-02,1.28940088e-02,0.859601,-1.22405999e-01,2.85652436e-03
1.046000,2.02716070e-02,1.27716070e-02,0.851440,-1.22401821e-01,2.89622484e-03
1.047000,2.01492541e-02,1.26492541e-02,0.843284,-1.22352959e-01,2.85759527e-03
1.048000,2.00269562e-02,1.25269562e-02,0.835130,-1.22297891e-01,2.76450531e-03
1.049000,1.99046842e-02,1.24046842e-02,0.826979,-1.22271970e-01,2.76016267e-03
1.050000,1.97824068e-02,1.22824068e-02,0.818827,-1.22277390e-01,2.93053608e-03
1.051000,1.96601527e-02,1.21601527e-02,0.810677,-1.22254107e-01,2.94585911e-03
1.052000,1.95379805e-02,1.20379805e-02,0.802532,-1.22172162e-01,2.74810590e-03
1.053000,1.94158604e-02,1.19158604e-02,0.794391,-1.22120154e-01,2.74456883e-03
1.054000,1.92937267e-02,1.17937267e-02,0.786248,-1.22133717e-01,2.84566141e-03
1.055000,1.91715961e-02,1.16715961e-02,0.778106,-1.22130565e-01,2.92970916e-03
1.056000,1.90495167e-02,1.15495167e-02,0.769968,-1.22079350e-01,2.89731348e-03
1.057000,1.89275105e-02,1.14275105e-02,0.761834,-1.22006260e-01,2.80088919e-03
1.058000,1.88055496e-02,1.13055496e-02,0.753703,-1.21960862e-01,2.77921011e-03
1.059000,1.86835987e-02,1.11835987e-02,0.745573,-1.21950964e-01,2.90062974e-03
1.060000,1.85616719e-02,1.10616719e-02,0.737445,-1.21926715e-01,2.96154385e-03
1.061000,1.84398201e-02,1.09398201e-02,0.729321,-1.21851817e-01,2.80433899e-03
1.062000,1.83180354e-02,1.08180354e-02,0.721202,-1.21784714e-01,2.77409437e-03
1.063000,1.81962608e-02,1.06962608e-02,0.713084,-1.21774588e-01,2.86208299e-03
1.064000,1.80745020e-02,1.05745020e-02,0.704967,-1.21758836e-01,2.94699159e-03
1.065000,1.79528028e-02,1.04528028e-02,0.696854,-1.21699171e-01,2.90963310e-03
1.066000,1.78311846e-02,1.03311846e-02,0.688746,-1.21618227e-01,2.83435495e-03
1.067000,1.77096217e-02,1.02096217e-02,0.680641,-1.21562865e-01,2.80239244e-03
1.068000,1.75880839e-02,1.00880839e-02,0.672539,-1.21537877e-01,2.89393246e-03
1.069000,1.74665767e-02,9.96657670e-03,0.664438,-1.21507198e-01,2.96177744e-03
1.070000,1.73451422e-02,9.84514220e-03,0.656343,-1.21434459e-01,2.86457097e-03
1.071000,1.72237856e-02,9.72378560e-03,0.648252,-1.21356628e-01,2.79601085e-03
1.072000,1.71024627e-02,9.60246270e-03,0.640164,-1.21322845e-01,2.85027753e-03
1.073000,1.69811607e-02,9.48116070e-03,0.632077,-1.21301982e-01,2.98164061e-03
1.074000,1.68599207e-02,9.35992070e-03,0.623995,-1.21240067e-01,2.97040349e-03
1.075000,1.67387837e-02,9.23878370e-03,0.615919,-1.21136998e-01,2.87276309e-03
1.076000,1.66177288e-02,9.11772880e-03,0.607849,-1.21054885e-01,2.83216142e-03
1.077000,1.64967168e-02,8.99671680e-03,0.599781,-1.21012019e-01,2.88896453e-03
1.078000,1.63757443e-02,8.87574430e-03,0.591716,-1.20972443e-01,2.98203501e-03
1.079000,1.62548466e-02,8.75484660e-03,0.583656,-1.20897753e-01,2.92451846e-03
1.080000,1.61340439e-02,8.63404390e-03,0.575603,-1.20802668e-01,2.84047638e-03
1.081000,1.60133026e-02,8.51330260e-03,0.567554,-1.20741334e-01,2.86271322e-03
1.082000,1.58925989e-02,8.39259890e-03,0.559507,-1.20703669e-01,3.04259285e-03
1.083000,1.57719720e-02,8.27197200e-03,0.551465,-1.20626891e-01,3.04100376e-03
1.084000,1.56514807e-02,8.15148070e-03,0.543432,-1.20491319e-01,2.86160488e-03
1.085000,1.55310927e-02,8.03109270e-03,0.535406,-1.20387994e-01,2.84611794e-03
1.086000,1.54107464e-02,7.91074640e-03,0.527383,-1.20346324e-01,2.95285300e-03
1.087000,1.52904555e-02,7.79045550e-03,0.519364,-1.20290866e-01,3.06666792e-03
1.088000,1.51702753e-02,7.67027530e-03,0.511352,-1.20180228e-01,3.00322276e-03
1.089000,1.50502319e-02,7.55023190e-03,0.503349,-1.20043430e-01,2.89970994e-03
1.090000,1.49302861e-02,7.43028610e-03,0.495352,-1.19945774e-01,2.87492781e-03
1.091000,1.48103996e-02,7.31039960e-03,0.487360,-1.19886496e-01,3.02085471e-03
1.092000,1.46905900e-02,7.19059000e-03,0.479373,-1.19809551e-01,3.07373689e-03
1.093000,1.45709147e-02,7.07091470e-03,0.471394,-1.19675329e-01,3.00032583e-03
1.094000,1.44513780e-02,6.95137800e-03,0.463425,-1.19536723e-01,2.92385408e-03
1.095000,1.43319422e-02,6.83194220e-03,0.455463,-1.19435748e-01,2.96696962e-03
1.096000,1.42125900e-02,6.71259000e-03,0.447506,-1.19352264e-01,3.10134435e-03
1.097000,1.40933591e-02,6.59335910e-03,0.439557,-1.19230857e-01,3.10150531e-03
1.098000,1.39742938e-02,6.47429380e-03,0.431620,-1.19065291e-01,2.95051373e-03
1.099000,1.38553674e-02,6.35536740e-03,0.423691,-1.18926374e-01,2.95326592e-03
1.100000,1.37365309e-02,6.23653090e-03,0.415769,-1.18836558e-01,3.07414032e-03
1.101000,1.36178064e-02,6.11780640e-03,0.407854,-1.18724462e-01,3.14985148e-03
1.102000,1.34992471e-02,5.99924710e-03,0.399950,-1.18559281e-01,3.12705860e-03
1.103000,1.33808739e-02,5.88087390e-03,0.392058,-1.18373266e-01,3.02471638e-03
1.104000,1.32626610e-02,5.76266100e-03,0.384177,-1.18212834e-01,3.01484457e-03
1.105000,1.31445733e-02,5.64457330e-03,0.376305,-1.18087759e-01,3.12598632e-03
1.106000,1.30266270e-02,5.52662700e-03,0.368442,-1.17946272e-01,3.21037285e-03
1.107000,1.29088737e-02,5.40887370e-03,0.360592,-1.17753361e-01,3.12492834e-03
1.108000,1.27913258e-02,5.29132580e-03,0.352755,-1.17547847e-01,3.04440634e-03
1.109000,1.26739412e-02,5.17394120e-03,0.344929,-1.17384633e-01,3.10144999e-03
1.110000,1.25567034e-02,5.05670340e-03,0.337114,-1.17237776e-01,3.29183718e-03
1.111000,1.24396649e-02,4.93966490e-03,0.329311,-1.17038517e-01,3.30618081e-03
1.112000,1.23228907e-02,4.82289070e-03,0.321526,-1.16774196e-01,3.13372877e-03
1.113000,1.22063550e-02,4.70635500e-03,0.313757,-1.16535661e-01,3.12917478e-03
1.114000,1.20900005e-02,4.59000050e-03,0.306000,-1.16354566e-01,3.21676175e-03
1.115000,1.19738410e-02,4.47384100e-03,0.298256,-1.16159479e-01,3.31611403e-03
1.116000,1.18579229e-02,4.35792290e-03,0.290528,-1.15918057e-01,3.36028812e-03
1.117000,1.17422867e-02,4.24228670e-03,0.282819,-1.15636194e-01,3.26465168e-03
1.118000,1.16269300e-02,4.12693000e-03,0.275129,-1.15356737e-01,3.21774603e-03
1.119000,1.15118130e-02,4.01181300e-03,0.267454,-1.15116983e-01,3.36194364e-03
1.120000,1.13969459e-02,3.89694590e-03,0.259796,-1.14867133e-01,3.44563404e-03
1.121000,1.12823907e-02,3.78239070e-03,0.252159,-1.14555127e-01,3.45437396e-03
1.122000,1.11681767e-02,3.66817670e-03,0.244545,-1.14214091e-01,3.38383715e-03
1.123000,1.10542940e-02,3.55429400e-03,0.236953,-1.13882657e-01,3.37588910e-03
1.124000,1.09407182e-02,3.44071820e-03,0.229381,-1.13575795e-01,3.46011798e-03
1.125000,1.08274616e-02,3.32746160e-03,0.221831,-1.13256648e-01,3.57081339e-03
1.126000,1.07145713e-02,3.21457130e-03,0.214305,-1.12890263e-01,3.60795990e-03
1.127000,1.06020903e-02,3.10209030e-03,0.206806,-1.12480956e-01,3.53805025e-03
1.128000,1.04900185e-02,2.99001850e-03,0.199335,-1.12071812e-01,3.52928712e-03
1.129000,1.03783313e-02,2.87833130e-03,0.191889,-1.11687177e-01,3.66901326e-03
1.130000,1.02670506e-02,2.76705060e-03,0.184470,-1.11280711e-01,3.77116518e-03
1.131000,1.01562403e-02,2.65624030e-03,0.177083,-1.10810292e-01,3.81305447e-03
1.132000,1.00459414e-02,2.54594140e-03,0.169729,-1.10298917e-01,3.76901430e-03
1.133000,9.93615986e-03,2.43615986e-03,0.162411,-1.09781574e-01,3.79544145e-03
1.134000,9.82688584e-03,2.32688584e-03,0.155126,-1.09274020e-01,3.91169280e-03
1.135000,9.71814861e-03,2.21814861e-03,0.147877,-1.08737230e-01,4.03486219e-03
1.136000,9.61000813e-03,2.11000813e-03,0.140667,-1.08140480e-01,4.13933260e-03
1.137000,9.50252332e-03,2.00252332e-03,0.133502,-1.07484804e-01,4.10915624e-03
1.138000,9.39572317e-03,1.89572317e-03,0.126382,-1.06800156e-01,4.09999649e-03
1.139000,9.28959613e-03,1.78959613e-03,0.119306,-1.06127037e-01,4.30253325e-03
1.140000,9.18417502e-03,1.68417502e-03,0.112278,-1.05421111e-01,4.44809898e-03
1.141000,9.07955209e-03,1.57955209e-03,0.105303,-1.04622927e-01,4.57194457e-03
1.142000,8.97579705e-03,1.47579705e-03,0.098386,-1.03755036e-01,4.55258850e-03
1.143000,8.87294716e-03,1.37294716e-03,0.091530,-1.02849895e-01,4.70571424e-03
1.144000,8.77102313e-03,1.27102313e-03,0.084735,-1.01924032e-01,4.93207247e-03
1.145000,8.67011528e-03,1.17011528e-03,0.078008,-1.00907852e-01,5.20448604e-03
1.146000,8.57034612e-03,1.07034612e-03,0.071356,-9.97691589e-02,5.38102737e-03
1.147000,8.47183634e-03,9.71836340e-04,0.064789,-9.85097818e-02,5.43359126e-03
1.148000,8.37465320e-03,8.74653200e-04,0.058310,-9.71831306e-02,5.49761812e-03
1.149000,8.27882531e-03,7.78825310e-04,0.051922,-9.58278942e-02,5.75473628e-03
1.150000,8.18441915e-03,6.84419150e-04,0.045628,-9.44061619e-02,6.22540745e-03
1.151000,8.09160239e-03,5.91602390e-04,0.039440,-9.28167552e-02,6.58948063e-03
1.152000,8.00059400e-03,5.00594000e-04,0.033373,-9.10083908e-02,7.02121931e-03
1.153000,7.91158989e-03,4.11589890e-04,0.027439,-8.90041112e-02,7.37182141e-03
1.154000,7.82479385e-03,3.24793850e-04,0.021653,-8.67960420e-02,7.75161983e-03
1.155000,7.74038818e-03,2.40388180e-04,0.016026,-8.44056668e-02,8.48785004e-03
1.156000,7.65862782e-03,1.58627820e-04,0.010575,-8.17603660e-02,9.58186792e-03
1.157000,7.57994801e-03,7.99480100e-05,0.005330,-7.86798114e-02,1.07245534e-02
1.158000,7.50491011e-03,4.91011000e-06,0.000327,-7.50378937e-02,1.15804514e-02
1.159000,7.50000000e-03,0.00000000e+00,0.000000,-4.91011139e-03,-4.70716774e-02
1.160000,7.50000000e-03,0.00000000e+00,0.000000,-1.73472348e-18,-4.36381118e-02
1.161000,7.50000000e-03,0.00000000e+00,0.000000,-3.46944695e-18,-2.03717149e-02
1.162000,7.50000000e-03,0.00000000e+00,0.000000,-3.46944695e-18,-1.47786436e-03
1.163000,7.50000000e-03,0.00000000e+00,0.000000,-1.73472348e-18,6.61856458e-03
1.164000,7.50000000e-03,0.00000000e+00,0.000000,-1.08420217e-19,7.27215132e-03
1.165000,7.50205821e-03,2.05821000e-06,0.000137,2.05820576e-03,3.60431082e-03
1.166000,7.50574065e-03,5.74065000e-06,0.000383,3.68244258e-03,7.50002778e-04
1.167000,7.50933800e-03,9.33800000e-06,0.000623,3.59735322e-03,1.00581197e-03
1.168000,7.51195810e-03,1.19581000e-05,0.000797,2.62010339e-03,2.94402626e-03
1.169000,7.51402772e-03,1.40277200e-05,0.000935,2.06961667e-03,4.22067320e-03
1.170000,7.51640915e-03,1.64091500e-05,0.001094,2.38142926e-03,3.97045093e-03
1.171000,7.51947741e-03,1.94774100e-05,0.001298,3.06826280e-03,3.02767874e-03
1.172000,7.52298361e-03,2.29836100e-05,0.001532,3.50620087e-03,2.52854503e-03
1.173000,7.52652987e-03,2.65298700e-05,0.001769,3.54625223e-03,2.75401236e-03
1.174000,7.52999212e-03,2.99921200e-05,0.001999,3.46225199e-03,3.20992197e-03
1.175000,7.53352504e-03,3.35250400e-05,0.002235,3.53292112e-03,3.40869730e-03
1.176000,7.53731351e-03,3.73135100e-05,0.002488,3.78846898e-03,3.25534616e-03
1.177000,7.54139569e-03,4.13956900e-05,0.002760,4.08217919e-03,3.01614181e-03
1.178000,7.54567891e-03,4.56789100e-05,0.003045,4.28322598e-03,2.90990219e-03
1.179000,7.55006584e-03,5.00658400e-05,0.003338,4.38692719e-03,2.93901701e-03
1.180000,7.55452673e-03,5.45267300e-05,0.003635,4.46088635e-03,3.02003184e-03
1.181000,7.55908546e-03,5.90854600e-05,0.003939,4.55873382e-03,3.01537304e-03
1.182000,7.56376783e-03,6.37678300e-05,0.004251,4.68236392e-03,2.91108608e-03
1.183000,7.56855385e-03,6.85538500e-05,0.004570,4.78602201e-03,2.81876169e-03
1.184000,7.57339295e-03,7.33929500e-05,0.004893,4.83910417e-03,2.77419777e-03
1.185000,7.57824694e-03,7.82469400e-05,0.005216,4.85398499e-03,2.77466520e-03
1.186000,7.58310125e-03,8.31012500e-05,0.005540,4.85431301e-03,2.73314032e-03
1.187000,7.58794870e-03,8.79487000e-05,0.005863,4.84745133e-03,2.67332411e-03
1.188000,7.59276508e-03,9.27650800e-05,0.006184,4.81637443e-03,2.63661465e-03
1.189000,7.59752424e-03,9.75242400e-05,0.006502,4.75916133e-03,2.61656059e-03
1.190000,7.60221058e-03,1.02210580e-04,0.006814,4.68634596e-03,2.59444158e-03
1.191000,7.60681362e-03,1.06813620e-04,0.007121,4.60303304e-03,2.52652645e-03
1.192000,7.61131406e-03,1.11314060e-04,0.007421,4.50044588e-03,2.47381167e-03
1.193000,7.61568029e-03,1.15680290e-04,0.007712,4.36623234e-03,2.47048963e-03
1.194000,7.61989441e-03,1.19894410e-04,0.007993,4.21411902e-03,2.45258566e-03
1.195000,7.62395216e-03,1.23952160e-04,0.008263,4.05774858e-03,2.43541714e-03
1.196000,7.62784462e-03,1.27844620e-04,0.008523,3.89246214e-03,2.42236666e-03
1.197000,7.63156385e-03,1.31563850e-04,0.008771,3.71922947e-03,2.42048906e-03
1.198000,7.63510523e-03,1.35105230e-04,0.009007,3.54137880e-03,2.42080890e-03
1.199000,7.63846820e-03,1.38468200e-04,0.009231,3.36296805e-03,2.42212548e-03
1.200000,7.64165310e-03,1.41653100e-04,0.009444,3.18489517e-03,2.42820404e-03
1.201000,7.64466142e-03,1.44661420e-04,0.009644,3.00832960e-03,2.43535785e-03
1.202000,7.64749645e-03,1.47496450e-04,0.009833,2.83502538e-03,2.43622148e-03
1.203000,7.65016067e-03,1.50160670e-04,0.010011,2.66422331e-03,2.43551674e-03
1.204000,7.65265425e-03,1.52654250e-04,0.010177,2.49358025e-03,2.43896369e-03
1.205000,7.65497757e-03,1.54977570e-04,0.010332,2.32331529e-03,2.45394834e-03
1.206000,7.65713440e-03,1.57134400e-04,0.010476,2.15683223e-03,2.46735380e-03
1.207000,7.65913204e-03,1.59132040e-04,0.010609,1.99764096e-03,2.47483974e-03
1.208000,7.66097622e-03,1.60976220e-04,0.010732,1.84417604e-03,2.46915821e-03
1.209000,7.66266838e-03,1.62668380e-04,0.010845,1.69216491e-03,2.45323896e-03
1.210000,7.66420386e-03,1.64203860e-04,0.010947,1.53547273e-03,2.44546376e-03
1.211000,7.66557603e-03,1.65576030e-04,0.011038,1.37217748e-03,2.45394318e-03
1.212000,7.66678386e-03,1.66783860e-04,0.011119,1.20782823e-03,2.46937035e-03
1.213000,7.66783285e-03,1.67832850e-04,0.011189,1.04899187e-03,2.47992439e-03
1.214000,7.66872994e-03,1.68729940e-04,0.011249,8.97088382e-04,2.49003917e-03
1.215000,7.66948038e-03,1.69480380e-04,0.011299,7.50439687e-04,2.50195787e-03
1.216000,7.67008960e-03,1.70089600e-04,0.011339,6.09220527e-04,2.51438412e-03
1.217000,7.67056372e-03,1.70563720e-04,0.011371,4.74113088e-04,2.52417074e-03
1.218000,7.67090853e-03,1.70908530e-04,0.011394,3.44817271e-04,2.53772092e-03
1.219000,7.67112966e-03,1.71129660e-04,0.011409,2.21131723e-04,2.55075970e-03
1.220000,7.67123387e-03,1.71233870e-04,0.011416,1.04202020e-04,2.56256782e-03
1.221000,7.67122751e-03,1.71227510e-04,0.011415,-6.35741546e-06,2.57380605e-03
1.222000,7.67111646e-03,1.71116460e-04,0.011408,-1.11051534e-04,2.58552269e-03
1.223000,7.67090647e-03,1.70906470e-04,0.011394,-2.09982894e-04,2.59796604e-03
1.224000,7.67060361e-03,1.70603610e-04,0.011374,-3.02865866e-04,2.61062239e-03
1.225000,7.67021418e-03,1.70214180e-04,0.011348,-3.89424122e-04,2.62535719e-03
1.226000,7.66974496e-03,1.69744960e-04,0.011316,-4.69220159e-04,2.63502387e-03
1.227000,7.66920250e-03,1.69202500e-04,0.011280,-5.42467623e-04,2.64477180e-03
1.228000,7.66859168e-03,1.68591680e-04,0.011239,-6.10816592e-04,2.65642913e-03
1.229000,7.66791778e-03,1.67917780e-04,0.011195,-6.73902724e-04,2.67009237e-03
1.230000,7.66718703e-03,1.67187030e-04,0.011146,-7.30744224e-04,2.68292688e-03
1.231000,7.66640620e-03,1.66406200e-04,0.011094,-7.80828872e-04,2.69411061e-03
1.232000,7.66558148e-03,1.65581480e-04,0.011039,-8.24720760e-04,2.70294747e-03
1.233000,7.66471811e-03,1.64718110e-04,0.010981,-8.63377041e-04,2.71182917e-03
1.234000,7.66382055e-03,1.63820550e-04,0.010921,-8.97560534e-04,2.72163563e-03
1.235000,7.66289345e-03,1.62893450e-04,0.010860,-9.27092982e-04,2.73382454e-03
1.236000,7.66194220e-03,1.61942200e-04,0.010796,-9.51249369e-04,2.74533111e-03
1.237000,7.66097284e-03,1.60972840e-04,0.010732,-9.69367927e-04,2.75305226e-03
1.238000,7.65999049e-03,1.59990490e-04,0.010666,-9.82342157e-04,2.76034686e-03
1.239000,7.65899900e-03,1.58999000e-04,0.010600,-9.91490679e-04,2.76663535e-03
1.240000,7.65800187e-03,1.58001870e-04,0.010533,-9.97131496e-04,2.77851241e-03
1.241000,7.65700326e-03,1.57003260e-04,0.010467,-9.98606752e-04,2.79190955e-03
1.242000,7.65600945e-03,1.56009450e-04,0.010401,-9.93812270e-04,2.80260544e-03
1.243000,7.65502673e-03,1.55026730e-04,0.010335,-9.82726518e-04,2.80972692e-03
1.244000,7.65405986e-03,1.54059860e-04,0.010271,-9.66868721e-04,2.81533597e-03
1.245000,7.65311218e-03,1.53112180e-04,0.010207,-9.47680226e-04,2.82124758e-03
1.246000,7.65218657e-03,1.52186570e-04,0.010146,-9.25604232e-04,2.82739554e-03
1.247000,7.65128607e-03,1.51286070e-04,0.010086,-9.00499581e-04,2.83465149e-03
1.248000,7.65041398e-03,1.50413980e-04,0.010028,-8.72092713e-04,2.83970263e-03
1.249000,7.64957357e-03,1.49573570e-04,0.009972,-8.40409647e-04,2.84355328e-03
1.250000,7.64876718e-03,1.48767180e-04,0.009918,-8.06386765e-04,2.84629203e-03
1.251000,7.64799657e-03,1.47996570e-04,0.009866,-7.70614955e-04,2.84937252e-03
1.252000,7.64726317e-03,1.47263170e-04,0.009818,-7.33398948e-04,2.85525783e-03
1.253000,7.64656904e-03,1.46569040e-04,0.009771,-6.94130509e-04,2.86071444e-03
1.254000,7.64591707e-03,1.45917070e-04,0.009728,-6.51964306e-04,2.86158765e-03
1.255000,7.64530922e-03,1.45309220e-04,0.009687,-6.07851654e-04,2.86066520e-03
1.256000,7.64474561e-03,1.44745610e-04,0.009650,-5.63615351e-04,2.86064043e-03
1.257000,7.64422592e-03,1.44225920e-04,0.009615,-5.19686376e-04,2.86205614e-03
1.258000,7.64375041e-03,1.43750410e-04,0.009583,-4.75515185e-04,2.86376174e-03
1.259000,7.64331983e-03,1.43319830e-04,0.009555,-4.30577435e-04,2.86451690e-03
1.260000,7.64293488e-03,1.42934880e-04,0.009529,-3.84945998e-04,2.86418081e-03
1.261000,7.64259576e-03,1.42595760e-04,0.009506,-3.39125989e-04,2.86326991e-03
1.262000,7.64230218e-03,1.42302180e-04,0.009487,-2.93577441e-04,2.86239836e-03
1.263000,7.64205370e-03,1.42053700e-04,0.009470,-2.48482169e-04,2.86163339e-03
1.264000,7.64184989e-03,1.41849890e-04,0.009457,-2.03808403e-04,2.86074569e-03
1.265000,7.64169035e-03,1.41690350e-04,0.009446,-1.59542846e-04,2.85952760e-03
1.266000,7.64157456e-03,1.41574560e-04,0.009438,-1.15784229e-04,2.85782177e-03
1.267000,7.64150183e-03,1.41501830e-04,0.009433,-7.27273058e-05,2.85584492e-03
1.268000,7.64147125e-03,1.41471250e-04,0.009431,-3.05801860e-05,2.85376752e-03
1.269000,7.64148180e-03,1.41481800e-04,0.009432,1.05503393e-05,2.85161529e-03
1.270000,7.64153242e-03,1.41532420e-04,0.009435,5.06180177e-05,2.84931781e-03
1.271000,7.64162200e-03,1.41622000e-04,0.009441,8.95725896e-05,2.84682253e-03
1.272000,7.64174933e-03,1.41749330e-04,0.009450,1.27331373e-04,2.84414740e-03
1.273000,7.64191312e-03,1.41913120e-04,0.009461,1.63797600e-04,2.84134474e-03
1.274000,7.64211201e-03,1.42112010e-04,0.009474,1.98889655e-04,2.83848718e-03
1.275000,7.64234457e-03,1.42344570e-04,0.009490,2.32555948e-04,2.83555750e-03
1.276000,7.64260934e-03,1.42609340e-04,0.009507,2.64765694e-04,2.83254187e-03
1.277000,7.64290482e-03,1.42904820e-04,0.009527,2.95480009e-04,2.82945179e-03
1.278000,7.64322947e-03,1.43229470e-04,0.009549,3.24657501e-04,2.82638403e-03
1.279000,7.64358175e-03,1.43581750e-04,0.009572,3.52277666e-04,2.82329383e-03
1.280000,7.64396009e-03,1.43960090e-04,0.009597,3.78343864e-04,2.82004027e-03
1.281000,7.64436291e-03,1.44362910e-04,0.009624,4.02819839e-04,2.81668060e-03
1.282000,7.64478855e-03,1.44788550e-04,0.009653,4.25633176e-04,2.81334662e-03
1.283000,7.64523530e-03,1.45235300e-04,0.009682,4.46753571e-04,2.81010588e-03
1.284000,7.64570151e-03,1.45701510e-04,0.009713,4.66205945e-04,2.80710996e-03
1.285000,7.64618557e-03,1.46185570e-04,0.009746,4.84064218e-04,2.80391122e-03
1.286000,7.64668594e-03,1.46685940e-04,0.009779,5.00372926e-04,2.80081986e-03
1.287000,7.64720103e-03,1.47201030e-04,0.009813,5.15084447e-04,2.79563983e-03
1.288000,7.64772889e-03,1.47728890e-04,0.009849,5.27864688e-04,2.79098212e-03
1.289000,7.64826701e-03,1.48267010e-04,0.009884,5.38120065e-04,2.78949942e-03
1.290000,7.64881360e-03,1.48813600e-04,0.009921,5.46583583e-04,2.78834296e-03
1.291000,7.64936795e-03,1.49367950e-04,0.009958,5.54355654e-04,2.78606691e-03
1.292000,7.64992930e-03,1.49929300e-04,0.009995,5.61345431e-04,2.78276688e-03
1.293000,7.65049630e-03,1.50496300e-04,0.010033,5.67004144e-04,2.77875027e-03
1.294000,7.65106717e-03,1.51067170e-04,0.010071,5.70868785e-04,2.77661631e-03
1.295000,7.65164021e-03,1.51640210e-04,0.010109,5.73036947e-04,2.77508450e-03
1.296000,7.65221444e-03,1.52214440e-04,0.010148,5.74233399e-04,2.77209516e-03
1.297000,7.65278884e-03,1.52788840e-04,0.010186,5.74398151e-04,2.76975677e-03
1.298000,7.65336201e-03,1.53362010e-04,0.010224,5.73167640e-04,2.76763181e-03
1.299000,7.65393280e-03,1.53932800e-04,0.010262,5.70793392e-04,2.76598143e-03
1.300000,7.65450023e-03,1.54500230e-04,0.010300,5.67429424e-04,2.76431582e-03
