# FeatFloWer certified run q2p1_dns_rundir_e4_l3_dt0p25_sync (particle_force.log, every CFD step)
# case=E4 level=L3 D/h=23.918 dt=0.00025 s; quarter-box benchSym mesh, FBM Q2/P1, serial PE HardContactAndFluid, lubrication OFF
# columns: t_s, z_center_m, gap_m (=z_center-0.0075), h_over_d (=gap/0.015), u_z_mps, F_z_N (hydrodynamic force on the sphere, full-sphere value)
0.000250,1.27500000e-01,1.20000000e-01,8.000000,0.00000000e+00,0.00000000e+00
0.000500,1.27499912e-01,1.19999912e-01,7.999994,-3.50357143e-04,8.51846033e-04
0.000750,1.27499747e-01,1.19999747e-01,7.999983,-6.63054423e-04,1.37168495e-03
0.001000,1.27499526e-01,1.19999526e-01,7.999968,-8.82830031e-04,1.26444606e-03
0.001250,1.27499260e-01,1.19999260e-01,7.999951,-1.06466592e-03,9.52909744e-04
0.001500,1.27498943e-01,1.19998943e-01,7.999930,-1.26907945e-03,8.40870950e-04
0.001750,1.27498566e-01,1.19998566e-01,7.999904,-1.50402448e-03,9.50886544e-04
0.002000,1.27498131e-01,1.19998131e-01,7.999875,-1.74330456e-03,1.08880799e-03
0.002250,1.27497639e-01,1.19997639e-01,7.999843,-1.96745448e-03,1.12802662e-03
0.002500,1.27497094e-01,1.19997094e-01,7.999806,-2.17854669e-03,1.09349914e-03
0.002750,1.27496497e-01,1.19996497e-01,7.999766,-2.38794535e-03,1.06531383e-03
0.003000,1.27495847e-01,1.19995847e-01,7.999723,-2.60142491e-03,1.07823149e-03
0.003250,1.27495143e-01,1.19995143e-01,7.999676,-2.81664751e-03,1.11140002e-03
0.003500,1.27494385e-01,1.19994385e-01,7.999626,-3.02934314e-03,1.13538933e-03
0.003750,1.27493576e-01,1.19993576e-01,7.999572,-3.23825496e-03,1.14281374e-03
0.004000,1.27492715e-01,1.19992715e-01,7.999514,-3.44486893e-03,1.14483515e-03
0.004250,1.27491802e-01,1.19991802e-01,7.999453,-3.65078396e-03,1.15204915e-03
0.004500,1.27490838e-01,1.19990838e-01,7.999389,-3.85621410e-03,1.16534421e-03
0.004750,1.27489823e-01,1.19989823e-01,7.999322,-4.06046418e-03,1.17813268e-03
0.005000,1.27488757e-01,1.19988757e-01,7.999250,-4.26305730e-03,1.18716097e-03
0.005250,1.27487641e-01,1.19987641e-01,7.999176,-4.46420130e-03,1.19520429e-03
0.005500,1.27486475e-01,1.19986475e-01,7.999098,-4.66424846e-03,1.20309952e-03
0.005750,1.27485259e-01,1.19985259e-01,7.999017,-4.86328618e-03,1.20986999e-03
0.006000,1.27483994e-01,1.19983994e-01,7.998933,-5.06137636e-03,1.21867628e-03
0.006250,1.27482679e-01,1.19982679e-01,7.998845,-5.25852133e-03,1.22601772e-03
0.006500,1.27481315e-01,1.19981315e-01,7.998754,-5.45461871e-03,1.23464639e-03
0.006750,1.27479903e-01,1.19979903e-01,7.998660,-5.64973186e-03,1.24646806e-03
0.007000,1.27478442e-01,1.19978442e-01,7.998563,-5.84361393e-03,1.25442995e-03
0.007250,1.27476933e-01,1.19976933e-01,7.998462,-6.03617340e-03,1.25585542e-03
0.007500,1.27475376e-01,1.19975376e-01,7.998358,-6.22801615e-03,1.25998778e-03
0.007750,1.27473771e-01,1.19973771e-01,7.998251,-6.41955918e-03,1.26903199e-03
0.008000,1.27472118e-01,1.19972118e-01,7.998141,-6.61036308e-03,1.27834809e-03
0.008250,1.27470418e-01,1.19970418e-01,7.998028,-6.80001255e-03,1.28579626e-03
0.008500,1.27468671e-01,1.19968671e-01,7.997911,-6.98856786e-03,1.29039544e-03
0.008750,1.27466877e-01,1.19966877e-01,7.997792,-7.17630832e-03,1.29649348e-03
0.009000,1.27465036e-01,1.19965036e-01,7.997669,-7.36340157e-03,1.30324763e-03
0.009250,1.27463149e-01,1.19963149e-01,7.997543,-7.54969556e-03,1.31147910e-03
0.009500,1.27461215e-01,1.19961215e-01,7.997414,-7.73507109e-03,1.31706959e-03
0.009750,1.27459235e-01,1.19959235e-01,7.997282,-7.91952363e-03,1.32208702e-03
0.010000,1.27457210e-01,1.19957210e-01,7.997147,-8.10329536e-03,1.33359894e-03
0.010250,1.27455138e-01,1.19955138e-01,7.997009,-8.28614619e-03,1.34013941e-03
0.010500,1.27453021e-01,1.19953021e-01,7.996868,-8.46776270e-03,1.34629856e-03
0.010750,1.27450859e-01,1.19950859e-01,7.996724,-8.64856992e-03,1.34548544e-03
0.011000,1.27448652e-01,1.19948652e-01,7.996577,-8.82890740e-03,1.35276661e-03
0.011250,1.27446399e-01,1.19946399e-01,7.996427,-9.00898974e-03,1.35527372e-03
0.011500,1.27444102e-01,1.19944102e-01,7.996273,-9.18836344e-03,1.35969584e-03
0.011750,1.27441761e-01,1.19941761e-01,7.996117,-9.36733578e-03,1.36567050e-03
0.012000,1.27439374e-01,1.19939374e-01,7.995958,-9.54568092e-03,1.37235382e-03
0.012250,1.27436943e-01,1.19936943e-01,7.995796,-9.72324005e-03,1.37768210e-03
0.012500,1.27434468e-01,1.19934468e-01,7.995631,-9.90001489e-03,1.37614644e-03
0.012750,1.27431949e-01,1.19931949e-01,7.995463,-1.00764201e-02,1.37759025e-03
0.013000,1.27429386e-01,1.19929386e-01,7.995292,-1.02528877e-02,1.38046819e-03
0.013250,1.27426779e-01,1.19926779e-01,7.995119,-1.04291094e-02,1.39008236e-03
0.013500,1.27424127e-01,1.19924127e-01,7.994942,-1.06046698e-02,1.39559393e-03
0.013750,1.27421433e-01,1.19921433e-01,7.994762,-1.07791972e-02,1.39977638e-03
0.014000,1.27418694e-01,1.19918694e-01,7.994580,-1.09530871e-02,1.40210994e-03
0.014250,1.27415913e-01,1.19915913e-01,7.994394,-1.11265305e-02,1.40221963e-03
0.014500,1.27413088e-01,1.19913088e-01,7.994206,-1.12997775e-02,1.41565169e-03
0.014750,1.27410220e-01,1.19910220e-01,7.994015,-1.14724216e-02,1.41994802e-03
0.015000,1.27407309e-01,1.19907309e-01,7.993821,-1.16437730e-02,1.42063997e-03
0.015250,1.27404355e-01,1.19904355e-01,7.993624,-1.18147410e-02,1.41861221e-03
0.015500,1.27401359e-01,1.19901359e-01,7.993424,-1.19857419e-02,1.42702472e-03
0.015750,1.27398320e-01,1.19898320e-01,7.993221,-1.21565373e-02,1.43367513e-03
0.016000,1.27395238e-01,1.19895238e-01,7.993016,-1.23263480e-02,1.44249364e-03
0.016250,1.27392114e-01,1.19892114e-01,7.992808,-1.24952228e-02,1.44529584e-03
0.016500,1.27388948e-01,1.19888948e-01,7.992597,-1.26632498e-02,1.44684945e-03
0.016750,1.27385741e-01,1.19885741e-01,7.992383,-1.28309779e-02,1.44957567e-03
0.017000,1.27382491e-01,1.19882491e-01,7.992166,-1.29984580e-02,1.45542421e-03
0.017250,1.27379200e-01,1.19879200e-01,7.991947,-1.31654557e-02,1.46231716e-03
0.017500,1.27375867e-01,1.19875867e-01,7.991724,-1.33316684e-02,1.45962237e-03
0.017750,1.27372492e-01,1.19872492e-01,7.991499,-1.34974344e-02,1.46117555e-03
0.018000,1.27369077e-01,1.19869077e-01,7.991272,-1.36633529e-02,1.46847369e-03
0.018250,1.27365619e-01,1.19865619e-01,7.991041,-1.38288213e-02,1.47319601e-03
0.018500,1.27362121e-01,1.19862121e-01,7.990808,-1.39934817e-02,1.48240760e-03
0.018750,1.27358582e-01,1.19858582e-01,7.990572,-1.41573471e-02,1.48041328e-03
0.019000,1.27355001e-01,1.19855001e-01,7.990333,-1.43205444e-02,1.47711125e-03
0.019250,1.27351380e-01,1.19851380e-01,7.990092,-1.44840515e-02,1.48276263e-03
0.019500,1.27347719e-01,1.19847719e-01,7.989848,-1.46475797e-02,1.48945087e-03
0.019750,1.27344016e-01,1.19844016e-01,7.989601,-1.48103483e-02,1.48763527e-03
0.020000,1.27340273e-01,1.19840273e-01,7.989352,-1.49726481e-02,1.48601037e-03
0.020250,1.27336489e-01,1.19836489e-01,7.989099,-1.51351687e-02,1.49185239e-03
0.020500,1.27332665e-01,1.19832665e-01,7.988844,-1.52975645e-02,1.49686459e-03
0.020750,1.27328800e-01,1.19828800e-01,7.988587,-1.54592590e-02,1.50047695e-03
0.021000,1.27324895e-01,1.19824895e-01,7.988326,-1.56203823e-02,1.49984290e-03
0.021250,1.27320949e-01,1.19820949e-01,7.988063,-1.57812371e-02,1.50221298e-03
0.021500,1.27316964e-01,1.19816964e-01,7.987798,-1.59420391e-02,1.50881281e-03
0.021750,1.27312938e-01,1.19812938e-01,7.987529,-1.61023548e-02,1.51070546e-03
0.022000,1.27308873e-01,1.19808873e-01,7.987258,-1.62620449e-02,1.52316847e-03
0.022250,1.27304768e-01,1.19804768e-01,7.986985,-1.64210287e-02,1.52936414e-03
0.022500,1.27300623e-01,1.19800623e-01,7.986708,-1.65787152e-02,1.53839333e-03
0.022750,1.27296439e-01,1.19796439e-01,7.986429,-1.67354940e-02,1.53657627e-03
0.023000,1.27292216e-01,1.19792216e-01,7.986148,-1.68916117e-02,1.54030674e-03
0.023250,1.27287954e-01,1.19787954e-01,7.985864,-1.70477136e-02,1.54222892e-03
0.023500,1.27283653e-01,1.19783653e-01,7.985577,-1.72034244e-02,1.54442372e-03
0.023750,1.27279314e-01,1.19779314e-01,7.985288,-1.73588802e-02,1.55832106e-03
0.024000,1.27274935e-01,1.19774935e-01,7.984996,-1.75135415e-02,1.55746825e-03
0.024250,1.27270518e-01,1.19770518e-01,7.984701,-1.76670994e-02,1.54865751e-03
0.024500,1.27266063e-01,1.19766063e-01,7.984404,-1.78211169e-02,1.54823309e-03
0.024750,1.27261569e-01,1.19761569e-01,7.984105,-1.79758765e-02,1.55471372e-03
0.025000,1.27257037e-01,1.19757037e-01,7.983802,-1.81303845e-02,1.55738608e-03
0.025250,1.27252466e-01,1.19752466e-01,7.983498,-1.82842423e-02,1.56055813e-03
0.025500,1.27247856e-01,1.19747856e-01,7.983190,-1.84377404e-02,1.55807175e-03
0.025750,1.27243208e-01,1.19743208e-01,7.982881,-1.85910880e-02,1.56595229e-03
0.026000,1.27238522e-01,1.19738522e-01,7.982568,-1.87442913e-02,1.57388051e-03
0.026250,1.27233798e-01,1.19733798e-01,7.982253,-1.88964971e-02,1.57774535e-03
0.026500,1.27229036e-01,1.19729036e-01,7.981936,-1.90478811e-02,1.58534754e-03
0.026750,1.27224236e-01,1.19724236e-01,7.981616,-1.91986117e-02,1.58565118e-03
0.027000,1.27219399e-01,1.19719399e-01,7.981293,-1.93487047e-02,1.58542630e-03
0.027250,1.27214525e-01,1.19714525e-01,7.980968,-1.94987827e-02,1.59268929e-03
0.027500,1.27209612e-01,1.19709612e-01,7.980641,-1.96485581e-02,1.58181302e-03
0.027750,1.27204663e-01,1.19704663e-01,7.980311,-1.97982180e-02,1.59148503e-03
0.028000,1.27199676e-01,1.19699676e-01,7.979978,-1.99483433e-02,1.59455529e-03
0.028250,1.27194651e-01,1.19694651e-01,7.979643,-2.00975388e-02,1.60238234e-03
0.028500,1.27189590e-01,1.19689590e-01,7.979306,-2.02461361e-02,1.60503203e-03
0.028750,1.27184491e-01,1.19684491e-01,7.978966,-2.03939737e-02,1.60733242e-03
0.029000,1.27179356e-01,1.19679356e-01,7.978624,-2.05414920e-02,1.61144623e-03
0.029250,1.27174184e-01,1.19674184e-01,7.978279,-2.06886395e-02,1.61677675e-03
0.029500,1.27168975e-01,1.19668975e-01,7.977932,-2.08352137e-02,1.62834397e-03
0.029750,1.27163730e-01,1.19663730e-01,7.977582,-2.09808388e-02,1.63112103e-03
0.030000,1.27158449e-01,1.19658449e-01,7.977230,-2.11253914e-02,1.61549986e-03
0.030250,1.27153131e-01,1.19653131e-01,7.976875,-2.12704067e-02,1.61619708e-03
0.030500,1.27147777e-01,1.19647777e-01,7.976518,-2.14166736e-02,1.61933758e-03
0.030750,1.27142386e-01,1.19642386e-01,7.976159,-2.15627445e-02,1.62416796e-03
0.031000,1.27136959e-01,1.19636959e-01,7.975797,-2.17083440e-02,1.62255795e-03
0.031250,1.27131496e-01,1.19631496e-01,7.975433,-2.18536181e-02,1.61529436e-03
0.031500,1.27125996e-01,1.19625996e-01,7.975066,-2.19993454e-02,1.62973921e-03
0.031750,1.27120459e-01,1.19620459e-01,7.974697,-2.21450306e-02,1.64323631e-03
0.032000,1.27114887e-01,1.19614887e-01,7.974326,-2.22889331e-02,1.65316730e-03
0.032250,1.27109279e-01,1.19609279e-01,7.973952,-2.24312883e-02,1.65001513e-03
0.032500,1.27103636e-01,1.19603636e-01,7.973576,-2.25729675e-02,1.64772260e-03
0.032750,1.27097957e-01,1.19597957e-01,7.973197,-2.27150069e-02,1.66186526e-03
0.033000,1.27092243e-01,1.19592243e-01,7.972816,-2.28566093e-02,1.66948679e-03
0.033250,1.27086494e-01,1.19586494e-01,7.972433,-2.29967136e-02,1.66930003e-03
0.033500,1.27080710e-01,1.19580710e-01,7.972047,-2.31362004e-02,1.67444647e-03
0.033750,1.27074891e-01,1.19574891e-01,7.971659,-2.32754749e-02,1.67069773e-03
0.034000,1.27069038e-01,1.19569038e-01,7.971269,-2.34144927e-02,1.67464194e-03
0.034250,1.27063149e-01,1.19563149e-01,7.970877,-2.35536439e-02,1.68830185e-03
0.034500,1.27057226e-01,1.19557226e-01,7.970482,-2.36918673e-02,1.68354954e-03
0.034750,1.27051269e-01,1.19551269e-01,7.970085,-2.38291793e-02,1.67819397e-03
0.035000,1.27045277e-01,1.19545277e-01,7.969685,-2.39671183e-02,1.67495592e-03
0.035250,1.27039251e-01,1.19539251e-01,7.969283,-2.41056401e-02,1.68435144e-03
0.035500,1.27033190e-01,1.19533190e-01,7.968879,-2.42440125e-02,1.69900901e-03
0.035750,1.27027094e-01,1.19527094e-01,7.968473,-2.43809654e-02,1.69693005e-03
0.036000,1.27020965e-01,1.19520965e-01,7.968064,-2.45168067e-02,1.69501358e-03
0.036250,1.27014802e-01,1.19514802e-01,7.967653,-2.46529035e-02,1.69677893e-03
0.036500,1.27008605e-01,1.19508605e-01,7.967240,-2.47890796e-02,1.72138397e-03
0.036750,1.27002374e-01,1.19502374e-01,7.966825,-2.49240230e-02,1.71877168e-03
0.037000,1.26996109e-01,1.19496109e-01,7.966407,-2.50570617e-02,1.71934199e-03
0.037250,1.26989812e-01,1.19489812e-01,7.965987,-2.51902896e-02,1.70397760e-03
0.037500,1.26983481e-01,1.19483481e-01,7.965565,-2.53241500e-02,1.69369993e-03
0.037750,1.26977116e-01,1.19477116e-01,7.965141,-2.54597262e-02,1.69739883e-03
0.038000,1.26970717e-01,1.19470717e-01,7.964714,-2.55959828e-02,1.70709164e-03
0.038250,1.26964284e-01,1.19464284e-01,7.964286,-2.57315071e-02,1.71668540e-03
0.038500,1.26957818e-01,1.19457818e-01,7.963855,-2.58658115e-02,1.71457192e-03
0.038750,1.26951318e-01,1.19451318e-01,7.963421,-2.59994216e-02,1.70009264e-03
0.039000,1.26944784e-01,1.19444784e-01,7.962986,-2.61338454e-02,1.70489999e-03
0.039250,1.26938217e-01,1.19438217e-01,7.962548,-2.62692454e-02,1.71541973e-03
0.039500,1.26931616e-01,1.19431616e-01,7.962108,-2.64037857e-02,1.73381158e-03
0.039750,1.26924982e-01,1.19424982e-01,7.961665,-2.65366492e-02,1.72583521e-03
0.040000,1.26918315e-01,1.19418315e-01,7.961221,-2.66683552e-02,1.70716969e-03
0.040250,1.26911614e-01,1.19411614e-01,7.960774,-2.68015414e-02,1.70672727e-03
0.040500,1.26904880e-01,1.19404880e-01,7.960325,-2.69362796e-02,1.72295893e-03
0.040750,1.26898113e-01,1.19398113e-01,7.959874,-2.70703365e-02,1.74446222e-03
0.041000,1.26891312e-01,1.19391312e-01,7.959421,-2.72021101e-02,1.75007297e-03
0.041250,1.26884479e-01,1.19384479e-01,7.958965,-2.73318702e-02,1.74213770e-03
0.041500,1.26877614e-01,1.19377614e-01,7.958508,-2.74615204e-02,1.72402907e-03
0.041750,1.26870716e-01,1.19370716e-01,7.958048,-2.75926227e-02,1.70713863e-03
0.042000,1.26863784e-01,1.19363784e-01,7.957586,-2.77259585e-02,1.71288473e-03
0.042250,1.26856819e-01,1.19356819e-01,7.957121,-2.78604271e-02,1.73754391e-03
0.042500,1.26849821e-01,1.19349821e-01,7.956655,-2.79933337e-02,1.73089104e-03
0.042750,1.26842790e-01,1.19342790e-01,7.956186,-2.81245098e-02,1.72201485e-03
0.043000,1.26835726e-01,1.19335726e-01,7.955715,-2.82566245e-02,1.73187424e-03
0.043250,1.26828628e-01,1.19328628e-01,7.955242,-2.83890321e-02,1.73705037e-03
0.043500,1.26821498e-01,1.19321498e-01,7.954767,-2.85204014e-02,1.73902047e-03
0.043750,1.26814335e-01,1.19314335e-01,7.954289,-2.86512587e-02,1.73171227e-03
0.044000,1.26807140e-01,1.19307140e-01,7.953809,-2.87822772e-02,1.74069948e-03
0.044250,1.26799911e-01,1.19299911e-01,7.953327,-2.89134985e-02,1.73396274e-03
0.044500,1.26792650e-01,1.19292650e-01,7.952843,-2.90442797e-02,1.73817098e-03
0.044750,1.26785356e-01,1.19285356e-01,7.952357,-2.91754280e-02,1.73207372e-03
0.045000,1.26778030e-01,1.19278030e-01,7.951869,-2.93065003e-02,1.74188617e-03
0.045250,1.26770670e-01,1.19270670e-01,7.951378,-2.94376395e-02,1.73892990e-03
0.045500,1.26763278e-01,1.19263278e-01,7.950885,-2.95681037e-02,1.73288977e-03
0.045750,1.26755854e-01,1.19255854e-01,7.950390,-2.96990776e-02,1.73611597e-03
0.046000,1.26748396e-01,1.19248396e-01,7.949893,-2.98304048e-02,1.77735848e-03
0.046250,1.26740906e-01,1.19240906e-01,7.949394,-2.99596439e-02,1.78639166e-03
0.046500,1.26733385e-01,1.19233385e-01,7.948892,-3.00850974e-02,1.77449390e-03
0.046750,1.26725832e-01,1.19225832e-01,7.948389,-3.02103352e-02,1.76783153e-03
0.047000,1.26718248e-01,1.19218248e-01,7.947883,-3.03368445e-02,1.76769433e-03
0.047250,1.26710632e-01,1.19210632e-01,7.947375,-3.04639068e-02,1.76865997e-03
0.047500,1.26702984e-01,1.19202984e-01,7.946866,-3.05909377e-02,1.76400096e-03
0.047750,1.26695305e-01,1.19195305e-01,7.946354,-3.07180953e-02,1.76452198e-03
0.048000,1.26687593e-01,1.19187593e-01,7.945840,-3.08456123e-02,1.76368232e-03
0.048250,1.26679850e-01,1.19179850e-01,7.945323,-3.09731237e-02,1.76616560e-03
0.048500,1.26672075e-01,1.19172075e-01,7.944805,-3.11005943e-02,1.78725105e-03
0.048750,1.26664268e-01,1.19164268e-01,7.944285,-3.12269288e-02,1.78805326e-03
0.049000,1.26656430e-01,1.19156430e-01,7.943762,-3.13514966e-02,1.78447735e-03
0.049250,1.26648561e-01,1.19148561e-01,7.943237,-3.14761567e-02,1.78335538e-03
0.049500,1.26640661e-01,1.19140661e-01,7.942711,-3.16011600e-02,1.78102406e-03
0.049750,1.26632729e-01,1.19132729e-01,7.942182,-3.17263584e-02,1.79403961e-03
0.050000,1.26624767e-01,1.19124767e-01,7.941651,-3.18511729e-02,1.80456929e-03
0.050250,1.26616773e-01,1.19116773e-01,7.941118,-3.19744532e-02,1.80633586e-03
0.050500,1.26608749e-01,1.19108749e-01,7.940583,-3.20967908e-02,1.81142019e-03
0.050750,1.26600694e-01,1.19100694e-01,7.940046,-3.22187587e-02,1.79182465e-03
0.051000,1.26592609e-01,1.19092609e-01,7.939507,-3.23411754e-02,1.78915240e-03
0.051250,1.26584493e-01,1.19084493e-01,7.938966,-3.24653192e-02,1.79036079e-03
0.051500,1.26576345e-01,1.19076345e-01,7.938423,-3.25896289e-02,1.77115838e-03
0.051750,1.26568166e-01,1.19068166e-01,7.937878,-3.27146883e-02,1.78936155e-03
0.052000,1.26559956e-01,1.19059956e-01,7.937330,-3.28405196e-02,1.81482903e-03
0.052250,1.26551715e-01,1.19051715e-01,7.936781,-3.29637304e-02,1.82386468e-03
0.052500,1.26543444e-01,1.19043444e-01,7.936230,-3.30844507e-02,1.82292014e-03
0.052750,1.26535143e-01,1.19035143e-01,7.935676,-3.32044710e-02,1.81779169e-03
0.053000,1.26526812e-01,1.19026812e-01,7.935121,-3.33247956e-02,1.83924390e-03
0.053250,1.26518451e-01,1.19018451e-01,7.934563,-3.34445928e-02,1.83418402e-03
0.053500,1.26510060e-01,1.19010060e-01,7.934004,-3.35628524e-02,1.83383751e-03
0.053750,1.26501640e-01,1.19001640e-01,7.933443,-3.36815427e-02,1.83087626e-03
0.054000,1.26493190e-01,1.18993190e-01,7.932879,-3.38003924e-02,1.82513304e-03
0.054250,1.26484710e-01,1.18984710e-01,7.932314,-3.39197392e-02,1.82628916e-03
0.054500,1.26476200e-01,1.18976200e-01,7.931747,-3.40395064e-02,1.85265118e-03
0.054750,1.26467660e-01,1.18967660e-01,7.931177,-3.41580132e-02,1.84719950e-03
0.055000,1.26459092e-01,1.18959092e-01,7.930606,-3.42745966e-02,1.83822432e-03
0.055250,1.26450494e-01,1.18950494e-01,7.930033,-3.43920244e-02,1.86111323e-03
0.055500,1.26441866e-01,1.18941866e-01,7.929458,-3.45091772e-02,1.86074686e-03
0.055750,1.26433210e-01,1.18933210e-01,7.928881,-3.46244669e-02,1.83000500e-03
0.056000,1.26424525e-01,1.18924525e-01,7.928302,-3.47411458e-02,1.81093843e-03
0.056250,1.26415810e-01,1.18915810e-01,7.927721,-3.48611916e-02,1.82347691e-03
0.056500,1.26407064e-01,1.18907064e-01,7.927138,-3.49822485e-02,1.84048644e-03
0.056750,1.26398289e-01,1.18898289e-01,7.926553,-3.51015241e-02,1.85353604e-03
0.057000,1.26389484e-01,1.18889484e-01,7.925966,-3.52188261e-02,1.84095220e-03
0.057250,1.26380650e-01,1.18880650e-01,7.925377,-3.53356130e-02,1.83796802e-03
0.057500,1.26371787e-01,1.18871787e-01,7.924786,-3.54535651e-02,1.83950465e-03
0.057750,1.26362894e-01,1.18862894e-01,7.924193,-3.55716942e-02,1.84387034e-03
0.058000,1.26353971e-01,1.18853971e-01,7.923598,-3.56895042e-02,1.85140140e-03
0.058250,1.26345020e-01,1.18845020e-01,7.923001,-3.58066228e-02,1.86886386e-03
0.058500,1.26336039e-01,1.18836039e-01,7.922403,-3.59223510e-02,1.87378784e-03
0.058750,1.26327030e-01,1.18827030e-01,7.921802,-3.60364278e-02,1.86007559e-03
0.059000,1.26317992e-01,1.18817992e-01,7.921199,-3.61507066e-02,1.81831760e-03
0.059250,1.26308925e-01,1.18808925e-01,7.920595,-3.62679573e-02,1.80885743e-03
0.059500,1.26299828e-01,1.18799828e-01,7.919989,-3.63890547e-02,1.83299043e-03
0.059750,1.26290701e-01,1.18790701e-01,7.919380,-3.65098619e-02,1.84554530e-03
0.060000,1.26281544e-01,1.18781544e-01,7.918770,-3.66281327e-02,1.85597249e-03
0.060250,1.26272357e-01,1.18772357e-01,7.918157,-3.67449116e-02,1.85364822e-03
0.060500,1.26263142e-01,1.18763142e-01,7.917543,-3.68609372e-02,1.83135624e-03
0.060750,1.26253898e-01,1.18753898e-01,7.916927,-3.69781392e-02,1.83198755e-03
0.061000,1.26244623e-01,1.18744623e-01,7.916308,-3.70971435e-02,1.83056007e-03
0.061250,1.26235319e-01,1.18735319e-01,7.915688,-3.72161591e-02,1.83968920e-03
0.061500,1.26225986e-01,1.18725986e-01,7.915066,-3.73348883e-02,1.82562457e-03
0.061750,1.26216622e-01,1.18716622e-01,7.914441,-3.74534898e-02,1.81201231e-03
0.062000,1.26207229e-01,1.18707229e-01,7.913815,-3.75738478e-02,1.81404883e-03
0.062250,1.26197805e-01,1.18697805e-01,7.913187,-3.76952334e-02,1.83522241e-03
0.062500,1.26188351e-01,1.18688351e-01,7.912557,-3.78155157e-02,1.86677475e-03
0.062750,1.26178868e-01,1.18678868e-01,7.911925,-3.79326646e-02,1.87124986e-03
0.063000,1.26169356e-01,1.18669356e-01,7.911290,-3.80470252e-02,1.87494295e-03
0.063250,1.26159816e-01,1.18659816e-01,7.910654,-3.81608550e-02,1.84883318e-03
0.063500,1.26150247e-01,1.18650247e-01,7.910016,-3.82755360e-02,1.84023073e-03
0.063750,1.26140649e-01,1.18640649e-01,7.909377,-3.83927409e-02,1.84127235e-03
0.064000,1.26131021e-01,1.18631021e-01,7.908735,-3.85106061e-02,1.84866259e-03
0.064250,1.26121364e-01,1.18621364e-01,7.908091,-3.86280591e-02,1.85771086e-03
0.064500,1.26111678e-01,1.18611678e-01,7.907445,-3.87445053e-02,1.86239120e-03
0.064750,1.26101963e-01,1.18601963e-01,7.906798,-3.88600016e-02,1.88318985e-03
0.065000,1.26092220e-01,1.18592220e-01,7.906148,-3.89741942e-02,1.86861492e-03
0.065250,1.26082448e-01,1.18582448e-01,7.905497,-3.90873235e-02,1.86571939e-03
0.065500,1.26072647e-01,1.18572647e-01,7.904843,-3.92017775e-02,1.87422762e-03
0.065750,1.26062818e-01,1.18562818e-01,7.904188,-3.93160930e-02,1.88599186e-03
0.066000,1.26052961e-01,1.18552961e-01,7.903531,-3.94291899e-02,1.90203174e-03
0.066250,1.26043076e-01,1.18543076e-01,7.902872,-3.95406118e-02,1.87499346e-03
0.066500,1.26033163e-01,1.18533163e-01,7.902211,-3.96519121e-02,1.86027049e-03
0.066750,1.26023221e-01,1.18523221e-01,7.901548,-3.97660833e-02,1.84703742e-03
0.067000,1.26013251e-01,1.18513251e-01,7.900883,-3.98820483e-02,1.87103420e-03
0.067250,1.26003251e-01,1.18503251e-01,7.900217,-3.99980389e-02,1.90638454e-03
0.067500,1.25993224e-01,1.18493224e-01,7.899548,-4.01104964e-02,1.91054006e-03
0.067750,1.25983169e-01,1.18483169e-01,7.898878,-4.02198678e-02,1.92076860e-03
0.068000,1.25973087e-01,1.18473087e-01,7.898206,-4.03284459e-02,1.92394522e-03
0.068250,1.25962978e-01,1.18462978e-01,7.897532,-4.04360437e-02,1.90979570e-03
0.068500,1.25952842e-01,1.18452842e-01,7.896856,-4.05440062e-02,1.92548771e-03
0.068750,1.25942678e-01,1.18442678e-01,7.896179,-4.06524367e-02,1.91889962e-03
0.069000,1.25932488e-01,1.18432488e-01,7.895499,-4.07598701e-02,1.91045363e-03
0.069250,1.25922271e-01,1.18422271e-01,7.894818,-4.08682179e-02,1.92447194e-03
0.069500,1.25912027e-01,1.18412027e-01,7.894135,-4.09766393e-02,1.93521747e-03
0.069750,1.25901756e-01,1.18401756e-01,7.893450,-4.10834347e-02,1.93646994e-03
0.070000,1.25891459e-01,1.18391459e-01,7.892764,-4.11892925e-02,1.95309912e-03
0.070250,1.25881135e-01,1.18381135e-01,7.892076,-4.12943122e-02,1.94791076e-03
0.070500,1.25870786e-01,1.18370786e-01,7.891386,-4.13981961e-02,1.91914975e-03
0.070750,1.25860410e-01,1.18360410e-01,7.890694,-4.15037774e-02,1.91077253e-03
0.071000,1.25850007e-01,1.18350007e-01,7.890000,-4.16120905e-02,1.92006230e-03
0.071250,1.25839577e-01,1.18339577e-01,7.889305,-4.17206807e-02,1.92106512e-03
0.071500,1.25829120e-01,1.18329120e-01,7.888608,-4.18284638e-02,1.92567761e-03
0.071750,1.25818636e-01,1.18318636e-01,7.887909,-4.19359607e-02,1.93496368e-03
0.072000,1.25808125e-01,1.18308125e-01,7.887208,-4.20426683e-02,1.91872684e-03
0.072250,1.25797588e-01,1.18297588e-01,7.886506,-4.21493313e-02,1.91454510e-03
0.072500,1.25787023e-01,1.18287023e-01,7.885802,-4.22575123e-02,1.93959070e-03
0.072750,1.25776432e-01,1.18276432e-01,7.885095,-4.23649294e-02,1.95464126e-03
0.073000,1.25765815e-01,1.18265815e-01,7.884388,-4.24696248e-02,1.93866355e-03
0.073250,1.25755171e-01,1.18255171e-01,7.883678,-4.25737908e-02,1.90271422e-03
0.073500,1.25744501e-01,1.18244501e-01,7.882967,-4.26808580e-02,1.91132142e-03
0.073750,1.25733803e-01,1.18233803e-01,7.882254,-4.27904963e-02,1.90976780e-03
0.074000,1.25723079e-01,1.18223079e-01,7.881539,-4.28994965e-02,1.92252588e-03
0.074250,1.25712327e-01,1.18212327e-01,7.880822,-4.30080602e-02,1.92422434e-03
0.074500,1.25701548e-01,1.18201548e-01,7.880103,-4.31155014e-02,1.91238143e-03
0.074750,1.25690742e-01,1.18190742e-01,7.879383,-4.32233267e-02,1.90541436e-03
0.075000,1.25679909e-01,1.18179909e-01,7.878661,-4.33324324e-02,1.91674697e-03
0.075250,1.25669048e-01,1.18169048e-01,7.877937,-4.34416091e-02,1.91134923e-03
0.075500,1.25658161e-01,1.18158161e-01,7.877211,-4.35500939e-02,1.90512127e-03
0.075750,1.25647246e-01,1.18147246e-01,7.876483,-4.36592973e-02,1.89329158e-03
0.076000,1.25636304e-01,1.18136304e-01,7.875754,-4.37695350e-02,1.94644847e-03
0.076250,1.25625334e-01,1.18125334e-01,7.875022,-4.38783939e-02,1.96600175e-03
0.076500,1.25614338e-01,1.18114338e-01,7.874289,-4.39820240e-02,1.95296559e-03
0.076750,1.25603317e-01,1.18103317e-01,7.873554,-4.40846250e-02,1.92599900e-03
0.077000,1.25592270e-01,1.18092270e-01,7.872818,-4.41894885e-02,1.91633304e-03
0.077250,1.25581196e-01,1.18081196e-01,7.872080,-4.42969934e-02,1.91325396e-03
0.077500,1.25570094e-01,1.18070094e-01,7.871340,-4.44054280e-02,1.93598960e-03
0.077750,1.25558966e-01,1.18058966e-01,7.870598,-4.45131103e-02,1.94743138e-03
0.078000,1.25547811e-01,1.18047811e-01,7.869854,-4.46184201e-02,1.95852449e-03
0.078250,1.25536631e-01,1.18036631e-01,7.869109,-4.47223001e-02,1.94759745e-03
0.078500,1.25525424e-01,1.18025424e-01,7.868362,-4.48257523e-02,1.94436574e-03
0.078750,1.25514192e-01,1.18014192e-01,7.867613,-4.49302446e-02,1.95669828e-03
0.079000,1.25502933e-01,1.18002933e-01,7.866862,-4.50344570e-02,1.97601244e-03
0.079250,1.25491649e-01,1.17991649e-01,7.866110,-4.51368029e-02,1.95780441e-03
0.079500,1.25480339e-01,1.17980339e-01,7.865356,-4.52383681e-02,1.94611970e-03
0.079750,1.25469004e-01,1.17969004e-01,7.864600,-4.53419448e-02,1.93015134e-03
0.080000,1.25457642e-01,1.17957642e-01,7.863843,-4.54471868e-02,1.92538495e-03
0.080250,1.25446254e-01,1.17946254e-01,7.863084,-4.55539506e-02,1.95798355e-03
0.080500,1.25434839e-01,1.17934839e-01,7.862323,-4.56596646e-02,1.98010243e-03
0.080750,1.25423398e-01,1.17923398e-01,7.861560,-4.57617242e-02,1.98556798e-03
0.081000,1.25411933e-01,1.17911933e-01,7.860796,-4.58617262e-02,1.99113716e-03
0.081250,1.25400443e-01,1.17900443e-01,7.860030,-4.59610331e-02,1.98872905e-03
0.081500,1.25388928e-01,1.17888928e-01,7.859262,-4.60599894e-02,1.98580983e-03
0.081750,1.25377388e-01,1.17877388e-01,7.858493,-4.61592723e-02,1.97517865e-03
0.082000,1.25365823e-01,1.17865823e-01,7.857722,-4.62592650e-02,2.00504853e-03
0.082250,1.25354233e-01,1.17854233e-01,7.856949,-4.63588100e-02,1.99939614e-03
0.082500,1.25342619e-01,1.17842619e-01,7.856175,-4.64561524e-02,2.01640839e-03
0.082750,1.25330981e-01,1.17830981e-01,7.855399,-4.65532068e-02,2.00823254e-03
0.083000,1.25319319e-01,1.17819319e-01,7.854621,-4.66492259e-02,1.96862413e-03
0.083250,1.25307632e-01,1.17807632e-01,7.853842,-4.67476674e-02,1.95211643e-03
0.083500,1.25295919e-01,1.17795919e-01,7.853061,-4.68500906e-02,1.97644164e-03
0.083750,1.25284181e-01,1.17784181e-01,7.852279,-4.69527938e-02,1.99257605e-03
0.084000,1.25272418e-01,1.17772418e-01,7.851495,-4.70527865e-02,1.98807956e-03
0.084250,1.25260630e-01,1.17760630e-01,7.850709,-4.71516533e-02,1.98230490e-03
0.084500,1.25248817e-01,1.17748817e-01,7.849921,-4.72511445e-02,1.97756972e-03
0.084750,1.25236979e-01,1.17736979e-01,7.849132,-4.73513193e-02,1.98981369e-03
0.085000,1.25225116e-01,1.17725116e-01,7.848341,-4.74513414e-02,2.01832470e-03
0.085250,1.25213229e-01,1.17713229e-01,7.847549,-4.75490979e-02,2.00389043e-03
0.085500,1.25201318e-01,1.17701318e-01,7.846755,-4.76451516e-02,1.94996710e-03
0.085750,1.25189382e-01,1.17689382e-01,7.845959,-4.77447744e-02,1.94548105e-03
0.086000,1.25177419e-01,1.17677419e-01,7.845161,-4.78490228e-02,1.96096566e-03
0.086250,1.25165431e-01,1.17665431e-01,7.844362,-4.79529550e-02,1.98550774e-03
0.086500,1.25153418e-01,1.17653418e-01,7.843561,-4.80545308e-02,1.98131638e-03
0.086750,1.25141379e-01,1.17641379e-01,7.842759,-4.81542769e-02,1.96559444e-03
0.087000,1.25129315e-01,1.17629315e-01,7.841954,-4.82550622e-02,1.94309320e-03
0.087250,1.25117226e-01,1.17617226e-01,7.841148,-4.83581331e-02,1.93843005e-03
0.087500,1.25105110e-01,1.17605110e-01,7.840341,-4.84632576e-02,1.93312510e-03
0.087750,1.25092968e-01,1.17592968e-01,7.839531,-4.85689995e-02,1.92535654e-03
0.088000,1.25080799e-01,1.17580799e-01,7.838720,-4.86755204e-02,1.97303801e-03
0.088250,1.25068604e-01,1.17568604e-01,7.837907,-4.87805711e-02,1.99947868e-03
0.088500,1.25056383e-01,1.17556383e-01,7.837092,-4.88805381e-02,2.00288996e-03
0.088750,1.25044139e-01,1.17544139e-01,7.836276,-4.89781834e-02,1.96485918e-03
0.089000,1.25031870e-01,1.17531870e-01,7.835458,-4.90772299e-02,1.94619043e-03
0.089250,1.25019575e-01,1.17519575e-01,7.834638,-4.91802243e-02,1.95430821e-03
0.089500,1.25007253e-01,1.17507253e-01,7.833817,-4.92843925e-02,1.98346416e-03
0.089750,1.24994907e-01,1.17494907e-01,7.832994,-4.93866053e-02,1.99343925e-03
0.090000,1.24982535e-01,1.17482535e-01,7.832169,-4.94859832e-02,1.98609949e-03
0.090250,1.24970139e-01,1.17470139e-01,7.831343,-4.95848667e-02,1.98199379e-03
0.090500,1.24957718e-01,1.17457718e-01,7.830515,-4.96845342e-02,1.99260395e-03
0.090750,1.24945272e-01,1.17445272e-01,7.829685,-4.97840699e-02,2.01557642e-03
0.091000,1.24932802e-01,1.17432802e-01,7.828853,-4.98817187e-02,1.99477904e-03
0.091250,1.24920307e-01,1.17420307e-01,7.828020,-4.99784009e-02,1.97069918e-03
0.091500,1.24907787e-01,1.17407787e-01,7.827186,-5.00778552e-02,1.94843454e-03
0.091750,1.24895242e-01,1.17395242e-01,7.826349,-5.01802708e-02,1.99327802e-03
0.092000,1.24882672e-01,1.17382672e-01,7.825511,-5.02825320e-02,2.03218832e-03
0.092250,1.24870077e-01,1.17370077e-01,7.824672,-5.03793911e-02,2.04996354e-03
0.092500,1.24857459e-01,1.17357459e-01,7.823831,-5.04722697e-02,2.04193663e-03
0.092750,1.24844818e-01,1.17344818e-01,7.822988,-5.05640437e-02,2.03505822e-03
0.093000,1.24832154e-01,1.17332154e-01,7.822144,-5.06567809e-02,2.02790388e-03
0.093250,1.24819466e-01,1.17319466e-01,7.821298,-5.07503991e-02,2.01966766e-03
0.093500,1.24806755e-01,1.17306755e-01,7.820450,-5.08449689e-02,2.03298673e-03
0.093750,1.24794020e-01,1.17294020e-01,7.819601,-5.09396260e-02,2.05594044e-03
0.094000,1.24781262e-01,1.17281262e-01,7.818751,-5.10321748e-02,2.08270059e-03
0.094250,1.24768481e-01,1.17268481e-01,7.817899,-5.11216560e-02,2.06523065e-03
0.094500,1.24755679e-01,1.17255679e-01,7.817045,-5.12097124e-02,2.02117057e-03
0.094750,1.24742854e-01,1.17242854e-01,7.816190,-5.13011510e-02,2.02755581e-03
0.095000,1.24730005e-01,1.17230005e-01,7.815334,-5.13959248e-02,2.02034128e-03
0.095250,1.24717132e-01,1.17217132e-01,7.814475,-5.14904933e-02,2.02925930e-03
0.095500,1.24704236e-01,1.17204236e-01,7.813616,-5.15852600e-02,2.03687823e-03
0.095750,1.24691316e-01,1.17191316e-01,7.812754,-5.16789575e-02,2.02223664e-03
0.096000,1.24678373e-01,1.17178373e-01,7.811892,-5.17726769e-02,2.03446300e-03
0.096250,1.24665406e-01,1.17165406e-01,7.811027,-5.18670578e-02,2.06027388e-03
0.096500,1.24652416e-01,1.17152416e-01,7.810161,-5.19592938e-02,2.02573045e-03
0.096750,1.24639404e-01,1.17139404e-01,7.809294,-5.20509378e-02,2.00981176e-03
0.097000,1.24626367e-01,1.17126367e-01,7.808424,-5.21461217e-02,2.00443808e-03
0.097250,1.24613306e-01,1.17113306e-01,7.807554,-5.22428502e-02,2.02103817e-03
0.097500,1.24600222e-01,1.17100222e-01,7.806681,-5.23392860e-02,2.02944648e-03
0.097750,1.24587113e-01,1.17087113e-01,7.805808,-5.24339871e-02,2.01674448e-03
0.098000,1.24573981e-01,1.17073981e-01,7.804932,-5.25285594e-02,2.00740270e-03
0.098250,1.24560825e-01,1.17060825e-01,7.804055,-5.26245876e-02,1.99342504e-03
0.098500,1.24547644e-01,1.17047644e-01,7.803176,-5.27220007e-02,1.99685313e-03
0.098750,1.24534439e-01,1.17034439e-01,7.802296,-5.28204099e-02,1.98920549e-03
0.099000,1.24521209e-01,1.17021209e-01,7.801414,-5.29188758e-02,2.04738261e-03
0.099250,1.24507956e-01,1.17007956e-01,7.800530,-5.30153975e-02,2.06233769e-03
0.099500,1.24494679e-01,1.16994679e-01,7.799645,-5.31064815e-02,2.03910136e-03
0.099750,1.24481380e-01,1.16981380e-01,7.798759,-5.31973650e-02,2.01391291e-03
0.100000,1.24468057e-01,1.16968057e-01,7.797870,-5.32912698e-02,2.00170079e-03
0.100250,1.24454710e-01,1.16954710e-01,7.796981,-5.33877825e-02,2.01691416e-03
0.100500,1.24441339e-01,1.16941339e-01,7.796089,-5.34846254e-02,2.04405745e-03
0.100750,1.24427944e-01,1.16927944e-01,7.795196,-5.35790191e-02,2.05433772e-03
0.101000,1.24414526e-01,1.16914526e-01,7.794302,-5.36707298e-02,2.04713627e-03
0.101250,1.24401086e-01,1.16901086e-01,7.793406,-5.37619149e-02,2.05005188e-03
0.101500,1.24387622e-01,1.16887622e-01,7.792508,-5.38535623e-02,2.06725802e-03
0.101750,1.24374136e-01,1.16874136e-01,7.791609,-5.39442096e-02,2.04973617e-03
0.102000,1.24360628e-01,1.16860628e-01,7.790709,-5.40342189e-02,2.02037766e-03
0.102250,1.24347096e-01,1.16847096e-01,7.789806,-5.41269648e-02,2.00508838e-03
0.102500,1.24333540e-01,1.16833540e-01,7.788903,-5.42227970e-02,2.05919130e-03
0.102750,1.24319961e-01,1.16819961e-01,7.787997,-5.43174926e-02,2.08687286e-03
0.103000,1.24306359e-01,1.16806359e-01,7.787091,-5.44065224e-02,2.10093296e-03
0.103250,1.24292736e-01,1.16792736e-01,7.786182,-5.44926579e-02,2.06749750e-03
0.103500,1.24279091e-01,1.16779091e-01,7.785273,-5.45791171e-02,2.06625809e-03
0.103750,1.24265424e-01,1.16765424e-01,7.784362,-5.46683763e-02,2.06246699e-03
0.104000,1.24251735e-01,1.16751735e-01,7.783449,-5.47579049e-02,2.09088667e-03
0.104250,1.24238023e-01,1.16738023e-01,7.782535,-5.48464883e-02,2.09617967e-03
0.104500,1.24224290e-01,1.16724290e-01,7.781619,-5.49325043e-02,2.11552432e-03
0.104750,1.24210536e-01,1.16710536e-01,7.780702,-5.50172305e-02,2.07943112e-03
0.105000,1.24196760e-01,1.16696760e-01,7.779784,-5.51019642e-02,2.04367477e-03
0.105250,1.24182962e-01,1.16682962e-01,7.778864,-5.51912420e-02,2.06724124e-03
0.105500,1.24169142e-01,1.16669142e-01,7.777943,-5.52824137e-02,2.07548496e-03
0.105750,1.24155299e-01,1.16655299e-01,7.777020,-5.53712860e-02,2.08237806e-03
0.106000,1.24141434e-01,1.16641434e-01,7.776096,-5.54591767e-02,2.07060612e-03
0.106250,1.24127547e-01,1.16627547e-01,7.775170,-5.55470220e-02,2.07315192e-03
0.106500,1.24113639e-01,1.16613639e-01,7.774243,-5.56357211e-02,2.10088124e-03
0.106750,1.24099708e-01,1.16599708e-01,7.773314,-5.57229854e-02,2.07886917e-03
0.107000,1.24085756e-01,1.16585756e-01,7.772384,-5.58089462e-02,2.02219920e-03
0.107250,1.24071781e-01,1.16571781e-01,7.771452,-5.58992195e-02,2.01730790e-03
0.107500,1.24057782e-01,1.16557782e-01,7.770519,-5.59943620e-02,2.06050854e-03
0.107750,1.24043760e-01,1.16543760e-01,7.769584,-5.60879961e-02,2.08095132e-03
0.108000,1.24029716e-01,1.16529716e-01,7.768648,-5.61771796e-02,2.05390139e-03
0.108250,1.24015649e-01,1.16515649e-01,7.767710,-5.62658804e-02,2.01642382e-03
0.108500,1.24001560e-01,1.16501560e-01,7.766771,-5.63584591e-02,2.00796260e-03
0.108750,1.23987446e-01,1.16487446e-01,7.765830,-5.64544888e-02,2.00261058e-03
0.109000,1.23973308e-01,1.16473308e-01,7.764887,-5.65514499e-02,2.03121772e-03
0.109250,1.23959146e-01,1.16459146e-01,7.763943,-5.66475857e-02,2.07821163e-03
0.109500,1.23944962e-01,1.16444962e-01,7.762997,-5.67392952e-02,2.08791958e-03
0.109750,1.23930755e-01,1.16430755e-01,7.762050,-5.68267170e-02,2.04219641e-03
0.110000,1.23916526e-01,1.16416526e-01,7.761102,-5.69153633e-02,2.01914530e-03
0.110250,1.23902274e-01,1.16402274e-01,7.760152,-5.70087826e-02,2.01821463e-03
0.110500,1.23887998e-01,1.16387998e-01,7.759200,-5.71041357e-02,2.05894138e-03
0.110750,1.23873698e-01,1.16373698e-01,7.758247,-5.71977647e-02,2.07893231e-03
0.111000,1.23859377e-01,1.16359377e-01,7.757292,-5.72871661e-02,2.07260283e-03
0.111250,1.23845033e-01,1.16345033e-01,7.756336,-5.73752059e-02,2.07282491e-03
0.111500,1.23830667e-01,1.16330667e-01,7.755378,-5.74637556e-02,2.09321517e-03
0.111750,1.23816279e-01,1.16316279e-01,7.754419,-5.75513857e-02,2.05661974e-03
0.112000,1.23801869e-01,1.16301869e-01,7.753458,-5.76389595e-02,2.03714556e-03
0.112250,1.23787437e-01,1.16287437e-01,7.752496,-5.77303988e-02,2.05494764e-03
0.112500,1.23772981e-01,1.16272981e-01,7.751532,-5.78226501e-02,2.09073271e-03
0.112750,1.23758503e-01,1.16258503e-01,7.750567,-5.79118576e-02,2.12241084e-03
0.113000,1.23744004e-01,1.16244004e-01,7.749600,-5.79967266e-02,2.12536729e-03
0.113250,1.23729484e-01,1.16229484e-01,7.748632,-5.80788641e-02,2.12673924e-03
0.113500,1.23714944e-01,1.16214944e-01,7.747663,-5.81606981e-02,2.09855546e-03
0.113750,1.23700383e-01,1.16200383e-01,7.746692,-5.82436655e-02,2.10754812e-03
0.114000,1.23685801e-01,1.16185801e-01,7.745720,-5.83285493e-02,2.12794149e-03
0.114250,1.23671198e-01,1.16171198e-01,7.744747,-5.84117932e-02,2.16404244e-03
0.114500,1.23656575e-01,1.16156575e-01,7.743772,-5.84917667e-02,2.14414571e-03
0.114750,1.23641933e-01,1.16141933e-01,7.742796,-5.85696558e-02,2.09164338e-03
0.115000,1.23627270e-01,1.16127270e-01,7.741818,-5.86514996e-02,2.08920089e-03
0.115250,1.23612585e-01,1.16112585e-01,7.740839,-5.87377620e-02,2.09623791e-03
0.115500,1.23597879e-01,1.16097879e-01,7.739859,-5.88239139e-02,2.12517820e-03
0.115750,1.23583152e-01,1.16083152e-01,7.738877,-5.89082086e-02,2.10143297e-03
0.116000,1.23568404e-01,1.16068404e-01,7.737894,-5.89911769e-02,2.10313151e-03
0.116250,1.23553635e-01,1.16053635e-01,7.736909,-5.90760197e-02,2.12813148e-03
0.116500,1.23538846e-01,1.16038846e-01,7.735923,-5.91596178e-02,2.09129265e-03
0.116750,1.23524035e-01,1.16024035e-01,7.734936,-5.92427920e-02,2.08438453e-03
0.117000,1.23509203e-01,1.16009203e-01,7.733947,-5.93292961e-02,2.06891542e-03
0.117250,1.23494348e-01,1.15994348e-01,7.732957,-5.94170514e-02,2.09327647e-03
0.117500,1.23479472e-01,1.15979472e-01,7.731965,-5.95049997e-02,2.08926829e-03
0.117750,1.23464574e-01,1.15964574e-01,7.730972,-5.95911251e-02,2.06968109e-03
0.118000,1.23449655e-01,1.15949655e-01,7.729977,-5.96784455e-02,2.06379764e-03
0.118250,1.23434713e-01,1.15934713e-01,7.728981,-5.97676342e-02,2.06650675e-03
0.118500,1.23419748e-01,1.15919748e-01,7.727983,-5.98571861e-02,2.07170310e-03
0.118750,1.23404762e-01,1.15904762e-01,7.726984,-5.99462860e-02,2.12631661e-03
0.119000,1.23389754e-01,1.15889754e-01,7.725984,-6.00325447e-02,2.13365249e-03
0.119250,1.23374725e-01,1.15874725e-01,7.724982,-6.01139951e-02,2.09400134e-03
0.119500,1.23359676e-01,1.15859676e-01,7.723978,-6.01965963e-02,2.06098431e-03
0.119750,1.23344605e-01,1.15844605e-01,7.722974,-6.02839125e-02,2.07156542e-03
0.120000,1.23329512e-01,1.15829512e-01,7.721967,-6.03734719e-02,2.10707428e-03
0.120250,1.23314397e-01,1.15814397e-01,7.720960,-6.04605926e-02,2.12407201e-03
0.120500,1.23299261e-01,1.15799261e-01,7.719951,-6.05440465e-02,2.11995499e-03
0.120750,1.23284104e-01,1.15784104e-01,7.718940,-6.06262868e-02,2.12163513e-03
0.121000,1.23268927e-01,1.15768927e-01,7.717928,-6.07087908e-02,2.11518292e-03
0.121250,1.23253729e-01,1.15753729e-01,7.716915,-6.07914422e-02,2.10574082e-03
0.121500,1.23238510e-01,1.15738510e-01,7.715901,-6.08750407e-02,2.06710891e-03
0.121750,1.23223270e-01,1.15723270e-01,7.714885,-6.09611223e-02,2.09987856e-03
0.122000,1.23208008e-01,1.15708008e-01,7.713867,-6.10489271e-02,2.15093608e-03
0.122250,1.23192725e-01,1.15692725e-01,7.712848,-6.11317841e-02,2.17587893e-03
0.122500,1.23177422e-01,1.15677422e-01,7.711828,-6.12093464e-02,2.14789405e-03
0.122750,1.23162101e-01,1.15662101e-01,7.710807,-6.12860980e-02,2.13471346e-03
0.123000,1.23146759e-01,1.15646759e-01,7.709784,-6.13657299e-02,2.14973005e-03
0.123250,1.23131398e-01,1.15631398e-01,7.708760,-6.14457802e-02,2.16119323e-03
0.123500,1.23116017e-01,1.15616017e-01,7.707734,-6.15240907e-02,2.19175807e-03
0.123750,1.23100617e-01,1.15600617e-01,7.706708,-6.16001088e-02,2.15465125e-03
0.124000,1.23085198e-01,1.15585198e-01,7.705680,-6.16752579e-02,2.11237524e-03
0.124250,1.23069759e-01,1.15569759e-01,7.704651,-6.17553227e-02,2.13802893e-03
0.124500,1.23054300e-01,1.15554300e-01,7.703620,-6.18377243e-02,2.13469382e-03
0.124750,1.23038820e-01,1.15538820e-01,7.702588,-6.19181670e-02,2.13983835e-03
0.125000,1.23023321e-01,1.15523321e-01,7.701555,-6.19986562e-02,2.13437341e-03
0.125250,1.23007801e-01,1.15507801e-01,7.700520,-6.20789646e-02,2.16459152e-03
0.125500,1.22992261e-01,1.15492261e-01,7.699484,-6.21583858e-02,2.15861866e-03
0.125750,1.22976702e-01,1.15476702e-01,7.698447,-6.22355899e-02,2.09046370e-03
0.126000,1.22961123e-01,1.15461123e-01,7.697408,-6.23162976e-02,2.06848465e-03
0.126250,1.22945522e-01,1.15445522e-01,7.696368,-6.24035728e-02,2.11397081e-03
0.126500,1.22929900e-01,1.15429900e-01,7.695327,-6.24906416e-02,2.12713167e-03
0.126750,1.22914256e-01,1.15414256e-01,7.694284,-6.25733939e-02,2.12413036e-03
0.127000,1.22898593e-01,1.15398593e-01,7.693240,-6.26551984e-02,2.07320712e-03
0.127250,1.22882908e-01,1.15382908e-01,7.692194,-6.27395007e-02,2.04986798e-03
0.127500,1.22867201e-01,1.15367201e-01,7.691147,-6.28290157e-02,2.05610877e-03
0.127750,1.22851470e-01,1.15351470e-01,7.690098,-6.29201710e-02,2.12211251e-03
0.128000,1.22835718e-01,1.15335718e-01,7.689048,-6.30078960e-02,2.16527301e-03
0.128250,1.22819946e-01,1.15319946e-01,7.687996,-6.30882937e-02,2.11650789e-03
0.128500,1.22804155e-01,1.15304155e-01,7.686944,-6.31673036e-02,2.07878806e-03
0.128750,1.22788342e-01,1.15288342e-01,7.685889,-6.32519849e-02,2.06990307e-03
0.129000,1.22772507e-01,1.15272507e-01,7.684834,-6.33401560e-02,2.12242244e-03
0.129250,1.22756650e-01,1.15256650e-01,7.683777,-6.34267347e-02,2.13733103e-03
0.129500,1.22740773e-01,1.15240773e-01,7.682718,-6.35083422e-02,2.13512318e-03
0.129750,1.22724876e-01,1.15224876e-01,7.681658,-6.35888233e-02,2.14984426e-03
0.130000,1.22708958e-01,1.15208958e-01,7.680597,-6.36688349e-02,2.12632219e-03
0.130250,1.22693021e-01,1.15193021e-01,7.679535,-6.37486777e-02,2.09817965e-03
0.130500,1.22677063e-01,1.15177063e-01,7.678471,-6.38316959e-02,2.10520223e-03
0.130750,1.22661084e-01,1.15161084e-01,7.677406,-6.39167143e-02,2.14573628e-03
0.131000,1.22645084e-01,1.15145084e-01,7.676339,-6.39993641e-02,2.18417513e-03
0.131250,1.22629065e-01,1.15129065e-01,7.675271,-6.40769865e-02,2.18586647e-03
0.131500,1.22613027e-01,1.15113027e-01,7.674202,-6.41513782e-02,2.18366310e-03
0.131750,1.22596971e-01,1.15096971e-01,7.673131,-6.42257284e-02,2.15370423e-03
0.132000,1.22580895e-01,1.15080895e-01,7.672060,-6.43015840e-02,2.17117316e-03
0.132250,1.22564801e-01,1.15064801e-01,7.670987,-6.43791270e-02,2.23410595e-03
0.132500,1.22548687e-01,1.15048687e-01,7.669912,-6.44524536e-02,2.21665885e-03
0.132750,1.22532557e-01,1.15032557e-01,7.668837,-6.45213844e-02,2.15700113e-03
0.133000,1.22516409e-01,1.15016409e-01,7.667761,-6.45943852e-02,2.14568572e-03
0.133250,1.22500240e-01,1.15000240e-01,7.666683,-6.46727844e-02,2.14986850e-03
0.133500,1.22484052e-01,1.14984052e-01,7.665603,-6.47519276e-02,2.17599776e-03
0.133750,1.22467845e-01,1.14967845e-01,7.664523,-6.48295723e-02,2.15793816e-03
0.134000,1.22451618e-01,1.14951618e-01,7.663441,-6.49058701e-02,2.17875920e-03
0.134250,1.22435373e-01,1.14935373e-01,7.662358,-6.49827301e-02,2.18890692e-03
0.134500,1.22419108e-01,1.14919108e-01,7.661274,-6.50574320e-02,2.12783892e-03
0.134750,1.22402825e-01,1.14902825e-01,7.660188,-6.51340006e-02,2.11690220e-03
0.135000,1.22386521e-01,1.14886521e-01,7.659101,-6.52160666e-02,2.14292336e-03
0.135250,1.22370196e-01,1.14870196e-01,7.658013,-6.52978801e-02,2.14512082e-03
0.135500,1.22353852e-01,1.14853852e-01,7.656923,-6.53774601e-02,2.13023911e-03
0.135750,1.22337488e-01,1.14837488e-01,7.655833,-6.54575175e-02,2.11988943e-03
0.136000,1.22321103e-01,1.14821103e-01,7.654740,-6.55392544e-02,2.11590045e-03
0.136250,1.22304697e-01,1.14804697e-01,7.653646,-6.56220174e-02,2.14858502e-03
0.136500,1.22288271e-01,1.14788271e-01,7.652551,-6.57036628e-02,2.17836105e-03
0.136750,1.22271826e-01,1.14771826e-01,7.651455,-6.57813084e-02,2.16275802e-03
0.137000,1.22255362e-01,1.14755362e-01,7.650357,-6.58571991e-02,2.13320625e-03
0.137250,1.22238878e-01,1.14738878e-01,7.649259,-6.59356773e-02,2.12989438e-03
0.137500,1.22222374e-01,1.14722374e-01,7.648158,-6.60167282e-02,2.14265917e-03
0.137750,1.22205849e-01,1.14705849e-01,7.647057,-6.60974867e-02,2.16866899e-03
0.138000,1.22189305e-01,1.14689305e-01,7.645954,-6.61760473e-02,2.17074020e-03
0.138250,1.22172742e-01,1.14672742e-01,7.644849,-6.62523808e-02,2.18087982e-03
0.138500,1.22156160e-01,1.14656160e-01,7.643744,-6.63280960e-02,2.17374370e-03
0.138750,1.22139559e-01,1.14639559e-01,7.642637,-6.64032942e-02,2.14549618e-03
0.139000,1.22122939e-01,1.14622939e-01,7.641529,-6.64803271e-02,2.12242986e-03
0.139250,1.22106299e-01,1.14606299e-01,7.640420,-6.65606990e-02,2.16758016e-03
0.139500,1.22089639e-01,1.14589639e-01,7.639309,-6.66409686e-02,2.20106077e-03
0.139750,1.22072960e-01,1.14572960e-01,7.638197,-6.67160511e-02,2.21954606e-03
0.140000,1.22056263e-01,1.14556263e-01,7.637084,-6.67875674e-02,2.21258160e-03
0.140250,1.22039549e-01,1.14539549e-01,7.635970,-6.68578739e-02,2.18357736e-03
0.140500,1.22022816e-01,1.14522816e-01,7.634854,-6.69300345e-02,2.21353698e-03
0.140750,1.22006065e-01,1.14506065e-01,7.633738,-6.70032520e-02,2.25535411e-03
0.141000,1.21989297e-01,1.14489297e-01,7.632620,-6.70721609e-02,2.21275245e-03
0.141250,1.21972512e-01,1.14472512e-01,7.631501,-6.71395199e-02,2.16913824e-03
0.141500,1.21955709e-01,1.14455709e-01,7.630381,-6.72123048e-02,2.18732495e-03
0.141750,1.21938887e-01,1.14438887e-01,7.629259,-6.72878666e-02,2.18646010e-03
0.142000,1.21922047e-01,1.14422047e-01,7.628136,-6.73619735e-02,2.21298014e-03
0.142250,1.21905188e-01,1.14405188e-01,7.627013,-6.74349788e-02,2.19458993e-03
0.142500,1.21888311e-01,1.14388311e-01,7.625887,-6.75066199e-02,2.20726977e-03
0.142750,1.21871417e-01,1.14371417e-01,7.624761,-6.75792102e-02,2.15624464e-03
0.143000,1.21854503e-01,1.14354503e-01,7.623634,-6.76530153e-02,2.13154624e-03
0.143250,1.21837570e-01,1.14337570e-01,7.622505,-6.77321017e-02,2.15595994e-03
0.143500,1.21820617e-01,1.14320617e-01,7.621374,-6.78121365e-02,2.17261043e-03
0.143750,1.21803645e-01,1.14303645e-01,7.620243,-6.78894308e-02,2.17489383e-03
0.144000,1.21786654e-01,1.14286654e-01,7.619110,-6.79652571e-02,2.11773205e-03
0.144250,1.21769643e-01,1.14269643e-01,7.617976,-6.80434230e-02,2.09565185e-03
0.144500,1.21752611e-01,1.14252611e-01,7.616841,-6.81272583e-02,2.11246749e-03
0.144750,1.21735558e-01,1.14235558e-01,7.615704,-6.82121630e-02,2.18590758e-03
0.145000,1.21718485e-01,1.14218485e-01,7.614566,-6.82924403e-02,2.19829460e-03
0.145250,1.21701393e-01,1.14201393e-01,7.613426,-6.83661403e-02,2.15344151e-03
0.145500,1.21684283e-01,1.14184283e-01,7.612286,-6.84408063e-02,2.12243991e-03
0.145750,1.21667153e-01,1.14167153e-01,7.611144,-6.85205253e-02,2.13574805e-03
0.146000,1.21650002e-01,1.14150002e-01,7.610000,-6.86022014e-02,2.17908683e-03
0.146250,1.21632832e-01,1.14132832e-01,7.608855,-6.86808689e-02,2.18865398e-03
0.146500,1.21615643e-01,1.14115643e-01,7.607710,-6.87555551e-02,2.19961745e-03
0.146750,1.21598436e-01,1.14098436e-01,7.606562,-6.88289711e-02,2.17920845e-03
0.147000,1.21581210e-01,1.14081210e-01,7.605414,-6.89023893e-02,2.14702987e-03
0.147250,1.21563966e-01,1.14063966e-01,7.604264,-6.89789057e-02,2.15658381e-03
0.147500,1.21546701e-01,1.14046701e-01,7.603113,-6.90576417e-02,2.19231735e-03
0.147750,1.21529418e-01,1.14029418e-01,7.601961,-6.91340136e-02,2.25202492e-03
0.148000,1.21512117e-01,1.14012117e-01,7.600808,-6.92048119e-02,2.23973947e-03
0.148250,1.21494799e-01,1.13994799e-01,7.599653,-6.92712511e-02,2.22117489e-03
0.148500,1.21477464e-01,1.13977464e-01,7.598498,-6.93395198e-02,2.22555835e-03
0.148750,1.21460112e-01,1.13960112e-01,7.597341,-6.94091189e-02,2.23131705e-03
0.149000,1.21442742e-01,1.13942742e-01,7.596183,-6.94781035e-02,2.26462065e-03
0.149250,1.21425356e-01,1.13925356e-01,7.595024,-6.95451430e-02,2.23174441e-03
0.149500,1.21407953e-01,1.13907953e-01,7.593864,-6.96109015e-02,2.20771863e-03
0.149750,1.21390533e-01,1.13890533e-01,7.592702,-6.96804215e-02,2.18748421e-03
0.150000,1.21373095e-01,1.13873095e-01,7.591540,-6.97528086e-02,2.20906511e-03
0.150250,1.21355638e-01,1.13855638e-01,7.590376,-6.98259030e-02,2.19881984e-03
0.150500,1.21338164e-01,1.13838164e-01,7.589211,-6.98976785e-02,2.25030202e-03
0.150750,1.21320672e-01,1.13820672e-01,7.588045,-6.99680191e-02,2.20869456e-03
0.151000,1.21303163e-01,1.13803163e-01,7.586878,-7.00359723e-02,2.17485101e-03
0.151250,1.21285636e-01,1.13785636e-01,7.585709,-7.01088378e-02,2.16516283e-03
0.151500,1.21268089e-01,1.13768089e-01,7.584539,-7.01849104e-02,2.19215218e-03
0.151750,1.21250524e-01,1.13750524e-01,7.583368,-7.02605851e-02,2.19467873e-03
0.152000,1.21232941e-01,1.13732941e-01,7.582196,-7.03339323e-02,2.17169687e-03
0.152250,1.21215339e-01,1.13715339e-01,7.581023,-7.04080880e-02,2.15406328e-03
0.152500,1.21197718e-01,1.13697718e-01,7.579848,-7.04849102e-02,2.15344232e-03
0.152750,1.21180077e-01,1.13680077e-01,7.578672,-7.05632076e-02,2.22028738e-03
0.153000,1.21162417e-01,1.13662417e-01,7.577494,-7.06386009e-02,2.22477588e-03
0.153250,1.21144740e-01,1.13644740e-01,7.576316,-7.07083074e-02,2.18619343e-03
0.153500,1.21127045e-01,1.13627045e-01,7.575136,-7.07793512e-02,2.17139448e-03
0.153750,1.21109332e-01,1.13609332e-01,7.573955,-7.08542169e-02,2.18624499e-03
0.154000,1.21091599e-01,1.13591599e-01,7.572773,-7.09296412e-02,2.20881319e-03
0.154250,1.21073848e-01,1.13573848e-01,7.571590,-7.10028485e-02,2.21934649e-03
0.154500,1.21056080e-01,1.13556080e-01,7.570405,-7.10737372e-02,2.24343630e-03
0.154750,1.21038294e-01,1.13538294e-01,7.569220,-7.11426960e-02,2.21140190e-03
0.155000,1.21020492e-01,1.13520492e-01,7.568033,-7.12110932e-02,2.14603361e-03
0.155250,1.21002670e-01,1.13502670e-01,7.566845,-7.12850105e-02,2.18403061e-03
0.155500,1.20984830e-01,1.13484830e-01,7.565655,-7.13626149e-02,2.24110581e-03
0.155750,1.20966971e-01,1.13466971e-01,7.564465,-7.14345763e-02,2.27611349e-03
0.156000,1.20949096e-01,1.13449096e-01,7.563273,-7.15003040e-02,2.26386667e-03
0.156250,1.20931205e-01,1.13431205e-01,7.562080,-7.15636988e-02,2.22546578e-03
0.156500,1.20913298e-01,1.13413298e-01,7.560887,-7.16297968e-02,2.24630460e-03
0.156750,1.20895373e-01,1.13395373e-01,7.559692,-7.16981264e-02,2.30207182e-03
0.157000,1.20877432e-01,1.13377432e-01,7.558495,-7.17622796e-02,2.26351825e-03
0.157250,1.20859477e-01,1.13359477e-01,7.557298,-7.18235586e-02,2.21754361e-03
0.157500,1.20841504e-01,1.13341504e-01,7.556100,-7.18900355e-02,2.22201291e-03
0.157750,1.20823514e-01,1.13323514e-01,7.554901,-7.19600895e-02,2.23808282e-03
0.158000,1.20805507e-01,1.13305507e-01,7.553700,-7.20290660e-02,2.23989604e-03
0.158250,1.20787483e-01,1.13287483e-01,7.552499,-7.20966431e-02,2.25665207e-03
0.158500,1.20769442e-01,1.13269442e-01,7.551296,-7.21633304e-02,2.25606628e-03
0.158750,1.20751385e-01,1.13251385e-01,7.550092,-7.22286680e-02,2.17857139e-03
0.159000,1.20733310e-01,1.13233310e-01,7.548887,-7.22974796e-02,2.16068988e-03
0.159250,1.20715217e-01,1.13215217e-01,7.547681,-7.23734445e-02,2.21173466e-03
0.159500,1.20697105e-01,1.13197105e-01,7.546474,-7.24486207e-02,2.22021495e-03
0.159750,1.20678975e-01,1.13178975e-01,7.545265,-7.25192311e-02,2.18945524e-03
0.160000,1.20660827e-01,1.13160827e-01,7.544055,-7.25905052e-02,2.14573183e-03
0.160250,1.20642661e-01,1.13142661e-01,7.542844,-7.26662377e-02,2.13793454e-03
0.160500,1.20624474e-01,1.13124474e-01,7.541632,-7.27459047e-02,2.21749251e-03
0.160750,1.20606269e-01,1.13106269e-01,7.540418,-7.28226948e-02,2.23973082e-03
0.161000,1.20588046e-01,1.13088046e-01,7.539203,-7.28919696e-02,2.19347143e-03
0.161250,1.20569805e-01,1.13069805e-01,7.537987,-7.29614638e-02,2.16409727e-03
0.161500,1.20551546e-01,1.13051546e-01,7.536770,-7.30360546e-02,2.19166907e-03
0.161750,1.20533268e-01,1.13033268e-01,7.535551,-7.31118382e-02,2.21234469e-03
0.162000,1.20514972e-01,1.13014972e-01,7.534331,-7.31844440e-02,2.22804689e-03
0.162250,1.20496659e-01,1.12996659e-01,7.533111,-7.32546581e-02,2.24903306e-03
0.162500,1.20478328e-01,1.12978328e-01,7.531889,-7.33226552e-02,2.20845970e-03
0.162750,1.20459980e-01,1.12959980e-01,7.530665,-7.33907229e-02,2.17811846e-03
0.163000,1.20441614e-01,1.12941614e-01,7.529441,-7.34634633e-02,2.22191201e-03
0.163250,1.20423230e-01,1.12923230e-01,7.528215,-7.35367587e-02,2.27091994e-03
0.163500,1.20404829e-01,1.12904829e-01,7.526989,-7.36042918e-02,2.28013125e-03
0.163750,1.20386412e-01,1.12886412e-01,7.525761,-7.36673940e-02,2.27781821e-03
0.164000,1.20367980e-01,1.12867980e-01,7.524532,-7.37298422e-02,2.26338010e-03
0.164250,1.20349531e-01,1.12849531e-01,7.523302,-7.37931186e-02,2.27613533e-03
0.164500,1.20331067e-01,1.12831067e-01,7.522071,-7.38570165e-02,2.30899363e-03
0.164750,1.20312588e-01,1.12812588e-01,7.520839,-7.39184144e-02,2.27030999e-03
0.165000,1.20294093e-01,1.12794093e-01,7.519606,-7.39788248e-02,2.25139549e-03
0.165250,1.20275582e-01,1.12775582e-01,7.518372,-7.40432475e-02,2.22898888e-03
0.165500,1.20257055e-01,1.12757055e-01,7.517137,-7.41102137e-02,2.25771477e-03
0.165750,1.20238510e-01,1.12738510e-01,7.515901,-7.41777496e-02,2.24825380e-03
0.166000,1.20219949e-01,1.12719949e-01,7.514663,-7.42433453e-02,2.28045176e-03
0.166250,1.20201372e-01,1.12701372e-01,7.513425,-7.43082943e-02,2.23350800e-03
0.166500,1.20182779e-01,1.12682779e-01,7.512185,-7.43726751e-02,2.19987233e-03
0.166750,1.20164168e-01,1.12664168e-01,7.510945,-7.44423972e-02,2.22238621e-03
0.167000,1.20145540e-01,1.12645540e-01,7.509703,-7.45138855e-02,2.22465870e-03
0.167250,1.20126894e-01,1.12626894e-01,7.508460,-7.45834249e-02,2.22453654e-03
0.167500,1.20108231e-01,1.12608231e-01,7.507215,-7.46527832e-02,2.20618658e-03
0.167750,1.20089550e-01,1.12589550e-01,7.505970,-7.47229627e-02,2.17793329e-03
0.168000,1.20070851e-01,1.12570851e-01,7.504723,-7.47958978e-02,2.25831716e-03
0.168250,1.20052134e-01,1.12552134e-01,7.503476,-7.48675990e-02,2.26757354e-03
0.168500,1.20033401e-01,1.12533401e-01,7.502227,-7.49322911e-02,2.22775972e-03
0.168750,1.20014652e-01,1.12514652e-01,7.500977,-7.49979833e-02,2.20816515e-03
0.169000,1.19995885e-01,1.12495885e-01,7.499726,-7.50678108e-02,2.22480802e-03
0.169250,1.19977100e-01,1.12477100e-01,7.498473,-7.51385112e-02,2.24159755e-03
0.169500,1.19958298e-01,1.12458298e-01,7.497220,-7.52071029e-02,2.27181894e-03
0.169750,1.19939480e-01,1.12439480e-01,7.495965,-7.52729800e-02,2.27094048e-03
0.170000,1.19920646e-01,1.12420646e-01,7.494710,-7.53364147e-02,2.24800936e-03
0.170250,1.19901796e-01,1.12401796e-01,7.493453,-7.54009353e-02,2.19528871e-03
0.170500,1.19882928e-01,1.12382928e-01,7.492195,-7.54696694e-02,2.23896575e-03
0.170750,1.19864043e-01,1.12364043e-01,7.490936,-7.55408011e-02,2.30278173e-03
0.171000,1.19845142e-01,1.12345142e-01,7.489676,-7.56055255e-02,2.30484324e-03
0.171250,1.19826226e-01,1.12326226e-01,7.488415,-7.56649192e-02,2.28412146e-03
0.171500,1.19807294e-01,1.12307294e-01,7.487153,-7.57250598e-02,2.29078359e-03
0.171750,1.19788348e-01,1.12288348e-01,7.485890,-7.57866071e-02,2.32199987e-03
0.172000,1.19769386e-01,1.12269386e-01,7.484626,-7.58462274e-02,2.31703544e-03
0.172250,1.19750410e-01,1.12250410e-01,7.483361,-7.59035042e-02,2.26266047e-03
0.172500,1.19731419e-01,1.12231419e-01,7.482095,-7.59635926e-02,2.26749649e-03
0.172750,1.19712412e-01,1.12212412e-01,7.480827,-7.60279315e-02,2.27613926e-03
0.173000,1.19693389e-01,1.12193389e-01,7.479559,-7.60914912e-02,2.27416290e-03
0.173250,1.19674351e-01,1.12174351e-01,7.478290,-7.61544287e-02,2.31097085e-03
0.173500,1.19655297e-01,1.12155297e-01,7.477020,-7.62159013e-02,2.25877850e-03
0.173750,1.19636228e-01,1.12136228e-01,7.475749,-7.62766591e-02,2.21283201e-03
0.174000,1.19617142e-01,1.12117142e-01,7.474476,-7.63437334e-02,2.22257548e-03
0.174250,1.19598038e-01,1.12098038e-01,7.473203,-7.64141494e-02,2.24479191e-03
0.174500,1.19578918e-01,1.12078918e-01,7.471928,-7.64827832e-02,2.23900126e-03
0.174750,1.19559780e-01,1.12059780e-01,7.470652,-7.65498489e-02,2.20723222e-03
0.175000,1.19540625e-01,1.12040625e-01,7.469375,-7.66187946e-02,2.17179065e-03
0.175250,1.19521452e-01,1.12021452e-01,7.468097,-7.66919155e-02,2.23227746e-03
0.175500,1.19502261e-01,1.12002261e-01,7.466817,-7.67652722e-02,2.28896498e-03
0.175750,1.19483053e-01,1.11983053e-01,7.465537,-7.68311565e-02,2.24497714e-03
0.176000,1.19463830e-01,1.11963830e-01,7.464255,-7.68943313e-02,2.19846037e-03
0.176250,1.19444589e-01,1.11944589e-01,7.462973,-7.69631741e-02,2.20200662e-03
0.176500,1.19425330e-01,1.11925330e-01,7.461689,-7.70356794e-02,2.24905935e-03
0.176750,1.19406054e-01,1.11906054e-01,7.460404,-7.71058133e-02,2.26993606e-03
0.177000,1.19386761e-01,1.11886761e-01,7.459117,-7.71711610e-02,2.29701924e-03
0.177250,1.19367452e-01,1.11867452e-01,7.457830,-7.72335974e-02,2.24125604e-03
0.177500,1.19348128e-01,1.11848128e-01,7.456542,-7.72962754e-02,2.20719420e-03
0.177750,1.19328787e-01,1.11828787e-01,7.455252,-7.73650376e-02,2.25488554e-03
0.178000,1.19309428e-01,1.11809428e-01,7.453962,-7.74344880e-02,2.31482910e-03
0.178250,1.19290054e-01,1.11790054e-01,7.452670,-7.74973727e-02,2.32814507e-03
0.178500,1.19270665e-01,1.11770665e-01,7.451378,-7.75547471e-02,2.31181602e-03
0.178750,1.19251262e-01,1.11751262e-01,7.450084,-7.76117501e-02,2.29751004e-03
0.179000,1.19231845e-01,1.11731845e-01,7.448790,-7.76707263e-02,2.35424158e-03
0.179250,1.19212413e-01,1.11712413e-01,7.447494,-7.77283690e-02,2.34181724e-03
0.179500,1.19192967e-01,1.11692967e-01,7.446198,-7.77819030e-02,2.28215118e-03
0.179750,1.19173507e-01,1.11673507e-01,7.444900,-7.78390950e-02,2.25491405e-03
0.180000,1.19154032e-01,1.11654032e-01,7.443602,-7.79023899e-02,2.29150206e-03
0.180250,1.19134540e-01,1.11634540e-01,7.442303,-7.79663035e-02,2.27948323e-03
0.180500,1.19115033e-01,1.11615033e-01,7.441002,-7.80277445e-02,2.33171392e-03
0.180750,1.19095511e-01,1.11595511e-01,7.439701,-7.80878631e-02,2.26947567e-03
0.181000,1.19075975e-01,1.11575975e-01,7.438398,-7.81464450e-02,2.25416479e-03
0.181250,1.19056422e-01,1.11556422e-01,7.437095,-7.82108137e-02,2.25275546e-03
0.181500,1.19036853e-01,1.11536853e-01,7.435790,-7.82765018e-02,2.25154044e-03
0.181750,1.19017267e-01,1.11517267e-01,7.434484,-7.83423594e-02,2.25591915e-03
0.182000,1.18997665e-01,1.11497665e-01,7.433178,-7.84081231e-02,2.23761213e-03
0.182250,1.18978047e-01,1.11478047e-01,7.431870,-7.84743367e-02,2.21346360e-03
0.182500,1.18958411e-01,1.11458411e-01,7.430561,-7.85431209e-02,2.29711398e-03
0.182750,1.18938758e-01,1.11438758e-01,7.429251,-7.86101897e-02,2.29963832e-03
0.183000,1.18919091e-01,1.11419091e-01,7.427939,-7.86702788e-02,2.25769257e-03
0.183250,1.18899408e-01,1.11399408e-01,7.426627,-7.87320152e-02,2.23131711e-03
0.183500,1.18879708e-01,1.11379708e-01,7.425314,-7.87983614e-02,2.25433956e-03
0.183750,1.18859992e-01,1.11359992e-01,7.423999,-7.88658554e-02,2.29343543e-03
0.184000,1.18840259e-01,1.11340259e-01,7.422684,-7.89297307e-02,2.31385759e-03
0.184250,1.18820512e-01,1.11320512e-01,7.421367,-7.89894933e-02,2.29354633e-03
0.184500,1.18800750e-01,1.11300750e-01,7.420050,-7.90484770e-02,2.22448299e-03
0.184750,1.18780972e-01,1.11280972e-01,7.418731,-7.91121817e-02,2.25598891e-03
0.185000,1.18761177e-01,1.11261177e-01,7.417412,-7.91801639e-02,2.32247387e-03
0.185250,1.18741366e-01,1.11241366e-01,7.416091,-7.92426200e-02,2.34916965e-03
0.185500,1.18721541e-01,1.11221541e-01,7.414769,-7.92984372e-02,2.33314127e-03
0.185750,1.18701703e-01,1.11201703e-01,7.413447,-7.93527713e-02,2.32489821e-03
0.186000,1.18681851e-01,1.11181851e-01,7.412123,-7.94087857e-02,2.32624337e-03
0.186250,1.18661985e-01,1.11161985e-01,7.410799,-7.94654175e-02,2.37029559e-03
0.186500,1.18642105e-01,1.11142105e-01,7.409474,-7.95199913e-02,2.30291941e-03
0.186750,1.18622211e-01,1.11122211e-01,7.408147,-7.95739269e-02,2.31353933e-03
0.187000,1.18602303e-01,1.11102303e-01,7.406820,-7.96329249e-02,2.30143128e-03
0.187250,1.18582380e-01,1.11082380e-01,7.405492,-7.96915862e-02,2.30797030e-03
0.187500,1.18562442e-01,1.11062442e-01,7.404163,-7.97509525e-02,2.34660516e-03
0.187750,1.18542490e-01,1.11042490e-01,7.402833,-7.98080739e-02,2.28412714e-03
0.188000,1.18522524e-01,1.11022524e-01,7.401502,-7.98647854e-02,2.25728652e-03
0.188250,1.18502542e-01,1.11002542e-01,7.400169,-7.99278132e-02,2.25606016e-03
0.188500,1.18482544e-01,1.10982544e-01,7.398836,-7.99930989e-02,2.26870077e-03
0.188750,1.18462529e-01,1.10962529e-01,7.397502,-8.00579265e-02,2.26589956e-03
0.189000,1.18442499e-01,1.10942499e-01,7.396167,-8.01218401e-02,2.23481336e-03
0.189250,1.18422452e-01,1.10922452e-01,7.394830,-8.01873579e-02,2.21070136e-03
0.189500,1.18402388e-01,1.10902388e-01,7.393493,-8.02564941e-02,2.28071978e-03
0.189750,1.18382307e-01,1.10882307e-01,7.392154,-8.03245144e-02,2.29683432e-03
0.190000,1.18362210e-01,1.10862210e-01,7.390814,-8.03860736e-02,2.26061599e-03
0.190250,1.18342098e-01,1.10842098e-01,7.389473,-8.04479109e-02,2.24932013e-03
0.190500,1.18321970e-01,1.10821970e-01,7.388131,-8.05132212e-02,2.24858912e-03
0.190750,1.18301825e-01,1.10801825e-01,7.386788,-8.05794913e-02,2.28528315e-03
0.191000,1.18281664e-01,1.10781664e-01,7.385444,-8.06441991e-02,2.31782768e-03
0.191250,1.18261488e-01,1.10761488e-01,7.384099,-8.07044555e-02,2.29175250e-03
0.191500,1.18241297e-01,1.10741297e-01,7.382753,-8.07631926e-02,2.24077196e-03
0.191750,1.18221091e-01,1.10721091e-01,7.381406,-8.08263244e-02,2.29373653e-03
0.192000,1.18200868e-01,1.10700868e-01,7.380058,-8.08913004e-02,2.34701511e-03
0.192250,1.18180630e-01,1.10680630e-01,7.378709,-8.09495724e-02,2.36159681e-03
0.192500,1.18160380e-01,1.10660380e-01,7.377359,-8.10028253e-02,2.34633804e-03
0.192750,1.18140116e-01,1.10640116e-01,7.376008,-8.10555556e-02,2.33076824e-03
0.193000,1.18119838e-01,1.10619838e-01,7.374656,-8.11102270e-02,2.39394802e-03
0.193250,1.18099547e-01,1.10599547e-01,7.373303,-8.11633836e-02,2.37483534e-03
0.193500,1.18079244e-01,1.10579244e-01,7.371950,-8.12121979e-02,2.31030101e-03
0.193750,1.18058928e-01,1.10558928e-01,7.370595,-8.12654344e-02,2.28632674e-03
0.194000,1.18038597e-01,1.10538597e-01,7.369240,-8.13250294e-02,2.31322558e-03
0.194250,1.18018250e-01,1.10518250e-01,7.367883,-8.13854035e-02,2.32504635e-03
0.194500,1.17997890e-01,1.10497890e-01,7.366526,-8.14430466e-02,2.35560106e-03
0.194750,1.17977515e-01,1.10477515e-01,7.365168,-8.14983683e-02,2.29820880e-03
0.195000,1.17957127e-01,1.10457127e-01,7.363808,-8.15537187e-02,2.26252247e-03
0.195250,1.17936723e-01,1.10436723e-01,7.362448,-8.16153588e-02,2.28470130e-03
0.195500,1.17916303e-01,1.10416303e-01,7.361087,-8.16789484e-02,2.30182364e-03
0.195750,1.17895868e-01,1.10395868e-01,7.359725,-8.17399601e-02,2.26958397e-03
0.196000,1.17875418e-01,1.10375418e-01,7.358361,-8.18009913e-02,2.25442382e-03
0.196250,1.17854951e-01,1.10354951e-01,7.356997,-8.18653397e-02,2.31752202e-03
0.196500,1.17834469e-01,1.10334469e-01,7.355631,-8.19281432e-02,2.34477483e-03
0.196750,1.17813973e-01,1.10313973e-01,7.354265,-8.19845613e-02,2.29196369e-03
0.197000,1.17793463e-01,1.10293463e-01,7.352898,-8.20410766e-02,2.26733411e-03
0.197250,1.17772937e-01,1.10272937e-01,7.351529,-8.21030168e-02,2.27669937e-03
0.197500,1.17752396e-01,1.10252396e-01,7.350160,-8.21665651e-02,2.29550610e-03
0.197750,1.17731839e-01,1.10231839e-01,7.348789,-8.22285131e-02,2.34752501e-03
0.198000,1.17711267e-01,1.10211267e-01,7.347418,-8.22866172e-02,2.33518480e-03
0.198250,1.17690682e-01,1.10190682e-01,7.346045,-8.23409959e-02,2.26301365e-03
0.198500,1.17670082e-01,1.10170082e-01,7.344672,-8.23995785e-02,2.28400720e-03
0.198750,1.17649466e-01,1.10149466e-01,7.343298,-8.24631585e-02,2.34708143e-03
0.199000,1.17628835e-01,1.10128835e-01,7.341922,-8.25222263e-02,2.37528565e-03
0.199250,1.17608192e-01,1.10108192e-01,7.340546,-8.25748686e-02,2.36524970e-03
0.199500,1.17587535e-01,1.10087535e-01,7.339169,-8.26256389e-02,2.37422638e-03
0.199750,1.17566866e-01,1.10066866e-01,7.337791,-8.26768363e-02,2.38458520e-03
0.200000,1.17546184e-01,1.10046184e-01,7.336412,-8.27268388e-02,2.36247935e-03
0.200250,1.17525490e-01,1.10025490e-01,7.335033,-8.27769681e-02,2.32700158e-03
0.200500,1.17504782e-01,1.10004782e-01,7.333652,-8.28304808e-02,2.33748602e-03
0.200750,1.17484061e-01,1.09984061e-01,7.332271,-8.28864428e-02,2.35078659e-03
0.201000,1.17463326e-01,1.09963326e-01,7.330888,-8.29409560e-02,2.35512734e-03
0.201250,1.17442577e-01,1.09942577e-01,7.329505,-8.29941853e-02,2.36818217e-03
0.201500,1.17421815e-01,1.09921815e-01,7.328121,-8.30464810e-02,2.29220154e-03
0.201750,1.17401040e-01,1.09901040e-01,7.326736,-8.31010640e-02,2.26485037e-03
0.202000,1.17380249e-01,1.09880249e-01,7.325350,-8.31630945e-02,2.31297072e-03
0.202250,1.17359443e-01,1.09859443e-01,7.323963,-8.32252432e-02,2.31866349e-03
0.202500,1.17338622e-01,1.09838622e-01,7.322575,-8.32831893e-02,2.26659729e-03
0.202750,1.17317787e-01,1.09817787e-01,7.321186,-8.33429699e-02,2.22603903e-03
0.203000,1.17296934e-01,1.09796934e-01,7.319796,-8.34088184e-02,2.29291468e-03
0.203250,1.17276066e-01,1.09776066e-01,7.318404,-8.34750403e-02,2.34115607e-03
0.203500,1.17255182e-01,1.09755182e-01,7.317012,-8.35336388e-02,2.29177235e-03
0.203750,1.17234285e-01,1.09734285e-01,7.315619,-8.35904597e-02,2.24897636e-03
0.204000,1.17213371e-01,1.09713371e-01,7.314225,-8.36532272e-02,2.28560568e-03
0.204250,1.17192442e-01,1.09692442e-01,7.312829,-8.37178890e-02,2.31861438e-03
0.204500,1.17171497e-01,1.09671497e-01,7.311433,-8.37780841e-02,2.34880598e-03
0.204750,1.17150539e-01,1.09650539e-01,7.310036,-8.38342343e-02,2.32013469e-03
0.205000,1.17129566e-01,1.09629566e-01,7.308638,-8.38891732e-02,2.26579563e-03
0.205250,1.17108579e-01,1.09608579e-01,7.307239,-8.39488684e-02,2.32333237e-03
0.205500,1.17087577e-01,1.09587577e-01,7.305838,-8.40104814e-02,2.37828756e-03
0.205750,1.17066560e-01,1.09566560e-01,7.304437,-8.40649409e-02,2.41657974e-03
0.206000,1.17045532e-01,1.09545532e-01,7.303035,-8.41131955e-02,2.36422877e-03
0.206250,1.17024492e-01,1.09524492e-01,7.301633,-8.41606205e-02,2.35355092e-03
0.206500,1.17003439e-01,1.09503439e-01,7.300229,-8.42128158e-02,2.41778933e-03
0.206750,1.16982373e-01,1.09482373e-01,7.298825,-8.42630479e-02,2.39470995e-03
0.207000,1.16961296e-01,1.09461296e-01,7.297420,-8.43090261e-02,2.35606541e-03
0.207250,1.16940206e-01,1.09440206e-01,7.296014,-8.43586076e-02,2.31689446e-03
0.207500,1.16919103e-01,1.09419103e-01,7.294607,-8.44130937e-02,2.32980243e-03
0.207750,1.16897985e-01,1.09397985e-01,7.293199,-8.44702253e-02,2.37782916e-03
0.208000,1.16876854e-01,1.09376854e-01,7.291790,-8.45241738e-02,2.35785535e-03
0.208250,1.16855710e-01,1.09355710e-01,7.290381,-8.45750622e-02,2.33816974e-03
0.208500,1.16834553e-01,1.09334553e-01,7.288970,-8.46284608e-02,2.30625299e-03
0.208750,1.16813382e-01,1.09313382e-01,7.287559,-8.46848867e-02,2.29196781e-03
0.209000,1.16792196e-01,1.09292196e-01,7.286146,-8.47445646e-02,2.30485815e-03
0.209250,1.16770995e-01,1.09270995e-01,7.284733,-8.48048455e-02,2.29837646e-03
0.209500,1.16749779e-01,1.09249779e-01,7.283319,-8.48643546e-02,2.32258357e-03
0.209750,1.16728548e-01,1.09228548e-01,7.281903,-8.49233257e-02,2.35272383e-03
0.210000,1.16707303e-01,1.09207303e-01,7.280487,-8.49789769e-02,2.33419827e-03
0.210250,1.16686045e-01,1.09186045e-01,7.279070,-8.50329724e-02,2.30826441e-03
0.210500,1.16664772e-01,1.09164772e-01,7.277651,-8.50896354e-02,2.30827160e-03
0.210750,1.16643485e-01,1.09143485e-01,7.276232,-8.51484274e-02,2.32366444e-03
0.211000,1.16622184e-01,1.09122184e-01,7.274812,-8.52065383e-02,2.36783518e-03
0.211250,1.16600868e-01,1.09100868e-01,7.273391,-8.52614326e-02,2.36075510e-03
0.211500,1.16579540e-01,1.09079540e-01,7.271969,-8.53130133e-02,2.29502321e-03
0.211750,1.16558198e-01,1.09058198e-01,7.270547,-8.53680813e-02,2.31425723e-03
0.212000,1.16536841e-01,1.09036841e-01,7.269123,-8.54276958e-02,2.37722473e-03
0.212250,1.16515470e-01,1.09015470e-01,7.267698,-8.54829474e-02,2.40253641e-03
0.212500,1.16494087e-01,1.08994087e-01,7.266272,-8.55319101e-02,2.39322919e-03
0.212750,1.16472693e-01,1.08972693e-01,7.264846,-8.55792060e-02,2.39573253e-03
0.213000,1.16451286e-01,1.08951286e-01,7.263419,-8.56271555e-02,2.43692502e-03
0.213250,1.16429867e-01,1.08929867e-01,7.261991,-8.56730783e-02,2.38040417e-03
0.213500,1.16408438e-01,1.08908438e-01,7.260563,-8.57181178e-02,2.37080665e-03
0.213750,1.16386996e-01,1.08886996e-01,7.259133,-8.57682222e-02,2.36267757e-03
0.214000,1.16365541e-01,1.08865541e-01,7.257703,-8.58194740e-02,2.37856868e-03
0.214250,1.16344073e-01,1.08844073e-01,7.256272,-8.58706906e-02,2.40356897e-03
0.214500,1.16322593e-01,1.08822593e-01,7.254840,-8.59194973e-02,2.37907388e-03
0.214750,1.16301102e-01,1.08801102e-01,7.253407,-8.59673343e-02,2.31778380e-03
0.215000,1.16279597e-01,1.08779597e-01,7.251973,-8.60198920e-02,2.30434875e-03
0.215250,1.16258077e-01,1.08758077e-01,7.250538,-8.60780758e-02,2.30760473e-03
0.215500,1.16236543e-01,1.08736543e-01,7.249103,-8.61372188e-02,2.31922465e-03
0.215750,1.16214994e-01,1.08714994e-01,7.247666,-8.61955807e-02,2.28000608e-03
0.216000,1.16193430e-01,1.08693430e-01,7.246229,-8.62547225e-02,2.29208504e-03
0.216250,1.16171851e-01,1.08671851e-01,7.244790,-8.63165502e-02,2.33733954e-03
0.216500,1.16150257e-01,1.08650257e-01,7.243350,-8.63753855e-02,2.33651451e-03
0.216750,1.16128650e-01,1.08628650e-01,7.241910,-8.64305417e-02,2.30301196e-03
0.217000,1.16107028e-01,1.08607028e-01,7.240469,-8.64872467e-02,2.31481517e-03
0.217250,1.16085391e-01,1.08585391e-01,7.239026,-8.65461807e-02,2.31485858e-03
0.217500,1.16063740e-01,1.08563740e-01,7.237583,-8.66041436e-02,2.36043359e-03
0.217750,1.16042075e-01,1.08542075e-01,7.236138,-8.66600881e-02,2.36234556e-03
0.218000,1.16020397e-01,1.08520397e-01,7.234693,-8.67122063e-02,2.30734646e-03
0.218250,1.15998706e-01,1.08498706e-01,7.233247,-8.67665989e-02,2.34967729e-03
0.218500,1.15977000e-01,1.08477000e-01,7.231800,-8.68236357e-02,2.39658791e-03
0.218750,1.15955281e-01,1.08455281e-01,7.230352,-8.68751231e-02,2.43776157e-03
0.219000,1.15933551e-01,1.08433551e-01,7.228903,-8.69209387e-02,2.39607861e-03
0.219250,1.15911809e-01,1.08411809e-01,7.227454,-8.69652166e-02,2.40668422e-03
0.219500,1.15890056e-01,1.08390056e-01,7.226004,-8.70124479e-02,2.43934509e-03
0.219750,1.15868292e-01,1.08368292e-01,7.224553,-8.70573645e-02,2.40114098e-03
0.220000,1.15846517e-01,1.08346517e-01,7.223101,-8.71012886e-02,2.38605721e-03
0.220250,1.15824729e-01,1.08324729e-01,7.221649,-8.71490162e-02,2.34486446e-03
0.220500,1.15802929e-01,1.08302929e-01,7.220195,-8.71998033e-02,2.35549813e-03
0.220750,1.15781116e-01,1.08281116e-01,7.218741,-8.72535024e-02,2.43057099e-03
0.221000,1.15759290e-01,1.08259290e-01,7.217286,-8.73030095e-02,2.36986355e-03
0.221250,1.15737453e-01,1.08237453e-01,7.215830,-8.73490367e-02,2.32036572e-03
0.221500,1.15715602e-01,1.08215602e-01,7.214373,-8.74022365e-02,2.32791510e-03
0.221750,1.15693738e-01,1.08193738e-01,7.212916,-8.74591665e-02,2.34315597e-03
0.222000,1.15671859e-01,1.08171859e-01,7.211457,-8.75148029e-02,2.32016769e-03
0.222250,1.15649966e-01,1.08149966e-01,7.209998,-8.75702042e-02,2.30885723e-03
0.222500,1.15628059e-01,1.08128059e-01,7.208537,-8.76279930e-02,2.38301009e-03
0.222750,1.15606139e-01,1.08106139e-01,7.207076,-8.76834322e-02,2.38915898e-03
0.223000,1.15584205e-01,1.08084205e-01,7.205614,-8.77325113e-02,2.33928351e-03
0.223250,1.15562260e-01,1.08062260e-01,7.204151,-8.77832905e-02,2.33745127e-03
0.223500,1.15540300e-01,1.08040300e-01,7.202687,-8.78382457e-02,2.34898213e-03
0.223750,1.15518327e-01,1.08018327e-01,7.201222,-8.78928415e-02,2.36666935e-03
0.224000,1.15496340e-01,1.07996340e-01,7.199756,-8.79457087e-02,2.38798648e-03
0.224250,1.15474341e-01,1.07974341e-01,7.198289,-8.79961812e-02,2.36874039e-03
0.224500,1.15452330e-01,1.07952330e-01,7.196822,-8.80457544e-02,2.32348743e-03
0.224750,1.15430305e-01,1.07930305e-01,7.195354,-8.80989084e-02,2.38485639e-03
0.225000,1.15408267e-01,1.07908267e-01,7.193884,-8.81530648e-02,2.42945991e-03
0.225250,1.15386217e-01,1.07886217e-01,7.192414,-8.82002106e-02,2.42278559e-03
0.225500,1.15364156e-01,1.07864156e-01,7.190944,-8.82439893e-02,2.43216202e-03
0.225750,1.15342084e-01,1.07842084e-01,7.189472,-8.82879015e-02,2.46109137e-03
0.226000,1.15320001e-01,1.07820001e-01,7.188000,-8.83297650e-02,2.41123687e-03
0.226250,1.15297909e-01,1.07797909e-01,7.186527,-8.83714572e-02,2.39443077e-03
0.226500,1.15275804e-01,1.07775804e-01,7.185054,-8.84179857e-02,2.38350315e-03
0.226750,1.15253687e-01,1.07753687e-01,7.183579,-8.84663772e-02,2.40279631e-03
0.227000,1.15231559e-01,1.07731559e-01,7.182104,-8.85148129e-02,2.43161419e-03
0.227250,1.15209419e-01,1.07709419e-01,7.180628,-8.85603905e-02,2.38732561e-03
0.227500,1.15187267e-01,1.07687267e-01,7.179151,-8.86055601e-02,2.33143740e-03
0.227750,1.15165103e-01,1.07665103e-01,7.177674,-8.86568367e-02,2.33948119e-03
0.228000,1.15142925e-01,1.07642925e-01,7.176195,-8.87123463e-02,2.33461993e-03
0.228250,1.15120733e-01,1.07620733e-01,7.174716,-8.87674104e-02,2.32767558e-03
0.228500,1.15098527e-01,1.07598527e-01,7.173235,-8.88231807e-02,2.30115417e-03
0.228750,1.15076307e-01,1.07576307e-01,7.171754,-8.88806936e-02,2.35037407e-03
0.229000,1.15054073e-01,1.07554073e-01,7.170272,-8.89382080e-02,2.39087773e-03
0.229250,1.15031825e-01,1.07531825e-01,7.168788,-8.89898907e-02,2.33389030e-03
0.229500,1.15009565e-01,1.07509565e-01,7.167304,-8.90407672e-02,2.33198163e-03
0.229750,1.14987291e-01,1.07487291e-01,7.165819,-8.90964070e-02,2.32450038e-03
0.230000,1.14965003e-01,1.07465003e-01,7.164334,-8.91525343e-02,2.35754866e-03
0.230250,1.14942701e-01,1.07442701e-01,7.162847,-8.92078147e-02,2.40684663e-03
0.230500,1.14920386e-01,1.07420386e-01,7.161359,-8.92582023e-02,2.36232459e-03
0.230750,1.14898060e-01,1.07398060e-01,7.159871,-8.93065106e-02,2.35391195e-03
0.231000,1.14875720e-01,1.07375720e-01,7.158381,-8.93588463e-02,2.40181854e-03
0.231250,1.14853367e-01,1.07353367e-01,7.156891,-8.94097548e-02,2.43765993e-03
0.231500,1.14831004e-01,1.07331004e-01,7.155400,-8.94551454e-02,2.44270972e-03
0.231750,1.14808629e-01,1.07308629e-01,7.153909,-8.94973701e-02,2.43312915e-03
0.232000,1.14786244e-01,1.07286244e-01,7.152416,-8.95396037e-02,2.48255933e-03
0.232250,1.14763849e-01,1.07263849e-01,7.150923,-8.95804386e-02,2.44976948e-03
0.232500,1.14741445e-01,1.07241445e-01,7.149430,-8.96186648e-02,2.40245001e-03
0.232750,1.14719029e-01,1.07219029e-01,7.147935,-8.96616751e-02,2.36881209e-03
0.233000,1.14696602e-01,1.07196602e-01,7.146440,-8.97100576e-02,2.38817229e-03
0.233250,1.14674162e-01,1.07174162e-01,7.144944,-8.97603460e-02,2.43947107e-03
0.233500,1.14651710e-01,1.07151710e-01,7.143447,-8.98067770e-02,2.39565301e-03
0.233750,1.14629247e-01,1.07129247e-01,7.141950,-8.98509333e-02,2.36814314e-03
0.234000,1.14606772e-01,1.07106772e-01,7.140451,-8.98999035e-02,2.35363935e-03
0.234250,1.14584284e-01,1.07084284e-01,7.138952,-8.99517735e-02,2.35422552e-03
0.234500,1.14561783e-01,1.07061783e-01,7.137452,-9.00048084e-02,2.33916174e-03
0.234750,1.14539268e-01,1.07039268e-01,7.135951,-9.00584612e-02,2.33152926e-03
0.235000,1.14516740e-01,1.07016740e-01,7.134449,-9.01136882e-02,2.41092861e-03
0.235250,1.14494198e-01,1.06994198e-01,7.132947,-9.01660316e-02,2.41010770e-03
0.235500,1.14471646e-01,1.06971646e-01,7.131443,-9.02118923e-02,2.36077022e-03
0.235750,1.14449081e-01,1.06949081e-01,7.129939,-9.02600017e-02,2.36167759e-03
0.236000,1.14426502e-01,1.06926502e-01,7.128433,-9.03121217e-02,2.37874682e-03
0.236250,1.14403912e-01,1.06903912e-01,7.126927,-9.03634126e-02,2.39957262e-03
0.236500,1.14381309e-01,1.06881309e-01,7.125421,-9.04123813e-02,2.41063491e-03
0.236750,1.14358694e-01,1.06858694e-01,7.123913,-9.04591511e-02,2.37738022e-03
0.237000,1.14336067e-01,1.06836067e-01,7.122404,-9.05064828e-02,2.36512682e-03
0.237250,1.14313428e-01,1.06813428e-01,7.120895,-9.05570866e-02,2.41309443e-03
0.237500,1.14290776e-01,1.06790776e-01,7.119385,-9.06065758e-02,2.46177468e-03
0.237750,1.14268114e-01,1.06768114e-01,7.117874,-9.06499745e-02,2.44240463e-03
0.238000,1.14245441e-01,1.06745441e-01,7.116363,-9.06902327e-02,2.46350487e-03
0.238250,1.14222758e-01,1.06722758e-01,7.114851,-9.07311485e-02,2.47897462e-03
0.238500,1.14200066e-01,1.06700066e-01,7.113338,-9.07696479e-02,2.40622778e-03
0.238750,1.14177363e-01,1.06677363e-01,7.111824,-9.08100934e-02,2.42744135e-03
0.239000,1.14154650e-01,1.06654650e-01,7.110310,-9.08555737e-02,2.43304431e-03
0.239250,1.14131925e-01,1.06631925e-01,7.108795,-9.08990647e-02,2.42285113e-03
0.239500,1.14109189e-01,1.06609189e-01,7.107279,-9.09425462e-02,2.45617757e-03
0.239750,1.14086443e-01,1.06586443e-01,7.105763,-9.09853914e-02,2.36450774e-03
0.240000,1.14063685e-01,1.06563685e-01,7.104246,-9.10295529e-02,2.34574124e-03
0.240250,1.14040915e-01,1.06540915e-01,7.102728,-9.10820706e-02,2.36578466e-03
0.240500,1.14018131e-01,1.06518131e-01,7.101209,-9.11352430e-02,2.37638555e-03
0.240750,1.13995335e-01,1.06495335e-01,7.099689,-9.11863011e-02,2.34567780e-03
0.241000,1.13972525e-01,1.06472525e-01,7.098168,-9.12378463e-02,2.33003534e-03
0.241250,1.13949702e-01,1.06449702e-01,7.096647,-9.12926044e-02,2.37836874e-03
0.241500,1.13926865e-01,1.06426865e-01,7.095124,-9.13465099e-02,2.38620582e-03
0.241750,1.13904016e-01,1.06404016e-01,7.093601,-9.13961006e-02,2.35451482e-03
0.242000,1.13881155e-01,1.06381155e-01,7.092077,-9.14464489e-02,2.37629670e-03
0.242250,1.13858280e-01,1.06358280e-01,7.090552,-9.14984362e-02,2.38066491e-03
0.242500,1.13835393e-01,1.06335393e-01,7.089026,-9.15484420e-02,2.42471494e-03
0.242750,1.13812494e-01,1.06312494e-01,7.087500,-9.15961417e-02,2.38143287e-03
0.243000,1.13789583e-01,1.06289583e-01,7.085972,-9.16421383e-02,2.36930121e-03
0.243250,1.13766660e-01,1.06266660e-01,7.084444,-9.16922248e-02,2.41766244e-03
0.243500,1.13743725e-01,1.06243725e-01,7.082915,-9.17411693e-02,2.47039152e-03
0.243750,1.13720779e-01,1.06220779e-01,7.081385,-9.17838120e-02,2.47076826e-03
0.244000,1.13697824e-01,1.06197824e-01,7.079855,-9.18221088e-02,2.45582819e-03
0.244250,1.13674858e-01,1.06174858e-01,7.078324,-9.18610352e-02,2.50209796e-03
0.244500,1.13651883e-01,1.06151883e-01,7.076792,-9.18991426e-02,2.46768450e-03
0.244750,1.13628900e-01,1.06128900e-01,7.075260,-9.19349726e-02,2.42607522e-03
0.245000,1.13605906e-01,1.06105906e-01,7.073727,-9.19754675e-02,2.39460180e-03
0.245250,1.13582901e-01,1.06082901e-01,7.072193,-9.20207702e-02,2.41280437e-03
0.245500,1.13559884e-01,1.06059884e-01,7.070659,-9.20678522e-02,2.48897205e-03
0.245750,1.13536856e-01,1.06036856e-01,7.069124,-9.21100723e-02,2.41720492e-03
0.246000,1.13513819e-01,1.06013819e-01,7.067588,-9.21492116e-02,2.36859193e-03
0.246250,1.13490770e-01,1.05990770e-01,7.066051,-9.21963925e-02,2.37078234e-03
0.246500,1.13467708e-01,1.05967708e-01,7.064514,-9.22474678e-02,2.36647850e-03
0.246750,1.13444633e-01,1.05944633e-01,7.062976,-9.22985535e-02,2.37041397e-03
0.247000,1.13421546e-01,1.05921546e-01,7.061436,-9.23498186e-02,2.34974747e-03
0.247250,1.13398445e-01,1.05898445e-01,7.059896,-9.24016742e-02,2.44148961e-03
0.247500,1.13375333e-01,1.05875333e-01,7.058356,-9.24511708e-02,2.43647951e-03
0.247750,1.13352209e-01,1.05852209e-01,7.056814,-9.24933564e-02,2.38804461e-03
0.248000,1.13329075e-01,1.05829075e-01,7.055272,-9.25380947e-02,2.37746399e-03
0.248250,1.13305928e-01,1.05805928e-01,7.053729,-9.25872775e-02,2.40486324e-03
0.248500,1.13282769e-01,1.05782769e-01,7.052185,-9.26361177e-02,2.45451314e-03
0.248750,1.13259599e-01,1.05759599e-01,7.050640,-9.26805132e-02,2.42330887e-03
0.249000,1.13236418e-01,1.05736418e-01,7.049095,-9.27222119e-02,2.35014918e-03
0.249250,1.13213226e-01,1.05713226e-01,7.047548,-9.27697069e-02,2.40666264e-03
0.249500,1.13190021e-01,1.05690021e-01,7.046001,-9.28207102e-02,2.48873659e-03
0.249750,1.13166805e-01,1.05666805e-01,7.044454,-9.28634450e-02,2.49294056e-03
0.250000,1.13143580e-01,1.05643580e-01,7.042905,-9.28992554e-02,2.48954390e-03
0.250250,1.13120346e-01,1.05620346e-01,7.041356,-9.29348708e-02,2.49887596e-03
0.250500,1.13097104e-01,1.05597104e-01,7.039807,-9.29703525e-02,2.44505436e-03
0.250750,1.13073852e-01,1.05573852e-01,7.038257,-9.30074474e-02,2.43748203e-03
0.251000,1.13050589e-01,1.05550589e-01,7.036706,-9.30492961e-02,2.44284283e-03
0.251250,1.13027317e-01,1.05527317e-01,7.035154,-9.30915295e-02,2.45105262e-03
0.251500,1.13004033e-01,1.05504033e-01,7.033602,-9.31329598e-02,2.50403379e-03
0.251750,1.12980740e-01,1.05480740e-01,7.032049,-9.31713737e-02,2.41125155e-03
0.252000,1.12957438e-01,1.05457438e-01,7.030496,-9.32095396e-02,2.35483588e-03
0.252250,1.12934124e-01,1.05434124e-01,7.028942,-9.32578174e-02,2.39359392e-03
0.252500,1.12910796e-01,1.05410796e-01,7.027386,-9.33090136e-02,2.39082367e-03
0.252750,1.12887457e-01,1.05387457e-01,7.025830,-9.33571501e-02,2.36063469e-03
0.253000,1.12864105e-01,1.05364105e-01,7.024274,-9.34068487e-02,2.35256667e-03
0.253250,1.12840741e-01,1.05340741e-01,7.022716,-9.34593827e-02,2.40418801e-03
0.253500,1.12817363e-01,1.05317363e-01,7.021158,-9.35102968e-02,2.40879104e-03
0.253750,1.12793974e-01,1.05293974e-01,7.019598,-9.35567692e-02,2.37114577e-03
0.254000,1.12770573e-01,1.05270573e-01,7.018038,-9.36045279e-02,2.38982794e-03
0.254250,1.12747159e-01,1.05247159e-01,7.016477,-9.36545515e-02,2.40256950e-03
0.254500,1.12723733e-01,1.05223733e-01,7.014916,-9.37024780e-02,2.44873138e-03
0.254750,1.12700297e-01,1.05200297e-01,7.013353,-9.37473175e-02,2.40800631e-03
0.255000,1.12676849e-01,1.05176849e-01,7.011790,-9.37901674e-02,2.39200590e-03
0.255250,1.12653390e-01,1.05153390e-01,7.010226,-9.38370683e-02,2.44975241e-03
0.255500,1.12629919e-01,1.05129919e-01,7.008661,-9.38827300e-02,2.48680393e-03
0.255750,1.12606439e-01,1.05106439e-01,7.007096,-9.39220124e-02,2.48946373e-03
0.256000,1.12582949e-01,1.05082949e-01,7.005530,-9.39581352e-02,2.48316323e-03
0.256250,1.12559450e-01,1.05059450e-01,7.003963,-9.39943181e-02,2.51768006e-03
0.256500,1.12535943e-01,1.05035943e-01,7.002396,-9.40294924e-02,2.48089233e-03
0.256750,1.12512427e-01,1.05012427e-01,7.000828,-9.40634591e-02,2.45570351e-03
0.257000,1.12488902e-01,1.04988902e-01,6.999260,-9.41015597e-02,2.43192963e-03
0.257250,1.12465366e-01,1.04965366e-01,6.997691,-9.41427795e-02,2.42964837e-03
0.257500,1.12441820e-01,1.04941820e-01,6.996121,-9.41860521e-02,2.48336939e-03
0.257750,1.12418263e-01,1.04918263e-01,6.994551,-9.42271370e-02,2.45029942e-03
0.258000,1.12394697e-01,1.04894697e-01,6.992980,-9.42652732e-02,2.40447129e-03
0.258250,1.12371119e-01,1.04871119e-01,6.991408,-9.43081507e-02,2.37713461e-03
0.258500,1.12347530e-01,1.04847530e-01,6.989835,-9.43559993e-02,2.38644540e-03
0.258750,1.12323929e-01,1.04823929e-01,6.988262,-9.44056807e-02,2.38409303e-03
0.259000,1.12300315e-01,1.04800315e-01,6.986688,-9.44547017e-02,2.44926541e-03
0.259250,1.12276690e-01,1.04776690e-01,6.985113,-9.45010346e-02,2.46403589e-03
0.259500,1.12253055e-01,1.04753055e-01,6.983537,-9.45413636e-02,2.39940164e-03
0.259750,1.12229409e-01,1.04729409e-01,6.981961,-9.45833373e-02,2.39957819e-03
0.260000,1.12205751e-01,1.04705751e-01,6.980383,-9.46306100e-02,2.41897087e-03
0.260250,1.12182082e-01,1.04682082e-01,6.978805,-9.46770108e-02,2.44429379e-03
0.260500,1.12158402e-01,1.04658402e-01,6.977227,-9.47206999e-02,2.45379217e-03
0.260750,1.12134711e-01,1.04634711e-01,6.975647,-9.47618899e-02,2.40792950e-03
0.261000,1.12111010e-01,1.04611010e-01,6.974067,-9.48043277e-02,2.43403442e-03
0.261250,1.12087298e-01,1.04587298e-01,6.972487,-9.48493769e-02,2.46650015e-03
0.261500,1.12063575e-01,1.04563575e-01,6.970905,-9.48908474e-02,2.49732602e-03
0.261750,1.12039843e-01,1.04539843e-01,6.969323,-9.49282896e-02,2.47670582e-03
0.262000,1.12016102e-01,1.04516102e-01,6.967740,-9.49641125e-02,2.50263356e-03
0.262250,1.11992352e-01,1.04492352e-01,6.966157,-9.50004822e-02,2.52223007e-03
0.262500,1.11968594e-01,1.04468594e-01,6.964573,-9.50338567e-02,2.45772498e-03
0.262750,1.11944826e-01,1.04444826e-01,6.962988,-9.50684740e-02,2.45802188e-03
0.263000,1.11921049e-01,1.04421049e-01,6.961403,-9.51083743e-02,2.48079678e-03
0.263250,1.11897263e-01,1.04397263e-01,6.959818,-9.51472434e-02,2.52189161e-03
0.263500,1.11873467e-01,1.04373467e-01,6.958231,-9.51824257e-02,2.44654454e-03
0.263750,1.11849663e-01,1.04349663e-01,6.956644,-9.52175651e-02,2.37525758e-03
0.264000,1.11825847e-01,1.04325847e-01,6.955056,-9.52620424e-02,2.40666807e-03
0.264250,1.11802019e-01,1.04302019e-01,6.953468,-9.53109839e-02,2.41267514e-03
0.264500,1.11778180e-01,1.04278180e-01,6.951879,-9.53570809e-02,2.39197778e-03
0.264750,1.11754329e-01,1.04254329e-01,6.950289,-9.54035998e-02,2.35460630e-03
0.265000,1.11730466e-01,1.04230466e-01,6.948698,-9.54534701e-02,2.42417659e-03
0.265250,1.11706590e-01,1.04206590e-01,6.947106,-9.55033332e-02,2.43554418e-03
0.265500,1.11682703e-01,1.04182703e-01,6.945514,-9.55469816e-02,2.39392573e-03
0.265750,1.11658805e-01,1.04158805e-01,6.943920,-9.55915367e-02,2.41581316e-03
0.266000,1.11634896e-01,1.04134896e-01,6.942326,-9.56385412e-02,2.42094848e-03
0.266250,1.11610975e-01,1.04110975e-01,6.940732,-9.56835217e-02,2.46516612e-03
0.266500,1.11587043e-01,1.04087043e-01,6.939136,-9.57261256e-02,2.42182735e-03
0.266750,1.11563101e-01,1.04063101e-01,6.937540,-9.57670151e-02,2.42165441e-03
0.267000,1.11539149e-01,1.04039149e-01,6.935943,-9.58114705e-02,2.48520808e-03
0.267250,1.11515185e-01,1.04015185e-01,6.934346,-9.58531305e-02,2.49769104e-03
0.267500,1.11491213e-01,1.03991213e-01,6.932748,-9.58890206e-02,2.49563007e-03
0.267750,1.11467232e-01,1.03967232e-01,6.931149,-9.59239769e-02,2.52402670e-03
0.268000,1.11443243e-01,1.03943243e-01,6.929550,-9.59578470e-02,2.54465241e-03
0.268250,1.11419246e-01,1.03919246e-01,6.927950,-9.59884737e-02,2.48573837e-03
0.268500,1.11395241e-01,1.03895241e-01,6.926349,-9.60200116e-02,2.45045712e-03
0.268750,1.11371226e-01,1.03871226e-01,6.924748,-9.60579464e-02,2.47033409e-03
0.269000,1.11347202e-01,1.03847202e-01,6.923147,-9.60978991e-02,2.47841958e-03
0.269250,1.11323168e-01,1.03823168e-01,6.921545,-9.61358623e-02,2.49728077e-03
0.269500,1.11299124e-01,1.03799124e-01,6.919942,-9.61723279e-02,2.45215733e-03
0.269750,1.11275072e-01,1.03775072e-01,6.918338,-9.62092398e-02,2.41132398e-03
0.270000,1.11251009e-01,1.03751009e-01,6.916734,-9.62516617e-02,2.40213191e-03
0.270250,1.11226935e-01,1.03726935e-01,6.915129,-9.62978426e-02,2.39027317e-03
0.270500,1.11202848e-01,1.03702848e-01,6.913523,-9.63453025e-02,2.38836938e-03
0.270750,1.11178750e-01,1.03678750e-01,6.911917,-9.63938201e-02,2.49001031e-03
0.271000,1.11154641e-01,1.03654641e-01,6.910309,-9.64380006e-02,2.48294985e-03
0.271250,1.11130522e-01,1.03630522e-01,6.908701,-9.64741481e-02,2.42453690e-03
0.271500,1.11106394e-01,1.03606394e-01,6.907093,-9.65134577e-02,2.41772755e-03
0.271750,1.11082254e-01,1.03582254e-01,6.905484,-9.65578643e-02,2.44290006e-03
0.272000,1.11058104e-01,1.03558104e-01,6.903874,-9.66017170e-02,2.49775613e-03
0.272250,1.11033943e-01,1.03533943e-01,6.902263,-9.66410779e-02,2.46266675e-03
0.272500,1.11009774e-01,1.03509774e-01,6.900652,-9.66774861e-02,2.40359087e-03
0.272750,1.10985594e-01,1.03485594e-01,6.899040,-9.67193871e-02,2.47062368e-03
0.273000,1.10961403e-01,1.03461403e-01,6.897427,-9.67631749e-02,2.51888756e-03
0.273250,1.10937204e-01,1.03437204e-01,6.895814,-9.67993253e-02,2.50862460e-03
0.273500,1.10912996e-01,1.03412996e-01,6.894200,-9.68319668e-02,2.52872904e-03
0.273750,1.10888779e-01,1.03388779e-01,6.892585,-9.68645621e-02,2.54727360e-03
0.274000,1.10864556e-01,1.03364556e-01,6.890970,-9.68946869e-02,2.46745036e-03
0.274250,1.10840324e-01,1.03340324e-01,6.889355,-9.69268181e-02,2.48637419e-03
0.274500,1.10816083e-01,1.03316083e-01,6.887739,-9.69646665e-02,2.49721632e-03
0.274750,1.10791833e-01,1.03291833e-01,6.886122,-9.70004818e-02,2.50972184e-03
0.275000,1.10767574e-01,1.03267574e-01,6.884505,-9.70348541e-02,2.50648957e-03
0.275250,1.10743307e-01,1.03243307e-01,6.882887,-9.70683425e-02,2.42571573e-03
0.275500,1.10719031e-01,1.03219031e-01,6.881269,-9.71056673e-02,2.41579185e-03
0.275750,1.10694743e-01,1.03194743e-01,6.879650,-9.71500626e-02,2.43032214e-03
0.276000,1.10670444e-01,1.03170444e-01,6.878030,-9.71946304e-02,2.40133236e-03
0.276250,1.10646135e-01,1.03146135e-01,6.876409,-9.72392868e-02,2.36604383e-03
0.276500,1.10621813e-01,1.03121813e-01,6.874788,-9.72878835e-02,2.44760285e-03
0.276750,1.10597479e-01,1.03097479e-01,6.873165,-9.73357718e-02,2.45461898e-03
0.277000,1.10573135e-01,1.03073135e-01,6.871542,-9.73766536e-02,2.41774975e-03
0.277250,1.10548780e-01,1.03048780e-01,6.869919,-9.74185893e-02,2.42561346e-03
0.277500,1.10524414e-01,1.03024414e-01,6.868294,-9.74632045e-02,2.43897288e-03
0.277750,1.10500037e-01,1.03000037e-01,6.866669,-9.75065834e-02,2.48655500e-03
0.278000,1.10475651e-01,1.02975651e-01,6.865043,-9.75467619e-02,2.44187792e-03
0.278250,1.10451255e-01,1.02951255e-01,6.863417,-9.75850089e-02,2.44107515e-03
0.278500,1.10426848e-01,1.02926848e-01,6.861790,-9.76269595e-02,2.50271251e-03
0.278750,1.10402431e-01,1.02902431e-01,6.860162,-9.76662511e-02,2.53424720e-03
0.279000,1.10378006e-01,1.02878006e-01,6.858534,-9.76990878e-02,2.51178261e-03
0.279250,1.10353574e-01,1.02853574e-01,6.856905,-9.77303286e-02,2.53993895e-03
0.279500,1.10329133e-01,1.02829133e-01,6.855276,-9.77621691e-02,2.57696126e-03
0.279750,1.10304686e-01,1.02804686e-01,6.853646,-9.77900610e-02,2.50234028e-03
0.280000,1.10280231e-01,1.02780231e-01,6.852015,-9.78182123e-02,2.46601498e-03
0.280250,1.10255768e-01,1.02755768e-01,6.850385,-9.78540961e-02,2.50173926e-03
0.280500,1.10231295e-01,1.02731295e-01,6.848753,-9.78913830e-02,2.49856548e-03
0.280750,1.10206813e-01,1.02706813e-01,6.847121,-9.79258772e-02,2.47410365e-03
0.281000,1.10182323e-01,1.02682323e-01,6.845488,-9.79617134e-02,2.45078625e-03
0.281250,1.10157823e-01,1.02657823e-01,6.843855,-9.80005888e-02,2.44564443e-03
0.281500,1.10133312e-01,1.02633312e-01,6.842221,-9.80416060e-02,2.41966193e-03
0.281750,1.10108791e-01,1.02608791e-01,6.840586,-9.80841940e-02,2.41884270e-03
0.282000,1.10084259e-01,1.02584259e-01,6.838951,-9.81289516e-02,2.45145349e-03
0.282250,1.10059716e-01,1.02559716e-01,6.837314,-9.81723346e-02,2.49619470e-03
0.282500,1.10035163e-01,1.02535163e-01,6.835678,-9.82110622e-02,2.46303112e-03
0.282750,1.10010601e-01,1.02510601e-01,6.834040,-9.82475826e-02,2.42528472e-03
0.283000,1.09986029e-01,1.02486029e-01,6.832402,-9.82884945e-02,2.44388714e-03
0.283250,1.09961446e-01,1.02461446e-01,6.830763,-9.83316832e-02,2.49078783e-03
0.283500,1.09936854e-01,1.02436854e-01,6.829124,-9.83712711e-02,2.50513998e-03
0.283750,1.09912252e-01,1.02412252e-01,6.827483,-9.84063737e-02,2.44796065e-03
0.284000,1.09887641e-01,1.02387641e-01,6.825843,-9.84428259e-02,2.46699114e-03
0.284250,1.09863020e-01,1.02363020e-01,6.824201,-9.84831313e-02,2.54664201e-03
0.284500,1.09838391e-01,1.02338391e-01,6.822559,-9.85183530e-02,2.54063779e-03
0.284750,1.09813754e-01,1.02313754e-01,6.820917,-9.85473004e-02,2.52532428e-03
0.285000,1.09789110e-01,1.02289110e-01,6.819274,-9.85774179e-02,2.53535620e-03
0.285250,1.09764458e-01,1.02264458e-01,6.817631,-9.86083491e-02,2.52496023e-03
0.285500,1.09739798e-01,1.02239798e-01,6.815987,-9.86389163e-02,2.51606656e-03
0.285750,1.09715130e-01,1.02215130e-01,6.814342,-9.86707302e-02,2.50259900e-03
0.286000,1.09690454e-01,1.02190454e-01,6.812697,-9.87038697e-02,2.50846965e-03
0.286250,1.09665770e-01,1.02165770e-01,6.811051,-9.87378554e-02,2.54997827e-03
0.286500,1.09641077e-01,1.02141077e-01,6.809405,-9.87695240e-02,2.46130272e-03
0.286750,1.09616377e-01,1.02116377e-01,6.807758,-9.88017049e-02,2.42799078e-03
0.287000,1.09591666e-01,1.02091666e-01,6.806111,-9.88426391e-02,2.43010863e-03
0.287250,1.09566945e-01,1.02066945e-01,6.804463,-9.88862147e-02,2.43693696e-03
0.287500,1.09542212e-01,1.02042212e-01,6.802814,-9.89293146e-02,2.40050349e-03
0.287750,1.09517469e-01,1.02017469e-01,6.801165,-9.89734645e-02,2.45589517e-03
0.288000,1.09492714e-01,1.01992714e-01,6.799514,-9.90181570e-02,2.47295794e-03
0.288250,1.09467950e-01,1.01967950e-01,6.797863,-9.90575472e-02,2.42533054e-03
0.288500,1.09443176e-01,1.01943176e-01,6.796212,-9.90976421e-02,2.44896651e-03
0.288750,1.09418391e-01,1.01918391e-01,6.794559,-9.91406024e-02,2.45587655e-03
0.289000,1.09393595e-01,1.01893595e-01,6.792906,-9.91813167e-02,2.48883426e-03
0.289250,1.09368790e-01,1.01868790e-01,6.791253,-9.92200065e-02,2.46579984e-03
0.289500,1.09343976e-01,1.01843976e-01,6.789598,-9.92570088e-02,2.45665568e-03
0.289750,1.09319152e-01,1.01819152e-01,6.787943,-9.92963065e-02,2.51200758e-03
0.290000,1.09294318e-01,1.01794318e-01,6.786288,-9.93339079e-02,2.54191968e-03
0.290250,1.09269477e-01,1.01769477e-01,6.784632,-9.93656423e-02,2.53892378e-03
0.290500,1.09244628e-01,1.01744628e-01,6.782975,-9.93950533e-02,2.56221964e-03
0.290750,1.09219772e-01,1.01719772e-01,6.781318,-9.94236803e-02,2.57871247e-03
0.291000,1.09194910e-01,1.01694910e-01,6.779661,-9.94496655e-02,2.52244769e-03
0.291250,1.09170041e-01,1.01670041e-01,6.778003,-9.94767840e-02,2.49282697e-03
0.291500,1.09145163e-01,1.01645163e-01,6.776344,-9.95098316e-02,2.52331564e-03
0.291750,1.09120277e-01,1.01620277e-01,6.774685,-9.95439633e-02,2.50980391e-03
0.292000,1.09095383e-01,1.01595383e-01,6.773026,-9.95761891e-02,2.48902986e-03
0.292250,1.09070481e-01,1.01570481e-01,6.771365,-9.96104427e-02,2.47120294e-03
0.292500,1.09045569e-01,1.01545569e-01,6.769705,-9.96471900e-02,2.46464120e-03
0.292750,1.09020647e-01,1.01520647e-01,6.768043,-9.96856911e-02,2.43301265e-03
0.293000,1.08995716e-01,1.01495716e-01,6.766381,-9.97261292e-02,2.43711067e-03
0.293250,1.08970774e-01,1.01470774e-01,6.764718,-9.97689830e-02,2.48569503e-03
0.293500,1.08945821e-01,1.01445821e-01,6.763055,-9.98093523e-02,2.52666360e-03
0.293750,1.08920860e-01,1.01420860e-01,6.761391,-9.98439216e-02,2.46555754e-03
0.294000,1.08895891e-01,1.01395891e-01,6.759726,-9.98778286e-02,2.44844410e-03
0.294250,1.08870911e-01,1.01370911e-01,6.758061,-9.99175093e-02,2.47241758e-03
0.294500,1.08845922e-01,1.01345922e-01,6.756395,-9.99575351e-02,2.50141302e-03
0.294750,1.08820923e-01,1.01320923e-01,6.754728,-9.99943108e-02,2.50903852e-03
0.295000,1.08795916e-01,1.01295916e-01,6.753061,-1.00028369e-01,2.43956162e-03
0.295250,1.08770900e-01,1.01270900e-01,6.751393,-1.00064872e-01,2.48881102e-03
0.295500,1.08745874e-01,1.01245874e-01,6.749725,-1.00104903e-01,2.56447749e-03
0.295750,1.08720840e-01,1.01220840e-01,6.748056,-1.00137544e-01,2.56244095e-03
0.296000,1.08695799e-01,1.01195799e-01,6.746387,-1.00164063e-01,2.55424310e-03
0.296250,1.08670751e-01,1.01170751e-01,6.744717,-1.00191112e-01,2.58558157e-03
0.296500,1.08645696e-01,1.01145696e-01,6.743046,-1.00217449e-01,2.51291978e-03
0.296750,1.08620635e-01,1.01120635e-01,6.741376,-1.00244424e-01,2.53289246e-03
0.297000,1.08595566e-01,1.01095566e-01,6.739704,-1.00276483e-01,2.53288875e-03
0.297250,1.08570489e-01,1.01070489e-01,6.738033,-1.00306902e-01,2.52630654e-03
0.297500,1.08545405e-01,1.01045405e-01,6.736360,-1.00337612e-01,2.54135781e-03
0.297750,1.08520313e-01,1.01020313e-01,6.734688,-1.00368197e-01,2.46598818e-03
0.298000,1.08495213e-01,1.00995213e-01,6.733014,-1.00400879e-01,2.45619488e-03
0.298250,1.08470103e-01,1.00970103e-01,6.731340,-1.00440182e-01,2.46507897e-03
0.298500,1.08444983e-01,1.00944983e-01,6.729666,-1.00479896e-01,2.43174988e-03
0.298750,1.08419853e-01,1.00919853e-01,6.727990,-1.00520354e-01,2.40794430e-03
0.299000,1.08394712e-01,1.00894712e-01,6.726314,-1.00564600e-01,2.47795369e-03
0.299250,1.08369560e-01,1.00869560e-01,6.724637,-1.00607707e-01,2.48566098e-03
0.299500,1.08344398e-01,1.00844398e-01,6.722960,-1.00644724e-01,2.43339908e-03
0.299750,1.08319228e-01,1.00819228e-01,6.721282,-1.00683419e-01,2.47096977e-03
0.300000,1.08294046e-01,1.00794046e-01,6.719603,-1.00724745e-01,2.48267988e-03
0.300250,1.08268856e-01,1.00768856e-01,6.717924,-1.00762467e-01,2.50637381e-03
0.300500,1.08243656e-01,1.00743656e-01,6.716244,-1.00798181e-01,2.46406129e-03
0.300750,1.08218448e-01,1.00718448e-01,6.714563,-1.00833820e-01,2.50259198e-03
0.301000,1.08193230e-01,1.00693230e-01,6.712882,-1.00871230e-01,2.56844242e-03
0.301250,1.08168004e-01,1.00668004e-01,6.711200,-1.00902565e-01,2.58530381e-03
0.301500,1.08142772e-01,1.00642772e-01,6.709518,-1.00927748e-01,2.56526982e-03
0.301750,1.08117534e-01,1.00617534e-01,6.707836,-1.00952432e-01,2.59745703e-03
0.302000,1.08092290e-01,1.00592290e-01,6.706153,-1.00977338e-01,2.55605584e-03
0.302250,1.08067040e-01,1.00567040e-01,6.704469,-1.01001432e-01,2.52342678e-03
0.302500,1.08041782e-01,1.00541782e-01,6.702785,-1.01030367e-01,2.52376951e-03
0.302750,1.08016516e-01,1.00516516e-01,6.701101,-1.01061966e-01,2.51588727e-03
0.303000,1.07991243e-01,1.00491243e-01,6.699416,-1.01093886e-01,2.55238653e-03
0.303250,1.07965962e-01,1.00465962e-01,6.697731,-1.01124839e-01,2.51283073e-03
0.303500,1.07940673e-01,1.00440673e-01,6.696045,-1.01154544e-01,2.46394835e-03
0.303750,1.07915376e-01,1.00415376e-01,6.694358,-1.01189658e-01,2.45037157e-03
0.304000,1.07890068e-01,1.00390068e-01,6.692671,-1.01229386e-01,2.44341189e-03
0.304250,1.07864751e-01,1.00364751e-01,6.690983,-1.01270536e-01,2.44272688e-03
0.304500,1.07839423e-01,1.00339423e-01,6.689295,-1.01312287e-01,2.53417560e-03
0.304750,1.07814085e-01,1.00314085e-01,6.687606,-1.01350052e-01,2.51965296e-03
0.305000,1.07788740e-01,1.00288740e-01,6.685916,-1.01380951e-01,2.46317604e-03
0.305250,1.07763386e-01,1.00263386e-01,6.684226,-1.01415539e-01,2.47611132e-03
0.305500,1.07738023e-01,1.00238023e-01,6.682535,-1.01454192e-01,2.51480217e-03
0.305750,1.07712650e-01,1.00212650e-01,6.680843,-1.01490072e-01,2.53312188e-03
0.306000,1.07687270e-01,1.00187270e-01,6.679151,-1.01521966e-01,2.46713168e-03
0.306250,1.07661881e-01,1.00161881e-01,6.677459,-1.01555273e-01,2.50030969e-03
0.306500,1.07636483e-01,1.00136483e-01,6.675766,-1.01592532e-01,2.58329663e-03
0.306750,1.07611077e-01,1.00111077e-01,6.674072,-1.01623397e-01,2.57866979e-03
0.307000,1.07585665e-01,1.00085665e-01,6.672378,-1.01647654e-01,2.57237272e-03
0.307250,1.07560247e-01,1.00060247e-01,6.670683,-1.01672569e-01,2.60330564e-03
0.307500,1.07534822e-01,1.00034822e-01,6.668988,-1.01696633e-01,2.52809397e-03
0.307750,1.07509392e-01,1.00009392e-01,6.667293,-1.01721483e-01,2.54652594e-03
0.308000,1.07483954e-01,9.99839540e-02,6.665597,-1.01751693e-01,2.54641339e-03
0.308250,1.07458509e-01,9.99585090e-02,6.663901,-1.01780395e-01,2.55381387e-03
0.308500,1.07433057e-01,9.99330570e-02,6.662204,-1.01808778e-01,2.54628080e-03
0.308750,1.07407598e-01,9.99075980e-02,6.660507,-1.01836887e-01,2.47546820e-03
0.309000,1.07382130e-01,9.98821300e-02,6.658809,-1.01868746e-01,2.47287311e-03
0.309250,1.07356654e-01,9.98566540e-02,6.657110,-1.01906533e-01,2.46517775e-03
0.309500,1.07331168e-01,9.98311680e-02,6.655411,-1.01944873e-01,2.44166869e-03
0.309750,1.07305671e-01,9.98056710e-02,6.653711,-1.01984884e-01,2.44456452e-03
0.310000,1.07280165e-01,9.97801650e-02,6.652011,-1.02026698e-01,2.53484348e-03
0.310250,1.07254649e-01,9.97546490e-02,6.650310,-1.02064282e-01,2.47928369e-03
0.310500,1.07229124e-01,9.97291240e-02,6.648608,-1.02096911e-01,2.42971254e-03
0.310750,1.07203590e-01,9.97035900e-02,6.646906,-1.02136293e-01,2.48215122e-03
0.311000,1.07178046e-01,9.96780460e-02,6.645203,-1.02177426e-01,2.51541048e-03
0.311250,1.07152493e-01,9.96524930e-02,6.643500,-1.02212784e-01,2.51837886e-03
0.311500,1.07126932e-01,9.96269320e-02,6.641795,-1.02245280e-01,2.49220014e-03
0.311750,1.07101362e-01,9.96013620e-02,6.640091,-1.02278689e-01,2.51836571e-03
0.312000,1.07075784e-01,9.95757840e-02,6.638386,-1.02313091e-01,2.58157217e-03
0.312250,1.07050198e-01,9.95501980e-02,6.636680,-1.02342550e-01,2.58865795e-03
0.312500,1.07024606e-01,9.95246060e-02,6.634974,-1.02366507e-01,2.57671602e-03
0.312750,1.06999009e-01,9.94990090e-02,6.633267,-1.02390410e-01,2.61138733e-03
0.313000,1.06973405e-01,9.94734050e-02,6.631560,-1.02413760e-01,2.56085350e-03
0.313250,1.06947796e-01,9.94477960e-02,6.629853,-1.02436498e-01,2.52903741e-03
0.313500,1.06922180e-01,9.94221800e-02,6.628145,-1.02464792e-01,2.55294832e-03
0.313750,1.06896556e-01,9.93965560e-02,6.626437,-1.02494640e-01,2.57280967e-03
0.314000,1.06870926e-01,9.93709260e-02,6.624728,-1.02521648e-01,2.52103344e-03
0.314250,1.06845289e-01,9.93452890e-02,6.623019,-1.02549313e-01,2.47670222e-03
0.314500,1.06819643e-01,9.93196430e-02,6.621310,-1.02583190e-01,2.47349560e-03
0.314750,1.06793988e-01,9.92939880e-02,6.619599,-1.02620848e-01,2.48493404e-03
0.315000,1.06768323e-01,9.92683230e-02,6.617888,-1.02658264e-01,2.46653800e-03
0.315250,1.06742649e-01,9.92426490e-02,6.616177,-1.02695554e-01,2.53306455e-03
0.315500,1.06716966e-01,9.92169660e-02,6.614464,-1.02731413e-01,2.53388136e-03
0.315750,1.06691276e-01,9.91912760e-02,6.612752,-1.02761774e-01,2.47722072e-03
0.316000,1.06665577e-01,9.91655770e-02,6.611038,-1.02794572e-01,2.49434148e-03
0.316250,1.06639869e-01,9.91398690e-02,6.609325,-1.02831266e-01,2.52376004e-03
0.316500,1.06614153e-01,9.91141530e-02,6.607610,-1.02865254e-01,2.56351777e-03
0.316750,1.06588429e-01,9.90884290e-02,6.605895,-1.02895069e-01,2.52545953e-03
0.317000,1.06562698e-01,9.90626980e-02,6.604180,-1.02923302e-01,2.46434696e-03
0.317250,1.06536959e-01,9.90369590e-02,6.602464,-1.02957361e-01,2.54223201e-03
0.317500,1.06511211e-01,9.90112110e-02,6.600747,-1.02992995e-01,2.58982510e-03
0.317750,1.06485456e-01,9.89854560e-02,6.599030,-1.03020130e-01,2.58072259e-03
0.318000,1.06459695e-01,9.89596950e-02,6.597313,-1.03043760e-01,2.59901661e-03
0.318250,1.06433928e-01,9.89339280e-02,6.595595,-1.03067328e-01,2.59209017e-03
0.318500,1.06408156e-01,9.89081560e-02,6.593877,-1.03089701e-01,2.57213287e-03
0.318750,1.06382377e-01,9.88823770e-02,6.592158,-1.03113524e-01,2.54671425e-03
0.319000,1.06356592e-01,9.88565920e-02,6.590439,-1.03140110e-01,2.55396708e-03
0.319250,1.06330800e-01,9.88308000e-02,6.588720,-1.03168462e-01,2.59868467e-03
0.319500,1.06305002e-01,9.88050020e-02,6.587000,-1.03194242e-01,2.49928634e-03
0.319750,1.06279196e-01,9.87791960e-02,6.585280,-1.03220745e-01,2.48261520e-03
0.320000,1.06253382e-01,9.87533820e-02,6.583559,-1.03256145e-01,2.48524075e-03
0.320250,1.06227559e-01,9.87275590e-02,6.581837,-1.03292799e-01,2.46438225e-03
0.320500,1.06201727e-01,9.87017270e-02,6.580115,-1.03330159e-01,2.43065696e-03
0.320750,1.06175884e-01,9.86758840e-02,6.578392,-1.03370722e-01,2.51385390e-03
0.321000,1.06150031e-01,9.86500310e-02,6.576669,-1.03410377e-01,2.52405214e-03
0.321250,1.06124171e-01,9.86241710e-02,6.574945,-1.03442749e-01,2.46582003e-03
0.321500,1.06098301e-01,9.85983010e-02,6.573220,-1.03476859e-01,2.47194706e-03
0.321750,1.06072422e-01,9.85724220e-02,6.571495,-1.03515479e-01,2.51317141e-03
0.322000,1.06046535e-01,9.85465350e-02,6.569769,-1.03551774e-01,2.54752158e-03
0.322250,1.06020639e-01,9.85206390e-02,6.568043,-1.03583165e-01,2.50002186e-03
0.322500,1.05994735e-01,9.84947350e-02,6.566316,-1.03613836e-01,2.53151674e-03
0.322750,1.05968824e-01,9.84688240e-02,6.564588,-1.03647014e-01,2.59957345e-03
0.323000,1.05942905e-01,9.84429050e-02,6.562860,-1.03674598e-01,2.61158013e-03
0.323250,1.05916981e-01,9.84169810e-02,6.561132,-1.03696063e-01,2.59197977e-03
0.323500,1.05891052e-01,9.83910520e-02,6.559403,-1.03717409e-01,2.62496616e-03
0.323750,1.05865117e-01,9.83651170e-02,6.557674,-1.03738906e-01,2.57935549e-03
0.324000,1.05839177e-01,9.83391770e-02,6.555945,-1.03759711e-01,2.54062238e-03
0.324250,1.05813230e-01,9.83132300e-02,6.554215,-1.03785973e-01,2.57213361e-03
0.324500,1.05787277e-01,9.82872770e-02,6.552485,-1.03814023e-01,2.56533449e-03
0.324750,1.05761317e-01,9.82613170e-02,6.550754,-1.03839785e-01,2.53452949e-03
0.325000,1.05735350e-01,9.82353500e-02,6.549023,-1.03867468e-01,2.50377709e-03
0.325250,1.05709375e-01,9.82093750e-02,6.547292,-1.03899040e-01,2.49537809e-03
0.325500,1.05683392e-01,9.81833920e-02,6.545559,-1.03933507e-01,2.49764540e-03
0.325750,1.05657400e-01,9.81574000e-02,6.543827,-1.03968565e-01,2.47860963e-03
0.326000,1.05631399e-01,9.81313990e-02,6.542093,-1.04004277e-01,2.55120268e-03
0.326250,1.05605389e-01,9.81053890e-02,6.540359,-1.04038343e-01,2.54593323e-03
0.326500,1.05579372e-01,9.80793720e-02,6.538625,-1.04066682e-01,2.49231972e-03
0.326750,1.05553348e-01,9.80533480e-02,6.536890,-1.04097824e-01,2.50410242e-03
0.327000,1.05527315e-01,9.80273150e-02,6.535154,-1.04132847e-01,2.53697077e-03
0.327250,1.05501273e-01,9.80012730e-02,6.533418,-1.04165449e-01,2.58596174e-03
0.327500,1.05475225e-01,9.79752250e-02,6.531682,-1.04193187e-01,2.53492607e-03
0.327750,1.05449170e-01,9.79491700e-02,6.529945,-1.04219158e-01,2.50265708e-03
0.328000,1.05423108e-01,9.79231080e-02,6.528207,-1.04250747e-01,2.55049993e-03
0.328250,1.05397037e-01,9.78970370e-02,6.526469,-1.04282870e-01,2.60010566e-03
0.328500,1.05370960e-01,9.78709600e-02,6.524731,-1.04308871e-01,2.61777213e-03
0.328750,1.05344877e-01,9.78448770e-02,6.522992,-1.04330019e-01,2.63945120e-03
0.329000,1.05318790e-01,9.78187900e-02,6.521253,-1.04348758e-01,2.57864021e-03
0.329250,1.05292698e-01,9.77926980e-02,6.519513,-1.04368405e-01,2.57826879e-03
0.329500,1.05266600e-01,9.77666000e-02,6.517773,-1.04393062e-01,2.56758904e-03
0.329750,1.05240495e-01,9.77404950e-02,6.516033,-1.04418221e-01,2.57215701e-03
0.330000,1.05214384e-01,9.77143840e-02,6.514292,-1.04444055e-01,2.59963093e-03
0.330250,1.05188267e-01,9.76882670e-02,6.512551,-1.04468300e-01,2.51337312e-03
0.330500,1.05162143e-01,9.76621430e-02,6.510810,-1.04494102e-01,2.49061707e-03
0.330750,1.05136011e-01,9.76360110e-02,6.509067,-1.04527992e-01,2.49289204e-03
0.331000,1.05109871e-01,9.76098710e-02,6.507325,-1.04563651e-01,2.46711465e-03
0.331250,1.05083721e-01,9.75837210e-02,6.505581,-1.04600262e-01,2.47229924e-03
0.331500,1.05057561e-01,9.75575610e-02,6.503837,-1.04638760e-01,2.56075785e-03
0.331750,1.05031393e-01,9.75313930e-02,6.502093,-1.04672922e-01,2.50620195e-03
0.332000,1.05005217e-01,9.75052170e-02,6.500348,-1.04702232e-01,2.49041114e-03
0.332250,1.04979033e-01,9.74790330e-02,6.498602,-1.04736721e-01,2.50041149e-03
0.332500,1.04952840e-01,9.74528400e-02,6.496856,-1.04772063e-01,2.53738782e-03
0.332750,1.04926639e-01,9.74266390e-02,6.495109,-1.04804950e-01,2.53028577e-03
0.333000,1.04900430e-01,9.74004300e-02,6.493362,-1.04835115e-01,2.52416057e-03
0.333250,1.04874213e-01,9.73742130e-02,6.491614,-1.04866134e-01,2.56738197e-03
0.333500,1.04847989e-01,9.73479890e-02,6.489866,-1.04895745e-01,2.60686814e-03
0.333750,1.04821759e-01,9.73217590e-02,6.488117,-1.04920061e-01,2.59655437e-03
0.334000,1.04795524e-01,9.72955240e-02,6.486368,-1.04941592e-01,2.62898759e-03
0.334250,1.04769283e-01,9.72692830e-02,6.484619,-1.04962536e-01,2.65765098e-03
0.334500,1.04743038e-01,9.72430380e-02,6.482869,-1.04979549e-01,2.59637408e-03
0.334750,1.04716789e-01,9.72167890e-02,6.481119,-1.04996918e-01,2.52630079e-03
0.335000,1.04690534e-01,9.71905340e-02,6.479369,-1.05022416e-01,2.54342248e-03
0.335250,1.04664270e-01,9.71642700e-02,6.477618,-1.05052911e-01,2.61027691e-03
0.335500,1.04638001e-01,9.71380010e-02,6.475867,-1.05079044e-01,2.56135313e-03
0.335750,1.04611725e-01,9.71117250e-02,6.474115,-1.05101851e-01,2.52072601e-03
0.336000,1.04585443e-01,9.70854430e-02,6.472363,-1.05130471e-01,2.49129503e-03
0.336250,1.04559152e-01,9.70591520e-02,6.470610,-1.05163727e-01,2.47945639e-03
0.336500,1.04532852e-01,9.70328520e-02,6.468857,-1.05199924e-01,2.46896405e-03
0.336750,1.04506542e-01,9.70065420e-02,6.467103,-1.05237556e-01,2.57805920e-03
0.337000,1.04480224e-01,9.69802240e-02,6.465348,-1.05271227e-01,2.56745920e-03
0.337250,1.04453900e-01,9.69539000e-02,6.463593,-1.05296409e-01,2.53107566e-03
0.337500,1.04427569e-01,9.69275690e-02,6.461838,-1.05324070e-01,2.52401163e-03
0.337750,1.04401231e-01,9.69012310e-02,6.460082,-1.05355031e-01,2.54155493e-03
0.338000,1.04374884e-01,9.68748840e-02,6.458326,-1.05385796e-01,2.56247887e-03
0.338250,1.04348531e-01,9.68485310e-02,6.456569,-1.05414195e-01,2.50698580e-03
0.338500,1.04322170e-01,9.68221700e-02,6.454811,-1.05443330e-01,2.56733312e-03
0.338750,1.04295801e-01,9.67958010e-02,6.453053,-1.05474353e-01,2.61985182e-03
0.339000,1.04269427e-01,9.67694270e-02,6.451295,-1.05498100e-01,2.59938794e-03
0.339250,1.04243047e-01,9.67430470e-02,6.449536,-1.05518439e-01,2.63405871e-03
0.339500,1.04216662e-01,9.67166620e-02,6.447777,-1.05538926e-01,2.64734939e-03
0.339750,1.04190273e-01,9.66902730e-02,6.446018,-1.05555978e-01,2.56561635e-03
0.340000,1.04163879e-01,9.66638790e-02,6.444259,-1.05575553e-01,2.56537931e-03
0.340250,1.04137479e-01,9.66374790e-02,6.442499,-1.05601849e-01,2.59033923e-03
0.340500,1.04111072e-01,9.66110720e-02,6.440738,-1.05627061e-01,2.64591449e-03
0.340750,1.04084660e-01,9.65846600e-02,6.438977,-1.05647766e-01,2.54061691e-03
0.341000,1.04058243e-01,9.65582430e-02,6.437216,-1.05668564e-01,2.49222606e-03
0.341250,1.04031818e-01,9.65318180e-02,6.435455,-1.05700146e-01,2.48851285e-03
0.341500,1.04005384e-01,9.65053840e-02,6.433692,-1.05735866e-01,2.49606013e-03
0.341750,1.03978941e-01,9.64789410e-02,6.431929,-1.05771557e-01,2.46770854e-03
0.342000,1.03952489e-01,9.64524890e-02,6.430166,-1.05807881e-01,2.54292678e-03
0.342250,1.03926028e-01,9.64260280e-02,6.428402,-1.05843208e-01,2.54114438e-03
0.342500,1.03899560e-01,9.63995600e-02,6.426637,-1.05872438e-01,2.48707362e-03
0.342750,1.03873084e-01,9.63730840e-02,6.424872,-1.05904205e-01,2.53251677e-03
0.343000,1.03846600e-01,9.63466000e-02,6.423107,-1.05938403e-01,2.54804407e-03
0.343250,1.03820108e-01,9.63201080e-02,6.421341,-1.05968182e-01,2.55252441e-03
0.343500,1.03793608e-01,9.62936080e-02,6.419574,-1.05996489e-01,2.53409865e-03
0.343750,1.03767102e-01,9.62671020e-02,6.417807,-1.06025243e-01,2.57927382e-03
0.344000,1.03740589e-01,9.62405890e-02,6.416039,-1.06053512e-01,2.62074243e-03
0.344250,1.03714070e-01,9.62140700e-02,6.414271,-1.06076239e-01,2.61583236e-03
0.344500,1.03687546e-01,9.61875460e-02,6.412503,-1.06095778e-01,2.64357225e-03
0.344750,1.03661017e-01,9.61610170e-02,6.410734,-1.06114494e-01,2.66173914e-03
0.345000,1.03634485e-01,9.61344850e-02,6.408966,-1.06130129e-01,2.58726438e-03
0.345250,1.03607948e-01,9.61079480e-02,6.407197,-1.06147566e-01,2.55171816e-03
0.345500,1.03581405e-01,9.60814050e-02,6.405427,-1.06172688e-01,2.57521169e-03
0.345750,1.03554855e-01,9.60548550e-02,6.403657,-1.06199690e-01,2.63127468e-03
0.346000,1.03528299e-01,9.60282990e-02,6.401887,-1.06222285e-01,2.57532674e-03
0.346250,1.03501738e-01,9.60017380e-02,6.400116,-1.06242750e-01,2.52583947e-03
0.346500,1.03475171e-01,9.59751710e-02,6.398345,-1.06269997e-01,2.49568572e-03
0.346750,1.03448595e-01,9.59485950e-02,6.396573,-1.06302639e-01,2.48335251e-03
0.347000,1.03422011e-01,9.59220110e-02,6.394801,-1.06338303e-01,2.48719188e-03
0.347250,1.03395417e-01,9.58954170e-02,6.393028,-1.06374810e-01,2.59859313e-03
0.347500,1.03368815e-01,9.58688150e-02,6.391254,-1.06406076e-01,2.58119967e-03
0.347750,1.03342208e-01,9.58422080e-02,6.389481,-1.06428965e-01,2.55963036e-03
0.348000,1.03315595e-01,9.58155950e-02,6.387706,-1.06454235e-01,2.53256041e-03
0.348250,1.03288974e-01,9.57889740e-02,6.385932,-1.06482473e-01,2.55650180e-03
0.348500,1.03262346e-01,9.57623460e-02,6.384156,-1.06511876e-01,2.57017618e-03
0.348750,1.03235711e-01,9.57357110e-02,6.382381,-1.06538708e-01,2.52426859e-03
0.349000,1.03209070e-01,9.57090700e-02,6.380605,-1.06566447e-01,2.59440701e-03
0.349250,1.03182421e-01,9.56824210e-02,6.378828,-1.06594854e-01,2.62352154e-03
0.349500,1.03155767e-01,9.56557670e-02,6.377051,-1.06616215e-01,2.60559930e-03
0.349750,1.03129108e-01,9.56291080e-02,6.375274,-1.06635979e-01,2.64243113e-03
0.350000,1.03102444e-01,9.56024440e-02,6.373496,-1.06655585e-01,2.65128627e-03
0.350250,1.03075776e-01,9.55757760e-02,6.371718,-1.06671777e-01,2.61301862e-03
0.350500,1.03049104e-01,9.55491040e-02,6.369940,-1.06688932e-01,2.57686575e-03
0.350750,1.03022426e-01,9.55224260e-02,6.368162,-1.06710828e-01,2.59185121e-03
0.351000,1.02995742e-01,9.54957420e-02,6.366383,-1.06735030e-01,2.63824805e-03
0.351250,1.02969053e-01,9.54690530e-02,6.364604,-1.06755951e-01,2.55400578e-03
0.351500,1.02942359e-01,9.54423590e-02,6.362824,-1.06776786e-01,2.51913759e-03
0.351750,1.02915658e-01,9.54156580e-02,6.361044,-1.06806079e-01,2.51720949e-03
0.352000,1.02888948e-01,9.53889480e-02,6.359263,-1.06838321e-01,2.49099589e-03
0.352250,1.02862230e-01,9.53622300e-02,6.357482,-1.06871879e-01,2.49059226e-03
0.352500,1.02835503e-01,9.53355030e-02,6.355700,-1.06907608e-01,2.58722691e-03
0.352750,1.02808769e-01,9.53087690e-02,6.353918,-1.06939098e-01,2.53043872e-03
0.353000,1.02782027e-01,9.52820270e-02,6.352135,-1.06965164e-01,2.51058183e-03
0.353250,1.02755278e-01,9.52552780e-02,6.350352,-1.06996770e-01,2.52170761e-03
0.353500,1.02728521e-01,9.52285210e-02,6.348568,-1.07029515e-01,2.55994266e-03
0.353750,1.02701756e-01,9.52017560e-02,6.346784,-1.07059657e-01,2.55358888e-03
0.354000,1.02674984e-01,9.51749840e-02,6.344999,-1.07086940e-01,2.56135259e-03
0.354250,1.02648205e-01,9.51482050e-02,6.343214,-1.07114401e-01,2.60915111e-03
0.354500,1.02621421e-01,9.51214210e-02,6.341428,-1.07139112e-01,2.65563363e-03
0.354750,1.02594631e-01,9.50946310e-02,6.339642,-1.07157843e-01,2.62160809e-03
0.355000,1.02567838e-01,9.50678380e-02,6.337856,-1.07174262e-01,2.67121126e-03
0.355250,1.02541040e-01,9.50410400e-02,6.336069,-1.07191282e-01,2.64096126e-03
0.355500,1.02514238e-01,9.50142380e-02,6.334283,-1.07205566e-01,2.60545323e-03
0.355750,1.02487432e-01,9.49874320e-02,6.332495,-1.07223904e-01,2.57929632e-03
0.356000,1.02460621e-01,9.49606210e-02,6.330708,-1.07246314e-01,2.57497966e-03
0.356250,1.02433803e-01,9.49338030e-02,6.328920,-1.07271062e-01,2.61021561e-03
0.356500,1.02406979e-01,9.49069790e-02,6.327132,-1.07294607e-01,2.57075686e-03
0.356750,1.02380150e-01,9.48801500e-02,6.325343,-1.07317003e-01,2.53669165e-03
0.357000,1.02353314e-01,9.48533140e-02,6.323554,-1.07344145e-01,2.49161058e-03
0.357250,1.02326470e-01,9.48264700e-02,6.321765,-1.07376077e-01,2.49990058e-03
0.357500,1.02299617e-01,9.47996170e-02,6.319974,-1.07411344e-01,2.58972139e-03
0.357750,1.02272757e-01,9.47727570e-02,6.318184,-1.07441959e-01,2.59524512e-03
0.358000,1.02245891e-01,9.47458910e-02,6.316393,-1.07464956e-01,2.53038193e-03
0.358250,1.02219018e-01,9.47190180e-02,6.314601,-1.07490366e-01,2.53323579e-03
0.358500,1.02192138e-01,9.46921380e-02,6.312809,-1.07520976e-01,2.56755330e-03
0.358750,1.02165250e-01,9.46652500e-02,6.311017,-1.07549834e-01,2.61691381e-03
0.359000,1.02138357e-01,9.46383570e-02,6.309224,-1.07573692e-01,2.56978854e-03
0.359250,1.02111458e-01,9.46114580e-02,6.307431,-1.07595581e-01,2.56767945e-03
0.359500,1.02084553e-01,9.45845530e-02,6.305637,-1.07621433e-01,2.63309041e-03
0.359750,1.02057641e-01,9.45576410e-02,6.303843,-1.07644566e-01,2.63008745e-03
0.360000,1.02030726e-01,9.45307260e-02,6.302048,-1.07662461e-01,2.63647154e-03
0.360250,1.02003806e-01,9.45038060e-02,6.300254,-1.07680320e-01,2.66825504e-03
0.360500,1.01976882e-01,9.44768820e-02,6.298459,-1.07696251e-01,2.58842168e-03
0.360750,1.01949953e-01,9.44499530e-02,6.296664,-1.07713101e-01,2.60506872e-03
0.361000,1.01923019e-01,9.44230190e-02,6.294868,-1.07735769e-01,2.64261477e-03
0.361250,1.01896081e-01,9.43960810e-02,6.293072,-1.07755412e-01,2.65238760e-03
0.361500,1.01869138e-01,9.43691380e-02,6.291276,-1.07771539e-01,2.55419955e-03
0.361750,1.01842190e-01,9.43421900e-02,6.289479,-1.07791205e-01,2.50477084e-03
0.362000,1.01815235e-01,9.43152350e-02,6.287682,-1.07821117e-01,2.52407702e-03
0.362250,1.01788271e-01,9.42882710e-02,6.285885,-1.07854235e-01,2.53321382e-03
0.362500,1.01761300e-01,9.42613000e-02,6.284087,-1.07885363e-01,2.49691027e-03
0.362750,1.01734320e-01,9.42343200e-02,6.282288,-1.07917346e-01,2.56545255e-03
0.363000,1.01707333e-01,9.42073330e-02,6.280489,-1.07949280e-01,2.55300964e-03
0.363250,1.01680339e-01,9.41803390e-02,6.278689,-1.07976136e-01,2.50727866e-03
0.363500,1.01653338e-01,9.41533380e-02,6.276889,-1.08006035e-01,2.52292521e-03
0.363750,1.01626328e-01,9.41263280e-02,6.275089,-1.08038998e-01,2.55986027e-03
0.364000,1.01599311e-01,9.40993110e-02,6.273287,-1.08069042e-01,2.58990235e-03
0.364250,1.01572287e-01,9.40722870e-02,6.271486,-1.08094727e-01,2.57005622e-03
0.364500,1.01545257e-01,9.40452570e-02,6.269684,-1.08118822e-01,2.59584590e-03
0.364750,1.01518221e-01,9.40182210e-02,6.267881,-1.08143406e-01,2.64051187e-03
0.365000,1.01491180e-01,9.39911800e-02,6.266079,-1.08163898e-01,2.63766539e-03
0.365250,1.01464135e-01,9.39641350e-02,6.264276,-1.08180849e-01,2.66948738e-03
0.365500,1.01437086e-01,9.39370860e-02,6.262472,-1.08196627e-01,2.67979044e-03
0.365750,1.01410034e-01,9.39100340e-02,6.260669,-1.08209336e-01,2.63482710e-03
0.366000,1.01382978e-01,9.38829780e-02,6.258865,-1.08223188e-01,2.56910044e-03
0.366250,1.01355917e-01,9.38559170e-02,6.257061,-1.08243637e-01,2.58479030e-03
0.366500,1.01328850e-01,9.38288500e-02,6.255257,-1.08268788e-01,2.65451581e-03
0.366750,1.01301777e-01,9.38017770e-02,6.253452,-1.08289569e-01,2.60468753e-03
0.367000,1.01274701e-01,9.37747010e-02,6.251647,-1.08306828e-01,2.54334818e-03
0.367250,1.01247618e-01,9.37476180e-02,6.249841,-1.08330890e-01,2.51617626e-03
0.367500,1.01220528e-01,9.37205280e-02,6.248035,-1.08361189e-01,2.50998013e-03
0.367750,1.01193429e-01,9.36934290e-02,6.246229,-1.08393993e-01,2.56328949e-03
0.368000,1.01166323e-01,9.36663230e-02,6.244422,-1.08424949e-01,2.62330832e-03
0.368250,1.01139211e-01,9.36392110e-02,6.242614,-1.08448875e-01,2.55737259e-03
0.368500,1.01112093e-01,9.36120930e-02,6.240806,-1.08470788e-01,2.54327757e-03
0.368750,1.01084968e-01,9.35849680e-02,6.238998,-1.08498738e-01,2.55983789e-03
0.369000,1.01057836e-01,9.35578360e-02,6.237189,-1.08527113e-01,2.62978745e-03
0.369250,1.01030699e-01,9.35306990e-02,6.235380,-1.08551036e-01,2.58732979e-03
0.369500,1.01003556e-01,9.35035560e-02,6.233570,-1.08571092e-01,2.55201036e-03
0.369750,1.00976407e-01,9.34764070e-02,6.231760,-1.08596196e-01,2.60051675e-03
0.370000,1.00949251e-01,9.34492510e-02,6.229950,-1.08622056e-01,2.65268690e-03
0.370250,1.00922091e-01,9.34220910e-02,6.228139,-1.08641626e-01,2.68456897e-03
0.370500,1.00894927e-01,9.33949270e-02,6.226328,-1.08655504e-01,2.69985825e-03
0.370750,1.00867761e-01,9.33677610e-02,6.224517,-1.08666088e-01,2.59696347e-03
0.371000,1.00840591e-01,9.33405910e-02,6.222706,-1.08679966e-01,2.60574268e-03
0.371250,1.00813415e-01,9.33134150e-02,6.220894,-1.08701903e-01,2.64576458e-03
0.371500,1.00786235e-01,9.32862350e-02,6.219082,-1.08721351e-01,2.67115548e-03
0.371750,1.00759051e-01,9.32590510e-02,6.217270,-1.08736390e-01,2.57367654e-03
0.372000,1.00731862e-01,9.32318620e-02,6.215457,-1.08753653e-01,2.51757715e-03
0.372250,1.00704667e-01,9.32046670e-02,6.213644,-1.08781401e-01,2.53113697e-03
0.372500,1.00677464e-01,9.31774640e-02,6.211831,-1.08813155e-01,2.54399812e-03
0.372750,1.00650253e-01,9.31502530e-02,6.210017,-1.08843226e-01,2.50621825e-03
0.373000,1.00623034e-01,9.31230340e-02,6.208202,-1.08873913e-01,2.57576654e-03
0.373250,1.00595808e-01,9.30958080e-02,6.206387,-1.08904626e-01,2.57265070e-03
0.373500,1.00568576e-01,9.30685760e-02,6.204572,-1.08929767e-01,2.51080748e-03
0.373750,1.00541336e-01,9.30413360e-02,6.202756,-1.08957898e-01,2.55378464e-03
0.374000,1.00514089e-01,9.30140890e-02,6.200939,-1.08989206e-01,2.57847950e-03
0.374250,1.00486835e-01,9.29868350e-02,6.199122,-1.09015894e-01,2.58668025e-03
0.374500,1.00459575e-01,9.29595750e-02,6.197305,-1.09040192e-01,2.56831472e-03
0.374750,1.00432309e-01,9.29323090e-02,6.195487,-1.09064629e-01,2.61631865e-03
0.375000,1.00405037e-01,9.29050370e-02,6.193669,-1.09088451e-01,2.64739246e-03
0.375250,1.00377760e-01,9.28777600e-02,6.191851,-1.09106958e-01,2.64829463e-03
0.375500,1.00350479e-01,9.28504790e-02,6.190032,-1.09122874e-01,2.67722844e-03
0.375750,1.00323195e-01,9.28231950e-02,6.188213,-1.09137437e-01,2.70498221e-03
0.376000,1.00295908e-01,9.27959080e-02,6.186394,-1.09148397e-01,2.63666417e-03
0.376250,1.00268618e-01,9.27686180e-02,6.184575,-1.09160099e-01,2.57390704e-03
0.376500,1.00241323e-01,9.27413230e-02,6.182755,-1.09180184e-01,2.60398561e-03
0.376750,1.00214022e-01,9.27140220e-02,6.180935,-1.09204093e-01,2.65469142e-03
0.377000,1.00186716e-01,9.26867160e-02,6.179114,-1.09223290e-01,2.60909900e-03
0.377250,1.00159406e-01,9.26594060e-02,6.177294,-1.09240339e-01,2.54796773e-03
0.377500,1.00132090e-01,9.26320900e-02,6.175473,-1.09263835e-01,2.50374863e-03
0.377750,1.00104766e-01,9.26047660e-02,6.173651,-1.09294304e-01,2.51788711e-03
0.378000,1.00077434e-01,9.25774340e-02,6.171829,-1.09327779e-01,2.61492064e-03
0.378250,1.00050095e-01,9.25500950e-02,6.170006,-1.09355804e-01,2.61717409e-03
0.378500,1.00022751e-01,9.25227510e-02,6.168183,-1.09375761e-01,2.54908884e-03
0.378750,9.99954017e-02,9.24954017e-02,6.166360,-1.09398544e-01,2.56381896e-03
0.379000,9.99680452e-02,9.24680452e-02,6.164536,-1.09426266e-01,2.58455830e-03
0.379250,9.99406822e-02,9.24406822e-02,6.162712,-1.09451862e-01,2.62219045e-03
0.379500,9.99133137e-02,9.24133137e-02,6.160888,-1.09474090e-01,2.58980725e-03
0.379750,9.98859400e-02,9.23859400e-02,6.159063,-1.09494661e-01,2.58781870e-03
0.380000,9.98585605e-02,9.23585605e-02,6.157237,-1.09517979e-01,2.65704401e-03
0.380250,9.98311759e-02,9.23311759e-02,6.155412,-1.09538399e-01,2.64665566e-03
0.380500,9.98037875e-02,9.23037875e-02,6.153586,-1.09553595e-01,2.68201547e-03
0.380750,9.97763955e-02,9.22763955e-02,6.151760,-1.09568081e-01,2.69077799e-03
0.381000,9.97490007e-02,9.22490007e-02,6.149933,-1.09579276e-01,2.61033968e-03
0.381250,9.97216024e-02,9.22216024e-02,6.148107,-1.09593308e-01,2.61089660e-03
0.381500,9.96941989e-02,9.21941989e-02,6.146280,-1.09613920e-01,2.63769415e-03
0.381750,9.96667906e-02,9.21667906e-02,6.144453,-1.09633301e-01,2.68463624e-03
0.382000,9.96393784e-02,9.21393784e-02,6.142625,-1.09648406e-01,2.57257380e-03
0.382250,9.96119623e-02,9.21119623e-02,6.140797,-1.09664612e-01,2.54418086e-03
0.382500,9.95845395e-02,9.20845395e-02,6.138969,-1.09691274e-01,2.55294698e-03
0.382750,9.95571095e-02,9.20571095e-02,6.137141,-1.09719879e-01,2.52580039e-03
0.383000,9.95296723e-02,9.20296723e-02,6.135311,-1.09748965e-01,2.52322096e-03
0.383250,9.95022272e-02,9.20022272e-02,6.133482,-1.09780393e-01,2.61828944e-03
0.383500,9.94747752e-02,9.19747752e-02,6.131652,-1.09807831e-01,2.55858176e-03
0.383750,9.94473177e-02,9.19473177e-02,6.129821,-1.09830103e-01,2.53655963e-03
0.384000,9.94198531e-02,9.19198531e-02,6.127990,-1.09858250e-01,2.55141438e-03
0.384250,9.93923812e-02,9.18923812e-02,6.126159,-1.09887549e-01,2.61347184e-03
0.384500,9.93649030e-02,9.18649030e-02,6.124327,-1.09912884e-01,2.57773496e-03
0.384750,9.93374193e-02,9.18374193e-02,6.122495,-1.09934705e-01,2.61034364e-03
0.385000,9.93099298e-02,9.18099298e-02,6.120662,-1.09958018e-01,2.63675161e-03
0.385250,9.92824355e-02,9.17824355e-02,6.118829,-1.09977486e-01,2.67898234e-03
0.385500,9.92549372e-02,9.17549372e-02,6.116996,-1.09992919e-01,2.68245612e-03
0.385750,9.92274360e-02,9.17274360e-02,6.115162,-1.10004731e-01,2.70323815e-03
0.386000,9.91999322e-02,9.16999322e-02,6.113329,-1.10015339e-01,2.64438435e-03
0.386250,9.91724255e-02,9.16724255e-02,6.111495,-1.10026843e-01,2.60209073e-03
0.386500,9.91449142e-02,9.16449142e-02,6.109661,-1.10045048e-01,2.63903519e-03
0.386750,9.91173980e-02,9.16173980e-02,6.107827,-1.10065093e-01,2.65501775e-03
0.387000,9.90898776e-02,9.15898776e-02,6.105992,-1.10081398e-01,2.59778880e-03
0.387250,9.90623529e-02,9.15623529e-02,6.104157,-1.10098921e-01,2.56800611e-03
0.387500,9.90348223e-02,9.15348223e-02,6.102321,-1.10122459e-01,2.54715476e-03
0.387750,9.90072849e-02,9.15072849e-02,6.100486,-1.10149364e-01,2.53531918e-03
0.388000,9.89797403e-02,9.14797403e-02,6.098649,-1.10178505e-01,2.52585590e-03
0.388250,9.89521880e-02,9.14521880e-02,6.096813,-1.10209035e-01,2.63408470e-03
0.388500,9.89246292e-02,9.14246292e-02,6.094975,-1.10235558e-01,2.61947906e-03
0.388750,9.88970657e-02,9.13970657e-02,6.093138,-1.10253841e-01,2.60128368e-03
0.389000,9.88694972e-02,9.13694972e-02,6.091300,-1.10274127e-01,2.57560685e-03
0.389250,9.88419229e-02,9.13419229e-02,6.089462,-1.10297042e-01,2.60386073e-03
0.389500,9.88143427e-02,9.13143427e-02,6.087623,-1.10320816e-01,2.60163475e-03
0.389750,9.87867571e-02,9.12867571e-02,6.085784,-1.10342369e-01,2.57010798e-03
0.390000,9.87591657e-02,9.12591657e-02,6.083944,-1.10365499e-01,2.63702268e-03
0.390250,9.87315687e-02,9.12315687e-02,6.082105,-1.10388259e-01,2.67770915e-03
0.390500,9.87039677e-02,9.12039677e-02,6.080265,-1.10403725e-01,2.68110314e-03
0.390750,9.86763638e-02,9.11763638e-02,6.078424,-1.10415702e-01,2.71183635e-03
0.391000,9.86487573e-02,9.11487573e-02,6.076584,-1.10426041e-01,2.63934050e-03
0.391250,9.86211480e-02,9.11211480e-02,6.074743,-1.10437062e-01,2.64472140e-03
0.391500,9.85935346e-02,9.10935346e-02,6.072902,-1.10453797e-01,2.63370564e-03
0.391750,9.85659169e-02,9.10659169e-02,6.071061,-1.10470577e-01,2.65857878e-03
0.392000,9.85382952e-02,9.10382952e-02,6.069220,-1.10487162e-01,2.61734427e-03
0.392250,9.85106693e-02,9.10106693e-02,6.067378,-1.10503528e-01,2.57017066e-03
0.392500,9.84830379e-02,9.09830379e-02,6.065536,-1.10525365e-01,2.55529397e-03
0.392750,9.84554000e-02,9.09554000e-02,6.063693,-1.10551733e-01,2.55194795e-03
0.393000,9.84277551e-02,9.09277551e-02,6.061850,-1.10579470e-01,2.51511535e-03
0.393250,9.84001029e-02,9.09001029e-02,6.060007,-1.10609110e-01,2.59633136e-03
0.393500,9.83724433e-02,9.08724433e-02,6.058163,-1.10638184e-01,2.59665530e-03
0.393750,9.83447782e-02,9.08447782e-02,6.056319,-1.10660575e-01,2.53215397e-03
0.394000,9.83171067e-02,9.08171067e-02,6.054474,-1.10685791e-01,2.57991049e-03
0.394250,9.82894282e-02,9.07894282e-02,6.052629,-1.10714192e-01,2.59904225e-03
0.394500,9.82617437e-02,9.07617437e-02,6.050783,-1.10737826e-01,2.59613012e-03
0.394750,9.82340537e-02,9.07340537e-02,6.048937,-1.10760018e-01,2.59230802e-03
0.395000,9.82063581e-02,9.07063581e-02,6.047091,-1.10782618e-01,2.64514968e-03
0.395250,9.81786573e-02,9.06786573e-02,6.045244,-1.10803195e-01,2.67699728e-03
0.395500,9.81509527e-02,9.06509527e-02,6.043397,-1.10818027e-01,2.65720383e-03
0.395750,9.81232450e-02,9.06232450e-02,6.041550,-1.10831118e-01,2.69791710e-03
0.396000,9.80955340e-02,9.05955340e-02,6.039702,-1.10844035e-01,2.69924228e-03
0.396250,9.80678206e-02,9.05678206e-02,6.037855,-1.10853550e-01,2.66402737e-03
0.396500,9.80401044e-02,9.05401044e-02,6.036007,-1.10864513e-01,2.62565072e-03
0.396750,9.80123844e-02,9.05123844e-02,6.034159,-1.10880065e-01,2.62094486e-03
0.397000,9.79846597e-02,9.04846597e-02,6.032311,-1.10898975e-01,2.62135869e-03
0.397250,9.79569301e-02,9.04569301e-02,6.030462,-1.10918253e-01,2.60472944e-03
0.397500,9.79291956e-02,9.04291956e-02,6.028613,-1.10938233e-01,2.56641882e-03
0.397750,9.79014552e-02,9.04014552e-02,6.026764,-1.10961271e-01,2.55795216e-03
0.398000,9.78737083e-02,9.03737083e-02,6.024914,-1.10987829e-01,2.53492758e-03
0.398250,9.78459543e-02,9.03459543e-02,6.023064,-1.11016101e-01,2.63930232e-03
0.398500,9.78181938e-02,9.03181938e-02,6.021213,-1.11041648e-01,2.63367576e-03
0.398750,9.77904291e-02,9.02904291e-02,6.019362,-1.11058874e-01,2.56910486e-03
0.399000,9.77626593e-02,9.02626593e-02,6.017511,-1.11079418e-01,2.57957487e-03
0.399250,9.77348831e-02,9.02348831e-02,6.015659,-1.11104799e-01,2.61510945e-03
0.399500,9.77071011e-02,9.02071011e-02,6.013807,-1.11127751e-01,2.63359655e-03
0.399750,9.76793144e-02,9.01793144e-02,6.011954,-1.11146967e-01,2.58330302e-03
0.400000,9.76515227e-02,9.01515227e-02,6.010102,-1.11166889e-01,2.63772206e-03
0.400250,9.76237255e-02,9.01237255e-02,6.008248,-1.11188534e-01,2.67837833e-03
0.400500,9.75959246e-02,9.00959246e-02,6.006395,-1.11203914e-01,2.66052029e-03
0.400750,9.75681204e-02,9.00681204e-02,6.004541,-1.11216746e-01,2.69843510e-03
0.401000,9.75403130e-02,9.00403130e-02,6.002688,-1.11229367e-01,2.67694103e-03
0.401250,9.75125031e-02,9.00125031e-02,6.000834,-1.11239826e-01,2.69311212e-03
0.401500,9.74846902e-02,8.99846902e-02,5.998979,-1.11251334e-01,2.65169461e-03
0.401750,9.74568744e-02,8.99568744e-02,5.997125,-1.11263346e-01,2.65403485e-03
0.402000,9.74290547e-02,8.99290547e-02,5.995270,-1.11278655e-01,2.62366356e-03
0.402250,9.74012310e-02,8.99012310e-02,5.993415,-1.11295115e-01,2.57970214e-03
0.402500,9.73734020e-02,8.98734020e-02,5.991560,-1.11316012e-01,2.56706368e-03
0.402750,9.73455667e-02,8.98455667e-02,5.989704,-1.11341076e-01,2.56967577e-03
0.403000,9.73177249e-02,8.98177249e-02,5.987848,-1.11367063e-01,2.52114210e-03
0.403250,9.72898762e-02,8.97898762e-02,5.985992,-1.11394982e-01,2.60369354e-03
0.403500,9.72620204e-02,8.97620204e-02,5.984135,-1.11423235e-01,2.60593190e-03
0.403750,9.72341592e-02,8.97341592e-02,5.982277,-1.11444612e-01,2.53891581e-03
0.404000,9.72062920e-02,8.97062920e-02,5.980419,-1.11468767e-01,2.58809229e-03
0.404250,9.71784180e-02,8.96784180e-02,5.978561,-1.11496251e-01,2.60628510e-03
0.404500,9.71505382e-02,8.96505382e-02,5.976703,-1.11518893e-01,2.60501195e-03
0.404750,9.71226532e-02,8.96226532e-02,5.974844,-1.11540098e-01,2.60384731e-03
0.405000,9.70947629e-02,8.95947629e-02,5.972984,-1.11561458e-01,2.67043871e-03
0.405250,9.70668679e-02,8.95668679e-02,5.971125,-1.11579971e-01,2.68235024e-03
0.405500,9.70389697e-02,8.95389697e-02,5.969265,-1.11592489e-01,2.65697698e-03
0.405750,9.70110685e-02,8.95110685e-02,5.967405,-1.11605151e-01,2.72183145e-03
0.406000,9.69831642e-02,8.94831642e-02,5.965544,-1.11617029e-01,2.70716184e-03
0.406250,9.69552581e-02,8.94552581e-02,5.963684,-1.11624231e-01,2.65508094e-03
0.406500,9.69273494e-02,8.94273494e-02,5.961823,-1.11634939e-01,2.63610315e-03
0.406750,9.68994367e-02,8.93994367e-02,5.959962,-1.11650763e-01,2.63451513e-03
0.407000,9.68715197e-02,8.93715197e-02,5.958101,-1.11668215e-01,2.63146681e-03
0.407250,9.68435982e-02,8.93435982e-02,5.956240,-1.11685932e-01,2.60776577e-03
0.407500,9.68156719e-02,8.93156719e-02,5.954378,-1.11704948e-01,2.58159149e-03
0.407750,9.67877402e-02,8.92877402e-02,5.952516,-1.11727066e-01,2.55559724e-03
0.408000,9.67598020e-02,8.92598020e-02,5.950653,-1.11752483e-01,2.53128204e-03
0.408250,9.67318568e-02,8.92318568e-02,5.948790,-1.11781108e-01,2.64972189e-03
0.408500,9.67039051e-02,8.92039051e-02,5.946927,-1.11806494e-01,2.63993243e-03
0.408750,9.66759495e-02,8.91759495e-02,5.945063,-1.11822589e-01,2.60700499e-03
0.409000,9.66479893e-02,8.91479893e-02,5.943199,-1.11840943e-01,2.59428886e-03
0.409250,9.66200236e-02,8.91200236e-02,5.941335,-1.11862562e-01,2.62955955e-03
0.409500,9.65920527e-02,8.90920527e-02,5.939470,-1.11883667e-01,2.62385828e-03
0.409750,9.65640772e-02,8.90640772e-02,5.937605,-1.11902127e-01,2.58731983e-03
0.410000,9.65360965e-02,8.90360965e-02,5.935740,-1.11922671e-01,2.65000260e-03
0.410250,9.65081106e-02,8.90081106e-02,5.933874,-1.11943444e-01,2.69552009e-03
0.410500,9.64801214e-02,8.89801214e-02,5.932008,-1.11957057e-01,2.70855370e-03
0.410750,9.64521298e-02,8.89521298e-02,5.930142,-1.11966358e-01,2.74736815e-03
0.411000,9.64241366e-02,8.89241366e-02,5.928276,-1.11972872e-01,2.64486122e-03
0.411250,9.63961414e-02,8.88961414e-02,5.926409,-1.11980732e-01,2.64667484e-03
0.411500,9.63681422e-02,8.88681422e-02,5.924543,-1.11996927e-01,2.68022561e-03
0.411750,9.63401393e-02,8.88401393e-02,5.922676,-1.12011490e-01,2.70399023e-03
0.412000,9.63121337e-02,8.88121337e-02,5.920809,-1.12022248e-01,2.60623081e-03
0.412250,9.62841249e-02,8.87841249e-02,5.918942,-1.12035377e-01,2.56849549e-03
0.412500,9.62561103e-02,8.87561103e-02,5.917074,-1.12058201e-01,2.56194581e-03
0.412750,9.62280892e-02,8.87280892e-02,5.915206,-1.12084412e-01,2.56493654e-03
0.413000,9.62000615e-02,8.87000615e-02,5.913337,-1.12111028e-01,2.53586619e-03
0.413250,9.61720268e-02,8.86720268e-02,5.911468,-1.12138685e-01,2.60652849e-03
0.413500,9.61439854e-02,8.86439854e-02,5.909599,-1.12165604e-01,2.60194362e-03
0.413750,9.61159387e-02,8.86159387e-02,5.907729,-1.12186924e-01,2.59510215e-03
0.414000,9.60878864e-02,8.85878864e-02,5.905859,-1.12208923e-01,2.58824697e-03
0.414250,9.60598285e-02,8.85598285e-02,5.903989,-1.12231787e-01,2.61696750e-03
0.414500,9.60317650e-02,8.85317650e-02,5.902118,-1.12253944e-01,2.59790042e-03
0.414750,9.60036964e-02,8.85036964e-02,5.900246,-1.12274586e-01,2.64354937e-03
0.415000,9.59756227e-02,8.84756227e-02,5.898375,-1.12294775e-01,2.67035537e-03
0.415250,9.59475452e-02,8.84475452e-02,5.896503,-1.12310032e-01,2.70799674e-03
0.415500,9.59194648e-02,8.84194648e-02,5.894631,-1.12321423e-01,2.69695417e-03
0.415750,9.58913822e-02,8.83913822e-02,5.892759,-1.12330212e-01,2.73197056e-03
0.416000,9.58632977e-02,8.83632977e-02,5.890887,-1.12338359e-01,2.67243038e-03
0.416250,9.58352111e-02,8.83352111e-02,5.889014,-1.12346264e-01,2.63465361e-03
0.416500,9.58071209e-02,8.83071209e-02,5.887141,-1.12360728e-01,2.64358663e-03
0.416750,9.57790264e-02,8.82790264e-02,5.885268,-1.12377898e-01,2.70439369e-03
0.417000,9.57509285e-02,8.82509285e-02,5.883395,-1.12391646e-01,2.64585432e-03
0.417250,9.57228278e-02,8.82228278e-02,5.881522,-1.12402990e-01,2.59088794e-03
0.417500,9.56947224e-02,8.81947224e-02,5.879648,-1.12421570e-01,2.56395957e-03
0.417750,9.56666109e-02,8.81666109e-02,5.877774,-1.12445854e-01,2.55035451e-03
0.418000,9.56384927e-02,8.81384927e-02,5.875900,-1.12472950e-01,2.60201433e-03
0.418250,9.56103680e-02,8.81103680e-02,5.874025,-1.12498879e-01,2.67155208e-03
0.418500,9.55822386e-02,8.80822386e-02,5.872149,-1.12517492e-01,2.60454043e-03
0.418750,9.55541053e-02,8.80541053e-02,5.870274,-1.12533359e-01,2.59649425e-03
0.419000,9.55259665e-02,8.80259665e-02,5.868398,-1.12555084e-01,2.61448115e-03
0.419250,9.54978223e-02,8.79978223e-02,5.866521,-1.12576673e-01,2.66344378e-03
0.419500,9.54696737e-02,8.79696737e-02,5.864645,-1.12594622e-01,2.61927325e-03
0.419750,9.54415210e-02,8.79415210e-02,5.862768,-1.12610503e-01,2.61727833e-03
0.420000,9.54133635e-02,8.79133635e-02,5.860891,-1.12630099e-01,2.68888531e-03
0.420250,9.53852018e-02,8.78852018e-02,5.859013,-1.12646693e-01,2.68503088e-03
0.420500,9.53570374e-02,8.78570374e-02,5.857136,-1.12657578e-01,2.71938734e-03
0.420750,9.53288706e-02,8.78288706e-02,5.855258,-1.12667261e-01,2.73650836e-03
0.421000,9.53007023e-02,8.78007023e-02,5.853380,-1.12673366e-01,2.65349669e-03
0.421250,9.52725318e-02,8.77725318e-02,5.851502,-1.12681735e-01,2.63744513e-03
0.421500,9.52443574e-02,8.77443574e-02,5.849624,-1.12697629e-01,2.66721797e-03
0.421750,9.52161791e-02,8.77161791e-02,5.847745,-1.12713526e-01,2.71345540e-03
0.422000,9.51879978e-02,8.76879978e-02,5.845867,-1.12724933e-01,2.61285304e-03
0.422250,9.51598136e-02,8.76598136e-02,5.843988,-1.12736992e-01,2.57630361e-03
0.422500,9.51316238e-02,8.76316238e-02,5.842108,-1.12758926e-01,2.55453696e-03
0.422750,9.51034276e-02,8.76034276e-02,5.840229,-1.12784824e-01,2.53884706e-03
0.423000,9.50752243e-02,8.75752243e-02,5.838348,-1.12813202e-01,2.61684541e-03
0.423250,9.50470145e-02,8.75470145e-02,5.836468,-1.12839421e-01,2.62559894e-03
0.423500,9.50187998e-02,8.75187998e-02,5.834587,-1.12858848e-01,2.57003818e-03
0.423750,9.49905798e-02,8.74905798e-02,5.832705,-1.12880013e-01,2.57996459e-03
0.424000,9.49623534e-02,8.74623534e-02,5.830824,-1.12905301e-01,2.59528706e-03
0.424250,9.49341212e-02,8.74341212e-02,5.828941,-1.12929097e-01,2.63741580e-03
0.424500,9.49058837e-02,8.74058837e-02,5.827059,-1.12949772e-01,2.60136205e-03
0.424750,9.48776416e-02,8.73776416e-02,5.825176,-1.12968582e-01,2.66342438e-03
0.425000,9.48493947e-02,8.73493947e-02,5.823293,-1.12987608e-01,2.70357508e-03
0.425250,9.48211447e-02,8.73211447e-02,5.821410,-1.12999764e-01,2.69598870e-03
0.425500,9.47928925e-02,8.72928925e-02,5.819526,-1.13008958e-01,2.71496719e-03
0.425750,9.47646380e-02,8.72646380e-02,5.817643,-1.13017937e-01,2.74316080e-03
0.426000,9.47363820e-02,8.72363820e-02,5.815759,-1.13024111e-01,2.69383595e-03
0.426250,9.47081244e-02,8.72081244e-02,5.813875,-1.13030150e-01,2.64870582e-03
0.426500,9.46798639e-02,8.71798639e-02,5.811991,-1.13042235e-01,2.64052449e-03
0.426750,9.46515993e-02,8.71515993e-02,5.810107,-1.13058387e-01,2.63859548e-03
0.427000,9.46233305e-02,8.71233305e-02,5.808222,-1.13075295e-01,2.62931607e-03
0.427250,9.45950573e-02,8.70950573e-02,5.806337,-1.13092773e-01,2.60144970e-03
0.427500,9.45667792e-02,8.70667792e-02,5.804452,-1.13112244e-01,2.57332052e-03
0.427750,9.45384954e-02,8.70384954e-02,5.802566,-1.13135246e-01,2.54777785e-03
0.428000,9.45102050e-02,8.70102050e-02,5.800680,-1.13161688e-01,2.66037969e-03
0.428250,9.44819087e-02,8.69819087e-02,5.798794,-1.13185248e-01,2.65136449e-03
0.428500,9.44536087e-02,8.69536087e-02,5.796907,-1.13199962e-01,2.62098290e-03
0.428750,9.44253045e-02,8.69253045e-02,5.795020,-1.13216760e-01,2.60942768e-03
0.429000,9.43969953e-02,8.68969953e-02,5.793133,-1.13236562e-01,2.64174546e-03
0.429250,9.43686814e-02,8.68686814e-02,5.791245,-1.13255885e-01,2.63888649e-03
0.429500,9.43403632e-02,8.68403632e-02,5.789358,-1.13272680e-01,2.59844953e-03
0.429750,9.43120403e-02,8.68120403e-02,5.787469,-1.13291498e-01,2.66365801e-03
0.430000,9.42837126e-02,8.67837126e-02,5.785581,-1.13310754e-01,2.72267665e-03
0.430250,9.42553821e-02,8.67553821e-02,5.783692,-1.13322046e-01,2.74249811e-03
0.430500,9.42270502e-02,8.67270502e-02,5.781803,-1.13327616e-01,2.75010502e-03
0.430750,9.41987174e-02,8.66987174e-02,5.779914,-1.13331222e-01,2.64201910e-03
0.431000,9.41703827e-02,8.66703827e-02,5.778026,-1.13338983e-01,2.65827632e-03
0.431250,9.41420440e-02,8.66420440e-02,5.776136,-1.13354899e-01,2.69155951e-03
0.431500,9.41137020e-02,8.66137020e-02,5.774247,-1.13368008e-01,2.73956549e-03
0.431750,9.40853579e-02,8.65853579e-02,5.772357,-1.13376263e-01,2.61914789e-03
0.432000,9.40570114e-02,8.65570114e-02,5.770467,-1.13385900e-01,2.57796732e-03
0.432250,9.40286596e-02,8.65286596e-02,5.768577,-1.13407244e-01,2.58624030e-03
0.432500,9.40003017e-02,8.65003017e-02,5.766687,-1.13431603e-01,2.56255265e-03
0.432750,9.39719376e-02,8.64719376e-02,5.764796,-1.13456331e-01,2.56344977e-03
0.433000,9.39435669e-02,8.64435669e-02,5.762904,-1.13482963e-01,2.65677252e-03
0.433250,9.39151905e-02,8.64151905e-02,5.761013,-1.13505396e-01,2.59132325e-03
0.433500,9.38868098e-02,8.63868098e-02,5.759121,-1.13523061e-01,2.59893614e-03
0.433750,9.38584233e-02,8.63584233e-02,5.757228,-1.13545763e-01,2.60628634e-03
0.434000,9.38300314e-02,8.63300314e-02,5.755335,-1.13567514e-01,2.64892223e-03
0.434250,9.38016347e-02,8.63016347e-02,5.753442,-1.13586777e-01,2.59476230e-03
0.434500,9.37732335e-02,8.62732335e-02,5.751549,-1.13604934e-01,2.64028728e-03
0.434750,9.37448271e-02,8.62448271e-02,5.749655,-1.13625526e-01,2.71926853e-03
0.435000,9.37164174e-02,8.62164174e-02,5.747761,-1.13638887e-01,2.72194128e-03
0.435250,9.36880060e-02,8.61880060e-02,5.745867,-1.13645646e-01,2.73572129e-03
0.435500,9.36595931e-02,8.61595931e-02,5.743973,-1.13651576e-01,2.73174718e-03
0.435750,9.36311790e-02,8.61311790e-02,5.742079,-1.13656551e-01,2.68654113e-03
0.436000,9.36027630e-02,8.61027630e-02,5.740184,-1.13663850e-01,2.62604444e-03
0.436250,9.35743436e-02,8.60743436e-02,5.738290,-1.13677535e-01,2.66345075e-03
0.436500,9.35459200e-02,8.60459200e-02,5.736395,-1.13694534e-01,2.70593066e-03
0.436750,9.35174933e-02,8.60174933e-02,5.734500,-1.13706583e-01,2.64482738e-03
0.437000,9.34890639e-02,8.59890639e-02,5.732604,-1.13717847e-01,2.59114485e-03
0.437250,9.34606298e-02,8.59606298e-02,5.730709,-1.13736500e-01,2.57260639e-03
0.437500,9.34321897e-02,8.59321897e-02,5.728813,-1.13760380e-01,2.55852665e-03
0.437750,9.34037431e-02,8.59037431e-02,5.726916,-1.13786405e-01,2.67483365e-03
0.438000,9.33752909e-02,8.58752909e-02,5.725019,-1.13808444e-01,2.66502890e-03
0.438250,9.33468356e-02,8.58468356e-02,5.723122,-1.13821367e-01,2.59916708e-03
0.438500,9.33183761e-02,8.58183761e-02,5.721225,-1.13838007e-01,2.60722477e-03
0.438750,9.32899112e-02,8.57899112e-02,5.719327,-1.13859698e-01,2.64783292e-03
0.439000,9.32614414e-02,8.57614414e-02,5.717429,-1.13878932e-01,2.65896333e-03
0.439250,9.32329679e-02,8.57329679e-02,5.715531,-1.13894340e-01,2.60598401e-03
0.439500,9.32044901e-02,8.57044901e-02,5.713633,-1.13911177e-01,2.67954763e-03
0.439750,9.31760078e-02,8.56760078e-02,5.711734,-1.13929111e-01,2.71839867e-03
0.440000,9.31475230e-02,8.56475230e-02,5.709835,-1.13939288e-01,2.72769799e-03
0.440250,9.31190365e-02,8.56190365e-02,5.707936,-1.13945863e-01,2.76324234e-03
0.440500,9.30905490e-02,8.55905490e-02,5.706037,-1.13950104e-01,2.66601065e-03
0.440750,9.30620600e-02,8.55620600e-02,5.704137,-1.13955725e-01,2.66894518e-03
0.441000,9.30335677e-02,8.55335677e-02,5.702238,-1.13969200e-01,2.70803071e-03
0.441250,9.30050726e-02,8.55050726e-02,5.700338,-1.13980705e-01,2.73967240e-03
0.441500,9.29765757e-02,8.54765757e-02,5.698438,-1.13987603e-01,2.60890021e-03
0.441750,9.29480762e-02,8.54480762e-02,5.696538,-1.13997684e-01,2.57740959e-03
0.442000,9.29195713e-02,8.54195713e-02,5.694638,-1.14019894e-01,2.60029759e-03
0.442250,9.28910604e-02,8.53910604e-02,5.692737,-1.14043678e-01,2.58254538e-03
0.442500,9.28625438e-02,8.53625438e-02,5.690836,-1.14066367e-01,2.57294633e-03
0.442750,9.28340210e-02,8.53340210e-02,5.688935,-1.14090939e-01,2.65896976e-03
0.443000,9.28054929e-02,8.53054929e-02,5.687033,-1.14112495e-01,2.59607039e-03
0.443250,9.27769605e-02,8.52769605e-02,5.685131,-1.14129769e-01,2.59237986e-03
0.443500,9.27484224e-02,8.52484224e-02,5.683228,-1.14152371e-01,2.61313671e-03
0.443750,9.27198788e-02,8.52198788e-02,5.681325,-1.14174358e-01,2.66305572e-03
0.444000,9.26913307e-02,8.51913307e-02,5.679422,-1.14192434e-01,2.61043413e-03
0.444250,9.26627785e-02,8.51627785e-02,5.677519,-1.14208738e-01,2.64771494e-03
0.444500,9.26342216e-02,8.51342216e-02,5.675615,-1.14227714e-01,2.71183505e-03
0.444750,9.26056614e-02,8.51056614e-02,5.673711,-1.14240794e-01,2.72641325e-03
0.445000,9.25770994e-02,8.50770994e-02,5.671807,-1.14247965e-01,2.74720986e-03
0.445250,9.25485361e-02,8.50485361e-02,5.669902,-1.14253021e-01,2.74188899e-03
0.445500,9.25199720e-02,8.50199720e-02,5.667998,-1.14256603e-01,2.69241400e-03
0.445750,9.24914063e-02,8.49914063e-02,5.666094,-1.14262810e-01,2.62944926e-03
0.446000,9.24628373e-02,8.49628373e-02,5.664189,-1.14275863e-01,2.66765915e-03
0.446250,9.24342642e-02,8.49342642e-02,5.662284,-1.14292396e-01,2.70317120e-03
0.446500,9.24056881e-02,8.49056881e-02,5.660379,-1.14304222e-01,2.64474622e-03
0.446750,9.23771092e-02,8.48771092e-02,5.658474,-1.14315715e-01,2.59629328e-03
0.447000,9.23485257e-02,8.48485257e-02,5.656568,-1.14334148e-01,2.58080004e-03
0.447250,9.23199364e-02,8.48199364e-02,5.654662,-1.14357243e-01,2.57053949e-03
0.447500,9.22913408e-02,8.47913408e-02,5.652756,-1.14382064e-01,2.67943477e-03
0.447750,9.22627401e-02,8.47627401e-02,5.650849,-1.14402913e-01,2.66831023e-03
0.448000,9.22341363e-02,8.47341363e-02,5.648942,-1.14415313e-01,2.60160364e-03
0.448250,9.22055284e-02,8.47055284e-02,5.647035,-1.14431576e-01,2.62272685e-03
0.448500,9.21769153e-02,8.46769153e-02,5.645128,-1.14452382e-01,2.66021705e-03
0.448750,9.21482979e-02,8.46482979e-02,5.643220,-1.14469796e-01,2.65953000e-03
0.449000,9.21196768e-02,8.46196768e-02,5.641312,-1.14484162e-01,2.61814665e-03
0.449250,9.20910517e-02,8.45910517e-02,5.639403,-1.14500415e-01,2.67264233e-03
0.449500,9.20624223e-02,8.45624223e-02,5.637495,-1.14517655e-01,2.73259113e-03
0.449750,9.20337904e-02,8.45337904e-02,5.635586,-1.14527772e-01,2.75113877e-03
0.450000,9.20051573e-02,8.45051573e-02,5.633677,-1.14532146e-01,2.76380191e-03
0.450250,9.19765237e-02,8.44765237e-02,5.631768,-1.14534437e-01,2.65591871e-03
0.450500,9.19478886e-02,8.44478886e-02,5.629859,-1.14540458e-01,2.67090734e-03
0.450750,9.19192499e-02,8.44192499e-02,5.627950,-1.14554675e-01,2.70280507e-03
0.451000,9.18906084e-02,8.43906084e-02,5.626041,-1.14566250e-01,2.74768550e-03
0.451250,9.18619651e-02,8.43619651e-02,5.624131,-1.14573223e-01,2.62726170e-03
0.451500,9.18333196e-02,8.43333196e-02,5.622221,-1.14581834e-01,2.59533858e-03
0.451750,9.18046692e-02,8.43046692e-02,5.620311,-1.14601744e-01,2.59947389e-03
0.452000,9.17760131e-02,8.42760131e-02,5.618401,-1.14624092e-01,2.56522565e-03
0.452250,9.17473512e-02,8.42473512e-02,5.616490,-1.14647615e-01,2.61554687e-03
0.452500,9.17186833e-02,8.42186833e-02,5.614579,-1.14671725e-01,2.64917679e-03
0.452750,9.16900107e-02,8.41900107e-02,5.612667,-1.14690216e-01,2.58206787e-03
0.453000,9.16613335e-02,8.41613335e-02,5.610756,-1.14708914e-01,2.59546989e-03
0.453250,9.16326504e-02,8.41326504e-02,5.608843,-1.14732529e-01,2.62589600e-03
0.453500,9.16039620e-02,8.41039620e-02,5.606931,-1.14753698e-01,2.66186665e-03
0.453750,9.15752693e-02,8.40752693e-02,5.605018,-1.14770779e-01,2.61567049e-03
0.454000,9.15465725e-02,8.40465725e-02,5.603105,-1.14786949e-01,2.65823906e-03
0.454250,9.15178713e-02,8.40178713e-02,5.601191,-1.14805029e-01,2.72742441e-03
0.454500,9.14891671e-02,8.39891671e-02,5.599278,-1.14816557e-01,2.72142561e-03
0.454750,9.14604615e-02,8.39604615e-02,5.597364,-1.14822669e-01,2.74309895e-03
0.455000,9.14317544e-02,8.39317544e-02,5.595450,-1.14828315e-01,2.76476860e-03
0.455250,9.14030466e-02,8.39030466e-02,5.593536,-1.14831224e-01,2.70993181e-03
0.455500,9.13743379e-02,8.38743379e-02,5.591623,-1.14834778e-01,2.66029086e-03
0.455750,9.13456266e-02,8.38456266e-02,5.589708,-1.14845029e-01,2.65842717e-03
0.456000,9.13169118e-02,8.38169118e-02,5.587794,-1.14859438e-01,2.65913969e-03
0.456250,9.12881933e-02,8.37881933e-02,5.585880,-1.14873968e-01,2.64256817e-03
0.456500,9.12594710e-02,8.37594710e-02,5.583965,-1.14889173e-01,2.61978201e-03
0.456750,9.12307443e-02,8.37307443e-02,5.582050,-1.14906746e-01,2.58481224e-03
0.457000,9.12020124e-02,8.37020124e-02,5.580134,-1.14927735e-01,2.56388890e-03
0.457250,9.11732742e-02,8.36732742e-02,5.578218,-1.14952521e-01,2.67955641e-03
0.457500,9.11445308e-02,8.36445308e-02,5.576302,-1.14973910e-01,2.66744870e-03
0.457750,9.11157842e-02,8.36157842e-02,5.574386,-1.14986339e-01,2.65214723e-03
0.458000,9.10870341e-02,8.35870341e-02,5.572469,-1.15000438e-01,2.62549366e-03
0.458250,9.10582798e-02,8.35582798e-02,5.570552,-1.15016972e-01,2.68394604e-03
0.458500,9.10295215e-02,8.35295215e-02,5.568635,-1.15033109e-01,2.64991424e-03
0.458750,9.10007601e-02,8.35007601e-02,5.566717,-1.15045953e-01,2.64067135e-03
0.459000,9.09719946e-02,8.34719946e-02,5.564800,-1.15061998e-01,2.72282822e-03
0.459250,9.09432258e-02,8.34432258e-02,5.562882,-1.15075171e-01,2.71511880e-03
0.459500,9.09144553e-02,8.34144553e-02,5.560964,-1.15081939e-01,2.74602331e-03
0.459750,9.08856833e-02,8.33856833e-02,5.559046,-1.15087974e-01,2.76327796e-03
0.460000,9.08569106e-02,8.33569106e-02,5.557127,-1.15090709e-01,2.66412682e-03
0.460250,9.08281365e-02,8.33281365e-02,5.555209,-1.15096410e-01,2.66684333e-03
0.460500,9.07993590e-02,8.32993590e-02,5.553291,-1.15110132e-01,2.70274229e-03
0.460750,9.07705785e-02,8.32705785e-02,5.551372,-1.15122044e-01,2.74314516e-03
0.461000,9.07417962e-02,8.32417962e-02,5.549453,-1.15129222e-01,2.63392399e-03
0.461250,9.07130117e-02,8.32130117e-02,5.547534,-1.15137912e-01,2.60912870e-03
0.461500,9.06842225e-02,8.31842225e-02,5.545615,-1.15156665e-01,2.58544056e-03
0.461750,9.06554279e-02,8.31554279e-02,5.543695,-1.15178502e-01,2.55507048e-03
0.462000,9.06266270e-02,8.31266270e-02,5.541775,-1.15203626e-01,2.65667899e-03
0.462250,9.05978203e-02,8.30978203e-02,5.539855,-1.15226751e-01,2.64478393e-03
0.462500,9.05690098e-02,8.30690098e-02,5.537934,-1.15242060e-01,2.58173788e-03
0.462750,9.05401945e-02,8.30401945e-02,5.536013,-1.15261132e-01,2.62467338e-03
0.463000,9.05113736e-02,8.30113736e-02,5.534092,-1.15283483e-01,2.64316519e-03
0.463250,9.04825482e-02,8.29825482e-02,5.532170,-1.15301491e-01,2.64126413e-03
0.463500,9.04537187e-02,8.29537187e-02,5.530248,-1.15318065e-01,2.65731271e-03
0.463750,9.04248852e-02,8.29248852e-02,5.528326,-1.15334085e-01,2.69946838e-03
0.464000,9.03960485e-02,8.28960485e-02,5.526403,-1.15346925e-01,2.75491766e-03
0.464250,9.03672100e-02,8.28672100e-02,5.524481,-1.15353851e-01,2.73408722e-03
0.464500,9.03383707e-02,8.28383707e-02,5.522558,-1.15357146e-01,2.75989294e-03
0.464750,9.03095305e-02,8.28095305e-02,5.520635,-1.15361010e-01,2.70038628e-03
0.465000,9.02806891e-02,8.27806891e-02,5.518713,-1.15365387e-01,2.66919909e-03
0.465250,9.02518451e-02,8.27518451e-02,5.516790,-1.15376028e-01,2.68098122e-03
0.465500,9.02229979e-02,8.27229979e-02,5.514867,-1.15388708e-01,2.73888160e-03
0.465750,9.01941485e-02,8.26941485e-02,5.512943,-1.15397861e-01,2.67330859e-03
0.466000,9.01652972e-02,8.26652972e-02,5.511020,-1.15405160e-01,2.62015605e-03
0.466250,9.01364421e-02,8.26364421e-02,5.509096,-1.15420192e-01,2.58419841e-03
0.466500,9.01075819e-02,8.26075819e-02,5.507172,-1.15441178e-01,2.58241024e-03
0.466750,9.00787156e-02,8.25787156e-02,5.505248,-1.15465195e-01,2.67388739e-03
0.467000,9.00498442e-02,8.25498442e-02,5.503323,-1.15485315e-01,2.67740712e-03
0.467250,9.00209698e-02,8.25209698e-02,5.501398,-1.15497769e-01,2.61418241e-03
0.467500,8.99920916e-02,8.24920916e-02,5.499473,-1.15512728e-01,2.62570507e-03
0.467750,8.99632085e-02,8.24632085e-02,5.497547,-1.15532370e-01,2.65566756e-03
0.468000,8.99343211e-02,8.24343211e-02,5.495621,-1.15549740e-01,2.68457467e-03
0.468250,8.99054302e-02,8.24054302e-02,5.493695,-1.15563373e-01,2.62700594e-03
0.468500,8.98765359e-02,8.23765359e-02,5.491769,-1.15577177e-01,2.68424058e-03
0.468750,8.98476376e-02,8.23476376e-02,5.489843,-1.15593178e-01,2.72678027e-03
0.469000,8.98187370e-02,8.23187370e-02,5.487916,-1.15602599e-01,2.71205183e-03
0.469250,8.97898347e-02,8.22898347e-02,5.485989,-1.15609178e-01,2.77557061e-03
0.469500,8.97609312e-02,8.22609312e-02,5.484062,-1.15614159e-01,2.71715213e-03
0.469750,8.97320270e-02,8.22320270e-02,5.482135,-1.15616506e-01,2.71280617e-03
0.470000,8.97031211e-02,8.22031211e-02,5.480208,-1.15623843e-01,2.68856465e-03
0.470250,8.96742129e-02,8.21742129e-02,5.478281,-1.15632608e-01,2.73604186e-03
0.470500,8.96453026e-02,8.21453026e-02,5.476354,-1.15641264e-01,2.65411887e-03
0.470750,8.96163902e-02,8.21163902e-02,5.474426,-1.15649644e-01,2.61696394e-03
0.471000,8.95874736e-02,8.20874736e-02,5.472498,-1.15666393e-01,2.60036692e-03
0.471250,8.95585519e-02,8.20585519e-02,5.470570,-1.15686926e-01,2.59611091e-03
0.471500,8.95296246e-02,8.20296246e-02,5.468642,-1.15709010e-01,2.59441078e-03
0.471750,8.95006917e-02,8.20006917e-02,5.466713,-1.15731519e-01,2.68241808e-03
0.472000,8.94717542e-02,8.19717542e-02,5.464784,-1.15750276e-01,2.61403447e-03
0.472250,8.94428129e-02,8.19428129e-02,5.462854,-1.15764831e-01,2.62007466e-03
0.472500,8.94138668e-02,8.19138668e-02,5.460924,-1.15784733e-01,2.62746130e-03
0.472750,8.93849158e-02,8.18849158e-02,5.458994,-1.15803813e-01,2.66459685e-03
0.473000,8.93559607e-02,8.18559607e-02,5.457064,-1.15820645e-01,2.61622980e-03
0.473250,8.93270015e-02,8.18270015e-02,5.455133,-1.15836566e-01,2.67794440e-03
0.473500,8.92980381e-02,8.17980381e-02,5.453203,-1.15853730e-01,2.74902797e-03
0.473750,8.92690724e-02,8.17690724e-02,5.451271,-1.15862684e-01,2.73498233e-03
0.474000,8.92401058e-02,8.17401058e-02,5.449340,-1.15866423e-01,2.75384579e-03
0.474250,8.92111382e-02,8.17111382e-02,5.447409,-1.15870481e-01,2.77009361e-03
0.474500,8.91821701e-02,8.16821701e-02,5.445478,-1.15872272e-01,2.71468913e-03
0.474750,8.91532013e-02,8.16532013e-02,5.443547,-1.15875179e-01,2.67621940e-03
0.475000,8.91242302e-02,8.16242302e-02,5.441615,-1.15884335e-01,2.67507864e-03
0.475250,8.90952561e-02,8.15952561e-02,5.439684,-1.15896700e-01,2.67099968e-03
0.475500,8.90662787e-02,8.15662787e-02,5.437752,-1.15909339e-01,2.65125937e-03
0.475750,8.90372979e-02,8.15372979e-02,5.435820,-1.15923186e-01,2.62793169e-03
0.476000,8.90083130e-02,8.15083130e-02,5.433888,-1.15939684e-01,2.59407205e-03
0.476250,8.89793231e-02,8.14793231e-02,5.431955,-1.15959595e-01,2.57418735e-03
0.476500,8.89503273e-02,8.14503273e-02,5.430022,-1.15983165e-01,2.69241984e-03
0.476750,8.89213265e-02,8.14213265e-02,5.428088,-1.16003141e-01,2.67584119e-03
0.477000,8.88923230e-02,8.13923230e-02,5.426155,-1.16014142e-01,2.65460832e-03
0.477250,8.88633161e-02,8.13633161e-02,5.424221,-1.16027443e-01,2.63356025e-03
0.477500,8.88343053e-02,8.13343053e-02,5.422287,-1.16043418e-01,2.70134273e-03
0.477750,8.88052907e-02,8.13052907e-02,5.420353,-1.16058125e-01,2.66675425e-03
0.478000,8.87762736e-02,8.12762736e-02,5.418418,-1.16068795e-01,2.66245654e-03
0.478250,8.87472529e-02,8.12472529e-02,5.416484,-1.16082495e-01,2.72883119e-03
0.478500,8.87182295e-02,8.12182295e-02,5.414549,-1.16093614e-01,2.71729166e-03
0.478750,8.86892046e-02,8.11892046e-02,5.412614,-1.16099793e-01,2.75938233e-03
0.479000,8.86601783e-02,8.11601783e-02,5.410679,-1.16105059e-01,2.75693855e-03
0.479250,8.86311516e-02,8.11311516e-02,5.408743,-1.16106977e-01,2.71089949e-03
0.479500,8.86021238e-02,8.11021238e-02,5.406808,-1.16111131e-01,2.68780441e-03
0.479750,8.85730938e-02,8.10730938e-02,5.404873,-1.16120086e-01,2.70124315e-03
0.480000,8.85440612e-02,8.10440612e-02,5.402937,-1.16130344e-01,2.71293208e-03
0.480250,8.85150264e-02,8.10150264e-02,5.401002,-1.16138981e-01,2.63019463e-03
0.480500,8.84859889e-02,8.09859889e-02,5.399066,-1.16150316e-01,2.61528135e-03
0.480750,8.84569466e-02,8.09569466e-02,5.397130,-1.16169103e-01,2.61306990e-03
0.481000,8.84278993e-02,8.09278993e-02,5.395193,-1.16189213e-01,2.57138806e-03
0.481250,8.83988464e-02,8.08988464e-02,5.393256,-1.16211347e-01,2.65437556e-03
0.481500,8.83697881e-02,8.08697881e-02,5.391319,-1.16233234e-01,2.64977727e-03
0.481750,8.83407260e-02,8.08407260e-02,5.389382,-1.16248512e-01,2.63427072e-03
0.482000,8.83116598e-02,8.08116598e-02,5.387444,-1.16264852e-01,2.62587353e-03
0.482250,8.82825891e-02,8.07825891e-02,5.385506,-1.16282836e-01,2.65471434e-03
0.482500,8.82535140e-02,8.07535140e-02,5.383568,-1.16300235e-01,2.63499391e-03
0.482750,8.82244350e-02,8.07244350e-02,5.381629,-1.16316138e-01,2.68391018e-03
0.483000,8.81953521e-02,8.06953521e-02,5.379690,-1.16331498e-01,2.74131140e-03
0.483250,8.81662670e-02,8.06662670e-02,5.377751,-1.16340303e-01,2.74793972e-03
0.483500,8.81371810e-02,8.06371810e-02,5.375812,-1.16344103e-01,2.74616432e-03
0.483750,8.81080941e-02,8.06080941e-02,5.373873,-1.16347437e-01,2.78252096e-03
0.484000,8.80790068e-02,8.05790068e-02,5.371934,-1.16349309e-01,2.69928447e-03
0.484250,8.80499189e-02,8.05499189e-02,5.369995,-1.16351876e-01,2.65737753e-03
0.484500,8.80208281e-02,8.05208281e-02,5.368055,-1.16363130e-01,2.68677835e-03
0.484750,8.79917339e-02,8.04917339e-02,5.366116,-1.16376525e-01,2.74630241e-03
0.485000,8.79626377e-02,8.04626377e-02,5.364176,-1.16384874e-01,2.68835790e-03
0.485250,8.79335400e-02,8.04335400e-02,5.362236,-1.16390898e-01,2.62563353e-03
0.485500,8.79044389e-02,8.04044389e-02,5.360296,-1.16404453e-01,2.58528117e-03
0.485750,8.78753326e-02,8.03753326e-02,5.358356,-1.16424941e-01,2.57698137e-03
0.486000,8.78462204e-02,8.03462204e-02,5.356415,-1.16449109e-01,2.70092813e-03
0.486250,8.78171033e-02,8.03171033e-02,5.354474,-1.16468479e-01,2.69738123e-03
0.486500,8.77879838e-02,8.02879838e-02,5.352532,-1.16477830e-01,2.64948766e-03
0.486750,8.77588614e-02,8.02588614e-02,5.350591,-1.16489589e-01,2.63842218e-03
0.487000,8.77297350e-02,8.02297350e-02,5.348649,-1.16505769e-01,2.67120151e-03
0.487250,8.77006046e-02,8.02006046e-02,5.346707,-1.16521409e-01,2.67260122e-03
0.487500,8.76714710e-02,8.01714710e-02,5.344765,-1.16534295e-01,2.65876625e-03
0.487750,8.76423341e-02,8.01423341e-02,5.342822,-1.16547679e-01,2.69904900e-03
0.488000,8.76131940e-02,8.01131940e-02,5.340880,-1.16560417e-01,2.74226893e-03
0.488250,8.75840520e-02,8.00840520e-02,5.338937,-1.16567937e-01,2.75823432e-03
0.488500,8.75549092e-02,8.00549092e-02,5.336994,-1.16571203e-01,2.77873235e-03
0.488750,8.75257662e-02,8.00257662e-02,5.335051,-1.16572252e-01,2.69553388e-03
0.489000,8.74966223e-02,7.99966223e-02,5.333108,-1.16575296e-01,2.68932214e-03
0.489250,8.74674760e-02,7.99674760e-02,5.331165,-1.16585446e-01,2.71894211e-03
0.489500,8.74383273e-02,7.99383273e-02,5.329222,-1.16594796e-01,2.76186416e-03
0.489750,8.74091773e-02,7.99091773e-02,5.327278,-1.16599816e-01,2.65061293e-03
0.490000,8.73800258e-02,7.98800258e-02,5.325335,-1.16606231e-01,2.62429987e-03
0.490250,8.73508700e-02,7.98508700e-02,5.323391,-1.16622944e-01,2.60046992e-03
0.490500,8.73217093e-02,7.98217093e-02,5.321447,-1.16642870e-01,2.56990706e-03
0.490750,8.72925428e-02,7.97925428e-02,5.319503,-1.16666104e-01,2.67220783e-03
0.491000,8.72633709e-02,7.97633709e-02,5.317558,-1.16687325e-01,2.65838894e-03
0.491250,8.72341958e-02,7.97341958e-02,5.315613,-1.16700757e-01,2.59479422e-03
0.491500,8.72050162e-02,7.97050162e-02,5.313668,-1.16718135e-01,2.64324343e-03
0.491750,8.71758316e-02,7.96758316e-02,5.311722,-1.16738593e-01,2.67623542e-03
0.492000,8.71466432e-02,7.96466432e-02,5.309776,-1.16753614e-01,2.64956980e-03
0.492250,8.71174514e-02,7.96174514e-02,5.307830,-1.16767106e-01,2.66294506e-03
0.492500,8.70882558e-02,7.95882558e-02,5.305884,-1.16782195e-01,2.71894856e-03
0.492750,8.70590574e-02,7.95590574e-02,5.303937,-1.16793711e-01,2.76714062e-03
0.493000,8.70298578e-02,7.95298578e-02,5.301991,-1.16798498e-01,2.74687594e-03
0.493250,8.70006577e-02,7.95006577e-02,5.300044,-1.16800224e-01,2.77673003e-03
0.493500,8.69714572e-02,7.94714572e-02,5.298097,-1.16802294e-01,2.72070189e-03
0.493750,8.69422561e-02,7.94422561e-02,5.296150,-1.16804389e-01,2.67890500e-03
0.494000,8.69130528e-02,7.94130528e-02,5.294204,-1.16812933e-01,2.69385164e-03
0.494250,8.68838468e-02,7.93838468e-02,5.292256,-1.16824248e-01,2.75148013e-03
0.494500,8.68546388e-02,7.93546388e-02,5.290309,-1.16831788e-01,2.69843000e-03
0.494750,8.68254296e-02,7.93254296e-02,5.288362,-1.16836941e-01,2.62976856e-03
0.495000,8.67962172e-02,7.92962172e-02,5.286414,-1.16849486e-01,2.59386199e-03
0.495250,8.67669999e-02,7.92669999e-02,5.284467,-1.16869255e-01,2.58319530e-03
0.495500,8.67377768e-02,7.92377768e-02,5.282518,-1.16892444e-01,2.71081147e-03
0.495750,8.67085491e-02,7.92085491e-02,5.280570,-1.16910867e-01,2.69883671e-03
0.496000,8.66793192e-02,7.91793192e-02,5.278621,-1.16919342e-01,2.63330676e-03
0.496250,8.66500863e-02,7.91500863e-02,5.276672,-1.16931697e-01,2.64497746e-03
0.496500,8.66208491e-02,7.91208491e-02,5.274723,-1.16948916e-01,2.68264616e-03
0.496750,8.65916082e-02,7.90916082e-02,5.272774,-1.16963511e-01,2.68182597e-03
0.497000,8.65623645e-02,7.90623645e-02,5.270824,-1.16975050e-01,2.63756897e-03
0.497250,8.65331173e-02,7.90331173e-02,5.268874,-1.16988614e-01,2.70419064e-03
0.497500,8.65038666e-02,7.90038666e-02,5.266924,-1.17002865e-01,2.76242896e-03
0.497750,8.64746143e-02,7.89746143e-02,5.264974,-1.17009072e-01,2.77262618e-03
0.498000,8.64453618e-02,7.89453618e-02,5.263024,-1.17010046e-01,2.78323547e-03
0.498250,8.64161094e-02,7.89161094e-02,5.261074,-1.17009714e-01,2.69703581e-03
0.498500,8.63868563e-02,7.88868563e-02,5.259124,-1.17012322e-01,2.69245861e-03
0.498750,8.63576007e-02,7.88576007e-02,5.257173,-1.17022210e-01,2.72476395e-03
0.499000,8.63283430e-02,7.88283430e-02,5.255223,-1.17031045e-01,2.76923046e-03
0.499250,8.62990842e-02,7.87990842e-02,5.253272,-1.17035262e-01,2.65856185e-03
0.499500,8.62698240e-02,7.87698240e-02,5.251322,-1.17040721e-01,2.62275533e-03
0.499750,8.62405598e-02,7.87405598e-02,5.249371,-1.17056849e-01,2.60281643e-03
0.500000,8.62112906e-02,7.87112906e-02,5.247419,-1.17076798e-01,2.57571456e-03
0.500250,8.61820157e-02,7.86820157e-02,5.245468,-1.17099583e-01,2.68092321e-03
0.500500,8.61527357e-02,7.86527357e-02,5.243516,-1.17119941e-01,2.66387353e-03
0.500750,8.61234526e-02,7.86234526e-02,5.241564,-1.17132415e-01,2.59909768e-03
0.501000,8.60941653e-02,7.85941653e-02,5.239611,-1.17149153e-01,2.64584546e-03
0.501250,8.60648730e-02,7.85648730e-02,5.237658,-1.17169143e-01,2.67979468e-03
0.501500,8.60355771e-02,7.85355771e-02,5.235705,-1.17183793e-01,2.65422097e-03
0.501750,8.60062779e-02,7.85062779e-02,5.233752,-1.17196787e-01,2.66787182e-03
0.502000,8.59769750e-02,7.84769750e-02,5.231798,-1.17211277e-01,2.72515219e-03
0.502250,8.59476695e-02,7.84476695e-02,5.229845,-1.17222113e-01,2.77083446e-03
0.502500,8.59183630e-02,7.84183630e-02,5.227891,-1.17226228e-01,2.74728179e-03
0.502750,8.58890561e-02,7.83890561e-02,5.225937,-1.17227632e-01,2.78069534e-03
0.503000,8.58597487e-02,7.83597487e-02,5.223983,-1.17229494e-01,2.72604018e-03
0.503250,8.58304409e-02,7.83304409e-02,5.222029,-1.17231028e-01,2.68398129e-03
0.503500,8.58011312e-02,7.83011312e-02,5.220075,-1.17238909e-01,2.69817041e-03
0.503750,8.57718188e-02,7.82718188e-02,5.218121,-1.17249616e-01,2.75324794e-03
0.504000,8.57425046e-02,7.82425046e-02,5.216167,-1.17256723e-01,2.69938032e-03
0.504250,8.57131892e-02,7.82131892e-02,5.214213,-1.17261689e-01,2.63655176e-03
0.504500,8.56838707e-02,7.81838707e-02,5.212258,-1.17273856e-01,2.59924015e-03
0.504750,8.56545475e-02,7.81545475e-02,5.210303,-1.17292831e-01,2.58652594e-03
0.505000,8.56252187e-02,7.81252187e-02,5.208348,-1.17315431e-01,2.71084696e-03
0.505250,8.55958853e-02,7.80958853e-02,5.206392,-1.17333579e-01,2.70592856e-03
0.505500,8.55665498e-02,7.80665498e-02,5.204437,-1.17341737e-01,2.63710621e-03
0.505750,8.55372115e-02,7.80372115e-02,5.202481,-1.17353342e-01,2.64780057e-03
0.506000,8.55078690e-02,7.80078690e-02,5.200525,-1.17370124e-01,2.69041938e-03
0.506250,8.54785229e-02,7.79785229e-02,5.198568,-1.17384144e-01,2.68316969e-03
0.506500,8.54491742e-02,7.79491742e-02,5.196612,-1.17394986e-01,2.66909821e-03
0.506750,8.54198224e-02,7.79198224e-02,5.194655,-1.17407044e-01,2.70796150e-03
0.507000,8.53904678e-02,7.78904678e-02,5.192698,-1.17418540e-01,2.75142541e-03
0.507250,8.53611116e-02,7.78611116e-02,5.190741,-1.17424924e-01,2.77771470e-03
0.507500,8.53317549e-02,7.78317549e-02,5.188784,-1.17426577e-01,2.78854166e-03
0.507750,8.53023985e-02,7.78023985e-02,5.186827,-1.17425593e-01,2.69848397e-03
0.508000,8.52730416e-02,7.77730416e-02,5.184869,-1.17427701e-01,2.70267795e-03
0.508250,8.52436823e-02,7.77436823e-02,5.182912,-1.17437018e-01,2.73109657e-03
0.508500,8.52143212e-02,7.77143212e-02,5.180955,-1.17444734e-01,2.76474542e-03
0.508750,8.51849590e-02,7.76849590e-02,5.178997,-1.17448629e-01,2.65293870e-03
0.509000,8.51555953e-02,7.76555953e-02,5.177040,-1.17454705e-01,2.63315544e-03
0.509250,8.51262276e-02,7.76262276e-02,5.175082,-1.17470835e-01,2.60496793e-03
0.509500,8.50968551e-02,7.75968551e-02,5.173124,-1.17489835e-01,2.57311311e-03
0.509750,8.50674770e-02,7.75674770e-02,5.171165,-1.17512558e-01,2.67936211e-03
0.510000,8.50380937e-02,7.75380937e-02,5.169206,-1.17533199e-01,2.67659679e-03
0.510250,8.50087074e-02,7.75087074e-02,5.167247,-1.17545239e-01,2.63189867e-03
0.510500,8.49793175e-02,7.74793175e-02,5.165288,-1.17559482e-01,2.63908959e-03
0.510750,8.49499233e-02,7.74499233e-02,5.163328,-1.17577077e-01,2.66121308e-03
0.511000,8.49205250e-02,7.74205250e-02,5.161368,-1.17593104e-01,2.65611741e-03
0.511250,8.48911231e-02,7.73911231e-02,5.159408,-1.17607539e-01,2.70437808e-03
0.511500,8.48617180e-02,7.73617180e-02,5.157448,-1.17620260e-01,2.75570836e-03
0.511750,8.48323113e-02,7.73323113e-02,5.155487,-1.17626748e-01,2.75838426e-03
0.512000,8.48029041e-02,7.73029041e-02,5.153527,-1.17628904e-01,2.75375873e-03
0.512250,8.47734964e-02,7.72734964e-02,5.151566,-1.17631045e-01,2.79678519e-03
0.512500,8.47440884e-02,7.72440884e-02,5.149606,-1.17631663e-01,2.74169351e-03
0.512750,8.47146806e-02,7.72146806e-02,5.147645,-1.17631184e-01,2.67099197e-03
0.513000,8.46852711e-02,7.71852711e-02,5.145685,-1.17638354e-01,2.70455548e-03
0.513250,8.46558586e-02,7.71558586e-02,5.143724,-1.17649845e-01,2.74223921e-03
0.513500,8.46264444e-02,7.71264444e-02,5.141763,-1.17656914e-01,2.68403043e-03
0.513750,8.45970285e-02,7.70970285e-02,5.139802,-1.17663463e-01,2.62534948e-03
0.514000,8.45676092e-02,7.70676092e-02,5.137841,-1.17677386e-01,2.60881874e-03
0.514250,8.45381849e-02,7.70381849e-02,5.135879,-1.17696857e-01,2.60046873e-03
0.514500,8.45087554e-02,7.70087554e-02,5.133917,-1.17718054e-01,2.71162844e-03
0.514750,8.44793217e-02,7.69793217e-02,5.131955,-1.17735023e-01,2.69802434e-03
0.515000,8.44498858e-02,7.69498858e-02,5.129992,-1.17743466e-01,2.67555385e-03
0.515250,8.44204473e-02,7.69204473e-02,5.128030,-1.17754020e-01,2.64948510e-03
0.515500,8.43910054e-02,7.68910054e-02,5.126067,-1.17767571e-01,2.71084908e-03
0.515750,8.43615603e-02,7.68615603e-02,5.124104,-1.17780550e-01,2.68328607e-03
0.516000,8.43321128e-02,7.68321128e-02,5.122141,-1.17789709e-01,2.68276140e-03
0.516250,8.43026626e-02,7.68026626e-02,5.120178,-1.17801154e-01,2.74774332e-03
0.516500,8.42732101e-02,7.67732101e-02,5.118214,-1.17809769e-01,2.73425312e-03
0.516750,8.42437567e-02,7.67437567e-02,5.116250,-1.17813646e-01,2.77638045e-03
0.517000,8.42143025e-02,7.67143025e-02,5.114287,-1.17816768e-01,2.78105060e-03
0.517250,8.41848485e-02,7.66848485e-02,5.112323,-1.17816224e-01,2.72519254e-03
0.517500,8.41553940e-02,7.66553940e-02,5.110360,-1.17817767e-01,2.70809301e-03
0.517750,8.41259379e-02,7.66259379e-02,5.108396,-1.17824652e-01,2.71426068e-03
0.518000,8.40964797e-02,7.65964797e-02,5.106432,-1.17832667e-01,2.70893900e-03
0.518250,8.40670196e-02,7.65670196e-02,5.104468,-1.17840412e-01,2.67162600e-03
0.518500,8.40375570e-02,7.65375570e-02,5.102504,-1.17850244e-01,2.63857283e-03
0.518750,8.40080909e-02,7.65080909e-02,5.100539,-1.17864600e-01,2.61068200e-03
0.519000,8.39786201e-02,7.64786201e-02,5.098575,-1.17882903e-01,2.57636072e-03
0.519250,8.39491439e-02,7.64491439e-02,5.096610,-1.17905013e-01,2.66706830e-03
0.519500,8.39196624e-02,7.64196624e-02,5.094644,-1.17925931e-01,2.66712745e-03
0.519750,8.38901776e-02,7.63901776e-02,5.092679,-1.17939399e-01,2.65514483e-03
0.520000,8.38606892e-02,7.63606892e-02,5.090713,-1.17953392e-01,2.65963456e-03
0.520250,8.38311972e-02,7.63311972e-02,5.088746,-1.17968170e-01,2.69858660e-03
0.520500,8.38017020e-02,7.63017020e-02,5.086780,-1.17980857e-01,2.65156274e-03
0.520750,8.37722038e-02,7.62722038e-02,5.084814,-1.17992426e-01,2.68686398e-03
0.521000,8.37427023e-02,7.62427023e-02,5.082847,-1.18006294e-01,2.77036245e-03
0.521250,8.37131989e-02,7.62131989e-02,5.080880,-1.18013573e-01,2.76106336e-03
0.521500,8.36836953e-02,7.61836953e-02,5.078913,-1.18014407e-01,2.77910187e-03
0.521750,8.36541915e-02,7.61541915e-02,5.076946,-1.18015207e-01,2.79782196e-03
0.522000,8.36246881e-02,7.61246881e-02,5.074979,-1.18013699e-01,2.74703298e-03
0.522250,8.35951848e-02,7.60951848e-02,5.073012,-1.18012899e-01,2.68994647e-03
0.522500,8.35656801e-02,7.60656801e-02,5.071045,-1.18018792e-01,2.68686777e-03
0.522750,8.35361728e-02,7.60361728e-02,5.069078,-1.18029509e-01,2.69859569e-03
0.523000,8.35066628e-02,7.60066628e-02,5.067111,-1.18039960e-01,2.69557632e-03
0.523250,8.34771504e-02,7.59771504e-02,5.065143,-1.18049582e-01,2.63798262e-03
0.523500,8.34476349e-02,7.59476349e-02,5.063176,-1.18061998e-01,2.61320158e-03
0.523750,8.34181148e-02,7.59181148e-02,5.061208,-1.18080238e-01,2.63651187e-03
0.524000,8.33885899e-02,7.58885899e-02,5.059239,-1.18099482e-01,2.72704700e-03
0.524250,8.33590617e-02,7.58590617e-02,5.057271,-1.18112810e-01,2.66310158e-03
0.524500,8.33295314e-02,7.58295314e-02,5.055302,-1.18121531e-01,2.66015053e-03
0.524750,8.32999974e-02,7.57999974e-02,5.053333,-1.18135633e-01,2.67886948e-03
0.525000,8.32704602e-02,7.57704602e-02,5.051364,-1.18149150e-01,2.71411383e-03
0.525250,8.32409203e-02,7.57409203e-02,5.049395,-1.18159572e-01,2.64553675e-03
0.525500,8.32113777e-02,7.57113777e-02,5.047425,-1.18170132e-01,2.70065383e-03
0.525750,8.31818318e-02,7.56818318e-02,5.045455,-1.18183885e-01,2.75264883e-03
0.526000,8.31522841e-02,7.56522841e-02,5.043486,-1.18190815e-01,2.75008458e-03
0.526250,8.31227357e-02,7.56227357e-02,5.041516,-1.18193589e-01,2.79540560e-03
0.526500,8.30931870e-02,7.55931870e-02,5.039546,-1.18194570e-01,2.74643376e-03
0.526750,8.30636385e-02,7.55636385e-02,5.037576,-1.18193994e-01,2.74445797e-03
0.527000,8.30340891e-02,7.55340891e-02,5.035606,-1.18197527e-01,2.75846930e-03
0.527250,8.30045390e-02,7.55045390e-02,5.033636,-1.18200603e-01,2.78210070e-03
0.527500,8.29749886e-02,7.54749886e-02,5.031666,-1.18201484e-01,2.64457819e-03
0.527750,8.29454370e-02,7.54454370e-02,5.029696,-1.18206504e-01,2.63153694e-03
0.528000,8.29158811e-02,7.54158811e-02,5.027725,-1.18223392e-01,2.65041133e-03
0.528250,8.28863210e-02,7.53863210e-02,5.025755,-1.18240516e-01,2.61120449e-03
0.528500,8.28567566e-02,7.53567566e-02,5.023784,-1.18257824e-01,2.66730739e-03
0.528750,8.28271876e-02,7.53271876e-02,5.021813,-1.18275871e-01,2.67251400e-03
0.529000,8.27976153e-02,7.52976153e-02,5.019841,-1.18289081e-01,2.62169686e-03
0.529250,8.27680393e-02,7.52680393e-02,5.017869,-1.18304110e-01,2.64901809e-03
0.529500,8.27384588e-02,7.52384588e-02,5.015897,-1.18322104e-01,2.66436099e-03
0.529750,8.27088745e-02,7.52088745e-02,5.013925,-1.18337176e-01,2.68598807e-03
0.530000,8.26792870e-02,7.51792870e-02,5.011952,-1.18350032e-01,2.68714567e-03
0.530250,8.26496967e-02,7.51496967e-02,5.009980,-1.18361062e-01,2.74534540e-03
0.530500,8.26201043e-02,7.51201043e-02,5.008007,-1.18369423e-01,2.78244890e-03
0.530750,8.25905115e-02,7.50905115e-02,5.006034,-1.18371366e-01,2.75619338e-03
0.531000,8.25609186e-02,7.50609186e-02,5.004061,-1.18371423e-01,2.79787315e-03
0.531250,8.25313257e-02,7.50313257e-02,5.002088,-1.18371794e-01,2.73960741e-03
0.531500,8.25017329e-02,7.50017329e-02,5.000116,-1.18371318e-01,2.70213650e-03
0.531750,8.24721385e-02,7.49721385e-02,4.998143,-1.18377282e-01,2.70908189e-03
0.532000,8.24425420e-02,7.49425420e-02,4.996169,-1.18386016e-01,2.76489928e-03
0.532250,8.24129441e-02,7.49129441e-02,4.994196,-1.18391712e-01,2.71488877e-03
0.532500,8.23833454e-02,7.48833454e-02,4.992223,-1.18395036e-01,2.65088859e-03
0.532750,8.23537440e-02,7.48537440e-02,4.990250,-1.18405296e-01,2.59342807e-03
0.533000,8.23241382e-02,7.48241382e-02,4.988276,-1.18423350e-01,2.60442901e-03
0.533250,8.22945268e-02,7.47945268e-02,4.986302,-1.18445636e-01,2.71680103e-03
0.533500,8.22649113e-02,7.47649113e-02,4.984327,-1.18462051e-01,2.72448105e-03
0.533750,8.22352940e-02,7.47352940e-02,4.982353,-1.18468900e-01,2.65336860e-03
0.534000,8.22056745e-02,7.47056745e-02,4.980378,-1.18478263e-01,2.66480488e-03
0.534250,8.21760512e-02,7.46760512e-02,4.978403,-1.18492958e-01,2.70338812e-03
0.534500,8.21464250e-02,7.46464250e-02,4.976428,-1.18505009e-01,2.69590251e-03
0.534750,8.21167964e-02,7.46167964e-02,4.974453,-1.18514223e-01,2.66630292e-03
0.535000,8.20871651e-02,7.45871651e-02,4.972478,-1.18525360e-01,2.72158093e-03
0.535250,8.20575310e-02,7.45575310e-02,4.970502,-1.18536483e-01,2.77031653e-03
0.535500,8.20278957e-02,7.45278957e-02,4.968526,-1.18540913e-01,2.79414952e-03
0.535750,8.19982607e-02,7.44982607e-02,4.966551,-1.18540289e-01,2.80026756e-03
0.536000,8.19686263e-02,7.44686263e-02,4.964575,-1.18537437e-01,2.70739971e-03
0.536250,8.19389918e-02,7.44389918e-02,4.962599,-1.18538188e-01,2.71068129e-03
0.536500,8.19093552e-02,7.44093552e-02,4.960624,-1.18546419e-01,2.74414567e-03
0.536750,8.18797169e-02,7.43797169e-02,4.958648,-1.18552901e-01,2.77617824e-03
0.537000,8.18500781e-02,7.43500781e-02,4.956672,-1.18555220e-01,2.65905732e-03
0.537250,8.18204381e-02,7.43204381e-02,4.954696,-1.18560086e-01,2.62815701e-03
0.537500,8.17907941e-02,7.42907941e-02,4.952720,-1.18575935e-01,2.63413825e-03
0.537750,8.17611456e-02,7.42611456e-02,4.950743,-1.18594056e-01,2.59661200e-03
0.538000,8.17314923e-02,7.42314923e-02,4.948766,-1.18613345e-01,2.68315978e-03
0.538250,8.17018343e-02,7.42018343e-02,4.946789,-1.18631889e-01,2.67545550e-03
0.538500,8.16721734e-02,7.41721734e-02,4.944812,-1.18643667e-01,2.63572694e-03
0.538750,8.16425089e-02,7.41425089e-02,4.942834,-1.18657835e-01,2.64957803e-03
0.539000,8.16128403e-02,7.41128403e-02,4.940856,-1.18674652e-01,2.70245785e-03
0.539250,8.15831683e-02,7.40831683e-02,4.938878,-1.18687994e-01,2.68518061e-03
0.539500,8.15534938e-02,7.40534938e-02,4.936900,-1.18697758e-01,2.70917336e-03
0.539750,8.15238169e-02,7.40238169e-02,4.934921,-1.18707880e-01,2.75600614e-03
0.540000,8.14941384e-02,7.39941384e-02,4.932943,-1.18713962e-01,2.76598641e-03
0.540250,8.14644594e-02,7.39644594e-02,4.930964,-1.18715757e-01,2.79356153e-03
0.540500,8.14347805e-02,7.39347805e-02,4.928985,-1.18715514e-01,2.81409622e-03
0.540750,8.14051025e-02,7.39051025e-02,4.927007,-1.18712099e-01,2.74239860e-03
0.541000,8.13754250e-02,7.38754250e-02,4.925028,-1.18710167e-01,2.70096832e-03
0.541250,8.13457460e-02,7.38457460e-02,4.923050,-1.18715954e-01,2.70242542e-03
0.541500,8.13160647e-02,7.38160647e-02,4.921071,-1.18725078e-01,2.70625715e-03
0.541750,8.12863812e-02,7.37863812e-02,4.919092,-1.18733914e-01,2.68008331e-03
0.542000,8.12566953e-02,7.37566953e-02,4.917113,-1.18743591e-01,2.65242650e-03
0.542250,8.12270062e-02,7.37270062e-02,4.915134,-1.18756640e-01,2.61823843e-03
0.542500,8.11973128e-02,7.36973128e-02,4.913154,-1.18773472e-01,2.63038263e-03
0.542750,8.11676147e-02,7.36676147e-02,4.911174,-1.18792573e-01,2.74128654e-03
0.543000,8.11379132e-02,7.36379132e-02,4.909194,-1.18805775e-01,2.68648163e-03
0.543250,8.11082102e-02,7.36082102e-02,4.907214,-1.18812294e-01,2.67074872e-03
0.543500,8.10785042e-02,7.35785042e-02,4.905234,-1.18824007e-01,2.67836252e-03
0.543750,8.10487950e-02,7.35487950e-02,4.903253,-1.18836677e-01,2.71913354e-03
0.544000,8.10190833e-02,7.35190833e-02,4.901272,-1.18846918e-01,2.65579704e-03
0.544250,8.09893691e-02,7.34893691e-02,4.899291,-1.18856612e-01,2.70825610e-03
0.544500,8.09596518e-02,7.34596518e-02,4.897310,-1.18869187e-01,2.75913617e-03
0.544750,8.09299330e-02,7.34299330e-02,4.895329,-1.18875206e-01,2.75651513e-03
0.545000,8.09002137e-02,7.34002137e-02,4.893348,-1.18877163e-01,2.80543788e-03
0.545250,8.08704944e-02,7.33704944e-02,4.891366,-1.18877172e-01,2.75354332e-03
0.545500,8.08407756e-02,7.33407756e-02,4.889385,-1.18875459e-01,2.74928719e-03
0.545750,8.08110560e-02,7.33110560e-02,4.887404,-1.18878195e-01,2.76713508e-03
0.546000,8.07813359e-02,7.32813359e-02,4.885422,-1.18880491e-01,2.78941382e-03
0.546250,8.07516158e-02,7.32516158e-02,4.883441,-1.18880337e-01,2.66702969e-03
0.546500,8.07218949e-02,7.32218949e-02,4.881460,-1.18883764e-01,2.63946486e-03
0.546750,8.06921702e-02,7.31921702e-02,4.879478,-1.18898458e-01,2.64534078e-03
0.547000,8.06624415e-02,7.31624415e-02,4.877496,-1.18915155e-01,2.61104552e-03
0.547250,8.06327082e-02,7.31327082e-02,4.875514,-1.18932887e-01,2.67184366e-03
0.547500,8.06029705e-02,7.31029705e-02,4.873531,-1.18950746e-01,2.68068381e-03
0.547750,8.05732297e-02,7.30732297e-02,4.871549,-1.18963222e-01,2.62858682e-03
0.548000,8.05434854e-02,7.30434854e-02,4.869566,-1.18977276e-01,2.63715135e-03
0.548250,8.05137366e-02,7.30137366e-02,4.867582,-1.18995229e-01,2.68441134e-03
0.548500,8.04839840e-02,7.29839840e-02,4.865599,-1.19010389e-01,2.69470115e-03
0.548750,8.04542287e-02,7.29542287e-02,4.863615,-1.19021214e-01,2.69977819e-03
0.549000,8.04244710e-02,7.29244710e-02,4.861631,-1.19030970e-01,2.73834006e-03
0.549250,8.03947113e-02,7.28947113e-02,4.859647,-1.19038604e-01,2.79609202e-03
0.549500,8.03649512e-02,7.28649512e-02,4.857663,-1.19040519e-01,2.78281931e-03
0.549750,8.03351916e-02,7.28351916e-02,4.855679,-1.19038278e-01,2.80102407e-03
0.550000,8.03054325e-02,7.28054325e-02,4.853695,-1.19036323e-01,2.74131643e-03
0.550250,8.02756737e-02,7.27756737e-02,4.851712,-1.19035513e-01,2.70109538e-03
0.550500,8.02459133e-02,7.27459133e-02,4.849728,-1.19041383e-01,2.71925346e-03
0.550750,8.02161509e-02,7.27161509e-02,4.847743,-1.19049753e-01,2.77404991e-03
0.551000,8.01863873e-02,7.26863873e-02,4.845759,-1.19054209e-01,2.71821872e-03
0.551250,8.01566232e-02,7.26566232e-02,4.843775,-1.19056635e-01,2.65310025e-03
0.551500,8.01268565e-02,7.26268565e-02,4.841790,-1.19066523e-01,2.61415530e-03
0.551750,8.00970857e-02,7.25970857e-02,4.839806,-1.19083480e-01,2.60100558e-03
0.552000,8.00673096e-02,7.25673096e-02,4.837821,-1.19104215e-01,2.72813829e-03
0.552250,8.00375295e-02,7.25375295e-02,4.835835,-1.19120410e-01,2.71750236e-03
0.552500,8.00077479e-02,7.25077479e-02,4.833850,-1.19126637e-01,2.67568604e-03
0.552750,7.99779640e-02,7.24779640e-02,4.831864,-1.19135586e-01,2.66205780e-03
0.553000,7.99481768e-02,7.24481768e-02,4.829878,-1.19148570e-01,2.72488920e-03
0.553250,7.99183868e-02,7.24183868e-02,4.827892,-1.19159896e-01,2.69671178e-03
0.553500,7.98885950e-02,7.23885950e-02,4.825906,-1.19167309e-01,2.70226279e-03
0.553750,7.98588008e-02,7.23588008e-02,4.823920,-1.19176789e-01,2.76743576e-03
0.554000,7.98290051e-02,7.23290051e-02,4.821934,-1.19182933e-01,2.74736638e-03
0.554250,7.97992089e-02,7.22992089e-02,4.819947,-1.19184613e-01,2.78722250e-03
0.554500,7.97694124e-02,7.22694124e-02,4.817961,-1.19186179e-01,2.79450498e-03
0.554750,7.97396163e-02,7.22396163e-02,4.815974,-1.19184150e-01,2.73895323e-03
0.555000,7.97098204e-02,7.22098204e-02,4.813988,-1.19183980e-01,2.72619495e-03
0.555250,7.96800231e-02,7.21800231e-02,4.812002,-1.19188935e-01,2.75399699e-03
0.555500,7.96502247e-02,7.21502247e-02,4.810015,-1.19193708e-01,2.71419920e-03
0.555750,7.96204252e-02,7.21204252e-02,4.808028,-1.19197957e-01,2.66039777e-03
0.556000,7.95906232e-02,7.20906232e-02,4.806042,-1.19207853e-01,2.64393194e-03
0.556250,7.95608175e-02,7.20608175e-02,4.804055,-1.19222894e-01,2.63130309e-03
0.556500,7.95310076e-02,7.20310076e-02,4.802067,-1.19239845e-01,2.61071532e-03
0.556750,7.95011929e-02,7.20011929e-02,4.800080,-1.19258744e-01,2.72030544e-03
0.557000,7.94713742e-02,7.19713742e-02,4.798092,-1.19274488e-01,2.65773022e-03
0.557250,7.94415532e-02,7.19415532e-02,4.796104,-1.19284000e-01,2.65945439e-03
0.557500,7.94117286e-02,7.19117286e-02,4.794115,-1.19298574e-01,2.66163394e-03
0.557750,7.93819004e-02,7.18819004e-02,4.792127,-1.19312910e-01,2.69912854e-03
0.558000,7.93520690e-02,7.18520690e-02,4.790138,-1.19325409e-01,2.66063929e-03
0.558250,7.93222349e-02,7.18222349e-02,4.788149,-1.19336532e-01,2.73222935e-03
0.558500,7.92923980e-02,7.17923980e-02,4.786160,-1.19347649e-01,2.78287789e-03
0.558750,7.92625603e-02,7.17625603e-02,4.784171,-1.19350650e-01,2.76294285e-03
0.559000,7.92327227e-02,7.17327227e-02,4.782182,-1.19350374e-01,2.83109462e-03
0.559250,7.92028855e-02,7.17028855e-02,4.780192,-1.19348721e-01,2.77922609e-03
0.559500,7.91730496e-02,7.16730496e-02,4.778203,-1.19343766e-01,2.71234059e-03
0.559750,7.91432131e-02,7.16432131e-02,4.776214,-1.19346026e-01,2.71853505e-03
0.560000,7.91133747e-02,7.16133747e-02,4.774225,-1.19353504e-01,2.77996426e-03
0.560250,7.90835353e-02,7.15835353e-02,4.772236,-1.19357758e-01,2.71789972e-03
0.560500,7.90536954e-02,7.15536954e-02,4.770246,-1.19359712e-01,2.66391689e-03
0.560750,7.90238531e-02,7.15238531e-02,4.768257,-1.19369149e-01,2.61666158e-03
0.561000,7.89940068e-02,7.14940068e-02,4.766267,-1.19385107e-01,2.61937406e-03
0.561250,7.89641556e-02,7.14641556e-02,4.764277,-1.19404824e-01,2.72268703e-03
0.561500,7.89343006e-02,7.14343006e-02,4.762287,-1.19419752e-01,2.73319172e-03
0.561750,7.89044442e-02,7.14044442e-02,4.760296,-1.19425733e-01,2.66908536e-03
0.562000,7.88745858e-02,7.13745858e-02,4.758306,-1.19433685e-01,2.66148025e-03
0.562250,7.88447240e-02,7.13447240e-02,4.756315,-1.19447237e-01,2.70471361e-03
0.562500,7.88148591e-02,7.13148591e-02,4.754324,-1.19459502e-01,2.70981574e-03
0.562750,7.87849921e-02,7.12849921e-02,4.752333,-1.19467992e-01,2.67045236e-03
0.563000,7.87551227e-02,7.12551227e-02,4.750342,-1.19477803e-01,2.73222329e-03
0.563250,7.87252506e-02,7.12252506e-02,4.748350,-1.19488115e-01,2.78541704e-03
0.563500,7.86953779e-02,7.11953779e-02,4.746359,-1.19491004e-01,2.79460453e-03
0.563750,7.86655056e-02,7.11655056e-02,4.744367,-1.19489120e-01,2.81252973e-03
0.564000,7.86356342e-02,7.11356342e-02,4.742376,-1.19485688e-01,2.72134862e-03
0.564250,7.86057630e-02,7.11057630e-02,4.740384,-1.19484816e-01,2.72192131e-03
0.564500,7.85758901e-02,7.10758901e-02,4.738393,-1.19491405e-01,2.75251761e-03
0.564750,7.85460160e-02,7.10460160e-02,4.736401,-1.19496594e-01,2.78155379e-03
0.565000,7.85161415e-02,7.10161415e-02,4.734409,-1.19497988e-01,2.65874039e-03
0.565250,7.84862659e-02,7.09862659e-02,4.732418,-1.19502427e-01,2.63969022e-03
0.565500,7.84563864e-02,7.09563864e-02,4.730426,-1.19517791e-01,2.64102599e-03
0.565750,7.84265028e-02,7.09265028e-02,4.728434,-1.19534661e-01,2.59577181e-03
0.566000,7.83966144e-02,7.08966144e-02,4.726441,-1.19553422e-01,2.69038995e-03
0.566250,7.83667215e-02,7.08667215e-02,4.724448,-1.19571715e-01,2.68360355e-03
0.566500,7.83368258e-02,7.08368258e-02,4.722455,-1.19582540e-01,2.66555080e-03
0.566750,7.83069272e-02,7.08069272e-02,4.720462,-1.19594720e-01,2.67709096e-03
0.567000,7.82770252e-02,7.07770252e-02,4.718468,-1.19607872e-01,2.71071622e-03
0.567250,7.82471205e-02,7.07471205e-02,4.716475,-1.19618590e-01,2.66493419e-03
0.567500,7.82172134e-02,7.07172134e-02,4.714481,-1.19628571e-01,2.70852713e-03
0.567750,7.81873033e-02,7.06873033e-02,4.712487,-1.19640384e-01,2.79118818e-03
0.568000,7.81573921e-02,7.06573921e-02,4.710493,-1.19644963e-01,2.77746710e-03
0.568250,7.81274812e-02,7.06274812e-02,4.708499,-1.19643363e-01,2.79380053e-03
0.568500,7.80975707e-02,7.05975707e-02,4.706505,-1.19642166e-01,2.80714106e-03
0.568750,7.80676609e-02,7.05676609e-02,4.704511,-1.19639039e-01,2.75236870e-03
0.569000,7.80377516e-02,7.05377516e-02,4.702517,-1.19637238e-01,2.71659196e-03
0.569250,7.80078412e-02,7.05078412e-02,4.700523,-1.19641515e-01,2.74917520e-03
0.569500,7.79779294e-02,7.04779294e-02,4.698529,-1.19647290e-01,2.69781723e-03
0.569750,7.79480162e-02,7.04480162e-02,4.696534,-1.19652660e-01,2.68614314e-03
0.570000,7.79181005e-02,7.04181005e-02,4.694540,-1.19662763e-01,2.66271343e-03
0.570250,7.78881818e-02,7.03881818e-02,4.692545,-1.19674860e-01,2.64066856e-03
0.570500,7.78582594e-02,7.03582594e-02,4.690551,-1.19689855e-01,2.70134274e-03
0.570750,7.78283334e-02,7.03283334e-02,4.688556,-1.19703978e-01,2.71054541e-03
0.571000,7.77984052e-02,7.02984052e-02,4.686560,-1.19712712e-01,2.67674557e-03
0.571250,7.77684747e-02,7.02684747e-02,4.684565,-1.19722185e-01,2.66538727e-03
0.571500,7.77385409e-02,7.02385409e-02,4.682569,-1.19734935e-01,2.70679928e-03
0.571750,7.77086042e-02,7.02086042e-02,4.680574,-1.19746787e-01,2.71698682e-03
0.572000,7.76786655e-02,7.01786655e-02,4.678578,-1.19754789e-01,2.66919199e-03
0.572250,7.76487245e-02,7.01487245e-02,4.676582,-1.19764067e-01,2.74175456e-03
0.572500,7.76187810e-02,7.01187810e-02,4.674585,-1.19774062e-01,2.78561850e-03
0.572750,7.75888370e-02,7.00888370e-02,4.672589,-1.19776159e-01,2.80743082e-03
0.573000,7.75588935e-02,7.00588935e-02,4.670593,-1.19773691e-01,2.81657995e-03
0.573250,7.75289513e-02,7.00289513e-02,4.668597,-1.19769027e-01,2.71782182e-03
0.573500,7.74990093e-02,6.99990093e-02,4.666601,-1.19767978e-01,2.72063018e-03
0.573750,7.74690655e-02,6.99690655e-02,4.664604,-1.19774914e-01,2.75617946e-03
0.574000,7.74391205e-02,6.99391205e-02,4.662608,-1.19780047e-01,2.79870893e-03
0.574250,7.74091754e-02,6.99091754e-02,4.660612,-1.19780382e-01,2.68254093e-03
0.574500,7.73792299e-02,6.98792299e-02,4.658615,-1.19782360e-01,2.64440404e-03
0.574750,7.73492810e-02,6.98492810e-02,4.656619,-1.19795562e-01,2.62813457e-03
0.575000,7.73193278e-02,6.98193278e-02,4.654622,-1.19812615e-01,2.59975801e-03
0.575250,7.72893697e-02,6.97893697e-02,4.652625,-1.19832258e-01,2.70447976e-03
0.575500,7.72594073e-02,6.97594073e-02,4.650627,-1.19849601e-01,2.69616660e-03
0.575750,7.72294427e-02,6.97294427e-02,4.648630,-1.19858713e-01,2.67074318e-03
0.576000,7.71994753e-02,6.96994753e-02,4.646632,-1.19869632e-01,2.65722498e-03
0.576250,7.71695044e-02,6.96695044e-02,4.644634,-1.19883236e-01,2.70010947e-03
0.576500,7.71395304e-02,6.96395304e-02,4.642635,-1.19896054e-01,2.68916921e-03
0.576750,7.71095540e-02,6.96095540e-02,4.640637,-1.19905835e-01,2.72189615e-03
0.577000,7.70795752e-02,6.95795752e-02,4.638638,-1.19915067e-01,2.77078420e-03
0.577250,7.70495953e-02,6.95495953e-02,4.636640,-1.19919451e-01,2.77787183e-03
0.577500,7.70196155e-02,6.95196155e-02,4.634641,-1.19919507e-01,2.80269384e-03
0.577750,7.69896360e-02,6.94896360e-02,4.632642,-1.19917884e-01,2.82023521e-03
0.578000,7.69596576e-02,6.94596576e-02,4.630644,-1.19913448e-01,2.75758639e-03
0.578250,7.69296801e-02,6.94296801e-02,4.628645,-1.19910341e-01,2.71103458e-03
0.578500,7.68997014e-02,6.93997014e-02,4.626647,-1.19914436e-01,2.72040982e-03
0.578750,7.68697210e-02,6.93697210e-02,4.624648,-1.19921939e-01,2.71751876e-03
0.579000,7.68397388e-02,6.93397388e-02,4.622649,-1.19928800e-01,2.70754680e-03
0.579250,7.68097547e-02,6.93097547e-02,4.620650,-1.19936338e-01,2.65006108e-03
0.579500,7.67797679e-02,6.92797679e-02,4.618651,-1.19947237e-01,2.62887673e-03
0.579750,7.67497769e-02,6.92497769e-02,4.616652,-1.19963793e-01,2.67187230e-03
0.580000,7.67197819e-02,6.92197819e-02,4.614652,-1.19980187e-01,2.73774901e-03
0.580250,7.66897843e-02,6.91897843e-02,4.612652,-1.19990138e-01,2.67846575e-03
0.580500,7.66597850e-02,6.91597850e-02,4.610652,-1.19997301e-01,2.67471794e-03
0.580750,7.66297826e-02,6.91297826e-02,4.608652,-1.20009498e-01,2.69990626e-03
0.581000,7.65997774e-02,6.90997774e-02,4.606652,-1.20020889e-01,2.72624481e-03
0.581250,7.65697701e-02,6.90697701e-02,4.604651,-1.20029047e-01,2.66504099e-03
0.581500,7.65397607e-02,6.90397607e-02,4.602651,-1.20037749e-01,2.74310176e-03
0.581750,7.65097487e-02,6.90097487e-02,4.600650,-1.20048024e-01,2.78810419e-03
0.582000,7.64797362e-02,6.89797362e-02,4.598649,-1.20049901e-01,2.79344935e-03
0.582250,7.64497243e-02,6.89497243e-02,4.596648,-1.20047847e-01,2.83030246e-03
0.582500,7.64197133e-02,6.89197133e-02,4.594648,-1.20043725e-01,2.71929703e-03
0.582750,7.63897030e-02,6.88897030e-02,4.592647,-1.20041484e-01,2.72969769e-03
0.583000,7.63596910e-02,6.88596910e-02,4.590646,-1.20047898e-01,2.75257441e-03
0.583250,7.63296779e-02,6.88296779e-02,4.588645,-1.20052446e-01,2.80275835e-03
0.583500,7.62996647e-02,6.87996647e-02,4.586644,-1.20052897e-01,2.69873652e-03
0.583750,7.62696512e-02,6.87696512e-02,4.584643,-1.20053827e-01,2.66178654e-03
0.584000,7.62396350e-02,6.87396350e-02,4.582642,-1.20064931e-01,2.62817731e-03
0.584250,7.62096148e-02,6.87096148e-02,4.580641,-1.20080555e-01,2.59727630e-03
0.584500,7.61795898e-02,6.86795898e-02,4.578639,-1.20100304e-01,2.70536417e-03
0.584750,7.61495603e-02,6.86495603e-02,4.576637,-1.20117811e-01,2.70268738e-03
0.585000,7.61195287e-02,6.86195287e-02,4.574635,-1.20126563e-01,2.67632832e-03
0.585250,7.60894945e-02,6.85894945e-02,4.572633,-1.20136700e-01,2.65994955e-03
0.585500,7.60594571e-02,6.85594571e-02,4.570630,-1.20149725e-01,2.69544464e-03
0.585750,7.60294164e-02,6.85294164e-02,4.568628,-1.20162525e-01,2.66817070e-03
0.586000,7.59993730e-02,6.84993730e-02,4.566625,-1.20173617e-01,2.73137907e-03
0.586250,7.59693270e-02,6.84693270e-02,4.564622,-1.20184154e-01,2.78833218e-03
0.586500,7.59392802e-02,6.84392802e-02,4.562619,-1.20186983e-01,2.78664127e-03
0.586750,7.59092339e-02,6.84092339e-02,4.560616,-1.20185211e-01,2.80339865e-03
0.587000,7.58791882e-02,6.83791882e-02,4.558613,-1.20182838e-01,2.82004060e-03
0.587250,7.58491436e-02,6.83491436e-02,4.556610,-1.20178352e-01,2.75992214e-03
0.587500,7.58190998e-02,6.83190998e-02,4.554607,-1.20175158e-01,2.71719664e-03
0.587750,7.57890551e-02,6.82890551e-02,4.552604,-1.20178789e-01,2.72427143e-03
0.588000,7.57590087e-02,6.82590087e-02,4.550601,-1.20185615e-01,2.71939801e-03
0.588250,7.57289607e-02,6.82289607e-02,4.548597,-1.20192075e-01,2.70168953e-03
0.588500,7.56989108e-02,6.81989108e-02,4.546594,-1.20199718e-01,2.65323253e-03
0.588750,7.56688581e-02,6.81688581e-02,4.544591,-1.20210958e-01,2.63489059e-03
0.589000,7.56388013e-02,6.81388013e-02,4.542587,-1.20226987e-01,2.67630048e-03
0.589250,7.56087406e-02,6.81087406e-02,4.540583,-1.20242692e-01,2.73955070e-03
0.589500,7.55786776e-02,6.80786776e-02,4.538579,-1.20252200e-01,2.67911991e-03
0.589750,7.55486128e-02,6.80486128e-02,4.536574,-1.20259186e-01,2.68511666e-03
0.590000,7.55185451e-02,6.80185451e-02,4.534570,-1.20270870e-01,2.70134897e-03
0.590250,7.54884747e-02,6.79884747e-02,4.532565,-1.20281343e-01,2.72556634e-03
0.590500,7.54584024e-02,6.79584024e-02,4.530560,-1.20289413e-01,2.67685362e-03
0.590750,7.54283280e-02,6.79283280e-02,4.528555,-1.20297648e-01,2.75198852e-03
0.591000,7.53982513e-02,6.78982513e-02,4.526550,-1.20306560e-01,2.78394289e-03
0.591250,7.53681744e-02,6.78681744e-02,4.524545,-1.20307892e-01,2.78888995e-03
0.591500,7.53380978e-02,6.78380978e-02,4.522540,-1.20306381e-01,2.83043938e-03
0.591750,7.53080221e-02,6.78080221e-02,4.520535,-1.20302627e-01,2.72351036e-03
0.592000,7.52779471e-02,6.77779471e-02,4.518530,-1.20300189e-01,2.73378572e-03
0.592250,7.52478705e-02,6.77478705e-02,4.516525,-1.20306075e-01,2.76615694e-03
0.592500,7.52177931e-02,6.77177931e-02,4.514520,-1.20309688e-01,2.80503188e-03
0.592750,7.51877159e-02,6.76877159e-02,4.512514,-1.20308923e-01,2.68810926e-03
0.593000,7.51576384e-02,6.76576384e-02,4.510509,-1.20310136e-01,2.65881726e-03
0.593250,7.51275578e-02,6.76275578e-02,4.508504,-1.20322244e-01,2.63514662e-03
0.593500,7.50974733e-02,6.75974733e-02,4.506498,-1.20337803e-01,2.60129669e-03
0.593750,7.50673841e-02,6.75673841e-02,4.504492,-1.20356802e-01,2.70739993e-03
0.594000,7.50372907e-02,6.75372907e-02,4.502486,-1.20373890e-01,2.70086038e-03
0.594250,7.50071950e-02,6.75071950e-02,4.500480,-1.20382555e-01,2.67614188e-03
0.594500,7.49770968e-02,6.74770968e-02,4.498473,-1.20392850e-01,2.66215690e-03
0.594750,7.49469954e-02,6.74469954e-02,4.496466,-1.20405793e-01,2.71310199e-03
0.595000,7.49168910e-02,6.74168910e-02,4.494459,-1.20417632e-01,2.69229393e-03
0.595250,7.48867844e-02,6.73867844e-02,4.492452,-1.20426207e-01,2.72244062e-03
0.595500,7.48566756e-02,6.73566756e-02,4.490445,-1.20435159e-01,2.77340611e-03
0.595750,7.48265658e-02,6.73265658e-02,4.488438,-1.20439382e-01,2.78329468e-03
0.596000,7.47964560e-02,6.72964560e-02,4.486430,-1.20438983e-01,2.80735526e-03
0.596250,7.47663469e-02,6.72663469e-02,4.484423,-1.20436709e-01,2.82451689e-03
0.596500,7.47362389e-02,6.72362389e-02,4.482416,-1.20431701e-01,2.77358369e-03
0.596750,7.47061320e-02,6.72061320e-02,4.480409,-1.20427536e-01,2.71175212e-03
0.597000,7.46760245e-02,6.71760245e-02,4.478402,-1.20430285e-01,2.72846815e-03
0.597250,7.46459151e-02,6.71459151e-02,4.476394,-1.20437373e-01,2.71760311e-03
0.597500,7.46158042e-02,6.71158042e-02,4.474387,-1.20443568e-01,2.70823072e-03
0.597750,7.45856915e-02,6.70856915e-02,4.472379,-1.20451070e-01,2.67202754e-03
0.598000,7.45555762e-02,6.70555762e-02,4.470372,-1.20460941e-01,2.63657855e-03
0.598250,7.45254574e-02,6.70254574e-02,4.468364,-1.20475353e-01,2.70529689e-03
0.598500,7.44953350e-02,6.69953350e-02,4.466356,-1.20489636e-01,2.72158904e-03
0.598750,7.44652106e-02,6.69652106e-02,4.464347,-1.20497558e-01,2.67743318e-03
0.599000,7.44350841e-02,6.69350841e-02,4.462339,-1.20506094e-01,2.68295475e-03
0.599250,7.44049546e-02,6.69049546e-02,4.460330,-1.20518011e-01,2.71541053e-03
0.599500,7.43748226e-02,6.68748226e-02,4.458322,-1.20528040e-01,2.72602955e-03
0.599750,7.43446888e-02,6.68446888e-02,4.456313,-1.20534935e-01,2.67303053e-03
0.600000,7.43145530e-02,6.68145530e-02,4.454304,-1.20543301e-01,2.74590603e-03
0.600250,7.42844148e-02,6.67844148e-02,4.452294,-1.20552797e-01,2.79851943e-03
0.600500,7.42542763e-02,6.67542763e-02,4.450285,-1.20553983e-01,2.81422579e-03
0.600750,7.42241388e-02,6.67241388e-02,4.448276,-1.20550155e-01,2.81941840e-03
0.601000,7.41940026e-02,6.66940026e-02,4.446267,-1.20544808e-01,2.72952690e-03
0.601250,7.41638668e-02,6.66638668e-02,4.444258,-1.20543009e-01,2.72430881e-03
0.601500,7.41337296e-02,6.66337296e-02,4.442249,-1.20548821e-01,2.76368999e-03
0.601750,7.41035913e-02,6.66035913e-02,4.440239,-1.20553320e-01,2.80224744e-03
0.602000,7.40734531e-02,6.65734531e-02,4.438230,-1.20552881e-01,2.68272876e-03
0.602250,7.40433144e-02,6.65433144e-02,4.436221,-1.20554561e-01,2.65240505e-03
0.602500,7.40131726e-02,6.65131726e-02,4.434212,-1.20567394e-01,2.64748268e-03
0.602750,7.39830268e-02,6.64830268e-02,4.432202,-1.20582934e-01,2.61089153e-03
0.603000,7.39528767e-02,6.64528767e-02,4.430192,-1.20600496e-01,2.70065350e-03
0.603250,7.39227224e-02,6.64227224e-02,4.428181,-1.20617094e-01,2.69168718e-03
0.603500,7.38925658e-02,6.63925658e-02,4.426171,-1.20626719e-01,2.66912691e-03
0.603750,7.38624062e-02,6.63624062e-02,4.424160,-1.20638077e-01,2.68286603e-03
0.604000,7.38322436e-02,6.63322436e-02,4.422150,-1.20650680e-01,2.71835925e-03
0.604250,7.38020784e-02,6.63020784e-02,4.420139,-1.20660586e-01,2.67942455e-03
0.604500,7.37719111e-02,6.62719111e-02,4.418127,-1.20669299e-01,2.72161325e-03
0.604750,7.37417413e-02,6.62417413e-02,4.416116,-1.20679344e-01,2.79563992e-03
0.605000,7.37115706e-02,6.62115706e-02,4.414105,-1.20682652e-01,2.78572939e-03
0.605250,7.36814005e-02,6.61814005e-02,4.412093,-1.20680321e-01,2.81169759e-03
0.605500,7.36512311e-02,6.61512311e-02,4.410082,-1.20677655e-01,2.80809074e-03
0.605750,7.36210628e-02,6.61210628e-02,4.408071,-1.20673016e-01,2.74998261e-03
0.606000,7.35908950e-02,6.60908950e-02,4.406060,-1.20671242e-01,2.75007865e-03
0.606250,7.35607265e-02,6.60607265e-02,4.404048,-1.20674236e-01,2.78928558e-03
0.606500,7.35305576e-02,6.60305576e-02,4.402037,-1.20675487e-01,2.69002282e-03
0.606750,7.35003881e-02,6.60003881e-02,4.400026,-1.20677909e-01,2.68019713e-03
0.607000,7.34702159e-02,6.59702159e-02,4.398014,-1.20688914e-01,2.66195889e-03
0.607250,7.34400405e-02,6.59400405e-02,4.396003,-1.20701533e-01,2.64773579e-03
0.607500,7.34098614e-02,6.59098614e-02,4.393991,-1.20716277e-01,2.71566690e-03
0.607750,7.33796792e-02,6.58796792e-02,4.391979,-1.20729187e-01,2.73913650e-03
0.608000,7.33494953e-02,6.58494953e-02,4.389966,-1.20735481e-01,2.67395527e-03
0.608250,7.33193096e-02,6.58193096e-02,4.387954,-1.20742730e-01,2.67364676e-03
0.608500,7.32891208e-02,6.57891208e-02,4.385941,-1.20755344e-01,2.72385950e-03
0.608750,7.32589293e-02,6.57589293e-02,4.383929,-1.20765764e-01,2.72491262e-03
0.609000,7.32287363e-02,6.57287363e-02,4.381916,-1.20772015e-01,2.68712103e-03
0.609250,7.31985414e-02,6.56985414e-02,4.379903,-1.20779849e-01,2.74592601e-03
0.609500,7.31683443e-02,6.56683443e-02,4.377890,-1.20788187e-01,2.79149390e-03
0.609750,7.31381469e-02,6.56381469e-02,4.375876,-1.20789682e-01,2.82498073e-03
0.610000,7.31079504e-02,6.56079504e-02,4.373863,-1.20785956e-01,2.83627031e-03
0.610250,7.30777557e-02,6.55777557e-02,4.371850,-1.20778981e-01,2.76535757e-03
0.610500,7.30475621e-02,6.55475621e-02,4.369837,-1.20774214e-01,2.71554215e-03
0.610750,7.30173677e-02,6.55173677e-02,4.367825,-1.20777472e-01,2.74618304e-03
0.611000,7.29871719e-02,6.54871719e-02,4.365811,-1.20783465e-01,2.76195788e-03
0.611250,7.29569753e-02,6.54569753e-02,4.363798,-1.20786245e-01,2.69215169e-03
0.611500,7.29267776e-02,6.54267776e-02,4.361785,-1.20790815e-01,2.66089700e-03
0.611750,7.28965770e-02,6.53965770e-02,4.359772,-1.20802499e-01,2.63691071e-03
0.612000,7.28663725e-02,6.53663725e-02,4.357758,-1.20817810e-01,2.61190020e-03
0.612250,7.28361635e-02,6.53361635e-02,4.355744,-1.20836195e-01,2.74206768e-03
0.612500,7.28059508e-02,6.53059508e-02,4.353730,-1.20850880e-01,2.68178494e-03
0.612750,7.27757364e-02,6.52757364e-02,4.351716,-1.20857542e-01,2.67886399e-03
0.613000,7.27455191e-02,6.52455191e-02,4.349701,-1.20869283e-01,2.67333758e-03
0.613250,7.27152987e-02,6.52152987e-02,4.347687,-1.20881508e-01,2.70962079e-03
0.613500,7.26850755e-02,6.51850755e-02,4.345672,-1.20892582e-01,2.67378402e-03
0.613750,7.26548500e-02,6.51548500e-02,4.343657,-1.20902262e-01,2.75185602e-03
0.614000,7.26246221e-02,6.51246221e-02,4.341641,-1.20911433e-01,2.80711739e-03
0.614250,7.25943942e-02,6.50943942e-02,4.339626,-1.20911751e-01,2.79153066e-03
0.614500,7.25641671e-02,6.50641671e-02,4.337611,-1.20908220e-01,2.85187365e-03
0.614750,7.25339413e-02,6.50339413e-02,4.335596,-1.20903302e-01,2.77749596e-03
0.615000,7.25037171e-02,6.50037171e-02,4.333581,-1.20896717e-01,2.72306725e-03
0.615250,7.24734924e-02,6.49734924e-02,4.331566,-1.20898645e-01,2.72902902e-03
0.615500,7.24432663e-02,6.49432663e-02,4.329551,-1.20904779e-01,2.79070706e-03
0.615750,7.24130393e-02,6.49130393e-02,4.327536,-1.20907696e-01,2.74378520e-03
0.616000,7.23828124e-02,6.48828124e-02,4.325521,-1.20907624e-01,2.67681605e-03
0.616250,7.23525838e-02,6.48525838e-02,4.323506,-1.20914365e-01,2.62653524e-03
0.616500,7.23223516e-02,6.48223516e-02,4.321490,-1.20928827e-01,2.62107899e-03
0.616750,7.22921147e-02,6.47921147e-02,4.319474,-1.20947659e-01,2.75255234e-03
0.617000,7.22618744e-02,6.47618744e-02,4.317458,-1.20961126e-01,2.74490135e-03
0.617250,7.22316334e-02,6.47316334e-02,4.315442,-1.20964137e-01,2.70415085e-03
0.617500,7.22013910e-02,6.47013910e-02,4.313426,-1.20969578e-01,2.67643833e-03
0.617750,7.21711461e-02,6.46711461e-02,4.311410,-1.20979589e-01,2.73135684e-03
0.618000,7.21408987e-02,6.46408987e-02,4.309393,-1.20989448e-01,2.71020807e-03
0.618250,7.21106498e-02,6.46106498e-02,4.307377,-1.20995733e-01,2.72302729e-03
0.618500,7.20803990e-02,6.45803990e-02,4.305360,-1.21003188e-01,2.78686140e-03
0.618750,7.20501473e-02,6.45501473e-02,4.303343,-1.21006768e-01,2.76362021e-03
0.619000,7.20198958e-02,6.45198958e-02,4.301326,-1.21006135e-01,2.80276075e-03
0.619250,7.19896444e-02,6.44896444e-02,4.299310,-1.21005679e-01,2.80777242e-03
0.619500,7.19593939e-02,6.44593939e-02,4.297293,-1.21001788e-01,2.78485244e-03
0.619750,7.19291443e-02,6.44291443e-02,4.295276,-1.20998499e-01,2.74595099e-03
0.620000,7.18988946e-02,6.43988946e-02,4.293260,-1.20998812e-01,2.75944379e-03
0.620250,7.18686442e-02,6.43686442e-02,4.291243,-1.21001722e-01,2.71637807e-03
0.620500,7.18383928e-02,6.43383928e-02,4.289226,-1.21005428e-01,2.68889821e-03
0.620750,7.18081393e-02,6.43081393e-02,4.287209,-1.21013885e-01,2.68220565e-03
0.621000,7.17778831e-02,6.42778831e-02,4.285192,-1.21024894e-01,2.63482133e-03
0.621250,7.17476235e-02,6.42476235e-02,4.283175,-1.21038548e-01,2.67190508e-03
0.621500,7.17173599e-02,6.42173599e-02,4.281157,-1.21054452e-01,2.70563933e-03
0.621750,7.16870934e-02,6.41870934e-02,4.279140,-1.21065820e-01,2.65521060e-03
0.622000,7.16568242e-02,6.41568242e-02,4.277122,-1.21076648e-01,2.68829281e-03
0.622250,7.16265517e-02,6.41265517e-02,4.275103,-1.21090154e-01,2.68391634e-03
0.622500,7.15962764e-02,6.40962764e-02,4.273085,-1.21101137e-01,2.70419376e-03
0.622750,7.15659985e-02,6.40659985e-02,4.271067,-1.21111583e-01,2.71296918e-03
0.623000,7.15357185e-02,6.40357185e-02,4.269048,-1.21119976e-01,2.76528456e-03
0.623250,7.15054372e-02,6.40054372e-02,4.267029,-1.21125336e-01,2.82141432e-03
0.623500,7.14751562e-02,6.39751562e-02,4.265010,-1.21123919e-01,2.79857087e-03
0.623750,7.14448765e-02,6.39448765e-02,4.262992,-1.21118903e-01,2.81914860e-03
0.624000,7.14145978e-02,6.39145978e-02,4.260973,-1.21114854e-01,2.75854937e-03
0.624250,7.13843198e-02,6.38843198e-02,4.258955,-1.21111794e-01,2.72243387e-03
0.624500,7.13540410e-02,6.38540410e-02,4.256936,-1.21115305e-01,2.73681283e-03
0.624750,7.13237607e-02,6.38237607e-02,4.254917,-1.21121147e-01,2.78675408e-03
0.625000,7.12934798e-02,6.37934798e-02,4.252899,-1.21123600e-01,2.72414126e-03
0.625250,7.12631986e-02,6.37631986e-02,4.250880,-1.21124721e-01,2.65606235e-03
0.625500,7.12329151e-02,6.37329151e-02,4.248861,-1.21133992e-01,2.63754981e-03
0.625750,7.12026277e-02,6.37026277e-02,4.246842,-1.21149671e-01,2.62534785e-03
0.626000,7.11723359e-02,6.36723359e-02,4.244822,-1.21167410e-01,2.75289033e-03
0.626250,7.11420407e-02,6.36420407e-02,4.242803,-1.21180511e-01,2.72904936e-03
0.626500,7.11117447e-02,6.36117447e-02,4.240783,-1.21184195e-01,2.70098703e-03
0.626750,7.10814469e-02,6.35814469e-02,4.238763,-1.21191078e-01,2.70782748e-03
0.627000,7.10511469e-02,6.35511469e-02,4.236743,-1.21199961e-01,2.73719247e-03
0.627250,7.10208452e-02,6.35208452e-02,4.234723,-1.21206985e-01,2.68173436e-03
0.627500,7.09905417e-02,6.34905417e-02,4.232703,-1.21214050e-01,2.72257035e-03
0.627750,7.09602357e-02,6.34602357e-02,4.230682,-1.21223863e-01,2.78465999e-03
0.628000,7.09299288e-02,6.34299288e-02,4.228662,-1.21227578e-01,2.78309741e-03
0.628250,7.08996222e-02,6.33996222e-02,4.226641,-1.21226264e-01,2.84836201e-03
0.628500,7.08693167e-02,6.33693167e-02,4.224621,-1.21222193e-01,2.77481227e-03
0.628750,7.08390127e-02,6.33390127e-02,4.222601,-1.21216015e-01,2.76296007e-03
0.629000,7.08087086e-02,6.33087086e-02,4.220581,-1.21216400e-01,2.77112002e-03
0.629250,7.07784042e-02,6.32784042e-02,4.218560,-1.21217398e-01,2.81091255e-03
0.629500,7.07481002e-02,6.32481002e-02,4.216540,-1.21215966e-01,2.68888586e-03
0.629750,7.07177961e-02,6.32177961e-02,4.214520,-1.21216662e-01,2.66528321e-03
0.630000,7.06874890e-02,6.31874890e-02,4.212499,-1.21228420e-01,2.65081736e-03
0.630250,7.06571783e-02,6.31571783e-02,4.210479,-1.21242756e-01,2.62670788e-03
0.630500,7.06268635e-02,6.31268635e-02,4.208458,-1.21259345e-01,2.71698826e-03
0.630750,7.05965450e-02,6.30965450e-02,4.206436,-1.21273922e-01,2.70363096e-03
0.631000,7.05662246e-02,6.30662246e-02,4.204415,-1.21281678e-01,2.64021617e-03
0.631250,7.05359012e-02,6.30359012e-02,4.202393,-1.21293333e-01,2.69237133e-03
0.631500,7.05055742e-02,6.30055742e-02,4.200372,-1.21307890e-01,2.71788115e-03
0.631750,7.04752450e-02,6.29752450e-02,4.198350,-1.21317036e-01,2.69726169e-03
0.632000,7.04449137e-02,6.29449137e-02,4.196328,-1.21325000e-01,2.74232088e-03
0.632250,7.04145806e-02,6.29145806e-02,4.194305,-1.21332665e-01,2.79060199e-03
0.632500,7.03842469e-02,6.28842469e-02,4.192283,-1.21334496e-01,2.79963471e-03
0.632750,7.03539140e-02,6.28539140e-02,4.190261,-1.21331963e-01,2.82177205e-03
0.633000,7.03235820e-02,6.28235820e-02,4.188239,-1.21327710e-01,2.84246478e-03
0.633250,7.02932518e-02,6.27932518e-02,4.186217,-1.21320724e-01,2.77183681e-03
0.633500,7.02629231e-02,6.27629231e-02,4.184195,-1.21315162e-01,2.72348492e-03
0.633750,7.02325937e-02,6.27325937e-02,4.182173,-1.21317537e-01,2.72359283e-03
0.634000,7.02022627e-02,6.27022627e-02,4.180151,-1.21323877e-01,2.73317484e-03
0.634250,7.01719303e-02,6.26719303e-02,4.178129,-1.21329784e-01,2.72686853e-03
0.634500,7.01415965e-02,6.26415965e-02,4.176106,-1.21335183e-01,2.68515555e-03
0.634750,7.01112607e-02,6.26112607e-02,4.174084,-1.21342944e-01,2.63588714e-03
0.635000,7.00809217e-02,6.25809217e-02,4.172061,-1.21356308e-01,2.71458582e-03
0.635250,7.00505791e-02,6.25505791e-02,4.170039,-1.21370238e-01,2.73531113e-03
0.635500,7.00202349e-02,6.25202349e-02,4.168016,-1.21376790e-01,2.70059786e-03
0.635750,6.99898891e-02,6.24898891e-02,4.165993,-1.21383175e-01,2.68937681e-03
0.636000,6.99595409e-02,6.24595409e-02,4.163969,-1.21392907e-01,2.71721853e-03
0.636250,6.99291903e-02,6.24291903e-02,4.161946,-1.21402329e-01,2.73127883e-03
0.636500,6.98988381e-02,6.23988381e-02,4.159923,-1.21408843e-01,2.69154056e-03
0.636750,6.98684841e-02,6.23684841e-02,4.157899,-1.21415960e-01,2.74816932e-03
0.637000,6.98381281e-02,6.23381281e-02,4.155875,-1.21423835e-01,2.80127539e-03
0.637250,6.98077720e-02,6.23077720e-02,4.153851,-1.21424714e-01,2.81939029e-03
0.637500,6.97774168e-02,6.22774168e-02,4.151828,-1.21420432e-01,2.83177226e-03
0.637750,6.97470633e-02,6.22470633e-02,4.149804,-1.21414114e-01,2.74091934e-03
0.638000,6.97167106e-02,6.22167106e-02,4.147781,-1.21410797e-01,2.74025573e-03
0.638250,6.96863569e-02,6.21863569e-02,4.145757,-1.21414969e-01,2.77627918e-03
0.638500,6.96560025e-02,6.21560025e-02,4.143733,-1.21417602e-01,2.79661519e-03
0.638750,6.96256484e-02,6.21256484e-02,4.141710,-1.21416379e-01,2.69655354e-03
0.639000,6.95952939e-02,6.20952939e-02,4.139686,-1.21417910e-01,2.65621920e-03
0.639250,6.95649365e-02,6.20649365e-02,4.137662,-1.21429439e-01,2.64123348e-03
0.639500,6.95345753e-02,6.20345753e-02,4.135638,-1.21444942e-01,2.61563759e-03
0.639750,6.95042096e-02,6.20042096e-02,4.133614,-1.21462808e-01,2.70774982e-03
0.640000,6.94738399e-02,6.19738399e-02,4.131589,-1.21478702e-01,2.70098833e-03
0.640250,6.94434681e-02,6.19434681e-02,4.129565,-1.21487333e-01,2.69722246e-03
0.640500,6.94130939e-02,6.19130939e-02,4.127540,-1.21496686e-01,2.69252095e-03
0.640750,6.93827173e-02,6.18827173e-02,4.125514,-1.21506555e-01,2.71439691e-03
0.641000,6.93523383e-02,6.18523383e-02,4.123489,-1.21515844e-01,2.68047577e-03
0.641250,6.93219571e-02,6.18219571e-02,4.121464,-1.21524836e-01,2.75741882e-03
0.641500,6.92915738e-02,6.17915738e-02,4.119438,-1.21533211e-01,2.81984484e-03
0.641750,6.92611907e-02,6.17611907e-02,4.117413,-1.21532509e-01,2.78522766e-03
0.642000,6.92308086e-02,6.17308086e-02,4.115387,-1.21528213e-01,2.86284625e-03
0.642250,6.92004278e-02,6.17004278e-02,4.113362,-1.21523326e-01,2.79178037e-03
0.642500,6.91700490e-02,6.16700490e-02,4.111337,-1.21515209e-01,2.73326733e-03
0.642750,6.91396701e-02,6.16396701e-02,4.109311,-1.21515514e-01,2.73475288e-03
0.643000,6.91092900e-02,6.16092900e-02,4.107286,-1.21520557e-01,2.79572898e-03
0.643250,6.90789093e-02,6.15789093e-02,4.105261,-1.21522782e-01,2.75966682e-03
0.643500,6.90485289e-02,6.15485289e-02,4.103235,-1.21521596e-01,2.68105981e-03
0.643750,6.90181472e-02,6.15181472e-02,4.101210,-1.21526845e-01,2.64027095e-03
0.644000,6.89877621e-02,6.14877621e-02,4.099184,-1.21540351e-01,2.62440782e-03
0.644250,6.89573726e-02,6.14573726e-02,4.097158,-1.21557908e-01,2.75140366e-03
0.644500,6.89269798e-02,6.14269798e-02,4.095132,-1.21571153e-01,2.74608814e-03
0.644750,6.88965863e-02,6.13965863e-02,4.093106,-1.21574206e-01,2.70107652e-03
0.645000,6.88661914e-02,6.13661914e-02,4.091079,-1.21579685e-01,2.68538869e-03
0.645250,6.88357940e-02,6.13357940e-02,4.089053,-1.21589553e-01,2.75243586e-03
0.645500,6.88053945e-02,6.13053945e-02,4.087026,-1.21597746e-01,2.72367949e-03
0.645750,6.87749941e-02,6.12749941e-02,4.085000,-1.21601705e-01,2.71989352e-03
0.646000,6.87445921e-02,6.12445921e-02,4.082973,-1.21608192e-01,2.78410593e-03
0.646250,6.87141890e-02,6.12141890e-02,4.080946,-1.21612151e-01,2.76840032e-03
0.646500,6.86837861e-02,6.11837861e-02,4.078919,-1.21611532e-01,2.82118401e-03
0.646750,6.86533837e-02,6.11533837e-02,4.076892,-1.21609870e-01,2.80743916e-03
0.647000,6.86229825e-02,6.11229825e-02,4.074866,-1.21604481e-01,2.80096984e-03
0.647250,6.85925824e-02,6.10925824e-02,4.072839,-1.21600507e-01,2.75008121e-03
0.647500,6.85621826e-02,6.10621826e-02,4.070812,-1.21599314e-01,2.78913627e-03
0.647750,6.85317824e-02,6.10317824e-02,4.068785,-1.21600572e-01,2.69310623e-03
0.648000,6.85013817e-02,6.10013817e-02,4.066759,-1.21602869e-01,2.68805638e-03
0.648250,6.84709784e-02,6.09709784e-02,4.064732,-1.21613274e-01,2.69052875e-03
0.648500,6.84405724e-02,6.09405724e-02,4.062705,-1.21623984e-01,2.63810237e-03
0.648750,6.84101632e-02,6.09101632e-02,4.060678,-1.21636809e-01,2.69108213e-03
0.649000,6.83797503e-02,6.08797503e-02,4.058650,-1.21651596e-01,2.71296732e-03
0.649250,6.83493350e-02,6.08493350e-02,4.056622,-1.21661066e-01,2.65185315e-03
0.649500,6.83189172e-02,6.08189172e-02,4.054594,-1.21671441e-01,2.69311161e-03
0.649750,6.82884959e-02,6.07884959e-02,4.052566,-1.21685009e-01,2.70828631e-03
0.650000,6.82580723e-02,6.07580723e-02,4.050538,-1.21694519e-01,2.70256824e-03
0.650250,6.82276465e-02,6.07276465e-02,4.048510,-1.21703036e-01,2.72964214e-03
0.650500,6.81972188e-02,6.06972188e-02,4.046481,-1.21710826e-01,2.78693520e-03
0.650750,6.81667904e-02,6.06667904e-02,4.044453,-1.21713859e-01,2.80907823e-03
0.651000,6.81363626e-02,6.06363626e-02,4.042424,-1.21711210e-01,2.80757920e-03
0.651250,6.81059359e-02,6.06059359e-02,4.040396,-1.21706809e-01,2.84045501e-03
0.651500,6.80755106e-02,6.05755106e-02,4.038367,-1.21701078e-01,2.78416584e-03
0.651750,6.80450868e-02,6.05450868e-02,4.036339,-1.21695136e-01,2.72609608e-03
0.652000,6.80146627e-02,6.05146627e-02,4.034311,-1.21696383e-01,2.73157405e-03
0.652250,6.79842372e-02,6.04842372e-02,4.032282,-1.21702155e-01,2.74201702e-03
0.652500,6.79538104e-02,6.04538104e-02,4.030254,-1.21707016e-01,2.72037060e-03
0.652750,6.79233824e-02,6.04233824e-02,4.028225,-1.21711977e-01,2.68530811e-03
0.653000,6.78929524e-02,6.03929524e-02,4.026197,-1.21720264e-01,2.64375527e-03
0.653250,6.78625190e-02,6.03625190e-02,4.024168,-1.21733268e-01,2.67502429e-03
0.653500,6.78320820e-02,6.03320820e-02,4.022139,-1.21748301e-01,2.76574436e-03
0.653750,6.78016428e-02,6.03016428e-02,4.020110,-1.21756756e-01,2.70557648e-03
0.654000,6.77712027e-02,6.02712027e-02,4.018080,-1.21760422e-01,2.69561671e-03
0.654250,6.77407603e-02,6.02407603e-02,4.016051,-1.21769469e-01,2.71582522e-03
0.654500,6.77103157e-02,6.02103157e-02,4.014021,-1.21778440e-01,2.74204650e-03
0.654750,6.76798696e-02,6.01798696e-02,4.011991,-1.21784593e-01,2.69747682e-03
0.655000,6.76494219e-02,6.01494219e-02,4.009961,-1.21790563e-01,2.76929574e-03
0.655250,6.76189727e-02,6.01189727e-02,4.007932,-1.21797018e-01,2.80407993e-03
0.655500,6.75885236e-02,6.00885236e-02,4.005902,-1.21796038e-01,2.83060023e-03
0.655750,6.75580759e-02,6.00580759e-02,4.003872,-1.21791029e-01,2.83791424e-03
0.656000,6.75276300e-02,6.00276300e-02,4.001842,-1.21783520e-01,2.74548702e-03
0.656250,6.74971851e-02,5.99971851e-02,3.999812,-1.21779497e-01,2.73715179e-03
0.656500,6.74667393e-02,5.99667393e-02,3.997783,-1.21783430e-01,2.77786467e-03
0.656750,6.74362927e-02,5.99362927e-02,3.995753,-1.21786249e-01,2.81345388e-03
0.657000,6.74058467e-02,5.99058467e-02,3.993723,-1.21784151e-01,2.69417137e-03
0.657250,6.73754006e-02,5.98754006e-02,3.991693,-1.21784404e-01,2.65876083e-03
0.657500,6.73449516e-02,5.98449516e-02,3.989663,-1.21796017e-01,2.65753349e-03
0.657750,6.73144989e-02,5.98144989e-02,3.987633,-1.21810591e-01,2.61949167e-03
0.658000,6.72840422e-02,5.97840422e-02,3.985603,-1.21826948e-01,2.70971621e-03
0.658250,6.72535816e-02,5.97535816e-02,3.983572,-1.21842439e-01,2.70661473e-03
0.658500,6.72231189e-02,5.97231189e-02,3.981541,-1.21850660e-01,2.68893491e-03
0.658750,6.71926539e-02,5.96926539e-02,3.979510,-1.21859917e-01,2.69762345e-03
0.659000,6.71621864e-02,5.96621864e-02,3.977479,-1.21870241e-01,2.72554736e-03
0.659250,6.71317167e-02,5.96317167e-02,3.975448,-1.21878618e-01,2.68468619e-03
0.659500,6.71012451e-02,5.96012451e-02,3.973416,-1.21886508e-01,2.75009629e-03
0.659750,6.70707714e-02,5.95707714e-02,3.971385,-1.21894861e-01,2.80316133e-03
0.660000,6.70402975e-02,5.95402975e-02,3.969353,-1.21895498e-01,2.80001314e-03
0.660250,6.70098245e-02,5.95098245e-02,3.967322,-1.21891918e-01,2.86720552e-03
0.660500,6.69793531e-02,5.94793531e-02,3.965290,-1.21885625e-01,2.80320301e-03
0.660750,6.69488840e-02,5.94488840e-02,3.963259,-1.21876645e-01,2.73873228e-03
0.661000,6.69184150e-02,5.94184150e-02,3.961228,-1.21875770e-01,2.74051642e-03
0.661250,6.68879450e-02,5.93879450e-02,3.959196,-1.21880110e-01,2.80047201e-03
0.661500,6.68574746e-02,5.93574746e-02,3.957165,-1.21881652e-01,2.75453231e-03
0.661750,6.68270045e-02,5.93270045e-02,3.955134,-1.21880303e-01,2.68797848e-03
0.662000,6.67965331e-02,5.92965331e-02,3.953102,-1.21885668e-01,2.64897374e-03
0.662250,6.67660585e-02,5.92660585e-02,3.951071,-1.21898222e-01,2.62951188e-03
0.662500,6.67355798e-02,5.92355798e-02,3.949039,-1.21914838e-01,2.75337442e-03
0.662750,6.67050979e-02,5.92050979e-02,3.947007,-1.21927577e-01,2.75076062e-03
0.663000,6.66746154e-02,5.91746154e-02,3.944974,-1.21930261e-01,2.70422247e-03
0.663250,6.66441316e-02,5.91441316e-02,3.942942,-1.21935218e-01,2.68802778e-03
0.663500,6.66136454e-02,5.91136454e-02,3.940910,-1.21944711e-01,2.75575993e-03
0.663750,6.65831572e-02,5.90831572e-02,3.938877,-1.21952540e-01,2.72737295e-03
0.664000,6.65526682e-02,5.90526682e-02,3.936845,-1.21956062e-01,2.72308934e-03
0.664250,6.65221777e-02,5.90221777e-02,3.934812,-1.21962105e-01,2.79036664e-03
0.664500,6.64916863e-02,5.89916863e-02,3.932779,-1.21965525e-01,2.77016227e-03
0.664750,6.64611952e-02,5.89611952e-02,3.930746,-1.21964315e-01,2.82237553e-03
0.665000,6.64307046e-02,5.89307046e-02,3.928714,-1.21962455e-01,2.80628565e-03
0.665250,6.64002154e-02,5.89002154e-02,3.926681,-1.21957019e-01,2.80089504e-03
0.665500,6.63697271e-02,5.88697271e-02,3.924648,-1.21953143e-01,2.75615357e-03
0.665750,6.63392392e-02,5.88392392e-02,3.922616,-1.21951688e-01,2.80470456e-03
0.666000,6.63087512e-02,5.88087512e-02,3.920583,-1.21951759e-01,2.69457970e-03
0.666250,6.62782630e-02,5.87782630e-02,3.918551,-1.21952713e-01,2.68522452e-03
0.666500,6.62477723e-02,5.87477723e-02,3.916518,-1.21963122e-01,2.68960824e-03
0.666750,6.62172787e-02,5.87172787e-02,3.914485,-1.21974105e-01,2.63832999e-03
0.667000,6.61867820e-02,5.86867820e-02,3.912452,-1.21986996e-01,2.70019160e-03
0.667250,6.61562816e-02,5.86562816e-02,3.910419,-1.22001361e-01,2.71110596e-03
0.667500,6.61257791e-02,5.86257791e-02,3.908385,-1.22010166e-01,2.65353748e-03
0.667750,6.60952740e-02,5.85952740e-02,3.906352,-1.22020619e-01,2.70349659e-03
0.668000,6.60647656e-02,5.85647656e-02,3.904318,-1.22033590e-01,2.73148952e-03
0.668250,6.60342552e-02,5.85342552e-02,3.902284,-1.22041221e-01,2.69603769e-03
0.668500,6.60037432e-02,5.85037432e-02,3.900250,-1.22048122e-01,2.74534445e-03
0.668750,6.59732293e-02,5.84732293e-02,3.898215,-1.22055753e-01,2.79508297e-03
0.669000,6.59427150e-02,5.84427150e-02,3.896181,-1.22057138e-01,2.80050548e-03
0.669250,6.59122014e-02,5.84122014e-02,3.894147,-1.22054198e-01,2.82755566e-03
0.669500,6.58816890e-02,5.83816890e-02,3.892113,-1.22049618e-01,2.83001946e-03
0.669750,6.58511784e-02,5.83511784e-02,3.890079,-1.22042708e-01,2.77581290e-03
0.670000,6.58206689e-02,5.83206689e-02,3.888045,-1.22037992e-01,2.74406454e-03
0.670250,6.57901591e-02,5.82901591e-02,3.886011,-1.22039130e-01,2.74491599e-03
0.670500,6.57596484e-02,5.82596484e-02,3.883977,-1.22042838e-01,2.74422810e-03
0.670750,6.57291367e-02,5.82291367e-02,3.881942,-1.22046505e-01,2.72296285e-03
0.671000,6.56986240e-02,5.81986240e-02,3.879908,-1.22051170e-01,2.67021499e-03
0.671250,6.56681090e-02,5.81681090e-02,3.877874,-1.22059912e-01,2.65021603e-03
0.671500,6.56375905e-02,5.81375905e-02,3.875839,-1.22073869e-01,2.71381207e-03
0.671750,6.56070688e-02,5.81070688e-02,3.873805,-1.22086657e-01,2.74869861e-03
0.672000,6.55765457e-02,5.80765457e-02,3.871770,-1.22092681e-01,2.69199783e-03
0.672250,6.55460211e-02,5.80460211e-02,3.869735,-1.22098347e-01,2.69236929e-03
0.672500,6.55154939e-02,5.80154939e-02,3.867700,-1.22108652e-01,2.73440978e-03
0.672750,6.54849647e-02,5.79849647e-02,3.865664,-1.22117068e-01,2.74602239e-03
0.673000,6.54544343e-02,5.79544343e-02,3.863629,-1.22121519e-01,2.69989896e-03
0.673250,6.54239025e-02,5.79239025e-02,3.861594,-1.22127056e-01,2.75307162e-03
0.673500,6.53933690e-02,5.78933690e-02,3.859558,-1.22134029e-01,2.81006607e-03
0.673750,6.53628355e-02,5.78628355e-02,3.857522,-1.22134116e-01,2.82367818e-03
0.674000,6.53323032e-02,5.78323032e-02,3.855487,-1.22128923e-01,2.84286247e-03
0.674250,6.53017728e-02,5.78017728e-02,3.853452,-1.22121763e-01,2.74648039e-03
0.674500,6.52712435e-02,5.77712435e-02,3.851416,-1.22117290e-01,2.74467870e-03
0.674750,6.52407133e-02,5.77407133e-02,3.849381,-1.22120809e-01,2.78869132e-03
0.675000,6.52101826e-02,5.77101826e-02,3.847346,-1.22122531e-01,2.77266638e-03
0.675250,6.51796523e-02,5.76796523e-02,3.845310,-1.22121347e-01,2.69730990e-03
0.675500,6.51491211e-02,5.76491211e-02,3.843275,-1.22124811e-01,2.67410118e-03
0.675750,6.51185872e-02,5.76185872e-02,3.841239,-1.22135487e-01,2.65484351e-03
0.676000,6.50880500e-02,5.75880500e-02,3.839203,-1.22148921e-01,2.63147715e-03
0.676250,6.50575088e-02,5.75575088e-02,3.837167,-1.22164968e-01,2.75310490e-03
0.676500,6.50269644e-02,5.75269644e-02,3.835131,-1.22177558e-01,2.69144295e-03
0.676750,6.49964187e-02,5.74964187e-02,3.833095,-1.22182887e-01,2.69041171e-03
0.677000,6.49658703e-02,5.74658703e-02,3.831058,-1.22193324e-01,2.69345343e-03
0.677250,6.49353194e-02,5.74353194e-02,3.829021,-1.22203711e-01,2.72417879e-03
0.677500,6.49047663e-02,5.74047663e-02,3.826984,-1.22212491e-01,2.71883581e-03
0.677750,6.48742115e-02,5.73742115e-02,3.824947,-1.22218984e-01,2.76661764e-03
0.678000,6.48436556e-02,5.73436556e-02,3.822910,-1.22223803e-01,2.83368197e-03
0.678250,6.48131001e-02,5.73131001e-02,3.820873,-1.22221734e-01,2.80762227e-03
0.678500,6.47825463e-02,5.72825463e-02,3.818836,-1.22215311e-01,2.84048245e-03
0.678750,6.47519939e-02,5.72519939e-02,3.816800,-1.22209575e-01,2.77256533e-03
0.679000,6.47214429e-02,5.72214429e-02,3.814763,-1.22204144e-01,2.73377999e-03
0.679250,6.46908914e-02,5.71908914e-02,3.812726,-1.22206003e-01,2.75484828e-03
0.679500,6.46603389e-02,5.71603389e-02,3.810689,-1.22210116e-01,2.81000875e-03
0.679750,6.46297863e-02,5.71297863e-02,3.808652,-1.22210060e-01,2.74987974e-03
0.680000,6.45992343e-02,5.70992343e-02,3.806616,-1.22208134e-01,2.66794639e-03
0.680250,6.45686806e-02,5.70686806e-02,3.804579,-1.22214766e-01,2.64781701e-03
0.680500,6.45381234e-02,5.70381234e-02,3.802542,-1.22229016e-01,2.62424188e-03
0.680750,6.45075619e-02,5.70075619e-02,3.800504,-1.22245960e-01,2.75742446e-03
0.681000,6.44769971e-02,5.69769971e-02,3.798466,-1.22258952e-01,2.74359351e-03
0.681250,6.44464317e-02,5.69464317e-02,3.796429,-1.22261621e-01,2.72155837e-03
0.681500,6.44158651e-02,5.69158651e-02,3.794391,-1.22266400e-01,2.71974106e-03
0.681750,6.43852969e-02,5.68852969e-02,3.792353,-1.22273068e-01,2.74818175e-03
0.682000,6.43547272e-02,5.68547272e-02,3.790315,-1.22278628e-01,2.68608780e-03
0.682250,6.43241561e-02,5.68241561e-02,3.788277,-1.22284598e-01,2.72928610e-03
0.682500,6.42935826e-02,5.67935826e-02,3.786239,-1.22293756e-01,2.79464659e-03
0.682750,6.42630085e-02,5.67630085e-02,3.784201,-1.22296478e-01,2.79279550e-03
0.683000,6.42324350e-02,5.67324350e-02,3.782162,-1.22293916e-01,2.85850450e-03
0.683250,6.42018629e-02,5.67018629e-02,3.780124,-1.22288600e-01,2.78106871e-03
0.683500,6.41712925e-02,5.66712925e-02,3.778086,-1.22281313e-01,2.77524025e-03
0.683750,6.41407224e-02,5.66407224e-02,3.776048,-1.22280642e-01,2.78065352e-03
0.684000,6.41101523e-02,5.66101523e-02,3.774010,-1.22280209e-01,2.81822707e-03
0.684250,6.40795829e-02,5.65795829e-02,3.771972,-1.22277671e-01,2.72252895e-03
0.684500,6.40490138e-02,5.65490138e-02,3.769934,-1.22276279e-01,2.67568954e-03
0.684750,6.40184426e-02,5.65184426e-02,3.767896,-1.22284815e-01,2.65535654e-03
0.685000,6.39878681e-02,5.64878681e-02,3.765858,-1.22298096e-01,2.62367557e-03
0.685250,6.39572895e-02,5.64572895e-02,3.763819,-1.22314446e-01,2.72882346e-03
0.685500,6.39267073e-02,5.64267073e-02,3.761780,-1.22328749e-01,2.72195239e-03
0.685750,6.38961236e-02,5.63961236e-02,3.759742,-1.22334723e-01,2.69357892e-03
0.686000,6.38655380e-02,5.63655380e-02,3.757703,-1.22342515e-01,2.68000723e-03
0.686250,6.38349497e-02,5.63349497e-02,3.755663,-1.22353237e-01,2.73102735e-03
0.686500,6.38043590e-02,5.63043590e-02,3.753624,-1.22362818e-01,2.70402890e-03
0.686750,6.37737666e-02,5.62737666e-02,3.751584,-1.22369403e-01,2.73983566e-03
0.687000,6.37431725e-02,5.62431725e-02,3.749545,-1.22376622e-01,2.81351728e-03
0.687250,6.37125781e-02,5.62125781e-02,3.747505,-1.22377644e-01,2.79728402e-03
0.687500,6.36819847e-02,5.61819847e-02,3.745466,-1.22373334e-01,2.82413815e-03
0.687750,6.36513924e-02,5.61513924e-02,3.743426,-1.22369169e-01,2.82822865e-03
0.688000,6.36208018e-02,5.61208018e-02,3.741387,-1.22362619e-01,2.77080265e-03
0.688250,6.35902122e-02,5.60902122e-02,3.739347,-1.22358271e-01,2.76700621e-03
0.688500,6.35596225e-02,5.60596225e-02,3.737308,-1.22358807e-01,2.80685911e-03
0.688750,6.35290330e-02,5.60290330e-02,3.735269,-1.22357892e-01,2.73731655e-03
0.689000,6.34984439e-02,5.59984439e-02,3.733230,-1.22356779e-01,2.68849778e-03
0.689250,6.34678530e-02,5.59678530e-02,3.731190,-1.22363535e-01,2.64576999e-03
0.689500,6.34372589e-02,5.59372589e-02,3.729151,-1.22376187e-01,2.64664203e-03
0.689750,6.34066608e-02,5.59066608e-02,3.727111,-1.22392310e-01,2.75228438e-03
0.690000,6.33760599e-02,5.58760599e-02,3.725071,-1.22403690e-01,2.75635585e-03
0.690250,6.33454584e-02,5.58454584e-02,3.723031,-1.22406217e-01,2.69130834e-03
0.690500,6.33148555e-02,5.58148555e-02,3.720990,-1.22411285e-01,2.70079772e-03
0.690750,6.32842502e-02,5.57842502e-02,3.718950,-1.22421274e-01,2.73720389e-03
0.691000,6.32536430e-02,5.57536430e-02,3.716910,-1.22428874e-01,2.73499549e-03
0.691250,6.32230346e-02,5.57230346e-02,3.714869,-1.22433584e-01,2.72873160e-03
0.691500,6.31924249e-02,5.56924249e-02,3.712828,-1.22438751e-01,2.80208987e-03
0.691750,6.31618146e-02,5.56618146e-02,3.710788,-1.22441189e-01,2.78506837e-03
0.692000,6.31312050e-02,5.56312050e-02,3.708747,-1.22438357e-01,2.82319237e-03
0.692250,6.31005962e-02,5.56005962e-02,3.706706,-1.22435238e-01,2.81382311e-03
0.692500,6.30699889e-02,5.55699889e-02,3.704666,-1.22429402e-01,2.79759245e-03
0.692750,6.30393826e-02,5.55393826e-02,3.702626,-1.22425053e-01,2.76220328e-03
0.693000,6.30087767e-02,5.55087767e-02,3.700585,-1.22423601e-01,2.79346973e-03
0.693250,6.29781708e-02,5.54781708e-02,3.698545,-1.22423672e-01,2.72317036e-03
0.693500,6.29475647e-02,5.54475647e-02,3.696504,-1.22424285e-01,2.69046003e-03
0.693750,6.29169567e-02,5.54169567e-02,3.694464,-1.22432115e-01,2.69831284e-03
0.694000,6.28863461e-02,5.53863461e-02,3.692423,-1.22442283e-01,2.64310783e-03
0.694250,6.28557326e-02,5.53557326e-02,3.690382,-1.22454248e-01,2.70010962e-03
0.694500,6.28251155e-02,5.53251155e-02,3.688341,-1.22468225e-01,2.70886928e-03
0.694750,6.27944962e-02,5.52944962e-02,3.686300,-1.22477135e-01,2.65850618e-03
0.695000,6.27638743e-02,5.52638743e-02,3.684258,-1.22487552e-01,2.69117837e-03
0.695250,6.27332492e-02,5.52332492e-02,3.682217,-1.22500660e-01,2.71843107e-03
0.695500,6.27026217e-02,5.52026217e-02,3.680175,-1.22509880e-01,2.71428078e-03
0.695750,6.26719924e-02,5.51719924e-02,3.678133,-1.22517046e-01,2.73861546e-03
0.696000,6.26413616e-02,5.51413616e-02,3.676091,-1.22523477e-01,2.80748783e-03
0.696250,6.26107304e-02,5.51107304e-02,3.674049,-1.22524866e-01,2.81444836e-03
0.696500,6.25801003e-02,5.50801003e-02,3.672007,-1.22520291e-01,2.80025829e-03
0.696750,6.25494713e-02,5.50494713e-02,3.669965,-1.22515773e-01,2.83861489e-03
0.697000,6.25188437e-02,5.50188437e-02,3.667923,-1.22510724e-01,2.79713103e-03
0.697250,6.24882176e-02,5.49882176e-02,3.665881,-1.22504360e-01,2.74598840e-03
0.697500,6.24575917e-02,5.49575917e-02,3.663839,-1.22503663e-01,2.74835477e-03
0.697750,6.24269649e-02,5.49269649e-02,3.661798,-1.22507060e-01,2.75061661e-03
0.698000,6.23963373e-02,5.48963373e-02,3.659756,-1.22510163e-01,2.72220560e-03
0.698250,6.23657088e-02,5.48657088e-02,3.657714,-1.22514337e-01,2.67788718e-03
0.698500,6.23350781e-02,5.48350781e-02,3.655672,-1.22522802e-01,2.65794636e-03
0.698750,6.23044441e-02,5.48044441e-02,3.653630,-1.22535788e-01,2.71857869e-03
0.699000,6.22738072e-02,5.47738072e-02,3.651587,-1.22547730e-01,2.75170561e-03
0.699250,6.22431689e-02,5.47431689e-02,3.649545,-1.22553229e-01,2.69521655e-03
0.699500,6.22125293e-02,5.47125293e-02,3.647502,-1.22558507e-01,2.70516790e-03
0.699750,6.21818873e-02,5.46818873e-02,3.645459,-1.22567982e-01,2.73742272e-03
0.700000,6.21512435e-02,5.46512435e-02,3.643416,-1.22575214e-01,2.75091507e-03
0.700250,6.21205987e-02,5.46205987e-02,3.641373,-1.22579201e-01,2.70700993e-03
0.700500,6.20899526e-02,5.45899526e-02,3.639330,-1.22584022e-01,2.76122753e-03
0.700750,6.20593051e-02,5.45593051e-02,3.637287,-1.22590050e-01,2.81360894e-03
0.701000,6.20286578e-02,5.45286578e-02,3.635244,-1.22589311e-01,2.82378737e-03
0.701250,6.19980118e-02,5.44980118e-02,3.633201,-1.22583822e-01,2.84220654e-03
0.701500,6.19673677e-02,5.44673677e-02,3.631158,-1.22576682e-01,2.77044966e-03
0.701750,6.19367249e-02,5.44367249e-02,3.629115,-1.22571203e-01,2.74758034e-03
0.702000,6.19060817e-02,5.44060817e-02,3.627072,-1.22572626e-01,2.78108616e-03
0.702250,6.18754381e-02,5.43754381e-02,3.625029,-1.22574446e-01,2.76696338e-03
0.702500,6.18447946e-02,5.43447946e-02,3.622986,-1.22574139e-01,2.71559172e-03
0.702750,6.18141503e-02,5.43141503e-02,3.620943,-1.22577262e-01,2.67759579e-03
0.703000,6.17835037e-02,5.42835037e-02,3.618900,-1.22586283e-01,2.65593604e-03
0.703250,6.17528538e-02,5.42528538e-02,3.616857,-1.22599382e-01,2.65420921e-03
0.703500,6.17222003e-02,5.42222003e-02,3.614813,-1.22614335e-01,2.75251085e-03
0.703750,6.16915440e-02,5.41915440e-02,3.612770,-1.22625084e-01,2.67719328e-03
0.704000,6.16608862e-02,5.41608862e-02,3.610726,-1.22631091e-01,2.69239306e-03
0.704250,6.16302256e-02,5.41302256e-02,3.608682,-1.22642611e-01,2.69599189e-03
0.704500,6.15995624e-02,5.40995624e-02,3.606637,-1.22652724e-01,2.72642698e-03
0.704750,6.15688971e-02,5.40688971e-02,3.604593,-1.22661195e-01,2.72945863e-03
0.705000,6.15382303e-02,5.40382303e-02,3.602549,-1.22667034e-01,2.79253525e-03
0.705250,6.15075629e-02,5.40075629e-02,3.600504,-1.22669835e-01,2.83203765e-03
0.705500,6.14768964e-02,5.39768964e-02,3.598460,-1.22665711e-01,2.82045259e-03
0.705750,6.14462317e-02,5.39462317e-02,3.596415,-1.22658856e-01,2.82989934e-03
0.706000,6.14155686e-02,5.39155686e-02,3.594371,-1.22652534e-01,2.77281708e-03
0.706250,6.13849066e-02,5.38849066e-02,3.592327,-1.22647961e-01,2.73586477e-03
0.706500,6.13542442e-02,5.38542442e-02,3.590283,-1.22649708e-01,2.75852199e-03
0.706750,6.13235808e-02,5.38235808e-02,3.588239,-1.22653487e-01,2.80495198e-03
0.707000,6.12929175e-02,5.37929175e-02,3.586195,-1.22653353e-01,2.73029992e-03
0.707250,6.12622543e-02,5.37622543e-02,3.584150,-1.22652707e-01,2.66732496e-03
0.707500,6.12315890e-02,5.37315890e-02,3.582106,-1.22660975e-01,2.65000771e-03
0.707750,6.12009202e-02,5.37009202e-02,3.580061,-1.22675178e-01,2.64178104e-03
0.708000,6.11702475e-02,5.36702475e-02,3.578016,-1.22691168e-01,2.77847249e-03
0.708250,6.11395720e-02,5.36395720e-02,3.575971,-1.22701789e-01,2.74056556e-03
0.708500,6.11088963e-02,5.36088963e-02,3.573926,-1.22702864e-01,2.71879978e-03
0.708750,6.10782193e-02,5.35782193e-02,3.571881,-1.22708013e-01,2.71890823e-03
0.709000,6.10475406e-02,5.35475406e-02,3.569836,-1.22714944e-01,2.74949130e-03
0.709250,6.10168604e-02,5.35168604e-02,3.567791,-1.22720515e-01,2.69904636e-03
0.709500,6.09861790e-02,5.34861790e-02,3.565745,-1.22725804e-01,2.77317186e-03
0.709750,6.09554960e-02,5.34554960e-02,3.563700,-1.22731958e-01,2.81518186e-03
0.710000,6.09248134e-02,5.34248134e-02,3.561654,-1.22730169e-01,2.81850257e-03
0.710250,6.08941322e-02,5.33941322e-02,3.559609,-1.22724784e-01,2.85690060e-03
0.710500,6.08634529e-02,5.33634529e-02,3.557564,-1.22717429e-01,2.74511818e-03
0.710750,6.08327749e-02,5.33327749e-02,3.555518,-1.22711863e-01,2.75573561e-03
0.711000,6.08020962e-02,5.33020962e-02,3.553473,-1.22715006e-01,2.78987670e-03
0.711250,6.07714172e-02,5.32714172e-02,3.551428,-1.22715767e-01,2.82859584e-03
0.711500,6.07407392e-02,5.32407392e-02,3.549383,-1.22712013e-01,2.70751612e-03
0.711750,6.07100616e-02,5.32100616e-02,3.547337,-1.22710434e-01,2.67165196e-03
0.712000,6.06793815e-02,5.31793815e-02,3.545292,-1.22720381e-01,2.66357944e-03
0.712250,6.06486981e-02,5.31486981e-02,3.543247,-1.22733629e-01,2.61883610e-03
0.712500,6.06180107e-02,5.31180107e-02,3.541201,-1.22749519e-01,2.72107119e-03
0.712750,6.05873196e-02,5.30873196e-02,3.539155,-1.22764562e-01,2.71599342e-03
0.713000,6.05566267e-02,5.30566267e-02,3.537108,-1.22771435e-01,2.69838307e-03
0.713250,6.05259319e-02,5.30259319e-02,3.535062,-1.22779505e-01,2.70543340e-03
0.713500,6.04952347e-02,5.29952347e-02,3.533016,-1.22788708e-01,2.73191806e-03
0.713750,6.04645356e-02,5.29645356e-02,3.530969,-1.22796162e-01,2.69144800e-03
0.714000,6.04338348e-02,5.29338348e-02,3.528922,-1.22803230e-01,2.76794021e-03
0.714250,6.04031323e-02,5.29031323e-02,3.526875,-1.22810239e-01,2.83231761e-03
0.714500,6.03724302e-02,5.28724302e-02,3.524829,-1.22808122e-01,2.81607681e-03
0.714750,6.03417299e-02,5.28417299e-02,3.522782,-1.22801438e-01,2.87147669e-03
0.715000,6.03110315e-02,5.28110315e-02,3.520735,-1.22793637e-01,2.79730447e-03
0.715250,6.02803353e-02,5.27803353e-02,3.518689,-1.22784567e-01,2.73945251e-03
0.715500,6.02496393e-02,5.27496393e-02,3.516643,-1.22784145e-01,2.74466941e-03
0.715750,6.02189422e-02,5.27189422e-02,3.514596,-1.22788242e-01,2.80584632e-03
0.716000,6.01882449e-02,5.26882449e-02,3.512550,-1.22789206e-01,2.77328098e-03
0.716250,6.01575483e-02,5.26575483e-02,3.510503,-1.22786586e-01,2.69893528e-03
0.716500,6.01268508e-02,5.26268508e-02,3.508457,-1.22789928e-01,2.64517577e-03
0.716750,6.00961504e-02,5.25961504e-02,3.506410,-1.22801750e-01,2.62670247e-03
0.717000,6.00654457e-02,5.25654457e-02,3.504363,-1.22818802e-01,2.76014603e-03
0.717250,6.00347378e-02,5.25347378e-02,3.502316,-1.22831472e-01,2.75555280e-03
0.717500,6.00040295e-02,5.25040295e-02,3.500269,-1.22833389e-01,2.72609656e-03
0.717750,5.99733202e-02,5.24733202e-02,3.498221,-1.22836985e-01,2.72284097e-03
0.718000,5.99426094e-02,5.24426094e-02,3.496174,-1.22843143e-01,2.75459593e-03
0.718250,5.99118974e-02,5.24118974e-02,3.494126,-1.22848165e-01,2.69291228e-03
0.718500,5.98811841e-02,5.23811841e-02,3.492079,-1.22853307e-01,2.72564072e-03
0.718750,5.98504685e-02,5.23504685e-02,3.490031,-1.22862066e-01,2.80317369e-03
0.719000,5.98197524e-02,5.23197524e-02,3.487983,-1.22864710e-01,2.80262638e-03
0.719250,5.97890371e-02,5.22890371e-02,3.485936,-1.22861013e-01,2.86723281e-03
0.719500,5.97583235e-02,5.22583235e-02,3.483888,-1.22854505e-01,2.78840285e-03
0.719750,5.97276119e-02,5.22276119e-02,3.481841,-1.22846177e-01,2.77544899e-03
0.720000,5.96969007e-02,5.21969007e-02,3.479793,-1.22844894e-01,2.78492379e-03
0.720250,5.96661897e-02,5.21661897e-02,3.477746,-1.22844255e-01,2.82559614e-03
0.720500,5.96354794e-02,5.21354794e-02,3.475699,-1.22841041e-01,2.72581059e-03
0.720750,5.96047697e-02,5.21047697e-02,3.473651,-1.22838899e-01,2.68131227e-03
0.721000,5.95740579e-02,5.20740579e-02,3.471604,-1.22846917e-01,2.66049120e-03
0.721250,5.95433431e-02,5.20433431e-02,3.469556,-1.22859509e-01,2.62795894e-03
0.721500,5.95126242e-02,5.20126242e-02,3.467508,-1.22875248e-01,2.73317911e-03
0.721750,5.94819020e-02,5.19819020e-02,3.465460,-1.22889007e-01,2.72438365e-03
0.722000,5.94511784e-02,5.19511784e-02,3.463412,-1.22894516e-01,2.69774961e-03
0.722250,5.94204529e-02,5.19204529e-02,3.461364,-1.22901924e-01,2.68498736e-03
0.722500,5.93897249e-02,5.18897249e-02,3.459315,-1.22912083e-01,2.73627356e-03
0.722750,5.93589946e-02,5.18589946e-02,3.457266,-1.22921023e-01,2.71462174e-03
0.723000,5.93282629e-02,5.18282629e-02,3.455218,-1.22926709e-01,2.74342955e-03
0.723250,5.92975297e-02,5.17975297e-02,3.453169,-1.22932900e-01,2.81646903e-03
0.723500,5.92667963e-02,5.17667963e-02,3.451120,-1.22933496e-01,2.80469549e-03
0.723750,5.92360642e-02,5.17360642e-02,3.449071,-1.22928616e-01,2.83284170e-03
0.724000,5.92053333e-02,5.17053333e-02,3.447022,-1.22923458e-01,2.82983180e-03
0.724250,5.91746043e-02,5.16746043e-02,3.444974,-1.22916122e-01,2.76972876e-03
0.724500,5.91438764e-02,5.16438764e-02,3.442925,-1.22911690e-01,2.76235883e-03
0.724750,5.91131482e-02,5.16131482e-02,3.440877,-1.22912519e-01,2.81188979e-03
0.725000,5.90824203e-02,5.15824203e-02,3.438828,-1.22911764e-01,2.74346404e-03
0.725250,5.90516928e-02,5.15516928e-02,3.436780,-1.22909966e-01,2.69523870e-03
0.725500,5.90209638e-02,5.15209638e-02,3.434731,-1.22915919e-01,2.64634763e-03
0.725750,5.89902318e-02,5.14902318e-02,3.432682,-1.22927993e-01,2.64801632e-03
0.726000,5.89594958e-02,5.14594958e-02,3.430633,-1.22944007e-01,2.77784295e-03
0.726250,5.89287573e-02,5.14287573e-02,3.428584,-1.22954144e-01,2.76146568e-03
0.726500,5.88980187e-02,5.13980187e-02,3.426535,-1.22954347e-01,2.73170684e-03
0.726750,5.88672794e-02,5.13672794e-02,3.424485,-1.22957209e-01,2.69153710e-03
0.727000,5.88365383e-02,5.13365383e-02,3.422436,-1.22964291e-01,2.75196361e-03
0.727250,5.88057953e-02,5.13057953e-02,3.420386,-1.22971999e-01,2.73037975e-03
0.727500,5.87750514e-02,5.12750514e-02,3.418337,-1.22975701e-01,2.73389963e-03
0.727750,5.87443061e-02,5.12443061e-02,3.416287,-1.22981019e-01,2.80262360e-03
0.728000,5.87135604e-02,5.12135604e-02,3.414237,-1.22983009e-01,2.77918663e-03
0.728250,5.86828153e-02,5.11828153e-02,3.412188,-1.22980393e-01,2.82899046e-03
0.728500,5.86520709e-02,5.11520709e-02,3.410138,-1.22977500e-01,2.80960855e-03
0.728750,5.86213281e-02,5.11213281e-02,3.408089,-1.22971375e-01,2.80896207e-03
0.729000,5.85905864e-02,5.10905864e-02,3.406039,-1.22966869e-01,2.79932106e-03
0.729250,5.85598456e-02,5.10598456e-02,3.403990,-1.22962843e-01,2.82331265e-03
0.729500,5.85291060e-02,5.10291060e-02,3.401940,-1.22958547e-01,2.70332311e-03
0.729750,5.84983666e-02,5.09983666e-02,3.399891,-1.22957587e-01,2.67908155e-03
0.730000,5.84676247e-02,5.09676247e-02,3.397842,-1.22967549e-01,2.67054520e-03
0.730250,5.84368798e-02,5.09368798e-02,3.395792,-1.22979880e-01,2.64178698e-03
0.730500,5.84061312e-02,5.09061312e-02,3.393742,-1.22994183e-01,2.71732841e-03
0.730750,5.83753793e-02,5.08753793e-02,3.391692,-1.23007507e-01,2.72146146e-03
0.731000,5.83446257e-02,5.08446257e-02,3.389642,-1.23014446e-01,2.66217781e-03
0.731250,5.83138698e-02,5.08138698e-02,3.387591,-1.23023667e-01,2.71114445e-03
0.731500,5.82831109e-02,5.07831109e-02,3.385541,-1.23035591e-01,2.73084067e-03
0.731750,5.82523502e-02,5.07523502e-02,3.383490,-1.23042623e-01,2.70805778e-03
0.732000,5.82215880e-02,5.07215880e-02,3.381439,-1.23049046e-01,2.76281159e-03
0.732250,5.81908243e-02,5.06908243e-02,3.379388,-1.23054918e-01,2.81149362e-03
0.732500,5.81600607e-02,5.06600607e-02,3.377337,-1.23054143e-01,2.81158015e-03
0.732750,5.81292984e-02,5.06292984e-02,3.375287,-1.23049366e-01,2.82991989e-03
0.733000,5.80985374e-02,5.05985374e-02,3.373236,-1.23043772e-01,2.84832372e-03
0.733250,5.80677785e-02,5.05677785e-02,3.371185,-1.23035859e-01,2.79424959e-03
0.733500,5.80370213e-02,5.05370213e-02,3.369135,-1.23028825e-01,2.75218922e-03
0.733750,5.80062642e-02,5.05062642e-02,3.367084,-1.23028090e-01,2.77035229e-03
0.734000,5.79755067e-02,5.04755067e-02,3.365034,-1.23030006e-01,2.71413484e-03
0.734250,5.79447485e-02,5.04447485e-02,3.362983,-1.23032916e-01,2.72800181e-03
0.734500,5.79139886e-02,5.04139886e-02,3.360933,-1.23039828e-01,2.69313218e-03
0.734750,5.78832268e-02,5.03832268e-02,3.358882,-1.23047144e-01,2.66277514e-03
0.735000,5.78524621e-02,5.03524621e-02,3.356831,-1.23058664e-01,2.74422315e-03
0.735250,5.78216948e-02,5.03216948e-02,3.354780,-1.23069076e-01,2.75383288e-03
0.735500,5.77909267e-02,5.02909267e-02,3.352728,-1.23072376e-01,2.69425443e-03
0.735750,5.77601574e-02,5.02601574e-02,3.350677,-1.23077521e-01,2.71525499e-03
0.736000,5.77293857e-02,5.02293857e-02,3.348626,-1.23086629e-01,2.75069934e-03
0.736250,5.76986126e-02,5.01986126e-02,3.346574,-1.23092446e-01,2.74447484e-03
0.736500,5.76678387e-02,5.01678387e-02,3.344523,-1.23095628e-01,2.71457818e-03
0.736750,5.76370635e-02,5.01370635e-02,3.342471,-1.23100643e-01,2.80445235e-03
0.737000,5.76062875e-02,5.01062875e-02,3.340419,-1.23104139e-01,2.80243268e-03
0.737250,5.75755124e-02,5.00755124e-02,3.338367,-1.23100345e-01,2.83953319e-03
0.737500,5.75447386e-02,5.00447386e-02,3.336316,-1.23095077e-01,2.82543188e-03
0.737750,5.75139668e-02,5.00139668e-02,3.334264,-1.23087387e-01,2.82265730e-03
0.738000,5.74831965e-02,4.99831965e-02,3.332213,-1.23080977e-01,2.75862515e-03
0.738250,5.74524271e-02,4.99524271e-02,3.330162,-1.23077625e-01,2.80342623e-03
0.738500,5.74216578e-02,4.99216578e-02,3.328111,-1.23077550e-01,2.72191078e-03
0.738750,5.73908884e-02,4.98908884e-02,3.326059,-1.23077400e-01,2.69981192e-03
0.739000,5.73601172e-02,4.98601172e-02,3.324008,-1.23084921e-01,2.69840450e-03
0.739250,5.73293436e-02,4.98293436e-02,3.321956,-1.23094318e-01,2.64620862e-03
0.739500,5.72985671e-02,4.97985671e-02,3.319904,-1.23106137e-01,2.70247881e-03
0.739750,5.72677871e-02,4.97677871e-02,3.317852,-1.23119755e-01,2.72086505e-03
0.740000,5.72370051e-02,4.97370051e-02,3.315800,-1.23127940e-01,2.66492107e-03
0.740250,5.72062209e-02,4.97062209e-02,3.313748,-1.23137089e-01,2.71439199e-03
0.740500,5.71754337e-02,4.96754337e-02,3.311696,-1.23148643e-01,2.73868448e-03
0.740750,5.71446449e-02,4.96446449e-02,3.309643,-1.23155062e-01,2.71112746e-03
0.741000,5.71138548e-02,4.96138548e-02,3.307590,-1.23160705e-01,2.75087831e-03
0.741250,5.70830630e-02,4.95830630e-02,3.305538,-1.23166853e-01,2.80361182e-03
0.741500,5.70522712e-02,4.95522712e-02,3.303485,-1.23167406e-01,2.82130490e-03
0.741750,5.70214805e-02,4.95214805e-02,3.301432,-1.23162847e-01,2.84482201e-03
0.742000,5.69906915e-02,4.94906915e-02,3.299379,-1.23155796e-01,2.86066105e-03
0.742250,5.69599050e-02,4.94599050e-02,3.297327,-1.23146113e-01,2.78647385e-03
0.742500,5.69291204e-02,4.94291204e-02,3.295275,-1.23138410e-01,2.73683539e-03
0.742750,5.68983357e-02,4.93983357e-02,3.293222,-1.23138993e-01,2.73831276e-03
0.743000,5.68675498e-02,4.93675498e-02,3.291170,-1.23143585e-01,2.74878713e-03
0.743250,5.68367629e-02,4.93367629e-02,3.289118,-1.23147594e-01,2.74336898e-03
0.743500,5.68059751e-02,4.93059751e-02,3.287065,-1.23150982e-01,2.70154552e-03
0.743750,5.67751859e-02,4.92751859e-02,3.285012,-1.23156663e-01,2.65742567e-03
0.744000,5.67443940e-02,4.92443940e-02,3.282960,-1.23167730e-01,2.73160896e-03
0.744250,5.67135992e-02,4.92135992e-02,3.280907,-1.23179139e-01,2.74217512e-03
0.744500,5.66828032e-02,4.91828032e-02,3.278854,-1.23183990e-01,2.70632549e-03
0.744750,5.66520058e-02,4.91520058e-02,3.276800,-1.23189558e-01,2.71743607e-03
0.745000,5.66212064e-02,4.91212064e-02,3.274747,-1.23197579e-01,2.74860462e-03
0.745250,5.65904056e-02,4.90904056e-02,3.272694,-1.23203309e-01,2.74025828e-03
0.745500,5.65596039e-02,4.90596039e-02,3.270640,-1.23206850e-01,2.72641905e-03
0.745750,5.65288010e-02,4.90288010e-02,3.268587,-1.23211687e-01,2.81451387e-03
0.746000,5.64979975e-02,4.89979975e-02,3.266533,-1.23213766e-01,2.79998671e-03
0.746250,5.64671952e-02,4.89671952e-02,3.264480,-1.23209255e-01,2.83495322e-03
0.746500,5.64363941e-02,4.89363941e-02,3.262426,-1.23204390e-01,2.84207774e-03
0.746750,5.64055950e-02,4.89055950e-02,3.260373,-1.23196339e-01,2.77567151e-03
0.747000,5.63747974e-02,4.88747974e-02,3.258320,-1.23190640e-01,2.76991944e-03
0.747250,5.63439997e-02,4.88439997e-02,3.256267,-1.23190647e-01,2.78811500e-03
0.747500,5.63132021e-02,4.88132021e-02,3.254213,-1.23190321e-01,2.74483340e-03
0.747750,5.62824045e-02,4.87824045e-02,3.252160,-1.23190415e-01,2.71079269e-03
0.748000,5.62516057e-02,4.87516057e-02,3.250107,-1.23195568e-01,2.70222481e-03
0.748250,5.62208047e-02,4.87208047e-02,3.248054,-1.23203894e-01,2.64717263e-03
0.748500,5.61900008e-02,4.86900008e-02,3.246000,-1.23215358e-01,2.70863007e-03
0.748750,5.61591937e-02,4.86591937e-02,3.243946,-1.23228625e-01,2.71904346e-03
0.749000,5.61283846e-02,4.86283846e-02,3.241892,-1.23236385e-01,2.66715284e-03
0.749250,5.60975732e-02,4.85975732e-02,3.239838,-1.23245585e-01,2.68485226e-03
0.749500,5.60667586e-02,4.85667586e-02,3.237784,-1.23258262e-01,2.72666838e-03
0.749750,5.60359417e-02,4.85359417e-02,3.235729,-1.23267637e-01,2.72808729e-03
0.750000,5.60051233e-02,4.85051233e-02,3.233675,-1.23273517e-01,2.76405382e-03
0.750250,5.59743039e-02,4.84743039e-02,3.231620,-1.23277690e-01,2.81374701e-03
0.750500,5.59434847e-02,4.84434847e-02,3.229566,-1.23276713e-01,2.81513906e-03
0.750750,5.59126668e-02,4.84126668e-02,3.227511,-1.23271594e-01,2.81765910e-03
0.751000,5.58818503e-02,4.83818503e-02,3.225457,-1.23266250e-01,2.84469330e-03
0.751250,5.58510354e-02,4.83510354e-02,3.223402,-1.23259504e-01,2.79852156e-03
0.751500,5.58202223e-02,4.83202223e-02,3.221348,-1.23252579e-01,2.76170763e-03
0.751750,5.57894095e-02,4.82894095e-02,3.219294,-1.23251073e-01,2.75319868e-03
0.752000,5.57585962e-02,4.82585962e-02,3.217240,-1.23252966e-01,2.75047892e-03
0.752250,5.57277823e-02,4.82277823e-02,3.215185,-1.23255677e-01,2.74061961e-03
0.752500,5.56969676e-02,4.81969676e-02,3.213131,-1.23259048e-01,2.70119679e-03
0.752750,5.56661513e-02,4.81661513e-02,3.211077,-1.23264971e-01,2.66238377e-03
0.753000,5.56353324e-02,4.81353324e-02,3.209022,-1.23275846e-01,2.73211799e-03
0.753250,5.56045107e-02,4.81045107e-02,3.206967,-1.23286825e-01,2.74679749e-03
0.753500,5.55736878e-02,4.80736878e-02,3.204913,-1.23291430e-01,2.71226979e-03
0.753750,5.55428637e-02,4.80428637e-02,3.202858,-1.23296357e-01,2.69494583e-03
0.754000,5.55120375e-02,4.80120375e-02,3.200802,-1.23304883e-01,2.74717381e-03
0.754250,5.54812094e-02,4.79812094e-02,3.198747,-1.23312524e-01,2.75429702e-03
0.754500,5.54503805e-02,4.79503805e-02,3.196692,-1.23315561e-01,2.72533211e-03
0.754750,5.54195506e-02,4.79195506e-02,3.194637,-1.23319294e-01,2.78856447e-03
0.755000,5.53887200e-02,4.78887200e-02,3.192581,-1.23322609e-01,2.80798999e-03
0.755250,5.53578900e-02,4.78578900e-02,3.190526,-1.23319875e-01,2.83801573e-03
0.755500,5.53270615e-02,4.78270615e-02,3.188471,-1.23314217e-01,2.84154270e-03
0.755750,5.52962350e-02,4.77962350e-02,3.186416,-1.23305939e-01,2.78867663e-03
0.756000,5.52654101e-02,4.77654101e-02,3.184361,-1.23299708e-01,2.76841119e-03
0.756250,5.52345854e-02,4.77345854e-02,3.182306,-1.23298714e-01,2.79360101e-03
0.756500,5.52037608e-02,4.77037608e-02,3.180251,-1.23298270e-01,2.75032513e-03
0.756750,5.51729364e-02,4.76729364e-02,3.178196,-1.23297671e-01,2.71576791e-03
0.757000,5.51421109e-02,4.76421109e-02,3.176141,-1.23302153e-01,2.69587109e-03
0.757250,5.51112833e-02,4.76112833e-02,3.174086,-1.23310352e-01,2.65467566e-03
0.757500,5.50804528e-02,4.75804528e-02,3.172030,-1.23322005e-01,2.69801480e-03
0.757750,5.50496190e-02,4.75496190e-02,3.169975,-1.23335125e-01,2.72803243e-03
0.758000,5.50187831e-02,4.75187831e-02,3.167919,-1.23343360e-01,2.67674363e-03
0.758250,5.49879453e-02,4.74879453e-02,3.165863,-1.23351397e-01,2.68041608e-03
0.758500,5.49571044e-02,4.74571044e-02,3.163807,-1.23363483e-01,2.72175827e-03
0.758750,5.49262611e-02,4.74262611e-02,3.161751,-1.23373440e-01,2.73082798e-03
0.759000,5.48954162e-02,4.73954162e-02,3.159694,-1.23379601e-01,2.75026438e-03
0.759250,5.48645701e-02,4.73645701e-02,3.157638,-1.23384159e-01,2.79576242e-03
0.759500,5.48337238e-02,4.73337238e-02,3.155582,-1.23385109e-01,2.82760593e-03
0.759750,5.48028786e-02,4.73028786e-02,3.153525,-1.23380916e-01,2.82887839e-03
0.760000,5.47720351e-02,4.72720351e-02,3.151469,-1.23374053e-01,2.85447485e-03
0.760250,5.47411936e-02,4.72411936e-02,3.149413,-1.23365953e-01,2.80043272e-03
0.760500,5.47103541e-02,4.72103541e-02,3.147357,-1.23358140e-01,2.74099904e-03
0.760750,5.46795147e-02,4.71795147e-02,3.145301,-1.23357393e-01,2.75997371e-03
0.761000,5.46486746e-02,4.71486746e-02,3.143245,-1.23360686e-01,2.76701244e-03
0.761250,5.46178340e-02,4.71178340e-02,3.141189,-1.23362110e-01,2.74323511e-03
0.761500,5.45869930e-02,4.70869930e-02,3.139133,-1.23364008e-01,2.69307035e-03
0.761750,5.45561505e-02,4.70561505e-02,3.137077,-1.23370075e-01,2.65687812e-03
0.762000,5.45253050e-02,4.70253050e-02,3.135020,-1.23381861e-01,2.73972353e-03
0.762250,5.44944568e-02,4.69944568e-02,3.132964,-1.23392956e-01,2.75558250e-03
0.762500,5.44636077e-02,4.69636077e-02,3.130907,-1.23396549e-01,2.71630942e-03
0.762750,5.44327575e-02,4.69327575e-02,3.128850,-1.23400575e-01,2.69165300e-03
0.763000,5.44019053e-02,4.69019053e-02,3.126794,-1.23408916e-01,2.74199419e-03
0.763250,5.43710510e-02,4.68710510e-02,3.124737,-1.23417055e-01,2.75967441e-03
0.763500,5.43401960e-02,4.68401960e-02,3.122680,-1.23420280e-01,2.71534272e-03
0.763750,5.43093400e-02,4.68093400e-02,3.120623,-1.23424013e-01,2.77593931e-03
0.764000,5.42784828e-02,4.67784828e-02,3.118566,-1.23428707e-01,2.81864490e-03
0.764250,5.42476261e-02,4.67476261e-02,3.116508,-1.23426538e-01,2.85804430e-03
0.764500,5.42167714e-02,4.67167714e-02,3.114451,-1.23419120e-01,2.85341250e-03
0.764750,5.41859192e-02,4.66859192e-02,3.112395,-1.23408673e-01,2.78536687e-03
0.765000,5.41550688e-02,4.66550688e-02,3.110338,-1.23401614e-01,2.76125813e-03
0.765250,5.41242185e-02,4.66242185e-02,3.108281,-1.23401207e-01,2.79525186e-03
0.765500,5.40933682e-02,4.65933682e-02,3.106225,-1.23401278e-01,2.75775378e-03
0.765750,5.40625181e-02,4.65625181e-02,3.104168,-1.23400215e-01,2.71409210e-03
0.766000,5.40316671e-02,4.65316671e-02,3.102111,-1.23404161e-01,2.68560536e-03
0.766250,5.40008138e-02,4.65008138e-02,3.100054,-1.23412951e-01,2.65841192e-03
0.766500,5.39699575e-02,4.64699575e-02,3.097997,-1.23425282e-01,2.70573339e-03
0.766750,5.39390981e-02,4.64390981e-02,3.095940,-1.23437754e-01,2.73271637e-03
0.767000,5.39082368e-02,4.64082368e-02,3.093882,-1.23445148e-01,2.67731259e-03
0.767250,5.38773736e-02,4.63773736e-02,3.091825,-1.23452776e-01,2.68031718e-03
0.767500,5.38465074e-02,4.63465074e-02,3.089767,-1.23464819e-01,2.72281275e-03
0.767750,5.38156387e-02,4.63156387e-02,3.087709,-1.23474738e-01,2.73273433e-03
0.768000,5.37847685e-02,4.62847685e-02,3.085651,-1.23480728e-01,2.74901429e-03
0.768250,5.37538972e-02,4.62538972e-02,3.083593,-1.23485185e-01,2.79795438e-03
0.768500,5.37230257e-02,4.62230257e-02,3.081535,-1.23486141e-01,2.83072435e-03
0.768750,5.36921553e-02,4.61921553e-02,3.079477,-1.23481630e-01,2.83231350e-03
0.769000,5.36612867e-02,4.61612867e-02,3.077419,-1.23474358e-01,2.85527864e-03
0.769250,5.36304202e-02,4.61304202e-02,3.075361,-1.23465941e-01,2.80019106e-03
0.769500,5.35995557e-02,4.60995557e-02,3.073304,-1.23458073e-01,2.74102873e-03
0.769750,5.35686914e-02,4.60686914e-02,3.071246,-1.23457344e-01,2.76118163e-03
0.770000,5.35378262e-02,4.60378262e-02,3.069188,-1.23460581e-01,2.76947451e-03
0.770250,5.35069608e-02,4.60069608e-02,3.067131,-1.23461798e-01,2.74456836e-03
0.770500,5.34760949e-02,4.59760949e-02,3.065073,-1.23463434e-01,2.68804652e-03
0.770750,5.34452275e-02,4.59452275e-02,3.063015,-1.23469614e-01,2.65796364e-03
0.771000,5.34143571e-02,4.59143571e-02,3.060957,-1.23481765e-01,2.74346547e-03
0.771250,5.33834839e-02,4.58834839e-02,3.058899,-1.23492605e-01,2.75841779e-03
0.771500,5.33526100e-02,4.58526100e-02,3.056841,-1.23495765e-01,2.71710168e-03
0.771750,5.33217351e-02,4.58217351e-02,3.054782,-1.23499523e-01,2.69162201e-03
0.772000,5.32908581e-02,4.57908581e-02,3.052724,-1.23507800e-01,2.74209213e-03
0.772250,5.32599792e-02,4.57599792e-02,3.050665,-1.23515938e-01,2.76067793e-03
0.772500,5.32290994e-02,4.57290994e-02,3.048607,-1.23519111e-01,2.71632737e-03
0.772750,5.31982187e-02,4.56982187e-02,3.046548,-1.23522718e-01,2.77631191e-03
0.773000,5.31673369e-02,4.56673369e-02,3.044489,-1.23527314e-01,2.81916106e-03
0.773250,5.31364556e-02,4.56364556e-02,3.042430,-1.23525091e-01,2.85546637e-03
0.773500,5.31055762e-02,4.56055762e-02,3.040372,-1.23517746e-01,2.85493961e-03
0.773750,5.30746993e-02,4.55746993e-02,3.038313,-1.23507442e-01,2.78765856e-03
0.774000,5.30438243e-02,4.55438243e-02,3.036255,-1.23500157e-01,2.76552311e-03
0.774250,5.30129494e-02,4.55129494e-02,3.034197,-1.23499374e-01,2.79521264e-03
0.774500,5.29820746e-02,4.54820746e-02,3.032138,-1.23499095e-01,2.75588909e-03
0.774750,5.29512001e-02,4.54512001e-02,3.030080,-1.23498118e-01,2.71493060e-03
0.775000,5.29203246e-02,4.54203246e-02,3.028022,-1.23502180e-01,2.69791510e-03
0.775250,5.28894470e-02,4.53894470e-02,3.025963,-1.23510357e-01,2.65757287e-03
0.775500,5.28585666e-02,4.53585666e-02,3.023904,-1.23521715e-01,2.70075972e-03
0.775750,5.28276829e-02,4.53276829e-02,3.021846,-1.23534476e-01,2.73015281e-03
0.776000,5.27967973e-02,4.52967973e-02,3.019786,-1.23542391e-01,2.67838198e-03
0.776250,5.27659098e-02,4.52659098e-02,3.017727,-1.23550182e-01,2.68248311e-03
0.776500,5.27350193e-02,4.52350193e-02,3.015668,-1.23562042e-01,2.72397284e-03
0.776750,5.27041263e-02,4.52041263e-02,3.013608,-1.23571731e-01,2.73281610e-03
0.777000,5.26732319e-02,4.51732319e-02,3.011549,-1.23577623e-01,2.75231331e-03
0.777250,5.26423365e-02,4.51423365e-02,3.009489,-1.23581927e-01,2.79760280e-03
0.777500,5.26114408e-02,4.51114408e-02,3.007429,-1.23582628e-01,2.82973637e-03
0.777750,5.25805463e-02,4.50805463e-02,3.005370,-1.23578189e-01,2.82755412e-03
0.778000,5.25496535e-02,4.50496535e-02,3.003310,-1.23571209e-01,2.85385833e-03
0.778250,5.25187626e-02,4.50187626e-02,3.001251,-1.23563245e-01,2.80538092e-03
0.778500,5.24878738e-02,4.49878738e-02,2.999192,-1.23555265e-01,2.76164756e-03
0.778750,5.24569855e-02,4.49569855e-02,2.997132,-1.23553198e-01,2.75761266e-03
0.779000,5.24260968e-02,4.49260968e-02,2.995073,-1.23554900e-01,2.75742244e-03
0.779250,5.23952076e-02,4.48952076e-02,2.993014,-1.23556942e-01,2.74682849e-03
0.779500,5.23643177e-02,4.48643177e-02,2.990955,-1.23559468e-01,2.69487756e-03
0.779750,5.23334264e-02,4.48334264e-02,2.988895,-1.23565161e-01,2.65860273e-03
0.780000,5.23025322e-02,4.48025322e-02,2.986835,-1.23576723e-01,2.74079918e-03
0.780250,5.22716353e-02,4.47716353e-02,2.984776,-1.23587629e-01,2.75649036e-03
0.780500,5.22407375e-02,4.47407375e-02,2.982716,-1.23591092e-01,2.71720046e-03
0.780750,5.22098388e-02,4.47098388e-02,2.980656,-1.23595004e-01,2.69597929e-03
0.781000,5.21789380e-02,4.46789380e-02,2.978596,-1.23603081e-01,2.74063271e-03
0.781250,5.21480353e-02,4.46480353e-02,2.976536,-1.23610925e-01,2.75865257e-03
0.781500,5.21171317e-02,4.46171317e-02,2.974475,-1.23614307e-01,2.73296124e-03
0.781750,5.20862274e-02,4.45862274e-02,2.972415,-1.23617345e-01,2.80011951e-03
0.782000,5.20553225e-02,4.45553225e-02,2.970355,-1.23619524e-01,2.81050235e-03
0.782250,5.20244186e-02,4.45244186e-02,2.968295,-1.23615729e-01,2.83457608e-03
0.782500,5.19935161e-02,4.44935161e-02,2.966234,-1.23610018e-01,2.84145267e-03
0.782750,5.19626156e-02,4.44626156e-02,2.964174,-1.23602026e-01,2.79259432e-03
0.783000,5.19317167e-02,4.44317167e-02,2.962114,-1.23595629e-01,2.77566968e-03
0.783250,5.19008182e-02,4.44008182e-02,2.960055,-1.23593992e-01,2.79624608e-03
0.783500,5.18699199e-02,4.43699199e-02,2.957995,-1.23592835e-01,2.75053008e-03
0.783750,5.18390219e-02,4.43390219e-02,2.955935,-1.23592010e-01,2.71596437e-03
0.784000,5.18081228e-02,4.43081228e-02,2.953875,-1.23596466e-01,2.70434002e-03
0.784250,5.17772218e-02,4.42772218e-02,2.951815,-1.23604275e-01,2.65503490e-03
0.784500,5.17463180e-02,4.42463180e-02,2.949755,-1.23615217e-01,2.70060554e-03
0.784750,5.17154109e-02,4.42154109e-02,2.947694,-1.23628193e-01,2.72793045e-03
0.785000,5.16845018e-02,4.41845018e-02,2.945633,-1.23636219e-01,2.67757041e-03
0.785250,5.16535908e-02,4.41535908e-02,2.943573,-1.23644228e-01,2.68465064e-03
0.785500,5.16226768e-02,4.41226768e-02,2.941512,-1.23656059e-01,2.72974968e-03
0.785750,5.15917604e-02,4.40917604e-02,2.939451,-1.23665315e-01,2.73252301e-03
0.786000,5.15608428e-02,4.40608428e-02,2.937390,-1.23670746e-01,2.76943128e-03
0.786250,5.15299242e-02,4.40299242e-02,2.935328,-1.23674317e-01,2.81858165e-03
0.786500,5.14990060e-02,4.39990060e-02,2.933267,-1.23672685e-01,2.81888945e-03
0.786750,5.14680893e-02,4.39680893e-02,2.931206,-1.23667003e-01,2.84272204e-03
0.787000,5.14371742e-02,4.39371742e-02,2.929145,-1.23660243e-01,2.84521118e-03
0.787250,5.14062613e-02,4.39062613e-02,2.927084,-1.23651416e-01,2.79141737e-03
0.787500,5.13753502e-02,4.38753502e-02,2.925023,-1.23644763e-01,2.76209060e-03
0.787750,5.13444392e-02,4.38444392e-02,2.922963,-1.23643823e-01,2.75775703e-03
0.788000,5.13135278e-02,4.38135278e-02,2.920902,-1.23645483e-01,2.75590430e-03
0.788250,5.12826159e-02,4.37826159e-02,2.918841,-1.23647580e-01,2.74436859e-03
0.788500,5.12517033e-02,4.37517033e-02,2.916780,-1.23650340e-01,2.69959645e-03
0.788750,5.12207893e-02,4.37207893e-02,2.914719,-1.23656025e-01,2.66508825e-03
0.789000,5.11898726e-02,4.36898726e-02,2.912658,-1.23666913e-01,2.74431895e-03
0.789250,5.11589533e-02,4.36589533e-02,2.910597,-1.23677131e-01,2.74618228e-03
0.789500,5.11280331e-02,4.36280331e-02,2.908536,-1.23680761e-01,2.70986491e-03
0.789750,5.10971117e-02,4.35971117e-02,2.906474,-1.23685844e-01,2.71486405e-03
0.790000,5.10661883e-02,4.35661883e-02,2.904413,-1.23693688e-01,2.75494608e-03
0.790250,5.10352634e-02,4.35352634e-02,2.902351,-1.23699349e-01,2.75026492e-03
0.790500,5.10043379e-02,4.35043379e-02,2.900289,-1.23701926e-01,2.73340296e-03
0.790750,5.09734115e-02,4.34734115e-02,2.898227,-1.23705634e-01,2.81819838e-03
0.791000,5.09424848e-02,4.34424848e-02,2.896166,-1.23706976e-01,2.80353502e-03
0.791250,5.09115593e-02,4.34115593e-02,2.894104,-1.23702005e-01,2.84231221e-03
0.791500,5.08806352e-02,4.33806352e-02,2.892042,-1.23696524e-01,2.84270662e-03
0.791750,5.08497132e-02,4.33497132e-02,2.889981,-1.23687842e-01,2.79532512e-03
0.792000,5.08187929e-02,4.33187929e-02,2.887920,-1.23681221e-01,2.76780305e-03
0.792250,5.07878730e-02,4.32878730e-02,2.885858,-1.23679708e-01,2.79139080e-03
0.792500,5.07569531e-02,4.32569531e-02,2.883797,-1.23679412e-01,2.74778071e-03
0.792750,5.07260333e-02,4.32260333e-02,2.881736,-1.23679107e-01,2.71479983e-03
0.793000,5.06951124e-02,4.31951124e-02,2.879674,-1.23683840e-01,2.70997435e-03
0.793250,5.06641895e-02,4.31641895e-02,2.877613,-1.23691495e-01,2.64987574e-03
0.793500,5.06332639e-02,4.31332639e-02,2.875551,-1.23702203e-01,2.70939193e-03
0.793750,5.06023351e-02,4.31023351e-02,2.873489,-1.23715214e-01,2.72751372e-03
0.794000,5.05714045e-02,4.30714045e-02,2.871427,-1.23722537e-01,2.67081521e-03
0.794250,5.05404718e-02,4.30404718e-02,2.869365,-1.23730879e-01,2.71700121e-03
0.794500,5.05095363e-02,4.30095363e-02,2.867302,-1.23741835e-01,2.73408363e-03
0.794750,5.04785993e-02,4.29785993e-02,2.865240,-1.23748243e-01,2.71256498e-03
0.795000,5.04476607e-02,4.29476607e-02,2.863177,-1.23754200e-01,2.76538309e-03
0.795250,5.04167208e-02,4.29167208e-02,2.861115,-1.23759588e-01,2.81600301e-03
0.795500,5.03857812e-02,4.28857812e-02,2.859052,-1.23758403e-01,2.82701462e-03
0.795750,5.03548431e-02,4.28548431e-02,2.856990,-1.23752574e-01,2.84733500e-03
0.796000,5.03239068e-02,4.28239068e-02,2.854927,-1.23744943e-01,2.85897829e-03
0.796250,5.02929731e-02,4.27929731e-02,2.852865,-1.23735128e-01,2.79395993e-03
0.796500,5.02620413e-02,4.27620413e-02,2.850803,-1.23727233e-01,2.74618630e-03
0.796750,5.02311096e-02,4.27311096e-02,2.848741,-1.23726787e-01,2.77662359e-03
0.797000,5.02001773e-02,4.27001773e-02,2.846678,-1.23728918e-01,2.74530054e-03
0.797250,5.01692448e-02,4.26692448e-02,2.844616,-1.23729935e-01,2.72917353e-03
0.797500,5.01383113e-02,4.26383113e-02,2.842554,-1.23734237e-01,2.70154903e-03
0.797750,5.01073760e-02,4.26073760e-02,2.840492,-1.23741084e-01,2.66998003e-03
0.798000,5.00764381e-02,4.25764381e-02,2.838429,-1.23751595e-01,2.73558856e-03
0.798250,5.00454977e-02,4.25454977e-02,2.836367,-1.23761797e-01,2.76159999e-03
0.798500,5.00145563e-02,4.25145563e-02,2.834304,-1.23765463e-01,2.71086426e-03
0.798750,4.99836140e-02,4.24836140e-02,2.832241,-1.23769236e-01,2.72476890e-03
0.799000,4.99526699e-02,4.24526699e-02,2.830178,-1.23776560e-01,2.75444937e-03
0.799250,4.99217245e-02,4.24217245e-02,2.828115,-1.23781430e-01,2.74753295e-03
0.799500,4.98907785e-02,4.23907785e-02,2.826052,-1.23784169e-01,2.72030359e-03
0.799750,4.98598313e-02,4.23598313e-02,2.823989,-1.23788679e-01,2.81245020e-03
0.800000,4.98288834e-02,4.23288834e-02,2.821926,-1.23791352e-01,2.80822507e-03
0.800250,4.97979368e-02,4.22979368e-02,2.819862,-1.23786645e-01,2.84460306e-03
0.800500,4.97669916e-02,4.22669916e-02,2.817799,-1.23780677e-01,2.82635562e-03
0.800750,4.97360485e-02,4.22360485e-02,2.815737,-1.23772530e-01,2.82898095e-03
0.801000,4.97051070e-02,4.22051070e-02,2.813674,-1.23765764e-01,2.76598526e-03
0.801250,4.96741666e-02,4.21741666e-02,2.811611,-1.23761568e-01,2.80941160e-03
0.801500,4.96432265e-02,4.21432265e-02,2.809548,-1.23760624e-01,2.71537997e-03
0.801750,4.96122864e-02,4.21122864e-02,2.807486,-1.23760272e-01,2.70710611e-03
0.802000,4.95813444e-02,4.20813444e-02,2.805423,-1.23768006e-01,2.70694280e-03
0.802250,4.95504003e-02,4.20504003e-02,2.803360,-1.23776426e-01,2.65132804e-03
0.802500,4.95194535e-02,4.20194535e-02,2.801297,-1.23787319e-01,2.71328737e-03
0.802750,4.94885035e-02,4.19885035e-02,2.799234,-1.23800038e-01,2.72519377e-03
0.803000,4.94575517e-02,4.19575517e-02,2.797170,-1.23807144e-01,2.66503077e-03
0.803250,4.94265977e-02,4.19265977e-02,2.795107,-1.23815933e-01,2.72011234e-03
0.803500,4.93956409e-02,4.18956409e-02,2.793043,-1.23827226e-01,2.74201404e-03
0.803750,4.93646826e-02,4.18646826e-02,2.790979,-1.23833028e-01,2.71769790e-03
0.804000,4.93337231e-02,4.18337231e-02,2.788915,-1.23838107e-01,2.77087819e-03
0.804250,4.93027624e-02,4.18027624e-02,2.786851,-1.23842831e-01,2.81932841e-03
0.804500,4.92718021e-02,4.17718021e-02,2.784787,-1.23841047e-01,2.81599443e-03
0.804750,4.92408433e-02,4.17408433e-02,2.782723,-1.23835432e-01,2.83793397e-03
0.805000,4.92098860e-02,4.17098860e-02,2.780659,-1.23829122e-01,2.85648263e-03
0.805250,4.91789310e-02,4.16789310e-02,2.778595,-1.23820189e-01,2.79690948e-03
0.805500,4.91479779e-02,4.16479779e-02,2.776532,-1.23812368e-01,2.76107121e-03
0.805750,4.91170251e-02,4.16170251e-02,2.774468,-1.23811022e-01,2.79686130e-03
0.806000,4.90860724e-02,4.15860724e-02,2.772405,-1.23811037e-01,2.73082834e-03
0.806250,4.90551196e-02,4.15551196e-02,2.770341,-1.23811032e-01,2.72249980e-03
0.806500,4.90241654e-02,4.15241654e-02,2.768278,-1.23816817e-01,2.67994895e-03
0.806750,4.89932091e-02,4.14932091e-02,2.766214,-1.23825167e-01,2.66361757e-03
0.807000,4.89622497e-02,4.14622497e-02,2.764150,-1.23837733e-01,2.75866528e-03
0.807250,4.89312878e-02,4.14312878e-02,2.762086,-1.23847437e-01,2.76403681e-03
0.807500,4.89003255e-02,4.14003255e-02,2.760022,-1.23849100e-01,2.71590664e-03
0.807750,4.88693624e-02,4.13693624e-02,2.757957,-1.23852450e-01,2.71750005e-03
0.808000,4.88383975e-02,4.13383975e-02,2.755893,-1.23859681e-01,2.75920232e-03
0.808250,4.88074313e-02,4.13074313e-02,2.753829,-1.23864938e-01,2.73939181e-03
0.808500,4.87764644e-02,4.12764644e-02,2.751764,-1.23867647e-01,2.75085833e-03
0.808750,4.87454965e-02,4.12454965e-02,2.749700,-1.23871475e-01,2.81079851e-03
0.809000,4.87145286e-02,4.12145286e-02,2.747635,-1.23871712e-01,2.78992178e-03
0.809250,4.86835616e-02,4.11835616e-02,2.745571,-1.23867950e-01,2.83809479e-03
0.809500,4.86525956e-02,4.11525956e-02,2.743506,-1.23863773e-01,2.82105726e-03
0.809750,4.86216315e-02,4.11216315e-02,2.741442,-1.23856394e-01,2.81644965e-03
0.810000,4.85906689e-02,4.10906689e-02,2.739378,-1.23850617e-01,2.80577312e-03
0.810250,4.85597075e-02,4.10597075e-02,2.737314,-1.23845691e-01,2.83072212e-03
0.810500,4.85287473e-02,4.10287473e-02,2.735250,-1.23840538e-01,2.70928477e-03
0.810750,4.84977876e-02,4.09977876e-02,2.733186,-1.23838706e-01,2.68781991e-03
0.811000,4.84668257e-02,4.09668257e-02,2.731122,-1.23847793e-01,2.67817255e-03
0.811250,4.84358609e-02,4.09358609e-02,2.729057,-1.23859068e-01,2.64912019e-03
0.811500,4.84048928e-02,4.09048928e-02,2.726993,-1.23872421e-01,2.72570007e-03
0.811750,4.83739216e-02,4.08739216e-02,2.724928,-1.23884773e-01,2.72596587e-03
0.812000,4.83429489e-02,4.08429489e-02,2.722863,-1.23890826e-01,2.71344867e-03
0.812250,4.83119746e-02,4.08119746e-02,2.720798,-1.23897410e-01,2.71053500e-03
0.812500,4.82809983e-02,4.07809983e-02,2.718733,-1.23905151e-01,2.74244369e-03
0.812750,4.82500204e-02,4.07500204e-02,2.716668,-1.23911720e-01,2.72154367e-03
0.813000,4.82190412e-02,4.07190412e-02,2.714603,-1.23916594e-01,2.75323723e-03
0.813250,4.81880608e-02,4.06880608e-02,2.712537,-1.23921782e-01,2.82301529e-03
0.813500,4.81570804e-02,4.06570804e-02,2.710472,-1.23921284e-01,2.81287964e-03
0.813750,4.81261016e-02,4.06261016e-02,2.708407,-1.23915504e-01,2.84450246e-03
0.814000,4.80951243e-02,4.05951243e-02,2.706342,-1.23909159e-01,2.84166109e-03
0.814250,4.80641492e-02,4.05641492e-02,2.704277,-1.23900343e-01,2.77943455e-03
0.814500,4.80331756e-02,4.05331756e-02,2.702212,-1.23894511e-01,2.77566967e-03
0.814750,4.80022021e-02,4.05022021e-02,2.700147,-1.23893954e-01,2.82025322e-03
0.815000,4.79712291e-02,4.04712291e-02,2.698082,-1.23891736e-01,2.75041945e-03
0.815250,4.79402569e-02,4.04402569e-02,2.696017,-1.23888945e-01,2.70203363e-03
0.815500,4.79092834e-02,4.04092834e-02,2.693952,-1.23894026e-01,2.65113823e-03
0.815750,4.78783071e-02,4.03783071e-02,2.691887,-1.23905330e-01,2.65491847e-03
0.816000,4.78473269e-02,4.03473269e-02,2.689822,-1.23920646e-01,2.78479756e-03
0.816250,4.78163444e-02,4.03163444e-02,2.687756,-1.23929909e-01,2.77030306e-03
0.816500,4.77853621e-02,4.02853621e-02,2.685691,-1.23929150e-01,2.73773872e-03
0.816750,4.77543794e-02,4.02543794e-02,2.683625,-1.23931020e-01,2.70076997e-03
0.817000,4.77233951e-02,4.02233951e-02,2.681560,-1.23937198e-01,2.76610690e-03
0.817250,4.76924092e-02,4.01924092e-02,2.679494,-1.23943523e-01,2.73673200e-03
0.817500,4.76614228e-02,4.01614228e-02,2.677428,-1.23945782e-01,2.73763940e-03
0.817750,4.76304351e-02,4.01304351e-02,2.675362,-1.23950413e-01,2.80550460e-03
0.818000,4.75994472e-02,4.00994472e-02,2.673296,-1.23951970e-01,2.80378262e-03
0.818250,4.75684601e-02,4.00684601e-02,2.671231,-1.23948030e-01,2.85643602e-03
0.818500,4.75374747e-02,4.00374747e-02,2.669165,-1.23941904e-01,2.80777442e-03
0.818750,4.75064913e-02,4.00064913e-02,2.667099,-1.23933606e-01,2.79844521e-03
0.819000,4.74755088e-02,3.99755088e-02,2.665034,-1.23929716e-01,2.79857900e-03
0.819250,4.74445272e-02,3.99445272e-02,2.662968,-1.23926586e-01,2.83147850e-03
0.819500,4.74135467e-02,3.99135467e-02,2.660903,-1.23921990e-01,2.73142801e-03
0.819750,4.73825669e-02,3.98825669e-02,2.658838,-1.23919117e-01,2.69007907e-03
0.820000,4.73515853e-02,3.98515853e-02,2.656772,-1.23926286e-01,2.67102437e-03
0.820250,4.73206009e-02,3.98206009e-02,2.654707,-1.23937692e-01,2.63755813e-03
0.820500,4.72896129e-02,3.97896129e-02,2.652641,-1.23952143e-01,2.74210532e-03
0.820750,4.72586217e-02,3.97586217e-02,2.650575,-1.23964719e-01,2.73351869e-03
0.821000,4.72276294e-02,3.97276294e-02,2.648509,-1.23969091e-01,2.70488408e-03
0.821250,4.71966356e-02,3.96966356e-02,2.646442,-1.23975434e-01,2.69105329e-03
0.821500,4.71656394e-02,3.96656394e-02,2.644376,-1.23984739e-01,2.74501959e-03
0.821750,4.71346412e-02,3.96346412e-02,2.642309,-1.23992794e-01,2.71325974e-03
0.822000,4.71036417e-02,3.96036417e-02,2.640243,-1.23997823e-01,2.76633284e-03
0.822250,4.70726410e-02,3.95726410e-02,2.638176,-1.24003112e-01,2.82747263e-03
0.822500,4.70416406e-02,3.95416406e-02,2.636109,-1.24001341e-01,2.82076803e-03
0.822750,4.70106419e-02,3.95106419e-02,2.634043,-1.23994847e-01,2.88595000e-03
0.823000,4.69796454e-02,3.94796454e-02,2.631976,-1.23986022e-01,2.82050968e-03
0.823250,4.69486517e-02,3.94486517e-02,2.629910,-1.23974738e-01,2.75962725e-03
0.823500,4.69176588e-02,3.94176588e-02,2.627844,-1.23971518e-01,2.75781419e-03
0.823750,4.68866655e-02,3.93866655e-02,2.625778,-1.23973377e-01,2.81573679e-03
0.824000,4.68556723e-02,3.93556723e-02,2.623711,-1.23972825e-01,2.78580942e-03
0.824250,4.68246801e-02,3.93246801e-02,2.621645,-1.23968839e-01,2.71053064e-03
0.824500,4.67936874e-02,3.92936874e-02,2.619579,-1.23970639e-01,2.65651063e-03
0.824750,4.67626922e-02,3.92626922e-02,2.617513,-1.23981008e-01,2.63633389e-03
0.825000,4.67316930e-02,3.92316930e-02,2.615446,-1.23996704e-01,2.77020931e-03
0.825250,4.67006910e-02,3.92006910e-02,2.613379,-1.24008139e-01,2.76575186e-03
0.825500,4.66696888e-02,3.91696888e-02,2.611313,-1.24008778e-01,2.73387345e-03
0.825750,4.66386860e-02,3.91386860e-02,2.609246,-1.24011193e-01,2.73355362e-03
0.826000,4.66076819e-02,3.91076819e-02,2.607179,-1.24016239e-01,2.76431656e-03
0.826250,4.65766769e-02,3.90766769e-02,2.605112,-1.24019952e-01,2.70258697e-03
0.826500,4.65456710e-02,3.90456710e-02,2.603045,-1.24023868e-01,2.75043574e-03
0.826750,4.65146633e-02,3.90146633e-02,2.600978,-1.24030736e-01,2.81460853e-03
0.827000,4.64836556e-02,3.89836556e-02,2.598910,-1.24030839e-01,2.81139612e-03
0.827250,4.64526491e-02,3.89526491e-02,2.596843,-1.24025816e-01,2.89967102e-03
0.827500,4.64216448e-02,3.89216448e-02,2.594776,-1.24017153e-01,2.78882275e-03
0.827750,4.63906433e-02,3.88906433e-02,2.592710,-1.24006143e-01,2.77389923e-03
0.828000,4.63596421e-02,3.88596421e-02,2.590643,-1.24004894e-01,2.78305643e-03
0.828250,4.63286409e-02,3.88286409e-02,2.588576,-1.24004466e-01,2.84247380e-03
0.828500,4.62976408e-02,3.87976408e-02,2.586509,-1.24000659e-01,2.73174656e-03
0.828750,4.62666416e-02,3.87666416e-02,2.584443,-1.23996868e-01,2.69703467e-03
0.829000,4.62356406e-02,3.87356406e-02,2.582376,-1.24003704e-01,2.67412629e-03
0.829250,4.62046370e-02,3.87046370e-02,2.580309,-1.24014402e-01,2.62816317e-03
0.829500,4.61736298e-02,3.86736298e-02,2.578242,-1.24029013e-01,2.72963340e-03
0.829750,4.61426191e-02,3.86426191e-02,2.576175,-1.24042912e-01,2.72680634e-03
0.830000,4.61116069e-02,3.86116069e-02,2.574107,-1.24048605e-01,2.70778689e-03
0.830250,4.60805931e-02,3.85805931e-02,2.572040,-1.24055370e-01,2.71536470e-03
0.830500,4.60495772e-02,3.85495772e-02,2.569972,-1.24063363e-01,2.74129451e-03
0.830750,4.60185598e-02,3.85185598e-02,2.567904,-1.24069586e-01,2.70573873e-03
0.831000,4.59875410e-02,3.84875410e-02,2.565836,-1.24075253e-01,2.79433833e-03
0.831250,4.59565210e-02,3.84565210e-02,2.563768,-1.24079922e-01,2.85479076e-03
0.831500,4.59255024e-02,3.84255024e-02,2.561700,-1.24074644e-01,2.83880389e-03
0.831750,4.58944861e-02,3.83944861e-02,2.559632,-1.24065110e-01,2.86568392e-03
0.832000,4.58634722e-02,3.83634722e-02,2.557565,-1.24055699e-01,2.78967462e-03
0.832250,4.58324603e-02,3.83324603e-02,2.555497,-1.24047442e-01,2.74851125e-03
0.832500,4.58014485e-02,3.83014485e-02,2.553430,-1.24047246e-01,2.77285411e-03
0.832750,4.57704362e-02,3.82704362e-02,2.551362,-1.24049353e-01,2.82655448e-03
0.833000,4.57394244e-02,3.82394244e-02,2.549295,-1.24047087e-01,2.76292673e-03
0.833250,4.57084136e-02,3.82084136e-02,2.547228,-1.24043225e-01,2.68494130e-03
0.833500,4.56774016e-02,3.81774016e-02,2.545160,-1.24048035e-01,2.65799503e-03
0.833750,4.56463865e-02,3.81463865e-02,2.543092,-1.24060440e-01,2.64673146e-03
0.834000,4.56153676e-02,3.81153676e-02,2.541025,-1.24075554e-01,2.78037676e-03
0.834250,4.55843461e-02,3.80843461e-02,2.538956,-1.24085685e-01,2.75708750e-03
0.834500,4.55533247e-02,3.80533247e-02,2.536888,-1.24085873e-01,2.73870997e-03
0.834750,4.55223025e-02,3.80223025e-02,2.534820,-1.24088785e-01,2.73711247e-03
0.835000,4.54912792e-02,3.79912792e-02,2.532752,-1.24093277e-01,2.76080920e-03
0.835250,4.54602549e-02,3.79602549e-02,2.530684,-1.24096853e-01,2.70928308e-03
0.835500,4.54292298e-02,3.79292298e-02,2.528615,-1.24100760e-01,2.77931212e-03
0.835750,4.53982033e-02,3.78982033e-02,2.526547,-1.24105803e-01,2.83024592e-03
0.836000,4.53671776e-02,3.78671776e-02,2.524479,-1.24102844e-01,2.86017993e-03
0.836250,4.53361540e-02,3.78361540e-02,2.522410,-1.24094379e-01,2.86797623e-03
0.836500,4.53051332e-02,3.78051332e-02,2.520342,-1.24083113e-01,2.76664427e-03
0.836750,4.52741143e-02,3.77741143e-02,2.518274,-1.24075686e-01,2.75392004e-03
0.837000,4.52430950e-02,3.77430950e-02,2.516206,-1.24077141e-01,2.79714270e-03
0.837250,4.52120756e-02,3.77120756e-02,2.514138,-1.24077730e-01,2.83126402e-03
0.837500,4.51810573e-02,3.76810573e-02,2.512070,-1.24073262e-01,2.73406746e-03
0.837750,4.51500397e-02,3.76500397e-02,2.510003,-1.24070289e-01,2.67985207e-03
0.838000,4.51190203e-02,3.76190203e-02,2.507935,-1.24077694e-01,2.65823076e-03
0.838250,4.50879976e-02,3.75879976e-02,2.505867,-1.24090506e-01,2.64576506e-03
0.838500,4.50569712e-02,3.75569712e-02,2.503798,-1.24105644e-01,2.77620352e-03
0.838750,4.50259422e-02,3.75259422e-02,2.501729,-1.24116038e-01,2.70959024e-03
0.839000,4.49949126e-02,3.74949126e-02,2.499661,-1.24118669e-01,2.71336592e-03
0.839250,4.49638809e-02,3.74638809e-02,2.497592,-1.24126601e-01,2.70696912e-03
0.839500,4.49328473e-02,3.74328473e-02,2.495523,-1.24134506e-01,2.73592277e-03
0.839750,4.49018119e-02,3.74018119e-02,2.493454,-1.24141657e-01,2.74910467e-03
0.840000,4.48707754e-02,3.73707754e-02,2.491385,-1.24145848e-01,2.80908035e-03
0.840250,4.48397388e-02,3.73397388e-02,2.489316,-1.24146304e-01,2.85319205e-03
0.840500,4.48087039e-02,3.73087039e-02,2.487247,-1.24139887e-01,2.82507597e-03
0.840750,4.47776711e-02,3.72776711e-02,2.485178,-1.24131090e-01,2.84724795e-03
0.841000,4.47466402e-02,3.72466402e-02,2.483109,-1.24123622e-01,2.78860240e-03
0.841250,4.47156110e-02,3.72156110e-02,2.481041,-1.24116926e-01,2.74742342e-03
0.841500,4.46845817e-02,3.71845817e-02,2.478972,-1.24116866e-01,2.78885593e-03
0.841750,4.46535521e-02,3.71535521e-02,2.476903,-1.24118355e-01,2.79976222e-03
0.842000,4.46225232e-02,3.71225232e-02,2.474835,-1.24115960e-01,2.75143571e-03
0.842250,4.45914945e-02,3.70914945e-02,2.472766,-1.24114806e-01,2.69181563e-03
0.842500,4.45604644e-02,3.70604644e-02,2.470698,-1.24120255e-01,2.65445757e-03
0.842750,4.45294313e-02,3.70294313e-02,2.468629,-1.24132252e-01,2.71612558e-03
0.843000,4.44983952e-02,3.69983952e-02,2.466560,-1.24144589e-01,2.79214618e-03
0.843250,4.44673581e-02,3.69673581e-02,2.464491,-1.24148502e-01,2.72050419e-03
0.843500,4.44363207e-02,3.69363207e-02,2.462421,-1.24149341e-01,2.73127450e-03
0.843750,4.44052818e-02,3.69052818e-02,2.460352,-1.24155585e-01,2.74897523e-03
0.844000,4.43742418e-02,3.68742418e-02,2.458283,-1.24160163e-01,2.75607493e-03
0.844250,4.43432010e-02,3.68432010e-02,2.456213,-1.24162974e-01,2.72018486e-03
0.844500,4.43121593e-02,3.68121593e-02,2.454144,-1.24166789e-01,2.77952797e-03
0.844750,4.42811166e-02,3.67811166e-02,2.452074,-1.24170926e-01,2.83521355e-03
0.845000,4.42500747e-02,3.67500747e-02,2.450005,-1.24167730e-01,2.85391823e-03
0.845250,4.42190349e-02,3.67190349e-02,2.447936,-1.24159134e-01,2.87003808e-03
0.845500,4.41879978e-02,3.66879978e-02,2.445867,-1.24148291e-01,2.80116144e-03
0.845750,4.41569630e-02,3.66569630e-02,2.443798,-1.24139168e-01,2.77309198e-03
0.846000,4.41259288e-02,3.66259288e-02,2.441729,-1.24136942e-01,2.77404285e-03
0.846250,4.40948945e-02,3.65948945e-02,2.439660,-1.24136978e-01,2.76755150e-03
0.846500,4.40638602e-02,3.65638602e-02,2.437591,-1.24137224e-01,2.72827127e-03
0.846750,4.40328253e-02,3.65328253e-02,2.435522,-1.24139738e-01,2.69589339e-03
0.847000,4.40017886e-02,3.65017886e-02,2.433453,-1.24146910e-01,2.67214368e-03
0.847250,4.39707491e-02,3.64707491e-02,2.431383,-1.24157789e-01,2.71605165e-03
0.847500,4.39397070e-02,3.64397070e-02,2.429314,-1.24168677e-01,2.74160081e-03
0.847750,4.39086633e-02,3.64086633e-02,2.427244,-1.24174831e-01,2.68181323e-03
0.848000,4.38776179e-02,3.63776179e-02,2.425175,-1.24181530e-01,2.70371317e-03
0.848250,4.38465698e-02,3.63465698e-02,2.423105,-1.24192170e-01,2.72996341e-03
0.848500,4.38155199e-02,3.63155199e-02,2.421035,-1.24199852e-01,2.73503055e-03
0.848750,4.37844686e-02,3.62844686e-02,2.418965,-1.24205154e-01,2.75629624e-03
0.849000,4.37534163e-02,3.62534163e-02,2.416894,-1.24209100e-01,2.80446889e-03
0.849250,4.37223640e-02,3.62223640e-02,2.414824,-1.24209170e-01,2.83744201e-03
0.849500,4.36913131e-02,3.61913131e-02,2.412754,-1.24203827e-01,2.83315895e-03
0.849750,4.36602641e-02,3.61602641e-02,2.410684,-1.24195966e-01,2.86143045e-03
0.850000,4.36292173e-02,3.61292173e-02,2.408614,-1.24187208e-01,2.81042995e-03
0.850250,4.35981727e-02,3.60981727e-02,2.406545,-1.24178382e-01,2.77100669e-03
0.850500,4.35671288e-02,3.60671288e-02,2.404475,-1.24175487e-01,2.76240586e-03
0.850750,4.35360847e-02,3.60360847e-02,2.402406,-1.24176209e-01,2.76073308e-03
0.851000,4.35050403e-02,3.60050403e-02,2.400336,-1.24177711e-01,2.75218235e-03
0.851250,4.34739954e-02,3.59739954e-02,2.398266,-1.24179729e-01,2.70911224e-03
0.851500,4.34429493e-02,3.59429493e-02,2.396197,-1.24184352e-01,2.67267918e-03
0.851750,4.34119008e-02,3.59119008e-02,2.394127,-1.24194123e-01,2.74978360e-03
0.852000,4.33808499e-02,3.58808499e-02,2.392057,-1.24203476e-01,2.75092191e-03
0.852250,4.33497983e-02,3.58497983e-02,2.389987,-1.24206448e-01,2.71545867e-03
0.852500,4.33187456e-02,3.58187456e-02,2.387916,-1.24210895e-01,2.72858913e-03
0.852750,4.32876911e-02,3.57876911e-02,2.385846,-1.24217672e-01,2.76510555e-03
0.853000,4.32566357e-02,3.57566357e-02,2.383776,-1.24221758e-01,2.75073652e-03
0.853250,4.32255798e-02,3.57255798e-02,2.381705,-1.24223480e-01,2.73485296e-03
0.853500,4.31945231e-02,3.56945231e-02,2.379635,-1.24227084e-01,2.82558552e-03
0.853750,4.31634661e-02,3.56634661e-02,2.377564,-1.24227982e-01,2.81657139e-03
0.854000,4.31324106e-02,3.56324106e-02,2.375494,-1.24221828e-01,2.85104228e-03
0.854250,4.31013569e-02,3.56013569e-02,2.373424,-1.24214890e-01,2.84153066e-03
0.854500,4.30703055e-02,3.55703055e-02,2.371354,-1.24205543e-01,2.81290578e-03
0.854750,4.30392559e-02,3.55392559e-02,2.369284,-1.24198242e-01,2.77744955e-03
0.855000,4.30082072e-02,3.55082072e-02,2.367214,-1.24194859e-01,2.81693740e-03
0.855250,4.29771591e-02,3.54771591e-02,2.365144,-1.24192641e-01,2.73189067e-03
0.855500,4.29461113e-02,3.54461113e-02,2.363074,-1.24190941e-01,2.71551381e-03
0.855750,4.29150621e-02,3.54150621e-02,2.361004,-1.24196948e-01,2.71196737e-03
0.856000,4.28840110e-02,3.53840110e-02,2.358934,-1.24204456e-01,2.65797308e-03
0.856250,4.28529573e-02,3.53529573e-02,2.356864,-1.24214642e-01,2.71966958e-03
0.856500,4.28219007e-02,3.53219007e-02,2.354793,-1.24226534e-01,2.73145129e-03
0.856750,4.27908425e-02,3.52908425e-02,2.352723,-1.24232839e-01,2.67064210e-03
0.857000,4.27597823e-02,3.52597823e-02,2.350652,-1.24240866e-01,2.72555691e-03
0.857250,4.27287194e-02,3.52287194e-02,2.348581,-1.24251457e-01,2.74726405e-03
0.857500,4.26976552e-02,3.51976552e-02,2.346510,-1.24256580e-01,2.72306419e-03
0.857750,4.26665900e-02,3.51665900e-02,2.344439,-1.24260991e-01,2.78133145e-03
0.858000,4.26355238e-02,3.51355238e-02,2.342368,-1.24264812e-01,2.82229690e-03
0.858250,4.26044583e-02,3.51044583e-02,2.340297,-1.24262039e-01,2.82155683e-03
0.858500,4.25733943e-02,3.50733943e-02,2.338226,-1.24255934e-01,2.84543137e-03
0.858750,4.25423321e-02,3.50423321e-02,2.336155,-1.24248835e-01,2.86191554e-03
0.859000,4.25112723e-02,3.50112723e-02,2.334085,-1.24239048e-01,2.79663023e-03
0.859250,4.24802146e-02,3.49802146e-02,2.332014,-1.24230793e-01,2.77618016e-03
0.859500,4.24491574e-02,3.49491574e-02,2.329944,-1.24228802e-01,2.82224466e-03
0.859750,4.24181008e-02,3.49181008e-02,2.327873,-1.24226454e-01,2.76101165e-03
0.860000,4.23870451e-02,3.48870451e-02,2.325803,-1.24223030e-01,2.71163319e-03
0.860250,4.23559884e-02,3.48559884e-02,2.323733,-1.24226818e-01,2.66303822e-03
0.860500,4.23249292e-02,3.48249292e-02,2.321662,-1.24236807e-01,2.66110123e-03
0.860750,4.22938664e-02,3.47938664e-02,2.319591,-1.24250873e-01,2.77264845e-03
0.861000,4.22628014e-02,3.47628014e-02,2.317520,-1.24260165e-01,2.76787961e-03
0.861250,4.22317363e-02,3.47317363e-02,2.315449,-1.24260511e-01,2.71923618e-03
0.861500,4.22006704e-02,3.47006704e-02,2.313378,-1.24263398e-01,2.71604931e-03
0.861750,4.21696028e-02,3.46696028e-02,2.311307,-1.24270420e-01,2.77890394e-03
0.862000,4.21385341e-02,3.46385341e-02,2.309236,-1.24274925e-01,2.75193607e-03
0.862250,4.21074652e-02,3.46074652e-02,2.307164,-1.24275461e-01,2.74549211e-03
0.862500,4.20763956e-02,3.45763956e-02,2.305093,-1.24278497e-01,2.81306416e-03
0.862750,4.20453258e-02,3.45453258e-02,2.303022,-1.24279074e-01,2.79190442e-03
0.863000,4.20142571e-02,3.45142571e-02,2.300950,-1.24275039e-01,2.84221201e-03
0.863250,4.19831894e-02,3.44831894e-02,2.298879,-1.24270517e-01,2.82431305e-03
0.863500,4.19521238e-02,3.44521238e-02,2.296808,-1.24262655e-01,2.82056572e-03
0.863750,4.19210597e-02,3.44210597e-02,2.294737,-1.24256429e-01,2.80938876e-03
0.864000,4.18899969e-02,3.43899969e-02,2.292666,-1.24251005e-01,2.83429366e-03
0.864250,4.18589356e-02,3.43589356e-02,2.290596,-1.24245398e-01,2.72141209e-03
0.864500,4.18278749e-02,3.43278749e-02,2.288525,-1.24242736e-01,2.69738038e-03
0.864750,4.17968123e-02,3.42968123e-02,2.286454,-1.24250405e-01,2.68468064e-03
0.865000,4.17657471e-02,3.42657471e-02,2.284383,-1.24260608e-01,2.64773784e-03
0.865250,4.17346788e-02,3.42346788e-02,2.282312,-1.24273487e-01,2.74683231e-03
0.865500,4.17036075e-02,3.42036075e-02,2.280241,-1.24285018e-01,2.73653246e-03
0.865750,4.16725353e-02,3.41725353e-02,2.278169,-1.24288869e-01,2.68859632e-03
0.866000,4.16414614e-02,3.41414614e-02,2.276097,-1.24295685e-01,2.69939096e-03
0.866250,4.16103849e-02,3.41103849e-02,2.274026,-1.24305959e-01,2.76214656e-03
0.866500,4.15793067e-02,3.40793067e-02,2.271954,-1.24312572e-01,2.71964946e-03
0.866750,4.15482278e-02,3.40482278e-02,2.269882,-1.24315912e-01,2.77241426e-03
0.867000,4.15171477e-02,3.40171477e-02,2.267810,-1.24320408e-01,2.83199538e-03
0.867250,4.14860682e-02,3.39860682e-02,2.265738,-1.24317938e-01,2.82160853e-03
0.867500,4.14549904e-02,3.39549904e-02,2.263666,-1.24311035e-01,2.87354187e-03
0.867750,4.14239147e-02,3.39239147e-02,2.261594,-1.24302689e-01,2.82999529e-03
0.868000,4.13928417e-02,3.38928417e-02,2.259523,-1.24292004e-01,2.77536185e-03
0.868250,4.13617699e-02,3.38617699e-02,2.257451,-1.24287310e-01,2.76736295e-03
0.868500,4.13306980e-02,3.38306980e-02,2.255380,-1.24287456e-01,2.81917686e-03
0.868750,4.12996266e-02,3.37996266e-02,2.253308,-1.24285967e-01,2.78850481e-03
0.869000,4.12685562e-02,3.37685562e-02,2.251237,-1.24281580e-01,2.71525037e-03
0.869250,4.12374854e-02,3.37374854e-02,2.249166,-1.24282950e-01,2.66005360e-03
0.869500,4.12064122e-02,3.37064122e-02,2.247094,-1.24292775e-01,2.64412548e-03
0.869750,4.11753353e-02,3.36753353e-02,2.245022,-1.24307836e-01,2.77620760e-03
0.870000,4.11442557e-02,3.36442557e-02,2.242950,-1.24318365e-01,2.76697435e-03
0.870250,4.11131761e-02,3.36131761e-02,2.240878,-1.24318458e-01,2.74272506e-03
0.870500,4.10820960e-02,3.35820960e-02,2.238806,-1.24320381e-01,2.73899275e-03
0.870750,4.10510149e-02,3.35510149e-02,2.236734,-1.24324460e-01,2.76166217e-03
0.871000,4.10199329e-02,3.35199329e-02,2.234662,-1.24327843e-01,2.70593862e-03
0.871250,4.09888499e-02,3.34888499e-02,2.232590,-1.24331829e-01,2.76272685e-03
0.871500,4.09577655e-02,3.34577655e-02,2.230518,-1.24337879e-01,2.82540386e-03
0.871750,4.09266813e-02,3.34266813e-02,2.228445,-1.24336496e-01,2.81973151e-03
0.872000,4.08955988e-02,3.33955988e-02,2.226373,-1.24330217e-01,2.89958538e-03
0.872250,4.08645186e-02,3.33645186e-02,2.224301,-1.24320874e-01,2.78373285e-03
0.872500,4.08334410e-02,3.33334410e-02,2.222229,-1.24310096e-01,2.77721956e-03
0.872750,4.08023638e-02,3.33023638e-02,2.220158,-1.24309119e-01,2.80283166e-03
0.873000,4.07712869e-02,3.32712869e-02,2.218086,-1.24307543e-01,2.84260789e-03
0.873250,4.07402114e-02,3.32402114e-02,2.216014,-1.24302106e-01,2.72591657e-03
0.873500,4.07091367e-02,3.32091367e-02,2.213942,-1.24298563e-01,2.68205290e-03
0.873750,4.06780601e-02,3.31780601e-02,2.211871,-1.24306539e-01,2.67971700e-03
0.874000,4.06469805e-02,3.31469805e-02,2.209799,-1.24318220e-01,2.64730926e-03
0.874250,4.06158976e-02,3.31158976e-02,2.207727,-1.24331526e-01,2.73580970e-03
0.874500,4.05848117e-02,3.30848117e-02,2.205654,-1.24343580e-01,2.72643439e-03
0.874750,4.05537245e-02,3.30537245e-02,2.203582,-1.24348782e-01,2.73827480e-03
0.875000,4.05226360e-02,3.30226360e-02,2.201509,-1.24354230e-01,2.71792609e-03
0.875250,4.04915461e-02,3.29915461e-02,2.199436,-1.24359606e-01,2.73975359e-03
0.875500,4.04604547e-02,3.29604547e-02,2.197364,-1.24365688e-01,2.73841035e-03
0.875750,4.04293622e-02,3.29293622e-02,2.195291,-1.24370036e-01,2.78956229e-03
0.876000,4.03982691e-02,3.28982691e-02,2.193218,-1.24372234e-01,2.85814372e-03
0.876250,4.03671773e-02,3.28671773e-02,2.191145,-1.24367200e-01,2.84344330e-03
0.876500,4.03360880e-02,3.28360880e-02,2.189073,-1.24357185e-01,2.85946360e-03
0.876750,4.03050011e-02,3.28050011e-02,2.187000,-1.24347669e-01,2.79482095e-03
0.877000,4.02739162e-02,3.27739162e-02,2.184928,-1.24339695e-01,2.75131414e-03
0.877250,4.02428314e-02,3.27428314e-02,2.182855,-1.24338952e-01,2.77578277e-03
0.877500,4.02117463e-02,3.27117463e-02,2.180783,-1.24340700e-01,2.82314706e-03
0.877750,4.01806617e-02,3.26806617e-02,2.178711,-1.24338344e-01,2.76098515e-03
0.878000,4.01495780e-02,3.26495780e-02,2.176639,-1.24334848e-01,2.69511386e-03
0.878250,4.01184931e-02,3.26184931e-02,2.174566,-1.24339368e-01,2.65509595e-03
0.878500,4.00874053e-02,3.25874053e-02,2.172494,-1.24351065e-01,2.66573385e-03
0.878750,4.00563139e-02,3.25563139e-02,2.170421,-1.24365577e-01,2.80609492e-03
0.879000,4.00252207e-02,3.25252207e-02,2.168348,-1.24373011e-01,2.74578448e-03
0.879250,3.99941278e-02,3.24941278e-02,2.166275,-1.24371587e-01,2.73253879e-03
0.879500,3.99630339e-02,3.24630339e-02,2.164202,-1.24375700e-01,2.74021676e-03
0.879750,3.99319387e-02,3.24319387e-02,2.162129,-1.24380562e-01,2.76167191e-03
0.880000,3.99008428e-02,3.24008428e-02,2.160056,-1.24383844e-01,2.72274306e-03
0.880250,3.98697460e-02,3.23697460e-02,2.157983,-1.24387086e-01,2.79620070e-03
0.880500,3.98386484e-02,3.23386484e-02,2.155910,-1.24390277e-01,2.84140103e-03
0.880750,3.98075521e-02,3.23075521e-02,2.153837,-1.24385438e-01,2.84873056e-03
0.881000,3.97764579e-02,3.22764579e-02,2.151764,-1.24376564e-01,2.86299808e-03
0.881250,3.97453663e-02,3.22453663e-02,2.149691,-1.24366457e-01,2.78882327e-03
0.881500,3.97142767e-02,3.22142767e-02,2.147618,-1.24358458e-01,2.76851907e-03
0.881750,3.96831873e-02,3.21831873e-02,2.145546,-1.24357447e-01,2.80115646e-03
0.882000,3.96520982e-02,3.21520982e-02,2.143473,-1.24356660e-01,2.78385164e-03
0.882250,3.96210097e-02,3.21210097e-02,2.141401,-1.24353959e-01,2.73198540e-03
0.882500,3.95899209e-02,3.20899209e-02,2.139328,-1.24354971e-01,2.69723205e-03
0.882750,3.95588305e-02,3.20588305e-02,2.137255,-1.24361778e-01,2.67628464e-03
0.883000,3.95277374e-02,3.20277374e-02,2.135182,-1.24372365e-01,2.67363820e-03
0.883250,3.94966412e-02,3.19966412e-02,2.133109,-1.24384788e-01,2.75691648e-03
0.883500,3.94655428e-02,3.19655428e-02,2.131036,-1.24393747e-01,2.70334435e-03
0.883750,3.94344432e-02,3.19344432e-02,2.128963,-1.24398237e-01,2.71214791e-03
0.884000,3.94033415e-02,3.19033415e-02,2.126889,-1.24406736e-01,2.72909200e-03
0.884250,3.93722381e-02,3.18722381e-02,2.124816,-1.24413763e-01,2.73691035e-03
0.884500,3.93411333e-02,3.18411333e-02,2.122742,-1.24419054e-01,2.76186091e-03
0.884750,3.93100277e-02,3.18100277e-02,2.120669,-1.24422599e-01,2.81467645e-03
0.885000,3.92789222e-02,3.17789222e-02,2.118595,-1.24421761e-01,2.84617755e-03
0.885250,3.92478184e-02,3.17478184e-02,2.116521,-1.24415194e-01,2.84733092e-03
0.885500,3.92167169e-02,3.17167169e-02,2.114448,-1.24405990e-01,2.86560801e-03
0.885750,3.91856180e-02,3.16856180e-02,2.112375,-1.24395883e-01,2.81002475e-03
0.886000,3.91545213e-02,3.16545213e-02,2.110301,-1.24386733e-01,2.76899271e-03
0.886250,3.91234253e-02,3.16234253e-02,2.108228,-1.24383960e-01,2.76939864e-03
0.886500,3.90923292e-02,3.15923292e-02,2.106155,-1.24384538e-01,2.76980396e-03
0.886750,3.90612329e-02,3.15612329e-02,2.104082,-1.24385065e-01,2.75776474e-03
0.887000,3.90301364e-02,3.15301364e-02,2.102009,-1.24386091e-01,2.71344615e-03
0.887250,3.89990389e-02,3.14990389e-02,2.099936,-1.24390065e-01,2.67206928e-03
0.887500,3.89679390e-02,3.14679390e-02,2.097863,-1.24399506e-01,2.75214445e-03
0.887750,3.89368368e-02,3.14368368e-02,2.095789,-1.24408805e-01,2.75691341e-03
0.888000,3.89057340e-02,3.14057340e-02,2.093716,-1.24411318e-01,2.72159042e-03
0.888250,3.88746302e-02,3.13746302e-02,2.091642,-1.24415002e-01,2.73235682e-03
0.888500,3.88435249e-02,3.13435249e-02,2.089568,-1.24421110e-01,2.76264380e-03
0.888750,3.88124187e-02,3.13124187e-02,2.087495,-1.24424994e-01,2.75413408e-03
0.889000,3.87813120e-02,3.12813120e-02,2.085421,-1.24426769e-01,2.74051042e-03
0.889250,3.87502045e-02,3.12502045e-02,2.083347,-1.24429844e-01,2.83029296e-03
0.889500,3.87190970e-02,3.12190970e-02,2.081273,-1.24430069e-01,2.81944472e-03
0.889750,3.86879912e-02,3.11879912e-02,2.079199,-1.24423401e-01,2.85362564e-03
0.890000,3.86568871e-02,3.11568871e-02,2.077126,-1.24416113e-01,2.83609975e-03
0.890250,3.86257854e-02,3.11257854e-02,2.075052,-1.24406794e-01,2.81716667e-03
0.890500,3.85946855e-02,3.10946855e-02,2.072979,-1.24399751e-01,2.78248391e-03
0.890750,3.85635865e-02,3.10635865e-02,2.070906,-1.24395795e-01,2.82961970e-03
0.891000,3.85324884e-02,3.10324884e-02,2.068833,-1.24392603e-01,2.73087925e-03
0.891250,3.85013909e-02,3.10013909e-02,2.066759,-1.24389907e-01,2.71640415e-03
0.891500,3.84702919e-02,3.09702919e-02,2.064686,-1.24395957e-01,2.71370005e-03
0.891750,3.84391911e-02,3.09391911e-02,2.062613,-1.24403315e-01,2.65954429e-03
0.892000,3.84080878e-02,3.09080878e-02,2.060539,-1.24413290e-01,2.72435677e-03
0.892250,3.83769816e-02,3.08769816e-02,2.058465,-1.24424845e-01,2.73448881e-03
0.892500,3.83458739e-02,3.08458739e-02,2.056392,-1.24430632e-01,2.67590708e-03
0.892750,3.83147644e-02,3.08147644e-02,2.054318,-1.24438176e-01,2.72928753e-03
0.893000,3.82836523e-02,3.07836523e-02,2.052243,-1.24448170e-01,2.74952169e-03
0.893250,3.82525391e-02,3.07525391e-02,2.050169,-1.24452887e-01,2.72500542e-03
0.893500,3.82214248e-02,3.07214248e-02,2.048095,-1.24457027e-01,2.77934641e-03
0.893750,3.81903096e-02,3.06903096e-02,2.046021,-1.24460777e-01,2.82772646e-03
0.894000,3.81591952e-02,3.06591952e-02,2.043946,-1.24457926e-01,2.82466456e-03
0.894250,3.81280824e-02,3.06280824e-02,2.041872,-1.24451239e-01,2.84861630e-03
0.894500,3.80969714e-02,3.05969714e-02,2.039798,-1.24443744e-01,2.85777951e-03
0.894750,3.80658629e-02,3.05658629e-02,2.037724,-1.24433877e-01,2.79911888e-03
0.895000,3.80347565e-02,3.05347565e-02,2.035650,-1.24425852e-01,2.79113070e-03
0.895250,3.80036507e-02,3.05036507e-02,2.033577,-1.24422996e-01,2.82848681e-03
0.895500,3.79725459e-02,3.04725459e-02,2.031503,-1.24419144e-01,2.75544096e-03
0.895750,3.79414421e-02,3.04414421e-02,2.029429,-1.24415455e-01,2.70874888e-03
0.896000,3.79103371e-02,3.04103371e-02,2.027356,-1.24419827e-01,2.66467290e-03
0.896250,3.78792296e-02,3.03792296e-02,2.025282,-1.24429981e-01,2.66870482e-03
0.896500,3.78481187e-02,3.03481187e-02,2.023208,-1.24443576e-01,2.79186084e-03
0.896750,3.78170059e-02,3.03170059e-02,2.021134,-1.24451395e-01,2.77588190e-03
0.897000,3.77858934e-02,3.02858934e-02,2.019060,-1.24449809e-01,2.73534331e-03
0.897250,3.77547806e-02,3.02547806e-02,2.016985,-1.24451327e-01,2.70930653e-03
0.897500,3.77236663e-02,3.02236663e-02,2.014911,-1.24457325e-01,2.78032791e-03
0.897750,3.76925507e-02,3.01925507e-02,2.012837,-1.24462320e-01,2.73073501e-03
0.898000,3.76614348e-02,3.01614348e-02,2.010762,-1.24463677e-01,2.74854634e-03
0.898250,3.76303177e-02,3.01303177e-02,2.008688,-1.24468318e-01,2.81921732e-03
0.898500,3.75992006e-02,3.00992006e-02,2.006613,-1.24468373e-01,2.81510451e-03
0.898750,3.75680849e-02,3.00680849e-02,2.004539,-1.24462807e-01,2.86497283e-03
0.899000,3.75369711e-02,3.00369711e-02,2.002465,-1.24455373e-01,2.81495512e-03
0.899250,3.75058595e-02,3.00058595e-02,2.000391,-1.24446057e-01,2.80641935e-03
0.899500,3.74747492e-02,2.99747492e-02,1.998317,-1.24441225e-01,2.80732888e-03
0.899750,3.74436400e-02,2.99436400e-02,1.996243,-1.24437054e-01,2.84007823e-03
0.900000,3.74125321e-02,2.99125321e-02,1.994169,-1.24431359e-01,2.74307130e-03
0.900250,3.73814253e-02,2.98814253e-02,1.992095,-1.24427265e-01,2.69702062e-03
0.900500,3.73503170e-02,2.98503170e-02,1.990021,-1.24433171e-01,2.67646164e-03
0.900750,3.73192061e-02,2.98192061e-02,1.987947,-1.24443768e-01,2.64261612e-03
0.901000,3.72880917e-02,2.97880917e-02,1.985873,-1.24457548e-01,2.75056360e-03
0.901250,3.72569744e-02,2.97569744e-02,1.983798,-1.24469335e-01,2.74251078e-03
0.901500,3.72258562e-02,2.97258562e-02,1.981724,-1.24472615e-01,2.70832519e-03
0.901750,3.71947367e-02,2.96947367e-02,1.979649,-1.24478067e-01,2.71776853e-03
0.902000,3.71636152e-02,2.96636152e-02,1.977574,-1.24485909e-01,2.76053337e-03
0.902250,3.71324924e-02,2.96324924e-02,1.975499,-1.24491085e-01,2.71494949e-03
0.902500,3.71013688e-02,2.96013688e-02,1.973425,-1.24494765e-01,2.77514862e-03
0.902750,3.70702439e-02,2.95702439e-02,1.971350,-1.24499526e-01,2.83897198e-03
0.903000,3.70391197e-02,2.95391197e-02,1.969275,-1.24496523e-01,2.83915125e-03
0.903250,3.70079977e-02,2.95079977e-02,1.967200,-1.24488272e-01,2.89910265e-03
0.903500,3.69768783e-02,2.94768783e-02,1.965125,-1.24477355e-01,2.81900177e-03
0.903750,3.69457621e-02,2.94457621e-02,1.963051,-1.24465058e-01,2.75486207e-03
0.904000,3.69146465e-02,2.94146465e-02,1.960976,-1.24462173e-01,2.77096231e-03
0.904250,3.68835306e-02,2.93835306e-02,1.958902,-1.24463842e-01,2.83265557e-03
0.904500,3.68524152e-02,2.93524152e-02,1.956828,-1.24461462e-01,2.77928159e-03
0.904750,3.68213011e-02,2.93213011e-02,1.954753,-1.24456376e-01,2.69590762e-03
0.905000,3.67901863e-02,2.92901863e-02,1.952679,-1.24459359e-01,2.66592344e-03
0.905250,3.67590686e-02,2.92590686e-02,1.950605,-1.24470512e-01,2.64825706e-03
0.905500,3.67279474e-02,2.92279474e-02,1.948530,-1.24484908e-01,2.78662901e-03
0.905750,3.66968238e-02,2.91968238e-02,1.946455,-1.24494638e-01,2.76623801e-03
0.906000,3.66657003e-02,2.91657003e-02,1.944380,-1.24493908e-01,2.74300106e-03
0.906250,3.66345763e-02,2.91345763e-02,1.942305,-1.24495879e-01,2.73829003e-03
0.906500,3.66034513e-02,2.91034513e-02,1.940230,-1.24499966e-01,2.77032856e-03
0.906750,3.65723256e-02,2.90723256e-02,1.938155,-1.24503024e-01,2.71844634e-03
0.907000,3.65411991e-02,2.90411991e-02,1.936080,-1.24505745e-01,2.79172255e-03
0.907250,3.65100717e-02,2.90100717e-02,1.934005,-1.24509487e-01,2.83452036e-03
0.907500,3.64789454e-02,2.89789454e-02,1.931930,-1.24505320e-01,2.85142412e-03
0.907750,3.64478212e-02,2.89478212e-02,1.929855,-1.24496892e-01,2.87706475e-03
0.908000,3.64166997e-02,2.89166997e-02,1.927780,-1.24485942e-01,2.78142891e-03
0.908250,3.63855804e-02,2.88855804e-02,1.925705,-1.24477115e-01,2.76515355e-03
0.908500,3.63544612e-02,2.88544612e-02,1.923631,-1.24476860e-01,2.80310135e-03
0.908750,3.63233422e-02,2.88233422e-02,1.921556,-1.24476263e-01,2.83585879e-03
0.909000,3.62922244e-02,2.87922244e-02,1.919482,-1.24471103e-01,2.73565285e-03
0.909250,3.62611075e-02,2.87611075e-02,1.917407,-1.24467683e-01,2.68795905e-03
0.909500,3.62299888e-02,2.87299888e-02,1.915333,-1.24474599e-01,2.66747268e-03
0.909750,3.61988672e-02,2.86988672e-02,1.913258,-1.24486336e-01,2.66756904e-03
0.910000,3.61677423e-02,2.86677423e-02,1.911183,-1.24499752e-01,2.78304918e-03
0.910250,3.61366153e-02,2.86366153e-02,1.909108,-1.24508054e-01,2.70635196e-03
0.910500,3.61054877e-02,2.86054877e-02,1.907033,-1.24510265e-01,2.71498761e-03
0.910750,3.60743581e-02,2.85743581e-02,1.904957,-1.24518392e-01,2.71438832e-03
0.911000,3.60432266e-02,2.85432266e-02,1.902882,-1.24525836e-01,2.74480654e-03
0.911250,3.60120937e-02,2.85120937e-02,1.900806,-1.24531984e-01,2.75598231e-03
0.911500,3.59809599e-02,2.84809599e-02,1.898731,-1.24535142e-01,2.81406446e-03
0.911750,3.59498262e-02,2.84498262e-02,1.896655,-1.24534813e-01,2.85852124e-03
0.912000,3.59186942e-02,2.84186942e-02,1.894580,-1.24527751e-01,2.82874006e-03
0.912250,3.58875646e-02,2.83875646e-02,1.892504,-1.24518355e-01,2.85691057e-03
0.912500,3.58564371e-02,2.83564371e-02,1.890429,-1.24510159e-01,2.80709491e-03
0.912750,3.58253116e-02,2.83253116e-02,1.888354,-1.24501852e-01,2.75274789e-03
0.913000,3.57941866e-02,2.82941866e-02,1.886279,-1.24500038e-01,2.78756708e-03
0.913250,3.57630613e-02,2.82630613e-02,1.884204,-1.24501147e-01,2.78677743e-03
0.913500,3.57319365e-02,2.82319365e-02,1.882129,-1.24499432e-01,2.75114341e-03
0.913750,3.57008116e-02,2.82008116e-02,1.880054,-1.24499357e-01,2.70805678e-03
0.914000,3.56696856e-02,2.81696856e-02,1.877979,-1.24504112e-01,2.68192244e-03
0.914250,3.56385572e-02,2.81385572e-02,1.875904,-1.24513561e-01,2.71986252e-03
0.914500,3.56074264e-02,2.81074264e-02,1.873828,-1.24523478e-01,2.77927667e-03
0.914750,3.55762944e-02,2.80762944e-02,1.871753,-1.24527653e-01,2.74010659e-03
0.915000,3.55451623e-02,2.80451623e-02,1.869677,-1.24528682e-01,2.72444629e-03
0.915250,3.55140289e-02,2.80140289e-02,1.867602,-1.24533619e-01,2.75974599e-03
0.915500,3.54828943e-02,2.79828943e-02,1.865526,-1.24538281e-01,2.76897760e-03
0.915750,3.54517594e-02,2.79517594e-02,1.863451,-1.24539637e-01,2.72801707e-03
0.916000,3.54206239e-02,2.79206239e-02,1.861375,-1.24542046e-01,2.79271249e-03
0.916250,3.53894876e-02,2.78894876e-02,1.859299,-1.24544958e-01,2.83647272e-03
0.916500,3.53583525e-02,2.78583525e-02,1.857224,-1.24540623e-01,2.86965200e-03
0.916750,3.53272197e-02,2.78272197e-02,1.855148,-1.24531229e-01,2.86266185e-03
0.917000,3.52960898e-02,2.77960898e-02,1.853073,-1.24519419e-01,2.80285478e-03
0.917250,3.52649621e-02,2.77649621e-02,1.850997,-1.24510828e-01,2.78484248e-03
0.917500,3.52338351e-02,2.77338351e-02,1.848922,-1.24507943e-01,2.80942261e-03
0.917750,3.52027088e-02,2.77027088e-02,1.846847,-1.24505451e-01,2.76602650e-03
0.918000,3.51715830e-02,2.76715830e-02,1.844772,-1.24502858e-01,2.73089953e-03
0.918250,3.51404567e-02,2.76404567e-02,1.842697,-1.24505382e-01,2.72083559e-03
0.918500,3.51093289e-02,2.76093289e-02,1.840622,-1.24511235e-01,2.66370065e-03
0.918750,3.50781988e-02,2.75781988e-02,1.838547,-1.24520440e-01,2.72614300e-03
0.919000,3.50470659e-02,2.75470659e-02,1.836471,-1.24531575e-01,2.73717403e-03
0.919250,3.50159316e-02,2.75159316e-02,1.834395,-1.24537096e-01,2.68469135e-03
0.919500,3.49847956e-02,2.74847956e-02,1.832320,-1.24544032e-01,2.73320826e-03
0.919750,3.49536573e-02,2.74536573e-02,1.830244,-1.24553131e-01,2.76087645e-03
0.920000,3.49225181e-02,2.74225181e-02,1.828168,-1.24557024e-01,2.72917251e-03
0.920250,3.48913781e-02,2.73913781e-02,1.826092,-1.24560047e-01,2.76940088e-03
0.920500,3.48602371e-02,2.73602371e-02,1.824016,-1.24563895e-01,2.82146581e-03
0.920750,3.48290965e-02,2.73290965e-02,1.821940,-1.24562137e-01,2.84157518e-03
0.921000,3.47979577e-02,2.72979577e-02,1.819864,-1.24555216e-01,2.86413740e-03
0.921250,3.47668213e-02,2.72668213e-02,1.817788,-1.24545647e-01,2.87269578e-03
0.921500,3.47356879e-02,2.72356879e-02,1.815713,-1.24533847e-01,2.81498145e-03
0.921750,3.47045569e-02,2.72045569e-02,1.813637,-1.24523895e-01,2.75937441e-03
0.922000,3.46734266e-02,2.71734266e-02,1.811562,-1.24521141e-01,2.79160746e-03
0.922250,3.46422962e-02,2.71422962e-02,1.809486,-1.24521527e-01,2.74252064e-03
0.922500,3.46111659e-02,2.71111659e-02,1.807411,-1.24521437e-01,2.74803156e-03
0.922750,3.45800346e-02,2.70800346e-02,1.805336,-1.24525133e-01,2.69945878e-03
0.923000,3.45489020e-02,2.70489020e-02,1.803260,-1.24530524e-01,2.67395163e-03
0.923250,3.45177667e-02,2.70177667e-02,1.801184,-1.24541031e-01,2.76699400e-03
0.923500,3.44866293e-02,2.69866293e-02,1.799109,-1.24549519e-01,2.77477503e-03
0.923750,3.44554918e-02,2.69554918e-02,1.797033,-1.24550023e-01,2.72967217e-03
0.924000,3.44243538e-02,2.69243538e-02,1.794957,-1.24551883e-01,2.73212963e-03
0.924250,3.43932145e-02,2.68932145e-02,1.792881,-1.24557337e-01,2.78951403e-03
0.924500,3.43620745e-02,2.68620745e-02,1.790805,-1.24560053e-01,2.75157712e-03
0.924750,3.43309346e-02,2.68309346e-02,1.788729,-1.24559734e-01,2.75274494e-03
0.925000,3.42997939e-02,2.67997939e-02,1.786653,-1.24562478e-01,2.82366200e-03
0.925250,3.42686534e-02,2.67686534e-02,1.784577,-1.24561991e-01,2.80060947e-03
0.925500,3.42375143e-02,2.67375143e-02,1.782501,-1.24556701e-01,2.85675525e-03
0.925750,3.42063766e-02,2.67063766e-02,1.780425,-1.24550821e-01,2.83037209e-03
0.926000,3.41752412e-02,2.66752412e-02,1.778349,-1.24541498e-01,2.82600128e-03
0.926250,3.41441076e-02,2.66441076e-02,1.776274,-1.24534535e-01,2.81733181e-03
0.926500,3.41129755e-02,2.66129755e-02,1.774198,-1.24528313e-01,2.83882630e-03
0.926750,3.40818450e-02,2.65818450e-02,1.772123,-1.24521853e-01,2.71671211e-03
0.927000,3.40507153e-02,2.65507153e-02,1.770048,-1.24519027e-01,2.70344078e-03
0.927250,3.40195836e-02,2.65195836e-02,1.767972,-1.24526814e-01,2.69252871e-03
0.927500,3.39884495e-02,2.64884495e-02,1.765897,-1.24536172e-01,2.65992241e-03
0.927750,3.39573125e-02,2.64573125e-02,1.763821,-1.24547868e-01,2.75733855e-03
0.928000,3.39261731e-02,2.64261731e-02,1.761745,-1.24557935e-01,2.74183697e-03
0.928250,3.38950329e-02,2.63950329e-02,1.759669,-1.24560688e-01,2.71540279e-03
0.928500,3.38638914e-02,2.63638914e-02,1.757593,-1.24565883e-01,2.70462720e-03
0.928750,3.38327480e-02,2.63327480e-02,1.755517,-1.24573725e-01,2.75892401e-03
0.929000,3.38016030e-02,2.63016030e-02,1.753440,-1.24580051e-01,2.73025562e-03
0.929250,3.37704572e-02,2.62704572e-02,1.751364,-1.24583186e-01,2.77726212e-03
0.929500,3.37393105e-02,2.62393105e-02,1.749287,-1.24586597e-01,2.83681223e-03
0.929750,3.37081646e-02,2.62081646e-02,1.747211,-1.24583516e-01,2.83133355e-03
0.930000,3.36770207e-02,2.61770207e-02,1.745135,-1.24575788e-01,2.89859268e-03
0.930250,3.36458793e-02,2.61458793e-02,1.743059,-1.24565536e-01,2.83308660e-03
0.930500,3.36147412e-02,2.61147412e-02,1.740983,-1.24552658e-01,2.77201591e-03
0.930750,3.35836042e-02,2.60836042e-02,1.738907,-1.24547858e-01,2.76922363e-03
0.931000,3.35524671e-02,2.60524671e-02,1.736831,-1.24548196e-01,2.82686431e-03
0.931250,3.35213306e-02,2.60213306e-02,1.734755,-1.24546214e-01,2.79529074e-03
0.931500,3.34901954e-02,2.59901954e-02,1.732680,-1.24540896e-01,2.72160103e-03
0.931750,3.34590600e-02,2.59590600e-02,1.730604,-1.24541428e-01,2.66873737e-03
0.932000,3.34279224e-02,2.59279224e-02,1.728528,-1.24550348e-01,2.65056331e-03
0.932250,3.33967813e-02,2.58967813e-02,1.726452,-1.24564411e-01,2.78082760e-03
0.932500,3.33656378e-02,2.58656378e-02,1.724376,-1.24574208e-01,2.77061149e-03
0.932750,3.33344943e-02,2.58344943e-02,1.722300,-1.24573760e-01,2.75262114e-03
0.933000,3.33033506e-02,2.58033506e-02,1.720223,-1.24574947e-01,2.74595162e-03
0.933250,3.32722061e-02,2.57722061e-02,1.718147,-1.24577906e-01,2.76635641e-03
0.933500,3.32410610e-02,2.57410610e-02,1.716071,-1.24580511e-01,2.71094375e-03
0.933750,3.32099150e-02,2.57099150e-02,1.713994,-1.24583890e-01,2.77563424e-03
0.934000,3.31787678e-02,2.56787678e-02,1.711918,-1.24588958e-01,2.84797099e-03
0.934250,3.31476214e-02,2.56476214e-02,1.709841,-1.24585517e-01,2.86017172e-03
0.934500,3.31164775e-02,2.56164775e-02,1.707765,-1.24575598e-01,2.89062448e-03
0.934750,3.30853367e-02,2.55853367e-02,1.705689,-1.24563331e-01,2.76657902e-03
0.935000,3.30541981e-02,2.55541981e-02,1.703613,-1.24554047e-01,2.77520241e-03
0.935250,3.30230595e-02,2.55230595e-02,1.701537,-1.24554567e-01,2.81473265e-03
0.935500,3.29919213e-02,2.54919213e-02,1.699461,-1.24552631e-01,2.85366631e-03
0.935750,3.29607849e-02,2.54607849e-02,1.697386,-1.24545729e-01,2.72903375e-03
0.936000,3.29296496e-02,2.54296496e-02,1.695310,-1.24541139e-01,2.68541324e-03
0.936250,3.28985125e-02,2.53985125e-02,1.693234,-1.24548711e-01,2.67985470e-03
0.936500,3.28673724e-02,2.53673724e-02,1.691158,-1.24560110e-01,2.65875190e-03
0.936750,3.28362292e-02,2.53362292e-02,1.689082,-1.24572899e-01,2.79452475e-03
0.937000,3.28050838e-02,2.53050838e-02,1.687006,-1.24581417e-01,2.72540947e-03
0.937250,3.27739384e-02,2.52739384e-02,1.684929,-1.24581844e-01,2.71680909e-03
0.937500,3.27427913e-02,2.52427913e-02,1.682853,-1.24588325e-01,2.71684433e-03
0.937750,3.27116424e-02,2.52116424e-02,1.680776,-1.24595511e-01,2.74978620e-03
0.938000,3.26804921e-02,2.51804921e-02,1.678699,-1.24601238e-01,2.75211812e-03
0.938250,3.26493411e-02,2.51493411e-02,1.676623,-1.24604157e-01,2.82483063e-03
0.938500,3.26181902e-02,2.51181902e-02,1.674546,-1.24603670e-01,2.87042317e-03
0.938750,3.25870414e-02,2.50870414e-02,1.672469,-1.24595198e-01,2.83953633e-03
0.939000,3.25558953e-02,2.50558953e-02,1.670393,-1.24584347e-01,2.85616920e-03
0.939250,3.25247514e-02,2.50247514e-02,1.668317,-1.24575297e-01,2.79835061e-03
0.939500,3.24936096e-02,2.49936096e-02,1.666241,-1.24567438e-01,2.75928298e-03
0.939750,3.24624681e-02,2.49624681e-02,1.664165,-1.24566053e-01,2.80323438e-03
0.940000,3.24313266e-02,2.49313266e-02,1.662088,-1.24565933e-01,2.81274931e-03
0.940250,3.24001861e-02,2.49001861e-02,1.660012,-1.24561783e-01,2.76234274e-03
0.940500,3.23690464e-02,2.48690464e-02,1.657936,-1.24559081e-01,2.70168580e-03
0.940750,3.23379056e-02,2.48379056e-02,1.655860,-1.24563198e-01,2.66472667e-03
0.941000,3.23067621e-02,2.48067621e-02,1.653784,-1.24573930e-01,2.72765948e-03
0.941250,3.22756159e-02,2.47756159e-02,1.651708,-1.24584914e-01,2.80392917e-03
0.941500,3.22444690e-02,2.47444690e-02,1.649631,-1.24587359e-01,2.73169536e-03
0.941750,3.22133223e-02,2.47133223e-02,1.647555,-1.24586736e-01,2.74326055e-03
0.942000,3.21821745e-02,2.46821745e-02,1.645478,-1.24591532e-01,2.75943867e-03
0.942250,3.21510258e-02,2.46510258e-02,1.643402,-1.24594663e-01,2.76875624e-03
0.942500,3.21198768e-02,2.46198768e-02,1.641325,-1.24596054e-01,2.73375640e-03
0.942750,3.20887272e-02,2.45887272e-02,1.639248,-1.24598228e-01,2.79338974e-03
0.943000,3.20575771e-02,2.45575771e-02,1.637172,-1.24600638e-01,2.84319307e-03
0.943250,3.20264281e-02,2.45264281e-02,1.635095,-1.24595951e-01,2.88530081e-03
0.943500,3.19952817e-02,2.44952817e-02,1.633019,-1.24585313e-01,2.88074666e-03
0.943750,3.19641389e-02,2.44641389e-02,1.630943,-1.24571419e-01,2.80024878e-03
0.944000,3.19329985e-02,2.44329985e-02,1.628867,-1.24561458e-01,2.77684438e-03
0.944250,3.19018587e-02,2.44018587e-02,1.626791,-1.24559141e-01,2.81417641e-03
0.944500,3.18707195e-02,2.43707195e-02,1.624715,-1.24557095e-01,2.77728766e-03
0.944750,3.18395811e-02,2.43395811e-02,1.622639,-1.24553614e-01,2.73926603e-03
0.945000,3.18084424e-02,2.43084424e-02,1.620563,-1.24554844e-01,2.71679072e-03
0.945250,3.17773023e-02,2.42773023e-02,1.618487,-1.24560188e-01,2.67325740e-03
0.945500,3.17461600e-02,2.42461600e-02,1.616411,-1.24569303e-01,2.72032431e-03
0.945750,3.17150150e-02,2.42150150e-02,1.614334,-1.24579911e-01,2.74408498e-03
0.946000,3.16838686e-02,2.41838686e-02,1.612258,-1.24585604e-01,2.69368693e-03
0.946250,3.16527207e-02,2.41527207e-02,1.610181,-1.24591574e-01,2.72311032e-03
0.946500,3.16215706e-02,2.41215706e-02,1.608105,-1.24600382e-01,2.74595996e-03
0.946750,3.15904192e-02,2.40904192e-02,1.606028,-1.24605763e-01,2.73868157e-03
0.947000,3.15592668e-02,2.40592668e-02,1.603951,-1.24609591e-01,2.79634710e-03
0.947250,3.15281139e-02,2.40281139e-02,1.601874,-1.24611466e-01,2.83599523e-03
0.947500,3.14969622e-02,2.39969622e-02,1.599797,-1.24606854e-01,2.84346917e-03
0.947750,3.14658125e-02,2.39658125e-02,1.597721,-1.24598656e-01,2.86614179e-03
0.948000,3.14346653e-02,2.39346653e-02,1.595644,-1.24588843e-01,2.88530517e-03
0.948250,3.14035212e-02,2.39035212e-02,1.593568,-1.24576321e-01,2.81272350e-03
0.948500,3.13723799e-02,2.38723799e-02,1.591492,-1.24565434e-01,2.76336931e-03
0.948750,3.13412392e-02,2.38412392e-02,1.589416,-1.24562688e-01,2.80357032e-03
0.949000,3.13100987e-02,2.38100987e-02,1.587340,-1.24562217e-01,2.75466467e-03
0.949250,3.12789585e-02,2.37789585e-02,1.585264,-1.24560608e-01,2.74964598e-03
0.949500,3.12478177e-02,2.37478177e-02,1.583188,-1.24563236e-01,2.71389610e-03
0.949750,3.12166757e-02,2.37166757e-02,1.581112,-1.24567856e-01,2.68260871e-03
0.950000,3.11855315e-02,2.36855315e-02,1.579035,-1.24576795e-01,2.76857500e-03
0.950250,3.11543854e-02,2.36543854e-02,1.576959,-1.24584502e-01,2.77628019e-03
0.950500,3.11232392e-02,2.36232392e-02,1.574883,-1.24584810e-01,2.72355617e-03
0.950750,3.10920925e-02,2.35920925e-02,1.572806,-1.24586817e-01,2.73928166e-03
0.951000,3.10609444e-02,2.35609444e-02,1.570730,-1.24592457e-01,2.77108399e-03
0.951250,3.10297955e-02,2.35297955e-02,1.568653,-1.24595400e-01,2.76235550e-03
0.951500,3.09986465e-02,2.34986465e-02,1.566576,-1.24596118e-01,2.77469365e-03
0.951750,3.09674973e-02,2.34674973e-02,1.564500,-1.24597007e-01,2.83086908e-03
0.952000,3.09363487e-02,2.34363487e-02,1.562423,-1.24594399e-01,2.80585452e-03
0.952250,3.09052016e-02,2.34052016e-02,1.560347,-1.24588285e-01,2.85677955e-03
0.952500,3.08740561e-02,2.33740561e-02,1.558270,-1.24581974e-01,2.83708969e-03
0.952750,3.08429130e-02,2.33429130e-02,1.556194,-1.24572352e-01,2.83574481e-03
0.953000,3.08117719e-02,2.33117719e-02,1.554118,-1.24564406e-01,2.83082476e-03
0.953250,3.07806327e-02,2.32806327e-02,1.552042,-1.24556788e-01,2.84591378e-03
0.953500,3.07494955e-02,2.32494955e-02,1.549966,-1.24548907e-01,2.72060649e-03
0.953750,3.07183591e-02,2.32183591e-02,1.547891,-1.24545327e-01,2.70418042e-03
0.954000,3.06872210e-02,2.31872210e-02,1.545815,-1.24552761e-01,2.69333945e-03
0.954250,3.06560804e-02,2.31560804e-02,1.543739,-1.24562023e-01,2.66931605e-03
0.954500,3.06249371e-02,2.31249371e-02,1.541662,-1.24573237e-01,2.76843831e-03
0.954750,3.05937916e-02,2.30937916e-02,1.539586,-1.24582041e-01,2.75328252e-03
0.955000,3.05626458e-02,2.30626458e-02,1.537510,-1.24583378e-01,2.72045241e-03
0.955250,3.05314989e-02,2.30314989e-02,1.535433,-1.24587410e-01,2.71037584e-03
0.955500,3.05003503e-02,2.30003503e-02,1.533357,-1.24594582e-01,2.76306725e-03
0.955750,3.04692002e-02,2.29692002e-02,1.531280,-1.24600253e-01,2.74190552e-03
0.956000,3.04380496e-02,2.29380496e-02,1.529203,-1.24602533e-01,2.78254481e-03
0.956250,3.04068984e-02,2.29068984e-02,1.527127,-1.24604754e-01,2.84130347e-03
0.956500,3.03757481e-02,2.28757481e-02,1.525050,-1.24601041e-01,2.83124358e-03
0.956750,3.03445999e-02,2.28445999e-02,1.522973,-1.24592948e-01,2.86804612e-03
0.957000,3.03134539e-02,2.28134539e-02,1.520897,-1.24584054e-01,2.84674933e-03
0.957250,3.02823106e-02,2.27823106e-02,1.518821,-1.24573080e-01,2.78900742e-03
0.957500,3.02511690e-02,2.27511690e-02,1.516745,-1.24566407e-01,2.78713246e-03
0.957750,3.02200279e-02,2.27200279e-02,1.514669,-1.24564558e-01,2.83604396e-03
0.958000,3.01888877e-02,2.26888877e-02,1.512593,-1.24560700e-01,2.80152082e-03
0.958250,3.01577491e-02,2.26577491e-02,1.510517,-1.24554353e-01,2.72693299e-03
0.958500,3.01266106e-02,2.26266106e-02,1.508441,-1.24554138e-01,2.67258357e-03
0.958750,3.00954700e-02,2.25954700e-02,1.506365,-1.24562450e-01,2.65713529e-03
0.959000,3.00643260e-02,2.25643260e-02,1.504288,-1.24575907e-01,2.78982223e-03
0.959250,3.00331798e-02,2.25331798e-02,1.502212,-1.24584766e-01,2.78042270e-03
0.959500,3.00020340e-02,2.25020340e-02,1.500136,-1.24583146e-01,2.75610743e-03
0.959750,2.99708882e-02,2.24708882e-02,1.498059,-1.24583374e-01,2.75370342e-03
0.960000,2.99397417e-02,2.24397417e-02,1.495983,-1.24585704e-01,2.77385181e-03
0.960250,2.99085949e-02,2.24085949e-02,1.493906,-1.24587340e-01,2.71836212e-03
0.960500,2.98774475e-02,2.23774475e-02,1.491830,-1.24589776e-01,2.77620571e-03
0.960750,2.98462989e-02,2.23462989e-02,1.489753,-1.24594210e-01,2.83936298e-03
0.961000,2.98151511e-02,2.23151511e-02,1.487677,-1.24591103e-01,2.85994367e-03
0.961250,2.97840057e-02,2.22840057e-02,1.485600,-1.24581901e-01,2.90941764e-03
0.961500,2.97528635e-02,2.22528635e-02,1.483524,-1.24568821e-01,2.78424094e-03
0.961750,2.97217242e-02,2.22217242e-02,1.481448,-1.24557214e-01,2.78411438e-03
0.962000,2.96905852e-02,2.21905852e-02,1.479372,-1.24555889e-01,2.81845595e-03
0.962250,2.96594469e-02,2.21594469e-02,1.477296,-1.24553057e-01,2.85989644e-03
0.962500,2.96283105e-02,2.21283105e-02,1.475221,-1.24545573e-01,2.73668736e-03
0.962750,2.95971755e-02,2.20971755e-02,1.473145,-1.24540134e-01,2.69632775e-03
0.963000,2.95660388e-02,2.20660388e-02,1.471069,-1.24546595e-01,2.69281638e-03
0.963250,2.95348997e-02,2.20348997e-02,1.468993,-1.24556525e-01,2.65988807e-03
0.963500,2.95037577e-02,2.20037577e-02,1.466917,-1.24568199e-01,2.74916073e-03
0.963750,2.94726130e-02,2.19726130e-02,1.464841,-1.24578630e-01,2.73977403e-03
0.964000,2.94414675e-02,2.19414675e-02,1.462765,-1.24582146e-01,2.75066677e-03
0.964250,2.94103210e-02,2.19103210e-02,1.460688,-1.24585951e-01,2.73639236e-03
0.964500,2.93791736e-02,2.18791736e-02,1.458612,-1.24589493e-01,2.75365911e-03
0.964750,2.93480252e-02,2.18480252e-02,1.456535,-1.24593444e-01,2.74843475e-03
0.965000,2.93168762e-02,2.18168762e-02,1.454458,-1.24596208e-01,2.83265565e-03
0.965250,2.92857273e-02,2.17857273e-02,1.452382,-1.24595677e-01,2.86852137e-03
0.965500,2.92545806e-02,2.17545806e-02,1.450305,-1.24586646e-01,2.85703319e-03
0.965750,2.92234368e-02,2.17234368e-02,1.448229,-1.24575179e-01,2.86774931e-03
0.966000,2.91922958e-02,2.16922958e-02,1.446153,-1.24564180e-01,2.80578872e-03
0.966250,2.91611570e-02,2.16611570e-02,1.444077,-1.24555041e-01,2.76608882e-03
0.966500,2.91300188e-02,2.16300188e-02,1.442001,-1.24552745e-01,2.81210509e-03
0.966750,2.90988809e-02,2.15988809e-02,1.439925,-1.24551673e-01,2.83348039e-03
0.967000,2.90677444e-02,2.15677444e-02,1.437850,-1.24545879e-01,2.76937470e-03
0.967250,2.90366091e-02,2.15366091e-02,1.435774,-1.24541163e-01,2.70183190e-03
0.967500,2.90054730e-02,2.15054730e-02,1.433698,-1.24544697e-01,2.66784715e-03
0.967750,2.89743342e-02,2.14743342e-02,1.431622,-1.24555279e-01,2.69679122e-03
0.968000,2.89431923e-02,2.14431923e-02,1.429546,-1.24567372e-01,2.81917317e-03
0.968250,2.89120494e-02,2.14120494e-02,1.427470,-1.24571678e-01,2.75997804e-03
0.968500,2.88809073e-02,2.13809073e-02,1.425394,-1.24568552e-01,2.75791179e-03
0.968750,2.88497647e-02,2.13497647e-02,1.423318,-1.24570378e-01,2.76519251e-03
0.969000,2.88186216e-02,2.13186216e-02,1.421241,-1.24572052e-01,2.76960530e-03
0.969250,2.87874784e-02,2.12874784e-02,1.419165,-1.24572933e-01,2.74117232e-03
0.969500,2.87563347e-02,2.12563347e-02,1.417089,-1.24574709e-01,2.79988078e-03
0.969750,2.87251907e-02,2.12251907e-02,1.415013,-1.24576224e-01,2.85519362e-03
0.970000,2.86940481e-02,2.11940481e-02,1.412937,-1.24570473e-01,2.87364443e-03
0.970250,2.86629082e-02,2.11629082e-02,1.410861,-1.24559365e-01,2.89004758e-03
0.970500,2.86317717e-02,2.11317717e-02,1.408785,-1.24546017e-01,2.82093048e-03
0.970750,2.86006381e-02,2.11006381e-02,1.406709,-1.24534378e-01,2.79190590e-03
0.971000,2.85695057e-02,2.10695057e-02,1.404634,-1.24529697e-01,2.80767652e-03
0.971250,2.85383740e-02,2.10383740e-02,1.402558,-1.24526702e-01,2.78539901e-03
0.971500,2.85072432e-02,2.10072432e-02,1.400483,-1.24523396e-01,2.74509257e-03
0.971750,2.84761122e-02,2.09761122e-02,1.398407,-1.24523702e-01,2.71814674e-03
0.972000,2.84449801e-02,2.09449801e-02,1.396332,-1.24528508e-01,2.68582181e-03
0.972250,2.84138459e-02,2.09138459e-02,1.394256,-1.24536956e-01,2.73117345e-03
0.972500,2.83827094e-02,2.08827094e-02,1.392181,-1.24546053e-01,2.75823746e-03
0.972750,2.83515718e-02,2.08515718e-02,1.390105,-1.24550230e-01,2.70315304e-03
0.973000,2.83204332e-02,2.08204332e-02,1.388029,-1.24554619e-01,2.70915896e-03
0.973250,2.82892923e-02,2.07892923e-02,1.385953,-1.24563267e-01,2.75496641e-03
0.973500,2.82581500e-02,2.07581500e-02,1.383877,-1.24569395e-01,2.75844866e-03
0.973750,2.82270071e-02,2.07270071e-02,1.381800,-1.24571609e-01,2.81054155e-03
0.974000,2.81958643e-02,2.06958643e-02,1.379724,-1.24571234e-01,2.84420814e-03
0.974250,2.81647230e-02,2.06647230e-02,1.377648,-1.24565094e-01,2.83813878e-03
0.974500,2.81335839e-02,2.06335839e-02,1.375572,-1.24556457e-01,2.86744286e-03
0.974750,2.81024471e-02,2.06024471e-02,1.373496,-1.24547024e-01,2.90417226e-03
0.975000,2.80713137e-02,2.05713137e-02,1.371421,-1.24533561e-01,2.82677213e-03
0.975250,2.80401836e-02,2.05401836e-02,1.369346,-1.24520504e-01,2.77072901e-03
0.975500,2.80090545e-02,2.05090545e-02,1.367270,-1.24516279e-01,2.77737862e-03
0.975750,2.79779255e-02,2.04779255e-02,1.365195,-1.24516362e-01,2.77407150e-03
0.976000,2.79467964e-02,2.04467964e-02,1.363120,-1.24516045e-01,2.77296306e-03
0.976250,2.79156674e-02,2.04156674e-02,1.361044,-1.24516049e-01,2.73236228e-03
0.976500,2.78845379e-02,2.03845379e-02,1.358969,-1.24517938e-01,2.69138517e-03
0.976750,2.78534067e-02,2.03534067e-02,1.356894,-1.24524973e-01,2.76906776e-03
0.977000,2.78222737e-02,2.03222737e-02,1.354818,-1.24531938e-01,2.78545784e-03
0.977250,2.77911408e-02,2.02911408e-02,1.352743,-1.24531800e-01,2.73083482e-03
0.977500,2.77600076e-02,2.02600076e-02,1.350667,-1.24532731e-01,2.75116797e-03
0.977750,2.77288733e-02,2.02288733e-02,1.348592,-1.24537248e-01,2.78241953e-03
0.978000,2.76977386e-02,2.01977386e-02,1.346516,-1.24538714e-01,2.77150233e-03
0.978250,2.76666041e-02,2.01666041e-02,1.344440,-1.24538097e-01,2.78345055e-03
0.978500,2.76354696e-02,2.01354696e-02,1.342365,-1.24537848e-01,2.84226156e-03
0.978750,2.76043361e-02,2.01043361e-02,1.340289,-1.24534018e-01,2.81645212e-03
0.979000,2.75732045e-02,2.00732045e-02,1.338214,-1.24526500e-01,2.86493539e-03
0.979250,2.75420747e-02,2.00420747e-02,1.336138,-1.24518958e-01,2.85057127e-03
0.979500,2.75109477e-02,2.00109477e-02,1.334063,-1.24508070e-01,2.84375145e-03
0.979750,2.74798231e-02,1.99798231e-02,1.331988,-1.24498663e-01,2.83236628e-03
0.980000,2.74487005e-02,1.99487005e-02,1.329913,-1.24490320e-01,2.85759432e-03
0.980250,2.74175800e-02,1.99175800e-02,1.327839,-1.24481796e-01,2.73539952e-03
0.980500,2.73864609e-02,1.98864609e-02,1.325764,-1.24476602e-01,2.71362947e-03
0.980750,2.73553403e-02,1.98553403e-02,1.323689,-1.24482404e-01,2.70366553e-03
0.981000,2.73242177e-02,1.98242177e-02,1.321615,-1.24490434e-01,2.67425871e-03
0.981250,2.72930925e-02,1.97930925e-02,1.319540,-1.24500582e-01,2.77662697e-03
0.981500,2.72619654e-02,1.97619654e-02,1.317464,-1.24508618e-01,2.76308341e-03
0.981750,2.72308382e-02,1.97308382e-02,1.315389,-1.24508849e-01,2.68893700e-03
0.982000,2.71997098e-02,1.96997098e-02,1.313314,-1.24513470e-01,2.72319235e-03
0.982250,2.71685791e-02,1.96685791e-02,1.311239,-1.24522663e-01,2.78482684e-03
0.982500,2.71374475e-02,1.96374475e-02,1.309163,-1.24526320e-01,2.76601600e-03
0.982750,2.71063161e-02,1.96063161e-02,1.307088,-1.24525748e-01,2.78306575e-03
0.983000,2.70751846e-02,1.95751846e-02,1.305012,-1.24525966e-01,2.84851580e-03
0.983250,2.70440541e-02,1.95440541e-02,1.302937,-1.24521891e-01,2.83209960e-03
0.983500,2.70129259e-02,1.95129259e-02,1.300862,-1.24513168e-01,2.85764522e-03
0.983750,2.69817997e-02,1.94817997e-02,1.298787,-1.24504663e-01,2.87058467e-03
0.984000,2.69506763e-02,1.94506763e-02,1.296712,-1.24493490e-01,2.81334388e-03
0.984250,2.69195554e-02,1.94195554e-02,1.294637,-1.24483784e-01,2.80053787e-03
0.984500,2.68884355e-02,1.93884355e-02,1.292562,-1.24479344e-01,2.84257842e-03
0.984750,2.68573170e-02,1.93573170e-02,1.290488,-1.24474097e-01,2.79635993e-03
0.985000,2.68262001e-02,1.93262001e-02,1.288413,-1.24467442e-01,2.72890356e-03
0.985250,2.67950833e-02,1.92950833e-02,1.286339,-1.24467563e-01,2.69335839e-03
0.985500,2.67639646e-02,1.92639646e-02,1.284264,-1.24474794e-01,2.67164021e-03
0.985750,2.67328431e-02,1.92328431e-02,1.282190,-1.24485904e-01,2.80100659e-03
0.986000,2.67017198e-02,1.92017198e-02,1.280115,-1.24493078e-01,2.79173833e-03
0.986250,2.66705973e-02,1.91705973e-02,1.278040,-1.24490040e-01,2.75962857e-03
0.986500,2.66394750e-02,1.91394750e-02,1.275965,-1.24489183e-01,2.76199239e-03
0.986750,2.66083523e-02,1.91083523e-02,1.273890,-1.24490857e-01,2.80029118e-03
0.987000,2.65772296e-02,1.90772296e-02,1.271815,-1.24490644e-01,2.72921978e-03
0.987250,2.65461070e-02,1.90461070e-02,1.269740,-1.24490429e-01,2.76894463e-03
0.987500,2.65149835e-02,1.90149835e-02,1.267666,-1.24494293e-01,2.83500942e-03
0.987750,2.64838605e-02,1.89838605e-02,1.265591,-1.24491974e-01,2.83483197e-03
0.988000,2.64527394e-02,1.89527394e-02,1.263516,-1.24484240e-01,2.93513646e-03
0.988250,2.64216214e-02,1.89216214e-02,1.261441,-1.24472085e-01,2.82352874e-03
0.988500,2.63905072e-02,1.88905072e-02,1.259367,-1.24456629e-01,2.80484825e-03
0.988750,2.63593944e-02,1.88593944e-02,1.257293,-1.24451162e-01,2.81760373e-03
0.989000,2.63282828e-02,1.88282828e-02,1.255219,-1.24446666e-01,2.86717851e-03
0.989250,2.62971730e-02,1.87971730e-02,1.253145,-1.24438930e-01,2.75714650e-03
0.989500,2.62660650e-02,1.87660650e-02,1.251071,-1.24431988e-01,2.70802620e-03
0.989750,2.62349560e-02,1.87349560e-02,1.248997,-1.24436252e-01,2.70408326e-03
0.990000,2.62038448e-02,1.87038448e-02,1.246923,-1.24444724e-01,2.65867534e-03
0.990250,2.61727309e-02,1.86727309e-02,1.244849,-1.24455526e-01,2.76001530e-03
0.990500,2.61416145e-02,1.86416145e-02,1.242774,-1.24465577e-01,2.75871010e-03
0.990750,2.61104977e-02,1.86104977e-02,1.240700,-1.24467364e-01,2.73660772e-03
0.991000,2.60793801e-02,1.85793801e-02,1.238625,-1.24470237e-01,2.74387650e-03
0.991250,2.60482615e-02,1.85482615e-02,1.236551,-1.24474602e-01,2.77348866e-03
0.991500,2.60171422e-02,1.85171422e-02,1.234476,-1.24477061e-01,2.73948581e-03
0.991750,2.59860225e-02,1.84860225e-02,1.232402,-1.24478593e-01,2.82712432e-03
0.992000,2.59549028e-02,1.84549028e-02,1.230327,-1.24479042e-01,2.89865437e-03
0.992250,2.59237855e-02,1.84237855e-02,1.228252,-1.24469133e-01,2.86356150e-03
0.992500,2.58926718e-02,1.83926718e-02,1.226178,-1.24454902e-01,2.88565443e-03
0.992750,2.58615611e-02,1.83615611e-02,1.224104,-1.24442576e-01,2.82310032e-03
0.993000,2.58304533e-02,1.83304533e-02,1.222030,-1.24431202e-01,2.77987563e-03
0.993250,2.57993466e-02,1.82993466e-02,1.219956,-1.24426875e-01,2.80209033e-03
0.993500,2.57682403e-02,1.82682403e-02,1.217883,-1.24425114e-01,2.85059129e-03
0.993750,2.57371355e-02,1.82371355e-02,1.215809,-1.24419385e-01,2.78306437e-03
0.994000,2.57060323e-02,1.82060323e-02,1.213735,-1.24412660e-01,2.72240632e-03
0.994250,2.56749288e-02,1.81749288e-02,1.211662,-1.24414160e-01,2.68312494e-03
0.994500,2.56438232e-02,1.81438232e-02,1.209588,-1.24422377e-01,2.67852775e-03
0.994750,2.56127147e-02,1.81127147e-02,1.207514,-1.24434023e-01,2.83391768e-03
0.995000,2.55816049e-02,1.80816049e-02,1.205440,-1.24439176e-01,2.78175220e-03
0.995250,2.55504964e-02,1.80504964e-02,1.203366,-1.24433878e-01,2.76348748e-03
0.995500,2.55193880e-02,1.80193880e-02,1.201293,-1.24433670e-01,2.76574006e-03
0.995750,2.54882793e-02,1.79882793e-02,1.199219,-1.24434862e-01,2.78595523e-03
0.996000,2.54571705e-02,1.79571705e-02,1.197145,-1.24434975e-01,2.74935364e-03
0.996250,2.54260618e-02,1.79260618e-02,1.195071,-1.24435047e-01,2.82494381e-03
0.996500,2.53949531e-02,1.78949531e-02,1.192997,-1.24434782e-01,2.87034985e-03
0.996750,2.53638465e-02,1.78638465e-02,1.190923,-1.24426303e-01,2.87856335e-03
0.997000,2.53327431e-02,1.78327431e-02,1.188850,-1.24413733e-01,2.88483906e-03
0.997250,2.53016430e-02,1.78016430e-02,1.186776,-1.24400212e-01,2.79465717e-03
0.997500,2.52705455e-02,1.77705455e-02,1.184703,-1.24390162e-01,2.79730174e-03
0.997750,2.52394486e-02,1.77394486e-02,1.182630,-1.24387399e-01,2.84365591e-03
0.998000,2.52083530e-02,1.77083530e-02,1.180557,-1.24382370e-01,2.82045251e-03
0.998250,2.51772594e-02,1.76772594e-02,1.178484,-1.24374561e-01,2.75922930e-03
0.998500,2.51461666e-02,1.76461666e-02,1.176411,-1.24371364e-01,2.72029111e-03
0.998750,2.51150728e-02,1.76150728e-02,1.174338,-1.24374915e-01,2.70077392e-03
0.999000,2.50839772e-02,1.75839772e-02,1.172265,-1.24382525e-01,2.70307540e-03
0.999250,2.50528793e-02,1.75528793e-02,1.170192,-1.24391637e-01,2.78844188e-03
0.999500,2.50217801e-02,1.75217801e-02,1.168119,-1.24396785e-01,2.72726542e-03
0.999750,2.49906807e-02,1.74906807e-02,1.166045,-1.24397629e-01,2.74714771e-03
1.000000,2.49595800e-02,1.74595800e-02,1.163972,-1.24402617e-01,2.74932877e-03
1.000250,2.49284786e-02,1.74284786e-02,1.161899,-1.24405876e-01,2.76623939e-03
1.000500,2.48973765e-02,1.73973765e-02,1.159825,-1.24408208e-01,2.79210660e-03
1.000750,2.48662745e-02,1.73662745e-02,1.157752,-1.24408009e-01,2.84282943e-03
1.001000,2.48351737e-02,1.73351737e-02,1.155678,-1.24403443e-01,2.87861205e-03
1.001250,2.48040754e-02,1.73040754e-02,1.153605,-1.24393130e-01,2.87988613e-03
1.001500,2.47729804e-02,1.72729804e-02,1.151532,-1.24379824e-01,2.90074428e-03
1.001750,2.47418890e-02,1.72418890e-02,1.149459,-1.24365490e-01,2.83686061e-03
1.002000,2.47108010e-02,1.72108010e-02,1.147387,-1.24352269e-01,2.78951784e-03
1.002250,2.46797144e-02,1.71797144e-02,1.145314,-1.24346385e-01,2.80081444e-03
1.002500,2.46486284e-02,1.71486284e-02,1.143242,-1.24343889e-01,2.80547890e-03
1.002750,2.46175433e-02,1.71175433e-02,1.141170,-1.24340260e-01,2.79104114e-03
1.003000,2.45864591e-02,1.70864591e-02,1.139097,-1.24336885e-01,2.73222718e-03
1.003250,2.45553748e-02,1.70553748e-02,1.137025,-1.24337297e-01,2.70214834e-03
1.003500,2.45242888e-02,1.70242888e-02,1.134953,-1.24343867e-01,2.77869387e-03
1.003750,2.44932014e-02,1.69932014e-02,1.132880,-1.24349522e-01,2.79330070e-03
1.004000,2.44621144e-02,1.69621144e-02,1.130808,-1.24348247e-01,2.75588170e-03
1.004250,2.44310275e-02,1.69310275e-02,1.128735,-1.24347427e-01,2.74268615e-03
1.004500,2.43999400e-02,1.68999400e-02,1.126663,-1.24350263e-01,2.79549005e-03
1.004750,2.43688520e-02,1.68688520e-02,1.124590,-1.24351847e-01,2.79552353e-03
1.005000,2.43377647e-02,1.68377647e-02,1.122518,-1.24349095e-01,2.77864527e-03
1.005250,2.43066780e-02,1.68066780e-02,1.120445,-1.24347086e-01,2.86062206e-03
1.005500,2.42755922e-02,1.67755922e-02,1.118373,-1.24342839e-01,2.84657929e-03
1.005750,2.42445091e-02,1.67445091e-02,1.116301,-1.24332482e-01,2.88445342e-03
1.006000,2.42134287e-02,1.67134287e-02,1.114229,-1.24321603e-01,2.87516465e-03
1.006250,2.41823517e-02,1.66823517e-02,1.112157,-1.24308026e-01,2.84785422e-03
1.006500,2.41512776e-02,1.66512776e-02,1.110085,-1.24296418e-01,2.81203372e-03
1.006750,2.41202055e-02,1.66202055e-02,1.108014,-1.24288637e-01,2.84326181e-03
1.007000,2.40891349e-02,1.65891349e-02,1.105942,-1.24282416e-01,2.78386877e-03
1.007250,2.40580658e-02,1.65580658e-02,1.103871,-1.24276256e-01,2.74880392e-03
1.007500,2.40269967e-02,1.65269967e-02,1.101800,-1.24276524e-01,2.75140289e-03
1.007750,2.39959268e-02,1.64959268e-02,1.099728,-1.24279555e-01,2.69426665e-03
1.008000,2.39648555e-02,1.64648555e-02,1.097657,-1.24284899e-01,2.75552930e-03
1.008250,2.39337825e-02,1.64337825e-02,1.095586,-1.24292225e-01,2.76694086e-03
1.008500,2.39027090e-02,1.64027090e-02,1.093514,-1.24294018e-01,2.70815880e-03
1.008750,2.38716346e-02,1.63716346e-02,1.091442,-1.24297472e-01,2.76345550e-03
1.009000,2.38405588e-02,1.63405588e-02,1.089371,-1.24303307e-01,2.78438183e-03
1.009250,2.38094829e-02,1.63094829e-02,1.087299,-1.24303678e-01,2.76014620e-03
1.009500,2.37784070e-02,1.62784070e-02,1.085227,-1.24303401e-01,2.82032311e-03
1.009750,2.37473314e-02,1.62473314e-02,1.083155,-1.24302455e-01,2.86249452e-03
1.010000,2.37162577e-02,1.62162577e-02,1.081084,-1.24294703e-01,2.85739234e-03
1.010250,2.36851868e-02,1.61851868e-02,1.079012,-1.24283714e-01,2.88118066e-03
1.010500,2.36541188e-02,1.61541188e-02,1.076941,-1.24272092e-01,2.90202351e-03
1.010750,2.36230544e-02,1.61230544e-02,1.074870,-1.24257596e-01,2.83631715e-03
1.011000,2.35919933e-02,1.60919933e-02,1.072800,-1.24244293e-01,2.80727759e-03
1.011250,2.35609339e-02,1.60609339e-02,1.070729,-1.24237669e-01,2.84419951e-03
1.011500,2.35298759e-02,1.60298759e-02,1.068658,-1.24231797e-01,2.80719380e-03
1.011750,2.34988198e-02,1.59988198e-02,1.066588,-1.24224530e-01,2.76128926e-03
1.012000,2.34677642e-02,1.59677642e-02,1.064518,-1.24222330e-01,2.70458857e-03
1.012250,2.34367076e-02,1.59367076e-02,1.062447,-1.24226406e-01,2.69544636e-03
1.012500,2.34056487e-02,1.59056487e-02,1.060377,-1.24235541e-01,2.80440363e-03
1.012750,2.33745886e-02,1.58745886e-02,1.058306,-1.24240610e-01,2.81329515e-03
1.013000,2.33435295e-02,1.58435295e-02,1.056235,-1.24236341e-01,2.76210306e-03
1.013250,2.33124711e-02,1.58124711e-02,1.054165,-1.24233604e-01,2.75994386e-03
1.013500,2.32814123e-02,1.57814123e-02,1.052094,-1.24235166e-01,2.82190492e-03
1.013750,2.32503538e-02,1.57503538e-02,1.050024,-1.24234166e-01,2.78913412e-03
1.014000,2.32192964e-02,1.57192964e-02,1.047953,-1.24229527e-01,2.78516371e-03
1.014250,2.31882394e-02,1.56882394e-02,1.045883,-1.24227755e-01,2.85441092e-03
1.014500,2.31571836e-02,1.56571836e-02,1.043812,-1.24223247e-01,2.83266521e-03
1.014750,2.31261301e-02,1.56261301e-02,1.041742,-1.24214015e-01,2.89206130e-03
1.015000,2.30950791e-02,1.55950791e-02,1.039672,-1.24203942e-01,2.86597306e-03
1.015250,2.30640316e-02,1.55640316e-02,1.037602,-1.24190147e-01,2.86131401e-03
1.015500,2.30329869e-02,1.55329869e-02,1.035532,-1.24178699e-01,2.85215381e-03
1.015750,2.30019449e-02,1.55019449e-02,1.033463,-1.24168038e-01,2.87423161e-03
1.016000,2.29709056e-02,1.54709056e-02,1.031394,-1.24157154e-01,2.75123587e-03
1.016250,2.29398682e-02,1.54398682e-02,1.029325,-1.24149895e-01,2.73373555e-03
1.016500,2.29088298e-02,1.54088298e-02,1.027255,-1.24153508e-01,2.72049111e-03
1.016750,2.28777900e-02,1.53777900e-02,1.025186,-1.24159143e-01,2.69625793e-03
1.017000,2.28467483e-02,1.53467483e-02,1.023117,-1.24166936e-01,2.79829563e-03
1.017250,2.28157052e-02,1.53157052e-02,1.021047,-1.24172209e-01,2.78259448e-03
1.017500,2.27846628e-02,1.52846628e-02,1.018978,-1.24169798e-01,2.75011311e-03
1.017750,2.27536202e-02,1.52536202e-02,1.016908,-1.24170112e-01,2.74036155e-03
1.018000,2.27225769e-02,1.52225769e-02,1.014838,-1.24173524e-01,2.79396556e-03
1.018250,2.26915330e-02,1.51915330e-02,1.012769,-1.24175367e-01,2.76139074e-03
1.018500,2.26604894e-02,1.51604894e-02,1.010699,-1.24174249e-01,2.81797430e-03
1.018750,2.26294461e-02,1.51294461e-02,1.008630,-1.24173303e-01,2.87942956e-03
1.019000,2.25984049e-02,1.50984049e-02,1.006560,-1.24164996e-01,2.87079027e-03
1.019250,2.25673669e-02,1.50673669e-02,1.004491,-1.24152024e-01,2.93820445e-03
1.019500,2.25363327e-02,1.50363327e-02,1.002422,-1.24136781e-01,2.87436226e-03
1.019750,2.25053030e-02,1.50053030e-02,1.000354,-1.24118826e-01,2.79991227e-03
1.020000,2.24742756e-02,1.49742756e-02,0.998285,-1.24109404e-01,2.80794292e-03
1.020250,2.24432492e-02,1.49432492e-02,0.996217,-1.24105740e-01,2.87106096e-03
1.020500,2.24122245e-02,1.49122245e-02,0.994148,-1.24098625e-01,2.83469562e-03
1.020750,2.23812025e-02,1.48812025e-02,0.992080,-1.24087937e-01,2.75680755e-03
1.021000,2.23501816e-02,1.48501816e-02,0.990012,-1.24083677e-01,2.70824844e-03
1.021250,2.23191596e-02,1.48191596e-02,0.987944,-1.24087959e-01,2.68649541e-03
1.021500,2.22881353e-02,1.47881353e-02,0.985876,-1.24097190e-01,2.82281901e-03
1.021750,2.22571098e-02,1.47571098e-02,0.983807,-1.24102180e-01,2.81828206e-03
1.022000,2.22260857e-02,1.47260857e-02,0.981739,-1.24096177e-01,2.78600138e-03
1.022250,2.21950628e-02,1.46950628e-02,0.979671,-1.24091975e-01,2.78614622e-03
1.022500,2.21640401e-02,1.46640401e-02,0.977603,-1.24090416e-01,2.82280277e-03
1.022750,2.21330183e-02,1.46330183e-02,0.975535,-1.24087225e-01,2.75327458e-03
1.023000,2.21019973e-02,1.46019973e-02,0.973466,-1.24084098e-01,2.79350024e-03
1.023250,2.20709761e-02,1.45709761e-02,0.971398,-1.24084901e-01,2.86049268e-03
1.023500,2.20399562e-02,1.45399562e-02,0.969330,-1.24079440e-01,2.86976690e-03
1.023750,2.20089392e-02,1.45089392e-02,0.967263,-1.24068068e-01,2.96117286e-03
1.024000,2.19779262e-02,1.44779262e-02,0.965195,-1.24051894e-01,2.84470728e-03
1.024250,2.19469179e-02,1.44469179e-02,0.963128,-1.24033364e-01,2.82600395e-03
1.024500,2.19159116e-02,1.44159116e-02,0.961061,-1.24025223e-01,2.83802620e-03
1.024750,2.18849071e-02,1.43849071e-02,0.958994,-1.24018087e-01,2.89624168e-03
1.025000,2.18539052e-02,1.43539052e-02,0.956927,-1.24007389e-01,2.78959530e-03
1.025250,2.18229061e-02,1.43229061e-02,0.954860,-1.23996627e-01,2.75296055e-03
1.025500,2.17919070e-02,1.42919070e-02,0.952794,-1.23996240e-01,2.72763396e-03
1.025750,2.17609070e-02,1.42609070e-02,0.950727,-1.23999981e-01,2.68571935e-03
1.026000,2.17299051e-02,1.42299051e-02,0.948660,-1.24007655e-01,2.78596008e-03
1.026250,2.16989015e-02,1.41989015e-02,0.946593,-1.24014338e-01,2.78059685e-03
1.026500,2.16678983e-02,1.41678983e-02,0.944527,-1.24013028e-01,2.76426593e-03
1.026750,2.16368950e-02,1.41368950e-02,0.942460,-1.24012880e-01,2.77310502e-03
1.027000,2.16058916e-02,1.41058916e-02,0.940393,-1.24013683e-01,2.79896502e-03
1.027250,2.15748885e-02,1.40748885e-02,0.938326,-1.24012616e-01,2.75954801e-03
1.027500,2.15438857e-02,1.40438857e-02,0.936259,-1.24011169e-01,2.84159904e-03
1.027750,2.15128833e-02,1.40128833e-02,0.934192,-1.24009330e-01,2.93548147e-03
1.028000,2.14818842e-02,1.39818842e-02,0.932126,-1.23996605e-01,2.89888814e-03
1.028250,2.14508897e-02,1.39508897e-02,0.930059,-1.23977789e-01,2.92211062e-03
1.028500,2.14198995e-02,1.39198995e-02,0.927993,-1.23960951e-01,2.84378510e-03
1.028750,2.13889131e-02,1.38889131e-02,0.925928,-1.23945669e-01,2.80371939e-03
1.029000,2.13579284e-02,1.38579284e-02,0.923862,-1.23938589e-01,2.83240914e-03
1.029250,2.13269451e-02,1.38269451e-02,0.921796,-1.23933530e-01,2.88921494e-03
1.029500,2.12959642e-02,1.37959642e-02,0.919731,-1.23923605e-01,2.82626089e-03
1.029750,2.12649862e-02,1.37649862e-02,0.917666,-1.23911799e-01,2.74265714e-03
1.030000,2.12340090e-02,1.37340090e-02,0.915601,-1.23908857e-01,2.71486191e-03
1.030250,2.12030305e-02,1.37030305e-02,0.913535,-1.23914008e-01,2.70288540e-03
1.030500,2.11720500e-02,1.36720500e-02,0.911470,-1.23921972e-01,2.84069501e-03
1.030750,2.11410688e-02,1.36410688e-02,0.909405,-1.23924825e-01,2.81929266e-03
1.031000,2.11100895e-02,1.36100895e-02,0.907339,-1.23917311e-01,2.79672351e-03
1.031250,2.10791113e-02,1.35791113e-02,0.905274,-1.23912551e-01,2.79270238e-03
1.031500,2.10481339e-02,1.35481339e-02,0.903209,-1.23909822e-01,2.82559827e-03
1.031750,2.10171574e-02,1.35171574e-02,0.901144,-1.23905969e-01,2.77408005e-03
1.032000,2.09861820e-02,1.34861820e-02,0.899079,-1.23901693e-01,2.84850395e-03
1.032250,2.09552074e-02,1.34552074e-02,0.897014,-1.23898356e-01,2.89120387e-03
1.032500,2.09242356e-02,1.34242356e-02,0.894949,-1.23887021e-01,2.89635141e-03
1.032750,2.08932676e-02,1.33932676e-02,0.892885,-1.23871953e-01,2.93751766e-03
1.033000,2.08623040e-02,1.33623040e-02,0.890820,-1.23854642e-01,2.83926637e-03
1.033250,2.08313444e-02,1.33313444e-02,0.888756,-1.23838295e-01,2.82967151e-03
1.033500,2.08003868e-02,1.33003868e-02,0.886692,-1.23830439e-01,2.86475012e-03
1.033750,2.07694313e-02,1.32694313e-02,0.884629,-1.23821819e-01,2.89872567e-03
1.034000,2.07384791e-02,1.32384791e-02,0.882565,-1.23808818e-01,2.77880176e-03
1.034250,2.07075295e-02,1.32075295e-02,0.880502,-1.23798329e-01,2.74114404e-03
1.034500,2.06765797e-02,1.31765797e-02,0.878439,-1.23799351e-01,2.73741015e-03
1.034750,2.06456288e-02,1.31456288e-02,0.876375,-1.23803630e-01,2.70792702e-03
1.035000,2.06146764e-02,1.31146764e-02,0.874312,-1.23809519e-01,2.81826561e-03
1.035250,2.05837232e-02,1.30837232e-02,0.872248,-1.23812950e-01,2.78686053e-03
1.035500,2.05527710e-02,1.30527710e-02,0.870185,-1.23808711e-01,2.78961483e-03
1.035750,2.05218193e-02,1.30218193e-02,0.868121,-1.23806928e-01,2.78152441e-03
1.036000,2.04908679e-02,1.29908679e-02,0.866058,-1.23805277e-01,2.80386649e-03
1.036250,2.04599171e-02,1.29599171e-02,0.863994,-1.23803303e-01,2.80198088e-03
1.036500,2.04289672e-02,1.29289672e-02,0.861931,-1.23799577e-01,2.85638686e-03
1.036750,2.03980188e-02,1.28980188e-02,0.859868,-1.23793601e-01,2.92498781e-03
1.037000,2.03670738e-02,1.28670738e-02,0.857805,-1.23780125e-01,2.91058574e-03
1.037250,2.03361334e-02,1.28361334e-02,0.855742,-1.23761654e-01,2.92692151e-03
1.037500,2.03051975e-02,1.28051975e-02,0.853680,-1.23743643e-01,2.86187229e-03
1.037750,2.02742657e-02,1.27742657e-02,0.851618,-1.23727166e-01,2.81656961e-03
1.038000,2.02433362e-02,1.27433362e-02,0.849556,-1.23718033e-01,2.84284711e-03
1.038250,2.02124083e-02,1.27124083e-02,0.847494,-1.23711458e-01,2.89253721e-03
1.038500,2.01814832e-02,1.26814832e-02,0.845432,-1.23700528e-01,2.82554011e-03
1.038750,2.01505610e-02,1.26505610e-02,0.843371,-1.23688481e-01,2.76416578e-03
1.039000,2.01196399e-02,1.26196399e-02,0.841309,-1.23684648e-01,2.72346392e-03
1.039250,2.00887180e-02,1.25887180e-02,0.839248,-1.23687653e-01,2.71774607e-03
1.039500,2.00577944e-02,1.25577944e-02,0.837186,-1.23694253e-01,2.87989052e-03
1.039750,2.00268709e-02,1.25268709e-02,0.835125,-1.23694154e-01,2.82841257e-03
1.040000,1.99959501e-02,1.24959501e-02,0.833063,-1.23683018e-01,2.80857645e-03
1.040250,1.99650309e-02,1.24650309e-02,0.831002,-1.23676986e-01,2.80928188e-03
1.040500,1.99341127e-02,1.24341127e-02,0.828941,-1.23672551e-01,2.83092402e-03
1.040750,1.99031960e-02,1.24031960e-02,0.826880,-1.23667101e-01,2.77796777e-03
1.041000,1.98722804e-02,1.23722804e-02,0.824819,-1.23662215e-01,2.87659964e-03
1.041250,1.98413661e-02,1.23413661e-02,0.822758,-1.23657317e-01,2.91123111e-03
1.041500,1.98104554e-02,1.23104554e-02,0.820697,-1.23642790e-01,2.93822320e-03
1.041750,1.97795493e-02,1.22795493e-02,0.818637,-1.23624226e-01,2.93939748e-03
1.042000,1.97486485e-02,1.22486485e-02,0.816577,-1.23603395e-01,2.84082287e-03
1.042250,1.97177518e-02,1.22177518e-02,0.814517,-1.23586824e-01,2.84454349e-03
1.042500,1.96868572e-02,1.21868572e-02,0.812457,-1.23578183e-01,2.87913872e-03
1.042750,1.96559653e-02,1.21559653e-02,0.810398,-1.23567706e-01,2.90639249e-03
1.043000,1.96250770e-02,1.21250770e-02,0.808338,-1.23553185e-01,2.80524543e-03
1.043250,1.95941918e-02,1.20941918e-02,0.806279,-1.23540897e-01,2.75866691e-03
1.043500,1.95633070e-02,1.20633070e-02,0.804220,-1.23538973e-01,2.73884229e-03
1.043750,1.95324216e-02,1.20324216e-02,0.802161,-1.23541750e-01,2.73258192e-03
1.044000,1.95015350e-02,1.20015350e-02,0.800102,-1.23546431e-01,2.85870725e-03
1.044250,1.94706485e-02,1.19706485e-02,0.798043,-1.23546051e-01,2.78748743e-03
1.044500,1.94397639e-02,1.19397639e-02,0.795984,-1.23538463e-01,2.79253711e-03
1.044750,1.94088797e-02,1.19088797e-02,0.793925,-1.23536500e-01,2.79008428e-03
1.045000,1.93779962e-02,1.18779962e-02,0.791866,-1.23534231e-01,2.82053988e-03
1.045250,1.93471135e-02,1.18471135e-02,0.789808,-1.23530816e-01,2.82462282e-03
1.045500,1.93162323e-02,1.18162323e-02,0.787749,-1.23524721e-01,2.90113153e-03
1.045750,1.92853536e-02,1.17853536e-02,0.785690,-1.23514908e-01,2.94497558e-03
1.046000,1.92544793e-02,1.17544793e-02,0.783632,-1.23496874e-01,2.91973563e-03
1.046250,1.92236103e-02,1.17236103e-02,0.781574,-1.23476357e-01,2.92985737e-03
1.046500,1.91927459e-02,1.16927459e-02,0.779516,-1.23457465e-01,2.87179084e-03
1.046750,1.91618858e-02,1.16618858e-02,0.777459,-1.23440309e-01,2.83689639e-03
1.047000,1.91310284e-02,1.16310284e-02,0.775402,-1.23429463e-01,2.86798260e-03
1.047250,1.91001734e-02,1.16001734e-02,0.773345,-1.23420108e-01,2.90485557e-03
1.047500,1.90693218e-02,1.15693218e-02,0.771288,-1.23406570e-01,2.84075965e-03
1.047750,1.90384736e-02,1.15384736e-02,0.769232,-1.23392838e-01,2.77640613e-03
1.048000,1.90076268e-02,1.15076268e-02,0.767175,-1.23387214e-01,2.73711374e-03
1.048250,1.89767796e-02,1.14767796e-02,0.765119,-1.23388611e-01,2.74974860e-03
1.048500,1.89459314e-02,1.14459314e-02,0.763062,-1.23392676e-01,2.89314790e-03
1.048750,1.89150841e-02,1.14150841e-02,0.761006,-1.23389363e-01,2.83589523e-03
1.049000,1.88842399e-02,1.13842399e-02,0.758949,-1.23376808e-01,2.82996102e-03
1.049250,1.88533976e-02,1.13533976e-02,0.756893,-1.23369215e-01,2.82731691e-03
1.049500,1.88225570e-02,1.13225570e-02,0.754837,-1.23362227e-01,2.84712999e-03
1.049750,1.87917184e-02,1.12917184e-02,0.752781,-1.23354580e-01,2.80618694e-03
1.050000,1.87608816e-02,1.12608816e-02,0.750725,-1.23347117e-01,2.89139250e-03
1.050250,1.87300468e-02,1.12300468e-02,0.748670,-1.23339248e-01,2.92926080e-03
1.050500,1.86992161e-02,1.11992161e-02,0.746614,-1.23322709e-01,2.95007358e-03
1.050750,1.86683906e-02,1.11683906e-02,0.744559,-1.23302141e-01,2.95595274e-03
1.051000,1.86375707e-02,1.11375707e-02,0.742505,-1.23279604e-01,2.86122190e-03
1.051250,1.86067555e-02,1.11067555e-02,0.740450,-1.23260773e-01,2.85959446e-03
1.051500,1.85759430e-02,1.10759430e-02,0.738396,-1.23249791e-01,2.90133223e-03
1.051750,1.85451338e-02,1.10451338e-02,0.736342,-1.23237098e-01,2.92869293e-03
1.052000,1.85143288e-02,1.10143288e-02,0.734289,-1.23219768e-01,2.82948702e-03
1.052250,1.84835277e-02,1.09835277e-02,0.732235,-1.23204578e-01,2.77598238e-03
1.052500,1.84527277e-02,1.09527277e-02,0.730182,-1.23199898e-01,2.75506748e-03
1.052750,1.84219276e-02,1.09219276e-02,0.728129,-1.23200536e-01,2.74148829e-03
1.053000,1.83911267e-02,1.08911267e-02,0.726075,-1.23203492e-01,2.88413394e-03
1.053250,1.83603264e-02,1.08603264e-02,0.724022,-1.23201256e-01,2.81499756e-03
1.053500,1.83295288e-02,1.08295288e-02,0.721969,-1.23190364e-01,2.80686864e-03
1.053750,1.82987324e-02,1.07987324e-02,0.719915,-1.23185509e-01,2.80857937e-03
1.054000,1.82679371e-02,1.07679371e-02,0.717862,-1.23181245e-01,2.84283614e-03
1.054250,1.82371433e-02,1.07371433e-02,0.715810,-1.23175326e-01,2.84446634e-03
1.054500,1.82063516e-02,1.07063516e-02,0.713757,-1.23166523e-01,2.90830987e-03
1.054750,1.81755630e-02,1.06755630e-02,0.711704,-1.23154763e-01,2.95845703e-03
1.055000,1.81447791e-02,1.06447791e-02,0.709652,-1.23135545e-01,2.94087269e-03
1.055250,1.81140008e-02,1.06140008e-02,0.707600,-1.23112986e-01,2.96223963e-03
1.055500,1.80832281e-02,1.05832281e-02,0.705549,-1.23090927e-01,2.90118754e-03
1.055750,1.80524606e-02,1.05524606e-02,0.703497,-1.23069813e-01,2.85499647e-03
1.056000,1.80216967e-02,1.05216967e-02,0.701446,-1.23055753e-01,2.88158216e-03
1.056250,1.79909356e-02,1.04909356e-02,0.699396,-1.23044310e-01,2.93289436e-03
1.056500,1.79601785e-02,1.04601785e-02,0.697345,-1.23028416e-01,2.86703733e-03
1.056750,1.79294257e-02,1.04294257e-02,0.695295,-1.23011221e-01,2.78948352e-03
1.057000,1.78986750e-02,1.03986750e-02,0.693245,-1.23002861e-01,2.76738281e-03
1.057250,1.78679245e-02,1.03679245e-02,0.691195,-1.23001846e-01,2.75891311e-03
1.057500,1.78371738e-02,1.03371738e-02,0.689145,-1.23003020e-01,2.89456550e-03
1.057750,1.78064241e-02,1.03064241e-02,0.687095,-1.22998892e-01,2.87079552e-03
1.058000,1.77756779e-02,1.02756779e-02,0.685045,-1.22984678e-01,2.85707532e-03
1.058250,1.77449346e-02,1.02449346e-02,0.682996,-1.22973022e-01,2.84666538e-03
1.058500,1.77141939e-02,1.02141939e-02,0.680946,-1.22962952e-01,2.87894123e-03
1.058750,1.76834558e-02,1.01834558e-02,0.678897,-1.22952310e-01,2.82988628e-03
1.059000,1.76527205e-02,1.01527205e-02,0.676848,-1.22941187e-01,2.90809188e-03
1.059250,1.76219879e-02,1.01219879e-02,0.674799,-1.22930634e-01,2.94145718e-03
1.059500,1.75912598e-02,1.00912598e-02,0.672751,-1.22912185e-01,2.95420298e-03
1.059750,1.75605372e-02,1.00605372e-02,0.670702,-1.22890433e-01,3.00045733e-03
1.060000,1.75298208e-02,1.00298208e-02,0.668655,-1.22865590e-01,2.88208429e-03
1.060250,1.74991103e-02,9.99911030e-03,0.666607,-1.22842182e-01,2.89049069e-03
1.060500,1.74684032e-02,9.96840320e-03,0.664560,-1.22828121e-01,2.93083630e-03
1.060750,1.74377003e-02,9.93770030e-03,0.662513,-1.22811587e-01,2.97022625e-03
1.061000,1.74070028e-02,9.90700280e-03,0.660467,-1.22789999e-01,2.84546115e-03
1.061250,1.73763102e-02,9.87631020e-03,0.658421,-1.22770692e-01,2.81445939e-03
1.061500,1.73456194e-02,9.84561940e-03,0.656375,-1.22763000e-01,2.79587115e-03
1.061750,1.73149297e-02,9.81492970e-03,0.654329,-1.22758675e-01,2.74992816e-03
1.062000,1.72842403e-02,9.78424030e-03,0.652283,-1.22757907e-01,2.86047895e-03
1.062250,1.72535513e-02,9.75355130e-03,0.650237,-1.22756024e-01,2.86015570e-03
1.062500,1.72228650e-02,9.72286500e-03,0.648191,-1.22745078e-01,2.83752634e-03
1.062750,1.71921812e-02,9.69218120e-03,0.646145,-1.22735160e-01,2.84788683e-03
1.063000,1.71614995e-02,9.66149950e-03,0.644100,-1.22726641e-01,2.87627369e-03
1.063250,1.71308205e-02,9.63082050e-03,0.642055,-1.22716017e-01,2.83939670e-03
1.063500,1.71001444e-02,9.60014440e-03,0.640010,-1.22704692e-01,2.91967231e-03
1.063750,1.70694712e-02,9.56947120e-03,0.637965,-1.22692846e-01,2.98479983e-03
1.064000,1.70388033e-02,9.53880330e-03,0.635920,-1.22671530e-01,2.94730037e-03
1.064250,1.70081416e-02,9.50814160e-03,0.633876,-1.22646525e-01,3.02602746e-03
1.064500,1.69774864e-02,9.47748640e-03,0.631832,-1.22621118e-01,2.95713025e-03
1.064750,1.69468383e-02,9.44683830e-03,0.629789,-1.22592293e-01,2.89163983e-03
1.065000,1.69161953e-02,9.41619530e-03,0.627746,-1.22572020e-01,2.89388199e-03
1.065250,1.68855560e-02,9.38555600e-03,0.625704,-1.22557025e-01,2.95615264e-03
1.065500,1.68549213e-02,9.35492130e-03,0.623661,-1.22539093e-01,2.93229925e-03
1.065750,1.68242920e-02,9.32429200e-03,0.621619,-1.22517103e-01,2.85386757e-03
1.066000,1.67936668e-02,9.29366680e-03,0.619578,-1.22500539e-01,2.79364021e-03
1.066250,1.67630436e-02,9.26304360e-03,0.617536,-1.22493077e-01,2.76930449e-03
1.066500,1.67324207e-02,9.23242070e-03,0.615495,-1.22491635e-01,2.91556403e-03
1.066750,1.67017992e-02,9.20179920e-03,0.613453,-1.22485726e-01,2.91655389e-03
1.067000,1.66711823e-02,9.17118230e-03,0.611412,-1.22467765e-01,2.89047442e-03
1.067250,1.66405696e-02,9.14056960e-03,0.609371,-1.22450875e-01,2.86853634e-03
1.067500,1.66099603e-02,9.10996030e-03,0.607331,-1.22437096e-01,2.91438983e-03
1.067750,1.65793545e-02,9.07935450e-03,0.605290,-1.22423091e-01,2.86806912e-03
1.068000,1.65487527e-02,9.04875270e-03,0.603250,-1.22407370e-01,2.89718898e-03
1.068250,1.65181541e-02,9.01815410e-03,0.601210,-1.22394164e-01,2.96610561e-03
1.068500,1.64875603e-02,8.98756030e-03,0.599171,-1.22375520e-01,2.94281547e-03
1.068750,1.64569722e-02,8.95697220e-03,0.597131,-1.22352248e-01,3.00124493e-03
1.069000,1.64263901e-02,8.92639010e-03,0.595093,-1.22328305e-01,2.97349720e-03
1.069250,1.63958149e-02,8.89581490e-03,0.593054,-1.22300791e-01,2.97272058e-03
1.069500,1.63652460e-02,8.86524600e-03,0.591016,-1.22275590e-01,2.96989625e-03
1.069750,1.63346834e-02,8.83468340e-03,0.588979,-1.22250577e-01,2.99877874e-03
1.070000,1.63041273e-02,8.80412730e-03,0.586942,-1.22224520e-01,2.86565399e-03
1.070250,1.62735768e-02,8.77357680e-03,0.584905,-1.22201976e-01,2.84639750e-03
1.070500,1.62430290e-02,8.74302900e-03,0.582869,-1.22191214e-01,2.83261524e-03
1.070750,1.62124833e-02,8.71248330e-03,0.580832,-1.22182642e-01,2.80821499e-03
1.071000,1.61819392e-02,8.68193920e-03,0.578796,-1.22176280e-01,2.92282490e-03
1.071250,1.61513975e-02,8.65139750e-03,0.576760,-1.22166855e-01,2.90882742e-03
1.071500,1.61208604e-02,8.62086040e-03,0.574724,-1.22148639e-01,2.81215101e-03
1.071750,1.60903264e-02,8.59032640e-03,0.572688,-1.22135846e-01,2.87054493e-03
1.072000,1.60597943e-02,8.55979430e-03,0.570653,-1.22128410e-01,2.92135907e-03
1.072250,1.60292658e-02,8.52926580e-03,0.568618,-1.22113932e-01,2.88791339e-03
1.072500,1.59987416e-02,8.49874160e-03,0.566583,-1.22096761e-01,2.95113140e-03
1.072750,1.59682217e-02,8.46822170e-03,0.564548,-1.22079541e-01,2.99895207e-03
1.073000,1.59377080e-02,8.43770800e-03,0.562514,-1.22055016e-01,2.99676669e-03
1.073250,1.59072013e-02,8.40720130e-03,0.560480,-1.22026662e-01,3.01967770e-03
1.073500,1.58767019e-02,8.37670190e-03,0.558447,-1.21997474e-01,3.04080380e-03
1.073750,1.58462106e-02,8.34621060e-03,0.556414,-1.21965471e-01,2.98356195e-03
1.074000,1.58157270e-02,8.31572700e-03,0.554382,-1.21934265e-01,2.92616732e-03
1.074250,1.57852494e-02,8.28524940e-03,0.552350,-1.21910295e-01,2.96182446e-03
1.074500,1.57547771e-02,8.25477710e-03,0.550318,-1.21889462e-01,2.91440231e-03
1.074750,1.57243101e-02,8.22431010e-03,0.548287,-1.21867797e-01,2.91503942e-03
1.075000,1.56938476e-02,8.19384760e-03,0.546257,-1.21849998e-01,2.88619461e-03
1.075250,1.56633893e-02,8.16338930e-03,0.544226,-1.21833422e-01,2.84700875e-03
1.075500,1.56329340e-02,8.13293400e-03,0.542196,-1.21820946e-01,2.92639109e-03
1.075750,1.56024820e-02,8.10248200e-03,0.540165,-1.21808178e-01,2.93357750e-03
1.076000,1.55720348e-02,8.07203480e-03,0.538136,-1.21788575e-01,2.89871975e-03
1.076250,1.55415924e-02,8.04159240e-03,0.536106,-1.21769923e-01,2.91256395e-03
1.076500,1.55111540e-02,8.01115400e-03,0.534077,-1.21753521e-01,2.95053286e-03
1.076750,1.54807204e-02,7.98072040e-03,0.532048,-1.21734303e-01,2.94459741e-03
1.077000,1.54502924e-02,7.95029240e-03,0.530019,-1.21712231e-01,2.91920312e-03
1.077250,1.54198694e-02,7.91986940e-03,0.527991,-1.21691769e-01,2.96916667e-03
1.077500,1.53894516e-02,7.88945160e-03,0.525963,-1.21671182e-01,3.01751505e-03
1.077750,1.53590405e-02,7.85904050e-03,0.523936,-1.21644356e-01,3.07287376e-03
1.078000,1.53286377e-02,7.82863770e-03,0.521909,-1.21611113e-01,3.07266688e-03
1.078250,1.52982444e-02,7.79824440e-03,0.519883,-1.21573334e-01,2.99161197e-03
1.078500,1.52678596e-02,7.76785960e-03,0.517857,-1.21539156e-01,2.96598443e-03
1.078750,1.52374814e-02,7.73748140e-03,0.515832,-1.21512765e-01,2.97957244e-03
1.079000,1.52071095e-02,7.70710950e-03,0.513807,-1.21487878e-01,2.97763509e-03
1.079250,1.51767440e-02,7.67674400e-03,0.511783,-1.21461960e-01,2.93089199e-03
1.079500,1.51463844e-02,7.64638440e-03,0.509759,-1.21438269e-01,2.89787983e-03
1.079750,1.51160294e-02,7.61602940e-03,0.507735,-1.21419874e-01,2.87368613e-03
1.080000,1.50856781e-02,7.58567810e-03,0.505712,-1.21405260e-01,2.85440239e-03
1.080250,1.50553298e-02,7.55532980e-03,0.503689,-1.21393484e-01,2.98051407e-03
1.080500,1.50249853e-02,7.52498530e-03,0.501666,-1.21377717e-01,2.91037714e-03
1.080750,1.49946466e-02,7.49464660e-03,0.499643,-1.21354695e-01,2.92451342e-03
1.081000,1.49643124e-02,7.46431240e-03,0.497621,-1.21336808e-01,2.92755682e-03
1.081250,1.49339830e-02,7.43398300e-03,0.495599,-1.21317625e-01,2.95837994e-03
1.081500,1.49036588e-02,7.40365880e-03,0.493577,-1.21296830e-01,2.96123051e-03
1.081750,1.48733405e-02,7.37334050e-03,0.491556,-1.21273378e-01,3.01664357e-03
1.082000,1.48430287e-02,7.34302870e-03,0.489535,-1.21247242e-01,3.06451362e-03
1.082250,1.48127251e-02,7.31272510e-03,0.487515,-1.21214440e-01,3.05753874e-03
1.082500,1.47824306e-02,7.28243060e-03,0.485495,-1.21178016e-01,3.10065631e-03
1.082750,1.47521455e-02,7.25214550e-03,0.483476,-1.21140259e-01,3.02385841e-03
1.083000,1.47218699e-02,7.22186990e-03,0.481458,-1.21102357e-01,2.97384691e-03
1.083250,1.46916017e-02,7.19160170e-03,0.479440,-1.21072971e-01,3.00650222e-03
1.083500,1.46613401e-02,7.16134010e-03,0.477423,-1.21046247e-01,3.06650890e-03
1.083750,1.46310866e-02,7.13108660e-03,0.475406,-1.21014190e-01,3.01041381e-03
1.084000,1.46008416e-02,7.10084160e-03,0.473389,-1.20979686e-01,2.93279263e-03
1.084250,1.45706033e-02,7.07060330e-03,0.471374,-1.20953219e-01,2.88247980e-03
1.084500,1.45403695e-02,7.04036950e-03,0.469358,-1.20935349e-01,2.87024198e-03
1.084750,1.45101390e-02,7.01013900e-03,0.467343,-1.20922151e-01,3.01943408e-03
1.085000,1.44799131e-02,6.97991310e-03,0.465328,-1.20903363e-01,3.01703607e-03
1.085250,1.44496950e-02,6.94969500e-03,0.463313,-1.20872431e-01,2.97974520e-03
1.085500,1.44194842e-02,6.91948420e-03,0.461299,-1.20843344e-01,2.95525091e-03
1.085750,1.43892796e-02,6.88927960e-03,0.459285,-1.20818402e-01,3.02710006e-03
1.086000,1.43590815e-02,6.85908150e-03,0.457272,-1.20792295e-01,2.98720064e-03
1.086250,1.43288910e-02,6.82889100e-03,0.455259,-1.20762053e-01,3.00015810e-03
1.086500,1.42987074e-02,6.79870740e-03,0.453247,-1.20734513e-01,3.07715033e-03
1.086750,1.42685317e-02,6.76853170e-03,0.451235,-1.20702506e-01,3.05187103e-03
1.087000,1.42383654e-02,6.73836540e-03,0.449224,-1.20665296e-01,3.11069818e-03
1.087250,1.42082085e-02,6.70820850e-03,0.447214,-1.20627560e-01,3.09575605e-03
1.087500,1.41780621e-02,6.67806210e-03,0.445204,-1.20585655e-01,3.09499217e-03
1.087750,1.41479258e-02,6.64792580e-03,0.443195,-1.20545010e-01,3.04543352e-03
1.088000,1.41177992e-02,6.61779920e-03,0.441187,-1.20506619e-01,3.09794093e-03
1.088250,1.40876817e-02,6.58768170e-03,0.439179,-1.20469975e-01,2.99512273e-03
1.088500,1.40575733e-02,6.55757330e-03,0.437172,-1.20433567e-01,2.98102595e-03
1.088750,1.40274718e-02,6.52747180e-03,0.435165,-1.20406223e-01,2.98154498e-03
1.089000,1.39973767e-02,6.49737670e-03,0.433158,-1.20380013e-01,2.92484386e-03
1.089250,1.39672877e-02,6.46728770e-03,0.431153,-1.20356268e-01,3.00009957e-03
1.089500,1.39372042e-02,6.43720420e-03,0.429147,-1.20333851e-01,3.01054043e-03
1.089750,1.39071280e-02,6.40712800e-03,0.427142,-1.20304793e-01,2.95503045e-03
1.090000,1.38770587e-02,6.37705870e-03,0.425137,-1.20277333e-01,2.97231188e-03
1.090250,1.38469953e-02,6.34699530e-03,0.423133,-1.20253666e-01,3.02290267e-03
1.090500,1.38169387e-02,6.31693870e-03,0.421129,-1.20226344e-01,3.03067225e-03
1.090750,1.37868901e-02,6.28689010e-03,0.419126,-1.20194524e-01,3.06789897e-03
1.091000,1.37568499e-02,6.25684990e-03,0.417123,-1.20160421e-01,3.10707250e-03
1.091250,1.37268196e-02,6.22681960e-03,0.415121,-1.20121529e-01,3.14916562e-03
1.091500,1.36968002e-02,6.19680020e-03,0.413120,-1.20077560e-01,3.12277436e-03
1.091750,1.36667924e-02,6.16679240e-03,0.411119,-1.20031302e-01,3.15608876e-03
1.092000,1.36367959e-02,6.13679590e-03,0.409120,-1.19985738e-01,3.09659257e-03
1.092250,1.36068109e-02,6.10681090e-03,0.407121,-1.19940069e-01,3.04857016e-03
1.092500,1.35768355e-02,6.07683550e-03,0.405122,-1.19901408e-01,3.08305918e-03
1.092750,1.35468693e-02,6.04686930e-03,0.403125,-1.19865165e-01,3.13847315e-03
1.093000,1.35169133e-02,6.01691330e-03,0.401128,-1.19823640e-01,3.07235453e-03
1.093250,1.34869682e-02,5.98696820e-03,0.399131,-1.19780489e-01,2.99934540e-03
1.093500,1.34570317e-02,5.95703170e-03,0.397135,-1.19745994e-01,2.97572890e-03
1.093750,1.34271021e-02,5.92710210e-03,0.395140,-1.19718538e-01,2.95377850e-03
1.094000,1.33971786e-02,5.89717860e-03,0.393145,-1.19693991e-01,3.10164180e-03
1.094250,1.33672624e-02,5.86726240e-03,0.391151,-1.19664709e-01,3.09738608e-03
1.094500,1.33373565e-02,5.83735650e-03,0.389157,-1.19623475e-01,3.07714131e-03
1.094750,1.33074607e-02,5.80746070e-03,0.387164,-1.19583486e-01,3.04859131e-03
1.095000,1.32775741e-02,5.77757410e-03,0.385172,-1.19546421e-01,3.11579440e-03
1.095250,1.32476969e-02,5.74769690e-03,0.383180,-1.19508729e-01,3.06665321e-03
1.095500,1.32178300e-02,5.71783000e-03,0.381189,-1.19467692e-01,3.09414849e-03
1.095750,1.31879726e-02,5.68797260e-03,0.379198,-1.19429474e-01,3.17443210e-03
1.096000,1.31581262e-02,5.65812620e-03,0.377208,-1.19385449e-01,3.14698230e-03
1.096250,1.31282922e-02,5.62829220e-03,0.375219,-1.19336047e-01,3.20807224e-03
1.096500,1.30984707e-02,5.59847070e-03,0.373231,-1.19286197e-01,3.19541154e-03
1.096750,1.30686627e-02,5.56866270e-03,0.371244,-1.19231891e-01,3.20219004e-03
1.097000,1.30388681e-02,5.53886810e-03,0.369258,-1.19178325e-01,3.13881708e-03
1.097250,1.30090864e-02,5.50908640e-03,0.367272,-1.19127004e-01,3.16400433e-03
1.097500,1.29793164e-02,5.47931640e-03,0.365288,-1.19079773e-01,3.11399251e-03
1.097750,1.29495583e-02,5.44955830e-03,0.363304,-1.19032685e-01,3.08809475e-03
1.098000,1.29198105e-02,5.41981050e-03,0.361321,-1.18990848e-01,3.08119915e-03
1.098250,1.28900727e-02,5.39007270e-03,0.359338,-1.18951442e-01,3.03361537e-03
1.098500,1.28603440e-02,5.36034400e-03,0.357356,-1.18914706e-01,3.02617346e-03
1.098750,1.28306235e-02,5.33062350e-03,0.355375,-1.18882206e-01,3.13449157e-03
1.099000,1.28009121e-02,5.30091210e-03,0.353394,-1.18845528e-01,3.08191393e-03
1.099250,1.27712115e-02,5.27121150e-03,0.351414,-1.18802281e-01,3.09042913e-03
1.099500,1.27415208e-02,5.24152080e-03,0.349435,-1.18762974e-01,3.11249488e-03
1.099750,1.27118403e-02,5.21184030e-03,0.347456,-1.18721993e-01,3.14930591e-03
1.100000,1.26821709e-02,5.18217090e-03,0.345478,-1.18677573e-01,3.15787680e-03
1.100250,1.26525134e-02,5.15251340e-03,0.343501,-1.18629752e-01,3.22312988e-03
1.100500,1.26228688e-02,5.12286880e-03,0.341525,-1.18578342e-01,3.24096285e-03
1.100750,1.25932386e-02,5.09323860e-03,0.339549,-1.18520786e-01,3.24293425e-03
1.101000,1.25636232e-02,5.06362320e-03,0.337575,-1.18461678e-01,3.31066481e-03
1.101250,1.25340234e-02,5.03402340e-03,0.335602,-1.18399415e-01,3.23781072e-03
1.101500,1.25044397e-02,5.00443970e-03,0.333629,-1.18334812e-01,3.16993809e-03
1.101750,1.24748699e-02,4.97486990e-03,0.331658,-1.18279190e-01,3.18746225e-03
1.102000,1.24453128e-02,4.94531280e-03,0.329688,-1.18228367e-01,3.26469779e-03
1.102250,1.24157696e-02,4.91576960e-03,0.327718,-1.18172690e-01,3.20181122e-03
1.102500,1.23862412e-02,4.88624120e-03,0.325749,-1.18113452e-01,3.15001022e-03
1.102750,1.23567258e-02,4.85672580e-03,0.323782,-1.18061668e-01,3.08625220e-03
1.103000,1.23272216e-02,4.82722160e-03,0.321815,-1.18016955e-01,3.08852559e-03
1.103250,1.22977272e-02,4.79772720e-03,0.319848,-1.17977376e-01,3.22039863e-03
1.103500,1.22682443e-02,4.76824430e-03,0.317883,-1.17931781e-01,3.24646511e-03
1.103750,1.22387757e-02,4.73877570e-03,0.315918,-1.17874206e-01,3.16774944e-03
1.104000,1.22093213e-02,4.70932130e-03,0.313955,-1.17817971e-01,3.15113705e-03
1.104250,1.21798790e-02,4.67987900e-03,0.311992,-1.17768933e-01,3.21138179e-03
1.104500,1.21504494e-02,4.65044940e-03,0.310030,-1.17718596e-01,3.25197278e-03
1.104750,1.21210340e-02,4.62103400e-03,0.308069,-1.17661518e-01,3.22162241e-03
1.105000,1.20916334e-02,4.59163340e-03,0.306109,-1.17602449e-01,3.27515543e-03
1.105250,1.20622475e-02,4.56224750e-03,0.304150,-1.17543505e-01,3.32517695e-03
1.105500,1.20328780e-02,4.53287800e-03,0.302192,-1.17477955e-01,3.35041512e-03
1.105750,1.20035262e-02,4.50352620e-03,0.300235,-1.17407182e-01,3.37559042e-03
1.106000,1.19741929e-02,4.47419290e-03,0.298280,-1.17333223e-01,3.24106657e-03
1.106250,1.19448771e-02,4.44487710e-03,0.296325,-1.17263145e-01,3.27033711e-03
1.106500,1.19155764e-02,4.41557640e-03,0.294372,-1.17202818e-01,3.33169297e-03
1.106750,1.18862921e-02,4.38629210e-03,0.292419,-1.17137375e-01,3.40377445e-03
1.107000,1.18570262e-02,4.35702620e-03,0.290468,-1.17063708e-01,3.27823560e-03
1.107250,1.18277787e-02,4.32777870e-03,0.288519,-1.16989673e-01,3.20720998e-03
1.107500,1.17985465e-02,4.29854650e-03,0.286570,-1.16929085e-01,3.16375540e-03
1.107750,1.17693274e-02,4.26932740e-03,0.284622,-1.16876249e-01,3.15512756e-03
1.108000,1.17401206e-02,4.24012060e-03,0.282675,-1.16827363e-01,3.28849138e-03
1.108250,1.17109272e-02,4.21092720e-03,0.280728,-1.16773289e-01,3.30937903e-03
1.108500,1.16817504e-02,4.18175040e-03,0.278783,-1.16707342e-01,3.22837024e-03
1.108750,1.16525896e-02,4.15258960e-03,0.276839,-1.16643261e-01,3.28854440e-03
1.109000,1.16234438e-02,4.12344380e-03,0.274896,-1.16583172e-01,3.28989326e-03
1.109250,1.15943143e-02,4.09431430e-03,0.272954,-1.16518082e-01,3.29178004e-03
1.109500,1.15652011e-02,4.06520110e-03,0.271013,-1.16452798e-01,3.37004870e-03
1.109750,1.15361051e-02,4.03610510e-03,0.269074,-1.16383899e-01,3.42062826e-03
1.110000,1.15070285e-02,4.00702850e-03,0.267135,-1.16306337e-01,3.47111729e-03
1.110250,1.14779729e-02,3.97797290e-03,0.265198,-1.16222391e-01,3.42127893e-03
1.110500,1.14489388e-02,3.94893880e-03,0.263263,-1.16136503e-01,3.45110515e-03
1.110750,1.14199254e-02,3.91992540e-03,0.261328,-1.16053388e-01,3.38705098e-03
1.111000,1.13909328e-02,3.89093280e-03,0.259396,-1.15970656e-01,3.35140164e-03
1.111250,1.13619591e-02,3.86195910e-03,0.257464,-1.15894759e-01,3.39344832e-03
1.111500,1.13330041e-02,3.83300410e-03,0.255534,-1.15819930e-01,3.47099662e-03
1.111750,1.13040696e-02,3.80406960e-03,0.253605,-1.15738220e-01,3.39932109e-03
1.112000,1.12751562e-02,3.77515620e-03,0.251677,-1.15653313e-01,3.34572090e-03
1.112250,1.12462621e-02,3.74626210e-03,0.249751,-1.15576660e-01,3.27825854e-03
1.112500,1.12173852e-02,3.71738520e-03,0.247826,-1.15507390e-01,3.28923499e-03
1.112750,1.11885244e-02,3.68852440e-03,0.245902,-1.15443173e-01,3.40971941e-03
1.113000,1.11596812e-02,3.65968120e-03,0.243979,-1.15372729e-01,3.42299172e-03
1.113250,1.11308583e-02,3.63085830e-03,0.242057,-1.15291806e-01,3.40927737e-03
1.113500,1.11020557e-02,3.60205570e-03,0.240137,-1.15210400e-01,3.40669539e-03
1.113750,1.10732731e-02,3.57327310e-03,0.238218,-1.15130234e-01,3.43534254e-03
1.114000,1.10445109e-02,3.54451090e-03,0.236301,-1.15049013e-01,3.46945745e-03
1.114250,1.10157699e-02,3.51576990e-03,0.234385,-1.14963932e-01,3.42992114e-03
1.114500,1.09870504e-02,3.48705040e-03,0.232470,-1.14877798e-01,3.52347514e-03
1.114750,1.09583527e-02,3.45835270e-03,0.230557,-1.14790774e-01,3.53543224e-03
1.115000,1.09296789e-02,3.42967890e-03,0.228645,-1.14695540e-01,3.50762798e-03
1.115250,1.09010287e-02,3.40102870e-03,0.226735,-1.14600554e-01,3.61137922e-03
1.115500,1.08724029e-02,3.37240290e-03,0.224827,-1.14503263e-01,3.57188914e-03
1.115750,1.08438031e-02,3.34380310e-03,0.222920,-1.14399201e-01,3.58174874e-03
1.116000,1.08152286e-02,3.31522860e-03,0.221015,-1.14297944e-01,3.54045828e-03
1.116250,1.07866792e-02,3.28667920e-03,0.219112,-1.14197704e-01,3.61945826e-03
1.116500,1.07581549e-02,3.25815490e-03,0.217210,-1.14097361e-01,3.55233945e-03
1.116750,1.07296565e-02,3.22965650e-03,0.215310,-1.13993499e-01,3.48717021e-03
1.117000,1.07011820e-02,3.20118200e-03,0.213412,-1.13898029e-01,3.46028210e-03
1.117250,1.06727297e-02,3.17272970e-03,0.211515,-1.13809099e-01,3.46545108e-03
1.117500,1.06442992e-02,3.14429920e-03,0.209620,-1.13722147e-01,3.44691450e-03
1.117750,1.06158903e-02,3.11589030e-03,0.207726,-1.13635591e-01,3.55205213e-03
1.118000,1.05875038e-02,3.08750380e-03,0.205834,-1.13545908e-01,3.57102685e-03
1.118250,1.05591421e-02,3.05914210e-03,0.203943,-1.13446754e-01,3.54266538e-03
1.118500,1.05308053e-02,3.03080530e-03,0.202054,-1.13347297e-01,3.57667217e-03
1.118750,1.05024931e-02,3.00249310e-03,0.200166,-1.13248664e-01,3.64099363e-03
1.119000,1.04742070e-02,2.97420700e-03,0.198280,-1.13144396e-01,3.57275784e-03
1.119250,1.04459475e-02,2.94594750e-03,0.196397,-1.13037863e-01,3.70876836e-03
1.119500,1.04177148e-02,2.91771480e-03,0.194514,-1.12930920e-01,3.77802954e-03
1.119750,1.03895124e-02,2.88951240e-03,0.192634,-1.12809748e-01,3.78643669e-03
1.120000,1.03613418e-02,2.86134180e-03,0.190756,-1.12682517e-01,3.74739777e-03
1.120250,1.03332027e-02,2.83320270e-03,0.188880,-1.12556322e-01,3.76745056e-03
1.120500,1.03050946e-02,2.80509460e-03,0.187006,-1.12432446e-01,3.71450363e-03
1.120750,1.02770172e-02,2.77701720e-03,0.185134,-1.12309265e-01,3.66000663e-03
1.121000,1.02489690e-02,2.74896900e-03,0.183265,-1.12192839e-01,3.72502539e-03
1.121250,1.02209495e-02,2.72094950e-03,0.181397,-1.12078014e-01,3.82591594e-03
1.121500,1.01929612e-02,2.69296120e-03,0.179531,-1.11953390e-01,3.76434632e-03
1.121750,1.01650054e-02,2.66500540e-03,0.177667,-1.11823204e-01,3.71853848e-03
1.122000,1.01370804e-02,2.63708040e-03,0.175805,-1.11700099e-01,3.63710589e-03
1.122250,1.01091843e-02,2.60918430e-03,0.173946,-1.11584355e-01,3.62216263e-03
1.122500,1.00813153e-02,2.58131530e-03,0.172088,-1.11475957e-01,3.77345903e-03
1.122750,1.00534748e-02,2.55347480e-03,0.170232,-1.11362098e-01,3.83039920e-03
1.123000,1.00256664e-02,2.52566640e-03,0.168378,-1.11233299e-01,3.75673183e-03
1.123250,9.99789066e-03,2.49789066e-03,0.166526,-1.11103082e-01,3.81479335e-03
1.123500,9.97014657e-03,2.47014657e-03,0.164676,-1.10976347e-01,3.87342947e-03
1.123750,9.94243601e-03,2.44243601e-03,0.162829,-1.10842252e-01,3.91733279e-03
1.124000,9.91476066e-03,2.41476066e-03,0.160984,-1.10701402e-01,3.87506538e-03
1.124250,9.88712095e-03,2.38712095e-03,0.159141,-1.10558816e-01,3.93390153e-03
1.124500,9.85951668e-03,2.35951668e-03,0.157301,-1.10417099e-01,3.98561042e-03
1.124750,9.83194961e-03,2.33194961e-03,0.155463,-1.10268265e-01,3.96236032e-03
1.125000,9.80442056e-03,2.30442056e-03,0.153628,-1.10116214e-01,4.05247961e-03
1.125250,9.77693004e-03,2.27693004e-03,0.151795,-1.09962088e-01,4.06470382e-03
1.125500,9.74948003e-03,2.24948003e-03,0.149965,-1.09800022e-01,3.95400444e-03
1.125750,9.72206957e-03,2.22206957e-03,0.148138,-1.09641846e-01,3.95435316e-03
1.126000,9.69469638e-03,2.19469638e-03,0.146313,-1.09492744e-01,4.06975580e-03
1.126250,9.66736176e-03,2.16736176e-03,0.144491,-1.09338511e-01,4.23697329e-03
1.126500,9.64006990e-03,2.14006990e-03,0.142671,-1.09167411e-01,4.08154641e-03
1.126750,9.61282254e-03,2.11282254e-03,0.140855,-1.08989453e-01,4.01111232e-03
1.127000,9.58561570e-03,2.08561570e-03,0.139041,-1.08827369e-01,3.96896359e-03
1.127250,9.55844746e-03,2.05844746e-03,0.137230,-1.08672933e-01,3.93911070e-03
1.127500,9.53131665e-03,2.03131665e-03,0.135421,-1.08523276e-01,3.99573518e-03
1.127750,9.50422325e-03,2.00422325e-03,0.133615,-1.08373567e-01,4.10164675e-03
1.128000,9.47716962e-03,1.97716962e-03,0.131811,-1.08214527e-01,4.13447294e-03
1.128250,9.45015829e-03,1.95015829e-03,0.130011,-1.08045340e-01,4.12851242e-03
1.128500,9.42318986e-03,1.92318986e-03,0.128213,-1.07873721e-01,4.19597503e-03
1.128750,9.39626495e-03,1.89626495e-03,0.126418,-1.07699609e-01,4.19972567e-03
1.129000,9.36938501e-03,1.86938501e-03,0.124626,-1.07519792e-01,4.18583329e-03
1.129250,9.34254994e-03,1.84254994e-03,0.122837,-1.07340282e-01,4.38099682e-03
1.129500,9.31576162e-03,1.81576162e-03,0.121051,-1.07153284e-01,4.48279180e-03
1.129750,9.28902518e-03,1.78902518e-03,0.119268,-1.06945762e-01,4.43532575e-03
1.130000,9.26234218e-03,1.76234218e-03,0.117489,-1.06731980e-01,4.38752503e-03
1.130250,9.23571113e-03,1.73571113e-03,0.115714,-1.06524209e-01,4.42893288e-03
1.130500,9.20913149e-03,1.70913149e-03,0.113942,-1.06318533e-01,4.48855079e-03
1.130750,9.18260479e-03,1.68260479e-03,0.112174,-1.06106820e-01,4.40775037e-03
1.131000,9.15613134e-03,1.65613134e-03,0.110409,-1.05893785e-01,4.34075602e-03
1.131250,9.12970876e-03,1.62970876e-03,0.108647,-1.05690346e-01,4.48192326e-03
1.131500,9.10333722e-03,1.60333722e-03,0.106889,-1.05486166e-01,4.55063234e-03
1.131750,9.07702038e-03,1.57702038e-03,0.105135,-1.05267359e-01,4.56702693e-03
1.132000,9.05075983e-03,1.55075983e-03,0.103384,-1.05042185e-01,4.51131451e-03
1.132250,9.02455530e-03,1.52455530e-03,0.101637,-1.04818128e-01,4.39531275e-03
1.132500,8.99840435e-03,1.49840435e-03,0.099894,-1.04603774e-01,4.38060320e-03
1.132750,8.97230446e-03,1.47230446e-03,0.098154,-1.04399594e-01,4.51781827e-03
1.133000,8.94625682e-03,1.44625682e-03,0.096417,-1.04190556e-01,4.73827115e-03
1.133250,8.92026669e-03,1.42026669e-03,0.094684,-1.03960506e-01,4.76892348e-03
1.133500,8.89433894e-03,1.39433894e-03,0.092956,-1.03711001e-01,4.79731044e-03
1.133750,8.86847451e-03,1.36847451e-03,0.091232,-1.03457724e-01,4.85729786e-03
1.134000,8.84267464e-03,1.34267464e-03,0.089512,-1.03199464e-01,4.82705129e-03
1.134250,8.81694024e-03,1.31694024e-03,0.087796,-1.02937616e-01,4.88751003e-03
1.134500,8.79127134e-03,1.29127134e-03,0.086085,-1.02675579e-01,4.97287649e-03
1.134750,8.76567014e-03,1.26567014e-03,0.084378,-1.02404804e-01,5.09410809e-03
1.135000,8.74013973e-03,1.24013973e-03,0.082676,-1.02121660e-01,5.03859072e-03
1.135250,8.71468197e-03,1.21468197e-03,0.080979,-1.01831017e-01,5.04095647e-03
1.135500,8.68929577e-03,1.18929577e-03,0.079286,-1.01544828e-01,5.21712710e-03
1.135750,8.66398310e-03,1.16398310e-03,0.077599,-1.01250656e-01,5.26284156e-03
1.136000,8.63874810e-03,1.13874810e-03,0.075917,-1.00939999e-01,5.10901980e-03
1.136250,8.61359001e-03,1.11359001e-03,0.074239,-1.00632389e-01,5.08596433e-03
1.136500,8.58850540e-03,1.08850540e-03,0.072567,-1.00338428e-01,5.30242016e-03
1.136750,8.56349620e-03,1.06349620e-03,0.070900,-1.00036790e-01,5.66123879e-03
1.137000,8.53857082e-03,1.03857082e-03,0.069238,-9.97015165e-02,5.62987023e-03
1.137250,8.51373628e-03,1.01373628e-03,0.067582,-9.93381699e-02,5.39310228e-03
1.137500,8.48898931e-03,9.88989310e-04,0.065933,-9.89878662e-02,5.42388363e-03
1.137750,8.46432540e-03,9.64325400e-04,0.064288,-9.86556411e-02,5.40941435e-03
1.138000,8.43974502e-03,9.39745020e-04,0.062650,-9.83215285e-02,5.47370729e-03
1.138250,8.41524858e-03,9.15248580e-04,0.061017,-9.79857615e-02,5.65214844e-03
1.138500,8.39083937e-03,8.90839370e-04,0.059389,-9.76368270e-02,5.73297624e-03
1.138750,8.36652196e-03,8.66521960e-04,0.057768,-9.72696684e-02,5.77641851e-03
1.139000,8.34229847e-03,8.42298470e-04,0.056153,-9.68939530e-02,5.84384553e-03
1.139250,8.31817055e-03,8.18170550e-04,0.054545,-9.65116899e-02,6.06116197e-03
1.139500,8.29414197e-03,7.94141970e-04,0.052943,-9.61142832e-02,5.96780334e-03
1.139750,8.27021618e-03,7.70216180e-04,0.051348,-9.57031615e-02,6.07205405e-03
1.140000,8.24639241e-03,7.46392410e-04,0.049759,-9.52950959e-02,6.09915083e-03
1.140250,8.22267309e-03,7.22673090e-04,0.048178,-9.48772731e-02,6.58182407e-03
1.140500,8.19906412e-03,6.99064120e-04,0.046604,-9.44358866e-02,6.66442779e-03
1.140750,8.17557632e-03,6.75576320e-04,0.045038,-9.39512190e-02,6.49173440e-03
1.141000,8.15220946e-03,6.52209460e-04,0.043481,-9.34674040e-02,6.47399532e-03
1.141250,8.12895983e-03,6.28959830e-04,0.041931,-9.29985520e-02,6.69586938e-03
1.141500,8.10582949e-03,6.05829490e-04,0.040389,-9.25213475e-02,6.79696066e-03
1.141750,8.08282413e-03,5.82824130e-04,0.038855,-9.20214571e-02,6.62617769e-03
1.142000,8.05994392e-03,5.59943920e-04,0.037330,-9.15208170e-02,6.42725516e-03
1.142250,8.03718317e-03,5.37183170e-04,0.035812,-9.10429931e-02,6.65807932e-03
1.142500,8.01454035e-03,5.14540350e-04,0.034303,-9.05712968e-02,7.20841432e-03
1.142750,7.99202627e-03,4.92026270e-04,0.032802,-9.00563188e-02,7.62409993e-03
1.143000,7.96965682e-03,4.69656820e-04,0.031310,-8.94777790e-02,7.98224296e-03
1.143250,7.94744451e-03,4.47444510e-04,0.029830,-8.88492764e-02,8.23777686e-03
1.143500,7.92539949e-03,4.25399490e-04,0.028360,-8.81800718e-02,8.86489546e-03
1.143750,7.90353395e-03,4.03533950e-04,0.026902,-8.74621623e-02,9.56274827e-03
1.144000,7.88186847e-03,3.81868470e-04,0.025458,-8.66619120e-02,1.05103295e-02
1.144250,7.86042785e-03,3.60427850e-04,0.024029,-8.57624732e-02,1.15727873e-02
1.144500,7.83924328e-03,3.39243280e-04,0.022616,-8.47382634e-02,1.28620611e-02
1.144750,7.81835083e-03,3.18350830e-04,0.021223,-8.35698235e-02,1.41060720e-02
1.145000,7.79779070e-03,2.97790700e-04,0.019853,-8.22405320e-02,1.58359980e-02
1.145250,7.77760754e-03,2.77607540e-04,0.018507,-8.07326231e-02,1.76650387e-02
1.145500,7.75785708e-03,2.57857080e-04,0.017190,-7.90018194e-02,1.92136346e-02
1.145750,7.73859399e-03,2.38593990e-04,0.015906,-7.70523816e-02,2.03588281e-02
1.146000,7.71986270e-03,2.19862700e-04,0.014658,-7.49251697e-02,2.15367021e-02
1.146250,7.70169973e-03,2.01699730e-04,0.013447,-7.26518596e-02,2.29808296e-02
1.146500,7.68414523e-03,1.84145230e-04,0.012276,-7.02179972e-02,2.51033865e-02
1.146750,7.66725230e-03,1.67252300e-04,0.011150,-6.75717290e-02,2.71606286e-02
1.147000,7.65108724e-03,1.51087240e-04,0.010072,-6.46602407e-02,2.87518077e-02
1.147250,7.63570987e-03,1.35709870e-04,0.009047,-6.15094997e-02,2.98701914e-02
1.147500,7.62116520e-03,1.21165200e-04,0.008078,-5.81786735e-02,3.07752158e-02
1.147750,7.60748619e-03,1.07486190e-04,0.007166,-5.47160129e-02,3.20758649e-02
1.148000,7.59470581e-03,9.47058100e-05,0.006314,-5.11215452e-02,3.37966825e-02
1.148250,7.58286975e-03,8.28697500e-05,0.005525,-4.73442124e-02,3.52382781e-02
1.148500,7.57202929e-03,7.20292900e-05,0.004802,-4.33618616e-02,3.64085086e-02
1.148750,7.56222694e-03,6.22269400e-05,0.004148,-3.92094148e-02,3.69149133e-02
1.149000,7.55349231e-03,5.34923100e-05,0.003566,-3.49384997e-02,3.74749426e-02
1.149250,7.54584200e-03,4.58420000e-05,0.003056,-3.06012482e-02,3.81293721e-02
1.149500,7.53929473e-03,3.92947300e-05,0.002620,-2.61890840e-02,3.86295356e-02
1.149750,7.53386946e-03,3.38694600e-05,0.002258,-2.17010767e-02,3.88243161e-02
1.150000,7.52957861e-03,2.95786100e-05,0.001972,-1.71633928e-02,3.86634514e-02
1.150250,7.52642440e-03,2.64244000e-05,0.001762,-1.26168286e-02,3.83474370e-02
1.150500,7.52440004e-03,2.44000400e-05,0.001627,-8.09744280e-03,3.79102216e-02
1.150750,7.52349421e-03,2.34942100e-05,0.001566,-3.62333216e-03,3.73741268e-02
1.151000,7.52369200e-03,2.36920000e-05,0.001579,7.91180868e-04,3.66957913e-02
1.151250,7.52497493e-03,2.49749300e-05,0.001665,5.13168950e-03,3.58481855e-02
1.151500,7.52731968e-03,2.73196800e-05,0.001821,9.37903184e-03,3.48356606e-02
1.151750,7.53069769e-03,3.06976900e-05,0.002047,1.35120191e-02,3.36932773e-02
1.152000,7.53507553e-03,3.50755300e-05,0.002338,1.75113699e-02,3.24627595e-02
1.152250,7.54041616e-03,4.04161600e-05,0.002694,2.13625259e-02,3.10448470e-02
1.152500,7.54667865e-03,4.66786500e-05,0.003112,2.50499664e-02,2.94003299e-02
1.152750,7.55381573e-03,5.38157300e-05,0.003588,2.85482872e-02,2.77651367e-02
1.153000,7.56177555e-03,6.17755500e-05,0.004118,3.18392957e-02,2.60100937e-02
1.153250,7.57050517e-03,7.05051700e-05,0.004700,3.49184587e-02,2.45159744e-02
1.153500,7.57995203e-03,7.99520300e-05,0.005330,3.77874716e-02,2.28521899e-02
1.153750,7.59006710e-03,9.00671000e-05,0.006004,4.04602563e-02,2.07340881e-02
1.154000,7.60079280e-03,1.00792800e-04,0.006720,4.29027973e-02,1.89769385e-02
1.154250,7.61206623e-03,1.12066230e-04,0.007471,4.50937513e-02,1.71337371e-02
1.154500,7.62383097e-03,1.23830970e-04,0.008255,4.70589492e-02,1.60670678e-02
1.154750,7.63603739e-03,1.36037390e-04,0.009069,4.88256563e-02,1.48799304e-02
1.155000,7.64865046e-03,1.48650460e-04,0.009910,5.04523029e-02,1.34640417e-02
1.155250,7.66163018e-03,1.61630180e-04,0.010775,5.19188851e-02,1.18806310e-02
1.155500,7.67492999e-03,1.74929990e-04,0.011662,5.31992153e-02,1.02532356e-02
1.155750,7.68849939e-03,1.88499390e-04,0.012567,5.42775949e-02,8.83127875e-03
1.156000,7.70228926e-03,2.02289260e-04,0.013486,5.51594950e-02,7.17007326e-03
1.156250,7.71625206e-03,2.16252060e-04,0.014417,5.58512057e-02,5.78293091e-03
1.156500,7.73033836e-03,2.30338360e-04,0.015356,5.63452001e-02,5.00270219e-03
1.156750,7.74451106e-03,2.44511060e-04,0.016301,5.66908112e-02,4.18813700e-03
1.157000,7.75874515e-03,2.58745150e-04,0.017250,5.69363510e-02,3.18163084e-03
1.157250,7.77301278e-03,2.73012780e-04,0.018201,5.70705145e-02,2.22997838e-03
1.157500,7.78728277e-03,2.87282770e-04,0.019152,5.70799678e-02,1.06647480e-03
1.157750,7.80152273e-03,3.01522730e-04,0.020102,5.69598488e-02,3.58781833e-04
1.158000,7.81570096e-03,3.15700960e-04,0.021047,5.67129149e-02,-5.25414476e-04
1.158250,7.82979316e-03,3.29793160e-04,0.021986,5.63687866e-02,-1.24846402e-03
1.158500,7.84377318e-03,3.43773180e-04,0.022918,5.59200968e-02,-1.64130278e-03
1.158750,7.85762185e-03,3.57621850e-04,0.023841,5.53946745e-02,-1.88724791e-03
1.159000,7.87132838e-03,3.71328380e-04,0.024755,5.48261256e-02,-2.11565200e-03
1.159250,7.88488521e-03,3.84885210e-04,0.025659,5.42272860e-02,-2.68771580e-03
1.159500,7.89828131e-03,3.98281310e-04,0.026552,5.35844028e-02,-3.08520754e-03
1.159750,7.91150055e-03,4.11500550e-04,0.027433,5.28769780e-02,-3.55821619e-03
1.160000,7.92452955e-03,4.24529550e-04,0.028302,5.21160061e-02,-3.83867560e-03
1.160250,7.93735550e-03,4.37355500e-04,0.029157,5.13037994e-02,-3.99956150e-03
1.160500,7.94997086e-03,4.49970860e-04,0.029998,5.04614532e-02,-3.93663449e-03
1.160750,7.96237303e-03,4.62373030e-04,0.030825,4.96086796e-02,-3.90218655e-03
1.161000,7.97456368e-03,4.74563680e-04,0.031638,4.87625955e-02,-3.89752701e-03
1.161250,7.98654357e-03,4.86543570e-04,0.032436,4.79195458e-02,-3.77447542e-03
1.161500,7.99831415e-03,4.98314150e-04,0.033221,4.70823186e-02,-3.73043703e-03
1.161750,8.00987844e-03,5.09878440e-04,0.033992,4.62571414e-02,-3.56364005e-03
1.162000,8.02123917e-03,5.21239170e-04,0.034749,4.54429539e-02,-3.36069955e-03
1.162250,8.03240203e-03,5.32402030e-04,0.035493,4.46514331e-02,-3.28815595e-03
1.162500,8.04337198e-03,5.43371980e-04,0.036225,4.38797815e-02,-3.19148904e-03
1.162750,8.05415157e-03,5.54151570e-04,0.036943,4.31183597e-02,-3.00801388e-03
1.163000,8.06474481e-03,5.64744810e-04,0.037650,4.23729859e-02,-2.92320957e-03
1.163250,8.07515642e-03,5.75156420e-04,0.038344,4.16464254e-02,-2.84718042e-03
1.163500,8.08538897e-03,5.85388970e-04,0.039026,4.09301888e-02,-2.78783602e-03
1.163750,8.09544467e-03,5.95444670e-04,0.039696,4.02228181e-02,-2.74130294e-03
1.164000,8.10532527e-03,6.05325270e-04,0.040355,3.95223770e-02,-2.74139817e-03
1.164250,8.11503170e-03,6.15031700e-04,0.041002,3.88257522e-02,-2.62556611e-03
1.164500,8.12456526e-03,6.24565260e-04,0.041638,3.81342405e-02,-2.38299341e-03
1.164750,8.13393100e-03,6.33931000e-04,0.042262,3.74629631e-02,-2.24922163e-03
1.165000,8.14313538e-03,6.43135380e-04,0.042876,3.68175159e-02,-2.17971699e-03
1.165250,8.15218192e-03,6.52181920e-04,0.043479,3.61861246e-02,-2.11137617e-03
1.165500,8.16107278e-03,6.61072780e-04,0.044072,3.55634612e-02,-2.06158644e-03
1.165750,8.16980993e-03,6.69809930e-04,0.044654,3.49486100e-02,-1.98509674e-03
1.166000,8.17839524e-03,6.78395240e-04,0.045226,3.43412284e-02,-1.82765980e-03
1.166250,8.18683201e-03,6.86832010e-04,0.045789,3.37470871e-02,-1.74089945e-03
1.166500,8.19512444e-03,6.95124440e-04,0.046342,3.31697076e-02,-1.75731423e-03
1.166750,8.20327412e-03,7.03274120e-04,0.046885,3.25987257e-02,-1.71594582e-03
1.167000,8.21128118e-03,7.11281180e-04,0.047419,3.20282250e-02,-1.65135273e-03
1.167250,8.21914717e-03,7.19147170e-04,0.047943,3.14639765e-02,-1.56732078e-03
1.167500,8.22687436e-03,7.26874360e-04,0.048458,3.09087463e-02,-1.46454122e-03
1.167750,8.23446560e-03,7.34465600e-04,0.048964,3.03649594e-02,-1.36454447e-03
1.168000,8.24192410e-03,7.41924100e-04,0.049462,2.98340318e-02,-1.32462435e-03
1.168250,8.24925237e-03,7.49252370e-04,0.049950,2.93130792e-02,-1.29443852e-03
1.168500,8.25645156e-03,7.56451560e-04,0.050430,2.87967387e-02,-1.30920917e-03
1.168750,8.26352212e-03,7.63522120e-04,0.050901,2.82822236e-02,-1.25959906e-03
1.169000,8.27046429e-03,7.70464290e-04,0.051364,2.77686889e-02,-1.17214296e-03
1.169250,8.27728006e-03,7.77280060e-04,0.051819,2.72630939e-02,-1.13052139e-03
1.169500,8.28397169e-03,7.83971690e-04,0.052265,2.67665194e-02,-1.05084782e-03
1.169750,8.29054091e-03,7.90540910e-04,0.052703,2.62768846e-02,-1.00274036e-03
1.170000,8.29698989e-03,7.96989890e-04,0.053133,2.57959180e-02,-9.73100977e-04
1.170250,8.30331994e-03,8.03319940e-04,0.053555,2.53202116e-02,-9.25105653e-04
1.170500,8.30953221e-03,8.09532210e-04,0.053969,2.48490606e-02,-8.81839305e-04
1.170750,8.31562815e-03,8.15628150e-04,0.054375,2.43837630e-02,-8.72599541e-04
1.171000,8.32160876e-03,8.21608760e-04,0.054774,2.39224262e-02,-8.10900008e-04
1.171250,8.32747490e-03,8.27474900e-04,0.055165,2.34645757e-02,-7.91549006e-04
1.171500,8.33322806e-03,8.33228060e-04,0.055549,2.30126465e-02,-7.57161647e-04
1.171750,8.33886902e-03,8.38869020e-04,0.055925,2.25638263e-02,-7.24090274e-04
1.172000,8.34439884e-03,8.44398840e-04,0.056293,2.21192915e-02,-6.84770767e-04
1.172250,8.34981864e-03,8.49818640e-04,0.056655,2.16792104e-02,-6.65699051e-04
1.172500,8.35512944e-03,8.55129440e-04,0.057009,2.12432006e-02,-5.96650876e-04
1.172750,8.36033240e-03,8.60332400e-04,0.057355,2.08118093e-02,-5.48122690e-04
1.173000,8.36542945e-03,8.65429450e-04,0.057695,2.03882326e-02,-5.20778561e-04
1.173250,8.37042192e-03,8.70421920e-04,0.058028,1.99698490e-02,-4.81341142e-04
1.173500,8.37531078e-03,8.75310780e-04,0.058354,1.95554541e-02,-4.46881729e-04
1.173750,8.38009724e-03,8.80097240e-04,0.058673,1.91458205e-02,-4.25827687e-04
1.174000,8.38478222e-03,8.84782220e-04,0.058985,1.87399470e-02,-4.02216279e-04
1.174250,8.38936643e-03,8.89366430e-04,0.059291,1.83368459e-02,-3.87460045e-04
1.174500,8.39385052e-03,8.93850520e-04,0.059590,1.79363358e-02,-3.40044940e-04
1.174750,8.39823530e-03,8.98235300e-04,0.059882,1.75391335e-02,-3.02361089e-04
1.175000,8.40252217e-03,9.02522170e-04,0.060168,1.71474901e-02,-2.75497021e-04
1.175250,8.40671221e-03,9.06712210e-04,0.060447,1.67601283e-02,-2.39881337e-04
1.175500,8.41080634e-03,9.10806340e-04,0.060720,1.63765468e-02,-2.27318525e-04
1.175750,8.41480545e-03,9.14805450e-04,0.060987,1.59964448e-02,-1.97238548e-04
1.176000,8.41871013e-03,9.18710130e-04,0.061247,1.56187041e-02,-1.78020063e-04
1.176250,8.42252120e-03,9.22521200e-04,0.061501,1.52442827e-02,-1.48272891e-04
1.176500,8.42623939e-03,9.26239390e-04,0.061749,1.48727544e-02,-1.03358668e-04
1.176750,8.42986580e-03,9.29865800e-04,0.061991,1.45056540e-02,-8.54459862e-05
1.177000,8.43340156e-03,9.33401560e-04,0.062227,1.41430332e-02,-7.61459167e-05
1.177250,8.43684713e-03,9.36847130e-04,0.062456,1.37822942e-02,-6.61997704e-05
1.177500,8.44020282e-03,9.40202820e-04,0.062680,1.34227585e-02,-5.84155222e-05
1.177750,8.44346892e-03,9.43468920e-04,0.062898,1.30643836e-02,1.16205798e-06
1.178000,8.44664624e-03,9.46646240e-04,0.063110,1.27092817e-02,3.05777439e-05
1.178250,8.44973633e-03,9.49736330e-04,0.063316,1.23603718e-02,6.17020208e-05
1.178500,8.45274015e-03,9.52740150e-04,0.063516,1.20152530e-02,7.12058893e-05
1.178750,8.45565842e-03,9.55658420e-04,0.063711,1.16731099e-02,7.65027721e-05
1.179000,8.45849142e-03,9.58491420e-04,0.063899,1.13319811e-02,8.82472737e-05
1.179250,8.46123937e-03,9.61239370e-04,0.064083,1.09918066e-02,1.10594480e-04
1.179500,8.46390277e-03,9.63902770e-04,0.064260,1.06535842e-02,1.51245020e-04
1.179750,8.46648252e-03,9.66482520e-04,0.064432,1.03189938e-02,1.78037355e-04
1.180000,8.46897975e-03,9.68979750e-04,0.064599,9.98892538e-03,1.97339995e-04
1.180250,8.47139522e-03,9.71395220e-04,0.064760,9.66191012e-03,1.98560875e-04
1.180500,8.47372936e-03,9.73729360e-04,0.064915,9.33653364e-03,2.21997816e-04
1.180750,8.47598243e-03,9.75982430e-04,0.065065,9.01229355e-03,2.55011688e-04
1.181000,8.47815529e-03,9.78155290e-04,0.065210,8.69143725e-03,2.77952748e-04
1.181250,8.48024887e-03,9.80248870e-04,0.065350,8.37430573e-03,3.00743005e-04
1.181500,8.48226388e-03,9.82263880e-04,0.065484,8.06006531e-03,3.18843100e-04
1.181750,8.48420101e-03,9.84201010e-04,0.065613,7.74849625e-03,3.36368023e-04
1.182000,8.48606080e-03,9.86060800e-04,0.065737,7.43918805e-03,3.43664296e-04
1.182250,8.48784371e-03,9.87843710e-04,0.065856,7.13164128e-03,3.67916268e-04
1.182500,8.48955016e-03,9.89550160e-04,0.065970,6.82576573e-03,3.80946524e-04
1.182750,8.49118077e-03,9.91180770e-04,0.066079,6.52245742e-03,4.06515033e-04
1.183000,8.49273611e-03,9.92736110e-04,0.066182,6.22134932e-03,4.21792181e-04
1.183250,8.49421686e-03,9.94216860e-04,0.066281,5.92301589e-03,4.47047639e-04
1.183500,8.49562363e-03,9.95623630e-04,0.066375,5.62705331e-03,4.67785259e-04
1.183750,8.49695715e-03,9.96957150e-04,0.066464,5.33408110e-03,4.83743464e-04
1.184000,8.49821802e-03,9.98218020e-04,0.066548,5.04351703e-03,5.02347492e-04
1.184250,8.49940680e-03,9.99406800e-04,0.066627,4.75508567e-03,5.22160261e-04
1.184500,8.50052406e-03,1.00052406e-03,0.066702,4.46905769e-03,5.42832364e-04
1.184750,8.50157045e-03,1.00157045e-03,0.066771,4.18557032e-03,5.61228874e-04
1.185000,8.50254660e-03,1.00254660e-03,0.066836,3.90459351e-03,5.79018589e-04
1.185250,8.50345308e-03,1.00345308e-03,0.066897,3.62591360e-03,5.90369906e-04
1.185500,8.50429038e-03,1.00429038e-03,0.066953,3.34919612e-03,6.05755224e-04
1.185750,8.50505890e-03,1.00505890e-03,0.067004,3.07409082e-03,6.23634887e-04
1.186000,8.50575916e-03,1.00575916e-03,0.067051,2.80103916e-03,6.42043123e-04
1.186250,8.50639173e-03,1.00639173e-03,0.067093,2.53026931e-03,6.58165645e-04
1.186500,8.50695716e-03,1.00695716e-03,0.067130,2.26172362e-03,6.74537198e-04
1.186750,8.50745597e-03,1.00745597e-03,0.067164,1.99522543e-03,6.89971023e-04
1.187000,8.50788865e-03,1.00788865e-03,0.067193,1.73075373e-03,7.05375943e-04
1.187250,8.50825571e-03,1.00825571e-03,0.067217,1.46823026e-03,7.19688449e-04
1.187500,8.50855761e-03,1.00855761e-03,0.067237,1.20760433e-03,7.33541317e-04
1.187750,8.50879480e-03,1.00879480e-03,0.067253,9.48765948e-04,7.47757226e-04
1.188000,8.50896773e-03,1.00896773e-03,0.067265,6.91693419e-04,7.62554947e-04
1.188250,8.50907684e-03,1.00907684e-03,0.067272,4.36442272e-04,7.77552322e-04
1.188500,8.50912261e-03,1.00912261e-03,0.067275,1.83069102e-04,7.92283017e-04
1.188750,8.50910550e-03,1.00910550e-03,0.067274,-6.84214872e-05,8.06587915e-04
1.189000,8.50902598e-03,1.00902598e-03,0.067268,-3.18070216e-04,8.20598053e-04
1.189250,8.50888450e-03,1.00888450e-03,0.067259,-5.65925075e-04,8.34490848e-04
1.189500,8.50868150e-03,1.00868150e-03,0.067245,-8.12015453e-04,8.48320457e-04
1.189750,8.50841741e-03,1.00841741e-03,0.067228,-1.05635378e-03,8.62032563e-04
1.190000,8.50809267e-03,1.00809267e-03,0.067206,-1.29895043e-03,8.75567847e-04
1.190250,8.50770772e-03,1.00770772e-03,0.067181,-1.53982288e-03,8.88923234e-04
1.190500,8.50726297e-03,1.00726297e-03,0.067151,-1.77899359e-03,9.02618948e-04
1.190750,8.50675885e-03,1.00675885e-03,0.067117,-2.01646229e-03,9.17495310e-04
1.191000,8.50619581e-03,1.00619581e-03,0.067080,-2.25214885e-03,9.30212700e-04
1.191250,8.50557430e-03,1.00557430e-03,0.067038,-2.48605176e-03,9.41659363e-04
1.191500,8.50489470e-03,1.00489470e-03,0.066993,-2.71840448e-03,9.53401862e-04
1.191750,8.50415738e-03,1.00415738e-03,0.066944,-2.94929825e-03,9.66626640e-04
1.192000,8.50336272e-03,1.00336272e-03,0.066891,-3.17864325e-03,9.80298618e-04
1.192250,8.50251114e-03,1.00251114e-03,0.066834,-3.40629802e-03,9.95500060e-04
1.192500,8.50160310e-03,1.00160310e-03,0.066774,-3.63215821e-03,1.00888133e-03
1.192750,8.50063906e-03,1.00063906e-03,0.066709,-3.85617873e-03,1.02136001e-03
1.193000,8.49961942e-03,9.99619420e-04,0.066641,-4.07854892e-03,1.03815200e-03
1.193250,8.49854463e-03,9.98544630e-04,0.066570,-4.29915219e-03,1.04997749e-03
1.193500,8.49741517e-03,9.97415170e-04,0.066494,-4.51785397e-03,1.05889815e-03
1.193750,8.49623137e-03,9.96231370e-04,0.066415,-4.73519046e-03,1.07071870e-03
1.194000,8.49499355e-03,9.94993550e-04,0.066333,-4.95127194e-03,1.08381786e-03
1.194250,8.49370210e-03,9.93702100e-04,0.066247,-5.16580380e-03,1.09521036e-03
1.194500,8.49235741e-03,9.92357410e-04,0.066157,-5.37875652e-03,1.11199915e-03
1.194750,8.49095990e-03,9.90959900e-04,0.066064,-5.59003164e-03,1.12228253e-03
1.195000,8.48951004e-03,9.89510040e-04,0.065967,-5.79947371e-03,1.12955885e-03
1.195250,8.48800810e-03,9.88008100e-04,0.065867,-6.00774980e-03,1.14426450e-03
1.195500,8.48645440e-03,9.86454400e-04,0.065764,-6.21477833e-03,1.15612410e-03
1.195750,8.48484939e-03,9.84849390e-04,0.065657,-6.42007517e-03,1.17367171e-03
1.196000,8.48319348e-03,9.83193480e-04,0.065546,-6.62362252e-03,1.18373256e-03
1.196250,8.48148716e-03,9.81487160e-04,0.065432,-6.82528436e-03,1.19034603e-03
1.196500,8.47973070e-03,9.79730700e-04,0.065315,-7.02582778e-03,1.19800413e-03
1.196750,8.47792433e-03,9.77924330e-04,0.065195,-7.22548965e-03,1.20854472e-03
1.197000,8.47606831e-03,9.76068310e-04,0.065071,-7.42405677e-03,1.22514156e-03
1.197250,8.47416306e-03,9.74163060e-04,0.064944,-7.62102472e-03,1.24463325e-03
1.197500,8.47220912e-03,9.72209120e-04,0.064814,-7.81576829e-03,1.25640667e-03
1.197750,8.47020702e-03,9.70207020e-04,0.064680,-8.00839102e-03,1.25971546e-03
1.198000,8.46815704e-03,9.68157040e-04,0.064544,-8.19990082e-03,1.27574176e-03
1.198250,8.46605944e-03,9.66059440e-04,0.064404,-8.39043044e-03,1.28220664e-03
1.198500,8.46391460e-03,9.63914600e-04,0.064261,-8.57935844e-03,1.29050929e-03
1.198750,8.46172275e-03,9.61722750e-04,0.064115,-8.76738858e-03,1.29965476e-03
1.199000,8.45948417e-03,9.59484170e-04,0.063966,-8.95433273e-03,1.31679901e-03
1.199250,8.45719922e-03,9.57199220e-04,0.063813,-9.13976806e-03,1.33747925e-03
1.199500,8.45486850e-03,9.54868500e-04,0.063658,-9.32288151e-03,1.35033661e-03
1.199750,8.45249257e-03,9.52492570e-04,0.063500,-9.50372862e-03,1.35101998e-03
1.200000,8.45007170e-03,9.50071700e-04,0.063338,-9.68348988e-03,1.35211029e-03
1.200250,8.44760591e-03,9.47605910e-04,0.063174,-9.86314683e-03,1.36927526e-03
1.200500,8.44509542e-03,9.45095420e-04,0.063006,-1.00419554e-02,1.38396265e-03
1.200750,8.44254075e-03,9.42540750e-04,0.062836,-1.02187053e-02,1.40245634e-03
1.201000,8.43994239e-03,9.39942390e-04,0.062663,-1.03934318e-02,1.40566378e-03
1.201250,8.43730076e-03,9.37300760e-04,0.062487,-1.05664980e-02,1.41251631e-03
1.201500,8.43461602e-03,9.34616020e-04,0.062308,-1.07389980e-02,1.42180845e-03
1.201750,8.43188838e-03,9.31888380e-04,0.062126,-1.09105245e-02,1.42936025e-03
1.202000,8.42911815e-03,9.29118150e-04,0.061941,-1.10809543e-02,1.44079367e-03
1.202250,8.42630558e-03,9.26305580e-04,0.061754,-1.12502585e-02,1.46085619e-03
1.202500,8.42345115e-03,9.23451150e-04,0.061563,-1.14177371e-02,1.47277606e-03
1.202750,8.42055539e-03,9.20555390e-04,0.061370,-1.15830415e-02,1.49351915e-03
1.203000,8.41761877e-03,9.17618770e-04,0.061175,-1.17464502e-02,1.49542090e-03
1.203250,8.41464176e-03,9.14641760e-04,0.060976,-1.19080717e-02,1.51581782e-03
1.203500,8.41162460e-03,9.11624600e-04,0.060775,-1.20686353e-02,1.52853562e-03
1.203750,8.40856786e-03,9.08567860e-04,0.060571,-1.22269620e-02,1.53009859e-03
1.204000,8.40547181e-03,9.05471810e-04,0.060365,-1.23841755e-02,1.52498317e-03
1.204250,8.40233644e-03,9.02336440e-04,0.060156,-1.25414868e-02,1.54284219e-03
1.204500,8.39916183e-03,8.99161830e-04,0.059944,-1.26984285e-02,1.55298704e-03
1.204750,8.39594847e-03,8.95948470e-04,0.059730,-1.28534554e-02,1.55834509e-03
1.205000,8.39269662e-03,8.92696620e-04,0.059513,-1.30074125e-02,1.56991283e-03
1.205250,8.38940651e-03,8.89406510e-04,0.059294,-1.31604183e-02,1.59165040e-03
1.205500,8.38607863e-03,8.86078630e-04,0.059072,-1.33115133e-02,1.59585975e-03
1.205750,8.38271347e-03,8.82713470e-04,0.058848,-1.34606375e-02,1.59420631e-03
1.206000,8.37931110e-03,8.79311100e-04,0.058621,-1.36094892e-02,1.59590884e-03
1.206250,8.37587150e-03,8.75871500e-04,0.058391,-1.37584014e-02,1.60916828e-03
1.206500,8.37239485e-03,8.72394850e-04,0.058160,-1.39065876e-02,1.62268494e-03
1.206750,8.36888158e-03,8.68881580e-04,0.057925,-1.40530876e-02,1.65701621e-03
1.207000,8.36533234e-03,8.65332340e-04,0.057689,-1.41969600e-02,1.66442203e-03
1.207250,8.36174792e-03,8.61747920e-04,0.057450,-1.43376863e-02,1.65818019e-03
1.207500,8.35812840e-03,8.58128400e-04,0.057209,-1.44780806e-02,1.65727871e-03
1.207750,8.35447364e-03,8.54473640e-04,0.056965,-1.46190271e-02,1.66723512e-03
1.208000,8.35078374e-03,8.50783740e-04,0.056719,-1.47596075e-02,1.68849009e-03
1.208250,8.34705913e-03,8.47059130e-04,0.056471,-1.48984307e-02,1.70762551e-03
1.208500,8.34330047e-03,8.43300470e-04,0.056220,-1.50346629e-02,1.72386496e-03
1.208750,8.33950832e-03,8.39508320e-04,0.055967,-1.51686060e-02,1.72899009e-03
1.209000,8.33568307e-03,8.35683070e-04,0.055712,-1.53009893e-02,1.72319976e-03
1.209250,8.33182477e-03,8.31824770e-04,0.055455,-1.54332077e-02,1.75080282e-03
1.209500,8.32793360e-03,8.27933600e-04,0.055196,-1.55646812e-02,1.75930995e-03
1.209750,8.32401022e-03,8.24010220e-04,0.054934,-1.56935123e-02,1.77155284e-03
1.210000,8.32005494e-03,8.20054940e-04,0.054670,-1.58211037e-02,1.78287107e-03
1.210250,8.31606815e-03,8.16068150e-04,0.054405,-1.59471895e-02,1.80424239e-03
1.210500,8.31205030e-03,8.12050300e-04,0.054137,-1.60714013e-02,1.80339644e-03
1.210750,8.30800182e-03,8.08001820e-04,0.053867,-1.61938957e-02,1.79299183e-03
1.211000,8.30392259e-03,8.03922590e-04,0.053595,-1.63169197e-02,1.79663111e-03
1.211250,8.29981243e-03,7.99812430e-04,0.053321,-1.64406369e-02,1.80949051e-03
1.211500,8.29567156e-03,7.95671560e-04,0.053045,-1.65634869e-02,1.82260897e-03
1.211750,8.29150039e-03,7.91500390e-04,0.052767,-1.66847011e-02,1.84347576e-03
1.212000,8.28729941e-03,7.87299410e-04,0.052487,-1.68039157e-02,1.84904976e-03
1.212250,8.28306911e-03,7.83069110e-04,0.052205,-1.69211706e-02,1.84891300e-03
1.212500,8.27880962e-03,7.78809620e-04,0.051921,-1.70379740e-02,1.85730931e-03
1.212750,8.27452102e-03,7.74521020e-04,0.051635,-1.71544173e-02,1.87818435e-03
1.213000,8.27020370e-03,7.70203700e-04,0.051347,-1.72692485e-02,1.89501579e-03
1.213250,8.26585830e-03,7.65858300e-04,0.051057,-1.73816216e-02,1.89323452e-03
1.213500,8.26148513e-03,7.61485130e-04,0.050766,-1.74926915e-02,1.89705015e-03
1.213750,8.25708419e-03,7.57084190e-04,0.050472,-1.76037389e-02,1.90035270e-03
1.214000,8.25265561e-03,7.52655610e-04,0.050177,-1.77143271e-02,1.91364785e-03
1.214250,8.24819960e-03,7.48199600e-04,0.049880,-1.78240564e-02,1.94939560e-03
1.214500,8.24371682e-03,7.43716820e-04,0.049581,-1.79311137e-02,1.98871619e-03
1.214750,8.23920844e-03,7.39208440e-04,0.049281,-1.80334976e-02,2.00450488e-03
1.215000,8.23467545e-03,7.34675450e-04,0.048978,-1.81319551e-02,2.00823290e-03
1.215250,8.23011822e-03,7.30118220e-04,0.048675,-1.82289516e-02,2.02390734e-03
1.215500,8.22553698e-03,7.25536980e-04,0.048369,-1.83249489e-02,2.03840822e-03
1.215750,8.22093222e-03,7.20932220e-04,0.048062,-1.84190183e-02,2.04205244e-03
1.216000,8.21630429e-03,7.16304290e-04,0.047754,-1.85117359e-02,2.03363943e-03
1.216250,8.21165316e-03,7.11653160e-04,0.047444,-1.86045263e-02,2.03718303e-03
1.216500,8.20697870e-03,7.06978700e-04,0.047132,-1.86978508e-02,2.05977718e-03
1.216750,8.20228122e-03,7.02281220e-04,0.046819,-1.87898855e-02,2.06312044e-03
1.217000,8.19756125e-03,6.97561250e-04,0.046504,-1.88799172e-02,2.06760967e-03
1.217250,8.19281888e-03,6.92818880e-04,0.046188,-1.89694761e-02,2.06771752e-03
1.217500,8.18805421e-03,6.88054210e-04,0.045870,-1.90586615e-02,2.08782319e-03
1.217750,8.18326747e-03,6.83267470e-04,0.045551,-1.91469493e-02,2.08570292e-03
1.218000,8.17845905e-03,6.78459050e-04,0.045231,-1.92336800e-02,2.10035476e-03
1.218250,8.17362907e-03,6.73629070e-04,0.044909,-1.93199371e-02,2.09482014e-03
1.218500,8.16877776e-03,6.68777760e-04,0.044585,-1.94052359e-02,2.13597913e-03
1.218750,8.16390547e-03,6.63905470e-04,0.044260,-1.94891694e-02,2.15127124e-03
1.219000,8.15901321e-03,6.59013210e-04,0.043934,-1.95690476e-02,2.15054479e-03
1.219250,8.15410128e-03,6.54101280e-04,0.043607,-1.96477024e-02,2.13785375e-03
1.219500,8.14916954e-03,6.49169540e-04,0.043278,-1.97269779e-02,2.16085903e-03
1.219750,8.14421797e-03,6.44217970e-04,0.042948,-1.98062783e-02,2.19087119e-03
1.220000,8.13924738e-03,6.39247380e-04,0.042616,-1.98823630e-02,2.17605569e-03
1.220250,8.13425822e-03,6.34258220e-04,0.042284,-1.99566387e-02,2.20013201e-03
1.220500,8.12925045e-03,6.29250450e-04,0.041950,-2.00310663e-02,2.21245350e-03
1.220750,8.12422471e-03,6.24224710e-04,0.041615,-2.01029725e-02,2.20885549e-03
1.221000,8.11918120e-03,6.19181200e-04,0.041279,-2.01740261e-02,2.23311635e-03
1.221250,8.11412012e-03,6.14120120e-04,0.040941,-2.02443025e-02,2.23781581e-03
1.221500,8.10904203e-03,6.09042030e-04,0.040603,-2.03123792e-02,2.22488245e-03
1.221750,8.10394687e-03,6.03946870e-04,0.040263,-2.03806419e-02,2.22682976e-03
1.222000,8.09883440e-03,5.98834400e-04,0.039922,-2.04498804e-02,2.25130596e-03
1.222250,8.09370493e-03,5.93704930e-04,0.039580,-2.05178769e-02,2.25915865e-03
1.222500,8.08855905e-03,5.88559050e-04,0.039237,-2.05835167e-02,2.24818715e-03
1.222750,8.08339680e-03,5.83396800e-04,0.038893,-2.06489968e-02,2.24124703e-03
1.223000,8.07821788e-03,5.78217880e-04,0.038548,-2.07156845e-02,2.25521473e-03
1.223250,8.07302230e-03,5.73022300e-04,0.038201,-2.07823245e-02,2.26440495e-03
1.223500,8.06781045e-03,5.67810450e-04,0.037854,-2.08474114e-02,2.28113136e-03
1.223750,8.06258270e-03,5.62582700e-04,0.037506,-2.09110042e-02,2.27022423e-03
1.224000,8.05733927e-03,5.57339270e-04,0.037156,-2.09737060e-02,2.27070492e-03
1.224250,8.05207995e-03,5.52079950e-04,0.036805,-2.10372821e-02,2.27096857e-03
1.224500,8.04680475e-03,5.46804750e-04,0.036454,-2.11008070e-02,2.28103107e-03
1.224750,8.04151378e-03,5.41513780e-04,0.036101,-2.11638654e-02,2.36428578e-03
1.225000,8.03620818e-03,5.36208180e-04,0.035747,-2.12224170e-02,2.41075164e-03
1.225250,8.03089016e-03,5.30890160e-04,0.035393,-2.12720788e-02,2.40162394e-03
1.225500,8.02556057e-03,5.25560570e-04,0.035037,-2.13183291e-02,2.42120189e-03
1.225750,8.02021946e-03,5.20219460e-04,0.034681,-2.13644633e-02,2.46920942e-03
1.226000,8.01486774e-03,5.14867740e-04,0.034325,-2.14068677e-02,2.50592393e-03
1.226250,8.00950681e-03,5.09506810e-04,0.033967,-2.14437074e-02,2.52423901e-03
1.226500,8.00413763e-03,5.04137630e-04,0.033609,-2.14767229e-02,2.60958944e-03
1.226750,7.99876152e-03,4.98761520e-04,0.033251,-2.15044614e-02,2.62551910e-03
1.227000,7.99338040e-03,4.93380400e-04,0.032892,-2.15244881e-02,2.64344936e-03
1.227250,7.98799479e-03,4.87994790e-04,0.032533,-2.15424142e-02,2.71383845e-03
1.227500,7.98260585e-03,4.82605850e-04,0.032174,-2.15557562e-02,2.78961003e-03
1.227750,7.97721586e-03,4.77215860e-04,0.031814,-2.15599692e-02,2.82540185e-03
1.228000,7.97182677e-03,4.71826770e-04,0.031455,-2.15563788e-02,2.91690019e-03
1.228250,7.96644032e-03,4.66440320e-04,0.031096,-2.15458046e-02,3.01863351e-03
1.228500,7.96105951e-03,4.61059510e-04,0.030737,-2.15232204e-02,3.07154653e-03
1.228750,7.95568702e-03,4.55687020e-04,0.030379,-2.14899443e-02,3.10939187e-03
1.229000,7.95032436e-03,4.50324360e-04,0.030022,-2.14506506e-02,3.15030957e-03
1.229250,7.94497275e-03,4.44972750e-04,0.029665,-2.14064408e-02,3.34644510e-03
1.229500,7.93963520e-03,4.39635200e-04,0.029309,-2.13502004e-02,3.50834149e-03
1.229750,7.93431753e-03,4.34317530e-04,0.028955,-2.12706991e-02,3.60855059e-03
1.230000,7.92902416e-03,4.29024160e-04,0.028602,-2.11734754e-02,3.71065995e-03
1.230250,7.92375828e-03,4.23758280e-04,0.028251,-2.10635098e-02,3.79641071e-03
1.230500,7.91852294e-03,4.18522940e-04,0.027902,-2.09413697e-02,3.90275143e-03
1.230750,7.91332107e-03,4.13321070e-04,0.027555,-2.08074878e-02,4.00188892e-03
1.231000,7.90815594e-03,4.08155940e-04,0.027210,-2.06604921e-02,4.10926793e-03
1.231250,7.90303079e-03,4.03030790e-04,0.026869,-2.05006097e-02,4.27012275e-03
1.231500,7.89794959e-03,3.97949590e-04,0.026530,-2.03247997e-02,4.40560468e-03
1.231750,7.89291714e-03,3.92917140e-04,0.026194,-2.01297933e-02,4.52090924e-03
1.232000,7.88793750e-03,3.87937500e-04,0.025863,-1.99185658e-02,4.63861153e-03
1.232250,7.88301433e-03,3.83014330e-04,0.025534,-1.96926677e-02,4.81415344e-03
1.232500,7.87815200e-03,3.78152000e-04,0.025210,-1.94493452e-02,4.98199646e-03
1.232750,7.87335595e-03,3.73355950e-04,0.024890,-1.91841897e-02,5.12648256e-03
1.233000,7.86863123e-03,3.68631230e-04,0.024575,-1.88988660e-02,5.29868180e-03
1.233250,7.86398272e-03,3.63982720e-04,0.024266,-1.85940666e-02,5.46990642e-03
1.233500,7.85941583e-03,3.59415830e-04,0.023961,-1.82675592e-02,5.62514856e-03
1.233750,7.85493579e-03,3.54935790e-04,0.023662,-1.79201304e-02,5.76021620e-03
1.234000,7.85054730e-03,3.50547300e-04,0.023370,-1.75539843e-02,5.86826926e-03
1.234250,7.84625431e-03,3.46254310e-04,0.023084,-1.71719717e-02,6.03407344e-03
1.234500,7.84206087e-03,3.42060870e-04,0.022804,-1.67737574e-02,6.20716359e-03
1.234750,7.83797230e-03,3.37972300e-04,0.022531,-1.63542776e-02,6.37028789e-03
1.235000,7.83399395e-03,3.33993950e-04,0.022266,-1.59133749e-02,6.52484989e-03
1.235250,7.83013089e-03,3.30130890e-04,0.022009,-1.54522459e-02,6.63818559e-03
1.235500,7.82638754e-03,3.26387540e-04,0.021759,-1.49734162e-02,6.72872385e-03
1.235750,7.82276722e-03,3.22767220e-04,0.021518,-1.44812786e-02,6.81821630e-03
1.236000,7.81927278e-03,3.19272780e-04,0.021285,-1.39777510e-02,6.92178687e-03
1.236250,7.81590721e-03,3.15907210e-04,0.021060,-1.34622969e-02,7.00718024e-03
1.236500,7.81267357e-03,3.12673570e-04,0.020845,-1.29345640e-02,7.12399264e-03
1.236750,7.80957490e-03,3.09574900e-04,0.020638,-1.23946559e-02,7.32595080e-03
1.237000,7.80661584e-03,3.06615840e-04,0.020441,-1.18362284e-02,7.44888939e-03
1.237250,7.80380190e-03,3.03801900e-04,0.020253,-1.12557844e-02,7.52005867e-03
1.237500,7.80113637e-03,3.01136370e-04,0.020076,-1.06621003e-02,7.57471580e-03
1.237750,7.79862133e-03,2.98621330e-04,0.019908,-1.00601565e-02,7.69367659e-03
1.238000,7.79625922e-03,2.96259220e-04,0.019751,-9.44846595e-03,7.79359794e-03
1.238250,7.79405357e-03,2.94053570e-04,0.019604,-8.82259079e-03,7.86644189e-03
1.238500,7.79200725e-03,2.92007250e-04,0.019467,-8.18529131e-03,7.91303559e-03
1.238750,7.79012226e-03,2.90122260e-04,0.019341,-7.53995117e-03,7.94272745e-03
1.239000,7.78839989e-03,2.88399890e-04,0.019227,-6.88947284e-03,7.94473646e-03
1.239250,7.78684077e-03,2.86840770e-04,0.019123,-6.23646788e-03,7.94646008e-03
1.239500,7.78544497e-03,2.85444970e-04,0.019030,-5.58322178e-03,7.95294895e-03
1.239750,7.78421258e-03,2.84212580e-04,0.018948,-4.92954729e-03,7.95607899e-03
1.240000,7.78314378e-03,2.83143780e-04,0.018876,-4.27520166e-03,7.93918213e-03
1.240250,7.78223844e-03,2.82238440e-04,0.018816,-3.62134605e-03,7.90971880e-03
1.240500,7.78149590e-03,2.81495900e-04,0.018766,-2.97018029e-03,7.88015391e-03
1.240750,7.78091521e-03,2.80915210e-04,0.018728,-2.32274064e-03,7.83624274e-03
1.241000,7.78049530e-03,2.80495300e-04,0.018700,-1.67966968e-03,7.78123527e-03
1.241250,7.78023464e-03,2.80234640e-04,0.018682,-1.04263586e-03,7.71712502e-03
1.241500,7.78013140e-03,2.80131400e-04,0.018675,-4.12952650e-04,7.64590314e-03
1.241750,7.78018348e-03,2.80183480e-04,0.018679,2.08318170e-04,7.56791662e-03
1.242000,7.78038855e-03,2.80388550e-04,0.018693,8.20293646e-04,7.48238581e-03
1.242250,7.78074407e-03,2.80744070e-04,0.018716,1.42208485e-03,7.38876623e-03
1.242500,7.78124725e-03,2.81247250e-04,0.018750,2.01271475e-03,7.28739508e-03
1.242750,7.78189505e-03,2.81895050e-04,0.018793,2.59117655e-03,7.17450853e-03
1.243000,7.78268413e-03,2.82684130e-04,0.018846,3.15632472e-03,7.05599275e-03
1.243250,7.78361087e-03,2.83610870e-04,0.018907,3.70696493e-03,6.93906975e-03
1.243500,7.78467155e-03,2.84671550e-04,0.018978,4.24270542e-03,6.81752808e-03
1.243750,7.78586241e-03,2.85862410e-04,0.019057,4.76347278e-03,6.68577231e-03
1.244000,7.78717952e-03,2.87179520e-04,0.019145,5.26843622e-03,6.54787847e-03
1.244250,7.78861864e-03,2.88618640e-04,0.019241,5.75648578e-03,6.43292158e-03
1.244500,7.79017568e-03,2.90175680e-04,0.019345,6.22813152e-03,6.30491547e-03
1.244750,7.79184685e-03,2.91846850e-04,0.019456,6.68467977e-03,6.14917319e-03
1.245000,7.79362781e-03,2.93627810e-04,0.019575,7.12383291e-03,5.97651981e-03
1.245250,7.79551345e-03,2.95513450e-04,0.019701,7.54256607e-03,5.81424564e-03
1.245500,7.79749843e-03,2.97498430e-04,0.019833,7.93994965e-03,5.67135487e-03
1.245750,7.79957786e-03,2.99577860e-04,0.019972,8.31769276e-03,5.50484491e-03
1.246000,7.80174694e-03,3.01746940e-04,0.020116,8.67634264e-03,5.36326485e-03
1.246250,7.80400071e-03,3.04000710e-04,0.020267,9.01506222e-03,5.20149644e-03
1.246500,7.80633446e-03,3.06334460e-04,0.020422,9.33500581e-03,5.02318559e-03
1.246750,7.80874291e-03,3.08742910e-04,0.020583,9.63378455e-03,4.85211833e-03
1.247000,7.81122050e-03,3.11220500e-04,0.020748,9.91036046e-03,4.61728902e-03
1.247250,7.81376112e-03,3.13761120e-04,0.020917,1.01625094e-02,4.47595675e-03
1.247500,7.81635841e-03,3.16358410e-04,0.021091,1.03891297e-02,4.28865392e-03
1.247750,7.81900737e-03,3.19007370e-04,0.021267,1.05958654e-02,4.11231912e-03
1.248000,7.82170223e-03,3.21702230e-04,0.021447,1.07794272e-02,3.96190869e-03
1.248250,7.82443769e-03,3.24437690e-04,0.021629,1.09418617e-02,3.82143698e-03
1.248500,7.82720913e-03,3.27209130e-04,0.021814,1.10857367e-02,3.69458308e-03
1.248750,7.83001225e-03,3.30012250e-04,0.022001,1.12124703e-02,3.54797470e-03
1.249000,7.83284282e-03,3.32842820e-04,0.022190,1.13223071e-02,3.40620882e-03
1.249250,7.83569628e-03,3.35696280e-04,0.022380,1.14138395e-02,3.28832230e-03
1.249500,7.83856841e-03,3.38568410e-04,0.022571,1.14885206e-02,3.19079949e-03
1.249750,7.84145572e-03,3.41455720e-04,0.022764,1.15492113e-02,3.06696283e-03
1.250000,7.84435482e-03,3.44354820e-04,0.022957,1.15964203e-02,2.93575201e-03
1.250250,7.84726174e-03,3.47261740e-04,0.023151,1.16276610e-02,2.80665635e-03
1.250500,7.85017234e-03,3.50172340e-04,0.023345,1.16424215e-02,2.87991647e-03
1.250750,7.85308480e-03,3.53084800e-04,0.023539,1.16498216e-02,2.84355965e-03
1.251000,7.85600020e-03,3.56000200e-04,0.023733,1.16616293e-02,2.75339235e-03
1.251250,7.85891682e-03,3.58916820e-04,0.023928,1.16664657e-02,2.66169522e-03
1.251500,7.86183178e-03,3.61831780e-04,0.024122,1.16598452e-02,2.58431168e-03
1.251750,7.86474235e-03,3.64742350e-04,0.024316,1.16422748e-02,2.48696613e-03
1.252000,7.86764586e-03,3.67645860e-04,0.024510,1.16140474e-02,2.40737566e-03
1.252250,7.87053944e-03,3.70539440e-04,0.024703,1.15743088e-02,2.31347142e-03
1.252500,7.87342041e-03,3.73420410e-04,0.024895,1.15238841e-02,2.24797422e-03
1.252750,7.87628612e-03,3.76286120e-04,0.025086,1.14628539e-02,2.13675961e-03
1.253000,7.87913401e-03,3.79134010e-04,0.025276,1.13915294e-02,2.02744316e-03
1.253250,7.88196057e-03,3.81960570e-04,0.025464,1.13062408e-02,1.93946595e-03
1.253500,7.88476259e-03,3.84762590e-04,0.025651,1.12080876e-02,1.86556737e-03
1.253750,7.88753745e-03,3.87537450e-04,0.025836,1.10994440e-02,1.96478188e-03
1.254000,7.89028473e-03,3.90284730e-04,0.026019,1.09891194e-02,1.94705469e-03
1.254250,7.89300627e-03,3.93006270e-04,0.026200,1.08861569e-02,1.86211656e-03
1.254500,7.89570076e-03,3.95700760e-04,0.026380,1.07779839e-02,1.75812487e-03
1.254750,7.89836532e-03,3.98365320e-04,0.026558,1.06582396e-02,1.68222474e-03
1.255000,7.90099698e-03,4.00996980e-04,0.026733,1.05266018e-02,1.64236806e-03
1.255250,7.90359372e-03,4.03593720e-04,0.026906,1.03869702e-02,1.62024501e-03
1.255500,7.90615449e-03,4.06154490e-04,0.027077,1.02430882e-02,1.53944374e-03
1.255750,7.90867794e-03,4.08677940e-04,0.027245,1.00938176e-02,1.46189579e-03
1.256000,7.91116157e-03,4.11161570e-04,0.027411,9.93448448e-03,1.39370670e-03
1.256250,7.91360301e-03,4.13603010e-04,0.027574,9.76576982e-03,1.34698938e-03
1.256500,7.91600036e-03,4.16000360e-04,0.027733,9.58939121e-03,1.31209137e-03
1.256750,7.91835226e-03,4.18352260e-04,0.027890,9.40763411e-03,1.28521132e-03
1.257000,7.92065772e-03,4.20657720e-04,0.028044,9.22182339e-03,1.26702579e-03
1.257250,7.92291597e-03,4.22915970e-04,0.028194,9.03300174e-03,1.23132110e-03
1.257500,7.92512625e-03,4.25126250e-04,0.028342,8.84110850e-03,1.19253145e-03
1.257750,7.92728739e-03,4.27287390e-04,0.028486,8.64456889e-03,1.16047484e-03
1.258000,7.92939825e-03,4.29398250e-04,0.028627,8.44342729e-03,1.14119031e-03
1.258250,7.93145795e-03,4.31457950e-04,0.028764,8.23880116e-03,1.10777532e-03
1.258500,7.93346573e-03,4.33465730e-04,0.028898,8.03111443e-03,1.08908110e-03
1.258750,7.93542069e-03,4.35420690e-04,0.029028,7.81985774e-03,1.08236895e-03
1.259000,7.93732238e-03,4.37322380e-04,0.029155,7.60676945e-03,1.07557301e-03
1.259250,7.93917059e-03,4.39170590e-04,0.029278,7.39282961e-03,1.07085577e-03
1.259500,7.94096512e-03,4.40965120e-04,0.029398,7.17812325e-03,1.07711719e-03
1.259750,7.94270595e-03,4.42705950e-04,0.029514,6.96330641e-03,1.07204861e-03
1.260000,7.94439314e-03,4.44393140e-04,0.029626,6.74877957e-03,1.08209957e-03
1.260250,7.94602671e-03,4.46026710e-04,0.029735,6.53428094e-03,1.06994884e-03
1.260500,7.94760673e-03,4.47606730e-04,0.029840,6.32007034e-03,1.05867844e-03
1.260750,7.94913282e-03,4.49132820e-04,0.029942,6.10436386e-03,1.05848647e-03
1.261000,7.95060475e-03,4.50604750e-04,0.030040,5.88772355e-03,1.06047758e-03
1.261250,7.95202254e-03,4.52022540e-04,0.030135,5.67115551e-03,1.07229189e-03
1.261500,7.95338636e-03,4.53386360e-04,0.030226,5.45527325e-03,1.08167916e-03
1.261750,7.95469655e-03,4.54696550e-04,0.030313,5.24077601e-03,1.08227464e-03
1.262000,7.95595332e-03,4.55953320e-04,0.030397,5.02707581e-03,1.07559985e-03
1.262250,7.95715660e-03,4.57156600e-04,0.030477,4.81312942e-03,1.07185775e-03
1.262500,7.95830622e-03,4.58306220e-04,0.030554,4.59846956e-03,1.07189926e-03
1.262750,7.95940210e-03,4.59402100e-04,0.030627,4.38350430e-03,1.07797230e-03
1.263000,7.96044430e-03,4.60444300e-04,0.030696,4.16881094e-03,1.08416491e-03
1.263250,7.96143302e-03,4.61433020e-04,0.030762,3.95488997e-03,1.08923701e-03
1.263500,7.96236845e-03,4.62368450e-04,0.030825,3.74170167e-03,1.09003161e-03
1.263750,7.96325069e-03,4.63250690e-04,0.030883,3.52896493e-03,1.09558339e-03
1.264000,7.96407982e-03,4.64079820e-04,0.030939,3.31653888e-03,1.10991188e-03
1.264250,7.96485612e-03,4.64856120e-04,0.030990,3.10520211e-03,1.12415871e-03
1.264500,7.96558004e-03,4.65580040e-04,0.031039,2.89567161e-03,1.13476904e-03
1.264750,7.96625199e-03,4.66251990e-04,0.031083,2.68777991e-03,1.14333693e-03
1.265000,7.96687227e-03,4.66872270e-04,0.031125,2.48113814e-03,1.15184493e-03
1.265250,7.96744117e-03,4.67441170e-04,0.031163,2.27557597e-03,1.16380848e-03
1.265500,7.96795898e-03,4.67958980e-04,0.031197,2.07124123e-03,1.18025712e-03
1.265750,7.96842613e-03,4.68426130e-04,0.031228,1.86861594e-03,1.19591561e-03
1.266000,7.96884314e-03,4.68843140e-04,0.031256,1.66803340e-03,1.20911139e-03
1.266250,7.96921047e-03,4.69210470e-04,0.031281,1.46931986e-03,1.22304112e-03
1.266500,7.96952855e-03,4.69528550e-04,0.031302,1.27230557e-03,1.23624918e-03
1.266750,7.96979780e-03,4.69797800e-04,0.031320,1.07701889e-03,1.24987412e-03
1.267000,7.97001865e-03,4.70018650e-04,0.031335,8.83419001e-04,1.26462354e-03
1.267250,7.97019155e-03,4.70191550e-04,0.031346,6.91589834e-04,1.28060642e-03
1.267500,7.97031697e-03,4.70316970e-04,0.031354,5.01678248e-04,1.29725693e-03
1.267750,7.97039543e-03,4.70395430e-04,0.031360,3.13815031e-04,1.31388063e-03
1.268000,7.97042744e-03,4.70427440e-04,0.031362,1.28053812e-04,1.33022210e-03
1.268250,7.97041353e-03,4.70413530e-04,0.031361,-5.56200885e-05,1.34649096e-03
1.268500,7.97035423e-03,4.70354230e-04,0.031357,-2.37233051e-04,1.36301490e-03
1.268750,7.97025003e-03,4.70250030e-04,0.031350,-4.16779760e-04,1.37994032e-03
1.269000,7.97010148e-03,4.70101480e-04,0.031340,-5.94221525e-04,1.39720229e-03
1.269250,7.96990910e-03,4.69909100e-04,0.031327,-7.69510503e-04,1.41467446e-03
1.269500,7.96967345e-03,4.69673450e-04,0.031312,-9.42609768e-04,1.43308006e-03
1.269750,7.96939508e-03,4.69395080e-04,0.031293,-1.11346080e-03,1.45096113e-03
1.270000,7.96907458e-03,4.69074580e-04,0.031272,-1.28201014e-03,1.46847277e-03
1.270250,7.96871250e-03,4.68712500e-04,0.031248,-1.44831720e-03,1.48756716e-03
1.270500,7.96830941e-03,4.68309410e-04,0.031221,-1.61234233e-03,1.50723663e-03
1.270750,7.96786593e-03,4.67865930e-04,0.031191,-1.77393015e-03,1.52526439e-03
1.271000,7.96738265e-03,4.67382650e-04,0.031159,-1.93310604e-03,1.54390000e-03
1.271250,7.96686016e-03,4.66860160e-04,0.031124,-2.08997791e-03,1.56426228e-03
1.271500,7.96629905e-03,4.66299050e-04,0.031087,-2.24441951e-03,1.58376436e-03
1.271750,7.96569997e-03,4.65699970e-04,0.031047,-2.39632711e-03,1.60089067e-03
1.272000,7.96506350e-03,4.65063500e-04,0.031004,-2.54587637e-03,1.61822735e-03
1.272250,7.96439019e-03,4.64390190e-04,0.030959,-2.69325304e-03,1.63758939e-03
1.272500,7.96368060e-03,4.63680600e-04,0.030912,-2.83835032e-03,1.65784401e-03
1.272750,7.96293536e-03,4.62935360e-04,0.030862,-2.98096245e-03,1.67935947e-03
1.273000,7.96215512e-03,4.62155120e-04,0.030810,-3.12096041e-03,1.70249221e-03
1.273250,7.96134058e-03,4.61340580e-04,0.030756,-3.25816918e-03,1.72250238e-03
1.273500,7.96049243e-03,4.60492430e-04,0.030699,-3.39259402e-03,1.73904201e-03
1.273750,7.95961127e-03,4.59611270e-04,0.030641,-3.52464474e-03,1.75757789e-03
1.274000,7.95869764e-03,4.58697640e-04,0.030580,-3.65451802e-03,1.77808769e-03
1.274250,7.95775215e-03,4.57752150e-04,0.030517,-3.78196271e-03,1.79863836e-03
1.274500,7.95677545e-03,4.56775450e-04,0.030452,-3.90681493e-03,1.81745325e-03
1.274750,7.95576816e-03,4.55768160e-04,0.030385,-4.02914806e-03,1.83430349e-03
1.275000,7.95473086e-03,4.54730860e-04,0.030315,-4.14919147e-03,1.85460002e-03
1.275250,7.95366412e-03,4.53664120e-04,0.030244,-4.26695412e-03,1.87605636e-03
1.275500,7.95256860e-03,4.52568600e-04,0.030171,-4.38210176e-03,1.89670035e-03
1.275750,7.95144495e-03,4.51444950e-04,0.030096,-4.49457509e-03,1.91684214e-03
1.276000,7.95029384e-03,4.50293840e-04,0.030020,-4.60446301e-03,1.93717573e-03
1.276250,7.94911589e-03,4.49115890e-04,0.029941,-4.71179828e-03,1.96639618e-03
1.276500,7.94791184e-03,4.47911840e-04,0.029861,-4.81617225e-03,1.98744384e-03
1.276750,7.94668254e-03,4.46682540e-04,0.029779,-4.91721660e-03,2.00327777e-03
1.277000,7.94542858e-03,4.45428580e-04,0.029695,-5.01583285e-03,2.05219582e-03
1.277250,7.94415084e-03,4.44150840e-04,0.029610,-5.11098642e-03,2.09051357e-03
1.277500,7.94285073e-03,4.42850730e-04,0.029523,-5.20042962e-03,2.12139582e-03
1.277750,7.94152939e-03,4.41529390e-04,0.029435,-5.28536149e-03,2.14797010e-03
1.278000,7.94018774e-03,4.40187740e-04,0.029346,-5.36658297e-03,2.17315669e-03
1.278250,7.93882661e-03,4.38826610e-04,0.029255,-5.44450912e-03,2.20438950e-03
1.278500,7.93744687e-03,4.37446870e-04,0.029163,-5.51898656e-03,2.23577935e-03
1.278750,7.93604949e-03,4.36049490e-04,0.029070,-5.58951193e-03,2.26362380e-03
1.279000,7.93463543e-03,4.34635430e-04,0.028976,-5.65622908e-03,2.29343458e-03
1.279250,7.93320560e-03,4.33205600e-04,0.028880,-5.71934217e-03,2.32000571e-03
1.279500,7.93176089e-03,4.31760890e-04,0.028784,-5.77883298e-03,2.34541147e-03
1.279750,7.93030213e-03,4.30302130e-04,0.028687,-5.83501903e-03,2.38836471e-03
1.280000,7.92883033e-03,4.28830330e-04,0.028589,-5.88722021e-03,2.42664642e-03
1.280250,7.92734678e-03,4.27346780e-04,0.028490,-5.93420235e-03,2.46312021e-03
1.280500,7.92585267e-03,4.25852670e-04,0.028390,-5.97642893e-03,2.49480396e-03
1.280750,7.92434911e-03,4.24349110e-04,0.028290,-6.01426014e-03,2.52565988e-03
1.281000,7.92283708e-03,4.22837080e-04,0.028189,-6.04812586e-03,2.55762976e-03
1.281250,7.92131756e-03,4.21317560e-04,0.028088,-6.07804482e-03,2.58809226e-03
1.281500,7.91979157e-03,4.19791570e-04,0.027986,-6.10399219e-03,2.62090542e-03
1.281750,7.91826007e-03,4.18260070e-04,0.027884,-6.12598782e-03,2.65611503e-03
1.282000,7.91672414e-03,4.16724140e-04,0.027782,-6.14373276e-03,2.68527373e-03
1.282250,7.91518481e-03,4.15184810e-04,0.027679,-6.15729776e-03,2.71131870e-03
1.282500,7.91364298e-03,4.13642980e-04,0.027576,-6.16731728e-03,2.73841709e-03
1.282750,7.91209948e-03,4.12099480e-04,0.027473,-6.17400040e-03,2.76945258e-03
1.283000,7.91055521e-03,4.10555210e-04,0.027370,-6.17708658e-03,2.80109965e-03
1.283250,7.90901115e-03,4.09011150e-04,0.027267,-6.17622551e-03,2.83223904e-03
1.283500,7.90746831e-03,4.07468310e-04,0.027165,-6.17138944e-03,2.86052994e-03
1.283750,7.90592762e-03,4.05927620e-04,0.027062,-6.16274597e-03,2.88275340e-03
1.284000,7.90438992e-03,4.04389920e-04,0.026959,-6.15079723e-03,2.92463948e-03
1.284250,7.90285613e-03,4.02856130e-04,0.026857,-6.13517208e-03,2.97283053e-03
1.284500,7.90132763e-03,4.01327630e-04,0.026755,-6.11397741e-03,3.01740485e-03
1.284750,7.89980592e-03,3.99805920e-04,0.026654,-6.08685547e-03,3.05491811e-03
1.285000,7.89829232e-03,3.98292320e-04,0.026553,-6.05441535e-03,3.09583338e-03
1.285250,7.89678804e-03,3.96788040e-04,0.026453,-6.01708641e-03,3.13129940e-03
1.285500,7.89529434e-03,3.95294340e-04,0.026353,-5.97483022e-03,3.16304753e-03
1.285750,7.89381227e-03,3.93812270e-04,0.026254,-5.92825857e-03,3.19036786e-03
1.286000,7.89234280e-03,3.92342800e-04,0.026156,-5.87787245e-03,3.22781881e-03
1.286250,7.89088691e-03,3.90886910e-04,0.026059,-5.82358754e-03,3.26510267e-03
1.286500,7.88944576e-03,3.89445760e-04,0.025963,-5.76457945e-03,3.29786689e-03
1.286750,7.88802050e-03,3.88020500e-04,0.025868,-5.70106173e-03,3.32664384e-03
1.287000,7.88661210e-03,3.86612100e-04,0.025774,-5.63358172e-03,3.35950803e-03
1.287250,7.88522153e-03,3.85221530e-04,0.025681,-5.56228609e-03,3.40849335e-03
1.287500,7.88385000e-03,3.83850000e-04,0.025590,-5.48612657e-03,3.44967669e-03
1.287750,7.88249897e-03,3.82498970e-04,0.025500,-5.40412447e-03,3.48187711e-03
1.288000,7.88116964e-03,3.81169640e-04,0.025411,-5.31731748e-03,3.51520907e-03
1.288250,7.87986304e-03,3.79863040e-04,0.025324,-5.22639313e-03,3.54347976e-03
1.288500,7.87858017e-03,3.78580170e-04,0.025239,-5.13148226e-03,3.56332692e-03
1.288750,7.87732183e-03,3.77321830e-04,0.025155,-5.03337282e-03,3.59272821e-03
1.289000,7.87608874e-03,3.76088740e-04,0.025073,-4.93233404e-03,3.61854046e-03
1.289250,7.87488181e-03,3.74881810e-04,0.024992,-4.82774015e-03,3.63779439e-03
1.289500,7.87370176e-03,3.73701760e-04,0.024913,-4.72017576e-03,3.66136692e-03
1.289750,7.87254927e-03,3.72549270e-04,0.024837,-4.60998842e-03,3.68116072e-03
1.290000,7.87142502e-03,3.71425020e-04,0.024762,-4.49699061e-03,3.71832662e-03
1.290250,7.87032984e-03,3.70329840e-04,0.024689,-4.38072456e-03,3.75195086e-03
1.290500,7.86926486e-03,3.69264860e-04,0.024618,-4.25992053e-03,3.77917040e-03
1.290750,7.86823107e-03,3.68231070e-04,0.024549,-4.13515246e-03,3.79959829e-03
1.291000,7.86722926e-03,3.67229260e-04,0.024482,-4.00724645e-03,3.81762336e-03
1.291250,7.86626004e-03,3.66260040e-04,0.024417,-3.87686636e-03,3.84190487e-03
1.291500,7.86532406e-03,3.65324060e-04,0.024355,-3.74393286e-03,3.86569593e-03
1.291750,7.86442207e-03,3.64422070e-04,0.024295,-3.60795396e-03,3.88224421e-03
1.292000,7.86355475e-03,3.63554750e-04,0.024237,-3.46929013e-03,3.89574593e-03
1.292250,7.86272258e-03,3.62722580e-04,0.024182,-3.32867071e-03,3.90911168e-03
1.292500,7.86192599e-03,3.61925990e-04,0.024128,-3.18635186e-03,3.92313880e-03
1.292750,7.86116541e-03,3.61165410e-04,0.024078,-3.04231550e-03,3.93641608e-03
1.293000,7.86044128e-03,3.60441280e-04,0.024029,-2.89654048e-03,3.94732553e-03
1.293250,7.85975398e-03,3.59753980e-04,0.023984,-2.74919303e-03,3.94991090e-03
1.293500,7.85910377e-03,3.59103770e-04,0.023940,-2.60083558e-03,3.95927252e-03
1.293750,7.85849081e-03,3.58490810e-04,0.023899,-2.45185199e-03,3.96834600e-03
1.294000,7.85791538e-03,3.57915380e-04,0.023861,-2.30169864e-03,3.97377494e-03
1.294250,7.85737774e-03,3.57377740e-04,0.023825,-2.15056031e-03,3.97501106e-03
1.294500,7.85687801e-03,3.56878010e-04,0.023792,-1.99892159e-03,3.97279550e-03
1.294750,7.85641619e-03,3.56416190e-04,0.023761,-1.84727934e-03,3.96989837e-03
1.295000,7.85599220e-03,3.55992200e-04,0.023733,-1.69594707e-03,3.96869289e-03
1.295250,7.85560598e-03,3.55605980e-04,0.023707,-1.54490596e-03,3.96749428e-03
1.295500,7.85525747e-03,3.55257470e-04,0.023684,-1.39401681e-03,3.96446809e-03
1.295750,7.85494663e-03,3.54946630e-04,0.023663,-1.24335986e-03,3.96075055e-03
1.296000,7.85467336e-03,3.54673360e-04,0.023645,-1.09311573e-03,3.95460027e-03
1.296250,7.85443749e-03,3.54437490e-04,0.023629,-9.43448716e-04,3.94468091e-03
1.296500,7.85423881e-03,3.54238810e-04,0.023616,-7.94725200e-04,3.93411104e-03
1.296750,7.85407699e-03,3.54076990e-04,0.023605,-6.47283391e-04,3.92367928e-03
1.297000,7.85395170e-03,3.53951700e-04,0.023597,-5.01170593e-04,3.91279806e-03
1.297250,7.85386260e-03,3.53862600e-04,0.023591,-3.56395337e-04,3.90057319e-03
1.297500,7.85380934e-03,3.53809340e-04,0.023587,-2.13053928e-04,3.88672689e-03
1.297750,7.85379150e-03,3.53791500e-04,0.023586,-7.13283675e-05,3.87161342e-03
1.298000,7.85380865e-03,3.53808650e-04,0.023587,6.85921979e-05,3.85567380e-03
1.298250,7.85386029e-03,3.53860290e-04,0.023591,2.06567205e-04,3.83903379e-03
1.298500,7.85394592e-03,3.53945920e-04,0.023596,3.42497860e-04,3.82154237e-03
1.298750,7.85406499e-03,3.54064990e-04,0.023604,4.76289018e-04,3.80304099e-03
1.299000,7.85421695e-03,3.54216950e-04,0.023614,6.07826124e-04,3.78353476e-03
1.299250,7.85440119e-03,3.54401190e-04,0.023627,7.36981832e-04,3.76315359e-03
1.299500,7.85461710e-03,3.54617100e-04,0.023641,8.63634961e-04,3.74202055e-03
1.299750,7.85486402e-03,3.54864020e-04,0.023658,9.87680434e-04,3.72017895e-03
1.300000,7.85514128e-03,3.55141280e-04,0.023676,1.10902519e-03,3.69596726e-03
