# FeatFloWer certified run q2p1_dns_rundir_e2_l4 (particle_force.log, every CFD step)
# case=E2 level=L4 D/h=49.098 dt=0.001 s; quarter-box benchSym mesh, FBM Q2/P1, serial PE HardContactAndFluid, lubrication OFF
# columns: t_s, z_center_m, gap_m (=z_center-0.0075), h_over_d (=gap/0.015), u_z_mps, F_z_N (hydrodynamic force on the sphere, full-sphere value)
0.001000,1.27500000e-01,1.20000000e-01,8.000000,0.00000000e+00,0.00000000e+00
0.002000,1.27498642e-01,1.19998642e-01,7.999909,-1.35763393e-03,1.75790911e-03
0.003000,1.27496238e-01,1.19996238e-01,7.999749,-2.40440127e-03,1.92268990e-03
0.004000,1.27493393e-01,1.19993393e-01,7.999560,-2.84470533e-03,1.41599900e-03
0.005000,1.27490073e-01,1.19990073e-01,7.999338,-3.32049553e-03,1.13686283e-03
0.006000,1.27486061e-01,1.19986061e-01,7.999071,-4.01205271e-03,1.45113983e-03
0.007000,1.27481321e-01,1.19981321e-01,7.998755,-4.73970601e-03,1.66665721e-03
0.008000,1.27475995e-01,1.19975995e-01,7.998400,-5.32603420e-03,1.68637266e-03
0.009000,1.27470157e-01,1.19970157e-01,7.998010,-5.83809680e-03,1.59264454e-03
0.010000,1.27463797e-01,1.19963797e-01,7.997586,-6.36025933e-03,1.63084825e-03
0.011000,1.27456890e-01,1.19956890e-01,7.997126,-6.90644767e-03,1.69365860e-03
0.012000,1.27449461e-01,1.19949461e-01,7.996631,-7.42898204e-03,1.74883171e-03
0.013000,1.27441540e-01,1.19941540e-01,7.996103,-7.92113180e-03,1.75143665e-03
0.014000,1.27433145e-01,1.19933145e-01,7.995543,-8.39470123e-03,1.76900911e-03
0.015000,1.27424281e-01,1.19924281e-01,7.994952,-8.86430766e-03,1.79132882e-03
0.016000,1.27414957e-01,1.19914957e-01,7.994330,-9.32419604e-03,1.82569101e-03
0.017000,1.27405186e-01,1.19905186e-01,7.993679,-9.77067773e-03,1.83556286e-03
0.018000,1.27394982e-01,1.19894982e-01,7.992999,-1.02041286e-02,1.85986317e-03
0.019000,1.27384352e-01,1.19884352e-01,7.992290,-1.06300402e-02,1.86949796e-03
0.020000,1.27373306e-01,1.19873306e-01,7.991554,-1.10462675e-02,1.89106006e-03
0.021000,1.27361850e-01,1.19861850e-01,7.990790,-1.14555174e-02,1.91321923e-03
0.022000,1.27349996e-01,1.19849996e-01,7.990000,-1.18537675e-02,1.92311523e-03
0.023000,1.27337753e-01,1.19837753e-01,7.989184,-1.22429902e-02,1.94218377e-03
0.024000,1.27325128e-01,1.19825128e-01,7.988342,-1.26255908e-02,1.94568745e-03
0.025000,1.27312127e-01,1.19812127e-01,7.987475,-1.30013094e-02,1.97627983e-03
0.026000,1.27298756e-01,1.19798756e-01,7.986584,-1.33704675e-02,1.98549439e-03
0.027000,1.27285028e-01,1.19785028e-01,7.985669,-1.37279491e-02,2.00124519e-03
0.028000,1.27270949e-01,1.19770949e-01,7.984730,-1.40796191e-02,2.00065970e-03
0.029000,1.27256522e-01,1.19756522e-01,7.983768,-1.44262198e-02,2.03751822e-03
0.030000,1.27241756e-01,1.19741756e-01,7.982784,-1.47664948e-02,2.03233085e-03
0.031000,1.27226660e-01,1.19726660e-01,7.981777,-1.50955823e-02,2.05459293e-03
0.032000,1.27211238e-01,1.19711238e-01,7.980749,-1.54224366e-02,2.05136936e-03
0.033000,1.27195495e-01,1.19695495e-01,7.979700,-1.57425497e-02,2.06891736e-03
0.034000,1.27179435e-01,1.19679435e-01,7.978629,-1.60606183e-02,2.07366687e-03
0.035000,1.27163063e-01,1.19663063e-01,7.977538,-1.63720840e-02,2.07084567e-03
0.036000,1.27146380e-01,1.19646380e-01,7.976425,-1.66824888e-02,2.09852243e-03
0.037000,1.27129391e-01,1.19629391e-01,7.975293,-1.69889258e-02,2.09448983e-03
0.038000,1.27112104e-01,1.19612104e-01,7.974140,-1.72869864e-02,2.10017141e-03
0.039000,1.27094519e-01,1.19594519e-01,7.972968,-1.75853667e-02,2.11193579e-03
0.040000,1.27076639e-01,1.19576639e-01,7.971776,-1.78798007e-02,2.12589752e-03
0.041000,1.27058471e-01,1.19558471e-01,7.970565,-1.81679021e-02,2.13945874e-03
0.042000,1.27040022e-01,1.19540022e-01,7.969335,-1.84490201e-02,2.12882296e-03
0.043000,1.27021294e-01,1.19521294e-01,7.968086,-1.87275652e-02,2.16032995e-03
0.044000,1.27002290e-01,1.19502290e-01,7.966819,-1.90040316e-02,2.16305005e-03
0.045000,1.26983021e-01,1.19483021e-01,7.965535,-1.92696696e-02,2.16617368e-03
0.046000,1.26963487e-01,1.19463487e-01,7.964232,-1.95338619e-02,2.17839549e-03
0.047000,1.26943692e-01,1.19443692e-01,7.962913,-1.97948671e-02,2.19239192e-03
0.048000,1.26923643e-01,1.19423643e-01,7.961576,-2.00493834e-02,2.19123311e-03
0.049000,1.26903343e-01,1.19403343e-01,7.960223,-2.02995079e-02,2.19378070e-03
0.050000,1.26882794e-01,1.19382794e-01,7.958853,-2.05495625e-02,2.17989050e-03
0.051000,1.26861992e-01,1.19361992e-01,7.957466,-2.08012367e-02,2.20785634e-03
0.052000,1.26840940e-01,1.19340940e-01,7.956063,-2.10525273e-02,2.20840320e-03
0.053000,1.26819645e-01,1.19319645e-01,7.954643,-2.12945367e-02,2.21126990e-03
0.054000,1.26798109e-01,1.19298109e-01,7.953207,-2.15358596e-02,2.21372143e-03
0.055000,1.26776334e-01,1.19276334e-01,7.951756,-2.17758075e-02,2.22966874e-03
0.056000,1.26754321e-01,1.19254321e-01,7.950288,-2.20121302e-02,2.22800396e-03
0.057000,1.26732078e-01,1.19232078e-01,7.948805,-2.22435100e-02,2.24866938e-03
0.058000,1.26709606e-01,1.19209606e-01,7.947307,-2.24717820e-02,2.24437597e-03
0.059000,1.26686912e-01,1.19186912e-01,7.945794,-2.26940265e-02,2.26841846e-03
0.060000,1.26663999e-01,1.19163999e-01,7.944267,-2.29134293e-02,2.26273772e-03
0.061000,1.26640873e-01,1.19140873e-01,7.942725,-2.31259408e-02,2.26705383e-03
0.062000,1.26617533e-01,1.19117533e-01,7.941169,-2.33395547e-02,2.26116341e-03
0.063000,1.26593980e-01,1.19093980e-01,7.939599,-2.35527927e-02,2.25962448e-03
0.064000,1.26570212e-01,1.19070212e-01,7.938014,-2.37682374e-02,2.26752321e-03
0.065000,1.26546229e-01,1.19046229e-01,7.936415,-2.39827907e-02,2.27344232e-03
0.066000,1.26522036e-01,1.19022036e-01,7.934802,-2.41937032e-02,2.27389687e-03
0.067000,1.26497633e-01,1.18997633e-01,7.933176,-2.44025914e-02,2.29559489e-03
0.068000,1.26473026e-01,1.18973026e-01,7.931535,-2.46074933e-02,2.28251684e-03
0.069000,1.26448218e-01,1.18948218e-01,7.929881,-2.48075819e-02,2.31214953e-03
0.070000,1.26423211e-01,1.18923211e-01,7.928214,-2.50067253e-02,2.29470506e-03
0.071000,1.26398012e-01,1.18898012e-01,7.926534,-2.51992218e-02,2.32557947e-03
0.072000,1.26372620e-01,1.18872620e-01,7.924841,-2.53919875e-02,2.30987369e-03
0.073000,1.26347043e-01,1.18847043e-01,7.923136,-2.55773910e-02,2.32319013e-03
0.074000,1.26321277e-01,1.18821277e-01,7.921418,-2.57655977e-02,2.29108028e-03
0.075000,1.26295322e-01,1.18795322e-01,7.919688,-2.59551092e-02,2.32061298e-03
0.076000,1.26269172e-01,1.18769172e-01,7.917945,-2.61499436e-02,2.31525849e-03
0.077000,1.26242836e-01,1.18742836e-01,7.916189,-2.63360260e-02,2.32401421e-03
0.078000,1.26216314e-01,1.18716314e-01,7.914421,-2.65223184e-02,2.32647220e-03
0.079000,1.26189608e-01,1.18689608e-01,7.912641,-2.67053007e-02,2.33277221e-03
0.080000,1.26162722e-01,1.18662722e-01,7.910848,-2.68863617e-02,2.34586407e-03
0.081000,1.26135659e-01,1.18635659e-01,7.909044,-2.70630384e-02,2.35968273e-03
0.082000,1.26108426e-01,1.18608426e-01,7.907228,-2.72329720e-02,2.35163235e-03
0.083000,1.26081026e-01,1.18581026e-01,7.905402,-2.73997909e-02,2.36160472e-03
0.084000,1.26053459e-01,1.18553459e-01,7.903564,-2.75674902e-02,2.33251623e-03
0.085000,1.26025722e-01,1.18525722e-01,7.901715,-2.77370583e-02,2.35406517e-03
0.086000,1.25997809e-01,1.18497809e-01,7.899854,-2.79123689e-02,2.33891766e-03
0.087000,1.25969726e-01,1.18469726e-01,7.897982,-2.80832812e-02,2.36221665e-03
0.088000,1.25941471e-01,1.18441471e-01,7.896098,-2.82550479e-02,2.36448734e-03
0.089000,1.25913052e-01,1.18413052e-01,7.894203,-2.84187614e-02,2.36523790e-03
0.090000,1.25884471e-01,1.18384471e-01,7.892298,-2.85815964e-02,2.37356105e-03
0.091000,1.25855728e-01,1.18355728e-01,7.890382,-2.87427131e-02,2.38829899e-03
0.092000,1.25826829e-01,1.18326829e-01,7.888455,-2.88984901e-02,2.38870015e-03
0.093000,1.25797780e-01,1.18297780e-01,7.886519,-2.90493559e-02,2.38314985e-03
0.094000,1.25768579e-01,1.18268579e-01,7.884572,-2.92010716e-02,2.35759021e-03
0.095000,1.25739220e-01,1.18239220e-01,7.882615,-2.93591300e-02,2.37954351e-03
0.096000,1.25709698e-01,1.18209698e-01,7.880647,-2.95217003e-02,2.38108785e-03
0.097000,1.25680021e-01,1.18180021e-01,7.878668,-2.96767878e-02,2.38960450e-03
0.098000,1.25650192e-01,1.18150192e-01,7.876679,-2.98298620e-02,2.38444166e-03
0.099000,1.25620211e-01,1.18120211e-01,7.874681,-2.99810522e-02,2.39968747e-03
0.100000,1.25590079e-01,1.18090079e-01,7.872672,-3.01312419e-02,2.40399584e-03
0.101000,1.25559804e-01,1.18059804e-01,7.870654,-3.02756627e-02,2.42027473e-03
0.102000,1.25529388e-01,1.18029388e-01,7.868626,-3.04157899e-02,2.40892652e-03
0.103000,1.25498835e-01,1.17998835e-01,7.866589,-3.05525777e-02,2.39545848e-03
0.104000,1.25468140e-01,1.17968140e-01,7.864543,-3.06954740e-02,2.39382697e-03
0.105000,1.25437297e-01,1.17937297e-01,7.862486,-3.08430820e-02,2.39333684e-03
0.106000,1.25406305e-01,1.17906305e-01,7.860420,-3.09913124e-02,2.41485688e-03
0.107000,1.25375169e-01,1.17875169e-01,7.858345,-3.11358983e-02,2.41836657e-03
0.108000,1.25343897e-01,1.17843897e-01,7.856260,-3.12727960e-02,2.42040973e-03
0.109000,1.25312489e-01,1.17812489e-01,7.854166,-3.14081797e-02,2.41427927e-03
0.110000,1.25280945e-01,1.17780945e-01,7.852063,-3.15439766e-02,2.43874169e-03
0.111000,1.25249267e-01,1.17749267e-01,7.849951,-3.16774609e-02,2.43021614e-03
0.112000,1.25217463e-01,1.17717463e-01,7.847831,-3.18044190e-02,2.41650659e-03
0.113000,1.25185526e-01,1.17685526e-01,7.845702,-3.19366014e-02,2.40989636e-03
0.114000,1.25153452e-01,1.17653452e-01,7.843563,-3.20744551e-02,2.42788568e-03
0.115000,1.25121240e-01,1.17621240e-01,7.841416,-3.22112986e-02,2.42130678e-03
0.116000,1.25088897e-01,1.17588897e-01,7.839260,-3.23433975e-02,2.43567309e-03
0.117000,1.25056422e-01,1.17556422e-01,7.837095,-3.24751165e-02,2.44131087e-03
0.118000,1.25023821e-01,1.17523821e-01,7.834921,-3.26011204e-02,2.45076152e-03
0.119000,1.24991097e-01,1.17491097e-01,7.832740,-3.27236015e-02,2.45432638e-03
0.120000,1.24958255e-01,1.17458255e-01,7.830550,-3.28423485e-02,2.45026480e-03
0.121000,1.24925294e-01,1.17425294e-01,7.828353,-3.29606429e-02,2.42026143e-03
0.122000,1.24892208e-01,1.17392208e-01,7.826147,-3.30855771e-02,2.42744563e-03
0.123000,1.24858989e-01,1.17358989e-01,7.823933,-3.32190943e-02,2.44189713e-03
0.124000,1.24825642e-01,1.17325642e-01,7.821709,-3.33476965e-02,2.45262169e-03
0.125000,1.24792172e-01,1.17292172e-01,7.819478,-3.34696562e-02,2.45626649e-03
0.126000,1.24758585e-01,1.17258585e-01,7.817239,-3.35874492e-02,2.45887147e-03
0.127000,1.24724881e-01,1.17224881e-01,7.814992,-3.37035845e-02,2.46263418e-03
0.128000,1.24691063e-01,1.17191063e-01,7.812738,-3.38181989e-02,2.46870696e-03
0.129000,1.24657132e-01,1.17157132e-01,7.810475,-3.39305037e-02,2.44210780e-03
0.130000,1.24623087e-01,1.17123087e-01,7.808206,-3.40455178e-02,2.44543828e-03
0.131000,1.24588918e-01,1.17088918e-01,7.805928,-3.41686786e-02,2.45428230e-03
0.132000,1.24554629e-01,1.17054629e-01,7.803642,-3.42891816e-02,2.46208823e-03
0.133000,1.24520224e-01,1.17020224e-01,7.801348,-3.44053997e-02,2.45788106e-03
0.134000,1.24485704e-01,1.16985704e-01,7.799047,-3.45197982e-02,2.48669791e-03
0.135000,1.24451073e-01,1.16951073e-01,7.796738,-3.46304825e-02,2.47668375e-03
0.136000,1.24416340e-01,1.16916340e-01,7.794423,-3.47334738e-02,2.48399843e-03
0.137000,1.24381501e-01,1.16881501e-01,7.792100,-3.48384603e-02,2.45260019e-03
0.138000,1.24346555e-01,1.16846555e-01,7.789770,-3.49465971e-02,2.45770675e-03
0.139000,1.24311491e-01,1.16811491e-01,7.787433,-3.50641424e-02,2.45907025e-03
0.140000,1.24276311e-01,1.16776311e-01,7.785087,-3.51797696e-02,2.48799882e-03
0.141000,1.24241021e-01,1.16741021e-01,7.782735,-3.52898333e-02,2.47024493e-03
0.142000,1.24205627e-01,1.16705627e-01,7.780375,-3.53935360e-02,2.49682582e-03
0.143000,1.24170129e-01,1.16670129e-01,7.778009,-3.54983688e-02,2.47924297e-03
0.144000,1.24134531e-01,1.16634531e-01,7.775635,-3.55975813e-02,2.50190796e-03
0.145000,1.24098833e-01,1.16598833e-01,7.773256,-3.56985603e-02,2.46328446e-03
0.146000,1.24063034e-01,1.16563034e-01,7.770869,-3.57989259e-02,2.46924435e-03
0.147000,1.24027123e-01,1.16527123e-01,7.768475,-3.59109221e-02,2.47484900e-03
0.148000,1.23991103e-01,1.16491103e-01,7.766074,-3.60199698e-02,2.48710473e-03
0.149000,1.23954978e-01,1.16454978e-01,7.763665,-3.61250096e-02,2.49370733e-03
0.150000,1.23918753e-01,1.16418753e-01,7.761250,-3.62248569e-02,2.50037327e-03
0.151000,1.23882432e-01,1.16382432e-01,7.758829,-3.63213569e-02,2.50688892e-03
0.152000,1.23846017e-01,1.16346017e-01,7.756401,-3.64145156e-02,2.50770134e-03
0.153000,1.23809512e-01,1.16309512e-01,7.753967,-3.65053907e-02,2.46573360e-03
0.154000,1.23772909e-01,1.16272909e-01,7.751527,-3.66034206e-02,2.46783985e-03
0.155000,1.23736194e-01,1.16236194e-01,7.749080,-3.67148608e-02,2.49865786e-03
0.156000,1.23699374e-01,1.16199374e-01,7.746625,-3.68201595e-02,2.50733369e-03
0.157000,1.23662460e-01,1.16162460e-01,7.744164,-3.69138028e-02,2.50552059e-03
0.158000,1.23625455e-01,1.16125455e-01,7.741697,-3.70049175e-02,2.51035919e-03
0.159000,1.23588359e-01,1.16088359e-01,7.739224,-3.70957720e-02,2.51684538e-03
0.160000,1.23551175e-01,1.16051175e-01,7.736745,-3.71838905e-02,2.49107153e-03
0.161000,1.23513901e-01,1.16013901e-01,7.734260,-3.72744366e-02,2.48144298e-03
0.162000,1.23476526e-01,1.15976526e-01,7.731768,-3.73751499e-02,2.50581144e-03
0.163000,1.23439051e-01,1.15939051e-01,7.729270,-3.74747160e-02,2.49974981e-03
0.164000,1.23401483e-01,1.15901483e-01,7.726766,-3.75673512e-02,2.51057145e-03
0.165000,1.23363823e-01,1.15863823e-01,7.724255,-3.76600634e-02,2.52137945e-03
0.166000,1.23326076e-01,1.15826076e-01,7.721738,-3.77473103e-02,2.52634106e-03
0.167000,1.23288246e-01,1.15788246e-01,7.719216,-3.78301303e-02,2.52732762e-03
0.168000,1.23250335e-01,1.15750335e-01,7.716689,-3.79111464e-02,2.48221512e-03
0.169000,1.23212335e-01,1.15712335e-01,7.714156,-3.79998161e-02,2.48534170e-03
0.170000,1.23174232e-01,1.15674232e-01,7.711615,-3.81027485e-02,2.51998814e-03
0.171000,1.23136034e-01,1.15636034e-01,7.709069,-3.81985273e-02,2.51848311e-03
0.172000,1.23097751e-01,1.15597751e-01,7.706517,-3.82831938e-02,2.52999638e-03
0.173000,1.23059384e-01,1.15559384e-01,7.703959,-3.83663186e-02,2.52552018e-03
0.174000,1.23020938e-01,1.15520938e-01,7.701396,-3.84464539e-02,2.53651066e-03
0.175000,1.22982412e-01,1.15482412e-01,7.698827,-3.85261156e-02,2.49290312e-03
0.176000,1.22943802e-01,1.15443802e-01,7.696253,-3.86098794e-02,2.50913749e-03
0.177000,1.22905097e-01,1.15405097e-01,7.693673,-3.87050937e-02,2.50516465e-03
0.178000,1.22866301e-01,1.15366301e-01,7.691087,-3.87956790e-02,2.53383952e-03
0.179000,1.22827419e-01,1.15327419e-01,7.688495,-3.88824982e-02,2.52669279e-03
0.180000,1.22788457e-01,1.15288457e-01,7.685897,-3.89611639e-02,2.54628849e-03
0.181000,1.22749419e-01,1.15249419e-01,7.683295,-3.90387115e-02,2.53598285e-03
0.182000,1.22710307e-01,1.15210307e-01,7.680687,-3.91116459e-02,2.51364442e-03
0.183000,1.22671115e-01,1.15171115e-01,7.678074,-3.91919152e-02,2.50379749e-03
0.184000,1.22631834e-01,1.15131834e-01,7.675456,-3.92812621e-02,2.51512277e-03
0.185000,1.22592462e-01,1.15092462e-01,7.672831,-3.93718401e-02,2.54880376e-03
0.186000,1.22553009e-01,1.15053009e-01,7.670201,-3.94527426e-02,2.52831017e-03
0.187000,1.22513483e-01,1.15013483e-01,7.667566,-3.95262079e-02,2.54656848e-03
0.188000,1.22473880e-01,1.14973880e-01,7.664925,-3.96031747e-02,2.54417300e-03
0.189000,1.22434205e-01,1.14934205e-01,7.662280,-3.96745689e-02,2.52044838e-03
0.190000,1.22394454e-01,1.14894454e-01,7.659630,-3.97509452e-02,2.51677908e-03
0.191000,1.22354619e-01,1.14854619e-01,7.656975,-3.98357619e-02,2.52244147e-03
0.192000,1.22314698e-01,1.14814698e-01,7.654313,-3.99207824e-02,2.54181754e-03
0.193000,1.22274697e-01,1.14774697e-01,7.651646,-4.00005167e-02,2.54083080e-03
0.194000,1.22234623e-01,1.14734623e-01,7.648975,-4.00740622e-02,2.55730173e-03
0.195000,1.22194478e-01,1.14694478e-01,7.646299,-4.01450191e-02,2.55232183e-03
0.196000,1.22154267e-01,1.14654267e-01,7.643618,-4.02114473e-02,2.52604652e-03
0.197000,1.22113983e-01,1.14613983e-01,7.640932,-4.02841574e-02,2.51318455e-03
0.198000,1.22073615e-01,1.14573615e-01,7.638241,-4.03677713e-02,2.53276692e-03
0.199000,1.22033163e-01,1.14533163e-01,7.635544,-4.04521463e-02,2.55591211e-03
0.200000,1.21992637e-01,1.14492637e-01,7.632842,-4.05259971e-02,2.54662681e-03
0.201000,1.21952043e-01,1.14452043e-01,7.630136,-4.05938888e-02,2.56142466e-03
0.202000,1.21911381e-01,1.14411381e-01,7.627425,-4.06622130e-02,2.55738275e-03
0.203000,1.21870654e-01,1.14370654e-01,7.624710,-4.07263922e-02,2.52207592e-03
0.204000,1.21829856e-01,1.14329856e-01,7.621990,-4.07981424e-02,2.53226749e-03
0.205000,1.21788976e-01,1.14288976e-01,7.619265,-4.08796857e-02,2.52976831e-03
0.206000,1.21748018e-01,1.14248018e-01,7.616535,-4.09583238e-02,2.56146500e-03
0.207000,1.21706986e-01,1.14206986e-01,7.613799,-4.10321775e-02,2.56812089e-03
0.208000,1.21665891e-01,1.14165891e-01,7.611059,-4.10944446e-02,2.55695943e-03
0.209000,1.21624735e-01,1.14124735e-01,7.608316,-4.11564995e-02,2.56553986e-03
0.210000,1.21583514e-01,1.14083514e-01,7.605568,-4.12207026e-02,2.52224457e-03
0.211000,1.21542224e-01,1.14042224e-01,7.602815,-4.12897441e-02,2.52851255e-03
0.212000,1.21500853e-01,1.14000853e-01,7.600057,-4.13718960e-02,2.55493959e-03
0.213000,1.21459405e-01,1.13959405e-01,7.597294,-4.14473160e-02,2.56003101e-03
0.214000,1.21417892e-01,1.13917892e-01,7.594526,-4.15131567e-02,2.58241990e-03
0.215000,1.21376319e-01,1.13876319e-01,7.591755,-4.15733660e-02,2.55362507e-03
0.216000,1.21334687e-01,1.13834687e-01,7.588979,-4.16313146e-02,2.55918410e-03
0.217000,1.21292990e-01,1.13792990e-01,7.586199,-4.16977367e-02,2.52423368e-03
0.218000,1.21251221e-01,1.13751221e-01,7.583415,-4.17685138e-02,2.56044555e-03
0.219000,1.21209377e-01,1.13709377e-01,7.580625,-4.18443654e-02,2.54878597e-03
0.220000,1.21167466e-01,1.13667466e-01,7.577831,-4.19103864e-02,2.57039672e-03
0.221000,1.21125490e-01,1.13625490e-01,7.575033,-4.19764149e-02,2.57266859e-03
0.222000,1.21083455e-01,1.13583455e-01,7.572230,-4.20349444e-02,2.57708916e-03
0.223000,1.21041363e-01,1.13541363e-01,7.569424,-4.20919461e-02,2.54914820e-03
0.224000,1.20999211e-01,1.13499211e-01,7.566614,-4.21524370e-02,2.53257150e-03
0.225000,1.20956986e-01,1.13456986e-01,7.563799,-4.22250355e-02,2.55495201e-03
0.226000,1.20914687e-01,1.13414687e-01,7.560979,-4.22991204e-02,2.57296147e-03
0.227000,1.20872324e-01,1.13372324e-01,7.558155,-4.23626704e-02,2.58361146e-03
0.228000,1.20829905e-01,1.13329905e-01,7.555327,-4.24184224e-02,2.57097776e-03
0.229000,1.20787433e-01,1.13287433e-01,7.552496,-4.24729110e-02,2.57748598e-03
0.230000,1.20744902e-01,1.13244902e-01,7.549660,-4.25303978e-02,2.52820794e-03
0.231000,1.20702308e-01,1.13202308e-01,7.546821,-4.25944614e-02,2.56299341e-03
0.232000,1.20659639e-01,1.13159639e-01,7.543976,-4.26685573e-02,2.55561473e-03
0.233000,1.20616907e-01,1.13116907e-01,7.541127,-4.27325339e-02,2.58186574e-03
0.234000,1.20574112e-01,1.13074112e-01,7.538274,-4.27942916e-02,2.57929545e-03
0.235000,1.20531264e-01,1.13031264e-01,7.535418,-4.28478827e-02,2.59412774e-03
0.236000,1.20488365e-01,1.12988365e-01,7.532558,-4.28996949e-02,2.55237125e-03
0.237000,1.20445411e-01,1.12945411e-01,7.529694,-4.29540201e-02,2.53823806e-03
0.238000,1.20402386e-01,1.12902386e-01,7.526826,-4.30245581e-02,2.56619435e-03
0.239000,1.20359291e-01,1.12859291e-01,7.523953,-4.30947939e-02,2.58158168e-03
0.240000,1.20316138e-01,1.12816138e-01,7.521076,-4.31531273e-02,2.59513940e-03
0.241000,1.20272934e-01,1.12772934e-01,7.518196,-4.32040098e-02,2.57505845e-03
0.242000,1.20229680e-01,1.12729680e-01,7.515312,-4.32539908e-02,2.58819818e-03
0.243000,1.20186372e-01,1.12686372e-01,7.512425,-4.33082430e-02,2.53401760e-03
0.244000,1.20143004e-01,1.12643004e-01,7.509534,-4.33677613e-02,2.57508533e-03
0.245000,1.20099566e-01,1.12599566e-01,7.506638,-4.34378108e-02,2.56390557e-03
0.246000,1.20056070e-01,1.12556070e-01,7.503738,-4.34963502e-02,2.59026394e-03
0.247000,1.20012516e-01,1.12512516e-01,7.500834,-4.35538999e-02,2.59226022e-03
0.248000,1.19968914e-01,1.12468914e-01,7.497928,-4.36024402e-02,2.59408682e-03
0.249000,1.19925264e-01,1.12425264e-01,7.495018,-4.36500018e-02,2.56091245e-03
0.250000,1.19881561e-01,1.12381561e-01,7.492104,-4.37028300e-02,2.54491188e-03
0.251000,1.19837791e-01,1.12337791e-01,7.489186,-4.37693828e-02,2.57677413e-03
0.252000,1.19793956e-01,1.12293956e-01,7.486264,-4.38355558e-02,2.58645530e-03
0.253000,1.19750066e-01,1.12250066e-01,7.483338,-4.38895529e-02,2.61336069e-03
0.254000,1.19706131e-01,1.12206131e-01,7.480409,-4.39356125e-02,2.57901345e-03
0.255000,1.19662152e-01,1.12162152e-01,7.477477,-4.39789100e-02,2.57415444e-03
0.256000,1.19618117e-01,1.12118117e-01,7.474541,-4.40343469e-02,2.55284254e-03
0.257000,1.19574022e-01,1.12074022e-01,7.471601,-4.40951483e-02,2.57651568e-03
0.258000,1.19529864e-01,1.12029864e-01,7.468658,-4.41587625e-02,2.58512516e-03
0.259000,1.19485651e-01,1.11985651e-01,7.465710,-4.42130797e-02,2.60388555e-03
0.260000,1.19441389e-01,1.11941389e-01,7.462759,-4.42612518e-02,2.59099967e-03
0.261000,1.19397084e-01,1.11897084e-01,7.459806,-4.43055414e-02,2.60361465e-03
0.262000,1.19352732e-01,1.11852732e-01,7.456849,-4.43518321e-02,2.54193465e-03
0.263000,1.19308327e-01,1.11808327e-01,7.453888,-4.44048873e-02,2.57033456e-03
0.264000,1.19263854e-01,1.11763854e-01,7.450924,-4.44731769e-02,2.59378140e-03
0.265000,1.19219326e-01,1.11719326e-01,7.447955,-4.45279932e-02,2.59858493e-03
0.266000,1.19174752e-01,1.11674752e-01,7.444983,-4.45742598e-02,2.60140217e-03
0.267000,1.19130133e-01,1.11630133e-01,7.442009,-4.46184507e-02,2.60177799e-03
0.268000,1.19085471e-01,1.11585471e-01,7.439031,-4.46616499e-02,2.55278164e-03
0.269000,1.19040758e-01,1.11540758e-01,7.436051,-4.47133901e-02,2.58116611e-03
0.270000,1.18995982e-01,1.11495982e-01,7.433065,-4.47762019e-02,2.57506033e-03
0.271000,1.18951151e-01,1.11451151e-01,7.430077,-4.48307716e-02,2.60520942e-03
0.272000,1.18906269e-01,1.11406269e-01,7.427085,-4.48820150e-02,2.60556536e-03
0.273000,1.18861346e-01,1.11361346e-01,7.424090,-4.49232941e-02,2.61135260e-03
0.274000,1.18816382e-01,1.11316382e-01,7.421092,-4.49634329e-02,2.57143155e-03
0.275000,1.18771374e-01,1.11271374e-01,7.418092,-4.50087306e-02,2.55752082e-03
0.276000,1.18726304e-01,1.11226304e-01,7.415087,-4.50695989e-02,2.58826404e-03
0.277000,1.18681174e-01,1.11181174e-01,7.412078,-4.51295992e-02,2.60271709e-03
0.278000,1.18635997e-01,1.11135997e-01,7.409066,-4.51769470e-02,2.62297034e-03
0.279000,1.18590782e-01,1.11090782e-01,7.406052,-4.52159667e-02,2.60306714e-03
0.280000,1.18545530e-01,1.11045530e-01,7.403035,-4.52518546e-02,2.57255249e-03
0.281000,1.18500230e-01,1.11000230e-01,7.400015,-4.52996752e-02,2.56718761e-03
0.282000,1.18454872e-01,1.10954872e-01,7.396991,-4.53584660e-02,2.58851247e-03
0.283000,1.18409456e-01,1.10909456e-01,7.393964,-4.54152476e-02,2.60484876e-03
0.284000,1.18363994e-01,1.10863994e-01,7.390933,-4.54621369e-02,2.62392129e-03
0.285000,1.18318494e-01,1.10818494e-01,7.387900,-4.55002883e-02,2.60019316e-03
0.286000,1.18272957e-01,1.10772957e-01,7.384864,-4.55363722e-02,2.58885658e-03
0.287000,1.18227375e-01,1.10727375e-01,7.381825,-4.55822534e-02,2.56894809e-03
0.288000,1.18181740e-01,1.10681740e-01,7.378783,-4.56353783e-02,2.58549403e-03
0.289000,1.18136048e-01,1.10636048e-01,7.375737,-4.56921155e-02,2.60955368e-03
0.290000,1.18090309e-01,1.10590309e-01,7.372687,-4.57391641e-02,2.61947554e-03
0.291000,1.18044532e-01,1.10544532e-01,7.369635,-4.57765566e-02,2.60194650e-03
0.292000,1.17998718e-01,1.10498718e-01,7.366581,-4.58137904e-02,2.59960917e-03
0.293000,1.17952861e-01,1.10452861e-01,7.363524,-4.58571944e-02,2.56324865e-03
0.294000,1.17906953e-01,1.10406953e-01,7.360464,-4.59077959e-02,2.59656439e-03
0.295000,1.17860989e-01,1.10360989e-01,7.357399,-4.59644472e-02,2.59847480e-03
0.296000,1.17814979e-01,1.10314979e-01,7.354332,-4.60098193e-02,2.62898415e-03
0.297000,1.17768930e-01,1.10268930e-01,7.351262,-4.60491687e-02,2.60563165e-03
0.298000,1.17722847e-01,1.10222847e-01,7.348190,-4.60826281e-02,2.60987487e-03
0.299000,1.17676724e-01,1.10176724e-01,7.345115,-4.61230064e-02,2.55963973e-03
0.300000,1.17630553e-01,1.10130553e-01,7.342037,-4.61708747e-02,2.59213967e-03
0.301000,1.17584324e-01,1.10084324e-01,7.338955,-4.62294937e-02,2.61442955e-03
0.302000,1.17538050e-01,1.10038050e-01,7.335870,-4.62734975e-02,2.62752546e-03
0.303000,1.17491742e-01,1.09991742e-01,7.332783,-4.63078652e-02,2.60318241e-03
0.304000,1.17445400e-01,1.09945400e-01,7.329693,-4.63422367e-02,2.60918960e-03
0.305000,1.17399017e-01,1.09899017e-01,7.326601,-4.63835405e-02,2.56105170e-03
0.306000,1.17352585e-01,1.09852585e-01,7.323506,-4.64313842e-02,2.60812226e-03
0.307000,1.17306099e-01,1.09806099e-01,7.320407,-4.64867131e-02,2.60081563e-03
0.308000,1.17259571e-01,1.09759571e-01,7.317305,-4.65278755e-02,2.63527948e-03
0.309000,1.17213005e-01,1.09713005e-01,7.314200,-4.65653429e-02,2.60841030e-03
0.310000,1.17166409e-01,1.09666409e-01,7.311094,-4.65962435e-02,2.61467164e-03
0.311000,1.17119774e-01,1.09619774e-01,7.307985,-4.66348610e-02,2.56839729e-03
0.312000,1.17073095e-01,1.09573095e-01,7.304873,-4.66796052e-02,2.59472146e-03
0.313000,1.17026360e-01,1.09526360e-01,7.301757,-4.67348916e-02,2.61822591e-03
0.314000,1.16979582e-01,1.09479582e-01,7.298639,-4.67773762e-02,2.63102062e-03
0.315000,1.16932772e-01,1.09432772e-01,7.295518,-4.68098789e-02,2.61344728e-03
0.316000,1.16885931e-01,1.09385931e-01,7.292395,-4.68412874e-02,2.60333466e-03
0.317000,1.16839051e-01,1.09339051e-01,7.289270,-4.68802555e-02,2.57540248e-03
0.318000,1.16792123e-01,1.09292123e-01,7.286142,-4.69274842e-02,2.60546401e-03
0.319000,1.16745145e-01,1.09245145e-01,7.283010,-4.69785702e-02,2.60899073e-03
0.320000,1.16698126e-01,1.09198126e-01,7.279875,-4.70191599e-02,2.64355284e-03
0.321000,1.16651073e-01,1.09151073e-01,7.276738,-4.70524795e-02,2.61739491e-03
0.322000,1.16603994e-01,1.09103994e-01,7.273600,-4.70790741e-02,2.60360451e-03
0.323000,1.16556877e-01,1.09056877e-01,7.270458,-4.71166980e-02,2.57439975e-03
0.324000,1.16509713e-01,1.09009713e-01,7.267314,-4.71640154e-02,2.61007920e-03
0.325000,1.16462499e-01,1.08962499e-01,7.264167,-4.72146146e-02,2.61671385e-03
0.326000,1.16415247e-01,1.08915247e-01,7.261016,-4.72523229e-02,2.64819542e-03
0.327000,1.16367964e-01,1.08867964e-01,7.257864,-4.72822850e-02,2.61213930e-03
0.328000,1.16320656e-01,1.08820656e-01,7.254710,-4.73082843e-02,2.60012004e-03
0.329000,1.16273308e-01,1.08773308e-01,7.251554,-4.73482504e-02,2.58293705e-03
0.330000,1.16225912e-01,1.08725912e-01,7.248394,-4.73952025e-02,2.60415409e-03
0.331000,1.16178468e-01,1.08678468e-01,7.245231,-4.74440457e-02,2.62157509e-03
0.332000,1.16130986e-01,1.08630986e-01,7.242066,-4.74828402e-02,2.64398404e-03
0.333000,1.16083474e-01,1.08583474e-01,7.238898,-4.75119506e-02,2.63173735e-03
0.334000,1.16035938e-01,1.08535938e-01,7.235729,-4.75358673e-02,2.59205228e-03
0.335000,1.15988367e-01,1.08488367e-01,7.232558,-4.75708238e-02,2.58203207e-03
0.336000,1.15940746e-01,1.08440746e-01,7.229383,-4.76205855e-02,2.61663851e-03
0.337000,1.15893079e-01,1.08393079e-01,7.226205,-4.76675182e-02,2.63431555e-03
0.338000,1.15845379e-01,1.08345379e-01,7.223025,-4.76999596e-02,2.63199280e-03
0.339000,1.15797652e-01,1.08297652e-01,7.219843,-4.77270063e-02,2.63020856e-03
0.340000,1.15749897e-01,1.08249897e-01,7.216660,-4.77551315e-02,2.58229076e-03
0.341000,1.15702104e-01,1.08202104e-01,7.213474,-4.77923163e-02,2.60536493e-03
0.342000,1.15654263e-01,1.08154263e-01,7.210284,-4.78411576e-02,2.61050752e-03
0.343000,1.15606382e-01,1.08106382e-01,7.207092,-4.78815116e-02,2.63222419e-03
0.344000,1.15558465e-01,1.08058465e-01,7.203898,-4.79163364e-02,2.64072455e-03
0.345000,1.15510523e-01,1.08010523e-01,7.200702,-4.79425259e-02,2.63684966e-03
0.346000,1.15462556e-01,1.07962556e-01,7.197504,-4.79666090e-02,2.57422198e-03
0.347000,1.15414553e-01,1.07914553e-01,7.194304,-4.80030396e-02,2.59451335e-03
0.348000,1.15366497e-01,1.07866497e-01,7.191100,-4.80564499e-02,2.63068410e-03
0.349000,1.15318400e-01,1.07818400e-01,7.187893,-4.80967997e-02,2.64277155e-03
0.350000,1.15270277e-01,1.07770277e-01,7.184685,-4.81231330e-02,2.62975105e-03
0.351000,1.15222129e-01,1.07722129e-01,7.181475,-4.81477991e-02,2.61911409e-03
0.352000,1.15173950e-01,1.07673950e-01,7.178263,-4.81786224e-02,2.57977715e-03
0.353000,1.15125731e-01,1.07625731e-01,7.175049,-4.82198953e-02,2.61821056e-03
0.354000,1.15077463e-01,1.07577463e-01,7.171831,-4.82672905e-02,2.62051483e-03
0.355000,1.15029162e-01,1.07529162e-01,7.168611,-4.83016562e-02,2.65946237e-03
0.356000,1.14980833e-01,1.07480833e-01,7.165389,-4.83283776e-02,2.62842550e-03
0.357000,1.14932485e-01,1.07432485e-01,7.162166,-4.83477967e-02,2.61154187e-03
0.358000,1.14884105e-01,1.07384105e-01,7.158940,-4.83803943e-02,2.58226887e-03
0.359000,1.14835681e-01,1.07335681e-01,7.155712,-4.84237134e-02,2.62544907e-03
0.360000,1.14787212e-01,1.07287212e-01,7.152481,-4.84690103e-02,2.63229429e-03
0.361000,1.14738713e-01,1.07238713e-01,7.149248,-4.84989156e-02,2.65061073e-03
0.362000,1.14690190e-01,1.07190190e-01,7.146013,-4.85233339e-02,2.63500495e-03
0.363000,1.14641646e-01,1.07141646e-01,7.142776,-4.85444964e-02,2.59807670e-03
0.364000,1.14593068e-01,1.07093068e-01,7.139538,-4.85773144e-02,2.59960226e-03
0.365000,1.14544446e-01,1.07044446e-01,7.136296,-4.86219905e-02,2.62424617e-03
0.366000,1.14495784e-01,1.06995784e-01,7.133052,-4.86618075e-02,2.63554726e-03
0.367000,1.14447093e-01,1.06947093e-01,7.129806,-4.86915327e-02,2.65109037e-03
0.368000,1.14398378e-01,1.06898378e-01,7.126559,-4.87147977e-02,2.64252181e-03
0.369000,1.14349644e-01,1.06849644e-01,7.123310,-4.87344735e-02,2.57416384e-03
0.370000,1.14300875e-01,1.06800875e-01,7.120058,-4.87690516e-02,2.60838426e-03
0.371000,1.14252055e-01,1.06752055e-01,7.116804,-4.88200280e-02,2.64005143e-03
0.372000,1.14203200e-01,1.06703200e-01,7.113547,-4.88541659e-02,2.65216811e-03
0.373000,1.14154325e-01,1.06654325e-01,7.110288,-4.88757611e-02,2.63088776e-03
0.374000,1.14105428e-01,1.06605428e-01,7.107029,-4.88971403e-02,2.62000639e-03
0.375000,1.14056500e-01,1.06556500e-01,7.103767,-4.89274325e-02,2.59005210e-03
0.376000,1.14007533e-01,1.06507533e-01,7.100502,-4.89665953e-02,2.62946654e-03
0.377000,1.13958525e-01,1.06458525e-01,7.097235,-4.90086256e-02,2.62755384e-03
0.378000,1.13909487e-01,1.06409487e-01,7.093966,-4.90380498e-02,2.66156004e-03
0.379000,1.13860425e-01,1.06360425e-01,7.090695,-4.90620886e-02,2.64297583e-03
0.380000,1.13811346e-01,1.06311346e-01,7.087423,-4.90782457e-02,2.60890648e-03
0.381000,1.13762240e-01,1.06262240e-01,7.084149,-4.91065308e-02,2.58862982e-03
0.382000,1.13713090e-01,1.06213090e-01,7.080873,-4.91495906e-02,2.63896071e-03
0.383000,1.13663900e-01,1.06163900e-01,7.077593,-4.91904090e-02,2.64275373e-03
0.384000,1.13614686e-01,1.06114686e-01,7.074312,-4.92140273e-02,2.65438796e-03
0.385000,1.13565452e-01,1.06065452e-01,7.071030,-4.92343425e-02,2.63887408e-03
0.386000,1.13516198e-01,1.06016198e-01,7.067747,-4.92535803e-02,2.57981376e-03
0.387000,1.13466910e-01,1.05966910e-01,7.064461,-4.92883573e-02,2.62594059e-03
0.388000,1.13417575e-01,1.05917575e-01,7.061172,-4.93343735e-02,2.62783490e-03
0.389000,1.13368210e-01,1.05868210e-01,7.057881,-4.93649061e-02,2.66232143e-03
0.390000,1.13318822e-01,1.05818822e-01,7.054588,-4.93887179e-02,2.64340793e-03
0.391000,1.13269417e-01,1.05769417e-01,7.051294,-4.94045485e-02,2.62505402e-03
0.392000,1.13219987e-01,1.05719987e-01,7.047999,-4.94298362e-02,2.59083772e-03
0.393000,1.13170520e-01,1.05670520e-01,7.044701,-4.94672024e-02,2.63129524e-03
0.394000,1.13121011e-01,1.05621011e-01,7.041401,-4.95086513e-02,2.63990954e-03
0.395000,1.13071476e-01,1.05571476e-01,7.038098,-4.95352900e-02,2.66246249e-03
0.396000,1.13021921e-01,1.05521921e-01,7.034795,-4.95551114e-02,2.64875484e-03
0.397000,1.12972351e-01,1.05472351e-01,7.031490,-4.95699501e-02,2.59868160e-03
0.398000,1.12922753e-01,1.05422753e-01,7.028184,-4.95981455e-02,2.61575296e-03
0.399000,1.12873113e-01,1.05373113e-01,7.024874,-4.96397669e-02,2.62877816e-03
0.400000,1.12823440e-01,1.05323440e-01,7.021563,-4.96734783e-02,2.64892929e-03
0.401000,1.12773740e-01,1.05273740e-01,7.018249,-4.96993486e-02,2.66013411e-03
0.402000,1.12724024e-01,1.05224024e-01,7.014935,-4.97166196e-02,2.64613273e-03
0.403000,1.12674291e-01,1.05174291e-01,7.011619,-4.97326867e-02,2.58429961e-03
0.404000,1.12624527e-01,1.05124527e-01,7.008302,-4.97642865e-02,2.62174100e-03
0.405000,1.12574717e-01,1.05074717e-01,7.004981,-4.98095722e-02,2.64848156e-03
0.406000,1.12524879e-01,1.05024879e-01,7.001659,-4.98378328e-02,2.67284957e-03
0.407000,1.12475026e-01,1.04975026e-01,6.998335,-4.98530021e-02,2.63728160e-03
0.408000,1.12425160e-01,1.04925160e-01,6.995011,-4.98664585e-02,2.61900207e-03
0.409000,1.12375265e-01,1.04875265e-01,6.991684,-4.98948284e-02,2.60657952e-03
0.410000,1.12325334e-01,1.04825334e-01,6.988356,-4.99313984e-02,2.62959613e-03
0.411000,1.12275366e-01,1.04775366e-01,6.985024,-4.99679780e-02,2.65147371e-03
0.412000,1.12225373e-01,1.04725373e-01,6.981692,-4.99931297e-02,2.66819922e-03
0.413000,1.12175364e-01,1.04675364e-01,6.978358,-5.00081388e-02,2.65092000e-03
0.414000,1.12125344e-01,1.04625344e-01,6.975023,-5.00207106e-02,2.58586297e-03
0.415000,1.12075293e-01,1.04575293e-01,6.971686,-5.00504617e-02,2.62139962e-03
0.416000,1.12025198e-01,1.04525198e-01,6.968347,-5.00952943e-02,2.65114154e-03
0.417000,1.11975075e-01,1.04475075e-01,6.965005,-5.01231966e-02,2.66762626e-03
0.418000,1.11924936e-01,1.04424936e-01,6.961662,-5.01384161e-02,2.64590519e-03
0.419000,1.11874784e-01,1.04374784e-01,6.958319,-5.01520629e-02,2.62474414e-03
0.420000,1.11824608e-01,1.04324608e-01,6.954974,-5.01765853e-02,2.60216731e-03
0.421000,1.11774396e-01,1.04274396e-01,6.951626,-5.02120498e-02,2.63524419e-03
0.422000,1.11724147e-01,1.04224147e-01,6.948276,-5.02490796e-02,2.65206842e-03
0.423000,1.11673874e-01,1.04173874e-01,6.944925,-5.02722712e-02,2.66899937e-03
0.424000,1.11623587e-01,1.04123587e-01,6.941572,-5.02869435e-02,2.65629434e-03
0.425000,1.11573289e-01,1.04073289e-01,6.938219,-5.02983021e-02,2.59327030e-03
0.426000,1.11522964e-01,1.04022964e-01,6.934864,-5.03249783e-02,2.61319732e-03
0.427000,1.11472595e-01,1.03972595e-01,6.931506,-5.03688288e-02,2.65876881e-03
0.428000,1.11422197e-01,1.03922197e-01,6.928146,-5.03980760e-02,2.66462162e-03
0.429000,1.11371786e-01,1.03871786e-01,6.924786,-5.04113219e-02,2.65263017e-03
0.430000,1.11321361e-01,1.03821361e-01,6.921424,-5.04247663e-02,2.62908014e-03
0.431000,1.11270915e-01,1.03770915e-01,6.918061,-5.04463133e-02,2.60252927e-03
0.432000,1.11220434e-01,1.03720434e-01,6.914696,-5.04802898e-02,2.63868340e-03
0.433000,1.11169918e-01,1.03669918e-01,6.911328,-5.05165925e-02,2.65159692e-03
0.434000,1.11119379e-01,1.03619379e-01,6.907959,-5.05387380e-02,2.67163390e-03
0.435000,1.11068826e-01,1.03568826e-01,6.904588,-5.05530992e-02,2.66028699e-03
0.436000,1.11018263e-01,1.03518263e-01,6.901218,-5.05628866e-02,2.59768731e-03
0.437000,1.10967676e-01,1.03467676e-01,6.897845,-5.05874705e-02,2.61565958e-03
0.438000,1.10917046e-01,1.03417046e-01,6.894470,-5.06294349e-02,2.65795703e-03
0.439000,1.10866388e-01,1.03366388e-01,6.891093,-5.06580171e-02,2.66715193e-03
0.440000,1.10815717e-01,1.03315717e-01,6.887714,-5.06710821e-02,2.65541356e-03
0.441000,1.10765034e-01,1.03265034e-01,6.884336,-5.06832032e-02,2.63256432e-03
0.442000,1.10714331e-01,1.03214331e-01,6.880955,-5.07032200e-02,2.60333692e-03
0.443000,1.10663595e-01,1.03163595e-01,6.877573,-5.07359094e-02,2.64082918e-03
0.444000,1.10612823e-01,1.03112823e-01,6.874188,-5.07715674e-02,2.65411592e-03
0.445000,1.10562031e-01,1.03062031e-01,6.870802,-5.07925628e-02,2.67442074e-03
0.446000,1.10511225e-01,1.03011225e-01,6.867415,-5.08056039e-02,2.66207808e-03
0.447000,1.10460411e-01,1.02960411e-01,6.864027,-5.08141593e-02,2.59566221e-03
0.448000,1.10409572e-01,1.02909572e-01,6.860638,-5.08385131e-02,2.61879891e-03
0.449000,1.10358692e-01,1.02858692e-01,6.857246,-5.08805874e-02,2.66361084e-03
0.450000,1.10307785e-01,1.02807785e-01,6.853852,-5.09071388e-02,2.67231385e-03
0.451000,1.10256867e-01,1.02756867e-01,6.850458,-5.09174342e-02,2.65463997e-03
0.452000,1.10205939e-01,1.02705939e-01,6.847063,-5.09279969e-02,2.63126865e-03
0.453000,1.10154991e-01,1.02654991e-01,6.843666,-5.09484968e-02,2.60853639e-03
0.454000,1.10104010e-01,1.02604010e-01,6.840267,-5.09806923e-02,2.63991363e-03
0.455000,1.10052995e-01,1.02552995e-01,6.836866,-5.10148046e-02,2.65788922e-03
0.456000,1.10001960e-01,1.02501960e-01,6.833464,-5.10354334e-02,2.68011383e-03
0.457000,1.09950914e-01,1.02450914e-01,6.830061,-5.10462285e-02,2.65716999e-03
0.458000,1.09899860e-01,1.02399860e-01,6.826657,-5.10537822e-02,2.59430175e-03
0.459000,1.09848780e-01,1.02348780e-01,6.823252,-5.10799884e-02,2.62722509e-03
0.460000,1.09797659e-01,1.02297659e-01,6.819844,-5.11210194e-02,2.66752698e-03
0.461000,1.09746515e-01,1.02246515e-01,6.816434,-5.11441110e-02,2.67561384e-03
0.462000,1.09695362e-01,1.02195362e-01,6.813024,-5.11525368e-02,2.64961430e-03
0.463000,1.09644199e-01,1.02144199e-01,6.809613,-5.11629044e-02,2.62630590e-03
0.464000,1.09593013e-01,1.02093013e-01,6.806201,-5.11859325e-02,2.62364804e-03
0.465000,1.09541796e-01,1.02041796e-01,6.802786,-5.12170854e-02,2.64755822e-03
0.466000,1.09490551e-01,1.01990551e-01,6.799370,-5.12448830e-02,2.65451425e-03
0.467000,1.09439288e-01,1.01939288e-01,6.795953,-5.12635980e-02,2.67581616e-03
0.468000,1.09388011e-01,1.01888011e-01,6.792534,-5.12762615e-02,2.65654516e-03
0.469000,1.09336726e-01,1.01836726e-01,6.789115,-5.12853371e-02,2.59855202e-03
0.470000,1.09285415e-01,1.01785415e-01,6.785694,-5.13109969e-02,2.64052956e-03
0.471000,1.09234067e-01,1.01734067e-01,6.782271,-5.13482794e-02,2.65862206e-03
0.472000,1.09182698e-01,1.01682698e-01,6.778847,-5.13685763e-02,2.67725423e-03
0.473000,1.09131319e-01,1.01631319e-01,6.775421,-5.13796364e-02,2.66611527e-03
0.474000,1.09079932e-01,1.01579932e-01,6.771995,-5.13865473e-02,2.61216460e-03
0.475000,1.09028525e-01,1.01528525e-01,6.768568,-5.14066570e-02,2.62763291e-03
0.476000,1.08977084e-01,1.01477084e-01,6.765139,-5.14417495e-02,2.64361709e-03
0.477000,1.08925615e-01,1.01425615e-01,6.761708,-5.14689353e-02,2.68359144e-03
0.478000,1.08874131e-01,1.01374131e-01,6.758275,-5.14838027e-02,2.66286904e-03
0.479000,1.08822642e-01,1.01322642e-01,6.754843,-5.14892064e-02,2.64669200e-03
0.480000,1.08771137e-01,1.01271137e-01,6.751409,-5.15042764e-02,2.59832001e-03
0.481000,1.08719604e-01,1.01219604e-01,6.747974,-5.15332132e-02,2.65521986e-03
0.482000,1.08668036e-01,1.01168036e-01,6.744536,-5.15679740e-02,2.66181478e-03
0.483000,1.08616453e-01,1.01116453e-01,6.741097,-5.15828818e-02,2.68131338e-03
0.484000,1.08564861e-01,1.01064861e-01,6.737657,-5.15921756e-02,2.65955332e-03
0.485000,1.08513262e-01,1.01013262e-01,6.734217,-5.15989138e-02,2.60141305e-03
0.486000,1.08461639e-01,1.00961639e-01,6.730776,-5.16230798e-02,2.64083786e-03
0.487000,1.08409980e-01,1.00909980e-01,6.727332,-5.16593681e-02,2.65427742e-03
0.488000,1.08358300e-01,1.00858300e-01,6.723887,-5.16803321e-02,2.68679119e-03
0.489000,1.08306608e-01,1.00806608e-01,6.720441,-5.16911326e-02,2.65712654e-03
0.490000,1.08254912e-01,1.00754912e-01,6.716994,-5.16965009e-02,2.63867781e-03
0.491000,1.08203197e-01,1.00703197e-01,6.713546,-5.17148741e-02,2.60545600e-03
0.492000,1.08151452e-01,1.00651452e-01,6.710097,-5.17451809e-02,2.66835601e-03
0.493000,1.08099677e-01,1.00599677e-01,6.706645,-5.17752752e-02,2.65752737e-03
0.494000,1.08047890e-01,1.00547890e-01,6.703193,-5.17866271e-02,2.68433202e-03
0.495000,1.07996093e-01,1.00496093e-01,6.699740,-5.17967951e-02,2.64212317e-03
0.496000,1.07944288e-01,1.00444288e-01,6.696286,-5.18056243e-02,2.60946784e-03
0.497000,1.07892453e-01,1.00392453e-01,6.692830,-5.18340902e-02,2.64534995e-03
0.498000,1.07840586e-01,1.00340586e-01,6.689372,-5.18669353e-02,2.65680252e-03
0.499000,1.07788701e-01,1.00288701e-01,6.685913,-5.18859709e-02,2.69285244e-03
0.500000,1.07736806e-01,1.00236806e-01,6.682454,-5.18948702e-02,2.66724551e-03
0.501000,1.07684909e-01,1.00184909e-01,6.678994,-5.18964586e-02,2.61451482e-03
0.502000,1.07632993e-01,1.00132993e-01,6.675533,-5.19157814e-02,2.61862572e-03
0.503000,1.07581042e-01,1.00081042e-01,6.672069,-5.19516949e-02,2.67326836e-03
0.504000,1.07529065e-01,1.00029065e-01,6.668604,-5.19765953e-02,2.68269895e-03
0.505000,1.07477083e-01,9.99770830e-02,6.665139,-5.19818826e-02,2.66140591e-03
0.506000,1.07425095e-01,9.99250950e-02,6.661673,-5.19878381e-02,2.63741054e-03
0.507000,1.07373090e-01,9.98730900e-02,6.658206,-5.20050300e-02,2.62261452e-03
0.508000,1.07321058e-01,9.98210580e-02,6.654737,-5.20327187e-02,2.65219135e-03
0.509000,1.07268998e-01,9.97689980e-02,6.651267,-5.20600364e-02,2.66600242e-03
0.510000,1.07216922e-01,9.97169220e-02,6.647795,-5.20751983e-02,2.68318210e-03
0.511000,1.07164840e-01,9.96648400e-02,6.644323,-5.20827864e-02,2.66134129e-03
0.512000,1.07112751e-01,9.96127510e-02,6.640850,-5.20885947e-02,2.60412484e-03
0.513000,1.07060639e-01,9.95606390e-02,6.637376,-5.21116939e-02,2.64671120e-03
0.514000,1.07008493e-01,9.95084930e-02,6.633900,-5.21460530e-02,2.66610619e-03
0.515000,1.06956330e-01,9.94563300e-02,6.630422,-5.21629963e-02,2.68494801e-03
0.516000,1.06904160e-01,9.94041600e-02,6.626944,-5.21702380e-02,2.67002239e-03
0.517000,1.06851986e-01,9.93519860e-02,6.623466,-5.21739312e-02,2.61438244e-03
0.518000,1.06799794e-01,9.92997940e-02,6.619986,-5.21923655e-02,2.63880657e-03
0.519000,1.06747569e-01,9.92475690e-02,6.616505,-5.22247537e-02,2.65113880e-03
0.520000,1.06695322e-01,9.91953220e-02,6.613021,-5.22469398e-02,2.69681282e-03
0.521000,1.06643065e-01,9.91430650e-02,6.609538,-5.22569988e-02,2.66338203e-03
0.522000,1.06590807e-01,9.90908070e-02,6.606054,-5.22579697e-02,2.64811033e-03
0.523000,1.06538534e-01,9.90385340e-02,6.602569,-5.22726204e-02,2.60964234e-03
0.524000,1.06486235e-01,9.89862350e-02,6.599082,-5.22990892e-02,2.66706831e-03
0.525000,1.06433907e-01,9.89339070e-02,6.595594,-5.23280363e-02,2.66596401e-03
0.526000,1.06381569e-01,9.88815690e-02,6.592105,-5.23383192e-02,2.68797146e-03
0.527000,1.06329224e-01,9.88292240e-02,6.588615,-5.23450729e-02,2.64684661e-03
0.528000,1.06276872e-01,9.87768720e-02,6.585125,-5.23518716e-02,2.61475100e-03
0.529000,1.06224494e-01,9.87244940e-02,6.581633,-5.23778520e-02,2.64665562e-03
0.530000,1.06172085e-01,9.86720850e-02,6.578139,-5.24087311e-02,2.66471972e-03
0.531000,1.06119660e-01,9.86196600e-02,6.574644,-5.24259378e-02,2.69450657e-03
0.532000,1.06067228e-01,9.85672280e-02,6.571149,-5.24319445e-02,2.67488929e-03
0.533000,1.06014796e-01,9.85147960e-02,6.567653,-5.24316379e-02,2.60639095e-03
0.534000,1.05962346e-01,9.84623460e-02,6.564156,-5.24498870e-02,2.63595940e-03
0.535000,1.05909861e-01,9.84098610e-02,6.560657,-5.24854032e-02,2.67581874e-03
0.536000,1.05857357e-01,9.83573570e-02,6.557157,-5.25041600e-02,2.68743597e-03
0.537000,1.05804849e-01,9.83048490e-02,6.553657,-5.25077720e-02,2.66213626e-03
0.538000,1.05752337e-01,9.82523370e-02,6.550156,-5.25120427e-02,2.63594594e-03
0.539000,1.05699807e-01,9.81998070e-02,6.546654,-5.25292536e-02,2.63225269e-03
0.540000,1.05647252e-01,9.81472520e-02,6.543150,-5.25557190e-02,2.65579826e-03
0.541000,1.05594673e-01,9.80946730e-02,6.539645,-5.25792335e-02,2.68671223e-03
0.542000,1.05542083e-01,9.80420830e-02,6.536139,-5.25895485e-02,2.67448187e-03
0.543000,1.05489491e-01,9.79894910e-02,6.532633,-5.25918737e-02,2.65289456e-03
0.544000,1.05436889e-01,9.79368890e-02,6.529126,-5.26020330e-02,2.61024981e-03
0.545000,1.05384262e-01,9.78842620e-02,6.525617,-5.26268232e-02,2.66263707e-03
0.546000,1.05331606e-01,9.78316060e-02,6.522107,-5.26563544e-02,2.66951719e-03
0.547000,1.05278938e-01,9.77789380e-02,6.518596,-5.26674642e-02,2.69179074e-03
0.548000,1.05226266e-01,9.77262660e-02,6.515084,-5.26723756e-02,2.66319322e-03
0.549000,1.05173591e-01,9.76735910e-02,6.511573,-5.26750293e-02,2.61202312e-03
0.550000,1.05120895e-01,9.76208950e-02,6.508060,-5.26961236e-02,2.64512579e-03
0.551000,1.05068167e-01,9.75681670e-02,6.504544,-5.27281691e-02,2.67078450e-03
0.552000,1.05015422e-01,9.75154220e-02,6.501028,-5.27448057e-02,2.69065757e-03
0.553000,1.04962672e-01,9.74626720e-02,6.497511,-5.27495014e-02,2.68174592e-03
0.554000,1.04909923e-01,9.74099230e-02,6.493995,-5.27492463e-02,2.62115110e-03
0.555000,1.04857161e-01,9.73571610e-02,6.490477,-5.27626335e-02,2.62840439e-03
0.556000,1.04804366e-01,9.73043660e-02,6.486958,-5.27946382e-02,2.67440951e-03
0.557000,1.04751550e-01,9.72515500e-02,6.483437,-5.28161254e-02,2.68978993e-03
0.558000,1.04698730e-01,9.71987300e-02,6.479915,-5.28197839e-02,2.67038445e-03
0.559000,1.04645908e-01,9.71459080e-02,6.476394,-5.28218229e-02,2.64381985e-03
0.560000,1.04593073e-01,9.70930730e-02,6.472872,-5.28349326e-02,2.63071297e-03
0.561000,1.04540214e-01,9.70402140e-02,6.469348,-5.28590844e-02,2.65768200e-03
0.562000,1.04487331e-01,9.69873310e-02,6.465822,-5.28827714e-02,2.67395350e-03
0.563000,1.04434437e-01,9.69344370e-02,6.462296,-5.28947240e-02,2.68854948e-03
0.564000,1.04381538e-01,9.68815380e-02,6.458769,-5.28987517e-02,2.66190578e-03
0.565000,1.04328635e-01,9.68286350e-02,6.455242,-5.29026975e-02,2.61059284e-03
0.566000,1.04275711e-01,9.67757110e-02,6.451714,-5.29244675e-02,2.66019091e-03
0.567000,1.04222756e-01,9.67227560e-02,6.448184,-5.29543187e-02,2.67181487e-03
0.568000,1.04169791e-01,9.66697910e-02,6.444653,-5.29658255e-02,2.69439848e-03
0.569000,1.04116821e-01,9.66168210e-02,6.441121,-5.29695212e-02,2.67031786e-03
0.570000,1.04063851e-01,9.65638510e-02,6.437590,-5.29700585e-02,2.61313971e-03
0.571000,1.04010862e-01,9.65108620e-02,6.434057,-5.29886155e-02,2.64436251e-03
0.572000,1.03957842e-01,9.64578420e-02,6.430523,-5.30204293e-02,2.67242523e-03
0.573000,1.03904805e-01,9.64048050e-02,6.426987,-5.30370265e-02,2.69471226e-03
0.574000,1.03851764e-01,9.63517640e-02,6.423451,-5.30404662e-02,2.68289675e-03
0.575000,1.03798726e-01,9.62987260e-02,6.419915,-5.30386760e-02,2.62449930e-03
0.576000,1.03745675e-01,9.62456750e-02,6.416378,-5.30510931e-02,2.63072172e-03
0.577000,1.03692593e-01,9.61925930e-02,6.412840,-5.30815885e-02,2.67611275e-03
0.578000,1.03639491e-01,9.61394910e-02,6.409299,-5.31020134e-02,2.69385721e-03
0.579000,1.03586387e-01,9.60863870e-02,6.405759,-5.31043933e-02,2.66911088e-03
0.580000,1.03533281e-01,9.60332810e-02,6.402219,-5.31053218e-02,2.64805342e-03
0.581000,1.03480163e-01,9.59801630e-02,6.398678,-5.31181011e-02,2.63131259e-03
0.582000,1.03427023e-01,9.59270230e-02,6.395135,-5.31407565e-02,2.65675208e-03
0.583000,1.03373858e-01,9.58738580e-02,6.391591,-5.31644111e-02,2.68652899e-03
0.584000,1.03320684e-01,9.58206840e-02,6.388046,-5.31744452e-02,2.68609670e-03
0.585000,1.03267509e-01,9.57675090e-02,6.384501,-5.31747766e-02,2.66092352e-03
0.586000,1.03214329e-01,9.57143290e-02,6.380955,-5.31797016e-02,2.61131036e-03
0.587000,1.03161128e-01,9.56611280e-02,6.377409,-5.32016674e-02,2.66511749e-03
0.588000,1.03107897e-01,9.56078970e-02,6.373860,-5.32304117e-02,2.67512304e-03
0.589000,1.03054657e-01,9.55546570e-02,6.370310,-5.32397156e-02,2.69916159e-03
0.590000,1.03001416e-01,9.55014160e-02,6.366761,-5.32414825e-02,2.66441938e-03
0.591000,1.02948174e-01,9.54481740e-02,6.363212,-5.32414986e-02,2.61640679e-03
0.592000,1.02894913e-01,9.53949130e-02,6.359661,-5.32614150e-02,2.65289372e-03
0.593000,1.02841622e-01,9.53416220e-02,6.356108,-5.32906472e-02,2.67250730e-03
0.594000,1.02788318e-01,9.52883180e-02,6.352555,-5.33044281e-02,2.70109116e-03
0.595000,1.02735011e-01,9.52350110e-02,6.349001,-5.33067128e-02,2.68293516e-03
0.596000,1.02681708e-01,9.51817080e-02,6.345447,-5.33028209e-02,2.61464728e-03
0.597000,1.02628391e-01,9.51283910e-02,6.341893,-5.33169676e-02,2.64139952e-03
0.598000,1.02575043e-01,9.50750430e-02,6.338336,-5.33488103e-02,2.68438439e-03
0.599000,1.02521678e-01,9.50216780e-02,6.334779,-5.33642657e-02,2.69081020e-03
0.600000,1.02468314e-01,9.49683140e-02,6.331221,-5.33644679e-02,2.67874354e-03
0.601000,1.02414949e-01,9.49149490e-02,6.327663,-5.33646937e-02,2.63866429e-03
0.602000,1.02361573e-01,9.48615730e-02,6.324105,-5.33759698e-02,2.63505849e-03
0.603000,1.02308172e-01,9.48081720e-02,6.320545,-5.34010463e-02,2.66201999e-03
0.604000,1.02254750e-01,9.47547500e-02,6.316983,-5.34225391e-02,2.69887203e-03
0.605000,1.02201321e-01,9.47013210e-02,6.313421,-5.34286605e-02,2.68908041e-03
0.606000,1.02147897e-01,9.46478970e-02,6.309860,-5.34244106e-02,2.65392291e-03
0.607000,1.02094467e-01,9.45944670e-02,6.306298,-5.34295937e-02,2.61171786e-03
0.608000,1.02041013e-01,9.45410130e-02,6.302734,-5.34537865e-02,2.67772337e-03
0.609000,1.01987533e-01,9.44875330e-02,6.299169,-5.34801678e-02,2.67900508e-03
0.610000,1.01934048e-01,9.44340480e-02,6.295603,-5.34846452e-02,2.69378683e-03
0.611000,1.01880562e-01,9.43805620e-02,6.292037,-5.34860876e-02,2.65596881e-03
0.612000,1.01827073e-01,9.43270730e-02,6.288472,-5.34893633e-02,2.62411806e-03
0.613000,1.01773562e-01,9.42735620e-02,6.284904,-5.35106913e-02,2.65576911e-03
0.614000,1.01720025e-01,9.42200250e-02,6.281335,-5.35368825e-02,2.67760428e-03
0.615000,1.01666477e-01,9.41664770e-02,6.277765,-5.35488178e-02,2.70262934e-03
0.616000,1.01612927e-01,9.41129270e-02,6.274195,-5.35491566e-02,2.67569766e-03
0.617000,1.01559381e-01,9.40593810e-02,6.270625,-5.35460394e-02,2.61159357e-03
0.618000,1.01505818e-01,9.40058180e-02,6.267055,-5.35631030e-02,2.65576692e-03
0.619000,1.01452225e-01,9.39522250e-02,6.263482,-5.35934078e-02,2.67995346e-03
0.620000,1.01398620e-01,9.38986200e-02,6.259908,-5.36049283e-02,2.69948701e-03
0.621000,1.01345015e-01,9.38450150e-02,6.256334,-5.36050513e-02,2.68324977e-03
0.622000,1.01291413e-01,9.37914130e-02,6.252761,-5.36016306e-02,2.61688531e-03
0.623000,1.01237798e-01,9.37377980e-02,6.249187,-5.36152782e-02,2.65399478e-03
0.624000,1.01184154e-01,9.36841540e-02,6.245610,-5.36441586e-02,2.66816699e-03
0.625000,1.01130495e-01,9.36304950e-02,6.242033,-5.36583454e-02,2.70185937e-03
0.626000,1.01076833e-01,9.35768330e-02,6.238456,-5.36619197e-02,2.69124071e-03
0.627000,1.01023177e-01,9.35231770e-02,6.234878,-5.36563067e-02,2.63225526e-03
0.628000,1.00969513e-01,9.34695130e-02,6.231301,-5.36646120e-02,2.62766160e-03
0.629000,1.00915819e-01,9.34158190e-02,6.227721,-5.36931014e-02,2.68210407e-03
0.630000,1.00862106e-01,9.33621060e-02,6.224140,-5.37134718e-02,2.69859518e-03
0.631000,1.00808393e-01,9.33083930e-02,6.220560,-5.37130462e-02,2.67750096e-03
0.632000,1.00754682e-01,9.32546820e-02,6.216979,-5.37109350e-02,2.64954705e-03
0.633000,1.00700961e-01,9.32009610e-02,6.213397,-5.37206947e-02,2.63874125e-03
0.634000,1.00647220e-01,9.31472200e-02,6.209815,-5.37415459e-02,2.66118160e-03
0.635000,1.00593458e-01,9.30934580e-02,6.206231,-5.37619774e-02,2.69609257e-03
0.636000,1.00539689e-01,9.30396890e-02,6.202646,-5.37688657e-02,2.69048391e-03
0.637000,1.00485924e-01,9.29859240e-02,6.199062,-5.37652804e-02,2.66070880e-03
0.638000,1.00432155e-01,9.29321550e-02,6.195477,-5.37688026e-02,2.61621551e-03
0.639000,1.00378365e-01,9.28783650e-02,6.191891,-5.37899715e-02,2.67518433e-03
0.640000,1.00324550e-01,9.28245500e-02,6.188303,-5.38153246e-02,2.67989267e-03
0.641000,1.00270729e-01,9.27707290e-02,6.184715,-5.38204789e-02,2.70181060e-03
0.642000,1.00216909e-01,9.27169090e-02,6.181127,-5.38202110e-02,2.65988751e-03
0.643000,1.00163089e-01,9.26630890e-02,6.177539,-5.38201585e-02,2.62451026e-03
0.644000,1.00109249e-01,9.26092490e-02,6.173950,-5.38401303e-02,2.65901623e-03
0.645000,1.00055383e-01,9.25553830e-02,6.170359,-5.38656184e-02,2.67965320e-03
0.646000,1.00001507e-01,9.25015070e-02,6.166767,-5.38761249e-02,2.70558480e-03
0.647000,9.99476316e-02,9.24476316e-02,6.163175,-5.38752682e-02,2.68105622e-03
0.648000,9.98937613e-02,9.23937613e-02,6.159584,-5.38702328e-02,2.61341356e-03
0.649000,9.98398761e-02,9.23398761e-02,6.155992,-5.38852147e-02,2.65544575e-03
0.650000,9.97859611e-02,9.22859611e-02,6.152397,-5.39149786e-02,2.68551195e-03
0.651000,9.97320355e-02,9.22320355e-02,6.148802,-5.39256217e-02,2.70169840e-03
0.652000,9.96781120e-02,9.21781120e-02,6.145207,-5.39235281e-02,2.68504797e-03
0.653000,9.96241929e-02,9.21241929e-02,6.141613,-5.39190632e-02,2.61982816e-03
0.654000,9.95702613e-02,9.20702613e-02,6.138017,-5.39315998e-02,2.65290536e-03
0.655000,9.95163016e-02,9.20163016e-02,6.134420,-5.39597063e-02,2.67308865e-03
0.656000,9.94623282e-02,9.19623282e-02,6.130822,-5.39733806e-02,2.70961938e-03
0.657000,9.94083543e-02,9.19083543e-02,6.127224,-5.39739663e-02,2.68838389e-03
0.658000,9.93543880e-02,9.18543880e-02,6.123626,-5.39663100e-02,2.63245192e-03
0.659000,9.93004125e-02,9.18004125e-02,6.120028,-5.39755188e-02,2.63414649e-03
0.660000,9.92464097e-02,9.17464097e-02,6.116427,-5.40027967e-02,2.68780062e-03
0.661000,9.91923896e-02,9.16923896e-02,6.112826,-5.40200300e-02,2.70129680e-03
0.662000,9.91383724e-02,9.16383724e-02,6.109225,-5.40172559e-02,2.67534553e-03
0.663000,9.90843577e-02,9.15843577e-02,6.105624,-5.40146385e-02,2.64743786e-03
0.664000,9.90303323e-02,9.15303323e-02,6.102022,-5.40254792e-02,2.64102332e-03
0.665000,9.89762856e-02,9.14762856e-02,6.098419,-5.40466194e-02,2.67106883e-03
0.666000,9.89222211e-02,9.14222211e-02,6.094815,-5.40645531e-02,2.69728479e-03
0.667000,9.88681531e-02,9.13681531e-02,6.091210,-5.40679834e-02,2.69784422e-03
0.668000,9.88140904e-02,9.13140904e-02,6.087606,-5.40627050e-02,2.65785971e-03
0.669000,9.87600261e-02,9.12600261e-02,6.084002,-5.40643138e-02,2.61691719e-03
0.670000,9.87059398e-02,9.12059398e-02,6.080396,-5.40862942e-02,2.68319883e-03
0.671000,9.86518298e-02,9.11518298e-02,6.076789,-5.41099997e-02,2.68399607e-03
0.672000,9.85977180e-02,9.10977180e-02,6.073181,-5.41117962e-02,2.70252785e-03
0.673000,9.85436079e-02,9.10436079e-02,6.069574,-5.41100539e-02,2.65651849e-03
0.674000,9.84894976e-02,9.09894976e-02,6.065967,-5.41103616e-02,2.63026381e-03
0.675000,9.84353671e-02,9.09353671e-02,6.062358,-5.41304223e-02,2.66066361e-03
0.676000,9.83812134e-02,9.08812134e-02,6.058748,-5.41537296e-02,2.68656190e-03
0.677000,9.83270509e-02,9.08270509e-02,6.055137,-5.41624734e-02,2.71060888e-03
0.678000,9.82728925e-02,9.07728925e-02,6.051526,-5.41584593e-02,2.66838638e-03
0.679000,9.82187385e-02,9.07187385e-02,6.047916,-5.41540144e-02,2.61967357e-03
0.680000,9.81645664e-02,9.06645664e-02,6.044304,-5.41720503e-02,2.66515747e-03
0.681000,9.81103684e-02,9.06103684e-02,6.040691,-5.41980409e-02,2.68562776e-03
0.682000,9.80561629e-02,9.05561629e-02,6.037078,-5.42054740e-02,2.70578558e-03
0.683000,9.80019603e-02,9.05019603e-02,6.033464,-5.42026197e-02,2.67661055e-03
0.684000,9.79477620e-02,9.04477620e-02,6.029851,-5.41983044e-02,2.61951634e-03
0.685000,9.78935483e-02,9.03935483e-02,6.026237,-5.42136672e-02,2.66130522e-03
0.686000,9.78393079e-02,9.03393079e-02,6.022621,-5.42403907e-02,2.67768599e-03
0.687000,9.77850574e-02,9.02850574e-02,6.019004,-5.42504933e-02,2.71340785e-03
0.688000,9.77308085e-02,9.02308085e-02,6.015387,-5.42488993e-02,2.68875018e-03
0.689000,9.76765686e-02,9.01765686e-02,6.011771,-5.42399340e-02,2.61633081e-03
0.690000,9.76223167e-02,9.01223167e-02,6.008154,-5.42518733e-02,2.65078444e-03
0.691000,9.75680352e-02,9.00680352e-02,6.004536,-5.42815034e-02,2.69186467e-03
0.692000,9.75137427e-02,9.00137427e-02,6.000916,-5.42925539e-02,2.70036975e-03
0.693000,9.74594541e-02,8.99594541e-02,5.997297,-5.42886090e-02,2.69220386e-03
0.694000,9.74051707e-02,8.99051707e-02,5.993678,-5.42833149e-02,2.62258881e-03
0.695000,9.73508777e-02,8.98508777e-02,5.990059,-5.42930133e-02,2.65880852e-03
0.696000,9.72965586e-02,8.97965586e-02,5.986437,-5.43191693e-02,2.67579046e-03
0.697000,9.72422281e-02,8.97422281e-02,5.982815,-5.43304270e-02,2.70775102e-03
0.698000,9.71878977e-02,8.96878977e-02,5.979193,-5.43304558e-02,2.69565267e-03
0.699000,9.71335756e-02,8.96335756e-02,5.975572,-5.43221278e-02,2.63545489e-03
0.700000,9.70792471e-02,8.95792471e-02,5.971950,-5.43284183e-02,2.63309252e-03
0.701000,9.70248922e-02,8.95248922e-02,5.968326,-5.43548964e-02,2.69137927e-03
0.702000,9.69705204e-02,8.94705204e-02,5.964701,-5.43718430e-02,2.70311997e-03
0.703000,9.69161528e-02,8.94161528e-02,5.961077,-5.43675711e-02,2.68024990e-03
0.704000,9.68617893e-02,8.93617893e-02,5.957453,-5.43634878e-02,2.64983083e-03
0.705000,9.68074170e-02,8.93074170e-02,5.953828,-5.43722946e-02,2.64524468e-03
0.706000,9.67530251e-02,8.92530251e-02,5.950202,-5.43919024e-02,2.67019215e-03
0.707000,9.66986165e-02,8.91986165e-02,5.946574,-5.44086048e-02,2.70378337e-03
0.708000,9.66442054e-02,8.91442054e-02,5.942947,-5.44111738e-02,2.69956325e-03
0.709000,9.65898019e-02,8.90898019e-02,5.939320,-5.44034572e-02,2.65751130e-03
0.710000,9.65353973e-02,8.90353973e-02,5.935693,-5.44045630e-02,2.62143139e-03
0.711000,9.64809715e-02,8.89809715e-02,5.932065,-5.44258596e-02,2.68702258e-03
0.712000,9.64265241e-02,8.89265241e-02,5.928435,-5.44474063e-02,2.69400036e-03
0.713000,9.63720779e-02,8.88720779e-02,5.924805,-5.44461780e-02,2.69653424e-03
0.714000,9.63176357e-02,8.88176357e-02,5.921176,-5.44422099e-02,2.66497836e-03
0.715000,9.62631927e-02,8.87631927e-02,5.917546,-5.44429900e-02,2.62893804e-03
0.716000,9.62087322e-02,8.87087322e-02,5.913915,-5.44605069e-02,2.67204831e-03
0.717000,9.61542500e-02,8.86542500e-02,5.910283,-5.44822363e-02,2.68827463e-03
0.718000,9.60997630e-02,8.85997630e-02,5.906651,-5.44869383e-02,2.70540388e-03
0.719000,9.60452797e-02,8.85452797e-02,5.903019,-5.44832822e-02,2.67223373e-03
0.720000,9.59907999e-02,8.84907999e-02,5.899387,-5.44798663e-02,2.61921304e-03
0.721000,9.59363031e-02,8.84363031e-02,5.895754,-5.44967201e-02,2.67231408e-03
0.722000,9.58817815e-02,8.83817815e-02,5.892119,-5.45215964e-02,2.68929618e-03
0.723000,9.58272555e-02,8.83272555e-02,5.888484,-5.45260305e-02,2.71210378e-03
0.724000,9.57727347e-02,8.82727347e-02,5.884849,-5.45208540e-02,2.66595395e-03
0.725000,9.57182183e-02,8.82182183e-02,5.881215,-5.45163483e-02,2.62719123e-03
0.726000,9.56636845e-02,8.81636845e-02,5.877579,-5.45338537e-02,2.66101878e-03
0.727000,9.56091264e-02,8.81091264e-02,5.873942,-5.45581073e-02,2.68968661e-03
0.728000,9.55545602e-02,8.80545602e-02,5.870304,-5.45661818e-02,2.71068671e-03
0.729000,9.54999990e-02,8.79999990e-02,5.866667,-5.45611278e-02,2.68316106e-03
0.730000,9.54454450e-02,8.79454450e-02,5.863030,-5.45540446e-02,2.61773871e-03
0.731000,9.53908774e-02,8.78908774e-02,5.859392,-5.45675704e-02,2.66561405e-03
0.732000,9.53362833e-02,8.78362833e-02,5.855752,-5.45941157e-02,2.68904827e-03
0.733000,9.52816825e-02,8.77816825e-02,5.852112,-5.46007940e-02,2.70817013e-03
0.734000,9.52270861e-02,8.77270861e-02,5.848472,-5.45963946e-02,2.68787958e-03
0.735000,9.51724968e-02,8.76724968e-02,5.844833,-5.45893035e-02,2.62142647e-03
0.736000,9.51178962e-02,8.76178962e-02,5.841193,-5.46006275e-02,2.65733757e-03
0.737000,9.50632688e-02,8.75632688e-02,5.837551,-5.46274253e-02,2.68689127e-03
0.738000,9.50086316e-02,8.75086316e-02,5.833909,-5.46372032e-02,2.71079469e-03
0.739000,9.49539985e-02,8.74539985e-02,5.830267,-5.46330480e-02,2.69469425e-03
0.740000,9.48993746e-02,8.73993746e-02,5.826625,-5.46238899e-02,2.62003574e-03
0.741000,9.48447414e-02,8.73447414e-02,5.822983,-5.46332218e-02,2.65316928e-03
0.742000,9.47900802e-02,8.72900802e-02,5.819339,-5.46612135e-02,2.69511166e-03
0.743000,9.47354093e-02,8.72354093e-02,5.815694,-5.46709066e-02,2.70257729e-03
0.744000,9.46807438e-02,8.71807438e-02,5.812050,-5.46655049e-02,2.69809555e-03
0.745000,9.46260853e-02,8.71260853e-02,5.808406,-5.46584440e-02,2.62172650e-03
0.746000,9.45714190e-02,8.70714190e-02,5.804761,-5.46663599e-02,2.66409029e-03
0.747000,9.45167271e-02,8.70167271e-02,5.801115,-5.46918650e-02,2.67367998e-03
0.748000,9.44620254e-02,8.69620254e-02,5.797468,-5.47017614e-02,2.71777931e-03
0.749000,9.44073246e-02,8.69073246e-02,5.793822,-5.47007099e-02,2.69393551e-03
0.750000,9.43526352e-02,8.68526352e-02,5.790176,-5.46893921e-02,2.63763517e-03
0.751000,9.42979394e-02,8.67979394e-02,5.786529,-5.46958610e-02,2.63945051e-03
0.752000,9.42432189e-02,8.67432189e-02,5.782881,-5.47204987e-02,2.69594128e-03
0.753000,9.41884843e-02,8.66884843e-02,5.779232,-5.47345505e-02,2.70515063e-03
0.754000,9.41337559e-02,8.66337559e-02,5.775584,-5.47284213e-02,2.69151745e-03
0.755000,9.40790342e-02,8.65790342e-02,5.771936,-5.47216785e-02,2.63897374e-03
0.756000,9.40243055e-02,8.65243055e-02,5.768287,-5.47287048e-02,2.65214967e-03
0.757000,9.39695549e-02,8.64695549e-02,5.764637,-5.47506573e-02,2.67092234e-03
0.758000,9.39147899e-02,8.64147899e-02,5.760986,-5.47649628e-02,2.71701361e-03
0.759000,9.38600250e-02,8.63600250e-02,5.757335,-5.47649524e-02,2.68761811e-03
0.760000,9.38052700e-02,8.63052700e-02,5.753685,-5.47550032e-02,2.65785694e-03
0.761000,9.37505100e-02,8.62505100e-02,5.750034,-5.47599708e-02,2.62807134e-03
0.762000,9.36957300e-02,8.61957300e-02,5.746382,-5.47799797e-02,2.68991551e-03
0.763000,9.36409312e-02,8.61409312e-02,5.742729,-5.47988342e-02,2.70719695e-03
0.764000,9.35861369e-02,8.60861369e-02,5.739076,-5.47943221e-02,2.68991516e-03
0.765000,9.35313497e-02,8.60313497e-02,5.735423,-5.47871906e-02,2.65735698e-03
0.766000,9.34765582e-02,8.59765582e-02,5.731771,-5.47914922e-02,2.64263385e-03
0.767000,9.34217491e-02,8.59217491e-02,5.728117,-5.48090901e-02,2.67295148e-03
0.768000,9.33669229e-02,8.58669229e-02,5.724462,-5.48261619e-02,2.70432755e-03
0.769000,9.33120952e-02,8.58120952e-02,5.720806,-5.48277285e-02,2.70775658e-03
0.770000,9.32572768e-02,8.57572768e-02,5.717152,-5.48183843e-02,2.66126684e-03
0.771000,9.32024607e-02,8.57024607e-02,5.713497,-5.48161351e-02,2.62170736e-03
0.772000,9.31476245e-02,8.56476245e-02,5.709842,-5.48361496e-02,2.68908698e-03
0.773000,9.30927673e-02,8.55927673e-02,5.706184,-5.48572406e-02,2.69787881e-03
0.774000,9.30379126e-02,8.55379126e-02,5.702528,-5.48546484e-02,2.70126376e-03
0.775000,9.29830641e-02,8.54830641e-02,5.698871,-5.48485703e-02,2.66639449e-03
0.776000,9.29282165e-02,8.54282165e-02,5.695214,-5.48475467e-02,2.63338658e-03
0.777000,9.28733527e-02,8.53733527e-02,5.691557,-5.48638118e-02,2.67299240e-03
0.778000,9.28184688e-02,8.53184688e-02,5.687898,-5.48839133e-02,2.69890579e-03
0.779000,9.27635824e-02,8.52635824e-02,5.684239,-5.48864252e-02,2.70549596e-03
0.780000,9.27087031e-02,8.52087031e-02,5.680580,-5.48792614e-02,2.66896656e-03
0.781000,9.26538267e-02,8.51538267e-02,5.676922,-5.48763930e-02,2.62355664e-03
0.782000,9.25989332e-02,8.50989332e-02,5.673262,-5.48935517e-02,2.68661554e-03
0.783000,9.25440187e-02,8.50440187e-02,5.669601,-5.49144725e-02,2.68721419e-03
0.784000,9.24891041e-02,8.49891041e-02,5.665940,-5.49145779e-02,2.71230400e-03
0.785000,9.24341941e-02,8.49341941e-02,5.662280,-5.49100498e-02,2.66542700e-03
0.786000,9.23792885e-02,8.48792885e-02,5.658619,-5.49055715e-02,2.63406065e-03
0.787000,9.23243665e-02,8.48243665e-02,5.654958,-5.49220352e-02,2.66735096e-03
0.788000,9.22694235e-02,8.47694235e-02,5.651295,-5.49429129e-02,2.69190098e-03
0.789000,9.22144750e-02,8.47144750e-02,5.647632,-5.49485163e-02,2.71664935e-03
0.790000,9.21595333e-02,8.46595333e-02,5.643969,-5.49416806e-02,2.67384920e-03
0.791000,9.21045991e-02,8.46045991e-02,5.640307,-5.49342859e-02,2.62616824e-03
0.792000,9.20496497e-02,8.45496497e-02,5.636643,-5.49493792e-02,2.66904616e-03
0.793000,9.19946771e-02,8.44946771e-02,5.632978,-5.49725492e-02,2.69912739e-03
0.794000,9.19397008e-02,8.44397008e-02,5.629313,-5.49763179e-02,2.71043623e-03
0.795000,9.18847326e-02,8.43847326e-02,5.625649,-5.49682077e-02,2.67644755e-03
0.796000,9.18297702e-02,8.43297702e-02,5.621985,-5.49623939e-02,2.62625415e-03
0.797000,9.17747936e-02,8.42747936e-02,5.618320,-5.49766188e-02,2.66746520e-03
0.798000,9.17197935e-02,8.42197935e-02,5.614653,-5.50000401e-02,2.69053393e-03
0.799000,9.16647877e-02,8.41647877e-02,5.610986,-5.50058477e-02,2.71661450e-03
0.800000,9.16097882e-02,8.41097882e-02,5.607319,-5.49994671e-02,2.68535333e-03
0.801000,9.15547982e-02,8.40547982e-02,5.603653,-5.49900495e-02,2.62206023e-03
0.802000,9.14997961e-02,8.39997961e-02,5.599986,-5.50020911e-02,2.66926396e-03
0.803000,9.14447695e-02,8.39447695e-02,5.596318,-5.50265717e-02,2.69232128e-03
0.804000,9.13897380e-02,8.38897380e-02,5.592649,-5.50314725e-02,2.71305339e-03
0.805000,9.13347129e-02,8.38347129e-02,5.588981,-5.50251347e-02,2.68393108e-03
0.806000,9.12796958e-02,8.37796958e-02,5.585313,-5.50171381e-02,2.62501702e-03
0.807000,9.12246667e-02,8.37246667e-02,5.581644,-5.50291239e-02,2.66939815e-03
0.808000,9.11696140e-02,8.36696140e-02,5.577974,-5.50526098e-02,2.68454846e-03
0.809000,9.11145552e-02,8.36145552e-02,5.574304,-5.50588410e-02,2.71641578e-03
0.810000,9.10595007e-02,8.35595007e-02,5.570633,-5.50544613e-02,2.69395368e-03
0.811000,9.10044572e-02,8.35044572e-02,5.566964,-5.50435880e-02,2.62104175e-03
0.812000,9.09494042e-02,8.34494042e-02,5.563294,-5.50529853e-02,2.66323080e-03
0.813000,9.08943253e-02,8.33943253e-02,5.559622,-5.50788673e-02,2.69453424e-03
0.814000,9.08392399e-02,8.33392399e-02,5.555949,-5.50853581e-02,2.71173151e-03
0.815000,9.07841614e-02,8.32841614e-02,5.552277,-5.50785273e-02,2.69308002e-03
0.816000,9.07290921e-02,8.32290921e-02,5.548606,-5.50693469e-02,2.62737911e-03
0.817000,9.06740142e-02,8.31740142e-02,5.544934,-5.50779104e-02,2.65927493e-03
0.818000,9.06189117e-02,8.31189117e-02,5.541261,-5.51024107e-02,2.68916738e-03
0.819000,9.05638006e-02,8.30638006e-02,5.537587,-5.51111497e-02,2.71571943e-03
0.820000,9.05086952e-02,8.30086952e-02,5.533913,-5.51053762e-02,2.69811021e-03
0.821000,9.04536012e-02,8.29536012e-02,5.530240,-5.50939966e-02,2.62431492e-03
0.822000,9.03984998e-02,8.28984998e-02,5.526567,-5.51014500e-02,2.65602050e-03
0.823000,9.03433722e-02,8.28433722e-02,5.522891,-5.51275321e-02,2.70042061e-03
0.824000,9.02882369e-02,8.27882369e-02,5.519216,-5.51353500e-02,2.70701230e-03
0.825000,9.02331095e-02,8.27331095e-02,5.515541,-5.51274205e-02,2.69806765e-03
0.826000,9.01779906e-02,8.26779906e-02,5.511866,-5.51189079e-02,2.62544002e-03
0.827000,9.01228644e-02,8.26228644e-02,5.508191,-5.51261764e-02,2.66227812e-03
0.828000,9.00677136e-02,8.25677136e-02,5.504514,-5.51507824e-02,2.68738095e-03
0.829000,9.00125548e-02,8.25125548e-02,5.500837,-5.51588510e-02,2.71245253e-03
0.830000,8.99574005e-02,8.24574005e-02,5.497160,-5.51542419e-02,2.70334687e-03
0.831000,8.99022575e-02,8.24022575e-02,5.493484,-5.51430092e-02,2.62804716e-03
0.832000,8.98471094e-02,8.23471094e-02,5.489807,-5.51480828e-02,2.65637397e-03
0.833000,8.97919365e-02,8.22919365e-02,5.486129,-5.51728766e-02,2.69368439e-03
0.834000,8.97367548e-02,8.22367548e-02,5.482450,-5.51817696e-02,2.70904814e-03
0.835000,8.96815791e-02,8.21815791e-02,5.478772,-5.51756924e-02,2.69771262e-03
0.836000,8.96264125e-02,8.21264125e-02,5.475094,-5.51665741e-02,2.63320835e-03
0.837000,8.95712399e-02,8.20712399e-02,5.471416,-5.51725853e-02,2.66382440e-03
0.838000,8.95160456e-02,8.20160456e-02,5.467736,-5.51943667e-02,2.67801219e-03
0.839000,8.94608420e-02,8.19608420e-02,5.464056,-5.52035843e-02,2.72135158e-03
0.840000,8.94056415e-02,8.19056415e-02,5.460376,-5.52004783e-02,2.69578057e-03
0.841000,8.93504538e-02,8.18504538e-02,5.456697,-5.51876610e-02,2.63885901e-03
0.842000,8.92952605e-02,8.17952605e-02,5.453017,-5.51933075e-02,2.64722766e-03
0.843000,8.92400444e-02,8.17400444e-02,5.449336,-5.52161680e-02,2.70197395e-03
0.844000,8.91848178e-02,8.16848178e-02,5.445655,-5.52265989e-02,2.70655022e-03
0.845000,8.91295995e-02,8.16295995e-02,5.441973,-5.52182410e-02,2.69651768e-03
0.846000,8.90743894e-02,8.15743894e-02,5.438293,-5.52101543e-02,2.63768496e-03
0.847000,8.90191736e-02,8.15191736e-02,5.434612,-5.52157664e-02,2.66097058e-03
0.848000,8.89639370e-02,8.14639370e-02,5.430929,-5.52365822e-02,2.68258053e-03
0.849000,8.89086911e-02,8.14086911e-02,5.427246,-5.52459292e-02,2.71476334e-03
0.850000,8.88534486e-02,8.13534486e-02,5.423563,-5.52424879e-02,2.70235552e-03
0.851000,8.87982179e-02,8.12982179e-02,5.419881,-5.52306716e-02,2.63962323e-03
0.852000,8.87429839e-02,8.12429839e-02,5.416199,-5.52340237e-02,2.64416731e-03
0.853000,8.86877267e-02,8.11877267e-02,5.412515,-5.52571744e-02,2.70040512e-03
0.854000,8.86324578e-02,8.11324578e-02,5.408831,-5.52688877e-02,2.70796292e-03
0.855000,8.85771970e-02,8.10771970e-02,5.405146,-5.52607952e-02,2.69851862e-03
0.856000,8.85219452e-02,8.10219452e-02,5.401463,-5.52518908e-02,2.63879883e-03
0.857000,8.84666885e-02,8.09666885e-02,5.397779,-5.52566487e-02,2.65768723e-03
0.858000,8.84114108e-02,8.09114108e-02,5.394094,-5.52776793e-02,2.67767660e-03
0.859000,8.83561219e-02,8.08561219e-02,5.390408,-5.52889718e-02,2.72010918e-03
0.860000,8.83008357e-02,8.08008357e-02,5.386722,-5.52861958e-02,2.70078159e-03
0.861000,8.82455628e-02,8.07455628e-02,5.383038,-5.52729021e-02,2.64870687e-03
0.862000,8.81902876e-02,8.06902876e-02,5.379353,-5.52751648e-02,2.63501942e-03
0.863000,8.81349906e-02,8.06349906e-02,5.375666,-5.52969500e-02,2.69937616e-03
0.864000,8.80796788e-02,8.05796788e-02,5.371979,-5.53118496e-02,2.71058724e-03
0.865000,8.80243752e-02,8.05243752e-02,5.368292,-5.53036309e-02,2.69296113e-03
0.866000,8.79690803e-02,8.04690803e-02,5.364605,-5.52948474e-02,2.65406548e-03
0.867000,8.79137816e-02,8.04137816e-02,5.360919,-5.52987308e-02,2.65349606e-03
0.868000,8.78584661e-02,8.03584661e-02,5.357231,-5.53154888e-02,2.67153372e-03
0.869000,8.78031368e-02,8.03031368e-02,5.353542,-5.53292440e-02,2.72137340e-03
0.870000,8.77478086e-02,8.02478086e-02,5.349854,-5.53282618e-02,2.69890887e-03
0.871000,8.76924937e-02,8.01924937e-02,5.346166,-5.53148841e-02,2.65750438e-03
0.872000,8.76371775e-02,8.01371775e-02,5.342478,-5.53162060e-02,2.63437373e-03
0.873000,8.75818423e-02,8.00818423e-02,5.338789,-5.53352162e-02,2.69383813e-03
0.874000,8.75264910e-02,8.00264910e-02,5.335099,-5.53513072e-02,2.71137935e-03
0.875000,8.74711462e-02,7.99711462e-02,5.331410,-5.53447672e-02,2.69170572e-03
0.876000,8.74158103e-02,7.99158103e-02,5.327721,-5.53359456e-02,2.65941724e-03
0.877000,8.73604710e-02,7.98604710e-02,5.324031,-5.53392948e-02,2.64967166e-03
0.878000,8.73051160e-02,7.98051160e-02,5.320341,-5.53549715e-02,2.67321435e-03
0.879000,8.72497463e-02,7.97497463e-02,5.316650,-5.53696855e-02,2.72105002e-03
0.880000,8.71943781e-02,7.96943781e-02,5.312959,-5.53682086e-02,2.69408368e-03
0.881000,8.71390223e-02,7.96390223e-02,5.309268,-5.53557904e-02,2.66477451e-03
0.882000,8.70836649e-02,7.95836649e-02,5.305578,-5.53574113e-02,2.63114964e-03
0.883000,8.70282903e-02,7.95282903e-02,5.301886,-5.53746040e-02,2.69484380e-03
0.884000,8.69728987e-02,7.94728987e-02,5.298193,-5.53915760e-02,2.71244752e-03
0.885000,8.69175142e-02,7.94175142e-02,5.294501,-5.53845169e-02,2.69116808e-03
0.886000,8.68621388e-02,7.93621388e-02,5.290809,-5.53754395e-02,2.65895305e-03
0.887000,8.68067597e-02,7.93067597e-02,5.287117,-5.53790474e-02,2.65076478e-03
0.888000,8.67513650e-02,7.92513650e-02,5.283424,-5.53946832e-02,2.67541559e-03
0.889000,8.66959564e-02,7.91959564e-02,5.279730,-5.54086490e-02,2.71943290e-03
0.890000,8.66405496e-02,7.91405496e-02,5.276037,-5.54067351e-02,2.69917682e-03
0.891000,8.65851557e-02,7.90851557e-02,5.272344,-5.53939473e-02,2.66330762e-03
0.892000,8.65297615e-02,7.90297615e-02,5.268651,-5.53941550e-02,2.63039674e-03
0.893000,8.64743496e-02,7.89743496e-02,5.264957,-5.54119626e-02,2.69614303e-03
0.894000,8.64189206e-02,7.89189206e-02,5.261261,-5.54289521e-02,2.71078358e-03
0.895000,8.63634989e-02,7.88634989e-02,5.257567,-5.54217605e-02,2.69721932e-03
0.896000,8.63080867e-02,7.88080867e-02,5.253872,-5.54121595e-02,2.66033887e-03
0.897000,8.62526732e-02,7.87526732e-02,5.250178,-5.54135350e-02,2.64388770e-03
0.898000,8.61972432e-02,7.86972432e-02,5.246483,-5.54299319e-02,2.68234972e-03
0.899000,8.61417983e-02,7.86417983e-02,5.242787,-5.54449300e-02,2.71299135e-03
0.900000,8.60863564e-02,7.85863564e-02,5.239090,-5.54418779e-02,2.70381771e-03
0.901000,8.60309260e-02,7.85309260e-02,5.235395,-5.54303849e-02,2.66692488e-03
0.902000,8.59754976e-02,7.84754976e-02,5.231700,-5.54284288e-02,2.62524018e-03
0.903000,8.59200517e-02,7.84200517e-02,5.228003,-5.54459603e-02,2.70099249e-03
0.904000,8.58645879e-02,7.83645879e-02,5.224306,-5.54637857e-02,2.70601879e-03
0.905000,8.58091320e-02,7.83091320e-02,5.220609,-5.54558441e-02,2.70099081e-03
0.906000,8.57536849e-02,7.82536849e-02,5.216912,-5.54471410e-02,2.65955742e-03
0.907000,8.56982375e-02,7.81982375e-02,5.213216,-5.54474161e-02,2.64841443e-03
0.908000,8.56427742e-02,7.81427742e-02,5.209518,-5.54632691e-02,2.67769594e-03
0.909000,8.55872966e-02,7.80872966e-02,5.205820,-5.54776035e-02,2.71052833e-03
0.910000,8.55318201e-02,7.80318201e-02,5.202121,-5.54765153e-02,2.71082746e-03
0.911000,8.54763555e-02,7.79763555e-02,5.198424,-5.54645917e-02,2.66357878e-03
0.912000,8.54208946e-02,7.79208946e-02,5.194726,-5.54609252e-02,2.62634764e-03
0.913000,8.53654152e-02,7.78654152e-02,5.191028,-5.54793597e-02,2.70055836e-03
0.914000,8.53099183e-02,7.78099183e-02,5.187328,-5.54968982e-02,2.70424477e-03
0.915000,8.52544289e-02,7.77544289e-02,5.183629,-5.54894129e-02,2.70568503e-03
0.916000,8.51989484e-02,7.76989484e-02,5.179930,-5.54804622e-02,2.65665317e-03
0.917000,8.51434687e-02,7.76434687e-02,5.176231,-5.54797093e-02,2.65031401e-03
0.918000,8.50879725e-02,7.75879725e-02,5.172531,-5.54961801e-02,2.67666038e-03
0.919000,8.50324625e-02,7.75324625e-02,5.168831,-5.55100738e-02,2.71178655e-03
0.920000,8.49769534e-02,7.74769534e-02,5.165130,-5.55091033e-02,2.71052904e-03
0.921000,8.49214565e-02,7.74214565e-02,5.161430,-5.54968192e-02,2.66482572e-03
0.922000,8.48659635e-02,7.73659635e-02,5.157731,-5.54930301e-02,2.62699386e-03
0.923000,8.48104526e-02,7.73104526e-02,5.154030,-5.55109409e-02,2.69920705e-03
0.924000,8.47549241e-02,7.72549241e-02,5.150328,-5.55285062e-02,2.70356717e-03
0.925000,8.46994025e-02,7.71994025e-02,5.146627,-5.55215845e-02,2.70789187e-03
0.926000,8.46438900e-02,7.71438900e-02,5.142926,-5.55124661e-02,2.65743467e-03
0.927000,8.45883792e-02,7.70883792e-02,5.139225,-5.55108502e-02,2.64931904e-03
0.928000,8.45328519e-02,7.70328519e-02,5.135523,-5.55272403e-02,2.67597681e-03
0.929000,8.44773103e-02,7.69773103e-02,5.131821,-5.55415816e-02,2.71169245e-03
0.930000,8.44217695e-02,7.69217695e-02,5.128118,-5.55408522e-02,2.71195254e-03
0.931000,8.43662412e-02,7.68662412e-02,5.124416,-5.55283473e-02,2.66636530e-03
0.932000,8.43107173e-02,7.68107173e-02,5.120714,-5.55238185e-02,2.62543044e-03
0.933000,8.42551758e-02,7.67551758e-02,5.117012,-5.55415002e-02,2.69865813e-03
0.934000,8.41996162e-02,7.66996162e-02,5.113308,-5.55596759e-02,2.70355274e-03
0.935000,8.41440632e-02,7.66440632e-02,5.109604,-5.55529371e-02,2.70940334e-03
0.936000,8.40885197e-02,7.65885197e-02,5.105901,-5.55435561e-02,2.65922809e-03
0.937000,8.40329785e-02,7.65329785e-02,5.102199,-5.55411267e-02,2.64830390e-03
0.938000,8.39774214e-02,7.64774214e-02,5.098495,-5.55571074e-02,2.67575204e-03
0.939000,8.39218496e-02,7.64218496e-02,5.094790,-5.55718218e-02,2.71190301e-03
0.940000,8.38662785e-02,7.63662785e-02,5.091085,-5.55711290e-02,2.71228346e-03
0.941000,8.38107200e-02,7.63107200e-02,5.087381,-5.55584964e-02,2.66710463e-03
0.942000,8.37551663e-02,7.62551663e-02,5.083678,-5.55537282e-02,2.62512478e-03
0.943000,8.36995950e-02,7.61995950e-02,5.079973,-5.55712211e-02,2.69861753e-03
0.944000,8.36440055e-02,7.61440055e-02,5.076267,-5.55895044e-02,2.70379558e-03
0.945000,8.35884228e-02,7.60884228e-02,5.072562,-5.55827359e-02,2.70954633e-03
0.946000,8.35328495e-02,7.60328495e-02,5.068857,-5.55732499e-02,2.65906512e-03
0.947000,8.34772787e-02,7.59772787e-02,5.065152,-5.55708023e-02,2.64834864e-03
0.948000,8.34216919e-02,7.59216919e-02,5.061446,-5.55868286e-02,2.67621967e-03
0.949000,8.33660905e-02,7.58660905e-02,5.057739,-5.56014457e-02,2.71259338e-03
0.950000,8.33104900e-02,7.58104900e-02,5.054033,-5.56004772e-02,2.71241366e-03
0.951000,8.32549024e-02,7.57549024e-02,5.050327,-5.55875949e-02,2.66532524e-03
0.952000,8.31993193e-02,7.56993193e-02,5.046621,-5.55830986e-02,2.62698814e-03
0.953000,8.31437184e-02,7.56437184e-02,5.042915,-5.56008463e-02,2.69987593e-03
0.954000,8.30881002e-02,7.55881002e-02,5.039207,-5.56182951e-02,2.70570128e-03
0.955000,8.30324894e-02,7.55324894e-02,5.035499,-5.56107764e-02,2.70655843e-03
0.956000,8.29768882e-02,7.54768882e-02,5.031793,-5.56011929e-02,2.65852046e-03
0.957000,8.29212884e-02,7.54212884e-02,5.028086,-5.55998229e-02,2.64989296e-03
0.958000,8.28656726e-02,7.53656726e-02,5.024378,-5.56157550e-02,2.67731901e-03
0.959000,8.28100429e-02,7.53100429e-02,5.020670,-5.56296705e-02,2.71319385e-03
0.960000,8.27544147e-02,7.52544147e-02,5.016961,-5.56282348e-02,2.71180119e-03
0.961000,8.26987994e-02,7.51987994e-02,5.013253,-5.56152635e-02,2.66448155e-03
0.962000,8.26431883e-02,7.51431883e-02,5.009546,-5.56111176e-02,2.62750550e-03
0.963000,8.25875593e-02,7.50875593e-02,5.005837,-5.56290509e-02,2.70106156e-03
0.964000,8.25319131e-02,7.50319131e-02,5.002128,-5.56461201e-02,2.70653892e-03
0.965000,8.24762751e-02,7.49762751e-02,4.998418,-5.56380639e-02,2.70634547e-03
0.966000,8.24206468e-02,7.49206468e-02,4.994710,-5.56282430e-02,2.65710255e-03
0.967000,8.23650196e-02,7.48650196e-02,4.991001,-5.56271937e-02,2.65065850e-03
0.968000,8.23093762e-02,7.48093762e-02,4.987292,-5.56434560e-02,2.67988358e-03
0.969000,8.22537195e-02,7.47537195e-02,4.983581,-5.56566666e-02,2.71237309e-03
0.970000,8.21980650e-02,7.46980650e-02,4.979871,-5.56545338e-02,2.70999260e-03
0.971000,8.21424228e-02,7.46424228e-02,4.976162,-5.56421519e-02,2.66579333e-03
0.972000,8.20867845e-02,7.45867845e-02,4.972452,-5.56383679e-02,2.62833259e-03
0.973000,8.20311287e-02,7.45311287e-02,4.968742,-5.56557242e-02,2.70082074e-03
0.974000,8.19754562e-02,7.44754562e-02,4.965030,-5.56725644e-02,2.70841196e-03
0.975000,8.19197919e-02,7.44197919e-02,4.961319,-5.56642560e-02,2.70197205e-03
0.976000,8.18641373e-02,7.43641373e-02,4.957609,-5.56545934e-02,2.66328331e-03
0.977000,8.18084834e-02,7.43084834e-02,4.953899,-5.56538874e-02,2.64518760e-03
0.978000,8.17528144e-02,7.42528144e-02,4.950188,-5.56690873e-02,2.68314473e-03
0.979000,8.16971308e-02,7.41971308e-02,4.946475,-5.56835179e-02,2.71424234e-03
0.980000,8.16414509e-02,7.41414509e-02,4.942763,-5.56799835e-02,2.70684057e-03
0.981000,8.15857833e-02,7.40857833e-02,4.939052,-5.56675452e-02,2.66717256e-03
0.982000,8.15301188e-02,7.40301188e-02,4.935341,-5.56645525e-02,2.62824088e-03
0.983000,8.14744373e-02,7.39744373e-02,4.931629,-5.56814720e-02,2.69855402e-03
0.984000,8.14187385e-02,7.39187385e-02,4.927916,-5.56987432e-02,2.71273388e-03
0.985000,8.13630481e-02,7.38630481e-02,4.924203,-5.56904149e-02,2.69938650e-03
0.986000,8.13073683e-02,7.38073683e-02,4.920491,-5.56797901e-02,2.66096631e-03
0.987000,8.12516880e-02,7.37516880e-02,4.916779,-5.56803430e-02,2.64877493e-03
0.988000,8.11959923e-02,7.36959923e-02,4.913066,-5.56956695e-02,2.67955982e-03
0.989000,8.11402828e-02,7.36402828e-02,4.909352,-5.57095559e-02,2.71952012e-03
0.990000,8.10845765e-02,7.35845765e-02,4.905638,-5.57062656e-02,2.70188611e-03
0.991000,8.10288835e-02,7.35288835e-02,4.901926,-5.56929700e-02,2.66596642e-03
0.992000,8.09731917e-02,7.34731917e-02,4.898213,-5.56918178e-02,2.63110893e-03
0.993000,8.09174831e-02,7.34174831e-02,4.894499,-5.57086262e-02,2.69900803e-03
0.994000,8.08617582e-02,7.33617582e-02,4.890784,-5.57248752e-02,2.71552488e-03
0.995000,8.08060423e-02,7.33060423e-02,4.887069,-5.57159043e-02,2.69315188e-03
0.996000,8.07503368e-02,7.32503368e-02,4.883356,-5.57054654e-02,2.66216686e-03
0.997000,8.06946290e-02,7.31946290e-02,4.879642,-5.57078535e-02,2.65408661e-03
0.998000,8.06389071e-02,7.31389071e-02,4.875927,-5.57218464e-02,2.67646274e-03
0.999000,8.05831726e-02,7.30831726e-02,4.872212,-5.57345361e-02,2.72325083e-03
1.000000,8.05274410e-02,7.30274410e-02,4.868496,-5.57316031e-02,2.69626468e-03
1.001000,8.04717229e-02,7.29717229e-02,4.864782,-5.57180764e-02,2.66939411e-03
1.002000,8.04160048e-02,7.29160048e-02,4.861067,-5.57181642e-02,2.63392627e-03
1.003000,8.03602714e-02,7.28602714e-02,4.857351,-5.57333487e-02,2.69668454e-03
1.004000,8.03045223e-02,7.28045223e-02,4.853635,-5.57490833e-02,2.71498024e-03
1.005000,8.02487814e-02,7.27487814e-02,4.849919,-5.57409718e-02,2.69569557e-03
1.006000,8.01930511e-02,7.26930511e-02,4.846203,-5.57302619e-02,2.66429472e-03
1.007000,8.01373197e-02,7.26373197e-02,4.842488,-5.57314384e-02,2.65142273e-03
1.008000,8.00815745e-02,7.25815745e-02,4.838772,-5.57452036e-02,2.67807689e-03
1.009000,8.00258160e-02,7.25258160e-02,4.835054,-5.57584826e-02,2.72369061e-03
1.010000,7.99700610e-02,7.24700610e-02,4.831337,-5.57549418e-02,2.70237064e-03
1.011000,7.99143208e-02,7.24143208e-02,4.827621,-5.57401909e-02,2.66183912e-03
1.012000,7.98585812e-02,7.23585812e-02,4.823905,-5.57396094e-02,2.63803183e-03
1.013000,7.98028247e-02,7.23028247e-02,4.820188,-5.57565491e-02,2.69613625e-03
1.014000,7.97470537e-02,7.22470537e-02,4.816470,-5.57710323e-02,2.71494259e-03
1.015000,7.96912905e-02,7.21912905e-02,4.812753,-5.57631075e-02,2.69957611e-03
1.016000,7.96355388e-02,7.21355388e-02,4.809036,-5.57517238e-02,2.65827683e-03
1.017000,7.95797861e-02,7.20797861e-02,4.805319,-5.57526900e-02,2.65531004e-03
1.018000,7.95240184e-02,7.20240184e-02,4.801601,-5.57677441e-02,2.67716716e-03
1.019000,7.94682385e-02,7.19682385e-02,4.797883,-5.57799074e-02,2.72441374e-03
1.020000,7.94124619e-02,7.19124619e-02,4.794164,-5.57765374e-02,2.70703260e-03
1.021000,7.93567012e-02,7.18567012e-02,4.790447,-5.57607247e-02,2.65450435e-03
1.022000,7.93009413e-02,7.18009413e-02,4.786729,-5.57599092e-02,2.63811243e-03
1.023000,7.92451621e-02,7.17451621e-02,4.783011,-5.57792434e-02,2.70179768e-03
1.024000,7.91893694e-02,7.16893694e-02,4.779291,-5.57926990e-02,2.71490024e-03
1.025000,7.91335864e-02,7.16335864e-02,4.775572,-5.57829224e-02,2.70308096e-03
1.026000,7.90778155e-02,7.15778155e-02,4.771854,-5.57709328e-02,2.64664367e-03
1.027000,7.90220427e-02,7.15220427e-02,4.768136,-5.57728052e-02,2.65739120e-03
1.028000,7.89662514e-02,7.14662514e-02,4.764417,-5.57913118e-02,2.68232213e-03
1.029000,7.89104495e-02,7.14104495e-02,4.760697,-5.58018800e-02,2.72456496e-03
1.030000,7.88546527e-02,7.13546527e-02,4.756977,-5.57967903e-02,2.70896200e-03
1.031000,7.87988721e-02,7.12988721e-02,4.753258,-5.57805867e-02,2.64487345e-03
1.032000,7.87430913e-02,7.12430913e-02,4.749539,-5.57808407e-02,2.64366776e-03
1.033000,7.86872889e-02,7.11872889e-02,4.745819,-5.58023555e-02,2.70700252e-03
1.034000,7.86314759e-02,7.11314759e-02,4.742098,-5.58130662e-02,2.71064783e-03
1.035000,7.85756735e-02,7.10756735e-02,4.738378,-5.58023322e-02,2.70504696e-03
1.036000,7.85198822e-02,7.10198822e-02,4.734659,-5.57913915e-02,2.63990250e-03
1.037000,7.84640883e-02,7.09640883e-02,4.730939,-5.57938103e-02,2.66540364e-03
1.038000,7.84082752e-02,7.09082752e-02,4.727218,-5.58131139e-02,2.68496305e-03
1.039000,7.83524546e-02,7.08524546e-02,4.723497,-5.58205837e-02,2.71850191e-03
1.040000,7.82966389e-02,7.07966389e-02,4.719776,-5.58156989e-02,2.70850319e-03
1.041000,7.82408374e-02,7.07408374e-02,4.716056,-5.58015676e-02,2.64401306e-03
1.042000,7.81850353e-02,7.06850353e-02,4.712336,-5.58021244e-02,2.65336012e-03
1.043000,7.81292130e-02,7.06292130e-02,4.708614,-5.58222078e-02,2.70089401e-03
1.044000,7.80733822e-02,7.05733822e-02,4.704892,-5.58308156e-02,2.71329216e-03
1.045000,7.80175606e-02,7.05175606e-02,4.701171,-5.58216201e-02,2.70169946e-03
1.046000,7.79617502e-02,7.04617502e-02,4.697450,-5.58104030e-02,2.63826245e-03
1.047000,7.79059360e-02,7.04059360e-02,4.693729,-5.58142111e-02,2.66556386e-03
1.048000,7.78501020e-02,7.03501020e-02,4.690007,-5.58340250e-02,2.68873290e-03
1.049000,7.77942612e-02,7.02942612e-02,4.686284,-5.58407755e-02,2.72272999e-03
1.050000,7.77384273e-02,7.02384273e-02,4.682562,-5.58339050e-02,2.70175851e-03
1.051000,7.76826077e-02,7.01826077e-02,4.678841,-5.58195778e-02,2.64118679e-03
1.052000,7.76267849e-02,7.01267849e-02,4.675119,-5.58228495e-02,2.65640698e-03
1.053000,7.75709415e-02,7.00709415e-02,4.671396,-5.58433223e-02,2.70171614e-03
1.054000,7.75150908e-02,7.00150908e-02,4.667673,-5.58507841e-02,2.71551864e-03
1.055000,7.74592498e-02,6.99592498e-02,4.663950,-5.58409249e-02,2.70166130e-03
1.056000,7.74034208e-02,6.99034208e-02,4.660228,-5.58289832e-02,2.63642983e-03
1.057000,7.73475877e-02,6.98475877e-02,4.656506,-5.58331280e-02,2.66810917e-03
1.058000,7.72917346e-02,6.97917346e-02,4.652782,-5.58530937e-02,2.68690969e-03
1.059000,7.72358753e-02,6.97358753e-02,4.649058,-5.58593307e-02,2.71940692e-03
1.060000,7.71800216e-02,6.96800216e-02,4.645335,-5.58536465e-02,2.70971939e-03
1.061000,7.71241826e-02,6.96241826e-02,4.641612,-5.58390029e-02,2.63480359e-03
1.062000,7.70683419e-02,6.95683419e-02,4.637889,-5.58407889e-02,2.65893518e-03
1.063000,7.70124789e-02,6.95124789e-02,4.634165,-5.58629109e-02,2.70064061e-03
1.064000,7.69566092e-02,6.94566092e-02,4.630441,-5.58697326e-02,2.71329764e-03
1.065000,7.69007486e-02,6.94007486e-02,4.626717,-5.58606194e-02,2.70636028e-03
1.066000,7.68449000e-02,6.93449000e-02,4.622993,-5.58485762e-02,2.63134820e-03
1.067000,7.67890479e-02,6.92890479e-02,4.619270,-5.58520764e-02,2.66620991e-03
1.068000,7.67331739e-02,6.92331739e-02,4.615545,-5.58740468e-02,2.69411106e-03
1.069000,7.66772943e-02,6.91772943e-02,4.611820,-5.58796341e-02,2.71867904e-03
1.070000,7.66214225e-02,6.91214225e-02,4.608095,-5.58717136e-02,2.70803216e-03
1.071000,7.65655649e-02,6.90655649e-02,4.604371,-5.58576074e-02,2.62912535e-03
1.072000,7.65097040e-02,6.90097040e-02,4.600647,-5.58609517e-02,2.66177173e-03
1.073000,7.64538196e-02,6.89538196e-02,4.596921,-5.58844369e-02,2.70528377e-03
1.074000,7.63979300e-02,6.88979300e-02,4.593195,-5.58895060e-02,2.71308567e-03
1.075000,7.63420511e-02,6.88420511e-02,4.589470,-5.58789053e-02,2.70237157e-03
1.076000,7.62861835e-02,6.87861835e-02,4.585746,-5.58676371e-02,2.63101151e-03
1.077000,7.62303110e-02,6.87303110e-02,4.582021,-5.58725068e-02,2.66685140e-03
1.078000,7.61744165e-02,6.86744165e-02,4.578294,-5.58944743e-02,2.69789568e-03
1.079000,7.61185173e-02,6.86185173e-02,4.574568,-5.58991816e-02,2.71732405e-03
1.080000,7.60626271e-02,6.85626271e-02,4.570842,-5.58902579e-02,2.70601244e-03
1.081000,7.60067501e-02,6.85067501e-02,4.567117,-5.58769539e-02,2.62901229e-03
1.082000,7.59508691e-02,6.84508691e-02,4.563391,-5.58809814e-02,2.66584598e-03
1.083000,7.58949654e-02,6.83949654e-02,4.559664,-5.59037833e-02,2.70115138e-03
1.084000,7.58390571e-02,6.83390571e-02,4.555937,-5.59082450e-02,2.71864013e-03
1.085000,7.57831591e-02,6.82831591e-02,4.552211,-5.58980193e-02,2.69839557e-03
1.086000,7.57272735e-02,6.82272735e-02,4.548485,-5.58856300e-02,2.63299107e-03
1.087000,7.56713820e-02,6.81713820e-02,4.544759,-5.58914555e-02,2.66568602e-03
1.088000,7.56154690e-02,6.81154690e-02,4.541031,-5.59129789e-02,2.69380184e-03
1.089000,7.55595502e-02,6.80595502e-02,4.537303,-5.59187929e-02,2.72703681e-03
1.090000,7.55036407e-02,6.80036407e-02,4.533576,-5.59094960e-02,2.70094765e-03
1.091000,7.54477468e-02,6.79477468e-02,4.529850,-5.58938979e-02,2.62519803e-03
1.092000,7.53918466e-02,6.78918466e-02,4.526123,-5.59002632e-02,2.67245062e-03
1.093000,7.53359234e-02,6.78359234e-02,4.522395,-5.59231498e-02,2.70023137e-03
1.094000,7.52799978e-02,6.77799978e-02,4.518667,-5.59256052e-02,2.71906072e-03
1.095000,7.52240822e-02,6.77240822e-02,4.514939,-5.59156073e-02,2.69770501e-03
1.096000,7.51681790e-02,6.76681790e-02,4.511212,-5.59032020e-02,2.62588143e-03
1.097000,7.51122685e-02,6.76122685e-02,4.507485,-5.59105115e-02,2.67471160e-03
1.098000,7.50563357e-02,6.75563357e-02,4.503756,-5.59327738e-02,2.69287971e-03
1.099000,7.50003999e-02,6.75003999e-02,4.500027,-5.59357867e-02,2.72800293e-03
1.100000,7.49444733e-02,6.74444733e-02,4.496298,-5.59266218e-02,2.69435410e-03
1.101000,7.48885615e-02,6.73885615e-02,4.492571,-5.59118724e-02,2.62767214e-03
1.102000,7.48326415e-02,6.73326415e-02,4.488843,-5.59199656e-02,2.67628846e-03
1.103000,7.47767001e-02,6.72767001e-02,4.485113,-5.59413610e-02,2.69814529e-03
1.104000,7.47207572e-02,6.72207572e-02,4.481384,-5.59429249e-02,2.72388840e-03
1.105000,7.46648244e-02,6.71648244e-02,4.477655,-5.59327583e-02,2.68703435e-03
1.106000,7.46089038e-02,6.71089038e-02,4.473927,-5.59206546e-02,2.63673910e-03
1.107000,7.45529742e-02,6.70529742e-02,4.470198,-5.59295484e-02,2.67124374e-03
1.108000,7.44970254e-02,6.69970254e-02,4.466468,-5.59488581e-02,2.69617986e-03
1.109000,7.44410730e-02,6.69410730e-02,4.462738,-5.59524264e-02,2.72611322e-03
1.110000,7.43851304e-02,6.68851304e-02,4.459009,-5.59425118e-02,2.69278678e-03
1.111000,7.43292018e-02,6.68292018e-02,4.455280,-5.59286601e-02,2.63022092e-03
1.112000,7.42732650e-02,6.67732650e-02,4.451551,-5.59368174e-02,2.67328967e-03
1.113000,7.42173071e-02,6.67173071e-02,4.447820,-5.59579060e-02,2.70638206e-03
1.114000,7.41613481e-02,6.66613481e-02,4.444090,-5.59589982e-02,2.71971067e-03
1.115000,7.41054012e-02,6.66054012e-02,4.440360,-5.59468653e-02,2.68505339e-03
1.116000,7.40494647e-02,6.65494647e-02,4.436631,-5.59364839e-02,2.63446120e-03
1.117000,7.39935183e-02,6.64935183e-02,4.432901,-5.59464311e-02,2.67432344e-03
1.118000,7.39375523e-02,6.64375523e-02,4.429170,-5.59659443e-02,2.70283841e-03
1.119000,7.38815850e-02,6.63815850e-02,4.425439,-5.59673236e-02,2.72867938e-03
1.120000,7.38256302e-02,6.63256302e-02,4.421709,-5.59547685e-02,2.67967103e-03
1.121000,7.37696879e-02,6.62696879e-02,4.417979,-5.59423935e-02,2.63346989e-03
1.122000,7.37137336e-02,6.62137336e-02,4.414249,-5.59542836e-02,2.68003750e-03
1.123000,7.36577605e-02,6.61577605e-02,4.410517,-5.59731119e-02,2.70564240e-03
1.124000,7.36017883e-02,6.61017883e-02,4.406786,-5.59721188e-02,2.71925260e-03
1.125000,7.35458280e-02,6.60458280e-02,4.403055,-5.59603099e-02,2.67662966e-03
1.126000,7.34898765e-02,6.59898765e-02,4.399325,-5.59515685e-02,2.64234256e-03
1.127000,7.34339136e-02,6.59339136e-02,4.395594,-5.59628885e-02,2.67927737e-03
1.128000,7.33779346e-02,6.58779346e-02,4.391862,-5.59789373e-02,2.69846804e-03
1.129000,7.33219552e-02,6.58219552e-02,4.388130,-5.59794625e-02,2.72568464e-03
1.130000,7.32659863e-02,6.57659863e-02,4.384399,-5.59688723e-02,2.68208064e-03
1.131000,7.32100292e-02,6.57100292e-02,4.380669,-5.59570546e-02,2.62917964e-03
1.132000,7.31540603e-02,6.56540603e-02,4.376937,-5.59689121e-02,2.69288445e-03
1.133000,7.30980735e-02,6.55980735e-02,4.373205,-5.59868776e-02,2.70030105e-03
1.134000,7.30420908e-02,6.55420908e-02,4.369473,-5.59826099e-02,2.72180663e-03
1.135000,7.29861187e-02,6.54861187e-02,4.365741,-5.59721035e-02,2.67082512e-03
1.136000,7.29301552e-02,6.54301552e-02,4.362010,-5.59635498e-02,2.64367971e-03
1.137000,7.28741787e-02,6.53741787e-02,4.358279,-5.59765396e-02,2.68179351e-03
1.138000,7.28181869e-02,6.53181869e-02,4.354546,-5.59917043e-02,2.71247215e-03
1.139000,7.27621980e-02,6.52621980e-02,4.350813,-5.59889268e-02,2.71296050e-03
1.140000,7.27062220e-02,6.52062220e-02,4.347081,-5.59759875e-02,2.68325793e-03
1.141000,7.26502539e-02,6.51502539e-02,4.343350,-5.59681404e-02,2.62540001e-03
1.142000,7.25942736e-02,6.50942736e-02,4.339618,-5.59802796e-02,2.69802779e-03
1.143000,7.25382750e-02,6.50382750e-02,4.335885,-5.59985769e-02,2.70339563e-03
1.144000,7.24822830e-02,6.49822830e-02,4.332152,-5.59920728e-02,2.71516036e-03
1.145000,7.24263012e-02,6.49263012e-02,4.328420,-5.59817254e-02,2.67564334e-03
1.146000,7.23703267e-02,6.48703267e-02,4.324688,-5.59745024e-02,2.64181389e-03
1.147000,7.23143405e-02,6.48143405e-02,4.320956,-5.59862398e-02,2.68153341e-03
1.148000,7.22583384e-02,6.47583384e-02,4.317223,-5.60020633e-02,2.71442519e-03
1.149000,7.22023394e-02,6.47023394e-02,4.313489,-5.59990257e-02,2.71652490e-03
1.150000,7.21463546e-02,6.46463546e-02,4.309757,-5.59848147e-02,2.67362959e-03
1.151000,7.20903771e-02,6.45903771e-02,4.306025,-5.59774997e-02,2.63156331e-03
1.152000,7.20343854e-02,6.45343854e-02,4.302292,-5.59917111e-02,2.69657639e-03
1.153000,7.19783771e-02,6.44783771e-02,4.298558,-5.60082409e-02,2.70718617e-03
1.154000,7.19223756e-02,6.44223756e-02,4.294825,-5.60015432e-02,2.71734841e-03
1.155000,7.18663860e-02,6.43663860e-02,4.291092,-5.59895639e-02,2.66196387e-03
1.156000,7.18104020e-02,6.43104020e-02,4.287360,-5.59840414e-02,2.65030583e-03
1.157000,7.17544032e-02,6.42544032e-02,4.283627,-5.59987696e-02,2.68003990e-03
1.158000,7.16983912e-02,6.41983912e-02,4.279893,-5.60120684e-02,2.71647514e-03
1.159000,7.16423820e-02,6.41423820e-02,4.276159,-5.60091588e-02,2.71650059e-03
1.160000,7.15863877e-02,6.40863877e-02,4.272426,-5.59942789e-02,2.66662124e-03
1.161000,7.15303995e-02,6.40303995e-02,4.268693,-5.59882112e-02,2.62969611e-03
1.162000,7.14743945e-02,6.39743945e-02,4.264960,-5.60050545e-02,2.70184502e-03
1.163000,7.14183732e-02,6.39183732e-02,4.261225,-5.60212657e-02,2.71680541e-03
1.164000,7.13623620e-02,6.38623620e-02,4.257491,-5.60111367e-02,2.70026934e-03
1.165000,7.13063630e-02,6.38063630e-02,4.253758,-5.59990186e-02,2.66390593e-03
1.166000,7.12503643e-02,6.37503643e-02,4.250024,-5.59987617e-02,2.65310318e-03
1.167000,7.11943519e-02,6.36943519e-02,4.246290,-5.60123574e-02,2.67928041e-03
1.168000,7.11383270e-02,6.36383270e-02,4.242555,-5.60248717e-02,2.72754525e-03
1.169000,7.10823068e-02,6.35823068e-02,4.238820,-5.60202540e-02,2.69867485e-03
1.170000,7.10263019e-02,6.35263019e-02,4.235087,-5.60048907e-02,2.67068836e-03
1.171000,7.09702979e-02,6.34702979e-02,4.231353,-5.60039581e-02,2.63735977e-03
1.172000,7.09142798e-02,6.34142798e-02,4.227619,-5.60181104e-02,2.69972541e-03
1.173000,7.08582476e-02,6.33582476e-02,4.223883,-5.60321796e-02,2.71654252e-03
1.174000,7.08022249e-02,6.33022249e-02,4.220148,-5.60227932e-02,2.70157192e-03
1.175000,7.07462143e-02,6.32462143e-02,4.216414,-5.60105311e-02,2.66139853e-03
1.176000,7.06902040e-02,6.31902040e-02,4.212680,-5.60102898e-02,2.65647589e-03
1.177000,7.06341799e-02,6.31341799e-02,4.208945,-5.60241125e-02,2.67953715e-03
1.178000,7.05781444e-02,6.30781444e-02,4.205210,-5.60354738e-02,2.72670770e-03
1.179000,7.05221135e-02,6.30221135e-02,4.201474,-5.60309199e-02,2.71267049e-03
1.180000,7.04661002e-02,6.29661002e-02,4.197740,-5.60133567e-02,2.64920457e-03
1.181000,7.04100885e-02,6.29100885e-02,4.194006,-5.60116269e-02,2.64254444e-03
1.182000,7.03540566e-02,6.28540566e-02,4.190270,-5.60319179e-02,2.70990503e-03
1.183000,7.02980141e-02,6.27980141e-02,4.186534,-5.60424843e-02,2.71220072e-03
1.184000,7.02419836e-02,6.27419836e-02,4.182799,-5.60305225e-02,2.70828417e-03
1.185000,7.01859651e-02,6.26859651e-02,4.179064,-5.60184993e-02,2.64169105e-03
1.186000,7.01299456e-02,6.26299456e-02,4.175330,-5.60195387e-02,2.66692106e-03
1.187000,7.00739076e-02,6.25739076e-02,4.171594,-5.60379865e-02,2.68717561e-03
1.188000,7.00178630e-02,6.25178630e-02,4.167858,-5.60445667e-02,2.72276093e-03
1.189000,6.99618248e-02,6.24618248e-02,4.164122,-5.60382021e-02,2.70760968e-03
1.190000,6.99058020e-02,6.24058020e-02,4.160387,-5.60228301e-02,2.64289775e-03
1.191000,6.98497781e-02,6.23497781e-02,4.156652,-5.60238776e-02,2.65519159e-03
1.192000,6.97937341e-02,6.22937341e-02,4.152916,-5.60440034e-02,2.70565919e-03
1.193000,6.97376829e-02,6.22376829e-02,4.149179,-5.60511671e-02,2.71793406e-03
1.194000,6.96816434e-02,6.21816434e-02,4.145443,-5.60395858e-02,2.70143853e-03
1.195000,6.96256165e-02,6.21256165e-02,4.141708,-5.60268903e-02,2.63817291e-03
1.196000,6.95695857e-02,6.20695857e-02,4.137972,-5.60308000e-02,2.67062598e-03
1.197000,6.95135359e-02,6.20135359e-02,4.134236,-5.60497481e-02,2.68840716e-03
1.198000,6.94574810e-02,6.19574810e-02,4.130499,-5.60548937e-02,2.72175827e-03
1.199000,6.94014327e-02,6.19014327e-02,4.126762,-5.60483020e-02,2.71084316e-03
1.200000,6.93454000e-02,6.18454000e-02,4.123027,-5.60326874e-02,2.63418818e-03
1.201000,6.92893658e-02,6.17893658e-02,4.119291,-5.60342132e-02,2.66157239e-03
1.202000,6.92333098e-02,6.17333098e-02,4.115554,-5.60560709e-02,2.70513812e-03
1.203000,6.91772485e-02,6.16772485e-02,4.111817,-5.60612312e-02,2.71310386e-03
1.204000,6.91211978e-02,6.16211978e-02,4.108080,-5.60506752e-02,2.70772919e-03
1.205000,6.90651594e-02,6.15651594e-02,4.104344,-5.60384536e-02,2.63063140e-03
1.206000,6.90091178e-02,6.15091178e-02,4.100608,-5.60416310e-02,2.66843946e-03
1.207000,6.89530543e-02,6.14530543e-02,4.096870,-5.60634425e-02,2.69757648e-03
1.208000,6.88969866e-02,6.13969866e-02,4.093132,-5.60676847e-02,2.72126501e-03
1.209000,6.88409285e-02,6.13409285e-02,4.089395,-5.60581689e-02,2.70635078e-03
1.210000,6.87848850e-02,6.12848850e-02,4.085659,-5.60435108e-02,2.62902645e-03
1.211000,6.87288375e-02,6.12288375e-02,4.081923,-5.60474247e-02,2.66716858e-03
1.212000,6.86727675e-02,6.11727675e-02,4.078184,-5.60699880e-02,2.70405079e-03
1.213000,6.86166940e-02,6.11166940e-02,4.074446,-5.60735027e-02,2.71998643e-03
1.214000,6.85606320e-02,6.10606320e-02,4.070709,-5.60620867e-02,2.69839971e-03
1.215000,6.85045827e-02,6.10045827e-02,4.066972,-5.60492545e-02,2.63271898e-03
1.216000,6.84485276e-02,6.09485276e-02,4.063235,-5.60551267e-02,2.66881535e-03
1.217000,6.83924514e-02,6.08924514e-02,4.059497,-5.60761861e-02,2.69696048e-03
1.218000,6.83363710e-02,6.08363710e-02,4.055758,-5.60804139e-02,2.72683208e-03
1.219000,6.82803009e-02,6.07803009e-02,4.052020,-5.60701158e-02,2.69964510e-03
1.220000,6.82242460e-02,6.07242460e-02,4.048283,-5.60548152e-02,2.62548631e-03
1.221000,6.81681845e-02,6.06681845e-02,4.044546,-5.60615574e-02,2.67666773e-03
1.222000,6.81121009e-02,6.06121009e-02,4.040807,-5.60836036e-02,2.70095072e-03
1.223000,6.80560163e-02,6.05560163e-02,4.037068,-5.60845468e-02,2.72240572e-03
1.224000,6.79999426e-02,6.04999426e-02,4.033330,-5.60737211e-02,2.69113178e-03
1.225000,6.79438812e-02,6.04438812e-02,4.029592,-5.60613797e-02,2.63688990e-03
1.226000,6.78878123e-02,6.03878123e-02,4.025854,-5.60689011e-02,2.67284272e-03
1.227000,6.78317245e-02,6.03317245e-02,4.022115,-5.60878786e-02,2.69429895e-03
1.228000,6.77756332e-02,6.02756332e-02,4.018376,-5.60912543e-02,2.73094553e-03
1.229000,6.77195521e-02,6.02195521e-02,4.014637,-5.60811030e-02,2.69227716e-03
1.230000,6.76634863e-02,6.01634863e-02,4.010899,-5.60657544e-02,2.62990407e-03
1.231000,6.76074122e-02,6.01074122e-02,4.007161,-5.60741351e-02,2.67702212e-03
1.232000,6.75513175e-02,6.00513175e-02,4.003421,-5.60946677e-02,2.70572408e-03
1.233000,6.74952229e-02,5.99952229e-02,3.999682,-5.60946504e-02,2.72198429e-03
1.234000,6.74391406e-02,5.99391406e-02,3.995943,-5.60823316e-02,2.68671359e-03
1.235000,6.73830696e-02,5.98830696e-02,3.992205,-5.60709099e-02,2.63446216e-03
1.236000,6.73269893e-02,5.98269893e-02,3.988466,-5.60803117e-02,2.67443521e-03
1.237000,6.72708895e-02,5.97708895e-02,3.984726,-5.60998048e-02,2.70463421e-03
1.238000,6.72147887e-02,5.97147887e-02,3.980986,-5.61008299e-02,2.73006334e-03
1.239000,6.71587013e-02,5.96587013e-02,3.977247,-5.60874403e-02,2.68083281e-03
1.240000,6.71026269e-02,5.96026269e-02,3.973508,-5.60744052e-02,2.63379280e-03
1.241000,6.70465410e-02,5.95465410e-02,3.969769,-5.60858567e-02,2.68140446e-03
1.242000,6.69904367e-02,5.94904367e-02,3.966029,-5.61043373e-02,2.70653295e-03
1.243000,6.69343339e-02,5.94343339e-02,3.962289,-5.61027378e-02,2.71962853e-03
1.244000,6.68782434e-02,5.93782434e-02,3.958550,-5.60905699e-02,2.68031421e-03
1.245000,6.68221623e-02,5.93221623e-02,3.954811,-5.60810535e-02,2.64107889e-03
1.246000,6.67660709e-02,5.92660709e-02,3.951071,-5.60913868e-02,2.68135759e-03
1.247000,6.67099634e-02,5.92099634e-02,3.947331,-5.61074828e-02,2.70215594e-03
1.248000,6.66538568e-02,5.91538568e-02,3.943590,-5.61066727e-02,2.72404735e-03
1.249000,6.65977616e-02,5.90977616e-02,3.939851,-5.60951608e-02,2.68208806e-03
1.250000,6.65416777e-02,5.90416777e-02,3.936112,-5.60838796e-02,2.63052117e-03
1.251000,6.64855822e-02,5.89855822e-02,3.932372,-5.60954974e-02,2.69629953e-03
1.252000,6.64294698e-02,5.89294698e-02,3.928631,-5.61124183e-02,2.70427597e-03
1.253000,6.63733635e-02,5.88733635e-02,3.924891,-5.61063262e-02,2.71845662e-03
1.254000,6.63172684e-02,5.88172684e-02,3.921151,-5.60951067e-02,2.67612935e-03
1.255000,6.62611817e-02,5.87611817e-02,3.917412,-5.60867153e-02,2.64271858e-03
1.256000,6.62050835e-02,5.87050835e-02,3.913672,-5.60981330e-02,2.67943839e-03
1.257000,6.61489695e-02,5.86489695e-02,3.909931,-5.61140299e-02,2.71434905e-03
1.258000,6.60928578e-02,5.85928578e-02,3.906191,-5.61116939e-02,2.71864817e-03
1.259000,6.60367607e-02,5.85367607e-02,3.902451,-5.60971324e-02,2.67799047e-03
1.260000,6.59806723e-02,5.84806723e-02,3.898711,-5.60883489e-02,2.62846240e-03
1.261000,6.59245706e-02,5.84245706e-02,3.894971,-5.61016765e-02,2.70074161e-03
1.262000,6.58684522e-02,5.83684522e-02,3.891230,-5.61184881e-02,2.70626815e-03
1.263000,6.58123416e-02,5.83123416e-02,3.887489,-5.61105848e-02,2.71721366e-03
1.264000,6.57562426e-02,5.82562426e-02,3.883750,-5.60989309e-02,2.66579509e-03
1.265000,6.57001499e-02,5.82001499e-02,3.880010,-5.60927751e-02,2.65120567e-03
1.266000,6.56440438e-02,5.81440438e-02,3.876270,-5.61060860e-02,2.67856519e-03
1.267000,6.55879244e-02,5.80879244e-02,3.872528,-5.61193500e-02,2.71921604e-03
1.268000,6.55318080e-02,5.80318080e-02,3.868787,-5.61164400e-02,2.71604556e-03
1.269000,6.54757072e-02,5.79757072e-02,3.865047,-5.61007404e-02,2.66866452e-03
1.270000,6.54196128e-02,5.79196128e-02,3.861308,-5.60944609e-02,2.63010206e-03
1.271000,6.53635022e-02,5.78635022e-02,3.857567,-5.61105613e-02,2.70472849e-03
1.272000,6.53073761e-02,5.78073761e-02,3.853825,-5.61261293e-02,2.71504057e-03
1.273000,6.52512607e-02,5.77512607e-02,3.850084,-5.61153654e-02,2.70176648e-03
1.274000,6.51951572e-02,5.76951572e-02,3.846344,-5.61035621e-02,2.66463916e-03
1.275000,6.51390545e-02,5.76390545e-02,3.842604,-5.61026839e-02,2.65421153e-03
1.276000,6.50829386e-02,5.75829386e-02,3.838863,-5.61158428e-02,2.67955456e-03
1.277000,6.50268107e-02,5.75268107e-02,3.835121,-5.61279446e-02,2.73002230e-03
1.278000,6.49706879e-02,5.74706879e-02,3.831379,-5.61227988e-02,2.70163018e-03
1.279000,6.49145818e-02,5.74145818e-02,3.827639,-5.61060995e-02,2.66766106e-03
1.280000,6.48584771e-02,5.73584771e-02,3.823898,-5.61047316e-02,2.63993700e-03
1.281000,6.48023576e-02,5.73023576e-02,3.820157,-5.61194223e-02,2.69985290e-03
1.282000,6.47462250e-02,5.72462250e-02,3.816415,-5.61326226e-02,2.71661628e-03
1.283000,6.46901018e-02,5.71901018e-02,3.812673,-5.61231812e-02,2.70577372e-03
1.284000,6.46339917e-02,5.71339917e-02,3.808933,-5.61101519e-02,2.65837014e-03
1.285000,6.45778826e-02,5.70778826e-02,3.805192,-5.61090662e-02,2.65614933e-03
1.286000,6.45217587e-02,5.70217587e-02,3.801451,-5.61239413e-02,2.68483064e-03
1.287000,6.44656242e-02,5.69656242e-02,3.797708,-5.61344737e-02,2.72588417e-03
1.288000,6.44094959e-02,5.69094959e-02,3.793966,-5.61283269e-02,2.71369758e-03
1.289000,6.43533850e-02,5.68533850e-02,3.790226,-5.61108526e-02,2.64581020e-03
1.290000,6.42972756e-02,5.67972756e-02,3.786485,-5.61093857e-02,2.65005065e-03
1.291000,6.42411462e-02,5.67411462e-02,3.782743,-5.61294641e-02,2.70694407e-03
1.292000,6.41850081e-02,5.66850081e-02,3.779001,-5.61380890e-02,2.71458086e-03
1.293000,6.41288814e-02,5.66288814e-02,3.775259,-5.61266787e-02,2.70639091e-03
1.294000,6.40727672e-02,5.65727672e-02,3.771518,-5.61142086e-02,2.64113810e-03
1.295000,6.40166512e-02,5.65166512e-02,3.767777,-5.61159675e-02,2.66707946e-03
1.296000,6.39605167e-02,5.64605167e-02,3.764034,-5.61345690e-02,2.69100903e-03
1.297000,6.39043762e-02,5.64043762e-02,3.760292,-5.61404193e-02,2.72656979e-03
1.298000,6.38482441e-02,5.63482441e-02,3.756550,-5.61321222e-02,2.70544591e-03
1.299000,6.37921282e-02,5.62921282e-02,3.752809,-5.61158819e-02,2.64205495e-03
1.300000,6.37360105e-02,5.62360105e-02,3.749067,-5.61177890e-02,2.66019515e-03
1.301000,6.36798731e-02,5.61798731e-02,3.745325,-5.61373068e-02,2.70174187e-03
1.302000,6.36237296e-02,5.61237296e-02,3.741582,-5.61435200e-02,2.71795051e-03
1.303000,6.35675964e-02,5.60675964e-02,3.737840,-5.61332223e-02,2.70669144e-03
1.304000,6.35114768e-02,5.60114768e-02,3.734098,-5.61195924e-02,2.63474772e-03
1.305000,6.34553544e-02,5.59553544e-02,3.730357,-5.61223827e-02,2.66717102e-03
1.306000,6.33992114e-02,5.58992114e-02,3.726614,-5.61430667e-02,2.69816187e-03
1.307000,6.33430637e-02,5.58430637e-02,3.722871,-5.61476219e-02,2.71951905e-03
1.308000,6.32869255e-02,5.57869255e-02,3.719128,-5.61382226e-02,2.70921258e-03
1.309000,6.32308019e-02,5.57308019e-02,3.715387,-5.61236318e-02,2.63286201e-03
1.310000,6.31746760e-02,5.56746760e-02,3.711645,-5.61259276e-02,2.66410305e-03
1.311000,6.31185282e-02,5.56185282e-02,3.707902,-5.61477734e-02,2.70693196e-03
1.312000,6.30623764e-02,5.55623764e-02,3.704158,-5.61517853e-02,2.71411622e-03
1.313000,6.30062359e-02,5.55062359e-02,3.700416,-5.61404612e-02,2.70604842e-03
1.314000,6.29501077e-02,5.54501077e-02,3.696674,-5.61282043e-02,2.63399583e-03
1.315000,6.28939764e-02,5.53939764e-02,3.692932,-5.61313387e-02,2.66627662e-03
1.316000,6.28378240e-02,5.53378240e-02,3.689188,-5.61524278e-02,2.69708228e-03
1.317000,6.27816665e-02,5.52816665e-02,3.685444,-5.61574677e-02,2.72774222e-03
1.318000,6.27255195e-02,5.52255195e-02,3.681701,-5.61469687e-02,2.70286058e-03
1.319000,6.26693887e-02,5.51693887e-02,3.677959,-5.61308006e-02,2.62587640e-03
1.320000,6.26132523e-02,5.51132523e-02,3.674217,-5.61364178e-02,2.67492857e-03
1.321000,6.25570937e-02,5.50570937e-02,3.670473,-5.61586434e-02,2.70288710e-03
1.322000,6.25009339e-02,5.50009339e-02,3.666729,-5.61598154e-02,2.72165578e-03
1.323000,6.24447854e-02,5.49447854e-02,3.662986,-5.61484863e-02,2.69401602e-03
1.324000,6.23886495e-02,5.48886495e-02,3.659243,-5.61358811e-02,2.63523941e-03
1.325000,6.23325067e-02,5.48325067e-02,3.655500,-5.61427473e-02,2.67492264e-03
1.326000,6.22763448e-02,5.47763448e-02,3.651756,-5.61618990e-02,2.69334362e-03
1.327000,6.22201801e-02,5.47201801e-02,3.648012,-5.61647605e-02,2.73262322e-03
1.328000,6.21640255e-02,5.46640255e-02,3.644268,-5.61546262e-02,2.69280474e-03
1.329000,6.21078868e-02,5.46078868e-02,3.640526,-5.61386334e-02,2.63034080e-03
1.330000,6.20517401e-02,5.45517401e-02,3.636783,-5.61467636e-02,2.67729194e-03
1.331000,6.19955730e-02,5.44955730e-02,3.633038,-5.61671051e-02,2.70688014e-03
1.332000,6.19394062e-02,5.44394062e-02,3.629294,-5.61667948e-02,2.72179107e-03
1.333000,6.18832520e-02,5.43832520e-02,3.625550,-5.61541304e-02,2.68721299e-03
1.334000,6.18271093e-02,5.43271093e-02,3.621807,-5.61426838e-02,2.63542558e-03
1.335000,6.17709576e-02,5.42709576e-02,3.618064,-5.61517513e-02,2.67537093e-03
1.336000,6.17147868e-02,5.42147868e-02,3.614319,-5.61707625e-02,2.70445152e-03
1.337000,6.16586153e-02,5.41586153e-02,3.610574,-5.61715126e-02,2.73101428e-03
1.338000,6.16024573e-02,5.41024573e-02,3.606830,-5.61580148e-02,2.68194953e-03
1.339000,6.15463128e-02,5.40463128e-02,3.603088,-5.61444700e-02,2.63480233e-03
1.340000,6.14901575e-02,5.39901575e-02,3.599344,-5.61553762e-02,2.68282402e-03
1.341000,6.14339842e-02,5.39339842e-02,3.595599,-5.61732742e-02,2.70581861e-03
1.342000,6.13778128e-02,5.38778128e-02,3.591854,-5.61713348e-02,2.72302023e-03
1.343000,6.13216540e-02,5.38216540e-02,3.588110,-5.61588017e-02,2.67791777e-03
1.344000,6.12655054e-02,5.37655054e-02,3.584367,-5.61485952e-02,2.64061973e-03
1.345000,6.12093457e-02,5.37093457e-02,3.580623,-5.61597968e-02,2.68432264e-03
1.346000,6.11531701e-02,5.36531701e-02,3.576878,-5.61755192e-02,2.70539205e-03
1.347000,6.10969970e-02,5.35969970e-02,3.573133,-5.61731631e-02,2.72315883e-03
1.348000,6.10408362e-02,5.35408362e-02,3.569389,-5.61607456e-02,2.68017698e-03
1.349000,6.09846861e-02,5.34846861e-02,3.565646,-5.61500941e-02,2.63174218e-03
1.350000,6.09285240e-02,5.34285240e-02,3.561902,-5.61621236e-02,2.69912234e-03
1.351000,6.08723459e-02,5.33723459e-02,3.558156,-5.61781444e-02,2.70545062e-03
1.352000,6.08161749e-02,5.33161749e-02,3.554412,-5.61709174e-02,2.71611639e-03
1.353000,6.07600152e-02,5.32600152e-02,3.550668,-5.61597260e-02,2.67717318e-03
1.354000,6.07038633e-02,5.32038633e-02,3.546924,-5.61519186e-02,2.64528314e-03
1.355000,6.06477008e-02,5.31477008e-02,3.543180,-5.61625400e-02,2.68315851e-03
1.356000,6.05915238e-02,5.30915238e-02,3.539435,-5.61769368e-02,2.71416468e-03
1.357000,6.05353504e-02,5.30353504e-02,3.535690,-5.61734116e-02,2.71881545e-03
1.358000,6.04791915e-02,5.29791915e-02,3.531946,-5.61588811e-02,2.67459556e-03
1.359000,6.04230409e-02,5.29230409e-02,3.528203,-5.61506430e-02,2.63309853e-03
1.360000,6.03668766e-02,5.28668766e-02,3.524458,-5.61642657e-02,2.69913464e-03
1.361000,6.03106968e-02,5.28106968e-02,3.520713,-5.61798389e-02,2.70899455e-03
1.362000,6.02545248e-02,5.27545248e-02,3.516968,-5.61719812e-02,2.71415362e-03
1.363000,6.01983648e-02,5.26983648e-02,3.513224,-5.61599730e-02,2.66371741e-03
1.364000,6.01422096e-02,5.26422096e-02,3.509481,-5.61551896e-02,2.65404274e-03
1.365000,6.00860410e-02,5.25860410e-02,3.505736,-5.61686811e-02,2.68240161e-03
1.366000,6.00298606e-02,5.25298606e-02,3.501991,-5.61803350e-02,2.72022239e-03
1.367000,5.99736846e-02,5.24736846e-02,3.498246,-5.61759871e-02,2.71055193e-03
1.368000,5.99175237e-02,5.24175237e-02,3.494502,-5.61609285e-02,2.66859100e-03
1.369000,5.98613672e-02,5.23613672e-02,3.490758,-5.61564661e-02,2.63561267e-03
1.370000,5.98051956e-02,5.23051956e-02,3.487013,-5.61716162e-02,2.70062073e-03
1.371000,5.97490095e-02,5.22490095e-02,3.483267,-5.61861009e-02,2.72170010e-03
1.372000,5.96928340e-02,5.21928340e-02,3.479522,-5.61755083e-02,2.69829296e-03
1.373000,5.96366719e-02,5.21366719e-02,3.475778,-5.61621322e-02,2.66703941e-03
1.374000,5.95805099e-02,5.20805099e-02,3.472034,-5.61619703e-02,2.65658790e-03
1.375000,5.95243360e-02,5.20243360e-02,3.468289,-5.61739207e-02,2.67941201e-03
1.376000,5.94681507e-02,5.19681507e-02,3.464543,-5.61852673e-02,2.72717165e-03
1.377000,5.94119701e-02,5.19119701e-02,3.460798,-5.61806724e-02,2.71185583e-03
1.378000,5.93558070e-02,5.18558070e-02,3.457054,-5.61631010e-02,2.65701386e-03
1.379000,5.92996467e-02,5.17996467e-02,3.453310,-5.61602577e-02,2.64104863e-03
1.380000,5.92434684e-02,5.17434684e-02,3.449565,-5.61782486e-02,2.70828521e-03
1.381000,5.91872789e-02,5.16872789e-02,3.445819,-5.61895926e-02,2.71578553e-03
1.382000,5.91311013e-02,5.16311013e-02,3.442073,-5.61775288e-02,2.71099440e-03
1.383000,5.90749375e-02,5.15749375e-02,3.438329,-5.61638491e-02,2.64286863e-03
1.384000,5.90187737e-02,5.15187737e-02,3.434585,-5.61637901e-02,2.66819886e-03
1.385000,5.89625921e-02,5.14625921e-02,3.430839,-5.61816253e-02,2.68776764e-03
1.386000,5.89064044e-02,5.14064044e-02,3.427094,-5.61876811e-02,2.72590522e-03
1.387000,5.88502238e-02,5.13502238e-02,3.423348,-5.61805661e-02,2.70897086e-03
1.388000,5.87940599e-02,5.12940599e-02,3.419604,-5.61639207e-02,2.64223522e-03
1.389000,5.87378953e-02,5.12378953e-02,3.415860,-5.61646383e-02,2.65838889e-03
1.390000,5.86817108e-02,5.11817108e-02,3.412114,-5.61844163e-02,2.70515359e-03
1.391000,5.86255202e-02,5.11255202e-02,3.408368,-5.61906194e-02,2.71904701e-03
1.392000,5.85693412e-02,5.10693412e-02,3.404623,-5.61790073e-02,2.70502092e-03
1.393000,5.85131759e-02,5.10131759e-02,3.400878,-5.61653128e-02,2.63897780e-03
1.394000,5.84570080e-02,5.09570080e-02,3.397134,-5.61679036e-02,2.67068620e-03
1.395000,5.84008214e-02,5.09008214e-02,3.393388,-5.61865768e-02,2.69258655e-03
1.396000,5.83446305e-02,5.08446305e-02,3.389642,-5.61909635e-02,2.72244652e-03
1.397000,5.82884476e-02,5.07884476e-02,3.385897,-5.61828775e-02,2.71091187e-03
1.398000,5.82322806e-02,5.07322806e-02,3.382152,-5.61670248e-02,2.63384082e-03
1.399000,5.81761120e-02,5.06761120e-02,3.378407,-5.61685894e-02,2.66196784e-03
1.400000,5.81199215e-02,5.06199215e-02,3.374661,-5.61904913e-02,2.70840513e-03
1.401000,5.80637265e-02,5.05637265e-02,3.370915,-5.61949440e-02,2.71500206e-03
1.402000,5.80075435e-02,5.05075435e-02,3.367170,-5.61829794e-02,2.70762390e-03
1.403000,5.79513734e-02,5.04513734e-02,3.363425,-5.61701530e-02,2.63091467e-03
1.404000,5.78952001e-02,5.03952001e-02,3.359680,-5.61733148e-02,2.67017788e-03
1.405000,5.78390054e-02,5.03390054e-02,3.355934,-5.61947259e-02,2.69604108e-03
1.406000,5.77828067e-02,5.02828067e-02,3.352187,-5.61986687e-02,2.72841543e-03
1.407000,5.77266183e-02,5.02266183e-02,3.348441,-5.61883926e-02,2.70318530e-03
1.408000,5.76704463e-02,5.01704463e-02,3.344696,-5.61719460e-02,2.62843991e-03
1.409000,5.76142693e-02,5.01142693e-02,3.340951,-5.61770032e-02,2.67378191e-03
1.410000,5.75580708e-02,5.00580708e-02,3.337205,-5.61985897e-02,2.70252108e-03
1.411000,5.75018705e-02,5.00018705e-02,3.333458,-5.62002030e-02,2.72140617e-03
1.412000,5.74456815e-02,4.99456815e-02,3.329712,-5.61890383e-02,2.69973896e-03
1.413000,5.73895060e-02,4.98895060e-02,3.325967,-5.61755031e-02,2.63034812e-03
1.414000,5.73333247e-02,4.98333247e-02,3.322222,-5.61813546e-02,2.67712478e-03
1.415000,5.72771229e-02,4.97771229e-02,3.318475,-5.62017233e-02,2.69320145e-03
1.416000,5.72209190e-02,4.97209190e-02,3.314728,-5.62038868e-02,2.73328621e-03
1.417000,5.71647254e-02,4.96647254e-02,3.310982,-5.61936820e-02,2.69353573e-03
1.418000,5.71085480e-02,4.96085480e-02,3.307237,-5.61773421e-02,2.63160988e-03
1.419000,5.70523630e-02,4.95523630e-02,3.303491,-5.61850078e-02,2.67762747e-03
1.420000,5.69961581e-02,4.94961581e-02,3.299744,-5.62048732e-02,2.70568477e-03
1.421000,5.69399535e-02,4.94399535e-02,3.295997,-5.62046641e-02,2.72399613e-03
1.422000,5.68837615e-02,4.93837615e-02,3.292251,-5.61920023e-02,2.68795943e-03
1.423000,5.68275818e-02,4.93275818e-02,3.288505,-5.61796996e-02,2.63544951e-03
1.424000,5.67713933e-02,4.92713933e-02,3.284760,-5.61885176e-02,2.67563308e-03
1.425000,5.67151858e-02,4.92151858e-02,3.281012,-5.62074747e-02,2.70554845e-03
1.426000,5.66589778e-02,4.91589778e-02,3.277265,-5.62079447e-02,2.73187310e-03
1.427000,5.66027839e-02,4.91027839e-02,3.273519,-5.61939348e-02,2.68108242e-03
1.428000,5.65466036e-02,4.90466036e-02,3.269774,-5.61802613e-02,2.63561120e-03
1.429000,5.64904123e-02,4.89904123e-02,3.266027,-5.61913092e-02,2.68320270e-03
1.430000,5.64342035e-02,4.89342035e-02,3.262280,-5.62088746e-02,2.70613648e-03
1.431000,5.63779967e-02,4.88779967e-02,3.258533,-5.62067546e-02,2.72341084e-03
1.432000,5.63218027e-02,4.88218027e-02,3.254787,-5.61940480e-02,2.67751249e-03
1.433000,5.62656189e-02,4.87656189e-02,3.251041,-5.61837849e-02,2.64089326e-03
1.434000,5.62094238e-02,4.87094238e-02,3.247295,-5.61950712e-02,2.68564584e-03
1.435000,5.61532133e-02,4.86532133e-02,3.243548,-5.62104699e-02,2.70569545e-03
1.436000,5.60970057e-02,4.85970057e-02,3.239800,-5.62076255e-02,2.72346440e-03
1.437000,5.60408106e-02,4.85408106e-02,3.236054,-5.61950543e-02,2.68061227e-03
1.438000,5.59846264e-02,4.84846264e-02,3.232308,-5.61842255e-02,2.63221016e-03
1.439000,5.59284304e-02,4.84284304e-02,3.228562,-5.61960293e-02,2.69957417e-03
1.440000,5.58722186e-02,4.83722186e-02,3.224815,-5.62118165e-02,2.70588377e-03
1.441000,5.58160142e-02,4.83160142e-02,3.221068,-5.62043645e-02,2.71628891e-03
1.442000,5.57598212e-02,4.82598212e-02,3.217321,-5.61930004e-02,2.67778261e-03
1.443000,5.57036362e-02,4.82036362e-02,3.213576,-5.61850285e-02,2.64503299e-03
1.444000,5.56474407e-02,4.81474407e-02,3.209829,-5.61954940e-02,2.68269274e-03
1.445000,5.55912306e-02,4.80912306e-02,3.206082,-5.62100553e-02,2.71598535e-03
1.446000,5.55350243e-02,4.80350243e-02,3.202335,-5.62063611e-02,2.71968572e-03
1.447000,5.54788332e-02,4.79788332e-02,3.198589,-5.61910788e-02,2.67556189e-03
1.448000,5.54226508e-02,4.79226508e-02,3.194843,-5.61823840e-02,2.63054281e-03
1.449000,5.53664547e-02,4.78664547e-02,3.191097,-5.61961413e-02,2.70074980e-03
1.450000,5.53102424e-02,4.78102424e-02,3.187349,-5.62122682e-02,2.71227611e-03
1.451000,5.52540391e-02,4.77540391e-02,3.183603,-5.62032997e-02,2.71206239e-03
1.452000,5.51978485e-02,4.76978485e-02,3.179857,-5.61905837e-02,2.66404313e-03
1.453000,5.51416621e-02,4.76416621e-02,3.176111,-5.61864295e-02,2.65194398e-03
1.454000,5.50854619e-02,4.75854619e-02,3.172364,-5.62001851e-02,2.68544722e-03
1.455000,5.50292499e-02,4.75292499e-02,3.168617,-5.62119897e-02,2.72347312e-03
1.456000,5.49730438e-02,4.74730438e-02,3.164870,-5.62060667e-02,2.70814850e-03
1.457000,5.49168535e-02,4.74168535e-02,3.161124,-5.61903656e-02,2.66637230e-03
1.458000,5.48606664e-02,4.73606664e-02,3.157378,-5.61870849e-02,2.63994919e-03
1.459000,5.48044642e-02,4.73044642e-02,3.153631,-5.62021967e-02,2.70119218e-03
1.460000,5.47482490e-02,4.72482490e-02,3.149883,-5.62151562e-02,2.71852285e-03
1.461000,5.46920441e-02,4.71920441e-02,3.146136,-5.62049378e-02,2.70211358e-03
1.462000,5.46358522e-02,4.71358522e-02,3.142390,-5.61919295e-02,2.66503754e-03
1.463000,5.45796613e-02,4.70796613e-02,3.138644,-5.61908668e-02,2.65788369e-03
1.464000,5.45234581e-02,4.70234581e-02,3.134897,-5.62032455e-02,2.68068929e-03
1.465000,5.44672441e-02,4.69672441e-02,3.131150,-5.62139407e-02,2.72704904e-03
1.466000,5.44110352e-02,4.69110352e-02,3.127402,-5.62089480e-02,2.71495745e-03
1.467000,5.43548443e-02,4.68548443e-02,3.123656,-5.61908684e-02,2.65242642e-03
1.468000,5.42986565e-02,4.67986565e-02,3.119910,-5.61878177e-02,2.64459350e-03
1.469000,5.42424498e-02,4.67424498e-02,3.116163,-5.62066883e-02,2.71009389e-03
1.470000,5.41862333e-02,4.66862333e-02,3.112416,-5.62165483e-02,2.71541691e-03
1.471000,5.41300293e-02,4.66300293e-02,3.108669,-5.62039557e-02,2.70778032e-03
1.472000,5.40738383e-02,4.65738383e-02,3.104923,-5.61909654e-02,2.64423388e-03
1.473000,5.40176466e-02,4.65176466e-02,3.101176,-5.61917206e-02,2.66953526e-03
1.474000,5.39614377e-02,4.64614377e-02,3.097429,-5.62088710e-02,2.68882737e-03
1.475000,5.39052234e-02,4.64052234e-02,3.093682,-5.62143006e-02,2.72600437e-03
1.476000,5.38490166e-02,4.63490166e-02,3.089934,-5.62068200e-02,2.70655559e-03
1.477000,5.37928260e-02,4.62928260e-02,3.086188,-5.61905692e-02,2.64301845e-03
1.478000,5.37366341e-02,4.62366341e-02,3.082442,-5.61919415e-02,2.66175679e-03
1.479000,5.36804232e-02,4.61804232e-02,3.078695,-5.62108666e-02,2.70201942e-03
1.480000,5.36242067e-02,4.61242067e-02,3.074947,-5.62165179e-02,2.71836584e-03
1.481000,5.35680007e-02,4.60680007e-02,3.071200,-5.62060556e-02,2.70922053e-03
1.482000,5.35118088e-02,4.60118088e-02,3.067454,-5.61918421e-02,2.63586233e-03
1.483000,5.34556152e-02,4.59556152e-02,3.063708,-5.61936047e-02,2.66789507e-03
1.484000,5.33994014e-02,4.58994014e-02,3.059960,-5.62137946e-02,2.69910885e-03
1.485000,5.33431835e-02,4.58431835e-02,3.056212,-5.62179446e-02,2.72056260e-03
1.486000,5.32869754e-02,4.57869754e-02,3.052465,-5.62080497e-02,2.71001773e-03
1.487000,5.32307825e-02,4.57307825e-02,3.048719,-5.61929738e-02,2.63381439e-03
1.488000,5.31745876e-02,4.56745876e-02,3.044973,-5.61948367e-02,2.66528774e-03
1.489000,5.31183715e-02,4.56183715e-02,3.041225,-5.62161602e-02,2.70673498e-03
1.490000,5.30621516e-02,4.55621516e-02,3.037477,-5.62198180e-02,2.71664005e-03
1.491000,5.30059435e-02,4.55059435e-02,3.033730,-5.62081122e-02,2.70548633e-03
1.492000,5.29497484e-02,4.54497484e-02,3.029983,-5.61951258e-02,2.63459111e-03
1.493000,5.28935501e-02,4.53935501e-02,3.026237,-5.61983396e-02,2.66934941e-03
1.494000,5.28373314e-02,4.53373314e-02,3.022489,-5.62186898e-02,2.69566029e-03
1.495000,5.27811084e-02,4.52811084e-02,3.018741,-5.62229720e-02,2.73003087e-03
1.496000,5.27248959e-02,4.52248959e-02,3.014993,-5.62125353e-02,2.70172734e-03
1.497000,5.26687001e-02,4.51687001e-02,3.011247,-5.61958160e-02,2.62748591e-03
1.498000,5.26124985e-02,4.51124985e-02,3.007500,-5.62015207e-02,2.67710276e-03
1.499000,5.25562757e-02,4.50562757e-02,3.003752,-5.62228332e-02,2.70349919e-03
1.500000,5.25000525e-02,4.50000525e-02,3.000004,-5.62231829e-02,2.72375602e-03
1.501000,5.24438412e-02,4.49438412e-02,2.996256,-5.62112815e-02,2.69263434e-03
1.502000,5.23876430e-02,4.48876430e-02,2.992510,-5.61982309e-02,2.63878729e-03
1.503000,5.23314381e-02,4.48314381e-02,2.988763,-5.62049233e-02,2.67471101e-03
1.504000,5.22752151e-02,4.47752151e-02,2.985014,-5.62229473e-02,2.69547450e-03
1.505000,5.22189896e-02,4.47189896e-02,2.981266,-5.62255016e-02,2.73017517e-03
1.506000,5.21627745e-02,4.46627745e-02,2.977518,-5.62151004e-02,2.69658333e-03
1.507000,5.21065753e-02,4.46065753e-02,2.973772,-5.61992433e-02,2.63171243e-03
1.508000,5.20503694e-02,4.45503694e-02,2.970025,-5.62058900e-02,2.67575212e-03
1.509000,5.19941433e-02,4.44941433e-02,2.966276,-5.62260533e-02,2.71070747e-03
1.510000,5.19379178e-02,4.44379178e-02,2.962528,-5.62255719e-02,2.72330872e-03
1.511000,5.18817064e-02,4.43817064e-02,2.958780,-5.62113822e-02,2.68186017e-03
1.512000,5.18255060e-02,4.43255060e-02,2.955034,-5.62003838e-02,2.63991405e-03
1.513000,5.17692956e-02,4.42692956e-02,2.951286,-5.62104154e-02,2.67845717e-03
1.514000,5.17130682e-02,4.42130682e-02,2.947538,-5.62274068e-02,2.70422052e-03
1.515000,5.16568410e-02,4.41568410e-02,2.943789,-5.62271842e-02,2.72771695e-03
1.516000,5.16006267e-02,4.41006267e-02,2.940042,-5.62143454e-02,2.68719878e-03
1.517000,5.15444257e-02,4.40444257e-02,2.936295,-5.62009552e-02,2.63167824e-03
1.518000,5.14882150e-02,4.39882150e-02,2.932548,-5.62106899e-02,2.69069305e-03
1.519000,5.14319868e-02,4.39319868e-02,2.928799,-5.62282223e-02,2.70521493e-03
1.520000,5.13757630e-02,4.38757630e-02,2.925051,-5.62238054e-02,2.72210266e-03
1.521000,5.13195513e-02,4.38195513e-02,2.921303,-5.62116328e-02,2.67661104e-03
1.522000,5.12633494e-02,4.37633494e-02,2.917557,-5.62019588e-02,2.64323405e-03
1.523000,5.12071363e-02,4.37071363e-02,2.913809,-5.62131272e-02,2.68625632e-03
1.524000,5.11509086e-02,4.36509086e-02,2.910061,-5.62276491e-02,2.71327699e-03
1.525000,5.10946854e-02,4.35946854e-02,2.906312,-5.62232635e-02,2.71617618e-03
1.526000,5.10384759e-02,4.35384759e-02,2.902565,-5.62094913e-02,2.68431977e-03
1.527000,5.09822755e-02,4.34822755e-02,2.898818,-5.62004004e-02,2.63064832e-03
1.528000,5.09260642e-02,4.34260642e-02,2.895071,-5.62112628e-02,2.70188858e-03
1.529000,5.08698370e-02,4.33698370e-02,2.891322,-5.62271536e-02,2.70461527e-03
1.530000,5.08136179e-02,4.33136179e-02,2.887575,-5.62191659e-02,2.71855465e-03
1.531000,5.07574101e-02,4.32574101e-02,2.883827,-5.62078177e-02,2.67051667e-03
1.532000,5.07012097e-02,4.32012097e-02,2.880081,-5.62003866e-02,2.65459875e-03
1.533000,5.06449981e-02,4.31449981e-02,2.876333,-5.62115468e-02,2.67731021e-03
1.534000,5.05887742e-02,4.30887742e-02,2.872585,-5.62239183e-02,2.71967049e-03
1.535000,5.05325529e-02,4.30325529e-02,2.868837,-5.62213402e-02,2.71744107e-03
1.536000,5.04763476e-02,4.29763476e-02,2.865090,-5.62052446e-02,2.67280807e-03
1.537000,5.04201498e-02,4.29201498e-02,2.861343,-5.61977740e-02,2.63092338e-03
1.538000,5.03639375e-02,4.28639375e-02,2.857596,-5.62123683e-02,2.70505426e-03
1.539000,5.03077099e-02,4.28077099e-02,2.853847,-5.62276090e-02,2.71596485e-03
1.540000,5.02514933e-02,4.27514933e-02,2.850100,-5.62165746e-02,2.70469705e-03
1.541000,5.01952893e-02,4.26952893e-02,2.846353,-5.62039496e-02,2.66492988e-03
1.542000,5.01390873e-02,4.26390873e-02,2.842606,-5.62020575e-02,2.65569742e-03
1.543000,5.00828724e-02,4.25828724e-02,2.838858,-5.62148582e-02,2.68079096e-03
1.544000,5.00266462e-02,4.25266462e-02,2.835110,-5.62262534e-02,2.73149077e-03
1.545000,4.99704257e-02,4.24704257e-02,2.831362,-5.62204419e-02,2.70490071e-03
1.546000,4.99142231e-02,4.24142231e-02,2.827615,-5.62026819e-02,2.66592366e-03
1.547000,4.98580225e-02,4.23580225e-02,2.823868,-5.62005471e-02,2.64338571e-03
1.548000,4.98018073e-02,4.23018073e-02,2.820120,-5.62151986e-02,2.70199402e-03
1.549000,4.97455804e-02,4.22455804e-02,2.816372,-5.62268877e-02,2.71699562e-03
1.550000,4.96893637e-02,4.21893637e-02,2.812624,-5.62166760e-02,2.70873055e-03
1.551000,4.96331607e-02,4.21331607e-02,2.808877,-5.62029992e-02,2.65269521e-03
1.552000,4.95769588e-02,4.20769588e-02,2.805131,-5.62019460e-02,2.66079801e-03
1.553000,4.95207409e-02,4.20207409e-02,2.801383,-5.62178627e-02,2.69066774e-03
1.554000,4.94645151e-02,4.19645151e-02,2.797634,-5.62258363e-02,2.72478964e-03
1.555000,4.94082971e-02,4.19082971e-02,2.793886,-5.62179661e-02,2.71335497e-03
1.556000,4.93520962e-02,4.18520962e-02,2.790140,-5.62009118e-02,2.64742835e-03
1.557000,4.92958970e-02,4.17958970e-02,2.786393,-5.61992712e-02,2.65568688e-03
1.558000,4.92396791e-02,4.17396791e-02,2.782645,-5.62178215e-02,2.70661751e-03
1.559000,4.91834545e-02,4.16834545e-02,2.778897,-5.62246531e-02,2.71845456e-03
1.560000,4.91272418e-02,4.16272418e-02,2.775149,-5.62126650e-02,2.70413922e-03
1.561000,4.90710425e-02,4.15710425e-02,2.771403,-5.61993210e-02,2.64025984e-03
1.562000,4.90148405e-02,4.15148405e-02,2.767656,-5.62019747e-02,2.67302246e-03
1.563000,4.89586207e-02,4.14586207e-02,2.763908,-5.62198136e-02,2.69341236e-03
1.564000,4.89023974e-02,4.14023974e-02,2.760160,-5.62232871e-02,2.72129377e-03
1.565000,4.88461823e-02,4.13461823e-02,2.756412,-5.62151337e-02,2.71284762e-03
1.566000,4.87899830e-02,4.12899830e-02,2.752666,-5.61993173e-02,2.63805708e-03
1.567000,4.87337835e-02,4.12337835e-02,2.748919,-5.61995005e-02,2.66362724e-03
1.568000,4.86775637e-02,4.11775637e-02,2.745171,-5.62197243e-02,2.70654033e-03
1.569000,4.86213398e-02,4.11213398e-02,2.741423,-5.62239618e-02,2.71659878e-03
1.570000,4.85651274e-02,4.10651274e-02,2.737675,-5.62123273e-02,2.70711913e-03
1.571000,4.85089284e-02,4.10089284e-02,2.733929,-5.61990657e-02,2.63483423e-03
1.572000,4.84527267e-02,4.09527267e-02,2.730182,-5.62017003e-02,2.66986445e-03
1.573000,4.83965048e-02,4.08965048e-02,2.726434,-5.62218795e-02,2.70056768e-03
1.574000,4.83402797e-02,4.08402797e-02,2.722685,-5.62251248e-02,2.72085034e-03
1.575000,4.82840650e-02,4.07840650e-02,2.718938,-5.62146999e-02,2.70946692e-03
1.576000,4.82278654e-02,4.07278654e-02,2.715191,-5.61996269e-02,2.63148609e-03
1.577000,4.81716633e-02,4.06716633e-02,2.711444,-5.62020825e-02,2.66983660e-03
1.578000,4.81154399e-02,4.06154399e-02,2.707696,-5.62233662e-02,2.70475946e-03
1.579000,4.80592140e-02,4.05592140e-02,2.703948,-5.62258794e-02,2.72255424e-03
1.580000,4.80030002e-02,4.05030002e-02,2.700200,-5.62137765e-02,2.70282772e-03
1.581000,4.79468009e-02,4.04468009e-02,2.696453,-5.61993180e-02,2.62897187e-03
1.582000,4.78905965e-02,4.03905965e-02,2.692706,-5.62043986e-02,2.67667436e-03
1.583000,4.78343712e-02,4.03343712e-02,2.688958,-5.62252989e-02,2.69665637e-03
1.584000,4.77781442e-02,4.02781442e-02,2.685210,-5.62269994e-02,2.73081430e-03
1.585000,4.77219281e-02,4.02219281e-02,2.681462,-5.62160970e-02,2.69777809e-03
1.586000,4.76657283e-02,4.01657283e-02,2.677715,-5.61998187e-02,2.63183327e-03
1.587000,4.76095223e-02,4.01095223e-02,2.673968,-5.62060517e-02,2.67933894e-03
1.588000,4.75532967e-02,4.00532967e-02,2.670220,-5.62255410e-02,2.70189269e-03
1.589000,4.74970713e-02,3.99970713e-02,2.666471,-5.62254404e-02,2.72617920e-03
1.590000,4.74408576e-02,3.99408576e-02,2.662724,-5.62136381e-02,2.69155882e-03
1.591000,4.73846577e-02,3.98846577e-02,2.658977,-5.61999818e-02,2.63829485e-03
1.592000,4.73284505e-02,3.98284505e-02,2.655230,-5.62071146e-02,2.67301679e-03
1.593000,4.72722249e-02,3.97722249e-02,2.651482,-5.62255999e-02,2.70581674e-03
1.594000,4.72159981e-02,3.97159981e-02,2.647733,-5.62268817e-02,2.73129102e-03
1.595000,4.71597852e-02,3.96597852e-02,2.643986,-5.62128866e-02,2.68640244e-03
1.596000,4.71035867e-02,3.96035867e-02,2.640239,-5.61984634e-02,2.63408505e-03
1.597000,4.70473787e-02,3.95473787e-02,2.636492,-5.62080341e-02,2.68358514e-03
1.598000,4.69911527e-02,3.94911527e-02,2.632744,-5.62260330e-02,2.70844927e-03
1.599000,4.69349293e-02,3.94349293e-02,2.628995,-5.62233785e-02,2.72266861e-03
1.600000,4.68787192e-02,3.93787192e-02,2.625248,-5.62100436e-02,2.68066525e-03
1.601000,4.68225198e-02,3.93225198e-02,2.621501,-5.61994667e-02,2.64434858e-03
1.602000,4.67663107e-02,3.92663107e-02,2.617754,-5.62091066e-02,2.68211513e-03
1.603000,4.67100867e-02,3.92100867e-02,2.614006,-5.62239948e-02,2.70468095e-03
1.604000,4.66538642e-02,3.91538642e-02,2.610258,-5.62224894e-02,2.72588505e-03
1.605000,4.65976543e-02,3.90976543e-02,2.606510,-5.62098233e-02,2.68429223e-03
1.606000,4.65414568e-02,3.90414568e-02,2.602764,-5.61975487e-02,2.63230534e-03
1.607000,4.64852487e-02,3.89852487e-02,2.599017,-5.62081271e-02,2.69853348e-03
1.608000,4.64290246e-02,3.89290246e-02,2.595268,-5.62240671e-02,2.70583095e-03
1.609000,4.63728076e-02,3.88728076e-02,2.591521,-5.62169663e-02,2.72022764e-03
1.610000,4.63166027e-02,3.88166027e-02,2.587774,-5.62049230e-02,2.67740718e-03
1.611000,4.62604070e-02,3.87604070e-02,2.584027,-5.61957239e-02,2.64764315e-03
1.612000,4.62042011e-02,3.87042011e-02,2.580280,-5.62058512e-02,2.68062627e-03
1.613000,4.61479812e-02,3.86479812e-02,2.576532,-5.62199207e-02,2.71793149e-03
1.614000,4.60917647e-02,3.85917647e-02,2.572784,-5.62165610e-02,2.72027061e-03
1.615000,4.60355641e-02,3.85355641e-02,2.569038,-5.62005361e-02,2.67751205e-03
1.616000,4.59793728e-02,3.84793728e-02,2.565292,-5.61913044e-02,2.63379204e-03
1.617000,4.59231690e-02,3.84231690e-02,2.561545,-5.62038466e-02,2.70005937e-03
1.618000,4.58669499e-02,3.83669499e-02,2.557797,-5.62190285e-02,2.71130328e-03
1.619000,4.58107395e-02,3.83107395e-02,2.554049,-5.62104588e-02,2.71907770e-03
1.620000,4.57545427e-02,3.82545427e-02,2.550303,-5.61968217e-02,2.66436165e-03
1.621000,4.56983524e-02,3.81983524e-02,2.546557,-5.61903072e-02,2.65386974e-03
1.622000,4.56421487e-02,3.81421487e-02,2.542810,-5.62036177e-02,2.68454162e-03
1.623000,4.55859338e-02,3.80859338e-02,2.539062,-5.62149499e-02,2.72104186e-03
1.624000,4.55297240e-02,3.80297240e-02,2.535315,-5.62097544e-02,2.71375906e-03
1.625000,4.54735302e-02,3.79735302e-02,2.531569,-5.61938595e-02,2.66953204e-03
1.626000,4.54173420e-02,3.79173420e-02,2.527823,-5.61881774e-02,2.63653021e-03
1.627000,4.53611391e-02,3.78611391e-02,2.524076,-5.62028562e-02,2.70291491e-03
1.628000,4.53049225e-02,3.78049225e-02,2.520328,-5.62166338e-02,2.72070189e-03
1.629000,4.52487170e-02,3.77487170e-02,2.516581,-5.62054643e-02,2.69930480e-03
1.630000,4.51925248e-02,3.76925248e-02,2.512835,-5.61922372e-02,2.67025979e-03
1.631000,4.51363336e-02,3.76363336e-02,2.509089,-5.61911734e-02,2.65784252e-03
1.632000,4.50801318e-02,3.75801318e-02,2.505342,-5.62018443e-02,2.68078786e-03
1.633000,4.50239193e-02,3.75239193e-02,2.501595,-5.62125356e-02,2.72801629e-03
1.634000,4.49677119e-02,3.74677119e-02,2.497847,-5.62073395e-02,2.71377167e-03
1.635000,4.49115228e-02,3.74115228e-02,2.494102,-5.61891519e-02,2.66028551e-03
1.636000,4.48553377e-02,3.73553377e-02,2.490356,-5.61851008e-02,2.64165678e-03
1.637000,4.47991357e-02,3.72991357e-02,2.486609,-5.62019097e-02,2.70947261e-03
1.638000,4.47429229e-02,3.72429229e-02,2.482862,-5.62128441e-02,2.71671657e-03
1.639000,4.46867227e-02,3.71867227e-02,2.479115,-5.62002257e-02,2.71245899e-03
1.640000,4.46305367e-02,3.71305367e-02,2.475369,-5.61859812e-02,2.64592711e-03
1.641000,4.45743518e-02,3.70743518e-02,2.471623,-5.61849004e-02,2.66893805e-03
1.642000,4.45181502e-02,3.70181502e-02,2.467877,-5.62016004e-02,2.68919712e-03
1.643000,4.44619430e-02,3.69619430e-02,2.464130,-5.62071607e-02,2.72741548e-03
1.644000,4.44057437e-02,3.69057437e-02,2.460383,-5.61993091e-02,2.71120431e-03
1.645000,4.43495620e-02,3.68495620e-02,2.456637,-5.61817728e-02,2.64372888e-03
1.646000,4.42933805e-02,3.67933805e-02,2.452892,-5.61814927e-02,2.66006135e-03
1.647000,4.42371800e-02,3.67371800e-02,2.449145,-5.62004844e-02,2.70685908e-03
1.648000,4.41809741e-02,3.66809741e-02,2.445398,-5.62058366e-02,2.72002595e-03
1.649000,4.41247807e-02,3.66247807e-02,2.441652,-5.61934913e-02,2.70725944e-03
1.650000,4.40686016e-02,3.65686016e-02,2.437907,-5.61790794e-02,2.64139229e-03
1.651000,4.40124211e-02,3.65124211e-02,2.434161,-5.61805082e-02,2.67067430e-03
1.652000,4.39562227e-02,3.64562227e-02,2.430415,-5.61983904e-02,2.69551048e-03
1.653000,4.39000204e-02,3.64000204e-02,2.426668,-5.62022641e-02,2.72350207e-03
1.654000,4.38438274e-02,3.63438274e-02,2.422922,-5.61930311e-02,2.71343915e-03
1.655000,4.37876510e-02,3.62876510e-02,2.419177,-5.61763848e-02,2.63564545e-03
1.656000,4.37314742e-02,3.62314742e-02,2.415432,-5.61768003e-02,2.66315515e-03
1.657000,4.36752763e-02,3.61752763e-02,2.411685,-5.61978996e-02,2.70978465e-03
1.658000,4.36190746e-02,3.61190746e-02,2.407938,-5.62017184e-02,2.71679508e-03
1.659000,4.35628856e-02,3.60628856e-02,2.404192,-5.61889836e-02,2.70948603e-03
1.660000,4.35067104e-02,3.60067104e-02,2.400447,-5.61752391e-02,2.63423309e-03
1.661000,4.34505331e-02,3.59505331e-02,2.396702,-5.61772026e-02,2.67067797e-03
1.662000,4.33943357e-02,3.58943357e-02,2.392956,-5.61974354e-02,2.69748901e-03
1.663000,4.33381348e-02,3.58381348e-02,2.389209,-5.62009579e-02,2.72964905e-03
1.664000,4.32819448e-02,3.57819448e-02,2.385463,-5.61899882e-02,2.70576002e-03
1.665000,4.32257721e-02,3.57257721e-02,2.381718,-5.61726811e-02,2.63020685e-03
1.666000,4.31695955e-02,3.56695955e-02,2.377973,-5.61765802e-02,2.67583824e-03
1.667000,4.31133983e-02,3.56133983e-02,2.374227,-5.61972228e-02,2.70339081e-03
1.668000,4.30572003e-02,3.55572003e-02,2.370480,-5.61980070e-02,2.72320063e-03
1.669000,4.30010140e-02,3.55010140e-02,2.366734,-5.61862393e-02,2.70125824e-03
1.670000,4.29448422e-02,3.54448422e-02,2.362989,-5.61718461e-02,2.63253650e-03
1.671000,4.28886654e-02,3.53886654e-02,2.359244,-5.61768117e-02,2.67966223e-03
1.672000,4.28324694e-02,3.53324694e-02,2.355498,-5.61960129e-02,2.69378469e-03
1.673000,4.27762721e-02,3.52762721e-02,2.351751,-5.61972400e-02,2.73556383e-03
1.674000,4.27200857e-02,3.52200857e-02,2.348006,-5.61864408e-02,2.69507545e-03
1.675000,4.26639166e-02,3.51639166e-02,2.344261,-5.61690807e-02,2.63394132e-03
1.676000,4.26077408e-02,3.51077408e-02,2.340516,-5.61758284e-02,2.67937699e-03
1.677000,4.25515462e-02,3.50515462e-02,2.336770,-5.61946187e-02,2.70709323e-03
1.678000,4.24953526e-02,3.49953526e-02,2.333024,-5.61935860e-02,2.72608542e-03
1.679000,4.24391725e-02,3.49391725e-02,2.329278,-5.61800922e-02,2.68977657e-03
1.680000,4.23830057e-02,3.48830057e-02,2.325534,-5.61667820e-02,2.63745402e-03
1.681000,4.23268310e-02,3.48268310e-02,2.321789,-5.61746488e-02,2.67757337e-03
1.682000,4.22706384e-02,3.47706384e-02,2.318043,-5.61926044e-02,2.70746377e-03
1.683000,4.22144463e-02,3.47144463e-02,2.314296,-5.61920985e-02,2.73339477e-03
1.684000,4.21582692e-02,3.46582692e-02,2.310551,-5.61771905e-02,2.68343948e-03
1.685000,4.21021066e-02,3.46021066e-02,2.306807,-5.61626004e-02,2.63722005e-03
1.686000,4.20459340e-02,3.45459340e-02,2.303062,-5.61725897e-02,2.68492873e-03
1.687000,4.19897446e-02,3.44897446e-02,2.299316,-5.61893215e-02,2.70816802e-03
1.688000,4.19335584e-02,3.44335584e-02,2.295571,-5.61862754e-02,2.72551257e-03
1.689000,4.18773858e-02,3.43773858e-02,2.291826,-5.61725300e-02,2.67963914e-03
1.690000,4.18212246e-02,3.43212246e-02,2.288082,-5.61612006e-02,2.64294203e-03
1.691000,4.17650532e-02,3.42650532e-02,2.284337,-5.61714262e-02,2.68753433e-03
1.692000,4.17088674e-02,3.42088674e-02,2.280591,-5.61858180e-02,2.70697455e-03
1.693000,4.16526853e-02,3.41526853e-02,2.276846,-5.61821272e-02,2.72621327e-03
1.694000,4.15965166e-02,3.40965166e-02,2.273101,-5.61686498e-02,2.68297004e-03
1.695000,4.15403601e-02,3.40403601e-02,2.269357,-5.61565013e-02,2.63476795e-03
1.696000,4.14841930e-02,3.39841930e-02,2.265613,-5.61670784e-02,2.70029894e-03
1.697000,4.14280111e-02,3.39280111e-02,2.261867,-5.61818974e-02,2.70784446e-03
1.698000,4.13718373e-02,3.38718373e-02,2.258122,-5.61738608e-02,2.71892088e-03
1.699000,4.13156759e-02,3.38156759e-02,2.254378,-5.61613873e-02,2.67950785e-03
1.700000,4.12595236e-02,3.37595236e-02,2.250635,-5.61522459e-02,2.64775081e-03
1.701000,4.12033620e-02,3.37033620e-02,2.246891,-5.61616642e-02,2.68548616e-03
1.702000,4.11471871e-02,3.36471871e-02,2.243146,-5.61748389e-02,2.71703082e-03
1.703000,4.10910171e-02,3.35910171e-02,2.239401,-5.61700425e-02,2.72120322e-03
1.704000,4.10348630e-02,3.35348630e-02,2.235658,-5.61541485e-02,2.67756361e-03
1.705000,4.09787184e-02,3.34787184e-02,2.231915,-5.61446013e-02,2.63607329e-03
1.706000,4.09225616e-02,3.34225616e-02,2.228171,-5.61567232e-02,2.70098087e-03
1.707000,4.08663906e-02,3.33663906e-02,2.224426,-5.61709929e-02,2.71167299e-03
1.708000,4.08102286e-02,3.33102286e-02,2.220682,-5.61620553e-02,2.71671058e-03
1.709000,4.07540799e-02,3.32540799e-02,2.216939,-5.61487153e-02,2.66689292e-03
1.710000,4.06979373e-02,3.31979373e-02,2.213196,-5.61425306e-02,2.65610478e-03
1.711000,4.06417827e-02,3.31417827e-02,2.209452,-5.61546146e-02,2.68464310e-03
1.712000,4.05856175e-02,3.30856175e-02,2.205708,-5.61651948e-02,2.72308259e-03
1.713000,4.05294579e-02,3.30294579e-02,2.201964,-5.61596050e-02,2.71376162e-03
1.714000,4.04733149e-02,3.29733149e-02,2.198221,-5.61430395e-02,2.67021146e-03
1.715000,4.04171776e-02,3.29171776e-02,2.194479,-5.61372364e-02,2.63813049e-03
1.716000,4.03610262e-02,3.28610262e-02,2.190735,-5.61514091e-02,2.70469331e-03
1.717000,4.03048619e-02,3.28048619e-02,2.186991,-5.61643467e-02,2.72169670e-03
1.718000,4.02487095e-02,3.27487095e-02,2.183247,-5.61524172e-02,2.70027587e-03
1.719000,4.01925708e-02,3.26925708e-02,2.179505,-5.61386916e-02,2.67143118e-03
1.720000,4.01364337e-02,3.26364337e-02,2.175762,-5.61371018e-02,2.65915065e-03
1.721000,4.00802865e-02,3.25802865e-02,2.172019,-5.61471567e-02,2.68214293e-03
1.722000,4.00241293e-02,3.25241293e-02,2.168275,-5.61571787e-02,2.73039989e-03
1.723000,3.99679782e-02,3.24679782e-02,2.164532,-5.61511161e-02,2.71384823e-03
1.724000,3.99118461e-02,3.24118461e-02,2.160790,-5.61321321e-02,2.66217594e-03
1.725000,3.98557184e-02,3.23557184e-02,2.157048,-5.61277216e-02,2.64319225e-03
1.726000,3.97995747e-02,3.22995747e-02,2.153305,-5.61436381e-02,2.70860550e-03
1.727000,3.97434205e-02,3.22434205e-02,2.149561,-5.61542215e-02,2.72003873e-03
1.728000,3.96872792e-02,3.21872792e-02,2.145819,-5.61413004e-02,2.71274456e-03
1.729000,3.96311533e-02,3.21311533e-02,2.142077,-5.61259144e-02,2.64731776e-03
1.730000,3.95750288e-02,3.20750288e-02,2.138335,-5.61244938e-02,2.66880907e-03
1.731000,3.95188880e-02,3.20188880e-02,2.134593,-5.61407600e-02,2.69131797e-03
1.732000,3.94627421e-02,3.19627421e-02,2.130849,-5.61459875e-02,2.72688904e-03
1.733000,3.94066045e-02,3.19066045e-02,2.127107,-5.61375325e-02,2.71456020e-03
1.734000,3.93504849e-02,3.18504849e-02,2.123366,-5.61195757e-02,2.64680319e-03
1.735000,3.92943673e-02,3.17943673e-02,2.119624,-5.61176498e-02,2.65789789e-03
1.736000,3.92382313e-02,3.17382313e-02,2.115882,-5.61360144e-02,2.70988928e-03
1.737000,3.91820897e-02,3.16820897e-02,2.112139,-5.61415413e-02,2.72418062e-03
1.738000,3.91259623e-02,3.16259623e-02,2.108397,-5.61274661e-02,2.70602007e-03
1.739000,3.90698504e-02,3.15698504e-02,2.104657,-5.61119090e-02,2.64167345e-03
1.740000,3.90137367e-02,3.15137367e-02,2.100916,-5.61136950e-02,2.67428768e-03
1.741000,3.89576058e-02,3.14576058e-02,2.097174,-5.61308460e-02,2.69397517e-03
1.742000,3.89014720e-02,3.14014720e-02,2.093431,-5.61338044e-02,2.72573101e-03
1.743000,3.88453473e-02,3.13453473e-02,2.089690,-5.61246815e-02,2.71404578e-03
1.744000,3.87892401e-02,3.12892401e-02,2.085949,-5.61071959e-02,2.63816217e-03
1.745000,3.87331332e-02,3.12331332e-02,2.082209,-5.61069671e-02,2.66465591e-03
1.746000,3.86770062e-02,3.11770062e-02,2.078467,-5.61269745e-02,2.71103966e-03
1.747000,3.86208761e-02,3.11208761e-02,2.074725,-5.61300785e-02,2.71816514e-03
1.748000,3.85647594e-02,3.10647594e-02,2.070984,-5.61166893e-02,2.71022782e-03
1.749000,3.85086571e-02,3.10086571e-02,2.067244,-5.61023636e-02,2.63758736e-03
1.750000,3.84525536e-02,3.09525536e-02,2.063504,-5.61034903e-02,2.67093690e-03
1.751000,3.83964310e-02,3.08964310e-02,2.059762,-5.61225757e-02,2.70368450e-03
1.752000,3.83403061e-02,3.08403061e-02,2.056020,-5.61249176e-02,2.72373780e-03
1.753000,3.82841931e-02,3.07841931e-02,2.052280,-5.61129585e-02,2.71197818e-03
1.754000,3.82280966e-02,3.07280966e-02,2.048540,-5.60964932e-02,2.63373292e-03
1.755000,3.81719989e-02,3.06719989e-02,2.044800,-5.60977267e-02,2.67234586e-03
1.756000,3.81158811e-02,3.06158811e-02,2.041059,-5.61178288e-02,2.70744031e-03
1.757000,3.80597620e-02,3.05597620e-02,2.037317,-5.61190438e-02,2.72470214e-03
1.758000,3.80036564e-02,3.05036564e-02,2.033577,-5.61056807e-02,2.70575516e-03
1.759000,3.79475664e-02,3.04475664e-02,2.029838,-5.60899991e-02,2.63418698e-03
1.760000,3.78914732e-02,3.03914732e-02,2.026098,-5.60931960e-02,2.67676770e-03
1.761000,3.78353608e-02,3.03353608e-02,2.022357,-5.61123671e-02,2.69937924e-03
1.762000,3.77792472e-02,3.02792472e-02,2.018616,-5.61135554e-02,2.73124792e-03
1.763000,3.77231456e-02,3.02231456e-02,2.014876,-5.61016821e-02,2.70438579e-03
1.764000,3.76670615e-02,3.01670615e-02,2.011137,-5.60840929e-02,2.62983431e-03
1.765000,3.76109730e-02,3.01109730e-02,2.007398,-5.60885093e-02,2.68426315e-03
1.766000,3.75548652e-02,3.00548652e-02,2.003658,-5.61077844e-02,2.70208316e-03
1.767000,3.74987591e-02,2.99987591e-02,1.999917,-5.61060329e-02,2.73206755e-03
1.768000,3.74426660e-02,2.99426660e-02,1.996178,-5.60931267e-02,2.69217683e-03
1.769000,3.73865886e-02,2.98865886e-02,1.992439,-5.60774273e-02,2.64284912e-03
1.770000,3.73305050e-02,2.98305050e-02,1.988700,-5.60835518e-02,2.67636165e-03
1.771000,3.72744051e-02,2.97744051e-02,1.984960,-5.60999499e-02,2.70425458e-03
1.772000,3.72183047e-02,2.97183047e-02,1.981220,-5.61004094e-02,2.73281769e-03
1.773000,3.71622180e-02,2.96622180e-02,1.977481,-5.60866574e-02,2.69719131e-03
1.774000,3.71061482e-02,2.96061482e-02,1.973743,-5.60698250e-02,2.63535526e-03
1.775000,3.70500726e-02,2.95500726e-02,1.970005,-5.60756278e-02,2.68048873e-03
1.776000,3.69939788e-02,2.94939788e-02,1.966265,-5.60937571e-02,2.71371369e-03
1.777000,3.69378876e-02,2.94378876e-02,1.962526,-5.60911885e-02,2.72749549e-03
1.778000,3.68818123e-02,2.93818123e-02,1.958787,-5.60752712e-02,2.68404318e-03
1.779000,3.68257498e-02,2.93257498e-02,1.955050,-5.60625117e-02,2.64422836e-03
1.780000,3.67696788e-02,2.92696788e-02,1.951312,-5.60710635e-02,2.68265269e-03
1.781000,3.67135929e-02,2.92135929e-02,1.947573,-5.60858961e-02,2.70700309e-03
1.782000,3.66575091e-02,2.91575091e-02,1.943834,-5.60838035e-02,2.73245759e-03
1.783000,3.66014399e-02,2.91014399e-02,1.940096,-5.60692125e-02,2.68836793e-03
1.784000,3.65453858e-02,2.90453858e-02,1.936359,-5.60540587e-02,2.64125560e-03
1.785000,3.64893241e-02,2.89893241e-02,1.932622,-5.60617158e-02,2.68986901e-03
1.786000,3.64332478e-02,2.89332478e-02,1.928883,-5.60762486e-02,2.70712771e-03
1.787000,3.63771761e-02,2.88771761e-02,1.925145,-5.60717640e-02,2.72865968e-03
1.788000,3.63211183e-02,2.88211183e-02,1.921408,-5.60578037e-02,2.68049841e-03
1.789000,3.62650730e-02,2.87650730e-02,1.917672,-5.60452888e-02,2.64735507e-03
1.790000,3.62090185e-02,2.87090185e-02,1.913935,-5.60544518e-02,2.68892809e-03
1.791000,3.61529514e-02,2.86529514e-02,1.910197,-5.60671478e-02,2.71077258e-03
1.792000,3.60968891e-02,2.85968891e-02,1.906459,-5.60623277e-02,2.72632701e-03
1.793000,3.60408415e-02,2.85408415e-02,1.902723,-5.60475829e-02,2.68512906e-03
1.794000,3.59848065e-02,2.84848065e-02,1.898987,-5.60350151e-02,2.63717569e-03
1.795000,3.59287620e-02,2.84287620e-02,1.895251,-5.60444575e-02,2.70405984e-03
1.796000,3.58727042e-02,2.83727042e-02,1.891514,-5.60578207e-02,2.70888775e-03
1.797000,3.58166558e-02,2.83166558e-02,1.887777,-5.60483644e-02,2.72104984e-03
1.798000,3.57606206e-02,2.82606206e-02,1.884041,-5.60351718e-02,2.68280978e-03
1.799000,3.57045959e-02,2.82045959e-02,1.880306,-5.60247473e-02,2.65019390e-03
1.800000,3.56485632e-02,2.81485632e-02,1.876571,-5.60326492e-02,2.68505549e-03
1.801000,3.55925181e-02,2.80925181e-02,1.872835,-5.60450977e-02,2.72095932e-03
1.802000,3.55364784e-02,2.80364784e-02,1.869099,-5.60397480e-02,2.72314161e-03
1.803000,3.54804562e-02,2.79804562e-02,1.865364,-5.60222210e-02,2.68155625e-03
1.804000,3.54244448e-02,2.79244448e-02,1.861630,-5.60113312e-02,2.63745023e-03
1.805000,3.53684229e-02,2.78684229e-02,1.857895,-5.60218983e-02,2.70448332e-03
1.806000,3.53123878e-02,2.78123878e-02,1.854159,-5.60350965e-02,2.71331011e-03
1.807000,3.52563631e-02,2.77563631e-02,1.850424,-5.60247191e-02,2.72236817e-03
1.808000,3.52003533e-02,2.77003533e-02,1.846690,-5.60098410e-02,2.67267441e-03
1.809000,3.51443525e-02,2.76443525e-02,1.842957,-5.60007759e-02,2.65556101e-03
1.810000,3.50883415e-02,2.75883415e-02,1.839223,-5.60110572e-02,2.68541048e-03
1.811000,3.50323198e-02,2.75323198e-02,1.835488,-5.60216804e-02,2.72440694e-03
1.812000,3.49763042e-02,2.74763042e-02,1.831754,-5.60156044e-02,2.72306912e-03
1.813000,3.49203072e-02,2.74203072e-02,1.828020,-5.59969580e-02,2.67428875e-03
1.814000,3.48643198e-02,2.73643198e-02,1.824288,-5.59873772e-02,2.63732965e-03
1.815000,3.48083195e-02,2.73083195e-02,1.820555,-5.60003524e-02,2.71061936e-03
1.816000,3.47523070e-02,2.72523070e-02,1.816820,-5.60125050e-02,2.72107087e-03
1.817000,3.46963082e-02,2.71963082e-02,1.813087,-5.59987400e-02,2.71002174e-03
1.818000,3.46403247e-02,2.71403247e-02,1.809355,-5.59834965e-02,2.66900819e-03
1.819000,3.45843456e-02,2.70843456e-02,1.805623,-5.59791345e-02,2.66089207e-03
1.820000,3.45283559e-02,2.70283559e-02,1.801890,-5.59896772e-02,2.68762383e-03
1.821000,3.44723578e-02,2.69723578e-02,1.798157,-5.59981581e-02,2.73324097e-03
1.822000,3.44163680e-02,2.69163680e-02,1.794425,-5.59897930e-02,2.70800069e-03
1.823000,3.43603971e-02,2.68603971e-02,1.790693,-5.59709100e-02,2.67576045e-03
1.824000,3.43044311e-02,2.68044311e-02,1.786962,-5.59660177e-02,2.64492482e-03
1.825000,3.42484539e-02,2.67484539e-02,1.783230,-5.59771665e-02,2.70759196e-03
1.826000,3.41924665e-02,2.66924665e-02,1.779498,-5.59873601e-02,2.72425176e-03
1.827000,3.41364925e-02,2.66364925e-02,1.775766,-5.59740269e-02,2.70785850e-03
1.828000,3.40805344e-02,2.65805344e-02,1.772036,-5.59581212e-02,2.67096091e-03
1.829000,3.40245803e-02,2.65245803e-02,1.768305,-5.59541243e-02,2.66415667e-03
1.830000,3.39686168e-02,2.64686168e-02,1.764574,-5.59634484e-02,2.68593240e-03
1.831000,3.39126456e-02,2.64126456e-02,1.760843,-5.59711563e-02,2.73356657e-03
1.832000,3.38566824e-02,2.63566824e-02,1.757112,-5.59632891e-02,2.71733966e-03
1.833000,3.38007397e-02,2.63007397e-02,1.753383,-5.59426477e-02,2.66470772e-03
1.834000,3.37448031e-02,2.62448031e-02,1.749654,-5.59366429e-02,2.64828072e-03
1.835000,3.36888522e-02,2.61888522e-02,1.745923,-5.59508281e-02,2.71080584e-03
1.836000,3.36328929e-02,2.61328929e-02,1.742193,-5.59593513e-02,2.72518496e-03
1.837000,3.35769481e-02,2.60769481e-02,1.738463,-5.59447975e-02,2.71602415e-03
1.838000,3.35210210e-02,2.60210210e-02,1.734735,-5.59271414e-02,2.65211501e-03
1.839000,3.34650972e-02,2.59650972e-02,1.731006,-5.59237954e-02,2.67088554e-03
1.840000,3.34091590e-02,2.59091590e-02,1.727277,-5.59381188e-02,2.69572407e-03
1.841000,3.33532172e-02,2.58532172e-02,1.723548,-5.59418853e-02,2.73189247e-03
1.842000,3.32972861e-02,2.57972861e-02,1.719819,-5.59310985e-02,2.71823967e-03
1.843000,3.32413752e-02,2.57413752e-02,1.716092,-5.59108477e-02,2.65340975e-03
1.844000,3.31854687e-02,2.56854687e-02,1.712365,-5.59065452e-02,2.66072915e-03
1.845000,3.31295464e-02,2.56295464e-02,1.708636,-5.59222395e-02,2.71350975e-03
1.846000,3.30736202e-02,2.55736202e-02,1.704908,-5.59261963e-02,2.72228314e-03
1.847000,3.30177090e-02,2.55177090e-02,1.701181,-5.59112676e-02,2.71384549e-03
1.848000,3.29618140e-02,2.54618140e-02,1.697454,-5.58949498e-02,2.64807126e-03
1.849000,3.29059210e-02,2.54059210e-02,1.693728,-5.58930345e-02,2.67519475e-03
1.850000,3.28500130e-02,2.53500130e-02,1.690001,-5.59079239e-02,2.69947506e-03
1.851000,3.27941034e-02,2.52941034e-02,1.686274,-5.59096118e-02,2.73293972e-03
1.852000,3.27382060e-02,2.52382060e-02,1.682547,-5.58974079e-02,2.71265201e-03
1.853000,3.26823282e-02,2.51823282e-02,1.678822,-5.58778013e-02,2.65084991e-03
1.854000,3.26264524e-02,2.51264524e-02,1.675097,-5.58757866e-02,2.66769394e-03
1.855000,3.25705614e-02,2.50705614e-02,1.671371,-5.58910899e-02,2.71266199e-03
1.856000,3.25146684e-02,2.50146684e-02,1.667645,-5.58929092e-02,2.72482943e-03
1.857000,3.24587906e-02,2.49587906e-02,1.663919,-5.58778087e-02,2.71302178e-03
1.858000,3.24029298e-02,2.49029298e-02,1.660195,-5.58608003e-02,2.64736090e-03
1.859000,3.23470706e-02,2.48470706e-02,1.656471,-5.58592811e-02,2.67979209e-03
1.860000,3.22911970e-02,2.47911970e-02,1.652746,-5.58735908e-02,2.69679778e-03
1.861000,3.22353227e-02,2.47353227e-02,1.649022,-5.58742424e-02,2.73089419e-03
1.862000,3.21794594e-02,2.46794594e-02,1.645297,-5.58632794e-02,2.72096273e-03
1.863000,3.21236166e-02,2.46236166e-02,1.641574,-5.58428750e-02,2.64484301e-03
1.864000,3.20677774e-02,2.45677774e-02,1.637852,-5.58391931e-02,2.66936570e-03
1.865000,3.20119212e-02,2.45119212e-02,1.634128,-5.58561736e-02,2.71381776e-03
1.866000,3.19560640e-02,2.44560640e-02,1.630404,-5.58572395e-02,2.72291103e-03
1.867000,3.19002219e-02,2.44002219e-02,1.626681,-5.58420987e-02,2.71904325e-03
1.868000,3.18443972e-02,2.43443972e-02,1.622960,-5.58246555e-02,2.64052168e-03
1.869000,3.17885748e-02,2.42885748e-02,1.619238,-5.58223682e-02,2.67792443e-03
1.870000,3.17327356e-02,2.42327356e-02,1.615516,-5.58392543e-02,2.70690388e-03
1.871000,3.16768968e-02,2.41768968e-02,1.611793,-5.58387320e-02,2.73061807e-03
1.872000,3.16210723e-02,2.41210723e-02,1.608071,-5.58244989e-02,2.71782368e-03
1.873000,3.15652676e-02,2.40652676e-02,1.604351,-5.58047403e-02,2.64264362e-03
1.874000,3.15094651e-02,2.40094651e-02,1.600631,-5.58024783e-02,2.67275187e-03
1.875000,3.14536455e-02,2.39536455e-02,1.596910,-5.58195822e-02,2.71649056e-03
1.876000,3.13978265e-02,2.38978265e-02,1.593188,-5.58190634e-02,2.72536959e-03
1.877000,3.13420239e-02,2.38420239e-02,1.589468,-5.58026100e-02,2.71520200e-03
1.878000,3.12862388e-02,2.37862388e-02,1.585749,-5.57850387e-02,2.64220930e-03
1.879000,3.12304551e-02,2.37304551e-02,1.582030,-5.57837145e-02,2.67823831e-03
1.880000,3.11746551e-02,2.36746551e-02,1.578310,-5.57999908e-02,2.70974373e-03
1.881000,3.11188563e-02,2.36188563e-02,1.574590,-5.57988633e-02,2.73040353e-03
1.882000,3.10630725e-02,2.35630725e-02,1.570872,-5.57837355e-02,2.71811026e-03
1.883000,3.10073085e-02,2.35073085e-02,1.567154,-5.57639966e-02,2.64059744e-03
1.884000,3.09515465e-02,2.34515465e-02,1.563436,-5.57620023e-02,2.67807144e-03
1.885000,3.08957677e-02,2.33957677e-02,1.559718,-5.57788375e-02,2.71373929e-03
1.886000,3.08399906e-02,2.33399906e-02,1.555999,-5.57770583e-02,2.72850342e-03
1.887000,3.07842297e-02,2.32842297e-02,1.552282,-5.57609543e-02,2.71543148e-03
1.888000,3.07284874e-02,2.32284874e-02,1.548566,-5.57423131e-02,2.64451457e-03
1.889000,3.06727469e-02,2.31727469e-02,1.544850,-5.57405059e-02,2.67702117e-03
1.890000,3.06169906e-02,2.31169906e-02,1.541133,-5.57562404e-02,2.70825338e-03
1.891000,3.05612348e-02,2.30612348e-02,1.537416,-5.57557762e-02,2.73812876e-03
1.892000,3.05054951e-02,2.30054951e-02,1.533700,-5.57397717e-02,2.71328450e-03
1.893000,3.04497767e-02,2.29497767e-02,1.529985,-5.57183491e-02,2.64085744e-03
1.894000,3.03940588e-02,2.28940588e-02,1.526271,-5.57178937e-02,2.68087902e-03
1.895000,3.03383247e-02,2.28383247e-02,1.522555,-5.57341470e-02,2.71567867e-03
1.896000,3.02825936e-02,2.27825936e-02,1.518840,-5.57311027e-02,2.73214596e-03
1.897000,3.02268799e-02,2.27268799e-02,1.515125,-5.57137177e-02,2.71192420e-03
1.898000,3.01711854e-02,2.26711854e-02,1.511412,-5.56945005e-02,2.64447992e-03
1.899000,3.01154915e-02,2.26154915e-02,1.507699,-5.56938512e-02,2.67995089e-03
1.900000,3.00597824e-02,2.25597824e-02,1.503985,-5.57090790e-02,2.70901053e-03
1.901000,3.00040749e-02,2.25040749e-02,1.500272,-5.57075187e-02,2.74055009e-03
1.902000,2.99483841e-02,2.24483841e-02,1.496559,-5.56908374e-02,2.71415475e-03
1.903000,2.98927156e-02,2.23927156e-02,1.492848,-5.56684657e-02,2.63934133e-03
1.904000,2.98370476e-02,2.23370476e-02,1.489137,-5.56679926e-02,2.68486213e-03
1.905000,2.97813636e-02,2.22813636e-02,1.485424,-5.56840395e-02,2.71545881e-03
1.906000,2.97256839e-02,2.22256839e-02,1.481712,-5.56797260e-02,2.73392600e-03
1.907000,2.96700218e-02,2.21700218e-02,1.478001,-5.56620984e-02,2.71310007e-03
1.908000,2.96143797e-02,2.21143797e-02,1.474292,-5.56420886e-02,2.64196109e-03
1.909000,2.95587382e-02,2.20587382e-02,1.470583,-5.56414986e-02,2.68716646e-03
1.910000,2.95030819e-02,2.20030819e-02,1.466872,-5.56562776e-02,2.70734112e-03
1.911000,2.94474292e-02,2.19474292e-02,1.463162,-5.56526429e-02,2.74021852e-03
1.912000,2.93917927e-02,2.18917927e-02,1.459453,-5.56365684e-02,2.71495889e-03
1.913000,2.93361785e-02,2.18361785e-02,1.455745,-5.56141635e-02,2.63987304e-03
1.914000,2.92805652e-02,2.17805652e-02,1.452038,-5.56133322e-02,2.68955859e-03
1.915000,2.92249368e-02,2.17249368e-02,1.448329,-5.56283740e-02,2.71420262e-03
1.916000,2.91693141e-02,2.16693141e-02,1.444621,-5.56227402e-02,2.73521988e-03
1.917000,2.91137088e-02,2.16137088e-02,1.440914,-5.56052963e-02,2.71372444e-03
1.918000,2.90581240e-02,2.15581240e-02,1.437208,-5.55847513e-02,2.64153379e-03
1.919000,2.90025400e-02,2.15025400e-02,1.433503,-5.55840318e-02,2.69062503e-03
1.920000,2.89469417e-02,2.14469417e-02,1.429796,-5.55983395e-02,2.70830912e-03
1.921000,2.88913483e-02,2.13913483e-02,1.426090,-5.55933977e-02,2.74190525e-03
1.922000,2.88357715e-02,2.13357715e-02,1.422385,-5.55767071e-02,2.71486585e-03
1.923000,2.87802178e-02,2.12802178e-02,1.418681,-5.55537646e-02,2.64084788e-03
1.924000,2.87246650e-02,2.12246650e-02,1.414978,-5.55527916e-02,2.69118490e-03
1.925000,2.86690978e-02,2.11690978e-02,1.411273,-5.55672256e-02,2.71543761e-03
1.926000,2.86135369e-02,2.11135369e-02,1.407569,-5.55608393e-02,2.73669902e-03
1.927000,2.85579942e-02,2.10579942e-02,1.403866,-5.55427283e-02,2.71439861e-03
1.928000,2.85024726e-02,2.10024726e-02,1.400165,-5.55215782e-02,2.64305489e-03
1.929000,2.84469523e-02,2.09469523e-02,1.396463,-5.55203683e-02,2.69192294e-03
1.930000,2.83914183e-02,2.08914183e-02,1.392761,-5.55339470e-02,2.70970926e-03
1.931000,2.83358900e-02,2.08358900e-02,1.389059,-5.55283313e-02,2.74264378e-03
1.932000,2.82803789e-02,2.07803789e-02,1.385359,-5.55110503e-02,2.71686361e-03
1.933000,2.82248914e-02,2.07248914e-02,1.381659,-5.54875120e-02,2.64236387e-03
1.934000,2.81694058e-02,2.06694058e-02,1.377960,-5.54856147e-02,2.69234673e-03
1.935000,2.81139065e-02,2.06139065e-02,1.374260,-5.54993454e-02,2.71633448e-03
1.936000,2.80584140e-02,2.05584140e-02,1.370561,-5.54924190e-02,2.73825458e-03
1.937000,2.80029403e-02,2.05029403e-02,1.366863,-5.54737383e-02,2.71649506e-03
1.938000,2.79474886e-02,2.04474886e-02,1.363166,-5.54517067e-02,2.64383479e-03
1.939000,2.78920389e-02,2.03920389e-02,1.359469,-5.54496703e-02,2.69300112e-03
1.940000,2.78365761e-02,2.03365761e-02,1.355772,-5.54628022e-02,2.71074682e-03
1.941000,2.77811195e-02,2.02811195e-02,1.352075,-5.54566490e-02,2.74312344e-03
1.942000,2.77256805e-02,2.02256805e-02,1.348379,-5.54389424e-02,2.71988546e-03
1.943000,2.76702658e-02,2.01702658e-02,1.344684,-5.54147122e-02,2.64487347e-03
1.944000,2.76148544e-02,2.01148544e-02,1.340990,-5.54113787e-02,2.69082127e-03
1.945000,2.75594299e-02,2.00594299e-02,1.337295,-5.54245549e-02,2.71783519e-03
1.946000,2.75040120e-02,2.00040120e-02,1.333601,-5.54178641e-02,2.74083505e-03
1.947000,2.74486138e-02,1.99486138e-02,1.329908,-5.53982343e-02,2.71805121e-03
1.948000,2.73932387e-02,1.98932387e-02,1.326216,-5.53750800e-02,2.65015061e-03
1.949000,2.73378673e-02,1.98378673e-02,1.322524,-5.53714157e-02,2.68606614e-03
1.950000,2.72824836e-02,1.97824836e-02,1.318832,-5.53836997e-02,2.71543928e-03
1.951000,2.72271046e-02,1.97271046e-02,1.315140,-5.53789942e-02,2.74657259e-03
1.952000,2.71717455e-02,1.96717455e-02,1.311450,-5.53591366e-02,2.71994082e-03
1.953000,2.71164117e-02,1.96164117e-02,1.307761,-5.53337639e-02,2.64743455e-03
1.954000,2.70610817e-02,1.95610817e-02,1.304072,-5.53299593e-02,2.68839999e-03
1.955000,2.70057390e-02,1.95057390e-02,1.300383,-5.53427226e-02,2.72363997e-03
1.956000,2.69504032e-02,1.94504032e-02,1.296694,-5.53358005e-02,2.73845699e-03
1.957000,2.68950885e-02,1.93950885e-02,1.293006,-5.53146848e-02,2.72202399e-03
1.958000,2.68397969e-02,1.93397969e-02,1.289320,-5.52916089e-02,2.65306260e-03
1.959000,2.67845108e-02,1.92845108e-02,1.285634,-5.52861250e-02,2.68734019e-03
1.960000,2.67292136e-02,1.92292136e-02,1.281948,-5.52972274e-02,2.71671914e-03
1.961000,2.66739217e-02,1.91739217e-02,1.278261,-5.52918772e-02,2.74511537e-03
1.962000,2.66186498e-02,1.91186498e-02,1.274577,-5.52718569e-02,2.72637520e-03
1.963000,2.65634040e-02,1.90634040e-02,1.270894,-5.52458249e-02,2.65082207e-03
1.964000,2.65081647e-02,1.90081647e-02,1.267211,-5.52393081e-02,2.68530837e-03
1.965000,2.64529132e-02,1.89529132e-02,1.263528,-5.52515057e-02,2.72852867e-03
1.966000,2.63976685e-02,1.88976685e-02,1.259845,-5.52447343e-02,2.73567445e-03
1.967000,2.63424459e-02,1.88424459e-02,1.256163,-5.52225052e-02,2.72676902e-03
1.968000,2.62872464e-02,1.87872464e-02,1.252483,-5.51995040e-02,2.65327674e-03
1.969000,2.62320540e-02,1.87320540e-02,1.248804,-5.51924239e-02,2.68892105e-03
1.970000,2.61768508e-02,1.86768508e-02,1.245123,-5.52031764e-02,2.72192688e-03
1.971000,2.61216545e-02,1.86216545e-02,1.241444,-5.51963861e-02,2.74216043e-03
1.972000,2.60664793e-02,1.85664793e-02,1.237765,-5.51751781e-02,2.73091919e-03
1.973000,2.60113300e-02,1.85113300e-02,1.234089,-5.51493129e-02,2.65538128e-03
1.974000,2.59561895e-02,1.84561895e-02,1.230413,-5.51404976e-02,2.68449891e-03
1.975000,2.59010381e-02,1.84010381e-02,1.226736,-5.51513410e-02,2.72735887e-03
1.976000,2.58458931e-02,1.83458931e-02,1.223060,-5.51450424e-02,2.73893837e-03
1.977000,2.57907705e-02,1.82907705e-02,1.219385,-5.51226202e-02,2.73149100e-03
1.978000,2.57356728e-02,1.82356728e-02,1.215712,-5.50977121e-02,2.65636776e-03
1.979000,2.56805842e-02,1.81805842e-02,1.212039,-5.50885346e-02,2.69498975e-03
1.980000,2.56254870e-02,1.81254870e-02,1.208366,-5.50971988e-02,2.71250072e-03
1.981000,2.55703969e-02,1.80703969e-02,1.204693,-5.50900823e-02,2.74681998e-03
1.982000,2.55153258e-02,1.80153258e-02,1.201022,-5.50711460e-02,2.73099985e-03
1.983000,2.54602821e-02,1.79602821e-02,1.197352,-5.50437363e-02,2.66881789e-03
1.984000,2.54052495e-02,1.79052495e-02,1.193683,-5.50325184e-02,2.68209974e-03
1.985000,2.53502102e-02,1.78502102e-02,1.190014,-5.50393733e-02,2.72855520e-03
1.986000,2.52951765e-02,1.77951765e-02,1.186345,-5.50336510e-02,2.74306054e-03
1.987000,2.52401664e-02,1.77401664e-02,1.182678,-5.50101070e-02,2.72777070e-03
1.988000,2.51851819e-02,1.76851819e-02,1.179012,-5.49845030e-02,2.66957752e-03
1.989000,2.51302077e-02,1.76302077e-02,1.175347,-5.49742113e-02,2.69059053e-03
1.990000,2.50752284e-02,1.75752284e-02,1.171682,-5.49793151e-02,2.71711034e-03
1.991000,2.50202555e-02,1.75202555e-02,1.168017,-5.49728283e-02,2.74694523e-03
1.992000,2.49653032e-02,1.74653032e-02,1.164354,-5.49523559e-02,2.73542720e-03
1.993000,2.49103791e-02,1.74103791e-02,1.160692,-5.49241222e-02,2.67380903e-03
1.994000,2.48554685e-02,1.73554685e-02,1.157031,-5.49105677e-02,2.67616959e-03
1.995000,2.48005517e-02,1.73005517e-02,1.153370,-5.49168320e-02,2.73158130e-03
1.996000,2.47456391e-02,1.72456391e-02,1.149709,-5.49125222e-02,2.74369130e-03
1.997000,2.46907513e-02,1.71907513e-02,1.146050,-5.48878728e-02,2.72655797e-03
1.998000,2.46358890e-02,1.71358890e-02,1.142393,-5.48622762e-02,2.68779459e-03
1.999000,2.45810398e-02,1.70810398e-02,1.138736,-5.48491612e-02,2.68655459e-03
2.000000,2.45261908e-02,1.70261908e-02,1.135079,-5.48489960e-02,2.70747905e-03
2.001000,2.44713453e-02,1.69713453e-02,1.131423,-5.48455378e-02,2.75376611e-03
2.002000,2.44165183e-02,1.69165183e-02,1.127768,-5.48270224e-02,2.72848463e-03
2.003000,2.43617205e-02,1.68617205e-02,1.124115,-5.47977763e-02,2.69973383e-03
2.004000,2.43069386e-02,1.68069386e-02,1.120463,-5.47819173e-02,2.66627494e-03
2.005000,2.42521572e-02,1.67521572e-02,1.116810,-5.47814173e-02,2.73082048e-03
2.006000,2.41973767e-02,1.66973767e-02,1.113158,-5.47804915e-02,2.74412829e-03
2.007000,2.41426207e-02,1.66426207e-02,1.109508,-5.47560147e-02,2.73306945e-03
2.008000,2.40878915e-02,1.65878915e-02,1.105859,-5.47291231e-02,2.69680158e-03
2.009000,2.40331793e-02,1.65331793e-02,1.102212,-5.47122769e-02,2.68434108e-03
2.010000,2.39784697e-02,1.64784697e-02,1.098565,-5.47095451e-02,2.71284978e-03
2.011000,2.39237639e-02,1.64237639e-02,1.094918,-5.47058641e-02,2.74375655e-03
2.012000,2.38690765e-02,1.63690765e-02,1.091272,-5.46873549e-02,2.74893615e-03
2.013000,2.38144187e-02,1.63144187e-02,1.087628,-5.46577795e-02,2.70448236e-03
2.014000,2.37597844e-02,1.62597844e-02,1.083986,-5.46343642e-02,2.66420080e-03
2.015000,2.37051517e-02,1.62051517e-02,1.080343,-5.46326715e-02,2.72865363e-03
2.016000,2.36505189e-02,1.61505189e-02,1.076701,-5.46328101e-02,2.73590395e-03
2.017000,2.35959084e-02,1.60959084e-02,1.073061,-5.46104993e-02,2.74650132e-03
2.018000,2.35413244e-02,1.60413244e-02,1.069422,-5.45839334e-02,2.70935972e-03
2.019000,2.34867640e-02,1.59867640e-02,1.065784,-5.45604552e-02,2.67677004e-03
2.020000,2.34322090e-02,1.59322090e-02,1.062147,-5.45549380e-02,2.71482848e-03
2.021000,2.33776557e-02,1.58776557e-02,1.058510,-5.45533935e-02,2.73475118e-03
2.022000,2.33231198e-02,1.58231198e-02,1.054875,-5.45358269e-02,2.75496785e-03
2.023000,2.32686117e-02,1.57686117e-02,1.051241,-5.45081424e-02,2.71941085e-03
2.024000,2.32141316e-02,1.57141316e-02,1.047609,-5.44801062e-02,2.67100967e-03
2.025000,2.31596593e-02,1.56596593e-02,1.043977,-5.44723067e-02,2.71429476e-03
2.026000,2.31051865e-02,1.56051865e-02,1.040346,-5.44727484e-02,2.74003706e-03
2.027000,2.30507321e-02,1.55507321e-02,1.036715,-5.44544224e-02,2.75656400e-03
2.028000,2.29963074e-02,1.54963074e-02,1.033087,-5.44247196e-02,2.72011237e-03
2.029000,2.29419113e-02,1.54419113e-02,1.029461,-5.43960352e-02,2.67370771e-03
2.030000,2.28875238e-02,1.53875238e-02,1.025835,-5.43875282e-02,2.70937517e-03
2.031000,2.28331359e-02,1.53331359e-02,1.022209,-5.43879538e-02,2.73738900e-03
2.032000,2.27787642e-02,1.52787642e-02,1.018584,-5.43717117e-02,2.76222738e-03
2.033000,2.27244223e-02,1.52244223e-02,1.014961,-5.43418771e-02,2.73468742e-03
2.034000,2.26701135e-02,1.51701135e-02,1.011341,-5.43087553e-02,2.66850458e-03
2.035000,2.26158171e-02,1.51158171e-02,1.007721,-5.42963818e-02,2.71222051e-03
2.036000,2.25615191e-02,1.50615191e-02,1.004101,-5.42980130e-02,2.73989186e-03
2.037000,2.25072387e-02,1.50072387e-02,1.000483,-5.42803939e-02,2.75831488e-03
2.038000,2.24529883e-02,1.49529883e-02,0.996866,-5.42504291e-02,2.74417814e-03
2.039000,2.23987714e-02,1.48987714e-02,0.993251,-5.42169139e-02,2.67169160e-03
2.040000,2.23445705e-02,1.48445705e-02,0.989638,-5.42008599e-02,2.70903427e-03
2.041000,2.22903685e-02,1.47903685e-02,0.986025,-5.42020079e-02,2.73874531e-03
2.042000,2.22361829e-02,1.47361829e-02,0.982412,-5.41856379e-02,2.75821559e-03
2.043000,2.21820268e-02,1.46820268e-02,0.978802,-5.41560673e-02,2.75001742e-03
2.044000,2.21279053e-02,1.46279053e-02,0.975194,-5.41215521e-02,2.68586594e-03
2.045000,2.20738042e-02,1.45738042e-02,0.971587,-5.41010738e-02,2.70096274e-03
2.046000,2.20197052e-02,1.45197052e-02,0.967980,-5.40989941e-02,2.74719511e-03
2.047000,2.19656214e-02,1.44656214e-02,0.964375,-5.40837807e-02,2.75751063e-03
2.048000,2.19115699e-02,1.44115699e-02,0.960771,-5.40515597e-02,2.74692029e-03
2.049000,2.18575520e-02,1.43575520e-02,0.957170,-5.40178237e-02,2.69483866e-03
2.050000,2.18035553e-02,1.43035553e-02,0.953570,-5.39967758e-02,2.70511137e-03
2.051000,2.17495642e-02,1.42495642e-02,0.949971,-5.39910157e-02,2.72654299e-03
2.052000,2.16955861e-02,1.41955861e-02,0.946372,-5.39780919e-02,2.77100673e-03
2.053000,2.16416359e-02,1.41416359e-02,0.942776,-5.39502668e-02,2.74517116e-03
2.054000,2.15877235e-02,1.40877235e-02,0.939182,-5.39124078e-02,2.72057608e-03
2.055000,2.15338361e-02,1.40338361e-02,0.935589,-5.38873830e-02,2.68237559e-03
2.056000,2.14799589e-02,1.39799589e-02,0.931997,-5.38771909e-02,2.74871198e-03
2.057000,2.14260911e-02,1.39260911e-02,0.928406,-5.38678135e-02,2.75244224e-03
2.058000,2.13722551e-02,1.38722551e-02,0.924817,-5.38359906e-02,2.75634432e-03
2.059000,2.13184528e-02,1.38184528e-02,0.921230,-5.38022527e-02,2.72498303e-03
2.060000,2.12646801e-02,1.37646801e-02,0.917645,-5.37727791e-02,2.69018274e-03
2.061000,2.12109203e-02,1.37109203e-02,0.914061,-5.37597590e-02,2.73080769e-03
2.062000,2.11571693e-02,1.36571693e-02,0.910478,-5.37509839e-02,2.74878071e-03
2.063000,2.11034436e-02,1.36034436e-02,0.906896,-5.37256886e-02,2.77288561e-03
2.064000,2.10497534e-02,1.35497534e-02,0.903317,-5.36902279e-02,2.73446239e-03
2.065000,2.09960998e-02,1.34960998e-02,0.899740,-5.36536456e-02,2.68623534e-03
2.066000,2.09424615e-02,1.34424615e-02,0.896164,-5.36382105e-02,2.73042642e-03
2.067000,2.08888308e-02,1.33888308e-02,0.892589,-5.36307991e-02,2.75364000e-03
2.068000,2.08352260e-02,1.33352260e-02,0.889015,-5.36047697e-02,2.77195044e-03
2.069000,2.07816581e-02,1.32816581e-02,0.885444,-5.35678786e-02,2.74717690e-03
2.070000,2.07281287e-02,1.32281287e-02,0.881875,-5.35293550e-02,2.68880898e-03
2.071000,2.06746195e-02,1.31746195e-02,0.878308,-5.35092891e-02,2.72353164e-03
2.072000,2.06211172e-02,1.31211172e-02,0.874741,-5.35022518e-02,2.75378715e-03
2.073000,2.05676387e-02,1.30676387e-02,0.871176,-5.34784607e-02,2.77389456e-03
2.074000,2.05141976e-02,1.30141976e-02,0.867613,-5.34411775e-02,2.76192151e-03
2.075000,2.04607982e-02,1.29607982e-02,0.864053,-5.33994080e-02,2.69758299e-03
2.076000,2.04074252e-02,1.29074252e-02,0.860495,-5.33729482e-02,2.71556138e-03
2.077000,2.03540608e-02,1.28540608e-02,0.856937,-5.33644388e-02,2.76128597e-03
2.078000,2.03007188e-02,1.28007188e-02,0.853381,-5.33419392e-02,2.77480909e-03
2.079000,2.02474168e-02,1.27474168e-02,0.849828,-5.33020315e-02,2.75351288e-03
2.080000,2.01941554e-02,1.26941554e-02,0.846277,-5.32614486e-02,2.71703461e-03
2.081000,2.01409210e-02,1.26409210e-02,0.842728,-5.32343105e-02,2.71809257e-03
2.082000,2.00877021e-02,1.25877021e-02,0.839180,-5.32189653e-02,2.74484606e-03
2.083000,2.00345035e-02,1.25345035e-02,0.835634,-5.31985416e-02,2.77390839e-03
2.084000,1.99813393e-02,1.24813393e-02,0.832089,-5.31641923e-02,2.77452344e-03
2.085000,1.99282192e-02,1.24282192e-02,0.828548,-5.31201898e-02,2.73610432e-03
2.086000,1.98751364e-02,1.23751364e-02,0.825009,-5.30827792e-02,2.69442724e-03
2.087000,1.98220710e-02,1.23220710e-02,0.821471,-5.30653562e-02,2.75568100e-03
2.088000,1.97690202e-02,1.22690202e-02,0.817935,-5.30507885e-02,2.76435650e-03
2.089000,1.97160057e-02,1.22160057e-02,0.814400,-5.30145700e-02,2.78020022e-03
2.090000,1.96630330e-02,1.21630330e-02,0.810869,-5.29727006e-02,2.74498930e-03
2.091000,1.96101011e-02,1.21101011e-02,0.807340,-5.29318545e-02,2.70611973e-03
2.092000,1.95571917e-02,1.20571917e-02,0.803813,-5.29094458e-02,2.73812652e-03
2.093000,1.95042975e-02,1.20042975e-02,0.800287,-5.28941425e-02,2.76463529e-03
2.094000,1.94514339e-02,1.19514339e-02,0.796762,-5.28636398e-02,2.79192824e-03
2.095000,1.93986143e-02,1.18986143e-02,0.793241,-5.28196048e-02,2.77070788e-03
2.096000,1.93458439e-02,1.18458439e-02,0.789723,-5.27703590e-02,2.70035711e-03
2.097000,1.92931034e-02,1.17931034e-02,0.786207,-5.27405230e-02,2.73116437e-03
2.098000,1.92403750e-02,1.17403750e-02,0.782692,-5.27283434e-02,2.77807289e-03
2.099000,1.91876773e-02,1.16876773e-02,0.779178,-5.26977509e-02,2.78450748e-03
2.100000,1.91350267e-02,1.16350267e-02,0.775668,-5.26506151e-02,2.77114732e-03
2.101000,1.90824230e-02,1.15824230e-02,0.772162,-5.26037287e-02,2.72827979e-03
2.102000,1.90298541e-02,1.15298541e-02,0.768657,-5.25688106e-02,2.72888305e-03
2.103000,1.89773063e-02,1.14773063e-02,0.765154,-5.25478642e-02,2.75626875e-03
2.104000,1.89247844e-02,1.14247844e-02,0.761652,-5.25218767e-02,2.79236354e-03
2.105000,1.88723039e-02,1.13723039e-02,0.758154,-5.24805125e-02,2.77902292e-03
2.106000,1.88198742e-02,1.13198742e-02,0.754658,-5.24296533e-02,2.75480946e-03
2.107000,1.87674868e-02,1.12674868e-02,0.751166,-5.23874572e-02,2.71106219e-03
2.108000,1.87151258e-02,1.12151258e-02,0.747675,-5.23609495e-02,2.76322264e-03
2.109000,1.86627862e-02,1.11627862e-02,0.744186,-5.23395850e-02,2.77806190e-03
2.110000,1.86104878e-02,1.11104878e-02,0.740699,-5.22984660e-02,2.79783627e-03
2.111000,1.85582388e-02,1.10582388e-02,0.737216,-5.22489768e-02,2.76621300e-03
2.112000,1.85060402e-02,1.10060402e-02,0.733736,-5.21985856e-02,2.71728211e-03
2.113000,1.84538730e-02,1.09538730e-02,0.730258,-5.21672328e-02,2.75185605e-03
2.114000,1.84017271e-02,1.09017271e-02,0.726782,-5.21458356e-02,2.77809224e-03
2.115000,1.83496187e-02,1.08496187e-02,0.723308,-5.21084443e-02,2.80223510e-03
2.116000,1.82975605e-02,1.07975605e-02,0.719837,-5.20581672e-02,2.78872553e-03
2.117000,1.82455582e-02,1.07455582e-02,0.716371,-5.20023502e-02,2.73206722e-03
2.118000,1.81935972e-02,1.06935972e-02,0.712906,-5.19609894e-02,2.73504449e-03
2.119000,1.81416595e-02,1.06416595e-02,0.709444,-5.19377095e-02,2.78523977e-03
2.120000,1.80897549e-02,1.05897549e-02,0.705984,-5.19045754e-02,2.79905331e-03
2.121000,1.80379024e-02,1.05379024e-02,0.702527,-5.18525136e-02,2.78909853e-03
2.122000,1.79861047e-02,1.04861047e-02,0.699074,-5.17976757e-02,2.76092796e-03
2.123000,1.79343536e-02,1.04343536e-02,0.695624,-5.17510886e-02,2.73117883e-03
2.124000,1.78826346e-02,1.03826346e-02,0.692176,-5.17190141e-02,2.77024776e-03
2.125000,1.78309448e-02,1.03309448e-02,0.688730,-5.16898006e-02,2.78890131e-03
2.126000,1.77793004e-02,1.02793004e-02,0.685287,-5.16444577e-02,2.81151515e-03
2.127000,1.77277114e-02,1.02277114e-02,0.681847,-5.15889897e-02,2.78964533e-03
2.128000,1.76761814e-02,1.01761814e-02,0.678412,-5.15299624e-02,2.72871470e-03
2.129000,1.76246925e-02,1.01246925e-02,0.674980,-5.14888923e-02,2.75762577e-03
2.130000,1.75732298e-02,1.00732298e-02,0.671549,-5.14627202e-02,2.79795362e-03
2.131000,1.75218099e-02,1.00218099e-02,0.668121,-5.14199218e-02,2.81773040e-03
2.132000,1.74704495e-02,9.97044950e-03,0.664697,-5.13603817e-02,2.79195158e-03
2.133000,1.74191506e-02,9.91915060e-03,0.661277,-5.12989054e-02,2.75150843e-03
2.134000,1.73678975e-02,9.86789750e-03,0.657860,-5.12530471e-02,2.76094760e-03
2.135000,1.73166787e-02,9.81667870e-03,0.654445,-5.12188018e-02,2.77988532e-03
2.136000,1.72655006e-02,9.76550060e-03,0.651033,-5.11781076e-02,2.80422083e-03
2.137000,1.72143737e-02,9.71437370e-03,0.647625,-5.11268904e-02,2.81246596e-03
2.138000,1.71633075e-02,9.66330750e-03,0.644220,-5.10662231e-02,2.78960430e-03
2.139000,1.71123006e-02,9.61230060e-03,0.640820,-5.10068908e-02,2.74184157e-03
2.140000,1.70613371e-02,9.56133710e-03,0.637422,-5.09635129e-02,2.78156099e-03
2.141000,1.70104083e-02,9.51040830e-03,0.634027,-5.09287970e-02,2.80258616e-03
2.142000,1.69595310e-02,9.45953100e-03,0.630635,-5.08773187e-02,2.82438419e-03
2.143000,1.69087159e-02,9.40871590e-03,0.627248,-5.08150806e-02,2.80848016e-03
2.144000,1.68579674e-02,9.35796740e-03,0.623864,-5.07484962e-02,2.75723854e-03
2.145000,1.68072712e-02,9.30727120e-03,0.620485,-5.06961964e-02,2.77262346e-03
2.146000,1.67566132e-02,9.25661320e-03,0.617108,-5.06580044e-02,2.79455346e-03
2.147000,1.67060023e-02,9.20600230e-03,0.613733,-5.06108818e-02,2.82813395e-03
2.148000,1.66554517e-02,9.15545170e-03,0.610363,-5.05506186e-02,2.80821223e-03
2.149000,1.66049689e-02,9.10496890e-03,0.606998,-5.04828501e-02,2.80386656e-03
2.150000,1.65545465e-02,9.05454650e-03,0.603636,-5.04223927e-02,2.75198623e-03
2.151000,1.65041739e-02,9.00417390e-03,0.600278,-5.03725368e-02,2.79410284e-03
2.152000,1.64538417e-02,8.95384170e-03,0.596923,-5.03322715e-02,2.81617898e-03
2.153000,1.64035674e-02,8.90356740e-03,0.593571,-5.02742704e-02,2.83590576e-03
2.154000,1.63533619e-02,8.85336190e-03,0.590224,-5.02055308e-02,2.81814904e-03
2.155000,1.63032284e-02,8.80322840e-03,0.586882,-5.01334527e-02,2.77116751e-03
2.156000,1.62531529e-02,8.75315290e-03,0.583544,-5.00755143e-02,2.78423034e-03
2.157000,1.62031222e-02,8.70312220e-03,0.580208,-5.00306953e-02,2.80716853e-03
2.158000,1.61531447e-02,8.65314470e-03,0.576876,-4.99775300e-02,2.83176598e-03
2.159000,1.61032322e-02,8.60323220e-03,0.573549,-4.99124816e-02,2.83022887e-03
2.160000,1.60533926e-02,8.55339260e-03,0.570226,-4.98396268e-02,2.81460155e-03
2.161000,1.60036225e-02,8.50362250e-03,0.566908,-4.97700404e-02,2.77145552e-03
2.162000,1.59539093e-02,8.45390930e-03,0.563594,-4.97132162e-02,2.80188087e-03
2.163000,1.59042441e-02,8.40424410e-03,0.560283,-4.96651813e-02,2.82375728e-03
2.164000,1.58546408e-02,8.35464080e-03,0.556976,-4.96032857e-02,2.85586233e-03
2.165000,1.58051123e-02,8.30511230e-03,0.553674,-4.95285282e-02,2.82523817e-03
2.166000,1.57556637e-02,8.25566370e-03,0.550378,-4.94486424e-02,2.79461309e-03
2.167000,1.57062794e-02,8.20627940e-03,0.547085,-4.93842297e-02,2.79278320e-03
2.168000,1.56569492e-02,8.15694920e-03,0.543797,-4.93301984e-02,2.81647007e-03
2.169000,1.56076767e-02,8.10767670e-03,0.540512,-4.92725793e-02,2.83808917e-03
2.170000,1.55584733e-02,8.05847330e-03,0.537232,-4.92033579e-02,2.85341545e-03
2.171000,1.55093490e-02,8.00934900e-03,0.533957,-4.91243263e-02,2.84374152e-03
2.172000,1.54603070e-02,7.96030700e-03,0.530687,-4.90419720e-02,2.77681415e-03
2.173000,1.54113324e-02,7.91133240e-03,0.527422,-4.89746301e-02,2.80812894e-03
2.174000,1.53624086e-02,7.86240860e-03,0.524161,-4.89237305e-02,2.84220378e-03
2.175000,1.53135521e-02,7.81355210e-03,0.520903,-4.88565209e-02,2.86155514e-03
2.176000,1.52647774e-02,7.76477740e-03,0.517652,-4.87746985e-02,2.84008131e-03
2.177000,1.52160871e-02,7.71608710e-03,0.514406,-4.86903183e-02,2.82275049e-03
2.178000,1.51674711e-02,7.66747110e-03,0.511165,-4.86160551e-02,2.79754063e-03
2.179000,1.51189191e-02,7.61891910e-03,0.507928,-4.85519417e-02,2.83641347e-03
2.180000,1.50704299e-02,7.57042990e-03,0.504695,-4.84892334e-02,2.84282354e-03
2.181000,1.50220173e-02,7.52201730e-03,0.501468,-4.84126252e-02,2.87496538e-03
2.182000,1.49736890e-02,7.47368900e-03,0.498246,-4.83282278e-02,2.85221053e-03
2.183000,1.49254517e-02,7.42545170e-03,0.495030,-4.82372985e-02,2.82553804e-03
2.184000,1.48772932e-02,7.37729320e-03,0.491820,-4.81585590e-02,2.80694920e-03
2.185000,1.48292013e-02,7.32920130e-03,0.488613,-4.80918664e-02,2.84720007e-03
2.186000,1.47811771e-02,7.28117710e-03,0.485412,-4.80241607e-02,2.86580139e-03
2.187000,1.47332372e-02,7.23323720e-03,0.482216,-4.79399465e-02,2.87010518e-03
2.188000,1.46853883e-02,7.18538830e-03,0.479026,-4.78488624e-02,2.86145452e-03
2.189000,1.46376304e-02,7.13763040e-03,0.475842,-4.77578946e-02,2.82004777e-03
2.190000,1.45899533e-02,7.08995330e-03,0.472664,-4.76770901e-02,2.83766222e-03
2.191000,1.45423466e-02,7.04234660e-03,0.469490,-4.76067693e-02,2.85088039e-03
2.192000,1.44948183e-02,6.99481830e-03,0.466321,-4.75283261e-02,2.87026327e-03
2.193000,1.44473761e-02,6.94737610e-03,0.463158,-4.74421143e-02,2.88155618e-03
2.194000,1.44000286e-02,6.90002860e-03,0.460002,-4.73475398e-02,2.88166846e-03
2.195000,1.43527794e-02,6.85277940e-03,0.456852,-4.72492367e-02,2.81984047e-03
2.196000,1.43056175e-02,6.80561750e-03,0.453708,-4.71618303e-02,2.83680288e-03
2.197000,1.42585258e-02,6.75852580e-03,0.450568,-4.70917296e-02,2.87328744e-03
2.198000,1.42115162e-02,6.71151620e-03,0.447434,-4.70096062e-02,2.88743482e-03
2.199000,1.41646032e-02,6.66460320e-03,0.444307,-4.69129990e-02,2.88595440e-03
2.200000,1.41177912e-02,6.61779120e-03,0.441186,-4.68120073e-02,2.87897601e-03
2.201000,1.40710785e-02,6.57107850e-03,0.438072,-4.67127359e-02,2.82471432e-03
2.202000,1.40244531e-02,6.52445310e-03,0.434964,-4.66253519e-02,2.87099366e-03
2.203000,1.39779055e-02,6.47790550e-03,0.431860,-4.65476042e-02,2.86846943e-03
2.204000,1.39314504e-02,6.43145040e-03,0.428763,-4.64551041e-02,2.90307131e-03
2.205000,1.38850931e-02,6.38509310e-03,0.425673,-4.63573140e-02,2.89171466e-03
2.206000,1.38388429e-02,6.33884290e-03,0.422590,-4.62501685e-02,2.90188107e-03
2.207000,1.37926980e-02,6.29269800e-03,0.419513,-4.61449548e-02,2.83346055e-03
2.208000,1.37466495e-02,6.24664950e-03,0.416443,-4.60485017e-02,2.87397181e-03
2.209000,1.37006821e-02,6.20068210e-03,0.413379,-4.59673550e-02,2.89209554e-03
2.210000,1.36548124e-02,6.15481240e-03,0.410321,-4.58696988e-02,2.91088111e-03
2.211000,1.36090496e-02,6.10904960e-03,0.407270,-4.57627685e-02,2.90108566e-03
2.212000,1.35633982e-02,6.06339820e-03,0.404227,-4.56514010e-02,2.90620597e-03
2.213000,1.35178559e-02,6.01785590e-03,0.401190,-4.55423449e-02,2.84956588e-03
2.214000,1.34724143e-02,5.97241430e-03,0.398161,-4.54416234e-02,2.88933128e-03
2.215000,1.34270618e-02,5.92706180e-03,0.395137,-4.53524713e-02,2.88714393e-03
2.216000,1.33818111e-02,5.88181110e-03,0.392121,-4.52506465e-02,2.92365672e-03
2.217000,1.33366681e-02,5.83666810e-03,0.389111,-4.51430831e-02,2.92053799e-03
2.218000,1.32916440e-02,5.79164400e-03,0.386110,-4.50240800e-02,2.92798552e-03
2.219000,1.32467392e-02,5.74673920e-03,0.383116,-4.49047840e-02,2.86718932e-03
2.220000,1.32019454e-02,5.70194540e-03,0.380130,-4.47937933e-02,2.88771849e-03
2.221000,1.31572463e-02,5.65724630e-03,0.377150,-4.46991386e-02,2.91020922e-03
2.222000,1.31126525e-02,5.61265250e-03,0.374177,-4.45937646e-02,2.93436119e-03
2.223000,1.30681758e-02,5.56817580e-03,0.371212,-4.44767333e-02,2.93056390e-03
2.224000,1.30238233e-02,5.52382330e-03,0.368255,-4.43524416e-02,2.92995750e-03
2.225000,1.29795938e-02,5.47959380e-03,0.365306,-4.42295043e-02,2.89977103e-03
2.226000,1.29354817e-02,5.43548170e-03,0.362365,-4.41121042e-02,2.89595787e-03
2.227000,1.28914764e-02,5.39147640e-03,0.359432,-4.40052921e-02,2.90758815e-03
2.228000,1.28475788e-02,5.34757880e-03,0.356505,-4.38976757e-02,2.94223957e-03
2.229000,1.28037986e-02,5.30379860e-03,0.353587,-4.37801120e-02,2.95890218e-03
2.230000,1.27601504e-02,5.26015040e-03,0.350677,-4.36482216e-02,2.93928775e-03
2.231000,1.27166361e-02,5.21663610e-03,0.347776,-4.35143276e-02,2.92380603e-03
2.232000,1.26732465e-02,5.17324650e-03,0.344883,-4.33896131e-02,2.90606910e-03
2.233000,1.26299734e-02,5.12997340e-03,0.341998,-4.32731195e-02,2.92168660e-03
2.234000,1.25868137e-02,5.08681370e-03,0.339121,-4.31596892e-02,2.95543001e-03
2.235000,1.25437785e-02,5.04377850e-03,0.336252,-4.30351628e-02,2.95527009e-03
2.236000,1.25008789e-02,5.00087890e-03,0.333392,-4.28995828e-02,2.95389210e-03
2.237000,1.24581146e-02,4.95811460e-03,0.330541,-4.27642990e-02,2.96319713e-03
2.238000,1.24154868e-02,4.91548680e-03,0.327699,-4.26278223e-02,2.91620479e-03
2.239000,1.23729902e-02,4.87299020e-03,0.324866,-4.24965997e-02,2.93742204e-03
2.240000,1.23306131e-02,4.83061310e-03,0.322041,-4.23770581e-02,2.94067808e-03
2.241000,1.22883632e-02,4.78836320e-03,0.319224,-4.22499726e-02,2.97510397e-03
2.242000,1.22462474e-02,4.74624740e-03,0.316416,-4.21157299e-02,2.97621736e-03
2.243000,1.22042775e-02,4.70427750e-03,0.313618,-4.19699844e-02,2.97862933e-03
2.244000,1.21624540e-02,4.66245400e-03,0.310830,-4.18234467e-02,2.95299510e-03
2.245000,1.21207734e-02,4.62077340e-03,0.308052,-4.16806500e-02,2.93987360e-03
2.246000,1.20792248e-02,4.57922480e-03,0.305282,-4.15485924e-02,2.94951493e-03
2.247000,1.20378056e-02,4.53780560e-03,0.302520,-4.14191391e-02,2.98047103e-03
2.248000,1.19965246e-02,4.49652460e-03,0.299768,-4.12810452e-02,2.98440499e-03
2.249000,1.19553925e-02,4.45539250e-03,0.297026,-4.11320892e-02,2.99535256e-03
2.250000,1.19144126e-02,4.41441260e-03,0.294294,-4.09799052e-02,2.98727260e-03
2.251000,1.18735870e-02,4.37358700e-03,0.291572,-4.08255548e-02,2.96869202e-03
2.252000,1.18329099e-02,4.33290990e-03,0.288861,-4.06771437e-02,2.95595637e-03
2.253000,1.17923728e-02,4.29237280e-03,0.286158,-4.05370869e-02,2.97448459e-03
2.254000,1.17519749e-02,4.25197490e-03,0.283465,-4.03979361e-02,2.99928535e-03
2.255000,1.17117266e-02,4.21172660e-03,0.280782,-4.02483147e-02,3.00248833e-03
2.256000,1.16716366e-02,4.17163660e-03,0.278109,-4.00899820e-02,3.01137946e-03
2.257000,1.16317075e-02,4.13170750e-03,0.275447,-3.99290250e-02,3.01392621e-03
2.258000,1.15919428e-02,4.09194280e-03,0.272796,-3.97646977e-02,2.97942944e-03
2.259000,1.15523372e-02,4.05233720e-03,0.270156,-3.96056343e-02,2.97011306e-03
2.260000,1.15128777e-02,4.01287770e-03,0.267525,-3.94595477e-02,2.99580492e-03
2.261000,1.14735657e-02,3.97356570e-03,0.264904,-3.93119775e-02,3.02245965e-03
2.262000,1.14344144e-02,3.93441440e-03,0.262294,-3.91512560e-02,3.02510709e-03
2.263000,1.13954331e-02,3.89543310e-03,0.259696,-3.89813126e-02,3.02429934e-03
2.264000,1.13566225e-02,3.85662250e-03,0.257108,-3.88106426e-02,3.02494202e-03
2.265000,1.13179824e-02,3.81798240e-03,0.254532,-3.86401241e-02,3.00688139e-03
2.266000,1.12795098e-02,3.77950980e-03,0.251967,-3.84725885e-02,2.99677232e-03
2.267000,1.12411970e-02,3.74119700e-03,0.249413,-3.83127719e-02,3.01261951e-03
2.268000,1.12030435e-02,3.70304350e-03,0.246870,-3.81534728e-02,3.02995173e-03
2.269000,1.11650576e-02,3.66505760e-03,0.244337,-3.79859043e-02,3.04060260e-03
2.270000,1.11272469e-02,3.62724690e-03,0.241816,-3.78107602e-02,3.04758484e-03
2.271000,1.10896160e-02,3.58961600e-03,0.239308,-3.76308834e-02,3.05686316e-03
2.272000,1.10521689e-02,3.55216890e-03,0.236811,-3.74470728e-02,3.02686709e-03
2.273000,1.10149034e-02,3.51490340e-03,0.234327,-3.72655195e-02,3.01663766e-03
2.274000,1.09778078e-02,3.47780780e-03,0.231854,-3.70956263e-02,3.02923611e-03
2.275000,1.09408809e-02,3.44088090e-03,0.229392,-3.69268648e-02,3.04728209e-03
2.276000,1.09041301e-02,3.40413010e-03,0.226942,-3.67507744e-02,3.05679353e-03
2.277000,1.08675630e-02,3.36756300e-03,0.224504,-3.65670756e-02,3.07421242e-03
2.278000,1.08311859e-02,3.33118590e-03,0.222079,-3.63771726e-02,3.05911280e-03
2.279000,1.07950016e-02,3.29500160e-03,0.219667,-3.61842193e-02,3.06806296e-03
2.280000,1.07590070e-02,3.25900700e-03,0.217267,-3.59946422e-02,3.03944797e-03
2.281000,1.07231998e-02,3.22319980e-03,0.214880,-3.58071859e-02,3.04755830e-03
2.282000,1.06875721e-02,3.18757210e-03,0.212505,-3.56276930e-02,3.05471148e-03
2.283000,1.06521279e-02,3.15212790e-03,0.210142,-3.54442716e-02,3.07162942e-03
2.284000,1.06168723e-02,3.11687230e-03,0.207791,-3.52555092e-02,3.08222870e-03
2.285000,1.05818130e-02,3.08181300e-03,0.205454,-3.50593164e-02,3.08942619e-03
2.286000,1.05469547e-02,3.04695470e-03,0.203130,-3.48583698e-02,3.08772677e-03
2.287000,1.05122993e-02,3.01229930e-03,0.200820,-3.46553600e-02,3.09479998e-03
2.288000,1.04778476e-02,2.97784760e-03,0.198523,-3.44516575e-02,3.06103801e-03
2.289000,1.04435960e-02,2.94359600e-03,0.196240,-3.42516024e-02,3.06044070e-03
2.290000,1.04095333e-02,2.90953330e-03,0.193969,-3.40627409e-02,3.07675156e-03
2.291000,1.03756621e-02,2.87566210e-03,0.191711,-3.38711912e-02,3.10143753e-03
2.292000,1.03419922e-02,2.84199220e-03,0.189466,-3.36699193e-02,3.11100751e-03
2.293000,1.03085333e-02,2.80853330e-03,0.187236,-3.34588478e-02,3.10692747e-03
2.294000,1.02752880e-02,2.77528800e-03,0.185019,-3.32453549e-02,3.10216492e-03
2.295000,1.02422539e-02,2.74225390e-03,0.182817,-3.30340442e-02,3.11260650e-03
2.296000,1.02094315e-02,2.70943150e-03,0.180629,-3.28224511e-02,3.08938581e-03
2.297000,1.01768200e-02,2.67682000e-03,0.178455,-3.26115351e-02,3.09419526e-03
2.298000,1.01444126e-02,2.64441260e-03,0.176294,-3.24073946e-02,3.10254424e-03
2.299000,1.01122124e-02,2.61221240e-03,0.174147,-3.22001983e-02,3.09722111e-03
2.300000,1.00802212e-02,2.58022120e-03,0.172015,-3.19912013e-02,3.11496870e-03
2.301000,1.00484403e-02,2.54844030e-03,0.169896,-3.17808141e-02,3.12979366e-03
2.302000,1.00168784e-02,2.51687840e-03,0.167792,-3.15619766e-02,3.13900669e-03
2.303000,9.98554173e-03,2.48554173e-03,0.165703,-3.13366413e-02,3.13420582e-03
2.304000,9.95443260e-03,2.45443260e-03,0.163629,-3.11091291e-02,3.13208743e-03
2.305000,9.92354903e-03,2.42354903e-03,0.161570,-3.08835683e-02,3.11105924e-03
2.306000,9.89288661e-03,2.39288661e-03,0.159526,-3.06624218e-02,3.11315494e-03
2.307000,9.86243880e-03,2.36243880e-03,0.157496,-3.04478107e-02,3.12073937e-03
2.308000,9.83220763e-03,2.33220763e-03,0.155481,-3.02311701e-02,3.12660014e-03
2.309000,9.80219663e-03,2.30219663e-03,0.153480,-3.00110022e-02,3.14452746e-03
2.310000,9.77241089e-03,2.27241089e-03,0.151494,-2.97857393e-02,3.15258965e-03
2.311000,9.74285772e-03,2.24285772e-03,0.149524,-2.95531631e-02,3.15354433e-03
2.312000,9.71353995e-03,2.21353995e-03,0.147569,-2.93177704e-02,3.15218992e-03
2.313000,9.68445765e-03,2.18445765e-03,0.145631,-2.90823036e-02,3.14886448e-03
2.314000,9.65560978e-03,2.15560978e-03,0.143707,-2.88478697e-02,3.13288956e-03
2.315000,9.62699243e-03,2.12699243e-03,0.141799,-2.86173529e-02,3.13862927e-03
2.316000,9.59860136e-03,2.09860136e-03,0.139907,-2.83910675e-02,3.14240991e-03
2.317000,9.57043913e-03,2.07043913e-03,0.138029,-2.81622285e-02,3.14371115e-03
2.318000,9.54250721e-03,2.04250721e-03,0.136167,-2.79319178e-02,3.15596300e-03
2.319000,9.51480820e-03,2.01480820e-03,0.134321,-2.76990132e-02,3.16209090e-03
2.320000,9.48734720e-03,1.98734720e-03,0.132490,-2.74610012e-02,3.16348269e-03
2.321000,9.46012647e-03,1.96012647e-03,0.130675,-2.72207306e-02,3.17338456e-03
2.322000,9.43314822e-03,1.93314822e-03,0.128877,-2.69782519e-02,3.17517567e-03
2.323000,9.40641601e-03,1.90641601e-03,0.127094,-2.67322045e-02,3.17063182e-03
2.324000,9.37992964e-03,1.87992964e-03,0.125329,-2.64863724e-02,3.15242617e-03
2.325000,9.35368439e-03,1.85368439e-03,0.123579,-2.62452521e-02,3.15756622e-03
2.326000,9.32767518e-03,1.82767518e-03,0.121845,-2.60092018e-02,3.15223551e-03
2.327000,9.30190278e-03,1.80190278e-03,0.120127,-2.57724061e-02,3.16258673e-03
2.328000,9.27636725e-03,1.77636725e-03,0.118424,-2.55355306e-02,3.15867545e-03
2.329000,9.25107130e-03,1.75107130e-03,0.116738,-2.52959473e-02,3.18073676e-03
2.330000,9.22601755e-03,1.72601755e-03,0.115068,-2.50537472e-02,3.19395001e-03
2.331000,9.20121559e-03,1.70121559e-03,0.113414,-2.48019652e-02,3.18556192e-03
2.332000,9.17666826e-03,1.67666826e-03,0.111778,-2.45473271e-02,3.17499415e-03
2.333000,9.15237095e-03,1.65237095e-03,0.110158,-2.42973126e-02,3.17445663e-03
2.334000,9.12832008e-03,1.62832008e-03,0.108555,-2.40508638e-02,3.18225646e-03
2.335000,9.10451687e-03,1.60451687e-03,0.106968,-2.38032122e-02,3.17044126e-03
2.336000,9.08096178e-03,1.58096178e-03,0.105397,-2.35550883e-02,3.17220552e-03
2.337000,9.05765125e-03,1.55765125e-03,0.103843,-2.33105328e-02,3.16144062e-03
2.338000,9.03458395e-03,1.53458395e-03,0.102306,-2.30673016e-02,3.17680689e-03
2.339000,9.01175906e-03,1.51175906e-03,0.100784,-2.28248883e-02,3.16275137e-03
2.340000,8.98917915e-03,1.48917915e-03,0.099279,-2.25799141e-02,3.17581294e-03
2.341000,8.96684190e-03,1.46684190e-03,0.097789,-2.23372461e-02,3.17972156e-03
2.342000,8.94475230e-03,1.44475230e-03,0.096317,-2.20895973e-02,3.18708656e-03
2.343000,8.92291294e-03,1.42291294e-03,0.094861,-2.18393625e-02,3.18971773e-03
2.344000,8.90132670e-03,1.40132670e-03,0.093422,-2.15862435e-02,3.17971587e-03
2.345000,8.87999267e-03,1.37999267e-03,0.092000,-2.13340292e-02,3.17804520e-03
2.346000,8.85890727e-03,1.35890727e-03,0.090594,-2.10853951e-02,3.17884248e-03
2.347000,8.83807010e-03,1.33807010e-03,0.089205,-2.08371687e-02,3.17867598e-03
2.348000,8.81748140e-03,1.31748140e-03,0.087832,-2.05887098e-02,3.17508641e-03
2.349000,8.79714045e-03,1.29714045e-03,0.086476,-2.03409405e-02,3.15900745e-03
2.350000,8.77704326e-03,1.27704326e-03,0.085136,-2.00971933e-02,3.15342459e-03
2.351000,8.75718355e-03,1.25718355e-03,0.083812,-1.98597141e-02,3.16415059e-03
2.352000,8.73756138e-03,1.23756138e-03,0.082504,-1.96221715e-02,3.16135227e-03
2.353000,8.71817977e-03,1.21817977e-03,0.081212,-1.93816012e-02,3.15820086e-03
2.354000,8.69903727e-03,1.19903727e-03,0.079936,-1.91425072e-02,3.17251244e-03
2.355000,8.68013535e-03,1.18013535e-03,0.078676,-1.89019174e-02,3.17894277e-03
2.356000,8.66147986e-03,1.16147986e-03,0.077432,-1.86554902e-02,3.16768615e-03
2.357000,8.64307092e-03,1.14307092e-03,0.076205,-1.84089419e-02,3.17314329e-03
2.358000,8.62490579e-03,1.12490579e-03,0.074994,-1.81651254e-02,3.15937930e-03
2.359000,8.60698384e-03,1.10698384e-03,0.073799,-1.79219506e-02,3.16069886e-03
2.360000,8.58930078e-03,1.08930078e-03,0.072620,-1.76830628e-02,3.16110962e-03
2.361000,8.57185711e-03,1.07185711e-03,0.071457,-1.74436691e-02,3.15461910e-03
2.362000,8.55465182e-03,1.05465182e-03,0.070310,-1.72052882e-02,3.14820115e-03
2.363000,8.53768165e-03,1.03768165e-03,0.069179,-1.69701738e-02,3.14730586e-03
2.364000,8.52094432e-03,1.02094432e-03,0.068063,-1.67373255e-02,3.13483722e-03
2.365000,8.50443735e-03,1.00443735e-03,0.066962,-1.65069761e-02,3.13152564e-03
2.366000,8.48815604e-03,9.88156040e-04,0.065877,-1.62813073e-02,3.12916932e-03
2.367000,8.47209890e-03,9.72098900e-04,0.064807,-1.60571427e-02,3.12749767e-03
2.368000,8.45626485e-03,9.56264850e-04,0.063751,-1.58340476e-02,3.12211710e-03
2.369000,8.44065240e-03,9.40652400e-04,0.062710,-1.56124530e-02,3.12354499e-03
2.370000,8.42526002e-03,9.25260020e-04,0.061684,-1.53923729e-02,3.12715068e-03
2.371000,8.41008884e-03,9.10088840e-04,0.060673,-1.51711863e-02,3.12378866e-03
2.372000,8.39513943e-03,8.95139430e-04,0.059676,-1.49494100e-02,3.12315197e-03
2.373000,8.38041058e-03,8.80410580e-04,0.058694,-1.47288505e-02,3.10974652e-03
2.374000,8.36589971e-03,8.65899710e-04,0.057727,-1.45108707e-02,3.11892751e-03
2.375000,8.35160404e-03,8.51604040e-04,0.056774,-1.42956698e-02,3.11262177e-03
2.376000,8.33752547e-03,8.37525470e-04,0.055835,-1.40785689e-02,3.09722492e-03
2.377000,8.32365920e-03,8.23659200e-04,0.054911,-1.38662617e-02,3.09109928e-03
2.378000,8.30999911e-03,8.09999110e-04,0.054000,-1.36600942e-02,3.09309775e-03
2.379000,8.29654353e-03,7.96543530e-04,0.053103,-1.34555851e-02,3.09262306e-03
2.380000,8.28329302e-03,7.83293020e-04,0.052220,-1.32505037e-02,3.09054935e-03
2.381000,8.27024708e-03,7.70247080e-04,0.051350,-1.30459448e-02,3.07910278e-03
2.382000,8.25740299e-03,7.57402990e-04,0.050494,-1.28440912e-02,3.07042653e-03
2.383000,8.24475545e-03,7.44755450e-04,0.049650,-1.26475310e-02,3.06217126e-03
2.384000,8.23230017e-03,7.32300170e-04,0.048820,-1.24552802e-02,3.05540945e-03
2.385000,8.22003324e-03,7.20033240e-04,0.048002,-1.22669362e-02,3.04952029e-03
2.386000,8.20795138e-03,7.07951380e-04,0.047197,-1.20818544e-02,3.05049071e-03
2.387000,8.19605285e-03,6.96052850e-04,0.046404,-1.18985350e-02,3.04762427e-03
2.388000,8.18433744e-03,6.84337440e-04,0.045622,-1.17154039e-02,3.04544003e-03
2.389000,8.17280384e-03,6.72803840e-04,0.044854,-1.15336004e-02,3.03554487e-03
2.390000,8.16144958e-03,6.61449580e-04,0.044097,-1.13542640e-02,3.04016269e-03
2.391000,8.15027222e-03,6.50272220e-04,0.043351,-1.11773608e-02,3.03784006e-03
2.392000,8.13927287e-03,6.39272870e-04,0.042618,-1.09993517e-02,3.04337948e-03
2.393000,8.12845174e-03,6.28451740e-04,0.041897,-1.08211259e-02,3.03777093e-03
2.394000,8.11780967e-03,6.17809670e-04,0.041187,-1.06420726e-02,3.03203049e-03
2.395000,8.10734379e-03,6.07343790e-04,0.040490,-1.04658764e-02,3.02444716e-03
2.396000,8.09705089e-03,5.97050890e-04,0.039803,-1.02929065e-02,3.01593061e-03
2.397000,8.08692695e-03,5.86926950e-04,0.039128,-1.01239331e-02,3.01734528e-03
2.398000,8.07696945e-03,5.76969450e-04,0.038465,-9.95750647e-03,3.01155483e-03
2.399000,8.06717781e-03,5.67177810e-04,0.037812,-9.79163925e-03,2.99401701e-03
2.400000,8.05754703e-03,5.57547030e-04,0.037170,-9.63077506e-03,2.98760122e-03
2.401000,8.04807023e-03,5.48070230e-04,0.036538,-9.47680511e-03,2.99039845e-03
2.402000,8.03874578e-03,5.38745780e-04,0.035916,-9.32444755e-03,2.98590921e-03
2.403000,8.02957381e-03,5.29573810e-04,0.035305,-9.17196521e-03,2.98371340e-03
2.404000,8.02055247e-03,5.20552470e-04,0.034703,-9.02134551e-03,2.98455298e-03
2.405000,8.01168117e-03,5.11681170e-04,0.034112,-8.87129847e-03,2.98070939e-03
2.406000,8.00295952e-03,5.02959520e-04,0.033531,-8.72165539e-03,2.96963225e-03
2.407000,7.99438428e-03,4.94384280e-04,0.032959,-8.57523348e-03,2.96120317e-03
2.408000,7.98595034e-03,4.85950340e-04,0.032397,-8.43394006e-03,2.95956353e-03
2.409000,7.97765464e-03,4.77654640e-04,0.031844,-8.29570482e-03,2.95175116e-03
2.410000,7.96949525e-03,4.69495250e-04,0.031300,-8.15938960e-03,2.93819184e-03
2.411000,7.96146721e-03,4.61467210e-04,0.030764,-8.02803789e-03,2.92992879e-03
2.412000,7.95356461e-03,4.53564610e-04,0.030238,-7.90260049e-03,2.92581353e-03
2.413000,7.94578400e-03,4.45784000e-04,0.029719,-7.78060454e-03,2.91978314e-03
2.414000,7.93812298e-03,4.38122980e-04,0.029208,-7.66102650e-03,2.91390681e-03
2.415000,7.93057851e-03,4.30578510e-04,0.028705,-7.54446810e-03,2.92056334e-03
2.416000,7.92314985e-03,4.23149850e-04,0.028210,-7.42866245e-03,2.91856470e-03
2.417000,7.91583882e-03,4.15838820e-04,0.027723,-7.31102412e-03,2.91022809e-03
2.418000,7.90864331e-03,4.08643310e-04,0.027243,-7.19551642e-03,2.90241026e-03
2.419000,7.90155918e-03,4.01559180e-04,0.026771,-7.08412907e-03,2.90238264e-03
2.420000,7.89458386e-03,3.94583860e-04,0.026306,-6.97531411e-03,2.89744740e-03
2.421000,7.88771648e-03,3.87716480e-04,0.025848,-6.86738096e-03,2.89345740e-03
2.422000,7.88095471e-03,3.80954710e-04,0.025397,-6.76177420e-03,2.88803938e-03
2.423000,7.87429627e-03,3.74296270e-04,0.024953,-6.65843593e-03,2.88649071e-03
2.424000,7.86773912e-03,3.67739120e-04,0.024516,-6.55715089e-03,2.88382677e-03
2.425000,7.86128228e-03,3.61282280e-04,0.024085,-6.45684554e-03,2.87812972e-03
2.426000,7.85492385e-03,3.54923850e-04,0.023662,-6.35842253e-03,2.87497462e-03
2.427000,7.84866143e-03,3.48661430e-04,0.023244,-6.26242846e-03,2.87063641e-03
2.428000,7.84249319e-03,3.42493190e-04,0.022833,-6.16823774e-03,2.87386861e-03
2.429000,7.83641829e-03,3.36418290e-04,0.022428,-6.07490017e-03,2.86562541e-03
2.430000,7.83043633e-03,3.30436330e-04,0.022029,-5.98195882e-03,2.85582787e-03
2.431000,7.82454287e-03,3.24542870e-04,0.021636,-5.89345724e-03,2.84757916e-03
2.432000,7.81873324e-03,3.18733240e-04,0.021249,-5.80963201e-03,2.84921249e-03
2.433000,7.81300501e-03,3.13005010e-04,0.020867,-5.72822694e-03,2.85443587e-03
2.434000,7.80735965e-03,3.07359650e-04,0.020491,-5.64536177e-03,2.84976161e-03
2.435000,7.80179804e-03,3.01798040e-04,0.020120,-5.56160776e-03,2.84112922e-03
2.436000,7.79631713e-03,2.96317130e-04,0.019754,-5.48091538e-03,2.83660387e-03
2.437000,7.79091327e-03,2.90913270e-04,0.019394,-5.40385827e-03,2.82935961e-03
2.438000,7.78558370e-03,2.85583700e-04,0.019039,-5.32956841e-03,2.82649584e-03
2.439000,7.78032554e-03,2.80325540e-04,0.018688,-5.25816411e-03,2.82343007e-03
2.440000,7.77513729e-03,2.75137290e-04,0.018342,-5.18824245e-03,2.82475570e-03
2.441000,7.77001820e-03,2.70018200e-04,0.018001,-5.11909322e-03,2.82285841e-03
2.442000,7.76496836e-03,2.64968360e-04,0.017665,-5.04984415e-03,2.81854180e-03
2.443000,7.75998638e-03,2.59986380e-04,0.017332,-4.98198152e-03,2.81515633e-03
2.444000,7.75507024e-03,2.55070240e-04,0.017005,-4.91613521e-03,2.81410363e-03
2.445000,7.75021865e-03,2.50218650e-04,0.016681,-4.85158690e-03,2.80496248e-03
2.446000,7.74542965e-03,2.45429650e-04,0.016362,-4.78900082e-03,2.81334886e-03
2.447000,7.74070172e-03,2.40701720e-04,0.016047,-4.72793379e-03,2.81351834e-03
2.448000,7.73603764e-03,2.36037640e-04,0.015736,-4.66408258e-03,2.81340632e-03
2.449000,7.73143744e-03,2.31437440e-04,0.015429,-4.60019552e-03,2.81574524e-03
2.450000,7.72690151e-03,2.26901510e-04,0.015127,-4.53593164e-03,2.80942542e-03
2.451000,7.72242949e-03,2.22429490e-04,0.014829,-4.47201721e-03,2.80468024e-03
2.452000,7.71801847e-03,2.18018470e-04,0.014535,-4.41101744e-03,2.80250010e-03
2.453000,7.71366651e-03,2.13666510e-04,0.014244,-4.35196158e-03,2.79763139e-03
2.454000,7.70937203e-03,2.09372030e-04,0.013958,-4.29448270e-03,2.79965500e-03
2.455000,7.70513379e-03,2.05133790e-04,0.013676,-4.23824492e-03,2.79291752e-03
2.456000,7.70095125e-03,2.00951250e-04,0.013397,-4.18253400e-03,2.78836504e-03
2.457000,7.69682141e-03,1.96821410e-04,0.013121,-4.12984083e-03,2.78258442e-03
2.458000,7.69274175e-03,1.92741750e-04,0.012849,-4.07966500e-03,2.78143829e-03
2.459000,7.68871015e-03,1.88710150e-04,0.012581,-4.03159029e-03,2.78057676e-03
2.460000,7.68472611e-03,1.84726110e-04,0.012315,-3.98404434e-03,2.77525143e-03
2.461000,7.68078839e-03,1.80788390e-04,0.012053,-3.93772305e-03,2.77560323e-03
2.462000,7.67689530e-03,1.76895300e-04,0.011793,-3.89308847e-03,2.77058361e-03
2.463000,7.67304607e-03,1.73046070e-04,0.011536,-3.84922602e-03,2.77522924e-03
2.464000,7.66923988e-03,1.69239880e-04,0.011283,-3.80619056e-03,2.77402206e-03
2.465000,7.66547804e-03,1.65478040e-04,0.011032,-3.76184288e-03,2.77366154e-03
2.466000,7.66176008e-03,1.61760080e-04,0.010784,-3.71795540e-03,2.77461783e-03
2.467000,7.65808607e-03,1.58086070e-04,0.010539,-3.67401722e-03,2.77126547e-03
2.468000,7.65445571e-03,1.54455710e-04,0.010297,-3.63035781e-03,2.77541138e-03
2.469000,7.65086864e-03,1.50868640e-04,0.010058,-3.58706621e-03,2.77416093e-03
2.470000,7.64732601e-03,1.47326010e-04,0.009822,-3.54263415e-03,2.77614922e-03
2.471000,7.64382775e-03,1.43827750e-04,0.009589,-3.49826115e-03,2.77689559e-03
2.472000,7.64037464e-03,1.40374640e-04,0.009358,-3.45310319e-03,2.77512323e-03
2.473000,7.63696663e-03,1.36966630e-04,0.009131,-3.40801352e-03,2.77316429e-03
2.474000,7.63360278e-03,1.33602780e-04,0.008907,-3.36385234e-03,2.77827283e-03
2.475000,7.63028335e-03,1.30283350e-04,0.008686,-3.31943112e-03,2.77583408e-03
2.476000,7.62700958e-03,1.27009580e-04,0.008467,-3.27376345e-03,2.77391364e-03
2.477000,7.62378035e-03,1.23780350e-04,0.008252,-3.22923630e-03,2.77273200e-03
2.478000,7.62059480e-03,1.20594800e-04,0.008040,-3.18554882e-03,2.76913313e-03
2.479000,7.61745191e-03,1.17451910e-04,0.007830,-3.14288582e-03,2.76880626e-03
2.480000,7.61435045e-03,1.14350450e-04,0.007623,-3.10146255e-03,2.76857151e-03
2.481000,7.61129026e-03,1.11290260e-04,0.007419,-3.06018814e-03,2.76720804e-03
2.482000,7.60827103e-03,1.08271030e-04,0.007218,-3.01923194e-03,2.76466760e-03
2.483000,7.60529186e-03,1.05291860e-04,0.007019,-2.97917277e-03,2.76380210e-03
2.484000,7.60235176e-03,1.02351760e-04,0.006823,-2.94010098e-03,2.76341411e-03
2.485000,7.59945037e-03,9.94503700e-05,0.006630,-2.90138204e-03,2.76445181e-03
2.486000,7.59658777e-03,9.65877700e-05,0.006439,-2.86260702e-03,2.76243296e-03
2.487000,7.59376392e-03,9.37639200e-05,0.006251,-2.82384821e-03,2.75781433e-03
2.488000,7.59097735e-03,9.09773500e-05,0.006065,-2.78656917e-03,2.76234092e-03
2.489000,7.58822734e-03,8.82273400e-05,0.005882,-2.75000649e-03,2.75998641e-03
2.490000,7.58551497e-03,8.55149700e-05,0.005701,-2.71237357e-03,2.76281236e-03
2.491000,7.58283996e-03,8.28399600e-05,0.005523,-2.67501418e-03,2.75784948e-03
2.492000,7.58020235e-03,8.02023500e-05,0.005347,-2.63760432e-03,2.75730310e-03
2.493000,7.57760043e-03,7.76004300e-05,0.005173,-2.60192098e-03,2.76018212e-03
2.494000,7.57503452e-03,7.50345200e-05,0.005002,-2.56590795e-03,2.75755777e-03
2.495000,7.57250511e-03,7.25051100e-05,0.004834,-2.52941349e-03,2.75911138e-03
2.496000,7.57001160e-03,7.00116000e-05,0.004667,-2.49350618e-03,2.75401106e-03
2.497000,7.56755361e-03,6.75536100e-05,0.004504,-2.45799057e-03,2.75615502e-03
2.498000,7.56512984e-03,6.51298400e-05,0.004342,-2.42377084e-03,2.75566036e-03
2.499000,7.56274091e-03,6.27409100e-05,0.004183,-2.38893448e-03,2.75385192e-03
2.500000,7.56038633e-03,6.03863300e-05,0.004026,-2.35458038e-03,2.75190876e-03
2.501000,7.55806516e-03,5.80651600e-05,0.003871,-2.32116382e-03,2.75047308e-03
2.502000,7.55577652e-03,5.57765200e-05,0.003718,-2.28863930e-03,2.74946626e-03
2.503000,7.55351976e-03,5.35197600e-05,0.003568,-2.25676433e-03,2.74722364e-03
2.504000,7.55129414e-03,5.12941400e-05,0.003420,-2.22561660e-03,2.74562713e-03
2.505000,7.54909866e-03,4.90986600e-05,0.003273,-2.19548770e-03,2.74457526e-03
2.506000,7.54693259e-03,4.69325900e-05,0.003129,-2.16606914e-03,2.74323545e-03
2.507000,7.54479535e-03,4.47953500e-05,0.002986,-2.13723295e-03,2.74162564e-03
2.508000,7.54268623e-03,4.26862300e-05,0.002846,-2.10912146e-03,2.74042573e-03
2.509000,7.54060448e-03,4.06044800e-05,0.002707,-2.08175084e-03,2.74102855e-03
2.510000,7.53854981e-03,3.85498100e-05,0.002570,-2.05466768e-03,2.74226602e-03
2.511000,7.53652265e-03,3.65226500e-05,0.002435,-2.02716772e-03,2.74378650e-03
2.512000,7.53452365e-03,3.45236500e-05,0.002302,-1.99899248e-03,2.74097538e-03
2.513000,7.53255284e-03,3.25528400e-05,0.002170,-1.97081500e-03,2.74043513e-03
2.514000,7.53060918e-03,3.06091800e-05,0.002041,-1.94365628e-03,2.74068872e-03
2.515000,7.52869255e-03,2.86925500e-05,0.001913,-1.91663013e-03,2.74168419e-03
2.516000,7.52680321e-03,2.68032100e-05,0.001787,-1.88934467e-03,2.74047331e-03
2.517000,7.52494126e-03,2.49412600e-05,0.001663,-1.86194640e-03,2.73961638e-03
2.518000,7.52310616e-03,2.31061600e-05,0.001540,-1.83509735e-03,2.73772835e-03
2.519000,7.52129730e-03,2.12973000e-05,0.001420,-1.80886360e-03,2.73784949e-03
2.520000,7.51951407e-03,1.95140700e-05,0.001301,-1.78322849e-03,2.73756951e-03
2.521000,7.51775647e-03,1.77564700e-05,0.001184,-1.75760310e-03,2.73807941e-03
2.522000,7.51602449e-03,1.60244900e-05,0.001068,-1.73197949e-03,2.73740921e-03
2.523000,7.51431818e-03,1.43181800e-05,0.000955,-1.70630695e-03,2.73654420e-03
2.524000,7.51263717e-03,1.26371700e-05,0.000842,-1.68100747e-03,2.73528517e-03
2.525000,7.51098096e-03,1.09809600e-05,0.000732,-1.65621472e-03,2.73455200e-03
2.526000,7.50934899e-03,9.34899000e-06,0.000623,-1.63196511e-03,2.73310137e-03
2.527000,7.50774078e-03,7.74078000e-06,0.000516,-1.60821281e-03,2.73271294e-03
2.528000,7.50615578e-03,6.15578000e-06,0.000410,-1.58500561e-03,2.73201889e-03
2.529000,7.50459373e-03,4.59373000e-06,0.000306,-1.56204871e-03,2.73180972e-03
2.530000,7.50305437e-03,3.05437000e-06,0.000204,-1.53935674e-03,2.73056608e-03
2.531000,7.50153742e-03,1.53742000e-06,0.000102,-1.51695338e-03,2.73019753e-03
2.532000,7.50004239e-03,4.23900000e-08,0.000003,-1.49502363e-03,2.73108042e-03
2.533000,7.50000000e-03,0.00000000e+00,0.000000,-4.23932276e-05,4.67080757e-04
2.534000,7.50000000e-03,0.00000000e+00,0.000000,-1.08420217e-19,1.39589344e-03
2.535000,7.50000000e-03,0.00000000e+00,0.000000,-2.16840434e-19,1.51103919e-03
2.536000,7.50000000e-03,0.00000000e+00,0.000000,-1.08420217e-19,1.98931721e-03
2.537000,7.50000000e-03,0.00000000e+00,0.000000,-1.08420217e-19,1.82861586e-03
2.538000,7.50000000e-03,0.00000000e+00,0.000000,-5.42101086e-20,1.90466198e-03
2.539000,7.50000000e-03,0.00000000e+00,0.000000,-1.08420217e-19,1.71930018e-03
2.540000,7.50000000e-03,0.00000000e+00,0.000000,-1.08420217e-19,1.76536491e-03
2.541000,7.50000000e-03,0.00000000e+00,0.000000,-1.08420217e-19,1.66454029e-03
2.542000,7.50000000e-03,0.00000000e+00,0.000000,-1.62630326e-19,1.71151583e-03
2.543000,7.50000000e-03,0.00000000e+00,0.000000,-1.08420217e-19,1.64433762e-03
2.544000,7.50000000e-03,0.00000000e+00,0.000000,-1.08420217e-19,1.67330945e-03
2.545000,7.50000000e-03,0.00000000e+00,0.000000,-1.08420217e-19,1.61963735e-03
2.546000,7.50000000e-03,0.00000000e+00,0.000000,-1.08420217e-19,1.63662020e-03
2.547000,7.50000000e-03,0.00000000e+00,0.000000,-1.08420217e-19,1.59472337e-03
2.548000,7.50000000e-03,0.00000000e+00,0.000000,-1.08420217e-19,1.60572010e-03
2.549000,7.50000000e-03,0.00000000e+00,0.000000,-1.08420217e-19,1.57307000e-03
2.550000,7.50000000e-03,0.00000000e+00,0.000000,-1.08420217e-19,1.58011271e-03
2.551000,7.50000000e-03,0.00000000e+00,0.000000,-1.08420217e-19,1.55410292e-03
2.552000,7.50000000e-03,0.00000000e+00,0.000000,-1.08420217e-19,1.55835979e-03
2.553000,7.50000000e-03,0.00000000e+00,0.000000,-1.08420217e-19,1.53733826e-03
2.554000,7.50000000e-03,0.00000000e+00,0.000000,-1.08420217e-19,1.53972823e-03
2.555000,7.50000000e-03,0.00000000e+00,0.000000,-1.08420217e-19,1.52257631e-03
2.556000,7.50000000e-03,0.00000000e+00,0.000000,-1.08420217e-19,1.52372113e-03
2.557000,7.50000000e-03,0.00000000e+00,0.000000,-1.08420217e-19,1.50960250e-03
2.558000,7.50000000e-03,0.00000000e+00,0.000000,-2.16840434e-19,1.50991599e-03
2.559000,7.50000000e-03,0.00000000e+00,0.000000,-2.16840434e-19,1.49820258e-03
2.560000,7.50000000e-03,0.00000000e+00,0.000000,-1.08420217e-19,1.49797109e-03
2.561000,7.50000000e-03,0.00000000e+00,0.000000,-1.08420217e-19,1.48818773e-03
2.562000,7.50000000e-03,0.00000000e+00,0.000000,-1.08420217e-19,1.48761078e-03
2.563000,7.50000000e-03,0.00000000e+00,0.000000,-1.08420217e-19,1.47939181e-03
2.564000,7.50000000e-03,0.00000000e+00,0.000000,-1.08420217e-19,1.47860807e-03
2.565000,7.50000000e-03,0.00000000e+00,0.000000,-1.08420217e-19,1.47166846e-03
2.566000,7.50000000e-03,0.00000000e+00,0.000000,-1.08420217e-19,1.47077419e-03
2.567000,7.50000000e-03,0.00000000e+00,0.000000,-2.16840434e-19,1.46488941e-03
2.568000,7.50000000e-03,0.00000000e+00,0.000000,-1.08420217e-19,1.46395106e-03
2.569000,7.50000000e-03,0.00000000e+00,0.000000,-1.08420217e-19,1.45894243e-03
2.570000,7.50000000e-03,0.00000000e+00,0.000000,-1.08420217e-19,1.45800529e-03
2.571000,7.50000000e-03,0.00000000e+00,0.000000,-1.08420217e-19,1.45372930e-03
2.572000,7.50000000e-03,0.00000000e+00,0.000000,-1.08420217e-19,1.45282362e-03
2.573000,7.50000000e-03,0.00000000e+00,0.000000,-1.08420217e-19,1.44916407e-03
2.574000,7.50000000e-03,0.00000000e+00,0.000000,-1.08420217e-19,1.44830940e-03
2.575000,7.50000000e-03,0.00000000e+00,0.000000,-1.08420217e-19,1.44517143e-03
2.576000,7.50000000e-03,0.00000000e+00,0.000000,-1.08420217e-19,1.44437972e-03
2.577000,7.50000000e-03,0.00000000e+00,0.000000,-1.08420217e-19,1.44168538e-03
2.578000,7.50000000e-03,0.00000000e+00,0.000000,-1.08420217e-19,1.44096322e-03
2.579000,7.50000000e-03,0.00000000e+00,0.000000,-1.08420217e-19,1.43864798e-03
2.580000,7.50000000e-03,0.00000000e+00,0.000000,-1.08420217e-19,1.43799817e-03
2.581000,7.50000000e-03,0.00000000e+00,0.000000,-1.08420217e-19,1.43600831e-03
2.582000,7.50000000e-03,0.00000000e+00,0.000000,-1.08420217e-19,1.43543106e-03
2.583000,7.50000000e-03,0.00000000e+00,0.000000,-1.08420217e-19,1.43372158e-03
2.584000,7.50000000e-03,0.00000000e+00,0.000000,-1.08420217e-19,1.43321530e-03
2.585000,7.50000000e-03,0.00000000e+00,0.000000,-2.16840434e-19,1.43174831e-03
2.586000,7.50000000e-03,0.00000000e+00,0.000000,-1.08420217e-19,1.43131026e-03
2.587000,7.50000000e-03,0.00000000e+00,0.000000,-1.08420217e-19,1.43005367e-03
2.588000,7.50000000e-03,0.00000000e+00,0.000000,-1.08420217e-19,1.42968037e-03
2.589000,7.50000000e-03,0.00000000e+00,0.000000,-1.08420217e-19,1.42860692e-03
2.590000,7.50000000e-03,0.00000000e+00,0.000000,-1.08420217e-19,1.42829447e-03
2.591000,7.50000000e-03,0.00000000e+00,0.000000,-1.08420217e-19,1.42738085e-03
2.592000,7.50000000e-03,0.00000000e+00,0.000000,-1.08420217e-19,1.42712514e-03
2.593000,7.50000000e-03,0.00000000e+00,0.000000,-1.08420217e-19,1.42635137e-03
2.594000,7.50000000e-03,0.00000000e+00,0.000000,-2.16840434e-19,1.42614825e-03
2.595000,7.50000000e-03,0.00000000e+00,0.000000,-2.16840434e-19,1.42549712e-03
2.596000,7.50000000e-03,0.00000000e+00,0.000000,-2.16840434e-19,1.42534250e-03
2.597000,7.50000000e-03,0.00000000e+00,0.000000,-1.08420217e-19,1.42479913e-03
2.598000,7.50000000e-03,0.00000000e+00,0.000000,-1.08420217e-19,1.42468906e-03
2.599000,7.50000000e-03,0.00000000e+00,0.000000,-1.08420217e-19,1.42424056e-03
2.600000,7.50000000e-03,0.00000000e+00,0.000000,-1.08420217e-19,1.42417125e-03
2.601000,7.50000000e-03,0.00000000e+00,0.000000,-1.08420217e-19,1.42380640e-03
2.602000,7.50000000e-03,0.00000000e+00,0.000000,-1.08420217e-19,1.42377430e-03
2.603000,7.50000000e-03,0.00000000e+00,0.000000,-1.08420217e-19,1.42348332e-03
2.604000,7.50000000e-03,0.00000000e+00,0.000000,-1.08420217e-19,1.42348506e-03
2.605000,7.50000000e-03,0.00000000e+00,0.000000,-1.08420217e-19,1.42325938e-03
2.606000,7.50000000e-03,0.00000000e+00,0.000000,-1.08420217e-19,1.42329185e-03
2.607000,7.50000000e-03,0.00000000e+00,0.000000,-1.08420217e-19,1.42312398e-03
2.608000,7.50000000e-03,0.00000000e+00,0.000000,-1.08420217e-19,1.42318426e-03
2.609000,7.50000000e-03,0.00000000e+00,0.000000,-2.16840434e-19,1.42306760e-03
2.610000,7.50000000e-03,0.00000000e+00,0.000000,-1.08420217e-19,1.42315303e-03
2.611000,7.50000000e-03,0.00000000e+00,0.000000,-1.08420217e-19,1.42308175e-03
2.612000,7.50000000e-03,0.00000000e+00,0.000000,-2.16840434e-19,1.42318986e-03
2.613000,7.50000000e-03,0.00000000e+00,0.000000,-1.08420217e-19,1.42315884e-03
2.614000,7.50000000e-03,0.00000000e+00,0.000000,-1.08420217e-19,1.42328736e-03
2.615000,7.50000000e-03,0.00000000e+00,0.000000,-2.16840434e-19,1.42329205e-03
2.616000,7.50000000e-03,0.00000000e+00,0.000000,-1.08420217e-19,1.42343890e-03
2.617000,7.50000000e-03,0.00000000e+00,0.000000,-2.16840434e-19,1.42347529e-03
2.618000,7.50000000e-03,0.00000000e+00,0.000000,-1.08420217e-19,1.42363855e-03
2.619000,7.50000000e-03,0.00000000e+00,0.000000,-1.08420217e-19,1.42370306e-03
2.620000,7.50000000e-03,0.00000000e+00,0.000000,-1.08420217e-19,1.42388100e-03
2.621000,7.50000000e-03,0.00000000e+00,0.000000,-1.08420217e-19,1.42397045e-03
2.622000,7.50000000e-03,0.00000000e+00,0.000000,-1.08420217e-19,1.42416148e-03
2.623000,7.50000000e-03,0.00000000e+00,0.000000,-1.08420217e-19,1.42427305e-03
2.624000,7.50000000e-03,0.00000000e+00,0.000000,-2.16840434e-19,1.42447571e-03
2.625000,7.50000000e-03,0.00000000e+00,0.000000,-1.08420217e-19,1.42460687e-03
2.626000,7.50000000e-03,0.00000000e+00,0.000000,-1.08420217e-19,1.42481984e-03
2.627000,7.50000000e-03,0.00000000e+00,0.000000,-1.08420217e-19,1.42496835e-03
2.628000,7.50000000e-03,0.00000000e+00,0.000000,-1.08420217e-19,1.42519042e-03
2.629000,7.50000000e-03,0.00000000e+00,0.000000,-1.08420217e-19,1.42535427e-03
2.630000,7.50000000e-03,0.00000000e+00,0.000000,-1.08420217e-19,1.42558435e-03
2.631000,7.50000000e-03,0.00000000e+00,0.000000,-1.08420217e-19,1.42576173e-03
2.632000,7.50000000e-03,0.00000000e+00,0.000000,-1.08420217e-19,1.42599881e-03
2.633000,7.50000000e-03,0.00000000e+00,0.000000,-1.08420217e-19,1.42618813e-03
2.634000,7.50000000e-03,0.00000000e+00,0.000000,-1.08420217e-19,1.42643130e-03
2.635000,7.50000000e-03,0.00000000e+00,0.000000,-1.08420217e-19,1.42663110e-03
2.636000,7.50000000e-03,0.00000000e+00,0.000000,-1.08420217e-19,1.42687955e-03
2.637000,7.50000000e-03,0.00000000e+00,0.000000,-1.08420217e-19,1.42708853e-03
2.638000,7.50000000e-03,0.00000000e+00,0.000000,-1.08420217e-19,1.42734150e-03
2.639000,7.50000000e-03,0.00000000e+00,0.000000,-1.08420217e-19,1.42755851e-03
2.640000,7.50000000e-03,0.00000000e+00,0.000000,-1.08420217e-19,1.42781532e-03
2.641000,7.50000000e-03,0.00000000e+00,0.000000,-2.16840434e-19,1.42803931e-03
2.642000,7.50000000e-03,0.00000000e+00,0.000000,-1.08420217e-19,1.42829934e-03
2.643000,7.50000000e-03,0.00000000e+00,0.000000,-1.08420217e-19,1.42852937e-03
2.644000,7.50000000e-03,0.00000000e+00,0.000000,-1.08420217e-19,1.42879207e-03
2.645000,7.50000000e-03,0.00000000e+00,0.000000,-1.08420217e-19,1.42902729e-03
2.646000,7.50000000e-03,0.00000000e+00,0.000000,-1.08420217e-19,1.42929214e-03
2.647000,7.50000000e-03,0.00000000e+00,0.000000,-1.08420217e-19,1.42953181e-03
2.648000,7.50000000e-03,0.00000000e+00,0.000000,-1.08420217e-19,1.42979835e-03
2.649000,7.50000000e-03,0.00000000e+00,0.000000,-1.08420217e-19,1.43004177e-03
2.650000,7.50000000e-03,0.00000000e+00,0.000000,-2.16840434e-19,1.43030959e-03
2.651000,7.50000000e-03,0.00000000e+00,0.000000,-1.08420217e-19,1.43055615e-03
2.652000,7.50000000e-03,0.00000000e+00,0.000000,-1.08420217e-19,1.43082487e-03
2.653000,7.50000000e-03,0.00000000e+00,0.000000,-1.08420217e-19,1.43107401e-03
2.654000,7.50000000e-03,0.00000000e+00,0.000000,-1.08420217e-19,1.43134330e-03
2.655000,7.50000000e-03,0.00000000e+00,0.000000,-1.08420217e-19,1.43159452e-03
2.656000,7.50000000e-03,0.00000000e+00,0.000000,-1.08420217e-19,1.43186406e-03
2.657000,7.50000000e-03,0.00000000e+00,0.000000,-1.08420217e-19,1.43211691e-03
2.658000,7.50000000e-03,0.00000000e+00,0.000000,-1.08420217e-19,1.43238642e-03
2.659000,7.50000000e-03,0.00000000e+00,0.000000,-2.16840434e-19,1.43264051e-03
2.660000,7.50000000e-03,0.00000000e+00,0.000000,-1.08420217e-19,1.43290975e-03
2.661000,7.50000000e-03,0.00000000e+00,0.000000,-1.08420217e-19,1.43316470e-03
2.662000,7.50000000e-03,0.00000000e+00,0.000000,-1.08420217e-19,1.43343343e-03
2.663000,7.50000000e-03,0.00000000e+00,0.000000,-1.08420217e-19,1.43368892e-03
2.664000,7.50000000e-03,0.00000000e+00,0.000000,-1.08420217e-19,1.43395695e-03
2.665000,7.50000000e-03,0.00000000e+00,0.000000,-1.08420217e-19,1.43421268e-03
2.666000,7.50000000e-03,0.00000000e+00,0.000000,-1.08420217e-19,1.43447982e-03
2.667000,7.50000000e-03,0.00000000e+00,0.000000,-1.08420217e-19,1.43473553e-03
2.668000,7.50000000e-03,0.00000000e+00,0.000000,-1.08420217e-19,1.43500161e-03
2.669000,7.50000000e-03,0.00000000e+00,0.000000,-1.08420217e-19,1.43525706e-03
2.670000,7.50000000e-03,0.00000000e+00,0.000000,-1.08420217e-19,1.43552195e-03
2.671000,7.50000000e-03,0.00000000e+00,0.000000,-2.16840434e-19,1.43577692e-03
2.672000,7.50000000e-03,0.00000000e+00,0.000000,-1.08420217e-19,1.43604048e-03
2.673000,7.50000000e-03,0.00000000e+00,0.000000,-1.08420217e-19,1.43629478e-03
2.674000,7.50000000e-03,0.00000000e+00,0.000000,-1.08420217e-19,1.43655689e-03
2.675000,7.50000000e-03,0.00000000e+00,0.000000,-1.08420217e-19,1.43681036e-03
2.676000,7.50000000e-03,0.00000000e+00,0.000000,-1.08420217e-19,1.43707091e-03
2.677000,7.50000000e-03,0.00000000e+00,0.000000,-1.08420217e-19,1.43732338e-03
2.678000,7.50000000e-03,0.00000000e+00,0.000000,-1.08420217e-19,1.43758229e-03
2.679000,7.50000000e-03,0.00000000e+00,0.000000,-2.16840434e-19,1.43783363e-03
2.680000,7.50000000e-03,0.00000000e+00,0.000000,-1.08420217e-19,1.43809081e-03
2.681000,7.50000000e-03,0.00000000e+00,0.000000,-1.08420217e-19,1.43834090e-03
2.682000,7.50000000e-03,0.00000000e+00,0.000000,-1.08420217e-19,1.43859628e-03
2.683000,7.50000000e-03,0.00000000e+00,0.000000,-1.08420217e-19,1.43884500e-03
2.684000,7.50000000e-03,0.00000000e+00,0.000000,-1.08420217e-19,1.43909852e-03
2.685000,7.50000000e-03,0.00000000e+00,0.000000,-1.08420217e-19,1.43934578e-03
2.686000,7.50000000e-03,0.00000000e+00,0.000000,-1.08420217e-19,1.43959738e-03
2.687000,7.50000000e-03,0.00000000e+00,0.000000,-2.16840434e-19,1.43984310e-03
2.688000,7.50000000e-03,0.00000000e+00,0.000000,-1.08420217e-19,1.44009273e-03
2.689000,7.50000000e-03,0.00000000e+00,0.000000,-1.08420217e-19,1.44033683e-03
2.690000,7.50000000e-03,0.00000000e+00,0.000000,-1.08420217e-19,1.44058445e-03
2.691000,7.50000000e-03,0.00000000e+00,0.000000,-1.08420217e-19,1.44082686e-03
2.692000,7.50000000e-03,0.00000000e+00,0.000000,-1.08420217e-19,1.44107244e-03
2.693000,7.50000000e-03,0.00000000e+00,0.000000,-2.16840434e-19,1.44131310e-03
2.694000,7.50000000e-03,0.00000000e+00,0.000000,-1.08420217e-19,1.44155661e-03
2.695000,7.50000000e-03,0.00000000e+00,0.000000,-1.08420217e-19,1.44179547e-03
2.696000,7.50000000e-03,0.00000000e+00,0.000000,-2.16840434e-19,1.44203689e-03
2.697000,7.50000000e-03,0.00000000e+00,0.000000,-1.08420217e-19,1.44227390e-03
2.698000,7.50000000e-03,0.00000000e+00,0.000000,-1.08420217e-19,1.44251321e-03
2.699000,7.50000000e-03,0.00000000e+00,0.000000,-1.08420217e-19,1.44274834e-03
2.700000,7.50000000e-03,0.00000000e+00,0.000000,-1.08420217e-19,1.44298551e-03
