# FeatFloWer certified run q2p1_dns_rundir_e3_l2 (particle_force.log, every CFD step)
# case=E3 level=L2 D/h=11.413 dt=0.001 s; quarter-box benchSym mesh, FBM Q2/P1, serial PE HardContactAndFluid, lubrication OFF
# columns: t_s, z_center_m, gap_m (=z_center-0.0075), h_over_d (=gap/0.015), u_z_mps, F_z_N (hydrodynamic force on the sphere, full-sphere value)
0.001000,1.27500000e-01,1.20000000e-01,8.000000,0.00000000e+00,0.00000000e+00
0.002000,1.27498616e-01,1.19998616e-01,7.999908,-1.38391071e-03,9.64197132e-04
0.003000,1.27496019e-01,1.19996019e-01,7.999735,-2.59731394e-03,1.57282946e-03
0.004000,1.27492632e-01,1.19992632e-01,7.999509,-3.38643058e-03,1.53309083e-03
0.005000,1.27488650e-01,1.19988650e-01,7.999243,-3.98269058e-03,1.24186132e-03
0.006000,1.27484006e-01,1.19984006e-01,7.998934,-4.64350203e-03,1.12853438e-03
0.007000,1.27478586e-01,1.19978586e-01,7.998572,-5.41999821e-03,1.24715927e-03
0.008000,1.27472373e-01,1.19972373e-01,7.998158,-6.21273517e-03,1.40491266e-03
0.009000,1.27465435e-01,1.19965435e-01,7.997696,-6.93861701e-03,1.47548786e-03
0.010000,1.27457835e-01,1.19957835e-01,7.997189,-7.60020985e-03,1.45813572e-03
0.011000,1.27449593e-01,1.19949593e-01,7.996640,-8.24169327e-03,1.44555478e-03
0.012000,1.27440702e-01,1.19940702e-01,7.996047,-8.89110018e-03,1.45928275e-03
0.013000,1.27431160e-01,1.19931160e-01,7.995411,-9.54221123e-03,1.50574555e-03
0.014000,1.27420979e-01,1.19920979e-01,7.994732,-1.01805974e-02,1.54370055e-03
0.015000,1.27410182e-01,1.19910182e-01,7.994012,-1.07970125e-02,1.57223724e-03
0.016000,1.27398786e-01,1.19898786e-01,7.993252,-1.13959163e-02,1.58667890e-03
0.017000,1.27386803e-01,1.19886803e-01,7.992454,-1.19828944e-02,1.59969287e-03
0.018000,1.27374240e-01,1.19874240e-01,7.991616,-1.25628282e-02,1.61780370e-03
0.019000,1.27361105e-01,1.19861105e-01,7.990740,-1.31352853e-02,1.64628192e-03
0.020000,1.27347408e-01,1.19847408e-01,7.989827,-1.36967585e-02,1.66412578e-03
0.021000,1.27333163e-01,1.19833163e-01,7.988878,-1.42457236e-02,1.68402837e-03
0.022000,1.27318377e-01,1.19818377e-01,7.987892,-1.47853089e-02,1.69163205e-03
0.023000,1.27303060e-01,1.19803060e-01,7.986871,-1.53170133e-02,1.70231921e-03
0.024000,1.27287216e-01,1.19787216e-01,7.985814,-1.58443306e-02,1.71907143e-03
0.025000,1.27270851e-01,1.19770851e-01,7.984723,-1.63651756e-02,1.73878878e-03
0.026000,1.27253974e-01,1.19753974e-01,7.983598,-1.68770322e-02,1.76314765e-03
0.027000,1.27236596e-01,1.19736596e-01,7.982440,-1.73781057e-02,1.77592617e-03
0.028000,1.27218727e-01,1.19718727e-01,7.981248,-1.78689196e-02,1.78113422e-03
0.029000,1.27200372e-01,1.19700372e-01,7.980025,-1.83546159e-02,1.77811002e-03
0.030000,1.27181533e-01,1.19681533e-01,7.978769,-1.88391366e-02,1.77595229e-03
0.031000,1.27162208e-01,1.19662208e-01,7.977481,-1.93250321e-02,1.79924333e-03
0.032000,1.27142400e-01,1.19642400e-01,7.976160,-1.98075174e-02,1.82586950e-03
0.033000,1.27122123e-01,1.19622123e-01,7.974808,-2.02776451e-02,1.85586655e-03
0.034000,1.27101389e-01,1.19601389e-01,7.973426,-2.07337237e-02,1.83361865e-03
0.035000,1.27080205e-01,1.19580205e-01,7.972014,-2.11838851e-02,1.81515780e-03
0.036000,1.27058561e-01,1.19558561e-01,7.970571,-2.16446176e-02,1.83984752e-03
0.037000,1.27036453e-01,1.19536453e-01,7.969097,-2.21070469e-02,1.87021204e-03
0.038000,1.27013897e-01,1.19513897e-01,7.967593,-2.25559980e-02,1.89183073e-03
0.039000,1.26990906e-01,1.19490906e-01,7.966060,-2.29911540e-02,1.92741085e-03
0.040000,1.26967493e-01,1.19467493e-01,7.964500,-2.34129181e-02,1.90419299e-03
0.041000,1.26943666e-01,1.19443666e-01,7.962911,-2.38271031e-02,1.83307915e-03
0.042000,1.26919405e-01,1.19419405e-01,7.961294,-2.42614887e-02,1.85769485e-03
0.043000,1.26894690e-01,1.19394690e-01,7.959646,-2.47148763e-02,1.96242209e-03
0.044000,1.26869548e-01,1.19369548e-01,7.957970,-2.51416598e-02,1.96655174e-03
0.045000,1.26844015e-01,1.19344015e-01,7.956268,-2.55333190e-02,1.96501264e-03
0.046000,1.26818091e-01,1.19318091e-01,7.954539,-2.59238942e-02,1.93654906e-03
0.047000,1.26791771e-01,1.19291771e-01,7.952785,-2.63200083e-02,1.91580029e-03
0.048000,1.26765042e-01,1.19265042e-01,7.951003,-2.67291394e-02,1.92981334e-03
0.049000,1.26737899e-01,1.19237899e-01,7.949193,-2.71426067e-02,1.97688556e-03
0.050000,1.26710356e-01,1.19210356e-01,7.947357,-2.75431478e-02,2.00802348e-03
0.051000,1.26682433e-01,1.19182433e-01,7.945496,-2.79227232e-02,1.93586725e-03
0.052000,1.26654129e-01,1.19154129e-01,7.943609,-2.83048324e-02,1.94574098e-03
0.053000,1.26625420e-01,1.19125420e-01,7.941695,-2.87088928e-02,2.02644864e-03
0.054000,1.26596324e-01,1.19096324e-01,7.939755,-2.90954383e-02,2.03312001e-03
0.055000,1.26566870e-01,1.19066870e-01,7.937791,-2.94542984e-02,2.01181956e-03
0.056000,1.26537055e-01,1.19037055e-01,7.935804,-2.98147343e-02,2.02482235e-03
0.057000,1.26506875e-01,1.19006875e-01,7.933792,-3.01798661e-02,2.06340075e-03
0.058000,1.26476341e-01,1.18976341e-01,7.931756,-3.05339055e-02,2.05494132e-03
0.059000,1.26445465e-01,1.18945465e-01,7.929698,-3.08767712e-02,2.04602108e-03
0.060000,1.26414241e-01,1.18914241e-01,7.927616,-3.12239924e-02,2.01295600e-03
0.061000,1.26382661e-01,1.18882661e-01,7.925511,-3.15799904e-02,2.03714150e-03
0.062000,1.26350718e-01,1.18850718e-01,7.923381,-3.19425706e-02,2.13903496e-03
0.063000,1.26318439e-01,1.18818439e-01,7.921229,-3.22791891e-02,2.09809949e-03
0.064000,1.26285849e-01,1.18785849e-01,7.919057,-3.25895833e-02,2.06447751e-03
0.065000,1.26252930e-01,1.18752930e-01,7.916862,-3.29193670e-02,2.06384773e-03
0.066000,1.26219670e-01,1.18719670e-01,7.914645,-3.32603040e-02,2.10446486e-03
0.067000,1.26186075e-01,1.18686075e-01,7.912405,-3.35942651e-02,2.12222034e-03
0.068000,1.26152164e-01,1.18652164e-01,7.910144,-3.39117471e-02,2.11813688e-03
0.069000,1.26117940e-01,1.18617940e-01,7.907863,-3.42241201e-02,2.14335797e-03
0.070000,1.26083406e-01,1.18583406e-01,7.905560,-3.45333741e-02,2.11063368e-03
0.071000,1.26048566e-01,1.18548566e-01,7.903238,-3.48401320e-02,2.09145314e-03
0.072000,1.26013405e-01,1.18513405e-01,7.900894,-3.51610289e-02,2.11531334e-03
0.073000,1.25977921e-01,1.18477921e-01,7.898528,-3.54840056e-02,2.12036034e-03
0.074000,1.25942123e-01,1.18442123e-01,7.896142,-3.57982537e-02,2.10912549e-03
0.075000,1.25906010e-01,1.18406010e-01,7.893734,-3.61128311e-02,2.11914266e-03
0.076000,1.25869581e-01,1.18369581e-01,7.891305,-3.64293267e-02,2.17811292e-03
0.077000,1.25832849e-01,1.18332849e-01,7.888857,-3.67321043e-02,2.07078722e-03
0.078000,1.25795814e-01,1.18295814e-01,7.886388,-3.70344946e-02,2.09266976e-03
0.079000,1.25758446e-01,1.18258446e-01,7.883896,-3.73682626e-02,2.14228872e-03
0.080000,1.25720760e-01,1.18220760e-01,7.881384,-3.76860694e-02,2.17952299e-03
0.081000,1.25682779e-01,1.18182779e-01,7.878852,-3.79809962e-02,2.10900335e-03
0.082000,1.25644503e-01,1.18144503e-01,7.876300,-3.82761652e-02,2.10538645e-03
0.083000,1.25605907e-01,1.18105907e-01,7.873727,-3.85951336e-02,2.17175941e-03
0.084000,1.25567004e-01,1.18067004e-01,7.871134,-3.89035525e-02,2.11647600e-03
0.085000,1.25527804e-01,1.18027804e-01,7.868520,-3.91999498e-02,2.19004669e-03
0.086000,1.25488302e-01,1.17988302e-01,7.865887,-3.95014929e-02,2.21536773e-03
0.087000,1.25448528e-01,1.17948528e-01,7.863235,-3.97743965e-02,2.14652937e-03
0.088000,1.25408477e-01,1.17908477e-01,7.860565,-4.00511575e-02,2.21259259e-03
0.089000,1.25368138e-01,1.17868138e-01,7.857876,-4.03388436e-02,2.25359753e-03
0.090000,1.25327540e-01,1.17827540e-01,7.855169,-4.05975823e-02,2.22681878e-03
0.091000,1.25286693e-01,1.17786693e-01,7.852446,-4.08475898e-02,2.14253063e-03
0.092000,1.25245572e-01,1.17745572e-01,7.849705,-4.11212973e-02,2.24135036e-03
0.093000,1.25204166e-01,1.17704166e-01,7.846944,-4.14052112e-02,2.24471619e-03
0.094000,1.25162510e-01,1.17662510e-01,7.844167,-4.16560759e-02,2.23813173e-03
0.095000,1.25120603e-01,1.17620603e-01,7.841374,-4.19069997e-02,2.23469374e-03
0.096000,1.25078443e-01,1.17578443e-01,7.838563,-4.21606938e-02,2.22169993e-03
0.097000,1.25036025e-01,1.17536025e-01,7.835735,-4.24178149e-02,2.22264971e-03
0.098000,1.24993346e-01,1.17493346e-01,7.832890,-4.26790353e-02,2.25609900e-03
0.099000,1.24950412e-01,1.17450412e-01,7.830027,-4.29340287e-02,2.21381447e-03
0.100000,1.24907226e-01,1.17407226e-01,7.827148,-4.31855144e-02,2.22792713e-03
0.101000,1.24863778e-01,1.17363778e-01,7.824252,-4.34483913e-02,2.21419734e-03
0.102000,1.24820069e-01,1.17320069e-01,7.821338,-4.37090614e-02,2.19173193e-03
0.103000,1.24776090e-01,1.17276090e-01,7.818406,-4.39782132e-02,2.26145708e-03
0.104000,1.24731848e-01,1.17231848e-01,7.815457,-4.42424130e-02,2.23575583e-03
0.105000,1.24687360e-01,1.17187360e-01,7.812491,-4.44882589e-02,2.15912649e-03
0.106000,1.24642604e-01,1.17142604e-01,7.809507,-4.47560966e-02,2.21707592e-03
0.107000,1.24597565e-01,1.17097565e-01,7.806504,-4.50388528e-02,2.24321488e-03
0.108000,1.24552267e-01,1.17052267e-01,7.803484,-4.52979551e-02,2.19244038e-03
0.109000,1.24506709e-01,1.17006709e-01,7.800447,-4.55574519e-02,2.27089722e-03
0.110000,1.24460890e-01,1.16960890e-01,7.797393,-4.58197496e-02,2.24559401e-03
0.111000,1.24414829e-01,1.16914829e-01,7.794322,-4.60607555e-02,2.25790197e-03
0.112000,1.24368521e-01,1.16868521e-01,7.791235,-4.63078948e-02,2.26057735e-03
0.113000,1.24321971e-01,1.16821971e-01,7.788131,-4.65505188e-02,2.22645352e-03
0.114000,1.24275172e-01,1.16775172e-01,7.785011,-4.67982987e-02,2.33775535e-03
0.115000,1.24228135e-01,1.16728135e-01,7.781876,-4.70376029e-02,2.32641105e-03
0.116000,1.24180892e-01,1.16680892e-01,7.778726,-4.72423599e-02,2.25317360e-03
0.117000,1.24133428e-01,1.16633428e-01,7.775562,-4.74637939e-02,2.32327424e-03
0.118000,1.24085732e-01,1.16585732e-01,7.772382,-4.76968836e-02,2.27682652e-03
0.119000,1.24037816e-01,1.16537816e-01,7.769188,-4.79151650e-02,2.30649232e-03
0.120000,1.23989673e-01,1.16489673e-01,7.765978,-4.81434544e-02,2.34004168e-03
0.121000,1.23941317e-01,1.16441317e-01,7.762754,-4.83560683e-02,2.33367488e-03
0.122000,1.23892758e-01,1.16392758e-01,7.759517,-4.85587900e-02,2.30953973e-03
0.123000,1.23843990e-01,1.16343990e-01,7.756266,-4.87678706e-02,2.30747021e-03
0.124000,1.23795005e-01,1.16295005e-01,7.753000,-4.89852436e-02,2.32242372e-03
0.125000,1.23745804e-01,1.16245804e-01,7.749720,-4.92006519e-02,2.30428046e-03
0.126000,1.23696390e-01,1.16196390e-01,7.746426,-4.94143577e-02,2.28307575e-03
0.127000,1.23646752e-01,1.16146752e-01,7.743117,-4.96377718e-02,2.33059779e-03
0.128000,1.23596892e-01,1.16096892e-01,7.739793,-4.98597461e-02,2.25210994e-03
0.129000,1.23546812e-01,1.16046812e-01,7.736454,-5.00799932e-02,2.31136659e-03
0.130000,1.23496497e-01,1.15996497e-01,7.733100,-5.03155379e-02,2.32023498e-03
0.131000,1.23445967e-01,1.15945967e-01,7.729731,-5.05300536e-02,2.24824461e-03
0.132000,1.23395213e-01,1.15895213e-01,7.726348,-5.07543875e-02,2.31019412e-03
0.133000,1.23344221e-01,1.15844221e-01,7.722948,-5.09914091e-02,2.25772671e-03
0.134000,1.23293004e-01,1.15793004e-01,7.719534,-5.12173637e-02,2.34858944e-03
0.135000,1.23241559e-01,1.15741559e-01,7.716104,-5.14444814e-02,2.33679343e-03
0.136000,1.23189915e-01,1.15689915e-01,7.712661,-5.16438444e-02,2.35489829e-03
0.137000,1.23138072e-01,1.15638072e-01,7.709205,-5.18438797e-02,2.40307199e-03
0.138000,1.23086042e-01,1.15586042e-01,7.705736,-5.20294502e-02,2.34978167e-03
0.139000,1.23033833e-01,1.15533833e-01,7.702256,-5.22086235e-02,2.39718049e-03
0.140000,1.22981437e-01,1.15481437e-01,7.698762,-5.23969161e-02,2.35252336e-03
0.141000,1.22928859e-01,1.15428859e-01,7.695257,-5.25775395e-02,2.34585837e-03
0.142000,1.22876085e-01,1.15376085e-01,7.691739,-5.27740075e-02,2.37391507e-03
0.143000,1.22823117e-01,1.15323117e-01,7.688208,-5.29677028e-02,2.37691055e-03
0.144000,1.22769966e-01,1.15269966e-01,7.684664,-5.31516543e-02,2.39614762e-03
0.145000,1.22716634e-01,1.15216634e-01,7.681109,-5.33312201e-02,2.33539255e-03
0.146000,1.22663119e-01,1.15163119e-01,7.677541,-5.35152120e-02,2.35830876e-03
0.147000,1.22609404e-01,1.15109404e-01,7.673960,-5.37151043e-02,2.29813571e-03
0.148000,1.22555486e-01,1.15055486e-01,7.670366,-5.39181115e-02,2.29776124e-03
0.149000,1.22501345e-01,1.15001345e-01,7.666756,-5.41409466e-02,2.33878103e-03
0.150000,1.22446988e-01,1.14946988e-01,7.663133,-5.43566509e-02,2.37680746e-03
0.151000,1.22392436e-01,1.14892436e-01,7.659496,-5.45521591e-02,2.36218171e-03
0.152000,1.22337698e-01,1.14837698e-01,7.655847,-5.47377652e-02,2.27882198e-03
0.153000,1.22282756e-01,1.14782756e-01,7.652184,-5.49429159e-02,2.35848547e-03
0.154000,1.22227594e-01,1.14727594e-01,7.648506,-5.51613556e-02,2.31987762e-03
0.155000,1.22172234e-01,1.14672234e-01,7.644816,-5.53604600e-02,2.39856568e-03
0.156000,1.22116675e-01,1.14616675e-01,7.641112,-5.55583286e-02,2.33178654e-03
0.157000,1.22060933e-01,1.14560933e-01,7.637396,-5.57421641e-02,2.41021146e-03
0.158000,1.22004999e-01,1.14504999e-01,7.633667,-5.59340622e-02,2.43523835e-03
0.159000,1.21948903e-01,1.14448903e-01,7.629927,-5.60957788e-02,2.35548457e-03
0.160000,1.21892640e-01,1.14392640e-01,7.626176,-5.62633796e-02,2.43838932e-03
0.161000,1.21836198e-01,1.14336198e-01,7.622413,-5.64425121e-02,2.39488961e-03
0.162000,1.21779595e-01,1.14279595e-01,7.618640,-5.66021098e-02,2.43983874e-03
0.163000,1.21722827e-01,1.14222827e-01,7.614855,-5.67680447e-02,2.43316990e-03
0.164000,1.21665907e-01,1.14165907e-01,7.611060,-5.69203970e-02,2.47048390e-03
0.165000,1.21608839e-01,1.14108839e-01,7.607256,-5.70683408e-02,2.38918070e-03
0.166000,1.21551620e-01,1.14051620e-01,7.603441,-5.72184077e-02,2.36322444e-03
0.167000,1.21494220e-01,1.13994220e-01,7.599615,-5.73997659e-02,2.33206491e-03
0.168000,1.21436625e-01,1.13936625e-01,7.595775,-5.75951588e-02,2.41718377e-03
0.169000,1.21378840e-01,1.13878840e-01,7.591923,-5.77857325e-02,2.37115762e-03
0.170000,1.21320883e-01,1.13820883e-01,7.588059,-5.79564912e-02,2.39811637e-03
0.171000,1.21262745e-01,1.13762745e-01,7.584183,-5.81375982e-02,2.38204172e-03
0.172000,1.21204433e-01,1.13704433e-01,7.580296,-5.83126942e-02,2.30488316e-03
0.173000,1.21145926e-01,1.13645926e-01,7.576395,-5.85067139e-02,2.41517024e-03
0.174000,1.21087219e-01,1.13587219e-01,7.572481,-5.87065706e-02,2.45243786e-03
0.175000,1.21028356e-01,1.13528356e-01,7.568557,-5.88636171e-02,2.40831157e-03
0.176000,1.20969340e-01,1.13469340e-01,7.564623,-5.90162275e-02,2.41346341e-03
0.177000,1.20910157e-01,1.13410157e-01,7.560677,-5.91824186e-02,2.47566599e-03
0.178000,1.20850821e-01,1.13350821e-01,7.556721,-5.93359180e-02,2.40363890e-03
0.179000,1.20791340e-01,1.13291340e-01,7.552756,-5.94817263e-02,2.49403965e-03
0.180000,1.20731704e-01,1.13231704e-01,7.548780,-5.96352030e-02,2.45339065e-03
0.181000,1.20671938e-01,1.13171938e-01,7.544796,-5.97661790e-02,2.44224579e-03
0.182000,1.20612026e-01,1.13112026e-01,7.540802,-5.99124757e-02,2.44259087e-03
0.183000,1.20551963e-01,1.13051963e-01,7.536798,-6.00623714e-02,2.47312574e-03
0.184000,1.20491757e-01,1.12991757e-01,7.532784,-6.02067541e-02,2.41609148e-03
0.185000,1.20431405e-01,1.12931405e-01,7.528760,-6.03511945e-02,2.35902259e-03
0.186000,1.20370881e-01,1.12870881e-01,7.524725,-6.05244579e-02,2.34450177e-03
0.187000,1.20310162e-01,1.12810162e-01,7.520677,-6.07190313e-02,2.45726903e-03
0.188000,1.20249263e-01,1.12749263e-01,7.516618,-6.08984320e-02,2.37142355e-03
0.189000,1.20188207e-01,1.12688207e-01,7.512547,-6.10559791e-02,2.43359466e-03
0.190000,1.20126977e-01,1.12626977e-01,7.508465,-6.12307248e-02,2.35873662e-03
0.191000,1.20065578e-01,1.12565578e-01,7.504372,-6.13982904e-02,2.45189066e-03
0.192000,1.20004005e-01,1.12504005e-01,7.500267,-6.15739672e-02,2.39999024e-03
0.193000,1.19942276e-01,1.12442276e-01,7.496152,-6.17282289e-02,2.46574436e-03
0.194000,1.19880388e-01,1.12380388e-01,7.492026,-6.18879076e-02,2.37897193e-03
0.195000,1.19818347e-01,1.12318347e-01,7.487890,-6.20413364e-02,2.50976346e-03
0.196000,1.19756147e-01,1.12256147e-01,7.483743,-6.22001335e-02,2.47768096e-03
0.197000,1.19693825e-01,1.12193825e-01,7.479588,-6.23216501e-02,2.53491647e-03
0.198000,1.19631382e-01,1.12131382e-01,7.475425,-6.24435817e-02,2.44302827e-03
0.199000,1.19568819e-01,1.12068819e-01,7.471255,-6.25629657e-02,2.45979952e-03
0.200000,1.19506109e-01,1.12006109e-01,7.467074,-6.27095613e-02,2.50453950e-03
0.201000,1.19443266e-01,1.11943266e-01,7.462884,-6.28427372e-02,2.56096855e-03
0.202000,1.19380315e-01,1.11880315e-01,7.458688,-6.29512410e-02,2.46183254e-03
0.203000,1.19317256e-01,1.11817256e-01,7.454484,-6.30587437e-02,2.39163488e-03
0.204000,1.19254045e-01,1.11754045e-01,7.450270,-6.32112179e-02,2.38662092e-03
0.205000,1.19190658e-01,1.11690658e-01,7.446044,-6.33876327e-02,2.50099555e-03
0.206000,1.19127112e-01,1.11627112e-01,7.441807,-6.35454683e-02,2.49950228e-03
0.207000,1.19063446e-01,1.11563446e-01,7.437563,-6.36660056e-02,2.43668328e-03
0.208000,1.18999648e-01,1.11499648e-01,7.433310,-6.37981422e-02,2.32675936e-03
0.209000,1.18935678e-01,1.11435678e-01,7.429045,-6.39703482e-02,2.45064696e-03
0.210000,1.18871521e-01,1.11371521e-01,7.424768,-6.41567468e-02,2.51457290e-03
0.211000,1.18807230e-01,1.11307230e-01,7.420482,-6.42911543e-02,2.47590847e-03
0.212000,1.18742818e-01,1.11242818e-01,7.416188,-6.44114049e-02,2.47295247e-03
0.213000,1.18678273e-01,1.11178273e-01,7.411885,-6.45448762e-02,2.52791465e-03
0.214000,1.18613604e-01,1.11113604e-01,7.407574,-6.46695989e-02,2.46008839e-03
0.215000,1.18548816e-01,1.11048816e-01,7.403254,-6.47882655e-02,2.52139565e-03
0.216000,1.18483897e-01,1.10983897e-01,7.398926,-6.49183657e-02,2.51671815e-03
0.217000,1.18418868e-01,1.10918868e-01,7.394591,-6.50291589e-02,2.53494954e-03
0.218000,1.18353730e-01,1.10853730e-01,7.390249,-6.51382642e-02,2.49747320e-03
0.219000,1.18288482e-01,1.10788482e-01,7.385899,-6.52480093e-02,2.46218520e-03
0.220000,1.18223105e-01,1.10723105e-01,7.381540,-6.53763025e-02,2.45598486e-03
0.221000,1.18157588e-01,1.10657588e-01,7.377173,-6.55172813e-02,2.39406335e-03
0.222000,1.18091917e-01,1.10591917e-01,7.372794,-6.56712465e-02,2.49491247e-03
0.223000,1.18026089e-01,1.10526089e-01,7.368406,-6.58277136e-02,2.41851589e-03
0.224000,1.17960125e-01,1.10460125e-01,7.364008,-6.59645702e-02,2.46853321e-03
0.225000,1.17894007e-01,1.10394007e-01,7.359600,-6.61176716e-02,2.40325411e-03
0.226000,1.17827741e-01,1.10327741e-01,7.355183,-6.62658904e-02,2.51659577e-03
0.227000,1.17761326e-01,1.10261326e-01,7.350755,-6.64155047e-02,2.51303355e-03
0.228000,1.17694797e-01,1.10194797e-01,7.346320,-6.65285258e-02,2.46017553e-03
0.229000,1.17628145e-01,1.10128145e-01,7.341876,-6.66520642e-02,2.51934932e-03
0.230000,1.17561362e-01,1.10061362e-01,7.337424,-6.67824976e-02,2.57880555e-03
0.231000,1.17494480e-01,1.09994480e-01,7.332965,-6.68829834e-02,2.56376744e-03
0.232000,1.17427513e-01,1.09927513e-01,7.328501,-6.69666022e-02,2.47369947e-03
0.233000,1.17360442e-01,1.09860442e-01,7.324029,-6.70710872e-02,2.53434205e-03
0.234000,1.17293247e-01,1.09793247e-01,7.319550,-6.71944279e-02,2.54396745e-03
0.235000,1.17225951e-01,1.09725951e-01,7.315063,-6.72961506e-02,2.58494851e-03
0.236000,1.17158564e-01,1.09658564e-01,7.310571,-6.73874650e-02,2.50457885e-03
0.237000,1.17091084e-01,1.09591084e-01,7.306072,-6.74795332e-02,2.46939820e-03
0.238000,1.17023480e-01,1.09523480e-01,7.301565,-6.76042173e-02,2.41456552e-03
0.239000,1.16955730e-01,1.09455730e-01,7.297049,-6.77501518e-02,2.45182407e-03
0.240000,1.16887822e-01,1.09387822e-01,7.292521,-6.79075053e-02,2.53249140e-03
0.241000,1.16819784e-01,1.09319784e-01,7.287986,-6.80383575e-02,2.48607608e-03
0.242000,1.16751633e-01,1.09251633e-01,7.283442,-6.81509254e-02,2.45374637e-03
0.243000,1.16683349e-01,1.09183349e-01,7.278890,-6.82844539e-02,2.43756894e-03
0.244000,1.16614917e-01,1.09114917e-01,7.274328,-6.84314608e-02,2.56315764e-03
0.245000,1.16546356e-01,1.09046356e-01,7.269757,-6.85615716e-02,2.52345637e-03
0.246000,1.16477698e-01,1.08977698e-01,7.265180,-6.86574579e-02,2.59966603e-03
0.247000,1.16408945e-01,1.08908945e-01,7.260596,-6.87529059e-02,2.51891085e-03
0.248000,1.16340108e-01,1.08840108e-01,7.256007,-6.88376062e-02,2.59490878e-03
0.249000,1.16271172e-01,1.08771172e-01,7.251411,-6.89353883e-02,2.56467893e-03
0.250000,1.16202159e-01,1.08702159e-01,7.246811,-6.90135573e-02,2.55604758e-03
0.251000,1.16133056e-01,1.08633056e-01,7.242204,-6.91031806e-02,2.56050865e-03
0.252000,1.16063861e-01,1.08563861e-01,7.237591,-6.91948497e-02,2.49982479e-03
0.253000,1.15994565e-01,1.08494565e-01,7.232971,-6.92957850e-02,2.48750671e-03
0.254000,1.15925146e-01,1.08425146e-01,7.228343,-6.94188281e-02,2.44444014e-03
0.255000,1.15855593e-01,1.08355593e-01,7.223706,-6.95535325e-02,2.52051459e-03
0.256000,1.15785904e-01,1.08285904e-01,7.219060,-6.96889276e-02,2.51845336e-03
0.257000,1.15716104e-01,1.08216104e-01,7.214407,-6.97997033e-02,2.51196994e-03
0.258000,1.15646192e-01,1.08146192e-01,7.209746,-6.99123025e-02,2.45400258e-03
0.259000,1.15576154e-01,1.08076154e-01,7.205077,-7.00372817e-02,2.45537436e-03
0.260000,1.15505973e-01,1.08005973e-01,7.200398,-7.01810557e-02,2.54963631e-03
0.261000,1.15435666e-01,1.07935666e-01,7.195711,-7.03077101e-02,2.54208830e-03
0.262000,1.15365261e-01,1.07865261e-01,7.191017,-7.04047422e-02,2.58354961e-03
0.263000,1.15294764e-01,1.07794764e-01,7.186318,-7.04969212e-02,2.53467141e-03
0.264000,1.15224180e-01,1.07724180e-01,7.181612,-7.05841272e-02,2.62609393e-03
0.265000,1.15153509e-01,1.07653509e-01,7.176901,-7.06712186e-02,2.55495074e-03
0.266000,1.15082768e-01,1.07582768e-01,7.172185,-7.07408663e-02,2.57506433e-03
0.267000,1.15011937e-01,1.07511937e-01,7.167462,-7.08303216e-02,2.61166782e-03
0.268000,1.14941031e-01,1.07441031e-01,7.162735,-7.09066984e-02,2.53711512e-03
0.269000,1.14870046e-01,1.07370046e-01,7.158003,-7.09842378e-02,2.50570066e-03
0.270000,1.14798955e-01,1.07298955e-01,7.153264,-7.10918168e-02,2.47638665e-03
0.271000,1.14727740e-01,1.07227740e-01,7.148516,-7.12148967e-02,2.47766213e-03
0.272000,1.14656392e-01,1.07156392e-01,7.143759,-7.13473781e-02,2.55608853e-03
0.273000,1.14584927e-01,1.07084927e-01,7.138995,-7.14655718e-02,2.51176080e-03
0.274000,1.14513361e-01,1.07013361e-01,7.134224,-7.15658479e-02,2.53867343e-03
0.275000,1.14441685e-01,1.06941685e-01,7.129446,-7.16759228e-02,2.44675173e-03
0.276000,1.14369892e-01,1.06869892e-01,7.124659,-7.17934145e-02,2.55080143e-03
0.277000,1.14297969e-01,1.06797969e-01,7.119865,-7.19226946e-02,2.65550692e-03
0.278000,1.14225970e-01,1.06725970e-01,7.115065,-7.19992872e-02,2.65845190e-03
0.279000,1.14153929e-01,1.06653929e-01,7.110262,-7.20409722e-02,2.61572856e-03
0.280000,1.14081839e-01,1.06581839e-01,7.105456,-7.20892452e-02,2.54854406e-03
0.281000,1.14009676e-01,1.06509676e-01,7.100645,-7.21634300e-02,2.56985266e-03
0.282000,1.13937420e-01,1.06437420e-01,7.095828,-7.22559110e-02,2.55899454e-03
0.283000,1.13865077e-01,1.06365077e-01,7.091005,-7.23433140e-02,2.58506186e-03
0.284000,1.13792647e-01,1.06292647e-01,7.086176,-7.24296733e-02,2.56081719e-03
0.285000,1.13720135e-01,1.06220135e-01,7.081342,-7.25117591e-02,2.48171870e-03
0.286000,1.13647519e-01,1.06147519e-01,7.076501,-7.26157950e-02,2.56699378e-03
0.287000,1.13574789e-01,1.06074789e-01,7.071653,-7.27307280e-02,2.47423285e-03
0.288000,1.13501955e-01,1.06001955e-01,7.066797,-7.28340591e-02,2.53282203e-03
0.289000,1.13428997e-01,1.05928997e-01,7.061933,-7.29574934e-02,2.49886371e-03
0.290000,1.13355929e-01,1.05855929e-01,7.057062,-7.30676914e-02,2.50049326e-03
0.291000,1.13282741e-01,1.05782741e-01,7.052183,-7.31887536e-02,2.57996161e-03
0.292000,1.13209446e-01,1.05709446e-01,7.047296,-7.32952275e-02,2.51226114e-03
0.293000,1.13136058e-01,1.05636058e-01,7.042404,-7.33875749e-02,2.61772220e-03
0.294000,1.13062574e-01,1.05562574e-01,7.037505,-7.34835066e-02,2.57594518e-03
0.295000,1.12989022e-01,1.05489022e-01,7.032601,-7.35521910e-02,2.64061424e-03
0.296000,1.12915399e-01,1.05415399e-01,7.027693,-7.36231597e-02,2.64610515e-03
0.297000,1.12841727e-01,1.05341727e-01,7.022782,-7.36719190e-02,2.59808534e-03
0.298000,1.12768000e-01,1.05268000e-01,7.017867,-7.37273669e-02,2.62416339e-03
0.299000,1.12694206e-01,1.05194206e-01,7.012947,-7.37939735e-02,2.56113158e-03
0.300000,1.12620343e-01,1.05120343e-01,7.008023,-7.38631622e-02,2.50503559e-03
0.301000,1.12546380e-01,1.05046380e-01,7.003092,-7.39629714e-02,2.57728061e-03
0.302000,1.12472311e-01,1.04972311e-01,6.998154,-7.40684277e-02,2.49316039e-03
0.303000,1.12398146e-01,1.04898146e-01,6.993210,-7.41650333e-02,2.55802247e-03
0.304000,1.12323868e-01,1.04823868e-01,6.988258,-7.42777952e-02,2.46595718e-03
0.305000,1.12249483e-01,1.04749483e-01,6.983299,-7.43855361e-02,2.57144255e-03
0.306000,1.12174978e-01,1.04674978e-01,6.978332,-7.45048587e-02,2.64430054e-03
0.307000,1.12100401e-01,1.04600401e-01,6.973360,-7.45766542e-02,2.55068871e-03
0.308000,1.12025760e-01,1.04525760e-01,6.968384,-7.46410763e-02,2.64405867e-03
0.309000,1.11951041e-01,1.04451041e-01,6.963403,-7.47197304e-02,2.56583712e-03
0.310000,1.11876259e-01,1.04376259e-01,6.958417,-7.47815531e-02,2.66055174e-03
0.311000,1.11801407e-01,1.04301407e-01,6.953427,-7.48523156e-02,2.67318427e-03
0.312000,1.11726517e-01,1.04226517e-01,6.948434,-7.48897386e-02,2.60377919e-03
0.313000,1.11651582e-01,1.04151582e-01,6.943439,-7.49352863e-02,2.59838151e-03
0.314000,1.11576577e-01,1.04076577e-01,6.938438,-7.50045823e-02,2.56862570e-03
0.315000,1.11501496e-01,1.04001496e-01,6.933433,-7.50809129e-02,2.50757871e-03
0.316000,1.11426318e-01,1.03926318e-01,6.928421,-7.51778112e-02,2.56736110e-03
0.317000,1.11351034e-01,1.03851034e-01,6.923402,-7.52841864e-02,2.50135324e-03
0.318000,1.11275652e-01,1.03775652e-01,6.918377,-7.53826010e-02,2.56225986e-03
0.319000,1.11200160e-01,1.03700160e-01,6.913344,-7.54919228e-02,2.54316545e-03
0.320000,1.11124575e-01,1.03624575e-01,6.908305,-7.55846187e-02,2.53190302e-03
0.321000,1.11048889e-01,1.03548889e-01,6.903259,-7.56855770e-02,2.59955303e-03
0.322000,1.10973111e-01,1.03473111e-01,6.898207,-7.57782710e-02,2.58868998e-03
0.323000,1.10897261e-01,1.03397261e-01,6.893151,-7.58506687e-02,2.63192056e-03
0.324000,1.10821342e-01,1.03321342e-01,6.888089,-7.59189892e-02,2.61900254e-03
0.325000,1.10745366e-01,1.03245366e-01,6.883024,-7.59753965e-02,2.59938251e-03
0.326000,1.10669327e-01,1.03169327e-01,6.877955,-7.60395158e-02,2.65933132e-03
0.327000,1.10593227e-01,1.03093227e-01,6.872882,-7.60994774e-02,2.63795747e-03
0.328000,1.10517084e-01,1.03017084e-01,6.867806,-7.61435306e-02,2.63354078e-03
0.329000,1.10440888e-01,1.02940888e-01,6.862726,-7.61953844e-02,2.61627080e-03
0.330000,1.10364636e-01,1.02864636e-01,6.857642,-7.62517426e-02,2.52600395e-03
0.331000,1.10288307e-01,1.02788307e-01,6.852554,-7.63297353e-02,2.56858961e-03
0.332000,1.10211877e-01,1.02711877e-01,6.847458,-7.64298422e-02,2.58258630e-03
0.333000,1.10135363e-01,1.02635363e-01,6.842358,-7.65134881e-02,2.56140351e-03
0.334000,1.10058767e-01,1.02558767e-01,6.837251,-7.65962832e-02,2.57691781e-03
0.335000,1.09982084e-01,1.02482084e-01,6.832139,-7.66832916e-02,2.50150003e-03
0.336000,1.09905305e-01,1.02405305e-01,6.827020,-7.67785416e-02,2.58172112e-03
0.337000,1.09828421e-01,1.02328421e-01,6.821895,-7.68843737e-02,2.72052572e-03
0.338000,1.09751482e-01,1.02251482e-01,6.816765,-7.69393140e-02,2.65344160e-03
0.339000,1.09674521e-01,1.02174521e-01,6.811635,-7.69605319e-02,2.69434384e-03
0.340000,1.09597525e-01,1.02097525e-01,6.806502,-7.69965481e-02,2.61366352e-03
0.341000,1.09520491e-01,1.02020491e-01,6.801366,-7.70333988e-02,2.61368368e-03
0.342000,1.09443394e-01,1.01943394e-01,6.796226,-7.70967426e-02,2.61333180e-03
0.343000,1.09366234e-01,1.01866234e-01,6.791082,-7.71601419e-02,2.58888895e-03
0.344000,1.09289006e-01,1.01789006e-01,6.785934,-7.72279793e-02,2.55132366e-03
0.345000,1.09211696e-01,1.01711696e-01,6.780780,-7.73104871e-02,2.57883529e-03
0.346000,1.09134295e-01,1.01634295e-01,6.775620,-7.74004667e-02,2.52744897e-03
0.347000,1.09056805e-01,1.01556805e-01,6.770454,-7.74904982e-02,2.58795049e-03
0.348000,1.08979218e-01,1.01479218e-01,6.765281,-7.75867067e-02,2.55160085e-03
0.349000,1.08901549e-01,1.01401549e-01,6.760103,-7.76694737e-02,2.55621283e-03
0.350000,1.08823785e-01,1.01323785e-01,6.754919,-7.77633628e-02,2.62561814e-03
0.351000,1.08745942e-01,1.01245942e-01,6.749729,-7.78434638e-02,2.64197411e-03
0.352000,1.08668044e-01,1.01168044e-01,6.744536,-7.78978786e-02,2.64678739e-03
0.353000,1.08590098e-01,1.01090098e-01,6.739340,-7.79460707e-02,2.69167181e-03
0.354000,1.08512113e-01,1.01012113e-01,6.734141,-7.79847448e-02,2.61258645e-03
0.355000,1.08434090e-01,1.00934090e-01,6.728939,-7.80226635e-02,2.64239958e-03
0.356000,1.08356009e-01,1.00856009e-01,6.723734,-7.80812829e-02,2.67217831e-03
0.357000,1.08277884e-01,1.00777884e-01,6.718526,-7.81248452e-02,2.63665958e-03
0.358000,1.08199719e-01,1.00699719e-01,6.713315,-7.81649088e-02,2.59353554e-03
0.359000,1.08121495e-01,1.00621495e-01,6.708100,-7.82242632e-02,2.53878166e-03
0.360000,1.08043188e-01,1.00543188e-01,6.702879,-7.83074629e-02,2.53445091e-03
0.361000,1.07964778e-01,1.00464778e-01,6.697652,-7.84094104e-02,2.62408733e-03
0.362000,1.07886281e-01,1.00386281e-01,6.692419,-7.84969290e-02,2.52550903e-03
0.363000,1.07807709e-01,1.00307709e-01,6.687181,-7.85724421e-02,2.61623718e-03
0.364000,1.07729045e-01,1.00229045e-01,6.681936,-7.86642856e-02,2.68054600e-03
0.365000,1.07650330e-01,1.00150330e-01,6.676689,-7.87149603e-02,2.58756013e-03
0.366000,1.07571569e-01,1.00071569e-01,6.671438,-7.87609585e-02,2.68489356e-03
0.367000,1.07492748e-01,9.99927480e-02,6.666183,-7.88202823e-02,2.73608361e-03
0.368000,1.07413910e-01,9.99139100e-02,6.660927,-7.88385880e-02,2.67001185e-03
0.369000,1.07335058e-01,9.98350580e-02,6.655671,-7.88517662e-02,2.62436447e-03
0.370000,1.07256163e-01,9.97561630e-02,6.650411,-7.88947155e-02,2.63585970e-03
0.371000,1.07177213e-01,9.96772130e-02,6.645148,-7.89506233e-02,2.61243726e-03
0.372000,1.07098206e-01,9.95982060e-02,6.639880,-7.90068979e-02,2.55479490e-03
0.373000,1.07019125e-01,9.95191250e-02,6.634608,-7.90810582e-02,2.52859393e-03
0.374000,1.06939946e-01,9.94399460e-02,6.629330,-7.91787825e-02,2.54224410e-03
0.375000,1.06860663e-01,9.93606630e-02,6.624044,-7.92826977e-02,2.65461584e-03
0.376000,1.06781301e-01,9.92813010e-02,6.618753,-7.93622582e-02,2.52969168e-03
0.377000,1.06701874e-01,9.92018740e-02,6.613458,-7.94270057e-02,2.64632913e-03
0.378000,1.06622362e-01,9.91223620e-02,6.608157,-7.95121541e-02,2.65235343e-03
0.379000,1.06542804e-01,9.90428040e-02,6.602854,-7.95579316e-02,2.56400689e-03
0.380000,1.06463187e-01,9.89631870e-02,6.597546,-7.96173538e-02,2.66669876e-03
0.381000,1.06383499e-01,9.88834990e-02,6.592233,-7.96876304e-02,2.74619351e-03
0.382000,1.06303789e-01,9.88037890e-02,6.586919,-7.97101238e-02,2.65305563e-03
0.383000,1.06224066e-01,9.87240660e-02,6.581604,-7.97229802e-02,2.66678824e-03
0.384000,1.06144302e-01,9.86443020e-02,6.576287,-7.97639960e-02,2.67873483e-03
0.385000,1.06064503e-01,9.85645030e-02,6.570967,-7.97983893e-02,2.65235643e-03
0.386000,1.05984670e-01,9.84846700e-02,6.565645,-7.98335238e-02,2.58320822e-03
0.387000,1.05904780e-01,9.84047800e-02,6.560319,-7.98895495e-02,2.56709979e-03
0.388000,1.05824809e-01,9.83248090e-02,6.554987,-7.99711330e-02,2.56151312e-03
0.389000,1.05744750e-01,9.82447500e-02,6.549650,-8.00589948e-02,2.64833092e-03
0.390000,1.05664617e-01,9.81646170e-02,6.544308,-8.01333385e-02,2.55204330e-03
0.391000,1.05584421e-01,9.80844210e-02,6.538961,-8.01961974e-02,2.62631774e-03
0.392000,1.05504143e-01,9.80041430e-02,6.533610,-8.02775440e-02,2.69059847e-03
0.393000,1.05423820e-01,9.79238200e-02,6.528255,-8.03231304e-02,2.67965658e-03
0.394000,1.05343471e-01,9.78434710e-02,6.522898,-8.03495410e-02,2.69041319e-03
0.395000,1.05263093e-01,9.77630930e-02,6.517540,-8.03776429e-02,2.71527423e-03
0.396000,1.05182695e-01,9.76826950e-02,6.512180,-8.03978157e-02,2.66354664e-03
0.397000,1.05102276e-01,9.76022760e-02,6.506818,-8.04189713e-02,2.68212588e-03
0.398000,1.05021822e-01,9.75218220e-02,6.501455,-8.04538295e-02,2.65230133e-03
0.399000,1.04941334e-01,9.74413340e-02,6.496089,-8.04878601e-02,2.60612794e-03
0.400000,1.04860795e-01,9.73607950e-02,6.490720,-8.05398507e-02,2.55092174e-03
0.401000,1.04780178e-01,9.72801780e-02,6.485345,-8.06167680e-02,2.56771644e-03
0.402000,1.04699469e-01,9.71994690e-02,6.479965,-8.07088459e-02,2.56118405e-03
0.403000,1.04618672e-01,9.71186720e-02,6.474578,-8.07965634e-02,2.62133278e-03
0.404000,1.04537797e-01,9.70377970e-02,6.469186,-8.08757895e-02,2.62595478e-03
0.405000,1.04456862e-01,9.69568620e-02,6.463791,-8.09344446e-02,2.59906429e-03
0.406000,1.04375866e-01,9.68758660e-02,6.458391,-8.09963369e-02,2.64341442e-03
0.407000,1.04294807e-01,9.67948070e-02,6.452987,-8.10592178e-02,2.68566006e-03
0.408000,1.04213707e-01,9.67137070e-02,6.447580,-8.11000627e-02,2.65732236e-03
0.409000,1.04132574e-01,9.66325740e-02,6.442172,-8.11320447e-02,2.74254007e-03
0.410000,1.04051416e-01,9.65514160e-02,6.436761,-8.11582634e-02,2.68418183e-03
0.411000,1.03970249e-01,9.64702490e-02,6.431350,-8.11668153e-02,2.69023819e-03
0.412000,1.03889056e-01,9.63890560e-02,6.425937,-8.11934620e-02,2.68886807e-03
0.413000,1.03807838e-01,9.63078380e-02,6.420523,-8.12183620e-02,2.65006471e-03
0.414000,1.03726587e-01,9.62265870e-02,6.415106,-8.12505739e-02,2.54312701e-03
0.415000,1.03645273e-01,9.61452730e-02,6.409685,-8.13144401e-02,2.64336763e-03
0.416000,1.03563877e-01,9.60638770e-02,6.404258,-8.13956998e-02,2.65204126e-03
0.417000,1.03482434e-01,9.59824340e-02,6.398829,-8.14425052e-02,2.58512570e-03
0.418000,1.03400936e-01,9.59009360e-02,6.393396,-8.14982953e-02,2.62991350e-03
0.419000,1.03319368e-01,9.58193680e-02,6.387958,-8.15681412e-02,2.55321904e-03
0.420000,1.03237731e-01,9.57377310e-02,6.382515,-8.16368407e-02,2.62079860e-03
0.421000,1.03156012e-01,9.56560120e-02,6.377067,-8.17187772e-02,2.78415598e-03
0.422000,1.03074263e-01,9.55742630e-02,6.371618,-8.17496315e-02,2.69440300e-03
0.423000,1.02992520e-01,9.54925200e-02,6.366168,-8.17427087e-02,2.74175981e-03
0.424000,1.02910763e-01,9.54107630e-02,6.360718,-8.17568876e-02,2.71425557e-03
0.425000,1.02829003e-01,9.53290030e-02,6.355267,-8.17603776e-02,2.64449603e-03
0.426000,1.02747217e-01,9.52472170e-02,6.349814,-8.17852366e-02,2.65677638e-03
0.427000,1.02665387e-01,9.51653870e-02,6.344359,-8.18308340e-02,2.62079484e-03
0.428000,1.02583508e-01,9.50835080e-02,6.338901,-8.18787614e-02,2.52488666e-03
0.429000,1.02501552e-01,9.50015520e-02,6.333437,-8.19554658e-02,2.54708910e-03
0.430000,1.02419493e-01,9.49194930e-02,6.327966,-8.20597418e-02,2.67964120e-03
0.431000,1.02337359e-01,9.48373590e-02,6.322491,-8.21332857e-02,2.58872933e-03
0.432000,1.02255180e-01,9.47551800e-02,6.317012,-8.21793743e-02,2.65914702e-03
0.433000,1.02172937e-01,9.46729370e-02,6.311529,-8.22428671e-02,2.66905000e-03
0.434000,1.02090656e-01,9.45906560e-02,6.306044,-8.22814825e-02,2.72317366e-03
0.435000,1.02008348e-01,9.45083480e-02,6.300557,-8.23072744e-02,2.66997721e-03
0.436000,1.01926024e-01,9.44260240e-02,6.295068,-8.23246985e-02,2.71721024e-03
0.437000,1.01843672e-01,9.43436720e-02,6.289578,-8.23512405e-02,2.69631080e-03
0.438000,1.01761306e-01,9.42613060e-02,6.284087,-8.23659663e-02,2.72642695e-03
0.439000,1.01678924e-01,9.41789240e-02,6.278595,-8.23822301e-02,2.73180319e-03
0.440000,1.01596537e-01,9.40965370e-02,6.273102,-8.23876525e-02,2.63350720e-03
0.441000,1.01514128e-01,9.40141280e-02,6.267609,-8.24086919e-02,2.57197777e-03
0.442000,1.01431655e-01,9.39316550e-02,6.262110,-8.24728939e-02,2.62152746e-03
0.443000,1.01349106e-01,9.38491060e-02,6.256607,-8.25485408e-02,2.67610704e-03
0.444000,1.01266508e-01,9.37665080e-02,6.251101,-8.25982630e-02,2.64102187e-03
0.445000,1.01183872e-01,9.36838720e-02,6.245591,-8.26362649e-02,2.57222581e-03
0.446000,1.01101174e-01,9.36011740e-02,6.240078,-8.26979552e-02,2.54394030e-03
0.447000,1.01018387e-01,9.35183870e-02,6.234559,-8.27872410e-02,2.67003646e-03
0.448000,1.00935523e-01,9.34355230e-02,6.229035,-8.28635176e-02,2.81480235e-03
0.449000,1.00852650e-01,9.33526500e-02,6.223510,-8.28727820e-02,2.68691788e-03
0.450000,1.00769793e-01,9.32697930e-02,6.217986,-8.28571181e-02,2.74304407e-03
0.451000,1.00686920e-01,9.31869200e-02,6.212461,-8.28735281e-02,2.72986768e-03
0.452000,1.00604046e-01,9.31040460e-02,6.206936,-8.28738355e-02,2.66175141e-03
0.453000,1.00521155e-01,9.30211550e-02,6.201410,-8.28905158e-02,2.67066123e-03
0.454000,1.00438227e-01,9.29382270e-02,6.195882,-8.29279910e-02,2.62978193e-03
0.455000,1.00355258e-01,9.28552580e-02,6.190351,-8.29697690e-02,2.57437400e-03
0.456000,1.00272223e-01,9.27722230e-02,6.184815,-8.30347707e-02,2.56771586e-03
0.457000,1.00189104e-01,9.26891040e-02,6.179274,-8.31191467e-02,2.66445945e-03
0.458000,1.00105915e-01,9.26059150e-02,6.173728,-8.31886012e-02,2.58403576e-03
0.459000,1.00022675e-01,9.25226750e-02,6.168178,-8.32405057e-02,2.62528408e-03
0.460000,9.99393631e-02,9.24393631e-02,6.162624,-8.33115283e-02,2.69495534e-03
0.461000,9.98560064e-02,9.23560064e-02,6.157067,-8.33566837e-02,2.75065837e-03
0.462000,9.97726373e-02,9.22726373e-02,6.151509,-8.33691075e-02,2.73223425e-03
0.463000,9.96892708e-02,9.21892708e-02,6.145951,-8.33664958e-02,2.72333587e-03
0.464000,9.96058993e-02,9.21058993e-02,6.140393,-8.33715084e-02,2.67458887e-03
0.465000,9.95225113e-02,9.20225113e-02,6.134834,-8.33880637e-02,2.70284557e-03
0.466000,9.94390956e-02,9.19390956e-02,6.129273,-8.34156314e-02,2.75371606e-03
0.467000,9.93556707e-02,9.18556707e-02,6.123711,-8.34249232e-02,2.67795163e-03
0.468000,9.92722398e-02,9.17722398e-02,6.118149,-8.34309066e-02,2.57412484e-03
0.469000,9.91887597e-02,9.16887597e-02,6.112584,-8.34801327e-02,2.66243285e-03
0.470000,9.91052118e-02,9.16052118e-02,6.107014,-8.35478408e-02,2.64583416e-03
0.471000,9.90216224e-02,9.15216224e-02,6.101441,-8.35894825e-02,2.62244326e-03
0.472000,9.89379816e-02,9.14379816e-02,6.095865,-8.36407119e-02,2.63873063e-03
0.473000,9.88542849e-02,9.13542849e-02,6.090286,-8.36967430e-02,2.68004079e-03
0.474000,9.87705448e-02,9.12705448e-02,6.084703,-8.37401199e-02,2.62858022e-03
0.475000,9.86867658e-02,9.11867658e-02,6.079118,-8.37790300e-02,2.74955402e-03
0.476000,9.86029523e-02,9.11029523e-02,6.073530,-8.38134478e-02,2.69442408e-03
0.477000,9.85191344e-02,9.10191344e-02,6.067942,-8.38178850e-02,2.75611865e-03
0.478000,9.84353049e-02,9.09353049e-02,6.062354,-8.38295178e-02,2.73187790e-03
0.479000,9.83514797e-02,9.08514797e-02,6.056765,-8.38251758e-02,2.69324679e-03
0.480000,9.82676441e-02,9.07676441e-02,6.051176,-8.38356263e-02,2.64021698e-03
0.481000,9.81837760e-02,9.06837760e-02,6.045585,-8.38681416e-02,2.60217135e-03
0.482000,9.80998512e-02,9.05998512e-02,6.039990,-8.39248007e-02,2.68337180e-03
0.483000,9.80158716e-02,9.05158716e-02,6.034391,-8.39795951e-02,2.58385029e-03
0.484000,9.79318462e-02,9.04318462e-02,6.028790,-8.40253213e-02,2.61888488e-03
0.485000,9.78477487e-02,9.03477487e-02,6.023183,-8.40975364e-02,2.64394852e-03
0.486000,9.77635949e-02,9.02635949e-02,6.017573,-8.41538134e-02,2.61034419e-03
0.487000,9.76793871e-02,9.01793871e-02,6.011959,-8.42078016e-02,2.63699065e-03
0.488000,9.75951190e-02,9.00951190e-02,6.006341,-8.42681139e-02,2.74635304e-03
0.489000,9.75108186e-02,9.00108186e-02,6.000721,-8.43003356e-02,2.68797020e-03
0.490000,9.74265117e-02,8.99265117e-02,5.995101,-8.43069654e-02,2.73033069e-03
0.491000,9.73421864e-02,8.98421864e-02,5.989479,-8.43252780e-02,2.76954423e-03
0.492000,9.72578637e-02,8.97578637e-02,5.983858,-8.43227443e-02,2.71354407e-03
0.493000,9.71735464e-02,8.96735464e-02,5.978236,-8.43172353e-02,2.70755032e-03
0.494000,9.70892152e-02,8.95892152e-02,5.972614,-8.43311775e-02,2.66001791e-03
0.495000,9.70048597e-02,8.95048597e-02,5.966991,-8.43554938e-02,2.63648904e-03
0.496000,9.69204602e-02,8.94204602e-02,5.961364,-8.43995812e-02,2.57683118e-03
0.497000,9.68359982e-02,8.93359982e-02,5.955733,-8.44619457e-02,2.66102739e-03
0.498000,9.67514692e-02,8.92514692e-02,5.950098,-8.45290135e-02,2.61590541e-03
0.499000,9.66668928e-02,8.91668928e-02,5.944460,-8.45764094e-02,2.61232726e-03
0.500000,9.65822535e-02,8.90822535e-02,5.938817,-8.46392567e-02,2.71404520e-03
0.501000,9.64975682e-02,8.89975682e-02,5.933171,-8.46852915e-02,2.80250677e-03
0.502000,9.64128860e-02,8.89128860e-02,5.927526,-8.46822772e-02,2.72456443e-03
0.503000,9.63282220e-02,8.88282220e-02,5.921881,-8.46639939e-02,2.75454293e-03
0.504000,9.62435560e-02,8.87435560e-02,5.916237,-8.46660068e-02,2.75840298e-03
0.505000,9.61588985e-02,8.86588985e-02,5.910593,-8.46574917e-02,2.68813715e-03
0.506000,9.60742383e-02,8.85742383e-02,5.904949,-8.46601345e-02,2.68709040e-03
0.507000,9.59895523e-02,8.84895523e-02,5.899303,-8.46860389e-02,2.64864212e-03
0.508000,9.59048332e-02,8.84048332e-02,5.893656,-8.47190862e-02,2.56417770e-03
0.509000,9.58200535e-02,8.83200535e-02,5.888004,-8.47796970e-02,2.59440829e-03
0.510000,9.57351908e-02,8.82351908e-02,5.882346,-8.48627013e-02,2.69385825e-03
0.511000,9.56502726e-02,8.81502726e-02,5.876685,-8.49181908e-02,2.65206241e-03
0.512000,9.55653242e-02,8.80653242e-02,5.871022,-8.49484105e-02,2.62476054e-03
0.513000,9.54803270e-02,8.79803270e-02,5.865355,-8.49971847e-02,2.66335452e-03
0.514000,9.53952789e-02,8.78952789e-02,5.859685,-8.50481003e-02,2.73730567e-03
0.515000,9.53102057e-02,8.78102057e-02,5.854014,-8.50732636e-02,2.72238652e-03
0.516000,9.52251289e-02,8.77251289e-02,5.848342,-8.50767785e-02,2.77246620e-03
0.517000,9.51400526e-02,8.76400526e-02,5.842670,-8.50763371e-02,2.73366189e-03
0.518000,9.50549862e-02,8.75549862e-02,5.836999,-8.50663109e-02,2.71258350e-03
0.519000,9.49699135e-02,8.74699135e-02,5.831328,-8.50727561e-02,2.73862775e-03
0.520000,9.48848320e-02,8.73848320e-02,5.825655,-8.50815180e-02,2.67263032e-03
0.521000,9.47997386e-02,8.72997386e-02,5.819983,-8.50933976e-02,2.57080252e-03
0.522000,9.47145936e-02,8.72145936e-02,5.814306,-8.51449589e-02,2.61265017e-03
0.523000,9.46293711e-02,8.71293711e-02,5.808625,-8.52225616e-02,2.69924049e-03
0.524000,9.45440999e-02,8.70440999e-02,5.802940,-8.52711084e-02,2.61136849e-03
0.525000,9.44587932e-02,8.69587932e-02,5.797253,-8.53067568e-02,2.62418631e-03
0.526000,9.43734242e-02,8.68734242e-02,5.791562,-8.53689970e-02,2.73442865e-03
0.527000,9.42880167e-02,8.67880167e-02,5.785868,-8.54075325e-02,2.78373430e-03
0.528000,9.42026155e-02,8.67026155e-02,5.780174,-8.54011436e-02,2.73791120e-03
0.529000,9.41172288e-02,8.66172288e-02,5.774482,-8.53866653e-02,2.78525360e-03
0.530000,9.40318500e-02,8.65318500e-02,5.768790,-8.53788641e-02,2.71960044e-03
0.531000,9.39464829e-02,8.64464829e-02,5.763099,-8.53671249e-02,2.69279384e-03
0.532000,9.38611012e-02,8.63611012e-02,5.757407,-8.53816876e-02,2.71455196e-03
0.533000,9.37757000e-02,8.62757000e-02,5.751713,-8.54012064e-02,2.66422600e-03
0.534000,9.36902775e-02,8.61902775e-02,5.746018,-8.54224790e-02,2.55123840e-03
0.535000,9.36047972e-02,8.61047972e-02,5.740320,-8.54802600e-02,2.57744005e-03
0.536000,9.35192267e-02,8.60192267e-02,5.734615,-8.55705144e-02,2.71090038e-03
0.537000,9.34335981e-02,8.59335981e-02,5.728907,-8.56285628e-02,2.67380006e-03
0.538000,9.33479488e-02,8.58479488e-02,5.723197,-8.56493416e-02,2.64191276e-03
0.539000,9.32622609e-02,8.57622609e-02,5.717484,-8.56879436e-02,2.66752796e-03
0.540000,9.31765284e-02,8.56765284e-02,5.711769,-8.57324882e-02,2.73426851e-03
0.541000,9.30907716e-02,8.55907716e-02,5.706051,-8.57568180e-02,2.71229101e-03
0.542000,9.30050084e-02,8.55050084e-02,5.700334,-8.57631156e-02,2.78504762e-03
0.543000,9.29192447e-02,8.54192447e-02,5.694616,-8.57637648e-02,2.74950299e-03
0.544000,9.28334979e-02,8.53334979e-02,5.688900,-8.57468054e-02,2.72149991e-03
0.545000,9.27477514e-02,8.52477514e-02,5.683183,-8.57464713e-02,2.74155305e-03
0.546000,9.26619996e-02,8.51619996e-02,5.677467,-8.57517877e-02,2.64550550e-03
0.547000,9.25762321e-02,8.50762321e-02,5.671749,-8.57675033e-02,2.58595699e-03
0.548000,9.24904068e-02,8.49904068e-02,5.666027,-8.58252928e-02,2.62358159e-03
0.549000,9.24045108e-02,8.49045108e-02,5.660301,-8.58959855e-02,2.70919635e-03
0.550000,9.23185716e-02,8.48185716e-02,5.654571,-8.59391817e-02,2.63580077e-03
0.551000,9.22326044e-02,8.47326044e-02,5.648840,-8.59672398e-02,2.62398725e-03
0.552000,9.21465829e-02,8.46465829e-02,5.643106,-8.60214913e-02,2.72901711e-03
0.553000,9.20605219e-02,8.45605219e-02,5.637368,-8.60610492e-02,2.83564205e-03
0.554000,9.19744746e-02,8.44744746e-02,5.631632,-8.60472582e-02,2.71029874e-03
0.555000,9.18884540e-02,8.43884540e-02,5.625897,-8.60206156e-02,2.76418639e-03
0.556000,9.18024284e-02,8.43024284e-02,5.620162,-8.60256082e-02,2.77557260e-03
0.557000,9.17164175e-02,8.42164175e-02,5.614428,-8.60108898e-02,2.70399962e-03
0.558000,9.16304124e-02,8.41304124e-02,5.608694,-8.60050888e-02,2.69206846e-03
0.559000,9.15443875e-02,8.40443875e-02,5.602959,-8.60249033e-02,2.61538990e-03
0.560000,9.14583253e-02,8.39583253e-02,5.597222,-8.60621960e-02,2.58932581e-03
0.561000,9.13721960e-02,8.38721960e-02,5.591480,-8.61292802e-02,2.60795179e-03
0.562000,9.12859944e-02,8.37859944e-02,5.585733,-8.62016305e-02,2.68667699e-03
0.563000,9.11997405e-02,8.36997405e-02,5.579983,-8.62539420e-02,2.69680275e-03
0.564000,9.11134618e-02,8.36134618e-02,5.574231,-8.62786084e-02,2.64587357e-03
0.565000,9.10271529e-02,8.35271529e-02,5.568477,-8.63089555e-02,2.65435493e-03
0.566000,9.09407984e-02,8.34407984e-02,5.562720,-8.63545288e-02,2.78088327e-03
0.567000,9.08544234e-02,8.33544234e-02,5.556962,-8.63749415e-02,2.70832388e-03
0.568000,9.07680568e-02,8.32680568e-02,5.551204,-8.63666317e-02,2.75106872e-03
0.569000,9.06816822e-02,8.31816822e-02,5.545445,-8.63745926e-02,2.79027952e-03
0.570000,9.05953206e-02,8.30953206e-02,5.539688,-8.63615814e-02,2.73268268e-03
0.571000,9.05089747e-02,8.30089747e-02,5.533932,-8.63458782e-02,2.72682919e-03
0.572000,9.04226246e-02,8.29226246e-02,5.528175,-8.63501257e-02,2.67639825e-03
0.573000,9.03362594e-02,8.28362594e-02,5.522417,-8.63652138e-02,2.62317735e-03
0.574000,9.02498531e-02,8.27498531e-02,5.516657,-8.64062757e-02,2.63526614e-03
0.575000,9.01633904e-02,8.26633904e-02,5.510893,-8.64626784e-02,2.65588724e-03
0.576000,9.00768790e-02,8.25768790e-02,5.505125,-8.65114643e-02,2.66652760e-03
0.577000,8.99903274e-02,8.24903274e-02,5.499355,-8.65515963e-02,2.62733827e-03
0.578000,8.99037322e-02,8.24037322e-02,5.493582,-8.65951640e-02,2.70389870e-03
0.579000,8.98170942e-02,8.23170942e-02,5.487806,-8.66380633e-02,2.84945711e-03
0.580000,8.97304641e-02,8.22304641e-02,5.482031,-8.66300785e-02,2.73743075e-03
0.581000,8.96438700e-02,8.21438700e-02,5.476258,-8.65941009e-02,2.77515064e-03
0.582000,8.95572817e-02,8.20572817e-02,5.470485,-8.65882440e-02,2.79288939e-03
0.583000,8.94707149e-02,8.19707149e-02,5.464714,-8.65668624e-02,2.72574639e-03
0.584000,8.93841633e-02,8.18841633e-02,5.458944,-8.65515287e-02,2.66217098e-03
0.585000,8.92975939e-02,8.17975939e-02,5.453173,-8.65694883e-02,2.62223370e-03
0.586000,8.92109785e-02,8.17109785e-02,5.447399,-8.66153895e-02,2.66678744e-03
0.587000,8.91243119e-02,8.16243119e-02,5.441621,-8.66665279e-02,2.72575108e-03
0.588000,8.90376193e-02,8.15376193e-02,5.435841,-8.66926071e-02,2.64557965e-03
0.589000,8.89509058e-02,8.14509058e-02,5.430060,-8.67134992e-02,2.67850437e-03
0.590000,8.88641509e-02,8.13641509e-02,5.424277,-8.67548984e-02,2.67125640e-03
0.591000,8.87773642e-02,8.12773642e-02,5.418491,-8.67867663e-02,2.61842009e-03
0.592000,8.86905338e-02,8.11905338e-02,5.412702,-8.68303581e-02,2.75178983e-03
0.593000,8.86036661e-02,8.11036661e-02,5.406911,-8.68677172e-02,2.83911205e-03
0.594000,8.85168203e-02,8.10168203e-02,5.401121,-8.68458338e-02,2.76679808e-03
0.595000,8.84300122e-02,8.09300122e-02,5.395334,-8.68080603e-02,2.76412522e-03
0.596000,8.83432177e-02,8.08432177e-02,5.389548,-8.67945084e-02,2.75883776e-03
0.597000,8.82564349e-02,8.07564349e-02,5.383762,-8.67827695e-02,2.66922241e-03
0.598000,8.81696463e-02,8.06696463e-02,5.377976,-8.67886144e-02,2.61382049e-03
0.599000,8.80828126e-02,8.05828126e-02,5.372188,-8.68336876e-02,2.68779070e-03
0.600000,8.79959287e-02,8.04959287e-02,5.366395,-8.68838748e-02,2.69335819e-03
0.601000,8.79090200e-02,8.04090200e-02,5.360601,-8.69087845e-02,2.59307918e-03
0.602000,8.78220704e-02,8.03220704e-02,5.354805,-8.69495991e-02,2.68836396e-03
0.603000,8.77350639e-02,8.02350639e-02,5.349004,-8.70064966e-02,2.76302650e-03
0.604000,8.76480450e-02,8.01480450e-02,5.343203,-8.70188980e-02,2.81707002e-03
0.605000,8.75610477e-02,8.00610477e-02,5.337403,-8.69972222e-02,2.74229707e-03
0.606000,8.74740767e-02,7.99740767e-02,5.331605,-8.69710203e-02,2.79060358e-03
0.607000,8.73871159e-02,7.98871159e-02,5.325808,-8.69608326e-02,2.73372210e-03
0.608000,8.73001710e-02,7.98001710e-02,5.320011,-8.69448392e-02,2.69849011e-03
0.609000,8.72132173e-02,7.97132173e-02,5.314214,-8.69537568e-02,2.72134301e-03
0.610000,8.71262471e-02,7.96262471e-02,5.308416,-8.69702039e-02,2.69386131e-03
0.611000,8.70392631e-02,7.95392631e-02,5.302618,-8.69840056e-02,2.61363004e-03
0.612000,8.69522421e-02,7.94522421e-02,5.296816,-8.70210207e-02,2.60910685e-03
0.613000,8.68651569e-02,7.93651569e-02,5.291010,-8.70851848e-02,2.68749223e-03
0.614000,8.67780199e-02,7.92780199e-02,5.285201,-8.71369728e-02,2.60180478e-03
0.615000,8.66908417e-02,7.91908417e-02,5.279389,-8.71781707e-02,2.69788924e-03
0.616000,8.66036112e-02,7.91036112e-02,5.273574,-8.72305183e-02,2.72127296e-03
0.617000,8.65163640e-02,7.90163640e-02,5.267758,-8.72471751e-02,2.77469473e-03
0.618000,8.64291173e-02,7.89291173e-02,5.261941,-8.72467053e-02,2.71296977e-03
0.619000,8.63418777e-02,7.88418777e-02,5.256125,-8.72396063e-02,2.81290932e-03
0.620000,8.62546426e-02,7.87546426e-02,5.250310,-8.72351056e-02,2.72520750e-03
0.621000,8.61674293e-02,7.86674293e-02,5.244495,-8.72132923e-02,2.72716190e-03
0.622000,8.60802094e-02,7.85802094e-02,5.238681,-8.72199360e-02,2.76345253e-03
0.623000,8.59929899e-02,7.84929899e-02,5.232866,-8.72195203e-02,2.69486472e-03
0.624000,8.59057706e-02,7.84057706e-02,5.227051,-8.72193151e-02,2.62714601e-03
0.625000,8.58185169e-02,7.83185169e-02,5.221234,-8.72536105e-02,2.61265973e-03
0.626000,8.57312042e-02,7.82312042e-02,5.215414,-8.73127075e-02,2.69281838e-03
0.627000,8.56438419e-02,7.81438419e-02,5.209589,-8.73623868e-02,2.66647749e-03
0.628000,8.55564515e-02,7.80564515e-02,5.203763,-8.73903989e-02,2.63326541e-03
0.629000,8.54690185e-02,7.79690185e-02,5.197935,-8.74329350e-02,2.72865870e-03
0.630000,8.53815490e-02,7.78815490e-02,5.192103,-8.74695091e-02,2.86011455e-03
0.631000,8.52940975e-02,7.77940975e-02,5.186273,-8.74515082e-02,2.74183039e-03
0.632000,8.52066863e-02,7.77066863e-02,5.180446,-8.74112524e-02,2.78473307e-03
0.633000,8.51192840e-02,7.76192840e-02,5.174619,-8.74022561e-02,2.77282585e-03
0.634000,8.50319027e-02,7.75319027e-02,5.168794,-8.73812755e-02,2.73389958e-03
0.635000,8.49445316e-02,7.74445316e-02,5.162969,-8.73710892e-02,2.68216404e-03
0.636000,8.48571488e-02,7.73571488e-02,5.157143,-8.73828356e-02,2.63624480e-03
0.637000,8.47697291e-02,7.72697291e-02,5.151315,-8.74196931e-02,2.71438747e-03
0.638000,8.46822713e-02,7.71822713e-02,5.145485,-8.74578125e-02,2.61477097e-03
0.639000,8.45947834e-02,7.70947834e-02,5.139652,-8.74878847e-02,2.63888797e-03
0.640000,8.45072370e-02,7.70072370e-02,5.133816,-8.75464077e-02,2.71533074e-03
0.641000,8.44196535e-02,7.69196535e-02,5.127977,-8.75834922e-02,2.64087995e-03
0.642000,8.43320449e-02,7.68320449e-02,5.122136,-8.76086376e-02,2.64730923e-03
0.643000,8.42443878e-02,7.67443878e-02,5.116293,-8.76570967e-02,2.78093793e-03
0.644000,8.41567080e-02,7.66567080e-02,5.110447,-8.76798137e-02,2.78895886e-03
0.645000,8.40690507e-02,7.65690507e-02,5.104603,-8.76572266e-02,2.77956189e-03
0.646000,8.39814171e-02,7.64814171e-02,5.098761,-8.76336670e-02,2.74765770e-03
0.647000,8.38937982e-02,7.63937982e-02,5.092920,-8.76188354e-02,2.72365458e-03
0.648000,8.38061795e-02,7.63061795e-02,5.087079,-8.76187264e-02,2.72931445e-03
0.649000,8.37185540e-02,7.62185540e-02,5.081237,-8.76254994e-02,2.65831459e-03
0.650000,8.36309110e-02,7.61309110e-02,5.075394,-8.76429692e-02,2.70192696e-03
0.651000,8.35432350e-02,7.60432350e-02,5.069549,-8.76760440e-02,2.69714560e-03
0.652000,8.34555393e-02,7.59555393e-02,5.063703,-8.76956415e-02,2.59995440e-03
0.653000,8.33678053e-02,7.58678053e-02,5.057854,-8.77339963e-02,2.69281970e-03
0.654000,8.32800175e-02,7.57800175e-02,5.052001,-8.77878480e-02,2.77550155e-03
0.655000,8.31922209e-02,7.56922209e-02,5.046148,-8.77965800e-02,2.76181470e-03
0.656000,8.31044403e-02,7.56044403e-02,5.040296,-8.77805784e-02,2.76323320e-03
0.657000,8.30166715e-02,7.55166715e-02,5.034445,-8.77688210e-02,2.82929974e-03
0.658000,8.29289266e-02,7.54289266e-02,5.028595,-8.77449145e-02,2.73478501e-03
0.659000,8.28412106e-02,7.53412106e-02,5.022747,-8.77160247e-02,2.70882829e-03
0.660000,8.27534878e-02,7.52534878e-02,5.016899,-8.77227651e-02,2.73762692e-03
0.661000,8.26657549e-02,7.51657549e-02,5.011050,-8.77329373e-02,2.72525668e-03
0.662000,8.25780190e-02,7.50780190e-02,5.005201,-8.77358392e-02,2.56260772e-03
0.663000,8.24902475e-02,7.49902475e-02,4.999350,-8.77715663e-02,2.60278317e-03
0.664000,8.24023939e-02,7.49023939e-02,4.993493,-8.78536052e-02,2.71789456e-03
0.665000,8.23144918e-02,7.48144918e-02,4.987633,-8.79020937e-02,2.68699154e-03
0.666000,8.22265735e-02,7.47265735e-02,4.981772,-8.79182427e-02,2.65628623e-03
0.667000,8.21386236e-02,7.46386236e-02,4.975908,-8.79499707e-02,2.68046384e-03
0.668000,8.20506361e-02,7.45506361e-02,4.970042,-8.79875072e-02,2.76065488e-03
0.669000,8.19626331e-02,7.44626331e-02,4.964176,-8.80029225e-02,2.72591613e-03
0.670000,8.18746350e-02,7.43746350e-02,4.958309,-8.79981450e-02,2.78110301e-03
0.671000,8.17866400e-02,7.42866400e-02,4.952443,-8.79950171e-02,2.77437377e-03
0.672000,8.16986650e-02,7.41986650e-02,4.946578,-8.79749550e-02,2.79445316e-03
0.673000,8.16107115e-02,7.41107115e-02,4.940714,-8.79535520e-02,2.74422623e-03
0.674000,8.15227770e-02,7.40227770e-02,4.934852,-8.79344368e-02,2.62415218e-03
0.675000,8.14348240e-02,7.39348240e-02,4.928988,-8.79530506e-02,2.68126863e-03
0.676000,8.13468230e-02,7.38468230e-02,4.923122,-8.80009980e-02,2.65568137e-03
0.677000,8.12587883e-02,7.37587883e-02,4.917253,-8.80347124e-02,2.65158161e-03
0.678000,8.11707107e-02,7.36707107e-02,4.911381,-8.80775551e-02,2.73999146e-03
0.679000,8.10826046e-02,7.35826046e-02,4.905507,-8.81061098e-02,2.76610148e-03
0.680000,8.09945036e-02,7.34945036e-02,4.899634,-8.81010122e-02,2.67836991e-03
0.681000,8.09064007e-02,7.34064007e-02,4.893760,-8.81028540e-02,2.78233359e-03
0.682000,8.08182856e-02,7.33182856e-02,4.887886,-8.81151234e-02,2.84109159e-03
0.683000,8.07302028e-02,7.32302028e-02,4.882014,-8.80828588e-02,2.78297946e-03
0.684000,8.06421612e-02,7.31421612e-02,4.876144,-8.80415737e-02,2.73790880e-03
0.685000,8.05541338e-02,7.30541338e-02,4.870276,-8.80273438e-02,2.72747718e-03
0.686000,8.04661041e-02,7.29661041e-02,4.864407,-8.80297604e-02,2.69286075e-03
0.687000,8.03780624e-02,7.28780624e-02,4.858537,-8.80417245e-02,2.57360154e-03
0.688000,8.02899762e-02,7.27899762e-02,4.852665,-8.80861468e-02,2.67369575e-03
0.689000,8.02018242e-02,7.27018242e-02,4.846788,-8.81520350e-02,2.72050107e-03
0.690000,8.01136474e-02,7.26136474e-02,4.840910,-8.81767738e-02,2.58092590e-03
0.691000,8.00254366e-02,7.25254366e-02,4.835029,-8.82108234e-02,2.70173232e-03
0.692000,7.99371672e-02,7.24371672e-02,4.829144,-8.82693483e-02,2.73783959e-03
0.693000,7.98488854e-02,7.23488854e-02,4.823259,-8.82818133e-02,2.74764838e-03
0.694000,7.97606047e-02,7.22606047e-02,4.817374,-8.82806856e-02,2.72174013e-03
0.695000,7.96723238e-02,7.21723238e-02,4.811488,-8.82809182e-02,2.80464577e-03
0.696000,7.95840488e-02,7.20840488e-02,4.805603,-8.82749985e-02,2.77943207e-03
0.697000,7.94958025e-02,7.19958025e-02,4.799720,-8.82463100e-02,2.74803331e-03
0.698000,7.94075710e-02,7.19075710e-02,4.793838,-8.82314547e-02,2.76011971e-03
0.699000,7.93193463e-02,7.18193463e-02,4.787956,-8.82247738e-02,2.66217553e-03
0.700000,7.92311148e-02,7.17311148e-02,4.782074,-8.82314439e-02,2.64199614e-03
0.701000,7.91428410e-02,7.16428410e-02,4.776189,-8.82738489e-02,2.63307715e-03
0.702000,7.90545165e-02,7.15545165e-02,4.770301,-8.83244582e-02,2.67207633e-03
0.703000,7.89661454e-02,7.14661454e-02,4.764410,-8.83711002e-02,2.70037801e-03
0.704000,7.88777455e-02,7.13777455e-02,4.758516,-8.83999294e-02,2.66868972e-03
0.705000,7.87893204e-02,7.12893204e-02,4.752621,-8.84250676e-02,2.69892968e-03
0.706000,7.87008652e-02,7.12008652e-02,4.746724,-8.84552651e-02,2.85578853e-03
0.707000,7.86124174e-02,7.11124174e-02,4.740828,-8.84477927e-02,2.75240920e-03
0.708000,7.85240103e-02,7.10240103e-02,4.734934,-8.84070869e-02,2.79587685e-03
0.709000,7.84356176e-02,7.09356176e-02,4.729041,-8.83926457e-02,2.81007093e-03
0.710000,7.83472562e-02,7.08472562e-02,4.723150,-8.83614189e-02,2.76883762e-03
0.711000,7.82589234e-02,7.07589234e-02,4.717262,-8.83328223e-02,2.67142704e-03
0.712000,7.81705884e-02,7.06705884e-02,4.711373,-8.83349933e-02,2.57596042e-03
0.713000,7.80822024e-02,7.05822024e-02,4.705480,-8.83860376e-02,2.69468842e-03
0.714000,7.79937549e-02,7.04937549e-02,4.699584,-8.84474388e-02,2.73302527e-03
0.715000,7.79052919e-02,7.04052919e-02,4.693686,-8.84630686e-02,2.62282529e-03
0.716000,7.78168063e-02,7.03168063e-02,4.687787,-8.84855955e-02,2.69812158e-03
0.717000,7.77282753e-02,7.02282753e-02,4.681885,-8.85309985e-02,2.72620264e-03
0.718000,7.76397285e-02,7.01397285e-02,4.675982,-8.85467073e-02,2.76833314e-03
0.719000,7.75511828e-02,7.00511828e-02,4.670079,-8.85457435e-02,2.77228538e-03
0.720000,7.74626526e-02,6.99626526e-02,4.664177,-8.85302445e-02,2.79419495e-03
0.721000,7.73741430e-02,6.98741430e-02,4.658276,-8.85095730e-02,2.73617493e-03
0.722000,7.72856510e-02,6.97856510e-02,4.652377,-8.84919664e-02,2.74542448e-03
0.723000,7.71971592e-02,6.96971592e-02,4.646477,-8.84917787e-02,2.78521800e-03
0.724000,7.71086777e-02,6.96086777e-02,4.640579,-8.84815162e-02,2.70433516e-03
0.725000,7.70202052e-02,6.95202052e-02,4.634680,-8.84724882e-02,2.59000559e-03
0.726000,7.69316950e-02,6.94316950e-02,4.628780,-8.85102413e-02,2.62241010e-03
0.727000,7.68431152e-02,6.93431152e-02,4.622874,-8.85798115e-02,2.72142802e-03
0.728000,7.67544940e-02,6.92544940e-02,4.616966,-8.86212293e-02,2.69595234e-03
0.729000,7.66658593e-02,6.91658593e-02,4.611057,-8.86346333e-02,2.64463336e-03
0.730000,7.65771938e-02,6.90771938e-02,4.605146,-8.86654791e-02,2.71773168e-03
0.731000,7.64884936e-02,6.89884936e-02,4.599233,-8.87002522e-02,2.86549575e-03
0.732000,7.63998087e-02,6.88998087e-02,4.593321,-8.86848882e-02,2.75572885e-03
0.733000,7.63111683e-02,6.88111683e-02,4.587411,-8.86404074e-02,2.79730827e-03
0.734000,7.62225437e-02,6.87225437e-02,4.581503,-8.86246228e-02,2.81153816e-03
0.735000,7.61339510e-02,6.86339510e-02,4.575597,-8.85926665e-02,2.74793518e-03
0.736000,7.60453837e-02,6.85453837e-02,4.569692,-8.85672844e-02,2.67648067e-03
0.737000,7.59568083e-02,6.84568083e-02,4.563787,-8.85754264e-02,2.63324605e-03
0.738000,7.58681936e-02,6.83681936e-02,4.557880,-8.86146807e-02,2.69236882e-03
0.739000,7.57795359e-02,6.82795359e-02,4.551969,-8.86576787e-02,2.71398660e-03
0.740000,7.56908585e-02,6.81908585e-02,4.546057,-8.86774370e-02,2.60433162e-03
0.741000,7.56021490e-02,6.81021490e-02,4.540143,-8.87094869e-02,2.71519157e-03
0.742000,7.55133911e-02,6.80133911e-02,4.534226,-8.87579449e-02,2.73557868e-03
0.743000,7.54246247e-02,6.79246247e-02,4.528308,-8.87663895e-02,2.79722455e-03
0.744000,7.53358674e-02,6.78358674e-02,4.522391,-8.87572374e-02,2.77467390e-03
0.745000,7.52471356e-02,6.77471356e-02,4.516476,-8.87318276e-02,2.77395897e-03
0.746000,7.51584217e-02,6.76584217e-02,4.510561,-8.87139503e-02,2.72867576e-03
0.747000,7.50697173e-02,6.75697173e-02,4.504648,-8.87043155e-02,2.75112832e-03
0.748000,7.49810118e-02,6.74810118e-02,4.498734,-8.87055820e-02,2.79514192e-03
0.749000,7.48923201e-02,6.73923201e-02,4.492821,-8.86916914e-02,2.70834859e-03
0.750000,7.48036414e-02,6.73036414e-02,4.486909,-8.86786945e-02,2.61838961e-03
0.751000,7.47149313e-02,6.72149313e-02,4.480995,-8.87101101e-02,2.61296013e-03
0.752000,7.46261592e-02,6.71261592e-02,4.475077,-8.87720297e-02,2.72038939e-03
0.753000,7.45373425e-02,6.70373425e-02,4.469156,-8.88167347e-02,2.67723486e-03
0.754000,7.44485087e-02,6.69485087e-02,4.463234,-8.88337898e-02,2.64900077e-03
0.755000,7.43596387e-02,6.68596387e-02,4.457309,-8.88700103e-02,2.74279742e-03
0.756000,7.42707398e-02,6.67707398e-02,4.451383,-8.88989165e-02,2.86934864e-03
0.757000,7.41818651e-02,6.66818651e-02,4.445458,-8.88746392e-02,2.75053996e-03
0.758000,7.40930353e-02,6.65930353e-02,4.439536,-8.88298107e-02,2.79638958e-03
0.759000,7.40042194e-02,6.65042194e-02,4.433615,-8.88158927e-02,2.78848286e-03
0.760000,7.39154311e-02,6.64154311e-02,4.427695,-8.87883152e-02,2.74783212e-03
0.761000,7.38266606e-02,6.63266606e-02,4.421777,-8.87705230e-02,2.69419230e-03
0.762000,7.37378850e-02,6.62378850e-02,4.415859,-8.87755667e-02,2.64650996e-03
0.763000,7.36490784e-02,6.61490784e-02,4.409939,-8.88066587e-02,2.72463408e-03
0.764000,7.35602388e-02,6.60602388e-02,4.404016,-8.88395948e-02,2.72741741e-03
0.765000,7.34713924e-02,6.59713924e-02,4.398093,-8.88463816e-02,2.66138814e-03
0.766000,7.33825285e-02,6.58825285e-02,4.392169,-8.88639309e-02,2.67962964e-03
0.767000,7.32936285e-02,6.57936285e-02,4.386242,-8.88999394e-02,2.69073835e-03
0.768000,7.32047005e-02,6.57047005e-02,4.380313,-8.89279926e-02,2.73111562e-03
0.769000,7.31157553e-02,6.56157553e-02,4.374384,-8.89452573e-02,2.74723251e-03
0.770000,7.30268089e-02,6.55268089e-02,4.368454,-8.89464114e-02,2.82601220e-03
0.771000,7.29378805e-02,6.54378805e-02,4.362525,-8.89283412e-02,2.76902974e-03
0.772000,7.28489861e-02,6.53489861e-02,4.356599,-8.88944753e-02,2.75564653e-03
0.773000,7.27601044e-02,6.52601044e-02,4.350674,-8.88816899e-02,2.78552701e-03
0.774000,7.26712364e-02,6.51712364e-02,4.344749,-8.88680157e-02,2.72194377e-03
0.775000,7.25823806e-02,6.50823806e-02,4.338825,-8.88557724e-02,2.61400181e-03
0.776000,7.24934971e-02,6.49934971e-02,4.332900,-8.88834990e-02,2.62544810e-03
0.777000,7.24045524e-02,6.49045524e-02,4.326970,-8.89446513e-02,2.71281786e-03
0.778000,7.23155658e-02,6.48155658e-02,4.321038,-8.89865940e-02,2.67364423e-03
0.779000,7.22265591e-02,6.47265591e-02,4.315104,-8.90067706e-02,2.65199238e-03
0.780000,7.21375154e-02,6.46375154e-02,4.309168,-8.90436414e-02,2.74810104e-03
0.781000,7.20484448e-02,6.45484448e-02,4.303230,-8.90706271e-02,2.87716162e-03
0.782000,7.19594016e-02,6.44594016e-02,4.297293,-8.90432265e-02,2.73275360e-03
0.783000,7.18704026e-02,6.43704026e-02,4.291360,-8.89989773e-02,2.79741783e-03
0.784000,7.17814119e-02,6.42814119e-02,4.285427,-8.89907188e-02,2.79718044e-03
0.785000,7.16924506e-02,6.41924506e-02,4.279497,-8.89612655e-02,2.75423092e-03
0.786000,7.16035111e-02,6.41035111e-02,4.273567,-8.89394854e-02,2.69563997e-03
0.787000,7.15145690e-02,6.40145690e-02,4.267638,-8.89421716e-02,2.64672938e-03
0.788000,7.14255962e-02,6.39255962e-02,4.261706,-8.89727493e-02,2.68271563e-03
0.789000,7.13365832e-02,6.38365832e-02,4.255772,-8.90130262e-02,2.74318056e-03
0.790000,7.12475524e-02,6.37475524e-02,4.249837,-8.90307922e-02,2.68568876e-03
0.791000,7.11585135e-02,6.36585135e-02,4.243901,-8.90388673e-02,2.69140920e-03
0.792000,7.10694487e-02,6.35694487e-02,4.237963,-8.90648120e-02,2.67931460e-03
0.793000,7.09803577e-02,6.34803577e-02,4.232024,-8.90910168e-02,2.66556478e-03
0.794000,7.08912341e-02,6.33912341e-02,4.226082,-8.91236252e-02,2.76312994e-03
0.795000,7.08020906e-02,6.33020906e-02,4.220139,-8.91434959e-02,2.86505512e-03
0.796000,7.07129773e-02,6.32129773e-02,4.214198,-8.91133004e-02,2.78994484e-03
0.797000,7.06239144e-02,6.31239144e-02,4.208261,-8.90629136e-02,2.75227811e-03
0.798000,7.05348705e-02,6.30348705e-02,4.202325,-8.90438550e-02,2.77592509e-03
0.799000,7.04458375e-02,6.29458375e-02,4.196389,-8.90329851e-02,2.71936216e-03
0.800000,7.03568132e-02,6.28568132e-02,4.190454,-8.90243517e-02,2.61821343e-03
0.801000,7.02677610e-02,6.27677610e-02,4.184517,-8.90521814e-02,2.63036559e-03
0.802000,7.01786499e-02,6.26786499e-02,4.178577,-8.91110809e-02,2.71573240e-03
0.803000,7.00894990e-02,6.25894990e-02,4.172633,-8.91508933e-02,2.65851672e-03
0.804000,7.00003262e-02,6.25003262e-02,4.166688,-8.91727878e-02,2.65414572e-03
0.805000,6.99111120e-02,6.24111120e-02,4.160741,-8.92142459e-02,2.75557736e-03
0.806000,6.98218728e-02,6.23218728e-02,4.154792,-8.92392024e-02,2.87035897e-03
0.807000,6.97326622e-02,6.22326622e-02,4.148844,-8.92105493e-02,2.73823222e-03
0.808000,6.96434947e-02,6.21434947e-02,4.142900,-8.91675654e-02,2.77751381e-03
0.809000,6.95543336e-02,6.20543336e-02,4.136956,-8.91610274e-02,2.80563991e-03
0.810000,6.94651970e-02,6.19651970e-02,4.131013,-8.91366150e-02,2.77008670e-03
0.811000,6.93760878e-02,6.18760878e-02,4.125073,-8.91092527e-02,2.70041922e-03
0.812000,6.92869819e-02,6.17869819e-02,4.119132,-8.91058865e-02,2.64342532e-03
0.813000,6.91978464e-02,6.16978464e-02,4.113190,-8.91354790e-02,2.69597989e-03
0.814000,6.91086719e-02,6.16086719e-02,4.107245,-8.91744953e-02,2.74100727e-03
0.815000,6.90194836e-02,6.15194836e-02,4.101299,-8.91882894e-02,2.63834148e-03
0.816000,6.89302782e-02,6.14302782e-02,4.095352,-8.92054511e-02,2.70102658e-03
0.817000,6.88410329e-02,6.13410329e-02,4.089402,-8.92452446e-02,2.72080845e-03
0.818000,6.87517720e-02,6.12517720e-02,4.083451,-8.92609532e-02,2.71317906e-03
0.819000,6.86625004e-02,6.11625004e-02,4.077500,-8.92715143e-02,2.74670075e-03
0.820000,6.85732218e-02,6.10732218e-02,4.071548,-8.92786531e-02,2.84408110e-03
0.821000,6.84839642e-02,6.09839642e-02,4.065598,-8.92575623e-02,2.73444644e-03
0.822000,6.83947404e-02,6.08947404e-02,4.059649,-8.92238779e-02,2.76423508e-03
0.823000,6.83055194e-02,6.08055194e-02,4.053701,-8.92209314e-02,2.79720882e-03
0.824000,6.82163171e-02,6.07163171e-02,4.047754,-8.92023708e-02,2.71358098e-03
0.825000,6.81271293e-02,6.06271293e-02,4.041809,-8.91877698e-02,2.62583870e-03
0.826000,6.80379131e-02,6.05379131e-02,4.035861,-8.92161497e-02,2.61872200e-03
0.827000,6.79486385e-02,6.04486385e-02,4.029909,-8.92746040e-02,2.72059822e-03
0.828000,6.78593211e-02,6.03593211e-02,4.023955,-8.93173798e-02,2.69419875e-03
0.829000,6.77699898e-02,6.02699898e-02,4.017999,-8.93313664e-02,2.65156634e-03
0.830000,6.76806282e-02,6.01806282e-02,4.012042,-8.93615621e-02,2.72431959e-03
0.831000,6.75912353e-02,6.00912353e-02,4.006082,-8.93928933e-02,2.86834960e-03
0.832000,6.75018605e-02,6.00018605e-02,4.000124,-8.93748611e-02,2.74449899e-03
0.833000,6.74125290e-02,5.99125290e-02,3.994169,-8.93314289e-02,2.80524322e-03
0.834000,6.73232111e-02,5.98232111e-02,3.988214,-8.93179292e-02,2.77582315e-03
0.835000,6.72339214e-02,5.97339214e-02,3.982261,-8.92896827e-02,2.74493358e-03
0.836000,6.71446449e-02,5.96446449e-02,3.976310,-8.92765608e-02,2.70907829e-03
0.837000,6.70553649e-02,5.95553649e-02,3.970358,-8.92799240e-02,2.61507597e-03
0.838000,6.69660533e-02,5.94660533e-02,3.964404,-8.93116859e-02,2.71106953e-03
0.839000,6.68766959e-02,5.93766959e-02,3.958446,-8.93573442e-02,2.73475720e-03
0.840000,6.67873286e-02,5.92873286e-02,3.952489,-8.93672879e-02,2.58748981e-03
0.841000,6.66979331e-02,5.91979331e-02,3.946529,-8.93954947e-02,2.71401472e-03
0.842000,6.66084834e-02,5.91084834e-02,3.940566,-8.94496919e-02,2.75453510e-03
0.843000,6.65190283e-02,5.90190283e-02,3.934602,-8.94551708e-02,2.76550819e-03
0.844000,6.64295829e-02,5.89295829e-02,3.928639,-8.94454018e-02,2.73550032e-03
0.845000,6.63401455e-02,5.88401455e-02,3.922676,-8.94373356e-02,2.81622108e-03
0.846000,6.62507207e-02,5.87507207e-02,3.916715,-8.94248498e-02,2.79103346e-03
0.847000,6.61613304e-02,5.86613304e-02,3.910755,-8.93903083e-02,2.75918767e-03
0.848000,6.60719607e-02,5.85719607e-02,3.904797,-8.93696704e-02,2.76517343e-03
0.849000,6.59826023e-02,5.84826023e-02,3.898840,-8.93584326e-02,2.67629843e-03
0.850000,6.58932413e-02,5.83932413e-02,3.892883,-8.93609455e-02,2.65465589e-03
0.851000,6.58038448e-02,5.83038448e-02,3.886923,-8.93964735e-02,2.64208000e-03
0.852000,6.57144035e-02,5.82144035e-02,3.880960,-8.94413332e-02,2.67891984e-03
0.853000,6.56249197e-02,5.81249197e-02,3.874995,-8.94838083e-02,2.77045282e-03
0.854000,6.55354217e-02,5.80354217e-02,3.869028,-8.94979980e-02,2.78801821e-03
0.855000,6.54459427e-02,5.79459427e-02,3.863063,-8.94790207e-02,2.67600601e-03
0.856000,6.53564686e-02,5.78564686e-02,3.857098,-8.94740827e-02,2.79402739e-03
0.857000,6.52669835e-02,5.77669835e-02,3.851132,-8.94850605e-02,2.85942913e-03
0.858000,6.51775378e-02,5.76775378e-02,3.845169,-8.94457127e-02,2.80131457e-03
0.859000,6.50881427e-02,5.75881427e-02,3.839210,-8.93951630e-02,2.74970050e-03
0.860000,6.49987698e-02,5.74987698e-02,3.833251,-8.93728263e-02,2.68858516e-03
0.861000,6.49093916e-02,5.74093916e-02,3.827293,-8.93782480e-02,2.67464043e-03
0.862000,6.48199854e-02,5.73199854e-02,3.821332,-8.94062068e-02,2.61967297e-03
0.863000,6.47305369e-02,5.72305369e-02,3.815369,-8.94484657e-02,2.65913974e-03
0.864000,6.46410351e-02,5.71410351e-02,3.809402,-8.95017975e-02,2.74993639e-03
0.865000,6.45515090e-02,5.70515090e-02,3.803434,-8.95261114e-02,2.62977718e-03
0.866000,6.44619672e-02,5.69619672e-02,3.797464,-8.95418551e-02,2.67755126e-03
0.867000,6.43723785e-02,5.68723785e-02,3.791492,-8.95886126e-02,2.72870798e-03
0.868000,6.42827679e-02,5.67827679e-02,3.785518,-8.96106339e-02,2.81879166e-03
0.869000,6.41931680e-02,5.66931680e-02,3.779545,-8.95999243e-02,2.73555559e-03
0.870000,6.41035936e-02,5.66035936e-02,3.773573,-8.95743492e-02,2.78295717e-03
0.871000,6.40140259e-02,5.65140259e-02,3.767602,-8.95677277e-02,2.81919037e-03
0.872000,6.39244868e-02,5.64244868e-02,3.761632,-8.95391313e-02,2.79181433e-03
0.873000,6.38349833e-02,5.63349833e-02,3.755666,-8.95034766e-02,2.74460055e-03
0.874000,6.37454981e-02,5.62454981e-02,3.749700,-8.94851617e-02,2.66330131e-03
0.875000,6.36560014e-02,5.61560014e-02,3.743733,-8.94967295e-02,2.68698191e-03
0.876000,6.35664706e-02,5.60664706e-02,3.737765,-8.95308095e-02,2.72266645e-03
0.877000,6.34769198e-02,5.59769198e-02,3.731795,-8.95508020e-02,2.63661704e-03
0.878000,6.33873455e-02,5.58873455e-02,3.725823,-8.95742921e-02,2.72604145e-03
0.879000,6.32977353e-02,5.57977353e-02,3.719849,-8.96102283e-02,2.78972061e-03
0.880000,6.32081297e-02,5.57081297e-02,3.713875,-8.96055353e-02,2.77982894e-03
0.881000,6.31185481e-02,5.56185481e-02,3.707903,-8.95816784e-02,2.80327161e-03
0.882000,6.30289911e-02,5.55289911e-02,3.701933,-8.95569244e-02,2.81818415e-03
0.883000,6.29394693e-02,5.54394693e-02,3.695965,-8.95218344e-02,2.76817974e-03
0.884000,6.28499786e-02,5.53499786e-02,3.689999,-8.94906896e-02,2.72179874e-03
0.885000,6.27604944e-02,5.52604944e-02,3.684033,-8.94841690e-02,2.74451394e-03
0.886000,6.26710056e-02,5.51710056e-02,3.678067,-8.94888637e-02,2.69525467e-03
0.887000,6.25815108e-02,5.50815108e-02,3.672101,-8.94948093e-02,2.58328182e-03
0.888000,6.24919740e-02,5.49919740e-02,3.666132,-8.95367335e-02,2.61490099e-03
0.889000,6.24023642e-02,5.49023642e-02,3.660158,-8.96098398e-02,2.73502348e-03
0.890000,6.23127129e-02,5.48127129e-02,3.654181,-8.96513195e-02,2.72285044e-03
0.891000,6.22230574e-02,5.47230574e-02,3.648204,-8.96555020e-02,2.67024227e-03
0.892000,6.21333844e-02,5.46333844e-02,3.642226,-8.96729853e-02,2.68768174e-03
0.893000,6.20436797e-02,5.45436797e-02,3.636245,-8.97046621e-02,2.80806558e-03
0.894000,6.19539704e-02,5.44539704e-02,3.630265,-8.97093229e-02,2.76690301e-03
0.895000,6.18642887e-02,5.43642887e-02,3.624286,-8.96817269e-02,2.80635082e-03
0.896000,6.17746280e-02,5.42746280e-02,3.618309,-8.96606735e-02,2.85434670e-03
0.897000,6.16850098e-02,5.41850098e-02,3.612334,-8.96181773e-02,2.82283474e-03
0.898000,6.15954443e-02,5.40954443e-02,3.606363,-8.95654911e-02,2.68960339e-03
0.899000,6.15058976e-02,5.40058976e-02,3.600393,-8.95467143e-02,2.61634927e-03
0.900000,6.14163130e-02,5.39163130e-02,3.594421,-8.95846469e-02,2.70286275e-03
0.901000,6.13266816e-02,5.38266816e-02,3.588445,-8.96313383e-02,2.72434909e-03
0.902000,6.12370358e-02,5.37370358e-02,3.582469,-8.96458178e-02,2.62421655e-03
0.903000,6.11473649e-02,5.36473649e-02,3.576491,-8.96709481e-02,2.70357687e-03
0.904000,6.10576499e-02,5.35576499e-02,3.570510,-8.97149295e-02,2.78793602e-03
0.905000,6.09679320e-02,5.34679320e-02,3.564529,-8.97179298e-02,2.84548029e-03
0.906000,6.08782490e-02,5.33782490e-02,3.558550,-8.96830492e-02,2.77896360e-03
0.907000,6.07886079e-02,5.32886079e-02,3.552574,-8.96410330e-02,2.82884879e-03
0.908000,6.06989959e-02,5.31989959e-02,3.546600,-8.96120401e-02,2.74949775e-03
0.909000,6.06094152e-02,5.31094152e-02,3.540628,-8.95806966e-02,2.70928316e-03
0.910000,6.05198327e-02,5.30198327e-02,3.534656,-8.95825247e-02,2.72666147e-03
0.911000,6.04302382e-02,5.29302382e-02,3.528683,-8.95944867e-02,2.70491712e-03
0.912000,6.03406336e-02,5.28406336e-02,3.522709,-8.96045866e-02,2.67496964e-03
0.913000,6.02510065e-02,5.27510065e-02,3.516734,-8.96271236e-02,2.60970630e-03
0.914000,6.01613354e-02,5.26613354e-02,3.510756,-8.96710368e-02,2.71451781e-03
0.915000,6.00716176e-02,5.25716176e-02,3.504775,-8.97178488e-02,2.71495957e-03
0.916000,5.99818874e-02,5.24818874e-02,3.498792,-8.97301610e-02,2.65511333e-03
0.917000,5.98921345e-02,5.23921345e-02,3.492809,-8.97529113e-02,2.64797845e-03
0.918000,5.98023379e-02,5.23023379e-02,3.486823,-8.97965776e-02,2.81039501e-03
0.919000,5.97125241e-02,5.22125241e-02,3.480835,-8.98138656e-02,2.89504805e-03
0.920000,5.96227612e-02,5.21227612e-02,3.474851,-8.97628437e-02,2.81344643e-03
0.921000,5.95330628e-02,5.20330628e-02,3.468871,-8.96984507e-02,2.77878535e-03
0.922000,5.94433958e-02,5.19433958e-02,3.462893,-8.96669864e-02,2.78749437e-03
0.923000,5.93537504e-02,5.18537504e-02,3.456917,-8.96453652e-02,2.70505571e-03
0.924000,5.92641150e-02,5.17641150e-02,3.450941,-8.96354622e-02,2.62033156e-03
0.925000,5.91744473e-02,5.16744473e-02,3.444963,-8.96676158e-02,2.69711628e-03
0.926000,5.90847333e-02,5.15847333e-02,3.438982,-8.97140155e-02,2.72222729e-03
0.927000,5.89950026e-02,5.14950026e-02,3.433000,-8.97307574e-02,2.60664324e-03
0.928000,5.89052429e-02,5.14052429e-02,3.427016,-8.97596923e-02,2.65709829e-03
0.929000,5.88154252e-02,5.13154252e-02,3.421028,-8.98176642e-02,2.78913895e-03
0.930000,5.87255895e-02,5.12255895e-02,3.415039,-8.98357160e-02,2.90427731e-03
0.931000,5.86357995e-02,5.11357995e-02,3.409053,-8.97900428e-02,2.75890907e-03
0.932000,5.85460672e-02,5.10460672e-02,3.403071,-8.97322631e-02,2.79681996e-03
0.933000,5.84563517e-02,5.09563517e-02,3.397090,-8.97155205e-02,2.79003514e-03
0.934000,5.83666641e-02,5.08666641e-02,3.391111,-8.96875271e-02,2.75519094e-03
0.935000,5.82769962e-02,5.07769962e-02,3.385133,-8.96679238e-02,2.70566305e-03
0.936000,5.81873277e-02,5.06873277e-02,3.379155,-8.96685223e-02,2.65615975e-03
0.937000,5.80976336e-02,5.05976336e-02,3.373176,-8.96941406e-02,2.73169245e-03
0.938000,5.80079109e-02,5.05079109e-02,3.367194,-8.97226595e-02,2.64747308e-03
0.939000,5.79181696e-02,5.04181696e-02,3.361211,-8.97412655e-02,2.68080304e-03
0.940000,5.78283880e-02,5.03283880e-02,3.355226,-8.97816364e-02,2.72948596e-03
0.941000,5.77385855e-02,5.02385855e-02,3.349239,-8.98024522e-02,2.71281818e-03
0.942000,5.76487753e-02,5.01487753e-02,3.343252,-8.98102273e-02,2.67472234e-03
0.943000,5.75589451e-02,5.00589451e-02,3.337263,-8.98302131e-02,2.75875815e-03
0.944000,5.74690973e-02,4.99690973e-02,3.331273,-8.98478495e-02,2.86564917e-03
0.945000,5.73792783e-02,4.98792783e-02,3.325285,-8.98189847e-02,2.79877187e-03
0.946000,5.72895114e-02,4.97895114e-02,3.319301,-8.97668418e-02,2.76343360e-03
0.947000,5.71997685e-02,4.96997685e-02,3.313318,-8.97429116e-02,2.78436776e-03
0.948000,5.71100416e-02,4.96100416e-02,3.307336,-8.97268851e-02,2.72447756e-03
0.949000,5.70203271e-02,4.95203271e-02,3.301355,-8.97145743e-02,2.62210021e-03
0.950000,5.69305870e-02,4.94305870e-02,3.295372,-8.97400367e-02,2.63558993e-03
0.951000,5.68407903e-02,4.93407903e-02,3.289386,-8.97967359e-02,2.72120312e-03
0.952000,5.67509564e-02,4.92509564e-02,3.283397,-8.98338651e-02,2.69188374e-03
0.953000,5.66611084e-02,4.91611084e-02,3.277407,-8.98480624e-02,2.65291143e-03
0.954000,5.65712296e-02,4.90712296e-02,3.271415,-8.98787805e-02,2.74550972e-03
0.955000,5.64813237e-02,4.89813237e-02,3.265422,-8.99059227e-02,2.87002007e-03
0.956000,5.63914430e-02,4.88914430e-02,3.259430,-8.98806359e-02,2.74489988e-03
0.957000,5.63016064e-02,4.88016064e-02,3.253440,-8.98365842e-02,2.80953708e-03
0.958000,5.62117842e-02,4.87117842e-02,3.247452,-8.98221935e-02,2.80541887e-03
0.959000,5.61219969e-02,4.86219969e-02,3.241466,-8.97873033e-02,2.76136885e-03
0.960000,5.60322354e-02,4.85322354e-02,3.235482,-8.97615552e-02,2.70319469e-03
0.961000,5.59424748e-02,4.84424748e-02,3.229498,-8.97605613e-02,2.64793241e-03
0.962000,5.58526864e-02,4.83526864e-02,3.223512,-8.97884452e-02,2.69629121e-03
0.963000,5.57628605e-02,4.82628605e-02,3.217524,-8.98259263e-02,2.72180212e-03
0.964000,5.56730174e-02,4.81730174e-02,3.211534,-8.98430144e-02,2.62368459e-03
0.965000,5.55831484e-02,4.80831484e-02,3.205543,-8.98690752e-02,2.71089566e-03
0.966000,5.54932364e-02,4.79932364e-02,3.199549,-8.99119371e-02,2.74510516e-03
0.967000,5.54033163e-02,4.79033163e-02,3.193554,-8.99201079e-02,2.76095245e-03
0.968000,5.53134021e-02,4.78134021e-02,3.187560,-8.99142414e-02,2.79568047e-03
0.969000,5.52235050e-02,4.77235050e-02,3.181567,-8.98970292e-02,2.81331963e-03
0.970000,5.51336398e-02,4.76336398e-02,3.175576,-8.98652925e-02,2.76570822e-03
0.971000,5.50438036e-02,4.75438036e-02,3.169587,-8.98361823e-02,2.74513111e-03
0.972000,5.49539772e-02,4.74539772e-02,3.163598,-8.98263473e-02,2.77054942e-03
0.973000,5.48641585e-02,4.73641585e-02,3.157611,-8.98187752e-02,2.71716305e-03
0.974000,5.47743462e-02,4.72743462e-02,3.151623,-8.98122961e-02,2.69044946e-03
0.975000,5.46845181e-02,4.71845181e-02,3.145635,-8.98280739e-02,2.63820446e-03
0.976000,5.45946562e-02,4.70946562e-02,3.139644,-8.98618638e-02,2.68186119e-03
0.977000,5.45047511e-02,4.70047511e-02,3.133650,-8.99050915e-02,2.74963492e-03
0.978000,5.44148291e-02,4.69148291e-02,3.127655,-8.99219967e-02,2.77673228e-03
0.979000,5.43249173e-02,4.68249173e-02,3.121661,-8.99118521e-02,2.67835768e-03
0.980000,5.42350071e-02,4.67350071e-02,3.115667,-8.99102047e-02,2.79959297e-03
0.981000,5.41450876e-02,4.66450876e-02,3.109673,-8.99194260e-02,2.88156924e-03
0.982000,5.40552133e-02,4.65552133e-02,3.103681,-8.98743351e-02,2.79381502e-03
0.983000,5.39653955e-02,4.64653955e-02,3.097693,-8.98178404e-02,2.73354703e-03
0.984000,5.38755946e-02,4.63755946e-02,3.091706,-8.98008232e-02,2.68796633e-03
0.985000,5.37857830e-02,4.62857830e-02,3.085719,-8.98116594e-02,2.70605645e-03
0.986000,5.36959487e-02,4.61959487e-02,3.079730,-8.98342659e-02,2.61653430e-03
0.987000,5.36060820e-02,4.61060820e-02,3.073739,-8.98667623e-02,2.63757871e-03
0.988000,5.35161570e-02,4.60161570e-02,3.067744,-8.99249377e-02,2.74950608e-03
0.989000,5.34262006e-02,4.59262006e-02,3.061747,-8.99564087e-02,2.70363952e-03
0.990000,5.33362414e-02,4.58362414e-02,3.055749,-8.99592320e-02,2.66892866e-03
0.991000,5.32462581e-02,4.57462581e-02,3.049751,-8.99832569e-02,2.69676432e-03
0.992000,5.31562444e-02,4.56562444e-02,3.043750,-9.00137589e-02,2.80319924e-03
0.993000,5.30662281e-02,4.55662281e-02,3.037749,-9.00162974e-02,2.74061387e-03
0.994000,5.29762331e-02,4.54762331e-02,3.031749,-8.99949486e-02,2.78109407e-03
0.995000,5.28862461e-02,4.53862461e-02,3.025750,-8.99869953e-02,2.82763347e-03
0.996000,5.27962886e-02,4.52962886e-02,3.019753,-8.99575177e-02,2.81039069e-03
0.997000,5.27063728e-02,4.52063728e-02,3.013758,-8.99158051e-02,2.73831306e-03
0.998000,5.26164803e-02,4.51164803e-02,3.007765,-8.98925014e-02,2.62465288e-03
0.999000,5.25265673e-02,4.50265673e-02,3.001771,-8.99129686e-02,2.71951782e-03
1.000000,5.24366133e-02,4.49366133e-02,2.995774,-8.99539877e-02,2.73834704e-03
1.001000,5.23466528e-02,4.48466528e-02,2.989777,-8.99605220e-02,2.61727797e-03
1.002000,5.22566705e-02,4.47566705e-02,2.983778,-8.99822822e-02,2.70872701e-03
1.003000,5.21666429e-02,4.46666429e-02,2.977776,-9.00276316e-02,2.79609260e-03
1.004000,5.20766154e-02,4.45766154e-02,2.971774,-9.00274981e-02,2.79219503e-03
1.005000,5.19866160e-02,4.44866160e-02,2.965774,-8.99993616e-02,2.75701647e-03
1.006000,5.18966373e-02,4.43966373e-02,2.959776,-8.99787262e-02,2.84646217e-03
1.007000,5.18066835e-02,4.43066835e-02,2.953779,-8.99538264e-02,2.82137391e-03
1.008000,5.17167795e-02,4.42167795e-02,2.947785,-8.99039879e-02,2.72356111e-03
1.009000,5.16268998e-02,4.41268998e-02,2.941793,-8.98796859e-02,2.70921207e-03
1.010000,5.15370098e-02,4.40370098e-02,2.935801,-8.98900445e-02,2.64583236e-03
1.011000,5.14470935e-02,4.39470935e-02,2.929806,-8.99163235e-02,2.64682179e-03
1.012000,5.13571302e-02,4.38571302e-02,2.923809,-8.99632424e-02,2.68733243e-03
1.013000,5.12671275e-02,4.37671275e-02,2.917809,-9.00026726e-02,2.69704085e-03
1.014000,5.11771005e-02,4.36771005e-02,2.911807,-9.00270816e-02,2.76631595e-03
1.015000,5.10870644e-02,4.35870644e-02,2.905804,-9.00360517e-02,2.72875776e-03
1.016000,5.09970355e-02,4.34970355e-02,2.899802,-9.00289125e-02,2.61743175e-03
1.017000,5.09069817e-02,4.34069817e-02,2.893799,-9.00537948e-02,2.77186416e-03
1.018000,5.08168938e-02,4.33168938e-02,2.887793,-9.00879285e-02,2.87709781e-03
1.019000,5.07268410e-02,4.32268410e-02,2.881789,-9.00527350e-02,2.82591390e-03
1.020000,5.06368490e-02,4.31368490e-02,2.875790,-8.99920324e-02,2.78147744e-03
1.021000,5.05468930e-02,4.30468930e-02,2.869793,-8.99559976e-02,2.77969785e-03
1.022000,5.04569581e-02,4.29569581e-02,2.863797,-8.99348710e-02,2.68956703e-03
1.023000,5.03670279e-02,4.28670279e-02,2.857802,-8.99302674e-02,2.60777115e-03
1.024000,5.02770581e-02,4.27770581e-02,2.851804,-8.99697289e-02,2.64837893e-03
1.025000,5.01870293e-02,4.26870293e-02,2.845802,-9.00288723e-02,2.74778896e-03
1.026000,5.00969722e-02,4.25969722e-02,2.839798,-9.00571000e-02,2.69921437e-03
1.027000,5.00069109e-02,4.25069109e-02,2.833794,-9.00612698e-02,2.65880304e-03
1.028000,4.99168224e-02,4.24168224e-02,2.827788,-9.00885385e-02,2.75027618e-03
1.029000,4.98267095e-02,4.23267095e-02,2.821781,-9.01129029e-02,2.88116004e-03
1.030000,4.97366254e-02,4.22366254e-02,2.815775,-9.00840809e-02,2.76283085e-03
1.031000,4.96465922e-02,4.21465922e-02,2.809773,-9.00331997e-02,2.80757541e-03
1.032000,4.95565789e-02,4.20565789e-02,2.803772,-9.00132671e-02,2.82444546e-03
1.033000,4.94666033e-02,4.19666033e-02,2.797774,-8.99756565e-02,2.78402007e-03
1.034000,4.93766636e-02,4.18766636e-02,2.791778,-8.99396542e-02,2.68609789e-03
1.035000,4.92867294e-02,4.17867294e-02,2.785782,-8.99342447e-02,2.63250735e-03
1.036000,4.91967589e-02,4.16967589e-02,2.779784,-8.99704711e-02,2.69549018e-03
1.037000,4.91067457e-02,4.16067457e-02,2.773783,-9.00131597e-02,2.72604946e-03
1.038000,4.90167160e-02,4.15167160e-02,2.767781,-9.00297597e-02,2.62550728e-03
1.039000,4.89266619e-02,4.14266619e-02,2.761777,-9.00541034e-02,2.71380451e-03
1.040000,4.88365660e-02,4.13365660e-02,2.755771,-9.00958522e-02,2.74448653e-03
1.041000,4.87464628e-02,4.12464628e-02,2.749764,-9.01031772e-02,2.80876886e-03
1.042000,4.86563738e-02,4.11563738e-02,2.743758,-9.00890581e-02,2.74380320e-03
1.043000,4.85663085e-02,4.10663085e-02,2.737754,-9.00653161e-02,2.84063969e-03
1.044000,4.84762627e-02,4.09762627e-02,2.731751,-9.00457854e-02,2.74927215e-03
1.045000,4.83862521e-02,4.08862521e-02,2.725750,-9.00106095e-02,2.74942574e-03
1.046000,4.82962466e-02,4.07962466e-02,2.719750,-9.00054129e-02,2.77787015e-03
1.047000,4.82062515e-02,4.07062515e-02,2.713750,-8.99951358e-02,2.72179624e-03
1.048000,4.81162661e-02,4.06162661e-02,2.707751,-8.99854331e-02,2.68056791e-03
1.049000,4.80262646e-02,4.05262646e-02,2.701751,-9.00014367e-02,2.64866495e-03
1.050000,4.79362280e-02,4.04362280e-02,2.695749,-9.00366220e-02,2.69872537e-03
1.051000,4.78461546e-02,4.03461546e-02,2.689744,-9.00734321e-02,2.74262368e-03
1.052000,4.77560685e-02,4.02560685e-02,2.683738,-9.00860387e-02,2.77159103e-03
1.053000,4.76659894e-02,4.01659894e-02,2.677733,-9.00791059e-02,2.69189430e-03
1.054000,4.75759127e-02,4.00759127e-02,2.671728,-9.00767532e-02,2.80281957e-03
1.055000,4.74858317e-02,3.99858317e-02,2.665722,-9.00809582e-02,2.86387173e-03
1.056000,4.73957938e-02,3.98957938e-02,2.659720,-9.00379373e-02,2.82675806e-03
1.057000,4.73058124e-02,3.98058124e-02,2.653721,-8.99814292e-02,2.74233075e-03
1.058000,4.72158603e-02,3.97158603e-02,2.647724,-8.99520397e-02,2.72903646e-03
1.059000,4.71259076e-02,3.96259076e-02,2.641727,-8.99527283e-02,2.70425094e-03
1.060000,4.70359454e-02,3.95359454e-02,2.635730,-8.99621661e-02,2.64023392e-03
1.061000,4.69459544e-02,3.94459544e-02,2.629730,-8.99910645e-02,2.63117691e-03
1.062000,4.68559118e-02,3.93559118e-02,2.623727,-9.00425886e-02,2.72678531e-03
1.063000,4.67658316e-02,3.92658316e-02,2.617722,-9.00801800e-02,2.70607915e-03
1.064000,4.66757416e-02,3.91757416e-02,2.611716,-9.00900337e-02,2.66885990e-03
1.065000,4.65856283e-02,3.90856283e-02,2.605709,-9.01132695e-02,2.69699841e-03
1.066000,4.64954845e-02,3.89954845e-02,2.599699,-9.01437527e-02,2.82771779e-03
1.067000,4.64053427e-02,3.89053427e-02,2.593690,-9.01418785e-02,2.73542794e-03
1.068000,4.63152293e-02,3.88152293e-02,2.587682,-9.01133945e-02,2.81711223e-03
1.069000,4.62251285e-02,3.87251285e-02,2.581675,-9.01007749e-02,2.81470681e-03
1.070000,4.61350667e-02,3.86350667e-02,2.575671,-9.00617544e-02,2.79211802e-03
1.071000,4.60450392e-02,3.85450392e-02,2.569669,-9.00275184e-02,2.73412158e-03
1.072000,4.59550283e-02,3.84550283e-02,2.563669,-9.00109569e-02,2.66270926e-03
1.073000,4.58650022e-02,3.83650022e-02,2.557667,-9.00260708e-02,2.74941215e-03
1.074000,4.57749529e-02,3.82749529e-02,2.551664,-9.00493052e-02,2.72832598e-03
1.075000,4.56849051e-02,3.81849051e-02,2.545660,-9.00477938e-02,2.68201418e-03
1.076000,4.55948437e-02,3.80948437e-02,2.539656,-9.00613972e-02,2.68331275e-03
1.077000,4.55047537e-02,3.80047537e-02,2.533650,-9.00899805e-02,2.76135346e-03
1.078000,4.54146494e-02,3.79146494e-02,2.527643,-9.01043366e-02,2.79377017e-03
1.079000,4.53245620e-02,3.78245620e-02,2.521637,-9.00873305e-02,2.81586467e-03
1.080000,4.52345063e-02,3.77345063e-02,2.515634,-9.00557711e-02,2.83695164e-03
1.081000,4.51444931e-02,3.76444931e-02,2.509633,-9.00132265e-02,2.76345595e-03
1.082000,4.50545163e-02,3.75545163e-02,2.503634,-8.99767536e-02,2.71491607e-03
1.083000,4.49645433e-02,3.74645433e-02,2.497636,-8.99730015e-02,2.74011939e-03
1.084000,4.48745626e-02,3.73745626e-02,2.491638,-8.99807336e-02,2.70570869e-03
1.085000,4.47845763e-02,3.72845763e-02,2.485638,-8.99862738e-02,2.67371568e-03
1.086000,4.46945675e-02,3.71945675e-02,2.479638,-9.00087725e-02,2.59693111e-03
1.087000,4.46045122e-02,3.71045122e-02,2.473634,-9.00553568e-02,2.69465493e-03
1.088000,4.45144023e-02,3.70144023e-02,2.467627,-9.01098768e-02,2.73520999e-03
1.089000,4.44242772e-02,3.69242772e-02,2.461618,-9.01251312e-02,2.67657995e-03
1.090000,4.43341397e-02,3.68341397e-02,2.455609,-9.01374348e-02,2.67998460e-03
1.091000,4.42439713e-02,3.67439713e-02,2.449598,-9.01683913e-02,2.80618952e-03
1.092000,4.41537954e-02,3.66537954e-02,2.443586,-9.01759117e-02,2.81126223e-03
1.093000,4.40636543e-02,3.65636543e-02,2.437577,-9.01410875e-02,2.82358775e-03
1.094000,4.39735519e-02,3.64735519e-02,2.431570,-9.01024177e-02,2.82215005e-03
1.095000,4.38834920e-02,3.63834920e-02,2.425566,-9.00599542e-02,2.80960428e-03
1.096000,4.37934718e-02,3.62934718e-02,2.419565,-9.00201815e-02,2.71309803e-03
1.097000,4.37034702e-02,3.62034702e-02,2.413565,-9.00015951e-02,2.61940150e-03
1.098000,4.36134389e-02,3.61134389e-02,2.407563,-9.00312719e-02,2.68275517e-03
1.099000,4.35233584e-02,3.60233584e-02,2.401557,-9.00805167e-02,2.73075078e-03
1.100000,4.34332579e-02,3.59332579e-02,2.395551,-9.01004677e-02,2.65161057e-03
1.101000,4.33431393e-02,3.58431393e-02,2.389543,-9.01186513e-02,2.65621514e-03
1.102000,4.32529773e-02,3.57529773e-02,2.383532,-9.01620115e-02,2.77364821e-03
1.103000,4.31627942e-02,3.56627942e-02,2.377520,-9.01830927e-02,2.88451843e-03
1.104000,4.30726482e-02,3.55726482e-02,2.371510,-9.01460010e-02,2.75783489e-03
1.105000,4.29825533e-02,3.54825533e-02,2.365504,-9.00949004e-02,2.79213540e-03
1.106000,4.28924739e-02,3.53924739e-02,2.359498,-9.00793390e-02,2.80842089e-03
1.107000,4.28024243e-02,3.53024243e-02,2.353495,-9.00496328e-02,2.77296936e-03
1.108000,4.27124034e-02,3.52124034e-02,2.347494,-9.00208474e-02,2.70876655e-03
1.109000,4.26223884e-02,3.51223884e-02,2.341493,-9.00150584e-02,2.65374493e-03
1.110000,4.25323483e-02,3.50323483e-02,2.335490,-9.00400845e-02,2.70560779e-03
1.111000,4.24422743e-02,3.49422743e-02,2.329485,-9.00740092e-02,2.74983762e-03
1.112000,4.23521912e-02,3.48521912e-02,2.323479,-9.00830798e-02,2.64551126e-03
1.113000,4.22620951e-02,3.47620951e-02,2.317473,-9.00960736e-02,2.70943746e-03
1.114000,4.21719631e-02,3.46719631e-02,2.311464,-9.01320251e-02,2.72986892e-03
1.115000,4.20818197e-02,3.45818197e-02,2.305455,-9.01433692e-02,2.72248930e-03
1.116000,4.19916704e-02,3.44916704e-02,2.299445,-9.01493083e-02,2.75469619e-03
1.117000,4.19015185e-02,3.44015185e-02,2.293435,-9.01519755e-02,2.84730918e-03
1.118000,4.18113908e-02,3.43113908e-02,2.287426,-9.01276880e-02,2.74550631e-03
1.119000,4.17212998e-02,3.42212998e-02,2.281420,-9.00909876e-02,2.77542643e-03
1.120000,4.16312174e-02,3.41312174e-02,2.275414,-9.00824299e-02,2.80349701e-03
1.121000,4.15411583e-02,3.40411583e-02,2.269411,-9.00590819e-02,2.72120901e-03
1.122000,4.14511172e-02,3.39511172e-02,2.263408,-9.00410668e-02,2.64400444e-03
1.123000,4.13610535e-02,3.38610535e-02,2.257404,-9.00637292e-02,2.62633509e-03
1.124000,4.12709386e-02,3.37709386e-02,2.251396,-9.01148712e-02,2.71560920e-03
1.125000,4.11807826e-02,3.36807826e-02,2.245386,-9.01560291e-02,2.77638778e-03
1.126000,4.10906255e-02,3.35906255e-02,2.239375,-9.01571199e-02,2.65751105e-03
1.127000,4.10004662e-02,3.35004662e-02,2.233364,-9.01592722e-02,2.70291002e-03
1.128000,4.09102737e-02,3.34102737e-02,2.227352,-9.01924371e-02,2.85780177e-03
1.129000,4.08200904e-02,3.33200904e-02,2.221339,-9.01833014e-02,2.90652769e-03
1.130000,4.07299758e-02,3.32299758e-02,2.215332,-9.01146804e-02,2.80996101e-03
1.131000,4.06399286e-02,3.31399286e-02,2.209329,-9.00471337e-02,2.74047679e-03
1.132000,4.05499050e-02,3.30499050e-02,2.203327,-9.00235885e-02,2.73342780e-03
1.133000,4.04598809e-02,3.29598809e-02,2.197325,-9.00241094e-02,2.71279150e-03
1.134000,4.03698503e-02,3.28698503e-02,2.191323,-9.00305947e-02,2.60228720e-03
1.135000,4.02797869e-02,3.27797869e-02,2.185319,-9.00633987e-02,2.64735297e-03
1.136000,4.01896624e-02,3.26896624e-02,2.179311,-9.01245246e-02,2.74836849e-03
1.137000,4.00995094e-02,3.25995094e-02,2.173301,-9.01529867e-02,2.70496912e-03
1.138000,4.00093535e-02,3.25093535e-02,2.167290,-9.01559485e-02,2.67285528e-03
1.139000,3.99191746e-02,3.24191746e-02,2.161278,-9.01788423e-02,2.70593598e-03
1.140000,3.98289682e-02,3.23289682e-02,2.155265,-9.02064328e-02,2.80590798e-03
1.141000,3.97387627e-02,3.22387627e-02,2.149251,-9.02054802e-02,2.74246082e-03
1.142000,3.96485798e-02,3.21485798e-02,2.143239,-9.01829152e-02,2.79179746e-03
1.143000,3.95584073e-02,3.20584073e-02,2.137227,-9.01724626e-02,2.82866132e-03
1.144000,3.94682681e-02,3.19682681e-02,2.131218,-9.01392881e-02,2.81157492e-03
1.145000,3.93781710e-02,3.18781710e-02,2.125211,-9.00970285e-02,2.74200812e-03
1.146000,3.92880983e-02,3.17880983e-02,2.119207,-9.00726824e-02,2.63034091e-03
1.147000,3.91980074e-02,3.16980074e-02,2.113200,-9.00909302e-02,2.72687115e-03
1.148000,3.91078786e-02,3.16078786e-02,2.107192,-9.01287810e-02,2.73983485e-03
1.149000,3.90177460e-02,3.15177460e-02,2.101183,-9.01326372e-02,2.62003298e-03
1.150000,3.89275926e-02,3.14275926e-02,2.095173,-9.01534216e-02,2.72395267e-03
1.151000,3.88373974e-02,3.13373974e-02,2.089160,-9.01951737e-02,2.80088451e-03
1.152000,3.87472082e-02,3.12472082e-02,2.083147,-9.01891925e-02,2.79297485e-03
1.153000,3.86570489e-02,3.11570489e-02,2.077137,-9.01593444e-02,2.75824217e-03
1.154000,3.85669106e-02,3.10669106e-02,2.071127,-9.01382361e-02,2.85025739e-03
1.155000,3.84767984e-02,3.09767984e-02,2.065120,-9.01122626e-02,2.80030984e-03
1.156000,3.83867335e-02,3.08867335e-02,2.059116,-9.00649027e-02,2.73468816e-03
1.157000,3.82966879e-02,3.07966879e-02,2.053113,-9.00455507e-02,2.72655299e-03
1.158000,3.82066387e-02,3.07066387e-02,2.047109,-9.00491885e-02,2.65569817e-03
1.159000,3.81165707e-02,3.06165707e-02,2.041105,-9.00680279e-02,2.64888186e-03
1.160000,3.80264594e-02,3.05264594e-02,2.035097,-9.01113424e-02,2.65644327e-03
1.161000,3.79363038e-02,3.04363038e-02,2.029087,-9.01555584e-02,2.70804222e-03
1.162000,3.78461156e-02,3.03461156e-02,2.023074,-9.01881664e-02,2.77899054e-03
1.163000,3.77559244e-02,3.02559244e-02,2.017062,-9.01912821e-02,2.74509766e-03
1.164000,3.76657473e-02,3.01657473e-02,2.011050,-9.01770909e-02,2.62496847e-03
1.165000,3.75755520e-02,3.00755520e-02,2.005037,-9.01952741e-02,2.77410252e-03
1.166000,3.74853254e-02,2.99853254e-02,1.999022,-9.02265369e-02,2.88097133e-03
1.167000,3.73951355e-02,2.98951355e-02,1.993009,-9.01899232e-02,2.83267148e-03
1.168000,3.73050088e-02,2.98050088e-02,1.987001,-9.01267535e-02,2.78921480e-03
1.169000,3.72149216e-02,2.97149216e-02,1.980995,-9.00871311e-02,2.75251225e-03
1.170000,3.71248534e-02,2.96248534e-02,1.974990,-9.00682709e-02,2.69998755e-03
1.171000,3.70347826e-02,2.95347826e-02,1.968986,-9.00707528e-02,2.62859268e-03
1.172000,3.69446795e-02,2.94446795e-02,1.962979,-9.01031099e-02,2.66329922e-03
1.173000,3.68545267e-02,2.93545267e-02,1.956968,-9.01527768e-02,2.75173634e-03
1.174000,3.67643513e-02,2.92643513e-02,1.950957,-9.01754064e-02,2.70013285e-03
1.175000,3.66741732e-02,2.91741732e-02,1.944945,-9.01781174e-02,2.66306256e-03
1.176000,3.65839689e-02,2.90839689e-02,1.938931,-9.02043312e-02,2.75824623e-03
1.177000,3.64937430e-02,2.89937430e-02,1.932916,-9.02258873e-02,2.88987261e-03
1.178000,3.64035501e-02,2.89035501e-02,1.926903,-9.01929070e-02,2.76943030e-03
1.179000,3.63134121e-02,2.88134121e-02,1.920894,-9.01379975e-02,2.81287079e-03
1.180000,3.62232971e-02,2.87232971e-02,1.914886,-9.01149611e-02,2.82960126e-03
1.181000,3.61332224e-02,2.86332224e-02,1.908881,-9.00746996e-02,2.78985608e-03
1.182000,3.60431865e-02,2.85431865e-02,1.902879,-9.00359721e-02,2.69202440e-03
1.183000,3.59531589e-02,2.84531589e-02,1.896877,-9.00275979e-02,2.63784945e-03
1.184000,3.58630979e-02,2.83630979e-02,1.890873,-9.00609333e-02,2.70091262e-03
1.185000,3.57729970e-02,2.82729970e-02,1.884866,-9.01009086e-02,2.73189371e-03
1.186000,3.56828823e-02,2.81828823e-02,1.878859,-9.01146943e-02,2.63106229e-03
1.187000,3.55927462e-02,2.80927462e-02,1.872850,-9.01361363e-02,2.71944379e-03
1.188000,3.55025711e-02,2.80025711e-02,1.866838,-9.01750635e-02,2.75002548e-03
1.189000,3.54123916e-02,2.79123916e-02,1.860826,-9.01795569e-02,2.81522849e-03
1.190000,3.53222291e-02,2.78222291e-02,1.854815,-9.01624764e-02,2.74981562e-03
1.191000,3.52320935e-02,2.77320935e-02,1.848806,-9.01355498e-02,2.84668366e-03
1.192000,3.51419806e-02,2.76419806e-02,1.842799,-9.01129757e-02,2.81891303e-03
1.193000,3.50519171e-02,2.75519171e-02,1.836794,-9.00634997e-02,2.73883968e-03
1.194000,3.49618798e-02,2.74618798e-02,1.830792,-9.00373040e-02,2.75159321e-03
1.195000,3.48718446e-02,2.73718446e-02,1.824790,-9.00351502e-02,2.71227502e-03
1.196000,3.47818088e-02,2.72818088e-02,1.818787,-9.00357611e-02,2.69067424e-03
1.197000,3.46917557e-02,2.71917557e-02,1.812784,-9.00531044e-02,2.66374955e-03
1.198000,3.46016734e-02,2.71016734e-02,1.806778,-9.00823031e-02,2.70594857e-03
1.199000,3.45115606e-02,2.70115606e-02,1.800771,-9.01128818e-02,2.74438399e-03
1.200000,3.44214377e-02,2.69214377e-02,1.794763,-9.01228049e-02,2.77445916e-03
1.201000,3.43313230e-02,2.68313230e-02,1.788755,-9.01147868e-02,2.69814864e-03
1.202000,3.42412126e-02,2.67412126e-02,1.782748,-9.01103861e-02,2.81056568e-03
1.203000,3.41511014e-02,2.66511014e-02,1.776740,-9.01111673e-02,2.87134735e-03
1.204000,3.40610371e-02,2.65610371e-02,1.770736,-9.00642805e-02,2.83401606e-03
1.205000,3.39710331e-02,2.64710331e-02,1.764736,-9.00040337e-02,2.74810222e-03
1.206000,3.38810619e-02,2.63810619e-02,1.758737,-8.99712400e-02,2.73429561e-03
1.207000,3.37910928e-02,2.62910928e-02,1.752740,-8.99691032e-02,2.70982492e-03
1.208000,3.37011169e-02,2.62011169e-02,1.746741,-8.99758281e-02,2.64626521e-03
1.209000,3.36111151e-02,2.61111151e-02,1.740741,-9.00018293e-02,2.63833812e-03
1.210000,3.35210650e-02,2.60210650e-02,1.734738,-9.00501063e-02,2.73409838e-03
1.211000,3.34309809e-02,2.59309809e-02,1.728732,-9.00840526e-02,2.71372770e-03
1.212000,3.33408908e-02,2.58408908e-02,1.722726,-9.00901521e-02,2.67610725e-03
1.213000,3.32507812e-02,2.57507812e-02,1.716719,-9.01095943e-02,2.70356695e-03
1.214000,3.31606447e-02,2.56606447e-02,1.710710,-9.01365358e-02,2.83479504e-03
1.215000,3.30705134e-02,2.55705134e-02,1.704701,-9.01312528e-02,2.74277307e-03
1.216000,3.29804143e-02,2.54804143e-02,1.698694,-9.00991457e-02,2.82203917e-03
1.217000,3.28903310e-02,2.53903310e-02,1.692689,-9.00832426e-02,2.82456565e-03
1.218000,3.28002902e-02,2.53002902e-02,1.686686,-9.00408605e-02,2.80083218e-03
1.219000,3.27102883e-02,2.52102883e-02,1.680686,-9.00018458e-02,2.74177263e-03
1.220000,3.26203072e-02,2.51203072e-02,1.674687,-8.99810694e-02,2.66887212e-03
1.221000,3.25303147e-02,2.50303147e-02,1.668688,-8.99925808e-02,2.75586825e-03
1.222000,3.24403020e-02,2.49403020e-02,1.662687,-9.00126494e-02,2.73625764e-03
1.223000,3.23502944e-02,2.48502944e-02,1.656686,-9.00076152e-02,2.66954083e-03
1.224000,3.22602736e-02,2.47602736e-02,1.650685,-9.00208195e-02,2.69513213e-03
1.225000,3.21702222e-02,2.46702222e-02,1.644681,-9.00514091e-02,2.77941136e-03
1.226000,3.20801635e-02,2.45801635e-02,1.638678,-9.00586902e-02,2.80803530e-03
1.227000,3.19901302e-02,2.44901302e-02,1.632675,-9.00332310e-02,2.82450483e-03
1.228000,3.19001348e-02,2.44001348e-02,1.626676,-8.99954588e-02,2.84420477e-03
1.229000,3.18101860e-02,2.43101860e-02,1.620679,-8.99487940e-02,2.77213502e-03
1.230000,3.17202776e-02,2.42202776e-02,1.614685,-8.99084042e-02,2.72402366e-03
1.231000,3.16303774e-02,2.41303774e-02,1.608692,-8.99001912e-02,2.74951214e-03
1.232000,3.15404741e-02,2.40404741e-02,1.602698,-8.99032713e-02,2.71457879e-03
1.233000,3.14505700e-02,2.39505700e-02,1.596705,-8.99041581e-02,2.68237840e-03
1.234000,3.13606478e-02,2.38606478e-02,1.590710,-8.99222119e-02,2.60627547e-03
1.235000,3.12706835e-02,2.37706835e-02,1.584712,-8.99642987e-02,2.70417888e-03
1.236000,3.11806694e-02,2.36806694e-02,1.578711,-9.00140658e-02,2.76234203e-03
1.237000,3.10906480e-02,2.35906480e-02,1.572710,-9.00213944e-02,2.68363928e-03
1.238000,3.10006245e-02,2.35006245e-02,1.566708,-9.00235390e-02,2.68099833e-03
1.239000,3.09105725e-02,2.34105725e-02,1.560705,-9.00519978e-02,2.81156545e-03
1.240000,3.08205142e-02,2.33205142e-02,1.554701,-9.00582347e-02,2.82287824e-03
1.241000,3.07304946e-02,2.32304946e-02,1.548700,-9.00195907e-02,2.83780082e-03
1.242000,3.06405200e-02,2.31405200e-02,1.542701,-8.99745926e-02,2.83364388e-03
1.243000,3.05505946e-02,2.30505946e-02,1.536706,-8.99254288e-02,2.81893301e-03
1.244000,3.04607144e-02,2.29607144e-02,1.530714,-8.98802317e-02,2.72177917e-03
1.245000,3.03708573e-02,2.28708573e-02,1.524724,-8.98570464e-02,2.62828812e-03
1.246000,3.02809750e-02,2.27809750e-02,1.518732,-8.98823007e-02,2.69305002e-03
1.247000,3.01910482e-02,2.26910482e-02,1.512737,-8.99268065e-02,2.74170784e-03
1.248000,3.01011068e-02,2.26011068e-02,1.506740,-8.99414389e-02,2.66324875e-03
1.249000,3.00111528e-02,2.25111528e-02,1.500744,-8.99539660e-02,2.67040297e-03
1.250000,2.99211618e-02,2.24211618e-02,1.494744,-8.99909950e-02,2.78514810e-03
1.251000,2.98311564e-02,2.23311564e-02,1.488744,-9.00053831e-02,2.87256306e-03
1.252000,2.97411898e-02,2.22411898e-02,1.482746,-8.99666288e-02,2.78465549e-03
1.253000,2.96512751e-02,2.21512751e-02,1.476752,-8.99147117e-02,2.81472645e-03
1.254000,2.95613888e-02,2.20613888e-02,1.470759,-8.98863469e-02,2.82254286e-03
1.255000,2.94715420e-02,2.19715420e-02,1.464769,-8.98467242e-02,2.77793226e-03
1.256000,2.93817296e-02,2.18817296e-02,1.458782,-8.98124233e-02,2.71843885e-03
1.257000,2.92919263e-02,2.17919263e-02,1.452795,-8.98032940e-02,2.66706138e-03
1.258000,2.92021035e-02,2.17021035e-02,1.446807,-8.98227887e-02,2.72025530e-03
1.259000,2.91122538e-02,2.16122538e-02,1.440817,-8.98497498e-02,2.75152867e-03
1.260000,2.90224001e-02,2.15224001e-02,1.434827,-8.98537109e-02,2.65282955e-03
1.261000,2.89325352e-02,2.14325352e-02,1.428836,-8.98648552e-02,2.73115074e-03
1.262000,2.88426406e-02,2.13426406e-02,1.422843,-8.98945635e-02,2.75030365e-03
1.263000,2.87527455e-02,2.12527455e-02,1.416850,-8.98951629e-02,2.73727102e-03
1.264000,2.86628537e-02,2.11628537e-02,1.410857,-8.98917770e-02,2.76556520e-03
1.265000,2.85729660e-02,2.10729660e-02,1.404864,-8.98876677e-02,2.86628899e-03
1.266000,2.84831096e-02,2.09831096e-02,1.398874,-8.98564542e-02,2.75915509e-03
1.267000,2.83932985e-02,2.08932985e-02,1.392887,-8.98111070e-02,2.78894241e-03
1.268000,2.83035028e-02,2.08035028e-02,1.386900,-8.97956766e-02,2.82151771e-03
1.269000,2.82137381e-02,2.07137381e-02,1.380916,-8.97647030e-02,2.73544859e-03
1.270000,2.81239998e-02,2.06239998e-02,1.374933,-8.97382516e-02,2.64629151e-03
1.271000,2.80342440e-02,2.05342440e-02,1.368950,-8.97558330e-02,2.64128483e-03
1.272000,2.79444404e-02,2.04444404e-02,1.362963,-8.98035802e-02,2.73423768e-03
1.273000,2.78546039e-02,2.03546039e-02,1.356974,-8.98365341e-02,2.73293721e-03
1.274000,2.77647647e-02,2.02647647e-02,1.350984,-8.98391908e-02,2.69403108e-03
1.275000,2.76749156e-02,2.01749156e-02,1.344994,-8.98491548e-02,2.73844867e-03
1.276000,2.75850515e-02,2.00850515e-02,1.339003,-8.98640414e-02,2.88631647e-03
1.277000,2.74952133e-02,1.99952133e-02,1.333014,-8.98381917e-02,2.78947636e-03
1.278000,2.74054324e-02,1.99054324e-02,1.327029,-8.97809052e-02,2.82733263e-03
1.279000,2.73156837e-02,1.98156837e-02,1.321046,-8.97487280e-02,2.78407136e-03
1.280000,2.72259719e-02,1.97259719e-02,1.315065,-8.97117684e-02,2.76414389e-03
1.281000,2.71362794e-02,1.96362794e-02,1.309085,-8.96925405e-02,2.76866463e-03
1.282000,2.70466003e-02,1.95466003e-02,1.303107,-8.96790576e-02,2.63237602e-03
1.283000,2.69569121e-02,1.94569121e-02,1.297127,-8.96881912e-02,2.71440491e-03
1.284000,2.68671845e-02,1.93671845e-02,1.291146,-8.97275780e-02,2.75698435e-03
1.285000,2.67774521e-02,1.92774521e-02,1.285163,-8.97324957e-02,2.61880164e-03
1.286000,2.66877042e-02,1.91877042e-02,1.279180,-8.97478657e-02,2.74466426e-03
1.287000,2.65979178e-02,1.90979178e-02,1.273195,-8.97863595e-02,2.77710709e-03
1.288000,2.65081400e-02,1.90081400e-02,1.267209,-8.97777811e-02,2.80836637e-03
1.289000,2.64183870e-02,1.89183870e-02,1.261226,-8.97530201e-02,2.75285113e-03
1.290000,2.63286592e-02,1.88286592e-02,1.255244,-8.97278103e-02,2.82277026e-03
1.291000,2.62389507e-02,1.87389507e-02,1.249263,-8.97084681e-02,2.82048315e-03
1.292000,2.61492842e-02,1.86492842e-02,1.243286,-8.96665679e-02,2.81334005e-03
1.293000,2.60596575e-02,1.85596575e-02,1.237310,-8.96266820e-02,2.79566723e-03
1.294000,2.59700652e-02,1.84700652e-02,1.231338,-8.95922673e-02,2.69340033e-03
1.295000,2.58804835e-02,1.83804835e-02,1.225366,-8.95817413e-02,2.71506431e-03
1.296000,2.57908825e-02,1.82908825e-02,1.219392,-8.96009702e-02,2.76946822e-03
1.297000,2.57012791e-02,1.82012791e-02,1.213419,-8.96034637e-02,2.67387394e-03
1.298000,2.56116741e-02,1.81116741e-02,1.207445,-8.96049949e-02,2.74631714e-03
1.299000,2.55220490e-02,1.80220490e-02,1.201470,-8.96251099e-02,2.81826197e-03
1.300000,2.54324402e-02,1.79324402e-02,1.195496,-8.96087108e-02,2.75254286e-03
1.301000,2.53428599e-02,1.78428599e-02,1.189524,-8.95803057e-02,2.81762869e-03
1.302000,2.52532980e-02,1.77532980e-02,1.183553,-8.95619740e-02,2.88740958e-03
1.303000,2.51637880e-02,1.76637880e-02,1.177586,-8.95099272e-02,2.80868199e-03
1.304000,2.50743391e-02,1.75743391e-02,1.171623,-8.94488854e-02,2.76184509e-03
1.305000,2.49849172e-02,1.74849172e-02,1.165661,-8.94219815e-02,2.77802422e-03
1.306000,2.48955096e-02,1.73955096e-02,1.159701,-8.94075984e-02,2.72623906e-03
1.307000,2.48061125e-02,1.73061125e-02,1.153741,-8.93970595e-02,2.61283763e-03
1.308000,2.47166889e-02,1.72166889e-02,1.147779,-8.94235813e-02,2.64887455e-03
1.309000,2.46272080e-02,1.71272080e-02,1.141814,-8.94809732e-02,2.77177431e-03
1.310000,2.45377032e-02,1.70377032e-02,1.135847,-8.95047966e-02,2.76077067e-03
1.311000,2.44482130e-02,1.69482130e-02,1.129881,-8.94902037e-02,2.70719934e-03
1.312000,2.43587243e-02,1.68587243e-02,1.123915,-8.94886981e-02,2.71282666e-03
1.313000,2.42692205e-02,1.67692205e-02,1.117948,-8.95037909e-02,2.84514235e-03
1.314000,2.41797268e-02,1.66797268e-02,1.111982,-8.94936372e-02,2.80726715e-03
1.315000,2.40902801e-02,1.65902801e-02,1.106019,-8.94467267e-02,2.80824785e-03
1.316000,2.40008680e-02,1.65008680e-02,1.100058,-8.94120817e-02,2.90311919e-03
1.317000,2.39115077e-02,1.64115077e-02,1.094101,-8.93603376e-02,2.80354286e-03
1.318000,2.38222126e-02,1.63222126e-02,1.088148,-8.92950453e-02,2.74824098e-03
1.319000,2.37329404e-02,1.62329404e-02,1.082196,-8.92722349e-02,2.65542263e-03
1.320000,2.36436564e-02,1.61436564e-02,1.076244,-8.92840003e-02,2.76649233e-03
1.321000,2.35543498e-02,1.60543498e-02,1.070290,-8.93066072e-02,2.77902367e-03
1.322000,2.34650593e-02,1.59650593e-02,1.064337,-8.92905212e-02,2.66559238e-03
1.323000,2.33757689e-02,1.58757689e-02,1.058385,-8.92903787e-02,2.74226114e-03
1.324000,2.32864550e-02,1.57864550e-02,1.052430,-8.93139308e-02,2.83210051e-03
1.325000,2.31971585e-02,1.56971585e-02,1.046477,-8.92964166e-02,2.88311856e-03
1.326000,2.31079182e-02,1.56079182e-02,1.040528,-8.92403758e-02,2.84761808e-03
1.327000,2.30187443e-02,1.55187443e-02,1.034583,-8.91738578e-02,2.85507341e-03
1.328000,2.29296266e-02,1.54296266e-02,1.028642,-8.91176803e-02,2.79466735e-03
1.329000,2.28405569e-02,1.53405569e-02,1.022704,-8.90697365e-02,2.75639758e-03
1.330000,2.27515085e-02,1.52515085e-02,1.016767,-8.90483986e-02,2.78999566e-03
1.331000,2.26624748e-02,1.51624748e-02,1.010832,-8.90336875e-02,2.74430660e-03
1.332000,2.25734588e-02,1.50734588e-02,1.004897,-8.90160220e-02,2.64334922e-03
1.333000,2.24844276e-02,1.49844276e-02,0.998962,-8.90312146e-02,2.67033753e-03
1.334000,2.23953528e-02,1.48953528e-02,0.993024,-8.90747905e-02,2.79674938e-03
1.335000,2.23062656e-02,1.48062656e-02,0.987084,-8.90871485e-02,2.75930409e-03
1.336000,2.22172010e-02,1.47172010e-02,0.981147,-8.90646128e-02,2.70472208e-03
1.337000,2.21281370e-02,1.46281370e-02,0.975209,-8.90640269e-02,2.71915692e-03
1.338000,2.20390582e-02,1.45390582e-02,0.969271,-8.90788139e-02,2.86435682e-03
1.339000,2.19499950e-02,1.44499950e-02,0.963333,-8.90631833e-02,2.82607291e-03
1.340000,2.18609884e-02,1.43609884e-02,0.957399,-8.90066370e-02,2.86484651e-03
1.341000,2.17720326e-02,1.42720326e-02,0.951469,-8.89558069e-02,2.90761751e-03
1.342000,2.16831479e-02,1.41831479e-02,0.945543,-8.88846795e-02,2.87479690e-03
1.343000,2.15943426e-02,1.40943426e-02,0.939623,-8.88053095e-02,2.74099571e-03
1.344000,2.15055822e-02,1.40055822e-02,0.933705,-8.87603794e-02,2.66383305e-03
1.345000,2.14168091e-02,1.39168091e-02,0.927787,-8.87730370e-02,2.75489799e-03
1.346000,2.13280142e-02,1.38280142e-02,0.921868,-8.87949322e-02,2.78303844e-03
1.347000,2.12392323e-02,1.37392323e-02,0.915949,-8.87819439e-02,2.68297031e-03
1.348000,2.11504549e-02,1.36504549e-02,0.910030,-8.87774098e-02,2.76382334e-03
1.349000,2.10616634e-02,1.35616634e-02,0.904111,-8.87914417e-02,2.85234168e-03
1.350000,2.09729002e-02,1.34729002e-02,0.898193,-8.87632667e-02,2.91415932e-03
1.351000,2.08842051e-02,1.33842051e-02,0.892280,-8.86950892e-02,2.86168540e-03
1.352000,2.07955892e-02,1.32955892e-02,0.886373,-8.86158893e-02,2.89356496e-03
1.353000,2.07070409e-02,1.32070409e-02,0.880469,-8.85482851e-02,2.80896720e-03
1.354000,2.06185557e-02,1.31185557e-02,0.874570,-8.84851713e-02,2.76385673e-03
1.355000,2.05300979e-02,1.30300979e-02,0.868673,-8.84578180e-02,2.80647805e-03
1.356000,2.04416602e-02,1.29416602e-02,0.862777,-8.84377426e-02,2.76634895e-03
1.357000,2.03532494e-02,1.28532494e-02,0.856883,-8.84107660e-02,2.69035954e-03
1.358000,2.02648390e-02,1.27648390e-02,0.850989,-8.84104063e-02,2.66832442e-03
1.359000,2.01764001e-02,1.26764001e-02,0.845093,-8.84388993e-02,2.82053824e-03
1.360000,2.00879524e-02,1.25879524e-02,0.839197,-8.84477117e-02,2.78359879e-03
1.361000,1.99995393e-02,1.24995393e-02,0.833303,-8.84130671e-02,2.73048672e-03
1.362000,1.99111394e-02,1.24111394e-02,0.827409,-8.83999463e-02,2.75369432e-03
1.363000,1.98227392e-02,1.23227392e-02,0.821516,-8.84001642e-02,2.90876093e-03
1.364000,1.97343739e-02,1.22343739e-02,0.815625,-8.83653387e-02,2.80487562e-03
1.365000,1.96460759e-02,1.21460759e-02,0.809738,-8.82979579e-02,2.88604754e-03
1.366000,1.95578256e-02,1.20578256e-02,0.803855,-8.82503402e-02,2.88995663e-03
1.367000,1.94696502e-02,1.19696502e-02,0.797977,-8.81753732e-02,2.86667792e-03
1.368000,1.93815469e-02,1.18815469e-02,0.792103,-8.81032389e-02,2.80921263e-03
1.369000,1.92934980e-02,1.17934980e-02,0.786233,-8.80489119e-02,2.73181900e-03
1.370000,1.92054709e-02,1.17054709e-02,0.780365,-8.80271435e-02,2.79548137e-03
1.371000,1.91174514e-02,1.16174514e-02,0.774497,-8.80195343e-02,2.81856472e-03
1.372000,1.90294644e-02,1.15294644e-02,0.768631,-8.79869354e-02,2.75694628e-03
1.373000,1.89415068e-02,1.14415068e-02,0.762767,-8.79576522e-02,2.78424200e-03
1.374000,1.88535630e-02,1.13535630e-02,0.756904,-8.79437784e-02,2.83827275e-03
1.375000,1.87656516e-02,1.12656516e-02,0.751043,-8.79113856e-02,2.78547091e-03
1.376000,1.86777810e-02,1.11777810e-02,0.745185,-8.78705856e-02,2.90537374e-03
1.377000,1.85899551e-02,1.10899551e-02,0.739330,-8.78259231e-02,2.98701515e-03
1.378000,1.85022277e-02,1.10022277e-02,0.733482,-8.77274454e-02,2.91583638e-03
1.379000,1.84146129e-02,1.09146129e-02,0.727641,-8.76147426e-02,2.82050312e-03
1.380000,1.83270706e-02,1.08270706e-02,0.721805,-8.75422745e-02,2.81079020e-03
1.381000,1.82395678e-02,1.07395678e-02,0.715971,-8.75028330e-02,2.79704120e-03
1.382000,1.81520988e-02,1.06520988e-02,0.710140,-8.74690126e-02,2.73824708e-03
1.383000,1.80646487e-02,1.05646487e-02,0.704310,-8.74501048e-02,2.78498083e-03
1.384000,1.79772064e-02,1.04772064e-02,0.698480,-8.74422414e-02,2.82232025e-03
1.385000,1.78897940e-02,1.03897940e-02,0.692653,-8.74124270e-02,2.71238680e-03
1.386000,1.78024042e-02,1.03024042e-02,0.686827,-8.73897902e-02,2.82044527e-03
1.387000,1.77150201e-02,1.02150201e-02,0.681001,-8.73841483e-02,2.85782545e-03
1.388000,1.76276837e-02,1.01276837e-02,0.675179,-8.73364081e-02,2.90446012e-03
1.389000,1.75404155e-02,1.00404155e-02,0.669361,-8.72681448e-02,2.90226788e-03
1.390000,1.74532306e-02,9.95323060e-03,0.663549,-8.71849538e-02,2.92228578e-03
1.391000,1.73661316e-02,9.86613160e-03,0.657742,-8.70989427e-02,2.86365050e-03
1.392000,1.72791149e-02,9.77911490e-03,0.651941,-8.70167264e-02,2.87509175e-03
1.393000,1.71921632e-02,9.69216320e-03,0.646144,-8.69517436e-02,2.92283932e-03
1.394000,1.71052886e-02,9.60528860e-03,0.640353,-8.68745597e-02,2.86115519e-03
1.395000,1.70184960e-02,9.51849600e-03,0.634566,-8.67926030e-02,2.74566027e-03
1.396000,1.69317447e-02,9.43174470e-03,0.628783,-8.67513282e-02,2.74820827e-03
1.397000,1.68449971e-02,9.34499710e-03,0.623000,-8.67475330e-02,2.83683434e-03
1.398000,1.67582699e-02,9.25826990e-03,0.617218,-8.67272286e-02,2.79418213e-03
1.399000,1.66715845e-02,9.17158450e-03,0.611439,-8.66853606e-02,2.81756131e-03
1.400000,1.65849312e-02,9.08493120e-03,0.605662,-8.66533658e-02,2.92550984e-03
1.401000,1.64983366e-02,8.99833660e-03,0.599889,-8.65946035e-02,2.99557572e-03
1.402000,1.64118486e-02,8.91184860e-03,0.594123,-8.64879989e-02,2.92103590e-03
1.403000,1.63254770e-02,8.82547700e-03,0.588365,-8.63715652e-02,2.97491354e-03
1.404000,1.62392069e-02,8.73920690e-03,0.582614,-8.62700838e-02,2.97469874e-03
1.405000,1.61530560e-02,8.65305600e-03,0.576870,-8.61509462e-02,2.86885543e-03
1.406000,1.60670054e-02,8.56700540e-03,0.571134,-8.60505963e-02,2.86786948e-03
1.407000,1.59810202e-02,8.48102020e-03,0.565401,-8.59851813e-02,2.84585787e-03
1.408000,1.58950962e-02,8.39509620e-03,0.559673,-8.59239826e-02,2.79006717e-03
1.409000,1.58092163e-02,8.30921630e-03,0.553948,-8.58798788e-02,2.78937984e-03
1.410000,1.57233621e-02,8.22336210e-03,0.548224,-8.58542191e-02,2.90323519e-03
1.411000,1.56375535e-02,8.13755350e-03,0.542504,-8.58086510e-02,2.88730591e-03
1.412000,1.55518250e-02,8.05182500e-03,0.536788,-8.57285081e-02,2.85791259e-03
1.413000,1.54661662e-02,7.96616620e-03,0.531078,-8.56587944e-02,2.87747283e-03
1.414000,1.53805709e-02,7.88057090e-03,0.525371,-8.55952749e-02,2.97189719e-03
1.415000,1.52950623e-02,7.79506230e-03,0.519671,-8.55086337e-02,2.93317041e-03
1.416000,1.52096644e-02,7.70966440e-03,0.513978,-8.53978305e-02,3.01022824e-03
1.417000,1.51243783e-02,7.62437830e-03,0.508292,-8.52861190e-02,3.00637663e-03
1.418000,1.50392285e-02,7.53922850e-03,0.502615,-8.51497816e-02,2.95545202e-03
1.419000,1.49542048e-02,7.45420480e-03,0.496947,-8.50237146e-02,2.98019719e-03
1.420000,1.48692948e-02,7.36929480e-03,0.491286,-8.49099960e-02,2.91107950e-03
1.421000,1.47844944e-02,7.28449440e-03,0.485633,-8.48003735e-02,2.84564498e-03
1.422000,1.46997694e-02,7.19976940e-03,0.479985,-8.47250217e-02,2.84791286e-03
1.423000,1.46150987e-02,7.11509870e-03,0.474340,-8.46707584e-02,2.93316033e-03
1.424000,1.45304980e-02,7.03049800e-03,0.468700,-8.46006753e-02,2.90461513e-03
1.425000,1.44459903e-02,6.94599030e-03,0.463066,-8.45076436e-02,2.91219512e-03
1.426000,1.43615677e-02,6.86156770e-03,0.457438,-8.44226460e-02,3.02797478e-03
1.427000,1.42772530e-02,6.77725300e-03,0.451817,-8.43146848e-02,3.11529866e-03
1.428000,1.41930998e-02,6.69309980e-03,0.446207,-8.41532575e-02,3.01388216e-03
1.429000,1.41091187e-02,6.60911870e-03,0.440608,-8.39810862e-02,3.09942004e-03
1.430000,1.40252916e-02,6.52529160e-03,0.435019,-8.38270951e-02,3.08137131e-03
1.431000,1.39416434e-02,6.44164340e-03,0.429443,-8.36482038e-02,2.98358167e-03
1.432000,1.38581508e-02,6.35815080e-03,0.423877,-8.34925330e-02,3.00572075e-03
1.433000,1.37747858e-02,6.27478580e-03,0.418319,-8.33650627e-02,2.96511737e-03
1.434000,1.36915483e-02,6.19154830e-03,0.412770,-8.32375019e-02,2.84796506e-03
1.435000,1.36084043e-02,6.10840430e-03,0.407227,-8.31439929e-02,2.94170165e-03
1.436000,1.35253319e-02,6.02533190e-03,0.401689,-8.30723822e-02,3.06861712e-03
1.437000,1.34423844e-02,5.94238440e-03,0.396159,-8.29475435e-02,2.92398618e-03
1.438000,1.33595778e-02,5.85957780e-03,0.390639,-8.28066001e-02,3.05860184e-03
1.439000,1.32768884e-02,5.77688840e-03,0.385126,-8.26893505e-02,3.08498171e-03
1.440000,1.31943652e-02,5.69436520e-03,0.379624,-8.25232260e-02,3.11069994e-03
1.441000,1.31120213e-02,5.61202130e-03,0.374135,-8.23438901e-02,3.06794396e-03
1.442000,1.30298576e-02,5.52985760e-03,0.368657,-8.21636688e-02,3.17479132e-03
1.443000,1.29478790e-02,5.44787900e-03,0.363192,-8.19785944e-02,3.11206374e-03
1.444000,1.28661095e-02,5.36610950e-03,0.357741,-8.17695225e-02,3.16086854e-03
1.445000,1.27845371e-02,5.28453710e-03,0.352302,-8.15724206e-02,3.17211264e-03
1.446000,1.27031798e-02,5.20317980e-03,0.346879,-8.13573021e-02,3.06235218e-03
1.447000,1.26220219e-02,5.12202190e-03,0.341468,-8.11579008e-02,2.94595013e-03
1.448000,1.25410068e-02,5.04100680e-03,0.336067,-8.10151309e-02,3.07286967e-03
1.449000,1.24601186e-02,4.96011860e-03,0.330675,-8.08881449e-02,3.18596946e-03
1.450000,1.23794191e-02,4.87941910e-03,0.325295,-8.06994761e-02,3.04876396e-03
1.451000,1.22989212e-02,4.79892120e-03,0.319928,-8.04979269e-02,3.06655821e-03
1.452000,1.22185829e-02,4.71858290e-03,0.314572,-8.03382914e-02,3.08259959e-03
1.453000,1.21384129e-02,4.63841290e-03,0.309228,-8.01699752e-02,3.23503439e-03
1.454000,1.20584435e-02,4.55844350e-03,0.303896,-7.99694344e-02,3.42712046e-03
1.455000,1.19787586e-02,4.47875860e-03,0.298584,-7.96848635e-02,3.24977390e-03
1.456000,1.18993901e-02,4.39939010e-03,0.293293,-7.93685704e-02,3.31813897e-03
1.457000,1.18202916e-02,4.32029160e-03,0.288019,-7.90984309e-02,3.25487684e-03
1.458000,1.17414746e-02,4.24147460e-03,0.282765,-7.88170265e-02,3.21314812e-03
1.459000,1.16629108e-02,4.16291080e-03,0.277527,-7.85637777e-02,3.21891410e-03
1.460000,1.15845876e-02,4.08458760e-03,0.272306,-7.83232135e-02,3.24248428e-03
1.461000,1.15065110e-02,4.00651100e-03,0.267101,-7.80765875e-02,3.11725222e-03
1.462000,1.14286667e-02,3.92866670e-03,0.261911,-7.78443667e-02,3.27458221e-03
1.463000,1.13510412e-02,3.85104120e-03,0.256736,-7.76254518e-02,3.40571713e-03
1.464000,1.12737095e-02,3.77370950e-03,0.251581,-7.73316777e-02,3.23878311e-03
1.465000,1.11966852e-02,3.69668520e-03,0.246446,-7.70243574e-02,3.24953837e-03
1.466000,1.11199152e-02,3.61991520e-03,0.241328,-7.67699587e-02,3.28728821e-03
1.467000,1.10434099e-02,3.54340990e-03,0.236227,-7.65053522e-02,3.36538984e-03
1.468000,1.09671953e-02,3.46719530e-03,0.231146,-7.62145367e-02,3.47226033e-03
1.469000,1.08913162e-02,3.39131620e-03,0.226088,-7.58791726e-02,3.46307492e-03
1.470000,1.08158058e-02,3.31580580e-03,0.221054,-7.55103350e-02,3.48420414e-03
1.471000,1.07406650e-02,3.24066500e-03,0.216044,-7.51407775e-02,3.41637473e-03
1.472000,1.06658888e-02,3.16588880e-03,0.211059,-7.47762758e-02,3.54431936e-03
1.473000,1.05914773e-02,3.09147730e-03,0.206098,-7.44114246e-02,3.46056223e-03
1.474000,1.05174580e-02,3.01745800e-03,0.201164,-7.40193661e-02,3.50537341e-03
1.475000,1.04438111e-02,2.94381110e-03,0.196254,-7.36468903e-02,3.44364492e-03
1.476000,1.03705405e-02,2.87054050e-03,0.191369,-7.32706138e-02,3.30318868e-03
1.477000,1.02976010e-02,2.79760100e-03,0.186507,-7.29394480e-02,3.54029259e-03
1.478000,1.02249885e-02,2.72498850e-03,0.181666,-7.26124809e-02,3.63451516e-03
1.479000,1.01527976e-02,2.65279760e-03,0.176853,-7.21909832e-02,3.47679820e-03
1.480000,1.00810311e-02,2.58103110e-03,0.172069,-7.17664318e-02,3.51539177e-03
1.481000,1.00096443e-02,2.50964430e-03,0.167310,-7.13868522e-02,3.64184278e-03
1.482000,9.93867204e-03,2.43867204e-03,0.162578,-7.09722365e-02,3.86113993e-03
1.483000,9.86819473e-03,2.36819473e-03,0.157880,-7.04773121e-02,3.97462170e-03
1.484000,9.79830443e-03,2.29830443e-03,0.153220,-6.98902993e-02,3.88604616e-03
1.485000,9.72902275e-03,2.22902275e-03,0.148602,-6.92816809e-02,3.64300398e-03
1.486000,9.66027762e-03,2.16027762e-03,0.144019,-6.87451314e-02,3.89529508e-03
1.487000,9.59203384e-03,2.09203384e-03,0.139469,-6.82437857e-02,3.98147758e-03
1.488000,9.52438949e-03,2.02438949e-03,0.134959,-6.76443434e-02,3.90370503e-03
1.489000,9.45735914e-03,1.95735914e-03,0.130491,-6.70303507e-02,3.87780704e-03
1.490000,9.39091266e-03,1.89091266e-03,0.126061,-6.64464794e-02,3.84453239e-03
1.491000,9.32503566e-03,1.82503566e-03,0.121669,-6.58769977e-02,3.87575264e-03
1.492000,9.25972274e-03,1.75972274e-03,0.117315,-6.53129229e-02,3.82183263e-03
1.493000,9.19497461e-03,1.69497461e-03,0.112998,-6.47481300e-02,4.11413970e-03
1.494000,9.13082526e-03,1.63082526e-03,0.108722,-6.41493541e-02,4.25202427e-03
1.495000,9.06739506e-03,1.56739506e-03,0.104493,-6.34301968e-02,4.09701276e-03
1.496000,9.00470189e-03,1.50470189e-03,0.100313,-6.26931682e-02,3.90044680e-03
1.497000,8.94266008e-03,1.44266008e-03,0.096177,-6.20418082e-02,4.30466909e-03
1.498000,8.88127656e-03,1.38127656e-03,0.092085,-6.13835212e-02,4.29248291e-03
1.499000,8.82068193e-03,1.32068193e-03,0.088045,-6.05946365e-02,4.29997198e-03
1.500000,8.76087350e-03,1.26087350e-03,0.084058,-5.98084296e-02,4.42532510e-03
1.501000,8.70187590e-03,1.20187590e-03,0.080125,-5.89975959e-02,4.36056160e-03
1.502000,8.64371885e-03,1.14371885e-03,0.076248,-5.81570471e-02,4.19404521e-03
1.503000,8.58635164e-03,1.08635164e-03,0.072423,-5.73672141e-02,4.39150566e-03
1.504000,8.52975449e-03,1.02975449e-03,0.068650,-5.65971489e-02,4.59110968e-03
1.505000,8.47402755e-03,9.74027550e-04,0.064935,-5.57269370e-02,4.81354194e-03
1.506000,8.41927572e-03,9.19275720e-04,0.061285,-5.47518375e-02,4.92085714e-03
1.507000,8.36559101e-03,8.65591010e-04,0.057706,-5.36847104e-02,4.91699448e-03
1.508000,8.31300798e-03,8.13007980e-04,0.054201,-5.25830225e-02,5.46685811e-03
1.509000,8.26162262e-03,7.61622620e-04,0.050775,-5.13853659e-02,5.60812253e-03
1.510000,8.21164047e-03,7.11640470e-04,0.047443,-4.99821448e-02,5.89674843e-03
1.511000,8.16315898e-03,6.63158980e-04,0.044211,-4.84814901e-02,5.97513474e-03
1.512000,8.11628680e-03,6.16286800e-04,0.041086,-4.68721846e-02,6.53695176e-03
1.513000,8.07114901e-03,5.71149010e-04,0.038077,-4.51377848e-02,7.28148408e-03
1.514000,8.02806180e-03,5.28061800e-04,0.035204,-4.30872136e-02,7.73358512e-03
1.515000,7.98734962e-03,4.87349620e-04,0.032490,-4.07121779e-02,7.89993891e-03
1.516000,7.94919037e-03,4.49190370e-04,0.029946,-3.81592477e-02,7.83499889e-03
1.517000,7.91362721e-03,4.13627210e-04,0.027575,-3.55631682e-02,7.84730514e-03
1.518000,7.88064097e-03,3.80640970e-04,0.025376,-3.29862399e-02,8.33042105e-03
1.519000,7.85032113e-03,3.50321130e-04,0.023355,-3.03198363e-02,8.82202662e-03
1.520000,7.82291329e-03,3.22913290e-04,0.021528,-2.74078353e-02,9.24638089e-03
1.521000,7.79865395e-03,2.98653950e-04,0.019910,-2.42593413e-02,9.36925197e-03
1.522000,7.77770420e-03,2.77704200e-04,0.018514,-2.09497547e-02,9.13535346e-03
1.523000,7.76006302e-03,2.60063020e-04,0.017338,-1.76411777e-02,8.99368808e-03
1.524000,7.74562855e-03,2.45628550e-04,0.016375,-1.44344684e-02,8.90922769e-03
1.525000,7.73433933e-03,2.34339330e-04,0.015623,-1.12892200e-02,8.76897810e-03
1.526000,7.72614282e-03,2.26142820e-04,0.015076,-8.19651127e-03,8.52554164e-03
1.527000,7.72094991e-03,2.20949910e-04,0.014730,-5.19291161e-03,8.19945880e-03
1.528000,7.71862298e-03,2.18622980e-04,0.014575,-2.32692422e-03,7.84642794e-03
1.529000,7.71899253e-03,2.18992530e-04,0.014600,3.69543116e-04,7.50307318e-03
1.530000,7.72188188e-03,2.21881880e-04,0.014792,2.88935139e-03,7.16667683e-03
1.531000,7.72711879e-03,2.27118790e-04,0.015141,5.23690888e-03,6.81639826e-03
1.532000,7.73453083e-03,2.34530830e-04,0.015635,7.41204593e-03,6.44052199e-03
1.533000,7.74393651e-03,2.43936510e-04,0.016262,9.40567673e-03,6.07109683e-03
1.534000,7.75514705e-03,2.55147050e-04,0.017010,1.12105354e-02,5.80585500e-03
1.535000,7.76799421e-03,2.67994210e-04,0.017866,1.28471643e-02,5.39422482e-03
1.536000,7.78231810e-03,2.82318100e-04,0.018821,1.43238917e-02,4.94293517e-03
1.537000,7.79790373e-03,2.97903730e-04,0.019860,1.55856279e-02,4.50722061e-03
1.538000,7.81452583e-03,3.14525830e-04,0.020968,1.66221027e-02,3.97899838e-03
1.539000,7.83194790e-03,3.31947900e-04,0.022130,1.74220721e-02,3.66736266e-03
1.540000,7.84994136e-03,3.49941360e-04,0.023329,1.79934560e-02,3.76099729e-03
1.541000,7.86842041e-03,3.68420410e-04,0.024561,1.84790524e-02,3.75147864e-03
1.542000,7.88741413e-03,3.87414130e-04,0.025828,1.89937166e-02,3.54638170e-03
1.543000,7.90688312e-03,4.06883120e-04,0.027126,1.94689856e-02,2.96570082e-03
1.544000,7.92665733e-03,4.26657330e-04,0.028444,1.97742107e-02,2.41713543e-03
1.545000,7.94644905e-03,4.46449050e-04,0.029763,1.97917239e-02,2.21577076e-03
1.546000,7.96604252e-03,4.66042520e-04,0.031070,1.95934709e-02,2.24682383e-03
1.547000,7.98537710e-03,4.85377100e-04,0.032358,1.93345782e-02,2.22616404e-03
1.548000,8.00445933e-03,5.04459330e-04,0.033631,1.90822303e-02,2.05912400e-03
1.549000,8.02325289e-03,5.23252890e-04,0.034884,1.87935582e-02,1.88992905e-03
1.550000,8.04167300e-03,5.41673000e-04,0.036112,1.84201074e-02,1.72499692e-03
1.551000,8.05963492e-03,5.59634920e-04,0.037309,1.79619241e-02,1.51316339e-03
1.552000,8.07704703e-03,5.77047030e-04,0.038470,1.74121143e-02,1.28644317e-03
1.553000,8.09379968e-03,5.93799680e-04,0.039587,1.67526421e-02,1.27457236e-03
1.554000,8.10981629e-03,6.09816290e-04,0.040654,1.60166125e-02,1.35856098e-03
1.555000,8.12510782e-03,6.25107820e-04,0.041674,1.52915367e-02,1.44309069e-03
1.556000,8.13971682e-03,6.39716820e-04,0.042648,1.46089922e-02,1.24769757e-03
1.557000,8.15363647e-03,6.53636470e-04,0.043576,1.39196555e-02,1.11647759e-03
1.558000,8.16677942e-03,6.66779420e-04,0.044452,1.31429439e-02,1.13390670e-03
1.559000,8.17910564e-03,6.79105640e-04,0.045274,1.23262199e-02,1.23201960e-03
1.560000,8.19063821e-03,6.90638210e-04,0.046043,1.15325700e-02,1.29256911e-03
1.561000,8.20142006e-03,7.01420060e-04,0.046761,1.07818493e-02,1.26924358e-03
1.562000,8.21146694e-03,7.11466940e-04,0.047431,1.00468892e-02,1.24451419e-03
1.563000,8.22076684e-03,7.20766840e-04,0.048051,9.29989548e-03,1.25024269e-03
1.564000,8.22931263e-03,7.29312630e-04,0.048621,8.54579330e-03,1.30736583e-03
1.565000,8.23711631e-03,7.37116310e-04,0.049141,7.80367403e-03,1.35461523e-03
1.566000,8.24420498e-03,7.44204980e-04,0.049614,7.08867038e-03,1.37913708e-03
1.567000,8.25059850e-03,7.50598500e-04,0.050040,6.39352056e-03,1.39591269e-03
1.568000,8.25630789e-03,7.56307890e-04,0.050421,5.70939066e-03,1.35846130e-03
1.569000,8.26133204e-03,7.61332040e-04,0.050755,5.02414726e-03,1.33556800e-03
1.570000,8.26565459e-03,7.65654590e-04,0.051044,4.32255584e-03,1.35580648e-03
1.571000,8.26927162e-03,7.69271620e-04,0.051285,3.61702487e-03,1.41023027e-03
1.572000,8.27219938e-03,7.72199380e-04,0.051480,2.92776475e-03,1.47008208e-03
1.573000,8.27446634e-03,7.74466340e-04,0.051631,2.26696235e-03,1.51938112e-03
1.574000,8.27610088e-03,7.76100880e-04,0.051740,1.63453416e-03,1.55858967e-03
1.575000,8.27712611e-03,7.77126110e-04,0.051808,1.02523010e-03,1.59780336e-03
1.576000,8.27756185e-03,7.77561850e-04,0.051837,4.35737225e-04,1.64335659e-03
1.577000,8.27742902e-03,7.77429020e-04,0.051829,-1.32821712e-04,1.69373382e-03
1.578000,8.27675151e-03,7.76751510e-04,0.051783,-6.77511635e-04,1.74403594e-03
1.579000,8.27555475e-03,7.75554750e-04,0.051704,-1.19676155e-03,1.79141845e-03
1.580000,8.27386364e-03,7.73863640e-04,0.051591,-1.69111244e-03,1.83658280e-03
1.581000,8.27170172e-03,7.71701720e-04,0.051447,-2.16191539e-03,1.88158368e-03
1.582000,8.26909180e-03,7.69091800e-04,0.051273,-2.60992778e-03,1.92796316e-03
1.583000,8.26605684e-03,7.66056840e-04,0.051070,-3.03495952e-03,1.97361661e-03
1.584000,8.26262015e-03,7.62620150e-04,0.050841,-3.43668624e-03,2.01834802e-03
1.585000,8.25880464e-03,7.58804640e-04,0.050587,-3.81550944e-03,2.06193132e-03
1.586000,8.25463271e-03,7.54632710e-04,0.050309,-4.17193495e-03,2.10449769e-03
1.587000,8.25012619e-03,7.50126190e-04,0.050008,-4.50651967e-03,2.18055079e-03
1.588000,8.24531251e-03,7.45312510e-04,0.049688,-4.81367581e-03,2.24130105e-03
1.589000,8.24022740e-03,7.40227400e-04,0.049348,-5.08511198e-03,2.29042973e-03
1.590000,8.23489949e-03,7.34899490e-04,0.048993,-5.32790899e-03,2.32935915e-03
1.591000,8.22935180e-03,7.29351800e-04,0.048623,-5.54768718e-03,2.37421667e-03
1.592000,8.22360505e-03,7.23605050e-04,0.048240,-5.74674781e-03,2.43035814e-03
1.593000,8.21768391e-03,7.17683910e-04,0.047846,-5.92114857e-03,2.48035043e-03
1.594000,8.21161563e-03,7.11615630e-04,0.047441,-6.06827105e-03,2.52196425e-03
1.595000,8.20542402e-03,7.05424020e-04,0.047028,-6.19161637e-03,2.55869134e-03
1.596000,8.19912922e-03,6.99129220e-04,0.046609,-6.29480032e-03,2.59557657e-03
1.597000,8.19274982e-03,6.92749820e-04,0.046183,-6.37939981e-03,2.63425734e-03
1.598000,8.18630477e-03,6.86304770e-04,0.045754,-6.44504537e-03,2.68467439e-03
1.599000,8.17981570e-03,6.79815700e-04,0.045321,-6.48907189e-03,2.71430476e-03
1.600000,8.17330440e-03,6.73304400e-04,0.044887,-6.51130090e-03,2.73947335e-03
1.601000,8.16678505e-03,6.66785050e-04,0.044452,-6.51934807e-03,2.76816751e-03
1.602000,8.16027100e-03,6.60271000e-04,0.044018,-6.51405526e-03,2.80121938e-03
1.603000,8.15377750e-03,6.53777500e-04,0.043585,-6.49349400e-03,2.83746971e-03
1.604000,8.14732183e-03,6.47321830e-04,0.043155,-6.45566755e-03,2.89295875e-03
1.605000,8.14092571e-03,6.40925710e-04,0.042728,-6.39612333e-03,2.92158407e-03
1.606000,8.13461242e-03,6.34612420e-04,0.042307,-6.31329361e-03,2.93307605e-03
1.607000,8.12839339e-03,6.28393390e-04,0.041893,-6.21903068e-03,3.03024117e-03
1.608000,8.12228958e-03,6.22289580e-04,0.041486,-6.10381104e-03,3.07466510e-03
1.609000,8.11634075e-03,6.16340750e-04,0.041089,-5.94882505e-03,3.09673771e-03
1.610000,8.11056540e-03,6.10565400e-04,0.040704,-5.77534628e-03,3.10627684e-03
1.611000,8.10497247e-03,6.04972470e-04,0.040331,-5.59293165e-03,3.17659071e-03
1.612000,8.09957752e-03,5.99577520e-04,0.039972,-5.39495000e-03,3.21973833e-03
1.613000,8.09441128e-03,5.94411280e-04,0.039627,-5.16624605e-03,3.24076202e-03
1.614000,8.08949162e-03,5.89491620e-04,0.039299,-4.91965398e-03,3.26145699e-03
1.615000,8.08482913e-03,5.84829130e-04,0.038989,-4.66249773e-03,3.26965428e-03
1.616000,8.08043203e-03,5.80432030e-04,0.038695,-4.39709535e-03,3.27463282e-03
1.617000,8.07630391e-03,5.76303910e-04,0.038420,-4.12812045e-03,3.27955828e-03
1.618000,8.07244727e-03,5.72447270e-04,0.038163,-3.85663952e-03,3.28619495e-03
1.619000,8.06886490e-03,5.68864900e-04,0.037924,-3.58236737e-03,3.28772906e-03
1.620000,8.06555926e-03,5.65559260e-04,0.037704,-3.30564435e-03,3.30763335e-03
1.621000,8.06253436e-03,5.62534360e-04,0.037502,-3.02489766e-03,3.30143000e-03
1.622000,8.05979565e-03,5.59795650e-04,0.037320,-2.73871109e-03,3.27658093e-03
1.623000,8.05733669e-03,5.57336690e-04,0.037156,-2.45895607e-03,3.25710088e-03
1.624000,8.05514589e-03,5.55145890e-04,0.037010,-2.19080669e-03,3.24595695e-03
1.625000,8.05321486e-03,5.53214860e-04,0.036881,-1.93102553e-03,3.23825166e-03
1.626000,8.05153859e-03,5.51538590e-04,0.036769,-1.67626679e-03,3.22684777e-03
1.627000,8.05011254e-03,5.50112540e-04,0.036674,-1.42605524e-03,3.20968825e-03
1.628000,8.04892992e-03,5.48929920e-04,0.036595,-1.18262336e-03,3.18948737e-03
1.629000,8.04798152e-03,5.47981520e-04,0.036532,-9.48399231e-04,3.21105605e-03
1.630000,8.04726452e-03,5.47264520e-04,0.036484,-7.16995191e-04,3.19932688e-03
1.631000,8.04678394e-03,5.46783940e-04,0.036452,-4.80581847e-04,3.17386620e-03
1.632000,8.04653142e-03,5.46531420e-04,0.036435,-2.52522973e-04,3.14673607e-03
1.633000,8.04649379e-03,5.46493790e-04,0.036433,-3.76234278e-05,3.12526967e-03
1.634000,8.04665836e-03,5.46658360e-04,0.036444,1.64570083e-04,3.10794346e-03
1.635000,8.04701501e-03,5.47015010e-04,0.036468,3.56649761e-04,3.08945313e-03
1.636000,8.04755478e-03,5.47554780e-04,0.036504,5.39769444e-04,3.06685837e-03
1.637000,8.04826760e-03,5.48267600e-04,0.036551,7.12820994e-04,3.00211090e-03
1.638000,8.04913461e-03,5.49134610e-04,0.036609,8.67002221e-04,2.97240979e-03
1.639000,8.05012927e-03,5.50129270e-04,0.036675,9.94667102e-04,2.95816358e-03
1.640000,8.05123933e-03,5.51239330e-04,0.036749,1.11005841e-03,2.94488498e-03
1.641000,8.05245775e-03,5.52457750e-04,0.036831,1.21842288e-03,2.92394811e-03
1.642000,8.05377648e-03,5.53776480e-04,0.036918,1.31872400e-03,2.89733062e-03
1.643000,8.05518392e-03,5.55183920e-04,0.037012,1.40744214e-03,2.87168725e-03
1.644000,8.05666680e-03,5.56666800e-04,0.037111,1.48288395e-03,2.85078960e-03
1.645000,8.05821301e-03,5.58213010e-04,0.037214,1.54620858e-03,2.83091678e-03
1.646000,8.05981217e-03,5.59812170e-04,0.037321,1.59915582e-03,2.81545113e-03
1.647000,8.06145501e-03,5.61455010e-04,0.037430,1.64284161e-03,2.79983852e-03
1.648000,8.06313370e-03,5.63133700e-04,0.037542,1.67868733e-03,2.78163943e-03
1.649000,8.06483988e-03,5.64839880e-04,0.037656,1.70618732e-03,2.76253119e-03
1.650000,8.06656422e-03,5.66564220e-04,0.037771,1.72433139e-03,2.73582865e-03
1.651000,8.06829569e-03,5.68295690e-04,0.037886,1.73147798e-03,2.71307771e-03
1.652000,8.07002153e-03,5.70021530e-04,0.038001,1.72583180e-03,2.70987151e-03
1.653000,8.07173367e-03,5.71733670e-04,0.038116,1.71214689e-03,2.70988638e-03
1.654000,8.07343108e-03,5.73431080e-04,0.038229,1.69741165e-03,2.69993021e-03
1.655000,8.07511201e-03,5.75112010e-04,0.038341,1.68092065e-03,2.68423827e-03
1.656000,8.07677039e-03,5.76770390e-04,0.038451,1.65838496e-03,2.67296257e-03
1.657000,8.07839909e-03,5.78399090e-04,0.038560,1.62870182e-03,2.66559589e-03
1.658000,8.07999310e-03,5.79993100e-04,0.038666,1.59401285e-03,2.65866949e-03
1.659000,8.08154878e-03,5.81548780e-04,0.038770,1.55567970e-03,2.65304249e-03
1.660000,8.08306286e-03,5.83062860e-04,0.038871,1.51407674e-03,2.64694297e-03
1.661000,8.08453241e-03,5.84532410e-04,0.038969,1.46954717e-03,2.64110863e-03
1.662000,8.08595439e-03,5.85954390e-04,0.039064,1.42198268e-03,2.63602729e-03
1.663000,8.08732599e-03,5.87325990e-04,0.039155,1.37160352e-03,2.63198843e-03
1.664000,8.08864484e-03,5.88644840e-04,0.039243,1.31884135e-03,2.62883931e-03
1.665000,8.08990903e-03,5.89909030e-04,0.039327,1.26419587e-03,2.62627487e-03
1.666000,8.09111709e-03,5.91117090e-04,0.039408,1.20806269e-03,2.62413968e-03
1.667000,8.09226780e-03,5.92267800e-04,0.039485,1.15070971e-03,2.62273938e-03
1.668000,8.09336021e-03,5.93360210e-04,0.039557,1.09240788e-03,2.61988616e-03
1.669000,8.09439335e-03,5.94393350e-04,0.039626,1.03314161e-03,2.61933058e-03
1.670000,8.09536619e-03,5.95366190e-04,0.039691,9.72840058e-04,2.61993330e-03
1.671000,8.09627866e-03,5.96278660e-04,0.039752,9.12462627e-04,2.62100783e-03
1.672000,8.09713113e-03,5.97131130e-04,0.039809,8.52473155e-04,2.62211683e-03
1.673000,8.09792416e-03,5.97924160e-04,0.039862,7.93032688e-04,2.62333099e-03
1.674000,8.09865833e-03,5.98658330e-04,0.039911,7.34171145e-04,2.62494049e-03
1.675000,8.09933433e-03,5.99334330e-04,0.039956,6.75992973e-04,2.62708946e-03
1.676000,8.09995305e-03,5.99953050e-04,0.039997,6.18723405e-04,2.62968454e-03
1.677000,8.10051567e-03,6.00515670e-04,0.040034,5.62618503e-04,2.63254600e-03
1.678000,8.10102354e-03,6.01023540e-04,0.040068,5.07871881e-04,2.63557331e-03
1.679000,8.10147814e-03,6.01478140e-04,0.040099,4.54600351e-04,2.63877673e-03
1.680000,8.10188103e-03,6.01881030e-04,0.040125,4.02889524e-04,2.64220197e-03
1.681000,8.10223387e-03,6.02233870e-04,0.040149,3.52836464e-04,2.64585548e-03
1.682000,8.10253842e-03,6.02538420e-04,0.040169,3.04554387e-04,2.64969387e-03
1.683000,8.10279657e-03,6.02796570e-04,0.040186,2.58150950e-04,2.65366041e-03
1.684000,8.10301028e-03,6.03010280e-04,0.040201,2.13709538e-04,2.65771833e-03
1.685000,8.10318157e-03,6.03181570e-04,0.040212,1.71288397e-04,2.66185401e-03
1.686000,8.10331250e-03,6.03312500e-04,0.040221,1.30931286e-04,2.66605988e-03
1.687000,8.10340518e-03,6.03405180e-04,0.040227,9.26761535e-05,2.67032001e-03
1.688000,8.10346173e-03,6.03461730e-04,0.040231,5.65556476e-05,2.67460972e-03
1.689000,8.10348433e-03,6.03484330e-04,0.040232,2.25928207e-05,2.67890370e-03
1.690000,8.10347512e-03,6.03475120e-04,0.040232,-9.20185942e-06,2.68318232e-03
1.691000,8.10343629e-03,6.03436290e-04,0.040229,-3.88297059e-05,2.68743136e-03
1.692000,8.10336999e-03,6.03369990e-04,0.040225,-6.63009960e-05,2.69163814e-03
1.693000,8.10327836e-03,6.03278360e-04,0.040219,-9.16329158e-05,2.69578886e-03
1.694000,8.10316351e-03,6.03163510e-04,0.040211,-1.14849256e-04,2.69986883e-03
1.695000,8.10302753e-03,6.03027530e-04,0.040202,-1.35980942e-04,2.70386433e-03
1.696000,8.10287246e-03,6.02872460e-04,0.040191,-1.55066145e-04,2.70776377e-03
1.697000,8.10270031e-03,6.02700310e-04,0.040180,-1.72149593e-04,2.71155744e-03
1.698000,8.10251303e-03,6.02513030e-04,0.040168,-1.87281539e-04,2.71523665e-03
1.699000,8.10231252e-03,6.02312520e-04,0.040154,-2.00516959e-04,2.71879321e-03
1.700000,8.10210060e-03,6.02100600e-04,0.040140,-2.11915135e-04,2.72221955e-03
1.701000,8.10187906e-03,6.01879060e-04,0.040125,-2.21539373e-04,2.72550908e-03
1.702000,8.10164960e-03,6.01649600e-04,0.040110,-2.29456633e-04,2.72865637e-03
1.703000,8.10141387e-03,6.01413870e-04,0.040094,-2.35736999e-04,2.73165705e-03
1.704000,8.10117341e-03,6.01173410e-04,0.040078,-2.40453111e-04,2.73450756e-03
1.705000,8.10092973e-03,6.00929730e-04,0.040062,-2.43679676e-04,2.73720508e-03
1.706000,8.10068424e-03,6.00684240e-04,0.040046,-2.45493063e-04,2.73974750e-03
1.707000,8.10043827e-03,6.00438270e-04,0.040029,-2.45970946e-04,2.74213348e-03
1.708000,8.10019308e-03,6.00193080e-04,0.040013,-2.45191926e-04,2.74436243e-03
1.709000,8.09994984e-03,5.99949840e-04,0.039997,-2.43235149e-04,2.74643450e-03
1.710000,8.09970966e-03,5.99709660e-04,0.039981,-2.40179928e-04,2.74835042e-03
1.711000,8.09947356e-03,5.99473560e-04,0.039965,-2.36105401e-04,2.75011151e-03
1.712000,8.09924247e-03,5.99242470e-04,0.039949,-2.31090228e-04,2.75171964e-03
1.713000,8.09901726e-03,5.99017260e-04,0.039934,-2.25212305e-04,2.75317720e-03
1.714000,8.09879871e-03,5.98798710e-04,0.039920,-2.18548494e-04,2.75448705e-03
1.715000,8.09858753e-03,5.98587530e-04,0.039906,-2.11174368e-04,2.75565250e-03
1.716000,8.09838437e-03,5.98384370e-04,0.039892,-2.03163973e-04,2.75667725e-03
1.717000,8.09818978e-03,5.98189780e-04,0.039879,-1.94589610e-04,2.75756537e-03
1.718000,8.09800426e-03,5.98004260e-04,0.039867,-1.85521649e-04,2.75832123e-03
1.719000,8.09782823e-03,5.97828230e-04,0.039855,-1.76028351e-04,2.75894949e-03
1.720000,8.09766205e-03,5.97662050e-04,0.039844,-1.66175716e-04,2.75945507e-03
1.721000,8.09750603e-03,5.97506030e-04,0.039834,-1.56027344e-04,2.75984310e-03
1.722000,8.09736038e-03,5.97360380e-04,0.039824,-1.45644312e-04,2.76011890e-03
1.723000,8.09722530e-03,5.97225300e-04,0.039815,-1.35085073e-04,2.76028791e-03
1.724000,8.09710089e-03,5.97100890e-04,0.039807,-1.24405373e-04,2.76035571e-03
1.725000,8.09698723e-03,5.96987230e-04,0.039799,-1.13658177e-04,2.76032798e-03
1.726000,8.09688434e-03,5.96884340e-04,0.039792,-1.02893617e-04,2.76021043e-03
1.727000,8.09679218e-03,5.96792180e-04,0.039786,-9.21589533e-05,2.76000882e-03
1.728000,8.09671068e-03,5.96710680e-04,0.039781,-8.14985459e-05,2.75972893e-03
1.729000,8.09663973e-03,5.96639730e-04,0.039776,-7.09538453e-05,2.75937649e-03
1.730000,8.09657917e-03,5.96579170e-04,0.039772,-6.05633907e-05,2.75895723e-03
1.731000,8.09652880e-03,5.96528800e-04,0.039769,-5.03628235e-05,2.75847678e-03
1.732000,8.09648842e-03,5.96488420e-04,0.039766,-4.03849099e-05,2.75794073e-03
1.733000,8.09645776e-03,5.96457760e-04,0.039764,-3.06595753e-05,2.75735455e-03
1.734000,8.09643654e-03,5.96436540e-04,0.039762,-2.12139471e-05,2.75672360e-03
1.735000,8.09642447e-03,5.96424470e-04,0.039762,-1.20724072e-05,2.75605310e-03
1.736000,8.09642121e-03,5.96421210e-04,0.039761,-3.25665239e-06,2.75534814e-03
1.737000,8.09642643e-03,5.96426430e-04,0.039762,5.21423740e-06,2.75461366e-03
1.738000,8.09643975e-03,5.96439750e-04,0.039763,1.33237248e-05,2.75385442e-03
1.739000,8.09646081e-03,5.96460810e-04,0.039764,2.10577342e-05,2.75307500e-03
1.740000,8.09648922e-03,5.96489220e-04,0.039766,2.84045655e-05,2.75227981e-03
1.741000,8.09652457e-03,5.96524570e-04,0.039768,3.53548037e-05,2.75147306e-03
1.742000,8.09656647e-03,5.96566470e-04,0.039771,4.19012236e-05,2.75065875e-03
1.743000,8.09661451e-03,5.96614510e-04,0.039774,4.80386922e-05,2.74984070e-03
1.744000,8.09666827e-03,5.96668270e-04,0.039778,5.37640668e-05,2.74902250e-03
1.745000,8.09672735e-03,5.96727350e-04,0.039782,5.90760923e-05,2.74820756e-03
1.746000,8.09679133e-03,5.96791330e-04,0.039786,6.39752959e-05,2.74739904e-03
1.747000,8.09685979e-03,5.96859790e-04,0.039791,6.84638811e-05,2.74659991e-03
1.748000,8.09693233e-03,5.96932330e-04,0.039795,7.25456204e-05,2.74581294e-03
1.749000,8.09700856e-03,5.97008560e-04,0.039801,7.62257486e-05,2.74504067e-03
1.750000,8.09708807e-03,5.97088070e-04,0.039806,7.95108560e-05,2.74428543e-03
1.751000,8.09717048e-03,5.97170480e-04,0.039811,8.24087820e-05,2.74354936e-03
1.752000,8.09725541e-03,5.97255410e-04,0.039817,8.49285103e-05,2.74283438e-03
1.753000,8.09734249e-03,5.97342490e-04,0.039823,8.70800652e-05,2.74214222e-03
1.754000,8.09743136e-03,5.97431360e-04,0.039829,8.88744095e-05,2.74147442e-03
1.755000,8.09752169e-03,5.97521690e-04,0.039835,9.03233452e-05,2.74083232e-03
1.756000,8.09761313e-03,5.97613130e-04,0.039841,9.14394160e-05,2.74021708e-03
1.757000,8.09770536e-03,5.97705360e-04,0.039847,9.22358123e-05,2.73962968e-03
1.758000,8.09779809e-03,5.97798090e-04,0.039853,9.27262795e-05,2.73907094e-03
1.759000,8.09789101e-03,5.97891010e-04,0.039859,9.29250294e-05,2.73854150e-03
1.760000,8.09798386e-03,5.97983860e-04,0.039866,9.28466545e-05,2.73804185e-03
1.761000,8.09807637e-03,5.98076370e-04,0.039872,9.25060461e-05,2.73757232e-03
1.762000,8.09816828e-03,5.98168280e-04,0.039878,9.19183153e-05,2.73713312e-03
1.763000,8.09825938e-03,5.98259380e-04,0.039884,9.10987189e-05,2.73672430e-03
1.764000,8.09834945e-03,5.98349450e-04,0.039890,9.00625875e-05,2.73634580e-03
1.765000,8.09843827e-03,5.98438270e-04,0.039896,8.88252591e-05,2.73599741e-03
1.766000,8.09852567e-03,5.98525670e-04,0.039902,8.74020150e-05,2.73567885e-03
1.767000,8.09861148e-03,5.98611480e-04,0.039907,8.58080209e-05,2.73538969e-03
1.768000,8.09869554e-03,5.98695540e-04,0.039913,8.40582710e-05,2.73512944e-03
1.769000,8.09877771e-03,5.98777710e-04,0.039919,8.21675369e-05,2.73489751e-03
1.770000,8.09885786e-03,5.98857860e-04,0.039924,8.01503194e-05,2.73469322e-03
1.771000,8.09893588e-03,5.98935880e-04,0.039929,7.80208055e-05,2.73451582e-03
1.772000,8.09901167e-03,5.99011670e-04,0.039934,7.57928277e-05,2.73436449e-03
1.773000,8.09908515e-03,5.99085150e-04,0.039939,7.34798284e-05,2.73423837e-03
1.774000,8.09915624e-03,5.99156240e-04,0.039944,7.10948272e-05,2.73413651e-03
1.775000,8.09922490e-03,5.99224900e-04,0.039948,6.86503923e-05,2.73405796e-03
1.776000,8.09929105e-03,5.99291050e-04,0.039953,6.61586149e-05,2.73400169e-03
1.777000,8.09935469e-03,5.99354690e-04,0.039957,6.36310879e-05,2.73396666e-03
1.778000,8.09941576e-03,5.99415760e-04,0.039961,6.10788866e-05,2.73395180e-03
1.779000,8.09947428e-03,5.99474280e-04,0.039965,5.85125542e-05,2.73395602e-03
1.780000,8.09953022e-03,5.99530220e-04,0.039969,5.59420889e-05,2.73397822e-03
1.781000,8.09958360e-03,5.99583600e-04,0.039972,5.33769347e-05,2.73401727e-03
1.782000,8.09963442e-03,5.99634420e-04,0.039976,5.08259753e-05,2.73407206e-03
1.783000,8.09968272e-03,5.99682720e-04,0.039979,4.82975298e-05,2.73414146e-03
1.784000,8.09972852e-03,5.99728520e-04,0.039982,4.57993517e-05,2.73422438e-03
1.785000,8.09977186e-03,5.99771860e-04,0.039985,4.33386298e-05,2.73431969e-03
1.786000,8.09981278e-03,5.99812780e-04,0.039988,4.09219918e-05,2.73442630e-03
1.787000,8.09985133e-03,5.99851330e-04,0.039990,3.85555096e-05,2.73454316e-03
1.788000,8.09988758e-03,5.99887580e-04,0.039993,3.62447066e-05,2.73466919e-03
1.789000,8.09992157e-03,5.99921570e-04,0.039995,3.39945672e-05,2.73480337e-03
1.790000,8.09995338e-03,5.99953380e-04,0.039997,3.18095476e-05,2.73494470e-03
1.791000,8.09998308e-03,5.99983080e-04,0.039999,2.96935882e-05,2.73509220e-03
1.792000,8.10001073e-03,6.00010730e-04,0.040001,2.76501273e-05,2.73524493e-03
1.793000,8.10003641e-03,6.00036410e-04,0.040002,2.56821164e-05,2.73540198e-03
1.794000,8.10006020e-03,6.00060200e-04,0.040004,2.37920365e-05,2.73556247e-03
1.795000,8.10008218e-03,6.00082180e-04,0.040005,2.19819147e-05,2.73572557e-03
1.796000,8.10010244e-03,6.00102440e-04,0.040007,2.02533429e-05,2.73589047e-03
1.797000,8.10012104e-03,6.00121040e-04,0.040008,1.86074961e-05,2.73605642e-03
1.798000,8.10013809e-03,6.00138090e-04,0.040009,1.70451521e-05,2.73622269e-03
1.799000,8.10015366e-03,6.00153660e-04,0.040010,1.55667112e-05,2.73638861e-03
1.800000,8.10016783e-03,6.00167830e-04,0.040011,1.41722164e-05,2.73655352e-03
