# FeatFloWer certified run q2p1_dns_rundir_e4_l2 (particle_force.log, every CFD step)
# case=E4 level=L2 D/h=11.413 dt=0.001 s; quarter-box benchSym mesh, FBM Q2/P1, serial PE HardContactAndFluid, lubrication OFF
# columns: t_s, z_center_m, gap_m (=z_center-0.0075), h_over_d (=gap/0.015), u_z_mps, F_z_N (hydrodynamic force on the sphere, full-sphere value)
0.001000,1.27500000e-01,1.20000000e-01,8.000000,0.00000000e+00,0.00000000e+00
0.002000,1.27498599e-01,1.19998599e-01,7.999907,-1.40142857e-03,8.73378887e-04
0.003000,1.27495950e-01,1.19995950e-01,7.999730,-2.64840985e-03,1.43060394e-03
0.004000,1.27492440e-01,1.19992440e-01,7.999496,-3.51002140e-03,1.39471475e-03
0.005000,1.27488245e-01,1.19988245e-01,7.999216,-4.19497852e-03,1.12192410e-03
0.006000,1.27483305e-01,1.19983305e-01,7.998887,-4.93996216e-03,1.00524757e-03
0.007000,1.27477510e-01,1.19977510e-01,7.998501,-5.79516727e-03,1.10111902e-03
0.008000,1.27470838e-01,1.19970838e-01,7.998056,-6.67173691e-03,1.23859929e-03
0.009000,1.27463346e-01,1.19963346e-01,7.997556,-7.49250907e-03,1.30270033e-03
0.010000,1.27455089e-01,1.19955089e-01,7.997006,-8.25679511e-03,1.28882398e-03
0.011000,1.27446087e-01,1.19946087e-01,7.996406,-9.00248328e-03,1.27527723e-03
0.012000,1.27436331e-01,1.19936331e-01,7.995755,-9.75512425e-03,1.28459658e-03
0.013000,1.27425821e-01,1.19925821e-01,7.995055,-1.05105661e-02,1.32225318e-03
0.014000,1.27414565e-01,1.19914565e-01,7.994304,-1.12562883e-02,1.36220556e-03
0.015000,1.27402582e-01,1.19902582e-01,7.993505,-1.19825783e-02,1.38493336e-03
0.016000,1.27389890e-01,1.19889890e-01,7.992659,-1.26917282e-02,1.39651773e-03
0.017000,1.27376499e-01,1.19876499e-01,7.991767,-1.33913654e-02,1.40677550e-03
0.018000,1.27362413e-01,1.19862413e-01,7.990828,-1.40853841e-02,1.42918647e-03
0.019000,1.27347641e-01,1.19847641e-01,7.989843,-1.47720709e-02,1.44668863e-03
0.020000,1.27332193e-01,1.19832193e-01,7.988813,-1.54483025e-02,1.46827278e-03
0.021000,1.27316078e-01,1.19816078e-01,7.987739,-1.61149693e-02,1.47709732e-03
0.022000,1.27299305e-01,1.19799305e-01,7.986620,-1.67729869e-02,1.48600503e-03
0.023000,1.27281879e-01,1.19781879e-01,7.985459,-1.74265313e-02,1.50356202e-03
0.024000,1.27263805e-01,1.19763805e-01,7.984254,-1.80740454e-02,1.52100615e-03
0.025000,1.27245092e-01,1.19745092e-01,7.983006,-1.87127088e-02,1.54348515e-03
0.026000,1.27225750e-01,1.19725750e-01,7.981717,-1.93416681e-02,1.55519938e-03
0.027000,1.27205789e-01,1.19705789e-01,7.980386,-1.99611734e-02,1.55187881e-03
0.028000,1.27185212e-01,1.19685212e-01,7.979014,-2.05774188e-02,1.54429209e-03
0.029000,1.27164016e-01,1.19664016e-01,7.977601,-2.11960963e-02,1.55962736e-03
0.030000,1.27142201e-01,1.19642201e-01,7.976147,-2.18145536e-02,1.58476303e-03
0.031000,1.27119777e-01,1.19619777e-01,7.974652,-2.24235296e-02,1.61792389e-03
0.032000,1.27096759e-01,1.19596759e-01,7.973117,-2.30183865e-02,1.60145171e-03
0.033000,1.27073154e-01,1.19573154e-01,7.971544,-2.36052658e-02,1.58329519e-03
0.034000,1.27048953e-01,1.19548953e-01,7.969930,-2.42007656e-02,1.60377422e-03
0.035000,1.27024154e-01,1.19524154e-01,7.968277,-2.47986068e-02,1.62572836e-03
0.036000,1.26998769e-01,1.19498769e-01,7.966585,-2.53858401e-02,1.67981528e-03
0.037000,1.26972812e-01,1.19472812e-01,7.964854,-2.59562985e-02,1.66415325e-03
0.038000,1.26946300e-01,1.19446300e-01,7.963087,-2.65117637e-02,1.59329146e-03
0.039000,1.26919216e-01,1.19419216e-01,7.961281,-2.70849037e-02,1.60814357e-03
0.040000,1.26891537e-01,1.19391537e-01,7.959436,-2.76786893e-02,1.71074441e-03
0.041000,1.26863287e-01,1.19363287e-01,7.957552,-2.82494534e-02,1.71925593e-03
0.042000,1.26834502e-01,1.19334502e-01,7.955633,-2.87850167e-02,1.70921329e-03
0.043000,1.26805183e-01,1.19305183e-01,7.953679,-2.93195607e-02,1.68600639e-03
0.044000,1.26775321e-01,1.19275321e-01,7.951688,-2.98615066e-02,1.63520105e-03
0.045000,1.26744901e-01,1.19244901e-01,7.949660,-3.04200584e-02,1.70202364e-03
0.046000,1.26713918e-01,1.19213918e-01,7.947595,-3.09834787e-02,1.75053744e-03
0.047000,1.26682401e-01,1.19182401e-01,7.945493,-3.15163742e-02,1.68552060e-03
0.048000,1.26650357e-01,1.19150357e-01,7.943357,-3.20448346e-02,1.68793819e-03
0.049000,1.26617762e-01,1.19117762e-01,7.941184,-3.25942200e-02,1.76585218e-03
0.050000,1.26584633e-01,1.19084633e-01,7.938976,-3.31290332e-02,1.76718307e-03
0.051000,1.26550995e-01,1.19050995e-01,7.936733,-3.36380229e-02,1.73590862e-03
0.052000,1.26516843e-01,1.19016843e-01,7.934456,-3.41521061e-02,1.80988677e-03
0.053000,1.26482180e-01,1.18982180e-01,7.932145,-3.46633780e-02,1.81204032e-03
0.054000,1.26447030e-01,1.18947030e-01,7.929802,-3.51499736e-02,1.78929838e-03
0.055000,1.26411390e-01,1.18911390e-01,7.927426,-3.56398836e-02,1.74827160e-03
0.056000,1.26375245e-01,1.18875245e-01,7.925016,-3.61445175e-02,1.82711593e-03
0.057000,1.26338597e-01,1.18838597e-01,7.922573,-3.66486825e-02,1.87348514e-03
0.058000,1.26301478e-01,1.18801478e-01,7.920099,-3.71187540e-02,1.81386063e-03
0.059000,1.26263894e-01,1.18763894e-01,7.917593,-3.75841410e-02,1.79205202e-03
0.060000,1.26225821e-01,1.18725821e-01,7.915055,-3.80729662e-02,1.83124034e-03
0.061000,1.26187259e-01,1.18687259e-01,7.912484,-3.85620237e-02,1.86068324e-03
0.062000,1.26148226e-01,1.18648226e-01,7.909882,-3.90330045e-02,1.86332583e-03
0.063000,1.26108732e-01,1.18608732e-01,7.907249,-3.94938485e-02,1.89686590e-03
0.064000,1.26068784e-01,1.18568784e-01,7.904586,-3.99478935e-02,1.84865106e-03
0.065000,1.26028385e-01,1.18528385e-01,7.901892,-4.03994496e-02,1.83941804e-03
0.066000,1.25987516e-01,1.18487516e-01,7.899168,-4.08684730e-02,1.84390398e-03
0.067000,1.25946177e-01,1.18446177e-01,7.896412,-4.13397354e-02,1.84598132e-03
0.068000,1.25904367e-01,1.18404367e-01,7.893624,-4.18091571e-02,1.87475916e-03
0.069000,1.25862095e-01,1.18362095e-01,7.890806,-4.22728076e-02,1.91508376e-03
0.070000,1.25819375e-01,1.18319375e-01,7.887958,-4.27198760e-02,1.81837165e-03
0.071000,1.25776204e-01,1.18276204e-01,7.885080,-4.31708037e-02,1.86373871e-03
0.072000,1.25732558e-01,1.18232558e-01,7.882171,-4.36454705e-02,1.88075611e-03
0.073000,1.25688456e-01,1.18188456e-01,7.879230,-4.41022287e-02,1.88809207e-03
0.074000,1.25643904e-01,1.18143904e-01,7.876260,-4.45521008e-02,1.85038543e-03
0.075000,1.25598898e-01,1.18098898e-01,7.873260,-4.50062317e-02,1.89168112e-03
0.076000,1.25553432e-01,1.18053432e-01,7.870229,-4.54654434e-02,1.83162179e-03
0.077000,1.25507511e-01,1.18007511e-01,7.867167,-4.59217137e-02,1.94199380e-03
0.078000,1.25461132e-01,1.17961132e-01,7.864075,-4.63781904e-02,1.93178816e-03
0.079000,1.25414332e-01,1.17914332e-01,7.860955,-4.68002240e-02,1.95452622e-03
0.080000,1.25367111e-01,1.17867111e-01,7.857807,-4.72215883e-02,1.98083009e-03
0.081000,1.25319480e-01,1.17819480e-01,7.854632,-4.76308335e-02,1.96895752e-03
0.082000,1.25271446e-01,1.17771446e-01,7.851430,-4.80335397e-02,1.88289497e-03
0.083000,1.25222991e-01,1.17722991e-01,7.848199,-4.84553643e-02,1.99157787e-03
0.084000,1.25174105e-01,1.17674105e-01,7.844940,-4.88862337e-02,1.99187734e-03
0.085000,1.25124823e-01,1.17624823e-01,7.841655,-4.92813570e-02,1.98678214e-03
0.086000,1.25075146e-01,1.17575146e-01,7.838343,-4.96772830e-02,1.96107187e-03
0.087000,1.25025067e-01,1.17525067e-01,7.835004,-5.00794290e-02,1.97164327e-03
0.088000,1.24974578e-01,1.17474578e-01,7.831639,-5.04881491e-02,1.97595494e-03
0.089000,1.24923686e-01,1.17423686e-01,7.828246,-5.08926350e-02,1.95637453e-03
0.090000,1.24872387e-01,1.17372387e-01,7.824826,-5.12991674e-02,1.95572384e-03
0.091000,1.24820674e-01,1.17320674e-01,7.821378,-5.17122454e-02,1.93456396e-03
0.092000,1.24768545e-01,1.17268545e-01,7.817903,-5.21292790e-02,2.00741180e-03
0.093000,1.24716005e-01,1.17216005e-01,7.814400,-5.25403795e-02,1.90722336e-03
0.094000,1.24663060e-01,1.17163060e-01,7.810871,-5.29452728e-02,1.98683067e-03
0.095000,1.24609691e-01,1.17109691e-01,7.807313,-5.33689919e-02,1.99253918e-03
0.096000,1.24555925e-01,1.17055925e-01,7.803728,-5.37655573e-02,1.90896082e-03
0.097000,1.24501750e-01,1.17001750e-01,7.800117,-5.41750278e-02,1.99759119e-03
0.098000,1.24447154e-01,1.16947154e-01,7.796477,-5.45962734e-02,1.94253716e-03
0.099000,1.24392156e-01,1.16892156e-01,7.792810,-5.49981471e-02,2.01994611e-03
0.100000,1.24336751e-01,1.16836751e-01,7.789117,-5.54044125e-02,1.98099687e-03
0.101000,1.24280959e-01,1.16780959e-01,7.785397,-5.57921434e-02,2.08466234e-03
0.102000,1.24224785e-01,1.16724785e-01,7.781652,-5.61743337e-02,2.05949205e-03
0.103000,1.24168258e-01,1.16668258e-01,7.777884,-5.65269299e-02,1.96732489e-03
0.104000,1.24111354e-01,1.16611354e-01,7.774090,-5.69040910e-02,2.06073134e-03
0.105000,1.24054059e-01,1.16554059e-01,7.770271,-5.72950033e-02,2.06990463e-03
0.106000,1.23996405e-01,1.16496405e-01,7.766427,-5.76536174e-02,2.07847467e-03
0.107000,1.23938397e-01,1.16438397e-01,7.762560,-5.80077033e-02,2.06262408e-03
0.108000,1.23880035e-01,1.16380035e-01,7.758669,-5.83617777e-02,2.10902549e-03
0.109000,1.23821323e-01,1.16321323e-01,7.754755,-5.87128520e-02,2.05777916e-03
0.110000,1.23762265e-01,1.16262265e-01,7.750818,-5.90577498e-02,2.03250296e-03
0.111000,1.23702841e-01,1.16202841e-01,7.746856,-5.94239475e-02,2.01330236e-03
0.112000,1.23643039e-01,1.16143039e-01,7.742869,-5.98018417e-02,2.07728278e-03
0.113000,1.23582864e-01,1.16082864e-01,7.738858,-6.01747274e-02,1.99951751e-03
0.114000,1.23522324e-01,1.16022324e-01,7.734822,-6.05403529e-02,2.05178848e-03
0.115000,1.23461402e-01,1.15961402e-01,7.730760,-6.09222741e-02,2.03078878e-03
0.116000,1.23400111e-01,1.15900111e-01,7.726674,-6.12907423e-02,2.06788488e-03
0.117000,1.23338451e-01,1.15838451e-01,7.722563,-6.16595472e-02,1.99006480e-03
0.118000,1.23276422e-01,1.15776422e-01,7.718428,-6.20299307e-02,2.10799913e-03
0.119000,1.23214017e-01,1.15714017e-01,7.714268,-6.24050161e-02,2.07557843e-03
0.120000,1.23151269e-01,1.15651269e-01,7.710085,-6.27471034e-02,2.17255826e-03
0.121000,1.23088187e-01,1.15588187e-01,7.705879,-6.30826883e-02,2.14304844e-03
0.122000,1.23024795e-01,1.15524795e-01,7.701653,-6.33916420e-02,2.15917242e-03
0.123000,1.22961088e-01,1.15461088e-01,7.697406,-6.37074359e-02,2.09882499e-03
0.124000,1.22897059e-01,1.15397059e-01,7.693137,-6.40286062e-02,2.12143070e-03
0.125000,1.22832693e-01,1.15332693e-01,7.688846,-6.43655979e-02,2.11463499e-03
0.126000,1.22767997e-01,1.15267997e-01,7.684533,-6.46963674e-02,2.14559835e-03
0.127000,1.22702973e-01,1.15202973e-01,7.680198,-6.50238931e-02,2.09652832e-03
0.128000,1.22637623e-01,1.15137623e-01,7.675842,-6.53499274e-02,2.08089557e-03
0.129000,1.22571928e-01,1.15071928e-01,7.671462,-6.56948416e-02,2.01937336e-03
0.130000,1.22505873e-01,1.15005873e-01,7.667058,-6.60557693e-02,2.10659780e-03
0.131000,1.22439451e-01,1.14939451e-01,7.662630,-6.64214772e-02,2.15153332e-03
0.132000,1.22372701e-01,1.14872701e-01,7.658180,-6.67505929e-02,2.09690751e-03
0.133000,1.22305626e-01,1.14805626e-01,7.653708,-6.70746111e-02,2.05736804e-03
0.134000,1.22238202e-01,1.14738202e-01,7.649213,-6.74235613e-02,2.10176311e-03
0.135000,1.22170425e-01,1.14670425e-01,7.644695,-6.77776461e-02,2.13012423e-03
0.136000,1.22102313e-01,1.14602313e-01,7.640154,-6.81121356e-02,2.08092038e-03
0.137000,1.22033867e-01,1.14533867e-01,7.635591,-6.84460120e-02,2.18251208e-03
0.138000,1.21965089e-01,1.14465089e-01,7.631006,-6.87780823e-02,2.14030847e-03
0.139000,1.21896004e-01,1.14396004e-01,7.626400,-6.90842516e-02,2.21559401e-03
0.140000,1.21826613e-01,1.14326613e-01,7.621774,-6.93909678e-02,2.15063788e-03
0.141000,1.21756929e-01,1.14256929e-01,7.617129,-6.96844459e-02,2.17327228e-03
0.142000,1.21686934e-01,1.14186934e-01,7.612462,-6.99952539e-02,2.21502369e-03
0.143000,1.21616642e-01,1.14116642e-01,7.607776,-7.02912451e-02,2.20132206e-03
0.144000,1.21546066e-01,1.14046066e-01,7.603071,-7.05759475e-02,2.15559710e-03
0.145000,1.21475193e-01,1.13975193e-01,7.598346,-7.08732358e-02,2.08332919e-03
0.146000,1.21403995e-01,1.13903995e-01,7.593600,-7.11983205e-02,2.16538239e-03
0.147000,1.21332462e-01,1.13832462e-01,7.588831,-7.15326289e-02,2.19945403e-03
0.148000,1.21260628e-01,1.13760628e-01,7.584042,-7.18339646e-02,2.12475094e-03
0.149000,1.21188491e-01,1.13688491e-01,7.579233,-7.21373211e-02,2.09194281e-03
0.150000,1.21116020e-01,1.13616020e-01,7.574401,-7.24710130e-02,2.08627054e-03
0.151000,1.21043203e-01,1.13543203e-01,7.569547,-7.28164826e-02,2.23638593e-03
0.152000,1.20970066e-01,1.13470066e-01,7.564671,-7.31372689e-02,2.25670637e-03
0.153000,1.20896661e-01,1.13396661e-01,7.559777,-7.34051616e-02,2.26786712e-03
0.154000,1.20822997e-01,1.13322997e-01,7.554866,-7.36644070e-02,2.27078049e-03
0.155000,1.20749077e-01,1.13249077e-01,7.549938,-7.39194720e-02,2.19046276e-03
0.156000,1.20674889e-01,1.13174889e-01,7.544993,-7.41877834e-02,2.19619699e-03
0.157000,1.20600408e-01,1.13100408e-01,7.540027,-7.44814583e-02,2.20274489e-03
0.158000,1.20525636e-01,1.13025636e-01,7.535042,-7.47720921e-02,2.24168100e-03
0.159000,1.20450582e-01,1.12950582e-01,7.530039,-7.50536901e-02,2.19417664e-03
0.160000,1.20375251e-01,1.12875251e-01,7.525017,-7.53309014e-02,2.09398325e-03
0.161000,1.20299610e-01,1.12799610e-01,7.519974,-7.56414320e-02,2.18208482e-03
0.162000,1.20223640e-01,1.12723640e-01,7.514909,-7.59692879e-02,2.21105953e-03
0.163000,1.20147377e-01,1.12647377e-01,7.509825,-7.62630859e-02,2.16035709e-03
0.164000,1.20070821e-01,1.12570821e-01,7.504721,-7.65563345e-02,2.20215809e-03
0.165000,1.19993962e-01,1.12493962e-01,7.499597,-7.68588424e-02,2.14769003e-03
0.166000,1.19916805e-01,1.12416805e-01,7.494454,-7.71572543e-02,2.19085912e-03
0.167000,1.19839339e-01,1.12339339e-01,7.489289,-7.74659204e-02,2.28589803e-03
0.168000,1.19761595e-01,1.12261595e-01,7.484106,-7.77436025e-02,2.25744155e-03
0.169000,1.19683600e-01,1.12183600e-01,7.478907,-7.79951047e-02,2.31621832e-03
0.170000,1.19605355e-01,1.12105355e-01,7.473690,-7.82455583e-02,2.21559854e-03
0.171000,1.19526860e-01,1.12026860e-01,7.468457,-7.84945023e-02,2.27542661e-03
0.172000,1.19448094e-01,1.11948094e-01,7.463206,-7.87659114e-02,2.33263329e-03
0.173000,1.19369087e-01,1.11869087e-01,7.457939,-7.90075557e-02,2.25771173e-03
0.174000,1.19289843e-01,1.11789843e-01,7.452656,-7.92436615e-02,2.14537309e-03
0.175000,1.19210319e-01,1.11710319e-01,7.447355,-7.95242385e-02,2.21613819e-03
0.176000,1.19130490e-01,1.11630490e-01,7.442033,-7.98291952e-02,2.22806808e-03
0.177000,1.19050381e-01,1.11550381e-01,7.436692,-8.01088019e-02,2.19680263e-03
0.178000,1.18969991e-01,1.11469991e-01,7.431333,-8.03900196e-02,2.19547374e-03
0.179000,1.18889309e-01,1.11389309e-01,7.425954,-8.06817403e-02,2.17576663e-03
0.180000,1.18808332e-01,1.11308332e-01,7.420555,-8.09773824e-02,2.29191380e-03
0.181000,1.18727073e-01,1.11227073e-01,7.415138,-8.12589573e-02,2.40923200e-03
0.182000,1.18645591e-01,1.11145591e-01,7.409706,-8.14816414e-02,2.29413312e-03
0.183000,1.18563905e-01,1.11063905e-01,7.404260,-8.16861503e-02,2.33992145e-03
0.184000,1.18481985e-01,1.10981985e-01,7.398799,-8.19203623e-02,2.27307350e-03
0.185000,1.18399833e-01,1.10899833e-01,7.393322,-8.21513580e-02,2.28127215e-03
0.186000,1.18317430e-01,1.10817430e-01,7.387829,-8.24028577e-02,2.32511840e-03
0.187000,1.18234787e-01,1.10734787e-01,7.382319,-8.26439112e-02,2.24533445e-03
0.188000,1.18151902e-01,1.10651902e-01,7.376793,-8.28846738e-02,2.14842128e-03
0.189000,1.18068733e-01,1.10568733e-01,7.371249,-8.31687766e-02,2.24567824e-03
0.190000,1.17985266e-01,1.10485266e-01,7.365684,-8.34675084e-02,2.29215221e-03
0.191000,1.17901539e-01,1.10401539e-01,7.360103,-8.37260811e-02,2.19209870e-03
0.192000,1.17817552e-01,1.10317552e-01,7.354503,-8.39870844e-02,2.28123428e-03
0.193000,1.17733287e-01,1.10233287e-01,7.348886,-8.42651842e-02,2.31303219e-03
0.194000,1.17648779e-01,1.10148779e-01,7.343252,-8.45083874e-02,2.33318423e-03
0.195000,1.17564041e-01,1.10064041e-01,7.337603,-8.47375841e-02,2.32063970e-03
0.196000,1.17479079e-01,1.09979079e-01,7.331939,-8.49623808e-02,2.36490671e-03
0.197000,1.17393895e-01,1.09893895e-01,7.326260,-8.51834693e-02,2.32913316e-03
0.198000,1.17308499e-01,1.09808499e-01,7.320567,-8.53963459e-02,2.35839963e-03
0.199000,1.17222883e-01,1.09722883e-01,7.314859,-8.56157957e-02,2.35881851e-03
0.200000,1.17137058e-01,1.09637058e-01,7.309137,-8.58255598e-02,2.28678920e-03
0.201000,1.17051010e-01,1.09551010e-01,7.303401,-8.60479240e-02,2.20832651e-03
0.202000,1.16964702e-01,1.09464702e-01,7.297647,-8.63078189e-02,2.31409726e-03
0.203000,1.16878127e-01,1.09378127e-01,7.291875,-8.65747778e-02,2.33125720e-03
0.204000,1.16791323e-01,1.09291323e-01,7.286088,-8.68039654e-02,2.21339020e-03
0.205000,1.16704275e-01,1.09204275e-01,7.280285,-8.70483609e-02,2.28592436e-03
0.206000,1.16616956e-01,1.09116956e-01,7.274464,-8.73186388e-02,2.38558071e-03
0.207000,1.16529409e-01,1.09029409e-01,7.268627,-8.75474724e-02,2.42857760e-03
0.208000,1.16441673e-01,1.08941673e-01,7.262778,-8.77359737e-02,2.39962415e-03
0.209000,1.16353757e-01,1.08853757e-01,7.256917,-8.79154744e-02,2.40984103e-03
0.210000,1.16265655e-01,1.08765655e-01,7.251044,-8.81026770e-02,2.34058135e-03
0.211000,1.16177356e-01,1.08677356e-01,7.245157,-8.82987721e-02,2.30887764e-03
0.212000,1.16088833e-01,1.08588833e-01,7.239256,-8.85232195e-02,2.35663704e-03
0.213000,1.16000083e-01,1.08500083e-01,7.233339,-8.87496332e-02,2.31568146e-03
0.214000,1.15911115e-01,1.08411115e-01,7.227408,-8.89676045e-02,2.19824365e-03
0.215000,1.15821896e-01,1.08321896e-01,7.221460,-8.92197938e-02,2.22501658e-03
0.216000,1.15732390e-01,1.08232390e-01,7.215493,-8.95058169e-02,2.36807846e-03
0.217000,1.15642632e-01,1.08142632e-01,7.209509,-8.97577486e-02,2.35472392e-03
0.218000,1.15552667e-01,1.08052667e-01,7.203511,-8.99650581e-02,2.28132972e-03
0.219000,1.15462477e-01,1.07962477e-01,7.197498,-9.01897325e-02,2.27936570e-03
0.220000,1.15372038e-01,1.07872038e-01,7.191469,-9.04388579e-02,2.43516776e-03
0.221000,1.15281377e-01,1.07781377e-01,7.185425,-9.06610764e-02,2.39268104e-03
0.222000,1.15190538e-01,1.07690538e-01,7.179369,-9.08396406e-02,2.42162304e-03
0.223000,1.15099511e-01,1.07599511e-01,7.173301,-9.10270399e-02,2.46172302e-03
0.224000,1.15008313e-01,1.07508313e-01,7.167221,-9.11978430e-02,2.44932276e-03
0.225000,1.14916955e-01,1.07416955e-01,7.161130,-9.13576696e-02,2.35145007e-03
0.226000,1.14825416e-01,1.07325416e-01,7.155028,-9.15388762e-02,2.25173467e-03
0.227000,1.14733646e-01,1.07233646e-01,7.148910,-9.17698593e-02,2.32609926e-03
0.228000,1.14641626e-01,1.07141626e-01,7.142775,-9.20204399e-02,2.36818970e-03
0.229000,1.14549387e-01,1.07049387e-01,7.136626,-9.22391547e-02,2.27702545e-03
0.230000,1.14456927e-01,1.06956927e-01,7.130462,-9.24601679e-02,2.29677786e-03
0.231000,1.14364219e-01,1.06864219e-01,7.124281,-9.27076277e-02,2.41715786e-03
0.232000,1.14271292e-01,1.06771292e-01,7.118086,-9.29273127e-02,2.54302702e-03
0.233000,1.14178206e-01,1.06678206e-01,7.111880,-9.30852046e-02,2.40091114e-03
0.234000,1.14084980e-01,1.06584980e-01,7.105665,-9.32268907e-02,2.43819573e-03
0.235000,1.13991571e-01,1.06491571e-01,7.099438,-9.34086565e-02,2.46214876e-03
0.236000,1.13897997e-01,1.06397997e-01,7.093200,-9.35739416e-02,2.42963424e-03
0.237000,1.13804260e-01,1.06304260e-01,7.086951,-9.37371100e-02,2.37206399e-03
0.238000,1.13710339e-01,1.06210339e-01,7.080689,-9.39211373e-02,2.27642726e-03
0.239000,1.13616198e-01,1.06116198e-01,7.074413,-9.41409839e-02,2.27983414e-03
0.240000,1.13521806e-01,1.06021806e-01,7.068120,-9.43916365e-02,2.40347289e-03
0.241000,1.13427187e-01,1.05927187e-01,7.061812,-9.46193061e-02,2.38997410e-03
0.242000,1.13332378e-01,1.05832378e-01,7.055492,-9.48087580e-02,2.32850305e-03
0.243000,1.13237365e-01,1.05737365e-01,7.049158,-9.50135136e-02,2.33793026e-03
0.244000,1.13142128e-01,1.05642128e-01,7.042809,-9.52367901e-02,2.48185526e-03
0.245000,1.13046696e-01,1.05546696e-01,7.036446,-9.54315190e-02,2.55610441e-03
0.246000,1.12951130e-01,1.05451130e-01,7.030075,-9.55658507e-02,2.46269400e-03
0.247000,1.12855438e-01,1.05355438e-01,7.023696,-9.56923164e-02,2.41860382e-03
0.248000,1.12759581e-01,1.05259581e-01,7.017305,-9.58572563e-02,2.41938445e-03
0.249000,1.12663544e-01,1.05163544e-01,7.010903,-9.60365381e-02,2.39349899e-03
0.250000,1.12567324e-01,1.05067324e-01,7.004488,-9.62201411e-02,2.36499701e-03
0.251000,1.12470907e-01,1.04970907e-01,6.998060,-9.64172855e-02,2.31504287e-03
0.252000,1.12374274e-01,1.04874274e-01,6.991618,-9.66326242e-02,2.39879113e-03
0.253000,1.12277425e-01,1.04777425e-01,6.985162,-9.68495586e-02,2.44497115e-03
0.254000,1.12180394e-01,1.04680394e-01,6.978693,-9.70308225e-02,2.45999275e-03
0.255000,1.12083200e-01,1.04583200e-01,6.972213,-9.71942637e-02,2.47724662e-03
0.256000,1.11985850e-01,1.04485850e-01,6.965723,-9.73497205e-02,2.49640034e-03
0.257000,1.11888354e-01,1.04388354e-01,6.959224,-9.74961237e-02,2.54101792e-03
0.258000,1.11790725e-01,1.04290725e-01,6.952715,-9.76283464e-02,2.49140014e-03
0.259000,1.11692971e-01,1.04192971e-01,6.946198,-9.77546904e-02,2.41140893e-03
0.260000,1.11595059e-01,1.04095059e-01,6.939671,-9.79114752e-02,2.37312786e-03
0.261000,1.11496958e-01,1.03996958e-01,6.933131,-9.81012998e-02,2.35111986e-03
0.262000,1.11398650e-01,1.03898650e-01,6.926577,-9.83075884e-02,2.40251558e-03
0.263000,1.11300138e-01,1.03800138e-01,6.920009,-9.85120160e-02,2.43994441e-03
0.264000,1.11201445e-01,1.03701445e-01,6.913430,-9.86929456e-02,2.37883072e-03
0.265000,1.11102573e-01,1.03602573e-01,6.906838,-9.88723903e-02,2.34660345e-03
0.266000,1.11003495e-01,1.03503495e-01,6.900233,-9.90776047e-02,2.36855554e-03
0.267000,1.10904206e-01,1.03404206e-01,6.893614,-9.92895210e-02,2.53492852e-03
0.268000,1.10804741e-01,1.03304741e-01,6.886983,-9.94648067e-02,2.62824974e-03
0.269000,1.10705172e-01,1.03205172e-01,6.880345,-9.95689502e-02,2.49686079e-03
0.270000,1.10605506e-01,1.03105506e-01,6.873700,-9.96656803e-02,2.43821980e-03
0.271000,1.10505690e-01,1.03005690e-01,6.867046,-9.98159306e-02,2.47088933e-03
0.272000,1.10405711e-01,1.02905711e-01,6.860381,-9.99796621e-02,2.41499044e-03
0.273000,1.10305568e-01,1.02805568e-01,6.853705,-1.00142550e-01,2.45215568e-03
0.274000,1.10205251e-01,1.02705251e-01,6.847017,-1.00317223e-01,2.43961548e-03
0.275000,1.10104769e-01,1.02604769e-01,6.840318,-1.00481908e-01,2.30610442e-03
0.276000,1.10004095e-01,1.02504095e-01,6.833606,-1.00674322e-01,2.37030534e-03
0.277000,1.09903196e-01,1.02403196e-01,6.826880,-1.00899229e-01,2.51591414e-03
0.278000,1.09802118e-01,1.02302118e-01,6.820141,-1.01077302e-01,2.65536979e-03
0.279000,1.09700935e-01,1.02200935e-01,6.813396,-1.01182895e-01,2.66675453e-03
0.280000,1.09599695e-01,1.02099695e-01,6.806646,-1.01240674e-01,2.49351392e-03
0.281000,1.09498369e-01,1.01998369e-01,6.799891,-1.01325351e-01,2.40678628e-03
0.282000,1.09396887e-01,1.01896887e-01,6.793126,-1.01482259e-01,2.44241816e-03
0.283000,1.09295226e-01,1.01795226e-01,6.786348,-1.01661348e-01,2.42593205e-03
0.284000,1.09193394e-01,1.01693394e-01,6.779560,-1.01831651e-01,2.45581042e-03
0.285000,1.09091392e-01,1.01591392e-01,6.772759,-1.02002085e-01,2.46198920e-03
0.286000,1.08989230e-01,1.01489230e-01,6.765949,-1.02161613e-01,2.40353616e-03
0.287000,1.08886901e-01,1.01386901e-01,6.759127,-1.02329449e-01,2.38221617e-03
0.288000,1.08784381e-01,1.01284381e-01,6.752292,-1.02520252e-01,2.40812591e-03
0.289000,1.08681667e-01,1.01181667e-01,6.745444,-1.02713475e-01,2.57434527e-03
0.290000,1.08578798e-01,1.01078798e-01,6.738587,-1.02868795e-01,2.66543569e-03
0.291000,1.08475845e-01,1.00975845e-01,6.731723,-1.02953418e-01,2.48931173e-03
0.292000,1.08372806e-01,1.00872806e-01,6.724854,-1.03039270e-01,2.47102752e-03
0.293000,1.08269620e-01,1.00769620e-01,6.717975,-1.03186198e-01,2.52132417e-03
0.294000,1.08166289e-01,1.00666289e-01,6.711086,-1.03330236e-01,2.42131401e-03
0.295000,1.08062814e-01,1.00562814e-01,6.704188,-1.03475442e-01,2.48183917e-03
0.296000,1.07959171e-01,1.00459171e-01,6.697278,-1.03642789e-01,2.48286138e-03
0.297000,1.07855381e-01,1.00355381e-01,6.690359,-1.03790078e-01,2.43418587e-03
0.298000,1.07751435e-01,1.00251435e-01,6.683429,-1.03945640e-01,2.54974992e-03
0.299000,1.07647339e-01,1.00147339e-01,6.676489,-1.04096750e-01,2.48445752e-03
0.300000,1.07543117e-01,1.00043117e-01,6.669541,-1.04221454e-01,2.60295519e-03
0.301000,1.07438771e-01,9.99387710e-02,6.662585,-1.04346646e-01,2.63691504e-03
0.302000,1.07334344e-01,9.98343440e-02,6.655623,-1.04426916e-01,2.55715216e-03
0.303000,1.07229833e-01,9.97298330e-02,6.648656,-1.04510139e-01,2.46729712e-03
0.304000,1.07125198e-01,9.96251980e-02,6.641680,-1.04635446e-01,2.47133562e-03
0.305000,1.07020408e-01,9.95204080e-02,6.634694,-1.04789550e-01,2.35200741e-03
0.306000,1.06915445e-01,9.94154450e-02,6.627696,-1.04963428e-01,2.38725997e-03
0.307000,1.06810275e-01,9.93102750e-02,6.620685,-1.05170262e-01,2.47946666e-03
0.308000,1.06704926e-01,9.92049260e-02,6.613662,-1.05349213e-01,2.59643174e-03
0.309000,1.06599448e-01,9.90994480e-02,6.606630,-1.05477198e-01,2.53433707e-03
0.310000,1.06493871e-01,9.89938710e-02,6.599591,-1.05577750e-01,2.54616338e-03
0.311000,1.06388174e-01,9.88881740e-02,6.592545,-1.05696604e-01,2.48696746e-03
0.312000,1.06282352e-01,9.87823520e-02,6.585490,-1.05822042e-01,2.54442507e-03
0.313000,1.06176395e-01,9.86763950e-02,6.578426,-1.05956760e-01,2.62276038e-03
0.314000,1.06070336e-01,9.85703360e-02,6.571356,-1.06058755e-01,2.62352547e-03
0.315000,1.05964202e-01,9.84642020e-02,6.564280,-1.06134889e-01,2.42936244e-03
0.316000,1.05857956e-01,9.83579560e-02,6.557197,-1.06245107e-01,2.46805144e-03
0.317000,1.05751544e-01,9.82515440e-02,6.550103,-1.06412249e-01,2.49281134e-03
0.318000,1.05644982e-01,9.81449820e-02,6.542999,-1.06562307e-01,2.46047996e-03
0.319000,1.05538272e-01,9.80382720e-02,6.535885,-1.06709951e-01,2.60114466e-03
0.320000,1.05431429e-01,9.79314290e-02,6.528762,-1.06843337e-01,2.54720026e-03
0.321000,1.05324489e-01,9.78244890e-02,6.521633,-1.06940067e-01,2.56913373e-03
0.322000,1.05217438e-01,9.77174380e-02,6.514496,-1.07050635e-01,2.65924141e-03
0.323000,1.05110300e-01,9.76103000e-02,6.507353,-1.07138064e-01,2.63821855e-03
0.324000,1.05003100e-01,9.75031000e-02,6.500207,-1.07199619e-01,2.55472381e-03
0.325000,1.04895817e-01,9.73958170e-02,6.493054,-1.07282842e-01,2.46353608e-03
0.326000,1.04788408e-01,9.72884080e-02,6.485894,-1.07409613e-01,2.35165439e-03
0.327000,1.04680822e-01,9.71808220e-02,6.478721,-1.07586115e-01,2.55934602e-03
0.328000,1.04573059e-01,9.70730590e-02,6.471537,-1.07762634e-01,2.45981039e-03
0.329000,1.04465170e-01,9.69651700e-02,6.464345,-1.07888545e-01,2.49710785e-03
0.330000,1.04357130e-01,9.68571300e-02,6.457142,-1.08040549e-01,2.49585621e-03
0.331000,1.04248949e-01,9.67489490e-02,6.449930,-1.08180526e-01,2.62663281e-03
0.332000,1.04140652e-01,9.66406520e-02,6.442710,-1.08297787e-01,2.70980827e-03
0.333000,1.04032294e-01,9.65322940e-02,6.435486,-1.08357391e-01,2.66227576e-03
0.334000,1.03923896e-01,9.64238960e-02,6.428260,-1.08398084e-01,2.56087144e-03
0.335000,1.03815424e-01,9.63154240e-02,6.421028,-1.08472320e-01,2.49416007e-03
0.336000,1.03706832e-01,9.62068320e-02,6.413789,-1.08591656e-01,2.39961787e-03
0.337000,1.03598083e-01,9.60980830e-02,6.406539,-1.08749619e-01,2.46256733e-03
0.338000,1.03489155e-01,9.59891550e-02,6.399277,-1.08927500e-01,2.52497820e-03
0.339000,1.03380081e-01,9.58800810e-02,6.392005,-1.09073670e-01,2.59833879e-03
0.340000,1.03270895e-01,9.57708950e-02,6.384726,-1.09186371e-01,2.62791580e-03
0.341000,1.03161625e-01,9.56616250e-02,6.377442,-1.09269749e-01,2.69419964e-03
0.342000,1.03052294e-01,9.55522940e-02,6.370153,-1.09331691e-01,2.69287517e-03
0.343000,1.02942921e-01,9.54429210e-02,6.362861,-1.09372100e-01,2.62077300e-03
0.344000,1.02833496e-01,9.53334960e-02,6.355566,-1.09425693e-01,2.50353614e-03
0.345000,1.02723972e-01,9.52239720e-02,6.348265,-1.09523698e-01,2.50998142e-03
0.346000,1.02614313e-01,9.51143130e-02,6.340954,-1.09659066e-01,2.47523672e-03
0.347000,1.02504515e-01,9.50045150e-02,6.333634,-1.09798461e-01,2.44372114e-03
0.348000,1.02394560e-01,9.48945600e-02,6.326304,-1.09954840e-01,2.57388650e-03
0.349000,1.02284461e-01,9.47844610e-02,6.318964,-1.10098551e-01,2.61012802e-03
0.350000,1.02174268e-01,9.46742680e-02,6.311618,-1.10193105e-01,2.55062321e-03
0.351000,1.02063982e-01,9.45639820e-02,6.304265,-1.10286279e-01,2.59020093e-03
0.352000,1.01953590e-01,9.44535900e-02,6.296906,-1.10391997e-01,2.54488216e-03
0.353000,1.01843097e-01,9.43430970e-02,6.289540,-1.10492731e-01,2.64778283e-03
0.354000,1.01732507e-01,9.42325070e-02,6.282167,-1.10590151e-01,2.65639274e-03
0.355000,1.01621855e-01,9.41218550e-02,6.274790,-1.10652255e-01,2.63941654e-03
0.356000,1.01511140e-01,9.40111400e-02,6.267409,-1.10714533e-01,2.48811845e-03
0.357000,1.01400331e-01,9.39003310e-02,6.260022,-1.10809142e-01,2.49823210e-03
0.358000,1.01289379e-01,9.37893790e-02,6.252625,-1.10951650e-01,2.52695390e-03
0.359000,1.01178294e-01,9.36782940e-02,6.245220,-1.11085759e-01,2.58267594e-03
0.360000,1.01067093e-01,9.35670930e-02,6.237806,-1.11200580e-01,2.65159271e-03
0.361000,1.00955808e-01,9.34558080e-02,6.230387,-1.11284915e-01,2.74271999e-03
0.362000,1.00844478e-01,9.33444780e-02,6.222965,-1.11330501e-01,2.54373769e-03
0.363000,1.00733096e-01,9.32330960e-02,6.215540,-1.11381348e-01,2.65362739e-03
0.364000,1.00621618e-01,9.31216180e-02,6.208108,-1.11478111e-01,2.60838629e-03
0.365000,1.00510071e-01,9.30100710e-02,6.200671,-1.11546785e-01,2.59209629e-03
0.366000,1.00398438e-01,9.28984380e-02,6.193229,-1.11633197e-01,2.49563705e-03
0.367000,1.00286696e-01,9.27866960e-02,6.185780,-1.11742017e-01,2.49946784e-03
0.368000,1.00174814e-01,9.26748140e-02,6.178321,-1.11881838e-01,2.57920691e-03
0.369000,1.00062808e-01,9.25628080e-02,6.170854,-1.12006300e-01,2.60546597e-03
0.370000,9.99507080e-02,9.24507080e-02,6.163381,-1.12099931e-01,2.56289165e-03
0.371000,9.98385156e-02,9.23385156e-02,6.155901,-1.12192466e-01,2.63881945e-03
0.372000,9.97262300e-02,9.22262300e-02,6.148415,-1.12285557e-01,2.56049464e-03
0.373000,9.96138624e-02,9.21138624e-02,6.140924,-1.12367563e-01,2.65712746e-03
0.374000,9.95014042e-02,9.20014042e-02,6.133427,-1.12458204e-01,2.66585427e-03
0.375000,9.93888887e-02,9.18888887e-02,6.125926,-1.12515565e-01,2.65209260e-03
0.376000,9.92763162e-02,9.17763162e-02,6.118421,-1.12572495e-01,2.50300828e-03
0.377000,9.91636559e-02,9.16636559e-02,6.110910,-1.12660307e-01,2.46979200e-03
0.378000,9.90508529e-02,9.15508529e-02,6.103390,-1.12802955e-01,2.55099096e-03
0.379000,9.89379108e-02,9.14379108e-02,6.095861,-1.12942153e-01,2.61803195e-03
0.380000,9.88248679e-02,9.13248679e-02,6.088325,-1.13042828e-01,2.67306387e-03
0.381000,9.87117562e-02,9.12117562e-02,6.080784,-1.13111754e-01,2.75501185e-03
0.382000,9.85986081e-02,9.10986081e-02,6.073241,-1.13148116e-01,2.74661804e-03
0.383000,9.84854490e-02,9.09854490e-02,6.065697,-1.13159049e-01,2.65086692e-03
0.384000,9.83722594e-02,9.08722594e-02,6.058151,-1.13189670e-01,2.52204011e-03
0.385000,9.82589848e-02,9.07589848e-02,6.050599,-1.13274520e-01,2.53709232e-03
0.386000,9.81455858e-02,9.06455858e-02,6.043039,-1.13399017e-01,2.51627715e-03
0.387000,9.80320636e-02,9.05320636e-02,6.035471,-1.13522251e-01,2.48016756e-03
0.388000,9.79184049e-02,9.04184049e-02,6.027894,-1.13658706e-01,2.59240114e-03
0.389000,9.78046177e-02,9.03046177e-02,6.020308,-1.13787173e-01,2.63400072e-03
0.390000,9.76907463e-02,9.01907463e-02,6.012716,-1.13871425e-01,2.56601896e-03
0.391000,9.75767922e-02,9.00767922e-02,6.005119,-1.13954037e-01,2.65579665e-03
0.392000,9.74627491e-02,8.99627491e-02,5.997517,-1.14043098e-01,2.75298037e-03
0.393000,9.73486636e-02,8.98486636e-02,5.989911,-1.14085490e-01,2.72734224e-03
0.394000,9.72345631e-02,8.97345631e-02,5.982304,-1.14100498e-01,2.61914144e-03
0.395000,9.71204201e-02,8.96204201e-02,5.974695,-1.14143061e-01,2.58747959e-03
0.396000,9.70061933e-02,8.95061933e-02,5.967080,-1.14226757e-01,2.51263677e-03
0.397000,9.68918592e-02,8.93918592e-02,5.959457,-1.14334087e-01,2.59530690e-03
0.398000,9.67774079e-02,8.92774079e-02,5.951827,-1.14451377e-01,2.49916760e-03
0.399000,9.66628493e-02,8.91628493e-02,5.944190,-1.14558518e-01,2.51600984e-03
0.400000,9.65481551e-02,8.90481551e-02,5.936544,-1.14694255e-01,2.65550327e-03
0.401000,9.64333553e-02,8.89333553e-02,5.928890,-1.14799792e-01,2.78841475e-03
0.402000,9.63185193e-02,8.88185193e-02,5.921235,-1.14836013e-01,2.81634556e-03
0.403000,9.62036956e-02,8.87036956e-02,5.913580,-1.14823646e-01,2.69049605e-03
0.404000,9.60888713e-02,8.85888713e-02,5.905925,-1.14824360e-01,2.55076654e-03
0.405000,9.59739802e-02,8.84739802e-02,5.898265,-1.14891115e-01,2.52346770e-03
0.406000,9.58589716e-02,8.83589716e-02,5.890598,-1.15008586e-01,2.56774428e-03
0.407000,9.57438444e-02,8.82438444e-02,5.882923,-1.15127194e-01,2.61301128e-03
0.408000,9.56286211e-02,8.81286211e-02,5.875241,-1.15223255e-01,2.60998877e-03
0.409000,9.55133161e-02,8.80133161e-02,5.867554,-1.15304984e-01,2.60463832e-03
0.410000,9.53979275e-02,8.78979275e-02,5.859862,-1.15388652e-01,2.65416432e-03
0.411000,9.52824622e-02,8.77824622e-02,5.852164,-1.15465319e-01,2.58003072e-03
0.412000,9.51669233e-02,8.76669233e-02,5.844462,-1.15538831e-01,2.67497217e-03
0.413000,9.50513034e-02,8.75513034e-02,5.836754,-1.15619900e-01,2.73281800e-03
0.414000,9.49356439e-02,8.74356439e-02,5.829043,-1.15659559e-01,2.71257942e-03
0.415000,9.48199601e-02,8.73199601e-02,5.821331,-1.15683800e-01,2.50169310e-03
0.416000,9.47042081e-02,8.72042081e-02,5.813614,-1.15751980e-01,2.48623357e-03
0.417000,9.45883159e-02,8.70883159e-02,5.805888,-1.15892153e-01,2.53559387e-03
0.418000,9.44722873e-02,8.69722873e-02,5.798152,-1.16028674e-01,2.65969680e-03
0.419000,9.43561602e-02,8.68561602e-02,5.790411,-1.16127038e-01,2.72256547e-03
0.420000,9.42399867e-02,8.67399867e-02,5.782666,-1.16173527e-01,2.79598214e-03
0.421000,9.41238003e-02,8.66238003e-02,5.774920,-1.16186386e-01,2.82471168e-03
0.422000,9.40076303e-02,8.65076303e-02,5.767175,-1.16170053e-01,2.67139563e-03
0.423000,9.38914589e-02,8.63914589e-02,5.759431,-1.16171398e-01,2.60949373e-03
0.424000,9.37752248e-02,8.62752248e-02,5.751682,-1.16234040e-01,2.55839451e-03
0.425000,9.36588988e-02,8.61588988e-02,5.743927,-1.16326049e-01,2.56259204e-03
0.426000,9.35424647e-02,8.60424647e-02,5.736164,-1.16434096e-01,2.62006460e-03
0.427000,9.34259341e-02,8.59259341e-02,5.728396,-1.16530602e-01,2.56755359e-03
0.428000,9.33093166e-02,8.58093166e-02,5.720621,-1.16617519e-01,2.62448379e-03
0.429000,9.31926049e-02,8.56926049e-02,5.712840,-1.16711614e-01,2.67997515e-03
0.430000,9.30758277e-02,8.55758277e-02,5.705055,-1.16777199e-01,2.61885082e-03
0.431000,9.29589924e-02,8.54589924e-02,5.697266,-1.16835369e-01,2.69216395e-03
0.432000,9.28420917e-02,8.53420917e-02,5.689473,-1.16900649e-01,2.74267239e-03
0.433000,9.27251588e-02,8.52251588e-02,5.681677,-1.16932920e-01,2.72636370e-03
0.434000,9.26082073e-02,8.51082073e-02,5.673880,-1.16951487e-01,2.50800340e-03
0.435000,9.24911933e-02,8.49911933e-02,5.666080,-1.17014024e-01,2.50161482e-03
0.436000,9.23740439e-02,8.48740439e-02,5.658270,-1.17149404e-01,2.54954664e-03
0.437000,9.22567655e-02,8.47567655e-02,5.650451,-1.17278406e-01,2.67265916e-03
0.438000,9.21393956e-02,8.46393956e-02,5.642626,-1.17369896e-01,2.73412146e-03
0.439000,9.20219855e-02,8.45219855e-02,5.634799,-1.17410084e-01,2.80729663e-03
0.440000,9.19045684e-02,8.44045684e-02,5.626971,-1.17417147e-01,2.83667525e-03
0.441000,9.17871734e-02,8.42871734e-02,5.619145,-1.17394984e-01,2.71123380e-03
0.442000,9.16697880e-02,8.41697880e-02,5.611319,-1.17385354e-01,2.61318799e-03
0.443000,9.15523538e-02,8.40523538e-02,5.603490,-1.17434260e-01,2.55098179e-03
0.444000,9.14348274e-02,8.39348274e-02,5.595655,-1.17526366e-01,2.56418433e-03
0.445000,9.13171908e-02,8.38171908e-02,5.587813,-1.17636566e-01,2.63282595e-03
0.446000,9.11994605e-02,8.36994605e-02,5.579964,-1.17730293e-01,2.60588570e-03
0.447000,9.10816543e-02,8.35816543e-02,5.572110,-1.17806240e-01,2.63123438e-03
0.448000,9.09637677e-02,8.34637677e-02,5.564251,-1.17886552e-01,2.70096079e-03
0.449000,9.08458215e-02,8.33458215e-02,5.556388,-1.17946209e-01,2.65450767e-03
0.450000,9.07278304e-02,8.32278304e-02,5.548522,-1.17991182e-01,2.73417526e-03
0.451000,9.06097930e-02,8.31097930e-02,5.540653,-1.18037322e-01,2.71799814e-03
0.452000,9.04917329e-02,8.29917329e-02,5.532782,-1.18060159e-01,2.69706680e-03
0.453000,9.03736409e-02,8.28736409e-02,5.524909,-1.18092010e-01,2.51498648e-03
0.454000,9.02554779e-02,8.27554779e-02,5.517032,-1.18162935e-01,2.56152352e-03
0.455000,9.01371925e-02,8.26371925e-02,5.509146,-1.18285427e-01,2.54152428e-03
0.456000,9.00187963e-02,8.25187963e-02,5.501253,-1.18396173e-01,2.62448065e-03
0.457000,8.99002975e-02,8.24002975e-02,5.493353,-1.18498817e-01,2.70987216e-03
0.458000,8.97817384e-02,8.22817384e-02,5.485449,-1.18559116e-01,2.86566887e-03
0.459000,8.96631746e-02,8.21631746e-02,5.477545,-1.18563820e-01,2.88511948e-03
0.460000,8.95446607e-02,8.20446607e-02,5.469644,-1.18513919e-01,2.73737632e-03
0.461000,8.94261769e-02,8.19261769e-02,5.461745,-1.18483757e-01,2.63701415e-03
0.462000,8.93076570e-02,8.18076570e-02,5.453844,-1.18519864e-01,2.52138707e-03
0.463000,8.91890477e-02,8.16890477e-02,5.445937,-1.18609378e-01,2.55547837e-03
0.464000,8.90703168e-02,8.15703168e-02,5.438021,-1.18730838e-01,2.61736697e-03
0.465000,8.89514867e-02,8.14514867e-02,5.430099,-1.18830157e-01,2.70442990e-03
0.466000,8.88325929e-02,8.13325929e-02,5.422173,-1.18893755e-01,2.65052290e-03
0.467000,8.87136546e-02,8.12136546e-02,5.414244,-1.18938293e-01,2.70506338e-03
0.468000,8.85946637e-02,8.10946637e-02,5.406311,-1.18990890e-01,2.77092719e-03
0.469000,8.84756498e-02,8.09756498e-02,5.398377,-1.19013928e-01,2.78237640e-03
0.470000,8.83566365e-02,8.08566365e-02,5.390442,-1.19013310e-01,2.67840136e-03
0.471000,8.82376092e-02,8.07376092e-02,5.382507,-1.19027319e-01,2.59614923e-03
0.472000,8.81185191e-02,8.06185191e-02,5.374568,-1.19090021e-01,2.56045660e-03
0.473000,8.79993331e-02,8.04993331e-02,5.366622,-1.19186047e-01,2.64067703e-03
0.474000,8.78800535e-02,8.03800535e-02,5.358670,-1.19279609e-01,2.54643401e-03
0.475000,8.77606900e-02,8.02606900e-02,5.350713,-1.19363491e-01,2.58548430e-03
0.476000,8.76412186e-02,8.01412186e-02,5.342748,-1.19471419e-01,2.88479385e-03
0.477000,8.75217050e-02,8.00217050e-02,5.334780,-1.19513592e-01,2.75489459e-03
0.478000,8.74022245e-02,7.99022245e-02,5.326815,-1.19480439e-01,2.81045151e-03
0.479000,8.72827444e-02,7.97827444e-02,5.318850,-1.19480122e-01,2.69475857e-03
0.480000,8.71632624e-02,7.96632624e-02,5.310884,-1.19482018e-01,2.64253830e-03
0.481000,8.70437313e-02,7.95437313e-02,5.302915,-1.19531145e-01,2.54196392e-03
0.482000,8.69241161e-02,7.94241161e-02,5.294941,-1.19615206e-01,2.52427971e-03
0.483000,8.68043806e-02,7.93043806e-02,5.286959,-1.19735425e-01,2.64808504e-03
0.484000,8.66845411e-02,7.91845411e-02,5.278969,-1.19839558e-01,2.67509522e-03
0.485000,8.65646428e-02,7.90646428e-02,5.270976,-1.19898255e-01,2.62799482e-03
0.486000,8.64446864e-02,7.89446864e-02,5.262979,-1.19956411e-01,2.72255836e-03
0.487000,8.63246731e-02,7.88246731e-02,5.254978,-1.20013313e-01,2.86594988e-03
0.488000,8.62046593e-02,7.87046593e-02,5.246977,-1.20013801e-01,2.83948737e-03
0.489000,8.60846874e-02,7.85846874e-02,5.238979,-1.19971877e-01,2.74336299e-03
0.490000,8.59647318e-02,7.84647318e-02,5.230982,-1.19955643e-01,2.52586338e-03
0.491000,8.58447223e-02,7.83447223e-02,5.222981,-1.20009439e-01,2.55439197e-03
0.492000,8.57245927e-02,7.82245927e-02,5.214973,-1.20129621e-01,2.61385663e-03
0.493000,8.56043628e-02,7.81043628e-02,5.206958,-1.20229917e-01,2.69872856e-03
0.494000,8.54840671e-02,7.79840671e-02,5.198938,-1.20295676e-01,2.75973131e-03
0.495000,8.53637443e-02,7.78637443e-02,5.190916,-1.20322774e-01,2.83596494e-03
0.496000,8.52434280e-02,7.77434280e-02,5.182895,-1.20316357e-01,2.84939768e-03
0.497000,8.51231455e-02,7.76231455e-02,5.174876,-1.20282528e-01,2.74471188e-03
0.498000,8.50028827e-02,7.75028827e-02,5.166859,-1.20262800e-01,2.64529112e-03
0.499000,8.48825876e-02,7.73825876e-02,5.158839,-1.20295034e-01,2.59728761e-03
0.500000,8.47622192e-02,7.72622192e-02,5.150815,-1.20368408e-01,2.63391491e-03
0.501000,8.46417681e-02,7.71417681e-02,5.142785,-1.20451070e-01,2.63862359e-03
0.502000,8.45212473e-02,7.70212473e-02,5.134750,-1.20520871e-01,2.64085161e-03
0.503000,8.44006585e-02,7.69006585e-02,5.126711,-1.20588731e-01,2.62990901e-03
0.504000,8.42800007e-02,7.67800007e-02,5.118667,-1.20657794e-01,2.75661105e-03
0.505000,8.41592927e-02,7.66592927e-02,5.110620,-1.20708046e-01,2.66697718e-03
0.506000,8.40385602e-02,7.65385602e-02,5.102571,-1.20732537e-01,2.73059915e-03
0.507000,8.39177850e-02,7.64177850e-02,5.094519,-1.20775214e-01,2.78200672e-03
0.508000,8.37969970e-02,7.62969970e-02,5.086466,-1.20787906e-01,2.73291009e-03
0.509000,8.36762046e-02,7.61762046e-02,5.078414,-1.20792398e-01,2.57292072e-03
0.510000,8.35553633e-02,7.60553633e-02,5.070358,-1.20841305e-01,2.63079160e-03
0.511000,8.34344308e-02,7.59344308e-02,5.062295,-1.20932522e-01,2.55627920e-03
0.512000,8.33134129e-02,7.58134129e-02,5.054228,-1.21017910e-01,2.60006947e-03
0.513000,8.31922929e-02,7.56922929e-02,5.046153,-1.21120025e-01,2.82196765e-03
0.514000,8.30711244e-02,7.55711244e-02,5.038075,-1.21168518e-01,2.79657370e-03
0.515000,8.29499757e-02,7.54499757e-02,5.029998,-1.21148628e-01,2.87182418e-03
0.516000,8.28288520e-02,7.53288520e-02,5.021923,-1.21123770e-01,2.72896941e-03
0.517000,8.27077525e-02,7.52077525e-02,5.013850,-1.21099460e-01,2.64715799e-03
0.518000,8.25866160e-02,7.50866160e-02,5.005774,-1.21136534e-01,2.50235233e-03
0.519000,8.24653899e-02,7.49653899e-02,4.997693,-1.21226084e-01,2.57817536e-03
0.520000,8.23440401e-02,7.48440401e-02,4.989603,-1.21349781e-01,2.61204975e-03
0.521000,8.22225975e-02,7.47225975e-02,4.981506,-1.21442586e-01,2.69976701e-03
0.522000,8.21010888e-02,7.46010888e-02,4.973406,-1.21508755e-01,2.67879409e-03
0.523000,8.19795389e-02,7.44795389e-02,4.965303,-1.21549825e-01,2.79371065e-03
0.524000,8.18579615e-02,7.43579615e-02,4.957197,-1.21577461e-01,2.81455619e-03
0.525000,8.17363978e-02,7.42363978e-02,4.949093,-1.21563670e-01,2.81816119e-03
0.526000,8.16148554e-02,7.41148554e-02,4.940990,-1.21542396e-01,2.76244710e-03
0.527000,8.14933256e-02,7.39933256e-02,4.932888,-1.21529790e-01,2.52601755e-03
0.528000,8.13717483e-02,7.38717483e-02,4.924783,-1.21577292e-01,2.53784216e-03
0.529000,8.12500480e-02,7.37500480e-02,4.916670,-1.21700350e-01,2.59767063e-03
0.530000,8.11282390e-02,7.36282390e-02,4.908549,-1.21808944e-01,2.72533200e-03
0.531000,8.10063637e-02,7.35063637e-02,4.900424,-1.21875314e-01,2.76174844e-03
0.532000,8.08844704e-02,7.33844704e-02,4.892298,-1.21893318e-01,2.86027171e-03
0.533000,8.07625885e-02,7.32625885e-02,4.884173,-1.21881940e-01,2.88312951e-03
0.534000,8.06407543e-02,7.31407543e-02,4.876050,-1.21834164e-01,2.78190238e-03
0.535000,8.05189575e-02,7.30189575e-02,4.867931,-1.21796781e-01,2.69233199e-03
0.536000,8.03971490e-02,7.28971490e-02,4.859810,-1.21808482e-01,2.50285543e-03
0.537000,8.02752659e-02,7.27752659e-02,4.851684,-1.21883107e-01,2.55204802e-03
0.538000,8.01532547e-02,7.26532547e-02,4.843550,-1.22011259e-01,2.64737024e-03
0.539000,8.00311483e-02,7.25311483e-02,4.835410,-1.22106399e-01,2.75985930e-03
0.540000,7.99089979e-02,7.24089979e-02,4.827267,-1.22150341e-01,2.67066189e-03
0.541000,7.97868248e-02,7.22868248e-02,4.819122,-1.22173114e-01,2.74356670e-03
0.542000,7.96646125e-02,7.21646125e-02,4.810974,-1.22212288e-01,2.83310702e-03
0.543000,7.95424009e-02,7.20424009e-02,4.802827,-1.22211685e-01,2.86710494e-03
0.544000,7.94202252e-02,7.19202252e-02,4.794682,-1.22175663e-01,2.79286711e-03
0.545000,7.92980836e-02,7.17980836e-02,4.786539,-1.22141605e-01,2.51980639e-03
0.546000,7.91759034e-02,7.16759034e-02,4.778394,-1.22180214e-01,2.57565897e-03
0.547000,7.90536047e-02,7.15536047e-02,4.770240,-1.22298624e-01,2.59334984e-03
0.548000,7.89312092e-02,7.14312092e-02,4.762081,-1.22395563e-01,2.73487489e-03
0.549000,7.88087475e-02,7.13087475e-02,4.753916,-1.22461664e-01,2.80059295e-03
0.550000,7.86862779e-02,7.11862779e-02,4.745752,-1.22469666e-01,2.86199922e-03
0.551000,7.85638326e-02,7.10638326e-02,4.737589,-1.22445225e-01,2.88550656e-03
0.552000,7.84414362e-02,7.09414362e-02,4.729429,-1.22396461e-01,2.77892359e-03
0.553000,7.83190773e-02,7.08190773e-02,4.721272,-1.22358824e-01,2.69328224e-03
0.554000,7.81967060e-02,7.06967060e-02,4.713114,-1.22371336e-01,2.50973913e-03
0.555000,7.80742616e-02,7.05742616e-02,4.704951,-1.22444431e-01,2.59016763e-03
0.556000,7.79516980e-02,7.04516980e-02,4.696780,-1.22563581e-01,2.64131819e-03
0.557000,7.78290507e-02,7.03290507e-02,4.688603,-1.22647272e-01,2.75710264e-03
0.558000,7.77063570e-02,7.02063570e-02,4.680424,-1.22693690e-01,2.67775365e-03
0.559000,7.75836409e-02,7.00836409e-02,4.672243,-1.22716114e-01,2.74725474e-03
0.560000,7.74608886e-02,6.99608886e-02,4.664059,-1.22752307e-01,2.84023175e-03
0.561000,7.73381394e-02,6.98381394e-02,4.655876,-1.22749232e-01,2.83947854e-03
0.562000,7.72154236e-02,6.97154236e-02,4.647695,-1.22715756e-01,2.75375093e-03
0.563000,7.70927259e-02,6.95927259e-02,4.639515,-1.22697688e-01,2.59257768e-03
0.564000,7.69699897e-02,6.94699897e-02,4.631333,-1.22736275e-01,2.59350107e-03
0.565000,7.68471620e-02,6.93471620e-02,4.623144,-1.22827630e-01,2.62291728e-03
0.566000,7.67242485e-02,6.92242485e-02,4.614950,-1.22913481e-01,2.71697125e-03
0.567000,7.66012755e-02,6.91012755e-02,4.606752,-1.22973038e-01,2.78274017e-03
0.568000,7.64782854e-02,6.89782854e-02,4.598552,-1.22990076e-01,2.86574624e-03
0.569000,7.63553146e-02,6.88553146e-02,4.590354,-1.22970836e-01,2.90259490e-03
0.570000,7.62323968e-02,6.87323968e-02,4.582160,-1.22917819e-01,2.76045806e-03
0.571000,7.61095189e-02,6.86095189e-02,4.573968,-1.22877836e-01,2.61408931e-03
0.572000,7.59866085e-02,6.84866085e-02,4.565774,-1.22910416e-01,2.58942210e-03
0.573000,7.58636131e-02,6.83636131e-02,4.557574,-1.22995428e-01,2.63542131e-03
0.574000,7.57405327e-02,6.82405327e-02,4.549369,-1.23080407e-01,2.67083888e-03
0.575000,7.56173887e-02,6.81173887e-02,4.541159,-1.23144016e-01,2.73349246e-03
0.576000,7.54942038e-02,6.79942038e-02,4.532947,-1.23184914e-01,2.66972446e-03
0.577000,7.53709873e-02,6.78709873e-02,4.524732,-1.23216511e-01,2.73836830e-03
0.578000,7.52477303e-02,6.77477303e-02,4.516515,-1.23256913e-01,2.83818410e-03
0.579000,7.51244732e-02,6.76244732e-02,4.508298,-1.23257119e-01,2.81647039e-03
0.580000,7.50012448e-02,6.75012448e-02,4.500083,-1.23228384e-01,2.80478404e-03
0.581000,7.48780360e-02,6.73780360e-02,4.491869,-1.23208847e-01,2.61249579e-03
0.582000,7.47548088e-02,6.72548088e-02,4.483654,-1.23227152e-01,2.59134616e-03
0.583000,7.46314965e-02,6.71314965e-02,4.475433,-1.23312347e-01,2.62958227e-03
0.584000,7.45080988e-02,6.70080988e-02,4.467207,-1.23397726e-01,2.71394837e-03
0.585000,7.43846431e-02,6.68846431e-02,4.458976,-1.23455629e-01,2.78710789e-03
0.586000,7.42611702e-02,6.67611702e-02,4.450745,-1.23472888e-01,2.87338059e-03
0.587000,7.41377194e-02,6.66377194e-02,4.442515,-1.23450863e-01,2.91347105e-03
0.588000,7.40143260e-02,6.65143260e-02,4.434288,-1.23393416e-01,2.76398801e-03
0.589000,7.38909767e-02,6.63909767e-02,4.426065,-1.23349237e-01,2.64578121e-03
0.590000,7.37676017e-02,6.62676017e-02,4.417840,-1.23375053e-01,2.58683268e-03
0.591000,7.36441516e-02,6.61441516e-02,4.409610,-1.23450115e-01,2.62810636e-03
0.592000,7.35206143e-02,6.60206143e-02,4.401374,-1.23537238e-01,2.68138256e-03
0.593000,7.33970129e-02,6.58970129e-02,4.393134,-1.23601385e-01,2.73654318e-03
0.594000,7.32733747e-02,6.57733747e-02,4.384892,-1.23638280e-01,2.67355237e-03
0.595000,7.31497065e-02,6.56497065e-02,4.376647,-1.23668199e-01,2.73802412e-03
0.596000,7.30259991e-02,6.55259991e-02,4.368400,-1.23707404e-01,2.83798011e-03
0.597000,7.29022913e-02,6.54022913e-02,4.360153,-1.23707759e-01,2.81844078e-03
0.598000,7.27786126e-02,6.52786126e-02,4.351908,-1.23678743e-01,2.82016642e-03
0.599000,7.26549567e-02,6.51549567e-02,4.343664,-1.23655839e-01,2.61086628e-03
0.600000,7.25312873e-02,6.50312873e-02,4.335419,-1.23669380e-01,2.62469159e-03
0.601000,7.24075381e-02,6.49075381e-02,4.327169,-1.23749213e-01,2.61295812e-03
0.602000,7.22837115e-02,6.47837115e-02,4.318914,-1.23826582e-01,2.69389546e-03
0.603000,7.21598181e-02,6.46598181e-02,4.310655,-1.23893490e-01,2.78410711e-03
0.604000,7.20359002e-02,6.45359002e-02,4.302393,-1.23917865e-01,2.89613973e-03
0.605000,7.19120074e-02,6.44120074e-02,4.294134,-1.23892801e-01,2.88701702e-03
0.606000,7.17881748e-02,6.42881748e-02,4.285878,-1.23832557e-01,2.76554048e-03
0.607000,7.16643780e-02,6.41643780e-02,4.277625,-1.23796792e-01,2.66901922e-03
0.608000,7.15405600e-02,6.40405600e-02,4.269371,-1.23817989e-01,2.59465103e-03
0.609000,7.14166760e-02,6.39166760e-02,4.261112,-1.23884037e-01,2.62560757e-03
0.610000,7.12927070e-02,6.37927070e-02,4.252847,-1.23969034e-01,2.67825986e-03
0.611000,7.11686724e-02,6.36686724e-02,4.244578,-1.24034553e-01,2.73759660e-03
0.612000,7.10446001e-02,6.35446001e-02,4.236307,-1.24072288e-01,2.67804943e-03
0.613000,7.09204991e-02,6.34204991e-02,4.228033,-1.24101065e-01,2.74297935e-03
0.614000,7.07963612e-02,6.32963612e-02,4.219757,-1.24137917e-01,2.84149959e-03
0.615000,7.06722251e-02,6.31722251e-02,4.211482,-1.24136023e-01,2.82037019e-03
0.616000,7.05481196e-02,6.30481196e-02,4.203208,-1.24105510e-01,2.81394039e-03
0.617000,7.04240365e-02,6.29240365e-02,4.194936,-1.24083072e-01,2.61856150e-03
0.618000,7.02999393e-02,6.27999393e-02,4.186663,-1.24097298e-01,2.59449821e-03
0.619000,7.01757593e-02,6.26757593e-02,4.178384,-1.24179943e-01,2.62578246e-03
0.620000,7.00514943e-02,6.25514943e-02,4.170100,-1.24264960e-01,2.71570808e-03
0.621000,6.99271705e-02,6.24271705e-02,4.161811,-1.24323799e-01,2.79242385e-03
0.622000,6.98028310e-02,6.23028310e-02,4.153522,-1.24339540e-01,2.87701991e-03
0.623000,6.96785159e-02,6.21785159e-02,4.145234,-1.24315126e-01,2.91072118e-03
0.624000,6.95542589e-02,6.20542589e-02,4.136951,-1.24256969e-01,2.76923170e-03
0.625000,6.94300461e-02,6.19300461e-02,4.128670,-1.24212766e-01,2.66531817e-03
0.626000,6.93058127e-02,6.18058127e-02,4.120388,-1.24233406e-01,2.59032077e-03
0.627000,6.91815113e-02,6.16815113e-02,4.112101,-1.24301435e-01,2.62207616e-03
0.628000,6.90571228e-02,6.15571228e-02,4.103808,-1.24388478e-01,2.68455617e-03
0.629000,6.89326688e-02,6.14326688e-02,4.095511,-1.24454044e-01,2.74008549e-03
0.630000,6.88081795e-02,6.13081795e-02,4.087212,-1.24489271e-01,2.66280385e-03
0.631000,6.86836596e-02,6.11836596e-02,4.078911,-1.24519927e-01,2.74888431e-03
0.632000,6.85590988e-02,6.10590988e-02,4.070607,-1.24560741e-01,2.85765215e-03
0.633000,6.84345448e-02,6.09345448e-02,4.062303,-1.24554051e-01,2.81798125e-03
0.634000,6.83100261e-02,6.08100261e-02,4.054002,-1.24518656e-01,2.82379634e-03
0.635000,6.81855309e-02,6.06855309e-02,4.045702,-1.24495260e-01,2.56562582e-03
0.636000,6.80610153e-02,6.05610153e-02,4.037401,-1.24515610e-01,2.60063951e-03
0.637000,6.79364007e-02,6.04364007e-02,4.029093,-1.24614554e-01,2.63625083e-03
0.638000,6.78117050e-02,6.03117050e-02,4.020780,-1.24695702e-01,2.73100640e-03
0.639000,6.76869566e-02,6.01869566e-02,4.012464,-1.24748399e-01,2.79268359e-03
0.640000,6.75621975e-02,6.00621975e-02,4.004147,-1.24759069e-01,2.87295682e-03
0.641000,6.74374623e-02,5.99374623e-02,3.995831,-1.24735288e-01,2.90088715e-03
0.642000,6.73127820e-02,5.98127820e-02,3.987519,-1.24680205e-01,2.79656669e-03
0.643000,6.71881477e-02,5.96881477e-02,3.979210,-1.24634398e-01,2.71013418e-03
0.644000,6.70635095e-02,5.95635095e-02,3.970901,-1.24638135e-01,2.51221521e-03
0.645000,6.69388043e-02,5.94388043e-02,3.962587,-1.24705258e-01,2.55009759e-03
0.646000,6.68139736e-02,5.93139736e-02,3.954265,-1.24830681e-01,2.65674243e-03
0.647000,6.66890488e-02,5.91890488e-02,3.945937,-1.24924804e-01,2.78931832e-03
0.648000,6.65640883e-02,5.90640883e-02,3.937606,-1.24960459e-01,2.69579707e-03
0.649000,6.64391192e-02,5.89391192e-02,3.929275,-1.24969112e-01,2.82734289e-03
0.650000,6.63141340e-02,5.88141340e-02,3.920942,-1.24985217e-01,2.82869955e-03
0.651000,6.61891761e-02,5.86891761e-02,3.912612,-1.24957880e-01,2.84494684e-03
0.652000,6.60642489e-02,5.85642489e-02,3.904283,-1.24927224e-01,2.79081532e-03
0.653000,6.59393481e-02,5.84393481e-02,3.895957,-1.24900805e-01,2.54460750e-03
0.654000,6.58144124e-02,5.83144124e-02,3.887627,-1.24935702e-01,2.55763986e-03
0.655000,6.56893632e-02,5.81893632e-02,3.879291,-1.25049154e-01,2.58921693e-03
0.656000,6.55642105e-02,5.80642105e-02,3.870947,-1.25152741e-01,2.72566298e-03
0.657000,6.54389887e-02,5.79389887e-02,3.862599,-1.25221829e-01,2.82253098e-03
0.658000,6.53137597e-02,5.78137597e-02,3.854251,-1.25228976e-01,2.88217981e-03
0.659000,6.51885659e-02,5.76885659e-02,3.845904,-1.25193762e-01,2.93572287e-03
0.660000,6.50634364e-02,5.75634364e-02,3.837562,-1.25129490e-01,2.78560416e-03
0.661000,6.49383622e-02,5.74383622e-02,3.829224,-1.25074180e-01,2.68978649e-03
0.662000,6.48132771e-02,5.73132771e-02,3.820885,-1.25085116e-01,2.53074227e-03
0.663000,6.46881215e-02,5.71881215e-02,3.812541,-1.25155645e-01,2.62878297e-03
0.664000,6.45628604e-02,5.70628604e-02,3.804191,-1.25261069e-01,2.63472718e-03
0.665000,6.44375272e-02,5.69375272e-02,3.795835,-1.25333244e-01,2.72120593e-03
0.666000,6.43121390e-02,5.68121390e-02,3.787476,-1.25388174e-01,2.86982273e-03
0.667000,6.41867506e-02,5.66867506e-02,3.779117,-1.25388421e-01,2.76640800e-03
0.668000,6.40613924e-02,5.65613924e-02,3.770759,-1.25358149e-01,2.84924473e-03
0.669000,6.39360452e-02,5.64360452e-02,3.762403,-1.25347191e-01,2.79288217e-03
0.670000,6.38107262e-02,5.63107262e-02,3.754048,-1.25318995e-01,2.75528292e-03
0.671000,6.36854103e-02,5.61854103e-02,3.745694,-1.25315958e-01,2.60544396e-03
0.672000,6.35600585e-02,5.60600585e-02,3.737337,-1.25351767e-01,2.70109493e-03
0.673000,6.34346386e-02,5.59346386e-02,3.728976,-1.25419870e-01,2.65733065e-03
0.674000,6.33091743e-02,5.58091743e-02,3.720612,-1.25464299e-01,2.82979154e-03
0.675000,6.31836817e-02,5.56836817e-02,3.712245,-1.25492604e-01,2.91259721e-03
0.676000,6.30582321e-02,5.55582321e-02,3.703882,-1.25449626e-01,2.73485100e-03
0.677000,6.29328212e-02,5.54328212e-02,3.695521,-1.25410886e-01,2.83210680e-03
0.678000,6.28074079e-02,5.53074079e-02,3.687161,-1.25413322e-01,2.77755547e-03
0.679000,6.26820144e-02,5.51820144e-02,3.678801,-1.25393465e-01,2.67636252e-03
0.680000,6.25566050e-02,5.50566050e-02,3.670440,-1.25409418e-01,2.56765222e-03
0.681000,6.24311272e-02,5.49311272e-02,3.662075,-1.25477829e-01,2.71878270e-03
0.682000,6.23055720e-02,5.48055720e-02,3.653705,-1.25555215e-01,2.71641080e-03
0.683000,6.21799886e-02,5.46799886e-02,3.645333,-1.25583388e-01,2.76306783e-03
0.684000,6.20543845e-02,5.45543845e-02,3.636959,-1.25604089e-01,2.82404111e-03
0.685000,6.19287858e-02,5.44287858e-02,3.628586,-1.25598685e-01,2.85202514e-03
0.686000,6.18032175e-02,5.43032175e-02,3.620215,-1.25568307e-01,2.83544238e-03
0.687000,6.16776858e-02,5.41776858e-02,3.611846,-1.25531672e-01,2.81841748e-03
0.688000,6.15521823e-02,5.40521823e-02,3.603479,-1.25503493e-01,2.64538354e-03
0.689000,6.14266708e-02,5.39266708e-02,3.595111,-1.25511505e-01,2.62764261e-03
0.690000,6.13010914e-02,5.38010914e-02,3.586739,-1.25579480e-01,2.64433081e-03
0.691000,6.11754410e-02,5.36754410e-02,3.578363,-1.25650331e-01,2.73164506e-03
0.692000,6.10497408e-02,5.35497408e-02,3.569983,-1.25700261e-01,2.80769133e-03
0.693000,6.09240327e-02,5.34240327e-02,3.561602,-1.25708068e-01,2.89857620e-03
0.694000,6.07983579e-02,5.32983579e-02,3.553224,-1.25674828e-01,2.96659619e-03
0.695000,6.06727582e-02,5.31727582e-02,3.544851,-1.25599711e-01,2.77872730e-03
0.696000,6.05472227e-02,5.30472227e-02,3.536482,-1.25535478e-01,2.65804736e-03
0.697000,6.04216684e-02,5.29216684e-02,3.528111,-1.25554285e-01,2.59093416e-03
0.698000,6.02960438e-02,5.27960438e-02,3.519736,-1.25624594e-01,2.63852970e-03
0.699000,6.01703353e-02,5.26703353e-02,3.511356,-1.25708526e-01,2.72233229e-03
0.700000,6.00445733e-02,5.25445733e-02,3.502972,-1.25762008e-01,2.74989087e-03
0.701000,5.99187902e-02,5.24187902e-02,3.494586,-1.25783095e-01,2.65977450e-03
0.702000,5.97929791e-02,5.22929791e-02,3.486199,-1.25811066e-01,2.75349714e-03
0.703000,5.96671271e-02,5.21671271e-02,3.477808,-1.25852060e-01,2.92775579e-03
0.704000,5.95412956e-02,5.20412956e-02,3.469420,-1.25831458e-01,2.89661091e-03
0.705000,5.94155365e-02,5.19155365e-02,3.461036,-1.25759135e-01,2.79039871e-03
0.706000,5.92898206e-02,5.17898206e-02,3.452655,-1.25715822e-01,2.55607867e-03
0.707000,5.91640718e-02,5.16640718e-02,3.444271,-1.25748828e-01,2.54909138e-03
0.708000,5.90382118e-02,5.15382118e-02,3.435881,-1.25860024e-01,2.66805010e-03
0.709000,5.89122593e-02,5.14122593e-02,3.427484,-1.25952478e-01,2.74517304e-03
0.710000,5.87862671e-02,5.12862671e-02,3.419084,-1.25992225e-01,2.79263032e-03
0.711000,5.86602688e-02,5.11602688e-02,3.410685,-1.25998253e-01,2.90043364e-03
0.712000,5.85342992e-02,5.10342992e-02,3.402287,-1.25969630e-01,2.94236973e-03
0.713000,5.84084010e-02,5.09084010e-02,3.393893,-1.25898188e-01,2.79330827e-03
0.714000,5.82825617e-02,5.07825617e-02,3.385504,-1.25839333e-01,2.69380105e-03
0.715000,5.81567146e-02,5.06567146e-02,3.377114,-1.25847029e-01,2.57084128e-03
0.716000,5.80308055e-02,5.05308055e-02,3.368720,-1.25909148e-01,2.55406728e-03
0.717000,5.79047909e-02,5.04047909e-02,3.360319,-1.26014616e-01,2.71533508e-03
0.718000,5.77786938e-02,5.02786938e-02,3.351913,-1.26097074e-01,2.73742129e-03
0.719000,5.76525711e-02,5.01525711e-02,3.343505,-1.26122663e-01,2.75069813e-03
0.720000,5.75264325e-02,5.00264325e-02,3.335096,-1.26138651e-01,2.78515284e-03
0.721000,5.74002883e-02,4.99002883e-02,3.326686,-1.26144186e-01,2.89257342e-03
0.722000,5.72741689e-02,4.97741689e-02,3.318278,-1.26119410e-01,2.83528030e-03
0.723000,5.71480994e-02,4.96480994e-02,3.309873,-1.26069486e-01,2.76441241e-03
0.724000,5.70220485e-02,4.95220485e-02,3.301470,-1.26050911e-01,2.58598942e-03
0.725000,5.68959613e-02,4.93959613e-02,3.293064,-1.26087162e-01,2.58499899e-03
0.726000,5.67697792e-02,4.92697792e-02,3.284652,-1.26182185e-01,2.59141922e-03
0.727000,5.66435028e-02,4.91435028e-02,3.276234,-1.26276397e-01,2.72434367e-03
0.728000,5.65171578e-02,4.90171578e-02,3.267811,-1.26344995e-01,2.96506345e-03
0.729000,5.63908304e-02,4.88908304e-02,3.259389,-1.26327370e-01,2.84803652e-03
0.730000,5.62645790e-02,4.87645790e-02,3.250972,-1.26251384e-01,2.88768308e-03
0.731000,5.61383722e-02,4.86383722e-02,3.242558,-1.26206821e-01,2.79859922e-03
0.732000,5.60122072e-02,4.85122072e-02,3.234147,-1.26164990e-01,2.71582700e-03
0.733000,5.58860401e-02,4.83860401e-02,3.225736,-1.26167053e-01,2.65682732e-03
0.734000,5.57598334e-02,4.82598334e-02,3.217322,-1.26206733e-01,2.71037781e-03
0.735000,5.56335771e-02,4.81335771e-02,3.208905,-1.26256320e-01,2.72409819e-03
0.736000,5.55072912e-02,4.80072912e-02,3.200486,-1.26285893e-01,2.73414656e-03
0.737000,5.53809820e-02,4.78809820e-02,3.192065,-1.26309184e-01,2.76158677e-03
0.738000,5.52546577e-02,4.77546577e-02,3.183644,-1.26324322e-01,2.89579734e-03
0.739000,5.51283510e-02,4.76283510e-02,3.175223,-1.26306715e-01,2.82088287e-03
0.740000,5.50020927e-02,4.75020927e-02,3.166806,-1.26258279e-01,2.72202734e-03
0.741000,5.48758408e-02,4.73758408e-02,3.158389,-1.26251927e-01,2.68014646e-03
0.742000,5.47495553e-02,4.72495553e-02,3.149970,-1.26285447e-01,2.68877225e-03
0.743000,5.46232241e-02,4.71232241e-02,3.141548,-1.26331196e-01,2.67895674e-03
0.744000,5.44968483e-02,4.69968483e-02,3.133123,-1.26375848e-01,2.73369074e-03
0.745000,5.43704342e-02,4.68704342e-02,3.124696,-1.26414045e-01,2.80488606e-03
0.746000,5.42440126e-02,4.67440126e-02,3.116268,-1.26421675e-01,2.89868735e-03
0.747000,5.41176232e-02,4.66176232e-02,3.107842,-1.26389337e-01,2.94162502e-03
0.748000,5.39913046e-02,4.64913046e-02,3.099420,-1.26318600e-01,2.76455517e-03
0.749000,5.38650396e-02,4.63650396e-02,3.091003,-1.26265074e-01,2.73415993e-03
0.750000,5.37387645e-02,4.62387645e-02,3.082584,-1.26275076e-01,2.55369669e-03
0.751000,5.36124375e-02,4.61124375e-02,3.074162,-1.26326972e-01,2.59543676e-03
0.752000,5.34860068e-02,4.59860068e-02,3.065734,-1.26430755e-01,2.66661812e-03
0.753000,5.33594985e-02,4.58594985e-02,3.057300,-1.26508242e-01,2.79178673e-03
0.754000,5.32329583e-02,4.57329583e-02,3.048864,-1.26540216e-01,2.70449213e-03
0.755000,5.31064118e-02,4.56064118e-02,3.040427,-1.26546521e-01,2.84460388e-03
0.756000,5.29798551e-02,4.54798551e-02,3.031990,-1.26556718e-01,2.84610667e-03
0.757000,5.28533344e-02,4.53533344e-02,3.023556,-1.26520634e-01,2.86253768e-03
0.758000,5.27268533e-02,4.52268533e-02,3.015124,-1.26481150e-01,2.80532434e-03
0.759000,5.26004069e-02,4.51004069e-02,3.006694,-1.26446389e-01,2.55359815e-03
0.760000,5.24739319e-02,4.49739319e-02,2.998262,-1.26474931e-01,2.56685577e-03
0.761000,5.23473481e-02,4.48473481e-02,2.989823,-1.26583800e-01,2.60585839e-03
0.762000,5.22206667e-02,4.47206667e-02,2.981378,-1.26681418e-01,2.73127950e-03
0.763000,5.20939227e-02,4.45939227e-02,2.972928,-1.26744048e-01,2.98159222e-03
0.764000,5.19672015e-02,4.44672015e-02,2.964480,-1.26721222e-01,2.86852307e-03
0.765000,5.18405653e-02,4.43405653e-02,2.956038,-1.26636185e-01,2.89664841e-03
0.766000,5.17139820e-02,4.42139820e-02,2.947599,-1.26583307e-01,2.74702332e-03
0.767000,5.15874343e-02,4.40874343e-02,2.939162,-1.26547653e-01,2.69647805e-03
0.768000,5.14608642e-02,4.39608642e-02,2.930724,-1.26570076e-01,2.57432930e-03
0.769000,5.13342335e-02,4.38342335e-02,2.922282,-1.26630699e-01,2.76465343e-03
0.770000,5.12075358e-02,4.37075358e-02,2.913836,-1.26697782e-01,2.74402419e-03
0.771000,5.10808298e-02,4.35808298e-02,2.905389,-1.26706007e-01,2.77978983e-03
0.772000,5.09541151e-02,4.34541151e-02,2.896941,-1.26714682e-01,2.81511351e-03
0.773000,5.08274097e-02,4.33274097e-02,2.888494,-1.26705364e-01,2.86808949e-03
0.774000,5.07007346e-02,4.32007346e-02,2.880049,-1.26675078e-01,2.75719696e-03
0.775000,5.05740876e-02,4.30740876e-02,2.871606,-1.26647004e-01,2.85978875e-03
0.776000,5.04474504e-02,4.29474504e-02,2.863163,-1.26637206e-01,2.70777039e-03
0.777000,5.03208298e-02,4.28208298e-02,2.854722,-1.26620598e-01,2.61236866e-03
0.778000,5.01941590e-02,4.26941590e-02,2.846277,-1.26670786e-01,2.64846794e-03
0.779000,5.00674131e-02,4.25674131e-02,2.837828,-1.26745922e-01,2.75670026e-03
0.780000,4.99406231e-02,4.24406231e-02,2.829375,-1.26790062e-01,2.82688465e-03
0.781000,4.98138368e-02,4.23138368e-02,2.820922,-1.26786246e-01,2.90941857e-03
0.782000,4.96870920e-02,4.21870920e-02,2.812473,-1.26744785e-01,2.94040772e-03
0.783000,4.95604213e-02,4.20604213e-02,2.804028,-1.26670739e-01,2.81808783e-03
0.784000,4.94338131e-02,4.19338131e-02,2.795588,-1.26608146e-01,2.72105116e-03
0.785000,4.93072102e-02,4.18072102e-02,2.787147,-1.26602885e-01,2.58435785e-03
0.786000,4.91805566e-02,4.16805566e-02,2.778704,-1.26653665e-01,2.60596440e-03
0.787000,4.90538111e-02,4.15538111e-02,2.770254,-1.26745516e-01,2.71378189e-03
0.788000,4.89269999e-02,4.14269999e-02,2.761800,-1.26811205e-01,2.75610547e-03
0.789000,4.88001659e-02,4.13001659e-02,2.753344,-1.26834001e-01,2.67911155e-03
0.790000,4.86733093e-02,4.11733093e-02,2.744887,-1.26856512e-01,2.83546983e-03
0.791000,4.85464327e-02,4.10464327e-02,2.736429,-1.26876659e-01,2.91530123e-03
0.792000,4.84196014e-02,4.09196014e-02,2.727973,-1.26831339e-01,2.86497228e-03
0.793000,4.82928327e-02,4.07928327e-02,2.719522,-1.26768700e-01,2.77280801e-03
0.794000,4.81660938e-02,4.06660938e-02,2.711073,-1.26738889e-01,2.56946074e-03
0.795000,4.80393185e-02,4.05393185e-02,2.702621,-1.26775305e-01,2.60392607e-03
0.796000,4.79124460e-02,4.04124460e-02,2.694163,-1.26872409e-01,2.61882745e-03
0.797000,4.77854905e-02,4.02854905e-02,2.685699,-1.26955559e-01,2.70193244e-03
0.798000,4.76584714e-02,4.01584714e-02,2.677231,-1.27019119e-01,2.85647925e-03
0.799000,4.75314433e-02,4.00314433e-02,2.668763,-1.27028056e-01,2.89112324e-03
0.800000,4.74044632e-02,3.99044632e-02,2.660298,-1.26980112e-01,2.96835077e-03
0.801000,4.72775561e-02,3.97775561e-02,2.651837,-1.26907132e-01,2.78286995e-03
0.802000,4.71507145e-02,3.96507145e-02,2.643381,-1.26841591e-01,2.68273479e-03
0.803000,4.70238598e-02,3.95238598e-02,2.634924,-1.26854671e-01,2.58370392e-03
0.804000,4.68969417e-02,3.93969417e-02,2.626463,-1.26918151e-01,2.77568345e-03
0.805000,4.67699615e-02,3.92699615e-02,2.617997,-1.26980204e-01,2.63393823e-03
0.806000,4.66429572e-02,3.91429572e-02,2.609530,-1.27004274e-01,2.76282688e-03
0.807000,4.65159051e-02,3.90159051e-02,2.601060,-1.27052102e-01,2.87136269e-03
0.808000,4.63888667e-02,3.88888667e-02,2.592591,-1.27038409e-01,2.74662829e-03
0.809000,4.62618555e-02,3.87618555e-02,2.584124,-1.27011128e-01,2.80321880e-03
0.810000,4.61348407e-02,3.86348407e-02,2.575656,-1.27014805e-01,2.84583624e-03
0.811000,4.60078484e-02,3.85078484e-02,2.567190,-1.26992361e-01,2.79516973e-03
0.812000,4.58808835e-02,3.83808835e-02,2.558726,-1.26964879e-01,2.68565153e-03
0.813000,4.57539101e-02,3.82539101e-02,2.550261,-1.26973405e-01,2.64889278e-03
0.814000,4.56268857e-02,3.81268857e-02,2.541792,-1.27024398e-01,2.63014091e-03
0.815000,4.54997949e-02,3.79997949e-02,2.533320,-1.27090780e-01,2.85075984e-03
0.816000,4.53726706e-02,3.78726706e-02,2.524845,-1.27124306e-01,2.99378746e-03
0.817000,4.52456105e-02,3.77456105e-02,2.516374,-1.27060084e-01,2.95395142e-03
0.818000,4.51186546e-02,3.76186546e-02,2.507910,-1.26955935e-01,2.79267925e-03
0.819000,4.49917612e-02,3.74917612e-02,2.499451,-1.26893387e-01,2.67830114e-03
0.820000,4.48648572e-02,3.73648572e-02,2.490990,-1.26904031e-01,2.61203730e-03
0.821000,4.47378932e-02,3.72378932e-02,2.482526,-1.26963956e-01,2.65450079e-03
0.822000,4.46108551e-02,3.71108551e-02,2.474057,-1.27038133e-01,2.71586889e-03
0.823000,4.44837676e-02,3.69837676e-02,2.465585,-1.27087513e-01,2.76634004e-03
0.824000,4.43566598e-02,3.68566598e-02,2.457111,-1.27107813e-01,2.68379525e-03
0.825000,4.42295336e-02,3.67295336e-02,2.448636,-1.27126135e-01,2.76979724e-03
0.826000,4.41023773e-02,3.66023773e-02,2.440158,-1.27156358e-01,2.88129131e-03
0.827000,4.39752386e-02,3.64752386e-02,2.431683,-1.27138619e-01,2.91734826e-03
0.828000,4.38481608e-02,3.63481608e-02,2.423211,-1.27077888e-01,2.82738112e-03
0.829000,4.37211395e-02,3.62211395e-02,2.414743,-1.27021225e-01,2.58604117e-03
0.830000,4.35941027e-02,3.60941027e-02,2.406274,-1.27036787e-01,2.56499356e-03
0.831000,4.34669674e-02,3.59669674e-02,2.397798,-1.27135330e-01,2.64484926e-03
0.832000,4.33397407e-02,3.58397407e-02,2.389316,-1.27226665e-01,2.72235153e-03
0.833000,4.32124627e-02,3.57124627e-02,2.380831,-1.27278068e-01,2.83698817e-03
0.834000,4.30851789e-02,3.55851789e-02,2.372345,-1.27283746e-01,2.91289129e-03
0.835000,4.29579406e-02,3.54579406e-02,2.363863,-1.27238353e-01,2.95229724e-03
0.836000,4.28307795e-02,3.53307795e-02,2.355385,-1.27161063e-01,2.79320652e-03
0.837000,4.27036805e-02,3.52036805e-02,2.346912,-1.27098966e-01,2.69667211e-03
0.838000,4.25765744e-02,3.50765744e-02,2.338438,-1.27106187e-01,2.53889503e-03
0.839000,4.24494013e-02,3.49494013e-02,2.329960,-1.27173013e-01,2.77402565e-03
0.840000,4.23221513e-02,3.48221513e-02,2.321477,-1.27250075e-01,2.75117394e-03
0.841000,4.21948973e-02,3.46948973e-02,2.312993,-1.27253958e-01,2.77051222e-03
0.842000,4.20676354e-02,3.45676354e-02,2.304509,-1.27261926e-01,2.80455801e-03
0.843000,4.19403779e-02,3.44403779e-02,2.296025,-1.27257522e-01,2.68194948e-03
0.844000,4.18131143e-02,3.43131143e-02,2.287541,-1.27263619e-01,2.77148753e-03
0.845000,4.16858201e-02,3.41858201e-02,2.279055,-1.27294148e-01,2.89742410e-03
0.846000,4.15585471e-02,3.40585471e-02,2.270570,-1.27273002e-01,2.84009915e-03
0.847000,4.14313265e-02,3.39313265e-02,2.262088,-1.27220633e-01,2.65407191e-03
0.848000,4.13041065e-02,3.38041065e-02,2.253607,-1.27219988e-01,2.64527364e-03
0.849000,4.11768245e-02,3.36768245e-02,2.245122,-1.27281992e-01,2.73514627e-03
0.850000,4.10494935e-02,3.35494935e-02,2.236633,-1.27330993e-01,2.83770499e-03
0.851000,4.09221612e-02,3.34221612e-02,2.228144,-1.27332343e-01,2.93694552e-03
0.852000,4.07948787e-02,3.32948787e-02,2.219659,-1.27282460e-01,2.96428736e-03
0.853000,4.06676835e-02,3.31676835e-02,2.211179,-1.27195151e-01,2.76899223e-03
0.854000,4.05405501e-02,3.30405501e-02,2.202703,-1.27133398e-01,2.64647367e-03
0.855000,4.04133927e-02,3.29133927e-02,2.194226,-1.27157449e-01,2.57913280e-03
0.856000,4.02861590e-02,3.27861590e-02,2.185744,-1.27233645e-01,2.68304420e-03
0.857000,4.01588455e-02,3.26588455e-02,2.177256,-1.27313581e-01,2.70944833e-03
0.858000,4.00314907e-02,3.25314907e-02,2.168766,-1.27354722e-01,2.77970137e-03
0.859000,3.99041160e-02,3.24041160e-02,2.160274,-1.27374769e-01,2.68835838e-03
0.860000,3.97767281e-02,3.22767281e-02,2.151782,-1.27387895e-01,2.77890736e-03
0.861000,3.96493131e-02,3.21493131e-02,2.143288,-1.27415008e-01,2.88391666e-03
0.862000,3.95219193e-02,3.20219193e-02,2.134795,-1.27393814e-01,2.91063680e-03
0.863000,3.93945859e-02,3.18945859e-02,2.126306,-1.27333407e-01,2.82945555e-03
0.864000,3.92673073e-02,3.17673073e-02,2.117820,-1.27278581e-01,2.55311260e-03
0.865000,3.91400080e-02,3.16400080e-02,2.109334,-1.27299285e-01,2.56375922e-03
0.866000,3.90125991e-02,3.15125991e-02,2.100840,-1.27408861e-01,2.61348944e-03
0.867000,3.88850930e-02,3.13850930e-02,2.092340,-1.27506146e-01,2.74701972e-03
0.868000,3.87575295e-02,3.12575295e-02,2.083835,-1.27563486e-01,2.99606328e-03
0.869000,3.86299966e-02,3.11299966e-02,2.075333,-1.27532932e-01,2.87762938e-03
0.870000,3.85025550e-02,3.10025550e-02,2.066837,-1.27441532e-01,2.90379939e-03
0.871000,3.83751706e-02,3.08751706e-02,2.058345,-1.27384400e-01,2.75236401e-03
0.872000,3.82478252e-02,3.07478252e-02,2.049855,-1.27345452e-01,2.74339914e-03
0.873000,3.81204674e-02,3.06204674e-02,2.041364,-1.27357824e-01,2.59974019e-03
0.874000,3.79930688e-02,3.04930688e-02,2.032871,-1.27398544e-01,2.75032152e-03
0.875000,3.78656090e-02,3.03656090e-02,2.024374,-1.27459815e-01,2.73698347e-03
0.876000,3.77381350e-02,3.02381350e-02,2.015876,-1.27473992e-01,2.77995252e-03
0.877000,3.76106500e-02,3.01106500e-02,2.007377,-1.27484951e-01,2.84432758e-03
0.878000,3.74831796e-02,2.99831796e-02,1.998879,-1.27470414e-01,2.87363294e-03
0.879000,3.73557501e-02,2.98557501e-02,1.990383,-1.27429553e-01,2.85714539e-03
0.880000,3.72283681e-02,2.97283681e-02,1.981891,-1.27381983e-01,2.83628993e-03
0.881000,3.71010246e-02,2.96010246e-02,1.973402,-1.27343516e-01,2.65947931e-03
0.882000,3.69736814e-02,2.94736814e-02,1.964912,-1.27343166e-01,2.63902658e-03
0.883000,3.68462769e-02,2.93462769e-02,1.956418,-1.27404499e-01,2.64874562e-03
0.884000,3.67188061e-02,2.92188061e-02,1.947920,-1.27470831e-01,2.75050435e-03
0.885000,3.65912901e-02,2.90912901e-02,1.939419,-1.27515976e-01,2.83262059e-03
0.886000,3.64637769e-02,2.89637769e-02,1.930918,-1.27513180e-01,2.91537716e-03
0.887000,3.63363081e-02,2.88363081e-02,1.922421,-1.27468782e-01,2.94546653e-03
0.888000,3.62089163e-02,2.87089163e-02,1.913928,-1.27391884e-01,2.82062484e-03
0.889000,3.60815891e-02,2.85815891e-02,1.905439,-1.27327181e-01,2.73150358e-03
0.890000,3.59542698e-02,2.84542698e-02,1.896951,-1.27319239e-01,2.58818756e-03
0.891000,3.58269039e-02,2.83269039e-02,1.888460,-1.27365909e-01,2.56432974e-03
0.892000,3.56994401e-02,2.81994401e-02,1.879963,-1.27463865e-01,2.69291166e-03
0.893000,3.55718932e-02,2.80718932e-02,1.871460,-1.27546918e-01,2.77266781e-03
0.894000,3.54443195e-02,2.79443195e-02,1.862955,-1.27573638e-01,2.73091346e-03
0.895000,3.53167380e-02,2.78167380e-02,1.854449,-1.27581550e-01,2.80467849e-03
0.896000,3.51891478e-02,2.76891478e-02,1.845943,-1.27590129e-01,2.92463552e-03
0.897000,3.50615946e-02,2.75615946e-02,1.837440,-1.27553271e-01,2.87534822e-03
0.898000,3.49341088e-02,2.74341088e-02,1.828941,-1.27485732e-01,2.78971779e-03
0.899000,3.48066593e-02,2.73066593e-02,1.820444,-1.27449523e-01,2.59757526e-03
0.900000,3.46791839e-02,2.71791839e-02,1.811946,-1.27475414e-01,2.72521882e-03
0.901000,3.45516421e-02,2.70516421e-02,1.803443,-1.27541835e-01,2.62757903e-03
0.902000,3.44240585e-02,2.69240585e-02,1.794937,-1.27583603e-01,2.86708535e-03
0.903000,3.42964434e-02,2.67964434e-02,1.786430,-1.27615084e-01,2.98497350e-03
0.904000,3.41688963e-02,2.66688963e-02,1.777926,-1.27547059e-01,2.77028880e-03
0.905000,3.40414180e-02,2.65414180e-02,1.769428,-1.27478283e-01,2.84589517e-03
0.906000,3.39139514e-02,2.64139514e-02,1.760930,-1.27466643e-01,2.78843896e-03
0.907000,3.37865111e-02,2.62865111e-02,1.752434,-1.27440333e-01,2.77044240e-03
0.908000,3.36590750e-02,2.61590750e-02,1.743938,-1.27436074e-01,2.72260742e-03
0.909000,3.35316288e-02,2.60316288e-02,1.735442,-1.27446185e-01,2.68631310e-03
0.910000,3.34041504e-02,2.59041504e-02,1.726943,-1.27478425e-01,2.69121949e-03
0.911000,3.32766287e-02,2.57766287e-02,1.718442,-1.27521716e-01,2.72605147e-03
0.912000,3.31490714e-02,2.56490714e-02,1.709938,-1.27557236e-01,2.82785092e-03
0.913000,3.30215081e-02,2.55215081e-02,1.701434,-1.27563314e-01,2.90999802e-03
0.914000,3.28939867e-02,2.53939867e-02,1.692932,-1.27521434e-01,2.85941071e-03
0.915000,3.27665252e-02,2.52665252e-02,1.684435,-1.27461521e-01,2.84020385e-03
0.916000,3.26391035e-02,2.51391035e-02,1.675940,-1.27421618e-01,2.64374624e-03
0.917000,3.25116808e-02,2.50116808e-02,1.667445,-1.27422764e-01,2.62914608e-03
0.918000,3.23841898e-02,2.48841898e-02,1.658946,-1.27491011e-01,2.66841980e-03
0.919000,3.22566327e-02,2.47566327e-02,1.650442,-1.27557109e-01,2.74502316e-03
0.920000,3.21290359e-02,2.46290359e-02,1.641936,-1.27596762e-01,2.82424204e-03
0.921000,3.20014386e-02,2.45014386e-02,1.633429,-1.27597248e-01,2.91613370e-03
0.922000,3.18738832e-02,2.43738832e-02,1.624926,-1.27555468e-01,2.97806458e-03
0.923000,3.17464106e-02,2.42464106e-02,1.616427,-1.27472557e-01,2.82666160e-03
0.924000,3.16190145e-02,2.41190145e-02,1.607934,-1.27396081e-01,2.71795457e-03
0.925000,3.14916260e-02,2.39916260e-02,1.599442,-1.27388552e-01,2.58545695e-03
0.926000,3.13641858e-02,2.38641858e-02,1.590946,-1.27440154e-01,2.57133321e-03
0.927000,3.12366481e-02,2.37366481e-02,1.582443,-1.27537768e-01,2.73655498e-03
0.928000,3.11090373e-02,2.36090373e-02,1.573936,-1.27610803e-01,2.76355625e-03
0.929000,3.09814125e-02,2.34814125e-02,1.565427,-1.27624802e-01,2.77590699e-03
0.930000,3.08537847e-02,2.33537847e-02,1.556919,-1.27627750e-01,2.80582991e-03
0.931000,3.07261634e-02,2.32261634e-02,1.548411,-1.27621349e-01,2.92913377e-03
0.932000,3.05985800e-02,2.30985800e-02,1.539905,-1.27583317e-01,2.85154431e-03
0.933000,3.04710615e-02,2.29710615e-02,1.531404,-1.27518510e-01,2.79209227e-03
0.934000,3.03435718e-02,2.28435718e-02,1.522905,-1.27489698e-01,2.63957813e-03
0.935000,3.02160645e-02,2.27160645e-02,1.514404,-1.27507382e-01,2.71393548e-03
0.936000,3.00885024e-02,2.25885024e-02,1.505900,-1.27562005e-01,2.64729400e-03
0.937000,2.99608985e-02,2.24608985e-02,1.497393,-1.27603992e-01,2.85208114e-03
0.938000,2.98332668e-02,2.23332668e-02,1.488884,-1.27631651e-01,2.95045541e-03
0.939000,2.97056921e-02,2.22056921e-02,1.480379,-1.27574658e-01,2.99981563e-03
0.940000,2.95782155e-02,2.20782155e-02,1.471881,-1.27476629e-01,2.89605486e-03
0.941000,2.94508348e-02,2.19508348e-02,1.463389,-1.27380738e-01,2.66140412e-03
0.942000,2.93234744e-02,2.18234744e-02,1.454898,-1.27360420e-01,2.62850502e-03
0.943000,2.91960514e-02,2.16960514e-02,1.446403,-1.27422982e-01,2.68931529e-03
0.944000,2.90685658e-02,2.15685658e-02,1.437904,-1.27485594e-01,2.75308132e-03
0.945000,2.89410488e-02,2.14410488e-02,1.429403,-1.27516960e-01,2.80444974e-03
0.946000,2.88135305e-02,2.13135305e-02,1.420902,-1.27518300e-01,2.70968934e-03
0.947000,2.86860110e-02,2.11860110e-02,1.412401,-1.27519527e-01,2.79068177e-03
0.948000,2.85584734e-02,2.10584734e-02,1.403898,-1.27537552e-01,2.90434019e-03
0.949000,2.84309646e-02,2.09309646e-02,1.395398,-1.27508879e-01,2.86793643e-03
0.950000,2.83035152e-02,2.08035152e-02,1.386901,-1.27449316e-01,2.86978447e-03
0.951000,2.81761139e-02,2.06761139e-02,1.378408,-1.27401382e-01,2.60463767e-03
0.952000,2.80487141e-02,2.05487141e-02,1.369914,-1.27399730e-01,2.61171925e-03
0.953000,2.79212302e-02,2.04212302e-02,1.361415,-1.27483903e-01,2.63987022e-03
0.954000,2.77936695e-02,2.02936695e-02,1.352911,-1.27560772e-01,2.75016273e-03
0.955000,2.76660606e-02,2.01660606e-02,1.344404,-1.27608892e-01,2.87477460e-03
0.956000,2.75384618e-02,2.00384618e-02,1.335897,-1.27598754e-01,2.97540455e-03
0.957000,2.74109319e-02,1.99109319e-02,1.327395,-1.27529897e-01,2.97042870e-03
0.958000,2.72835030e-02,1.97835030e-02,1.318900,-1.27428871e-01,2.80075615e-03
0.959000,2.71561436e-02,1.96561436e-02,1.310410,-1.27359484e-01,2.70953263e-03
0.960000,2.70287816e-02,1.95287816e-02,1.301919,-1.27361952e-01,2.55943778e-03
0.961000,2.69013607e-02,1.94013607e-02,1.293424,-1.27420921e-01,2.80170500e-03
0.962000,2.67738743e-02,1.92738743e-02,1.284925,-1.27486342e-01,2.63481512e-03
0.963000,2.66463726e-02,1.91463726e-02,1.276425,-1.27501711e-01,2.81857704e-03
0.964000,2.65188332e-02,1.90188332e-02,1.267922,-1.27539393e-01,2.87175531e-03
0.965000,2.63913259e-02,1.88913259e-02,1.259422,-1.27507321e-01,2.79315531e-03
0.966000,2.62638542e-02,1.87638542e-02,1.250924,-1.27471684e-01,2.79790713e-03
0.967000,2.61363932e-02,1.86363932e-02,1.242426,-1.27461020e-01,2.89216315e-03
0.968000,2.60089611e-02,1.85089611e-02,1.233931,-1.27432127e-01,2.78273518e-03
0.969000,2.58815695e-02,1.83815695e-02,1.225438,-1.27391630e-01,2.70341526e-03
0.970000,2.57541684e-02,1.82541684e-02,1.216945,-1.27401098e-01,2.71220619e-03
0.971000,2.56267333e-02,1.81267333e-02,1.208449,-1.27435062e-01,2.72733752e-03
0.972000,2.54992698e-02,1.79992698e-02,1.199951,-1.27463462e-01,2.87861317e-03
0.973000,2.53718097e-02,1.78718097e-02,1.191454,-1.27460141e-01,2.98428563e-03
0.974000,2.52444212e-02,1.77444212e-02,1.182961,-1.27388453e-01,3.00749880e-03
0.975000,2.51171433e-02,1.76171433e-02,1.174476,-1.27277955e-01,2.83355313e-03
0.976000,2.49899527e-02,1.74899527e-02,1.165997,-1.27190593e-01,2.66441014e-03
0.977000,2.48627624e-02,1.73627624e-02,1.157517,-1.27190270e-01,2.58610004e-03
0.978000,2.47355031e-02,1.72355031e-02,1.149034,-1.27259343e-01,2.70788681e-03
0.979000,2.46081705e-02,1.71081705e-02,1.140545,-1.27332598e-01,2.74796272e-03
0.980000,2.44808117e-02,1.69808117e-02,1.132054,-1.27358770e-01,2.82312431e-03
0.981000,2.43534532e-02,1.68534532e-02,1.123564,-1.27358488e-01,2.72415751e-03
0.982000,2.42261022e-02,1.67261022e-02,1.115073,-1.27351024e-01,2.88052504e-03
0.983000,2.40987538e-02,1.65987538e-02,1.106584,-1.27348410e-01,2.90629288e-03
0.984000,2.39714639e-02,1.64714639e-02,1.098098,-1.27289885e-01,2.91739871e-03
0.985000,2.38442430e-02,1.63442430e-02,1.089616,-1.27220934e-01,2.84604418e-03
0.986000,2.37170820e-02,1.62170820e-02,1.081139,-1.27160954e-01,2.58449636e-03
0.987000,2.35899114e-02,1.60899114e-02,1.072661,-1.27170660e-01,2.64998142e-03
0.988000,2.34626567e-02,1.59626567e-02,1.064177,-1.27254682e-01,2.66065276e-03
0.989000,2.33353414e-02,1.58353414e-02,1.055689,-1.27315310e-01,2.75963912e-03
0.990000,2.32079864e-02,1.57079864e-02,1.047199,-1.27354929e-01,3.02185684e-03
0.991000,2.30806708e-02,1.55806708e-02,1.038711,-1.27315669e-01,2.92146477e-03
0.992000,2.29534627e-02,1.54534627e-02,1.030231,-1.27208047e-01,2.99190205e-03
0.993000,2.28263418e-02,1.53263418e-02,1.021756,-1.27120938e-01,2.79176234e-03
0.994000,2.26992957e-02,1.51992957e-02,1.013286,-1.27046089e-01,2.71743018e-03
0.995000,2.25722456e-02,1.50722456e-02,1.004816,-1.27050114e-01,2.60947268e-03
0.996000,2.24451479e-02,1.49451479e-02,0.996343,-1.27097642e-01,2.82428351e-03
0.997000,2.23180053e-02,1.48180053e-02,0.987867,-1.27142638e-01,2.81006675e-03
0.998000,2.21908857e-02,1.46908857e-02,0.979392,-1.27119600e-01,2.80848845e-03
0.999000,2.20637842e-02,1.45637842e-02,0.970919,-1.27101511e-01,2.87290252e-03
1.000000,2.19367116e-02,1.44367116e-02,0.962447,-1.27072549e-01,2.93937100e-03
1.001000,2.18097010e-02,1.43097010e-02,0.953980,-1.27010679e-01,2.82559372e-03
1.002000,2.16827539e-02,1.41827539e-02,0.945517,-1.26947099e-01,2.91967458e-03
1.003000,2.15558496e-02,1.40558496e-02,0.937057,-1.26904249e-01,2.76287310e-03
1.004000,2.14289914e-02,1.39289914e-02,0.928599,-1.26858229e-01,2.66754674e-03
1.005000,2.13021108e-02,1.38021108e-02,0.920141,-1.26880563e-01,2.71399806e-03
1.006000,2.11751848e-02,1.36751848e-02,0.911679,-1.26925989e-01,2.81758108e-03
1.007000,2.10482470e-02,1.35482470e-02,0.903216,-1.26937843e-01,2.89647581e-03
1.008000,2.09213453e-02,1.34213453e-02,0.894756,-1.26901726e-01,2.98747182e-03
1.009000,2.07945217e-02,1.32945217e-02,0.886301,-1.26823608e-01,3.05545668e-03
1.010000,2.06678181e-02,1.31678181e-02,0.877855,-1.26703582e-01,2.88988209e-03
1.011000,2.05412276e-02,1.30412276e-02,0.869415,-1.26590510e-01,2.68369610e-03
1.012000,2.04146593e-02,1.29146593e-02,0.860977,-1.26568276e-01,2.64888792e-03
1.013000,2.02880394e-02,1.27880394e-02,0.852536,-1.26619913e-01,2.72338686e-03
1.014000,2.01613696e-02,1.26613696e-02,0.844091,-1.26669806e-01,2.82491799e-03
1.015000,2.00346923e-02,1.25346923e-02,0.835646,-1.26677279e-01,2.84250099e-03
1.016000,1.99080440e-02,1.24080440e-02,0.827203,-1.26648297e-01,2.74846812e-03
1.017000,1.97814138e-02,1.22814138e-02,0.818761,-1.26630170e-01,2.83897259e-03
1.018000,1.96547869e-02,1.21547869e-02,0.810319,-1.26626920e-01,3.01807337e-03
1.019000,1.95282246e-02,1.20282246e-02,0.801882,-1.26562275e-01,2.99643218e-03
1.020000,1.94017820e-02,1.19017820e-02,0.793452,-1.26442638e-01,2.88838874e-03
1.021000,1.92754328e-02,1.17754328e-02,0.785029,-1.26349214e-01,2.64498031e-03
1.022000,1.91490985e-02,1.16490985e-02,0.776607,-1.26334317e-01,2.63302845e-03
1.023000,1.90226970e-02,1.15226970e-02,0.768180,-1.26401473e-01,2.75053970e-03
1.024000,1.88962452e-02,1.13962452e-02,0.759750,-1.26451773e-01,2.82537875e-03
1.025000,1.87697950e-02,1.12697950e-02,0.751320,-1.26450247e-01,2.93734524e-03
1.026000,1.86433906e-02,1.11433906e-02,0.742893,-1.26404342e-01,3.01822605e-03
1.027000,1.85170833e-02,1.10170833e-02,0.734472,-1.26307363e-01,3.09792775e-03
1.028000,1.83909135e-02,1.08909135e-02,0.726061,-1.26169727e-01,2.89324538e-03
1.029000,1.82648714e-02,1.07648714e-02,0.717658,-1.26042112e-01,2.78128341e-03
1.030000,1.81388699e-02,1.06388699e-02,0.709258,-1.26001516e-01,2.67781283e-03
1.031000,1.80128539e-02,1.05128539e-02,0.700857,-1.26015988e-01,2.73827402e-03
1.032000,1.78868002e-02,1.03868002e-02,0.692453,-1.26053750e-01,2.75002654e-03
1.033000,1.77607306e-02,1.02607306e-02,0.684049,-1.26069577e-01,2.86804637e-03
1.034000,1.76346699e-02,1.01346699e-02,0.675645,-1.26060674e-01,3.04097804e-03
1.035000,1.75086875e-02,1.00086875e-02,0.667246,-1.25982430e-01,2.89599076e-03
1.036000,1.73828145e-02,9.88281450e-03,0.658854,-1.25873032e-01,2.98426371e-03
1.037000,1.72570188e-02,9.75701880e-03,0.650468,-1.25795640e-01,2.92428929e-03
1.038000,1.71313190e-02,9.63131900e-03,0.642088,-1.25699864e-01,2.93888970e-03
1.039000,1.70056977e-02,9.50569770e-03,0.633713,-1.25621203e-01,2.78962947e-03
1.040000,1.68801336e-02,9.38013360e-03,0.625342,-1.25564141e-01,2.83585668e-03
1.041000,1.67545857e-02,9.25458570e-03,0.616972,-1.25547924e-01,2.75403026e-03
1.042000,1.66290547e-02,9.12905470e-03,0.608604,-1.25530995e-01,2.98973596e-03
1.043000,1.65035554e-02,9.00355540e-03,0.600237,-1.25499258e-01,3.13563465e-03
1.044000,1.63781911e-02,8.87819110e-03,0.591879,-1.25364310e-01,2.93126083e-03
1.045000,1.62529735e-02,8.75297350e-03,0.583532,-1.25217589e-01,3.01389528e-03
1.046000,1.61278502e-02,8.62785020e-03,0.575190,-1.25123374e-01,2.93744054e-03
1.047000,1.60028346e-02,8.50283460e-03,0.566856,-1.25015541e-01,2.92118007e-03
1.048000,1.58778989e-02,8.37789890e-03,0.558527,-1.24935692e-01,2.84047156e-03
1.049000,1.57530235e-02,8.25302350e-03,0.550202,-1.24875455e-01,2.88271593e-03
1.050000,1.56281892e-02,8.12818920e-03,0.541879,-1.24834255e-01,2.91346127e-03
1.051000,1.55034155e-02,8.00341550e-03,0.533561,-1.24773743e-01,2.93834482e-03
1.052000,1.53787167e-02,7.87871670e-03,0.525248,-1.24698734e-01,2.97860304e-03
1.053000,1.52541083e-02,7.75410830e-03,0.516941,-1.24608433e-01,3.12456562e-03
1.054000,1.51296292e-02,7.62962920e-03,0.508642,-1.24479100e-01,3.05582490e-03
1.055000,1.50053152e-02,7.50531520e-03,0.500354,-1.24313986e-01,2.93806106e-03
1.056000,1.48811229e-02,7.38112290e-03,0.492075,-1.24192272e-01,2.89306296e-03
1.057000,1.47570058e-02,7.25700580e-03,0.483800,-1.24117192e-01,2.92355748e-03
1.058000,1.46329543e-02,7.13295430e-03,0.475530,-1.24051497e-01,2.91460220e-03
1.059000,1.45089769e-02,7.00897690e-03,0.467265,-1.23977370e-01,3.00411566e-03
1.060000,1.43850865e-02,6.88508650e-03,0.459006,-1.23890356e-01,3.09441845e-03
1.061000,1.42613286e-02,6.76132860e-03,0.450755,-1.23757974e-01,3.20884652e-03
1.062000,1.41377529e-02,6.63775290e-03,0.442517,-1.23575701e-01,3.24605772e-03
1.063000,1.40144036e-02,6.51440360e-03,0.434294,-1.23349267e-01,3.08839614e-03
1.064000,1.38912651e-02,6.39126510e-03,0.426084,-1.23138494e-01,2.96631320e-03
1.065000,1.37682640e-02,6.26826400e-03,0.417884,-1.23001087e-01,2.85605288e-03
1.066000,1.36453407e-02,6.14534070e-03,0.409689,-1.22923273e-01,2.99099700e-03
1.067000,1.35224829e-02,6.02248290e-03,0.401499,-1.22857807e-01,3.07291560e-03
1.068000,1.33997494e-02,5.89974940e-03,0.393317,-1.22733537e-01,3.15830162e-03
1.069000,1.32771821e-02,5.77718210e-03,0.385145,-1.22567263e-01,3.07331691e-03
1.070000,1.31547942e-02,5.65479420e-03,0.376986,-1.22387977e-01,3.13586005e-03
1.071000,1.30325686e-02,5.53256860e-03,0.368838,-1.22225540e-01,3.25775258e-03
1.072000,1.29105476e-02,5.41054760e-03,0.360703,-1.22021008e-01,3.22303977e-03
1.073000,1.27887650e-02,5.28876500e-03,0.352584,-1.21782584e-01,3.11662447e-03
1.074000,1.26671906e-02,5.16719060e-03,0.344479,-1.21574377e-01,3.04430371e-03
1.075000,1.25457767e-02,5.04577670e-03,0.336385,-1.21413909e-01,3.07861413e-03
1.076000,1.24245056e-02,4.92450560e-03,0.328300,-1.21271124e-01,3.14800408e-03
1.077000,1.23034008e-02,4.80340080e-03,0.320227,-1.21104800e-01,3.11586723e-03
1.078000,1.21824794e-02,4.68247940e-03,0.312165,-1.20921371e-01,3.40734861e-03
1.079000,1.20617825e-02,4.56178250e-03,0.304119,-1.20696951e-01,3.57762334e-03
1.080000,1.19414358e-02,4.44143580e-03,0.296096,-1.20346692e-01,3.51289134e-03
1.081000,1.18214838e-02,4.32148380e-03,0.288099,-1.19951960e-01,3.32561496e-03
1.082000,1.17018722e-02,4.20187220e-03,0.280125,-1.19611605e-01,3.13811812e-03
1.083000,1.15825063e-02,4.08250630e-03,0.272167,-1.19365911e-01,3.22852403e-03
1.084000,1.14633405e-02,3.96334050e-03,0.264223,-1.19165806e-01,3.16022817e-03
1.085000,1.13443924e-02,3.84439240e-03,0.256293,-1.18948088e-01,3.50693374e-03
1.086000,1.12257009e-02,3.72570090e-03,0.248380,-1.18691488e-01,3.31344560e-03
1.087000,1.11073457e-02,3.60734570e-03,0.240490,-1.18355241e-01,3.38874905e-03
1.088000,1.09892765e-02,3.48927650e-03,0.232618,-1.18069222e-01,3.47698527e-03
1.089000,1.08715336e-02,3.37153360e-03,0.224769,-1.17742869e-01,3.57752328e-03
1.090000,1.07541638e-02,3.25416380e-03,0.216944,-1.17369759e-01,3.69692163e-03
1.091000,1.06372213e-02,3.13722130e-03,0.209148,-1.16942516e-01,3.76573168e-03
1.092000,1.05207574e-02,3.02075740e-03,0.201384,-1.16463892e-01,3.76204883e-03
1.093000,1.04047941e-02,2.90479410e-03,0.193653,-1.15963322e-01,3.41525751e-03
1.094000,1.02892688e-02,2.78926880e-03,0.185951,-1.15525287e-01,3.52929308e-03
1.095000,1.01740879e-02,2.67408790e-03,0.178273,-1.15180978e-01,3.61887781e-03
1.096000,1.00593045e-02,2.55930450e-03,0.170620,-1.14783376e-01,4.00947241e-03
1.097000,9.94501719e-03,2.44501719e-03,0.163001,-1.14287280e-01,4.17879302e-03
1.098000,9.83138423e-03,2.33138423e-03,0.155426,-1.13632965e-01,4.36999892e-03
1.099000,9.71849500e-03,2.21849500e-03,0.147900,-1.12889230e-01,4.26417780e-03
1.100000,9.60639358e-03,2.10639358e-03,0.140426,-1.12101414e-01,4.24334829e-03
1.101000,9.49504155e-03,1.99504155e-03,0.133003,-1.11352034e-01,3.95969914e-03
1.102000,9.38438190e-03,1.88438190e-03,0.125625,-1.10659655e-01,4.06257326e-03
1.103000,9.27433966e-03,1.77433966e-03,0.118289,-1.10042238e-01,4.09983300e-03
1.104000,9.16495521e-03,1.66495521e-03,0.110997,-1.09384447e-01,4.47141350e-03
1.105000,9.05630650e-03,1.55630650e-03,0.103754,-1.08648710e-01,4.68719027e-03
1.106000,8.94855372e-03,1.44855372e-03,0.096570,-1.07752782e-01,5.13872273e-03
1.107000,8.84184758e-03,1.34184758e-03,0.089457,-1.06706142e-01,5.04088355e-03
1.108000,8.73631906e-03,1.23631906e-03,0.082421,-1.05528513e-01,4.90324442e-03
1.109000,8.63191171e-03,1.13191171e-03,0.075461,-1.04407356e-01,4.69952543e-03
1.110000,8.52854428e-03,1.02854428e-03,0.068570,-1.03367427e-01,5.25122188e-03
1.111000,8.42624744e-03,9.26247440e-04,0.061750,-1.02296841e-01,6.05608424e-03
1.112000,8.32534470e-03,8.25344700e-04,0.055023,-1.00902739e-01,7.04933288e-03
1.113000,8.22627604e-03,7.26276040e-04,0.048418,-9.90686632e-02,7.60257605e-03
1.114000,8.12946548e-03,6.29465480e-04,0.041964,-9.68105548e-02,7.78969882e-03
1.115000,8.03512782e-03,5.35127820e-04,0.035675,-9.43376625e-02,9.61248814e-03
1.116000,7.94364684e-03,4.43646840e-04,0.029576,-9.14809763e-02,1.09217737e-02
1.117000,7.85585272e-03,3.55852720e-04,0.023724,-8.77941263e-02,1.25831820e-02
1.118000,7.77246923e-03,2.72469230e-04,0.018165,-8.33834858e-02,1.43175837e-02
1.119000,7.69434873e-03,1.94348730e-04,0.012957,-7.81205045e-02,1.60348342e-02
1.120000,7.62236448e-03,1.22364480e-04,0.008158,-7.19842431e-02,1.70286869e-02
1.121000,7.55725623e-03,5.72562300e-05,0.003817,-6.51082592e-02,1.80322931e-02
1.122000,7.50000000e-03,0.00000000e+00,0.000000,-5.72562253e-02,1.80661894e-02
1.123000,7.50000000e-03,0.00000000e+00,0.000000,-1.38777878e-17,-2.11841615e-02
1.124000,7.50078560e-03,7.85600000e-07,0.000052,7.85596077e-04,-1.49429909e-02
1.125000,7.50000000e-03,0.00000000e+00,0.000000,-7.85596077e-04,4.58513846e-03
1.126000,7.50000000e-03,0.00000000e+00,0.000000,-8.67361738e-19,1.79636152e-02
1.127000,7.50328106e-03,3.28106000e-06,0.000219,3.28106412e-03,2.08267196e-02
1.128000,7.51474319e-03,1.47431900e-05,0.000983,1.14621282e-02,1.40870932e-02
1.129000,7.53413484e-03,3.41348400e-05,0.002276,1.93916510e-02,6.40171723e-03
1.130000,7.55788355e-03,5.78835500e-05,0.003859,2.37487067e-02,3.73237474e-03
1.131000,7.58299328e-03,8.29932800e-05,0.005533,2.51097266e-02,5.71602643e-03
1.132000,7.60893816e-03,1.08938160e-04,0.007263,2.59448812e-02,8.12166726e-03
1.133000,7.63679507e-03,1.36795070e-04,0.009120,2.78569073e-02,8.62958188e-03
1.134000,7.66744387e-03,1.67443870e-04,0.011163,3.06488009e-02,7.25079609e-03
1.135000,7.70080754e-03,2.00807540e-04,0.013387,3.33636784e-02,5.13716830e-03
1.136000,7.73605951e-03,2.36059510e-04,0.015737,3.52519705e-02,3.89601048e-03
1.137000,7.77228615e-03,2.72286150e-04,0.018152,3.62266308e-02,4.10439826e-03
1.138000,7.80911667e-03,3.09116670e-04,0.020608,3.68305274e-02,3.82782048e-03
1.139000,7.84657062e-03,3.46570620e-04,0.023105,3.74539519e-02,3.92864064e-03
1.140000,7.88457500e-03,3.84575000e-04,0.025638,3.80043730e-02,3.60197315e-03
1.141000,7.92310514e-03,4.23105140e-04,0.028207,3.85301375e-02,2.21142350e-03
1.142000,7.96180785e-03,4.61807850e-04,0.030787,3.87027163e-02,1.26323704e-03
1.143000,8.00005879e-03,5.00058790e-04,0.033337,3.82509417e-02,1.14850567e-03
1.144000,8.03752627e-03,5.37526270e-04,0.035835,3.74674795e-02,1.39614510e-03
1.145000,8.07421640e-03,5.74216400e-04,0.038281,3.66901300e-02,8.68599637e-04
1.146000,8.11011722e-03,6.10117220e-04,0.040674,3.59008185e-02,5.25215781e-04
1.147000,8.14499475e-03,6.44994750e-04,0.043000,3.48775296e-02,1.52764497e-04
1.148000,8.17867036e-03,6.78670360e-04,0.045245,3.36756044e-02,9.85462446e-05
1.149000,8.21101213e-03,7.11012130e-04,0.047401,3.23417728e-02,1.72671904e-04
1.150000,8.24201537e-03,7.42015370e-04,0.049468,3.10032434e-02,2.28764185e-04
1.151000,8.27171435e-03,7.71714350e-04,0.051448,2.96989772e-02,2.49755579e-05
1.152000,8.30009144e-03,8.00091440e-04,0.053339,2.83770949e-02,-2.81026342e-04
1.153000,8.32702562e-03,8.27025620e-04,0.055135,2.69341723e-02,-3.68008387e-04
1.154000,8.35240099e-03,8.52400990e-04,0.056827,2.53753723e-02,-3.67581299e-04
1.155000,8.37618907e-03,8.76189070e-04,0.058413,2.37880816e-02,-1.74080746e-04
1.156000,8.39842422e-03,8.98424220e-04,0.059895,2.22351496e-02,-2.07071164e-05
1.157000,8.41919711e-03,9.19197110e-04,0.061280,2.07728885e-02,6.94101348e-06
1.158000,8.43856299e-03,9.38562990e-04,0.062571,1.93658869e-02,-2.75212719e-05
1.159000,8.45652487e-03,9.56524870e-04,0.063768,1.79618710e-02,1.10659583e-05
1.160000,8.47307823e-03,9.73078230e-04,0.064872,1.65533609e-02,1.16746823e-04
1.161000,8.48825444e-03,9.88254440e-04,0.065884,1.51762119e-02,9.05723753e-05
1.162000,8.50208358e-03,1.00208358e-03,0.066806,1.38291415e-02,1.06433411e-04
1.163000,8.51455986e-03,1.01455986e-03,0.067637,1.24762798e-02,1.76548810e-04
1.164000,8.52570089e-03,1.02570089e-03,0.068380,1.11410262e-02,3.09642075e-04
1.165000,8.53555322e-03,1.03555322e-03,0.069037,9.85233567e-03,4.00721236e-04
1.166000,8.54417668e-03,1.04417668e-03,0.069612,8.62346126e-03,4.24384182e-04
1.167000,8.55160537e-03,1.05160537e-03,0.070107,7.42868314e-03,4.26817682e-04
1.168000,8.55784747e-03,1.05784747e-03,0.070523,6.24210662e-03,4.11234933e-04
1.169000,8.56290105e-03,1.06290105e-03,0.070860,5.05357366e-03,5.12635677e-04
1.170000,8.56677890e-03,1.06677890e-03,0.071119,3.87785469e-03,6.32922204e-04
1.171000,8.56953561e-03,1.06953561e-03,0.071302,2.75670856e-03,7.11348344e-04
1.172000,8.57122454e-03,1.07122454e-03,0.071415,1.68893512e-03,7.47734376e-04
1.173000,8.57187790e-03,1.07187790e-03,0.071459,6.53352454e-04,7.75535564e-04
1.174000,8.57151253e-03,1.07151253e-03,0.071434,-3.65364163e-04,8.18799508e-04
1.175000,8.57014523e-03,1.07014523e-03,0.071343,-1.36729971e-03,8.76053141e-04
1.176000,8.56780033e-03,1.06780033e-03,0.071187,-2.34490206e-03,9.32837513e-04
1.177000,8.56450667e-03,1.06450667e-03,0.070967,-3.29365978e-03,9.79794652e-04
1.178000,8.56029121e-03,1.06029121e-03,0.070686,-4.21546482e-03,1.01848346e-03
1.179000,8.55517620e-03,1.05517620e-03,0.070345,-5.11500675e-03,1.10923418e-03
1.180000,8.54919041e-03,1.04919041e-03,0.069946,-5.98579444e-03,1.14866696e-03
1.181000,8.54237060e-03,1.04237060e-03,0.069491,-6.81980500e-03,1.17430269e-03
1.182000,8.53473427e-03,1.03473427e-03,0.068982,-7.63633184e-03,1.20234772e-03
1.183000,8.52629479e-03,1.02629479e-03,0.068420,-8.43948008e-03,1.23691946e-03
1.184000,8.51706748e-03,1.01706748e-03,0.067804,-9.22730429e-03,1.28572942e-03
1.185000,8.50707234e-03,1.00707234e-03,0.067138,-9.99514312e-03,1.34939807e-03
1.186000,8.49633665e-03,9.96336650e-04,0.066422,-1.07356929e-02,1.39681293e-03
1.187000,8.48488970e-03,9.84889700e-04,0.065659,-1.14469482e-02,1.42126358e-03
1.188000,8.47275139e-03,9.72751390e-04,0.064850,-1.21383080e-02,1.53997149e-03
1.189000,8.45995075e-03,9.59950750e-04,0.063997,-1.28006456e-02,1.60188663e-03
1.190000,8.44653770e-03,9.46537700e-04,0.063103,-1.34130487e-02,1.64331877e-03
1.191000,8.43253991e-03,9.32539910e-04,0.062169,-1.39977912e-02,1.69210999e-03
1.192000,8.41797961e-03,9.17979610e-04,0.061199,-1.45602985e-02,1.73520038e-03
1.193000,8.40288045e-03,9.02880450e-04,0.060192,-1.50991621e-02,1.78248977e-03
1.194000,8.38726493e-03,8.87264930e-04,0.059151,-1.56155115e-02,1.85247197e-03
1.195000,8.37116098e-03,8.71160980e-04,0.058077,-1.61039548e-02,1.90995901e-03
1.196000,8.35460173e-03,8.54601730e-04,0.056973,-1.65592489e-02,2.03772010e-03
1.197000,8.33762866e-03,8.37628660e-04,0.055842,-1.69730703e-02,2.13228859e-03
1.198000,8.32030045e-03,8.20300450e-04,0.054687,-1.73282097e-02,2.27920158e-03
1.199000,8.30267414e-03,8.02674140e-04,0.053512,-1.76263115e-02,2.35909874e-03
1.200000,8.28481210e-03,7.84812100e-04,0.052321,-1.78620359e-02,2.40068396e-03
1.201000,8.26674794e-03,7.66747940e-04,0.051117,-1.80641670e-02,2.44287896e-03
1.202000,8.24850276e-03,7.48502760e-04,0.049900,-1.82451792e-02,2.61662825e-03
1.203000,8.23012115e-03,7.30121150e-04,0.048675,-1.83816083e-02,2.75314052e-03
1.204000,8.21168431e-03,7.11684310e-04,0.047446,-1.84368349e-02,2.88824236e-03
1.205000,8.19326098e-03,6.93260980e-04,0.046217,-1.84233376e-02,2.97835015e-03
1.206000,8.17491144e-03,6.74911440e-04,0.044994,-1.83495362e-02,3.05998531e-03
1.207000,8.15667973e-03,6.56679730e-04,0.043779,-1.82317058e-02,3.12309832e-03
1.208000,8.13860383e-03,6.38603830e-04,0.042574,-1.80759044e-02,3.26426322e-03
1.209000,8.12072942e-03,6.20729420e-04,0.041382,-1.78744122e-02,3.53618996e-03
1.210000,8.10315095e-03,6.03150950e-04,0.040210,-1.75784723e-02,3.78830179e-03
1.211000,8.08600230e-03,5.86002300e-04,0.039067,-1.71486443e-02,3.92125352e-03
1.212000,8.06938979e-03,5.69389790e-04,0.037959,-1.66125080e-02,3.97902000e-03
1.213000,8.05336730e-03,5.53367300e-04,0.036891,-1.60224930e-02,4.05083204e-03
1.214000,8.03796649e-03,5.37966490e-04,0.035864,-1.54008075e-02,4.22757122e-03
1.215000,8.02324221e-03,5.23242210e-04,0.034883,-1.47242835e-02,4.37452629e-03
1.216000,8.00927848e-03,5.09278480e-04,0.033952,-1.39637284e-02,4.50696423e-03
1.217000,7.99614699e-03,4.96146990e-04,0.033076,-1.31314908e-02,4.58105755e-03
1.218000,7.98390433e-03,4.83904330e-04,0.032260,-1.22426560e-02,4.60638976e-03
1.219000,7.97257933e-03,4.72579330e-04,0.031505,-1.13250082e-02,4.62893915e-03
1.220000,7.96218427e-03,4.62184270e-04,0.030812,-1.03950533e-02,4.66235441e-03
1.221000,7.95273249e-03,4.52732490e-04,0.030182,-9.45178371e-03,4.69705361e-03
1.222000,7.94424108e-03,4.44241080e-04,0.029616,-8.49140389e-03,4.71968979e-03
1.223000,7.93672546e-03,4.36725460e-04,0.029115,-7.51562538e-03,4.72052759e-03
1.224000,7.93019319e-03,4.30193190e-04,0.028680,-6.53226465e-03,4.72695223e-03
1.225000,7.92464570e-03,4.24645700e-04,0.028310,-5.54749265e-03,4.69749922e-03
1.226000,7.92007988e-03,4.20079880e-04,0.028005,-4.56581914e-03,4.66051233e-03
1.227000,7.91647952e-03,4.16479520e-04,0.027765,-3.60035916e-03,4.61588049e-03
1.228000,7.91382459e-03,4.13824590e-04,0.027588,-2.65493886e-03,4.56951302e-03
1.229000,7.91209221e-03,4.12092210e-04,0.027473,-1.73237590e-03,4.54316455e-03
1.230000,7.91126251e-03,4.11262510e-04,0.027418,-8.29700145e-04,4.47961217e-03
1.231000,7.91131559e-03,4.11315590e-04,0.027421,5.30838525e-05,4.39970621e-03
1.232000,7.91221646e-03,4.12216460e-04,0.027481,9.00865819e-04,4.31525054e-03
1.233000,7.91392393e-03,4.13923930e-04,0.027595,1.70747043e-03,4.20151664e-03
1.234000,7.91639016e-03,4.16390160e-04,0.027759,2.46622597e-03,4.12217471e-03
1.235000,7.91956375e-03,4.19563750e-04,0.027971,3.17359886e-03,4.05397322e-03
1.236000,7.92340661e-03,4.23406610e-04,0.028227,3.84285401e-03,3.97500048e-03
1.237000,7.92788235e-03,4.27882350e-04,0.028525,4.47574531e-03,3.85197327e-03
1.238000,7.93294330e-03,4.32943300e-04,0.028863,5.06094480e-03,3.72813474e-03
1.239000,7.93852714e-03,4.38527140e-04,0.029235,5.58384086e-03,3.65213799e-03
1.240000,7.94457977e-03,4.44579770e-04,0.029639,6.05262730e-03,3.58300197e-03
1.241000,7.95106400e-03,4.51064000e-04,0.030071,6.48422935e-03,3.49308782e-03
1.242000,7.95794122e-03,4.57941220e-04,0.030529,6.87722579e-03,3.38423562e-03
1.243000,7.96516267e-03,4.65162670e-04,0.031011,7.22144377e-03,3.27938641e-03
1.244000,7.97267404e-03,4.72674040e-04,0.031512,7.51137165e-03,3.17986562e-03
1.245000,7.98042330e-03,4.80423300e-04,0.032028,7.74926634e-03,3.08887776e-03
1.246000,7.98836169e-03,4.88361690e-04,0.032557,7.93838673e-03,3.00107139e-03
1.247000,7.99644379e-03,4.96443790e-04,0.033096,8.08209777e-03,2.91269895e-03
1.248000,8.00462513e-03,5.04625130e-04,0.033642,8.18134421e-03,2.82432952e-03
1.249000,8.01286107e-03,5.12861070e-04,0.034191,8.23594067e-03,2.72338098e-03
1.250000,8.02110474e-03,5.21104740e-04,0.034740,8.24366366e-03,2.66065483e-03
1.251000,8.02931188e-03,5.29311880e-04,0.035287,8.20714123e-03,2.60593907e-03
1.252000,8.03745222e-03,5.37452220e-04,0.035830,8.14034271e-03,2.54173181e-03
1.253000,8.04549644e-03,5.45496440e-04,0.036366,8.04422039e-03,2.46119802e-03
1.254000,8.05340921e-03,5.53409210e-04,0.036894,7.91276994e-03,2.36860908e-03
1.255000,8.06114771e-03,5.61147710e-04,0.037410,7.73849767e-03,2.32620124e-03
1.256000,8.06867403e-03,5.68674030e-04,0.037912,7.52631846e-03,2.26000022e-03
1.257000,8.07596253e-03,5.75962530e-04,0.038398,7.28850497e-03,2.23045403e-03
1.258000,8.08298626e-03,5.82986260e-04,0.038866,7.02372515e-03,2.22650173e-03
1.259000,8.08973480e-03,5.89734800e-04,0.039316,6.74854301e-03,2.21480722e-03
1.260000,8.09620479e-03,5.96204790e-04,0.039747,6.46999482e-03,2.18073616e-03
1.261000,8.10238638e-03,6.02386380e-04,0.040159,6.18158090e-03,2.14300908e-03
1.262000,8.10826168e-03,6.08261680e-04,0.040551,5.87530592e-03,2.11270351e-03
1.263000,8.11381296e-03,6.13812960e-04,0.040921,5.55128161e-03,2.28920533e-03
1.264000,8.11906148e-03,6.19061480e-04,0.041271,5.24851686e-03,2.33062058e-03
1.265000,8.12407252e-03,6.24072520e-04,0.041605,5.01104178e-03,2.30146344e-03
1.266000,8.12885453e-03,6.28854530e-04,0.041924,4.78201197e-03,2.17462155e-03
1.267000,8.13337551e-03,6.33375510e-04,0.042225,4.52097595e-03,2.06028341e-03
1.268000,8.13757357e-03,6.37573570e-04,0.042505,4.19806373e-03,2.06383377e-03
1.269000,8.14141180e-03,6.41411800e-04,0.042761,3.83822899e-03,2.09834506e-03
1.270000,8.14489747e-03,6.44897470e-04,0.042993,3.48566319e-03,2.12743283e-03
1.271000,8.14804704e-03,6.48047040e-04,0.043203,3.14957525e-03,2.12074722e-03
1.272000,8.15086890e-03,6.50868900e-04,0.043391,2.82185790e-03,2.09689580e-03
1.273000,8.15335663e-03,6.53356630e-04,0.043557,2.48772704e-03,2.06345910e-03
1.274000,8.15549648e-03,6.55496480e-04,0.043700,2.13985011e-03,2.06564690e-03
1.275000,8.15727785e-03,6.57277850e-04,0.043819,1.78137895e-03,2.08312654e-03
1.276000,8.15870457e-03,6.58704570e-04,0.043914,1.42671738e-03,2.09981103e-03
1.277000,8.15978532e-03,6.59785320e-04,0.043986,1.08074684e-03,2.10451616e-03
1.278000,8.16052641e-03,6.60526410e-04,0.044035,7.41087798e-04,2.10352869e-03
1.279000,8.16092921e-03,6.60929210e-04,0.044062,4.02799363e-04,2.10764835e-03
1.280000,8.16099412e-03,6.60994120e-04,0.044066,6.49151440e-05,2.12105585e-03
1.281000,8.16072488e-03,6.60724880e-04,0.044048,-2.69245149e-04,2.14026205e-03
1.282000,8.16012927e-03,6.60129270e-04,0.044009,-5.95605817e-04,2.15997803e-03
1.283000,8.15921710e-03,6.59217100e-04,0.043948,-9.12172331e-04,2.17810432e-03
1.284000,8.15799804e-03,6.57998040e-04,0.043867,-1.21905839e-03,2.19599207e-03
1.285000,8.15648121e-03,6.56481210e-04,0.043765,-1.51682826e-03,2.21571784e-03
1.286000,8.15467598e-03,6.54675980e-04,0.043645,-1.80523523e-03,2.24197842e-03
1.287000,8.15259346e-03,6.52593460e-04,0.043506,-2.08252008e-03,2.26533474e-03
1.288000,8.15024641e-03,6.50246410e-04,0.043350,-2.34705026e-03,2.29828033e-03
1.289000,8.14764832e-03,6.47648320e-04,0.043177,-2.59808382e-03,2.32293449e-03
1.290000,8.14481438e-03,6.44814380e-04,0.042988,-2.83393774e-03,2.34577427e-03
1.291000,8.14175673e-03,6.41756730e-04,0.042784,-3.05765590e-03,2.37103321e-03
1.292000,8.13848732e-03,6.38487320e-04,0.042566,-3.26940638e-03,2.40626731e-03
1.293000,8.13502069e-03,6.35020690e-04,0.042335,-3.46663068e-03,2.43409723e-03
1.294000,8.13137333e-03,6.31373330e-04,0.042092,-3.64736217e-03,2.45948929e-03
1.295000,8.12755887e-03,6.27558870e-04,0.041837,-3.81446359e-03,2.53639391e-03
1.296000,8.12359924e-03,6.23599240e-04,0.041573,-3.95962616e-03,2.58520490e-03
1.297000,8.11952834e-03,6.19528340e-04,0.041302,-4.07090043e-03,2.61711315e-03
1.298000,8.11536784e-03,6.15367840e-04,0.041025,-4.16050182e-03,2.64132635e-03
1.299000,8.11113249e-03,6.11132490e-04,0.040742,-4.23534222e-03,2.67057412e-03
1.300000,8.10683544e-03,6.06835440e-04,0.040456,-4.29705851e-03,2.73211931e-03
