# FeatFloWer certified run q2p1_dns_rundir_e3_l4 (particle_force.log, every CFD step)
# case=E3 level=L4 D/h=49.098 dt=0.001 s; quarter-box benchSym mesh, FBM Q2/P1, serial PE HardContactAndFluid, lubrication OFF
# columns: t_s, z_center_m, gap_m (=z_center-0.0075), h_over_d (=gap/0.015), u_z_mps, F_z_N (hydrodynamic force on the sphere, full-sphere value)
0.001000,1.27500000e-01,1.20000000e-01,8.000000,0.00000000e+00,0.00000000e+00
0.002000,1.27498616e-01,1.19998616e-01,7.999908,-1.38391071e-03,1.37744192e-03
0.003000,1.27496092e-01,1.19996092e-01,7.999739,-2.52423622e-03,1.78078808e-03
0.004000,1.27492951e-01,1.19992951e-01,7.999530,-3.14086192e-03,1.45251450e-03
0.005000,1.27489268e-01,1.19989268e-01,7.999285,-3.68307423e-03,1.11222999e-03
0.006000,1.27484875e-01,1.19984875e-01,7.998992,-4.39327200e-03,1.20837152e-03
0.007000,1.27479676e-01,1.19979676e-01,7.998645,-5.19822275e-03,1.43665878e-03
0.008000,1.27473745e-01,1.19973745e-01,7.998250,-5.93122912e-03,1.54306521e-03
0.009000,1.27467175e-01,1.19967175e-01,7.997812,-6.57044576e-03,1.50486464e-03
0.010000,1.27459993e-01,1.19959993e-01,7.997333,-7.18147228e-03,1.47236825e-03
0.011000,1.27452182e-01,1.19952182e-01,7.996812,-7.81079106e-03,1.50061996e-03
0.012000,1.27443737e-01,1.19943737e-01,7.996249,-8.44578614e-03,1.55898502e-03
0.013000,1.27434676e-01,1.19934676e-01,7.995645,-9.06118172e-03,1.59449199e-03
0.014000,1.27425024e-01,1.19925024e-01,7.995002,-9.65113034e-03,1.60980494e-03
0.015000,1.27414798e-01,1.19914798e-01,7.994320,-1.02267100e-02,1.61855033e-03
0.016000,1.27404002e-01,1.19904002e-01,7.993600,-1.07957142e-02,1.63448726e-03
0.017000,1.27392643e-01,1.19892643e-01,7.992843,-1.13590279e-02,1.66207858e-03
0.018000,1.27380731e-01,1.19880731e-01,7.992049,-1.19122285e-02,1.67867423e-03
0.019000,1.27368277e-01,1.19868277e-01,7.991218,-1.24534330e-02,1.69816493e-03
0.020000,1.27355292e-01,1.19855292e-01,7.990353,-1.29857405e-02,1.71468037e-03
0.021000,1.27341783e-01,1.19841783e-01,7.989452,-1.35087264e-02,1.72734917e-03
0.022000,1.27327759e-01,1.19827759e-01,7.988517,-1.40240480e-02,1.74223362e-03
0.023000,1.27313226e-01,1.19813226e-01,7.987548,-1.45325768e-02,1.76163694e-03
0.024000,1.27298193e-01,1.19798193e-01,7.986546,-1.50327862e-02,1.77910509e-03
0.025000,1.27282670e-01,1.19782670e-01,7.985511,-1.55235341e-02,1.79269439e-03
0.026000,1.27266664e-01,1.19766664e-01,7.984444,-1.60061421e-02,1.80107283e-03
0.027000,1.27250181e-01,1.19750181e-01,7.983345,-1.64828056e-02,1.82875142e-03
0.028000,1.27233229e-01,1.19733229e-01,7.982215,-1.69518228e-02,1.82897706e-03
0.029000,1.27215817e-01,1.19715817e-01,7.981054,-1.74117100e-02,1.84683522e-03
0.030000,1.27197949e-01,1.19697949e-01,7.979863,-1.78683651e-02,1.85202812e-03
0.031000,1.27179631e-01,1.19679631e-01,7.978642,-1.83182370e-02,1.86168639e-03
0.032000,1.27160866e-01,1.19660866e-01,7.977391,-1.87646955e-02,1.86020374e-03
0.033000,1.27141658e-01,1.19641658e-01,7.976111,-1.92082444e-02,1.88655800e-03
0.034000,1.27122010e-01,1.19622010e-01,7.974801,-1.96476196e-02,1.88362388e-03
0.035000,1.27101931e-01,1.19601931e-01,7.973462,-2.00788586e-02,1.90003478e-03
0.036000,1.27081423e-01,1.19581423e-01,7.972095,-2.05081592e-02,1.90766838e-03
0.037000,1.27060492e-01,1.19560492e-01,7.970699,-2.09307202e-02,1.92410080e-03
0.038000,1.27039145e-01,1.19539145e-01,7.969276,-2.13478683e-02,1.92848527e-03
0.039000,1.27017386e-01,1.19517386e-01,7.967826,-2.17588445e-02,1.94757999e-03
0.040000,1.26995221e-01,1.19495221e-01,7.966348,-2.21650040e-02,1.95525717e-03
0.041000,1.26972657e-01,1.19472657e-01,7.964844,-2.25635350e-02,1.96844210e-03
0.042000,1.26949700e-01,1.19449700e-01,7.963313,-2.29572130e-02,1.97453377e-03
0.043000,1.26926355e-01,1.19426355e-01,7.961757,-2.33454836e-02,1.98345076e-03
0.044000,1.26902624e-01,1.19402624e-01,7.960175,-2.37301768e-02,1.98423943e-03
0.045000,1.26878513e-01,1.19378513e-01,7.958568,-2.41118020e-02,1.97515970e-03
0.046000,1.26854018e-01,1.19354018e-01,7.956935,-2.44947739e-02,1.99809059e-03
0.047000,1.26829141e-01,1.19329141e-01,7.955276,-2.48766726e-02,2.00237125e-03
0.048000,1.26803891e-01,1.19303891e-01,7.953593,-2.52502835e-02,2.00830171e-03
0.049000,1.26778269e-01,1.19278269e-01,7.951885,-2.56214398e-02,2.01877641e-03
0.050000,1.26752281e-01,1.19252281e-01,7.950152,-2.59887962e-02,2.02460974e-03
0.051000,1.26725929e-01,1.19225929e-01,7.948395,-2.63516809e-02,2.04657997e-03
0.052000,1.26699220e-01,1.19199220e-01,7.946615,-2.67087647e-02,2.05131649e-03
0.053000,1.26672162e-01,1.19172162e-01,7.944811,-2.70577955e-02,2.06563393e-03
0.054000,1.26644760e-01,1.19144760e-01,7.942984,-2.74027389e-02,2.06176103e-03
0.055000,1.26617016e-01,1.19117016e-01,7.941134,-2.77436652e-02,2.05995891e-03
0.056000,1.26588930e-01,1.19088930e-01,7.939262,-2.80861820e-02,2.05278710e-03
0.057000,1.26560499e-01,1.19060499e-01,7.937367,-2.84305589e-02,2.06556400e-03
0.058000,1.26531724e-01,1.19031724e-01,7.935448,-2.87750317e-02,2.07484652e-03
0.059000,1.26502611e-01,1.19002611e-01,7.933507,-2.91136669e-02,2.09115018e-03
0.060000,1.26473164e-01,1.18973164e-01,7.931544,-2.94463704e-02,2.08693545e-03
0.061000,1.26443390e-01,1.18943390e-01,7.929559,-2.97744649e-02,2.10759073e-03
0.062000,1.26413289e-01,1.18913289e-01,7.927553,-3.01002909e-02,2.11677663e-03
0.063000,1.26382872e-01,1.18882872e-01,7.925525,-3.04177090e-02,2.12222062e-03
0.064000,1.26352141e-01,1.18852141e-01,7.923476,-3.07311476e-02,2.11795026e-03
0.065000,1.26321097e-01,1.18821097e-01,7.921406,-3.10435535e-02,2.10294595e-03
0.066000,1.26289737e-01,1.18789737e-01,7.919316,-3.13600152e-02,2.11466086e-03
0.067000,1.26258058e-01,1.18758058e-01,7.917204,-3.16793328e-02,2.12908738e-03
0.068000,1.26226065e-01,1.18726065e-01,7.915071,-3.19922520e-02,2.13315457e-03
0.069000,1.26193766e-01,1.18693766e-01,7.912918,-3.22997140e-02,2.13342643e-03
0.070000,1.26161160e-01,1.18661160e-01,7.910744,-3.26057922e-02,2.15673967e-03
0.071000,1.26128252e-01,1.18628252e-01,7.908550,-3.29076584e-02,2.17078743e-03
0.072000,1.26095053e-01,1.18595053e-01,7.906337,-3.31993841e-02,2.17274990e-03
0.073000,1.26061567e-01,1.18561567e-01,7.904104,-3.34861492e-02,2.15482409e-03
0.074000,1.26027791e-01,1.18527791e-01,7.901853,-3.37754397e-02,2.14605994e-03
0.075000,1.25993719e-01,1.18493719e-01,7.899581,-3.40721673e-02,2.15218706e-03
0.076000,1.25959348e-01,1.18459348e-01,7.897290,-3.43706895e-02,2.17585289e-03
0.077000,1.25924685e-01,1.18424685e-01,7.894979,-3.46630146e-02,2.19048425e-03
0.078000,1.25889740e-01,1.18389740e-01,7.892649,-3.49449800e-02,2.18657122e-03
0.079000,1.25854518e-01,1.18354518e-01,7.890301,-3.52228322e-02,2.19869434e-03
0.080000,1.25819018e-01,1.18319018e-01,7.887935,-3.54998257e-02,2.20832501e-03
0.081000,1.25783247e-01,1.18283247e-01,7.885550,-3.57711347e-02,2.19075088e-03
0.082000,1.25747204e-01,1.18247204e-01,7.883147,-3.60423886e-02,2.18571537e-03
0.083000,1.25710884e-01,1.18210884e-01,7.880726,-3.63203046e-02,2.19348459e-03
0.084000,1.25674285e-01,1.18174285e-01,7.878286,-3.65985005e-02,2.20146589e-03
0.085000,1.25637413e-01,1.18137413e-01,7.875828,-3.68727334e-02,2.21349780e-03
0.086000,1.25600270e-01,1.18100270e-01,7.873351,-3.71422174e-02,2.22851482e-03
0.087000,1.25562865e-01,1.18062865e-01,7.870858,-3.74050944e-02,2.24278920e-03
0.088000,1.25525205e-01,1.18025205e-01,7.868347,-3.76605153e-02,2.23235876e-03
0.089000,1.25487292e-01,1.17987292e-01,7.865819,-3.79130927e-02,2.21114767e-03
0.090000,1.25449119e-01,1.17949119e-01,7.863275,-3.81728467e-02,2.21069402e-03
0.091000,1.25410679e-01,1.17910679e-01,7.860712,-3.84396469e-02,2.22646499e-03
0.092000,1.25371975e-01,1.17871975e-01,7.858132,-3.87038072e-02,2.25147120e-03
0.093000,1.25333017e-01,1.17833017e-01,7.855534,-3.89583659e-02,2.24537582e-03
0.094000,1.25293811e-01,1.17793811e-01,7.852921,-3.92057902e-02,2.26352323e-03
0.095000,1.25254359e-01,1.17754359e-01,7.850291,-3.94520071e-02,2.26215607e-03
0.096000,1.25214667e-01,1.17714667e-01,7.847644,-3.96925059e-02,2.23709807e-03
0.097000,1.25174729e-01,1.17674729e-01,7.844982,-3.99378849e-02,2.23862835e-03
0.098000,1.25134538e-01,1.17634538e-01,7.842303,-4.01912228e-02,2.25266629e-03
0.099000,1.25094096e-01,1.17594096e-01,7.839606,-4.04415756e-02,2.26156923e-03
0.100000,1.25053410e-01,1.17553410e-01,7.836894,-4.06857437e-02,2.27343085e-03
0.101000,1.25012485e-01,1.17512485e-01,7.834166,-4.09248904e-02,2.29210429e-03
0.102000,1.24971329e-01,1.17471329e-01,7.831422,-4.11568394e-02,2.28368550e-03
0.103000,1.24929944e-01,1.17429944e-01,7.828663,-4.13841445e-02,2.26387468e-03
0.104000,1.24888327e-01,1.17388327e-01,7.825888,-4.16177178e-02,2.25091993e-03
0.105000,1.24846467e-01,1.17346467e-01,7.823098,-4.18600881e-02,2.27782777e-03
0.106000,1.24804365e-01,1.17304365e-01,7.820291,-4.21019547e-02,2.29452232e-03
0.107000,1.24762033e-01,1.17262033e-01,7.817469,-4.23320321e-02,2.30638953e-03
0.108000,1.24719478e-01,1.17219478e-01,7.814632,-4.25545281e-02,2.30497296e-03
0.109000,1.24676705e-01,1.17176705e-01,7.811780,-4.27733773e-02,2.30199791e-03
0.110000,1.24633712e-01,1.17133712e-01,7.808914,-4.29932178e-02,2.26681599e-03
0.111000,1.24590491e-01,1.17090491e-01,7.806033,-4.32202568e-02,2.29209523e-03
0.112000,1.24547037e-01,1.17047037e-01,7.803136,-4.34543798e-02,2.29513878e-03
0.113000,1.24503357e-01,1.17003357e-01,7.800224,-4.36796625e-02,2.32148904e-03
0.114000,1.24459458e-01,1.16959458e-01,7.797297,-4.38992859e-02,2.32740277e-03
0.115000,1.24415349e-01,1.16915349e-01,7.794357,-4.41092098e-02,2.32535860e-03
0.116000,1.24371031e-01,1.16871031e-01,7.791402,-4.43175529e-02,2.30194393e-03
0.117000,1.24326500e-01,1.16826500e-01,7.788433,-4.45307080e-02,2.28767751e-03
0.118000,1.24281746e-01,1.16781746e-01,7.785450,-4.47540757e-02,2.31352647e-03
0.119000,1.24236769e-01,1.16736769e-01,7.782451,-4.49775576e-02,2.33304079e-03
0.120000,1.24191580e-01,1.16691580e-01,7.779439,-4.51890994e-02,2.35782798e-03
0.121000,1.24146190e-01,1.16646190e-01,7.776413,-4.53898490e-02,2.34067335e-03
0.122000,1.24100604e-01,1.16600604e-01,7.773374,-4.55854918e-02,2.31218754e-03
0.123000,1.24054813e-01,1.16554813e-01,7.770321,-4.57918059e-02,2.30594583e-03
0.124000,1.24008804e-01,1.16508804e-01,7.767254,-4.60085789e-02,2.32680879e-03
0.125000,1.23962580e-01,1.16462580e-01,7.764172,-4.62237123e-02,2.34930788e-03
0.126000,1.23916152e-01,1.16416152e-01,7.761077,-4.64280154e-02,2.37275034e-03
0.127000,1.23869532e-01,1.16369532e-01,7.757969,-4.66207838e-02,2.35342962e-03
0.128000,1.23822722e-01,1.16322722e-01,7.754848,-4.68092701e-02,2.33425792e-03
0.129000,1.23775715e-01,1.16275715e-01,7.751714,-4.70074919e-02,2.31491204e-03
0.130000,1.23728499e-01,1.16228499e-01,7.748567,-4.72154311e-02,2.34638556e-03
0.131000,1.23681075e-01,1.16181075e-01,7.745405,-4.74241580e-02,2.36350206e-03
0.132000,1.23633456e-01,1.16133456e-01,7.742230,-4.76195216e-02,2.38821046e-03
0.133000,1.23585651e-01,1.16085651e-01,7.739043,-4.78048946e-02,2.36910103e-03
0.134000,1.23537665e-01,1.16037665e-01,7.735844,-4.79855322e-02,2.34300469e-03
0.135000,1.23489488e-01,1.15989488e-01,7.732633,-4.81770605e-02,2.33339543e-03
0.136000,1.23441109e-01,1.15941109e-01,7.729407,-4.83788585e-02,2.35569427e-03
0.137000,1.23392529e-01,1.15892529e-01,7.726169,-4.85798690e-02,2.38233348e-03
0.138000,1.23343761e-01,1.15843761e-01,7.722917,-4.87688454e-02,2.39893860e-03
0.139000,1.23294814e-01,1.15794814e-01,7.719654,-4.89461367e-02,2.38036868e-03
0.140000,1.23245693e-01,1.15745693e-01,7.716380,-4.91212585e-02,2.34866163e-03
0.141000,1.23196385e-01,1.15696385e-01,7.713092,-4.93080860e-02,2.34594610e-03
0.142000,1.23146879e-01,1.15646879e-01,7.709792,-4.95058067e-02,2.38850730e-03
0.143000,1.23097182e-01,1.15597182e-01,7.706479,-4.96968928e-02,2.39764148e-03
0.144000,1.23047310e-01,1.15547310e-01,7.703154,-4.98723859e-02,2.40417373e-03
0.145000,1.22997266e-01,1.15497266e-01,7.699818,-5.00437240e-02,2.37687064e-03
0.146000,1.22947049e-01,1.15447049e-01,7.696470,-5.02177451e-02,2.34960413e-03
0.147000,1.22896643e-01,1.15396643e-01,7.693110,-5.04055547e-02,2.38023968e-03
0.148000,1.22846046e-01,1.15346046e-01,7.689736,-5.05969014e-02,2.39737797e-03
0.149000,1.22795271e-01,1.15295271e-01,7.686351,-5.07751563e-02,2.42589752e-03
0.150000,1.22744328e-01,1.15244328e-01,7.682955,-5.09427394e-02,2.41318011e-03
0.151000,1.22693225e-01,1.15193225e-01,7.679548,-5.11032051e-02,2.37052989e-03
0.152000,1.22641950e-01,1.15141950e-01,7.676130,-5.12753896e-02,2.36117765e-03
0.153000,1.22590486e-01,1.15090486e-01,7.672699,-5.14632350e-02,2.41146788e-03
0.154000,1.22538841e-01,1.15038841e-01,7.669256,-5.16452585e-02,2.42455629e-03
0.155000,1.22487033e-01,1.14987033e-01,7.665802,-5.18084514e-02,2.42434194e-03
0.156000,1.22435065e-01,1.14935065e-01,7.662338,-5.19673838e-02,2.39440496e-03
0.157000,1.22382934e-01,1.14882934e-01,7.658862,-5.21316805e-02,2.37209597e-03
0.158000,1.22330624e-01,1.14830624e-01,7.655375,-5.23097542e-02,2.39973354e-03
0.159000,1.22278134e-01,1.14778134e-01,7.651876,-5.24902670e-02,2.42461633e-03
0.160000,1.22225476e-01,1.14725476e-01,7.648365,-5.26573030e-02,2.44986954e-03
0.161000,1.22172665e-01,1.14672665e-01,7.644844,-5.28117014e-02,2.42538319e-03
0.162000,1.22119702e-01,1.14619702e-01,7.641313,-5.29621364e-02,2.37337974e-03
0.163000,1.22066573e-01,1.14566573e-01,7.637772,-5.31298093e-02,2.39664637e-03
0.164000,1.22013262e-01,1.14513262e-01,7.634217,-5.33104465e-02,2.43397503e-03
0.165000,1.21959785e-01,1.14459785e-01,7.630652,-5.34768414e-02,2.45765008e-03
0.166000,1.21906159e-01,1.14406159e-01,7.627077,-5.36267903e-02,2.43893989e-03
0.167000,1.21852386e-01,1.14352386e-01,7.623492,-5.37722727e-02,2.39134966e-03
0.168000,1.21798454e-01,1.14298454e-01,7.619897,-5.39323156e-02,2.40769697e-03
0.169000,1.21744349e-01,1.14244349e-01,7.616290,-5.41050970e-02,2.42562078e-03
0.170000,1.21690080e-01,1.14190080e-01,7.612672,-5.42693401e-02,2.46892554e-03
0.171000,1.21635659e-01,1.14135659e-01,7.609044,-5.44200387e-02,2.45043964e-03
0.172000,1.21581100e-01,1.14081100e-01,7.605407,-5.45597845e-02,2.41527612e-03
0.173000,1.21526388e-01,1.14026388e-01,7.601759,-5.47118196e-02,2.39613247e-03
0.174000,1.21471509e-01,1.13971509e-01,7.598101,-5.48787882e-02,2.44472515e-03
0.175000,1.21416466e-01,1.13916466e-01,7.594431,-5.50434509e-02,2.46905255e-03
0.176000,1.21361278e-01,1.13861278e-01,7.590752,-5.51878529e-02,2.45363292e-03
0.177000,1.21305951e-01,1.13805951e-01,7.587063,-5.53269923e-02,2.42579867e-03
0.178000,1.21250475e-01,1.13750475e-01,7.583365,-5.54761178e-02,2.41652206e-03
0.179000,1.21194839e-01,1.13694839e-01,7.579656,-5.56360250e-02,2.43629268e-03
0.180000,1.21139043e-01,1.13639043e-01,7.575936,-5.57954826e-02,2.48350195e-03
0.181000,1.21083103e-01,1.13583103e-01,7.572207,-5.59400988e-02,2.46587413e-03
0.182000,1.21027031e-01,1.13527031e-01,7.568469,-5.60723280e-02,2.43819939e-03
0.183000,1.20970816e-01,1.13470816e-01,7.564721,-5.62152405e-02,2.41006285e-03
0.184000,1.20914443e-01,1.13414443e-01,7.560963,-5.63722173e-02,2.45964914e-03
0.185000,1.20857914e-01,1.13357914e-01,7.557194,-5.65296659e-02,2.48699450e-03
0.186000,1.20801248e-01,1.13301248e-01,7.553417,-5.66659938e-02,2.47500941e-03
0.187000,1.20744452e-01,1.13244452e-01,7.549630,-5.67954606e-02,2.43555421e-03
0.188000,1.20687516e-01,1.13187516e-01,7.545834,-5.69358406e-02,2.42841464e-03
0.189000,1.20630426e-01,1.13130426e-01,7.542028,-5.70904409e-02,2.46029876e-03
0.190000,1.20573184e-01,1.13073184e-01,7.538212,-5.72417476e-02,2.50036805e-03
0.191000,1.20515809e-01,1.13015809e-01,7.534387,-5.73754972e-02,2.48473659e-03
0.192000,1.20458310e-01,1.12958310e-01,7.530554,-5.74988518e-02,2.43053429e-03
0.193000,1.20400673e-01,1.12900673e-01,7.526712,-5.76369250e-02,2.44071751e-03
0.194000,1.20342882e-01,1.12842882e-01,7.522859,-5.77909982e-02,2.47772746e-03
0.195000,1.20284947e-01,1.12784947e-01,7.518996,-5.79351824e-02,2.50263743e-03
0.196000,1.20226884e-01,1.12726884e-01,7.515126,-5.80628069e-02,2.48790477e-03
0.197000,1.20168699e-01,1.12668699e-01,7.511247,-5.81848559e-02,2.42501586e-03
0.198000,1.20110376e-01,1.12610376e-01,7.507358,-5.83228645e-02,2.45498453e-03
0.199000,1.20051900e-01,1.12551900e-01,7.503460,-5.84762271e-02,2.48319094e-03
0.200000,1.19993285e-01,1.12493285e-01,7.499552,-5.86147596e-02,2.52249863e-03
0.201000,1.19934548e-01,1.12434548e-01,7.495637,-5.87370776e-02,2.47908762e-03
0.202000,1.19875694e-01,1.12375694e-01,7.491713,-5.88541630e-02,2.43470530e-03
0.203000,1.19816701e-01,1.12316701e-01,7.487780,-5.89933539e-02,2.47396406e-03
0.204000,1.19757560e-01,1.12257560e-01,7.483837,-5.91401780e-02,2.50455126e-03
0.205000,1.19698292e-01,1.12198292e-01,7.479886,-5.92687000e-02,2.51602744e-03
0.206000,1.19638907e-01,1.12138907e-01,7.475927,-5.93851473e-02,2.47021012e-03
0.207000,1.19579401e-01,1.12079401e-01,7.471960,-5.95059279e-02,2.45340636e-03
0.208000,1.19519756e-01,1.12019756e-01,7.467984,-5.96447271e-02,2.47962258e-03
0.209000,1.19459971e-01,1.11959971e-01,7.463998,-5.97844090e-02,2.52766448e-03
0.210000,1.19400065e-01,1.11900065e-01,7.460004,-5.99069853e-02,2.51693397e-03
0.211000,1.19340049e-01,1.11840049e-01,7.456003,-6.00156815e-02,2.44866411e-03
0.212000,1.19279909e-01,1.11779909e-01,7.451994,-6.01399746e-02,2.46243327e-03
0.213000,1.19219625e-01,1.11719625e-01,7.447975,-6.02842536e-02,2.50313780e-03
0.214000,1.19159208e-01,1.11659208e-01,7.443947,-6.04168124e-02,2.54067525e-03
0.215000,1.19098678e-01,1.11598678e-01,7.439912,-6.05293652e-02,2.49761145e-03
0.216000,1.19038041e-01,1.11538041e-01,7.435869,-6.06372055e-02,2.45461063e-03
0.217000,1.18977274e-01,1.11477274e-01,7.431818,-6.07667927e-02,2.48584180e-03
0.218000,1.18916369e-01,1.11416369e-01,7.427758,-6.09049793e-02,2.53247879e-03
0.219000,1.18855345e-01,1.11355345e-01,7.423690,-6.10246618e-02,2.53077174e-03
0.220000,1.18794215e-01,1.11294215e-01,7.419614,-6.11293298e-02,2.47849853e-03
0.221000,1.18732972e-01,1.11232972e-01,7.415531,-6.12438025e-02,2.46693188e-03
0.222000,1.18671594e-01,1.11171594e-01,7.411440,-6.13774879e-02,2.51442137e-03
0.223000,1.18610088e-01,1.11110088e-01,7.407339,-6.15065739e-02,2.53788042e-03
0.224000,1.18548472e-01,1.11048472e-01,7.403231,-6.16159152e-02,2.51460827e-03
0.225000,1.18486750e-01,1.10986750e-01,7.399117,-6.17216677e-02,2.46889652e-03
0.226000,1.18424907e-01,1.10924907e-01,7.394994,-6.18431467e-02,2.49649758e-03
0.227000,1.18362932e-01,1.10862932e-01,7.390862,-6.19747571e-02,2.54139652e-03
0.228000,1.18300843e-01,1.10800843e-01,7.386723,-6.20893631e-02,2.54370744e-03
0.229000,1.18238654e-01,1.10738654e-01,7.382577,-6.21888149e-02,2.49009441e-03
0.230000,1.18176357e-01,1.10676357e-01,7.378424,-6.22969887e-02,2.47611298e-03
0.231000,1.18113932e-01,1.10613932e-01,7.374262,-6.24252422e-02,2.52508617e-03
0.232000,1.18051382e-01,1.10551382e-01,7.370092,-6.25494271e-02,2.55281317e-03
0.233000,1.17988730e-01,1.10488730e-01,7.365915,-6.26526253e-02,2.52544371e-03
0.234000,1.17925978e-01,1.10425978e-01,7.361732,-6.27515574e-02,2.47704201e-03
0.235000,1.17863110e-01,1.10363110e-01,7.357541,-6.28680375e-02,2.50846142e-03
0.236000,1.17800115e-01,1.10300115e-01,7.353341,-6.29948571e-02,2.55458131e-03
0.237000,1.17737012e-01,1.10237012e-01,7.349134,-6.31032024e-02,2.55448040e-03
0.238000,1.17673816e-01,1.10173816e-01,7.344921,-6.31964191e-02,2.48629201e-03
0.239000,1.17610514e-01,1.10110514e-01,7.340701,-6.33017273e-02,2.49384051e-03
0.240000,1.17547086e-01,1.10047086e-01,7.336472,-6.34280947e-02,2.53511738e-03
0.241000,1.17483541e-01,1.09983541e-01,7.332236,-6.35446837e-02,2.56908007e-03
0.242000,1.17419899e-01,1.09919899e-01,7.327993,-6.36417108e-02,2.52212355e-03
0.243000,1.17356163e-01,1.09856163e-01,7.323744,-6.37358878e-02,2.49187445e-03
0.244000,1.17292313e-01,1.09792313e-01,7.319488,-6.38508353e-02,2.52008058e-03
0.245000,1.17228342e-01,1.09728342e-01,7.315223,-6.39707290e-02,2.56903754e-03
0.246000,1.17164269e-01,1.09664269e-01,7.310951,-6.40727020e-02,2.54796990e-03
0.247000,1.17100107e-01,1.09600107e-01,7.306674,-6.41623224e-02,2.49122836e-03
0.248000,1.17035838e-01,1.09535838e-01,7.302389,-6.42688957e-02,2.52419317e-03
0.249000,1.16971450e-01,1.09471450e-01,7.298097,-6.43882744e-02,2.56244311e-03
0.250000,1.16906960e-01,1.09406960e-01,7.293797,-6.44900629e-02,2.55841577e-03
0.251000,1.16842380e-01,1.09342380e-01,7.289492,-6.45800017e-02,2.50570998e-03
0.252000,1.16777699e-01,1.09277699e-01,7.285180,-6.46805836e-02,2.51091823e-03
0.253000,1.16712901e-01,1.09212901e-01,7.280860,-6.47975538e-02,2.54168270e-03
0.254000,1.16647994e-01,1.09147994e-01,7.276533,-6.49073733e-02,2.58953496e-03
0.255000,1.16582995e-01,1.09082995e-01,7.272200,-6.49986270e-02,2.53874379e-03
0.256000,1.16517912e-01,1.09017912e-01,7.267861,-6.50831472e-02,2.49139438e-03
0.257000,1.16452720e-01,1.08952720e-01,7.263515,-6.51927213e-02,2.55117166e-03
0.258000,1.16387412e-01,1.08887412e-01,7.259161,-6.53072746e-02,2.57196755e-03
0.259000,1.16322014e-01,1.08822014e-01,7.254801,-6.53985186e-02,2.55529169e-03
0.260000,1.16256528e-01,1.08756528e-01,7.250435,-6.54858819e-02,2.50899836e-03
0.261000,1.16190941e-01,1.08690941e-01,7.246063,-6.55869083e-02,2.53160816e-03
0.262000,1.16125242e-01,1.08625242e-01,7.241683,-6.56991398e-02,2.58131235e-03
0.263000,1.16059447e-01,1.08559447e-01,7.237296,-6.57951563e-02,2.57404049e-03
0.264000,1.15993571e-01,1.08493571e-01,7.232905,-6.58761351e-02,2.50333290e-03
0.265000,1.15927599e-01,1.08427599e-01,7.228507,-6.59720060e-02,2.53719846e-03
0.266000,1.15861513e-01,1.08361513e-01,7.224101,-6.60851095e-02,2.57885982e-03
0.267000,1.15795334e-01,1.08295334e-01,7.219689,-6.61797237e-02,2.57876635e-03
0.268000,1.15729073e-01,1.08229073e-01,7.215272,-6.62606723e-02,2.52048259e-03
0.269000,1.15662721e-01,1.08162721e-01,7.210848,-6.63519584e-02,2.52880691e-03
0.270000,1.15596260e-01,1.08096260e-01,7.206417,-6.64609136e-02,2.56716701e-03
0.271000,1.15529700e-01,1.08029700e-01,7.201980,-6.65603515e-02,2.59561801e-03
0.272000,1.15463058e-01,1.07963058e-01,7.197537,-6.66421601e-02,2.54616303e-03
0.273000,1.15396334e-01,1.07896334e-01,7.193089,-6.67233706e-02,2.51603476e-03
0.274000,1.15329508e-01,1.07829508e-01,7.188634,-6.68261506e-02,2.56113824e-03
0.275000,1.15262577e-01,1.07762577e-01,7.184172,-6.69308492e-02,2.60031580e-03
0.276000,1.15195564e-01,1.07695564e-01,7.179704,-6.70138070e-02,2.55985929e-03
0.277000,1.15128472e-01,1.07628472e-01,7.175231,-6.70910526e-02,2.52451232e-03
0.278000,1.15061285e-01,1.07561285e-01,7.170752,-6.71878354e-02,2.55772649e-03
0.279000,1.14993994e-01,1.07493994e-01,7.166266,-6.72903532e-02,2.59732720e-03
0.280000,1.14926619e-01,1.07426619e-01,7.161775,-6.73749600e-02,2.58308976e-03
0.281000,1.14859170e-01,1.07359170e-01,7.157278,-6.74490790e-02,2.51308070e-03
0.282000,1.14791630e-01,1.07291630e-01,7.152775,-6.75402542e-02,2.56635763e-03
0.283000,1.14723985e-01,1.07223985e-01,7.148266,-6.76449999e-02,2.59420792e-03
0.284000,1.14656258e-01,1.07156258e-01,7.143751,-6.77273237e-02,2.58043553e-03
0.285000,1.14588455e-01,1.07088455e-01,7.139230,-6.78029365e-02,2.53012606e-03
0.286000,1.14520563e-01,1.07020563e-01,7.134704,-6.78919691e-02,2.55885546e-03
0.287000,1.14452570e-01,1.06952570e-01,7.130171,-6.79924435e-02,2.60423861e-03
0.288000,1.14384495e-01,1.06884495e-01,7.125633,-6.80754573e-02,2.58548025e-03
0.289000,1.14316348e-01,1.06816348e-01,7.121090,-6.81468838e-02,2.53163332e-03
0.290000,1.14248114e-01,1.06748114e-01,7.116541,-6.82339931e-02,2.56458584e-03
0.291000,1.14179781e-01,1.06679781e-01,7.111985,-6.83329592e-02,2.60018520e-03
0.292000,1.14111366e-01,1.06611366e-01,7.107424,-6.84148078e-02,2.59239097e-03
0.293000,1.14042880e-01,1.06542880e-01,7.102859,-6.84863435e-02,2.53484759e-03
0.294000,1.13974309e-01,1.06474309e-01,7.098287,-6.85706147e-02,2.55911227e-03
0.295000,1.13905640e-01,1.06405640e-01,7.093709,-6.86694932e-02,2.61106587e-03
0.296000,1.13836889e-01,1.06336889e-01,7.089126,-6.87512153e-02,2.60522032e-03
0.297000,1.13768072e-01,1.06268072e-01,7.084538,-6.88169088e-02,2.53331436e-03
0.298000,1.13699174e-01,1.06199174e-01,7.079945,-6.88972378e-02,2.56616595e-03
0.299000,1.13630179e-01,1.06130179e-01,7.075345,-6.89953724e-02,2.60515370e-03
0.300000,1.13561103e-01,1.06061103e-01,7.070740,-6.90758235e-02,2.60859041e-03
0.301000,1.13491960e-01,1.05991960e-01,7.066131,-6.91428627e-02,2.53835942e-03
0.302000,1.13422739e-01,1.05922739e-01,7.061516,-6.92211928e-02,2.56416268e-03
0.303000,1.13353421e-01,1.05853421e-01,7.056895,-6.93180248e-02,2.61294630e-03
0.304000,1.13284023e-01,1.05784023e-01,7.052268,-6.93977558e-02,2.61852345e-03
0.305000,1.13214563e-01,1.05714563e-01,7.047638,-6.94604792e-02,2.53616115e-03
0.306000,1.13145027e-01,1.05645027e-01,7.043002,-6.95359359e-02,2.57394638e-03
0.307000,1.13075395e-01,1.05575395e-01,7.038360,-6.96317597e-02,2.61224917e-03
0.308000,1.13005687e-01,1.05505687e-01,7.033712,-6.97084008e-02,2.61549358e-03
0.309000,1.12935915e-01,1.05435915e-01,7.029061,-6.97718890e-02,2.54448237e-03
0.310000,1.12866068e-01,1.05366068e-01,7.024405,-6.98468692e-02,2.56748777e-03
0.311000,1.12796127e-01,1.05296127e-01,7.019742,-6.99411024e-02,2.62104187e-03
0.312000,1.12726109e-01,1.05226109e-01,7.015074,-7.00183097e-02,2.62279480e-03
0.313000,1.12656031e-01,1.05156031e-01,7.010402,-7.00776191e-02,2.54479883e-03
0.314000,1.12585881e-01,1.05085881e-01,7.005725,-7.01501455e-02,2.58064715e-03
0.315000,1.12515639e-01,1.05015639e-01,7.001043,-7.02419476e-02,2.61945680e-03
0.316000,1.12445324e-01,1.04945324e-01,6.996355,-7.03151135e-02,2.61554602e-03
0.317000,1.12374948e-01,1.04874948e-01,6.991663,-7.03762254e-02,2.55126710e-03
0.318000,1.12304498e-01,1.04804498e-01,6.986967,-7.04499885e-02,2.57536955e-03
0.319000,1.12233957e-01,1.04733957e-01,6.982264,-7.05405996e-02,2.63126398e-03
0.320000,1.12163344e-01,1.04663344e-01,6.977556,-7.06134108e-02,2.61515892e-03
0.321000,1.12092673e-01,1.04592673e-01,6.972845,-7.06707135e-02,2.55942877e-03
0.322000,1.12021930e-01,1.04521930e-01,6.968129,-7.07431605e-02,2.58877652e-03
0.323000,1.11951101e-01,1.04451101e-01,6.963407,-7.08287203e-02,2.62800292e-03
0.324000,1.11880203e-01,1.04380203e-01,6.958680,-7.08977051e-02,2.60820574e-03
0.325000,1.11809246e-01,1.04309246e-01,6.953950,-7.09573083e-02,2.56271417e-03
0.326000,1.11738215e-01,1.04238215e-01,6.949214,-7.10314579e-02,2.58627381e-03
0.327000,1.11667098e-01,1.04167098e-01,6.944473,-7.11163813e-02,2.63805609e-03
0.328000,1.11595914e-01,1.04095914e-01,6.939728,-7.11844102e-02,2.62099368e-03
0.329000,1.11524675e-01,1.04024675e-01,6.934978,-7.12384504e-02,2.55084174e-03
0.330000,1.11453365e-01,1.03953365e-01,6.930224,-7.13104997e-02,2.60527702e-03
0.331000,1.11381969e-01,1.03881969e-01,6.925465,-7.13959617e-02,2.63036793e-03
0.332000,1.11310510e-01,1.03810510e-01,6.920701,-7.14591093e-02,2.61472599e-03
0.333000,1.11238993e-01,1.03738993e-01,6.915933,-7.15167828e-02,2.56387172e-03
0.334000,1.11167404e-01,1.03667404e-01,6.911160,-7.15885863e-02,2.60223582e-03
0.335000,1.11095734e-01,1.03595734e-01,6.906382,-7.16703068e-02,2.63831842e-03
0.336000,1.11024001e-01,1.03524001e-01,6.901600,-7.17330472e-02,2.61560950e-03
0.337000,1.10952213e-01,1.03452213e-01,6.896814,-7.17879534e-02,2.55710067e-03
0.338000,1.10880352e-01,1.03380352e-01,6.892023,-7.18606641e-02,2.61488276e-03
0.339000,1.10808410e-01,1.03308410e-01,6.887227,-7.19423719e-02,2.64410600e-03
0.340000,1.10736410e-01,1.03236410e-01,6.882427,-7.19999354e-02,2.60162195e-03
0.341000,1.10664355e-01,1.03164355e-01,6.877624,-7.20554144e-02,2.57600588e-03
0.342000,1.10592225e-01,1.03092225e-01,6.872815,-7.21293757e-02,2.61838361e-03
0.343000,1.10520021e-01,1.03020021e-01,6.868001,-7.22042556e-02,2.64848292e-03
0.344000,1.10447761e-01,1.02947761e-01,6.863184,-7.22598954e-02,2.58549260e-03
0.345000,1.10375444e-01,1.02875444e-01,6.858363,-7.23167892e-02,2.59289503e-03
0.346000,1.10303051e-01,1.02803051e-01,6.853537,-7.23930610e-02,2.63853321e-03
0.347000,1.10230592e-01,1.02730592e-01,6.848706,-7.24588310e-02,2.63859142e-03
0.348000,1.10158083e-01,1.02658083e-01,6.843872,-7.25096026e-02,2.57201190e-03
0.349000,1.10085511e-01,1.02585511e-01,6.839034,-7.25721288e-02,2.59698942e-03
0.350000,1.10012859e-01,1.02512859e-01,6.834191,-7.26521038e-02,2.65121713e-03
0.351000,1.09940144e-01,1.02440144e-01,6.829343,-7.27142862e-02,2.63873384e-03
0.352000,1.09867383e-01,1.02367383e-01,6.824492,-7.27608669e-02,2.57670201e-03
0.353000,1.09794561e-01,1.02294561e-01,6.819637,-7.28225170e-02,2.61040554e-03
0.354000,1.09721662e-01,1.02221662e-01,6.814777,-7.28985792e-02,2.64737962e-03
0.355000,1.09648705e-01,1.02148705e-01,6.809914,-7.29570342e-02,2.63138044e-03
0.356000,1.09575699e-01,1.02075699e-01,6.805047,-7.30061756e-02,2.57656789e-03
0.357000,1.09502629e-01,1.02002629e-01,6.800175,-7.30702643e-02,2.61591433e-03
0.358000,1.09429483e-01,1.01929483e-01,6.795299,-7.31453964e-02,2.64984114e-03
0.359000,1.09356282e-01,1.01856282e-01,6.790419,-7.32016069e-02,2.63070342e-03
0.360000,1.09283032e-01,1.01783032e-01,6.785535,-7.32500596e-02,2.57037936e-03
0.361000,1.09209716e-01,1.01709716e-01,6.780648,-7.33154651e-02,2.63037344e-03
0.362000,1.09136326e-01,1.01636326e-01,6.775755,-7.33900726e-02,2.65727122e-03
0.363000,1.09062886e-01,1.01562886e-01,6.770859,-7.34402206e-02,2.60942915e-03
0.364000,1.08989396e-01,1.01489396e-01,6.765960,-7.34899953e-02,2.59078357e-03
0.365000,1.08915837e-01,1.01415837e-01,6.761056,-7.35587794e-02,2.64459614e-03
0.366000,1.08842213e-01,1.01342213e-01,6.756148,-7.36241707e-02,2.65689669e-03
0.367000,1.08768543e-01,1.01268543e-01,6.751236,-7.36697140e-02,2.58593926e-03
0.368000,1.08694820e-01,1.01194820e-01,6.746321,-7.37237656e-02,2.61538913e-03
0.369000,1.08621024e-01,1.01121024e-01,6.741402,-7.37959129e-02,2.65891926e-03
0.370000,1.08547173e-01,1.01047173e-01,6.736478,-7.38506905e-02,2.63623555e-03
0.371000,1.08473278e-01,1.00973278e-01,6.731552,-7.38951835e-02,2.59013006e-03
0.372000,1.08399323e-01,1.00899323e-01,6.726622,-7.39552795e-02,2.61857172e-03
0.373000,1.08325297e-01,1.00825297e-01,6.721686,-7.40254876e-02,2.66195436e-03
0.374000,1.08251218e-01,1.00751218e-01,6.716748,-7.40786833e-02,2.64322136e-03
0.375000,1.08177097e-01,1.00677097e-01,6.711806,-7.41209442e-02,2.57574636e-03
0.376000,1.08102916e-01,1.00602916e-01,6.706861,-7.41812895e-02,2.63765829e-03
0.377000,1.08028663e-01,1.00528663e-01,6.701911,-7.42528462e-02,2.66331482e-03
0.378000,1.07954364e-01,1.00454364e-01,6.696958,-7.42995330e-02,2.61997845e-03
0.379000,1.07880018e-01,1.00380018e-01,6.692001,-7.43454574e-02,2.59872504e-03
0.380000,1.07805609e-01,1.00305609e-01,6.687041,-7.44093725e-02,2.65323268e-03
0.381000,1.07731138e-01,1.00231138e-01,6.682076,-7.44706285e-02,2.66586868e-03
0.382000,1.07656627e-01,1.00156627e-01,6.677108,-7.45117488e-02,2.59398008e-03
0.383000,1.07582065e-01,1.00082065e-01,6.672138,-7.45614319e-02,2.62302267e-03
0.384000,1.07507436e-01,1.00007436e-01,6.667162,-7.46295885e-02,2.66548243e-03
0.385000,1.07432755e-01,9.99327550e-02,6.662184,-7.46806986e-02,2.64851639e-03
0.386000,1.07358034e-01,9.98580340e-02,6.657202,-7.47208644e-02,2.59489557e-03
0.387000,1.07283258e-01,9.97832580e-02,6.652217,-7.47760845e-02,2.62768764e-03
0.388000,1.07208415e-01,9.97084150e-02,6.647228,-7.48431155e-02,2.66991276e-03
0.389000,1.07133523e-01,9.96335230e-02,6.642235,-7.48919100e-02,2.64624438e-03
0.390000,1.07058592e-01,9.95585920e-02,6.637239,-7.49310227e-02,2.58675417e-03
0.391000,1.06983603e-01,9.94836030e-02,6.632240,-7.49884286e-02,2.65014556e-03
0.392000,1.06908549e-01,9.94085490e-02,6.627237,-7.50541619e-02,2.67485933e-03
0.393000,1.06833455e-01,9.93334550e-02,6.622230,-7.50947062e-02,2.61071511e-03
0.394000,1.06758316e-01,9.92583160e-02,6.617221,-7.51384772e-02,2.61861861e-03
0.395000,1.06683114e-01,9.91831140e-02,6.612208,-7.52019166e-02,2.66957636e-03
0.396000,1.06607860e-01,9.91078600e-02,6.607191,-7.52537491e-02,2.66210478e-03
0.397000,1.06532570e-01,9.90325700e-02,6.602171,-7.52901675e-02,2.60038676e-03
0.398000,1.06457230e-01,9.89572300e-02,6.597149,-7.53399538e-02,2.64000184e-03
0.399000,1.06381827e-01,9.88818270e-02,6.592122,-7.54030038e-02,2.67121191e-03
0.400000,1.06306380e-01,9.88063800e-02,6.587092,-7.54475244e-02,2.64882781e-03
0.401000,1.06230894e-01,9.87308940e-02,6.582060,-7.54857536e-02,2.59538906e-03
0.402000,1.06155353e-01,9.86553530e-02,6.577024,-7.55407840e-02,2.64739562e-03
0.403000,1.06079749e-01,9.85797490e-02,6.571983,-7.56041678e-02,2.68188051e-03
0.404000,1.06004105e-01,9.85041050e-02,6.566940,-7.56443736e-02,2.62866750e-03
0.405000,1.05928422e-01,9.84284220e-02,6.561895,-7.56826641e-02,2.61837373e-03
0.406000,1.05852682e-01,9.83526820e-02,6.556845,-7.57402510e-02,2.66744012e-03
0.407000,1.05776889e-01,9.82768890e-02,6.551793,-7.57925416e-02,2.66711683e-03
0.408000,1.05701060e-01,9.82010600e-02,6.546737,-7.58287753e-02,2.61280394e-03
0.409000,1.05625186e-01,9.81251860e-02,6.541679,-7.58747197e-02,2.63378955e-03
0.410000,1.05549251e-01,9.80492510e-02,6.536617,-7.59347903e-02,2.67819075e-03
0.411000,1.05473271e-01,9.79732710e-02,6.531551,-7.59801170e-02,2.66118709e-03
0.412000,1.05397257e-01,9.78972570e-02,6.526484,-7.60138686e-02,2.59231599e-03
0.413000,1.05321192e-01,9.78211920e-02,6.521413,-7.60653836e-02,2.65940725e-03
0.414000,1.05245064e-01,9.77450640e-02,6.516338,-7.61276525e-02,2.68547466e-03
0.415000,1.05168901e-01,9.76689010e-02,6.511260,-7.61632779e-02,2.62790901e-03
0.416000,1.05092700e-01,9.75927000e-02,6.506180,-7.62005222e-02,2.62278671e-03
0.417000,1.05016443e-01,9.75164430e-02,6.501096,-7.62575777e-02,2.67783281e-03
0.418000,1.04940136e-01,9.74401360e-02,6.496009,-7.63065812e-02,2.67451297e-03
0.419000,1.04863798e-01,9.73637980e-02,6.490920,-7.63380939e-02,2.60910629e-03
0.420000,1.04787416e-01,9.72874160e-02,6.485828,-7.63822632e-02,2.65162100e-03
0.421000,1.04710975e-01,9.72109750e-02,6.480732,-7.64403948e-02,2.67531441e-03
0.422000,1.04634495e-01,9.71344950e-02,6.475633,-7.64803741e-02,2.66058929e-03
0.423000,1.04557980e-01,9.70579800e-02,6.470532,-7.65151760e-02,2.60584734e-03
0.424000,1.04481415e-01,9.69814150e-02,6.465428,-7.65644944e-02,2.66266849e-03
0.425000,1.04404793e-01,9.69047930e-02,6.460320,-7.66217427e-02,2.68778471e-03
0.426000,1.04328138e-01,9.68281380e-02,6.455209,-7.66558886e-02,2.62629065e-03
0.427000,1.04251445e-01,9.67514450e-02,6.450096,-7.66926604e-02,2.64029982e-03
0.428000,1.04174698e-01,9.66746980e-02,6.444980,-7.67471505e-02,2.68776617e-03
0.429000,1.04097909e-01,9.65979090e-02,6.439861,-7.67886458e-02,2.66897205e-03
0.430000,1.04021091e-01,9.65210910e-02,6.434739,-7.68178760e-02,2.61156100e-03
0.431000,1.03944228e-01,9.64442280e-02,6.429615,-7.68634310e-02,2.65202034e-03
0.432000,1.03867307e-01,9.63673070e-02,6.424487,-7.69206858e-02,2.69471164e-03
0.433000,1.03790350e-01,9.62903500e-02,6.419357,-7.69571037e-02,2.65429485e-03
0.434000,1.03713363e-01,9.62133630e-02,6.414224,-7.69866484e-02,2.61389043e-03
0.435000,1.03636327e-01,9.61363270e-02,6.409088,-7.70366117e-02,2.68564718e-03
0.436000,1.03559240e-01,9.60592400e-02,6.403949,-7.70871550e-02,2.68277543e-03
0.437000,1.03482125e-01,9.59821250e-02,6.398808,-7.71146401e-02,2.62155106e-03
0.438000,1.03404971e-01,9.59049710e-02,6.393665,-7.71538952e-02,2.64411801e-03
0.439000,1.03327762e-01,9.58277620e-02,6.388517,-7.72092666e-02,2.69492388e-03
0.440000,1.03250514e-01,9.57505140e-02,6.383368,-7.72482423e-02,2.67568619e-03
0.441000,1.03173240e-01,9.56732400e-02,6.378216,-7.72739345e-02,2.60273081e-03
0.442000,1.03095921e-01,9.55959210e-02,6.373061,-7.73188459e-02,2.67085535e-03
0.443000,1.03018545e-01,9.55185450e-02,6.367903,-7.73756700e-02,2.69703818e-03
0.444000,1.02941140e-01,9.54411400e-02,6.362743,-7.74054908e-02,2.63252733e-03
0.445000,1.02863701e-01,9.53637010e-02,6.357580,-7.74381208e-02,2.63923341e-03
0.446000,1.02786211e-01,9.52862110e-02,6.352414,-7.74907512e-02,2.69767510e-03
0.447000,1.02708680e-01,9.52086800e-02,6.347245,-7.75308444e-02,2.68232235e-03
0.448000,1.02631125e-01,9.51311250e-02,6.342075,-7.75544596e-02,2.61359239e-03
0.449000,1.02553530e-01,9.50535300e-02,6.336902,-7.75952709e-02,2.66500502e-03
0.450000,1.02475881e-01,9.49758810e-02,6.331725,-7.76495624e-02,2.69694907e-03
0.451000,1.02398199e-01,9.48981990e-02,6.326547,-7.76813203e-02,2.65600583e-03
0.452000,1.02320489e-01,9.48204890e-02,6.321366,-7.77098276e-02,2.62953090e-03
0.453000,1.02242733e-01,9.47427330e-02,6.316182,-7.77564631e-02,2.68920763e-03
0.454000,1.02164932e-01,9.46649320e-02,6.310995,-7.78012402e-02,2.69122842e-03
0.455000,1.02087106e-01,9.45871060e-02,6.305807,-7.78260612e-02,2.62489714e-03
0.456000,1.02009244e-01,9.45092440e-02,6.300616,-7.78619485e-02,2.66412776e-03
0.457000,1.01931331e-01,9.44313310e-02,6.295422,-7.79126825e-02,2.69294252e-03
0.458000,1.01853386e-01,9.43533860e-02,6.290226,-7.79454370e-02,2.66839546e-03
0.459000,1.01775413e-01,9.42754130e-02,6.285028,-7.79730692e-02,2.62587852e-03
0.460000,1.01697396e-01,9.41973960e-02,6.279826,-7.80162817e-02,2.68219637e-03
0.461000,1.01619333e-01,9.41193330e-02,6.274622,-7.80634981e-02,2.69997508e-03
0.462000,1.01541244e-01,9.40412440e-02,6.269416,-7.80890750e-02,2.63126287e-03
0.463000,1.01463123e-01,9.39631230e-02,6.264208,-7.81209641e-02,2.66099893e-03
0.464000,1.01384953e-01,9.38849530e-02,6.258997,-7.81701608e-02,2.70220031e-03
0.465000,1.01306750e-01,9.38067500e-02,6.253783,-7.82023057e-02,2.67476729e-03
0.466000,1.01228524e-01,9.37285240e-02,6.248568,-7.82257707e-02,2.61913337e-03
0.467000,1.01150256e-01,9.36502560e-02,6.243350,-7.82680833e-02,2.67722371e-03
0.468000,1.01071938e-01,9.35719380e-02,6.238129,-7.83183943e-02,2.70511090e-03
0.469000,1.00993593e-01,9.34935930e-02,6.232906,-7.83446961e-02,2.64486164e-03
0.470000,1.00915221e-01,9.34152210e-02,6.227681,-7.83724937e-02,2.65339277e-03
0.471000,1.00836802e-01,9.33368020e-02,6.222453,-7.84185694e-02,2.70309758e-03
0.472000,1.00758349e-01,9.32583490e-02,6.217223,-7.84530536e-02,2.68460343e-03
0.473000,1.00679875e-01,9.31798750e-02,6.211992,-7.84744845e-02,2.62702160e-03
0.474000,1.00601363e-01,9.31013630e-02,6.206758,-7.85121719e-02,2.66812949e-03
0.475000,1.00522801e-01,9.30228010e-02,6.201520,-7.85615005e-02,2.71124809e-03
0.476000,1.00444211e-01,9.29442110e-02,6.196281,-7.85897037e-02,2.65113850e-03
0.477000,1.00365597e-01,9.28655970e-02,6.191040,-7.86143757e-02,2.65367248e-03
0.478000,1.00286939e-01,9.27869390e-02,6.185796,-7.86583406e-02,2.70243024e-03
0.479000,1.00208246e-01,9.27082460e-02,6.180550,-7.86928510e-02,2.68725449e-03
0.480000,1.00129532e-01,9.26295320e-02,6.175302,-7.87140322e-02,2.63356274e-03
0.481000,1.00050782e-01,9.25507820e-02,6.170052,-7.87496922e-02,2.67023397e-03
0.482000,9.99719855e-02,9.24719855e-02,6.164799,-7.87965005e-02,2.70762513e-03
0.483000,9.98931609e-02,9.23931609e-02,6.159544,-7.88246532e-02,2.66438377e-03
0.484000,9.98143127e-02,9.23143127e-02,6.154288,-7.88481728e-02,2.65243331e-03
0.485000,9.97354247e-02,9.22354247e-02,6.149028,-7.88880068e-02,2.70097994e-03
0.486000,9.96565015e-02,9.21565015e-02,6.143767,-7.89231806e-02,2.68657600e-03
0.487000,9.95775566e-02,9.20775566e-02,6.138504,-7.89449582e-02,2.64018656e-03
0.488000,9.94985769e-02,9.19985769e-02,6.133238,-7.89796696e-02,2.67072812e-03
0.489000,9.94195527e-02,9.19195527e-02,6.127970,-7.90242151e-02,2.71274333e-03
0.490000,9.93405014e-02,9.18405014e-02,6.122700,-7.90513004e-02,2.66957191e-03
0.491000,9.92614292e-02,9.17614292e-02,6.117429,-7.90722217e-02,2.64441267e-03
0.492000,9.91823174e-02,9.16823174e-02,6.112154,-7.91117702e-02,2.70473527e-03
0.493000,9.91031685e-02,9.16031685e-02,6.106878,-7.91489140e-02,2.69217685e-03
0.494000,9.90240000e-02,9.15240000e-02,6.101600,-7.91684678e-02,2.64389619e-03
0.495000,9.89447993e-02,9.14447993e-02,6.096320,-7.92006839e-02,2.67308216e-03
0.496000,9.88655557e-02,9.13655557e-02,6.091037,-7.92435948e-02,2.71320846e-03
0.497000,9.87862859e-02,9.12862859e-02,6.085752,-7.92698248e-02,2.67204322e-03
0.498000,9.87069957e-02,9.12069957e-02,6.080466,-7.92901562e-02,2.64686419e-03
0.499000,9.86276673e-02,9.11276673e-02,6.075178,-7.93284596e-02,2.70699402e-03
0.500000,9.85483029e-02,9.10483029e-02,6.069887,-7.93643989e-02,2.69348605e-03
0.501000,9.84689199e-02,9.09689199e-02,6.064595,-7.93829794e-02,2.64619955e-03
0.502000,9.83895055e-02,9.08895055e-02,6.059300,-7.94143581e-02,2.67365724e-03
0.503000,9.83100491e-02,9.08100491e-02,6.054003,-7.94564109e-02,2.71526830e-03
0.504000,9.82305670e-02,9.07305670e-02,6.048704,-7.94820877e-02,2.67427681e-03
0.505000,9.81510657e-02,9.06510657e-02,6.043404,-7.95013477e-02,2.64860895e-03
0.506000,9.80715271e-02,9.05715271e-02,6.038102,-7.95386090e-02,2.70829999e-03
0.507000,9.79919533e-02,9.04919533e-02,6.032797,-7.95737444e-02,2.69551892e-03
0.508000,9.79123618e-02,9.04123618e-02,6.027491,-7.95915364e-02,2.64952529e-03
0.509000,9.78327401e-02,9.03327401e-02,6.022183,-7.96216595e-02,2.67479789e-03
0.510000,9.77530777e-02,9.02530777e-02,6.016872,-7.96624183e-02,2.71748221e-03
0.511000,9.76733904e-02,9.01733904e-02,6.011559,-7.96873290e-02,2.67700172e-03
0.512000,9.75936850e-02,9.00936850e-02,6.006246,-7.97053801e-02,2.64907563e-03
0.513000,9.75139434e-02,9.00139434e-02,6.000930,-7.97416639e-02,2.71054017e-03
0.514000,9.74341671e-02,8.99341671e-02,5.995611,-7.97762499e-02,2.69753648e-03
0.515000,9.73543742e-02,8.98543742e-02,5.990292,-7.97929494e-02,2.65034849e-03
0.516000,9.72745519e-02,8.97745519e-02,5.984970,-7.98222643e-02,2.67889203e-03
0.517000,9.71946899e-02,8.96946899e-02,5.979646,-7.98620288e-02,2.71742810e-03
0.518000,9.71148043e-02,8.96148043e-02,5.974320,-7.98856045e-02,2.67193498e-03
0.519000,9.70348997e-02,8.95348997e-02,5.968993,-7.99045693e-02,2.66472112e-03
0.520000,9.69549599e-02,8.94549599e-02,5.963664,-7.99397504e-02,2.71594206e-03
0.521000,9.68749917e-02,8.93749917e-02,5.958333,-7.99682429e-02,2.69800279e-03
0.522000,9.67950086e-02,8.92950086e-02,5.953001,-7.99830859e-02,2.64418616e-03
0.523000,9.67149953e-02,8.92149953e-02,5.947666,-8.00133374e-02,2.68474095e-03
0.524000,9.66349412e-02,8.91349412e-02,5.942329,-8.00540914e-02,2.72507904e-03
0.525000,9.65548668e-02,8.90548668e-02,5.936991,-8.00743932e-02,2.66613114e-03
0.526000,9.64747749e-02,8.89747749e-02,5.931652,-8.00918717e-02,2.66790863e-03
0.527000,9.63946465e-02,8.88946465e-02,5.926310,-8.01283952e-02,2.72028054e-03
0.528000,9.63144914e-02,8.88144914e-02,5.920966,-8.01550736e-02,2.69915167e-03
0.529000,9.62343232e-02,8.87343232e-02,5.915622,-8.01682887e-02,2.64298250e-03
0.530000,9.61541248e-02,8.86541248e-02,5.910275,-8.01983757e-02,2.68724160e-03
0.531000,9.60738857e-02,8.85738857e-02,5.904926,-8.02390827e-02,2.72368526e-03
0.532000,9.59936269e-02,8.84936269e-02,5.899575,-8.02588098e-02,2.66560164e-03
0.533000,9.59133501e-02,8.84133501e-02,5.894223,-8.02768397e-02,2.67060939e-03
0.534000,9.58330370e-02,8.83330370e-02,5.888869,-8.03130595e-02,2.72172375e-03
0.535000,9.57526984e-02,8.82526984e-02,5.883513,-8.03385957e-02,2.69855491e-03
0.536000,9.56723470e-02,8.81723470e-02,5.878156,-8.03514423e-02,2.64159284e-03
0.537000,9.55919650e-02,8.80919650e-02,5.872798,-8.03819711e-02,2.69981940e-03
0.538000,9.55115441e-02,8.80115441e-02,5.867436,-8.04209103e-02,2.72998505e-03
0.539000,9.54311087e-02,8.79311087e-02,5.862074,-8.04353925e-02,2.65894157e-03
0.540000,9.53506562e-02,8.78506562e-02,5.856710,-8.04525312e-02,2.67930650e-03
0.541000,9.52701668e-02,8.77701668e-02,5.851344,-8.04894003e-02,2.72372735e-03
0.542000,9.51896550e-02,8.76896550e-02,5.845977,-8.05117259e-02,2.69384457e-03
0.543000,9.51091303e-02,8.76091303e-02,5.840609,-8.05247475e-02,2.64525126e-03
0.544000,9.50285741e-02,8.75285741e-02,5.835238,-8.05561763e-02,2.71059936e-03
0.545000,9.49479821e-02,8.74479821e-02,5.829865,-8.05920077e-02,2.72041186e-03
0.546000,9.48673775e-02,8.73673775e-02,5.824492,-8.06046426e-02,2.65818475e-03
0.547000,9.47867524e-02,8.72867524e-02,5.819117,-8.06250591e-02,2.69058274e-03
0.548000,9.47060922e-02,8.72060922e-02,5.813739,-8.06601826e-02,2.71308917e-03
0.549000,9.46254115e-02,8.71254115e-02,5.808361,-8.06806862e-02,2.69257014e-03
0.550000,9.45447141e-02,8.70447141e-02,5.802981,-8.06974269e-02,2.65458862e-03
0.551000,9.44639865e-02,8.69639865e-02,5.797599,-8.07276230e-02,2.71799278e-03
0.552000,9.43832274e-02,8.68832274e-02,5.792215,-8.07590804e-02,2.71714747e-03
0.553000,9.43024575e-02,8.68024575e-02,5.786831,-8.07698645e-02,2.65327026e-03
0.554000,9.42216653e-02,8.67216653e-02,5.781444,-8.07922221e-02,2.69167691e-03
0.555000,9.41408365e-02,8.66408365e-02,5.776056,-8.08287662e-02,2.72301875e-03
0.556000,9.40599894e-02,8.65599894e-02,5.770666,-8.08471545e-02,2.68443699e-03
0.557000,9.39791273e-02,8.64791273e-02,5.765275,-8.08620724e-02,2.66423367e-03
0.558000,9.38982341e-02,8.63982341e-02,5.759882,-8.08932339e-02,2.72768839e-03
0.559000,9.38173143e-02,8.63173143e-02,5.754488,-8.09198092e-02,2.71551809e-03
0.560000,9.37363866e-02,8.62363866e-02,5.749092,-8.09276972e-02,2.64247207e-03
0.561000,9.36554341e-02,8.61554341e-02,5.743696,-8.09524995e-02,2.70136157e-03
0.562000,9.35744432e-02,8.60744432e-02,5.738296,-8.09908772e-02,2.72982739e-03
0.563000,9.34934383e-02,8.59934383e-02,5.732896,-8.10048809e-02,2.66942828e-03
0.564000,9.34124181e-02,8.59124181e-02,5.727495,-8.10202169e-02,2.67030712e-03
0.565000,9.33313629e-02,8.58313629e-02,5.722091,-8.10552335e-02,2.73329690e-03
0.566000,9.32502840e-02,8.57502840e-02,5.716686,-8.10788224e-02,2.71531821e-03
0.567000,9.31691991e-02,8.56691991e-02,5.711280,-8.10849038e-02,2.64046047e-03
0.568000,9.30880890e-02,8.55880890e-02,5.705873,-8.11101275e-02,2.71590509e-03
0.569000,9.30069424e-02,8.55069424e-02,5.700463,-8.11465940e-02,2.72806183e-03
0.570000,9.29257863e-02,8.54257863e-02,5.695052,-8.11561336e-02,2.66855566e-03
0.571000,9.28446141e-02,8.53446141e-02,5.689641,-8.11722037e-02,2.68181093e-03
0.572000,9.27634086e-02,8.52634086e-02,5.684227,-8.12054725e-02,2.72176345e-03
0.573000,9.26821813e-02,8.51821813e-02,5.678812,-8.12273230e-02,2.70376433e-03
0.574000,9.26009420e-02,8.51009420e-02,5.673396,-8.12392353e-02,2.65856355e-03
0.575000,9.25196770e-02,8.50196770e-02,5.667978,-8.12650521e-02,2.72574575e-03
0.576000,9.24383832e-02,8.49383832e-02,5.662559,-8.12938331e-02,2.71402810e-03
0.577000,9.23570805e-02,8.48570805e-02,5.657139,-8.13026226e-02,2.66308139e-03
0.578000,9.22757563e-02,8.47757563e-02,5.651717,-8.13242697e-02,2.69118929e-03
0.579000,9.21943986e-02,8.46943986e-02,5.646293,-8.13576779e-02,2.73160582e-03
0.580000,9.21130239e-02,8.46130239e-02,5.640868,-8.13747078e-02,2.68438727e-03
0.581000,9.20316371e-02,8.45316371e-02,5.635442,-8.13868144e-02,2.68063564e-03
0.582000,9.19502220e-02,8.44502220e-02,5.630015,-8.14150917e-02,2.73137286e-03
0.583000,9.18687864e-02,8.43687864e-02,5.624586,-8.14356288e-02,2.71180103e-03
0.584000,9.17873434e-02,8.42873434e-02,5.619156,-8.14429641e-02,2.65249285e-03
0.585000,9.17058762e-02,8.42058762e-02,5.613725,-8.14672151e-02,2.70683603e-03
0.586000,9.16243748e-02,8.41243748e-02,5.608292,-8.15013337e-02,2.73664047e-03
0.587000,9.15428625e-02,8.40428625e-02,5.602858,-8.15123347e-02,2.67154897e-03
0.588000,9.14613374e-02,8.39613374e-02,5.597422,-8.15250582e-02,2.68946004e-03
0.589000,9.13797815e-02,8.38797815e-02,5.591985,-8.15559913e-02,2.73213207e-03
0.590000,9.12982080e-02,8.37982080e-02,5.586547,-8.15734960e-02,2.70268236e-03
0.591000,9.12166258e-02,8.37166258e-02,5.581108,-8.15821945e-02,2.65443314e-03
0.592000,9.11350167e-02,8.36350167e-02,5.575668,-8.16090971e-02,2.72557843e-03
0.593000,9.10533774e-02,8.35533774e-02,5.570225,-8.16392641e-02,2.72584782e-03
0.594000,9.09717314e-02,8.34717314e-02,5.564782,-8.16460184e-02,2.66516746e-03
0.595000,9.08900680e-02,8.33900680e-02,5.559338,-8.16634148e-02,2.69919384e-03
0.596000,9.08083732e-02,8.33083732e-02,5.553892,-8.16947224e-02,2.73074851e-03
0.597000,9.07266640e-02,8.32266640e-02,5.548444,-8.17092751e-02,2.69423041e-03
0.598000,9.06449440e-02,8.31449440e-02,5.542996,-8.17199226e-02,2.66981434e-03
0.599000,9.05631972e-02,8.30631972e-02,5.537546,-8.17468809e-02,2.73638062e-03
0.600000,9.04814271e-02,8.29814271e-02,5.532095,-8.17700863e-02,2.72200153e-03
0.601000,9.03996531e-02,8.28996531e-02,5.526644,-8.17739731e-02,2.65325712e-03
0.602000,9.03178584e-02,8.28178584e-02,5.521191,-8.17947390e-02,2.70961083e-03
0.603000,9.02360303e-02,8.27360303e-02,5.515735,-8.18281159e-02,2.73758612e-03
0.604000,9.01541922e-02,8.26541922e-02,5.510279,-8.18380384e-02,2.67433495e-03
0.605000,9.00723423e-02,8.25723423e-02,5.504823,-8.18499586e-02,2.68559008e-03
0.606000,8.99904616e-02,8.24904616e-02,5.499364,-8.18806611e-02,2.73712875e-03
0.607000,8.99085630e-02,8.24085630e-02,5.493904,-8.18985532e-02,2.71592079e-03
0.608000,8.98266598e-02,8.23266598e-02,5.488444,-8.19032697e-02,2.65541917e-03
0.609000,8.97447341e-02,8.22447341e-02,5.482982,-8.19256502e-02,2.73203909e-03
0.610000,8.96627798e-02,8.21627798e-02,5.477519,-8.19543509e-02,2.72220903e-03
0.611000,8.95808201e-02,8.20808201e-02,5.472055,-8.19596269e-02,2.66983369e-03
0.612000,8.94988428e-02,8.19988428e-02,5.466590,-8.19773931e-02,2.69448412e-03
0.613000,8.94168347e-02,8.19168347e-02,5.461122,-8.20080011e-02,2.73744253e-03
0.614000,8.93348118e-02,8.18348118e-02,5.455654,-8.20229168e-02,2.69027068e-03
0.615000,8.92527798e-02,8.17527798e-02,5.450185,-8.20320661e-02,2.68868475e-03
0.616000,8.91707228e-02,8.16707228e-02,5.444715,-8.20569878e-02,2.73673630e-03
0.617000,8.90886488e-02,8.15886488e-02,5.439243,-8.20739330e-02,2.71573163e-03
0.618000,8.90065700e-02,8.15065700e-02,5.433771,-8.20788118e-02,2.65826867e-03
0.619000,8.89244693e-02,8.14244693e-02,5.428298,-8.21007505e-02,2.71342950e-03
0.620000,8.88423375e-02,8.13423375e-02,5.422823,-8.21318063e-02,2.74346423e-03
0.621000,8.87601980e-02,8.12601980e-02,5.417347,-8.21394352e-02,2.67701871e-03
0.622000,8.86780491e-02,8.11780491e-02,5.411870,-8.21489504e-02,2.69977813e-03
0.623000,8.85958728e-02,8.10958728e-02,5.406392,-8.21762625e-02,2.72777473e-03
0.624000,8.85136817e-02,8.10136817e-02,5.400912,-8.21911492e-02,2.70743224e-03
0.625000,8.84314812e-02,8.09314812e-02,5.395432,-8.22004387e-02,2.67122783e-03
0.626000,8.83492584e-02,8.08492584e-02,5.389951,-8.22228114e-02,2.73254259e-03
0.627000,8.82670122e-02,8.07670122e-02,5.384467,-8.22462313e-02,2.72781656e-03
0.628000,8.81847618e-02,8.06847618e-02,5.378984,-8.22503503e-02,2.66279928e-03
0.629000,8.81024943e-02,8.06024943e-02,5.373500,-8.22675189e-02,2.71352922e-03
0.630000,8.80201973e-02,8.05201973e-02,5.368013,-8.22970692e-02,2.74088257e-03
0.631000,8.79378921e-02,8.04378921e-02,5.362526,-8.23051219e-02,2.68118357e-03
0.632000,8.78555774e-02,8.03555774e-02,5.357038,-8.23147484e-02,2.68241123e-03
0.633000,8.77732336e-02,8.02732336e-02,5.351549,-8.23437638e-02,2.74593568e-03
0.634000,8.76908725e-02,8.01908725e-02,5.346058,-8.23611425e-02,2.72459285e-03
0.635000,8.76085111e-02,8.01085111e-02,5.340567,-8.23614331e-02,2.65826796e-03
0.636000,8.75261306e-02,8.00261306e-02,5.335075,-8.23804618e-02,2.73180735e-03
0.637000,8.74437223e-02,7.99437223e-02,5.329581,-8.24082679e-02,2.72681977e-03
0.638000,8.73613095e-02,7.98613095e-02,5.324087,-8.24128046e-02,2.67626472e-03
0.639000,8.72788816e-02,7.97788816e-02,5.318592,-8.24279194e-02,2.70090675e-03
0.640000,8.71964263e-02,7.96964263e-02,5.313095,-8.24552796e-02,2.74027664e-03
0.641000,8.71139587e-02,7.96139587e-02,5.307597,-8.24675848e-02,2.69808715e-03
0.642000,8.70314843e-02,7.95314843e-02,5.302099,-8.24744211e-02,2.68775875e-03
0.643000,8.69489874e-02,7.94489874e-02,5.296599,-8.24969395e-02,2.74216264e-03
0.644000,8.68664741e-02,7.93664741e-02,5.291098,-8.25132292e-02,2.72030593e-03
0.645000,8.67839586e-02,7.92839586e-02,5.285597,-8.25155170e-02,2.66257331e-03
0.646000,8.67014234e-02,7.92014234e-02,5.280095,-8.25351922e-02,2.71808137e-03
0.647000,8.66188594e-02,7.91188594e-02,5.274591,-8.25640117e-02,2.74728572e-03
0.648000,8.65362900e-02,7.90362900e-02,5.269086,-8.25694370e-02,2.67985558e-03
0.649000,8.64537128e-02,7.89537128e-02,5.263581,-8.25771955e-02,2.70572080e-03
0.650000,8.63711103e-02,7.88711103e-02,5.258074,-8.26025250e-02,2.73203490e-03
0.651000,8.62884956e-02,7.87884956e-02,5.252566,-8.26147067e-02,2.70628984e-03
0.652000,8.62058728e-02,7.87058728e-02,5.247058,-8.26227992e-02,2.67374098e-03
0.653000,8.61232277e-02,7.86232277e-02,5.241549,-8.26451026e-02,2.74349431e-03
0.654000,8.60405619e-02,7.85405619e-02,5.236037,-8.26657605e-02,2.73401567e-03
0.655000,8.59578967e-02,7.84578967e-02,5.230526,-8.26651865e-02,2.66095099e-03
0.656000,8.58752161e-02,7.83752161e-02,5.225014,-8.26806461e-02,2.71713563e-03
0.657000,8.57925059e-02,7.82925059e-02,5.219500,-8.27101656e-02,2.74529587e-03
0.658000,8.57097896e-02,7.82097896e-02,5.213986,-8.27162534e-02,2.68366989e-03
0.659000,8.56270657e-02,7.81270657e-02,5.208471,-8.27239909e-02,2.69203336e-03
0.660000,8.55443152e-02,7.80443152e-02,5.202954,-8.27504882e-02,2.74595587e-03
0.661000,8.54615505e-02,7.79615505e-02,5.197437,-8.27647033e-02,2.72043795e-03
0.662000,8.53787847e-02,7.78787847e-02,5.191919,-8.27657220e-02,2.66785797e-03
0.663000,8.52960003e-02,7.77960003e-02,5.186400,-8.27844193e-02,2.74056289e-03
0.664000,8.52131928e-02,7.77131928e-02,5.180880,-8.28075276e-02,2.72733339e-03
0.665000,8.51303837e-02,7.76303837e-02,5.175359,-8.28090980e-02,2.67767417e-03
0.666000,8.50475599e-02,7.75475599e-02,5.169837,-8.28237949e-02,2.70798722e-03
0.667000,8.49647105e-02,7.74647105e-02,5.164314,-8.28494401e-02,2.74894742e-03
0.668000,8.48818526e-02,7.73818526e-02,5.158790,-8.28578866e-02,2.68803373e-03
0.669000,8.47989889e-02,7.72989889e-02,5.153266,-8.28636531e-02,2.69933475e-03
0.670000,8.47161015e-02,7.72161015e-02,5.147740,-8.28874262e-02,2.74716679e-03
0.671000,8.46332025e-02,7.71332025e-02,5.142214,-8.28990292e-02,2.71835320e-03
0.672000,8.45503024e-02,7.70503024e-02,5.136687,-8.29000189e-02,2.66465235e-03
0.673000,8.44673825e-02,7.69673825e-02,5.131159,-8.29199677e-02,2.73823937e-03
0.674000,8.43844379e-02,7.68844379e-02,5.125629,-8.29445397e-02,2.73880849e-03
0.675000,8.43014931e-02,7.68014931e-02,5.120100,-8.29448440e-02,2.67717200e-03
0.676000,8.42185372e-02,7.67185372e-02,5.114569,-8.29558610e-02,2.71181595e-03
0.677000,8.41355562e-02,7.66355562e-02,5.109037,-8.29809941e-02,2.74133951e-03
0.678000,8.40525667e-02,7.65525667e-02,5.103504,-8.29895286e-02,2.69574712e-03
0.679000,8.39695703e-02,7.64695703e-02,5.097971,-8.29964296e-02,2.68802769e-03
0.680000,8.38865506e-02,7.63865506e-02,5.092437,-8.30196690e-02,2.75324659e-03
0.681000,8.38035167e-02,7.63035167e-02,5.086901,-8.30339103e-02,2.73240851e-03
0.682000,8.37204863e-02,7.62204863e-02,5.081366,-8.30304177e-02,2.66247713e-03
0.683000,8.36374401e-02,7.61374401e-02,5.075829,-8.30461353e-02,2.73781529e-03
0.684000,8.35543687e-02,7.60543687e-02,5.070291,-8.30714966e-02,2.73316559e-03
0.685000,8.34712957e-02,7.59712957e-02,5.064753,-8.30729380e-02,2.68432186e-03
0.686000,8.33882112e-02,7.58882112e-02,5.059214,-8.30845440e-02,2.70594177e-03
0.687000,8.33051028e-02,7.58051028e-02,5.053674,-8.31083677e-02,2.74752650e-03
0.688000,8.32219851e-02,7.57219851e-02,5.048132,-8.31177372e-02,2.69760621e-03
0.689000,8.31388628e-02,7.56388628e-02,5.042591,-8.31222776e-02,2.69858876e-03
0.690000,8.30557197e-02,7.55557197e-02,5.037048,-8.31430388e-02,2.74772722e-03
0.691000,8.29725650e-02,7.54725650e-02,5.031504,-8.31547878e-02,2.72456872e-03
0.692000,8.28894105e-02,7.53894105e-02,5.025961,-8.31544942e-02,2.66892307e-03
0.693000,8.28062388e-02,7.53062388e-02,5.020416,-8.31716466e-02,2.73267429e-03
0.694000,8.27230430e-02,7.52230430e-02,5.014870,-8.31958001e-02,2.74432338e-03
0.695000,8.26398461e-02,7.51398461e-02,5.009323,-8.31969568e-02,2.67999082e-03
0.696000,8.25566404e-02,7.50566404e-02,5.003776,-8.32056642e-02,2.71473117e-03
0.697000,8.24734110e-02,7.49734110e-02,4.998227,-8.32293560e-02,2.74093033e-03
0.698000,8.23901740e-02,7.48901740e-02,4.992678,-8.32370055e-02,2.70358468e-03
0.699000,8.23069314e-02,7.48069314e-02,4.987129,-8.32426549e-02,2.69085310e-03
0.700000,8.22236686e-02,7.47236686e-02,4.981578,-8.32628207e-02,2.75062632e-03
0.701000,8.21403920e-02,7.46403920e-02,4.976026,-8.32765974e-02,2.73359369e-03
0.702000,8.20571182e-02,7.45571182e-02,4.970475,-8.32737558e-02,2.66264542e-03
0.703000,8.19738292e-02,7.44738292e-02,4.964922,-8.32890544e-02,2.73933172e-03
0.704000,8.18905151e-02,7.43905151e-02,4.959368,-8.33140923e-02,2.74248330e-03
0.705000,8.18072017e-02,7.43072017e-02,4.953813,-8.33133879e-02,2.68483086e-03
0.706000,8.17238798e-02,7.42238798e-02,4.948259,-8.33218438e-02,2.71079629e-03
0.707000,8.16405352e-02,7.41405352e-02,4.942702,-8.33446418e-02,2.74418572e-03
0.708000,8.15571822e-02,7.40571822e-02,4.937145,-8.33530079e-02,2.70564360e-03
0.709000,8.14738250e-02,7.39738250e-02,4.931588,-8.33572241e-02,2.69863817e-03
0.710000,8.13904496e-02,7.38904496e-02,4.926030,-8.33753370e-02,2.74921749e-03
0.711000,8.13070628e-02,7.38070628e-02,4.920471,-8.33868062e-02,2.72583258e-03
0.712000,8.12236770e-02,7.37236770e-02,4.914912,-8.33857997e-02,2.67063184e-03
0.713000,8.11402748e-02,7.36402748e-02,4.909352,-8.34022348e-02,2.73395214e-03
0.714000,8.10568492e-02,7.35568492e-02,4.903790,-8.34256012e-02,2.74904337e-03
0.715000,8.09734237e-02,7.34734237e-02,4.898228,-8.34255035e-02,2.68235495e-03
0.716000,8.08899914e-02,7.33899914e-02,4.892666,-8.34322427e-02,2.71607684e-03
0.717000,8.08065365e-02,7.33065365e-02,4.887102,-8.34549201e-02,2.74231541e-03
0.718000,8.07230746e-02,7.32230746e-02,4.881538,-8.34618827e-02,2.70542570e-03
0.719000,8.06396079e-02,7.31396079e-02,4.875974,-8.34667517e-02,2.69341537e-03
0.720000,8.05561220e-02,7.30561220e-02,4.870408,-8.34858597e-02,2.75296036e-03
0.721000,8.04726236e-02,7.29726236e-02,4.864842,-8.34983823e-02,2.73637327e-03
0.722000,8.03891294e-02,7.28891294e-02,4.859275,-8.34942826e-02,2.66738242e-03
0.723000,8.03056215e-02,7.28056215e-02,4.853708,-8.35078306e-02,2.74022838e-03
0.724000,8.02220904e-02,7.27220904e-02,4.848139,-8.35311542e-02,2.74128217e-03
0.725000,8.01385600e-02,7.26385600e-02,4.842571,-8.35303678e-02,2.68743548e-03
0.726000,8.00550212e-02,7.25550212e-02,4.837001,-8.35387575e-02,2.71014925e-03
0.727000,7.99714604e-02,7.24714604e-02,4.831431,-8.35608146e-02,2.75049722e-03
0.728000,7.98878922e-02,7.23878922e-02,4.825859,-8.35682771e-02,2.70276078e-03
0.729000,7.98043212e-02,7.23043212e-02,4.820288,-8.35709303e-02,2.69932708e-03
0.730000,7.97207314e-02,7.22207314e-02,4.814715,-8.35898681e-02,2.75500698e-03
0.731000,7.96371313e-02,7.21371313e-02,4.809142,-8.36000872e-02,2.72938701e-03
0.732000,7.95535347e-02,7.20535347e-02,4.803569,-8.35965508e-02,2.67399084e-03
0.733000,7.94699235e-02,7.19699235e-02,4.797995,-8.36112246e-02,2.74031654e-03
0.734000,7.93862911e-02,7.18862911e-02,4.792419,-8.36323624e-02,2.74021450e-03
0.735000,7.93026594e-02,7.18026594e-02,4.786844,-8.36317358e-02,2.68866804e-03
0.736000,7.92190191e-02,7.17190191e-02,4.781268,-8.36402582e-02,2.71667470e-03
0.737000,7.91353584e-02,7.16353584e-02,4.775691,-8.36607565e-02,2.74994174e-03
0.738000,7.90516922e-02,7.15516922e-02,4.770113,-8.36661742e-02,2.70202564e-03
0.739000,7.89680231e-02,7.14680231e-02,4.764535,-8.36691398e-02,2.69297682e-03
0.740000,7.88843336e-02,7.13843336e-02,4.758956,-8.36894420e-02,2.76086622e-03
0.741000,7.88006329e-02,7.13006329e-02,4.753376,-8.37007105e-02,2.73601241e-03
0.742000,7.87169388e-02,7.12169388e-02,4.747796,-8.36940782e-02,2.66789094e-03
0.743000,7.86332312e-02,7.11332312e-02,4.742215,-8.37076548e-02,2.74763307e-03
0.744000,7.85495017e-02,7.10495017e-02,4.736633,-8.37295021e-02,2.73800767e-03
0.745000,7.84657748e-02,7.09657748e-02,4.731052,-8.37268629e-02,2.68765667e-03
0.746000,7.83820385e-02,7.08820385e-02,4.725469,-8.37362889e-02,2.71742927e-03
0.747000,7.82982815e-02,7.07982815e-02,4.719885,-8.37569859e-02,2.75762181e-03
0.748000,7.82145207e-02,7.07145207e-02,4.714301,-8.37607976e-02,2.69601450e-03
0.749000,7.81307584e-02,7.06307584e-02,4.708717,-8.37623040e-02,2.70960775e-03
0.750000,7.80469768e-02,7.05469768e-02,4.703132,-8.37816394e-02,2.75350762e-03
0.751000,7.79631880e-02,7.04631880e-02,4.697546,-8.37887473e-02,2.72247787e-03
0.752000,7.78794011e-02,7.03794011e-02,4.691960,-8.37869251e-02,2.67619913e-03
0.753000,7.77955976e-02,7.02955976e-02,4.686373,-8.38034775e-02,2.74899660e-03
0.754000,7.77117753e-02,7.02117753e-02,4.680785,-8.38223550e-02,2.74517115e-03
0.755000,7.76279573e-02,7.01279573e-02,4.675197,-8.38180013e-02,2.67870573e-03
0.756000,7.75441306e-02,7.00441306e-02,4.669609,-8.38266576e-02,2.72832179e-03
0.757000,7.74602823e-02,6.99602823e-02,4.664019,-8.38483680e-02,2.75025406e-03
0.758000,7.73764324e-02,6.98764324e-02,4.658429,-8.38499053e-02,2.69498716e-03
0.759000,7.72925783e-02,6.97925783e-02,4.652839,-8.38540131e-02,2.70596001e-03
0.760000,7.72087040e-02,6.97087040e-02,4.647247,-8.38743309e-02,2.75473317e-03
0.761000,7.71248216e-02,6.96248216e-02,4.641655,-8.38824201e-02,2.72736005e-03
0.762000,7.70409423e-02,6.95409423e-02,4.636063,-8.38793321e-02,2.68701601e-03
0.763000,7.69570499e-02,6.94570499e-02,4.630470,-8.38923682e-02,2.74907636e-03
0.764000,7.68731422e-02,6.93731422e-02,4.624876,-8.39076792e-02,2.74040074e-03
0.765000,7.67892381e-02,6.92892381e-02,4.619283,-8.39041429e-02,2.67924485e-03
0.766000,7.67053238e-02,6.92053238e-02,4.613688,-8.39142705e-02,2.72992833e-03
0.767000,7.66213883e-02,6.91213883e-02,4.608093,-8.39355198e-02,2.75496246e-03
0.768000,7.65374526e-02,6.90374526e-02,4.602497,-8.39356968e-02,2.69601042e-03
0.769000,7.64535145e-02,6.89535145e-02,4.596901,-8.39380773e-02,2.71697997e-03
0.770000,7.63695584e-02,6.88695584e-02,4.591304,-8.39561103e-02,2.74663368e-03
0.771000,7.62855964e-02,6.87855964e-02,4.585706,-8.39620127e-02,2.71488884e-03
0.772000,7.62016326e-02,6.87016326e-02,4.580109,-8.39637901e-02,2.69052765e-03
0.773000,7.61176523e-02,6.86176523e-02,4.574510,-8.39803009e-02,2.75943460e-03
0.774000,7.60336597e-02,6.85336597e-02,4.568911,-8.39926269e-02,2.74084063e-03
0.775000,7.59496741e-02,6.84496741e-02,4.563312,-8.39856110e-02,2.66974099e-03
0.776000,7.58656768e-02,6.83656768e-02,4.557712,-8.39972748e-02,2.74031119e-03
0.777000,7.57816570e-02,6.82816570e-02,4.552110,-8.40198092e-02,2.75073746e-03
0.778000,7.56976396e-02,6.81976396e-02,4.546509,-8.40173235e-02,2.69299730e-03
0.779000,7.56136180e-02,6.81136180e-02,4.540908,-8.40216244e-02,2.71564691e-03
0.780000,7.55295771e-02,6.80295771e-02,4.535305,-8.40408827e-02,2.74805722e-03
0.781000,7.54455302e-02,6.79455302e-02,4.529702,-8.40469711e-02,2.71119243e-03
0.782000,7.53614812e-02,6.78614812e-02,4.524099,-8.40489347e-02,2.70508460e-03
0.783000,7.52774172e-02,6.77774172e-02,4.518494,-8.40640852e-02,2.75646819e-03
0.784000,7.51933450e-02,6.76933450e-02,4.512890,-8.40721551e-02,2.73128275e-03
0.785000,7.51092772e-02,6.76092772e-02,4.507285,-8.40678036e-02,2.67872314e-03
0.786000,7.50251962e-02,6.75251962e-02,4.501680,-8.40810179e-02,2.74536697e-03
0.787000,7.49410965e-02,6.74410965e-02,4.496073,-8.40997084e-02,2.74409450e-03
0.788000,7.48569997e-02,6.73569997e-02,4.490467,-8.40967371e-02,2.69169057e-03
0.789000,7.47728963e-02,6.72728963e-02,4.484860,-8.41034507e-02,2.72388952e-03
0.790000,7.46887746e-02,6.71887746e-02,4.479252,-8.41216805e-02,2.75630695e-03
0.791000,7.46046510e-02,6.71046510e-02,4.473643,-8.41236031e-02,2.70016484e-03
0.792000,7.45205262e-02,6.70205262e-02,4.468035,-8.41248074e-02,2.70388562e-03
0.793000,7.44363824e-02,6.69363824e-02,4.462425,-8.41437916e-02,2.75991619e-03
0.794000,7.43522307e-02,6.68522307e-02,4.456815,-8.41516455e-02,2.73540770e-03
0.795000,7.42680853e-02,6.67680853e-02,4.451206,-8.41454322e-02,2.67828991e-03
0.796000,7.41839279e-02,6.66839279e-02,4.445595,-8.41573684e-02,2.75354481e-03
0.797000,7.40997532e-02,6.65997532e-02,4.439984,-8.41747550e-02,2.73872180e-03
0.798000,7.40155831e-02,6.65155831e-02,4.434372,-8.41700481e-02,2.69002751e-03
0.799000,7.39314043e-02,6.64314043e-02,4.428760,-8.41788203e-02,2.72585676e-03
0.800000,7.38472071e-02,6.63472071e-02,4.423147,-8.41972484e-02,2.75972497e-03
0.801000,7.37630092e-02,6.62630092e-02,4.417534,-8.41979204e-02,2.69768406e-03
0.802000,7.36788107e-02,6.61788107e-02,4.411921,-8.41984409e-02,2.71656952e-03
0.803000,7.35945947e-02,6.60945947e-02,4.406306,-8.42159968e-02,2.75028518e-03
0.804000,7.35103733e-02,6.60103733e-02,4.400692,-8.42213883e-02,2.72264868e-03
0.805000,7.34261527e-02,6.59261527e-02,4.395077,-8.42205942e-02,2.68906586e-03
0.806000,7.33419179e-02,6.58419179e-02,4.389461,-8.42348151e-02,2.75883272e-03
0.807000,7.32576702e-02,6.57576702e-02,4.383845,-8.42477276e-02,2.74630524e-03
0.808000,7.31734303e-02,6.56734303e-02,4.378229,-8.42399430e-02,2.67822722e-03
0.809000,7.30891819e-02,6.55891819e-02,4.372612,-8.42483114e-02,2.73549470e-03
0.810000,7.30049130e-02,6.55049130e-02,4.366994,-8.42689106e-02,2.75527934e-03
0.811000,7.29206458e-02,6.54206458e-02,4.361376,-8.42672035e-02,2.69783894e-03
0.812000,7.28363767e-02,6.53363767e-02,4.355758,-8.42691566e-02,2.71851820e-03
0.813000,7.27520904e-02,6.52520904e-02,4.350139,-8.42863171e-02,2.74873490e-03
0.814000,7.26677990e-02,6.51677990e-02,4.344520,-8.42913427e-02,2.71307569e-03
0.815000,7.25835063e-02,6.50835063e-02,4.338900,-8.42927506e-02,2.70749933e-03
0.816000,7.24991994e-02,6.49991994e-02,4.333280,-8.43068557e-02,2.75973510e-03
0.817000,7.24148858e-02,6.49148858e-02,4.327659,-8.43135548e-02,2.73346492e-03
0.818000,7.23305781e-02,6.48305781e-02,4.322039,-8.43077445e-02,2.68000093e-03
0.819000,7.22462581e-02,6.47462581e-02,4.316417,-8.43200162e-02,2.74863712e-03
0.820000,7.21619204e-02,6.46619204e-02,4.310795,-8.43377088e-02,2.74798548e-03
0.821000,7.20775874e-02,6.45775874e-02,4.305172,-8.43329754e-02,2.69133298e-03
0.822000,7.19932489e-02,6.44932489e-02,4.299550,-8.43384744e-02,2.72915534e-03
0.823000,7.19088930e-02,6.44088930e-02,4.293926,-8.43558905e-02,2.75809170e-03
0.824000,7.18245373e-02,6.43245373e-02,4.288302,-8.43557681e-02,2.69945801e-03
0.825000,7.17401808e-02,6.42401808e-02,4.282679,-8.43565112e-02,2.70754924e-03
0.826000,7.16558057e-02,6.41558057e-02,4.277054,-8.43750797e-02,2.76074085e-03
0.827000,7.15714241e-02,6.40714241e-02,4.271428,-8.43815846e-02,2.73554178e-03
0.828000,7.14870490e-02,6.39870490e-02,4.265803,-8.43750767e-02,2.68675077e-03
0.829000,7.14026635e-02,6.39026635e-02,4.260178,-8.43854727e-02,2.75247077e-03
0.830000,7.13182633e-02,6.38182633e-02,4.254551,-8.44002706e-02,2.74537063e-03
0.831000,7.12338685e-02,6.37338685e-02,4.248925,-8.43947406e-02,2.68577880e-03
0.832000,7.11494665e-02,6.36494665e-02,4.243298,-8.44020805e-02,2.73455024e-03
0.833000,7.10650461e-02,6.35650461e-02,4.237670,-8.44203666e-02,2.75823777e-03
0.834000,7.09806276e-02,6.34806276e-02,4.232042,-8.44184466e-02,2.69914606e-03
0.835000,7.08962084e-02,6.33962084e-02,4.226414,-8.44191969e-02,2.72280659e-03
0.836000,7.08117733e-02,6.33117733e-02,4.220785,-8.44351698e-02,2.75311649e-03
0.837000,7.07273353e-02,6.32273353e-02,4.215156,-8.44380122e-02,2.71991844e-03
0.838000,7.06428985e-02,6.31428985e-02,4.209527,-8.44367711e-02,2.69442660e-03
0.839000,7.05584475e-02,6.30584475e-02,4.203897,-8.44509406e-02,2.76139853e-03
0.840000,7.04739859e-02,6.29739859e-02,4.198266,-8.44616389e-02,2.74457173e-03
0.841000,7.03895326e-02,6.28895326e-02,4.192636,-8.44533182e-02,2.67555289e-03
0.842000,7.03050699e-02,6.28050699e-02,4.187005,-8.44627288e-02,2.74865193e-03
0.843000,7.02205880e-02,6.27205880e-02,4.181373,-8.44818796e-02,2.74653764e-03
0.844000,7.01361106e-02,6.26361106e-02,4.175741,-8.44773974e-02,2.69975406e-03
0.845000,7.00516287e-02,6.25516287e-02,4.170109,-8.44818827e-02,2.71774566e-03
0.846000,6.99671302e-02,6.24671302e-02,4.164475,-8.44985508e-02,2.76426314e-03
0.847000,6.98826291e-02,6.23826291e-02,4.158842,-8.45010841e-02,2.70538085e-03
0.848000,6.97981303e-02,6.22981303e-02,4.153209,-8.44987531e-02,2.71480171e-03
0.849000,6.97136162e-02,6.22136162e-02,4.147574,-8.45140939e-02,2.76238275e-03
0.850000,6.96290983e-02,6.21290983e-02,4.141940,-8.45179266e-02,2.72655621e-03
0.851000,6.95445858e-02,6.20445858e-02,4.136306,-8.45124685e-02,2.68581541e-03
0.852000,6.94600598e-02,6.19600598e-02,4.130671,-8.45259809e-02,2.75716734e-03
0.853000,6.93755196e-02,6.18755196e-02,4.125035,-8.45402554e-02,2.75341566e-03
0.854000,6.92909878e-02,6.17909878e-02,4.119399,-8.45317604e-02,2.68079652e-03
0.855000,6.92064505e-02,6.17064505e-02,4.113763,-8.45373393e-02,2.73467064e-03
0.856000,6.91218933e-02,6.16218933e-02,4.108126,-8.45572404e-02,2.75962238e-03
0.857000,6.90373382e-02,6.15373382e-02,4.102489,-8.45550359e-02,2.70603267e-03
0.858000,6.89527841e-02,6.14527841e-02,4.096852,-8.45541137e-02,2.71603624e-03
0.859000,6.88682151e-02,6.13682151e-02,4.091214,-8.45690222e-02,2.75559933e-03
0.860000,6.87836414e-02,6.12836414e-02,4.085576,-8.45736490e-02,2.72462850e-03
0.861000,6.86990707e-02,6.11990707e-02,4.079938,-8.45707596e-02,2.69796822e-03
0.862000,6.86144879e-02,6.11144879e-02,4.074299,-8.45827560e-02,2.76257675e-03
0.863000,6.85298958e-02,6.10298958e-02,4.068660,-8.45920827e-02,2.73914360e-03
0.864000,6.84453115e-02,6.09453115e-02,4.063021,-8.45843350e-02,2.68224290e-03
0.865000,6.83607172e-02,6.08607172e-02,4.057381,-8.45943453e-02,2.74425305e-03
0.866000,6.82761051e-02,6.07761051e-02,4.051740,-8.46120768e-02,2.75217524e-03
0.867000,6.81914970e-02,6.06914970e-02,4.046100,-8.46080423e-02,2.69838274e-03
0.868000,6.81068861e-02,6.06068861e-02,4.040459,-8.46109187e-02,2.72807015e-03
0.869000,6.80222599e-02,6.05222599e-02,4.034817,-8.46262114e-02,2.76010650e-03
0.870000,6.79376338e-02,6.04376338e-02,4.029176,-8.46260891e-02,2.70433476e-03
0.871000,6.78530085e-02,6.03530085e-02,4.023534,-8.46253081e-02,2.70903286e-03
0.872000,6.77683665e-02,6.02683665e-02,4.017891,-8.46420126e-02,2.76316976e-03
0.873000,6.76837189e-02,6.01837189e-02,4.012248,-8.46476007e-02,2.73815934e-03
0.874000,6.75990791e-02,6.00990791e-02,4.006605,-8.46398323e-02,2.68756877e-03
0.875000,6.75144298e-02,6.00144298e-02,4.000962,-8.46492240e-02,2.75719719e-03
0.876000,6.74297669e-02,5.99297669e-02,3.995318,-8.46629174e-02,2.74568400e-03
0.877000,6.73451111e-02,5.98451111e-02,3.989674,-8.46557798e-02,2.68900846e-03
0.878000,6.72604487e-02,5.97604487e-02,3.984030,-8.46624457e-02,2.73685512e-03
0.879000,6.71757694e-02,5.96757694e-02,3.978385,-8.46792635e-02,2.76030083e-03
0.880000,6.70910932e-02,5.95910932e-02,3.972740,-8.46762217e-02,2.70144390e-03
0.881000,6.70064173e-02,5.95064173e-02,3.967094,-8.46758882e-02,2.72493827e-03
0.882000,6.69217266e-02,5.94217266e-02,3.961448,-8.46907294e-02,2.75469999e-03
0.883000,6.68370340e-02,5.93370340e-02,3.955802,-8.46925917e-02,2.72129340e-03
0.884000,6.67523434e-02,5.92523434e-02,3.950156,-8.46905874e-02,2.69960819e-03
0.885000,6.66676400e-02,5.91676400e-02,3.944509,-8.47033891e-02,2.76207288e-03
0.886000,6.65829278e-02,5.90829278e-02,3.938862,-8.47122664e-02,2.74621268e-03
0.887000,6.64982243e-02,5.89982243e-02,3.933215,-8.47034340e-02,2.68185523e-03
0.888000,6.64135131e-02,5.89135131e-02,3.927568,-8.47111913e-02,2.75424054e-03
0.889000,6.63287858e-02,5.88287858e-02,3.921919,-8.47272839e-02,2.74533361e-03
0.890000,6.62440647e-02,5.87440647e-02,3.916271,-8.47211793e-02,2.69723953e-03
0.891000,6.61593382e-02,5.86593382e-02,3.910623,-8.47265047e-02,2.72477558e-03
0.892000,6.60745954e-02,5.85745954e-02,3.904973,-8.47427555e-02,2.76626043e-03
0.893000,6.59898528e-02,5.84898528e-02,3.899324,-8.47426269e-02,2.70578870e-03
0.894000,6.59051132e-02,5.84051132e-02,3.893674,-8.47395678e-02,2.71719834e-03
0.895000,6.58203589e-02,5.83203589e-02,3.888024,-8.47543508e-02,2.76329936e-03
0.896000,6.57356016e-02,5.82356016e-02,3.882373,-8.47572343e-02,2.72865312e-03
0.897000,6.56508505e-02,5.81508505e-02,3.876723,-8.47511044e-02,2.69146937e-03
0.898000,6.55660876e-02,5.80660876e-02,3.871073,-8.47629283e-02,2.76200120e-03
0.899000,6.54813131e-02,5.79813131e-02,3.865421,-8.47744912e-02,2.74898710e-03
0.900000,6.53965479e-02,5.78965479e-02,3.859770,-8.47651917e-02,2.68317936e-03
0.901000,6.53117761e-02,5.78117761e-02,3.854118,-8.47718036e-02,2.74269670e-03
0.902000,6.52269866e-02,5.77269866e-02,3.848466,-8.47895029e-02,2.75806732e-03
0.903000,6.51422017e-02,5.76422017e-02,3.842813,-8.47849375e-02,2.70204428e-03
0.904000,6.50574164e-02,5.75574164e-02,3.837161,-8.47852314e-02,2.72192700e-03
0.905000,6.49726160e-02,5.74726160e-02,3.831508,-8.48004079e-02,2.75452177e-03
0.906000,6.48878127e-02,5.73878127e-02,3.825854,-8.48032907e-02,2.71426750e-03
0.907000,6.48030101e-02,5.73030101e-02,3.820201,-8.48025874e-02,2.71198952e-03
0.908000,6.47181946e-02,5.72181946e-02,3.814546,-8.48155070e-02,2.76963993e-03
0.909000,6.46333757e-02,5.71333757e-02,3.808892,-8.48189799e-02,2.73628881e-03
0.910000,6.45485662e-02,5.70485662e-02,3.803238,-8.48094173e-02,2.68082365e-03
0.911000,6.44637456e-02,5.69637456e-02,3.797583,-8.48206161e-02,2.75505601e-03
0.912000,6.43789087e-02,5.68789087e-02,3.791927,-8.48369034e-02,2.75486327e-03
0.913000,6.42940799e-02,5.67940799e-02,3.786272,-8.48288457e-02,2.69100860e-03
0.914000,6.42092477e-02,5.67092477e-02,3.780617,-8.48321433e-02,2.73682343e-03
0.915000,6.41243994e-02,5.66243994e-02,3.774960,-8.48483099e-02,2.76342184e-03
0.916000,6.40395547e-02,5.65395547e-02,3.769304,-8.48447266e-02,2.70263600e-03
0.917000,6.39547115e-02,5.64547115e-02,3.763647,-8.48431572e-02,2.71537782e-03
0.918000,6.38698522e-02,5.63698522e-02,3.757990,-8.48592976e-02,2.76192421e-03
0.919000,6.37849892e-02,5.62849892e-02,3.752333,-8.48630222e-02,2.72917052e-03
0.920000,6.37001320e-02,5.62001320e-02,3.746675,-8.48572524e-02,2.69968866e-03
0.921000,6.36152645e-02,5.61152645e-02,3.741018,-8.48674529e-02,2.76541622e-03
0.922000,6.35303888e-02,5.60303888e-02,3.735359,-8.48757125e-02,2.74075195e-03
0.923000,6.34455221e-02,5.59455221e-02,3.729701,-8.48667478e-02,2.68387223e-03
0.924000,6.33606461e-02,5.58606461e-02,3.724043,-8.48759417e-02,2.74750594e-03
0.925000,6.32757536e-02,5.57757536e-02,3.718384,-8.48925629e-02,2.75398333e-03
0.926000,6.31908664e-02,5.56908664e-02,3.712724,-8.48871404e-02,2.70172374e-03
0.927000,6.31059776e-02,5.56059776e-02,3.707065,-8.48888321e-02,2.73136149e-03
0.928000,6.30210751e-02,5.55210751e-02,3.701405,-8.49024456e-02,2.76214723e-03
0.929000,6.29361743e-02,5.54361743e-02,3.695745,-8.49008815e-02,2.70589790e-03
0.930000,6.28512751e-02,5.53512751e-02,3.690085,-8.48991539e-02,2.71141101e-03
0.931000,6.27663602e-02,5.52663602e-02,3.684424,-8.49149245e-02,2.76607796e-03
0.932000,6.26814410e-02,5.51814410e-02,3.678763,-8.49192173e-02,2.73901270e-03
0.933000,6.25965306e-02,5.50965306e-02,3.673102,-8.49103428e-02,2.69422555e-03
0.934000,6.25116123e-02,5.50116123e-02,3.667441,-8.49182771e-02,2.75812687e-03
0.935000,6.24266827e-02,5.49266827e-02,3.661779,-8.49296199e-02,2.74640529e-03
0.936000,6.23417607e-02,5.48417607e-02,3.656117,-8.49220494e-02,2.68846196e-03
0.937000,6.22568321e-02,5.47568321e-02,3.650455,-8.49285751e-02,2.74263208e-03
0.938000,6.21718875e-02,5.46718875e-02,3.644793,-8.49445508e-02,2.76352186e-03
0.939000,6.20869485e-02,5.45869485e-02,3.639130,-8.49390422e-02,2.69850845e-03
0.940000,6.20020103e-02,5.45020103e-02,3.633467,-8.49381699e-02,2.72984148e-03
0.941000,6.19170572e-02,5.44170572e-02,3.627804,-8.49531081e-02,2.75310676e-03
0.942000,6.18321036e-02,5.43321036e-02,3.622140,-8.49536419e-02,2.71779755e-03
0.943000,6.17471508e-02,5.42471508e-02,3.616477,-8.49527790e-02,2.70610688e-03
0.944000,6.16621852e-02,5.41621852e-02,3.610812,-8.49655796e-02,2.77091337e-03
0.945000,6.15772145e-02,5.40772145e-02,3.605148,-8.49707592e-02,2.74562130e-03
0.946000,6.14922553e-02,5.39922553e-02,3.599484,-8.49591281e-02,2.68170840e-03
0.947000,6.14072882e-02,5.39072882e-02,3.593819,-8.49671055e-02,2.75979801e-03
0.948000,6.13223060e-02,5.38223060e-02,3.588154,-8.49822637e-02,2.74694765e-03
0.949000,6.12373319e-02,5.37373319e-02,3.582489,-8.49740484e-02,2.69725459e-03
0.950000,6.11523531e-02,5.36523531e-02,3.576824,-8.49788411e-02,2.73755883e-03
0.951000,6.10673602e-02,5.35673602e-02,3.571157,-8.49928263e-02,2.76586356e-03
0.952000,6.09823717e-02,5.34823717e-02,3.565491,-8.49885697e-02,2.70317507e-03
0.953000,6.08973856e-02,5.33973856e-02,3.559826,-8.49861032e-02,2.72669470e-03
0.954000,6.08123855e-02,5.33123855e-02,3.554159,-8.50000652e-02,2.75866765e-03
0.955000,6.07273849e-02,5.32273849e-02,3.548492,-8.50006491e-02,2.72515720e-03
0.956000,6.06423882e-02,5.31423882e-02,3.542826,-8.49966585e-02,2.70004169e-03
0.957000,6.05573801e-02,5.30573801e-02,3.537159,-8.50081146e-02,2.76455058e-03
0.958000,6.04723637e-02,5.29723637e-02,3.531491,-8.50164113e-02,2.75005962e-03
0.959000,6.03873576e-02,5.28873576e-02,3.525824,-8.50060849e-02,2.68285328e-03
0.960000,6.03023452e-02,5.28023452e-02,3.520156,-8.50124023e-02,2.75619743e-03
0.961000,6.02173174e-02,5.27173174e-02,3.514488,-8.50278211e-02,2.74797701e-03
0.962000,6.01322968e-02,5.26322968e-02,3.508820,-8.50206064e-02,2.70001567e-03
0.963000,6.00472722e-02,5.25472722e-02,3.503151,-8.50245727e-02,2.72925682e-03
0.964000,5.99622331e-02,5.24622331e-02,3.497482,-8.50391193e-02,2.76779749e-03
0.965000,5.98771958e-02,5.23771958e-02,3.491813,-8.50372472e-02,2.70755992e-03
0.966000,5.97921625e-02,5.22921625e-02,3.486144,-8.50333701e-02,2.72292970e-03
0.967000,5.97071159e-02,5.22071159e-02,3.480474,-8.50465579e-02,2.76097547e-03
0.968000,5.96220679e-02,5.21220679e-02,3.474805,-8.50479701e-02,2.72885552e-03
0.969000,5.95370254e-02,5.20370254e-02,3.469135,-8.50425676e-02,2.69712558e-03
0.970000,5.94519720e-02,5.19519720e-02,3.463465,-8.50533248e-02,2.76695087e-03
0.971000,5.93669099e-02,5.18669099e-02,3.457794,-8.50621548e-02,2.75117228e-03
0.972000,5.92818590e-02,5.17818590e-02,3.452124,-8.50508433e-02,2.67997295e-03
0.973000,5.91968017e-02,5.16968017e-02,3.446453,-8.50573046e-02,2.75182117e-03
0.974000,5.91117273e-02,5.16117273e-02,3.440782,-8.50744433e-02,2.75801070e-03
0.975000,5.90266604e-02,5.15266604e-02,3.435111,-8.50668914e-02,2.70176113e-03
0.976000,5.89415931e-02,5.14415931e-02,3.429440,-8.50672539e-02,2.72239576e-03
0.977000,5.88565107e-02,5.13565107e-02,3.423767,-8.50824406e-02,2.76891724e-03
0.978000,5.87714281e-02,5.12714281e-02,3.418095,-8.50826237e-02,2.71241870e-03
0.979000,5.86863506e-02,5.11863506e-02,3.412423,-8.50775196e-02,2.71914404e-03
0.980000,5.86012608e-02,5.11012608e-02,3.406751,-8.50897812e-02,2.76398494e-03
0.981000,5.85161689e-02,5.10161689e-02,3.401078,-8.50919045e-02,2.73209257e-03
0.982000,5.84310839e-02,5.09310839e-02,3.395406,-8.50849411e-02,2.69584459e-03
0.983000,5.83459891e-02,5.08459891e-02,3.389733,-8.50948618e-02,2.76315791e-03
0.984000,5.82608843e-02,5.07608843e-02,3.384059,-8.51047832e-02,2.75629493e-03
0.985000,5.81757905e-02,5.06757905e-02,3.378386,-8.50938116e-02,2.68216556e-03
0.986000,5.80906923e-02,5.05906923e-02,3.372713,-8.50982028e-02,2.74666282e-03
0.987000,5.80055767e-02,5.05055767e-02,3.367038,-8.51155336e-02,2.76190016e-03
0.988000,5.79204678e-02,5.04204678e-02,3.361365,-8.51089879e-02,2.70829939e-03
0.989000,5.78353608e-02,5.03353608e-02,3.355691,-8.51069168e-02,2.72305895e-03
0.990000,5.77502410e-02,5.02502410e-02,3.350016,-8.51198390e-02,2.75579352e-03
0.991000,5.76651189e-02,5.01651189e-02,3.344341,-8.51221251e-02,2.71769459e-03
0.992000,5.75799985e-02,5.00799985e-02,3.338667,-8.51203980e-02,2.71740263e-03
0.993000,5.74948672e-02,4.99948672e-02,3.332991,-8.51312349e-02,2.77050314e-03
0.994000,5.74097345e-02,4.99097345e-02,3.327316,-8.51327774e-02,2.73996676e-03
0.995000,5.73246122e-02,4.98246122e-02,3.321641,-8.51222809e-02,2.68442201e-03
0.996000,5.72394805e-02,4.97394805e-02,3.315965,-8.51316355e-02,2.76228575e-03
0.997000,5.71543351e-02,4.96543351e-02,3.310289,-8.51454625e-02,2.75868449e-03
0.998000,5.70692007e-02,4.95692007e-02,3.304613,-8.51343548e-02,2.68822450e-03
0.999000,5.69840638e-02,4.94840638e-02,3.298938,-8.51368897e-02,2.74063132e-03
1.000000,5.68989105e-02,4.93989105e-02,3.293261,-8.51532973e-02,2.76464619e-03
1.001000,5.68137623e-02,4.93137623e-02,3.287584,-8.51482469e-02,2.71039922e-03
1.002000,5.67286174e-02,4.92286174e-02,3.281908,-8.51449026e-02,2.72184435e-03
1.003000,5.66434600e-02,4.91434600e-02,3.276231,-8.51573499e-02,2.75975714e-03
1.004000,5.65583007e-02,4.90583007e-02,3.270553,-8.51593340e-02,2.72524802e-03
1.005000,5.64731457e-02,4.89731457e-02,3.264876,-8.51549695e-02,2.71037521e-03
1.006000,5.63879812e-02,4.88879812e-02,3.259199,-8.51645684e-02,2.76760896e-03
1.007000,5.63028122e-02,4.88028122e-02,3.253521,-8.51689307e-02,2.74090209e-03
1.008000,5.62176530e-02,4.87176530e-02,3.247844,-8.51592193e-02,2.68936443e-03
1.009000,5.61324856e-02,4.86324856e-02,3.242166,-8.51673927e-02,2.75855027e-03
1.010000,5.60473054e-02,4.85473054e-02,3.236487,-8.51802571e-02,2.75528285e-03
1.011000,5.59621344e-02,4.84621344e-02,3.230809,-8.51709777e-02,2.69505083e-03
1.012000,5.58769610e-02,4.83769610e-02,3.225131,-8.51734226e-02,2.73765855e-03
1.013000,5.57917729e-02,4.82917729e-02,3.219452,-8.51881140e-02,2.76681717e-03
1.014000,5.57065892e-02,4.82065892e-02,3.213773,-8.51836560e-02,2.70729294e-03
1.015000,5.56214090e-02,4.81214090e-02,3.208094,-8.51801481e-02,2.71907652e-03
1.016000,5.55362149e-02,4.80362149e-02,3.202414,-8.51941050e-02,2.76515433e-03
1.017000,5.54510189e-02,4.79510189e-02,3.196735,-8.51960436e-02,2.73249450e-03
1.018000,5.53658303e-02,4.78658303e-02,3.191055,-8.51886252e-02,2.70367149e-03
1.019000,5.52806332e-02,4.77806332e-02,3.185376,-8.51970297e-02,2.76760137e-03
1.020000,5.51954297e-02,4.76954297e-02,3.179695,-8.52035949e-02,2.74289022e-03
1.021000,5.51102361e-02,4.76102361e-02,3.174016,-8.51935344e-02,2.69029393e-03
1.022000,5.50250352e-02,4.75250352e-02,3.168336,-8.52008905e-02,2.75372888e-03
1.023000,5.49398209e-02,4.74398209e-02,3.162655,-8.52143023e-02,2.75677002e-03
1.024000,5.48546146e-02,4.73546146e-02,3.156974,-8.52063432e-02,2.69876308e-03
1.025000,5.47694069e-02,4.72694069e-02,3.151294,-8.52076434e-02,2.73777414e-03
1.026000,5.46841858e-02,4.71841858e-02,3.145612,-8.52210951e-02,2.76308625e-03
1.027000,5.45989686e-02,4.70989686e-02,3.139931,-8.52172589e-02,2.70690843e-03
1.028000,5.45137535e-02,4.70137535e-02,3.134250,-8.52150443e-02,2.72037646e-03
1.029000,5.44285246e-02,4.69285246e-02,3.128568,-8.52288976e-02,2.76600577e-03
1.030000,5.43432944e-02,4.68432944e-02,3.122886,-8.52302587e-02,2.73493725e-03
1.031000,5.42580723e-02,4.67580723e-02,3.117205,-8.52221287e-02,2.70256578e-03
1.032000,5.41728423e-02,4.66728423e-02,3.111523,-8.52299265e-02,2.76718922e-03
1.033000,5.40876054e-02,4.65876054e-02,3.105840,-8.52369277e-02,2.74429921e-03
1.034000,5.40023786e-02,4.65023786e-02,3.100159,-8.52267534e-02,2.69045332e-03
1.035000,5.39171450e-02,4.64171450e-02,3.094476,-8.52336186e-02,2.75021702e-03
1.036000,5.38318974e-02,4.63318974e-02,3.088793,-8.52475991e-02,2.75899024e-03
1.037000,5.37466570e-02,4.62466570e-02,3.083110,-8.52404008e-02,2.70262781e-03
1.038000,5.36614167e-02,4.61614167e-02,3.077428,-8.52402883e-02,2.73485220e-03
1.039000,5.35761638e-02,4.60761638e-02,3.071744,-8.52529875e-02,2.76519795e-03
1.040000,5.34909140e-02,4.59909140e-02,3.066061,-8.52497375e-02,2.70972632e-03
1.041000,5.34056677e-02,4.59056677e-02,3.060378,-8.52463310e-02,2.71476664e-03
1.042000,5.33204074e-02,4.58204074e-02,3.054694,-8.52602509e-02,2.77063205e-03
1.043000,5.32351448e-02,4.57351448e-02,3.049010,-8.52626363e-02,2.74133624e-03
1.044000,5.31498929e-02,4.56498929e-02,3.043326,-8.52518553e-02,2.69547406e-03
1.045000,5.30646341e-02,4.55646341e-02,3.037642,-8.52588058e-02,2.76337865e-03
1.046000,5.29793653e-02,4.54793653e-02,3.031958,-8.52688098e-02,2.74982645e-03
1.047000,5.28941064e-02,4.53941064e-02,3.026274,-8.52589096e-02,2.69514678e-03
1.048000,5.28088433e-02,4.53088433e-02,3.020590,-8.52631295e-02,2.74412972e-03
1.049000,5.27235666e-02,4.52235666e-02,3.014904,-8.52766451e-02,2.76311479e-03
1.050000,5.26382959e-02,4.51382959e-02,3.009220,-8.52707165e-02,2.69859808e-03
1.051000,5.25530260e-02,4.50530260e-02,3.003535,-8.52699621e-02,2.73253526e-03
1.052000,5.24677416e-02,4.49677416e-02,2.997849,-8.52843945e-02,2.76686866e-03
1.053000,5.23824600e-02,4.48824600e-02,2.992164,-8.52816099e-02,2.71673690e-03
1.054000,5.22971835e-02,4.47971835e-02,2.986479,-8.52764150e-02,2.71255632e-03
1.055000,5.22118951e-02,4.47118951e-02,2.980793,-8.52884234e-02,2.76782568e-03
1.056000,5.21266031e-02,4.46266031e-02,2.975107,-8.52920310e-02,2.74441785e-03
1.057000,5.20413215e-02,4.45413215e-02,2.969421,-8.52816267e-02,2.69929702e-03
1.058000,5.19560346e-02,4.44560346e-02,2.963736,-8.52868891e-02,2.76273236e-03
1.059000,5.18707388e-02,4.43707388e-02,2.958049,-8.52957519e-02,2.74851955e-03
1.060000,5.17854525e-02,4.42854525e-02,2.952364,-8.52862950e-02,2.69417209e-03
1.061000,5.17001614e-02,4.42001614e-02,2.946677,-8.52911165e-02,2.74669932e-03
1.062000,5.16148569e-02,4.41148569e-02,2.940990,-8.53044977e-02,2.76526502e-03
1.063000,5.15295596e-02,4.40295596e-02,2.935304,-8.52973451e-02,2.69945906e-03
1.064000,5.14442638e-02,4.39442638e-02,2.929618,-8.52957322e-02,2.73313131e-03
1.065000,5.13589541e-02,4.38589541e-02,2.923930,-8.53097765e-02,2.76271570e-03
1.066000,5.12736465e-02,4.37736465e-02,2.918243,-8.53075306e-02,2.71722607e-03
1.067000,5.11883429e-02,4.36883429e-02,2.912556,-8.53036130e-02,2.71057910e-03
1.068000,5.11030271e-02,4.36030271e-02,2.906868,-8.53158104e-02,2.77340839e-03
1.069000,5.10177080e-02,4.35177080e-02,2.901181,-8.53190801e-02,2.74308424e-03
1.070000,5.09324009e-02,4.34324009e-02,2.895493,-8.53070782e-02,2.69346121e-03
1.071000,5.08470871e-02,4.33470871e-02,2.889806,-8.53138105e-02,2.76371381e-03
1.072000,5.07617627e-02,4.32617627e-02,2.884118,-8.53244164e-02,2.75597742e-03
1.073000,5.06764494e-02,4.31764494e-02,2.878430,-8.53133183e-02,2.69032177e-03
1.074000,5.05911330e-02,4.30911330e-02,2.872742,-8.53163715e-02,2.74387450e-03
1.075000,5.05058015e-02,4.30058015e-02,2.867053,-8.53315167e-02,2.76616505e-03
1.076000,5.04204764e-02,4.29204764e-02,2.861365,-8.53251326e-02,2.70440237e-03
1.077000,5.03351540e-02,4.28351540e-02,2.855677,-8.53223500e-02,2.73370347e-03
1.078000,5.02498194e-02,4.27498194e-02,2.849988,-8.53346696e-02,2.75691311e-03
1.079000,5.01644861e-02,4.26644861e-02,2.844299,-8.53332619e-02,2.72043564e-03
1.080000,5.00791554e-02,4.25791554e-02,2.838610,-8.53306825e-02,2.71060106e-03
1.081000,4.99938136e-02,4.24938136e-02,2.832921,-8.53418219e-02,2.77561600e-03
1.082000,4.99084689e-02,4.24084689e-02,2.827231,-8.53446940e-02,2.74782990e-03
1.083000,4.98231378e-02,4.23231378e-02,2.821543,-8.53311279e-02,2.68917709e-03
1.084000,4.97378007e-02,4.22378007e-02,2.815853,-8.53370592e-02,2.76236565e-03
1.085000,4.96524514e-02,4.21524514e-02,2.810163,-8.53493105e-02,2.75452721e-03
1.086000,4.95671125e-02,4.20671125e-02,2.804474,-8.53389116e-02,2.69527162e-03
1.087000,4.94817709e-02,4.19817709e-02,2.798785,-8.53415657e-02,2.74413747e-03
1.088000,4.93964159e-02,4.18964159e-02,2.793094,-8.53550388e-02,2.76675837e-03
1.089000,4.93110674e-02,4.18110674e-02,2.787404,-8.53484634e-02,2.70620325e-03
1.090000,4.92257223e-02,4.17257223e-02,2.781715,-8.53451675e-02,2.73337207e-03
1.091000,4.91403653e-02,4.16403653e-02,2.776024,-8.53569543e-02,2.75558100e-03
1.092000,4.90550094e-02,4.15550094e-02,2.770334,-8.53558910e-02,2.72329001e-03
1.093000,4.89696562e-02,4.14696562e-02,2.764644,-8.53532443e-02,2.70977220e-03
1.094000,4.88842926e-02,4.13842926e-02,2.758953,-8.53635929e-02,2.77542336e-03
1.095000,4.87989258e-02,4.12989258e-02,2.753262,-8.53667713e-02,2.74956090e-03
1.096000,4.87135728e-02,4.12135728e-02,2.747572,-8.53529623e-02,2.68542893e-03
1.097000,4.86282139e-02,4.11282139e-02,2.741881,-8.53589880e-02,2.76511992e-03
1.098000,4.85428419e-02,4.10428419e-02,2.736189,-8.53719831e-02,2.75386925e-03
1.099000,4.84574811e-02,4.09574811e-02,2.730499,-8.53607960e-02,2.69703337e-03
1.100000,4.83721177e-02,4.08721177e-02,2.724808,-8.53633547e-02,2.74106863e-03
1.101000,4.82867409e-02,4.07867409e-02,2.719116,-8.53767919e-02,2.76734741e-03
1.102000,4.82013698e-02,4.07013698e-02,2.713425,-8.53711202e-02,2.70943053e-03
1.103000,4.81160027e-02,4.06160027e-02,2.707734,-8.53670601e-02,2.73251383e-03
1.104000,4.80306248e-02,4.05306248e-02,2.702042,-8.53779388e-02,2.75807531e-03
1.105000,4.79452481e-02,4.04452481e-02,2.696350,-8.53767163e-02,2.72395483e-03
1.106000,4.78598750e-02,4.03598750e-02,2.690658,-8.53731328e-02,2.70805409e-03
1.107000,4.77744914e-02,4.02744914e-02,2.684966,-8.53835669e-02,2.77365067e-03
1.108000,4.76891038e-02,4.01891038e-02,2.679274,-8.53876230e-02,2.75104430e-03
1.109000,4.76037296e-02,4.01037296e-02,2.673582,-8.53741339e-02,2.68616946e-03
1.110000,4.75183501e-02,4.00183501e-02,2.667890,-8.53795415e-02,2.76400069e-03
1.111000,4.74329576e-02,3.99329576e-02,2.662197,-8.53924913e-02,2.75086414e-03
1.112000,4.73475754e-02,3.98475754e-02,2.656505,-8.53822032e-02,2.69938565e-03
1.113000,4.72621901e-02,3.97621901e-02,2.650813,-8.53853328e-02,2.74204598e-03
1.114000,4.71767922e-02,3.96767922e-02,2.645119,-8.53978247e-02,2.77045500e-03
1.115000,4.70914010e-02,3.95914010e-02,2.639427,-8.53912825e-02,2.70920990e-03
1.116000,4.70060147e-02,3.95060147e-02,2.633734,-8.53862408e-02,2.73201027e-03
1.117000,4.69206174e-02,3.94206174e-02,2.628041,-8.53972810e-02,2.75932983e-03
1.118000,4.68352214e-02,3.93352214e-02,2.622348,-8.53960020e-02,2.72619881e-03
1.119000,4.67498298e-02,3.92498298e-02,2.616655,-8.53916097e-02,2.70794697e-03
1.120000,4.66644285e-02,3.91644285e-02,2.610962,-8.54013258e-02,2.77322854e-03
1.121000,4.65790230e-02,3.90790230e-02,2.605268,-8.54054917e-02,2.75144982e-03
1.122000,4.64936309e-02,3.89936309e-02,2.599575,-8.53920696e-02,2.68547569e-03
1.123000,4.64082335e-02,3.89082335e-02,2.593882,-8.53974666e-02,2.76247738e-03
1.124000,4.63228226e-02,3.88228226e-02,2.588188,-8.54109137e-02,2.75222225e-03
1.125000,4.62374217e-02,3.87374217e-02,2.582495,-8.54008857e-02,2.70300148e-03
1.126000,4.61520187e-02,3.86520187e-02,2.576801,-8.54029299e-02,2.74398307e-03
1.127000,4.60666048e-02,3.85666048e-02,2.571107,-8.54138917e-02,2.77013987e-03
1.128000,4.59811981e-02,3.84811981e-02,2.565413,-8.54067691e-02,2.70827149e-03
1.129000,4.58957961e-02,3.83957961e-02,2.559720,-8.54019968e-02,2.73026381e-03
1.130000,4.58103824e-02,3.83103824e-02,2.554025,-8.54136540e-02,2.76194516e-03
1.131000,4.57249699e-02,3.82249699e-02,2.548331,-8.54124861e-02,2.72809728e-03
1.132000,4.56395630e-02,3.81395630e-02,2.542638,-8.54068992e-02,2.70651771e-03
1.133000,4.55541468e-02,3.80541468e-02,2.536943,-8.54162445e-02,2.77194520e-03
1.134000,4.54687257e-02,3.79687257e-02,2.531248,-8.54211068e-02,2.75175697e-03
1.135000,4.53833176e-02,3.78833176e-02,2.525555,-8.54080518e-02,2.68747345e-03
1.136000,4.52979046e-02,3.77979046e-02,2.519860,-8.54129947e-02,2.76299634e-03
1.137000,4.52124790e-02,3.77124790e-02,2.514165,-8.54256939e-02,2.75366642e-03
1.138000,4.51270637e-02,3.76270637e-02,2.508471,-8.54152401e-02,2.70358257e-03
1.139000,4.50416470e-02,3.75416470e-02,2.502776,-8.54167072e-02,2.73887749e-03
1.140000,4.49562186e-02,3.74562186e-02,2.497081,-8.54283811e-02,2.77255418e-03
1.141000,4.48707961e-02,3.73707961e-02,2.491386,-8.54225082e-02,2.70913795e-03
1.142000,4.47853793e-02,3.72853793e-02,2.485692,-8.54167899e-02,2.73176436e-03
1.143000,4.46999514e-02,3.71999514e-02,2.479997,-8.54278972e-02,2.76249714e-03
1.144000,4.46145253e-02,3.71145253e-02,2.474302,-8.54261388e-02,2.72896056e-03
1.145000,4.45291051e-02,3.70291051e-02,2.468607,-8.54202180e-02,2.70627418e-03
1.146000,4.44436757e-02,3.69436757e-02,2.462912,-8.54293229e-02,2.77132460e-03
1.147000,4.43582414e-02,3.68582414e-02,2.457216,-8.54343749e-02,2.75353156e-03
1.148000,4.42728202e-02,3.67728202e-02,2.451521,-8.54212098e-02,2.68777120e-03
1.149000,4.41873946e-02,3.66873946e-02,2.445826,-8.54255173e-02,2.76287264e-03
1.150000,4.41019565e-02,3.66019565e-02,2.440130,-8.54381406e-02,2.75407309e-03
1.151000,4.40165288e-02,3.65165288e-02,2.434435,-8.54276555e-02,2.70404542e-03
1.152000,4.39310999e-02,3.64310999e-02,2.428740,-8.54289072e-02,2.73850875e-03
1.153000,4.38456594e-02,3.63456594e-02,2.423044,-8.54404943e-02,2.77255805e-03
1.154000,4.37602247e-02,3.62602247e-02,2.417348,-8.54347418e-02,2.70858076e-03
1.155000,4.36747956e-02,3.61747956e-02,2.411653,-8.54291208e-02,2.73240262e-03
1.156000,4.35893553e-02,3.60893553e-02,2.405957,-8.54402981e-02,2.76448985e-03
1.157000,4.35039173e-02,3.60039173e-02,2.400261,-8.54379778e-02,2.72946237e-03
1.158000,4.34184860e-02,3.59184860e-02,2.394566,-8.54313138e-02,2.70629522e-03
1.159000,4.33330457e-02,3.58330457e-02,2.388870,-8.54402502e-02,2.77055892e-03
1.160000,4.32476003e-02,3.57476003e-02,2.383173,-8.54454306e-02,2.75487328e-03
1.161000,4.31621680e-02,3.56621680e-02,2.377478,-8.54322798e-02,2.68848106e-03
1.162000,4.30767320e-02,3.55767320e-02,2.371782,-8.54360211e-02,2.76375594e-03
1.163000,4.29912838e-02,3.54912838e-02,2.366086,-8.54482550e-02,2.75284818e-03
1.164000,4.29058461e-02,3.54058461e-02,2.360390,-8.54376965e-02,2.70514759e-03
1.165000,4.28204069e-02,3.53204069e-02,2.354694,-8.54391556e-02,2.73880835e-03
1.166000,4.27349566e-02,3.52349566e-02,2.348997,-8.54503277e-02,2.77364594e-03
1.167000,4.26495123e-02,3.51495123e-02,2.343301,-8.54442845e-02,2.70927704e-03
1.168000,4.25640741e-02,3.50640741e-02,2.337605,-8.54381830e-02,2.73211487e-03
1.169000,4.24786249e-02,3.49786249e-02,2.331908,-8.54491826e-02,2.76436916e-03
1.170000,4.23931780e-02,3.48931780e-02,2.326212,-8.54469781e-02,2.73076516e-03
1.171000,4.23077378e-02,3.48077378e-02,2.320516,-8.54401233e-02,2.70603939e-03
1.172000,4.22222892e-02,3.47222892e-02,2.314819,-8.54486771e-02,2.77114267e-03
1.173000,4.21368353e-02,3.46368353e-02,2.309122,-8.54538383e-02,2.75486759e-03
1.174000,4.20513948e-02,3.45513948e-02,2.303426,-8.54404968e-02,2.68898959e-03
1.175000,4.19659507e-02,3.44659507e-02,2.297730,-8.54441500e-02,2.76450701e-03
1.176000,4.18804946e-02,3.43804946e-02,2.292033,-8.54560841e-02,2.75329319e-03
1.177000,4.17950494e-02,3.42950494e-02,2.286337,-8.54452003e-02,2.70521807e-03
1.178000,4.17096029e-02,3.42096029e-02,2.280640,-8.54465007e-02,2.73834351e-03
1.179000,4.16241451e-02,3.41241451e-02,2.274943,-8.54577319e-02,2.77485042e-03
1.180000,4.15386935e-02,3.40386935e-02,2.269246,-8.54516283e-02,2.71024367e-03
1.181000,4.14532486e-02,3.39532486e-02,2.263550,-8.54449603e-02,2.73285638e-03
1.182000,4.13677930e-02,3.38677930e-02,2.257853,-8.54555114e-02,2.76438267e-03
1.183000,4.12823400e-02,3.37823400e-02,2.252156,-8.54530610e-02,2.73096282e-03
1.184000,4.11968938e-02,3.36968938e-02,2.246460,-8.54461668e-02,2.70679237e-03
1.185000,4.11114393e-02,3.36114393e-02,2.240763,-8.54545225e-02,2.77110123e-03
1.186000,4.10259799e-02,3.35259799e-02,2.235065,-8.54594438e-02,2.75463345e-03
1.187000,4.09405337e-02,3.34405337e-02,2.229369,-8.54461573e-02,2.68957559e-03
1.188000,4.08550839e-02,3.33550839e-02,2.223672,-8.54497838e-02,2.76536748e-03
1.189000,4.07696225e-02,3.32696225e-02,2.217975,-8.54613733e-02,2.75333063e-03
1.190000,4.06841723e-02,3.31841723e-02,2.212278,-8.54502002e-02,2.70547191e-03
1.191000,4.05987209e-02,3.30987209e-02,2.206581,-8.54514434e-02,2.73864249e-03
1.192000,4.05132584e-02,3.30132584e-02,2.200884,-8.54625384e-02,2.77606046e-03
1.193000,4.04278022e-02,3.29278022e-02,2.195187,-8.54561227e-02,2.70983987e-03
1.194000,4.03423531e-02,3.28423531e-02,2.189490,-8.54491287e-02,2.73279477e-03
1.195000,4.02568933e-02,3.27568933e-02,2.183793,-8.54598232e-02,2.76599839e-03
1.196000,4.01714362e-02,3.26714362e-02,2.178096,-8.54571073e-02,2.73137146e-03
1.197000,4.00859866e-02,3.25859866e-02,2.172399,-8.54496103e-02,2.70678763e-03
1.198000,4.00005287e-02,3.25005287e-02,2.166702,-8.54578326e-02,2.77130931e-03
1.199000,3.99150660e-02,3.24150660e-02,2.161004,-8.54627187e-02,2.75541405e-03
1.200000,3.98296168e-02,3.23296168e-02,2.155308,-8.54492257e-02,2.69030657e-03
1.201000,3.97441643e-02,3.22441643e-02,2.149611,-8.54524666e-02,2.76577997e-03
1.202000,3.96587006e-02,3.21587006e-02,2.143913,-8.54637431e-02,2.75359881e-03
1.203000,3.95732482e-02,3.20732482e-02,2.138217,-8.54523871e-02,2.70578057e-03
1.204000,3.94877947e-02,3.19877947e-02,2.132520,-8.54534877e-02,2.73849914e-03
1.205000,3.94023302e-02,3.19023302e-02,2.126822,-8.54645066e-02,2.77644892e-03
1.206000,3.93168721e-02,3.18168721e-02,2.121125,-8.54580693e-02,2.71111058e-03
1.207000,3.92314214e-02,3.17314214e-02,2.115428,-8.54507230e-02,2.73326370e-03
1.208000,3.91459605e-02,3.16459605e-02,2.109731,-8.54609173e-02,2.76666651e-03
1.209000,3.90605026e-02,3.15605026e-02,2.104034,-8.54579293e-02,2.73188919e-03
1.210000,3.89750524e-02,3.14750524e-02,2.098337,-8.54501213e-02,2.70752418e-03
1.211000,3.88895944e-02,3.13895944e-02,2.092640,-8.54580433e-02,2.77111684e-03
1.212000,3.88041317e-02,3.13041317e-02,2.086942,-8.54627215e-02,2.75666678e-03
1.213000,3.87186826e-02,3.12186826e-02,2.081246,-8.54490703e-02,2.69041164e-03
1.214000,3.86332307e-02,3.11332307e-02,2.075549,-8.54518811e-02,2.76615183e-03
1.215000,3.85477677e-02,3.10477677e-02,2.069851,-8.54630574e-02,2.75383133e-03
1.216000,3.84623161e-02,3.09623161e-02,2.064154,-8.54515381e-02,2.70627835e-03
1.217000,3.83768637e-02,3.08768637e-02,2.058458,-8.54524744e-02,2.73944399e-03
1.218000,3.82914005e-02,3.07914005e-02,2.052760,-8.54631627e-02,2.77659883e-03
1.219000,3.82059441e-02,3.07059441e-02,2.047063,-8.54563886e-02,2.71154177e-03
1.220000,3.81204952e-02,3.06204952e-02,2.041366,-8.54489168e-02,2.73335593e-03
1.221000,3.80350362e-02,3.05350362e-02,2.035669,-8.54589532e-02,2.76788119e-03
1.222000,3.79495805e-02,3.04495805e-02,2.029972,-8.54557201e-02,2.73253015e-03
1.223000,3.78641331e-02,3.03641331e-02,2.024276,-8.54473998e-02,2.70767050e-03
1.224000,3.77786780e-02,3.02786780e-02,2.018579,-8.54550854e-02,2.77051522e-03
1.225000,3.76932182e-02,3.01932182e-02,2.012881,-8.54598220e-02,2.75722488e-03
1.226000,3.76077719e-02,3.01077719e-02,2.007185,-8.54462696e-02,2.69153206e-03
1.227000,3.75223232e-02,3.00223232e-02,2.001488,-8.54486991e-02,2.76752633e-03
1.228000,3.74368640e-02,2.99368640e-02,1.995791,-8.54592643e-02,2.75427637e-03
1.229000,3.73514168e-02,2.98514168e-02,1.990094,-8.54472149e-02,2.70732306e-03
1.230000,3.72659689e-02,2.97659689e-02,1.984398,-8.54478202e-02,2.74033417e-03
1.231000,3.71805109e-02,2.96805109e-02,1.978701,-8.54580081e-02,2.77730273e-03
1.232000,3.70950601e-02,2.95950601e-02,1.973004,-8.54508171e-02,2.71129337e-03
1.233000,3.70096170e-02,2.95096170e-02,1.967308,-8.54431581e-02,2.73439735e-03
1.234000,3.69241639e-02,2.94241639e-02,1.961611,-8.54530919e-02,2.76807410e-03
1.235000,3.68387144e-02,2.93387144e-02,1.955914,-8.54494826e-02,2.73329486e-03
1.236000,3.67532734e-02,2.92532734e-02,1.950218,-8.54409638e-02,2.70796440e-03
1.237000,3.66678251e-02,2.91678251e-02,1.944522,-8.54483463e-02,2.77153696e-03
1.238000,3.65823723e-02,2.90823723e-02,1.938825,-8.54528056e-02,2.75803635e-03
1.239000,3.64969335e-02,2.89969335e-02,1.933129,-8.54387742e-02,2.69246311e-03
1.240000,3.64114927e-02,2.89114927e-02,1.927433,-8.54407725e-02,2.76772849e-03
1.241000,3.63260417e-02,2.88260417e-02,1.921736,-8.54509962e-02,2.75522255e-03
1.242000,3.62406030e-02,2.87406030e-02,1.916040,-8.54387132e-02,2.70841976e-03
1.243000,3.61551642e-02,2.86551642e-02,1.910344,-8.54388138e-02,2.74072690e-03
1.244000,3.60697156e-02,2.85697156e-02,1.904648,-8.54485720e-02,2.77729184e-03
1.245000,3.59842744e-02,2.84842744e-02,1.898952,-8.54412540e-02,2.71191015e-03
1.246000,3.58988409e-02,2.83988409e-02,1.893256,-8.54334895e-02,2.73470511e-03
1.247000,3.58133977e-02,2.83133977e-02,1.887560,-8.54431663e-02,2.76831205e-03
1.248000,3.57279583e-02,2.82279583e-02,1.881864,-8.54394139e-02,2.73607660e-03
1.249000,3.56425280e-02,2.81425280e-02,1.876169,-8.54303249e-02,2.70746930e-03
1.250000,3.55570911e-02,2.80570911e-02,1.870473,-8.54368815e-02,2.77320237e-03
1.251000,3.54716499e-02,2.79716499e-02,1.864777,-8.54412089e-02,2.75904483e-03
1.252000,3.53862234e-02,2.78862234e-02,1.859082,-8.54264522e-02,2.69395045e-03
1.253000,3.53007956e-02,2.78007956e-02,1.853386,-8.54278563e-02,2.76714613e-03
1.254000,3.52153579e-02,2.77153579e-02,1.847691,-8.54376945e-02,2.75615071e-03
1.255000,3.51299324e-02,2.76299324e-02,1.841995,-8.54254386e-02,2.70854196e-03
1.256000,3.50445072e-02,2.75445072e-02,1.836300,-8.54252128e-02,2.74221454e-03
1.257000,3.49590726e-02,2.74590726e-02,1.830605,-8.54346678e-02,2.77697957e-03
1.258000,3.48736456e-02,2.73736456e-02,1.824910,-8.54269164e-02,2.71516053e-03
1.259000,3.47882270e-02,2.72882270e-02,1.819215,-8.54186797e-02,2.73384662e-03
1.260000,3.47027995e-02,2.72027995e-02,1.813520,-8.54274408e-02,2.76895708e-03
1.261000,3.46173757e-02,2.71173757e-02,1.807825,-8.54238563e-02,2.73670510e-03
1.262000,3.45319612e-02,2.70319612e-02,1.802131,-8.54144444e-02,2.70874044e-03
1.263000,3.44465407e-02,2.69465407e-02,1.796436,-8.54205697e-02,2.77562219e-03
1.264000,3.43611166e-02,2.68611166e-02,1.790741,-8.54240518e-02,2.76034340e-03
1.265000,3.42757083e-02,2.67757083e-02,1.785047,-8.54082707e-02,2.69489015e-03
1.266000,3.41902992e-02,2.66902992e-02,1.779353,-8.54090822e-02,2.76551409e-03
1.267000,3.41048803e-02,2.66048803e-02,1.773659,-8.54189004e-02,2.75856095e-03
1.268000,3.40194736e-02,2.65194736e-02,1.767965,-8.54067542e-02,2.70925327e-03
1.269000,3.39340680e-02,2.64340680e-02,1.762271,-8.54056111e-02,2.74185254e-03
1.270000,3.38486531e-02,2.63486531e-02,1.756577,-8.54148965e-02,2.77643150e-03
1.271000,3.37632457e-02,2.62632457e-02,1.750883,-8.54073609e-02,2.71659833e-03
1.272000,3.36778467e-02,2.61778467e-02,1.745190,-8.53990499e-02,2.73679923e-03
1.273000,3.35924399e-02,2.60924399e-02,1.739496,-8.54068167e-02,2.76837399e-03
1.274000,3.35070375e-02,2.60070375e-02,1.733803,-8.54023656e-02,2.73896958e-03
1.275000,3.34216447e-02,2.59216447e-02,1.728110,-8.53927447e-02,2.70811934e-03
1.276000,3.33362465e-02,2.58362465e-02,1.722416,-8.53982362e-02,2.77925087e-03
1.277000,3.32508452e-02,2.57508452e-02,1.716723,-8.54012806e-02,2.76001673e-03
1.278000,3.31654609e-02,2.56654609e-02,1.711031,-8.53843656e-02,2.69407526e-03
1.279000,3.30800754e-02,2.55800754e-02,1.705338,-8.53854284e-02,2.76747001e-03
1.280000,3.29946803e-02,2.54946803e-02,1.699645,-8.53951684e-02,2.76024833e-03
1.281000,3.29092982e-02,2.54092982e-02,1.693953,-8.53820814e-02,2.71197002e-03
1.282000,3.28239183e-02,2.53239183e-02,1.688261,-8.53799037e-02,2.74041167e-03
1.283000,3.27385297e-02,2.52385297e-02,1.682569,-8.53885517e-02,2.77713962e-03
1.284000,3.26531484e-02,2.51531484e-02,1.676877,-8.53813641e-02,2.72020296e-03
1.285000,3.25677762e-02,2.50677762e-02,1.671185,-8.53721831e-02,2.73701298e-03
1.286000,3.24823975e-02,2.49823975e-02,1.665493,-8.53787283e-02,2.77190684e-03
1.287000,3.23970239e-02,2.48970239e-02,1.659802,-8.53735823e-02,2.74106633e-03
1.288000,3.23116614e-02,2.48116614e-02,1.654111,-8.53624304e-02,2.70812768e-03
1.289000,3.22262942e-02,2.47262942e-02,1.648420,-8.53672318e-02,2.78165854e-03
1.290000,3.21409244e-02,2.46409244e-02,1.642728,-8.53698476e-02,2.76098673e-03
1.291000,3.20555724e-02,2.45555724e-02,1.637038,-8.53519704e-02,2.69625385e-03
1.292000,3.19702201e-02,2.44702201e-02,1.631348,-8.53523294e-02,2.76650404e-03
1.293000,3.18848585e-02,2.43848585e-02,1.625657,-8.53615247e-02,2.76233868e-03
1.294000,3.17995102e-02,2.42995102e-02,1.619967,-8.53483853e-02,2.71507739e-03
1.295000,3.17141652e-02,2.42141652e-02,1.614278,-8.53449716e-02,2.74038677e-03
1.296000,3.16288126e-02,2.41288126e-02,1.608588,-8.53526035e-02,2.78047272e-03
1.297000,3.15434677e-02,2.40434677e-02,1.602898,-8.53448347e-02,2.71963638e-03
1.298000,3.14581331e-02,2.39581331e-02,1.597209,-8.53346592e-02,2.73682828e-03
1.299000,3.13727917e-02,2.38727917e-02,1.591519,-8.53414232e-02,2.77489373e-03
1.300000,3.12874559e-02,2.37874559e-02,1.585830,-8.53358096e-02,2.74098702e-03
1.301000,3.12021322e-02,2.37021322e-02,1.580142,-8.53236908e-02,2.71185237e-03
1.302000,3.11168043e-02,2.36168043e-02,1.574454,-8.53278595e-02,2.78253281e-03
1.303000,3.10314752e-02,2.35314752e-02,1.568765,-8.53290975e-02,2.76207670e-03
1.304000,3.09461645e-02,2.34461645e-02,1.563078,-8.53107404e-02,2.69389987e-03
1.305000,3.08608533e-02,2.33608533e-02,1.557390,-8.53111577e-02,2.76746882e-03
1.306000,3.07755323e-02,2.32755323e-02,1.551702,-8.53209555e-02,2.76617691e-03
1.307000,3.06902255e-02,2.31902255e-02,1.546015,-8.53068206e-02,2.72027217e-03
1.308000,3.06049243e-02,2.31049243e-02,1.540328,-8.53012277e-02,2.73954643e-03
1.309000,3.05196170e-02,2.30196170e-02,1.534641,-8.53073021e-02,2.78238001e-03
1.310000,3.04343175e-02,2.29343175e-02,1.528954,-8.52994720e-02,2.72372195e-03
1.311000,3.03490296e-02,2.28490296e-02,1.523269,-8.52879477e-02,2.73421167e-03
1.312000,3.02637357e-02,2.27637357e-02,1.517582,-8.52938326e-02,2.77989809e-03
1.313000,3.01784476e-02,2.26784476e-02,1.511897,-8.52881934e-02,2.74492335e-03
1.314000,3.00931738e-02,2.25931738e-02,1.506212,-8.52737349e-02,2.70720773e-03
1.315000,3.00078964e-02,2.25078964e-02,1.500526,-8.52774323e-02,2.78326438e-03
1.316000,2.99226163e-02,2.24226163e-02,1.494841,-8.52800663e-02,2.76845035e-03
1.317000,2.98373560e-02,2.23373560e-02,1.489157,-8.52603418e-02,2.69629371e-03
1.318000,2.97520977e-02,2.22520977e-02,1.483473,-8.52582426e-02,2.76648783e-03
1.319000,2.96668303e-02,2.21668303e-02,1.477789,-8.52674277e-02,2.77335015e-03
1.320000,2.95815780e-02,2.20815780e-02,1.472105,-8.52523464e-02,2.71903396e-03
1.321000,2.94963333e-02,2.19963333e-02,1.466422,-8.52446167e-02,2.74027941e-03
1.322000,2.94110824e-02,2.19110824e-02,1.460739,-8.52509682e-02,2.78516075e-03
1.323000,2.93258400e-02,2.18258400e-02,1.455056,-8.52424056e-02,2.72653919e-03
1.324000,2.92406105e-02,2.17406105e-02,1.449374,-8.52294698e-02,2.73692704e-03
1.325000,2.91553766e-02,2.16553766e-02,1.443692,-8.52339493e-02,2.78091210e-03
1.326000,2.90701493e-02,2.15701493e-02,1.438010,-8.52272390e-02,2.75143583e-03
1.327000,2.89849380e-02,2.14849380e-02,1.432329,-8.52112959e-02,2.71111219e-03
1.328000,2.88997259e-02,2.13997259e-02,1.426648,-8.52121640e-02,2.78149569e-03
1.329000,2.88145120e-02,2.13145120e-02,1.420967,-8.52138285e-02,2.76918397e-03
1.330000,2.87293175e-02,2.12293175e-02,1.415288,-8.51945552e-02,2.70416863e-03
1.331000,2.86441266e-02,2.11441266e-02,1.409608,-8.51908224e-02,2.76398312e-03
1.332000,2.85589288e-02,2.10589288e-02,1.403929,-8.51978642e-02,2.77926251e-03
1.333000,2.84737462e-02,2.09737462e-02,1.398250,-8.51825600e-02,2.71929596e-03
1.334000,2.83885734e-02,2.08885734e-02,1.392572,-8.51728422e-02,2.74383636e-03
1.335000,2.83033949e-02,2.08033949e-02,1.386893,-8.51784786e-02,2.78256445e-03
1.336000,2.82182257e-02,2.07182257e-02,1.381215,-8.51692070e-02,2.72919182e-03
1.337000,2.81330690e-02,2.06330690e-02,1.375538,-8.51566548e-02,2.73652829e-03
1.338000,2.80479087e-02,2.05479087e-02,1.369861,-8.51603337e-02,2.79087575e-03
1.339000,2.79627567e-02,2.04627567e-02,1.364184,-8.51519924e-02,2.75184773e-03
1.340000,2.78776240e-02,2.03776240e-02,1.358508,-8.51327042e-02,2.70947173e-03
1.341000,2.77924903e-02,2.02924903e-02,1.352833,-8.51337271e-02,2.78008403e-03
1.342000,2.77073541e-02,2.02073541e-02,1.347157,-8.51361800e-02,2.78003528e-03
1.343000,2.76222387e-02,2.01222387e-02,1.341483,-8.51154514e-02,2.70594205e-03
1.344000,2.75371308e-02,2.00371308e-02,1.335809,-8.51078413e-02,2.76500041e-03
1.345000,2.74520167e-02,1.99520167e-02,1.330134,-8.51141207e-02,2.78156583e-03
1.346000,2.73669186e-02,1.98669186e-02,1.324461,-8.50980751e-02,2.73103697e-03
1.347000,2.72818331e-02,1.97818331e-02,1.318789,-8.50855246e-02,2.74295311e-03
1.348000,2.71967456e-02,1.96967456e-02,1.313116,-8.50874613e-02,2.77799048e-03
1.349000,2.71116663e-02,1.96116663e-02,1.307444,-8.50792886e-02,2.74077987e-03
1.350000,2.70266002e-02,1.95266002e-02,1.301773,-8.50661894e-02,2.73439872e-03
1.351000,2.69415337e-02,1.94415337e-02,1.296102,-8.50664391e-02,2.79142361e-03
1.352000,2.68564750e-02,1.93564750e-02,1.290432,-8.50587003e-02,2.76320841e-03
1.353000,2.67714378e-02,1.92714378e-02,1.284763,-8.50372232e-02,2.70577057e-03
1.354000,2.66864026e-02,1.91864026e-02,1.279094,-8.50351697e-02,2.78077624e-03
1.355000,2.66013639e-02,1.91013639e-02,1.273424,-8.50387156e-02,2.77959828e-03
1.356000,2.65163461e-02,1.90163461e-02,1.267756,-8.50178369e-02,2.71765547e-03
1.357000,2.64313378e-02,1.89313378e-02,1.262089,-8.50082990e-02,2.76174947e-03
1.358000,2.63463265e-02,1.88463265e-02,1.256422,-8.50113064e-02,2.78960241e-03
1.359000,2.62613316e-02,1.87613316e-02,1.250755,-8.49949073e-02,2.73031271e-03
1.360000,2.61763517e-02,1.86763517e-02,1.245090,-8.49798455e-02,2.74457568e-03
1.361000,2.60913700e-02,1.85913700e-02,1.239425,-8.49817332e-02,2.78759085e-03
1.362000,2.60063986e-02,1.85063986e-02,1.233760,-8.49713299e-02,2.75470444e-03
1.363000,2.59214460e-02,1.84214460e-02,1.228096,-8.49526154e-02,2.72717746e-03
1.364000,2.58364965e-02,1.83364965e-02,1.222433,-8.49495691e-02,2.79218732e-03
1.365000,2.57515524e-02,1.82515524e-02,1.216770,-8.49440668e-02,2.76818186e-03
1.366000,2.56666309e-02,1.81666309e-02,1.211109,-8.49214594e-02,2.71469685e-03
1.367000,2.55817147e-02,1.80817147e-02,1.205448,-8.49161939e-02,2.77589744e-03
1.368000,2.54967971e-02,1.79967971e-02,1.199786,-8.49176711e-02,2.78086354e-03
1.369000,2.54118989e-02,1.79118989e-02,1.194127,-8.48981710e-02,2.72924308e-03
1.370000,2.53270127e-02,1.78270127e-02,1.188468,-8.48861683e-02,2.76403655e-03
1.371000,2.52421278e-02,1.77421278e-02,1.182809,-8.48849658e-02,2.79217563e-03
1.372000,2.51572604e-02,1.76572604e-02,1.177151,-8.48673605e-02,2.73319843e-03
1.373000,2.50724095e-02,1.75724095e-02,1.171494,-8.48509434e-02,2.74261281e-03
1.374000,2.49875572e-02,1.74875572e-02,1.165837,-8.48522304e-02,2.79809084e-03
1.375000,2.49027166e-02,1.74027166e-02,1.160181,-8.48406149e-02,2.76879567e-03
1.376000,2.48179007e-02,1.73179007e-02,1.154527,-8.48159602e-02,2.72595214e-03
1.377000,2.47330922e-02,1.72330922e-02,1.148873,-8.48085028e-02,2.78998321e-03
1.378000,2.46482884e-02,1.71482884e-02,1.143219,-8.48037927e-02,2.77681144e-03
1.379000,2.45635080e-02,1.70635080e-02,1.137567,-8.47803831e-02,2.72344664e-03
1.380000,2.44787372e-02,1.69787372e-02,1.131916,-8.47707363e-02,2.77288896e-03
1.381000,2.43939674e-02,1.68939674e-02,1.126264,-8.47698719e-02,2.79683102e-03
1.382000,2.43092188e-02,1.68092188e-02,1.120615,-8.47485361e-02,2.73175534e-03
1.383000,2.42244880e-02,1.67244880e-02,1.114966,-8.47308453e-02,2.76349101e-03
1.384000,2.41397591e-02,1.66397591e-02,1.109317,-8.47289141e-02,2.78797963e-03
1.385000,2.40550468e-02,1.65550468e-02,1.103670,-8.47122300e-02,2.75222532e-03
1.386000,2.39703530e-02,1.64703530e-02,1.098024,-8.46938262e-02,2.74297545e-03
1.387000,2.38856642e-02,1.63856642e-02,1.092378,-8.46888004e-02,2.80394311e-03
1.388000,2.38009882e-02,1.63009882e-02,1.086733,-8.46760309e-02,2.78364242e-03
1.389000,2.37163414e-02,1.62163414e-02,1.081089,-8.46468287e-02,2.71356587e-03
1.390000,2.36317047e-02,1.61317047e-02,1.075447,-8.46366858e-02,2.79595125e-03
1.391000,2.35470697e-02,1.60470697e-02,1.069805,-8.46349881e-02,2.78577423e-03
1.392000,2.34624616e-02,1.59624616e-02,1.064164,-8.46080336e-02,2.73733826e-03
1.393000,2.33778687e-02,1.58778687e-02,1.058525,-8.45929867e-02,2.76936798e-03
1.394000,2.32932805e-02,1.57932805e-02,1.052885,-8.45881828e-02,2.80210418e-03
1.395000,2.32087134e-02,1.57087134e-02,1.047248,-8.45670708e-02,2.74485151e-03
1.396000,2.31241681e-02,1.56241681e-02,1.041611,-8.45453323e-02,2.76314361e-03
1.397000,2.30396289e-02,1.55396289e-02,1.035975,-8.45391616e-02,2.80165534e-03
1.398000,2.29551087e-02,1.54551087e-02,1.030341,-8.45201732e-02,2.76802146e-03
1.399000,2.28706143e-02,1.53706143e-02,1.024708,-8.44944847e-02,2.73712934e-03
1.400000,2.27861290e-02,1.52861290e-02,1.019075,-8.44853050e-02,2.80779786e-03
1.401000,2.27016552e-02,1.52016552e-02,1.013444,-8.44737738e-02,2.79524983e-03
1.402000,2.26172139e-02,1.51172139e-02,1.007814,-8.44412530e-02,2.72614546e-03
1.403000,2.25327889e-02,1.50327889e-02,1.002186,-8.44250735e-02,2.78694646e-03
1.404000,2.24483680e-02,1.49483680e-02,0.996558,-8.44208369e-02,2.80500702e-03
1.405000,2.23639746e-02,1.48639746e-02,0.990932,-8.43934386e-02,2.74545178e-03
1.406000,2.22796039e-02,1.47796039e-02,0.985307,-8.43706405e-02,2.77059507e-03
1.407000,2.21952410e-02,1.46952410e-02,0.979683,-8.43629550e-02,2.80179285e-03
1.408000,2.21108995e-02,1.46108995e-02,0.974060,-8.43414951e-02,2.76254526e-03
1.409000,2.20265828e-02,1.45265828e-02,0.968439,-8.43167299e-02,2.76327758e-03
1.410000,2.19422780e-02,1.44422780e-02,0.962819,-8.43047246e-02,2.81565194e-03
1.411000,2.18579948e-02,1.43579948e-02,0.957200,-8.42832171e-02,2.78847572e-03
1.412000,2.17737455e-02,1.42737455e-02,0.951583,-8.42493148e-02,2.73339913e-03
1.413000,2.16895114e-02,1.41895114e-02,0.945967,-8.42340773e-02,2.80532290e-03
1.414000,2.16052872e-02,1.41052872e-02,0.940352,-8.42242088e-02,2.80524152e-03
1.415000,2.15210965e-02,1.40210965e-02,0.934740,-8.41907339e-02,2.74622112e-03
1.416000,2.14369288e-02,1.39369288e-02,0.929129,-8.41677228e-02,2.78638795e-03
1.417000,2.13527718e-02,1.38527718e-02,0.923518,-8.41569918e-02,2.81689680e-03
1.418000,2.12686441e-02,1.37686441e-02,0.917910,-8.41276743e-02,2.75800876e-03
1.419000,2.11845453e-02,1.36845453e-02,0.912303,-8.40987510e-02,2.76792923e-03
1.420000,2.11004579e-02,1.36004579e-02,0.906697,-8.40874130e-02,2.82046420e-03
1.421000,2.10163944e-02,1.35163944e-02,0.901093,-8.40635267e-02,2.79730936e-03
1.422000,2.09323679e-02,1.34323679e-02,0.895491,-8.40264819e-02,2.74793712e-03
1.423000,2.08483621e-02,1.33483621e-02,0.889891,-8.40057724e-02,2.81758339e-03
1.424000,2.07643732e-02,1.32643732e-02,0.884292,-8.39889613e-02,2.80656761e-03
1.425000,2.06804220e-02,1.31804220e-02,0.878695,-8.39512254e-02,2.75084786e-03
1.426000,2.05964950e-02,1.30964950e-02,0.873100,-8.39269606e-02,2.79938541e-03
1.427000,2.05125826e-02,1.30125826e-02,0.867506,-8.39124117e-02,2.82720083e-03
1.428000,2.04287056e-02,1.29287056e-02,0.861914,-8.38770035e-02,2.76454637e-03
1.429000,2.03448620e-02,1.28448620e-02,0.856324,-8.38435400e-02,2.78752632e-03
1.430000,2.02610355e-02,1.27610355e-02,0.850736,-8.38265894e-02,2.81929474e-03
1.431000,2.01772390e-02,1.26772390e-02,0.845149,-8.37964740e-02,2.79522162e-03
1.432000,2.00934788e-02,1.25934788e-02,0.839565,-8.37601824e-02,2.75793919e-03
1.433000,2.00097404e-02,1.25097404e-02,0.833983,-8.37383898e-02,2.83439875e-03
1.434000,1.99260251e-02,1.24260251e-02,0.828402,-8.37153203e-02,2.82117540e-03
1.435000,1.98423556e-02,1.23423556e-02,0.822824,-8.36694787e-02,2.75106224e-03
1.436000,1.97587152e-02,1.22587152e-02,0.817248,-8.36403786e-02,2.81408871e-03
1.437000,1.96750921e-02,1.21750921e-02,0.811673,-8.36231592e-02,2.83459100e-03
1.438000,1.95915105e-02,1.20915105e-02,0.806101,-8.35816153e-02,2.77961528e-03
1.439000,1.95079674e-02,1.20079674e-02,0.800531,-8.35430600e-02,2.79296664e-03
1.440000,1.94244472e-02,1.19244472e-02,0.794963,-8.35201986e-02,2.83424168e-03
1.441000,1.93409615e-02,1.18409615e-02,0.789397,-8.34856533e-02,2.80502134e-03
1.442000,1.92575188e-02,1.17575188e-02,0.783835,-8.34427199e-02,2.77859385e-03
1.443000,1.91741048e-02,1.16741048e-02,0.778274,-8.34140564e-02,2.84219919e-03
1.444000,1.90907219e-02,1.15907219e-02,0.772715,-8.33828241e-02,2.82494812e-03
1.445000,1.90073882e-02,1.15073882e-02,0.767159,-8.33337536e-02,2.76843758e-03
1.446000,1.89240878e-02,1.14240878e-02,0.761606,-8.33003418e-02,2.81995642e-03
1.447000,1.88408115e-02,1.13408115e-02,0.756054,-8.32763785e-02,2.85284655e-03
1.448000,1.87575818e-02,1.12575818e-02,0.750505,-8.32296793e-02,2.78716139e-03
1.449000,1.86743980e-02,1.11743980e-02,0.744960,-8.31837941e-02,2.81390862e-03
1.450000,1.85912432e-02,1.10912432e-02,0.739416,-8.31547511e-02,2.84418842e-03
1.451000,1.85081317e-02,1.10081317e-02,0.733875,-8.31115691e-02,2.81447146e-03
1.452000,1.84250680e-02,1.09250680e-02,0.728338,-8.30636980e-02,2.78875815e-03
1.453000,1.83420378e-02,1.08420378e-02,0.722803,-8.30301335e-02,2.85720401e-03
1.454000,1.82590449e-02,1.07590449e-02,0.717270,-8.29929097e-02,2.84572256e-03
1.455000,1.81761097e-02,1.06761097e-02,0.711741,-8.29352376e-02,2.77562533e-03
1.456000,1.80932160e-02,1.05932160e-02,0.706214,-8.28937321e-02,2.84051347e-03
1.457000,1.80103522e-02,1.05103522e-02,0.700690,-8.28637729e-02,2.86371675e-03
1.458000,1.79275438e-02,1.04275438e-02,0.695170,-8.28084002e-02,2.80536158e-03
1.459000,1.78447881e-02,1.03447881e-02,0.689653,-8.27557266e-02,2.81772731e-03
1.460000,1.77620680e-02,1.02620680e-02,0.684138,-8.27200310e-02,2.86083052e-03
1.461000,1.76793954e-02,1.01793954e-02,0.678626,-8.26726520e-02,2.84333024e-03
1.462000,1.75967812e-02,1.00967812e-02,0.673119,-8.26142120e-02,2.80462763e-03
1.463000,1.75142128e-02,1.00142128e-02,0.667614,-8.25683635e-02,2.86724454e-03
1.464000,1.74316887e-02,9.93168870e-03,0.662113,-8.25241523e-02,2.85810409e-03
1.465000,1.73492277e-02,9.84922770e-03,0.656615,-8.24609933e-02,2.80701720e-03
1.466000,1.72668178e-02,9.76681780e-03,0.651121,-8.24098702e-02,2.84669363e-03
1.467000,1.71844493e-02,9.68444930e-03,0.645630,-8.23685085e-02,2.88366842e-03
1.468000,1.71021417e-02,9.60214170e-03,0.640143,-8.23075779e-02,2.82630895e-03
1.469000,1.70198971e-02,9.51989710e-03,0.634660,-8.22446476e-02,2.84013158e-03
1.470000,1.69376989e-02,9.43769890e-03,0.629180,-8.21981107e-02,2.88835696e-03
1.471000,1.68555604e-02,9.35556040e-03,0.623704,-8.21385060e-02,2.86042711e-03
1.472000,1.67734924e-02,9.27349240e-03,0.618233,-8.20680025e-02,2.81125552e-03
1.473000,1.66914771e-02,9.19147710e-03,0.612765,-8.20153671e-02,2.88565178e-03
1.474000,1.66095113e-02,9.10951130e-03,0.607301,-8.19657241e-02,2.89006062e-03
1.475000,1.65276205e-02,9.02762050e-03,0.601841,-8.18908687e-02,2.82996329e-03
1.476000,1.64457953e-02,8.94579530e-03,0.596386,-8.18251929e-02,2.86669353e-03
1.477000,1.63640225e-02,8.86402250e-03,0.590935,-8.17727586e-02,2.90138366e-03
1.478000,1.62823204e-02,8.78232040e-03,0.585488,-8.17021270e-02,2.86642897e-03
1.479000,1.62006941e-02,8.70069410e-03,0.580046,-8.16262839e-02,2.84505495e-03
1.480000,1.61191284e-02,8.61912840e-03,0.574609,-8.15657003e-02,2.91202932e-03
1.481000,1.60376281e-02,8.53762810e-03,0.569175,-8.15002926e-02,2.90318140e-03
1.482000,1.59562137e-02,8.45621370e-03,0.563748,-8.14144541e-02,2.83552019e-03
1.483000,1.58748702e-02,8.37487020e-03,0.558325,-8.13434865e-02,2.89214478e-03
1.484000,1.57935855e-02,8.29358550e-03,0.552906,-8.12847265e-02,2.92205442e-03
1.485000,1.57123834e-02,8.21238340e-03,0.547492,-8.12020809e-02,2.86903469e-03
1.486000,1.56312644e-02,8.13126440e-03,0.542084,-8.11189885e-02,2.88141615e-03
1.487000,1.55502133e-02,8.05021330e-03,0.536681,-8.10511191e-02,2.93324265e-03
1.488000,1.54692432e-02,7.96924320e-03,0.531283,-8.09700184e-02,2.91822718e-03
1.489000,1.53883687e-02,7.88836870e-03,0.525891,-8.08745525e-02,2.85397042e-03
1.490000,1.53075733e-02,7.80757330e-03,0.520505,-8.07953810e-02,2.93144278e-03
1.491000,1.52268497e-02,7.72684970e-03,0.515123,-8.07236122e-02,2.94202196e-03
1.492000,1.51462252e-02,7.64622520e-03,0.509748,-8.06245295e-02,2.88859435e-03
1.493000,1.50656938e-02,7.56569380e-03,0.504380,-8.05314206e-02,2.90702741e-03
1.494000,1.49852412e-02,7.48524120e-03,0.499016,-8.04525984e-02,2.94832219e-03
1.495000,1.49048807e-02,7.40488070e-03,0.493659,-8.03604200e-02,2.93450727e-03
1.496000,1.48246236e-02,7.32462360e-03,0.488308,-8.02571228e-02,2.88998860e-03
1.497000,1.47444574e-02,7.24445740e-03,0.482964,-8.01662352e-02,2.96752652e-03
1.498000,1.46643811e-02,7.16438110e-03,0.477625,-8.00762565e-02,2.95856354e-03
1.499000,1.45844187e-02,7.08441870e-03,0.472295,-7.99623982e-02,2.90663896e-03
1.500000,1.45045581e-02,7.00455810e-03,0.466971,-7.98606658e-02,2.94162649e-03
1.501000,1.44247883e-02,6.92478830e-03,0.461653,-7.97697990e-02,2.98928071e-03
1.502000,1.43451292e-02,6.84512920e-03,0.456342,-7.96590147e-02,2.95599883e-03
1.503000,1.42655908e-02,6.76559080e-03,0.451039,-7.95384655e-02,2.92478489e-03
1.504000,1.41861564e-02,6.68615640e-03,0.445744,-7.94343664e-02,2.99108840e-03
1.505000,1.41068276e-02,6.60682760e-03,0.440455,-7.93287935e-02,2.99125083e-03
1.506000,1.40276262e-02,6.52762620e-03,0.435175,-7.92014167e-02,2.93982740e-03
1.507000,1.39485431e-02,6.44854310e-03,0.429903,-7.90830803e-02,2.97668265e-03
1.508000,1.38695680e-02,6.36956800e-03,0.424638,-7.89751146e-02,3.02077737e-03
1.509000,1.37907208e-02,6.29072080e-03,0.419381,-7.88472475e-02,2.99185372e-03
1.510000,1.37120107e-02,6.21201070e-03,0.414134,-7.87100138e-02,2.95672105e-03
1.511000,1.36334223e-02,6.13342230e-03,0.408895,-7.85884920e-02,3.03246301e-03
1.512000,1.35549571e-02,6.05495710e-03,0.403664,-7.84651140e-02,3.03298836e-03
1.513000,1.34766404e-02,5.97664040e-03,0.398443,-7.83167684e-02,2.98020399e-03
1.514000,1.33984628e-02,5.89846280e-03,0.393231,-7.81775846e-02,3.01262889e-03
1.515000,1.33204128e-02,5.82041280e-03,0.388028,-7.80500020e-02,3.05407748e-03
1.516000,1.32425083e-02,5.74250830e-03,0.382834,-7.79044408e-02,3.04543774e-03
1.517000,1.31647615e-02,5.66476150e-03,0.377651,-7.77467952e-02,2.99294869e-03
1.518000,1.30871603e-02,5.58716030e-03,0.372477,-7.76012690e-02,3.07055156e-03
1.519000,1.30097010e-02,5.50970100e-03,0.367313,-7.74592579e-02,3.08663672e-03
1.520000,1.29324121e-02,5.43241210e-03,0.362161,-7.72889163e-02,3.02224830e-03
1.521000,1.28552874e-02,5.35528740e-03,0.357019,-7.71246785e-02,3.04708819e-03
1.522000,1.27783102e-02,5.27831020e-03,0.351887,-7.69771942e-02,3.11083008e-03
1.523000,1.27014999e-02,5.20149990e-03,0.346767,-7.68102800e-02,3.11061598e-03
1.524000,1.26248775e-02,5.12487750e-03,0.341658,-7.66224699e-02,3.03842854e-03
1.525000,1.25484300e-02,5.04843000e-03,0.336562,-7.64474956e-02,3.10010817e-03
1.526000,1.24721447e-02,4.97214470e-03,0.331476,-7.62853215e-02,3.14126885e-03
1.527000,1.23960491e-02,4.89604910e-03,0.326403,-7.60956120e-02,3.11115979e-03
1.528000,1.23201513e-02,4.82015130e-03,0.321343,-7.58977092e-02,3.09656393e-03
1.529000,1.22444391e-02,4.74443910e-03,0.316296,-7.57122757e-02,3.15908217e-03
1.530000,1.21689185e-02,4.66891850e-03,0.311261,-7.55205801e-02,3.17729677e-03
1.531000,1.20936134e-02,4.59361340e-03,0.306241,-7.53051316e-02,3.11132912e-03
1.532000,1.20185180e-02,4.51851800e-03,0.301235,-7.50953667e-02,3.15701882e-03
1.533000,1.19436188e-02,4.44361880e-03,0.296241,-7.48991869e-02,3.20179160e-03
1.534000,1.18689387e-02,4.36893870e-03,0.291263,-7.46800843e-02,3.19934749e-03
1.535000,1.17944920e-02,4.29449200e-03,0.286299,-7.44467099e-02,3.15053448e-03
1.536000,1.17202692e-02,4.22026920e-03,0.281351,-7.42227702e-02,3.19920172e-03
1.537000,1.16462630e-02,4.14626300e-03,0.276418,-7.40062552e-02,3.25676282e-03
1.538000,1.15724994e-02,4.07249940e-03,0.271500,-7.37635781e-02,3.22909908e-03
1.539000,1.14989925e-02,3.99899250e-03,0.266599,-7.35068891e-02,3.19384399e-03
1.540000,1.14257270e-02,3.92572700e-03,0.261715,-7.32655197e-02,3.27229409e-03
1.541000,1.13527051e-02,3.85270510e-03,0.256847,-7.30218556e-02,3.30579307e-03
1.542000,1.12799586e-02,3.77995860e-03,0.251997,-7.27465034e-02,3.25174507e-03
1.543000,1.12074889e-02,3.70748890e-03,0.247166,-7.24697075e-02,3.26684202e-03
1.544000,1.11352809e-02,3.63528090e-03,0.242352,-7.22079920e-02,3.33123901e-03
1.545000,1.10633510e-02,3.56335100e-03,0.237557,-7.19299305e-02,3.36398413e-03
1.546000,1.09917261e-02,3.49172610e-03,0.232782,-7.16249295e-02,3.29181179e-03
1.547000,1.09204041e-02,3.42040410e-03,0.228027,-7.13219373e-02,3.33308853e-03
1.548000,1.08493688e-02,3.34936880e-03,0.223291,-7.10353483e-02,3.39753095e-03
1.549000,1.07786450e-02,3.27864500e-03,0.218576,-7.07238075e-02,3.41333655e-03
1.550000,1.07082567e-02,3.20825670e-03,0.213884,-7.03883078e-02,3.35892936e-03
1.551000,1.06381994e-02,3.13819940e-03,0.209213,-7.00572386e-02,3.38856722e-03
1.552000,1.05684606e-02,3.06846060e-03,0.204564,-6.97387964e-02,3.46668790e-03
1.553000,1.04990638e-02,2.99906380e-03,0.199938,-6.93968059e-02,3.49367647e-03
1.554000,1.04300394e-02,2.93003940e-03,0.195336,-6.90243868e-02,3.43285160e-03
1.555000,1.03613856e-02,2.86138560e-03,0.190759,-6.86538605e-02,3.47440566e-03
1.556000,1.02930896e-02,2.79308960e-03,0.186206,-6.82959615e-02,3.54244523e-03
1.557000,1.02251772e-02,2.72517720e-03,0.181678,-6.79123836e-02,3.56425297e-03
1.558000,1.01576746e-02,2.65767460e-03,0.177178,-6.75026040e-02,3.51104391e-03
1.559000,1.00905796e-02,2.59057960e-03,0.172705,-6.70950718e-02,3.55364707e-03
1.560000,1.00238821e-02,2.52388210e-03,0.168259,-6.66974804e-02,3.63300812e-03
1.561000,9.95761022e-03,2.45761022e-03,0.163841,-6.62718634e-02,3.67719551e-03
1.562000,9.89179785e-03,2.39179785e-03,0.159453,-6.58123689e-02,3.61143325e-03
1.563000,9.82644786e-03,2.32644786e-03,0.155097,-6.53499920e-02,3.62962563e-03
1.564000,9.76154187e-03,2.26154187e-03,0.150769,-6.49059952e-02,3.71900040e-03
1.565000,9.69710165e-03,2.19710165e-03,0.146473,-6.44402189e-02,3.77458216e-03
1.566000,9.63316638e-03,2.13316638e-03,0.142211,-6.39352616e-02,3.75083675e-03
1.567000,9.56975014e-03,2.06975014e-03,0.137983,-6.34162495e-02,3.74075717e-03
1.568000,9.50684332e-03,2.00684332e-03,0.133790,-6.29068182e-02,3.81826975e-03
1.569000,9.44445633e-03,1.94445633e-03,0.129630,-6.23869899e-02,3.87543475e-03
1.570000,9.38262473e-03,1.88262473e-03,0.125508,-6.18315964e-02,3.91786159e-03
1.571000,9.32137480e-03,1.82137480e-03,0.121425,-6.12499263e-02,3.87455175e-03
1.572000,9.26071282e-03,1.76071282e-03,0.117381,-6.06619815e-02,3.92062300e-03
1.573000,9.20063271e-03,1.70063271e-03,0.113376,-6.00801131e-02,4.02130815e-03
1.574000,9.14116740e-03,1.64116740e-03,0.109411,-5.94653091e-02,4.06230525e-03
1.575000,9.08235721e-03,1.58235721e-03,0.105490,-5.88101888e-02,4.05520902e-03
1.576000,9.02421435e-03,1.52421435e-03,0.101614,-5.81428593e-02,4.06567290e-03
1.577000,8.96673834e-03,1.46673834e-03,0.097783,-5.74760098e-02,4.12838733e-03
1.578000,8.90994371e-03,1.40994371e-03,0.093996,-5.67946336e-02,4.22667009e-03
1.579000,8.85386843e-03,1.35386843e-03,0.090258,-5.60752808e-02,4.28331321e-03
1.580000,8.79855479e-03,1.29855479e-03,0.086570,-5.53136337e-02,4.26450811e-03
1.581000,8.74401809e-03,1.24401809e-03,0.082935,-5.45367097e-02,4.27334473e-03
1.582000,8.69025369e-03,1.19025369e-03,0.079350,-5.37643988e-02,4.37195623e-03
1.583000,8.63728194e-03,1.13728194e-03,0.075819,-5.29717476e-02,4.48170660e-03
1.584000,8.58515464e-03,1.08515464e-03,0.072344,-5.21273028e-02,4.52160791e-03
1.585000,8.53391488e-03,1.03391488e-03,0.068928,-5.12397581e-02,4.53638999e-03
1.586000,8.48357838e-03,9.83578380e-04,0.065572,-5.03364953e-02,4.55743095e-03
1.587000,8.43415373e-03,9.34153730e-04,0.062277,-4.94246569e-02,4.62266151e-03
1.588000,8.38565935e-03,8.85659350e-04,0.059044,-4.84943731e-02,4.72026155e-03
1.589000,8.33813395e-03,8.38133950e-04,0.055876,-4.75254071e-02,4.78118693e-03
1.590000,8.29162033e-03,7.91620330e-04,0.052775,-4.65136138e-02,4.89068418e-03
1.591000,8.24615788e-03,7.46157880e-04,0.049744,-4.54624483e-02,4.88555879e-03
1.592000,8.20178165e-03,7.01781650e-04,0.046785,-4.43762287e-02,4.92533121e-03
1.593000,8.15849700e-03,6.58497000e-04,0.043900,-4.32846590e-02,4.97856705e-03
1.594000,8.11632638e-03,6.16326380e-04,0.041088,-4.21706133e-02,5.11713642e-03
1.595000,8.07531180e-03,5.75311800e-04,0.038354,-4.10145797e-02,5.20168980e-03
1.596000,8.03551372e-03,5.35513720e-04,0.035701,-3.97980856e-02,5.22677181e-03
1.597000,7.99696433e-03,4.96964330e-04,0.033131,-3.85493874e-02,5.27348952e-03
1.598000,7.95968014e-03,4.59680140e-04,0.030645,-3.72841903e-02,5.31152796e-03
1.599000,7.92368322e-03,4.23683220e-04,0.028246,-3.59969238e-02,5.38107341e-03
1.600000,7.88899835e-03,3.88998350e-04,0.025933,-3.46848666e-02,5.40522415e-03
1.601000,7.85565265e-03,3.55652650e-04,0.023710,-3.33456988e-02,5.48221495e-03
1.602000,7.82366767e-03,3.23667670e-04,0.021578,-3.19849845e-02,5.48915003e-03
1.603000,7.79306991e-03,2.93069910e-04,0.019538,-3.05977590e-02,5.51711006e-03
1.604000,7.76386660e-03,2.63866600e-04,0.017591,-2.92033114e-02,5.54427111e-03
1.605000,7.73607172e-03,2.36071720e-04,0.015738,-2.77948783e-02,5.60266918e-03
1.606000,7.70970452e-03,2.09704520e-04,0.013980,-2.63671980e-02,5.59913978e-03
1.607000,7.68478356e-03,1.84783560e-04,0.012319,-2.49209630e-02,5.52914816e-03
1.608000,7.66129529e-03,1.61295290e-04,0.010753,-2.34882644e-02,5.48698579e-03
1.609000,7.63920928e-03,1.39209280e-04,0.009281,-2.20860080e-02,5.44237359e-03
1.610000,7.61850380e-03,1.18503800e-04,0.007900,-2.07054875e-02,5.40605708e-03
1.611000,7.59915776e-03,9.91577600e-05,0.006611,-1.93460405e-02,5.39107984e-03
1.612000,7.58115659e-03,8.11565900e-05,0.005410,-1.80011690e-02,5.30203749e-03
1.613000,7.56447962e-03,6.44796200e-05,0.004299,-1.66769623e-02,5.24521778e-03
1.614000,7.54908758e-03,4.90875800e-05,0.003273,-1.53920464e-02,5.14046929e-03
1.615000,7.53494326e-03,3.49432600e-05,0.002330,-1.41443146e-02,5.03468610e-03
1.616000,7.52199357e-03,2.19935700e-05,0.001466,-1.29496903e-02,4.92947227e-03
1.617000,7.51018516e-03,1.01851600e-05,0.000679,-1.18084127e-02,4.80134187e-03
1.618000,7.50000000e-03,0.00000000e+00,0.000000,-1.01851603e-02,4.03186885e-03
1.619000,7.50000000e-03,0.00000000e+00,0.000000,-1.73472348e-18,-7.04040991e-03
1.620000,7.50000000e-03,0.00000000e+00,0.000000,-2.16840434e-19,-2.63941255e-03
1.621000,7.50000000e-03,0.00000000e+00,0.000000,-8.67361738e-19,-2.99657987e-05
1.622000,7.50000000e-03,0.00000000e+00,0.000000,-4.33680869e-19,2.60103374e-03
1.623000,7.50000000e-03,0.00000000e+00,0.000000,-2.16840434e-19,2.67410189e-03
1.624000,7.50000000e-03,0.00000000e+00,0.000000,-1.35525272e-20,2.63680410e-03
1.625000,7.50000000e-03,0.00000000e+00,0.000000,-1.35525272e-20,2.04200630e-03
1.626000,7.50000000e-03,0.00000000e+00,0.000000,-2.71050543e-20,1.95833180e-03
1.627000,7.50000000e-03,0.00000000e+00,0.000000,-5.42101086e-20,1.78380608e-03
1.628000,7.50000000e-03,0.00000000e+00,0.000000,-5.42101086e-20,1.87277757e-03
1.629000,7.50000000e-03,0.00000000e+00,0.000000,-1.08420217e-19,1.82245171e-03
1.630000,7.50000000e-03,0.00000000e+00,0.000000,-1.08420217e-19,1.87193963e-03
1.631000,7.50000000e-03,0.00000000e+00,0.000000,-1.08420217e-19,1.82057450e-03
1.632000,7.50000000e-03,0.00000000e+00,0.000000,-5.42101086e-20,1.83716005e-03
1.633000,7.50000000e-03,0.00000000e+00,0.000000,-1.08420217e-19,1.79933369e-03
1.634000,7.50000000e-03,0.00000000e+00,0.000000,-1.08420217e-19,1.81048664e-03
1.635000,7.50000000e-03,0.00000000e+00,0.000000,-1.08420217e-19,1.78759112e-03
1.636000,7.50000000e-03,0.00000000e+00,0.000000,-1.08420217e-19,1.79670207e-03
1.637000,7.50000000e-03,0.00000000e+00,0.000000,-1.08420217e-19,1.78264585e-03
1.638000,7.50000000e-03,0.00000000e+00,0.000000,-5.42101086e-20,1.79011193e-03
1.639000,7.50000000e-03,0.00000000e+00,0.000000,-1.62630326e-19,1.78189570e-03
1.640000,7.50000000e-03,0.00000000e+00,0.000000,-1.08420217e-19,1.78867573e-03
1.641000,7.50000000e-03,0.00000000e+00,0.000000,-5.42101086e-20,1.78464486e-03
1.642000,7.50000000e-03,0.00000000e+00,0.000000,-5.42101086e-20,1.79119835e-03
1.643000,7.50000000e-03,0.00000000e+00,0.000000,-1.08420217e-19,1.79012359e-03
1.644000,7.50000000e-03,0.00000000e+00,0.000000,-1.08420217e-19,1.79663226e-03
1.645000,7.50000000e-03,0.00000000e+00,0.000000,-1.08420217e-19,1.79766945e-03
1.646000,7.50000000e-03,0.00000000e+00,0.000000,-1.08420217e-19,1.80421926e-03
1.647000,7.50000000e-03,0.00000000e+00,0.000000,-1.08420217e-19,1.80677519e-03
1.648000,7.50000000e-03,0.00000000e+00,0.000000,-1.08420217e-19,1.81338114e-03
1.649000,7.50000000e-03,0.00000000e+00,0.000000,-1.08420217e-19,1.81701917e-03
1.650000,7.50000000e-03,0.00000000e+00,0.000000,-1.08420217e-19,1.82366076e-03
1.651000,7.50000000e-03,0.00000000e+00,0.000000,-1.08420217e-19,1.82806082e-03
1.652000,7.50000000e-03,0.00000000e+00,0.000000,-1.08420217e-19,1.83470732e-03
1.653000,7.50000000e-03,0.00000000e+00,0.000000,-5.42101086e-20,1.83963450e-03
1.654000,7.50000000e-03,0.00000000e+00,0.000000,-1.08420217e-19,1.84625320e-03
1.655000,7.50000000e-03,0.00000000e+00,0.000000,-1.08420217e-19,1.85153287e-03
1.656000,7.50000000e-03,0.00000000e+00,0.000000,-5.42101086e-20,1.85809265e-03
1.657000,7.50000000e-03,0.00000000e+00,0.000000,-1.08420217e-19,1.86359413e-03
1.658000,7.50000000e-03,0.00000000e+00,0.000000,-1.08420217e-19,1.87006776e-03
1.659000,7.50000000e-03,0.00000000e+00,0.000000,-1.08420217e-19,1.87569309e-03
1.660000,7.50000000e-03,0.00000000e+00,0.000000,-1.08420217e-19,1.88205803e-03
1.661000,7.50000000e-03,0.00000000e+00,0.000000,-5.42101086e-20,1.88773378e-03
1.662000,7.50000000e-03,0.00000000e+00,0.000000,-5.42101086e-20,1.89397220e-03
1.663000,7.50000000e-03,0.00000000e+00,0.000000,-1.08420217e-19,1.89964340e-03
1.664000,7.50000000e-03,0.00000000e+00,0.000000,-5.42101086e-20,1.90574173e-03
1.665000,7.50000000e-03,0.00000000e+00,0.000000,-5.42101086e-20,1.91136747e-03
1.666000,7.50000000e-03,0.00000000e+00,0.000000,-5.42101086e-20,1.91731586e-03
1.667000,7.50000000e-03,0.00000000e+00,0.000000,-5.42101086e-20,1.92286592e-03
1.668000,7.50000000e-03,0.00000000e+00,0.000000,-5.42101086e-20,1.92865772e-03
1.669000,7.50000000e-03,0.00000000e+00,0.000000,-1.08420217e-19,1.93411010e-03
1.670000,7.50000000e-03,0.00000000e+00,0.000000,-1.08420217e-19,1.93974130e-03
1.671000,7.50000000e-03,0.00000000e+00,0.000000,-5.42101086e-20,1.94508030e-03
1.672000,7.50000000e-03,0.00000000e+00,0.000000,-5.42101086e-20,1.95054904e-03
1.673000,7.50000000e-03,0.00000000e+00,0.000000,-5.42101086e-20,1.95576385e-03
1.674000,7.50000000e-03,0.00000000e+00,0.000000,-5.42101086e-20,1.96106999e-03
1.675000,7.50000000e-03,0.00000000e+00,0.000000,-1.08420217e-19,1.96615353e-03
1.676000,7.50000000e-03,0.00000000e+00,0.000000,-5.42101086e-20,1.97129833e-03
1.677000,7.50000000e-03,0.00000000e+00,0.000000,-5.42101086e-20,1.97624639e-03
1.678000,7.50000000e-03,0.00000000e+00,0.000000,-5.42101086e-20,1.98123215e-03
1.679000,7.50000000e-03,0.00000000e+00,0.000000,-5.42101086e-20,1.98604275e-03
1.680000,7.50000000e-03,0.00000000e+00,0.000000,-5.42101086e-20,1.99087260e-03
1.681000,7.50000000e-03,0.00000000e+00,0.000000,-5.42101086e-20,1.99554543e-03
1.682000,7.50000000e-03,0.00000000e+00,0.000000,-1.08420217e-19,2.00022311e-03
1.683000,7.50000000e-03,0.00000000e+00,0.000000,-5.42101086e-20,2.00475917e-03
1.684000,7.50000000e-03,0.00000000e+00,0.000000,-5.42101086e-20,2.00928884e-03
1.685000,7.50000000e-03,0.00000000e+00,0.000000,-5.42101086e-20,2.01369006e-03
1.686000,7.50000000e-03,0.00000000e+00,0.000000,-5.42101086e-20,2.01807622e-03
1.687000,7.50000000e-03,0.00000000e+00,0.000000,-5.42101086e-20,2.02234525e-03
1.688000,7.50000000e-03,0.00000000e+00,0.000000,-5.42101086e-20,2.02659256e-03
1.689000,7.50000000e-03,0.00000000e+00,0.000000,-5.42101086e-20,2.03073259e-03
1.690000,7.50000000e-03,0.00000000e+00,0.000000,-5.42101086e-20,2.03484582e-03
1.691000,7.50000000e-03,0.00000000e+00,0.000000,-5.42101086e-20,2.03886037e-03
1.692000,7.50000000e-03,0.00000000e+00,0.000000,-5.42101086e-20,2.04284435e-03
1.693000,7.50000000e-03,0.00000000e+00,0.000000,-5.42101086e-20,2.04673720e-03
1.694000,7.50000000e-03,0.00000000e+00,0.000000,-1.08420217e-19,2.05059672e-03
1.695000,7.50000000e-03,0.00000000e+00,0.000000,-5.42101086e-20,2.05437179e-03
1.696000,7.50000000e-03,0.00000000e+00,0.000000,-5.42101086e-20,2.05811158e-03
1.697000,7.50000000e-03,0.00000000e+00,0.000000,-5.42101086e-20,2.06177288e-03
1.698000,7.50000000e-03,0.00000000e+00,0.000000,-1.08420217e-19,2.06539760e-03
1.699000,7.50000000e-03,0.00000000e+00,0.000000,-5.42101086e-20,2.06894913e-03
1.700000,7.50000000e-03,0.00000000e+00,0.000000,-5.42101086e-20,2.07246331e-03
1.701000,7.50000000e-03,0.00000000e+00,0.000000,-5.42101086e-20,2.07590907e-03
1.702000,7.50000000e-03,0.00000000e+00,0.000000,-1.08420217e-19,2.07931712e-03
1.703000,7.50000000e-03,0.00000000e+00,0.000000,-5.42101086e-20,2.08266105e-03
1.704000,7.50000000e-03,0.00000000e+00,0.000000,-5.42101086e-20,2.08596722e-03
1.705000,7.50000000e-03,0.00000000e+00,0.000000,-5.42101086e-20,2.08921316e-03
1.706000,7.50000000e-03,0.00000000e+00,0.000000,-5.42101086e-20,2.09242157e-03
1.707000,7.50000000e-03,0.00000000e+00,0.000000,-5.42101086e-20,2.09557329e-03
1.708000,7.50000000e-03,0.00000000e+00,0.000000,-5.42101086e-20,2.09868788e-03
1.709000,7.50000000e-03,0.00000000e+00,0.000000,-5.42101086e-20,2.10174901e-03
1.710000,7.50000000e-03,0.00000000e+00,0.000000,-5.42101086e-20,2.10477358e-03
1.711000,7.50000000e-03,0.00000000e+00,0.000000,-5.42101086e-20,2.10774765e-03
1.712000,7.50000000e-03,0.00000000e+00,0.000000,-5.42101086e-20,2.11068585e-03
1.713000,7.50000000e-03,0.00000000e+00,0.000000,-5.42101086e-20,2.11357625e-03
1.714000,7.50000000e-03,0.00000000e+00,0.000000,-5.42101086e-20,2.11643154e-03
1.715000,7.50000000e-03,0.00000000e+00,0.000000,-5.42101086e-20,2.11924155e-03
1.716000,7.50000000e-03,0.00000000e+00,0.000000,-5.42101086e-20,2.12201727e-03
1.717000,7.50000000e-03,0.00000000e+00,0.000000,-5.42101086e-20,2.12475001e-03
1.718000,7.50000000e-03,0.00000000e+00,0.000000,-5.42101086e-20,2.12744935e-03
1.719000,7.50000000e-03,0.00000000e+00,0.000000,-5.42101086e-20,2.13010783e-03
1.720000,7.50000000e-03,0.00000000e+00,0.000000,-5.42101086e-20,2.13273382e-03
1.721000,7.50000000e-03,0.00000000e+00,0.000000,-5.42101086e-20,2.13532093e-03
1.722000,7.50000000e-03,0.00000000e+00,0.000000,-5.42101086e-20,2.13787647e-03
1.723000,7.50000000e-03,0.00000000e+00,0.000000,-5.42101086e-20,2.14039496e-03
1.724000,7.50000000e-03,0.00000000e+00,0.000000,-5.42101086e-20,2.14288280e-03
1.725000,7.50000000e-03,0.00000000e+00,0.000000,-5.42101086e-20,2.14533532e-03
1.726000,7.50000000e-03,0.00000000e+00,0.000000,-5.42101086e-20,2.14775810e-03
1.727000,7.50000000e-03,0.00000000e+00,0.000000,-1.08420217e-19,2.15014715e-03
1.728000,7.50000000e-03,0.00000000e+00,0.000000,-5.42101086e-20,2.15250739e-03
1.729000,7.50000000e-03,0.00000000e+00,0.000000,-5.42101086e-20,2.15483539e-03
1.730000,7.50000000e-03,0.00000000e+00,0.000000,-5.42101086e-20,2.15713547e-03
1.731000,7.50000000e-03,0.00000000e+00,0.000000,-5.42101086e-20,2.15940471e-03
1.732000,7.50000000e-03,0.00000000e+00,0.000000,-5.42101086e-20,2.16164692e-03
1.733000,7.50000000e-03,0.00000000e+00,0.000000,-5.42101086e-20,2.16385959e-03
1.734000,7.50000000e-03,0.00000000e+00,0.000000,-5.42101086e-20,2.16604610e-03
1.735000,7.50000000e-03,0.00000000e+00,0.000000,-5.42101086e-20,2.16820430e-03
1.736000,7.50000000e-03,0.00000000e+00,0.000000,-5.42101086e-20,2.17033718e-03
1.737000,7.50000000e-03,0.00000000e+00,0.000000,-5.42101086e-20,2.17244290e-03
1.738000,7.50000000e-03,0.00000000e+00,0.000000,-5.42101086e-20,2.17452412e-03
1.739000,7.50000000e-03,0.00000000e+00,0.000000,-5.42101086e-20,2.17657928e-03
1.740000,7.50000000e-03,0.00000000e+00,0.000000,-5.42101086e-20,2.17861073e-03
1.741000,7.50000000e-03,0.00000000e+00,0.000000,-5.42101086e-20,2.18061714e-03
1.742000,7.50000000e-03,0.00000000e+00,0.000000,-5.42101086e-20,2.18260061e-03
1.743000,7.50000000e-03,0.00000000e+00,0.000000,-5.42101086e-20,2.18456001e-03
1.744000,7.50000000e-03,0.00000000e+00,0.000000,-5.42101086e-20,2.18649721e-03
1.745000,7.50000000e-03,0.00000000e+00,0.000000,-5.42101086e-20,2.18841126e-03
1.746000,7.50000000e-03,0.00000000e+00,0.000000,-5.42101086e-20,2.19030383e-03
1.747000,7.50000000e-03,0.00000000e+00,0.000000,-5.42101086e-20,2.19217411e-03
1.748000,7.50000000e-03,0.00000000e+00,0.000000,-5.42101086e-20,2.19402360e-03
1.749000,7.50000000e-03,0.00000000e+00,0.000000,-1.08420217e-19,2.19585164e-03
1.750000,7.50000000e-03,0.00000000e+00,0.000000,-5.42101086e-20,2.19765954e-03
1.751000,7.50000000e-03,0.00000000e+00,0.000000,-5.42101086e-20,2.19944676e-03
1.752000,7.50000000e-03,0.00000000e+00,0.000000,-5.42101086e-20,2.20121450e-03
1.753000,7.50000000e-03,0.00000000e+00,0.000000,-5.42101086e-20,2.20296230e-03
1.754000,7.50000000e-03,0.00000000e+00,0.000000,-5.42101086e-20,2.20469122e-03
1.755000,7.50000000e-03,0.00000000e+00,0.000000,-5.42101086e-20,2.20640091e-03
1.756000,7.50000000e-03,0.00000000e+00,0.000000,-5.42101086e-20,2.20809233e-03
1.757000,7.50000000e-03,0.00000000e+00,0.000000,-5.42101086e-20,2.20976518e-03
1.758000,7.50000000e-03,0.00000000e+00,0.000000,-5.42101086e-20,2.21142033e-03
1.759000,7.50000000e-03,0.00000000e+00,0.000000,-5.42101086e-20,2.21305754e-03
1.760000,7.50000000e-03,0.00000000e+00,0.000000,-5.42101086e-20,2.21467760e-03
1.761000,7.50000000e-03,0.00000000e+00,0.000000,-5.42101086e-20,2.21628033e-03
1.762000,7.50000000e-03,0.00000000e+00,0.000000,-5.42101086e-20,2.21786645e-03
1.763000,7.50000000e-03,0.00000000e+00,0.000000,-5.42101086e-20,2.21943580e-03
1.764000,7.50000000e-03,0.00000000e+00,0.000000,-5.42101086e-20,2.22098905e-03
1.765000,7.50000000e-03,0.00000000e+00,0.000000,-5.42101086e-20,2.22252610e-03
1.766000,7.50000000e-03,0.00000000e+00,0.000000,-5.42101086e-20,2.22404753e-03
1.767000,7.50000000e-03,0.00000000e+00,0.000000,-5.42101086e-20,2.22555327e-03
1.768000,7.50000000e-03,0.00000000e+00,0.000000,-5.42101086e-20,2.22704387e-03
1.769000,7.50000000e-03,0.00000000e+00,0.000000,-5.42101086e-20,2.22851929e-03
1.770000,7.50000000e-03,0.00000000e+00,0.000000,-5.42101086e-20,2.22998001e-03
1.771000,7.50000000e-03,0.00000000e+00,0.000000,-5.42101086e-20,2.23142604e-03
1.772000,7.50000000e-03,0.00000000e+00,0.000000,-5.42101086e-20,2.23285781e-03
1.773000,7.50000000e-03,0.00000000e+00,0.000000,-5.42101086e-20,2.23427533e-03
1.774000,7.50000000e-03,0.00000000e+00,0.000000,-5.42101086e-20,2.23567902e-03
1.775000,7.50000000e-03,0.00000000e+00,0.000000,-5.42101086e-20,2.23706890e-03
1.776000,7.50000000e-03,0.00000000e+00,0.000000,-5.42101086e-20,2.23844535e-03
1.777000,7.50000000e-03,0.00000000e+00,0.000000,-5.42101086e-20,2.23980840e-03
1.778000,7.50000000e-03,0.00000000e+00,0.000000,-5.42101086e-20,2.24115842e-03
1.779000,7.50000000e-03,0.00000000e+00,0.000000,-5.42101086e-20,2.24249545e-03
1.780000,7.50000000e-03,0.00000000e+00,0.000000,-5.42101086e-20,2.24381982e-03
1.781000,7.50000000e-03,0.00000000e+00,0.000000,-5.42101086e-20,2.24513157e-03
1.782000,7.50000000e-03,0.00000000e+00,0.000000,-5.42101086e-20,2.24643103e-03
1.783000,7.50000000e-03,0.00000000e+00,0.000000,-5.42101086e-20,2.24771824e-03
1.784000,7.50000000e-03,0.00000000e+00,0.000000,-5.42101086e-20,2.24899350e-03
1.785000,7.50000000e-03,0.00000000e+00,0.000000,-5.42101086e-20,2.25025688e-03
1.786000,7.50000000e-03,0.00000000e+00,0.000000,-5.42101086e-20,2.25150863e-03
1.787000,7.50000000e-03,0.00000000e+00,0.000000,-5.42101086e-20,2.25274883e-03
1.788000,7.50000000e-03,0.00000000e+00,0.000000,-5.42101086e-20,2.25397774e-03
1.789000,7.50000000e-03,0.00000000e+00,0.000000,-5.42101086e-20,2.25519543e-03
1.790000,7.50000000e-03,0.00000000e+00,0.000000,-5.42101086e-20,2.25640213e-03
1.791000,7.50000000e-03,0.00000000e+00,0.000000,-5.42101086e-20,2.25759792e-03
1.792000,7.50000000e-03,0.00000000e+00,0.000000,-5.42101086e-20,2.25878302e-03
1.793000,7.50000000e-03,0.00000000e+00,0.000000,-5.42101086e-20,2.25995751e-03
1.794000,7.50000000e-03,0.00000000e+00,0.000000,-5.42101086e-20,2.26112161e-03
1.795000,7.50000000e-03,0.00000000e+00,0.000000,-5.42101086e-20,2.26227538e-03
1.796000,7.50000000e-03,0.00000000e+00,0.000000,-5.42101086e-20,2.26341904e-03
1.797000,7.50000000e-03,0.00000000e+00,0.000000,-5.42101086e-20,2.26455266e-03
1.798000,7.50000000e-03,0.00000000e+00,0.000000,-5.42101086e-20,2.26567642e-03
1.799000,7.50000000e-03,0.00000000e+00,0.000000,-5.42101086e-20,2.26679041e-03
1.800000,7.50000000e-03,0.00000000e+00,0.000000,-5.42101086e-20,2.26789480e-03
