# FeatFloWer certified run q2p1_dns_rundir_e4_l4_dt0p5_sync (particle_force.log, every CFD step)
# case=E4 level=L4 D/h=49.098 dt=0.0005 s; quarter-box benchSym mesh, FBM Q2/P1, serial PE HardContactAndFluid, lubrication OFF
# columns: t_s, z_center_m, gap_m (=z_center-0.0075), h_over_d (=gap/0.015), u_z_mps, F_z_N (hydrodynamic force on the sphere, full-sphere value)
0.000500,1.27500000e-01,1.20000000e-01,8.000000,0.00000000e+00,0.00000000e+00
0.001000,1.27499650e-01,1.19999650e-01,7.999977,-7.00714286e-04,9.84482713e-04
0.001500,1.27498992e-01,1.19998992e-01,7.999933,-1.31438119e-03,1.50664898e-03
0.002000,1.27498132e-01,1.19998132e-01,7.999875,-1.72021903e-03,1.33719601e-03
0.002500,1.27497105e-01,1.19997105e-01,7.999807,-2.05529620e-03,1.00263940e-03
0.003000,1.27495881e-01,1.19995881e-01,7.999725,-2.44778011e-03,9.32335647e-04
0.003500,1.27494430e-01,1.19994430e-01,7.999629,-2.90141693e-03,1.08898369e-03
0.004000,1.27492754e-01,1.19992754e-01,7.999517,-3.35274743e-03,1.23407067e-03
0.004500,1.27490871e-01,1.19990871e-01,7.999391,-3.76552664e-03,1.25261928e-03
0.005000,1.27488795e-01,1.19988795e-01,7.999253,-4.15284143e-03,1.20775238e-03
0.005500,1.27486524e-01,1.19986524e-01,7.999102,-4.54107750e-03,1.18972664e-03
0.006000,1.27484055e-01,1.19984055e-01,7.998937,-4.93827488e-03,1.21941143e-03
0.006500,1.27481387e-01,1.19981387e-01,7.998759,-5.33580751e-03,1.26058122e-03
0.007000,1.27478525e-01,1.19978525e-01,7.998568,-5.72482546e-03,1.28323059e-03
0.007500,1.27475472e-01,1.19975472e-01,7.998365,-6.10508039e-03,1.28689218e-03
0.008000,1.27472231e-01,1.19972231e-01,7.998149,-6.48129236e-03,1.28991978e-03
0.008500,1.27468803e-01,1.19968803e-01,7.997920,-6.85663537e-03,1.30369837e-03
0.009000,1.27465188e-01,1.19965188e-01,7.997679,-7.23026294e-03,1.32133340e-03
0.009500,1.27461388e-01,1.19961388e-01,7.997426,-7.60006867e-03,1.33437600e-03
0.010000,1.27457405e-01,1.19957405e-01,7.997160,-7.96582539e-03,1.34530142e-03
0.010500,1.27453241e-01,1.19953241e-01,7.996883,-8.32847439e-03,1.35483231e-03
0.011000,1.27448896e-01,1.19948896e-01,7.996593,-8.68848664e-03,1.36521654e-03
0.011500,1.27444373e-01,1.19944373e-01,7.996292,-9.04601568e-03,1.37568811e-03
0.012000,1.27439673e-01,1.19939673e-01,7.995978,-9.40091366e-03,1.38579181e-03
0.012500,1.27434796e-01,1.19934796e-01,7.995653,-9.75319877e-03,1.39706504e-03
0.013000,1.27429745e-01,1.19929745e-01,7.995316,-1.01028280e-02,1.40800690e-03
0.013500,1.27424520e-01,1.19924520e-01,7.994968,-1.04496386e-02,1.41709694e-03
0.014000,1.27419123e-01,1.19919123e-01,7.994608,-1.07938488e-02,1.42522340e-03
0.014500,1.27413555e-01,1.19913555e-01,7.994237,-1.11358477e-02,1.43378249e-03
0.015000,1.27407817e-01,1.19907817e-01,7.993854,-1.14757554e-02,1.44278635e-03
0.015500,1.27401911e-01,1.19901911e-01,7.993461,-1.18134616e-02,1.45073147e-03
0.016000,1.27395836e-01,1.19895836e-01,7.993056,-1.21489867e-02,1.45697354e-03
0.016500,1.27389595e-01,1.19889595e-01,7.992640,-1.24826553e-02,1.46478284e-03
0.017000,1.27383188e-01,1.19883188e-01,7.992213,-1.28146084e-02,1.47331706e-03
0.017500,1.27376615e-01,1.19876615e-01,7.991774,-1.31445246e-02,1.48363199e-03
0.018000,1.27369879e-01,1.19869879e-01,7.991325,-1.34721273e-02,1.49543473e-03
0.018500,1.27362981e-01,1.19862981e-01,7.990865,-1.37969927e-02,1.50099133e-03
0.019000,1.27355921e-01,1.19855921e-01,7.990395,-1.41194286e-02,1.50710822e-03
0.019500,1.27348701e-01,1.19848701e-01,7.989913,-1.44404113e-02,1.51238817e-03
0.020000,1.27341321e-01,1.19841321e-01,7.989421,-1.47599226e-02,1.51916017e-03
0.020500,1.27333782e-01,1.19833782e-01,7.988919,-1.50779682e-02,1.52601986e-03
0.021000,1.27326085e-01,1.19826085e-01,7.988406,-1.53942952e-02,1.53566498e-03
0.021500,1.27318230e-01,1.19818230e-01,7.987882,-1.57086431e-02,1.54549124e-03
0.022000,1.27310220e-01,1.19810220e-01,7.987348,-1.60205382e-02,1.55161656e-03
0.022500,1.27302055e-01,1.19802055e-01,7.986804,-1.63302783e-02,1.55764996e-03
0.023000,1.27293736e-01,1.19793736e-01,7.986249,-1.66384790e-02,1.56605516e-03
0.023500,1.27285263e-01,1.19785263e-01,7.985684,-1.69449459e-02,1.57187391e-03
0.024000,1.27276639e-01,1.19776639e-01,7.985109,-1.72495180e-02,1.57743282e-03
0.024500,1.27267862e-01,1.19767862e-01,7.984524,-1.75526431e-02,1.58779526e-03
0.025000,1.27258935e-01,1.19758935e-01,7.983929,-1.78539392e-02,1.59440251e-03
0.025500,1.27249859e-01,1.19749859e-01,7.983324,-1.81529495e-02,1.59870585e-03
0.026000,1.27240634e-01,1.19740634e-01,7.982709,-1.84504944e-02,1.60646615e-03
0.026500,1.27231260e-01,1.19731260e-01,7.982084,-1.87466464e-02,1.61330133e-03
0.027000,1.27221740e-01,1.19721740e-01,7.981449,-1.90409198e-02,1.61613376e-03
0.027500,1.27212073e-01,1.19712073e-01,7.980805,-1.93338203e-02,1.62021392e-03
0.028000,1.27202260e-01,1.19702260e-01,7.980151,-1.96258950e-02,1.62420348e-03
0.028500,1.27192301e-01,1.19692301e-01,7.979487,-1.99169469e-02,1.62346547e-03
0.029000,1.27182198e-01,1.19682198e-01,7.978813,-2.02074090e-02,1.62767492e-03
0.029500,1.27171949e-01,1.19671949e-01,7.978130,-2.04976200e-02,1.63431407e-03
0.030000,1.27161556e-01,1.19661556e-01,7.977437,-2.07865528e-02,1.63980870e-03
0.030500,1.27151019e-01,1.19651019e-01,7.976735,-2.10739096e-02,1.64906174e-03
0.031000,1.27140339e-01,1.19640339e-01,7.976023,-2.13595459e-02,1.64919925e-03
0.031500,1.27129517e-01,1.19629517e-01,7.975301,-2.16436507e-02,1.65480997e-03
0.032000,1.27118553e-01,1.19618553e-01,7.974570,-2.19272368e-02,1.65666777e-03
0.032500,1.27107449e-01,1.19607449e-01,7.973830,-2.22097373e-02,1.65966347e-03
0.033000,1.27096203e-01,1.19596203e-01,7.973080,-2.24916679e-02,1.67371751e-03
0.033500,1.27084817e-01,1.19584817e-01,7.972321,-2.27718639e-02,1.68021863e-03
0.034000,1.27073292e-01,1.19573292e-01,7.971553,-2.30491773e-02,1.68306525e-03
0.034500,1.27061630e-01,1.19561630e-01,7.970775,-2.33251715e-02,1.67990960e-03
0.035000,1.27049829e-01,1.19549829e-01,7.969989,-2.36009773e-02,1.68986000e-03
0.035500,1.27037891e-01,1.19537891e-01,7.969193,-2.38764214e-02,1.70028102e-03
0.036000,1.27025816e-01,1.19525816e-01,7.968388,-2.41493102e-02,1.70861356e-03
0.036500,1.27013606e-01,1.19513606e-01,7.967574,-2.44197510e-02,1.71066015e-03
0.037000,1.27001262e-01,1.19501262e-01,7.966751,-2.46886426e-02,1.71260218e-03
0.037500,1.26988784e-01,1.19488784e-01,7.965919,-2.49570264e-02,1.72186034e-03
0.038000,1.26976171e-01,1.19476171e-01,7.965078,-2.52242727e-02,1.73148950e-03
0.038500,1.26963427e-01,1.19463427e-01,7.964228,-2.54891474e-02,1.73157846e-03
0.039000,1.26950551e-01,1.19450551e-01,7.963370,-2.57524330e-02,1.73799790e-03
0.039500,1.26937543e-01,1.19437543e-01,7.962503,-2.60151364e-02,1.73885945e-03
0.040000,1.26924405e-01,1.19424405e-01,7.961627,-2.62767095e-02,1.73688427e-03
0.040500,1.26911136e-01,1.19411136e-01,7.960742,-2.65383157e-02,1.73465641e-03
0.041000,1.26897735e-01,1.19397735e-01,7.959849,-2.68004433e-02,1.73743210e-03
0.041500,1.26884204e-01,1.19384204e-01,7.958947,-2.70626913e-02,1.73960361e-03
0.042000,1.26870542e-01,1.19370542e-01,7.958036,-2.73242915e-02,1.75402856e-03
0.042500,1.26856750e-01,1.19356750e-01,7.957117,-2.75842597e-02,1.75561695e-03
0.043000,1.26842829e-01,1.19342829e-01,7.956189,-2.78417188e-02,1.75160921e-03
0.043500,1.26828779e-01,1.19328779e-01,7.955252,-2.80992714e-02,1.75087248e-03
0.044000,1.26814600e-01,1.19314600e-01,7.954307,-2.83575472e-02,1.76666776e-03
0.044500,1.26800293e-01,1.19300293e-01,7.953353,-2.86145474e-02,1.77500431e-03
0.045000,1.26785859e-01,1.19285859e-01,7.952391,-2.88682168e-02,1.77068183e-03
0.045500,1.26771299e-01,1.19271299e-01,7.951420,-2.91208994e-02,1.77320347e-03
0.046000,1.26756612e-01,1.19256612e-01,7.950441,-2.93740689e-02,1.78377761e-03
0.046500,1.26741799e-01,1.19241799e-01,7.949453,-2.96258893e-02,1.79333809e-03
0.047000,1.26726861e-01,1.19226861e-01,7.948457,-2.98751281e-02,1.79765777e-03
0.047500,1.26711800e-01,1.19211800e-01,7.947453,-3.01224150e-02,1.80165828e-03
0.048000,1.26696616e-01,1.19196616e-01,7.946441,-3.03686389e-02,1.80870801e-03
0.048500,1.26681309e-01,1.19181309e-01,7.945421,-3.06135825e-02,1.81130935e-03
0.049000,1.26665880e-01,1.19165880e-01,7.944392,-3.08571385e-02,1.81482910e-03
0.049500,1.26650330e-01,1.19150330e-01,7.943355,-3.10999561e-02,1.81319926e-03
0.050000,1.26634659e-01,1.19134659e-01,7.942311,-3.13423399e-02,1.80790582e-03
0.050500,1.26618866e-01,1.19118866e-01,7.941258,-3.15854593e-02,1.80656228e-03
0.051000,1.26602952e-01,1.19102952e-01,7.940197,-3.18295667e-02,1.80880028e-03
0.051500,1.26586915e-01,1.19086915e-01,7.939128,-3.20736969e-02,1.82021430e-03
0.052000,1.26570756e-01,1.19070756e-01,7.938050,-3.23164504e-02,1.82099330e-03
0.052500,1.26554478e-01,1.19054478e-01,7.936965,-3.25572607e-02,1.81700695e-03
0.053000,1.26538079e-01,1.19038079e-01,7.935872,-3.27982956e-02,1.82912769e-03
0.053500,1.26521559e-01,1.19021559e-01,7.934771,-3.30389133e-02,1.83621938e-03
0.054000,1.26504921e-01,1.19004921e-01,7.933661,-3.32769137e-02,1.83093114e-03
0.054500,1.26488164e-01,1.18988164e-01,7.932544,-3.35142172e-02,1.84118580e-03
0.055000,1.26471288e-01,1.18971288e-01,7.931419,-3.37514823e-02,1.85163556e-03
0.055500,1.26454295e-01,1.18954295e-01,7.930286,-3.39861396e-02,1.85430779e-03
0.056000,1.26437185e-01,1.18937185e-01,7.929146,-3.42188447e-02,1.85971737e-03
0.056500,1.26419960e-01,1.18919960e-01,7.927997,-3.44506326e-02,1.86733579e-03
0.057000,1.26402620e-01,1.18902620e-01,7.926841,-3.46808587e-02,1.86732329e-03
0.057500,1.26385165e-01,1.18885165e-01,7.925678,-3.49098348e-02,1.87342758e-03
0.058000,1.26367596e-01,1.18867596e-01,7.924506,-3.51382733e-02,1.86693261e-03
0.058500,1.26349913e-01,1.18849913e-01,7.923328,-3.53662837e-02,1.85587622e-03
0.059000,1.26332114e-01,1.18832114e-01,7.922141,-3.55963382e-02,1.85546067e-03
0.059500,1.26314200e-01,1.18814200e-01,7.920947,-3.58282450e-02,1.87078680e-03
0.060000,1.26296171e-01,1.18796171e-01,7.919745,-3.60588648e-02,1.87541296e-03
0.060500,1.26278028e-01,1.18778028e-01,7.918535,-3.62865590e-02,1.86757787e-03
0.061000,1.26259770e-01,1.18759770e-01,7.917318,-3.65141863e-02,1.87597672e-03
0.061500,1.26241399e-01,1.18741399e-01,7.916093,-3.67423576e-02,1.88221236e-03
0.062000,1.26222915e-01,1.18722915e-01,7.914861,-3.69685984e-02,1.87790529e-03
0.062500,1.26204318e-01,1.18704318e-01,7.913621,-3.71941960e-02,1.88661217e-03
0.063000,1.26185608e-01,1.18685608e-01,7.912374,-3.74197311e-02,1.89902301e-03
0.063500,1.26166787e-01,1.18666787e-01,7.911119,-3.76427390e-02,1.90527617e-03
0.064000,1.26147855e-01,1.18647855e-01,7.909857,-3.78631561e-02,1.91054744e-03
0.064500,1.26128814e-01,1.18628814e-01,7.908588,-3.80820803e-02,1.91793053e-03
0.065000,1.26109664e-01,1.18609664e-01,7.907311,-3.82994861e-02,1.91655044e-03
0.065500,1.26090406e-01,1.18590406e-01,7.906027,-3.85158016e-02,1.91081313e-03
0.066000,1.26071040e-01,1.18571040e-01,7.904736,-3.87328510e-02,1.89742022e-03
0.066500,1.26051564e-01,1.18551564e-01,7.903438,-3.89520267e-02,1.90059711e-03
0.067000,1.26031977e-01,1.18531977e-01,7.902132,-3.91731207e-02,1.90951083e-03
0.067500,1.26012281e-01,1.18512281e-01,7.900819,-3.93929049e-02,1.91282140e-03
0.068000,1.25992475e-01,1.18492475e-01,7.899498,-3.96109327e-02,1.91130029e-03
0.068500,1.25972561e-01,1.18472561e-01,7.898171,-3.98285513e-02,1.91840873e-03
0.069000,1.25952538e-01,1.18452538e-01,7.896836,-4.00457912e-02,1.91875365e-03
0.069500,1.25932407e-01,1.18432407e-01,7.895494,-4.02618334e-02,1.92997211e-03
0.070000,1.25912169e-01,1.18412169e-01,7.894145,-4.04768270e-02,1.94025830e-03
0.070500,1.25891824e-01,1.18391824e-01,7.892788,-4.06890689e-02,1.93829845e-03
0.071000,1.25871374e-01,1.18371374e-01,7.891425,-4.08997951e-02,1.94401180e-03
0.071500,1.25850819e-01,1.18350819e-01,7.890055,-4.11103378e-02,1.95621342e-03
0.072000,1.25830160e-01,1.18330160e-01,7.888677,-4.13188636e-02,1.95817922e-03
0.072500,1.25809397e-01,1.18309397e-01,7.887293,-4.15252120e-02,1.94358475e-03
0.073000,1.25788531e-01,1.18288531e-01,7.885902,-4.17325280e-02,1.93467880e-03
0.073500,1.25767560e-01,1.18267560e-01,7.884504,-4.19430279e-02,1.93154493e-03
0.074000,1.25746482e-01,1.18246482e-01,7.883099,-4.21552674e-02,1.94868093e-03
0.074500,1.25725299e-01,1.18225299e-01,7.881687,-4.23665063e-02,1.94614529e-03
0.075000,1.25704011e-01,1.18204011e-01,7.880267,-4.25751556e-02,1.95232435e-03
0.075500,1.25682619e-01,1.18182619e-01,7.878841,-4.27836749e-02,1.95277122e-03
0.076000,1.25661124e-01,1.18161124e-01,7.877408,-4.29911400e-02,1.95113503e-03
0.076500,1.25639524e-01,1.18139524e-01,7.875968,-4.31986765e-02,1.96168924e-03
0.077000,1.25617822e-01,1.18117822e-01,7.874521,-4.34055484e-02,1.97394817e-03
0.077500,1.25596017e-01,1.18096017e-01,7.873068,-4.36096033e-02,1.98201817e-03
0.078000,1.25574111e-01,1.18074111e-01,7.871607,-4.38109316e-02,1.98922032e-03
0.078500,1.25552106e-01,1.18052106e-01,7.870140,-4.40102980e-02,1.98777374e-03
0.079000,1.25530002e-01,1.18030002e-01,7.868667,-4.42086097e-02,1.97073306e-03
0.079500,1.25507797e-01,1.18007797e-01,7.867186,-4.44086656e-02,1.96305676e-03
0.080000,1.25485491e-01,1.17985491e-01,7.865699,-4.46121984e-02,1.96743739e-03
0.080500,1.25463083e-01,1.17963083e-01,7.864206,-4.48166044e-02,1.97795926e-03
0.081000,1.25440573e-01,1.17940573e-01,7.862705,-4.50193608e-02,1.97006868e-03
0.081500,1.25417963e-01,1.17917963e-01,7.861198,-4.52210870e-02,1.98309107e-03
0.082000,1.25395251e-01,1.17895251e-01,7.859683,-4.54229576e-02,1.98044425e-03
0.082500,1.25372440e-01,1.17872440e-01,7.858163,-4.56229237e-02,1.99236564e-03
0.083000,1.25349529e-01,1.17849529e-01,7.856635,-4.58222705e-02,2.00442298e-03
0.083500,1.25326519e-01,1.17826519e-01,7.855101,-4.60185935e-02,2.00853713e-03
0.084000,1.25303413e-01,1.17803413e-01,7.853561,-4.62125729e-02,2.01295853e-03
0.084500,1.25280210e-01,1.17780210e-01,7.852014,-4.64054857e-02,2.01404047e-03
0.085000,1.25256912e-01,1.17756912e-01,7.850461,-4.65975769e-02,2.00714562e-03
0.085500,1.25233517e-01,1.17733517e-01,7.848901,-4.67901000e-02,1.99306911e-03
0.086000,1.25210024e-01,1.17710024e-01,7.847335,-4.69850000e-02,1.98891719e-03
0.086500,1.25186433e-01,1.17686433e-01,7.845762,-4.71825785e-02,2.00288793e-03
0.087000,1.25162743e-01,1.17662743e-01,7.844183,-4.73796036e-02,1.99533508e-03
0.087500,1.25138956e-01,1.17638956e-01,7.842597,-4.75750023e-02,2.00876858e-03
0.088000,1.25115070e-01,1.17615070e-01,7.841005,-4.77704535e-02,2.00403270e-03
0.088500,1.25091088e-01,1.17591088e-01,7.839406,-4.79641176e-02,2.01806205e-03
0.089000,1.25067010e-01,1.17567010e-01,7.837801,-4.81573188e-02,2.02531304e-03
0.089500,1.25042836e-01,1.17542836e-01,7.836189,-4.83475752e-02,2.03403627e-03
0.090000,1.25018568e-01,1.17518568e-01,7.834571,-4.85358697e-02,2.04480784e-03
0.090500,1.24994207e-01,1.17494207e-01,7.832947,-4.87217793e-02,2.04221053e-03
0.091000,1.24969754e-01,1.17469754e-01,7.831317,-4.89061498e-02,2.02042932e-03
0.091500,1.24945207e-01,1.17445207e-01,7.829680,-4.90928726e-02,2.01172641e-03
0.092000,1.24920565e-01,1.17420565e-01,7.828038,-4.92839416e-02,2.01842563e-03
0.092500,1.24895828e-01,1.17395828e-01,7.826389,-4.94758474e-02,2.02344429e-03
0.093000,1.24870994e-01,1.17370994e-01,7.824733,-4.96662093e-02,2.03411328e-03
0.093500,1.24846067e-01,1.17346067e-01,7.823071,-4.98548038e-02,2.03234228e-03
0.094000,1.24821046e-01,1.17321046e-01,7.821403,-5.00418030e-02,2.03872510e-03
0.094500,1.24795932e-01,1.17295932e-01,7.819729,-5.02285286e-02,2.04839137e-03
0.095000,1.24770725e-01,1.17270725e-01,7.818048,-5.04133514e-02,2.05543230e-03
0.095500,1.24745427e-01,1.17245427e-01,7.816362,-5.05959644e-02,2.06415375e-03
0.096000,1.24720039e-01,1.17220039e-01,7.814669,-5.07766500e-02,2.06386911e-03
0.096500,1.24694561e-01,1.17194561e-01,7.812971,-5.09559287e-02,2.04316878e-03
0.097000,1.24668992e-01,1.17168992e-01,7.811266,-5.11370845e-02,2.03285667e-03
0.097500,1.24643331e-01,1.17143331e-01,7.809555,-5.13225512e-02,2.04217534e-03
0.098000,1.24617577e-01,1.17117577e-01,7.807838,-5.15088873e-02,2.04848057e-03
0.098500,1.24591730e-01,1.17091730e-01,7.806115,-5.16931356e-02,2.05371912e-03
0.099000,1.24565792e-01,1.17065792e-01,7.804386,-5.18758854e-02,2.05068570e-03
0.099500,1.24539763e-01,1.17039763e-01,7.802651,-5.20580433e-02,2.05415006e-03
0.100000,1.24513643e-01,1.17013643e-01,7.800910,-5.22403929e-02,2.06603006e-03
0.100500,1.24487432e-01,1.16987432e-01,7.799162,-5.24211232e-02,2.07873691e-03
0.101000,1.24461133e-01,1.16961133e-01,7.797409,-5.25987792e-02,2.09205911e-03
0.101500,1.24434746e-01,1.16934746e-01,7.795650,-5.27731707e-02,2.08203839e-03
0.102000,1.24408273e-01,1.16908273e-01,7.793885,-5.29462606e-02,2.05947992e-03
0.102500,1.24381712e-01,1.16881712e-01,7.792114,-5.31229906e-02,2.05063879e-03
0.103000,1.24355060e-01,1.16855060e-01,7.790337,-5.33042066e-02,2.06350896e-03
0.103500,1.24328317e-01,1.16828317e-01,7.788554,-5.34857364e-02,2.06287199e-03
0.104000,1.24301484e-01,1.16801484e-01,7.786766,-5.36652091e-02,2.07753126e-03
0.104500,1.24274562e-01,1.16774562e-01,7.784971,-5.38434903e-02,2.07664807e-03
0.105000,1.24247553e-01,1.16747553e-01,7.783170,-5.40194424e-02,2.08547605e-03
0.105500,1.24220455e-01,1.16720455e-01,7.781364,-5.41947590e-02,2.08904290e-03
0.106000,1.24193271e-01,1.16693271e-01,7.779551,-5.43683106e-02,2.10561859e-03
0.106500,1.24166001e-01,1.16666001e-01,7.777733,-5.45398108e-02,2.10469212e-03
0.107000,1.24138647e-01,1.16638647e-01,7.775910,-5.47086711e-02,2.08648781e-03
0.107500,1.24111207e-01,1.16611207e-01,7.774080,-5.48792932e-02,2.07220830e-03
0.108000,1.24083680e-01,1.16583680e-01,7.772245,-5.50541671e-02,2.08041472e-03
0.108500,1.24056065e-01,1.16556065e-01,7.770404,-5.52306603e-02,2.07995276e-03
0.109000,1.24028362e-01,1.16528362e-01,7.768557,-5.54058467e-02,2.09097687e-03
0.109500,1.24000572e-01,1.16500572e-01,7.766705,-5.55801342e-02,2.08751441e-03
0.110000,1.23972695e-01,1.16472695e-01,7.764846,-5.57529177e-02,2.09769295e-03
0.110500,1.23944733e-01,1.16444733e-01,7.762982,-5.59253697e-02,2.11125490e-03
0.111000,1.23916685e-01,1.16416685e-01,7.761112,-5.60949512e-02,2.12407259e-03
0.111500,1.23888555e-01,1.16388555e-01,7.759237,-5.62611724e-02,2.12501526e-03
0.112000,1.23860342e-01,1.16360342e-01,7.757356,-5.64252055e-02,2.10375335e-03
0.112500,1.23832047e-01,1.16332047e-01,7.755470,-5.65909637e-02,2.08809168e-03
0.113000,1.23803666e-01,1.16303666e-01,7.753578,-5.67615981e-02,2.09539772e-03
0.113500,1.23775199e-01,1.16275199e-01,7.751680,-5.69341583e-02,2.09233702e-03
0.114000,1.23746646e-01,1.16246646e-01,7.749776,-5.71057894e-02,2.11342036e-03
0.114500,1.23718008e-01,1.16218008e-01,7.747867,-5.72760589e-02,2.11440080e-03
0.115000,1.23689286e-01,1.16189286e-01,7.745952,-5.74427797e-02,2.12470453e-03
0.115500,1.23660482e-01,1.16160482e-01,7.744032,-5.76084284e-02,2.12819317e-03
0.116000,1.23631596e-01,1.16131596e-01,7.742106,-5.77720767e-02,2.14063668e-03
0.116500,1.23602629e-01,1.16102629e-01,7.740175,-5.79340519e-02,2.13836060e-03
0.117000,1.23573582e-01,1.16073582e-01,7.738239,-5.80941851e-02,2.11194299e-03
0.117500,1.23544454e-01,1.16044454e-01,7.736297,-5.82570278e-02,2.09962912e-03
0.118000,1.23515241e-01,1.16015241e-01,7.734349,-5.84252973e-02,2.11302017e-03
0.118500,1.23485944e-01,1.15985944e-01,7.732396,-5.85944047e-02,2.11924668e-03
0.119000,1.23456563e-01,1.15956563e-01,7.730438,-5.87607627e-02,2.12496619e-03
0.119500,1.23427101e-01,1.15927101e-01,7.728473,-5.89255926e-02,2.12463499e-03
0.120000,1.23397556e-01,1.15897556e-01,7.726504,-5.90895126e-02,2.13860415e-03
0.120500,1.23367930e-01,1.15867930e-01,7.724529,-5.92522518e-02,2.15334443e-03
0.121000,1.23338224e-01,1.15838224e-01,7.722548,-5.94113938e-02,2.16427057e-03
0.121500,1.23308440e-01,1.15808440e-01,7.720563,-5.95671493e-02,2.14015123e-03
0.122000,1.23278579e-01,1.15778579e-01,7.718572,-5.97232433e-02,2.11966203e-03
0.122500,1.23248636e-01,1.15748636e-01,7.716576,-5.98851094e-02,2.12116804e-03
0.123000,1.23218611e-01,1.15718611e-01,7.714574,-6.00502069e-02,2.12094707e-03
0.123500,1.23188504e-01,1.15688504e-01,7.712567,-6.02150766e-02,2.14506604e-03
0.124000,1.23158315e-01,1.15658315e-01,7.710554,-6.03778501e-02,2.14805929e-03
0.124500,1.23128046e-01,1.15628046e-01,7.708536,-6.05363983e-02,2.15723889e-03
0.125000,1.23097700e-01,1.15597700e-01,7.706513,-6.06936434e-02,2.15963447e-03
0.125500,1.23067275e-01,1.15567275e-01,7.704485,-6.08491693e-02,2.17031053e-03
0.126000,1.23036773e-01,1.15536773e-01,7.702452,-6.10033579e-02,2.16076721e-03
0.126500,1.23006195e-01,1.15506195e-01,7.700413,-6.11566372e-02,2.14078912e-03
0.127000,1.22975538e-01,1.15475538e-01,7.698369,-6.13132500e-02,2.13584773e-03
0.127500,1.22944802e-01,1.15444802e-01,7.696320,-6.14735803e-02,2.13751075e-03
0.128000,1.22913984e-01,1.15413984e-01,7.694266,-6.16345750e-02,2.15473525e-03
0.128500,1.22883087e-01,1.15383087e-01,7.692206,-6.17937736e-02,2.15125550e-03
0.129000,1.22852112e-01,1.15352112e-01,7.690141,-6.19504515e-02,2.16420050e-03
0.129500,1.22821059e-01,1.15321059e-01,7.688071,-6.21065562e-02,2.17660361e-03
0.130000,1.22789929e-01,1.15289929e-01,7.685995,-6.22594385e-02,2.19109343e-03
0.130500,1.22758725e-01,1.15258725e-01,7.683915,-6.24090030e-02,2.17750020e-03
0.131000,1.22727446e-01,1.15227446e-01,7.681830,-6.25573901e-02,2.14993515e-03
0.131500,1.22696091e-01,1.15196091e-01,7.679739,-6.27104465e-02,2.14541200e-03
0.132000,1.22664657e-01,1.15164657e-01,7.677644,-6.28684293e-02,2.14719501e-03
0.132500,1.22633143e-01,1.15133143e-01,7.675543,-6.30269972e-02,2.17197368e-03
0.133000,1.22601552e-01,1.15101552e-01,7.673437,-6.31830814e-02,2.17665254e-03
0.133500,1.22569884e-01,1.15069884e-01,7.671326,-6.33346830e-02,2.18296799e-03
0.134000,1.22538142e-01,1.15038142e-01,7.669209,-6.34849579e-02,2.18829455e-03
0.134500,1.22506325e-01,1.15006325e-01,7.667088,-6.36337248e-02,2.20052519e-03
0.135000,1.22474435e-01,1.14974435e-01,7.664962,-6.37805356e-02,2.18350240e-03
0.135500,1.22442471e-01,1.14942471e-01,7.662831,-6.39268432e-02,2.15807430e-03
0.136000,1.22410432e-01,1.14910432e-01,7.660695,-6.40781944e-02,2.16426655e-03
0.136500,1.22378315e-01,1.14878315e-01,7.658554,-6.42331735e-02,2.16635182e-03
0.137000,1.22346122e-01,1.14846122e-01,7.656408,-6.43869515e-02,2.18057644e-03
0.137500,1.22313852e-01,1.14813852e-01,7.654257,-6.45391293e-02,2.18786313e-03
0.138000,1.22281508e-01,1.14781508e-01,7.652101,-6.46883271e-02,2.19660306e-03
0.138500,1.22249090e-01,1.14749090e-01,7.649939,-6.48355555e-02,2.20767506e-03
0.139000,1.22216600e-01,1.14716600e-01,7.647773,-6.49803698e-02,2.21333609e-03
0.139500,1.22184039e-01,1.14684039e-01,7.645603,-6.51228655e-02,2.18523886e-03
0.140000,1.22151405e-01,1.14651405e-01,7.643427,-6.52669159e-02,2.17334086e-03
0.140500,1.22118697e-01,1.14618697e-01,7.641246,-6.54166321e-02,2.17123522e-03
0.141000,1.22085913e-01,1.14585913e-01,7.639061,-6.55684882e-02,2.18777882e-03
0.141500,1.22053053e-01,1.14553053e-01,7.636870,-6.57192273e-02,2.19672234e-03
0.142000,1.22020120e-01,1.14520120e-01,7.634675,-6.58664590e-02,2.21290940e-03
0.142500,1.21987115e-01,1.14487115e-01,7.632474,-6.60107909e-02,2.21354618e-03
0.143000,1.21954038e-01,1.14454038e-01,7.630269,-6.61524085e-02,2.22233047e-03
0.143500,1.21920892e-01,1.14420892e-01,7.628059,-6.62931447e-02,2.20954668e-03
0.144000,1.21887675e-01,1.14387675e-01,7.625845,-6.64335689e-02,2.18321974e-03
0.144500,1.21854386e-01,1.14354386e-01,7.623626,-6.65784201e-02,2.18839924e-03
0.145000,1.21821022e-01,1.14321022e-01,7.621401,-6.67271364e-02,2.19043706e-03
0.145500,1.21787585e-01,1.14287585e-01,7.619172,-6.68748220e-02,2.20165298e-03
0.146000,1.21754074e-01,1.14254074e-01,7.616938,-6.70211813e-02,2.21035672e-03
0.146500,1.21720492e-01,1.14220492e-01,7.614699,-6.71649292e-02,2.22000520e-03
0.147000,1.21686839e-01,1.14186839e-01,7.612456,-6.73063948e-02,2.24356585e-03
0.147500,1.21653117e-01,1.14153117e-01,7.610208,-6.74441929e-02,2.23216067e-03
0.148000,1.21619327e-01,1.14119327e-01,7.607955,-6.75791305e-02,2.20054890e-03
0.148500,1.21585468e-01,1.14085468e-01,7.605698,-6.77187361e-02,2.19130576e-03
0.149000,1.21551535e-01,1.14051535e-01,7.603436,-6.78643498e-02,2.19155937e-03
0.149500,1.21517530e-01,1.14017530e-01,7.601169,-6.80114589e-02,2.21917679e-03
0.150000,1.21483452e-01,1.13983452e-01,7.598897,-6.81560845e-02,2.22858748e-03
0.150500,1.21449304e-01,1.13949304e-01,7.596620,-6.82953429e-02,2.23076573e-03
0.151000,1.21415088e-01,1.13915088e-01,7.594339,-6.84328635e-02,2.24579554e-03
0.151500,1.21380803e-01,1.13880803e-01,7.592054,-6.85686974e-02,2.24637625e-03
0.152000,1.21346452e-01,1.13846452e-01,7.589763,-6.87020120e-02,2.21849115e-03
0.152500,1.21312033e-01,1.13812033e-01,7.587469,-6.88376968e-02,2.20441630e-03
0.153000,1.21277544e-01,1.13777544e-01,7.585170,-6.89792051e-02,2.20289946e-03
0.153500,1.21242982e-01,1.13742982e-01,7.582865,-6.91231586e-02,2.22578422e-03
0.154000,1.21208349e-01,1.13708349e-01,7.580557,-6.92653378e-02,2.23234302e-03
0.154500,1.21173648e-01,1.13673648e-01,7.578243,-6.94031792e-02,2.23849318e-03
0.155000,1.21138878e-01,1.13638878e-01,7.575925,-6.95393998e-02,2.25504768e-03
0.155500,1.21104042e-01,1.13604042e-01,7.573603,-6.96731468e-02,2.26025263e-03
0.156000,1.21069140e-01,1.13569140e-01,7.571276,-6.98037152e-02,2.23028503e-03
0.156500,1.21034172e-01,1.13534172e-01,7.568945,-6.99360786e-02,2.21330722e-03
0.157000,1.20999134e-01,1.13499134e-01,7.566609,-7.00748640e-02,2.20987267e-03
0.157500,1.20964026e-01,1.13464026e-01,7.564268,-7.02167411e-02,2.23664920e-03
0.158000,1.20928848e-01,1.13428848e-01,7.561923,-7.03568145e-02,2.25042374e-03
0.158500,1.20893602e-01,1.13393602e-01,7.559573,-7.04912731e-02,2.25274628e-03
0.159000,1.20858290e-01,1.13358290e-01,7.557219,-7.06232645e-02,2.26920777e-03
0.159500,1.20822914e-01,1.13322914e-01,7.554861,-7.07534190e-02,2.26317673e-03
0.160000,1.20787473e-01,1.13287473e-01,7.552498,-7.08814036e-02,2.23634786e-03
0.160500,1.20751966e-01,1.13251966e-01,7.550131,-7.10127508e-02,2.22336768e-03
0.161000,1.20716392e-01,1.13216392e-01,7.547759,-7.11496512e-02,2.22318911e-03
0.161500,1.20680747e-01,1.13180747e-01,7.545383,-7.12886988e-02,2.24466853e-03
0.162000,1.20645034e-01,1.13145034e-01,7.543002,-7.14258765e-02,2.25583831e-03
0.162500,1.20609255e-01,1.13109255e-01,7.540617,-7.15585395e-02,2.26342591e-03
0.163000,1.20573411e-01,1.13073411e-01,7.538227,-7.16886975e-02,2.28467556e-03
0.163500,1.20537503e-01,1.13037503e-01,7.535834,-7.18157306e-02,2.27418439e-03
0.164000,1.20501533e-01,1.13001533e-01,7.533436,-7.19402021e-02,2.23839330e-03
0.164500,1.20465498e-01,1.12965498e-01,7.531033,-7.20695608e-02,2.23312020e-03
0.165000,1.20429395e-01,1.12929395e-01,7.528626,-7.22052630e-02,2.24260739e-03
0.165500,1.20393225e-01,1.12893225e-01,7.526215,-7.23409922e-02,2.24813416e-03
0.166000,1.20356988e-01,1.12856988e-01,7.523799,-7.24746749e-02,2.27688688e-03
0.166500,1.20320685e-01,1.12820685e-01,7.521379,-7.26049077e-02,2.28401977e-03
0.167000,1.20284320e-01,1.12784320e-01,7.518955,-7.27297885e-02,2.29247181e-03
0.167500,1.20247894e-01,1.12747894e-01,7.516526,-7.28527506e-02,2.26513300e-03
0.168000,1.20211405e-01,1.12711405e-01,7.514094,-7.29767422e-02,2.23920799e-03
0.168500,1.20174852e-01,1.12674852e-01,7.511657,-7.31075152e-02,2.24578853e-03
0.169000,1.20138231e-01,1.12638231e-01,7.509215,-7.32419635e-02,2.26208458e-03
0.169500,1.20101544e-01,1.12601544e-01,7.506770,-7.33738903e-02,2.26439621e-03
0.170000,1.20064792e-01,1.12564792e-01,7.504319,-7.35029368e-02,2.28154394e-03
0.170500,1.20027977e-01,1.12527977e-01,7.501865,-7.36300875e-02,2.29804072e-03
0.171000,1.19991101e-01,1.12491101e-01,7.499407,-7.37529638e-02,2.29702643e-03
0.171500,1.19954164e-01,1.12454164e-01,7.496944,-7.38732209e-02,2.26684771e-03
0.172000,1.19917166e-01,1.12417166e-01,7.494478,-7.39963129e-02,2.24936223e-03
0.172500,1.19880103e-01,1.12380103e-01,7.492007,-7.41259065e-02,2.25291760e-03
0.173000,1.19842974e-01,1.12342974e-01,7.489532,-7.42580571e-02,2.26977991e-03
0.173500,1.19805780e-01,1.12305780e-01,7.487052,-7.43881328e-02,2.29600113e-03
0.174000,1.19768523e-01,1.12268523e-01,7.484568,-7.45131212e-02,2.30070167e-03
0.174500,1.19731207e-01,1.12231207e-01,7.482080,-7.46333882e-02,2.30908764e-03
0.175000,1.19693831e-01,1.12193831e-01,7.479589,-7.47521419e-02,2.28315975e-03
0.175500,1.19656395e-01,1.12156395e-01,7.477093,-7.48718111e-02,2.25883749e-03
0.176000,1.19618896e-01,1.12118896e-01,7.474593,-7.49978884e-02,2.26519545e-03
0.176500,1.19581332e-01,1.12081332e-01,7.472089,-7.51273974e-02,2.28076955e-03
0.177000,1.19543705e-01,1.12043705e-01,7.469580,-7.52544853e-02,2.28419507e-03
0.177500,1.19506015e-01,1.12006015e-01,7.467068,-7.53787130e-02,2.29847583e-03
0.178000,1.19468265e-01,1.11968265e-01,7.464551,-7.55011155e-02,2.31961394e-03
0.178500,1.19430455e-01,1.11930455e-01,7.462030,-7.56193040e-02,2.31237962e-03
0.179000,1.19392588e-01,1.11892588e-01,7.459506,-7.57346610e-02,2.27889647e-03
0.179500,1.19354661e-01,1.11854661e-01,7.456977,-7.58541666e-02,2.26926674e-03
0.180000,1.19316671e-01,1.11816671e-01,7.454445,-7.59800218e-02,2.27820231e-03
0.180500,1.19278617e-01,1.11778617e-01,7.451908,-7.61066682e-02,2.28491563e-03
0.181000,1.19240502e-01,1.11740502e-01,7.449367,-7.62312537e-02,2.31377831e-03
0.181500,1.19202326e-01,1.11702326e-01,7.446822,-7.63521849e-02,2.32532947e-03
0.182000,1.19164092e-01,1.11664092e-01,7.444273,-7.64673552e-02,2.32814449e-03
0.182500,1.19125802e-01,1.11625802e-01,7.441720,-7.65803798e-02,2.29453708e-03
0.183000,1.19087454e-01,1.11587454e-01,7.439164,-7.66959137e-02,2.27408680e-03
0.183500,1.19049045e-01,1.11549045e-01,7.436603,-7.68187744e-02,2.27280848e-03
0.184000,1.19010572e-01,1.11510572e-01,7.434038,-7.69451063e-02,2.29605393e-03
0.184500,1.18972037e-01,1.11472037e-01,7.431469,-7.70695926e-02,2.31123154e-03
0.185000,1.18933443e-01,1.11433443e-01,7.428896,-7.71889200e-02,2.32837951e-03
0.185500,1.18894791e-01,1.11394791e-01,7.426319,-7.73042388e-02,2.34270366e-03
0.186000,1.18856083e-01,1.11356083e-01,7.423739,-7.74154753e-02,2.31053162e-03
0.186500,1.18817319e-01,1.11317319e-01,7.421155,-7.75272042e-02,2.28896700e-03
0.187000,1.18778496e-01,1.11278496e-01,7.418566,-7.76461228e-02,2.27715918e-03
0.187500,1.18739611e-01,1.11239611e-01,7.415974,-7.77696265e-02,2.30458593e-03
0.188000,1.18700665e-01,1.11200665e-01,7.413378,-7.78926441e-02,2.32590504e-03
0.188500,1.18661660e-01,1.11161660e-01,7.410777,-7.80092730e-02,2.33142270e-03
0.189000,1.18622599e-01,1.11122599e-01,7.408173,-7.81219132e-02,2.34532495e-03
0.189500,1.18583483e-01,1.11083483e-01,7.405566,-7.82324182e-02,2.31743297e-03
0.190000,1.18544312e-01,1.11044312e-01,7.402954,-7.83431065e-02,2.29255773e-03
0.190500,1.18505081e-01,1.11005081e-01,7.400339,-7.84605744e-02,2.29540215e-03
0.191000,1.18465791e-01,1.10965791e-01,7.397719,-7.85818754e-02,2.31476661e-03
0.191500,1.18426440e-01,1.10926440e-01,7.395096,-7.87009972e-02,2.31822547e-03
0.192000,1.18387032e-01,1.10887032e-01,7.392469,-7.88166334e-02,2.33141460e-03
0.192500,1.18347566e-01,1.10847566e-01,7.389838,-7.89305354e-02,2.35631001e-03
0.193000,1.18308046e-01,1.10808046e-01,7.387203,-7.90400704e-02,2.33964531e-03
0.193500,1.18268473e-01,1.10768473e-01,7.384565,-7.91469909e-02,2.30622527e-03
0.194000,1.18228843e-01,1.10728843e-01,7.381923,-7.92596028e-02,2.29698026e-03
0.194500,1.18189154e-01,1.10689154e-01,7.379277,-7.93785200e-02,2.31440713e-03
0.195000,1.18149405e-01,1.10649405e-01,7.376627,-7.94974144e-02,2.33292065e-03
0.195500,1.18109599e-01,1.10609599e-01,7.373973,-7.96118103e-02,2.34499155e-03
0.196000,1.18069738e-01,1.10569738e-01,7.371316,-7.97220988e-02,2.36304510e-03
0.196500,1.18029824e-01,1.10529824e-01,7.368655,-7.98288088e-02,2.34341640e-03
0.197000,1.17989857e-01,1.10489857e-01,7.365990,-7.99342899e-02,2.30773130e-03
0.197500,1.17949834e-01,1.10449834e-01,7.363322,-8.00461495e-02,2.30778417e-03
0.198000,1.17909752e-01,1.10409752e-01,7.360650,-8.01638641e-02,2.32707900e-03
0.198500,1.17869612e-01,1.10369612e-01,7.357974,-8.02798640e-02,2.33812570e-03
0.199000,1.17829416e-01,1.10329416e-01,7.355294,-8.03917188e-02,2.34881382e-03
0.199500,1.17789165e-01,1.10289165e-01,7.352611,-8.05008146e-02,2.37455878e-03
0.200000,1.17748862e-01,1.10248862e-01,7.349924,-8.06058790e-02,2.34568765e-03
0.200500,1.17708508e-01,1.10208508e-01,7.347234,-8.07092687e-02,2.32024353e-03
0.201000,1.17668098e-01,1.10168098e-01,7.344540,-8.08196489e-02,2.30849361e-03
0.201500,1.17627630e-01,1.10127630e-01,7.341842,-8.09352462e-02,2.33328739e-03
0.202000,1.17587105e-01,1.10087105e-01,7.339140,-8.10505807e-02,2.35740796e-03
0.202500,1.17546525e-01,1.10046525e-01,7.336435,-8.11597111e-02,2.36597231e-03
0.203000,1.17505893e-01,1.10005893e-01,7.333726,-8.12641235e-02,2.38070841e-03
0.203500,1.17465210e-01,1.09965210e-01,7.331014,-8.13658265e-02,2.34591140e-03
0.204000,1.17424476e-01,1.09924476e-01,7.328298,-8.14681866e-02,2.32351158e-03
0.204500,1.17383687e-01,1.09883687e-01,7.325579,-8.15782411e-02,2.31458408e-03
0.205000,1.17342841e-01,1.09842841e-01,7.322856,-8.16927633e-02,2.33754580e-03
0.205500,1.17301937e-01,1.09801937e-01,7.320129,-8.18067211e-02,2.35984920e-03
0.206000,1.17260980e-01,1.09760980e-01,7.317399,-8.19149364e-02,2.38124264e-03
0.206500,1.17219971e-01,1.09719971e-01,7.314665,-8.20175977e-02,2.38862881e-03
0.207000,1.17178913e-01,1.09678913e-01,7.311928,-8.21160930e-02,2.35143537e-03
0.207500,1.17137805e-01,1.09637805e-01,7.309187,-8.22166640e-02,2.32389714e-03
0.208000,1.17096642e-01,1.09596642e-01,7.306443,-8.23257774e-02,2.32882630e-03
0.208500,1.17055422e-01,1.09555422e-01,7.303695,-8.24389770e-02,2.34766212e-03
0.209000,1.17014147e-01,1.09514147e-01,7.300943,-8.25497016e-02,2.37734716e-03
0.209500,1.16972820e-01,1.09472820e-01,7.298188,-8.26547086e-02,2.39637072e-03
0.210000,1.16931444e-01,1.09431444e-01,7.295430,-8.27531590e-02,2.38296372e-03
0.210500,1.16890019e-01,1.09390019e-01,7.292668,-8.28496710e-02,2.34108648e-03
0.211000,1.16848543e-01,1.09348543e-01,7.289903,-8.29520874e-02,2.33189046e-03
0.211500,1.16807012e-01,1.09307012e-01,7.287134,-8.30621934e-02,2.34889364e-03
0.212000,1.16765425e-01,1.09265425e-01,7.284362,-8.31723060e-02,2.36041809e-03
0.212500,1.16723786e-01,1.09223786e-01,7.281586,-8.32786076e-02,2.37768769e-03
0.213000,1.16682095e-01,1.09182095e-01,7.278806,-8.33814898e-02,2.40600580e-03
0.213500,1.16640356e-01,1.09140356e-01,7.276024,-8.34790324e-02,2.37875939e-03
0.214000,1.16598569e-01,1.09098569e-01,7.273238,-8.35743340e-02,2.34595532e-03
0.214500,1.16556730e-01,1.09056730e-01,7.270449,-8.36770102e-02,2.33273702e-03
0.215000,1.16514837e-01,1.09014837e-01,7.267656,-8.37862418e-02,2.35768124e-03
0.215500,1.16472889e-01,1.08972889e-01,7.264859,-8.38954385e-02,2.38824317e-03
0.216000,1.16430890e-01,1.08930890e-01,7.262059,-8.39978368e-02,2.39855960e-03
0.216500,1.16388843e-01,1.08888843e-01,7.259256,-8.40943045e-02,2.40390872e-03
0.217000,1.16346749e-01,1.08846749e-01,7.256450,-8.41886051e-02,2.37102992e-03
0.217500,1.16304606e-01,1.08804606e-01,7.253640,-8.42849345e-02,2.34841130e-03
0.218000,1.16262412e-01,1.08762412e-01,7.250827,-8.43886628e-02,2.35346139e-03
0.218500,1.16220164e-01,1.08720164e-01,7.248011,-8.44956587e-02,2.36474843e-03
0.219000,1.16177864e-01,1.08677864e-01,7.245191,-8.46008274e-02,2.38774756e-03
0.219500,1.16135513e-01,1.08635513e-01,7.242368,-8.47021090e-02,2.41784889e-03
0.220000,1.16093114e-01,1.08593114e-01,7.239541,-8.47969525e-02,2.40705540e-03
0.220500,1.16050670e-01,1.08550670e-01,7.236711,-8.48878075e-02,2.36034409e-03
0.221000,1.16008178e-01,1.08508178e-01,7.233879,-8.49845651e-02,2.34734096e-03
0.221500,1.15965633e-01,1.08465633e-01,7.231042,-8.50901427e-02,2.36630029e-03
0.222000,1.15923035e-01,1.08423035e-01,7.228202,-8.51961791e-02,2.39709958e-03
0.222500,1.15880387e-01,1.08380387e-01,7.225359,-8.52963791e-02,2.40774989e-03
0.223000,1.15837692e-01,1.08337692e-01,7.222513,-8.53905799e-02,2.42411664e-03
0.223500,1.15794951e-01,1.08294951e-01,7.219663,-8.54815846e-02,2.38233017e-03
0.224000,1.15752164e-01,1.08252164e-01,7.216811,-8.55735966e-02,2.35916533e-03
0.224500,1.15709327e-01,1.08209327e-01,7.213955,-8.56745184e-02,2.36152544e-03
0.225000,1.15666437e-01,1.08166437e-01,7.211096,-8.57790354e-02,2.37703497e-03
0.225500,1.15623496e-01,1.08123496e-01,7.208233,-8.58817935e-02,2.40330068e-03
0.226000,1.15580506e-01,1.08080506e-01,7.205367,-8.59796825e-02,2.43215869e-03
0.226500,1.15537471e-01,1.08037471e-01,7.202498,-8.60707067e-02,2.41889923e-03
0.227000,1.15494392e-01,1.07994392e-01,7.199626,-8.61581647e-02,2.37144459e-03
0.227500,1.15451266e-01,1.07951266e-01,7.196751,-8.62519959e-02,2.35986507e-03
0.228000,1.15408089e-01,1.07908089e-01,7.193873,-8.63546434e-02,2.37994586e-03
0.228500,1.15364860e-01,1.07864860e-01,7.190991,-8.64574168e-02,2.40967064e-03
0.229000,1.15321583e-01,1.07821583e-01,7.188106,-8.65542645e-02,2.42255912e-03
0.229500,1.15278260e-01,1.07778260e-01,7.185217,-8.66450916e-02,2.43123949e-03
0.230000,1.15234894e-01,1.07734894e-01,7.182326,-8.67330347e-02,2.39805231e-03
0.230500,1.15191483e-01,1.07691483e-01,7.179432,-8.68224869e-02,2.37227999e-03
0.231000,1.15148023e-01,1.07648023e-01,7.176535,-8.69196675e-02,2.38174014e-03
0.231500,1.15104513e-01,1.07604513e-01,7.173634,-8.70202436e-02,2.38717038e-03
0.232000,1.15060953e-01,1.07560953e-01,7.170730,-8.71187861e-02,2.41626413e-03
0.232500,1.15017346e-01,1.07517346e-01,7.167823,-8.72138645e-02,2.44825685e-03
0.233000,1.14973696e-01,1.07473696e-01,7.164913,-8.73013367e-02,2.41924889e-03
0.233500,1.14930003e-01,1.07430003e-01,7.162000,-8.73861204e-02,2.38374317e-03
0.234000,1.14886263e-01,1.07386263e-01,7.159084,-8.74788067e-02,2.36307389e-03
0.234500,1.14842474e-01,1.07342474e-01,7.156165,-8.75791509e-02,2.39009305e-03
0.235000,1.14798633e-01,1.07298633e-01,7.153242,-8.76805002e-02,2.43598568e-03
0.235500,1.14754747e-01,1.07254747e-01,7.150316,-8.77733549e-02,2.45154399e-03
0.236000,1.14710818e-01,1.07210818e-01,7.147388,-8.78572980e-02,2.43380376e-03
0.236500,1.14666848e-01,1.07166848e-01,7.144457,-8.79402549e-02,2.38945271e-03
0.237000,1.14622833e-01,1.07122833e-01,7.141522,-8.80300464e-02,2.38010070e-03
0.237500,1.14578769e-01,1.07078769e-01,7.138585,-8.81279476e-02,2.39994479e-03
0.238000,1.14534656e-01,1.07034656e-01,7.135644,-8.82256298e-02,2.41451714e-03
0.238500,1.14490497e-01,1.06990497e-01,7.132700,-8.83187650e-02,2.43193033e-03
0.239000,1.14446293e-01,1.06946293e-01,7.129753,-8.84079677e-02,2.45728063e-03
0.239500,1.14402047e-01,1.06902047e-01,7.126803,-8.84920695e-02,2.42177350e-03
0.240000,1.14357759e-01,1.06857759e-01,7.123851,-8.85751482e-02,2.38805052e-03
0.240500,1.14313426e-01,1.06813426e-01,7.120895,-8.86670391e-02,2.39364713e-03
0.241000,1.14269044e-01,1.06769044e-01,7.117936,-8.87639727e-02,2.41094779e-03
0.241500,1.14224614e-01,1.06724614e-01,7.114974,-8.88584577e-02,2.43790790e-03
0.242000,1.14180140e-01,1.06680140e-01,7.112009,-8.89477179e-02,2.46159089e-03
0.242500,1.14135625e-01,1.06635625e-01,7.109042,-8.90304571e-02,2.43521143e-03
0.243000,1.14091069e-01,1.06591069e-01,7.106071,-8.91116397e-02,2.40406309e-03
0.243500,1.14046469e-01,1.06546469e-01,7.103098,-8.91999082e-02,2.38475124e-03
0.244000,1.14001822e-01,1.06501822e-01,7.100121,-8.92949991e-02,2.40195838e-03
0.244500,1.13957126e-01,1.06457126e-01,7.097142,-8.93917396e-02,2.44172461e-03
0.245000,1.13912385e-01,1.06412385e-01,7.094159,-8.94821385e-02,2.47455557e-03
0.245500,1.13867603e-01,1.06367603e-01,7.091174,-8.95631046e-02,2.45836344e-03
0.246000,1.13822783e-01,1.06322783e-01,7.088186,-8.96401113e-02,2.40192659e-03
0.246500,1.13777921e-01,1.06277921e-01,7.085195,-8.97247670e-02,2.38398699e-03
0.247000,1.13733011e-01,1.06233011e-01,7.082201,-8.98202762e-02,2.41208650e-03
0.247500,1.13688053e-01,1.06188053e-01,7.079204,-8.99162467e-02,2.45539704e-03
0.248000,1.13643051e-01,1.06143051e-01,7.076203,-9.00037736e-02,2.47630202e-03
0.248500,1.13598010e-01,1.06098010e-01,7.073201,-9.00823402e-02,2.45817559e-03
0.249000,1.13552930e-01,1.06052930e-01,7.070195,-9.01590767e-02,2.40527837e-03
0.249500,1.13507808e-01,1.06007808e-01,7.067187,-9.02434669e-02,2.40096820e-03
0.250000,1.13462640e-01,1.05962640e-01,7.064176,-9.03369242e-02,2.42464871e-03
0.250500,1.13417425e-01,1.05917425e-01,7.061162,-9.04289956e-02,2.43774737e-03
0.251000,1.13372167e-01,1.05872167e-01,7.058144,-9.05160202e-02,2.46584375e-03
0.251500,1.13326868e-01,1.05826868e-01,7.055125,-9.05984097e-02,2.47655191e-03
0.252000,1.13281531e-01,1.05781531e-01,7.052102,-9.06752387e-02,2.43333628e-03
0.252500,1.13236154e-01,1.05736154e-01,7.049077,-9.07541305e-02,2.40788045e-03
0.253000,1.13190732e-01,1.05690732e-01,7.046049,-9.08423694e-02,2.41727782e-03
0.253500,1.13145265e-01,1.05645265e-01,7.043018,-9.09339574e-02,2.44757719e-03
0.254000,1.13099755e-01,1.05599755e-01,7.039984,-9.10213232e-02,2.46818117e-03
0.254500,1.13054204e-01,1.05554204e-01,7.036947,-9.11018919e-02,2.48210156e-03
0.255000,1.13008615e-01,1.05508615e-01,7.033908,-9.11778464e-02,2.44107113e-03
0.255500,1.12962987e-01,1.05462987e-01,7.030866,-9.12551430e-02,2.41337817e-03
0.256000,1.12917316e-01,1.05417316e-01,7.027821,-9.13416256e-02,2.41998103e-03
0.256500,1.12871600e-01,1.05371600e-01,7.024773,-9.14320719e-02,2.43504137e-03
0.257000,1.12825840e-01,1.05325840e-01,7.021723,-9.15201022e-02,2.46694504e-03
0.257500,1.12780039e-01,1.05280039e-01,7.018669,-9.16028387e-02,2.49872346e-03
0.258000,1.12734200e-01,1.05234200e-01,7.015613,-9.16775265e-02,2.45549081e-03
0.258500,1.12688325e-01,1.05188325e-01,7.012555,-9.17508186e-02,2.41686978e-03
0.259000,1.12642407e-01,1.05142407e-01,7.009494,-9.18346247e-02,2.42089372e-03
0.259500,1.12596445e-01,1.05096445e-01,7.006430,-9.19244169e-02,2.45201948e-03
0.260000,1.12550440e-01,1.05050440e-01,7.003363,-9.20107962e-02,2.47484474e-03
0.260500,1.12504395e-01,1.05004395e-01,7.000293,-9.20900463e-02,2.50043464e-03
0.261000,1.12458313e-01,1.04958313e-01,6.997221,-9.21632856e-02,2.45791078e-03
0.261500,1.12412195e-01,1.04912195e-01,6.994146,-9.22360827e-02,2.42199836e-03
0.262000,1.12366036e-01,1.04866036e-01,6.991069,-9.23190380e-02,2.43034721e-03
0.262500,1.12319832e-01,1.04819832e-01,6.987989,-9.24071522e-02,2.44877680e-03
0.263000,1.12273586e-01,1.04773586e-01,6.984906,-9.24922659e-02,2.47171069e-03
0.263500,1.12227300e-01,1.04727300e-01,6.981820,-9.25723255e-02,2.50778709e-03
0.264000,1.12180977e-01,1.04680977e-01,6.978732,-9.26454293e-02,2.46558017e-03
0.264500,1.12134619e-01,1.04634619e-01,6.975641,-9.27163410e-02,2.42945575e-03
0.265000,1.12088220e-01,1.04588220e-01,6.972548,-9.27973776e-02,2.43177109e-03
0.265500,1.12041778e-01,1.04541778e-01,6.969452,-9.28841413e-02,2.46194257e-03
0.266000,1.11995294e-01,1.04495294e-01,6.966353,-9.29678570e-02,2.48152845e-03
0.266500,1.11948772e-01,1.04448772e-01,6.963251,-9.30448867e-02,2.50999250e-03
0.267000,1.11902214e-01,1.04402214e-01,6.960148,-9.31161833e-02,2.46921755e-03
0.267500,1.11855620e-01,1.04355620e-01,6.957041,-9.31864113e-02,2.43106280e-03
0.268000,1.11808987e-01,1.04308987e-01,6.953932,-9.32667085e-02,2.43826505e-03
0.268500,1.11762311e-01,1.04262311e-01,6.950821,-9.33526341e-02,2.45560188e-03
0.269000,1.11715593e-01,1.04215593e-01,6.947706,-9.34358441e-02,2.48572041e-03
0.269500,1.11668836e-01,1.04168836e-01,6.944589,-9.35135443e-02,2.51810543e-03
0.270000,1.11622044e-01,1.04122044e-01,6.941470,-9.35834353e-02,2.47826092e-03
0.270500,1.11575219e-01,1.04075219e-01,6.938348,-9.36515314e-02,2.43741701e-03
0.271000,1.11528354e-01,1.04028354e-01,6.935224,-9.37297818e-02,2.43577015e-03
0.271500,1.11481446e-01,1.03981446e-01,6.932096,-9.38148846e-02,2.47223487e-03
0.272000,1.11434498e-01,1.03934498e-01,6.928967,-9.38970336e-02,2.49777497e-03
0.272500,1.11387512e-01,1.03887512e-01,6.925834,-9.39709366e-02,2.51611917e-03
0.273000,1.11340493e-01,1.03840493e-01,6.922700,-9.40390238e-02,2.47296628e-03
0.273500,1.11293439e-01,1.03793439e-01,6.919563,-9.41079143e-02,2.43812704e-03
0.274000,1.11246345e-01,1.03746345e-01,6.916423,-9.41869712e-02,2.45083724e-03
0.274500,1.11199210e-01,1.03699210e-01,6.913281,-9.42706252e-02,2.46898962e-03
0.275000,1.11152035e-01,1.03652035e-01,6.910136,-9.43505871e-02,2.50572810e-03
0.275500,1.11104823e-01,1.03604823e-01,6.906988,-9.44243198e-02,2.52277541e-03
0.276000,1.11057577e-01,1.03557577e-01,6.903838,-9.44905125e-02,2.47234610e-03
0.276500,1.11010298e-01,1.03510298e-01,6.900687,-9.45583648e-02,2.43915842e-03
0.277000,1.10962979e-01,1.03462979e-01,6.897532,-9.46374324e-02,2.45595330e-03
0.277500,1.10915619e-01,1.03415619e-01,6.894375,-9.47204647e-02,2.48992107e-03
0.278000,1.10868220e-01,1.03368220e-01,6.891215,-9.47977357e-02,2.51797263e-03
0.278500,1.10820787e-01,1.03320787e-01,6.888052,-9.48669487e-02,2.51684806e-03
0.279000,1.10773321e-01,1.03273321e-01,6.884888,-9.49316548e-02,2.46038332e-03
0.279500,1.10725820e-01,1.03225820e-01,6.881721,-9.50015381e-02,2.44684766e-03
0.280000,1.10678279e-01,1.03178279e-01,6.878552,-9.50818902e-02,2.46479409e-03
0.280500,1.10630698e-01,1.03130698e-01,6.875380,-9.51628782e-02,2.49551047e-03
0.281000,1.10583079e-01,1.03083079e-01,6.872205,-9.52382033e-02,2.52717903e-03
0.281500,1.10535426e-01,1.03035426e-01,6.869028,-9.53056844e-02,2.52076091e-03
0.282000,1.10487742e-01,1.02987742e-01,6.865849,-9.53685328e-02,2.46640510e-03
0.282500,1.10440023e-01,1.02940023e-01,6.862668,-9.54372412e-02,2.44096359e-03
0.283000,1.10392264e-01,1.02892264e-01,6.859484,-9.55171247e-02,2.46150696e-03
0.283500,1.10344465e-01,1.02844465e-01,6.856298,-9.55993695e-02,2.51396344e-03
0.284000,1.10296628e-01,1.02796628e-01,6.853109,-9.56736028e-02,2.54431877e-03
0.284500,1.10248760e-01,1.02748760e-01,6.849917,-9.57365383e-02,2.50996011e-03
0.285000,1.10200861e-01,1.02700861e-01,6.846724,-9.57975272e-02,2.46960802e-03
0.285500,1.10152927e-01,1.02652927e-01,6.843528,-9.58677260e-02,2.45474218e-03
0.286000,1.10104954e-01,1.02604954e-01,6.840330,-9.59458653e-02,2.47243311e-03
0.286500,1.10056942e-01,1.02556942e-01,6.837129,-9.60248814e-02,2.51331538e-03
0.287000,1.10008893e-01,1.02508893e-01,6.833926,-9.60973778e-02,2.54814443e-03
0.287500,1.09960813e-01,1.02460813e-01,6.830721,-9.61600815e-02,2.50562387e-03
0.288000,1.09912703e-01,1.02412703e-01,6.827514,-9.62208256e-02,2.46838677e-03
0.288500,1.09864557e-01,1.02364557e-01,6.824304,-9.62918444e-02,2.46602714e-03
0.289000,1.09816372e-01,1.02316372e-01,6.821091,-9.63691865e-02,2.49229579e-03
0.289500,1.09768150e-01,1.02268150e-01,6.817877,-9.64445933e-02,2.52496467e-03
0.290000,1.09719893e-01,1.02219893e-01,6.814660,-9.65127981e-02,2.55048342e-03
0.290500,1.09671607e-01,1.02171607e-01,6.811440,-9.65733820e-02,2.49718919e-03
0.291000,1.09623289e-01,1.02123289e-01,6.808219,-9.66344879e-02,2.46589641e-03
0.291500,1.09574936e-01,1.02074936e-01,6.804996,-9.67071119e-02,2.47508156e-03
0.292000,1.09526544e-01,1.02026544e-01,6.801770,-9.67840623e-02,2.49546541e-03
0.292500,1.09478115e-01,1.01978115e-01,6.798541,-9.68577021e-02,2.54309912e-03
0.293000,1.09429653e-01,1.01929653e-01,6.795310,-9.69237829e-02,2.54295995e-03
0.293500,1.09381162e-01,1.01881162e-01,6.792077,-9.69820543e-02,2.48813695e-03
0.294000,1.09332639e-01,1.01832639e-01,6.788843,-9.70451959e-02,2.46071458e-03
0.294500,1.09284080e-01,1.01784080e-01,6.785605,-9.71197646e-02,2.47756866e-03
0.295000,1.09235481e-01,1.01735481e-01,6.782365,-9.71973460e-02,2.52802919e-03
0.295500,1.09186847e-01,1.01686847e-01,6.779123,-9.72676981e-02,2.56383422e-03
0.296000,1.09138184e-01,1.01638184e-01,6.775879,-9.73265983e-02,2.52697078e-03
0.296500,1.09089492e-01,1.01589492e-01,6.772633,-9.73828786e-02,2.48615010e-03
0.297000,1.09040768e-01,1.01540768e-01,6.769385,-9.74488214e-02,2.47356615e-03
0.297500,1.08992007e-01,1.01492007e-01,6.766134,-9.75225800e-02,2.48886191e-03
0.298000,1.08943208e-01,1.01443208e-01,6.762881,-9.75970525e-02,2.52708018e-03
0.298500,1.08894375e-01,1.01394375e-01,6.759625,-9.76656341e-02,2.57084471e-03
0.299000,1.08845513e-01,1.01345513e-01,6.756368,-9.77240704e-02,2.52612364e-03
0.299500,1.08796624e-01,1.01296624e-01,6.753108,-9.77792743e-02,2.48063306e-03
0.300000,1.08747701e-01,1.01247701e-01,6.749847,-9.78458441e-02,2.47892072e-03
0.300500,1.08698741e-01,1.01198741e-01,6.746583,-9.79200352e-02,2.51523801e-03
0.301000,1.08649745e-01,1.01149745e-01,6.743316,-9.79912963e-02,2.54770103e-03
0.301500,1.08600718e-01,1.01100718e-01,6.740048,-9.80537234e-02,2.55631531e-03
0.302000,1.08551663e-01,1.01051663e-01,6.736778,-9.81100582e-02,2.50045272e-03
0.302500,1.08502578e-01,1.01002578e-01,6.733505,-9.81699179e-02,2.47825107e-03
0.303000,1.08453458e-01,1.00953458e-01,6.730231,-9.82409136e-02,2.49072562e-03
0.303500,1.08404301e-01,1.00904301e-01,6.726953,-9.83144520e-02,2.52757711e-03
0.304000,1.08355109e-01,1.00855109e-01,6.723674,-9.83826836e-02,2.57515392e-03
0.304500,1.08305889e-01,1.00805889e-01,6.720393,-9.84406573e-02,2.53902490e-03
0.305000,1.08256642e-01,1.00756642e-01,6.717109,-9.84940129e-02,2.50094371e-03
0.305500,1.08207363e-01,1.00707363e-01,6.713824,-9.85566684e-02,2.48542646e-03
0.306000,1.08158050e-01,1.00658050e-01,6.710537,-9.86269490e-02,2.50510141e-03
0.306500,1.08108701e-01,1.00608701e-01,6.707247,-9.86980381e-02,2.54239984e-03
0.307000,1.08059320e-01,1.00559320e-01,6.703955,-9.87625985e-02,2.57978707e-03
0.307500,1.08009911e-01,1.00509911e-01,6.700661,-9.88177284e-02,2.53440026e-03
0.308000,1.07960475e-01,1.00460475e-01,6.697365,-9.88707322e-02,2.48731181e-03
0.308500,1.07911008e-01,1.00411008e-01,6.694067,-9.89353524e-02,2.49548220e-03
0.309000,1.07861504e-01,1.00361504e-01,6.690767,-9.90069824e-02,2.51627128e-03
0.309500,1.07811967e-01,1.00311967e-01,6.687464,-9.90754326e-02,2.56580549e-03
0.310000,1.07762399e-01,1.00262399e-01,6.684160,-9.91360893e-02,2.57147250e-03
0.310500,1.07712804e-01,1.00212804e-01,6.680854,-9.91881110e-02,2.51475738e-03
0.311000,1.07663182e-01,1.00163182e-01,6.677545,-9.92442169e-02,2.47662292e-03
0.311500,1.07613526e-01,1.00113526e-01,6.674235,-9.93130077e-02,2.49832763e-03
0.312000,1.07563833e-01,1.00063833e-01,6.670922,-9.93861413e-02,2.55554709e-03
0.312500,1.07514107e-01,1.00014107e-01,6.667607,-9.94506515e-02,2.58697165e-03
0.313000,1.07464356e-01,9.99643560e-02,6.664290,-9.95029873e-02,2.55072510e-03
0.313500,1.07414579e-01,9.99145790e-02,6.660972,-9.95533679e-02,2.50442489e-03
0.314000,1.07364772e-01,9.98647720e-02,6.657651,-9.96137943e-02,2.49935732e-03
0.314500,1.07314931e-01,9.98149310e-02,6.654329,-9.96822716e-02,2.51878352e-03
0.315000,1.07265056e-01,9.97650560e-02,6.651004,-9.97498633e-02,2.55845956e-03
0.315500,1.07215151e-01,9.97151510e-02,6.647677,-9.98107570e-02,2.58801026e-03
0.316000,1.07165220e-01,9.96652200e-02,6.644348,-9.98625227e-02,2.53158151e-03
0.316500,1.07115262e-01,9.96152620e-02,6.641017,-9.99144254e-02,2.49423872e-03
0.317000,1.07065273e-01,9.95652730e-02,6.637685,-9.99788960e-02,2.50178870e-03
0.317500,1.07015249e-01,9.95152490e-02,6.634350,-1.00048831e-01,2.55444892e-03
0.318000,1.06965192e-01,9.94651920e-02,6.631013,-1.00112870e-01,2.59402744e-03
0.318500,1.06915110e-01,9.94151100e-02,6.627674,-1.00164762e-01,2.55981598e-03
0.319000,1.06865003e-01,9.93650030e-02,6.624334,-1.00213180e-01,2.51455828e-03
0.319500,1.06814868e-01,9.93148680e-02,6.620991,-1.00271218e-01,2.50652303e-03
0.320000,1.06764699e-01,9.92646990e-02,6.617647,-1.00337398e-01,2.52280074e-03
0.320500,1.06714497e-01,9.92144970e-02,6.614300,-1.00403458e-01,2.55782985e-03
0.321000,1.06664265e-01,9.91642650e-02,6.610951,-1.00463747e-01,2.59861795e-03
0.321500,1.06614008e-01,9.91140080e-02,6.607601,-1.00514678e-01,2.54633487e-03
0.322000,1.06563726e-01,9.90637260e-02,6.604248,-1.00563535e-01,2.50238592e-03
0.322500,1.06513414e-01,9.90134140e-02,6.600894,-1.00624862e-01,2.50739536e-03
0.323000,1.06463067e-01,9.89630670e-02,6.597538,-1.00692964e-01,2.55881417e-03
0.323500,1.06412689e-01,9.89126890e-02,6.594179,-1.00755696e-01,2.59805196e-03
0.324000,1.06362286e-01,9.88622860e-02,6.590819,-1.00806516e-01,2.56733195e-03
0.324500,1.06311859e-01,9.88118590e-02,6.587457,-1.00853608e-01,2.52473820e-03
0.325000,1.06261405e-01,9.87614050e-02,6.584094,-1.00909512e-01,2.51013843e-03
0.325500,1.06210918e-01,9.87109180e-02,6.580728,-1.00973700e-01,2.52553526e-03
0.326000,1.06160398e-01,9.86603980e-02,6.577360,-1.01038925e-01,2.56777986e-03
0.326500,1.06109849e-01,9.86098490e-02,6.573990,-1.01097886e-01,2.60328583e-03
0.327000,1.06059276e-01,9.85592760e-02,6.570618,-1.01146770e-01,2.55565974e-03
0.327500,1.06008679e-01,9.85086790e-02,6.567245,-1.01194035e-01,2.51063435e-03
0.328000,1.05958052e-01,9.84580520e-02,6.563870,-1.01253103e-01,2.51333517e-03
0.328500,1.05907393e-01,9.84073930e-02,6.560493,-1.01319324e-01,2.56440419e-03
0.329000,1.05856702e-01,9.83567020e-02,6.557113,-1.01380587e-01,2.60417990e-03
0.329500,1.05805987e-01,9.83059870e-02,6.553732,-1.01429947e-01,2.57202123e-03
0.330000,1.05755250e-01,9.82552500e-02,6.550350,-1.01475619e-01,2.53222033e-03
0.330500,1.05704485e-01,9.82044850e-02,6.546966,-1.01530090e-01,2.51907130e-03
0.331000,1.05653688e-01,9.81536880e-02,6.543579,-1.01592260e-01,2.53364762e-03
0.331500,1.05602861e-01,9.81028610e-02,6.540191,-1.01655301e-01,2.57211232e-03
0.332000,1.05552005e-01,9.80520050e-02,6.536800,-1.01712546e-01,2.61267020e-03
0.332500,1.05501125e-01,9.80011250e-02,6.533408,-1.01759890e-01,2.55971248e-03
0.333000,1.05450222e-01,9.79502220e-02,6.530015,-1.01805256e-01,2.51400116e-03
0.333500,1.05399290e-01,9.78992900e-02,6.526619,-1.01863360e-01,2.51877016e-03
0.334000,1.05348326e-01,9.78483260e-02,6.523222,-1.01928548e-01,2.57158149e-03
0.334500,1.05297332e-01,9.77973320e-02,6.519822,-1.01988284e-01,2.61324551e-03
0.335000,1.05246314e-01,9.77463140e-02,6.516421,-1.02035663e-01,2.58342116e-03
0.335500,1.05195275e-01,9.76952750e-02,6.513018,-1.02078839e-01,2.53310711e-03
0.336000,1.05144209e-01,9.76442090e-02,6.509614,-1.02131360e-01,2.52632933e-03
0.336500,1.05093113e-01,9.75931130e-02,6.506208,-1.02192743e-01,2.53827195e-03
0.337000,1.05041986e-01,9.75419860e-02,6.502799,-1.02254182e-01,2.58553151e-03
0.337500,1.04990831e-01,9.74908310e-02,6.499389,-1.02309482e-01,2.61348181e-03
0.338000,1.04939653e-01,9.74396530e-02,6.495977,-1.02354550e-01,2.56016219e-03
0.338500,1.04888454e-01,9.73884540e-02,6.492564,-1.02399743e-01,2.51658368e-03
0.339000,1.04837225e-01,9.73372250e-02,6.489148,-1.02457545e-01,2.52431441e-03
0.339500,1.04785964e-01,9.72859640e-02,6.485731,-1.02521819e-01,2.58487788e-03
0.340000,1.04734674e-01,9.72346740e-02,6.482312,-1.02579468e-01,2.62691578e-03
0.340500,1.04683362e-01,9.71833620e-02,6.478891,-1.02623456e-01,2.58009834e-03
0.341000,1.04632030e-01,9.71320300e-02,6.475469,-1.02664680e-01,2.53437919e-03
0.341500,1.04580671e-01,9.70806710e-02,6.472045,-1.02717635e-01,2.53232543e-03
0.342000,1.04529282e-01,9.70292820e-02,6.468619,-1.02778278e-01,2.55357375e-03
0.342500,1.04477863e-01,9.69778630e-02,6.465191,-1.02837380e-01,2.60998146e-03
0.343000,1.04426419e-01,9.69264190e-02,6.461761,-1.02888006e-01,2.61325531e-03
0.343500,1.04374955e-01,9.68749550e-02,6.458330,-1.02929079e-01,2.55555510e-03
0.344000,1.04323468e-01,9.68234680e-02,6.454898,-1.02974717e-01,2.52492035e-03
0.344500,1.04271951e-01,9.67719510e-02,6.451463,-1.03032538e-01,2.54217322e-03
0.345000,1.04220404e-01,9.67204040e-02,6.448027,-1.03093864e-01,2.58873652e-03
0.345500,1.04168830e-01,9.66688300e-02,6.444589,-1.03148240e-01,2.63213062e-03
0.346000,1.04117235e-01,9.66172350e-02,6.441149,-1.03191132e-01,2.58193771e-03
0.346500,1.04065619e-01,9.65656190e-02,6.437708,-1.03231338e-01,2.53077462e-03
0.347000,1.04013977e-01,9.65139770e-02,6.434265,-1.03284309e-01,2.53555035e-03
0.347500,1.03962304e-01,9.64623040e-02,6.430820,-1.03345259e-01,2.57473759e-03
0.348000,1.03910603e-01,9.64106030e-02,6.427374,-1.03401960e-01,2.63059559e-03
0.348500,1.03858880e-01,9.63588800e-02,6.423925,-1.03447288e-01,2.60091272e-03
0.349000,1.03807137e-01,9.63071370e-02,6.420476,-1.03486067e-01,2.54885431e-03
0.349500,1.03755369e-01,9.62553690e-02,6.417025,-1.03534324e-01,2.53837798e-03
0.350000,1.03703573e-01,9.62035730e-02,6.413572,-1.03592056e-01,2.56973802e-03
0.350500,1.03651749e-01,9.61517490e-02,6.410117,-1.03648735e-01,2.60566391e-03
0.351000,1.03599900e-01,9.60999000e-02,6.406660,-1.03697087e-01,2.62129881e-03
0.351500,1.03548031e-01,9.60480310e-02,6.403202,-1.03738158e-01,2.55983119e-03
0.352000,1.03496140e-01,9.59961400e-02,6.399743,-1.03782097e-01,2.52810462e-03
0.352500,1.03444221e-01,9.59442210e-02,6.396281,-1.03838934e-01,2.55110477e-03
0.353000,1.03392271e-01,9.58922710e-02,6.392818,-1.03898948e-01,2.59983180e-03
0.353500,1.03340296e-01,9.58402960e-02,6.389353,-1.03950876e-01,2.64075424e-03
0.354000,1.03288300e-01,9.57883000e-02,6.385887,-1.03991185e-01,2.59940867e-03
0.354500,1.03236286e-01,9.57362860e-02,6.382419,-1.04028429e-01,2.54363198e-03
0.355000,1.03184247e-01,9.56842470e-02,6.378950,-1.04077395e-01,2.54171900e-03
0.355500,1.03132180e-01,9.56321800e-02,6.375479,-1.04135688e-01,2.58999536e-03
0.356000,1.03080085e-01,9.55800850e-02,6.372006,-1.04190027e-01,2.63229415e-03
0.356500,1.03027968e-01,9.55279680e-02,6.368531,-1.04232699e-01,2.60159314e-03
0.357000,1.02975833e-01,9.54758330e-02,6.365056,-1.04271140e-01,2.56237488e-03
0.357500,1.02923674e-01,9.54236740e-02,6.361578,-1.04318089e-01,2.55320452e-03
0.358000,1.02871488e-01,9.53714880e-02,6.358099,-1.04372289e-01,2.55848019e-03
0.358500,1.02819274e-01,9.53192740e-02,6.354618,-1.04427529e-01,2.60912951e-03
0.359000,1.02767035e-01,9.52670350e-02,6.351136,-1.04477424e-01,2.63709710e-03
0.359500,1.02714777e-01,9.52147770e-02,6.347652,-1.04516529e-01,2.58090668e-03
0.360000,1.02662499e-01,9.51624990e-02,6.344167,-1.04556010e-01,2.53755263e-03
0.360500,1.02610194e-01,9.51101940e-02,6.340680,-1.04608551e-01,2.55619945e-03
0.361000,1.02557861e-01,9.50578610e-02,6.337191,-1.04666563e-01,2.60742079e-03
0.361500,1.02505503e-01,9.50055030e-02,6.333700,-1.04716984e-01,2.65308692e-03
0.362000,1.02453125e-01,9.49531250e-02,6.330208,-1.04754955e-01,2.60126465e-03
0.362500,1.02400730e-01,9.49007300e-02,6.326715,-1.04790011e-01,2.54959707e-03
0.363000,1.02348311e-01,9.48483110e-02,6.323221,-1.04838144e-01,2.55132468e-03
0.363500,1.02295864e-01,9.47958640e-02,6.319724,-1.04894609e-01,2.58726698e-03
0.364000,1.02243390e-01,9.47433900e-02,6.316226,-1.04947612e-01,2.64794227e-03
0.364500,1.02190895e-01,9.46908950e-02,6.312726,-1.04989348e-01,2.61798043e-03
0.365000,1.02138383e-01,9.46383830e-02,6.309226,-1.05023770e-01,2.56695041e-03
0.365500,1.02085850e-01,9.45858500e-02,6.305723,-1.05067624e-01,2.54920049e-03
0.366000,1.02033289e-01,9.45332890e-02,6.302219,-1.05121427e-01,2.58653410e-03
0.366500,1.01980702e-01,9.44807020e-02,6.298713,-1.05174844e-01,2.63087497e-03
0.367000,1.01928092e-01,9.44280920e-02,6.295206,-1.05218209e-01,2.63442023e-03
0.367500,1.01875465e-01,9.43754650e-02,6.291698,-1.05253980e-01,2.57978117e-03
0.368000,1.01822818e-01,9.43228180e-02,6.288188,-1.05294001e-01,2.54860987e-03
0.368500,1.01770146e-01,9.42701460e-02,6.284676,-1.05345749e-01,2.56562207e-03
0.369000,1.01717445e-01,9.42174450e-02,6.281163,-1.05401112e-01,2.61134857e-03
0.369500,1.01664720e-01,9.41647200e-02,6.277648,-1.05449638e-01,2.65840842e-03
0.370000,1.01611977e-01,9.41119770e-02,6.274132,-1.05486494e-01,2.60646244e-03
0.370500,1.01559217e-01,9.40592170e-02,6.270614,-1.05520216e-01,2.55267802e-03
0.371000,1.01506433e-01,9.40064330e-02,6.267096,-1.05567223e-01,2.55235501e-03
0.371500,1.01453622e-01,9.39536220e-02,6.263575,-1.05623091e-01,2.61553557e-03
0.372000,1.01400785e-01,9.39007850e-02,6.260052,-1.05673425e-01,2.66030824e-03
0.372500,1.01347930e-01,9.38479300e-02,6.256529,-1.05709426e-01,2.62088512e-03
0.373000,1.01295059e-01,9.37950590e-02,6.253004,-1.05741561e-01,2.56115560e-03
0.373500,1.01242167e-01,9.37421670e-02,6.249478,-1.05785450e-01,2.56175942e-03
0.374000,1.01189247e-01,9.36892470e-02,6.245950,-1.05839094e-01,2.59111059e-03
0.374500,1.01136302e-01,9.36363020e-02,6.242420,-1.05890044e-01,2.65280450e-03
0.375000,1.01083337e-01,9.35833370e-02,6.238889,-1.05930719e-01,2.62907742e-03
0.375500,1.01030355e-01,9.35303550e-02,6.235357,-1.05963362e-01,2.58293550e-03
0.376000,1.00977353e-01,9.34773530e-02,6.231824,-1.06003980e-01,2.56660794e-03
0.376500,1.00924326e-01,9.34243260e-02,6.228288,-1.06053619e-01,2.59608573e-03
0.377000,1.00871275e-01,9.33712750e-02,6.224752,-1.06103333e-01,2.63304535e-03
0.377500,1.00818202e-01,9.33182020e-02,6.221213,-1.06144938e-01,2.64386797e-03
0.378000,1.00765112e-01,9.32651120e-02,6.217674,-1.06179517e-01,2.59345845e-03
0.378500,1.00712004e-01,9.32120040e-02,6.214134,-1.06216777e-01,2.56167366e-03
0.379000,1.00658872e-01,9.31588720e-02,6.210591,-1.06265124e-01,2.57525487e-03
0.379500,1.00605713e-01,9.31057130e-02,6.207048,-1.06317490e-01,2.62106946e-03
0.380000,1.00552531e-01,9.30525310e-02,6.203502,-1.06363575e-01,2.66963159e-03
0.380500,1.00499332e-01,9.29993320e-02,6.199955,-1.06397842e-01,2.61308742e-03
0.381000,1.00446117e-01,9.29461170e-02,6.196408,-1.06429136e-01,2.56078154e-03
0.381500,1.00392880e-01,9.28928800e-02,6.192859,-1.06474339e-01,2.56079486e-03
0.382000,1.00339616e-01,9.28396160e-02,6.189308,-1.06528129e-01,2.62483300e-03
0.382500,1.00286328e-01,9.27863280e-02,6.185755,-1.06576256e-01,2.67492890e-03
0.383000,1.00233023e-01,9.27330230e-02,6.182202,-1.06609437e-01,2.63249091e-03
0.383500,1.00179704e-01,9.26797040e-02,6.178647,-1.06638145e-01,2.57408889e-03
0.384000,1.00126365e-01,9.26263650e-02,6.175091,-1.06678985e-01,2.56703629e-03
0.384500,1.00073000e-01,9.25730000e-02,6.171533,-1.06730039e-01,2.60447879e-03
0.385000,1.00019610e-01,9.25196100e-02,6.167974,-1.06778940e-01,2.66549246e-03
0.385500,9.99662022e-02,9.24662022e-02,6.164413,-1.06816298e-01,2.64364469e-03
0.386000,9.99127794e-02,9.24127794e-02,6.160852,-1.06845569e-01,2.58558161e-03
0.386500,9.98593376e-02,9.23593376e-02,6.157289,-1.06883562e-01,2.56888491e-03
0.387000,9.98058714e-02,9.23058714e-02,6.153725,-1.06932565e-01,2.60892806e-03
0.387500,9.97523810e-02,9.22523810e-02,6.150159,-1.06980769e-01,2.65841218e-03
0.388000,9.96988720e-02,9.21988720e-02,6.146591,-1.07018023e-01,2.64854455e-03
0.388500,9.96453479e-02,9.21453479e-02,6.143023,-1.07048023e-01,2.59790715e-03
0.389000,9.95918059e-02,9.20918059e-02,6.139454,-1.07084121e-01,2.57827574e-03
0.389500,9.95382407e-02,9.20382407e-02,6.135883,-1.07130270e-01,2.58291227e-03
0.390000,9.94846511e-02,9.19846511e-02,6.132310,-1.07179232e-01,2.64068312e-03
0.390500,9.94310400e-02,9.19310400e-02,6.128736,-1.07222325e-01,2.66765133e-03
0.391000,9.93774132e-02,9.18774132e-02,6.125161,-1.07253548e-01,2.61000908e-03
0.391500,9.93237705e-02,9.18237705e-02,6.121585,-1.07285438e-01,2.57309409e-03
0.392000,9.92701054e-02,9.17701054e-02,6.118007,-1.07330058e-01,2.58828627e-03
0.392500,9.92164157e-02,9.17164157e-02,6.114428,-1.07379396e-01,2.63919727e-03
0.393000,9.91627049e-02,9.16627049e-02,6.110847,-1.07421738e-01,2.67922357e-03
0.393500,9.91089788e-02,9.16089788e-02,6.107265,-1.07452181e-01,2.61367639e-03
0.394000,9.90552379e-02,9.15552379e-02,6.103683,-1.07481847e-01,2.56975007e-03
0.394500,9.90014748e-02,9.15014748e-02,6.100098,-1.07526161e-01,2.57769376e-03
0.395000,9.89476863e-02,9.14476863e-02,6.096512,-1.07576984e-01,2.63483678e-03
0.395500,9.88938756e-02,9.13938756e-02,6.092925,-1.07621451e-01,2.68768184e-03
0.396000,9.88400496e-02,9.13400496e-02,6.089337,-1.07651863e-01,2.63918632e-03
0.396500,9.87862107e-02,9.12862107e-02,6.085747,-1.07677884e-01,2.57746916e-03
0.397000,9.87323520e-02,9.12323520e-02,6.082157,-1.07717326e-01,2.57401702e-03
0.397500,9.86784684e-02,9.11784684e-02,6.078565,-1.07767207e-01,2.63181250e-03
0.398000,9.86245622e-02,9.11245622e-02,6.074971,-1.07812545e-01,2.67937851e-03
0.398500,9.85706401e-02,9.10706401e-02,6.071376,-1.07844187e-01,2.64620518e-03
0.399000,9.85167046e-02,9.10167046e-02,6.067780,-1.07870952e-01,2.58865018e-03
0.399500,9.84627505e-02,9.09627505e-02,6.064183,-1.07908252e-01,2.58762361e-03
0.400000,9.84087729e-02,9.09087729e-02,6.060585,-1.07955095e-01,2.61668570e-03
0.400500,9.83547731e-02,9.08547731e-02,6.056985,-1.07999536e-01,2.67858269e-03
0.401000,9.83007563e-02,9.08007563e-02,6.053384,-1.08033732e-01,2.65502269e-03
0.401500,9.82467264e-02,9.07467264e-02,6.049782,-1.08059848e-01,2.60045394e-03
0.402000,9.81926790e-02,9.06926790e-02,6.046179,-1.08094657e-01,2.58214426e-03
0.402500,9.81386090e-02,9.06386090e-02,6.042574,-1.08140046e-01,2.62175541e-03
0.403000,9.80845165e-02,9.05845165e-02,6.038968,-1.08184938e-01,2.67123660e-03
0.403500,9.80304071e-02,9.05304071e-02,6.035360,-1.08218952e-01,2.65994839e-03
0.404000,9.79762841e-02,9.04762841e-02,6.031752,-1.08245838e-01,2.60852963e-03
0.404500,9.79221446e-02,9.04221446e-02,6.028143,-1.08279124e-01,2.59220233e-03
0.405000,9.78679834e-02,9.03679834e-02,6.024532,-1.08322297e-01,2.60460315e-03
0.405500,9.78137999e-02,9.03137999e-02,6.020920,-1.08367055e-01,2.65885273e-03
0.406000,9.77595974e-02,9.02595974e-02,6.017306,-1.08404980e-01,2.67608428e-03
0.406500,9.77053812e-02,9.02053812e-02,6.013692,-1.08432473e-01,2.62493891e-03
0.407000,9.76511503e-02,9.01511503e-02,6.010077,-1.08461658e-01,2.58511059e-03
0.407500,9.75968990e-02,9.00968990e-02,6.006460,-1.08502764e-01,2.61081094e-03
0.408000,9.75426249e-02,9.00426249e-02,6.002842,-1.08548137e-01,2.65084816e-03
0.408500,9.74883320e-02,8.99883320e-02,5.999222,-1.08585751e-01,2.68048495e-03
0.409000,9.74340249e-02,8.99340249e-02,5.995602,-1.08614169e-01,2.61872400e-03
0.409500,9.73797033e-02,8.98797033e-02,5.991980,-1.08643182e-01,2.58547815e-03
0.410000,9.73253607e-02,8.98253607e-02,5.988357,-1.08685275e-01,2.60087130e-03
0.410500,9.72709950e-02,8.97709950e-02,5.984733,-1.08731467e-01,2.65135021e-03
0.411000,9.72166096e-02,8.97166096e-02,5.981107,-1.08770668e-01,2.69625013e-03
0.411500,9.71622108e-02,8.96622108e-02,5.977481,-1.08797610e-01,2.63656370e-03
0.412000,9.71077996e-02,8.96077996e-02,5.973853,-1.08822456e-01,2.57827053e-03
0.412500,9.70533685e-02,8.95533685e-02,5.970225,-1.08862258e-01,2.60199876e-03
0.413000,9.69989137e-02,8.94989137e-02,5.966594,-1.08909534e-01,2.65198959e-03
0.413500,9.69444395e-02,8.94444395e-02,5.962963,-1.08948493e-01,2.69736125e-03
0.414000,9.68899518e-02,8.93899518e-02,5.959330,-1.08975232e-01,2.64271712e-03
0.414500,9.68354522e-02,8.93354522e-02,5.955697,-1.08999352e-01,2.59107459e-03
0.415000,9.67809337e-02,8.92809337e-02,5.952062,-1.09037011e-01,2.59062465e-03
0.415500,9.67263921e-02,8.92263921e-02,5.948426,-1.09083190e-01,2.64774230e-03
0.416000,9.66718299e-02,8.91718299e-02,5.944789,-1.09124392e-01,2.70362798e-03
0.416500,9.66172542e-02,8.91172542e-02,5.941150,-1.09151274e-01,2.65612970e-03
0.417000,9.65626676e-02,8.90626676e-02,5.937511,-1.09173179e-01,2.59469645e-03
0.417500,9.65080635e-02,8.90080635e-02,5.933871,-1.09208315e-01,2.58985082e-03
0.418000,9.64534365e-02,8.89534365e-02,5.930229,-1.09253968e-01,2.65102119e-03
0.418500,9.63987890e-02,8.88987890e-02,5.926586,-1.09295008e-01,2.70083217e-03
0.419000,9.63441282e-02,8.88441282e-02,5.922942,-1.09321599e-01,2.66282584e-03
0.419500,9.62894565e-02,8.87894565e-02,5.919297,-1.09343370e-01,2.60180691e-03
0.420000,9.62347681e-02,8.87347681e-02,5.915651,-1.09376779e-01,2.59304802e-03
0.420500,9.61800576e-02,8.86800576e-02,5.912004,-1.09420981e-01,2.63492721e-03
0.421000,9.61253262e-02,8.86253262e-02,5.908355,-1.09462919e-01,2.69560876e-03
0.421500,9.60705799e-02,8.85705799e-02,5.904705,-1.09492614e-01,2.66737652e-03
0.422000,9.60158225e-02,8.85158225e-02,5.901055,-1.09514841e-01,2.61351642e-03
0.422500,9.59610492e-02,8.84610492e-02,5.897403,-1.09546467e-01,2.60018530e-03
0.423000,9.59062552e-02,8.84062552e-02,5.893750,-1.09588115e-01,2.64691197e-03
0.423500,9.58514413e-02,8.83514413e-02,5.890096,-1.09627821e-01,2.69591544e-03
0.424000,9.57966135e-02,8.82966135e-02,5.886441,-1.09655522e-01,2.66283326e-03
0.424500,9.57417744e-02,8.82417744e-02,5.882785,-1.09678100e-01,2.61671668e-03
0.425000,9.56869193e-02,8.81869193e-02,5.879128,-1.09710189e-01,2.60406908e-03
0.425500,9.56320439e-02,8.81320439e-02,5.875470,-1.09750968e-01,2.63386114e-03
0.426000,9.55771483e-02,8.80771483e-02,5.871810,-1.09791191e-01,2.69566508e-03
0.426500,9.55222377e-02,8.80222377e-02,5.868149,-1.09821056e-01,2.67540479e-03
0.427000,9.54673165e-02,8.79673165e-02,5.864488,-1.09842564e-01,2.61978957e-03
0.427500,9.54123803e-02,8.79123803e-02,5.860825,-1.09872317e-01,2.60179552e-03
0.428000,9.53574239e-02,8.78574239e-02,5.857162,-1.09912793e-01,2.64343614e-03
0.428500,9.53024476e-02,8.78024476e-02,5.853497,-1.09952542e-01,2.69509687e-03
0.429000,9.52474572e-02,8.77474572e-02,5.849830,-1.09980885e-01,2.67262002e-03
0.429500,9.51924558e-02,8.76924558e-02,5.846164,-1.10002733e-01,2.62611880e-03
0.430000,9.51374396e-02,8.76374396e-02,5.842496,-1.10032383e-01,2.60626433e-03
0.430500,9.50824039e-02,8.75824039e-02,5.838827,-1.10071425e-01,2.62245664e-03
0.431000,9.50273478e-02,8.75273478e-02,5.835157,-1.10112295e-01,2.69208663e-03
0.431500,9.49722756e-02,8.74722756e-02,5.831485,-1.10144349e-01,2.68096820e-03
0.432000,9.49171926e-02,8.74171926e-02,5.827813,-1.10165953e-01,2.63521225e-03
0.432500,9.48620959e-02,8.73620959e-02,5.824140,-1.10193429e-01,2.60778652e-03
0.433000,9.48069805e-02,8.73069805e-02,5.820465,-1.10230842e-01,2.63957157e-03
0.433500,9.47518455e-02,8.72518455e-02,5.816790,-1.10269949e-01,2.69055974e-03
0.434000,9.46966958e-02,8.71966958e-02,5.813113,-1.10299328e-01,2.68208553e-03
0.434500,9.46415353e-02,8.71415353e-02,5.809436,-1.10321084e-01,2.63192617e-03
0.435000,9.45863610e-02,8.70863610e-02,5.805757,-1.10348667e-01,2.61326944e-03
0.435500,9.45311679e-02,8.70311679e-02,5.802078,-1.10386135e-01,2.62821318e-03
0.436000,9.44759552e-02,8.69759552e-02,5.798397,-1.10425346e-01,2.68897417e-03
0.436500,9.44207269e-02,8.69207269e-02,5.794715,-1.10456731e-01,2.69394553e-03
0.437000,9.43654880e-02,8.68654880e-02,5.791033,-1.10477698e-01,2.63933984e-03
0.437500,9.43102367e-02,8.68102367e-02,5.787349,-1.10502677e-01,2.61122809e-03
0.438000,9.42549671e-02,8.67549671e-02,5.783664,-1.10539109e-01,2.63576672e-03
0.438500,9.41996781e-02,8.66996781e-02,5.779979,-1.10577987e-01,2.69026210e-03
0.439000,9.41443741e-02,8.66443741e-02,5.776292,-1.10608018e-01,2.69688501e-03
0.439500,9.40890599e-02,8.65890599e-02,5.772604,-1.10628514e-01,2.64105273e-03
0.440000,9.40337334e-02,8.65337334e-02,5.768916,-1.10652859e-01,2.61679561e-03
0.440500,9.39783892e-02,8.64783892e-02,5.765226,-1.10688517e-01,2.62486679e-03
0.441000,9.39230255e-02,8.64230255e-02,5.761535,-1.10727445e-01,2.68465608e-03
0.441500,9.38676456e-02,8.63676456e-02,5.757843,-1.10759761e-01,2.70676430e-03
0.442000,9.38122554e-02,8.63122554e-02,5.754150,-1.10780304e-01,2.64781825e-03
0.442500,9.37568542e-02,8.62568542e-02,5.750457,-1.10802429e-01,2.61377664e-03
0.443000,9.37014356e-02,8.62014356e-02,5.746762,-1.10837243e-01,2.63670012e-03
0.443500,9.36459978e-02,8.61459978e-02,5.743067,-1.10875620e-01,2.68566242e-03
0.444000,9.35905448e-02,8.60905448e-02,5.739370,-1.10905904e-01,2.70285100e-03
0.444500,9.35350815e-02,8.60350815e-02,5.735672,-1.10926627e-01,2.64841406e-03
0.445000,9.34796068e-02,8.59796068e-02,5.731974,-1.10949342e-01,2.61826833e-03
0.445500,9.34241150e-02,8.59241150e-02,5.728274,-1.10983661e-01,2.62688938e-03
0.446000,9.33686039e-02,8.58686039e-02,5.724574,-1.11022168e-01,2.68542871e-03
0.446500,9.33130769e-02,8.58130769e-02,5.720872,-1.11054084e-01,2.71023136e-03
0.447000,9.32575398e-02,8.57575398e-02,5.717169,-1.11074193e-01,2.65234222e-03
0.447500,9.32019921e-02,8.57019921e-02,5.713466,-1.11095349e-01,2.61557697e-03
0.448000,9.31464275e-02,8.56464275e-02,5.709762,-1.11129261e-01,2.64020767e-03
0.448500,9.30908440e-02,8.55908440e-02,5.706056,-1.11167032e-01,2.68858370e-03
0.449000,9.30352457e-02,8.55352457e-02,5.702350,-1.11196482e-01,2.70592884e-03
0.449500,9.29796375e-02,8.54796375e-02,5.698643,-1.11216454e-01,2.65018872e-03
0.450000,9.29240182e-02,8.54240182e-02,5.694935,-1.11238506e-01,2.62049868e-03
0.450500,9.28683821e-02,8.53683821e-02,5.691225,-1.11272337e-01,2.62963000e-03
0.451000,9.28127270e-02,8.53127270e-02,5.687515,-1.11310235e-01,2.68884403e-03
0.451500,9.27570563e-02,8.52570563e-02,5.683804,-1.11341399e-01,2.71348171e-03
0.452000,9.27013759e-02,8.52013759e-02,5.680092,-1.11360660e-01,2.65458044e-03
0.452500,9.26456854e-02,8.51456854e-02,5.676379,-1.11381084e-01,2.62080106e-03
0.453000,9.25899783e-02,8.50899783e-02,5.672665,-1.11414167e-01,2.64185402e-03
0.453500,9.25342528e-02,8.50342528e-02,5.668950,-1.11450935e-01,2.69195525e-03
0.454000,9.24785129e-02,8.49785129e-02,5.665234,-1.11479816e-01,2.70740303e-03
0.454500,9.24227634e-02,8.49227634e-02,5.661518,-1.11499104e-01,2.65225511e-03
0.455000,9.23670030e-02,8.48670030e-02,5.657800,-1.11520731e-01,2.62598546e-03
0.455500,9.23112261e-02,8.48112261e-02,5.654082,-1.11553737e-01,2.63140311e-03
0.456000,9.22554308e-02,8.47554308e-02,5.650362,-1.11590578e-01,2.69646443e-03
0.456500,9.21996205e-02,8.46996205e-02,5.646641,-1.11620776e-01,2.71197901e-03
0.457000,9.21438010e-02,8.46438010e-02,5.642920,-1.11638920e-01,2.65307782e-03
0.457500,9.20879711e-02,8.45879711e-02,5.639198,-1.11659723e-01,2.62108786e-03
0.458000,9.20321246e-02,8.45321246e-02,5.635475,-1.11693027e-01,2.64827179e-03
0.458500,9.19762600e-02,8.44762600e-02,5.631751,-1.11729180e-01,2.70582003e-03
0.459000,9.19203821e-02,8.44203821e-02,5.628025,-1.11755782e-01,2.70155347e-03
0.459500,9.18644955e-02,8.43644955e-02,5.624300,-1.11773310e-01,2.64882868e-03
0.460000,9.18085974e-02,8.43085974e-02,5.620573,-1.11796201e-01,2.62574050e-03
0.460500,9.17526825e-02,8.42526825e-02,5.616846,-1.11829792e-01,2.64109378e-03
0.461000,9.16967496e-02,8.41967496e-02,5.613117,-1.11865816e-01,2.70533402e-03
0.461500,9.16408028e-02,8.41408028e-02,5.609387,-1.11893639e-01,2.70359135e-03
0.462000,9.15848472e-02,8.40848472e-02,5.605656,-1.11911067e-01,2.65352591e-03
0.462500,9.15288806e-02,8.40288806e-02,5.601925,-1.11933208e-01,2.62617061e-03
0.463000,9.14728976e-02,8.39728976e-02,5.598193,-1.11965989e-01,2.65722990e-03
0.463500,9.14168974e-02,8.39168974e-02,5.594460,-1.12000516e-01,2.71046075e-03
0.464000,9.13608848e-02,8.38608848e-02,5.590726,-1.12025236e-01,2.69514855e-03
0.464500,9.13048635e-02,8.38048635e-02,5.586991,-1.12042569e-01,2.65277147e-03
0.465000,9.12488304e-02,8.37488304e-02,5.583255,-1.12066163e-01,2.63027659e-03
0.465500,9.11927810e-02,8.36927810e-02,5.579519,-1.12098705e-01,2.64623701e-03
0.466000,9.11367143e-02,8.36367143e-02,5.575781,-1.12133529e-01,2.71369282e-03
0.466500,9.10806344e-02,8.35806344e-02,5.572042,-1.12159768e-01,2.70309197e-03
0.467000,9.10245465e-02,8.35245465e-02,5.568303,-1.12175868e-01,2.65451747e-03
0.467500,9.09684475e-02,8.34684475e-02,5.564563,-1.12198004e-01,2.62879210e-03
0.468000,9.09123323e-02,8.34123323e-02,5.560822,-1.12230390e-01,2.66510684e-03
0.468500,9.08562004e-02,8.33562004e-02,5.557080,-1.12263790e-01,2.71830940e-03
0.469000,9.08000571e-02,8.33000571e-02,5.553337,-1.12286522e-01,2.69890502e-03
0.469500,9.07439060e-02,8.32439060e-02,5.549594,-1.12302234e-01,2.64579424e-03
0.470000,9.06877431e-02,8.31877431e-02,5.545850,-1.12325829e-01,2.63126939e-03
0.470500,9.06315634e-02,8.31315634e-02,5.542104,-1.12359428e-01,2.66040567e-03
0.471000,9.05753669e-02,8.30753669e-02,5.538358,-1.12392837e-01,2.72324903e-03
0.471500,9.05191590e-02,8.30191590e-02,5.534611,-1.12415905e-01,2.69833221e-03
0.472000,9.04629436e-02,8.29629436e-02,5.530863,-1.12430856e-01,2.64851449e-03
0.472500,9.04067164e-02,8.29067164e-02,5.527114,-1.12454304e-01,2.63124831e-03
0.473000,9.03504727e-02,8.28504727e-02,5.523365,-1.12487459e-01,2.67535210e-03
0.473500,9.02942129e-02,8.27942129e-02,5.519614,-1.12519550e-01,2.72666352e-03
0.474000,9.02379430e-02,8.27379430e-02,5.515863,-1.12539861e-01,2.69055173e-03
0.474500,9.01816655e-02,8.26816655e-02,5.512111,-1.12554940e-01,2.64240912e-03
0.475000,9.01253754e-02,8.26253754e-02,5.508358,-1.12580205e-01,2.63141457e-03
0.475500,9.00690682e-02,8.25690682e-02,5.504605,-1.12614348e-01,2.66706906e-03
0.476000,9.00127447e-02,8.25127447e-02,5.500850,-1.12647144e-01,2.73212332e-03
0.476500,8.99564105e-02,8.24564105e-02,5.497094,-1.12668333e-01,2.70410504e-03
0.477000,8.99000698e-02,8.24000698e-02,5.493338,-1.12681316e-01,2.63908520e-03
0.477500,8.98437175e-02,8.23437175e-02,5.489581,-1.12704650e-01,2.62416988e-03
0.478000,8.97873475e-02,8.22873475e-02,5.485823,-1.12739979e-01,2.68304006e-03
0.478500,8.97309612e-02,8.22309612e-02,5.482064,-1.12772552e-01,2.73545196e-03
0.479000,8.96745658e-02,8.21745658e-02,5.478304,-1.12790824e-01,2.69800162e-03
0.479500,8.96181639e-02,8.21181639e-02,5.474544,-1.12803801e-01,2.63846607e-03
0.480000,8.95617498e-02,8.20617498e-02,5.470783,-1.12828192e-01,2.62478423e-03
0.480500,8.95053180e-02,8.20053180e-02,5.467021,-1.12863568e-01,2.67974854e-03
0.481000,8.94488699e-02,8.19488699e-02,5.463258,-1.12896332e-01,2.74437836e-03
0.481500,8.93924127e-02,8.18924127e-02,5.459494,-1.12914355e-01,2.69645074e-03
0.482000,8.93359497e-02,8.18359497e-02,5.455730,-1.12926003e-01,2.63218139e-03
0.482500,8.92794741e-02,8.17794741e-02,5.451965,-1.12951204e-01,2.62476599e-03
0.483000,8.92229803e-02,8.17229803e-02,5.448199,-1.12987614e-01,2.69136131e-03
0.483500,8.91664706e-02,8.16664706e-02,5.444431,-1.13019354e-01,2.74509559e-03
0.484000,8.91099529e-02,8.16099529e-02,5.440664,-1.13035407e-01,2.68795821e-03
0.484500,8.90534291e-02,8.15534291e-02,5.436895,-1.13047688e-01,2.62850353e-03
0.485000,8.89968918e-02,8.14968918e-02,5.433126,-1.13074609e-01,2.63911888e-03
0.485500,8.89403366e-02,8.14403366e-02,5.429356,-1.13110354e-01,2.69039922e-03
0.486000,8.88837667e-02,8.13837667e-02,5.425584,-1.13139821e-01,2.74942795e-03
0.486500,8.88271889e-02,8.13271889e-02,5.421813,-1.13155649e-01,2.68764449e-03
0.487000,8.87706052e-02,8.12706052e-02,5.418040,-1.13167247e-01,2.63204157e-03
0.487500,8.87140083e-02,8.12140083e-02,5.414267,-1.13193906e-01,2.64491059e-03
0.488000,8.86573940e-02,8.11573940e-02,5.410493,-1.13228558e-01,2.70204054e-03
0.488500,8.86007660e-02,8.11007660e-02,5.406718,-1.13256045e-01,2.74014187e-03
0.489000,8.85441306e-02,8.10441306e-02,5.402942,-1.13270783e-01,2.67507952e-03
0.489500,8.84874881e-02,8.09874881e-02,5.399166,-1.13285016e-01,2.63621857e-03
0.490000,8.84308314e-02,8.09308314e-02,5.395389,-1.13313370e-01,2.65642825e-03
0.490500,8.83741582e-02,8.08741582e-02,5.391611,-1.13346317e-01,2.70723271e-03
0.491000,8.83174725e-02,8.08174725e-02,5.387831,-1.13371454e-01,2.73662914e-03
0.491500,8.82607797e-02,8.07607797e-02,5.384052,-1.13385649e-01,2.68576052e-03
0.492000,8.82040799e-02,8.07040799e-02,5.380272,-1.13399515e-01,2.64290678e-03
0.492500,8.81473672e-02,8.06473672e-02,5.376491,-1.13425523e-01,2.66180348e-03
0.493000,8.80906387e-02,8.05906387e-02,5.372709,-1.13456898e-01,2.71195094e-03
0.493500,8.80338983e-02,8.05338983e-02,5.368927,-1.13480735e-01,2.73099972e-03
0.494000,8.79771510e-02,8.04771510e-02,5.365143,-1.13494653e-01,2.67392561e-03
0.494500,8.79203958e-02,8.04203958e-02,5.361360,-1.13510490e-01,2.64529138e-03
0.495000,8.78636267e-02,8.03636267e-02,5.357575,-1.13538230e-01,2.65556168e-03
0.495500,8.78068418e-02,8.03068418e-02,5.353789,-1.13569765e-01,2.72381203e-03
0.496000,8.77500450e-02,8.02500450e-02,5.350003,-1.13593578e-01,2.71822856e-03
0.496500,8.76932416e-02,8.01932416e-02,5.346216,-1.13606678e-01,2.67368524e-03
0.497000,8.76364293e-02,8.01364293e-02,5.342429,-1.13624633e-01,2.64576249e-03
0.497500,8.75796031e-02,8.00796031e-02,5.338640,-1.13652371e-01,2.67985870e-03
0.498000,8.75227623e-02,8.00227623e-02,5.334851,-1.13681680e-01,2.73292335e-03
0.498500,8.74659120e-02,7.99659120e-02,5.331061,-1.13700698e-01,2.71562552e-03
0.499000,8.74090557e-02,7.99090557e-02,5.327270,-1.13712532e-01,2.66281377e-03
0.499500,8.73521898e-02,7.98521898e-02,5.323479,-1.13731876e-01,2.64555750e-03
0.500000,8.72953090e-02,7.97953090e-02,5.319687,-1.13761418e-01,2.67235346e-03
0.500500,8.72384133e-02,7.97384133e-02,5.315894,-1.13791424e-01,2.74060395e-03
0.501000,8.71815078e-02,7.96815078e-02,5.312101,-1.13810995e-01,2.71654428e-03
0.501500,8.71245971e-02,7.96245971e-02,5.308306,-1.13821486e-01,2.66192439e-03
0.502000,8.70676767e-02,7.95676767e-02,5.304512,-1.13840758e-01,2.63766105e-03
0.502500,8.70107411e-02,7.95107411e-02,5.300716,-1.13871144e-01,2.68694648e-03
0.503000,8.69537906e-02,7.94537906e-02,5.296919,-1.13901156e-01,2.74574458e-03
0.503500,8.68968316e-02,7.93968316e-02,5.293122,-1.13917877e-01,2.71202358e-03
0.504000,8.68398677e-02,7.93398677e-02,5.289325,-1.13927924e-01,2.65325440e-03
0.504500,8.67828933e-02,7.92828933e-02,5.285526,-1.13948704e-01,2.63644857e-03
0.505000,8.67259030e-02,7.92259030e-02,5.281727,-1.13980621e-01,2.69197973e-03
0.505500,8.66688978e-02,7.91688978e-02,5.277927,-1.14010387e-01,2.75364341e-03
0.506000,8.66118850e-02,7.91118850e-02,5.274126,-1.14025583e-01,2.70748686e-03
0.506500,8.65548676e-02,7.90548676e-02,5.270325,-1.14034734e-01,2.64002346e-03
0.507000,8.64978389e-02,7.89978389e-02,5.266523,-1.14057429e-01,2.64974863e-03
0.507500,8.64407938e-02,7.89407938e-02,5.262720,-1.14090343e-01,2.70346423e-03
0.508000,8.63837353e-02,7.88837353e-02,5.258916,-1.14116910e-01,2.75643290e-03
0.508500,8.63266703e-02,7.88266703e-02,5.255111,-1.14129973e-01,2.68774835e-03
0.509000,8.62696001e-02,7.87696001e-02,5.251307,-1.14140411e-01,2.64193008e-03
0.509500,8.62125170e-02,7.87125170e-02,5.247501,-1.14166179e-01,2.65232667e-03
0.510000,8.61554177e-02,7.86554177e-02,5.243695,-1.14198551e-01,2.71137609e-03
0.510500,8.60983058e-02,7.85983058e-02,5.239887,-1.14223996e-01,2.75404232e-03
0.511000,8.60411878e-02,7.85411878e-02,5.236079,-1.14235971e-01,2.69761140e-03
0.511500,8.59840648e-02,7.84840648e-02,5.232271,-1.14245930e-01,2.64689683e-03
0.512000,8.59269300e-02,7.84269300e-02,5.228462,-1.14269639e-01,2.66117740e-03
0.512500,8.58697798e-02,7.83697798e-02,5.224652,-1.14300413e-01,2.72372710e-03
0.513000,8.58126181e-02,7.83126181e-02,5.220841,-1.14323312e-01,2.74752960e-03
0.513500,8.57554512e-02,7.82554512e-02,5.217030,-1.14333835e-01,2.68720748e-03
0.514000,8.56982783e-02,7.81982783e-02,5.213219,-1.14345783e-01,2.65274787e-03
0.514500,8.56410930e-02,7.81410930e-02,5.209406,-1.14370683e-01,2.66129917e-03
0.515000,8.55838927e-02,7.80838927e-02,5.205593,-1.14400486e-01,2.73365720e-03
0.515500,8.55266815e-02,7.80266815e-02,5.201779,-1.14422487e-01,2.72888573e-03
0.516000,8.54694650e-02,7.79694650e-02,5.197964,-1.14433027e-01,2.68416153e-03
0.516500,8.54122408e-02,7.79122408e-02,5.194149,-1.14448306e-01,2.65301744e-03
0.517000,8.53550040e-02,7.78550040e-02,5.190334,-1.14473683e-01,2.68946420e-03
0.517500,8.52977535e-02,7.77977535e-02,5.186517,-1.14500951e-01,2.74164739e-03
0.518000,8.52404947e-02,7.77404947e-02,5.182700,-1.14517620e-01,2.71816101e-03
0.518500,8.51832308e-02,7.76832308e-02,5.178882,-1.14527797e-01,2.66638327e-03
0.519000,8.51259576e-02,7.76259576e-02,5.175064,-1.14546409e-01,2.65507570e-03
0.519500,8.50686703e-02,7.75686703e-02,5.171245,-1.14574523e-01,2.68683524e-03
0.520000,8.50113695e-02,7.75113695e-02,5.167425,-1.14601686e-01,2.75242705e-03
0.520500,8.49540606e-02,7.74540606e-02,5.163604,-1.14617834e-01,2.72357321e-03
0.521000,8.48967477e-02,7.73967477e-02,5.159783,-1.14625762e-01,2.66058968e-03
0.521500,8.48394257e-02,7.73394257e-02,5.155962,-1.14643998e-01,2.64208280e-03
0.522000,8.47820886e-02,7.72820886e-02,5.152139,-1.14674212e-01,2.70366645e-03
0.522500,8.47247376e-02,7.72247376e-02,5.148316,-1.14702020e-01,2.76410751e-03
0.523000,8.46673804e-02,7.71673804e-02,5.144492,-1.14714371e-01,2.71080210e-03
0.523500,8.46100196e-02,7.71100196e-02,5.140668,-1.14721510e-01,2.64645958e-03
0.524000,8.45526481e-02,7.70526481e-02,5.136843,-1.14743092e-01,2.65387307e-03
0.524500,8.44952608e-02,7.69952608e-02,5.133017,-1.14774584e-01,2.70434888e-03
0.525000,8.44378606e-02,7.69378606e-02,5.129191,-1.14800396e-01,2.76597591e-03
0.525500,8.43804544e-02,7.68804544e-02,5.125364,-1.14812470e-01,2.70544391e-03
0.526000,8.43230445e-02,7.68230445e-02,5.121536,-1.14819776e-01,2.65515354e-03
0.526500,8.42656237e-02,7.67656237e-02,5.117708,-1.14841469e-01,2.66989339e-03
0.527000,8.42081887e-02,7.67081887e-02,5.113879,-1.14870117e-01,2.71915579e-03
0.527500,8.41507427e-02,7.66507427e-02,5.110050,-1.14891989e-01,2.74863835e-03
0.528000,8.40932911e-02,7.65932911e-02,5.106219,-1.14903165e-01,2.70091824e-03
0.528500,8.40358342e-02,7.65358342e-02,5.102389,-1.14913718e-01,2.66441415e-03
0.529000,8.39783666e-02,7.64783666e-02,5.098558,-1.14935336e-01,2.66608809e-03
0.529500,8.39208852e-02,7.64208852e-02,5.094726,-1.14962799e-01,2.73307353e-03
0.530000,8.38633931e-02,7.63633931e-02,5.090893,-1.14984065e-01,2.73978796e-03
0.530500,8.38058963e-02,7.63058963e-02,5.087060,-1.14993738e-01,2.69191370e-03
0.531000,8.37483930e-02,7.62483930e-02,5.083226,-1.15006541e-01,2.65858125e-03
0.531500,8.36908779e-02,7.61908779e-02,5.079392,-1.15030153e-01,2.69160531e-03
0.532000,8.36333498e-02,7.61333498e-02,5.075557,-1.15056318e-01,2.74819114e-03
0.532500,8.35758137e-02,7.60758137e-02,5.071721,-1.15072057e-01,2.72769475e-03
0.533000,8.35182736e-02,7.60182736e-02,5.067885,-1.15080317e-01,2.67586021e-03
0.533500,8.34607253e-02,7.59607253e-02,5.064048,-1.15096525e-01,2.66067357e-03
0.534000,8.34031640e-02,7.59031640e-02,5.060211,-1.15122588e-01,2.68987776e-03
0.534500,8.33455897e-02,7.58455897e-02,5.056373,-1.15148562e-01,2.75548722e-03
0.535000,8.32880078e-02,7.57880078e-02,5.052534,-1.15163940e-01,2.73281635e-03
0.535500,8.32304225e-02,7.57304225e-02,5.048695,-1.15170549e-01,2.66700877e-03
0.536000,8.31728291e-02,7.56728291e-02,5.044855,-1.15186699e-01,2.64643575e-03
0.536500,8.31152214e-02,7.56152214e-02,5.041015,-1.15215474e-01,2.70835184e-03
0.537000,8.30576003e-02,7.55576003e-02,5.037173,-1.15242153e-01,2.76872423e-03
0.537500,8.29999737e-02,7.54999737e-02,5.033332,-1.15253326e-01,2.71572138e-03
0.538000,8.29423440e-02,7.54423440e-02,5.029490,-1.15259273e-01,2.65152477e-03
0.538500,8.28847042e-02,7.53847042e-02,5.025647,-1.15279599e-01,2.65971555e-03
0.539000,8.28270494e-02,7.53270494e-02,5.021803,-1.15309743e-01,2.71585955e-03
0.539500,8.27693826e-02,7.52693826e-02,5.017959,-1.15333577e-01,2.77012562e-03
0.540000,8.27117109e-02,7.52117109e-02,5.014114,-1.15343394e-01,2.70692657e-03
0.540500,8.26540359e-02,7.51540359e-02,5.010269,-1.15349888e-01,2.65783791e-03
0.541000,8.25963504e-02,7.50963504e-02,5.006423,-1.15371100e-01,2.68035195e-03
0.541500,8.25386512e-02,7.50386512e-02,5.002577,-1.15398383e-01,2.73004581e-03
0.542000,8.24809424e-02,7.49809424e-02,4.998729,-1.15417574e-01,2.75324670e-03
0.542500,8.24232291e-02,7.49232291e-02,4.994882,-1.15426554e-01,2.70224459e-03
0.543000,8.23655110e-02,7.48655110e-02,4.991034,-1.15436234e-01,2.66672518e-03
0.543500,8.23077823e-02,7.48077823e-02,4.987185,-1.15457429e-01,2.67316119e-03
0.544000,8.22500404e-02,7.47500404e-02,4.983336,-1.15483888e-01,2.74372830e-03
0.544500,8.21922888e-02,7.46922888e-02,4.979486,-1.15503050e-01,2.74366201e-03
0.545000,8.21345335e-02,7.46345335e-02,4.975636,-1.15510631e-01,2.69283659e-03
0.545500,8.20767722e-02,7.45767722e-02,4.971785,-1.15522716e-01,2.66243267e-03
0.546000,8.20189992e-02,7.45189992e-02,4.967933,-1.15545836e-01,2.70220891e-03
0.546500,8.19612140e-02,7.44612140e-02,4.964081,-1.15570431e-01,2.75929117e-03
0.547000,8.19034223e-02,7.44034223e-02,4.960228,-1.15583447e-01,2.73290995e-03
0.547500,8.18456276e-02,7.43456276e-02,4.956375,-1.15589423e-01,2.67664657e-03
0.548000,8.17878252e-02,7.42878252e-02,4.952522,-1.15604706e-01,2.65636930e-03
0.548500,8.17300097e-02,7.42300097e-02,4.948667,-1.15631020e-01,2.70166576e-03
0.549000,8.16721814e-02,7.41721814e-02,4.944812,-1.15656659e-01,2.76984126e-03
0.549500,8.16143470e-02,7.41143470e-02,4.940956,-1.15668832e-01,2.72725476e-03
0.550000,8.15565102e-02,7.40565102e-02,4.937101,-1.15673575e-01,2.66133457e-03
0.550500,8.14986646e-02,7.39986646e-02,4.933244,-1.15691140e-01,2.66310680e-03
0.551000,8.14408049e-02,7.39408049e-02,4.929387,-1.15719373e-01,2.71993188e-03
0.551500,8.13829338e-02,7.38829338e-02,4.925529,-1.15742290e-01,2.77493987e-03
0.552000,8.13250583e-02,7.38250583e-02,4.921671,-1.15751013e-01,2.70411281e-03
0.552500,8.12671798e-02,7.37671798e-02,4.917812,-1.15756965e-01,2.66125425e-03
0.553000,8.12092906e-02,7.37092906e-02,4.913953,-1.15778337e-01,2.67405733e-03
0.553500,8.11513878e-02,7.36513878e-02,4.910093,-1.15805615e-01,2.73384049e-03
0.554000,8.10934751e-02,7.35934751e-02,4.906232,-1.15825505e-01,2.76814189e-03
0.554500,8.10355588e-02,7.35355588e-02,4.902371,-1.15832544e-01,2.71003437e-03
0.555000,8.09776393e-02,7.34776393e-02,4.898509,-1.15839089e-01,2.66720619e-03
0.555500,8.09197098e-02,7.34197098e-02,4.894647,-1.15858963e-01,2.68953808e-03
0.556000,8.08617678e-02,7.33617678e-02,4.890785,-1.15883895e-01,2.74845187e-03
0.556500,8.08038179e-02,7.33038179e-02,4.886921,-1.15899950e-01,2.74084259e-03
0.557000,8.07458643e-02,7.32458643e-02,4.883058,-1.15907004e-01,2.69533766e-03
0.557500,8.06879047e-02,7.31879047e-02,4.879194,-1.15919332e-01,2.67039288e-03
0.558000,8.06299340e-02,7.31299340e-02,4.875329,-1.15941337e-01,2.69094565e-03
0.558500,8.05719512e-02,7.30719512e-02,4.871463,-1.15965621e-01,2.76329424e-03
0.559000,8.05139611e-02,7.30139611e-02,4.867597,-1.15980133e-01,2.74363041e-03
0.559500,8.04559689e-02,7.29559689e-02,4.863731,-1.15984503e-01,2.67882235e-03
0.560000,8.03979700e-02,7.28979700e-02,4.859865,-1.15997833e-01,2.65566125e-03
0.560500,8.03399580e-02,7.28399580e-02,4.855997,-1.16023853e-01,2.71547177e-03
0.561000,8.02819338e-02,7.27819338e-02,4.852129,-1.16048387e-01,2.77651954e-03
0.561500,8.02239050e-02,7.27239050e-02,4.848260,-1.16057702e-01,2.72599011e-03
0.562000,8.01658743e-02,7.26658743e-02,4.844392,-1.16061461e-01,2.66195066e-03
0.562500,8.01078347e-02,7.26078347e-02,4.840522,-1.16079179e-01,2.66713028e-03
0.563000,8.00497812e-02,7.25497812e-02,4.836652,-1.16106955e-01,2.71949181e-03
0.563500,7.99917166e-02,7.24917166e-02,4.832781,-1.16129251e-01,2.77868335e-03
0.564000,7.99336477e-02,7.24336477e-02,4.828910,-1.16137715e-01,2.71806236e-03
0.564500,7.98755768e-02,7.23755768e-02,4.825038,-1.16141819e-01,2.66708741e-03
0.565000,7.98174966e-02,7.23174966e-02,4.821166,-1.16160385e-01,2.68525851e-03
0.565500,7.97594038e-02,7.22594038e-02,4.817294,-1.16185714e-01,2.74143803e-03
0.566000,7.97013022e-02,7.22013022e-02,4.813420,-1.16203093e-01,2.76565136e-03
0.566500,7.96431977e-02,7.21431977e-02,4.809547,-1.16209105e-01,2.70436257e-03
0.567000,7.95850894e-02,7.20850894e-02,4.805673,-1.16216561e-01,2.67016559e-03
0.567500,7.95269708e-02,7.20269708e-02,4.801798,-1.16237104e-01,2.67962041e-03
0.568000,7.94688396e-02,7.19688396e-02,4.797923,-1.16262426e-01,2.75966608e-03
0.568500,7.94107001e-02,7.19107001e-02,4.794047,-1.16279119e-01,2.75594352e-03
0.569000,7.93525586e-02,7.18525586e-02,4.790171,-1.16282997e-01,2.69833909e-03
0.569500,7.92944123e-02,7.17944123e-02,4.786294,-1.16292579e-01,2.66689426e-03
0.570000,7.92362551e-02,7.17362551e-02,4.782417,-1.16314400e-01,2.70679187e-03
0.570500,7.91780861e-02,7.16780861e-02,4.778539,-1.16337858e-01,2.76737485e-03
0.571000,7.91199114e-02,7.16199114e-02,4.774661,-1.16349407e-01,2.73817164e-03
0.571500,7.90617346e-02,7.15617346e-02,4.770782,-1.16353590e-01,2.68061545e-03
0.572000,7.90035508e-02,7.15035508e-02,4.766903,-1.16367657e-01,2.65950821e-03
0.572500,7.89453543e-02,7.14453543e-02,4.763024,-1.16393043e-01,2.71338167e-03
0.573000,7.88871457e-02,7.13871457e-02,4.759143,-1.16417130e-01,2.77952271e-03
0.573500,7.88289325e-02,7.13289325e-02,4.755262,-1.16426523e-01,2.73043790e-03
0.574000,7.87707178e-02,7.12707178e-02,4.751381,-1.16429395e-01,2.66963955e-03
0.574500,7.87124949e-02,7.12124949e-02,4.747500,-1.16445703e-01,2.67814425e-03
0.575000,7.86542593e-02,7.11542593e-02,4.743617,-1.16471243e-01,2.73434212e-03
0.575500,7.85960141e-02,7.10960141e-02,4.739734,-1.16490417e-01,2.76965436e-03
0.576000,7.85377655e-02,7.10377655e-02,4.735851,-1.16497240e-01,2.72027676e-03
0.576500,7.84795141e-02,7.09795141e-02,4.731968,-1.16502631e-01,2.67955290e-03
0.577000,7.84212543e-02,7.09212543e-02,4.728084,-1.16519731e-01,2.67886020e-03
0.577500,7.83629825e-02,7.08629825e-02,4.724199,-1.16543580e-01,2.74857606e-03
0.578000,7.83047018e-02,7.08047018e-02,4.720313,-1.16561378e-01,2.75333805e-03
0.578500,7.82464182e-02,7.07464182e-02,4.716428,-1.16567307e-01,2.70914735e-03
0.579000,7.81881300e-02,7.06881300e-02,4.712542,-1.16576361e-01,2.67568764e-03
0.579500,7.81298322e-02,7.06298322e-02,4.708655,-1.16595630e-01,2.71128686e-03
0.580000,7.80715235e-02,7.05715235e-02,4.704768,-1.16617246e-01,2.76689308e-03
0.580500,7.80132095e-02,7.05132095e-02,4.700881,-1.16628100e-01,2.74518125e-03
0.581000,7.79548936e-02,7.04548936e-02,4.696993,-1.16631742e-01,2.68380861e-03
0.581500,7.78965714e-02,7.03965714e-02,4.693105,-1.16644377e-01,2.66899117e-03
0.582000,7.78382372e-02,7.03382372e-02,4.689216,-1.16668399e-01,2.71587831e-03
0.582500,7.77798919e-02,7.02798919e-02,4.685326,-1.16690708e-01,2.77943355e-03
0.583000,7.77215420e-02,7.02215420e-02,4.681436,-1.16699699e-01,2.73314234e-03
0.583500,7.76631908e-02,7.01631908e-02,4.677546,-1.16702347e-01,2.66404971e-03
0.584000,7.76048315e-02,7.01048315e-02,4.673655,-1.16718705e-01,2.67807960e-03
0.584500,7.75464589e-02,7.00464589e-02,4.669764,-1.16745168e-01,2.73946336e-03
0.585000,7.74880770e-02,6.99880770e-02,4.665872,-1.16763900e-01,2.77891788e-03
0.585500,7.74296924e-02,6.99296924e-02,4.661979,-1.16769064e-01,2.72065663e-03
0.586000,7.73713060e-02,6.98713060e-02,4.658087,-1.16772900e-01,2.67822938e-03
0.586500,7.73129109e-02,6.98129109e-02,4.654194,-1.16790055e-01,2.68479342e-03
0.587000,7.72545042e-02,6.97545042e-02,4.650300,-1.16813596e-01,2.75334918e-03
0.587500,7.71960892e-02,6.96960892e-02,4.646406,-1.16829997e-01,2.75834247e-03
0.588000,7.71376718e-02,6.96376718e-02,4.642511,-1.16834700e-01,2.71053794e-03
0.588500,7.70792504e-02,6.95792504e-02,4.638617,-1.16842810e-01,2.67818998e-03
0.589000,7.70208196e-02,6.95208196e-02,4.634721,-1.16861630e-01,2.71651355e-03
0.589500,7.69623784e-02,6.94623784e-02,4.630825,-1.16882372e-01,2.76793334e-03
0.590000,7.69039323e-02,6.94039323e-02,4.626929,-1.16892276e-01,2.74239162e-03
0.590500,7.68454843e-02,6.93454843e-02,4.623032,-1.16895994e-01,2.69186781e-03
0.591000,7.67870301e-02,6.92870301e-02,4.619135,-1.16908374e-01,2.67038433e-03
0.591500,7.67285646e-02,6.92285646e-02,4.615238,-1.16930949e-01,2.71621947e-03
0.592000,7.66700881e-02,6.91700881e-02,4.611339,-1.16953000e-01,2.78165209e-03
0.592500,7.66116072e-02,6.91116072e-02,4.607440,-1.16961739e-01,2.73923462e-03
0.593000,7.65531255e-02,6.90531255e-02,4.603542,-1.16963483e-01,2.66921612e-03
0.593500,7.64946363e-02,6.89946363e-02,4.599642,-1.16978384e-01,2.67925288e-03
0.594000,7.64361343e-02,6.89361343e-02,4.595742,-1.17003896e-01,2.74040923e-03
0.594500,7.63776232e-02,6.88776232e-02,4.591842,-1.17022351e-01,2.78266070e-03
0.595000,7.63191097e-02,6.88191097e-02,4.587941,-1.17027028e-01,2.72202481e-03
0.595500,7.62605946e-02,6.87605946e-02,4.584040,-1.17030129e-01,2.68058525e-03
0.596000,7.62020712e-02,6.87020712e-02,4.580138,-1.17046851e-01,2.68696705e-03
0.596500,7.61435363e-02,6.86435363e-02,4.576236,-1.17069813e-01,2.75513870e-03
0.597000,7.60849934e-02,6.85849934e-02,4.572333,-1.17085699e-01,2.76119208e-03
0.597500,7.60264485e-02,6.85264485e-02,4.568430,-1.17089856e-01,2.71292184e-03
0.598000,7.59678998e-02,6.84678998e-02,4.564527,-1.17097287e-01,2.68001422e-03
0.598500,7.59093421e-02,6.84093421e-02,4.560623,-1.17115554e-01,2.72118562e-03
0.599000,7.58507743e-02,6.83507743e-02,4.556718,-1.17135584e-01,2.77372882e-03
0.599500,7.57922022e-02,6.82922022e-02,4.552813,-1.17144208e-01,2.74626411e-03
0.600000,7.57336289e-02,6.82336289e-02,4.548909,-1.17146632e-01,2.68812903e-03
0.600500,7.56750495e-02,6.81750495e-02,4.545003,-1.17158707e-01,2.67103215e-03
0.601000,7.56164586e-02,6.81164586e-02,4.541097,-1.17181839e-01,2.72116322e-03
0.601500,7.55578569e-02,6.80578569e-02,4.537190,-1.17203346e-01,2.78641891e-03
0.602000,7.54992515e-02,6.79992515e-02,4.533283,-1.17210852e-01,2.73859029e-03
0.602500,7.54406455e-02,6.79406455e-02,4.529376,-1.17211871e-01,2.66958086e-03
0.603000,7.53820321e-02,6.78820321e-02,4.525469,-1.17226845e-01,2.68516168e-03
0.603500,7.53234062e-02,6.78234062e-02,4.521560,-1.17251774e-01,2.74393641e-03
0.604000,7.52647718e-02,6.77647718e-02,4.517651,-1.17268947e-01,2.78382563e-03
0.604500,7.52061353e-02,6.77061353e-02,4.513742,-1.17272942e-01,2.72937275e-03
0.605000,7.51474977e-02,6.76474977e-02,4.509833,-1.17275202e-01,2.68523419e-03
0.605500,7.50888525e-02,6.75888525e-02,4.505923,-1.17290306e-01,2.68439015e-03
0.606000,7.50301962e-02,6.75301962e-02,4.502013,-1.17312733e-01,2.75744177e-03
0.606500,7.49715317e-02,6.74715317e-02,4.498102,-1.17328839e-01,2.76101391e-03
0.607000,7.49128654e-02,6.74128654e-02,4.494191,-1.17332633e-01,2.71625911e-03
0.607500,7.48541955e-02,6.73541955e-02,4.490280,-1.17339798e-01,2.68133797e-03
0.608000,7.47955168e-02,6.72955168e-02,4.486368,-1.17357400e-01,2.72127649e-03
0.608500,7.47368282e-02,6.72368282e-02,4.482455,-1.17377205e-01,2.77200207e-03
0.609000,7.46781352e-02,6.71781352e-02,4.478542,-1.17385967e-01,2.75320104e-03
0.609500,7.46194412e-02,6.71194412e-02,4.474629,-1.17388061e-01,2.69202099e-03
0.610000,7.45607419e-02,6.70607419e-02,4.470716,-1.17398652e-01,2.67140970e-03
0.610500,7.45020313e-02,6.70020313e-02,4.466802,-1.17421112e-01,2.72268951e-03
0.611000,7.44433101e-02,6.69433101e-02,4.462887,-1.17442422e-01,2.78628418e-03
0.611500,7.43845853e-02,6.68845853e-02,4.458972,-1.17449689e-01,2.74140744e-03
0.612000,7.43258600e-02,6.68258600e-02,4.455057,-1.17450481e-01,2.68051514e-03
0.612500,7.42671280e-02,6.67671280e-02,4.451142,-1.17464026e-01,2.69138149e-03
0.613000,7.42083847e-02,6.67083847e-02,4.447226,-1.17486609e-01,2.74448971e-03
0.613500,7.41496334e-02,6.66496334e-02,4.443309,-1.17502712e-01,2.77898355e-03
0.614000,7.40908798e-02,6.65908798e-02,4.439392,-1.17507045e-01,2.72785006e-03
0.614500,7.40321247e-02,6.65321247e-02,4.435475,-1.17510234e-01,2.68796460e-03
0.615000,7.39733621e-02,6.64733621e-02,4.431557,-1.17525347e-01,2.68941494e-03
0.615500,7.39145886e-02,6.64145886e-02,4.427639,-1.17546881e-01,2.76661806e-03
0.616000,7.38558079e-02,6.63558079e-02,4.423721,-1.17561350e-01,2.76591948e-03
0.616500,7.37970263e-02,6.62970263e-02,4.419802,-1.17563204e-01,2.71486361e-03
0.617000,7.37382415e-02,6.62382415e-02,4.415883,-1.17569687e-01,2.68088243e-03
0.617500,7.36794477e-02,6.61794477e-02,4.411963,-1.17587558e-01,2.72094068e-03
0.618000,7.36206440e-02,6.61206440e-02,4.408043,-1.17607468e-01,2.77991601e-03
0.618500,7.35618362e-02,6.60618362e-02,4.404122,-1.17615585e-01,2.74908106e-03
0.619000,7.35030278e-02,6.60030278e-02,4.400202,-1.17616744e-01,2.68923348e-03
0.619500,7.34442137e-02,6.59442137e-02,4.396281,-1.17628258e-01,2.67846802e-03
0.620000,7.33853884e-02,6.58853884e-02,4.392359,-1.17650552e-01,2.72778124e-03
0.620500,7.33265533e-02,6.58265533e-02,4.388437,-1.17670253e-01,2.79402061e-03
0.621000,7.32677153e-02,6.57677153e-02,4.384514,-1.17675999e-01,2.73450577e-03
0.621500,7.32088772e-02,6.57088772e-02,4.380592,-1.17676131e-01,2.68332061e-03
0.622000,7.31500319e-02,6.56500319e-02,4.376669,-1.17690561e-01,2.69718209e-03
0.622500,7.30911759e-02,6.55911759e-02,4.372745,-1.17712171e-01,2.75758585e-03
0.623000,7.30323128e-02,6.55323128e-02,4.368821,-1.17726164e-01,2.77626692e-03
0.623500,7.29734485e-02,6.54734485e-02,4.364897,-1.17728586e-01,2.71779977e-03
0.624000,7.29145819e-02,6.54145819e-02,4.360972,-1.17733110e-01,2.68684463e-03
0.624500,7.28557069e-02,6.53557069e-02,4.357047,-1.17749972e-01,2.70125773e-03
0.625000,7.27968216e-02,6.52968216e-02,4.353121,-1.17770643e-01,2.77741068e-03
0.625500,7.27379305e-02,6.52379305e-02,4.349195,-1.17782213e-01,2.75885345e-03
0.626000,7.26790390e-02,6.51790390e-02,4.345269,-1.17782920e-01,2.70714033e-03
0.626500,7.26201434e-02,6.51201434e-02,4.341343,-1.17791246e-01,2.67689464e-03
0.627000,7.25612381e-02,6.50612381e-02,4.337416,-1.17810738e-01,2.73209024e-03
0.627500,7.25023229e-02,6.50023229e-02,4.333488,-1.17830316e-01,2.79367710e-03
0.628000,7.24434052e-02,6.49434052e-02,4.329560,-1.17835386e-01,2.74020281e-03
0.628500,7.23844877e-02,6.48844877e-02,4.325633,-1.17835070e-01,2.67954462e-03
0.629000,7.23255632e-02,6.48255632e-02,4.321704,-1.17848899e-01,2.68683024e-03
0.629500,7.22666272e-02,6.47666272e-02,4.317775,-1.17872044e-01,2.74612064e-03
0.630000,7.22076828e-02,6.47076828e-02,4.313846,-1.17888750e-01,2.78912948e-03
0.630500,7.21487369e-02,6.46487369e-02,4.309916,-1.17891918e-01,2.73953625e-03
0.631000,7.20897907e-02,6.45897907e-02,4.305986,-1.17892408e-01,2.69258430e-03
0.631500,7.20308381e-02,6.45308381e-02,4.302056,-1.17905193e-01,2.70768760e-03
0.632000,7.19718759e-02,6.44718759e-02,4.298125,-1.17924353e-01,2.76641816e-03
0.632500,7.19129080e-02,6.44129080e-02,4.294194,-1.17935839e-01,2.76398001e-03
0.633000,7.18539390e-02,6.43539390e-02,4.290263,-1.17937898e-01,2.71557549e-03
0.633500,7.17949667e-02,6.42949667e-02,4.286331,-1.17944636e-01,2.68928113e-03
0.634000,7.17359859e-02,6.42359859e-02,4.282399,-1.17961648e-01,2.71309404e-03
0.634500,7.16769954e-02,6.41769954e-02,4.278466,-1.17980872e-01,2.78459070e-03
0.635000,7.16180005e-02,6.41180005e-02,4.274533,-1.17989864e-01,2.76046787e-03
0.635500,7.15590059e-02,6.40590059e-02,4.270600,-1.17989249e-01,2.69326870e-03
0.636000,7.15000066e-02,6.40000066e-02,4.266667,-1.17998536e-01,2.68234004e-03
0.636500,7.14409967e-02,6.39409967e-02,4.262733,-1.18019825e-01,2.73663017e-03
0.637000,7.13819777e-02,6.38819777e-02,4.258799,-1.18038108e-01,2.79980241e-03
0.637500,7.13229567e-02,6.38229567e-02,4.254864,-1.18041890e-01,2.72847063e-03
0.638000,7.12639359e-02,6.37639359e-02,4.250929,-1.18041606e-01,2.68796960e-03
0.638500,7.12049076e-02,6.37049076e-02,4.246994,-1.18056616e-01,2.69197617e-03
0.639000,7.11458686e-02,6.36458686e-02,4.243058,-1.18077923e-01,2.76416228e-03
0.639500,7.10868225e-02,6.35868225e-02,4.239122,-1.18092189e-01,2.78350575e-03
0.640000,7.10277761e-02,6.35277761e-02,4.235185,-1.18092891e-01,2.72730686e-03
0.640500,7.09687284e-02,6.34687284e-02,4.231249,-1.18095386e-01,2.68820964e-03
0.641000,7.09096731e-02,6.34096731e-02,4.227312,-1.18110566e-01,2.72590106e-03
0.641500,7.08506087e-02,6.33506087e-02,4.223374,-1.18128834e-01,2.78359409e-03
0.642000,7.07915408e-02,6.32915408e-02,4.219436,-1.18135811e-01,2.75977488e-03
0.642500,7.07324731e-02,6.32324731e-02,4.215498,-1.18135421e-01,2.69729786e-03
0.643000,7.06734009e-02,6.31734009e-02,4.211560,-1.18144466e-01,2.67910919e-03
0.643500,7.06143182e-02,6.31143182e-02,4.207621,-1.18165378e-01,2.73189546e-03
0.644000,7.05552259e-02,6.30552259e-02,4.203682,-1.18184610e-01,2.79388328e-03
0.644500,7.04961310e-02,6.29961310e-02,4.199742,-1.18189693e-01,2.74912714e-03
0.645000,7.04370367e-02,6.29370367e-02,4.195802,-1.18188555e-01,2.68855320e-03
0.645500,7.03779367e-02,6.28779367e-02,4.191862,-1.18200122e-01,2.70086697e-03
0.646000,7.03188264e-02,6.28188264e-02,4.187922,-1.18220546e-01,2.75485952e-03
0.646500,7.02597093e-02,6.27597093e-02,4.183981,-1.18234175e-01,2.78411834e-03
0.647000,7.02005911e-02,6.27005911e-02,4.180039,-1.18236351e-01,2.73245085e-03
0.647500,7.01414720e-02,6.26414720e-02,4.176098,-1.18238290e-01,2.69236737e-03
0.648000,7.00823459e-02,6.25823459e-02,4.172156,-1.18252258e-01,2.69704585e-03
0.648500,7.00232097e-02,6.25232097e-02,4.168214,-1.18272394e-01,2.77880662e-03
0.649000,6.99640674e-02,6.24640674e-02,4.164271,-1.18284533e-01,2.77207110e-03
0.649500,6.99049255e-02,6.24049255e-02,4.160328,-1.18283841e-01,2.71588921e-03
0.650000,6.98457809e-02,6.23457809e-02,4.156385,-1.18289224e-01,2.68424090e-03
0.650500,6.97866276e-02,6.22866276e-02,4.152442,-1.18306630e-01,2.73465755e-03
0.651000,6.97274652e-02,6.22274652e-02,4.148498,-1.18324775e-01,2.79596562e-03
0.651500,6.96683006e-02,6.21683006e-02,4.144553,-1.18329220e-01,2.74811552e-03
0.652000,6.96091366e-02,6.21091366e-02,4.140609,-1.18327829e-01,2.68385795e-03
0.652500,6.95499667e-02,6.20499667e-02,4.136664,-1.18339977e-01,2.68809187e-03
0.653000,6.94907855e-02,6.19907855e-02,4.132719,-1.18362302e-01,2.74553853e-03
0.653500,6.94315961e-02,6.19315961e-02,4.128773,-1.18378853e-01,2.79952519e-03
0.654000,6.93724055e-02,6.18724055e-02,4.124827,-1.18381197e-01,2.74903205e-03
0.654500,6.93132159e-02,6.18132159e-02,4.120881,-1.18379140e-01,2.69397993e-03
0.655000,6.92540208e-02,6.17540208e-02,4.116935,-1.18390243e-01,2.70944573e-03
0.655500,6.91948163e-02,6.16948163e-02,4.112988,-1.18409018e-01,2.77087156e-03
0.656000,6.91356064e-02,6.16356064e-02,4.109040,-1.18419822e-01,2.76845147e-03
0.656500,6.90763960e-02,6.15763960e-02,4.105093,-1.18420754e-01,2.72285212e-03
0.657000,6.90171829e-02,6.15171829e-02,4.101146,-1.18426115e-01,2.69462829e-03
0.657500,6.89579622e-02,6.14579622e-02,4.097197,-1.18441459e-01,2.71746709e-03
0.658000,6.88987325e-02,6.13987325e-02,4.093249,-1.18459418e-01,2.78871560e-03
0.658500,6.88394988e-02,6.13394988e-02,4.089300,-1.18467327e-01,2.76339382e-03
0.659000,6.87802659e-02,6.12802659e-02,4.085351,-1.18465776e-01,2.69785261e-03
0.659500,6.87210289e-02,6.12210289e-02,4.081402,-1.18474178e-01,2.69037190e-03
0.660000,6.86617818e-02,6.11617818e-02,4.077452,-1.18494003e-01,2.74437388e-03
0.660500,6.86025267e-02,6.11025267e-02,4.073502,-1.18510283e-01,2.79952411e-03
0.661000,6.85432703e-02,6.10432703e-02,4.069551,-1.18512818e-01,2.73760519e-03
0.661500,6.84840144e-02,6.09840144e-02,4.065601,-1.18511772e-01,2.69551909e-03
0.662000,6.84247521e-02,6.09247521e-02,4.061650,-1.18524615e-01,2.70234404e-03
0.662500,6.83654802e-02,6.08654802e-02,4.057699,-1.18543765e-01,2.77057473e-03
0.663000,6.83062023e-02,6.08062023e-02,4.053747,-1.18555761e-01,2.77230918e-03
0.663500,6.82469241e-02,6.07469241e-02,4.049795,-1.18556401e-01,2.73019495e-03
0.664000,6.81876439e-02,6.06876439e-02,4.045843,-1.18560479e-01,2.69431125e-03
0.664500,6.81283566e-02,6.06283566e-02,4.041890,-1.18574645e-01,2.73380243e-03
0.665000,6.80690610e-02,6.05690610e-02,4.037937,-1.18591212e-01,2.78360242e-03
0.665500,6.80097625e-02,6.05097625e-02,4.033984,-1.18596891e-01,2.76239384e-03
0.666000,6.79504644e-02,6.04504644e-02,4.030031,-1.18596268e-01,2.70419461e-03
0.666500,6.78911623e-02,6.03911623e-02,4.026077,-1.18604273e-01,2.68342561e-03
0.667000,6.78318504e-02,6.03318504e-02,4.022123,-1.18623672e-01,2.73503208e-03
0.667500,6.77725295e-02,6.02725295e-02,4.018169,-1.18641917e-01,2.80582665e-03
0.668000,6.77132067e-02,6.02132067e-02,4.014214,-1.18645429e-01,2.74965325e-03
0.668500,6.76538856e-02,6.01538856e-02,4.010259,-1.18642283e-01,2.69313365e-03
0.669000,6.75945589e-02,6.00945589e-02,4.006304,-1.18653359e-01,2.70523181e-03
0.669500,6.75352226e-02,6.00352226e-02,4.002348,-1.18672645e-01,2.76739575e-03
0.670000,6.74758804e-02,5.99758804e-02,3.998392,-1.18684449e-01,2.78514109e-03
0.670500,6.74165381e-02,5.99165381e-02,3.994436,-1.18684475e-01,2.73125866e-03
0.671000,6.73571950e-02,5.98571950e-02,3.990480,-1.18686352e-01,2.69833346e-03
0.671500,6.72978450e-02,5.97978450e-02,3.986523,-1.18699988e-01,2.71472729e-03
0.672000,6.72384862e-02,5.97384862e-02,3.982566,-1.18717582e-01,2.78835433e-03
0.672500,6.71791232e-02,5.96791232e-02,3.978608,-1.18725973e-01,2.77289743e-03
0.673000,6.71197614e-02,5.96197614e-02,3.974651,-1.18723640e-01,2.70621679e-03
0.673500,6.70603965e-02,5.95603965e-02,3.970693,-1.18729742e-01,2.67968566e-03
0.674000,6.70010219e-02,5.95010219e-02,3.966735,-1.18749139e-01,2.74223912e-03
0.674500,6.69416383e-02,5.94416383e-02,3.962776,-1.18767362e-01,2.80898427e-03
0.675000,6.68822535e-02,5.93822535e-02,3.958817,-1.18769411e-01,2.74111067e-03
0.675500,6.68228703e-02,5.93228703e-02,3.954858,-1.18766502e-01,2.69329953e-03
0.676000,6.67634808e-02,5.92634808e-02,3.950899,-1.18778965e-01,2.70486782e-03
0.676500,6.67040817e-02,5.92040817e-02,3.946939,-1.18798257e-01,2.76643849e-03
0.677000,6.66446766e-02,5.91446766e-02,3.942978,-1.18810205e-01,2.79580961e-03
0.677500,6.65852719e-02,5.90852719e-02,3.939018,-1.18809445e-01,2.73223133e-03
0.678000,6.65258671e-02,5.90258671e-02,3.935058,-1.18809484e-01,2.69259927e-03
0.678500,6.64664554e-02,5.89664554e-02,3.931097,-1.18823468e-01,2.72834100e-03
0.679000,6.64070350e-02,5.89070350e-02,3.927136,-1.18840799e-01,2.78832899e-03
0.679500,6.63476115e-02,5.88476115e-02,3.923174,-1.18846957e-01,2.76919049e-03
0.680000,6.62881890e-02,5.87881890e-02,3.919213,-1.18844956e-01,2.70805657e-03
0.680500,6.62287633e-02,5.87287633e-02,3.915251,-1.18851504e-01,2.68531042e-03
0.681000,6.61693282e-02,5.86693282e-02,3.911289,-1.18870102e-01,2.73718637e-03
0.681500,6.61098843e-02,5.86098843e-02,3.907326,-1.18887847e-01,2.80193250e-03
0.682000,6.60504386e-02,5.85504386e-02,3.903363,-1.18891350e-01,2.75370212e-03
0.682500,6.59909944e-02,5.84909944e-02,3.899400,-1.18888485e-01,2.69611256e-03
0.683000,6.59315451e-02,5.84315451e-02,3.895436,-1.18898632e-01,2.70895552e-03
0.683500,6.58720865e-02,5.83720865e-02,3.891472,-1.18917101e-01,2.76294262e-03
0.684000,6.58126222e-02,5.83126222e-02,3.887508,-1.18928686e-01,2.79550763e-03
0.684500,6.57531579e-02,5.82531579e-02,3.883544,-1.18928528e-01,2.73307860e-03
0.685000,6.56936936e-02,5.81936936e-02,3.879580,-1.18928541e-01,2.69582529e-03
0.685500,6.56342226e-02,5.81342226e-02,3.875615,-1.18942100e-01,2.70993794e-03
0.686000,6.55747423e-02,5.80747423e-02,3.871649,-1.18960529e-01,2.78940877e-03
0.686500,6.55152575e-02,5.80152575e-02,3.867684,-1.18969613e-01,2.77397270e-03
0.687000,6.54557740e-02,5.79557740e-02,3.863718,-1.18967013e-01,2.71578606e-03
0.687500,6.53962880e-02,5.78962880e-02,3.859753,-1.18972092e-01,2.68897440e-03
0.688000,6.53367934e-02,5.78367934e-02,3.855786,-1.18989096e-01,2.74535117e-03
0.688500,6.52772907e-02,5.77772907e-02,3.851819,-1.19005518e-01,2.80066643e-03
0.689000,6.52177868e-02,5.77177868e-02,3.847852,-1.19007792e-01,2.74663460e-03
0.689500,6.51582839e-02,5.76582839e-02,3.843886,-1.19005760e-01,2.69783459e-03
0.690000,6.50987754e-02,5.75987754e-02,3.839918,-1.19016916e-01,2.70599228e-03
0.690500,6.50392577e-02,5.75392577e-02,3.835951,-1.19035363e-01,2.76439093e-03
0.691000,6.49797341e-02,5.74797341e-02,3.831982,-1.19047307e-01,2.80273797e-03
0.691500,6.49202110e-02,5.74202110e-02,3.828014,-1.19046271e-01,2.73796442e-03
0.692000,6.48606886e-02,5.73606886e-02,3.824046,-1.19044666e-01,2.69312151e-03
0.692500,6.48011598e-02,5.73011598e-02,3.820077,-1.19057662e-01,2.72863852e-03
0.693000,6.47416224e-02,5.72416224e-02,3.816108,-1.19074881e-01,2.78653403e-03
0.693500,6.46820818e-02,5.71820818e-02,3.812139,-1.19081149e-01,2.76851030e-03
0.694000,6.46225420e-02,5.71225420e-02,3.808169,-1.19079503e-01,2.71597062e-03
0.694500,6.45629993e-02,5.70629993e-02,3.804200,-1.19085463e-01,2.69295092e-03
0.695000,6.45034483e-02,5.70034483e-02,3.800230,-1.19102085e-01,2.73963395e-03
0.695500,6.44438891e-02,5.69438891e-02,3.796259,-1.19118360e-01,2.80006836e-03
0.696000,6.43843283e-02,5.68843283e-02,3.792289,-1.19121625e-01,2.75695904e-03
0.696500,6.43247689e-02,5.68247689e-02,3.788318,-1.19118779e-01,2.70093763e-03
0.697000,6.42652049e-02,5.67652049e-02,3.784347,-1.19127964e-01,2.71168239e-03
0.697500,6.42056322e-02,5.67056322e-02,3.780375,-1.19145399e-01,2.76358035e-03
0.698000,6.41460539e-02,5.66460539e-02,3.776404,-1.19156481e-01,2.79778380e-03
0.698500,6.40864759e-02,5.65864759e-02,3.772432,-1.19156016e-01,2.73500067e-03
0.699000,6.40268982e-02,5.65268982e-02,3.768460,-1.19155486e-01,2.69835447e-03
0.699500,6.39673139e-02,5.64673139e-02,3.764488,-1.19168506e-01,2.71274988e-03
0.700000,6.39077208e-02,5.64077208e-02,3.760515,-1.19186271e-01,2.79125670e-03
0.700500,6.38481234e-02,5.63481234e-02,3.756542,-1.19194730e-01,2.77974339e-03
0.701000,6.37885278e-02,5.62885278e-02,3.752569,-1.19191316e-01,2.71383851e-03
0.701500,6.37289300e-02,5.62289300e-02,3.748595,-1.19195619e-01,2.68763294e-03
0.702000,6.36693234e-02,5.61693234e-02,3.744622,-1.19213062e-01,2.74747132e-03
0.702500,6.36097087e-02,5.61097087e-02,3.740647,-1.19229517e-01,2.80714483e-03
0.703000,6.35500933e-02,5.60500933e-02,3.736673,-1.19230870e-01,2.74668165e-03
0.703500,6.34904794e-02,5.59904794e-02,3.732699,-1.19227770e-01,2.69992844e-03
0.704000,6.34308600e-02,5.59308600e-02,3.728724,-1.19238732e-01,2.71275980e-03
0.704500,6.33712319e-02,5.58712319e-02,3.724749,-1.19256238e-01,2.76807735e-03
0.705000,6.33115985e-02,5.58115985e-02,3.720773,-1.19266745e-01,2.80065234e-03
0.705500,6.32519659e-02,5.57519659e-02,3.716798,-1.19265288e-01,2.73719541e-03
0.706000,6.31923338e-02,5.56923338e-02,3.712822,-1.19264093e-01,2.69730162e-03
0.706500,6.31326954e-02,5.56326954e-02,3.708846,-1.19276845e-01,2.73333623e-03
0.707000,6.30730489e-02,5.55730489e-02,3.704870,-1.19292963e-01,2.79572009e-03
0.707500,6.30134001e-02,5.55134001e-02,3.700893,-1.19297647e-01,2.77266708e-03
0.708000,6.29537530e-02,5.54537530e-02,3.696917,-1.19294125e-01,2.70917965e-03
0.708500,6.28941030e-02,5.53941030e-02,3.692940,-1.19300003e-01,2.68899321e-03
0.709000,6.28344440e-02,5.53344440e-02,3.688963,-1.19318090e-01,2.74059562e-03
0.709500,6.27747765e-02,5.52747765e-02,3.684985,-1.19334930e-01,2.81113539e-03
0.710000,6.27151080e-02,5.52151080e-02,3.681007,-1.19337059e-01,2.75520895e-03
0.710500,6.26554417e-02,5.51554417e-02,3.677029,-1.19332550e-01,2.70132072e-03
0.711000,6.25957707e-02,5.50957707e-02,3.673051,-1.19341989e-01,2.71491966e-03
0.711500,6.25360912e-02,5.50360912e-02,3.669073,-1.19359075e-01,2.77097768e-03
0.712000,6.24764067e-02,5.49764067e-02,3.665094,-1.19368971e-01,2.79118336e-03
0.712500,6.24167228e-02,5.49167228e-02,3.661115,-1.19367875e-01,2.73828633e-03
0.713000,6.23570387e-02,5.48570387e-02,3.657136,-1.19368138e-01,2.70523064e-03
0.713500,6.22973487e-02,5.47973487e-02,3.653157,-1.19380011e-01,2.72070419e-03
0.714000,6.22376507e-02,5.47376507e-02,3.649177,-1.19395943e-01,2.79593128e-03
0.714500,6.21779494e-02,5.46779494e-02,3.645197,-1.19402682e-01,2.78131834e-03
0.715000,6.21182502e-02,5.46182502e-02,3.641217,-1.19398361e-01,2.70993818e-03
0.715500,6.20585488e-02,5.45585488e-02,3.637237,-1.19402751e-01,2.68599399e-03
0.716000,6.19988383e-02,5.44988383e-02,3.633256,-1.19420979e-01,2.74759205e-03
0.716500,6.19391195e-02,5.44391195e-02,3.629275,-1.19437693e-01,2.81375697e-03
0.717000,6.18794003e-02,5.43794003e-02,3.625293,-1.19438441e-01,2.74797174e-03
0.717500,6.18196832e-02,5.43196832e-02,3.621312,-1.19434142e-01,2.70260665e-03
0.718000,6.17599609e-02,5.42599609e-02,3.617331,-1.19444655e-01,2.70329068e-03
0.718500,6.17002296e-02,5.42002296e-02,3.613349,-1.19462558e-01,2.78065008e-03
0.719000,6.16404928e-02,5.41404928e-02,3.609366,-1.19473508e-01,2.78939896e-03
0.719500,6.15807573e-02,5.40807573e-02,3.605384,-1.19470982e-01,2.74168807e-03
0.720000,6.15210217e-02,5.40210217e-02,3.601401,-1.19471238e-01,2.70020759e-03
0.720500,6.14612802e-02,5.39612802e-02,3.597419,-1.19482996e-01,2.73960234e-03
0.721000,6.14015312e-02,5.39015312e-02,3.593435,-1.19498082e-01,2.79652653e-03
0.721500,6.13417803e-02,5.38417803e-02,3.589452,-1.19501665e-01,2.76948509e-03
0.722000,6.12820312e-02,5.37820312e-02,3.585469,-1.19498293e-01,2.71049998e-03
0.722500,6.12222789e-02,5.37222789e-02,3.581485,-1.19504576e-01,2.69575752e-03
0.723000,6.11625180e-02,5.36625180e-02,3.577501,-1.19521849e-01,2.74524068e-03
0.723500,6.11027494e-02,5.36027494e-02,3.573517,-1.19537167e-01,2.81078309e-03
0.724000,6.10429801e-02,5.35429801e-02,3.569532,-1.19538564e-01,2.75616925e-03
0.724500,6.09832131e-02,5.34832131e-02,3.565548,-1.19534028e-01,2.70660222e-03
0.725000,6.09234417e-02,5.34234417e-02,3.561563,-1.19542843e-01,2.72198818e-03
0.725500,6.08636625e-02,5.33636625e-02,3.557578,-1.19558436e-01,2.78136838e-03
0.726000,6.08038793e-02,5.33038793e-02,3.553592,-1.19566253e-01,2.77825680e-03
0.726500,6.07440970e-02,5.32440970e-02,3.549606,-1.19564593e-01,2.73152395e-03
0.727000,6.06843133e-02,5.31843133e-02,3.545621,-1.19567577e-01,2.70710936e-03
0.727500,6.06245231e-02,5.31245231e-02,3.541635,-1.19580394e-01,2.72880565e-03
0.728000,6.05647254e-02,5.30647254e-02,3.537648,-1.19595301e-01,2.79806799e-03
0.728500,6.05049251e-02,5.30049251e-02,3.533662,-1.19600522e-01,2.77122858e-03
0.729000,6.04451268e-02,5.29451268e-02,3.529675,-1.19596742e-01,2.70631338e-03
0.729500,6.03853252e-02,5.28853252e-02,3.525688,-1.19603109e-01,2.70615530e-03
0.730000,6.03255151e-02,5.28255151e-02,3.521701,-1.19620150e-01,2.76034758e-03
0.730500,6.02656989e-02,5.27656989e-02,3.517713,-1.19632425e-01,2.80547228e-03
0.731000,6.02058830e-02,5.27058830e-02,3.513726,-1.19631811e-01,2.75479327e-03
0.731500,6.01460689e-02,5.26460689e-02,3.509738,-1.19628269e-01,2.70868215e-03
0.732000,6.00862503e-02,5.25862503e-02,3.505750,-1.19637125e-01,2.70863168e-03
0.732500,6.00264236e-02,5.25264236e-02,3.501762,-1.19653558e-01,2.78449707e-03
0.733000,5.99665919e-02,5.24665919e-02,3.497773,-1.19663291e-01,2.78870605e-03
0.733500,5.99067618e-02,5.24067618e-02,3.493784,-1.19660195e-01,2.73211647e-03
0.734000,5.98469311e-02,5.23469311e-02,3.489795,-1.19661410e-01,2.69699394e-03
0.734500,5.97870936e-02,5.22870936e-02,3.485806,-1.19675024e-01,2.74562873e-03
0.735000,5.97272485e-02,5.22272485e-02,3.481817,-1.19690105e-01,2.80834623e-03
0.735500,5.96674027e-02,5.21674027e-02,3.477827,-1.19691654e-01,2.76205808e-03
0.736000,5.96075592e-02,5.21075592e-02,3.473837,-1.19686997e-01,2.69504228e-03
0.736500,5.95477113e-02,5.20477113e-02,3.469847,-1.19695867e-01,2.70384453e-03
0.737000,5.94878538e-02,5.19878538e-02,3.465857,-1.19714963e-01,2.76222143e-03
0.737500,5.94279901e-02,5.19279901e-02,3.461866,-1.19727452e-01,2.80908065e-03
0.738000,5.93681270e-02,5.18681270e-02,3.457875,-1.19726211e-01,2.75639099e-03
0.738500,5.93082660e-02,5.18082660e-02,3.453884,-1.19721935e-01,2.70306692e-03
0.739000,5.92484005e-02,5.17484005e-02,3.449893,-1.19731026e-01,2.72891675e-03
0.739500,5.91885272e-02,5.16885272e-02,3.445902,-1.19746587e-01,2.79370851e-03
0.740000,5.91286511e-02,5.16286511e-02,3.441910,-1.19752174e-01,2.77500714e-03
0.740500,5.90687767e-02,5.15687767e-02,3.437918,-1.19748776e-01,2.72931891e-03
0.741000,5.90089005e-02,5.15089005e-02,3.433927,-1.19752489e-01,2.69781350e-03
0.741500,5.89490172e-02,5.14490172e-02,3.429934,-1.19766490e-01,2.74241797e-03
0.742000,5.88891264e-02,5.13891264e-02,3.425942,-1.19781720e-01,2.80532963e-03
0.742500,5.88292343e-02,5.13292343e-02,3.421949,-1.19784063e-01,2.76392958e-03
0.743000,5.87693445e-02,5.12693445e-02,3.417956,-1.19779736e-01,2.70742585e-03
0.743500,5.87094509e-02,5.12094509e-02,3.413963,-1.19787203e-01,2.71782697e-03
0.744000,5.86495494e-02,5.11495494e-02,3.409970,-1.19803029e-01,2.77058159e-03
0.744500,5.85896431e-02,5.10896431e-02,3.405976,-1.19812483e-01,2.80285162e-03
0.745000,5.85297379e-02,5.10297379e-02,3.401983,-1.19810421e-01,2.74063279e-03
0.745500,5.84698336e-02,5.09698336e-02,3.397989,-1.19808561e-01,2.70650679e-03
0.746000,5.84099237e-02,5.09099237e-02,3.393995,-1.19819935e-01,2.72522903e-03
0.746500,5.83500060e-02,5.08500060e-02,3.390000,-1.19835257e-01,2.80125991e-03
0.747000,5.82900856e-02,5.07900856e-02,3.386006,-1.19840783e-01,2.78460009e-03
0.747500,5.82301680e-02,5.07301680e-02,3.382011,-1.19835296e-01,2.71630951e-03
0.748000,5.81702487e-02,5.06702487e-02,3.378017,-1.19838584e-01,2.68960660e-03
0.748500,5.81103210e-02,5.06103210e-02,3.374021,-1.19855447e-01,2.75289042e-03
0.749000,5.80503854e-02,5.05503854e-02,3.370026,-1.19871098e-01,2.81869343e-03
0.749500,5.79904502e-02,5.04904502e-02,3.366030,-1.19870540e-01,2.75273157e-03
0.750000,5.79305176e-02,5.04305176e-02,3.362035,-1.19865009e-01,2.70661606e-03
0.750500,5.78705805e-02,5.03705805e-02,3.358039,-1.19874387e-01,2.71239813e-03
0.751000,5.78106350e-02,5.03106350e-02,3.354042,-1.19890826e-01,2.78359280e-03
0.751500,5.77506850e-02,5.02506850e-02,3.350046,-1.19900020e-01,2.78794885e-03
0.752000,5.76907365e-02,5.01907365e-02,3.346049,-1.19897139e-01,2.74420095e-03
0.752500,5.76307878e-02,5.01307878e-02,3.342053,-1.19897411e-01,2.70819435e-03
0.753000,5.75708337e-02,5.00708337e-02,3.338056,-1.19908050e-01,2.74244484e-03
0.753500,5.75108729e-02,5.00108729e-02,3.334058,-1.19921573e-01,2.80385746e-03
0.754000,5.74509109e-02,4.99509109e-02,3.330061,-1.19924042e-01,2.77273102e-03
0.754500,5.73909513e-02,4.98909513e-02,3.326063,-1.19919178e-01,2.70964299e-03
0.755000,5.73309888e-02,4.98309888e-02,3.322066,-1.19925005e-01,2.70442471e-03
0.755500,5.72710180e-02,4.97710180e-02,3.318068,-1.19941652e-01,2.75266441e-03
0.756000,5.72110406e-02,4.97110406e-02,3.314069,-1.19954890e-01,2.81156641e-03
0.756500,5.71510631e-02,4.96510631e-02,3.310071,-1.19954999e-01,2.76728543e-03
0.757000,5.70910884e-02,4.95910884e-02,3.306073,-1.19949352e-01,2.71058855e-03
0.757500,5.70311104e-02,4.95311104e-02,3.302074,-1.19955988e-01,2.72481265e-03
0.758000,5.69711251e-02,4.94711251e-02,3.298075,-1.19970677e-01,2.78852941e-03
0.758500,5.69111364e-02,4.94111364e-02,3.294076,-1.19977397e-01,2.78388055e-03
0.759000,5.68511493e-02,4.93511493e-02,3.290077,-1.19974065e-01,2.72887659e-03
0.759500,5.67911611e-02,4.92911611e-02,3.286077,-1.19976359e-01,2.70403349e-03
0.760000,5.67311662e-02,4.92311662e-02,3.282078,-1.19989882e-01,2.74269722e-03
0.760500,5.66711642e-02,4.91711642e-02,3.278078,-1.20004067e-01,2.81130968e-03
0.761000,5.66111612e-02,4.91111612e-02,3.274077,-1.20005835e-01,2.76864191e-03
0.761500,5.65511612e-02,4.90511612e-02,3.270077,-1.20000110e-01,2.70144825e-03
0.762000,5.64911575e-02,4.89911575e-02,3.266077,-1.20007332e-01,2.71178473e-03
0.762500,5.64311452e-02,4.89311452e-02,3.262076,-1.20024674e-01,2.77094319e-03
0.763000,5.63711276e-02,4.88711276e-02,3.258075,-1.20035087e-01,2.80769138e-03
0.763500,5.63111114e-02,4.88111114e-02,3.254074,-1.20032538e-01,2.75246279e-03
0.764000,5.62510970e-02,4.87510970e-02,3.250073,-1.20028837e-01,2.70825895e-03
0.764500,5.61910779e-02,4.86910779e-02,3.246072,-1.20038113e-01,2.71698642e-03
0.765000,5.61310510e-02,4.86310510e-02,3.242070,-1.20053877e-01,2.80062144e-03
0.765500,5.60710206e-02,4.85710206e-02,3.238068,-1.20060812e-01,2.78449305e-03
0.766000,5.60109928e-02,4.85109928e-02,3.234066,-1.20055441e-01,2.72567870e-03
0.766500,5.59509639e-02,4.84509639e-02,3.230064,-1.20057917e-01,2.69662911e-03
0.767000,5.58909276e-02,4.83909276e-02,3.226062,-1.20072620e-01,2.75594218e-03
0.767500,5.58308841e-02,4.83308841e-02,3.222059,-1.20086849e-01,2.81957206e-03
0.768000,5.57708413e-02,4.82708413e-02,3.218056,-1.20085712e-01,2.75381337e-03
0.768500,5.57108013e-02,4.82108013e-02,3.214053,-1.20079941e-01,2.70818551e-03
0.769000,5.56507568e-02,4.81507568e-02,3.210050,-1.20089003e-01,2.71584396e-03
0.769500,5.55907044e-02,4.80907044e-02,3.206047,-1.20104879e-01,2.78103788e-03
0.770000,5.55306475e-02,4.80306475e-02,3.202043,-1.20113734e-01,2.80091602e-03
0.770500,5.54705924e-02,4.79705924e-02,3.198039,-1.20110126e-01,2.74747899e-03
0.771000,5.54105385e-02,4.79105385e-02,3.194036,-1.20107978e-01,2.70715295e-03
0.771500,5.53504794e-02,4.78504794e-02,3.190032,-1.20118171e-01,2.74572203e-03
0.772000,5.52904136e-02,4.77904136e-02,3.186028,-1.20131575e-01,2.80206291e-03
0.772500,5.52303468e-02,4.77303468e-02,3.182023,-1.20133665e-01,2.77672205e-03
0.773000,5.51702824e-02,4.76702824e-02,3.178019,-1.20128743e-01,2.71600252e-03
0.773500,5.51102157e-02,4.76102157e-02,3.174014,-1.20133352e-01,2.70107672e-03
0.774000,5.50501411e-02,4.75501411e-02,3.170009,-1.20149250e-01,2.75242414e-03
0.774500,5.49900596e-02,4.74900596e-02,3.166004,-1.20163060e-01,2.81346894e-03
0.775000,5.49299780e-02,4.74299780e-02,3.161999,-1.20163040e-01,2.76649410e-03
0.775500,5.48698995e-02,4.73698995e-02,3.157993,-1.20157150e-01,2.71650324e-03
0.776000,5.48098178e-02,4.73098178e-02,3.153988,-1.20163394e-01,2.72632337e-03
0.776500,5.47497293e-02,4.72497293e-02,3.149982,-1.20176978e-01,2.78539857e-03
0.777000,5.46896374e-02,4.71896374e-02,3.145976,-1.20183726e-01,2.78757790e-03
0.777500,5.46295471e-02,4.71295471e-02,3.141970,-1.20180581e-01,2.73745091e-03
0.778000,5.45694564e-02,4.70694564e-02,3.137964,-1.20181511e-01,2.70749547e-03
0.778500,5.45093597e-02,4.70093597e-02,3.133957,-1.20193320e-01,2.74264901e-03
0.779000,5.44492562e-02,4.69492562e-02,3.129950,-1.20206940e-01,2.81156721e-03
0.779500,5.43891519e-02,4.68891519e-02,3.125943,-1.20208693e-01,2.77165318e-03
0.780000,5.43290506e-02,4.68290506e-02,3.121937,-1.20202659e-01,2.70494431e-03
0.780500,5.42689460e-02,4.67689460e-02,3.117930,-1.20209078e-01,2.71339635e-03
0.781000,5.42088332e-02,4.67088332e-02,3.113922,-1.20225703e-01,2.77209080e-03
0.781500,5.41487153e-02,4.66487153e-02,3.109914,-1.20235751e-01,2.80798794e-03
0.782000,5.40885988e-02,4.65885988e-02,3.105907,-1.20232986e-01,2.75406378e-03
0.782500,5.40284843e-02,4.65284843e-02,3.101899,-1.20229095e-01,2.70971283e-03
0.783000,5.39683653e-02,4.64683653e-02,3.097891,-1.20237980e-01,2.72048947e-03
0.783500,5.39082387e-02,4.64082387e-02,3.093883,-1.20253196e-01,2.80133007e-03
0.784000,5.38481089e-02,4.63481089e-02,3.089874,-1.20259493e-01,2.79136202e-03
0.784500,5.37879822e-02,4.62879822e-02,3.085865,-1.20253397e-01,2.72560358e-03
0.785000,5.37278548e-02,4.62278548e-02,3.081857,-1.20254753e-01,2.69771455e-03
0.785500,5.36677202e-02,4.61677202e-02,3.077848,-1.20269372e-01,2.75681198e-03
0.786000,5.36075785e-02,4.61075785e-02,3.073839,-1.20283346e-01,2.82243501e-03
0.786500,5.35474376e-02,4.60474376e-02,3.069829,-1.20281813e-01,2.75562328e-03
0.787000,5.34872999e-02,4.59872999e-02,3.065820,-1.20275412e-01,2.71098410e-03
0.787500,5.34271579e-02,4.59271579e-02,3.061811,-1.20283929e-01,2.71260479e-03
0.788000,5.33670081e-02,4.58670081e-02,3.057801,-1.20299632e-01,2.78761251e-03
0.788500,5.33068539e-02,4.58068539e-02,3.053790,-1.20308437e-01,2.79852844e-03
0.789000,5.32467019e-02,4.57467019e-02,3.049780,-1.20303961e-01,2.74905213e-03
0.789500,5.31865509e-02,4.56865509e-02,3.045770,-1.20302066e-01,2.70918695e-03
0.790000,5.31263949e-02,4.56263949e-02,3.041760,-1.20311821e-01,2.74611383e-03
0.790500,5.30662325e-02,4.55662325e-02,3.037749,-1.20324856e-01,2.80810118e-03
0.791000,5.30060693e-02,4.55060693e-02,3.033738,-1.20326348e-01,2.77677921e-03
0.791500,5.29459091e-02,4.54459091e-02,3.029727,-1.20320429e-01,2.71338799e-03
0.792000,5.28857465e-02,4.53857465e-02,3.025716,-1.20325260e-01,2.70839341e-03
0.792500,5.28255760e-02,4.53255760e-02,3.021705,-1.20340941e-01,2.75794138e-03
0.793000,5.27653995e-02,4.52653995e-02,3.017693,-1.20353061e-01,2.81625098e-03
0.793500,5.27052236e-02,4.52052236e-02,3.013682,-1.20351889e-01,2.76914647e-03
0.794000,5.26450509e-02,4.51450509e-02,3.009670,-1.20345308e-01,2.71643513e-03
0.794500,5.25848753e-02,4.50848753e-02,3.005658,-1.20351122e-01,2.72907501e-03
0.795000,5.25246931e-02,4.50246931e-02,3.001646,-1.20364474e-01,2.79382397e-03
0.795500,5.24645081e-02,4.49645081e-02,2.997634,-1.20370026e-01,2.78502374e-03
0.796000,5.24043252e-02,4.49043252e-02,2.993622,-1.20365723e-01,2.73180395e-03
0.796500,5.23441414e-02,4.48441414e-02,2.989609,-1.20367571e-01,2.70780615e-03
0.797000,5.22839513e-02,4.47839513e-02,2.985597,-1.20380280e-01,2.74695800e-03
0.797500,5.22237546e-02,4.47237546e-02,2.981584,-1.20393468e-01,2.81308811e-03
0.798000,5.21635574e-02,4.46635574e-02,2.977570,-1.20394380e-01,2.76626977e-03
0.798500,5.21033631e-02,4.46033631e-02,2.973558,-1.20388572e-01,2.71366836e-03
0.799000,5.20431655e-02,4.45431655e-02,2.969544,-1.20395103e-01,2.72571895e-03
0.799500,5.19829609e-02,4.44829609e-02,2.965531,-1.20409206e-01,2.77809073e-03
0.800000,5.19227526e-02,4.44227526e-02,2.961517,-1.20416700e-01,2.80859791e-03
0.800500,5.18625461e-02,4.43625461e-02,2.957503,-1.20412896e-01,2.74604858e-03
0.801000,5.18023413e-02,4.43023413e-02,2.953489,-1.20409614e-01,2.71345722e-03
0.801500,5.17421316e-02,4.42421316e-02,2.949475,-1.20419484e-01,2.73049449e-03
0.802000,5.16819150e-02,4.41819150e-02,2.945461,-1.20433200e-01,2.80567420e-03
0.802500,5.16216963e-02,4.41216963e-02,2.941446,-1.20437470e-01,2.79244296e-03
0.803000,5.15614810e-02,4.40614810e-02,2.937432,-1.20430566e-01,2.72061630e-03
0.803500,5.15012649e-02,4.40012649e-02,2.933418,-1.20432184e-01,2.69736828e-03
0.804000,5.14410411e-02,4.39410411e-02,2.929403,-1.20447654e-01,2.75905467e-03
0.804500,5.13808103e-02,4.38808103e-02,2.925387,-1.20461486e-01,2.82336101e-03
0.805000,5.13205806e-02,4.38205806e-02,2.921372,-1.20459503e-01,2.76301715e-03
0.805500,5.12603544e-02,4.37603544e-02,2.917357,-1.20452296e-01,2.71624416e-03
0.806000,5.12001248e-02,4.37001248e-02,2.913342,-1.20459133e-01,2.71510411e-03
0.806500,5.11398880e-02,4.36398880e-02,2.909326,-1.20473752e-01,2.79213979e-03
0.807000,5.10796471e-02,4.35796471e-02,2.905310,-1.20481746e-01,2.79723147e-03
0.807500,5.10194088e-02,4.35194088e-02,2.901294,-1.20476641e-01,2.74836797e-03
0.808000,5.09591713e-02,4.34591713e-02,2.897278,-1.20475020e-01,2.70545061e-03
0.808500,5.08989287e-02,4.33989287e-02,2.893262,-1.20485217e-01,2.74956053e-03
0.809000,5.08386794e-02,4.33386794e-02,2.889245,-1.20498562e-01,2.81394218e-03
0.809500,5.07784299e-02,4.32784299e-02,2.885229,-1.20498970e-01,2.76981729e-03
0.810000,5.07181835e-02,4.32181835e-02,2.881212,-1.20492709e-01,2.70429679e-03
0.810500,5.06579338e-02,4.31579338e-02,2.877196,-1.20499486e-01,2.71120112e-03
0.811000,5.05976756e-02,4.30976756e-02,2.873178,-1.20516412e-01,2.77239740e-03
0.811500,5.05374122e-02,4.30374122e-02,2.869161,-1.20526793e-01,2.81728098e-03
0.812000,5.04771506e-02,4.29771506e-02,2.865143,-1.20523156e-01,2.76016467e-03
0.812500,5.04168920e-02,4.29168920e-02,2.861126,-1.20517200e-01,2.70990591e-03
0.813000,5.03566295e-02,4.28566295e-02,2.857109,-1.20525066e-01,2.74140060e-03
0.813500,5.02963603e-02,4.27963603e-02,2.853091,-1.20538401e-01,2.80127572e-03
0.814000,5.02360896e-02,4.27360896e-02,2.849073,-1.20541269e-01,2.78890106e-03
0.814500,5.01758219e-02,4.26758219e-02,2.845055,-1.20535400e-01,2.72661666e-03
0.815000,5.01155534e-02,4.26155534e-02,2.841037,-1.20537070e-01,2.69892451e-03
0.815500,5.00552777e-02,4.25552777e-02,2.837019,-1.20551416e-01,2.75117745e-03
0.816000,4.99949949e-02,4.24949949e-02,2.833000,-1.20565689e-01,2.82439916e-03
0.816500,4.99347124e-02,4.24347124e-02,2.828981,-1.20564908e-01,2.76786541e-03
0.817000,4.98744339e-02,4.23744339e-02,2.824962,-1.20557102e-01,2.71195322e-03
0.817500,4.98141521e-02,4.23141521e-02,2.820943,-1.20563523e-01,2.73119263e-03
0.818000,4.97538634e-02,4.22538634e-02,2.816924,-1.20577423e-01,2.79436793e-03
0.818500,4.96935721e-02,4.21935721e-02,2.812905,-1.20582579e-01,2.78799977e-03
0.819000,4.96332831e-02,4.21332831e-02,2.808886,-1.20577924e-01,2.74368773e-03
0.819500,4.95729940e-02,4.20729940e-02,2.804866,-1.20578233e-01,2.71676980e-03
0.820000,4.95126999e-02,4.20126999e-02,2.800847,-1.20588198e-01,2.74040052e-03
0.820500,4.94523997e-02,4.19523997e-02,2.796827,-1.20600493e-01,2.81016443e-03
0.821000,4.93920983e-02,4.18920983e-02,2.792807,-1.20602740e-01,2.78009639e-03
0.821500,4.93318002e-02,4.18318002e-02,2.788787,-1.20596190e-01,2.71190652e-03
0.822000,4.92714999e-02,4.17714999e-02,2.784767,-1.20600606e-01,2.71452432e-03
0.822500,4.92111919e-02,4.17111919e-02,2.780746,-1.20615989e-01,2.77509272e-03
0.823000,4.91508791e-02,4.16508791e-02,2.776725,-1.20625586e-01,2.81185457e-03
0.823500,4.90905681e-02,4.15905681e-02,2.772705,-1.20621987e-01,2.76214784e-03
0.824000,4.90302597e-02,4.15302597e-02,2.768684,-1.20616746e-01,2.71551495e-03
0.824500,4.89699479e-02,4.14699479e-02,2.764663,-1.20623791e-01,2.72130920e-03
0.825000,4.89096289e-02,4.14096289e-02,2.760642,-1.20637980e-01,2.80544287e-03
0.825500,4.88493070e-02,4.13493070e-02,2.756620,-1.20643780e-01,2.78828127e-03
0.826000,4.87889883e-02,4.12889883e-02,2.752599,-1.20637281e-01,2.73380860e-03
0.826500,4.87286691e-02,4.12286691e-02,2.748578,-1.20638417e-01,2.70367668e-03
0.827000,4.86683435e-02,4.11683435e-02,2.744556,-1.20651162e-01,2.76124770e-03
0.827500,4.86080117e-02,4.11080117e-02,2.740534,-1.20663764e-01,2.82487104e-03
0.828000,4.85476810e-02,4.10476810e-02,2.736512,-1.20661288e-01,2.75811331e-03
0.828500,4.84873539e-02,4.09873539e-02,2.732490,-1.20654266e-01,2.71319520e-03
0.829000,4.84270228e-02,4.09270228e-02,2.728468,-1.20662179e-01,2.71733718e-03
0.829500,4.83666842e-02,4.08666842e-02,2.724446,-1.20677101e-01,2.79341597e-03
0.830000,4.83063419e-02,4.08063419e-02,2.720423,-1.20684616e-01,2.79878959e-03
0.830500,4.82460024e-02,4.07460024e-02,2.716400,-1.20679163e-01,2.75191520e-03
0.831000,4.81856639e-02,4.06856639e-02,2.712378,-1.20676972e-01,2.71583641e-03
0.831500,4.81253210e-02,4.06253210e-02,2.708355,-1.20685669e-01,2.75030711e-03
0.832000,4.80649724e-02,4.05649724e-02,2.704331,-1.20697242e-01,2.81047660e-03
0.832500,4.80046235e-02,4.05046235e-02,2.700308,-1.20697834e-01,2.77859497e-03
0.833000,4.79442778e-02,4.04442778e-02,2.696285,-1.20691366e-01,2.71482421e-03
0.833500,4.78839299e-02,4.03839299e-02,2.692262,-1.20695771e-01,2.71140280e-03
0.834000,4.78235745e-02,4.03235745e-02,2.688238,-1.20710950e-01,2.76376822e-03
0.834500,4.77632134e-02,4.02632134e-02,2.684214,-1.20722061e-01,2.81760739e-03
0.835000,4.77028535e-02,4.02028535e-02,2.680190,-1.20719812e-01,2.76994706e-03
0.835500,4.76424970e-02,4.01424970e-02,2.676166,-1.20712937e-01,2.71719624e-03
0.836000,4.75821378e-02,4.00821378e-02,2.672143,-1.20718553e-01,2.73632565e-03
0.836500,4.75217722e-02,4.00217722e-02,2.668118,-1.20731139e-01,2.80238756e-03
0.837000,4.74614048e-02,3.99614048e-02,2.664094,-1.20734742e-01,2.78346369e-03
0.837500,4.74010402e-02,3.99010402e-02,2.660069,-1.20729172e-01,2.73828934e-03
0.838000,4.73406749e-02,3.98406749e-02,2.656045,-1.20730702e-01,2.70969357e-03
0.838500,4.72803038e-02,3.97803038e-02,2.652020,-1.20742180e-01,2.75280776e-03
0.839000,4.72199265e-02,3.97199265e-02,2.647995,-1.20754540e-01,2.82074598e-03
0.839500,4.71595496e-02,3.96595496e-02,2.643970,-1.20753814e-01,2.76934008e-03
0.840000,4.70991764e-02,3.95991764e-02,2.639945,-1.20746477e-01,2.71626828e-03
0.840500,4.70388002e-02,3.95388002e-02,2.635920,-1.20752275e-01,2.72697603e-03
0.841000,4.69784173e-02,3.94784173e-02,2.631894,-1.20765840e-01,2.78983790e-03
0.841500,4.69180313e-02,3.94180313e-02,2.627869,-1.20772088e-01,2.79818433e-03
0.842000,4.68576476e-02,3.93576476e-02,2.623843,-1.20767276e-01,2.75050353e-03
0.842500,4.67972650e-02,3.92972650e-02,2.619818,-1.20765310e-01,2.71753341e-03
0.843000,4.67368779e-02,3.92368779e-02,2.615792,-1.20774088e-01,2.73583792e-03
0.843500,4.66764846e-02,3.91764846e-02,2.611766,-1.20786662e-01,2.81283713e-03
0.844000,4.66160899e-02,3.91160899e-02,2.607739,-1.20789422e-01,2.78669000e-03
0.844500,4.65556990e-02,3.90556990e-02,2.603713,-1.20781850e-01,2.71791354e-03
0.845000,4.64953067e-02,3.89953067e-02,2.599687,-1.20784652e-01,2.71691853e-03
0.845500,4.64349072e-02,3.89349072e-02,2.595660,-1.20798837e-01,2.77186834e-03
0.846000,4.63745031e-02,3.88745031e-02,2.591634,-1.20808326e-01,2.81407964e-03
0.846500,4.63141005e-02,3.88141005e-02,2.587607,-1.20805059e-01,2.76394040e-03
0.847000,4.62537009e-02,3.87537009e-02,2.583580,-1.20799294e-01,2.72284705e-03
0.847500,4.61932982e-02,3.86932982e-02,2.579553,-1.20805397e-01,2.71932642e-03
0.848000,4.61328889e-02,3.86328889e-02,2.575526,-1.20818558e-01,2.80770046e-03
0.848500,4.60724767e-02,3.85724767e-02,2.571498,-1.20824483e-01,2.79220404e-03
0.849000,4.60120680e-02,3.85120680e-02,2.567471,-1.20817267e-01,2.73921237e-03
0.849500,4.59516594e-02,3.84516594e-02,2.563444,-1.20817281e-01,2.70635764e-03
0.850000,4.58912450e-02,3.83912450e-02,2.559416,-1.20828901e-01,2.76100008e-03
0.850500,4.58308244e-02,3.83308244e-02,2.555388,-1.20841085e-01,2.82598683e-03
0.851000,4.57704051e-02,3.82704051e-02,2.551360,-1.20838551e-01,2.76147508e-03
0.851500,4.57099896e-02,3.82099896e-02,2.547333,-1.20831049e-01,2.71577466e-03
0.852000,4.56495705e-02,3.81495705e-02,2.543305,-1.20838181e-01,2.72088248e-03
0.852500,4.55891443e-02,3.80891443e-02,2.539276,-1.20852366e-01,2.79578126e-03
0.853000,4.55287148e-02,3.80287148e-02,2.535248,-1.20859090e-01,2.80117863e-03
0.853500,4.54682883e-02,3.79682883e-02,2.531219,-1.20853037e-01,2.75413086e-03
0.854000,4.54078631e-02,3.79078631e-02,2.527191,-1.20850258e-01,2.71735864e-03
0.854500,4.53474339e-02,3.78474339e-02,2.523162,-1.20858457e-01,2.75178369e-03
0.855000,4.52869991e-02,3.77869991e-02,2.519133,-1.20869649e-01,2.81175423e-03
0.855500,4.52265641e-02,3.77265641e-02,2.515104,-1.20869886e-01,2.78118645e-03
0.856000,4.51661327e-02,3.76661327e-02,2.511076,-1.20862979e-01,2.71643763e-03
0.856500,4.51056993e-02,3.76056993e-02,2.507047,-1.20866816e-01,2.71314130e-03
0.857000,4.50452585e-02,3.75452585e-02,2.503017,-1.20881576e-01,2.76987182e-03
0.857500,4.49848125e-02,3.74848125e-02,2.498988,-1.20891862e-01,2.82082023e-03
0.858000,4.49243684e-02,3.74243684e-02,2.494958,-1.20888327e-01,2.77152396e-03
0.858500,4.48639280e-02,3.73639280e-02,2.490929,-1.20880785e-01,2.71589460e-03
0.859000,4.48034848e-02,3.73034848e-02,2.486899,-1.20886257e-01,2.74018843e-03
0.859500,4.47430355e-02,3.72430355e-02,2.482869,-1.20898715e-01,2.80429565e-03
0.860000,4.46825847e-02,3.71825847e-02,2.478839,-1.20901516e-01,2.78485876e-03
0.860500,4.46221370e-02,3.71221370e-02,2.474809,-1.20895508e-01,2.73643015e-03
0.861000,4.45616885e-02,3.70616885e-02,2.470779,-1.20896974e-01,2.71001095e-03
0.861500,4.45012341e-02,3.70012341e-02,2.466749,-1.20908728e-01,2.75661352e-03
0.862000,4.44407738e-02,3.69407738e-02,2.462718,-1.20920700e-01,2.82771750e-03
0.862500,4.43803144e-02,3.68803144e-02,2.458688,-1.20918733e-01,2.77196748e-03
0.863000,4.43198594e-02,3.68198594e-02,2.454657,-1.20910019e-01,2.71681631e-03
0.863500,4.42594017e-02,3.67594017e-02,2.450627,-1.20915336e-01,2.73425773e-03
0.864000,4.41989376e-02,3.66989376e-02,2.446596,-1.20928168e-01,2.79774889e-03
0.864500,4.41384714e-02,3.66384714e-02,2.442565,-1.20932521e-01,2.79314691e-03
0.865000,4.40780080e-02,3.65780080e-02,2.438534,-1.20926856e-01,2.74797713e-03
0.865500,4.40175450e-02,3.65175450e-02,2.434503,-1.20925940e-01,2.72082523e-03
0.866000,4.39570776e-02,3.64570776e-02,2.430472,-1.20934842e-01,2.74357586e-03
0.866500,4.38966045e-02,3.63966045e-02,2.426440,-1.20946191e-01,2.81395108e-03
0.867000,4.38361307e-02,3.63361307e-02,2.422409,-1.20947582e-01,2.78469378e-03
0.867500,4.37756607e-02,3.62756607e-02,2.418377,-1.20940003e-01,2.71462082e-03
0.868000,4.37151890e-02,3.62151890e-02,2.414346,-1.20943425e-01,2.72176071e-03
0.868500,4.36547101e-02,3.61547101e-02,2.410314,-1.20957721e-01,2.77872853e-03
0.869000,4.35942272e-02,3.60942272e-02,2.406282,-1.20965809e-01,2.81645699e-03
0.869500,4.35337466e-02,3.60337466e-02,2.402250,-1.20961206e-01,2.76512326e-03
0.870000,4.34732691e-02,3.59732691e-02,2.398218,-1.20954946e-01,2.71978647e-03
0.870500,4.34127886e-02,3.59127886e-02,2.394186,-1.20961124e-01,2.72749618e-03
0.871000,4.33523015e-02,3.58523015e-02,2.390153,-1.20974066e-01,2.80759089e-03
0.871500,4.32918122e-02,3.57918122e-02,2.386121,-1.20978659e-01,2.80156636e-03
0.872000,4.32313269e-02,3.57313269e-02,2.382088,-1.20970633e-01,2.73594592e-03
0.872500,4.31708422e-02,3.56708422e-02,2.378056,-1.20969399e-01,2.70151824e-03
0.873000,4.31103512e-02,3.56103512e-02,2.374023,-1.20981984e-01,2.76400655e-03
0.873500,4.30498538e-02,3.55498538e-02,2.369990,-1.20994696e-01,2.83028141e-03
0.874000,4.29893582e-02,3.54893582e-02,2.365957,-1.20991288e-01,2.76592599e-03
0.874500,4.29288669e-02,3.54288669e-02,2.361924,-1.20982688e-01,2.72225632e-03
0.875000,4.28683726e-02,3.53683726e-02,2.357892,-1.20988516e-01,2.72651619e-03
0.875500,4.28078720e-02,3.53078720e-02,2.353858,-1.21001138e-01,2.79694862e-03
0.876000,4.27473686e-02,3.52473686e-02,2.349825,-1.21006834e-01,2.80221942e-03
0.876500,4.26868684e-02,3.51868684e-02,2.345791,-1.21000498e-01,2.75487822e-03
0.877000,4.26263696e-02,3.51263696e-02,2.341758,-1.20997482e-01,2.71598248e-03
0.877500,4.25658668e-02,3.50658668e-02,2.337724,-1.21005679e-01,2.75495186e-03
0.878000,4.25053584e-02,3.50053584e-02,2.333691,-1.21016817e-01,2.82091134e-03
0.878500,4.24448505e-02,3.49448505e-02,2.329657,-1.21015725e-01,2.77685928e-03
0.879000,4.23843467e-02,3.48843467e-02,2.325623,-1.21007696e-01,2.71354618e-03
0.879500,4.23238404e-02,3.48238404e-02,2.321589,-1.21012499e-01,2.71632359e-03
0.880000,4.22633267e-02,3.47633267e-02,2.317555,-1.21027453e-01,2.78451730e-03
0.880500,4.22028087e-02,3.47028087e-02,2.313521,-1.21035921e-01,2.82577004e-03
0.881000,4.21422940e-02,3.46422940e-02,2.309486,-1.21029544e-01,2.76148730e-03
0.881500,4.20817829e-02,3.45817829e-02,2.305452,-1.21022077e-01,2.71609490e-03
0.882000,4.20212683e-02,3.45212683e-02,2.301418,-1.21029178e-01,2.74997793e-03
0.882500,4.19607480e-02,3.44607480e-02,2.297383,-1.21040738e-01,2.81189806e-03
0.883000,4.19002273e-02,3.44002273e-02,2.293348,-1.21041259e-01,2.79295322e-03
0.883500,4.18397107e-02,3.43397107e-02,2.289314,-1.21033287e-01,2.73002059e-03
0.884000,4.17791937e-02,3.42791937e-02,2.285280,-1.21033991e-01,2.70360394e-03
0.884500,4.17186700e-02,3.42186700e-02,2.281245,-1.21047364e-01,2.75976319e-03
0.885000,4.16581400e-02,3.41581400e-02,2.277209,-1.21060110e-01,2.82898820e-03
0.885500,4.15976112e-02,3.40976112e-02,2.273174,-1.21057513e-01,2.77693855e-03
0.886000,4.15370871e-02,3.40370871e-02,2.269139,-1.21048151e-01,2.72329327e-03
0.886500,4.14765611e-02,3.39765611e-02,2.265104,-1.21052079e-01,2.73574230e-03
0.887000,4.14160292e-02,3.39160292e-02,2.261069,-1.21063716e-01,2.79692357e-03
0.887500,4.13554953e-02,3.38554953e-02,2.257033,-1.21067898e-01,2.79872172e-03
0.888000,4.12949643e-02,3.37949643e-02,2.252998,-1.21061876e-01,2.74268244e-03
0.888500,4.12344341e-02,3.37344341e-02,2.248962,-1.21060512e-01,2.71886685e-03
0.889000,4.11738989e-02,3.36738989e-02,2.244927,-1.21070457e-01,2.75247883e-03
0.889500,4.11133582e-02,3.36133582e-02,2.240891,-1.21081341e-01,2.82262277e-03
0.890000,4.10528179e-02,3.35528179e-02,2.236855,-1.21080503e-01,2.77611762e-03
0.890500,4.09922818e-02,3.34922818e-02,2.232819,-1.21072258e-01,2.72121995e-03
0.891000,4.09317436e-02,3.34317436e-02,2.228783,-1.21076505e-01,2.73235776e-03
0.891500,4.08711992e-02,3.33711992e-02,2.224747,-1.21088781e-01,2.78703500e-03
0.892000,4.08106520e-02,3.33106520e-02,2.220710,-1.21094394e-01,2.81452947e-03
0.892500,4.07501077e-02,3.32501077e-02,2.216674,-1.21088597e-01,2.75749206e-03
0.893000,4.06895660e-02,3.31895660e-02,2.212638,-1.21083329e-01,2.72137223e-03
0.893500,4.06290207e-02,3.31290207e-02,2.208601,-1.21090620e-01,2.73795204e-03
0.894000,4.05684695e-02,3.30684695e-02,2.204565,-1.21102376e-01,2.81304988e-03
0.894500,4.05079171e-02,3.30079171e-02,2.200528,-1.21104770e-01,2.79544754e-03
0.895000,4.04473689e-02,3.29473689e-02,2.196491,-1.21096389e-01,2.72863952e-03
0.895500,4.03868205e-02,3.28868205e-02,2.192455,-1.21096805e-01,2.71991618e-03
0.896000,4.03262660e-02,3.28262660e-02,2.188418,-1.21108963e-01,2.77354616e-03
0.896500,4.02657071e-02,3.27657071e-02,2.184380,-1.21117811e-01,2.82046062e-03
0.897000,4.02051503e-02,3.27051503e-02,2.180343,-1.21113705e-01,2.77216132e-03
0.897500,4.01445972e-02,3.26445972e-02,2.176306,-1.21106166e-01,2.72833614e-03
0.898000,4.00840420e-02,3.25840420e-02,2.172269,-1.21110433e-01,2.72213474e-03
0.898500,4.00234808e-02,3.25234808e-02,2.168232,-1.21122444e-01,2.80393080e-03
0.899000,3.99629166e-02,3.24629166e-02,2.164194,-1.21128242e-01,2.79958091e-03
0.899500,3.99023561e-02,3.24023561e-02,2.160157,-1.21120992e-01,2.75005633e-03
0.900000,3.98417967e-02,3.23417967e-02,2.156120,-1.21118836e-01,2.71129724e-03
0.900500,3.97812326e-02,3.22812326e-02,2.152082,-1.21128239e-01,2.76421986e-03
0.901000,3.97206629e-02,3.22206629e-02,2.148044,-1.21139327e-01,2.82415275e-03
0.901500,3.96600947e-02,3.21600947e-02,2.144006,-1.21136426e-01,2.76741661e-03
0.902000,3.95995304e-02,3.20995304e-02,2.139969,-1.21128700e-01,2.72250377e-03
0.902500,3.95389632e-02,3.20389632e-02,2.135931,-1.21134262e-01,2.72624475e-03
0.903000,3.94783898e-02,3.19783898e-02,2.131893,-1.21146867e-01,2.79538973e-03
0.903500,3.94178134e-02,3.19178134e-02,2.127854,-1.21152745e-01,2.80780678e-03
0.904000,3.93572404e-02,3.18572404e-02,2.123816,-1.21146171e-01,2.75976222e-03
0.904500,3.92966695e-02,3.17966695e-02,2.119778,-1.21141806e-01,2.72170437e-03
0.905000,3.92360951e-02,3.17360951e-02,2.115740,-1.21148695e-01,2.75492227e-03
0.905500,3.91755157e-02,3.16755157e-02,2.111701,-1.21158897e-01,2.81696761e-03
0.906000,3.91149366e-02,3.16149366e-02,2.107662,-1.21158157e-01,2.78467163e-03
0.906500,3.90543615e-02,3.15543615e-02,2.103624,-1.21150085e-01,2.72151236e-03
0.907000,3.89937851e-02,3.14937851e-02,2.099586,-1.21152901e-01,2.71823160e-03
0.907500,3.89332019e-02,3.14332019e-02,2.095547,-1.21166378e-01,2.77584185e-03
0.908000,3.88726142e-02,3.13726142e-02,2.091508,-1.21175300e-01,2.82433134e-03
0.908500,3.88120290e-02,3.13120290e-02,2.087469,-1.21170475e-01,2.77410039e-03
0.909000,3.87514479e-02,3.12514479e-02,2.083430,-1.21162129e-01,2.72111803e-03
0.909500,3.86908646e-02,3.11908646e-02,2.079391,-1.21166715e-01,2.74760235e-03
0.910000,3.86302758e-02,3.11302758e-02,2.075352,-1.21177660e-01,2.80570948e-03
0.910500,3.85696862e-02,3.10696862e-02,2.071312,-1.21179118e-01,2.79890320e-03
0.911000,3.85091004e-02,3.10091004e-02,2.067273,-1.21171637e-01,2.73895673e-03
0.911500,3.84485151e-02,3.09485151e-02,2.063234,-1.21170573e-01,2.70767760e-03
0.912000,3.83879240e-02,3.08879240e-02,2.059195,-1.21182119e-01,2.75769273e-03
0.912500,3.83273268e-02,3.08273268e-02,2.055155,-1.21194379e-01,2.83283460e-03
0.913000,3.82667310e-02,3.07667310e-02,2.051115,-1.21191782e-01,2.77684324e-03
0.913500,3.82061401e-02,3.07061401e-02,2.047076,-1.21181797e-01,2.72473026e-03
0.914000,3.81455472e-02,3.06455472e-02,2.043036,-1.21185614e-01,2.74064068e-03
0.914500,3.80849490e-02,3.05849490e-02,2.038997,-1.21196581e-01,2.80240842e-03
0.915000,3.80243492e-02,3.05243492e-02,2.034957,-1.21199474e-01,2.79928287e-03
0.915500,3.79637530e-02,3.04637530e-02,2.030917,-1.21192501e-01,2.75269584e-03
0.916000,3.79031579e-02,3.04031579e-02,2.026877,-1.21190160e-01,2.71819588e-03
0.916500,3.78425586e-02,3.03425586e-02,2.022837,-1.21198520e-01,2.75521694e-03
0.917000,3.77819540e-02,3.02819540e-02,2.018797,-1.21209272e-01,2.82433457e-03
0.917500,3.77213501e-02,3.02213501e-02,2.014757,-1.21207833e-01,2.78219026e-03
0.918000,3.76607507e-02,3.01607507e-02,2.010717,-1.21198771e-01,2.72063711e-03
0.918500,3.76001497e-02,3.01001497e-02,2.006677,-1.21202071e-01,2.73376053e-03
0.919000,3.75395425e-02,3.00395425e-02,2.002636,-1.21214319e-01,2.78442834e-03
0.919500,3.74789325e-02,2.99789325e-02,1.998595,-1.21219932e-01,2.82148771e-03
0.920000,3.74183256e-02,2.99183256e-02,1.994555,-1.21213948e-01,2.76003436e-03
0.920500,3.73577219e-02,2.98577219e-02,1.990515,-1.21207312e-01,2.72396108e-03
0.921000,3.72971149e-02,2.97971149e-02,1.986474,-1.21213957e-01,2.73910291e-03
0.921500,3.72365023e-02,2.97365023e-02,1.982433,-1.21225187e-01,2.81373106e-03
0.922000,3.71758887e-02,2.96758887e-02,1.978393,-1.21227331e-01,2.80164001e-03
0.922500,3.71152795e-02,2.96152795e-02,1.974352,-1.21218291e-01,2.73320124e-03
0.923000,3.70546709e-02,2.95546709e-02,1.970311,-1.21217287e-01,2.71718856e-03
0.923500,3.69940564e-02,2.94940564e-02,1.966270,-1.21228937e-01,2.77651472e-03
0.924000,3.69334374e-02,2.94334374e-02,1.962229,-1.21237970e-01,2.82535547e-03
0.924500,3.68728209e-02,2.93728209e-02,1.958188,-1.21232944e-01,2.77697304e-03
0.925000,3.68122089e-02,2.93122089e-02,1.954147,-1.21224175e-01,2.73005748e-03
0.925500,3.67515951e-02,2.92515951e-02,1.950106,-1.21227500e-01,2.72396588e-03
0.926000,3.66909756e-02,2.91909756e-02,1.946065,-1.21239067e-01,2.80492933e-03
0.926500,3.66303533e-02,2.91303533e-02,1.942024,-1.21244475e-01,2.80322851e-03
0.927000,3.65697350e-02,2.90697350e-02,1.937982,-1.21236739e-01,2.75382285e-03
0.927500,3.65091181e-02,2.90091181e-02,1.933941,-1.21233651e-01,2.71321538e-03
0.928000,3.64484970e-02,2.89484970e-02,1.929900,-1.21242266e-01,2.76589399e-03
0.928500,3.63878706e-02,2.88878706e-02,1.925858,-1.21252892e-01,2.82461284e-03
0.929000,3.63272457e-02,2.88272457e-02,1.921816,-1.21249675e-01,2.77097941e-03
0.929500,3.62666249e-02,2.87666249e-02,1.917775,-1.21241558e-01,2.72809346e-03
0.930000,3.62060019e-02,2.87060019e-02,1.913733,-1.21246040e-01,2.73152130e-03
0.930500,3.61453733e-02,2.86453733e-02,1.909692,-1.21257262e-01,2.79620479e-03
0.931000,3.60847422e-02,2.85847422e-02,1.905649,-1.21262201e-01,2.80956482e-03
0.931500,3.60241145e-02,2.85241145e-02,1.901608,-1.21255338e-01,2.76265652e-03
0.932000,3.59634893e-02,2.84634893e-02,1.897566,-1.21250428e-01,2.72461972e-03
0.932500,3.59028610e-02,2.84028610e-02,1.893524,-1.21256584e-01,2.75886333e-03
0.933000,3.58422280e-02,2.83422280e-02,1.889482,-1.21265958e-01,2.82082009e-03
0.933500,3.57815959e-02,2.82815959e-02,1.885440,-1.21264231e-01,2.78793273e-03
0.934000,3.57209683e-02,2.82209683e-02,1.881398,-1.21255238e-01,2.72352828e-03
0.934500,3.56603396e-02,2.81603396e-02,1.877356,-1.21257341e-01,2.72091450e-03
0.935000,3.55997045e-02,2.80997045e-02,1.873314,-1.21270249e-01,2.77907345e-03
0.935500,3.55390653e-02,2.80390653e-02,1.869271,-1.21278445e-01,2.82723572e-03
0.936000,3.54784289e-02,2.79784289e-02,1.865229,-1.21272832e-01,2.77603321e-03
0.936500,3.54177970e-02,2.79177970e-02,1.861186,-1.21263838e-01,2.72428571e-03
0.937000,3.53571630e-02,2.78571630e-02,1.857144,-1.21267827e-01,2.75085717e-03
0.937500,3.52965241e-02,2.77965241e-02,1.853102,-1.21277964e-01,2.81068086e-03
0.938000,3.52358848e-02,2.77358848e-02,1.849059,-1.21278448e-01,2.80215817e-03
0.938500,3.51752499e-02,2.76752499e-02,1.845017,-1.21269863e-01,2.74005313e-03
0.939000,3.51146158e-02,2.76146158e-02,1.840974,-1.21268168e-01,2.71130208e-03
0.939500,3.50539762e-02,2.75539762e-02,1.836932,-1.21279213e-01,2.76137498e-03
0.940000,3.49933309e-02,2.74933309e-02,1.832889,-1.21290552e-01,2.83629741e-03
0.940500,3.49326874e-02,2.74326874e-02,1.828846,-1.21287044e-01,2.78030077e-03
0.941000,3.48720493e-02,2.73720493e-02,1.824803,-1.21276185e-01,2.73058811e-03
0.941500,3.48114099e-02,2.73114099e-02,1.820761,-1.21278916e-01,2.74177362e-03
0.942000,3.47507655e-02,2.72507655e-02,1.816718,-1.21288821e-01,2.80556484e-03
0.942500,3.46901198e-02,2.71901198e-02,1.812675,-1.21291249e-01,2.80504215e-03
0.943000,3.46294782e-02,2.71294782e-02,1.808632,-1.21283249e-01,2.75245806e-03
0.943500,3.45688382e-02,2.70688382e-02,1.804589,-1.21279983e-01,2.72022400e-03
0.944000,3.45081941e-02,2.70081941e-02,1.800546,-1.21288203e-01,2.75726408e-03
0.944500,3.44475449e-02,2.69475449e-02,1.796503,-1.21298440e-01,2.83009459e-03
0.945000,3.43868968e-02,2.68868968e-02,1.792460,-1.21296156e-01,2.78435958e-03
0.945500,3.43262538e-02,2.68262538e-02,1.788417,-1.21285956e-01,2.72552898e-03
0.946000,3.42656096e-02,2.67656096e-02,1.784374,-1.21288468e-01,2.73850546e-03
0.946500,3.42049599e-02,2.67049599e-02,1.780331,-1.21299493e-01,2.79167498e-03
0.947000,3.41443080e-02,2.66443080e-02,1.776287,-1.21303686e-01,2.82181130e-03
0.947500,3.40836598e-02,2.65836598e-02,1.772244,-1.21296483e-01,2.76468392e-03
0.948000,3.40230151e-02,2.65230151e-02,1.768201,-1.21289383e-01,2.72663654e-03
0.948500,3.39623676e-02,2.64623676e-02,1.764158,-1.21295028e-01,2.74293644e-03
0.949000,3.39017148e-02,2.64017148e-02,1.760114,-1.21305480e-01,2.81914591e-03
0.949500,3.38410616e-02,2.63410616e-02,1.756071,-1.21306516e-01,2.80273109e-03
0.950000,3.37804133e-02,2.62804133e-02,1.752028,-1.21296490e-01,2.73417004e-03
0.950500,3.37197657e-02,2.62197657e-02,1.747984,-1.21295221e-01,2.72617618e-03
0.951000,3.36591128e-02,2.61591128e-02,1.743941,-1.21305917e-01,2.77918324e-03
0.951500,3.35984561e-02,2.60984561e-02,1.739897,-1.21313239e-01,2.82822134e-03
0.952000,3.35378024e-02,2.60378024e-02,1.735853,-1.21307521e-01,2.77607583e-03
0.952500,3.34771532e-02,2.59771532e-02,1.731810,-1.21298361e-01,2.73300307e-03
0.953000,3.34165024e-02,2.59165024e-02,1.727767,-1.21301572e-01,2.72943941e-03
0.953500,3.33558463e-02,2.58558463e-02,1.723723,-1.21312172e-01,2.81643932e-03
0.954000,3.32951885e-02,2.57951885e-02,1.719679,-1.21315664e-01,2.80511536e-03
0.954500,3.32345356e-02,2.57345356e-02,1.715636,-1.21305871e-01,2.75224272e-03
0.955000,3.31738842e-02,2.56738842e-02,1.711592,-1.21302613e-01,2.71581687e-03
0.955500,3.31132286e-02,2.56132286e-02,1.707549,-1.21311257e-01,2.77200412e-03
0.956000,3.30525682e-02,2.55525682e-02,1.703505,-1.21320915e-01,2.83743119e-03
0.956500,3.29919104e-02,2.54919104e-02,1.699461,-1.21315561e-01,2.77210708e-03
0.957000,3.29312578e-02,2.54312578e-02,1.695417,-1.21305240e-01,2.73011125e-03
0.957500,3.28706031e-02,2.53706031e-02,1.691374,-1.21309359e-01,2.73498857e-03
0.958000,3.28099431e-02,2.53099431e-02,1.687330,-1.21319943e-01,2.80698598e-03
0.958500,3.27492814e-02,2.52492814e-02,1.683285,-1.21323359e-01,2.81045315e-03
0.959000,3.26886241e-02,2.51886241e-02,1.679242,-1.21314647e-01,2.76398468e-03
0.959500,3.26279694e-02,2.51279694e-02,1.675198,-1.21309474e-01,2.72798272e-03
0.960000,3.25673118e-02,2.50673118e-02,1.671154,-1.21315114e-01,2.76523513e-03
0.960500,3.25066501e-02,2.50066501e-02,1.667110,-1.21323373e-01,2.82722385e-03
0.961000,3.24459901e-02,2.49459901e-02,1.663066,-1.21320034e-01,2.78823046e-03
0.961500,3.23853351e-02,2.48853351e-02,1.659022,-1.21309963e-01,2.72125483e-03
0.962000,3.23246790e-02,2.48246790e-02,1.654979,-1.21312217e-01,2.72701501e-03
0.962500,3.22640165e-02,2.47640165e-02,1.650934,-1.21324960e-01,2.79027387e-03
0.963000,3.22033510e-02,2.47033510e-02,1.646890,-1.21331164e-01,2.83504818e-03
0.963500,3.21426894e-02,2.46426894e-02,1.642846,-1.21323021e-01,2.77509746e-03
0.964000,3.20820330e-02,2.45820330e-02,1.638802,-1.21312826e-01,2.72542744e-03
0.964500,3.20213746e-02,2.45213746e-02,1.634758,-1.21316868e-01,2.75978499e-03
0.965000,3.19607116e-02,2.44607116e-02,1.630714,-1.21326028e-01,2.82212297e-03
0.965500,3.19000496e-02,2.44000496e-02,1.626670,-1.21324035e-01,2.80393442e-03
0.966000,3.18393929e-02,2.43393929e-02,1.622626,-1.21313413e-01,2.73970171e-03
0.966500,3.17787371e-02,2.42787371e-02,1.618582,-1.21311458e-01,2.71331535e-03
0.967000,3.17180759e-02,2.42180759e-02,1.614538,-1.21322383e-01,2.77090741e-03
0.967500,3.16574097e-02,2.41574097e-02,1.610494,-1.21332548e-01,2.83721461e-03
0.968000,3.15967460e-02,2.40967460e-02,1.606450,-1.21327394e-01,2.78972695e-03
0.968500,3.15360882e-02,2.40360882e-02,1.602406,-1.21315550e-01,2.73652623e-03
0.969000,3.14754301e-02,2.39754301e-02,1.598362,-1.21316209e-01,2.74781112e-03
0.969500,3.14147678e-02,2.39147678e-02,1.594318,-1.21324605e-01,2.80987756e-03
0.970000,3.13541050e-02,2.38541050e-02,1.590274,-1.21325660e-01,2.80567145e-03
0.970500,3.12934465e-02,2.37934465e-02,1.586230,-1.21316896e-01,2.75238066e-03
0.971000,3.12327897e-02,2.37327897e-02,1.582186,-1.21313534e-01,2.72493596e-03
0.971500,3.11721291e-02,2.36721291e-02,1.578142,-1.21321350e-01,2.76671884e-03
0.972000,3.11114641e-02,2.36114641e-02,1.574098,-1.21329977e-01,2.83056635e-03
0.972500,3.10508010e-02,2.35508010e-02,1.570053,-1.21326099e-01,2.78933843e-03
0.973000,3.09901433e-02,2.34901433e-02,1.566010,-1.21315381e-01,2.73531956e-03
0.973500,3.09294852e-02,2.34294852e-02,1.561966,-1.21316210e-01,2.74648242e-03
0.974000,3.08688228e-02,2.33688228e-02,1.557922,-1.21324922e-01,2.79942616e-03
0.974500,3.08081592e-02,2.33081592e-02,1.553877,-1.21327120e-01,2.81679467e-03
0.975000,3.07474997e-02,2.32474997e-02,1.549833,-1.21319088e-01,2.76823554e-03
0.975500,3.06868434e-02,2.31868434e-02,1.545790,-1.21312498e-01,2.73201565e-03
0.976000,3.06261849e-02,2.31261849e-02,1.541746,-1.21317084e-01,2.75060345e-03
0.976500,3.05655219e-02,2.30655219e-02,1.537701,-1.21325974e-01,2.82858360e-03
0.977000,3.05048594e-02,2.30048594e-02,1.533657,-1.21324917e-01,2.80253757e-03
0.977500,3.04442028e-02,2.29442028e-02,1.529614,-1.21313358e-01,2.73426495e-03
0.978000,3.03835467e-02,2.28835467e-02,1.525570,-1.21312112e-01,2.73181989e-03
0.978500,3.03228856e-02,2.28228856e-02,1.521526,-1.21322294e-01,2.79118991e-03
0.979000,3.02622217e-02,2.27622217e-02,1.517481,-1.21327627e-01,2.83178401e-03
0.979500,3.02015619e-02,2.27015619e-02,1.513437,-1.21319623e-01,2.78137777e-03
0.980000,3.01409072e-02,2.26409072e-02,1.509394,-1.21309409e-01,2.73471635e-03
0.980500,3.00802514e-02,2.25802514e-02,1.505350,-1.21311598e-01,2.73895800e-03
0.981000,3.00195909e-02,2.25195909e-02,1.501306,-1.21321075e-01,2.82299457e-03
0.981500,2.99589297e-02,2.24589297e-02,1.497262,-1.21322424e-01,2.81614615e-03
0.982000,2.98982744e-02,2.23982744e-02,1.493218,-1.21310580e-01,2.74854199e-03
0.982500,2.98376215e-02,2.23376215e-02,1.489175,-1.21305837e-01,2.71716735e-03
0.983000,2.97769640e-02,2.22769640e-02,1.485131,-1.21314970e-01,2.78015193e-03
0.983500,2.97163021e-02,2.22163021e-02,1.481087,-1.21323686e-01,2.84666784e-03
0.984000,2.96556441e-02,2.21556441e-02,1.477043,-1.21316177e-01,2.78072630e-03
0.984500,2.95949923e-02,2.20949923e-02,1.472999,-1.21303577e-01,2.73956243e-03
0.985000,2.95343395e-02,2.20343395e-02,1.468956,-1.21305445e-01,2.74169529e-03
0.985500,2.94736826e-02,2.19736826e-02,1.464912,-1.21313884e-01,2.81463193e-03
0.986000,2.94130248e-02,2.19130248e-02,1.460868,-1.21315523e-01,2.81744565e-03
0.986500,2.93523724e-02,2.18523724e-02,1.456825,-1.21304937e-01,2.76825794e-03
0.987000,2.92917233e-02,2.17917233e-02,1.452782,-1.21298238e-01,2.72645440e-03
0.987500,2.92310716e-02,2.17310716e-02,1.448738,-1.21303312e-01,2.77459209e-03
0.988000,2.91704161e-02,2.16704161e-02,1.444694,-1.21310994e-01,2.83724668e-03
0.988500,2.91097635e-02,2.16097635e-02,1.440651,-1.21305232e-01,2.78825396e-03
0.989000,2.90491167e-02,2.15491167e-02,1.436608,-1.21293513e-01,2.73074290e-03
0.989500,2.89884693e-02,2.14884693e-02,1.432565,-1.21294925e-01,2.73928966e-03
0.990000,2.89278168e-02,2.14278168e-02,1.428521,-1.21305024e-01,2.80229783e-03
0.990500,2.88671627e-02,2.13671627e-02,1.424478,-1.21308149e-01,2.83906541e-03
0.991000,2.88065138e-02,2.13065138e-02,1.420434,-1.21297677e-01,2.77402470e-03
0.991500,2.87458704e-02,2.12458704e-02,1.416391,-1.21286917e-01,2.73298154e-03
0.992000,2.86852251e-02,2.11852251e-02,1.412348,-1.21290468e-01,2.76720520e-03
0.992500,2.86245763e-02,2.11245763e-02,1.408305,-1.21297731e-01,2.82586608e-03
0.993000,2.85639292e-02,2.10639292e-02,1.404262,-1.21294188e-01,2.80672181e-03
0.993500,2.85032878e-02,2.10032878e-02,1.400219,-1.21282705e-01,2.74636236e-03
0.994000,2.84426480e-02,2.09426480e-02,1.396177,-1.21279703e-01,2.73123032e-03
0.994500,2.83820040e-02,2.08820040e-02,1.392134,-1.21287951e-01,2.78033833e-03
0.995000,2.83213568e-02,2.08213568e-02,1.388090,-1.21294340e-01,2.84023662e-03
0.995500,2.82607132e-02,2.07607132e-02,1.384048,-1.21287370e-01,2.79632280e-03
0.996000,2.82000759e-02,2.07000759e-02,1.380005,-1.21274447e-01,2.74214406e-03
0.996500,2.81394392e-02,2.06394392e-02,1.375963,-1.21273526e-01,2.75606778e-03
0.997000,2.80787990e-02,2.05787990e-02,1.371920,-1.21280270e-01,2.81836101e-03
0.997500,2.80181594e-02,2.05181594e-02,1.367877,-1.21279219e-01,2.80857087e-03
0.998000,2.79575250e-02,2.04575250e-02,1.363835,-1.21268805e-01,2.76515491e-03
0.998500,2.78968931e-02,2.03968931e-02,1.359793,-1.21263838e-01,2.73398798e-03
0.999000,2.78362587e-02,2.03362587e-02,1.355751,-1.21268755e-01,2.77339139e-03
0.999500,2.77756211e-02,2.02756211e-02,1.351708,-1.21275307e-01,2.83962213e-03
1.000000,2.77149863e-02,2.02149863e-02,1.347666,-1.21269532e-01,2.79218583e-03
1.000500,2.76543578e-02,2.01543578e-02,1.343624,-1.21257075e-01,2.74046855e-03
1.001000,2.75937293e-02,2.00937293e-02,1.339582,-1.21256981e-01,2.74898253e-03
1.001500,2.75330970e-02,2.00330970e-02,1.335540,-1.21264627e-01,2.81629639e-03
1.002000,2.74724645e-02,1.99724645e-02,1.331498,-1.21264922e-01,2.81756845e-03
1.002500,2.74118375e-02,1.99118375e-02,1.327456,-1.21254052e-01,2.77434175e-03
1.003000,2.73512141e-02,1.98512141e-02,1.323414,-1.21246794e-01,2.74446190e-03
1.003500,2.72905894e-02,1.97905894e-02,1.319373,-1.21249277e-01,2.76460396e-03
1.004000,2.72299620e-02,1.97299620e-02,1.315331,-1.21254886e-01,2.83525552e-03
1.004500,2.71693365e-02,1.96693365e-02,1.311289,-1.21250940e-01,2.80718522e-03
1.005000,2.71087176e-02,1.96087176e-02,1.307248,-1.21237874e-01,2.73766036e-03
1.005500,2.70480998e-02,1.95480998e-02,1.303207,-1.21235565e-01,2.74461693e-03
1.006000,2.69874778e-02,1.94874778e-02,1.299165,-1.21244058e-01,2.80206736e-03
1.006500,2.69268546e-02,1.94268546e-02,1.295124,-1.21246329e-01,2.84142283e-03
1.007000,2.68662368e-02,1.93662368e-02,1.291082,-1.21235685e-01,2.78590118e-03
1.007500,2.68056250e-02,1.93056250e-02,1.287042,-1.21223489e-01,2.74090833e-03
1.008000,2.67450128e-02,1.92450128e-02,1.283001,-1.21224388e-01,2.75104626e-03
1.008500,2.66843969e-02,1.91843969e-02,1.278960,-1.21231779e-01,2.83821486e-03
1.009000,2.66237820e-02,1.91237820e-02,1.274919,-1.21229797e-01,2.82705399e-03
1.009500,2.65631748e-02,1.90631748e-02,1.270878,-1.21214489e-01,2.75476353e-03
1.010000,2.65025711e-02,1.90025711e-02,1.266838,-1.21207405e-01,2.72385412e-03
1.010500,2.64419636e-02,1.89419636e-02,1.262798,-1.21214925e-01,2.78632428e-03
1.011000,2.63813526e-02,1.88813526e-02,1.258757,-1.21221997e-01,2.85746170e-03
1.011500,2.63207464e-02,1.88207464e-02,1.254716,-1.21212521e-01,2.79449729e-03
1.012000,2.62601479e-02,1.87601479e-02,1.250677,-1.21196931e-01,2.74784003e-03
1.012500,2.61995500e-02,1.86995500e-02,1.246637,-1.21195806e-01,2.74394667e-03
1.013000,2.61389487e-02,1.86389487e-02,1.242597,-1.21202686e-01,2.82361473e-03
1.013500,2.60783471e-02,1.85783471e-02,1.238556,-1.21203161e-01,2.83183414e-03
1.014000,2.60177522e-02,1.85177522e-02,1.234517,-1.21189828e-01,2.77421574e-03
1.014500,2.59571620e-02,1.84571620e-02,1.230477,-1.21180239e-01,2.73691392e-03
1.015000,2.58965703e-02,1.83965703e-02,1.226438,-1.21183410e-01,2.78383841e-03
1.015500,2.58359761e-02,1.83359761e-02,1.222398,-1.21188557e-01,2.84824381e-03
1.016000,2.57753859e-02,1.82753859e-02,1.218359,-1.21180304e-01,2.79557034e-03
1.016500,2.57148028e-02,1.82148028e-02,1.214320,-1.21166133e-01,2.74468068e-03
1.017000,2.56542203e-02,1.81542203e-02,1.210281,-1.21165111e-01,2.75118715e-03
1.017500,2.55936344e-02,1.80936344e-02,1.206242,-1.21171870e-01,2.81412611e-03
1.018000,2.55330484e-02,1.80330484e-02,1.202203,-1.21171995e-01,2.84677495e-03
1.018500,2.54724689e-02,1.79724689e-02,1.198165,-1.21158899e-01,2.78646362e-03
1.019000,2.54118960e-02,1.79118960e-02,1.194126,-1.21145774e-01,2.74210304e-03
1.019500,2.53513228e-02,1.78513228e-02,1.190088,-1.21146475e-01,2.77947078e-03
1.020000,2.52907472e-02,1.77907472e-02,1.186050,-1.21151156e-01,2.83895075e-03
1.020500,2.52301750e-02,1.77301750e-02,1.182012,-1.21144442e-01,2.81797105e-03
1.021000,2.51696101e-02,1.76696101e-02,1.177974,-1.21129816e-01,2.75515145e-03
1.021500,2.51090480e-02,1.76090480e-02,1.173937,-1.21124189e-01,2.74209505e-03
1.022000,2.50484830e-02,1.75484830e-02,1.169899,-1.21130033e-01,2.79148887e-03
1.022500,2.49879161e-02,1.74879161e-02,1.165861,-1.21133653e-01,2.85265445e-03
1.023000,2.49273543e-02,1.74273543e-02,1.161824,-1.21123754e-01,2.80844465e-03
1.023500,2.48668004e-02,1.73668004e-02,1.157787,-1.21107720e-01,2.75385308e-03
1.024000,2.48062485e-02,1.73062485e-02,1.153750,-1.21103772e-01,2.76664766e-03
1.024500,2.47456947e-02,1.72456947e-02,1.149713,-1.21107658e-01,2.83139138e-03
1.025000,2.46851428e-02,1.71851428e-02,1.145676,-1.21103718e-01,2.82101657e-03
1.025500,2.46245978e-02,1.71245978e-02,1.141640,-1.21090064e-01,2.77881809e-03
1.026000,2.45640569e-02,1.70640569e-02,1.137604,-1.21081845e-01,2.74269813e-03
1.026500,2.45035150e-02,1.70035150e-02,1.133568,-1.21083749e-01,2.78727204e-03
1.027000,2.44429712e-02,1.69429712e-02,1.129531,-1.21087642e-01,2.85142177e-03
1.027500,2.43824319e-02,1.68824319e-02,1.125495,-1.21078545e-01,2.80783751e-03
1.028000,2.43219005e-02,1.68219005e-02,1.121460,-1.21062767e-01,2.75474105e-03
1.028500,2.42613711e-02,1.67613711e-02,1.117425,-1.21058841e-01,2.76327316e-03
1.029000,2.42008397e-02,1.67008397e-02,1.113389,-1.21062879e-01,2.82384436e-03
1.029500,2.41403096e-02,1.66403096e-02,1.109354,-1.21060160e-01,2.83550762e-03
1.030000,2.40797864e-02,1.65797864e-02,1.105319,-1.21046464e-01,2.78927607e-03
1.030500,2.40192689e-02,1.65192689e-02,1.101285,-1.21034941e-01,2.75568903e-03
1.031000,2.39587519e-02,1.64587519e-02,1.097250,-1.21033979e-01,2.77686593e-03
1.031500,2.38982336e-02,1.63982336e-02,1.093216,-1.21036659e-01,2.84778398e-03
1.032000,2.38377188e-02,1.63377188e-02,1.089181,-1.21029592e-01,2.82441836e-03
1.032500,2.37772123e-02,1.62772123e-02,1.085147,-1.21012946e-01,2.75683272e-03
1.033000,2.37167092e-02,1.62167092e-02,1.081114,-1.21006112e-01,2.75408098e-03
1.033500,2.36562039e-02,1.61562039e-02,1.077080,-1.21010619e-01,2.81470974e-03
1.034000,2.35956988e-02,1.60956988e-02,1.073047,-1.21010218e-01,2.85494887e-03
1.034500,2.35352007e-02,1.60352007e-02,1.069013,-1.20996303e-01,2.80581795e-03
1.035000,2.34747106e-02,1.59747106e-02,1.064981,-1.20980124e-01,2.75803987e-03
1.035500,2.34142225e-02,1.59142225e-02,1.060948,-1.20976238e-01,2.76262418e-03
1.036000,2.33537326e-02,1.58537326e-02,1.056916,-1.20979792e-01,2.84847637e-03
1.036500,2.32932451e-02,1.57932451e-02,1.052883,-1.20975002e-01,2.83532398e-03
1.037000,2.32327664e-02,1.57327664e-02,1.048851,-1.20957278e-01,2.77655135e-03
1.037500,2.31722930e-02,1.56722930e-02,1.044820,-1.20946909e-01,2.74555977e-03
1.038000,2.31118185e-02,1.56118185e-02,1.040788,-1.20948932e-01,2.80654149e-03
1.038500,2.30513432e-02,1.55513432e-02,1.036756,-1.20950653e-01,2.87319877e-03
1.039000,2.29908750e-02,1.54908750e-02,1.032725,-1.20936465e-01,2.80626990e-03
1.039500,2.29304163e-02,1.54304163e-02,1.028694,-1.20917250e-01,2.75913596e-03
1.040000,2.28699597e-02,1.53699597e-02,1.024664,-1.20913193e-01,2.76771912e-03
1.040500,2.28095017e-02,1.53095017e-02,1.020633,-1.20916116e-01,2.84041037e-03
1.041000,2.27490461e-02,1.52490461e-02,1.016603,-1.20911203e-01,2.84441449e-03
1.041500,2.26885991e-02,1.51885991e-02,1.012573,-1.20893999e-01,2.79759940e-03
1.042000,2.26281590e-02,1.51281590e-02,1.008544,-1.20880277e-01,2.76079484e-03
1.042500,2.25677202e-02,1.50677202e-02,1.004515,-1.20877497e-01,2.79774777e-03
1.043000,2.25072815e-02,1.50072815e-02,1.000485,-1.20877493e-01,2.86258217e-03
1.043500,2.24468486e-02,1.49468486e-02,0.996457,-1.20865688e-01,2.82441840e-03
1.044000,2.23864253e-02,1.48864253e-02,0.992428,-1.20846611e-01,2.75922876e-03
1.044500,2.23260055e-02,1.48260055e-02,0.988400,-1.20839566e-01,2.76178669e-03
1.045000,2.22655840e-02,1.47655840e-02,0.984372,-1.20842998e-01,2.82023597e-03
1.045500,2.22051636e-02,1.47051636e-02,0.980344,-1.20840843e-01,2.87185114e-03
1.046000,2.21447513e-02,1.46447513e-02,0.976317,-1.20824526e-01,2.81790017e-03
1.046500,2.20843491e-02,1.45843491e-02,0.972290,-1.20804504e-01,2.76425538e-03
1.047000,2.20239500e-02,1.45239500e-02,0.968263,-1.20798084e-01,2.79233584e-03
1.047500,2.19635511e-02,1.44635511e-02,0.964237,-1.20797990e-01,2.85160492e-03
1.048000,2.19031570e-02,1.44031570e-02,0.960210,-1.20788045e-01,2.84547812e-03
1.048500,2.18427726e-02,1.43427726e-02,0.956185,-1.20768909e-01,2.78338263e-03
1.049000,2.17823944e-02,1.42823944e-02,0.952160,-1.20756269e-01,2.75550688e-03
1.049500,2.17220163e-02,1.42220163e-02,0.948134,-1.20756291e-01,2.80714120e-03
1.050000,2.16616381e-02,1.41616381e-02,0.944109,-1.20756324e-01,2.88206214e-03
1.050500,2.16012675e-02,1.41012675e-02,0.940085,-1.20741255e-01,2.82683991e-03
1.051000,2.15409081e-02,1.40409081e-02,0.936061,-1.20718766e-01,2.77312796e-03
1.051500,2.14805531e-02,1.39805531e-02,0.932037,-1.20710093e-01,2.78802424e-03
1.052000,2.14201986e-02,1.39201986e-02,0.928013,-1.20708924e-01,2.85035467e-03
1.052500,2.13598487e-02,1.38598487e-02,0.923990,-1.20699797e-01,2.84803778e-03
1.053000,2.12995084e-02,1.37995084e-02,0.919967,-1.20680640e-01,2.80331220e-03
1.053500,2.12391755e-02,1.37391755e-02,0.915945,-1.20665818e-01,2.77718858e-03
1.054000,2.11788452e-02,1.36788452e-02,0.911923,-1.20660650e-01,2.80040270e-03
1.054500,2.11185163e-02,1.36185163e-02,0.907901,-1.20657719e-01,2.87375286e-03
1.055000,2.10581941e-02,1.35581941e-02,0.903880,-1.20644491e-01,2.84343315e-03
1.055500,2.09978831e-02,1.34978831e-02,0.899859,-1.20621898e-01,2.77222926e-03
1.056000,2.09375778e-02,1.34375778e-02,0.895839,-1.20610581e-01,2.77928661e-03
1.056500,2.08772727e-02,1.33772727e-02,0.891818,-1.20610331e-01,2.83863245e-03
1.057000,2.08169708e-02,1.33169708e-02,0.887798,-1.20603676e-01,2.87684296e-03
1.057500,2.07566789e-02,1.32566789e-02,0.883779,-1.20583897e-01,2.82831869e-03
1.058000,2.06963978e-02,1.31963978e-02,0.879760,-1.20562134e-01,2.78163186e-03
1.058500,2.06361216e-02,1.31361216e-02,0.875741,-1.20552467e-01,2.78559903e-03
1.059000,2.05758465e-02,1.30758465e-02,0.871723,-1.20550115e-01,2.87205254e-03
1.059500,2.05155768e-02,1.30155768e-02,0.867705,-1.20539468e-01,2.85913489e-03
1.060000,2.04553189e-02,1.29553189e-02,0.863688,-1.20515767e-01,2.80139557e-03
1.060500,2.03950692e-02,1.28950692e-02,0.859671,-1.20499292e-01,2.76977314e-03
1.061000,2.03348217e-02,1.28348217e-02,0.855655,-1.20495094e-01,2.83051289e-03
1.061500,2.02745763e-02,1.27745763e-02,0.851638,-1.20490719e-01,2.89760764e-03
1.062000,2.02143411e-02,1.27143411e-02,0.847623,-1.20470437e-01,2.83108453e-03
1.062500,2.01541186e-02,1.26541186e-02,0.843608,-1.20445020e-01,2.78445119e-03
1.063000,2.00939013e-02,1.25939013e-02,0.839593,-1.20434649e-01,2.78796009e-03
1.063500,2.00336855e-02,1.25336855e-02,0.835579,-1.20431626e-01,2.86560531e-03
1.064000,1.99734749e-02,1.24734749e-02,0.831565,-1.20421161e-01,2.87718991e-03
1.064500,1.99132764e-02,1.24132764e-02,0.827552,-1.20396922e-01,2.82915879e-03
1.065000,1.98530889e-02,1.23530889e-02,0.823539,-1.20375028e-01,2.78738487e-03
1.065500,1.97929066e-02,1.22929066e-02,0.819527,-1.20364714e-01,2.82465339e-03
1.066000,1.97327276e-02,1.22327276e-02,0.815515,-1.20357965e-01,2.89090433e-03
1.066500,1.96725580e-02,1.21725580e-02,0.811504,-1.20339238e-01,2.86015331e-03
1.067000,1.96124018e-02,1.21124018e-02,0.807493,-1.20312351e-01,2.79573638e-03
1.067500,1.95522537e-02,1.20522537e-02,0.803484,-1.20296209e-01,2.78898056e-03
1.068000,1.94921081e-02,1.19921081e-02,0.799474,-1.20291243e-01,2.84046193e-03
1.068500,1.94319666e-02,1.19319666e-02,0.795464,-1.20282833e-01,2.90218121e-03
1.069000,1.93718364e-02,1.18718364e-02,0.791456,-1.20260513e-01,2.85797822e-03
1.069500,1.93117204e-02,1.18117204e-02,0.787448,-1.20231967e-01,2.80268061e-03
1.070000,1.92516126e-02,1.17516126e-02,0.783441,-1.20215569e-01,2.81483338e-03
1.070500,1.91915090e-02,1.16915090e-02,0.779434,-1.20207176e-01,2.88240180e-03
1.071000,1.91314136e-02,1.16314136e-02,0.775428,-1.20190813e-01,2.87653957e-03
1.071500,1.90713317e-02,1.15713317e-02,0.771422,-1.20163874e-01,2.82396380e-03
1.072000,1.90112604e-02,1.15112604e-02,0.767417,-1.20142545e-01,2.79760222e-03
1.072500,1.89511943e-02,1.14511943e-02,0.763413,-1.20132181e-01,2.83559001e-03
1.073000,1.88911329e-02,1.13911329e-02,0.759409,-1.20122787e-01,2.90875959e-03
1.073500,1.88310826e-02,1.13310826e-02,0.755406,-1.20100686e-01,2.86457609e-03
1.074000,1.87710473e-02,1.12710473e-02,0.751403,-1.20070476e-01,2.80546572e-03
1.074500,1.87110210e-02,1.12110210e-02,0.747401,-1.20052747e-01,2.81763910e-03
1.075000,1.86509991e-02,1.11509991e-02,0.743400,-1.20043649e-01,2.87268726e-03
1.075500,1.85909853e-02,1.10909853e-02,0.739399,-1.20027685e-01,2.91213375e-03
1.076000,1.85309857e-02,1.10309857e-02,0.735399,-1.19999193e-01,2.84803486e-03
1.076500,1.84710008e-02,1.09710008e-02,0.731400,-1.19969892e-01,2.81070443e-03
1.077000,1.84110236e-02,1.09110236e-02,0.727402,-1.19954417e-01,2.82251122e-03
1.077500,1.83510515e-02,1.08510515e-02,0.723403,-1.19944027e-01,2.91231660e-03
1.078000,1.82910897e-02,1.07910897e-02,0.719406,-1.19923759e-01,2.90285310e-03
1.078500,1.82311449e-02,1.07311449e-02,0.715410,-1.19889580e-01,2.82894516e-03
1.079000,1.81712131e-02,1.06712131e-02,0.711414,-1.19863491e-01,2.79633863e-03
1.079500,1.81112869e-02,1.06112869e-02,0.707419,-1.19852421e-01,2.86612526e-03
1.080000,1.80513667e-02,1.05513667e-02,0.703424,-1.19840534e-01,2.93624518e-03
1.080500,1.79914612e-02,1.04914612e-02,0.699431,-1.19810988e-01,2.86889737e-03
1.081000,1.79315732e-02,1.04315732e-02,0.695438,-1.19775883e-01,2.82169599e-03
1.081500,1.78716952e-02,1.03716952e-02,0.691446,-1.19756010e-01,2.82163314e-03
1.082000,1.78118233e-02,1.03118233e-02,0.687455,-1.19743893e-01,2.90007755e-03
1.082500,1.77519608e-02,1.02519608e-02,0.683464,-1.19724851e-01,2.91962669e-03
1.083000,1.76921152e-02,1.01921152e-02,0.679474,-1.19691199e-01,2.87209598e-03
1.083500,1.76322860e-02,1.01322860e-02,0.675486,-1.19658540e-01,2.82520982e-03
1.084000,1.75724671e-02,1.00724671e-02,0.671498,-1.19637831e-01,2.86613451e-03
1.084500,1.75126565e-02,1.00126565e-02,0.667510,-1.19621203e-01,2.92641784e-03
1.085000,1.74528602e-02,9.95286020e-03,0.663524,-1.19592525e-01,2.90435340e-03
1.085500,1.73930822e-02,9.89308220e-03,0.659539,-1.19555898e-01,2.84440882e-03
1.086000,1.73333181e-02,9.83331810e-03,0.655555,-1.19528195e-01,2.82651852e-03
1.086500,1.72735622e-02,9.77356220e-03,0.651571,-1.19511917e-01,2.87877578e-03
1.087000,1.72138152e-02,9.71381520e-03,0.647588,-1.19493956e-01,2.94998836e-03
1.087500,1.71540846e-02,9.65408460e-03,0.643606,-1.19461117e-01,2.89963484e-03
1.088000,1.70943741e-02,9.59437410e-03,0.639625,-1.19421037e-01,2.84555238e-03
1.088500,1.70346771e-02,9.53467710e-03,0.635645,-1.19394008e-01,2.86167645e-03
1.089000,1.69749899e-02,9.47498990e-03,0.631666,-1.19374433e-01,2.92481796e-03
1.089500,1.69153166e-02,9.41531660e-03,0.627688,-1.19346628e-01,2.92451422e-03
1.090000,1.68556624e-02,9.35566240e-03,0.623711,-1.19308482e-01,2.88172978e-03
1.090500,1.67960253e-02,9.29602530e-03,0.619735,-1.19274168e-01,2.85557022e-03
1.091000,1.67364007e-02,9.23640070e-03,0.615760,-1.19249193e-01,2.87815383e-03
1.091500,1.66767874e-02,9.17678740e-03,0.611786,-1.19226517e-01,2.95122837e-03
1.092000,1.66171906e-02,9.11719060e-03,0.607813,-1.19193671e-01,2.93069411e-03
1.092500,1.65576153e-02,9.05761530e-03,0.603841,-1.19150641e-01,2.86236439e-03
1.093000,1.64980567e-02,8.99805670e-03,0.599870,-1.19117025e-01,2.85695485e-03
1.093500,1.64385092e-02,8.93850920e-03,0.595901,-1.19095107e-01,2.91838385e-03
1.094000,1.63789749e-02,8.87897490e-03,0.591932,-1.19068646e-01,2.96826272e-03
1.094500,1.63194610e-02,8.81946100e-03,0.587964,-1.19027688e-01,2.91735753e-03
1.095000,1.62599695e-02,8.75996950e-03,0.583998,-1.18983040e-01,2.87292345e-03
1.095500,1.62004942e-02,8.70049420e-03,0.580033,-1.18950680e-01,2.87432930e-03
1.096000,1.61410314e-02,8.64103140e-03,0.576069,-1.18925493e-01,2.95071665e-03
1.096500,1.60815848e-02,8.58158480e-03,0.572106,-1.18893320e-01,2.96177206e-03
1.097000,1.60221609e-02,8.52216090e-03,0.568144,-1.18847626e-01,2.91375789e-03
1.097500,1.59627588e-02,8.46275880e-03,0.564184,-1.18804363e-01,2.87814563e-03
1.098000,1.59033727e-02,8.40337270e-03,0.560225,-1.18772132e-01,2.91285568e-03
1.098500,1.58440014e-02,8.34400140e-03,0.556267,-1.18742681e-01,2.98164630e-03
1.099000,1.57846506e-02,8.28465060e-03,0.552310,-1.18701447e-01,2.96014267e-03
1.099500,1.57253252e-02,8.22532520e-03,0.548355,-1.18650818e-01,2.89554644e-03
1.100000,1.56660205e-02,8.16602050e-03,0.544401,-1.18609432e-01,2.87755271e-03
1.100500,1.56067304e-02,8.10673040e-03,0.540449,-1.18580245e-01,2.93330072e-03
1.101000,1.55474558e-02,8.04745580e-03,0.536497,-1.18549083e-01,3.00805730e-03
1.101500,1.54882048e-02,7.98820480e-03,0.532547,-1.18502156e-01,2.95754938e-03
1.102000,1.54289811e-02,7.92898110e-03,0.528599,-1.18447420e-01,2.90159362e-03
1.102500,1.53697781e-02,7.86977810e-03,0.524652,-1.18405926e-01,2.91852365e-03
1.103000,1.53105920e-02,7.81059200e-03,0.520706,-1.18372123e-01,2.98264397e-03
1.103500,1.52514271e-02,7.75142710e-03,0.516762,-1.18329870e-01,2.99159569e-03
1.104000,1.51922889e-02,7.69228890e-03,0.512819,-1.18276296e-01,2.94946921e-03
1.104500,1.51331765e-02,7.63317650e-03,0.508878,-1.18224978e-01,2.91615553e-03
1.105000,1.50740847e-02,7.57408470e-03,0.504939,-1.18183523e-01,2.93575623e-03
1.105500,1.50150118e-02,7.51501180e-03,0.501001,-1.18145805e-01,3.01625109e-03
1.106000,1.49559629e-02,7.45596290e-03,0.497064,-1.18097751e-01,3.01276612e-03
1.106500,1.48969445e-02,7.39694450e-03,0.493130,-1.18036787e-01,2.93877571e-03
1.107000,1.48379531e-02,7.33795310e-03,0.489197,-1.17982938e-01,2.90626536e-03
1.107500,1.47789810e-02,7.27898100e-03,0.485265,-1.17944113e-01,2.97804870e-03
1.108000,1.47200289e-02,7.22002890e-03,0.481335,-1.17904279e-01,3.05162745e-03
1.108500,1.46611058e-02,7.16110580e-03,0.477407,-1.17846152e-01,2.99086165e-03
1.109000,1.46022151e-02,7.10221510e-03,0.473481,-1.17781316e-01,2.93940456e-03
1.109500,1.45433496e-02,7.04334960e-03,0.469557,-1.17731008e-01,2.94818161e-03
1.110000,1.44845054e-02,6.98450540e-03,0.465634,-1.17688374e-01,3.01560517e-03
1.110500,1.44256863e-02,6.92568630e-03,0.461712,-1.17638337e-01,3.06054023e-03
1.111000,1.43668996e-02,6.86689960e-03,0.457793,-1.17573255e-01,3.00768220e-03
1.111500,1.43081469e-02,6.80814690e-03,0.453876,-1.17505468e-01,2.95356364e-03
1.112000,1.42494213e-02,6.74942130e-03,0.449961,-1.17451146e-01,2.98616005e-03
1.112500,1.41907199e-02,6.69071990e-03,0.446048,-1.17402829e-01,3.06002003e-03
1.113000,1.41320486e-02,6.63204860e-03,0.442137,-1.17342628e-01,3.05771855e-03
1.113500,1.40734134e-02,6.57341340e-03,0.438228,-1.17270502e-01,2.99755262e-03
1.114000,1.40148113e-02,6.51481130e-03,0.434321,-1.17204075e-01,2.97254654e-03
1.114500,1.39562364e-02,6.45623640e-03,0.430416,-1.17149737e-01,3.01299420e-03
1.115000,1.38976885e-02,6.39768850e-03,0.426513,-1.17095930e-01,3.08839980e-03
1.115500,1.38391741e-02,6.33917410e-03,0.422612,-1.17028814e-01,3.07409982e-03
1.116000,1.37806988e-02,6.28069880e-03,0.418713,-1.16950580e-01,3.00437597e-03
1.116500,1.37222584e-02,6.22225840e-03,0.414817,-1.16880859e-01,2.98933650e-03
1.117000,1.36638464e-02,6.16384640e-03,0.410923,-1.16823916e-01,3.05128123e-03
1.117500,1.36054644e-02,6.10546440e-03,0.407031,-1.16763967e-01,3.12679920e-03
1.118000,1.35471208e-02,6.04712080e-03,0.403141,-1.16687168e-01,3.06833484e-03
1.118500,1.34888193e-02,5.98881930e-03,0.399255,-1.16603138e-01,3.02237077e-03
1.119000,1.34305529e-02,5.93055290e-03,0.395370,-1.16532773e-01,3.03263758e-03
1.119500,1.33723184e-02,5.87231840e-03,0.391488,-1.16469047e-01,3.09851489e-03
1.120000,1.33141194e-02,5.81411940e-03,0.387608,-1.16397811e-01,3.14315364e-03
1.120500,1.32559635e-02,5.75596350e-03,0.383731,-1.16311810e-01,3.09271998e-03
1.121000,1.31978521e-02,5.69785210e-03,0.379857,-1.16222938e-01,3.04122485e-03
1.121500,1.31397786e-02,5.63977860e-03,0.375985,-1.16146902e-01,3.07559807e-03
1.122000,1.30817405e-02,5.58174050e-03,0.372116,-1.16076281e-01,3.15102192e-03
1.122500,1.30237438e-02,5.52374380e-03,0.368250,-1.15993348e-01,3.15340518e-03
1.123000,1.29657949e-02,5.46579490e-03,0.364386,-1.15897819e-01,3.09767443e-03
1.123500,1.29078915e-02,5.40789150e-03,0.360526,-1.15806826e-01,3.06914532e-03
1.124000,1.28500277e-02,5.35002770e-03,0.356669,-1.15727507e-01,3.10449955e-03
1.124500,1.27922029e-02,5.29220290e-03,0.352814,-1.15649746e-01,3.18885544e-03
1.125000,1.27344235e-02,5.23442350e-03,0.348962,-1.15558722e-01,3.18978268e-03
1.125500,1.26766966e-02,5.17669660e-03,0.345113,-1.15453763e-01,3.11578406e-03
1.126000,1.26190190e-02,5.11901900e-03,0.341268,-1.15355196e-01,3.08990313e-03
1.126500,1.25613835e-02,5.06138350e-03,0.337426,-1.15271068e-01,3.16387878e-03
1.127000,1.25037912e-02,5.00379120e-03,0.333586,-1.15184648e-01,3.23791322e-03
1.127500,1.24462514e-02,4.94625140e-03,0.329750,-1.15079536e-01,3.20253966e-03
1.128000,1.23887687e-02,4.88876870e-03,0.325918,-1.14965394e-01,3.13592906e-03
1.128500,1.23313372e-02,4.83133720e-03,0.322089,-1.14862950e-01,3.13624563e-03
1.129000,1.22739515e-02,4.77395150e-03,0.318263,-1.14771416e-01,3.19893729e-03
1.129500,1.22166144e-02,4.71661440e-03,0.314441,-1.14674287e-01,3.28275034e-03
1.130000,1.21593346e-02,4.65933460e-03,0.310622,-1.14559453e-01,3.23899428e-03
1.130500,1.21021173e-02,4.60211730e-03,0.306808,-1.14434726e-01,3.17728028e-03
1.131000,1.20449560e-02,4.54495600e-03,0.302997,-1.14322639e-01,3.19083715e-03
1.131500,1.19878462e-02,4.48784620e-03,0.299190,-1.14219489e-01,3.25939131e-03
1.132000,1.19307922e-02,4.43079220e-03,0.295386,-1.14108050e-01,3.31489091e-03
1.132500,1.18738020e-02,4.37380200e-03,0.291587,-1.13980447e-01,3.27993065e-03
1.133000,1.18168786e-02,4.31687860e-03,0.287792,-1.13846822e-01,3.22748390e-03
1.133500,1.17600168e-02,4.26001680e-03,0.284001,-1.13723575e-01,3.22526768e-03
1.134000,1.17032122e-02,4.20321220e-03,0.280214,-1.13609136e-01,3.32093302e-03
1.134500,1.16464689e-02,4.14646890e-03,0.276431,-1.13486602e-01,3.37174717e-03
1.135000,1.15897970e-02,4.08979700e-03,0.272653,-1.13343867e-01,3.32369440e-03
1.135500,1.15331984e-02,4.03319840e-03,0.268880,-1.13197036e-01,3.27434463e-03
1.136000,1.14766672e-02,3.97666720e-03,0.265111,-1.13062459e-01,3.30140479e-03
1.136500,1.14202004e-02,3.92020040e-03,0.261347,-1.12933593e-01,3.39102963e-03
1.137000,1.13638042e-02,3.86380420e-03,0.257587,-1.12792359e-01,3.40956464e-03
1.137500,1.13074869e-02,3.80748690e-03,0.253832,-1.12634769e-01,3.36141238e-03
1.138000,1.12512477e-02,3.75124770e-03,0.250083,-1.12478393e-01,3.33494680e-03
1.138500,1.11950815e-02,3.69508150e-03,0.246339,-1.12332265e-01,3.35660940e-03
1.139000,1.11389872e-02,3.63898720e-03,0.242599,-1.12188566e-01,3.46252851e-03
1.139500,1.10829713e-02,3.58297130e-03,0.238865,-1.12031945e-01,3.46875699e-03
1.140000,1.10270426e-02,3.52704260e-03,0.235136,-1.11857381e-01,3.43312813e-03
1.140500,1.09712001e-02,3.47120010e-03,0.231413,-1.11684944e-01,3.39583731e-03
1.141000,1.09154393e-02,3.41543930e-03,0.227696,-1.11521655e-01,3.45224853e-03
1.141500,1.08597595e-02,3.35975950e-03,0.223984,-1.11359502e-01,3.54425412e-03
1.142000,1.08041696e-02,3.30416960e-03,0.220278,-1.11179950e-01,3.54252534e-03
1.142500,1.07486768e-02,3.24867680e-03,0.216578,-1.10985444e-01,3.50321201e-03
1.143000,1.06932795e-02,3.19327950e-03,0.212885,-1.10794697e-01,3.48065106e-03
1.143500,1.06379733e-02,3.13797330e-03,0.209198,-1.10612400e-01,3.50882350e-03
1.144000,1.05827576e-02,3.08275760e-03,0.205517,-1.10431318e-01,3.62447100e-03
1.144500,1.05276399e-02,3.02763990e-03,0.201843,-1.10235383e-01,3.63319022e-03
1.145000,1.04726301e-02,2.97263010e-03,0.198175,-1.10019688e-01,3.60521256e-03
1.145500,1.04177276e-02,2.91772760e-03,0.194515,-1.09805034e-01,3.57083301e-03
1.146000,1.03629286e-02,2.86292860e-03,0.190862,-1.09598015e-01,3.63338071e-03
1.146500,1.03082330e-02,2.80823300e-03,0.187216,-1.09391110e-01,3.72539408e-03
1.147000,1.02536501e-02,2.75365010e-03,0.183577,-1.09165799e-01,3.74726225e-03
1.147500,1.01991884e-02,2.69918840e-03,0.179946,-1.08923445e-01,3.70750587e-03
1.148000,1.01448479e-02,2.64484790e-03,0.176323,-1.08681015e-01,3.69513722e-03
1.148500,1.00906248e-02,2.59062480e-03,0.172708,-1.08446207e-01,3.71660489e-03
1.149000,1.00365190e-02,2.53651900e-03,0.169101,-1.08211532e-01,3.82397322e-03
1.149500,9.98253710e-03,2.48253710e-03,0.165502,-1.07963839e-01,3.87351948e-03
1.150000,9.92869003e-03,2.42869003e-03,0.161913,-1.07694134e-01,3.86342738e-03
1.150500,9.87498144e-03,2.37498144e-03,0.158332,-1.07417185e-01,3.80942018e-03
1.151000,9.82140810e-03,2.32140810e-03,0.154761,-1.07146669e-01,3.85249062e-03
1.151500,9.76796749e-03,2.26796749e-03,0.151198,-1.06881213e-01,3.94894043e-03
1.152000,9.71466742e-03,2.21466742e-03,0.147644,-1.06600157e-01,4.03861663e-03
1.152500,9.66151975e-03,2.16151975e-03,0.144101,-1.06295333e-01,4.00873415e-03
1.153000,9.60853054e-03,2.10853054e-03,0.140569,-1.05978427e-01,3.97114783e-03
1.153500,9.55569566e-03,2.05569566e-03,0.137046,-1.05669750e-01,3.99625589e-03
1.154000,9.50301315e-03,2.00301315e-03,0.133534,-1.05365026e-01,4.11516779e-03
1.154500,9.45049032e-03,1.95049032e-03,0.130033,-1.05045664e-01,4.20929672e-03
1.155000,9.39814109e-03,1.89814109e-03,0.126543,-1.04698454e-01,4.24961981e-03
1.155500,9.34597498e-03,1.84597498e-03,0.123065,-1.04332221e-01,4.19905950e-03
1.156000,9.29399306e-03,1.79399306e-03,0.119600,-1.03963838e-01,4.18700071e-03
1.156500,9.24219065e-03,1.74219065e-03,0.116146,-1.03604823e-01,4.31730840e-03
1.157000,9.19057252e-03,1.69057252e-03,0.112705,-1.03236266e-01,4.43647038e-03
1.157500,9.13915463e-03,1.63915463e-03,0.109277,-1.02835776e-01,4.46744881e-03
1.158000,9.08794814e-03,1.58794814e-03,0.105863,-1.02412980e-01,4.46409406e-03
1.158500,9.03695544e-03,1.53695544e-03,0.102464,-1.01985393e-01,4.47443929e-03
1.159000,8.98617672e-03,1.48617672e-03,0.099078,-1.01557442e-01,4.53607999e-03
1.159500,8.93561555e-03,1.43561555e-03,0.095708,-1.01122343e-01,4.64668600e-03
1.160000,8.88528188e-03,1.38528188e-03,0.092352,-1.00667341e-01,4.78642537e-03
1.160500,8.83519097e-03,1.33519097e-03,0.089013,-1.00181822e-01,4.84608611e-03
1.161000,8.78535693e-03,1.28535693e-03,0.085690,-9.96680814e-02,4.81863078e-03
1.161500,8.73578344e-03,1.23578344e-03,0.082386,-9.91469716e-02,4.83783542e-03
1.162000,8.68646910e-03,1.18646910e-03,0.079098,-9.86286721e-02,5.03764946e-03
1.162500,8.63742433e-03,1.13742433e-03,0.075828,-9.80895516e-02,5.20812371e-03
1.163000,8.58867306e-03,1.08867306e-03,0.072578,-9.75025469e-02,5.28655042e-03
1.163500,8.54023275e-03,1.04023275e-03,0.069349,-9.68806146e-02,5.32357146e-03
1.164000,8.49211148e-03,9.92111480e-04,0.066141,-9.62425307e-02,5.31759750e-03
1.164500,8.44431203e-03,9.44312030e-04,0.062954,-9.55988959e-02,5.42969619e-03
1.165000,8.39683887e-03,8.96838870e-04,0.059789,-9.49463303e-02,5.66642887e-03
1.165500,8.34971166e-03,8.49711660e-04,0.056647,-9.42544256e-02,5.86834409e-03
1.166000,8.30295876e-03,8.02958760e-04,0.053531,-9.35057943e-02,5.99040481e-03
1.166500,8.25660215e-03,7.56602150e-04,0.050440,-9.27132145e-02,6.09066110e-03
1.167000,8.21065629e-03,7.10656290e-04,0.047377,-9.18917269e-02,6.18537938e-03
1.167500,8.16513359e-03,6.65133590e-04,0.044342,-9.10454014e-02,6.35249650e-03
1.168000,8.12004922e-03,6.20049220e-04,0.041337,-9.01687461e-02,6.72008878e-03
1.168500,8.07543314e-03,5.75433140e-04,0.038362,-8.92321467e-02,6.99334649e-03
1.169000,8.03132763e-03,5.31327630e-04,0.035422,-8.82110245e-02,7.22777638e-03
1.169500,7.98776548e-03,4.87765480e-04,0.032518,-8.71243032e-02,7.43234490e-03
1.170000,7.94477498e-03,4.44774980e-04,0.029652,-8.59809990e-02,7.61739217e-03
1.170500,7.90238111e-03,4.02381110e-04,0.026825,-8.47877413e-02,7.91487716e-03
1.171000,7.86061221e-03,3.60612210e-04,0.024041,-8.35377940e-02,8.27770095e-03
1.171500,7.81950875e-03,3.19508750e-04,0.021301,-8.22069168e-02,8.65780785e-03
1.172000,7.77911733e-03,2.79117330e-04,0.018608,-8.07828524e-02,9.03781160e-03
1.172500,7.73948594e-03,2.39485940e-04,0.015966,-7.92627719e-02,9.58032081e-03
1.173000,7.70066978e-03,2.00669780e-04,0.013378,-7.76323235e-02,1.00722407e-02
1.173500,7.66273513e-03,1.62735130e-04,0.010849,-7.58692959e-02,1.05477030e-02
1.174000,7.62574340e-03,1.25743400e-04,0.008383,-7.39834512e-02,1.11003893e-02
1.174500,7.58975807e-03,8.97580700e-05,0.005984,-7.19706638e-02,1.18228498e-02
1.175000,7.55485645e-03,5.48564500e-05,0.003657,-6.98032417e-02,1.26071018e-02
1.175500,7.52113253e-03,2.11325300e-05,0.001409,-6.74478430e-02,1.33526503e-02
1.176000,7.50000000e-03,0.00000000e+00,0.000000,-4.22650615e-02,-2.54799390e-02
1.176500,7.50000000e-03,0.00000000e+00,0.000000,-6.93889390e-18,-8.90375038e-02
1.177000,7.50000000e-03,0.00000000e+00,0.000000,-1.73472348e-18,-6.12715050e-02
1.177500,7.50000000e-03,0.00000000e+00,0.000000,-3.46944695e-18,-2.13238062e-02
1.178000,7.50000000e-03,0.00000000e+00,0.000000,-3.46944695e-18,3.70529142e-03
1.178500,7.50000000e-03,0.00000000e+00,0.000000,-4.33680869e-19,1.05577954e-02
1.179000,7.50042062e-03,4.20620000e-07,0.000028,8.41236359e-04,6.70409499e-03
1.179500,7.50165410e-03,1.65410000e-06,0.000110,2.46696321e-03,8.24749860e-05
1.180000,7.50309130e-03,3.09130000e-06,0.000206,2.87440387e-03,-1.91988283e-03
1.180500,7.50410004e-03,4.10004000e-06,0.000273,2.01747768e-03,7.21984354e-04
1.181000,7.50463271e-03,4.63271000e-06,0.000309,1.06534170e-03,3.83870128e-03
1.181500,7.50504401e-03,5.04401000e-06,0.000336,8.22598360e-04,4.50166758e-03
1.182000,7.50561914e-03,5.61914000e-06,0.000375,1.15026235e-03,3.20333768e-03
1.182500,7.50635514e-03,6.35514000e-06,0.000424,1.47199279e-03,2.00860558e-03
1.183000,7.50709258e-03,7.09258000e-06,0.000473,1.47489024e-03,2.05574417e-03
1.183500,7.50773547e-03,7.73547000e-06,0.000516,1.28577171e-03,2.88351137e-03
1.184000,7.50832426e-03,8.32426000e-06,0.000555,1.17758438e-03,3.48926502e-03
1.184500,7.50895370e-03,8.95370000e-06,0.000597,1.25888300e-03,3.45806660e-03
1.185000,7.50967215e-03,9.67215000e-06,0.000645,1.43689235e-03,3.10303984e-03
1.185500,7.51046134e-03,1.04613400e-05,0.000697,1.57838743e-03,2.90527625e-03
1.186000,7.51128339e-03,1.12833900e-05,0.000752,1.64409832e-03,2.98484876e-03
1.186500,7.51212558e-03,1.21255800e-05,0.000808,1.68437070e-03,3.17152643e-03
1.187000,7.51300268e-03,1.30026800e-05,0.000867,1.75421542e-03,3.25762282e-03
1.187500,7.51393385e-03,1.39338500e-05,0.000929,1.86232659e-03,3.20970230e-03
1.188000,7.51492402e-03,1.49240200e-05,0.000995,1.98033834e-03,3.12118601e-03
1.188500,7.51596534e-03,1.59653400e-05,0.001064,2.08265461e-03,3.08575405e-03
1.189000,7.51704900e-03,1.70490000e-05,0.001137,2.16730298e-03,3.10745574e-03
1.189500,7.51817302e-03,1.81730200e-05,0.001212,2.24805201e-03,3.14012350e-03
1.190000,7.51934065e-03,1.93406500e-05,0.001289,2.33525308e-03,3.13218267e-03
1.190500,7.52055421e-03,2.05542100e-05,0.001370,2.42711632e-03,3.09085229e-03
1.191000,7.52181122e-03,2.18112200e-05,0.001454,2.51402120e-03,3.05806988e-03
1.191500,7.52310684e-03,2.31068400e-05,0.001540,2.59124073e-03,3.04161164e-03
1.192000,7.52443765e-03,2.44376500e-05,0.001629,2.66162191e-03,3.01746988e-03
1.192500,7.52580123e-03,2.58012300e-05,0.001720,2.72716592e-03,2.98022522e-03
1.193000,7.52719396e-03,2.71939600e-05,0.001813,2.78545253e-03,2.93673859e-03
1.193500,7.52861085e-03,2.86108500e-05,0.001907,2.83377822e-03,2.89588671e-03
1.194000,7.53004652e-03,3.00465200e-05,0.002003,2.87135098e-03,2.87481824e-03
1.194500,7.53149670e-03,3.14967000e-05,0.002100,2.90035270e-03,2.86740534e-03
1.195000,7.53295932e-03,3.29593200e-05,0.002197,2.92523937e-03,2.86055219e-03
1.195500,7.53443347e-03,3.44334700e-05,0.002296,2.94830284e-03,2.84849061e-03
1.196000,7.53591806e-03,3.59180600e-05,0.002395,2.96917449e-03,2.83906247e-03
1.196500,7.53741167e-03,3.74116700e-05,0.002494,2.98723191e-03,2.82803641e-03
1.197000,7.53891306e-03,3.89130600e-05,0.002594,3.00276624e-03,2.81879826e-03
1.197500,7.54042089e-03,4.04208900e-05,0.002695,3.01567317e-03,2.78273534e-03
1.198000,7.54193283e-03,4.19328300e-05,0.002796,3.02387447e-03,2.74693133e-03
1.198500,7.54344432e-03,4.34443200e-05,0.002896,3.02298820e-03,2.73140560e-03
1.199000,7.54495175e-03,4.49517500e-05,0.002997,3.01484987e-03,2.72225494e-03
1.199500,7.54645343e-03,4.64534300e-05,0.003097,3.00335300e-03,2.71888534e-03
1.200000,7.54794845e-03,4.79484500e-05,0.003197,2.99005559e-03,2.70789505e-03
1.200500,7.54943607e-03,4.94360700e-05,0.003296,2.97523310e-03,2.68892991e-03
1.201000,7.55091453e-03,5.09145300e-05,0.003394,2.95692904e-03,2.66771343e-03
1.201500,7.55238135e-03,5.23813500e-05,0.003492,2.93363482e-03,2.65451642e-03
1.202000,7.55383420e-03,5.38342000e-05,0.003589,2.90568982e-03,2.64600483e-03
1.202500,7.55527161e-03,5.52716100e-05,0.003685,2.87482518e-03,2.64296184e-03
1.203000,7.55669276e-03,5.66927600e-05,0.003780,2.84229382e-03,2.62000125e-03
1.203500,7.55809637e-03,5.80963700e-05,0.003873,2.80723261e-03,2.59122153e-03
1.204000,7.55947930e-03,5.94793000e-05,0.003965,2.76585642e-03,2.57241723e-03
1.204500,7.56083835e-03,6.08383500e-05,0.004056,2.71809171e-03,2.55243415e-03
1.205000,7.56217108e-03,6.21710800e-05,0.004145,2.66547231e-03,2.52862259e-03
1.205500,7.56347482e-03,6.34748200e-05,0.004232,2.60746613e-03,2.51946153e-03
1.206000,7.56474719e-03,6.47471900e-05,0.004316,2.54473990e-03,2.49465488e-03
1.206500,7.56598634e-03,6.59863400e-05,0.004399,2.47831596e-03,2.46769631e-03
1.207000,7.56718906e-03,6.71890600e-05,0.004479,2.40543493e-03,2.42234653e-03
1.207500,7.56835112e-03,6.83511200e-05,0.004557,2.32411730e-03,2.38699940e-03
1.208000,7.56946723e-03,6.94672300e-05,0.004631,2.23222752e-03,2.37361522e-03
1.208500,7.57053391e-03,7.05339100e-05,0.004702,2.13335005e-03,2.37191592e-03
1.209000,7.57154997e-03,7.15499700e-05,0.004770,2.03212456e-03,2.37945101e-03
1.209500,7.57251561e-03,7.25156100e-05,0.004834,1.93128627e-03,2.38748181e-03
1.210000,7.57343181e-03,7.34318100e-05,0.004895,1.83239538e-03,2.39406132e-03
1.210500,7.57429951e-03,7.42995100e-05,0.004953,1.73540496e-03,2.40206015e-03
1.211000,7.57511962e-03,7.51196200e-05,0.005008,1.64020220e-03,2.41316725e-03
1.211500,7.57589326e-03,7.58932600e-05,0.005060,1.54729500e-03,2.42524224e-03
1.212000,7.57662190e-03,7.66219000e-05,0.005108,1.45727932e-03,2.43689712e-03
1.212500,7.57730704e-03,7.73070400e-05,0.005154,1.37027697e-03,2.44821470e-03
1.213000,7.57795014e-03,7.79501400e-05,0.005197,1.28618913e-03,2.45163932e-03
1.213500,7.57855227e-03,7.85522700e-05,0.005237,1.20426252e-03,2.45360755e-03
1.214000,7.57911380e-03,7.91138000e-05,0.005274,1.12307229e-03,2.46051579e-03
1.214500,7.57963521e-03,7.96352100e-05,0.005309,1.04281608e-03,2.46838706e-03
1.215000,7.58011741e-03,8.01174100e-05,0.005341,9.64390228e-04,2.47798511e-03
1.215500,7.58056146e-03,8.05614600e-05,0.005371,8.88105552e-04,2.48752244e-03
1.216000,7.58096858e-03,8.09685800e-05,0.005398,8.14240234e-04,2.49525676e-03
1.216500,7.58133989e-03,8.13398900e-05,0.005423,7.42624879e-04,2.50391887e-03
1.217000,7.58167641e-03,8.16764100e-05,0.005445,6.73045456e-04,2.51243984e-03
1.217500,7.58197924e-03,8.19792400e-05,0.005465,6.05641835e-04,2.52280603e-03
1.218000,7.58224951e-03,8.22495100e-05,0.005483,5.40553994e-04,2.53284046e-03
1.218500,7.58248854e-03,8.24885400e-05,0.005499,4.78055597e-04,2.54119398e-03
1.219000,7.58269751e-03,8.26975100e-05,0.005513,4.17943543e-04,2.54984614e-03
1.219500,7.58287750e-03,8.28775000e-05,0.005525,3.59968218e-04,2.56003331e-03
1.220000,7.58302965e-03,8.30296500e-05,0.005535,3.04314386e-04,2.57038989e-03
1.220500,7.58315528e-03,8.31552800e-05,0.005544,2.51249086e-04,2.58009251e-03
1.221000,7.58325565e-03,8.32556500e-05,0.005550,2.00742315e-04,2.58881571e-03
1.221500,7.58333195e-03,8.33319500e-05,0.005555,1.52600086e-04,2.59709191e-03
1.222000,7.58338526e-03,8.33852600e-05,0.005559,1.06622049e-04,2.60572845e-03
1.222500,7.58341664e-03,8.34166400e-05,0.005561,6.27666626e-05,2.61459825e-03
1.223000,7.58342720e-03,8.34272000e-05,0.005562,2.11137237e-05,2.62331923e-03
1.223500,7.58341804e-03,8.34180400e-05,0.005561,-1.83116234e-05,2.63164745e-03
1.224000,7.58339026e-03,8.33902600e-05,0.005559,-5.55685442e-05,2.63963824e-03
1.224500,7.58334488e-03,8.33448800e-05,0.005556,-9.07513686e-05,2.64746938e-03
1.225000,7.58328292e-03,8.32829200e-05,0.005552,-1.23929620e-04,2.65531273e-03
1.225500,7.58320536e-03,8.32053600e-05,0.005547,-1.55128435e-04,2.66294565e-03
1.226000,7.58311317e-03,8.31131700e-05,0.005541,-1.84364415e-04,2.67032280e-03
1.226500,7.58300733e-03,8.30073300e-05,0.005534,-2.11694730e-04,2.67752178e-03
1.227000,7.58288874e-03,8.28887400e-05,0.005526,-2.37177132e-04,2.68473052e-03
1.227500,7.58275832e-03,8.27583200e-05,0.005517,-2.60840014e-04,2.69155410e-03
1.228000,7.58261696e-03,8.26169600e-05,0.005508,-2.82715830e-04,2.69915123e-03
1.228500,7.58246556e-03,8.24655600e-05,0.005498,-3.02799430e-04,2.70585337e-03
1.229000,7.58230504e-03,8.23050400e-05,0.005487,-3.21042926e-04,2.71242725e-03
1.229500,7.58213624e-03,8.21362400e-05,0.005476,-3.37604622e-04,2.71810806e-03
1.230000,7.58195994e-03,8.19599400e-05,0.005464,-3.52584544e-04,2.72349778e-03
1.230500,7.58177687e-03,8.17768700e-05,0.005452,-3.66155077e-04,2.72892335e-03
1.231000,7.58158769e-03,8.15876900e-05,0.005439,-3.78360853e-04,2.73459040e-03
1.231500,7.58139310e-03,8.13931000e-05,0.005426,-3.89174632e-04,2.74050857e-03
1.232000,7.58119383e-03,8.11938300e-05,0.005413,-3.98534558e-04,2.74583788e-03
1.232500,7.58099061e-03,8.09906100e-05,0.005399,-4.06451461e-04,2.75021480e-03
1.233000,7.58078405e-03,8.07840500e-05,0.005386,-4.13106248e-04,2.75511897e-03
1.233500,7.58057475e-03,8.05747500e-05,0.005372,-4.18608688e-04,2.75989185e-03
1.234000,7.58036331e-03,8.03633100e-05,0.005358,-4.22883812e-04,2.76437471e-03
1.234500,7.58015032e-03,8.01503200e-05,0.005343,-4.25978820e-04,2.76852746e-03
1.235000,7.57993633e-03,7.99363300e-05,0.005329,-4.27970526e-04,2.77278862e-03
1.235500,7.57972188e-03,7.97218800e-05,0.005315,-4.28903550e-04,2.77662791e-03
1.236000,7.57950748e-03,7.95074800e-05,0.005300,-4.28797392e-04,2.78023242e-03
1.236500,7.57929361e-03,7.92936100e-05,0.005286,-4.27742084e-04,2.78389144e-03
1.237000,7.57908072e-03,7.90807200e-05,0.005272,-4.25771360e-04,2.78773185e-03
1.237500,7.57886929e-03,7.88692900e-05,0.005258,-4.22860231e-04,2.79122665e-03
1.238000,7.57865979e-03,7.86597900e-05,0.005244,-4.19009471e-04,2.79320042e-03
1.238500,7.57845258e-03,7.84525800e-05,0.005230,-4.14410320e-04,2.79606934e-03
1.239000,7.57824797e-03,7.82479700e-05,0.005217,-4.09233392e-04,2.79951522e-03
1.239500,7.57804633e-03,7.80463300e-05,0.005203,-4.03280683e-04,2.80302272e-03
1.240000,7.57784810e-03,7.78481000e-05,0.005190,-3.96452004e-04,2.80572448e-03
1.240500,7.57765370e-03,7.76537000e-05,0.005177,-3.88808480e-04,2.80809751e-03
1.241000,7.57746344e-03,7.74634400e-05,0.005164,-3.80511484e-04,2.81045937e-03
1.241500,7.57727763e-03,7.72776300e-05,0.005152,-3.71615984e-04,2.81294644e-03
1.242000,7.57709658e-03,7.70965800e-05,0.005140,-3.62112744e-04,2.81436575e-03
1.242500,7.57692054e-03,7.69205400e-05,0.005128,-3.52075614e-04,2.81710108e-03
1.243000,7.57674976e-03,7.67497600e-05,0.005117,-3.41563566e-04,2.82019902e-03
1.243500,7.57658459e-03,7.65845900e-05,0.005106,-3.30328439e-04,2.82293226e-03
1.244000,7.57642542e-03,7.64254200e-05,0.005095,-3.18342934e-04,2.82554585e-03
1.244500,7.57627258e-03,7.62725800e-05,0.005085,-3.05677518e-04,2.82725278e-03
1.245000,7.57612637e-03,7.61263700e-05,0.005075,-2.92432007e-04,2.82820452e-03
1.245500,7.57598696e-03,7.59869600e-05,0.005066,-2.78822052e-04,2.82911189e-03
1.246000,7.57585447e-03,7.58544700e-05,0.005057,-2.64975586e-04,2.83049223e-03
1.246500,7.57572904e-03,7.57290400e-05,0.005049,-2.50858073e-04,2.83190218e-03
1.247000,7.57561084e-03,7.56108400e-05,0.005041,-2.36389232e-04,2.83261327e-03
1.247500,7.57550003e-03,7.55000300e-05,0.005033,-2.21625992e-04,2.83379815e-03
1.248000,7.57539671e-03,7.53967100e-05,0.005026,-2.06641219e-04,2.83406612e-03
1.248500,7.57530099e-03,7.53009900e-05,0.005020,-1.91438187e-04,2.83395592e-03
1.249000,7.57521289e-03,7.52128900e-05,0.005014,-1.76200896e-04,2.83403228e-03
1.249500,7.57513240e-03,7.51324000e-05,0.005009,-1.60974949e-04,2.83431176e-03
1.250000,7.57505955e-03,7.50595500e-05,0.005004,-1.45711751e-04,2.83456506e-03
1.250500,7.57499436e-03,7.49943600e-05,0.005000,-1.30380264e-04,2.83503480e-03
1.251000,7.57493687e-03,7.49368700e-05,0.004996,-1.14965649e-04,2.83477334e-03
1.251500,7.57488713e-03,7.48871300e-05,0.004992,-9.94970186e-05,2.83423656e-03
1.252000,7.57484507e-03,7.48450700e-05,0.004990,-8.41187826e-05,2.83372913e-03
1.252500,7.57481063e-03,7.48106300e-05,0.004987,-6.88735561e-05,2.83333084e-03
1.253000,7.57478376e-03,7.47837600e-05,0.004986,-5.37468706e-05,2.83301146e-03
1.253500,7.57476440e-03,7.47644000e-05,0.004984,-3.87138270e-05,2.83254849e-03
1.254000,7.57475251e-03,7.47525100e-05,0.004984,-2.37741633e-05,2.83190543e-03
1.254500,7.57474803e-03,7.47480300e-05,0.004983,-8.96738150e-06,2.83114628e-03
1.255000,7.57475086e-03,7.47508600e-05,0.004983,5.66668130e-06,2.83036698e-03
1.255500,7.57476092e-03,7.47609200e-05,0.004984,2.01071804e-05,2.82958418e-03
1.256000,7.57477809e-03,7.47780900e-05,0.004985,3.43504976e-05,2.82876300e-03
1.256500,7.57480229e-03,7.48022900e-05,0.004987,4.83926650e-05,2.82786699e-03
1.257000,7.57483340e-03,7.48334000e-05,0.004989,6.22207642e-05,2.82689763e-03
1.257500,7.57487131e-03,7.48713100e-05,0.004991,7.58160219e-05,2.82587871e-03
1.258000,7.57491589e-03,7.49158900e-05,0.004994,8.91620108e-05,2.82482986e-03
1.258500,7.57496701e-03,7.49670100e-05,0.004998,1.02247947e-04,2.82352702e-03
1.259000,7.57502453e-03,7.50245300e-05,0.005002,1.15046459e-04,2.82217377e-03
1.259500,7.57508829e-03,7.50882900e-05,0.005006,1.27511381e-04,2.82124269e-03
1.260000,7.57515813e-03,7.51581300e-05,0.005011,1.39671764e-04,2.82027252e-03
1.260500,7.57523392e-03,7.52339200e-05,0.005016,1.51593474e-04,2.81910896e-03
1.261000,7.57531555e-03,7.53155500e-05,0.005021,1.63252993e-04,2.81779621e-03
1.261500,7.57540285e-03,7.54028500e-05,0.005027,1.74605375e-04,2.81640809e-03
1.262000,7.57549566e-03,7.54956600e-05,0.005033,1.85619456e-04,2.81518626e-03
1.262500,7.57559381e-03,7.55938100e-05,0.005040,1.96297565e-04,2.81314741e-03
1.263000,7.57569711e-03,7.56971100e-05,0.005046,2.06594765e-04,2.81219120e-03
1.263500,7.57580534e-03,7.58053400e-05,0.005054,2.16472624e-04,2.81129527e-03
1.264000,7.57591840e-03,7.59184000e-05,0.005061,2.26114248e-04,2.80982457e-03
1.264500,7.57603614e-03,7.60361400e-05,0.005069,2.35478715e-04,2.80816789e-03
1.265000,7.57615837e-03,7.61583700e-05,0.005077,2.44455200e-04,2.80694115e-03
1.265500,7.57628489e-03,7.62848900e-05,0.005086,2.53051178e-04,2.80571848e-03
1.266000,7.57641556e-03,7.64155600e-05,0.005094,2.61337608e-04,2.80452437e-03
1.266500,7.57655022e-03,7.65502200e-05,0.005103,2.69317685e-04,2.80279794e-03
1.267000,7.57668870e-03,7.66887000e-05,0.005113,2.76949029e-04,2.80134372e-03
1.267500,7.57683078e-03,7.68307800e-05,0.005122,2.84168299e-04,2.80028649e-03
1.268000,7.57697631e-03,7.69763100e-05,0.005132,2.91055295e-04,2.79922353e-03
1.268500,7.57712514e-03,7.71251400e-05,0.005142,2.97674700e-04,2.79798246e-03
1.269000,7.57727715e-03,7.72771500e-05,0.005152,3.04009826e-04,2.79643422e-03
1.269500,7.57743215e-03,7.74321500e-05,0.005162,3.10004264e-04,2.79251378e-03
1.270000,7.57758985e-03,7.75898500e-05,0.005173,3.15397826e-04,2.78767960e-03
1.270500,7.57774971e-03,7.77497100e-05,0.005183,3.19720187e-04,2.78487907e-03
1.271000,7.57791121e-03,7.79112100e-05,0.005194,3.23001117e-04,2.78338026e-03
1.271500,7.57807406e-03,7.80740600e-05,0.005205,3.25689656e-04,2.78221447e-03
1.272000,7.57823807e-03,7.82380700e-05,0.005216,3.28029002e-04,2.78096428e-03
1.272500,7.57840310e-03,7.84031000e-05,0.005227,3.30066374e-04,2.77954773e-03
1.273000,7.57856899e-03,7.85689900e-05,0.005238,3.31773206e-04,2.77817820e-03
1.273500,7.57873555e-03,7.87355500e-05,0.005249,3.33126336e-04,2.77700927e-03
1.274000,7.57890263e-03,7.89026300e-05,0.005260,3.34151223e-04,2.77632325e-03
1.274500,7.57907009e-03,7.90700900e-05,0.005271,3.34923506e-04,2.77577626e-03
1.275000,7.57923786e-03,7.92378600e-05,0.005283,3.35534774e-04,2.77465456e-03
1.275500,7.57940584e-03,7.94058400e-05,0.005294,3.35957043e-04,2.77383514e-03
1.276000,7.57957390e-03,7.95739000e-05,0.005305,3.36122668e-04,2.77302709e-03
1.276500,7.57974194e-03,7.97419400e-05,0.005316,3.36082292e-04,2.77226864e-03
1.277000,7.57990986e-03,7.99098600e-05,0.005327,3.35842165e-04,2.77127951e-03
1.277500,7.58007756e-03,8.00775600e-05,0.005339,3.35390037e-04,2.77045666e-03
1.278000,7.58024491e-03,8.02449100e-05,0.005350,3.34702730e-04,2.76972812e-03
1.278500,7.58041181e-03,8.04118100e-05,0.005361,3.33815887e-04,2.76915228e-03
1.279000,7.58057819e-03,8.05781900e-05,0.005372,3.32758497e-04,2.76851343e-03
1.279500,7.58074397e-03,8.07439700e-05,0.005383,3.31550064e-04,2.76781946e-03
1.280000,7.58090906e-03,8.09090600e-05,0.005394,3.30175367e-04,2.76664148e-03
1.280500,7.58107335e-03,8.10733500e-05,0.005405,3.28582557e-04,2.76608365e-03
1.281000,7.58123672e-03,8.12367200e-05,0.005416,3.26746991e-04,2.76567067e-03
1.281500,7.58139911e-03,8.13991100e-05,0.005427,3.24783310e-04,2.76521855e-03
1.282000,7.58156047e-03,8.15604700e-05,0.005437,3.22711839e-04,2.76424533e-03
1.282500,7.58172071e-03,8.17207100e-05,0.005448,3.20480075e-04,2.76372663e-03
1.283000,7.58187973e-03,8.18797300e-05,0.005459,3.18042638e-04,2.76344292e-03
1.283500,7.58203748e-03,8.20374800e-05,0.005469,3.15494941e-04,2.76312328e-03
1.284000,7.58219391e-03,8.21939100e-05,0.005480,3.12872395e-04,2.76251191e-03
1.284500,7.58234899e-03,8.23489900e-05,0.005490,3.10143304e-04,2.76161341e-03
1.285000,7.58250260e-03,8.25026000e-05,0.005500,3.07234376e-04,2.76098674e-03
1.285500,7.58265466e-03,8.26546600e-05,0.005510,3.04122498e-04,2.76082951e-03
1.286000,7.58280511e-03,8.28051100e-05,0.005520,3.00893814e-04,2.76029373e-03
1.286500,7.58295391e-03,8.29539100e-05,0.005530,2.97591938e-04,2.76038212e-03
1.287000,7.58310101e-03,8.31010100e-05,0.005540,2.94209898e-04,2.76021602e-03
1.287500,7.58324643e-03,8.32464300e-05,0.005550,2.90827687e-04,2.76003641e-03
1.288000,7.58339013e-03,8.33901300e-05,0.005559,2.87402320e-04,2.75975165e-03
1.288500,7.58353209e-03,8.35320900e-05,0.005569,2.83922281e-04,2.75957249e-03
1.289000,7.58367228e-03,8.36722800e-05,0.005578,2.80379641e-04,2.75952345e-03
1.289500,7.58381068e-03,8.38106800e-05,0.005587,2.76803246e-04,2.75932300e-03
1.290000,7.58394728e-03,8.39472800e-05,0.005596,2.73201074e-04,2.75930840e-03
1.290500,7.58408206e-03,8.40820600e-05,0.005605,2.69564697e-04,2.75883758e-03
1.291000,7.58421500e-03,8.42150000e-05,0.005614,2.65884292e-04,2.75893459e-03
1.291500,7.58434607e-03,8.43460700e-05,0.005623,2.62135151e-04,2.75889122e-03
1.292000,7.58447527e-03,8.44752700e-05,0.005632,2.58398107e-04,2.75865599e-03
1.292500,7.58460259e-03,8.46025900e-05,0.005640,2.54633141e-04,2.75877886e-03
1.293000,7.58472801e-03,8.47280100e-05,0.005649,2.50840413e-04,2.75865506e-03
1.293500,7.58485154e-03,8.48515400e-05,0.005657,2.47056915e-04,2.75890368e-03
1.294000,7.58497317e-03,8.49731700e-05,0.005665,2.43275071e-04,2.75901555e-03
1.294500,7.58509295e-03,8.50929500e-05,0.005673,2.39543944e-04,2.75905782e-03
1.295000,7.58521086e-03,8.52108600e-05,0.005681,2.35834924e-04,2.75867659e-03
1.295500,7.58532691e-03,8.53269100e-05,0.005688,2.32099138e-04,2.75874536e-03
1.296000,7.58544107e-03,8.54410700e-05,0.005696,2.28306831e-04,2.75902816e-03
1.296500,7.58555334e-03,8.55533400e-05,0.005704,2.24550822e-04,2.75925172e-03
1.297000,7.58566377e-03,8.56637700e-05,0.005711,2.20861018e-04,2.75914329e-03
1.297500,7.58577237e-03,8.57723700e-05,0.005718,2.17198336e-04,2.76003868e-03
1.298000,7.58587917e-03,8.58791700e-05,0.005725,2.13597018e-04,2.76067095e-03
1.298500,7.58598427e-03,8.59842700e-05,0.005732,2.10198635e-04,2.76075200e-03
1.299000,7.58608772e-03,8.60877200e-05,0.005739,2.06911242e-04,2.76039909e-03
1.299500,7.58618953e-03,8.61895300e-05,0.005746,2.03605955e-04,2.76031808e-03
1.300000,7.58628965e-03,8.62896500e-05,0.005753,2.00235554e-04,2.76070545e-03
