# FeatFloWer certified run q2p1_dns_rundir_e2_l2 (particle_force.log, every CFD step)
# case=E2 level=L2 D/h=11.413 dt=0.001 s; quarter-box benchSym mesh, FBM Q2/P1, serial PE HardContactAndFluid, lubrication OFF
# columns: t_s, z_center_m, gap_m (=z_center-0.0075), h_over_d (=gap/0.015), u_z_mps, F_z_N (hydrodynamic force on the sphere, full-sphere value)
0.001000,1.27500000e-01,1.20000000e-01,8.000000,0.00000000e+00,0.00000000e+00
0.002000,1.27498642e-01,1.19998642e-01,7.999909,-1.35763393e-03,1.11165175e-03
0.003000,1.27496124e-01,1.19996124e-01,7.999742,-2.51868467e-03,1.77088256e-03
0.004000,1.27492926e-01,1.19992926e-01,7.999528,-3.19807474e-03,1.68757167e-03
0.005000,1.27489250e-01,1.19989250e-01,7.999283,-3.67569614e-03,1.35367354e-03
0.006000,1.27485010e-01,1.19985010e-01,7.999001,-4.23972425e-03,1.25563403e-03
0.007000,1.27480079e-01,1.19980079e-01,7.998672,-4.93074669e-03,1.41799641e-03
0.008000,1.27474454e-01,1.19974454e-01,7.998297,-5.62525479e-03,1.59759063e-03
0.009000,1.27468220e-01,1.19968220e-01,7.997881,-6.23468143e-03,1.65652055e-03
0.010000,1.27461445e-01,1.19961445e-01,7.997430,-6.77470554e-03,1.63040347e-03
0.011000,1.27454145e-01,1.19954145e-01,7.996943,-7.29999470e-03,1.61695220e-03
0.012000,1.27446309e-01,1.19946309e-01,7.996421,-7.83623981e-03,1.65068935e-03
0.013000,1.27437938e-01,1.19937938e-01,7.995863,-8.37093648e-03,1.69083139e-03
0.014000,1.27429050e-01,1.19929050e-01,7.995270,-8.88745469e-03,1.72976882e-03
0.015000,1.27419666e-01,1.19919666e-01,7.994644,-9.38390400e-03,1.75140973e-03
0.016000,1.27409803e-01,1.19909803e-01,7.993987,-9.86373873e-03,1.77336548e-03
0.017000,1.27399470e-01,1.19899470e-01,7.993298,-1.03325836e-02,1.79357228e-03
0.018000,1.27388679e-01,1.19888679e-01,7.992579,-1.07906446e-02,1.81255930e-03
0.019000,1.27377441e-01,1.19877441e-01,7.991829,-1.12387117e-02,1.83181954e-03
0.020000,1.27365763e-01,1.19865763e-01,7.991051,-1.16771372e-02,1.85038159e-03
0.021000,1.27353657e-01,1.19853657e-01,7.990244,-1.21059549e-02,1.87597865e-03
0.022000,1.27341133e-01,1.19841133e-01,7.989409,-1.25241500e-02,1.88953082e-03
0.023000,1.27328202e-01,1.19828202e-01,7.988547,-1.29315420e-02,1.90834883e-03
0.024000,1.27314871e-01,1.19814871e-01,7.987658,-1.33311556e-02,1.91551242e-03
0.025000,1.27301147e-01,1.19801147e-01,7.986743,-1.37233222e-02,1.92595742e-03
0.026000,1.27287036e-01,1.19787036e-01,7.985802,-1.41112892e-02,1.94130989e-03
0.027000,1.27272543e-01,1.19772543e-01,7.984836,-1.44931109e-02,1.95920169e-03
0.028000,1.27257676e-01,1.19757676e-01,7.983845,-1.48667267e-02,1.97746494e-03
0.029000,1.27242445e-01,1.19742445e-01,7.982830,-1.52312369e-02,1.99288807e-03
0.030000,1.27226858e-01,1.19726858e-01,7.981791,-1.55870218e-02,2.00139762e-03
0.031000,1.27210922e-01,1.19710922e-01,7.980728,-1.59362366e-02,1.99233395e-03
0.032000,1.27194637e-01,1.19694637e-01,7.979642,-1.62842596e-02,2.01091693e-03
0.033000,1.27178005e-01,1.19678005e-01,7.978534,-1.66319731e-02,2.01731992e-03
0.034000,1.27161033e-01,1.19661033e-01,7.977402,-1.69724514e-02,2.03463018e-03
0.035000,1.27143725e-01,1.19643725e-01,7.976248,-1.73077656e-02,2.04999942e-03
0.036000,1.27126091e-01,1.19626091e-01,7.975073,-1.76346771e-02,2.07218189e-03
0.037000,1.27108138e-01,1.19608138e-01,7.973876,-1.79526183e-02,2.05883831e-03
0.038000,1.27089872e-01,1.19589872e-01,7.972658,-1.82656341e-02,2.06425690e-03
0.039000,1.27071290e-01,1.19571290e-01,7.971419,-1.85820740e-02,2.05815890e-03
0.040000,1.27052392e-01,1.19552392e-01,7.970159,-1.88978127e-02,2.08269357e-03
0.041000,1.27033181e-01,1.19533181e-01,7.968879,-1.92112153e-02,2.10421473e-03
0.042000,1.27013668e-01,1.19513668e-01,7.967578,-1.95127547e-02,2.11590991e-03
0.043000,1.26993863e-01,1.19493863e-01,7.966258,-1.98051580e-02,2.14759630e-03
0.044000,1.26973775e-01,1.19473775e-01,7.964918,-2.00881170e-02,2.12966352e-03
0.045000,1.26953411e-01,1.19453411e-01,7.963561,-2.03638410e-02,2.11806726e-03
0.046000,1.26932764e-01,1.19432764e-01,7.962184,-2.06475050e-02,2.06483901e-03
0.047000,1.26911819e-01,1.19411819e-01,7.960788,-2.09443903e-02,2.12311456e-03
0.048000,1.26890571e-01,1.19390571e-01,7.959371,-2.12484511e-02,2.20318906e-03
0.049000,1.26869052e-01,1.19369052e-01,7.957937,-2.15192131e-02,2.18545774e-03
0.050000,1.26847285e-01,1.19347285e-01,7.956486,-2.17668130e-02,2.16591784e-03
0.051000,1.26825261e-01,1.19325261e-01,7.955017,-2.20236915e-02,2.17378872e-03
0.052000,1.26802976e-01,1.19302976e-01,7.953532,-2.22855954e-02,2.17577161e-03
0.053000,1.26780431e-01,1.19280431e-01,7.952029,-2.25445637e-02,2.12712985e-03
0.054000,1.26757620e-01,1.19257620e-01,7.950508,-2.28114825e-02,2.17553856e-03
0.055000,1.26734534e-01,1.19234534e-01,7.948969,-2.30858155e-02,2.23148985e-03
0.056000,1.26711199e-01,1.19211199e-01,7.947413,-2.33343560e-02,2.23643290e-03
0.057000,1.26687636e-01,1.19187636e-01,7.945842,-2.35636471e-02,2.15231250e-03
0.058000,1.26663830e-01,1.19163830e-01,7.944255,-2.38061906e-02,2.16417019e-03
0.059000,1.26639755e-01,1.19139755e-01,7.942650,-2.40742635e-02,2.24559559e-03
0.060000,1.26615431e-01,1.19115431e-01,7.941029,-2.43240431e-02,2.27301265e-03
0.061000,1.26590889e-01,1.19090889e-01,7.939393,-2.45422330e-02,2.23702780e-03
0.062000,1.26566131e-01,1.19066131e-01,7.937742,-2.47577822e-02,2.21085116e-03
0.063000,1.26541142e-01,1.19041142e-01,7.936076,-2.49897784e-02,2.24433142e-03
0.064000,1.26515917e-01,1.19015917e-01,7.934394,-2.52244508e-02,2.28638873e-03
0.065000,1.26490476e-01,1.18990476e-01,7.932698,-2.54406904e-02,2.29756568e-03
0.066000,1.26464835e-01,1.18964835e-01,7.930989,-2.56411412e-02,2.26194317e-03
0.067000,1.26438991e-01,1.18938991e-01,7.929266,-2.58442208e-02,2.27599112e-03
0.068000,1.26412935e-01,1.18912935e-01,7.927529,-2.60565152e-02,2.22667468e-03
0.069000,1.26386662e-01,1.18886662e-01,7.925777,-2.62729170e-02,2.25269663e-03
0.070000,1.26360161e-01,1.18860161e-01,7.924011,-2.65009135e-02,2.33500295e-03
0.071000,1.26333455e-01,1.18833455e-01,7.922230,-2.67058089e-02,2.32299855e-03
0.072000,1.26306569e-01,1.18806569e-01,7.920438,-2.68857966e-02,2.27016069e-03
0.073000,1.26279490e-01,1.18779490e-01,7.918633,-2.70790705e-02,2.27275999e-03
0.074000,1.26252201e-01,1.18752201e-01,7.916813,-2.72892375e-02,2.31615309e-03
0.075000,1.26224710e-01,1.18724710e-01,7.914981,-2.74908772e-02,2.32127963e-03
0.076000,1.26197033e-01,1.18697033e-01,7.913136,-2.76773595e-02,2.32898907e-03
0.077000,1.26169172e-01,1.18669172e-01,7.911278,-2.78607948e-02,2.30610270e-03
0.078000,1.26141126e-01,1.18641126e-01,7.909408,-2.80457453e-02,2.31863317e-03
0.079000,1.26112890e-01,1.18612890e-01,7.907526,-2.82359963e-02,2.33722918e-03
0.080000,1.26084471e-01,1.18584471e-01,7.905631,-2.84188435e-02,2.31256747e-03
0.081000,1.26055871e-01,1.18555871e-01,7.903725,-2.85999447e-02,2.29985200e-03
0.082000,1.26027080e-01,1.18527080e-01,7.901805,-2.87913937e-02,2.31758247e-03
0.083000,1.25998096e-01,1.18498096e-01,7.899873,-2.89838833e-02,2.34126910e-03
0.084000,1.25968930e-01,1.18468930e-01,7.897929,-2.91663612e-02,2.30901301e-03
0.085000,1.25939583e-01,1.18439583e-01,7.895972,-2.93467642e-02,2.31216571e-03
0.086000,1.25910046e-01,1.18410046e-01,7.894003,-2.95372030e-02,2.32125235e-03
0.087000,1.25880321e-01,1.18380321e-01,7.892021,-2.97249996e-02,2.36942311e-03
0.088000,1.25850419e-01,1.18350419e-01,7.890028,-2.99012935e-02,2.34767061e-03
0.089000,1.25820354e-01,1.18320354e-01,7.888024,-3.00656141e-02,2.27632308e-03
0.090000,1.25790104e-01,1.18290104e-01,7.886007,-3.02496956e-02,2.31269116e-03
0.091000,1.25759653e-01,1.18259653e-01,7.883977,-3.04507774e-02,2.36091232e-03
0.092000,1.25729022e-01,1.18229022e-01,7.881935,-3.06313880e-02,2.37669535e-03
0.093000,1.25698228e-01,1.18198228e-01,7.879882,-3.07933709e-02,2.35824832e-03
0.094000,1.25667275e-01,1.18167275e-01,7.877818,-3.09534327e-02,2.28481887e-03
0.095000,1.25636143e-01,1.18136143e-01,7.875743,-3.11325379e-02,2.32928197e-03
0.096000,1.25604815e-01,1.18104815e-01,7.873654,-3.13278956e-02,2.40066301e-03
0.097000,1.25573319e-01,1.18073319e-01,7.871555,-3.14960281e-02,2.32671493e-03
0.098000,1.25541665e-01,1.18041665e-01,7.869444,-3.16537948e-02,2.32070018e-03
0.099000,1.25509828e-01,1.18009828e-01,7.867322,-3.18369109e-02,2.41583900e-03
0.100000,1.25477823e-01,1.17977823e-01,7.865188,-3.20051780e-02,2.40331967e-03
0.101000,1.25445678e-01,1.17945678e-01,7.863045,-3.21444140e-02,2.35397169e-03
0.102000,1.25413382e-01,1.17913382e-01,7.860892,-3.22964882e-02,2.40130176e-03
0.103000,1.25380925e-01,1.17880925e-01,7.858728,-3.24563993e-02,2.45203417e-03
0.104000,1.25348334e-01,1.17848334e-01,7.856556,-3.25917949e-02,2.42599738e-03
0.105000,1.25315618e-01,1.17815618e-01,7.854375,-3.27151336e-02,2.40967800e-03
0.106000,1.25282769e-01,1.17782769e-01,7.852185,-3.28499091e-02,2.33356869e-03
0.107000,1.25249765e-01,1.17749765e-01,7.849984,-3.30035032e-02,2.43296067e-03
0.108000,1.25216601e-01,1.17716601e-01,7.847773,-3.31645163e-02,2.43808717e-03
0.109000,1.25183309e-01,1.17683309e-01,7.845554,-3.32919811e-02,2.41306666e-03
0.110000,1.25149886e-01,1.17649886e-01,7.843326,-3.34221868e-02,2.40259038e-03
0.111000,1.25116324e-01,1.17616324e-01,7.841088,-3.35624623e-02,2.41506916e-03
0.112000,1.25082620e-01,1.17582620e-01,7.838841,-3.37039716e-02,2.42283422e-03
0.113000,1.25048780e-01,1.17548780e-01,7.836585,-3.38400095e-02,2.41430366e-03
0.114000,1.25014805e-01,1.17514805e-01,7.834320,-3.39750058e-02,2.42804398e-03
0.115000,1.24980695e-01,1.17480695e-01,7.832046,-3.41103739e-02,2.43062174e-03
0.116000,1.24946454e-01,1.17446454e-01,7.829764,-3.42407735e-02,2.38843696e-03
0.117000,1.24912076e-01,1.17412076e-01,7.827472,-3.43777865e-02,2.40996421e-03
0.118000,1.24877551e-01,1.17377551e-01,7.825170,-3.45248468e-02,2.40548372e-03
0.119000,1.24842886e-01,1.17342886e-01,7.822859,-3.46656295e-02,2.38746617e-03
0.120000,1.24808074e-01,1.17308074e-01,7.820538,-3.48110699e-02,2.40125902e-03
0.121000,1.24773114e-01,1.17273114e-01,7.818208,-3.49599883e-02,2.46152743e-03
0.122000,1.24738021e-01,1.17238021e-01,7.815868,-3.50937193e-02,2.42787676e-03
0.123000,1.24702807e-01,1.17202807e-01,7.813520,-3.52136079e-02,2.34034372e-03
0.124000,1.24667447e-01,1.17167447e-01,7.811163,-3.53600271e-02,2.43019043e-03
0.125000,1.24631928e-01,1.17131928e-01,7.808795,-3.55193051e-02,2.44488134e-03
0.126000,1.24596281e-01,1.17096281e-01,7.806419,-3.56464782e-02,2.42883874e-03
0.127000,1.24560510e-01,1.17060510e-01,7.804034,-3.57716635e-02,2.39866358e-03
0.128000,1.24524602e-01,1.17024602e-01,7.801640,-3.59074536e-02,2.42220517e-03
0.129000,1.24488553e-01,1.16988553e-01,7.799237,-3.60489906e-02,2.46136081e-03
0.130000,1.24452377e-01,1.16952377e-01,7.796825,-3.61758720e-02,2.39048842e-03
0.131000,1.24416075e-01,1.16916075e-01,7.794405,-3.63024270e-02,2.42542051e-03
0.132000,1.24379629e-01,1.16879629e-01,7.791975,-3.64460803e-02,2.47906043e-03
0.133000,1.24343060e-01,1.16843060e-01,7.789537,-3.65687757e-02,2.44490682e-03
0.134000,1.24306380e-01,1.16806380e-01,7.787092,-3.66798946e-02,2.44024222e-03
0.135000,1.24269577e-01,1.16769577e-01,7.784638,-3.68030550e-02,2.49976281e-03
0.136000,1.24232660e-01,1.16732660e-01,7.782177,-3.69172218e-02,2.48437800e-03
0.137000,1.24195645e-01,1.16695645e-01,7.779710,-3.70145617e-02,2.43020362e-03
0.138000,1.24158519e-01,1.16658519e-01,7.777235,-3.71265344e-02,2.44736488e-03
0.139000,1.24121266e-01,1.16621266e-01,7.774751,-3.72532639e-02,2.51453360e-03
0.140000,1.24083903e-01,1.16583903e-01,7.772260,-3.73624795e-02,2.45753549e-03
0.141000,1.24046443e-01,1.16546443e-01,7.769763,-3.74597152e-02,2.47492336e-03
0.142000,1.24008871e-01,1.16508871e-01,7.767258,-3.75725952e-02,2.50228008e-03
0.143000,1.23971196e-01,1.16471196e-01,7.764746,-3.76749270e-02,2.51047735e-03
0.144000,1.23933429e-01,1.16433429e-01,7.762229,-3.77668248e-02,2.47558328e-03
0.145000,1.23895567e-01,1.16395567e-01,7.759704,-3.78622012e-02,2.45811512e-03
0.146000,1.23857595e-01,1.16357595e-01,7.757173,-3.79721264e-02,2.48545774e-03
0.147000,1.23819512e-01,1.16319512e-01,7.754634,-3.80829531e-02,2.47328714e-03
0.148000,1.23781325e-01,1.16281325e-01,7.752088,-3.81869523e-02,2.48978990e-03
0.149000,1.23743033e-01,1.16243033e-01,7.749536,-3.82920302e-02,2.44542737e-03
0.150000,1.23704633e-01,1.16204633e-01,7.746976,-3.83995334e-02,2.45010016e-03
0.151000,1.23666112e-01,1.16166112e-01,7.744407,-3.85207795e-02,2.48056522e-03
0.152000,1.23627477e-01,1.16127477e-01,7.741832,-3.86351037e-02,2.48995969e-03
0.153000,1.23588740e-01,1.16088740e-01,7.739249,-3.87377613e-02,2.41744473e-03
0.154000,1.23549889e-01,1.16049889e-01,7.736659,-3.88501571e-02,2.47981039e-03
0.155000,1.23510914e-01,1.16010914e-01,7.734061,-3.89753393e-02,2.48839286e-03
0.156000,1.23471836e-01,1.15971836e-01,7.731456,-3.90785219e-02,2.47114396e-03
0.157000,1.23432654e-01,1.15932654e-01,7.728844,-3.91819362e-02,2.41384358e-03
0.158000,1.23393352e-01,1.15893352e-01,7.726223,-3.93011482e-02,2.49121350e-03
0.159000,1.23353927e-01,1.15853927e-01,7.723595,-3.94254965e-02,2.50135729e-03
0.160000,1.23314404e-01,1.15814404e-01,7.720960,-3.95226416e-02,2.42655668e-03
0.161000,1.23274775e-01,1.15774775e-01,7.718318,-3.96296829e-02,2.50927742e-03
0.162000,1.23235028e-01,1.15735028e-01,7.715669,-3.97466617e-02,2.49049043e-03
0.163000,1.23195188e-01,1.15695188e-01,7.713013,-3.98397959e-02,2.50574900e-03
0.164000,1.23155252e-01,1.15655252e-01,7.710350,-3.99364018e-02,2.55102233e-03
0.165000,1.23115232e-01,1.15615232e-01,7.707682,-4.00199905e-02,2.53531773e-03
0.166000,1.23075140e-01,1.15575140e-01,7.705009,-4.00914879e-02,2.47470267e-03
0.167000,1.23034961e-01,1.15534961e-01,7.702331,-4.01788621e-02,2.53772724e-03
0.168000,1.22994686e-01,1.15494686e-01,7.699646,-4.02749979e-02,2.51533497e-03
0.169000,1.22954332e-01,1.15454332e-01,7.696955,-4.03543954e-02,2.50245050e-03
0.170000,1.22913889e-01,1.15413889e-01,7.694259,-4.04434252e-02,2.52929355e-03
0.171000,1.22873357e-01,1.15373357e-01,7.691557,-4.05319397e-02,2.51504509e-03
0.172000,1.22832742e-01,1.15332742e-01,7.688849,-4.06141581e-02,2.51054194e-03
0.173000,1.22792041e-01,1.15292041e-01,7.686136,-4.07018523e-02,2.52456486e-03
0.174000,1.22751252e-01,1.15251252e-01,7.683417,-4.07885457e-02,2.51112096e-03
0.175000,1.22710379e-01,1.15210379e-01,7.680692,-4.08730110e-02,2.48354339e-03
0.176000,1.22669412e-01,1.15169412e-01,7.677961,-4.09667684e-02,2.51865251e-03
0.177000,1.22628349e-01,1.15128349e-01,7.675223,-4.10633739e-02,2.46321110e-03
0.178000,1.22587191e-01,1.15087191e-01,7.672479,-4.11582533e-02,2.44513586e-03
0.179000,1.22545916e-01,1.15045916e-01,7.669728,-4.12745369e-02,2.52478760e-03
0.180000,1.22504533e-01,1.15004533e-01,7.666969,-4.13826712e-02,2.53829413e-03
0.181000,1.22463071e-01,1.14963071e-01,7.664205,-4.14622581e-02,2.45677114e-03
0.182000,1.22421519e-01,1.14921519e-01,7.661435,-4.15518258e-02,2.49028310e-03
0.183000,1.22379857e-01,1.14879857e-01,7.658657,-4.16622406e-02,2.51151691e-03
0.184000,1.22338099e-01,1.14838099e-01,7.655873,-4.17578946e-02,2.46598813e-03
0.185000,1.22296245e-01,1.14796245e-01,7.653083,-4.18546263e-02,2.51301316e-03
0.186000,1.22254287e-01,1.14754287e-01,7.650286,-4.19579945e-02,2.54885456e-03
0.187000,1.22212247e-01,1.14712247e-01,7.647483,-4.20395809e-02,2.46590087e-03
0.188000,1.22170123e-01,1.14670123e-01,7.644675,-4.21240658e-02,2.52728534e-03
0.189000,1.22127898e-01,1.14627898e-01,7.641860,-4.22249389e-02,2.51334480e-03
0.190000,1.22085590e-01,1.14585590e-01,7.639039,-4.23081175e-02,2.52350358e-03
0.191000,1.22043196e-01,1.14543196e-01,7.636213,-4.23940780e-02,2.56440012e-03
0.192000,1.22000726e-01,1.14500726e-01,7.633382,-4.24694701e-02,2.55945860e-03
0.193000,1.21958194e-01,1.14458194e-01,7.630546,-4.25323050e-02,2.49386332e-03
0.194000,1.21915586e-01,1.14415586e-01,7.627706,-4.26083626e-02,2.58086981e-03
0.195000,1.21872895e-01,1.14372895e-01,7.624860,-4.26905765e-02,2.53462951e-03
0.196000,1.21830143e-01,1.14330143e-01,7.622010,-4.27523933e-02,2.51918193e-03
0.197000,1.21787311e-01,1.14287311e-01,7.619154,-4.28321278e-02,2.55123079e-03
0.198000,1.21744399e-01,1.14244399e-01,7.616293,-4.29112680e-02,2.58396851e-03
0.199000,1.21701425e-01,1.14201425e-01,7.613428,-4.29740936e-02,2.58436744e-03
0.200000,1.21658399e-01,1.14158399e-01,7.610560,-4.30260971e-02,2.57094337e-03
0.201000,1.21615319e-01,1.14115319e-01,7.607688,-4.30803435e-02,2.50546957e-03
0.202000,1.21572168e-01,1.14072168e-01,7.604811,-4.31505768e-02,2.52051112e-03
0.203000,1.21528929e-01,1.14028929e-01,7.601929,-4.32396529e-02,2.52418856e-03
0.204000,1.21485605e-01,1.13985605e-01,7.599040,-4.33231387e-02,2.49773491e-03
0.205000,1.21442195e-01,1.13942195e-01,7.596146,-4.34100948e-02,2.54864056e-03
0.206000,1.21398699e-01,1.13898699e-01,7.593247,-4.34967366e-02,2.55715127e-03
0.207000,1.21355133e-01,1.13855133e-01,7.590342,-4.35651552e-02,2.47925574e-03
0.208000,1.21311489e-01,1.13811489e-01,7.587433,-4.36445538e-02,2.51704370e-03
0.209000,1.21267746e-01,1.13767746e-01,7.584516,-4.37428519e-02,2.53733377e-03
0.210000,1.21223921e-01,1.13723921e-01,7.581595,-4.38251519e-02,2.45649592e-03
0.211000,1.21180006e-01,1.13680006e-01,7.578667,-4.39150836e-02,2.55006508e-03
0.212000,1.21135991e-01,1.13635991e-01,7.575733,-4.40150170e-02,2.55975092e-03
0.213000,1.21091908e-01,1.13591908e-01,7.572794,-4.40825081e-02,2.48260608e-03
0.214000,1.21047748e-01,1.13547748e-01,7.569850,-4.41604604e-02,2.56436728e-03
0.215000,1.21003499e-01,1.13503499e-01,7.566900,-4.42492896e-02,2.51134246e-03
0.216000,1.20959178e-01,1.13459178e-01,7.563945,-4.43206441e-02,2.57423093e-03
0.217000,1.20914780e-01,1.13414780e-01,7.560985,-4.43982916e-02,2.62716195e-03
0.218000,1.20870334e-01,1.13370334e-01,7.558022,-4.44459254e-02,2.57209519e-03
0.219000,1.20825848e-01,1.13325848e-01,7.555057,-4.44859137e-02,2.58480325e-03
0.220000,1.20781306e-01,1.13281306e-01,7.552087,-4.45417395e-02,2.58161081e-03
0.221000,1.20736712e-01,1.13236712e-01,7.549114,-4.45939564e-02,2.53200270e-03
0.222000,1.20692056e-01,1.13192056e-01,7.546137,-4.46559943e-02,2.55616834e-03
0.223000,1.20647326e-01,1.13147326e-01,7.543155,-4.47300509e-02,2.56520338e-03
0.224000,1.20602531e-01,1.13102531e-01,7.540169,-4.47945733e-02,2.57434105e-03
0.225000,1.20557677e-01,1.13057677e-01,7.537178,-4.48545126e-02,2.59070349e-03
0.226000,1.20512768e-01,1.13012768e-01,7.534185,-4.49085575e-02,2.53592716e-03
0.227000,1.20467801e-01,1.12967801e-01,7.531187,-4.49669152e-02,2.54497484e-03
0.228000,1.20422760e-01,1.12922760e-01,7.528184,-4.50416624e-02,2.50617260e-03
0.229000,1.20377640e-01,1.12877640e-01,7.525176,-4.51202999e-02,2.49632390e-03
0.230000,1.20332426e-01,1.12832426e-01,7.522162,-4.52134222e-02,2.57915156e-03
0.231000,1.20287131e-01,1.12787131e-01,7.519142,-4.52951319e-02,2.58160398e-03
0.232000,1.20241782e-01,1.12741782e-01,7.516119,-4.53492061e-02,2.49600009e-03
0.233000,1.20196364e-01,1.12696364e-01,7.513091,-4.54176129e-02,2.53294928e-03
0.234000,1.20150857e-01,1.12650857e-01,7.510057,-4.55075993e-02,2.52637205e-03
0.235000,1.20105270e-01,1.12605270e-01,7.507018,-4.55866141e-02,2.47548563e-03
0.236000,1.20059593e-01,1.12559593e-01,7.503973,-4.56767877e-02,2.60676653e-03
0.237000,1.20013833e-01,1.12513833e-01,7.500922,-4.57604575e-02,2.55023803e-03
0.238000,1.19968022e-01,1.12468022e-01,7.497868,-4.58110092e-02,2.57545535e-03
0.239000,1.19922146e-01,1.12422146e-01,7.494810,-4.58756664e-02,2.55849771e-03
0.240000,1.19876211e-01,1.12376211e-01,7.491747,-4.59350405e-02,2.51430787e-03
0.241000,1.19830203e-01,1.12330203e-01,7.488680,-4.60077982e-02,2.60991929e-03
0.242000,1.19784125e-01,1.12284125e-01,7.485608,-4.60781608e-02,2.62283150e-03
0.243000,1.19738010e-01,1.12238010e-01,7.482534,-4.61148397e-02,2.54687796e-03
0.244000,1.19691849e-01,1.12191849e-01,7.479457,-4.61607096e-02,2.62117819e-03
0.245000,1.19645631e-01,1.12145631e-01,7.476375,-4.62183847e-02,2.55932836e-03
0.246000,1.19599368e-01,1.12099368e-01,7.473291,-4.62625958e-02,2.55737994e-03
0.247000,1.19553041e-01,1.12053041e-01,7.470203,-4.63274640e-02,2.62398948e-03
0.248000,1.19506660e-01,1.12006660e-01,7.467111,-4.63811928e-02,2.62144230e-03
0.249000,1.19460246e-01,1.11960246e-01,7.464016,-4.64134966e-02,2.58523555e-03
0.250000,1.19413793e-01,1.11913793e-01,7.460920,-4.64530396e-02,2.58660359e-03
0.251000,1.19367289e-01,1.11867289e-01,7.457819,-4.65042316e-02,2.56025975e-03
0.252000,1.19320729e-01,1.11820729e-01,7.454715,-4.65596329e-02,2.54389816e-03
0.253000,1.19274103e-01,1.11774103e-01,7.451607,-4.66265792e-02,2.53508843e-03
0.254000,1.19227402e-01,1.11727402e-01,7.448493,-4.67004569e-02,2.57559713e-03
0.255000,1.19180632e-01,1.11680632e-01,7.445375,-4.67700643e-02,2.60583015e-03
0.256000,1.19133811e-01,1.11633811e-01,7.442254,-4.68210216e-02,2.52526141e-03
0.257000,1.19086935e-01,1.11586935e-01,7.439129,-4.68762977e-02,2.55411905e-03
0.258000,1.19039982e-01,1.11539982e-01,7.435999,-4.69529306e-02,2.52530077e-03
0.259000,1.18992957e-01,1.11492957e-01,7.432864,-4.70251823e-02,2.49940047e-03
0.260000,1.18945845e-01,1.11445845e-01,7.429723,-4.71114787e-02,2.61397725e-03
0.261000,1.18898659e-01,1.11398659e-01,7.426577,-4.71860194e-02,2.53619114e-03
0.262000,1.18851423e-01,1.11351423e-01,7.423428,-4.72366871e-02,2.61490578e-03
0.263000,1.18804124e-01,1.11304124e-01,7.420275,-4.72989810e-02,2.56881896e-03
0.264000,1.18756780e-01,1.11256780e-01,7.417119,-4.73435738e-02,2.59264391e-03
0.265000,1.18709381e-01,1.11209381e-01,7.413959,-4.73990891e-02,2.64207563e-03
0.266000,1.18661943e-01,1.11161943e-01,7.410796,-4.74380384e-02,2.62257717e-03
0.267000,1.18614479e-01,1.11114479e-01,7.407632,-4.74642017e-02,2.54349230e-03
0.268000,1.18566968e-01,1.11066968e-01,7.404465,-4.75107538e-02,2.62689770e-03
0.269000,1.18519400e-01,1.11019400e-01,7.401293,-4.75685293e-02,2.59492903e-03
0.270000,1.18471795e-01,1.10971795e-01,7.398120,-4.76045666e-02,2.62256406e-03
0.271000,1.18424149e-01,1.10924149e-01,7.394943,-4.76462158e-02,2.61205516e-03
0.272000,1.18376468e-01,1.10876468e-01,7.391765,-4.76806477e-02,2.58141958e-03
0.273000,1.18328744e-01,1.10828744e-01,7.388583,-4.77239484e-02,2.55928871e-03
0.274000,1.18280963e-01,1.10780963e-01,7.385398,-4.77812239e-02,2.57658452e-03
0.275000,1.18233120e-01,1.10733120e-01,7.382208,-4.78427090e-02,2.58409430e-03
0.276000,1.18185223e-01,1.10685223e-01,7.379015,-4.78971858e-02,2.52571816e-03
0.277000,1.18137264e-01,1.10637264e-01,7.375818,-4.79595195e-02,2.53112978e-03
0.278000,1.18089223e-01,1.10589223e-01,7.372615,-4.80400677e-02,2.62544344e-03
0.279000,1.18041121e-01,1.10541121e-01,7.369408,-4.81021604e-02,2.53433923e-03
0.280000,1.17992972e-01,1.10492972e-01,7.366198,-4.81493899e-02,2.58115942e-03
0.281000,1.17944754e-01,1.10444754e-01,7.362984,-4.82182597e-02,2.56989818e-03
0.282000,1.17896480e-01,1.10396480e-01,7.359765,-4.82737445e-02,2.52188607e-03
0.283000,1.17848138e-01,1.10348138e-01,7.356543,-4.83414180e-02,2.60275303e-03
0.284000,1.17799728e-01,1.10299728e-01,7.353315,-4.84105590e-02,2.56825856e-03
0.285000,1.17751269e-01,1.10251269e-01,7.350085,-4.84592421e-02,2.61025982e-03
0.286000,1.17702757e-01,1.10202757e-01,7.346850,-4.85118262e-02,2.59433665e-03
0.287000,1.17654203e-01,1.10154203e-01,7.343614,-4.85534323e-02,2.60806305e-03
0.288000,1.17605606e-01,1.10105606e-01,7.340374,-4.85978405e-02,2.62963930e-03
0.289000,1.17556972e-01,1.10056972e-01,7.337131,-4.86339251e-02,2.64132841e-03
0.290000,1.17508311e-01,1.10008311e-01,7.333887,-4.86608568e-02,2.56639221e-03
0.291000,1.17459614e-01,1.09959614e-01,7.330641,-4.86972011e-02,2.63170171e-03
0.292000,1.17410867e-01,1.09910867e-01,7.327391,-4.87466064e-02,2.58370553e-03
0.293000,1.17362084e-01,1.09862084e-01,7.324139,-4.87830507e-02,2.64663915e-03
0.294000,1.17313260e-01,1.09813260e-01,7.320884,-4.88241285e-02,2.65565698e-03
0.295000,1.17264417e-01,1.09764417e-01,7.317628,-4.88429433e-02,2.60626126e-03
0.296000,1.17215549e-01,1.09715549e-01,7.314370,-4.88675315e-02,2.59414736e-03
0.297000,1.17166639e-01,1.09666639e-01,7.311109,-4.89104843e-02,2.58829242e-03
0.298000,1.17117680e-01,1.09617680e-01,7.307845,-4.89584508e-02,2.59610383e-03
0.299000,1.17068673e-01,1.09568673e-01,7.304578,-4.90069588e-02,2.55757944e-03
0.300000,1.17019614e-01,1.09519614e-01,7.301308,-4.90597141e-02,2.57316973e-03
0.301000,1.16970491e-01,1.09470491e-01,7.298033,-4.91223643e-02,2.63421023e-03
0.302000,1.16921322e-01,1.09421322e-01,7.294755,-4.91691002e-02,2.56444654e-03
0.303000,1.16872114e-01,1.09372114e-01,7.291474,-4.92081263e-02,2.57944112e-03
0.304000,1.16822847e-01,1.09322847e-01,7.288190,-4.92674123e-02,2.56695286e-03
0.305000,1.16773523e-01,1.09273523e-01,7.284902,-4.93239823e-02,2.52486666e-03
0.306000,1.16724131e-01,1.09224131e-01,7.281609,-4.93920960e-02,2.62012320e-03
0.307000,1.16674673e-01,1.09174673e-01,7.278312,-4.94571864e-02,2.54969269e-03
0.308000,1.16625170e-01,1.09125170e-01,7.275011,-4.95034481e-02,2.63916000e-03
0.309000,1.16575613e-01,1.09075613e-01,7.271708,-4.95570188e-02,2.58907996e-03
0.310000,1.16526023e-01,1.09026023e-01,7.268402,-4.95900632e-02,2.64693366e-03
0.311000,1.16476394e-01,1.08976394e-01,7.265093,-4.96293239e-02,2.66077713e-03
0.312000,1.16426746e-01,1.08926746e-01,7.261783,-4.96471365e-02,2.58965236e-03
0.313000,1.16377073e-01,1.08877073e-01,7.258472,-4.96729804e-02,2.64207679e-03
0.314000,1.16327361e-01,1.08827361e-01,7.255157,-4.97129120e-02,2.64127828e-03
0.315000,1.16277625e-01,1.08777625e-01,7.251842,-4.97357678e-02,2.61987575e-03
0.316000,1.16227862e-01,1.08727862e-01,7.248524,-4.97626707e-02,2.63462631e-03
0.317000,1.16178068e-01,1.08678068e-01,7.245205,-4.97939940e-02,2.60205153e-03
0.318000,1.16128242e-01,1.08628242e-01,7.241883,-4.98262335e-02,2.62643354e-03
0.319000,1.16078377e-01,1.08578377e-01,7.238558,-4.98648593e-02,2.60636984e-03
0.320000,1.16028478e-01,1.08528478e-01,7.235232,-4.98990258e-02,2.59772871e-03
0.321000,1.15978537e-01,1.08478537e-01,7.231902,-4.99413096e-02,2.57470397e-03
0.322000,1.15928546e-01,1.08428546e-01,7.228570,-4.99905029e-02,2.55440554e-03
0.323000,1.15878495e-01,1.08378495e-01,7.225233,-5.00508474e-02,2.59822793e-03
0.324000,1.15828385e-01,1.08328385e-01,7.221892,-5.01101088e-02,2.53118348e-03
0.325000,1.15778218e-01,1.08278218e-01,7.218548,-5.01668343e-02,2.60445463e-03
0.326000,1.15727986e-01,1.08227986e-01,7.215199,-5.02326210e-02,2.63794467e-03
0.327000,1.15677717e-01,1.08177717e-01,7.211848,-5.02684220e-02,2.52693087e-03
0.328000,1.15627405e-01,1.08127405e-01,7.208494,-5.03128560e-02,2.59287295e-03
0.329000,1.15577022e-01,1.08077022e-01,7.205135,-5.03820874e-02,2.57148555e-03
0.330000,1.15526589e-01,1.08026589e-01,7.201773,-5.04334445e-02,2.62952012e-03
0.331000,1.15476107e-01,1.07976107e-01,7.198407,-5.04815629e-02,2.61393471e-03
0.332000,1.15425594e-01,1.07925594e-01,7.195040,-5.05133779e-02,2.66376699e-03
0.333000,1.15375053e-01,1.07875053e-01,7.191670,-5.05414992e-02,2.63789362e-03
0.334000,1.15324495e-01,1.07824495e-01,7.188300,-5.05578301e-02,2.59425348e-03
0.335000,1.15273904e-01,1.07773904e-01,7.184927,-5.05903756e-02,2.62828597e-03
0.336000,1.15223273e-01,1.07723273e-01,7.181552,-5.06312349e-02,2.68368804e-03
0.337000,1.15172622e-01,1.07672622e-01,7.178175,-5.06511201e-02,2.62464311e-03
0.338000,1.15121959e-01,1.07621959e-01,7.174797,-5.06632519e-02,2.62691749e-03
0.339000,1.15071264e-01,1.07571264e-01,7.171418,-5.06943728e-02,2.62663583e-03
0.340000,1.15020540e-01,1.07520540e-01,7.168036,-5.07247965e-02,2.62245823e-03
0.341000,1.14969784e-01,1.07469784e-01,7.164652,-5.07560515e-02,2.64054472e-03
0.342000,1.14918998e-01,1.07418998e-01,7.161267,-5.07854801e-02,2.62356197e-03
0.343000,1.14868186e-01,1.07368186e-01,7.157879,-5.08119720e-02,2.59495107e-03
0.344000,1.14817337e-01,1.07317337e-01,7.154489,-5.08491008e-02,2.57036790e-03
0.345000,1.14766437e-01,1.07266437e-01,7.151096,-5.08999731e-02,2.61448222e-03
0.346000,1.14715486e-01,1.07215486e-01,7.147699,-5.09511178e-02,2.55752583e-03
0.347000,1.14664488e-01,1.07164488e-01,7.144299,-5.09978468e-02,2.61408930e-03
0.348000,1.14613435e-01,1.07113435e-01,7.140896,-5.10532785e-02,2.63230727e-03
0.349000,1.14562348e-01,1.07062348e-01,7.137490,-5.10869123e-02,2.53492466e-03
0.350000,1.14511216e-01,1.07011216e-01,7.134081,-5.11317840e-02,2.61449570e-03
0.351000,1.14460021e-01,1.06960021e-01,7.130668,-5.11945664e-02,2.56019445e-03
0.352000,1.14408781e-01,1.06908781e-01,7.127252,-5.12408191e-02,2.65367837e-03
0.353000,1.14357492e-01,1.06857492e-01,7.123833,-5.12883735e-02,2.62831858e-03
0.354000,1.14306183e-01,1.06806183e-01,7.120412,-5.13097109e-02,2.67460926e-03
0.355000,1.14254851e-01,1.06754851e-01,7.116990,-5.13311909e-02,2.66560766e-03
0.356000,1.14203512e-01,1.06703512e-01,7.113567,-5.13390603e-02,2.61217457e-03
0.357000,1.14152153e-01,1.06652153e-01,7.110144,-5.13593349e-02,2.65358359e-03
0.358000,1.14100763e-01,1.06600763e-01,7.106718,-5.13898350e-02,2.64555487e-03
0.359000,1.14049355e-01,1.06549355e-01,7.103290,-5.14081555e-02,2.63883994e-03
0.360000,1.13997925e-01,1.06497925e-01,7.099862,-5.14303003e-02,2.65478996e-03
0.361000,1.13946473e-01,1.06446473e-01,7.096432,-5.14518298e-02,2.61832705e-03
0.362000,1.13894998e-01,1.06394998e-01,7.093000,-5.14745691e-02,2.63885698e-03
0.363000,1.13843493e-01,1.06343493e-01,7.089566,-5.15056529e-02,2.60035534e-03
0.364000,1.13791956e-01,1.06291956e-01,7.086130,-5.15368029e-02,2.61799589e-03
0.365000,1.13740378e-01,1.06240378e-01,7.082692,-5.15774779e-02,2.57495659e-03
0.366000,1.13688758e-01,1.06188758e-01,7.079251,-5.16199705e-02,2.57440887e-03
0.367000,1.13637082e-01,1.06137082e-01,7.075805,-5.16766947e-02,2.63179786e-03
0.368000,1.13585358e-01,1.06085358e-01,7.072357,-5.17234502e-02,2.55838619e-03
0.369000,1.13533594e-01,1.06033594e-01,7.068906,-5.17643403e-02,2.61052707e-03
0.370000,1.13481774e-01,1.05981774e-01,7.065452,-5.18201194e-02,2.62740449e-03
0.371000,1.13429918e-01,1.05929918e-01,7.061995,-5.18557901e-02,2.58097612e-03
0.372000,1.13378024e-01,1.05878024e-01,7.058535,-5.18941283e-02,2.62584021e-03
0.373000,1.13326084e-01,1.05826084e-01,7.055072,-5.19397805e-02,2.56213621e-03
0.374000,1.13274102e-01,1.05774102e-01,7.051607,-5.19819641e-02,2.63749777e-03
0.375000,1.13222070e-01,1.05722070e-01,7.048138,-5.20317421e-02,2.58754605e-03
0.376000,1.13170005e-01,1.05670005e-01,7.044667,-5.20656037e-02,2.69338606e-03
0.377000,1.13117908e-01,1.05617908e-01,7.041194,-5.20971536e-02,2.67099025e-03
0.378000,1.13065810e-01,1.05565810e-01,7.037721,-5.20979045e-02,2.58884695e-03
0.379000,1.13013689e-01,1.05513689e-01,7.034246,-5.21205366e-02,2.70542083e-03
0.380000,1.12961540e-01,1.05461540e-01,7.030769,-5.21495310e-02,2.64772691e-03
0.381000,1.12909389e-01,1.05409389e-01,7.027293,-5.21504433e-02,2.65730570e-03
0.382000,1.12857221e-01,1.05357221e-01,7.023815,-5.21686093e-02,2.65176168e-03
0.383000,1.12805036e-01,1.05305036e-01,7.020336,-5.21846099e-02,2.65261551e-03
0.384000,1.12752834e-01,1.05252834e-01,7.016856,-5.22022802e-02,2.64562717e-03
0.385000,1.12700613e-01,1.05200613e-01,7.013374,-5.22209059e-02,2.60705091e-03
0.386000,1.12648364e-01,1.05148364e-01,7.009891,-5.22486484e-02,2.61022029e-03
0.387000,1.12596076e-01,1.05096076e-01,7.006405,-5.22884995e-02,2.59284066e-03
0.388000,1.12543745e-01,1.05043745e-01,7.002916,-5.23303832e-02,2.64942941e-03
0.389000,1.12491377e-01,1.04991377e-01,6.999425,-5.23679675e-02,2.57228118e-03
0.390000,1.12438977e-01,1.04938977e-01,6.995932,-5.24006099e-02,2.61021293e-03
0.391000,1.12386525e-01,1.04886525e-01,6.992435,-5.24518813e-02,2.63646205e-03
0.392000,1.12334039e-01,1.04834039e-01,6.988936,-5.24860533e-02,2.54681563e-03
0.393000,1.12281511e-01,1.04781511e-01,6.985434,-5.25274578e-02,2.63331387e-03
0.394000,1.12228928e-01,1.04728928e-01,6.981929,-5.25830072e-02,2.56740109e-03
0.395000,1.12176307e-01,1.04676307e-01,6.978420,-5.26218053e-02,2.67014698e-03
0.396000,1.12123642e-01,1.04623642e-01,6.974909,-5.26640806e-02,2.63522988e-03
0.397000,1.12070964e-01,1.04570964e-01,6.971398,-5.26787874e-02,2.68749116e-03
0.398000,1.12018268e-01,1.04518268e-01,6.967885,-5.26957196e-02,2.67805909e-03
0.399000,1.11965571e-01,1.04465571e-01,6.964371,-5.26971564e-02,2.61239254e-03
0.400000,1.11912857e-01,1.04412857e-01,6.960857,-5.27133032e-02,2.68519285e-03
0.401000,1.11860119e-01,1.04360119e-01,6.957341,-5.27381420e-02,2.64732967e-03
0.402000,1.11807374e-01,1.04307374e-01,6.953825,-5.27457678e-02,2.65660330e-03
0.403000,1.11754609e-01,1.04254609e-01,6.950307,-5.27641884e-02,2.65644671e-03
0.404000,1.11701830e-01,1.04201830e-01,6.946789,-5.27795912e-02,2.63062140e-03
0.405000,1.11649030e-01,1.04149030e-01,6.943269,-5.27996123e-02,2.65430012e-03
0.406000,1.11596206e-01,1.04096206e-01,6.939747,-5.28239274e-02,2.61265989e-03
0.407000,1.11543358e-01,1.04043358e-01,6.936224,-5.28478298e-02,2.60613683e-03
0.408000,1.11490472e-01,1.03990472e-01,6.932698,-5.28865609e-02,2.58569866e-03
0.409000,1.11437541e-01,1.03937541e-01,6.929169,-5.29310486e-02,2.65530781e-03
0.410000,1.11384571e-01,1.03884571e-01,6.925638,-5.29699389e-02,2.56422250e-03
0.411000,1.11331569e-01,1.03831569e-01,6.922105,-5.30020759e-02,2.63534143e-03
0.412000,1.11278517e-01,1.03778517e-01,6.918568,-5.30515501e-02,2.62617554e-03
0.413000,1.11225438e-01,1.03725438e-01,6.915029,-5.30792887e-02,2.57775390e-03
0.414000,1.11172319e-01,1.03672319e-01,6.911488,-5.31186003e-02,2.62527712e-03
0.415000,1.11119154e-01,1.03619154e-01,6.907944,-5.31654104e-02,2.57967566e-03
0.416000,1.11065949e-01,1.03565949e-01,6.904397,-5.32046772e-02,2.65037922e-03
0.417000,1.11012703e-01,1.03512703e-01,6.900847,-5.32464171e-02,2.62327970e-03
0.418000,1.10959433e-01,1.03459433e-01,6.897296,-5.32697292e-02,2.67377876e-03
0.419000,1.10906140e-01,1.03406140e-01,6.893743,-5.32930109e-02,2.67251432e-03
0.420000,1.10852840e-01,1.03352840e-01,6.890189,-5.32999316e-02,2.61611503e-03
0.421000,1.10799523e-01,1.03299523e-01,6.886635,-5.33172411e-02,2.69488865e-03
0.422000,1.10746184e-01,1.03246184e-01,6.883079,-5.33391428e-02,2.63592161e-03
0.423000,1.10692838e-01,1.03192838e-01,6.879523,-5.33456017e-02,2.68637956e-03
0.424000,1.10639476e-01,1.03139476e-01,6.875965,-5.33625033e-02,2.69163020e-03
0.425000,1.10586114e-01,1.03086114e-01,6.872408,-5.33619053e-02,2.66721990e-03
0.426000,1.10532750e-01,1.03032750e-01,6.868850,-5.33638995e-02,2.64183288e-03
0.427000,1.10479371e-01,1.02979371e-01,6.865291,-5.33783999e-02,2.60926058e-03
0.428000,1.10425964e-01,1.02925964e-01,6.861731,-5.34069978e-02,2.62057067e-03
0.429000,1.10372520e-01,1.02872520e-01,6.858168,-5.34442929e-02,2.60715968e-03
0.430000,1.10319040e-01,1.02819040e-01,6.854603,-5.34802451e-02,2.64247897e-03
0.431000,1.10265526e-01,1.02765526e-01,6.851035,-5.35143559e-02,2.58744210e-03
0.432000,1.10211979e-01,1.02711979e-01,6.847465,-5.35466000e-02,2.62934608e-03
0.433000,1.10158389e-01,1.02658389e-01,6.843893,-5.35895088e-02,2.64173246e-03
0.434000,1.10104773e-01,1.02604773e-01,6.840318,-5.36164652e-02,2.54434038e-03
0.435000,1.10051116e-01,1.02551116e-01,6.836741,-5.36565765e-02,2.64544776e-03
0.436000,1.09997406e-01,1.02497406e-01,6.833160,-5.37107931e-02,2.58300986e-03
0.437000,1.09943663e-01,1.02443663e-01,6.829578,-5.37428460e-02,2.68270973e-03
0.438000,1.09889885e-01,1.02389885e-01,6.825992,-5.37777736e-02,2.62728642e-03
0.439000,1.09836095e-01,1.02336095e-01,6.822406,-5.37897593e-02,2.68692899e-03
0.440000,1.09782286e-01,1.02282286e-01,6.818819,-5.38093997e-02,2.69736596e-03
0.441000,1.09728478e-01,1.02228478e-01,6.815232,-5.38076069e-02,2.61283732e-03
0.442000,1.09674661e-01,1.02174661e-01,6.811644,-5.38173344e-02,2.70161971e-03
0.443000,1.09620822e-01,1.02120822e-01,6.808055,-5.38391222e-02,2.66748674e-03
0.444000,1.09566984e-01,1.02066984e-01,6.804466,-5.38377886e-02,2.67542231e-03
0.445000,1.09513138e-01,1.02013138e-01,6.800876,-5.38462614e-02,2.65253460e-03
0.446000,1.09459282e-01,1.01959282e-01,6.797285,-5.38561755e-02,2.65893167e-03
0.447000,1.09405409e-01,1.01905409e-01,6.793694,-5.38724750e-02,2.62689745e-03
0.448000,1.09351517e-01,1.01851517e-01,6.790101,-5.38923386e-02,2.64085105e-03
0.449000,1.09297596e-01,1.01797596e-01,6.786506,-5.39202551e-02,2.59597261e-03
0.450000,1.09243645e-01,1.01743645e-01,6.782910,-5.39515253e-02,2.56606550e-03
0.451000,1.09189642e-01,1.01689642e-01,6.779309,-5.40028229e-02,2.66087337e-03
0.452000,1.09135595e-01,1.01635595e-01,6.775706,-5.40471768e-02,2.58523106e-03
0.453000,1.09081521e-01,1.01581521e-01,6.772101,-5.40737709e-02,2.64140707e-03
0.454000,1.09027406e-01,1.01527406e-01,6.768494,-5.41152730e-02,2.62723265e-03
0.455000,1.08973265e-01,1.01473265e-01,6.764884,-5.41408326e-02,2.59907909e-03
0.456000,1.08919089e-01,1.01419089e-01,6.761273,-5.41760259e-02,2.65595292e-03
0.457000,1.08864879e-01,1.01364879e-01,6.757659,-5.42104077e-02,2.59322123e-03
0.458000,1.08810641e-01,1.01310641e-01,6.754043,-5.42372048e-02,2.63222219e-03
0.459000,1.08756364e-01,1.01256364e-01,6.750424,-5.42777070e-02,2.62774796e-03
0.460000,1.08702058e-01,1.01202058e-01,6.746804,-5.43061919e-02,2.70109173e-03
0.461000,1.08647734e-01,1.01147734e-01,6.743182,-5.43231762e-02,2.72515811e-03
0.462000,1.08593423e-01,1.01093423e-01,6.739562,-5.43118174e-02,2.70040487e-03
0.463000,1.08539126e-01,1.01039126e-01,6.735942,-5.42969322e-02,2.61781240e-03
0.464000,1.08484821e-01,1.00984821e-01,6.732321,-5.43047819e-02,2.60677643e-03
0.465000,1.08430479e-01,1.00930479e-01,6.728699,-5.43417078e-02,2.68676005e-03
0.466000,1.08376111e-01,1.00876111e-01,6.725074,-5.43681139e-02,2.70485896e-03
0.467000,1.08321746e-01,1.00821746e-01,6.721450,-5.43650515e-02,2.71566292e-03
0.468000,1.08267392e-01,1.00767392e-01,6.717826,-5.43541347e-02,2.62708801e-03
0.469000,1.08213037e-01,1.00713037e-01,6.714202,-5.43553331e-02,2.60777726e-03
0.470000,1.08158647e-01,1.00658647e-01,6.710576,-5.43890358e-02,2.58240874e-03
0.471000,1.08104214e-01,1.00604214e-01,6.706948,-5.44335665e-02,2.66057090e-03
0.472000,1.08049741e-01,1.00549741e-01,6.703316,-5.44726065e-02,2.61743206e-03
0.473000,1.07995248e-01,1.00495248e-01,6.699683,-5.44936055e-02,2.64670434e-03
0.474000,1.07940724e-01,1.00440724e-01,6.696048,-5.45235955e-02,2.63834395e-03
0.475000,1.07886179e-01,1.00386179e-01,6.692412,-5.45454505e-02,2.54760485e-03
0.476000,1.07831593e-01,1.00331593e-01,6.688773,-5.45860974e-02,2.65629545e-03
0.477000,1.07776955e-01,1.00276955e-01,6.685130,-5.46373236e-02,2.59424176e-03
0.478000,1.07722291e-01,1.00222291e-01,6.681486,-5.46638277e-02,2.69174593e-03
0.479000,1.07667598e-01,1.00167598e-01,6.677840,-5.46934686e-02,2.63440210e-03
0.480000,1.07612897e-01,1.00112897e-01,6.674193,-5.47012283e-02,2.68399436e-03
0.481000,1.07558178e-01,1.00058178e-01,6.670545,-5.47190508e-02,2.70648397e-03
0.482000,1.07503461e-01,1.00003461e-01,6.666897,-5.47166093e-02,2.62416615e-03
0.483000,1.07448740e-01,9.99487400e-02,6.663249,-5.47213390e-02,2.71186874e-03
0.484000,1.07394002e-01,9.98940020e-02,6.659600,-5.47375938e-02,2.67507618e-03
0.485000,1.07339271e-01,9.98392710e-02,6.655951,-5.47315521e-02,2.66419484e-03
0.486000,1.07284531e-01,9.97845310e-02,6.652302,-5.47395179e-02,2.66418961e-03
0.487000,1.07229780e-01,9.97297800e-02,6.648652,-5.47510582e-02,2.65732865e-03
0.488000,1.07175016e-01,9.96750160e-02,6.645001,-5.47638136e-02,2.64320426e-03
0.489000,1.07120235e-01,9.96202350e-02,6.641349,-5.47813199e-02,2.63522353e-03
0.490000,1.07065430e-01,9.95654300e-02,6.637695,-5.48048761e-02,2.57888527e-03
0.491000,1.07010589e-01,9.95105890e-02,6.634039,-5.48410162e-02,2.60042512e-03
0.492000,1.06955697e-01,9.94556970e-02,6.630380,-5.48918495e-02,2.67731511e-03
0.493000,1.06900775e-01,9.94007750e-02,6.626718,-5.49220116e-02,2.67515858e-03
0.494000,1.06845848e-01,9.93458480e-02,6.623057,-5.49273033e-02,2.62849938e-03
0.495000,1.06790906e-01,9.92909060e-02,6.619394,-5.49415544e-02,2.52771897e-03
0.496000,1.06735917e-01,9.92359170e-02,6.615728,-5.49889509e-02,2.65188657e-03
0.497000,1.06680870e-01,9.91808700e-02,6.612058,-5.50474876e-02,2.63330766e-03
0.498000,1.06625801e-01,9.91258010e-02,6.608387,-5.50685313e-02,2.68594381e-03
0.499000,1.06570715e-01,9.90707150e-02,6.604714,-5.50863684e-02,2.62422096e-03
0.500000,1.06515617e-01,9.90156170e-02,6.601041,-5.50978341e-02,2.65934235e-03
0.501000,1.06460494e-01,9.89604940e-02,6.597366,-5.51233596e-02,2.69368423e-03
0.502000,1.06405362e-01,9.89053620e-02,6.593691,-5.51312778e-02,2.63800636e-03
0.503000,1.06350225e-01,9.88502250e-02,6.590015,-5.51377635e-02,2.73002430e-03
0.504000,1.06295078e-01,9.87950780e-02,6.586339,-5.51462624e-02,2.65374039e-03
0.505000,1.06239940e-01,9.87399400e-02,6.582663,-5.51380312e-02,2.66706569e-03
0.506000,1.06184788e-01,9.86847880e-02,6.578986,-5.51524963e-02,2.69724724e-03
0.507000,1.06129631e-01,9.86296310e-02,6.575309,-5.51572479e-02,2.70562984e-03
0.508000,1.06074480e-01,9.85744800e-02,6.571632,-5.51506051e-02,2.66670193e-03
0.509000,1.06019332e-01,9.85193320e-02,6.567955,-5.51480933e-02,2.61336534e-03
0.510000,1.05964164e-01,9.84641640e-02,6.564278,-5.51677979e-02,2.59376345e-03
0.511000,1.05908956e-01,9.84089560e-02,6.560597,-5.52084855e-02,2.61887669e-03
0.512000,1.05853704e-01,9.83537040e-02,6.556914,-5.52511696e-02,2.70415751e-03
0.513000,1.05798434e-01,9.82984340e-02,6.553229,-5.52705252e-02,2.64347429e-03
0.514000,1.05743161e-01,9.82431610e-02,6.549544,-5.52726045e-02,2.63096477e-03
0.515000,1.05687865e-01,9.81878650e-02,6.545858,-5.52968252e-02,2.56388970e-03
0.516000,1.05632527e-01,9.81325270e-02,6.542168,-5.53370157e-02,2.61934815e-03
0.517000,1.05577138e-01,9.80771380e-02,6.538476,-5.53894274e-02,2.61804682e-03
0.518000,1.05521714e-01,9.80217140e-02,6.534781,-5.54238559e-02,2.71682771e-03
0.519000,1.05466273e-01,9.79662730e-02,6.531085,-5.54412434e-02,2.65488484e-03
0.520000,1.05410836e-01,9.79108360e-02,6.527389,-5.54371438e-02,2.66045846e-03
0.521000,1.05355383e-01,9.78553830e-02,6.523692,-5.54524015e-02,2.70947358e-03
0.522000,1.05299926e-01,9.77999260e-02,6.519995,-5.54571609e-02,2.64325320e-03
0.523000,1.05244469e-01,9.77444690e-02,6.516298,-5.54575334e-02,2.74160569e-03
0.524000,1.05189006e-01,9.76890060e-02,6.512600,-5.54622611e-02,2.67258528e-03
0.525000,1.05133560e-01,9.76335600e-02,6.508904,-5.54468938e-02,2.68104590e-03
0.526000,1.05078107e-01,9.75781070e-02,6.505207,-5.54526978e-02,2.66431956e-03
0.527000,1.05022648e-01,9.75226480e-02,6.501510,-5.54586810e-02,2.67561474e-03
0.528000,1.04967180e-01,9.74671800e-02,6.497812,-5.54681599e-02,2.66255002e-03
0.529000,1.04911704e-01,9.74117040e-02,6.494114,-5.54762397e-02,2.61592375e-03
0.530000,1.04856207e-01,9.73562070e-02,6.490414,-5.54968555e-02,2.57631584e-03
0.531000,1.04800667e-01,9.73006670e-02,6.486711,-5.55397883e-02,2.59792793e-03
0.532000,1.04745075e-01,9.72450750e-02,6.483005,-5.55919070e-02,2.70091579e-03
0.533000,1.04689457e-01,9.71894570e-02,6.479297,-5.56187157e-02,2.63819613e-03
0.534000,1.04633834e-01,9.71338340e-02,6.475589,-5.56227930e-02,2.63175939e-03
0.535000,1.04578185e-01,9.70781850e-02,6.471879,-5.56486066e-02,2.56921229e-03
0.536000,1.04522498e-01,9.70224980e-02,6.468167,-5.56875949e-02,2.64987068e-03
0.537000,1.04466765e-01,9.69667650e-02,6.464451,-5.57328611e-02,2.63807975e-03
0.538000,1.04411011e-01,9.69110110e-02,6.460734,-5.57537229e-02,2.69282031e-03
0.539000,1.04355242e-01,9.68552420e-02,6.457016,-5.57687768e-02,2.63751985e-03
0.540000,1.04299467e-01,9.67994670e-02,6.453298,-5.57756323e-02,2.68178645e-03
0.541000,1.04243674e-01,9.67436740e-02,6.449578,-5.57928213e-02,2.69460894e-03
0.542000,1.04187881e-01,9.66878810e-02,6.445859,-5.57932049e-02,2.63493295e-03
0.543000,1.04132081e-01,9.66320810e-02,6.442139,-5.57999305e-02,2.73328336e-03
0.544000,1.04076272e-01,9.65762720e-02,6.438418,-5.58088624e-02,2.66260668e-03
0.545000,1.04020474e-01,9.65204740e-02,6.434698,-5.57979930e-02,2.70522355e-03
0.546000,1.03964671e-01,9.64646710e-02,6.430978,-5.58027985e-02,2.69467527e-03
0.547000,1.03908875e-01,9.64088750e-02,6.427258,-5.57954733e-02,2.67024299e-03
0.548000,1.03853080e-01,9.63530800e-02,6.423539,-5.57959329e-02,2.66345484e-03
0.549000,1.03797274e-01,9.62972740e-02,6.419818,-5.58056169e-02,2.64774051e-03
0.550000,1.03741454e-01,9.62414540e-02,6.416097,-5.58203090e-02,2.61072557e-03
0.551000,1.03685607e-01,9.61856070e-02,6.412374,-5.58467077e-02,2.63860504e-03
0.552000,1.03629727e-01,9.61297270e-02,6.408648,-5.58803325e-02,2.69198569e-03
0.553000,1.03573831e-01,9.60738310e-02,6.404922,-5.58953615e-02,2.67136677e-03
0.554000,1.03517935e-01,9.60179350e-02,6.401196,-5.58965057e-02,2.62376791e-03
0.555000,1.03462022e-01,9.59620220e-02,6.397468,-5.59128387e-02,2.55723674e-03
0.556000,1.03406065e-01,9.59060650e-02,6.393738,-5.59565693e-02,2.64150946e-03
0.557000,1.03350058e-01,9.58500580e-02,6.390004,-5.60072470e-02,2.62162910e-03
0.558000,1.03294024e-01,9.57940240e-02,6.386268,-5.60337639e-02,2.71736186e-03
0.559000,1.03237974e-01,9.57379740e-02,6.382532,-5.60498805e-02,2.65266373e-03
0.560000,1.03181928e-01,9.56819280e-02,6.378795,-5.60459982e-02,2.70169008e-03
0.561000,1.03125874e-01,9.56258740e-02,6.375058,-5.60546939e-02,2.71057510e-03
0.562000,1.03069828e-01,9.55698280e-02,6.371322,-5.60457175e-02,2.64323643e-03
0.563000,1.03013782e-01,9.55137820e-02,6.367585,-5.60457312e-02,2.72262290e-03
0.564000,1.02957728e-01,9.54577280e-02,6.363849,-5.60538213e-02,2.69420413e-03
0.565000,1.02901688e-01,9.54016880e-02,6.360113,-5.60408652e-02,2.68880542e-03
0.566000,1.02845649e-01,9.53456490e-02,6.356377,-5.60381970e-02,2.66412344e-03
0.567000,1.02789608e-01,9.52896080e-02,6.352641,-5.60416666e-02,2.68699004e-03
0.568000,1.02733559e-01,9.52335590e-02,6.348904,-5.60491983e-02,2.64458263e-03
0.569000,1.02677502e-01,9.51775020e-02,6.345167,-5.60567196e-02,2.63462025e-03
0.570000,1.02621422e-01,9.51214220e-02,6.341428,-5.60799299e-02,2.61205344e-03
0.571000,1.02565311e-01,9.50653110e-02,6.337687,-5.61104027e-02,2.60211510e-03
0.572000,1.02509161e-01,9.50091610e-02,6.333944,-5.61500442e-02,2.63194418e-03
0.573000,1.02452974e-01,9.49529740e-02,6.330198,-5.61876747e-02,2.67532174e-03
0.574000,1.02396766e-01,9.48967660e-02,6.326451,-5.62078380e-02,2.67943716e-03
0.575000,1.02340553e-01,9.48405530e-02,6.322704,-5.62130277e-02,2.56331643e-03
0.576000,1.02284315e-01,9.47843150e-02,6.318954,-5.62374005e-02,2.65904265e-03
0.577000,1.02228032e-01,9.47280320e-02,6.315202,-5.62829810e-02,2.61906677e-03
0.578000,1.02171728e-01,9.46717280e-02,6.311449,-5.63041929e-02,2.69098619e-03
0.579000,1.02115402e-01,9.46154020e-02,6.307693,-5.63258152e-02,2.62706871e-03
0.580000,1.02059067e-01,9.45590670e-02,6.303938,-5.63351213e-02,2.71748052e-03
0.581000,1.02002718e-01,9.45027180e-02,6.300181,-5.63494305e-02,2.74150536e-03
0.582000,1.01946388e-01,9.44463880e-02,6.296426,-5.63297986e-02,2.64202644e-03
0.583000,1.01890068e-01,9.43900680e-02,6.292671,-5.63198683e-02,2.71698580e-03
0.584000,1.01833739e-01,9.43337390e-02,6.288916,-5.63293526e-02,2.67892810e-03
0.585000,1.01777418e-01,9.42774180e-02,6.285161,-5.63209492e-02,2.72930594e-03
0.586000,1.01721102e-01,9.42211020e-02,6.281407,-5.63161358e-02,2.67574582e-03
0.587000,1.01664798e-01,9.41647980e-02,6.277653,-5.63042491e-02,2.69794044e-03
0.588000,1.01608492e-01,9.41084920e-02,6.273899,-5.63060275e-02,2.64345295e-03
0.589000,1.01552181e-01,9.40521810e-02,6.270145,-5.63101523e-02,2.63727754e-03
0.590000,1.01495848e-01,9.39958480e-02,6.266390,-5.63332636e-02,2.62305992e-03
0.591000,1.01439487e-01,9.39394870e-02,6.262632,-5.63609173e-02,2.66606699e-03
0.592000,1.01383102e-01,9.38831020e-02,6.258873,-5.63856350e-02,2.60541742e-03
0.593000,1.01326695e-01,9.38266950e-02,6.255113,-5.64069536e-02,2.65871186e-03
0.594000,1.01270256e-01,9.37702560e-02,6.251350,-5.64387660e-02,2.67302070e-03
0.595000,1.01213805e-01,9.37138050e-02,6.247587,-5.64505454e-02,2.58272978e-03
0.596000,1.01157332e-01,9.36573320e-02,6.243822,-5.64735924e-02,2.66293110e-03
0.597000,1.01100820e-01,9.36008200e-02,6.240055,-5.65121096e-02,2.59711075e-03
0.598000,1.01044284e-01,9.35442840e-02,6.236286,-5.65359271e-02,2.70280687e-03
0.599000,1.00987721e-01,9.34877210e-02,6.232515,-5.65626698e-02,2.67546596e-03
0.600000,1.00931161e-01,9.34311610e-02,6.228744,-5.65595353e-02,2.74110924e-03
0.601000,1.00874608e-01,9.33746080e-02,6.224974,-5.65537716e-02,2.68886041e-03
0.602000,1.00818072e-01,9.33180720e-02,6.221205,-5.65356893e-02,2.71370385e-03
0.603000,1.00761542e-01,9.32615420e-02,6.217436,-5.65303731e-02,2.68825449e-03
0.604000,1.00705020e-01,9.32050200e-02,6.213668,-5.65213983e-02,2.67794392e-03
0.605000,1.00648498e-01,9.31484980e-02,6.209900,-5.65226048e-02,2.69025702e-03
0.606000,1.00591973e-01,9.30919730e-02,6.206132,-5.65250200e-02,2.66580170e-03
0.607000,1.00535445e-01,9.30354450e-02,6.202363,-5.65277160e-02,2.68175883e-03
0.608000,1.00478909e-01,9.29789090e-02,6.198594,-5.65356217e-02,2.64581441e-03
0.609000,1.00422365e-01,9.29223650e-02,6.194824,-5.65446432e-02,2.63967822e-03
0.610000,1.00365798e-01,9.28657980e-02,6.191053,-5.65665545e-02,2.61529699e-03
0.611000,1.00309203e-01,9.28092030e-02,6.187280,-5.65947925e-02,2.66358739e-03
0.612000,1.00252581e-01,9.27525810e-02,6.183505,-5.66224981e-02,2.59448541e-03
0.613000,1.00195934e-01,9.26959340e-02,6.179729,-5.66465643e-02,2.65473214e-03
0.614000,1.00139252e-01,9.26392520e-02,6.175950,-5.66826707e-02,2.67161690e-03
0.615000,1.00082556e-01,9.25825560e-02,6.172170,-5.66960053e-02,2.62700995e-03
0.616000,1.00025844e-01,9.25258440e-02,6.168390,-5.67116829e-02,2.65303483e-03
0.617000,9.99691065e-02,9.24691065e-02,6.164607,-5.67374079e-02,2.65978607e-03
0.618000,9.99123531e-02,9.24123531e-02,6.160824,-5.67533921e-02,2.64033552e-03
0.619000,9.98555825e-02,9.23555825e-02,6.157039,-5.67705986e-02,2.71915137e-03
0.620000,9.97988022e-02,9.22988022e-02,6.153253,-5.67802553e-02,2.70462833e-03
0.621000,9.97420356e-02,9.22420356e-02,6.149469,-5.67665960e-02,2.63637445e-03
0.622000,9.96852658e-02,9.21852658e-02,6.145684,-5.67697761e-02,2.76090906e-03
0.623000,9.96284925e-02,9.21284925e-02,6.141900,-5.67733493e-02,2.68767315e-03
0.624000,9.95717435e-02,9.20717435e-02,6.138116,-5.67489744e-02,2.68997969e-03
0.625000,9.95149953e-02,9.20149953e-02,6.134333,-5.67482434e-02,2.68063232e-03
0.626000,9.94582469e-02,9.19582469e-02,6.130550,-5.67484079e-02,2.67191612e-03
0.627000,9.94014937e-02,9.19014937e-02,6.126766,-5.67531836e-02,2.67718405e-03
0.628000,9.93447338e-02,9.18447338e-02,6.122982,-5.67598902e-02,2.67931090e-03
0.629000,9.92879693e-02,9.17879693e-02,6.119198,-5.67644906e-02,2.62772383e-03
0.630000,9.92311918e-02,9.17311918e-02,6.115413,-5.67775152e-02,2.64148569e-03
0.631000,9.91743867e-02,9.16743867e-02,6.111626,-5.68050481e-02,2.66639571e-03
0.632000,9.91175631e-02,9.16175631e-02,6.107838,-5.68236563e-02,2.66609680e-03
0.633000,9.90607290e-02,9.15607290e-02,6.104049,-5.68341365e-02,2.64143759e-03
0.634000,9.90038799e-02,9.15038799e-02,6.100259,-5.68490757e-02,2.56115202e-03
0.635000,9.89469936e-02,9.14469936e-02,6.096466,-5.68863108e-02,2.67118366e-03
0.636000,9.88900631e-02,9.13900631e-02,6.092671,-5.69304552e-02,2.61376337e-03
0.637000,9.88331145e-02,9.13331145e-02,6.088874,-5.69486176e-02,2.71371910e-03
0.638000,9.87761465e-02,9.12761465e-02,6.085076,-5.69679616e-02,2.65561230e-03
0.639000,9.87191818e-02,9.12191818e-02,6.081279,-5.69647542e-02,2.74746873e-03
0.640000,9.86622174e-02,9.11622174e-02,6.077481,-5.69643862e-02,2.71392605e-03
0.641000,9.86052776e-02,9.11052776e-02,6.073685,-5.69397828e-02,2.63487249e-03
0.642000,9.85483374e-02,9.10483374e-02,6.069889,-5.69401750e-02,2.71044536e-03
0.643000,9.84913843e-02,9.09913843e-02,6.066092,-5.69531654e-02,2.71464868e-03
0.644000,9.84344437e-02,9.09344437e-02,6.062296,-5.69405933e-02,2.70048772e-03
0.645000,9.83775145e-02,9.08775145e-02,6.058501,-5.69291449e-02,2.66652505e-03
0.646000,9.83205862e-02,9.08205862e-02,6.054706,-5.69283531e-02,2.68842730e-03
0.647000,9.82636513e-02,9.07636513e-02,6.050910,-5.69348419e-02,2.64872265e-03
0.648000,9.82067102e-02,9.07067102e-02,6.047114,-5.69411591e-02,2.64185609e-03
0.649000,9.81497484e-02,9.06497484e-02,6.043317,-5.69617302e-02,2.61939477e-03
0.650000,9.80927599e-02,9.05927599e-02,6.039517,-5.69885283e-02,2.67461781e-03
0.651000,9.80357470e-02,9.05357470e-02,6.035716,-5.70129376e-02,2.58540313e-03
0.652000,9.79787120e-02,9.04787120e-02,6.031914,-5.70349873e-02,2.65598895e-03
0.653000,9.79216381e-02,9.04216381e-02,6.028109,-5.70738542e-02,2.67776112e-03
0.654000,9.78645524e-02,9.03645524e-02,6.024303,-5.70856895e-02,2.63331633e-03
0.655000,9.78074542e-02,9.03074542e-02,6.020497,-5.70982340e-02,2.65641962e-03
0.656000,9.77503329e-02,9.02503329e-02,6.016689,-5.71212894e-02,2.60840753e-03
0.657000,9.76931877e-02,9.01931877e-02,6.012879,-5.71452476e-02,2.65089992e-03
0.658000,9.76360102e-02,9.01360102e-02,6.009067,-5.71774595e-02,2.73110865e-03
0.659000,9.75788287e-02,9.00788287e-02,6.005255,-5.71815321e-02,2.72552680e-03
0.660000,9.75216684e-02,9.00216684e-02,6.001445,-5.71602502e-02,2.65131952e-03
0.661000,9.74645145e-02,8.99645145e-02,5.997634,-5.71539241e-02,2.72298892e-03
0.662000,9.74073552e-02,8.99073552e-02,5.993824,-5.71592949e-02,2.69635725e-03
0.663000,9.73502094e-02,8.98502094e-02,5.990014,-5.71458378e-02,2.71190170e-03
0.664000,9.72930710e-02,8.97930710e-02,5.986205,-5.71383782e-02,2.69513063e-03
0.665000,9.72359422e-02,8.97359422e-02,5.982396,-5.71287793e-02,2.69745735e-03
0.666000,9.71788179e-02,8.96788179e-02,5.978588,-5.71242768e-02,2.66855291e-03
0.667000,9.71216938e-02,8.96216938e-02,5.974780,-5.71241216e-02,2.67379001e-03
0.668000,9.70645613e-02,8.95645613e-02,5.970971,-5.71325330e-02,2.62487936e-03
0.669000,9.70074134e-02,8.95074134e-02,5.967161,-5.71478737e-02,2.65255859e-03
0.670000,9.69502390e-02,8.94502390e-02,5.963349,-5.71743826e-02,2.66987676e-03
0.671000,9.68930503e-02,8.93930503e-02,5.959537,-5.71887387e-02,2.64755558e-03
0.672000,9.68358489e-02,8.93358489e-02,5.955723,-5.72013546e-02,2.64363837e-03
0.673000,9.67786269e-02,8.92786269e-02,5.951908,-5.72219937e-02,2.59088042e-03
0.674000,9.67213737e-02,8.92213737e-02,5.948092,-5.72532490e-02,2.67120191e-03
0.675000,9.66640861e-02,8.91640861e-02,5.944272,-5.72876268e-02,2.60623915e-03
0.676000,9.66067790e-02,8.91067790e-02,5.940452,-5.73071138e-02,2.71079205e-03
0.677000,9.65494495e-02,8.90494495e-02,5.936630,-5.73294465e-02,2.65900464e-03
0.678000,9.64921229e-02,8.89921229e-02,5.932808,-5.73266005e-02,2.74239098e-03
0.679000,9.64347969e-02,8.89347969e-02,5.928986,-5.73260164e-02,2.71833713e-03
0.680000,9.63774946e-02,8.88774946e-02,5.925166,-5.73023005e-02,2.64063017e-03
0.681000,9.63201944e-02,8.88201944e-02,5.921346,-5.73002259e-02,2.68822610e-03
0.682000,9.62628791e-02,8.87628791e-02,5.917525,-5.73152546e-02,2.70682029e-03
0.683000,9.62055677e-02,8.87055677e-02,5.913705,-5.73113640e-02,2.71293687e-03
0.684000,9.61482675e-02,8.86482675e-02,5.909884,-5.73002850e-02,2.68625583e-03
0.685000,9.60909755e-02,8.85909755e-02,5.906065,-5.72919156e-02,2.65401090e-03
0.686000,9.60336775e-02,8.85336775e-02,5.902245,-5.72980107e-02,2.65886589e-03
0.687000,9.59763637e-02,8.84763637e-02,5.898424,-5.73138371e-02,2.66266989e-03
0.688000,9.59190363e-02,8.84190363e-02,5.894602,-5.73273962e-02,2.60267901e-03
0.689000,9.58616860e-02,8.83616860e-02,5.890779,-5.73503148e-02,2.67810254e-03
0.690000,9.58043064e-02,8.83043064e-02,5.886954,-5.73795975e-02,2.60249301e-03
0.691000,9.57469089e-02,8.82469089e-02,5.883127,-5.73974807e-02,2.67026456e-03
0.692000,9.56894807e-02,8.81894807e-02,5.879299,-5.74282105e-02,2.64106534e-03
0.693000,9.56320389e-02,8.81320389e-02,5.875469,-5.74418467e-02,2.66146834e-03
0.694000,9.55745774e-02,8.80745774e-02,5.871638,-5.74614644e-02,2.67270059e-03
0.695000,9.55171050e-02,8.80171050e-02,5.867807,-5.74723950e-02,2.66485257e-03
0.696000,9.54596240e-02,8.79596240e-02,5.863975,-5.74810247e-02,2.63485484e-03
0.697000,9.54021264e-02,8.79021264e-02,5.860142,-5.74975365e-02,2.69923655e-03
0.698000,9.53446139e-02,8.78446139e-02,5.856308,-5.75125149e-02,2.71961462e-03
0.699000,9.52871112e-02,8.77871112e-02,5.852474,-5.75027457e-02,2.65225218e-03
0.700000,9.52296130e-02,8.77296130e-02,5.848641,-5.74981963e-02,2.73549915e-03
0.701000,9.51721119e-02,8.76721119e-02,5.844807,-5.75010485e-02,2.68360675e-03
0.702000,9.51146262e-02,8.76146262e-02,5.840975,-5.74857377e-02,2.71785368e-03
0.703000,9.50571448e-02,8.75571448e-02,5.837143,-5.74814130e-02,2.70554507e-03
0.704000,9.49996768e-02,8.74996768e-02,5.833312,-5.74680177e-02,2.71423860e-03
0.705000,9.49422196e-02,8.74422196e-02,5.829481,-5.74571274e-02,2.66063954e-03
0.706000,9.48847668e-02,8.73847668e-02,5.825651,-5.74528604e-02,2.64743347e-03
0.707000,9.48272982e-02,8.73272982e-02,5.821820,-5.74685314e-02,2.61268973e-03
0.708000,9.47698036e-02,8.72698036e-02,5.817987,-5.74946836e-02,2.68285114e-03
0.709000,9.47122837e-02,8.72122837e-02,5.814152,-5.75198389e-02,2.63904586e-03
0.710000,9.46547540e-02,8.71547540e-02,5.810317,-5.75296986e-02,2.67071995e-03
0.711000,9.45972057e-02,8.70972057e-02,5.806480,-5.75483434e-02,2.65230717e-03
0.712000,9.45396458e-02,8.70396458e-02,5.802643,-5.75598421e-02,2.58463803e-03
0.713000,9.44820565e-02,8.69820565e-02,5.798804,-5.75893543e-02,2.68490156e-03
0.714000,9.44244331e-02,8.69244331e-02,5.794962,-5.76233596e-02,2.62608864e-03
0.715000,9.43667983e-02,8.68667983e-02,5.791120,-5.76348372e-02,2.68949434e-03
0.716000,9.43091439e-02,8.68091439e-02,5.787276,-5.76544173e-02,2.69518127e-03
0.717000,9.42514917e-02,8.67514917e-02,5.783433,-5.76521684e-02,2.74990719e-03
0.718000,9.41938533e-02,8.66938533e-02,5.779590,-5.76383741e-02,2.66794575e-03
0.719000,9.41362322e-02,8.66362322e-02,5.775749,-5.76211010e-02,2.74257955e-03
0.720000,9.40786147e-02,8.65786147e-02,5.771908,-5.76175470e-02,2.69129067e-03
0.721000,9.40210161e-02,8.65210161e-02,5.768068,-5.75985521e-02,2.68791799e-03
0.722000,9.39634191e-02,8.64634191e-02,5.764228,-5.75969977e-02,2.69075954e-03
0.723000,9.39058231e-02,8.64058231e-02,5.760388,-5.75960484e-02,2.70031063e-03
0.724000,9.38482306e-02,8.63482306e-02,5.756549,-5.75924768e-02,2.66363130e-03
0.725000,9.37906383e-02,8.62906383e-02,5.752709,-5.75922549e-02,2.66759058e-03
0.726000,9.37330350e-02,8.62330350e-02,5.748869,-5.76033789e-02,2.59139263e-03
0.727000,9.36754083e-02,8.61754083e-02,5.745027,-5.76266773e-02,2.62741363e-03
0.728000,9.36177397e-02,8.61177397e-02,5.741183,-5.76686304e-02,2.69213870e-03
0.729000,9.35600523e-02,8.60600523e-02,5.737337,-5.76873078e-02,2.70325974e-03
0.730000,9.35023696e-02,8.60023696e-02,5.733491,-5.76827618e-02,2.63742368e-03
0.731000,9.34446834e-02,8.59446834e-02,5.729646,-5.76862059e-02,2.53406527e-03
0.732000,9.33869538e-02,8.58869538e-02,5.725797,-5.77295493e-02,2.68673295e-03
0.733000,9.33291740e-02,8.58291740e-02,5.721945,-5.77798395e-02,2.65523778e-03
0.734000,9.32713884e-02,8.57713884e-02,5.718093,-5.77855610e-02,2.70816263e-03
0.735000,9.32135962e-02,8.57135962e-02,5.714240,-5.77922669e-02,2.60994283e-03
0.736000,9.31557972e-02,8.56557972e-02,5.710386,-5.77989604e-02,2.71946859e-03
0.737000,9.30979787e-02,8.55979787e-02,5.706532,-5.78185424e-02,2.73047395e-03
0.738000,9.30401785e-02,8.55401785e-02,5.702679,-5.78002084e-02,2.74749379e-03
0.739000,9.29824032e-02,8.54824032e-02,5.698827,-5.77752502e-02,2.67147429e-03
0.740000,9.29246451e-02,8.54246451e-02,5.694976,-5.77581457e-02,2.64137690e-03
0.741000,9.28668737e-02,8.53668737e-02,5.691125,-5.77713295e-02,2.74739490e-03
0.742000,9.28090981e-02,8.53090981e-02,5.687273,-5.77756497e-02,2.74484045e-03
0.743000,9.27513525e-02,8.52513525e-02,5.683423,-5.77456037e-02,2.70300277e-03
0.744000,9.26936287e-02,8.51936287e-02,5.679575,-5.77237951e-02,2.65718989e-03
0.745000,9.26359049e-02,8.51359049e-02,5.675727,-5.77238281e-02,2.61309274e-03
0.746000,9.25781581e-02,8.50781581e-02,5.671877,-5.77467049e-02,2.60668198e-03
0.747000,9.25203729e-02,8.50203729e-02,5.668025,-5.77851975e-02,2.70847271e-03
0.748000,9.24625652e-02,8.49625652e-02,5.664171,-5.78077949e-02,2.68813660e-03
0.749000,9.24047646e-02,8.49047646e-02,5.660318,-5.78005590e-02,2.65103476e-03
0.750000,9.23469580e-02,8.48469580e-02,5.656464,-5.78065627e-02,2.56457395e-03
0.751000,9.22891180e-02,8.47891180e-02,5.652608,-5.78400409e-02,2.67505077e-03
0.752000,9.22312356e-02,8.47312356e-02,5.648749,-5.78823776e-02,2.62393462e-03
0.753000,9.21733381e-02,8.46733381e-02,5.644889,-5.78974713e-02,2.72529393e-03
0.754000,9.21154267e-02,8.46154267e-02,5.641028,-5.79114280e-02,2.65540805e-03
0.755000,9.20575223e-02,8.45575223e-02,5.637168,-5.79044554e-02,2.74686265e-03
0.756000,9.19996180e-02,8.44996180e-02,5.633308,-5.79042617e-02,2.74843175e-03
0.757000,9.19417442e-02,8.44417442e-02,5.629450,-5.78737554e-02,2.71806728e-03
0.758000,9.18838961e-02,8.43838961e-02,5.625593,-5.78481033e-02,2.67773128e-03
0.759000,9.18260566e-02,8.43260566e-02,5.621737,-5.78395565e-02,2.66503034e-03
0.760000,9.17682101e-02,8.42682101e-02,5.617881,-5.78465025e-02,2.71801321e-03
0.761000,9.17103618e-02,8.42103618e-02,5.614024,-5.78482504e-02,2.68751762e-03
0.762000,9.16525238e-02,8.41525238e-02,5.610168,-5.78379906e-02,2.69261765e-03
0.763000,9.15946870e-02,8.40946870e-02,5.606312,-5.78368442e-02,2.64928166e-03
0.764000,9.15368453e-02,8.40368453e-02,5.602456,-5.78416864e-02,2.61609246e-03
0.765000,9.14789787e-02,8.39789787e-02,5.598599,-5.78666298e-02,2.60514115e-03
0.766000,9.14210743e-02,8.39210743e-02,5.594738,-5.79044098e-02,2.70157773e-03
0.767000,9.13631455e-02,8.38631455e-02,5.590876,-5.79287325e-02,2.62995936e-03
0.768000,9.13052115e-02,8.38052115e-02,5.587014,-5.79340490e-02,2.66861284e-03
0.769000,9.12472554e-02,8.37472554e-02,5.583150,-5.79560505e-02,2.62055834e-03
0.770000,9.11892816e-02,8.36892816e-02,5.579285,-5.79738556e-02,2.66223243e-03
0.771000,9.11312815e-02,8.36312815e-02,5.575419,-5.80000729e-02,2.63903378e-03
0.772000,9.10732648e-02,8.35732648e-02,5.571551,-5.80167063e-02,2.70255862e-03
0.773000,9.10152351e-02,8.35152351e-02,5.567682,-5.80297247e-02,2.65350585e-03
0.774000,9.09572045e-02,8.34572045e-02,5.563814,-5.80305551e-02,2.71930691e-03
0.775000,9.08991687e-02,8.33991687e-02,5.559945,-5.80358590e-02,2.71280370e-03
0.776000,9.08411480e-02,8.33411480e-02,5.556077,-5.80207028e-02,2.66869919e-03
0.777000,9.07831325e-02,8.32831325e-02,5.552209,-5.80154818e-02,2.73193611e-03
0.778000,9.07251189e-02,8.32251189e-02,5.548341,-5.80135626e-02,2.71037603e-03
0.779000,9.06671242e-02,8.31671242e-02,5.544475,-5.79946881e-02,2.75140469e-03
0.780000,9.06091486e-02,8.31091486e-02,5.540610,-5.79756388e-02,2.68628654e-03
0.781000,9.05511940e-02,8.30511940e-02,5.536746,-5.79546305e-02,2.67511137e-03
0.782000,9.04932370e-02,8.29932370e-02,5.532882,-5.79569842e-02,2.66611116e-03
0.783000,9.04352724e-02,8.29352724e-02,5.529018,-5.79645996e-02,2.66879635e-03
0.784000,9.03772977e-02,8.28772977e-02,5.525153,-5.79746959e-02,2.61981973e-03
0.785000,9.03193051e-02,8.28193051e-02,5.521287,-5.79925713e-02,2.68134333e-03
0.786000,9.02612895e-02,8.27612895e-02,5.517419,-5.80156517e-02,2.62659198e-03
0.787000,9.02032612e-02,8.27032612e-02,5.513551,-5.80282089e-02,2.67599392e-03
0.788000,9.01452112e-02,8.26452112e-02,5.509681,-5.80500111e-02,2.63477710e-03
0.789000,9.00871484e-02,8.25871484e-02,5.505810,-5.80628777e-02,2.63558530e-03
0.790000,9.00290592e-02,8.25290592e-02,5.501937,-5.80891376e-02,2.68362188e-03
0.791000,8.99709526e-02,8.24709526e-02,5.498064,-5.81066373e-02,2.70850115e-03
0.792000,8.99128486e-02,8.24128486e-02,5.494190,-5.81039615e-02,2.65582304e-03
0.793000,8.98547462e-02,8.23547462e-02,5.490316,-5.81024305e-02,2.71848308e-03
0.794000,8.97966391e-02,8.22966391e-02,5.486443,-5.81071191e-02,2.73364796e-03
0.795000,8.97385505e-02,8.22385505e-02,5.482570,-5.80885474e-02,2.66353951e-03
0.796000,8.96804731e-02,8.21804731e-02,5.478698,-5.80773932e-02,2.73972698e-03
0.797000,8.96223973e-02,8.21223973e-02,5.474826,-5.80757908e-02,2.71766758e-03
0.798000,8.95643443e-02,8.20643443e-02,5.470956,-5.80530683e-02,2.71872615e-03
0.799000,8.95063069e-02,8.20063069e-02,5.467087,-5.80374032e-02,2.67087352e-03
0.800000,8.94482770e-02,8.19482770e-02,5.463218,-5.80298526e-02,2.69081528e-03
0.801000,8.93902425e-02,8.18902425e-02,5.459349,-5.80344911e-02,2.65639461e-03
0.802000,8.93322039e-02,8.18322039e-02,5.455480,-5.80386673e-02,2.65174601e-03
0.803000,8.92741489e-02,8.17741489e-02,5.451610,-5.80549699e-02,2.62737046e-03
0.804000,8.92160718e-02,8.17160718e-02,5.447738,-5.80771096e-02,2.66942280e-03
0.805000,8.91579720e-02,8.16579720e-02,5.443865,-5.80998182e-02,2.59808463e-03
0.806000,8.90998506e-02,8.15998506e-02,5.439990,-5.81213315e-02,2.67231272e-03
0.807000,8.90416975e-02,8.15416975e-02,5.436113,-5.81531469e-02,2.67185654e-03
0.808000,8.89835368e-02,8.14835368e-02,5.432236,-5.81606654e-02,2.64289738e-03
0.809000,8.89253634e-02,8.14253634e-02,5.428358,-5.81734548e-02,2.67401501e-03
0.810000,8.88671731e-02,8.13671731e-02,5.424478,-5.81902520e-02,2.67572672e-03
0.811000,8.88089766e-02,8.13089766e-02,5.420598,-5.81965270e-02,2.65873249e-03
0.812000,8.87507713e-02,8.12507713e-02,5.416718,-5.82052451e-02,2.72785997e-03
0.813000,8.86925640e-02,8.11925640e-02,5.412838,-5.82073200e-02,2.71125518e-03
0.814000,8.86343744e-02,8.11343744e-02,5.408958,-5.81896287e-02,2.64093879e-03
0.815000,8.85761846e-02,8.10761846e-02,5.405079,-5.81898253e-02,2.74565200e-03
0.816000,8.85179900e-02,8.10179900e-02,5.401199,-5.81945976e-02,2.71383093e-03
0.817000,8.84598194e-02,8.09598194e-02,5.397321,-5.81706076e-02,2.71907613e-03
0.818000,8.84016632e-02,8.09016632e-02,5.393444,-5.81561406e-02,2.69771747e-03
0.819000,8.83435195e-02,8.08435195e-02,5.389568,-5.81437281e-02,2.72913124e-03
0.820000,8.82853867e-02,8.07853867e-02,5.385692,-5.81327749e-02,2.66928853e-03
0.821000,8.82272646e-02,8.07272646e-02,5.381818,-5.81220874e-02,2.65074519e-03
0.822000,8.81691303e-02,8.06691303e-02,5.377942,-5.81343324e-02,2.63275093e-03
0.823000,8.81109744e-02,8.06109744e-02,5.374065,-5.81558494e-02,2.67993309e-03
0.824000,8.80527995e-02,8.05527995e-02,5.370187,-5.81749323e-02,2.60915237e-03
0.825000,8.79946085e-02,8.04946085e-02,5.366307,-5.81910366e-02,2.67235313e-03
0.826000,8.79363893e-02,8.04363893e-02,5.362426,-5.82192101e-02,2.68957392e-03
0.827000,8.78781657e-02,8.03781657e-02,5.358544,-5.82235822e-02,2.62086929e-03
0.828000,8.78199312e-02,8.03199312e-02,5.354662,-5.82344484e-02,2.66925745e-03
0.829000,8.77616719e-02,8.02616719e-02,5.350778,-5.82593212e-02,2.61193815e-03
0.830000,8.77033935e-02,8.02033935e-02,5.346893,-5.82784390e-02,2.69288339e-03
0.831000,8.76450914e-02,8.01450914e-02,5.343006,-5.83020670e-02,2.77418041e-03
0.832000,8.75868067e-02,8.00868067e-02,5.339120,-5.82847350e-02,2.74807338e-03
0.833000,8.75285614e-02,8.00285614e-02,5.335237,-5.82453205e-02,2.63867844e-03
0.834000,8.74703275e-02,7.99703275e-02,5.331355,-5.82338252e-02,2.74684152e-03
0.835000,8.74120884e-02,7.99120884e-02,5.327473,-5.82391294e-02,2.71396049e-03
0.836000,8.73538737e-02,7.98538737e-02,5.323592,-5.82147259e-02,2.70720204e-03
0.837000,8.72956714e-02,7.97956714e-02,5.319711,-5.82023162e-02,2.68013725e-03
0.838000,8.72374744e-02,7.97374744e-02,5.315832,-5.81969121e-02,2.70372506e-03
0.839000,8.71792782e-02,7.96792782e-02,5.311952,-5.81962253e-02,2.66334130e-03
0.840000,8.71210833e-02,7.96210833e-02,5.308072,-5.81949333e-02,2.68430533e-03
0.841000,8.70628801e-02,7.95628801e-02,5.304192,-5.82031967e-02,2.61838589e-03
0.842000,8.70046639e-02,7.95046639e-02,5.300311,-5.82162323e-02,2.64320807e-03
0.843000,8.69464173e-02,7.94464173e-02,5.296428,-5.82465274e-02,2.61044120e-03
0.844000,8.68881429e-02,7.93881429e-02,5.292543,-5.82744648e-02,2.67711334e-03
0.845000,8.68298415e-02,7.93298415e-02,5.288656,-5.83013732e-02,2.69975385e-03
0.846000,8.67715391e-02,7.92715391e-02,5.284769,-5.83023818e-02,2.58987611e-03
0.847000,8.67132237e-02,7.92132237e-02,5.280882,-5.83153855e-02,2.67670847e-03
0.848000,8.66548746e-02,7.91548746e-02,5.276992,-5.83491194e-02,2.63458887e-03
0.849000,8.65965128e-02,7.90965128e-02,5.273101,-5.83617846e-02,2.67989123e-03
0.850000,8.65381325e-02,7.90381325e-02,5.269209,-5.83802713e-02,2.71689952e-03
0.851000,8.64797552e-02,7.89797552e-02,5.265317,-5.83773356e-02,2.72927033e-03
0.852000,8.64213952e-02,7.89213952e-02,5.261426,-5.83600581e-02,2.67857685e-03
0.853000,8.63630475e-02,7.88630475e-02,5.257537,-5.83476824e-02,2.73691232e-03
0.854000,8.63047058e-02,7.88047058e-02,5.253647,-5.83416393e-02,2.70072108e-03
0.855000,8.62463830e-02,7.87463830e-02,5.249759,-5.83228379e-02,2.72123153e-03
0.856000,8.61880707e-02,7.86880707e-02,5.245871,-5.83122952e-02,2.70713303e-03
0.857000,8.61297732e-02,7.86297732e-02,5.241985,-5.82975098e-02,2.70888233e-03
0.858000,8.60714861e-02,7.85714861e-02,5.238099,-5.82870451e-02,2.67951140e-03
0.859000,8.60132049e-02,7.85132049e-02,5.234214,-5.82811999e-02,2.67624256e-03
0.860000,8.59549194e-02,7.84549194e-02,5.230328,-5.82855786e-02,2.63457627e-03
0.861000,8.58966210e-02,7.83966210e-02,5.226441,-5.82983991e-02,2.66439859e-03
0.862000,8.58383013e-02,7.83383013e-02,5.222553,-5.83196296e-02,2.67155102e-03
0.863000,8.57799715e-02,7.82799715e-02,5.218665,-5.83298013e-02,2.68061749e-03
0.864000,8.57216355e-02,7.82216355e-02,5.214776,-5.83360206e-02,2.66502161e-03
0.865000,8.56632935e-02,7.81632935e-02,5.210886,-5.83420204e-02,2.56972867e-03
0.866000,8.56049235e-02,7.81049235e-02,5.206995,-5.83699935e-02,2.67695591e-03
0.867000,8.55465132e-02,7.80465132e-02,5.203101,-5.84103004e-02,2.62222340e-03
0.868000,8.54880881e-02,7.79880881e-02,5.199206,-5.84250710e-02,2.72472222e-03
0.869000,8.54296484e-02,7.79296484e-02,5.195310,-5.84396909e-02,2.68051870e-03
0.870000,8.53712200e-02,7.78712200e-02,5.191415,-5.84284655e-02,2.76461431e-03
0.871000,8.53128031e-02,7.78128031e-02,5.187520,-5.84168858e-02,2.70475094e-03
0.872000,8.52544148e-02,7.77544148e-02,5.183628,-5.83882740e-02,2.74242590e-03
0.873000,8.51960422e-02,7.76960422e-02,5.179736,-5.83726599e-02,2.68923790e-03
0.874000,8.51376881e-02,7.76376881e-02,5.175846,-5.83540785e-02,2.70691824e-03
0.875000,8.50793382e-02,7.75793382e-02,5.171956,-5.83498382e-02,2.69481134e-03
0.876000,8.50209963e-02,7.75209963e-02,5.168066,-5.83419324e-02,2.69795682e-03
0.877000,8.49626589e-02,7.74626589e-02,5.164177,-5.83374464e-02,2.66634787e-03
0.878000,8.49043213e-02,7.74043213e-02,5.160288,-5.83375172e-02,2.67477013e-03
0.879000,8.48459749e-02,7.73459749e-02,5.156398,-5.83464794e-02,2.62798017e-03
0.880000,8.47876139e-02,7.72876139e-02,5.152508,-5.83609498e-02,2.63731292e-03
0.881000,8.47292248e-02,7.72292248e-02,5.148615,-5.83891364e-02,2.67466637e-03
0.882000,8.46708171e-02,7.71708171e-02,5.144721,-5.84076525e-02,2.69179946e-03
0.883000,8.46124063e-02,7.71124063e-02,5.140827,-5.84108713e-02,2.64930436e-03
0.884000,8.45539903e-02,7.70539903e-02,5.136933,-5.84159781e-02,2.56647286e-03
0.885000,8.44955406e-02,7.69955406e-02,5.133036,-5.84496888e-02,2.68497498e-03
0.886000,8.44370509e-02,7.69370509e-02,5.129137,-5.84896468e-02,2.64639631e-03
0.887000,8.43785534e-02,7.68785534e-02,5.125237,-5.84975092e-02,2.70703224e-03
0.888000,8.43200461e-02,7.68200461e-02,5.121336,-5.85073186e-02,2.63755444e-03
0.889000,8.42615366e-02,7.67615366e-02,5.117436,-5.85095006e-02,2.72000146e-03
0.890000,8.42030167e-02,7.67030167e-02,5.113534,-5.85199203e-02,2.76027442e-03
0.891000,8.41445205e-02,7.66445205e-02,5.109635,-5.84961414e-02,2.74821423e-03
0.892000,8.40860593e-02,7.65860593e-02,5.105737,-5.84612689e-02,2.65443921e-03
0.893000,8.40276123e-02,7.65276123e-02,5.101841,-5.84469403e-02,2.71351717e-03
0.894000,8.39691594e-02,7.64691594e-02,5.097944,-5.84529614e-02,2.73559261e-03
0.895000,8.39107237e-02,7.64107237e-02,5.094048,-5.84356768e-02,2.72194433e-03
0.896000,8.38523101e-02,7.63523101e-02,5.090154,-5.84135557e-02,2.68399478e-03
0.897000,8.37939075e-02,7.62939075e-02,5.086261,-5.84026279e-02,2.66546221e-03
0.898000,8.37355001e-02,7.62355001e-02,5.082367,-5.84074406e-02,2.62768760e-03
0.899000,8.36770751e-02,7.61770751e-02,5.078472,-5.84250197e-02,2.65815243e-03
0.900000,8.36186254e-02,7.61186254e-02,5.074575,-5.84496171e-02,2.68657336e-03
0.901000,8.35601663e-02,7.60601663e-02,5.070678,-5.84591835e-02,2.64541042e-03
0.902000,8.35016996e-02,7.60016996e-02,5.066780,-5.84666953e-02,2.65658382e-03
0.903000,8.34432138e-02,7.59432138e-02,5.062881,-5.84857497e-02,2.59619357e-03
0.904000,8.33847020e-02,7.58847020e-02,5.058980,-5.85118139e-02,2.68875745e-03
0.905000,8.33261607e-02,7.58261607e-02,5.055077,-5.85413423e-02,2.62092000e-03
0.906000,8.32676082e-02,7.57676082e-02,5.051174,-5.85524677e-02,2.72083581e-03
0.907000,8.32090400e-02,7.57090400e-02,5.047269,-5.85682029e-02,2.66790043e-03
0.908000,8.31504795e-02,7.56504795e-02,5.043365,-5.85604852e-02,2.75288689e-03
0.909000,8.30919244e-02,7.55919244e-02,5.039462,-5.85551234e-02,2.75007531e-03
0.910000,8.30334020e-02,7.55334020e-02,5.035560,-5.85223480e-02,2.74111574e-03
0.911000,8.29749099e-02,7.54749099e-02,5.031661,-5.84920804e-02,2.65803564e-03
0.912000,8.29164305e-02,7.54164305e-02,5.027762,-5.84794470e-02,2.70359447e-03
0.913000,8.28579445e-02,7.53579445e-02,5.023863,-5.84860418e-02,2.71099292e-03
0.914000,8.27994681e-02,7.52994681e-02,5.019965,-5.84763660e-02,2.70683281e-03
0.915000,8.27410031e-02,7.52410031e-02,5.016067,-5.84649962e-02,2.67740686e-03
0.916000,8.26825429e-02,7.51825429e-02,5.012170,-5.84601962e-02,2.66721677e-03
0.917000,8.26240760e-02,7.51240760e-02,5.008272,-5.84668622e-02,2.61909189e-03
0.918000,8.25655907e-02,7.50655907e-02,5.004373,-5.84853851e-02,2.60608232e-03
0.919000,8.25070686e-02,7.50070686e-02,5.000471,-5.85220135e-02,2.68633184e-03
0.920000,8.24485199e-02,7.49485199e-02,4.996568,-5.85487233e-02,2.70315120e-03
0.921000,8.23899738e-02,7.48899738e-02,4.992665,-5.85461036e-02,2.66038481e-03
0.922000,8.23314283e-02,7.48314283e-02,4.988762,-5.85455229e-02,2.54505077e-03
0.923000,8.22728489e-02,7.47728489e-02,4.984857,-5.85793828e-02,2.68857209e-03
0.924000,8.22142232e-02,7.47142232e-02,4.980948,-5.86257401e-02,2.65618658e-03
0.925000,8.21555925e-02,7.46555925e-02,4.977040,-5.86306898e-02,2.71307717e-03
0.926000,8.20969563e-02,7.45969563e-02,4.973130,-5.86362149e-02,2.65994295e-03
0.927000,8.20383238e-02,7.45383238e-02,4.969222,-5.86324525e-02,2.71172880e-03
0.928000,8.19796868e-02,7.44796868e-02,4.965312,-5.86369824e-02,2.72600308e-03
0.929000,8.19210648e-02,7.44210648e-02,4.961404,-5.86219809e-02,2.75680450e-03
0.930000,8.18624680e-02,7.43624680e-02,4.957498,-5.85968445e-02,2.66664554e-03
0.931000,8.18038905e-02,7.43038905e-02,4.953593,-5.85775362e-02,2.68946114e-03
0.932000,8.17453067e-02,7.42453067e-02,4.949687,-5.85838026e-02,2.73288005e-03
0.933000,8.16867318e-02,7.41867318e-02,4.945782,-5.85748980e-02,2.73481037e-03
0.934000,8.16281804e-02,7.41281804e-02,4.941879,-5.85513926e-02,2.69506372e-03
0.935000,8.15696461e-02,7.40696461e-02,4.937976,-5.85342820e-02,2.66714810e-03
0.936000,8.15111109e-02,7.40111109e-02,4.934074,-5.85351613e-02,2.60525311e-03
0.937000,8.14525548e-02,7.39525548e-02,4.930170,-5.85561540e-02,2.65231329e-03
0.938000,8.13939656e-02,7.38939656e-02,4.926264,-5.85891518e-02,2.70698237e-03
0.939000,8.13353686e-02,7.38353686e-02,4.922358,-5.85970268e-02,2.69774789e-03
0.940000,8.12767800e-02,7.37767800e-02,4.918452,-5.85885807e-02,2.64537359e-03
0.941000,8.12181876e-02,7.37181876e-02,4.914546,-5.85924291e-02,2.55526021e-03
0.942000,8.11595582e-02,7.36595582e-02,4.910637,-5.86294135e-02,2.68607900e-03
0.943000,8.11008853e-02,7.36008853e-02,4.906726,-5.86728587e-02,2.63487940e-03
0.944000,8.10422029e-02,7.35422029e-02,4.902814,-5.86823951e-02,2.72938135e-03
0.945000,8.09835109e-02,7.34835109e-02,4.898901,-5.86920346e-02,2.66886035e-03
0.946000,8.09248295e-02,7.34248295e-02,4.894989,-5.86813408e-02,2.74818631e-03
0.947000,8.08661531e-02,7.33661531e-02,4.891077,-5.86764950e-02,2.69648395e-03
0.948000,8.08074983e-02,7.33074983e-02,4.887167,-5.86547404e-02,2.75970978e-03
0.949000,8.07488595e-02,7.32488595e-02,4.883257,-5.86387848e-02,2.68526537e-03
0.950000,8.06902443e-02,7.31902443e-02,4.879350,-5.86152295e-02,2.69685642e-03
0.951000,8.06316302e-02,7.31316302e-02,4.875442,-5.86140732e-02,2.70404074e-03
0.952000,8.05730224e-02,7.30730224e-02,4.871535,-5.86078398e-02,2.71089339e-03
0.953000,8.05144243e-02,7.30144243e-02,4.867628,-5.85980350e-02,2.67173140e-03
0.954000,8.04558314e-02,7.29558314e-02,4.863722,-5.85929052e-02,2.68662136e-03
0.955000,8.03972334e-02,7.28972334e-02,4.859816,-5.85980036e-02,2.59241216e-03
0.956000,8.03386186e-02,7.28386186e-02,4.855908,-5.86148717e-02,2.62786119e-03
0.957000,8.02799622e-02,7.27799622e-02,4.851997,-5.86564108e-02,2.64346810e-03
0.958000,8.02212786e-02,7.27212786e-02,4.848085,-5.86835480e-02,2.70490316e-03
0.959000,8.01625839e-02,7.26625839e-02,4.844172,-5.86946956e-02,2.66509100e-03
0.960000,8.01038912e-02,7.26038912e-02,4.840259,-5.86927073e-02,2.58783104e-03
0.961000,8.00451737e-02,7.25451737e-02,4.836345,-5.87174565e-02,2.69897352e-03
0.962000,7.99864258e-02,7.24864258e-02,4.832428,-5.87479246e-02,2.65242837e-03
0.963000,7.99276757e-02,7.24276757e-02,4.828512,-5.87501230e-02,2.68764842e-03
0.964000,7.98689143e-02,7.23689143e-02,4.824594,-5.87613791e-02,2.71929566e-03
0.965000,7.98101589e-02,7.23101589e-02,4.820677,-5.87554721e-02,2.72638992e-03
0.966000,7.97514209e-02,7.22514209e-02,4.816761,-5.87379170e-02,2.65823634e-03
0.967000,7.96926908e-02,7.21926908e-02,4.812846,-5.87300843e-02,2.74856839e-03
0.968000,7.96339622e-02,7.21339622e-02,4.808931,-5.87286600e-02,2.69022331e-03
0.969000,7.95752543e-02,7.20752543e-02,4.805017,-5.87078871e-02,2.70532898e-03
0.970000,7.95165507e-02,7.20165507e-02,4.801103,-5.87036042e-02,2.72857413e-03
0.971000,7.94578604e-02,7.19578604e-02,4.797191,-5.86902498e-02,2.70618414e-03
0.972000,7.93991872e-02,7.18991872e-02,4.793279,-5.86732207e-02,2.69288441e-03
0.973000,7.93405213e-02,7.18405213e-02,4.789368,-5.86658968e-02,2.65255353e-03
0.974000,7.92818513e-02,7.17818513e-02,4.785457,-5.86700727e-02,2.63091841e-03
0.975000,7.92231599e-02,7.17231599e-02,4.781544,-5.86913198e-02,2.69287699e-03
0.976000,7.91644512e-02,7.16644512e-02,4.777630,-5.87087156e-02,2.63364721e-03
0.977000,7.91057350e-02,7.16057350e-02,4.773716,-5.87162374e-02,2.68724615e-03
0.978000,7.90470013e-02,7.15470013e-02,4.769800,-5.87337327e-02,2.65123502e-03
0.979000,7.89882613e-02,7.14882613e-02,4.765884,-5.87399935e-02,2.61509748e-03
0.980000,7.89294968e-02,7.14294968e-02,4.761966,-5.87644714e-02,2.70216786e-03
0.981000,7.88707114e-02,7.13707114e-02,4.758047,-5.87854200e-02,2.72366221e-03
0.982000,7.88119374e-02,7.13119374e-02,4.754129,-5.87739723e-02,2.67950499e-03
0.983000,7.87531741e-02,7.12531741e-02,4.750212,-5.87632743e-02,2.68268396e-03
0.984000,7.86944076e-02,7.11944076e-02,4.746294,-5.87665160e-02,2.73478228e-03
0.985000,7.86356481e-02,7.11356481e-02,4.742377,-5.87595007e-02,2.67125910e-03
0.986000,7.85769015e-02,7.10769015e-02,4.738460,-5.87466089e-02,2.77142011e-03
0.987000,7.85181646e-02,7.10181646e-02,4.734544,-5.87368667e-02,2.70136503e-03
0.988000,7.84594580e-02,7.09594580e-02,4.730631,-5.87066186e-02,2.70576433e-03
0.989000,7.84007594e-02,7.09007594e-02,4.726717,-5.86985997e-02,2.68635184e-03
0.990000,7.83420668e-02,7.08420668e-02,4.722804,-5.86925688e-02,2.71203228e-03
0.991000,7.82833785e-02,7.07833785e-02,4.718892,-5.86883720e-02,2.66755951e-03
0.992000,7.82246949e-02,7.07246949e-02,4.714980,-5.86836058e-02,2.65311244e-03
0.993000,7.81659989e-02,7.06659989e-02,4.711067,-5.86960000e-02,2.59933880e-03
0.994000,7.81072762e-02,7.06072762e-02,4.707152,-5.87226481e-02,2.68242835e-03
0.995000,7.80485240e-02,7.05485240e-02,4.703235,-5.87522628e-02,2.62228677e-03
0.996000,7.79897587e-02,7.04897587e-02,4.699317,-5.87652250e-02,2.68667248e-03
0.997000,7.79309722e-02,7.04309722e-02,4.695398,-5.87865527e-02,2.65006913e-03
0.998000,7.78721790e-02,7.03721790e-02,4.691479,-5.87932081e-02,2.64858589e-03
0.999000,7.78133668e-02,7.03133668e-02,4.687558,-5.88121469e-02,2.68863795e-03
1.000000,7.77545423e-02,7.02545423e-02,4.683636,-5.88244900e-02,2.68743472e-03
1.001000,7.76957184e-02,7.01957184e-02,4.679715,-5.88238922e-02,2.64835727e-03
1.002000,7.76368878e-02,7.01368878e-02,4.675793,-5.88305999e-02,2.71308493e-03
1.003000,7.75780491e-02,7.00780491e-02,4.671870,-5.88386950e-02,2.72684711e-03
1.004000,7.75192260e-02,7.00192260e-02,4.667948,-5.88230988e-02,2.65997413e-03
1.005000,7.74604112e-02,6.99604112e-02,4.664027,-5.88148086e-02,2.74769704e-03
1.006000,7.74015983e-02,6.99015983e-02,4.660107,-5.88129677e-02,2.72370613e-03
1.007000,7.73428117e-02,6.98428117e-02,4.656187,-5.87865598e-02,2.72082231e-03
1.008000,7.72840432e-02,6.97840432e-02,4.652270,-5.87685409e-02,2.70114956e-03
1.009000,7.72252882e-02,6.97252882e-02,4.648353,-5.87549480e-02,2.70044312e-03
1.010000,7.71665403e-02,6.96665403e-02,4.644436,-5.87479408e-02,2.68450263e-03
1.011000,7.71077963e-02,6.96077963e-02,4.640520,-5.87439845e-02,2.67323142e-03
1.012000,7.70490490e-02,6.95490490e-02,4.636603,-5.87472565e-02,2.62310600e-03
1.013000,7.69902859e-02,6.94902859e-02,4.632686,-5.87630942e-02,2.68548557e-03
1.014000,7.69315016e-02,6.94315016e-02,4.628767,-5.87843628e-02,2.63435101e-03
1.015000,7.68727074e-02,6.93727074e-02,4.624847,-5.87941875e-02,2.68423361e-03
1.016000,7.68138954e-02,6.93138954e-02,4.620926,-5.88119844e-02,2.65083982e-03
1.017000,7.67550761e-02,6.92550761e-02,4.617005,-5.88193045e-02,2.63767366e-03
1.018000,7.66962362e-02,6.91962362e-02,4.613082,-5.88399198e-02,2.68409963e-03
1.019000,7.66373795e-02,6.91373795e-02,4.609159,-5.88566493e-02,2.71424813e-03
1.020000,7.65785267e-02,6.90785267e-02,4.605235,-5.88528003e-02,2.66384438e-03
1.021000,7.65196788e-02,6.90196788e-02,4.601312,-5.88479634e-02,2.72655210e-03
1.022000,7.64608302e-02,6.89608302e-02,4.597389,-5.88485907e-02,2.73925187e-03
1.023000,7.64020038e-02,6.89020038e-02,4.593467,-5.88263780e-02,2.66816609e-03
1.024000,7.63431912e-02,6.88431912e-02,4.589546,-5.88125653e-02,2.74529270e-03
1.025000,7.62843828e-02,6.87843828e-02,4.585626,-5.88084592e-02,2.72438872e-03
1.026000,7.62256001e-02,6.87256001e-02,4.581707,-5.87827203e-02,2.72487393e-03
1.027000,7.61668363e-02,6.86668363e-02,4.577789,-5.87637607e-02,2.67577610e-03
1.028000,7.61080830e-02,6.86080830e-02,4.573872,-5.87533241e-02,2.65507500e-03
1.029000,7.60493203e-02,6.85493203e-02,4.569955,-5.87626728e-02,2.67390995e-03
1.030000,7.59905448e-02,6.84905448e-02,4.566036,-5.87754893e-02,2.67970355e-03
1.031000,7.59317637e-02,6.84317637e-02,4.562118,-5.87810955e-02,2.63357033e-03
1.032000,7.58729708e-02,6.83729708e-02,4.558198,-5.87929572e-02,2.67258915e-03
1.033000,7.58141577e-02,6.83141577e-02,4.554277,-5.88130697e-02,2.61321054e-03
1.034000,7.57553268e-02,6.82553268e-02,4.550355,-5.88308683e-02,2.67619933e-03
1.035000,7.56964698e-02,6.81964698e-02,4.546431,-5.88570289e-02,2.67334506e-03
1.036000,7.56376068e-02,6.81376068e-02,4.542507,-5.88630077e-02,2.65018102e-03
1.037000,7.55787328e-02,6.80787328e-02,4.538582,-5.88740202e-02,2.63455631e-03
1.038000,7.55198374e-02,6.80198374e-02,4.534656,-5.88954032e-02,2.70699215e-03
1.039000,7.54609283e-02,6.79609283e-02,4.530729,-5.89091081e-02,2.66467110e-03
1.040000,7.54020217e-02,6.79020217e-02,4.526801,-5.89065080e-02,2.73100928e-03
1.041000,7.53431157e-02,6.78431157e-02,4.522874,-5.89060756e-02,2.71972005e-03
1.042000,7.52842298e-02,6.77842298e-02,4.518949,-5.88858531e-02,2.67376230e-03
1.043000,7.52253523e-02,6.77253523e-02,4.515023,-5.88774653e-02,2.76913015e-03
1.044000,7.51664850e-02,6.76664850e-02,4.511099,-5.88673060e-02,2.71072959e-03
1.045000,7.51076489e-02,6.76076489e-02,4.507177,-5.88361539e-02,2.74231008e-03
1.046000,7.50488303e-02,6.75488303e-02,4.503255,-5.88185968e-02,2.68473530e-03
1.047000,7.49900294e-02,6.74900294e-02,4.499335,-5.88008496e-02,2.68559271e-03
1.048000,7.49312276e-02,6.74312276e-02,4.495415,-5.88018592e-02,2.67721537e-03
1.049000,7.48724235e-02,6.73724235e-02,4.491495,-5.88040687e-02,2.67646577e-03
1.050000,7.48136144e-02,6.73136144e-02,4.487574,-5.88091620e-02,2.64608041e-03
1.051000,7.47547945e-02,6.72547945e-02,4.483653,-5.88198748e-02,2.69371482e-03
1.052000,7.46959623e-02,6.71959623e-02,4.479731,-5.88321429e-02,2.63612502e-03
1.053000,7.46371234e-02,6.71371234e-02,4.475808,-5.88389513e-02,2.66456300e-03
1.054000,7.45782637e-02,6.70782637e-02,4.471884,-5.88596442e-02,2.61513748e-03
1.055000,7.45193840e-02,6.70193840e-02,4.467959,-5.88797379e-02,2.65149042e-03
1.056000,7.44604744e-02,6.69604744e-02,4.464032,-5.89096351e-02,2.64136662e-03
1.057000,7.44015450e-02,6.69015450e-02,4.460103,-5.89293837e-02,2.74317087e-03
1.058000,7.43426105e-02,6.68426105e-02,4.456174,-5.89344542e-02,2.66133248e-03
1.059000,7.42836900e-02,6.67836900e-02,4.452246,-5.89205629e-02,2.77037178e-03
1.060000,7.42247757e-02,6.67247757e-02,4.448318,-5.89142661e-02,2.75704311e-03
1.061000,7.41659012e-02,6.66659012e-02,4.444393,-5.88745163e-02,2.64338106e-03
1.062000,7.41070419e-02,6.66070419e-02,4.440469,-5.88592436e-02,2.72210338e-03
1.063000,7.40481746e-02,6.65481746e-02,4.436545,-5.88673780e-02,2.72991300e-03
1.064000,7.39893263e-02,6.64893263e-02,4.432622,-5.88482779e-02,2.73633665e-03
1.065000,7.39305008e-02,6.64305008e-02,4.428700,-5.88254770e-02,2.67814286e-03
1.066000,7.38716900e-02,6.63716900e-02,4.424779,-5.88108574e-02,2.68852844e-03
1.067000,7.38128764e-02,6.63128764e-02,4.420858,-5.88135129e-02,2.65986043e-03
1.068000,7.37540586e-02,6.62540586e-02,4.416937,-5.88178273e-02,2.66119022e-03
1.069000,7.36952273e-02,6.61952273e-02,4.413015,-5.88313215e-02,2.63164157e-03
1.070000,7.36363777e-02,6.61363777e-02,4.409092,-5.88496043e-02,2.68354794e-03
1.071000,7.35775093e-02,6.60775093e-02,4.405167,-5.88684123e-02,2.63660359e-03
1.072000,7.35186308e-02,6.60186308e-02,4.401242,-5.88784751e-02,2.66693320e-03
1.073000,7.34597322e-02,6.59597322e-02,4.397315,-5.88985916e-02,2.64549911e-03
1.074000,7.34008197e-02,6.59008197e-02,4.393388,-5.89125378e-02,2.68686387e-03
1.075000,7.33418935e-02,6.58418935e-02,4.389460,-5.89262084e-02,2.62832339e-03
1.076000,7.32829568e-02,6.57829568e-02,4.385530,-5.89366464e-02,2.69670186e-03
1.077000,7.32240026e-02,6.57240026e-02,4.381600,-5.89542180e-02,2.64535729e-03
1.078000,7.31650442e-02,6.56650442e-02,4.377670,-5.89584128e-02,2.75459543e-03
1.079000,7.31060840e-02,6.56060840e-02,4.373739,-5.89601524e-02,2.76444625e-03
1.080000,7.30471598e-02,6.55471598e-02,4.369811,-5.89242746e-02,2.71063123e-03
1.081000,7.29882651e-02,6.54882651e-02,4.365884,-5.88946781e-02,2.69479451e-03
1.082000,7.29293795e-02,6.54293795e-02,4.361959,-5.88855559e-02,2.68013927e-03
1.083000,7.28704953e-02,6.53704953e-02,4.358033,-5.88842263e-02,2.74606832e-03
1.084000,7.28116192e-02,6.53116192e-02,4.354108,-5.88760509e-02,2.73481991e-03
1.085000,7.27527710e-02,6.52527710e-02,4.350185,-5.88482126e-02,2.70714103e-03
1.086000,7.26939421e-02,6.51939421e-02,4.346263,-5.88289631e-02,2.65626087e-03
1.087000,7.26351143e-02,6.51351143e-02,4.342341,-5.88278014e-02,2.62947905e-03
1.088000,7.25762662e-02,6.50762662e-02,4.338418,-5.88480855e-02,2.63865069e-03
1.089000,7.25173906e-02,6.50173906e-02,4.334493,-5.88755433e-02,2.70181203e-03
1.090000,7.24585018e-02,6.49585018e-02,4.330567,-5.88888196e-02,2.66385715e-03
1.091000,7.23996138e-02,6.48996138e-02,4.326641,-5.88880646e-02,2.66555168e-03
1.092000,7.23407143e-02,6.48407143e-02,4.322714,-5.88994750e-02,2.60684237e-03
1.093000,7.22817936e-02,6.47817936e-02,4.318786,-5.89207109e-02,2.68587507e-03
1.094000,7.22228463e-02,6.47228463e-02,4.314856,-5.89472518e-02,2.62025985e-03
1.095000,7.21638869e-02,6.46638869e-02,4.310926,-5.89594405e-02,2.72644704e-03
1.096000,7.21049125e-02,6.46049125e-02,4.306994,-5.89744002e-02,2.67564629e-03
1.097000,7.20459490e-02,6.45459490e-02,4.303063,-5.89634700e-02,2.76938732e-03
1.098000,7.19869964e-02,6.44869964e-02,4.299133,-5.89526464e-02,2.75162792e-03
1.099000,7.19280822e-02,6.44280822e-02,4.295205,-5.89141775e-02,2.72521571e-03
1.100000,7.18691960e-02,6.43691960e-02,4.291280,-5.88862117e-02,2.68399351e-03
1.101000,7.18103218e-02,6.43103218e-02,4.287355,-5.88742098e-02,2.68944275e-03
1.102000,7.17514470e-02,6.42514470e-02,4.283430,-5.88747822e-02,2.71404171e-03
1.103000,7.16925778e-02,6.41925778e-02,4.279505,-5.88692149e-02,2.71216296e-03
1.104000,7.16337219e-02,6.41337219e-02,4.275581,-5.88559012e-02,2.69058967e-03
1.105000,7.15748748e-02,6.40748748e-02,4.271658,-5.88470195e-02,2.67032219e-03
1.106000,7.15160260e-02,6.40160260e-02,4.267735,-5.88488069e-02,2.61923657e-03
1.107000,7.14571598e-02,6.39571598e-02,4.263811,-5.88662844e-02,2.63653534e-03
1.108000,7.13982623e-02,6.38982623e-02,4.259884,-5.88974800e-02,2.68171149e-03
1.109000,7.13393473e-02,6.38393473e-02,4.255956,-5.89150056e-02,2.70131453e-03
1.110000,7.12804330e-02,6.37804330e-02,4.252029,-5.89142280e-02,2.65442668e-03
1.111000,7.12215177e-02,6.37215177e-02,4.248101,-5.89153041e-02,2.56868122e-03
1.112000,7.11625708e-02,6.36625708e-02,4.244171,-5.89469421e-02,2.68739531e-03
1.113000,7.11035850e-02,6.36035850e-02,4.240239,-5.89857468e-02,2.65007040e-03
1.114000,7.10445929e-02,6.35445929e-02,4.236306,-5.89921646e-02,2.71142243e-03
1.115000,7.09855929e-02,6.34855929e-02,4.232373,-5.89999910e-02,2.66448164e-03
1.116000,7.09265969e-02,6.34265969e-02,4.228440,-5.89959694e-02,2.71772194e-03
1.117000,7.08675990e-02,6.33675990e-02,4.224507,-5.89979490e-02,2.72985258e-03
1.118000,7.08086187e-02,6.33086187e-02,4.220575,-5.89802984e-02,2.75950458e-03
1.119000,7.07496653e-02,6.32496653e-02,4.216644,-5.89534204e-02,2.66951179e-03
1.120000,7.06907325e-02,6.31907325e-02,4.212716,-5.89327184e-02,2.72280152e-03
1.121000,7.06318004e-02,6.31318004e-02,4.208787,-5.89321477e-02,2.72336809e-03
1.122000,7.05728864e-02,6.30728864e-02,4.204859,-5.89139756e-02,2.72413658e-03
1.123000,7.05139909e-02,6.30139909e-02,4.200933,-5.88954816e-02,2.68648206e-03
1.124000,7.04551075e-02,6.29551075e-02,4.197007,-5.88833940e-02,2.68310314e-03
1.125000,7.03962233e-02,6.28962233e-02,4.193082,-5.88842702e-02,2.63374149e-03
1.126000,7.03373283e-02,6.28373283e-02,4.189155,-5.88949852e-02,2.66533188e-03
1.127000,7.02784120e-02,6.27784120e-02,4.185227,-5.89163248e-02,2.67370391e-03
1.128000,7.02194861e-02,6.27194861e-02,4.181299,-5.89258092e-02,2.68697123e-03
1.129000,7.01605559e-02,6.26605559e-02,4.177370,-5.89301979e-02,2.65980703e-03
1.130000,7.01016209e-02,6.26016209e-02,4.173441,-5.89350332e-02,2.57724359e-03
1.131000,7.00426575e-02,6.25426575e-02,4.169510,-5.89633899e-02,2.68547906e-03
1.132000,6.99836578e-02,6.24836578e-02,4.165577,-5.89997216e-02,2.63916998e-03
1.133000,6.99246491e-02,6.24246491e-02,4.161643,-5.90086963e-02,2.70687179e-03
1.134000,6.98656282e-02,6.23656282e-02,4.157709,-5.90209073e-02,2.67771920e-03
1.135000,6.98066122e-02,6.23066122e-02,4.153774,-5.90160393e-02,2.76119016e-03
1.136000,6.97476062e-02,6.22476062e-02,4.149840,-5.90059845e-02,2.70989582e-03
1.137000,6.96886286e-02,6.21886286e-02,4.145909,-5.89775875e-02,2.76057950e-03
1.138000,6.96296715e-02,6.21296715e-02,4.141978,-5.89570735e-02,2.69625504e-03
1.139000,6.95707402e-02,6.20707402e-02,4.138049,-5.89312892e-02,2.70879469e-03
1.140000,6.95118158e-02,6.20118158e-02,4.134121,-5.89244126e-02,2.69445561e-03
1.141000,6.94528999e-02,6.19528999e-02,4.130193,-5.89159534e-02,2.70338112e-03
1.142000,6.93939892e-02,6.18939892e-02,4.126266,-5.89106251e-02,2.67310744e-03
1.143000,6.93350815e-02,6.18350815e-02,4.122339,-5.89077190e-02,2.69250676e-03
1.144000,6.92761702e-02,6.17761702e-02,4.118411,-5.89113247e-02,2.62505106e-03
1.145000,6.92172497e-02,6.17172497e-02,4.114483,-5.89204882e-02,2.65844921e-03
1.146000,6.91583038e-02,6.16583038e-02,4.110554,-5.89458990e-02,2.61684668e-03
1.147000,6.90993361e-02,6.15993361e-02,4.106622,-5.89676984e-02,2.68026070e-03
1.148000,6.90403442e-02,6.15403442e-02,4.102690,-5.89919466e-02,2.66835601e-03
1.149000,6.89813467e-02,6.14813467e-02,4.098756,-5.89974738e-02,2.63694775e-03
1.150000,6.89223342e-02,6.14223342e-02,4.094822,-5.90124650e-02,2.69296258e-03
1.151000,6.88633064e-02,6.13633064e-02,4.090887,-5.90278655e-02,2.65651945e-03
1.152000,6.88042750e-02,6.13042750e-02,4.086952,-5.90313144e-02,2.65765686e-03
1.153000,6.87452285e-02,6.12452285e-02,4.083015,-5.90465307e-02,2.70969387e-03
1.154000,6.86861763e-02,6.11861763e-02,4.079078,-5.90521713e-02,2.73553489e-03
1.155000,6.86271402e-02,6.11271402e-02,4.075143,-5.90361524e-02,2.66769640e-03
1.156000,6.85681165e-02,6.10681165e-02,4.071208,-5.90236434e-02,2.75014841e-03
1.157000,6.85090977e-02,6.10090977e-02,4.067273,-5.90188329e-02,2.69687530e-03
1.158000,6.84501013e-02,6.09501013e-02,4.063340,-5.89963647e-02,2.72947998e-03
1.159000,6.83911157e-02,6.08911157e-02,4.059408,-5.89856264e-02,2.71655846e-03
1.160000,6.83321493e-02,6.08321493e-02,4.055477,-5.89664653e-02,2.75121959e-03
1.161000,6.82732038e-02,6.07732038e-02,4.051547,-5.89454183e-02,2.66563014e-03
1.162000,6.82142757e-02,6.07142757e-02,4.047618,-5.89281237e-02,2.64584070e-03
1.163000,6.81553333e-02,6.06553333e-02,4.043689,-5.89424374e-02,2.61589976e-03
1.164000,6.80963647e-02,6.05963647e-02,4.039758,-5.89685450e-02,2.69444778e-03
1.165000,6.80373741e-02,6.05373741e-02,4.035825,-5.89905954e-02,2.64323529e-03
1.166000,6.79783782e-02,6.04783782e-02,4.031892,-5.89959057e-02,2.68522247e-03
1.167000,6.79193676e-02,6.04193676e-02,4.027958,-5.90106100e-02,2.63637663e-03
1.168000,6.78603475e-02,6.03603475e-02,4.024023,-5.90201630e-02,2.63825100e-03
1.169000,6.78013020e-02,6.03013020e-02,4.020087,-5.90454262e-02,2.69005246e-03
1.170000,6.77422411e-02,6.02422411e-02,4.016149,-5.90609133e-02,2.71880566e-03
1.171000,6.76831868e-02,6.01831868e-02,4.012212,-5.90543033e-02,2.67062341e-03
1.172000,6.76241400e-02,6.01241400e-02,4.008276,-5.90467709e-02,2.71214532e-03
1.173000,6.75650923e-02,6.00650923e-02,4.004339,-5.90477195e-02,2.73506275e-03
1.174000,6.75060613e-02,6.00060613e-02,4.000404,-5.90309791e-02,2.66133556e-03
1.175000,6.74470416e-02,5.99470416e-02,3.996469,-5.90197500e-02,2.75422009e-03
1.176000,6.73880253e-02,5.98880253e-02,3.992535,-5.90163085e-02,2.71576469e-03
1.177000,6.73290361e-02,5.98290361e-02,3.988602,-5.89891627e-02,2.69490049e-03
1.178000,6.72700578e-02,5.97700578e-02,3.984671,-5.89783358e-02,2.69174299e-03
1.179000,6.72110829e-02,5.97110829e-02,3.980739,-5.89749194e-02,2.67713987e-03
1.180000,6.71521077e-02,5.96521077e-02,3.976807,-5.89751224e-02,2.68247299e-03
1.181000,6.70931286e-02,5.95931286e-02,3.972875,-5.89791782e-02,2.64739652e-03
1.182000,6.70341409e-02,5.95341409e-02,3.968943,-5.89876854e-02,2.61904615e-03
1.183000,6.69751282e-02,5.94751282e-02,3.965009,-5.90127256e-02,2.70499175e-03
1.184000,6.69160963e-02,5.94160963e-02,3.961073,-5.90318780e-02,2.62372470e-03
1.185000,6.68570591e-02,5.93570591e-02,3.957137,-5.90371758e-02,2.68225662e-03
1.186000,6.67980003e-02,5.92980003e-02,3.953200,-5.90588122e-02,2.65449404e-03
1.187000,6.67389342e-02,5.92389342e-02,3.949262,-5.90661353e-02,2.68307069e-03
1.188000,6.66798566e-02,5.91798566e-02,3.945324,-5.90775226e-02,2.63685226e-03
1.189000,6.66207689e-02,5.91207689e-02,3.941385,-5.90876981e-02,2.69941593e-03
1.190000,6.65616669e-02,5.90616669e-02,3.937444,-5.91019888e-02,2.62687716e-03
1.191000,6.65025584e-02,5.90025584e-02,3.933504,-5.91085602e-02,2.73180482e-03
1.192000,6.64434380e-02,5.89434380e-02,3.929563,-5.91203993e-02,2.74227077e-03
1.193000,6.63843421e-02,5.88843421e-02,3.925623,-5.90959277e-02,2.76436680e-03
1.194000,6.63252779e-02,5.88252779e-02,3.921685,-5.90641115e-02,2.69247977e-03
1.195000,6.62662402e-02,5.87662402e-02,3.917749,-5.90377510e-02,2.64862627e-03
1.196000,6.62071974e-02,5.87071974e-02,3.913813,-5.90427543e-02,2.75320909e-03
1.197000,6.61481538e-02,5.86481538e-02,3.909877,-5.90436655e-02,2.74673612e-03
1.198000,6.60891424e-02,5.85891424e-02,3.905943,-5.90113748e-02,2.72015836e-03
1.199000,6.60301565e-02,5.85301565e-02,3.902010,-5.89859099e-02,2.66486352e-03
1.200000,6.59711775e-02,5.84711775e-02,3.898079,-5.89789518e-02,2.62233667e-03
1.201000,6.59121799e-02,5.84121799e-02,3.894145,-5.89976737e-02,2.61611092e-03
1.202000,6.58531484e-02,5.83531484e-02,3.890210,-5.90314630e-02,2.71883770e-03
1.203000,6.57940993e-02,5.82940993e-02,3.886273,-5.90491309e-02,2.71707350e-03
1.204000,6.57350659e-02,5.82350659e-02,3.882338,-5.90333738e-02,2.65657604e-03
1.205000,6.56760370e-02,5.81760370e-02,3.878402,-5.90288944e-02,2.55704964e-03
1.206000,6.56169751e-02,5.81169751e-02,3.874465,-5.90618833e-02,2.68635499e-03
1.207000,6.55578704e-02,5.80578704e-02,3.870525,-5.91046920e-02,2.63815178e-03
1.208000,6.54987569e-02,5.79987569e-02,3.866584,-5.91135591e-02,2.73732299e-03
1.209000,6.54396361e-02,5.79396361e-02,3.862642,-5.91207195e-02,2.66438878e-03
1.210000,6.53805279e-02,5.78805279e-02,3.858702,-5.91082083e-02,2.76066554e-03
1.211000,6.53214253e-02,5.78214253e-02,3.854762,-5.91026242e-02,2.70373117e-03
1.212000,6.52623498e-02,5.77623498e-02,3.850823,-5.90754896e-02,2.74664759e-03
1.213000,6.52032904e-02,5.77032904e-02,3.846886,-5.90594638e-02,2.69834709e-03
1.214000,6.51442525e-02,5.76442525e-02,3.842950,-5.90378851e-02,2.68593982e-03
1.215000,6.50852181e-02,5.75852181e-02,3.839015,-5.90343630e-02,2.72105027e-03
1.216000,6.50261894e-02,5.75261894e-02,3.835079,-5.90287068e-02,2.71910249e-03
1.217000,6.49671775e-02,5.74671775e-02,3.831145,-5.90118642e-02,2.69361014e-03
1.218000,6.49081774e-02,5.74081774e-02,3.827212,-5.90001693e-02,2.63889723e-03
1.219000,6.48491709e-02,5.73491709e-02,3.823278,-5.90065219e-02,2.59923535e-03
1.220000,6.47901330e-02,5.72901330e-02,3.819342,-5.90378568e-02,2.63521026e-03
1.221000,6.47310571e-02,5.72310571e-02,3.815404,-5.90758554e-02,2.66211489e-03
1.222000,6.46719599e-02,5.71719599e-02,3.811464,-5.90972816e-02,2.71575888e-03
1.223000,6.46128595e-02,5.71128595e-02,3.807524,-5.91003856e-02,2.66501112e-03
1.224000,6.45537646e-02,5.70537646e-02,3.803584,-5.90948462e-02,2.59391842e-03
1.225000,6.44946461e-02,5.69946461e-02,3.799643,-5.91185451e-02,2.70096524e-03
1.226000,6.44354994e-02,5.69354994e-02,3.795700,-5.91466619e-02,2.65127291e-03
1.227000,6.43763510e-02,5.68763510e-02,3.791757,-5.91484104e-02,2.70702343e-03
1.228000,6.43171944e-02,5.68171944e-02,3.787813,-5.91566198e-02,2.72063778e-03
1.229000,6.42580503e-02,5.67580503e-02,3.783870,-5.91441124e-02,2.72500233e-03
1.230000,6.41989239e-02,5.66989239e-02,3.779928,-5.91263619e-02,2.67225320e-03
1.231000,6.41398074e-02,5.66398074e-02,3.775987,-5.91165062e-02,2.74977985e-03
1.232000,6.40806971e-02,5.65806971e-02,3.772046,-5.91102644e-02,2.69316774e-03
1.233000,6.40216086e-02,5.65216086e-02,3.768107,-5.90885728e-02,2.73833721e-03
1.234000,6.39625311e-02,5.64625311e-02,3.764169,-5.90774858e-02,2.72333810e-03
1.235000,6.39034769e-02,5.64034769e-02,3.760232,-5.90542170e-02,2.74591213e-03
1.236000,6.38444450e-02,5.63444450e-02,3.756296,-5.90318820e-02,2.67476689e-03
1.237000,6.37854303e-02,5.62854303e-02,3.752362,-5.90147147e-02,2.65268128e-03
1.238000,6.37264055e-02,5.62264055e-02,3.748427,-5.90248181e-02,2.61850892e-03
1.239000,6.36673572e-02,5.61673572e-02,3.744490,-5.90482178e-02,2.68722385e-03
1.240000,6.36082865e-02,5.61082865e-02,3.740552,-5.90706887e-02,2.63663249e-03
1.241000,6.35492070e-02,5.60492070e-02,3.736614,-5.90795391e-02,2.69270811e-03
1.242000,6.34901119e-02,5.59901119e-02,3.732674,-5.90950881e-02,2.66513351e-03
1.243000,6.34310148e-02,5.59310148e-02,3.728734,-5.90970973e-02,2.62918519e-03
1.244000,6.33719003e-02,5.58719003e-02,3.724793,-5.91145195e-02,2.68461114e-03
1.245000,6.33127664e-02,5.58127664e-02,3.720851,-5.91339462e-02,2.71983714e-03
1.246000,6.32536374e-02,5.57536374e-02,3.716909,-5.91289409e-02,2.68594356e-03
1.247000,6.31945191e-02,5.56945191e-02,3.712968,-5.91183605e-02,2.72669316e-03
1.248000,6.31354073e-02,5.56354073e-02,3.709027,-5.91117052e-02,2.73138140e-03
1.249000,6.30763165e-02,5.55763165e-02,3.705088,-5.90908380e-02,2.66593880e-03
1.250000,6.30172365e-02,5.55172365e-02,3.701149,-5.90800039e-02,2.74993803e-03
1.251000,6.29581607e-02,5.54581607e-02,3.697211,-5.90758078e-02,2.72546613e-03
1.252000,6.28991123e-02,5.53991123e-02,3.693274,-5.90483527e-02,2.71079781e-03
1.253000,6.28400808e-02,5.53400808e-02,3.689339,-5.90315285e-02,2.68262802e-03
1.254000,6.27810563e-02,5.52810563e-02,3.685404,-5.90245031e-02,2.70686950e-03
1.255000,6.27220339e-02,5.52220339e-02,3.681469,-5.90224422e-02,2.66854116e-03
1.256000,6.26630147e-02,5.51630147e-02,3.677534,-5.90191980e-02,2.65802370e-03
1.257000,6.26039843e-02,5.51039843e-02,3.673599,-5.90304013e-02,2.63171598e-03
1.258000,6.25449346e-02,5.50449346e-02,3.669662,-5.90497109e-02,2.67618451e-03
1.259000,6.24858648e-02,5.49858648e-02,3.665724,-5.90697966e-02,2.61834457e-03
1.260000,6.24267793e-02,5.49267793e-02,3.661785,-5.90855065e-02,2.67825943e-03
1.261000,6.23676696e-02,5.48676696e-02,3.657845,-5.91096167e-02,2.67306830e-03
1.262000,6.23085547e-02,5.48085547e-02,3.653904,-5.91149679e-02,2.65070108e-03
1.263000,6.22494287e-02,5.47494287e-02,3.649962,-5.91259793e-02,2.63670408e-03
1.264000,6.21902819e-02,5.46902819e-02,3.646019,-5.91468117e-02,2.69843753e-03
1.265000,6.21311206e-02,5.46311206e-02,3.642075,-5.91613240e-02,2.66919509e-03
1.266000,6.20719598e-02,5.45719598e-02,3.638131,-5.91607334e-02,2.72845683e-03
1.267000,6.20128006e-02,5.45128006e-02,3.634187,-5.91592666e-02,2.72738588e-03
1.268000,6.19536620e-02,5.44536620e-02,3.630244,-5.91385268e-02,2.68125302e-03
1.269000,6.18945357e-02,5.43945357e-02,3.626302,-5.91262967e-02,2.77298591e-03
1.270000,6.18354227e-02,5.43354227e-02,3.622362,-5.91129955e-02,2.71084654e-03
1.271000,6.17763422e-02,5.42763422e-02,3.618423,-5.90805564e-02,2.74471735e-03
1.272000,6.17172796e-02,5.42172796e-02,3.614485,-5.90625352e-02,2.68769792e-03
1.273000,6.16582362e-02,5.41582362e-02,3.610549,-5.90434735e-02,2.68824455e-03
1.274000,6.15991931e-02,5.40991931e-02,3.606613,-5.90430412e-02,2.67918575e-03
1.275000,6.15401491e-02,5.40401491e-02,3.602677,-5.90440314e-02,2.67804076e-03
1.276000,6.14811009e-02,5.39811009e-02,3.598740,-5.90481990e-02,2.64775319e-03
1.277000,6.14220428e-02,5.39220428e-02,3.594803,-5.90580987e-02,2.69578660e-03
1.278000,6.13629734e-02,5.38629734e-02,3.590865,-5.90694512e-02,2.63831964e-03
1.279000,6.13038982e-02,5.38038982e-02,3.586927,-5.90751911e-02,2.66653829e-03
1.280000,6.12448033e-02,5.37448033e-02,3.582987,-5.90948139e-02,2.61692165e-03
1.281000,6.11856894e-02,5.36856894e-02,3.579046,-5.91139434e-02,2.65346007e-03
1.282000,6.11265465e-02,5.36265465e-02,3.575103,-5.91429063e-02,2.64352040e-03
1.283000,6.10673849e-02,5.35673849e-02,3.571159,-5.91616272e-02,2.74550240e-03
1.284000,6.10082193e-02,5.35082193e-02,3.567215,-5.91655781e-02,2.66368195e-03
1.285000,6.09490688e-02,5.34490688e-02,3.563271,-5.91505056e-02,2.77253939e-03
1.286000,6.08899257e-02,5.33899257e-02,3.559328,-5.91430539e-02,2.75871627e-03
1.287000,6.08308234e-02,5.33308234e-02,3.555388,-5.91022962e-02,2.65001198e-03
1.288000,6.07717381e-02,5.32717381e-02,3.551449,-5.90853015e-02,2.72198138e-03
1.289000,6.07126469e-02,5.32126469e-02,3.547510,-5.90912798e-02,2.72945633e-03
1.290000,6.06535746e-02,5.31535746e-02,3.543572,-5.90723005e-02,2.73123008e-03
1.291000,6.05945240e-02,5.30945240e-02,3.539635,-5.90505526e-02,2.68414121e-03
1.292000,6.05354875e-02,5.30354875e-02,3.535699,-5.90365493e-02,2.69509889e-03
1.293000,6.04764514e-02,5.29764514e-02,3.531763,-5.90360730e-02,2.66597101e-03
1.294000,6.04174142e-02,5.29174142e-02,3.527828,-5.90371489e-02,2.65904456e-03
1.295000,6.03583652e-02,5.28583652e-02,3.523891,-5.90490158e-02,2.62979806e-03
1.296000,6.02992969e-02,5.27992969e-02,3.519953,-5.90683293e-02,2.68217122e-03
1.297000,6.02402089e-02,5.27402089e-02,3.516014,-5.90879862e-02,2.64027919e-03
1.298000,6.01811111e-02,5.26811111e-02,3.512074,-5.90978511e-02,2.67102231e-03
1.299000,6.01219950e-02,5.26219950e-02,3.508133,-5.91160374e-02,2.60206953e-03
1.300000,6.00628587e-02,5.25628587e-02,3.504191,-5.91363207e-02,2.70713353e-03
1.301000,6.00036980e-02,5.25036980e-02,3.500247,-5.91606697e-02,2.64912670e-03
1.302000,5.99445373e-02,5.24445373e-02,3.496302,-5.91607721e-02,2.70501493e-03
1.303000,5.98853672e-02,5.23853672e-02,3.492358,-5.91700415e-02,2.64290220e-03
1.304000,5.98261953e-02,5.23261953e-02,3.488413,-5.91719403e-02,2.76251828e-03
1.305000,5.97670222e-02,5.22670222e-02,3.484468,-5.91730851e-02,2.76336950e-03
1.306000,5.97078874e-02,5.22078874e-02,3.480526,-5.91347957e-02,2.73355495e-03
1.307000,5.96487859e-02,5.21487859e-02,3.476586,-5.91014991e-02,2.68844847e-03
1.308000,5.95896999e-02,5.20896999e-02,3.472647,-5.90859706e-02,2.67173369e-03
1.309000,5.95306117e-02,5.20306117e-02,3.468707,-5.90882116e-02,2.74355196e-03
1.310000,5.94715285e-02,5.19715285e-02,3.464769,-5.90832417e-02,2.73777914e-03
1.311000,5.94124728e-02,5.19124728e-02,3.460832,-5.90557065e-02,2.70848101e-03
1.312000,5.93534375e-02,5.18534375e-02,3.456896,-5.90352482e-02,2.67099485e-03
1.313000,5.92944065e-02,5.17944065e-02,3.452960,-5.90310408e-02,2.62471653e-03
1.314000,5.92353591e-02,5.17353591e-02,3.449024,-5.90473283e-02,2.65858191e-03
1.315000,5.91762863e-02,5.16762863e-02,3.445086,-5.90728255e-02,2.69378919e-03
1.316000,5.91172053e-02,5.16172053e-02,3.441147,-5.90809749e-02,2.69149861e-03
1.317000,5.90581274e-02,5.15581274e-02,3.437208,-5.90779667e-02,2.65663242e-03
1.318000,5.89990455e-02,5.14990455e-02,3.433270,-5.90818764e-02,2.57421371e-03
1.319000,5.89399337e-02,5.14399337e-02,3.429329,-5.91118116e-02,2.68815786e-03
1.320000,5.88807850e-02,5.13807850e-02,3.425386,-5.91486645e-02,2.63258289e-03
1.321000,5.88216271e-02,5.13216271e-02,3.421442,-5.91579243e-02,2.73160031e-03
1.322000,5.87624592e-02,5.12624592e-02,3.417497,-5.91679257e-02,2.68584281e-03
1.323000,5.87033057e-02,5.12033057e-02,3.413554,-5.91534999e-02,2.77066520e-03
1.324000,5.86441666e-02,5.11441666e-02,3.409611,-5.91391017e-02,2.71123946e-03
1.325000,5.85850592e-02,5.10850592e-02,3.405671,-5.91073553e-02,2.74951472e-03
1.326000,5.85259709e-02,5.10259709e-02,3.401731,-5.90883567e-02,2.69610624e-03
1.327000,5.84669046e-02,5.09669046e-02,3.397794,-5.90662326e-02,2.71291564e-03
1.328000,5.84078459e-02,5.09078459e-02,3.393856,-5.90586760e-02,2.69825358e-03
1.329000,5.83487978e-02,5.08487978e-02,3.389920,-5.90481919e-02,2.70353280e-03
1.330000,5.82897562e-02,5.07897562e-02,3.385984,-5.90415894e-02,2.67311114e-03
1.331000,5.82307175e-02,5.07307175e-02,3.382048,-5.90386329e-02,2.69369725e-03
1.332000,5.81716755e-02,5.06716755e-02,3.378112,-5.90420269e-02,2.62740465e-03
1.333000,5.81126251e-02,5.06126251e-02,3.374175,-5.90503831e-02,2.65538356e-03
1.334000,5.80535496e-02,5.05535496e-02,3.370237,-5.90755632e-02,2.61626155e-03
1.335000,5.79944511e-02,5.04944511e-02,3.366297,-5.90984728e-02,2.70816614e-03
1.336000,5.79353331e-02,5.04353331e-02,3.362356,-5.91179784e-02,2.67615833e-03
1.337000,5.78762202e-02,5.03762202e-02,3.358415,-5.91129613e-02,2.62083226e-03
1.338000,5.78170919e-02,5.03170919e-02,3.354473,-5.91282399e-02,2.68277018e-03
1.339000,5.77579412e-02,5.02579412e-02,3.350529,-5.91507354e-02,2.63206610e-03
1.340000,5.76987793e-02,5.01987793e-02,3.346585,-5.91618560e-02,2.67851615e-03
1.341000,5.76395979e-02,5.01395979e-02,3.342640,-5.91814143e-02,2.69913616e-03
1.342000,5.75804158e-02,5.00804158e-02,3.338694,-5.91820714e-02,2.74510350e-03
1.343000,5.75212480e-02,5.00212480e-02,3.334750,-5.91678278e-02,2.68832247e-03
1.344000,5.74620995e-02,4.99620995e-02,3.330807,-5.91485289e-02,2.75757979e-03
1.345000,5.74029638e-02,4.99029638e-02,3.326864,-5.91356303e-02,2.71270777e-03
1.346000,5.73438559e-02,4.98438559e-02,3.322924,-5.91079217e-02,2.72041494e-03
1.347000,5.72847623e-02,4.97847623e-02,3.318984,-5.90935868e-02,2.70685746e-03
1.348000,5.72256832e-02,4.97256832e-02,3.315046,-5.90791183e-02,2.69022963e-03
1.349000,5.71666112e-02,4.96666112e-02,3.311107,-5.90720427e-02,2.69456256e-03
1.350000,5.71075415e-02,4.96075415e-02,3.307169,-5.90696617e-02,2.70153211e-03
1.351000,5.70484769e-02,4.95484769e-02,3.303232,-5.90646252e-02,2.64120810e-03
1.352000,5.69894089e-02,4.94894089e-02,3.299294,-5.90679674e-02,2.66979974e-03
1.353000,5.69303229e-02,4.94303229e-02,3.295355,-5.90860648e-02,2.63105526e-03
1.354000,5.68712212e-02,4.93712212e-02,3.291415,-5.91016239e-02,2.68256939e-03
1.355000,5.68121004e-02,4.93121004e-02,3.287473,-5.91207974e-02,2.67317423e-03
1.356000,5.67529757e-02,4.92529757e-02,3.283532,-5.91247145e-02,2.62190062e-03
1.357000,5.66938349e-02,4.91938349e-02,3.279589,-5.91407841e-02,2.68072492e-03
1.358000,5.66346716e-02,4.91346716e-02,3.275645,-5.91632904e-02,2.71848560e-03
1.359000,5.65755118e-02,4.90755118e-02,3.271701,-5.91598004e-02,2.67658707e-03
1.360000,5.65163605e-02,4.90163605e-02,3.267757,-5.91513185e-02,2.70632898e-03
1.361000,5.64572092e-02,4.89572092e-02,3.263814,-5.91513371e-02,2.74303680e-03
1.362000,5.63980741e-02,4.88980741e-02,3.259872,-5.91350967e-02,2.66804660e-03
1.363000,5.63389540e-02,4.88389540e-02,3.255930,-5.91200621e-02,2.75722938e-03
1.364000,5.62798401e-02,4.87798401e-02,3.251989,-5.91138844e-02,2.71571243e-03
1.365000,5.62207544e-02,4.87207544e-02,3.248050,-5.90857595e-02,2.71335455e-03
1.366000,5.61616827e-02,4.86616827e-02,3.244112,-5.90716864e-02,2.68867756e-03
1.367000,5.61026200e-02,4.86026200e-02,3.240175,-5.90627516e-02,2.71311935e-03
1.368000,5.60435624e-02,4.85435624e-02,3.236237,-5.90575987e-02,2.66831193e-03
1.369000,5.59845100e-02,4.84845100e-02,3.232301,-5.90523425e-02,2.65577671e-03
1.370000,5.59254460e-02,4.84254460e-02,3.228363,-5.90640184e-02,2.60370222e-03
1.371000,5.58663570e-02,4.83663570e-02,3.224424,-5.90890199e-02,2.69714443e-03
1.372000,5.58072424e-02,4.83072424e-02,3.220483,-5.91145992e-02,2.62197813e-03
1.373000,5.57481196e-02,4.82481196e-02,3.216541,-5.91227830e-02,2.68400825e-03
1.374000,5.56889749e-02,4.81889749e-02,3.212598,-5.91446832e-02,2.64993119e-03
1.375000,5.56298227e-02,4.81298227e-02,3.208655,-5.91522380e-02,2.67271037e-03
1.376000,5.55706557e-02,4.80706557e-02,3.204710,-5.91669559e-02,2.68544797e-03
1.377000,5.55114838e-02,4.80114838e-02,3.200766,-5.91719403e-02,2.69028294e-03
1.378000,5.54523119e-02,4.79523119e-02,3.196821,-5.91718865e-02,2.63498642e-03
1.379000,5.53931319e-02,4.78931319e-02,3.192875,-5.91800233e-02,2.71019963e-03
1.380000,5.53339388e-02,4.78339388e-02,3.188929,-5.91930198e-02,2.73388496e-03
1.381000,5.52747617e-02,4.77747617e-02,3.184984,-5.91771266e-02,2.66800630e-03
1.382000,5.52155966e-02,4.77155966e-02,3.181040,-5.91651047e-02,2.72513569e-03
1.383000,5.51564320e-02,4.76564320e-02,3.177095,-5.91646156e-02,2.70260458e-03
1.384000,5.50972826e-02,4.75972826e-02,3.173152,-5.91493488e-02,2.73525624e-03
1.385000,5.50381469e-02,4.75381469e-02,3.169210,-5.91357074e-02,2.72471432e-03
1.386000,5.49790337e-02,4.74790337e-02,3.165269,-5.91132070e-02,2.72557132e-03
1.387000,5.49199397e-02,4.74199397e-02,3.161329,-5.90940172e-02,2.68503020e-03
1.388000,5.48608580e-02,4.73608580e-02,3.157391,-5.90817151e-02,2.65900518e-03
1.389000,5.48017707e-02,4.73017707e-02,3.153451,-5.90873296e-02,2.61221637e-03
1.390000,5.47426609e-02,4.72426609e-02,3.149511,-5.91097652e-02,2.70321486e-03
1.391000,5.46835294e-02,4.71835294e-02,3.145569,-5.91314748e-02,2.65170403e-03
1.392000,5.46243970e-02,4.71243970e-02,3.141626,-5.91324083e-02,2.68177750e-03
1.393000,5.45652521e-02,4.70652521e-02,3.137683,-5.91449406e-02,2.61131578e-03
1.394000,5.45060920e-02,4.70060920e-02,3.133739,-5.91600566e-02,2.69028256e-03
1.395000,5.44469077e-02,4.69469077e-02,3.129794,-5.91843490e-02,2.62492535e-03
1.396000,5.43877134e-02,4.68877134e-02,3.125848,-5.91942651e-02,2.72891312e-03
1.397000,5.43285062e-02,4.68285062e-02,3.121900,-5.92072565e-02,2.67778660e-03
1.398000,5.42693110e-02,4.67693110e-02,3.117954,-5.91951379e-02,2.76107482e-03
1.399000,5.42101259e-02,4.67101259e-02,3.114008,-5.91850814e-02,2.75483016e-03
1.400000,5.41509772e-02,4.66509772e-02,3.110065,-5.91487761e-02,2.73250794e-03
1.401000,5.40918587e-02,4.65918587e-02,3.106124,-5.91184691e-02,2.67958453e-03
1.402000,5.40327538e-02,4.65327538e-02,3.102184,-5.91048520e-02,2.67609126e-03
1.403000,5.39736446e-02,4.64736446e-02,3.098243,-5.91092334e-02,2.72358985e-03
1.404000,5.39145382e-02,4.64145382e-02,3.094303,-5.91063625e-02,2.72557296e-03
1.405000,5.38554507e-02,4.63554507e-02,3.090363,-5.90875417e-02,2.69527096e-03
1.406000,5.37963773e-02,4.62963773e-02,3.086425,-5.90734281e-02,2.66817010e-03
1.407000,5.37373032e-02,4.62373032e-02,3.082487,-5.90740587e-02,2.58849139e-03
1.408000,5.36782055e-02,4.61782055e-02,3.078547,-5.90976798e-02,2.61815791e-03
1.409000,5.36190633e-02,4.61190633e-02,3.074604,-5.91422225e-02,2.71128891e-03
1.410000,5.35599028e-02,4.60599028e-02,3.070660,-5.91605530e-02,2.72908199e-03
1.411000,5.35007576e-02,4.60007576e-02,3.066717,-5.91451515e-02,2.65257005e-03
1.412000,5.34416202e-02,4.59416202e-02,3.062775,-5.91374367e-02,2.54108768e-03
1.413000,5.33824456e-02,4.58824456e-02,3.058830,-5.91745639e-02,2.69484415e-03
1.414000,5.33232245e-02,4.58232245e-02,3.054882,-5.92211136e-02,2.66668018e-03
1.415000,5.32640023e-02,4.57640023e-02,3.050933,-5.92221478e-02,2.71777122e-03
1.416000,5.32047789e-02,4.57047789e-02,3.046985,-5.92233966e-02,2.69487828e-03
1.417000,5.31455670e-02,4.56455670e-02,3.043038,-5.92119146e-02,2.72230314e-03
1.418000,5.30863639e-02,4.55863639e-02,3.039091,-5.92031013e-02,2.68079984e-03
1.419000,5.30271713e-02,4.55271713e-02,3.035145,-5.91926207e-02,2.76023670e-03
1.420000,5.29679896e-02,4.54679896e-02,3.031199,-5.91817228e-02,2.69161581e-03
1.421000,5.29088327e-02,4.54088327e-02,3.027256,-5.91568715e-02,2.70379402e-03
1.422000,5.28496803e-02,4.53496803e-02,3.023312,-5.91524028e-02,2.73062423e-03
1.423000,5.27905411e-02,4.52905411e-02,3.019369,-5.91391899e-02,2.71157274e-03
1.424000,5.27314206e-02,4.52314206e-02,3.015428,-5.91205347e-02,2.69895736e-03
1.425000,5.26723102e-02,4.51723102e-02,3.011487,-5.91103671e-02,2.65635536e-03
1.426000,5.26131983e-02,4.51131983e-02,3.007547,-5.91118763e-02,2.63303171e-03
1.427000,5.25540668e-02,4.50540668e-02,3.003604,-5.91315011e-02,2.70602253e-03
1.428000,5.24949210e-02,4.49949210e-02,2.999661,-5.91458782e-02,2.64122589e-03
1.429000,5.24357732e-02,4.49357732e-02,2.995718,-5.91477426e-02,2.68482140e-03
1.430000,5.23766100e-02,4.48766100e-02,2.991774,-5.91631777e-02,2.64979052e-03
1.431000,5.23174396e-02,4.48174396e-02,2.987829,-5.91704903e-02,2.63413843e-03
1.432000,5.22582475e-02,4.47582475e-02,2.983883,-5.91920754e-02,2.69394710e-03
1.433000,5.21990393e-02,4.46990393e-02,2.979936,-5.92082244e-02,2.72373776e-03
1.434000,5.21398398e-02,4.46398398e-02,2.975989,-5.91994632e-02,2.67833506e-03
1.435000,5.20806508e-02,4.45806508e-02,2.972043,-5.91889473e-02,2.69182721e-03
1.436000,5.20214599e-02,4.45214599e-02,2.968097,-5.91909564e-02,2.74281513e-03
1.437000,5.19622804e-02,4.44622804e-02,2.964152,-5.91795178e-02,2.67456863e-03
1.438000,5.19031170e-02,4.44031170e-02,2.960208,-5.91634026e-02,2.76181705e-03
1.439000,5.18439627e-02,4.43439627e-02,2.956264,-5.91542717e-02,2.71621463e-03
1.440000,5.17848381e-02,4.42848381e-02,2.952323,-5.91245514e-02,2.71197915e-03
1.441000,5.17257276e-02,4.42257276e-02,2.948382,-5.91105566e-02,2.68840145e-03
1.442000,5.16666255e-02,4.41666255e-02,2.944442,-5.91021222e-02,2.67559548e-03
1.443000,5.16075218e-02,4.41075218e-02,2.940501,-5.91036957e-02,2.67914378e-03
1.444000,5.15484129e-02,4.40484129e-02,2.936561,-5.91088474e-02,2.66295773e-03
1.445000,5.14892972e-02,4.39892972e-02,2.932620,-5.91156961e-02,2.61641206e-03
1.446000,5.14301611e-02,4.39301611e-02,2.928677,-5.91360916e-02,2.69240078e-03
1.447000,5.13710028e-02,4.38710028e-02,2.924734,-5.91583357e-02,2.62437269e-03
1.448000,5.13118351e-02,4.38118351e-02,2.920789,-5.91676540e-02,2.68740083e-03
1.449000,5.12526470e-02,4.37526470e-02,2.916843,-5.91881678e-02,2.66519434e-03
1.450000,5.11934551e-02,4.36934551e-02,2.912897,-5.91919093e-02,2.65488071e-03
1.451000,5.11342503e-02,4.36342503e-02,2.908950,-5.92047675e-02,2.64313424e-03
1.452000,5.10750272e-02,4.35750272e-02,2.905002,-5.92230901e-02,2.71353399e-03
1.453000,5.10157944e-02,4.35157944e-02,2.901053,-5.92328211e-02,2.66771224e-03
1.454000,5.09565669e-02,4.34565669e-02,2.897104,-5.92275347e-02,2.73312119e-03
1.455000,5.08973411e-02,4.33973411e-02,2.893156,-5.92257301e-02,2.72185595e-03
1.456000,5.08381367e-02,4.33381367e-02,2.889209,-5.92044364e-02,2.67699178e-03
1.457000,5.07789419e-02,4.32789419e-02,2.885263,-5.91947760e-02,2.74497741e-03
1.458000,5.07197541e-02,4.32197541e-02,2.881317,-5.91878272e-02,2.71993331e-03
1.459000,5.06605911e-02,4.31605911e-02,2.877373,-5.91629796e-02,2.75943641e-03
1.460000,5.06014517e-02,4.31014517e-02,2.873430,-5.91393713e-02,2.69502155e-03
1.461000,5.05423376e-02,4.30423376e-02,2.869489,-5.91141806e-02,2.70953417e-03
1.462000,5.04832300e-02,4.29832300e-02,2.865549,-5.91075782e-02,2.66973513e-03
1.463000,5.04241267e-02,4.29241267e-02,2.861608,-5.91032478e-02,2.66596396e-03
1.464000,5.03650141e-02,4.28650141e-02,2.857668,-5.91126548e-02,2.62521301e-03
1.465000,5.03058836e-02,4.28058836e-02,2.853726,-5.91305067e-02,2.70635200e-03
1.466000,5.02467362e-02,4.27467362e-02,2.849782,-5.91473933e-02,2.66579638e-03
1.467000,5.01875914e-02,4.26875914e-02,2.845839,-5.91448044e-02,2.66395696e-03
1.468000,5.01284355e-02,4.26284355e-02,2.841896,-5.91558599e-02,2.60210138e-03
1.469000,5.00692571e-02,4.25692571e-02,2.837950,-5.91784580e-02,2.69491479e-03
1.470000,5.00100521e-02,4.25100521e-02,2.834003,-5.92049573e-02,2.62967985e-03
1.471000,4.99508396e-02,4.24508396e-02,2.830056,-5.92125114e-02,2.73038471e-03
1.472000,4.98916159e-02,4.23916159e-02,2.826108,-5.92236811e-02,2.67734223e-03
1.473000,4.98324047e-02,4.23324047e-02,2.822160,-5.92111578e-02,2.76775299e-03
1.474000,4.97732047e-02,4.22732047e-02,2.818214,-5.92000663e-02,2.72148949e-03
1.475000,4.97140372e-02,4.22140372e-02,2.814269,-5.91674637e-02,2.74261952e-03
1.476000,4.96548909e-02,4.21548909e-02,2.810326,-5.91463181e-02,2.71472656e-03
1.477000,4.95957677e-02,4.20957677e-02,2.806385,-5.91231657e-02,2.69627013e-03
1.478000,4.95366553e-02,4.20366553e-02,2.802444,-5.91124376e-02,2.70700992e-03
1.479000,4.94775494e-02,4.19775494e-02,2.798503,-5.91058716e-02,2.70754397e-03
1.480000,4.94184537e-02,4.19184537e-02,2.794564,-5.90956841e-02,2.69377672e-03
1.481000,4.93593660e-02,4.18593660e-02,2.790624,-5.90877558e-02,2.67700628e-03
1.482000,4.93002787e-02,4.18002787e-02,2.786685,-5.90873145e-02,2.62395835e-03
1.483000,4.92411769e-02,4.17411769e-02,2.782745,-5.91017618e-02,2.60950123e-03
1.484000,4.91820407e-02,4.16820407e-02,2.778803,-5.91361874e-02,2.69212110e-03
1.485000,4.91228800e-02,4.16228800e-02,2.774859,-5.91607505e-02,2.72119835e-03
1.486000,4.90637269e-02,4.15637269e-02,2.770915,-5.91530381e-02,2.68103051e-03
1.487000,4.90045840e-02,4.15045840e-02,2.766972,-5.91428795e-02,2.56514742e-03
1.488000,4.89454176e-02,4.14454176e-02,2.763028,-5.91664052e-02,2.67958681e-03
1.489000,4.88862099e-02,4.13862099e-02,2.759081,-5.92077514e-02,2.64934064e-03
1.490000,4.88269930e-02,4.13269930e-02,2.755133,-5.92168626e-02,2.71427249e-03
1.491000,4.87677686e-02,4.12677686e-02,2.751185,-5.92244247e-02,2.69684553e-03
1.492000,4.87085549e-02,4.12085549e-02,2.747237,-5.92137439e-02,2.73087400e-03
1.493000,4.86493521e-02,4.11493521e-02,2.743290,-5.92027688e-02,2.68360683e-03
1.494000,4.85901631e-02,4.10901631e-02,2.739344,-5.91889770e-02,2.75049875e-03
1.495000,4.85309842e-02,4.10309842e-02,2.735399,-5.91788793e-02,2.71987241e-03
1.496000,4.84718320e-02,4.09718320e-02,2.731455,-5.91522293e-02,2.73197625e-03
1.497000,4.84126985e-02,4.09126985e-02,2.727513,-5.91334969e-02,2.71597679e-03
1.498000,4.83535849e-02,4.08535849e-02,2.723572,-5.91136189e-02,2.71457970e-03
1.499000,4.82944856e-02,4.07944856e-02,2.719632,-5.90992423e-02,2.68428652e-03
1.500000,4.82353950e-02,4.07353950e-02,2.715693,-5.90906815e-02,2.66394949e-03
1.501000,4.81762993e-02,4.06762993e-02,2.711753,-5.90956659e-02,2.64862613e-03
1.502000,4.81171893e-02,4.06171893e-02,2.707813,-5.91100390e-02,2.68219695e-03
1.503000,4.80580658e-02,4.05580658e-02,2.703871,-5.91235080e-02,2.63367682e-03
1.504000,4.79989312e-02,4.04989312e-02,2.699929,-5.91345320e-02,2.68065585e-03
1.505000,4.79397780e-02,4.04397780e-02,2.695985,-5.91531830e-02,2.69131553e-03
1.506000,4.78806235e-02,4.03806235e-02,2.692042,-5.91545204e-02,2.60453784e-03
1.507000,4.78214558e-02,4.03214558e-02,2.688097,-5.91677026e-02,2.68767724e-03
1.508000,4.77622611e-02,4.02622611e-02,2.684151,-5.91946816e-02,2.63242822e-03
1.509000,4.77030570e-02,4.02030570e-02,2.680204,-5.92041266e-02,2.70636914e-03
1.510000,4.76438384e-02,4.01438384e-02,2.676256,-5.92186406e-02,2.78119841e-03
1.511000,4.75846427e-02,4.00846427e-02,2.672310,-5.91956385e-02,2.75321643e-03
1.512000,4.75254897e-02,4.00254897e-02,2.668366,-5.91530097e-02,2.64616756e-03
1.513000,4.74663512e-02,3.99663512e-02,2.664423,-5.91385010e-02,2.75723670e-03
1.514000,4.74072117e-02,3.99072117e-02,2.660481,-5.91395074e-02,2.72482221e-03
1.515000,4.73481019e-02,3.98481019e-02,2.656540,-5.91097692e-02,2.71561301e-03
1.516000,4.72890096e-02,3.97890096e-02,2.652601,-5.90923050e-02,2.68667721e-03
1.517000,4.72299267e-02,3.97299267e-02,2.648662,-5.90829821e-02,2.71062905e-03
1.518000,4.71708477e-02,3.96708477e-02,2.644723,-5.90789266e-02,2.67157357e-03
1.519000,4.71117738e-02,3.96117738e-02,2.640785,-5.90739114e-02,2.66018197e-03
1.520000,4.70526901e-02,3.95526901e-02,2.636846,-5.90837372e-02,2.63381921e-03
1.521000,4.69935881e-02,3.94935881e-02,2.632906,-5.91019660e-02,2.70716152e-03
1.522000,4.69344722e-02,3.94344722e-02,2.628965,-5.91158831e-02,2.60036567e-03
1.523000,4.68753476e-02,3.93753476e-02,2.625023,-5.91245990e-02,2.66650997e-03
1.524000,4.68161909e-02,3.93161909e-02,2.621079,-5.91566915e-02,2.69057983e-03
1.525000,4.67570281e-02,3.92570281e-02,2.617135,-5.91628047e-02,2.64846171e-03
1.526000,4.66978597e-02,3.91978597e-02,2.613191,-5.91684611e-02,2.67700060e-03
1.527000,4.66386768e-02,3.91386768e-02,2.609245,-5.91829029e-02,2.68217038e-03
1.528000,4.65794897e-02,3.90794897e-02,2.605299,-5.91870579e-02,2.65951949e-03
1.529000,4.65202962e-02,3.90202962e-02,2.601353,-5.91935207e-02,2.74061462e-03
1.530000,4.64611031e-02,3.89611031e-02,2.597407,-5.91930815e-02,2.72417626e-03
1.531000,4.64019342e-02,3.89019342e-02,2.593462,-5.91689165e-02,2.65105644e-03
1.532000,4.63427711e-02,3.88427711e-02,2.589518,-5.91630805e-02,2.77708537e-03
1.533000,4.62836121e-02,3.87836121e-02,2.585574,-5.91589713e-02,2.72499900e-03
1.534000,4.62244895e-02,3.87244895e-02,2.581633,-5.91226832e-02,2.71160158e-03
1.535000,4.61653836e-02,3.86653836e-02,2.577692,-5.91058702e-02,2.69577761e-03
1.536000,4.61062873e-02,3.86062873e-02,2.573752,-5.90962555e-02,2.73780268e-03
1.537000,4.60472029e-02,3.85472029e-02,2.569814,-5.90844059e-02,2.67968654e-03
1.538000,4.59881339e-02,3.84881339e-02,2.565876,-5.90690319e-02,2.66049254e-03
1.539000,4.59290578e-02,3.84290578e-02,2.561937,-5.90761383e-02,2.63792397e-03
1.540000,4.58699642e-02,3.83699642e-02,2.557998,-5.90935392e-02,2.72511727e-03
1.541000,4.58108613e-02,3.83108613e-02,2.554057,-5.91029329e-02,2.61603482e-03
1.542000,4.57517583e-02,3.82517583e-02,2.550117,-5.91029811e-02,2.66088269e-03
1.543000,4.56926274e-02,3.81926274e-02,2.546175,-5.91309226e-02,2.67513335e-03
1.544000,4.56334858e-02,3.81334858e-02,2.542232,-5.91416154e-02,2.64772072e-03
1.545000,4.55743333e-02,3.80743333e-02,2.538289,-5.91524757e-02,2.62001804e-03
1.546000,4.55151561e-02,3.80151561e-02,2.534344,-5.91772376e-02,2.72135399e-03
1.547000,4.54559629e-02,3.79559629e-02,2.530398,-5.91931774e-02,2.69889553e-03
1.548000,4.53967831e-02,3.78967831e-02,2.526452,-5.91798085e-02,2.77793462e-03
1.549000,4.53376232e-02,3.78376232e-02,2.522508,-5.91598380e-02,2.72756166e-03
1.550000,4.52785004e-02,3.77785004e-02,2.518567,-5.91228178e-02,2.63138925e-03
1.551000,4.52193811e-02,3.77193811e-02,2.514625,-5.91193479e-02,2.73903273e-03
1.552000,4.51602526e-02,3.76602526e-02,2.510684,-5.91284269e-02,2.74812005e-03
1.553000,4.51011521e-02,3.76011521e-02,2.506743,-5.91005472e-02,2.72322488e-03
1.554000,4.50420780e-02,3.75420780e-02,2.502805,-5.90740855e-02,2.67968241e-03
1.555000,4.49830145e-02,3.74830145e-02,2.498868,-5.90634997e-02,2.70190180e-03
1.556000,4.49239512e-02,3.74239512e-02,2.494930,-5.90632847e-02,2.66673144e-03
1.557000,4.48648892e-02,3.73648892e-02,2.490993,-5.90619920e-02,2.66137243e-03
1.558000,4.48058160e-02,3.73058160e-02,2.487054,-5.90731975e-02,2.63223192e-03
1.559000,4.47467247e-02,3.72467247e-02,2.483115,-5.90913161e-02,2.68673712e-03
1.560000,4.46876153e-02,3.71876153e-02,2.479174,-5.91093662e-02,2.63029716e-03
1.561000,4.46284959e-02,3.71284959e-02,2.475233,-5.91194968e-02,2.67413424e-03
1.562000,4.45693554e-02,3.70693554e-02,2.471290,-5.91404111e-02,2.67185221e-03
1.563000,4.45102081e-02,3.70102081e-02,2.467347,-5.91473321e-02,2.68683245e-03
1.564000,4.44510558e-02,3.69510558e-02,2.463404,-5.91523535e-02,2.62063976e-03
1.565000,4.43918916e-02,3.68918916e-02,2.459459,-5.91641606e-02,2.69453438e-03
1.566000,4.43327070e-02,3.68327070e-02,2.455514,-5.91846389e-02,2.65714401e-03
1.567000,4.42735195e-02,3.67735195e-02,2.451568,-5.91874612e-02,2.76034395e-03
1.568000,4.42143352e-02,3.67143352e-02,2.447622,-5.91843133e-02,2.72488865e-03
1.569000,4.41551816e-02,3.66551816e-02,2.443679,-5.91535428e-02,2.69683145e-03
1.570000,4.40960423e-02,3.65960423e-02,2.439736,-5.91393781e-02,2.68932350e-03
1.571000,4.40369065e-02,3.65369065e-02,2.435794,-5.91357554e-02,2.71335128e-03
1.572000,4.39777762e-02,3.64777762e-02,2.431852,-5.91303494e-02,2.74941425e-03
1.573000,4.39186655e-02,3.64186655e-02,2.427911,-5.91106750e-02,2.74380402e-03
1.574000,4.38595853e-02,3.63595853e-02,2.423972,-5.90801490e-02,2.71138470e-03
1.575000,4.38005281e-02,3.63005281e-02,2.420035,-5.90571986e-02,2.67407566e-03
1.576000,4.37414766e-02,3.62414766e-02,2.416098,-5.90514928e-02,2.62848216e-03
1.577000,4.36824105e-02,3.61824105e-02,2.412161,-5.90661026e-02,2.65611312e-03
1.578000,4.36233197e-02,3.61233197e-02,2.408221,-5.90907997e-02,2.69826199e-03
1.579000,4.35642208e-02,3.60642208e-02,2.404281,-5.90989689e-02,2.63647752e-03
1.580000,4.35051165e-02,3.60051165e-02,2.400341,-5.91042216e-02,2.67302219e-03
1.581000,4.34459932e-02,3.59459932e-02,2.396400,-5.91233028e-02,2.62448166e-03
1.582000,4.33868543e-02,3.58868543e-02,2.392457,-5.91389660e-02,2.69704598e-03
1.583000,4.33276965e-02,3.58276965e-02,2.388513,-5.91577384e-02,2.62182230e-03
1.584000,4.32685306e-02,3.57685306e-02,2.384569,-5.91659821e-02,2.72500595e-03
1.585000,4.32093499e-02,3.57093499e-02,2.380623,-5.91806835e-02,2.67732300e-03
1.586000,4.31501799e-02,3.56501799e-02,2.376679,-5.91699301e-02,2.76399867e-03
1.587000,4.30910204e-02,3.55910204e-02,2.372735,-5.91595088e-02,2.75813190e-03
1.588000,4.30318988e-02,3.55318988e-02,2.368793,-5.91216594e-02,2.75101667e-03
1.589000,4.29728118e-02,3.54728118e-02,2.364854,-5.90869950e-02,2.66460617e-03
1.590000,4.29137418e-02,3.54137418e-02,2.360916,-5.90699480e-02,2.70971028e-03
1.591000,4.28546685e-02,3.53546685e-02,2.356978,-5.90733035e-02,2.71042628e-03
1.592000,4.27956068e-02,3.52956068e-02,2.353040,-5.90617194e-02,2.71498825e-03
1.593000,4.27365577e-02,3.52365577e-02,2.349104,-5.90490934e-02,2.67570757e-03
1.594000,4.26775158e-02,3.51775158e-02,2.345168,-5.90419156e-02,2.69079858e-03
1.595000,4.26184708e-02,3.51184708e-02,2.341231,-5.90449695e-02,2.62596325e-03
1.596000,4.25594163e-02,3.50594163e-02,2.337294,-5.90545326e-02,2.62411306e-03
1.597000,4.25003306e-02,3.50003306e-02,2.333355,-5.90857159e-02,2.66852297e-03
1.598000,4.24412209e-02,3.49412209e-02,2.329415,-5.91096533e-02,2.71749614e-03
1.599000,4.23821106e-02,3.48821106e-02,2.325474,-5.91103456e-02,2.66562220e-03
1.600000,4.23230065e-02,3.48230065e-02,2.321534,-5.91041276e-02,2.61104879e-03
1.601000,4.22638819e-02,3.47638819e-02,2.317592,-5.91245965e-02,2.68350080e-03
1.602000,4.22047317e-02,3.47047317e-02,2.313649,-5.91501758e-02,2.63903475e-03
1.603000,4.21455719e-02,3.46455719e-02,2.309705,-5.91598242e-02,2.68323764e-03
1.604000,4.20863956e-02,3.45863956e-02,2.305760,-5.91762590e-02,2.69974288e-03
1.605000,4.20272203e-02,3.45272203e-02,2.301815,-5.91752582e-02,2.74429782e-03
1.606000,4.19680594e-02,3.44680594e-02,2.297871,-5.91609577e-02,2.68900114e-03
1.607000,4.19089176e-02,3.44089176e-02,2.293928,-5.91418034e-02,2.75552238e-03
1.608000,4.18497885e-02,3.43497885e-02,2.289986,-5.91290458e-02,2.68567061e-03
1.609000,4.17906817e-02,3.42906817e-02,2.286045,-5.91067941e-02,2.70354231e-03
1.610000,4.17315774e-02,3.42315774e-02,2.282105,-5.91043224e-02,2.73417058e-03
1.611000,4.16724869e-02,3.41724869e-02,2.278166,-5.90905650e-02,2.71471018e-03
1.612000,4.16134167e-02,3.41134167e-02,2.274228,-5.90701903e-02,2.70046496e-03
1.613000,4.15543579e-02,3.40543579e-02,2.270291,-5.90587257e-02,2.67604817e-03
1.614000,4.14953017e-02,3.39953017e-02,2.266353,-5.90562573e-02,2.62529609e-03
1.615000,4.14362309e-02,3.39362309e-02,2.262415,-5.90707827e-02,2.69134565e-03
1.616000,4.13771406e-02,3.38771406e-02,2.258476,-5.90902957e-02,2.65308066e-03
1.617000,4.13180457e-02,3.38180457e-02,2.254536,-5.90948838e-02,2.68878970e-03
1.618000,4.12589400e-02,3.37589400e-02,2.250596,-5.91057240e-02,2.63911506e-03
1.619000,4.11998264e-02,3.36998264e-02,2.246655,-5.91136211e-02,2.62701126e-03
1.620000,4.11406864e-02,3.36406864e-02,2.242712,-5.91399726e-02,2.69973161e-03
1.621000,4.10815290e-02,3.35815290e-02,2.238769,-5.91574393e-02,2.73152792e-03
1.622000,4.10223836e-02,3.35223836e-02,2.234826,-5.91454008e-02,2.68228010e-03
1.623000,4.09632519e-02,3.34632519e-02,2.230883,-5.91316288e-02,2.69236414e-03
1.624000,4.09041197e-02,3.34041197e-02,2.226941,-5.91322473e-02,2.74275833e-03
1.625000,4.08449990e-02,3.33449990e-02,2.223000,-5.91206424e-02,2.67629716e-03
1.626000,4.07858948e-02,3.32858948e-02,2.219060,-5.91042403e-02,2.76463214e-03
1.627000,4.07268008e-02,3.32268008e-02,2.215120,-5.90940439e-02,2.71854752e-03
1.628000,4.06677378e-02,3.31677378e-02,2.211183,-5.90629865e-02,2.69614165e-03
1.629000,4.06086867e-02,3.31086867e-02,2.207246,-5.90510262e-02,2.69487166e-03
1.630000,4.05496401e-02,3.30496401e-02,2.203309,-5.90466489e-02,2.72488984e-03
1.631000,4.04906027e-02,3.29906027e-02,2.199374,-5.90373804e-02,2.67549303e-03
1.632000,4.04315757e-02,3.29315757e-02,2.195438,-5.90269887e-02,2.62804670e-03
1.633000,4.03725345e-02,3.28725345e-02,2.191502,-5.90412099e-02,2.61226133e-03
1.634000,4.03134607e-02,3.28134607e-02,2.187564,-5.90738048e-02,2.71648830e-03
1.635000,4.02543676e-02,3.27543676e-02,2.183625,-5.90931524e-02,2.63387088e-03
1.636000,4.01952747e-02,3.26952747e-02,2.179685,-5.90928803e-02,2.68515728e-03
1.637000,4.01361640e-02,3.26361640e-02,2.175744,-5.91106716e-02,2.64796696e-03
1.638000,4.00770458e-02,3.25770458e-02,2.171803,-5.91181963e-02,2.67463301e-03
1.639000,4.00179126e-02,3.25179126e-02,2.167861,-5.91332193e-02,2.64664354e-03
1.640000,3.99587682e-02,3.24587682e-02,2.163918,-5.91444344e-02,2.71064690e-03
1.641000,3.98996146e-02,3.23996146e-02,2.159974,-5.91535234e-02,2.66486305e-03
1.642000,3.98404649e-02,3.23404649e-02,2.156031,-5.91496891e-02,2.71733587e-03
1.643000,3.97813133e-02,3.22813133e-02,2.152088,-5.91516116e-02,2.72844127e-03
1.644000,3.97221790e-02,3.22221790e-02,2.148145,-5.91343374e-02,2.68763053e-03
1.645000,3.96630584e-02,3.21630584e-02,2.144204,-5.91206330e-02,2.72390756e-03
1.646000,3.96039444e-02,3.21039444e-02,2.140263,-5.91139162e-02,2.69868685e-03
1.647000,3.95448447e-02,3.20448447e-02,2.136323,-5.90997456e-02,2.78250770e-03
1.648000,3.94857657e-02,3.19857657e-02,2.132384,-5.90790349e-02,2.71747911e-03
1.649000,3.94267234e-02,3.19267234e-02,2.128448,-5.90422959e-02,2.71653309e-03
1.650000,3.93676963e-02,3.18676963e-02,2.124513,-5.90270805e-02,2.66534084e-03
1.651000,3.93086751e-02,3.18086751e-02,2.120578,-5.90212286e-02,2.64298144e-03
1.652000,3.92496389e-02,3.17496389e-02,2.116643,-5.90361430e-02,2.62925162e-03
1.653000,3.91905781e-02,3.16905781e-02,2.112705,-5.90608285e-02,2.72308373e-03
1.654000,3.91315047e-02,3.16315047e-02,2.108767,-5.90734299e-02,2.67995158e-03
1.655000,3.90724418e-02,3.15724418e-02,2.104829,-5.90628429e-02,2.66518457e-03
1.656000,3.90133728e-02,3.15133728e-02,2.100892,-5.90690325e-02,2.58723496e-03
1.657000,3.89542789e-02,3.14542789e-02,2.096952,-5.90938564e-02,2.70016612e-03
1.658000,3.88951546e-02,3.13951546e-02,2.093010,-5.91243094e-02,2.63781679e-03
1.659000,3.88360259e-02,3.13360259e-02,2.089068,-5.91287000e-02,2.73580003e-03
1.660000,3.87768897e-02,3.12768897e-02,2.085126,-5.91362397e-02,2.66881390e-03
1.661000,3.87177662e-02,3.12177662e-02,2.081184,-5.91234461e-02,2.76959062e-03
1.662000,3.86586514e-02,3.11586514e-02,2.077243,-5.91148305e-02,2.74577686e-03
1.663000,3.85995741e-02,3.10995741e-02,2.073305,-5.90773294e-02,2.74045175e-03
1.664000,3.85405255e-02,3.10405255e-02,2.069368,-5.90485909e-02,2.69015143e-03
1.665000,3.84814950e-02,3.09814950e-02,2.065433,-5.90304962e-02,2.68244773e-03
1.666000,3.84224647e-02,3.09224647e-02,2.061498,-5.90302833e-02,2.72572823e-03
1.667000,3.83634398e-02,3.08634398e-02,2.057563,-5.90249467e-02,2.72632362e-03
1.668000,3.83044345e-02,3.08044345e-02,2.053629,-5.90052908e-02,2.69903241e-03
1.669000,3.82454442e-02,3.07454442e-02,2.049696,-5.89902655e-02,2.64168059e-03
1.670000,3.81864499e-02,3.06864499e-02,2.045763,-5.89943451e-02,2.60169392e-03
1.671000,3.81274255e-02,3.06274255e-02,2.041828,-5.90243311e-02,2.63853309e-03
1.672000,3.80683646e-02,3.05683646e-02,2.037891,-5.90609348e-02,2.72293579e-03
1.673000,3.80092941e-02,3.05092941e-02,2.033953,-5.90705142e-02,2.70413966e-03
1.674000,3.79502384e-02,3.04502384e-02,2.030016,-5.90556984e-02,2.63996199e-03
1.675000,3.78911800e-02,3.03911800e-02,2.026079,-5.90584046e-02,2.58574562e-03
1.676000,3.78320882e-02,3.03320882e-02,2.022139,-5.90917753e-02,2.71077299e-03
1.677000,3.77729674e-02,3.02729674e-02,2.018198,-5.91208418e-02,2.66365165e-03
1.678000,3.77138502e-02,3.02138502e-02,2.014257,-5.91171803e-02,2.71219203e-03
1.679000,3.76547298e-02,3.01547298e-02,2.010315,-5.91204103e-02,2.70886984e-03
1.680000,3.75956215e-02,3.00956215e-02,2.006375,-5.91082864e-02,2.72877137e-03
1.681000,3.75365277e-02,3.00365277e-02,2.002435,-5.90937342e-02,2.68249954e-03
1.682000,3.74774469e-02,2.99774469e-02,1.998496,-5.90808287e-02,2.75907365e-03
1.683000,3.74183773e-02,2.99183773e-02,1.994558,-5.90695783e-02,2.69138225e-03
1.684000,3.73593322e-02,2.98593322e-02,1.990622,-5.90451503e-02,2.74254648e-03
1.685000,3.73002983e-02,2.98002983e-02,1.986687,-5.90339053e-02,2.72980885e-03
1.686000,3.72412902e-02,2.97412902e-02,1.982753,-5.90081098e-02,2.75241129e-03
1.687000,3.71823077e-02,2.96823077e-02,1.978821,-5.89825005e-02,2.67993787e-03
1.688000,3.71233454e-02,2.96233454e-02,1.974890,-5.89622843e-02,2.64993412e-03
1.689000,3.70643742e-02,2.95643742e-02,1.970958,-5.89711753e-02,2.62366716e-03
1.690000,3.70053796e-02,2.95053796e-02,1.967025,-5.89945650e-02,2.67556872e-03
1.691000,3.69463622e-02,2.94463622e-02,1.963091,-5.90174029e-02,2.65034098e-03
1.692000,3.68873346e-02,2.93873346e-02,1.959156,-5.90276569e-02,2.70594733e-03
1.693000,3.68282982e-02,2.93282982e-02,1.955220,-5.90363626e-02,2.67130940e-03
1.694000,3.67692653e-02,2.92692653e-02,1.951284,-5.90329317e-02,2.63170875e-03
1.695000,3.67102174e-02,2.92102174e-02,1.947348,-5.90478794e-02,2.69257708e-03
1.696000,3.66511523e-02,2.91511523e-02,1.943410,-5.90650686e-02,2.72516531e-03
1.697000,3.65920958e-02,2.90920958e-02,1.939473,-5.90565049e-02,2.69060273e-03
1.698000,3.65330525e-02,2.90330525e-02,1.935537,-5.90433508e-02,2.73211662e-03
1.699000,3.64740183e-02,2.89740183e-02,1.931601,-5.90342062e-02,2.73675741e-03
1.700000,3.64150077e-02,2.89150077e-02,1.927667,-5.90106072e-02,2.65919367e-03
1.701000,3.63560085e-02,2.88560085e-02,1.923734,-5.89992004e-02,2.76949385e-03
1.702000,3.62970147e-02,2.87970147e-02,1.919801,-5.89937613e-02,2.73048853e-03
1.703000,3.62380557e-02,2.87380557e-02,1.915870,-5.89589956e-02,2.71509388e-03
1.704000,3.61791160e-02,2.86791160e-02,1.911941,-5.89397622e-02,2.68632869e-03
1.705000,3.61201853e-02,2.86201853e-02,1.908012,-5.89306715e-02,2.71287109e-03
1.706000,3.60612589e-02,2.85612589e-02,1.904084,-5.89263339e-02,2.67528529e-03
1.707000,3.60023390e-02,2.85023390e-02,1.900156,-5.89199261e-02,2.66405632e-03
1.708000,3.59434112e-02,2.84434112e-02,1.896227,-5.89278477e-02,2.63698061e-03
1.709000,3.58844669e-02,2.83844669e-02,1.892298,-5.89442451e-02,2.68090061e-03
1.710000,3.58255052e-02,2.83255052e-02,1.888367,-5.89617679e-02,2.61254271e-03
1.711000,3.57665282e-02,2.82665282e-02,1.884435,-5.89769549e-02,2.68729666e-03
1.712000,3.57075268e-02,2.82075268e-02,1.880502,-5.90013724e-02,2.68449436e-03
1.713000,3.56485251e-02,2.81485251e-02,1.876568,-5.90017350e-02,2.65549637e-03
1.714000,3.55895170e-02,2.80895170e-02,1.872634,-5.90081460e-02,2.68657757e-03
1.715000,3.55304984e-02,2.80304984e-02,1.868700,-5.90185840e-02,2.68908328e-03
1.716000,3.54714800e-02,2.79714800e-02,1.864765,-5.90183713e-02,2.66347832e-03
1.717000,3.54124581e-02,2.79124581e-02,1.860831,-5.90218637e-02,2.74405382e-03
1.718000,3.53534386e-02,2.78534386e-02,1.856896,-5.90195162e-02,2.72827619e-03
1.719000,3.52944451e-02,2.77944451e-02,1.852963,-5.89934966e-02,2.68120278e-03
1.720000,3.52354641e-02,2.77354641e-02,1.849031,-5.89809831e-02,2.77607171e-03
1.721000,3.51764970e-02,2.76764970e-02,1.845100,-5.89671526e-02,2.71702776e-03
1.722000,3.51175644e-02,2.76175644e-02,1.841171,-5.89326071e-02,2.70992838e-03
1.723000,3.50586457e-02,2.75586457e-02,1.837243,-5.89187079e-02,2.70180775e-03
1.724000,3.49997371e-02,2.74997371e-02,1.833316,-5.89085763e-02,2.75446998e-03
1.725000,3.49408453e-02,2.74408453e-02,1.829390,-5.88917989e-02,2.67902429e-03
1.726000,3.48819742e-02,2.73819742e-02,1.825465,-5.88710682e-02,2.65683913e-03
1.727000,3.48230952e-02,2.73230952e-02,1.821540,-5.88790381e-02,2.63942774e-03
1.728000,3.47641978e-02,2.72641978e-02,1.817613,-5.88973730e-02,2.69113261e-03
1.729000,3.47052855e-02,2.72052855e-02,1.813686,-5.89122827e-02,2.66114869e-03
1.730000,3.46463700e-02,2.71463700e-02,1.809758,-5.89155140e-02,2.68243092e-03
1.731000,3.45874452e-02,2.70874452e-02,1.805830,-5.89248289e-02,2.64572339e-03
1.732000,3.45285115e-02,2.70285115e-02,1.801901,-5.89336458e-02,2.64140062e-03
1.733000,3.44695563e-02,2.69695563e-02,1.797970,-5.89552824e-02,2.63827046e-03
1.734000,3.44105774e-02,2.69105774e-02,1.794038,-5.89788922e-02,2.74104555e-03
1.735000,3.43515920e-02,2.68515920e-02,1.790106,-5.89853553e-02,2.70840492e-03
1.736000,3.42926282e-02,2.67926282e-02,1.786175,-5.89638378e-02,2.75860560e-03
1.737000,3.42336840e-02,2.67336840e-02,1.782246,-5.89441624e-02,2.73728406e-03
1.738000,3.41747722e-02,2.66747722e-02,1.778318,-5.89117709e-02,2.66138735e-03
1.739000,3.41158724e-02,2.66158724e-02,1.774391,-5.88998032e-02,2.76986359e-03
1.740000,3.40569789e-02,2.65569789e-02,1.770465,-5.88935782e-02,2.73597783e-03
1.741000,3.39981211e-02,2.64981211e-02,1.766541,-5.88577204e-02,2.72974602e-03
1.742000,3.39392871e-02,2.64392871e-02,1.762619,-5.88340932e-02,2.67908387e-03
1.743000,3.38804656e-02,2.63804656e-02,1.758698,-5.88214717e-02,2.70544745e-03
1.744000,3.38216448e-02,2.63216448e-02,1.754776,-5.88208262e-02,2.67243953e-03
1.745000,3.37628274e-02,2.62628274e-02,1.750855,-5.88173596e-02,2.66708133e-03
1.746000,3.37040017e-02,2.62040017e-02,1.746933,-5.88256809e-02,2.64212374e-03
1.747000,3.36451615e-02,2.61451615e-02,1.743011,-5.88401754e-02,2.69066825e-03
1.748000,3.35863073e-02,2.60863073e-02,1.739087,-5.88542817e-02,2.62157362e-03
1.749000,3.35274426e-02,2.60274426e-02,1.735163,-5.88646639e-02,2.68183275e-03
1.750000,3.34685555e-02,2.59685555e-02,1.731237,-5.88870817e-02,2.69610760e-03
1.751000,3.34096683e-02,2.59096683e-02,1.727311,-5.88871851e-02,2.67099293e-03
1.752000,3.33507813e-02,2.58507813e-02,1.723385,-5.88870417e-02,2.62923460e-03
1.753000,3.32918788e-02,2.57918788e-02,1.719459,-5.89025309e-02,2.70423789e-03
1.754000,3.32329603e-02,2.57329603e-02,1.715531,-5.89184706e-02,2.67864245e-03
1.755000,3.31740460e-02,2.56740460e-02,1.711603,-5.89143043e-02,2.76452902e-03
1.756000,3.31151426e-02,2.56151426e-02,1.707676,-5.89033559e-02,2.72335965e-03
1.757000,3.30562711e-02,2.55562711e-02,1.703751,-5.88714814e-02,2.66898204e-03
1.758000,3.29974084e-02,2.54974084e-02,1.699827,-5.88627437e-02,2.74987098e-03
1.759000,3.29385508e-02,2.54385508e-02,1.695903,-5.88575600e-02,2.72884726e-03
1.760000,3.28797213e-02,2.53797213e-02,1.691981,-5.88295290e-02,2.76883037e-03
1.761000,3.28209200e-02,2.53209200e-02,1.688061,-5.88013319e-02,2.69999814e-03
1.762000,3.27621478e-02,2.52621478e-02,1.684143,-5.87721761e-02,2.72242002e-03
1.763000,3.27033861e-02,2.52033861e-02,1.680226,-5.87616606e-02,2.67056000e-03
1.764000,3.26446332e-02,2.51446332e-02,1.676309,-5.87529524e-02,2.66659578e-03
1.765000,3.25858712e-02,2.50858712e-02,1.672391,-5.87619768e-02,2.65002966e-03
1.766000,3.25270960e-02,2.50270960e-02,1.668473,-5.87752327e-02,2.72543878e-03
1.767000,3.24683154e-02,2.49683154e-02,1.664554,-5.87805938e-02,2.64706462e-03
1.768000,3.24095403e-02,2.49095403e-02,1.660636,-5.87750491e-02,2.66290668e-03
1.769000,3.23507479e-02,2.48507479e-02,1.656717,-5.87924421e-02,2.66979449e-03
1.770000,3.22919445e-02,2.47919445e-02,1.652796,-5.88034143e-02,2.66695577e-03
1.771000,3.22331319e-02,2.47331319e-02,1.648875,-5.88126264e-02,2.61793216e-03
1.772000,3.21743004e-02,2.46743004e-02,1.644953,-5.88314401e-02,2.73502484e-03
1.773000,3.21154548e-02,2.46154548e-02,1.641030,-5.88456474e-02,2.68516797e-03
1.774000,3.20566245e-02,2.45566245e-02,1.637108,-5.88302163e-02,2.78983144e-03
1.775000,3.19978119e-02,2.44978119e-02,1.633187,-5.88126504e-02,2.74170680e-03
1.776000,3.19390427e-02,2.44390427e-02,1.629270,-5.87692217e-02,2.65687992e-03
1.777000,3.18802861e-02,2.43802861e-02,1.625352,-5.87565986e-02,2.73831182e-03
1.778000,3.18215286e-02,2.43215286e-02,1.621435,-5.87574335e-02,2.74406259e-03
1.779000,3.17627981e-02,2.42627981e-02,1.617520,-5.87305081e-02,2.72067601e-03
1.780000,3.17040923e-02,2.42040923e-02,1.613606,-5.87058296e-02,2.69307282e-03
1.781000,3.16453986e-02,2.41453986e-02,1.609693,-5.86937130e-02,2.67481249e-03
1.782000,3.15867047e-02,2.40867047e-02,1.605780,-5.86938909e-02,2.69090285e-03
1.783000,3.15280075e-02,2.40280075e-02,1.601867,-5.86972202e-02,2.68672205e-03
1.784000,3.14693115e-02,2.39693115e-02,1.597954,-5.86960046e-02,2.64476879e-03
1.785000,3.14106079e-02,2.39106079e-02,1.594041,-5.87035810e-02,2.68808332e-03
1.786000,3.13518906e-02,2.38518906e-02,1.590126,-5.87172758e-02,2.63495727e-03
1.787000,3.12931645e-02,2.37931645e-02,1.586211,-5.87261402e-02,2.68403846e-03
1.788000,3.12344207e-02,2.37344207e-02,1.582295,-5.87437726e-02,2.67264075e-03
1.789000,3.11756734e-02,2.36756734e-02,1.578378,-5.87473014e-02,2.70032205e-03
1.790000,3.11169237e-02,2.36169237e-02,1.574462,-5.87496784e-02,2.63480215e-03
1.791000,3.10581692e-02,2.35581692e-02,1.570545,-5.87545508e-02,2.70478254e-03
1.792000,3.09994006e-02,2.34994006e-02,1.566627,-5.87685657e-02,2.66437191e-03
1.793000,3.09406339e-02,2.34406339e-02,1.562709,-5.87667442e-02,2.76827291e-03
1.794000,3.08818740e-02,2.33818740e-02,1.558792,-5.87598204e-02,2.73369365e-03
1.795000,3.08231492e-02,2.33231492e-02,1.554877,-5.87248889e-02,2.70744227e-03
1.796000,3.07644432e-02,2.32644432e-02,1.550963,-5.87059560e-02,2.70033005e-03
1.797000,3.07057463e-02,2.32057463e-02,1.547050,-5.86969022e-02,2.72247688e-03
1.798000,3.06470600e-02,2.31470600e-02,1.543137,-5.86862678e-02,2.73755030e-03
1.799000,3.05883943e-02,2.30883943e-02,1.539226,-5.86656944e-02,2.75747755e-03
1.800000,3.05297577e-02,2.30297577e-02,1.535317,-5.86366467e-02,2.73260511e-03
1.801000,3.04711522e-02,2.29711522e-02,1.531410,-5.86054531e-02,2.67882140e-03
1.802000,3.04125603e-02,2.29125603e-02,1.527504,-5.85919390e-02,2.65501516e-03
1.803000,3.03539600e-02,2.28539600e-02,1.523597,-5.86002981e-02,2.64384770e-03
1.804000,3.02953415e-02,2.27953415e-02,1.519689,-5.86184504e-02,2.70997732e-03
1.805000,3.02367130e-02,2.27367130e-02,1.515781,-5.86285760e-02,2.65202388e-03
1.806000,3.01780857e-02,2.26780857e-02,1.511872,-5.86272320e-02,2.68622175e-03
1.807000,3.01194469e-02,2.26194469e-02,1.507963,-5.86388734e-02,2.63378118e-03
1.808000,3.00607983e-02,2.25607983e-02,1.504053,-5.86485571e-02,2.70325070e-03
1.809000,3.00021351e-02,2.25021351e-02,1.500142,-5.86631782e-02,2.63303206e-03
1.810000,2.99434677e-02,2.24434677e-02,1.496231,-5.86674019e-02,2.73866799e-03
1.811000,2.98847917e-02,2.23847917e-02,1.492319,-5.86760058e-02,2.69052941e-03
1.812000,2.98261333e-02,2.23261333e-02,1.488409,-5.86584302e-02,2.77622848e-03
1.813000,2.97674918e-02,2.22674918e-02,1.484499,-5.86415090e-02,2.74601879e-03
1.814000,2.97088900e-02,2.22088900e-02,1.480593,-5.86017852e-02,2.74068312e-03
1.815000,2.96503171e-02,2.21503171e-02,1.476688,-5.85729263e-02,2.70562642e-03
1.816000,2.95917651e-02,2.20917651e-02,1.472784,-5.85520191e-02,2.69948433e-03
1.817000,2.95332213e-02,2.20332213e-02,1.468881,-5.85437112e-02,2.71882712e-03
1.818000,2.94746873e-02,2.19746873e-02,1.464979,-5.85339999e-02,2.73704702e-03
1.819000,2.94161726e-02,2.19161726e-02,1.461078,-5.85147141e-02,2.71763785e-03
1.820000,2.93576798e-02,2.18576798e-02,1.457179,-5.84928770e-02,2.68838688e-03
1.821000,2.92991972e-02,2.17991972e-02,1.453280,-5.84825868e-02,2.63099485e-03
1.822000,2.92407051e-02,2.17407051e-02,1.449380,-5.84920522e-02,2.61235130e-03
1.823000,2.91821815e-02,2.16821815e-02,1.445479,-5.85236629e-02,2.70853301e-03
1.824000,2.91236371e-02,2.16236371e-02,1.441576,-5.85443878e-02,2.67086285e-03
1.825000,2.90650969e-02,2.15650969e-02,1.437673,-5.85401867e-02,2.69764840e-03
1.826000,2.90065533e-02,2.15065533e-02,1.433770,-5.85436203e-02,2.62553095e-03
1.827000,2.89480022e-02,2.14480022e-02,1.429867,-5.85510104e-02,2.71369264e-03
1.828000,2.88894358e-02,2.13894358e-02,1.425962,-5.85664944e-02,2.65694117e-03
1.829000,2.88308727e-02,2.13308727e-02,1.422058,-5.85630607e-02,2.71839562e-03
1.830000,2.87723053e-02,2.12723053e-02,1.418154,-5.85673975e-02,2.65929568e-03
1.831000,2.87137433e-02,2.12137433e-02,1.414250,-5.85620029e-02,2.73109003e-03
1.832000,2.86551800e-02,2.11551800e-02,1.410345,-5.85633216e-02,2.78745246e-03
1.833000,2.85966489e-02,2.10966489e-02,1.406443,-5.85310949e-02,2.77238222e-03
1.834000,2.85381659e-02,2.10381659e-02,1.402544,-5.84830229e-02,2.68828536e-03
1.835000,2.84797111e-02,2.09797111e-02,1.398647,-5.84547718e-02,2.66088541e-03
1.836000,2.84212521e-02,2.09212521e-02,1.394750,-5.84589848e-02,2.73382697e-03
1.837000,2.83627928e-02,2.08627928e-02,1.390853,-5.84592974e-02,2.78226377e-03
1.838000,2.83043657e-02,2.08043657e-02,1.386958,-5.84270894e-02,2.75451896e-03
1.839000,2.82459818e-02,2.07459818e-02,1.383065,-5.83838803e-02,2.69277290e-03
1.840000,2.81876211e-02,2.06876211e-02,1.379175,-5.83607022e-02,2.61087917e-03
1.841000,2.81292488e-02,2.06292488e-02,1.375283,-5.83722844e-02,2.64158357e-03
1.842000,2.80708435e-02,2.05708435e-02,1.371390,-5.84053321e-02,2.73477309e-03
1.843000,2.80124317e-02,2.05124317e-02,1.367495,-5.84118164e-02,2.67730714e-03
1.844000,2.79540338e-02,2.04540338e-02,1.363602,-5.83978580e-02,2.69393556e-03
1.845000,2.78956340e-02,2.03956340e-02,1.359709,-5.83998318e-02,2.60070881e-03
1.846000,2.78372212e-02,2.03372212e-02,1.355815,-5.84128307e-02,2.71648600e-03
1.847000,2.77787852e-02,2.02787852e-02,1.351919,-5.84359728e-02,2.65269875e-03
1.848000,2.77203528e-02,2.02203528e-02,1.348024,-5.84323719e-02,2.75031456e-03
1.849000,2.76619204e-02,2.01619204e-02,1.344128,-5.84324575e-02,2.69295746e-03
1.850000,2.76035097e-02,2.01035097e-02,1.340234,-5.84106276e-02,2.77715503e-03
1.851000,2.75451170e-02,2.00451170e-02,1.336341,-5.83927451e-02,2.77200482e-03
1.852000,2.74867689e-02,1.99867689e-02,1.332451,-5.83481217e-02,2.75277915e-03
1.853000,2.74284603e-02,1.99284603e-02,1.328564,-5.83085896e-02,2.70012734e-03
1.854000,2.73701756e-02,1.98701756e-02,1.324678,-5.82846823e-02,2.69442342e-03
1.855000,2.73118965e-02,1.98118965e-02,1.320793,-5.82790753e-02,2.73995057e-03
1.856000,2.72536292e-02,1.97536292e-02,1.316909,-5.82672906e-02,2.74096882e-03
1.857000,2.71953889e-02,1.96953889e-02,1.313026,-5.82403741e-02,2.71489572e-03
1.858000,2.71371711e-02,1.96371711e-02,1.309145,-5.82177339e-02,2.68751713e-03
1.859000,2.70789626e-02,1.95789626e-02,1.305264,-5.82084981e-02,2.61664994e-03
1.860000,2.70207418e-02,1.95207418e-02,1.301383,-5.82207859e-02,2.62029944e-03
1.861000,2.69624861e-02,1.94624861e-02,1.297499,-5.82557021e-02,2.73377087e-03
1.862000,2.69042168e-02,1.94042168e-02,1.293614,-5.82693537e-02,2.68072990e-03
1.863000,2.68459617e-02,1.93459617e-02,1.289731,-5.82551192e-02,2.69794556e-03
1.864000,2.67877064e-02,1.92877064e-02,1.285847,-5.82552598e-02,2.59259219e-03
1.865000,2.67294380e-02,1.92294380e-02,1.281963,-5.82683771e-02,2.72941990e-03
1.866000,2.66711461e-02,1.91711461e-02,1.278076,-5.82918976e-02,2.68142393e-03
1.867000,2.66128672e-02,1.91128672e-02,1.274191,-5.82789693e-02,2.73308755e-03
1.868000,2.65545945e-02,1.90545945e-02,1.270306,-5.82726675e-02,2.64344275e-03
1.869000,2.64963292e-02,1.89963292e-02,1.266422,-5.82652513e-02,2.75342874e-03
1.870000,2.64380614e-02,1.89380614e-02,1.262537,-5.82678259e-02,2.79889278e-03
1.871000,2.63798352e-02,1.88798352e-02,1.258656,-5.82262398e-02,2.77745248e-03
1.872000,2.63216617e-02,1.88216617e-02,1.254777,-5.81735140e-02,2.69197581e-03
1.873000,2.62635187e-02,1.87635187e-02,1.250901,-5.81429451e-02,2.66636456e-03
1.874000,2.62053737e-02,1.87053737e-02,1.247025,-5.81449771e-02,2.78194725e-03
1.875000,2.61472388e-02,1.86472388e-02,1.243149,-5.81349808e-02,2.77393278e-03
1.876000,2.60891503e-02,1.85891503e-02,1.239277,-5.80884426e-02,2.74447726e-03
1.877000,2.60311006e-02,1.85311006e-02,1.235407,-5.80497453e-02,2.67898042e-03
1.878000,2.59730683e-02,1.84730683e-02,1.231538,-5.80323041e-02,2.64209599e-03
1.879000,2.59150254e-02,1.84150254e-02,1.227668,-5.80428957e-02,2.63821193e-03
1.880000,2.58569591e-02,1.83569591e-02,1.223797,-5.80662874e-02,2.74645518e-03
1.881000,2.57988873e-02,1.82988873e-02,1.219926,-5.80718132e-02,2.69465066e-03
1.882000,2.57408363e-02,1.82408363e-02,1.216056,-5.80509513e-02,2.68916880e-03
1.883000,2.56827883e-02,1.81827883e-02,1.212186,-5.80480722e-02,2.61040963e-03
1.884000,2.56247273e-02,1.81247273e-02,1.208315,-5.80609210e-02,2.71986351e-03
1.885000,2.55666471e-02,1.80666471e-02,1.204443,-5.80802799e-02,2.66375185e-03
1.886000,2.55085734e-02,1.80085734e-02,1.200572,-5.80736152e-02,2.75857841e-03
1.887000,2.54505048e-02,1.79505048e-02,1.196700,-5.80686094e-02,2.67288837e-03
1.888000,2.53924572e-02,1.78924572e-02,1.192830,-5.80476145e-02,2.79289651e-03
1.889000,2.53344237e-02,1.78344237e-02,1.188962,-5.80335393e-02,2.79398301e-03
1.890000,2.52764438e-02,1.77764438e-02,1.185096,-5.79798596e-02,2.75153447e-03
1.891000,2.52185105e-02,1.77185105e-02,1.181234,-5.79333296e-02,2.72042610e-03
1.892000,2.51606042e-02,1.76606042e-02,1.177374,-5.79062415e-02,2.70584381e-03
1.893000,2.51027123e-02,1.76027123e-02,1.173514,-5.78919485e-02,2.75352018e-03
1.894000,2.50448383e-02,1.75448383e-02,1.169656,-5.78740136e-02,2.71901640e-03
1.895000,2.49869918e-02,1.74869918e-02,1.165799,-5.78465226e-02,2.73086353e-03
1.896000,2.49291635e-02,1.74291635e-02,1.161944,-5.78282682e-02,2.68614349e-03
1.897000,2.48713495e-02,1.73713495e-02,1.158090,-5.78140312e-02,2.65175136e-03
1.898000,2.48135289e-02,1.73135289e-02,1.154235,-5.78205628e-02,2.63883904e-03
1.899000,2.47556882e-02,1.72556882e-02,1.150379,-5.78406727e-02,2.73973625e-03
1.900000,2.46978410e-02,1.71978410e-02,1.146523,-5.78471807e-02,2.66970225e-03
1.901000,2.46400081e-02,1.71400081e-02,1.142667,-5.78329372e-02,2.70822807e-03
1.902000,2.45821732e-02,1.70821732e-02,1.138812,-5.78348811e-02,2.65703986e-03
1.903000,2.45243400e-02,1.70243400e-02,1.134956,-5.78332246e-02,2.70215058e-03
1.904000,2.44664996e-02,1.69664996e-02,1.131100,-5.78404018e-02,2.68053584e-03
1.905000,2.44086630e-02,1.69086630e-02,1.127244,-5.78365862e-02,2.74296117e-03
1.906000,2.43508342e-02,1.68508342e-02,1.123389,-5.78288300e-02,2.69139342e-03
1.907000,2.42930245e-02,1.67930245e-02,1.119535,-5.78096916e-02,2.75087211e-03
1.908000,2.42352275e-02,1.67352275e-02,1.115682,-5.77969707e-02,2.75422499e-03
1.909000,2.41774634e-02,1.66774634e-02,1.111831,-5.77641232e-02,2.71447726e-03
1.910000,2.41197262e-02,1.66197262e-02,1.107982,-5.77372034e-02,2.77869334e-03
1.911000,2.40620142e-02,1.65620142e-02,1.104134,-5.77119815e-02,2.75479860e-03
1.912000,2.40043443e-02,1.65043443e-02,1.100290,-5.76698956e-02,2.77222111e-03
1.913000,2.39467117e-02,1.64467117e-02,1.096447,-5.76325762e-02,2.72839933e-03
1.914000,2.38891145e-02,1.63891145e-02,1.092608,-5.75972843e-02,2.73755617e-03
1.915000,2.38315397e-02,1.63315397e-02,1.088769,-5.75747648e-02,2.70641112e-03
1.916000,2.37739849e-02,1.62739849e-02,1.084932,-5.75547458e-02,2.70045283e-03
1.917000,2.37164389e-02,1.62164389e-02,1.081096,-5.75460089e-02,2.65532020e-03
1.918000,2.36588917e-02,1.61588917e-02,1.077259,-5.75472100e-02,2.72380446e-03
1.919000,2.36013406e-02,1.61013406e-02,1.073423,-5.75511227e-02,2.67393999e-03
1.920000,2.35437992e-02,1.60437992e-02,1.069587,-5.75413621e-02,2.72059031e-03
1.921000,2.34862595e-02,1.59862595e-02,1.065751,-5.75397281e-02,2.68353318e-03
1.922000,2.34287302e-02,1.59287302e-02,1.061915,-5.75293266e-02,2.66570081e-03
1.923000,2.33711959e-02,1.58711959e-02,1.058080,-5.75342487e-02,2.72857058e-03
1.924000,2.33136620e-02,1.58136620e-02,1.054244,-5.75339094e-02,2.76510398e-03
1.925000,2.32561556e-02,1.57561556e-02,1.050410,-5.75064621e-02,2.72351695e-03
1.926000,2.31986812e-02,1.56986812e-02,1.046579,-5.74743710e-02,2.76422737e-03
1.927000,2.31412325e-02,1.56412325e-02,1.042749,-5.74487385e-02,2.76865135e-03
1.928000,2.30838235e-02,1.55838235e-02,1.038922,-5.74089538e-02,2.69231757e-03
1.929000,2.30264423e-02,1.55264423e-02,1.035096,-5.73812149e-02,2.79151991e-03
1.930000,2.29690813e-02,1.54690813e-02,1.031272,-5.73610023e-02,2.77134169e-03
1.931000,2.29117695e-02,1.54117695e-02,1.027451,-5.73117785e-02,2.75651952e-03
1.932000,2.28544977e-02,1.53544977e-02,1.023633,-5.72718027e-02,2.71956516e-03
1.933000,2.27972545e-02,1.52972545e-02,1.019817,-5.72432297e-02,2.74365259e-03
1.934000,2.27400319e-02,1.52400319e-02,1.016002,-5.72225334e-02,2.70937018e-03
1.935000,2.26828320e-02,1.51828320e-02,1.012189,-5.71999890e-02,2.68544963e-03
1.936000,2.26256390e-02,1.51256390e-02,1.008376,-5.71929334e-02,2.67598596e-03
1.937000,2.25684436e-02,1.50684436e-02,1.004563,-5.71954073e-02,2.66482773e-03
1.938000,2.25112406e-02,1.50112406e-02,1.000749,-5.72029624e-02,2.70002131e-03
1.939000,2.24540327e-02,1.49540327e-02,0.996936,-5.72079584e-02,2.74692170e-03
1.940000,2.23968396e-02,1.48968396e-02,0.993123,-5.71931025e-02,2.74133372e-03
1.941000,2.23396758e-02,1.48396758e-02,0.989312,-5.71638321e-02,2.62407587e-03
1.942000,2.22825186e-02,1.47825186e-02,0.985501,-5.71571325e-02,2.72829833e-03
1.943000,2.22253481e-02,1.47253481e-02,0.981690,-5.71705116e-02,2.68703011e-03
1.944000,2.21681912e-02,1.46681912e-02,0.977879,-5.71569602e-02,2.75605247e-03
1.945000,2.21110464e-02,1.46110464e-02,0.974070,-5.71447562e-02,2.69352620e-03
1.946000,2.20539255e-02,1.45539255e-02,0.970262,-5.71209412e-02,2.78935692e-03
1.947000,2.19968247e-02,1.44968247e-02,0.966455,-5.71007143e-02,2.80750545e-03
1.948000,2.19397789e-02,1.44397789e-02,0.962652,-5.70458057e-02,2.77345538e-03
1.949000,2.18827880e-02,1.43827880e-02,0.958853,-5.69909582e-02,2.76256063e-03
1.950000,2.18258388e-02,1.43258388e-02,0.955056,-5.69492199e-02,2.72434223e-03
1.951000,2.17689209e-02,1.42689209e-02,0.951261,-5.69178181e-02,2.78949562e-03
1.952000,2.17120335e-02,1.42120335e-02,0.947469,-5.68874462e-02,2.74430074e-03
1.953000,2.16551898e-02,1.41551898e-02,0.943679,-5.68436691e-02,2.76930817e-03
1.954000,2.15983795e-02,1.40983795e-02,0.939892,-5.68103124e-02,2.71565004e-03
1.955000,2.15416013e-02,1.40416013e-02,0.936107,-5.67782317e-02,2.70298996e-03
1.956000,2.14848353e-02,1.39848353e-02,0.932322,-5.67660120e-02,2.68047559e-03
1.957000,2.14280733e-02,1.39280733e-02,0.928538,-5.67619314e-02,2.73047273e-03
1.958000,2.13713169e-02,1.38713169e-02,0.924754,-5.67564035e-02,2.70417358e-03
1.959000,2.13145778e-02,1.38145778e-02,0.920972,-5.67391064e-02,2.72604896e-03
1.960000,2.12578512e-02,1.37578512e-02,0.917190,-5.67265780e-02,2.70147274e-03
1.961000,2.12011400e-02,1.37011400e-02,0.913409,-5.67112114e-02,2.67432208e-03
1.962000,2.11444313e-02,1.36444313e-02,0.909629,-5.67087173e-02,2.74064801e-03
1.963000,2.10877279e-02,1.35877279e-02,0.905849,-5.67034108e-02,2.78398256e-03
1.964000,2.10310592e-02,1.35310592e-02,0.902071,-5.66686587e-02,2.74272820e-03
1.965000,2.09744323e-02,1.34744323e-02,0.898295,-5.66269703e-02,2.79301140e-03
1.966000,2.09178423e-02,1.34178423e-02,0.894523,-5.65899384e-02,2.78439429e-03
1.967000,2.08613044e-02,1.33613044e-02,0.890754,-5.65379166e-02,2.70399317e-03
1.968000,2.08048015e-02,1.33048015e-02,0.886987,-5.65029428e-02,2.82629487e-03
1.969000,2.07483287e-02,1.32483287e-02,0.883222,-5.64727462e-02,2.76959276e-03
1.970000,2.06919163e-02,1.31919163e-02,0.879461,-5.64124111e-02,2.77340297e-03
1.971000,2.06355463e-02,1.31355463e-02,0.875703,-5.63700240e-02,2.74285826e-03
1.972000,2.05792145e-02,1.30792145e-02,0.871948,-5.63317871e-02,2.74687125e-03
1.973000,2.05229116e-02,1.30229116e-02,0.868194,-5.63028718e-02,2.74687910e-03
1.974000,2.04666390e-02,1.29666390e-02,0.864443,-5.62726373e-02,2.73541009e-03
1.975000,2.04103946e-02,1.29103946e-02,0.860693,-5.62444283e-02,2.68160842e-03
1.976000,2.03541651e-02,1.28541651e-02,0.856944,-5.62295001e-02,2.67774296e-03
1.977000,2.02979321e-02,1.27979321e-02,0.853195,-5.62329248e-02,2.75116400e-03
1.978000,2.02417075e-02,1.27417075e-02,0.849447,-5.62246353e-02,2.71282070e-03
1.979000,2.01855085e-02,1.26855085e-02,0.845701,-5.61990138e-02,2.73287928e-03
1.980000,2.01293261e-02,1.26293261e-02,0.841955,-5.61824376e-02,2.70190518e-03
1.981000,2.00731613e-02,1.25731613e-02,0.838211,-5.61647514e-02,2.72869316e-03
1.982000,2.00170088e-02,1.25170088e-02,0.834467,-5.61525003e-02,2.70994529e-03
1.983000,1.99608740e-02,1.24608740e-02,0.830725,-5.61347671e-02,2.76361927e-03
1.984000,1.99047603e-02,1.24047603e-02,0.826984,-5.61136992e-02,2.73342581e-03
1.985000,1.98486800e-02,1.23486800e-02,0.823245,-5.60803434e-02,2.81299008e-03
1.986000,1.97926372e-02,1.22926372e-02,0.819509,-5.60428336e-02,2.78652989e-03
1.987000,1.97366533e-02,1.22366533e-02,0.815777,-5.59838728e-02,2.71224979e-03
1.988000,1.96807066e-02,1.21807066e-02,0.812047,-5.59467375e-02,2.84986279e-03
1.989000,1.96247969e-02,1.21247969e-02,0.808320,-5.59096617e-02,2.78887019e-03
1.990000,1.95689587e-02,1.20689587e-02,0.804597,-5.58381775e-02,2.79036931e-03
1.991000,1.95131723e-02,1.20131723e-02,0.800878,-5.57864591e-02,2.76480924e-03
1.992000,1.94574335e-02,1.19574335e-02,0.797162,-5.57387684e-02,2.75296241e-03
1.993000,1.94017319e-02,1.19017319e-02,0.793449,-5.57015669e-02,2.76830034e-03
1.994000,1.93460664e-02,1.18460664e-02,0.789738,-5.56655438e-02,2.76588782e-03
1.995000,1.92904415e-02,1.17904415e-02,0.786029,-5.56249102e-02,2.70852105e-03
1.996000,1.92348463e-02,1.17348463e-02,0.782323,-5.55952135e-02,2.72291486e-03
1.997000,1.91792644e-02,1.16792644e-02,0.778618,-5.55818115e-02,2.75798301e-03
1.998000,1.91237070e-02,1.16237070e-02,0.774914,-5.55574810e-02,2.72890860e-03
1.999000,1.90681802e-02,1.15681802e-02,0.771212,-5.55267750e-02,2.73838751e-03
2.000000,1.90126762e-02,1.15126762e-02,0.767512,-5.55039413e-02,2.68860596e-03
2.001000,1.89571895e-02,1.14571895e-02,0.763813,-5.54867979e-02,2.77541516e-03
2.002000,1.89017188e-02,1.14017188e-02,0.760115,-5.54706522e-02,2.71025669e-03
2.003000,1.88462813e-02,1.13462813e-02,0.756419,-5.54375197e-02,2.81319317e-03
2.004000,1.87908737e-02,1.12908737e-02,0.752725,-5.54075830e-02,2.76893423e-03
2.005000,1.87355220e-02,1.12355220e-02,0.749035,-5.53516671e-02,2.83266743e-03
2.006000,1.86802230e-02,1.11802230e-02,0.745348,-5.52990160e-02,2.81734792e-03
2.007000,1.86249949e-02,1.11249949e-02,0.741666,-5.52281431e-02,2.72720877e-03
2.008000,1.85698166e-02,1.10698166e-02,0.737988,-5.51782414e-02,2.84118379e-03
2.009000,1.85146788e-02,1.10146788e-02,0.734312,-5.51377876e-02,2.82105985e-03
2.010000,1.84596154e-02,1.09596154e-02,0.730641,-5.50634613e-02,2.80755172e-03
2.011000,1.84046172e-02,1.09046172e-02,0.726974,-5.49981328e-02,2.76353016e-03
2.012000,1.83496722e-02,1.08496722e-02,0.723311,-5.49450253e-02,2.76960375e-03
2.013000,1.82947669e-02,1.07947669e-02,0.719651,-5.49053011e-02,2.76224623e-03
2.014000,1.82399020e-02,1.07399020e-02,0.715993,-5.48648834e-02,2.77189710e-03
2.015000,1.81850769e-02,1.06850769e-02,0.712338,-5.48251753e-02,2.72100626e-03
2.016000,1.81302856e-02,1.06302856e-02,0.708686,-5.47912972e-02,2.71532129e-03
2.017000,1.80755104e-02,1.05755104e-02,0.705034,-5.47751377e-02,2.77972773e-03
2.018000,1.80207610e-02,1.05207610e-02,0.701384,-5.47494557e-02,2.73032937e-03
2.019000,1.79660496e-02,1.04660496e-02,0.697737,-5.47113572e-02,2.76719382e-03
2.020000,1.79113666e-02,1.04113666e-02,0.694091,-5.46829629e-02,2.76471429e-03
2.021000,1.78567237e-02,1.03567237e-02,0.690448,-5.46429001e-02,2.76225723e-03
2.022000,1.78021197e-02,1.03021197e-02,0.686808,-5.46040862e-02,2.77036508e-03
2.023000,1.77475550e-02,1.02475550e-02,0.683170,-5.45646454e-02,2.77666885e-03
2.024000,1.76930336e-02,1.01930336e-02,0.679536,-5.45214271e-02,2.75138269e-03
2.025000,1.76385530e-02,1.01385530e-02,0.675904,-5.44806102e-02,2.80377577e-03
2.026000,1.75841141e-02,1.00841141e-02,0.672274,-5.44388324e-02,2.83505346e-03
2.027000,1.75297398e-02,1.00297398e-02,0.668649,-5.43743169e-02,2.78301970e-03
2.028000,1.74754311e-02,9.97543110e-03,0.665029,-5.43087309e-02,2.86014588e-03
2.029000,1.74211845e-02,9.92118450e-03,0.661412,-5.42465947e-02,2.79172757e-03
2.030000,1.73670133e-02,9.86701330e-03,0.657801,-5.41712281e-02,2.79462874e-03
2.031000,1.73128955e-02,9.81289550e-03,0.654193,-5.41178181e-02,2.81385467e-03
2.032000,1.72588354e-02,9.75883540e-03,0.650589,-5.40600554e-02,2.81115819e-03
2.033000,1.72048389e-02,9.70483890e-03,0.646989,-5.39964554e-02,2.85695604e-03
2.034000,1.71509133e-02,9.65091330e-03,0.643394,-5.39256422e-02,2.78071853e-03
2.035000,1.70970600e-02,9.59706000e-03,0.639804,-5.38532700e-02,2.75239047e-03
2.036000,1.70432491e-02,9.54324910e-03,0.636217,-5.38109449e-02,2.72306012e-03
2.037000,1.69894660e-02,9.48946600e-03,0.632631,-5.37831098e-02,2.79742257e-03
2.038000,1.69357142e-02,9.43571420e-03,0.629048,-5.37517571e-02,2.76646465e-03
2.039000,1.68820128e-02,9.38201280e-03,0.625468,-5.37014573e-02,2.81417469e-03
2.040000,1.68283599e-02,9.32835990e-03,0.621891,-5.36528875e-02,2.77773880e-03
2.041000,1.67747648e-02,9.27476480e-03,0.618318,-5.35950923e-02,2.69434112e-03
2.042000,1.67212008e-02,9.22120080e-03,0.614747,-5.35640111e-02,2.82015328e-03
2.043000,1.66676627e-02,9.16766270e-03,0.611178,-5.35380705e-02,2.75790195e-03
2.044000,1.66141809e-02,9.11418090e-03,0.607612,-5.34818198e-02,2.86463627e-03
2.045000,1.65607537e-02,9.06075370e-03,0.604050,-5.34271385e-02,2.79695994e-03
2.046000,1.65074044e-02,9.00740440e-03,0.600494,-5.33493719e-02,2.87735117e-03
2.047000,1.64541248e-02,8.95412480e-03,0.596942,-5.32796149e-02,2.86637795e-03
2.048000,1.64009394e-02,8.90093940e-03,0.593396,-5.31853968e-02,2.77468039e-03
2.049000,1.63478284e-02,8.84782840e-03,0.589855,-5.31109981e-02,2.89330424e-03
2.050000,1.62947826e-02,8.79478260e-03,0.586319,-5.30457369e-02,2.85479482e-03
2.051000,1.62418343e-02,8.74183430e-03,0.582789,-5.29483279e-02,2.85982287e-03
2.052000,1.61889716e-02,8.68897160e-03,0.579265,-5.28626768e-02,2.81449637e-03
2.053000,1.61361882e-02,8.63618820e-03,0.575746,-5.27833899e-02,2.81716244e-03
2.054000,1.60834697e-02,8.58346970e-03,0.572231,-5.27185174e-02,2.82521614e-03
2.055000,1.60308184e-02,8.53081840e-03,0.568721,-5.26513451e-02,2.79076089e-03
2.056000,1.59782308e-02,8.47823080e-03,0.565215,-5.25876209e-02,2.78350170e-03
2.057000,1.59256943e-02,8.42569430e-03,0.561713,-5.25364960e-02,2.73225290e-03
2.058000,1.58731974e-02,8.37319740e-03,0.558213,-5.24968179e-02,2.83075106e-03
2.059000,1.58207409e-02,8.32074090e-03,0.554716,-5.24565525e-02,2.79054377e-03
2.060000,1.57683498e-02,8.26834980e-03,0.551223,-5.23910489e-02,2.83764824e-03
2.061000,1.57160194e-02,8.21601940e-03,0.547735,-5.23304201e-02,2.80563908e-03
2.062000,1.56637594e-02,8.16375940e-03,0.544251,-5.22599820e-02,2.70816914e-03
2.063000,1.56115421e-02,8.11154210e-03,0.540769,-5.22172926e-02,2.86933841e-03
2.064000,1.55593640e-02,8.05936400e-03,0.537291,-5.21781128e-02,2.81876680e-03
2.065000,1.55072691e-02,8.00726910e-03,0.533818,-5.20949457e-02,2.86544372e-03
2.066000,1.54552490e-02,7.95524900e-03,0.530350,-5.20201327e-02,2.80437421e-03
2.067000,1.54033082e-02,7.90330820e-03,0.526887,-5.19407898e-02,2.85713918e-03
2.068000,1.53514360e-02,7.85143600e-03,0.523429,-5.18721722e-02,2.88176985e-03
2.069000,1.52996541e-02,7.79965410e-03,0.519977,-5.17818700e-02,2.82572694e-03
2.070000,1.52479607e-02,7.74796070e-03,0.516531,-5.16933894e-02,2.93165701e-03
2.071000,1.51963561e-02,7.69635610e-03,0.513090,-5.16045815e-02,2.85811206e-03
2.072000,1.51448622e-02,7.64486220e-03,0.509657,-5.14939903e-02,2.82214813e-03
2.073000,1.50934482e-02,7.59344820e-03,0.506230,-5.14139121e-02,2.87731427e-03
2.074000,1.50421124e-02,7.54211240e-03,0.502807,-5.13358895e-02,2.88000626e-03
2.075000,1.49908731e-02,7.49087310e-03,0.499392,-5.12392734e-02,2.93034926e-03
2.076000,1.49397402e-02,7.43974020e-03,0.495983,-5.11328707e-02,2.84249053e-03
2.077000,1.48887147e-02,7.38871470e-03,0.492581,-5.10254714e-02,2.80620695e-03
2.078000,1.48377614e-02,7.33776140e-03,0.489184,-5.09533425e-02,2.75922526e-03
2.079000,1.47868600e-02,7.28686000e-03,0.485791,-5.09014380e-02,2.82726416e-03
2.080000,1.47360070e-02,7.23600700e-03,0.482400,-5.08529309e-02,2.89691454e-03
2.081000,1.46852373e-02,7.18523730e-03,0.479016,-5.07697621e-02,2.82981912e-03
2.082000,1.46345617e-02,7.13456170e-03,0.475637,-5.06755840e-02,2.83749288e-03
2.083000,1.45839596e-02,7.08395960e-03,0.472264,-5.06020841e-02,2.78296944e-03
2.084000,1.45334239e-02,7.03342390e-03,0.468895,-5.05357059e-02,2.81493601e-03
2.085000,1.44829423e-02,6.98294230e-03,0.465529,-5.04815810e-02,2.91889380e-03
2.086000,1.44325437e-02,6.93254370e-03,0.462170,-5.03985741e-02,2.84486503e-03
2.087000,1.43822492e-02,6.88224920e-03,0.458817,-5.02945170e-02,2.91530111e-03
2.088000,1.43320469e-02,6.83204690e-03,0.455470,-5.02023163e-02,2.86512943e-03
2.089000,1.42819510e-02,6.78195100e-03,0.452130,-5.00958556e-02,2.94592283e-03
2.090000,1.42319595e-02,6.73195950e-03,0.448797,-4.99915846e-02,2.94608616e-03
2.091000,1.41820987e-02,6.68209870e-03,0.445473,-4.98607510e-02,2.85133177e-03
2.092000,1.41323521e-02,6.63235210e-03,0.442157,-4.97466200e-02,2.96601810e-03
2.093000,1.40827088e-02,6.58270880e-03,0.438847,-4.96433268e-02,2.91437375e-03
2.094000,1.40331973e-02,6.53319730e-03,0.435546,-4.95115015e-02,2.89983979e-03
2.095000,1.39837981e-02,6.48379810e-03,0.432253,-4.93992072e-02,2.88386829e-03
2.096000,1.39345035e-02,6.43450350e-03,0.428967,-4.92945105e-02,2.88358802e-03
2.097000,1.38853084e-02,6.38530840e-03,0.425687,-4.91951086e-02,2.93581619e-03
2.098000,1.38362219e-02,6.33622190e-03,0.422415,-4.90865628e-02,2.89115786e-03
2.099000,1.37872531e-02,6.28725310e-03,0.419150,-4.89687618e-02,2.87132788e-03
2.100000,1.37383840e-02,6.23838400e-03,0.415892,-4.88691340e-02,2.79795446e-03
2.101000,1.36895950e-02,6.18959500e-03,0.412640,-4.87889939e-02,2.80629529e-03
2.102000,1.36408635e-02,6.14086350e-03,0.409391,-4.87314758e-02,2.96232695e-03
2.103000,1.35922199e-02,6.09221990e-03,0.406148,-4.86436259e-02,2.88272423e-03
2.104000,1.35437013e-02,6.04370130e-03,0.402913,-4.85186098e-02,2.92302809e-03
2.105000,1.34952887e-02,5.99528870e-03,0.399686,-4.84126091e-02,2.86365501e-03
2.106000,1.34469848e-02,5.94698480e-03,0.396466,-4.83038715e-02,2.79545935e-03
2.107000,1.33987581e-02,5.89875810e-03,0.393251,-4.82266925e-02,2.97696059e-03
2.108000,1.33506183e-02,5.85061830e-03,0.390041,-4.81398135e-02,2.93413714e-03
2.109000,1.33026174e-02,5.80261740e-03,0.386841,-4.80008997e-02,2.94655565e-03
2.110000,1.32547435e-02,5.75474350e-03,0.383650,-4.78738537e-02,2.89677418e-03
2.111000,1.32069920e-02,5.70699200e-03,0.380466,-4.77515325e-02,2.87133140e-03
2.112000,1.31593419e-02,5.65934190e-03,0.377289,-4.76500596e-02,2.98853218e-03
2.113000,1.31118057e-02,5.61180570e-03,0.374120,-4.75362168e-02,2.97358237e-03
2.114000,1.30644192e-02,5.56441920e-03,0.370961,-4.73865272e-02,2.89774699e-03
2.115000,1.30171640e-02,5.51716400e-03,0.367811,-4.72551580e-02,3.03031091e-03
2.116000,1.29700388e-02,5.47003880e-03,0.364669,-4.71252519e-02,2.95769878e-03
2.117000,1.29230741e-02,5.42307410e-03,0.361538,-4.69646504e-02,2.92007355e-03
2.118000,1.28762396e-02,5.37623960e-03,0.358416,-4.68345494e-02,3.02044244e-03
2.119000,1.28295405e-02,5.32954050e-03,0.355303,-4.66990560e-02,2.96238608e-03
2.120000,1.27829997e-02,5.28299970e-03,0.352200,-4.65408665e-02,2.99464049e-03
2.121000,1.27366036e-02,5.23660360e-03,0.349107,-4.63960398e-02,2.94770104e-03
2.122000,1.26903547e-02,5.19035470e-03,0.346024,-4.62489210e-02,2.92466533e-03
2.123000,1.26442334e-02,5.14423340e-03,0.342949,-4.61212915e-02,2.87167063e-03
2.124000,1.25982228e-02,5.09822280e-03,0.339882,-4.60105987e-02,2.85007907e-03
2.125000,1.25523017e-02,5.05230170e-03,0.336820,-4.59211284e-02,2.99700586e-03
2.126000,1.25064889e-02,5.00648890e-03,0.333766,-4.58127667e-02,2.99011271e-03
2.127000,1.24608315e-02,4.96083150e-03,0.330722,-4.56573710e-02,2.99052021e-03
2.128000,1.24153274e-02,4.91532740e-03,0.327688,-4.55041671e-02,2.91623896e-03
2.129000,1.23699634e-02,4.86996340e-03,0.324664,-4.53639652e-02,2.85064525e-03
2.130000,1.23247037e-02,4.82470370e-03,0.321647,-4.52597579e-02,2.90497959e-03
2.131000,1.22795362e-02,4.77953620e-03,0.318636,-4.51674841e-02,3.06876691e-03
2.132000,1.22345078e-02,4.73450780e-03,0.315634,-4.50284021e-02,2.97477359e-03
2.133000,1.21896556e-02,4.68965560e-03,0.312644,-4.48521516e-02,3.05002084e-03
2.134000,1.21449622e-02,4.64496220e-03,0.309664,-4.46934632e-02,3.00140637e-03
2.135000,1.21004435e-02,4.60044350e-03,0.306696,-4.45186595e-02,2.95878351e-03
2.136000,1.20560761e-02,4.55607610e-03,0.303738,-4.43673589e-02,3.09962701e-03
2.137000,1.20118710e-02,4.51187100e-03,0.300791,-4.42051496e-02,3.06284233e-03
2.138000,1.19678678e-02,4.46786780e-03,0.297858,-4.40031902e-02,2.95602340e-03
2.139000,1.19240356e-02,4.42403560e-03,0.294936,-4.38322012e-02,3.08466205e-03
2.140000,1.18803621e-02,4.38036210e-03,0.292024,-4.36735448e-02,3.06906567e-03
2.141000,1.18368867e-02,4.33688670e-03,0.289126,-4.34753996e-02,3.04552017e-03
2.142000,1.17936001e-02,4.29360010e-03,0.286240,-4.32865402e-02,3.03436295e-03
2.143000,1.17504927e-02,4.25049270e-03,0.283366,-4.31073866e-02,2.98931451e-03
2.144000,1.17075529e-02,4.20755290e-03,0.280504,-4.29398635e-02,2.95537410e-03
2.145000,1.16647597e-02,4.16475970e-03,0.277651,-4.27931369e-02,3.02087393e-03
2.146000,1.16221138e-02,4.12211380e-03,0.274808,-4.26459739e-02,3.04043040e-03
2.147000,1.15796399e-02,4.07963990e-03,0.271976,-4.24738415e-02,3.01522475e-03
2.148000,1.15373402e-02,4.03734020e-03,0.269156,-4.22997438e-02,2.95397157e-03
2.149000,1.14951954e-02,3.99519540e-03,0.266346,-4.21447560e-02,2.91159350e-03
2.150000,1.14531780e-02,3.95317800e-03,0.263545,-4.20173787e-02,2.99698795e-03
2.151000,1.14112892e-02,3.91128920e-03,0.260753,-4.18888179e-02,3.11364620e-03
2.152000,1.13695776e-02,3.86957760e-03,0.257972,-4.17115826e-02,3.01771008e-03
2.153000,1.13280646e-02,3.82806460e-03,0.255204,-4.15130002e-02,3.06056891e-03
2.154000,1.12867263e-02,3.78672630e-03,0.252448,-4.13383456e-02,3.00028691e-03
2.155000,1.12455660e-02,3.74556600e-03,0.249704,-4.11602757e-02,2.95625159e-03
2.156000,1.12045562e-02,3.70455620e-03,0.246970,-4.10097904e-02,3.05718479e-03
2.157000,1.11637003e-02,3.66370030e-03,0.244247,-4.08559182e-02,3.16308215e-03
2.158000,1.11230501e-02,3.62305010e-03,0.241537,-4.06501711e-02,3.05669732e-03
2.159000,1.10826217e-02,3.58262170e-03,0.238841,-4.04284588e-02,3.06149971e-03
2.160000,1.10423808e-02,3.54238080e-03,0.236159,-4.02408356e-02,3.03988855e-03
2.161000,1.10023254e-02,3.50232540e-03,0.233488,-4.00554569e-02,2.99578889e-03
2.162000,1.09624404e-02,3.46244040e-03,0.230829,-3.98849741e-02,3.14105172e-03
2.163000,1.09227371e-02,3.42273710e-03,0.228182,-3.97032863e-02,3.15984216e-03
2.164000,1.08832666e-02,3.38326660e-03,0.225551,-3.94705690e-02,3.10439445e-03
2.165000,1.08440251e-02,3.34402510e-03,0.222935,-3.92414860e-02,3.01421930e-03
2.166000,1.08049785e-02,3.30497850e-03,0.220332,-3.90465594e-02,3.15886036e-03
2.167000,1.07661228e-02,3.26612280e-03,0.217742,-3.88556694e-02,3.14136476e-03
2.168000,1.07275025e-02,3.22750250e-03,0.215167,-3.86203711e-02,3.12310074e-03
2.169000,1.06891084e-02,3.18910840e-03,0.212607,-3.83940484e-02,3.15070323e-03
2.170000,1.06509396e-02,3.15093960e-03,0.210063,-3.81688426e-02,3.11348396e-03
2.171000,1.06129984e-02,3.11299840e-03,0.207533,-3.79411536e-02,3.04652208e-03
2.172000,1.05752609e-02,3.07526090e-03,0.205017,-3.77375295e-02,3.08558875e-03
2.173000,1.05377119e-02,3.03771190e-03,0.202514,-3.75489881e-02,3.18257845e-03
2.174000,1.05003814e-02,3.00038140e-03,0.200025,-3.73304650e-02,3.10492108e-03
2.175000,1.04632876e-02,2.96328760e-03,0.197553,-3.70938220e-02,3.05916683e-03
2.176000,1.04263968e-02,2.92639680e-03,0.195093,-3.68907739e-02,3.03236413e-03
2.177000,1.03896893e-02,2.88968930e-03,0.192646,-3.67074920e-02,2.99980051e-03
2.178000,1.03531506e-02,2.85315060e-03,0.190210,-3.65387710e-02,3.02594355e-03
2.179000,1.03167745e-02,2.81677450e-03,0.187785,-3.63761212e-02,3.20843234e-03
2.180000,1.02806018e-02,2.78060180e-03,0.185373,-3.61726146e-02,3.17108039e-03
2.181000,1.02446861e-02,2.74468610e-03,0.182979,-3.59157812e-02,3.16526435e-03
2.182000,1.02090138e-02,2.70901380e-03,0.180601,-3.56722433e-02,3.10073743e-03
2.183000,1.01735718e-02,2.67357180e-03,0.178238,-3.54420262e-02,3.04806506e-03
2.184000,1.01383295e-02,2.63832950e-03,0.175889,-3.52423154e-02,3.02124601e-03
2.185000,1.01032648e-02,2.60326480e-03,0.173551,-3.50646455e-02,3.09145608e-03
2.186000,1.00683815e-02,2.56838150e-03,0.171225,-3.48833676e-02,3.33338659e-03
2.187000,1.00337452e-02,2.53374520e-03,0.168916,-3.46362489e-02,3.25170959e-03
2.188000,9.99942109e-03,2.49942109e-03,0.166628,-3.43241203e-02,3.08602774e-03
2.189000,9.96535298e-03,2.46535298e-03,0.164357,-3.40681146e-02,3.22966794e-03
2.190000,9.93151186e-03,2.43151186e-03,0.162101,-3.38411202e-02,3.22710630e-03
2.191000,9.89794445e-03,2.39794445e-03,0.159863,-3.35674052e-02,3.17085580e-03
2.192000,9.86463998e-03,2.36463998e-03,0.157643,-3.33044787e-02,3.27913302e-03
2.193000,9.83159910e-03,2.33159910e-03,0.155440,-3.30408781e-02,3.32233298e-03
2.194000,9.79886502e-03,2.29886502e-03,0.153258,-3.27340782e-02,3.22001747e-03
2.195000,9.76643384e-03,2.26643384e-03,0.151096,-3.24311842e-02,3.12478189e-03
2.196000,9.73425510e-03,2.23425510e-03,0.148950,-3.21787334e-02,3.09927253e-03
2.197000,9.70229303e-03,2.20229303e-03,0.146820,-3.19620705e-02,3.32173105e-03
2.198000,9.67057859e-03,2.17057859e-03,0.144705,-3.17144460e-02,3.33293383e-03
2.199000,9.63918680e-03,2.13918680e-03,0.142612,-3.13917816e-02,3.21832421e-03
2.200000,9.60810110e-03,2.10810110e-03,0.140540,-3.10857055e-02,3.20786141e-03
2.201000,9.57728198e-03,2.07728198e-03,0.138485,-3.08191192e-02,3.22138159e-03
2.202000,9.54672840e-03,2.04672840e-03,0.136449,-3.05535781e-02,3.19705505e-03
2.203000,9.51644050e-03,2.01644050e-03,0.134429,-3.02878987e-02,3.14758271e-03
2.204000,9.48640155e-03,1.98640155e-03,0.132427,-3.00389570e-02,3.11803920e-03
2.205000,9.45659006e-03,1.95659006e-03,0.130439,-2.98114873e-02,3.22889427e-03
2.206000,9.42701594e-03,1.92701594e-03,0.128468,-2.95741167e-02,3.28918970e-03
2.207000,9.39772626e-03,1.89772626e-03,0.126515,-2.92896769e-02,3.20083712e-03
2.208000,9.36872520e-03,1.86872520e-03,0.124582,-2.90010595e-02,3.10302913e-03
2.209000,9.33996645e-03,1.83996645e-03,0.122664,-2.87587546e-02,3.16264787e-03
2.210000,9.31142842e-03,1.81142842e-03,0.120762,-2.85380284e-02,3.15913890e-03
2.211000,9.28313008e-03,1.78313008e-03,0.118875,-2.82983430e-02,3.12886691e-03
2.212000,9.25506492e-03,1.75506492e-03,0.117004,-2.80651633e-02,3.11252011e-03
2.213000,9.22722010e-03,1.72722010e-03,0.115148,-2.78448161e-02,3.18499083e-03
2.214000,9.19960308e-03,1.69960308e-03,0.113307,-2.76170219e-02,3.33912516e-03
2.215000,9.17226491e-03,1.67226491e-03,0.111484,-2.73381702e-02,3.26982793e-03
2.216000,9.14524395e-03,1.64524395e-03,0.109683,-2.70209529e-02,3.18202938e-03
2.217000,9.11850193e-03,1.61850193e-03,0.107900,-2.67420201e-02,3.25402158e-03
2.218000,9.09202274e-03,1.59202274e-03,0.106135,-2.64791906e-02,3.22879310e-03
2.219000,9.06582556e-03,1.56582556e-03,0.104388,-2.61971792e-02,3.17315540e-03
2.220000,9.03989227e-03,1.53989227e-03,0.102659,-2.59332921e-02,3.13250933e-03
2.221000,9.01419741e-03,1.51419741e-03,0.100946,-2.56948650e-02,3.14385163e-03
2.222000,8.98872963e-03,1.48872963e-03,0.099249,-2.54677810e-02,3.26635246e-03
2.223000,8.96351432e-03,1.46351432e-03,0.097568,-2.52153091e-02,3.32698476e-03
2.224000,8.93860243e-03,1.43860243e-03,0.095907,-2.49118839e-02,3.33593331e-03
2.225000,8.91401547e-03,1.41401547e-03,0.094268,-2.45869637e-02,3.23007540e-03
2.226000,8.88973765e-03,1.38973765e-03,0.092649,-2.42778245e-02,3.14517449e-03
2.227000,8.86571918e-03,1.36571918e-03,0.091048,-2.40184644e-02,3.23472644e-03
2.228000,8.84194803e-03,1.34194803e-03,0.089463,-2.37711507e-02,3.25754599e-03
2.229000,8.81845764e-03,1.31845764e-03,0.087897,-2.34903915e-02,3.20486472e-03
2.230000,8.79524618e-03,1.29524618e-03,0.086350,-2.32114540e-02,3.14953585e-03
2.231000,8.77228658e-03,1.27228658e-03,0.084819,-2.29596022e-02,3.12958739e-03
2.232000,8.74955713e-03,1.24955713e-03,0.083304,-2.27294489e-02,3.26341389e-03
2.233000,8.72707495e-03,1.22707495e-03,0.081805,-2.24821812e-02,3.29706484e-03
2.234000,8.70488994e-03,1.20488994e-03,0.080326,-2.21850121e-02,3.21992520e-03
2.235000,8.68299951e-03,1.18299951e-03,0.078867,-2.18904328e-02,3.12064795e-03
2.236000,8.66136076e-03,1.16136076e-03,0.077424,-2.16387434e-02,3.10943011e-03
2.237000,8.63993912e-03,1.13993912e-03,0.075996,-2.14216419e-02,3.10528364e-03
2.238000,8.61873016e-03,1.11873016e-03,0.074582,-2.12089578e-02,3.11692638e-03
2.239000,8.59773459e-03,1.09773459e-03,0.073182,-2.09955765e-02,3.24413155e-03
2.240000,8.57697871e-03,1.07697871e-03,0.071799,-2.07558767e-02,3.29803976e-03
2.241000,8.55651384e-03,1.05651384e-03,0.070434,-2.04648679e-02,3.27687072e-03
2.242000,8.53635394e-03,1.03635394e-03,0.069090,-2.01598982e-02,3.17537407e-03
2.243000,8.51647412e-03,1.01647412e-03,0.067765,-1.98798293e-02,3.14438279e-03
2.244000,8.49683554e-03,9.96835540e-04,0.066456,-1.96385740e-02,3.21673615e-03
2.245000,8.47744084e-03,9.77440840e-04,0.065163,-1.93947017e-02,3.22643912e-03
2.246000,8.45831549e-03,9.58315490e-04,0.063888,-1.91253516e-02,3.39818725e-03
2.247000,8.43949305e-03,9.39493050e-04,0.062633,-1.88224432e-02,3.40229291e-03
2.248000,8.42103064e-03,9.21030640e-04,0.061402,-1.84624041e-02,3.32490649e-03
2.249000,8.40291594e-03,9.02915940e-04,0.060194,-1.81147016e-02,3.26112681e-03
2.250000,8.38511225e-03,8.85112250e-04,0.059007,-1.78036927e-02,3.28599084e-03
2.251000,8.36760301e-03,8.67603010e-04,0.057840,-1.75092330e-02,3.36575760e-03
2.252000,8.35041051e-03,8.50410510e-04,0.056694,-1.71925018e-02,3.51030395e-03
2.253000,8.33358650e-03,8.33586500e-04,0.055572,-1.68240125e-02,3.47285246e-03
2.254000,8.31717182e-03,8.17171820e-04,0.054478,-1.64146749e-02,3.58301284e-03
2.255000,8.30117367e-03,8.01173670e-04,0.053412,-1.59981564e-02,3.57216577e-03
2.256000,8.28562629e-03,7.85626290e-04,0.052375,-1.55473777e-02,3.55357980e-03
2.257000,8.27052284e-03,7.70522840e-04,0.051368,-1.51034481e-02,3.54389300e-03
2.258000,8.25585551e-03,7.55855510e-04,0.050390,-1.46673353e-02,3.54873695e-03
2.259000,8.24162196e-03,7.41621960e-04,0.049441,-1.42335473e-02,3.68313865e-03
2.260000,8.22784756e-03,7.27847560e-04,0.048523,-1.37744010e-02,3.74655575e-03
2.261000,8.21458766e-03,7.14587660e-04,0.047639,-1.32599006e-02,3.73660708e-03
2.262000,8.20186133e-03,7.01861330e-04,0.046791,-1.27263323e-02,3.69980630e-03
2.263000,8.18965879e-03,6.89658790e-04,0.045977,-1.22025392e-02,3.68547059e-03
2.264000,8.17796542e-03,6.77965420e-04,0.045198,-1.16933671e-02,3.68387282e-03
2.265000,8.16677623e-03,6.66776230e-04,0.044452,-1.11891856e-02,3.68483530e-03
2.266000,8.15609088e-03,6.56090880e-04,0.043739,-1.06853586e-02,3.67658028e-03
2.267000,8.14590820e-03,6.45908200e-04,0.043061,-1.01826754e-02,3.71557192e-03
2.268000,8.13623239e-03,6.36232390e-04,0.042415,-9.67580793e-03,3.70533771e-03
2.269000,8.12707445e-03,6.27074450e-04,0.041805,-9.15794488e-03,3.79944592e-03
2.270000,8.11844765e-03,6.18447650e-04,0.041230,-8.62680091e-03,3.80549782e-03
2.271000,8.11038397e-03,6.10383970e-04,0.040692,-8.06368019e-03,3.75149902e-03
2.272000,8.10287585e-03,6.02875850e-04,0.040192,-7.50812101e-03,3.81059419e-03
2.273000,8.09591600e-03,5.95916000e-04,0.039728,-6.95984553e-03,3.80635886e-03
2.274000,8.08952309e-03,5.89523090e-04,0.039302,-6.39291128e-03,3.79736866e-03
2.275000,8.08369413e-03,5.83694130e-04,0.038913,-5.82895780e-03,3.75255048e-03
2.276000,8.07841825e-03,5.78418250e-04,0.038561,-5.27588242e-03,3.70463765e-03
2.277000,8.07367225e-03,5.73672250e-04,0.038245,-4.74599885e-03,3.66637047e-03
2.278000,8.06943363e-03,5.69433630e-04,0.037962,-4.23861770e-03,3.64056181e-03
2.279000,8.06568526e-03,5.65685260e-04,0.037712,-3.74836803e-03,3.64629881e-03
2.280000,8.06241968e-03,5.62419680e-04,0.037495,-3.26557980e-03,3.59396926e-03
2.281000,8.05962952e-03,5.59629520e-04,0.037309,-2.79016134e-03,3.52196751e-03
2.282000,8.05728486e-03,5.57284860e-04,0.037152,-2.34466139e-03,3.46346947e-03
2.283000,8.05535171e-03,5.55351710e-04,0.037023,-1.93315262e-03,3.42121025e-03
2.284000,8.05380338e-03,5.53803380e-04,0.036920,-1.54832855e-03,3.38543254e-03
2.285000,8.05261967e-03,5.52619670e-04,0.036841,-1.18370993e-03,3.34637572e-03
2.286000,8.05178192e-03,5.51781920e-04,0.036785,-8.37748009e-04,3.30144291e-03
2.287000,8.05126936e-03,5.51269360e-04,0.036751,-5.12558796e-04,3.25483221e-03
2.288000,8.05105899e-03,5.51058990e-04,0.036737,-2.10368773e-04,3.21125185e-03
2.289000,8.05112780e-03,5.51127800e-04,0.036742,6.88069003e-05,3.17162720e-03
2.290000,8.05145446e-03,5.51454460e-04,0.036764,3.26662956e-04,3.13402400e-03
2.291000,8.05201932e-03,5.52019320e-04,0.036801,5.64855976e-04,3.09646522e-03
2.292000,8.05280338e-03,5.52803380e-04,0.036854,7.84057692e-04,3.05883935e-03
2.293000,8.05378765e-03,5.53787650e-04,0.036919,9.84270831e-04,3.02226134e-03
2.294000,8.05495331e-03,5.54953310e-04,0.036997,1.16565866e-03,2.98764872e-03
2.295000,8.05628222e-03,5.56282220e-04,0.037085,1.32891287e-03,2.95496082e-03
2.296000,8.05775724e-03,5.57757240e-04,0.037184,1.47501928e-03,2.92106701e-03
2.297000,8.05936164e-03,5.59361640e-04,0.037291,1.60439676e-03,2.88949523e-03
2.298000,8.06107870e-03,5.61078700e-04,0.037405,1.71705988e-03,2.86386443e-03
2.299000,8.06289352e-03,5.62893520e-04,0.037526,1.81482184e-03,2.83792387e-03
2.300000,8.06479310e-03,5.64793100e-04,0.037653,1.89957897e-03,2.81119176e-03
2.301000,8.06676419e-03,5.66764190e-04,0.037784,1.97108955e-03,2.77284109e-03
2.302000,8.06879123e-03,5.68791230e-04,0.037919,2.02703902e-03,2.74013840e-03
2.303000,8.07085584e-03,5.70855840e-04,0.038057,2.06461045e-03,2.73285558e-03
2.304000,8.07294599e-03,5.72945990e-04,0.038196,2.09015394e-03,2.72881427e-03
2.305000,8.07505858e-03,5.75058580e-04,0.038337,2.11259098e-03,2.70965258e-03
2.306000,8.07718889e-03,5.77188890e-04,0.038479,2.13031227e-03,2.69104536e-03
2.307000,8.07932734e-03,5.79327340e-04,0.038622,2.13845009e-03,2.67298909e-03
2.308000,8.08146463e-03,5.81464630e-04,0.038764,2.13728397e-03,2.66003003e-03
2.309000,8.08359252e-03,5.83592520e-04,0.038906,2.12789624e-03,2.64943791e-03
2.310000,8.08570490e-03,5.85704900e-04,0.039047,2.11237946e-03,2.64009227e-03
2.311000,8.08779663e-03,5.87796630e-04,0.039186,2.09173140e-03,2.63004162e-03
2.312000,8.08986287e-03,5.89862870e-04,0.039324,2.06623675e-03,2.61983682e-03
2.313000,8.09189851e-03,5.91898510e-04,0.039460,2.03563671e-03,2.61741246e-03
2.314000,8.09389976e-03,5.93899760e-04,0.039593,2.00125653e-03,2.60605390e-03
2.315000,8.09586384e-03,5.95863840e-04,0.039724,1.96407153e-03,2.59815900e-03
2.316000,8.09778560e-03,5.97785600e-04,0.039852,1.92176008e-03,2.59214642e-03
2.317000,8.09966139e-03,5.99661390e-04,0.039977,1.87579257e-03,2.58781519e-03
2.318000,8.10148847e-03,6.01488470e-04,0.040099,1.82708451e-03,2.58425907e-03
2.319000,8.10326480e-03,6.03264800e-04,0.040218,1.77632515e-03,2.58094252e-03
2.320000,8.10498861e-03,6.04988610e-04,0.040333,1.72381141e-03,2.57797774e-03
2.321000,8.10665829e-03,6.06658290e-04,0.040444,1.66968417e-03,2.57570408e-03
2.322000,8.10827247e-03,6.08272470e-04,0.040551,1.61418119e-03,2.57272659e-03
2.323000,8.10982988e-03,6.09829880e-04,0.040655,1.55740497e-03,2.58020648e-03
2.324000,8.11133085e-03,6.11330850e-04,0.040755,1.50097363e-03,2.63310934e-03
2.325000,8.11278721e-03,6.12787210e-04,0.040852,1.45635408e-03,2.63194515e-03
2.326000,8.11421611e-03,6.14216110e-04,0.040948,1.42890274e-03,2.60727561e-03
2.327000,8.11561282e-03,6.15612820e-04,0.041041,1.39670653e-03,2.58957957e-03
2.328000,8.11696610e-03,6.16966100e-04,0.041131,1.35327914e-03,2.58977334e-03
2.329000,8.11827017e-03,6.18270170e-04,0.041218,1.30407436e-03,2.59968750e-03
2.330000,8.11952686e-03,6.19526860e-04,0.041302,1.25668643e-03,2.60625925e-03
2.331000,8.12074057e-03,6.20740570e-04,0.041383,1.21371660e-03,2.60586100e-03
2.332000,8.12191341e-03,6.21913410e-04,0.041461,1.17283460e-03,2.60376985e-03
2.333000,8.12304486e-03,6.23044860e-04,0.041536,1.13145201e-03,2.60236434e-03
2.334000,8.12413399e-03,6.24133990e-04,0.041609,1.08913411e-03,2.60276606e-03
2.335000,8.12518042e-03,6.25180420e-04,0.041679,1.04642566e-03,2.60419951e-03
2.336000,8.12618452e-03,6.26184520e-04,0.041746,1.00410263e-03,2.60550472e-03
2.337000,8.12714700e-03,6.27147000e-04,0.041810,9.62481184e-04,2.60759258e-03
2.338000,8.12806866e-03,6.28068660e-04,0.041871,9.21657597e-04,2.60827634e-03
2.339000,8.12895030e-03,6.28950300e-04,0.041930,8.81640610e-04,2.50452624e-03
2.340000,8.12977380e-03,6.29773800e-04,0.041985,8.23501136e-04,2.49771704e-03
2.341000,8.13050389e-03,6.30503890e-04,0.042034,7.30084447e-04,2.53807911e-03
2.342000,8.13114546e-03,6.31145460e-04,0.042076,6.41569094e-04,2.57129593e-03
2.343000,8.13171764e-03,6.31717640e-04,0.042115,5.72183274e-04,2.57494689e-03
2.344000,8.13223199e-03,6.32231990e-04,0.042149,5.14351985e-04,2.56151507e-03
2.345000,8.13268734e-03,6.32687340e-04,0.042179,4.55344459e-04,2.55350033e-03
2.346000,8.13307784e-03,6.33077840e-04,0.042205,3.90508405e-04,2.55963758e-03
2.347000,8.13340197e-03,6.33401970e-04,0.042227,3.24125496e-04,2.57277933e-03
2.348000,8.13366405e-03,6.33664050e-04,0.042244,2.62082122e-04,2.58258265e-03
2.349000,8.13387014e-03,6.33870140e-04,0.042258,2.06088302e-04,2.58585933e-03
2.350000,8.13402403e-03,6.34024030e-04,0.042268,1.53893484e-04,2.58645103e-03
2.351000,8.13412691e-03,6.34126910e-04,0.042275,1.02879411e-04,2.58897561e-03
2.352000,8.13417942e-03,6.34179420e-04,0.042279,5.25061047e-05,2.59442778e-03
2.353000,8.13418335e-03,6.34183350e-04,0.042279,3.92606609e-06,2.60075532e-03
2.354000,8.13414160e-03,6.34141600e-04,0.042276,-4.17444448e-05,2.60589092e-03
2.355000,8.13405717e-03,6.34057170e-04,0.042270,-8.44287237e-05,2.60957577e-03
2.356000,8.13393240e-03,6.33932400e-04,0.042262,-1.24774770e-04,2.61285520e-03
2.357000,8.13376907e-03,6.33769070e-04,0.042251,-1.63330728e-04,2.61662976e-03
2.358000,8.13356892e-03,6.33568920e-04,0.042238,-2.00142181e-04,2.62091849e-03
2.359000,8.13333397e-03,6.33333970e-04,0.042222,-2.34955599e-04,2.62519579e-03
2.360000,8.13306636e-03,6.33066360e-04,0.042204,-2.67604141e-04,2.62907195e-03
2.361000,8.13276820e-03,6.32768200e-04,0.042185,-2.98162500e-04,2.63257953e-03
2.362000,8.13244137e-03,6.32441370e-04,0.042163,-3.26827592e-04,2.63597259e-03
2.363000,8.13208763e-03,6.32087630e-04,0.042139,-3.53740718e-04,2.63941216e-03
2.364000,8.13170870e-03,6.31708700e-04,0.042114,-3.78931263e-04,2.64286091e-03
2.365000,8.13130632e-03,6.31306320e-04,0.042087,-4.02382327e-04,2.64619512e-03
2.366000,8.13088221e-03,6.30882210e-04,0.042059,-4.24111154e-04,2.64934782e-03
2.367000,8.13043802e-03,6.30438020e-04,0.042029,-4.44187456e-04,2.65234435e-03
2.368000,8.12997532e-03,6.29975320e-04,0.041998,-4.62698461e-04,2.65524251e-03
2.369000,8.12949561e-03,6.29495610e-04,0.041966,-4.79712853e-04,2.65806850e-03
2.370000,8.12900033e-03,6.29000330e-04,0.041933,-4.95275702e-04,2.66080676e-03
2.371000,8.12849091e-03,6.28490910e-04,0.041899,-5.09426223e-04,2.72656433e-03
2.372000,8.12797986e-03,6.27979860e-04,0.041865,-5.11048967e-04,2.72458597e-03
2.373000,8.12748843e-03,6.27488430e-04,0.041833,-4.91425792e-04,2.70303821e-03
2.374000,8.12701217e-03,6.27012170e-04,0.041801,-4.76262821e-04,2.69092979e-03
2.375000,8.12654185e-03,6.26541850e-04,0.041769,-4.70317695e-04,2.69808262e-03
2.376000,8.12607477e-03,6.26074770e-04,0.041738,-4.67084259e-04,2.71309023e-03
2.377000,8.12561592e-03,6.25615920e-04,0.041708,-4.58847797e-04,2.72176130e-03
2.378000,8.12517177e-03,6.25171770e-04,0.041678,-4.44149229e-04,2.72082585e-03
2.379000,8.12474500e-03,6.24745000e-04,0.041650,-4.26768376e-04,2.71639925e-03
2.380000,8.12433453e-03,6.24334530e-04,0.041622,-4.10477535e-04,2.71493352e-03
2.381000,8.12393863e-03,6.23938630e-04,0.041596,-3.95899652e-04,2.71744872e-03
2.382000,8.12355727e-03,6.23557270e-04,0.041570,-3.81358352e-04,2.72085570e-03
2.383000,8.12319188e-03,6.23191880e-04,0.041546,-3.65388535e-04,2.72235902e-03
2.384000,8.12284385e-03,6.22843850e-04,0.041523,-3.48033969e-04,2.72181564e-03
2.385000,8.12251356e-03,6.22513560e-04,0.041501,-3.30281782e-04,2.72080193e-03
2.386000,8.12220068e-03,6.22200680e-04,0.041480,-3.12887311e-04,2.72054063e-03
2.387000,8.12190480e-03,6.21904800e-04,0.041460,-2.95871966e-04,2.72097579e-03
2.388000,8.12162594e-03,6.21625940e-04,0.041442,-2.78865484e-04,2.72134766e-03
2.389000,8.12136429e-03,6.21364290e-04,0.041424,-2.61650328e-04,2.72115569e-03
2.390000,8.12111994e-03,6.21119940e-04,0.041408,-2.44346992e-04,2.72050422e-03
2.391000,8.12089272e-03,6.20892720e-04,0.041393,-2.27221906e-04,2.71977513e-03
2.392000,8.12068228e-03,6.20682280e-04,0.041379,-2.10439704e-04,2.71918750e-03
2.393000,8.12048828e-03,6.20488280e-04,0.041366,-1.94000862e-04,2.71867781e-03
2.394000,8.12031043e-03,6.20310430e-04,0.041354,-1.77845141e-04,2.71807716e-03
2.395000,8.12014847e-03,6.20148470e-04,0.041343,-1.61963027e-04,2.71730937e-03
2.396000,8.12000206e-03,6.20002060e-04,0.041333,-1.46413951e-04,2.71642719e-03
2.397000,8.11987078e-03,6.19870780e-04,0.041325,-1.31273032e-04,2.71551987e-03
2.398000,8.11975420e-03,6.19754200e-04,0.041317,-1.16582284e-04,2.71457439e-03
2.399000,8.11965185e-03,6.19651850e-04,0.041310,-1.02356710e-04,2.71357416e-03
2.400000,8.11956323e-03,6.19563230e-04,0.041304,-8.86185242e-05,2.71260273e-03
2.401000,8.11948785e-03,6.19487850e-04,0.041299,-7.53806159e-05,2.71156848e-03
2.402000,8.11942520e-03,6.19425200e-04,0.041295,-6.26446361e-05,2.71051984e-03
2.403000,8.11937477e-03,6.19374770e-04,0.041292,-5.04337606e-05,2.70951480e-03
2.404000,8.11933602e-03,6.19336020e-04,0.041289,-3.87450051e-05,2.70854871e-03
2.405000,8.11930847e-03,6.19308470e-04,0.041287,-2.75571624e-05,2.70757786e-03
2.406000,8.11929161e-03,6.19291610e-04,0.041286,-1.68582812e-05,2.70657587e-03
2.407000,8.11928495e-03,6.19284950e-04,0.041286,-6.65543169e-06,2.70555260e-03
2.408000,8.11928799e-03,6.19287990e-04,0.041286,3.03739538e-06,2.70453442e-03
2.409000,8.11930020e-03,6.19300200e-04,0.041287,1.22141115e-05,2.70353795e-03
2.410000,8.11932108e-03,6.19321080e-04,0.041288,2.08802286e-05,2.70256257e-03
2.411000,8.11935013e-03,6.19350130e-04,0.041290,2.90466052e-05,2.70160057e-03
2.412000,8.11938685e-03,6.19386850e-04,0.041292,3.67225320e-05,2.70064902e-03
2.413000,8.11943077e-03,6.19430770e-04,0.041295,4.39142527e-05,2.69971225e-03
2.414000,8.11948139e-03,6.19481390e-04,0.041299,5.06278137e-05,2.69879674e-03
2.415000,8.11953827e-03,6.19538270e-04,0.041303,5.68718280e-05,2.69790593e-03
2.416000,8.11960092e-03,6.19600920e-04,0.041307,6.26576423e-05,2.69730941e-03
2.417000,8.11966897e-03,6.19668970e-04,0.041311,6.80454147e-05,2.69651579e-03
2.418000,8.11974207e-03,6.19742070e-04,0.041316,7.30969403e-05,2.69561094e-03
2.419000,8.11981979e-03,6.19819790e-04,0.041321,7.77278151e-05,2.69470757e-03
2.420000,8.11990170e-03,6.19901700e-04,0.041327,8.19017721e-05,2.69418873e-03
2.421000,8.11998738e-03,6.19987380e-04,0.041332,8.56872982e-05,2.69349749e-03
2.422000,8.12007656e-03,6.20076560e-04,0.041338,8.91801934e-05,2.69270420e-03
2.423000,8.12016887e-03,6.20168870e-04,0.041345,9.23057900e-05,2.69190100e-03
2.424000,8.12026390e-03,6.20263900e-04,0.041351,9.50288222e-05,2.69117442e-03
2.425000,8.12036126e-03,6.20361260e-04,0.041357,9.73595839e-05,2.69053846e-03
2.426000,8.12046060e-03,6.20460600e-04,0.041364,9.93392627e-05,2.68995160e-03
2.427000,8.12056160e-03,6.20561600e-04,0.041371,1.01006303e-04,2.68937477e-03
2.428000,8.12066398e-03,6.20663980e-04,0.041378,1.02378604e-04,2.68880352e-03
2.429000,8.12076744e-03,6.20767440e-04,0.041384,1.03460444e-04,2.68825697e-03
2.430000,8.12087170e-03,6.20871700e-04,0.041391,1.04258026e-04,2.68775070e-03
2.431000,8.12097649e-03,6.20976490e-04,0.041398,1.04786586e-04,2.68728395e-03
2.432000,8.12108155e-03,6.21081550e-04,0.041405,1.05066342e-04,2.68684644e-03
2.433000,8.12118667e-03,6.21186670e-04,0.041412,1.05115440e-04,2.68643084e-03
2.434000,8.12129162e-03,6.21291620e-04,0.041419,1.04947358e-04,2.68603757e-03
2.435000,8.12139619e-03,6.21396190e-04,0.041426,1.04573240e-04,2.68567077e-03
2.436000,8.12150019e-03,6.21500190e-04,0.041433,1.04005102e-04,2.68533259e-03
2.437000,8.12160345e-03,6.21603450e-04,0.041440,1.03256700e-04,2.68502149e-03
2.438000,8.12170579e-03,6.21705790e-04,0.041447,1.02342219e-04,2.68473442e-03
2.439000,8.12180707e-03,6.21807070e-04,0.041454,1.01274802e-04,2.68446950e-03
2.440000,8.12190713e-03,6.21907130e-04,0.041460,1.00066259e-04,2.68422649e-03
2.441000,8.12200586e-03,6.22005860e-04,0.041467,9.87277387e-05,2.68400566e-03
2.442000,8.12210313e-03,6.22103130e-04,0.041474,9.72703597e-05,2.68380666e-03
2.443000,8.12219884e-03,6.22198840e-04,0.041480,9.57052668e-05,2.68362833e-03
2.444000,8.12229288e-03,6.22292880e-04,0.041486,9.40432810e-05,2.68346935e-03
2.445000,8.12238518e-03,6.22385180e-04,0.041492,9.22946159e-05,2.68332875e-03
2.446000,8.12247564e-03,6.22475640e-04,0.041498,9.04688783e-05,2.68320588e-03
2.447000,8.12256422e-03,6.22564220e-04,0.041504,8.85752378e-05,2.68310014e-03
2.448000,8.12265084e-03,6.22650840e-04,0.041510,8.66225460e-05,2.68301077e-03
2.449000,8.12273546e-03,6.22735460e-04,0.041516,8.46193225e-05,2.68293685e-03
2.450000,8.12281804e-03,6.22818040e-04,0.041521,8.25736747e-05,2.68287748e-03
2.451000,8.12289853e-03,6.22898530e-04,0.041527,8.04932521e-05,2.68283186e-03
2.452000,8.12297691e-03,6.22976910e-04,0.041532,7.83852651e-05,2.68279926e-03
2.453000,8.12305317e-03,6.23053170e-04,0.041537,7.62565297e-05,2.68277894e-03
2.454000,8.12312728e-03,6.23127280e-04,0.041542,7.41134948e-05,2.68277018e-03
2.455000,8.12319925e-03,6.23199250e-04,0.041547,7.19622392e-05,2.68277220e-03
2.456000,8.12326905e-03,6.23269050e-04,0.041551,6.98084621e-05,2.68278427e-03
2.457000,8.12333671e-03,6.23336710e-04,0.041556,6.76574829e-05,2.68280569e-03
2.458000,8.12340223e-03,6.23402230e-04,0.041560,6.55142565e-05,2.68283581e-03
2.459000,8.12346561e-03,6.23465610e-04,0.041564,6.33833911e-05,2.68287395e-03
2.460000,8.12352688e-03,6.23526880e-04,0.041568,6.12691612e-05,2.68291950e-03
2.461000,8.12358605e-03,6.23586050e-04,0.041572,5.91755145e-05,2.68297183e-03
2.462000,8.12364316e-03,6.23643160e-04,0.041576,5.71060790e-05,2.68303033e-03
2.463000,8.12369822e-03,6.23698220e-04,0.041580,5.50641725e-05,2.68309444e-03
2.464000,8.12375128e-03,6.23751280e-04,0.041583,5.30528157e-05,2.68316360e-03
2.465000,8.12380235e-03,6.23802350e-04,0.041587,5.10747446e-05,2.68323730e-03
2.466000,8.12385148e-03,6.23851480e-04,0.041590,4.91324227e-05,2.68331503e-03
2.467000,8.12389871e-03,6.23898710e-04,0.041593,4.72280507e-05,2.68339630e-03
2.468000,8.12394408e-03,6.23944080e-04,0.041596,4.53635776e-05,2.68348066e-03
2.469000,8.12398762e-03,6.23987620e-04,0.041599,4.35407121e-05,2.68356765e-03
2.470000,8.12402938e-03,6.24029380e-04,0.041602,4.17609337e-05,2.68365688e-03
2.471000,8.12406940e-03,6.24069400e-04,0.041605,4.00255047e-05,2.68374794e-03
2.472000,8.12410774e-03,6.24107740e-04,0.041607,3.83354811e-05,2.68384046e-03
2.473000,8.12414443e-03,6.24144430e-04,0.041610,3.66917233e-05,2.68393408e-03
2.474000,8.12417953e-03,6.24179530e-04,0.041612,3.50949068e-05,2.68402848e-03
2.475000,8.12421307e-03,6.24213070e-04,0.041614,3.35455328e-05,2.68412335e-03
2.476000,8.12424512e-03,6.24245120e-04,0.041616,3.20439385e-05,2.68421840e-03
2.477000,8.12427571e-03,6.24275710e-04,0.041618,3.05903077e-05,2.68431334e-03
2.478000,8.12430489e-03,6.24304890e-04,0.041620,2.91846804e-05,2.68440794e-03
2.479000,8.12433272e-03,6.24332720e-04,0.041622,2.78269623e-05,2.68450194e-03
2.480000,8.12435923e-03,6.24359230e-04,0.041624,2.65169348e-05,2.68459515e-03
2.481000,8.12438449e-03,6.24384490e-04,0.041626,2.52542632e-05,2.68468735e-03
2.482000,8.12440853e-03,6.24408530e-04,0.041627,2.40385066e-05,2.68477837e-03
2.483000,8.12443140e-03,6.24431400e-04,0.041629,2.28691257e-05,2.68486803e-03
2.484000,8.12445314e-03,6.24453140e-04,0.041630,2.17454914e-05,2.68495618e-03
2.485000,8.12447381e-03,6.24473810e-04,0.041632,2.06668927e-05,2.68504270e-03
2.486000,8.12449344e-03,6.24493440e-04,0.041633,1.96325443e-05,2.68512744e-03
2.487000,8.12451208e-03,6.24512080e-04,0.041634,1.86415941e-05,2.68521031e-03
2.488000,8.12452978e-03,6.24529780e-04,0.041635,1.76931301e-05,2.68529121e-03
2.489000,8.12454656e-03,6.24546560e-04,0.041636,1.67861871e-05,2.68537005e-03
2.490000,8.12456248e-03,6.24562480e-04,0.041637,1.59197534e-05,2.68544675e-03
2.491000,8.12457757e-03,6.24577570e-04,0.041639,1.50927767e-05,2.68552127e-03
2.492000,8.12459188e-03,6.24591880e-04,0.041639,1.43041699e-05,2.68559355e-03
2.493000,8.12460543e-03,6.24605430e-04,0.041640,1.35528169e-05,2.68566354e-03
2.494000,8.12461827e-03,6.24618270e-04,0.041641,1.28375775e-05,2.68573122e-03
2.495000,8.12463043e-03,6.24630430e-04,0.041642,1.21572925e-05,2.68579656e-03
2.496000,8.12464194e-03,6.24641940e-04,0.041643,1.15107885e-05,2.68585955e-03
2.497000,8.12465283e-03,6.24652830e-04,0.041644,1.08968819e-05,2.68592018e-03
2.498000,8.12466315e-03,6.24663150e-04,0.041644,1.03143834e-05,2.68597845e-03
2.499000,8.12467291e-03,6.24672910e-04,0.041645,9.76210174e-06,2.68603437e-03
2.500000,8.12468215e-03,6.24682150e-04,0.041645,9.23884706e-06,2.68608796e-03
2.501000,8.12469089e-03,6.24690890e-04,0.041646,8.74343449e-06,2.68613923e-03
2.502000,8.12469917e-03,6.24699170e-04,0.041647,8.27468711e-06,2.68618821e-03
2.503000,8.12470700e-03,6.24707000e-04,0.041647,7.83143884e-06,2.68623492e-03
2.504000,8.12471441e-03,6.24714410e-04,0.041648,7.41253702e-06,2.68627941e-03
2.505000,8.12472143e-03,6.24721430e-04,0.041648,7.01684486e-06,2.68632171e-03
2.506000,8.12472807e-03,6.24728070e-04,0.041649,6.64324355e-06,2.68636186e-03
2.507000,8.12473436e-03,6.24734360e-04,0.041649,6.29063432e-06,2.68639991e-03
2.508000,8.12474032e-03,6.24740320e-04,0.041649,5.95794016e-06,2.68643591e-03
2.509000,8.12474596e-03,6.24745960e-04,0.041650,5.64410746e-06,2.68646990e-03
2.510000,8.12475131e-03,6.24751310e-04,0.041650,5.34810738e-06,2.68650194e-03
2.511000,8.12475638e-03,6.24756380e-04,0.041650,5.06893713e-06,2.68653209e-03
2.512000,8.12476119e-03,6.24761190e-04,0.041651,4.80562103e-06,2.68656040e-03
2.513000,8.12476574e-03,6.24765740e-04,0.041651,4.55721144e-06,2.68658692e-03
2.514000,8.12477007e-03,6.24770070e-04,0.041651,4.32278955e-06,2.68661173e-03
2.515000,8.12477417e-03,6.24774170e-04,0.041652,4.10146599e-06,2.68663487e-03
2.516000,8.12477806e-03,6.24778060e-04,0.041652,3.89238136e-06,2.68665641e-03
2.517000,8.12478176e-03,6.24781760e-04,0.041652,3.69470659e-06,2.68667641e-03
2.518000,8.12478526e-03,6.24785260e-04,0.041652,3.50764324e-06,2.68669493e-03
2.519000,8.12478859e-03,6.24788590e-04,0.041653,3.33042363e-06,2.68671204e-03
2.520000,8.12479176e-03,6.24791760e-04,0.041653,3.16231089e-06,2.68672778e-03
2.521000,8.12479476e-03,6.24794760e-04,0.041653,3.00259894e-06,2.68674223e-03
2.522000,8.12479761e-03,6.24797610e-04,0.041653,2.85061235e-06,2.68675544e-03
2.523000,8.12480031e-03,6.24800310e-04,0.041653,2.70570614e-06,2.68676747e-03
2.524000,8.12480288e-03,6.24802880e-04,0.041654,2.56726549e-06,2.68677838e-03
2.525000,8.12480532e-03,6.24805320e-04,0.041654,2.43470537e-06,2.68678823e-03
2.526000,8.12480762e-03,6.24807620e-04,0.041654,2.30747013e-06,2.68679707e-03
2.527000,8.12480981e-03,6.24809810e-04,0.041654,2.18503305e-06,2.68680496e-03
2.528000,8.12481188e-03,6.24811880e-04,0.041654,2.06689578e-06,2.68681196e-03
2.529000,8.12481383e-03,6.24813830e-04,0.041654,1.95258776e-06,2.68681811e-03
2.530000,8.12481567e-03,6.24815670e-04,0.041654,1.84166564e-06,2.68682347e-03
2.531000,8.12481740e-03,6.24817400e-04,0.041654,1.73371259e-06,2.68682809e-03
2.532000,8.12481903e-03,6.24819030e-04,0.041655,1.62833762e-06,2.68683202e-03
2.533000,8.12482056e-03,6.24820560e-04,0.041655,1.52517489e-06,2.68683531e-03
2.534000,8.12482198e-03,6.24821980e-04,0.041655,1.42388294e-06,2.68683799e-03
2.535000,8.12482331e-03,6.24823310e-04,0.041655,1.32414394e-06,2.68684012e-03
2.536000,8.12482453e-03,6.24824530e-04,0.041655,1.22566291e-06,2.68684174e-03
2.537000,8.12482566e-03,6.24825660e-04,0.041655,1.12816693e-06,2.68684288e-03
2.538000,8.12482669e-03,6.24826690e-04,0.041655,1.03140437e-06,2.68684359e-03
2.539000,8.12482763e-03,6.24827630e-04,0.041655,9.35144022e-07,2.68684391e-03
2.540000,8.12482846e-03,6.24828460e-04,0.041655,8.39174353e-07,2.68684387e-03
2.541000,8.12482921e-03,6.24829210e-04,0.041655,7.43302653e-07,2.68684351e-03
2.542000,8.12482986e-03,6.24829860e-04,0.041655,6.47354243e-07,2.68684286e-03
2.543000,8.12483041e-03,6.24830410e-04,0.041655,5.51171662e-07,2.68684195e-03
2.544000,8.12483086e-03,6.24830860e-04,0.041655,4.54613869e-07,2.68684081e-03
2.545000,8.12483122e-03,6.24831220e-04,0.041655,3.57555448e-07,2.68683947e-03
2.546000,8.12483148e-03,6.24831480e-04,0.041655,2.59885827e-07,2.68683796e-03
2.547000,8.12483164e-03,6.24831640e-04,0.041655,1.61508506e-07,2.68683629e-03
2.548000,8.12483170e-03,6.24831700e-04,0.041655,6.23402963e-08,2.68683451e-03
2.549000,8.12483166e-03,6.24831660e-04,0.041655,-3.76894221e-08,2.68683262e-03
2.550000,8.12483153e-03,6.24831530e-04,0.041655,-1.38639432e-07,2.68683065e-03
2.551000,8.12483129e-03,6.24831290e-04,0.041655,-2.40557389e-07,2.68682862e-03
2.552000,8.12483094e-03,6.24830940e-04,0.041655,-3.43480521e-07,2.68682655e-03
2.553000,8.12483049e-03,6.24830490e-04,0.041655,-4.47436300e-07,2.68682446e-03
2.554000,8.12482994e-03,6.24829940e-04,0.041655,-5.52443105e-07,2.68682235e-03
2.555000,8.12482928e-03,6.24829280e-04,0.041655,-6.58510856e-07,2.68682025e-03
2.556000,8.12482852e-03,6.24828520e-04,0.041655,-7.65641634e-07,2.68681817e-03
2.557000,8.12482764e-03,6.24827640e-04,0.041655,-8.73830278e-07,2.68681612e-03
2.558000,8.12482666e-03,6.24826660e-04,0.041655,-9.83064961e-07,2.68681411e-03
2.559000,8.12482557e-03,6.24825570e-04,0.041655,-1.09332774e-06,2.68681216e-03
2.560000,8.12482436e-03,6.24824360e-04,0.041655,-1.20459511e-06,2.68681027e-03
2.561000,8.12482305e-03,6.24823050e-04,0.041655,-1.31683848e-06,2.68680845e-03
2.562000,8.12482162e-03,6.24821620e-04,0.041655,-1.43002469e-06,2.68680671e-03
2.563000,8.12482007e-03,6.24820070e-04,0.041655,-1.54411648e-06,2.68680505e-03
2.564000,8.12481841e-03,6.24818410e-04,0.041655,-1.65907293e-06,2.68680349e-03
2.565000,8.12481664e-03,6.24816640e-04,0.041654,-1.77484988e-06,2.68680202e-03
2.566000,8.12481475e-03,6.24814750e-04,0.041654,-1.89140034e-06,2.68680065e-03
2.567000,8.12481274e-03,6.24812740e-04,0.041654,-2.00867490e-06,2.68679939e-03
2.568000,8.12481061e-03,6.24810610e-04,0.041654,-2.12662205e-06,2.68679823e-03
2.569000,8.12480837e-03,6.24808370e-04,0.041654,-2.24518855e-06,2.68679718e-03
2.570000,8.12480600e-03,6.24806000e-04,0.041654,-2.36431974e-06,2.68679625e-03
2.571000,8.12480352e-03,6.24803520e-04,0.041654,-2.48395989e-06,2.68679543e-03
2.572000,8.12480091e-03,6.24800910e-04,0.041653,-2.60405241e-06,2.68679472e-03
2.573000,8.12479819e-03,6.24798190e-04,0.041653,-2.72454018e-06,2.68679412e-03
2.574000,8.12479534e-03,6.24795340e-04,0.041653,-2.84536579e-06,2.68679364e-03
2.575000,8.12479238e-03,6.24792380e-04,0.041653,-2.96647173e-06,2.68679328e-03
2.576000,8.12478929e-03,6.24789290e-04,0.041653,-3.08780067e-06,2.68679302e-03
2.577000,8.12478608e-03,6.24786080e-04,0.041652,-3.20929561e-06,2.68679287e-03
2.578000,8.12478275e-03,6.24782750e-04,0.041652,-3.33090009e-06,2.68679284e-03
2.579000,8.12477930e-03,6.24779300e-04,0.041652,-3.45255834e-06,2.68679291e-03
2.580000,8.12477572e-03,6.24775720e-04,0.041652,-3.57421547e-06,2.68679309e-03
2.581000,8.12477203e-03,6.24772030e-04,0.041651,-3.69581756e-06,2.68679337e-03
2.582000,8.12476821e-03,6.24768210e-04,0.041651,-3.81731182e-06,2.68679375e-03
2.583000,8.12476427e-03,6.24764270e-04,0.041651,-3.93864669e-06,2.68679423e-03
2.584000,8.12476021e-03,6.24760210e-04,0.041651,-4.05977196e-06,2.68679480e-03
2.585000,8.12475603e-03,6.24756030e-04,0.041650,-4.18063884e-06,2.68679547e-03
2.586000,8.12475173e-03,6.24751730e-04,0.041650,-4.30120005e-06,2.68679622e-03
2.587000,8.12474731e-03,6.24747310e-04,0.041650,-4.42140987e-06,2.68679706e-03
2.588000,8.12474277e-03,6.24742770e-04,0.041650,-4.54122423e-06,2.68679798e-03
2.589000,8.12473811e-03,6.24738110e-04,0.041649,-4.66060073e-06,2.68679897e-03
2.590000,8.12473333e-03,6.24733330e-04,0.041649,-4.77949870e-06,2.68680005e-03
2.591000,8.12472843e-03,6.24728430e-04,0.041649,-4.89787921e-06,2.68680119e-03
2.592000,8.12472341e-03,6.24723410e-04,0.041648,-5.01570511e-06,2.68680240e-03
2.593000,8.12471828e-03,6.24718280e-04,0.041648,-5.13294104e-06,2.68680368e-03
2.594000,8.12471303e-03,6.24713030e-04,0.041648,-5.24955343e-06,2.68680501e-03
2.595000,8.12470767e-03,6.24707670e-04,0.041647,-5.36551053e-06,2.68680641e-03
2.596000,8.12470218e-03,6.24702180e-04,0.041647,-5.48078236e-06,2.68680786e-03
2.597000,8.12469659e-03,6.24696590e-04,0.041646,-5.59534076e-06,2.68680935e-03
2.598000,8.12469088e-03,6.24690880e-04,0.041646,-5.70915932e-06,2.68681090e-03
2.599000,8.12468506e-03,6.24685060e-04,0.041646,-5.82221339e-06,2.68681248e-03
2.600000,8.12467912e-03,6.24679120e-04,0.041645,-5.93448006e-06,2.68681411e-03
2.601000,8.12467308e-03,6.24673080e-04,0.041645,-6.04593810e-06,2.68681577e-03
2.602000,8.12466692e-03,6.24666920e-04,0.041644,-6.15656797e-06,2.68681747e-03
2.603000,8.12466065e-03,6.24660650e-04,0.041644,-6.26635177e-06,2.68681919e-03
2.604000,8.12465428e-03,6.24654280e-04,0.041644,-6.37527319e-06,2.68682095e-03
2.605000,8.12464780e-03,6.24647800e-04,0.041643,-6.48331748e-06,2.68682273e-03
2.606000,8.12464121e-03,6.24641210e-04,0.041643,-6.59047142e-06,2.68682452e-03
2.607000,8.12463451e-03,6.24634510e-04,0.041642,-6.69672324e-06,2.68682634e-03
2.608000,8.12462771e-03,6.24627710e-04,0.041642,-6.80206263e-06,2.68682818e-03
2.609000,8.12462080e-03,6.24620800e-04,0.041641,-6.90648063e-06,2.68683002e-03
2.610000,8.12461379e-03,6.24613790e-04,0.041641,-7.00996964e-06,2.68683188e-03
2.611000,8.12460668e-03,6.24606680e-04,0.041640,-7.11252333e-06,2.68683375e-03
2.612000,8.12459946e-03,6.24599460e-04,0.041640,-7.21413659e-06,2.68683562e-03
2.613000,8.12459215e-03,6.24592150e-04,0.041639,-7.31480552e-06,2.68683750e-03
2.614000,8.12458473e-03,6.24584730e-04,0.041639,-7.41452734e-06,2.68683938e-03
2.615000,8.12457722e-03,6.24577220e-04,0.041638,-7.51330034e-06,2.68684126e-03
2.616000,8.12456961e-03,6.24569610e-04,0.041638,-7.61112385e-06,2.68684314e-03
2.617000,8.12456190e-03,6.24561900e-04,0.041637,-7.70799819e-06,2.68684501e-03
2.618000,8.12455410e-03,6.24554100e-04,0.041637,-7.80392460e-06,2.68684688e-03
2.619000,8.12454620e-03,6.24546200e-04,0.041636,-7.89890518e-06,2.68684874e-03
2.620000,8.12453821e-03,6.24538210e-04,0.041636,-7.99294289e-06,2.68685059e-03
2.621000,8.12453012e-03,6.24530120e-04,0.041635,-8.08604145e-06,2.68685244e-03
2.622000,8.12452194e-03,6.24521940e-04,0.041635,-8.17820533e-06,2.68685427e-03
2.623000,8.12451367e-03,6.24513670e-04,0.041634,-8.26943968e-06,2.68685609e-03
2.624000,8.12450531e-03,6.24505310e-04,0.041634,-8.35975028e-06,2.68685790e-03
2.625000,8.12449686e-03,6.24496860e-04,0.041633,-8.44914351e-06,2.68685969e-03
2.626000,8.12448833e-03,6.24488330e-04,0.041633,-8.53762631e-06,2.68686147e-03
2.627000,8.12447970e-03,6.24479700e-04,0.041632,-8.62520613e-06,2.68686323e-03
2.628000,8.12447099e-03,6.24470990e-04,0.041631,-8.71189088e-06,2.68686497e-03
2.629000,8.12446219e-03,6.24462190e-04,0.041631,-8.79768890e-06,2.68686670e-03
2.630000,8.12445331e-03,6.24453310e-04,0.041630,-8.88260891e-06,2.68686840e-03
2.631000,8.12444434e-03,6.24444340e-04,0.041630,-8.96666000e-06,2.68687009e-03
2.632000,8.12443529e-03,6.24435290e-04,0.041629,-9.04985158e-06,2.68687176e-03
2.633000,8.12442616e-03,6.24426160e-04,0.041628,-9.13219330e-06,2.68687341e-03
2.634000,8.12441695e-03,6.24416950e-04,0.041628,-9.21369511e-06,2.68687504e-03
2.635000,8.12440765e-03,6.24407650e-04,0.041627,-9.29436713e-06,2.68687665e-03
2.636000,8.12439828e-03,6.24398280e-04,0.041627,-9.37421971e-06,2.68687824e-03
2.637000,8.12438882e-03,6.24388820e-04,0.041626,-9.45326332e-06,2.68687980e-03
2.638000,8.12437929e-03,6.24379290e-04,0.041625,-9.53150857e-06,2.68688135e-03
2.639000,8.12436968e-03,6.24369680e-04,0.041625,-9.60896617e-06,2.68688287e-03
2.640000,8.12436000e-03,6.24360000e-04,0.041624,-9.68564693e-06,2.68688437e-03
2.641000,8.12435024e-03,6.24350240e-04,0.041623,-9.76156169e-06,2.68688586e-03
2.642000,8.12434040e-03,6.24340400e-04,0.041623,-9.83672131e-06,2.68688731e-03
2.643000,8.12433049e-03,6.24330490e-04,0.041622,-9.91113669e-06,2.68688875e-03
2.644000,8.12432050e-03,6.24320500e-04,0.041621,-9.98481871e-06,2.68689017e-03
2.645000,8.12431045e-03,6.24310450e-04,0.041621,-1.00577782e-05,2.68689156e-03
2.646000,8.12430032e-03,6.24300320e-04,0.041620,-1.01300260e-05,2.68689294e-03
2.647000,8.12429011e-03,6.24290110e-04,0.041619,-1.02015729e-05,2.68689429e-03
2.648000,8.12427984e-03,6.24279840e-04,0.041619,-1.02724294e-05,2.68689562e-03
2.649000,8.12426950e-03,6.24269500e-04,0.041618,-1.03426062e-05,2.68689693e-03
2.650000,8.12425909e-03,6.24259090e-04,0.041617,-1.04121138e-05,2.68689822e-03
2.651000,8.12424861e-03,6.24248610e-04,0.041617,-1.04809625e-05,2.68689949e-03
2.652000,8.12423806e-03,6.24238060e-04,0.041616,-1.05491626e-05,2.68690074e-03
2.653000,8.12422744e-03,6.24227440e-04,0.041615,-1.06167241e-05,2.68690198e-03
2.654000,8.12421676e-03,6.24216760e-04,0.041614,-1.06836571e-05,2.68690319e-03
2.655000,8.12420601e-03,6.24206010e-04,0.041614,-1.07499713e-05,2.68690438e-03
2.656000,8.12419519e-03,6.24195190e-04,0.041613,-1.08156764e-05,2.68690556e-03
2.657000,8.12418431e-03,6.24184310e-04,0.041612,-1.08807819e-05,2.68690671e-03
2.658000,8.12417337e-03,6.24173370e-04,0.041612,-1.09452971e-05,2.68690785e-03
2.659000,8.12416236e-03,6.24162360e-04,0.041611,-1.10092311e-05,2.68690897e-03
2.660000,8.12415128e-03,6.24151280e-04,0.041610,-1.10725930e-05,2.68691008e-03
2.661000,8.12414015e-03,6.24140150e-04,0.041609,-1.11353914e-05,2.68691116e-03
2.662000,8.12412895e-03,6.24128950e-04,0.041609,-1.11976351e-05,2.68691223e-03
2.663000,8.12411769e-03,6.24117690e-04,0.041608,-1.12593324e-05,2.68691329e-03
2.664000,8.12410637e-03,6.24106370e-04,0.041607,-1.13204916e-05,2.68691433e-03
2.665000,8.12409499e-03,6.24094990e-04,0.041606,-1.13811207e-05,2.68691535e-03
2.666000,8.12408355e-03,6.24083550e-04,0.041606,-1.14412276e-05,2.68691636e-03
2.667000,8.12407205e-03,6.24072050e-04,0.041605,-1.15008199e-05,2.68691735e-03
2.668000,8.12406049e-03,6.24060490e-04,0.041604,-1.15599052e-05,2.68691833e-03
2.669000,8.12404887e-03,6.24048870e-04,0.041603,-1.16184907e-05,2.68691930e-03
2.670000,8.12403719e-03,6.24037190e-04,0.041602,-1.16765835e-05,2.68692025e-03
2.671000,8.12402546e-03,6.24025460e-04,0.041602,-1.17341906e-05,2.68692119e-03
2.672000,8.12401367e-03,6.24013670e-04,0.041601,-1.17913188e-05,2.68692212e-03
2.673000,8.12400182e-03,6.24001820e-04,0.041600,-1.18479746e-05,2.68692303e-03
2.674000,8.12398991e-03,6.23989910e-04,0.041599,-1.19041644e-05,2.68692393e-03
2.675000,8.12397795e-03,6.23977950e-04,0.041599,-1.19598944e-05,2.68692482e-03
2.676000,8.12396594e-03,6.23965940e-04,0.041598,-1.20151708e-05,2.68692570e-03
2.677000,8.12395387e-03,6.23953870e-04,0.041597,-1.20699993e-05,2.68692657e-03
2.678000,8.12394175e-03,6.23941750e-04,0.041596,-1.21243857e-05,2.68692743e-03
2.679000,8.12392957e-03,6.23929570e-04,0.041595,-1.21783356e-05,2.68692827e-03
2.680000,8.12391734e-03,6.23917340e-04,0.041594,-1.22318544e-05,2.68692911e-03
2.681000,8.12390505e-03,6.23905050e-04,0.041594,-1.22849474e-05,2.68692994e-03
2.682000,8.12389271e-03,6.23892710e-04,0.041593,-1.23376196e-05,2.68693075e-03
2.683000,8.12388032e-03,6.23880320e-04,0.041592,-1.23898761e-05,2.68693156e-03
2.684000,8.12386788e-03,6.23867880e-04,0.041591,-1.24417216e-05,2.68693236e-03
2.685000,8.12385539e-03,6.23855390e-04,0.041590,-1.24931609e-05,2.68693315e-03
2.686000,8.12384284e-03,6.23842840e-04,0.041590,-1.25441984e-05,2.68693393e-03
2.687000,8.12383025e-03,6.23830250e-04,0.041589,-1.25948388e-05,2.68693470e-03
2.688000,8.12381760e-03,6.23817600e-04,0.041588,-1.26450861e-05,2.68693547e-03
2.689000,8.12380491e-03,6.23804910e-04,0.041587,-1.26949448e-05,2.68693622e-03
2.690000,8.12379216e-03,6.23792160e-04,0.041586,-1.27444187e-05,2.68693697e-03
2.691000,8.12377937e-03,6.23779370e-04,0.041585,-1.27935120e-05,2.68693771e-03
2.692000,8.12376653e-03,6.23766530e-04,0.041584,-1.28422283e-05,2.68693844e-03
2.693000,8.12375364e-03,6.23753640e-04,0.041584,-1.28905716e-05,2.68693917e-03
2.694000,8.12374070e-03,6.23740700e-04,0.041583,-1.29385454e-05,2.68693989e-03
2.695000,8.12372771e-03,6.23727710e-04,0.041582,-1.29861533e-05,2.68694060e-03
2.696000,8.12371468e-03,6.23714680e-04,0.041581,-1.30333988e-05,2.68694131e-03
2.697000,8.12370160e-03,6.23701600e-04,0.041580,-1.30802853e-05,2.68694201e-03
2.698000,8.12368847e-03,6.23688470e-04,0.041579,-1.31268160e-05,2.68694270e-03
2.699000,8.12367530e-03,6.23675300e-04,0.041578,-1.31729942e-05,2.68694339e-03
2.700000,8.12366208e-03,6.23662080e-04,0.041577,-1.32188230e-05,2.68694407e-03
