OFF
2327 4264 0
-320.9 -204.9 -52.89
-320.9 -115.1 -52.89
-215.9 -115.1 -52.89
-215.9 115.1 -52.89
-320.9 115.1 -52.89
-320.9 204.9 -52.89
-31.1 204.9 -52.89
-31.1 115.1 -52.89
-136.1 115.1 -52.89
-136.1 49.9 -52.89
136.1 49.9 -52.89
136.1 115.1 -52.89
81.1 115.1 -52.89
81.1 204.9 -52.89
270.9 204.9 -52.89
270.9 115.1 -52.89
215.9 115.1 -52.89
215.9 -115.1 -52.89
270.9 -115.1 -52.89
270.9 -204.9 -52.89
81.1 -204.9 -52.89
81.1 -115.1 -52.89
136.1 -115.1 -52.89
136.1 -49.9 -52.89
-136.1 -49.9 -52.89
-136.1 -115.1 -52.89
-31.1 -115.1 -52.89
-31.1 -204.9 -52.89
-320.9 -195.92 -52.89
-320.9 -186.94 -52.89
-320.9 -177.96 -52.89
-320.9 -168.98 -52.89
-320.9 -160 -52.89
-320.9 -151.02 -52.89
-320.9 -142.04 -52.89
-320.9 -133.06 -52.89
-320.9 -124.08 -52.89
-312.15 -115.1 -52.89
-303.4 -115.1 -52.89
-294.65 -115.1 -52.89
-285.9 -115.1 -52.89
-277.15 -115.1 -52.89
-268.4 -115.1 -52.89
-259.65 -115.1 -52.89
-250.9 -115.1 -52.89
-242.15 -115.1 -52.89
-233.4 -115.1 -52.89
-224.65 -115.1 -52.89
-215.9 -105.508 -52.89
-215.9 -95.9167 -52.89
-215.9 -86.325 -52.89
-215.9 -76.7333 -52.89
-215.9 -67.1417 -52.89
-215.9 -57.55 -52.89
-215.9 -47.9583 -52.89
-215.9 -38.3667 -52.89
-215.9 -28.775 -52.89
-215.9 -19.1833 -52.89
-215.9 -9.59167 -52.89
-215.9 -1.22213e-12 -52.89
-215.9 9.59167 -52.89
-215.9 19.1833 -52.89
-215.9 28.775 -52.89
-215.9 38.3667 -52.89
-215.9 47.9583 -52.89
-215.9 57.55 -52.89
-215.9 67.1417 -52.89
-215.9 76.7333 -52.89
-215.9 86.325 -52.89
-215.9 95.9167 -52.89
-215.9 105.508 -52.89
-224.65 115.1 -52.89
-233.4 115.1 -52.89
-242.15 115.1 -52.89
-250.9 115.1 -52.89
-259.65 115.1 -52.89
-268.4 115.1 -52.89
-277.15 115.1 -52.89
-285.9 115.1 -52.89
-294.65 115.1 -52.89
-303.4 115.1 -52.89
-312.15 115.1 -52.89
-320.9 124.08 -52.89
-320.9 133.06 -52.89
-320.9 142.04 -52.89
-320.9 151.02 -52.89
-320.9 160 -52.89
-320.9 168.98 -52.89
-320.9 177.96 -52.89
-320.9 186.94 -52.89
-320.9 195.92 -52.89
-311.24 204.9 -52.89
-301.58 204.9 -52.89
-291.92 204.9 -52.89
-282.26 204.9 -52.89
-272.6 204.9 -52.89
-262.94 204.9 -52.89
-253.28 204.9 -52.89
-243.62 204.9 -52.89
-233.96 204.9 -52.89
-224.3 204.9 -52.89
-214.64 204.9 -52.89
-204.98 204.9 -52.89
-195.32 204.9 -52.89
-185.66 204.9 -52.89
-176 204.9 -52.89
-166.34 204.9 -52.89
-156.68 204.9 -52.89
-147.02 204.9 -52.89
-137.36 204.9 -52.89
-127.7 204.9 -52.89
-118.04 204.9 -52.89
-108.38 204.9 -52.89
-98.72 204.9 -52.89
-89.06 204.9 -52.89
-79.4 204.9 -52.89
-69.74 204.9 -52.89
-60.08 204.9 -52.89
-50.42 204.9 -52.89
-40.76 204.9 -52.89
-31.1 195.92 -52.89
-31.1 186.94 -52.89
-31.1 177.96 -52.89
-31.1 168.98 -52.89
-31.1 160 -52.89
-31.1 151.02 -52.89
-31.1 142.04 -52.89
-31.1 133.06 -52.89
-31.1 124.08 -52.89
-39.85 115.1 -52.89
-48.6 115.1 -52.89
-57.35 115.1 -52.89
-66.1 115.1 -52.89
-74.85 115.1 -52.89
-83.6 115.1 -52.89
-92.35 115.1 -52.89
-101.1 115.1 -52.89
-109.85 115.1 -52.89
-118.6 115.1 -52.89
-127.35 115.1 -52.89
-136.1 106.95 -52.89
-136.1 98.8 -52.89
-136.1 90.65 -52.89
-136.1 82.5 -52.89
-136.1 74.35 -52.89
-136.1 66.2 -52.89
-136.1 58.05 -52.89
-126.379 49.9 -52.89
-116.657 49.9 -52.89
-106.936 49.9 -52.89
-97.2143 49.9 -52.89
-87.4929 49.9 -52.89
-77.7714 49.9 -52.89
-68.05 49.9 -52.89
-58.3286 49.9 -52.89
-48.6071 49.9 -52.89
-38.8857 49.9 -52.89
-29.1643 49.9 -52.89
-19.4429 49.9 -52.89
-9.72143 49.9 -52.89
2.84217e-13 49.9 -52.89
9.72143 49.9 -52.89
19.4429 49.9 -52.89
29.1643 49.9 -52.89
38.8857 49.9 -52.89
48.6071 49.9 -52.89
58.3286 49.9 -52.89
68.05 49.9 -52.89
77.7714 49.9 -52.89
87.4929 49.9 -52.89
97.2143 49.9 -52.89
106.936 49.9 -52.89
116.657 49.9 -52.89
126.379 49.9 -52.89
136.1 58.05 -52.89
136.1 66.2 -52.89
136.1 74.35 -52.89
136.1 82.5 -52.89
136.1 90.65 -52.89
136.1 98.8 -52.89
136.1 106.95 -52.89
126.933 115.1 -52.89
117.767 115.1 -52.89
108.6 115.1 -52.89
99.4333 115.1 -52.89
90.2667 115.1 -52.89
81.1 124.08 -52.89
81.1 133.06 -52.89
81.1 142.04 -52.89
81.1 151.02 -52.89
81.1 160 -52.89
81.1 168.98 -52.89
81.1 177.96 -52.89
81.1 186.94 -52.89
81.1 195.92 -52.89
90.59 204.9 -52.89
100.08 204.9 -52.89
109.57 204.9 -52.89
119.06 204.9 -52.89
128.55 204.9 -52.89
138.04 204.9 -52.89
147.53 204.9 -52.89
157.02 204.9 -52.89
166.51 204.9 -52.89
176 204.9 -52.89
185.49 204.9 -52.89
194.98 204.9 -52.89
204.47 204.9 -52.89
213.96 204.9 -52.89
223.45 204.9 -52.89
232.94 204.9 -52.89
242.43 204.9 -52.89
251.92 204.9 -52.89
261.41 204.9 -52.89
270.9 195.92 -52.89
270.9 186.94 -52.89
270.9 177.96 -52.89
270.9 168.98 -52.89
270.9 160 -52.89
270.9 151.02 -52.89
270.9 142.04 -52.89
270.9 133.06 -52.89
270.9 124.08 -52.89
261.733 115.1 -52.89
252.567 115.1 -52.89
243.4 115.1 -52.89
234.233 115.1 -52.89
225.067 115.1 -52.89
215.9 105.508 -52.89
215.9 95.9167 -52.89
215.9 86.325 -52.89
215.9 76.7333 -52.89
215.9 67.1417 -52.89
215.9 57.55 -52.89
215.9 47.9583 -52.89
215.9 38.3667 -52.89
215.9 28.775 -52.89
215.9 19.1833 -52.89
215.9 9.59167 -52.89
215.9 -7.81597e-13 -52.89
215.9 -9.59167 -52.89
215.9 -19.1833 -52.89
215.9 -28.775 -52.89
215.9 -38.3667 -52.89
215.9 -47.9583 -52.89
215.9 -57.55 -52.89
215.9 -67.1417 -52.89
215.9 -76.7333 -52.89
215.9 -86.325 -52.89
215.9 -95.9167 -52.89
215.9 -105.508 -52.89
225.067 -115.1 -52.89
234.233 -115.1 -52.89
243.4 -115.1 -52.89
252.567 -115.1 -52.89
261.733 -115.1 -52.89
270.9 -124.08 -52.89
270.9 -133.06 -52.89
270.9 -142.04 -52.89
270.9 -151.02 -52.89
270.9 -160 -52.89
270.9 -168.98 -52.89
270.9 -177.96 -52.89
270.9 -186.94 -52.89
270.9 -195.92 -52.89
261.41 -204.9 -52.89
251.92 -204.9 -52.89
242.43 -204.9 -52.89
232.94 -204.9 -52.89
223.45 -204.9 -52.89
213.96 -204.9 -52.89
204.47 -204.9 -52.89
194.98 -204.9 -52.89
185.49 -204.9 -52.89
176 -204.9 -52.89
166.51 -204.9 -52.89
157.02 -204.9 -52.89
147.53 -204.9 -52.89
138.04 -204.9 -52.89
128.55 -204.9 -52.89
119.06 -204.9 -52.89
109.57 -204.9 -52.89
100.08 -204.9 -52.89
90.59 -204.9 -52.89
81.1 -195.92 -52.89
81.1 -186.94 -52.89
81.1 -177.96 -52.89
81.1 -168.98 -52.89
81.1 -160 -52.89
81.1 -151.02 -52.89
81.1 -142.04 -52.89
81.1 -133.06 -52.89
81.1 -124.08 -52.89
90.2667 -115.1 -52.89
99.4333 -115.1 -52.89
108.6 -115.1 -52.89
117.767 -115.1 -52.89
126.933 -115.1 -52.89
136.1 -106.95 -52.89
136.1 -98.8 -52.89
136.1 -90.65 -52.89
136.1 -82.5 -52.89
136.1 -74.35 -52.89
136.1 -66.2 -52.89
136.1 -58.05 -52.89
126.379 -49.9 -52.89
116.657 -49.9 -52.89
106.936 -49.9 -52.89
97.2143 -49.9 -52.89
87.4929 -49.9 -52.89
77.7714 -49.9 -52.89
68.05 -49.9 -52.89
58.3286 -49.9 -52.89
48.6071 -49.9 -52.89
38.8857 -49.9 -52.89
29.1643 -49.9 -52.89
19.4429 -49.9 -52.89
9.72143 -49.9 -52.89
-3.12639e-13 -49.9 -52.89
-9.72143 -49.9 -52.89
-19.4429 -49.9 -52.89
-29.1643 -49.9 -52.89
-38.8857 -49.9 -52.89
-48.6071 -49.9 -52.89
-58.3286 -49.9 -52.89
-68.05 -49.9 -52.89
-77.7714 -49.9 -52.89
-87.4929 -49.9 -52.89
-97.2143 -49.9 -52.89
-106.936 -49.9 -52.89
-116.657 -49.9 -52.89
-126.379 -49.9 -52.89
-136.1 -58.05 -52.89
-136.1 -66.2 -52.89
-136.1 -74.35 -52.89
-136.1 -82.5 -52.89
-136.1 -90.65 -52.89
-136.1 -98.8 -52.89
-136.1 -106.95 -52.89
-127.35 -115.1 -52.89
-118.6 -115.1 -52.89
-109.85 -115.1 -52.89
-101.1 -115.1 -52.89
-92.35 -115.1 -52.89
-83.6 -115.1 -52.89
-74.85 -115.1 -52.89
-66.1 -115.1 -52.89
-57.35 -115.1 -52.89
-48.6 -115.1 -52.89
-39.85 -115.1 -52.89
-31.1 -124.08 -52.89
-31.1 -133.06 -52.89
-31.1 -142.04 -52.89
-31.1 -151.02 -52.89
-31.1 -160 -52.89
-31.1 -168.98 -52.89
-31.1 -177.96 -52.89
-31.1 -186.94 -52.89
-31.1 -195.92 -52.89
-40.76 -204.9 -52.89
-50.42 -204.9 -52.89
-60.08 -204.9 -52.89
-69.74 -204.9 -52.89
-79.4 -204.9 -52.89
-89.06 -204.9 -52.89
-98.72 -204.9 -52.89
-108.38 -204.9 -52.89
-118.04 -204.9 -52.89
-127.7 -204.9 -52.89
-137.36 -204.9 -52.89
-147.02 -204.9 -52.89
-156.68 -204.9 -52.89
-166.34 -204.9 -52.89
-176 -204.9 -52.89
-185.66 -204.9 -52.89
-195.32 -204.9 -52.89
-204.98 -204.9 -52.89
-214.64 -204.9 -52.89
-224.3 -204.9 -52.89
-233.96 -204.9 -52.89
-243.62 -204.9 -52.89
-253.28 -204.9 -52.89
-262.94 -204.9 -52.89
-272.6 -204.9 -52.89
-282.26 -204.9 -52.89
-291.92 -204.9 -52.89
-301.58 -204.9 -52.89
-311.24 -204.9 -52.89
-207.117 7.642 -52.89
205.226 -0.252634 -52.89
128.337 41.2879 -52.89
-132.134 43.1262 -52.89
167.484 195.708 -52.89
167.847 -195.397 -52.89
-167.56 194.943 -52.89
-174.93 -195.823 -52.89
125.657 -37.4721 -52.89
-129.916 -42.9314 -52.89
88.1686 41.6415 -52.89
-32.156 -41.5969 -52.89
-89.5484 -42.9116 -52.89
-61.2639 -42.1028 -52.89
49.3805 41.6553 -52.89
22.2595 42.4887 -52.89
-7.4064 41.5185 -52.89
-128.935 119.842 -52.89
-136.574 117.948 -52.89
-128.881 -120.897 -52.89
-137.111 -119.264 -52.89
130.478 122.953 -52.89
139.143 120.972 -52.89
136.886 -121.681 -52.89
144.232 -120.38 -52.89
136.331 -39.9604 -52.89
-138.275 -45.7966 -52.89
-232.306 122.076 -52.89
-233.469 -122.025 -52.89
-103.24 122.342 -52.89
-102.779 -122.348 -52.89
-257.716 -123.348 -52.89
-256.97 123.349 -52.89
-76.8224 123.245 -52.89
-76.8517 -122.734 -52.89
195.804 195.955 -52.89
196.422 -196.062 -52.89
-196.983 192.399 -52.89
-203.737 -195.508 -52.89
71.8929 -42.263 -52.89
-140.273 43.657 -52.89
-134.766 -36.0981 -52.89
137.434 42.8748 -52.89
131.096 33.1181 -52.89
-75.663 43.5382 -52.89
-49.1343 42.3511 -52.89
95.4196 -41.1944 -52.89
45.0242 -40.7453 -52.89
16.4113 -41.1063 -52.89
216.486 122.096 -52.89
210.267 121.425 -52.89
219.987 -122.286 -52.89
210.387 -123.222 -52.89
142.171 63.1781 -52.89
-142.647 66.9157 -52.89
-141.951 -58.7946 -52.89
143.098 -63.2971 -52.89
142.692 97.7 -52.89
-143.069 103.734 -52.89
-143.878 -99.747 -52.89
143.575 -97.4613 -52.89
-131.014 125.168 -52.89
-138.705 122.533 -52.89
-130.624 -127.326 -52.89
-139.366 -125.511 -52.89
-273.498 196.089 -52.89
-277.202 -194.905 -52.89
134.134 130.889 -52.89
142.612 128.35 -52.89
138.719 -128.661 -52.89
146.246 -126.352 -52.89
-142.581 -40.0772 -52.89
-314.433 152.278 -52.89
-313.747 -158.865 -52.89
-89.1535 195.12 -52.89
-98.205 -196.072 -52.89
-236.201 196.034 -52.89
-244.494 -194.868 -52.89
260.736 -167.241 -52.89
258.643 165.949 -52.89
-139.086 -28.7583 -52.89
139.653 35.2061 -52.89
134.057 25.512 -52.89
-40.1957 -160.925 -52.89
-39.9472 161.199 -52.89
205.436 -29.1543 -52.89
91.3366 164.94 -52.89
91.8654 -165.486 -52.89
206.024 76.6914 -52.89
-207.947 -76.6644 -52.89
207.626 -77.14 -52.89
-206.152 78.4711 -52.89
-133.652 131.279 -52.89
-141.739 128.113 -52.89
-148.967 124.117 -52.89
-153.463 129.604 -52.89
-132.372 -134.473 -52.89
-141.719 -132.957 -52.89
-147.52 -122.481 -52.89
-152.687 -130.344 -52.89
215.675 130.485 -52.89
207.377 126.102 -52.89
217.173 -128.729 -52.89
207.319 -127.722 -52.89
-205.385 34.9377 -52.89
137.638 138.765 -52.89
145.955 136.282 -52.89
141.255 -135.904 -52.89
149.321 -133.084 -52.89
-150.311 -32.525 -52.89
-153.939 -42.4731 -52.89
207.472 49.249 -52.89
207.792 -54.5388 -52.89
200.558 121.688 -52.89
203.477 -120.315 -52.89
142.032 27.5372 -52.89
-140.752 -20.5574 -52.89
136.574 18.5585 -52.89
129.894 16.1599 -52.89
-118.714 196.259 -52.89
-127.278 -196.611 -52.89
-205.723 105.295 -52.89
-203.234 116.188 -52.89
-207.336 -104.748 -52.89
-207.393 -114.278 -52.89
126.626 196.321 -52.89
126.619 -196.63 -52.89
225.293 -196.772 -52.89
224.423 196.317 -52.89
-136.666 138.323 -52.89
-127.475 140.658 -52.89
-133.782 -142.093 -52.89
-124.798 -142.803 -52.89
-152.656 -18.9068 -52.89
-283.123 124.068 -52.89
-281.772 -126.734 -52.89
209.644 136.692 -52.89
203.245 132.239 -52.89
209.4 -132.709 -52.89
201.866 -134.207 -52.89
148.054 37.2367 -52.89
140.589 146.421 -52.89
144.022 -143.431 -52.89
152.299 -140.656 -52.89
148.665 144.444 -52.89
-208.082 -49.6509 -52.89
144.061 20.021 -52.89
-148.159 -9.88962 -52.89
138.074 12.1964 -52.89
-208.545 -24.9261 -52.89
145.342 12.6443 -52.89
-158.38 -11.8458 -52.89
151.203 125.276 -52.89
152.396 -122.925 -52.89
-194.291 111.369 -52.89
-193.657 122.762 -52.89
-198.662 -103.861 -52.89
-198.065 -113.451 -52.89
133.351 148.677 -52.89
135.881 -146.008 -52.89
142.699 153.814 -52.89
150.515 152.587 -52.89
146.671 -151.191 -52.89
155.106 -148.61 -52.89
-128.866 35.7919 -52.89
-137.698 35.6726 -52.89
130.352 -30.9577 -52.89
136.655 -31.2339 -52.89
205.823 141.283 -52.89
215.971 140.991 -52.89
202.131 -142.35 -52.89
213.346 -141.351 -52.89
-129.333 148.238 -52.89
-120.54 149.57 -52.89
-134.722 -149.9 -52.89
-125.829 -150.22 -52.89
-69.2083 -196.238 -52.89
-64.8967 197.155 -52.89
209.897 148.421 -52.89
198.245 149.518 -52.89
221.05 151.848 -52.89
211.965 -152.136 -52.89
201.633 -151.541 -52.89
222.043 -153.38 -52.89
-189.023 116.763 -52.89
-189.576 108.97 -52.89
-186.087 126.94 -52.89
-197.398 130.246 -52.89
-188.638 133.686 -52.89
-199.883 138.19 -52.89
-191.036 141.308 -52.89
-202.018 145.384 -52.89
-193.803 148.982 -52.89
-188.963 -111.835 -52.89
-190.017 -102.776 -52.89
-186.946 -120.427 -52.89
-196.966 -124.852 -52.89
-190.556 -130.732 -52.89
-201.588 -135.369 -52.89
-192.074 -137.916 -52.89
-205.714 -144.261 -52.89
-195.041 -149.703 -52.89
143.804 161.06 -52.89
151.523 160.64 -52.89
148.916 -159.219 -52.89
157.886 -157.028 -52.89
-114.72 43.315 -52.89
-134.797 27.4438 -52.89
-144.28 27.1799 -52.89
-146.815 35.7636 -52.89
-154.014 27.0948 -52.89
-156.304 35.7634 -52.89
-163.973 26.8055 -52.89
135.653 -23.5838 -52.89
142.716 -22.0486 -52.89
146.532 -30.2638 -52.89
151.298 -24.7503 -52.89
156.12 -33.1642 -52.89
128.106 -25.0091 -52.89
157.273 -25.1931 -52.89
-166.087 35.4432 -52.89
-168.001 44.4181 -52.89
-177.24 43.7334 -52.89
-170.501 53.2197 -52.89
-213.886 -140.581 -52.89
-210.965 -152.043 -52.89
-218.489 -147.481 -52.89
-215.5 -159.167 -52.89
-225.039 -155.778 -52.89
-207.875 143.021 -52.89
-205.36 151.846 -52.89
-211.957 146.613 -52.89
-210.035 158.703 -52.89
-219.423 151.508 -52.89
164.963 -34.4819 -52.89
163.701 -43.2028 -52.89
206.065 31.2655 -52.89
-146.416 196.019 -52.89
-155.571 -196.287 -52.89
-262.314 -196.979 -52.89
-255.132 196.254 -52.89
89.2367 150.198 -52.89
90.0142 -150.787 -52.89
-313.744 169.967 -52.89
-314.169 -174.164 -52.89
-12.6984 -41.39 -52.89
-22.7716 39.0274 -52.89
69.0116 41.6058 -52.89
160.452 -137.898 -52.89
157.652 142.53 -52.89
223.445 144.01 -52.89
223.638 -144.78 -52.89
137.15 161.315 -52.89
140.724 -161.003 -52.89
-40.4563 144.504 -52.89
-40.2685 -144.376 -52.89
-61.2412 125.045 -52.89
-61.6945 -124.488 -52.89
-142.726 -74.1659 -52.89
142.85 -75.3308 -52.89
-142.201 89.7439 -52.89
142.764 76.9223 -52.89
206.816 -95.3395 -52.89
207.64 95.0492 -52.89
-139.13 146.511 -52.89
-144.021 -149.618 -52.89
152.309 21.3199 -52.89
153.625 13.0718 -52.89
-164.84 -21.5148 -52.89
-166.644 -11.3333 -52.89
-121.569 156.817 -52.89
-113.714 157.352 -52.89
-126.472 -157.64 -52.89
-118.083 -157.573 -52.89
-202.912 61.8102 -52.89
-107.308 -42.3308 -52.89
161.178 22.7843 -52.89
106.857 41.2175 -52.89
111.169 127.457 -52.89
119.223 -123.934 -52.89
-175.078 25.0043 -52.89
243.185 123.124 -52.89
243.41 -123.154 -52.89
260.83 149.628 -52.89
261.281 -149.918 -52.89
-185.029 111.527 -52.89
-182.493 105.495 -52.89
-180.639 -110.25 -52.89
-181.419 -101.674 -52.89
-175.346 -22.0589 -52.89
-315.105 138.221 -52.89
-313.569 -141.386 -52.89
-117.325 -150.554 -52.89
-110.356 -157.499 -52.89
-112.547 150.809 -52.89
-107.032 157.772 -52.89
-109.205 -151.067 -52.89
-104.868 -157.601 -52.89
-100.496 -152.597 -52.89
-96.2018 -159.188 -52.89
-105.552 152.298 -52.89
-102.604 158.048 -52.89
-99.9314 154.677 -52.89
-95.5564 158.521 -52.89
-125.545 28.0207 -52.89
107.181 196.579 -52.89
107.258 -196.8 -52.89
244.53 -197.777 -52.89
243.292 196.501 -52.89
-91.8768 -149.7 -52.89
-89.0852 -155.811 -52.89
-82.3749 -152.699 -52.89
-80.4307 -156.964 -52.89
-90.115 154.082 -52.89
-85.6467 159.371 -52.89
-80.0854 155.341 -52.89
-77.5164 159.206 -52.89
-75.6271 -150.335 -52.89
-74.0054 152.333 -52.89
-173.124 -110.26 -52.89
-171.541 -100.753 -52.89
-174.975 108.516 -52.89
-171.327 99.8653 -52.89
208.833 159.553 -52.89
219.187 160.699 -52.89
210.934 -161.401 -52.89
220.86 -162.279 -52.89
-131.671 18.913 -52.89
-121.923 19.789 -52.89
-217.341 195.517 -52.89
-222.767 -194.807 -52.89
134.947 -16.3133 -52.89
125.24 -15.6231 -52.89
143.941 168.449 -52.89
142.05 -168.586 -52.89
-177.515 -12.8821 -52.89
-223.986 159.723 -52.89
-225.705 -165.243 -52.89
-232.785 -158.85 -52.89
-74.9246 -156.538 -52.89
-72.5936 158.288 -52.89
136.742 167.649 -52.89
134.701 -169.25 -52.89
172.749 -44.3861 -52.89
171.569 -53.3388 -52.89
-209.713 -161.539 -52.89
165.921 -25.7276 -52.89
162.761 13.7861 -52.89
-182.966 -149.11 -52.89
-183.45 -156.181 -52.89
-182.153 144.678 -52.89
-184.882 152.869 -52.89
-151.353 18.364 -52.89
149.252 -19.5299 -52.89
-72.3857 164.526 -52.89
-65.1289 164.02 -52.89
-75.4766 -163.343 -52.89
-67.0449 -163.075 -52.89
-40.3795 -178.391 -52.89
-40.0499 178.641 -52.89
-232.764 -146.884 -52.89
-238.487 -155.532 -52.89
-243.098 -164.899 -52.89
-251.319 -158.519 -52.89
-229.6 148.259 -52.89
-232.222 155.51 -52.89
-233.875 162.785 -52.89
-244.36 160.791 -52.89
-128.483 9.90247 -52.89
-117.956 10.9518 -52.89
-169.942 18.5582 -52.89
163.754 3.35218 -52.89
127.928 -6.91453 -52.89
117.81 -10.098 -52.89
-179.988 16.5847 -52.89
-293.862 193.237 -52.89
-294.293 -194.027 -52.89
-106.737 163.324 -52.89
-110.322 -163.8 -52.89
-179.341 51.6158 -52.89
-173.593 61.4352 -52.89
-66.9467 149.777 -52.89
-68.0153 -148.19 -52.89
170.616 24.5401 -52.89
168.209 33.7905 -52.89
-246.333 -151.147 -52.89
-258.318 -153.546 -52.89
-256.684 -165.007 -52.89
-263.097 -160.267 -52.89
-264.797 -149.362 -52.89
-269.214 -155.412 -52.89
-267.768 -166.938 -52.89
-275.755 -162.353 -52.89
-276.731 -169.474 -52.89
-241.124 151.851 -52.89
-253.585 154.532 -52.89
-250.868 164.145 -52.89
-256.84 161.223 -52.89
-262.012 150.254 -52.89
-265.155 157.335 -52.89
-267.899 164.89 -52.89
-278.089 161.826 -52.89
-276.549 168.983 -52.89
-182.536 -92.7364 -52.89
-174.605 -91.1796 -52.89
-181.094 98.1834 -52.89
-172.881 90.869 -52.89
-121.756 164.182 -52.89
-130.41 164.168 -52.89
-126.748 -165.08 -52.89
-135.48 -165.4 -52.89
-273.768 -149.871 -52.89
-274.623 151.602 -52.89
174.269 5.94217 -52.89
-122.748 127.042 -52.89
-121.863 -128.389 -52.89
180.757 -53.577 -52.89
181.266 -62.3027 -52.89
181.524 -45.4226 -52.89
-165.011 -95.1199 -52.89
-167.781 -89.1145 -52.89
-176.14 -83.0426 -52.89
-169.109 -81.9713 -52.89
-177.064 -75.0475 -52.89
-169.854 -74.4179 -52.89
-177.7 -67.062 -52.89
-170.329 -66.646 -52.89
-178.25 -59.1007 -52.89
-163.946 95.8978 -52.89
-166.254 89.8241 -52.89
-173.173 85.5234 -52.89
-180.684 129.428 -52.89
-183.962 -128.435 -52.89
-284.764 -165.305 -52.89
-286.066 165.611 -52.89
-182.516 -22.2009 -52.89
-175.587 -32.586 -52.89
-91.5331 163.666 -52.89
-93.3399 -165.552 -52.89
-173.178 147.035 -52.89
-174.055 158.103 -52.89
-180.949 164.189 -52.89
-173.567 -149.828 -52.89
-175.627 -160.615 -52.89
-185.199 -167.135 -52.89
143.41 176.254 -52.89
142.459 -176.454 -52.89
-168.364 83.4249 -52.89
114.472 -13.9616 -52.89
112.442 -5.90367 -52.89
115.897 -2.81481 -52.89
107.989 -0.460512 -52.89
101.798 -3.91179 -52.89
98.6526 1.10407 -52.89
94.6005 -6.24639 -52.89
92.689 0.991721 -52.89
102.17 7.02119 -52.89
86.2752 -7.47709 -52.89
84.3497 0.529383 -52.89
77.3866 -8.44545 -52.89
75.3503 0.0210629 -52.89
67.9531 -9.39591 -52.89
65.8212 -0.357913 -52.89
82.933 8.5687 -52.89
64.3854 8.35921 -52.89
54.939 8.68916 -52.89
55.8084 -0.0475547 -52.89
45.7402 9.72433 -52.89
45.5162 1.48045 -52.89
37.3239 12.2595 -52.89
33.7383 4.41716 -52.89
27.4423 10.4549 -52.89
23.8967 2.83797 -52.89
21.5378 9.77299 -52.89
17.3881 2.91305 -52.89
12.9404 9.08006 -52.89
7.08741 4.44471 -52.89
3.24038 8.89132 -52.89
0.263547 2.26455 -52.89
-2.28728 9.08725 -52.89
-8.09274 1.51307 -52.89
-10.321 9.37594 -52.89
-17.0905 1.18863 -52.89
-19.2621 9.39022 -52.89
-26.47 1.01413 -52.89
-28.5312 9.32058 -52.89
-36.1855 0.940828 -52.89
-38.1482 9.44273 -52.89
-46.2897 0.907922 -52.89
-48.3248 9.73142 -52.89
-56.7927 0.748776 -52.89
-59.3271 10.0976 -52.89
-67.5192 0.193929 -52.89
-70.9838 9.86225 -52.89
-78.1297 -0.930028 -52.89
-82.3785 8.39803 -52.89
-88.3659 -2.5499 -52.89
-74.3087 -9.73735 -52.89
25.6434 -5.19483 -52.89
3.95439 -5.60042 -52.89
-43.7656 -7.81866 -52.89
39.2976 16.9902 -52.89
13.07 15.3195 -52.89
-30.1924 17.4339 -52.89
-14.5597 -7.09381 -52.89
45.539 -7.31968 -52.89
-185.153 -67.4541 -52.89
-188.145 -15.1757 -52.89
182.633 -70.8543 -52.89
174.391 -73.3494 -52.89
177.279 -80.3682 -52.89
53.8409 16.782 -52.89
-11.7839 18.1587 -52.89
217.929 169.764 -52.89
227.771 170.611 -52.89
229.146 162.076 -52.89
207.944 169.08 -52.89
237.466 171.458 -52.89
209.916 -170.294 -52.89
219.737 -171.003 -52.89
230.752 -163.34 -52.89
200.283 -169.747 -52.89
229.671 -171.844 -52.89
151.473 177.03 -52.89
-75.0019 21.8742 -52.89
-87.7053 17.8958 -52.89
-159.498 124.21 -52.89
-155.195 119.805 -52.89
-158.727 -123.42 -52.89
-154.298 -118.53 -52.89
-84.749 -146.725 -52.89
-83.6956 149.543 -52.89
-270.571 172.087 -52.89
-272.403 -173.155 -52.89
88.6485 -15.6478 -52.89
165.696 -77.2777 -52.89
171.194 -84.1457 -52.89
179.491 -85.0242 -52.89
176.318 -89.2337 -52.89
164.28 -89.5377 -52.89
171.208 -95.2892 -52.89
177.855 -100.526 -52.89
184.394 -105.37 -52.89
179.879 -112.26 -52.89
164.16 -102.141 -52.89
-112.449 21.2458 -52.89
-166.3 64.1617 -52.89
-125.228 -1.32445 -52.89
-129.935 172.139 -52.89
-135.606 -173.057 -52.89
-162.574 -2.28901 -52.89
-281.276 171.749 -52.89
-281.821 -171.989 -52.89
-184.939 -27.9588 -52.89
-185.548 43.4673 -52.89
-170.712 -58.7363 -52.89
-299.823 125.011 -52.89
-296.439 -123.877 -52.89
-181.985 59.3373 -52.89
89.7817 179.765 -52.89
89.9372 -180.014 -52.89
259.788 -182.392 -52.89
262.701 179.765 -52.89
191.275 -69.5146 -52.89
-168.653 168.824 -52.89
-159.005 166.085 -52.89
-179.553 174.473 -52.89
-171.373 -170.744 -52.89
-162.242 -167.881 -52.89
-180.92 -176.549 -52.89
-161.543 -92.2255 -52.89
135.601 174.951 -52.89
130.51 165.421 -52.89
126.579 172.785 -52.89
120.166 165.658 -52.89
119.035 176.597 -52.89
114.141 170.267 -52.89
115.081 159.366 -52.89
134.753 -176.147 -52.89
129.561 -169.451 -52.89
126.517 -174.752 -52.89
121.199 -168.216 -52.89
119.357 -177.999 -52.89
114.936 -171.926 -52.89
117.062 -161.857 -52.89
162.263 -52.0923 -52.89
-69.9847 -141.816 -52.89
-63.6601 -138.629 -52.89
-69.216 143.458 -52.89
-63.0606 140.246 -52.89
-219.514 -138.364 -52.89
-217.241 141.044 -52.89
-138.782 172.529 -52.89
-144.301 -173.415 -52.89
179.013 37.1416 -52.89
-58.3769 -144.81 -52.89
-58.1876 146.186 -52.89
145.743 5.27679 -52.89
-160.244 -99.4345 -52.89
180.398 26.057 -52.89
216.852 178.654 -52.89
208.754 -179.009 -52.89
-113.233 1.74277 -52.89
-116.278 -10.6047 -52.89
-178.931 -51.208 -52.89
-186.243 -51.6131 -52.89
166.448 -15.6485 -52.89
176.353 -18.0882 -52.89
-99.5634 -144.659 -52.89
-102.577 146.098 -52.89
-180.428 -2.9047 -52.89
-160.81 -132.228 -52.89
-73.0246 171.153 -52.89
-65.5374 171.584 -52.89
-76.3707 -170.987 -52.89
-67.4838 -170.995 -52.89
109.011 163.765 -52.89
110.251 152.919 -52.89
110.33 -165.455 -52.89
112.88 -155.088 -52.89
189.47 -99.9462 -52.89
-160.004 93.7322 -52.89
-159.617 100.885 -52.89
238.88 163.282 -52.89
240.658 -164.478 -52.89
70.9561 -18.258 -52.89
138.177 5.77706 -52.89
-137.802 2.40925 -52.89
-85.6828 31.1424 -52.89
-164.623 176.95 -52.89
-167.927 -178.15 -52.89
-39.3566 -128.583 -52.89
-39.3666 128.553 -52.89
95.1686 123.518 -52.89
99.807 -124.562 -52.89
207.084 178.216 -52.89
199.165 -178.47 -52.89
164.47 -70.0299 -52.89
-162.888 -73.9816 -52.89
107.72 174.872 -52.89
108.288 -175.937 -52.89
-173.851 -115.905 -52.89
-178.402 115.319 -52.89
231.814 -154.808 -52.89
134.691 182.956 -52.89
134.339 -183.672 -52.89
189.23 35.1482 -52.89
183.52 43.9259 -52.89
173.187 46.0752 -52.89
180.821 49.8769 -52.89
169.186 54.0606 -52.89
177.098 57.8378 -52.89
184.451 61.5978 -52.89
181.341 67.0638 -52.89
173.491 67.4388 -52.89
177.899 76.4672 -52.89
165.509 74.2387 -52.89
170.991 81.2597 -52.89
182.406 83.5532 -52.89
175.897 88.2585 -52.89
164.408 86.5048 -52.89
169.432 93.2118 -52.89
180.673 94.917 -52.89
174.435 99.8335 -52.89
185.412 101.053 -52.89
179.686 106.325 -52.89
162.962 98.2932 -52.89
191.856 66.7512 -52.89
191.076 96.8558 -52.89
159.613 67.9823 -52.89
-189.562 -4.09356 -52.89
122.856 30.498 -52.89
-58.2658 -162.456 -52.89
-57.1461 163.236 -52.89
-70.175 31.0149 -52.89
63.0708 16.7157 -52.89
61.7111 24.9741 -52.89
71.2079 25.0168 -52.89
52.1841 24.8477 -52.89
62.5526 -20.1194 -52.89
-127.17 -32.0311 -52.89
-291.341 168.233 -52.89
-290.3 159.176 -52.89
-288.848 175.478 -52.89
-292.426 -169.069 -52.89
-287.777 -157.867 -52.89
-288.721 -175.79 -52.89
225.189 130.08 -52.89
226.096 -129.712 -52.89
197.937 168.698 -52.89
197.318 177.92 -52.89
188.073 168.583 -52.89
187.645 177.762 -52.89
178.457 168.611 -52.89
178.148 177.685 -52.89
178.455 159.463 -52.89
191.098 -169.248 -52.89
189.739 -177.825 -52.89
180.241 -176.84 -52.89
182.384 -167.958 -52.89
170.32 -175.968 -52.89
184.746 -161.754 -52.89
-139.599 164.226 -52.89
-144.315 -165.77 -52.89
175.216 -26.7935 -52.89
185.61 -18.9522 -52.89
-171.208 -50.6772 -52.89
-163.089 -58.4875 -52.89
-186.217 28.2694 -52.89
-188.162 20.0014 -52.89
236.127 179.697 -52.89
245.525 180.113 -52.89
228.456 -180.253 -52.89
238.662 -181.003 -52.89
125.789 133.534 -52.89
130.418 -130.656 -52.89
-78.3207 170.49 -52.89
-85.0128 -170.815 -52.89
-121.269 171.745 -52.89
-126.791 -172.639 -52.89
-176.036 70.182 -52.89
-184.781 66.8169 -52.89
149.284 -194.846 -52.89
149.324 194.978 -52.89
-153.273 -140.454 -52.89
-159.621 134.779 -52.89
-191.651 -170.554 -52.89
-191.506 168.996 -52.89
-94.3421 26.6735 -52.89
-137.953 180.496 -52.89
-144.585 -180.926 -52.89
-107.713 -7.03292 -52.89
-110.234 -17.6892 -52.89
-102.461 -14.9275 -52.89
-105.924 -24.0486 -52.89
-98.1798 -22.1827 -52.89
-74.9653 178.483 -52.89
-77.2182 -179.122 -52.89
-142.104 51.4683 -52.89
143.896 51.9112 -52.89
-198.948 -12.3326 -52.89
193.629 101.716 -52.89
144.704 -49.7437 -52.89
-146.051 -50.2657 -52.89
190.661 -109.003 -52.89
187.511 -116.13 -52.89
174.943 -119.48 -52.89
183.47 -125.75 -52.89
169.53 -125.81 -52.89
167.746 -114.757 -52.89
174.767 -131.363 -52.89
186.002 -135.169 -52.89
178.745 -138.103 -52.89
-216.275 123.644 -52.89
-217.596 -122.946 -52.89
136.011 -8.91832 -52.89
-313.224 -187.763 -52.89
-312.87 187.214 -52.89
240.245 155.155 -52.89
241.421 147.092 -52.89
241.491 -156.078 -52.89
242.241 -147.69 -52.89
144.395 111.472 -52.89
144.095 -114.031 -52.89
178.737 -186.262 -52.89
177.584 186.739 -52.89
157.191 -76.009 -52.89
-282.19 180.656 -52.89
-284.661 -182.096 -52.89
-187.012 -44.2531 -52.89
187.466 -140.741 -52.89
-54.7568 140.426 -52.89
-52.7339 -137.3 -52.89
-143.093 114.658 -52.89
-142.196 -110.584 -52.89
180.775 -156.684 -52.89
169.011 159.764 -52.89
178.137 150.194 -52.89
261.45 132.402 -52.89
261.603 -132.482 -52.89
120.947 155.166 -52.89
116.453 148.662 -52.89
105.857 146.365 -52.89
123.861 -158.63 -52.89
120.294 -151.685 -52.89
108.836 -147.994 -52.89
161.396 50.2909 -52.89
157.812 57.3284 -52.89
152.522 73.0502 -52.89
207.424 -187.655 -52.89
206.22 187.176 -52.89
-190.465 57.1379 -52.89
189.853 43.3638 -52.89
-193.563 -44.4163 -52.89
-193.358 -51.5911 -52.89
-57.315 171.365 -52.89
-58.509 -170.69 -52.89
-103.053 4.08675 -52.89
-49.7188 196.455 -52.89
-50.1535 -196.149 -52.89
-172.777 12.9387 -52.89
-166.003 9.1776 -52.89
-66.5139 -135.212 -52.89
-71.3147 -136.077 -52.89
-65.7721 136.616 -52.89
-70.7429 137.514 -52.89
-187.224 179.813 -52.89
-195.378 178.209 -52.89
-178.019 186.029 -52.89
-191.974 -177.281 -52.89
-201.298 -176.924 -52.89
-183.333 -186.765 -52.89
168.609 -4.66696 -52.89
159.567 -2.60557 -52.89
176.222 -2.48891 -52.89
183.85 7.49786 -52.89
185.176 -1.43026 -52.89
66.1214 -28.3588 -52.89
55.0815 -22.0853 -52.89
-193.841 -39.3103 -52.89
194.125 59.6514 -52.89
200.212 66.6348 -52.89
195.341 75.1174 -52.89
-166.325 -112.209 -52.89
-167.55 112.314 -52.89
-197.058 22.9643 -52.89
-57.7989 179.898 -52.89
-58.8668 -179.07 -52.89
74.0367 -26.6715 -52.89
168.457 150.676 -52.89
177.69 140.727 -52.89
187.512 140.675 -52.89
187.346 132.264 -52.89
177.936 131.163 -52.89
179.071 120.322 -52.89
170.416 121.867 -52.89
189.209 124.498 -52.89
-81.999 175.06 -52.89
-86.4021 -178.638 -52.89
111.678 141.897 -52.89
102.962 141.163 -52.89
116.372 -144.317 -52.89
105.903 -142.446 -52.89
-189.934 12.1301 -52.89
190.64 -60.9047 -52.89
199.84 -68.9641 -52.89
191.484 -77.6393 -52.89
-116.442 -21.4843 -52.89
-147.623 173.261 -52.89
-152.611 -173.957 -52.89
113.632 181.181 -52.89
113.941 -182.129 -52.89
184.809 -28.1292 -52.89
-157.617 -93.8827 -52.89
-156.472 -87.9238 -52.89
-154.213 -102.894 -52.89
-295.914 -161.905 -52.89
-300.919 163.924 -52.89
-156.197 96.1618 -52.89
-153.912 105.235 -52.89
-172.848 -142.882 -52.89
-172.901 140.744 -52.89
108.85 -187.2 -52.89
-180.923 75.2672 -52.89
-186.983 73.9603 -52.89
-188.086 81.3362 -52.89
-101.248 33.7498 -52.89
-164.564 -127.41 -52.89
-165.168 128.078 -52.89
-102.827 -30.3165 -52.89
-94.7266 -29.1406 -52.89
-89.5632 -20.556 -52.89
-86.0534 -28.0417 -52.89
-48.7226 -145.557 -52.89
-49.0612 146.18 -52.89
234.939 188.025 -52.89
237.172 -189.161 -52.89
-153.916 90.698 -52.89
58.425 -30.0696 -52.89
-200.175 -43.4874 -52.89
-77.7904 186.917 -52.89
-78.0625 -187.545 -52.89
-198.709 -37.0424 -52.89
182.972 -144.54 -52.89
171.424 -142.009 -52.89
145.576 -2.39627 -52.89
150.984 66.8532 -52.89
129.528 0.462137 -52.89
158.242 -68.6681 -52.89
-150.245 -89.0632 -52.89
60.4026 33.2753 -52.89
100.046 180.409 -52.89
100.359 -180.973 -52.89
215.853 187.44 -52.89
217.128 -188.08 -52.89
50.4731 33.2214 -52.89
39.6312 42.1008 -52.89
38.9654 33.1785 -52.89
-198.494 -3.17781 -52.89
-207.634 -10.6781 -52.89
-169.401 1.75613 -52.89
-300.692 152.867 -52.89
-292.891 151.625 -52.89
-302.057 144.005 -52.89
-294.589 143.126 -52.89
-304.164 135.487 -52.89
-298.379 -153.946 -52.89
-290.711 -150.143 -52.89
-300.054 -146.097 -52.89
-293.369 -142.368 -52.89
-301.49 -140.64 -52.89
173.223 111.653 -52.89
166.409 116.497 -52.89
-94.7902 39.9985 -52.89
-297.247 -134.117 -52.89
-286.279 -138.519 -52.89
-296.848 134.312 -52.89
-286.455 142.42 -52.89
165.543 -130.099 -52.89
-184.773 3.91789 -52.89
198.689 93.2366 -52.89
193.171 85.9103 -52.89
-97.9989 15.1006 -52.89
248.654 164.448 -52.89
250.644 -165.738 -52.89
250.975 148.328 -52.89
242.298 139.095 -52.89
233.301 138.105 -52.89
251.713 -148.819 -52.89
242.855 -139.406 -52.89
233.838 -138.347 -52.89
-49.2693 -161.738 -52.89
-48.6766 162.286 -52.89
31.5014 37.3643 -52.89
30.6009 28.7545 -52.89
195.381 -19.3334 -52.89
98.242 150.616 -52.89
97.3377 141.112 -52.89
95.1456 156.996 -52.89
99.905 -151.782 -52.89
99.2622 -142.356 -52.89
96.2114 -157.888 -52.89
190.109 -151.092 -52.89
153.662 47.2084 -52.89
193.778 -134.286 -52.89
201.973 86.7045 -52.89
-123.403 43.1607 -52.89
-112.225 37.0967 -52.89
168.318 186.601 -52.89
168.9 177.609 -52.89
159.305 186.318 -52.89
169.107 -185.837 -52.89
160.279 -175.934 -52.89
159.579 -185.599 -52.89
126.895 151.538 -52.89
127.935 -148.677 -52.89
168.048 104.878 -52.89
161.519 109.755 -52.89
156.744 103.384 -52.89
158.018 91.6359 -52.89
153.437 85.1664 -52.89
185.832 112.265 -52.89
148.019 88.8812 -52.89
146.175 84.1587 -52.89
160.259 -60.7402 -52.89
195.567 -118.556 -52.89
197.569 -111.095 -52.89
244.27 188.212 -52.89
253.349 188.174 -52.89
254.414 180.327 -52.89
248.616 -190.034 -52.89
253.975 -193.664 -52.89
248.998 -181.657 -52.89
130.319 157.414 -52.89
130.967 -155.897 -52.89
154.074 63.2175 -52.89
193.164 117.182 -52.89
-49.6403 -178.777 -52.89
-48.9393 179.3 -52.89
114.464 -39.564 -52.89
251.64 140.057 -52.89
249.991 156.498 -52.89
252.099 -140.328 -52.89
251.224 -157.321 -52.89
205.611 -112.733 -52.89
252.362 -131.884 -52.89
252.077 131.754 -52.89
159.084 79.9119 -52.89
-70.8162 -130.039 -52.89
-70.4182 131.073 -52.89
207.11 104.143 -52.89
-196.832 80.052 -52.89
-188.723 89.2086 -52.89
-197.434 88.266 -52.89
-197.553 96.4855 -52.89
-290.977 184.098 -52.89
-298.775 181.221 -52.89
-282.656 186.626 -52.89
-274.26 187.807 -52.89
-265.931 188.03 -52.89
-291.425 -187.145 -52.89
-297.09 -180.185 -52.89
-285.484 -190.413 -52.89
-280.589 -188.072 -52.89
-270.501 -191.754 -52.89
-149.172 164.743 -52.89
-153.192 -166.464 -52.89
-200.521 -20.6121 -52.89
214.896 196.179 -52.89
215.589 -196.507 -52.89
190.58 106.097 -52.89
154.662 -41.8357 -52.89
-195.573 72.0841 -52.89
197.105 110.055 -52.89
162.044 -83.2299 -52.89
156.523 -89.4657 -52.89
161.443 -95.7309 -52.89
155.595 -101.941 -52.89
160.551 -111.011 -52.89
153.422 -108.476 -52.89
156.882 -117.712 -52.89
156.378 -95.7565 -52.89
149.929 -89.6421 -52.89
156.756 -82.9041 -52.89
172.533 -107.544 -52.89
158.274 195.493 -52.89
158.424 -195.206 -52.89
-157.633 110.594 -52.89
207.191 -86.163 -52.89
198.826 -85.6918 -52.89
196.695 -94.9487 -52.89
-157.249 -109.086 -52.89
59.286 41.5995 -52.89
-151.019 -112.677 -52.89
-151.687 114.872 -52.89
-160.129 55.8024 -52.89
-155.673 63.5638 -52.89
-160.834 68.3718 -52.89
-153.359 67.8708 -52.89
-155.712 72.5253 -52.89
-149.512 74.5322 -52.89
-158.324 44.8577 -52.89
-169.184 69.1787 -52.89
-59.6766 -196.221 -52.89
-58.5974 196.849 -52.89
-162.557 -81.2567 -52.89
-156.089 -73.8484 -52.89
-155.913 -66.2461 -52.89
-156.181 -81.1624 -52.89
-163.048 -66.3461 -52.89
-155.476 -58.4233 -52.89
-154.94 -50.4825 -52.89
233.899 196.437 -52.89
235.114 -197.135 -52.89
164.949 42.4363 -52.89
-100.259 -36.5945 -52.89
-111.964 -31.6967 -52.89
-284.445 156.966 -52.89
-280.249 -153.935 -52.89
-207.536 -95.2986 -52.89
-207.755 -85.9409 -52.89
-200.037 -76.5041 -52.89
-200.346 -67.6953 -52.89
-192.214 -76.1849 -52.89
-199.638 -85.4791 -52.89
-208.091 -67.4839 -52.89
-208.162 -58.4462 -52.89
-191.589 -84.8764 -52.89
-206.459 96.2116 -52.89
-159.964 89.0235 -52.89
-206.889 126.568 -52.89
-208.484 -123.772 -52.89
-162.053 -87.7655 -52.89
-93.6305 -144.982 -52.89
-88.4097 -139.56 -52.89
-78.6106 -137.417 -52.89
-86.913 -130.478 -52.89
-97.7077 -137.648 -52.89
-106.153 -136.88 -52.89
-107.701 -144.092 -52.89
-116.144 -143.418 -52.89
-95.5745 149.353 -52.89
-88.7932 141.661 -52.89
-78.2522 139.06 -52.89
-87.2399 131.483 -52.89
-99.2106 138.803 -52.89
-107.96 136.962 -52.89
-110.463 144.051 -52.89
-118.752 142.408 -52.89
-165.208 -195.906 -52.89
-154.15 -188.114 -52.89
-163.875 -185.917 -52.89
-156.668 193.495 -52.89
-151.847 187.745 -52.89
-161.282 184.492 -52.89
206.99 40.2528 -52.89
104.792 -40.5537 -52.89
102.469 -31.4705 -52.89
93.4086 -32.5623 -52.89
100.047 -22.6552 -52.89
102.508 168.056 -52.89
103.347 -169.141 -52.89
-149.82 53.0171 -52.89
116.509 -194.466 -52.89
116.43 194.084 -52.89
-138.776 9.70186 -52.89
-143.784 2.30043 -52.89
-138.246 -5.71782 -52.89
111.628 -30.0025 -52.89
230.684 153.732 -52.89
150.984 54.1609 -52.89
-245.709 196.134 -52.89
-238.349 187.237 -52.89
-229.083 187.018 -52.89
-231.273 178.465 -52.89
-240.24 178.628 -52.89
-222.455 177.856 -52.89
-219.997 186.503 -52.89
-213.871 177.251 -52.89
-247.873 187.287 -52.89
-249.636 178.407 -52.89
-253.838 -196.075 -52.89
-246.23 -185.676 -52.89
-237.767 -182.953 -52.89
-240.367 -174.708 -52.89
-248.391 -177.473 -52.89
-230.084 -179.738 -52.89
-227.945 -185.457 -52.89
-221.497 -175.695 -52.89
-254.943 -187.436 -52.89
-256.066 -179.4 -52.89
-77.3391 -144.094 -52.89
-76.4106 146.091 -52.89
-213.309 -195.309 -52.89
-212.124 -185.834 -52.89
-221.354 -185.627 -52.89
-210.892 -176.427 -52.89
-218.126 -166.679 -52.89
-207.87 194.662 -52.89
-203.431 183.012 -52.89
-211.209 185.491 -52.89
-207.37 177.246 -52.89
-215.538 167.312 -52.89
97.5694 41.5999 -52.89
98.1125 33.4967 -52.89
88.9659 33.4135 -52.89
89.9625 25.1525 -52.89
99.0861 25.4321 -52.89
91.0957 16.7367 -52.89
100.503 16.989 -52.89
107.649 26.1155 -52.89
109.748 18.0841 -52.89
115.335 27.7904 -52.89
81.7565 16.7682 -52.89
118.412 20.1727 -52.89
122.681 11.0611 -52.89
112.932 33.1732 -52.89
91.9213 8.50013 -52.89
-298.384 -172.325 -52.89
-298.818 173.147 -52.89
196.613 128.137 -52.89
-224.286 -142.129 -52.89
-233.299 -139.457 -52.89
-228.439 -136.304 -52.89
-233.521 -129.835 -52.89
-238.59 -136.614 -52.89
-240.464 -127.622 -52.89
-246.623 -131.52 -52.89
-249.934 -139.873 -52.89
-255.533 -137.281 -52.89
-221.355 144.341 -52.89
-227.001 141.556 -52.89
-223.26 135.951 -52.89
-230.807 129.991 -52.89
-234.92 137.326 -52.89
-238.477 127.846 -52.89
-244.39 131.835 -52.89
-246.823 140.391 -52.89
-253.261 137.58 -52.89
159.027 31.38 -52.89
86.3195 -41.7283 -52.89
84.6518 -33.5453 -52.89
153.337 -50.6367 -52.89
170.235 -64.1333 -52.89
204.506 9.6209 -52.89
193.801 8.78238 -52.89
191.846 18.1661 -52.89
202.812 21.2898 -52.89
196.355 27.5854 -52.89
207.645 66.9036 -52.89
207.759 58.1337 -52.89
206.801 -48.2638 -52.89
197.902 -50.1694 -52.89
193.833 -40.4773 -52.89
205.715 -39.0408 -52.89
205.523 -9.80522 -52.89
205.552 -19.3653 -52.89
-206.845 16.7853 -52.89
-206.321 25.8614 -52.89
208.221 -62.3881 -52.89
207.98 -68.5218 -52.89
247.075 172.233 -52.89
239.727 -172.783 -52.89
191.583 -160.986 -52.89
188.227 159.264 -52.89
-123.161 -15.4278 -52.89
-184.542 -195.797 -52.89
-194.121 -195.659 -52.89
-176.946 195.274 -52.89
-186.177 194.907 -52.89
164.858 61.6015 -52.89
-144.314 -157.83 -52.89
-153.688 -158.249 -52.89
-139.986 155.44 -52.89
-150.512 155.331 -52.89
-130.454 -9.60597 -52.89
-205.651 52.3639 -52.89
-203.242 44.6822 -52.89
-193.592 38.9015 -52.89
-194.816 48.1711 -52.89
169.149 168.691 -52.89
160.23 168.762 -52.89
171.991 -164.157 -52.89
159.867 -166.232 -52.89
-57.0343 135.296 -52.89
-50.9047 135.256 -52.89
-54.5153 127.632 -52.89
-58.7703 -133.647 -52.89
-55.1329 -127.326 -52.89
177.364 -195.6 -52.89
186.893 -195.832 -52.89
176.839 195.809 -52.89
186.291 195.879 -52.89
103.06 124.629 -52.89
109.542 -124.612 -52.89
106.714 33.4921 -52.89
-137.313 196.484 -52.89
-128.083 196.471 -52.89
-128.583 188.196 -52.89
-119.508 187.783 -52.89
-109.179 195.866 -52.89
-110.249 187.047 -52.89
-111.612 178.713 -52.89
-102.79 177.095 -52.89
-100.553 185.781 -52.89
-94.4099 174.065 -52.89
-146.132 -196.628 -52.89
-136.74 -196.698 -52.89
-126.959 -188.419 -52.89
-117.517 -188.003 -52.89
-117.704 -196.422 -52.89
-107.732 -187.399 -52.89
-117.621 -179.789 -52.89
-108.063 -178.719 -52.89
-97.6423 -187.018 -52.89
-96.7819 -176.585 -52.89
-107.997 -196.201 -52.89
98.9446 196.916 -52.89
99.0067 -197.059 -52.89
-150.319 83.6431 -52.89
-84.1686 -11.0639 -52.89
132.521 -197.069 -52.89
126.74 -189.378 -52.89
132.577 196.824 -52.89
126.785 188.746 -52.89
141.052 193.429 -52.89
125.427 161.033 -52.89
127.112 -164.981 -52.89
-269.4 -146.806 -52.89
-261.477 -141.278 -52.89
-270.034 -141.408 -52.89
-264.06 -132.239 -52.89
-271.751 -133.575 -52.89
-279.107 -135.534 -52.89
-253.839 -146.698 -52.89
-276.707 -143.28 -52.89
-268.349 147.392 -52.89
-259.421 141.55 -52.89
-269.626 141.105 -52.89
-263.14 132.017 -52.89
-271.817 132.557 -52.89
-280.488 132.953 -52.89
-249.982 147.469 -52.89
-278.021 141.712 -52.89
-284.82 150.923 -52.89
-283.493 -146.45 -52.89
77.8815 -42.2315 -52.89
-233.297 -192.454 -52.89
132.673 161.36 -52.89
133.422 -162.705 -52.89
-190.838 -93.7556 -52.89
-148.821 8.35093 -52.89
-152.492 0.756002 -52.89
-42.1585 137.312 -52.89
-41.9723 -137.502 -52.89
-238.213 144.337 -52.89
-99.3077 195.295 -52.89
-313.704 -149.965 -52.89
-314.894 144.026 -52.89
-67.0147 -155.418 -52.89
-65.496 156.742 -52.89
-313.193 -132.789 -52.89
-313.377 129.359 -52.89
124.546 -141.027 -52.89
122.873 144.748 -52.89
234.51 -122.798 -52.89
243.254 -131.24 -52.89
234.112 122.846 -52.89
242.857 131.12 -52.89
-179.128 -117.774 -52.89
-182.469 121.183 -52.89
-226.733 195.874 -52.89
120.728 -4.54393 -52.89
188.058 149.83 -52.89
197.916 139.252 -52.89
78.6358 41.6253 -52.89
79.5781 33.3509 -52.89
-225.026 169.808 -52.89
-64.1705 -8.77695 -52.89
-70.7532 -18.157 -52.89
-60.9058 -17.3586 -52.89
-67.4189 -26.2988 -52.89
-57.7247 -25.6836 -52.89
-50.947 -16.7939 -52.89
-47.9231 -25.2219 -52.89
-40.9942 -16.4069 -52.89
-38.096 -24.8787 -52.89
-31.131 -16.1209 -52.89
-28.3014 -24.6074 -52.89
-44.8975 -33.5158 -52.89
-21.3958 -15.8547 -52.89
-18.5682 -24.3576 -52.89
-11.7847 -15.5314 -52.89
-8.89399 -24.0837 -52.89
-2.24225 -15.0718 -52.89
0.758455 -23.758 -52.89
7.4101 -14.4154 -52.89
10.4452 -23.4177 -52.89
17.3589 -13.9553 -52.89
20.1675 -23.1859 -52.89
3.73471 -32.483 -52.89
27.3863 -14.1304 -52.89
29.7881 -23.1424 -52.89
37.0252 -14.6701 -52.89
39.0403 -23.1908 -52.89
32.5619 -32.0214 -52.89
45.9455 -15.3971 -52.89
47.5412 -23.0687 -52.89
-24.0575 -7.3857 -52.89
-53.9254 -8.16425 -52.89
-49.56 18.4514 -52.89
-49.8967 26.8043 -52.89
-40.2538 25.9106 -52.89
-49.6246 34.7168 -52.89
-59.0728 35.8586 -52.89
-40.2916 33.8525 -52.89
-39.7582 41.8152 -52.89
-31.5496 32.9489 -52.89
-31.2954 25.2617 -52.89
-23.2143 24.9016 -52.89
-21.3036 17.4375 -52.89
-16.5481 25.5536 -52.89
-8.25051 22.4737 -52.89
-10.7865 27.0235 -52.89
-4.30794 27.8284 -52.89
-2.71985 21.58 -52.89
2.74813 28.7279 -52.89
-5.26037 -6.58615 -52.89
225.116 122.622 -52.89
234.417 -130.517 -52.89
-313.955 -167.814 -52.89
233.875 130.521 -52.89
-22.4223 -41.4877 -52.89
-58.5058 42.9323 -52.89
-67.4347 43.5156 -52.89
-73.9288 38.9377 -52.89
13.4274 41.418 -52.89
17.9013 33.4905 -52.89
3.05566 39.4492 -52.89
-13.7836 41.5805 -52.89
-70.8457 -42.3548 -52.89
-80.297 -42.6379 -52.89
-39.5329 17.7975 -52.89
18.7646 16.4191 -52.89
14.8532 23.4761 -52.89
35.551 -5.89819 -52.89
-114.718 -136.22 -52.89
-113.143 -129.076 -52.89
-181.376 -37.6589 -52.89
-172.239 -42.3368 -52.89
-163.494 -31.8693 -52.89
28.2527 17.1376 -52.89
-60.1331 28.2434 -52.89
45.3472 16.8996 -52.89
226.087 -122.437 -52.89
156.43 39.5631 -52.89
-241.85 170.29 -52.89
-251.532 -170.51 -52.89
56.7818 -10.7398 -52.89
14.3145 -3.27957 -52.89
-132.26 -27.4125 -52.89
196.593 186.977 -52.89
197.833 -187.24 -52.89
-233.219 -164.987 -52.89
-163.846 106.077 -52.89
-163.605 -105.521 -52.89
73.7683 8.41434 -52.89
-33.7896 -7.59488 -52.89
52.36 -16.3304 -52.89
-180.432 -138.338 -52.89
-171.46 -131.944 -52.89
-179.061 136.055 -52.89
-171.587 131.904 -52.89
-314.065 161.106 -52.89
-290.59 -123.684 -52.89
-291.631 124.403 -52.89
-313.894 -181.893 -52.89
-40.2762 -169.624 -52.89
-40.0544 152.661 -52.89
-40.1356 -152.393 -52.89
219.059 136.437 -52.89
218.963 -135.71 -52.89
-249.292 -122.799 -52.89
-248.317 122.897 -52.89
-111.976 121.714 -52.89
232.19 145.757 -52.89
232.892 -146.428 -52.89
262.744 174.136 -52.89
198.373 159.168 -52.89
200.997 -160.844 -52.89
194.022 -126.449 -52.89
79.8489 -16.9073 -52.89
-60.6217 19.5604 -52.89
89.4243 173.785 -52.89
89.6554 -174.099 -52.89
226.548 179.176 -52.89
218.514 -179.588 -52.89
155.003 133.535 -52.89
140.743 -16.9036 -52.89
-242.291 -143.521 -52.89
260.348 -175.521 -52.89
129.918 141.458 -52.89
133.023 -138.392 -52.89
-39.956 169.886 -52.89
192.845 -104.109 -52.89
-57.4325 155.215 -52.89
-58.2233 -154.223 -52.89
132.857 11.8502 -52.89
-142.458 -66.3304 -52.89
142.72 -70.0943 -52.89
144.467 70.6065 -52.89
143.123 -90.0818 -52.89
-142.397 96.5679 -52.89
-163.093 -50.3891 -52.89
-141.524 18.4255 -52.89
-142.6 82.5061 -52.89
-116.526 135.354 -52.89
184.014 -78.4257 -52.89
135.918 155.237 -52.89
138.566 -153.52 -52.89
-313.391 178.643 -52.89
-80.0998 164.664 -52.89
-84.5288 -162.334 -52.89
153.91 4.97508 -52.89
-66.5897 179.88 -52.89
-68.054 -179.208 -52.89
156.646 -17.5401 -52.89
154.662 -9.92981 -52.89
184.644 72.203 -52.89
-192.676 -23.9518 -52.89
-113.781 163.984 -52.89
-118.259 -164.619 -52.89
172.397 15.1277 -52.89
142.075 -184.728 -52.89
142.48 184.55 -52.89
126.346 22.9334 -52.89
-259.051 168.316 -52.89
-261.321 -171.15 -52.89
-170.568 179.315 -52.89
-173.858 -180.778 -52.89
-210.774 -132.764 -52.89
-210.182 136.035 -52.89
-100.791 161.67 -52.89
-103.169 -162.055 -52.89
-161.901 19.2855 -52.89
186.965 90.3431 -52.89
184.055 -93.1459 -52.89
-204.233 -157.525 -52.89
-190.011 -159.732 -52.89
-197.076 156.488 -52.89
-188.102 160.906 -52.89
-135.242 -157.688 -52.89
-130.305 156.153 -52.89
-94.0447 -122.581 -52.89
-94.3911 122.844 -52.89
-123.434 -135.475 -52.89
-125.122 133.586 -52.89
150.35 29.3765 -52.89
-143.266 -141.206 -52.89
-145.719 134.671 -52.89
-275.086 179.016 -52.89
-278.086 -178.025 -52.89
225.442 187.741 -52.89
226.998 -188.564 -52.89
189.837 53.3254 -52.89
193.748 132.971 -52.89
-175.908 35.3277 -52.89
174.033 -35.6801 -52.89
189.372 -52.4732 -52.89
183.271 -37.1728 -52.89
-171.801 77.3269 -52.89
-193.39 64.4556 -52.89
148.61 80.1245 -52.89
-187.507 50.1742 -52.89
-144.459 -116.317 -52.89
-145.554 119.006 -52.89
-220.783 -131.642 -52.89
-218.998 130.508 -52.89
112.251 9.59727 -52.89
-185.167 36.3057 -52.89
-185.678 -59.3979 -52.89
184.461 -85.1397 -52.89
-18.8224 30.4044 -52.89
-199.171 -94.5947 -52.89
-266.137 -123.828 -52.89
225.242 -137.011 -52.89
224.976 137.086 -52.89
104.165 157.377 -52.89
105.842 -158.89 -52.89
-265.771 123.568 -52.89
-148.892 44.4414 -52.89
-120.222 -121.623 -52.89
-120.579 120.935 -52.89
199.153 50.7061 -52.89
188.909 79.0687 -52.89
147.318 118.039 -52.89
-163.886 -149.821 -52.89
-163.668 146.691 -52.89
145.558 -40.7124 -52.89
149.127 -119.396 -52.89
-195.929 -30.9102 -52.89
-200.935 164.194 -52.89
-199.129 -166.456 -52.89
-30.7543 41.0613 -52.89
117.45 39.0897 -52.89
-118.812 -39.836 -52.89
128.409 -122.862 -52.89
121.513 124.697 -52.89
145.773 44.7744 -52.89
142.212 90.337 -52.89
-120.252 36.282 -52.89
-156.677 10.3728 -52.89
163.2 -121.527 -52.89
-196.897 104.414 -52.89
98.1842 161.566 -52.89
99.2079 -162.571 -52.89
-303.617 -195.829 -52.89
-303.42 195.559 -52.89
-153.796 -149.486 -52.89
-151.732 143.624 -52.89
-162.242 -119.417 -52.89
-163.247 120.14 -52.89
120.288 -27.6153 -52.89
72.4394 16.7303 -52.89
151.72 -58.899 -52.89
252.36 123.432 -52.89
252.503 -123.481 -52.89
-40.2131 187.415 -52.89
-40.4993 -187.202 -52.89
90.0523 188.011 -52.89
-226.61 -127.639 -52.89
80.6312 25.0622 -52.89
-307.14 126.649 -52.89
-224.508 127.47 -52.89
90.1391 -188.174 -52.89
-304.456 -124.054 -52.89
-103.315 23.4171 -52.89
-116.629 29.053 -52.89
-83.9418 42.364 -52.89
-47.2033 -122.328 -52.89
-47.1175 122.364 -52.89
90.3362 -133.308 -52.89
89.2295 132.421 -52.89
199.045 81.6722 -52.89
70.0555 33.312 -52.89
150.873 107.932 -52.89
-146.24 181.005 -52.89
-152.837 -180.868 -52.89
43.1974 24.1045 -52.89
158.312 -129.115 -52.89
-149.35 60.7279 -52.89
-107.865 12.8314 -52.89
-92.9611 6.27533 -52.89
116.868 -19.4907 -52.89
122.3 -182.36 -52.89
122.207 181.245 -52.89
-180.403 90.3277 -52.89
-98.1981 -4.54327 -52.89
-142.958 -82.0699 -52.89
98.2603 130.951 -52.89
99.6562 -133.785 -52.89
149.844 -75.5775 -52.89
106.04 136.019 -52.89
110.494 -135.712 -52.89
-273.891 -184.493 -52.89
-267.346 181.896 -52.89
118.079 137.176 -52.89
-183.694 -84.0711 -52.89
-2.76008 15.4083 -52.89
121.393 -132.737 -52.89
154.728 114.208 -52.89
54.0633 -40.2552 -52.89
-93.6195 -12.7652 -52.89
148.597 60.1211 -52.89
-207.294 -1.57778 -52.89
167.874 -135.114 -52.89
108.839 -21.2619 -52.89
-68.0952 190.313 -52.89
-68.6445 -187.648 -52.89
-184.533 -75.6826 -52.89
9.97132 30.9785 -52.89
-257.245 187.613 -52.89
145.196 -11.6793 -52.89
-263.202 -189.055 -52.89
-80.3515 -19.2157 -52.89
-54.6258 -33.8389 -52.89
-205.934 -33.9034 -52.89
-192.698 -67.6888 -52.89
197.444 33.6634 -52.89
-155.619 -6.21843 -52.89
153.68 -2.55631 -52.89
-165.87 73.3909 -52.89
-76.9003 -27.084 -52.89
-111.502 -122.043 -52.89
-207.604 -41.2946 -52.89
262.186 187.742 -52.89
259.877 -191.561 -52.89
167.515 141.116 -52.89
-159.27 4.93402 -52.89
-5.95149 -32.683 -52.89
159.273 121.191 -52.89
-200.56 -50.9421 -52.89
195.399 -10.0011 -52.89
150.48 -185.345 -52.89
150.658 185.698 -52.89
-114.202 128.448 -52.89
163.503 -145.578 -52.89
-140.089 -12.7502 -52.89
23.0564 -32.1392 -52.89
-104.469 -129.623 -52.89
167.121 -153.827 -52.89
188.3 -186.775 -52.89
-49.1511 -153.366 -52.89
-48.8496 153.985 -52.89
187.029 186.841 -52.89
-105.497 129.654 -52.89
159.983 160.171 -52.89
-226.739 -170.912 -52.89
201.876 -127.181 -52.89
-95.7471 -130.18 -52.89
193.288 -141.867 -52.89
-96.5166 130.807 -52.89
-191.537 43.5824 -52.89
166.156 129.542 -52.89
148.104 103.606 -52.89
-256.484 -173.789 -52.89
150.403 -167.595 -52.89
151.794 168.726 -52.89
161.974 -7.69785 -52.89
-172.131 -3.83039 -52.89
-48.0013 -140.074 -52.89
-250.439 170.058 -52.89
-49.6632 139.587 -52.89
22.7819 25.8782 -52.89
-198.488 5.82728 -52.89
-153.842 182.322 -52.89
-158.762 -180.517 -52.89
142.993 -82.6205 -52.89
205.976 -196.281 -52.89
205.347 196.054 -52.89
-209.855 -167.627 -52.89
-142.76 74.7053 -52.89
194.908 -0.719821 -52.89
98.786 -189.593 -52.89
-204.776 171.825 -52.89
-85.3442 -122.7 -52.89
-85.508 123.138 -52.89
35.5916 21.8468 -52.89
98.6442 189.295 -52.89
170.978 -9.9162 -52.89
150.902 -176.318 -52.89
159.979 177.431 -52.89
159.162 151.494 -52.89
-78.358 -130.225 -52.89
-78.2621 131.299 -52.89
198.335 -103.832 -52.89
187.934 -46.4077 -52.89
-288.484 -129.624 -52.89
-288.867 133.508 -52.89
190.758 -90.8207 -52.89
95.2849 171.631 -52.89
95.749 -172.242 -52.89
-176.006 -124.846 -52.89
-176.537 126.016 -52.89
-189.537 104.119 -52.89
177.047 -10.1652 -52.89
-305.593 -132.788 -52.89
199.053 102.573 -52.89
107.152 -11.8207 -52.89
-182.79 9.2546 -52.89
-68.836 -123.012 -52.89
-68.6214 123.543 -52.89
4.60284 13.1416 -52.89
-192.715 185.686 -52.89
-202.53 -186.165 -52.89
256.769 172.748 -52.89
249.94 -173.876 -52.89
-264.366 196.314 -52.89
-268.242 -197.348 -52.89
199.44 -77.3567 -52.89
-63.8234 132.084 -52.89
-64.5449 -130.985 -52.89
89.9747 -158.556 -52.89
89.3556 158.038 -52.89
-198.978 54.6524 -52.89
-52.9082 -122.206 -52.89
-52.7023 122.338 -52.89
97.4123 -14.1209 -52.89
131.146 7.2814 -52.89
261.208 141.035 -52.89
261.47 -141.193 -52.89
-46.5127 130.705 -52.89
-0.283947 33.9158 -52.89
150.688 -101.01 -52.89
-46.5061 -130.758 -52.89
-299.563 186.962 -52.89
-299.668 -187.221 -52.89
-195.617 31.4164 -52.89
-174.216 -187.082 -52.89
-169.389 185.814 -52.89
-193.072 -59.4424 -52.89
91.118 -24.0311 -52.89
-148.295 -58.6683 -52.89
-87.2395 169.614 -52.89
141.945 83.4873 -52.89
201.342 -59.3505 -52.89
-91.3474 -170.602 -52.89
200.19 72.4692 -52.89
82.4061 -25.2846 -52.89
-87.6738 -187.214 -52.89
-274.471 123.813 -52.89
-274.257 -124.704 -52.89
185.78 -10.1444 -52.89
-49.4252 -170.209 -52.89
-48.7269 170.721 -52.89
-88.7777 183.353 -52.89
-73.7593 -34.7684 -52.89
-121.475 -26.6958 -52.89
-78.3969 35.8123 -52.89
89.376 141.432 -52.89
90.2657 -142.219 -52.89
69.3266 -36.4066 -52.89
182.122 16.6542 -52.89
207.718 86.4256 -52.89
-241.266 -122.221 -52.89
-260.996 177.728 -52.89
-148.043 -106.635 -52.89
-148.215 109.84 -52.89
-265.437 -179.497 -52.89
62.2063 -38.7558 -52.89
199.943 58.8741 -52.89
-51.5974 -41.8934 -52.89
-41.8854 -41.7272 -52.89
194.924 -29.0603 -52.89
-163.57 -159.14 -52.89
-161.438 156.389 -52.89
-64.2688 -34.2537 -52.89
-240.167 122.322 -52.89
76.5445 -34.6132 -52.89
-79.5274 195.913 -52.89
-88.4387 -196.093 -52.89
-180.051 -43.4919 -52.89
-206.507 87.3115 -52.89
189.756 26.8887 -52.89
-256.226 -131.38 -52.89
-49.8898 -187.431 -52.89
-200.543 -59.1224 -52.89
256.715 -187.804 -52.89
142.6 58.4995 -52.89
6.72124 -41.1961 -52.89
-35.1358 -33.264 -52.89
-49.2434 187.919 -52.89
-72.9796 196.803 -52.89
-78.7784 -196.185 -52.89
-142.609 59.2461 -52.89
-160.181 -114.999 -52.89
-161.034 115.938 -52.89
-2.98267 -41.2922 -52.89
-112.945 171.035 -52.89
-98.0086 167.224 -52.89
-25.3814 -33.0592 -52.89
143.796 -57.8332 -52.89
-58.135 188.562 -52.89
50.4091 -31.2697 -52.89
-15.6519 -32.8723 -52.89
-59.268 -187.593 -52.89
35.6376 -40.93 -52.89
-117.976 -171.971 -52.89
206.258 114.554 -52.89
-108.352 30.728 -52.89
-254.656 131.498 -52.89
26.0693 -41.023 -52.89
-100.912 -168.52 -52.89
-205.258 69.8172 -52.89
-105.132 169.651 -52.89
-163.132 -41.7007 -52.89
13.416 -32.2894 -52.89
-233.213 170.349 -52.89
-149.68 -81.5537 -52.89
-225.688 -122.258 -52.89
-224.549 122.274 -52.89
-149.029 -66.3043 -52.89
-147.63 -43.8264 -52.89
-315.755 123.543 -52.89
143.026 104.87 -52.89
-282.859 195.284 -52.89
-284.584 -196.126 -52.89
260.18 158.078 -52.89
261.037 -158.627 -52.89
-312.683 -124.008 -52.89
6.64551 20.278 -52.89
-176.141 5.66158 -52.89
145.637 -105.524 -52.89
-109.199 -170.758 -52.89
-129.235 180.109 -52.89
25.8648 35.612 -52.89
-135.81 -180.763 -52.89
-120.416 179.595 -52.89
-149.38 -73.9631 -52.89
-190.44 4.43176 -52.89
206.616 -104.324 -52.89
-164.642 -139.339 -52.89
-167.061 138.588 -52.89
41.7574 -31.8224 -52.89
-126.806 -180.409 -52.89
-140.51 -106.122 -52.89
-141.275 111.818 -52.89
-208.256 -19.0801 -52.89
261.684 -123.786 -52.89
261.611 123.754 -52.89
-137.443 188.374 -52.89
90.3592 -124.262 -52.89
89.2853 123.704 -52.89
-6.20225 34.2893 -52.89
-198.058 14.4459 -52.89
-136.196 -188.63 -52.89
-39.3484 122.847 -52.89
-39.3605 -122.85 -52.89
-145.808 188.258 -52.89
-145.258 -188.602 -52.89
-312.242 -196.094 -52.89
-312.117 195.935 -52.89
30.6889 42.6909 -52.89
90.1916 196.461 -52.89
90.2282 -196.537 -52.89
261.509 -197.644 -52.89
261.768 196.245 -52.89
-98.4643 -43.0371 -52.89
-148.253 93.8206 -52.89
-40.454 196.17 -52.89
-40.628 -196.043 -52.89
-133.787 -14.2441 -52.89
-151.667 -96.2799 -52.89
-143.326 -90.1831 -52.89
-150.585 99.6584 -52.89
-145.642 -2.77604 -52.89
-83.0046 -35.3676 -52.89
108.634 186.625 -52.89
-203.117 -27.4628 -52.89
-130.408 -20.8874 -52.89
119.985 185.977 -52.89
120.092 -186.768 -52.89
198.292 42.0805 -52.89
-188.452 -36.1115 -52.89
-156.297 174.694 -52.89
-160.365 -175.419 -52.89
-160.186 80.3183 -52.89
-227.419 164.202 -52.89
191.273 -85.2055 -52.89
-67.8282 37.4308 -52.89
137.387 -1.35023 -52.89
-106.33 37.9123 -52.89
150.645 97.1354 -52.89
-308.775 144.576 -52.89
-178.785 81.8144 -52.89
-91.8945 -36.0058 -52.89
252.58 196.45 -52.89
253.017 -198.28 -52.89
-146.718 89.3544 -52.89
-141.208 -53.3818 -52.89
121.846 2.09593 -52.89
-307.846 153.082 -52.89
-306.695 -148.559 -52.89
127.299 -182.717 -52.89
-189.255 97.0421 -52.89
127.407 181.662 -52.89
133.587 -191.361 -52.89
133.731 190.946 -52.89
140.904 -193.555 -52.89
104.927 190.712 -52.89
105.074 -191.076 -52.89
-148.875 67.5113 -52.89
-306.248 -157.065 -52.89
-307.207 162.243 -52.89
-306.574 -140.81 -52.89
-310.653 136.919 -52.89
150.169 -96.2298 -52.89
-111.468 -25.463 -52.89
-306.851 -168.13 -52.89
-306.569 171.218 -52.89
149.895 -82.6983 -52.89
175.746 -149.422 -52.89
-106.075 42.7412 -52.89
-168.575 -119.866 -52.89
-170.094 120.367 -52.89
-232.407 -172.458 -52.89
-23.9298 31.7097 -52.89
148.764 -67.2793 -52.89
-15.8267 34.0879 -52.89
-308.084 -178.463 -52.89
-306.067 179.503 -52.89
114.502 2.03735 -52.89
150.823 -114.923 -52.89
-305.559 -187.563 -52.89
-305.166 187.293 -52.89
-192.868 -186.377 -52.89
-186.429 186.103 -52.89
-106.575 -37.1597 -52.89
146.479 65.2076 -52.89
3 1912 419 2172
3 2172 1659 1912
3 2179 1955 747
3 747 1366 2179
3 2173 1365 746
3 746 1956 2173
3 1917 1667 2198
3 2198 420 1917
3 1907 1096 2125
3 2125 1606 1907
3 1344 1054 1346
3 1346 1345 1344
3 1897 1240 2161
3 2161 1581 1897
3 1943 475 2110
3 2110 1329 1943
3 1942 1326 2111
3 2111 474 1942
3 1789 2042 1620
3 1620 423 1789
3 1790 424 1618
3 1618 2039 1790
3 1669 1668 2138
3 2138 522 1669
3 2078 2031 1861
3 1861 834 2078
3 1765 2223 1322
3 1322 2061 1765
3 1661 523 2139
3 2139 1660 1661
3 1355 1263 1440
3 1440 696 1355
3 1358 695 1441
3 1441 1264 1358
3 1742 1761 433
3 433 1741 1742
3 1741 433 1744
3 1744 1743 1741
3 1382 1381 2170
3 2170 1456 1382
3 1373 1167 2118
3 2118 1370 1373
3 1374 1368 2117
3 2117 1166 1374
3 1543 1542 1863
3 1863 506 1543
3 1537 844 1545
3 1545 1536 1537
3 2008 1772 2218
3 2218 1754 2008
3 1267 2022 2014
3 2014 1270 1267
3 2008 1765 2061
3 2061 1772 2008
3 205 206 423
3 423 1620 205
3 273 1618 424
3 424 272 273
3 1396 516 1890
3 1890 1281 1396
3 1397 1282 1891
3 1891 515 1397
3 1900 649 2132
3 2132 1351 1900
3 1748 891 1746
3 1746 1747 1748
3 1200 1202 2093
3 2093 2077 1200
3 1542 1540 1059
3 1059 1863 1542
3 1283 402 1420
3 1420 1278 1283
3 516 1396 208
3 208 209 516
3 515 269 270
3 270 1397 515
3 516 1440 1263
3 1263 1890 516
3 515 1891 1264
3 1264 1441 515
3 153 1762 432
3 432 152 153
3 1524 1198 2102
3 2102 1522 1524
3 644 2099 1377
3 1377 2108 644
3 393 1339 1152
3 1152 1617 393
3 164 165 402
3 402 1284 164
3 432 1763 2146
3 2146 1966 432
3 645 2109 1376
3 1376 2098 645
3 392 1619 1153
3 1153 1336 392
3 1610 1611 593
3 593 2038 1610
3 1408 1940 1977
3 1977 541 1408
3 1048 1347 1054
3 1054 1049 1048
3 1353 1354 1372
3 1372 502 1353
3 2016 1576 2171
3 2171 1034 2016
3 844 1906 2319
3 2319 839 844
3 447 2260 1277
3 1277 2261 447
3 1336 1338 1413
3 1413 392 1336
3 1339 393 1414
3 1414 1341 1339
3 933 1964 1310
3 1310 1979 933
3 2010 1273 2018
3 2018 1855 2010
3 1899 662 2201
3 2201 1400 1899
3 636 2003 1272
3 1272 2034 636
3 1609 2055 911
3 911 2079 1609
3 1051 1344 1299
3 1299 1053 1051
3 207 208 1396
3 1396 2067 207
3 271 2066 1397
3 1397 270 271
3 1552 1554 2152
3 2152 416 1552
3 1541 1951 1065
3 1065 1959 1541
3 1946 1600 2162
3 2162 1924 1946
3 1947 1925 2163
3 2163 1602 1947
3 2022 1267 2029
3 2029 533 2022
3 628 2009 1387
3 1387 2105 628
3 1308 651 2151
3 2151 1333 1308
3 627 2106 1392
3 1392 2011 627
3 472 1320 2142
3 2142 1831 472
3 471 1805 2141
3 2141 1319 471
3 1052 1053 1349
3 1349 1398 1052
3 1094 1777 2203
3 2203 1841 1094
3 2002 388 2062
3 2062 1286 2002
3 1270 1928 2271
3 2271 1207 1270
3 950 1815 2103
3 2103 1357 950
3 949 1360 2104
3 2104 1828 949
3 1053 1299 1222
3 1222 1349 1053
3 2035 535 2263
3 2263 1495 2035
3 2018 1201 2056
3 2056 1855 2018
3 2017 938 2026
3 2026 1680 2017
3 2293 1652 2295
3 2295 1032 2293
3 2291 1033 2294
3 2294 1650 2291
3 1561 415 2165
3 2165 1563 1561
3 1901 1607 2112
3 2112 1179 1901
3 1464 2073 422
3 422 2081 1464
3 1472 2082 421
3 421 2074 1472
3 1330 1591 1089
3 1089 1163 1330
3 1896 1580 2133
3 2133 1232 1896
3 1865 2053 1518
3 1518 2156 1865
3 1864 2153 1508
3 1508 2059 1864
3 643 1807 2040
3 2040 1261 643
3 642 1262 2041
3 2041 1806 642
3 1451 2015 894
3 894 2007 1451
3 1222 1224 1364
3 1364 1349 1222
3 1017 1866 2127
3 2127 1482 1017
3 1275 2288 1543
3 1543 2116 1275
3 843 1545 844
3 844 841 843
3 1779 2061 1322
3 1322 2075 1779
3 1185 1980 884
3 884 1985 1185
3 1540 1544 1932
3 1932 1059 1540
3 2122 1682 2058
3 2058 1160 2122
3 1239 2269 1491
3 1491 1250 1239
3 1238 2265 1492
3 1492 2268 1238
3 1018 1479 2126
3 2126 1867 1018
3 2119 1613 2060
3 2060 1681 2119
3 433 155 156
3 156 1744 433
3 1740 1746 891
3 891 1770 1740
3 998 2219 1288
3 1288 2057 998
3 1331 1936 1127
3 1127 1498 1331
3 871 1748 900
3 900 869 871
3 835 1898 2282
3 2282 818 835
3 1008 1418 2083
3 2083 1832 1008
3 166 167 635
3 635 1420 166
3 1364 501 2196
3 2196 1401 1364
3 1311 467 2215
3 2215 1369 1311
3 1312 1371 2216
3 2216 466 1312
3 1196 2324 1597
3 1597 1596 1196
3 945 1802 2085
3 2085 1302 945
3 944 1304 2086
3 2086 1803 944
3 1498 1127 2176
3 2176 2001 1498
3 1959 1065 1972
3 1972 1704 1959
3 851 1541 1536
3 1536 1545 851
3 635 1972 1278
3 1278 1420 635
3 1199 1594 1595
3 1595 2323 1199
3 1987 1970 2147
3 2147 1325 1987
3 1988 1328 2148
3 2148 1969 1988
3 2153 1993 1387
3 1387 2009 2153
3 2156 2011 1392
3 1392 1992 2156
3 1256 1800 2230
3 2230 1113 1256
3 1937 445 2280
3 2280 1350 1937
3 1347 1048 1375
3 1375 1348 1347
3 1977 1306 2003
3 2003 636 1977
3 2181 2168 2137
3 2137 1269 2181
3 1691 1830 547
3 547 1343 1691
3 1692 1342 546
3 546 1829 1692
3 1783 528 1936
3 1936 1331 1783
3 1573 2070 1204
3 1204 1203 1573
3 1014 2278 1275
3 1275 2116 1014
3 1305 1672 800
3 800 1671 1305
3 1661 1663 1673
3 1673 1303 1661
3 1327 630 2148
3 2148 1328 1327
3 1324 1325 2147
3 2147 629 1324
3 1044 1375 1048
3 1048 1045 1044
3 1980 1185 1979
3 1979 1310 1980
3 1940 1408 1406
3 1406 1137 1940
3 1342 1361 1846
3 1846 546 1342
3 1343 547 1847
3 1847 1362 1343
3 1775 1774 1883
3 1883 803 1775
3 1255 999 2229
3 2229 1798 1255
3 173 10 430
3 430 390 173
3 1206 1735 1734
3 1734 1796 1206
3 202 203 392
3 392 1413 202
3 276 1414 393
3 393 275 276
3 1522 1523 1516
3 1516 1524 1522
3 1932 1544 1623
3 1623 665 1932
3 1386 1385 2213
3 2213 453 1386
3 1391 454 2214
3 2214 1390 1391
3 1567 1885 528
3 528 1783 1567
3 1242 1460 1433
3 1433 1436 1242
3 1527 1529 1506
3 1506 1528 1527
3 2304 1410 1403
3 1403 1409 2304
3 305 396 413
3 413 23 305
3 331 24 414
3 414 397 331
3 1726 1724 887
3 887 1787 1726
3 1665 1566 2198
3 2198 1667 1665
3 501 1548 525
3 525 489 501
3 1657 1557 1556
3 1556 1662 1657
3 1455 1678 1911
3 1911 1452 1455
3 858 856 893
3 893 1773 858
3 22 411 1934
3 1934 297 22
3 1900 1351 1350
3 1350 1348 1900
3 620 1530 2072
3 2072 1929 620
3 594 1335 1938
3 1938 1334 594
3 1352 973 732
3 732 1571 1352
3 402 1283 1285
3 1285 1284 402
3 502 1372 17
3 17 440 502
3 1648 2000 1985
3 1985 884 1648
3 1702 525 1548
3 1548 1893 1702
3 1670 782 1683
3 1683 1565 1670
3 615 733 2068
3 2068 1525 615
3 783 1670 1665
3 1665 786 783
3 1523 718 1675
3 1675 1515 1523
3 1354 2083 2228
3 2228 1372 1354
3 1584 473 2161
3 2161 1323 1584
3 1657 1659 2172
3 2172 1557 1657
3 1729 886 1773
3 1773 1731 1729
3 1388 1390 2214
3 2214 764 1388
3 1383 763 2213
3 2213 1385 1383
3 911 2032 1338
3 1338 2079 911
3 1911 1447 1448
3 1448 1452 1911
3 510 509 70
3 70 3 510
3 512 2 48
3 48 511 512
3 932 1405 1409
3 1409 1404 932
3 210 211 696
3 696 1440 210
3 268 1441 695
3 695 267 268
3 1577 1578 2158
3 2158 1209 1577
3 1361 1654 960
3 960 1676 1361
3 1401 1398 1349
3 1349 1364 1401
3 1663 799 1446
3 1446 1673 1663
3 860 886 1787
3 1787 862 860
3 1463 1191 974
3 974 1519 1463
3 1694 670 1954
3 1954 1373 1694
3 1696 1374 1953
3 1953 669 1696
3 1468 1467 684
3 684 680 1468
3 927 1403 1411
3 1411 1402 927
3 501 1364 1224
3 1224 1548 501
3 1475 1476 561
3 561 682 1475
3 1724 1722 1755
3 1755 887 1724
3 1695 1756 1075
3 1075 1759 1695
3 1227 1994 666
3 666 1990 1227
3 1493 1679 740
3 740 1842 1493
3 1665 1670 1565
3 1565 1566 1665
3 1175 1363 1057
3 1057 1598 1175
3 1693 1757 1076
3 1076 1782 1693
3 520 1468 680
3 680 563 520
3 1662 1556 1827
3 1827 773 1662
3 1375 1044 1057
3 1057 1176 1375
3 1549 1551 1904
3 1904 978 1549
3 665 1623 1532
3 1532 1531 665
3 1720 1718 1736
3 1736 892 1720
3 923 1154 1276
3 1276 1025 923
3 1453 52 53
3 53 1454 1453
3 996 1465 1462
3 1462 1461 996
3 367 1638 1644
3 1644 366 367
3 1471 1520 976
3 976 1193 1471
3 1598 1057 1044
3 1044 1042 1598
3 1417 1416 650
3 650 1418 1417
3 1330 570 1817
3 1817 1591 1330
3 1701 1592 1816
3 1816 567 1701
3 391 428 1126
3 1126 9 391
3 310 1674 1568
3 1568 309 310
3 1571 897 923
3 923 1025 1571
3 1598 1038 1174
3 1174 1175 1598
3 1500 1503 1508
3 1508 1507 1500
3 682 688 997
3 997 1475 682
3 463 1644 1639
3 1639 1642 463
3 1538 1540 1542
3 1542 1539 1538
3 868 866 887
3 887 1755 868
3 477 1449 1452
3 1452 1448 477
3 465 1509 1517
3 1517 1510 465
3 1740 1743 1745
3 1745 1746 1740
3 587 585 820
3 820 1797 587
3 1378 228 229
3 229 651 1378
3 1813 638 568
3 568 1497 1813
3 510 1458 575
3 575 543 510
3 512 545 584
3 584 1459 512
3 1510 1517 1518
3 1518 1513 1510
3 181 409 410
3 410 11 181
3 1026 1433 810
3 810 812 1026
3 1367 1484 1485
3 1485 1496 1367
3 1026 1434 1436
3 1436 1433 1026
3 973 1352 1952
3 1952 1570 973
3 1539 1537 1535
3 1535 1538 1539
3 1559 1558 979
3 979 1560 1559
3 931 1134 1137
3 1137 1412 931
3 874 872 1736
3 1736 1795 874
3 1747 1749 900
3 900 1748 1747
3 1452 1449 1451
3 1451 1455 1452
3 1479 1478 626
3 626 1477 1479
3 1460 1242 1241
3 1241 958 1460
3 1429 609 611
3 611 1423 1429
3 905 1589 1311
3 1311 1011 905
3 768 934 1423
3 1423 611 768
3 396 305 306
3 306 1367 396
3 1137 1406 932
3 932 1412 1137
3 675 676 708
3 708 707 675
3 1698 572 543
3 543 574 1698
3 463 365 366
3 366 1644 463
3 1423 934 1425
3 1425 1424 1423
3 1442 1174 1038
3 1038 1036 1442
3 1095 1438 1435
3 1435 1437 1095
3 1073 1295 1673
3 1673 1446 1073
3 872 870 892
3 892 1736 872
3 927 1402 923
3 923 924 927
3 1926 1130 23
3 23 413 1926
3 932 1404 927
3 927 928 932
3 1437 1435 1434
3 1434 1026 1437
3 1235 1593 991
3 991 1120 1235
3 807 808 1460
3 1460 958 807
3 1246 1009 816
3 816 1010 1246
3 450 406 1161
3 1161 1903 450
3 1036 1038 1039
3 1039 1037 1036
3 623 973 1570
3 1570 1399 623
3 708 792 808
3 808 807 708
3 1498 1175 1174
3 1174 1331 1498
3 594 1334 147
3 147 148 594
3 1505 717 1526
3 1526 1528 1505
3 1433 1460 808
3 808 810 1433
3 1455 1451 2007
3 2007 1995 1455
3 1628 112 113
3 113 1684 1628
3 1507 1499 464
3 464 1500 1507
3 1241 986 807
3 807 958 1241
3 1522 1521 718
3 718 1523 1522
3 1412 932 928
3 928 929 1412
3 1344 1051 1049
3 1049 1054 1344
3 656 1778 824
3 824 677 656
3 1841 1439 1438
3 1438 1095 1841
3 49 1447 511
3 511 48 49
3 1036 982 772
3 772 1442 1036
3 1829 1102 1994
3 1994 1692 1829
3 1783 1442 772
3 772 1567 1783
3 425 1527 1528
3 1528 1526 425
3 710 816 817
3 817 794 710
3 1551 1549 748
3 748 1550 1551
3 897 898 924
3 924 923 897
3 1675 465 1510
3 1510 1511 1675
3 2250 1284 1285
3 1285 1321 2250
3 1424 1425 1427
3 1427 1426 1424
3 1409 1403 927
3 927 1404 1409
3 1632 1629 1628
3 1628 1684 1632
3 1572 238 239
3 239 389 1572
3 1579 244 245
3 245 500 1579
3 1416 478 247
3 247 248 1416
3 1578 233 234
3 234 499 1578
3 1448 50 51
3 51 477 1448
3 599 1429 1918
3 1918 597 599
3 717 1505 1501
3 1501 1699 717
3 1559 752 621
3 621 1558 1559
3 1660 1659 1657
3 1657 1658 1660
3 1668 1666 1665
3 1665 1667 1668
3 1042 1044 1045
3 1045 1043 1042
3 1070 1445 1672
3 1672 1290 1070
3 2046 502 440
3 440 491 2046
3 1411 1154 923
3 923 1402 1411
3 1625 507 1627
3 1627 1626 1625
3 476 231 232
3 232 1577 476
3 1596 105 106
3 106 394 1596
3 1477 372 373
3 373 395 1477
3 1611 1610 1088
3 1088 1340 1611
3 748 1549 614
3 614 616 748
3 979 1558 621
3 621 619 979
3 1511 1510 1513
3 1513 1512 1511
3 1317 1318 1757
3 1757 1694 1317
3 1501 1502 1503
3 1503 1500 1501
3 1658 1657 777
3 777 1656 1658
3 1582 1579 1580
3 1580 1581 1582
3 996 1461 697
3 697 686 996
3 1588 1587 245
3 245 246 1588
3 1314 1696 1759
3 1759 1315 1314
3 1575 1574 2171
3 2171 1576 1575
3 1830 1691 1997
3 1997 1103 1830
3 1666 1664 786
3 786 1665 1666
3 1699 1501 1500
3 1500 464 1699
3 932 1406 1407
3 1407 1405 932
3 1130 1926 1399
3 1399 1570 1130
3 1655 1677 730
3 730 967 1655
3 388 60 61
3 61 1585 388
3 800 787 786
3 786 1664 800
3 1345 1300 1299
3 1299 1344 1345
3 1637 1640 1641
3 1641 1639 1637
3 1619 392 203
3 203 204 1619
3 1519 974 770
3 770 705 1519
3 1520 706 769
3 769 976 1520
3 1431 361 362
3 362 564 1431
3 1432 565 116
3 116 117 1432
3 1467 996 686
3 686 684 1467
3 1469 997 688
3 688 690 1469
3 883 881 880
3 880 882 883
3 1462 918 697
3 697 1461 1462
3 1470 1469 701
3 701 919 1470
3 812 814 1437
3 1437 1026 812
3 674 673 1030
3 1030 709 674
3 934 768 1108
3 1108 1430 934
3 997 1469 1470
3 1470 1473 997
3 1187 360 361
3 361 1431 1187
3 1480 107 108
3 108 625 1480
3 1634 370 371
3 371 626 1634
3 492 63 64
3 64 1605 492
3 1447 49 50
3 50 1448 1447
3 706 1520 919
3 919 703 706
3 1520 1471 1470
3 1470 919 1520
3 1713 1711 1737
3 1737 888 1713
3 1560 1561 1562
3 1562 1559 1560
3 1204 2140 2093
3 2093 1202 1204
3 1968 2114 1614
3 1614 2119 1968
3 799 1656 777
3 777 778 799
3 508 368 369
3 369 1635 508
3 896 897 1571
3 1571 805 896
3 821 1072 1244
3 1244 1073 821
3 822 1070 1245
3 1245 1069 822
3 395 373 374
3 374 1594 395
3 1918 1429 1423
3 1423 1490 1918
3 1575 1572 1573
3 1573 1574 1575
3 275 393 1617
3 1617 274 275
3 625 108 109
3 109 1624 625
3 1590 910 908
3 908 1012 1590
3 962 965 1004
3 1004 964 962
3 969 971 1006
3 1006 972 969
3 389 239 240
3 240 1583 389
3 1625 110 111
3 111 507 1625
3 1700 838 2319
3 2319 2288 1700
3 1038 1598 1042
3 1042 1039 1038
3 1304 1293 1291
3 1291 1292 1304
3 1302 1297 1296
3 1296 1298 1302
3 425 103 104
3 104 1597 425
3 368 508 1638
3 1638 367 368
3 650 1416 248
3 248 249 650
3 1646 694 281
3 281 282 1646
3 1645 196 197
3 197 693 1645
3 1493 756 935
3 935 1015 1493
3 1586 62 63
3 63 492 1586
3 1483 235 236
3 236 624 1483
3 982 1036 1037
3 1037 1035 982
3 756 1493 1842
3 1842 715 756
3 1473 1474 1475
3 1475 997 1473
3 1297 1295 1294
3 1294 1296 1297
3 1292 1291 1289
3 1289 1290 1292
3 1509 381 382
3 382 627 1509
3 1492 198 199
3 199 513 1492
3 1491 514 279
3 279 280 1491
3 1245 1070 1290
3 1290 1289 1245
3 1244 1294 1295
3 1295 1073 1244
3 973 623 731
3 731 732 973
3 1217 1164 1083
3 1083 1165 1217
3 1146 1497 903
3 903 1011 1146
3 1148 1012 908
3 908 1031 1148
3 977 1192 1193
3 1193 976 977
3 975 974 1191
3 1191 1190 975
3 478 1588 246
3 246 247 478
3 676 675 581
3 581 582 676
3 1971 1333 2151
3 2151 476 1971
3 1577 232 233
3 233 1578 1577
3 1300 1223 1222
3 1222 1299 1300
3 52 1453 477
3 477 51 52
3 1211 707 708
3 708 1793 1211
3 1186 1432 117
3 117 118 1186
3 1584 241 242
3 242 473 1584
3 1521 377 378
3 378 718 1521
3 1699 100 101
3 101 717 1699
3 2056 1201 759
3 759 1200 2056
3 1654 962 961
3 961 960 1654
3 1655 967 968
3 968 969 1655
3 1537 1536 1534
3 1534 1535 1537
3 1212 1792 710
3 710 709 1212
3 1549 978 612
3 612 614 1549
3 1869 979 619
3 619 617 1869
3 1787 886 1729
3 1729 1726 1787
3 576 578 738
3 738 1799 576
3 665 1531 170
3 170 171 665
3 626 371 372
3 372 1477 626
3 394 106 107
3 107 1480 394
3 1110 277 278
3 278 2296 1110
3 1526 102 103
3 103 425 1526
3 1684 113 114
3 114 462 1684
3 1595 375 376
3 376 426 1595
3 1499 98 99
3 99 464 1499
3 581 583 584
3 584 545 581
3 1454 53 54
3 54 533 1454
3 513 199 200
3 200 1651 513
3 1605 64 65
3 65 1604 1605
3 1620 1619 204
3 204 205 1620
3 1015 1494 1679
3 1679 1493 1015
3 782 753 752
3 752 1683 782
3 1070 822 789
3 789 1445 1070
3 1073 1446 780
3 780 821 1073
3 583 581 675
3 675 1697 583
3 1091 1394 1600
3 1600 1599 1091
3 1090 1601 1602
3 1602 1393 1090
3 783 786 787
3 787 785 783
3 774 776 778
3 778 777 774
3 473 242 243
3 243 1582 473
3 1399 605 622
3 622 623 1399
3 139 8 406
3 406 405 139
3 339 407 408
3 408 25 339
3 1414 276 277
3 277 1110 1414
3 1413 1111 201
3 201 202 1413
3 309 1568 434
3 434 308 309
3 1543 1906 1539
3 1539 1542 1543
3 1369 1146 1011
3 1011 1311 1369
3 1371 1312 1012
3 1012 1148 1371
3 1663 1661 1660
3 1660 1658 1663
3 1371 1148 1149
3 1149 1316 1371
3 1369 1313 1147
3 1147 1146 1369
3 1624 109 110
3 110 1625 1624
3 1743 1744 1931
3 1931 1745 1743
3 499 234 235
3 235 1483 499
3 1635 369 370
3 370 1634 1635
3 1594 374 375
3 375 1595 1594
3 1582 243 244
3 244 1579 1582
3 1585 61 62
3 62 1586 1585
3 1672 1445 789
3 789 800 1672
3 778 780 1446
3 1446 799 778
3 1440 516 209
3 209 210 1440
3 1441 268 269
3 269 515 1441
3 693 197 198
3 198 1492 693
3 694 1491 280
3 280 281 694
3 1571 1025 1276
3 1276 1352 1571
3 745 1060 1184
3 1184 1003 745
3 743 1001 1183
3 1183 1061 743
3 1816 1592 1079
3 1079 1077 1816
3 112 1628 507
3 507 111 112
3 624 236 237
3 237 1575 624
3 1670 783 755
3 755 782 1670
3 1662 773 751
3 751 774 1662
3 568 712 903
3 903 1497 568
3 1597 104 105
3 105 1596 1597
3 1465 996 1467
3 1467 1466 1465
3 1601 1090 796
3 796 1880 1601
3 1599 1879 798
3 798 1091 1599
3 1575 237 238
3 238 1572 1575
3 628 97 98
3 98 1499 628
3 1551 1550 1553
3 1553 1552 1551
3 913 912 881
3 881 883 913
3 1583 240 241
3 241 1584 1583
3 1622 295 296
3 296 667 1622
3 1561 1563 1564
3 1564 1562 1561
3 1612 977 984
3 984 1159 1612
3 1615 1160 983
3 983 975 1615
3 465 380 381
3 381 1509 465
3 717 101 102
3 102 1526 717
3 426 376 377
3 377 1521 426
3 1528 1506 1504
3 1504 1505 1528
3 1176 1057 1363
3 1363 1274 1176
3 1523 1515 1514
3 1514 1516 1523
3 1552 1553 1555
3 1555 1554 1552
3 1658 1656 799
3 799 1663 1658
3 892 1755 1722
3 1722 1720 892
3 1168 1342 1692
3 1692 1169 1168
3 2119 1681 127
3 127 1020 2119
3 2122 1019 351
3 351 1682 2122
3 567 1702 1219
3 1219 1701 567
3 1111 1653 200
3 200 201 1111
3 1221 1218 1219
3 1219 1220 1221
3 514 1649 278
3 278 279 514
3 960 729 640
3 640 1676 960
3 380 465 1675
3 1675 379 380
3 616 726 749
3 749 748 616
3 621 752 753
3 753 724 621
3 1011 903 902
3 902 905 1011
3 714 908 910
3 910 907 714
3 1362 1847 641
3 641 1677 1362
3 1644 1638 1637
3 1637 1639 1644
3 1759 1696 669
3 669 1695 1759
3 1562 1683 752
3 752 1559 1562
3 1972 635 1703
3 1703 1704 1972
3 1998 1973 1150
3 1150 1923 1998
3 1689 679 34
3 34 35 1689
3 1532 1623 1538
3 1538 1535 1532
3 705 699 918
3 918 1519 705
3 1913 1809 490
3 490 1076 1913
3 1914 1075 488
3 488 1808 1914
3 666 183 184
3 184 1621 666
3 1022 294 295
3 295 1622 1022
3 1535 1534 1533
3 1533 1532 1535
3 1711 1708 1706
3 1706 1737 1711
3 1337 1082 1081
3 1081 1608 1337
3 1081 1079 1592
3 1592 1083 1081
3 1084 1087 1089
3 1089 1591 1084
3 1027 964 1004
3 1004 1488 1027
3 1028 1489 1006
3 1006 971 1028
3 1618 273 274
3 274 1617 1618
3 884 882 885
3 885 1648 884
3 1547 1384 1383
3 1383 1071 1547
3 816 1009 1457
3 1457 817 816
3 774 777 1657
3 1657 1662 774
3 2020 1260 1259
3 1259 2012 2020
3 83 84 1686
3 1686 678 83
3 1169 1005 965
3 965 1168 1169
3 1172 1171 972
3 972 1007 1172
3 919 701 702
3 702 703 919
3 918 699 698
3 698 697 918
3 881 879 878
3 878 880 881
3 2067 423 206
3 206 207 2067
3 2066 271 272
3 272 424 2066
3 1367 306 307
3 307 1484 1367
3 1305 1292 1290
3 1290 1672 1305
3 1083 1164 1608
3 1608 1081 1083
3 1089 1087 1610
3 1610 1163 1089
3 1221 1220 1224
3 1224 1222 1221
3 1571 732 804
3 804 805 1571
3 1172 1343 1362
3 1362 1171 1172
3 1484 434 1486
3 1486 1485 1484
3 1429 599 608
3 608 609 1429
3 1610 1087 1086
3 1086 1088 1610
3 1079 1081 1082
3 1082 1080 1079
3 1495 1015 935
3 935 1603 1495
3 718 378 379
3 379 1675 718
3 1084 1085 1086
3 1086 1087 1084
3 1077 1079 1080
3 1080 1078 1077
3 1368 1314 1147
3 1147 1313 1368
3 1370 1316 1149
3 1149 1317 1370
3 1042 1041 1040
3 1040 1039 1042
3 773 1827 748
3 748 749 773
3 1343 1172 1229
3 1229 1691 1343
3 679 1685 33
3 33 34 679
3 1469 690 691
3 691 701 1469
3 1757 1693 670
3 670 1694 1757
3 1173 1327 1328
3 1328 1230 1173
3 1170 1228 1325
3 1325 1324 1170
3 3 1141 1458
3 1458 510 3
3 2 512 1459
3 1459 1142 2
3 1694 1373 1370
3 1370 1317 1694
3 1696 1314 1368
3 1368 1374 1696
3 1590 1101 1100
3 1100 910 1590
3 1589 905 1098
3 1098 1099 1589
3 488 524 557
3 557 1808 488
3 490 1809 559
3 559 526 490
3 1342 1168 1654
3 1654 1361 1342
3 1701 1219 1218
3 1218 1165 1701
3 699 705 727
3 727 700 699
3 703 704 728
3 728 706 703
3 1165 1083 1592
3 1592 1701 1165
3 1361 1676 640
3 640 1846 1361
3 900 1749 1751
3 1751 1750 900
3 669 225 226
3 226 1695 669
3 1188 758 1872
3 1872 1189 1188
3 1442 1783 1331
3 1331 1174 1442
3 464 99 100
3 100 1699 464
3 1010 816 710
3 710 1792 1010
3 460 1686 84
3 84 85 460
3 974 975 983
3 983 770 974
3 976 769 984
3 984 977 976
3 1769 1768 325
3 325 326 1769
3 1685 461 32
3 32 33 1685
3 1007 1173 1229
3 1229 1172 1007
3 1005 1169 1227
3 1227 1170 1005
3 986 1793 708
3 708 807 986
3 1774 1468 520
3 520 1883 1774
3 642 126 127
3 127 1681 642
3 643 1682 351
3 351 352 643
3 638 557 566
3 566 568 638
3 639 571 569
3 569 559 639
3 1540 1538 1623
3 1623 1544 1540
3 1731 1734 1735
3 1735 1732 1731
3 1780 1739 1738
3 1738 1820 1780
3 1116 1016 912
3 912 913 1116
3 326 327 400
3 400 1769 326
3 510 543 572
3 572 542 510
3 1718 1715 1795
3 1795 1736 1718
3 1799 819 574
3 574 576 1799
3 893 1734 1731
3 1731 1773 893
3 1751 1752 1753
3 1753 1750 1751
3 1770 875 877
3 877 1738 1770
3 1762 153 154
3 154 1761 1762
3 879 1820 1738
3 1738 877 879
3 1724 1726 1727
3 1727 1725 1724
3 1593 1603 935
3 935 991 1593
3 1729 1731 1732
3 1732 1730 1729
3 875 1770 891
3 891 873 875
3 885 1706 1708
3 1708 1707 885
3 904 1077 1078
3 1078 1023 904
3 909 1024 1085
3 1085 1084 909
3 1722 1724 1725
3 1725 1723 1722
3 161 162 403
3 403 1764 161
3 1726 1729 1730
3 1730 1727 1726
3 971 969 968
3 968 970 971
3 964 963 961
3 961 962 964
3 1720 1722 1723
3 1723 1721 1720
3 1721 1719 1718
3 1718 1720 1721
3 1764 1766 160
3 160 161 1764
3 320 321 399
3 399 1760 320
3 1760 633 319
3 319 320 1760
3 1703 635 167
3 167 168 1703
3 1761 154 155
3 155 433 1761
3 1484 307 308
3 308 434 1484
3 1674 310 311
3 311 427 1674
3 158 159 404
3 404 1767 158
3 1420 402 165
3 165 166 1420
3 1531 398 169
3 169 170 1531
3 1768 401 324
3 324 325 1768
3 1766 404 159
3 159 160 1766
3 1795 888 876
3 876 874 1795
3 879 877 876
3 876 878 879
3 877 875 874
3 874 876 877
3 1591 1817 909
3 909 1084 1591
3 1748 871 873
3 873 891 1748
3 875 873 872
3 872 874 875
3 873 871 870
3 870 872 873
3 1755 892 870
3 870 868 1755
3 1715 1718 1719
3 1719 1716 1715
3 1464 1462 1465
3 1465 2047 1464
3 871 869 868
3 868 870 871
3 869 867 866
3 866 868 869
3 670 1693 252
3 252 253 670
3 867 865 864
3 864 866 867
3 1716 1714 1713
3 1713 1715 1716
3 1780 1742 1741
3 1741 1739 1780
3 1773 886 860
3 860 858 1773
3 863 861 860
3 860 862 863
3 863 890 1771
3 1771 861 863
3 2046 491 526
3 526 527 2046
3 2288 1275 760
3 760 1700 2288
3 1770 1738 1739
3 1739 1740 1770
3 1739 1741 1743
3 1743 1740 1739
3 861 859 858
3 858 860 861
3 545 512 511
3 511 544 545
3 1168 965 962
3 962 1654 1168
3 800 789 788
3 788 787 800
3 1714 1712 1711
3 1711 1713 1714
3 1531 1532 1533
3 1533 398 1531
3 1779 857 858
3 858 859 1779
3 1695 226 227
3 227 1756 1695
3 861 1771 1779
3 1779 859 861
3 729 960 961
3 961 959 729
3 730 966 968
3 968 967 730
3 888 1737 878
3 878 876 888
3 251 252 1693
3 1693 1782 251
3 863 862 1787
3 1787 864 863
3 969 972 1171
3 1171 1655 969
3 714 571 1031
3 1031 908 714
3 1462 1463 1519
3 1519 918 1462
3 858 857 855
3 855 856 858
3 800 1664 1666
3 1666 1671 800
3 880 878 1737
3 1737 1706 880
3 1702 567 566
3 566 556 1702
3 664 654 1885
3 1885 1567 664
3 1063 852 853
3 853 899 1063
3 1706 885 882
3 882 880 1706
3 168 169 398
3 398 1703 168
3 1283 1278 1064
3 1064 1066 1283
3 856 855 853
3 853 854 856
3 856 854 1786
3 1786 893 856
3 854 853 852
3 852 850 854
3 1797 736 589
3 589 587 1797
3 888 1795 1715
3 1715 1713 888
3 1675 1511 1514
3 1514 1515 1675
3 1088 1339 1341
3 1341 1340 1088
3 1502 1501 1505
3 1505 1504 1502
3 899 853 855
3 855 1781 899
3 745 1687 1834
3 1834 1060 745
3 1063 899 1066
3 1066 1064 1063
3 706 728 1688
3 1688 769 706
3 2144 2264 1260
3 1260 2020 2144
3 917 486 487
3 487 916 917
3 915 914 483
3 483 482 915
3 830 736 1797
3 1797 1248 830
3 827 1249 1799
3 1799 738 827
3 1266 1206 1067
3 1067 1205 1266
3 1468 1774 1466
3 1466 1467 1468
3 857 889 1781
3 1781 855 857
3 1095 1437 814
3 814 943 1095
3 866 864 1787
3 1787 887 866
3 1780 1820 912
3 912 1062 1780
3 1636 1637 1638
3 1638 508 1636
3 1712 1710 1708
3 1708 1711 1712
3 1707 1708 1710
3 1710 1709 1707
3 1412 929 930
3 930 931 1412
3 848 1794 851
3 851 846 848
3 572 1698 1030
3 1030 673 572
3 1045 1048 1049
3 1049 1047 1045
3 707 1029 1697
3 1697 675 707
3 773 749 750
3 750 751 773
3 782 755 754
3 754 753 782
3 1360 1358 1264
3 1264 1101 1360
3 903 712 901
3 901 902 903
3 1782 439 17
3 17 251 1782
3 1348 1375 1176
3 1176 1900 1348
3 1216 1205 1067
3 1067 1013 1216
3 931 1133 1135
3 1135 1134 931
3 17 439 490
3 490 440 17
3 489 488 437
3 437 438 489
3 85 86 1801
3 1801 460 85
3 924 926 928
3 928 927 924
3 1337 1336 1153
3 1153 1082 1337
3 595 596 597
3 597 553 595
3 570 558 559
3 559 569 570
3 524 556 566
3 566 557 524
3 1967 2122 1616
3 1616 2113 1967
3 461 1758 31
3 31 32 461
3 854 850 849
3 849 1786 854
3 1734 893 1786
3 1786 1796 1734
3 1784 2059 1508
3 1508 1503 1784
3 1643 1642 1639
3 1639 1641 1643
3 1756 437 488
3 488 1075 1756
3 1782 1076 490
3 490 439 1782
3 1389 1546 1072
3 1072 1074 1389
3 1245 1547 1071
3 1071 1069 1245
3 1629 1627 507
3 507 1628 1629
3 1630 1629 1632
3 1632 1631 1630
3 16 437 1756
3 1756 227 16
3 1013 1067 1786
3 1786 849 1013
3 1134 1135 1138
3 1138 1136 1134
3 850 848 847
3 847 849 850
3 1704 1703 398
3 398 1533 1704
3 408 452 486
3 486 1902 408
3 481 450 1903
3 1903 482 481
3 126 642 1806
3 1806 125 126
3 352 353 1807
3 1807 643 352
3 1545 843 846
3 846 851 1545
3 2048 1158 1139
3 1139 1332 2048
3 1014 536 538
3 538 985 1014
3 930 1132 1133
3 1133 931 930
3 1914 1808 557
3 557 638 1914
3 1913 639 559
3 559 1809 1913
3 1206 1796 1786
3 1786 1067 1206
3 1352 1276 2315
3 2315 1952 1352
3 850 852 1794
3 1794 848 850
3 1569 1486 434
3 434 1568 1569
3 1844 1884 518
3 518 1476 1844
3 912 1820 879
3 879 881 912
3 1560 979 1869
3 1869 1905 1560
3 612 978 1904
3 1904 1868 612
3 792 708 676
3 676 791 792
3 714 713 569
3 569 571 714
3 712 568 566
3 566 711 712
3 686 697 698
3 698 687 686
3 1116 1254 1301
3 1301 1016 1116
3 1825 540 456
3 456 494 1825
3 1246 1265 1457
3 1457 1009 1246
3 709 710 793
3 793 674 709
3 1567 772 771
3 771 664 1567
3 2107 1234 951
3 951 1233 2107
3 1449 477 1453
3 1453 1450 1449
3 440 490 526
3 526 491 440
3 525 524 488
3 488 489 525
3 559 558 527
3 527 526 559
3 1702 556 524
3 524 525 1702
3 1677 1655 1171
3 1171 1362 1677
3 1668 1669 1671
3 1671 1666 1668
3 848 846 845
3 845 847 848
3 705 770 1687
3 1687 727 705
3 1393 1236 980
3 980 1090 1393
3 1394 1091 981
3 981 1237 1394
3 411 22 1151
3 1151 412 411
3 822 1069 1071
3 1071 939 822
3 821 940 1074
3 1074 1072 821
3 743 1061 1833
3 1833 1688 743
3 847 845 922
3 922 1819 847
3 601 602 603
3 603 555 601
3 1339 1088 1086
3 1086 1152 1339
3 907 906 713
3 713 714 907
3 1548 1224 1220
3 1220 1893 1548
3 1902 1162 25
3 25 408 1902
3 429 459 497
3 497 468 429
3 810 808 792
3 792 809 810
3 780 778 776
3 776 779 780
3 546 1846 548
3 548 529 546
3 547 530 550
3 550 1847 547
3 1785 1513 1518
3 1518 2053 1785
3 985 538 655
3 655 1851 985
3 1902 1421 2154
3 2154 1162 1902
3 1279 2265 1238
3 1238 1027 1279
3 1280 1028 1239
3 1239 1250 1280
3 1553 1550 748
3 748 1827 1553
3 1295 1297 1303
3 1303 1673 1295
3 849 847 1819
3 1819 1013 849
3 2004 1981 1950
3 1950 1496 2004
3 776 774 751
3 751 775 776
3 785 784 755
3 755 783 785
3 1281 988 1023
3 1023 1178 1281
3 1677 641 722
3 722 730 1677
3 835 818 794
3 794 817 835
3 468 497 521
3 521 504 468
3 1024 909 906
3 906 989 1024
3 1023 988 901
3 901 904 1023
3 1355 1099 1098
3 1098 1263 1355
3 1683 1562 1564
3 1564 1565 1683
3 712 711 904
3 904 901 712
3 947 1279 2088
3 2088 1821 947
3 948 1822 2089
3 2089 1280 948
3 639 1814 1031
3 1031 571 639
3 1792 1415 1247
3 1247 1010 1792
3 1827 1556 1555
3 1555 1553 1827
3 2048 1330 1271
3 1271 1158 2048
3 609 610 767
3 767 611 609
3 846 843 842
3 842 845 846
3 686 685 681
3 681 684 686
3 690 688 683
3 683 689 690
3 1687 745 744
3 744 727 1687
3 1688 728 742
3 742 743 1688
3 677 824 941
3 941 823 677
3 1146 1147 1813
3 1813 1497 1146
3 1148 1031 1814
3 1814 1149 1148
3 1793 986 1243
3 1243 1419 1793
3 1271 1140 1139
3 1139 1158 1271
3 741 1854 607
3 607 604 741
3 2299 1978 1424
3 1424 1426 2299
3 578 580 739
3 739 738 578
3 1053 1052 1050
3 1050 1051 1053
3 820 585 584
3 584 583 820
3 543 575 576
3 576 574 543
3 1140 1138 1135
3 1135 1139 1140
3 1177 989 1824
3 1824 1282 1177
3 723 895 1058
3 1058 998 723
3 989 1177 1790
3 1790 1024 989
3 494 532 637
3 637 1825 494
3 740 1872 600
3 600 598 740
3 1314 1315 1813
3 1813 1147 1314
3 1317 1149 1814
3 1814 1318 1317
3 452 485 487
3 487 486 452
3 943 1094 1841
3 1841 1095 943
3 789 822 939
3 939 790 789
3 780 781 940
3 940 821 780
3 30 31 1758
3 1758 632 30
3 86 87 631
3 631 1801 86
3 905 902 1823
3 1823 1098 905
3 910 1100 1824
3 1824 907 910
3 1078 1789 1178
3 1178 1023 1078
3 738 739 828
3 828 827 738
3 736 830 831
3 831 737 736
3 9 147 1334
3 1334 391 9
3 79 1803 522
3 522 78 79
3 2044 591 2055
3 2055 1609 2044
3 1175 1498 2001
3 2001 1363 1175
3 503 470 431
3 431 469 503
3 812 810 809
3 809 811 812
3 470 503 534
3 534 505 470
3 688 682 659
3 659 683 688
3 684 681 661
3 661 680 684
3 505 534 538
3 538 536 505
3 1903 1161 2155
3 2155 1422 1903
3 729 721 590
3 590 640 729
3 982 1035 1180
3 1180 1034 982
3 1476 1475 1474
3 1474 1844 1476
3 1197 1198 1930
3 1930 1114 1197
3 125 1806 472
3 472 124 125
3 353 354 471
3 471 1807 353
3 591 549 548
3 548 590 591
3 593 592 550
3 550 551 593
3 1133 1132 1354
3 1354 1353 1133
3 545 544 582
3 582 581 545
3 673 573 542
3 542 572 673
3 982 987 771
3 771 772 982
3 487 999 1255
3 1255 916 487
3 483 914 1256
3 1256 1113 483
3 616 725 1791
3 1791 726 616
3 1353 1818 1135
3 1135 1133 1353
3 1873 1056 1308
3 1308 1309 1873
3 582 1678 791
3 791 676 582
3 1047 1046 1043
3 1043 1045 1047
3 759 801 1202
3 1202 1200 759
3 750 1785 775
3 775 751 750
3 926 924 898
3 898 925 926
3 40 1802 945
3 945 39 40
3 80 944 1803
3 1803 79 80
3 570 569 713
3 713 1817 570
3 567 1816 711
3 711 566 567
3 1525 725 616
3 616 615 1525
3 1530 620 621
3 621 724 1530
3 902 901 988
3 988 1823 902
3 907 1824 989
3 989 906 907
3 994 995 1092
3 1092 734 994
3 1143 719 720
3 720 760 1143
3 1077 904 711
3 711 1816 1077
3 906 909 1817
3 1817 713 906
3 616 614 613
3 613 615 616
3 621 620 618
3 618 619 621
3 844 1537 1539
3 1539 1906 844
3 769 1688 1833
3 1833 984 769
3 1496 1950 396
3 396 1367 1496
3 843 841 840
3 840 842 843
3 837 838 1700
3 1700 761 837
3 966 730 722
3 722 834 966
3 959 833 721
3 721 729 959
3 1472 2049 1473
3 1473 1470 1472
3 814 812 811
3 811 813 814
3 964 1027 1238
3 1238 963 964
3 971 970 1239
3 1239 1028 971
3 749 726 1791
3 1791 750 749
3 136 137 1812
3 1812 417 136
3 1398 1129 1056
3 1056 1052 1398
3 1332 1139 1135
3 1135 1818 1332
3 413 555 603
3 603 1926 413
3 611 767 946
3 946 768 611
3 2043 2033 1844
3 1844 1474 2043
3 741 604 603
3 603 602 741
3 1188 762 668
3 668 758 1188
3 2310 1301 1254
3 1254 2279 2310
3 805 1232 951
3 951 896 805
3 619 618 579
3 579 617 619
3 614 612 588
3 588 613 614
3 735 759 1851
3 1851 655 735
3 590 548 1846
3 1846 640 590
3 592 641 1847
3 1847 550 592
3 787 788 1864
3 1864 785 787
3 935 990 1119
3 1119 991 935
3 768 946 1109
3 1109 1108 768
3 657 539 521
3 521 656 657
3 534 654 655
3 655 538 534
3 701 691 825
3 825 702 701
3 734 607 1854
3 1854 994 734
3 1091 798 937
3 937 981 1091
3 1090 980 936
3 936 796 1090
3 1555 2172 419
3 419 1810 1555
3 2319 838 837
3 837 839 2319
3 1195 1194 954
3 954 1115 1195
3 832 957 1197
3 1197 1114 832
3 844 839 840
3 840 841 844
3 801 1203 1204
3 1204 1202 801
3 991 1119 1121
3 1121 1120 991
3 1286 1058 895
3 895 1128 1286
3 703 702 1849
3 1849 704 703
3 699 700 1850
3 1850 698 699
3 756 757 990
3 990 935 756
3 779 776 775
3 775 1865 779
3 995 1093 1240
3 1240 1092 995
3 43 44 1810
3 1810 419 43
3 735 655 654
3 654 664 735
3 75 420 1811
3 1811 74 75
3 1123 1259 1260
3 1260 1258 1123
3 551 550 530
3 530 531 551
3 549 532 529
3 529 548 549
3 1094 943 815
3 815 992 1094
3 1108 1109 1252
3 1252 1251 1108
3 723 657 656
3 656 677 723
3 680 661 660
3 660 563 680
3 682 561 658
3 658 659 682
3 603 604 607
3 607 605 603
3 789 790 920
3 920 788 789
3 780 779 921
3 921 781 780
3 287 1822 948
3 948 286 287
3 191 192 947
3 947 1821 191
3 390 1932 172
3 172 173 390
3 1389 1074 1156
3 1156 1388 1389
3 668 762 1097
3 1097 1096 668
3 895 723 677
3 677 823 895
3 1003 1002 744
3 744 745 1003
3 1001 743 742
3 742 1000 1001
3 469 431 390
3 390 430 469
3 587 586 584
3 584 585 587
3 578 576 575
3 575 577 578
3 770 983 1834
3 1834 1687 770
3 605 607 734
3 734 622 605
3 531 530 495
3 495 496 531
3 532 494 493
3 493 529 532
3 1400 1379 1253
3 1253 1252 1400
3 596 598 599
3 599 597 596
3 529 493 1829
3 1829 546 529
3 124 472 1831
3 1831 123 124
3 354 355 1805
3 1805 471 354
3 530 547 1830
3 1830 495 530
3 494 456 455
3 455 493 494
3 496 495 457
3 457 458 496
3 1253 1379 1381
3 1381 1380 1253
3 602 601 719
3 719 1826 602
3 397 1933 330
3 330 331 397
3 2161 1240 1093
3 1093 1323 2161
3 598 596 1842
3 1842 740 598
3 828 829 954
3 954 952 828
3 831 955 957
3 957 832 831
3 1476 518 560
3 560 561 1476
3 580 578 577
3 577 579 580
3 589 588 586
3 586 587 589
3 732 731 806
3 806 804 732
3 262 1828 466
3 466 261 262
3 2125 1096 1097
3 1097 1213 2125
3 1385 1386 1888
3 1888 1155 1385
3 668 600 1872
3 1872 758 668
3 1490 1126 428
3 428 1918 1490
3 1225 1124 1000
3 1000 1104 1225
3 1226 1105 1002
3 1002 1125 1226
3 2143 1268 1124
3 1124 1225 2143
3 2137 1226 1125
3 1125 1269 2137
3 598 600 608
3 608 599 598
3 87 88 1848
3 1848 631 87
3 69 70 509
3 509 1456 69
3 1184 1215 1853
3 1853 1003 1184
3 1183 1001 1852
3 1852 1214 1183
3 588 612 1868
3 1868 586 588
3 579 577 1869
3 1869 617 579
3 715 716 757
3 757 756 715
3 2032 911 833
3 833 1862 2032
3 343 1881 418
3 418 342 343
3 135 136 417
3 417 1882 135
3 1107 937 798
3 798 797 1107
3 1106 795 796
3 796 936 1106
3 954 829 1878
3 1878 1115 954
3 1122 1123 1258
3 1258 1257 1122
3 943 814 813
3 813 815 943
3 965 1005 1915
3 1915 1004 965
3 972 1006 1916
3 1916 1007 972
3 623 622 1895
3 1895 731 623
3 1071 1383 1385
3 1385 1155 1071
3 1391 1390 1388
3 1388 1156 1391
3 1039 1040 1892
3 1892 1037 1039
3 1324 1326 1942
3 1942 1915 1324
3 1327 1916 1943
3 1943 1329 1327
3 1120 1121 1123
3 1123 1122 1120
3 1702 1893 1220
3 1220 1219 1702
3 1051 1050 1047
3 1047 1049 1051
3 728 704 1849
3 1849 742 728
3 727 744 1850
3 1850 700 727
3 11 410 1923
3 1923 1150 11
3 1700 760 720
3 720 761 1700
3 1076 1757 1318
3 1318 1913 1076
3 1075 1914 1315
3 1315 1759 1075
3 1907 1894 668
3 668 1096 1907
3 2097 1307 2227
3 2227 1231 2097
3 897 896 1845
3 1845 898 897
3 1180 1035 1037
3 1037 1892 1180
3 605 1399 1926
3 1926 603 605
3 1132 930 1008
3 1008 1832 1132
3 485 452 451
3 451 484 485
3 481 480 449
3 449 450 481
3 1234 1845 896
3 896 951 1234
3 913 1310 1964
3 1964 1116 913
3 263 949 1828
3 1828 262 263
3 217 1815 950
3 950 216 217
3 409 181 182
3 182 1935 409
3 1977 1940 1136
3 1136 1306 1977
3 759 735 1860
3 1860 801 759
3 736 737 1876
3 1876 589 736
3 2019 1430 1108
3 1108 1898 2019
3 355 356 746
3 746 1805 355
3 123 1831 747
3 747 122 123
3 690 689 1870
3 1870 691 690
3 686 687 1871
3 1871 685 686
3 652 560 518
3 518 517 652
3 563 562 519
3 519 520 563
3 596 595 715
3 715 1842 596
3 553 428 391
3 391 552 553
3 1270 1207 1181
3 1181 1267 1270
3 555 554 606
3 606 601 555
3 1001 1000 1124
3 1124 1852 1001
3 1003 1853 1125
3 1125 1002 1003
3 1395 1128 895
3 895 1857 1395
3 1897 806 731
3 731 1895 1897
3 1040 1041 1856
3 1856 1055 1040
3 1382 1456 509
3 509 1941 1382
3 966 834 1861
3 1861 1033 966
3 959 1032 1862
3 1862 833 959
3 687 698 1850
3 1850 826 687
3 988 1281 1890
3 1890 1823 988
3 1100 1891 1282
3 1282 1824 1100
3 941 1857 895
3 895 823 941
3 1042 1043 1856
3 1856 1041 1042
3 664 771 1860
3 1860 735 664
3 2171 1574 2150
3 2150 987 2171
3 1744 156 157
3 157 1931 1744
3 459 429 397
3 397 414 459
3 595 692 716
3 716 715 595
3 1823 1890 1263
3 1263 1098 1823
3 1101 1264 1891
3 1891 1100 1101
3 10 1127 1936
3 1936 430 10
3 2190 2179 1366
3 1366 1214 2190
3 1182 1181 1157
3 1157 993 1182
3 482 483 1887
3 1887 481 482
3 1002 1105 1850
3 1850 744 1002
3 1000 742 1849
3 1849 1104 1000
3 1055 1208 1892
3 1892 1040 1055
3 137 138 1920
3 1920 1812 137
3 1459 584 586
3 586 1868 1459
3 1458 1869 577
3 577 575 1458
3 553 552 692
3 692 595 553
3 639 1913 1318
3 1318 1814 639
3 638 1813 1315
3 1315 1914 638
3 795 658 1880
3 1880 796 795
3 797 798 1879
3 1879 660 797
3 1919 803 451
3 451 407 1919
3 1920 405 449
3 449 802 1920
3 1421 1902 486
3 486 917 1421
3 1422 915 482
3 482 1903 1422
3 536 1835 506
3 506 505 536
3 497 1778 656
3 656 521 497
3 658 795 1858
3 1858 659 658
3 660 661 1859
3 1859 797 660
3 1017 952 954
3 954 1866 1017
3 1018 1867 957
3 957 955 1018
3 469 528 1885
3 1885 503 469
3 654 534 503
3 503 1885 654
3 1599 653 562
3 562 1879 1599
3 1601 1880 560
3 560 652 1601
3 831 832 1876
3 1876 737 831
3 828 739 1878
3 1878 829 828
3 2193 1215 1365
3 1365 2173 2193
3 589 1875 613
3 613 588 589
3 580 579 618
3 618 1877 580
3 620 1929 1877
3 1877 618 620
3 615 613 1875
3 1875 733 615
3 609 608 1894
3 1894 610 609
3 333 334 646
3 646 1836 333
3 303 1837 647
3 647 302 303
3 175 176 649
3 649 1838 175
3 332 333 1836
3 1836 443 332
3 1092 1895 622
3 622 734 1092
3 683 765 1870
3 1870 689 683
3 681 685 1871
3 1871 766 681
3 88 89 1145
3 1145 1848 88
3 30 1804 1144
3 1144 29 30
3 300 1839 448
3 448 299 300
3 1895 1092 1240
3 1240 1897 1895
3 140 141 1840
3 1840 446 140
3 661 681 766
3 766 1859 661
3 659 1858 765
3 765 683 659
3 555 413 396
3 396 554 555
3 600 668 1894
3 1894 608 600
3 1868 1904 1142
3 1142 1459 1868
3 1869 1458 1141
3 1141 1905 1869
3 493 455 1102
3 1102 1829 493
3 562 653 1886
3 1886 519 562
3 601 606 720
3 720 719 601
3 495 1830 1103
3 1103 457 495
3 561 560 1880
3 1880 658 561
3 563 660 1879
3 1879 562 563
3 484 519 1886
3 1886 485 484
3 480 481 1887
3 1887 517 480
3 739 580 1877
3 1877 1878 739
3 1046 1047 1050
3 1050 1873 1046
3 1052 1056 1873
3 1873 1050 1052
3 928 926 1874
3 1874 929 928
3 141 142 648
3 648 1840 141
3 940 781 921
3 921 1889 940
3 939 1888 920
3 920 790 939
3 930 929 1874
3 1874 1008 930
3 142 143 1843
3 1843 648 142
3 882 884 1980
3 1980 883 882
3 1935 1102 455
3 455 409 1935
3 1934 411 457
3 457 1103 1934
3 1071 1155 1888
3 1888 939 1071
3 1074 940 1889
3 1889 1156 1074
3 2209 1435 1438
3 1438 2130 2209
3 1064 1065 1951
3 1951 1063 1064
3 1527 1195 2072
3 2072 1529 1527
3 1907 942 610
3 610 1894 1907
3 485 1886 1112
3 1112 487 485
3 1570 1952 2189
3 2189 1130 1570
3 805 804 1896
3 1896 1232 805
3 544 1911 1678
3 1678 582 544
3 1991 1997 1691
3 1691 1229 1991
3 1169 1692 1994
3 1994 1227 1169
3 468 1788 1068
3 1068 429 468
3 452 408 407
3 407 451 452
3 450 449 405
3 405 406 450
3 1933 397 429
3 429 1068 1933
3 826 2134 1643
3 1643 2200 826
3 1346 1973 1998
3 1998 1345 1346
3 484 451 803
3 803 1883 484
3 480 1884 802
3 802 449 480
3 519 484 1883
3 1883 520 519
3 517 518 1884
3 1884 480 517
3 1679 1939 1872
3 1872 740 1679
3 1108 1251 2282
3 2282 1898 1108
3 1447 1911 544
3 544 511 1447
3 1474 1473 2049
3 2049 2043 1474
3 1541 851 1794
3 1794 1951 1541
3 458 457 411
3 411 412 458
3 456 410 409
3 409 455 456
3 505 506 1863
3 1863 470 505
3 1921 499 1483
3 1483 2270 1921
3 42 43 419
3 419 1912 42
3 1128 1395 2235
3 2235 1287 1128
3 1932 390 431
3 431 1059 1932
3 1416 1417 2107
3 2107 478 1416
3 1055 1856 1922
3 1922 1210 1055
3 1324 1915 1005
3 1005 1170 1324
3 1327 1173 1007
3 1007 1916 1327
3 825 2187 1633
3 1633 2131 825
3 1499 1507 2009
3 2009 628 1499
3 1462 1464 2081
3 2081 1463 1462
3 1470 1471 2082
3 2082 1472 1470
3 1449 1450 2015
3 2015 1451 1449
3 76 1917 420
3 420 75 76
3 1536 1541 1959
3 1959 1534 1536
3 407 339 340
3 340 1919 407
3 405 1920 138
3 138 139 405
3 1400 1252 1109
3 1109 1899 1400
3 610 942 1901
3 1901 767 610
3 767 1901 1179
3 1179 946 767
3 1509 627 2011
3 2011 1517 1509
3 946 1179 1899
3 1899 1109 946
3 992 815 1908
3 1908 993 992
3 428 553 597
3 597 1918 428
3 1997 1991 1622
3 1622 667 1997
3 1285 1283 1066
3 1066 1976 1285
3 470 1863 1059
3 1059 431 470
3 938 1288 1189
3 1189 2026 938
3 410 456 540
3 540 1923 410
3 1480 1482 2127
3 2127 394 1480
3 158 634 1931
3 1931 157 158
3 1181 1207 2271
3 2271 1157 1181
3 926 925 1909
3 1909 1874 926
3 1552 1958 1904
3 1904 1551 1552
3 898 1845 1909
3 1909 925 898
3 815 813 894
3 894 1908 815
3 1046 1873 1309
3 1309 1922 1046
3 412 1927 541
3 541 458 412
3 445 1937 178
3 178 179 445
3 171 172 1932
3 1932 665 171
3 458 541 1977
3 1977 496 458
3 329 330 1933
3 1933 663 329
3 297 1934 667
3 667 296 297
3 183 666 1935
3 1935 182 183
3 2030 2070 389
3 389 1583 2030
3 1297 1302 2085
3 2085 1303 1297
3 1292 1305 2086
3 2086 1304 1292
3 1043 1046 1922
3 1922 1856 1043
3 1334 1938 552
3 552 391 1334
3 1600 1946 653
3 653 1599 1600
3 1602 1601 652
3 652 1947 1602
3 1678 1455 1995
3 1995 791 1678
3 2143 1225 2131
3 2131 1633 2143
3 1287 58 59
3 59 2002 1287
3 1265 1647 2274
3 2274 1457 1265
3 1134 1136 1940
3 1940 1137 1134
3 1439 1131 2130
3 2130 1438 1439
3 1372 2228 250
3 250 17 1372
3 869 900 1996
3 1996 867 869
3 1394 956 2162
3 2162 1600 1394
3 1393 1602 2163
3 2163 953 1393
3 1605 1606 2125
3 2125 492 1605
3 2051 2025 1218
3 1218 1221 2051
3 2081 422 2098
3 2098 1376 2081
3 2082 1377 2099
3 2099 421 2082
3 2012 1259 2000
3 2000 1648 2012
3 192 193 1957
3 1957 947 192
3 1262 642 1681
3 1681 2060 1262
3 934 1430 2019
3 2019 1425 934
3 356 357 1956
3 1956 746 356
3 122 747 1955
3 1955 121 122
3 286 948 1962
3 1962 285 286
3 832 1114 1930
3 1930 1876 832
3 1261 2058 1682
3 1682 643 1261
3 93 763 1945
3 1945 92 93
3 385 386 1944
3 1944 764 385
3 184 1021 1987
3 1987 1621 184
3 430 1936 528
3 528 469 430
3 1915 1942 1488
3 1488 1004 1915
3 1916 1006 1489
3 1489 1943 1916
3 1136 1138 2003
3 2003 1306 1136
3 1210 1922 1309
3 1309 1971 1210
3 506 1835 2116
3 2116 1543 506
3 1115 1878 1877
3 1877 1929 1115
3 589 1876 1930
3 1930 1875 589
3 1363 2001 2326
3 2326 1274 1363
3 2250 1321 2223
3 2223 403 2250
3 1477 395 2126
3 2126 1479 1477
3 1854 741 2010
3 2010 1855 1854
3 1617 1152 2039
3 2039 1618 1617
3 2080 2044 1164
3 1164 1217 2080
3 759 1201 2018
3 2018 1851 759
3 1564 1811 420
3 420 2198 1564
3 1324 629 2111
3 2111 1326 1324
3 1327 1329 2110
3 2110 630 1327
3 1619 1620 2042
3 2042 1153 1619
3 657 938 2017
3 2017 539 657
3 716 933 1979
3 1979 757 716
3 1561 1560 1905
3 1905 1961 1561
3 521 535 2035
3 2035 504 521
3 1799 1249 2230
3 2230 1800 1799
3 2295 1653 1862
3 1862 1032 2295
3 228 1378 2196
3 2196 16 228
3 2294 1033 1861
3 1861 2296 2294
3 666 1621 1987
3 1987 1990 666
3 1022 1622 1991
3 1991 1988 1022
3 1579 500 2133
3 2133 1580 1579
3 1101 1590 2104
3 2104 1360 1101
3 1099 1357 2103
3 2103 1589 1099
3 510 542 1941
3 1941 509 510
3 990 1185 1985
3 1985 1119 990
3 1608 1609 2079
3 2079 1337 1608
3 2054 1611 1340
3 1340 2078 2054
3 1313 671 2117
3 2117 1368 1313
3 1316 1370 2118
3 2118 672 1316
3 531 636 2034
3 2034 551 531
3 1379 479 2170
3 2170 1381 1379
3 1386 453 2105
3 2105 1387 1386
3 852 1063 1951
3 1951 1794 852
3 983 1160 2058
3 2058 1261 983
3 1605 1604 2112
3 2112 1607 1605
3 1490 1978 2182
3 2182 1126 1490
3 342 418 2021
3 2021 341 342
3 1380 2292 793
3 793 1984 1380
3 1568 1674 2166
3 2166 1569 1568
3 2256 2262 446
3 446 1840 2256
3 396 1950 606
3 606 554 396
3 1330 2048 558
3 558 570 1330
3 1193 1192 2108
3 2108 1377 1193
3 644 2108 1612
3 1612 1614 644
3 719 1143 2010
3 2010 1826 719
3 824 1778 2203
3 2203 1777 824
3 253 254 1954
3 1954 670 253
3 225 669 1953
3 1953 224 225
3 1024 1790 2039
3 2039 1085 1024
3 984 1262 2060
3 2060 1159 984
3 1226 2137 1642
3 1642 1643 1226
3 1191 1376 2109
3 2109 1190 1191
3 1392 2106 383
3 383 454 1392
3 97 628 2105
3 2105 96 97
3 335 336 2261
3 2261 1986 335
3 1797 820 2090
3 2090 1798 1797
3 761 720 1981
3 1981 836 761
3 1082 1153 2042
3 2042 1080 1082
3 1143 2278 1273
3 1273 2010 1143
3 984 1833 2041
3 2041 1262 984
3 983 1261 2040
3 2040 1834 983
3 645 1616 1615
3 1615 2109 645
3 36 1 37
3 37 2217 36
3 1704 1533 1534
3 1534 1959 1704
3 1242 1277 2260
3 2260 1241 1242
3 2197 1254 1116
3 1116 1964 2197
3 82 2211 81
3 81 4 82
3 483 1113 1947
3 1947 1887 483
3 1112 1886 653
3 653 1946 1112
3 517 1887 1947
3 1947 652 517
3 1671 1669 2086
3 2086 1305 1671
3 1288 938 657
3 657 2057 1288
3 216 950 2023
3 2023 215 216
3 1313 1369 2215
3 2215 671 1313
3 1316 672 2216
3 2216 1371 1316
3 963 1983 2293
3 2293 961 963
3 81 1960 944
3 944 80 81
3 857 1779 2075
3 2075 889 857
3 970 968 2291
3 2291 1982 970
3 1564 1563 2165
3 2165 1811 1564
3 2005 2190 1214
3 1214 1852 2005
3 231 476 2151
3 2151 230 231
3 454 1391 1992
3 1992 1392 454
3 1480 625 2246
3 2246 1481 1480
3 39 945 1963
3 1963 38 39
3 1379 1400 2201
3 2201 479 1379
3 1588 1233 2133
3 2133 1587 1588
3 532 549 2080
3 2080 637 532
3 2078 834 722
3 722 2054 2078
3 833 911 2055
3 2055 721 833
3 2313 2045 1516
3 1516 1514 2313
3 67 68 2170
3 2170 479 67
3 2277 1062 2146
3 2146 1763 2277
3 813 811 2007
3 2007 894 813
3 1611 2054 592
3 592 593 1611
3 502 2046 1818
3 1818 1353 502
3 1631 1632 2143
3 2143 1633 1631
3 1355 696 2284
3 2284 1356 1355
3 1358 1359 2285
3 2285 695 1358
3 803 1919 2021
3 2021 1775 803
3 423 2067 1178
3 1178 1789 423
3 424 1790 1177
3 1177 2066 424
3 1555 1810 2152
3 2152 1554 1555
3 864 865 2100
3 2100 863 864
3 523 1661 1303
3 1303 2085 523
3 1128 1287 2002
3 2002 1286 1128
3 1357 1356 2023
3 2023 950 1357
3 263 2024 2175
3 2175 949 263
3 191 474 2111
3 2111 190 191
3 287 288 2110
3 2110 475 287
3 1454 533 2029
3 2029 2174 1454
3 1065 1064 1278
3 1278 1972 1065
3 1203 2150 1574
3 1574 1573 1203
3 1975 1478 1479
3 1479 2064 1975
3 1423 1424 1978
3 1978 1490 1423
3 345 422 2073
3 2073 344 345
3 133 134 2074
3 2074 421 133
3 552 1938 1965
3 1965 692 552
3 65 66 2201
3 2201 662 65
3 933 716 692
3 692 1965 933
3 1061 1183 2142
3 2142 1320 1061
3 1060 1319 2141
3 2141 1184 1060
3 2006 1853 1215
3 1215 2193 2006
3 1784 1503 1502
3 1502 2205 1784
3 1310 913 883
3 883 1980 1310
3 1387 1993 1888
3 1888 1386 1387
3 1156 1889 1992
3 1992 1391 1156
3 513 1651 2295
3 2295 1652 513
3 899 1781 1976
3 1976 1066 899
3 1884 1844 2033
3 2033 802 1884
3 383 384 2214
3 2214 454 383
3 95 453 2213
3 2213 94 95
3 56 537 2266
3 2266 2014 56
3 636 531 496
3 496 1977 636
3 785 1864 2059
3 2059 784 785
3 2096 2115 842
3 842 840 2096
3 347 645 2098
3 2098 346 347
3 131 132 2099
3 2099 644 131
3 302 647 2065
3 2065 301 302
3 1236 1974 1117
3 1117 980 1236
3 1237 981 1118
3 1118 1975 1237
3 2219 2097 762
3 762 1188 2219
3 1308 1333 1971
3 1971 1309 1308
3 1185 990 757
3 757 1979 1185
3 143 144 2069
3 2069 1843 143
3 219 220 2117
3 2117 671 219
3 259 672 2118
3 2118 258 259
3 1746 1745 2314
3 2314 1747 1746
3 2181 363 364
3 364 2168 2181
3 267 695 2285
3 2285 266 267
3 211 212 2284
3 2284 696 211
3 514 1650 2294
3 2294 1649 514
3 1797 1798 2229
3 2229 1248 1797
3 1301 2310 149
3 149 150 1301
3 1616 645 347
3 347 2113 1616
3 1614 2114 131
3 131 644 1614
3 437 16 2196
3 2196 438 437
3 1466 2037 2047
3 2047 1465 1466
3 189 629 2147
3 2147 188 189
3 289 290 2148
3 2148 630 289
3 498 2210 1131
3 1131 1439 498
3 2166 2149 1205
3 1205 1216 2166
3 2159 2160 322
3 322 323 2159
3 955 831 2162
3 2162 956 955
3 952 953 2163
3 2163 828 952
3 710 794 1984
3 1984 793 710
3 2034 1272 2309
3 2309 2038 2034
3 761 836 2096
3 2096 837 761
3 1287 2235 57
3 57 58 1287
3 2047 1881 2073
3 2073 1464 2047
3 2049 1472 2074
3 2074 1882 2049
3 2185 2177 317
3 317 318 2185
3 1583 1584 1323
3 1323 2030 1583
3 2199 2194 314
3 314 315 2199
3 1480 1481 2063
3 2063 1482 1480
3 2129 2136 1819
3 1819 922 2129
3 78 522 2138
3 2138 77 78
3 40 41 2139
3 2139 523 40
3 327 328 2255
3 2255 400 327
3 1643 2134 1105
3 1105 1226 1643
3 152 432 1966
3 1966 151 152
3 707 1211 2311
3 2311 1029 707
3 709 1030 2312
3 2312 1212 709
3 1799 1800 2091
3 2091 819 1799
3 1730 1732 2231
3 2231 1733 1730
3 162 163 2250
3 2250 403 162
3 44 45 2152
3 2152 1810 44
3 334 335 1986
3 1986 646 334
3 1605 1607 2050
3 2050 1606 1605
3 1170 1227 1990
3 1990 1228 1170
3 1173 1230 1991
3 1991 1229 1173
3 1749 1747 2314
3 2314 1910 1749
3 912 1016 2146
3 2146 1062 912
3 2100 865 867
3 867 1996 2100
3 60 388 2002
3 2002 59 60
3 1325 1228 1990
3 1990 1987 1325
3 1328 1988 1991
3 1991 1230 1328
3 1679 1494 2263
3 2263 1680 1679
3 900 1750 1753
3 1753 1996 900
3 74 1811 2165
3 2165 73 74
3 1530 1705 1504
3 1504 1506 1530
3 720 606 1950
3 1950 1981 720
3 312 313 435
3 435 1999 312
3 400 2255 1443
3 1443 2283 400
3 1606 2050 942
3 942 1907 1606
3 1667 1917 2138
3 2138 1668 1667
3 1496 1485 1487
3 1487 2004 1496
3 1659 1660 2139
3 2139 1912 1659
3 1350 1351 2132
3 2132 1937 1350
3 542 573 2092
3 2092 1941 542
3 255 18 256
3 256 2236 255
3 223 2237 222
3 222 15 223
3 791 1995 809
3 809 792 791
3 176 177 2132
3 2132 649 176
3 1647 1843 2069
3 2069 1428 1647
3 497 459 2210
3 2210 498 497
3 217 218 2215
3 2215 467 217
3 261 466 2216
3 2216 260 261
3 1771 890 2218
3 2218 1772 1771
3 1960 1690 2303
3 2303 1293 1960
3 1586 1213 2242
3 2242 1585 1586
3 1581 2084 806
3 806 1897 1581
3 2153 2009 1507
3 1507 1508 2153
3 1259 1123 1121
3 1121 2000 1259
3 1119 1985 2000
3 2000 1121 1119
3 982 1034 2171
3 2171 987 982
3 174 2176 1127
3 1127 10 174
3 1272 2003 1138
3 1138 1140 1272
3 418 2037 1775
3 1775 2021 418
3 2063 1481 2246
3 2246 1974 2063
3 1766 1764 1765
3 1765 2008 1766
3 1366 747 1831
3 1831 2142 1366
3 1365 2141 1805
3 1805 746 1365
3 2156 1518 1517
3 1517 2011 2156
3 1524 2068 1930
3 1930 1198 1524
3 1115 1929 2072
3 2072 1195 1115
3 753 754 2275
3 2275 724 753
3 1060 1834 2040
3 2040 1319 1060
3 1061 1320 2041
3 2041 1833 1061
3 1852 1124 1268
3 1268 2005 1852
3 1853 2006 1269
3 1269 1125 1853
3 293 2239 292
3 292 21 293
3 185 12 186
3 186 2240 185
3 146 9 1126
3 1126 2182 146
3 128 7 129
3 129 2244 128
3 350 2245 349
3 349 26 350
3 304 23 1130
3 1130 2189 304
3 1648 885 1707
3 1707 2012 1648
3 1142 2207 47
3 47 2 1142
3 1679 1680 2026
3 2026 1939 1679
3 1141 3 71
3 71 2208 1141
3 2206 1986 2261
3 2261 1277 2206
3 217 467 2103
3 2103 1815 217
3 1312 466 1828
3 1828 2104 1312
3 180 11 1150
3 1150 2212 180
3 2023 1356 2284
3 2284 2254 2023
3 2024 2253 2285
3 2285 1359 2024
3 1575 1576 2016
3 2016 624 1575
3 1710 1712 1717
3 1717 2013 1710
3 338 25 1162
3 1162 2233 338
3 406 8 2234
3 2234 1161 406
3 2225 1106 936
3 936 2222 2225
3 2232 2224 937
3 937 1107 2232
3 788 920 2153
3 2153 1864 788
3 1341 1414 1110
3 1110 2031 1341
3 1338 2032 1111
3 1111 1413 1338
3 1999 2157 311
3 311 312 1999
3 1055 1209 2158
3 2158 1208 1055
3 779 1865 2156
3 2156 921 779
3 1154 1989 2315
3 2315 1276 1154
3 1428 1427 2274
3 2274 1647 1428
3 2293 1983 2268
3 2268 1652 2293
3 2022 55 56
3 56 2014 2022
3 2291 1650 2269
3 2269 1982 2291
3 1376 1191 1463
3 1463 2081 1376
3 1377 2082 1471
3 1471 1193 1377
3 298 2220 1151
3 1151 22 298
3 1027 1488 2088
3 2088 1279 1027
3 1028 1280 2089
3 2089 1489 1028
3 725 1525 1516
3 1516 2045 725
3 602 1826 2010
3 2010 741 602
3 1273 985 1851
3 1851 2018 1273
3 649 1900 1176
3 1176 1838 649
3 811 809 1995
3 1995 2007 811
3 1919 340 341
3 341 2021 1919
3 91 2249 90
3 90 5 91
3 387 0 28
3 28 2248 387
3 521 539 2017
3 2017 535 521
3 2012 1707 1709
3 1709 2020 2012
3 1874 1909 2276
3 2276 2087 1874
3 1345 1998 2028
3 2028 1300 1345
3 702 825 2131
3 2131 1849 702
3 195 2251 194
3 194 13 195
3 283 20 284
3 284 2252 283
3 1165 1218 2025
3 2025 1217 1165
3 2196 1378 2095
3 2095 1401 2196
3 533 54 55
3 55 2022 533
3 1647 2286 648
3 648 1843 1647
3 1222 1223 2051
3 2051 1221 1222
3 1308 2095 1378
3 1378 651 1308
3 265 2253 264
3 264 19 265
3 213 14 214
3 214 2254 213
3 1102 1935 666
3 666 1994 1102
3 1721 1723 1728
3 1728 2027 1721
3 801 1860 2150
3 2150 1203 801
3 2247 2243 1635
3 1635 1634 2247
3 1103 1997 667
3 667 1934 1103
3 119 6 120
3 120 2257 119
3 359 2258 358
3 358 27 359
3 2275 754 2205
3 2205 1705 2275
3 1766 2008 1754
3 1754 2120 1766
3 2013 2164 1709
3 1709 1710 2013
3 1933 1068 2145
3 2145 1444 1933
3 2028 1998 1923
3 1923 540 2028
3 1781 889 2075
3 2075 1976 1781
3 1761 1742 2277
3 2277 1762 1761
3 1055 1210 2135
3 2135 1209 1055
3 1154 1411 2308
3 2308 1989 1154
3 1300 2028 2051
3 2051 1223 1300
3 116 565 2005
3 2005 2180 116
3 1267 1181 1182
3 1182 2029 1267
3 802 2033 1812
3 1812 1920 802
3 1603 2259 2035
3 2035 1495 1603
3 1727 1730 1733
3 1733 2036 1727
3 1774 1775 2037
3 2037 1466 1774
3 1516 1525 2068
3 2068 1524 1516
3 1506 1529 2072
3 2072 1530 1506
3 1054 1347 2280
3 2280 1346 1054
3 951 1232 2133
3 2133 1233 951
3 1857 941 2271
3 2271 1928 1857
3 1348 1350 2280
3 2280 1347 1348
3 1439 1841 2203
3 2203 498 1439
3 1152 1086 1085
3 1085 2039 1152
3 1981 2004 2096
3 2096 836 1981
3 2202 765 1858
3 1858 2186 2202
3 1609 1608 1164
3 1164 2044 1609
3 1840 648 2286
3 2286 2256 1840
3 2221 2195 1859
3 1859 766 2221
3 1209 2135 476
3 476 1577 1209
3 1789 1078 1080
3 1080 2042 1789
3 755 1784 2205
3 2205 754 755
3 1319 2040 1807
3 1807 471 1319
3 1320 472 1806
3 1806 2041 1320
3 540 1825 2051
3 2051 2028 540
3 1398 1401 2095
3 2095 1129 1398
3 497 498 2203
3 2203 1778 497
3 662 1899 1179
3 1179 2112 662
3 1277 1242 1436
3 1436 2206 1277
3 527 1332 1818
3 1818 2046 527
3 2136 2129 1486
3 1486 1569 2136
3 2313 1791 725
3 725 2045 2313
3 2271 1776 2169
3 2169 1157 2271
3 1714 1716 2188
3 2188 2178 1714
3 1716 1719 2192
3 2192 2188 1716
3 1332 527 558
3 558 2048 1332
3 2033 2043 417
3 417 1812 2033
3 993 1157 2169
3 2169 992 993
3 2027 2192 1719
3 1719 1721 2027
3 1301 1966 2146
3 2146 1016 1301
3 1176 1274 2326
3 2326 1838 1176
3 2164 2013 2159
3 2159 401 2164
3 2220 1407 2320
3 2320 1151 2220
3 474 2088 1488
3 1488 1942 474
3 475 1943 1489
3 1489 2089 475
3 1642 2137 2168
3 2168 463 1642
3 1478 1975 1118
3 1118 2247 1478
3 2238 1117 1974
3 1974 2246 2238
3 2043 2049 1882
3 1882 417 2043
3 1585 2242 2062
3 2062 388 1585
3 1056 1129 2095
3 2095 1308 1056
3 1612 1159 2060
3 2060 1613 1612
3 1684 462 2143
3 2143 1632 1684
3 1896 2084 1581
3 1581 1580 1896
3 1865 775 1785
3 1785 2053 1865
3 2025 2051 1825
3 1825 637 2025
3 2192 2027 2185
3 2185 633 2192
3 985 1273 2278
3 2278 1014 985
3 432 1762 2277
3 2277 1763 432
3 998 2057 657
3 657 723 998
3 1779 1771 1772
3 1772 2061 1779
3 1572 389 2070
3 2070 1573 1572
3 1839 300 301
3 301 2065 1839
3 1268 2143 462
3 462 2167 1268
3 641 592 2054
3 2054 722 641
3 591 590 721
3 721 2055 591
3 1200 2077 994
3 994 2056 1200
3 2036 2204 1725
3 1725 1727 2036
3 755 784 2059
3 2059 1784 755
3 2204 2036 2199
3 2199 436 2204
3 1872 1939 2026
3 2026 1189 1872
3 442 2069 144
3 144 145 442
3 970 1982 2269
3 2269 1239 970
3 963 1238 2268
3 2268 1983 963
3 1855 2056 994
3 994 1854 1855
3 2231 2191 1999
3 1999 435 2231
3 1881 343 344
3 344 2073 1881
3 1882 2074 134
3 134 135 1882
3 1233 1588 478
3 478 2107 1233
3 794 818 2282
3 2282 1984 794
3 1282 1397 2066
3 2066 1177 1282
3 1281 1178 2067
3 2067 1396 1281
3 2031 2078 1340
3 1340 1341 2031
3 1336 1337 2079
3 2079 1338 1336
3 1921 2158 1578
3 1578 499 1921
3 583 1697 2090
3 2090 820 583
3 574 819 2091
3 2091 1698 574
3 1607 1901 942
3 942 2050 1607
3 1258 1260 2264
3 2264 2283 1258
3 1792 1212 2184
3 2184 1415 1792
3 1793 1419 2183
3 2183 1211 1793
3 673 674 2092
3 2092 573 673
3 915 1422 1415
3 1415 2184 915
3 2044 2080 549
3 549 591 2044
3 2222 1626 1627
3 1627 2225 2222
3 917 2183 1419
3 1419 1421 917
3 1881 2047 2037
3 2037 418 1881
3 1093 2140 2030
3 2030 1323 1093
3 191 1821 2088
3 2088 474 191
3 287 475 2089
3 2089 1822 287
3 40 523 2085
3 2085 1802 40
3 1669 522 1803
3 1803 2086 1669
3 1485 1486 2129
3 2129 1487 1485
3 994 2077 2093
3 2093 995 994
3 954 1196 2127
3 2127 1866 954
3 957 1867 2126
3 2126 1199 957
3 2322 1945 763
3 763 2123 2322
3 2321 2124 764
3 764 1944 2321
3 2267 2145 1068
3 1068 1788 2267
3 467 1311 1589
3 1589 2103 467
3 1012 1312 2104
3 2104 1590 1012
3 977 1612 2108
3 2108 1192 977
3 1195 1527 425
3 425 2101 1195
3 1521 1522 2102
3 2102 426 1521
3 1322 1285 1976
3 1976 2075 1322
3 1132 1832 2083
3 2083 1354 1132
3 1280 2071 1962
3 1962 948 1280
3 1418 1008 1874
3 1874 2087 1418
3 1279 947 1957
3 1957 2076 1279
3 975 1190 2109
3 2109 1615 975
3 386 387 2248
3 2248 1944 386
3 92 1945 2249
3 2249 91 92
3 422 345 346
3 346 2098 422
3 421 2099 132
3 132 133 421
3 2024 1359 1358
3 1358 2175 2024
3 804 806 2084
3 2084 1896 804
3 1058 1286 2062
3 2062 2227 1058
3 1231 1097 762
3 762 2097 1231
3 453 95 96
3 96 2105 453
3 627 382 383
3 383 2106 627
3 1213 1586 492
3 492 2125 1213
3 839 837 2096
3 2096 840 839
3 65 662 2112
3 2112 1604 65
3 2226 646 1986
3 1986 2206 2226
3 2206 1436 1434
3 1434 2226 2206
3 630 2110 288
3 288 289 630
3 629 189 190
3 190 2111 629
3 1513 1785 750
3 750 1512 1513
3 1418 2087 2276
3 2276 1417 1418
3 2164 2144 2020
3 2020 1709 2164
3 1875 1930 2068
3 2068 733 1875
3 2220 2121 1405
3 1405 1407 2220
3 1199 2126 395
3 395 1594 1199
3 1933 1444 2325
3 2325 663 1933
3 1766 2120 2241
3 2241 404 1766
3 1908 894 2015
3 2015 2128 1908
3 2157 1999 2191
3 2191 1266 2157
3 1629 1630 2225
3 2225 1627 1629
3 487 1112 2229
3 2229 999 487
3 1967 2113 347
3 347 348 1967
3 1968 130 131
3 131 2114 1968
3 1612 1613 2119
3 2119 1614 1612
3 2097 2219 998
3 998 1307 2097
3 1615 1616 2122
3 2122 1160 1615
3 1099 1355 1356
3 1356 1357 1099
3 949 2175 1358
3 1358 1360 949
3 1196 1596 394
3 394 2127 1196
3 817 1457 2274
3 2274 835 817
3 245 1587 2133
3 2133 500 245
3 845 842 2115
3 2115 922 845
3 1697 1029 2311
3 2311 2090 1697
3 1166 2117 220
3 220 221 1166
3 1167 257 258
3 258 2118 1167
3 1698 2091 2312
3 2312 1030 1698
3 2167 2180 2005
3 2005 1268 2167
3 564 2181 1269
3 1269 2006 564
3 1636 2232 1640
3 1640 1637 1636
3 952 1017 2272
3 2272 953 952
3 955 956 2273
3 2273 1018 955
3 2115 2096 2004
3 2004 1487 2115
3 2326 2001 2176
3 2176 441 2326
3 763 1383 1384
3 1384 2123 763
3 764 2124 1389
3 1389 1388 764
3 425 1597 2324
3 2324 2101 425
3 2315 444 2189
3 2189 1952 2315
3 1752 1754 2218
3 2218 1753 1752
3 536 1014 2116
3 2116 1835 536
3 2160 2159 2013
3 2013 1717 2160
3 2195 2221 1641
3 1641 1640 2195
3 2186 1630 1631
3 1631 2202 2186
3 1712 1714 2178
3 2178 1717 1712
3 1777 1094 992
3 992 2169 1777
3 2174 2128 2015
3 2015 1450 2174
3 2235 1395 2266
3 2266 537 2235
3 2005 565 1432
3 1432 2190 2005
3 1453 1454 2174
3 2174 1450 1453
3 624 2016 2270
3 2270 1483 624
3 2321 1944 2248
3 2248 1144 2321
3 2322 1145 2249
3 2249 1945 2322
3 1723 1725 2204
3 2204 1728 1723
3 551 2034 2038
3 2038 593 551
3 993 1908 2128
3 2128 1182 993
3 1946 1924 2229
3 2229 1112 1946
3 1947 1113 2230
3 2230 1925 1947
3 647 1837 2315
3 2315 1989 647
3 1444 2305 1122
3 1122 1257 1444
3 1187 1431 2193
3 2193 2173 1187
3 1215 1184 2141
3 2141 1365 1215
3 1214 1366 2142
3 2142 1183 1214
3 1405 2121 2304
3 2304 1409 1405
3 360 1187 2258
3 2258 359 360
3 118 119 2257
3 2257 1186 118
3 1937 2132 177
3 177 178 1937
3 426 2102 2323
3 2323 1595 426
3 1419 1243 2154
3 2154 1421 1419
3 953 2272 1236
3 1236 1393 953
3 956 1394 1237
3 1237 2273 956
3 1013 1819 2136
3 2136 1216 1013
3 1415 1422 2155
3 2155 1247 1415
3 1917 76 77
3 77 2138 1917
3 1912 2139 41
3 41 42 1912
3 1581 2161 473
3 473 1582 1581
3 1680 2263 535
3 535 2017 1680
3 1861 2031 1110
3 1110 2296 1861
3 1862 1653 1111
3 1111 2032 1862
3 2281 1686 460
3 460 2289 2281
3 224 1953 2237
3 2237 223 224
3 254 255 2236
3 2236 1954 254
3 1970 187 188
3 188 2147 1970
3 1969 2148 290
3 290 291 1969
3 2190 1432 1186
3 1186 2179 2190
3 651 229 230
3 230 2151 651
3 637 2080 1217
3 1217 2025 637
3 1266 2191 1735
3 1735 1206 1266
3 508 1635 2243
3 2243 1636 508
3 2300 461 1685
3 1685 2290 2300
3 1624 1625 1626
3 1626 2238 1624
3 416 2152 45
3 45 46 416
3 2149 2166 1674
3 1674 427 2149
3 196 1645 2251
3 2251 195 196
3 1304 944 1960
3 1960 1293 1304
3 1302 2094 1963
3 1963 945 1302
3 115 2167 462
3 462 114 115
3 365 463 2168
3 2168 364 365
3 282 283 2252
3 2252 1646 282
3 824 1777 2169
3 2169 1776 824
3 1754 1752 2241
3 2241 2120 1754
3 1380 1984 2282
3 2282 1253 1380
3 401 2159 323
3 323 324 401
3 2006 2193 1431
3 1431 564 2006
3 1254 2197 1335
3 1335 2279 1254
3 321 322 2160
3 2160 399 321
3 2177 2185 2027
3 2027 1728 2177
3 2144 2164 401
3 401 1768 2144
3 1225 1104 1849
3 1849 2131 1225
3 1556 1557 2172
3 2172 1555 1556
3 1924 2162 831
3 831 830 1924
3 1925 827 828
3 828 2163 1925
3 2316 1767 404
3 404 2241 2316
3 249 250 2228
3 2228 650 249
3 826 1850 1105
3 1105 2134 826
3 1456 2170 68
3 68 69 1456
3 415 72 73
3 73 2165 415
3 468 504 2267
3 2267 1788 468
3 447 2154 1243
3 1243 2260 447
3 2071 2298 694
3 694 1646 2071
3 2128 2174 2029
3 2029 1182 2128
3 446 2262 1247
3 1247 2155 446
3 771 987 2150
3 2150 1860 771
3 489 438 2196
3 2196 501 489
3 2306 1758 461
3 461 2300 2306
3 2289 460 1801
3 1801 2301 2289
3 2267 2259 1603
3 1603 1593 2267
3 2167 115 116
3 116 2180 2167
3 564 362 363
3 363 2181 564
3 316 317 2177
3 2177 436 316
3 633 2185 318
3 318 319 633
3 1120 1122 2305
3 2305 1235 1120
3 2299 442 2182
3 2182 1978 2299
3 1768 1769 2264
3 2264 2144 1768
3 1760 399 2178
3 2178 2188 1760
3 1565 1564 2198
3 2198 1566 1565
3 127 128 2244
3 2244 1020 127
3 351 1019 2245
3 2245 350 351
3 2076 1645 693
3 693 2297 2076
3 2188 2192 633
3 633 1760 2188
3 313 314 2194
3 2194 435 313
3 2194 2199 2036
3 2036 1733 2194
3 2238 2246 625
3 625 1624 2238
3 2311 1211 2183
3 2183 1948 2311
3 294 1022 2239
3 2239 293 294
3 184 185 2240
3 2240 1021 184
3 2312 1949 2184
3 2184 1212 2312
3 479 2201 66
3 66 67 479
3 436 2199 315
3 315 316 436
3 1973 2052 2212
3 2212 1150 1973
3 35 36 2217
3 2217 1689 35
3 72 415 2208
3 2208 71 72
3 83 1690 2211
3 2211 82 83
3 46 47 2207
3 2207 416 46
3 1569 2166 1216
3 1216 2136 1569
3 1764 403 2223
3 2223 1765 1764
3 2310 2279 1335
3 1335 594 2310
3 175 441 2176
3 2176 174 175
3 763 93 94
3 94 2213 763
3 764 2214 384
3 384 385 764
3 1504 1705 2205
3 2205 1502 1504
3 2262 2256 1265
3 1265 1246 2262
3 145 146 2182
3 2182 442 145
3 2255 663 2325
3 2325 1443 2255
3 56 57 2235
3 2235 537 56
3 1478 2247 1634
3 1634 626 1478
3 1285 1322 2223
3 2223 1321 1285
3 671 2215 218
3 218 219 671
3 672 259 260
3 260 2216 672
3 1131 2210 459
3 459 414 1131
3 303 304 2189
3 2189 444 303
3 986 1241 2260
3 2260 1243 986
3 1010 1247 2262
3 2262 1246 1010
3 2317 632 1758
3 1758 2306 2317
3 2301 1801 631
3 631 2307 2301
3 2191 2231 1732
3 1732 1735 2191
3 1610 2038 2309
3 2309 1163 1610
3 148 149 2310
3 2310 594 148
3 1189 1288 2219
3 2219 1188 1189
3 1427 1428 2299
3 2299 1426 1427
3 691 1870 2187
3 2187 825 691
3 795 1106 2186
3 2186 1858 795
3 38 1963 2217
3 2217 37 38
3 2145 2267 1593
3 1593 1235 2145
3 998 1058 2227
3 2227 1307 998
3 634 2314 1745
3 1745 1931 634
3 1892 1208 2158
3 2158 1921 1892
3 414 24 2287
3 2287 1131 414
3 1652 2268 1492
3 1492 513 1652
3 1650 514 1491
3 1491 2269 1650
3 797 1859 2195
3 2195 1107 797
3 980 1117 2222
3 2222 936 980
3 1749 1910 2316
3 2316 1751 1749
3 2316 2241 1752
3 1752 1751 2316
3 1381 1382 2292
3 2292 1380 1381
3 981 937 2224
3 2224 1118 981
3 179 180 2212
3 2212 445 179
3 2267 504 2035
3 2035 2259 2267
3 687 826 2200
3 2200 1871 687
3 663 2255 328
3 328 329 663
3 299 448 2220
3 2220 298 299
3 2094 2302 679
3 679 1689 2094
3 1403 1410 2308
3 2308 1411 1403
3 221 222 2237
3 2237 1166 221
3 257 1167 2236
3 2236 256 257
3 1284 2250 163
3 163 164 1284
3 1643 1641 2221
3 2221 2200 1643
3 1015 1495 2263
3 2263 1494 1015
3 1633 2187 2202
3 2202 1631 1633
3 1097 1231 2242
3 2242 1213 1097
3 1252 1253 2282
3 2282 1251 1252
3 83 678 2303
3 2303 1690 83
3 1435 2209 2226
3 2226 1434 1435
3 337 338 2233
3 2233 447 337
3 8 140 446
3 446 2234 8
3 1511 1512 2313
3 2313 1514 1511
3 1561 1961 2208
3 2208 415 1561
3 447 2261 336
3 336 337 447
3 278 1649 2294
3 2294 2296 278
3 2130 443 1836
3 1836 2209 2130
3 760 1275 2278
3 2278 1143 760
3 200 1653 2295
3 2295 1651 200
3 765 2202 2187
3 2187 1870 765
3 541 1927 2320
3 2320 1408 541
3 1374 1166 2237
3 2237 1953 1374
3 1373 1954 2236
3 2236 1167 1373
3 1552 416 2207
3 2207 1958 1552
3 674 793 2292
3 2292 2092 674
3 476 2135 1210
3 1210 1971 476
3 2307 631 1848
3 1848 2318 2307
3 30 632 2317
3 2317 1804 30
3 2289 2301 1245
3 1245 1289 2289
3 1062 2277 1742
3 1742 1780 1062
3 2281 2289 1289
3 1289 1291 2281
3 2300 2290 1296
3 1296 1294 2300
3 1444 1257 1443
3 1443 2325 1444
3 158 1767 2316
3 2316 634 158
3 766 1871 2200
3 2200 2221 766
3 1989 2308 2065
3 2065 647 1989
3 1294 1244 2306
3 2306 2300 1294
3 824 1776 2271
3 2271 941 824
3 916 1948 2183
3 2183 917 916
3 914 915 2184
3 2184 1949 914
3 1857 1928 2266
3 2266 1395 1857
3 646 2226 2209
3 2209 1836 646
3 29 1144 2248
3 2248 28 29
3 89 90 2249
3 2249 1145 89
3 1389 2317 2306
3 2306 1546 1389
3 1384 1547 2307
3 2307 2318 1384
3 1965 2197 1964
3 1964 933 1965
3 957 1199 2323
3 2323 1197 957
3 954 1194 2324
3 2324 1196 954
3 1301 150 151
3 151 1966 1301
3 1072 1546 2306
3 2306 1244 1072
3 2301 2307 1547
3 1547 1245 2301
3 1530 724 2275
3 2275 1705 1530
3 830 1248 2229
3 2229 1924 830
3 827 1925 2230
3 2230 1249 827
3 1140 1271 2309
3 2309 1272 1140
3 1406 1408 2320
3 2320 1407 1406
3 1033 2291 968
3 968 966 1033
3 1032 959 961
3 961 2293 1032
3 750 1791 2313
3 2313 1512 750
3 1543 2288 2319
3 2319 1906 1543
3 443 2287 24
3 24 332 443
3 1257 1258 2283
3 2283 1443 1257
3 2309 1271 1330
3 1330 1163 2309
3 916 1255 2311
3 2311 1948 916
3 914 1949 2312
3 2312 1256 914
3 1888 1993 2153
3 2153 920 1888
3 2179 1186 2257
3 2257 1955 2179
3 2173 1956 2258
3 2258 1187 2173
3 1889 921 2156
3 2156 1992 1889
3 1904 1958 2207
3 2207 1142 1904
3 2076 1957 2251
3 2251 1645 2076
3 1905 1141 2208
3 2208 1961 1905
3 2314 634 2316
3 2316 1910 2314
3 2071 1646 2252
3 2252 1962 2071
3 2070 2030 2140
3 2140 1204 2070
3 1845 1234 2276
3 2276 1909 1845
3 1410 2304 448
3 448 1839 1410
3 1938 1335 2197
3 2197 1965 1938
3 412 1151 2320
3 2320 1927 412
3 303 444 2315
3 2315 1837 303
3 2014 2266 1928
3 1928 1270 2014
3 2119 1020 2244
3 2244 1968 2119
3 2122 1967 2245
3 2245 1019 2122
3 1988 1969 2239
3 2239 1022 1988
3 1987 1021 2240
3 2240 1970 1987
3 1418 650 2228
3 2228 2083 1418
3 1892 1921 2270
3 2270 1180 1892
3 2317 2321 1144
3 1144 1804 2317
3 2318 1848 1145
3 1145 2322 2318
3 81 2211 1690
3 1690 1960 81
3 175 1838 2326
3 2326 441 175
3 2094 1689 2217
3 2217 1963 2094
3 1898 835 2274
3 2274 2019 1898
3 193 194 2251
3 2251 1957 193
3 121 1955 2257
3 2257 120 121
3 357 358 2258
3 2258 1956 357
3 291 292 2239
3 2239 1969 291
3 187 1970 2240
3 2240 186 187
3 130 1968 2244
3 2244 129 130
3 348 349 2245
3 2245 1967 348
3 285 1962 2252
3 2252 284 285
3 1974 1236 2272
3 2272 2063 1974
3 1975 2064 2273
3 2273 1237 1975
3 1733 2231 435
3 435 2194 1733
3 1996 1753 2218
3 2218 2100 1996
3 1647 1265 2256
3 2256 2286 1647
3 995 2093 2140
3 2140 1093 995
3 1034 1180 2270
3 2270 2016 1034
3 1487 2129 922
3 922 2115 1487
3 2280 445 2212
3 2212 2052 2280
3 311 2157 2149
3 2149 427 311
3 1800 1256 2312
3 2312 2091 1800
3 1798 2090 2311
3 2311 1255 1798
3 263 264 2253
3 2253 2024 263
3 215 2023 2254
3 2254 214 215
3 1425 2019 2274
3 2274 1427 1425
3 2227 2062 2242
3 2242 1231 2227
3 1205 2149 2157
3 2157 1266 1205
3 863 2100 2218
3 2218 890 863
3 1769 400 2283
3 2283 2264 1769
3 1717 2178 399
3 399 2160 1717
3 1839 2065 2308
3 2308 1410 1839
3 1482 2063 2272
3 2272 1017 1482
3 1479 1018 2273
3 2273 2064 1479
3 1973 1346 2280
3 2280 2052 1973
3 2232 1636 2243
3 2243 2224 2232
3 1198 1197 2323
3 2323 2102 1198
3 1195 2101 2324
3 2324 1194 1195
3 1417 2276 1234
3 1234 2107 1417
3 1728 2204 436
3 436 2177 1728
3 1941 2092 2292
3 2292 1382 1941
3 447 2233 1162
3 1162 2154 447
3 446 2155 1161
3 1161 2234 446
3 1630 2186 1106
3 1106 2225 1630
3 1280 1250 2298
3 2298 2071 1280
3 1279 2076 2297
3 2297 2265 1279
3 1640 2232 1107
3 1107 2195 1640
3 442 2299 1428
3 1428 2069 442
3 1302 1298 2302
3 2302 2094 1302
3 2318 2322 2123
3 2123 1384 2318
3 2317 1389 2124
3 2124 2321 2317
3 1296 2290 2302
3 2302 1298 1296
3 1291 1293 2303
3 2303 2281 1291
3 1685 679 2302
3 2302 2290 1685
3 1686 2281 2303
3 2303 678 1686
3 1626 2222 1117
3 1117 2238 1626
3 2220 448 2304
3 2304 2121 2220
3 212 213 2254
3 2254 2284 212
3 266 2285 2253
3 2253 265 266
3 2247 1118 2224
3 2224 2243 2247
3 443 2130 1131
3 1131 2287 443
3 1235 2305 1444
3 1444 2145 1235
3 1492 2265 2297
3 2297 693 1492
3 1491 694 2298
3 2298 1250 1491
